Workbook

Sheet DPRD PROVINSI
C8: Kecamatan | D8: TEGALSARI
C9: Kabupaten | D9: BANYUWANGI
C10: Provinsi | D10: JAWA TIMUR
A12: I | B12: DATA PEMILIH DAN PENGGUNAAN HAK PILIH | E12: JUMLAH AKHIR
A13: A | B13: DATA PEMILIH
B14: Jumlah Pemilih dalam Daftar Pemilih Tetap (DPT) | D14: LK | E14: =DASRI!AA14+KARANGDORO!AV14+KARANGMULYO!W14+TAMANSARI!AA14+TEGALREJO!AB14+TEGALSARI!AU14 -> 21381
D15: PR | E15: =DASRI!AA15+KARANGDORO!AV15+KARANGMULYO!W15+TAMANSARI!AA15+TEGALREJO!AB15+TEGALSARI!AU15 -> 21258
D16: JML | E16: =SUM(E14:E15) -> 42639
A18: B | B18: PENGGUNA HAK PILIH
B19: 1. | C19: Jumlah pengguna hak pilih dalam Daftar Pemilih Tetap (DPT) | D19: LK | E19: =DASRI!AA19+KARANGDORO!AV19+KARANGMULYO!W19+TAMANSARI!AA19+TEGALREJO!AB19+TEGALSARI!AU19 -> 14890
D20: PR | E20: =DASRI!AA20+KARANGDORO!AV20+KARANGMULYO!W20+TAMANSARI!AA20+TEGALREJO!AB20+TEGALSARI!AU20 -> 15697
D21: JML | E21: =SUM(E19:E20) -> 30587
B22: 2. | C22: Jumlah pengguna hak pilih dalam Daftar Pemilih Tambahan (DPTb) | D22: LK | E22: =DASRI!AA22+KARANGDORO!AV22+KARANGMULYO!W22+TAMANSARI!AA22+TEGALREJO!AB22+TEGALSARI!AU22 -> 24
D23: PR | E23: =DASRI!AA23+KARANGDORO!AV23+KARANGMULYO!W23+TAMANSARI!AA23+TEGALREJO!AB23+TEGALSARI!AU23 -> 33
D24: JML | E24: =SUM(E22:E23) -> 57
B25: 3. | C25: Jumlah pengguna hak pilih dalam Daftar Pemilih Khusus (DPK) | D25: LK | E25: =DASRI!AA25+KARANGDORO!AV25+KARANGMULYO!W25+TAMANSARI!AA25+TEGALREJO!AB25+TEGALSARI!AU25 -> 224
D26: PR | E26: =DASRI!AA26+KARANGDORO!AV26+KARANGMULYO!W26+TAMANSARI!AA26+TEGALREJO!AB26+TEGALSARI!AU26 -> 266
D27: JML | E27: =SUM(E25:E26) -> 490
B28: 4. | C28: Jumlah Pengguna Hak Pilih (B.1+B.2+B.3) | D28: LK | E28: =E19+E22+E25 -> 15138
D29: PR | E29: =E20+E23+E26 -> 15996
D30: JML | E30: =SUM(E28:E29) -> 31134
A32: II | B32: DATA PENGGUNAAN SURAT SUARA
A33: 1 | B33: Jumlah surat suara yang diterima, termasuk surat suara cadangan 2,5% dari DPT | E33: =DASRI!AA33+KARANGDORO!AV33+KARANGMULYO!W33+TAMANSARI!AA33+TEGALREJO!AB33+TEGALSARI!AU33 -> 43597
A34: 2 | B34: Jumlah surat suara yang digunakan | E34: =DASRI!AA34+KARANGDORO!AV34+KARANGMULYO!W34+TAMANSARI!AA34+TEGALREJO!AB34+TEGALSARI!AU34 -> 31134
A35: 3 | B35: Jumlah surat suara dikembalikan oleh pemilih (karena rusak atau keliru coblos) | E35: =DASRI!AA35+KARANGDORO!AV35+KARANGMULYO!W35+TAMANSARI!AA35+TEGALREJO!AB35+TEGALSARI!AU35 -> 61
A36: 4 | B36: Jumlah surat suara yang tidak digunakan/tidak terpakai, termasuk sisa surat suara cadangan | E36: =E33-(E34+E35) -> 12402
A38: III | B38: DATA PEMILIH DISABILITAS
B39: Jumlah seluruh Pemilih disabilitas yang menggunakan hak pilih | D39: LK | E39: =DASRI!AA39+KARANGDORO!AV39+KARANGMULYO!W39+TAMANSARI!AA39+TEGALREJO!AB39+TEGALSARI!AU39 -> 17
D40: PR | E40: =DASRI!AA40+KARANGDORO!AV40+KARANGMULYO!W40+TAMANSARI!AA40+TEGALREJO!AB40+TEGALSARI!AU40 -> 17
D41: JML | E41: =SUM(E39:E40) -> 34
A43: IV | B43: DATA RINCIAN PEROLEHAN SUARA PASANGAN CALON BUPATI DAN WAKIL BUPATI
A44: NOMOR DAN NAMA CALON
A45: A.1 | B45: 1. | C45: Partai Kebangkitan Bangsa | E45: =DASRI!AA45+KARANGDORO!AV45+KARANGMULYO!W45+TAMANSARI!AA45+TEGALREJO!AB45+TEGALSARI!AU45 -> 1114
A46: A.2 | C46: 1. Dra. Hj. MA`MULAH HARUN, M.Pd.I. | E46: =DASRI!AA46+KARANGDORO!AV46+KARANGMULYO!W46+TAMANSARI!AA46+TEGALREJO!AB46+TEGALSARI!AU46 -> 2645
C47: 2. UBAIDILLAH, S.Fil.I. | E47: =DASRI!AA47+KARANGDORO!AV47+KARANGMULYO!W47+TAMANSARI!AA47+TEGALREJO!AB47+TEGALSARI!AU47 -> 1251
C48: 3. Ir. H. YOYOK MULYADI, M.Si. | E48: =DASRI!AA48+KARANGDORO!AV48+KARANGMULYO!W48+TAMANSARI!AA48+TEGALREJO!AB48+TEGALSARI!AU48 -> 110
C49: 4. KHOIRUL ANWAR, S.Fil.I. | E49: =DASRI!AA49+KARANGDORO!AV49+KARANGMULYO!W49+TAMANSARI!AA49+TEGALREJO!AB49+TEGALSARI!AU49 -> 183
C50: 5. ARIF WIJAKSANA | E50: =DASRI!AA50+KARANGDORO!AV50+KARANGMULYO!W50+TAMANSARI!AA50+TEGALREJO!AB50+TEGALSARI!AU50 -> 225
C51: 6. Dr. SITI YUMNAH | E51: =DASRI!AA51+KARANGDORO!AV51+KARANGMULYO!W51+TAMANSARI!AA51+TEGALREJO!AB51+TEGALSARI!AU51 -> 136
C52: 7. MOHAMMAD ZAINI, M.Pd.I. | E52: =DASRI!AA52+KARANGDORO!AV52+KARANGMULYO!W52+TAMANSARI!AA52+TEGALREJO!AB52+TEGALSARI!AU52 -> 71
C53: 8. FAWAIDUL MAKKIYAH | E53: =DASRI!AA53+KARANGDORO!AV53+KARANGMULYO!W53+TAMANSARI!AA53+TEGALREJO!AB53+TEGALSARI!AU53 -> 32
C54: 9. IFFAH HIDAYATUR ROHMAH, S.Sos. | E54: =DASRI!AA54+KARANGDORO!AV54+KARANGMULYO!W54+TAMANSARI!AA54+TEGALREJO!AB54+TEGALSARI!AU54 -> 96
A55: B | B55: JUMLAH SUARA SAH PARTAI POLITIK DAN CALON (A1 + A2) | E55: =SUM(E45:E54) -> 5863
A57: A.1 | B57: 2. | C57: Partai Gerakan Indonesia Raya | E57: =DASRI!AA57+KARANGDORO!AV57+KARANGMULYO!W57+TAMANSARI!AA57+TEGALREJO!AB57+TEGALSARI!AU57 -> 1252
A58: A.2 | C58: 1. AHMAD HADINUDDIN, S.Pd.I. | E58: =DASRI!AA58+KARANGDORO!AV58+KARANGMULYO!W58+TAMANSARI!AA58+TEGALREJO!AB58+TEGALSARI!AU58 -> 2390
C59: 2. BIMA RAFSANJANI RAFID | E59: =DASRI!AA59+KARANGDORO!AV59+KARANGMULYO!W59+TAMANSARI!AA59+TEGALREJO!AB59+TEGALSARI!AU59 -> 2406
C60: 3. IRA DAMAYANTI | E60: =DASRI!AA60+KARANGDORO!AV60+KARANGMULYO!W60+TAMANSARI!AA60+TEGALREJO!AB60+TEGALSARI!AU60 -> 238
C61: 4. MAULANA MALIK IBRAHIM, S.H. | E61: =DASRI!AA61+KARANGDORO!AV61+KARANGMULYO!W61+TAMANSARI!AA61+TEGALREJO!AB61+TEGALSARI!AU61 -> 1066
C62: 5. LULUK ALFIATI | E62: =DASRI!AA62+KARANGDORO!AV62+KARANGMULYO!W62+TAMANSARI!AA62+TEGALREJO!AB62+TEGALSARI!AU62 -> 157
C63: 6. ILHAM WAHYUDI, S.H. | E63: =DASRI!AA63+KARANGDORO!AV63+KARANGMULYO!W63+TAMANSARI!AA63+TEGALREJO!AB63+TEGALSARI!AU63 -> 74
C64: 7. HAERUL ANWAR, S.Pd.I. | E64: =DASRI!AA64+KARANGDORO!AV64+KARANGMULYO!W64+TAMANSARI!AA64+TEGALREJO!AB64+TEGALSARI!AU64 -> 26
C65: 8. YOVI ADHITYA WARDANI | E65: =DASRI!AA65+KARANGDORO!AV65+KARANGMULYO!W65+TAMANSARI!AA65+TEGALREJO!AB65+TEGALSARI!AU65 -> 31
C66: 9. RITA AMELIA | E66: =DASRI!AA66+KARANGDORO!AV66+KARANGMULYO!W66+TAMANSARI!AA66+TEGALREJO!AB66+TEGALSARI!AU66 -> 72
A67: B | B67: JUMLAH SUARA SAH PARTAI POLITIK DAN CALON (A1 + A2) | E67: =SUM(E57:E66) -> 7712
A69: A.1 | B69: 3. | C69: Partai Demokrasi Indonesia Perjuangan | E69: =DASRI!AA69+KARANGDORO!AV69+KARANGMULYO!W69+TAMANSARI!AA69+TEGALREJO!AB69+TEGALSARI!AU69 -> 1716
A70: A.2 | C70: 1. MARTIN H., S.H., M.H. | E70: =DASRI!AA70+KARANGDORO!AV70+KARANGMULYO!W70+TAMANSARI!AA70+TEGALREJO!AB70+TEGALSARI!AU70 -> 1131
C71: 2. HERMANTO, S.E. | E71: =DASRI!AA71+KARANGDORO!AV71+KARANGMULYO!W71+TAMANSARI!AA71+TEGALREJO!AB71+TEGALSARI!AU71 -> 804
C72: 3. EVY SUSILAWATI, S.E., M.M. | E72: =DASRI!AA72+KARANGDORO!AV72+KARANGMULYO!W72+TAMANSARI!AA72+TEGALREJO!AB72+TEGALSARI!AU72 -> 666
C73: 4. M. SIROTTUDIN | E73: =DASRI!AA73+KARANGDORO!AV73+KARANGMULYO!W73+TAMANSARI!AA73+TEGALREJO!AB73+TEGALSARI!AU73 -> 748
C74: 5. ABDUL HAFID, S.H. | E74: =DASRI!AA74+KARANGDORO!AV74+KARANGMULYO!W74+TAMANSARI!AA74+TEGALREJO!AB74+TEGALSARI!AU74 -> 262
C75: 6. NIKITA FORTUNA SURYANINGATI, A.Md.Keb. | E75: =DASRI!AA75+KARANGDORO!AV75+KARANGMULYO!W75+TAMANSARI!AA75+TEGALREJO!AB75+TEGALSARI!AU75 -> 156
C76: 7. YUDHO ILHAM WIJAYA, S.E. | E76: =DASRI!AA76+KARANGDORO!AV76+KARANGMULYO!W76+TAMANSARI!AA76+TEGALREJO!AB76+TEGALSARI!AU76 -> 83
C77: 8. SETIAWATI, S.H. | E77: =DASRI!AA77+KARANGDORO!AV77+KARANGMULYO!W77+TAMANSARI!AA77+TEGALREJO!AB77+TEGALSARI!AU77 -> 87
C78: 9. EKO BUDI SANTOSO, S.H. | E78: =DASRI!AA78+KARANGDORO!AV78+KARANGMULYO!W78+TAMANSARI!AA78+TEGALREJO!AB78+TEGALSARI!AU78 -> 100
A79: B | B79: JUMLAH SUARA SAH PARTAI POLITIK DAN CALON (A1 + A2) | E79: =SUM(E69:E78) -> 5753
A81: A.1 | B81: 4. | C81: Partai Golongan Karya | E81: =DASRI!AA81+KARANGDORO!AV81+KARANGMULYO!W81+TAMANSARI!AA81+TEGALREJO!AB81+TEGALSARI!AU81 -> 535
A82: A.2 | C82: 1. PRANAYA YUDHA MAHARDHIKA | E82: =DASRI!AA82+KARANGDORO!AV82+KARANGMULYO!W82+TAMANSARI!AA82+TEGALREJO!AB82+TEGALSARI!AU82 -> 1060
C83: 2. Dra. Ec. ENDANG SULASTUTY, M.I.P. | E83: =DASRI!AA83+KARANGDORO!AV83+KARANGMULYO!W83+TAMANSARI!AA83+TEGALREJO!AB83+TEGALSARI!AU83 -> 111
C84: 3. AGUS REJEKI WARTONO | E84: =DASRI!AA84+KARANGDORO!AV84+KARANGMULYO!W84+TAMANSARI!AA84+TEGALREJO!AB84+TEGALSARI!AU84 -> 97
C85: 4. Hj. TUTUK ASMA'A ZUCHROH, S.T., M.T. | E85: =DASRI!AA85+KARANGDORO!AV85+KARANGMULYO!W85+TAMANSARI!AA85+TEGALREJO!AB85+TEGALSARI!AU85 -> 158
C86: 5. ADE M. RIZKI, S.E. | E86: =DASRI!AA86+KARANGDORO!AV86+KARANGMULYO!W86+TAMANSARI!AA86+TEGALREJO!AB86+TEGALSARI!AU86 -> 313
C87: 6. ABDURAKHMAN, Bc.Kn. | E87: =DASRI!AA87+KARANGDORO!AV87+KARANGMULYO!W87+TAMANSARI!AA87+TEGALREJO!AB87+TEGALSARI!AU87 -> 27
C88: 7. CENDY RHIYAN ADI PUTRI | E88: =DASRI!AA88+KARANGDORO!AV88+KARANGMULYO!W88+TAMANSARI!AA88+TEGALREJO!AB88+TEGALSARI!AU88 -> 8
C89: 8. BAKTI WIJAYANTO, S.E. | E89: =DASRI!AA89+KARANGDORO!AV89+KARANGMULYO!W89+TAMANSARI!AA89+TEGALREJO!AB89+TEGALSARI!AU89 -> 14
C90: 9. AHMAD UBAIDILLAH | E90: =DASRI!AA90+KARANGDORO!AV90+KARANGMULYO!W90+TAMANSARI!AA90+TEGALREJO!AB90+TEGALSARI!AU90 -> 35
A91: B | B91: JUMLAH SUARA SAH PARTAI POLITIK DAN CALON (A1 + A2) | E91: =SUM(E81:E90) -> 2358
A93: A.1 | B93: 5. | C93: Partai NasDem | E93: =DASRI!AA93+KARANGDORO!AV93+KARANGMULYO!W93+TAMANSARI!AA93+TEGALREJO!AB93+TEGALSARI!AU93 -> 267
A94: A.2 | C94: 1. ALI MUSTOFA, A.Md. | E94: =DASRI!AA94+KARANGDORO!AV94+KARANGMULYO!W94+TAMANSARI!AA94+TEGALREJO!AB94+TEGALSARI!AU94 -> 535
C95: 2. Hj. BUAMI, S.H. | E95: =DASRI!AA95+KARANGDORO!AV95+KARANGMULYO!W95+TAMANSARI!AA95+TEGALREJO!AB95+TEGALSARI!AU95 -> 44
C96: 3. SUGIONO, S.H. | E96: =DASRI!AA96+KARANGDORO!AV96+KARANGMULYO!W96+TAMANSARI!AA96+TEGALREJO!AB96+TEGALSARI!AU96 -> 16
C97: 4. LULUK SUNARMIATININGSIH | E97: =DASRI!AA97+KARANGDORO!AV97+KARANGMULYO!W97+TAMANSARI!AA97+TEGALREJO!AB97+TEGALSARI!AU97 -> 30
C98: 5. ANTON DJULIANTO ADI | E98: =DASRI!AA98+KARANGDORO!AV98+KARANGMULYO!W98+TAMANSARI!AA98+TEGALREJO!AB98+TEGALSARI!AU98 -> 22
C99: 6. MOKHAMAD ROFI'I KHUSNAN | E99: =DASRI!AA99+KARANGDORO!AV99+KARANGMULYO!W99+TAMANSARI!AA99+TEGALREJO!AB99+TEGALSARI!AU99 -> 17
C100: 7. Rr SETYO WATI | E100: =DASRI!AA100+KARANGDORO!AV100+KARANGMULYO!W100+TAMANSARI!AA100+TEGALREJO!AB100+TEGALSARI!AU100 -> 5
C101: 8. ABD. KADIR ASSEGAFF | E101: =DASRI!AA101+KARANGDORO!AV101+KARANGMULYO!W101+TAMANSARI!AA101+TEGALREJO!AB101+TEGALSARI!AU101 -> 7
C102: 9. FATHOR ZAINULLAH | E102: =DASRI!AA102+KARANGDORO!AV102+KARANGMULYO!W102+TAMANSARI!AA102+TEGALREJO!AB102+TEGALSARI!AU102 -> 8
A103: B | B103: JUMLAH SUARA SAH PARTAI POLITIK DAN CALON (A1 + A2) | E103: =SUM(E93:E102) -> 951
A105: A.1 | B105: 6. | C105: Partai Buruh | E105: =DASRI!AA105+KARANGDORO!AV105+KARANGMULYO!W105+TAMANSARI!AA105+TEGALREJO!AB105+TEGALSARI!AU105 -> 148
A106: A.2 | C106: 1. AGUS SUPRIYADI | E106: =DASRI!AA106+KARANGDORO!AV106+KARANGMULYO!W106+TAMANSARI!AA106+TEGALREJO!AB106+TEGALSARI!AU106 -> 44
C107: 2. ENI HARIATI | E107: =DASRI!AA107+KARANGDORO!AV107+KARANGMULYO!W107+TAMANSARI!AA107+TEGALREJO!AB107+TEGALSARI!AU107 -> 26
A115: B | B115: JUMLAH SUARA SAH PARTAI POLITIK DAN CALON (A1 + A2) | E115: =SUM(E105:E114) -> 218
A117: A.1 | B117: 7. | C117: Partai Gelombang Rakyat Indonesia | E117: =DASRI!AA117+KARANGDORO!AV117+KARANGMULYO!W117+TAMANSARI!AA117+TEGALREJO!AB117+TEGALSARI!AU117 -> 111
A118: A.2 | C118: 1. MIRZA MUHROSNI AROMA | E118: =DASRI!AA118+KARANGDORO!AV118+KARANGMULYO!W118+TAMANSARI!AA118+TEGALREJO!AB118+TEGALSARI!AU118 -> 47
C119: 2. ACHMAD BAGUS SUGIARTO | E119: =DASRI!AA119+KARANGDORO!AV119+KARANGMULYO!W119+TAMANSARI!AA119+TEGALREJO!AB119+TEGALSARI!AU119 -> 15
C120: 3. ELOK FITRIYA NINGSIH | E120: =DASRI!AA120+KARANGDORO!AV120+KARANGMULYO!W120+TAMANSARI!AA120+TEGALREJO!AB120+TEGALSARI!AU120 -> 16
C121: 4. MADI | E121: =DASRI!AA121+KARANGDORO!AV121+KARANGMULYO!W121+TAMANSARI!AA121+TEGALREJO!AB121+TEGALSARI!AU121 -> 12
C122: 5. LUKY PERMANASARI | E122: =DASRI!AA122+KARANGDORO!AV122+KARANGMULYO!W122+TAMANSARI!AA122+TEGALREJO!AB122+TEGALSARI!AU122 -> 9
A127: B | B127: JUMLAH SUARA SAH PARTAI POLITIK DAN CALON (A1 + A2) | E127: =SUM(E117:E126) -> 210
A129: A.1 | B129: 8. | C129: Partai Keadilan Sejahtera | E129: =DASRI!AA129+KARANGDORO!AV129+KARANGMULYO!W129+TAMANSARI!AA129+TEGALREJO!AB129+TEGALSARI!AU129 -> 74
A130: A.2 | C130: 1. H. IRWAN SETIAWAN | E130: =DASRI!AA130+KARANGDORO!AV130+KARANGMULYO!W130+TAMANSARI!AA130+TEGALREJO!AB130+TEGALSARI!AU130 -> 139
...

Sheet DASRI
C2: Kecamatan | D2: TEGALSARI
C3: Kabupaten | D3: BANYUWANGI
C4: Provinsi | D4: JAWA TIMUR
C9: Kelurahan | D9: DASRI
A12: I | B12: DATA PEMILIH DAN PENGGUNAAN HAK PILIH | AA12: JUMLAH AKHIR
A13: A | B13: DATA PEMILIH | E13: TPS 001 | F13: TPS 002 | G13: TPS 003 | H13: TPS 004 | I13: TPS 005 | J13: TPS 006 | K13: TPS 007 | L13: TPS 008 | M13: TPS 009 | N13: TPS 010 | O13: TPS 011 | P13: TPS 012 | Q13: TPS 013 | R13: TPS 014 | S13: TPS 015 | T13: TPS 016 | U13: TPS 017 | V13: TPS 018 | W13: TPS 019 | X13: TPS 020 | Y13: TPS 021 | Z13: TPS 022
B14: Jumlah Pemilih dalam Daftar Pemilih Tetap (DPT) | D14: LK | E14: 128 | F14: 110 | G14: 133 | H14: 138 | I14: 130 | J14: 102 | K14: 122 | L14: 149 | M14: 146 | N14: 155 | O14: 163 | P14: 131 | Q14: 123 | R14: 136 | S14: 137 | T14: 119 | U14: 117 | V14: 124 | W14: 135 | X14: 121 | Y14: 129 | Z14: 148 | AA14: =SUM(E14:Z14) -> 2896
D15: PR | E15: 117 | F15: 123 | G15: 120 | H15: 135 | I15: 136 | J15: 105 | K15: 127 | L15: 145 | M15: 152 | N15: 144 | O15: 137 | P15: 119 | Q15: 122 | R15: 140 | S15: 113 | T15: 124 | U15: 110 | V15: 127 | W15: 132 | X15: 130 | Y15: 113 | Z15: 131 | AA15: =SUM(E15:Z15) -> 2802
D16: JML | E16: =SUM(E14:E15) -> 245 | F16: =SUM(F14:F15) -> 233 | G16: =SUM(G14:G15) -> 253 | H16: =SUM(H14:H15) -> 273 | I16: =SUM(I14:I15) -> 266 | J16: =SUM(J14:J15) -> 207 | K16: =SUM(K14:K15) -> 249 | L16: =SUM(L14:L15) -> 294 | ... Z16: =SUM(Z14:Z15) -> 279 | AA16: =SUM(E16:Z16) -> 5698
A18: B | B18: PENGGUNA HAK PILIH
B19: 1. | C19: Jumlah pengguna hak pilih dalam Daftar Pemilih Tetap (DPT) | D19: LK | E19: 97 | F19: 85 | G19: 92 | H19: 99 | I19: 94 | J19: 73 | K19: 88 | L19: 104 | M19: 101 | N19: 109 | O19: 114 | P19: 86 | Q19: 79 | R19: 109 | S19: 77 | T19: 87 | U19: 81 | V19: 95 | W19: 96 | X19: 81 | Y19: 85 | Z19: 108 | AA19: =SUM(E19:Z19) -> 2040
D20: PR | E20: 89 | F20: 89 | G20: 88 | H20: 109 | I20: 98 | J20: 78 | K20: 98 | L20: 108 | M20: 109 | N20: 109 | O20: 110 | P20: 77 | Q20: 86 | R20: 104 | S20: 74 | T20: 84 | U20: 81 | V20: 92 | W20: 92 | X20: 105 | Y20: 80 | Z20: 104 | AA20: =SUM(E20:Z20) -> 2064
D21: JML | E21: =SUM(E19:E20) -> 186 | F21: =SUM(F19:F20) -> 174 | G21: =SUM(G19:G20) -> 180 | H21: =SUM(H19:H20) -> 208 | I21: =SUM(I19:I20) -> 192 | J21: =SUM(J19:J20) -> 151 | K21: =SUM(K19:K20) -> 186 | L21: =SUM(L19:L20) -> 212 | ... Z21: =SUM(Z19:Z20) -> 212 | AA21: =SUM(E21:Z21) -> 4104
B22: 2. | C22: Jumlah pengguna hak pilih dalam Daftar Pemilih Tambahan (DPTb) | D22: LK | E22: 0 | F22: 0 | G22: 0 | H22: 0 | I22: 1 | J22: 0 | K22: 0 | L22: 0 | M22: 0 | N22: 0 | O22: 0 | P22: 1 | Q22: 0 | R22: 0 | S22: 0 | T22: 0 | U22: 0 | V22: 0 | W22: 0 | X22: 0 | Y22: 0 | Z22: 0 | AA22: =SUM(E22:Z22) -> 2
D23: PR | E23: 0 | F23: 0 | G23: 0 | H23: 0 | I23: 0 | J23: 0 | K23: 0 | L23: 0 | M23: 0 | N23: 0 | O23: 0 | P23: 0 | Q23: 0 | R23: 0 | S23: 0 | T23: 0 | U23: 0 | V23: 0 | W23: 0 | X23: 0 | Y23: 0 | Z23: 0 | AA23: =SUM(E23:Z23) -> 0
D24: JML | E24: =SUM(E22:E23) -> 0 | F24: =SUM(F22:F23) -> 0 | G24: =SUM(G22:G23) -> 0 | H24: =SUM(H22:H23) -> 0 | I24: =SUM(I22:I23) -> 1 | J24: =SUM(J22:J23) -> 0 | K24: =SUM(K22:K23) -> 0 | L24: =SUM(L22:L23) -> 0 | ... Z24: =SUM(Z22:Z23) -> 0 | AA24: =SUM(E24:Z24) -> 2
B25: 3. | C25: Jumlah pengguna hak pilih dalam Daftar Pemilih Khusus (DPK) | D25: LK | E25: 1 | F25: 2 | G25: 0 | H25: 1 | I25: 2 | J25: 5 | K25: 4 | L25: 0 | M25: 1 | N25: 2 | O25: 0 | P25: 0 | Q25: 2 | R25: 2 | S25: 1 | T25: 3 | U25: 2 | V25: 4 | W25: 1 | X25: 2 | Y25: 0 | Z25: 2 | AA25: =SUM(E25:Z25) -> 37
D26: PR | E26: 2 | F26: 1 | G26: 4 | H26: 0 | I26: 4 | J26: 5 | K26: 1 | L26: 1 | M26: 2 | N26: 3 | O26: 1 | P26: 1 | Q26: 1 | R26: 2 | S26: 4 | T26: 4 | U26: 3 | V26: 3 | W26: 2 | X26: 0 | Y26: 1 | Z26: 0 | AA26: =SUM(E26:Z26) -> 45
D27: JML | E27: =SUM(E25:E26) -> 3 | F27: =SUM(F25:F26) -> 3 | G27: =SUM(G25:G26) -> 4 | H27: =SUM(H25:H26) -> 1 | I27: =SUM(I25:I26) -> 6 | J27: =SUM(J25:J26) -> 10 | K27: =SUM(K25:K26) -> 5 | L27: =SUM(L25:L26) -> 1 | ... Z27: =SUM(Z25:Z26) -> 2 | AA27: =SUM(E27:Z27) -> 82
B28: 4. | C28: Jumlah Pengguna Hak Pilih (B.1+B.2+B.3) | D28: LK | E28: =SUM(E19,E22,E25) -> 98 | F28: =SUM(F19,F22,F25) -> 87 | G28: =SUM(G19,G22,G25) -> 92 | H28: =SUM(H19,H22,H25) -> 100 | I28: =SUM(I19,I22,I25) -> 97 | J28: =SUM(J19,J22,J25) -> 78 | K28: =SUM(K19,K22,K25) -> 92 | L28: =SUM(L19,L22,L25) -> 104 | ... Z28: =SUM(Z19,Z22,Z25) -> 110 | AA28: =SUM(E28:Z28) -> 2079
D29: PR | E29: =SUM(E20,E23,E26) -> 91 | F29: =SUM(F20,F23,F26) -> 90 | G29: =SUM(G20,G23,G26) -> 92 | H29: =SUM(H20,H23,H26) -> 109 | I29: =SUM(I20,I23,I26) -> 102 | J29: =SUM(J20,J23,J26) -> 83 | K29: =SUM(K20,K23,K26) -> 99 | L29: =SUM(L20,L23,L26) -> 109 | ... Z29: =SUM(Z20,Z23,Z26) -> 104 | AA29: =SUM(E29:Z29) -> 2109
D30: JML | E30: =SUM(E28:E29) -> 189 | F30: =SUM(F28:F29) -> 177 | G30: =SUM(G28:G29) -> 184 | H30: =SUM(H28:H29) -> 209 | I30: =SUM(I28:I29) -> 199 | J30: =SUM(J28:J29) -> 161 | K30: =SUM(K28:K29) -> 191 | L30: =SUM(L28:L29) -> 213 | ... Z30: =SUM(Z28:Z29) -> 214 | AA30: =SUM(E30:Z30) -> 4188
A32: II | B32: DATA PENGGUNAAN SURAT SUARA
A33: 1 | B33: Jumlah surat suara yang diterima, termasuk surat suara cadangan 2,5% dari DPT | E33: 250 | F33: 238 | G33: 259 | H33: 279 | I33: 272 | J33: 214 | K33: 254 | L33: 300 | M33: 304 | N33: 305 | O33: 316 | P33: 255 | Q33: 251 | R33: 281 | S33: 255 | T33: 248 | U33: 232 | V33: 257 | W33: 273 | X33: 257 | Y33: 247 | Z33: 285 | AA33: =SUM(E33:Z33) -> 5832
A34: 2 | B34: Jumlah surat suara yang digunakan | E34: 189 | F34: 177 | G34: 184 | H34: 209 | I34: 199 | J34: 161 | K34: 191 | L34: 213 | M34: 213 | N34: 223 | O34: 225 | P34: 165 | Q34: 168 | R34: 217 | S34: 156 | T34: 178 | U34: 167 | V34: 194 | W34: 191 | X34: 188 | Y34: 166 | Z34: 214 | AA34: =SUM(E34:Z34) -> 4188
A35: 3 | B35: Jumlah surat suara dikembalikan oleh pemilih (karena rusak atau keliru coblos) | E35: 0 | F35: 0 | G35: 0 | H35: 2 | I35: 0 | J35: 0 | K35: 1 | L35: 0 | M35: 0 | N35: 0 | O35: 0 | P35: 0 | Q35: 0 | R35: 0 | S35: 0 | T35: 0 | U35: 0 | V35: 0 | W35: 2 | X35: 0 | Y35: 0 | Z35: 1 | AA35: =SUM(E35:Z35) -> 6
A36: 4 | B36: Jumlah surat suara yang tidak digunakan/tidak terpakai, termasuk sisa surat suara cadangan | E36: =E33-(E34+E35) -> 61 | F36: =F33-(F34+F35) -> 61 | G36: =G33-(G34+G35) -> 75 | H36: =H33-(H34+H35) -> 68 | I36: =I33-(I34+I35) -> 73 | J36: =J33-(J34+J35) -> 53 | K36: =K33-(K34+K35) -> 62 | L36: =L33-(L34+L35) -> 87 | ... Z36: =Z33-(Z34+Z35) -> 70 | AA36: =SUM(E36:Z36) -> 1638
A38: III | B38: DATA PEMILIH DISABILITAS
B39: Jumlah seluruh Pemilih disabilitas yang menggunakan hak pilih | D39: LK | E39: 0 | F39: 0 | G39: 0 | H39: 0 | I39: 0 | J39: 0 | K39: 0 | L39: 0 | M39: 0 | N39: 0 | O39: 0 | P39: 0 | Q39: 0 | R39: 0 | S39: 0 | T39: 0 | U39: 1 | V39: 0 | W39: 0 | X39: 0 | Y39: 0 | Z39: 0 | AA39: =SUM(E39:Z39) -> 1
D40: PR | E40: 0 | F40: 0 | G40: 0 | H40: 0 | I40: 0 | J40: 0 | K40: 0 | L40: 0 | M40: 0 | N40: 0 | O40: 0 | P40: 0 | Q40: 0 | R40: 0 | S40: 0 | T40: 0 | U40: 1 | V40: 0 | W40: 0 | X40: 0 | Y40: 0 | Z40: 0 | AA40: =SUM(E40:Z40) -> 1
D41: JML | E41: =SUM(E39:E40) -> 0 | F41: =SUM(F39:F40) -> 0 | G41: =SUM(G39:G40) -> 0 | H41: =SUM(H39:H40) -> 0 | I41: =SUM(I39:I40) -> 0 | J41: =SUM(J39:J40) -> 0 | K41: =SUM(K39:K40) -> 0 | L41: =SUM(L39:L40) -> 0 | ... Z41: =SUM(Z39:Z40) -> 0 | AA41: =SUM(E41:Z41) -> 2
A43: IV | B43: DATA RINCIAN PEROLEHAN SUARA PASANGAN CALON BUPATI DAN WAKIL BUPATI
A44: NOMOR DAN NAMA CALON
A45: A.1 | B45: 1. | C45: Partai Kebangkitan Bangsa | E45: 4 | F45: 0 | G45: 5 | H45: 3 | I45: 8 | J45: 2 | K45: 1 | L45: 5 | M45: 4 | N45: 3 | O45: 2 | P45: 4 | Q45: 5 | R45: 9 | S45: 5 | T45: 5 | U45: 6 | V45: 7 | W45: 5 | X45: 6 | Y45: 6 | Z45: 4 | AA45: =SUM(E45:Z45) -> 99
A46: A.2 | C46: 1. Dra. Hj. MA`MULAH HARUN, M.Pd.I. | E46: 12 | F46: 6 | G46: 7 | H46: 13 | I46: 7 | J46: 1 | K46: 5 | L46: 13 | M46: 10 | N46: 0 | O46: 10 | P46: 3 | Q46: 4 | R46: 33 | S46: 4 | T46: 19 | U46: 23 | V46: 12 | W46: 22 | X46: 8 | Y46: 9 | Z46: 9 | AA46: =SUM(E46:Z46) -> 230
C47: 2. UBAIDILLAH, S.Fil.I. | E47: 2 | F47: 1 | G47: 2 | H47: 2 | I47: 0 | J47: 0 | K47: 0 | L47: 2 | M47: 2 | N47: 2 | O47: 1 | P47: 0 | Q47: 0 | R47: 0 | S47: 0 | T47: 5 | U47: 3 | V47: 2 | W47: 0 | X47: 0 | Y47: 0 | Z47: 6 | AA47: =SUM(E47:Z47) -> 30
C48: 3. Ir. H. YOYOK MULYADI, M.Si. | E48: 0 | F48: 2 | G48: 0 | H48: 0 | I48: 0 | J48: 0 | K48: 0 | L48: 1 | M48: 1 | N48: 1 | O48: 0 | P48: 2 | Q48: 0 | R48: 0 | S48: 0 | T48: 4 | U48: 1 | V48: 0 | W48: 0 | X48: 0 | Y48: 1 | Z48: 2 | AA48: =SUM(E48:Z48) -> 15
C49: 4. KHOIRUL ANWAR, S.Fil.I. | E49: 1 | F49: 2 | G49: 1 | H49: 0 | I49: 4 | J49: 1 | K49: 1 | L49: 0 | M49: 1 | N49: 1 | O49: 1 | P49: 0 | Q49: 1 | R49: 1 | S49: 2 | T49: 3 | U49: 0 | V49: 3 | W49: 2 | X49: 1 | Y49: 3 | Z49: 2 | AA49: =SUM(E49:Z49) -> 31
C50: 5. ARIF WIJAKSANA | E50: 0 | F50: 0 | G50: 0 | H50: 0 | I50: 1 | J50: 0 | K50: 0 | L50: 0 | M50: 0 | N50: 0 | O50: 0 | P50: 0 | Q50: 0 | R50: 1 | S50: 0 | T50: 2 | U50: 0 | V50: 0 | W50: 0 | X50: 0 | Y50: 0 | Z50: 0 | AA50: =SUM(E50:Z50) -> 4
C51: 6. Dr. SITI YUMNAH | E51: 0 | F51: 1 | G51: 0 | H51: 0 | I51: 0 | J51: 0 | K51: 0 | L51: 0 | M51: 1 | N51: 1 | O51: 0 | P51: 1 | Q51: 1 | R51: 0 | S51: 0 | T51: 1 | U51: 2 | V51: 2 | W51: 3 | X51: 1 | Y51: 0 | Z51: 0 | AA51: =SUM(E51:Z51) -> 14
C52: 7. MOHAMMAD ZAINI, M.Pd.I. | E52: 1 | F52: 0 | G52: 0 | H52: 1 | I52: 0 | J52: 0 | K52: 0 | L52: 0 | M52: 0 | N52: 0 | O52: 0 | P52: 0 | Q52: 0 | R52: 0 | S52: 1 | T52: 0 | U52: 1 | V52: 0 | W52: 0 | X52: 1 | Y52: 1 | Z52: 0 | AA52: =SUM(E52:Z52) -> 6
C53: 8. FAWAIDUL MAKKIYAH | E53: 0 | F53: 0 | G53: 0 | H53: 0 | I53: 0 | J53: 0 | K53: 0 | L53: 0 | M53: 0 | N53: 1 | O53: 0 | P53: 0 | Q53: 0 | R53: 0 | S53: 0 | T53: 0 | U53: 0 | V53: 0 | W53: 0 | X53: 1 | Y53: 1 | Z53: 0 | AA53: =SUM(E53:Z53) -> 3
C54: 9. IFFAH HIDAYATUR ROHMAH, S.Sos. | E54: 0 | F54: 1 | G54: 0 | H54: 0 | I54: 1 | J54: 0 | K54: 0 | L54: 0 | M54: 2 | N54: 1 | O54: 0 | P54: 0 | Q54: 0 | R54: 0 | S54: 0 | T54: 1 | U54: 1 | V54: 0 | W54: 0 | X54: 3 | Y54: 1 | Z54: 0 | AA54: =SUM(E54:Z54) -> 11
A55: B | B55: JUMLAH SUARA SAH PARTAI POLITIK DAN CALON (A1 + A2) | E55: =SUM(E45:E54) -> 20 | F55: =SUM(F45:F54) -> 13 | G55: =SUM(G45:G54) -> 15 | H55: =SUM(H45:H54) -> 19 | I55: =SUM(I45:I54) -> 21 | J55: =SUM(J45:J54) -> 4 | K55: =SUM(K45:K54) -> 7 | L55: =SUM(L45:L54) -> 21 | ... AA55: =SUM(AA45:AA54) -> 443
A57: A.1 | B57: 2. | C57: Partai Gerakan Indonesia Raya | E57: 9 | F57: 8 | G57: 12 | H57: 11 | I57: 8 | J57: 11 | K57: 8 | L57: 8 | M57: 6 | N57: 10 | O57: 8 | P57: 9 | Q57: 12 | R57: 12 | S57: 9 | T57: 11 | U57: 11 | V57: 9 | W57: 5 | X57: 12 | Y57: 6 | Z57: 2 | AA57: =SUM(E57:Z57) -> 197
A58: A.2 | C58: 1. AHMAD HADINUDDIN, S.Pd.I. | E58: 13 | F58: 3 | G58: 6 | H58: 3 | I58: 2 | J58: 4 | K58: 16 | L58: 8 | M58: 11 | N58: 13 | O58: 4 | P58: 7 | Q58: 7 | R58: 6 | S58: 4 | T58: 2 | U58: 5 | V58: 3 | W58: 10 | X58: 62 | Y58: 4 | Z58: 5 | AA58: =SUM(E58:Z58) -> 198
C59: 2. BIMA RAFSANJANI RAFID | E59: 1 | F59: 4 | G59: 0 | H59: 2 | I59: 3 | J59: 1 | K59: 4 | L59: 11 | M59: 9 | N59: 3 | O59: 3 | P59: 3 | Q59: 4 | R59: 3 | S59: 3 | T59: 3 | U59: 3 | V59: 2 | W59: 4 | X59: 8 | Y59: 0 | Z59: 7 | AA59: =SUM(E59:Z59) -> 81
C60: 3. IRA DAMAYANTI | E60: 0 | F60: 6 | G60: 3 | H60: 1 | I60: 0 | J60: 4 | K60: 1 | L60: 3 | M60: 4 | N60: 3 | O60: 2 | P60: 0 | Q60: 1 | R60: 1 | S60: 3 | T60: 0 | U60: 1 | V60: 0 | W60: 3 | X60: 0 | Y60: 2 | Z60: 1 | AA60: =SUM(E60:Z60) -> 39
C61: 4. MAULANA MALIK IBRAHIM, S.H. | E61: 5 | F61: 3 | G61: 0 | H61: 2 | I61: 3 | J61: 3 | K61: 1 | L61: 2 | M61: 3 | N61: 2 | O61: 3 | P61: 3 | Q61: 4 | R61: 3 | S61: 2 | T61: 1 | U61: 7 | V61: 2 | W61: 2 | X61: 3 | Y61: 1 | Z61: 3 | AA61: =SUM(E61:Z61) -> 58
C62: 5. LULUK ALFIATI | E62: 1 | F62: 0 | G62: 1 | H62: 1 | I62: 0 | J62: 2 | K62: 2 | L62: 0 | M62: 4 | N62: 1 | O62: 1 | P62: 1 | Q62: 1 | R62: 3 | S62: 0 | T62: 0 | U62: 0 | V62: 1 | W62: 2 | X62: 0 | Y62: 0 | Z62: 1 | AA62: =SUM(E62:Z62) -> 22
C63: 6. ILHAM WAHYUDI, S.H. | E63: 0 | F63: 0 | G63: 0 | H63: 1 | I63: 0 | J63: 0 | K63: 0 | L63: 0 | M63: 1 | N63: 0 | O63: 1 | P63: 0 | Q63: 1 | R63: 0 | S63: 2 | T63: 1 | U63: 0 | V63: 1 | W63: 0 | X63: 0 | Y63: 0 | Z63: 0 | AA63: =SUM(E63:Z63) -> 8
C64: 7. HAERUL ANWAR, S.Pd.I. | E64: 0 | F64: 0 | G64: 0 | H64: 1 | I64: 0 | J64: 0 | K64: 0 | L64: 0 | M64: 0 | N64: 0 | O64: 0 | P64: 0 | Q64: 0 | R64: 0 | S64: 0 | T64: 1 | U64: 0 | V64: 0 | W64: 0 | X64: 1 | Y64: 0 | Z64: 0 | AA64: =SUM(E64:Z64) -> 3
C65: 8. YOVI ADHITYA WARDANI | E65: 0 | F65: 0 | G65: 0 | H65: 0 | I65: 1 | J65: 1 | K65: 1 | L65: 0 | M65: 0 | N65: 0 | O65: 0 | P65: 0 | Q65: 1 | R65: 1 | S65: 2 | T65: 0 | U65: 0 | V65: 1 | W65: 0 | X65: 0 | Y65: 0 | Z65: 0 | AA65: =SUM(E65:Z65) -> 8
C66: 9. RITA AMELIA | E66: 0 | F66: 0 | G66: 0 | H66: 0 | I66: 0 | J66: 0 | K66: 0 | L66: 0 | M66: 0 | N66: 0 | O66: 0 | P66: 0 | Q66: 1 | R66: 0 | S66: 0 | T66: 1 | U66: 0 | V66: 1 | W66: 0 | X66: 2 | Y66: 0 | Z66: 0 | AA66: =SUM(E66:Z66) -> 5
A67: B | B67: JUMLAH SUARA SAH PARTAI POLITIK DAN CALON (A1 + A2) | E67: =SUM(E57:E66) -> 29 | F67: =SUM(F57:F66) -> 24 | G67: =SUM(G57:G66) -> 22 | H67: =SUM(H57:H66) -> 22 | I67: =SUM(I57:I66) -> 17 | J67: =SUM(J57:J66) -> 26 | K67: =SUM(K57:K66) -> 33 | L67: =SUM(L57:L66) -> 32 | ... AA67: =SUM(AA57:AA66) -> 619
A69: A.1 | B69: 3. | C69: Partai Demokrasi Indonesia Perjuangan | E69: 15 | F69: 15 | G69: 26 | H69: 28 | I69: 29 | J69: 20 | K69: 14 | L69: 11 | M69: 7 | N69: 23 | O69: 17 | P69: 15 | Q69: 18 | R69: 27 | S69: 15 | T69: 10 | U69: 9 | V69: 6 | W69: 10 | X69: 9 | Y69: 20 | Z69: 3 | AA69: =SUM(E69:Z69) -> 347
A70: A.2 | C70: 1. MARTIN H., S.H., M.H. | E70: 6 | F70: 5 | G70: 12 | H70: 5 | I70: 9 | J70: 4 | K70: 2 | L70: 7 | M70: 1 | N70: 4 | O70: 11 | P70: 9 | Q70: 11 | R70: 8 | S70: 20 | T70: 6 | U70: 10 | V70: 11 | W70: 4 | X70: 7 | Y70: 4 | Z70: 2 | AA70: =SUM(E70:Z70) -> 158
C71: 2. HERMANTO, S.E. | E71: 3 | F71: 2 | G71: 2 | H71: 4 | I71: 12 | J71: 8 | K71: 10 | L71: 12 | M71: 13 | N71: 32 | O71: 38 | P71: 3 | Q71: 8 | R71: 7 | S71: 3 | T71: 4 | U71: 7 | V71: 3 | W71: 9 | X71: 4 | Y71: 5 | Z71: 2 | AA71: =SUM(E71:Z71) -> 191
C72: 3. EVY SUSILAWATI, S.E., M.M. | E72: 12 | F72: 6 | G72: 7 | H72: 8 | I72: 10 | J72: 8 | K72: 7 | L72: 14 | M72: 7 | N72: 13 | O72: 12 | P72: 8 | Q72: 10 | R72: 11 | S72: 3 | T72: 3 | U72: 5 | V72: 2 | W72: 7 | X72: 5 | Y72: 8 | Z72: 2 | AA72: =SUM(E72:Z72) -> 168
C73: 4. M. SIROTTUDIN | E73: 2 | F73: 3 | G73: 9 | H73: 6 | I73: 8 | J73: 2 | K73: 5 | L73: 4 | M73: 3 | N73: 6 | O73: 5 | P73: 1 | Q73: 6 | R73: 8 | S73: 7 | T73: 3 | U73: 3 | V73: 13 | W73: 10 | X73: 3 | Y73: 10 | Z73: 131 | AA73: =SUM(E73:Z73) -> 248
C74: 5. ABDUL HAFID, S.H. | E74: 4 | F74: 0 | G74: 2 | H74: 1 | I74: 6 | J74: 1 | K74: 4 | L74: 3 | M74: 1 | N74: 2 | O74: 2 | P74: 0 | Q74: 2 | R74: 3 | S74: 4 | T74: 1 | U74: 3 | V74: 0 | W74: 4 | X74: 0 | Y74: 4 | Z74: 1 | AA74: =SUM(E74:Z74) -> 48
C75: 6. NIKITA FORTUNA SURYANINGATI, A.Md.Keb. | E75: 1 | F75: 1 | G75: 2 | H75: 0 | I75: 1 | J75: 3 | K75: 1 | L75: 1 | M75: 1 | N75: 1 | O75: 0 | P75: 1 | Q75: 5 | R75: 1 | S75: 0 | T75: 1 | U75: 0 | V75: 0 | W75: 1 | X75: 0 | Y75: 2 | Z75: 0 | AA75: =SUM(E75:Z75) -> 23
C76: 7. YUDHO ILHAM WIJAYA, S.E. | E76: 1 | F76: 0 | G76: 0 | H76: 0 | I76: 2 | J76: 0 | K76: 0 | L76: 0 | M76: 1 | N76: 0 | O76: 0 | P76: 0 | Q76: 1 | R76: 0 | S76: 1 | T76: 0 | U76: 1 | V76: 0 | W76: 3 | X76: 0 | Y76: 1 | Z76: 0 | AA76: =SUM(E76:Z76) -> 11
C77: 8. SETIAWATI, S.H. | E77: 0 | F77: 0 | G77: 0 | H77: 1 | I77: 3 | J77: 1 | K77: 1 | L77: 0 | M77: 1 | N77: 2 | O77: 1 | P77: 0 | Q77: 3 | R77: 1 | S77: 2 | T77: 1 | U77: 1 | V77: 2 | W77: 0 | X77: 0 | Y77: 0 | Z77: 0 | AA77: =SUM(E77:Z77) -> 20
C78: 9. EKO BUDI SANTOSO, S.H. | E78: 3 | F78: 1 | G78: 1 | H78: 1 | I78: 2 | J78: 0 | K78: 0 | L78: 2 | M78: 1 | N78: 2 | O78: 1 | P78: 0 | Q78: 2 | R78: 2 | S78: 2 | T78: 2 | U78: 1 | V78: 0 | W78: 1 | X78: 2 | Y78: 1 | Z78: 0 | AA78: =SUM(E78:Z78) -> 27
A79: B | B79: JUMLAH SUARA SAH PARTAI POLITIK DAN CALON (A1 + A2) | E79: =SUM(E69:E78) -> 47 | F79: =SUM(F69:F78) -> 33 | G79: =SUM(G69:G78) -> 61 | H79: =SUM(H69:H78) -> 54 | I79: =SUM(I69:I78) -> 82 | J79: =SUM(J69:J78) -> 47 | K79: =SUM(K69:K78) -> 44 | L79: =SUM(L69:L78) -> 54 | ... AA79: =SUM(AA69:AA78) -> 1241
A81: A.1 | B81: 4. | C81: Partai Golongan Karya | E81: 4 | F81: 5 | G81: 7 | H81: 6 | I81: 5 | J81: 3 | K81: 10 | L81: 7 | M81: 7 | N81: 8 | O81: 7 | P81: 7 | Q81: 1 | R81: 7 | S81: 1 | T81: 3 | U81: 1 | V81: 2 | W81: 2 | X81: 2 | Y81: 1 | Z81: 0 | AA81: =SUM(E81:Z81) -> 96
A82: A.2 | C82: 1. PRANAYA YUDHA MAHARDHIKA | E82: 2 | F82: 0 | G82: 2 | H82: 2 | I82: 4 | J82: 2 | K82: 2 | L82: 6 | M82: 6 | N82: 6 | O82: 10 | P82: 6 | Q82: 3 | R82: 3 | S82: 4 | T82: 2 | U82: 2 | V82: 11 | W82: 6 | X82: 0 | Y82: 0 | Z82: 0 | AA82: =SUM(E82:Z82) -> 79
C83: 2. Dra. Ec. ENDANG SULASTUTY, M.I.P. | E83: 3 | F83: 1 | G83: 2 | H83: 0 | I83: 2 | J83: 0 | K83: 1 | L83: 6 | M83: 1 | N83: 3 | O83: 2 | P83: 0 | Q83: 4 | R83: 2 | S83: 0 | T83: 0 | U83: 2 | V83: 0 | W83: 1 | X83: 1 | Y83: 0 | Z83: 0 | AA83: =SUM(E83:Z83) -> 31
C84: 3. AGUS REJEKI WARTONO | E84: 0 | F84: 0 | G84: 1 | H84: 0 | I84: 1 | J84: 3 | K84: 0 | L84: 7 | M84: 2 | N84: 1 | O84: 0 | P84: 0 | Q84: 3 | R84: 0 | S84: 0 | T84: 0 | U84: 0 | V84: 0 | W84: 1 | X84: 0 | Y84: 0 | Z84: 0 | AA84: =SUM(E84:Z84) -> 19
C85: 4. Hj. TUTUK ASMA'A ZUCHROH, S.T., M.T. | E85: 1 | F85: 3 | G85: 3 | H85: 1 | I85: 4 | J85: 1 | K85: 1 | L85: 2 | M85: 2 | N85: 4 | O85: 2 | P85: 3 | Q85: 1 | R85: 2 | S85: 0 | T85: 0 | U85: 1 | V85: 0 | W85: 0 | X85: 1 | Y85: 0 | Z85: 0 | AA85: =SUM(E85:Z85) -> 32
C86: 5. ADE M. RIZKI, S.E. | E86: 0 | F86: 2 | G86: 3 | H86: 1 | I86: 0 | J86: 0 | K86: 0 | L86: 0 | M86: 1 | N86: 1 | O86: 1 | P86: 1 | Q86: 1 | R86: 2 | S86: 0 | T86: 2 | U86: 1 | V86: 1 | W86: 1 | X86: 1 | Y86: 0 | Z86: 0 | AA86: =SUM(E86:Z86) -> 19
C87: 6. ABDURAKHMAN, Bc.Kn. | E87: 0 | F87: 0 | G87: 0 | H87: 1 | I87: 0 | J87: 0 | K87: 0 | L87: 0 | M87: 1 | N87: 0 | O87: 1 | P87: 1 | Q87: 0 | R87: 0 | S87: 0 | T87: 0 | U87: 0 | V87: 0 | W87: 0 | X87: 0 | Y87: 0 | Z87: 0 | AA87: =SUM(E87:Z87) -> 4
C88: 7. CENDY RHIYAN ADI PUTRI | E88: 0 | F88: 0 | G88: 0 | H88: 0 | I88: 0 | J88: 0 | K88: 0 | L88: 0 | M88: 0 | N88: 0 | O88: 1 | P88: 0 | Q88: 0 | R88: 0 | S88: 0 | T88: 0 | U88: 0 | V88: 0 | W88: 0 | X88: 0 | Y88: 0 | Z88: 0 | AA88: =SUM(E88:Z88) -> 1
C89: 8. BAKTI WIJAYANTO, S.E. | E89: 0 | F89: 0 | G89: 0 | H89: 0 | I89: 0 | J89: 0 | K89: 1 | L89: 0 | M89: 0 | N89: 0 | O89: 0 | P89: 0 | Q89: 0 | R89: 1 | S89: 0 | T89: 0 | U89: 0 | V89: 0 | W89: 0 | X89: 1 | Y89: 0 | Z89: 0 | AA89: =SUM(E89:Z89) -> 3
C90: 9. AHMAD UBAIDILLAH | E90: 1 | F90: 0 | G90: 0 | H90: 0 | I90: 1 | J90: 0 | K90: 0 | L90: 2 | M90: 0 | N90: 0 | O90: 0 | P90: 0 | Q90: 0 | R90: 0 | S90: 2 | T90: 0 | U90: 0 | V90: 0 | W90: 0 | X90: 0 | Y90: 0 | Z90: 0 | AA90: =SUM(E90:Z90) -> 6
A91: B | B91: JUMLAH SUARA SAH PARTAI POLITIK DAN CALON (A1 + A2) | E91: =SUM(E81:E90) -> 11 | F91: =SUM(F81:F90) -> 11 | G91: =SUM(G81:G90) -> 18 | H91: =SUM(H81:H90) -> 11 | I91: =SUM(I81:I90) -> 17 | J91: =SUM(J81:J90) -> 9 | K91: =SUM(K81:K90) -> 15 | L91: =SUM(L81:L90) -> 30 | ... AA91: =SUM(AA81:AA90) -> 290
A93: A.1 | B93: 5. | C93: Partai NasDem | E93: 2 | F93: 1 | G93: 1 | H93: 6 | I93: 0 | J93: 2 | K93: 1 | L93: 0 | M93: 0 | N93: 1 | O93: 5 | P93: 0 | Q93: 0 | R93: 0 | S93: 0 | T93: 2 | U93: 5 | V93: 0 | W93: 0 | X93: 1 | Y93: 0 | Z93: 4 | AA93: =SUM(E93:Z93) -> 31
A94: A.2 | C94: 1. ALI MUSTOFA, A.Md. | E94: 2 | F94: 1 | G94: 1 | H94: 24 | I94: 3 | J94: 2 | K94: 0 | L94: 2 | M94: 6 | N94: 3 | O94: 3 | P94: 1 | Q94: 0 | R94: 1 | S94: 0 | T94: 7 | U94: 8 | V94: 0 | W94: 3 | X94: 3 | Y94: 2 | Z94: 8 | AA94: =SUM(E94:Z94) -> 80
C95: 2. Hj. BUAMI, S.H. | E95: 0 | F95: 0 | G95: 0 | H95: 2 | I95: 0 | J95: 1 | K95: 0 | L95: 1 | M95: 1 | N95: 0 | O95: 0 | P95: 0 | Q95: 0 | R95: 0 | S95: 0 | T95: 1 | U95: 1 | V95: 0 | W95: 0 | X95: 0 | Y95: 0 | Z95: 1 | AA95: =SUM(E95:Z95) -> 8
C96: 3. SUGIONO, S.H. | E96: 0 | F96: 0 | G96: 0 | H96: 0 | I96: 0 | J96: 0 | K96: 0 | L96: 0 | M96: 1 | N96: 0 | O96: 0 | P96: 0 | Q96: 0 | R96: 0 | S96: 0 | T96: 0 | U96: 1 | V96: 0 | W96: 0 | X96: 0 | Y96: 0 | Z96: 0 | AA96: =SUM(E96:Z96) -> 2
C97: 4. LULUK SUNARMIATININGSIH | E97: 0 | F97: 0 | G97: 0 | H97: 2 | I97: 0 | J97: 0 | K97: 1 | L97: 0 | M97: 0 | N97: 0 | O97: 0 | P97: 0 | Q97: 0 | R97: 0 | S97: 0 | T97: 0 | U97: 0 | V97: 0 | W97: 0 | X97: 0 | Y97: 0 | Z97: 0 | AA97: =SUM(E97:Z97) -> 3
C98: 5. ANTON DJULIANTO ADI | E98: 1 | F98: 0 | G98: 0 | H98: 0 | I98: 1 | J98: 0 | K98: 1 | L98: 1 | M98: 0 | N98: 0 | O98: 0 | P98: 0 | Q98: 0 | R98: 0 | S98: 0 | T98: 0 | U98: 0 | V98: 0 | W98: 0 | X98: 0 | Y98: 0 | Z98: 0 | AA98: =SUM(E98:Z98) -> 4
C99: 6. MOKHAMAD ROFI'I KHUSNAN | E99: 0 | F99: 0 | G99: 0 | H99: 0 | I99: 0 | J99: 1 | K99: 0 | L99: 0 | M99: 0 | N99: 1 | O99: 0 | P99: 0 | Q99: 0 | R99: 0 | S99: 0 | T99: 1 | U99: 0 | V99: 0 | W99: 0 | X99: 0 | Y99: 0 | Z99: 0 | AA99: =SUM(E99:Z99) -> 3
C100: 7. Rr SETYO WATI | E100: 0 | F100: 0 | G100: 0 | H100: 0 | I100: 0 | J100: 0 | K100: 0 | L100: 0 | M100: 0 | N100: 0 | O100: 0 | P100: 0 | Q100: 0 | R100: 0 | S100: 0 | T100: 0 | U100: 0 | V100: 1 | W100: 0 | X100: 0 | Y100: 0 | Z100: 0 | AA100: =SUM(E100:Z100) -> 1
C101: 8. ABD. KADIR ASSEGAFF | E101: 0 | F101: 0 | G101: 0 | H101: 0 | I101: 0 | J101: 0 | K101: 0 | L101: 0 | M101: 0 | N101: 0 | O101: 0 | P101: 0 | Q101: 0 | R101: 0 | S101: 0 | T101: 0 | U101: 0 | V101: 0 | W101: 0 | X101: 0 | Y101: 0 | Z101: 0 | AA101: =SUM(E101:Z101) -> 0
C102: 9. FATHOR ZAINULLAH | E102: 0 | F102: 0 | G102: 0 | H102: 0 | I102: 0 | J102: 0 | K102: 0 | L102: 0 | M102: 1 | N102: 0 | O102: 0 | P102: 0 | Q102: 0 | R102: 0 | S102: 0 | T102: 0 | U102: 0 | V102: 0 | W102: 0 | X102: 0 | Y102: 0 | Z102: 0 | AA102: =SUM(E102:Z102) -> 1
A103: B | B103: JUMLAH SUARA SAH PARTAI POLITIK DAN CALON (A1 + A2) | E103: =SUM(E93:E102) -> 5 | F103: =SUM(F93:F102) -> 2 | G103: =SUM(G93:G102) -> 2 | H103: =SUM(H93:H102) -> 34 | I103: =SUM(I93:I102) -> 4 | J103: =SUM(J93:J102) -> 6 | K103: =SUM(K93:K102) -> 3 | L103: =SUM(L93:L102) -> 4 | ... AA103: =SUM(AA93:AA102) -> 133
A105: A.1 | B105: 6. | C105: Partai Buruh | E105: 0 | F105: 2 | G105: 1 | H105: 0 | I105: 0 | J105: 0 | K105: 3 | L105: 1 | M105: 1 | N105: 0 | O105: 0 | P105: 0 | Q105: 0 | R105: 1 | S105: 0 | T105: 2 | U105: 0 | V105: 2 | W105: 0 | X105: 1 | Y105: 1 | Z105: 1 | AA105: =SUM(E105:Z105) -> 16
A106: A.2 | C106: 1. AGUS SUPRIYADI | E106: 0 | F106: 0 | G106: 0 | H106: 0 | I106: 0 | J106: 0 | K106: 1 | L106: 0 | M106: 0 | N106: 0 | O106: 0 | P106: 0 | Q106: 0 | R106: 0 | S106: 0 | T106: 0 | U106: 0 | V106: 0 | W106: 0 | X106: 0 | Y106: 0 | Z106: 1 | AA106: =SUM(E106:Z106) -> 2
C107: 2. ENI HARIATI | E107: 1 | F107: 0 | G107: 0 | H107: 0 | I107: 0 | J107: 0 | K107: 0 | L107: 0 | M107: 0 | N107: 0 | O107: 0 | P107: 0 | Q107: 1 | R107: 0 | S107: 0 | T107: 0 | U107: 0 | V107: 0 | W107: 0 | X107: 0 | Y107: 0 | Z107: 0 | AA107: =SUM(E107:Z107) -> 2
AA108: =SUM(E108:Z108) -> 0
AA109: =SUM(E109:Z109) -> 0
AA110: =SUM(E110:Z110) -> 0
AA111: =SUM(E111:Z111) -> 0
AA112: =SUM(E112:Z112) -> 0
AA113: =SUM(E113:Z113) -> 0
AA114: =SUM(E114:Z114) -> 0
A115: B | B115: JUMLAH SUARA SAH PARTAI POLITIK DAN CALON (A1 + A2) | E115: =SUM(E105:E114) -> 1 | F115: =SUM(F105:F114) -> 2 | G115: =SUM(G105:G114) -> 1 | H115: =SUM(H105:H114) -> 0 | I115: =SUM(I105:I114) -> 0 | J115: =SUM(J105:J114) -> 0 | K115: =SUM(K105:K114) -> 4 | L115: =SUM(L105:L114) -> 1 | ... AA115: =SUM(AA105:AA114) -> 20
A117: A.1 | B117: 7. | C117: Partai Gelombang Rakyat Indonesia | E117: 0 | F117: 0 | G117: 0 | H117: 1 | I117: 0 | J117: 1 | K117: 0 | L117: 0 | M117: 0 | N117: 2 | O117: 2 | P117: 0 | Q117: 0 | R117: 2 | S117: 2 | T117: 1 | U117: 1 | V117: 0 | W117: 1 | X117: 0 | Y117: 3 | Z117: 1 | AA117: =SUM(E117:Z117) -> 17
...

Sheet KARANGDORO
C2: Kecamatan | D2: TEGALSARI
C3: Kabupaten | D3: BANYUWANGI
C4: Provinsi | D4: JAWA TIMUR
C9: Kelurahan | D9: KARANGDORO
A12: I | B12: DATA PEMILIH DAN PENGGUNAAN HAK PILIH | AV12: JUMLAH AKHIR
A13: A | B13: DATA PEMILIH | E13: TPS 001 | F13: TPS 002 | G13: TPS 003 | H13: TPS 004 | I13: TPS 005 | J13: TPS 006 | K13: TPS 007 | L13: TPS 008 | M13: TPS 009 | N13: TPS 010 | O13: TPS 011 | P13: TPS 012 | Q13: TPS 013 | R13: TPS 014 | S13: TPS 015 | T13: TPS 016 | U13: TPS 017 | V13: TPS 018 | W13: TPS 019 | X13: TPS 020 | Y13: TPS 021 | Z13: TPS 022 | AA13: TPS 023 | AB13: TPS 024 | AC13: TPS 025 | AD13: TPS 026 | AE13: TPS 027 | AF13: TPS 028 | AG13: TPS 029 | AH13: TPS 030 | AI13: TPS 031 | AJ13: TPS 032 | AK13: TPS 033 | AL13: TPS 034 | AM13: TPS 035 | AN13: TPS 901 | AO13: TPS 902 | AP13: TPS 903 | AQ13: TPS 904 | AR13: TPS 905 | AS13: TPS 906 | AT13: TPS 907 | AU13: TPS 908
B14: Jumlah Pemilih dalam Daftar Pemilih Tetap (DPT) | D14: LK | E14: 157 | F14: 141 | G14: 125 | H14: 133 | I14: 139 | J14: 119 | K14: 131 | L14: 139 | M14: 132 | N14: 140 | O14: 139 | P14: 114 | Q14: 108 | R14: 135 | S14: 126 | T14: 140 | U14: 141 | V14: 136 | W14: 135 | X14: 144 | Y14: 135 | Z14: 152 | AA14: 151 | AB14: 143 | AC14: 120 | AD14: 119 | AE14: 119 | AF14: 106 | AG14: 105 | AH14: 112 | AI14: 114 | AJ14: 116 | AK14: 123 | AL14: 141 | AM14: 136 | AN14: 0 | AO14: 0 | AP14: 0 | AQ14: 0 | AR14: 300 | AS14: 298 | AT14: 298 | AU14: 65 | AV14: =SUM(E14:AU14) -> 5527
D15: PR | E15: 142 | F15: 155 | G15: 139 | H15: 136 | I15: 132 | J15: 119 | K15: 127 | L15: 142 | M15: 132 | N15: 128 | O15: 124 | P15: 121 | Q15: 116 | R15: 125 | S15: 116 | T15: 122 | U15: 140 | V15: 140 | W15: 120 | X15: 135 | Y15: 132 | Z15: 143 | AA15: 145 | AB15: 151 | AC15: 114 | AD15: 111 | AE15: 103 | AF15: 125 | AG15: 106 | AH15: 84 | AI15: 119 | AJ15: 101 | AK15: 123 | AL15: 147 | AM15: 158 | AN15: 300 | AO15: 292 | AP15: 297 | AQ15: 187 | AR15: 0 | AS15: 0 | AT15: 0 | AU15: 0 | AV15: =SUM(E15:AU15) -> 5549
D16: JML | E16: =SUM(E14:E15) -> 299 | F16: =SUM(F14:F15) -> 296 | G16: =SUM(G14:G15) -> 264 | H16: =SUM(H14:H15) -> 269 | I16: =SUM(I14:I15) -> 271 | J16: =SUM(J14:J15) -> 238 | K16: =SUM(K14:K15) -> 258 | L16: =SUM(L14:L15) -> 281 | ... AU16: =SUM(AU14:AU15) -> 65 | AV16: =SUM(E16:AU16) -> 11076
A18: B | B18: PENGGUNA HAK PILIH
B19: 1. | C19: Jumlah pengguna hak pilih dalam Daftar Pemilih Tetap (DPT) | D19: LK | E19: 113 | F19: 108 | G19: 93 | H19: 93 | I19: 106 | J19: 95 | K19: 96 | L19: 108 | M19: 91 | N19: 103 | O19: 109 | P19: 75 | Q19: 68 | R19: 97 | S19: 71 | T19: 114 | U19: 103 | V19: 101 | W19: 105 | X19: 108 | Y19: 92 | Z19: 104 | AA19: 117 | AB19: 101 | AC19: 87 | AD19: 79 | AE19: 91 | AF19: 77 | AG19: 77 | AH19: 81 | AI19: 91 | AJ19: 79 | AK19: 84 | AL19: 119 | AM19: 98 | AN19: 0 | AO19: 0 | AP19: 0 | AQ19: 0 | AR19: 1 | AS19: 0 | AT19: 2 | AU19: 0 | AV19: =SUM(E19:AU19) -> 3337
D20: PR | E20: 114 | F20: 124 | G20: 101 | H20: 108 | I20: 99 | J20: 98 | K20: 97 | L20: 120 | M20: 91 | N20: 99 | O20: 96 | P20: 85 | Q20: 83 | R20: 100 | S20: 75 | T20: 104 | U20: 102 | V20: 106 | W20: 104 | X20: 113 | Y20: 109 | Z20: 101 | AA20: 116 | AB20: 118 | AC20: 91 | AD20: 78 | AE20: 75 | AF20: 95 | AG20: 87 | AH20: 61 | AI20: 97 | AJ20: 82 | AK20: 88 | AL20: 124 | AM20: 107 | AN20: 0 | AO20: 0 | AP20: 3 | AQ20: 1 | AR20: 0 | AS20: 0 | AT20: 0 | AU20: 0 | AV20: =SUM(E20:AU20) -> 3452
D21: JML | E21: =SUM(E19:E20) -> 227 | F21: =SUM(F19:F20) -> 232 | G21: =SUM(G19:G20) -> 194 | H21: =SUM(H19:H20) -> 201 | I21: =SUM(I19:I20) -> 205 | J21: =SUM(J19:J20) -> 193 | K21: =SUM(K19:K20) -> 193 | L21: =SUM(L19:L20) -> 228 | ... AU21: =SUM(AU19:AU20) -> 0 | AV21: =SUM(E21:AU21) -> 6789
B22: 2. | C22: Jumlah pengguna hak pilih dalam Daftar Pemilih Tambahan (DPTb) | D22: LK | E22: 0 | F22: 1 | G22: 0 | H22: 3 | I22: 1 | J22: 2 | K22: 1 | L22: 0 | M22: 0 | N22: 0 | O22: 0 | P22: 0 | Q22: 0 | R22: 1 | S22: 0 | T22: 1 | U22: 1 | V22: 0 | W22: 0 | X22: 0 | Y22: 0 | Z22: 0 | AA22: 0 | AB22: 1 | AC22: 0 | AD22: 0 | AE22: 0 | AF22: 0 | AG22: 0 | AH22: 0 | AI22: 0 | AJ22: 0 | AK22: 0 | AL22: 0 | AM22: 0 | AN22: 0 | AO22: 0 | AP22: 0 | AQ22: 0 | AR22: 0 | AS22: 0 | AT22: 0 | AU22: 0 | AV22: =SUM(E22:AU22) -> 12
D23: PR | E23: 0 | F23: 3 | G23: 0 | H23: 0 | I23: 0 | J23: 0 | K23: 0 | L23: 0 | M23: 0 | N23: 0 | O23: 0 | P23: 0 | Q23: 0 | R23: 3 | S23: 5 | T23: 8 | U23: 2 | V23: 1 | W23: 0 | X23: 0 | Y23: 0 | Z23: 0 | AA23: 0 | AB23: 0 | AC23: 0 | AD23: 0 | AE23: 0 | AF23: 0 | AG23: 0 | AH23: 0 | AI23: 0 | AJ23: 0 | AK23: 0 | AL23: 0 | AM23: 0 | AN23: 0 | AO23: 0 | AP23: 0 | AQ23: 0 | AR23: 0 | AS23: 0 | AT23: 0 | AU23: 0 | AV23: =SUM(E23:AU23) -> 22
D24: JML | E24: =SUM(E22:E23) -> 0 | F24: =SUM(F22:F23) -> 4 | G24: =SUM(G22:G23) -> 0 | H24: =SUM(H22:H23) -> 3 | I24: =SUM(I22:I23) -> 1 | J24: =SUM(J22:J23) -> 2 | K24: =SUM(K22:K23) -> 1 | L24: =SUM(L22:L23) -> 0 | ... AU24: =SUM(AU22:AU23) -> 0 | AV24: =SUM(E24:AU24) -> 34
B25: 3. | C25: Jumlah pengguna hak pilih dalam Daftar Pemilih Khusus (DPK) | D25: LK | E25: 2 | F25: 3 | G25: 4 | H25: 3 | I25: 2 | J25: 3 | K25: 2 | L25: 2 | M25: 20 | N25: 11 | O25: 1 | P25: 1 | Q25: 1 | R25: 2 | S25: 5 | T25: 2 | U25: 2 | V25: 0 | W25: 0 | X25: 0 | Y25: 1 | Z25: 0 | AA25: 0 | AB25: 0 | AC25: 1 | AD25: 1 | AE25: 0 | AF25: 0 | AG25: 0 | AH25: 1 | AI25: 0 | AJ25: 0 | AK25: 0 | AL25: 3 | AM25: 3 | AN25: 0 | AO25: 0 | AP25: 0 | AQ25: 0 | AR25: 0 | AS25: 0 | AT25: 0 | AU25: 0 | AV25: =SUM(E25:AU25) -> 76
D26: PR | E26: 0 | F26: 3 | G26: 6 | H26: 6 | I26: 4 | J26: 3 | K26: 3 | L26: 2 | M26: 1 | N26: 0 | O26: 4 | P26: 0 | Q26: 2 | R26: 3 | S26: 5 | T26: 0 | U26: 2 | V26: 0 | W26: 1 | X26: 0 | Y26: 3 | Z26: 0 | AA26: 2 | AB26: 0 | AC26: 1 | AD26: 1 | AE26: 4 | AF26: 1 | AG26: 2 | AH26: 3 | AI26: 0 | AJ26: 0 | AK26: 1 | AL26: 0 | AM26: 5 | AN26: 0 | AO26: 0 | AP26: 0 | AQ26: 0 | AR26: 0 | AS26: 0 | AT26: 0 | AU26: 0 | AV26: =SUM(E26:AU26) -> 68
D27: JML | E27: =SUM(E25:E26) -> 2 | F27: =SUM(F25:F26) -> 6 | G27: =SUM(G25:G26) -> 10 | H27: =SUM(H25:H26) -> 9 | I27: =SUM(I25:I26) -> 6 | J27: =SUM(J25:J26) -> 6 | K27: =SUM(K25:K26) -> 5 | L27: =SUM(L25:L26) -> 4 | ... AU27: =SUM(AU25:AU26) -> 0 | AV27: =SUM(E27:AU27) -> 144
B28: 4. | C28: Jumlah Pengguna Hak Pilih (B.1+B.2+B.3) | D28: LK | E28: =SUM(E19,E22,E25) -> 115 | F28: =SUM(F19,F22,F25) -> 112 | G28: =SUM(G19,G22,G25) -> 97 | H28: =SUM(H19,H22,H25) -> 99 | I28: =SUM(I19,I22,I25) -> 109 | J28: =SUM(J19,J22,J25) -> 100 | K28: =SUM(K19,K22,K25) -> 99 | L28: =SUM(L19,L22,L25) -> 110 | ... AU28: =SUM(AU19,AU22,AU25) -> 0 | AV28: =SUM(E28:AU28) -> 3425
D29: PR | E29: =SUM(E20,E23,E26) -> 114 | F29: =SUM(F20,F23,F26) -> 130 | G29: =SUM(G20,G23,G26) -> 107 | H29: =SUM(H20,H23,H26) -> 114 | I29: =SUM(I20,I23,I26) -> 103 | J29: =SUM(J20,J23,J26) -> 101 | K29: =SUM(K20,K23,K26) -> 100 | L29: =SUM(L20,L23,L26) -> 122 | ... AU29: =SUM(AU20,AU23,AU26) -> 0 | AV29: =SUM(E29:AU29) -> 3542
D30: JML | E30: =SUM(E28:E29) -> 229 | F30: =SUM(F28:F29) -> 242 | G30: =SUM(G28:G29) -> 204 | H30: =SUM(H28:H29) -> 213 | I30: =SUM(I28:I29) -> 212 | J30: =SUM(J28:J29) -> 201 | K30: =SUM(K28:K29) -> 199 | L30: =SUM(L28:L29) -> 232 | ... AU30: =SUM(AU28:AU29) -> 0 | AV30: =SUM(E30:AU30) -> 6967
A32: II | B32: DATA PENGGUNAAN SURAT SUARA
A33: 1 | B33: Jumlah surat suara yang diterima, termasuk surat suara cadangan 2,5% dari DPT | E33: 305 | F33: 303 | G33: 270 | H33: 275 | I33: 279 | J33: 243 | K33: 264 | L33: 287 | M33: 269 | N33: 274 | O33: 269 | P33: 245 | Q33: 229 | R33: 266 | S33: 247 | T33: 268 | U33: 287 | V33: 280 | W33: 260 | X33: 285 | Y33: 263 | Z33: 301 | AA33: 302 | AB33: 311 | AC33: 240 | AD33: 236 | AE33: 227 | AF33: 236 | AG33: 216 | AH33: 201 | AI33: 238 | AJ33: 222 | AK33: 251 | AL33: 294 | AM33: 300 | AN33: 306 | AO33: 299 | AP33: 303 | AQ33: 191 | AR33: 307 | AS33: 304 | AT33: 305 | AU33: 67 | AV33: =SUM(E33:AU33) -> 11325
A34: 2 | B34: Jumlah surat suara yang digunakan | E34: 229 | F34: 242 | G34: 204 | H34: 213 | I34: 212 | J34: 201 | K34: 199 | L34: 232 | M34: 203 | N34: 213 | O34: 210 | P34: 161 | Q34: 154 | R34: 206 | S34: 161 | T34: 229 | U34: 212 | V34: 208 | W34: 210 | X34: 221 | Y34: 205 | Z34: 205 | AA34: 235 | AB34: 220 | AC34: 180 | AD34: 159 | AE34: 170 | AF34: 173 | AG34: 166 | AH34: 146 | AI34: 188 | AJ34: 161 | AK34: 173 | AL34: 246 | AM34: 213 | AN34: 0 | AO34: 0 | AP34: 3 | AQ34: 1 | AR34: 1 | AS34: 0 | AT34: 2 | AU34: 0 | AV34: =SUM(E34:AU34) -> 6967
A35: 3 | B35: Jumlah surat suara dikembalikan oleh pemilih (karena rusak atau keliru coblos) | E35: 0 | F35: 0 | G35: 0 | H35: 0 | I35: 14 | J35: 0 | K35: 1 | L35: 0 | M35: 5 | N35: 0 | O35: 0 | P35: 0 | Q35: 0 | R35: 0 | S35: 0 | T35: 0 | U35: 0 | V35: 0 | W35: 0 | X35: 0 | Y35: 0 | Z35: 0 | AA35: 0 | AB35: 0 | AC35: 0 | AD35: 0 | AE35: 0 | AF35: 0 | AG35: 0 | AH35: 0 | AI35: 1 | AJ35: 0 | AK35: 1 | AL35: 2 | AM35: 0 | AN35: 0 | AO35: 0 | AP35: 0 | AQ35: 0 | AR35: 0 | AS35: 0 | AT35: 0 | AU35: 0 | AV35: =SUM(E35:AU35) -> 24
A36: 4 | B36: Jumlah surat suara yang tidak digunakan/tidak terpakai, termasuk sisa surat suara cadangan | E36: =E33-(E34+E35) -> 76 | F36: =F33-(F34+F35) -> 61 | G36: =G33-(G34+G35) -> 66 | H36: =H33-(H34+H35) -> 62 | I36: =I33-(I34+I35) -> 53 | J36: =J33-(J34+J35) -> 42 | K36: =K33-(K34+K35) -> 64 | L36: =L33-(L34+L35) -> 55 | ... AU36: =AU33-(AU34+AU35) -> 67 | AV36: =SUM(E36:AU36) -> 4334
A38: III | B38: DATA PEMILIH DISABILITAS
B39: Jumlah seluruh Pemilih disabilitas yang menggunakan hak pilih | D39: LK | E39: 1 | F39: 0 | G39: 1 | H39: 0 | I39: 0 | J39: 0 | K39: 0 | L39: 1 | M39: 0 | N39: 0 | O39: 0 | P39: 0 | Q39: 0 | R39: 0 | S39: 0 | T39: 0 | U39: 0 | V39: 0 | W39: 0 | X39: 0 | Y39: 0 | Z39: 0 | AA39: 0 | AB39: 0 | AC39: 0 | AD39: 0 | AE39: 0 | AF39: 0 | AG39: 1 | AH39: 0 | AI39: 0 | AJ39: 1 | AK39: 0 | AL39: 0 | AM39: 0 | AN39: 0 | AO39: 0 | AP39: 0 | AQ39: 0 | AR39: 0 | AS39: 0 | AT39: 0 | AU39: 0 | AV39: =SUM(E39:AU39) -> 5
D40: PR | E40: 0 | F40: 0 | G40: 4 | H40: 0 | I40: 0 | J40: 0 | K40: 0 | L40: 1 | M40: 0 | N40: 0 | O40: 0 | P40: 0 | Q40: 0 | R40: 0 | S40: 0 | T40: 0 | U40: 0 | V40: 0 | W40: 0 | X40: 0 | Y40: 0 | Z40: 0 | AA40: 0 | AB40: 0 | AC40: 0 | AD40: 0 | AE40: 0 | AF40: 0 | AG40: 2 | AH40: 0 | AI40: 0 | AJ40: 0 | AK40: 0 | AL40: 0 | AM40: 1 | AN40: 0 | AO40: 0 | AP40: 0 | AQ40: 0 | AR40: 0 | AS40: 0 | AT40: 0 | AU40: 0 | AV40: =SUM(E40:AU40) -> 8
D41: JML | E41: =SUM(E39:E40) -> 1 | F41: =SUM(F39:F40) -> 0 | G41: =SUM(G39:G40) -> 5 | H41: =SUM(H39:H40) -> 0 | I41: =SUM(I39:I40) -> 0 | J41: =SUM(J39:J40) -> 0 | K41: =SUM(K39:K40) -> 0 | L41: =SUM(L39:L40) -> 2 | ... AU41: =SUM(AU39:AU40) -> 0 | AV41: =SUM(E41:AU41) -> 13
A43: IV | B43: DATA RINCIAN PEROLEHAN SUARA PASANGAN CALON BUPATI DAN WAKIL BUPATI
A44: NOMOR DAN NAMA CALON
A45: A.1 | B45: 1. | C45: Partai Kebangkitan Bangsa | E45: 5 | F45: 4 | G45: 2 | H45: 4 | I45: 6 | J45: 6 | K45: 0 | L45: 5 | M45: 6 | N45: 2 | O45: 4 | P45: 15 | Q45: 6 | R45: 18 | S45: 5 | T45: 25 | U45: 13 | V45: 30 | W45: 31 | X45: 17 | Y45: 31 | Z45: 17 | AA45: 14 | AB45: 8 | AC45: 5 | AD45: 5 | AE45: 6 | AF45: 8 | AG45: 1 | AH45: 4 | AI45: 2 | AJ45: 4 | AK45: 13 | AL45: 7 | AM45: 8 | AN45: 0 | AO45: 0 | AP45: 0 | AQ45: 0 | AR45: 0 | AS45: 0 | AT45: 1 | AU45: 0 | AV45: =SUM(E45:AU45) -> 338
A46: A.2 | C46: 1. Dra. Hj. MA`MULAH HARUN, M.Pd.I. | E46: 12 | F46: 5 | G46: 3 | H46: 12 | I46: 12 | J46: 8 | K46: 4 | L46: 20 | M46: 11 | N46: 12 | O46: 25 | P46: 14 | Q46: 11 | R46: 80 | S46: 19 | T46: 79 | U46: 26 | V46: 85 | W46: 116 | X46: 118 | Y46: 75 | Z46: 44 | AA46: 37 | AB46: 28 | AC46: 5 | AD46: 12 | AE46: 18 | AF46: 11 | AG46: 5 | AH46: 9 | AI46: 4 | AJ46: 2 | AK46: 9 | AL46: 17 | AM46: 14 | AN46: 0 | AO46: 0 | AP46: 2 | AQ46: 1 | AR46: 0 | AS46: 0 | AT46: 0 | AU46: 0 | AV46: =SUM(E46:AU46) -> 965
C47: 2. UBAIDILLAH, S.Fil.I. | E47: 1 | F47: 4 | G47: 2 | H47: 0 | I47: 0 | J47: 1 | K47: 0 | L47: 1 | M47: 4 | N47: 4 | O47: 3 | P47: 2 | Q47: 1 | R47: 8 | S47: 4 | T47: 1 | U47: 3 | V47: 2 | W47: 11 | X47: 3 | Y47: 2 | Z47: 2 | AA47: 5 | AB47: 2 | AC47: 0 | AD47: 0 | AE47: 2 | AF47: 2 | AG47: 2 | AH47: 0 | AI47: 0 | AJ47: 4 | AK47: 2 | AL47: 1 | AM47: 9 | AN47: 0 | AO47: 0 | AP47: 0 | AQ47: 0 | AR47: 0 | AS47: 0 | AT47: 0 | AU47: 0 | AV47: =SUM(E47:AU47) -> 88
C48: 3. Ir. H. YOYOK MULYADI, M.Si. | E48: 0 | F48: 0 | G48: 1 | H48: 2 | I48: 3 | J48: 2 | K48: 2 | L48: 0 | M48: 2 | N48: 1 | O48: 1 | P48: 1 | Q48: 0 | R48: 1 | S48: 0 | T48: 1 | U48: 1 | V48: 2 | W48: 1 | X48: 0 | Y48: 1 | Z48: 0 | AA48: 3 | AB48: 1 | AC48: 1 | AD48: 0 | AE48: 0 | AF48: 1 | AG48: 0 | AH48: 0 | AI48: 0 | AJ48: 0 | AK48: 0 | AL48: 1 | AM48: 0 | AN48: 0 | AO48: 0 | AP48: 0 | AQ48: 0 | AR48: 0 | AS48: 0 | AT48: 0 | AU48: 0 | AV48: =SUM(E48:AU48) -> 29
C49: 4. KHOIRUL ANWAR, S.Fil.I. | E49: 0 | F49: 0 | G49: 0 | H49: 0 | I49: 2 | J49: 1 | K49: 2 | L49: 2 | M49: 0 | N49: 2 | O49: 0 | P49: 0 | Q49: 0 | R49: 0 | S49: 1 | T49: 2 | U49: 1 | V49: 1 | W49: 1 | X49: 1 | Y49: 3 | Z49: 0 | AA49: 1 | AB49: 0 | AC49: 1 | AD49: 2 | AE49: 4 | AF49: 1 | AG49: 1 | AH49: 0 | AI49: 0 | AJ49: 1 | AK49: 1 | AL49: 2 | AM49: 1 | AN49: 0 | AO49: 0 | AP49: 0 | AQ49: 0 | AR49: 0 | AS49: 0 | AT49: 0 | AU49: 0 | AV49: =SUM(E49:AU49) -> 34
C50: 5. ARIF WIJAKSANA | E50: 0 | F50: 3 | G50: 1 | H50: 2 | I50: 1 | J50: 0 | K50: 2 | L50: 2 | M50: 0 | N50: 0 | O50: 2 | P50: 1 | Q50: 0 | R50: 3 | S50: 0 | T50: 0 | U50: 0 | V50: 3 | W50: 4 | X50: 5 | Y50: 1 | Z50: 1 | AA50: 1 | AB50: 1 | AC50: 0 | AD50: 0 | AE50: 1 | AF50: 0 | AG50: 0 | AH50: 1 | AI50: 0 | AJ50: 0 | AK50: 1 | AL50: 0 | AM50: 0 | AN50: 0 | AO50: 0 | AP50: 0 | AQ50: 0 | AR50: 0 | AS50: 0 | AT50: 1 | AU50: 0 | AV50: =SUM(E50:AU50) -> 37
C51: 6. Dr. SITI YUMNAH | E51: 1 | F51: 0 | G51: 1 | H51: 1 | I51: 3 | K51: 0 | L51: 0 | M51: 1 | N51: 1 | O51: 0 | P51: 0 | Q51: 0 | R51: 0 | S51: 0 | T51: 0 | U51: 0 | V51: 0 | W51: 1 | X51: 1 | Y51: 0 | Z51: 2 | AA51: 3 | AB51: 0 | AC51: 0 | AD51: 0 | AE51: 0 | AF51: 1 | AG51: 0 | AH51: 0 | AI51: 0 | AJ51: 0 | AK51: 1 | AL51: 0 | AM51: 2 | AN51: 0 | AO51: 0 | AP51: 1 | AQ51: 0 | AR51: 0 | AS51: 0 | AT51: 0 | AU51: 0 | AV51: =SUM(E51:AU51) -> 20
C52: 7. MOHAMMAD ZAINI, M.Pd.I. | E52: 0 | F52: 0 | G52: 0 | H52: 0 | I52: 1 | K52: 0 | L52: 1 | M52: 1 | N52: 0 | O52: 0 | P52: 0 | Q52: 0 | R52: 1 | S52: 0 | T52: 1 | U52: 0 | V52: 0 | W52: 0 | X52: 1 | Y52: 2 | Z52: 1 | AA52: 0 | AB52: 2 | AC52: 0 | AD52: 0 | AE52: 1 | AF52: 1 | AG52: 0 | AH52: 0 | AI52: 0 | AJ52: 0 | AK52: 0 | AL52: 0 | AM52: 0 | AN52: 0 | AO52: 0 | AP52: 0 | AQ52: 0 | AR52: 1 | AS52: 0 | AT52: 0 | AU52: 0 | AV52: =SUM(E52:AU52) -> 14
C53: 8. FAWAIDUL MAKKIYAH | E53: 0 | F53: 0 | G53: 0 | H53: 0 | I53: 0 | K53: 0 | L53: 0 | M53: 1 | N53: 0 | O53: 1 | P53: 0 | Q53: 0 | R53: 0 | S53: 1 | T53: 0 | U53: 0 | V53: 0 | W53: 0 | X53: 0 | Y53: 0 | Z53: 0 | AA53: 0 | AB53: 0 | AC53: 0 | AD53: 1 | AE53: 1 | AF53: 0 | AG53: 0 | AH53: 0 | AI53: 0 | AJ53: 0 | AK53: 0 | AL53: 0 | AM53: 0 | AN53: 0 | AO53: 0 | AP53: 0 | AQ53: 0 | AR53: 0 | AS53: 0 | AT53: 0 | AU53: 0 | AV53: =SUM(E53:AU53) -> 5
C54: 9. IFFAH HIDAYATUR ROHMAH, S.Sos. | E54: 0 | F54: 0 | G54: 0 | H54: 0 | I54: 1 | J54: 0 | K54: 2 | L54: 0 | M54: 1 | N54: 0 | O54: 0 | P54: 0 | Q54: 0 | R54: 0 | S54: 0 | T54: 0 | U54: 0 | V54: 0 | W54: 1 | X54: 1 | Y54: 0 | Z54: 1 | AA54: 0 | AB54: 1 | AC54: 0 | AD54: 1 | AE54: 1 | AF54: 0 | AG54: 0 | AH54: 0 | AI54: 0 | AJ54: 0 | AK54: 0 | AL54: 0 | AM54: 1 | AN54: 0 | AO54: 0 | AP54: 0 | AQ54: 0 | AR54: 0 | AS54: 0 | AT54: 0 | AU54: 0 | AV54: =SUM(E54:AU54) -> 11
A55: B | B55: JUMLAH SUARA SAH PARTAI POLITIK DAN CALON (A1 + A2) | E55: =SUM(E45:E54) -> 19 | F55: =SUM(F45:F54) -> 16 | G55: =SUM(G45:G54) -> 10 | H55: =SUM(H45:H54) -> 21 | I55: =SUM(I45:I54) -> 29 | J55: =SUM(J45:J54) -> 18 | K55: =SUM(K45:K54) -> 12 | L55: =SUM(L45:L54) -> 31 | ... AV55: =SUM(AV45:AV54) -> 1541
A57: A.1 | B57: 2. | C57: Partai Gerakan Indonesia Raya | E57: 8 | F57: 2 | G57: 7 | H57: 7 | I57: 7 | J57: 11 | K57: 3 | L57: 10 | M57: 16 | N57: 19 | O57: 10 | P57: 9 | Q57: 10 | R57: 3 | S57: 8 | T57: 2 | U57: 9 | V57: 6 | W57: 1 | X57: 3 | Y57: 7 | Z57: 12 | AA57: 14 | AB57: 12 | AC57: 7 | AD57: 5 | AE57: 17 | AF57: 7 | AG57: 9 | AH57: 6 | AI57: 5 | AJ57: 9 | AK57: 16 | AL57: 8 | AM57: 14 | AN57: 0 | AO57: 0 | AP57: 0 | AQ57: 0 | AR57: 0 | AS57: 0 | AT57: 0 | AU57: 0 | AV57: =SUM(E57:AU57) -> 299
A58: A.2 | C58: 1. AHMAD HADINUDDIN, S.Pd.I. | E58: 4 | F58: 14 | G58: 5 | H58: 8 | I58: 10 | J58: 5 | K58: 6 | L58: 9 | M58: 10 | N58: 8 | O58: 5 | P58: 2 | Q58: 6 | R58: 10 | S58: 2 | T58: 22 | U58: 37 | V58: 18 | W58: 16 | X58: 14 | Y58: 6 | Z58: 19 | AA58: 23 | AB58: 18 | AC58: 12 | AD58: 6 | AE58: 7 | AF58: 6 | AG58: 8 | AH58: 4 | AI58: 3 | AJ58: 2 | AK58: 4 | AL58: 12 | AM58: 7 | AN58: 0 | AO58: 0 | AP58: 0 | AQ58: 0 | AR58: 0 | AS58: 0 | AT58: 0 | AU58: 0 | AV58: =SUM(E58:AU58) -> 348
C59: 2. BIMA RAFSANJANI RAFID | E59: 23 | F59: 11 | G59: 8 | H59: 23 | I59: 7 | J59: 8 | K59: 96 | L59: 30 | M59: 33 | N59: 25 | O59: 14 | P59: 30 | Q59: 18 | R59: 4 | S59: 21 | T59: 2 | U59: 10 | V59: 3 | W59: 2 | X59: 2 | Y59: 11 | Z59: 37 | AA59: 30 | AB59: 26 | AC59: 21 | AD59: 23 | AE59: 40 | AF59: 16 | AG59: 59 | AH59: 13 | AI59: 78 | AJ59: 12 | AK59: 10 | AL59: 22 | AM59: 31 | AN59: 0 | AO59: 0 | AP59: 0 | AQ59: 0 | AR59: 0 | AS59: 0 | AT59: 0 | AU59: 0 | AV59: =SUM(E59:AU59) -> 799
C60: 3. IRA DAMAYANTI | E60: 0 | F60: 1 | G60: 2 | H60: 4 | I60: 1 | J60: 4 | K60: 6 | L60: 0 | M60: 2 | N60: 5 | O60: 2 | P60: 1 | Q60: 4 | R60: 1 | S60: 3 | T60: 0 | U60: 2 | V60: 0 | W60: 0 | X60: 1 | Y60: 0 | Z60: 2 | AA60: 3 | AB60: 1 | AC60: 0 | AD60: 2 | AE60: 2 | AF60: 1 | AG60: 1 | AH60: 0 | AI60: 2 | AJ60: 2 | AK60: 0 | AL60: 1 | AM60: 1 | AN60: 0 | AO60: 0 | AP60: 0 | AQ60: 0 | AR60: 0 | AS60: 0 | AT60: 0 | AU60: 0 | AV60: =SUM(E60:AU60) -> 57
C61: 4. MAULANA MALIK IBRAHIM, S.H. | E61: 1 | F61: 0 | G61: 1 | H61: 2 | I61: 2 | J61: 0 | K61: 2 | L61: 7 | M61: 5 | N61: 1 | O61: 3 | P61: 1 | Q61: 1 | R61: 0 | S61: 0 | T61: 4 | U61: 5 | V61: 2 | W61: 1 | X61: 0 | Y61: 3 | Z61: 4 | AA61: 2 | AB61: 3 | AC61: 28 | AD61: 22 | AE61: 0 | AF61: 2 | AG61: 13 | AH61: 9 | AI61: 2 | AJ61: 10 | AK61: 3 | AL61: 74 | AM61: 5 | AN61: 0 | AO61: 0 | AP61: 0 | AQ61: 0 | AR61: 0 | AS61: 0 | AT61: 0 | AU61: 0 | AV61: =SUM(E61:AU61) -> 218
C62: 5. LULUK ALFIATI | E62: 0 | F62: 2 | G62: 1 | H62: 1 | I62: 0 | J62: 1 | K62: 2 | L62: 3 | M62: 2 | N62: 2 | O62: 4 | P62: 1 | Q62: 0 | R62: 0 | S62: 4 | T62: 1 | U62: 1 | V62: 0 | W62: 0 | X62: 1 | Y62: 2 | Z62: 1 | AA62: 0 | AB62: 2 | AC62: 1 | AD62: 2 | AE62: 0 | AF62: 1 | AG62: 0 | AH62: 0 | AI62: 0 | AJ62: 0 | AK62: 2 | AL62: 0 | AM62: 0 | AN62: 0 | AO62: 0 | AP62: 0 | AQ62: 0 | AR62: 0 | AS62: 0 | AT62: 0 | AU62: 0 | AV62: =SUM(E62:AU62) -> 37
C63: 6. ILHAM WAHYUDI, S.H. | E63: 1 | F63: 1 | G63: 0 | H63: 0 | I63: 2 | J63: 0 | K63: 0 | L63: 1 | M63: 2 | N63: 0 | O63: 0 | P63: 0 | Q63: 1 | R63: 0 | S63: 0 | T63: 0 | U63: 0 | V63: 0 | W63: 0 | X63: 0 | Y63: 0 | Z63: 1 | AA63: 0 | AB63: 0 | AC63: 1 | AD63: 0 | AE63: 0 | AF63: 0 | AG63: 0 | AH63: 0 | AI63: 0 | AJ63: 0 | AK63: 0 | AL63: 1 | AM63: 0 | AN63: 0 | AO63: 0 | AP63: 0 | AQ63: 0 | AR63: 0 | AS63: 0 | AT63: 0 | AU63: 0 | AV63: =SUM(E63:AU63) -> 11
C64: 7. HAERUL ANWAR, S.Pd.I. | E64: 0 | F64: 0 | G64: 0 | H64: 0 | I64: 0 | J64: 1 | K64: 0 | L64: 0 | M64: 0 | N64: 0 | O64: 1 | P64: 1 | Q64: 0 | R64: 1 | S64: 0 | T64: 0 | U64: 1 | V64: 0 | W64: 0 | X64: 0 | Y64: 0 | Z64: 0 | AA64: 0 | AB64: 0 | AC64: 1 | AD64: 0 | AE64: 0 | AF64: 0 | AG64: 0 | AH64: 0 | AI64: 0 | AJ64: 0 | AK64: 0 | AL64: 0 | AM64: 0 | AN64: 0 | AO64: 0 | AP64: 0 | AQ64: 0 | AR64: 0 | AS64: 0 | AT64: 0 | AU64: 0 | AV64: =SUM(E64:AU64) -> 6
C65: 8. YOVI ADHITYA WARDANI | E65: 0 | F65: 0 | G65: 0 | H65: 0 | I65: 0 | J65: 0 | K65: 0 | L65: 0 | M65: 1 | N65: 1 | O65: 1 | P65: 0 | Q65: 0 | R65: 0 | S65: 0 | T65: 0 | U65: 0 | V65: 0 | W65: 0 | X65: 0 | Y65: 0 | Z65: 1 | AA65: 0 | AB65: 1 | AC65: 0 | AD65: 0 | AE65: 0 | AF65: 0 | AG65: 0 | AH65: 1 | AI65: 0 | AJ65: 0 | AK65: 0 | AL65: 0 | AM65: 0 | AN65: 0 | AO65: 0 | AP65: 0 | AQ65: 0 | AR65: 0 | AS65: 0 | AT65: 0 | AU65: 0 | AV65: =SUM(E65:AU65) -> 6
C66: 9. RITA AMELIA | E66: 1 | F66: 0 | G66: 2 | H66: 1 | I66: 1 | J66: 0 | K66: 1 | L66: 0 | M66: 2 | N66: 0 | O66: 0 | P66: 0 | Q66: 1 | R66: 0 | S66: 1 | T66: 0 | U66: 1 | V66: 0 | W66: 1 | X66: 0 | Y66: 1 | Z66: 1 | AA66: 0 | AB66: 0 | AC66: 0 | AD66: 1 | AE66: 1 | AF66: 1 | AG66: 0 | AH66: 0 | AI66: 0 | AJ66: 0 | AK66: 1 | AL66: 0 | AM66: 0 | AN66: 0 | AO66: 0 | AP66: 0 | AQ66: 0 | AR66: 0 | AS66: 0 | AT66: 0 | AU66: 0 | AV66: =SUM(E66:AU66) -> 18
A67: B | B67: JUMLAH SUARA SAH PARTAI POLITIK DAN CALON (A1 + A2) | E67: =SUM(E57:E66) -> 38 | F67: =SUM(F57:F66) -> 31 | G67: =SUM(G57:G66) -> 26 | H67: =SUM(H57:H66) -> 46 | I67: =SUM(I57:I66) -> 30 | J67: =SUM(J57:J66) -> 30 | K67: =SUM(K57:K66) -> 116 | L67: =SUM(L57:L66) -> 60 | ... AV67: =SUM(AV57:AV66) -> 1799
A69: A.1 | B69: 3. | C69: Partai Demokrasi Indonesia Perjuangan | E69: 30 | F69: 25 | G69: 33 | H69: 22 | I69: 26 | J69: 31 | K69: 4 | L69: 14 | M69: 13 | N69: 24 | O69: 15 | P69: 12 | Q69: 9 | R69: 5 | S69: 9 | T69: 10 | U69: 15 | V69: 2 | W69: 0 | X69: 2 | Y69: 3 | Z69: 5 | AA69: 12 | AB69: 36 | AC69: 13 | AD69: 19 | AE69: 16 | AF69: 26 | AG69: 12 | AH69: 26 | AI69: 15 | AJ69: 22 | AK69: 10 | AL69: 7 | AM69: 20 | AN69: 0 | AO69: 0 | AP69: 0 | AQ69: 0 | AR69: 0 | AS69: 0 | AT69: 0 | AU69: 0 | AV69: =SUM(E69:AU69) -> 543
A70: A.2 | C70: 1. MARTIN H., S.H., M.H. | E70: 24 | F70: 38 | G70: 21 | H70: 42 | I70: 15 | J70: 16 | K70: 5 | L70: 11 | M70: 0 | N70: 8 | O70: 10 | P70: 5 | Q70: 9 | R70: 2 | S70: 4 | T70: 2 | U70: 7 | V70: 1 | W70: 1 | X70: 2 | Y70: 2 | Z70: 1 | AA70: 4 | AB70: 5 | AC70: 3 | AD70: 4 | AE70: 9 | AF70: 9 | AG70: 14 | AH70: 17 | AI70: 18 | AJ70: 16 | AK70: 5 | AL70: 8 | AM70: 4 | AN70: 0 | AO70: 0 | AP70: 0 | AQ70: 0 | AR70: 0 | AS70: 0 | AT70: 0 | AU70: 0 | AV70: =SUM(E70:AU70) -> 342
C71: 2. HERMANTO, S.E. | E71: 12 | F71: 43 | G71: 9 | H71: 19 | I71: 11 | J71: 5 | K71: 5 | L71: 5 | M71: 2 | N71: 8 | O71: 6 | P71: 4 | Q71: 5 | R71: 2 | S71: 4 | T71: 5 | U71: 5 | V71: 5 | W71: 0 | X71: 1 | Y71: 2 | Z71: 1 | AA71: 5 | AB71: 2 | AC71: 5 | AD71: 3 | AE71: 3 | AF71: 2 | AG71: 5 | AH71: 7 | AI71: 7 | AJ71: 19 | AK71: 2 | AL71: 6 | AM71: 2 | AN71: 0 | AO71: 0 | AP71: 0 | AQ71: 0 | AR71: 0 | AS71: 0 | AT71: 0 | AU71: 0 | AV71: =SUM(E71:AU71) -> 227
C72: 3. EVY SUSILAWATI, S.E., M.M. | E72: 10 | F72: 11 | G72: 9 | H72: 6 | I72: 5 | J72: 7 | K72: 6 | L72: 6 | M72: 5 | N72: 3 | O72: 3 | P72: 1 | Q72: 5 | R72: 3 | S72: 1 | T72: 5 | U72: 1 | V72: 0 | W72: 1 | X72: 2 | Y72: 0 | Z72: 2 | AA72: 5 | AB72: 6 | AC72: 4 | AD72: 4 | AE72: 2 | AF72: 2 | AG72: 7 | AH72: 2 | AI72: 10 | AJ72: 3 | AK72: 6 | AL72: 6 | AM72: 0 | AN72: 0 | AO72: 0 | AP72: 0 | AQ72: 0 | AR72: 0 | AS72: 0 | AT72: 0 | AU72: 0 | AV72: =SUM(E72:AU72) -> 149
C73: 4. M. SIROTTUDIN | E73: 4 | F73: 6 | G73: 4 | H73: 4 | I73: 12 | J73: 5 | K73: 4 | L73: 13 | M73: 6 | N73: 5 | O73: 6 | P73: 9 | Q73: 2 | R73: 2 | S73: 5 | T73: 3 | U73: 6 | V73: 4 | W73: 0 | X73: 0 | Y73: 7 | Z73: 2 | AA73: 2 | AB73: 10 | AC73: 12 | AD73: 5 | AE73: 6 | AF73: 13 | AG73: 5 | AH73: 4 | AI73: 5 | AJ73: 11 | AK73: 4 | AL73: 3 | AM73: 2 | AN73: 0 | AO73: 0 | AP73: 0 | AQ73: 0 | AR73: 0 | AS73: 0 | AT73: 0 | AU73: 0 | AV73: =SUM(E73:AU73) -> 191
C74: 5. ABDUL HAFID, S.H. | E74: 4 | F74: 2 | G74: 13 | H74: 6 | I74: 5 | J74: 4 | K74: 3 | L74: 4 | M74: 3 | N74: 4 | O74: 2 | P74: 2 | Q74: 2 | R74: 2 | S74: 2 | T74: 2 | U74: 2 | V74: 0 | W74: 0 | X74: 0 | Y74: 2 | Z74: 0 | AA74: 0 | AB74: 2 | AC74: 4 | AD74: 2 | AE74: 1 | AF74: 1 | AG74: 3 | AH74: 1 | AI74: 1 | AJ74: 2 | AK74: 0 | AL74: 4 | AM74: 2 | AN74: 0 | AO74: 0 | AP74: 0 | AQ74: 0 | AR74: 0 | AS74: 0 | AT74: 0 | AU74: 0 | AV74: =SUM(E74:AU74) -> 87
C75: 6. NIKITA FORTUNA SURYANINGATI, A.Md.Keb. | E75: 4 | F75: 4 | G75: 1 | H75: 4 | I75: 5 | J75: 1 | K75: 3 | L75: 2 | M75: 4 | N75: 2 | O75: 0 | P75: 2 | Q75: 0 | R75: 1 | S75: 3 | T75: 2 | U75: 2 | V75: 0 | W75: 0 | X75: 0 | Y75: 3 | Z75: 2 | AA75: 0 | AB75: 2 | AC75: 2 | AD75: 2 | AE75: 0 | AF75: 1 | AG75: 0 | AH75: 0 | AI75: 0 | AJ75: 0 | AK75: 0 | AL75: 1 | AM75: 3 | AN75: 0 | AO75: 0 | AP75: 0 | AQ75: 0 | AR75: 0 | AS75: 0 | AT75: 0 | AU75: 0 | AV75: =SUM(E75:AU75) -> 56
C76: 7. YUDHO ILHAM WIJAYA, S.E. | E76: 1 | F76: 1 | G76: 0 | H76: 2 | I76: 2 | J76: 1 | K76: 2 | L76: 1 | M76: 0 | N76: 1 | O76: 1 | P76: 0 | Q76: 0 | R76: 1 | S76: 1 | T76: 1 | U76: 0 | V76: 0 | W76: 0 | X76: 1 | Y76: 1 | Z76: 1 | AA76: 2 | AB76: 1 | AC76: 1 | AD76: 1 | AE76: 1 | AF76: 1 | AG76: 0 | AH76: 1 | AI76: 0 | AJ76: 2 | AK76: 0 | AL76: 1 | AM76: 0 | AN76: 0 | AO76: 0 | AP76: 0 | AQ76: 0 | AR76: 0 | AS76: 0 | AT76: 0 | AU76: 0 | AV76: =SUM(E76:AU76) -> 29
C77: 8. SETIAWATI, S.H. | E77: 3 | F77: 0 | G77: 2 | H77: 0 | I77: 1 | J77: 0 | K77: 1 | L77: 3 | M77: 0 | N77: 1 | O77: 2 | P77: 0 | Q77: 0 | R77: 0 | S77: 0 | T77: 1 | U77: 2 | V77: 0 | W77: 0 | X77: 0 | Y77: 0 | Z77: 1 | AA77: 2 | AB77: 1 | AC77: 0 | AD77: 2 | AE77: 0 | AF77: 1 | AG77: 0 | AH77: 2 | AI77: 0 | AJ77: 0 | AK77: 0 | AL77: 0 | AM77: 0 | AN77: 0 | AO77: 0 | AP77: 0 | AQ77: 0 | AR77: 0 | AS77: 0 | AT77: 0 | AU77: 0 | AV77: =SUM(E77:AU77) -> 25
C78: 9. EKO BUDI SANTOSO, S.H. | E78: 2 | F78: 5 | G78: 1 | H78: 1 | I78: 3 | J78: 0 | K78: 0 | L78: 2 | M78: 1 | N78: 0 | O78: 1 | P78: 0 | Q78: 1 | R78: 0 | S78: 0 | T78: 1 | U78: 2 | V78: 0 | W78: 0 | X78: 0 | Y78: 0 | Z78: 0 | AA78: 1 | AB78: 1 | AC78: 0 | AD78: 0 | AE78: 0 | AF78: 1 | AG78: 0 | AH78: 0 | AI78: 1 | AJ78: 0 | AK78: 1 | AL78: 0 | AM78: 1 | AN78: 0 | AO78: 0 | AP78: 0 | AQ78: 0 | AR78: 0 | AS78: 0 | AT78: 0 | AU78: 0 | AV78: =SUM(E78:AU78) -> 26
A79: B | B79: JUMLAH SUARA SAH PARTAI POLITIK DAN CALON (A1 + A2) | E79: =SUM(E69:E78) -> 94 | F79: =SUM(F69:F78) -> 135 | G79: =SUM(G69:G78) -> 93 | H79: =SUM(H69:H78) -> 106 | I79: =SUM(I69:I78) -> 85 | J79: =SUM(J69:J78) -> 70 | K79: =SUM(K69:K78) -> 33 | L79: =SUM(L69:L78) -> 61 | ... AV79: =SUM(AV69:AV78) -> 1675
A81: A.1 | B81: 4. | C81: Partai Golongan Karya | E81: 8 | F81: 6 | G81: 7 | H81: 4 | I81: 8 | J81: 5 | K81: 0 | L81: 3 | M81: 4 | N81: 4 | O81: 4 | P81: 2 | Q81: 4 | R81: 2 | S81: 16 | T81: 2 | U81: 0 | V81: 0 | W81: 0 | X81: 1 | Y81: 0 | Z81: 2 | AA81: 1 | AB81: 2 | AC81: 3 | AD81: 1 | AE81: 1 | AF81: 4 | AG81: 1 | AH81: 0 | AI81: 3 | AJ81: 3 | AK81: 3 | AL81: 2 | AM81: 3 | AN81: 0 | AO81: 0 | AP81: 0 | AQ81: 0 | AR81: 0 | AS81: 0 | AT81: 0 | AU81: 0 | AV81: =SUM(E81:AU81) -> 109
A82: A.2 | C82: 1. PRANAYA YUDHA MAHARDHIKA | E82: 5 | F82: 4 | G82: 6 | H82: 2 | I82: 1 | J82: 1 | K82: 1 | L82: 4 | M82: 2 | N82: 1 | O82: 0 | P82: 1 | Q82: 1 | R82: 0 | S82: 0 | T82: 1 | U82: 10 | V82: 5 | W82: 0 | X82: 1 | Y82: 2 | Z82: 0 | AA82: 3 | AB82: 3 | AC82: 2 | AD82: 0 | AE82: 3 | AF82: 12 | AG82: 7 | AH82: 1 | AI82: 14 | AJ82: 3 | AK82: 2 | AL82: 4 | AM82: 2 | AN82: 0 | AO82: 0 | AP82: 0 | AQ82: 0 | AR82: 0 | AS82: 0 | AT82: 0 | AU82: 0 | AV82: =SUM(E82:AU82) -> 104
C83: 2. Dra. Ec. ENDANG SULASTUTY, M.I.P. | E83: 2 | F83: 1 | G83: 0 | H83: 0 | I83: 0 | J83: 0 | K83: 0 | L83: 1 | M83: 0 | N83: 0 | O83: 1 | P83: 0 | Q83: 0 | R83: 0 | S83: 0 | T83: 1 | U83: 1 | V83: 0 | W83: 0 | X83: 0 | Y83: 0 | Z83: 0 | AA83: 0 | AB83: 0 | AC83: 0 | AD83: 1 | AE83: 0 | AF83: 0 | AG83: 0 | AH83: 0 | AI83: 0 | AJ83: 0 | AK83: 0 | AL83: 0 | AM83: 1 | AN83: 0 | AO83: 0 | AP83: 0 | AQ83: 0 | AR83: 0 | AS83: 0 | AT83: 0 | AU83: 0 | AV83: =SUM(E83:AU83) -> 9
C84: 3. AGUS REJEKI WARTONO | E84: 1 | F84: 2 | G84: 0 | H84: 0 | I84: 2 | J84: 1 | K84: 0 | L84: 0 | M84: 1 | N84: 0 | O84: 0 | P84: 0 | Q84: 1 | R84: 0 | S84: 1 | T84: 0 | U84: 1 | V84: 0 | W84: 0 | X84: 0 | Y84: 0 | Z84: 1 | AA84: 1 | AB84: 0 | AC84: 2 | AD84: 0 | AE84: 0 | AF84: 1 | AG84: 0 | AH84: 1 | AI84: 2 | AJ84: 0 | AK84: 0 | AL84: 1 | AM84: 1 | AN84: 0 | AO84: 0 | AP84: 0 | AQ84: 0 | AR84: 0 | AS84: 0 | AT84: 0 | AU84: 0 | AV84: =SUM(E84:AU84) -> 20
C85: 4. Hj. TUTUK ASMA'A ZUCHROH, S.T., M.T. | E85: 0 | F85: 2 | G85: 0 | H85: 0 | I85: 4 | J85: 2 | K85: 1 | L85: 2 | M85: 2 | N85: 0 | O85: 1 | P85: 1 | Q85: 2 | R85: 0 | S85: 1 | T85: 0 | U85: 1 | V85: 0 | W85: 0 | X85: 0 | Y85: 1 | Z85: 1 | AA85: 1 | AB85: 0 | AC85: 1 | AD85: 0 | AE85: 2 | AF85: 1 | AG85: 0 | AH85: 0 | AI85: 0 | AJ85: 0 | AK85: 1 | AL85: 0 | AM85: 1 | AN85: 0 | AO85: 0 | AP85: 0 | AQ85: 0 | AR85: 0 | AS85: 0 | AT85: 0 | AU85: 0 | AV85: =SUM(E85:AU85) -> 28
C86: 5. ADE M. RIZKI, S.E. | E86: 7 | F86: 0 | G86: 0 | H86: 0 | I86: 0 | J86: 0 | K86: 0 | L86: 1 | M86: 1 | N86: 3 | O86: 1 | P86: 1 | Q86: 0 | R86: 0 | S86: 0 | T86: 0 | U86: 0 | V86: 0 | W86: 0 | X86: 0 | Y86: 0 | Z86: 1 | AA86: 0 | AB86: 0 | AC86: 1 | AD86: 0 | AE86: 0 | AF86: 2 | AG86: 0 | AH86: 3 | AI86: 0 | AJ86: 5 | AK86: 0 | AL86: 2 | AM86: 1 | AN86: 0 | AO86: 0 | AP86: 0 | AQ86: 0 | AR86: 0 | AS86: 0 | AT86: 0 | AU86: 0 | AV86: =SUM(E86:AU86) -> 29
C87: 6. ABDURAKHMAN, Bc.Kn. | E87: 0 | F87: 0 | G87: 0 | H87: 0 | I87: 0 | J87: 0 | K87: 0 | L87: 0 | M87: 0 | N87: 1 | O87: 0 | P87: 0 | Q87: 0 | R87: 0 | S87: 0 | T87: 0 | U87: 0 | V87: 0 | W87: 0 | X87: 0 | Y87: 0 | Z87: 0 | AA87: 0 | AB87: 0 | AC87: 0 | AD87: 0 | AE87: 0 | AF87: 0 | AG87: 0 | AH87: 0 | AI87: 1 | AJ87: 0 | AK87: 0 | AL87: 2 | AM87: 0 | AN87: 0 | AO87: 0 | AP87: 0 | AQ87: 0 | AR87: 0 | AS87: 0 | AT87: 0 | AU87: 0 | AV87: =SUM(E87:AU87) -> 4
C88: 7. CENDY RHIYAN ADI PUTRI | E88: 1 | F88: 0 | G88: 0 | H88: 0 | I88: 0 | J88: 0 | K88: 0 | L88: 0 | M88: 0 | N88: 0 | O88: 0 | P88: 0 | Q88: 0 | R88: 0 | S88: 0 | T88: 0 | U88: 0 | V88: 0 | W88: 0 | X88: 0 | Y88: 0 | Z88: 0 | AA88: 0 | AB88: 0 | AC88: 0 | AD88: 0 | AE88: 0 | AF88: 0 | AG88: 0 | AH88: 0 | AI88: 0 | AJ88: 0 | AK88: 0 | AL88: 0 | AM88: 0 | AN88: 0 | AO88: 0 | AP88: 0 | AQ88: 0 | AR88: 0 | AS88: 0 | AT88: 0 | AU88: 0 | AV88: =SUM(E88:AU88) -> 1
C89: 8. BAKTI WIJAYANTO, S.E. | E89: 0 | F89: 0 | G89: 0 | H89: 0 | I89: 0 | J89: 0 | K89: 0 | L89: 0 | M89: 1 | N89: 0 | O89: 0 | P89: 0 | Q89: 0 | R89: 0 | S89: 0 | T89: 0 | U89: 2 | V89: 0 | W89: 0 | X89: 0 | Y89: 0 | Z89: 0 | AA89: 0 | AB89: 0 | AC89: 1 | AD89: 0 | AE89: 0 | AF89: 0 | AG89: 0 | AH89: 0 | AI89: 0 | AJ89: 0 | AK89: 0 | AL89: 0 | AM89: 0 | AN89: 0 | AO89: 0 | AP89: 0 | AQ89: 0 | AR89: 0 | AS89: 0 | AT89: 0 | AU89: 0 | AV89: =SUM(E89:AU89) -> 4
C90: 9. AHMAD UBAIDILLAH | E90: 0 | F90: 0 | G90: 0 | H90: 0 | I90: 1 | J90: 0 | K90: 0 | L90: 0 | M90: 0 | N90: 2 | O90: 1 | P90: 0 | Q90: 0 | R90: 0 | S90: 0 | T90: 1 | U90: 0 | V90: 0 | W90: 0 | X90: 0 | Y90: 0 | Z90: 0 | AA90: 0 | AB90: 1 | AC90: 0 | AD90: 0 | AE90: 1 | AF90: 0 | AG90: 0 | AH90: 0 | AI90: 0 | AJ90: 0 | AK90: 0 | AL90: 0 | AM90: 1 | AN90: 0 | AO90: 0 | AP90: 0 | AQ90: 0 | AR90: 0 | AS90: 0 | AT90: 0 | AU90: 0 | AV90: =SUM(E90:AU90) -> 8
A91: B | B91: JUMLAH SUARA SAH PARTAI POLITIK DAN CALON (A1 + A2) | E91: =SUM(E81:E90) -> 24 | F91: =SUM(F81:F90) -> 15 | G91: =SUM(G81:G90) -> 13 | H91: =SUM(H81:H90) -> 6 | I91: =SUM(I81:I90) -> 16 | J91: =SUM(J81:J90) -> 9 | K91: =SUM(K81:K90) -> 2 | L91: =SUM(L81:L90) -> 11 | ... AV91: =SUM(AV81:AV90) -> 316
A93: A.1 | B93: 5. | C93: Partai NasDem | E93: 2 | F93: 1 | G93: 0 | H93: 1 | I93: 1 | J93: 1 | K93: 0 | L93: 0 | M93: 0 | N93: 0 | O93: 0 | P93: 2 | Q93: 1 | R93: 0 | S93: 1 | T93: 1 | U93: 0 | V93: 1 | W93: 0 | X93: 0 | Y93: 0 | Z93: 0 | AA93: 0 | AB93: 1 | AC93: 0 | AD93: 1 | AE93: 0 | AF93: 0 | AG93: 0 | AH93: 1 | AI93: 0 | AJ93: 0 | AK93: 2 | AL93: 1 | AM93: 2 | AN93: 0 | AO93: 0 | AP93: 0 | AQ93: 0 | AR93: 0 | AS93: 0 | AT93: 0 | AU93: 0 | AV93: =SUM(E93:AU93) -> 20
A94: A.2 | C94: 1. ALI MUSTOFA, A.Md. | E94: 6 | F94: 0 | G94: 0 | H94: 0 | I94: 0 | J94: 0 | K94: 1 | L94: 0 | M94: 2 | N94: 0 | O94: 15 | P94: 9 | Q94: 1 | R94: 0 | S94: 0 | T94: 7 | U94: 1 | V94: 1 | W94: 1 | X94: 0 | Y94: 2 | Z94: 0 | AA94: 8 | AB94: 1 | AC94: 1 | AD94: 2 | AE94: 1 | AF94: 1 | AG94: 0 | AH94: 1 | AI94: 0 | AJ94: 1 | AK94: 0 | AL94: 4 | AM94: 5 | AN94: 0 | AO94: 0 | AP94: 0 | AQ94: 0 | AR94: 0 | AS94: 0 | AT94: 0 | AU94: 0 | AV94: =SUM(E94:AU94) -> 71
C95: 2. Hj. BUAMI, S.H. | E95: 0 | F95: 0 | G95: 0 | H95: 0 | I95: 0 | J95: 0 | K95: 0 | L95: 0 | M95: 0 | N95: 0 | O95: 0 | P95: 1 | Q95: 0 | R95: 0 | S95: 0 | T95: 0 | U95: 0 | V95: 0 | W95: 0 | X95: 0 | Y95: 0 | Z95: 0 | AA95: 0 | AB95: 0 | AC95: 0 | AD95: 0 | AE95: 1 | AF95: 0 | AG95: 0 | AH95: 0 | AI95: 0 | AJ95: 0 | AK95: 0 | AL95: 0 | AM95: 1 | AN95: 0 | AO95: 0 | AP95: 0 | AQ95: 0 | AR95: 0 | AS95: 0 | AT95: 0 | AU95: 0 | AV95: =SUM(E95:AU95) -> 3
C96: 3. SUGIONO, S.H. | E96: 0 | F96: 0 | G96: 0 | H96: 0 | I96: 0 | J96: 0 | K96: 0 | L96: 0 | M96: 0 | N96: 0 | O96: 0 | P96: 0 | Q96: 0 | R96: 0 | S96: 0 | T96: 1 | U96: 0 | V96: 0 | W96: 0 | X96: 0 | Y96: 0 | Z96: 0 | AA96: 0 | AB96: 0 | AC96: 0 | AD96: 0 | AE96: 0 | AF96: 0 | AG96: 0 | AH96: 0 | AI96: 0 | AJ96: 0 | AK96: 0 | AL96: 0 | AM96: 0 | AN96: 0 | AO96: 0 | AP96: 0 | AQ96: 0 | AR96: 0 | AS96: 0 | AT96: 0 | AU96: 0 | AV96: =SUM(E96:AU96) -> 1
C97: 4. LULUK SUNARMIATININGSIH | E97: 0 | F97: 0 | G97: 0 | H97: 0 | I97: 0 | J97: 0 | K97: 0 | L97: 0 | M97: 0 | N97: 0 | O97: 1 | P97: 0 | Q97: 0 | R97: 0 | S97: 0 | T97: 0 | U97: 0 | V97: 0 | W97: 0 | X97: 0 | Y97: 0 | Z97: 0 | AA97: 1 | AB97: 0 | AC97: 0 | AD97: 0 | AE97: 0 | AF97: 0 | AG97: 0 | AH97: 0 | AI97: 0 | AJ97: 0 | AK97: 0 | AL97: 1 | AM97: 1 | AN97: 0 | AO97: 0 | AP97: 0 | AQ97: 0 | AR97: 0 | AS97: 0 | AT97: 0 | AU97: 0 | AV97: =SUM(E97:AU97) -> 4
C98: 5. ANTON DJULIANTO ADI | E98: 0 | F98: 0 | G98: 0 | H98: 0 | I98: 0 | J98: 0 | K98: 0 | L98: 0 | M98: 0 | N98: 1 | O98: 0 | P98: 0 | Q98: 0 | R98: 0 | S98: 0 | T98: 0 | U98: 0 | V98: 0 | W98: 0 | X98: 0 | Y98: 0 | Z98: 0 | AA98: 0 | AB98: 0 | AC98: 0 | AD98: 0 | AE98: 0 | AF98: 0 | AG98: 0 | AH98: 0 | AI98: 0 | AJ98: 0 | AK98: 0 | AL98: 0 | AM98: 0 | AN98: 0 | AO98: 0 | AP98: 0 | AQ98: 0 | AR98: 0 | AS98: 0 | AT98: 0 | AU98: 0 | AV98: =SUM(E98:AU98) -> 1
C99: 6. MOKHAMAD ROFI'I KHUSNAN | E99: 0 | F99: 0 | G99: 0 | H99: 0 | I99: 0 | J99: 1 | K99: 0 | L99: 0 | M99: 0 | N99: 0 | O99: 0 | P99: 0 | Q99: 0 | R99: 0 | S99: 0 | T99: 0 | U99: 0 | V99: 0 | W99: 0 | X99: 0 | Y99: 0 | Z99: 0 | AA99: 0 | AB99: 0 | AC99: 0 | AD99: 0 | AE99: 0 | AF99: 0 | AG99: 0 | AH99: 0 | AI99: 0 | AJ99: 0 | AK99: 0 | AL99: 0 | AM99: 0 | AN99: 0 | AO99: 0 | AP99: 0 | AQ99: 0 | AR99: 0 | AS99: 0 | AT99: 0 | AU99: 0 | AV99: =SUM(E99:AU99) -> 1
C100: 7. Rr SETYO WATI | E100: 0 | F100: 0 | G100: 0 | H100: 0 | I100: 0 | J100: 0 | K100: 0 | L100: 0 | M100: 0 | N100: 0 | O100: 0 | P100: 0 | Q100: 0 | R100: 0 | S100: 0 | T100: 0 | U100: 0 | V100: 0 | W100: 0 | X100: 0 | Y100: 0 | Z100: 0 | AA100: 0 | AB100: 0 | AC100: 1 | AD100: 0 | AE100: 0 | AF100: 0 | AG100: 0 | AH100: 0 | AI100: 0 | AJ100: 0 | AK100: 0 | AL100: 0 | AM100: 0 | AN100: 0 | AO100: 0 | AP100: 0 | AQ100: 0 | AR100: 0 | AS100: 0 | AT100: 0 | AU100: 0 | AV100: =SUM(E100:AU100) -> 1
C101: 8. ABD. KADIR ASSEGAFF | E101: 0 | F101: 0 | G101: 0 | H101: 0 | I101: 0 | J101: 0 | K101: 0 | L101: 0 | M101: 0 | N101: 0 | O101: 0 | P101: 0 | Q101: 0 | R101: 0 | S101: 1 | T101: 1 | U101: 0 | V101: 0 | W101: 0 | X101: 0 | Y101: 0 | Z101: 0 | AA101: 0 | AB101: 0 | AC101: 0 | AD101: 0 | AE101: 0 | AF101: 0 | AG101: 0 | AH101: 0 | AI101: 0 | AJ101: 0 | AK101: 0 | AL101: 0 | AM101: 1 | AN101: 0 | AO101: 0 | AP101: 0 | AQ101: 0 | AR101: 0 | AS101: 0 | AT101: 0 | AU101: 0 | AV101: =SUM(E101:AU101) -> 3
C102: 9. FATHOR ZAINULLAH | E102: 0 | F102: 0 | G102: 0 | H102: 0 | I102: 0 | J102: 0 | K102: 0 | L102: 0 | M102: 0 | N102: 0 | O102: 0 | P102: 0 | Q102: 0 | R102: 0 | S102: 0 | T102: 0 | U102: 0 | V102: 0 | W102: 0 | X102: 0 | Y102: 0 | Z102: 0 | AA102: 0 | AB102: 0 | AC102: 0 | AD102: 0 | AE102: 0 | AF102: 0 | AG102: 0 | AH102: 0 | AI102: 0 | AJ102: 0 | AK102: 0 | AL102: 0 | AM102: 0 | AN102: 0 | AO102: 0 | AP102: 0 | AQ102: 0 | AR102: 0 | AS102: 0 | AT102: 0 | AU102: 0 | AV102: =SUM(E102:AU102) -> 0
A103: B | B103: JUMLAH SUARA SAH PARTAI POLITIK DAN CALON (A1 + A2) | E103: =SUM(E93:E102) -> 8 | F103: =SUM(F93:F102) -> 1 | G103: =SUM(G93:G102) -> 0 | H103: =SUM(H93:H102) -> 1 | I103: =SUM(I93:I102) -> 1 | J103: =SUM(J93:J102) -> 2 | K103: =SUM(K93:K102) -> 1 | L103: =SUM(L93:L102) -> 0 | ... AV103: =SUM(AV93:AV102) -> 105
A105: A.1 | B105: 6. | C105: Partai Buruh | E105: 0 | F105: 0 | G105: 0 | H105: 0 | I105: 0 | J105: 2 | K105: 1 | L105: 0 | M105: 0 | N105: 1 | O105: 2 | P105: 0 | Q105: 0 | R105: 0 | S105: 1 | T105: 0 | U105: 2 | V105: 0 | W105: 0 | X105: 0 | Y105: 1 | Z105: 1 | AA105: 0 | AB105: 0 | AC105: 0 | AD105: 3 | AE105: 0 | AF105: 2 | AG105: 1 | AH105: 0 | AI105: 0 | AJ105: 0 | AK105: 3 | AL105: 1 | AM105: 1 | AN105: 0 | AO105: 0 | AP105: 0 | AQ105: 0 | AR105: 0 | AS105: 0 | AT105: 0 | AU105: 0 | AV105: =SUM(E105:AU105) -> 22
A106: A.2 | C106: 1. AGUS SUPRIYADI | E106: 0 | F106: 0 | G106: 0 | H106: 0 | I106: 1 | J106: 0 | K106: 0 | L106: 0 | M106: 0 | N106: 0 | O106: 1 | P106: 0 | Q106: 0 | R106: 0 | S106: 0 | T106: 0 | U106: 0 | V106: 0 | W106: 0 | X106: 0 | Y106: 1 | Z106: 0 | AA106: 0 | AB106: 0 | AC106: 0 | AD106: 0 | AE106: 0 | AF106: 1 | AG106: 0 | AH106: 0 | AI106: 0 | AJ106: 0 | AK106: 0 | AL106: 0 | AM106: 0 | AN106: 0 | AO106: 0 | AP106: 0 | AQ106: 0 | AR106: 0 | AS106: 0 | AT106: 0 | AU106: 0 | AV106: =SUM(E106:AU106) -> 4
C107: 2. ENI HARIATI | E107: 0 | F107: 0 | G107: 0 | H107: 0 | I107: 0 | J107: 0 | K107: 0 | L107: 0 | M107: 0 | N107: 1 | O107: 0 | P107: 0 | Q107: 0 | R107: 0 | S107: 0 | T107: 0 | U107: 0 | V107: 0 | W107: 0 | X107: 0 | Y107: 0 | Z107: 0 | AA107: 0 | AB107: 0 | AC107: 0 | AD107: 0 | AE107: 0 | AF107: 0 | AG107: 0 | AH107: 0 | AI107: 0 | AJ107: 0 | AK107: 0 | AL107: 1 | AM107: 1 | AN107: 0 | AO107: 0 | AP107: 0 | AQ107: 0 | AR107: 0 | AS107: 0 | AT107: 0 | AU107: 0 | AV107: =SUM(E107:AU107) -> 3
AV108: =SUM(E108:AU108) -> 0
AV109: =SUM(E109:AU109) -> 0
AV110: =SUM(E110:AU110) -> 0
AV111: =SUM(E111:AU111) -> 0
AV112: =SUM(E112:AU112) -> 0
AV113: =SUM(E113:AU113) -> 0
AV114: =SUM(E114:AU114) -> 0
A115: B | B115: JUMLAH SUARA SAH PARTAI POLITIK DAN CALON (A1 + A2) | E115: =SUM(E105:E114) -> 0 | F115: =SUM(F105:F114) -> 0 | G115: =SUM(G105:G114) -> 0 | H115: =SUM(H105:H114) -> 0 | I115: =SUM(I105:I114) -> 1 | J115: =SUM(J105:J114) -> 2 | K115: =SUM(K105:K114) -> 1 | L115: =SUM(L105:L114) -> 0 | ... AV115: =SUM(AV105:AV114) -> 29
A117: A.1 | B117: 7. | C117: Partai Gelombang Rakyat Indonesia | E117: 1 | F117: 0 | G117: 1 | H117: 0 | I117: 1 | J117: 1 | K117: 0 | L117: 1 | M117: 1 | N117: 0 | O117: 0 | P117: 2 | Q117: 0 | R117: 0 | S117: 0 | T117: 1 | U117: 0 | V117: 1 | W117: 0 | X117: 0 | Y117: 1 | Z117: 1 | AA117: 1 | AB117: 2 | AC117: 0 | AD117: 1 | AE117: 0 | AF117: 0 | AG117: 1 | AH117: 0 | AI117: 0 | AJ117: 3 | AK117: 3 | AL117: 2 | AM117: 0 | AN117: 0 | AO117: 0 | AP117: 0 | AQ117: 0 | AR117: 0 | AS117: 0 | AT117: 0 | AU117: 0 | AV117: =SUM(E117:AU117) -> 25
...

Sheet KARANGMULYO
C2: Kecamatan | D2: TEGALSARI
C3: Kabupaten | D3: BANYUWANGI
C4: Provinsi | D4: JAWA TIMUR
C9: Kelurahan | D9: KARANGMULYO
A12: I | B12: DATA PEMILIH DAN PENGGUNAAN HAK PILIH | W12: JUMLAH AKHIR
A13: A | B13: DATA PEMILIH | E13: TPS 001 | F13: TPS 002 | G13: TPS 003 | H13: TPS 004 | I13: TPS 005 | J13: TPS 006 | K13: TPS 007 | L13: TPS 008 | M13: TPS 009 | N13: TPS 010 | O13: TPS 011 | P13: TPS 012 | Q13: TPS 013 | R13: TPS 014 | S13: TPS 015 | T13: TPS 016 | U13: TPS 017 | V13: TPS 018
B14: Jumlah Pemilih dalam Daftar Pemilih Tetap (DPT) | D14: LK | E14: 134 | F14: 122 | G14: 127 | H14: 124 | I14: 130 | J14: 113 | K14: 133 | L14: 118 | M14: 138 | N14: 145 | O14: 127 | P14: 128 | Q14: 135 | R14: 117 | S14: 107 | T14: 118 | U14: 120 | V14: 134 | W14: =SUM(E14:V14) -> 2270
D15: PR | E15: 122 | F15: 131 | G15: 128 | H15: 136 | I15: 120 | J15: 127 | K15: 117 | L15: 125 | M15: 132 | N15: 131 | O15: 147 | P15: 128 | Q15: 125 | R15: 125 | S15: 99 | T15: 132 | U15: 117 | V15: 134 | W15: =SUM(E15:V15) -> 2276
D16: JML | E16: =SUM(E14:E15) -> 256 | F16: =SUM(F14:F15) -> 253 | G16: =SUM(G14:G15) -> 255 | H16: =SUM(H14:H15) -> 260 | I16: =SUM(I14:I15) -> 250 | J16: =SUM(J14:J15) -> 240 | K16: =SUM(K14:K15) -> 250 | L16: =SUM(L14:L15) -> 243 | ... V16: =SUM(V14:V15) -> 268 | W16: =SUM(E16:V16) -> 4546
A18: B | B18: PENGGUNA HAK PILIH
B19: 1. | C19: Jumlah pengguna hak pilih dalam Daftar Pemilih Tetap (DPT) | D19: LK | E19: 93 | F19: 88 | G19: 91 | H19: 86 | I19: 101 | J19: 82 | K19: 106 | L19: 89 | M19: 105 | N19: 110 | O19: 96 | P19: 85 | Q19: 103 | R19: 78 | S19: 73 | T19: 86 | U19: 95 | V19: 102 | W19: =SUM(E19:V19) -> 1669
D20: PR | E20: 88 | F20: 105 | G20: 99 | H20: 99 | I20: 93 | J20: 94 | K20: 94 | L20: 104 | M20: 105 | N20: 100 | O20: 111 | P20: 99 | Q20: 98 | R20: 97 | S20: 71 | T20: 100 | U20: 102 | V20: 99 | W20: =SUM(E20:V20) -> 1758
D21: JML | E21: =SUM(E19:E20) -> 181 | F21: =SUM(F19:F20) -> 193 | G21: =SUM(G19:G20) -> 190 | H21: =SUM(H19:H20) -> 185 | I21: =SUM(I19:I20) -> 194 | J21: =SUM(J19:J20) -> 176 | K21: =SUM(K19:K20) -> 200 | L21: =SUM(L19:L20) -> 193 | ... V21: =SUM(V19:V20) -> 201 | W21: =SUM(E21:V21) -> 3427
B22: 2. | C22: Jumlah pengguna hak pilih dalam Daftar Pemilih Tambahan (DPTb) | D22: LK | E22: 0 | F22: 0 | G22: 1 | H22: 0 | I22: 0 | J22: 0 | K22: 0 | L22: 0 | M22: 0 | N22: 0 | O22: 0 | P22: 0 | Q22: 0 | R22: 0 | S22: 0 | T22: 0 | U22: 1 | V22: 0 | W22: =SUM(E22:V22) -> 2
D23: PR | E23: 0 | F23: 0 | G23: 0 | H23: 0 | I23: 0 | J23: 0 | K23: 0 | L23: 0 | M23: 0 | N23: 0 | O23: 0 | P23: 0 | Q23: 0 | R23: 0 | S23: 0 | T23: 0 | U23: 0 | V23: 0 | W23: =SUM(E23:V23) -> 0
D24: JML | E24: =SUM(E22:E23) -> 0 | F24: =SUM(F22:F23) -> 0 | G24: =SUM(G22:G23) -> 1 | H24: =SUM(H22:H23) -> 0 | I24: =SUM(I22:I23) -> 0 | J24: =SUM(J22:J23) -> 0 | K24: =SUM(K22:K23) -> 0 | L24: =SUM(L22:L23) -> 0 | ... V24: =SUM(V22:V23) -> 0 | W24: =SUM(E24:V24) -> 2
B25: 3. | C25: Jumlah pengguna hak pilih dalam Daftar Pemilih Khusus (DPK) | D25: LK | E25: 1 | F25: 0 | G25: 0 | H25: 1 | I25: 0 | J25: 2 | K25: 0 | L25: 0 | M25: 0 | N25: 0 | O25: 3 | P25: 1 | Q25: 2 | R25: 1 | S25: 0 | T25: 1 | U25: 2 | V25: 0 | W25: =SUM(E25:V25) -> 14
D26: PR | E26: 2 | F26: 0 | G26: 0 | H26: 1 | I26: 0 | J26: 0 | K26: 0 | L26: 0 | M26: 1 | N26: 2 | O26: 1 | P26: 1 | Q26: 2 | R26: 2 | S26: 0 | T26: 6 | U26: 1 | V26: 1 | W26: =SUM(E26:V26) -> 20
D27: JML | E27: =SUM(E25:E26) -> 3 | F27: =SUM(F25:F26) -> 0 | G27: =SUM(G25:G26) -> 0 | H27: =SUM(H25:H26) -> 2 | I27: =SUM(I25:I26) -> 0 | J27: =SUM(J25:J26) -> 2 | K27: =SUM(K25:K26) -> 0 | L27: =SUM(L25:L26) -> 0 | ... V27: =SUM(V25:V26) -> 1 | W27: =SUM(E27:V27) -> 34
B28: 4. | C28: Jumlah Pengguna Hak Pilih (B.1+B.2+B.3) | D28: LK | E28: =SUM(E19,E22,E25) -> 94 | F28: =SUM(F19,F22,F25) -> 88 | G28: =SUM(G19,G22,G25) -> 92 | H28: =SUM(H19,H22,H25) -> 87 | I28: =SUM(I19,I22,I25) -> 101 | J28: =SUM(J19,J22,J25) -> 84 | K28: =SUM(K19,K22,K25) -> 106 | L28: =SUM(L19,L22,L25) -> 89 | ... V28: =SUM(V19,V22,V25) -> 102 | W28: =SUM(E28:V28) -> 1685
D29: PR | E29: =SUM(E20,E23,E26) -> 90 | F29: =SUM(F20,F23,F26) -> 105 | G29: =SUM(G20,G23,G26) -> 99 | H29: =SUM(H20,H23,H26) -> 100 | I29: =SUM(I20,I23,I26) -> 93 | J29: =SUM(J20,J23,J26) -> 94 | K29: =SUM(K20,K23,K26) -> 94 | L29: =SUM(L20,L23,L26) -> 104 | ... V29: =SUM(V20,V23,V26) -> 100 | W29: =SUM(E29:V29) -> 1778
D30: JML | E30: =SUM(E28:E29) -> 184 | F30: =SUM(F28:F29) -> 193 | G30: =SUM(G28:G29) -> 191 | H30: =SUM(H28:H29) -> 187 | I30: =SUM(I28:I29) -> 194 | J30: =SUM(J28:J29) -> 178 | K30: =SUM(K28:K29) -> 200 | L30: =SUM(L28:L29) -> 193 | ... V30: =SUM(V28:V29) -> 202 | W30: =SUM(E30:V30) -> 3463
A32: II | B32: DATA PENGGUNAAN SURAT SUARA
A33: 1 | B33: Jumlah surat suara yang diterima, termasuk surat suara cadangan 2,5% dari DPT | E33: 262 | F33: 259 | G33: 261 | H33: 266 | I33: 255 | J33: 245 | K33: 255 | L33: 248 | M33: 276 | N33: 282 | O33: 280 | P33: 262 | Q33: 266 | R33: 247 | S33: 211 | T33: 255 | U33: 242 | V33: 274 | W33: =SUM(E33:V33) -> 4646
A34: 2 | B34: Jumlah surat suara yang digunakan | E34: 184 | F34: 193 | G34: 191 | H34: 187 | I34: 194 | J34: 178 | K34: 200 | L34: 193 | M34: 211 | N34: 212 | O34: 211 | P34: 186 | Q34: 205 | R34: 178 | S34: 144 | T34: 193 | U34: 201 | V34: 202 | W34: =SUM(E34:V34) -> 3463
A35: 3 | B35: Jumlah surat suara dikembalikan oleh pemilih (karena rusak atau keliru coblos) | E35: 0 | F35: 0 | G35: 0 | H35: 0 | I35: 0 | J35: 0 | K35: 0 | L35: 0 | M35: 1 | N35: 0 | O35: 1 | P35: 0 | Q35: 0 | R35: 0 | S35: 0 | T35: 2 | U35: 1 | V35: 0 | W35: =SUM(E35:V35) -> 5
A36: 4 | B36: Jumlah surat suara yang tidak digunakan/tidak terpakai, termasuk sisa surat suara cadangan | E36: =E33-(E34+E35) -> 78 | F36: =F33-(F34+F35) -> 66 | G36: =G33-(G34+G35) -> 70 | H36: =H33-(H34+H35) -> 79 | I36: =I33-(I34+I35) -> 61 | J36: =J33-(J34+J35) -> 67 | K36: =K33-(K34+K35) -> 55 | L36: =L33-(L34+L35) -> 55 | ... V36: =V33-(V34+V35) -> 72 | W36: =SUM(E36:V36) -> 1178
A38: III | B38: DATA PEMILIH DISABILITAS
B39: Jumlah seluruh Pemilih disabilitas yang menggunakan hak pilih | D39: LK | E39: 0 | F39: 0 | G39: 0 | H39: 0 | I39: 0 | J39: 0 | K39: 0 | L39: 0 | M39: 0 | N39: 1 | O39: 0 | P39: 0 | Q39: 0 | R39: 0 | S39: 0 | T39: 0 | U39: 0 | V39: 0 | W39: =SUM(E39:V39) -> 1
D40: PR | E40: 0 | F40: 0 | G40: 0 | H40: 0 | I40: 0 | J40: 0 | K40: 0 | L40: 0 | M40: 0 | N40: 0 | O40: 0 | P40: 0 | Q40: 0 | R40: 0 | S40: 0 | T40: 0 | U40: 0 | V40: 0 | W40: =SUM(E40:V40) -> 0
D41: JML | E41: =SUM(E39:E40) -> 0 | F41: =SUM(F39:F40) -> 0 | G41: =SUM(G39:G40) -> 0 | H41: =SUM(H39:H40) -> 0 | I41: =SUM(I39:I40) -> 0 | J41: =SUM(J39:J40) -> 0 | K41: =SUM(K39:K40) -> 0 | L41: =SUM(L39:L40) -> 0 | ... V41: =SUM(V39:V40) -> 0 | W41: =SUM(E41:V41) -> 1
A43: IV | B43: DATA RINCIAN PEROLEHAN SUARA PASANGAN CALON BUPATI DAN WAKIL BUPATI
A44: NOMOR DAN NAMA CALON
A45: A.1 | B45: 1. | C45: Partai Kebangkitan Bangsa | E45: 1 | F45: 8 | G45: 4 | H45: 8 | I45: 4 | J45: 1 | K45: 9 | L45: 6 | M45: 14 | N45: 4 | O45: 5 | P45: 13 | Q45: 8 | R45: 6 | S45: 3 | T45: 7 | U45: 5 | V45: 11 | W45: =SUM(E45:V45) -> 117
A46: A.2 | C46: 1. Dra. Hj. MA`MULAH HARUN, M.Pd.I. | E46: 26 | F46: 15 | G46: 17 | H46: 23 | I46: 13 | J46: 10 | K46: 11 | L46: 5 | M46: 22 | N46: 18 | O46: 7 | P46: 29 | Q46: 21 | R46: 8 | S46: 8 | T46: 7 | U46: 16 | V46: 34 | W46: =SUM(E46:V46) -> 290
C47: 2. UBAIDILLAH, S.Fil.I. | E47: 0 | F47: 1 | G47: 3 | H47: 1 | I47: 1 | J47: 0 | K47: 1 | L47: 0 | M47: 3 | N47: 5 | O47: 0 | P47: 4 | Q47: 1 | R47: 2 | S47: 0 | T47: 2 | U47: 2 | V47: 2 | W47: =SUM(E47:V47) -> 28
C48: 3. Ir. H. YOYOK MULYADI, M.Si. | E48: 0 | F48: 2 | G48: 2 | H48: 1 | I48: 0 | J48: 1 | K48: 0 | L48: 0 | M48: 1 | N48: 0 | O48: 0 | P48: 2 | Q48: 1 | R48: 0 | S48: 1 | T48: 1 | U48: 0 | V48: 0 | W48: =SUM(E48:V48) -> 12
C49: 4. KHOIRUL ANWAR, S.Fil.I. | E49: 1 | F49: 2 | G49: 1 | H49: 1 | I49: 1 | J49: 1 | K49: 3 | L49: 1 | M49: 2 | N49: 0 | O49: 1 | P49: 2 | Q49: 0 | R49: 2 | S49: 0 | T49: 0 | U49: 3 | V49: 2 | W49: =SUM(E49:V49) -> 23
C50: 5. ARIF WIJAKSANA | E50: 0 | F50: 0 | G50: 0 | H50: 1 | I50: 0 | J50: 1 | K50: 0 | L50: 1 | M50: 1 | N50: 2 | O50: 0 | P50: 0 | Q50: 1 | R50: 0 | S50: 1 | T50: 0 | U50: 1 | V50: 2 | W50: =SUM(E50:V50) -> 11
C51: 6. Dr. SITI YUMNAH | E51: 0 | F51: 1 | G51: 2 | H51: 1 | I51: 0 | J51: 0 | K51: 0 | L51: 0 | M51: 1 | N51: 0 | O51: 0 | P51: 0 | Q51: 0 | R51: 0 | S51: 0 | T51: 2 | U51: 2 | V51: 1 | W51: =SUM(E51:V51) -> 10
C52: 7. MOHAMMAD ZAINI, M.Pd.I. | E52: 1 | F52: 0 | G52: 0 | H52: 0 | I52: 1 | J52: 0 | K52: 0 | L52: 1 | M52: 0 | N52: 0 | O52: 0 | P52: 1 | Q52: 0 | R52: 0 | S52: 0 | T52: 0 | U52: 2 | V52: 2 | W52: =SUM(E52:V52) -> 8
C53: 8. FAWAIDUL MAKKIYAH | E53: 0 | F53: 0 | G53: 0 | H53: 0 | I53: 0 | J53: 0 | K53: 0 | L53: 1 | M53: 1 | N53: 0 | O53: 0 | P53: 1 | Q53: 0 | R53: 0 | S53: 0 | T53: 0 | U53: 0 | V53: 0 | W53: =SUM(E53:V53) -> 3
C54: 9. IFFAH HIDAYATUR ROHMAH, S.Sos. | E54: 2 | F54: 3 | G54: 0 | H54: 1 | I54: 0 | J54: 1 | K54: 0 | L54: 0 | M54: 0 | N54: 0 | O54: 0 | P54: 0 | Q54: 1 | R54: 0 | S54: 0 | T54: 2 | U54: 1 | V54: 0 | W54: =SUM(E54:V54) -> 11
A55: B | B55: JUMLAH SUARA SAH PARTAI POLITIK DAN CALON (A1 + A2) | E55: =SUM(E45:E54) -> 31 | F55: =SUM(F45:F54) -> 32 | G55: =SUM(G45:G54) -> 29 | H55: =SUM(H45:H54) -> 37 | I55: =SUM(I45:I54) -> 20 | J55: =SUM(J45:J54) -> 15 | K55: =SUM(K45:K54) -> 24 | L55: =SUM(L45:L54) -> 15 | ... W55: =SUM(W45:W54) -> 513
A57: A.1 | B57: 2. | C57: Partai Gerakan Indonesia Raya | E57: 6 | F57: 8 | G57: 10 | H57: 9 | I57: 8 | J57: 1 | K57: 9 | L57: 3 | M57: 5 | N57: 8 | O57: 16 | P57: 4 | Q57: 2 | R57: 1 | S57: 3 | T57: 15 | U57: 4 | V57: 8 | W57: =SUM(E57:V57) -> 120
A58: A.2 | C58: 1. AHMAD HADINUDDIN, S.Pd.I. | E58: 12 | F58: 17 | G58: 46 | H58: 37 | I58: 17 | J58: 8 | K58: 2 | L58: 7 | M58: 11 | N58: 14 | O58: 5 | P58: 25 | Q58: 18 | R58: 4 | S58: 4 | T58: 6 | U58: 28 | V58: 11 | W58: =SUM(E58:V58) -> 272
C59: 2. BIMA RAFSANJANI RAFID | E59: 7 | F59: 6 | G59: 7 | H59: 4 | I59: 8 | J59: 2 | K59: 12 | L59: 7 | M59: 10 | N59: 14 | O59: 7 | P59: 10 | Q59: 3 | R59: 14 | S59: 12 | T59: 23 | U59: 10 | V59: 9 | W59: =SUM(E59:V59) -> 165
C60: 3. IRA DAMAYANTI | E60: 1 | F60: 1 | G60: 0 | H60: 0 | I60: 2 | J60: 0 | K60: 0 | L60: 2 | M60: 2 | N60: 0 | O60: 1 | P60: 0 | Q60: 2 | R60: 1 | S60: 1 | T60: 1 | U60: 0 | V60: 2 | W60: =SUM(E60:V60) -> 16
C61: 4. MAULANA MALIK IBRAHIM, S.H. | E61: 4 | F61: 9 | G61: 3 | H61: 5 | I61: 5 | J61: 15 | K61: 23 | L61: 0 | M61: 18 | N61: 43 | O61: 18 | P61: 5 | Q61: 43 | R61: 5 | S61: 2 | T61: 12 | U61: 2 | V61: 31 | W61: =SUM(E61:V61) -> 243
C62: 5. LULUK ALFIATI | E62: 2 | F62: 1 | G62: 1 | H62: 0 | I62: 2 | J62: 1 | K62: 1 | L62: 1 | M62: 0 | N62: 2 | O62: 1 | P62: 0 | Q62: 1 | R62: 1 | S62: 0 | T62: 0 | U62: 0 | V62: 1 | W62: =SUM(E62:V62) -> 15
C63: 6. ILHAM WAHYUDI, S.H. | E63: 0 | F63: 0 | G63: 0 | H63: 1 | I63: 0 | J63: 1 | K63: 0 | L63: 0 | M63: 0 | N63: 2 | O63: 0 | P63: 1 | Q63: 0 | R63: 0 | S63: 0 | T63: 2 | U63: 1 | V63: 0 | W63: =SUM(E63:V63) -> 8
C64: 7. HAERUL ANWAR, S.Pd.I. | E64: 0 | F64: 0 | G64: 0 | H64: 0 | I64: 0 | J64: 0 | K64: 0 | L64: 0 | M64: 0 | N64: 0 | O64: 0 | P64: 0 | Q64: 1 | R64: 0 | S64: 1 | T64: 0 | U64: 0 | V64: 0 | W64: =SUM(E64:V64) -> 2
C65: 8. YOVI ADHITYA WARDANI | E65: 0 | F65: 0 | G65: 0 | H65: 0 | I65: 0 | J65: 0 | K65: 0 | L65: 1 | M65: 0 | N65: 0 | O65: 1 | P65: 0 | Q65: 1 | R65: 1 | S65: 0 | T65: 0 | U65: 0 | V65: 0 | W65: =SUM(E65:V65) -> 4
C66: 9. RITA AMELIA | E66: 1 | F66: 0 | G66: 2 | H66: 0 | I66: 0 | J66: 0 | K66: 0 | L66: 0 | M66: 0 | N66: 0 | O66: 0 | P66: 1 | Q66: 0 | R66: 1 | S66: 1 | T66: 0 | U66: 0 | V66: 0 | W66: =SUM(E66:V66) -> 6
A67: B | B67: JUMLAH SUARA SAH PARTAI POLITIK DAN CALON (A1 + A2) | E67: =SUM(E57:E66) -> 33 | F67: =SUM(F57:F66) -> 42 | G67: =SUM(G57:G66) -> 69 | H67: =SUM(H57:H66) -> 56 | I67: =SUM(I57:I66) -> 42 | J67: =SUM(J57:J66) -> 28 | K67: =SUM(K57:K66) -> 47 | L67: =SUM(L57:L66) -> 21 | ... W67: =SUM(W57:W66) -> 851
A69: A.1 | B69: 3. | C69: Partai Demokrasi Indonesia Perjuangan | E69: 3 | F69: 12 | G69: 7 | H69: 7 | I69: 9 | J69: 10 | K69: 5 | L69: 17 | M69: 11 | N69: 6 | O69: 16 | P69: 13 | Q69: 12 | R69: 8 | S69: 5 | T69: 11 | U69: 8 | V69: 5 | W69: =SUM(E69:V69) -> 165
A70: A.2 | C70: 1. MARTIN H., S.H., M.H. | E70: 7 | F70: 5 | G70: 4 | H70: 0 | I70: 2 | J70: 3 | K70: 2 | L70: 11 | M70: 6 | N70: 2 | O70: 8 | P70: 7 | Q70: 2 | R70: 5 | S70: 4 | T70: 5 | U70: 10 | V70: 8 | W70: =SUM(E70:V70) -> 91
C71: 2. HERMANTO, S.E. | E71: 2 | F71: 3 | G71: 2 | H71: 0 | I71: 1 | J71: 9 | K71: 6 | L71: 3 | M71: 2 | N71: 3 | O71: 0 | P71: 1 | Q71: 3 | R71: 9 | S71: 5 | T71: 1 | U71: 5 | V71: 5 | W71: =SUM(E71:V71) -> 60
C72: 3. EVY SUSILAWATI, S.E., M.M. | E72: 4 | F72: 5 | G72: 3 | H72: 4 | I72: 6 | J72: 5 | K72: 1 | L72: 6 | M72: 4 | N72: 4 | O72: 3 | P72: 3 | Q72: 4 | R72: 5 | S72: 1 | T72: 7 | U72: 3 | V72: 4 | W72: =SUM(E72:V72) -> 72
C73: 4. M. SIROTTUDIN | E73: 2 | F73: 1 | G73: 0 | H73: 1 | I73: 0 | J73: 1 | K73: 3 | L73: 3 | M73: 1 | N73: 5 | O73: 2 | P73: 7 | Q73: 2 | R73: 1 | S73: 0 | T73: 4 | U73: 3 | V73: 3 | W73: =SUM(E73:V73) -> 39
C74: 5. ABDUL HAFID, S.H. | E74: 1 | F74: 0 | G74: 0 | H74: 0 | I74: 0 | J74: 0 | K74: 2 | L74: 4 | M74: 6 | N74: 2 | O74: 3 | P74: 1 | Q74: 2 | R74: 1 | S74: 0 | T74: 2 | U74: 2 | V74: 3 | W74: =SUM(E74:V74) -> 29
C75: 6. NIKITA FORTUNA SURYANINGATI, A.Md.Keb. | E75: 2 | F75: 2 | G75: 0 | H75: 0 | I75: 0 | J75: 0 | K75: 1 | L75: 0 | M75: 0 | N75: 1 | O75: 2 | P75: 2 | Q75: 0 | R75: 0 | S75: 0 | T75: 1 | U75: 0 | V75: 1 | W75: =SUM(E75:V75) -> 12
C76: 7. YUDHO ILHAM WIJAYA, S.E. | E76: 0 | F76: 0 | G76: 0 | H76: 0 | I76: 0 | J76: 0 | K76: 0 | L76: 0 | M76: 1 | N76: 0 | O76: 0 | P76: 1 | Q76: 0 | R76: 1 | S76: 1 | T76: 2 | U76: 1 | V76: 0 | W76: =SUM(E76:V76) -> 7
C77: 8. SETIAWATI, S.H. | E77: 1 | F77: 2 | G77: 0 | H77: 0 | I77: 1 | J77: 0 | K77: 0 | L77: 3 | M77: 0 | N77: 0 | O77: 1 | P77: 1 | Q77: 1 | R77: 1 | S77: 0 | T77: 1 | U77: 0 | V77: 0 | W77: =SUM(E77:V77) -> 12
C78: 9. EKO BUDI SANTOSO, S.H. | E78: 0 | F78: 0 | G78: 0 | H78: 1 | I78: 0 | J78: 0 | K78: 0 | L78: 1 | M78: 0 | N78: 1 | O78: 1 | P78: 0 | Q78: 0 | R78: 0 | S78: 0 | T78: 0 | U78: 0 | V78: 1 | W78: =SUM(E78:V78) -> 5
A79: B | B79: JUMLAH SUARA SAH PARTAI POLITIK DAN CALON (A1 + A2) | E79: =SUM(E69:E78) -> 22 | F79: =SUM(F69:F78) -> 30 | G79: =SUM(G69:G78) -> 16 | H79: =SUM(H69:H78) -> 13 | I79: =SUM(I69:I78) -> 19 | J79: =SUM(J69:J78) -> 28 | K79: =SUM(K69:K78) -> 20 | L79: =SUM(L69:L78) -> 48 | ... W79: =SUM(W69:W78) -> 492
A81: A.1 | B81: 4. | C81: Partai Golongan Karya | E81: 2 | F81: 5 | G81: 4 | H81: 1 | I81: 5 | J81: 9 | K81: 4 | L81: 3 | M81: 4 | N81: 7 | O81: 6 | P81: 2 | Q81: 2 | R81: 8 | S81: 2 | T81: 2 | U81: 9 | V81: 1 | W81: =SUM(E81:V81) -> 76
A82: A.2 | C82: 1. PRANAYA YUDHA MAHARDHIKA | E82: 6 | F82: 10 | G82: 20 | H82: 19 | I82: 28 | J82: 38 | K82: 64 | L82: 43 | M82: 14 | N82: 16 | O82: 20 | P82: 4 | Q82: 2 | R82: 15 | S82: 28 | T82: 25 | U82: 25 | V82: 5 | W82: =SUM(E82:V82) -> 382
C83: 2. Dra. Ec. ENDANG SULASTUTY, M.I.P. | E83: 3 | F83: 1 | G83: 0 | H83: 0 | I83: 1 | J83: 0 | K83: 1 | L83: 0 | M83: 0 | N83: 2 | O83: 0 | P83: 0 | Q83: 0 | R83: 1 | S83: 1 | T83: 2 | U83: 1 | V83: 0 | W83: =SUM(E83:V83) -> 13
C84: 3. AGUS REJEKI WARTONO | E84: 0 | F84: 1 | G84: 1 | H84: 1 | I84: 0 | J84: 0 | K84: 0 | L84: 2 | M84: 0 | N84: 0 | O84: 0 | P84: 4 | Q84: 2 | R84: 0 | S84: 1 | T84: 1 | U84: 0 | V84: 0 | W84: =SUM(E84:V84) -> 13
C85: 4. Hj. TUTUK ASMA'A ZUCHROH, S.T., M.T. | E85: 1 | F85: 1 | G85: 1 | H85: 1 | I85: 0 | J85: 2 | K85: 0 | L85: 3 | M85: 2 | N85: 2 | O85: 3 | P85: 0 | Q85: 1 | R85: 1 | S85: 0 | T85: 1 | U85: 2 | V85: 0 | W85: =SUM(E85:V85) -> 21
C86: 5. ADE M. RIZKI, S.E. | E86: 9 | F86: 0 | G86: 0 | H86: 0 | I86: 0 | J86: 0 | K86: 1 | L86: 1 | M86: 0 | N86: 0 | O86: 2 | P86: 5 | Q86: 0 | R86: 0 | S86: 0 | T86: 0 | U86: 2 | V86: 1 | W86: =SUM(E86:V86) -> 21
C87: 6. ABDURAKHMAN, Bc.Kn. | E87: 0 | F87: 0 | G87: 0 | H87: 0 | I87: 0 | J87: 0 | K87: 0 | L87: 0 | M87: 0 | N87: 0 | O87: 1 | P87: 0 | Q87: 0 | R87: 0 | S87: 0 | T87: 0 | U87: 0 | V87: 1 | W87: =SUM(E87:V87) -> 2
C88: 7. CENDY RHIYAN ADI PUTRI | E88: 0 | F88: 0 | G88: 0 | H88: 0 | I88: 0 | J88: 0 | K88: 0 | L88: 0 | M88: 0 | N88: 0 | O88: 0 | P88: 0 | Q88: 0 | R88: 0 | S88: 0 | T88: 0 | U88: 0 | V88: 0 | W88: =SUM(E88:V88) -> 0
C89: 8. BAKTI WIJAYANTO, S.E. | E89: 0 | F89: 0 | G89: 0 | H89: 0 | I89: 0 | J89: 0 | K89: 0 | L89: 0 | M89: 0 | N89: 1 | O89: 0 | P89: 0 | Q89: 0 | R89: 0 | S89: 0 | T89: 0 | U89: 0 | V89: 0 | W89: =SUM(E89:V89) -> 1
C90: 9. AHMAD UBAIDILLAH | E90: 0 | F90: 0 | G90: 0 | H90: 0 | I90: 0 | J90: 0 | K90: 0 | L90: 0 | M90: 1 | N90: 1 | O90: 0 | P90: 0 | Q90: 0 | R90: 0 | S90: 0 | T90: 0 | U90: 0 | V90: 0 | W90: =SUM(E90:V90) -> 2
A91: B | B91: JUMLAH SUARA SAH PARTAI POLITIK DAN CALON (A1 + A2) | E91: =SUM(E81:E90) -> 21 | F91: =SUM(F81:F90) -> 18 | G91: =SUM(G81:G90) -> 26 | H91: =SUM(H81:H90) -> 22 | I91: =SUM(I81:I90) -> 34 | J91: =SUM(J81:J90) -> 49 | K91: =SUM(K81:K90) -> 70 | L91: =SUM(L81:L90) -> 52 | ... W91: =SUM(W81:W90) -> 531
A93: A.1 | B93: 5. | C93: Partai NasDem | E93: 0 | F93: 0 | G93: 0 | H93: 0 | I93: 4 | J93: 0 | K93: 3 | L93: 1 | M93: 7 | N93: 2 | O93: 7 | P93: 2 | Q93: 1 | R93: 0 | S93: 1 | T93: 2 | U93: 0 | V93: 0 | W93: =SUM(E93:V93) -> 30
A94: A.2 | C94: 1. ALI MUSTOFA, A.Md. | E94: 0 | F94: 0 | G94: 2 | H94: 0 | I94: 4 | J94: 2 | K94: 3 | L94: 2 | M94: 2 | N94: 2 | O94: 17 | P94: 2 | Q94: 0 | R94: 0 | S94: 2 | T94: 1 | U94: 0 | V94: 0 | W94: =SUM(E94:V94) -> 39
C95: 2. Hj. BUAMI, S.H. | E95: 0 | F95: 1 | G95: 0 | H95: 0 | I95: 0 | J95: 0 | K95: 0 | L95: 0 | M95: 0 | N95: 0 | O95: 0 | P95: 0 | Q95: 0 | R95: 0 | S95: 0 | T95: 0 | U95: 0 | V95: 1 | W95: =SUM(E95:V95) -> 2
C96: 3. SUGIONO, S.H. | E96: 0 | F96: 0 | G96: 0 | H96: 0 | I96: 1 | J96: 0 | K96: 0 | L96: 0 | M96: 0 | N96: 0 | O96: 0 | P96: 0 | Q96: 0 | R96: 0 | S96: 0 | T96: 0 | U96: 0 | V96: 0 | W96: =SUM(E96:V96) -> 1
C97: 4. LULUK SUNARMIATININGSIH | E97: 0 | F97: 0 | G97: 1 | H97: 0 | I97: 0 | J97: 0 | K97: 0 | L97: 0 | M97: 0 | N97: 0 | O97: 0 | P97: 0 | Q97: 1 | R97: 0 | S97: 0 | T97: 0 | U97: 0 | V97: 0 | W97: =SUM(E97:V97) -> 2
C98: 5. ANTON DJULIANTO ADI | E98: 0 | F98: 0 | G98: 0 | H98: 0 | I98: 0 | J98: 0 | K98: 0 | L98: 0 | M98: 1 | N98: 0 | O98: 0 | P98: 0 | Q98: 0 | R98: 0 | S98: 0 | T98: 1 | U98: 0 | V98: 0 | W98: =SUM(E98:V98) -> 2
C99: 6. MOKHAMAD ROFI'I KHUSNAN | E99: 0 | F99: 0 | G99: 0 | H99: 1 | I99: 0 | J99: 0 | K99: 0 | L99: 0 | M99: 0 | N99: 0 | O99: 0 | P99: 0 | Q99: 0 | R99: 0 | S99: 0 | T99: 0 | U99: 0 | V99: 0 | W99: =SUM(E99:V99) -> 1
C100: 7. Rr SETYO WATI | E100: 0 | F100: 0 | G100: 0 | H100: 0 | I100: 0 | J100: 0 | K100: 0 | L100: 0 | M100: 0 | N100: 0 | O100: 0 | P100: 0 | Q100: 0 | R100: 0 | S100: 0 | T100: 0 | U100: 0 | V100: 0 | W100: =SUM(E100:V100) -> 0
C101: 8. ABD. KADIR ASSEGAFF | E101: 0 | F101: 0 | G101: 0 | H101: 0 | I101: 0 | J101: 0 | K101: 0 | L101: 0 | M101: 0 | N101: 0 | O101: 0 | P101: 0 | Q101: 0 | R101: 0 | S101: 0 | T101: 0 | U101: 0 | V101: 0 | W101: =SUM(E101:V101) -> 0
C102: 9. FATHOR ZAINULLAH | E102: 0 | F102: 0 | G102: 0 | H102: 0 | I102: 0 | J102: 0 | K102: 0 | L102: 0 | M102: 0 | N102: 0 | O102: 0 | P102: 0 | Q102: 0 | R102: 0 | S102: 0 | T102: 0 | U102: 0 | V102: 0 | W102: =SUM(E102:V102) -> 0
A103: B | B103: JUMLAH SUARA SAH PARTAI POLITIK DAN CALON (A1 + A2) | E103: =SUM(E93:E102) -> 0 | F103: =SUM(F93:F102) -> 1 | G103: =SUM(G93:G102) -> 3 | H103: =SUM(H93:H102) -> 1 | I103: =SUM(I93:I102) -> 9 | J103: =SUM(J93:J102) -> 2 | K103: =SUM(K93:K102) -> 6 | L103: =SUM(L93:L102) -> 3 | ... W103: =SUM(W93:W102) -> 77
A105: A.1 | B105: 6. | C105: Partai Buruh | E105: 0 | F105: 0 | G105: 0 | H105: 0 | I105: 3 | J105: 1 | K105: 1 | L105: 0 | M105: 0 | N105: 0 | O105: 1 | P105: 1 | Q105: 1 | R105: 2 | S105: 1 | T105: 3 | U105: 2 | V105: 1 | W105: =SUM(E105:V105) -> 17
A106: A.2 | C106: 1. AGUS SUPRIYADI | E106: 1 | F106: 0 | G106: 0 | H106: 0 | I106: 0 | J106: 0 | K106: 0 | L106: 0 | M106: 0 | N106: 0 | O106: 0 | P106: 3 | Q106: 0 | R106: 1 | S106: 2 | T106: 0 | U106: 0 | V106: 0 | W106: =SUM(E106:V106) -> 7
C107: 2. ENI HARIATI | E107: 1 | F107: 0 | G107: 0 | H107: 0 | I107: 0 | J107: 1 | K107: 0 | L107: 2 | M107: 0 | N107: 0 | O107: 0 | P107: 0 | Q107: 0 | R107: 0 | S107: 0 | T107: 0 | U107: 0 | V107: 0 | W107: =SUM(E107:V107) -> 4
W108: =SUM(E108:V108) -> 0
W109: =SUM(E109:V109) -> 0
W110: =SUM(E110:V110) -> 0
W111: =SUM(E111:V111) -> 0
W112: =SUM(E112:V112) -> 0
W113: =SUM(E113:V113) -> 0
W114: =SUM(E114:V114) -> 0
A115: B | B115: JUMLAH SUARA SAH PARTAI POLITIK DAN CALON (A1 + A2) | E115: =SUM(E105:E114) -> 2 | F115: =SUM(F105:F114) -> 0 | G115: =SUM(G105:G114) -> 0 | H115: =SUM(H105:H114) -> 0 | I115: =SUM(I105:I114) -> 3 | J115: =SUM(J105:J114) -> 2 | K115: =SUM(K105:K114) -> 1 | L115: =SUM(L105:L114) -> 2 | ... W115: =SUM(W105:W114) -> 28
A117: A.1 | B117: 7. | C117: Partai Gelombang Rakyat Indonesia | E117: 1 | F117: 0 | G117: 1 | H117: 0 | I117: 0 | J117: 0 | K117: 0 | L117: 2 | M117: 0 | N117: 3 | O117: 0 | P117: 1 | Q117: 2 | R117: 0 | S117: 0 | T117: 2 | U117: 0 | V117: 0 | W117: =SUM(E117:V117) -> 12
...

Sheet TAMANSARI
C2: Kecamatan | D2: TEGALSARI
C3: Kabupaten | D3: BANYUWANGI
C4: Provinsi | D4: JAWA TIMUR
C9: Kelurahan | D9: TAMANSARI
A12: I | B12: DATA PEMILIH DAN PENGGUNAAN HAK PILIH | AA12: JUMLAH AKHIR
A13: A | B13: DATA PEMILIH | E13: TPS 001 | F13: TPS 002 | G13: TPS 003 | H13: TPS 004 | I13: TPS 005 | J13: TPS 006 | K13: TPS 007 | L13: TPS 008 | M13: TPS 009 | N13: TPS 010 | O13: TPS 011 | P13: TPS 012 | Q13: TPS 013 | R13: TPS 014 | S13: TPS 015 | T13: TPS 016 | U13: TPS 017 | V13: TPS 018 | W13: TPS 019 | X13: TPS 020 | Y13: TPS 021 | Z13: TPS 022
B14: Jumlah Pemilih dalam Daftar Pemilih Tetap (DPT) | D14: LK | E14: 113 | F14: 120 | G14: 114 | H14: 127 | I14: 126 | J14: 116 | K14: 116 | L14: 149 | M14: 147 | N14: 134 | O14: 133 | P14: 129 | Q14: 114 | R14: 127 | S14: 136 | T14: 104 | U14: 133 | V14: 107 | W14: 102 | X14: 123 | Y14: 106 | Z14: 134 | AA14: =SUM(E14:Z14) -> 2710
D15: PR | E15: 108 | F15: 110 | G15: 111 | H15: 117 | I15: 123 | J15: 125 | K15: 137 | L15: 144 | M15: 143 | N15: 132 | O15: 152 | P15: 121 | Q15: 127 | R15: 128 | S15: 123 | T15: 110 | U15: 133 | V15: 104 | W15: 106 | X15: 115 | Y15: 112 | Z15: 141 | AA15: =SUM(E15:Z15) -> 2722
D16: JML | E16: =SUM(E14:E15) -> 221 | F16: =SUM(F14:F15) -> 230 | G16: =SUM(G14:G15) -> 225 | H16: =SUM(H14:H15) -> 244 | I16: =SUM(I14:I15) -> 249 | J16: =SUM(J14:J15) -> 241 | K16: =SUM(K14:K15) -> 253 | L16: =SUM(L14:L15) -> 293 | ... Z16: =SUM(Z14:Z15) -> 275 | AA16: =SUM(E16:Z16) -> 5432
A18: B | B18: PENGGUNA HAK PILIH
B19: 1. | C19: Jumlah pengguna hak pilih dalam Daftar Pemilih Tetap (DPT) | D19: LK | E19: 80 | F19: 83 | G19: 79 | H19: 103 | I19: 90 | J19: 76 | K19: 86 | L19: 115 | M19: 104 | N19: 107 | O19: 89 | P19: 90 | Q19: 96 | R19: 91 | S19: 103 | T19: 78 | U19: 93 | V19: 73 | W19: 68 | X19: 95 | Y19: 79 | Z19: 106 | AA19: =SUM(E19:Z19) -> 1984
D20: PR | E20: 93 | F20: 99 | G20: 91 | H20: 98 | I20: 91 | J20: 98 | K20: 95 | L20: 117 | M20: 104 | N20: 90 | O20: 115 | P20: 95 | Q20: 96 | R20: 99 | S20: 99 | T20: 87 | U20: 100 | V20: 87 | W20: 92 | X20: 90 | Y20: 83 | Z20: 112 | AA20: =SUM(E20:Z20) -> 2131
D21: JML | E21: =SUM(E19:E20) -> 173 | F21: =SUM(F19:F20) -> 182 | G21: =SUM(G19:G20) -> 170 | H21: =SUM(H19:H20) -> 201 | I21: =SUM(I19:I20) -> 181 | J21: =SUM(J19:J20) -> 174 | K21: =SUM(K19:K20) -> 181 | L21: =SUM(L19:L20) -> 232 | ... Z21: =SUM(Z19:Z20) -> 218 | AA21: =SUM(E21:Z21) -> 4115
B22: 2. | C22: Jumlah pengguna hak pilih dalam Daftar Pemilih Tambahan (DPTb) | D22: LK | E22: 0 | F22: 0 | G22: 0 | H22: 0 | I22: 0 | J22: 1 | K22: 0 | L22: 0 | M22: 0 | N22: 0 | O22: 0 | P22: 0 | Q22: 0 | R22: 0 | S22: 1 | T22: 0 | U22: 0 | V22: 0 | W22: 0 | X22: 0 | Y22: 0 | Z22: 0 | AA22: =SUM(E22:Z22) -> 2
D23: PR | E23: 0 | F23: 0 | G23: 0 | H23: 0 | I23: 0 | J23: 0 | K23: 0 | L23: 0 | M23: 0 | N23: 0 | O23: 0 | P23: 0 | Q23: 0 | R23: 0 | S23: 3 | T23: 0 | U23: 0 | V23: 0 | W23: 0 | X23: 0 | Y23: 0 | Z23: 0 | AA23: =SUM(E23:Z23) -> 3
D24: JML | E24: =SUM(E22:E23) -> 0 | F24: =SUM(F22:F23) -> 0 | G24: =SUM(G22:G23) -> 0 | H24: =SUM(H22:H23) -> 0 | I24: =SUM(I22:I23) -> 0 | J24: =SUM(J22:J23) -> 1 | K24: =SUM(K22:K23) -> 0 | L24: =SUM(L22:L23) -> 0 | ... Z24: =SUM(Z22:Z23) -> 0 | AA24: =SUM(E24:Z24) -> 5
B25: 3. | C25: Jumlah pengguna hak pilih dalam Daftar Pemilih Khusus (DPK) | D25: LK | E25: 3 | F25: 0 | G25: 0 | H25: 0 | I25: 0 | J25: 3 | K25: 1 | L25: 1 | M25: 1 | N25: 9 | O25: 4 | P25: 0 | Q25: 0 | R25: 1 | S25: 0 | T25: 1 | U25: 0 | V25: 3 | W25: 2 | X25: 6 | Y25: 3 | Z25: 0 | AA25: =SUM(E25:Z25) -> 38
D26: PR | E26: 1 | F26: 0 | G26: 0 | H26: 0 | I26: 0 | J26: 3 | K26: 2 | L26: 0 | M26: 1 | N26: 6 | O26: 2 | P26: 1 | Q26: 0 | R26: 4 | S26: 1 | T26: 1 | U26: 0 | V26: 4 | W26: 2 | X26: 5 | Y26: 4 | Z26: 0 | AA26: =SUM(E26:Z26) -> 37
D27: JML | E27: =SUM(E25:E26) -> 4 | F27: =SUM(F25:F26) -> 0 | G27: =SUM(G25:G26) -> 0 | H27: =SUM(H25:H26) -> 0 | I27: =SUM(I25:I26) -> 0 | J27: =SUM(J25:J26) -> 6 | K27: =SUM(K25:K26) -> 3 | L27: =SUM(L25:L26) -> 1 | ... Z27: =SUM(Z25:Z26) -> 0 | AA27: =SUM(E27:Z27) -> 75
B28: 4. | C28: Jumlah Pengguna Hak Pilih (B.1+B.2+B.3) | D28: LK | E28: =SUM(E19,E22,E25) -> 83 | F28: =SUM(F19,F22,F25) -> 83 | G28: =SUM(G19,G22,G25) -> 79 | H28: =SUM(H19,H22,H25) -> 103 | I28: =SUM(I19,I22,I25) -> 90 | J28: =SUM(J19,J22,J25) -> 80 | K28: =SUM(K19,K22,K25) -> 87 | L28: =SUM(L19,L22,L25) -> 116 | ... Z28: =SUM(Z19,Z22,Z25) -> 106 | AA28: =SUM(E28:Z28) -> 2024
D29: PR | E29: =SUM(E20,E23,E26) -> 94 | F29: =SUM(F20,F23,F26) -> 99 | G29: =SUM(G20,G23,G26) -> 91 | H29: =SUM(H20,H23,H26) -> 98 | I29: =SUM(I20,I23,I26) -> 91 | J29: =SUM(J20,J23,J26) -> 101 | K29: =SUM(K20,K23,K26) -> 97 | L29: =SUM(L20,L23,L26) -> 117 | ... Z29: =SUM(Z20,Z23,Z26) -> 112 | AA29: =SUM(E29:Z29) -> 2171
D30: JML | E30: =SUM(E28:E29) -> 177 | F30: =SUM(F28:F29) -> 182 | G30: =SUM(G28:G29) -> 170 | H30: =SUM(H28:H29) -> 201 | I30: =SUM(I28:I29) -> 181 | J30: =SUM(J28:J29) -> 181 | K30: =SUM(K28:K29) -> 184 | L30: =SUM(L28:L29) -> 233 | ... Z30: =SUM(Z28:Z29) -> 218 | AA30: =SUM(E30:Z30) -> 4195
A32: II | B32: DATA PENGGUNAAN SURAT SUARA
A33: 1 | B33: Jumlah surat suara yang diterima, termasuk surat suara cadangan 2,5% dari DPT | E33: 226 | F33: 235 | G33: 230 | H33: 249 | I33: 254 | J33: 246 | K33: 259 | L33: 299 | M33: 296 | N33: 273 | O33: 291 | P33: 255 | Q33: 246 | R33: 261 | S33: 265 | T33: 219 | U33: 272 | V33: 216 | W33: 213 | X33: 243 | Y33: 223 | Z33: 281 | AA33: =SUM(E33:Z33) -> 5552
A34: 2 | B34: Jumlah surat suara yang digunakan | E34: 177 | F34: 182 | G34: 170 | H34: 201 | I34: 181 | J34: 181 | K34: 184 | L34: 233 | M34: 210 | N34: 212 | O34: 210 | P34: 186 | Q34: 192 | R34: 195 | S34: 207 | T34: 167 | U34: 193 | V34: 167 | W34: 164 | X34: 196 | Y34: 169 | Z34: 218 | AA34: =SUM(E34:Z34) -> 4195
A35: 3 | B35: Jumlah surat suara dikembalikan oleh pemilih (karena rusak atau keliru coblos) | E35: 0 | F35: 0 | G35: 0 | H35: 0 | I35: 0 | J35: 0 | K35: 0 | L35: 0 | M35: 2 | N35: 0 | O35: 0 | P35: 3 | Q35: 0 | R35: 1 | S35: 0 | T35: 1 | U35: 0 | V35: 0 | W35: 2 | X35: 0 | Y35: 0 | Z35: 0 | AA35: =SUM(E35:Z35) -> 9
A36: 4 | B36: Jumlah surat suara yang tidak digunakan/tidak terpakai, termasuk sisa surat suara cadangan | E36: =E33-(E34+E35) -> 49 | F36: =F33-(F34+F35) -> 53 | G36: =G33-(G34+G35) -> 60 | H36: =H33-(H34+H35) -> 48 | I36: =I33-(I34+I35) -> 73 | J36: =J33-(J34+J35) -> 65 | K36: =K33-(K34+K35) -> 75 | L36: =L33-(L34+L35) -> 66 | ... Z36: =Z33-(Z34+Z35) -> 63 | AA36: =SUM(E36:Z36) -> 1348
A38: III | B38: DATA PEMILIH DISABILITAS
B39: Jumlah seluruh Pemilih disabilitas yang menggunakan hak pilih | D39: LK | E39: 0 | F39: 0 | G39: 0 | H39: 0 | I39: 0 | J39: 0 | K39: 0 | L39: 0 | M39: 0 | N39: 0 | O39: 0 | P39: 0 | Q39: 0 | R39: 0 | S39: 0 | T39: 0 | U39: 0 | V39: 0 | W39: 0 | X39: 0 | Y39: 0 | Z39: 0 | AA39: =SUM(E39:Z39) -> 0
D40: PR | E40: 0 | F40: 0 | G40: 0 | H40: 0 | I40: 0 | J40: 0 | K40: 0 | L40: 0 | M40: 0 | N40: 0 | O40: 0 | P40: 0 | Q40: 0 | R40: 0 | S40: 1 | T40: 0 | U40: 0 | V40: 0 | W40: 0 | X40: 0 | Y40: 0 | Z40: 0 | AA40: =SUM(E40:Z40) -> 1
D41: JML | E41: =SUM(E39:E40) -> 0 | F41: =SUM(F39:F40) -> 0 | G41: =SUM(G39:G40) -> 0 | H41: =SUM(H39:H40) -> 0 | I41: =SUM(I39:I40) -> 0 | J41: =SUM(J39:J40) -> 0 | K41: =SUM(K39:K40) -> 0 | L41: =SUM(L39:L40) -> 0 | ... Z41: =SUM(Z39:Z40) -> 0 | AA41: =SUM(E41:Z41) -> 1
A43: IV | B43: DATA RINCIAN PEROLEHAN SUARA PASANGAN CALON BUPATI DAN WAKIL BUPATI
A44: NOMOR DAN NAMA CALON
A45: A.1 | B45: 1. | C45: Partai Kebangkitan Bangsa | E45: 3 | F45: 9 | G45: 6 | H45: 12 | I45: 8 | J45: 8 | K45: 2 | L45: 4 | M45: 8 | N45: 7 | O45: 5 | P45: 3 | Q45: 4 | R45: 3 | S45: 1 | T45: 5 | U45: 1 | V45: 3 | W45: 7 | X45: 10 | Y45: 15 | Z45: 11 | AA45: =SUM(E45:Z45) -> 135
A46: A.2 | C46: 1. Dra. Hj. MA`MULAH HARUN, M.Pd.I. | E46: 5 | F46: 9 | G46: 6 | H46: 51 | I46: 25 | J46: 12 | K46: 15 | L46: 16 | M46: 2 | N46: 2 | O46: 9 | P46: 7 | Q46: 5 | R46: 0 | S46: 10 | T46: 9 | U46: 2 | V46: 23 | W46: 30 | X46: 26 | Y46: 39 | Z46: 25 | AA46: =SUM(E46:Z46) -> 328
C47: 2. UBAIDILLAH, S.Fil.I. | E47: 0 | F47: 1 | G47: 1 | H47: 1 | I47: 2 | J47: 0 | K47: 3 | L47: 0 | M47: 0 | N47: 0 | O47: 1 | P47: 2 | Q47: 1 | R47: 0 | S47: 0 | T47: 1 | U47: 0 | V47: 0 | W47: 2 | X47: 1 | Y47: 2 | Z47: 2 | AA47: =SUM(E47:Z47) -> 20
C48: 3. Ir. H. YOYOK MULYADI, M.Si. | E48: 0 | F48: 0 | G48: 0 | H48: 1 | I48: 0 | J48: 0 | K48: 0 | L48: 3 | M48: 0 | N48: 0 | O48: 0 | P48: 0 | Q48: 0 | R48: 0 | S48: 0 | T48: 0 | U48: 1 | V48: 1 | W48: 1 | X48: 0 | Y48: 1 | Z48: 1 | AA48: =SUM(E48:Z48) -> 9
C49: 4. KHOIRUL ANWAR, S.Fil.I. | E49: 8 | F49: 0 | G49: 0 | H49: 3 | I49: 2 | J49: 0 | K49: 2 | L49: 3 | M49: 0 | N49: 1 | O49: 1 | P49: 1 | Q49: 0 | R49: 0 | S49: 1 | T49: 0 | U49: 0 | V49: 2 | W49: 1 | X49: 0 | Y49: 2 | Z49: 0 | AA49: =SUM(E49:Z49) -> 27
C50: 5. ARIF WIJAKSANA | E50: 0 | F50: 0 | G50: 1 | H50: 1 | I50: 1 | J50: 0 | K50: 0 | L50: 1 | M50: 0 | N50: 0 | O50: 0 | P50: 0 | Q50: 1 | R50: 0 | S50: 1 | T50: 0 | U50: 0 | V50: 0 | W50: 0 | X50: 0 | Y50: 1 | Z50: 0 | AA50: =SUM(E50:Z50) -> 7
C51: 6. Dr. SITI YUMNAH | E51: 0 | F51: 0 | G51: 0 | H51: 3 | I51: 1 | J51: 0 | K51: 0 | L51: 1 | M51: 1 | N51: 3 | O51: 0 | P51: 1 | Q51: 1 | R51: 1 | S51: 0 | T51: 1 | U51: 1 | V51: 0 | W51: 2 | X51: 2 | Y51: 0 | Z51: 1 | AA51: =SUM(E51:Z51) -> 19
C52: 7. MOHAMMAD ZAINI, M.Pd.I. | E52: 0 | F52: 0 | G52: 0 | H52: 0 | I52: 1 | J52: 0 | K52: 0 | L52: 0 | M52: 0 | N52: 0 | O52: 0 | P52: 0 | Q52: 0 | R52: 0 | S52: 0 | T52: 0 | U52: 0 | V52: 0 | W52: 1 | X52: 0 | Y52: 1 | Z52: 2 | AA52: =SUM(E52:Z52) -> 5
C53: 8. FAWAIDUL MAKKIYAH | E53: 0 | F53: 0 | G53: 0 | H53: 0 | I53: 0 | J53: 0 | K53: 0 | L53: 0 | M53: 0 | N53: 0 | O53: 0 | P53: 0 | Q53: 0 | R53: 0 | S53: 1 | T53: 1 | U53: 0 | V53: 0 | W53: 1 | X53: 0 | Y53: 0 | Z53: 0 | AA53: =SUM(E53:Z53) -> 3
C54: 9. IFFAH HIDAYATUR ROHMAH, S.Sos. | E54: 0 | F54: 0 | G54: 0 | H54: 1 | I54: 1 | J54: 1 | K54: 0 | L54: 3 | M54: 1 | N54: 0 | O54: 0 | P54: 0 | Q54: 1 | R54: 0 | S54: 0 | T54: 0 | U54: 0 | V54: 0 | W54: 2 | X54: 1 | Y54: 4 | Z54: 1 | AA54: =SUM(E54:Z54) -> 16
A55: B | B55: JUMLAH SUARA SAH PARTAI POLITIK DAN CALON (A1 + A2) | E55: =SUM(E45:E54) -> 16 | F55: =SUM(F45:F54) -> 19 | G55: =SUM(G45:G54) -> 14 | H55: =SUM(H45:H54) -> 73 | I55: =SUM(I45:I54) -> 41 | J55: =SUM(J45:J54) -> 21 | K55: =SUM(K45:K54) -> 22 | L55: =SUM(L45:L54) -> 31 | ... AA55: =SUM(AA45:AA54) -> 569
A57: A.1 | B57: 2. | C57: Partai Gerakan Indonesia Raya | E57: 2 | F57: 6 | G57: 7 | H57: 5 | I57: 2 | J57: 9 | K57: 8 | L57: 7 | M57: 8 | N57: 4 | O57: 9 | P57: 7 | Q57: 5 | R57: 6 | S57: 6 | T57: 10 | U57: 0 | V57: 3 | W57: 4 | X57: 8 | Y57: 5 | Z57: 7 | AA57: =SUM(E57:Z57) -> 128
A58: A.2 | C58: 1. AHMAD HADINUDDIN, S.Pd.I. | E58: 7 | F58: 4 | G58: 6 | H58: 6 | I58: 6 | J58: 13 | K58: 9 | L58: 12 | M58: 8 | N58: 7 | O58: 8 | P58: 3 | Q58: 6 | R58: 5 | S58: 5 | T58: 11 | U58: 2 | V58: 4 | W58: 3 | X58: 7 | Y58: 5 | Z58: 4 | AA58: =SUM(E58:Z58) -> 141
C59: 2. BIMA RAFSANJANI RAFID | E59: 21 | F59: 8 | G59: 35 | H59: 9 | I59: 13 | J59: 49 | K59: 43 | L59: 20 | M59: 29 | N59: 12 | O59: 22 | P59: 3 | Q59: 13 | R59: 28 | S59: 10 | T59: 3 | U59: 2 | V59: 6 | W59: 9 | X59: 17 | Y59: 4 | Z59: 4 | AA59: =SUM(E59:Z59) -> 360
C60: 3. IRA DAMAYANTI | E60: 0 | F60: 1 | G60: 1 | H60: 3 | I60: 0 | J60: 1 | K60: 1 | L60: 1 | M60: 3 | N60: 2 | O60: 0 | P60: 3 | Q60: 4 | R60: 1 | S60: 0 | T60: 1 | U60: 3 | V60: 0 | W60: 2 | X60: 0 | Y60: 1 | Z60: 2 | AA60: =SUM(E60:Z60) -> 30
C61: 4. MAULANA MALIK IBRAHIM, S.H. | E61: 0 | F61: 3 | G61: 0 | H61: 3 | I61: 2 | J61: 3 | K61: 4 | L61: 2 | M61: 5 | N61: 2 | O61: 20 | P61: 1 | Q61: 1 | R61: 3 | S61: 2 | T61: 2 | U61: 1 | V61: 2 | W61: 5 | X61: 8 | Y61: 1 | Z61: 6 | AA61: =SUM(E61:Z61) -> 76
C62: 5. LULUK ALFIATI | E62: 0 | F62: 1 | G62: 3 | H62: 0 | I62: 1 | J62: 0 | K62: 0 | L62: 2 | M62: 0 | N62: 1 | O62: 1 | P62: 0 | Q62: 0 | R62: 3 | S62: 1 | T62: 1 | U62: 1 | V62: 0 | W62: 0 | X62: 1 | Y62: 0 | Z62: 2 | AA62: =SUM(E62:Z62) -> 18
C63: 6. ILHAM WAHYUDI, S.H. | E63: 0 | F63: 0 | G63: 0 | H63: 0 | I63: 0 | J63: 1 | K63: 0 | L63: 2 | M63: 0 | N63: 3 | O63: 1 | P63: 1 | Q63: 1 | R63: 0 | S63: 1 | T63: 0 | U63: 0 | V63: 1 | W63: 2 | X63: 0 | Y63: 0 | Z63: 0 | AA63: =SUM(E63:Z63) -> 13
C64: 7. HAERUL ANWAR, S.Pd.I. | E64: 0 | F64: 0 | G64: 0 | H64: 1 | I64: 0 | J64: 0 | K64: 0 | L64: 0 | M64: 0 | N64: 0 | O64: 0 | P64: 0 | Q64: 0 | R64: 0 | S64: 1 | T64: 1 | U64: 0 | V64: 0 | W64: 0 | X64: 0 | Y64: 2 | Z64: 0 | AA64: =SUM(E64:Z64) -> 5
C65: 8. YOVI ADHITYA WARDANI | E65: 0 | F65: 0 | G65: 0 | H65: 0 | I65: 0 | J65: 0 | K65: 0 | L65: 0 | M65: 0 | N65: 0 | O65: 1 | P65: 0 | Q65: 0 | R65: 0 | S65: 1 | T65: 0 | U65: 0 | V65: 0 | W65: 0 | X65: 0 | Y65: 0 | Z65: 0 | AA65: =SUM(E65:Z65) -> 2
C66: 9. RITA AMELIA | E66: 0 | F66: 0 | G66: 0 | H66: 0 | I66: 0 | J66: 0 | K66: 0 | L66: 0 | M66: 1 | N66: 0 | O66: 0 | P66: 0 | Q66: 1 | R66: 0 | S66: 1 | T66: 0 | U66: 0 | V66: 0 | W66: 1 | X66: 1 | Y66: 0 | Z66: 0 | AA66: =SUM(E66:Z66) -> 5
A67: B | B67: JUMLAH SUARA SAH PARTAI POLITIK DAN CALON (A1 + A2) | E67: =SUM(E57:E66) -> 30 | F67: =SUM(F57:F66) -> 23 | G67: =SUM(G57:G66) -> 52 | H67: =SUM(H57:H66) -> 27 | I67: =SUM(I57:I66) -> 24 | J67: =SUM(J57:J66) -> 76 | K67: =SUM(K57:K66) -> 65 | L67: =SUM(L57:L66) -> 46 | ... AA67: =SUM(AA57:AA66) -> 778
A69: A.1 | B69: 3. | C69: Partai Demokrasi Indonesia Perjuangan | E69: 6 | F69: 11 | G69: 2 | H69: 5 | I69: 6 | J69: 1 | K69: 8 | L69: 16 | M69: 25 | N69: 31 | O69: 6 | P69: 26 | Q69: 10 | R69: 18 | S69: 32 | T69: 16 | U69: 11 | V69: 13 | W69: 0 | X69: 13 | Y69: 7 | Z69: 15 | AA69: =SUM(E69:Z69) -> 278
A70: A.2 | C70: 1. MARTIN H., S.H., M.H. | E70: 4 | F70: 4 | G70: 3 | H70: 10 | I70: 9 | J70: 9 | K70: 4 | L70: 19 | M70: 6 | N70: 22 | O70: 5 | P70: 12 | Q70: 22 | R70: 10 | S70: 16 | T70: 19 | U70: 117 | V70: 42 | W70: 7 | X70: 3 | Y70: 6 | Z70: 7 | AA70: =SUM(E70:Z70) -> 356
C71: 2. HERMANTO, S.E. | E71: 30 | F71: 29 | G71: 15 | H71: 3 | I71: 2 | J71: 0 | K71: 0 | L71: 6 | M71: 6 | N71: 5 | O71: 1 | P71: 3 | Q71: 3 | R71: 2 | S71: 5 | T71: 3 | U71: 3 | V71: 2 | W71: 0 | X71: 1 | Y71: 5 | Z71: 4 | AA71: =SUM(E71:Z71) -> 128
C72: 3. EVY SUSILAWATI, S.E., M.M. | E72: 1 | F72: 0 | G72: 2 | H72: 4 | I72: 1 | J72: 1 | K72: 4 | L72: 8 | M72: 9 | N72: 15 | O72: 0 | P72: 9 | Q72: 12 | R72: 5 | S72: 8 | T72: 6 | U72: 3 | V72: 2 | W72: 3 | X72: 3 | Y72: 1 | Z72: 7 | AA72: =SUM(E72:Z72) -> 104
C73: 4. M. SIROTTUDIN | E73: 2 | F73: 0 | G73: 1 | H73: 2 | I73: 2 | J73: 1 | K73: 2 | L73: 6 | M73: 4 | N73: 4 | O73: 1 | P73: 5 | Q73: 6 | R73: 8 | S73: 3 | T73: 3 | U73: 1 | V73: 4 | W73: 1 | X73: 4 | Y73: 1 | Z73: 6 | AA73: =SUM(E73:Z73) -> 67
C74: 5. ABDUL HAFID, S.H. | E74: 0 | F74: 4 | G74: 2 | H74: 1 | I74: 0 | J74: 0 | K74: 3 | L74: 1 | M74: 1 | N74: 5 | O74: 3 | P74: 3 | Q74: 1 | R74: 1 | S74: 2 | T74: 1 | U74: 0 | V74: 3 | W74: 0 | X74: 1 | Y74: 0 | Z74: 3 | AA74: =SUM(E74:Z74) -> 35
C75: 6. NIKITA FORTUNA SURYANINGATI, A.Md.Keb. | E75: 0 | F75: 0 | G75: 0 | H75: 2 | I75: 0 | J75: 0 | K75: 0 | L75: 5 | M75: 3 | N75: 1 | O75: 0 | P75: 2 | Q75: 3 | R75: 1 | S75: 3 | T75: 2 | U75: 0 | V75: 3 | W75: 1 | X75: 1 | Y75: 0 | Z75: 1 | AA75: =SUM(E75:Z75) -> 28
C76: 7. YUDHO ILHAM WIJAYA, S.E. | E76: 0 | F76: 0 | G76: 1 | H76: 0 | I76: 0 | J76: 0 | K76: 0 | L76: 2 | M76: 1 | N76: 0 | O76: 0 | P76: 2 | Q76: 1 | R76: 0 | S76: 2 | T76: 1 | U76: 0 | V76: 2 | W76: 0 | X76: 0 | Y76: 1 | Z76: 0 | AA76: =SUM(E76:Z76) -> 13
C77: 8. SETIAWATI, S.H. | E77: 0 | F77: 0 | G77: 0 | H77: 0 | I77: 0 | J77: 0 | K77: 0 | L77: 0 | M77: 0 | N77: 0 | O77: 2 | P77: 0 | Q77: 0 | R77: 0 | S77: 1 | T77: 2 | U77: 0 | V77: 1 | W77: 0 | X77: 0 | Y77: 0 | Z77: 1 | AA77: =SUM(E77:Z77) -> 7
C78: 9. EKO BUDI SANTOSO, S.H. | E78: 0 | F78: 0 | G78: 0 | H78: 0 | I78: 0 | J78: 1 | K78: 3 | L78: 2 | M78: 0 | N78: 1 | O78: 0 | P78: 1 | Q78: 2 | R78: 0 | S78: 1 | T78: 0 | U78: 1 | V78: 1 | W78: 0 | X78: 0 | Y78: 0 | Z78: 0 | AA78: =SUM(E78:Z78) -> 13
A79: B | B79: JUMLAH SUARA SAH PARTAI POLITIK DAN CALON (A1 + A2) | E79: =SUM(E69:E78) -> 43 | F79: =SUM(F69:F78) -> 48 | G79: =SUM(G69:G78) -> 26 | H79: =SUM(H69:H78) -> 27 | I79: =SUM(I69:I78) -> 20 | J79: =SUM(J69:J78) -> 13 | K79: =SUM(K69:K78) -> 24 | L79: =SUM(L69:L78) -> 65 | ... AA79: =SUM(AA69:AA78) -> 1029
A81: A.1 | B81: 4. | C81: Partai Golongan Karya | E81: 1 | F81: 5 | G81: 10 | H81: 5 | I81: 4 | J81: 6 | K81: 13 | L81: 7 | M81: 6 | N81: 3 | O81: 11 | P81: 7 | Q81: 6 | R81: 4 | S81: 2 | T81: 5 | U81: 1 | V81: 2 | W81: 4 | X81: 7 | Y81: 3 | Z81: 2 | AA81: =SUM(E81:Z81) -> 114
A82: A.2 | C82: 1. PRANAYA YUDHA MAHARDHIKA | E82: 15 | F82: 6 | G82: 26 | H82: 11 | I82: 21 | J82: 29 | K82: 17 | L82: 8 | M82: 9 | N82: 7 | O82: 16 | P82: 10 | Q82: 17 | R82: 35 | S82: 5 | T82: 9 | U82: 6 | V82: 1 | W82: 19 | X82: 4 | Y82: 13 | Z82: 3 | AA82: =SUM(E82:Z82) -> 287
C83: 2. Dra. Ec. ENDANG SULASTUTY, M.I.P. | E83: 0 | F83: 3 | G83: 0 | H83: 1 | I83: 1 | J83: 2 | K83: 1 | L83: 2 | M83: 1 | N83: 1 | O83: 2 | P83: 2 | Q83: 1 | R83: 0 | S83: 0 | T83: 1 | U83: 0 | V83: 0 | W83: 1 | X83: 0 | Y83: 2 | Z83: 3 | AA83: =SUM(E83:Z83) -> 24
C84: 3. AGUS REJEKI WARTONO | E84: 1 | F84: 1 | G84: 1 | H84: 1 | I84: 1 | J84: 1 | K84: 0 | L84: 3 | M84: 0 | N84: 0 | O84: 1 | P84: 0 | Q84: 1 | R84: 0 | S84: 0 | T84: 0 | U84: 3 | V84: 0 | W84: 3 | X84: 0 | Y84: 1 | Z84: 1 | AA84: =SUM(E84:Z84) -> 19
C85: 4. Hj. TUTUK ASMA'A ZUCHROH, S.T., M.T. | E85: 1 | F85: 0 | G85: 2 | H85: 1 | I85: 0 | J85: 3 | K85: 1 | L85: 1 | M85: 0 | N85: 3 | O85: 0 | P85: 0 | Q85: 1 | R85: 1 | S85: 1 | T85: 2 | U85: 1 | V85: 1 | W85: 1 | X85: 0 | Y85: 0 | Z85: 0 | AA85: =SUM(E85:Z85) -> 20
C86: 5. ADE M. RIZKI, S.E. | E86: 1 | F86: 1 | G86: 3 | H86: 0 | I86: 0 | J86: 1 | K86: 0 | L86: 0 | M86: 0 | N86: 1 | O86: 0 | P86: 0 | Q86: 2 | R86: 0 | S86: 0 | T86: 0 | U86: 1 | V86: 0 | W86: 1 | X86: 0 | Y86: 2 | Z86: 1 | AA86: =SUM(E86:Z86) -> 14
C87: 6. ABDURAKHMAN, Bc.Kn. | E87: 1 | F87: 0 | G87: 1 | H87: 0 | I87: 0 | J87: 0 | K87: 0 | L87: 1 | M87: 0 | N87: 0 | O87: 0 | P87: 0 | Q87: 0 | R87: 0 | S87: 0 | T87: 0 | U87: 0 | V87: 1 | W87: 0 | X87: 0 | Y87: 0 | Z87: 1 | AA87: =SUM(E87:Z87) -> 5
C88: 7. CENDY RHIYAN ADI PUTRI | E88: 1 | F88: 0 | G88: 0 | H88: 0 | I88: 0 | J88: 0 | K88: 0 | L88: 0 | M88: 1 | N88: 1 | O88: 0 | P88: 0 | Q88: 0 | R88: 0 | S88: 0 | T88: 0 | U88: 0 | V88: 0 | W88: 0 | X88: 0 | Y88: 0 | Z88: 0 | AA88: =SUM(E88:Z88) -> 3
C89: 8. BAKTI WIJAYANTO, S.E. | E89: 0 | F89: 0 | G89: 0 | H89: 0 | I89: 0 | J89: 0 | K89: 0 | L89: 0 | M89: 0 | N89: 0 | O89: 0 | P89: 0 | Q89: 0 | R89: 0 | S89: 0 | T89: 0 | U89: 0 | V89: 0 | W89: 0 | X89: 0 | Y89: 0 | Z89: 0 | AA89: =SUM(E89:Z89) -> 0
C90: 9. AHMAD UBAIDILLAH | E90: 0 | F90: 0 | G90: 0 | H90: 0 | I90: 1 | J90: 0 | K90: 1 | L90: 0 | M90: 1 | N90: 0 | O90: 0 | P90: 0 | Q90: 2 | R90: 0 | S90: 0 | T90: 0 | U90: 0 | V90: 0 | W90: 0 | X90: 0 | Y90: 0 | Z90: 0 | AA90: =SUM(E90:Z90) -> 5
A91: B | B91: JUMLAH SUARA SAH PARTAI POLITIK DAN CALON (A1 + A2) | E91: =SUM(E81:E90) -> 21 | F91: =SUM(F81:F90) -> 16 | G91: =SUM(G81:G90) -> 43 | H91: =SUM(H81:H90) -> 19 | I91: =SUM(I81:I90) -> 28 | J91: =SUM(J81:J90) -> 42 | K91: =SUM(K81:K90) -> 33 | L91: =SUM(L81:L90) -> 22 | ... AA91: =SUM(AA81:AA90) -> 491
A93: A.1 | B93: 5. | C93: Partai NasDem | E93: 4 | F93: 1 | G93: 0 | H93: 4 | I93: 3 | J93: 0 | K93: 1 | L93: 2 | M93: 0 | N93: 1 | O93: 0 | P93: 1 | Q93: 0 | R93: 0 | S93: 0 | T93: 0 | U93: 3 | V93: 0 | W93: 0 | X93: 5 | Y93: 1 | Z93: 5 | AA93: =SUM(E93:Z93) -> 31
A94: A.2 | C94: 1. ALI MUSTOFA, A.Md. | E94: 1 | F94: 2 | G94: 0 | H94: 1 | I94: 8 | J94: 0 | K94: 1 | L94: 7 | M94: 0 | N94: 2 | O94: 0 | P94: 1 | Q94: 0 | R94: 1 | S94: 1 | T94: 3 | U94: 4 | V94: 0 | W94: 0 | X94: 5 | Y94: 3 | Z94: 10 | AA94: =SUM(E94:Z94) -> 50
C95: 2. Hj. BUAMI, S.H. | E95: 0 | F95: 0 | G95: 0 | H95: 1 | I95: 0 | J95: 0 | K95: 0 | L95: 0 | M95: 0 | N95: 0 | O95: 1 | P95: 0 | Q95: 0 | R95: 0 | S95: 0 | T95: 0 | U95: 0 | V95: 0 | W95: 0 | X95: 0 | Y95: 1 | Z95: 1 | AA95: =SUM(E95:Z95) -> 4
C96: 3. SUGIONO, S.H. | E96: 0 | F96: 0 | G96: 0 | H96: 2 | I96: 0 | J96: 0 | K96: 0 | L96: 0 | M96: 0 | N96: 0 | O96: 0 | P96: 1 | Q96: 1 | R96: 0 | S96: 0 | T96: 0 | U96: 0 | V96: 0 | W96: 0 | X96: 0 | Y96: 0 | Z96: 2 | AA96: =SUM(E96:Z96) -> 6
C97: 4. LULUK SUNARMIATININGSIH | E97: 0 | F97: 0 | G97: 0 | H97: 1 | I97: 0 | J97: 0 | K97: 0 | L97: 0 | M97: 0 | N97: 0 | O97: 0 | P97: 0 | Q97: 0 | R97: 0 | S97: 0 | T97: 0 | U97: 0 | V97: 0 | W97: 0 | X97: 1 | Y97: 0 | Z97: 0 | AA97: =SUM(E97:Z97) -> 2
C98: 5. ANTON DJULIANTO ADI | E98: 0 | F98: 0 | G98: 0 | H98: 0 | I98: 0 | J98: 0 | K98: 0 | L98: 0 | M98: 0 | N98: 0 | O98: 0 | P98: 0 | Q98: 0 | R98: 0 | S98: 0 | T98: 0 | U98: 0 | V98: 0 | W98: 0 | X98: 0 | Y98: 0 | Z98: 0 | AA98: =SUM(E98:Z98) -> 0
C99: 6. MOKHAMAD ROFI'I KHUSNAN | E99: 0 | F99: 0 | G99: 0 | H99: 1 | I99: 0 | J99: 0 | K99: 0 | L99: 0 | M99: 0 | N99: 0 | O99: 0 | P99: 0 | Q99: 0 | R99: 0 | S99: 0 | T99: 0 | U99: 0 | V99: 0 | W99: 0 | X99: 0 | Y99: 0 | Z99: 1 | AA99: =SUM(E99:Z99) -> 2
C100: 7. Rr SETYO WATI | E100: 0 | F100: 0 | G100: 0 | H100: 0 | I100: 0 | J100: 0 | K100: 0 | L100: 0 | M100: 0 | N100: 0 | O100: 0 | P100: 0 | Q100: 0 | R100: 0 | S100: 0 | T100: 0 | U100: 0 | V100: 0 | W100: 0 | X100: 0 | Y100: 1 | Z100: 0 | AA100: =SUM(E100:Z100) -> 1
C101: 8. ABD. KADIR ASSEGAFF | E101: 0 | F101: 0 | G101: 0 | H101: 0 | I101: 0 | J101: 0 | K101: 0 | L101: 0 | M101: 0 | N101: 0 | O101: 0 | P101: 0 | Q101: 0 | R101: 0 | S101: 0 | T101: 0 | U101: 0 | V101: 0 | W101: 0 | X101: 0 | Y101: 0 | Z101: 0 | AA101: =SUM(E101:Z101) -> 0
C102: 9. FATHOR ZAINULLAH | E102: 0 | F102: 0 | G102: 0 | H102: 0 | I102: 0 | J102: 0 | K102: 0 | L102: 0 | M102: 0 | N102: 0 | O102: 0 | P102: 0 | Q102: 0 | R102: 0 | S102: 0 | T102: 0 | U102: 0 | V102: 0 | W102: 0 | X102: 0 | Y102: 0 | Z102: 0 | AA102: =SUM(E102:Z102) -> 0
A103: B | B103: JUMLAH SUARA SAH PARTAI POLITIK DAN CALON (A1 + A2) | E103: =SUM(E93:E102) -> 5 | F103: =SUM(F93:F102) -> 3 | G103: =SUM(G93:G102) -> 0 | H103: =SUM(H93:H102) -> 10 | I103: =SUM(I93:I102) -> 11 | J103: =SUM(J93:J102) -> 0 | K103: =SUM(K93:K102) -> 2 | L103: =SUM(L93:L102) -> 9 | ... AA103: =SUM(AA93:AA102) -> 96
A105: A.1 | B105: 6. | C105: Partai Buruh | E105: 0 | F105: 0 | G105: 1 | H105: 1 | I105: 1 | J105: 0 | K105: 0 | L105: 3 | M105: 0 | N105: 0 | O105: 0 | P105: 1 | Q105: 1 | R105: 0 | S105: 0 | T105: 0 | U105: 0 | V105: 0 | W105: 1 | X105: 0 | Y105: 4 | Z105: 0 | AA105: =SUM(E105:Z105) -> 13
A106: A.2 | C106: 1. AGUS SUPRIYADI | E106: 0 | F106: 1 | G106: 0 | H106: 0 | I106: 1 | J106: 0 | K106: 0 | L106: 0 | M106: 1 | N106: 1 | O106: 0 | P106: 0 | Q106: 0 | R106: 0 | S106: 0 | T106: 0 | U106: 1 | V106: 0 | W106: 1 | X106: 0 | Y106: 0 | Z106: 1 | AA106: =SUM(E106:Z106) -> 7
C107: 2. ENI HARIATI | E107: 0 | F107: 0 | G107: 0 | H107: 0 | I107: 0 | J107: 0 | K107: 0 | L107: 0 | M107: 0 | N107: 0 | O107: 0 | P107: 0 | Q107: 0 | R107: 0 | S107: 1 | T107: 0 | U107: 0 | V107: 0 | W107: 0 | X107: 0 | Y107: 0 | Z107: 0 | AA107: =SUM(E107:Z107) -> 1
AA108: =SUM(E108:Z108) -> 0
AA109: =SUM(E109:Z109) -> 0
AA110: =SUM(E110:Z110) -> 0
AA111: =SUM(E111:Z111) -> 0
AA112: =SUM(E112:Z112) -> 0
AA113: =SUM(E113:Z113) -> 0
AA114: =SUM(E114:Z114) -> 0
A115: B | B115: JUMLAH SUARA SAH PARTAI POLITIK DAN CALON (A1 + A2) | E115: =SUM(E105:E114) -> 0 | F115: =SUM(F105:F114) -> 1 | G115: =SUM(G105:G114) -> 1 | H115: =SUM(H105:H114) -> 1 | I115: =SUM(I105:I114) -> 2 | J115: =SUM(J105:J114) -> 0 | K115: =SUM(K105:K114) -> 0 | L115: =SUM(L105:L114) -> 3 | ... AA115: =SUM(AA105:AA114) -> 21
A117: A.1 | B117: 7. | C117: Partai Gelombang Rakyat Indonesia | E117: 0 | F117: 0 | G117: 0 | H117: 1 | I117: 0 | J117: 0 | K117: 0 | L117: 1 | M117: 1 | N117: 3 | O117: 0 | P117: 0 | Q117: 1 | R117: 0 | S117: 1 | T117: 1 | U117: 0 | V117: 0 | W117: 0 | X117: 1 | Y117: 0 | Z117: 0 | AA117: =SUM(E117:Z117) -> 10
...

Sheet TEGALREJO
C2: Kecamatan | D2: TEGALSARI
C3: Kabupaten | D3: BANYUWANGI
C4: Provinsi | D4: JAWA TIMUR
C9: Kelurahan | D9: TEGALREJO
A12: I | B12: DATA PEMILIH DAN PENGGUNAAN HAK PILIH | AB12: JUMLAH AKHIR
A13: A | B13: DATA PEMILIH | E13: TPS 001 | F13: TPS 002 | G13: TPS 003 | H13: TPS 004 | I13: TPS 005 | J13: TPS 006 | K13: TPS 007 | L13: TPS 008 | M13: TPS 009 | N13: TPS 010 | O13: TPS 011 | P13: TPS 012 | Q13: TPS 013 | R13: TPS 014 | S13: TPS 015 | T13: TPS 016 | U13: TPS 017 | V13: TPS 018 | W13: TPS 019 | X13: TPS 020 | Y13: TPS 021 | Z13: TPS 022 | AA13: TPS 023
B14: Jumlah Pemilih dalam Daftar Pemilih Tetap (DPT) | D14: LK | E14: 148 | F14: 99 | G14: 143 | H14: 144 | I14: 134 | J14: 127 | K14: 136 | L14: 92 | M14: 117 | N14: 105 | O14: 104 | P14: 133 | Q14: 136 | R14: 137 | S14: 107 | T14: 121 | U14: 104 | V14: 112 | W14: 124 | X14: 111 | Y14: 148 | Z14: 124 | AA14: 113 | AB14: =SUM(E14:AA14) -> 2819
D15: PR | E15: 148 | F15: 95 | G15: 151 | H15: 148 | I15: 137 | J15: 125 | K15: 141 | L15: 101 | M15: 105 | N15: 108 | O15: 102 | P15: 115 | Q15: 145 | R15: 146 | S15: 105 | T15: 134 | U15: 93 | V15: 117 | W15: 131 | X15: 106 | Y15: 138 | Z15: 114 | AA15: 92 | AB15: =SUM(E15:AA15) -> 2797
D16: JML | E16: =SUM(E14:E15) -> 296 | F16: =SUM(F14:F15) -> 194 | G16: =SUM(G14:G15) -> 294 | H16: =SUM(H14:H15) -> 292 | I16: =SUM(I14:I15) -> 271 | J16: =SUM(J14:J15) -> 252 | K16: =SUM(K14:K15) -> 277 | L16: =SUM(L14:L15) -> 193 | ... AA16: =SUM(AA14:AA15) -> 205 | AB16: =SUM(E16:AA16) -> 5616
A18: B | B18: PENGGUNA HAK PILIH
B19: 1. | C19: Jumlah pengguna hak pilih dalam Daftar Pemilih Tetap (DPT) | D19: LK | E19: 109 | F19: 81 | G19: 113 | H19: 92 | I19: 105 | J19: 93 | K19: 96 | L19: 58 | M19: 83 | N19: 75 | O19: 76 | P19: 97 | Q19: 109 | R19: 99 | S19: 76 | T19: 89 | U19: 70 | V19: 78 | W19: 90 | X19: 78 | Y19: 108 | Z19: 93 | AA19: 79 | AB19: =SUM(E19:AA19) -> 2047
D20: PR | E20: 111 | F20: 80 | G20: 129 | H20: 117 | I20: 94 | J20: 97 | K20: 98 | L20: 80 | M20: 82 | N20: 83 | O20: 85 | P20: 93 | Q20: 114 | R20: 121 | S20: 85 | T20: 93 | U20: 74 | V20: 87 | W20: 83 | X20: 80 | Y20: 108 | Z20: 81 | AA20: 69 | AB20: =SUM(E20:AA20) -> 2144
D21: JML | E21: =SUM(E19:E20) -> 220 | F21: =SUM(F19:F20) -> 161 | G21: =SUM(G19:G20) -> 242 | H21: =SUM(H19:H20) -> 209 | I21: =SUM(I19:I20) -> 199 | J21: =SUM(J19:J20) -> 190 | K21: =SUM(K19:K20) -> 194 | L21: =SUM(L19:L20) -> 138 | ... AA21: =SUM(AA19:AA20) -> 148 | AB21: =SUM(E21:AA21) -> 4191
B22: 2. | C22: Jumlah pengguna hak pilih dalam Daftar Pemilih Tambahan (DPTb) | D22: LK | E22: 0 | F22: 0 | G22: 1 | H22: 0 | I22: 0 | J22: 0 | K22: 0 | L22: 0 | M22: 0 | N22: 0 | O22: 0 | P22: 0 | Q22: 0 | R22: 0 | S22: 0 | T22: 0 | U22: 0 | V22: 0 | W22: 0 | X22: 0 | Y22: 0 | Z22: 0 | AA22: 1 | AB22: =SUM(E22:AA22) -> 2
D23: PR | E23: 0 | F23: 0 | G23: 1 | H23: 0 | I23: 0 | J23: 0 | K23: 1 | L23: 0 | M23: 0 | N23: 0 | O23: 0 | P23: 0 | Q23: 0 | R23: 0 | S23: 0 | T23: 0 | U23: 0 | V23: 0 | W23: 0 | X23: 0 | Y23: 0 | Z23: 0 | AA23: 1 | AB23: =SUM(E23:AA23) -> 3
D24: JML | E24: =SUM(E22:E23) -> 0 | F24: =SUM(F22:F23) -> 0 | G24: =SUM(G22:G23) -> 2 | H24: =SUM(H22:H23) -> 0 | I24: =SUM(I22:I23) -> 0 | J24: =SUM(J22:J23) -> 0 | K24: =SUM(K22:K23) -> 1 | L24: =SUM(L22:L23) -> 0 | ... AA24: =SUM(AA22:AA23) -> 2 | AB24: =SUM(E24:AA24) -> 5
B25: 3. | C25: Jumlah pengguna hak pilih dalam Daftar Pemilih Khusus (DPK) | D25: LK | E25: 0 | F25: 2 | G25: 3 | H25: 2 | I25: 1 | J25: 0 | K25: 0 | L25: 0 | M25: 1 | N25: 0 | O25: 1 | P25: 1 | Q25: 1 | R25: 0 | S25: 0 | T25: 0 | U25: 0 | V25: 2 | W25: 0 | X25: 1 | Y25: 1 | Z25: 2 | AA25: 2 | AB25: =SUM(E25:AA25) -> 20
D26: PR | E26: 4 | F26: 1 | G26: 0 | H26: 1 | I26: 1 | J26: 0 | K26: 1 | L26: 1 | M26: 7 | N26: 0 | O26: 1 | P26: 3 | Q26: 2 | R26: 2 | S26: 1 | T26: 2 | U26: 1 | V26: 1 | W26: 1 | X26: 0 | Y26: 5 | Z26: 2 | AA26: 5 | AB26: =SUM(E26:AA26) -> 42
D27: JML | E27: =SUM(E25:E26) -> 4 | F27: =SUM(F25:F26) -> 3 | G27: =SUM(G25:G26) -> 3 | H27: =SUM(H25:H26) -> 3 | I27: =SUM(I25:I26) -> 2 | J27: =SUM(J25:J26) -> 0 | K27: =SUM(K25:K26) -> 1 | L27: =SUM(L25:L26) -> 1 | ... AA27: =SUM(AA25:AA26) -> 7 | AB27: =SUM(E27:AA27) -> 62
B28: 4. | C28: Jumlah Pengguna Hak Pilih (B.1+B.2+B.3) | D28: LK | E28: =SUM(E19,E22,E25) -> 109 | F28: =SUM(F19,F22,F25) -> 83 | G28: =SUM(G19,G22,G25) -> 117 | H28: =SUM(H19,H22,H25) -> 94 | I28: =SUM(I19,I22,I25) -> 106 | J28: =SUM(J19,J22,J25) -> 93 | K28: =SUM(K19,K22,K25) -> 96 | L28: =SUM(L19,L22,L25) -> 58 | ... AA28: =SUM(AA19,AA22,AA25) -> 82 | AB28: =SUM(E28:AA28) -> 2069
D29: PR | E29: =SUM(E20,E23,E26) -> 115 | F29: =SUM(F20,F23,F26) -> 81 | G29: =SUM(G20,G23,G26) -> 130 | H29: =SUM(H20,H23,H26) -> 118 | I29: =SUM(I20,I23,I26) -> 95 | J29: =SUM(J20,J23,J26) -> 97 | K29: =SUM(K20,K23,K26) -> 100 | L29: =SUM(L20,L23,L26) -> 81 | ... AA29: =SUM(AA20,AA23,AA26) -> 75 | AB29: =SUM(E29:AA29) -> 2189
D30: JML | E30: =SUM(E28:E29) -> 224 | F30: =SUM(F28:F29) -> 164 | G30: =SUM(G28:G29) -> 247 | H30: =SUM(H28:H29) -> 212 | I30: =SUM(I28:I29) -> 201 | J30: =SUM(J28:J29) -> 190 | K30: =SUM(K28:K29) -> 196 | L30: =SUM(L28:L29) -> 139 | ... AA30: =SUM(AA28:AA29) -> 157 | AB30: =SUM(E30:AA30) -> 4258
A32: II | B32: DATA PENGGUNAAN SURAT SUARA
A33: 1 | B33: Jumlah surat suara yang diterima, termasuk surat suara cadangan 2,5% dari DPT | E33: 302 | F33: 198 | G33: 300 | H33: 298 | I33: 277 | J33: 258 | K33: 283 | L33: 198 | M33: 227 | N33: 218 | O33: 211 | P33: 253 | Q33: 287 | R33: 289 | S33: 217 | T33: 261 | U33: 201 | V33: 234 | W33: 261 | X33: 222 | Y33: 292 | Z33: 243 | AA33: 210 | AB33: =SUM(E33:AA33) -> 5740
A34: 2 | B34: Jumlah surat suara yang digunakan | E34: 224 | F34: 164 | G34: 247 | H34: 212 | I34: 201 | J34: 190 | K34: 196 | L34: 139 | M34: 173 | N34: 158 | O34: 163 | P34: 194 | Q34: 226 | R34: 222 | S34: 162 | T34: 184 | U34: 145 | V34: 168 | W34: 174 | X34: 159 | Y34: 222 | Z34: 178 | AA34: 157 | AB34: =SUM(E34:AA34) -> 4258
A35: 3 | B35: Jumlah surat suara dikembalikan oleh pemilih (karena rusak atau keliru coblos) | E35: 0 | F35: 0 | G35: 0 | H35: 0 | I35: 0 | J35: 0 | K35: 0 | L35: 0 | M35: 0 | N35: 0 | O35: 0 | P35: 1 | Q35: 0 | R35: 0 | S35: 0 | T35: 0 | U35: 0 | V35: 0 | W35: 1 | X35: 1 | Y35: 1 | Z35: 1 | AA35: 1 | AB35: =SUM(E35:AA35) -> 6
A36: 4 | B36: Jumlah surat suara yang tidak digunakan/tidak terpakai, termasuk sisa surat suara cadangan | E36: =E33-(E34+E35) -> 78 | F36: =F33-(F34+F35) -> 34 | G36: =G33-(G34+G35) -> 53 | H36: =H33-(H34+H35) -> 86 | I36: =I33-(I34+I35) -> 76 | J36: =J33-(J34+J35) -> 68 | K36: =K33-(K34+K35) -> 87 | L36: =L33-(L34+L35) -> 59 | ... AA36: =AA33-(AA34+AA35) -> 52 | AB36: =SUM(E36:AA36) -> 1476
A38: III | B38: DATA PEMILIH DISABILITAS
B39: Jumlah seluruh Pemilih disabilitas yang menggunakan hak pilih | D39: LK | E39: 0 | F39: 0 | G39: 0 | H39: 0 | I39: 0 | J39: 0 | K39: 0 | L39: 1 | M39: 0 | N39: 1 | O39: 0 | P39: 0 | Q39: 0 | R39: 0 | S39: 0 | T39: 0 | U39: 2 | V39: 0 | W39: 0 | X39: 1 | Y39: 1 | Z39: 0 | AA39: 0 | AB39: =SUM(E39:AA39) -> 6
D40: PR | E40: 1 | F40: 0 | G40: 0 | H40: 0 | I40: 0 | J40: 0 | K40: 0 | L40: 0 | M40: 1 | N40: 0 | O40: 0 | P40: 0 | Q40: 0 | R40: 0 | S40: 0 | T40: 0 | U40: 0 | V40: 0 | W40: 0 | X40: 1 | Y40: 1 | Z40: 0 | AA40: 0 | AB40: =SUM(E40:AA40) -> 4
D41: JML | E41: =SUM(E39:E40) -> 1 | F41: =SUM(F39:F40) -> 0 | G41: =SUM(G39:G40) -> 0 | H41: =SUM(H39:H40) -> 0 | I41: =SUM(I39:I40) -> 0 | J41: =SUM(J39:J40) -> 0 | K41: =SUM(K39:K40) -> 0 | L41: =SUM(L39:L40) -> 1 | ... AA41: =SUM(AA39:AA40) -> 0 | AB41: =SUM(E41:AA41) -> 10
A43: IV | B43: DATA RINCIAN PEROLEHAN SUARA PASANGAN CALON BUPATI DAN WAKIL BUPATI
A44: NOMOR DAN NAMA CALON
A45: A.1 | B45: 1. | C45: Partai Kebangkitan Bangsa | E45: 11 | F45: 8 | G45: 7 | H45: 5 | I45: 9 | J45: 8 | K45: 7 | L45: 4 | M45: 20 | N45: 5 | O45: 4 | P45: 2 | Q45: 8 | R45: 16 | S45: 1 | T45: 5 | U45: 2 | V45: 1 | W45: 5 | X45: 5 | Y45: 6 | Z45: 2 | AA45: 7 | AB45: =SUM(E45:AA45) -> 148
A46: A.2 | C46: 1. Dra. Hj. MA`MULAH HARUN, M.Pd.I. | E46: 15 | F46: 23 | G46: 27 | H46: 4 | I46: 11 | J46: 12 | K46: 9 | L46: 4 | M46: 18 | N46: 6 | O46: 2 | P46: 3 | Q46: 12 | R46: 7 | S46: 4 | T46: 8 | U46: 3 | V46: 14 | W46: 6 | X46: 3 | Y46: 6 | Z46: 5 | AA46: 3 | AB46: =SUM(E46:AA46) -> 205
C47: 2. UBAIDILLAH, S.Fil.I. | E47: 61 | F47: 37 | G47: 37 | H47: 105 | I47: 51 | J47: 22 | K47: 43 | L47: 9 | M47: 18 | N47: 11 | O47: 78 | P47: 58 | Q47: 49 | R47: 62 | S47: 11 | T47: 40 | U47: 33 | V47: 22 | W47: 10 | X47: 40 | Y47: 33 | Z47: 26 | AA47: 22 | AB47: =SUM(E47:AA47) -> 878
C48: 3. Ir. H. YOYOK MULYADI, M.Si. | E48: 2 | F48: 1 | G48: 1 | H48: 1 | I48: 1 | J48: 1 | K48: 0 | L48: 0 | M48: 1 | N48: 0 | O48: 0 | P48: 0 | Q48: 0 | R48: 1 | S48: 0 | T48: 0 | U48: 0 | V48: 0 | W48: 2 | X48: 0 | Y48: 1 | Z48: 0 | AA48: 0 | AB48: =SUM(E48:AA48) -> 12
C49: 4. KHOIRUL ANWAR, S.Fil.I. | E49: 3 | F49: 2 | G49: 0 | H49: 1 | I49: 1 | J49: 1 | K49: 1 | L49: 0 | M49: 2 | N49: 0 | O49: 1 | P49: 0 | Q49: 0 | R49: 0 | S49: 0 | T49: 0 | U49: 1 | V49: 2 | W49: 1 | X49: 2 | Y49: 1 | Z49: 1 | AA49: 0 | AB49: =SUM(E49:AA49) -> 20
C50: 5. ARIF WIJAKSANA | E50: 1 | F50: 1 | G50: 3 | H50: 0 | I50: 0 | J50: 1 | K50: 0 | L50: 1 | M50: 2 | N50: 1 | O50: 0 | P50: 0 | Q50: 1 | R50: 0 | S50: 0 | T50: 1 | U50: 0 | V50: 1 | W50: 0 | X50: 0 | Y50: 0 | Z50: 1 | AA50: 1 | AB50: =SUM(E50:AA50) -> 15
C51: 6. Dr. SITI YUMNAH | E51: 1 | F51: 1 | G51: 1 | H51: 0 | I51: 1 | J51: 1 | K51: 1 | L51: 1 | M51: 3 | N51: 2 | O51: 1 | P51: 5 | Q51: 4 | R51: 1 | S51: 1 | T51: 1 | U51: 1 | V51: 1 | W51: 1 | X51: 0 | Y51: 0 | Z51: 2 | AA51: 0 | AB51: =SUM(E51:AA51) -> 30
C52: 7. MOHAMMAD ZAINI, M.Pd.I. | E52: 1 | F52: 1 | G52: 1 | H52: 1 | I52: 0 | J52: 0 | K52: 1 | L52: 0 | M52: 2 | N52: 1 | O52: 0 | P52: 0 | Q52: 0 | R52: 0 | S52: 1 | T52: 0 | U52: 0 | V52: 1 | W52: 0 | X52: 0 | Y52: 0 | Z52: 0 | AA52: 0 | AB52: =SUM(E52:AA52) -> 10
C53: 8. FAWAIDUL MAKKIYAH | E53: 0 | F53: 0 | G53: 1 | H53: 1 | I53: 0 | J53: 0 | K53: 0 | L53: 0 | M53: 0 | N53: 1 | O53: 1 | P53: 0 | Q53: 0 | R53: 0 | S53: 0 | T53: 0 | U53: 0 | V53: 0 | W53: 0 | X53: 0 | Y53: 0 | Z53: 0 | AA53: 0 | AB53: =SUM(E53:AA53) -> 4
C54: 9. IFFAH HIDAYATUR ROHMAH, S.Sos. | E54: 2 | F54: 0 | G54: 0 | H54: 0 | I54: 0 | J54: 3 | K54: 0 | L54: 0 | M54: 2 | N54: 0 | O54: 1 | P54: 0 | Q54: 1 | R54: 1 | S54: 2 | T54: 3 | U54: 0 | V54: 2 | W54: 0 | X54: 0 | Y54: 0 | Z54: 1 | AA54: 0 | AB54: =SUM(E54:AA54) -> 18
A55: B | B55: JUMLAH SUARA SAH PARTAI POLITIK DAN CALON (A1 + A2) | E55: =SUM(E45:E54) -> 97 | F55: =SUM(F45:F54) -> 74 | G55: =SUM(G45:G54) -> 78 | H55: =SUM(H45:H54) -> 118 | I55: =SUM(I45:I54) -> 74 | J55: =SUM(J45:J54) -> 49 | K55: =SUM(K45:K54) -> 62 | L55: =SUM(L45:L54) -> 19 | ... AB55: =SUM(AB45:AB54) -> 1340
A57: A.1 | B57: 2. | C57: Partai Gerakan Indonesia Raya | E57: 10 | F57: 8 | G57: 9 | H57: 6 | I57: 6 | J57: 8 | K57: 5 | L57: 6 | M57: 5 | N57: 10 | O57: 8 | P57: 3 | Q57: 12 | R57: 6 | S57: 5 | T57: 5 | U57: 9 | V57: 7 | W57: 7 | X57: 3 | Y57: 3 | Z57: 5 | AA57: 8 | AB57: =SUM(E57:AA57) -> 154
A58: A.2 | C58: 1. AHMAD HADINUDDIN, S.Pd.I. | E58: 6 | F58: 7 | G58: 51 | H58: 10 | I58: 30 | J58: 11 | K58: 9 | L58: 5 | M58: 2 | N58: 4 | O58: 4 | P58: 4 | Q58: 7 | R58: 4 | S58: 11 | T58: 9 | U58: 5 | V58: 13 | W58: 17 | X58: 3 | Y58: 1 | Z58: 3 | AA58: 4 | AB58: =SUM(E58:AA58) -> 220
C59: 2. BIMA RAFSANJANI RAFID | E59: 9 | F59: 3 | G59: 25 | H59: 8 | I59: 6 | J59: 5 | K59: 4 | L59: 22 | M59: 4 | N59: 3 | O59: 16 | P59: 65 | Q59: 6 | R59: 4 | S59: 5 | T59: 1 | U59: 5 | V59: 12 | W59: 14 | X59: 8 | Y59: 8 | Z59: 9 | AA59: 13 | AB59: =SUM(E59:AA59) -> 255
C60: 3. IRA DAMAYANTI | E60: 1 | F60: 0 | G60: 0 | H60: 0 | I60: 1 | J60: 0 | K60: 0 | L60: 1 | M60: 0 | N60: 0 | O60: 1 | P60: 3 | Q60: 15 | R60: 0 | S60: 2 | T60: 3 | U60: 2 | V60: 2 | W60: 0 | X60: 0 | Y60: 1 | Z60: 1 | AA60: 2 | AB60: =SUM(E60:AA60) -> 35
C61: 4. MAULANA MALIK IBRAHIM, S.H. | E61: 9 | F61: 8 | G61: 7 | H61: 17 | I61: 0 | J61: 18 | K61: 13 | L61: 24 | M61: 22 | N61: 41 | O61: 14 | P61: 6 | Q61: 1 | R61: 22 | S61: 50 | T61: 16 | U61: 8 | V61: 35 | W61: 7 | X61: 7 | Y61: 9 | Z61: 6 | AA61: 10 | AB61: =SUM(E61:AA61) -> 350
C62: 5. LULUK ALFIATI | E62: 0 | F62: 2 | G62: 0 | H62: 2 | I62: 2 | J62: 2 | K62: 0 | L62: 0 | M62: 0 | N62: 0 | O62: 0 | P62: 0 | Q62: 1 | R62: 1 | S62: 0 | T62: 0 | U62: 1 | V62: 0 | W62: 2 | X62: 1 | Y62: 2 | Z62: 0 | AA62: 1 | AB62: =SUM(E62:AA62) -> 17
C63: 6. ILHAM WAHYUDI, S.H. | E63: 0 | F63: 1 | G63: 0 | H63: 0 | I63: 0 | J63: 0 | K63: 1 | L63: 0 | M63: 3 | N63: 0 | O63: 0 | P63: 0 | Q63: 0 | R63: 0 | S63: 1 | T63: 1 | U63: 1 | V63: 0 | W63: 0 | X63: 0 | Y63: 2 | Z63: 0 | AA63: 0 | AB63: =SUM(E63:AA63) -> 10
C64: 7. HAERUL ANWAR, S.Pd.I. | E64: 0 | F64: 0 | G64: 0 | H64: 0 | I64: 2 | J64: 0 | K64: 0 | L64: 0 | M64: 0 | N64: 0 | O64: 0 | P64: 1 | Q64: 0 | R64: 0 | S64: 0 | T64: 0 | U64: 0 | V64: 0 | W64: 0 | X64: 0 | Y64: 1 | Z64: 0 | AA64: 0 | AB64: =SUM(E64:AA64) -> 4
C65: 8. YOVI ADHITYA WARDANI | E65: 0 | F65: 0 | G65: 0 | H65: 0 | I65: 0 | J65: 0 | K65: 1 | L65: 0 | M65: 0 | N65: 0 | O65: 0 | P65: 1 | Q65: 0 | R65: 0 | S65: 0 | T65: 0 | U65: 0 | V65: 0 | W65: 0 | X65: 0 | Y65: 0 | Z65: 0 | AA65: 0 | AB65: =SUM(E65:AA65) -> 2
C66: 9. RITA AMELIA | E66: 1 | F66: 1 | G66: 1 | H66: 0 | I66: 0 | J66: 1 | K66: 0 | L66: 0 | M66: 0 | N66: 1 | O66: 0 | P66: 0 | Q66: 0 | R66: 1 | S66: 0 | T66: 0 | U66: 0 | V66: 0 | W66: 0 | X66: 1 | Y66: 0 | Z66: 0 | AA66: 0 | AB66: =SUM(E66:AA66) -> 7
A67: B | B67: JUMLAH SUARA SAH PARTAI POLITIK DAN CALON (A1 + A2) | E67: =SUM(E57:E66) -> 36 | F67: =SUM(F57:F66) -> 30 | G67: =SUM(G57:G66) -> 93 | H67: =SUM(H57:H66) -> 43 | I67: =SUM(I57:I66) -> 47 | J67: =SUM(J57:J66) -> 45 | K67: =SUM(K57:K66) -> 33 | L67: =SUM(L57:L66) -> 58 | ... AB67: =SUM(AB57:AB66) -> 1054
A69: A.1 | B69: 3. | C69: Partai Demokrasi Indonesia Perjuangan | E69: 5 | F69: 4 | G69: 6 | H69: 1 | I69: 3 | J69: 7 | K69: 9 | L69: 6 | M69: 5 | N69: 11 | O69: 1 | P69: 8 | Q69: 15 | R69: 1 | S69: 5 | T69: 6 | U69: 7 | V69: 10 | W69: 10 | X69: 5 | Y69: 4 | Z69: 5 | AA69: 7 | AB69: =SUM(E69:AA69) -> 141
A70: A.2 | C70: 1. MARTIN H., S.H., M.H. | E70: 3 | F70: 1 | G70: 3 | H70: 1 | I70: 2 | J70: 0 | K70: 5 | L70: 1 | M70: 1 | N70: 2 | O70: 0 | P70: 1 | Q70: 9 | R70: 4 | S70: 9 | T70: 1 | U70: 3 | V70: 4 | W70: 10 | X70: 6 | Y70: 3 | Z70: 2 | AA70: 1 | AB70: =SUM(E70:AA70) -> 72
C71: 2. HERMANTO, S.E. | E71: 2 | F71: 1 | G71: 1 | H71: 0 | I71: 2 | J71: 1 | K71: 3 | L71: 1 | M71: 1 | N71: 2 | O71: 0 | P71: 2 | Q71: 1 | R71: 1 | S71: 3 | T71: 6 | U71: 9 | V71: 5 | W71: 5 | X71: 2 | Y71: 3 | Z71: 1 | AA71: 3 | AB71: =SUM(E71:AA71) -> 55
C72: 3. EVY SUSILAWATI, S.E., M.M. | E72: 1 | F72: 0 | G72: 1 | H72: 0 | I72: 0 | J72: 5 | K72: 2 | L72: 3 | M72: 1 | N72: 2 | O72: 0 | P72: 0 | Q72: 1 | R72: 1 | S72: 3 | T72: 11 | U72: 3 | V72: 2 | W72: 10 | X72: 1 | Y72: 4 | Z72: 4 | AA72: 8 | AB72: =SUM(E72:AA72) -> 63
C73: 4. M. SIROTTUDIN | E73: 1 | F73: 1 | G73: 0 | H73: 1 | I73: 3 | J73: 6 | K73: 1 | L73: 1 | M73: 2 | N73: 4 | O73: 0 | P73: 2 | Q73: 0 | R73: 3 | S73: 2 | T73: 4 | U73: 3 | V73: 0 | W73: 3 | X73: 1 | Y73: 1 | Z73: 0 | AA73: 1 | AB73: =SUM(E73:AA73) -> 40
C74: 5. ABDUL HAFID, S.H. | E74: 1 | F74: 2 | G74: 1 | H74: 0 | I74: 0 | J74: 1 | K74: 1 | L74: 0 | M74: 0 | N74: 0 | O74: 1 | P74: 1 | Q74: 1 | R74: 0 | S74: 2 | T74: 2 | U74: 1 | V74: 2 | W74: 3 | X74: 0 | Y74: 1 | Z74: 3 | AA74: 1 | AB74: =SUM(E74:AA74) -> 24
C75: 6. NIKITA FORTUNA SURYANINGATI, A.Md.Keb. | E75: 0 | F75: 0 | G75: 0 | H75: 0 | I75: 0 | J75: 0 | K75: 1 | L75: 0 | M75: 0 | N75: 2 | O75: 1 | P75: 0 | Q75: 0 | R75: 0 | S75: 0 | T75: 0 | U75: 1 | V75: 1 | W75: 0 | X75: 1 | Y75: 0 | Z75: 1 | AA75: 0 | AB75: =SUM(E75:AA75) -> 8
C76: 7. YUDHO ILHAM WIJAYA, S.E. | E76: 1 | F76: 0 | G76: 2 | H76: 0 | I76: 0 | J76: 0 | K76: 2 | L76: 0 | M76: 0 | N76: 0 | O76: 0 | P76: 0 | Q76: 1 | R76: 0 | S76: 2 | T76: 0 | U76: 1 | V76: 0 | W76: 0 | X76: 0 | Y76: 0 | Z76: 0 | AA76: 0 | AB76: =SUM(E76:AA76) -> 9
C77: 8. SETIAWATI, S.H. | E77: 0 | F77: 0 | G77: 0 | H77: 0 | I77: 0 | J77: 1 | K77: 1 | L77: 0 | M77: 0 | N77: 0 | O77: 0 | P77: 0 | Q77: 0 | R77: 0 | S77: 0 | T77: 0 | U77: 1 | V77: 0 | W77: 0 | X77: 0 | Y77: 0 | Z77: 0 | AA77: 0 | AB77: =SUM(E77:AA77) -> 3
C78: 9. EKO BUDI SANTOSO, S.H. | E78: 0 | F78: 0 | G78: 1 | H78: 0 | I78: 0 | J78: 1 | K78: 0 | L78: 0 | M78: 0 | N78: 1 | O78: 0 | P78: 1 | Q78: 2 | R78: 0 | S78: 0 | T78: 1 | U78: 0 | V78: 0 | W78: 0 | X78: 0 | Y78: 0 | Z78: 0 | AA78: 1 | AB78: =SUM(E78:AA78) -> 8
A79: B | B79: JUMLAH SUARA SAH PARTAI POLITIK DAN CALON (A1 + A2) | E79: =SUM(E69:E78) -> 14 | F79: =SUM(F69:F78) -> 9 | G79: =SUM(G69:G78) -> 15 | H79: =SUM(H69:H78) -> 3 | I79: =SUM(I69:I78) -> 10 | J79: =SUM(J69:J78) -> 22 | K79: =SUM(K69:K78) -> 25 | L79: =SUM(L69:L78) -> 12 | ... AB79: =SUM(AB69:AB78) -> 423
A81: A.1 | B81: 4. | C81: Partai Golongan Karya | E81: 3 | F81: 0 | G81: 1 | H81: 3 | I81: 0 | J81: 6 | K81: 5 | L81: 7 | M81: 4 | N81: 4 | O81: 0 | P81: 1 | Q81: 5 | R81: 0 | S81: 2 | T81: 2 | U81: 3 | V81: 0 | W81: 8 | X81: 0 | Y81: 2 | Z81: 6 | AA81: 3 | AB81: =SUM(E81:AA81) -> 65
A82: A.2 | C82: 1. PRANAYA YUDHA MAHARDHIKA | E82: 0 | F82: 0 | G82: 1 | H82: 1 | I82: 2 | J82: 4 | K82: 9 | L82: 1 | M82: 6 | N82: 1 | O82: 1 | P82: 0 | Q82: 0 | R82: 2 | S82: 3 | T82: 8 | U82: 3 | V82: 3 | W82: 5 | X82: 0 | Y82: 5 | Z82: 6 | AA82: 1 | AB82: =SUM(E82:AA82) -> 62
C83: 2. Dra. Ec. ENDANG SULASTUTY, M.I.P. | E83: 1 | F83: 0 | G83: 0 | H83: 0 | I83: 0 | J83: 0 | K83: 2 | L83: 2 | M83: 4 | N83: 0 | O83: 0 | P83: 1 | Q83: 0 | R83: 1 | S83: 1 | T83: 0 | U83: 0 | V83: 0 | W83: 1 | X83: 0 | Y83: 1 | Z83: 1 | AA83: 0 | AB83: =SUM(E83:AA83) -> 15
C84: 3. AGUS REJEKI WARTONO | E84: 0 | F84: 0 | G84: 0 | H84: 1 | I84: 0 | J84: 1 | K84: 3 | L84: 0 | M84: 0 | N84: 0 | O84: 0 | P84: 0 | Q84: 1 | R84: 1 | S84: 0 | T84: 0 | U84: 1 | V84: 0 | W84: 1 | X84: 0 | Y84: 2 | Z84: 0 | AA84: 0 | AB84: =SUM(E84:AA84) -> 11
C85: 4. Hj. TUTUK ASMA'A ZUCHROH, S.T., M.T. | E85: 0 | F85: 0 | G85: 0 | H85: 0 | I85: 0 | J85: 0 | K85: 0 | L85: 0 | M85: 0 | N85: 3 | O85: 1 | P85: 0 | Q85: 0 | R85: 1 | S85: 1 | T85: 0 | U85: 1 | V85: 0 | W85: 0 | X85: 1 | Y85: 0 | Z85: 0 | AA85: 1 | AB85: =SUM(E85:AA85) -> 9
C86: 5. ADE M. RIZKI, S.E. | E86: 0 | F86: 0 | G86: 2 | H86: 0 | I86: 0 | J86: 0 | K86: 2 | L86: 0 | M86: 0 | N86: 0 | O86: 1 | P86: 0 | Q86: 0 | R86: 0 | S86: 1 | T86: 0 | U86: 1 | V86: 0 | W86: 1 | X86: 1 | Y86: 12 | Z86: 11 | AA86: 4 | AB86: =SUM(E86:AA86) -> 36
C87: 6. ABDURAKHMAN, Bc.Kn. | E87: 0 | F87: 0 | G87: 0 | H87: 0 | I87: 0 | J87: 0 | K87: 1 | L87: 0 | M87: 1 | N87: 0 | O87: 0 | P87: 0 | Q87: 0 | R87: 0 | S87: 2 | T87: 1 | U87: 0 | V87: 0 | W87: 0 | X87: 0 | Y87: 0 | Z87: 2 | AA87: 0 | AB87: =SUM(E87:AA87) -> 7
C88: 7. CENDY RHIYAN ADI PUTRI | E88: 0 | F88: 0 | G88: 0 | H88: 0 | I88: 0 | J88: 0 | K88: 0 | L88: 0 | M88: 1 | N88: 0 | O88: 0 | P88: 0 | Q88: 0 | R88: 0 | S88: 0 | T88: 0 | U88: 0 | V88: 0 | W88: 1 | X88: 0 | Y88: 0 | Z88: 0 | AA88: 0 | AB88: =SUM(E88:AA88) -> 2
C89: 8. BAKTI WIJAYANTO, S.E. | E89: 0 | F89: 0 | G89: 0 | H89: 1 | I89: 0 | J89: 0 | K89: 0 | L89: 0 | M89: 0 | N89: 0 | O89: 0 | P89: 0 | Q89: 0 | R89: 0 | S89: 0 | T89: 0 | U89: 0 | V89: 0 | W89: 0 | X89: 0 | Y89: 0 | Z89: 0 | AA89: 0 | AB89: =SUM(E89:AA89) -> 1
C90: 9. AHMAD UBAIDILLAH | E90: 0 | F90: 1 | G90: 0 | H90: 0 | I90: 0 | J90: 0 | K90: 0 | L90: 0 | M90: 1 | N90: 0 | O90: 0 | P90: 0 | Q90: 0 | R90: 0 | S90: 0 | T90: 0 | U90: 0 | V90: 0 | W90: 0 | X90: 0 | Y90: 1 | Z90: 0 | AA90: 0 | AB90: =SUM(E90:AA90) -> 3
A91: B | B91: JUMLAH SUARA SAH PARTAI POLITIK DAN CALON (A1 + A2) | E91: =SUM(E81:E90) -> 4 | F91: =SUM(F81:F90) -> 1 | G91: =SUM(G81:G90) -> 4 | H91: =SUM(H81:H90) -> 6 | I91: =SUM(I81:I90) -> 2 | J91: =SUM(J81:J90) -> 11 | K91: =SUM(K81:K90) -> 22 | L91: =SUM(L81:L90) -> 10 | ... AB91: =SUM(AB81:AB90) -> 211
A93: A.1 | B93: 5. | C93: Partai NasDem | E93: 14 | F93: 4 | G93: 6 | H93: 1 | I93: 2 | J93: 2 | K93: 1 | L93: 1 | M93: 2 | N93: 4 | O93: 7 | P93: 3 | Q93: 4 | R93: 5 | S93: 1 | T93: 1 | U93: 0 | V93: 2 | W93: 4 | X93: 0 | Y93: 2 | Z93: 2 | AA93: 1 | AB93: =SUM(E93:AA93) -> 69
A94: A.2 | C94: 1. ALI MUSTOFA, A.Md. | E94: 19 | F94: 9 | G94: 8 | H94: 3 | I94: 3 | J94: 3 | K94: 4 | L94: 1 | M94: 1 | N94: 5 | O94: 1 | P94: 7 | Q94: 7 | R94: 15 | S94: 3 | T94: 1 | U94: 2 | V94: 3 | W94: 4 | X94: 2 | Y94: 3 | Z94: 0 | AA94: 3 | AB94: =SUM(E94:AA94) -> 107
C95: 2. Hj. BUAMI, S.H. | E95: 0 | F95: 0 | G95: 1 | H95: 1 | I95: 0 | J95: 1 | K95: 0 | L95: 0 | M95: 1 | N95: 0 | O95: 0 | P95: 0 | Q95: 3 | R95: 0 | S95: 0 | T95: 1 | U95: 0 | V95: 0 | W95: 0 | X95: 0 | Y95: 0 | Z95: 3 | AA95: 0 | AB95: =SUM(E95:AA95) -> 11
C96: 3. SUGIONO, S.H. | E96: 0 | F96: 0 | G96: 0 | H96: 0 | I96: 0 | J96: 0 | K96: 0 | L96: 0 | M96: 0 | N96: 0 | O96: 0 | P96: 0 | Q96: 0 | R96: 0 | S96: 0 | T96: 0 | U96: 0 | V96: 1 | W96: 0 | X96: 0 | Y96: 0 | Z96: 0 | AA96: 0 | AB96: =SUM(E96:AA96) -> 1
C97: 4. LULUK SUNARMIATININGSIH | E97: 0 | F97: 0 | G97: 0 | H97: 0 | I97: 1 | J97: 0 | K97: 0 | L97: 0 | M97: 0 | N97: 0 | O97: 0 | P97: 0 | Q97: 0 | R97: 0 | S97: 0 | T97: 0 | U97: 0 | V97: 0 | W97: 0 | X97: 0 | Y97: 0 | Z97: 0 | AA97: 0 | AB97: =SUM(E97:AA97) -> 1
C98: 5. ANTON DJULIANTO ADI | E98: 0 | F98: 0 | G98: 1 | H98: 1 | I98: 0 | J98: 0 | K98: 0 | L98: 0 | M98: 0 | N98: 0 | O98: 0 | P98: 0 | Q98: 0 | R98: 0 | S98: 0 | T98: 0 | U98: 0 | V98: 2 | W98: 1 | X98: 0 | Y98: 0 | Z98: 0 | AA98: 0 | AB98: =SUM(E98:AA98) -> 5
C99: 6. MOKHAMAD ROFI'I KHUSNAN | E99: 1 | F99: 0 | G99: 0 | H99: 0 | I99: 1 | J99: 0 | K99: 0 | L99: 0 | M99: 0 | N99: 0 | O99: 1 | P99: 0 | Q99: 0 | R99: 0 | S99: 0 | T99: 1 | U99: 0 | V99: 0 | W99: 1 | X99: 0 | Y99: 0 | Z99: 0 | AA99: 0 | AB99: =SUM(E99:AA99) -> 5
C100: 7. Rr SETYO WATI | E100: 0 | F100: 0 | G100: 0 | H100: 0 | I100: 0 | J100: 1 | K100: 0 | L100: 0 | M100: 0 | N100: 0 | O100: 0 | P100: 0 | Q100: 0 | R100: 0 | S100: 0 | T100: 0 | U100: 0 | V100: 0 | W100: 0 | X100: 0 | Y100: 0 | Z100: 0 | AA100: 0 | AB100: =SUM(E100:AA100) -> 1
C101: 8. ABD. KADIR ASSEGAFF | E101: 1 | F101: 0 | G101: 0 | H101: 0 | I101: 0 | J101: 0 | K101: 0 | L101: 0 | M101: 0 | N101: 0 | O101: 0 | P101: 0 | Q101: 0 | R101: 0 | S101: 0 | T101: 0 | U101: 0 | V101: 0 | W101: 0 | X101: 0 | Y101: 0 | Z101: 0 | AA101: 0 | AB101: =SUM(E101:AA101) -> 1
C102: 9. FATHOR ZAINULLAH | E102: 1 | F102: 0 | G102: 0 | H102: 1 | I102: 0 | J102: 0 | K102: 0 | L102: 0 | M102: 0 | N102: 0 | O102: 0 | P102: 0 | Q102: 1 | R102: 0 | S102: 0 | T102: 0 | U102: 0 | V102: 0 | W102: 0 | X102: 0 | Y102: 0 | Z102: 0 | AA102: 0 | AB102: =SUM(E102:AA102) -> 3
A103: B | B103: JUMLAH SUARA SAH PARTAI POLITIK DAN CALON (A1 + A2) | E103: =SUM(E93:E102) -> 36 | F103: =SUM(F93:F102) -> 13 | G103: =SUM(G93:G102) -> 16 | H103: =SUM(H93:H102) -> 7 | I103: =SUM(I93:I102) -> 7 | J103: =SUM(J93:J102) -> 7 | K103: =SUM(K93:K102) -> 5 | L103: =SUM(L93:L102) -> 2 | ... AB103: =SUM(AB93:AB102) -> 204
A105: A.1 | B105: 6. | C105: Partai Buruh | E105: 0 | F105: 2 | G105: 3 | H105: 0 | I105: 1 | J105: 2 | K105: 2 | L105: 2 | M105: 0 | N105: 1 | O105: 2 | P105: 0 | Q105: 3 | R105: 2 | S105: 1 | T105: 2 | U105: 0 | V105: 0 | W105: 0 | X105: 0 | Y105: 1 | Z105: 0 | AA105: 0 | AB105: =SUM(E105:AA105) -> 24
A106: A.2 | C106: 1. AGUS SUPRIYADI | E106: 1 | F106: 0 | G106: 0 | H106: 1 | I106: 0 | J106: 1 | K106: 0 | L106: 0 | M106: 0 | N106: 0 | O106: 0 | P106: 0 | Q106: 3 | R106: 0 | S106: 1 | T106: 0 | U106: 0 | V106: 0 | W106: 0 | X106: 0 | Y106: 1 | Z106: 1 | AA106: 0 | AB106: =SUM(E106:AA106) -> 9
C107: 2. ENI HARIATI | E107: 0 | F107: 0 | G107: 0 | H107: 1 | I107: 0 | J107: 0 | K107: 0 | L107: 1 | M107: 0 | N107: 0 | O107: 0 | P107: 0 | Q107: 0 | R107: 0 | S107: 0 | T107: 1 | U107: 0 | V107: 0 | W107: 0 | X107: 0 | Y107: 1 | Z107: 0 | AA107: 0 | AB107: =SUM(E107:AA107) -> 4
AB108: =SUM(E108:AA108) -> 0
AB109: =SUM(E109:AA109) -> 0
AB110: =SUM(E110:AA110) -> 0
AB111: =SUM(E111:AA111) -> 0
AB112: =SUM(E112:AA112) -> 0
AB113: =SUM(E113:AA113) -> 0
AB114: =SUM(E114:AA114) -> 0
A115: B | B115: JUMLAH SUARA SAH PARTAI POLITIK DAN CALON (A1 + A2) | E115: =SUM(E105:E114) -> 1 | F115: =SUM(F105:F114) -> 2 | G115: =SUM(G105:G114) -> 3 | H115: =SUM(H105:H114) -> 2 | I115: =SUM(I105:I114) -> 1 | J115: =SUM(J105:J114) -> 3 | K115: =SUM(K105:K114) -> 2 | L115: =SUM(L105:L114) -> 3 | ... AB115: =SUM(AB105:AB114) -> 37
A117: A.1 | B117: 7. | C117: Partai Gelombang Rakyat Indonesia | E117: 0 | F117: 2 | G117: 0 | H117: 1 | I117: 1 | J117: 1 | K117: 0 | L117: 0 | M117: 0 | N117: 0 | O117: 0 | P117: 0 | Q117: 0 | R117: 1 | S117: 1 | T117: 0 | U117: 0 | V117: 0 | W117: 1 | X117: 0 | Y117: 1 | Z117: 0 | AA117: 1 | AB117: =SUM(E117:AA117) -> 10
...

Sheet TEGALSARI
C2: Kecamatan | D2: TEGALSARI
C3: Kabupaten | D3: BANYUWANGI
C4: Provinsi | D4: JAWA TIMUR
C9: Kelurahan | D9: TEGALSARI
A12: I | B12: DATA PEMILIH DAN PENGGUNAAN HAK PILIH | AU12: JUMLAH AKHIR
A13: A | B13: DATA PEMILIH | E13: TPS 001 | F13: TPS 002 | G13: TPS 003 | H13: TPS 004 | I13: TPS 005 | J13: TPS 006 | K13: TPS 007 | L13: TPS 008 | M13: TPS 009 | N13: TPS 010 | O13: TPS 011 | P13: TPS 012 | Q13: TPS 013 | R13: TPS 014 | S13: TPS 015 | T13: TPS 016 | U13: TPS 017 | V13: TPS 018 | W13: TPS 019 | X13: TPS 020 | Y13: TPS 021 | Z13: TPS 022 | AA13: TPS 023 | AB13: TPS 024 | AC13: TPS 025 | AD13: TPS 026 | AE13: TPS 027 | AF13: TPS 028 | AG13: TPS 029 | AH13: TPS 030 | AI13: TPS 031 | AJ13: TPS 032 | AK13: TPS 033 | AL13: TPS 034 | AM13: TPS 035 | AN13: TPS 036 | AO13: TPS 037 | AP13: TPS 038 | AQ13: TPS 039 | AR13: TPS 040 | AS13: TPS 041 | AT13: TPS 042
B14: Jumlah Pemilih dalam Daftar Pemilih Tetap (DPT) | D14: LK | E14: 132 | F14: 123 | G14: 122 | H14: 122 | I14: 126 | J14: 124 | K14: 92 | L14: 89 | M14: 131 | N14: 135 | O14: 144 | P14: 99 | Q14: 110 | R14: 102 | S14: 125 | T14: 143 | U14: 102 | V14: 122 | W14: 140 | X14: 127 | Y14: 120 | Z14: 108 | AA14: 145 | AB14: 126 | AC14: 126 | AD14: 142 | AE14: 128 | AF14: 128 | AG14: 139 | AH14: 107 | AI14: 113 | AJ14: 110 | AK14: 123 | AL14: 121 | AM14: 123 | AN14: 123 | AO14: 121 | AP14: 134 | AQ14: 132 | AR14: 137 | AS14: 151 | AT14: 92 | AU14: =SUM(E14:AT14) -> 5159
D15: PR | E15: 123 | F15: 137 | G15: 99 | H15: 127 | I15: 118 | J15: 128 | K15: 89 | L15: 85 | M15: 131 | N15: 127 | O15: 144 | P15: 96 | Q15: 117 | R15: 112 | S15: 126 | T15: 130 | U15: 104 | V15: 127 | W15: 146 | X15: 134 | Y15: 130 | Z15: 112 | AA15: 143 | AB15: 131 | AC15: 134 | AD15: 140 | AE15: 112 | AF15: 134 | AG15: 136 | AH15: 94 | AI15: 116 | AJ15: 104 | AK15: 138 | AL15: 117 | AM15: 115 | AN15: 109 | AO15: 123 | AP15: 129 | AQ15: 134 | AR15: 131 | AS15: 134 | AT15: 96 | AU15: =SUM(E15:AT15) -> 5112
D16: JML | E16: =SUM(E14:E15) -> 255 | F16: =SUM(F14:F15) -> 260 | G16: =SUM(G14:G15) -> 221 | H16: =SUM(H14:H15) -> 249 | I16: =SUM(I14:I15) -> 244 | J16: =SUM(J14:J15) -> 252 | K16: =SUM(K14:K15) -> 181 | L16: =SUM(L14:L15) -> 174 | ... AT16: =SUM(AT14:AT15) -> 188 | AU16: =SUM(E16:AT16) -> 10271
A18: B | B18: PENGGUNA HAK PILIH
B19: 1. | C19: Jumlah pengguna hak pilih dalam Daftar Pemilih Tetap (DPT) | D19: LK | E19: 105 | F19: 91 | G19: 85 | H19: 103 | I19: 107 | J19: 102 | K19: 61 | L19: 67 | M19: 103 | N19: 113 | O19: 110 | P19: 83 | Q19: 79 | R19: 72 | S19: 76 | T19: 99 | U19: 74 | V19: 83 | W19: 105 | X19: 84 | Y19: 83 | Z19: 72 | AA19: 108 | AB19: 100 | AC19: 95 | AD19: 87 | AE19: 95 | AF19: 99 | AG19: 97 | AH19: 83 | AI19: 91 | AJ19: 81 | AK19: 99 | AL19: 90 | AM19: 88 | AN19: 96 | AO19: 86 | AP19: 91 | AQ19: 110 | AR19: 99 | AS19: 102 | AT19: 59 | AU19: =SUM(E19:AT19) -> 3813
D20: PR | E20: 98 | F20: 113 | G20: 76 | H20: 115 | I20: 100 | J20: 106 | K20: 74 | L20: 72 | M20: 108 | N20: 112 | O20: 107 | P20: 84 | Q20: 97 | R20: 110 | S20: 103 | T20: 103 | U20: 79 | V20: 86 | W20: 107 | X20: 99 | Y20: 97 | Z20: 81 | AA20: 114 | AB20: 112 | AC20: 116 | AD20: 111 | AE20: 95 | AF20: 109 | AG20: 109 | AH20: 78 | AI20: 99 | AJ20: 87 | AK20: 101 | AL20: 100 | AM20: 95 | AN20: 88 | AO20: 98 | AP20: 105 | AQ20: 123 | AR20: 105 | AS20: 107 | AT20: 69 | AU20: =SUM(E20:AT20) -> 4148
D21: JML | E21: =SUM(E19:E20) -> 203 | F21: =SUM(F19:F20) -> 204 | G21: =SUM(G19:G20) -> 161 | H21: =SUM(H19:H20) -> 218 | I21: =SUM(I19:I20) -> 207 | J21: =SUM(J19:J20) -> 208 | K21: =SUM(K19:K20) -> 135 | L21: =SUM(L19:L20) -> 139 | ... AT21: =SUM(AT19:AT20) -> 128 | AU21: =SUM(E21:AT21) -> 7961
B22: 2. | C22: Jumlah pengguna hak pilih dalam Daftar Pemilih Tambahan (DPTb) | D22: LK | E22: 0 | F22: 0 | G22: 0 | H22: 0 | I22: 0 | J22: 1 | K22: 0 | L22: 0 | M22: 0 | N22: 1 | O22: 0 | P22: 0 | Q22: 0 | R22: 0 | S22: 0 | T22: 0 | U22: 0 | V22: 0 | W22: 0 | X22: 0 | Y22: 0 | Z22: 0 | AA22: 0 | AB22: 0 | AC22: 0 | AD22: 0 | AE22: 0 | AF22: 0 | AG22: 1 | AH22: 0 | AI22: 0 | AJ22: 0 | AK22: 0 | AL22: 0 | AM22: 0 | AN22: 0 | AO22: 0 | AP22: 0 | AQ22: 0 | AR22: 1 | AS22: 0 | AT22: 0 | AU22: =SUM(E22:AT22) -> 4
D23: PR | E23: 2 | F23: 0 | G23: 0 | H23: 0 | I23: 0 | J23: 0 | K23: 0 | L23: 0 | M23: 0 | N23: 0 | O23: 0 | P23: 0 | Q23: 0 | R23: 0 | S23: 0 | T23: 0 | U23: 0 | V23: 1 | W23: 0 | X23: 0 | Y23: 0 | Z23: 1 | AA23: 0 | AB23: 0 | AC23: 0 | AD23: 0 | AE23: 0 | AF23: 0 | AG23: 0 | AH23: 0 | AI23: 0 | AJ23: 0 | AK23: 0 | AL23: 0 | AM23: 1 | AN23: 0 | AO23: 0 | AP23: 0 | AQ23: 0 | AR23: 0 | AS23: 0 | AT23: 0 | AU23: =SUM(E23:AT23) -> 5
D24: JML | E24: =SUM(E22:E23) -> 2 | F24: =SUM(F22:F23) -> 0 | G24: =SUM(G22:G23) -> 0 | H24: =SUM(H22:H23) -> 0 | I24: =SUM(I22:I23) -> 0 | J24: =SUM(J22:J23) -> 1 | K24: =SUM(K22:K23) -> 0 | L24: =SUM(L22:L23) -> 0 | ... AT24: =SUM(AT22:AT23) -> 0 | AU24: =SUM(E24:AT24) -> 9
B25: 3. | C25: Jumlah pengguna hak pilih dalam Daftar Pemilih Khusus (DPK) | D25: LK | E25: 1 | F25: 0 | G25: 0 | H25: 0 | I25: 0 | J25: 1 | K25: 0 | L25: 0 | M25: 0 | N25: 2 | O25: 0 | P25: 6 | Q25: 1 | R25: 3 | S25: 3 | T25: 0 | U25: 3 | V25: 0 | W25: 1 | X25: 0 | Y25: 1 | Z25: 0 | AA25: 1 | AB25: 0 | AC25: 2 | AD25: 0 | AE25: 1 | AF25: 0 | AG25: 0 | AH25: 5 | AI25: 0 | AJ25: 0 | AK25: 1 | AL25: 1 | AM25: 1 | AN25: 0 | AO25: 2 | AP25: 0 | AQ25: 1 | AR25: 0 | AS25: 1 | AT25: 1 | AU25: =SUM(E25:AT25) -> 39
D26: PR | E26: 0 | F26: 0 | G26: 1 | H26: 1 | I26: 0 | J26: 2 | K26: 0 | L26: 0 | M26: 0 | N26: 1 | O26: 1 | P26: 3 | Q26: 2 | R26: 1 | S26: 2 | T26: 1 | U26: 1 | V26: 3 | W26: 1 | X26: 0 | Y26: 2 | Z26: 0 | AA26: 0 | AB26: 0 | AC26: 4 | AD26: 1 | AE26: 2 | AF26: 1 | AG26: 1 | AH26: 2 | AI26: 0 | AJ26: 3 | AK26: 4 | AL26: 0 | AM26: 2 | AN26: 2 | AO26: 3 | AP26: 2 | AQ26: 3 | AR26: 1 | AS26: 0 | AT26: 1 | AU26: =SUM(E26:AT26) -> 54
D27: JML | E27: =SUM(E25:E26) -> 1 | F27: =SUM(F25:F26) -> 0 | G27: =SUM(G25:G26) -> 1 | H27: =SUM(H25:H26) -> 1 | I27: =SUM(I25:I26) -> 0 | J27: =SUM(J25:J26) -> 3 | K27: =SUM(K25:K26) -> 0 | L27: =SUM(L25:L26) -> 0 | ... AT27: =SUM(AT25:AT26) -> 2 | AU27: =SUM(E27:AT27) -> 93
B28: 4. | C28: Jumlah Pengguna Hak Pilih (B.1+B.2+B.3) | D28: LK | E28: =SUM(E19,E22,E25) -> 106 | F28: =SUM(F19,F22,F25) -> 91 | G28: =SUM(G19,G22,G25) -> 85 | H28: =SUM(H19,H22,H25) -> 103 | I28: =SUM(I19,I22,I25) -> 107 | J28: =SUM(J19,J22,J25) -> 104 | K28: =SUM(K19,K22,K25) -> 61 | L28: =SUM(L19,L22,L25) -> 67 | ... AT28: =SUM(AT19,AT22,AT25) -> 60 | AU28: =SUM(E28:AT28) -> 3856
D29: PR | E29: =SUM(E20,E23,E26) -> 100 | F29: =SUM(F20,F23,F26) -> 113 | G29: =SUM(G20,G23,G26) -> 77 | H29: =SUM(H20,H23,H26) -> 116 | I29: =SUM(I20,I23,I26) -> 100 | J29: =SUM(J20,J23,J26) -> 108 | K29: =SUM(K20,K23,K26) -> 74 | L29: =SUM(L20,L23,L26) -> 72 | ... AT29: =SUM(AT20,AT23,AT26) -> 70 | AU29: =SUM(E29:AT29) -> 4207
D30: JML | E30: =SUM(E28:E29) -> 206 | F30: =SUM(F28:F29) -> 204 | G30: =SUM(G28:G29) -> 162 | H30: =SUM(H28:H29) -> 219 | I30: =SUM(I28:I29) -> 207 | J30: =SUM(J28:J29) -> 212 | K30: =SUM(K28:K29) -> 135 | L30: =SUM(L28:L29) -> 139 | ... AT30: =SUM(AT28:AT29) -> 130 | AU30: =SUM(E30:AT30) -> 8063
A32: II | B32: DATA PENGGUNAAN SURAT SUARA
A33: 1 | B33: Jumlah surat suara yang diterima, termasuk surat suara cadangan 2,5% dari DPT | E33: 261 | F33: 266 | G33: 226 | H33: 254 | I33: 249 | J33: 258 | K33: 185 | L33: 178 | M33: 268 | N33: 268 | O33: 294 | P33: 199 | Q33: 231 | R33: 219 | S33: 257 | T33: 279 | U33: 211 | V33: 248 | W33: 292 | X33: 267 | Y33: 255 | Z33: 225 | AA33: 294 | AB33: 274 | AC33: 263 | AD33: 288 | AE33: 245 | AF33: 268 | AG33: 282 | AH33: 206 | AI33: 234 | AJ33: 219 | AK33: 269 | AL33: 243 | AM33: 243 | AN33: 237 | AO33: 249 | AP33: 269 | AQ33: 272 | AR33: 274 | AS33: 291 | AT33: 192 | AU33: =SUM(E33:AT33) -> 10502
A34: 2 | B34: Jumlah surat suara yang digunakan | E34: 206 | F34: 204 | G34: 162 | H34: 219 | I34: 207 | J34: 212 | K34: 135 | L34: 139 | M34: 211 | N34: 229 | O34: 218 | P34: 176 | Q34: 179 | R34: 186 | S34: 184 | T34: 203 | U34: 157 | V34: 173 | W34: 214 | X34: 183 | Y34: 183 | Z34: 154 | AA34: 223 | AB34: 212 | AC34: 217 | AD34: 199 | AE34: 193 | AF34: 209 | AG34: 208 | AH34: 168 | AI34: 190 | AJ34: 171 | AK34: 205 | AL34: 191 | AM34: 187 | AN34: 186 | AO34: 189 | AP34: 198 | AQ34: 237 | AR34: 206 | AS34: 210 | AT34: 130 | AU34: =SUM(E34:AT34) -> 8063
A35: 3 | B35: Jumlah surat suara dikembalikan oleh pemilih (karena rusak atau keliru coblos) | E35: 0 | F35: 0 | G35: 0 | H35: 0 | I35: 0 | J35: 0 | K35: 1 | L35: 0 | M35: 0 | N35: 0 | O35: 0 | P35: 0 | Q35: 0 | R35: 3 | S35: 0 | T35: 0 | U35: 0 | V35: 0 | W35: 0 | X35: 0 | Y35: 0 | Z35: 0 | AA35: 0 | AB35: 0 | AC35: 0 | AD35: 0 | AE35: 2 | AF35: 0 | AG35: 0 | AH35: 0 | AI35: 0 | AJ35: 0 | AK35: 0 | AL35: 0 | AM35: 1 | AN35: 0 | AO35: 0 | AP35: 1 | AQ35: 2 | AR35: 1 | AS35: 0 | AT35: 0 | AU35: =SUM(E35:AT35) -> 11
A36: 4 | B36: Jumlah surat suara yang tidak digunakan/tidak terpakai, termasuk sisa surat suara cadangan | E36: =E33-(E34+E35) -> 55 | F36: =F33-(F34+F35) -> 62 | G36: =G33-(G34+G35) -> 64 | H36: =H33-(H34+H35) -> 35 | I36: =I33-(I34+I35) -> 42 | J36: =J33-(J34+J35) -> 46 | K36: =K33-(K34+K35) -> 49 | L36: =L33-(L34+L35) -> 39 | ... AT36: =AT33-(AT34+AT35) -> 62 | AU36: =SUM(E36:AT36) -> 2428
A38: III | B38: DATA PEMILIH DISABILITAS
B39: Jumlah seluruh Pemilih disabilitas yang menggunakan hak pilih | D39: LK | E39: 0 | F39: 0 | G39: 0 | H39: 0 | I39: 0 | J39: 0 | K39: 0 | L39: 1 | M39: 0 | N39: 0 | O39: 0 | P39: 0 | Q39: 0 | R39: 0 | S39: 0 | T39: 0 | U39: 0 | V39: 1 | W39: 0 | X39: 0 | Y39: 0 | Z39: 0 | AA39: 0 | AB39: 0 | AC39: 0 | AD39: 0 | AE39: 1 | AF39: 0 | AG39: 0 | AH39: 0 | AI39: 0 | AJ39: 0 | AK39: 0 | AL39: 0 | AM39: 0 | AN39: 0 | AO39: 0 | AP39: 0 | AQ39: 0 | AR39: 0 | AS39: 0 | AT39: 1 | AU39: =SUM(E39:AT39) -> 4
D40: PR | E40: 0 | F40: 0 | G40: 0 | H40: 0 | I40: 0 | J40: 0 | K40: 0 | L40: 0 | M40: 0 | N40: 0 | O40: 0 | P40: 0 | Q40: 0 | R40: 0 | S40: 0 | T40: 0 | U40: 0 | V40: 1 | W40: 0 | X40: 0 | Y40: 0 | Z40: 0 | AA40: 0 | AB40: 0 | AC40: 0 | AD40: 0 | AE40: 1 | AF40: 0 | AG40: 0 | AH40: 0 | AI40: 0 | AJ40: 0 | AK40: 0 | AL40: 0 | AM40: 0 | AN40: 1 | AO40: 0 | AP40: 0 | AQ40: 0 | AR40: 0 | AS40: 0 | AT40: 0 | AU40: =SUM(E40:AT40) -> 3
D41: JML | E41: =SUM(E39:E40) -> 0 | F41: =SUM(F39:F40) -> 0 | G41: =SUM(G39:G40) -> 0 | H41: =SUM(H39:H40) -> 0 | I41: =SUM(I39:I40) -> 0 | J41: =SUM(J39:J40) -> 0 | K41: =SUM(K39:K40) -> 0 | L41: =SUM(L39:L40) -> 1 | ... AT41: =SUM(AT39:AT40) -> 1 | AU41: =SUM(E41:AT41) -> 7
A43: IV | B43: DATA RINCIAN PEROLEHAN SUARA PASANGAN CALON BUPATI DAN WAKIL BUPATI
A44: NOMOR DAN NAMA CALON
A45: A.1 | B45: 1. | C45: Partai Kebangkitan Bangsa | E45: 1 | F45: 0 | G45: 0 | H45: 2 | I45: 2 | J45: 4 | K45: 2 | L45: 6 | M45: 1 | N45: 5 | O45: 6 | P45: 7 | Q45: 10 | R45: 13 | S45: 5 | T45: 6 | U45: 5 | V45: 1 | W45: 2 | X45: 8 | Y45: 5 | Z45: 10 | AA45: 11 | AB45: 6 | AC45: 4 | AD45: 8 | AE45: 5 | AF45: 8 | AG45: 9 | AH45: 19 | AI45: 2 | AJ45: 7 | AK45: 14 | AL45: 12 | AM45: 11 | AN45: 6 | AO45: 7 | AP45: 6 | AQ45: 13 | AR45: 8 | AS45: 17 | AT45: 3 | AU45: =SUM(E45:AT45) -> 277
A46: A.2 | C46: 1. Dra. Hj. MA`MULAH HARUN, M.Pd.I. | E46: 1 | F46: 6 | G46: 2 | H46: 17 | I46: 16 | J46: 10 | K46: 1 | L46: 2 | M46: 0 | N46: 11 | O46: 17 | P46: 11 | Q46: 16 | R46: 32 | S46: 5 | T46: 11 | U46: 14 | V46: 1 | W46: 14 | X46: 6 | Y46: 7 | Z46: 15 | AA46: 23 | AB46: 15 | AC46: 14 | AD46: 21 | AE46: 31 | AF46: 13 | AG46: 13 | AH46: 21 | AI46: 11 | AJ46: 27 | AK46: 16 | AL46: 26 | AM46: 31 | AN46: 16 | AO46: 15 | AP46: 29 | AQ46: 35 | AR46: 28 | AS46: 18 | AT46: 9 | AU46: =SUM(E46:AT46) -> 627
C47: 2. UBAIDILLAH, S.Fil.I. | E47: 0 | F47: 0 | G47: 1 | H47: 1 | I47: 3 | J47: 4 | K47: 0 | L47: 1 | M47: 0 | N47: 7 | O47: 3 | P47: 3 | Q47: 2 | R47: 6 | S47: 3 | T47: 2 | U47: 2 | V47: 3 | W47: 4 | X47: 5 | Y47: 6 | Z47: 2 | AA47: 6 | AB47: 4 | AC47: 4 | AD47: 2 | AE47: 9 | AF47: 5 | AG47: 4 | AH47: 3 | AI47: 2 | AJ47: 2 | AK47: 3 | AL47: 18 | AM47: 6 | AN47: 29 | AO47: 10 | AP47: 5 | AQ47: 7 | AR47: 13 | AS47: 15 | AT47: 2 | AU47: =SUM(E47:AT47) -> 207
C48: 3. Ir. H. YOYOK MULYADI, M.Si. | E48: 0 | F48: 1 | G48: 0 | H48: 1 | I48: 1 | J48: 0 | K48: 0 | L48: 0 | M48: 0 | N48: 0 | O48: 1 | P48: 0 | Q48: 3 | R48: 1 | S48: 2 | T48: 0 | U48: 0 | V48: 0 | W48: 0 | X48: 1 | Y48: 1 | Z48: 0 | AA48: 0 | AB48: 2 | AC48: 1 | AD48: 2 | AE48: 1 | AF48: 2 | AG48: 1 | AH48: 1 | AI48: 1 | AJ48: 2 | AK48: 1 | AL48: 1 | AM48: 1 | AN48: 2 | AO48: 2 | AP48: 0 | AQ48: 0 | AR48: 0 | AS48: 0 | AT48: 1 | AU48: =SUM(E48:AT48) -> 33
C49: 4. KHOIRUL ANWAR, S.Fil.I. | E49: 0 | F49: 0 | G49: 0 | H49: 2 | I49: 0 | J49: 1 | K49: 0 | L49: 0 | M49: 0 | N49: 0 | O49: 1 | P49: 0 | Q49: 1 | R49: 1 | S49: 1 | T49: 2 | U49: 0 | V49: 0 | W49: 1 | X49: 1 | Y49: 2 | Z49: 3 | AA49: 3 | AB49: 0 | AC49: 1 | AD49: 1 | AE49: 2 | AF49: 3 | AG49: 1 | AH49: 0 | AI49: 3 | AJ49: 2 | AK49: 3 | AL49: 0 | AM49: 3 | AN49: 2 | AO49: 0 | AP49: 2 | AQ49: 1 | AR49: 2 | AS49: 3 | AT49: 0 | AU49: =SUM(E49:AT49) -> 48
C50: 5. ARIF WIJAKSANA | E50: 2 | F50: 3 | G50: 0 | H50: 0 | I50: 1 | J50: 0 | K50: 0 | L50: 0 | M50: 0 | N50: 1 | O50: 4 | P50: 15 | Q50: 0 | R50: 1 | S50: 1 | T50: 0 | U50: 1 | V50: 1 | W50: 1 | X50: 3 | Y50: 0 | Z50: 0 | AA50: 3 | AB50: 0 | AC50: 4 | AD50: 3 | AE50: 35 | AF50: 9 | AG50: 1 | AH50: 5 | AI50: 3 | AJ50: 6 | AK50: 7 | AL50: 1 | AM50: 3 | AN50: 7 | AO50: 5 | AP50: 2 | AQ50: 13 | AR50: 3 | AS50: 5 | AT50: 2 | AU50: =SUM(E50:AT50) -> 151
C51: 6. Dr. SITI YUMNAH | E51: 1 | F51: 1 | G51: 2 | H51: 0 | I51: 0 | J51: 0 | K51: 0 | L51: 0 | M51: 0 | N51: 0 | O51: 1 | P51: 2 | Q51: 1 | R51: 1 | S51: 0 | T51: 0 | U51: 3 | V51: 1 | W51: 2 | X51: 0 | Y51: 0 | Z51: 1 | AA51: 3 | AB51: 3 | AC51: 2 | AD51: 0 | AE51: 0 | AF51: 0 | AG51: 4 | AH51: 1 | AI51: 3 | AJ51: 1 | AK51: 1 | AL51: 2 | AM51: 1 | AN51: 0 | AO51: 1 | AP51: 3 | AQ51: 1 | AR51: 1 | AS51: 0 | AT51: 0 | AU51: =SUM(E51:AT51) -> 43
C52: 7. MOHAMMAD ZAINI, M.Pd.I. | E52: 0 | F52: 0 | G52: 0 | H52: 1 | I52: 0 | J52: 0 | K52: 0 | L52: 1 | M52: 0 | N52: 0 | O52: 0 | P52: 0 | Q52: 0 | R52: 0 | S52: 3 | T52: 2 | U52: 0 | V52: 0 | W52: 0 | X52: 0 | Y52: 0 | Z52: 0 | AA52: 1 | AB52: 0 | AC52: 2 | AD52: 1 | AE52: 1 | AF52: 4 | AG52: 1 | AH52: 1 | AI52: 1 | AJ52: 0 | AK52: 2 | AL52: 1 | AM52: 0 | AN52: 0 | AO52: 1 | AP52: 0 | AQ52: 1 | AR52: 1 | AS52: 2 | AT52: 1 | AU52: =SUM(E52:AT52) -> 28
C53: 8. FAWAIDUL MAKKIYAH | E53: 1 | F53: 0 | G53: 1 | H53: 1 | I53: 0 | J53: 0 | K53: 0 | L53: 0 | M53: 0 | N53: 0 | O53: 0 | P53: 0 | Q53: 0 | R53: 2 | S53: 0 | T53: 0 | U53: 0 | V53: 1 | W53: 1 | X53: 0 | Y53: 0 | Z53: 2 | AA53: 0 | AB53: 0 | AC53: 0 | AD53: 1 | AE53: 0 | AF53: 0 | AG53: 1 | AH53: 0 | AI53: 0 | AJ53: 0 | AK53: 1 | AL53: 0 | AM53: 0 | AN53: 0 | AO53: 0 | AP53: 0 | AQ53: 1 | AR53: 1 | AS53: 0 | AT53: 0 | AU53: =SUM(E53:AT53) -> 14
C54: 9. IFFAH HIDAYATUR ROHMAH, S.Sos. | E54: 2 | F54: 2 | G54: 1 | H54: 1 | I54: 0 | J54: 1 | K54: 0 | L54: 0 | M54: 0 | N54: 0 | O54: 0 | P54: 0 | Q54: 0 | R54: 0 | S54: 0 | T54: 2 | U54: 1 | V54: 1 | W54: 0 | X54: 0 | Y54: 0 | Z54: 1 | AA54: 1 | AB54: 1 | AC54: 2 | AD54: 1 | AE54: 2 | AF54: 2 | AG54: 1 | AH54: 1 | AI54: 0 | AJ54: 0 | AK54: 2 | AL54: 0 | AM54: 1 | AN54: 2 | AO54: 0 | AP54: 1 | AQ54: 0 | AR54: 0 | AS54: 0 | AT54: 0 | AU54: =SUM(E54:AT54) -> 29
A55: B | B55: JUMLAH SUARA SAH PARTAI POLITIK DAN CALON (A1 + A2) | E55: =SUM(E45:E54) -> 8 | F55: =SUM(F45:F54) -> 13 | G55: =SUM(G45:G54) -> 7 | H55: =SUM(H45:H54) -> 26 | I55: =SUM(I45:I54) -> 23 | J55: =SUM(J45:J54) -> 20 | K55: =SUM(K45:K54) -> 3 | L55: =SUM(L45:L54) -> 10 | ... AU55: =SUM(AU45:AU54) -> 1457
A57: A.1 | B57: 2. | C57: Partai Gerakan Indonesia Raya | E57: 5 | F57: 5 | G57: 6 | H57: 10 | I57: 5 | J57: 9 | K57: 18 | L57: 7 | M57: 9 | N57: 0 | O57: 4 | P57: 2 | Q57: 7 | R57: 5 | S57: 5 | T57: 8 | U57: 7 | V57: 13 | W57: 9 | X57: 13 | Y57: 18 | Z57: 4 | AA57: 19 | AB57: 7 | AC57: 9 | AD57: 8 | AE57: 7 | AF57: 6 | AG57: 18 | AH57: 6 | AI57: 16 | AJ57: 7 | AK57: 11 | AL57: 3 | AM57: 9 | AN57: 6 | AO57: 8 | AP57: 8 | AQ57: 16 | AR57: 7 | AS57: 8 | AT57: 6 | AU57: =SUM(E57:AT57) -> 354
A58: A.2 | C58: 1. AHMAD HADINUDDIN, S.Pd.I. | E58: 104 | F58: 12 | G58: 20 | H58: 37 | I58: 88 | J58: 36 | K58: 40 | L58: 22 | M58: 164 | N58: 17 | O58: 8 | P58: 30 | Q58: 21 | R58: 12 | S58: 55 | T58: 34 | U58: 20 | V58: 14 | W58: 3 | X58: 7 | Y58: 10 | Z58: 15 | AA58: 19 | AB58: 31 | AC58: 72 | AD58: 22 | AE58: 17 | AF58: 43 | AG58: 8 | AH58: 16 | AI58: 67 | AJ58: 20 | AK58: 39 | AL58: 11 | AM58: 10 | AN58: 16 | AO58: 12 | AP58: 6 | AQ58: 16 | AR58: 6 | AS58: 7 | AT58: 4 | AU58: =SUM(E58:AT58) -> 1211
C59: 2. BIMA RAFSANJANI RAFID | E59: 3 | F59: 8 | G59: 6 | H59: 13 | I59: 14 | J59: 18 | K59: 2 | L59: 4 | M59: 1 | N59: 12 | O59: 16 | P59: 6 | Q59: 4 | R59: 3 | S59: 22 | T59: 25 | U59: 22 | V59: 34 | W59: 37 | X59: 27 | Y59: 20 | Z59: 17 | AA59: 33 | AB59: 48 | AC59: 22 | AD59: 21 | AE59: 12 | AF59: 19 | AG59: 38 | AH59: 8 | AI59: 17 | AJ59: 19 | AK59: 32 | AL59: 19 | AM59: 35 | AN59: 11 | AO59: 7 | AP59: 23 | AQ59: 30 | AR59: 25 | AS59: 11 | AT59: 2 | AU59: =SUM(E59:AT59) -> 746
C60: 3. IRA DAMAYANTI | E60: 3 | F60: 2 | G60: 4 | H60: 2 | I60: 2 | J60: 0 | K60: 1 | L60: 1 | M60: 1 | N60: 1 | O60: 1 | P60: 3 | Q60: 0 | R60: 0 | S60: 2 | T60: 1 | U60: 0 | V60: 2 | W60: 3 | X60: 1 | Y60: 4 | Z60: 3 | AA60: 0 | AB60: 1 | AC60: 1 | AD60: 1 | AE60: 2 | AF60: 0 | AG60: 2 | AH60: 4 | AI60: 2 | AJ60: 0 | AK60: 1 | AL60: 0 | AM60: 1 | AN60: 0 | AO60: 3 | AP60: 0 | AQ60: 1 | AR60: 1 | AS60: 1 | AT60: 3 | AU60: =SUM(E60:AT60) -> 61
C61: 4. MAULANA MALIK IBRAHIM, S.H. | E61: 2 | F61: 0 | G61: 0 | H61: 2 | I61: 3 | J61: 4 | K61: 0 | L61: 0 | M61: 0 | N61: 2 | O61: 2 | P61: 5 | Q61: 3 | R61: 19 | S61: 3 | T61: 2 | U61: 2 | V61: 2 | W61: 2 | X61: 5 | Y61: 3 | Z61: 4 | AA61: 6 | AB61: 3 | AC61: 9 | AD61: 2 | AE61: 1 | AF61: 4 | AG61: 5 | AH61: 0 | AI61: 2 | AJ61: 1 | AK61: 5 | AL61: 5 | AM61: 3 | AN61: 0 | AO61: 1 | AP61: 0 | AQ61: 2 | AR61: 2 | AS61: 3 | AT61: 2 | AU61: =SUM(E61:AT61) -> 121
C62: 5. LULUK ALFIATI | E62: 0 | F62: 2 | G62: 1 | H62: 2 | I62: 0 | J62: 0 | K62: 0 | L62: 0 | M62: 0 | N62: 1 | O62: 0 | P62: 5 | Q62: 1 | R62: 0 | S62: 1 | T62: 0 | U62: 1 | V62: 1 | W62: 2 | X62: 1 | Y62: 10 | Z62: 2 | AA62: 1 | AB62: 0 | AC62: 2 | AD62: 0 | AE62: 0 | AF62: 1 | AG62: 4 | AH62: 2 | AI62: 0 | AJ62: 1 | AK62: 1 | AL62: 1 | AM62: 1 | AN62: 2 | AO62: 0 | AP62: 0 | AQ62: 0 | AR62: 1 | AS62: 0 | AT62: 1 | AU62: =SUM(E62:AT62) -> 48
C63: 6. ILHAM WAHYUDI, S.H. | E63: 0 | F63: 0 | G63: 0 | H63: 0 | I63: 0 | J63: 1 | K63: 0 | L63: 2 | M63: 0 | N63: 0 | O63: 1 | P63: 1 | Q63: 0 | R63: 2 | S63: 1 | T63: 0 | U63: 0 | V63: 0 | W63: 0 | X63: 0 | Y63: 1 | Z63: 1 | AA63: 0 | AB63: 1 | AC63: 0 | AD63: 0 | AE63: 0 | AF63: 1 | AG63: 1 | AH63: 1 | AI63: 0 | AJ63: 1 | AK63: 1 | AL63: 1 | AM63: 3 | AN63: 0 | AO63: 0 | AP63: 0 | AQ63: 0 | AR63: 3 | AS63: 0 | AT63: 1 | AU63: =SUM(E63:AT63) -> 24
C64: 7. HAERUL ANWAR, S.Pd.I. | E64: 0 | F64: 0 | G64: 2 | H64: 0 | I64: 1 | J64: 0 | K64: 0 | L64: 0 | M64: 0 | N64: 0 | O64: 0 | P64: 0 | Q64: 0 | R64: 0 | S64: 0 | T64: 0 | U64: 0 | V64: 0 | W64: 0 | X64: 0 | Y64: 0 | Z64: 0 | AA64: 0 | AB64: 0 | AC64: 0 | AD64: 1 | AE64: 0 | AF64: 0 | AG64: 1 | AH64: 0 | AI64: 1 | AJ64: 0 | AK64: 0 | AL64: 0 | AM64: 0 | AN64: 0 | AO64: 0 | AP64: 0 | AQ64: 0 | AR64: 0 | AS64: 0 | AT64: 0 | AU64: =SUM(E64:AT64) -> 6
C65: 8. YOVI ADHITYA WARDANI | E65: 0 | F65: 0 | G65: 0 | H65: 1 | I65: 0 | J65: 0 | K65: 0 | L65: 0 | M65: 0 | N65: 1 | O65: 0 | P65: 1 | Q65: 0 | R65: 1 | S65: 0 | T65: 1 | U65: 0 | V65: 1 | W65: 1 | X65: 0 | Y65: 0 | Z65: 1 | AA65: 0 | AB65: 0 | AC65: 0 | AD65: 0 | AE65: 0 | AF65: 0 | AG65: 0 | AH65: 0 | AI65: 0 | AJ65: 0 | AK65: 1 | AL65: 0 | AM65: 0 | AN65: 0 | AO65: 0 | AP65: 0 | AQ65: 0 | AR65: 0 | AS65: 0 | AT65: 0 | AU65: =SUM(E65:AT65) -> 9
C66: 9. RITA AMELIA | E66: 1 | F66: 0 | G66: 0 | H66: 0 | I66: 0 | J66: 0 | K66: 0 | L66: 0 | M66: 2 | N66: 1 | O66: 0 | P66: 3 | Q66: 1 | R66: 2 | S66: 4 | T66: 0 | U66: 0 | V66: 0 | W66: 1 | X66: 1 | Y66: 0 | Z66: 1 | AA66: 3 | AB66: 0 | AC66: 0 | AD66: 2 | AE66: 0 | AF66: 0 | AG66: 0 | AH66: 0 | AI66: 1 | AJ66: 1 | AK66: 0 | AL66: 1 | AM66: 2 | AN66: 0 | AO66: 3 | AP66: 0 | AQ66: 0 | AR66: 1 | AS66: 0 | AT66: 0 | AU66: =SUM(E66:AT66) -> 31
A67: B | B67: JUMLAH SUARA SAH PARTAI POLITIK DAN CALON (A1 + A2) | E67: =SUM(E57:E66) -> 118 | F67: =SUM(F57:F66) -> 29 | G67: =SUM(G57:G66) -> 39 | H67: =SUM(H57:H66) -> 67 | I67: =SUM(I57:I66) -> 113 | J67: =SUM(J57:J66) -> 68 | K67: =SUM(K57:K66) -> 61 | L67: =SUM(L57:L66) -> 36 | ... AU67: =SUM(AU57:AU66) -> 2611
A69: A.1 | B69: 3. | C69: Partai Demokrasi Indonesia Perjuangan | E69: 7 | F69: 12 | G69: 18 | H69: 11 | I69: 4 | J69: 12 | K69: 9 | L69: 7 | M69: 0 | N69: 7 | O69: 8 | P69: 1 | Q69: 4 | R69: 5 | S69: 6 | T69: 7 | U69: 9 | V69: 18 | W69: 8 | X69: 11 | Y69: 13 | Z69: 5 | AA69: 2 | AB69: 3 | AC69: 6 | AD69: 4 | AE69: 2 | AF69: 1 | AG69: 3 | AH69: 1 | AI69: 1 | AJ69: 6 | AK69: 0 | AL69: 9 | AM69: 2 | AN69: 3 | AO69: 3 | AP69: 3 | AQ69: 1 | AR69: 0 | AS69: 3 | AT69: 7 | AU69: =SUM(E69:AT69) -> 242
A70: A.2 | C70: 1. MARTIN H., S.H., M.H. | E70: 3 | F70: 4 | G70: 3 | H70: 7 | I70: 9 | J70: 6 | K70: 1 | L70: 3 | M70: 6 | N70: 2 | O70: 8 | P70: 3 | Q70: 2 | R70: 1 | S70: 2 | T70: 9 | U70: 0 | V70: 0 | W70: 4 | X70: 3 | Y70: 2 | Z70: 2 | AA70: 5 | AB70: 2 | AC70: 2 | AD70: 0 | AE70: 1 | AF70: 0 | AG70: 0 | AH70: 1 | AI70: 0 | AJ70: 3 | AK70: 0 | AL70: 2 | AM70: 3 | AN70: 2 | AO70: 2 | AP70: 2 | AQ70: 2 | AR70: 1 | AS70: 2 | AT70: 2 | AU70: =SUM(E70:AT70) -> 112
C71: 2. HERMANTO, S.E. | E71: 7 | F71: 2 | G71: 2 | H71: 2 | I71: 1 | J71: 4 | K71: 2 | L71: 4 | M71: 1 | N71: 4 | O71: 4 | P71: 1 | Q71: 1 | R71: 1 | S71: 1 | T71: 8 | U71: 1 | V71: 7 | W71: 6 | X71: 8 | Y71: 4 | Z71: 3 | AA71: 0 | AB71: 0 | AC71: 3 | AD71: 2 | AE71: 9 | AF71: 13 | AG71: 6 | AH71: 2 | AI71: 1 | AJ71: 2 | AK71: 4 | AL71: 3 | AM71: 6 | AN71: 2 | AO71: 1 | AP71: 4 | AQ71: 1 | AR71: 2 | AS71: 2 | AT71: 6 | AU71: =SUM(E71:AT71) -> 143
C72: 3. EVY SUSILAWATI, S.E., M.M. | E72: 5 | F72: 8 | G72: 5 | H72: 2 | I72: 2 | J72: 4 | K72: 5 | L72: 5 | M72: 1 | N72: 1 | O72: 0 | P72: 2 | Q72: 2 | R72: 1 | S72: 1 | T72: 1 | U72: 1 | V72: 9 | W72: 1 | X72: 1 | Y72: 6 | Z72: 0 | AA72: 2 | AB72: 0 | AC72: 2 | AD72: 5 | AE72: 2 | AF72: 1 | AG72: 4 | AH72: 4 | AI72: 2 | AJ72: 2 | AK72: 1 | AL72: 2 | AM72: 1 | AN72: 1 | AO72: 4 | AP72: 6 | AQ72: 2 | AR72: 1 | AS72: 1 | AT72: 4 | AU72: =SUM(E72:AT72) -> 110
C73: 4. M. SIROTTUDIN | E73: 1 | F73: 4 | G73: 1 | H73: 3 | I73: 0 | J73: 3 | K73: 1 | L73: 4 | M73: 0 | N73: 3 | O73: 3 | P73: 0 | Q73: 0 | R73: 2 | S73: 2 | T73: 0 | U73: 1 | V73: 5 | W73: 8 | X73: 1 | Y73: 5 | Z73: 0 | AA73: 0 | AB73: 2 | AC73: 3 | AD73: 1 | AE73: 1 | AF73: 1 | AG73: 3 | AH73: 3 | AI73: 0 | AJ73: 4 | AK73: 0 | AL73: 10 | AM73: 0 | AN73: 22 | AO73: 15 | AP73: 5 | AQ73: 16 | AR73: 4 | AS73: 9 | AT73: 17 | AU73: =SUM(E73:AT73) -> 163
C74: 5. ABDUL HAFID, S.H. | E74: 2 | F74: 2 | G74: 2 | H74: 1 | I74: 2 | J74: 1 | K74: 0 | L74: 2 | M74: 0 | N74: 0 | O74: 1 | P74: 0 | Q74: 0 | R74: 3 | S74: 0 | T74: 1 | U74: 0 | V74: 1 | W74: 1 | X74: 2 | Y74: 1 | Z74: 2 | AA74: 1 | AB74: 0 | AC74: 1 | AD74: 0 | AE74: 2 | AF74: 1 | AG74: 1 | AH74: 1 | AI74: 0 | AJ74: 1 | AK74: 0 | AL74: 0 | AM74: 0 | AN74: 4 | AO74: 1 | AP74: 0 | AQ74: 0 | AR74: 0 | AS74: 1 | AT74: 1 | AU74: =SUM(E74:AT74) -> 39
C75: 6. NIKITA FORTUNA SURYANINGATI, A.Md.Keb. | E75: 1 | F75: 1 | G75: 2 | H75: 0 | I75: 0 | J75: 0 | K75: 4 | L75: 0 | M75: 1 | N75: 1 | O75: 0 | P75: 0 | Q75: 0 | R75: 2 | S75: 0 | T75: 1 | U75: 0 | V75: 1 | W75: 0 | X75: 1 | Y75: 3 | Z75: 0 | AA75: 0 | AB75: 1 | AC75: 0 | AD75: 0 | AE75: 0 | AF75: 3 | AG75: 1 | AH75: 3 | AI75: 0 | AJ75: 0 | AK75: 1 | AL75: 0 | AM75: 1 | AN75: 0 | AO75: 0 | AP75: 0 | AQ75: 0 | AR75: 0 | AS75: 0 | AT75: 1 | AU75: =SUM(E75:AT75) -> 29
C76: 7. YUDHO ILHAM WIJAYA, S.E. | E76: 0 | F76: 1 | G76: 0 | H76: 2 | I76: 0 | J76: 0 | K76: 1 | L76: 0 | M76: 1 | N76: 0 | O76: 0 | P76: 0 | Q76: 1 | R76: 0 | S76: 1 | T76: 0 | U76: 0 | V76: 1 | W76: 1 | X76: 0 | Y76: 2 | Z76: 0 | AA76: 1 | AB76: 0 | AC76: 0 | AD76: 0 | AE76: 0 | AF76: 0 | AG76: 0 | AH76: 0 | AI76: 0 | AJ76: 1 | AK76: 1 | AL76: 0 | AM76: 0 | AN76: 0 | AO76: 0 | AP76: 0 | AQ76: 0 | AR76: 0 | AS76: 0 | AT76: 0 | AU76: =SUM(E76:AT76) -> 14
C77: 8. SETIAWATI, S.H. | E77: 0 | F77: 3 | G77: 1 | H77: 1 | I77: 0 | J77: 1 | K77: 1 | L77: 0 | M77: 0 | N77: 1 | O77: 0 | P77: 1 | Q77: 0 | R77: 1 | S77: 0 | T77: 1 | U77: 0 | V77: 1 | W77: 0 | X77: 0 | Y77: 0 | Z77: 0 | AA77: 0 | AB77: 1 | AC77: 0 | AD77: 0 | AE77: 0 | AF77: 1 | AG77: 1 | AH77: 0 | AI77: 0 | AJ77: 1 | AK77: 0 | AL77: 0 | AM77: 0 | AN77: 1 | AO77: 0 | AP77: 1 | AQ77: 1 | AR77: 0 | AS77: 0 | AT77: 1 | AU77: =SUM(E77:AT77) -> 20
C78: 9. EKO BUDI SANTOSO, S.H. | E78: 1 | F78: 0 | G78: 1 | H78: 1 | I78: 1 | J78: 0 | K78: 0 | L78: 0 | M78: 0 | N78: 0 | O78: 2 | P78: 0 | Q78: 0 | R78: 0 | S78: 0 | T78: 2 | U78: 0 | V78: 1 | W78: 2 | X78: 0 | Y78: 0 | Z78: 0 | AA78: 1 | AB78: 1 | AC78: 1 | AD78: 0 | AE78: 0 | AF78: 1 | AG78: 2 | AH78: 0 | AI78: 0 | AJ78: 0 | AK78: 0 | AL78: 2 | AM78: 2 | AN78: 0 | AO78: 0 | AP78: 0 | AQ78: 0 | AR78: 0 | AS78: 0 | AT78: 0 | AU78: =SUM(E78:AT78) -> 21
A79: B | B79: JUMLAH SUARA SAH PARTAI POLITIK DAN CALON (A1 + A2) | E79: =SUM(E69:E78) -> 27 | F79: =SUM(F69:F78) -> 37 | G79: =SUM(G69:G78) -> 35 | H79: =SUM(H69:H78) -> 30 | I79: =SUM(I69:I78) -> 19 | J79: =SUM(J69:J78) -> 31 | K79: =SUM(K69:K78) -> 24 | L79: =SUM(L69:L78) -> 25 | ... AU79: =SUM(AU69:AU78) -> 893
A81: A.1 | B81: 4. | C81: Partai Golongan Karya | E81: 0 | F81: 2 | G81: 1 | H81: 2 | I81: 1 | J81: 8 | K81: 0 | L81: 2 | M81: 0 | N81: 4 | O81: 2 | P81: 3 | Q81: 5 | R81: 2 | S81: 1 | T81: 0 | U81: 3 | V81: 3 | W81: 4 | X81: 1 | Y81: 1 | Z81: 1 | AA81: 1 | AB81: 2 | AC81: 1 | AD81: 5 | AE81: 2 | AF81: 1 | AG81: 1 | AH81: 1 | AI81: 1 | AJ81: 1 | AK81: 1 | AL81: 2 | AM81: 0 | AN81: 2 | AO81: 2 | AP81: 3 | AQ81: 0 | AR81: 0 | AS81: 0 | AT81: 3 | AU81: =SUM(E81:AT81) -> 75
A82: A.2 | C82: 1. PRANAYA YUDHA MAHARDHIKA | E82: 1 | F82: 5 | G82: 0 | H82: 2 | I82: 1 | J82: 15 | K82: 10 | L82: 4 | M82: 0 | N82: 3 | O82: 2 | P82: 0 | Q82: 3 | R82: 2 | S82: 1 | T82: 6 | U82: 8 | V82: 1 | W82: 1 | X82: 6 | Y82: 5 | Z82: 2 | AA82: 4 | AB82: 3 | AC82: 3 | AD82: 6 | AE82: 1 | AF82: 1 | AG82: 4 | AH82: 8 | AI82: 0 | AJ82: 0 | AK82: 5 | AL82: 1 | AM82: 3 | AN82: 1 | AO82: 6 | AP82: 6 | AQ82: 14 | AR82: 0 | AS82: 2 | AT82: 0 | AU82: =SUM(E82:AT82) -> 146
C83: 2. Dra. Ec. ENDANG SULASTUTY, M.I.P. | E83: 1 | F83: 0 | G83: 1 | H83: 0 | I83: 0 | J83: 0 | K83: 0 | L83: 0 | M83: 0 | N83: 3 | O83: 2 | P83: 0 | Q83: 0 | R83: 0 | S83: 0 | T83: 0 | U83: 0 | V83: 0 | W83: 1 | X83: 2 | Y83: 1 | Z83: 0 | AA83: 0 | AB83: 0 | AC83: 0 | AD83: 0 | AE83: 0 | AF83: 1 | AG83: 1 | AH83: 1 | AI83: 0 | AJ83: 0 | AK83: 0 | AL83: 0 | AM83: 2 | AN83: 0 | AO83: 0 | AP83: 1 | AQ83: 1 | AR83: 1 | AS83: 0 | AT83: 0 | AU83: =SUM(E83:AT83) -> 19
C84: 3. AGUS REJEKI WARTONO | E84: 2 | F84: 0 | G84: 1 | H84: 0 | I84: 0 | J84: 0 | K84: 0 | L84: 1 | M84: 0 | N84: 0 | O84: 1 | P84: 0 | Q84: 1 | R84: 0 | S84: 0 | T84: 1 | U84: 1 | V84: 0 | W84: 1 | X84: 1 | Y84: 0 | Z84: 0 | AA84: 0 | AB84: 0 | AC84: 0 | AD84: 0 | AE84: 1 | AF84: 1 | AG84: 1 | AH84: 1 | AI84: 0 | AJ84: 0 | AK84: 0 | AL84: 0 | AM84: 0 | AN84: 1 | AO84: 0 | AP84: 0 | AQ84: 0 | AR84: 0 | AS84: 0 | AT84: 0 | AU84: =SUM(E84:AT84) -> 15
C85: 4. Hj. TUTUK ASMA'A ZUCHROH, S.T., M.T. | E85: 1 | F85: 0 | G85: 0 | H85: 0 | I85: 0 | J85: 0 | K85: 0 | L85: 1 | M85: 0 | N85: 1 | O85: 0 | P85: 9 | Q85: 3 | R85: 8 | S85: 0 | T85: 0 | U85: 0 | V85: 1 | W85: 2 | X85: 2 | Y85: 0 | Z85: 0 | AA85: 1 | AB85: 3 | AC85: 0 | AD85: 2 | AE85: 0 | AF85: 1 | AG85: 1 | AH85: 1 | AI85: 0 | AJ85: 0 | AK85: 2 | AL85: 0 | AM85: 0 | AN85: 0 | AO85: 0 | AP85: 1 | AQ85: 0 | AR85: 0 | AS85: 0 | AT85: 8 | AU85: =SUM(E85:AT85) -> 48
C86: 5. ADE M. RIZKI, S.E. | E86: 1 | F86: 3 | G86: 1 | H86: 1 | I86: 2 | J86: 24 | K86: 1 | L86: 4 | M86: 0 | N86: 69 | O86: 13 | P86: 2 | Q86: 18 | R86: 0 | S86: 1 | T86: 3 | U86: 0 | V86: 2 | W86: 8 | X86: 4 | Y86: 0 | Z86: 0 | AA86: 2 | AB86: 1 | AC86: 0 | AD86: 0 | AE86: 4 | AF86: 5 | AG86: 0 | AH86: 1 | AI86: 0 | AJ86: 1 | AK86: 0 | AL86: 7 | AM86: 2 | AN86: 4 | AO86: 4 | AP86: 2 | AQ86: 2 | AR86: 1 | AS86: 0 | AT86: 1 | AU86: =SUM(E86:AT86) -> 194
C87: 6. ABDURAKHMAN, Bc.Kn. | E87: 0 | F87: 0 | G87: 0 | H87: 0 | I87: 0 | J87: 0 | K87: 0 | L87: 0 | M87: 0 | N87: 0 | O87: 0 | P87: 0 | Q87: 2 | R87: 0 | S87: 0 | T87: 0 | U87: 0 | V87: 0 | W87: 1 | X87: 0 | Y87: 0 | Z87: 0 | AA87: 0 | AB87: 0 | AC87: 0 | AD87: 0 | AE87: 0 | AF87: 0 | AG87: 0 | AH87: 0 | AI87: 0 | AJ87: 0 | AK87: 0 | AL87: 1 | AM87: 0 | AN87: 0 | AO87: 1 | AP87: 0 | AQ87: 0 | AR87: 0 | AS87: 0 | AT87: 0 | AU87: =SUM(E87:AT87) -> 5
C88: 7. CENDY RHIYAN ADI PUTRI | E88: 0 | F88: 0 | G88: 0 | H88: 0 | I88: 0 | J88: 0 | K88: 0 | L88: 0 | M88: 0 | N88: 0 | O88: 0 | P88: 0 | Q88: 0 | R88: 0 | S88: 0 | T88: 0 | U88: 0 | V88: 0 | W88: 1 | X88: 0 | Y88: 0 | Z88: 0 | AA88: 0 | AB88: 0 | AC88: 0 | AD88: 0 | AE88: 0 | AF88: 0 | AG88: 0 | AH88: 0 | AI88: 0 | AJ88: 0 | AK88: 0 | AL88: 0 | AM88: 0 | AN88: 0 | AO88: 0 | AP88: 0 | AQ88: 0 | AR88: 0 | AS88: 0 | AT88: 0 | AU88: =SUM(E88:AT88) -> 1
C89: 8. BAKTI WIJAYANTO, S.E. | E89: 0 | F89: 0 | G89: 0 | H89: 0 | I89: 0 | J89: 1 | K89: 0 | L89: 0 | M89: 0 | N89: 1 | O89: 1 | P89: 0 | Q89: 0 | R89: 0 | S89: 0 | T89: 0 | U89: 0 | V89: 0 | W89: 0 | X89: 0 | Y89: 0 | Z89: 0 | AA89: 0 | AB89: 0 | AC89: 0 | AD89: 0 | AE89: 0 | AF89: 0 | AG89: 0 | AH89: 0 | AI89: 0 | AJ89: 0 | AK89: 0 | AL89: 0 | AM89: 0 | AN89: 0 | AO89: 0 | AP89: 1 | AQ89: 0 | AR89: 0 | AS89: 1 | AT89: 0 | AU89: =SUM(E89:AT89) -> 5
C90: 9. AHMAD UBAIDILLAH | E90: 2 | F90: 0 | G90: 1 | H90: 0 | I90: 0 | J90: 0 | K90: 0 | L90: 0 | M90: 0 | N90: 0 | O90: 0 | P90: 3 | Q90: 0 | R90: 0 | S90: 0 | T90: 0 | U90: 0 | V90: 1 | W90: 1 | X90: 0 | Y90: 0 | Z90: 0 | AA90: 0 | AB90: 0 | AC90: 1 | AD90: 0 | AE90: 0 | AF90: 0 | AG90: 0 | AH90: 1 | AI90: 0 | AJ90: 0 | AK90: 0 | AL90: 0 | AM90: 0 | AN90: 1 | AO90: 0 | AP90: 0 | AQ90: 0 | AR90: 0 | AS90: 0 | AT90: 0 | AU90: =SUM(E90:AT90) -> 11
A91: B | B91: JUMLAH SUARA SAH PARTAI POLITIK DAN CALON (A1 + A2) | E91: =SUM(E81:E90) -> 8 | F91: =SUM(F81:F90) -> 10 | G91: =SUM(G81:G90) -> 5 | H91: =SUM(H81:H90) -> 5 | I91: =SUM(I81:I90) -> 4 | J91: =SUM(J81:J90) -> 48 | K91: =SUM(K81:K90) -> 11 | L91: =SUM(L81:L90) -> 12 | ... AU91: =SUM(AU81:AU90) -> 519
A93: A.1 | B93: 5. | C93: Partai NasDem | E93: 0 | F93: 2 | G93: 0 | H93: 0 | I93: 1 | J93: 0 | K93: 1 | L93: 0 | M93: 0 | N93: 7 | O93: 5 | P93: 1 | Q93: 2 | R93: 0 | S93: 3 | T93: 1 | U93: 0 | V93: 1 | W93: 2 | X93: 2 | Y93: 3 | Z93: 1 | AA93: 4 | AB93: 2 | AC93: 0 | AD93: 1 | AE93: 0 | AF93: 0 | AG93: 0 | AH93: 3 | AI93: 0 | AJ93: 2 | AK93: 0 | AL93: 3 | AM93: 1 | AN93: 4 | AO93: 3 | AP93: 6 | AQ93: 6 | AR93: 12 | AS93: 7 | AT93: 0 | AU93: =SUM(E93:AT93) -> 86
A94: A.2 | C94: 1. ALI MUSTOFA, A.Md. | E94: 0 | F94: 1 | G94: 1 | H94: 1 | I94: 2 | J94: 3 | K94: 3 | L94: 3 | M94: 1 | N94: 7 | O94: 3 | P94: 2 | Q94: 6 | R94: 4 | S94: 3 | T94: 3 | U94: 4 | V94: 1 | W94: 2 | X94: 6 | Y94: 5 | Z94: 4 | AA94: 6 | AB94: 1 | AC94: 6 | AD94: 3 | AE94: 3 | AF94: 1 | AG94: 4 | AH94: 2 | AI94: 5 | AJ94: 5 | AK94: 0 | AL94: 5 | AM94: 2 | AN94: 1 | AO94: 4 | AP94: 29 | AQ94: 6 | AR94: 25 | AS94: 7 | AT94: 8 | AU94: =SUM(E94:AT94) -> 188
C95: 2. Hj. BUAMI, S.H. | E95: 0 | F95: 0 | G95: 0 | H95: 0 | I95: 0 | J95: 1 | K95: 0 | L95: 0 | M95: 0 | N95: 2 | O95: 2 | P95: 0 | Q95: 0 | R95: 0 | S95: 1 | T95: 0 | U95: 1 | V95: 0 | W95: 1 | X95: 0 | Y95: 0 | Z95: 0 | AA95: 1 | AB95: 0 | AC95: 0 | AD95: 0 | AE95: 0 | AF95: 0 | AG95: 2 | AH95: 1 | AI95: 1 | AJ95: 1 | AK95: 0 | AL95: 0 | AM95: 0 | AN95: 1 | AO95: 0 | AP95: 0 | AQ95: 1 | AR95: 0 | AS95: 0 | AT95: 0 | AU95: =SUM(E95:AT95) -> 16
C96: 3. SUGIONO, S.H. | E96: 0 | F96: 0 | G96: 0 | H96: 0 | I96: 0 | J96: 1 | K96: 0 | L96: 0 | M96: 0 | N96: 1 | O96: 0 | P96: 0 | Q96: 1 | R96: 0 | S96: 0 | T96: 0 | U96: 0 | V96: 0 | W96: 1 | X96: 0 | Y96: 0 | Z96: 0 | AA96: 0 | AB96: 0 | AC96: 0 | AD96: 0 | AE96: 0 | AF96: 0 | AG96: 0 | AH96: 0 | AI96: 0 | AJ96: 0 | AK96: 0 | AL96: 0 | AM96: 0 | AN96: 0 | AO96: 0 | AP96: 0 | AQ96: 1 | AR96: 0 | AS96: 0 | AT96: 0 | AU96: =SUM(E96:AT96) -> 5
C97: 4. LULUK SUNARMIATININGSIH | E97: 0 | F97: 0 | G97: 0 | H97: 1 | I97: 0 | J97: 0 | K97: 0 | L97: 1 | M97: 1 | N97: 0 | O97: 2 | P97: 0 | Q97: 0 | R97: 0 | S97: 0 | T97: 1 | U97: 0 | V97: 0 | W97: 0 | X97: 1 | Y97: 2 | Z97: 0 | AA97: 1 | AB97: 0 | AC97: 0 | AD97: 0 | AE97: 1 | AF97: 0 | AG97: 0 | AH97: 0 | AI97: 0 | AJ97: 0 | AK97: 0 | AL97: 1 | AM97: 0 | AN97: 0 | AO97: 1 | AP97: 0 | AQ97: 0 | AR97: 2 | AS97: 2 | AT97: 1 | AU97: =SUM(E97:AT97) -> 18
C98: 5. ANTON DJULIANTO ADI | E98: 0 | F98: 0 | G98: 0 | H98: 0 | I98: 0 | J98: 0 | K98: 0 | L98: 1 | M98: 0 | N98: 1 | O98: 0 | P98: 0 | Q98: 1 | R98: 0 | S98: 0 | T98: 0 | U98: 0 | V98: 0 | W98: 3 | X98: 0 | Y98: 1 | Z98: 0 | AA98: 0 | AB98: 0 | AC98: 0 | AD98: 2 | AE98: 0 | AF98: 0 | AG98: 0 | AH98: 0 | AI98: 0 | AJ98: 0 | AK98: 0 | AL98: 0 | AM98: 1 | AN98: 0 | AO98: 0 | AP98: 0 | AQ98: 0 | AR98: 0 | AS98: 0 | AT98: 0 | AU98: =SUM(E98:AT98) -> 10
C99: 6. MOKHAMAD ROFI'I KHUSNAN | E99: 0 | F99: 0 | G99: 0 | H99: 0 | I99: 0 | J99: 0 | K99: 0 | L99: 0 | M99: 0 | N99: 0 | O99: 0 | P99: 0 | Q99: 0 | R99: 0 | S99: 0 | T99: 1 | U99: 0 | V99: 0 | W99: 0 | X99: 0 | Y99: 0 | Z99: 0 | AA99: 0 | AB99: 0 | AC99: 0 | AD99: 0 | AE99: 0 | AF99: 1 | AG99: 0 | AH99: 0 | AI99: 0 | AJ99: 1 | AK99: 0 | AL99: 1 | AM99: 0 | AN99: 1 | AO99: 0 | AP99: 0 | AQ99: 0 | AR99: 0 | AS99: 0 | AT99: 0 | AU99: =SUM(E99:AT99) -> 5
C100: 7. Rr SETYO WATI | E100: 0 | F100: 0 | G100: 0 | H100: 0 | I100: 0 | J100: 0 | K100: 0 | L100: 0 | M100: 0 | N100: 0 | O100: 0 | P100: 0 | Q100: 0 | R100: 0 | S100: 0 | T100: 0 | U100: 0 | V100: 0 | W100: 1 | X100: 0 | Y100: 0 | Z100: 0 | AA100: 0 | AB100: 0 | AC100: 0 | AD100: 0 | AE100: 0 | AF100: 0 | AG100: 0 | AH100: 0 | AI100: 0 | AJ100: 0 | AK100: 0 | AL100: 0 | AM100: 0 | AN100: 0 | AO100: 0 | AP100: 0 | AQ100: 0 | AR100: 0 | AS100: 0 | AT100: 0 | AU100: =SUM(E100:AT100) -> 1
C101: 8. ABD. KADIR ASSEGAFF | E101: 0 | F101: 0 | G101: 0 | H101: 0 | I101: 0 | J101: 0 | K101: 0 | L101: 0 | M101: 0 | N101: 0 | O101: 0 | P101: 0 | Q101: 0 | R101: 0 | S101: 0 | T101: 0 | U101: 1 | V101: 0 | W101: 0 | X101: 0 | Y101: 0 | Z101: 0 | AA101: 0 | AB101: 2 | AC101: 0 | AD101: 0 | AE101: 0 | AF101: 0 | AG101: 0 | AH101: 0 | AI101: 0 | AJ101: 0 | AK101: 0 | AL101: 0 | AM101: 0 | AN101: 0 | AO101: 0 | AP101: 0 | AQ101: 0 | AR101: 0 | AS101: 0 | AT101: 0 | AU101: =SUM(E101:AT101) -> 3
C102: 9. FATHOR ZAINULLAH | E102: 2 | F102: 0 | G102: 0 | H102: 0 | I102: 0 | J102: 0 | K102: 1 | L102: 0 | M102: 0 | N102: 0 | O102: 0 | P102: 0 | Q102: 0 | R102: 0 | S102: 1 | T102: 0 | U102: 0 | V102: 0 | W102: 0 | X102: 0 | Y102: 0 | Z102: 0 | AA102: 0 | AB102: 0 | AC102: 0 | AD102: 0 | AE102: 0 | AF102: 0 | AG102: 0 | AH102: 0 | AI102: 0 | AJ102: 0 | AK102: 0 | AL102: 0 | AM102: 0 | AN102: 0 | AO102: 0 | AP102: 0 | AQ102: 0 | AR102: 0 | AS102: 0 | AT102: 0 | AU102: =SUM(E102:AT102) -> 4
A103: B | B103: JUMLAH SUARA SAH PARTAI POLITIK DAN CALON (A1 + A2) | E103: =SUM(E93:E102) -> 2 | F103: =SUM(F93:F102) -> 3 | G103: =SUM(G93:G102) -> 1 | H103: =SUM(H93:H102) -> 2 | I103: =SUM(I93:I102) -> 3 | J103: =SUM(J93:J102) -> 5 | K103: =SUM(K93:K102) -> 5 | L103: =SUM(L93:L102) -> 5 | ... AU103: =SUM(AU93:AU102) -> 336
A105: A.1 | B105: 6. | C105: Partai Buruh | E105: 0 | F105: 0 | G105: 3 | H105: 0 | I105: 2 | J105: 0 | K105: 0 | L105: 4 | M105: 1 | N105: 0 | O105: 1 | P105: 1 | Q105: 1 | R105: 2 | S105: 4 | T105: 3 | U105: 1 | V105: 0 | W105: 1 | X105: 1 | Y105: 1 | Z105: 5 | AA105: 3 | AB105: 2 | AC105: 0 | AD105: 1 | AE105: 1 | AF105: 2 | AG105: 4 | AH105: 2 | AI105: 1 | AJ105: 1 | AK105: 0 | AL105: 1 | AM105: 2 | AN105: 0 | AO105: 2 | AP105: 2 | AQ105: 0 | AR105: 0 | AS105: 1 | AT105: 0 | AU105: =SUM(E105:AT105) -> 56
A106: A.2 | C106: 1. AGUS SUPRIYADI | E106: 0 | F106: 0 | G106: 0 | H106: 0 | I106: 0 | J106: 0 | K106: 1 | L106: 0 | M106: 0 | N106: 0 | O106: 0 | P106: 1 | Q106: 0 | R106: 0 | S106: 0 | T106: 0 | U106: 0 | V106: 0 | W106: 0 | X106: 0 | Y106: 0 | Z106: 0 | AA106: 0 | AB106: 1 | AC106: 1 | AD106: 0 | AE106: 2 | AF106: 2 | AG106: 2 | AH106: 1 | AI106: 0 | AJ106: 0 | AK106: 1 | AL106: 0 | AM106: 2 | AN106: 0 | AO106: 0 | AP106: 0 | AQ106: 0 | AR106: 0 | AS106: 1 | AT106: 0 | AU106: =SUM(E106:AT106) -> 15
C107: 2. ENI HARIATI | E107: 0 | F107: 0 | G107: 0 | H107: 0 | I107: 0 | J107: 0 | K107: 1 | L107: 0 | M107: 0 | N107: 0 | O107: 2 | P107: 0 | Q107: 0 | R107: 0 | S107: 0 | T107: 0 | U107: 0 | V107: 1 | W107: 1 | X107: 2 | Y107: 0 | Z107: 0 | AA107: 1 | AB107: 0 | AC107: 0 | AD107: 0 | AE107: 1 | AF107: 0 | AG107: 1 | AH107: 0 | AI107: 0 | AJ107: 0 | AK107: 0 | AL107: 0 | AM107: 0 | AN107: 0 | AO107: 1 | AP107: 0 | AQ107: 1 | AR107: 0 | AS107: 0 | AT107: 0 | AU107: =SUM(E107:AT107) -> 12
AU108: =SUM(E108:AT108) -> 0
AU109: =SUM(E109:AT109) -> 0
AU110: =SUM(E110:AT110) -> 0
AU111: =SUM(E111:AT111) -> 0
AU112: =SUM(E112:AT112) -> 0
AU113: =SUM(E113:AT113) -> 0
AU114: =SUM(E114:AT114) -> 0
A115: B | B115: JUMLAH SUARA SAH PARTAI POLITIK DAN CALON (A1 + A2) | E115: =SUM(E105:E114) -> 0 | F115: =SUM(F105:F114) -> 0 | G115: =SUM(G105:G114) -> 3 | H115: =SUM(H105:H114) -> 0 | I115: =SUM(I105:I114) -> 2 | J115: =SUM(J105:J114) -> 0 | K115: =SUM(K105:K114) -> 2 | L115: =SUM(L105:L114) -> 4 | ... AU115: =SUM(AU105:AU114) -> 83
A117: A.1 | B117: 7. | C117: Partai Gelombang Rakyat Indonesia | E117: 0 | F117: 1 | G117: 2 | H117: 2 | I117: 0 | J117: 5 | K117: 1 | L117: 1 | M117: 2 | N117: 1 | O117: 1 | P117: 0 | Q117: 0 | R117: 3 | S117: 1 | T117: 0 | U117: 1 | V117: 1 | W117: 0 | X117: 1 | Y117: 1 | Z117: 0 | AA117: 2 | AB117: 0 | AC117: 1 | AD117: 1 | AE117: 0 | AF117: 1 | AG117: 0 | AH117: 0 | AI117: 0 | AJ117: 4 | AK117: 0 | AL117: 0 | AM117: 0 | AN117: 0 | AO117: 1 | AP117: 1 | AQ117: 0 | AR117: 0 | AS117: 1 | AT117: 1 | AU117: =SUM(E117:AT117) -> 37
...
