Workbook

Sheet DPRD PROVINSI
C8: Kecamatan | D8: SINGOJURUH
C9: Kabupaten | D9: BANYUWANGI
C10: Provinsi | D10: JAWA TIMUR
A12: I | B12: DATA PEMILIH DAN PENGGUNAAN HAK PILIH | E12: JUMLAH AKHIR
A13: A | B13: DATA PEMILIH
B14: Jumlah Pemilih dalam Daftar Pemilih Tetap (DPT) | D14: LK | E14: =ALASMALANG!V14+'BENELAN KIDUL'!S14+CANTUK!T14+GAMBOR!N14+GUMIRIH!S14+KEMIRI!U14+LEMAHBANGKULON!Q14+PADANG!Q14+SINGOJURUH!AC14+SINGOLATREN!T14+SUMBERBARU!S14 -> 16137
D15: PR | E15: =ALASMALANG!V15+'BENELAN KIDUL'!S15+CANTUK!T15+GAMBOR!N15+GUMIRIH!S15+KEMIRI!U15+LEMAHBANGKULON!Q15+PADANG!Q15+SINGOJURUH!AC15+SINGOLATREN!T15+SUMBERBARU!S15 -> 16446
D16: JML | E16: =SUM(E14:E15) -> 32583
A18: B | B18: PENGGUNA HAK PILIH
B19: 1. | C19: Jumlah pengguna hak pilih dalam Daftar Pemilih Tetap (DPT) | D19: LK | E19: =ALASMALANG!V19+'BENELAN KIDUL'!S19+CANTUK!T19+GAMBOR!N19+GUMIRIH!S19+KEMIRI!U19+LEMAHBANGKULON!Q19+PADANG!Q19+SINGOJURUH!AC19+SINGOLATREN!T19+SUMBERBARU!S19 -> 12222
D20: PR | E20: =ALASMALANG!V20+'BENELAN KIDUL'!S20+CANTUK!T20+GAMBOR!N20+GUMIRIH!S20+KEMIRI!U20+LEMAHBANGKULON!Q20+PADANG!Q20+SINGOJURUH!AC20+SINGOLATREN!T20+SUMBERBARU!S20 -> 13252
D21: JML | E21: =SUM(E19:E20) -> 25474
B22: 2. | C22: Jumlah pengguna hak pilih dalam Daftar Pemilih Tambahan (DPTb) | D22: LK | E22: =ALASMALANG!V22+'BENELAN KIDUL'!S22+CANTUK!T22+GAMBOR!N22+GUMIRIH!S22+KEMIRI!U22+LEMAHBANGKULON!Q22+PADANG!Q22+SINGOJURUH!AC22+SINGOLATREN!T22+SUMBERBARU!S22 -> 40
D23: PR | E23: =ALASMALANG!V23+'BENELAN KIDUL'!S23+CANTUK!T23+GAMBOR!N23+GUMIRIH!S23+KEMIRI!U23+LEMAHBANGKULON!Q23+PADANG!Q23+SINGOJURUH!AC23+SINGOLATREN!T23+SUMBERBARU!S23 -> 41
D24: JML | E24: =SUM(E22:E23) -> 81
B25: 3. | C25: Jumlah pengguna hak pilih dalam Daftar Pemilih Khusus (DPK) | D25: LK | E25: =ALASMALANG!V25+'BENELAN KIDUL'!S25+CANTUK!T25+GAMBOR!N25+GUMIRIH!S25+KEMIRI!U25+LEMAHBANGKULON!Q25+PADANG!Q25+SINGOJURUH!AC25+SINGOLATREN!T25+SUMBERBARU!S25 -> 108
D26: PR | E26: =ALASMALANG!V26+'BENELAN KIDUL'!S26+CANTUK!T26+GAMBOR!N26+GUMIRIH!S26+KEMIRI!U26+LEMAHBANGKULON!Q26+PADANG!Q26+SINGOJURUH!AC26+SINGOLATREN!T26+SUMBERBARU!S26 -> 128
D27: JML | E27: =SUM(E25:E26) -> 236
B28: 4. | C28: Jumlah Pengguna Hak Pilih (B.1+B.2+B.3) | D28: LK | E28: =E19+E22+E25 -> 12370
D29: PR | E29: =E20+E23+E26 -> 13421
D30: JML | E30: =SUM(E28:E29) -> 25791
A32: II | B32: DATA PENGGUNAAN SURAT SUARA
A33: 1 | B33: Jumlah surat suara yang diterima, termasuk surat suara cadangan 2,5% dari DPT | E33: =ALASMALANG!V33+'BENELAN KIDUL'!S33+CANTUK!T33+GAMBOR!N33+GUMIRIH!S33+KEMIRI!U33+LEMAHBANGKULON!Q33+PADANG!Q33+SINGOJURUH!AC33+SINGOLATREN!T33+SUMBERBARU!S33 -> 32903
A34: 2 | B34: Jumlah surat suara yang digunakan | E34: =ALASMALANG!V34+'BENELAN KIDUL'!S34+CANTUK!T34+GAMBOR!N34+GUMIRIH!S34+KEMIRI!U34+LEMAHBANGKULON!Q34+PADANG!Q34+SINGOJURUH!AC34+SINGOLATREN!T34+SUMBERBARU!S34 -> 25791
A35: 3 | B35: Jumlah surat suara dikembalikan oleh pemilih (karena rusak atau keliru coblos) | E35: =ALASMALANG!V35+'BENELAN KIDUL'!S35+CANTUK!T35+GAMBOR!N35+GUMIRIH!S35+KEMIRI!U35+LEMAHBANGKULON!Q35+PADANG!Q35+SINGOJURUH!AC35+SINGOLATREN!T35+SUMBERBARU!S35 -> 62
A36: 4 | B36: Jumlah surat suara yang tidak digunakan/tidak terpakai, termasuk sisa surat suara cadangan | E36: =E33-(E34+E35) -> 7050
A38: III | B38: DATA PEMILIH DISABILITAS
B39: Jumlah seluruh Pemilih disabilitas yang menggunakan hak pilih | D39: LK | E39: =ALASMALANG!V39+'BENELAN KIDUL'!S39+CANTUK!T39+GAMBOR!N39+GUMIRIH!S39+KEMIRI!U39+LEMAHBANGKULON!Q39+PADANG!Q39+SINGOJURUH!AC39+SINGOLATREN!T39+SUMBERBARU!S39 -> 24
D40: PR | E40: =ALASMALANG!V40+'BENELAN KIDUL'!S40+CANTUK!T40+GAMBOR!N40+GUMIRIH!S40+KEMIRI!U40+LEMAHBANGKULON!Q40+PADANG!Q40+SINGOJURUH!AC40+SINGOLATREN!T40+SUMBERBARU!S40 -> 50
D41: JML | E41: =SUM(E39:E40) -> 74
A43: IV | B43: DATA RINCIAN PEROLEHAN SUARA PASANGAN CALON BUPATI DAN WAKIL BUPATI
A44: NOMOR DAN NAMA CALON
A45: A.1 | B45: 1. | C45: Partai Kebangkitan Bangsa | E45: =ALASMALANG!V45+'BENELAN KIDUL'!S45+CANTUK!T45+GAMBOR!N45+GUMIRIH!S45+KEMIRI!U45+LEMAHBANGKULON!Q45+PADANG!Q45+SINGOJURUH!AC45+SINGOLATREN!T45+SUMBERBARU!S45 -> 998
A46: A.2 | C46: 1. Dra. Hj. MA`MULAH HARUN, M.Pd.I. | E46: =ALASMALANG!V46+'BENELAN KIDUL'!S46+CANTUK!T46+GAMBOR!N46+GUMIRIH!S46+KEMIRI!U46+LEMAHBANGKULON!Q46+PADANG!Q46+SINGOJURUH!AC46+SINGOLATREN!T46+SUMBERBARU!S46 -> 1872
C47: 2. UBAIDILLAH, S.Fil.I. | E47: =ALASMALANG!V47+'BENELAN KIDUL'!S47+CANTUK!T47+GAMBOR!N47+GUMIRIH!S47+KEMIRI!U47+LEMAHBANGKULON!Q47+PADANG!Q47+SINGOJURUH!AC47+SINGOLATREN!T47+SUMBERBARU!S47 -> 451
C48: 3. Ir. H. YOYOK MULYADI, M.Si. | E48: =ALASMALANG!V48+'BENELAN KIDUL'!S48+CANTUK!T48+GAMBOR!N48+GUMIRIH!S48+KEMIRI!U48+LEMAHBANGKULON!Q48+PADANG!Q48+SINGOJURUH!AC48+SINGOLATREN!T48+SUMBERBARU!S48 -> 120
C49: 4. KHOIRUL ANWAR, S.Fil.I. | E49: =ALASMALANG!V49+'BENELAN KIDUL'!S49+CANTUK!T49+GAMBOR!N49+GUMIRIH!S49+KEMIRI!U49+LEMAHBANGKULON!Q49+PADANG!Q49+SINGOJURUH!AC49+SINGOLATREN!T49+SUMBERBARU!S49 -> 163
C50: 5. ARIF WIJAKSANA | E50: =ALASMALANG!V50+'BENELAN KIDUL'!S50+CANTUK!T50+GAMBOR!N50+GUMIRIH!S50+KEMIRI!U50+LEMAHBANGKULON!Q50+PADANG!Q50+SINGOJURUH!AC50+SINGOLATREN!T50+SUMBERBARU!S50 -> 67
C51: 6. Dr. SITI YUMNAH | E51: =ALASMALANG!V51+'BENELAN KIDUL'!S51+CANTUK!T51+GAMBOR!N51+GUMIRIH!S51+KEMIRI!U51+LEMAHBANGKULON!Q51+PADANG!Q51+SINGOJURUH!AC51+SINGOLATREN!T51+SUMBERBARU!S51 -> 42
C52: 7. MOHAMMAD ZAINI, M.Pd.I. | E52: =ALASMALANG!V52+'BENELAN KIDUL'!S52+CANTUK!T52+GAMBOR!N52+GUMIRIH!S52+KEMIRI!U52+LEMAHBANGKULON!Q52+PADANG!Q52+SINGOJURUH!AC52+SINGOLATREN!T52+SUMBERBARU!S52 -> 30
C53: 8. FAWAIDUL MAKKIYAH | E53: =ALASMALANG!V53+'BENELAN KIDUL'!S53+CANTUK!T53+GAMBOR!N53+GUMIRIH!S53+KEMIRI!U53+LEMAHBANGKULON!Q53+PADANG!Q53+SINGOJURUH!AC53+SINGOLATREN!T53+SUMBERBARU!S53 -> 16
C54: 9. IFFAH HIDAYATUR ROHMAH, S.Sos. | E54: =ALASMALANG!V54+'BENELAN KIDUL'!S54+CANTUK!T54+GAMBOR!N54+GUMIRIH!S54+KEMIRI!U54+LEMAHBANGKULON!Q54+PADANG!Q54+SINGOJURUH!AC54+SINGOLATREN!T54+SUMBERBARU!S54 -> 30
A55: B | B55: JUMLAH SUARA SAH PARTAI POLITIK DAN CALON (A1 + A2) | E55: =SUM(E45:E54) -> 3789
A57: A.1 | B57: 2. | C57: Partai Gerakan Indonesia Raya | E57: =ALASMALANG!V57+'BENELAN KIDUL'!S57+CANTUK!T57+GAMBOR!N57+GUMIRIH!S57+KEMIRI!U57+LEMAHBANGKULON!Q57+PADANG!Q57+SINGOJURUH!AC57+SINGOLATREN!T57+SUMBERBARU!S57 -> 2065
A58: A.2 | C58: 1. AHMAD HADINUDDIN, S.Pd.I. | E58: =ALASMALANG!V58+'BENELAN KIDUL'!S58+CANTUK!T58+GAMBOR!N58+GUMIRIH!S58+KEMIRI!U58+LEMAHBANGKULON!Q58+PADANG!Q58+SINGOJURUH!AC58+SINGOLATREN!T58+SUMBERBARU!S58 -> 1571
C59: 2. BIMA RAFSANJANI RAFID | E59: =ALASMALANG!V59+'BENELAN KIDUL'!S59+CANTUK!T59+GAMBOR!N59+GUMIRIH!S59+KEMIRI!U59+LEMAHBANGKULON!Q59+PADANG!Q59+SINGOJURUH!AC59+SINGOLATREN!T59+SUMBERBARU!S59 -> 2277
C60: 3. IRA DAMAYANTI | E60: =ALASMALANG!V60+'BENELAN KIDUL'!S60+CANTUK!T60+GAMBOR!N60+GUMIRIH!S60+KEMIRI!U60+LEMAHBANGKULON!Q60+PADANG!Q60+SINGOJURUH!AC60+SINGOLATREN!T60+SUMBERBARU!S60 -> 314
C61: 4. MAULANA MALIK IBRAHIM, S.H. | E61: =ALASMALANG!V61+'BENELAN KIDUL'!S61+CANTUK!T61+GAMBOR!N61+GUMIRIH!S61+KEMIRI!U61+LEMAHBANGKULON!Q61+PADANG!Q61+SINGOJURUH!AC61+SINGOLATREN!T61+SUMBERBARU!S61 -> 795
C62: 5. LULUK ALFIATI | E62: =ALASMALANG!V62+'BENELAN KIDUL'!S62+CANTUK!T62+GAMBOR!N62+GUMIRIH!S62+KEMIRI!U62+LEMAHBANGKULON!Q62+PADANG!Q62+SINGOJURUH!AC62+SINGOLATREN!T62+SUMBERBARU!S62 -> 139
C63: 6. ILHAM WAHYUDI, S.H. | E63: =ALASMALANG!V63+'BENELAN KIDUL'!S63+CANTUK!T63+GAMBOR!N63+GUMIRIH!S63+KEMIRI!U63+LEMAHBANGKULON!Q63+PADANG!Q63+SINGOJURUH!AC63+SINGOLATREN!T63+SUMBERBARU!S63 -> 44
C64: 7. HAERUL ANWAR, S.Pd.I. | E64: =ALASMALANG!V64+'BENELAN KIDUL'!S64+CANTUK!T64+GAMBOR!N64+GUMIRIH!S64+KEMIRI!U64+LEMAHBANGKULON!Q64+PADANG!Q64+SINGOJURUH!AC64+SINGOLATREN!T64+SUMBERBARU!S64 -> 35
C65: 8. YOVI ADHITYA WARDANI | E65: =ALASMALANG!V65+'BENELAN KIDUL'!S65+CANTUK!T65+GAMBOR!N65+GUMIRIH!S65+KEMIRI!U65+LEMAHBANGKULON!Q65+PADANG!Q65+SINGOJURUH!AC65+SINGOLATREN!T65+SUMBERBARU!S65 -> 26
C66: 9. RITA AMELIA | E66: =ALASMALANG!V66+'BENELAN KIDUL'!S66+CANTUK!T66+GAMBOR!N66+GUMIRIH!S66+KEMIRI!U66+LEMAHBANGKULON!Q66+PADANG!Q66+SINGOJURUH!AC66+SINGOLATREN!T66+SUMBERBARU!S66 -> 44
A67: B | B67: JUMLAH SUARA SAH PARTAI POLITIK DAN CALON (A1 + A2) | E67: =SUM(E57:E66) -> 7310
A69: A.1 | B69: 3. | C69: Partai Demokrasi Indonesia Perjuangan | E69: =ALASMALANG!V69+'BENELAN KIDUL'!S69+CANTUK!T69+GAMBOR!N69+GUMIRIH!S69+KEMIRI!U69+LEMAHBANGKULON!Q69+PADANG!Q69+SINGOJURUH!AC69+SINGOLATREN!T69+SUMBERBARU!S69 -> 1178
A70: A.2 | C70: 1. MARTIN H., S.H., M.H. | E70: =ALASMALANG!V70+'BENELAN KIDUL'!S70+CANTUK!T70+GAMBOR!N70+GUMIRIH!S70+KEMIRI!U70+LEMAHBANGKULON!Q70+PADANG!Q70+SINGOJURUH!AC70+SINGOLATREN!T70+SUMBERBARU!S70 -> 910
C71: 2. HERMANTO, S.E. | E71: =ALASMALANG!V71+'BENELAN KIDUL'!S71+CANTUK!T71+GAMBOR!N71+GUMIRIH!S71+KEMIRI!U71+LEMAHBANGKULON!Q71+PADANG!Q71+SINGOJURUH!AC71+SINGOLATREN!T71+SUMBERBARU!S71 -> 971
C72: 3. EVY SUSILAWATI, S.E., M.M. | E72: =ALASMALANG!V72+'BENELAN KIDUL'!S72+CANTUK!T72+GAMBOR!N72+GUMIRIH!S72+KEMIRI!U72+LEMAHBANGKULON!Q72+PADANG!Q72+SINGOJURUH!AC72+SINGOLATREN!T72+SUMBERBARU!S72 -> 403
C73: 4. M. SIROTTUDIN | E73: =ALASMALANG!V73+'BENELAN KIDUL'!S73+CANTUK!T73+GAMBOR!N73+GUMIRIH!S73+KEMIRI!U73+LEMAHBANGKULON!Q73+PADANG!Q73+SINGOJURUH!AC73+SINGOLATREN!T73+SUMBERBARU!S73 -> 508
C74: 5. ABDUL HAFID, S.H. | E74: =ALASMALANG!V74+'BENELAN KIDUL'!S74+CANTUK!T74+GAMBOR!N74+GUMIRIH!S74+KEMIRI!U74+LEMAHBANGKULON!Q74+PADANG!Q74+SINGOJURUH!AC74+SINGOLATREN!T74+SUMBERBARU!S74 -> 128
C75: 6. NIKITA FORTUNA SURYANINGATI, A.Md.Keb. | E75: =ALASMALANG!V75+'BENELAN KIDUL'!S75+CANTUK!T75+GAMBOR!N75+GUMIRIH!S75+KEMIRI!U75+LEMAHBANGKULON!Q75+PADANG!Q75+SINGOJURUH!AC75+SINGOLATREN!T75+SUMBERBARU!S75 -> 61
C76: 7. YUDHO ILHAM WIJAYA, S.E. | E76: =ALASMALANG!V76+'BENELAN KIDUL'!S76+CANTUK!T76+GAMBOR!N76+GUMIRIH!S76+KEMIRI!U76+LEMAHBANGKULON!Q76+PADANG!Q76+SINGOJURUH!AC76+SINGOLATREN!T76+SUMBERBARU!S76 -> 38
C77: 8. SETIAWATI, S.H. | E77: =ALASMALANG!V77+'BENELAN KIDUL'!S77+CANTUK!T77+GAMBOR!N77+GUMIRIH!S77+KEMIRI!U77+LEMAHBANGKULON!Q77+PADANG!Q77+SINGOJURUH!AC77+SINGOLATREN!T77+SUMBERBARU!S77 -> 42
C78: 9. EKO BUDI SANTOSO, S.H. | E78: =ALASMALANG!V78+'BENELAN KIDUL'!S78+CANTUK!T78+GAMBOR!N78+GUMIRIH!S78+KEMIRI!U78+LEMAHBANGKULON!Q78+PADANG!Q78+SINGOJURUH!AC78+SINGOLATREN!T78+SUMBERBARU!S78 -> 43
A79: B | B79: JUMLAH SUARA SAH PARTAI POLITIK DAN CALON (A1 + A2) | E79: =SUM(E69:E78) -> 4282
A81: A.1 | B81: 4. | C81: Partai Golongan Karya | E81: =ALASMALANG!V81+'BENELAN KIDUL'!S81+CANTUK!T81+GAMBOR!N81+GUMIRIH!S81+KEMIRI!U81+LEMAHBANGKULON!Q81+PADANG!Q81+SINGOJURUH!AC81+SINGOLATREN!T81+SUMBERBARU!S81 -> 428
A82: A.2 | C82: 1. PRANAYA YUDHA MAHARDHIKA | E82: =ALASMALANG!V82+'BENELAN KIDUL'!S82+CANTUK!T82+GAMBOR!N82+GUMIRIH!S82+KEMIRI!U82+LEMAHBANGKULON!Q82+PADANG!Q82+SINGOJURUH!AC82+SINGOLATREN!T82+SUMBERBARU!S82 -> 835
C83: 2. Dra. Ec. ENDANG SULASTUTY, M.I.P. | E83: =ALASMALANG!V83+'BENELAN KIDUL'!S83+CANTUK!T83+GAMBOR!N83+GUMIRIH!S83+KEMIRI!U83+LEMAHBANGKULON!Q83+PADANG!Q83+SINGOJURUH!AC83+SINGOLATREN!T83+SUMBERBARU!S83 -> 120
C84: 3. AGUS REJEKI WARTONO | E84: =ALASMALANG!V84+'BENELAN KIDUL'!S84+CANTUK!T84+GAMBOR!N84+GUMIRIH!S84+KEMIRI!U84+LEMAHBANGKULON!Q84+PADANG!Q84+SINGOJURUH!AC84+SINGOLATREN!T84+SUMBERBARU!S84 -> 78
C85: 4. Hj. TUTUK ASMA'A ZUCHROH, S.T., M.T. | E85: =ALASMALANG!V85+'BENELAN KIDUL'!S85+CANTUK!T85+GAMBOR!N85+GUMIRIH!S85+KEMIRI!U85+LEMAHBANGKULON!Q85+PADANG!Q85+SINGOJURUH!AC85+SINGOLATREN!T85+SUMBERBARU!S85 -> 99
C86: 5. ADE M. RIZKI, S.E. | E86: =ALASMALANG!V86+'BENELAN KIDUL'!S86+CANTUK!T86+GAMBOR!N86+GUMIRIH!S86+KEMIRI!U86+LEMAHBANGKULON!Q86+PADANG!Q86+SINGOJURUH!AC86+SINGOLATREN!T86+SUMBERBARU!S86 -> 602
C87: 6. ABDURAKHMAN, Bc.Kn. | E87: =ALASMALANG!V87+'BENELAN KIDUL'!S87+CANTUK!T87+GAMBOR!N87+GUMIRIH!S87+KEMIRI!U87+LEMAHBANGKULON!Q87+PADANG!Q87+SINGOJURUH!AC87+SINGOLATREN!T87+SUMBERBARU!S87 -> 10
C88: 7. CENDY RHIYAN ADI PUTRI | E88: =ALASMALANG!V88+'BENELAN KIDUL'!S88+CANTUK!T88+GAMBOR!N88+GUMIRIH!S88+KEMIRI!U88+LEMAHBANGKULON!Q88+PADANG!Q88+SINGOJURUH!AC88+SINGOLATREN!T88+SUMBERBARU!S88 -> 16
C89: 8. BAKTI WIJAYANTO, S.E. | E89: =ALASMALANG!V89+'BENELAN KIDUL'!S89+CANTUK!T89+GAMBOR!N89+GUMIRIH!S89+KEMIRI!U89+LEMAHBANGKULON!Q89+PADANG!Q89+SINGOJURUH!AC89+SINGOLATREN!T89+SUMBERBARU!S89 -> 7
C90: 9. AHMAD UBAIDILLAH | E90: =ALASMALANG!V90+'BENELAN KIDUL'!S90+CANTUK!T90+GAMBOR!N90+GUMIRIH!S90+KEMIRI!U90+LEMAHBANGKULON!Q90+PADANG!Q90+SINGOJURUH!AC90+SINGOLATREN!T90+SUMBERBARU!S90 -> 19
A91: B | B91: JUMLAH SUARA SAH PARTAI POLITIK DAN CALON (A1 + A2) | E91: =SUM(E81:E90) -> 2214
A93: A.1 | B93: 5. | C93: Partai NasDem | E93: =ALASMALANG!V93+'BENELAN KIDUL'!S93+CANTUK!T93+GAMBOR!N93+GUMIRIH!S93+KEMIRI!U93+LEMAHBANGKULON!Q93+PADANG!Q93+SINGOJURUH!AC93+SINGOLATREN!T93+SUMBERBARU!S93 -> 153
A94: A.2 | C94: 1. ALI MUSTOFA, A.Md. | E94: =ALASMALANG!V94+'BENELAN KIDUL'!S94+CANTUK!T94+GAMBOR!N94+GUMIRIH!S94+KEMIRI!U94+LEMAHBANGKULON!Q94+PADANG!Q94+SINGOJURUH!AC94+SINGOLATREN!T94+SUMBERBARU!S94 -> 113
C95: 2. Hj. BUAMI, S.H. | E95: =ALASMALANG!V95+'BENELAN KIDUL'!S95+CANTUK!T95+GAMBOR!N95+GUMIRIH!S95+KEMIRI!U95+LEMAHBANGKULON!Q95+PADANG!Q95+SINGOJURUH!AC95+SINGOLATREN!T95+SUMBERBARU!S95 -> 27
C96: 3. SUGIONO, S.H. | E96: =ALASMALANG!V96+'BENELAN KIDUL'!S96+CANTUK!T96+GAMBOR!N96+GUMIRIH!S96+KEMIRI!U96+LEMAHBANGKULON!Q96+PADANG!Q96+SINGOJURUH!AC96+SINGOLATREN!T96+SUMBERBARU!S96 -> 10
C97: 4. LULUK SUNARMIATININGSIH | E97: =ALASMALANG!V97+'BENELAN KIDUL'!S97+CANTUK!T97+GAMBOR!N97+GUMIRIH!S97+KEMIRI!U97+LEMAHBANGKULON!Q97+PADANG!Q97+SINGOJURUH!AC97+SINGOLATREN!T97+SUMBERBARU!S97 -> 13
C98: 5. ANTON DJULIANTO ADI | E98: =ALASMALANG!V98+'BENELAN KIDUL'!S98+CANTUK!T98+GAMBOR!N98+GUMIRIH!S98+KEMIRI!U98+LEMAHBANGKULON!Q98+PADANG!Q98+SINGOJURUH!AC98+SINGOLATREN!T98+SUMBERBARU!S98 -> 45
C99: 6. MOKHAMAD ROFI'I KHUSNAN | E99: =ALASMALANG!V99+'BENELAN KIDUL'!S99+CANTUK!T99+GAMBOR!N99+GUMIRIH!S99+KEMIRI!U99+LEMAHBANGKULON!Q99+PADANG!Q99+SINGOJURUH!AC99+SINGOLATREN!T99+SUMBERBARU!S99 -> 13
C100: 7. Rr SETYO WATI | E100: =ALASMALANG!V100+'BENELAN KIDUL'!S100+CANTUK!T100+GAMBOR!N100+GUMIRIH!S100+KEMIRI!U100+LEMAHBANGKULON!Q100+PADANG!Q100+SINGOJURUH!AC100+SINGOLATREN!T100+SUMBERBARU!S100 -> 4
C101: 8. ABD. KADIR ASSEGAFF | E101: =ALASMALANG!V101+'BENELAN KIDUL'!S101+CANTUK!T101+GAMBOR!N101+GUMIRIH!S101+KEMIRI!U101+LEMAHBANGKULON!Q101+PADANG!Q101+SINGOJURUH!AC101+SINGOLATREN!T101+SUMBERBARU!S101 -> 8
C102: 9. FATHOR ZAINULLAH | E102: =ALASMALANG!V102+'BENELAN KIDUL'!S102+CANTUK!T102+GAMBOR!N102+GUMIRIH!S102+KEMIRI!U102+LEMAHBANGKULON!Q102+PADANG!Q102+SINGOJURUH!AC102+SINGOLATREN!T102+SUMBERBARU!S102 -> 0
A103: B | B103: JUMLAH SUARA SAH PARTAI POLITIK DAN CALON (A1 + A2) | E103: =SUM(E93:E102) -> 386
A105: A.1 | B105: 6. | C105: Partai Buruh | E105: =ALASMALANG!V105+'BENELAN KIDUL'!S105+CANTUK!T105+GAMBOR!N105+GUMIRIH!S105+KEMIRI!U105+LEMAHBANGKULON!Q105+PADANG!Q105+SINGOJURUH!AC105+SINGOLATREN!T105+SUMBERBARU!S105 -> 61
A106: A.2 | C106: 1. AGUS SUPRIYADI | E106: =ALASMALANG!V106+'BENELAN KIDUL'!S106+CANTUK!T106+GAMBOR!N106+GUMIRIH!S106+KEMIRI!U106+LEMAHBANGKULON!Q106+PADANG!Q106+SINGOJURUH!AC106+SINGOLATREN!T106+SUMBERBARU!S106 -> 19
C107: 2. ENI HARIATI | E107: =ALASMALANG!V107+'BENELAN KIDUL'!S107+CANTUK!T107+GAMBOR!N107+GUMIRIH!S107+KEMIRI!U107+LEMAHBANGKULON!Q107+PADANG!Q107+SINGOJURUH!AC107+SINGOLATREN!T107+SUMBERBARU!S107 -> 24
A115: B | B115: JUMLAH SUARA SAH PARTAI POLITIK DAN CALON (A1 + A2) | E115: =SUM(E105:E114) -> 104
A117: A.1 | B117: 7. | C117: Partai Gelombang Rakyat Indonesia | E117: =ALASMALANG!V117+'BENELAN KIDUL'!S117+CANTUK!T117+GAMBOR!N117+GUMIRIH!S117+KEMIRI!U117+LEMAHBANGKULON!Q117+PADANG!Q117+SINGOJURUH!AC117+SINGOLATREN!T117+SUMBERBARU!S117 -> 42
A118: A.2 | C118: 1. MIRZA MUHROSNI AROMA | E118: =ALASMALANG!V118+'BENELAN KIDUL'!S118+CANTUK!T118+GAMBOR!N118+GUMIRIH!S118+KEMIRI!U118+LEMAHBANGKULON!Q118+PADANG!Q118+SINGOJURUH!AC118+SINGOLATREN!T118+SUMBERBARU!S118 -> 24
C119: 2. ACHMAD BAGUS SUGIARTO | E119: =ALASMALANG!V119+'BENELAN KIDUL'!S119+CANTUK!T119+GAMBOR!N119+GUMIRIH!S119+KEMIRI!U119+LEMAHBANGKULON!Q119+PADANG!Q119+SINGOJURUH!AC119+SINGOLATREN!T119+SUMBERBARU!S119 -> 7
C120: 3. ELOK FITRIYA NINGSIH | E120: =ALASMALANG!V120+'BENELAN KIDUL'!S120+CANTUK!T120+GAMBOR!N120+GUMIRIH!S120+KEMIRI!U120+LEMAHBANGKULON!Q120+PADANG!Q120+SINGOJURUH!AC120+SINGOLATREN!T120+SUMBERBARU!S120 -> 7
C121: 4. MADI | E121: =ALASMALANG!V121+'BENELAN KIDUL'!S121+CANTUK!T121+GAMBOR!N121+GUMIRIH!S121+KEMIRI!U121+LEMAHBANGKULON!Q121+PADANG!Q121+SINGOJURUH!AC121+SINGOLATREN!T121+SUMBERBARU!S121 -> 4
C122: 5. LUKY PERMANASARI | E122: =ALASMALANG!V122+'BENELAN KIDUL'!S122+CANTUK!T122+GAMBOR!N122+GUMIRIH!S122+KEMIRI!U122+LEMAHBANGKULON!Q122+PADANG!Q122+SINGOJURUH!AC122+SINGOLATREN!T122+SUMBERBARU!S122 -> 5
A127: B | B127: JUMLAH SUARA SAH PARTAI POLITIK DAN CALON (A1 + A2) | E127: =SUM(E117:E126) -> 89
A129: A.1 | B129: 8. | C129: Partai Keadilan Sejahtera | E129: =ALASMALANG!V129+'BENELAN KIDUL'!S129+CANTUK!T129+GAMBOR!N129+GUMIRIH!S129+KEMIRI!U129+LEMAHBANGKULON!Q129+PADANG!Q129+SINGOJURUH!AC129+SINGOLATREN!T129+SUMBERBARU!S129 -> 75
A130: A.2 | C130: 1. H. IRWAN SETIAWAN | E130: =ALASMALANG!V130+'BENELAN KIDUL'!S130+CANTUK!T130+GAMBOR!N130+GUMIRIH!S130+KEMIRI!U130+LEMAHBANGKULON!Q130+PADANG!Q130+SINGOJURUH!AC130+SINGOLATREN!T130+SUMBERBARU!S130 -> 139
...

Sheet ALASMALANG
C2: Kecamatan | D2: SINGOJURUH
C3: Kabupaten | D3: BANYUWANGI
C4: Provinsi | D4: JAWA TIMUR
C9: Kelurahan | D9: ALASMALANG
A12: I | B12: DATA PEMILIH DAN PENGGUNAAN HAK PILIH | V12: JUMLAH AKHIR
A13: A | B13: DATA PEMILIH | E13: TPS 001 | F13: TPS 002 | G13: TPS 003 | H13: TPS 004 | I13: TPS 005 | J13: TPS 006 | K13: TPS 007 | L13: TPS 008 | M13: TPS 009 | N13: TPS 010 | O13: TPS 011 | P13: TPS 012 | Q13: TPS 013 | R13: TPS 014 | S13: TPS 015 | T13: TPS 016 | U13: TPS 017
B14: Jumlah Pemilih dalam Daftar Pemilih Tetap (DPT) | D14: LK | E14: 124 | F14: 110 | G14: 95 | H14: 116 | I14: 101 | J14: 88 | K14: 79 | L14: 121 | M14: 101 | N14: 107 | O14: 99 | P14: 103 | Q14: 128 | R14: 83 | S14: 104 | T14: 93 | U14: 127 | V14: =SUM(E14:U14) -> 1779
D15: PR | E15: 128 | F15: 102 | G15: 92 | H15: 125 | I15: 117 | J15: 94 | K15: 93 | L15: 124 | M15: 94 | N15: 117 | O15: 90 | P15: 108 | Q15: 126 | R15: 85 | S15: 113 | T15: 113 | U15: 110 | V15: =SUM(E15:U15) -> 1831
D16: JML | E16: =SUM(E14:E15) -> 252 | F16: =SUM(F14:F15) -> 212 | G16: =SUM(G14:G15) -> 187 | H16: =SUM(H14:H15) -> 241 | I16: =SUM(I14:I15) -> 218 | J16: =SUM(J14:J15) -> 182 | K16: =SUM(K14:K15) -> 172 | L16: =SUM(L14:L15) -> 245 | ... U16: =SUM(U14:U15) -> 237 | V16: =SUM(E16:U16) -> 3610
A18: B | B18: PENGGUNA HAK PILIH
B19: 1. | C19: Jumlah pengguna hak pilih dalam Daftar Pemilih Tetap (DPT) | D19: LK | E19: 114 | F19: 90 | G19: 71 | H19: 89 | I19: 80 | J19: 65 | K19: 63 | L19: 92 | M19: 82 | N19: 86 | O19: 81 | P19: 83 | Q19: 81 | R19: 66 | S19: 81 | T19: 82 | U19: 107 | V19: =SUM(E19:U19) -> 1413
D20: PR | E20: 94 | F20: 90 | G20: 81 | H20: 95 | I20: 102 | J20: 77 | K20: 74 | L20: 100 | M20: 79 | N20: 95 | O20: 74 | P20: 86 | Q20: 96 | R20: 74 | S20: 95 | T20: 102 | U20: 104 | V20: =SUM(E20:U20) -> 1518
D21: JML | E21: =SUM(E19:E20) -> 208 | F21: =SUM(F19:F20) -> 180 | G21: =SUM(G19:G20) -> 152 | H21: =SUM(H19:H20) -> 184 | I21: =SUM(I19:I20) -> 182 | J21: =SUM(J19:J20) -> 142 | K21: =SUM(K19:K20) -> 137 | L21: =SUM(L19:L20) -> 192 | ... U21: =SUM(U19:U20) -> 211 | V21: =SUM(E21:U21) -> 2931
B22: 2. | C22: Jumlah pengguna hak pilih dalam Daftar Pemilih Tambahan (DPTb) | D22: LK | T22: 0 | U22: 0 | V22: =SUM(E22:U22) -> 0
D23: PR | T23: 0 | U23: 1 | V23: =SUM(E23:U23) -> 1
D24: JML | E24: =SUM(E22:E23) -> 0 | F24: =SUM(F22:F23) -> 0 | G24: =SUM(G22:G23) -> 0 | H24: =SUM(H22:H23) -> 0 | I24: =SUM(I22:I23) -> 0 | J24: =SUM(J22:J23) -> 0 | K24: =SUM(K22:K23) -> 0 | L24: =SUM(L22:L23) -> 0 | ... U24: =SUM(U22:U23) -> 1 | V24: =SUM(E24:U24) -> 1
B25: 3. | C25: Jumlah pengguna hak pilih dalam Daftar Pemilih Khusus (DPK) | D25: LK | E25: 5 | F25: 6 | G25: 1 | H25: 0 | I25: 0 | J25: 1 | K25: 0 | L25: 1 | M25: 0 | N25: 4 | O25: 1 | P25: 2 | Q25: 3 | R25: 0 | S25: 3 | T25: 2 | U25: 0 | V25: =SUM(E25:U25) -> 29
D26: PR | E26: 3 | F26: 6 | G26: 2 | H26: 0 | I26: 0 | J26: 2 | K26: 0 | L26: 2 | M26: 0 | N26: 1 | O26: 1 | P26: 1 | Q26: 1 | R26: 1 | S26: 1 | T26: 3 | U26: 0 | V26: =SUM(E26:U26) -> 24
D27: JML | E27: =SUM(E25:E26) -> 8 | F27: =SUM(F25:F26) -> 12 | G27: =SUM(G25:G26) -> 3 | H27: =SUM(H25:H26) -> 0 | I27: =SUM(I25:I26) -> 0 | J27: =SUM(J25:J26) -> 3 | K27: =SUM(K25:K26) -> 0 | L27: =SUM(L25:L26) -> 3 | ... U27: =SUM(U25:U26) -> 0 | V27: =SUM(E27:U27) -> 53
B28: 4. | C28: Jumlah Pengguna Hak Pilih (B.1+B.2+B.3) | D28: LK | E28: =SUM(E19,E22,E25) -> 119 | F28: =SUM(F19,F22,F25) -> 96 | G28: =SUM(G19,G22,G25) -> 72 | H28: =SUM(H19,H22,H25) -> 89 | I28: =SUM(I19,I22,I25) -> 80 | J28: =SUM(J19,J22,J25) -> 66 | K28: =SUM(K19,K22,K25) -> 63 | L28: =SUM(L19,L22,L25) -> 93 | ... U28: =SUM(U19,U22,U25) -> 107 | V28: =SUM(E28:U28) -> 1442
D29: PR | E29: =SUM(E20,E23,E26) -> 97 | F29: =SUM(F20,F23,F26) -> 96 | G29: =SUM(G20,G23,G26) -> 83 | H29: =SUM(H20,H23,H26) -> 95 | I29: =SUM(I20,I23,I26) -> 102 | J29: =SUM(J20,J23,J26) -> 79 | K29: =SUM(K20,K23,K26) -> 74 | L29: =SUM(L20,L23,L26) -> 102 | ... U29: =SUM(U20,U23,U26) -> 105 | V29: =SUM(E29:U29) -> 1543
D30: JML | E30: =SUM(E28:E29) -> 216 | F30: =SUM(F28:F29) -> 192 | G30: =SUM(G28:G29) -> 155 | H30: =SUM(H28:H29) -> 184 | I30: =SUM(I28:I29) -> 182 | J30: =SUM(J28:J29) -> 145 | K30: =SUM(K28:K29) -> 137 | L30: =SUM(L28:L29) -> 195 | ... U30: =SUM(U28:U29) -> 212 | V30: =SUM(E30:U30) -> 2985
A32: II | B32: DATA PENGGUNAAN SURAT SUARA
A33: 1 | B33: Jumlah surat suara yang diterima, termasuk surat suara cadangan 2,5% dari DPT | E33: 256 | F33: 215 | G33: 291 | H33: 243 | I33: 220 | J33: 184 | K33: 173 | L33: 247 | M33: 198 | N33: 229 | O33: 190 | P33: 210 | Q33: 257 | R33: 169 | S33: 216 | T33: 209 | U33: 239 | V33: =SUM(E33:U33) -> 3746
A34: 2 | B34: Jumlah surat suara yang digunakan | E34: 216 | F34: 192 | G34: 155 | H34: 184 | I34: 182 | J34: 145 | K34: 137 | L34: 195 | M34: 161 | N34: 186 | O34: 157 | P34: 172 | Q34: 181 | R34: 141 | S34: 180 | T34: 189 | U34: 212 | V34: =SUM(E34:U34) -> 2985
A35: 3 | B35: Jumlah surat suara dikembalikan oleh pemilih (karena rusak atau keliru coblos) | E35: 0 | F35: 0 | G35: 0 | H35: 0 | I35: 2 | J35: 0 | K35: 0 | L35: 4 | M35: 2 | N35: 1 | O35: 0 | P35: 0 | Q35: 2 | R35: 0 | S35: 1 | T35: 0 | U35: 1 | V35: =SUM(E35:U35) -> 13
A36: 4 | B36: Jumlah surat suara yang tidak digunakan/tidak terpakai, termasuk sisa surat suara cadangan | E36: =E33-(E34+E35) -> 40 | F36: =F33-(F34+F35) -> 23 | G36: =G33-(G34+G35) -> 136 | H36: =H33-(H34+H35) -> 59 | I36: =I33-(I34+I35) -> 36 | J36: =J33-(J34+J35) -> 39 | K36: =K33-(K34+K35) -> 36 | L36: =L33-(L34+L35) -> 48 | ... U36: =U33-(U34+U35) -> 26 | V36: =SUM(E36:U36) -> 748
A38: III | B38: DATA PEMILIH DISABILITAS
B39: Jumlah seluruh Pemilih disabilitas yang menggunakan hak pilih | D39: LK | R39: 1 | V39: =SUM(E39:U39) -> 1
D40: PR | V40: =SUM(E40:U40) -> 0
D41: JML | E41: =SUM(E39:E40) -> 0 | F41: =SUM(F39:F40) -> 0 | G41: =SUM(G39:G40) -> 0 | H41: =SUM(H39:H40) -> 0 | I41: =SUM(I39:I40) -> 0 | J41: =SUM(J39:J40) -> 0 | K41: =SUM(K39:K40) -> 0 | L41: =SUM(L39:L40) -> 0 | ... U41: =SUM(U39:U40) -> 0 | V41: =SUM(E41:U41) -> 1
A43: IV | B43: DATA RINCIAN PEROLEHAN SUARA PASANGAN CALON BUPATI DAN WAKIL BUPATI
A44: NOMOR DAN NAMA CALON
A45: A.1 | B45: 1. | C45: Partai Kebangkitan Bangsa | E45: 7 | F45: 3 | G45: 8 | H45: 5 | I45: 7 | J45: 3 | K45: 6 | L45: 6 | M45: 3 | N45: 4 | O45: 3 | P45: 1 | Q45: 3 | R45: 6 | S45: 8 | T45: 6 | U45: 12 | V45: =SUM(E45:U45) -> 91
A46: A.2 | C46: 1. Dra. Hj. MA`MULAH HARUN, M.Pd.I. | E46: 17 | F46: 19 | G46: 12 | H46: 12 | I46: 25 | J46: 8 | K46: 17 | L46: 16 | M46: 3 | N46: 4 | O46: 7 | P46: 7 | Q46: 9 | R46: 7 | S46: 17 | T46: 18 | U46: 34 | V46: =SUM(E46:U46) -> 232
C47: 2. UBAIDILLAH, S.Fil.I. | E47: 4 | F47: 3 | G47: 2 | H47: 4 | I47: 7 | J47: 0 | K47: 1 | L47: 3 | M47: 0 | N47: 5 | O47: 3 | P47: 1 | Q47: 3 | R47: 3 | S47: 8 | T47: 5 | U47: 5 | V47: =SUM(E47:U47) -> 57
C48: 3. Ir. H. YOYOK MULYADI, M.Si. | E48: 0 | F48: 1 | G48: 1 | H48: 0 | I48: 0 | J48: 1 | K48: 0 | L48: 0 | M48: 0 | N48: 0 | O48: 0 | P48: 0 | Q48: 0 | R48: 1 | S48: 0 | T48: 2 | U48: 0 | V48: =SUM(E48:U48) -> 6
C49: 4. KHOIRUL ANWAR, S.Fil.I. | E49: 1 | F49: 1 | G49: 2 | H49: 2 | I49: 1 | J49: 0 | K49: 0 | L49: 1 | M49: 0 | N49: 1 | O49: 1 | P49: 2 | Q49: 2 | R49: 2 | S49: 5 | T49: 2 | U49: 18 | V49: =SUM(E49:U49) -> 41
C50: 5. ARIF WIJAKSANA | E50: 0 | F50: 2 | G50: 2 | H50: 2 | I50: 0 | J50: 0 | K50: 0 | L50: 0 | M50: 1 | N50: 0 | O50: 0 | P50: 0 | Q50: 0 | R50: 0 | S50: 0 | T50: 1 | U50: 0 | V50: =SUM(E50:U50) -> 8
C51: 6. Dr. SITI YUMNAH | E51: 0 | F51: 1 | G51: 0 | H51: 1 | I51: 0 | J51: 0 | K51: 0 | L51: 0 | M51: 0 | N51: 0 | O51: 0 | P51: 0 | Q51: 0 | R51: 0 | S51: 0 | T51: 1 | U51: 0 | V51: =SUM(E51:U51) -> 3
C52: 7. MOHAMMAD ZAINI, M.Pd.I. | E52: 0 | F52: 0 | G52: 0 | H52: 1 | I52: 0 | J52: 0 | K52: 0 | L52: 0 | M52: 0 | N52: 0 | O52: 1 | P52: 0 | Q52: 0 | R52: 0 | S52: 0 | T52: 0 | U52: 0 | V52: =SUM(E52:U52) -> 2
C53: 8. FAWAIDUL MAKKIYAH | E53: 1 | F53: 0 | G53: 0 | H53: 0 | I53: 0 | J53: 0 | K53: 0 | L53: 1 | M53: 0 | N53: 0 | O53: 0 | P53: 0 | Q53: 0 | R53: 0 | S53: 0 | T53: 0 | U53: 0 | V53: =SUM(E53:U53) -> 2
C54: 9. IFFAH HIDAYATUR ROHMAH, S.Sos. | E54: 1 | F54: 0 | G54: 0 | H54: 1 | I54: 0 | J54: 0 | K54: 0 | L54: 1 | M54: 0 | N54: 0 | O54: 0 | P54: 0 | Q54: 0 | R54: 0 | S54: 0 | T54: 0 | U54: 0 | V54: =SUM(E54:U54) -> 3
A55: B | B55: JUMLAH SUARA SAH PARTAI POLITIK DAN CALON (A1 + A2) | E55: =SUM(E45:E54) -> 31 | F55: =SUM(F45:F54) -> 30 | G55: =SUM(G45:G54) -> 27 | H55: =SUM(H45:H54) -> 28 | I55: =SUM(I45:I54) -> 40 | J55: =SUM(J45:J54) -> 12 | K55: =SUM(K45:K54) -> 24 | L55: =SUM(L45:L54) -> 28 | ... V55: =SUM(V45:V54) -> 445
A57: A.1 | B57: 2. | C57: Partai Gerakan Indonesia Raya | E57: 16 | F57: 17 | G57: 24 | H57: 13 | I57: 17 | J57: 3 | K57: 16 | L57: 4 | M57: 5 | N57: 9 | O57: 9 | P57: 12 | Q57: 13 | R57: 15 | S57: 7 | T57: 15 | U57: 7 | V57: =SUM(E57:U57) -> 202
A58: A.2 | C58: 1. AHMAD HADINUDDIN, S.Pd.I. | E58: 19 | F58: 10 | G58: 6 | H58: 10 | I58: 18 | J58: 6 | K58: 6 | L58: 19 | M58: 69 | N58: 5 | O58: 7 | P58: 3 | Q58: 4 | R58: 7 | S58: 4 | T58: 5 | U58: 9 | V58: =SUM(E58:U58) -> 207
C59: 2. BIMA RAFSANJANI RAFID | E59: 19 | F59: 12 | G59: 18 | H59: 9 | I59: 12 | J59: 4 | K59: 7 | L59: 37 | M59: 3 | N59: 21 | O59: 8 | P59: 13 | Q59: 33 | R59: 17 | S59: 12 | T59: 19 | U59: 14 | V59: =SUM(E59:U59) -> 258
C60: 3. IRA DAMAYANTI | E60: 5 | F60: 2 | G60: 1 | H60: 0 | I60: 2 | J60: 2 | K60: 2 | L60: 2 | M60: 5 | N60: 1 | O60: 5 | P60: 2 | Q60: 2 | R60: 1 | S60: 1 | T60: 1 | U60: 3 | V60: =SUM(E60:U60) -> 37
C61: 4. MAULANA MALIK IBRAHIM, S.H. | E61: 6 | F61: 2 | G61: 2 | H61: 0 | I61: 2 | J61: 19 | K61: 1 | L61: 5 | M61: 1 | N61: 2 | O61: 1 | P61: 4 | Q61: 3 | R61: 2 | S61: 1 | T61: 2 | U61: 1 | V61: =SUM(E61:U61) -> 54
C62: 5. LULUK ALFIATI | E62: 0 | F62: 4 | G62: 1 | H62: 0 | I62: 0 | J62: 2 | K62: 1 | L62: 1 | M62: 0 | N62: 1 | O62: 1 | P62: 2 | Q62: 0 | R62: 0 | S62: 0 | T62: 1 | U62: 1 | V62: =SUM(E62:U62) -> 15
C63: 6. ILHAM WAHYUDI, S.H. | E63: 0 | F63: 0 | G63: 0 | H63: 2 | I63: 0 | J63: 0 | K63: 0 | L63: 0 | M63: 0 | N63: 0 | O63: 1 | P63: 0 | Q63: 0 | R63: 0 | S63: 0 | T63: 1 | U63: 0 | V63: =SUM(E63:U63) -> 4
C64: 7. HAERUL ANWAR, S.Pd.I. | E64: 0 | F64: 1 | G64: 0 | H64: 1 | I64: 0 | J64: 1 | K64: 0 | L64: 1 | M64: 0 | N64: 1 | O64: 0 | P64: 0 | Q64: 0 | R64: 1 | S64: 0 | T64: 0 | U64: 0 | V64: =SUM(E64:U64) -> 6
C65: 8. YOVI ADHITYA WARDANI | E65: 1 | F65: 0 | G65: 0 | H65: 0 | I65: 0 | J65: 0 | K65: 0 | L65: 0 | M65: 0 | N65: 0 | O65: 0 | P65: 0 | Q65: 0 | R65: 0 | S65: 0 | T65: 0 | U65: 0 | V65: =SUM(E65:U65) -> 1
C66: 9. RITA AMELIA | E66: 0 | F66: 1 | G66: 0 | H66: 0 | I66: 0 | J66: 0 | K66: 0 | L66: 0 | M66: 0 | N66: 0 | O66: 0 | P66: 0 | Q66: 0 | R66: 0 | S66: 0 | T66: 0 | U66: 2 | V66: =SUM(E66:U66) -> 3
A67: B | B67: JUMLAH SUARA SAH PARTAI POLITIK DAN CALON (A1 + A2) | E67: =SUM(E57:E66) -> 66 | F67: =SUM(F57:F66) -> 49 | G67: =SUM(G57:G66) -> 52 | H67: =SUM(H57:H66) -> 35 | I67: =SUM(I57:I66) -> 51 | J67: =SUM(J57:J66) -> 37 | K67: =SUM(K57:K66) -> 33 | L67: =SUM(L57:L66) -> 69 | ... V67: =SUM(V57:V66) -> 787
A69: A.1 | B69: 3. | C69: Partai Demokrasi Indonesia Perjuangan | E69: 11 | F69: 10 | G69: 8 | H69: 18 | I69: 4 | J69: 4 | K69: 4 | L69: 13 | M69: 11 | N69: 17 | O69: 11 | P69: 11 | Q69: 14 | R69: 13 | S69: 5 | T69: 9 | U69: 5 | V69: =SUM(E69:U69) -> 168
A70: A.2 | C70: 1. MARTIN H., S.H., M.H. | E70: 10 | F70: 9 | G70: 0 | H70: 2 | I70: 3 | J70: 2 | K70: 2 | L70: 1 | M70: 1 | N70: 4 | O70: 4 | P70: 0 | Q70: 4 | R70: 0 | S70: 6 | T70: 3 | U70: 1 | V70: =SUM(E70:U70) -> 52
C71: 2. HERMANTO, S.E. | E71: 11 | F71: 5 | G71: 6 | H71: 3 | I71: 3 | J71: 1 | K71: 7 | L71: 11 | M71: 15 | N71: 8 | O71: 6 | P71: 7 | Q71: 16 | R71: 4 | S71: 0 | T71: 2 | U71: 2 | V71: =SUM(E71:U71) -> 107
C72: 3. EVY SUSILAWATI, S.E., M.M. | E72: 2 | F72: 6 | G72: 1 | H72: 1 | I72: 1 | J72: 1 | K72: 4 | L72: 6 | M72: 4 | N72: 5 | O72: 2 | P72: 2 | Q72: 6 | R72: 1 | S72: 4 | T72: 0 | U72: 0 | V72: =SUM(E72:U72) -> 46
C73: 4. M. SIROTTUDIN | E73: 3 | F73: 3 | G73: 3 | H73: 0 | I73: 7 | J73: 0 | K73: 0 | L73: 1 | M73: 4 | N73: 2 | O73: 0 | P73: 1 | Q73: 7 | R73: 3 | S73: 0 | T73: 4 | U73: 0 | V73: =SUM(E73:U73) -> 38
C74: 5. ABDUL HAFID, S.H. | E74: 2 | F74: 0 | G74: 0 | H74: 0 | I74: 0 | J74: 0 | K74: 2 | L74: 0 | M74: 1 | N74: 4 | O74: 1 | P74: 1 | Q74: 2 | R74: 0 | S74: 0 | T74: 0 | U74: 0 | V74: =SUM(E74:U74) -> 13
C75: 6. NIKITA FORTUNA SURYANINGATI, A.Md.Keb. | E75: 0 | F75: 0 | G75: 2 | H75: 0 | I75: 0 | J75: 0 | K75: 0 | L75: 0 | M75: 0 | N75: 0 | O75: 1 | P75: 0 | Q75: 3 | R75: 0 | S75: 0 | T75: 1 | U75: 0 | V75: =SUM(E75:U75) -> 7
C76: 7. YUDHO ILHAM WIJAYA, S.E. | E76: 0 | F76: 0 | G76: 0 | H76: 0 | I76: 0 | J76: 0 | K76: 0 | L76: 1 | M76: 0 | N76: 2 | O76: 0 | P76: 0 | Q76: 0 | R76: 0 | S76: 0 | T76: 0 | U76: 0 | V76: =SUM(E76:U76) -> 3
C77: 8. SETIAWATI, S.H. | E77: 2 | F77: 1 | G77: 0 | H77: 2 | I77: 1 | J77: 0 | K77: 2 | L77: 0 | M77: 0 | N77: 1 | O77: 0 | P77: 1 | Q77: 0 | R77: 0 | S77: 0 | T77: 0 | U77: 0 | V77: =SUM(E77:U77) -> 10
C78: 9. EKO BUDI SANTOSO, S.H. | E78: 0 | F78: 0 | G78: 0 | H78: 0 | I78: 0 | J78: 0 | K78: 3 | L78: 0 | M78: 0 | N78: 0 | O78: 2 | P78: 0 | Q78: 0 | R78: 0 | S78: 0 | T78: 1 | U78: 0 | V78: =SUM(E78:U78) -> 6
A79: B | B79: JUMLAH SUARA SAH PARTAI POLITIK DAN CALON (A1 + A2) | E79: =SUM(E69:E78) -> 41 | F79: =SUM(F69:F78) -> 34 | G79: =SUM(G69:G78) -> 20 | H79: =SUM(H69:H78) -> 26 | I79: =SUM(I69:I78) -> 19 | J79: =SUM(J69:J78) -> 8 | K79: =SUM(K69:K78) -> 24 | L79: =SUM(L69:L78) -> 33 | ... V79: =SUM(V69:V78) -> 450
A81: A.1 | B81: 4. | C81: Partai Golongan Karya | E81: 2 | F81: 3 | G81: 3 | H81: 10 | I81: 1 | J81: 11 | K81: 4 | L81: 2 | M81: 1 | N81: 8 | O81: 7 | P81: 6 | Q81: 2 | R81: 5 | S81: 3 | T81: 5 | U81: 6 | V81: =SUM(E81:U81) -> 79
A82: A.2 | C82: 1. PRANAYA YUDHA MAHARDHIKA | E82: 4 | F82: 2 | G82: 4 | H82: 5 | I82: 6 | J82: 11 | K82: 6 | L82: 7 | M82: 6 | N82: 3 | O82: 5 | P82: 2 | Q82: 5 | R82: 5 | S82: 6 | T82: 3 | U82: 9 | V82: =SUM(E82:U82) -> 89
C83: 2. Dra. Ec. ENDANG SULASTUTY, M.I.P. | E83: 4 | F83: 0 | G83: 1 | H83: 2 | I83: 1 | J83: 4 | K83: 2 | L83: 1 | M83: 0 | N83: 4 | O83: 3 | P83: 2 | Q83: 1 | R83: 3 | S83: 3 | T83: 0 | U83: 2 | V83: =SUM(E83:U83) -> 33
C84: 3. AGUS REJEKI WARTONO | E84: 2 | F84: 1 | G84: 1 | H84: 1 | I84: 0 | J84: 0 | K84: 1 | L84: 1 | M84: 1 | N84: 1 | O84: 1 | P84: 0 | Q84: 2 | R84: 0 | S84: 0 | T84: 0 | U84: 1 | V84: =SUM(E84:U84) -> 13
C85: 4. Hj. TUTUK ASMA'A ZUCHROH, S.T., M.T. | E85: 0 | F85: 0 | G85: 0 | H85: 1 | I85: 1 | J85: 7 | K85: 1 | L85: 0 | M85: 0 | N85: 0 | O85: 1 | P85: 3 | Q85: 0 | R85: 1 | S85: 1 | T85: 0 | U85: 2 | V85: =SUM(E85:U85) -> 18
C86: 5. ADE M. RIZKI, S.E. | E86: 1 | F86: 1 | G86: 1 | H86: 4 | I86: 3 | J86: 12 | K86: 2 | L86: 1 | M86: 2 | N86: 9 | O86: 10 | P86: 4 | Q86: 8 | R86: 0 | S86: 2 | T86: 1 | U86: 0 | V86: =SUM(E86:U86) -> 61
C87: 6. ABDURAKHMAN, Bc.Kn. | E87: 0 | F87: 0 | G87: 0 | H87: 0 | I87: 0 | J87: 0 | K87: 0 | L87: 0 | M87: 0 | N87: 0 | O87: 0 | P87: 0 | Q87: 0 | R87: 0 | S87: 0 | T87: 0 | U87: 0 | V87: =SUM(E87:U87) -> 0
C88: 7. CENDY RHIYAN ADI PUTRI | E88: 0 | F88: 0 | G88: 0 | H88: 1 | I88: 1 | J88: 1 | K88: 0 | L88: 0 | M88: 0 | N88: 0 | O88: 0 | P88: 0 | Q88: 0 | R88: 0 | S88: 0 | T88: 0 | U88: 0 | V88: =SUM(E88:U88) -> 3
C89: 8. BAKTI WIJAYANTO, S.E. | E89: 0 | F89: 0 | G89: 0 | H89: 0 | I89: 0 | J89: 0 | K89: 0 | L89: 0 | M89: 0 | N89: 0 | O89: 0 | P89: 0 | Q89: 0 | R89: 0 | S89: 0 | T89: 0 | U89: 0 | V89: =SUM(E89:U89) -> 0
C90: 9. AHMAD UBAIDILLAH | E90: 0 | F90: 0 | G90: 0 | H90: 0 | I90: 0 | J90: 0 | K90: 1 | L90: 0 | M90: 0 | N90: 3 | O90: 0 | P90: 0 | Q90: 0 | R90: 0 | S90: 0 | T90: 0 | U90: 0 | V90: =SUM(E90:U90) -> 4
A91: B | B91: JUMLAH SUARA SAH PARTAI POLITIK DAN CALON (A1 + A2) | E91: =SUM(E81:E90) -> 13 | F91: =SUM(F81:F90) -> 7 | G91: =SUM(G81:G90) -> 10 | H91: =SUM(H81:H90) -> 24 | I91: =SUM(I81:I90) -> 13 | J91: =SUM(J81:J90) -> 46 | K91: =SUM(K81:K90) -> 17 | L91: =SUM(L81:L90) -> 12 | ... V91: =SUM(V81:V90) -> 300
A93: A.1 | B93: 5. | C93: Partai NasDem | E93: 0 | F93: 1 | G93: 0 | H93: 3 | I93: 1 | J93: 1 | K93: 0 | L93: 0 | M93: 1 | N93: 3 | O93: 1 | P93: 1 | Q93: 0 | R93: 0 | S93: 0 | T93: 0 | U93: 0 | V93: =SUM(E93:U93) -> 12
A94: A.2 | C94: 1. ALI MUSTOFA, A.Md. | E94: 2 | F94: 1 | G94: 0 | H94: 0 | I94: 0 | J94: 0 | K94: 0 | L94: 0 | M94: 1 | N94: 1 | O94: 1 | P94: 2 | Q94: 0 | R94: 0 | S94: 0 | T94: 0 | U94: 0 | V94: =SUM(E94:U94) -> 8
C95: 2. Hj. BUAMI, S.H. | E95: 4 | F95: 0 | G95: 0 | H95: 0 | I95: 1 | J95: 0 | K95: 0 | L95: 0 | M95: 0 | N95: 1 | O95: 0 | P95: 0 | Q95: 1 | R95: 0 | S95: 0 | T95: 0 | U95: 0 | V95: =SUM(E95:U95) -> 7
C96: 3. SUGIONO, S.H. | E96: 0 | F96: 0 | G96: 0 | H96: 1 | I96: 0 | J96: 0 | K96: 0 | L96: 0 | M96: 0 | N96: 1 | O96: 0 | P96: 0 | Q96: 0 | R96: 0 | S96: 0 | T96: 0 | U96: 0 | V96: =SUM(E96:U96) -> 2
C97: 4. LULUK SUNARMIATININGSIH | E97: 0 | F97: 0 | G97: 0 | H97: 1 | I97: 0 | J97: 0 | K97: 0 | L97: 0 | M97: 1 | N97: 0 | O97: 0 | P97: 0 | Q97: 0 | R97: 0 | S97: 0 | T97: 0 | U97: 0 | V97: =SUM(E97:U97) -> 2
C98: 5. ANTON DJULIANTO ADI | E98: 0 | F98: 0 | G98: 1 | H98: 0 | I98: 0 | J98: 0 | K98: 0 | L98: 0 | M98: 0 | N98: 0 | O98: 0 | P98: 0 | Q98: 0 | R98: 0 | S98: 0 | T98: 1 | U98: 0 | V98: =SUM(E98:U98) -> 2
C99: 6. MOKHAMAD ROFI'I KHUSNAN | E99: 0 | F99: 1 | G99: 0 | H99: 0 | I99: 0 | J99: 0 | K99: 0 | L99: 0 | M99: 0 | N99: 0 | O99: 0 | P99: 0 | Q99: 0 | R99: 0 | S99: 0 | T99: 0 | U99: 0 | V99: =SUM(E99:U99) -> 1
C100: 7. Rr SETYO WATI | E100: 0 | F100: 0 | G100: 0 | H100: 0 | I100: 0 | J100: 0 | K100: 0 | L100: 0 | M100: 0 | N100: 0 | O100: 0 | P100: 0 | Q100: 0 | R100: 0 | S100: 0 | T100: 0 | U100: 0 | V100: =SUM(E100:U100) -> 0
C101: 8. ABD. KADIR ASSEGAFF | E101: 0 | F101: 0 | G101: 0 | H101: 0 | I101: 0 | J101: 0 | K101: 0 | L101: 0 | M101: 0 | N101: 0 | O101: 0 | P101: 0 | Q101: 0 | R101: 0 | S101: 0 | T101: 0 | U101: 0 | V101: =SUM(E101:U101) -> 0
C102: 9. FATHOR ZAINULLAH | E102: 0 | F102: 0 | G102: 0 | H102: 0 | I102: 0 | J102: 0 | K102: 0 | L102: 0 | M102: 0 | N102: 0 | O102: 0 | P102: 0 | Q102: 0 | R102: 0 | S102: 0 | T102: 0 | U102: 0 | V102: =SUM(E102:U102) -> 0
A103: B | B103: JUMLAH SUARA SAH PARTAI POLITIK DAN CALON (A1 + A2) | E103: =SUM(E93:E102) -> 6 | F103: =SUM(F93:F102) -> 3 | G103: =SUM(G93:G102) -> 1 | H103: =SUM(H93:H102) -> 5 | I103: =SUM(I93:I102) -> 2 | J103: =SUM(J93:J102) -> 1 | K103: =SUM(K93:K102) -> 0 | L103: =SUM(L93:L102) -> 0 | ... V103: =SUM(V93:V102) -> 34
A105: A.1 | B105: 6. | C105: Partai Buruh | E105: 0 | F105: 1 | G105: 1 | H105: 1 | I105: 1 | J105: 0 | K105: 0 | L105: 0 | M105: 0 | N105: 0 | O105: 1 | P105: 0 | Q105: 0 | R105: 0 | S105: 1 | T105: 0 | U105: 0 | V105: =SUM(E105:U105) -> 6
A106: A.2 | C106: 1. AGUS SUPRIYADI | E106: 1 | F106: 0 | G106: 0 | H106: 0 | I106: 0 | J106: 0 | K106: 0 | L106: 1 | M106: 0 | N106: 0 | O106: 0 | P106: 0 | Q106: 0 | R106: 0 | S106: 0 | T106: 1 | U106: 1 | V106: =SUM(E106:U106) -> 4
C107: 2. ENI HARIATI | E107: 0 | F107: 1 | G107: 0 | H107: 0 | I107: 0 | J107: 1 | K107: 0 | L107: 0 | M107: 1 | N107: 0 | O107: 1 | P107: 0 | Q107: 0 | R107: 1 | S107: 0 | T107: 3 | U107: 0 | V107: =SUM(E107:U107) -> 8
V108: =SUM(E108:U108) -> 0
V109: =SUM(E109:U109) -> 0
V110: =SUM(E110:U110) -> 0
V111: =SUM(E111:U111) -> 0
V112: =SUM(E112:U112) -> 0
V113: =SUM(E113:U113) -> 0
V114: =SUM(E114:U114) -> 0
A115: B | B115: JUMLAH SUARA SAH PARTAI POLITIK DAN CALON (A1 + A2) | E115: =SUM(E105:E114) -> 1 | F115: =SUM(F105:F114) -> 2 | G115: =SUM(G105:G114) -> 1 | H115: =SUM(H105:H114) -> 1 | I115: =SUM(I105:I114) -> 1 | J115: =SUM(J105:J114) -> 1 | K115: =SUM(K105:K114) -> 0 | L115: =SUM(L105:L114) -> 1 | ... V115: =SUM(V105:V114) -> 18
A117: A.1 | B117: 7. | C117: Partai Gelombang Rakyat Indonesia | E117: 0 | F117: 0 | G117: 0 | H117: 0 | I117: 0 | J117: 0 | K117: 0 | L117: 0 | M117: 0 | N117: 0 | O117: 0 | P117: 0 | Q117: 1 | R117: 0 | S117: 1 | U117: 0 | V117: =SUM(E117:U117) -> 2
...

Sheet BENELAN KIDUL
C2: Kecamatan | D2: SINGOJURUH
C3: Kabupaten | D3: BANYUWANGI
C4: Provinsi | D4: JAWA TIMUR
C9: Kelurahan | D9: BENELAN KIDUL
A12: I | B12: DATA PEMILIH DAN PENGGUNAAN HAK PILIH | S12: JUMLAH AKHIR
A13: A | B13: DATA PEMILIH | E13: TPS 001 | F13: TPS 002 | G13: TPS 003 | H13: TPS 004 | I13: TPS 005 | J13: TPS 006 | K13: TPS 007 | L13: TPS 008 | M13: TPS 009 | N13: TPS 010 | O13: TPS 011 | P13: TPS 012 | Q13: TPS 013 | R13: TPS 014
B14: Jumlah Pemilih dalam Daftar Pemilih Tetap (DPT) | D14: LK | E14: 138 | F14: 130 | G14: 130 | H14: 146 | I14: 139 | J14: 137 | K14: 149 | L14: 133 | M14: 123 | N14: 136 | O14: 128 | P14: 107 | Q14: 127 | R14: 117 | S14: =SUM(E14:R14) -> 1840
D15: PR | E15: 126 | F15: 119 | G15: 135 | H15: 133 | I15: 129 | J15: 144 | K15: 133 | L15: 134 | M15: 115 | N15: 125 | O15: 139 | P15: 101 | Q15: 123 | R15: 112 | S15: =SUM(E15:R15) -> 1768
D16: JML | E16: =SUM(E14:E15) -> 264 | F16: =SUM(F14:F15) -> 249 | G16: =SUM(G14:G15) -> 265 | H16: =SUM(H14:H15) -> 279 | I16: =SUM(I14:I15) -> 268 | J16: =SUM(J14:J15) -> 281 | K16: =SUM(K14:K15) -> 282 | L16: =SUM(L14:L15) -> 267 | ... R16: =SUM(R14:R15) -> 229 | S16: =SUM(E16:R16) -> 3608
A18: B | B18: PENGGUNA HAK PILIH
B19: 1. | C19: Jumlah pengguna hak pilih dalam Daftar Pemilih Tetap (DPT) | D19: LK | E19: 111 | F19: 107 | G19: 102 | H19: 112 | I19: 110 | J19: 105 | K19: 117 | L19: 102 | M19: 86 | N19: 101 | O19: 93 | P19: 82 | Q19: 97 | R19: 96 | S19: =SUM(E19:R19) -> 1421
D20: PR | E20: 108 | F20: 99 | G20: 113 | H20: 114 | I20: 106 | J20: 117 | K20: 115 | L20: 108 | M20: 93 | N20: 83 | O20: 108 | P20: 78 | Q20: 107 | R20: 98 | S20: =SUM(E20:R20) -> 1447
D21: JML | E21: =SUM(E19:E20) -> 219 | F21: =SUM(F19:F20) -> 206 | G21: =SUM(G19:G20) -> 215 | H21: =SUM(H19:H20) -> 226 | I21: =SUM(I19:I20) -> 216 | J21: =SUM(J19:J20) -> 222 | K21: =SUM(K19:K20) -> 232 | L21: =SUM(L19:L20) -> 210 | ... R21: =SUM(R19:R20) -> 194 | S21: =SUM(E21:R21) -> 2868
B22: 2. | C22: Jumlah pengguna hak pilih dalam Daftar Pemilih Tambahan (DPTb) | D22: LK | E22: 0 | F22: 1 | G22: 0 | H22: 2 | I22: 1 | J22: 0 | K22: 0 | L22: 0 | M22: 1 | N22: 0 | O22: 0 | P22: 0 | Q22: 0 | R22: 0 | S22: =SUM(E22:R22) -> 5
D23: PR | E23: 0 | F23: 1 | G23: 0 | H23: 1 | I23: 2 | J23: 0 | K23: 0 | L23: 0 | M23: 1 | N23: 0 | O23: 0 | P23: 0 | Q23: 0 | R23: 0 | S23: =SUM(E23:R23) -> 5
D24: JML | E24: =SUM(E22:E23) -> 0 | F24: =SUM(F22:F23) -> 2 | G24: =SUM(G22:G23) -> 0 | H24: =SUM(H22:H23) -> 3 | I24: =SUM(I22:I23) -> 3 | J24: =SUM(J22:J23) -> 0 | K24: =SUM(K22:K23) -> 0 | L24: =SUM(L22:L23) -> 0 | ... R24: =SUM(R22:R23) -> 0 | S24: =SUM(E24:R24) -> 10
B25: 3. | C25: Jumlah pengguna hak pilih dalam Daftar Pemilih Khusus (DPK) | D25: LK | F25: 4 | G25: 1 | H25: 0 | I25: 0 | J25: 0 | K25: 0 | L25: 0 | M25: 2 | N25: 0 | O25: 3 | P25: 0 | Q25: 0 | R25: 0 | S25: =SUM(E25:R25) -> 10
D26: PR | E26: 0 | F26: 6 | G26: 1 | H26: 0 | I26: 0 | J26: 2 | K26: 0 | L26: 0 | M26: 3 | N26: 0 | O26: 2 | P26: 0 | Q26: 0 | R26: 0 | S26: =SUM(E26:R26) -> 14
D27: JML | E27: =SUM(E25:E26) -> 0 | F27: =SUM(F25:F26) -> 10 | G27: =SUM(G25:G26) -> 2 | H27: =SUM(H25:H26) -> 0 | I27: =SUM(I25:I26) -> 0 | J27: =SUM(J25:J26) -> 2 | K27: =SUM(K25:K26) -> 0 | L27: =SUM(L25:L26) -> 0 | ... R27: =SUM(R25:R26) -> 0 | S27: =SUM(E27:R27) -> 24
B28: 4. | C28: Jumlah Pengguna Hak Pilih (B.1+B.2+B.3) | D28: LK | E28: =SUM(E19,E22,E25) -> 111 | F28: =SUM(F19,F22,F25) -> 112 | G28: =SUM(G19,G22,G25) -> 103 | H28: =SUM(H19,H22,H25) -> 114 | I28: =SUM(I19,I22,I25) -> 111 | J28: =SUM(J19,J22,J25) -> 105 | K28: =SUM(K19,K22,K25) -> 117 | L28: =SUM(L19,L22,L25) -> 102 | ... R28: =SUM(R19,R22,R25) -> 96 | S28: =SUM(E28:R28) -> 1436
D29: PR | E29: =SUM(E20,E23,E26) -> 108 | F29: =SUM(F20,F23,F26) -> 106 | G29: =SUM(G20,G23,G26) -> 114 | H29: =SUM(H20,H23,H26) -> 115 | I29: =SUM(I20,I23,I26) -> 108 | J29: =SUM(J20,J23,J26) -> 119 | K29: =SUM(K20,K23,K26) -> 115 | L29: =SUM(L20,L23,L26) -> 108 | ... R29: =SUM(R20,R23,R26) -> 98 | S29: =SUM(E29:R29) -> 1466
D30: JML | E30: =SUM(E28:E29) -> 219 | F30: =SUM(F28:F29) -> 218 | G30: =SUM(G28:G29) -> 217 | H30: =SUM(H28:H29) -> 229 | I30: =SUM(I28:I29) -> 219 | J30: =SUM(J28:J29) -> 224 | K30: =SUM(K28:K29) -> 232 | L30: =SUM(L28:L29) -> 210 | ... R30: =SUM(R28:R29) -> 194 | S30: =SUM(E30:R30) -> 2902
A32: II | B32: DATA PENGGUNAAN SURAT SUARA
A33: 1 | B33: Jumlah surat suara yang diterima, termasuk surat suara cadangan 2,5% dari DPT | E33: 267 | F33: 253 | G33: 271 | H33: 282 | I33: 273 | J33: 287 | K33: 285 | L33: 270 | M33: 240 | N33: 264 | O33: 271 | P33: 210 | Q33: 253 | R33: 231 | S33: =SUM(E33:R33) -> 3657
A34: 2 | B34: Jumlah surat suara yang digunakan | E34: 219 | F34: 218 | G34: 217 | H34: 229 | I34: 219 | J34: 224 | K34: 232 | L34: 210 | M34: 186 | N34: 184 | O34: 206 | P34: 160 | Q34: 204 | R34: 194 | S34: =SUM(E34:R34) -> 2902
A35: 3 | B35: Jumlah surat suara dikembalikan oleh pemilih (karena rusak atau keliru coblos) | E35: 0 | F35: 0 | G35: 4 | H35: 1 | I35: 2 | J35: 0 | K35: 2 | L35: 0 | M35: 0 | N35: 0 | O35: 1 | P35: 0 | Q35: 0 | R35: 0 | S35: =SUM(E35:R35) -> 10
A36: 4 | B36: Jumlah surat suara yang tidak digunakan/tidak terpakai, termasuk sisa surat suara cadangan | E36: =E33-(E34+E35) -> 48 | F36: =F33-(F34+F35) -> 35 | G36: =G33-(G34+G35) -> 50 | H36: =H33-(H34+H35) -> 52 | I36: =I33-(I34+I35) -> 52 | J36: =J33-(J34+J35) -> 63 | K36: =K33-(K34+K35) -> 51 | L36: =L33-(L34+L35) -> 60 | ... R36: =R33-(R34+R35) -> 37 | S36: =SUM(E36:R36) -> 745
A38: III | B38: DATA PEMILIH DISABILITAS
B39: Jumlah seluruh Pemilih disabilitas yang menggunakan hak pilih | D39: LK | E39: 0 | F39: 1 | G39: 0 | H39: 2 | I39: 0 | J39: 0 | K39: 0 | L39: 0 | M39: 0 | N39: 2 | O39: 0 | P39: 0 | Q39: 0 | R39: 0 | S39: =SUM(E39:R39) -> 5
D40: PR | E40: 0 | F40: 3 | G40: 0 | H40: 4 | I40: 0 | J40: 4 | K40: 0 | L40: 0 | M40: 0 | N40: 2 | O40: 0 | P40: 0 | Q40: 0 | R40: 0 | S40: =SUM(E40:R40) -> 13
D41: JML | E41: =SUM(E39:E40) -> 0 | F41: =SUM(F39:F40) -> 4 | G41: =SUM(G39:G40) -> 0 | H41: =SUM(H39:H40) -> 6 | I41: =SUM(I39:I40) -> 0 | J41: =SUM(J39:J40) -> 4 | K41: =SUM(K39:K40) -> 0 | L41: =SUM(L39:L40) -> 0 | ... R41: =SUM(R39:R40) -> 0 | S41: =SUM(E41:R41) -> 18
A43: IV | B43: DATA RINCIAN PEROLEHAN SUARA PASANGAN CALON BUPATI DAN WAKIL BUPATI
A44: NOMOR DAN NAMA CALON
A45: A.1 | B45: 1. | C45: Partai Kebangkitan Bangsa | E45: 6 | F45: 17 | G45: 7 | H45: 0 | I45: 6 | J45: 12 | K45: 11 | L45: 17 | M45: 14 | N45: 12 | O45: 4 | P45: 2 | Q45: 9 | R45: 7 | S45: =SUM(E45:R45) -> 124
A46: A.2 | C46: 1. Dra. Hj. MA`MULAH HARUN, M.Pd.I. | E46: 16 | F46: 36 | G46: 15 | H46: 8 | I46: 6 | J46: 24 | K46: 23 | L46: 12 | M46: 29 | N46: 11 | O46: 13 | P46: 5 | Q46: 14 | R46: 3 | S46: =SUM(E46:R46) -> 215
C47: 2. UBAIDILLAH, S.Fil.I. | E47: 0 | F47: 1 | G47: 1 | H47: 2 | I47: 4 | J47: 7 | K47: 8 | L47: 6 | M47: 3 | N47: 11 | O47: 3 | P47: 4 | Q47: 4 | R47: 5 | S47: =SUM(E47:R47) -> 59
C48: 3. Ir. H. YOYOK MULYADI, M.Si. | E48: 0 | F48: 0 | G48: 0 | H48: 0 | I48: 2 | J48: 3 | K48: 4 | L48: 1 | M48: 2 | N48: 2 | O48: 1 | P48: 2 | Q48: 1 | R48: 2 | S48: =SUM(E48:R48) -> 20
C49: 4. KHOIRUL ANWAR, S.Fil.I. | E49: 0 | F49: 0 | G49: 1 | H49: 0 | I49: 0 | J49: 1 | K49: 1 | L49: 1 | M49: 0 | N49: 1 | O49: 0 | P49: 1 | Q49: 0 | R49: 0 | S49: =SUM(E49:R49) -> 6
C50: 5. ARIF WIJAKSANA | E50: 1 | F50: 0 | G50: 0 | H50: 0 | I50: 2 | J50: 2 | K50: 1 | L50: 0 | M50: 0 | N50: 1 | O50: 0 | P50: 1 | Q50: 0 | R50: 0 | S50: =SUM(E50:R50) -> 8
C51: 6. Dr. SITI YUMNAH | E51: 0 | F51: 3 | G51: 0 | H51: 0 | I51: 0 | J51: 1 | K51: 2 | L51: 1 | M51: 0 | N51: 0 | O51: 0 | P51: 1 | Q51: 1 | R51: 0 | S51: =SUM(E51:R51) -> 9
C52: 7. MOHAMMAD ZAINI, M.Pd.I. | E52: 0 | F52: 0 | G52: 0 | H52: 0 | I52: 0 | J52: 0 | K52: 1 | L52: 0 | M52: 0 | N52: 0 | O52: 1 | P52: 1 | Q52: 0 | R52: 1 | S52: =SUM(E52:R52) -> 4
C53: 8. FAWAIDUL MAKKIYAH | E53: 0 | F53: 0 | G53: 0 | H53: 0 | I53: 0 | J53: 0 | K53: 0 | L53: 1 | M53: 0 | N53: 0 | O53: 0 | P53: 1 | Q53: 0 | R53: 0 | S53: =SUM(E53:R53) -> 2
C54: 9. IFFAH HIDAYATUR ROHMAH, S.Sos. | E54: 0 | F54: 0 | G54: 1 | H54: 0 | I54: 0 | J54: 0 | K54: 0 | L54: 0 | M54: 1 | N54: 0 | O54: 0 | P54: 0 | Q54: 1 | R54: 0 | S54: =SUM(E54:R54) -> 3
A55: B | B55: JUMLAH SUARA SAH PARTAI POLITIK DAN CALON (A1 + A2) | E55: =SUM(E45:E54) -> 23 | F55: =SUM(F45:F54) -> 57 | G55: =SUM(G45:G54) -> 25 | H55: =SUM(H45:H54) -> 10 | I55: =SUM(I45:I54) -> 20 | J55: =SUM(J45:J54) -> 50 | K55: =SUM(K45:K54) -> 51 | L55: =SUM(L45:L54) -> 39 | ... S55: =SUM(S45:S54) -> 450
A57: A.1 | B57: 2. | C57: Partai Gerakan Indonesia Raya | E57: 7 | F57: 13 | G57: 8 | H57: 7 | I57: 16 | J57: 22 | K57: 12 | L57: 10 | M57: 8 | N57: 28 | O57: 14 | P57: 9 | Q57: 9 | R57: 9 | S57: =SUM(E57:R57) -> 172
A58: A.2 | C58: 1. AHMAD HADINUDDIN, S.Pd.I. | E58: 11 | F58: 20 | G58: 16 | H58: 14 | I58: 11 | J58: 18 | K58: 38 | L58: 13 | M58: 10 | N58: 6 | O58: 7 | P58: 10 | Q58: 7 | R58: 5 | S58: =SUM(E58:R58) -> 186
C59: 2. BIMA RAFSANJANI RAFID | E59: 6 | F59: 6 | G59: 9 | H59: 16 | I59: 14 | J59: 15 | K59: 11 | L59: 15 | M59: 16 | N59: 13 | O59: 18 | P59: 11 | Q59: 12 | R59: 9 | S59: =SUM(E59:R59) -> 171
C60: 3. IRA DAMAYANTI | E60: 2 | F60: 5 | G60: 0 | H60: 5 | I60: 6 | J60: 1 | K60: 2 | L60: 3 | M60: 2 | N60: 0 | O60: 1 | P60: 3 | Q60: 1 | R60: 5 | S60: =SUM(E60:R60) -> 36
C61: 4. MAULANA MALIK IBRAHIM, S.H. | E61: 3 | F61: 2 | G61: 3 | H61: 29 | I61: 10 | J61: 10 | K61: 4 | L61: 10 | M61: 11 | N61: 0 | O61: 13 | P61: 4 | Q61: 9 | R61: 3 | S61: =SUM(E61:R61) -> 111
C62: 5. LULUK ALFIATI | E62: 0 | F62: 1 | G62: 0 | H62: 2 | I62: 0 | J62: 3 | K62: 2 | L62: 3 | M62: 0 | N62: 2 | O62: 0 | P62: 0 | Q62: 0 | R62: 0 | S62: =SUM(E62:R62) -> 13
C63: 6. ILHAM WAHYUDI, S.H. | E63: 0 | F63: 1 | G63: 1 | H63: 0 | I63: 0 | J63: 0 | K63: 1 | L63: 0 | M63: 0 | N63: 0 | O63: 2 | P63: 1 | Q63: 0 | R63: 0 | S63: =SUM(E63:R63) -> 6
C64: 7. HAERUL ANWAR, S.Pd.I. | E64: 0 | F64: 0 | G64: 0 | H64: 0 | I64: 1 | J64: 0 | K64: 0 | L64: 0 | M64: 1 | N64: 0 | O64: 0 | P64: 0 | Q64: 0 | R64: 0 | S64: =SUM(E64:R64) -> 2
C65: 8. YOVI ADHITYA WARDANI | E65: 0 | F65: 0 | G65: 0 | H65: 1 | I65: 0 | J65: 0 | K65: 0 | L65: 0 | M65: 0 | N65: 1 | O65: 1 | P65: 0 | Q65: 0 | R65: 0 | S65: =SUM(E65:R65) -> 3
C66: 9. RITA AMELIA | E66: 1 | F66: 0 | G66: 0 | H66: 2 | I66: 1 | J66: 0 | K66: 1 | L66: 0 | M66: 0 | N66: 0 | O66: 1 | P66: 0 | Q66: 0 | R66: 0 | S66: =SUM(E66:R66) -> 6
A67: B | B67: JUMLAH SUARA SAH PARTAI POLITIK DAN CALON (A1 + A2) | E67: =SUM(E57:E66) -> 30 | F67: =SUM(F57:F66) -> 48 | G67: =SUM(G57:G66) -> 37 | H67: =SUM(H57:H66) -> 76 | I67: =SUM(I57:I66) -> 59 | J67: =SUM(J57:J66) -> 69 | K67: =SUM(K57:K66) -> 71 | L67: =SUM(L57:L66) -> 54 | ... S67: =SUM(S57:S66) -> 706
A69: A.1 | B69: 3. | C69: Partai Demokrasi Indonesia Perjuangan | E69: 23 | F69: 16 | G69: 27 | H69: 13 | I69: 17 | J69: 13 | K69: 7 | L69: 7 | M69: 1 | N69: 14 | O69: 9 | P69: 11 | Q69: 8 | R69: 14 | S69: =SUM(E69:R69) -> 180
A70: A.2 | C70: 1. MARTIN H., S.H., M.H. | E70: 15 | F70: 6 | G70: 18 | H70: 4 | I70: 5 | J70: 8 | K70: 4 | L70: 1 | M70: 6 | N70: 6 | O70: 6 | P70: 2 | Q70: 8 | R70: 1 | S70: =SUM(E70:R70) -> 90
C71: 2. HERMANTO, S.E. | E71: 28 | F71: 21 | G71: 11 | H71: 14 | I71: 13 | J71: 15 | K71: 2 | L71: 4 | M71: 3 | N71: 3 | O71: 13 | P71: 7 | Q71: 11 | R71: 12 | S71: =SUM(E71:R71) -> 157
C72: 3. EVY SUSILAWATI, S.E., M.M. | E72: 9 | F72: 8 | G72: 8 | H72: 12 | I72: 6 | J72: 3 | K72: 8 | L72: 7 | M72: 4 | N72: 2 | O72: 8 | P72: 5 | Q72: 9 | R72: 4 | S72: =SUM(E72:R72) -> 93
C73: 4. M. SIROTTUDIN | E73: 10 | F73: 3 | G73: 3 | H73: 10 | I73: 14 | J73: 5 | K73: 0 | L73: 0 | M73: 1 | N73: 0 | O73: 7 | P73: 14 | Q73: 1 | R73: 5 | S73: =SUM(E73:R73) -> 73
C74: 5. ABDUL HAFID, S.H. | E74: 1 | F74: 1 | G74: 0 | H74: 1 | I74: 2 | J74: 1 | K74: 2 | L74: 2 | M74: 0 | N74: 0 | O74: 2 | P74: 1 | Q74: 3 | R74: 1 | S74: =SUM(E74:R74) -> 17
C75: 6. NIKITA FORTUNA SURYANINGATI, A.Md.Keb. | E75: 1 | F75: 1 | G75: 2 | H75: 2 | I75: 1 | J75: 1 | K75: 0 | L75: 0 | M75: 0 | N75: 2 | O75: 1 | P75: 0 | Q75: 0 | R75: 1 | S75: =SUM(E75:R75) -> 12
C76: 7. YUDHO ILHAM WIJAYA, S.E. | E76: 3 | F76: 1 | G76: 1 | H76: 3 | I76: 2 | J76: 1 | K76: 0 | L76: 1 | M76: 0 | N76: 0 | O76: 0 | P76: 0 | Q76: 0 | R76: 0 | S76: =SUM(E76:R76) -> 12
C77: 8. SETIAWATI, S.H. | E77: 2 | F77: 4 | G77: 0 | H77: 0 | I77: 0 | J77: 0 | K77: 0 | L77: 0 | M77: 0 | N77: 1 | O77: 0 | P77: 0 | Q77: 0 | R77: 0 | S77: =SUM(E77:R77) -> 7
C78: 9. EKO BUDI SANTOSO, S.H. | E78: 1 | F78: 0 | G78: 0 | H78: 0 | I78: 0 | J78: 0 | K78: 1 | L78: 0 | M78: 1 | N78: 0 | O78: 0 | P78: 0 | Q78: 0 | R78: 0 | S78: =SUM(E78:R78) -> 3
A79: B | B79: JUMLAH SUARA SAH PARTAI POLITIK DAN CALON (A1 + A2) | E79: =SUM(E69:E78) -> 93 | F79: =SUM(F69:F78) -> 61 | G79: =SUM(G69:G78) -> 70 | H79: =SUM(H69:H78) -> 59 | I79: =SUM(I69:I78) -> 60 | J79: =SUM(J69:J78) -> 47 | K79: =SUM(K69:K78) -> 24 | L79: =SUM(L69:L78) -> 22 | ... S79: =SUM(S69:S78) -> 644
A81: A.1 | B81: 4. | C81: Partai Golongan Karya | E81: 5 | F81: 4 | G81: 5 | H81: 2 | I81: 5 | J81: 2 | K81: 2 | L81: 5 | M81: 2 | N81: 3 | O81: 5 | P81: 4 | Q81: 2 | R81: 2 | S81: =SUM(E81:R81) -> 48
A82: A.2 | C82: 1. PRANAYA YUDHA MAHARDHIKA | E82: 12 | F82: 4 | G82: 14 | H82: 7 | I82: 2 | J82: 4 | K82: 2 | L82: 8 | M82: 7 | N82: 5 | O82: 0 | P82: 0 | Q82: 7 | R82: 1 | S82: =SUM(E82:R82) -> 73
C83: 2. Dra. Ec. ENDANG SULASTUTY, M.I.P. | E83: 4 | F83: 0 | G83: 4 | H83: 0 | I83: 1 | J83: 1 | K83: 0 | L83: 0 | M83: 0 | N83: 3 | O83: 1 | P83: 0 | Q83: 2 | R83: 2 | S83: =SUM(E83:R83) -> 18
C84: 3. AGUS REJEKI WARTONO | E84: 1 | F84: 0 | G84: 2 | H84: 1 | I84: 1 | J84: 4 | K84: 0 | L84: 1 | M84: 0 | N84: 1 | O84: 0 | P84: 1 | Q84: 1 | R84: 0 | S84: =SUM(E84:R84) -> 13
C85: 4. Hj. TUTUK ASMA'A ZUCHROH, S.T., M.T. | E85: 1 | F85: 1 | G85: 0 | H85: 0 | I85: 0 | J85: 0 | K85: 0 | L85: 1 | M85: 0 | N85: 2 | O85: 1 | P85: 0 | Q85: 1 | R85: 0 | S85: =SUM(E85:R85) -> 7
C86: 5. ADE M. RIZKI, S.E. | E86: 0 | F86: 10 | G86: 7 | H86: 3 | I86: 2 | J86: 5 | K86: 10 | L86: 5 | M86: 12 | N86: 0 | O86: 18 | P86: 16 | Q86: 35 | R86: 32 | S86: =SUM(E86:R86) -> 155
C87: 6. ABDURAKHMAN, Bc.Kn. | E87: 0 | F87: 0 | G87: 1 | H87: 1 | I87: 0 | J87: 0 | K87: 0 | L87: 0 | M87: 0 | N87: 0 | O87: 0 | P87: 0 | Q87: 0 | R87: 0 | S87: =SUM(E87:R87) -> 2
C88: 7. CENDY RHIYAN ADI PUTRI | E88: 0 | F88: 0 | G88: 1 | H88: 1 | I88: 0 | J88: 0 | K88: 0 | L88: 0 | M88: 0 | N88: 0 | O88: 0 | P88: 0 | Q88: 0 | R88: 1 | S88: =SUM(E88:R88) -> 3
C89: 8. BAKTI WIJAYANTO, S.E. | E89: 0 | F89: 0 | G89: 0 | H89: 0 | I89: 0 | J89: 0 | K89: 0 | L89: 0 | M89: 0 | N89: 1 | O89: 0 | P89: 0 | Q89: 0 | R89: 0 | S89: =SUM(E89:R89) -> 1
C90: 9. AHMAD UBAIDILLAH | E90: 0 | F90: 0 | G90: 0 | H90: 0 | I90: 1 | J90: 0 | K90: 0 | L90: 0 | M90: 0 | N90: 0 | O90: 0 | P90: 0 | Q90: 0 | R90: 1 | S90: =SUM(E90:R90) -> 2
A91: B | B91: JUMLAH SUARA SAH PARTAI POLITIK DAN CALON (A1 + A2) | E91: =SUM(E81:E90) -> 23 | F91: =SUM(F81:F90) -> 19 | G91: =SUM(G81:G90) -> 34 | H91: =SUM(H81:H90) -> 15 | I91: =SUM(I81:I90) -> 12 | J91: =SUM(J81:J90) -> 16 | K91: =SUM(K81:K90) -> 14 | L91: =SUM(L81:L90) -> 20 | ... S91: =SUM(S81:S90) -> 322
A93: A.1 | B93: 5. | C93: Partai NasDem | E93: 0 | F93: 3 | G93: 4 | H93: 1 | I93: 5 | J93: 1 | K93: 0 | L93: 1 | M93: 0 | N93: 2 | O93: 1 | P93: 0 | Q93: 0 | R93: 1 | S93: =SUM(E93:R93) -> 19
A94: A.2 | C94: 1. ALI MUSTOFA, A.Md. | E94: 1 | F94: 5 | G94: 1 | H94: 0 | I94: 5 | J94: 0 | K94: 3 | L94: 3 | M94: 1 | N94: 0 | O94: 3 | P94: 1 | Q94: 2 | R94: 0 | S94: =SUM(E94:R94) -> 25
C95: 2. Hj. BUAMI, S.H. | E95: 0 | F95: 0 | G95: 0 | H95: 0 | I95: 0 | J95: 0 | K95: 1 | L95: 0 | M95: 0 | N95: 0 | O95: 0 | P95: 0 | Q95: 0 | R95: 0 | S95: =SUM(E95:R95) -> 1
C96: 3. SUGIONO, S.H. | E96: 0 | F96: 0 | G96: 0 | H96: 0 | I96: 0 | J96: 0 | K96: 0 | L96: 0 | M96: 0 | N96: 0 | O96: 0 | P96: 0 | Q96: 0 | R96: 1 | S96: =SUM(E96:R96) -> 1
C97: 4. LULUK SUNARMIATININGSIH | E97: 1 | F97: 0 | G97: 0 | H97: 1 | I97: 0 | J97: 0 | K97: 0 | L97: 0 | M97: 0 | N97: 0 | O97: 0 | P97: 0 | Q97: 2 | R97: 0 | S97: =SUM(E97:R97) -> 4
C98: 5. ANTON DJULIANTO ADI | E98: 1 | F98: 1 | G98: 1 | H98: 0 | I98: 0 | J98: 1 | K98: 0 | L98: 0 | M98: 0 | N98: 2 | O98: 1 | P98: 1 | Q98: 0 | R98: 0 | S98: =SUM(E98:R98) -> 8
C99: 6. MOKHAMAD ROFI'I KHUSNAN | E99: 1 | F99: 1 | G99: 0 | H99: 0 | I99: 1 | J99: 0 | K99: 0 | L99: 0 | M99: 0 | N99: 0 | O99: 0 | P99: 0 | Q99: 0 | R99: 0 | S99: =SUM(E99:R99) -> 3
C100: 7. Rr SETYO WATI | E100: 0 | F100: 0 | G100: 0 | H100: 0 | I100: 0 | J100: 0 | K100: 0 | L100: 0 | M100: 0 | N100: 0 | O100: 0 | P100: 0 | Q100: 0 | R100: 0 | S100: =SUM(E100:R100) -> 0
C101: 8. ABD. KADIR ASSEGAFF | E101: 0 | F101: 0 | G101: 1 | H101: 0 | I101: 1 | J101: 0 | K101: 0 | L101: 0 | M101: 0 | N101: 0 | O101: 0 | P101: 0 | Q101: 0 | R101: 0 | S101: =SUM(E101:R101) -> 2
C102: 9. FATHOR ZAINULLAH | E102: 0 | F102: 0 | G102: 0 | H102: 0 | I102: 0 | J102: 0 | K102: 0 | L102: 0 | M102: 0 | N102: 0 | O102: 0 | P102: 0 | Q102: 0 | R102: 0 | S102: =SUM(E102:R102) -> 0
A103: B | B103: JUMLAH SUARA SAH PARTAI POLITIK DAN CALON (A1 + A2) | E103: =SUM(E93:E102) -> 4 | F103: =SUM(F93:F102) -> 10 | G103: =SUM(G93:G102) -> 7 | H103: =SUM(H93:H102) -> 2 | I103: =SUM(I93:I102) -> 12 | J103: =SUM(J93:J102) -> 2 | K103: =SUM(K93:K102) -> 4 | L103: =SUM(L93:L102) -> 4 | ... S103: =SUM(S93:S102) -> 63
A105: A.1 | B105: 6. | C105: Partai Buruh | E105: 0 | F105: 0 | G105: 0 | H105: 1 | I105: 0 | J105: 1 | K105: 0 | L105: 0 | M105: 1 | N105: 1 | O105: 0 | P105: 0 | Q105: 0 | R105: 0 | S105: =SUM(E105:R105) -> 4
A106: A.2 | C106: 1. AGUS SUPRIYADI | E106: 0 | F106: 1 | G106: 0 | H106: 0 | I106: 0 | J106: 0 | K106: 1 | L106: 0 | M106: 1 | N106: 0 | O106: 0 | P106: 0 | Q106: 0 | R106: 1 | S106: =SUM(E106:R106) -> 4
C107: 2. ENI HARIATI | E107: 0 | F107: 0 | G107: 0 | H107: 0 | I107: 0 | J107: 0 | K107: 1 | L107: 0 | M107: 0 | N107: 0 | O107: 0 | P107: 0 | Q107: 0 | R107: 1 | S107: =SUM(E107:R107) -> 2
S108: =SUM(E108:R108) -> 0
S109: =SUM(E109:R109) -> 0
S110: =SUM(E110:R110) -> 0
S111: =SUM(E111:R111) -> 0
S112: =SUM(E112:R112) -> 0
S113: =SUM(E113:R113) -> 0
S114: =SUM(E114:R114) -> 0
A115: B | B115: JUMLAH SUARA SAH PARTAI POLITIK DAN CALON (A1 + A2) | E115: =SUM(E105:E114) -> 0 | F115: =SUM(F105:F114) -> 1 | G115: =SUM(G105:G114) -> 0 | H115: =SUM(H105:H114) -> 1 | I115: =SUM(I105:I114) -> 0 | J115: =SUM(J105:J114) -> 1 | K115: =SUM(K105:K114) -> 2 | L115: =SUM(L105:L114) -> 0 | ... S115: =SUM(S105:S114) -> 10
A117: A.1 | B117: 7. | C117: Partai Gelombang Rakyat Indonesia | L117: 1 | N117: 1 | S117: =SUM(E117:R117) -> 2
...

Sheet CANTUK
C2: Kecamatan | D2: SINGOJURUH
C3: Kabupaten | D3: BANYUWANGI
C4: Provinsi | D4: JAWA TIMUR
C9: Kelurahan | D9: CANTUK
A12: I | B12: DATA PEMILIH DAN PENGGUNAAN HAK PILIH | T12: JUMLAH AKHIR
A13: A | B13: DATA PEMILIH | E13: TPS 001 | F13: TPS 002 | G13: TPS 003 | H13: TPS 004 | I13: TPS 005 | J13: TPS 006 | K13: TPS 007 | L13: TPS 008 | M13: TPS 009 | N13: TPS 010 | O13: TPS 011 | P13: TPS 012 | Q13: TPS 013 | R13: TPS 014 | S13: TPS 015
B14: Jumlah Pemilih dalam Daftar Pemilih Tetap (DPT) | D14: LK | E14: 135 | F14: 130 | G14: 131 | H14: 142 | I14: 130 | J14: 128 | K14: 127 | L14: 118 | M14: 126 | N14: 132 | O14: 97 | P14: 102 | Q14: 121 | R14: 118 | S14: 124 | T14: =SUM(E14:S14) -> 1861
D15: PR | E15: 136 | F15: 128 | G15: 126 | H15: 128 | I15: 129 | J15: 134 | K15: 121 | L15: 131 | M15: 129 | N15: 152 | O15: 107 | P15: 111 | Q15: 124 | R15: 125 | S15: 117 | T15: =SUM(E15:S15) -> 1898
D16: JML | E16: =SUM(E14:E15) -> 271 | F16: =SUM(F14:F15) -> 258 | G16: =SUM(G14:G15) -> 257 | H16: =SUM(H14:H15) -> 270 | I16: =SUM(I14:I15) -> 259 | J16: =SUM(J14:J15) -> 262 | K16: =SUM(K14:K15) -> 248 | L16: =SUM(L14:L15) -> 249 | ... S16: =SUM(S14:S15) -> 241 | T16: =SUM(E16:S16) -> 3759
A18: B | B18: PENGGUNA HAK PILIH
B19: 1. | C19: Jumlah pengguna hak pilih dalam Daftar Pemilih Tetap (DPT) | D19: LK | E19: 92 | F19: 99 | G19: 93 | H19: 104 | I19: 99 | J19: 101 | K19: 98 | L19: 92 | M19: 82 | N19: 87 | O19: 64 | P19: 71 | Q19: 91 | R19: 90 | S19: 104 | T19: =SUM(E19:S19) -> 1367
D20: PR | E20: 110 | F20: 102 | G20: 97 | H20: 104 | I20: 108 | J20: 111 | K20: 96 | L20: 108 | M20: 89 | N20: 109 | O20: 89 | P20: 84 | Q20: 108 | R20: 104 | S20: 98 | T20: =SUM(E20:S20) -> 1517
D21: JML | E21: =SUM(E19:E20) -> 202 | F21: =SUM(F19:F20) -> 201 | G21: =SUM(G19:G20) -> 190 | H21: =SUM(H19:H20) -> 208 | I21: =SUM(I19:I20) -> 207 | J21: =SUM(J19:J20) -> 212 | K21: =SUM(K19:K20) -> 194 | L21: =SUM(L19:L20) -> 200 | ... S21: =SUM(S19:S20) -> 202 | T21: =SUM(E21:S21) -> 2884
B22: 2. | C22: Jumlah pengguna hak pilih dalam Daftar Pemilih Tambahan (DPTb) | D22: LK | E22: 0 | F22: 0 | G22: 1 | H22: 0 | I22: 0 | J22: 0 | K22: 0 | L22: 0 | M22: 0 | N22: 0 | O22: 2 | P22: 0 | Q22: 1 | R22: 1 | S22: 2 | T22: =SUM(E22:S22) -> 7
D23: PR | E23: 1 | F23: 0 | G23: 0 | H23: 1 | I23: 0 | J23: 0 | K23: 0 | L23: 2 | M23: 1 | N23: 0 | O23: 0 | P23: 1 | Q23: 1 | R23: 1 | S23: 2 | T23: =SUM(E23:S23) -> 10
D24: JML | E24: =SUM(E22:E23) -> 1 | F24: =SUM(F22:F23) -> 0 | G24: =SUM(G22:G23) -> 1 | H24: =SUM(H22:H23) -> 1 | I24: =SUM(I22:I23) -> 0 | J24: =SUM(J22:J23) -> 0 | K24: =SUM(K22:K23) -> 0 | L24: =SUM(L22:L23) -> 2 | ... S24: =SUM(S22:S23) -> 4 | T24: =SUM(E24:S24) -> 17
B25: 3. | C25: Jumlah pengguna hak pilih dalam Daftar Pemilih Khusus (DPK) | D25: LK | E25: 1 | F25: 0 | G25: 0 | H25: 0 | I25: 1 | J25: 0 | K25: 0 | L25: 0 | M25: 1 | N25: 2 | O25: 2 | P25: 0 | Q25: 1 | R25: 1 | S25: 0 | T25: =SUM(E25:S25) -> 9
D26: PR | E26: 2 | F26: 0 | G26: 0 | H26: 0 | I26: 1 | J26: 0 | K26: 2 | L26: 1 | M26: 0 | N26: 1 | O26: 1 | P26: 1 | Q26: 0 | R26: 0 | S26: 0 | T26: =SUM(E26:S26) -> 9
D27: JML | E27: =SUM(E25:E26) -> 3 | F27: =SUM(F25:F26) -> 0 | G27: =SUM(G25:G26) -> 0 | H27: =SUM(H25:H26) -> 0 | I27: =SUM(I25:I26) -> 2 | J27: =SUM(J25:J26) -> 0 | K27: =SUM(K25:K26) -> 2 | L27: =SUM(L25:L26) -> 1 | ... S27: =SUM(S25:S26) -> 0 | T27: =SUM(E27:S27) -> 18
B28: 4. | C28: Jumlah Pengguna Hak Pilih (B.1+B.2+B.3) | D28: LK | E28: =SUM(E19,E22,E25) -> 93 | F28: =SUM(F19,F22,F25) -> 99 | G28: =SUM(G19,G22,G25) -> 94 | H28: =SUM(H19,H22,H25) -> 104 | I28: =SUM(I19,I22,I25) -> 100 | J28: =SUM(J19,J22,J25) -> 101 | K28: =SUM(K19,K22,K25) -> 98 | L28: =SUM(L19,L22,L25) -> 92 | ... S28: =SUM(S19,S22,S25) -> 106 | T28: =SUM(E28:S28) -> 1383
D29: PR | E29: =SUM(E20,E23,E26) -> 113 | F29: =SUM(F20,F23,F26) -> 102 | G29: =SUM(G20,G23,G26) -> 97 | H29: =SUM(H20,H23,H26) -> 105 | I29: =SUM(I20,I23,I26) -> 109 | J29: =SUM(J20,J23,J26) -> 111 | K29: =SUM(K20,K23,K26) -> 98 | L29: =SUM(L20,L23,L26) -> 111 | ... S29: =SUM(S20,S23,S26) -> 100 | T29: =SUM(E29:S29) -> 1536
D30: JML | E30: =SUM(E28:E29) -> 206 | F30: =SUM(F28:F29) -> 201 | G30: =SUM(G28:G29) -> 191 | H30: =SUM(H28:H29) -> 209 | I30: =SUM(I28:I29) -> 209 | J30: =SUM(J28:J29) -> 212 | K30: =SUM(K28:K29) -> 196 | L30: =SUM(L28:L29) -> 203 | ... S30: =SUM(S28:S29) -> 206 | T30: =SUM(E30:S30) -> 2919
A32: II | B32: DATA PENGGUNAAN SURAT SUARA
A33: 1 | B33: Jumlah surat suara yang diterima, termasuk surat suara cadangan 2,5% dari DPT | E33: 275 | F33: 261 | G33: 260 | H33: 273 | I33: 255 | J33: 265 | K33: 250 | L33: 251 | M33: 257 | N33: 287 | O33: 206 | P33: 216 | Q33: 247 | R33: 246 | S33: 243 | T33: =SUM(E33:S33) -> 3792
A34: 2 | B34: Jumlah surat suara yang digunakan | E34: 206 | F34: 201 | G34: 191 | H34: 209 | I34: 209 | J34: 212 | K34: 196 | L34: 203 | M34: 173 | N34: 199 | O34: 158 | P34: 157 | Q34: 202 | R34: 197 | S34: 206 | T34: =SUM(E34:S34) -> 2919
A35: 3 | B35: Jumlah surat suara dikembalikan oleh pemilih (karena rusak atau keliru coblos) | E35: 4 | F35: 0 | G35: 1 | H35: 0 | I35: 0 | J35: 1 | K35: 0 | L35: 0 | M35: 0 | N35: 1 | O35: 0 | P35: 1 | Q35: 0 | R35: 1 | S35: 0 | T35: =SUM(E35:S35) -> 9
A36: 4 | B36: Jumlah surat suara yang tidak digunakan/tidak terpakai, termasuk sisa surat suara cadangan | E36: =E33-(E34+E35) -> 65 | F36: =F33-(F34+F35) -> 60 | G36: =G33-(G34+G35) -> 68 | H36: =H33-(H34+H35) -> 64 | I36: =I33-(I34+I35) -> 46 | J36: =J33-(J34+J35) -> 52 | K36: =K33-(K34+K35) -> 54 | L36: =L33-(L34+L35) -> 48 | ... S36: =S33-(S34+S35) -> 37 | T36: =SUM(E36:S36) -> 864
A38: III | B38: DATA PEMILIH DISABILITAS
B39: Jumlah seluruh Pemilih disabilitas yang menggunakan hak pilih | D39: LK | P39: 1 | S39: 1 | T39: =SUM(E39:S39) -> 2
D40: PR | P40: 1 | Q40: 1 | T40: =SUM(E40:S40) -> 2
D41: JML | E41: =SUM(E39:E40) -> 0 | F41: =SUM(F39:F40) -> 0 | G41: =SUM(G39:G40) -> 0 | H41: =SUM(H39:H40) -> 0 | I41: =SUM(I39:I40) -> 0 | J41: =SUM(J39:J40) -> 0 | K41: =SUM(K39:K40) -> 0 | L41: =SUM(L39:L40) -> 0 | ... S41: =SUM(S39:S40) -> 1 | T41: =SUM(E41:S41) -> 4
A43: IV | B43: DATA RINCIAN PEROLEHAN SUARA PASANGAN CALON BUPATI DAN WAKIL BUPATI
A44: NOMOR DAN NAMA CALON
A45: A.1 | B45: 1. | C45: Partai Kebangkitan Bangsa | E45: 14 | F45: 4 | G45: 7 | H45: 3 | I45: 7 | J45: 7 | K45: 8 | L45: 11 | M45: 6 | N45: 4 | O45: 9 | P45: 15 | Q45: 3 | R45: 9 | S45: 7 | T45: =SUM(E45:S45) -> 114
A46: A.2 | C46: 1. Dra. Hj. MA`MULAH HARUN, M.Pd.I. | E46: 2 | F46: 4 | G46: 8 | H46: 5 | I46: 9 | J46: 17 | K46: 8 | L46: 8 | M46: 4 | N46: 9 | O46: 7 | P46: 17 | Q46: 14 | R46: 37 | S46: 16 | T46: =SUM(E46:S46) -> 165
C47: 2. UBAIDILLAH, S.Fil.I. | E47: 0 | F47: 1 | G47: 2 | H47: 1 | I47: 2 | J47: 4 | K47: 1 | L47: 1 | M47: 1 | N47: 1 | O47: 1 | P47: 1 | Q47: 4 | R47: 1 | S47: 3 | T47: =SUM(E47:S47) -> 24
C48: 3. Ir. H. YOYOK MULYADI, M.Si. | E48: 5 | F48: 0 | G48: 0 | H48: 1 | I48: 2 | J48: 1 | K48: 2 | L48: 1 | M48: 0 | N48: 0 | O48: 1 | P48: 2 | Q48: 1 | R48: 0 | S48: 1 | T48: =SUM(E48:S48) -> 17
C49: 4. KHOIRUL ANWAR, S.Fil.I. | E49: 0 | F49: 4 | G49: 0 | H49: 1 | I49: 0 | J49: 2 | K49: 1 | L49: 0 | M49: 0 | N49: 1 | O49: 4 | P49: 1 | Q49: 5 | R49: 7 | S49: 4 | T49: =SUM(E49:S49) -> 30
C50: 5. ARIF WIJAKSANA | E50: 1 | F50: 1 | G50: 0 | H50: 0 | I50: 0 | J50: 0 | K50: 0 | L50: 0 | M50: 0 | N50: 1 | O50: 1 | P50: 0 | Q50: 0 | R50: 0 | S50: 0 | T50: =SUM(E50:S50) -> 4
C51: 6. Dr. SITI YUMNAH | E51: 0 | F51: 0 | G51: 0 | H51: 0 | I51: 0 | J51: 1 | K51: 0 | L51: 0 | M51: 0 | N51: 0 | O51: 0 | P51: 0 | Q51: 0 | R51: 1 | S51: 1 | T51: =SUM(E51:S51) -> 3
C52: 7. MOHAMMAD ZAINI, M.Pd.I. | E52: 0 | F52: 0 | G52: 1 | H52: 0 | I52: 0 | J52: 0 | K52: 0 | L52: 2 | M52: 0 | N52: 0 | O52: 0 | P52: 0 | Q52: 0 | R52: 0 | S52: 0 | T52: =SUM(E52:S52) -> 3
C53: 8. FAWAIDUL MAKKIYAH | E53: 0 | F53: 0 | G53: 0 | H53: 0 | I53: 0 | J53: 2 | K53: 1 | L53: 0 | M53: 0 | N53: 0 | O53: 1 | P53: 0 | Q53: 0 | R53: 0 | S53: 0 | T53: =SUM(E53:S53) -> 4
C54: 9. IFFAH HIDAYATUR ROHMAH, S.Sos. | E54: 0 | F54: 0 | G54: 0 | H54: 0 | I54: 0 | J54: 0 | K54: 0 | L54: 0 | M54: 0 | N54: 0 | O54: 0 | P54: 0 | Q54: 0 | R54: 0 | S54: 1 | T54: =SUM(E54:S54) -> 1
A55: B | B55: JUMLAH SUARA SAH PARTAI POLITIK DAN CALON (A1 + A2) | E55: =SUM(E45:E54) -> 22 | F55: =SUM(F45:F54) -> 14 | G55: =SUM(G45:G54) -> 18 | H55: =SUM(H45:H54) -> 11 | I55: =SUM(I45:I54) -> 20 | J55: =SUM(J45:J54) -> 34 | K55: =SUM(K45:K54) -> 21 | L55: =SUM(L45:L54) -> 23 | ... T55: =SUM(T45:T54) -> 365
A57: A.1 | B57: 2. | C57: Partai Gerakan Indonesia Raya | E57: 24 | F57: 15 | G57: 13 | H57: 23 | I57: 19 | J57: 12 | K57: 11 | L57: 11 | M57: 9 | N57: 5 | O57: 12 | P57: 6 | Q57: 21 | R57: 8 | S57: 10 | T57: =SUM(E57:S57) -> 199
A58: A.2 | C58: 1. AHMAD HADINUDDIN, S.Pd.I. | E58: 11 | F58: 13 | G58: 14 | H58: 13 | I58: 15 | J58: 24 | K58: 7 | L58: 26 | M58: 15 | N58: 31 | O58: 9 | P58: 7 | Q58: 14 | R58: 10 | S58: 8 | T58: =SUM(E58:S58) -> 217
C59: 2. BIMA RAFSANJANI RAFID | E59: 64 | F59: 63 | G59: 56 | H59: 82 | I59: 64 | J59: 60 | K59: 54 | L59: 36 | M59: 37 | N59: 44 | O59: 12 | P59: 4 | Q59: 14 | R59: 11 | S59: 9 | T59: =SUM(E59:S59) -> 610
C60: 3. IRA DAMAYANTI | E60: 1 | F60: 0 | G60: 1 | H60: 1 | I60: 4 | J60: 1 | K60: 3 | L60: 2 | M60: 0 | N60: 4 | O60: 3 | P60: 0 | Q60: 1 | R60: 2 | S60: 5 | T60: =SUM(E60:S60) -> 28
C61: 4. MAULANA MALIK IBRAHIM, S.H. | E61: 1 | F61: 0 | G61: 0 | H61: 8 | I61: 5 | J61: 6 | K61: 11 | L61: 4 | M61: 14 | N61: 28 | O61: 1 | P61: 1 | Q61: 2 | R61: 18 | S61: 1 | T61: =SUM(E61:S61) -> 100
C62: 5. LULUK ALFIATI | E62: 1 | F62: 2 | G62: 0 | H62: 0 | I62: 0 | J62: 0 | K62: 0 | L62: 0 | M62: 1 | N62: 1 | O62: 0 | P62: 0 | Q62: 0 | R62: 0 | S62: 1 | T62: =SUM(E62:S62) -> 6
C63: 6. ILHAM WAHYUDI, S.H. | E63: 0 | F63: 1 | G63: 0 | H63: 1 | I63: 0 | J63: 0 | K63: 0 | L63: 0 | M63: 0 | N63: 1 | O63: 0 | P63: 0 | Q63: 0 | R63: 0 | S63: 0 | T63: =SUM(E63:S63) -> 3
C64: 7. HAERUL ANWAR, S.Pd.I. | E64: 0 | F64: 1 | G64: 0 | H64: 0 | I64: 1 | J64: 1 | K64: 0 | L64: 0 | M64: 0 | N64: 0 | O64: 0 | P64: 0 | Q64: 1 | R64: 0 | S64: 1 | T64: =SUM(E64:S64) -> 5
C65: 8. YOVI ADHITYA WARDANI | E65: 0 | F65: 0 | G65: 0 | H65: 0 | I65: 0 | J65: 1 | K65: 2 | L65: 1 | M65: 0 | N65: 1 | O65: 0 | P65: 0 | Q65: 0 | R65: 0 | S65: 0 | T65: =SUM(E65:S65) -> 5
C66: 9. RITA AMELIA | E66: 1 | F66: 1 | G66: 0 | H66: 0 | I66: 1 | J66: 0 | K66: 0 | L66: 0 | M66: 0 | N66: 1 | O66: 0 | P66: 0 | Q66: 1 | R66: 0 | S66: 0 | T66: =SUM(E66:S66) -> 5
A67: B | B67: JUMLAH SUARA SAH PARTAI POLITIK DAN CALON (A1 + A2) | E67: =SUM(E57:E66) -> 103 | F67: =SUM(F57:F66) -> 96 | G67: =SUM(G57:G66) -> 84 | H67: =SUM(H57:H66) -> 128 | I67: =SUM(I57:I66) -> 109 | J67: =SUM(J57:J66) -> 105 | K67: =SUM(K57:K66) -> 88 | L67: =SUM(L57:L66) -> 80 | ... T67: =SUM(T57:T66) -> 1178
A69: A.1 | B69: 3. | C69: Partai Demokrasi Indonesia Perjuangan | E69: 6 | F69: 8 | G69: 0 | H69: 4 | I69: 5 | J69: 2 | K69: 2 | L69: 3 | M69: 2 | N69: 1 | O69: 4 | P69: 4 | Q69: 3 | R69: 8 | S69: 9 | T69: =SUM(E69:S69) -> 61
A70: A.2 | C70: 1. MARTIN H., S.H., M.H. | E70: 6 | F70: 3 | G70: 10 | H70: 3 | I70: 3 | J70: 1 | K70: 1 | L70: 2 | M70: 6 | N70: 1 | O70: 0 | P70: 5 | Q70: 3 | R70: 5 | S70: 7 | T70: =SUM(E70:S70) -> 56
C71: 2. HERMANTO, S.E. | E71: 6 | F71: 5 | G71: 8 | H71: 6 | I71: 8 | J71: 4 | K71: 3 | L71: 2 | M71: 1 | N71: 4 | O71: 1 | P71: 3 | Q71: 5 | R71: 5 | S71: 9 | T71: =SUM(E71:S71) -> 70
C72: 3. EVY SUSILAWATI, S.E., M.M. | E72: 3 | F72: 2 | G72: 3 | H72: 0 | I72: 3 | J72: 3 | K72: 2 | L72: 2 | M72: 0 | N72: 1 | O72: 1 | P72: 1 | Q72: 1 | R72: 1 | S72: 4 | T72: =SUM(E72:S72) -> 27
C73: 4. M. SIROTTUDIN | E73: 3 | F73: 1 | G73: 11 | H73: 5 | I73: 6 | J73: 4 | K73: 8 | L73: 10 | M73: 11 | N73: 3 | O73: 0 | P73: 0 | Q73: 5 | R73: 2 | S73: 4 | T73: =SUM(E73:S73) -> 73
C74: 5. ABDUL HAFID, S.H. | E74: 0 | F74: 0 | G74: 2 | H74: 0 | I74: 0 | J74: 3 | K74: 0 | L74: 0 | M74: 0 | N74: 0 | O74: 0 | P74: 0 | Q74: 2 | R74: 0 | S74: 1 | T74: =SUM(E74:S74) -> 8
C75: 6. NIKITA FORTUNA SURYANINGATI, A.Md.Keb. | E75: 0 | F75: 0 | G75: 1 | H75: 0 | I75: 2 | J75: 0 | K75: 0 | L75: 0 | M75: 0 | N75: 0 | O75: 0 | P75: 0 | Q75: 2 | R75: 0 | S75: 0 | T75: =SUM(E75:S75) -> 5
C76: 7. YUDHO ILHAM WIJAYA, S.E. | E76: 0 | F76: 0 | G76: 0 | H76: 0 | I76: 0 | J76: 0 | K76: 0 | L76: 0 | M76: 0 | N76: 0 | O76: 0 | P76: 0 | Q76: 0 | R76: 0 | S76: 0 | T76: =SUM(E76:S76) -> 0
C77: 8. SETIAWATI, S.H. | E77: 1 | F77: 0 | G77: 0 | H77: 0 | I77: 0 | J77: 0 | K77: 0 | L77: 0 | M77: 1 | N77: 0 | O77: 0 | P77: 0 | Q77: 0 | R77: 0 | S77: 0 | T77: =SUM(E77:S77) -> 2
C78: 9. EKO BUDI SANTOSO, S.H. | E78: 0 | F78: 0 | G78: 0 | H78: 1 | I78: 0 | J78: 0 | K78: 0 | L78: 0 | M78: 1 | N78: 0 | O78: 1 | P78: 0 | Q78: 0 | R78: 1 | S78: 0 | T78: =SUM(E78:S78) -> 4
A79: B | B79: JUMLAH SUARA SAH PARTAI POLITIK DAN CALON (A1 + A2) | E79: =SUM(E69:E78) -> 25 | F79: =SUM(F69:F78) -> 19 | G79: =SUM(G69:G78) -> 35 | H79: =SUM(H69:H78) -> 19 | I79: =SUM(I69:I78) -> 27 | J79: =SUM(J69:J78) -> 17 | K79: =SUM(K69:K78) -> 16 | L79: =SUM(L69:L78) -> 19 | ... T79: =SUM(T69:T78) -> 306
A81: A.1 | B81: 4. | C81: Partai Golongan Karya | E81: 1 | F81: 0 | G81: 1 | H81: 2 | I81: 3 | J81: 0 | K81: 3 | L81: 1 | M81: 1 | N81: 2 | O81: 3 | P81: 2 | Q81: 2 | R81: 0 | S81: 2 | T81: =SUM(E81:S81) -> 23
A82: A.2 | C82: 1. PRANAYA YUDHA MAHARDHIKA | E82: 5 | F82: 4 | G82: 2 | H82: 5 | I82: 2 | J82: 2 | K82: 3 | L82: 3 | M82: 3 | N82: 5 | O82: 2 | P82: 2 | Q82: 7 | R82: 4 | S82: 3 | T82: =SUM(E82:S82) -> 52
C83: 2. Dra. Ec. ENDANG SULASTUTY, M.I.P. | E83: 1 | F83: 0 | G83: 0 | H83: 1 | I83: 0 | J83: 0 | K83: 1 | L83: 0 | M83: 1 | N83: 1 | O83: 0 | P83: 1 | Q83: 0 | R83: 0 | S83: 2 | T83: =SUM(E83:S83) -> 8
C84: 3. AGUS REJEKI WARTONO | E84: 0 | F84: 0 | G84: 0 | H84: 0 | I84: 1 | J84: 1 | K84: 0 | L84: 1 | M84: 0 | N84: 3 | O84: 1 | P84: 0 | Q84: 0 | R84: 1 | S84: 0 | T84: =SUM(E84:S84) -> 8
C85: 4. Hj. TUTUK ASMA'A ZUCHROH, S.T., M.T. | E85: 0 | F85: 1 | G85: 1 | H85: 0 | I85: 2 | J85: 3 | K85: 3 | L85: 0 | M85: 1 | N85: 0 | O85: 0 | P85: 1 | Q85: 1 | R85: 0 | S85: 0 | T85: =SUM(E85:S85) -> 13
C86: 5. ADE M. RIZKI, S.E. | E86: 2 | F86: 0 | G86: 1 | H86: 1 | I86: 1 | J86: 0 | K86: 0 | L86: 2 | M86: 2 | N86: 4 | O86: 0 | P86: 0 | Q86: 7 | R86: 6 | S86: 22 | T86: =SUM(E86:S86) -> 48
C87: 6. ABDURAKHMAN, Bc.Kn. | E87: 0 | F87: 0 | G87: 0 | H87: 0 | I87: 0 | J87: 0 | K87: 0 | L87: 0 | M87: 0 | N87: 0 | O87: 0 | P87: 0 | Q87: 0 | R87: 0 | S87: 1 | T87: =SUM(E87:S87) -> 1
C88: 7. CENDY RHIYAN ADI PUTRI | E88: 0 | F88: 0 | G88: 0 | H88: 0 | I88: 0 | J88: 0 | K88: 0 | L88: 0 | M88: 0 | N88: 0 | O88: 0 | P88: 0 | Q88: 0 | R88: 0 | S88: 0 | T88: =SUM(E88:S88) -> 0
C89: 8. BAKTI WIJAYANTO, S.E. | E89: 0 | F89: 0 | G89: 0 | H89: 0 | I89: 0 | J89: 0 | K89: 0 | L89: 0 | M89: 0 | N89: 0 | O89: 0 | P89: 0 | Q89: 0 | R89: 0 | S89: 1 | T89: =SUM(E89:S89) -> 1
C90: 9. AHMAD UBAIDILLAH | E90: 0 | F90: 1 | G90: 0 | H90: 0 | I90: 0 | J90: 0 | K90: 0 | L90: 0 | M90: 0 | N90: 0 | O90: 0 | P90: 0 | Q90: 0 | R90: 0 | S90: 0 | T90: =SUM(E90:S90) -> 1
A91: B | B91: JUMLAH SUARA SAH PARTAI POLITIK DAN CALON (A1 + A2) | E91: =SUM(E81:E90) -> 9 | F91: =SUM(F81:F90) -> 6 | G91: =SUM(G81:G90) -> 5 | H91: =SUM(H81:H90) -> 9 | I91: =SUM(I81:I90) -> 9 | J91: =SUM(J81:J90) -> 6 | K91: =SUM(K81:K90) -> 10 | L91: =SUM(L81:L90) -> 7 | ... T91: =SUM(T81:T90) -> 155
A93: A.1 | B93: 5. | C93: Partai NasDem | E93: 0 | F93: 1 | G93: 0 | H93: 0 | I93: 0 | J93: 0 | K93: 0 | L93: 0 | M93: 2 | N93: 1 | O93: 0 | P93: 0 | Q93: 0 | R93: 0 | S93: 0 | T93: =SUM(E93:S93) -> 4
A94: A.2 | C94: 1. ALI MUSTOFA, A.Md. | E94: 0 | F94: 0 | G94: 0 | H94: 0 | I94: 0 | J94: 1 | K94: 0 | L94: 2 | M94: 0 | N94: 0 | O94: 0 | P94: 1 | Q94: 0 | R94: 0 | S94: 0 | T94: =SUM(E94:S94) -> 4
C95: 2. Hj. BUAMI, S.H. | E95: 0 | F95: 0 | G95: 0 | H95: 0 | I95: 0 | J95: 0 | K95: 0 | L95: 0 | M95: 1 | N95: 0 | O95: 0 | P95: 0 | Q95: 0 | R95: 0 | S95: 0 | T95: =SUM(E95:S95) -> 1
C96: 3. SUGIONO, S.H. | E96: 0 | F96: 0 | G96: 0 | H96: 0 | I96: 0 | J96: 0 | K96: 0 | L96: 0 | M96: 0 | N96: 0 | O96: 0 | P96: 0 | Q96: 1 | R96: 0 | S96: 1 | T96: =SUM(E96:S96) -> 2
C97: 4. LULUK SUNARMIATININGSIH | E97: 0 | F97: 0 | G97: 0 | H97: 0 | I97: 0 | J97: 0 | K97: 0 | L97: 1 | M97: 0 | N97: 0 | O97: 0 | P97: 0 | Q97: 0 | R97: 0 | S97: 0 | T97: =SUM(E97:S97) -> 1
C98: 5. ANTON DJULIANTO ADI | E98: 0 | F98: 0 | G98: 0 | H98: 0 | I98: 0 | J98: 0 | K98: 1 | L98: 0 | M98: 0 | N98: 0 | O98: 2 | P98: 0 | Q98: 0 | R98: 0 | S98: 0 | T98: =SUM(E98:S98) -> 3
C99: 6. MOKHAMAD ROFI'I KHUSNAN | E99: 0 | F99: 0 | G99: 0 | H99: 0 | I99: 0 | J99: 0 | K99: 0 | L99: 1 | M99: 0 | N99: 0 | O99: 0 | P99: 0 | Q99: 0 | R99: 0 | S99: 0 | T99: =SUM(E99:S99) -> 1
C100: 7. Rr SETYO WATI | E100: 0 | F100: 0 | G100: 0 | H100: 0 | I100: 0 | J100: 0 | K100: 0 | L100: 1 | M100: 0 | N100: 0 | O100: 0 | P100: 0 | Q100: 0 | R100: 0 | S100: 0 | T100: =SUM(E100:S100) -> 1
C101: 8. ABD. KADIR ASSEGAFF | E101: 0 | F101: 0 | G101: 0 | H101: 0 | I101: 0 | J101: 1 | K101: 0 | L101: 0 | M101: 0 | N101: 0 | O101: 0 | P101: 0 | Q101: 0 | R101: 0 | S101: 0 | T101: =SUM(E101:S101) -> 1
C102: 9. FATHOR ZAINULLAH | E102: 0 | F102: 0 | G102: 0 | H102: 0 | I102: 0 | J102: 0 | K102: 0 | L102: 0 | M102: 0 | N102: 0 | O102: 0 | P102: 0 | Q102: 0 | R102: 0 | S102: 0 | T102: =SUM(E102:S102) -> 0
A103: B | B103: JUMLAH SUARA SAH PARTAI POLITIK DAN CALON (A1 + A2) | E103: =SUM(E93:E102) -> 0 | F103: =SUM(F93:F102) -> 1 | G103: =SUM(G93:G102) -> 0 | H103: =SUM(H93:H102) -> 0 | I103: =SUM(I93:I102) -> 0 | J103: =SUM(J93:J102) -> 2 | K103: =SUM(K93:K102) -> 1 | L103: =SUM(L93:L102) -> 5 | ... T103: =SUM(T93:T102) -> 18
A105: A.1 | B105: 6. | C105: Partai Buruh | E105: 0 | F105: 0 | G105: 0 | H105: 0 | I105: 0 | J105: 0 | K105: 1 | L105: 1 | M105: 1 | N105: 0 | O105: 1 | P105: 0 | Q105: 1 | R105: 1 | S105: 0 | T105: =SUM(E105:S105) -> 6
A106: A.2 | C106: 1. AGUS SUPRIYADI | E106: 0 | F106: 1 | G106: 0 | H106: 0 | I106: 0 | J106: 1 | K106: 0 | L106: 0 | M106: 0 | N106: 0 | O106: 0 | P106: 0 | Q106: 0 | R106: 0 | S106: 0 | T106: =SUM(E106:S106) -> 2
C107: 2. ENI HARIATI | E107: 0 | F107: 0 | G107: 0 | H107: 1 | I107: 1 | J107: 0 | K107: 0 | L107: 0 | M107: 0 | N107: 0 | O107: 0 | P107: 0 | Q107: 1 | R107: 0 | S107: 0 | T107: =SUM(E107:S107) -> 3
T108: =SUM(E108:S108) -> 0
T109: =SUM(E109:S109) -> 0
T110: =SUM(E110:S110) -> 0
T111: =SUM(E111:S111) -> 0
T112: =SUM(E112:S112) -> 0
T113: =SUM(E113:S113) -> 0
T114: =SUM(E114:S114) -> 0
A115: B | B115: JUMLAH SUARA SAH PARTAI POLITIK DAN CALON (A1 + A2) | E115: =SUM(E105:E114) -> 0 | F115: =SUM(F105:F114) -> 1 | G115: =SUM(G105:G114) -> 0 | H115: =SUM(H105:H114) -> 1 | I115: =SUM(I105:I114) -> 1 | J115: =SUM(J105:J114) -> 1 | K115: =SUM(K105:K114) -> 1 | L115: =SUM(L105:L114) -> 1 | ... T115: =SUM(T105:T114) -> 11
A117: A.1 | B117: 7. | C117: Partai Gelombang Rakyat Indonesia | E117: 0 | F117: 0 | G117: 0 | H117: 0 | I117: 0 | J117: 0 | K117: 1 | L117: 0 | M117: 0 | N117: 0 | O117: 0 | P117: 1 | Q117: 0 | R117: 0 | S117: 0 | T117: =SUM(E117:S117) -> 2
...

Sheet GAMBOR
C2: Kecamatan | D2: SINGOJURUH
C3: Kabupaten | D3: BANYUWANGI
C4: Provinsi | D4: JAWA TIMUR
C9: Kelurahan | D9: GAMBOR
A12: I | B12: DATA PEMILIH DAN PENGGUNAAN HAK PILIH | N12: JUMLAH AKHIR
A13: A | B13: DATA PEMILIH | E13: TPS 001 | F13: TPS 002 | G13: TPS 003 | H13: TPS 004 | I13: TPS 005 | J13: TPS 006 | K13: TPS 007 | L13: TPS 008 | M13: TPS 009
B14: Jumlah Pemilih dalam Daftar Pemilih Tetap (DPT) | D14: LK | E14: 125 | F14: 146 | G14: 125 | H14: 119 | I14: 115 | J14: 132 | K14: 150 | L14: 127 | M14: 112 | N14: =SUM(E14:M14) -> 1151
D15: PR | E15: 125 | F15: 131 | G15: 134 | H15: 117 | I15: 120 | J15: 120 | K15: 132 | L15: 128 | M15: 122 | N15: =SUM(E15:M15) -> 1129
D16: JML | E16: =SUM(E14:E15) -> 250 | F16: =SUM(F14:F15) -> 277 | G16: =SUM(G14:G15) -> 259 | H16: =SUM(H14:H15) -> 236 | I16: =SUM(I14:I15) -> 235 | J16: =SUM(J14:J15) -> 252 | K16: =SUM(K14:K15) -> 282 | L16: =SUM(L14:L15) -> 255 | M16: =SUM(M14:M15) -> 234 | N16: =SUM(E16:M16) -> 2280
A18: B | B18: PENGGUNA HAK PILIH
B19: 1. | C19: Jumlah pengguna hak pilih dalam Daftar Pemilih Tetap (DPT) | D19: LK | E19: 91 | F19: 124 | G19: 88 | H19: 88 | I19: 94 | J19: 106 | K19: 115 | L19: 83 | M19: 96 | N19: =SUM(E19:M19) -> 885
D20: PR | E20: 97 | F20: 115 | G20: 95 | H20: 91 | I20: 102 | J20: 92 | K20: 105 | L20: 101 | M20: 100 | N20: =SUM(E20:M20) -> 898
D21: JML | E21: =SUM(E19:E20) -> 188 | F21: =SUM(F19:F20) -> 239 | G21: =SUM(G19:G20) -> 183 | H21: =SUM(H19:H20) -> 179 | I21: =SUM(I19:I20) -> 196 | J21: =SUM(J19:J20) -> 198 | K21: =SUM(K19:K20) -> 220 | L21: =SUM(L19:L20) -> 184 | M21: =SUM(M19:M20) -> 196 | N21: =SUM(E21:M21) -> 1783
B22: 2. | C22: Jumlah pengguna hak pilih dalam Daftar Pemilih Tambahan (DPTb) | D22: LK | E22: 0 | F22: 0 | G22: 0 | H22: 0 | I22: 0 | J22: 0 | K22: 1 | L22: 0 | M22: 0 | N22: =SUM(E22:M22) -> 1
D23: PR | N23: =SUM(E23:M23) -> 0
D24: JML | E24: =SUM(E22:E23) -> 0 | F24: =SUM(F22:F23) -> 0 | G24: =SUM(G22:G23) -> 0 | H24: =SUM(H22:H23) -> 0 | I24: =SUM(I22:I23) -> 0 | J24: =SUM(J22:J23) -> 0 | K24: =SUM(K22:K23) -> 1 | L24: =SUM(L22:L23) -> 0 | M24: =SUM(M22:M23) -> 0 | N24: =SUM(E24:M24) -> 1
B25: 3. | C25: Jumlah pengguna hak pilih dalam Daftar Pemilih Khusus (DPK) | D25: LK | E25: 0 | F25: 0 | G25: 4 | H25: 1 | I25: 1 | J25: 0 | K25: 1 | L25: 1 | M25: 1 | N25: =SUM(E25:M25) -> 9
D26: PR | E26: 3 | F26: 1 | G26: 1 | H26: 3 | I26: 2 | J26: 0 | K26: 1 | L26: 3 | M26: 1 | N26: =SUM(E26:M26) -> 15
D27: JML | E27: =SUM(E25:E26) -> 3 | F27: =SUM(F25:F26) -> 1 | G27: =SUM(G25:G26) -> 5 | H27: =SUM(H25:H26) -> 4 | I27: =SUM(I25:I26) -> 3 | J27: =SUM(J25:J26) -> 0 | K27: =SUM(K25:K26) -> 2 | L27: =SUM(L25:L26) -> 4 | M27: =SUM(M25:M26) -> 2 | N27: =SUM(E27:M27) -> 24
B28: 4. | C28: Jumlah Pengguna Hak Pilih (B.1+B.2+B.3) | D28: LK | E28: =SUM(E19,E22,E25) -> 91 | F28: =SUM(F19,F22,F25) -> 124 | G28: =SUM(G19,G22,G25) -> 92 | H28: =SUM(H19,H22,H25) -> 89 | I28: =SUM(I19,I22,I25) -> 95 | J28: =SUM(J19,J22,J25) -> 106 | K28: =SUM(K19,K22,K25) -> 117 | L28: =SUM(L19,L22,L25) -> 84 | M28: =SUM(M19,M22,M25) -> 97 | N28: =SUM(E28:M28) -> 895
D29: PR | E29: =SUM(E20,E23,E26) -> 100 | F29: =SUM(F20,F23,F26) -> 116 | G29: =SUM(G20,G23,G26) -> 96 | H29: =SUM(H20,H23,H26) -> 94 | I29: =SUM(I20,I23,I26) -> 104 | J29: =SUM(J20,J23,J26) -> 92 | K29: =SUM(K20,K23,K26) -> 106 | L29: =SUM(L20,L23,L26) -> 104 | M29: =SUM(M20,M23,M26) -> 101 | N29: =SUM(E29:M29) -> 913
D30: JML | E30: =SUM(E28:E29) -> 191 | F30: =SUM(F28:F29) -> 240 | G30: =SUM(G28:G29) -> 188 | H30: =SUM(H28:H29) -> 183 | I30: =SUM(I28:I29) -> 199 | J30: =SUM(J28:J29) -> 198 | K30: =SUM(K28:K29) -> 223 | L30: =SUM(L28:L29) -> 188 | M30: =SUM(M28:M29) -> 198 | N30: =SUM(E30:M30) -> 1808
A32: II | B32: DATA PENGGUNAAN SURAT SUARA
A33: 1 | B33: Jumlah surat suara yang diterima, termasuk surat suara cadangan 2,5% dari DPT | E33: 255 | F33: 250 | G33: 265 | H33: 189 | I33: 239 | J33: 256 | K33: 285 | L33: 260 | M33: 239 | N33: =SUM(E33:M33) -> 2238
A34: 2 | B34: Jumlah surat suara yang digunakan | E34: 191 | F34: 240 | G34: 188 | H34: 183 | I34: 199 | J34: 198 | K34: 223 | L34: 188 | M34: 198 | N34: =SUM(E34:M34) -> 1808
A35: 3 | B35: Jumlah surat suara dikembalikan oleh pemilih (karena rusak atau keliru coblos) | E35: 0 | F35: 1 | G35: 0 | H35: 0 | I35: 0 | J35: 0 | K35: 0 | L35: 1 | M35: 0 | N35: =SUM(E35:M35) -> 2
A36: 4 | B36: Jumlah surat suara yang tidak digunakan/tidak terpakai, termasuk sisa surat suara cadangan | E36: =E33-(E34+E35) -> 64 | F36: =F33-(F34+F35) -> 9 | G36: =G33-(G34+G35) -> 77 | H36: =H33-(H34+H35) -> 6 | I36: =I33-(I34+I35) -> 40 | J36: =J33-(J34+J35) -> 58 | K36: =K33-(K34+K35) -> 62 | L36: =L33-(L34+L35) -> 71 | M36: =M33-(M34+M35) -> 41 | N36: =SUM(E36:M36) -> 428
A38: III | B38: DATA PEMILIH DISABILITAS
B39: Jumlah seluruh Pemilih disabilitas yang menggunakan hak pilih | D39: LK | N39: =SUM(E39:M39) -> 0
D40: PR | G40: 1 | H40: 1 | J40: 1 | N40: =SUM(E40:M40) -> 3
D41: JML | E41: =SUM(E39:E40) -> 0 | F41: =SUM(F39:F40) -> 0 | G41: =SUM(G39:G40) -> 1 | H41: =SUM(H39:H40) -> 1 | I41: =SUM(I39:I40) -> 0 | J41: =SUM(J39:J40) -> 1 | K41: =SUM(K39:K40) -> 0 | L41: =SUM(L39:L40) -> 0 | M41: =SUM(M39:M40) -> 0 | N41: =SUM(E41:M41) -> 3
A43: IV | B43: DATA RINCIAN PEROLEHAN SUARA PASANGAN CALON BUPATI DAN WAKIL BUPATI
A44: NOMOR DAN NAMA CALON
A45: A.1 | B45: 1. | C45: Partai Kebangkitan Bangsa | E45: 13 | F45: 8 | G45: 5 | H45: 18 | I45: 11 | J45: 8 | K45: 10 | L45: 9 | M45: 16 | N45: =SUM(E45:M45) -> 98
A46: A.2 | C46: 1. Dra. Hj. MA`MULAH HARUN, M.Pd.I. | E46: 19 | F46: 26 | G46: 22 | H46: 10 | I46: 27 | J46: 37 | K46: 17 | L46: 13 | M46: 55 | N46: =SUM(E46:M46) -> 226
C47: 2. UBAIDILLAH, S.Fil.I. | E47: 3 | F47: 12 | G47: 2 | H47: 4 | I47: 3 | J47: 2 | K47: 3 | L47: 2 | M47: 9 | N47: =SUM(E47:M47) -> 40
C48: 3. Ir. H. YOYOK MULYADI, M.Si. | E48: 1 | F48: 2 | G48: 1 | H48: 0 | I48: 0 | J48: 2 | K48: 1 | L48: 2 | M48: 2 | N48: =SUM(E48:M48) -> 11
C49: 4. KHOIRUL ANWAR, S.Fil.I. | E49: 2 | F49: 3 | G49: 0 | H49: 1 | I49: 1 | J49: 0 | K49: 2 | L49: 1 | M49: 1 | N49: =SUM(E49:M49) -> 11
C50: 5. ARIF WIJAKSANA | E50: 1 | F50: 3 | G50: 0 | H50: 0 | I50: 1 | J50: 1 | K50: 0 | L50: 0 | M50: 1 | N50: =SUM(E50:M50) -> 7
C51: 6. Dr. SITI YUMNAH | E51: 0 | F51: 0 | G51: 0 | H51: 0 | I51: 0 | J51: 0 | K51: 1 | L51: 0 | M51: 0 | N51: =SUM(E51:M51) -> 1
C52: 7. MOHAMMAD ZAINI, M.Pd.I. | E52: 0 | F52: 1 | G52: 0 | H52: 0 | I52: 1 | J52: 1 | K52: 1 | L52: 0 | M52: 0 | N52: =SUM(E52:M52) -> 4
C53: 8. FAWAIDUL MAKKIYAH | E53: 0 | F53: 0 | G53: 0 | H53: 0 | I53: 0 | J53: 0 | K53: 0 | L53: 0 | M53: 0 | N53: =SUM(E53:M53) -> 0
C54: 9. IFFAH HIDAYATUR ROHMAH, S.Sos. | E54: 0 | F54: 0 | G54: 0 | H54: 1 | I54: 0 | J54: 1 | K54: 1 | L54: 0 | M54: 1 | N54: =SUM(E54:M54) -> 4
A55: B | B55: JUMLAH SUARA SAH PARTAI POLITIK DAN CALON (A1 + A2) | E55: =SUM(E45:E54) -> 39 | F55: =SUM(F45:F54) -> 55 | G55: =SUM(G45:G54) -> 30 | H55: =SUM(H45:H54) -> 34 | I55: =SUM(I45:I54) -> 44 | J55: =SUM(J45:J54) -> 52 | K55: =SUM(K45:K54) -> 36 | L55: =SUM(L45:L54) -> 27 | ... N55: =SUM(N45:N54) -> 402
A57: A.1 | B57: 2. | C57: Partai Gerakan Indonesia Raya | E57: 25 | F57: 32 | G57: 25 | H57: 30 | I57: 23 | J57: 14 | K57: 18 | L57: 21 | M57: 13 | N57: =SUM(E57:M57) -> 201
A58: A.2 | C58: 1. AHMAD HADINUDDIN, S.Pd.I. | E58: 10 | F58: 13 | G58: 8 | H58: 17 | I58: 20 | J58: 11 | K58: 5 | L58: 13 | M58: 8 | N58: =SUM(E58:M58) -> 105
C59: 2. BIMA RAFSANJANI RAFID | E59: 24 | F59: 23 | G59: 27 | H59: 13 | I59: 16 | J59: 23 | K59: 24 | L59: 18 | M59: 6 | N59: =SUM(E59:M59) -> 174
C60: 3. IRA DAMAYANTI | E60: 3 | F60: 1 | G60: 1 | H60: 3 | I60: 2 | J60: 4 | K60: 4 | L60: 3 | M60: 4 | N60: =SUM(E60:M60) -> 25
C61: 4. MAULANA MALIK IBRAHIM, S.H. | E61: 1 | F61: 7 | G61: 7 | H61: 5 | I61: 6 | J61: 0 | K61: 8 | L61: 4 | M61: 1 | N61: =SUM(E61:M61) -> 39
C62: 5. LULUK ALFIATI | E62: 1 | F62: 1 | G62: 0 | H62: 1 | I62: 0 | J62: 1 | K62: 0 | L62: 4 | M62: 4 | N62: =SUM(E62:M62) -> 12
C63: 6. ILHAM WAHYUDI, S.H. | E63: 1 | F63: 0 | G63: 0 | H63: 0 | I63: 0 | J63: 0 | K63: 1 | L63: 1 | M63: 0 | N63: =SUM(E63:M63) -> 3
C64: 7. HAERUL ANWAR, S.Pd.I. | E64: 0 | F64: 0 | G64: 0 | H64: 0 | I64: 0 | J64: 1 | K64: 0 | L64: 2 | M64: 0 | N64: =SUM(E64:M64) -> 3
C65: 8. YOVI ADHITYA WARDANI | E65: 0 | F65: 0 | G65: 0 | H65: 0 | I65: 0 | J65: 0 | K65: 1 | L65: 0 | M65: 0 | N65: =SUM(E65:M65) -> 1
C66: 9. RITA AMELIA | E66: 0 | F66: 0 | G66: 0 | H66: 0 | I66: 0 | J66: 0 | K66: 2 | L66: 0 | M66: 0 | N66: =SUM(E66:M66) -> 2
A67: B | B67: JUMLAH SUARA SAH PARTAI POLITIK DAN CALON (A1 + A2) | E67: =SUM(E57:E66) -> 65 | F67: =SUM(F57:F66) -> 77 | G67: =SUM(G57:G66) -> 68 | H67: =SUM(H57:H66) -> 69 | I67: =SUM(I57:I66) -> 67 | J67: =SUM(J57:J66) -> 54 | K67: =SUM(K57:K66) -> 63 | L67: =SUM(L57:L66) -> 66 | ... N67: =SUM(N57:N66) -> 565
A69: A.1 | B69: 3. | C69: Partai Demokrasi Indonesia Perjuangan | E69: 2 | F69: 11 | G69: 5 | H69: 6 | I69: 6 | J69: 2 | K69: 7 | L69: 4 | M69: 7 | N69: =SUM(E69:M69) -> 50
A70: A.2 | C70: 1. MARTIN H., S.H., M.H. | E70: 1 | F70: 1 | G70: 2 | H70: 0 | I70: 3 | J70: 2 | K70: 2 | L70: 1 | M70: 5 | N70: =SUM(E70:M70) -> 17
C71: 2. HERMANTO, S.E. | E71: 5 | F71: 3 | G71: 3 | H71: 2 | I71: 4 | J71: 2 | K71: 3 | L71: 2 | M71: 1 | N71: =SUM(E71:M71) -> 25
C72: 3. EVY SUSILAWATI, S.E., M.M. | E72: 2 | F72: 2 | G72: 0 | H72: 3 | I72: 2 | J72: 1 | K72: 7 | L72: 1 | M72: 2 | N72: =SUM(E72:M72) -> 20
C73: 4. M. SIROTTUDIN | E73: 2 | F73: 1 | G73: 0 | H73: 0 | I73: 1 | J73: 1 | K73: 2 | L73: 2 | M73: 0 | N73: =SUM(E73:M73) -> 9
C74: 5. ABDUL HAFID, S.H. | E74: 1 | F74: 0 | G74: 0 | H74: 3 | I74: 2 | J74: 0 | K74: 3 | L74: 3 | M74: 0 | N74: =SUM(E74:M74) -> 12
C75: 6. NIKITA FORTUNA SURYANINGATI, A.Md.Keb. | E75: 0 | F75: 0 | G75: 0 | H75: 0 | I75: 0 | J75: 0 | K75: 2 | L75: 0 | M75: 0 | N75: =SUM(E75:M75) -> 2
C76: 7. YUDHO ILHAM WIJAYA, S.E. | E76: 0 | F76: 0 | G76: 0 | H76: 0 | I76: 0 | J76: 0 | K76: 0 | L76: 0 | M76: 0 | N76: =SUM(E76:M76) -> 0
C77: 8. SETIAWATI, S.H. | E77: 1 | F77: 0 | G77: 0 | H77: 0 | I77: 0 | J77: 0 | K77: 0 | L77: 0 | M77: 1 | N77: =SUM(E77:M77) -> 2
C78: 9. EKO BUDI SANTOSO, S.H. | E78: 1 | F78: 0 | G78: 0 | H78: 0 | I78: 1 | J78: 0 | K78: 0 | L78: 0 | M78: 1 | N78: =SUM(E78:M78) -> 3
A79: B | B79: JUMLAH SUARA SAH PARTAI POLITIK DAN CALON (A1 + A2) | E79: =SUM(E69:E78) -> 15 | F79: =SUM(F69:F78) -> 18 | G79: =SUM(G69:G78) -> 10 | H79: =SUM(H69:H78) -> 14 | I79: =SUM(I69:I78) -> 19 | J79: =SUM(J69:J78) -> 8 | K79: =SUM(K69:K78) -> 26 | L79: =SUM(L69:L78) -> 13 | ... N79: =SUM(N69:N78) -> 140
A81: A.1 | B81: 4. | C81: Partai Golongan Karya | E81: 4 | F81: 3 | G81: 3 | H81: 2 | I81: 4 | J81: 2 | K81: 2 | L81: 3 | M81: 1 | N81: =SUM(E81:M81) -> 24
A82: A.2 | C82: 1. PRANAYA YUDHA MAHARDHIKA | E82: 0 | F82: 2 | G82: 0 | H82: 4 | I82: 8 | J82: 8 | K82: 7 | L82: 7 | M82: 4 | N82: =SUM(E82:M82) -> 40
C83: 2. Dra. Ec. ENDANG SULASTUTY, M.I.P. | E83: 2 | F83: 0 | G83: 3 | H83: 0 | I83: 1 | J83: 2 | K83: 2 | L83: 3 | M83: 0 | N83: =SUM(E83:M83) -> 13
C84: 3. AGUS REJEKI WARTONO | E84: 1 | F84: 2 | G84: 0 | H84: 1 | I84: 0 | J84: 2 | K84: 1 | L84: 0 | M84: 1 | N84: =SUM(E84:M84) -> 8
C85: 4. Hj. TUTUK ASMA'A ZUCHROH, S.T., M.T. | E85: 1 | F85: 2 | G85: 1 | H85: 0 | I85: 1 | J85: 2 | K85: 1 | L85: 0 | M85: 1 | N85: =SUM(E85:M85) -> 9
C86: 5. ADE M. RIZKI, S.E. | E86: 3 | F86: 1 | G86: 0 | H86: 1 | I86: 1 | J86: 0 | K86: 1 | L86: 0 | M86: 0 | N86: =SUM(E86:M86) -> 7
C87: 6. ABDURAKHMAN, Bc.Kn. | E87: 0 | F87: 0 | G87: 1 | H87: 0 | I87: 0 | J87: 0 | K87: 0 | L87: 0 | M87: 0 | N87: =SUM(E87:M87) -> 1
C88: 7. CENDY RHIYAN ADI PUTRI | E88: 0 | F88: 0 | G88: 0 | H88: 0 | I88: 0 | J88: 0 | K88: 0 | L88: 0 | M88: 1 | N88: =SUM(E88:M88) -> 1
C89: 8. BAKTI WIJAYANTO, S.E. | E89: 1 | F89: 0 | G89: 0 | H89: 0 | I89: 0 | J89: 0 | K89: 0 | L89: 0 | M89: 0 | N89: =SUM(E89:M89) -> 1
C90: 9. AHMAD UBAIDILLAH | E90: 0 | F90: 0 | G90: 0 | H90: 0 | I90: 0 | J90: 0 | K90: 0 | L90: 0 | M90: 0 | N90: =SUM(E90:M90) -> 0
A91: B | B91: JUMLAH SUARA SAH PARTAI POLITIK DAN CALON (A1 + A2) | E91: =SUM(E81:E90) -> 12 | F91: =SUM(F81:F90) -> 10 | G91: =SUM(G81:G90) -> 8 | H91: =SUM(H81:H90) -> 8 | I91: =SUM(I81:I90) -> 15 | J91: =SUM(J81:J90) -> 16 | K91: =SUM(K81:K90) -> 14 | L91: =SUM(L81:L90) -> 13 | ... N91: =SUM(N81:N90) -> 104
A93: A.1 | B93: 5. | C93: Partai NasDem | E93: 2 | F93: 1 | G93: 0 | H93: 1 | I93: 1 | J93: 2 | K93: 1 | L93: 1 | M93: 2 | N93: =SUM(E93:M93) -> 11
A94: A.2 | C94: 1. ALI MUSTOFA, A.Md. | E94: 0 | F94: 0 | G94: 0 | H94: 1 | I94: 2 | J94: 0 | K94: 0 | L94: 2 | M94: 0 | N94: =SUM(E94:M94) -> 5
C95: 2. Hj. BUAMI, S.H. | E95: 0 | F95: 0 | G95: 0 | H95: 0 | I95: 0 | J95: 1 | K95: 0 | L95: 0 | M95: 0 | N95: =SUM(E95:M95) -> 1
C96: 3. SUGIONO, S.H. | E96: 0 | F96: 0 | G96: 0 | H96: 0 | I96: 0 | J96: 0 | K96: 0 | L96: 0 | M96: 0 | N96: =SUM(E96:M96) -> 0
C97: 4. LULUK SUNARMIATININGSIH | E97: 0 | F97: 0 | G97: 0 | H97: 1 | I97: 0 | J97: 0 | K97: 0 | L97: 0 | M97: 0 | N97: =SUM(E97:M97) -> 1
C98: 5. ANTON DJULIANTO ADI | E98: 0 | F98: 0 | G98: 0 | H98: 0 | I98: 0 | J98: 0 | K98: 0 | L98: 1 | M98: 0 | N98: =SUM(E98:M98) -> 1
C99: 6. MOKHAMAD ROFI'I KHUSNAN | E99: 0 | F99: 0 | G99: 0 | H99: 0 | I99: 0 | J99: 0 | K99: 0 | L99: 0 | M99: 0 | N99: =SUM(E99:M99) -> 0
C100: 7. Rr SETYO WATI | E100: 0 | F100: 0 | G100: 0 | H100: 0 | I100: 0 | J100: 0 | K100: 0 | L100: 0 | M100: 0 | N100: =SUM(E100:M100) -> 0
C101: 8. ABD. KADIR ASSEGAFF | E101: 0 | F101: 0 | G101: 0 | H101: 0 | I101: 0 | J101: 0 | K101: 0 | L101: 0 | M101: 0 | N101: =SUM(E101:M101) -> 0
C102: 9. FATHOR ZAINULLAH | E102: 0 | F102: 0 | G102: 0 | H102: 0 | I102: 0 | J102: 0 | K102: 0 | L102: 0 | M102: 0 | N102: =SUM(E102:M102) -> 0
A103: B | B103: JUMLAH SUARA SAH PARTAI POLITIK DAN CALON (A1 + A2) | E103: =SUM(E93:E102) -> 2 | F103: =SUM(F93:F102) -> 1 | G103: =SUM(G93:G102) -> 0 | H103: =SUM(H93:H102) -> 3 | I103: =SUM(I93:I102) -> 3 | J103: =SUM(J93:J102) -> 3 | K103: =SUM(K93:K102) -> 1 | L103: =SUM(L93:L102) -> 4 | ... N103: =SUM(N93:N102) -> 19
A105: A.1 | B105: 6. | C105: Partai Buruh | E105: 2 | F105: 0 | G105: 3 | H105: 1 | I105: 0 | J105: 0 | K105: 0 | L105: 1 | M105: 1 | N105: =SUM(E105:M105) -> 8
A106: A.2 | C106: 1. AGUS SUPRIYADI | E106: 0 | F106: 0 | G106: 1 | H106: 0 | I106: 0 | J106: 0 | K106: 0 | L106: 0 | M106: 0 | N106: =SUM(E106:M106) -> 1
C107: 2. ENI HARIATI | E107: 0 | F107: 0 | G107: 0 | H107: 0 | I107: 0 | J107: 0 | K107: 0 | L107: 0 | M107: 0 | N107: =SUM(E107:M107) -> 0
N108: =SUM(E108:M108) -> 0
N109: =SUM(E109:M109) -> 0
N110: =SUM(E110:M110) -> 0
N111: =SUM(E111:M111) -> 0
N112: =SUM(E112:M112) -> 0
N113: =SUM(E113:M113) -> 0
N114: =SUM(E114:M114) -> 0
A115: B | B115: JUMLAH SUARA SAH PARTAI POLITIK DAN CALON (A1 + A2) | E115: =SUM(E105:E114) -> 2 | F115: =SUM(F105:F114) -> 0 | G115: =SUM(G105:G114) -> 4 | H115: =SUM(H105:H114) -> 1 | I115: =SUM(I105:I114) -> 0 | J115: =SUM(J105:J114) -> 0 | K115: =SUM(K105:K114) -> 0 | L115: =SUM(L105:L114) -> 1 | ... N115: =SUM(N105:N114) -> 9
A117: A.1 | B117: 7. | C117: Partai Gelombang Rakyat Indonesia | E117: 0 | F117: 0 | G117: 0 | H117: 0 | I117: 0 | J117: 0 | K117: 0 | L117: 0 | M117: 0 | N117: =SUM(E117:M117) -> 0
...

Sheet GUMIRIH
C2: Kecamatan | D2: SINGOJURUH
C3: Kabupaten | D3: BANYUWANGI
C4: Provinsi | D4: JAWA TIMUR
C9: Kelurahan | D9: GUMIRIH
A12: I | B12: DATA PEMILIH DAN PENGGUNAAN HAK PILIH | S12: JUMLAH AKHIR
A13: A | B13: DATA PEMILIH | E13: TPS 001 | F13: TPS 002 | G13: TPS 003 | H13: TPS 004 | I13: TPS 005 | J13: TPS 006 | K13: TPS 007 | L13: TPS 008 | M13: TPS 009 | N13: TPS 010 | O13: TPS 011 | P13: TPS 012 | Q13: TPS 013 | R13: TPS 014
B14: Jumlah Pemilih dalam Daftar Pemilih Tetap (DPT) | D14: LK | E14: 118 | F14: 97 | G14: 102 | H14: 133 | I14: 136 | J14: 127 | K14: 134 | L14: 118 | M14: 141 | N14: 140 | O14: 132 | P14: 134 | Q14: 143 | R14: 94 | S14: =SUM(E14:R14) -> 1749
D15: PR | E15: 116 | F15: 103 | G15: 110 | H15: 126 | I15: 128 | J15: 130 | K15: 141 | L15: 131 | M15: 133 | N15: 124 | O15: 144 | P15: 143 | Q15: 129 | R15: 86 | S15: =SUM(E15:R15) -> 1744
D16: JML | E16: =SUM(E14:E15) -> 234 | F16: =SUM(F14:F15) -> 200 | G16: =SUM(G14:G15) -> 212 | H16: =SUM(H14:H15) -> 259 | I16: =SUM(I14:I15) -> 264 | J16: =SUM(J14:J15) -> 257 | K16: =SUM(K14:K15) -> 275 | L16: =SUM(L14:L15) -> 249 | ... R16: =SUM(R14:R15) -> 180 | S16: =SUM(E16:R16) -> 3493
A18: B | B18: PENGGUNA HAK PILIH
B19: 1. | C19: Jumlah pengguna hak pilih dalam Daftar Pemilih Tetap (DPT) | D19: LK | E19: 85 | F19: 60 | G19: 73 | H19: 92 | I19: 96 | J19: 94 | K19: 100 | L19: 77 | M19: 96 | N19: 106 | O19: 109 | P19: 96 | Q19: 95 | R19: 74 | S19: =SUM(E19:R19) -> 1253
D20: PR | E20: 88 | F20: 72 | G20: 85 | H20: 100 | I20: 108 | J20: 89 | K20: 113 | L20: 96 | M20: 101 | N20: 111 | O20: 99 | P20: 102 | Q20: 103 | R20: 65 | S20: =SUM(E20:R20) -> 1332
D21: JML | E21: =SUM(E19:E20) -> 173 | F21: =SUM(F19:F20) -> 132 | G21: =SUM(G19:G20) -> 158 | H21: =SUM(H19:H20) -> 192 | I21: =SUM(I19:I20) -> 204 | J21: =SUM(J19:J20) -> 183 | K21: =SUM(K19:K20) -> 213 | L21: =SUM(L19:L20) -> 173 | ... R21: =SUM(R19:R20) -> 139 | S21: =SUM(E21:R21) -> 2585
B22: 2. | C22: Jumlah pengguna hak pilih dalam Daftar Pemilih Tambahan (DPTb) | D22: LK | E22: 1 | F22: 0 | G22: 1 | H22: 0 | I22: 0 | J22: 0 | K22: 2 | L22: 1 | M22: 0 | N22: 0 | O22: 0 | P22: 0 | Q22: 0 | R22: 0 | S22: =SUM(E22:R22) -> 5
D23: PR | E23: 1 | F23: 0 | G23: 0 | H23: 0 | I23: 0 | J23: 0 | K23: 0 | L23: 1 | M23: 1 | N23: 0 | O23: 1 | P23: 1 | Q23: 1 | R23: 0 | S23: =SUM(E23:R23) -> 6
D24: JML | E24: =SUM(E22:E23) -> 2 | F24: =SUM(F22:F23) -> 0 | G24: =SUM(G22:G23) -> 1 | H24: =SUM(H22:H23) -> 0 | I24: =SUM(I22:I23) -> 0 | J24: =SUM(J22:J23) -> 0 | K24: =SUM(K22:K23) -> 2 | L24: =SUM(L22:L23) -> 2 | ... R24: =SUM(R22:R23) -> 0 | S24: =SUM(E24:R24) -> 11
B25: 3. | C25: Jumlah pengguna hak pilih dalam Daftar Pemilih Khusus (DPK) | D25: LK | F25: 0 | G25: 0 | H25: 0 | I25: 0 | J25: 0 | K25: 0 | L25: 3 | M25: 0 | N25: 0 | O25: 3 | P25: 0 | Q25: 0 | R25: 0 | S25: =SUM(E25:R25) -> 6
D26: PR | F26: 0 | G26: 0 | H26: 1 | I26: 0 | J26: 0 | K26: 1 | L26: 1 | M26: 3 | N26: 0 | O26: 3 | P26: 3 | Q26: 0 | R26: 0 | S26: =SUM(E26:R26) -> 12
D27: JML | E27: =SUM(E25:E26) -> 0 | F27: =SUM(F25:F26) -> 0 | G27: =SUM(G25:G26) -> 0 | H27: =SUM(H25:H26) -> 1 | I27: =SUM(I25:I26) -> 0 | J27: =SUM(J25:J26) -> 0 | K27: =SUM(K25:K26) -> 1 | L27: =SUM(L25:L26) -> 4 | ... R27: =SUM(R25:R26) -> 0 | S27: =SUM(E27:R27) -> 18
B28: 4. | C28: Jumlah Pengguna Hak Pilih (B.1+B.2+B.3) | D28: LK | E28: =SUM(E19,E22,E25) -> 86 | F28: =SUM(F19,F22,F25) -> 60 | G28: =SUM(G19,G22,G25) -> 74 | H28: =SUM(H19,H22,H25) -> 92 | I28: =SUM(I19,I22,I25) -> 96 | J28: =SUM(J19,J22,J25) -> 94 | K28: =SUM(K19,K22,K25) -> 102 | L28: =SUM(L19,L22,L25) -> 81 | ... R28: =SUM(R19,R22,R25) -> 74 | S28: =SUM(E28:R28) -> 1264
D29: PR | E29: =SUM(E20,E23,E26) -> 89 | F29: =SUM(F20,F23,F26) -> 72 | G29: =SUM(G20,G23,G26) -> 85 | H29: =SUM(H20,H23,H26) -> 101 | I29: =SUM(I20,I23,I26) -> 108 | J29: =SUM(J20,J23,J26) -> 89 | K29: =SUM(K20,K23,K26) -> 114 | L29: =SUM(L20,L23,L26) -> 98 | ... R29: =SUM(R20,R23,R26) -> 65 | S29: =SUM(E29:R29) -> 1350
D30: JML | E30: =SUM(E28:E29) -> 175 | F30: =SUM(F28:F29) -> 132 | G30: =SUM(G28:G29) -> 159 | H30: =SUM(H28:H29) -> 193 | I30: =SUM(I28:I29) -> 204 | J30: =SUM(J28:J29) -> 183 | K30: =SUM(K28:K29) -> 216 | L30: =SUM(L28:L29) -> 179 | ... R30: =SUM(R28:R29) -> 139 | S30: =SUM(E30:R30) -> 2614
A32: II | B32: DATA PENGGUNAAN SURAT SUARA
A33: 1 | B33: Jumlah surat suara yang diterima, termasuk surat suara cadangan 2,5% dari DPT | E33: 239 | F33: 204 | G33: 216 | H33: 264 | I33: 269 | J33: 262 | K33: 281 | L33: 254 | M33: 279 | N33: 269 | O33: 282 | P33: 280 | Q33: 278 | R33: 169 | S33: =SUM(E33:R33) -> 3546
A34: 2 | B34: Jumlah surat suara yang digunakan | E34: 175 | F34: 132 | G34: 159 | H34: 193 | I34: 204 | J34: 183 | K34: 216 | L34: 179 | M34: 201 | N34: 217 | O34: 215 | P34: 202 | Q34: 199 | R34: 139 | S34: =SUM(E34:R34) -> 2614
A35: 3 | B35: Jumlah surat suara dikembalikan oleh pemilih (karena rusak atau keliru coblos) | E35: 0 | F35: 0 | G35: 2 | H35: 0 | I35: 0 | J35: 0 | K35: 0 | L35: 0 | M35: 0 | N35: 0 | O35: 0 | P35: 0 | Q35: 0 | R35: 0 | S35: =SUM(E35:R35) -> 2
A36: 4 | B36: Jumlah surat suara yang tidak digunakan/tidak terpakai, termasuk sisa surat suara cadangan | E36: =E33-(E34+E35) -> 64 | F36: =F33-(F34+F35) -> 72 | G36: =G33-(G34+G35) -> 55 | H36: =H33-(H34+H35) -> 71 | I36: =I33-(I34+I35) -> 65 | J36: =J33-(J34+J35) -> 79 | K36: =K33-(K34+K35) -> 65 | L36: =L33-(L34+L35) -> 75 | ... R36: =R33-(R34+R35) -> 30 | S36: =SUM(E36:R36) -> 930
A38: III | B38: DATA PEMILIH DISABILITAS
B39: Jumlah seluruh Pemilih disabilitas yang menggunakan hak pilih | D39: LK | P39: 1 | S39: =SUM(E39:R39) -> 1
D40: PR | S40: =SUM(E40:R40) -> 0
D41: JML | E41: =SUM(E39:E40) -> 0 | F41: =SUM(F39:F40) -> 0 | G41: =SUM(G39:G40) -> 0 | H41: =SUM(H39:H40) -> 0 | I41: =SUM(I39:I40) -> 0 | J41: =SUM(J39:J40) -> 0 | K41: =SUM(K39:K40) -> 0 | L41: =SUM(L39:L40) -> 0 | ... R41: =SUM(R39:R40) -> 0 | S41: =SUM(E41:R41) -> 1
A43: IV | B43: DATA RINCIAN PEROLEHAN SUARA PASANGAN CALON BUPATI DAN WAKIL BUPATI
A44: NOMOR DAN NAMA CALON
A45: A.1 | B45: 1. | C45: Partai Kebangkitan Bangsa | E45: 12 | F45: 8 | G45: 7 | H45: 15 | I45: 1 | J45: 3 | K45: 9 | L45: 6 | M45: 2 | N45: 10 | O45: 6 | P45: 4 | Q45: 3 | R45: 17 | S45: =SUM(E45:R45) -> 103
A46: A.2 | C46: 1. Dra. Hj. MA`MULAH HARUN, M.Pd.I. | E46: 20 | F46: 8 | G46: 16 | H46: 16 | I46: 18 | J46: 3 | K46: 39 | L46: 17 | M46: 5 | N46: 7 | O46: 10 | P46: 8 | Q46: 6 | R46: 35 | S46: =SUM(E46:R46) -> 208
C47: 2. UBAIDILLAH, S.Fil.I. | E47: 3 | F47: 0 | G47: 1 | H47: 1 | I47: 2 | J47: 0 | K47: 2 | L47: 2 | M47: 1 | N47: 7 | O47: 1 | P47: 3 | Q47: 2 | R47: 2 | S47: =SUM(E47:R47) -> 27
C48: 3. Ir. H. YOYOK MULYADI, M.Si. | E48: 0 | F48: 0 | G48: 2 | H48: 1 | I48: 0 | J48: 1 | K48: 1 | L48: 1 | M48: 0 | N48: 0 | O48: 0 | P48: 1 | Q48: 0 | R48: 0 | S48: =SUM(E48:R48) -> 7
C49: 4. KHOIRUL ANWAR, S.Fil.I. | E49: 2 | F49: 0 | G49: 0 | H49: 0 | I49: 2 | J49: 0 | K49: 1 | L49: 2 | M49: 1 | N49: 2 | O49: 0 | P49: 1 | Q49: 0 | R49: 0 | S49: =SUM(E49:R49) -> 11
C50: 5. ARIF WIJAKSANA | E50: 0 | F50: 0 | G50: 1 | H50: 0 | I50: 1 | J50: 1 | K50: 0 | L50: 0 | M50: 0 | N50: 0 | O50: 0 | P50: 0 | Q50: 0 | R50: 1 | S50: =SUM(E50:R50) -> 4
C51: 6. Dr. SITI YUMNAH | E51: 0 | F51: 0 | G51: 0 | H51: 0 | I51: 0 | J51: 0 | K51: 1 | L51: 0 | M51: 0 | N51: 0 | O51: 0 | P51: 1 | Q51: 0 | R51: 0 | S51: =SUM(E51:R51) -> 2
C52: 7. MOHAMMAD ZAINI, M.Pd.I. | E52: 0 | F52: 0 | G52: 0 | H52: 0 | I52: 0 | J52: 0 | K52: 0 | L52: 1 | M52: 0 | N52: 1 | O52: 0 | P52: 0 | Q52: 0 | S52: =SUM(E52:R52) -> 2
C53: 8. FAWAIDUL MAKKIYAH | E53: 0 | F53: 0 | G53: 0 | H53: 0 | I53: 0 | J53: 0 | K53: 0 | L53: 0 | M53: 0 | N53: 0 | O53: 0 | P53: 0 | Q53: 0 | R53: 0 | S53: =SUM(E53:R53) -> 0
C54: 9. IFFAH HIDAYATUR ROHMAH, S.Sos. | E54: 0 | F54: 1 | G54: 0 | H54: 1 | I54: 0 | J54: 1 | K54: 1 | L54: 0 | M54: 0 | N54: 0 | O54: 0 | P54: 0 | Q54: 0 | R54: 0 | S54: =SUM(E54:R54) -> 4
A55: B | B55: JUMLAH SUARA SAH PARTAI POLITIK DAN CALON (A1 + A2) | E55: =SUM(E45:E54) -> 37 | F55: =SUM(F45:F54) -> 17 | G55: =SUM(G45:G54) -> 27 | H55: =SUM(H45:H54) -> 34 | I55: =SUM(I45:I54) -> 24 | J55: =SUM(J45:J54) -> 9 | K55: =SUM(K45:K54) -> 54 | L55: =SUM(L45:L54) -> 29 | ... S55: =SUM(S45:S54) -> 368
A57: A.1 | B57: 2. | C57: Partai Gerakan Indonesia Raya | E57: 17 | F57: 17 | G57: 14 | H57: 24 | I57: 30 | J57: 50 | K57: 32 | L57: 23 | M57: 33 | N57: 20 | O57: 31 | P57: 27 | Q57: 35 | R57: 25 | S57: =SUM(E57:R57) -> 378
A58: A.2 | C58: 1. AHMAD HADINUDDIN, S.Pd.I. | E58: 19 | F58: 14 | G58: 8 | H58: 8 | I58: 28 | J58: 20 | K58: 19 | L58: 10 | M58: 15 | N58: 23 | O58: 20 | P58: 21 | Q58: 18 | R58: 8 | S58: =SUM(E58:R58) -> 231
C59: 2. BIMA RAFSANJANI RAFID | E59: 12 | F59: 16 | G59: 13 | H59: 29 | I59: 34 | J59: 37 | K59: 20 | L59: 17 | M59: 12 | N59: 13 | O59: 17 | P59: 12 | Q59: 2 | R59: 9 | S59: =SUM(E59:R59) -> 243
C60: 3. IRA DAMAYANTI | E60: 4 | F60: 2 | G60: 0 | H60: 4 | I60: 12 | J60: 6 | K60: 0 | L60: 2 | M60: 5 | N60: 2 | O60: 7 | P60: 3 | Q60: 5 | R60: 3 | S60: =SUM(E60:R60) -> 55
C61: 4. MAULANA MALIK IBRAHIM, S.H. | E61: 1 | F61: 5 | G61: 2 | H61: 2 | I61: 5 | J61: 3 | K61: 6 | L61: 4 | M61: 34 | N61: 20 | O61: 18 | P61: 15 | Q61: 18 | R61: 0 | S61: =SUM(E61:R61) -> 133
C62: 5. LULUK ALFIATI | E62: 0 | F62: 0 | G62: 1 | H62: 0 | I62: 3 | J62: 2 | K62: 2 | L62: 4 | M62: 2 | N62: 0 | O62: 0 | P62: 5 | Q62: 1 | R62: 4 | S62: =SUM(E62:R62) -> 24
C63: 6. ILHAM WAHYUDI, S.H. | E63: 0 | F63: 1 | G63: 0 | H63: 0 | I63: 1 | J63: 0 | K63: 0 | L63: 0 | M63: 0 | N63: 0 | O63: 0 | P63: 0 | Q63: 0 | R63: 0 | S63: =SUM(E63:R63) -> 2
C64: 7. HAERUL ANWAR, S.Pd.I. | E64: 0 | F64: 0 | G64: 1 | H64: 0 | I64: 0 | J64: 3 | K64: 0 | L64: 0 | M64: 1 | N64: 0 | O64: 1 | P64: 1 | Q64: 0 | R64: 0 | S64: =SUM(E64:R64) -> 7
C65: 8. YOVI ADHITYA WARDANI | E65: 0 | F65: 0 | G65: 0 | H65: 0 | I65: 1 | J65: 0 | K65: 1 | L65: 0 | M65: 0 | N65: 0 | O65: 0 | P65: 0 | Q65: 0 | R65: 0 | S65: =SUM(E65:R65) -> 2
C66: 9. RITA AMELIA | E66: 3 | F66: 0 | G66: 1 | H66: 0 | I66: 3 | J66: 1 | K66: 0 | L66: 1 | M66: 0 | N66: 0 | O66: 0 | P66: 0 | Q66: 2 | R66: 0 | S66: =SUM(E66:R66) -> 11
A67: B | B67: JUMLAH SUARA SAH PARTAI POLITIK DAN CALON (A1 + A2) | E67: =SUM(E57:E66) -> 56 | F67: =SUM(F57:F66) -> 55 | G67: =SUM(G57:G66) -> 40 | H67: =SUM(H57:H66) -> 67 | I67: =SUM(I57:I66) -> 117 | J67: =SUM(J57:J66) -> 122 | K67: =SUM(K57:K66) -> 80 | L67: =SUM(L57:L66) -> 61 | ... S67: =SUM(S57:S66) -> 1086
A69: A.1 | B69: 3. | C69: Partai Demokrasi Indonesia Perjuangan | E69: 2 | F69: 4 | G69: 6 | H69: 3 | I69: 4 | J69: 2 | K69: 2 | L69: 5 | M69: 6 | N69: 13 | O69: 9 | P69: 11 | Q69: 16 | R69: 5 | S69: =SUM(E69:R69) -> 88
A70: A.2 | C70: 1. MARTIN H., S.H., M.H. | E70: 3 | F70: 1 | G70: 5 | H70: 4 | I70: 3 | J70: 2 | K70: 4 | L70: 4 | M70: 3 | N70: 1 | O70: 4 | P70: 2 | Q70: 1 | R70: 0 | S70: =SUM(E70:R70) -> 37
C71: 2. HERMANTO, S.E. | E71: 7 | F71: 3 | G71: 2 | H71: 9 | I71: 2 | J71: 0 | K71: 2 | L71: 6 | M71: 6 | N71: 9 | O71: 8 | P71: 2 | Q71: 8 | R71: 1 | S71: =SUM(E71:R71) -> 65
C72: 3. EVY SUSILAWATI, S.E., M.M. | E72: 1 | F72: 0 | G72: 2 | H72: 2 | I72: 0 | J72: 1 | K72: 1 | L72: 1 | M72: 5 | N72: 4 | O72: 5 | P72: 1 | Q72: 1 | R72: 0 | S72: =SUM(E72:R72) -> 24
C73: 4. M. SIROTTUDIN | E73: 1 | F73: 0 | G73: 2 | H73: 0 | I73: 0 | J73: 0 | K73: 0 | L73: 1 | M73: 0 | N73: 5 | O73: 8 | P73: 3 | Q73: 12 | R73: 0 | S73: =SUM(E73:R73) -> 32
C74: 5. ABDUL HAFID, S.H. | E74: 1 | F74: 1 | G74: 3 | H74: 1 | I74: 1 | J74: 0 | K74: 4 | L74: 0 | M74: 0 | N74: 1 | O74: 0 | P74: 1 | Q74: 1 | R74: 0 | S74: =SUM(E74:R74) -> 14
C75: 6. NIKITA FORTUNA SURYANINGATI, A.Md.Keb. | E75: 0 | F75: 0 | G75: 0 | H75: 2 | I75: 0 | J75: 0 | K75: 0 | L75: 0 | M75: 0 | N75: 3 | O75: 0 | P75: 0 | Q75: 0 | R75: 0 | S75: =SUM(E75:R75) -> 5
C76: 7. YUDHO ILHAM WIJAYA, S.E. | E76: 1 | F76: 0 | G76: 1 | H76: 0 | I76: 0 | J76: 1 | K76: 0 | L76: 0 | M76: 1 | N76: 1 | O76: 0 | P76: 0 | Q76: 1 | R76: 0 | S76: =SUM(E76:R76) -> 6
C77: 8. SETIAWATI, S.H. | E77: 0 | F77: 0 | G77: 0 | H77: 0 | I77: 0 | J77: 0 | K77: 0 | L77: 1 | M77: 0 | N77: 0 | O77: 1 | P77: 1 | Q77: 0 | R77: 0 | S77: =SUM(E77:R77) -> 3
C78: 9. EKO BUDI SANTOSO, S.H. | E78: 0 | F78: 1 | G78: 0 | H78: 0 | I78: 0 | J78: 0 | K78: 0 | L78: 1 | M78: 0 | N78: 1 | O78: 0 | P78: 0 | Q78: 0 | R78: 0 | S78: =SUM(E78:R78) -> 3
A79: B | B79: JUMLAH SUARA SAH PARTAI POLITIK DAN CALON (A1 + A2) | E79: =SUM(E69:E78) -> 16 | F79: =SUM(F69:F78) -> 10 | G79: =SUM(G69:G78) -> 21 | H79: =SUM(H69:H78) -> 21 | I79: =SUM(I69:I78) -> 10 | J79: =SUM(J69:J78) -> 6 | K79: =SUM(K69:K78) -> 13 | L79: =SUM(L69:L78) -> 19 | ... S79: =SUM(S69:S78) -> 277
A81: A.1 | B81: 4. | C81: Partai Golongan Karya | E81: 1 | F81: 2 | G81: 11 | H81: 2 | I81: 2 | J81: 2 | K81: 1 | L81: 3 | M81: 2 | N81: 8 | O81: 2 | P81: 2 | Q81: 2 | R81: 2 | S81: =SUM(E81:R81) -> 42
A82: A.2 | C82: 1. PRANAYA YUDHA MAHARDHIKA | E82: 2 | F82: 2 | G82: 5 | H82: 3 | I82: 2 | J82: 0 | K82: 1 | L82: 4 | M82: 2 | N82: 13 | O82: 0 | P82: 5 | Q82: 3 | R82: 1 | S82: =SUM(E82:R82) -> 43
C83: 2. Dra. Ec. ENDANG SULASTUTY, M.I.P. | E83: 0 | F83: 1 | G83: 0 | H83: 0 | I83: 0 | J83: 0 | K83: 0 | L83: 0 | M83: 0 | N83: 1 | O83: 1 | P83: 1 | Q83: 0 | R83: 0 | S83: =SUM(E83:R83) -> 4
C84: 3. AGUS REJEKI WARTONO | E84: 0 | F84: 0 | G84: 3 | H84: 0 | I84: 0 | J84: 0 | K84: 0 | L84: 0 | M84: 0 | N84: 2 | O84: 1 | P84: 0 | Q84: 0 | R84: 0 | S84: =SUM(E84:R84) -> 6
C85: 4. Hj. TUTUK ASMA'A ZUCHROH, S.T., M.T. | E85: 0 | F85: 1 | G85: 0 | H85: 0 | I85: 1 | J85: 0 | K85: 0 | L85: 1 | M85: 0 | N85: 1 | O85: 0 | P85: 0 | Q85: 0 | R85: 0 | S85: =SUM(E85:R85) -> 4
C86: 5. ADE M. RIZKI, S.E. | E86: 1 | F86: 0 | G86: 4 | H86: 1 | I86: 2 | J86: 1 | K86: 0 | L86: 1 | M86: 0 | N86: 1 | O86: 0 | P86: 4 | Q86: 0 | R86: 0 | S86: =SUM(E86:R86) -> 15
C87: 6. ABDURAKHMAN, Bc.Kn. | E87: 0 | F87: 0 | G87: 0 | H87: 0 | I87: 0 | J87: 0 | K87: 0 | L87: 0 | M87: 0 | N87: 0 | O87: 0 | P87: 0 | Q87: 0 | R87: 0 | S87: =SUM(E87:R87) -> 0
C88: 7. CENDY RHIYAN ADI PUTRI | E88: 0 | F88: 0 | G88: 1 | H88: 0 | I88: 0 | J88: 0 | K88: 0 | L88: 0 | M88: 0 | N88: 0 | O88: 0 | P88: 0 | Q88: 0 | R88: 1 | S88: =SUM(E88:R88) -> 2
C89: 8. BAKTI WIJAYANTO, S.E. | E89: 0 | F89: 0 | G89: 0 | H89: 0 | I89: 0 | J89: 0 | K89: 0 | L89: 0 | M89: 0 | N89: 0 | O89: 0 | P89: 0 | Q89: 0 | R89: 1 | S89: =SUM(E89:R89) -> 1
C90: 9. AHMAD UBAIDILLAH | E90: 0 | F90: 0 | G90: 0 | H90: 0 | I90: 0 | J90: 0 | K90: 0 | L90: 0 | M90: 0 | N90: 0 | O90: 0 | P90: 0 | Q90: 0 | R90: 0 | S90: =SUM(E90:R90) -> 0
A91: B | B91: JUMLAH SUARA SAH PARTAI POLITIK DAN CALON (A1 + A2) | E91: =SUM(E81:E90) -> 4 | F91: =SUM(F81:F90) -> 6 | G91: =SUM(G81:G90) -> 24 | H91: =SUM(H81:H90) -> 6 | I91: =SUM(I81:I90) -> 7 | J91: =SUM(J81:J90) -> 3 | K91: =SUM(K81:K90) -> 2 | L91: =SUM(L81:L90) -> 9 | ... S91: =SUM(S81:S90) -> 117
A93: A.1 | B93: 5. | C93: Partai NasDem | E93: 2 | F93: 0 | G93: 5 | H93: 1 | I93: 1 | J93: 0 | K93: 0 | L93: 1 | M93: 1 | N93: 1 | O93: 0 | P93: 0 | Q93: 0 | R93: 1 | S93: =SUM(E93:R93) -> 13
A94: A.2 | C94: 1. ALI MUSTOFA, A.Md. | E94: 2 | F94: 1 | G94: 1 | H94: 1 | I94: 0 | J94: 0 | K94: 0 | L94: 0 | M94: 2 | N94: 0 | O94: 0 | P94: 1 | Q94: 0 | R94: 0 | S94: =SUM(E94:R94) -> 8
C95: 2. Hj. BUAMI, S.H. | E95: 0 | F95: 0 | G95: 0 | H95: 0 | I95: 1 | J95: 0 | K95: 0 | L95: 0 | M95: 0 | N95: 0 | O95: 0 | P95: 0 | Q95: 1 | R95: 0 | S95: =SUM(E95:R95) -> 2
C96: 3. SUGIONO, S.H. | E96: 0 | F96: 0 | G96: 0 | H96: 0 | I96: 0 | J96: 0 | K96: 0 | L96: 0 | M96: 0 | N96: 0 | O96: 0 | P96: 1 | Q96: 0 | R96: 0 | S96: =SUM(E96:R96) -> 1
C97: 4. LULUK SUNARMIATININGSIH | E97: 0 | F97: 0 | G97: 0 | H97: 0 | I97: 0 | J97: 0 | K97: 0 | L97: 0 | M97: 0 | N97: 0 | O97: 0 | P97: 0 | Q97: 0 | R97: 0 | S97: =SUM(E97:R97) -> 0
C98: 5. ANTON DJULIANTO ADI | E98: 0 | F98: 0 | G98: 0 | H98: 0 | I98: 0 | J98: 0 | K98: 0 | L98: 0 | M98: 0 | N98: 0 | O98: 0 | P98: 0 | Q98: 0 | R98: 0 | S98: =SUM(E98:R98) -> 0
C99: 6. MOKHAMAD ROFI'I KHUSNAN | E99: 1 | F99: 0 | G99: 0 | H99: 1 | I99: 0 | J99: 0 | K99: 0 | L99: 0 | M99: 0 | N99: 1 | O99: 0 | P99: 0 | Q99: 0 | R99: 0 | S99: =SUM(E99:R99) -> 3
C100: 7. Rr SETYO WATI | E100: 0 | F100: 0 | G100: 0 | H100: 0 | I100: 0 | J100: 1 | K100: 0 | L100: 0 | M100: 0 | N100: 0 | O100: 0 | P100: 0 | Q100: 0 | R100: 0 | S100: =SUM(E100:R100) -> 1
C101: 8. ABD. KADIR ASSEGAFF | E101: 1 | F101: 0 | G101: 0 | H101: 0 | I101: 0 | J101: 0 | K101: 0 | L101: 0 | M101: 1 | N101: 0 | O101: 0 | P101: 1 | Q101: 0 | R101: 0 | S101: =SUM(E101:R101) -> 3
C102: 9. FATHOR ZAINULLAH | E102: 0 | F102: 0 | G102: 0 | H102: 0 | I102: 0 | J102: 0 | K102: 0 | L102: 0 | M102: 0 | N102: 0 | O102: 0 | P102: 0 | Q102: 0 | R102: 0 | S102: =SUM(E102:R102) -> 0
A103: B | B103: JUMLAH SUARA SAH PARTAI POLITIK DAN CALON (A1 + A2) | E103: =SUM(E93:E102) -> 6 | F103: =SUM(F93:F102) -> 1 | G103: =SUM(G93:G102) -> 6 | H103: =SUM(H93:H102) -> 3 | I103: =SUM(I93:I102) -> 2 | J103: =SUM(J93:J102) -> 1 | K103: =SUM(K93:K102) -> 0 | L103: =SUM(L93:L102) -> 1 | ... S103: =SUM(S93:S102) -> 31
A105: A.1 | B105: 6. | C105: Partai Buruh | E105: 0 | F105: 0 | G105: 0 | H105: 1 | I105: 1 | J105: 0 | K105: 0 | L105: 0 | M105: 0 | N105: 0 | O105: 1 | P105: 1 | Q105: 0 | R105: 0 | S105: =SUM(E105:R105) -> 4
A106: A.2 | C106: 1. AGUS SUPRIYADI | E106: 0 | F106: 0 | G106: 0 | H106: 0 | I106: 0 | J106: 0 | K106: 0 | L106: 0 | M106: 0 | N106: 0 | O106: 0 | P106: 0 | Q106: 0 | R106: 0 | S106: =SUM(E106:R106) -> 0
C107: 2. ENI HARIATI | E107: 0 | F107: 0 | G107: 0 | H107: 0 | I107: 0 | J107: 1 | K107: 0 | L107: 0 | M107: 0 | N107: 0 | O107: 0 | P107: 0 | Q107: 0 | R107: 0 | S107: =SUM(E107:R107) -> 1
S108: =SUM(E108:R108) -> 0
S109: =SUM(E109:R109) -> 0
S110: =SUM(E110:R110) -> 0
S111: =SUM(E111:R111) -> 0
S112: =SUM(E112:R112) -> 0
S113: =SUM(E113:R113) -> 0
S114: =SUM(E114:R114) -> 0
A115: B | B115: JUMLAH SUARA SAH PARTAI POLITIK DAN CALON (A1 + A2) | E115: =SUM(E105:E114) -> 0 | F115: =SUM(F105:F114) -> 0 | G115: =SUM(G105:G114) -> 0 | H115: =SUM(H105:H114) -> 1 | I115: =SUM(I105:I114) -> 1 | J115: =SUM(J105:J114) -> 1 | K115: =SUM(K105:K114) -> 0 | L115: =SUM(L105:L114) -> 0 | ... S115: =SUM(S105:S114) -> 5
A117: A.1 | B117: 7. | C117: Partai Gelombang Rakyat Indonesia | E117: 1 | F117: 0 | G117: 0 | H117: 0 | I117: 0 | J117: 0 | K117: 1 | L117: 0 | M117: 0 | N117: 1 | O117: 0 | P117: 0 | Q117: 1 | R117: 0 | S117: =SUM(E117:R117) -> 4
...

Sheet KEMIRI
C2: Kecamatan | D2: SINGOJURUH
C3: Kabupaten | D3: BANYUWANGI
C4: Provinsi | D4: JAWA TIMUR
C9: Kelurahan | D9: KEMIRI
A12: I | B12: DATA PEMILIH DAN PENGGUNAAN HAK PILIH | U12: JUMLAH AKHIR
A13: A | B13: DATA PEMILIH | E13: TPS 001 | F13: TPS 002 | G13: TPS 003 | H13: TPS 004 | I13: TPS 005 | J13: TPS 006 | K13: TPS 007 | L13: TPS 008 | M13: TPS 009 | N13: TPS 010 | O13: TPS 011 | P13: TPS 012 | Q13: TPS 013 | R13: TPS 014 | S13: TPS 015 | T13: TPS 016
B14: Jumlah Pemilih dalam Daftar Pemilih Tetap (DPT) | D14: LK | U14: =SUM(E14:T14) -> 0
D15: PR | U15: =SUM(E15:T15) -> 0
D16: JML | E16: =SUM(E14:E15) -> 0 | F16: =SUM(F14:F15) -> 0 | G16: =SUM(G14:G15) -> 0 | H16: =SUM(H14:H15) -> 0 | I16: =SUM(I14:I15) -> 0 | J16: =SUM(J14:J15) -> 0 | K16: =SUM(K14:K15) -> 0 | L16: =SUM(L14:L15) -> 0 | ... T16: =SUM(T14:T15) -> 0 | U16: =SUM(E16:T16) -> 0
A18: B | B18: PENGGUNA HAK PILIH
B19: 1. | C19: Jumlah pengguna hak pilih dalam Daftar Pemilih Tetap (DPT) | D19: LK | U19: =SUM(E19:T19) -> 0
D20: PR | U20: =SUM(E20:T20) -> 0
D21: JML | E21: =SUM(E19:E20) -> 0 | F21: =SUM(F19:F20) -> 0 | G21: =SUM(G19:G20) -> 0 | H21: =SUM(H19:H20) -> 0 | I21: =SUM(I19:I20) -> 0 | J21: =SUM(J19:J20) -> 0 | K21: =SUM(K19:K20) -> 0 | L21: =SUM(L19:L20) -> 0 | ... T21: =SUM(T19:T20) -> 0 | U21: =SUM(E21:T21) -> 0
B22: 2. | C22: Jumlah pengguna hak pilih dalam Daftar Pemilih Tambahan (DPTb) | D22: LK | U22: =SUM(E22:T22) -> 0
D23: PR | U23: =SUM(E23:T23) -> 0
D24: JML | E24: =SUM(E22:E23) -> 0 | F24: =SUM(F22:F23) -> 0 | G24: =SUM(G22:G23) -> 0 | H24: =SUM(H22:H23) -> 0 | I24: =SUM(I22:I23) -> 0 | J24: =SUM(J22:J23) -> 0 | K24: =SUM(K22:K23) -> 0 | L24: =SUM(L22:L23) -> 0 | ... T24: =SUM(T22:T23) -> 0 | U24: =SUM(E24:T24) -> 0
B25: 3. | C25: Jumlah pengguna hak pilih dalam Daftar Pemilih Khusus (DPK) | D25: LK | U25: =SUM(E25:T25) -> 0
D26: PR | U26: =SUM(E26:T26) -> 0
D27: JML | E27: =SUM(E25:E26) -> 0 | F27: =SUM(F25:F26) -> 0 | G27: =SUM(G25:G26) -> 0 | H27: =SUM(H25:H26) -> 0 | I27: =SUM(I25:I26) -> 0 | J27: =SUM(J25:J26) -> 0 | K27: =SUM(K25:K26) -> 0 | L27: =SUM(L25:L26) -> 0 | ... T27: =SUM(T25:T26) -> 0 | U27: =SUM(E27:T27) -> 0
B28: 4. | C28: Jumlah Pengguna Hak Pilih (B.1+B.2+B.3) | D28: LK | E28: =SUM(E19,E22,E25) -> 0 | F28: =SUM(F19,F22,F25) -> 0 | G28: =SUM(G19,G22,G25) -> 0 | H28: =SUM(H19,H22,H25) -> 0 | I28: =SUM(I19,I22,I25) -> 0 | J28: =SUM(J19,J22,J25) -> 0 | K28: =SUM(K19,K22,K25) -> 0 | L28: =SUM(L19,L22,L25) -> 0 | ... T28: =SUM(T19,T22,T25) -> 0 | U28: =SUM(E28:T28) -> 0
D29: PR | E29: =SUM(E20,E23,E26) -> 0 | F29: =SUM(F20,F23,F26) -> 0 | G29: =SUM(G20,G23,G26) -> 0 | H29: =SUM(H20,H23,H26) -> 0 | I29: =SUM(I20,I23,I26) -> 0 | J29: =SUM(J20,J23,J26) -> 0 | K29: =SUM(K20,K23,K26) -> 0 | L29: =SUM(L20,L23,L26) -> 0 | ... T29: =SUM(T20,T23,T26) -> 0 | U29: =SUM(E29:T29) -> 0
D30: JML | E30: =SUM(E28:E29) -> 0 | F30: =SUM(F28:F29) -> 0 | G30: =SUM(G28:G29) -> 0 | H30: =SUM(H28:H29) -> 0 | I30: =SUM(I28:I29) -> 0 | J30: =SUM(J28:J29) -> 0 | K30: =SUM(K28:K29) -> 0 | L30: =SUM(L28:L29) -> 0 | ... T30: =SUM(T28:T29) -> 0 | U30: =SUM(E30:T30) -> 0
A32: II | B32: DATA PENGGUNAAN SURAT SUARA
A33: 1 | B33: Jumlah surat suara yang diterima, termasuk surat suara cadangan 2,5% dari DPT | U33: =SUM(E33:T33) -> 0
A34: 2 | B34: Jumlah surat suara yang digunakan | U34: =SUM(E34:T34) -> 0
A35: 3 | B35: Jumlah surat suara dikembalikan oleh pemilih (karena rusak atau keliru coblos) | U35: =SUM(E35:T35) -> 0
A36: 4 | B36: Jumlah surat suara yang tidak digunakan/tidak terpakai, termasuk sisa surat suara cadangan | E36: =E33-(E34+E35) -> 0 | F36: =F33-(F34+F35) -> 0 | G36: =G33-(G34+G35) -> 0 | H36: =H33-(H34+H35) -> 0 | I36: =I33-(I34+I35) -> 0 | J36: =J33-(J34+J35) -> 0 | K36: =K33-(K34+K35) -> 0 | L36: =L33-(L34+L35) -> 0 | ... T36: =T33-(T34+T35) -> 0 | U36: =SUM(E36:T36) -> 0
A38: III | B38: DATA PEMILIH DISABILITAS
B39: Jumlah seluruh Pemilih disabilitas yang menggunakan hak pilih | D39: LK | U39: =SUM(E39:T39) -> 0
D40: PR | U40: =SUM(E40:T40) -> 0
D41: JML | E41: =SUM(E39:E40) -> 0 | F41: =SUM(F39:F40) -> 0 | G41: =SUM(G39:G40) -> 0 | H41: =SUM(H39:H40) -> 0 | I41: =SUM(I39:I40) -> 0 | J41: =SUM(J39:J40) -> 0 | K41: =SUM(K39:K40) -> 0 | L41: =SUM(L39:L40) -> 0 | ... T41: =SUM(T39:T40) -> 0 | U41: =SUM(E41:T41) -> 0
A43: IV | B43: DATA RINCIAN PEROLEHAN SUARA PASANGAN CALON BUPATI DAN WAKIL BUPATI
A44: NOMOR DAN NAMA CALON
A45: A.1 | B45: 1. | C45: Partai Kebangkitan Bangsa | U45: =SUM(E45:T45) -> 0
A46: A.2 | C46: 1. Dra. Hj. MA`MULAH HARUN, M.Pd.I. | U46: =SUM(E46:T46) -> 0
C47: 2. UBAIDILLAH, S.Fil.I. | U47: =SUM(E47:T47) -> 0
C48: 3. Ir. H. YOYOK MULYADI, M.Si. | U48: =SUM(E48:T48) -> 0
C49: 4. KHOIRUL ANWAR, S.Fil.I. | U49: =SUM(E49:T49) -> 0
C50: 5. ARIF WIJAKSANA | U50: =SUM(E50:T50) -> 0
C51: 6. Dr. SITI YUMNAH | U51: =SUM(E51:T51) -> 0
C52: 7. MOHAMMAD ZAINI, M.Pd.I. | U52: =SUM(E52:T52) -> 0
C53: 8. FAWAIDUL MAKKIYAH | U53: =SUM(E53:T53) -> 0
C54: 9. IFFAH HIDAYATUR ROHMAH, S.Sos. | U54: =SUM(E54:T54) -> 0
A55: B | B55: JUMLAH SUARA SAH PARTAI POLITIK DAN CALON (A1 + A2) | E55: =SUM(E45:E54) -> 0 | F55: =SUM(F45:F54) -> 0 | G55: =SUM(G45:G54) -> 0 | H55: =SUM(H45:H54) -> 0 | I55: =SUM(I45:I54) -> 0 | J55: =SUM(J45:J54) -> 0 | K55: =SUM(K45:K54) -> 0 | L55: =SUM(L45:L54) -> 0 | ... U55: =SUM(U45:U54) -> 0
A57: A.1 | B57: 2. | C57: Partai Gerakan Indonesia Raya | U57: =SUM(E57:T57) -> 0
A58: A.2 | C58: 1. AHMAD HADINUDDIN, S.Pd.I. | U58: =SUM(E58:T58) -> 0
C59: 2. BIMA RAFSANJANI RAFID | U59: =SUM(E59:T59) -> 0
C60: 3. IRA DAMAYANTI | U60: =SUM(E60:T60) -> 0
C61: 4. MAULANA MALIK IBRAHIM, S.H. | U61: =SUM(E61:T61) -> 0
C62: 5. LULUK ALFIATI | U62: =SUM(E62:T62) -> 0
C63: 6. ILHAM WAHYUDI, S.H. | U63: =SUM(E63:T63) -> 0
C64: 7. HAERUL ANWAR, S.Pd.I. | U64: =SUM(E64:T64) -> 0
C65: 8. YOVI ADHITYA WARDANI | U65: =SUM(E65:T65) -> 0
C66: 9. RITA AMELIA | U66: =SUM(E66:T66) -> 0
A67: B | B67: JUMLAH SUARA SAH PARTAI POLITIK DAN CALON (A1 + A2) | E67: =SUM(E57:E66) -> 0 | F67: =SUM(F57:F66) -> 0 | G67: =SUM(G57:G66) -> 0 | H67: =SUM(H57:H66) -> 0 | I67: =SUM(I57:I66) -> 0 | J67: =SUM(J57:J66) -> 0 | K67: =SUM(K57:K66) -> 0 | L67: =SUM(L57:L66) -> 0 | ... U67: =SUM(U57:U66) -> 0
A69: A.1 | B69: 3. | C69: Partai Demokrasi Indonesia Perjuangan | U69: =SUM(E69:T69) -> 0
A70: A.2 | C70: 1. MARTIN H., S.H., M.H. | U70: =SUM(E70:T70) -> 0
C71: 2. HERMANTO, S.E. | U71: =SUM(E71:T71) -> 0
C72: 3. EVY SUSILAWATI, S.E., M.M. | U72: =SUM(E72:T72) -> 0
C73: 4. M. SIROTTUDIN | U73: =SUM(E73:T73) -> 0
C74: 5. ABDUL HAFID, S.H. | U74: =SUM(E74:T74) -> 0
C75: 6. NIKITA FORTUNA SURYANINGATI, A.Md.Keb. | U75: =SUM(E75:T75) -> 0
C76: 7. YUDHO ILHAM WIJAYA, S.E. | U76: =SUM(E76:T76) -> 0
C77: 8. SETIAWATI, S.H. | U77: =SUM(E77:T77) -> 0
C78: 9. EKO BUDI SANTOSO, S.H. | U78: =SUM(E78:T78) -> 0
A79: B | B79: JUMLAH SUARA SAH PARTAI POLITIK DAN CALON (A1 + A2) | E79: =SUM(E69:E78) -> 0 | F79: =SUM(F69:F78) -> 0 | G79: =SUM(G69:G78) -> 0 | H79: =SUM(H69:H78) -> 0 | I79: =SUM(I69:I78) -> 0 | J79: =SUM(J69:J78) -> 0 | K79: =SUM(K69:K78) -> 0 | L79: =SUM(L69:L78) -> 0 | ... U79: =SUM(U69:U78) -> 0
A81: A.1 | B81: 4. | C81: Partai Golongan Karya | U81: =SUM(E81:T81) -> 0
A82: A.2 | C82: 1. PRANAYA YUDHA MAHARDHIKA | U82: =SUM(E82:T82) -> 0
C83: 2. Dra. Ec. ENDANG SULASTUTY, M.I.P. | U83: =SUM(E83:T83) -> 0
C84: 3. AGUS REJEKI WARTONO | U84: =SUM(E84:T84) -> 0
C85: 4. Hj. TUTUK ASMA'A ZUCHROH, S.T., M.T. | U85: =SUM(E85:T85) -> 0
C86: 5. ADE M. RIZKI, S.E. | U86: =SUM(E86:T86) -> 0
C87: 6. ABDURAKHMAN, Bc.Kn. | U87: =SUM(E87:T87) -> 0
C88: 7. CENDY RHIYAN ADI PUTRI | U88: =SUM(E88:T88) -> 0
C89: 8. BAKTI WIJAYANTO, S.E. | U89: =SUM(E89:T89) -> 0
C90: 9. AHMAD UBAIDILLAH | U90: =SUM(E90:T90) -> 0
A91: B | B91: JUMLAH SUARA SAH PARTAI POLITIK DAN CALON (A1 + A2) | E91: =SUM(E81:E90) -> 0 | F91: =SUM(F81:F90) -> 0 | G91: =SUM(G81:G90) -> 0 | H91: =SUM(H81:H90) -> 0 | I91: =SUM(I81:I90) -> 0 | J91: =SUM(J81:J90) -> 0 | K91: =SUM(K81:K90) -> 0 | L91: =SUM(L81:L90) -> 0 | ... U91: =SUM(U81:U90) -> 0
A93: A.1 | B93: 5. | C93: Partai NasDem | U93: =SUM(E93:T93) -> 0
A94: A.2 | C94: 1. ALI MUSTOFA, A.Md. | U94: =SUM(E94:T94) -> 0
C95: 2. Hj. BUAMI, S.H. | U95: =SUM(E95:T95) -> 0
C96: 3. SUGIONO, S.H. | U96: =SUM(E96:T96) -> 0
C97: 4. LULUK SUNARMIATININGSIH | U97: =SUM(E97:T97) -> 0
C98: 5. ANTON DJULIANTO ADI | U98: =SUM(E98:T98) -> 0
C99: 6. MOKHAMAD ROFI'I KHUSNAN | U99: =SUM(E99:T99) -> 0
C100: 7. Rr SETYO WATI | U100: =SUM(E100:T100) -> 0
C101: 8. ABD. KADIR ASSEGAFF | U101: =SUM(E101:T101) -> 0
C102: 9. FATHOR ZAINULLAH | U102: =SUM(E102:T102) -> 0
A103: B | B103: JUMLAH SUARA SAH PARTAI POLITIK DAN CALON (A1 + A2) | E103: =SUM(E93:E102) -> 0 | F103: =SUM(F93:F102) -> 0 | G103: =SUM(G93:G102) -> 0 | H103: =SUM(H93:H102) -> 0 | I103: =SUM(I93:I102) -> 0 | J103: =SUM(J93:J102) -> 0 | K103: =SUM(K93:K102) -> 0 | L103: =SUM(L93:L102) -> 0 | ... U103: =SUM(U93:U102) -> 0
A105: A.1 | B105: 6. | C105: Partai Buruh | U105: =SUM(E105:T105) -> 0
A106: A.2 | C106: 1. AGUS SUPRIYADI | U106: =SUM(E106:T106) -> 0
C107: 2. ENI HARIATI | U107: =SUM(E107:T107) -> 0
U108: =SUM(E108:T108) -> 0
U109: =SUM(E109:T109) -> 0
U110: =SUM(E110:T110) -> 0
U111: =SUM(E111:T111) -> 0
U112: =SUM(E112:T112) -> 0
U113: =SUM(E113:T113) -> 0
U114: =SUM(E114:T114) -> 0
A115: B | B115: JUMLAH SUARA SAH PARTAI POLITIK DAN CALON (A1 + A2) | E115: =SUM(E105:E114) -> 0 | F115: =SUM(F105:F114) -> 0 | G115: =SUM(G105:G114) -> 0 | H115: =SUM(H105:H114) -> 0 | I115: =SUM(I105:I114) -> 0 | J115: =SUM(J105:J114) -> 0 | K115: =SUM(K105:K114) -> 0 | L115: =SUM(L105:L114) -> 0 | ... U115: =SUM(U105:U114) -> 0
A117: A.1 | B117: 7. | C117: Partai Gelombang Rakyat Indonesia | U117: =SUM(E117:T117) -> 0
...

Sheet LEMAHBANGKULON
C2: Kecamatan | D2: SINGOJURUH
C3: Kabupaten | D3: BANYUWANGI
C4: Provinsi | D4: JAWA TIMUR
C9: Kelurahan | D9: LEMAHBANGKULON
A12: I | B12: DATA PEMILIH DAN PENGGUNAAN HAK PILIH | Q12: JUMLAH AKHIR
A13: A | B13: DATA PEMILIH | E13: TPS 001 | F13: TPS 002 | G13: TPS 003 | H13: TPS 004 | I13: TPS 005 | J13: TPS 006 | K13: TPS 007 | L13: TPS 008 | M13: TPS 009 | N13: TPS 010 | O13: TPS 011 | P13: TPS 012
B14: Jumlah Pemilih dalam Daftar Pemilih Tetap (DPT) | D14: LK | E14: 124 | F14: 96 | G14: 127 | H14: 126 | I14: 121 | J14: 117 | K14: 127 | L14: 141 | M14: 108 | N14: 125 | O14: 84 | P14: 68 | Q14: =SUM(E14:P14) -> 1364
D15: PR | E15: 125 | F15: 98 | G15: 137 | H15: 122 | I15: 141 | J15: 139 | K15: 142 | L15: 138 | M15: 119 | N15: 141 | O15: 99 | P15: 83 | Q15: =SUM(E15:P15) -> 1484
D16: JML | E16: =SUM(E14:E15) -> 249 | F16: =SUM(F14:F15) -> 194 | G16: =SUM(G14:G15) -> 264 | H16: =SUM(H14:H15) -> 248 | I16: =SUM(I14:I15) -> 262 | J16: =SUM(J14:J15) -> 256 | K16: =SUM(K14:K15) -> 269 | L16: =SUM(L14:L15) -> 279 | ... P16: =SUM(P14:P15) -> 151 | Q16: =SUM(E16:P16) -> 2848
A18: B | B18: PENGGUNA HAK PILIH
B19: 1. | C19: Jumlah pengguna hak pilih dalam Daftar Pemilih Tetap (DPT) | D19: LK | E19: 85 | F19: 79 | G19: 88 | H19: 86 | I19: 93 | J19: 76 | K19: 105 | L19: 108 | M19: 75 | N19: 94 | O19: 62 | P19: 54 | Q19: =SUM(E19:P19) -> 1005
D20: PR | E20: 101 | F20: 79 | G20: 101 | H20: 94 | I20: 110 | J20: 111 | K20: 124 | L20: 105 | M20: 98 | N20: 106 | O20: 80 | P20: 62 | Q20: =SUM(E20:P20) -> 1171
D21: JML | E21: =SUM(E19:E20) -> 186 | F21: =SUM(F19:F20) -> 158 | G21: =SUM(G19:G20) -> 189 | H21: =SUM(H19:H20) -> 180 | I21: =SUM(I19:I20) -> 203 | J21: =SUM(J19:J20) -> 187 | K21: =SUM(K19:K20) -> 229 | L21: =SUM(L19:L20) -> 213 | ... P21: =SUM(P19:P20) -> 116 | Q21: =SUM(E21:P21) -> 2176
B22: 2. | C22: Jumlah pengguna hak pilih dalam Daftar Pemilih Tambahan (DPTb) | D22: LK | E22: 0 | F22: 0 | G22: 0 | H22: 0 | I22: 0 | J22: 1 | K22: 0 | L22: 1 | M22: 1 | N22: 4 | O22: 0 | P22: 1 | Q22: =SUM(E22:P22) -> 8
D23: PR | E23: 0 | F23: 1 | G23: 0 | H23: 0 | I23: 0 | J23: 1 | K23: 0 | L23: 0 | M23: 0 | N23: 3 | O23: 0 | P23: 0 | Q23: =SUM(E23:P23) -> 5
D24: JML | E24: =SUM(E22:E23) -> 0 | F24: =SUM(F22:F23) -> 1 | G24: =SUM(G22:G23) -> 0 | H24: =SUM(H22:H23) -> 0 | I24: =SUM(I22:I23) -> 0 | J24: =SUM(J22:J23) -> 2 | K24: =SUM(K22:K23) -> 0 | L24: =SUM(L22:L23) -> 1 | ... P24: =SUM(P22:P23) -> 1 | Q24: =SUM(E24:P24) -> 13
B25: 3. | C25: Jumlah pengguna hak pilih dalam Daftar Pemilih Khusus (DPK) | D25: LK | E25: 0 | F25: 2 | G25: 2 | H25: 1 | I25: 0 | J25: 1 | K25: 0 | L25: 0 | M25: 0 | N25: 0 | O25: 0 | P25: 1 | Q25: =SUM(E25:P25) -> 7
D26: PR | E26: 0 | F26: 0 | G26: 2 | H26: 0 | I26: 0 | J26: 1 | K26: 1 | L26: 0 | M26: 1 | N26: 0 | O26: 2 | P26: 1 | Q26: =SUM(E26:P26) -> 8
D27: JML | E27: =SUM(E25:E26) -> 0 | F27: =SUM(F25:F26) -> 2 | G27: =SUM(G25:G26) -> 4 | H27: =SUM(H25:H26) -> 1 | I27: =SUM(I25:I26) -> 0 | J27: =SUM(J25:J26) -> 2 | K27: =SUM(K25:K26) -> 1 | L27: =SUM(L25:L26) -> 0 | ... P27: =SUM(P25:P26) -> 2 | Q27: =SUM(E27:P27) -> 15
B28: 4. | C28: Jumlah Pengguna Hak Pilih (B.1+B.2+B.3) | D28: LK | E28: =SUM(E19,E22,E25) -> 85 | F28: =SUM(F19,F22,F25) -> 81 | G28: =SUM(G19,G22,G25) -> 90 | H28: =SUM(H19,H22,H25) -> 87 | I28: =SUM(I19,I22,I25) -> 93 | J28: =SUM(J19,J22,J25) -> 78 | K28: =SUM(K19,K22,K25) -> 105 | L28: =SUM(L19,L22,L25) -> 109 | ... P28: =SUM(P19,P22,P25) -> 56 | Q28: =SUM(E28:P28) -> 1020
D29: PR | E29: =SUM(E20,E23,E26) -> 101 | F29: =SUM(F20,F23,F26) -> 80 | G29: =SUM(G20,G23,G26) -> 103 | H29: =SUM(H20,H23,H26) -> 94 | I29: =SUM(I20,I23,I26) -> 110 | J29: =SUM(J20,J23,J26) -> 113 | K29: =SUM(K20,K23,K26) -> 125 | L29: =SUM(L20,L23,L26) -> 105 | ... P29: =SUM(P20,P23,P26) -> 63 | Q29: =SUM(E29:P29) -> 1184
D30: JML | E30: =SUM(E28:E29) -> 186 | F30: =SUM(F28:F29) -> 161 | G30: =SUM(G28:G29) -> 193 | H30: =SUM(H28:H29) -> 181 | I30: =SUM(I28:I29) -> 203 | J30: =SUM(J28:J29) -> 191 | K30: =SUM(K28:K29) -> 230 | L30: =SUM(L28:L29) -> 214 | ... P30: =SUM(P28:P29) -> 119 | Q30: =SUM(E30:P30) -> 2204
A32: II | B32: DATA PENGGUNAAN SURAT SUARA
A33: 1 | B33: Jumlah surat suara yang diterima, termasuk surat suara cadangan 2,5% dari DPT | E33: 247 | F33: 191 | G33: 263 | H33: 248 | I33: 261 | J33: 255 | K33: 265 | L33: 283 | M33: 225 | N33: 268 | O33: 180 | P33: 149 | Q33: =SUM(E33:P33) -> 2835
A34: 2 | B34: Jumlah surat suara yang digunakan | E34: 186 | F34: 161 | G34: 193 | H34: 181 | I34: 203 | J34: 191 | K34: 230 | L34: 214 | M34: 175 | N34: 207 | O34: 144 | P34: 119 | Q34: =SUM(E34:P34) -> 2204
A35: 3 | B35: Jumlah surat suara dikembalikan oleh pemilih (karena rusak atau keliru coblos) | E35: 0 | F35: 0 | G35: 0 | H35: 0 | I35: 0 | J35: 0 | K35: 0 | L35: 0 | M35: 0 | N35: 1 | O35: 0 | P35: 2 | Q35: =SUM(E35:P35) -> 3
A36: 4 | B36: Jumlah surat suara yang tidak digunakan/tidak terpakai, termasuk sisa surat suara cadangan | E36: =E33-(E34+E35) -> 61 | F36: =F33-(F34+F35) -> 30 | G36: =G33-(G34+G35) -> 70 | H36: =H33-(H34+H35) -> 67 | I36: =I33-(I34+I35) -> 58 | J36: =J33-(J34+J35) -> 64 | K36: =K33-(K34+K35) -> 35 | L36: =L33-(L34+L35) -> 69 | ... P36: =P33-(P34+P35) -> 28 | Q36: =SUM(E36:P36) -> 628
A38: III | B38: DATA PEMILIH DISABILITAS
B39: Jumlah seluruh Pemilih disabilitas yang menggunakan hak pilih | D39: LK | E39: 0 | F39: 2 | G39: 0 | H39: 0 | I39: 0 | J39: 0 | K39: 0 | L39: 0 | M39: 0 | N39: 1 | O39: 0 | P39: 0 | Q39: =SUM(E39:P39) -> 3
D40: PR | E40: 0 | F40: 0 | G40: 0 | H40: 0 | I40: 0 | J40: 4 | K40: 0 | L40: 0 | M40: 0 | N40: 4 | O40: 0 | P40: 0 | Q40: =SUM(E40:P40) -> 8
D41: JML | E41: =SUM(E39:E40) -> 0 | F41: =SUM(F39:F40) -> 2 | G41: =SUM(G39:G40) -> 0 | H41: =SUM(H39:H40) -> 0 | I41: =SUM(I39:I40) -> 0 | J41: =SUM(J39:J40) -> 4 | K41: =SUM(K39:K40) -> 0 | L41: =SUM(L39:L40) -> 0 | ... P41: =SUM(P39:P40) -> 0 | Q41: =SUM(E41:P41) -> 11
A43: IV | B43: DATA RINCIAN PEROLEHAN SUARA PASANGAN CALON BUPATI DAN WAKIL BUPATI
A44: NOMOR DAN NAMA CALON
A45: A.1 | B45: 1. | C45: Partai Kebangkitan Bangsa | E45: 7 | F45: 9 | G45: 5 | H45: 5 | I45: 9 | J45: 10 | K45: 13 | L45: 4 | M45: 9 | N45: 12 | O45: 3 | P45: 8 | Q45: =SUM(E45:P45) -> 94
A46: A.2 | C46: 1. Dra. Hj. MA`MULAH HARUN, M.Pd.I. | E46: 8 | F46: 8 | G46: 8 | H46: 6 | I46: 14 | J46: 9 | K46: 7 | L46: 10 | M46: 20 | N46: 25 | O46: 6 | P46: 8 | Q46: =SUM(E46:P46) -> 129
C47: 2. UBAIDILLAH, S.Fil.I. | E47: 6 | F47: 12 | G47: 2 | H47: 7 | I47: 2 | J47: 4 | K47: 8 | L47: 4 | M47: 0 | N47: 8 | O47: 1 | P47: 1 | Q47: =SUM(E47:P47) -> 55
C48: 3. Ir. H. YOYOK MULYADI, M.Si. | E48: 0 | F48: 1 | G48: 0 | H48: 0 | I48: 1 | J48: 0 | K48: 1 | L48: 2 | M48: 3 | N48: 0 | O48: 0 | P48: 0 | Q48: =SUM(E48:P48) -> 8
C49: 4. KHOIRUL ANWAR, S.Fil.I. | E49: 0 | F49: 1 | G49: 2 | H49: 0 | I49: 0 | J49: 2 | K49: 2 | L49: 1 | M49: 2 | N49: 2 | O49: 0 | P49: 1 | Q49: =SUM(E49:P49) -> 13
C50: 5. ARIF WIJAKSANA | E50: 0 | F50: 0 | G50: 0 | H50: 0 | I50: 0 | J50: 2 | K50: 0 | L50: 0 | M50: 0 | N50: 1 | O50: 0 | P50: 0 | Q50: =SUM(E50:P50) -> 3
C51: 6. Dr. SITI YUMNAH | E51: 0 | F51: 0 | G51: 0 | H51: 0 | I51: 0 | J51: 0 | K51: 0 | L51: 0 | M51: 0 | N51: 1 | O51: 0 | P51: 0 | Q51: =SUM(E51:P51) -> 1
C52: 7. MOHAMMAD ZAINI, M.Pd.I. | E52: 0 | F52: 0 | G52: 0 | H52: 0 | I52: 0 | J52: 0 | K52: 0 | L52: 0 | M52: 0 | N52: 0 | O52: 1 | P52: 0 | Q52: =SUM(E52:P52) -> 1
C53: 8. FAWAIDUL MAKKIYAH | E53: 0 | F53: 0 | G53: 0 | H53: 0 | I53: 0 | J53: 0 | K53: 0 | L53: 0 | M53: 1 | N53: 0 | O53: 0 | P53: 0 | Q53: =SUM(E53:P53) -> 1
C54: 9. IFFAH HIDAYATUR ROHMAH, S.Sos. | E54: 1 | F54: 0 | G54: 1 | H54: 0 | I54: 0 | J54: 0 | K54: 0 | L54: 0 | M54: 1 | N54: 0 | O54: 0 | P54: 0 | Q54: =SUM(E54:P54) -> 3
A55: B | B55: JUMLAH SUARA SAH PARTAI POLITIK DAN CALON (A1 + A2) | E55: =SUM(E45:E54) -> 22 | F55: =SUM(F45:F54) -> 31 | G55: =SUM(G45:G54) -> 18 | H55: =SUM(H45:H54) -> 18 | I55: =SUM(I45:I54) -> 26 | J55: =SUM(J45:J54) -> 27 | K55: =SUM(K45:K54) -> 31 | L55: =SUM(L45:L54) -> 21 | ... Q55: =SUM(Q45:Q54) -> 308
A57: A.1 | B57: 2. | C57: Partai Gerakan Indonesia Raya | E57: 23 | F57: 19 | G57: 14 | H57: 16 | I57: 6 | J57: 26 | K57: 18 | L57: 5 | M57: 17 | N57: 17 | O57: 3 | P57: 6 | Q57: =SUM(E57:P57) -> 170
A58: A.2 | C58: 1. AHMAD HADINUDDIN, S.Pd.I. | E58: 2 | F58: 5 | G58: 10 | H58: 11 | I58: 8 | J58: 11 | K58: 9 | L58: 3 | M58: 7 | N58: 7 | O58: 5 | P58: 4 | Q58: =SUM(E58:P58) -> 82
C59: 2. BIMA RAFSANJANI RAFID | E59: 8 | F59: 8 | G59: 11 | H59: 9 | I59: 9 | J59: 10 | K59: 20 | L59: 11 | M59: 10 | N59: 10 | O59: 6 | P59: 4 | Q59: =SUM(E59:P59) -> 116
C60: 3. IRA DAMAYANTI | E60: 3 | F60: 5 | G60: 1 | H60: 3 | I60: 0 | J60: 2 | K60: 4 | L60: 1 | M60: 4 | N60: 0 | O60: 2 | P60: 1 | Q60: =SUM(E60:P60) -> 26
C61: 4. MAULANA MALIK IBRAHIM, S.H. | E61: 9 | F61: 3 | G61: 11 | H61: 1 | I61: 12 | J61: 8 | K61: 2 | L61: 1 | M61: 4 | N61: 6 | O61: 1 | P61: 2 | Q61: =SUM(E61:P61) -> 60
C62: 5. LULUK ALFIATI | E62: 1 | F62: 2 | G62: 1 | H62: 0 | I62: 1 | J62: 1 | K62: 4 | L62: 0 | M62: 1 | N62: 2 | O62: 0 | P62: 1 | Q62: =SUM(E62:P62) -> 14
C63: 6. ILHAM WAHYUDI, S.H. | E63: 1 | F63: 0 | G63: 0 | H63: 0 | I63: 0 | J63: 1 | K63: 0 | L63: 0 | M63: 2 | N63: 0 | O63: 0 | P63: 0 | Q63: =SUM(E63:P63) -> 4
C64: 7. HAERUL ANWAR, S.Pd.I. | E64: 1 | F64: 0 | G64: 0 | H64: 0 | I64: 1 | J64: 0 | K64: 0 | L64: 0 | M64: 0 | N64: 1 | O64: 0 | P64: 0 | Q64: =SUM(E64:P64) -> 3
C65: 8. YOVI ADHITYA WARDANI | E65: 0 | F65: 1 | G65: 0 | H65: 0 | I65: 0 | J65: 0 | K65: 0 | L65: 0 | M65: 0 | N65: 0 | O65: 0 | P65: 0 | Q65: =SUM(E65:P65) -> 1
C66: 9. RITA AMELIA | E66: 0 | F66: 1 | G66: 0 | H66: 0 | I66: 0 | J66: 0 | K66: 0 | L66: 0 | M66: 0 | N66: 0 | O66: 0 | P66: 0 | Q66: =SUM(E66:P66) -> 1
A67: B | B67: JUMLAH SUARA SAH PARTAI POLITIK DAN CALON (A1 + A2) | E67: =SUM(E57:E66) -> 48 | F67: =SUM(F57:F66) -> 44 | G67: =SUM(G57:G66) -> 48 | H67: =SUM(H57:H66) -> 40 | I67: =SUM(I57:I66) -> 37 | J67: =SUM(J57:J66) -> 59 | K67: =SUM(K57:K66) -> 57 | L67: =SUM(L57:L66) -> 21 | ... Q67: =SUM(Q57:Q66) -> 477
A69: A.1 | B69: 3. | C69: Partai Demokrasi Indonesia Perjuangan | E69: 7 | F69: 5 | G69: 13 | H69: 16 | I69: 10 | J69: 10 | K69: 22 | L69: 18 | M69: 7 | N69: 14 | O69: 12 | P69: 4 | Q69: =SUM(E69:P69) -> 138
A70: A.2 | C70: 1. MARTIN H., S.H., M.H. | E70: 2 | F70: 2 | G70: 7 | H70: 6 | I70: 7 | J70: 5 | K70: 13 | L70: 23 | M70: 5 | N70: 5 | O70: 5 | P70: 5 | Q70: =SUM(E70:P70) -> 85
C71: 2. HERMANTO, S.E. | E71: 10 | F71: 3 | G71: 5 | H71: 10 | I71: 14 | J71: 7 | K71: 5 | L71: 31 | M71: 1 | N71: 3 | O71: 52 | P71: 15 | Q71: =SUM(E71:P71) -> 156
C72: 3. EVY SUSILAWATI, S.E., M.M. | E72: 4 | F72: 2 | G72: 3 | H72: 4 | I72: 4 | J72: 5 | K72: 5 | L72: 7 | M72: 4 | N72: 4 | O72: 0 | P72: 1 | Q72: =SUM(E72:P72) -> 43
C73: 4. M. SIROTTUDIN | E73: 0 | F73: 1 | G73: 5 | H73: 2 | I73: 6 | J73: 2 | K73: 4 | L73: 2 | M73: 2 | N73: 1 | O73: 5 | P73: 0 | Q73: =SUM(E73:P73) -> 30
C74: 5. ABDUL HAFID, S.H. | E74: 1 | F74: 1 | G74: 1 | H74: 3 | I74: 0 | J74: 0 | K74: 2 | L74: 1 | M74: 0 | N74: 2 | O74: 0 | P74: 0 | Q74: =SUM(E74:P74) -> 11
C75: 6. NIKITA FORTUNA SURYANINGATI, A.Md.Keb. | E75: 0 | F75: 0 | G75: 1 | H75: 2 | I75: 1 | J75: 1 | K75: 0 | L75: 1 | M75: 0 | N75: 0 | O75: 0 | P75: 1 | Q75: =SUM(E75:P75) -> 7
C76: 7. YUDHO ILHAM WIJAYA, S.E. | E76: 0 | F76: 0 | G76: 1 | H76: 0 | I76: 0 | J76: 0 | K76: 1 | L76: 0 | M76: 0 | N76: 0 | O76: 0 | P76: 0 | Q76: =SUM(E76:P76) -> 2
C77: 8. SETIAWATI, S.H. | E77: 1 | F77: 1 | G77: 0 | H77: 0 | I77: 0 | J77: 0 | K77: 0 | L77: 0 | M77: 2 | N77: 0 | O77: 0 | P77: 0 | Q77: =SUM(E77:P77) -> 4
C78: 9. EKO BUDI SANTOSO, S.H. | E78: 1 | F78: 0 | G78: 1 | H78: 0 | I78: 2 | J78: 2 | K78: 0 | L78: 2 | M78: 1 | N78: 0 | O78: 0 | P78: 0 | Q78: =SUM(E78:P78) -> 9
A79: B | B79: JUMLAH SUARA SAH PARTAI POLITIK DAN CALON (A1 + A2) | E79: =SUM(E69:E78) -> 26 | F79: =SUM(F69:F78) -> 15 | G79: =SUM(G69:G78) -> 37 | H79: =SUM(H69:H78) -> 43 | I79: =SUM(I69:I78) -> 44 | J79: =SUM(J69:J78) -> 32 | K79: =SUM(K69:K78) -> 52 | L79: =SUM(L69:L78) -> 85 | ... Q79: =SUM(Q69:Q78) -> 485
A81: A.1 | B81: 4. | C81: Partai Golongan Karya | E81: 2 | F81: 3 | G81: 4 | H81: 5 | I81: 5 | J81: 6 | K81: 1 | L81: 4 | M81: 1 | N81: 5 | O81: 0 | P81: 4 | Q81: =SUM(E81:P81) -> 40
A82: A.2 | C82: 1. PRANAYA YUDHA MAHARDHIKA | E82: 4 | F82: 2 | G82: 8 | H82: 4 | I82: 2 | J82: 9 | K82: 3 | L82: 3 | M82: 1 | N82: 2 | O82: 2 | P82: 4 | Q82: =SUM(E82:P82) -> 44
C83: 2. Dra. Ec. ENDANG SULASTUTY, M.I.P. | E83: 2 | F83: 0 | G83: 3 | H83: 1 | I83: 1 | J83: 0 | K83: 0 | L83: 0 | M83: 0 | N83: 0 | O83: 1 | P83: 0 | Q83: =SUM(E83:P83) -> 8
C84: 3. AGUS REJEKI WARTONO | E84: 0 | F84: 1 | G84: 0 | H84: 0 | I84: 2 | J84: 0 | K84: 0 | L84: 0 | M84: 3 | N84: 2 | O84: 0 | P84: 0 | Q84: =SUM(E84:P84) -> 8
C85: 4. Hj. TUTUK ASMA'A ZUCHROH, S.T., M.T. | E85: 1 | F85: 0 | G85: 1 | H85: 0 | I85: 0 | J85: 1 | K85: 3 | L85: 0 | M85: 0 | N85: 1 | O85: 1 | P85: 0 | Q85: =SUM(E85:P85) -> 8
C86: 5. ADE M. RIZKI, S.E. | E86: 3 | F86: 0 | G86: 3 | H86: 5 | I86: 10 | J86: 3 | K86: 4 | L86: 15 | M86: 16 | N86: 14 | O86: 0 | P86: 1 | Q86: =SUM(E86:P86) -> 74
C87: 6. ABDURAKHMAN, Bc.Kn. | E87: 0 | F87: 0 | G87: 0 | H87: 0 | I87: 0 | J87: 0 | K87: 0 | L87: 0 | M87: 0 | N87: 0 | O87: 0 | P87: 0 | Q87: =SUM(E87:P87) -> 0
C88: 7. CENDY RHIYAN ADI PUTRI | E88: 0 | F88: 0 | G88: 0 | H88: 0 | I88: 0 | J88: 0 | K88: 0 | L88: 0 | M88: 0 | N88: 0 | O88: 0 | P88: 0 | Q88: =SUM(E88:P88) -> 0
C89: 8. BAKTI WIJAYANTO, S.E. | E89: 0 | F89: 0 | G89: 0 | H89: 0 | I89: 0 | J89: 0 | K89: 0 | L89: 0 | M89: 0 | N89: 0 | O89: 0 | P89: 0 | Q89: =SUM(E89:P89) -> 0
C90: 9. AHMAD UBAIDILLAH | E90: 1 | F90: 0 | G90: 0 | H90: 0 | I90: 1 | J90: 1 | K90: 0 | L90: 0 | M90: 0 | N90: 0 | O90: 0 | P90: 1 | Q90: =SUM(E90:P90) -> 4
A91: B | B91: JUMLAH SUARA SAH PARTAI POLITIK DAN CALON (A1 + A2) | E91: =SUM(E81:E90) -> 13 | F91: =SUM(F81:F90) -> 6 | G91: =SUM(G81:G90) -> 19 | H91: =SUM(H81:H90) -> 15 | I91: =SUM(I81:I90) -> 21 | J91: =SUM(J81:J90) -> 20 | K91: =SUM(K81:K90) -> 11 | L91: =SUM(L81:L90) -> 22 | ... Q91: =SUM(Q81:Q90) -> 186
A93: A.1 | B93: 5. | C93: Partai NasDem | E93: 2 | F93: 1 | G93: 0 | H93: 2 | I93: 0 | J93: 1 | K93: 1 | L93: 0 | M93: 0 | N93: 1 | O93: 0 | P93: 3 | Q93: =SUM(E93:P93) -> 11
A94: A.2 | C94: 1. ALI MUSTOFA, A.Md. | E94: 1 | F94: 0 | G94: 9 | H94: 0 | I94: 0 | J94: 0 | K94: 0 | L94: 0 | M94: 0 | N94: 1 | O94: 0 | P94: 0 | Q94: =SUM(E94:P94) -> 11
C95: 2. Hj. BUAMI, S.H. | E95: 0 | F95: 0 | G95: 0 | H95: 0 | I95: 0 | J95: 0 | K95: 0 | L95: 0 | M95: 0 | N95: 0 | O95: 0 | P95: 0 | Q95: =SUM(E95:P95) -> 0
C96: 3. SUGIONO, S.H. | E96: 0 | F96: 0 | G96: 0 | H96: 0 | I96: 0 | J96: 0 | K96: 0 | L96: 0 | M96: 0 | N96: 0 | O96: 0 | P96: 0 | Q96: =SUM(E96:P96) -> 0
C97: 4. LULUK SUNARMIATININGSIH | E97: 0 | F97: 0 | G97: 0 | H97: 0 | I97: 1 | J97: 0 | K97: 0 | L97: 0 | M97: 1 | N97: 0 | O97: 0 | P97: 0 | Q97: =SUM(E97:P97) -> 2
C98: 5. ANTON DJULIANTO ADI | E98: 0 | F98: 0 | G98: 0 | H98: 0 | I98: 0 | J98: 1 | K98: 1 | L98: 0 | M98: 0 | N98: 1 | O98: 0 | P98: 0 | Q98: =SUM(E98:P98) -> 3
C99: 6. MOKHAMAD ROFI'I KHUSNAN | E99: 0 | F99: 0 | G99: 0 | H99: 0 | I99: 1 | J99: 0 | K99: 0 | L99: 0 | M99: 0 | N99: 0 | O99: 0 | P99: 0 | Q99: =SUM(E99:P99) -> 1
C100: 7. Rr SETYO WATI | E100: 0 | F100: 0 | G100: 0 | H100: 0 | I100: 0 | J100: 0 | K100: 0 | L100: 0 | M100: 0 | N100: 0 | O100: 0 | P100: 0 | Q100: =SUM(E100:P100) -> 0
C101: 8. ABD. KADIR ASSEGAFF | E101: 0 | F101: 0 | G101: 0 | H101: 0 | I101: 0 | J101: 0 | K101: 0 | L101: 0 | M101: 0 | N101: 0 | O101: 0 | P101: 0 | Q101: =SUM(E101:P101) -> 0
C102: 9. FATHOR ZAINULLAH | E102: 0 | F102: 0 | G102: 0 | H102: 0 | I102: 0 | J102: 0 | K102: 0 | L102: 0 | M102: 0 | N102: 0 | O102: 0 | P102: 0 | Q102: =SUM(E102:P102) -> 0
A103: B | B103: JUMLAH SUARA SAH PARTAI POLITIK DAN CALON (A1 + A2) | E103: =SUM(E93:E102) -> 3 | F103: =SUM(F93:F102) -> 1 | G103: =SUM(G93:G102) -> 9 | H103: =SUM(H93:H102) -> 2 | I103: =SUM(I93:I102) -> 2 | J103: =SUM(J93:J102) -> 2 | K103: =SUM(K93:K102) -> 2 | L103: =SUM(L93:L102) -> 0 | ... Q103: =SUM(Q93:Q102) -> 28
A105: A.1 | B105: 6. | C105: Partai Buruh | E105: 1 | F105: 1 | G105: 0 | H105: 3 | I105: 2 | J105: 0 | K105: 1 | L105: 0 | M105: 2 | N105: 1 | O105: 0 | P105: 0 | Q105: =SUM(E105:P105) -> 11
A106: A.2 | C106: 1. AGUS SUPRIYADI | E106: 0 | F106: 0 | G106: 0 | H106: 0 | I106: 1 | J106: 0 | K106: 0 | L106: 0 | M106: 0 | N106: 0 | O106: 0 | P106: 0 | Q106: =SUM(E106:P106) -> 1
C107: 2. ENI HARIATI | E107: 1 | F107: 0 | G107: 0 | H107: 0 | I107: 0 | J107: 1 | K107: 0 | L107: 0 | M107: 1 | N107: 0 | O107: 0 | P107: 1 | Q107: =SUM(E107:P107) -> 4
Q108: =SUM(E108:P108) -> 0
Q109: =SUM(E109:P109) -> 0
Q110: =SUM(E110:P110) -> 0
Q111: =SUM(E111:P111) -> 0
Q112: =SUM(E112:P112) -> 0
Q113: =SUM(E113:P113) -> 0
Q114: =SUM(E114:P114) -> 0
A115: B | B115: JUMLAH SUARA SAH PARTAI POLITIK DAN CALON (A1 + A2) | E115: =SUM(E105:E114) -> 2 | F115: =SUM(F105:F114) -> 1 | G115: =SUM(G105:G114) -> 0 | H115: =SUM(H105:H114) -> 3 | I115: =SUM(I105:I114) -> 3 | J115: =SUM(J105:J114) -> 1 | K115: =SUM(K105:K114) -> 1 | L115: =SUM(L105:L114) -> 0 | ... Q115: =SUM(Q105:Q114) -> 16
A117: A.1 | B117: 7. | C117: Partai Gelombang Rakyat Indonesia | E117: 0 | F117: 2 | G117: 1 | H117: 1 | I117: 0 | J117: 0 | K117: 0 | L117: 0 | M117: 1 | N117: 0 | O117: 1 | P117: 0 | Q117: =SUM(E117:P117) -> 6
...

Sheet PADANG
C2: Kecamatan | D2: SINGOJURUH
C3: Kabupaten | D3: BANYUWANGI
C4: Provinsi | D4: JAWA TIMUR
C9: Kelurahan | D9: PADANG
A12: I | B12: DATA PEMILIH DAN PENGGUNAAN HAK PILIH | Q12: JUMLAH AKHIR
A13: A | B13: DATA PEMILIH | E13: TPS 001 | F13: TPS 002 | G13: TPS 003 | H13: TPS 004 | I13: TPS 005 | J13: TPS 006 | K13: TPS 007 | L13: TPS 008 | M13: TPS 009 | N13: TPS 010 | O13: TPS 011 | P13: TPS 012
B14: Jumlah Pemilih dalam Daftar Pemilih Tetap (DPT) | D14: LK | E14: 139 | F14: 134 | G14: 138 | H14: 136 | I14: 114 | J14: 128 | K14: 115 | L14: 133 | M14: 112 | N14: 135 | O14: 124 | P14: 119 | Q14: =SUM(E14:P14) -> 1527
D15: PR | E15: 140 | F15: 129 | G15: 141 | H15: 137 | I15: 124 | J15: 138 | K15: 118 | L15: 138 | M15: 118 | N15: 146 | O15: 138 | P15: 120 | Q15: =SUM(E15:P15) -> 1587
D16: JML | E16: =SUM(E14:E15) -> 279 | F16: =SUM(F14:F15) -> 263 | G16: =SUM(G14:G15) -> 279 | H16: =SUM(H14:H15) -> 273 | I16: =SUM(I14:I15) -> 238 | J16: =SUM(J14:J15) -> 266 | K16: =SUM(K14:K15) -> 233 | L16: =SUM(L14:L15) -> 271 | ... P16: =SUM(P14:P15) -> 239 | Q16: =SUM(E16:P16) -> 3114
A18: B | B18: PENGGUNA HAK PILIH
B19: 1. | C19: Jumlah pengguna hak pilih dalam Daftar Pemilih Tetap (DPT) | D19: LK | E19: 120 | F19: 107 | G19: 100 | H19: 100 | I19: 93 | J19: 107 | K19: 90 | L19: 110 | M19: 88 | N19: 100 | O19: 88 | P19: 90 | Q19: =SUM(E19:P19) -> 1193
D20: PR | E20: 116 | F20: 115 | G20: 111 | H20: 109 | I20: 113 | J20: 120 | K20: 102 | L20: 119 | M20: 95 | N20: 107 | O20: 110 | P20: 97 | Q20: =SUM(E20:P20) -> 1314
D21: JML | E21: =SUM(E19:E20) -> 236 | F21: =SUM(F19:F20) -> 222 | G21: =SUM(G19:G20) -> 211 | H21: =SUM(H19:H20) -> 209 | I21: =SUM(I19:I20) -> 206 | J21: =SUM(J19:J20) -> 227 | K21: =SUM(K19:K20) -> 192 | L21: =SUM(L19:L20) -> 229 | ... P21: =SUM(P19:P20) -> 187 | Q21: =SUM(E21:P21) -> 2507
B22: 2. | C22: Jumlah pengguna hak pilih dalam Daftar Pemilih Tambahan (DPTb) | D22: LK | E22: 2 | F22: 0 | G22: 1 | H22: 0 | I22: 0 | J22: 1 | K22: 1 | L22: 0 | M22: 0 | N22: 0 | O22: 0 | P22: 2 | Q22: =SUM(E22:P22) -> 7
D23: PR | E23: 3 | F23: 2 | G23: 0 | H23: 1 | I23: 0 | J23: 0 | K23: 0 | L23: 0 | M23: 1 | N23: 1 | O23: 0 | Q23: =SUM(E23:P23) -> 8
D24: JML | E24: =SUM(E22:E23) -> 5 | F24: =SUM(F22:F23) -> 2 | G24: =SUM(G22:G23) -> 1 | H24: =SUM(H22:H23) -> 1 | I24: =SUM(I22:I23) -> 0 | J24: =SUM(J22:J23) -> 1 | K24: =SUM(K22:K23) -> 1 | L24: =SUM(L22:L23) -> 0 | ... P24: =SUM(P22:P23) -> 2 | Q24: =SUM(E24:P24) -> 15
B25: 3. | C25: Jumlah pengguna hak pilih dalam Daftar Pemilih Khusus (DPK) | D25: LK | E25: 0 | F25: 1 | G25: 0 | H25: 1 | I25: 2 | J25: 0 | K25: 1 | L25: 2 | M25: 0 | N25: 2 | O25: 1 | P25: 2 | Q25: =SUM(E25:P25) -> 12
D26: PR | E26: 0 | F26: 0 | G26: 0 | H26: 2 | I26: 2 | J26: 1 | K26: 3 | L26: 2 | M26: 0 | N26: 1 | O26: 3 | Q26: =SUM(E26:P26) -> 14
D27: JML | E27: =SUM(E25:E26) -> 0 | F27: =SUM(F25:F26) -> 1 | G27: =SUM(G25:G26) -> 0 | H27: =SUM(H25:H26) -> 3 | I27: =SUM(I25:I26) -> 4 | J27: =SUM(J25:J26) -> 1 | K27: =SUM(K25:K26) -> 4 | L27: =SUM(L25:L26) -> 4 | ... P27: =SUM(P25:P26) -> 2 | Q27: =SUM(E27:P27) -> 26
B28: 4. | C28: Jumlah Pengguna Hak Pilih (B.1+B.2+B.3) | D28: LK | E28: =SUM(E19,E22,E25) -> 122 | F28: =SUM(F19,F22,F25) -> 108 | G28: =SUM(G19,G22,G25) -> 101 | H28: =SUM(H19,H22,H25) -> 101 | I28: =SUM(I19,I22,I25) -> 95 | J28: =SUM(J19,J22,J25) -> 108 | K28: =SUM(K19,K22,K25) -> 92 | L28: =SUM(L19,L22,L25) -> 112 | ... P28: =SUM(P19,P22,P25) -> 94 | Q28: =SUM(E28:P28) -> 1212
D29: PR | E29: =SUM(E20,E23,E26) -> 119 | F29: =SUM(F20,F23,F26) -> 117 | G29: =SUM(G20,G23,G26) -> 111 | H29: =SUM(H20,H23,H26) -> 112 | I29: =SUM(I20,I23,I26) -> 115 | J29: =SUM(J20,J23,J26) -> 121 | K29: =SUM(K20,K23,K26) -> 105 | L29: =SUM(L20,L23,L26) -> 121 | ... P29: =SUM(P20,P23,P26) -> 97 | Q29: =SUM(E29:P29) -> 1336
D30: JML | E30: =SUM(E28:E29) -> 241 | F30: =SUM(F28:F29) -> 225 | G30: =SUM(G28:G29) -> 212 | H30: =SUM(H28:H29) -> 213 | I30: =SUM(I28:I29) -> 210 | J30: =SUM(J28:J29) -> 229 | K30: =SUM(K28:K29) -> 197 | L30: =SUM(L28:L29) -> 233 | ... P30: =SUM(P28:P29) -> 191 | Q30: =SUM(E30:P30) -> 2548
A32: II | B32: DATA PENGGUNAAN SURAT SUARA
A33: 1 | B33: Jumlah surat suara yang diterima, termasuk surat suara cadangan 2,5% dari DPT | E33: 282 | F33: 266 | G33: 282 | H33: 267 | I33: 240 | J33: 272 | K33: 225 | L33: 275 | M33: 222 | N33: 284 | O33: 266 | P33: 241 | Q33: =SUM(E33:P33) -> 3122
A34: 2 | B34: Jumlah surat suara yang digunakan | E34: 241 | F34: 225 | G34: 212 | H34: 213 | I34: 210 | J34: 229 | K34: 197 | L34: 233 | M34: 184 | N34: 211 | O34: 202 | P34: 191 | Q34: =SUM(E34:P34) -> 2548
A35: 3 | B35: Jumlah surat suara dikembalikan oleh pemilih (karena rusak atau keliru coblos) | E35: 0 | F35: 1 | G35: 2 | H35: 3 | I35: 1 | J35: 0 | K35: 0 | L35: 0 | M35: 0 | N35: 0 | O35: 0 | P35: 0 | Q35: =SUM(E35:P35) -> 7
A36: 4 | B36: Jumlah surat suara yang tidak digunakan/tidak terpakai, termasuk sisa surat suara cadangan | E36: =E33-(E34+E35) -> 41 | F36: =F33-(F34+F35) -> 40 | G36: =G33-(G34+G35) -> 68 | H36: =H33-(H34+H35) -> 51 | I36: =I33-(I34+I35) -> 29 | J36: =J33-(J34+J35) -> 43 | K36: =K33-(K34+K35) -> 28 | L36: =L33-(L34+L35) -> 42 | ... P36: =P33-(P34+P35) -> 50 | Q36: =SUM(E36:P36) -> 567
A38: III | B38: DATA PEMILIH DISABILITAS
B39: Jumlah seluruh Pemilih disabilitas yang menggunakan hak pilih | D39: LK | L39: 1 | Q39: =SUM(E39:P39) -> 1
D40: PR | J40: 1 | L40: 1 | Q40: =SUM(E40:P40) -> 2
D41: JML | E41: =SUM(E39:E40) -> 0 | F41: =SUM(F39:F40) -> 0 | G41: =SUM(G39:G40) -> 0 | H41: =SUM(H39:H40) -> 0 | I41: =SUM(I39:I40) -> 0 | J41: =SUM(J39:J40) -> 1 | K41: =SUM(K39:K40) -> 0 | L41: =SUM(L39:L40) -> 2 | ... P41: =SUM(P39:P40) -> 0 | Q41: =SUM(E41:P41) -> 3
A43: IV | B43: DATA RINCIAN PEROLEHAN SUARA PASANGAN CALON BUPATI DAN WAKIL BUPATI
A44: NOMOR DAN NAMA CALON
A45: A.1 | B45: 1. | C45: Partai Kebangkitan Bangsa | E45: 13 | F45: 12 | G45: 11 | H45: 12 | I45: 9 | J45: 8 | K45: 14 | L45: 9 | M45: 4 | N45: 12 | O45: 12 | P45: 5 | Q45: =SUM(E45:P45) -> 121
A46: A.2 | C46: 1. Dra. Hj. MA`MULAH HARUN, M.Pd.I. | E46: 29 | F46: 32 | G46: 22 | H46: 43 | I46: 21 | J46: 22 | K46: 9 | L46: 27 | M46: 10 | N46: 22 | O46: 12 | P46: 20 | Q46: =SUM(E46:P46) -> 269
C47: 2. UBAIDILLAH, S.Fil.I. | E47: 4 | F47: 5 | G47: 6 | H47: 2 | I47: 2 | J47: 5 | K47: 4 | L47: 1 | M47: 2 | N47: 3 | O47: 6 | P47: 4 | Q47: =SUM(E47:P47) -> 44
C48: 3. Ir. H. YOYOK MULYADI, M.Si. | E48: 2 | F48: 1 | G48: 1 | H48: 1 | I48: 1 | J48: 0 | K48: 1 | L48: 3 | M48: 1 | N48: 0 | O48: 0 | P48: 1 | Q48: =SUM(E48:P48) -> 12
C49: 4. KHOIRUL ANWAR, S.Fil.I. | F49: 1 | H49: 2 | I49: 0 | J49: 0 | K49: 0 | L49: 3 | M49: 0 | N49: 3 | O49: 3 | P49: 0 | Q49: =SUM(E49:P49) -> 12
C50: 5. ARIF WIJAKSANA | E50: 1 | F50: 0 | H50: 1 | I50: 0 | J50: 0 | K50: 1 | L50: 1 | M50: 0 | N50: 0 | O50: 1 | P50: 1 | Q50: =SUM(E50:P50) -> 6
C51: 6. Dr. SITI YUMNAH | E51: 1 | F51: 0 | G51: 0 | H51: 1 | I51: 0 | J51: 1 | K51: 1 | L51: 1 | M51: 0 | N51: 3 | O51: 0 | P51: 0 | Q51: =SUM(E51:P51) -> 8
C52: 7. MOHAMMAD ZAINI, M.Pd.I. | E52: 1 | F52: 0 | G52: 0 | H52: 0 | I52: 4 | J52: 0 | K52: 0 | L52: 0 | M52: 1 | N52: 2 | O52: 0 | P52: 0 | Q52: =SUM(E52:P52) -> 8
C53: 8. FAWAIDUL MAKKIYAH | E53: 0 | F53: 0 | G53: 0 | H53: 1 | I53: 0 | J53: 0 | K53: 0 | L53: 0 | M53: 0 | N53: 1 | O53: 0 | P53: 0 | Q53: =SUM(E53:P53) -> 2
C54: 9. IFFAH HIDAYATUR ROHMAH, S.Sos. | E54: 0 | F54: 0 | G54: 0 | H54: 0 | I54: 1 | J54: 1 | K54: 1 | L54: 1 | M54: 0 | N54: 1 | O54: 0 | P54: 0 | Q54: =SUM(E54:P54) -> 5
A55: B | B55: JUMLAH SUARA SAH PARTAI POLITIK DAN CALON (A1 + A2) | E55: =SUM(E45:E54) -> 51 | F55: =SUM(F45:F54) -> 51 | G55: =SUM(G45:G54) -> 40 | H55: =SUM(H45:H54) -> 63 | I55: =SUM(I45:I54) -> 38 | J55: =SUM(J45:J54) -> 37 | K55: =SUM(K45:K54) -> 31 | L55: =SUM(L45:L54) -> 46 | ... Q55: =SUM(Q45:Q54) -> 487
A57: A.1 | B57: 2. | C57: Partai Gerakan Indonesia Raya | E57: 18 | F57: 11 | G57: 8 | H57: 14 | I57: 10 | J57: 5 | K57: 12 | L57: 4 | M57: 5 | N57: 17 | O57: 21 | P57: 10 | Q57: =SUM(E57:P57) -> 135
A58: A.2 | C58: 1. AHMAD HADINUDDIN, S.Pd.I. | E58: 13 | F58: 5 | G58: 5 | H58: 7 | I58: 11 | J58: 30 | K58: 8 | L58: 6 | M58: 4 | N58: 21 | O58: 11 | P58: 12 | Q58: =SUM(E58:P58) -> 133
C59: 2. BIMA RAFSANJANI RAFID | E59: 5 | F59: 5 | G59: 7 | H59: 4 | I59: 5 | J59: 1 | K59: 9 | L59: 3 | M59: 2 | N59: 6 | O59: 13 | P59: 5 | Q59: =SUM(E59:P59) -> 65
C60: 3. IRA DAMAYANTI | E60: 3 | F60: 1 | G60: 2 | H60: 1 | I60: 0 | J60: 1 | K60: 1 | L60: 0 | M60: 0 | N60: 2 | O60: 6 | P60: 1 | Q60: =SUM(E60:P60) -> 18
C61: 4. MAULANA MALIK IBRAHIM, S.H. | E61: 6 | F61: 8 | G61: 4 | H61: 2 | I61: 7 | J61: 6 | K61: 12 | L61: 9 | M61: 32 | N61: 7 | O61: 11 | P61: 2 | Q61: =SUM(E61:P61) -> 106
C62: 5. LULUK ALFIATI | E62: 3 | F62: 3 | G62: 0 | H62: 0 | I62: 0 | J62: 1 | K62: 0 | L62: 0 | M62: 1 | N62: 0 | O62: 1 | P62: 2 | Q62: =SUM(E62:P62) -> 11
C63: 6. ILHAM WAHYUDI, S.H. | E63: 0 | F63: 2 | G63: 0 | H63: 0 | I63: 0 | J63: 0 | K63: 0 | L63: 0 | M63: 0 | N63: 0 | O63: 0 | P63: 0 | Q63: =SUM(E63:P63) -> 2
C64: 7. HAERUL ANWAR, S.Pd.I. | E64: 1 | F64: 0 | G64: 0 | H64: 1 | I64: 0 | J64: 0 | K64: 0 | L64: 0 | M64: 1 | N64: 0 | O64: 0 | P64: 0 | Q64: =SUM(E64:P64) -> 3
C65: 8. YOVI ADHITYA WARDANI | E65: 1 | F65: 0 | G65: 0 | H65: 0 | I65: 0 | J65: 0 | K65: 0 | L65: 0 | M65: 0 | N65: 0 | O65: 0 | P65: 0 | Q65: =SUM(E65:P65) -> 1
C66: 9. RITA AMELIA | E66: 2 | F66: 0 | G66: 1 | H66: 0 | I66: 1 | J66: 0 | K66: 0 | L66: 0 | M66: 0 | N66: 1 | O66: 0 | P66: 0 | Q66: =SUM(E66:P66) -> 5
A67: B | B67: JUMLAH SUARA SAH PARTAI POLITIK DAN CALON (A1 + A2) | E67: =SUM(E57:E66) -> 52 | F67: =SUM(F57:F66) -> 35 | G67: =SUM(G57:G66) -> 27 | H67: =SUM(H57:H66) -> 29 | I67: =SUM(I57:I66) -> 34 | J67: =SUM(J57:J66) -> 44 | K67: =SUM(K57:K66) -> 42 | L67: =SUM(L57:L66) -> 22 | ... Q67: =SUM(Q57:Q66) -> 479
A69: A.1 | B69: 3. | C69: Partai Demokrasi Indonesia Perjuangan | E69: 6 | F69: 6 | G69: 3 | H69: 9 | I69: 5 | J69: 2 | K69: 5 | L69: 5 | M69: 3 | N69: 6 | O69: 16 | P69: 8 | Q69: =SUM(E69:P69) -> 74
A70: A.2 | C70: 1. MARTIN H., S.H., M.H. | E70: 9 | F70: 18 | G70: 33 | H70: 24 | I70: 27 | J70: 17 | K70: 30 | L70: 79 | M70: 33 | N70: 21 | O70: 20 | P70: 56 | Q70: =SUM(E70:P70) -> 367
C71: 2. HERMANTO, S.E. | E71: 3 | F71: 4 | G71: 3 | H71: 1 | I71: 0 | J71: 6 | K71: 4 | L71: 1 | M71: 1 | N71: 6 | O71: 3 | P71: 13 | Q71: =SUM(E71:P71) -> 45
C72: 3. EVY SUSILAWATI, S.E., M.M. | E72: 3 | F72: 0 | G72: 2 | H72: 0 | I72: 1 | J72: 1 | K72: 0 | L72: 0 | M72: 0 | N72: 1 | O72: 2 | P72: 8 | Q72: =SUM(E72:P72) -> 18
C73: 4. M. SIROTTUDIN | E73: 2 | F73: 4 | G73: 2 | H73: 4 | I73: 4 | J73: 7 | K73: 2 | L73: 0 | M73: 2 | N73: 2 | O73: 1 | P73: 1 | Q73: =SUM(E73:P73) -> 31
C74: 5. ABDUL HAFID, S.H. | E74: 1 | F74: 1 | G74: 0 | H74: 1 | I74: 0 | J74: 0 | K74: 0 | L74: 0 | M74: 0 | N74: 2 | O74: 0 | P74: 2 | Q74: =SUM(E74:P74) -> 7
C75: 6. NIKITA FORTUNA SURYANINGATI, A.Md.Keb. | E75: 1 | F75: 0 | G75: 0 | H75: 0 | I75: 0 | J75: 0 | K75: 2 | L75: 0 | M75: 0 | N75: 1 | O75: 0 | P75: 0 | Q75: =SUM(E75:P75) -> 4
C76: 7. YUDHO ILHAM WIJAYA, S.E. | E76: 0 | F76: 1 | G76: 0 | H76: 0 | I76: 0 | J76: 0 | K76: 0 | L76: 0 | M76: 0 | N76: 0 | O76: 0 | P76: 0 | Q76: =SUM(E76:P76) -> 1
C77: 8. SETIAWATI, S.H. | E77: 0 | F77: 1 | G77: 0 | H77: 0 | I77: 0 | J77: 0 | K77: 0 | L77: 0 | M77: 0 | N77: 0 | O77: 0 | P77: 0 | Q77: =SUM(E77:P77) -> 1
C78: 9. EKO BUDI SANTOSO, S.H. | E78: 1 | F78: 1 | G78: 0 | H78: 1 | I78: 0 | J78: 1 | K78: 0 | L78: 0 | M78: 0 | N78: 0 | O78: 0 | P78: 0 | Q78: =SUM(E78:P78) -> 4
A79: B | B79: JUMLAH SUARA SAH PARTAI POLITIK DAN CALON (A1 + A2) | E79: =SUM(E69:E78) -> 26 | F79: =SUM(F69:F78) -> 36 | G79: =SUM(G69:G78) -> 43 | H79: =SUM(H69:H78) -> 40 | I79: =SUM(I69:I78) -> 37 | J79: =SUM(J69:J78) -> 34 | K79: =SUM(K69:K78) -> 43 | L79: =SUM(L69:L78) -> 85 | ... Q79: =SUM(Q69:Q78) -> 552
A81: A.1 | B81: 4. | C81: Partai Golongan Karya | E81: 2 | F81: 0 | G81: 2 | H81: 0 | I81: 1 | J81: 5 | K81: 3 | L81: 1 | M81: 2 | N81: 2 | O81: 3 | P81: 2 | Q81: =SUM(E81:P81) -> 23
A82: A.2 | C82: 1. PRANAYA YUDHA MAHARDHIKA | E82: 3 | F82: 1 | G82: 5 | H82: 5 | I82: 2 | J82: 4 | K82: 1 | L82: 1 | M82: 0 | N82: 2 | O82: 0 | P82: 0 | Q82: =SUM(E82:P82) -> 24
C83: 2. Dra. Ec. ENDANG SULASTUTY, M.I.P. | E83: 0 | F83: 0 | G83: 1 | H83: 1 | I83: 0 | J83: 0 | K83: 0 | L83: 1 | M83: 1 | N83: 0 | O83: 0 | P83: 0 | Q83: =SUM(E83:P83) -> 4
C84: 3. AGUS REJEKI WARTONO | E84: 0 | F84: 0 | G84: 0 | H84: 0 | I84: 1 | J84: 1 | K84: 0 | L84: 0 | M84: 0 | N84: 0 | O84: 0 | P84: 0 | Q84: =SUM(E84:P84) -> 2
C85: 4. Hj. TUTUK ASMA'A ZUCHROH, S.T., M.T. | E85: 1 | F85: 1 | G85: 0 | H85: 0 | I85: 0 | J85: 0 | K85: 0 | L85: 1 | M85: 0 | N85: 0 | O85: 0 | P85: 0 | Q85: =SUM(E85:P85) -> 3
C86: 5. ADE M. RIZKI, S.E. | E86: 0 | F86: 0 | G86: 2 | H86: 0 | I86: 0 | J86: 2 | K86: 0 | L86: 0 | M86: 1 | N86: 5 | O86: 0 | P86: 1 | Q86: =SUM(E86:P86) -> 11
C87: 6. ABDURAKHMAN, Bc.Kn. | E87: 0 | F87: 0 | G87: 0 | H87: 0 | I87: 0 | J87: 0 | K87: 0 | L87: 0 | M87: 0 | N87: 0 | O87: 0 | P87: 0 | Q87: =SUM(E87:P87) -> 0
C88: 7. CENDY RHIYAN ADI PUTRI | E88: 0 | F88: 0 | G88: 0 | H88: 0 | I88: 0 | J88: 0 | K88: 0 | L88: 0 | M88: 0 | N88: 0 | O88: 1 | P88: 0 | Q88: =SUM(E88:P88) -> 1
C89: 8. BAKTI WIJAYANTO, S.E. | E89: 0 | F89: 0 | G89: 0 | H89: 0 | I89: 0 | J89: 0 | K89: 0 | L89: 0 | M89: 0 | N89: 0 | O89: 0 | P89: 0 | Q89: =SUM(E89:P89) -> 0
C90: 9. AHMAD UBAIDILLAH | Q90: =SUM(E90:P90) -> 0
A91: B | B91: JUMLAH SUARA SAH PARTAI POLITIK DAN CALON (A1 + A2) | E91: =SUM(E81:E90) -> 6 | F91: =SUM(F81:F90) -> 2 | G91: =SUM(G81:G90) -> 10 | H91: =SUM(H81:H90) -> 6 | I91: =SUM(I81:I90) -> 4 | J91: =SUM(J81:J90) -> 12 | K91: =SUM(K81:K90) -> 4 | L91: =SUM(L81:L90) -> 4 | ... Q91: =SUM(Q81:Q90) -> 68
A93: A.1 | B93: 5. | C93: Partai NasDem | E93: 1 | F93: 0 | G93: 0 | H93: 3 | I93: 0 | J93: 0 | K93: 0 | L93: 0 | M93: 1 | N93: 0 | O93: 0 | P93: 0 | Q93: =SUM(E93:P93) -> 5
A94: A.2 | C94: 1. ALI MUSTOFA, A.Md. | E94: 0 | F94: 0 | G94: 1 | H94: 1 | I94: 4 | J94: 0 | K94: 0 | L94: 0 | M94: 1 | N94: 1 | O94: 1 | P94: 1 | Q94: =SUM(E94:P94) -> 10
C95: 2. Hj. BUAMI, S.H. | E95: 0 | F95: 0 | G95: 0 | H95: 0 | I95: 0 | J95: 0 | K95: 0 | L95: 0 | M95: 0 | N95: 0 | Q95: =SUM(E95:P95) -> 0
C96: 3. SUGIONO, S.H. | E96: 1 | F96: 0 | G96: 0 | H96: 0 | I96: 0 | J96: 0 | K96: 0 | L96: 0 | M96: 0 | N96: 0 | O96: 0 | P96: 0 | Q96: =SUM(E96:P96) -> 1
C97: 4. LULUK SUNARMIATININGSIH | E97: 0 | F97: 0 | G97: 0 | H97: 0 | I97: 0 | J97: 0 | K97: 0 | L97: 0 | M97: 0 | N97: 0 | O97: 0 | P97: 0 | Q97: =SUM(E97:P97) -> 0
C98: 5. ANTON DJULIANTO ADI | E98: 0 | F98: 0 | G98: 1 | H98: 0 | I98: 1 | J98: 0 | K98: 0 | L98: 0 | M98: 0 | N98: 0 | O98: 0 | P98: 0 | Q98: =SUM(E98:P98) -> 2
C99: 6. MOKHAMAD ROFI'I KHUSNAN | E99: 0 | F99: 0 | G99: 0 | H99: 0 | I99: 0 | J99: 0 | K99: 0 | L99: 0 | M99: 0 | N99: 0 | O99: 0 | P99: 0 | Q99: =SUM(E99:P99) -> 0
C100: 7. Rr SETYO WATI | E100: 0 | F100: 0 | G100: 0 | H100: 0 | I100: 1 | J100: 0 | K100: 0 | L100: 0 | M100: 0 | N100: 0 | O100: 0 | P100: 0 | Q100: =SUM(E100:P100) -> 1
C101: 8. ABD. KADIR ASSEGAFF | E101: 0 | F101: 0 | G101: 0 | H101: 0 | I101: 0 | J101: 0 | K101: 0 | L101: 0 | M101: 0 | N101: 0 | O101: 0 | P101: 0 | Q101: =SUM(E101:P101) -> 0
C102: 9. FATHOR ZAINULLAH | Q102: =SUM(E102:P102) -> 0
A103: B | B103: JUMLAH SUARA SAH PARTAI POLITIK DAN CALON (A1 + A2) | E103: =SUM(E93:E102) -> 2 | F103: =SUM(F93:F102) -> 0 | G103: =SUM(G93:G102) -> 2 | H103: =SUM(H93:H102) -> 4 | I103: =SUM(I93:I102) -> 6 | J103: =SUM(J93:J102) -> 0 | K103: =SUM(K93:K102) -> 0 | L103: =SUM(L93:L102) -> 0 | ... Q103: =SUM(Q93:Q102) -> 19
A105: A.1 | B105: 6. | C105: Partai Buruh | E105: 2 | F105: 0 | G105: 0 | H105: 2 | I105: 2 | J105: 0 | K105: 1 | L105: 0 | M105: 0 | N105: 2 | O105: 0 | P105: 0 | Q105: =SUM(E105:P105) -> 9
A106: A.2 | C106: 1. AGUS SUPRIYADI | E106: 0 | F106: 0 | G106: 0 | H106: 0 | I106: 0 | J106: 0 | K106: 0 | L106: 0 | M106: 0 | N106: 0 | O106: 0 | P106: 0 | Q106: =SUM(E106:P106) -> 0
C107: 2. ENI HARIATI | E107: 0 | F107: 0 | G107: 0 | H107: 0 | I107: 0 | J107: 0 | K107: 0 | L107: 0 | M107: 0 | N107: 0 | O107: 0 | P107: 0 | Q107: =SUM(E107:P107) -> 0
Q108: =SUM(E108:P108) -> 0
Q109: =SUM(E109:P109) -> 0
Q110: =SUM(E110:P110) -> 0
Q111: =SUM(E111:P111) -> 0
Q112: =SUM(E112:P112) -> 0
Q113: =SUM(E113:P113) -> 0
Q114: =SUM(E114:P114) -> 0
A115: B | B115: JUMLAH SUARA SAH PARTAI POLITIK DAN CALON (A1 + A2) | E115: =SUM(E105:E114) -> 2 | F115: =SUM(F105:F114) -> 0 | G115: =SUM(G105:G114) -> 0 | H115: =SUM(H105:H114) -> 2 | I115: =SUM(I105:I114) -> 2 | J115: =SUM(J105:J114) -> 0 | K115: =SUM(K105:K114) -> 1 | L115: =SUM(L105:L114) -> 0 | ... Q115: =SUM(Q105:Q114) -> 9
A117: A.1 | B117: 7. | C117: Partai Gelombang Rakyat Indonesia | E117: 1 | F117: 3 | G117: 0 | H117: 1 | I117: 1 | J117: 0 | K117: 0 | L117: 1 | M117: 1 | N117: 1 | O117: 0 | P117: 0 | Q117: =SUM(E117:P117) -> 9
...

Sheet SINGOJURUH
C2: Kecamatan | D2: SINGOJURUH
C3: Kabupaten | D3: BANYUWANGI
C4: Provinsi | D4: JAWA TIMUR
C9: Kelurahan | D9: SINGOJURUH
A12: I | B12: DATA PEMILIH DAN PENGGUNAAN HAK PILIH | AC12: JUMLAH AKHIR
A13: A | B13: DATA PEMILIH | E13: TPS 001 | F13: TPS 002 | G13: TPS 003 | H13: TPS 004 | I13: TPS 005 | J13: TPS 006 | K13: TPS 007 | L13: TPS 008 | M13: TPS 009 | N13: TPS 010 | O13: TPS 011 | P13: TPS 012 | Q13: TPS 013 | R13: TPS 014 | S13: TPS 015 | T13: TPS 016 | U13: TPS 017 | V13: TPS 018 | W13: TPS 019 | X13: TPS 020 | Y13: TPS 021 | Z13: TPS 022 | AA13: TPS 023 | AB13: TPS 024
B14: Jumlah Pemilih dalam Daftar Pemilih Tetap (DPT) | D14: LK | E14: 113 | F14: 121 | G14: 91 | H14: 122 | I14: 102 | J14: 114 | K14: 129 | L14: 144 | M14: 144 | N14: 115 | O14: 145 | P14: 132 | Q14: 129 | R14: 131 | S14: 129 | T14: 129 | U14: 131 | V14: 138 | W14: 133 | X14: 132 | Y14: 138 | Z14: 131 | AA14: 137 | AB14: 116 | AC14: =SUM(E14:AB14) -> 3046
D15: PR | E15: 126 | F15: 138 | G15: 107 | H15: 117 | I15: 125 | J15: 119 | K15: 144 | L15: 142 | M15: 147 | N15: 126 | O15: 143 | P15: 148 | Q15: 139 | R15: 144 | S15: 138 | T15: 125 | U15: 131 | V15: 142 | W15: 138 | X15: 127 | Y15: 128 | Z15: 136 | AA15: 126 | AB15: 112 | AC15: =SUM(E15:AB15) -> 3168
D16: JML | E16: =SUM(E14:E15) -> 239 | F16: =SUM(F14:F15) -> 259 | G16: =SUM(G14:G15) -> 198 | H16: =SUM(H14:H15) -> 239 | I16: =SUM(I14:I15) -> 227 | J16: =SUM(J14:J15) -> 233 | K16: =SUM(K14:K15) -> 273 | L16: =SUM(L14:L15) -> 286 | ... AB16: =SUM(AB14:AB15) -> 228 | AC16: =SUM(E16:AB16) -> 6214
A18: B | B18: PENGGUNA HAK PILIH
B19: 1. | C19: Jumlah pengguna hak pilih dalam Daftar Pemilih Tetap (DPT) | D19: LK | E19: 76 | F19: 93 | G19: 61 | H19: 98 | I19: 76 | J19: 84 | K19: 88 | L19: 138 | M19: 123 | N19: 95 | O19: 113 | P19: 95 | Q19: 90 | R19: 103 | S19: 96 | T19: 94 | U19: 96 | V19: 104 | W19: 99 | X19: 93 | Y19: 93 | Z19: 86 | AA19: 91 | AB19: 95 | AC19: =SUM(E19:AB19) -> 2280
D20: PR | E20: 100 | F20: 115 | G20: 83 | H20: 106 | I20: 104 | J20: 92 | K20: 104 | L20: 96 | M20: 129 | N20: 107 | O20: 124 | P20: 118 | Q20: 106 | R20: 117 | S20: 100 | T20: 106 | U20: 102 | V20: 108 | W20: 94 | X20: 106 | Y20: 100 | Z20: 109 | AA20: 101 | AB20: 94 | AC20: =SUM(E20:AB20) -> 2521
D21: JML | E21: =SUM(E19:E20) -> 176 | F21: =SUM(F19:F20) -> 208 | G21: =SUM(G19:G20) -> 144 | H21: =SUM(H19:H20) -> 204 | I21: =SUM(I19:I20) -> 180 | J21: =SUM(J19:J20) -> 176 | K21: =SUM(K19:K20) -> 192 | L21: =SUM(L19:L20) -> 234 | ... AB21: =SUM(AB19:AB20) -> 189 | AC21: =SUM(E21:AB21) -> 4801
B22: 2. | C22: Jumlah pengguna hak pilih dalam Daftar Pemilih Tambahan (DPTb) | D22: LK | E22: 0 | F22: 0 | G22: 0 | H22: 0 | I22: 1 | J22: 1 | K22: 0 | L22: 0 | M22: 1 | N22: 0 | O22: 0 | P22: 0 | Q22: 0 | R22: 0 | S22: 0 | T22: 0 | U22: 0 | V22: 0 | W22: 1 | X22: 1 | Y22: 0 | Z22: 0 | AA22: 0 | AB22: 0 | AC22: =SUM(E22:AB22) -> 5
D23: PR | E23: 0 | F23: 0 | G23: 0 | H23: 0 | I23: 0 | J23: 1 | K23: 0 | L23: 0 | M23: 1 | N23: 0 | O23: 0 | P23: 0 | Q23: 0 | R23: 0 | S23: 0 | T23: 0 | U23: 0 | V23: 0 | W23: 1 | X23: 0 | Y23: 0 | Z23: 0 | AA23: 1 | AB23: 0 | AC23: =SUM(E23:AB23) -> 4
D24: JML | E24: =SUM(E22:E23) -> 0 | F24: =SUM(F22:F23) -> 0 | G24: =SUM(G22:G23) -> 0 | H24: =SUM(H22:H23) -> 0 | I24: =SUM(I22:I23) -> 1 | J24: =SUM(J22:J23) -> 2 | K24: =SUM(K22:K23) -> 0 | L24: =SUM(L22:L23) -> 0 | ... AB24: =SUM(AB22:AB23) -> 0 | AC24: =SUM(E24:AB24) -> 9
B25: 3. | C25: Jumlah pengguna hak pilih dalam Daftar Pemilih Khusus (DPK) | D25: LK | F25: 0 | G25: 0 | H25: 0 | I25: 0 | J25: 0 | K25: 2 | L25: 2 | M25: 1 | N25: 0 | O25: 2 | P25: 1 | Q25: 0 | R25: 0 | S25: 0 | T25: 0 | U25: 0 | V25: 2 | W25: 1 | X25: 2 | Y25: 1 | Z25: 0 | AA25: 1 | AB25: 0 | AC25: =SUM(E25:AB25) -> 15
D26: PR | E26: 0 | F26: 0 | G26: 0 | H26: 0 | I26: 1 | J26: 0 | K26: 1 | L26: 3 | M26: 0 | N26: 0 | O26: 1 | P26: 0 | Q26: 1 | R26: 0 | S26: 0 | T26: 0 | U26: 0 | V26: 1 | W26: 1 | X26: 1 | Y26: 0 | Z26: 1 | AA26: 3 | AB26: 0 | AC26: =SUM(E26:AB26) -> 14
D27: JML | E27: =SUM(E25:E26) -> 0 | F27: =SUM(F25:F26) -> 0 | G27: =SUM(G25:G26) -> 0 | H27: =SUM(H25:H26) -> 0 | I27: =SUM(I25:I26) -> 1 | J27: =SUM(J25:J26) -> 0 | K27: =SUM(K25:K26) -> 3 | L27: =SUM(L25:L26) -> 5 | ... AB27: =SUM(AB25:AB26) -> 0 | AC27: =SUM(E27:AB27) -> 29
B28: 4. | C28: Jumlah Pengguna Hak Pilih (B.1+B.2+B.3) | D28: LK | E28: =SUM(E19,E22,E25) -> 76 | F28: =SUM(F19,F22,F25) -> 93 | G28: =SUM(G19,G22,G25) -> 61 | H28: =SUM(H19,H22,H25) -> 98 | I28: =SUM(I19,I22,I25) -> 77 | J28: =SUM(J19,J22,J25) -> 85 | K28: =SUM(K19,K22,K25) -> 90 | L28: =SUM(L19,L22,L25) -> 140 | ... AB28: =SUM(AB19,AB22,AB25) -> 95 | AC28: =SUM(E28:AB28) -> 2300
D29: PR | E29: =SUM(E20,E23,E26) -> 100 | F29: =SUM(F20,F23,F26) -> 115 | G29: =SUM(G20,G23,G26) -> 83 | H29: =SUM(H20,H23,H26) -> 106 | I29: =SUM(I20,I23,I26) -> 105 | J29: =SUM(J20,J23,J26) -> 93 | K29: =SUM(K20,K23,K26) -> 105 | L29: =SUM(L20,L23,L26) -> 99 | ... AB29: =SUM(AB20,AB23,AB26) -> 94 | AC29: =SUM(E29:AB29) -> 2539
D30: JML | E30: =SUM(E28:E29) -> 176 | F30: =SUM(F28:F29) -> 208 | G30: =SUM(G28:G29) -> 144 | H30: =SUM(H28:H29) -> 204 | I30: =SUM(I28:I29) -> 182 | J30: =SUM(J28:J29) -> 178 | K30: =SUM(K28:K29) -> 195 | L30: =SUM(L28:L29) -> 239 | ... AB30: =SUM(AB28:AB29) -> 189 | AC30: =SUM(E30:AB30) -> 4839
A32: II | B32: DATA PENGGUNAAN SURAT SUARA
A33: 1 | B33: Jumlah surat suara yang diterima, termasuk surat suara cadangan 2,5% dari DPT | E33: 241 | F33: 262 | G33: 202 | H33: 241 | I33: 228 | J33: 235 | K33: 276 | L33: 289 | M33: 298 | N33: 247 | O33: 294 | P33: 285 | Q33: 272 | R33: 271 | S33: 270 | T33: 257 | U33: 264 | V33: 283 | W33: 274 | X33: 265 | Y33: 270 | Z33: 270 | AA33: 266 | AB33: 233 | AC33: =SUM(E33:AB33) -> 6293
A34: 2 | B34: Jumlah surat suara yang digunakan | E34: 176 | F34: 208 | G34: 144 | H34: 204 | I34: 182 | J34: 178 | K34: 195 | L34: 239 | M34: 255 | N34: 202 | O34: 240 | P34: 214 | Q34: 197 | R34: 220 | S34: 196 | T34: 200 | U34: 198 | V34: 215 | W34: 197 | X34: 203 | Y34: 194 | Z34: 196 | AA34: 197 | AB34: 189 | AC34: =SUM(E34:AB34) -> 4839
A35: 3 | B35: Jumlah surat suara dikembalikan oleh pemilih (karena rusak atau keliru coblos) | E35: 0 | F35: 0 | G35: 0 | H35: 0 | I35: 1 | J35: 1 | K35: 3 | L35: 0 | M35: 0 | N35: 0 | O35: 0 | P35: 0 | Q35: 0 | R35: 0 | S35: 0 | T35: 0 | U35: 0 | V35: 0 | W35: 0 | X35: 0 | Y35: 0 | Z35: 0 | AA35: 0 | AB35: 0 | AC35: =SUM(E35:AB35) -> 5
A36: 4 | B36: Jumlah surat suara yang tidak digunakan/tidak terpakai, termasuk sisa surat suara cadangan | E36: =E33-(E34+E35) -> 65 | F36: =F33-(F34+F35) -> 54 | G36: =G33-(G34+G35) -> 58 | H36: =H33-(H34+H35) -> 37 | I36: =I33-(I34+I35) -> 45 | J36: =J33-(J34+J35) -> 56 | K36: =K33-(K34+K35) -> 78 | L36: =L33-(L34+L35) -> 50 | ... AB36: =AB33-(AB34+AB35) -> 44 | AC36: =SUM(E36:AB36) -> 1449
A38: III | B38: DATA PEMILIH DISABILITAS
B39: Jumlah seluruh Pemilih disabilitas yang menggunakan hak pilih | D39: LK | O39: 4 | R39: 1 | U39: 1 | X39: 1 | AC39: =SUM(E39:AB39) -> 7
D40: PR | O40: 7 | R40: 1 | U40: 3 | X40: 1 | AC40: =SUM(E40:AB40) -> 12
D41: JML | E41: =SUM(E39:E40) -> 0 | F41: =SUM(F39:F40) -> 0 | G41: =SUM(G39:G40) -> 0 | H41: =SUM(H39:H40) -> 0 | I41: =SUM(I39:I40) -> 0 | J41: =SUM(J39:J40) -> 0 | K41: =SUM(K39:K40) -> 0 | L41: =SUM(L39:L40) -> 0 | ... AB41: =SUM(AB39:AB40) -> 0 | AC41: =SUM(E41:AB41) -> 19
A43: IV | B43: DATA RINCIAN PEROLEHAN SUARA PASANGAN CALON BUPATI DAN WAKIL BUPATI
A44: NOMOR DAN NAMA CALON
A45: A.1 | B45: 1. | C45: Partai Kebangkitan Bangsa | E45: 9 | F45: 8 | G45: 3 | H45: 10 | I45: 9 | J45: 11 | K45: 8 | L45: 10 | M45: 2 | N45: 5 | O45: 5 | P45: 0 | Q45: 0 | R45: 3 | S45: 2 | T45: 3 | U45: 2 | V45: 13 | W45: 6 | X45: 18 | Y45: 9 | Z45: 13 | AA45: 7 | AB45: 3 | AC45: =SUM(E45:AB45) -> 159
A46: A.2 | C46: 1. Dra. Hj. MA`MULAH HARUN, M.Pd.I. | E46: 3 | F46: 14 | G46: 3 | H46: 9 | I46: 11 | J46: 13 | K46: 6 | L46: 10 | M46: 4 | N46: 7 | O46: 3 | P46: 3 | Q46: 1 | R46: 2 | S46: 5 | T46: 6 | U46: 3 | V46: 11 | W46: 13 | X46: 25 | Y46: 47 | Z46: 33 | AA46: 33 | AB46: 5 | AC46: =SUM(E46:AB46) -> 270
C47: 2. UBAIDILLAH, S.Fil.I. | E47: 7 | F47: 4 | G47: 3 | H47: 3 | I47: 2 | J47: 1 | K47: 3 | L47: 3 | M47: 2 | N47: 7 | O47: 3 | P47: 1 | Q47: 2 | R47: 2 | S47: 2 | T47: 2 | U47: 4 | V47: 2 | W47: 3 | X47: 5 | Y47: 11 | Z47: 9 | AA47: 6 | AB47: 0 | AC47: =SUM(E47:AB47) -> 87
C48: 3. Ir. H. YOYOK MULYADI, M.Si. | E48: 2 | F48: 1 | G48: 3 | H48: 1 | I48: 2 | J48: 0 | K48: 3 | L48: 0 | M48: 4 | N48: 1 | O48: 0 | P48: 0 | Q48: 1 | R48: 0 | S48: 0 | T48: 1 | U48: 1 | V48: 1 | W48: 1 | X48: 2 | Y48: 2 | Z48: 0 | AA48: 0 | AB48: 0 | AC48: =SUM(E48:AB48) -> 26
C49: 4. KHOIRUL ANWAR, S.Fil.I. | E49: 0 | F49: 6 | G49: 0 | H49: 5 | I49: 0 | J49: 1 | K49: 0 | L49: 1 | M49: 0 | N49: 2 | O49: 0 | P49: 0 | Q49: 1 | R49: 0 | S49: 0 | T49: 1 | U49: 1 | V49: 0 | W49: 0 | X49: 0 | Y49: 1 | Z49: 1 | AA49: 1 | AB49: 0 | AC49: =SUM(E49:AB49) -> 21
C50: 5. ARIF WIJAKSANA | E50: 0 | F50: 5 | G50: 2 | H50: 0 | I50: 2 | J50: 3 | K50: 0 | L50: 0 | M50: 0 | N50: 1 | O50: 1 | P50: 0 | Q50: 0 | R50: 0 | S50: 0 | T50: 0 | U50: 0 | V50: 2 | W50: 0 | X50: 0 | Y50: 0 | Z50: 0 | AA50: 0 | AB50: 0 | AC50: =SUM(E50:AB50) -> 16
C51: 6. Dr. SITI YUMNAH | E51: 0 | F51: 0 | G51: 0 | H51: 1 | I51: 1 | J51: 1 | K51: 1 | L51: 0 | M51: 0 | N51: 0 | O51: 0 | P51: 0 | Q51: 0 | R51: 0 | S51: 0 | T51: 0 | U51: 0 | V51: 1 | W51: 1 | X51: 1 | Y51: 1 | Z51: 0 | AA51: 0 | AB51: 0 | AC51: =SUM(E51:AB51) -> 8
C52: 7. MOHAMMAD ZAINI, M.Pd.I. | E52: 0 | F52: 0 | G52: 0 | H52: 0 | I52: 0 | J52: 1 | K52: 0 | L52: 0 | M52: 1 | N52: 0 | O52: 0 | P52: 0 | Q52: 0 | R52: 0 | S52: 0 | T52: 0 | U52: 0 | V52: 0 | W52: 1 | X52: 0 | Y52: 0 | Z52: 0 | AA52: 0 | AB52: 0 | AC52: =SUM(E52:AB52) -> 3
C53: 8. FAWAIDUL MAKKIYAH | E53: 0 | F53: 0 | G53: 1 | H53: 0 | I53: 0 | J53: 0 | K53: 0 | L53: 0 | M53: 0 | N53: 0 | O53: 0 | P53: 0 | Q53: 0 | R53: 0 | S53: 0 | T53: 1 | U53: 0 | V53: 0 | W53: 0 | X53: 0 | Y53: 0 | Z53: 1 | AA53: 0 | AB53: 0 | AC53: =SUM(E53:AB53) -> 3
C54: 9. IFFAH HIDAYATUR ROHMAH, S.Sos. | E54: 1 | F54: 0 | G54: 1 | H54: 0 | I54: 0 | J54: 0 | K54: 0 | L54: 0 | M54: 1 | N54: 0 | O54: 0 | P54: 0 | Q54: 0 | R54: 0 | S54: 1 | T54: 0 | U54: 0 | V54: 0 | W54: 0 | X54: 1 | Y54: 0 | Z54: 0 | AA54: 0 | AB54: 1 | AC54: =SUM(E54:AB54) -> 6
A55: B | B55: JUMLAH SUARA SAH PARTAI POLITIK DAN CALON (A1 + A2) | E55: =SUM(E45:E54) -> 22 | F55: =SUM(F45:F54) -> 38 | G55: =SUM(G45:G54) -> 16 | H55: =SUM(H45:H54) -> 29 | I55: =SUM(I45:I54) -> 27 | J55: =SUM(J45:J54) -> 31 | K55: =SUM(K45:K54) -> 21 | L55: =SUM(L45:L54) -> 24 | ... AC55: =SUM(AC45:AC54) -> 599
A57: A.1 | B57: 2. | C57: Partai Gerakan Indonesia Raya | E57: 11 | F57: 14 | G57: 7 | H57: 10 | I57: 18 | J57: 16 | K57: 15 | L57: 15 | M57: 15 | N57: 15 | O57: 19 | P57: 19 | Q57: 18 | R57: 22 | S57: 33 | T57: 17 | U57: 32 | V57: 23 | W57: 27 | X57: 20 | Y57: 15 | Z57: 22 | AA57: 22 | AB57: 7 | AC57: =SUM(E57:AB57) -> 432
A58: A.2 | C58: 1. AHMAD HADINUDDIN, S.Pd.I. | E58: 7 | F58: 9 | G58: 5 | H58: 16 | I58: 8 | J58: 9 | K58: 34 | L58: 49 | M58: 14 | N58: 5 | O58: 16 | P58: 7 | Q58: 6 | R58: 9 | S58: 12 | T58: 14 | U58: 16 | V58: 14 | W58: 7 | X58: 7 | Y58: 9 | Z58: 4 | AA58: 4 | AB58: 9 | AC58: =SUM(E58:AB58) -> 290
C59: 2. BIMA RAFSANJANI RAFID | E59: 34 | F59: 19 | G59: 6 | H59: 22 | I59: 10 | J59: 9 | K59: 13 | L59: 25 | M59: 29 | N59: 14 | O59: 36 | P59: 27 | Q59: 37 | R59: 34 | S59: 24 | T59: 19 | U59: 21 | V59: 24 | W59: 20 | X59: 18 | Y59: 7 | Z59: 16 | AA59: 5 | AB59: 16 | AC59: =SUM(E59:AB59) -> 485
C60: 3. IRA DAMAYANTI | E60: 4 | F60: 2 | G60: 3 | H60: 1 | I60: 4 | J60: 4 | K60: 2 | L60: 4 | M60: 9 | N60: 3 | O60: 1 | P60: 1 | Q60: 1 | R60: 0 | S60: 0 | T60: 5 | U60: 3 | V60: 3 | W60: 3 | X60: 3 | Y60: 3 | Z60: 2 | AA60: 1 | AB60: 1 | AC60: =SUM(E60:AB60) -> 63
C61: 4. MAULANA MALIK IBRAHIM, S.H. | E61: 1 | F61: 2 | G61: 0 | H61: 1 | I61: 4 | J61: 1 | K61: 2 | L61: 2 | M61: 0 | N61: 1 | O61: 1 | P61: 2 | Q61: 1 | R61: 3 | S61: 4 | T61: 4 | U61: 5 | V61: 5 | W61: 4 | X61: 1 | Y61: 4 | Z61: 3 | AA61: 1 | AB61: 1 | AC61: =SUM(E61:AB61) -> 53
C62: 5. LULUK ALFIATI | E62: 2 | F62: 0 | G62: 0 | H62: 0 | I62: 1 | J62: 0 | K62: 1 | L62: 0 | M62: 2 | N62: 1 | O62: 1 | P62: 0 | Q62: 0 | R62: 0 | S62: 0 | T62: 7 | U62: 5 | V62: 0 | W62: 3 | X62: 1 | Y62: 0 | Z62: 2 | AA62: 1 | AB62: 1 | AC62: =SUM(E62:AB62) -> 28
C63: 6. ILHAM WAHYUDI, S.H. | E63: 1 | F63: 1 | G63: 1 | H63: 0 | I63: 1 | J63: 0 | K63: 0 | L63: 0 | M63: 0 | N63: 1 | O63: 0 | P63: 0 | Q63: 1 | R63: 1 | S63: 0 | T63: 4 | U63: 1 | V63: 0 | W63: 1 | X63: 1 | Y63: 0 | Z63: 0 | AA63: 0 | AB63: 0 | AC63: =SUM(E63:AB63) -> 14
C64: 7. HAERUL ANWAR, S.Pd.I. | E64: 0 | F64: 0 | G64: 0 | H64: 0 | I64: 1 | J64: 0 | K64: 0 | L64: 0 | M64: 0 | N64: 1 | O64: 0 | P64: 0 | Q64: 1 | R64: 0 | S64: 0 | T64: 0 | U64: 0 | V64: 0 | W64: 0 | X64: 0 | Y64: 0 | Z64: 0 | AA64: 0 | AB64: 0 | AC64: =SUM(E64:AB64) -> 3
C65: 8. YOVI ADHITYA WARDANI | E65: 0 | F65: 0 | G65: 0 | H65: 0 | I65: 1 | J65: 1 | K65: 0 | L65: 0 | M65: 0 | N65: 0 | O65: 2 | P65: 0 | Q65: 0 | R65: 0 | S65: 0 | T65: 1 | U65: 1 | V65: 1 | W65: 1 | X65: 0 | Y65: 0 | Z65: 0 | AA65: 0 | AB65: 0 | AC65: =SUM(E65:AB65) -> 8
C66: 9. RITA AMELIA | E66: 1 | F66: 0 | G66: 0 | H66: 0 | I66: 0 | J66: 0 | K66: 0 | L66: 0 | M66: 1 | N66: 0 | O66: 1 | P66: 1 | Q66: 1 | R66: 1 | S66: 0 | T66: 0 | U66: 0 | V66: 0 | W66: 0 | X66: 0 | Y66: 0 | Z66: 0 | AA66: 0 | AB66: 2 | AC66: =SUM(E66:AB66) -> 8
A67: B | B67: JUMLAH SUARA SAH PARTAI POLITIK DAN CALON (A1 + A2) | E67: =SUM(E57:E66) -> 61 | F67: =SUM(F57:F66) -> 47 | G67: =SUM(G57:G66) -> 22 | H67: =SUM(H57:H66) -> 50 | I67: =SUM(I57:I66) -> 48 | J67: =SUM(J57:J66) -> 40 | K67: =SUM(K57:K66) -> 67 | L67: =SUM(L57:L66) -> 95 | ... AC67: =SUM(AC57:AC66) -> 1384
A69: A.1 | B69: 3. | C69: Partai Demokrasi Indonesia Perjuangan | E69: 6 | F69: 15 | G69: 6 | H69: 10 | I69: 7 | J69: 8 | K69: 8 | L69: 6 | M69: 23 | N69: 2 | O69: 20 | P69: 35 | Q69: 5 | R69: 29 | S69: 19 | T69: 15 | U69: 17 | V69: 10 | W69: 12 | X69: 4 | Y69: 3 | Z69: 8 | AA69: 13 | AB69: 7 | AC69: =SUM(E69:AB69) -> 288
A70: A.2 | C70: 1. MARTIN H., S.H., M.H. | E70: 2 | F70: 7 | G70: 1 | H70: 4 | I70: 3 | J70: 3 | K70: 4 | L70: 7 | M70: 6 | N70: 6 | O70: 10 | P70: 7 | Q70: 4 | R70: 5 | S70: 3 | T70: 9 | U70: 9 | V70: 6 | W70: 3 | X70: 2 | Y70: 1 | Z70: 3 | AA70: 2 | AB70: 1 | AC70: =SUM(E70:AB70) -> 108
C71: 2. HERMANTO, S.E. | E71: 7 | F71: 10 | G71: 12 | H71: 14 | I71: 8 | J71: 8 | K71: 3 | L71: 8 | M71: 15 | N71: 2 | O71: 8 | P71: 14 | Q71: 9 | R71: 14 | S71: 11 | T71: 13 | U71: 11 | V71: 5 | W71: 9 | X71: 8 | Y71: 4 | Z71: 8 | AA71: 14 | AB71: 12 | AC71: =SUM(E71:AB71) -> 227
C72: 3. EVY SUSILAWATI, S.E., M.M. | E72: 2 | F72: 2 | G72: 1 | H72: 5 | I72: 2 | J72: 1 | K72: 1 | L72: 3 | M72: 21 | N72: 0 | O72: 5 | P72: 9 | Q72: 5 | R72: 6 | S72: 2 | T72: 7 | U72: 3 | V72: 5 | W72: 1 | X72: 1 | Y72: 0 | Z72: 2 | AA72: 1 | AB72: 5 | AC72: =SUM(E72:AB72) -> 90
C73: 4. M. SIROTTUDIN | E73: 2 | F73: 12 | G73: 2 | H73: 4 | I73: 1 | J73: 0 | K73: 3 | L73: 1 | M73: 4 | N73: 4 | O73: 4 | P73: 22 | Q73: 20 | R73: 22 | S73: 8 | T73: 10 | U73: 11 | V73: 8 | W73: 3 | X73: 5 | Y73: 3 | Z73: 5 | AA73: 4 | AB73: 3 | AC73: =SUM(E73:AB73) -> 161
C74: 5. ABDUL HAFID, S.H. | E74: 0 | F74: 3 | G74: 2 | H74: 0 | I74: 0 | J74: 0 | K74: 2 | L74: 4 | M74: 2 | N74: 0 | O74: 2 | P74: 0 | Q74: 1 | R74: 1 | S74: 1 | T74: 0 | U74: 4 | V74: 2 | W74: 2 | X74: 1 | Y74: 0 | Z74: 1 | AA74: 0 | AB74: 0 | AC74: =SUM(E74:AB74) -> 28
C75: 6. NIKITA FORTUNA SURYANINGATI, A.Md.Keb. | E75: 0 | F75: 0 | G75: 0 | H75: 2 | I75: 0 | J75: 0 | K75: 1 | L75: 0 | M75: 1 | N75: 1 | O75: 2 | P75: 0 | Q75: 1 | R75: 1 | S75: 1 | T75: 0 | U75: 1 | V75: 2 | W75: 1 | X75: 0 | Y75: 0 | Z75: 0 | AA75: 0 | AB75: 0 | AC75: =SUM(E75:AB75) -> 14
C76: 7. YUDHO ILHAM WIJAYA, S.E. | E76: 1 | F76: 2 | G76: 0 | H76: 0 | I76: 0 | J76: 0 | K76: 0 | L76: 1 | M76: 0 | N76: 0 | O76: 0 | P76: 0 | Q76: 0 | R76: 0 | S76: 0 | T76: 0 | U76: 0 | V76: 1 | W76: 0 | X76: 0 | Y76: 1 | Z76: 0 | AA76: 0 | AB76: 0 | AC76: =SUM(E76:AB76) -> 6
C77: 8. SETIAWATI, S.H. | E77: 1 | F77: 1 | G77: 1 | H77: 0 | I77: 0 | J77: 0 | K77: 0 | L77: 0 | M77: 0 | N77: 0 | O77: 2 | P77: 0 | Q77: 0 | R77: 0 | S77: 1 | T77: 2 | U77: 0 | V77: 0 | W77: 3 | X77: 0 | Y77: 0 | Z77: 0 | AA77: 0 | AB77: 0 | AC77: =SUM(E77:AB77) -> 11
C78: 9. EKO BUDI SANTOSO, S.H. | E78: 0 | F78: 0 | G78: 2 | H78: 0 | I78: 1 | J78: 0 | K78: 0 | L78: 1 | M78: 0 | N78: 0 | O78: 2 | P78: 0 | Q78: 0 | R78: 0 | S78: 0 | T78: 0 | U78: 0 | V78: 0 | W78: 0 | X78: 0 | Y78: 0 | Z78: 0 | AA78: 0 | AB78: 0 | AC78: =SUM(E78:AB78) -> 6
A79: B | B79: JUMLAH SUARA SAH PARTAI POLITIK DAN CALON (A1 + A2) | E79: =SUM(E69:E78) -> 21 | F79: =SUM(F69:F78) -> 52 | G79: =SUM(G69:G78) -> 27 | H79: =SUM(H69:H78) -> 39 | I79: =SUM(I69:I78) -> 22 | J79: =SUM(J69:J78) -> 20 | K79: =SUM(K69:K78) -> 22 | L79: =SUM(L69:L78) -> 31 | ... AC79: =SUM(AC69:AC78) -> 939
A81: A.1 | B81: 4. | C81: Partai Golongan Karya | E81: 6 | F81: 3 | G81: 8 | H81: 10 | I81: 9 | J81: 7 | K81: 3 | L81: 1 | M81: 3 | N81: 6 | O81: 4 | P81: 4 | Q81: 2 | R81: 1 | S81: 4 | T81: 2 | U81: 3 | V81: 3 | W81: 0 | X81: 1 | Y81: 4 | Z81: 1 | AA81: 1 | AB81: 22 | AC81: =SUM(E81:AB81) -> 108
A82: A.2 | C82: 1. PRANAYA YUDHA MAHARDHIKA | E82: 13 | F82: 6 | G82: 5 | H82: 8 | I82: 6 | J82: 10 | K82: 6 | L82: 4 | M82: 8 | N82: 13 | O82: 2 | P82: 4 | Q82: 4 | R82: 2 | S82: 2 | T82: 4 | U82: 4 | V82: 6 | W82: 8 | X82: 3 | Y82: 6 | Z82: 0 | AA82: 3 | AB82: 73 | AC82: =SUM(E82:AB82) -> 200
C83: 2. Dra. Ec. ENDANG SULASTUTY, M.I.P. | E83: 1 | F83: 2 | G83: 1 | H83: 5 | I83: 1 | J83: 1 | K83: 1 | L83: 2 | M83: 1 | N83: 2 | O83: 3 | P83: 0 | Q83: 1 | R83: 1 | S83: 1 | T83: 0 | U83: 1 | V83: 1 | W83: 0 | X83: 1 | Y83: 0 | Z83: 0 | AA83: 0 | AB83: 1 | AC83: =SUM(E83:AB83) -> 27
C84: 3. AGUS REJEKI WARTONO | E84: 2 | F84: 1 | G84: 1 | H84: 0 | I84: 0 | J84: 1 | K84: 0 | L84: 1 | M84: 1 | N84: 2 | O84: 0 | P84: 0 | Q84: 0 | R84: 1 | S84: 0 | T84: 0 | U84: 1 | V84: 0 | W84: 1 | X84: 0 | Y84: 0 | Z84: 0 | AA84: 0 | AB84: 1 | AC84: =SUM(E84:AB84) -> 13
C85: 4. Hj. TUTUK ASMA'A ZUCHROH, S.T., M.T. | E85: 0 | F85: 2 | G85: 3 | H85: 1 | I85: 1 | J85: 1 | K85: 0 | L85: 1 | M85: 2 | N85: 2 | O85: 1 | P85: 0 | Q85: 1 | R85: 0 | S85: 0 | T85: 4 | U85: 1 | V85: 0 | W85: 1 | X85: 1 | Y85: 1 | Z85: 0 | AA85: 3 | AB85: 3 | AC85: =SUM(E85:AB85) -> 29
C86: 5. ADE M. RIZKI, S.E. | E86: 2 | F86: 2 | G86: 6 | H86: 6 | I86: 3 | J86: 2 | K86: 0 | L86: 2 | M86: 2 | N86: 2 | O86: 1 | P86: 0 | Q86: 3 | R86: 7 | S86: 1 | T86: 2 | U86: 0 | V86: 1 | W86: 3 | X86: 0 | Y86: 0 | Z86: 0 | AA86: 1 | AB86: 0 | AC86: =SUM(E86:AB86) -> 46
C87: 6. ABDURAKHMAN, Bc.Kn. | E87: 1 | F87: 0 | G87: 1 | H87: 0 | I87: 0 | J87: 0 | K87: 0 | L87: 0 | M87: 0 | N87: 0 | O87: 0 | P87: 0 | Q87: 0 | R87: 0 | S87: 1 | T87: 0 | U87: 0 | V87: 0 | W87: 0 | X87: 0 | Y87: 0 | Z87: 0 | AA87: 0 | AB87: 0 | AC87: =SUM(E87:AB87) -> 3
C88: 7. CENDY RHIYAN ADI PUTRI | E88: 0 | F88: 0 | G88: 0 | H88: 2 | I88: 1 | J88: 0 | K88: 0 | L88: 0 | M88: 0 | N88: 0 | O88: 0 | P88: 0 | Q88: 0 | R88: 0 | S88: 0 | T88: 2 | U88: 0 | V88: 0 | W88: 0 | X88: 0 | Y88: 0 | Z88: 0 | AA88: 0 | AB88: 0 | AC88: =SUM(E88:AB88) -> 5
C89: 8. BAKTI WIJAYANTO, S.E. | E89: 0 | F89: 0 | G89: 0 | H89: 0 | I89: 0 | J89: 0 | K89: 0 | L89: 0 | M89: 0 | N89: 0 | O89: 0 | P89: 0 | Q89: 0 | R89: 0 | S89: 0 | T89: 0 | U89: 0 | V89: 1 | W89: 0 | X89: 0 | Y89: 0 | Z89: 0 | AA89: 0 | AB89: 0 | AC89: =SUM(E89:AB89) -> 1
C90: 9. AHMAD UBAIDILLAH | E90: 0 | F90: 0 | G90: 1 | H90: 0 | I90: 1 | J90: 2 | K90: 0 | L90: 0 | M90: 0 | N90: 1 | O90: 0 | P90: 0 | Q90: 0 | R90: 0 | S90: 0 | T90: 0 | U90: 0 | V90: 0 | W90: 0 | X90: 0 | Y90: 0 | Z90: 1 | AA90: 0 | AB90: 0 | AC90: =SUM(E90:AB90) -> 6
A91: B | B91: JUMLAH SUARA SAH PARTAI POLITIK DAN CALON (A1 + A2) | E91: =SUM(E81:E90) -> 25 | F91: =SUM(F81:F90) -> 16 | G91: =SUM(G81:G90) -> 26 | H91: =SUM(H81:H90) -> 32 | I91: =SUM(I81:I90) -> 22 | J91: =SUM(J81:J90) -> 24 | K91: =SUM(K81:K90) -> 10 | L91: =SUM(L81:L90) -> 11 | ... AC91: =SUM(AC81:AC90) -> 438
A93: A.1 | B93: 5. | C93: Partai NasDem | E93: 3 | F93: 0 | G93: 1 | H93: 0 | I93: 0 | J93: 2 | K93: 2 | L93: 1 | M93: 2 | N93: 1 | O93: 12 | P93: 3 | Q93: 10 | R93: 4 | S93: 2 | T93: 2 | U93: 4 | V93: 2 | W93: 2 | X93: 5 | Y93: 1 | Z93: 7 | AA93: 2 | AB93: 0 | AC93: =SUM(E93:AB93) -> 68
A94: A.2 | C94: 1. ALI MUSTOFA, A.Md. | E94: 0 | F94: 3 | G94: 1 | H94: 0 | I94: 1 | J94: 1 | K94: 2 | L94: 0 | M94: 0 | N94: 2 | O94: 2 | P94: 1 | Q94: 1 | R94: 2 | S94: 2 | T94: 1 | U94: 0 | V94: 2 | W94: 0 | X94: 3 | Y94: 8 | Z94: 1 | AA94: 2 | AB94: 0 | AC94: =SUM(E94:AB94) -> 35
C95: 2. Hj. BUAMI, S.H. | E95: 2 | F95: 0 | G95: 2 | H95: 1 | I95: 1 | J95: 0 | K95: 2 | L95: 1 | M95: 0 | N95: 3 | O95: 0 | P95: 1 | Q95: 0 | R95: 0 | S95: 0 | T95: 0 | U95: 0 | V95: 0 | W95: 0 | X95: 0 | Y95: 0 | Z95: 0 | AA95: 2 | AB95: 0 | AC95: =SUM(E95:AB95) -> 15
C96: 3. SUGIONO, S.H. | E96: 0 | F96: 0 | G96: 0 | H96: 0 | I96: 0 | J96: 0 | K96: 0 | L96: 0 | M96: 0 | N96: 0 | O96: 0 | P96: 0 | Q96: 0 | R96: 0 | S96: 0 | T96: 0 | U96: 0 | V96: 0 | W96: 0 | X96: 0 | Y96: 0 | Z96: 0 | AA96: 0 | AB96: 1 | AC96: =SUM(E96:AB96) -> 1
C97: 4. LULUK SUNARMIATININGSIH | E97: 0 | F97: 0 | G97: 0 | H97: 0 | I97: 0 | J97: 0 | K97: 0 | L97: 1 | M97: 0 | N97: 1 | O97: 0 | P97: 0 | Q97: 0 | R97: 0 | S97: 0 | T97: 0 | U97: 0 | V97: 0 | W97: 0 | X97: 0 | Y97: 0 | Z97: 1 | AA97: 0 | AB97: 0 | AC97: =SUM(E97:AB97) -> 3
C98: 5. ANTON DJULIANTO ADI | E98: 1 | F98: 0 | G98: 0 | H98: 1 | I98: 1 | J98: 1 | K98: 0 | L98: 0 | M98: 0 | N98: 0 | O98: 3 | P98: 1 | Q98: 3 | R98: 2 | S98: 0 | T98: 0 | U98: 1 | V98: 2 | W98: 3 | X98: 0 | Y98: 2 | Z98: 2 | AA98: 1 | AB98: 0 | AC98: =SUM(E98:AB98) -> 24
C99: 6. MOKHAMAD ROFI'I KHUSNAN | E99: 0 | F99: 0 | G99: 0 | H99: 0 | I99: 0 | J99: 0 | K99: 0 | L99: 0 | M99: 0 | N99: 0 | O99: 1 | P99: 1 | Q99: 0 | R99: 0 | S99: 0 | T99: 0 | U99: 0 | V99: 0 | W99: 0 | X99: 0 | Y99: 0 | Z99: 2 | AA99: 0 | AB99: 0 | AC99: =SUM(E99:AB99) -> 4
C100: 7. Rr SETYO WATI | E100: 0 | F100: 0 | G100: 0 | H100: 0 | I100: 0 | J100: 0 | K100: 0 | L100: 0 | M100: 0 | N100: 0 | O100: 1 | P100: 0 | Q100: 0 | R100: 0 | S100: 0 | T100: 0 | U100: 0 | V100: 0 | W100: 0 | X100: 0 | Y100: 0 | Z100: 0 | AA100: 0 | AB100: 0 | AC100: =SUM(E100:AB100) -> 1
C101: 8. ABD. KADIR ASSEGAFF | E101: 1 | F101: 0 | G101: 0 | H101: 0 | I101: 0 | J101: 0 | K101: 0 | L101: 0 | M101: 0 | N101: 0 | O101: 0 | P101: 0 | Q101: 0 | R101: 0 | S101: 0 | T101: 0 | U101: 1 | V101: 0 | W101: 0 | X101: 0 | Y101: 0 | Z101: 0 | AA101: 0 | AB101: 0 | AC101: =SUM(E101:AB101) -> 2
C102: 9. FATHOR ZAINULLAH | E102: 0 | F102: 0 | G102: 0 | H102: 0 | I102: 0 | J102: 0 | K102: 0 | L102: 0 | M102: 0 | N102: 0 | O102: 0 | P102: 0 | Q102: 0 | R102: 0 | S102: 0 | T102: 0 | U102: 0 | V102: 0 | W102: 0 | X102: 0 | Y102: 0 | Z102: 0 | AA102: 0 | AB102: 0 | AC102: =SUM(E102:AB102) -> 0
A103: B | B103: JUMLAH SUARA SAH PARTAI POLITIK DAN CALON (A1 + A2) | E103: =SUM(E93:E102) -> 7 | F103: =SUM(F93:F102) -> 3 | G103: =SUM(G93:G102) -> 4 | H103: =SUM(H93:H102) -> 2 | I103: =SUM(I93:I102) -> 3 | J103: =SUM(J93:J102) -> 4 | K103: =SUM(K93:K102) -> 6 | L103: =SUM(L93:L102) -> 3 | ... AC103: =SUM(AC93:AC102) -> 153
A105: A.1 | B105: 6. | C105: Partai Buruh | E105: 0 | F105: 0 | G105: 0 | H105: 0 | I105: 1 | J105: 0 | K105: 0 | L105: 0 | M105: 1 | N105: 0 | O105: 0 | P105: 0 | Q105: 1 | R105: 1 | S105: 0 | T105: 1 | U105: 1 | V105: 0 | W105: 0 | X105: 0 | Y105: 0 | Z105: 0 | AA105: 0 | AB105: 0 | AC105: =SUM(E105:AB105) -> 6
A106: A.2 | C106: 1. AGUS SUPRIYADI | E106: 0 | F106: 0 | G106: 0 | H106: 1 | I106: 0 | J106: 0 | K106: 0 | L106: 0 | M106: 0 | N106: 0 | O106: 0 | P106: 0 | Q106: 0 | R106: 1 | S106: 1 | T106: 0 | U106: 0 | V106: 0 | W106: 0 | X106: 0 | Y106: 1 | Z106: 1 | AA106: 0 | AB106: 0 | AC106: =SUM(E106:AB106) -> 5
C107: 2. ENI HARIATI | E107: 0 | F107: 0 | G107: 0 | H107: 0 | I107: 0 | J107: 0 | K107: 0 | L107: 0 | M107: 1 | N107: 0 | O107: 0 | P107: 0 | Q107: 1 | R107: 1 | S107: 0 | T107: 0 | U107: 0 | V107: 0 | W107: 0 | X107: 0 | Y107: 0 | Z107: 0 | AA107: 1 | AB107: 0 | AC107: =SUM(E107:AB107) -> 4
AC108: =SUM(E108:AB108) -> 0
AC109: =SUM(E109:AB109) -> 0
AC110: =SUM(E110:AB110) -> 0
AC111: =SUM(E111:AB111) -> 0
AC112: =SUM(E112:AB112) -> 0
AC113: =SUM(E113:AB113) -> 0
AC114: =SUM(E114:AB114) -> 0
A115: B | B115: JUMLAH SUARA SAH PARTAI POLITIK DAN CALON (A1 + A2) | E115: =SUM(E105:E114) -> 0 | F115: =SUM(F105:F114) -> 0 | G115: =SUM(G105:G114) -> 0 | H115: =SUM(H105:H114) -> 1 | I115: =SUM(I105:I114) -> 1 | J115: =SUM(J105:J114) -> 0 | K115: =SUM(K105:K114) -> 0 | L115: =SUM(L105:L114) -> 0 | ... AC115: =SUM(AC105:AC114) -> 15
A117: A.1 | B117: 7. | C117: Partai Gelombang Rakyat Indonesia | E117: 0 | F117: 0 | G117: 1 | H117: 0 | I117: 0 | J117: 1 | K117: 0 | L117: 0 | M117: 2 | N117: 0 | O117: 1 | P117: 0 | Q117: 1 | R117: 0 | S117: 1 | T117: 1 | U117: 0 | V117: 0 | W117: 1 | X117: 1 | Y117: 0 | Z117: 1 | AA117: 0 | AB117: 0 | AC117: =SUM(E117:AB117) -> 11
...

Sheet SINGOLATREN
C2: Kecamatan | D2: SINGOJURUH
C3: Kabupaten | D3: BANYUWANGI
C4: Provinsi | D4: JAWA TIMUR
C9: Kelurahan | D9: SINGOLATREN
A12: I | B12: DATA PEMILIH DAN PENGGUNAAN HAK PILIH | T12: JUMLAH AKHIR
A13: A | B13: DATA PEMILIH | E13: TPS 001 | F13: TPS 002 | G13: TPS 003 | H13: TPS 004 | I13: TPS 005 | J13: TPS 006 | K13: TPS 007 | L13: TPS 008 | M13: TPS 009 | N13: TPS 010 | O13: TPS 011 | P13: TPS 012 | Q13: TPS 013 | R13: TPS 014 | S13: TPS 015
B14: Jumlah Pemilih dalam Daftar Pemilih Tetap (DPT) | D14: LK | E14: 124 | F14: 132 | G14: 130 | H14: 127 | I14: 133 | J14: 115 | K14: 140 | L14: 127 | M14: 130 | N14: 111 | O14: 118 | P14: 108 | Q14: 114 | R14: 130 | S14: 81 | T14: =SUM(E14:S14) -> 1820
D15: PR | E15: 119 | F15: 123 | G15: 121 | H15: 125 | I15: 128 | J15: 126 | K15: 135 | L15: 133 | M15: 134 | N15: 121 | O15: 124 | P15: 118 | Q15: 121 | R15: 129 | S15: 80 | T15: =SUM(E15:S15) -> 1837
D16: JML | E16: =SUM(E14:E15) -> 243 | F16: =SUM(F14:F15) -> 255 | G16: =SUM(G14:G15) -> 251 | H16: =SUM(H14:H15) -> 252 | I16: =SUM(I14:I15) -> 261 | J16: =SUM(J14:J15) -> 241 | K16: =SUM(K14:K15) -> 275 | L16: =SUM(L14:L15) -> 260 | ... S16: =SUM(S14:S15) -> 161 | T16: =SUM(E16:S16) -> 3657
A18: B | B18: PENGGUNA HAK PILIH
B19: 1. | C19: Jumlah pengguna hak pilih dalam Daftar Pemilih Tetap (DPT) | D19: LK | E19: 97 | F19: 88 | G19: 110 | H19: 104 | I19: 111 | J19: 94 | K19: 112 | L19: 92 | M19: 95 | N19: 90 | O19: 87 | P19: 87 | Q19: 96 | R19: 89 | S19: 53 | T19: =SUM(E19:S19) -> 1405
D20: PR | E20: 100 | F20: 89 | G20: 99 | H20: 115 | I20: 109 | J20: 105 | K20: 114 | L20: 110 | M20: 103 | N20: 103 | O20: 106 | P20: 107 | Q20: 111 | R20: 105 | S20: 58 | T20: =SUM(E20:S20) -> 1534
D21: JML | E21: =SUM(E19:E20) -> 197 | F21: =SUM(F19:F20) -> 177 | G21: =SUM(G19:G20) -> 209 | H21: =SUM(H19:H20) -> 219 | I21: =SUM(I19:I20) -> 220 | J21: =SUM(J19:J20) -> 199 | K21: =SUM(K19:K20) -> 226 | L21: =SUM(L19:L20) -> 202 | ... S21: =SUM(S19:S20) -> 111 | T21: =SUM(E21:S21) -> 2939
B22: 2. | C22: Jumlah pengguna hak pilih dalam Daftar Pemilih Tambahan (DPTb) | D22: LK | E22: 0 | F22: 0 | G22: 0 | H22: 0 | I22: 0 | J22: 0 | K22: 0 | L22: 1 | M22: 0 | N22: 1 | O22: 0 | P22: 0 | Q22: 0 | R22: 0 | S22: 0 | T22: =SUM(E22:S22) -> 2
D23: PR | E23: 0 | F23: 0 | G23: 0 | H23: 0 | I23: 0 | J23: 0 | K23: 0 | L23: 1 | M23: 0 | N23: 1 | O23: 0 | P23: 0 | Q23: 0 | R23: 0 | S23: 0 | T23: =SUM(E23:S23) -> 2
D24: JML | E24: =SUM(E22:E23) -> 0 | F24: =SUM(F22:F23) -> 0 | G24: =SUM(G22:G23) -> 0 | H24: =SUM(H22:H23) -> 0 | I24: =SUM(I22:I23) -> 0 | J24: =SUM(J22:J23) -> 0 | K24: =SUM(K22:K23) -> 0 | L24: =SUM(L22:L23) -> 2 | ... S24: =SUM(S22:S23) -> 0 | T24: =SUM(E24:S24) -> 4
B25: 3. | C25: Jumlah pengguna hak pilih dalam Daftar Pemilih Khusus (DPK) | D25: LK | E25: 1 | F25: 3 | G25: 0 | H25: 0 | I25: 1 | J25: 0 | K25: 0 | L25: 2 | M25: 0 | N25: 0 | O25: 3 | P25: 0 | Q25: 0 | R25: 0 | S25: 1 | T25: =SUM(E25:S25) -> 11
D26: PR | E26: 2 | F26: 3 | G26: 2 | H26: 0 | I26: 0 | J26: 1 | K26: 2 | L26: 2 | M26: 0 | N26: 1 | O26: 4 | P26: 0 | Q26: 0 | R26: 1 | S26: 0 | T26: =SUM(E26:S26) -> 18
D27: JML | E27: =SUM(E25:E26) -> 3 | F27: =SUM(F25:F26) -> 6 | G27: =SUM(G25:G26) -> 2 | H27: =SUM(H25:H26) -> 0 | I27: =SUM(I25:I26) -> 1 | J27: =SUM(J25:J26) -> 1 | K27: =SUM(K25:K26) -> 2 | L27: =SUM(L25:L26) -> 4 | ... S27: =SUM(S25:S26) -> 1 | T27: =SUM(E27:S27) -> 29
B28: 4. | C28: Jumlah Pengguna Hak Pilih (B.1+B.2+B.3) | D28: LK | E28: =SUM(E19,E22,E25) -> 98 | F28: =SUM(F19,F22,F25) -> 91 | G28: =SUM(G19,G22,G25) -> 110 | H28: =SUM(H19,H22,H25) -> 104 | I28: =SUM(I19,I22,I25) -> 112 | J28: =SUM(J19,J22,J25) -> 94 | K28: =SUM(K19,K22,K25) -> 112 | L28: =SUM(L19,L22,L25) -> 95 | ... S28: =SUM(S19,S22,S25) -> 54 | T28: =SUM(E28:S28) -> 1418
D29: PR | E29: =SUM(E20,E23,E26) -> 102 | F29: =SUM(F20,F23,F26) -> 92 | G29: =SUM(G20,G23,G26) -> 101 | H29: =SUM(H20,H23,H26) -> 115 | I29: =SUM(I20,I23,I26) -> 109 | J29: =SUM(J20,J23,J26) -> 106 | K29: =SUM(K20,K23,K26) -> 116 | L29: =SUM(L20,L23,L26) -> 113 | ... S29: =SUM(S20,S23,S26) -> 58 | T29: =SUM(E29:S29) -> 1554
D30: JML | E30: =SUM(E28:E29) -> 200 | F30: =SUM(F28:F29) -> 183 | G30: =SUM(G28:G29) -> 211 | H30: =SUM(H28:H29) -> 219 | I30: =SUM(I28:I29) -> 221 | J30: =SUM(J28:J29) -> 200 | K30: =SUM(K28:K29) -> 228 | L30: =SUM(L28:L29) -> 208 | ... S30: =SUM(S28:S29) -> 112 | T30: =SUM(E30:S30) -> 2972
A32: II | B32: DATA PENGGUNAAN SURAT SUARA
A33: 1 | B33: Jumlah surat suara yang diterima, termasuk surat suara cadangan 2,5% dari DPT | E33: 248 | F33: 261 | G33: 251 | H33: 242 | I33: 255 | J33: 243 | K33: 278 | L33: 264 | M33: 257 | N33: 234 | O33: 247 | P33: 230 | Q33: 239 | R33: 262 | S33: 163 | T33: =SUM(E33:S33) -> 3674
A34: 2 | B34: Jumlah surat suara yang digunakan | E34: 200 | F34: 183 | G34: 211 | H34: 219 | I34: 221 | J34: 200 | K34: 228 | L34: 208 | M34: 198 | N34: 196 | O34: 200 | P34: 194 | Q34: 207 | R34: 195 | S34: 112 | T34: =SUM(E34:S34) -> 2972
A35: 3 | B35: Jumlah surat suara dikembalikan oleh pemilih (karena rusak atau keliru coblos) | E35: 0 | F35: 3 | G35: 1 | H35: 2 | I35: 0 | J35: 3 | K35: 1 | L35: 0 | M35: 0 | N35: 0 | O35: 0 | P35: 1 | Q35: 0 | R35: 0 | S35: 0 | T35: =SUM(E35:S35) -> 11
A36: 4 | B36: Jumlah surat suara yang tidak digunakan/tidak terpakai, termasuk sisa surat suara cadangan | E36: =E33-(E34+E35) -> 48 | F36: =F33-(F34+F35) -> 75 | G36: =G33-(G34+G35) -> 39 | H36: =H33-(H34+H35) -> 21 | I36: =I33-(I34+I35) -> 34 | J36: =J33-(J34+J35) -> 40 | K36: =K33-(K34+K35) -> 49 | L36: =L33-(L34+L35) -> 56 | ... S36: =S33-(S34+S35) -> 51 | T36: =SUM(E36:S36) -> 691
A38: III | B38: DATA PEMILIH DISABILITAS
B39: Jumlah seluruh Pemilih disabilitas yang menggunakan hak pilih | D39: LK | E39: 2 | J39: 1 | L39: 1 | T39: =SUM(E39:S39) -> 4
D40: PR | E40: 5 | L40: 4 | O40: 1 | T40: =SUM(E40:S40) -> 10
D41: JML | E41: =SUM(E39:E40) -> 7 | F41: =SUM(F39:F40) -> 0 | G41: =SUM(G39:G40) -> 0 | H41: =SUM(H39:H40) -> 0 | I41: =SUM(I39:I40) -> 0 | J41: =SUM(J39:J40) -> 1 | K41: =SUM(K39:K40) -> 0 | L41: =SUM(L39:L40) -> 5 | ... S41: =SUM(S39:S40) -> 0 | T41: =SUM(E41:S41) -> 14
A43: IV | B43: DATA RINCIAN PEROLEHAN SUARA PASANGAN CALON BUPATI DAN WAKIL BUPATI
A44: NOMOR DAN NAMA CALON
A45: A.1 | B45: 1. | C45: Partai Kebangkitan Bangsa | E45: 1 | F45: 5 | G45: 5 | H45: 6 | I45: 10 | J45: 7 | K45: 5 | L45: 7 | M45: 5 | N45: 7 | O45: 7 | P45: 10 | Q45: 9 | R45: 9 | S45: 1 | T45: =SUM(E45:S45) -> 94
A46: A.2 | C46: 1. Dra. Hj. MA`MULAH HARUN, M.Pd.I. | E46: 3 | F46: 1 | G46: 6 | H46: 4 | I46: 22 | J46: 21 | K46: 8 | L46: 7 | M46: 5 | N46: 27 | O46: 14 | P46: 9 | Q46: 16 | R46: 11 | S46: 4 | T46: =SUM(E46:S46) -> 158
C47: 2. UBAIDILLAH, S.Fil.I. | E47: 0 | F47: 4 | G47: 4 | H47: 6 | I47: 10 | J47: 8 | K47: 8 | L47: 4 | M47: 1 | N47: 2 | O47: 2 | P47: 1 | Q47: 2 | R47: 6 | S47: 0 | T47: =SUM(E47:S47) -> 58
C48: 3. Ir. H. YOYOK MULYADI, M.Si. | E48: 1 | F48: 0 | G48: 0 | H48: 3 | I48: 2 | J48: 1 | K48: 0 | L48: 1 | M48: 0 | N48: 1 | O48: 0 | P48: 1 | Q48: 2 | R48: 1 | S48: 0 | T48: =SUM(E48:S48) -> 13
C49: 4. KHOIRUL ANWAR, S.Fil.I. | E49: 0 | F49: 1 | G49: 3 | H49: 0 | I49: 4 | J49: 0 | K49: 0 | L49: 3 | M49: 2 | N49: 1 | O49: 0 | P49: 1 | Q49: 1 | R49: 2 | S49: 0 | T49: =SUM(E49:S49) -> 18
C50: 5. ARIF WIJAKSANA | E50: 0 | F50: 1 | G50: 0 | H50: 0 | I50: 2 | J50: 1 | K50: 0 | L50: 1 | M50: 1 | N50: 3 | O50: 1 | P50: 1 | Q50: 0 | R50: 0 | S50: 0 | T50: =SUM(E50:S50) -> 11
C51: 6. Dr. SITI YUMNAH | E51: 1 | F51: 2 | G51: 0 | H51: 0 | I51: 0 | J51: 1 | K51: 0 | L51: 0 | M51: 0 | N51: 3 | O51: 0 | P51: 0 | Q51: 0 | R51: 0 | S51: 0 | T51: =SUM(E51:S51) -> 7
C52: 7. MOHAMMAD ZAINI, M.Pd.I. | E52: 0 | F52: 0 | G52: 1 | H52: 1 | I52: 0 | J52: 0 | K52: 0 | L52: 1 | M52: 0 | N52: 0 | O52: 0 | P52: 0 | Q52: 0 | R52: 0 | S52: 0 | T52: =SUM(E52:S52) -> 3
C53: 8. FAWAIDUL MAKKIYAH | E53: 0 | F53: 0 | G53: 0 | H53: 0 | I53: 0 | J53: 0 | K53: 1 | L53: 0 | M53: 0 | N53: 0 | O53: 0 | P53: 0 | Q53: 0 | R53: 1 | S53: 0 | T53: =SUM(E53:S53) -> 2
C54: 9. IFFAH HIDAYATUR ROHMAH, S.Sos. | E54: 0 | F54: 1 | G54: 0 | H54: 0 | I54: 0 | J54: 0 | K54: 0 | L54: 0 | M54: 0 | N54: 0 | O54: 0 | P54: 0 | Q54: 0 | R54: 0 | S54: 0 | T54: =SUM(E54:S54) -> 1
A55: B | B55: JUMLAH SUARA SAH PARTAI POLITIK DAN CALON (A1 + A2) | E55: =SUM(E45:E54) -> 6 | F55: =SUM(F45:F54) -> 15 | G55: =SUM(G45:G54) -> 19 | H55: =SUM(H45:H54) -> 20 | I55: =SUM(I45:I54) -> 50 | J55: =SUM(J45:J54) -> 39 | K55: =SUM(K45:K54) -> 22 | L55: =SUM(L45:L54) -> 24 | ... T55: =SUM(T45:T54) -> 365
A57: A.1 | B57: 2. | C57: Partai Gerakan Indonesia Raya | E57: 17 | F57: 14 | G57: 17 | H57: 17 | I57: 10 | J57: 10 | K57: 17 | L57: 5 | M57: 10 | N57: 13 | O57: 14 | P57: 10 | Q57: 11 | R57: 1 | S57: 10 | T57: =SUM(E57:S57) -> 176
A58: A.2 | C58: 1. AHMAD HADINUDDIN, S.Pd.I. | E58: 10 | F58: 12 | G58: 11 | H58: 11 | I58: 9 | J58: 4 | K58: 7 | L58: 1 | M58: 8 | N58: 9 | O58: 7 | P58: 6 | Q58: 4 | R58: 12 | S58: 9 | T58: =SUM(E58:S58) -> 120
C59: 2. BIMA RAFSANJANI RAFID | E59: 10 | F59: 6 | G59: 4 | H59: 6 | I59: 9 | J59: 5 | K59: 7 | L59: 11 | M59: 8 | N59: 12 | O59: 60 | P59: 5 | Q59: 4 | R59: 8 | S59: 0 | T59: =SUM(E59:S59) -> 155
C60: 3. IRA DAMAYANTI | E60: 3 | F60: 1 | G60: 2 | H60: 1 | I60: 1 | J60: 5 | K60: 1 | L60: 2 | M60: 1 | N60: 0 | O60: 3 | P60: 1 | Q60: 2 | R60: 1 | S60: 2 | T60: =SUM(E60:S60) -> 26
C61: 4. MAULANA MALIK IBRAHIM, S.H. | E61: 2 | F61: 9 | G61: 5 | H61: 1 | I61: 8 | J61: 6 | K61: 17 | L61: 6 | M61: 1 | N61: 15 | O61: 9 | P61: 18 | Q61: 30 | R61: 3 | S61: 9 | T61: =SUM(E61:S61) -> 139
C62: 5. LULUK ALFIATI | E62: 0 | F62: 0 | G62: 1 | H62: 1 | I62: 1 | J62: 1 | K62: 1 | L62: 0 | M62: 3 | N62: 0 | O62: 2 | P62: 0 | Q62: 4 | R62: 1 | S62: 1 | T62: =SUM(E62:S62) -> 16
C63: 6. ILHAM WAHYUDI, S.H. | E63: 1 | F63: 0 | G63: 1 | H63: 1 | I63: 0 | J63: 0 | K63: 0 | L63: 1 | M63: 0 | N63: 1 | O63: 0 | P63: 0 | Q63: 0 | R63: 0 | S63: 1 | T63: =SUM(E63:S63) -> 6
C64: 7. HAERUL ANWAR, S.Pd.I. | E64: 0 | F64: 1 | G64: 0 | H64: 0 | I64: 0 | J64: 1 | K64: 0 | L64: 0 | M64: 0 | N64: 0 | O64: 0 | P64: 1 | Q64: 0 | R64: 0 | S64: 0 | T64: =SUM(E64:S64) -> 3
C65: 8. YOVI ADHITYA WARDANI | E65: 0 | F65: 0 | G65: 0 | H65: 0 | I65: 0 | J65: 0 | K65: 0 | L65: 3 | M65: 0 | N65: 0 | O65: 0 | P65: 0 | Q65: 0 | R65: 1 | S65: 0 | T65: =SUM(E65:S65) -> 4
C66: 9. RITA AMELIA | E66: 0 | F66: 0 | G66: 1 | H66: 0 | I66: 0 | J66: 0 | K66: 0 | L66: 1 | M66: 0 | N66: 1 | O66: 0 | P66: 0 | Q66: 0 | R66: 0 | S66: 0 | T66: =SUM(E66:S66) -> 3
A67: B | B67: JUMLAH SUARA SAH PARTAI POLITIK DAN CALON (A1 + A2) | E67: =SUM(E57:E66) -> 43 | F67: =SUM(F57:F66) -> 43 | G67: =SUM(G57:G66) -> 42 | H67: =SUM(H57:H66) -> 38 | I67: =SUM(I57:I66) -> 38 | J67: =SUM(J57:J66) -> 32 | K67: =SUM(K57:K66) -> 50 | L67: =SUM(L57:L66) -> 30 | ... T67: =SUM(T57:T66) -> 648
A69: A.1 | B69: 3. | C69: Partai Demokrasi Indonesia Perjuangan | E69: 27 | F69: 7 | G69: 21 | H69: 6 | I69: 5 | J69: 2 | K69: 8 | L69: 5 | M69: 4 | N69: 9 | O69: 4 | P69: 18 | Q69: 6 | R69: 4 | S69: 5 | T69: =SUM(E69:S69) -> 131
A70: A.2 | C70: 1. MARTIN H., S.H., M.H. | E70: 3 | F70: 4 | G70: 5 | H70: 9 | I70: 3 | J70: 4 | K70: 4 | L70: 6 | M70: 2 | N70: 5 | O70: 2 | P70: 7 | Q70: 3 | R70: 7 | S70: 34 | T70: =SUM(E70:S70) -> 98
C71: 2. HERMANTO, S.E. | E71: 21 | F71: 21 | G71: 10 | H71: 8 | I71: 11 | J71: 6 | K71: 10 | L71: 6 | M71: 6 | N71: 7 | O71: 4 | P71: 3 | Q71: 3 | R71: 1 | S71: 2 | T71: =SUM(E71:S71) -> 119
C72: 3. EVY SUSILAWATI, S.E., M.M. | E72: 2 | F72: 2 | G72: 5 | H72: 2 | I72: 0 | J72: 6 | K72: 2 | L72: 2 | M72: 3 | N72: 2 | O72: 3 | P72: 1 | Q72: 1 | R72: 11 | S72: 0 | T72: =SUM(E72:S72) -> 42
C73: 4. M. SIROTTUDIN | E73: 10 | F73: 15 | G73: 7 | H73: 12 | I73: 3 | J73: 1 | K73: 3 | L73: 0 | M73: 2 | N73: 5 | O73: 1 | P73: 1 | Q73: 0 | R73: 1 | S73: 0 | T73: =SUM(E73:S73) -> 61
C74: 5. ABDUL HAFID, S.H. | E74: 2 | F74: 1 | G74: 4 | H74: 0 | I74: 2 | J74: 1 | K74: 2 | L74: 1 | M74: 3 | N74: 0 | O74: 0 | P74: 0 | Q74: 0 | R74: 2 | S74: 0 | T74: =SUM(E74:S74) -> 18
C75: 6. NIKITA FORTUNA SURYANINGATI, A.Md.Keb. | E75: 1 | F75: 0 | G75: 0 | H75: 0 | I75: 0 | J75: 1 | K75: 1 | L75: 0 | M75: 0 | N75: 1 | O75: 0 | P75: 1 | Q75: 0 | R75: 0 | S75: 0 | T75: =SUM(E75:S75) -> 5
C76: 7. YUDHO ILHAM WIJAYA, S.E. | E76: 2 | F76: 0 | G76: 0 | H76: 1 | I76: 1 | J76: 1 | K76: 0 | L76: 1 | M76: 0 | N76: 0 | O76: 0 | P76: 0 | Q76: 1 | R76: 1 | S76: 0 | T76: =SUM(E76:S76) -> 8
C77: 8. SETIAWATI, S.H. | E77: 0 | F77: 1 | G77: 0 | H77: 1 | I77: 0 | J77: 0 | K77: 0 | L77: 0 | M77: 0 | N77: 0 | O77: 0 | P77: 0 | Q77: 0 | R77: 0 | S77: 0 | T77: =SUM(E77:S77) -> 2
C78: 9. EKO BUDI SANTOSO, S.H. | E78: 0 | F78: 2 | G78: 0 | H78: 1 | I78: 0 | J78: 0 | K78: 0 | L78: 0 | M78: 0 | N78: 0 | O78: 0 | P78: 1 | Q78: 1 | R78: 0 | S78: 0 | T78: =SUM(E78:S78) -> 5
A79: B | B79: JUMLAH SUARA SAH PARTAI POLITIK DAN CALON (A1 + A2) | E79: =SUM(E69:E78) -> 68 | F79: =SUM(F69:F78) -> 53 | G79: =SUM(G69:G78) -> 52 | H79: =SUM(H69:H78) -> 40 | I79: =SUM(I69:I78) -> 25 | J79: =SUM(J69:J78) -> 22 | K79: =SUM(K69:K78) -> 30 | L79: =SUM(L69:L78) -> 21 | ... T79: =SUM(T69:T78) -> 489
A81: A.1 | B81: 4. | C81: Partai Golongan Karya | E81: 2 | F81: 1 | G81: 0 | H81: 3 | I81: 8 | J81: 5 | K81: 2 | L81: 5 | M81: 4 | N81: 1 | O81: 0 | P81: 4 | Q81: 4 | R81: 1 | S81: 1 | T81: =SUM(E81:S81) -> 41
A82: A.2 | C82: 1. PRANAYA YUDHA MAHARDHIKA | E82: 9 | F82: 13 | G82: 30 | H82: 43 | I82: 22 | J82: 25 | K82: 29 | L82: 6 | M82: 0 | N82: 15 | O82: 12 | P82: 3 | Q82: 8 | R82: 52 | S82: 3 | T82: =SUM(E82:S82) -> 270
C83: 2. Dra. Ec. ENDANG SULASTUTY, M.I.P. | E83: 0 | F83: 0 | G83: 1 | H83: 0 | I83: 0 | J83: 0 | K83: 2 | L83: 0 | M83: 0 | N83: 1 | O83: 0 | P83: 0 | Q83: 0 | R83: 1 | S83: 0 | T83: =SUM(E83:S83) -> 5
C84: 3. AGUS REJEKI WARTONO | E84: 0 | F84: 1 | G84: 0 | H84: 1 | I84: 0 | J84: 2 | K84: 0 | L84: 1 | M84: 1 | N84: 0 | O84: 0 | P84: 0 | Q84: 0 | R84: 0 | S84: 1 | T84: =SUM(E84:S84) -> 7
C85: 4. Hj. TUTUK ASMA'A ZUCHROH, S.T., M.T. | E85: 0 | F85: 1 | G85: 1 | H85: 0 | I85: 0 | J85: 1 | K85: 0 | L85: 2 | M85: 0 | N85: 2 | O85: 0 | P85: 0 | Q85: 0 | R85: 1 | S85: 0 | T85: =SUM(E85:S85) -> 8
C86: 5. ADE M. RIZKI, S.E. | E86: 7 | F86: 2 | G86: 4 | H86: 5 | I86: 1 | J86: 1 | K86: 2 | L86: 36 | M86: 80 | N86: 2 | O86: 0 | P86: 14 | Q86: 28 | R86: 3 | S86: 0 | T86: =SUM(E86:S86) -> 185
C87: 6. ABDURAKHMAN, Bc.Kn. | E87: 1 | F87: 0 | G87: 0 | H87: 0 | I87: 0 | J87: 1 | K87: 0 | L87: 1 | M87: 0 | N87: 0 | O87: 0 | P87: 0 | Q87: 0 | R87: 0 | S87: 0 | T87: =SUM(E87:S87) -> 3
C88: 7. CENDY RHIYAN ADI PUTRI | E88: 0 | F88: 0 | G88: 0 | H88: 0 | I88: 0 | J88: 0 | K88: 0 | L88: 1 | M88: 0 | N88: 0 | O88: 0 | P88: 0 | Q88: 0 | R88: 0 | S88: 0 | T88: =SUM(E88:S88) -> 1
C89: 8. BAKTI WIJAYANTO, S.E. | E89: 0 | F89: 0 | G89: 0 | H89: 0 | I89: 0 | J89: 0 | K89: 0 | L89: 1 | M89: 0 | N89: 1 | O89: 0 | P89: 0 | Q89: 0 | R89: 0 | S89: 0 | T89: =SUM(E89:S89) -> 2
C90: 9. AHMAD UBAIDILLAH | E90: 0 | F90: 1 | G90: 0 | H90: 0 | I90: 0 | J90: 0 | K90: 0 | L90: 0 | M90: 0 | N90: 0 | O90: 0 | P90: 1 | Q90: 0 | R90: 0 | S90: 0 | T90: =SUM(E90:S90) -> 2
A91: B | B91: JUMLAH SUARA SAH PARTAI POLITIK DAN CALON (A1 + A2) | E91: =SUM(E81:E90) -> 19 | F91: =SUM(F81:F90) -> 19 | G91: =SUM(G81:G90) -> 36 | H91: =SUM(H81:H90) -> 52 | I91: =SUM(I81:I90) -> 31 | J91: =SUM(J81:J90) -> 35 | K91: =SUM(K81:K90) -> 35 | L91: =SUM(L81:L90) -> 53 | ... T91: =SUM(T81:T90) -> 524
A93: A.1 | B93: 5. | C93: Partai NasDem | E93: 0 | F93: 0 | G93: 0 | H93: 0 | I93: 0 | J93: 2 | K93: 3 | L93: 3 | M93: 2 | N93: 0 | O93: 0 | P93: 0 | Q93: 0 | R93: 0 | S93: 0 | T93: =SUM(E93:S93) -> 10
A94: A.2 | C94: 1. ALI MUSTOFA, A.Md. | E94: 0 | F94: 0 | G94: 0 | H94: 0 | I94: 0 | J94: 3 | K94: 1 | L94: 0 | M94: 0 | N94: 1 | O94: 0 | P94: 0 | Q94: 1 | R94: 1 | S94: 0 | T94: =SUM(E94:S94) -> 7
C95: 2. Hj. BUAMI, S.H. | E95: 0 | F95: 0 | G95: 0 | H95: 0 | I95: 0 | J95: 0 | K95: 0 | L95: 0 | M95: 0 | N95: 0 | O95: 0 | P95: 0 | Q95: 0 | R95: 0 | S95: 0 | T95: =SUM(E95:S95) -> 0
C96: 3. SUGIONO, S.H. | E96: 0 | F96: 1 | G96: 0 | H96: 0 | I96: 1 | J96: 0 | K96: 0 | L96: 0 | M96: 0 | N96: 0 | O96: 0 | P96: 0 | Q96: 0 | R96: 0 | S96: 0 | T96: =SUM(E96:S96) -> 2
C97: 4. LULUK SUNARMIATININGSIH | E97: 0 | F97: 0 | G97: 0 | H97: 0 | I97: 0 | J97: 0 | K97: 0 | L97: 0 | M97: 0 | N97: 0 | O97: 0 | P97: 0 | Q97: 0 | R97: 0 | S97: 0 | T97: =SUM(E97:S97) -> 0
C98: 5. ANTON DJULIANTO ADI | E98: 0 | F98: 0 | G98: 0 | H98: 0 | I98: 0 | J98: 1 | K98: 0 | L98: 0 | M98: 0 | N98: 1 | O98: 0 | P98: 0 | Q98: 0 | R98: 0 | S98: 0 | T98: =SUM(E98:S98) -> 2
C99: 6. MOKHAMAD ROFI'I KHUSNAN | E99: 0 | F99: 0 | G99: 0 | H99: 0 | I99: 0 | J99: 0 | K99: 0 | L99: 0 | M99: 0 | N99: 0 | O99: 0 | P99: 0 | Q99: 0 | R99: 0 | S99: 0 | T99: =SUM(E99:S99) -> 0
C100: 7. Rr SETYO WATI | E100: 0 | F100: 0 | G100: 0 | H100: 0 | I100: 0 | J100: 0 | K100: 0 | L100: 0 | M100: 0 | N100: 0 | O100: 0 | P100: 0 | Q100: 0 | R100: 0 | S100: 0 | T100: =SUM(E100:S100) -> 0
C101: 8. ABD. KADIR ASSEGAFF | E101: 0 | F101: 0 | G101: 0 | H101: 0 | I101: 0 | J101: 0 | K101: 0 | L101: 0 | M101: 0 | N101: 0 | O101: 0 | P101: 0 | Q101: 0 | R101: 0 | S101: 0 | T101: =SUM(E101:S101) -> 0
C102: 9. FATHOR ZAINULLAH | E102: 0 | F102: 0 | G102: 0 | H102: 0 | I102: 0 | J102: 0 | K102: 0 | L102: 0 | M102: 0 | N102: 0 | O102: 0 | P102: 0 | Q102: 0 | R102: 0 | S102: 0 | T102: =SUM(E102:S102) -> 0
A103: B | B103: JUMLAH SUARA SAH PARTAI POLITIK DAN CALON (A1 + A2) | E103: =SUM(E93:E102) -> 0 | F103: =SUM(F93:F102) -> 1 | G103: =SUM(G93:G102) -> 0 | H103: =SUM(H93:H102) -> 0 | I103: =SUM(I93:I102) -> 1 | J103: =SUM(J93:J102) -> 6 | K103: =SUM(K93:K102) -> 4 | L103: =SUM(L93:L102) -> 3 | ... T103: =SUM(T93:T102) -> 21
A105: A.1 | B105: 6. | C105: Partai Buruh | E105: 0 | F105: 1 | G105: 0 | H105: 0 | I105: 0 | J105: 0 | K105: 0 | L105: 0 | M105: 1 | N105: 1 | O105: 0 | P105: 1 | Q105: 0 | R105: 3 | S105: 0 | T105: =SUM(E105:S105) -> 7
A106: A.2 | C106: 1. AGUS SUPRIYADI | E106: 0 | F106: 0 | G106: 0 | H106: 0 | I106: 0 | J106: 1 | K106: 0 | L106: 0 | M106: 0 | N106: 0 | O106: 0 | P106: 0 | Q106: 0 | R106: 1 | S106: 0 | T106: =SUM(E106:S106) -> 2
C107: 2. ENI HARIATI | E107: 0 | F107: 0 | G107: 0 | H107: 0 | I107: 0 | J107: 0 | K107: 0 | L107: 0 | M107: 0 | N107: 0 | O107: 0 | P107: 0 | Q107: 0 | R107: 2 | S107: 0 | T107: =SUM(E107:S107) -> 2
T108: =SUM(E108:S108) -> 0
T109: =SUM(E109:S109) -> 0
T110: =SUM(E110:S110) -> 0
T111: =SUM(E111:S111) -> 0
T112: =SUM(E112:S112) -> 0
T113: =SUM(E113:S113) -> 0
T114: =SUM(E114:S114) -> 0
A115: B | B115: JUMLAH SUARA SAH PARTAI POLITIK DAN CALON (A1 + A2) | E115: =SUM(E105:E114) -> 0 | F115: =SUM(F105:F114) -> 1 | G115: =SUM(G105:G114) -> 0 | H115: =SUM(H105:H114) -> 0 | I115: =SUM(I105:I114) -> 0 | J115: =SUM(J105:J114) -> 1 | K115: =SUM(K105:K114) -> 0 | L115: =SUM(L105:L114) -> 0 | ... T115: =SUM(T105:T114) -> 11
A117: A.1 | B117: 7. | C117: Partai Gelombang Rakyat Indonesia | E117: 0 | F117: 0 | G117: 0 | H117: 1 | I117: 0 | J117: 1 | K117: 0 | L117: 1 | M117: 2 | N117: 1 | O117: 0 | P117: 0 | Q117: 0 | R117: 0 | S117: 0 | T117: =SUM(E117:S117) -> 6
...

Sheet SUMBERBARU
C2: Kecamatan | D2: SINGOJURUH
C3: Kabupaten | D3: BANYUWANGI
C4: Provinsi | D4: JAWA TIMUR
C9: Kelurahan | D9: SUMBERBARU
A12: I | B12: DATA PEMILIH DAN PENGGUNAAN HAK PILIH | S12: JUMLAH AKHIR
A13: A | B13: DATA PEMILIH | E13: TPS 001 | F13: TPS 002 | G13: TPS 003 | H13: TPS 004 | I13: TPS 005 | J13: TPS 006 | K13: TPS 007 | L13: TPS 008 | M13: TPS 009 | N13: TPS 010 | O13: TPS 011 | P13: TPS 012 | Q13: TPS 013 | R13: TPS 014
B14: Jumlah Pemilih dalam Daftar Pemilih Tetap (DPT) | D14: LK | S14: =SUM(E14:R14) -> 0
D15: PR | S15: =SUM(E15:R15) -> 0
D16: JML | E16: =SUM(E14:E15) -> 0 | F16: =SUM(F14:F15) -> 0 | G16: =SUM(G14:G15) -> 0 | H16: =SUM(H14:H15) -> 0 | I16: =SUM(I14:I15) -> 0 | J16: =SUM(J14:J15) -> 0 | K16: =SUM(K14:K15) -> 0 | L16: =SUM(L14:L15) -> 0 | ... R16: =SUM(R14:R15) -> 0 | S16: =SUM(E16:R16) -> 0
A18: B | B18: PENGGUNA HAK PILIH
B19: 1. | C19: Jumlah pengguna hak pilih dalam Daftar Pemilih Tetap (DPT) | D19: LK | S19: =SUM(E19:R19) -> 0
D20: PR | S20: =SUM(E20:R20) -> 0
D21: JML | E21: =SUM(E19:E20) -> 0 | F21: =SUM(F19:F20) -> 0 | G21: =SUM(G19:G20) -> 0 | H21: =SUM(H19:H20) -> 0 | I21: =SUM(I19:I20) -> 0 | J21: =SUM(J19:J20) -> 0 | K21: =SUM(K19:K20) -> 0 | L21: =SUM(L19:L20) -> 0 | ... R21: =SUM(R19:R20) -> 0 | S21: =SUM(E21:R21) -> 0
B22: 2. | C22: Jumlah pengguna hak pilih dalam Daftar Pemilih Tambahan (DPTb) | D22: LK | S22: =SUM(E22:R22) -> 0
D23: PR | S23: =SUM(E23:R23) -> 0
D24: JML | E24: =SUM(E22:E23) -> 0 | F24: =SUM(F22:F23) -> 0 | G24: =SUM(G22:G23) -> 0 | H24: =SUM(H22:H23) -> 0 | I24: =SUM(I22:I23) -> 0 | J24: =SUM(J22:J23) -> 0 | K24: =SUM(K22:K23) -> 0 | L24: =SUM(L22:L23) -> 0 | ... R24: =SUM(R22:R23) -> 0 | S24: =SUM(E24:R24) -> 0
B25: 3. | C25: Jumlah pengguna hak pilih dalam Daftar Pemilih Khusus (DPK) | D25: LK | S25: =SUM(E25:R25) -> 0
D26: PR | S26: =SUM(E26:R26) -> 0
D27: JML | E27: =SUM(E25:E26) -> 0 | F27: =SUM(F25:F26) -> 0 | G27: =SUM(G25:G26) -> 0 | H27: =SUM(H25:H26) -> 0 | I27: =SUM(I25:I26) -> 0 | J27: =SUM(J25:J26) -> 0 | K27: =SUM(K25:K26) -> 0 | L27: =SUM(L25:L26) -> 0 | ... R27: =SUM(R25:R26) -> 0 | S27: =SUM(E27:R27) -> 0
B28: 4. | C28: Jumlah Pengguna Hak Pilih (B.1+B.2+B.3) | D28: LK | E28: =SUM(E19,E22,E25) -> 0 | F28: =SUM(F19,F22,F25) -> 0 | G28: =SUM(G19,G22,G25) -> 0 | H28: =SUM(H19,H22,H25) -> 0 | I28: =SUM(I19,I22,I25) -> 0 | J28: =SUM(J19,J22,J25) -> 0 | K28: =SUM(K19,K22,K25) -> 0 | L28: =SUM(L19,L22,L25) -> 0 | ... R28: =SUM(R19,R22,R25) -> 0 | S28: =SUM(E28:R28) -> 0
D29: PR | E29: =SUM(E20,E23,E26) -> 0 | F29: =SUM(F20,F23,F26) -> 0 | G29: =SUM(G20,G23,G26) -> 0 | H29: =SUM(H20,H23,H26) -> 0 | I29: =SUM(I20,I23,I26) -> 0 | J29: =SUM(J20,J23,J26) -> 0 | K29: =SUM(K20,K23,K26) -> 0 | L29: =SUM(L20,L23,L26) -> 0 | ... R29: =SUM(R20,R23,R26) -> 0 | S29: =SUM(E29:R29) -> 0
D30: JML | E30: =SUM(E28:E29) -> 0 | F30: =SUM(F28:F29) -> 0 | G30: =SUM(G28:G29) -> 0 | H30: =SUM(H28:H29) -> 0 | I30: =SUM(I28:I29) -> 0 | J30: =SUM(J28:J29) -> 0 | K30: =SUM(K28:K29) -> 0 | L30: =SUM(L28:L29) -> 0 | ... R30: =SUM(R28:R29) -> 0 | S30: =SUM(E30:R30) -> 0
A32: II | B32: DATA PENGGUNAAN SURAT SUARA
A33: 1 | B33: Jumlah surat suara yang diterima, termasuk surat suara cadangan 2,5% dari DPT | S33: =SUM(E33:R33) -> 0
A34: 2 | B34: Jumlah surat suara yang digunakan | S34: =SUM(E34:R34) -> 0
A35: 3 | B35: Jumlah surat suara dikembalikan oleh pemilih (karena rusak atau keliru coblos) | S35: =SUM(E35:R35) -> 0
A36: 4 | B36: Jumlah surat suara yang tidak digunakan/tidak terpakai, termasuk sisa surat suara cadangan | E36: =E33-(E34+E35) -> 0 | F36: =F33-(F34+F35) -> 0 | G36: =G33-(G34+G35) -> 0 | H36: =H33-(H34+H35) -> 0 | I36: =I33-(I34+I35) -> 0 | J36: =J33-(J34+J35) -> 0 | K36: =K33-(K34+K35) -> 0 | L36: =L33-(L34+L35) -> 0 | ... R36: =R33-(R34+R35) -> 0 | S36: =SUM(E36:R36) -> 0
