Workbook

Sheet DPRD PROVINSI
C8: Kecamatan | D8: BANYUWANGI
C9: Kabupaten | D9: BANYUWANGI
C10: Provinsi | D10: JAWA TIMUR
A12: I | B12: DATA PEMILIH DAN PENGGUNAAN HAK PILIH | E12: JUMLAH AKHIR
A13: A | B13: DATA PEMILIH
B14: Jumlah Pemilih dalam Daftar Pemilih Tetap (DPT) | D14: LK | E14: =KAMPUNGMANDAR!P14+KAMPUNGMELAYU!M14+KARANGREJO!AI14+KEBALENAN!AH14+KEPATIHAN!S14+KERTOSARI!AB14+LATENG!AD14+PAKIS!T14+PANDEREJO!R14+PENGANJURAN!T14+PENGANTIGAN!X14+SINGONEGARAN!U14+SINGOTRUNAN!AE14+SOBO!AB14+SUMBERREJO!U14+TAMANBARU!Z14+TEMENGGUNGAN!L14+TUKANGKAYU!AD14 -> 43119
D15: PR | E15: =KAMPUNGMANDAR!P15+KAMPUNGMELAYU!M15+KARANGREJO!AI15+KEBALENAN!AH15+KEPATIHAN!S15+KERTOSARI!AB15+LATENG!AD15+PAKIS!T15+PANDEREJO!R15+PENGANJURAN!T15+PENGANTIGAN!X15+SINGONEGARAN!U15+SINGOTRUNAN!AE15+SOBO!AB15+SUMBERREJO!U15+TAMANBARU!Z15+TEMENGGUNGAN!L15+TUKANGKAYU!AD15 -> 45907
D16: JML | E16: =SUM(E14:E15) -> 89026
A18: B | B18: PENGGUNA HAK PILIH
B19: 1. | C19: Jumlah pengguna hak pilih dalam Daftar Pemilih Tetap (DPT) | D19: LK | E19: =KAMPUNGMANDAR!P19+KAMPUNGMELAYU!M19+KARANGREJO!AI19+KEBALENAN!AH19+KEPATIHAN!S19+KERTOSARI!AB19+LATENG!AD19+PAKIS!T19+PANDEREJO!R19+PENGANJURAN!T19+PENGANTIGAN!X19+SINGONEGARAN!U19+SINGOTRUNAN!AE19+SOBO!AB19+SUMBERREJO!U19+TAMANBARU!Z19+TEMENGGUNGAN!L19+TUKANGKAYU!AD19 -> 31082
D20: PR | E20: =KAMPUNGMANDAR!P20+KAMPUNGMELAYU!M20+KARANGREJO!AI20+KEBALENAN!AH20+KEPATIHAN!S20+KERTOSARI!AB20+LATENG!AD20+PAKIS!T20+PANDEREJO!R20+PENGANJURAN!T20+PENGANTIGAN!X20+SINGONEGARAN!U20+SINGOTRUNAN!AE20+SOBO!AB20+SUMBERREJO!U20+TAMANBARU!Z20+TEMENGGUNGAN!L20+TUKANGKAYU!AD20 -> 36199
D21: JML | E21: =SUM(E19:E20) -> 67281
B22: 2. | C22: Jumlah pengguna hak pilih dalam Daftar Pemilih Tambahan (DPTb) | D22: LK | E22: =KAMPUNGMANDAR!P22+KAMPUNGMELAYU!M22+KARANGREJO!AI22+KEBALENAN!AH22+KEPATIHAN!S22+KERTOSARI!AB22+LATENG!AD22+PAKIS!T22+PANDEREJO!R22+PENGANJURAN!T22+PENGANTIGAN!X22+SINGONEGARAN!U22+SINGOTRUNAN!AE22+SOBO!AB22+SUMBERREJO!U22+TAMANBARU!Z22+TEMENGGUNGAN!L22+TUKANGKAYU!AD22 -> 77
D23: PR | E23: =KAMPUNGMANDAR!P23+KAMPUNGMELAYU!M23+KARANGREJO!AI23+KEBALENAN!AH23+KEPATIHAN!S23+KERTOSARI!AB23+LATENG!AD23+PAKIS!T23+PANDEREJO!R23+PENGANJURAN!T23+PENGANTIGAN!X23+SINGONEGARAN!U23+SINGOTRUNAN!AE23+SOBO!AB23+SUMBERREJO!U23+TAMANBARU!Z23+TEMENGGUNGAN!L23+TUKANGKAYU!AD23 -> 75
D24: JML | E24: =SUM(E22:E23) -> 152
B25: 3. | C25: Jumlah pengguna hak pilih dalam Daftar Pemilih Khusus (DPK) | D25: LK | E25: =KAMPUNGMANDAR!P25+KAMPUNGMELAYU!M25+KARANGREJO!AI25+KEBALENAN!AH25+KEPATIHAN!S25+KERTOSARI!AB25+LATENG!AD25+PAKIS!T25+PANDEREJO!R25+PENGANJURAN!T25+PENGANTIGAN!X25+SINGONEGARAN!U25+SINGOTRUNAN!AE25+SOBO!AB25+SUMBERREJO!U25+TAMANBARU!Z25+TEMENGGUNGAN!L25+TUKANGKAYU!AD25 -> 538
D26: PR | E26: =KAMPUNGMANDAR!P26+KAMPUNGMELAYU!M26+KARANGREJO!AI26+KEBALENAN!AH26+KEPATIHAN!S26+KERTOSARI!AB26+LATENG!AD26+PAKIS!T26+PANDEREJO!R26+PENGANJURAN!T26+PENGANTIGAN!X26+SINGONEGARAN!U26+SINGOTRUNAN!AE26+SOBO!AB26+SUMBERREJO!U26+TAMANBARU!Z26+TEMENGGUNGAN!L26+TUKANGKAYU!AD26 -> 705
D27: JML | E27: =SUM(E25:E26) -> 1243
B28: 4. | C28: Jumlah Pengguna Hak Pilih (B.1+B.2+B.3) | D28: LK | E28: =E19+E22+E25 -> 31697
D29: PR | E29: =E20+E23+E26 -> 36979
D30: JML | E30: =SUM(E28:E29) -> 68676
A32: II | B32: DATA PENGGUNAAN SURAT SUARA
A33: 1 | B33: Jumlah surat suara yang diterima, termasuk surat suara cadangan 2,5% dari DPT | E33: =KAMPUNGMANDAR!P33+KAMPUNGMELAYU!M33+KARANGREJO!AI33+KEBALENAN!AH33+KEPATIHAN!S33+KERTOSARI!AB33+LATENG!AD33+PAKIS!T33+PANDEREJO!R33+PENGANJURAN!T33+PENGANTIGAN!X33+SINGONEGARAN!U33+SINGOTRUNAN!AE33+SOBO!AB33+SUMBERREJO!U33+TAMANBARU!Z33+TEMENGGUNGAN!L33+TUKANGKAYU!AD33 -> 90704
A34: 2 | B34: Jumlah surat suara yang digunakan | E34: =KAMPUNGMANDAR!P34+KAMPUNGMELAYU!M34+KARANGREJO!AI34+KEBALENAN!AH34+KEPATIHAN!S34+KERTOSARI!AB34+LATENG!AD34+PAKIS!T34+PANDEREJO!R34+PENGANJURAN!T34+PENGANTIGAN!X34+SINGONEGARAN!U34+SINGOTRUNAN!AE34+SOBO!AB34+SUMBERREJO!U34+TAMANBARU!Z34+TEMENGGUNGAN!L34+TUKANGKAYU!AD34 -> 68676
A35: 3 | B35: Jumlah surat suara dikembalikan oleh pemilih (karena rusak atau keliru coblos) | E35: =KAMPUNGMANDAR!P35+KAMPUNGMELAYU!M35+KARANGREJO!AI35+KEBALENAN!AH35+KEPATIHAN!S35+KERTOSARI!AB35+LATENG!AD35+PAKIS!T35+PANDEREJO!R35+PENGANJURAN!T35+PENGANTIGAN!X35+SINGONEGARAN!U35+SINGOTRUNAN!AE35+SOBO!AB35+SUMBERREJO!U35+TAMANBARU!Z35+TEMENGGUNGAN!L35+TUKANGKAYU!AD35 -> 101
A36: 4 | B36: Jumlah surat suara yang tidak digunakan/tidak terpakai, termasuk sisa surat suara cadangan | E36: =E33-(E34+E35) -> 21927
A38: III | B38: DATA PEMILIH DISABILITAS
B39: Jumlah seluruh Pemilih disabilitas yang menggunakan hak pilih | D39: LK | E39: =KAMPUNGMANDAR!P39+KAMPUNGMELAYU!M39+KARANGREJO!AI39+KEBALENAN!AH39+KEPATIHAN!S39+KERTOSARI!AB39+LATENG!AD39+PAKIS!T39+PANDEREJO!R39+PENGANJURAN!T39+PENGANTIGAN!X39+SINGONEGARAN!U39+SINGOTRUNAN!AE39+SOBO!AB39+SUMBERREJO!U39+TAMANBARU!Z39+TEMENGGUNGAN!L39+TUKANGKAYU!AD39 -> 90
D40: PR | E40: =KAMPUNGMANDAR!P40+KAMPUNGMELAYU!M40+KARANGREJO!AI40+KEBALENAN!AH40+KEPATIHAN!S40+KERTOSARI!AB40+LATENG!AD40+PAKIS!T40+PANDEREJO!R40+PENGANJURAN!T40+PENGANTIGAN!X40+SINGONEGARAN!U40+SINGOTRUNAN!AE40+SOBO!AB40+SUMBERREJO!U40+TAMANBARU!Z40+TEMENGGUNGAN!L40+TUKANGKAYU!AD40 -> 78
D41: JML | E41: =SUM(E39:E40) -> 168
A43: IV | B43: DATA RINCIAN PEROLEHAN SUARA PASANGAN CALON BUPATI DAN WAKIL BUPATI
A44: NOMOR DAN NAMA CALON
A45: A.1 | B45: 1. | C45: Partai Kebangkitan Bangsa | E45: =KAMPUNGMANDAR!P45+KAMPUNGMELAYU!M45+KARANGREJO!AI45+KEBALENAN!AH45+KEPATIHAN!S45+KERTOSARI!AB45+LATENG!AD45+PAKIS!T45+PANDEREJO!R45+PENGANJURAN!T45+PENGANTIGAN!X45+SINGONEGARAN!U45+SINGOTRUNAN!AE45+SOBO!AB45+SUMBERREJO!U45+TAMANBARU!Z45+TEMENGGUNGAN!L45+TUKANGKAYU!AD45 -> 1853
A46: A.2 | C46: 1. Dra. Hj. MA`MULAH HARUN, M.Pd.I. | E46: =KAMPUNGMANDAR!P46+KAMPUNGMELAYU!M46+KARANGREJO!AI46+KEBALENAN!AH46+KEPATIHAN!S46+KERTOSARI!AB46+LATENG!AD46+PAKIS!T46+PANDEREJO!R46+PENGANJURAN!T46+PENGANTIGAN!X46+SINGONEGARAN!U46+SINGOTRUNAN!AE46+SOBO!AB46+SUMBERREJO!U46+TAMANBARU!Z46+TEMENGGUNGAN!L46+TUKANGKAYU!AD46 -> 4640
C47: 2. UBAIDILLAH, S.Fil.I. | E47: =KAMPUNGMANDAR!P47+KAMPUNGMELAYU!M47+KARANGREJO!AI47+KEBALENAN!AH47+KEPATIHAN!S47+KERTOSARI!AB47+LATENG!AD47+PAKIS!T47+PANDEREJO!R47+PENGANJURAN!T47+PENGANTIGAN!X47+SINGONEGARAN!U47+SINGOTRUNAN!AE47+SOBO!AB47+SUMBERREJO!U47+TAMANBARU!Z47+TEMENGGUNGAN!L47+TUKANGKAYU!AD47 -> 333
C48: 3. Ir. H. YOYOK MULYADI, M.Si. | E48: =KAMPUNGMANDAR!P48+KAMPUNGMELAYU!M48+KARANGREJO!AI48+KEBALENAN!AH48+KEPATIHAN!S48+KERTOSARI!AB48+LATENG!AD48+PAKIS!T48+PANDEREJO!R48+PENGANJURAN!T48+PENGANTIGAN!X48+SINGONEGARAN!U48+SINGOTRUNAN!AE48+SOBO!AB48+SUMBERREJO!U48+TAMANBARU!Z48+TEMENGGUNGAN!L48+TUKANGKAYU!AD48 -> 180
C49: 4. KHOIRUL ANWAR, S.Fil.I. | E49: =KAMPUNGMANDAR!P49+KAMPUNGMELAYU!M49+KARANGREJO!AI49+KEBALENAN!AH49+KEPATIHAN!S49+KERTOSARI!AB49+LATENG!AD49+PAKIS!T49+PANDEREJO!R49+PENGANJURAN!T49+PENGANTIGAN!X49+SINGONEGARAN!U49+SINGOTRUNAN!AE49+SOBO!AB49+SUMBERREJO!U49+TAMANBARU!Z49+TEMENGGUNGAN!L49+TUKANGKAYU!AD49 -> 240
C50: 5. ARIF WIJAKSANA | E50: =KAMPUNGMANDAR!P50+KAMPUNGMELAYU!M50+KARANGREJO!AI50+KEBALENAN!AH50+KEPATIHAN!S50+KERTOSARI!AB50+LATENG!AD50+PAKIS!T50+PANDEREJO!R50+PENGANJURAN!T50+PENGANTIGAN!X50+SINGONEGARAN!U50+SINGOTRUNAN!AE50+SOBO!AB50+SUMBERREJO!U50+TAMANBARU!Z50+TEMENGGUNGAN!L50+TUKANGKAYU!AD50 -> 119
C51: 6. Dr. SITI YUMNAH | E51: =KAMPUNGMANDAR!P51+KAMPUNGMELAYU!M51+KARANGREJO!AI51+KEBALENAN!AH51+KEPATIHAN!S51+KERTOSARI!AB51+LATENG!AD51+PAKIS!T51+PANDEREJO!R51+PENGANJURAN!T51+PENGANTIGAN!X51+SINGONEGARAN!U51+SINGOTRUNAN!AE51+SOBO!AB51+SUMBERREJO!U51+TAMANBARU!Z51+TEMENGGUNGAN!L51+TUKANGKAYU!AD51 -> 127
C52: 7. MOHAMMAD ZAINI, M.Pd.I. | E52: =KAMPUNGMANDAR!P52+KAMPUNGMELAYU!M52+KARANGREJO!AI52+KEBALENAN!AH52+KEPATIHAN!S52+KERTOSARI!AB52+LATENG!AD52+PAKIS!T52+PANDEREJO!R52+PENGANJURAN!T52+PENGANTIGAN!X52+SINGONEGARAN!U52+SINGOTRUNAN!AE52+SOBO!AB52+SUMBERREJO!U52+TAMANBARU!Z52+TEMENGGUNGAN!L52+TUKANGKAYU!AD52 -> 97
C53: 8. FAWAIDUL MAKKIYAH | E53: =KAMPUNGMANDAR!P53+KAMPUNGMELAYU!M53+KARANGREJO!AI53+KEBALENAN!AH53+KEPATIHAN!S53+KERTOSARI!AB53+LATENG!AD53+PAKIS!T53+PANDEREJO!R53+PENGANJURAN!T53+PENGANTIGAN!X53+SINGONEGARAN!U53+SINGOTRUNAN!AE53+SOBO!AB53+SUMBERREJO!U53+TAMANBARU!Z53+TEMENGGUNGAN!L53+TUKANGKAYU!AD53 -> 29
C54: 9. IFFAH HIDAYATUR ROHMAH, S.Sos. | E54: =KAMPUNGMANDAR!P54+KAMPUNGMELAYU!M54+KARANGREJO!AI54+KEBALENAN!AH54+KEPATIHAN!S54+KERTOSARI!AB54+LATENG!AD54+PAKIS!T54+PANDEREJO!R54+PENGANJURAN!T54+PENGANTIGAN!X54+SINGONEGARAN!U54+SINGOTRUNAN!AE54+SOBO!AB54+SUMBERREJO!U54+TAMANBARU!Z54+TEMENGGUNGAN!L54+TUKANGKAYU!AD54 -> 60
A55: B | B55: JUMLAH SUARA SAH PARTAI POLITIK DAN CALON (A1 + A2) | E55: =SUM(E45:E54) -> 7678
A57: A.1 | B57: 2. | C57: Partai Gerakan Indonesia Raya | E57: =KAMPUNGMANDAR!P57+KAMPUNGMELAYU!M57+KARANGREJO!AI57+KEBALENAN!AH57+KEPATIHAN!S57+KERTOSARI!AB57+LATENG!AD57+PAKIS!T57+PANDEREJO!R57+PENGANJURAN!T57+PENGANTIGAN!X57+SINGONEGARAN!U57+SINGOTRUNAN!AE57+SOBO!AB57+SUMBERREJO!U57+TAMANBARU!Z57+TEMENGGUNGAN!L57+TUKANGKAYU!AD57 -> 3485
A58: A.2 | C58: 1. AHMAD HADINUDDIN, S.Pd.I. | E58: =KAMPUNGMANDAR!P58+KAMPUNGMELAYU!M58+KARANGREJO!AI58+KEBALENAN!AH58+KEPATIHAN!S58+KERTOSARI!AB58+LATENG!AD58+PAKIS!T58+PANDEREJO!R58+PENGANJURAN!T58+PENGANTIGAN!X58+SINGONEGARAN!U58+SINGOTRUNAN!AE58+SOBO!AB58+SUMBERREJO!U58+TAMANBARU!Z58+TEMENGGUNGAN!L58+TUKANGKAYU!AD58 -> 1766
C59: 2. BIMA RAFSANJANI RAFID | E59: =KAMPUNGMANDAR!P59+KAMPUNGMELAYU!M59+KARANGREJO!AI59+KEBALENAN!AH59+KEPATIHAN!S59+KERTOSARI!AB59+LATENG!AD59+PAKIS!T59+PANDEREJO!R59+PENGANJURAN!T59+PENGANTIGAN!X59+SINGONEGARAN!U59+SINGOTRUNAN!AE59+SOBO!AB59+SUMBERREJO!U59+TAMANBARU!Z59+TEMENGGUNGAN!L59+TUKANGKAYU!AD59 -> 3164
C60: 3. IRA DAMAYANTI | E60: =KAMPUNGMANDAR!P60+KAMPUNGMELAYU!M60+KARANGREJO!AI60+KEBALENAN!AH60+KEPATIHAN!S60+KERTOSARI!AB60+LATENG!AD60+PAKIS!T60+PANDEREJO!R60+PENGANJURAN!T60+PENGANTIGAN!X60+SINGONEGARAN!U60+SINGOTRUNAN!AE60+SOBO!AB60+SUMBERREJO!U60+TAMANBARU!Z60+TEMENGGUNGAN!L60+TUKANGKAYU!AD60 -> 707
C61: 4. MAULANA MALIK IBRAHIM, S.H. | E61: =KAMPUNGMANDAR!P61+KAMPUNGMELAYU!M61+KARANGREJO!AI61+KEBALENAN!AH61+KEPATIHAN!S61+KERTOSARI!AB61+LATENG!AD61+PAKIS!T61+PANDEREJO!R61+PENGANJURAN!T61+PENGANTIGAN!X61+SINGONEGARAN!U61+SINGOTRUNAN!AE61+SOBO!AB61+SUMBERREJO!U61+TAMANBARU!Z61+TEMENGGUNGAN!L61+TUKANGKAYU!AD61 -> 1012
C62: 5. LULUK ALFIATI | E62: =KAMPUNGMANDAR!P62+KAMPUNGMELAYU!M62+KARANGREJO!AI62+KEBALENAN!AH62+KEPATIHAN!S62+KERTOSARI!AB62+LATENG!AD62+PAKIS!T62+PANDEREJO!R62+PENGANJURAN!T62+PENGANTIGAN!X62+SINGONEGARAN!U62+SINGOTRUNAN!AE62+SOBO!AB62+SUMBERREJO!U62+TAMANBARU!Z62+TEMENGGUNGAN!L62+TUKANGKAYU!AD62 -> 323
C63: 6. ILHAM WAHYUDI, S.H. | E63: =KAMPUNGMANDAR!P63+KAMPUNGMELAYU!M63+KARANGREJO!AI63+KEBALENAN!AH63+KEPATIHAN!S63+KERTOSARI!AB63+LATENG!AD63+PAKIS!T63+PANDEREJO!R63+PENGANJURAN!T63+PENGANTIGAN!X63+SINGONEGARAN!U63+SINGOTRUNAN!AE63+SOBO!AB63+SUMBERREJO!U63+TAMANBARU!Z63+TEMENGGUNGAN!L63+TUKANGKAYU!AD63 -> 147
C64: 7. HAERUL ANWAR, S.Pd.I. | E64: =KAMPUNGMANDAR!P64+KAMPUNGMELAYU!M64+KARANGREJO!AI64+KEBALENAN!AH64+KEPATIHAN!S64+KERTOSARI!AB64+LATENG!AD64+PAKIS!T64+PANDEREJO!R64+PENGANJURAN!T64+PENGANTIGAN!X64+SINGONEGARAN!U64+SINGOTRUNAN!AE64+SOBO!AB64+SUMBERREJO!U64+TAMANBARU!Z64+TEMENGGUNGAN!L64+TUKANGKAYU!AD64 -> 98
C65: 8. YOVI ADHITYA WARDANI | E65: =KAMPUNGMANDAR!P65+KAMPUNGMELAYU!M65+KARANGREJO!AI65+KEBALENAN!AH65+KEPATIHAN!S65+KERTOSARI!AB65+LATENG!AD65+PAKIS!T65+PANDEREJO!R65+PENGANJURAN!T65+PENGANTIGAN!X65+SINGONEGARAN!U65+SINGOTRUNAN!AE65+SOBO!AB65+SUMBERREJO!U65+TAMANBARU!Z65+TEMENGGUNGAN!L65+TUKANGKAYU!AD65 -> 65
C66: 9. RITA AMELIA | E66: =KAMPUNGMANDAR!P66+KAMPUNGMELAYU!M66+KARANGREJO!AI66+KEBALENAN!AH66+KEPATIHAN!S66+KERTOSARI!AB66+LATENG!AD66+PAKIS!T66+PANDEREJO!R66+PENGANJURAN!T66+PENGANTIGAN!X66+SINGONEGARAN!U66+SINGOTRUNAN!AE66+SOBO!AB66+SUMBERREJO!U66+TAMANBARU!Z66+TEMENGGUNGAN!L66+TUKANGKAYU!AD66 -> 165
A67: B | B67: JUMLAH SUARA SAH PARTAI POLITIK DAN CALON (A1 + A2) | E67: =SUM(E57:E66) -> 10932
A69: A.1 | B69: 3. | C69: Partai Demokrasi Indonesia Perjuangan | E69: =KAMPUNGMANDAR!P69+KAMPUNGMELAYU!M69+KARANGREJO!AI69+KEBALENAN!AH69+KEPATIHAN!S69+KERTOSARI!AB69+LATENG!AD69+PAKIS!T69+PANDEREJO!R69+PENGANJURAN!T69+PENGANTIGAN!X69+SINGONEGARAN!U69+SINGOTRUNAN!AE69+SOBO!AB69+SUMBERREJO!U69+TAMANBARU!Z69+TEMENGGUNGAN!L69+TUKANGKAYU!AD69 -> 3105
A70: A.2 | C70: 1. MARTIN H., S.H., M.H. | E70: =KAMPUNGMANDAR!P70+KAMPUNGMELAYU!M70+KARANGREJO!AI70+KEBALENAN!AH70+KEPATIHAN!S70+KERTOSARI!AB70+LATENG!AD70+PAKIS!T70+PANDEREJO!R70+PENGANJURAN!T70+PENGANTIGAN!X70+SINGONEGARAN!U70+SINGOTRUNAN!AE70+SOBO!AB70+SUMBERREJO!U70+TAMANBARU!Z70+TEMENGGUNGAN!L70+TUKANGKAYU!AD70 -> 1435
C71: 2. HERMANTO, S.E. | E71: =KAMPUNGMANDAR!P71+KAMPUNGMELAYU!M71+KARANGREJO!AI71+KEBALENAN!AH71+KEPATIHAN!S71+KERTOSARI!AB71+LATENG!AD71+PAKIS!T71+PANDEREJO!R71+PENGANJURAN!T71+PENGANTIGAN!X71+SINGONEGARAN!U71+SINGOTRUNAN!AE71+SOBO!AB71+SUMBERREJO!U71+TAMANBARU!Z71+TEMENGGUNGAN!L71+TUKANGKAYU!AD71 -> 7204
C72: 3. EVY SUSILAWATI, S.E., M.M. | E72: =KAMPUNGMANDAR!P72+KAMPUNGMELAYU!M72+KARANGREJO!AI72+KEBALENAN!AH72+KEPATIHAN!S72+KERTOSARI!AB72+LATENG!AD72+PAKIS!T72+PANDEREJO!R72+PENGANJURAN!T72+PENGANTIGAN!X72+SINGONEGARAN!U72+SINGOTRUNAN!AE72+SOBO!AB72+SUMBERREJO!U72+TAMANBARU!Z72+TEMENGGUNGAN!L72+TUKANGKAYU!AD72 -> 953
C73: 4. M. SIROTTUDIN | E73: =KAMPUNGMANDAR!P73+KAMPUNGMELAYU!M73+KARANGREJO!AI73+KEBALENAN!AH73+KEPATIHAN!S73+KERTOSARI!AB73+LATENG!AD73+PAKIS!T73+PANDEREJO!R73+PENGANJURAN!T73+PENGANTIGAN!X73+SINGONEGARAN!U73+SINGOTRUNAN!AE73+SOBO!AB73+SUMBERREJO!U73+TAMANBARU!Z73+TEMENGGUNGAN!L73+TUKANGKAYU!AD73 -> 578
C74: 5. ABDUL HAFID, S.H. | E74: =KAMPUNGMANDAR!P74+KAMPUNGMELAYU!M74+KARANGREJO!AI74+KEBALENAN!AH74+KEPATIHAN!S74+KERTOSARI!AB74+LATENG!AD74+PAKIS!T74+PANDEREJO!R74+PENGANJURAN!T74+PENGANTIGAN!X74+SINGONEGARAN!U74+SINGOTRUNAN!AE74+SOBO!AB74+SUMBERREJO!U74+TAMANBARU!Z74+TEMENGGUNGAN!L74+TUKANGKAYU!AD74 -> 387
C75: 6. NIKITA FORTUNA SURYANINGATI, A.Md.Keb. | E75: =KAMPUNGMANDAR!P75+KAMPUNGMELAYU!M75+KARANGREJO!AI75+KEBALENAN!AH75+KEPATIHAN!S75+KERTOSARI!AB75+LATENG!AD75+PAKIS!T75+PANDEREJO!R75+PENGANJURAN!T75+PENGANTIGAN!X75+SINGONEGARAN!U75+SINGOTRUNAN!AE75+SOBO!AB75+SUMBERREJO!U75+TAMANBARU!Z75+TEMENGGUNGAN!L75+TUKANGKAYU!AD75 -> 302
C76: 7. YUDHO ILHAM WIJAYA, S.E. | E76: =KAMPUNGMANDAR!P76+KAMPUNGMELAYU!M76+KARANGREJO!AI76+KEBALENAN!AH76+KEPATIHAN!S76+KERTOSARI!AB76+LATENG!AD76+PAKIS!T76+PANDEREJO!R76+PENGANJURAN!T76+PENGANTIGAN!X76+SINGONEGARAN!U76+SINGOTRUNAN!AE76+SOBO!AB76+SUMBERREJO!U76+TAMANBARU!Z76+TEMENGGUNGAN!L76+TUKANGKAYU!AD76 -> 87
C77: 8. SETIAWATI, S.H. | E77: =KAMPUNGMANDAR!P77+KAMPUNGMELAYU!M77+KARANGREJO!AI77+KEBALENAN!AH77+KEPATIHAN!S77+KERTOSARI!AB77+LATENG!AD77+PAKIS!T77+PANDEREJO!R77+PENGANJURAN!T77+PENGANTIGAN!X77+SINGONEGARAN!U77+SINGOTRUNAN!AE77+SOBO!AB77+SUMBERREJO!U77+TAMANBARU!Z77+TEMENGGUNGAN!L77+TUKANGKAYU!AD77 -> 106
C78: 9. EKO BUDI SANTOSO, S.H. | E78: =KAMPUNGMANDAR!P78+KAMPUNGMELAYU!M78+KARANGREJO!AI78+KEBALENAN!AH78+KEPATIHAN!S78+KERTOSARI!AB78+LATENG!AD78+PAKIS!T78+PANDEREJO!R78+PENGANJURAN!T78+PENGANTIGAN!X78+SINGONEGARAN!U78+SINGOTRUNAN!AE78+SOBO!AB78+SUMBERREJO!U78+TAMANBARU!Z78+TEMENGGUNGAN!L78+TUKANGKAYU!AD78 -> 152
A79: B | B79: JUMLAH SUARA SAH PARTAI POLITIK DAN CALON (A1 + A2) | E79: =SUM(E69:E78) -> 14309
A81: A.1 | B81: 4. | C81: Partai Golongan Karya | E81: =KAMPUNGMANDAR!P81+KAMPUNGMELAYU!M81+KARANGREJO!AI81+KEBALENAN!AH81+KEPATIHAN!S81+KERTOSARI!AB81+LATENG!AD81+PAKIS!T81+PANDEREJO!R81+PENGANJURAN!T81+PENGANTIGAN!X81+SINGONEGARAN!U81+SINGOTRUNAN!AE81+SOBO!AB81+SUMBERREJO!U81+TAMANBARU!Z81+TEMENGGUNGAN!L81+TUKANGKAYU!AD81 -> 1171
A82: A.2 | C82: 1. PRANAYA YUDHA MAHARDHIKA | E82: =KAMPUNGMANDAR!P82+KAMPUNGMELAYU!M82+KARANGREJO!AI82+KEBALENAN!AH82+KEPATIHAN!S82+KERTOSARI!AB82+LATENG!AD82+PAKIS!T82+PANDEREJO!R82+PENGANJURAN!T82+PENGANTIGAN!X82+SINGONEGARAN!U82+SINGOTRUNAN!AE82+SOBO!AB82+SUMBERREJO!U82+TAMANBARU!Z82+TEMENGGUNGAN!L82+TUKANGKAYU!AD82 -> 880
C83: 2. Dra. Ec. ENDANG SULASTUTY, M.I.P. | E83: =KAMPUNGMANDAR!P83+KAMPUNGMELAYU!M83+KARANGREJO!AI83+KEBALENAN!AH83+KEPATIHAN!S83+KERTOSARI!AB83+LATENG!AD83+PAKIS!T83+PANDEREJO!R83+PENGANJURAN!T83+PENGANTIGAN!X83+SINGONEGARAN!U83+SINGOTRUNAN!AE83+SOBO!AB83+SUMBERREJO!U83+TAMANBARU!Z83+TEMENGGUNGAN!L83+TUKANGKAYU!AD83 -> 322
C84: 3. AGUS REJEKI WARTONO | E84: =KAMPUNGMANDAR!P84+KAMPUNGMELAYU!M84+KARANGREJO!AI84+KEBALENAN!AH84+KEPATIHAN!S84+KERTOSARI!AB84+LATENG!AD84+PAKIS!T84+PANDEREJO!R84+PENGANJURAN!T84+PENGANTIGAN!X84+SINGONEGARAN!U84+SINGOTRUNAN!AE84+SOBO!AB84+SUMBERREJO!U84+TAMANBARU!Z84+TEMENGGUNGAN!L84+TUKANGKAYU!AD84 -> 220
C85: 4. Hj. TUTUK ASMA'A ZUCHROH, S.T., M.T. | E85: =KAMPUNGMANDAR!P85+KAMPUNGMELAYU!M85+KARANGREJO!AI85+KEBALENAN!AH85+KEPATIHAN!S85+KERTOSARI!AB85+LATENG!AD85+PAKIS!T85+PANDEREJO!R85+PENGANJURAN!T85+PENGANTIGAN!X85+SINGONEGARAN!U85+SINGOTRUNAN!AE85+SOBO!AB85+SUMBERREJO!U85+TAMANBARU!Z85+TEMENGGUNGAN!L85+TUKANGKAYU!AD85 -> 517
C86: 5. ADE M. RIZKI, S.E. | E86: =KAMPUNGMANDAR!P86+KAMPUNGMELAYU!M86+KARANGREJO!AI86+KEBALENAN!AH86+KEPATIHAN!S86+KERTOSARI!AB86+LATENG!AD86+PAKIS!T86+PANDEREJO!R86+PENGANJURAN!T86+PENGANTIGAN!X86+SINGONEGARAN!U86+SINGOTRUNAN!AE86+SOBO!AB86+SUMBERREJO!U86+TAMANBARU!Z86+TEMENGGUNGAN!L86+TUKANGKAYU!AD86 -> 325
C87: 6. ABDURAKHMAN, Bc.Kn. | E87: =KAMPUNGMANDAR!P87+KAMPUNGMELAYU!M87+KARANGREJO!AI87+KEBALENAN!AH87+KEPATIHAN!S87+KERTOSARI!AB87+LATENG!AD87+PAKIS!T87+PANDEREJO!R87+PENGANJURAN!T87+PENGANTIGAN!X87+SINGONEGARAN!U87+SINGOTRUNAN!AE87+SOBO!AB87+SUMBERREJO!U87+TAMANBARU!Z87+TEMENGGUNGAN!L87+TUKANGKAYU!AD87 -> 94
C88: 7. CENDY RHIYAN ADI PUTRI | E88: =KAMPUNGMANDAR!P88+KAMPUNGMELAYU!M88+KARANGREJO!AI88+KEBALENAN!AH88+KEPATIHAN!S88+KERTOSARI!AB88+LATENG!AD88+PAKIS!T88+PANDEREJO!R88+PENGANJURAN!T88+PENGANTIGAN!X88+SINGONEGARAN!U88+SINGOTRUNAN!AE88+SOBO!AB88+SUMBERREJO!U88+TAMANBARU!Z88+TEMENGGUNGAN!L88+TUKANGKAYU!AD88 -> 44
C89: 8. BAKTI WIJAYANTO, S.E. | E89: =KAMPUNGMANDAR!P89+KAMPUNGMELAYU!M89+KARANGREJO!AI89+KEBALENAN!AH89+KEPATIHAN!S89+KERTOSARI!AB89+LATENG!AD89+PAKIS!T89+PANDEREJO!R89+PENGANJURAN!T89+PENGANTIGAN!X89+SINGONEGARAN!U89+SINGOTRUNAN!AE89+SOBO!AB89+SUMBERREJO!U89+TAMANBARU!Z89+TEMENGGUNGAN!L89+TUKANGKAYU!AD89 -> 33
C90: 9. AHMAD UBAIDILLAH | E90: =KAMPUNGMANDAR!P90+KAMPUNGMELAYU!M90+KARANGREJO!AI90+KEBALENAN!AH90+KEPATIHAN!S90+KERTOSARI!AB90+LATENG!AD90+PAKIS!T90+PANDEREJO!R90+PENGANJURAN!T90+PENGANTIGAN!X90+SINGONEGARAN!U90+SINGOTRUNAN!AE90+SOBO!AB90+SUMBERREJO!U90+TAMANBARU!Z90+TEMENGGUNGAN!L90+TUKANGKAYU!AD90 -> 64
A91: B | B91: JUMLAH SUARA SAH PARTAI POLITIK DAN CALON (A1 + A2) | E91: =SUM(E81:E90) -> 3670
A93: A.1 | B93: 5. | C93: Partai NasDem | E93: =KAMPUNGMANDAR!P93+KAMPUNGMELAYU!M93+KARANGREJO!AI93+KEBALENAN!AH93+KEPATIHAN!S93+KERTOSARI!AB93+LATENG!AD93+PAKIS!T93+PANDEREJO!R93+PENGANJURAN!T93+PENGANTIGAN!X93+SINGONEGARAN!U93+SINGOTRUNAN!AE93+SOBO!AB93+SUMBERREJO!U93+TAMANBARU!Z93+TEMENGGUNGAN!L93+TUKANGKAYU!AD93 -> 616
A94: A.2 | C94: 1. ALI MUSTOFA, A.Md. | E94: =KAMPUNGMANDAR!P94+KAMPUNGMELAYU!M94+KARANGREJO!AI94+KEBALENAN!AH94+KEPATIHAN!S94+KERTOSARI!AB94+LATENG!AD94+PAKIS!T94+PANDEREJO!R94+PENGANJURAN!T94+PENGANTIGAN!X94+SINGONEGARAN!U94+SINGOTRUNAN!AE94+SOBO!AB94+SUMBERREJO!U94+TAMANBARU!Z94+TEMENGGUNGAN!L94+TUKANGKAYU!AD94 -> 643
C95: 2. Hj. BUAMI, S.H. | E95: =KAMPUNGMANDAR!P95+KAMPUNGMELAYU!M95+KARANGREJO!AI95+KEBALENAN!AH95+KEPATIHAN!S95+KERTOSARI!AB95+LATENG!AD95+PAKIS!T95+PANDEREJO!R95+PENGANJURAN!T95+PENGANTIGAN!X95+SINGONEGARAN!U95+SINGOTRUNAN!AE95+SOBO!AB95+SUMBERREJO!U95+TAMANBARU!Z95+TEMENGGUNGAN!L95+TUKANGKAYU!AD95 -> 76
C96: 3. SUGIONO, S.H. | E96: =KAMPUNGMANDAR!P96+KAMPUNGMELAYU!M96+KARANGREJO!AI96+KEBALENAN!AH96+KEPATIHAN!S96+KERTOSARI!AB96+LATENG!AD96+PAKIS!T96+PANDEREJO!R96+PENGANJURAN!T96+PENGANTIGAN!X96+SINGONEGARAN!U96+SINGOTRUNAN!AE96+SOBO!AB96+SUMBERREJO!U96+TAMANBARU!Z96+TEMENGGUNGAN!L96+TUKANGKAYU!AD96 -> 80
C97: 4. LULUK SUNARMIATININGSIH | E97: =KAMPUNGMANDAR!P97+KAMPUNGMELAYU!M97+KARANGREJO!AI97+KEBALENAN!AH97+KEPATIHAN!S97+KERTOSARI!AB97+LATENG!AD97+PAKIS!T97+PANDEREJO!R97+PENGANJURAN!T97+PENGANTIGAN!X97+SINGONEGARAN!U97+SINGOTRUNAN!AE97+SOBO!AB97+SUMBERREJO!U97+TAMANBARU!Z97+TEMENGGUNGAN!L97+TUKANGKAYU!AD97 -> 64
C98: 5. ANTON DJULIANTO ADI | E98: =KAMPUNGMANDAR!P98+KAMPUNGMELAYU!M98+KARANGREJO!AI98+KEBALENAN!AH98+KEPATIHAN!S98+KERTOSARI!AB98+LATENG!AD98+PAKIS!T98+PANDEREJO!R98+PENGANJURAN!T98+PENGANTIGAN!X98+SINGONEGARAN!U98+SINGOTRUNAN!AE98+SOBO!AB98+SUMBERREJO!U98+TAMANBARU!Z98+TEMENGGUNGAN!L98+TUKANGKAYU!AD98 -> 121
C99: 6. MOKHAMAD ROFI'I KHUSNAN | E99: =KAMPUNGMANDAR!P99+KAMPUNGMELAYU!M99+KARANGREJO!AI99+KEBALENAN!AH99+KEPATIHAN!S99+KERTOSARI!AB99+LATENG!AD99+PAKIS!T99+PANDEREJO!R99+PENGANJURAN!T99+PENGANTIGAN!X99+SINGONEGARAN!U99+SINGOTRUNAN!AE99+SOBO!AB99+SUMBERREJO!U99+TAMANBARU!Z99+TEMENGGUNGAN!L99+TUKANGKAYU!AD99 -> 29
C100: 7. Rr SETYO WATI | E100: =KAMPUNGMANDAR!P100+KAMPUNGMELAYU!M100+KARANGREJO!AI100+KEBALENAN!AH100+KEPATIHAN!S100+KERTOSARI!AB100+LATENG!AD100+PAKIS!T100+PANDEREJO!R100+PENGANJURAN!T100+PENGANTIGAN!X100+SINGONEGARAN!U100+SINGOTRUNAN!AE100+SOBO!AB100+SUMBERREJO!U100+TAMANBARU!Z100+TEMENGGUNGAN!L100+TUKANGKAYU!AD100 -> 15
C101: 8. ABD. KADIR ASSEGAFF | E101: =KAMPUNGMANDAR!P101+KAMPUNGMELAYU!M101+KARANGREJO!AI101+KEBALENAN!AH101+KEPATIHAN!S101+KERTOSARI!AB101+LATENG!AD101+PAKIS!T101+PANDEREJO!R101+PENGANJURAN!T101+PENGANTIGAN!X101+SINGONEGARAN!U101+SINGOTRUNAN!AE101+SOBO!AB101+SUMBERREJO!U101+TAMANBARU!Z101+TEMENGGUNGAN!L101+TUKANGKAYU!AD101 -> 64
C102: 9. FATHOR ZAINULLAH | E102: =KAMPUNGMANDAR!P102+KAMPUNGMELAYU!M102+KARANGREJO!AI102+KEBALENAN!AH102+KEPATIHAN!S102+KERTOSARI!AB102+LATENG!AD102+PAKIS!T102+PANDEREJO!R102+PENGANJURAN!T102+PENGANTIGAN!X102+SINGONEGARAN!U102+SINGOTRUNAN!AE102+SOBO!AB102+SUMBERREJO!U102+TAMANBARU!Z102+TEMENGGUNGAN!L102+TUKANGKAYU!AD102 -> 7
A103: B | B103: JUMLAH SUARA SAH PARTAI POLITIK DAN CALON (A1 + A2) | E103: =SUM(E93:E102) -> 1715
A105: A.1 | B105: 6. | C105: Partai Buruh | E105: =KAMPUNGMANDAR!P105+KAMPUNGMELAYU!M105+KARANGREJO!AI105+KEBALENAN!AH105+KEPATIHAN!S105+KERTOSARI!AB105+LATENG!AD105+PAKIS!T105+PANDEREJO!R105+PENGANJURAN!T105+PENGANTIGAN!X105+SINGONEGARAN!U105+SINGOTRUNAN!AE105+SOBO!AB105+SUMBERREJO!U105+TAMANBARU!Z105+TEMENGGUNGAN!L105+TUKANGKAYU!AD105 -> 173
A106: A.2 | C106: 1. AGUS SUPRIYADI | E106: =KAMPUNGMANDAR!P106+KAMPUNGMELAYU!M106+KARANGREJO!AI106+KEBALENAN!AH106+KEPATIHAN!S106+KERTOSARI!AB106+LATENG!AD106+PAKIS!T106+PANDEREJO!R106+PENGANJURAN!T106+PENGANTIGAN!X106+SINGONEGARAN!U106+SINGOTRUNAN!AE106+SOBO!AB106+SUMBERREJO!U106+TAMANBARU!Z106+TEMENGGUNGAN!L106+TUKANGKAYU!AD106 -> 106
C107: 2. ENI HARIATI | E107: =KAMPUNGMANDAR!P107+KAMPUNGMELAYU!M107+KARANGREJO!AI107+KEBALENAN!AH107+KEPATIHAN!S107+KERTOSARI!AB107+LATENG!AD107+PAKIS!T107+PANDEREJO!R107+PENGANJURAN!T107+PENGANTIGAN!X107+SINGONEGARAN!U107+SINGOTRUNAN!AE107+SOBO!AB107+SUMBERREJO!U107+TAMANBARU!Z107+TEMENGGUNGAN!L107+TUKANGKAYU!AD107 -> 75
A115: B | B115: JUMLAH SUARA SAH PARTAI POLITIK DAN CALON (A1 + A2) | E115: =SUM(E105:E114) -> 354
A117: A.1 | B117: 7. | C117: Partai Gelombang Rakyat Indonesia | E117: =KAMPUNGMANDAR!P117+KAMPUNGMELAYU!M117+KARANGREJO!AI117+KEBALENAN!AH117+KEPATIHAN!S117+KERTOSARI!AB117+LATENG!AD117+PAKIS!T117+PANDEREJO!R117+PENGANJURAN!T117+PENGANTIGAN!X117+SINGONEGARAN!U117+SINGOTRUNAN!AE117+SOBO!AB117+SUMBERREJO!U117+TAMANBARU!Z117+TEMENGGUNGAN!L117+TUKANGKAYU!AD117 -> 285
A118: A.2 | C118: 1. MIRZA MUHROSNI AROMA | E118: =KAMPUNGMANDAR!P118+KAMPUNGMELAYU!M118+KARANGREJO!AI118+KEBALENAN!AH118+KEPATIHAN!S118+KERTOSARI!AB118+LATENG!AD118+PAKIS!T118+PANDEREJO!R118+PENGANJURAN!T118+PENGANTIGAN!X118+SINGONEGARAN!U118+SINGOTRUNAN!AE118+SOBO!AB118+SUMBERREJO!U118+TAMANBARU!Z118+TEMENGGUNGAN!L118+TUKANGKAYU!AD118 -> 248
C119: 2. ACHMAD BAGUS SUGIARTO | E119: =KAMPUNGMANDAR!P119+KAMPUNGMELAYU!M119+KARANGREJO!AI119+KEBALENAN!AH119+KEPATIHAN!S119+KERTOSARI!AB119+LATENG!AD119+PAKIS!T119+PANDEREJO!R119+PENGANJURAN!T119+PENGANTIGAN!X119+SINGONEGARAN!U119+SINGOTRUNAN!AE119+SOBO!AB119+SUMBERREJO!U119+TAMANBARU!Z119+TEMENGGUNGAN!L119+TUKANGKAYU!AD119 -> 105
C120: 3. ELOK FITRIYA NINGSIH | E120: =KAMPUNGMANDAR!P120+KAMPUNGMELAYU!M120+KARANGREJO!AI120+KEBALENAN!AH120+KEPATIHAN!S120+KERTOSARI!AB120+LATENG!AD120+PAKIS!T120+PANDEREJO!R120+PENGANJURAN!T120+PENGANTIGAN!X120+SINGONEGARAN!U120+SINGOTRUNAN!AE120+SOBO!AB120+SUMBERREJO!U120+TAMANBARU!Z120+TEMENGGUNGAN!L120+TUKANGKAYU!AD120 -> 55
C121: 4. MADI | E121: =KAMPUNGMANDAR!P121+KAMPUNGMELAYU!M121+KARANGREJO!AI121+KEBALENAN!AH121+KEPATIHAN!S121+KERTOSARI!AB121+LATENG!AD121+PAKIS!T121+PANDEREJO!R121+PENGANJURAN!T121+PENGANTIGAN!X121+SINGONEGARAN!U121+SINGOTRUNAN!AE121+SOBO!AB121+SUMBERREJO!U121+TAMANBARU!Z121+TEMENGGUNGAN!L121+TUKANGKAYU!AD121 -> 24
C122: 5. LUKY PERMANASARI | E122: =KAMPUNGMANDAR!P122+KAMPUNGMELAYU!M122+KARANGREJO!AI122+KEBALENAN!AH122+KEPATIHAN!S122+KERTOSARI!AB122+LATENG!AD122+PAKIS!T122+PANDEREJO!R122+PENGANJURAN!T122+PENGANTIGAN!X122+SINGONEGARAN!U122+SINGOTRUNAN!AE122+SOBO!AB122+SUMBERREJO!U122+TAMANBARU!Z122+TEMENGGUNGAN!L122+TUKANGKAYU!AD122 -> 48
A127: B | B127: JUMLAH SUARA SAH PARTAI POLITIK DAN CALON (A1 + A2) | E127: =SUM(E117:E126) -> 765
A129: A.1 | B129: 8. | C129: Partai Keadilan Sejahtera | E129: =KAMPUNGMANDAR!P129+KAMPUNGMELAYU!M129+KARANGREJO!AI129+KEBALENAN!AH129+KEPATIHAN!S129+KERTOSARI!AB129+LATENG!AD129+PAKIS!T129+PANDEREJO!R129+PENGANJURAN!T129+PENGANTIGAN!X129+SINGONEGARAN!U129+SINGOTRUNAN!AE129+SOBO!AB129+SUMBERREJO!U129+TAMANBARU!Z129+TEMENGGUNGAN!L129+TUKANGKAYU!AD129 -> 1302
A130: A.2 | C130: 1. H. IRWAN SETIAWAN | E130: =KAMPUNGMANDAR!P130+KAMPUNGMELAYU!M130+KARANGREJO!AI130+KEBALENAN!AH130+KEPATIHAN!S130+KERTOSARI!AB130+LATENG!AD130+PAKIS!T130+PANDEREJO!R130+PENGANJURAN!T130+PENGANTIGAN!X130+SINGONEGARAN!U130+SINGOTRUNAN!AE130+SOBO!AB130+SUMBERREJO!U130+TAMANBARU!Z130+TEMENGGUNGAN!L130+TUKANGKAYU!AD130 -> 1878
...

Sheet PAKIS
C2: Kecamatan | D2: BANYUWANGI
C3: Kabupaten | D3: BANYUWANGI
C4: Provinsi | D4: JAWA TIMUR
C9: Kelurahan | D9: PAKIS
A12: I | B12: DATA PEMILIH DAN PENGGUNAAN HAK PILIH | T12: JUMLAH AKHIR
A13: A | B13: DATA PEMILIH | E13: TPS 001 | F13: TPS 002 | G13: TPS 003 | H13: TPS 004 | I13: TPS 005 | J13: TPS 006 | K13: TPS 007 | L13: TPS 008 | M13: TPS 009 | N13: TPS 010 | O13: TPS 011 | P13: TPS 012 | Q13: TPS 013 | R13: TPS 014 | S13: TPS 015
B14: Jumlah Pemilih dalam Daftar Pemilih Tetap (DPT) | D14: LK | E14: 129 | F14: 123 | G14: 107 | H14: 122 | I14: 121 | J14: 131 | K14: 124 | L14: 137 | M14: 122 | N14: 115 | O14: 134 | P14: 127 | Q14: 116 | R14: 131 | S14: 125 | T14: =SUM(E14:S14) -> 1864
D15: PR | E15: 134 | F15: 135 | G15: 138 | H15: 132 | I15: 137 | J15: 128 | K15: 129 | L15: 125 | M15: 128 | N15: 130 | O15: 119 | P15: 127 | Q15: 133 | R15: 124 | S15: 129 | T15: =SUM(E15:S15) -> 1948
D16: JML | E16: =SUM(E14:E15) -> 263 | F16: =SUM(F14:F15) -> 258 | G16: =SUM(G14:G15) -> 245 | H16: =SUM(H14:H15) -> 254 | I16: =SUM(I14:I15) -> 258 | J16: =SUM(J14:J15) -> 259 | K16: =SUM(K14:K15) -> 253 | L16: =SUM(L14:L15) -> 262 | ... S16: =SUM(S14:S15) -> 254 | T16: =SUM(E16:S16) -> 3812
A18: B | B18: PENGGUNA HAK PILIH
B19: 1. | C19: Jumlah pengguna hak pilih dalam Daftar Pemilih Tetap (DPT) | D19: LK | E19: 98 | F19: 96 | G19: 85 | H19: 95 | I19: 87 | J19: 101 | K19: 92 | L19: 109 | M19: 97 | N19: 88 | O19: 93 | P19: 80 | Q19: 83 | R19: 105 | S19: 92 | T19: =SUM(E19:S19) -> 1401
D20: PR | E20: 106 | F20: 108 | G20: 105 | H20: 104 | I20: 115 | J20: 101 | K20: 116 | L20: 109 | M20: 115 | N20: 113 | O20: 96 | P20: 96 | Q20: 106 | R20: 111 | S20: 101 | T20: =SUM(E20:S20) -> 1602
D21: JML | E21: =SUM(E19:E20) -> 204 | F21: =SUM(F19:F20) -> 204 | G21: =SUM(G19:G20) -> 190 | H21: =SUM(H19:H20) -> 199 | I21: =SUM(I19:I20) -> 202 | J21: =SUM(J19:J20) -> 202 | K21: =SUM(K19:K20) -> 208 | L21: =SUM(L19:L20) -> 218 | ... S21: =SUM(S19:S20) -> 193 | T21: =SUM(E21:S21) -> 3003
B22: 2. | C22: Jumlah pengguna hak pilih dalam Daftar Pemilih Tambahan (DPTb) | D22: LK | I22: 1 | T22: =SUM(E22:S22) -> 1
D23: PR | M23: 3 | T23: =SUM(E23:S23) -> 3
D24: JML | E24: =SUM(E22:E23) -> 0 | F24: =SUM(F22:F23) -> 0 | G24: =SUM(G22:G23) -> 0 | H24: =SUM(H22:H23) -> 0 | I24: =SUM(I22:I23) -> 1 | J24: =SUM(J22:J23) -> 0 | K24: =SUM(K22:K23) -> 0 | L24: =SUM(L22:L23) -> 0 | ... S24: =SUM(S22:S23) -> 0 | T24: =SUM(E24:S24) -> 4
B25: 3. | C25: Jumlah pengguna hak pilih dalam Daftar Pemilih Khusus (DPK) | D25: LK | E25: 2 | G25: 2 | H25: 2 | K25: 3 | L25: 2 | M25: 2 | O25: 2 | P25: 3 | Q25: 2 | S25: 2 | T25: =SUM(E25:S25) -> 22
D26: PR | E26: 2 | H26: 2 | I26: 5 | J26: 1 | K26: 1 | M26: 1 | O26: 9 | P26: 3 | S26: 3 | T26: =SUM(E26:S26) -> 27
D27: JML | E27: =SUM(E25:E26) -> 4 | F27: =SUM(F25:F26) -> 0 | G27: =SUM(G25:G26) -> 2 | H27: =SUM(H25:H26) -> 4 | I27: =SUM(I25:I26) -> 5 | J27: =SUM(J25:J26) -> 1 | K27: =SUM(K25:K26) -> 4 | L27: =SUM(L25:L26) -> 2 | ... S27: =SUM(S25:S26) -> 5 | T27: =SUM(E27:S27) -> 49
B28: 4. | C28: Jumlah Pengguna Hak Pilih (B.1+B.2+B.3) | D28: LK | E28: =SUM(E19,E22,E25) -> 100 | F28: =SUM(F19,F22,F25) -> 96 | G28: =SUM(G19,G22,G25) -> 87 | H28: =SUM(H19,H22,H25) -> 97 | I28: =SUM(I19,I22,I25) -> 88 | J28: =SUM(J19,J22,J25) -> 101 | K28: =SUM(K19,K22,K25) -> 95 | L28: =SUM(L19,L22,L25) -> 111 | ... S28: =SUM(S19,S22,S25) -> 94 | T28: =SUM(E28:S28) -> 1424
D29: PR | E29: =SUM(E20,E23,E26) -> 108 | F29: =SUM(F20,F23,F26) -> 108 | G29: =SUM(G20,G23,G26) -> 105 | H29: =SUM(H20,H23,H26) -> 106 | I29: =SUM(I20,I23,I26) -> 120 | J29: =SUM(J20,J23,J26) -> 102 | K29: =SUM(K20,K23,K26) -> 117 | L29: =SUM(L20,L23,L26) -> 109 | ... S29: =SUM(S20,S23,S26) -> 104 | T29: =SUM(E29:S29) -> 1632
D30: JML | E30: =SUM(E28:E29) -> 208 | F30: =SUM(F28:F29) -> 204 | G30: =SUM(G28:G29) -> 192 | H30: =SUM(H28:H29) -> 203 | I30: =SUM(I28:I29) -> 208 | J30: =SUM(J28:J29) -> 203 | K30: =SUM(K28:K29) -> 212 | L30: =SUM(L28:L29) -> 220 | ... S30: =SUM(S28:S29) -> 198 | T30: =SUM(E30:S30) -> 3056
A32: II | B32: DATA PENGGUNAAN SURAT SUARA
A33: 1 | B33: Jumlah surat suara yang diterima, termasuk surat suara cadangan 2,5% dari DPT | E33: 269 | F33: 266 | G33: 250 | H33: 260 | I33: 264 | J33: 265 | K33: 259 | L33: 268 | M33: 256 | N33: 250 | O33: 259 | P33: 260 | Q33: 254 | R33: 261 | S33: 260 | T33: =SUM(E33:S33) -> 3901
A34: 2 | B34: Jumlah surat suara yang digunakan | E34: 208 | F34: 204 | G34: 192 | H34: 203 | I34: 208 | J34: 203 | K34: 212 | L34: 220 | M34: 218 | N34: 201 | O34: 200 | P34: 182 | Q34: 191 | R34: 216 | S34: 198 | T34: =SUM(E34:S34) -> 3056
A35: 3 | B35: Jumlah surat suara dikembalikan oleh pemilih (karena rusak atau keliru coblos) | E35: 0 | F35: 1 | G35: 0 | H35: 0 | I35: 0 | J35: 0 | K35: 1 | L35: 0 | M35: 0 | N35: 0 | O35: 1 | P35: 1 | Q35: 0 | R35: 0 | S35: 1 | T35: =SUM(E35:S35) -> 5
A36: 4 | B36: Jumlah surat suara yang tidak digunakan/tidak terpakai, termasuk sisa surat suara cadangan | E36: =E33-(E34+E35) -> 61 | F36: =F33-(F34+F35) -> 61 | G36: =G33-(G34+G35) -> 58 | H36: =H33-(H34+H35) -> 57 | I36: =I33-(I34+I35) -> 56 | J36: =J33-(J34+J35) -> 62 | K36: =K33-(K34+K35) -> 46 | L36: =L33-(L34+L35) -> 48 | ... S36: =S33-(S34+S35) -> 61 | T36: =SUM(E36:S36) -> 840
A38: III | B38: DATA PEMILIH DISABILITAS
B39: Jumlah seluruh Pemilih disabilitas yang menggunakan hak pilih | D39: LK | E39: 2 | F39: 0 | G39: 1 | H39: 0 | I39: 0 | J39: 0 | K39: 0 | L39: 0 | M39: 0 | N39: 0 | O39: 0 | P39: 0 | Q39: 0 | R39: 0 | S39: 4 | T39: =SUM(E39:S39) -> 7
D40: PR | E40: 0 | F40: 0 | G40: 3 | H40: 0 | I40: 0 | J40: 0 | K40: 0 | L40: 0 | M40: 0 | N40: 0 | O40: 0 | P40: 0 | Q40: 0 | R40: 0 | S40: 3 | T40: =SUM(E40:S40) -> 6
D41: JML | E41: =SUM(E39:E40) -> 2 | F41: =SUM(F39:F40) -> 0 | G41: =SUM(G39:G40) -> 4 | H41: =SUM(H39:H40) -> 0 | I41: =SUM(I39:I40) -> 0 | J41: =SUM(J39:J40) -> 0 | K41: =SUM(K39:K40) -> 0 | L41: =SUM(L39:L40) -> 0 | ... S41: =SUM(S39:S40) -> 7 | T41: =SUM(E41:S41) -> 13
A43: IV | B43: DATA RINCIAN PEROLEHAN SUARA PASANGAN CALON BUPATI DAN WAKIL BUPATI
A44: NOMOR DAN NAMA CALON
A45: A.1 | B45: 1. | C45: Partai Kebangkitan Bangsa | E45: 13 | F45: 6 | G45: 8 | H45: 4 | I45: 5 | J45: 10 | K45: 8 | L45: 6 | M45: 7 | N45: 6 | O45: 4 | P45: 8 | Q45: 4 | R45: 3 | S45: 6 | T45: =SUM(E45:S45) -> 98
A46: A.2 | C46: 1. Dra. Hj. MA`MULAH HARUN, M.Pd.I. | E46: 9 | F46: 22 | G46: 35 | H46: 16 | I46: 10 | J46: 6 | K46: 4 | L46: 8 | M46: 8 | N46: 7 | O46: 5 | P46: 13 | Q46: 10 | R46: 9 | S46: 16 | T46: =SUM(E46:S46) -> 178
C47: 2. UBAIDILLAH, S.Fil.I. | E47: 1 | F47: 1 | G47: 1 | H47: 3 | I47: 0 | J47: 2 | K47: 1 | L47: 0 | M47: 1 | N47: 0 | O47: 2 | P47: 8 | Q47: 5 | R47: 1 | S47: 1 | T47: =SUM(E47:S47) -> 27
C48: 3. Ir. H. YOYOK MULYADI, M.Si. | E48: 0 | F48: 0 | G48: 0 | H48: 0 | I48: 2 | J48: 0 | K48: 0 | L48: 1 | M48: 0 | N48: 0 | O48: 1 | P48: 1 | Q48: 1 | R48: 1 | S48: 0 | T48: =SUM(E48:S48) -> 7
C49: 4. KHOIRUL ANWAR, S.Fil.I. | E49: 2 | F49: 0 | G49: 0 | H49: 1 | I49: 0 | J49: 0 | K49: 0 | L49: 2 | M49: 0 | N49: 1 | O49: 0 | P49: 1 | Q49: 1 | R49: 0 | S49: 0 | T49: =SUM(E49:S49) -> 8
C50: 5. ARIF WIJAKSANA | E50: 0 | F50: 0 | G50: 0 | H50: 0 | I50: 0 | J50: 1 | K50: 0 | L50: 0 | M50: 1 | N50: 1 | O50: 0 | P50: 0 | Q50: 0 | R50: 0 | S50: 0 | T50: =SUM(E50:S50) -> 3
C51: 6. Dr. SITI YUMNAH | E51: 0 | F51: 0 | G51: 0 | H51: 1 | I51: 0 | J51: 0 | K51: 2 | L51: 0 | M51: 1 | N51: 2 | O51: 2 | P51: 4 | Q51: 1 | R51: 0 | S51: 0 | T51: =SUM(E51:S51) -> 13
C52: 7. MOHAMMAD ZAINI, M.Pd.I. | E52: 0 | F52: 0 | G52: 1 | H52: 0 | I52: 0 | J52: 0 | K52: 2 | L52: 0 | M52: 0 | N52: 0 | O52: 0 | P52: 0 | Q52: 0 | R52: 0 | S52: 0 | T52: =SUM(E52:S52) -> 3
C53: 8. FAWAIDUL MAKKIYAH | E53: 0 | F53: 0 | G53: 0 | H53: 0 | I53: 0 | J53: 0 | K53: 0 | L53: 0 | M53: 0 | N53: 0 | O53: 0 | P53: 2 | Q53: 0 | R53: 0 | S53: 0 | T53: =SUM(E53:S53) -> 2
C54: 9. IFFAH HIDAYATUR ROHMAH, S.Sos. | E54: 0 | F54: 0 | G54: 0 | H54: 1 | I54: 0 | J54: 0 | K54: 0 | L54: 0 | M54: 0 | N54: 0 | O54: 0 | P54: 0 | Q54: 0 | R54: 0 | S54: 1 | T54: =SUM(E54:S54) -> 2
A55: B | B55: JUMLAH SUARA SAH PARTAI POLITIK DAN CALON (A1 + A2) | E55: =SUM(E45:E54) -> 25 | F55: =SUM(F45:F54) -> 29 | G55: =SUM(G45:G54) -> 45 | H55: =SUM(H45:H54) -> 26 | I55: =SUM(I45:I54) -> 17 | J55: =SUM(J45:J54) -> 19 | K55: =SUM(K45:K54) -> 17 | L55: =SUM(L45:L54) -> 17 | ... T55: =SUM(T45:T54) -> 341
A57: A.1 | B57: 2. | C57: Partai Gerakan Indonesia Raya | E57: 11 | F57: 11 | G57: 4 | H57: 12 | I57: 12 | J57: 13 | K57: 11 | L57: 12 | M57: 3 | N57: 10 | O57: 10 | P57: 6 | Q57: 8 | R57: 5 | S57: 5 | T57: =SUM(E57:S57) -> 133
A58: A.2 | C58: 1. AHMAD HADINUDDIN, S.Pd.I. | E58: 0 | F58: 6 | G58: 2 | H58: 5 | I58: 6 | J58: 3 | K58: 9 | L58: 2 | M58: 5 | N58: 10 | O58: 6 | P58: 4 | Q58: 4 | R58: 8 | S58: 6 | T58: =SUM(E58:S58) -> 76
C59: 2. BIMA RAFSANJANI RAFID | E59: 12 | F59: 7 | G59: 1 | H59: 5 | I59: 17 | J59: 5 | K59: 4 | L59: 5 | M59: 22 | N59: 6 | O59: 3 | P59: 0 | Q59: 6 | R59: 9 | S59: 7 | T59: =SUM(E59:S59) -> 109
C60: 3. IRA DAMAYANTI | E60: 2 | F60: 1 | G60: 1 | H60: 1 | I60: 0 | J60: 0 | K60: 3 | L60: 2 | M60: 1 | N60: 2 | O60: 1 | P60: 0 | Q60: 0 | R60: 2 | S60: 0 | T60: =SUM(E60:S60) -> 16
C61: 4. MAULANA MALIK IBRAHIM, S.H. | E61: 11 | F61: 23 | G61: 2 | H61: 1 | I61: 1 | J61: 12 | K61: 0 | L61: 3 | M61: 6 | N61: 0 | O61: 1 | P61: 1 | Q61: 3 | R61: 1 | S61: 1 | T61: =SUM(E61:S61) -> 66
C62: 5. LULUK ALFIATI | E62: 5 | F62: 1 | G62: 1 | H62: 1 | I62: 2 | J62: 0 | K62: 0 | L62: 1 | M62: 0 | N62: 0 | O62: 1 | P62: 0 | Q62: 0 | R62: 1 | S62: 0 | T62: =SUM(E62:S62) -> 13
C63: 6. ILHAM WAHYUDI, S.H. | E63: 0 | F63: 1 | G63: 0 | H63: 0 | I63: 0 | J63: 1 | K63: 0 | L63: 1 | M63: 0 | N63: 1 | O63: 0 | P63: 1 | Q63: 0 | R63: 0 | S63: 0 | T63: =SUM(E63:S63) -> 5
C64: 7. HAERUL ANWAR, S.Pd.I. | E64: 0 | F64: 2 | G64: 0 | H64: 0 | I64: 0 | J64: 0 | K64: 0 | L64: 2 | M64: 0 | N64: 0 | O64: 0 | P64: 0 | Q64: 0 | R64: 0 | S64: 0 | T64: =SUM(E64:S64) -> 4
C65: 8. YOVI ADHITYA WARDANI | E65: 0 | F65: 0 | G65: 0 | H65: 0 | I65: 1 | J65: 0 | K65: 0 | L65: 0 | M65: 0 | N65: 0 | O65: 1 | P65: 1 | Q65: 0 | R65: 0 | S65: 0 | T65: =SUM(E65:S65) -> 3
C66: 9. RITA AMELIA | E66: 1 | F66: 1 | G66: 2 | H66: 1 | I66: 1 | J66: 0 | K66: 0 | L66: 1 | M66: 0 | N66: 1 | O66: 0 | P66: 0 | Q66: 0 | R66: 2 | S66: 0 | T66: =SUM(E66:S66) -> 10
A67: B | B67: JUMLAH SUARA SAH PARTAI POLITIK DAN CALON (A1 + A2) | E67: =SUM(E57:E66) -> 42 | F67: =SUM(F57:F66) -> 53 | G67: =SUM(G57:G66) -> 13 | H67: =SUM(H57:H66) -> 26 | I67: =SUM(I57:I66) -> 40 | J67: =SUM(J57:J66) -> 34 | K67: =SUM(K57:K66) -> 27 | L67: =SUM(L57:L66) -> 29 | ... T67: =SUM(T57:T66) -> 435
A69: A.1 | B69: 3. | C69: Partai Demokrasi Indonesia Perjuangan | E69: 4 | F69: 2 | G69: 4 | H69: 10 | I69: 0 | J69: 5 | K69: 5 | L69: 2 | M69: 4 | N69: 3 | O69: 8 | P69: 7 | Q69: 4 | R69: 4 | S69: 3 | T69: =SUM(E69:S69) -> 65
A70: A.2 | C70: 1. MARTIN H., S.H., M.H. | E70: 3 | F70: 3 | G70: 10 | H70: 10 | I70: 6 | J70: 0 | K70: 1 | L70: 0 | M70: 0 | N70: 5 | O70: 5 | P70: 4 | Q70: 5 | R70: 5 | S70: 8 | T70: =SUM(E70:S70) -> 65
C71: 2. HERMANTO, S.E. | E71: 8 | F71: 7 | G71: 10 | H71: 10 | I71: 2 | J71: 6 | K71: 4 | L71: 1 | M71: 3 | N71: 6 | O71: 8 | P71: 35 | Q71: 35 | R71: 4 | S71: 2 | T71: =SUM(E71:S71) -> 141
C72: 3. EVY SUSILAWATI, S.E., M.M. | E72: 0 | F72: 2 | G72: 0 | H72: 7 | I72: 0 | J72: 0 | K72: 3 | L72: 5 | M72: 1 | N72: 1 | O72: 6 | P72: 6 | Q72: 5 | R72: 1 | S72: 5 | T72: =SUM(E72:S72) -> 42
C73: 4. M. SIROTTUDIN | E73: 0 | F73: 1 | G73: 2 | H73: 5 | I73: 0 | J73: 0 | K73: 0 | L73: 0 | M73: 0 | N73: 0 | O73: 0 | P73: 0 | Q73: 0 | R73: 0 | S73: 0 | T73: =SUM(E73:S73) -> 8
C74: 5. ABDUL HAFID, S.H. | E74: 2 | F74: 0 | G74: 0 | H74: 0 | I74: 1 | J74: 1 | K74: 2 | L74: 0 | M74: 0 | N74: 2 | O74: 0 | P74: 0 | Q74: 3 | R74: 0 | S74: 0 | T74: =SUM(E74:S74) -> 11
C75: 6. NIKITA FORTUNA SURYANINGATI, A.Md.Keb. | E75: 0 | F75: 0 | G75: 1 | H75: 1 | I75: 0 | J75: 0 | K75: 0 | L75: 0 | M75: 0 | N75: 0 | O75: 0 | P75: 0 | Q75: 0 | R75: 0 | S75: 1 | T75: =SUM(E75:S75) -> 3
C76: 7. YUDHO ILHAM WIJAYA, S.E. | E76: 0 | F76: 0 | G76: 0 | H76: 1 | I76: 0 | J76: 0 | K76: 0 | L76: 0 | M76: 1 | N76: 1 | O76: 0 | P76: 0 | Q76: 0 | R76: 1 | S76: 0 | T76: =SUM(E76:S76) -> 4
C77: 8. SETIAWATI, S.H. | E77: 0 | F77: 0 | G77: 0 | H77: 0 | I77: 0 | J77: 0 | K77: 0 | L77: 0 | M77: 0 | N77: 0 | O77: 1 | P77: 0 | Q77: 1 | R77: 1 | S77: 0 | T77: =SUM(E77:S77) -> 3
C78: 9. EKO BUDI SANTOSO, S.H. | E78: 1 | F78: 1 | G78: 1 | H78: 0 | I78: 0 | J78: 0 | K78: 1 | L78: 0 | M78: 0 | N78: 0 | O78: 0 | P78: 0 | Q78: 0 | R78: 0 | S78: 0 | T78: =SUM(E78:S78) -> 4
A79: B | B79: JUMLAH SUARA SAH PARTAI POLITIK DAN CALON (A1 + A2) | E79: =SUM(E69:E78) -> 18 | F79: =SUM(F69:F78) -> 16 | G79: =SUM(G69:G78) -> 28 | H79: =SUM(H69:H78) -> 44 | I79: =SUM(I69:I78) -> 9 | J79: =SUM(J69:J78) -> 12 | K79: =SUM(K69:K78) -> 16 | L79: =SUM(L69:L78) -> 8 | ... T79: =SUM(T69:T78) -> 346
A81: A.1 | B81: 4. | C81: Partai Golongan Karya | E81: 2 | F81: 2 | G81: 7 | H81: 5 | I81: 3 | J81: 3 | K81: 0 | L81: 4 | M81: 5 | N81: 2 | O81: 5 | P81: 0 | Q81: 4 | R81: 4 | S81: 1 | T81: =SUM(E81:S81) -> 47
A82: A.2 | C82: 1. PRANAYA YUDHA MAHARDHIKA | E82: 1 | F82: 3 | G82: 1 | H82: 1 | I82: 5 | J82: 4 | K82: 3 | L82: 8 | M82: 6 | N82: 5 | O82: 2 | P82: 2 | Q82: 4 | R82: 3 | S82: 0 | T82: =SUM(E82:S82) -> 48
C83: 2. Dra. Ec. ENDANG SULASTUTY, M.I.P. | E83: 2 | F83: 2 | G83: 1 | H83: 1 | I83: 0 | J83: 0 | K83: 1 | L83: 1 | M83: 1 | N83: 1 | O83: 1 | P83: 1 | Q83: 0 | R83: 0 | S83: 0 | T83: =SUM(E83:S83) -> 12
C84: 3. AGUS REJEKI WARTONO | E84: 2 | F84: 2 | G84: 1 | H84: 0 | I84: 1 | J84: 1 | K84: 0 | L84: 0 | M84: 2 | N84: 2 | O84: 0 | P84: 1 | Q84: 1 | R84: 0 | S84: 0 | T84: =SUM(E84:S84) -> 13
C85: 4. Hj. TUTUK ASMA'A ZUCHROH, S.T., M.T. | E85: 2 | F85: 1 | G85: 1 | H85: 2 | I85: 2 | J85: 0 | K85: 0 | L85: 2 | M85: 1 | N85: 0 | O85: 2 | P85: 1 | Q85: 2 | R85: 4 | S85: 0 | T85: =SUM(E85:S85) -> 20
C86: 5. ADE M. RIZKI, S.E. | E86: 1 | F86: 1 | G86: 1 | H86: 1 | I86: 1 | J86: 0 | K86: 1 | L86: 0 | M86: 2 | N86: 1 | O86: 3 | P86: 0 | Q86: 0 | R86: 0 | S86: 0 | T86: =SUM(E86:S86) -> 12
C87: 6. ABDURAKHMAN, Bc.Kn. | E87: 1 | F87: 0 | G87: 0 | H87: 0 | I87: 0 | J87: 0 | K87: 0 | L87: 0 | M87: 0 | N87: 0 | O87: 0 | P87: 0 | Q87: 0 | R87: 0 | S87: 0 | T87: =SUM(E87:S87) -> 1
C88: 7. CENDY RHIYAN ADI PUTRI | E88: 1 | F88: 0 | G88: 0 | H88: 1 | I88: 0 | J88: 1 | K88: 0 | L88: 0 | M88: 0 | N88: 0 | O88: 0 | P88: 0 | Q88: 0 | R88: 0 | S88: 0 | T88: =SUM(E88:S88) -> 3
C89: 8. BAKTI WIJAYANTO, S.E. | E89: 0 | F89: 0 | G89: 0 | H89: 0 | I89: 0 | J89: 0 | K89: 0 | L89: 0 | M89: 0 | N89: 0 | O89: 0 | P89: 0 | Q89: 0 | R89: 0 | S89: 0 | T89: =SUM(E89:S89) -> 0
C90: 9. AHMAD UBAIDILLAH | E90: 1 | F90: 0 | G90: 1 | H90: 0 | I90: 0 | J90: 0 | K90: 0 | L90: 0 | M90: 0 | N90: 0 | O90: 0 | P90: 0 | Q90: 0 | R90: 0 | S90: 0 | T90: =SUM(E90:S90) -> 2
A91: B | B91: JUMLAH SUARA SAH PARTAI POLITIK DAN CALON (A1 + A2) | E91: =SUM(E81:E90) -> 13 | F91: =SUM(F81:F90) -> 11 | G91: =SUM(G81:G90) -> 13 | H91: =SUM(H81:H90) -> 11 | I91: =SUM(I81:I90) -> 12 | J91: =SUM(J81:J90) -> 9 | K91: =SUM(K81:K90) -> 5 | L91: =SUM(L81:L90) -> 15 | ... T91: =SUM(T81:T90) -> 158
A93: A.1 | B93: 5. | C93: Partai NasDem | E93: 5 | F93: 6 | G93: 2 | H93: 0 | I93: 3 | J93: 1 | K93: 5 | L93: 7 | M93: 20 | N93: 8 | O93: 7 | P93: 4 | Q93: 2 | R93: 0 | S93: 0 | T93: =SUM(E93:S93) -> 70
A94: A.2 | C94: 1. ALI MUSTOFA, A.Md. | E94: 2 | F94: 3 | G94: 2 | H94: 0 | I94: 0 | J94: 8 | K94: 3 | L94: 6 | M94: 5 | N94: 3 | O94: 8 | P94: 3 | Q94: 0 | R94: 1 | S94: 1 | T94: =SUM(E94:S94) -> 45
C95: 2. Hj. BUAMI, S.H. | E95: 0 | F95: 0 | G95: 0 | H95: 0 | I95: 0 | J95: 0 | K95: 0 | L95: 2 | M95: 1 | N95: 1 | O95: 2 | P95: 0 | Q95: 0 | R95: 1 | S95: 1 | T95: =SUM(E95:S95) -> 8
C96: 3. SUGIONO, S.H. | E96: 1 | F96: 3 | G96: 0 | H96: 0 | I96: 0 | J96: 1 | K96: 1 | L96: 1 | M96: 1 | N96: 1 | O96: 2 | P96: 0 | Q96: 0 | R96: 0 | S96: 0 | T96: =SUM(E96:S96) -> 11
C97: 4. LULUK SUNARMIATININGSIH | E97: 0 | F97: 0 | G97: 2 | H97: 0 | I97: 0 | J97: 0 | K97: 0 | L97: 0 | M97: 2 | N97: 1 | O97: 1 | P97: 1 | Q97: 0 | R97: 0 | S97: 0 | T97: =SUM(E97:S97) -> 7
C98: 5. ANTON DJULIANTO ADI | E98: 1 | F98: 0 | G98: 1 | H98: 0 | I98: 4 | J98: 1 | K98: 4 | L98: 3 | M98: 5 | N98: 5 | O98: 8 | P98: 2 | Q98: 0 | R98: 0 | S98: 0 | T98: =SUM(E98:S98) -> 34
C99: 6. MOKHAMAD ROFI'I KHUSNAN | E99: 0 | F99: 0 | G99: 0 | H99: 0 | I99: 0 | J99: 0 | K99: 0 | L99: 1 | M99: 0 | N99: 0 | O99: 0 | P99: 0 | Q99: 0 | R99: 0 | S99: 0 | T99: =SUM(E99:S99) -> 1
C100: 7. Rr SETYO WATI | E100: 0 | F100: 1 | G100: 0 | H100: 0 | I100: 0 | J100: 0 | K100: 0 | L100: 0 | M100: 2 | N100: 0 | O100: 1 | P100: 0 | Q100: 0 | R100: 0 | S100: 0 | T100: =SUM(E100:S100) -> 4
C101: 8. ABD. KADIR ASSEGAFF | E101: 0 | F101: 0 | G101: 0 | H101: 0 | I101: 0 | J101: 0 | K101: 2 | L101: 0 | M101: 0 | N101: 0 | O101: 1 | P101: 1 | Q101: 0 | R101: 0 | S101: 0 | T101: =SUM(E101:S101) -> 4
C102: 9. FATHOR ZAINULLAH | E102: 0 | F102: 0 | G102: 0 | H102: 0 | I102: 0 | J102: 0 | K102: 0 | L102: 0 | M102: 0 | N102: 0 | O102: 0 | P102: 0 | Q102: 0 | R102: 0 | S102: 0 | T102: =SUM(E102:S102) -> 0
A103: B | B103: JUMLAH SUARA SAH PARTAI POLITIK DAN CALON (A1 + A2) | E103: =SUM(E93:E102) -> 9 | F103: =SUM(F93:F102) -> 13 | G103: =SUM(G93:G102) -> 7 | H103: =SUM(H93:H102) -> 0 | I103: =SUM(I93:I102) -> 7 | J103: =SUM(J93:J102) -> 11 | K103: =SUM(K93:K102) -> 15 | L103: =SUM(L93:L102) -> 20 | ... T103: =SUM(T93:T102) -> 184
A105: A.1 | B105: 6. | C105: Partai Buruh | E105: 0 | F105: 3 | G105: 0 | H105: 1 | I105: 0 | J105: 0 | K105: 0 | L105: 2 | M105: 0 | N105: 1 | O105: 0 | P105: 0 | Q105: 4 | R105: 0 | S105: 1 | T105: =SUM(E105:S105) -> 12
A106: A.2 | C106: 1. AGUS SUPRIYADI | E106: 0 | F106: 0 | G106: 0 | H106: 0 | I106: 1 | J106: 0 | K106: 0 | L106: 1 | M106: 0 | N106: 0 | O106: 2 | P106: 0 | Q106: 0 | R106: 1 | S106: 2 | T106: =SUM(E106:S106) -> 7
C107: 2. ENI HARIATI | E107: 0 | F107: 0 | G107: 1 | H107: 0 | I107: 0 | J107: 0 | K107: 0 | L107: 0 | M107: 0 | N107: 1 | O107: 0 | P107: 0 | Q107: 0 | R107: 0 | S107: 0 | T107: =SUM(E107:S107) -> 2
T108: =SUM(E108:S108) -> 0
T109: =SUM(E109:S109) -> 0
T110: =SUM(E110:S110) -> 0
T111: =SUM(E111:S111) -> 0
T112: =SUM(E112:S112) -> 0
T113: =SUM(E113:S113) -> 0
T114: =SUM(E114:S114) -> 0
A115: B | B115: JUMLAH SUARA SAH PARTAI POLITIK DAN CALON (A1 + A2) | E115: =SUM(E105:E114) -> 0 | F115: =SUM(F105:F114) -> 3 | G115: =SUM(G105:G114) -> 1 | H115: =SUM(H105:H114) -> 1 | I115: =SUM(I105:I114) -> 1 | J115: =SUM(J105:J114) -> 0 | K115: =SUM(K105:K114) -> 0 | L115: =SUM(L105:L114) -> 3 | ... T115: =SUM(T105:T114) -> 21
A117: A.1 | B117: 7. | C117: Partai Gelombang Rakyat Indonesia | E117: 0 | F117: 2 | G117: 0 | H117: 0 | I117: 0 | J117: 0 | K117: 2 | L117: 1 | M117: 0 | N117: 0 | O117: 2 | P117: 1 | Q117: 1 | R117: 3 | S117: 3 | T117: =SUM(E117:S117) -> 15
...

Sheet SOBO
C2: Kecamatan | D2: BANYUWANGI
C3: Kabupaten | D3: BANYUWANGI
C4: Provinsi | D4: JAWA TIMUR
C9: Kelurahan | D9: SOBO
A12: I | B12: DATA PEMILIH DAN PENGGUNAAN HAK PILIH | AB12: JUMLAH AKHIR
A13: A | B13: DATA PEMILIH | E13: TPS 001 | F13: TPS 002 | G13: TPS 003 | H13: TPS 004 | I13: TPS 005 | J13: TPS 006 | K13: TPS 007 | L13: TPS 008 | M13: TPS 009 | N13: TPS 010 | O13: TPS 011 | P13: TPS 012 | Q13: TPS 013 | R13: TPS 014 | S13: TPS 015 | T13: TPS 016 | U13: TPS 017 | V13: TPS 018 | W13: TPS 019 | X13: TPS 020 | Y13: TPS 021 | Z13: TPS 022 | AA13: TPS 023
B14: Jumlah Pemilih dalam Daftar Pemilih Tetap (DPT) | D14: LK | E14: 144 | F14: 127 | G14: 126 | H14: 136 | I14: 127 | J14: 137 | K14: 143 | L14: 135 | M14: 139 | N14: 141 | O14: 125 | P14: 134 | Q14: 148 | R14: 127 | S14: 138 | T14: 131 | U14: 123 | V14: 132 | W14: 142 | X14: 140 | Y14: 142 | Z14: 142 | AA14: 131 | AB14: =SUM(E14:AA14) -> 3110
D15: PR | E15: 146 | F15: 159 | G15: 162 | H15: 147 | I15: 147 | J15: 145 | K15: 142 | L15: 146 | M15: 156 | N15: 149 | O15: 162 | P15: 164 | Q15: 142 | R15: 147 | S15: 156 | T15: 147 | U15: 155 | V15: 149 | W15: 147 | X15: 147 | Y15: 144 | Z15: 152 | AA15: 152 | AB15: =SUM(E15:AA15) -> 3463
D16: JML | E16: =SUM(E14:E15) -> 290 | F16: =SUM(F14:F15) -> 286 | G16: =SUM(G14:G15) -> 288 | H16: =SUM(H14:H15) -> 283 | I16: =SUM(I14:I15) -> 274 | J16: =SUM(J14:J15) -> 282 | K16: =SUM(K14:K15) -> 285 | L16: =SUM(L14:L15) -> 281 | ... AA16: =SUM(AA14:AA15) -> 283 | AB16: =SUM(E16:AA16) -> 6573
A18: B | B18: PENGGUNA HAK PILIH
B19: 1. | C19: Jumlah pengguna hak pilih dalam Daftar Pemilih Tetap (DPT) | D19: LK | E19: 102 | F19: 93 | G19: 89 | H19: 85 | I19: 87 | J19: 102 | K19: 109 | L19: 108 | M19: 97 | N19: 100 | O19: 90 | P19: 104 | Q19: 116 | R19: 95 | S19: 95 | T19: 84 | U19: 99 | V19: 91 | W19: 104 | X19: 101 | Y19: 91 | Z19: 95 | AA19: 87 | AB19: =SUM(E19:AA19) -> 2224
D20: PR | E20: 104 | F20: 132 | G20: 117 | H20: 104 | I20: 100 | J20: 117 | K20: 105 | L20: 121 | M20: 129 | N20: 118 | O20: 129 | P20: 119 | Q20: 110 | R20: 115 | S20: 123 | T20: 112 | U20: 129 | V20: 120 | W20: 128 | X20: 122 | Y20: 107 | Z20: 123 | AA20: 124 | AB20: =SUM(E20:AA20) -> 2708
D21: JML | E21: =SUM(E19:E20) -> 206 | F21: =SUM(F19:F20) -> 225 | G21: =SUM(G19:G20) -> 206 | H21: =SUM(H19:H20) -> 189 | I21: =SUM(I19:I20) -> 187 | J21: =SUM(J19:J20) -> 219 | K21: =SUM(K19:K20) -> 214 | L21: =SUM(L19:L20) -> 229 | ... AA21: =SUM(AA19:AA20) -> 211 | AB21: =SUM(E21:AA21) -> 4932
B22: 2. | C22: Jumlah pengguna hak pilih dalam Daftar Pemilih Tambahan (DPTb) | D22: LK | E22: 1 | F22: 0 | G22: 0 | H22: 0 | I22: 0 | J22: 0 | K22: 0 | L22: 1 | M22: 0 | N22: 0 | O22: 0 | P22: 0 | Q22: 1 | R22: 0 | S22: 0 | T22: 0 | U22: 0 | V22: 0 | W22: 0 | X22: 0 | Y22: 2 | Z22: 0 | AA22: 0 | AB22: =SUM(E22:AA22) -> 5
D23: PR | E23: 0 | F23: 0 | G23: 0 | H23: 0 | I23: 0 | J23: 0 | K23: 0 | L23: 2 | M23: 0 | N23: 0 | O23: 0 | P23: 0 | Q23: 1 | R23: 0 | S23: 0 | T23: 0 | U23: 0 | V23: 0 | W23: 0 | X23: 0 | Y23: 2 | Z23: 0 | AA23: 0 | AB23: =SUM(E23:AA23) -> 5
D24: JML | E24: =SUM(E22:E23) -> 1 | F24: =SUM(F22:F23) -> 0 | G24: =SUM(G22:G23) -> 0 | H24: =SUM(H22:H23) -> 0 | I24: =SUM(I22:I23) -> 0 | J24: =SUM(J22:J23) -> 0 | K24: =SUM(K22:K23) -> 0 | L24: =SUM(L22:L23) -> 3 | ... AA24: =SUM(AA22:AA23) -> 0 | AB24: =SUM(E24:AA24) -> 10
B25: 3. | C25: Jumlah pengguna hak pilih dalam Daftar Pemilih Khusus (DPK) | D25: LK | E25: 0 | F25: 0 | G25: 0 | H25: 0 | I25: 0 | J25: 1 | K25: 1 | L25: 0 | M25: 0 | N25: 3 | O25: 2 | P25: 2 | Q25: 5 | R25: 1 | S25: 1 | T25: 2 | U25: 0 | V25: 3 | W25: 1 | X25: 1 | Y25: 2 | Z25: 1 | AA25: 2 | AB25: =SUM(E25:AA25) -> 28
D26: PR | E26: 1 | F26: 3 | G26: 0 | H26: 1 | I26: 1 | J26: 2 | K26: 2 | L26: 0 | M26: 0 | N26: 4 | O26: 1 | P26: 2 | Q26: 9 | R26: 0 | S26: 5 | T26: 3 | U26: 1 | V26: 3 | W26: 0 | X26: 0 | Y26: 2 | Z26: 0 | AA26: 0 | AB26: =SUM(E26:AA26) -> 40
D27: JML | E27: =SUM(E25:E26) -> 1 | F27: =SUM(F25:F26) -> 3 | G27: =SUM(G25:G26) -> 0 | H27: =SUM(H25:H26) -> 1 | I27: =SUM(I25:I26) -> 1 | J27: =SUM(J25:J26) -> 3 | K27: =SUM(K25:K26) -> 3 | L27: =SUM(L25:L26) -> 0 | ... AA27: =SUM(AA25:AA26) -> 2 | AB27: =SUM(E27:AA27) -> 68
B28: 4. | C28: Jumlah Pengguna Hak Pilih (B.1+B.2+B.3) | D28: LK | E28: =SUM(E19,E22,E25) -> 103 | F28: =SUM(F19,F22,F25) -> 93 | G28: =SUM(G19,G22,G25) -> 89 | H28: =SUM(H19,H22,H25) -> 85 | I28: =SUM(I19,I22,I25) -> 87 | J28: =SUM(J19,J22,J25) -> 103 | K28: =SUM(K19,K22,K25) -> 110 | L28: =SUM(L19,L22,L25) -> 109 | ... AA28: =SUM(AA19,AA22,AA25) -> 89 | AB28: =SUM(E28:AA28) -> 2257
D29: PR | E29: =SUM(E20,E23,E26) -> 105 | F29: =SUM(F20,F23,F26) -> 135 | G29: =SUM(G20,G23,G26) -> 117 | H29: =SUM(H20,H23,H26) -> 105 | I29: =SUM(I20,I23,I26) -> 101 | J29: =SUM(J20,J23,J26) -> 119 | K29: =SUM(K20,K23,K26) -> 107 | L29: =SUM(L20,L23,L26) -> 123 | ... AA29: =SUM(AA20,AA23,AA26) -> 124 | AB29: =SUM(E29:AA29) -> 2753
D30: JML | E30: =SUM(E28:E29) -> 208 | F30: =SUM(F28:F29) -> 228 | G30: =SUM(G28:G29) -> 206 | H30: =SUM(H28:H29) -> 190 | I30: =SUM(I28:I29) -> 188 | J30: =SUM(J28:J29) -> 222 | K30: =SUM(K28:K29) -> 217 | L30: =SUM(L28:L29) -> 232 | ... AA30: =SUM(AA28:AA29) -> 213 | AB30: =SUM(E30:AA30) -> 5010
A32: II | B32: DATA PENGGUNAAN SURAT SUARA
A33: 1 | B33: Jumlah surat suara yang diterima, termasuk surat suara cadangan 2,5% dari DPT | E33: 296 | F33: 262 | G33: 294 | H33: 289 | I33: 270 | J33: 289 | K33: 291 | L33: 287 | M33: 301 | N33: 296 | O33: 273 | P33: 304 | Q33: 296 | R33: 280 | S33: 300 | T33: 284 | U33: 284 | V33: 287 | W33: 295 | X33: 293 | Y33: 292 | Z33: 300 | AA33: 279 | AB33: =SUM(E33:AA33) -> 6642
A34: 2 | B34: Jumlah surat suara yang digunakan | E34: 208 | F34: 228 | G34: 206 | H34: 190 | I34: 188 | J34: 222 | K34: 217 | L34: 232 | M34: 226 | N34: 225 | O34: 222 | P34: 227 | Q34: 242 | R34: 211 | S34: 224 | T34: 201 | U34: 229 | V34: 217 | W34: 233 | X34: 224 | Y34: 206 | Z34: 219 | AA34: 213 | AB34: =SUM(E34:AA34) -> 5010
A35: 3 | B35: Jumlah surat suara dikembalikan oleh pemilih (karena rusak atau keliru coblos) | E35: 1 | F35: 0 | G35: 0 | H35: 0 | I35: 0 | J35: 0 | K35: 0 | L35: 0 | M35: 0 | N35: 0 | O35: 0 | P35: 0 | Q35: 0 | R35: 0 | S35: 2 | T35: 0 | U35: 0 | V35: 0 | W35: 0 | X35: 0 | Y35: 0 | Z35: 0 | AA35: 0 | AB35: =SUM(E35:AA35) -> 3
A36: 4 | B36: Jumlah surat suara yang tidak digunakan/tidak terpakai, termasuk sisa surat suara cadangan | E36: =E33-(E34+E35) -> 87 | F36: =F33-(F34+F35) -> 34 | G36: =G33-(G34+G35) -> 88 | H36: =H33-(H34+H35) -> 99 | I36: =I33-(I34+I35) -> 82 | J36: =J33-(J34+J35) -> 67 | K36: =K33-(K34+K35) -> 74 | L36: =L33-(L34+L35) -> 55 | ... AA36: =AA33-(AA34+AA35) -> 66 | AB36: =SUM(E36:AA36) -> 1629
A38: III | B38: DATA PEMILIH DISABILITAS
B39: Jumlah seluruh Pemilih disabilitas yang menggunakan hak pilih | D39: LK | E39: 2 | W39: 1 | AB39: =SUM(E39:AA39) -> 3
D40: PR | E40: 1 | Z40: 1 | AB40: =SUM(E40:AA40) -> 2
D41: JML | E41: =SUM(E39:E40) -> 3 | F41: =SUM(F39:F40) -> 0 | G41: =SUM(G39:G40) -> 0 | H41: =SUM(H39:H40) -> 0 | I41: =SUM(I39:I40) -> 0 | J41: =SUM(J39:J40) -> 0 | K41: =SUM(K39:K40) -> 0 | L41: =SUM(L39:L40) -> 0 | ... AA41: =SUM(AA39:AA40) -> 0 | AB41: =SUM(E41:AA41) -> 5
A43: IV | B43: DATA RINCIAN PEROLEHAN SUARA PASANGAN CALON BUPATI DAN WAKIL BUPATI
A44: NOMOR DAN NAMA CALON
A45: A.1 | B45: 1. | C45: Partai Kebangkitan Bangsa | E45: 8 | F45: 9 | G45: 11 | H45: 7 | I45: 12 | J45: 4 | K45: 3 | L45: 3 | M45: 8 | N45: 2 | O45: 1 | P45: 6 | Q45: 7 | R45: 3 | S45: 11 | T45: 3 | U45: 10 | V45: 1 | W45: 6 | X45: 8 | Y45: 6 | Z45: 6 | AA45: 5 | AB45: =SUM(E45:AA45) -> 140
A46: A.2 | C46: 1. Dra. Hj. MA`MULAH HARUN, M.Pd.I. | E46: 12 | F46: 17 | G46: 19 | H46: 28 | I46: 8 | J46: 10 | K46: 8 | L46: 3 | M46: 11 | N46: 17 | O46: 4 | P46: 12 | Q46: 6 | R46: 14 | S46: 17 | T46: 8 | U46: 23 | V46: 6 | W46: 21 | X46: 15 | Y46: 7 | Z46: 15 | AA46: 19 | AB46: =SUM(E46:AA46) -> 300
C47: 2. UBAIDILLAH, S.Fil.I. | E47: 1 | F47: 0 | G47: 0 | H47: 0 | I47: 2 | J47: 2 | K47: 0 | L47: 0 | M47: 0 | N47: 2 | O47: 0 | P47: 3 | Q47: 3 | R47: 2 | S47: 0 | T47: 3 | U47: 2 | V47: 0 | W47: 1 | X47: 1 | Y47: 2 | Z47: 1 | AA47: 1 | AB47: =SUM(E47:AA47) -> 26
C48: 3. Ir. H. YOYOK MULYADI, M.Si. | E48: 0 | F48: 0 | G48: 1 | H48: 0 | I48: 0 | J48: 1 | K48: 0 | L48: 0 | M48: 0 | N48: 1 | O48: 1 | P48: 0 | Q48: 0 | R48: 0 | S48: 3 | T48: 0 | U48: 1 | V48: 0 | W48: 2 | X48: 0 | Y48: 1 | Z48: 0 | AA48: 2 | AB48: =SUM(E48:AA48) -> 13
C49: 4. KHOIRUL ANWAR, S.Fil.I. | E49: 0 | F49: 1 | G49: 0 | H49: 1 | I49: 0 | J49: 0 | K49: 0 | L49: 0 | M49: 1 | N49: 1 | O49: 0 | P49: 1 | Q49: 1 | R49: 0 | S49: 0 | T49: 0 | U49: 1 | V49: 0 | W49: 0 | X49: 0 | Y49: 1 | Z49: 3 | AA49: 0 | AB49: =SUM(E49:AA49) -> 11
C50: 5. ARIF WIJAKSANA | E50: 0 | F50: 0 | G50: 0 | H50: 0 | I50: 0 | J50: 0 | K50: 0 | L50: 0 | M50: 0 | N50: 0 | O50: 0 | P50: 0 | Q50: 0 | R50: 0 | S50: 0 | T50: 0 | U50: 1 | V50: 1 | W50: 1 | X50: 0 | Y50: 1 | Z50: 0 | AA50: 0 | AB50: =SUM(E50:AA50) -> 4
C51: 6. Dr. SITI YUMNAH | E51: 0 | F51: 1 | G51: 0 | H51: 0 | I51: 2 | J51: 1 | K51: 1 | L51: 0 | M51: 1 | N51: 0 | O51: 0 | P51: 0 | Q51: 0 | R51: 1 | S51: 0 | T51: 0 | U51: 1 | V51: 1 | W51: 0 | X51: 0 | Y51: 1 | Z51: 0 | AA51: 0 | AB51: =SUM(E51:AA51) -> 10
C52: 7. MOHAMMAD ZAINI, M.Pd.I. | E52: 0 | F52: 0 | G52: 0 | H52: 0 | I52: 0 | J52: 0 | K52: 0 | L52: 0 | M52: 0 | N52: 0 | O52: 1 | P52: 1 | Q52: 0 | R52: 2 | S52: 0 | T52: 0 | U52: 0 | V52: 0 | W52: 0 | X52: 0 | Y52: 0 | Z52: 0 | AA52: 0 | AB52: =SUM(E52:AA52) -> 4
C53: 8. FAWAIDUL MAKKIYAH | E53: 1 | F53: 0 | G53: 0 | H53: 0 | I53: 1 | J53: 0 | K53: 0 | L53: 0 | M53: 0 | N53: 1 | O53: 0 | P53: 0 | Q53: 0 | R53: 0 | S53: 0 | T53: 1 | U53: 0 | V53: 0 | W53: 0 | X53: 0 | Y53: 0 | Z53: 0 | AA53: 0 | AB53: =SUM(E53:AA53) -> 4
C54: 9. IFFAH HIDAYATUR ROHMAH, S.Sos. | E54: 0 | F54: 0 | G54: 1 | H54: 0 | I54: 0 | J54: 0 | K54: 0 | L54: 0 | M54: 0 | N54: 0 | O54: 1 | P54: 0 | Q54: 0 | R54: 1 | S54: 1 | T54: 0 | U54: 0 | V54: 0 | W54: 0 | X54: 2 | Y54: 0 | Z54: 0 | AA54: 1 | AB54: =SUM(E54:AA54) -> 7
A55: B | B55: JUMLAH SUARA SAH PARTAI POLITIK DAN CALON (A1 + A2) | E55: =SUM(E45:E54) -> 22 | F55: =SUM(F45:F54) -> 28 | G55: =SUM(G45:G54) -> 32 | H55: =SUM(H45:H54) -> 36 | I55: =SUM(I45:I54) -> 25 | J55: =SUM(J45:J54) -> 18 | K55: =SUM(K45:K54) -> 12 | L55: =SUM(L45:L54) -> 6 | ... AB55: =SUM(AB45:AB54) -> 519
A57: A.1 | B57: 2. | C57: Partai Gerakan Indonesia Raya | E57: 8 | F57: 13 | G57: 11 | H57: 9 | I57: 13 | J57: 24 | K57: 8 | L57: 9 | M57: 13 | N57: 13 | O57: 7 | P57: 13 | Q57: 24 | R57: 12 | S57: 17 | T57: 15 | U57: 18 | V57: 8 | W57: 17 | X57: 25 | Y57: 9 | Z57: 6 | AA57: 11 | AB57: =SUM(E57:AA57) -> 303
A58: A.2 | C58: 1. AHMAD HADINUDDIN, S.Pd.I. | E58: 3 | F58: 10 | G58: 1 | H58: 4 | I58: 4 | J58: 3 | K58: 2 | L58: 4 | M58: 7 | N58: 6 | O58: 10 | P58: 4 | Q58: 6 | R58: 8 | S58: 7 | T58: 6 | U58: 8 | V58: 6 | W58: 10 | X58: 5 | Y58: 5 | Z58: 2 | AA58: 6 | AB58: =SUM(E58:AA58) -> 127
C59: 2. BIMA RAFSANJANI RAFID | E59: 2 | F59: 10 | G59: 6 | H59: 9 | I59: 3 | J59: 7 | K59: 18 | L59: 8 | M59: 14 | N59: 3 | O59: 8 | P59: 13 | Q59: 9 | R59: 9 | S59: 16 | T59: 7 | U59: 5 | V59: 12 | W59: 4 | X59: 7 | Y59: 6 | Z59: 10 | AA59: 12 | AB59: =SUM(E59:AA59) -> 198
C60: 3. IRA DAMAYANTI | E60: 3 | F60: 2 | G60: 2 | H60: 1 | I60: 3 | J60: 0 | K60: 0 | L60: 0 | M60: 1 | N60: 1 | O60: 4 | P60: 0 | Q60: 5 | R60: 2 | S60: 2 | T60: 4 | U60: 3 | V60: 3 | W60: 3 | X60: 2 | Y60: 2 | Z60: 1 | AA60: 1 | AB60: =SUM(E60:AA60) -> 45
C61: 4. MAULANA MALIK IBRAHIM, S.H. | E61: 3 | F61: 5 | G61: 2 | H61: 2 | I61: 2 | J61: 1 | K61: 4 | L61: 0 | M61: 4 | N61: 2 | O61: 2 | P61: 5 | Q61: 4 | R61: 6 | S61: 2 | T61: 3 | U61: 2 | V61: 5 | W61: 1 | X61: 7 | Y61: 0 | Z61: 4 | AA61: 1 | AB61: =SUM(E61:AA61) -> 67
C62: 5. LULUK ALFIATI | E62: 0 | F62: 4 | G62: 0 | H62: 1 | I62: 1 | J62: 2 | K62: 2 | L62: 0 | M62: 0 | N62: 1 | O62: 1 | P62: 0 | Q62: 3 | R62: 1 | S62: 0 | T62: 0 | U62: 0 | V62: 2 | W62: 0 | X62: 1 | Y62: 4 | Z62: 0 | AA62: 1 | AB62: =SUM(E62:AA62) -> 24
C63: 6. ILHAM WAHYUDI, S.H. | E63: 0 | F63: 1 | G63: 0 | H63: 0 | I63: 0 | J63: 0 | K63: 0 | L63: 0 | M63: 0 | N63: 1 | O63: 0 | P63: 0 | Q63: 0 | R63: 0 | S63: 1 | T63: 1 | U63: 0 | V63: 0 | W63: 0 | X63: 0 | Y63: 1 | Z63: 0 | AA63: 0 | AB63: =SUM(E63:AA63) -> 5
C64: 7. HAERUL ANWAR, S.Pd.I. | E64: 0 | F64: 0 | G64: 0 | H64: 1 | I64: 0 | J64: 0 | K64: 1 | L64: 0 | M64: 1 | N64: 0 | O64: 0 | P64: 0 | Q64: 0 | R64: 0 | S64: 0 | T64: 0 | U64: 0 | V64: 0 | W64: 0 | X64: 1 | Y64: 0 | Z64: 0 | AA64: 0 | AB64: =SUM(E64:AA64) -> 4
C65: 8. YOVI ADHITYA WARDANI | E65: 0 | F65: 0 | G65: 0 | H65: 0 | I65: 0 | J65: 0 | K65: 1 | L65: 0 | M65: 0 | N65: 0 | O65: 1 | P65: 0 | Q65: 0 | R65: 1 | S65: 0 | T65: 0 | U65: 1 | V65: 0 | W65: 0 | X65: 0 | Y65: 0 | Z65: 0 | AA65: 0 | AB65: =SUM(E65:AA65) -> 4
C66: 9. RITA AMELIA | E66: 2 | F66: 0 | G66: 0 | H66: 0 | I66: 1 | J66: 0 | K66: 0 | L66: 0 | M66: 0 | N66: 0 | O66: 1 | P66: 2 | Q66: 1 | R66: 1 | S66: 1 | T66: 1 | U66: 0 | V66: 0 | W66: 1 | X66: 1 | Y66: 0 | Z66: 0 | AA66: 2 | AB66: =SUM(E66:AA66) -> 14
A67: B | B67: JUMLAH SUARA SAH PARTAI POLITIK DAN CALON (A1 + A2) | E67: =SUM(E57:E66) -> 21 | F67: =SUM(F57:F66) -> 45 | G67: =SUM(G57:G66) -> 22 | H67: =SUM(H57:H66) -> 27 | I67: =SUM(I57:I66) -> 27 | J67: =SUM(J57:J66) -> 37 | K67: =SUM(K57:K66) -> 36 | L67: =SUM(L57:L66) -> 21 | ... AB67: =SUM(AB57:AB66) -> 791
A69: A.1 | B69: 3. | C69: Partai Demokrasi Indonesia Perjuangan | E69: 6 | F69: 4 | G69: 8 | H69: 5 | I69: 7 | J69: 6 | K69: 6 | L69: 10 | M69: 4 | N69: 8 | O69: 6 | P69: 10 | Q69: 3 | R69: 6 | S69: 3 | T69: 8 | U69: 9 | V69: 6 | W69: 6 | X69: 2 | Y69: 9 | Z69: 10 | AA69: 8 | AB69: =SUM(E69:AA69) -> 150
A70: A.2 | C70: 1. MARTIN H., S.H., M.H. | E70: 3 | F70: 2 | G70: 0 | H70: 1 | I70: 6 | J70: 4 | K70: 1 | L70: 4 | M70: 2 | N70: 0 | O70: 5 | P70: 4 | Q70: 2 | R70: 3 | S70: 5 | T70: 4 | U70: 5 | V70: 1 | W70: 6 | X70: 0 | Y70: 2 | Z70: 1 | AA70: 4 | AB70: =SUM(E70:AA70) -> 65
C71: 2. HERMANTO, S.E. | E71: 27 | F71: 7 | G71: 15 | H71: 23 | I71: 10 | J71: 22 | K71: 5 | L71: 43 | M71: 24 | N71: 17 | O71: 14 | P71: 14 | Q71: 35 | R71: 17 | S71: 10 | T71: 7 | U71: 11 | V71: 9 | W71: 17 | X71: 11 | Y71: 11 | Z71: 55 | AA71: 9 | AB71: =SUM(E71:AA71) -> 413
C72: 3. EVY SUSILAWATI, S.E., M.M. | E72: 0 | F72: 0 | G72: 1 | H72: 2 | I72: 3 | J72: 2 | K72: 1 | L72: 4 | M72: 1 | N72: 3 | O72: 2 | P72: 2 | Q72: 1 | R72: 5 | S72: 2 | T72: 2 | U72: 0 | V72: 3 | W72: 6 | X72: 1 | Y72: 3 | Z72: 2 | AA72: 1 | AB72: =SUM(E72:AA72) -> 47
C73: 4. M. SIROTTUDIN | E73: 0 | F73: 0 | G73: 2 | H73: 0 | I73: 1 | J73: 0 | K73: 0 | L73: 0 | M73: 1 | N73: 1 | O73: 4 | P73: 1 | Q73: 1 | R73: 0 | S73: 1 | T73: 0 | U73: 1 | V73: 1 | W73: 2 | X73: 0 | Y73: 1 | Z73: 1 | AA73: 1 | AB73: =SUM(E73:AA73) -> 19
C74: 5. ABDUL HAFID, S.H. | E74: 0 | F74: 2 | G74: 1 | H74: 0 | I74: 0 | J74: 1 | K74: 2 | L74: 0 | M74: 1 | N74: 2 | O74: 0 | P74: 0 | Q74: 0 | R74: 1 | S74: 2 | T74: 0 | U74: 1 | V74: 0 | W74: 0 | X74: 1 | Y74: 1 | Z74: 0 | AA74: 0 | AB74: =SUM(E74:AA74) -> 15
C75: 6. NIKITA FORTUNA SURYANINGATI, A.Md.Keb. | E75: 1 | F75: 1 | G75: 3 | H75: 0 | I75: 1 | J75: 0 | K75: 1 | L75: 0 | M75: 1 | N75: 0 | O75: 3 | P75: 0 | Q75: 0 | R75: 1 | S75: 1 | T75: 1 | U75: 0 | V75: 0 | W75: 3 | X75: 0 | Y75: 0 | Z75: 1 | AA75: 3 | AB75: =SUM(E75:AA75) -> 21
C76: 7. YUDHO ILHAM WIJAYA, S.E. | E76: 0 | F76: 1 | G76: 0 | H76: 0 | I76: 0 | J76: 1 | K76: 0 | L76: 0 | M76: 0 | N76: 0 | O76: 0 | P76: 1 | Q76: 0 | R76: 0 | S76: 0 | T76: 1 | U76: 1 | V76: 1 | W76: 1 | X76: 0 | Y76: 0 | Z76: 0 | AA76: 0 | AB76: =SUM(E76:AA76) -> 7
C77: 8. SETIAWATI, S.H. | E77: 0 | F77: 0 | G77: 1 | H77: 0 | I77: 0 | J77: 0 | K77: 0 | L77: 0 | M77: 0 | N77: 0 | O77: 2 | P77: 2 | Q77: 0 | R77: 0 | S77: 0 | T77: 0 | U77: 0 | V77: 0 | W77: 0 | X77: 0 | Y77: 0 | Z77: 0 | AA77: 0 | AB77: =SUM(E77:AA77) -> 5
C78: 9. EKO BUDI SANTOSO, S.H. | E78: 0 | F78: 0 | G78: 0 | H78: 1 | I78: 1 | J78: 0 | K78: 0 | L78: 0 | M78: 0 | N78: 1 | O78: 1 | P78: 0 | Q78: 0 | R78: 0 | S78: 0 | T78: 0 | U78: 0 | V78: 1 | W78: 0 | X78: 0 | Y78: 0 | Z78: 1 | AA78: 0 | AB78: =SUM(E78:AA78) -> 6
A79: B | B79: JUMLAH SUARA SAH PARTAI POLITIK DAN CALON (A1 + A2) | E79: =SUM(E69:E78) -> 37 | F79: =SUM(F69:F78) -> 17 | G79: =SUM(G69:G78) -> 31 | H79: =SUM(H69:H78) -> 32 | I79: =SUM(I69:I78) -> 29 | J79: =SUM(J69:J78) -> 36 | K79: =SUM(K69:K78) -> 16 | L79: =SUM(L69:L78) -> 61 | ... AB79: =SUM(AB69:AB78) -> 748
A81: A.1 | B81: 4. | C81: Partai Golongan Karya | E81: 10 | F81: 5 | G81: 8 | H81: 1 | I81: 2 | J81: 1 | K81: 4 | L81: 2 | M81: 4 | N81: 7 | O81: 5 | P81: 6 | Q81: 0 | R81: 2 | S81: 11 | T81: 4 | U81: 3 | V81: 1 | W81: 6 | X81: 3 | Y81: 2 | Z81: 0 | AA81: 1 | AB81: =SUM(E81:AA81) -> 88
A82: A.2 | C82: 1. PRANAYA YUDHA MAHARDHIKA | E82: 3 | F82: 11 | G82: 7 | H82: 5 | I82: 0 | J82: 0 | K82: 6 | L82: 1 | M82: 3 | N82: 0 | O82: 1 | P82: 2 | Q82: 2 | R82: 3 | S82: 0 | T82: 8 | U82: 6 | V82: 4 | W82: 2 | X82: 2 | Y82: 3 | Z82: 0 | AA82: 1 | AB82: =SUM(E82:AA82) -> 70
C83: 2. Dra. Ec. ENDANG SULASTUTY, M.I.P. | E83: 0 | F83: 1 | G83: 2 | H83: 1 | I83: 1 | J83: 2 | K83: 1 | L83: 0 | M83: 2 | N83: 2 | O83: 2 | P83: 1 | Q83: 2 | R83: 2 | S83: 1 | T83: 1 | U83: 1 | V83: 0 | W83: 1 | X83: 1 | Y83: 1 | Z83: 1 | AA83: 1 | AB83: =SUM(E83:AA83) -> 27
C84: 3. AGUS REJEKI WARTONO | E84: 0 | F84: 2 | G84: 0 | H84: 0 | I84: 0 | J84: 1 | K84: 0 | L84: 0 | M84: 1 | N84: 1 | O84: 0 | P84: 1 | Q84: 1 | R84: 0 | S84: 0 | T84: 1 | U84: 1 | V84: 0 | W84: 0 | X84: 0 | Y84: 1 | Z84: 1 | AA84: 2 | AB84: =SUM(E84:AA84) -> 13
C85: 4. Hj. TUTUK ASMA'A ZUCHROH, S.T., M.T. | E85: 3 | F85: 1 | G85: 1 | H85: 1 | I85: 1 | J85: 2 | K85: 2 | L85: 4 | M85: 5 | N85: 2 | O85: 1 | P85: 2 | Q85: 0 | R85: 0 | S85: 3 | T85: 2 | U85: 1 | V85: 1 | W85: 2 | X85: 1 | Y85: 0 | Z85: 4 | AA85: 0 | AB85: =SUM(E85:AA85) -> 39
C86: 5. ADE M. RIZKI, S.E. | E86: 4 | F86: 1 | G86: 1 | H86: 1 | I86: 0 | J86: 1 | K86: 1 | L86: 0 | M86: 0 | N86: 0 | O86: 0 | P86: 0 | Q86: 1 | R86: 1 | S86: 0 | T86: 0 | U86: 1 | V86: 2 | W86: 3 | X86: 0 | Y86: 1 | Z86: 0 | AA86: 1 | AB86: =SUM(E86:AA86) -> 19
C87: 6. ABDURAKHMAN, Bc.Kn. | E87: 0 | F87: 0 | G87: 0 | H87: 0 | I87: 0 | J87: 1 | K87: 0 | L87: 0 | M87: 0 | N87: 1 | O87: 0 | P87: 0 | Q87: 0 | R87: 1 | S87: 1 | T87: 0 | U87: 0 | V87: 1 | W87: 0 | X87: 0 | Y87: 0 | Z87: 0 | AA87: 0 | AB87: =SUM(E87:AA87) -> 5
C88: 7. CENDY RHIYAN ADI PUTRI | E88: 0 | F88: 0 | G88: 0 | H88: 0 | I88: 0 | J88: 0 | K88: 0 | L88: 0 | M88: 0 | N88: 0 | O88: 0 | P88: 0 | Q88: 0 | R88: 0 | S88: 0 | T88: 2 | U88: 0 | V88: 0 | W88: 0 | X88: 0 | Y88: 0 | Z88: 0 | AA88: 0 | AB88: =SUM(E88:AA88) -> 2
C89: 8. BAKTI WIJAYANTO, S.E. | E89: 0 | F89: 0 | G89: 0 | H89: 0 | I89: 0 | J89: 0 | K89: 1 | L89: 0 | M89: 1 | N89: 0 | O89: 0 | P89: 0 | Q89: 0 | R89: 0 | S89: 0 | T89: 0 | U89: 0 | V89: 1 | W89: 1 | X89: 0 | Y89: 0 | Z89: 0 | AA89: 0 | AB89: =SUM(E89:AA89) -> 4
C90: 9. AHMAD UBAIDILLAH | H90: 1 | K90: 1 | R90: 1 | T90: 0 | U90: 0 | V90: 1 | W90: 0 | X90: 0 | Y90: 0 | Z90: 0 | AA90: 4 | AB90: =SUM(E90:AA90) -> 8
A91: B | B91: JUMLAH SUARA SAH PARTAI POLITIK DAN CALON (A1 + A2) | E91: =SUM(E81:E90) -> 20 | F91: =SUM(F81:F90) -> 21 | G91: =SUM(G81:G90) -> 19 | H91: =SUM(H81:H90) -> 10 | I91: =SUM(I81:I90) -> 4 | J91: =SUM(J81:J90) -> 8 | K91: =SUM(K81:K90) -> 16 | L91: =SUM(L81:L90) -> 7 | ... AB91: =SUM(AB81:AB90) -> 275
A93: A.1 | B93: 5. | C93: Partai NasDem | E93: 4 | F93: 1 | G93: 3 | H93: 1 | I93: 1 | J93: 1 | K93: 0 | L93: 3 | M93: 1 | N93: 4 | O93: 1 | P93: 2 | Q93: 1 | R93: 0 | S93: 3 | T93: 0 | U93: 0 | V93: 0 | W93: 1 | X93: 3 | Y93: 0 | Z93: 2 | AA93: 1 | AB93: =SUM(E93:AA93) -> 33
A94: A.2 | C94: 1. ALI MUSTOFA, A.Md. | E94: 5 | F94: 1 | G94: 2 | H94: 1 | I94: 5 | J94: 0 | K94: 0 | L94: 2 | M94: 6 | N94: 1 | O94: 5 | P94: 0 | Q94: 1 | R94: 2 | S94: 4 | T94: 1 | U94: 0 | V94: 4 | W94: 1 | X94: 1 | Y94: 0 | Z94: 3 | AA94: 0 | AB94: =SUM(E94:AA94) -> 45
C95: 2. Hj. BUAMI, S.H. | E95: 1 | F95: 0 | G95: 0 | H95: 0 | I95: 0 | J95: 0 | K95: 0 | L95: 0 | M95: 0 | N95: 0 | O95: 0 | P95: 0 | Q95: 0 | R95: 0 | S95: 0 | T95: 1 | U95: 0 | V95: 0 | W95: 0 | X95: 0 | Y95: 0 | Z95: 1 | AA95: 0 | AB95: =SUM(E95:AA95) -> 3
C96: 3. SUGIONO, S.H. | E96: 0 | F96: 0 | G96: 0 | H96: 0 | I96: 0 | J96: 0 | K96: 0 | L96: 0 | M96: 0 | N96: 0 | O96: 0 | P96: 1 | Q96: 0 | R96: 0 | S96: 0 | T96: 0 | U96: 0 | V96: 0 | W96: 1 | X96: 0 | Y96: 1 | Z96: 0 | AA96: 0 | AB96: =SUM(E96:AA96) -> 3
C97: 4. LULUK SUNARMIATININGSIH | E97: 1 | F97: 0 | G97: 0 | H97: 0 | I97: 0 | J97: 0 | K97: 0 | L97: 0 | M97: 0 | N97: 0 | O97: 0 | P97: 0 | Q97: 0 | R97: 0 | S97: 0 | T97: 1 | U97: 0 | V97: 0 | W97: 0 | X97: 0 | Y97: 0 | Z97: 0 | AA97: 0 | AB97: =SUM(E97:AA97) -> 2
C98: 5. ANTON DJULIANTO ADI | E98: 0 | F98: 0 | G98: 1 | H98: 0 | I98: 0 | J98: 0 | K98: 0 | L98: 0 | M98: 1 | O98: 0 | P98: 0 | Q98: 0 | R98: 0 | S98: 0 | T98: 0 | U98: 0 | V98: 0 | W98: 0 | X98: 0 | Y98: 0 | Z98: 0 | AA98: 0 | AB98: =SUM(E98:AA98) -> 2
C99: 6. MOKHAMAD ROFI'I KHUSNAN | E99: 0 | F99: 0 | G99: 0 | H99: 0 | I99: 0 | J99: 0 | K99: 0 | L99: 0 | M99: 1 | N99: 0 | O99: 0 | P99: 0 | Q99: 0 | R99: 0 | S99: 0 | T99: 0 | U99: 0 | V99: 0 | W99: 0 | X99: 0 | Y99: 0 | Z99: 0 | AA99: 0 | AB99: =SUM(E99:AA99) -> 1
C100: 7. Rr SETYO WATI | E100: 0 | F100: 0 | G100: 0 | H100: 0 | I100: 0 | J100: 0 | K100: 0 | L100: 0 | M100: 0 | N100: 0 | O100: 0 | P100: 0 | Q100: 0 | R100: 0 | S100: 0 | T100: 0 | U100: 0 | V100: 1 | W100: 0 | X100: 0 | Y100: 0 | Z100: 0 | AA100: 0 | AB100: =SUM(E100:AA100) -> 1
C101: 8. ABD. KADIR ASSEGAFF | E101: 0 | F101: 0 | G101: 0 | H101: 0 | I101: 0 | J101: 0 | K101: 0 | L101: 0 | M101: 0 | N101: 0 | O101: 0 | P101: 1 | Q101: 0 | R101: 0 | S101: 0 | T101: 0 | U101: 0 | V101: 0 | W101: 0 | X101: 0 | Y101: 0 | Z101: 0 | AA101: 0 | AB101: =SUM(E101:AA101) -> 1
C102: 9. FATHOR ZAINULLAH | E102: 0 | F102: 0 | G102: 0 | H102: 0 | I102: 0 | J102: 0 | K102: 0 | L102: 0 | M102: 0 | N102: 0 | O102: 0 | P102: 0 | Q102: 0 | R102: 0 | S102: 0 | T102: 0 | U102: 0 | V102: 0 | W102: 0 | X102: 0 | Y102: 0 | Z102: 1 | AA102: 0 | AB102: =SUM(E102:AA102) -> 1
A103: B | B103: JUMLAH SUARA SAH PARTAI POLITIK DAN CALON (A1 + A2) | E103: =SUM(E93:E102) -> 11 | F103: =SUM(F93:F102) -> 2 | G103: =SUM(G93:G102) -> 6 | H103: =SUM(H93:H102) -> 2 | I103: =SUM(I93:I102) -> 6 | J103: =SUM(J93:J102) -> 1 | K103: =SUM(K93:K102) -> 0 | L103: =SUM(L93:L102) -> 5 | ... AB103: =SUM(AB93:AB102) -> 92
A105: A.1 | B105: 6. | C105: Partai Buruh | E105: 0 | F105: 0 | G105: 1 | H105: 0 | I105: 0 | J105: 1 | K105: 0 | L105: 0 | M105: 0 | N105: 0 | O105: 0 | P105: 1 | Q105: 1 | R105: 2 | S105: 0 | T105: 0 | U105: 2 | V105: 0 | W105: 0 | X105: 2 | Y105: 0 | Z105: 1 | AA105: 0 | AB105: =SUM(E105:AA105) -> 11
A106: A.2 | C106: 1. AGUS SUPRIYADI | E106: 1 | F106: 0 | G106: 0 | H106: 0 | I106: 0 | J106: 0 | K106: 1 | L106: 1 | M106: 0 | N106: 0 | O106: 0 | P106: 0 | Q106: 1 | R106: 2 | S106: 1 | T106: 0 | U106: 0 | V106: 0 | W106: 1 | X106: 0 | Y106: 1 | Z106: 0 | AA106: 0 | AB106: =SUM(E106:AA106) -> 9
C107: 2. ENI HARIATI | E107: 0 | F107: 0 | G107: 0 | H107: 0 | I107: 0 | J107: 0 | K107: 0 | L107: 0 | M107: 0 | N107: 0 | O107: 0 | P107: 1 | Q107: 0 | R107: 0 | S107: 0 | T107: 1 | U107: 0 | V107: 0 | W107: 1 | X107: 0 | Y107: 0 | Z107: 0 | AA107: 0 | AB107: =SUM(E107:AA107) -> 3
AB108: =SUM(E108:AA108) -> 0
AB109: =SUM(E109:AA109) -> 0
AB110: =SUM(E110:AA110) -> 0
AB111: =SUM(E111:AA111) -> 0
AB112: =SUM(E112:AA112) -> 0
AB113: =SUM(E113:AA113) -> 0
AB114: =SUM(E114:AA114) -> 0
A115: B | B115: JUMLAH SUARA SAH PARTAI POLITIK DAN CALON (A1 + A2) | E115: =SUM(E105:E114) -> 1 | F115: =SUM(F105:F114) -> 0 | G115: =SUM(G105:G114) -> 1 | H115: =SUM(H105:H114) -> 0 | I115: =SUM(I105:I114) -> 0 | J115: =SUM(J105:J114) -> 1 | K115: =SUM(K105:K114) -> 1 | L115: =SUM(L105:L114) -> 1 | ... AB115: =SUM(AB105:AB114) -> 23
A117: A.1 | B117: 7. | C117: Partai Gelombang Rakyat Indonesia | E117: 0 | F117: 0 | G117: 1 | H117: 0 | I117: 1 | J117: 6 | K117: 0 | L117: 2 | M117: 2 | N117: 1 | O117: 2 | P117: 0 | Q117: 0 | R117: 0 | S117: 0 | T117: 3 | U117: 1 | V117: 1 | W117: 0 | X117: 1 | Y117: 1 | Z117: 1 | AA117: 2 | AB117: =SUM(E117:AA117) -> 25
...

Sheet KEBALENAN
C2: Kecamatan | D2: BANYUWANGI
C3: Kabupaten | D3: BANYUWANGI
C4: Provinsi | D4: JAWA TIMUR
C9: Kelurahan | D9: KEBALENAN
A12: I | B12: DATA PEMILIH DAN PENGGUNAAN HAK PILIH | AH12: JUMLAH AKHIR
A13: A | B13: DATA PEMILIH | E13: TPS 001 | F13: TPS 002 | G13: TPS 003 | H13: TPS 004 | I13: TPS 005 | J13: TPS 006 | K13: TPS 007 | L13: TPS 008 | M13: TPS 009 | N13: TPS 010 | O13: TPS 011 | P13: TPS 012 | Q13: TPS 013 | R13: TPS 014 | S13: TPS 015 | T13: TPS 016 | U13: TPS 017 | V13: TPS 018 | W13: TPS 019 | X13: TPS 020 | Y13: TPS 021 | Z13: TPS 022 | AA13: TPS 023 | AB13: TPS 024 | AC13: TPS 025 | AD13: TPS 026 | AE13: TPS 027 | AF13: TPS 028 | AG13: TPS 029
B14: Jumlah Pemilih dalam Daftar Pemilih Tetap (DPT) | D14: LK | E14: 135 | F14: 150 | G14: 140 | H14: 130 | I14: 145 | J14: 139 | K14: 138 | L14: 138 | M14: 146 | N14: 141 | O14: 134 | P14: 136 | Q14: 135 | R14: 127 | S14: 124 | T14: 127 | U14: 138 | V14: 147 | W14: 129 | X14: 120 | Y14: 130 | Z14: 135 | AA14: 136 | AB14: 125 | AC14: 136 | AD14: 135 | AE14: 82 | AF14: 74 | AG14: 148 | AH14: =SUM(E14:AG14) -> 3820
D15: PR | E15: 155 | F15: 142 | G15: 154 | H15: 159 | I15: 146 | J15: 140 | K15: 149 | L15: 154 | M15: 144 | N15: 155 | O15: 162 | P15: 143 | Q15: 129 | R15: 147 | S15: 144 | T15: 143 | U15: 153 | V15: 146 | W15: 146 | X15: 150 | Y15: 153 | Z15: 149 | AA15: 154 | AB15: 152 | AC15: 160 | AD15: 148 | AE15: 96 | AF15: 83 | AG15: 150 | AH15: =SUM(E15:AG15) -> 4206
D16: JML | E16: =SUM(E14:E15) -> 290 | F16: =SUM(F14:F15) -> 292 | G16: =SUM(G14:G15) -> 294 | H16: =SUM(H14:H15) -> 289 | I16: =SUM(I14:I15) -> 291 | J16: =SUM(J14:J15) -> 279 | K16: =SUM(K14:K15) -> 287 | L16: =SUM(L14:L15) -> 292 | ... AG16: =SUM(AG14:AG15) -> 298 | AH16: =SUM(E16:AG16) -> 8026
A18: B | B18: PENGGUNA HAK PILIH
B19: 1. | C19: Jumlah pengguna hak pilih dalam Daftar Pemilih Tetap (DPT) | D19: LK | E19: 94 | F19: 111 | G19: 95 | H19: 95 | I19: 112 | J19: 109 | K19: 103 | L19: 99 | M19: 113 | N19: 91 | O19: 101 | P19: 92 | Q19: 97 | R19: 92 | S19: 89 | T19: 92 | U19: 96 | V19: 118 | W19: 100 | X19: 88 | Y19: 93 | Z19: 94 | AA19: 101 | AB19: 87 | AC19: 102 | AD19: 96 | AE19: 56 | AF19: 53 | AG19: 123 | AH19: =SUM(E19:AG19) -> 2792
D20: PR | E20: 121 | F20: 112 | G20: 112 | H20: 127 | I20: 127 | J20: 104 | K20: 116 | L20: 126 | M20: 120 | N20: 111 | O20: 122 | P20: 116 | Q20: 112 | R20: 111 | S20: 117 | T20: 107 | U20: 124 | V20: 128 | W20: 120 | X20: 123 | Y20: 127 | Z20: 118 | AA20: 121 | AB20: 113 | AC20: 128 | AD20: 126 | AE20: 70 | AF20: 67 | AG20: 128 | AH20: =SUM(E20:AG20) -> 3354
D21: JML | E21: =SUM(E19:E20) -> 215 | F21: =SUM(F19:F20) -> 223 | G21: =SUM(G19:G20) -> 207 | H21: =SUM(H19:H20) -> 222 | I21: =SUM(I19:I20) -> 239 | J21: =SUM(J19:J20) -> 213 | K21: =SUM(K19:K20) -> 219 | L21: =SUM(L19:L20) -> 225 | ... AG21: =SUM(AG19:AG20) -> 251 | AH21: =SUM(E21:AG21) -> 6146
B22: 2. | C22: Jumlah pengguna hak pilih dalam Daftar Pemilih Tambahan (DPTb) | D22: LK | E22: 0 | F22: 0 | G22: 0 | H22: 0 | I22: 0 | J22: 0 | K22: 0 | L22: 0 | M22: 1 | N22: 0 | O22: 0 | P22: 0 | Q22: 0 | R22: 0 | S22: 1 | T22: 7 | U22: 2 | V22: 0 | W22: 0 | X22: 0 | Y22: 0 | Z22: 0 | AA22: 0 | AB22: 1 | AC22: 0 | AD22: 11 | AE22: 8 | AF22: 0 | AG22: 0 | AH22: =SUM(E22:AG22) -> 31
D23: PR | E23: 2 | F23: 0 | G23: 0 | H23: 0 | I23: 0 | J23: 0 | K23: 0 | L23: 1 | M23: 0 | N23: 0 | O23: 0 | P23: 0 | Q23: 0 | R23: 0 | S23: 2 | T23: 1 | U23: 3 | V23: 0 | W23: 0 | X23: 0 | Y23: 2 | Z23: 1 | AA23: 0 | AB23: 1 | AC23: 0 | AD23: 1 | AE23: 0 | AF23: 0 | AG23: 0 | AH23: =SUM(E23:AG23) -> 14
D24: JML | E24: =SUM(E22:E23) -> 2 | F24: =SUM(F22:F23) -> 0 | G24: =SUM(G22:G23) -> 0 | H24: =SUM(H22:H23) -> 0 | I24: =SUM(I22:I23) -> 0 | J24: =SUM(J22:J23) -> 0 | K24: =SUM(K22:K23) -> 0 | L24: =SUM(L22:L23) -> 1 | ... AG24: =SUM(AG22:AG23) -> 0 | AH24: =SUM(E24:AG24) -> 45
B25: 3. | C25: Jumlah pengguna hak pilih dalam Daftar Pemilih Khusus (DPK) | D25: LK | E25: 1 | F25: 0 | G25: 2 | H25: 1 | I25: 0 | J25: 0 | K25: 3 | L25: 2 | M25: 1 | N25: 1 | O25: 1 | P25: 0 | Q25: 4 | R25: 4 | S25: 4 | T25: 0 | U25: 0 | V25: 1 | W25: 0 | X25: 0 | Y25: 1 | Z25: 1 | AA25: 0 | AB25: 0 | AC25: 2 | AD25: 1 | AE25: 2 | AF25: 2 | AG25: 0 | AH25: =SUM(E25:AG25) -> 34
D26: PR | E26: 0 | F26: 3 | G26: 2 | H26: 2 | I26: 0 | J26: 1 | K26: 4 | L26: 1 | M26: 5 | N26: 1 | O26: 1 | P26: 1 | Q26: 2 | R26: 2 | S26: 5 | T26: 2 | U26: 0 | V26: 1 | W26: 2 | X26: 4 | Y26: 2 | Z26: 1 | AA26: 0 | AB26: 0 | AC26: 0 | AD26: 2 | AE26: 3 | AF26: 5 | AG26: 0 | AH26: =SUM(E26:AG26) -> 52
D27: JML | E27: =SUM(E25:E26) -> 1 | F27: =SUM(F25:F26) -> 3 | G27: =SUM(G25:G26) -> 4 | H27: =SUM(H25:H26) -> 3 | I27: =SUM(I25:I26) -> 0 | J27: =SUM(J25:J26) -> 1 | K27: =SUM(K25:K26) -> 7 | L27: =SUM(L25:L26) -> 3 | ... AG27: =SUM(AG25:AG26) -> 0 | AH27: =SUM(E27:AG27) -> 86
B28: 4. | C28: Jumlah Pengguna Hak Pilih (B.1+B.2+B.3) | D28: LK | E28: =SUM(E19,E22,E25) -> 95 | F28: =SUM(F19,F22,F25) -> 111 | G28: =SUM(G19,G22,G25) -> 97 | H28: =SUM(H19,H22,H25) -> 96 | I28: =SUM(I19,I22,I25) -> 112 | J28: =SUM(J19,J22,J25) -> 109 | K28: =SUM(K19,K22,K25) -> 106 | L28: =SUM(L19,L22,L25) -> 101 | ... AG28: =SUM(AG19,AG22,AG25) -> 123 | AH28: =SUM(E28:AG28) -> 2857
D29: PR | E29: =SUM(E20,E23,E26) -> 123 | F29: =SUM(F20,F23,F26) -> 115 | G29: =SUM(G20,G23,G26) -> 114 | H29: =SUM(H20,H23,H26) -> 129 | I29: =SUM(I20,I23,I26) -> 127 | J29: =SUM(J20,J23,J26) -> 105 | K29: =SUM(K20,K23,K26) -> 120 | L29: =SUM(L20,L23,L26) -> 128 | ... AG29: =SUM(AG20,AG23,AG26) -> 128 | AH29: =SUM(E29:AG29) -> 3420
D30: JML | E30: =SUM(E28:E29) -> 218 | F30: =SUM(F28:F29) -> 226 | G30: =SUM(G28:G29) -> 211 | H30: =SUM(H28:H29) -> 225 | I30: =SUM(I28:I29) -> 239 | J30: =SUM(J28:J29) -> 214 | K30: =SUM(K28:K29) -> 226 | L30: =SUM(L28:L29) -> 229 | ... AG30: =SUM(AG28:AG29) -> 251 | AH30: =SUM(E30:AG30) -> 6277
A32: II | B32: DATA PENGGUNAAN SURAT SUARA
A33: 1 | B33: Jumlah surat suara yang diterima, termasuk surat suara cadangan 2,5% dari DPT | E33: 296 | F33: 279 | G33: 300 | H33: 295 | I33: 297 | J33: 285 | K33: 288 | L33: 288 | M33: 270 | N33: 296 | O33: 302 | P33: 270 | Q33: 270 | R33: 280 | S33: 275 | T33: 276 | U33: 297 | V33: 299 | W33: 281 | X33: 275 | Y33: 289 | Z33: 280 | AA33: 283 | AB33: 283 | AC33: 302 | AD33: 290 | AE33: 240 | AF33: 168 | AG33: 306 | AH33: =SUM(E33:AG33) -> 8160
A34: 2 | B34: Jumlah surat suara yang digunakan | E34: 218 | F34: 226 | G34: 211 | H34: 225 | I34: 239 | J34: 214 | K34: 226 | L34: 229 | M34: 240 | N34: 204 | O34: 225 | P34: 209 | Q34: 215 | R34: 209 | S34: 218 | T34: 209 | U34: 225 | V34: 248 | W34: 222 | X34: 215 | Y34: 225 | Z34: 215 | AA34: 222 | AB34: 202 | AC34: 232 | AD34: 237 | AE34: 139 | AF34: 127 | AG34: 251 | AH34: =SUM(E34:AG34) -> 6277
A35: 3 | B35: Jumlah surat suara dikembalikan oleh pemilih (karena rusak atau keliru coblos) | E35: 0 | F35: 0 | G35: 0 | H35: 0 | I35: 0 | J35: 0 | K35: 1 | L35: 0 | M35: 0 | N35: 0 | O35: 0 | P35: 0 | Q35: 0 | R35: 2 | S35: 0 | U35: 1 | V35: 1 | Z35: 2 | AA35: 1 | AF35: 1 | AH35: =SUM(E35:AG35) -> 9
A36: 4 | B36: Jumlah surat suara yang tidak digunakan/tidak terpakai, termasuk sisa surat suara cadangan | E36: =E33-(E34+E35) -> 78 | F36: =F33-(F34+F35) -> 53 | G36: =G33-(G34+G35) -> 89 | H36: =H33-(H34+H35) -> 70 | I36: =I33-(I34+I35) -> 58 | J36: =J33-(J34+J35) -> 71 | K36: =K33-(K34+K35) -> 61 | L36: =L33-(L34+L35) -> 59 | ... AG36: =AG33-(AG34+AG35) -> 55 | AH36: =SUM(E36:AG36) -> 1874
A38: III | B38: DATA PEMILIH DISABILITAS
B39: Jumlah seluruh Pemilih disabilitas yang menggunakan hak pilih | D39: LK | O39: 1 | R39: 2 | X39: 1 | AC39: 1 | AE39: 1 | AH39: =SUM(E39:AG39) -> 6
D40: PR | L40: 1 | R40: 1 | U40: 1 | X40: 1 | Z40: 1 | AH40: =SUM(E40:AG40) -> 5
D41: JML | E41: =SUM(E39:E40) -> 0 | F41: =SUM(F39:F40) -> 0 | G41: =SUM(G39:G40) -> 0 | H41: =SUM(H39:H40) -> 0 | I41: =SUM(I39:I40) -> 0 | J41: =SUM(J39:J40) -> 0 | K41: =SUM(K39:K40) -> 0 | L41: =SUM(L39:L40) -> 1 | ... AG41: =SUM(AG39:AG40) -> 0 | AH41: =SUM(E41:AG41) -> 11
A43: IV | B43: DATA RINCIAN PEROLEHAN SUARA PASANGAN CALON BUPATI DAN WAKIL BUPATI
A44: NOMOR DAN NAMA CALON
A45: A.1 | B45: 1. | C45: Partai Kebangkitan Bangsa | E45: 12 | F45: 8 | G45: 6 | H45: 13 | I45: 11 | J45: 5 | K45: 4 | L45: 5 | M45: 7 | N45: 2 | O45: 2 | P45: 3 | Q45: 6 | R45: 4 | S45: 1 | T45: 4 | U45: 5 | V45: 10 | W45: 4 | X45: 6 | Y45: 3 | Z45: 1 | AA45: 2 | AB45: 1 | AC45: 2 | AD45: 2 | AE45: 1 | AF45: 4 | AG45: 2 | AH45: =SUM(E45:AG45) -> 136
A46: A.2 | C46: 1. Dra. Hj. MA`MULAH HARUN, M.Pd.I. | E46: 14 | F46: 22 | G46: 12 | H46: 21 | I46: 23 | J46: 15 | K46: 21 | L46: 17 | M46: 21 | N46: 19 | O46: 21 | P46: 8 | Q46: 12 | R46: 13 | S46: 4 | T46: 8 | U46: 19 | V46: 19 | W46: 10 | X46: 11 | Y46: 10 | Z46: 12 | AA46: 16 | AB46: 6 | AC46: 14 | AD46: 14 | AE46: 6 | AF46: 7 | AG46: 7 | AH46: =SUM(E46:AG46) -> 402
C47: 2. UBAIDILLAH, S.Fil.I. | E47: 0 | F47: 0 | G47: 0 | H47: 4 | I47: 3 | J47: 3 | K47: 2 | L47: 1 | M47: 0 | N47: 0 | O47: 1 | P47: 0 | Q47: 2 | R47: 2 | S47: 0 | T47: 0 | U47: 3 | V47: 0 | W47: 0 | X47: 0 | Y47: 0 | Z47: 0 | AA47: 2 | AB47: 0 | AC47: 2 | AD47: 1 | AE47: 2 | AF47: 2 | AG47: 1 | AH47: =SUM(E47:AG47) -> 31
C48: 3. Ir. H. YOYOK MULYADI, M.Si. | E48: 1 | F48: 0 | G48: 0 | H48: 0 | I48: 0 | J48: 0 | K48: 0 | L48: 0 | M48: 4 | N48: 1 | O48: 1 | P48: 0 | Q48: 1 | R48: 1 | S48: 1 | T48: 0 | U48: 0 | V48: 0 | W48: 3 | X48: 0 | Y48: 0 | Z48: 1 | AA48: 0 | AB48: 2 | AC48: 3 | AD48: 3 | AE48: 0 | AF48: 0 | AG48: 0 | AH48: =SUM(E48:AG48) -> 22
C49: 4. KHOIRUL ANWAR, S.Fil.I. | E49: 1 | F49: 1 | G49: 1 | H49: 1 | I49: 0 | J49: 0 | K49: 1 | L49: 1 | M49: 1 | N49: 1 | O49: 2 | P49: 0 | Q49: 0 | R49: 1 | S49: 1 | T49: 1 | U49: 1 | V49: 0 | W49: 0 | X49: 1 | Y49: 1 | Z49: 0 | AA49: 0 | AB49: 0 | AC49: 0 | AD49: 0 | AE49: 0 | AF49: 0 | AG49: 0 | AH49: =SUM(E49:AG49) -> 16
C50: 5. ARIF WIJAKSANA | E50: 2 | F50: 0 | G50: 0 | H50: 0 | I50: 0 | J50: 2 | K50: 0 | L50: 0 | M50: 1 | N50: 1 | O50: 0 | P50: 0 | Q50: 2 | R50: 0 | S50: 0 | T50: 1 | U50: 0 | V50: 1 | W50: 3 | X50: 0 | Y50: 0 | Z50: 0 | AA50: 0 | AB50: 0 | AC50: 0 | AD50: 0 | AE50: 1 | AF50: 0 | AG50: 1 | AH50: =SUM(E50:AG50) -> 15
C51: 6. Dr. SITI YUMNAH | E51: 0 | F51: 0 | G51: 0 | H51: 1 | I51: 0 | J51: 0 | K51: 0 | L51: 1 | M51: 1 | N51: 1 | O51: 0 | P51: 0 | Q51: 0 | R51: 0 | S51: 0 | T51: 1 | U51: 1 | V51: 0 | W51: 1 | X51: 0 | Y51: 0 | Z51: 0 | AA51: 1 | AB51: 1 | AC51: 2 | AD51: 0 | AE51: 0 | AF51: 0 | AG51: 0 | AH51: =SUM(E51:AG51) -> 11
C52: 7. MOHAMMAD ZAINI, M.Pd.I. | E52: 2 | F52: 0 | G52: 0 | H52: 0 | I52: 0 | J52: 1 | K52: 1 | L52: 0 | M52: 0 | N52: 0 | O52: 0 | P52: 0 | Q52: 1 | R52: 0 | S52: 0 | T52: 0 | U52: 1 | V52: 2 | W52: 0 | X52: 0 | Y52: 1 | Z52: 1 | AA52: 0 | AB52: 0 | AC52: 0 | AD52: 1 | AE52: 0 | AF52: 0 | AG52: 0 | AH52: =SUM(E52:AG52) -> 11
C53: 8. FAWAIDUL MAKKIYAH | E53: 0 | F53: 1 | G53: 0 | H53: 0 | I53: 1 | J53: 1 | K53: 0 | L53: 0 | M53: 0 | N53: 0 | O53: 0 | P53: 0 | Q53: 0 | R53: 0 | S53: 0 | T53: 0 | U53: 0 | V53: 1 | W53: 0 | X53: 0 | Y53: 1 | Z53: 0 | AA53: 0 | AB53: 0 | AC53: 0 | AD53: 0 | AE53: 0 | AF53: 0 | AG53: 0 | AH53: =SUM(E53:AG53) -> 5
C54: 9. IFFAH HIDAYATUR ROHMAH, S.Sos. | E54: 0 | F54: 0 | G54: 0 | H54: 0 | I54: 1 | J54: 0 | K54: 0 | L54: 0 | M54: 0 | N54: 0 | O54: 1 | P54: 1 | Q54: 0 | R54: 0 | S54: 0 | T54: 0 | U54: 0 | V54: 0 | W54: 0 | X54: 0 | Y54: 0 | Z54: 0 | AA54: 0 | AB54: 0 | AC54: 0 | AD54: 0 | AE54: 0 | AF54: 0 | AG54: 0 | AH54: =SUM(E54:AG54) -> 3
A55: B | B55: JUMLAH SUARA SAH PARTAI POLITIK DAN CALON (A1 + A2) | E55: =SUM(E45:E54) -> 32 | F55: =SUM(F45:F54) -> 32 | G55: =SUM(G45:G54) -> 19 | H55: =SUM(H45:H54) -> 40 | I55: =SUM(I45:I54) -> 39 | J55: =SUM(J45:J54) -> 27 | K55: =SUM(K45:K54) -> 29 | L55: =SUM(L45:L54) -> 25 | ... AH55: =SUM(AH45:AH54) -> 652
A57: A.1 | B57: 2. | C57: Partai Gerakan Indonesia Raya | E57: 12 | F57: 17 | G57: 7 | H57: 7 | I57: 11 | J57: 5 | K57: 8 | L57: 12 | M57: 11 | N57: 10 | O57: 13 | P57: 5 | Q57: 22 | R57: 5 | S57: 14 | T57: 8 | U57: 7 | V57: 16 | W57: 11 | X57: 8 | Y57: 5 | Z57: 7 | AA57: 5 | AB57: 9 | AC57: 12 | AD57: 2 | AE57: 7 | AF57: 4 | AG57: 10 | AH57: =SUM(E57:AG57) -> 270
A58: A.2 | C58: 1. AHMAD HADINUDDIN, S.Pd.I. | E58: 7 | F58: 5 | G58: 6 | H58: 3 | I58: 6 | J58: 3 | K58: 7 | L58: 7 | M58: 5 | N58: 5 | O58: 9 | P58: 8 | Q58: 2 | R58: 6 | S58: 7 | T58: 6 | U58: 2 | V58: 3 | W58: 2 | X58: 5 | Y58: 7 | Z58: 7 | AA58: 6 | AB58: 4 | AC58: 6 | AD58: 2 | AE58: 7 | AF58: 1 | AG58: 7 | AH58: =SUM(E58:AG58) -> 151
C59: 2. BIMA RAFSANJANI RAFID | E59: 8 | F59: 12 | G59: 6 | H59: 4 | I59: 4 | J59: 4 | K59: 9 | L59: 3 | M59: 8 | N59: 12 | O59: 11 | P59: 8 | Q59: 5 | R59: 7 | S59: 11 | T59: 1 | U59: 11 | V59: 8 | W59: 4 | X59: 20 | Y59: 8 | Z59: 16 | AA59: 14 | AB59: 10 | AC59: 11 | AD59: 5 | AE59: 8 | AF59: 4 | AG59: 5 | AH59: =SUM(E59:AG59) -> 237
C60: 3. IRA DAMAYANTI | E60: 0 | F60: 3 | G60: 2 | H60: 1 | I60: 1 | J60: 2 | K60: 2 | L60: 2 | M60: 1 | N60: 1 | O60: 4 | P60: 3 | Q60: 1 | R60: 1 | S60: 2 | T60: 1 | U60: 1 | V60: 5 | W60: 2 | X60: 4 | Y60: 4 | Z60: 3 | AA60: 3 | AB60: 4 | AC60: 2 | AD60: 4 | AE60: 3 | AF60: 1 | AG60: 1 | AH60: =SUM(E60:AG60) -> 64
C61: 4. MAULANA MALIK IBRAHIM, S.H. | E61: 1 | F61: 2 | G61: 2 | H61: 0 | I61: 2 | J61: 5 | K61: 1 | L61: 3 | M61: 4 | N61: 3 | O61: 4 | P61: 10 | Q61: 4 | R61: 5 | S61: 5 | T61: 1 | U61: 1 | V61: 2 | W61: 1 | X61: 0 | Y61: 4 | Z61: 4 | AA61: 2 | AB61: 2 | AC61: 0 | AD61: 3 | AE61: 1 | AF61: 2 | AG61: 0 | AH61: =SUM(E61:AG61) -> 74
C62: 5. LULUK ALFIATI | E62: 0 | F62: 1 | G62: 2 | H62: 1 | I62: 1 | J62: 0 | K62: 2 | L62: 1 | M62: 1 | N62: 0 | O62: 1 | P62: 1 | Q62: 0 | R62: 0 | S62: 0 | T62: 0 | U62: 0 | V62: 0 | W62: 1 | X62: 0 | Y62: 1 | Z62: 2 | AA62: 1 | AB62: 2 | AC62: 1 | AD62: 1 | AE62: 0 | AF62: 1 | AG62: 0 | AH62: =SUM(E62:AG62) -> 21
C63: 6. ILHAM WAHYUDI, S.H. | E63: 0 | F63: 2 | G63: 1 | H63: 0 | I63: 0 | J63: 0 | K63: 1 | L63: 0 | M63: 0 | N63: 0 | O63: 0 | P63: 2 | Q63: 0 | R63: 1 | S63: 0 | T63: 0 | U63: 0 | V63: 1 | W63: 0 | X63: 1 | Y63: 0 | Z63: 0 | AA63: 0 | AB63: 1 | AC63: 0 | AD63: 2 | AE63: 0 | AF63: 0 | AG63: 0 | AH63: =SUM(E63:AG63) -> 12
C64: 7. HAERUL ANWAR, S.Pd.I. | E64: 1 | F64: 0 | G64: 0 | H64: 0 | I64: 1 | J64: 0 | K64: 0 | L64: 0 | M64: 1 | N64: 0 | O64: 0 | P64: 0 | Q64: 0 | R64: 0 | S64: 0 | T64: 1 | U64: 0 | V64: 0 | W64: 0 | X64: 0 | Y64: 1 | Z64: 2 | AA64: 0 | AB64: 1 | AC64: 1 | AD64: 1 | AE64: 0 | AF64: 0 | AG64: 0 | AH64: =SUM(E64:AG64) -> 10
C65: 8. YOVI ADHITYA WARDANI | E65: 0 | F65: 0 | G65: 0 | H65: 1 | I65: 0 | J65: 0 | K65: 0 | L65: 0 | M65: 0 | N65: 0 | O65: 0 | P65: 0 | Q65: 0 | R65: 1 | S65: 0 | T65: 0 | U65: 0 | V65: 1 | W65: 0 | X65: 0 | Y65: 1 | Z65: 0 | AA65: 0 | AB65: 0 | AC65: 1 | AD65: 0 | AE65: 0 | AF65: 0 | AG65: 0 | AH65: =SUM(E65:AG65) -> 5
C66: 9. RITA AMELIA | E66: 1 | F66: 2 | G66: 0 | H66: 0 | I66: 1 | J66: 0 | K66: 0 | L66: 1 | M66: 1 | N66: 0 | O66: 0 | P66: 1 | Q66: 1 | R66: 0 | S66: 0 | T66: 0 | U66: 1 | V66: 1 | W66: 0 | X66: 1 | Y66: 0 | Z66: 0 | AA66: 0 | AB66: 2 | AC66: 0 | AD66: 0 | AE66: 3 | AF66: 0 | AG66: 0 | AH66: =SUM(E66:AG66) -> 16
A67: B | B67: JUMLAH SUARA SAH PARTAI POLITIK DAN CALON (A1 + A2) | E67: =SUM(E57:E66) -> 30 | F67: =SUM(F57:F66) -> 44 | G67: =SUM(G57:G66) -> 26 | H67: =SUM(H57:H66) -> 17 | I67: =SUM(I57:I66) -> 27 | J67: =SUM(J57:J66) -> 19 | K67: =SUM(K57:K66) -> 30 | L67: =SUM(L57:L66) -> 29 | ... AH67: =SUM(AH57:AH66) -> 860
A69: A.1 | B69: 3. | C69: Partai Demokrasi Indonesia Perjuangan | E69: 9 | F69: 10 | G69: 11 | H69: 11 | I69: 15 | J69: 11 | K69: 8 | L69: 8 | M69: 10 | N69: 2 | O69: 8 | P69: 7 | Q69: 10 | R69: 9 | S69: 4 | T69: 9 | U69: 12 | V69: 6 | W69: 3 | X69: 12 | Y69: 10 | Z69: 7 | AA69: 9 | AB69: 0 | AC69: 13 | AD69: 5 | AE69: 4 | AF69: 5 | AG69: 7 | AH69: =SUM(E69:AG69) -> 235
A70: A.2 | C70: 1. MARTIN H., S.H., M.H. | E70: 8 | F70: 6 | G70: 9 | H70: 5 | I70: 9 | J70: 5 | K70: 5 | L70: 13 | M70: 6 | N70: 3 | O70: 3 | P70: 2 | Q70: 6 | R70: 16 | S70: 6 | T70: 0 | U70: 3 | V70: 12 | W70: 2 | X70: 7 | Y70: 12 | Z70: 9 | AA70: 3 | AB70: 3 | AC70: 6 | AD70: 6 | AE70: 3 | AF70: 5 | AG70: 1 | AH70: =SUM(E70:AG70) -> 174
C71: 2. HERMANTO, S.E. | E71: 10 | F71: 8 | G71: 30 | H71: 41 | I71: 6 | J71: 11 | K71: 11 | L71: 7 | M71: 12 | N71: 12 | O71: 3 | P71: 9 | Q71: 7 | R71: 6 | S71: 4 | T71: 4 | U71: 12 | V71: 8 | W71: 11 | X71: 14 | Y71: 18 | Z71: 13 | AA71: 30 | AB71: 4 | AC71: 17 | AD71: 8 | AE71: 4 | AF71: 5 | AG71: 4 | AH71: =SUM(E71:AG71) -> 329
C72: 3. EVY SUSILAWATI, S.E., M.M. | E72: 1 | F72: 4 | G72: 6 | H72: 6 | I72: 2 | J72: 3 | K72: 1 | L72: 2 | M72: 5 | N72: 0 | O72: 3 | P72: 2 | Q72: 1 | R72: 1 | S72: 3 | T72: 1 | U72: 1 | V72: 3 | W72: 2 | X72: 2 | Y72: 2 | Z72: 2 | AA72: 7 | AB72: 1 | AC72: 0 | AD72: 2 | AE72: 1 | AF72: 3 | AG72: 3 | AH72: =SUM(E72:AG72) -> 70
C73: 4. M. SIROTTUDIN | E73: 1 | F73: 1 | G73: 3 | H73: 1 | I73: 1 | J73: 0 | K73: 2 | L73: 2 | M73: 3 | N73: 2 | O73: 1 | P73: 0 | Q73: 1 | R73: 2 | S73: 5 | T73: 1 | U73: 1 | V73: 0 | W73: 1 | X73: 2 | Y73: 2 | Z73: 1 | AA73: 2 | AB73: 0 | AC73: 2 | AD73: 4 | AE73: 0 | AF73: 0 | AG73: 1 | AH73: =SUM(E73:AG73) -> 42
C74: 5. ABDUL HAFID, S.H. | E74: 0 | F74: 1 | G74: 2 | H74: 1 | I74: 0 | J74: 1 | K74: 1 | L74: 1 | M74: 0 | N74: 0 | O74: 2 | P74: 0 | Q74: 1 | R74: 1 | S74: 1 | T74: 0 | U74: 2 | V74: 2 | W74: 2 | X74: 3 | Y74: 0 | Z74: 1 | AA74: 0 | AB74: 0 | AC74: 1 | AD74: 0 | AE74: 0 | AF74: 2 | AG74: 0 | AH74: =SUM(E74:AG74) -> 25
C75: 6. NIKITA FORTUNA SURYANINGATI, A.Md.Keb. | E75: 1 | F75: 0 | G75: 1 | H75: 1 | I75: 0 | J75: 1 | K75: 2 | L75: 0 | M75: 2 | N75: 1 | O75: 2 | P75: 0 | Q75: 0 | R75: 0 | S75: 1 | T75: 1 | U75: 1 | V75: 3 | W75: 0 | X75: 0 | Y75: 2 | Z75: 0 | AA75: 0 | AB75: 2 | AC75: 0 | AD75: 3 | AE75: 0 | AF75: 0 | AG75: 0 | AH75: =SUM(E75:AG75) -> 24
C76: 7. YUDHO ILHAM WIJAYA, S.E. | E76: 0 | F76: 0 | G76: 0 | H76: 0 | I76: 1 | J76: 0 | K76: 1 | L76: 0 | M76: 0 | N76: 0 | O76: 0 | P76: 0 | Q76: 0 | R76: 0 | S76: 0 | T76: 0 | U76: 0 | V76: 0 | W76: 0 | X76: 1 | Y76: 0 | Z76: 0 | AA76: 0 | AB76: 1 | AC76: 1 | AD76: 0 | AE76: 0 | AF76: 1 | AG76: 0 | AH76: =SUM(E76:AG76) -> 6
C77: 8. SETIAWATI, S.H. | E77: 0 | F77: 1 | G77: 0 | H77: 2 | I77: 1 | J77: 0 | K77: 0 | L77: 0 | M77: 1 | N77: 0 | O77: 0 | P77: 0 | Q77: 0 | R77: 1 | S77: 0 | T77: 0 | U77: 0 | V77: 0 | W77: 0 | X77: 0 | Y77: 1 | Z77: 0 | AA77: 0 | AB77: 0 | AC77: 0 | AD77: 0 | AE77: 0 | AF77: 0 | AG77: 1 | AH77: =SUM(E77:AG77) -> 8
C78: 9. EKO BUDI SANTOSO, S.H. | E78: 0 | F78: 1 | G78: 0 | H78: 0 | I78: 1 | J78: 0 | K78: 1 | L78: 2 | M78: 0 | N78: 0 | O78: 1 | P78: 1 | Q78: 1 | R78: 1 | S78: 0 | T78: 0 | U78: 0 | V78: 2 | W78: 1 | X78: 0 | Y78: 0 | Z78: 0 | AA78: 0 | AB78: 1 | AC78: 1 | AD78: 1 | AE78: 1 | AF78: 1 | AG78: 0 | AH78: =SUM(E78:AG78) -> 17
A79: B | B79: JUMLAH SUARA SAH PARTAI POLITIK DAN CALON (A1 + A2) | E79: =SUM(E69:E78) -> 30 | F79: =SUM(F69:F78) -> 32 | G79: =SUM(G69:G78) -> 62 | H79: =SUM(H69:H78) -> 68 | I79: =SUM(I69:I78) -> 36 | J79: =SUM(J69:J78) -> 32 | K79: =SUM(K69:K78) -> 32 | L79: =SUM(L69:L78) -> 35 | ... AH79: =SUM(AH69:AH78) -> 930
A81: A.1 | B81: 4. | C81: Partai Golongan Karya | E81: 2 | F81: 3 | G81: 1 | H81: 3 | I81: 3 | J81: 1 | K81: 0 | L81: 4 | M81: 4 | N81: 6 | O81: 9 | P81: 6 | Q81: 4 | R81: 4 | S81: 8 | T81: 4 | U81: 5 | V81: 5 | W81: 1 | X81: 6 | Y81: 4 | Z81: 5 | AA81: 3 | AB81: 8 | AC81: 3 | AD81: 7 | AE81: 4 | AF81: 0 | AG81: 1 | AH81: =SUM(E81:AG81) -> 114
A82: A.2 | C82: 1. PRANAYA YUDHA MAHARDHIKA | E82: 5 | F82: 8 | G82: 2 | H82: 4 | I82: 3 | J82: 4 | K82: 1 | L82: 0 | M82: 2 | N82: 3 | O82: 5 | P82: 5 | Q82: 3 | R82: 3 | S82: 3 | T82: 3 | U82: 1 | V82: 8 | W82: 2 | X82: 6 | Y82: 4 | Z82: 5 | AA82: 3 | AB82: 1 | AC82: 1 | AD82: 2 | AE82: 8 | AF82: 3 | AG82: 1 | AH82: =SUM(E82:AG82) -> 99
C83: 2. Dra. Ec. ENDANG SULASTUTY, M.I.P. | E83: 1 | F83: 0 | G83: 0 | H83: 1 | I83: 0 | J83: 1 | K83: 0 | L83: 2 | M83: 1 | N83: 1 | O83: 4 | P83: 2 | Q83: 0 | R83: 1 | S83: 2 | T83: 1 | U83: 0 | V83: 0 | W83: 1 | X83: 5 | Y83: 2 | Z83: 2 | AA83: 1 | AB83: 1 | AC83: 0 | AD83: 2 | AE83: 1 | AF83: 1 | AG83: 0 | AH83: =SUM(E83:AG83) -> 33
C84: 3. AGUS REJEKI WARTONO | E84: 0 | F84: 1 | G84: 1 | H84: 3 | I84: 2 | J84: 1 | K84: 0 | L84: 0 | M84: 0 | N84: 0 | O84: 2 | P84: 2 | Q84: 0 | R84: 0 | S84: 1 | T84: 0 | U84: 0 | V84: 1 | W84: 1 | X84: 2 | Y84: 1 | Z84: 0 | AA84: 0 | AB84: 1 | AC84: 0 | AD84: 0 | AE84: 0 | AF84: 0 | AG84: 0 | AH84: =SUM(E84:AG84) -> 19
C85: 4. Hj. TUTUK ASMA'A ZUCHROH, S.T., M.T. | E85: 3 | F85: 2 | G85: 3 | H85: 2 | I85: 3 | J85: 0 | K85: 1 | L85: 1 | M85: 4 | N85: 1 | O85: 2 | P85: 3 | Q85: 2 | R85: 5 | S85: 2 | T85: 0 | U85: 0 | V85: 1 | W85: 0 | X85: 1 | Y85: 0 | Z85: 5 | AA85: 1 | AB85: 1 | AC85: 3 | AD85: 3 | AE85: 2 | AF85: 0 | AG85: 1 | AH85: =SUM(E85:AG85) -> 52
C86: 5. ADE M. RIZKI, S.E. | E86: 2 | F86: 2 | G86: 1 | H86: 0 | I86: 0 | J86: 0 | K86: 3 | L86: 1 | M86: 1 | N86: 3 | O86: 0 | P86: 5 | Q86: 0 | R86: 0 | S86: 2 | T86: 7 | U86: 1 | V86: 1 | W86: 4 | X86: 2 | Y86: 3 | Z86: 10 | AA86: 1 | AB86: 2 | AC86: 0 | AD86: 3 | AE86: 1 | AF86: 1 | AG86: 17 | AH86: =SUM(E86:AG86) -> 73
C87: 6. ABDURAKHMAN, Bc.Kn. | E87: 0 | F87: 0 | G87: 0 | H87: 0 | I87: 1 | J87: 0 | K87: 0 | L87: 0 | M87: 0 | N87: 0 | O87: 1 | P87: 3 | Q87: 0 | R87: 0 | S87: 0 | T87: 0 | U87: 0 | V87: 0 | W87: 0 | X87: 1 | Y87: 1 | Z87: 0 | AA87: 0 | AB87: 0 | AC87: 1 | AD87: 0 | AE87: 0 | AF87: 0 | AG87: 0 | AH87: =SUM(E87:AG87) -> 8
C88: 7. CENDY RHIYAN ADI PUTRI | E88: 0 | F88: 2 | G88: 1 | H88: 0 | I88: 0 | J88: 1 | K88: 1 | L88: 0 | M88: 0 | N88: 1 | O88: 2 | P88: 1 | Q88: 0 | R88: 0 | S88: 0 | T88: 0 | U88: 0 | V88: 0 | W88: 0 | X88: 1 | Y88: 0 | Z88: 0 | AA88: 0 | AB88: 0 | AC88: 0 | AD88: 0 | AE88: 0 | AF88: 0 | AG88: 0 | AH88: =SUM(E88:AG88) -> 10
C89: 8. BAKTI WIJAYANTO, S.E. | E89: 1 | F89: 0 | G89: 0 | H89: 0 | I89: 0 | J89: 0 | K89: 0 | L89: 0 | M89: 0 | N89: 0 | O89: 1 | P89: 0 | Q89: 0 | R89: 0 | S89: 0 | T89: 0 | U89: 0 | V89: 0 | W89: 0 | X89: 1 | Y89: 1 | Z89: 0 | AA89: 0 | AB89: 0 | AC89: 1 | AD89: 0 | AE89: 1 | AF89: 0 | AG89: 0 | AH89: =SUM(E89:AG89) -> 6
C90: 9. AHMAD UBAIDILLAH | E90: 2 | F90: 0 | G90: 2 | H90: 0 | I90: 0 | J90: 0 | K90: 0 | L90: 0 | M90: 0 | N90: 0 | O90: 1 | P90: 0 | Q90: 1 | R90: 0 | S90: 0 | AA90: 1 | AH90: =SUM(E90:AG90) -> 7
A91: B | B91: JUMLAH SUARA SAH PARTAI POLITIK DAN CALON (A1 + A2) | E91: =SUM(E81:E90) -> 16 | F91: =SUM(F81:F90) -> 18 | G91: =SUM(G81:G90) -> 11 | H91: =SUM(H81:H90) -> 13 | I91: =SUM(I81:I90) -> 12 | J91: =SUM(J81:J90) -> 8 | K91: =SUM(K81:K90) -> 6 | L91: =SUM(L81:L90) -> 8 | ... AH91: =SUM(AH81:AH90) -> 421
A93: A.1 | B93: 5. | C93: Partai NasDem | E93: 2 | F93: 2 | G93: 3 | H93: 4 | I93: 7 | J93: 1 | K93: 7 | L93: 0 | M93: 5 | N93: 0 | O93: 1 | P93: 2 | Q93: 2 | R93: 3 | S93: 0 | T93: 0 | U93: 3 | V93: 2 | W93: 3 | X93: 3 | Y93: 0 | Z93: 3 | AA93: 2 | AB93: 1 | AC93: 0 | AD93: 1 | AE93: 0 | AF93: 0 | AG93: 6 | AH93: =SUM(E93:AG93) -> 63
A94: A.2 | C94: 1. ALI MUSTOFA, A.Md. | E94: 4 | F94: 4 | G94: 2 | H94: 4 | I94: 11 | J94: 3 | K94: 2 | L94: 3 | M94: 3 | N94: 0 | O94: 4 | P94: 1 | Q94: 1 | R94: 1 | S94: 0 | T94: 2 | U94: 0 | V94: 0 | W94: 1 | X94: 1 | Y94: 3 | Z94: 5 | AA94: 2 | AB94: 1 | AC94: 5 | AD94: 0 | AE94: 1 | AF94: 2 | AG94: 8 | AH94: =SUM(E94:AG94) -> 74
C95: 2. Hj. BUAMI, S.H. | E95: 0 | F95: 0 | G95: 0 | H95: 0 | I95: 1 | J95: 1 | K95: 1 | L95: 0 | M95: 1 | N95: 0 | O95: 0 | P95: 0 | Q95: 0 | R95: 0 | S95: 0 | T95: 1 | U95: 0 | V95: 0 | W95: 0 | X95: 0 | Y95: 3 | Z95: 0 | AA95: 1 | AB95: 1 | AC95: 1 | AD95: 1 | AE95: 1 | AF95: 1 | AG95: 2 | AH95: =SUM(E95:AG95) -> 16
C96: 3. SUGIONO, S.H. | E96: 0 | F96: 0 | G96: 0 | H96: 0 | I96: 1 | J96: 0 | K96: 0 | L96: 1 | M96: 0 | N96: 0 | O96: 0 | P96: 0 | Q96: 1 | R96: 0 | S96: 1 | T96: 0 | U96: 0 | V96: 0 | W96: 0 | X96: 1 | Y96: 0 | Z96: 1 | AA96: 0 | AB96: 0 | AC96: 0 | AD96: 0 | AE96: 0 | AF96: 0 | AG96: 0 | AH96: =SUM(E96:AG96) -> 6
C97: 4. LULUK SUNARMIATININGSIH | E97: 0 | F97: 0 | G97: 1 | H97: 0 | I97: 1 | J97: 0 | K97: 0 | L97: 0 | M97: 0 | N97: 0 | O97: 0 | P97: 0 | Q97: 0 | R97: 1 | S97: 0 | T97: 0 | U97: 0 | V97: 0 | W97: 0 | X97: 0 | Y97: 0 | Z97: 0 | AA97: 0 | AB97: 0 | AC97: 0 | AD97: 0 | AE97: 0 | AF97: 0 | AG97: 0 | AH97: =SUM(E97:AG97) -> 3
C98: 5. ANTON DJULIANTO ADI | E98: 0 | F98: 0 | G98: 0 | H98: 0 | I98: 1 | J98: 1 | K98: 0 | L98: 0 | M98: 0 | N98: 0 | O98: 0 | P98: 0 | Q98: 0 | R98: 0 | S98: 0 | T98: 0 | U98: 0 | V98: 0 | W98: 0 | X98: 1 | Y98: 1 | Z98: 1 | AA98: 1 | AB98: 0 | AC98: 0 | AD98: 0 | AE98: 0 | AF98: 0 | AG98: 4 | AH98: =SUM(E98:AG98) -> 10
C99: 6. MOKHAMAD ROFI'I KHUSNAN | E99: 1 | F99: 0 | G99: 0 | H99: 0 | I99: 0 | J99: 0 | K99: 0 | L99: 1 | M99: 0 | N99: 0 | O99: 0 | P99: 0 | Q99: 0 | R99: 0 | S99: 0 | T99: 0 | U99: 0 | V99: 0 | W99: 0 | X99: 0 | Y99: 1 | Z99: 0 | AA99: 0 | AB99: 0 | AC99: 0 | AD99: 0 | AE99: 0 | AF99: 0 | AG99: 0 | AH99: =SUM(E99:AG99) -> 3
C100: 7. Rr SETYO WATI | E100: 0 | F100: 0 | G100: 0 | H100: 0 | I100: 0 | J100: 0 | K100: 0 | L100: 0 | M100: 0 | N100: 0 | O100: 0 | P100: 0 | Q100: 1 | R100: 0 | S100: 0 | T100: 0 | U100: 0 | V100: 0 | W100: 0 | X100: 0 | Y100: 0 | Z100: 0 | AA100: 0 | AB100: 0 | AC100: 0 | AD100: 0 | AE100: 0 | AF100: 0 | AG100: 0 | AH100: =SUM(E100:AG100) -> 1
C101: 8. ABD. KADIR ASSEGAFF | E101: 0 | F101: 0 | G101: 0 | H101: 0 | I101: 0 | J101: 0 | K101: 0 | L101: 0 | M101: 0 | N101: 0 | O101: 0 | P101: 0 | Q101: 0 | R101: 0 | S101: 0 | T101: 0 | U101: 0 | V101: 0 | W101: 1 | X101: 1 | Y101: 0 | Z101: 0 | AA101: 0 | AB101: 1 | AC101: 2 | AD101: 0 | AE101: 0 | AF101: 0 | AG101: 1 | AH101: =SUM(E101:AG101) -> 6
C102: 9. FATHOR ZAINULLAH | E102: 0 | F102: 0 | G102: 0 | H102: 0 | I102: 0 | J102: 0 | K102: 0 | L102: 0 | M102: 0 | N102: 1 | O102: 0 | P102: 0 | Q102: 0 | R102: 0 | S102: 0 | T102: 0 | U102: 0 | V102: 0 | W102: 1 | X102: 0 | Y102: 0 | Z102: 0 | AA102: 0 | AB102: 0 | AC102: 0 | AD102: 0 | AE102: 0 | AF102: 0 | AG102: 0 | AH102: =SUM(E102:AG102) -> 2
A103: B | B103: JUMLAH SUARA SAH PARTAI POLITIK DAN CALON (A1 + A2) | E103: =SUM(E93:E102) -> 7 | F103: =SUM(F93:F102) -> 6 | G103: =SUM(G93:G102) -> 6 | H103: =SUM(H93:H102) -> 8 | I103: =SUM(I93:I102) -> 22 | J103: =SUM(J93:J102) -> 6 | K103: =SUM(K93:K102) -> 10 | L103: =SUM(L93:L102) -> 5 | ... AH103: =SUM(AH93:AH102) -> 184
A105: A.1 | B105: 6. | C105: Partai Buruh | E105: 0 | F105: 1 | G105: 1 | H105: 2 | I105: 0 | J105: 0 | K105: 1 | L105: 0 | M105: 0 | N105: 0 | O105: 0 | P105: 2 | Q105: 2 | R105: 1 | T105: 1 | U105: 0 | V105: 0 | W105: 0 | X105: 0 | Y105: 1 | Z105: 1 | AA105: 1 | AB105: 0 | AC105: 2 | AD105: 0 | AE105: 0 | AF105: 0 | AG105: 0 | AH105: =SUM(E105:AG105) -> 16
A106: A.2 | C106: 1. AGUS SUPRIYADI | E106: 2 | F106: 1 | G106: 2 | H106: 3 | I106: 2 | J106: 1 | K106: 0 | L106: 1 | M106: 0 | N106: 1 | O106: 1 | P106: 0 | Q106: 0 | R106: 0 | T106: 2 | U106: 0 | V106: 0 | W106: 0 | X106: 0 | Y106: 0 | Z106: 1 | AA106: 0 | AB106: 4 | AC106: 1 | AD106: 0 | AE106: 0 | AF106: 0 | AG106: 0 | AH106: =SUM(E106:AG106) -> 22
C107: 2. ENI HARIATI | E107: 0 | F107: 0 | G107: 0 | H107: 0 | I107: 0 | J107: 0 | K107: 0 | L107: 0 | M107: 0 | N107: 2 | O107: 0 | P107: 2 | Q107: 0 | R107: 0 | T107: 0 | U107: 0 | V107: 1 | W107: 0 | X107: 0 | Y107: 1 | Z107: 0 | AA107: 1 | AB107: 0 | AC107: 1 | AD107: 0 | AE107: 0 | AF107: 0 | AG107: 1 | AH107: =SUM(E107:AG107) -> 9
AH108: =SUM(E108:AG108) -> 0
AH109: =SUM(E109:AG109) -> 0
AH110: =SUM(E110:AG110) -> 0
AH111: =SUM(E111:AG111) -> 0
AH112: =SUM(E112:AG112) -> 0
AH113: =SUM(E113:AG113) -> 0
AH114: =SUM(E114:AG114) -> 0
A115: B | B115: JUMLAH SUARA SAH PARTAI POLITIK DAN CALON (A1 + A2) | E115: =SUM(E105:E114) -> 2 | F115: =SUM(F105:F114) -> 2 | G115: =SUM(G105:G114) -> 3 | H115: =SUM(H105:H114) -> 5 | I115: =SUM(I105:I114) -> 2 | J115: =SUM(J105:J114) -> 1 | K115: =SUM(K105:K114) -> 1 | L115: =SUM(L105:L114) -> 1 | ... AH115: =SUM(AH105:AH114) -> 47
A117: A.1 | B117: 7. | C117: Partai Gelombang Rakyat Indonesia | E117: 0 | F117: 1 | G117: 1 | H117: 0 | I117: 0 | J117: 1 | K117: 1 | L117: 1 | M117: 0 | N117: 1 | O117: 1 | P117: 0 | Q117: 0 | R117: 1 | S117: 0 | T117: 2 | U117: 1 | V117: 1 | W117: 0 | X117: 3 | Y117: 1 | Z117: 0 | AA117: 1 | AB117: 2 | AC117: 0 | AD117: 0 | AE117: 0 | AF117: 0 | AG117: 1 | AH117: =SUM(E117:AG117) -> 20
...

Sheet PENGANJURAN
C2: Kecamatan | D2: BANYUWANGI
C3: Kabupaten | D3: BANYUWANGI
C4: Provinsi | D4: JAWA TIMUR
C9: Kelurahan | D9: PENGANJURAN
A12: I | B12: DATA PEMILIH DAN PENGGUNAAN HAK PILIH | T12: JUMLAH AKHIR
A13: A | B13: DATA PEMILIH | E13: TPS 001 | F13: TPS 002 | G13: TPS 003 | H13: TPS 004 | I13: TPS 005 | J13: TPS 006 | K13: TPS 007 | L13: TPS 008 | M13: TPS 009 | N13: TPS 010 | O13: TPS 011 | P13: TPS 012 | Q13: TPS 013 | R13: TPS 014 | S13: TPS 015
B14: Jumlah Pemilih dalam Daftar Pemilih Tetap (DPT) | D14: LK | E14: 136 | F14: 149 | G14: 144 | H14: 143 | I14: 141 | J14: 130 | K14: 140 | L14: 131 | M14: 129 | N14: 143 | O14: 148 | P14: 122 | Q14: 140 | R14: 140 | S14: 129 | T14: =SUM(E14:S14) -> 2065
D15: PR | E15: 157 | F15: 146 | G15: 131 | H15: 153 | I15: 147 | J15: 159 | K15: 147 | L15: 150 | M15: 159 | N15: 156 | O15: 140 | P15: 145 | Q15: 154 | R15: 140 | S15: 161 | T15: =SUM(E15:S15) -> 2245
D16: JML | E16: =SUM(E14:E15) -> 293 | F16: =SUM(F14:F15) -> 295 | G16: =SUM(G14:G15) -> 275 | H16: =SUM(H14:H15) -> 296 | I16: =SUM(I14:I15) -> 288 | J16: =SUM(J14:J15) -> 289 | K16: =SUM(K14:K15) -> 287 | L16: =SUM(L14:L15) -> 281 | ... S16: =SUM(S14:S15) -> 290 | T16: =SUM(E16:S16) -> 4310
A18: B | B18: PENGGUNA HAK PILIH
B19: 1. | C19: Jumlah pengguna hak pilih dalam Daftar Pemilih Tetap (DPT) | D19: LK | E19: 96 | F19: 105 | G19: 100 | H19: 106 | I19: 95 | J19: 93 | K19: 106 | L19: 83 | M19: 98 | N19: 90 | O19: 110 | P19: 89 | Q19: 105 | R19: 92 | S19: 90 | T19: =SUM(E19:S19) -> 1458
D20: PR | E20: 118 | F20: 114 | G20: 101 | H20: 131 | I20: 109 | J20: 126 | K20: 115 | L20: 114 | M20: 121 | N20: 115 | O20: 112 | P20: 116 | Q20: 126 | R20: 113 | S20: 123 | T20: =SUM(E20:S20) -> 1754
D21: JML | E21: =SUM(E19:E20) -> 214 | F21: =SUM(F19:F20) -> 219 | G21: =SUM(G19:G20) -> 201 | H21: =SUM(H19:H20) -> 237 | I21: =SUM(I19:I20) -> 204 | J21: =SUM(J19:J20) -> 219 | K21: =SUM(K19:K20) -> 221 | L21: =SUM(L19:L20) -> 197 | ... S21: =SUM(S19:S20) -> 213 | T21: =SUM(E21:S21) -> 3212
B22: 2. | C22: Jumlah pengguna hak pilih dalam Daftar Pemilih Tambahan (DPTb) | D22: LK | E22: 0 | F22: 0 | G22: 0 | H22: 0 | I22: 1 | J22: 0 | K22: 0 | L22: 0 | M22: 0 | N22: 1 | O22: 0 | P22: 0 | Q22: 0 | R22: 0 | S22: 1 | T22: =SUM(E22:S22) -> 3
D23: PR | E23: 0 | F23: 0 | G23: 0 | H23: 0 | I23: 1 | J23: 0 | K23: 0 | L23: 0 | M23: 0 | N23: 0 | O23: 0 | P23: 0 | Q23: 0 | R23: 0 | S23: 0 | T23: =SUM(E23:S23) -> 1
D24: JML | E24: =SUM(E22:E23) -> 0 | F24: =SUM(F22:F23) -> 0 | G24: =SUM(G22:G23) -> 0 | H24: =SUM(H22:H23) -> 0 | I24: =SUM(I22:I23) -> 2 | J24: =SUM(J22:J23) -> 0 | K24: =SUM(K22:K23) -> 0 | L24: =SUM(L22:L23) -> 0 | ... S24: =SUM(S22:S23) -> 1 | T24: =SUM(E24:S24) -> 4
B25: 3. | C25: Jumlah pengguna hak pilih dalam Daftar Pemilih Khusus (DPK) | D25: LK | E25: 3 | F25: 0 | G25: 1 | H25: 0 | I25: 1 | J25: 0 | K25: 0 | L25: 1 | M25: 1 | N25: 1 | O25: 4 | P25: 0 | Q25: 1 | R25: 3 | S25: 2 | T25: =SUM(E25:S25) -> 18
D26: PR | E26: 2 | F26: 1 | G26: 1 | H26: 0 | I26: 3 | J26: 2 | K26: 1 | L26: 1 | M26: 1 | N26: 0 | O26: 6 | P26: 4 | Q26: 1 | R26: 2 | S26: 2 | T26: =SUM(E26:S26) -> 27
D27: JML | E27: =SUM(E25:E26) -> 5 | F27: =SUM(F25:F26) -> 1 | G27: =SUM(G25:G26) -> 2 | H27: =SUM(H25:H26) -> 0 | I27: =SUM(I25:I26) -> 4 | J27: =SUM(J25:J26) -> 2 | K27: =SUM(K25:K26) -> 1 | L27: =SUM(L25:L26) -> 2 | ... S27: =SUM(S25:S26) -> 4 | T27: =SUM(E27:S27) -> 45
B28: 4. | C28: Jumlah Pengguna Hak Pilih (B.1+B.2+B.3) | D28: LK | E28: =SUM(E19,E22,E25) -> 99 | F28: =SUM(F19,F22,F25) -> 105 | G28: =SUM(G19,G22,G25) -> 101 | H28: =SUM(H19,H22,H25) -> 106 | I28: =SUM(I19,I22,I25) -> 97 | J28: =SUM(J19,J22,J25) -> 93 | K28: =SUM(K19,K22,K25) -> 106 | L28: =SUM(L19,L22,L25) -> 84 | ... S28: =SUM(S19,S22,S25) -> 93 | T28: =SUM(E28:S28) -> 1479
D29: PR | E29: =SUM(E20,E23,E26) -> 120 | F29: =SUM(F20,F23,F26) -> 115 | G29: =SUM(G20,G23,G26) -> 102 | H29: =SUM(H20,H23,H26) -> 131 | I29: =SUM(I20,I23,I26) -> 113 | J29: =SUM(J20,J23,J26) -> 128 | K29: =SUM(K20,K23,K26) -> 116 | L29: =SUM(L20,L23,L26) -> 115 | ... S29: =SUM(S20,S23,S26) -> 125 | T29: =SUM(E29:S29) -> 1782
D30: JML | E30: =SUM(E28:E29) -> 219 | F30: =SUM(F28:F29) -> 220 | G30: =SUM(G28:G29) -> 203 | H30: =SUM(H28:H29) -> 237 | I30: =SUM(I28:I29) -> 210 | J30: =SUM(J28:J29) -> 221 | K30: =SUM(K28:K29) -> 222 | L30: =SUM(L28:L29) -> 199 | ... S30: =SUM(S28:S29) -> 218 | T30: =SUM(E30:S30) -> 3261
A32: II | B32: DATA PENGGUNAAN SURAT SUARA
A33: 1 | B33: Jumlah surat suara yang diterima, termasuk surat suara cadangan 2,5% dari DPT | E33: 299 | F33: 301 | G33: 281 | H33: 302 | I33: 294 | J33: 290 | K33: 293 | L33: 288 | M33: 294 | N33: 305 | O33: 294 | P33: 270 | Q33: 290 | R33: 286 | S33: 296 | T33: =SUM(E33:S33) -> 4383
A34: 2 | B34: Jumlah surat suara yang digunakan | E34: 219 | F34: 220 | G34: 203 | H34: 237 | I34: 210 | J34: 221 | K34: 222 | L34: 199 | M34: 221 | N34: 207 | O34: 232 | P34: 209 | Q34: 233 | R34: 210 | S34: 218 | T34: =SUM(E34:S34) -> 3261
A35: 3 | B35: Jumlah surat suara dikembalikan oleh pemilih (karena rusak atau keliru coblos) | E35: 1 | F35: 0 | G35: 0 | H35: 0 | I35: 2 | J35: 0 | K35: 0 | L35: 0 | M35: 0 | N35: 0 | O35: 0 | P35: 0 | Q35: 0 | R35: 0 | S35: 0 | T35: =SUM(E35:S35) -> 3
A36: 4 | B36: Jumlah surat suara yang tidak digunakan/tidak terpakai, termasuk sisa surat suara cadangan | E36: =E33-(E34+E35) -> 79 | F36: =F33-(F34+F35) -> 81 | G36: =G33-(G34+G35) -> 78 | H36: =H33-(H34+H35) -> 65 | I36: =I33-(I34+I35) -> 82 | J36: =J33-(J34+J35) -> 69 | K36: =K33-(K34+K35) -> 71 | L36: =L33-(L34+L35) -> 89 | ... S36: =S33-(S34+S35) -> 78 | T36: =SUM(E36:S36) -> 1119
A38: III | B38: DATA PEMILIH DISABILITAS
B39: Jumlah seluruh Pemilih disabilitas yang menggunakan hak pilih | D39: LK | E39: 0 | F39: 0 | G39: 0 | H39: 0 | I39: 0 | J39: 0 | K39: 0 | L39: 0 | M39: 1 | N39: 0 | O39: 0 | P39: 0 | Q39: 0 | R39: 0 | S39: 0 | T39: =SUM(E39:S39) -> 1
D40: PR | E40: 0 | F40: 0 | G40: 0 | H40: 0 | I40: 0 | J40: 0 | K40: 0 | L40: 0 | M40: 0 | N40: 0 | O40: 0 | P40: 0 | Q40: 0 | R40: 0 | S40: 0 | T40: =SUM(E40:S40) -> 0
D41: JML | E41: =SUM(E39:E40) -> 0 | F41: =SUM(F39:F40) -> 0 | G41: =SUM(G39:G40) -> 0 | H41: =SUM(H39:H40) -> 0 | I41: =SUM(I39:I40) -> 0 | J41: =SUM(J39:J40) -> 0 | K41: =SUM(K39:K40) -> 0 | L41: =SUM(L39:L40) -> 0 | ... S41: =SUM(S39:S40) -> 0 | T41: =SUM(E41:S41) -> 1
A43: IV | B43: DATA RINCIAN PEROLEHAN SUARA PASANGAN CALON BUPATI DAN WAKIL BUPATI
A44: NOMOR DAN NAMA CALON
A45: A.1 | B45: 1. | C45: Partai Kebangkitan Bangsa | E45: 9 | F45: 8 | G45: 5 | H45: 6 | I45: 3 | J45: 9 | K45: 5 | L45: 4 | M45: 6 | N45: 4 | O45: 5 | P45: 1 | Q45: 5 | R45: 9 | S45: 2 | T45: =SUM(E45:S45) -> 81
A46: A.2 | C46: 1. Dra. Hj. MA`MULAH HARUN, M.Pd.I. | E46: 10 | F46: 14 | G46: 12 | H46: 9 | I46: 6 | J46: 22 | K46: 7 | L46: 14 | M46: 8 | N46: 3 | O46: 21 | P46: 9 | Q46: 11 | R46: 32 | S46: 10 | T46: =SUM(E46:S46) -> 188
C47: 2. UBAIDILLAH, S.Fil.I. | E47: 2 | F47: 1 | G47: 1 | H47: 0 | I47: 0 | J47: 0 | K47: 0 | L47: 2 | M47: 1 | N47: 0 | O47: 2 | P47: 0 | Q47: 2 | R47: 1 | S47: 1 | T47: =SUM(E47:S47) -> 13
C48: 3. Ir. H. YOYOK MULYADI, M.Si. | E48: 1 | F48: 1 | G48: 0 | H48: 1 | I48: 0 | J48: 0 | K48: 2 | L48: 0 | M48: 0 | N48: 0 | O48: 1 | P48: 0 | Q48: 1 | R48: 1 | S48: 0 | T48: =SUM(E48:S48) -> 8
C49: 4. KHOIRUL ANWAR, S.Fil.I. | E49: 1 | F49: 1 | G49: 0 | H49: 2 | I49: 0 | J49: 0 | K49: 0 | L49: 0 | M49: 3 | N49: 0 | O49: 0 | P49: 0 | Q49: 1 | R49: 0 | S49: 1 | T49: =SUM(E49:S49) -> 9
C50: 5. ARIF WIJAKSANA | E50: 0 | F50: 0 | G50: 1 | H50: 0 | I50: 1 | J50: 1 | K50: 0 | L50: 0 | M50: 0 | N50: 0 | O50: 0 | P50: 0 | Q50: 0 | R50: 1 | S50: 1 | T50: =SUM(E50:S50) -> 5
C51: 6. Dr. SITI YUMNAH | E51: 1 | F51: 0 | G51: 0 | H51: 0 | I51: 1 | J51: 1 | K51: 0 | L51: 0 | M51: 0 | N51: 0 | O51: 0 | P51: 0 | Q51: 0 | R51: 0 | S51: 1 | T51: =SUM(E51:S51) -> 4
C52: 7. MOHAMMAD ZAINI, M.Pd.I. | E52: 1 | F52: 0 | G52: 1 | H52: 0 | I52: 0 | J52: 0 | K52: 0 | L52: 0 | M52: 0 | N52: 0 | O52: 0 | P52: 1 | Q52: 1 | R52: 2 | S52: 1 | T52: =SUM(E52:S52) -> 7
C53: 8. FAWAIDUL MAKKIYAH | E53: 1 | F53: 0 | G53: 0 | H53: 0 | I53: 0 | J53: 0 | K53: 0 | L53: 0 | M53: 1 | N53: 0 | O53: 0 | P53: 0 | Q53: 0 | R53: 0 | S53: 0 | T53: =SUM(E53:S53) -> 2
C54: 9. IFFAH HIDAYATUR ROHMAH, S.Sos. | E54: 0 | F54: 0 | G54: 0 | H54: 0 | I54: 0 | J54: 0 | K54: 0 | L54: 0 | M54: 0 | N54: 1 | O54: 0 | P54: 0 | Q54: 0 | R54: 0 | S54: 0 | T54: =SUM(E54:S54) -> 1
A55: B | B55: JUMLAH SUARA SAH PARTAI POLITIK DAN CALON (A1 + A2) | E55: =SUM(E45:E54) -> 26 | F55: =SUM(F45:F54) -> 25 | G55: =SUM(G45:G54) -> 20 | H55: =SUM(H45:H54) -> 18 | I55: =SUM(I45:I54) -> 11 | J55: =SUM(J45:J54) -> 33 | K55: =SUM(K45:K54) -> 14 | L55: =SUM(L45:L54) -> 20 | ... T55: =SUM(T45:T54) -> 318
A57: A.1 | B57: 2. | C57: Partai Gerakan Indonesia Raya | E57: 10 | F57: 9 | G57: 12 | H57: 17 | I57: 17 | J57: 9 | K57: 14 | L57: 15 | M57: 8 | N57: 12 | O57: 7 | P57: 7 | Q57: 5 | R57: 10 | S57: 4 | T57: =SUM(E57:S57) -> 156
A58: A.2 | C58: 1. AHMAD HADINUDDIN, S.Pd.I. | E58: 5 | F58: 5 | G58: 7 | H58: 12 | I58: 3 | J58: 0 | K58: 4 | L58: 3 | M58: 3 | N58: 1 | O58: 4 | P58: 1 | Q58: 1 | R58: 10 | S58: 6 | T58: =SUM(E58:S58) -> 65
C59: 2. BIMA RAFSANJANI RAFID | E59: 7 | F59: 3 | G59: 6 | H59: 21 | I59: 8 | J59: 5 | K59: 9 | L59: 2 | M59: 9 | N59: 2 | O59: 6 | P59: 12 | Q59: 4 | R59: 12 | S59: 5 | T59: =SUM(E59:S59) -> 111
C60: 3. IRA DAMAYANTI | E60: 4 | F60: 3 | G60: 2 | H60: 5 | I60: 5 | J60: 3 | K60: 2 | L60: 5 | M60: 0 | N60: 1 | O60: 1 | P60: 1 | Q60: 1 | R60: 3 | S60: 2 | T60: =SUM(E60:S60) -> 38
C61: 4. MAULANA MALIK IBRAHIM, S.H. | E61: 2 | F61: 7 | G61: 2 | H61: 3 | I61: 4 | J61: 11 | K61: 2 | L61: 2 | M61: 1 | N61: 1 | O61: 1 | P61: 0 | Q61: 0 | R61: 2 | S61: 3 | T61: =SUM(E61:S61) -> 41
C62: 5. LULUK ALFIATI | E62: 1 | F62: 2 | G62: 0 | H62: 1 | I62: 2 | J62: 0 | K62: 1 | L62: 0 | M62: 1 | N62: 1 | O62: 1 | P62: 0 | Q62: 3 | R62: 1 | S62: 1 | T62: =SUM(E62:S62) -> 15
C63: 6. ILHAM WAHYUDI, S.H. | E63: 0 | F63: 0 | G63: 1 | H63: 0 | I63: 0 | J63: 0 | K63: 2 | L63: 0 | M63: 0 | N63: 0 | O63: 0 | P63: 0 | Q63: 1 | R63: 0 | S63: 0 | T63: =SUM(E63:S63) -> 4
C64: 7. HAERUL ANWAR, S.Pd.I. | E64: 1 | F64: 0 | G64: 0 | H64: 0 | I64: 0 | J64: 0 | K64: 0 | L64: 1 | M64: 0 | N64: 0 | O64: 0 | P64: 0 | Q64: 0 | R64: 0 | S64: 0 | T64: =SUM(E64:S64) -> 2
C65: 8. YOVI ADHITYA WARDANI | E65: 1 | F65: 0 | G65: 0 | H65: 1 | I65: 0 | J65: 0 | K65: 0 | L65: 0 | M65: 1 | N65: 0 | O65: 0 | P65: 0 | Q65: 1 | R65: 0 | S65: 0 | T65: =SUM(E65:S65) -> 4
C66: 9. RITA AMELIA | E66: 0 | F66: 1 | G66: 0 | H66: 2 | I66: 0 | J66: 1 | K66: 1 | L66: 0 | M66: 0 | N66: 0 | O66: 1 | P66: 1 | Q66: 0 | R66: 1 | S66: 0 | T66: =SUM(E66:S66) -> 8
A67: B | B67: JUMLAH SUARA SAH PARTAI POLITIK DAN CALON (A1 + A2) | E67: =SUM(E57:E66) -> 31 | F67: =SUM(F57:F66) -> 30 | G67: =SUM(G57:G66) -> 30 | H67: =SUM(H57:H66) -> 62 | I67: =SUM(I57:I66) -> 39 | J67: =SUM(J57:J66) -> 29 | K67: =SUM(K57:K66) -> 35 | L67: =SUM(L57:L66) -> 28 | ... T67: =SUM(T57:T66) -> 444
A69: A.1 | B69: 3. | C69: Partai Demokrasi Indonesia Perjuangan | E69: 10 | F69: 8 | G69: 8 | H69: 10 | I69: 5 | J69: 10 | K69: 13 | L69: 21 | M69: 13 | N69: 14 | O69: 6 | P69: 12 | Q69: 7 | R69: 13 | S69: 19 | T69: =SUM(E69:S69) -> 169
A70: A.2 | C70: 1. MARTIN H., S.H., M.H. | E70: 7 | F70: 2 | G70: 6 | H70: 18 | I70: 5 | J70: 4 | K70: 9 | L70: 5 | M70: 8 | N70: 6 | O70: 1 | P70: 2 | Q70: 2 | R70: 15 | S70: 13 | T70: =SUM(E70:S70) -> 103
C71: 2. HERMANTO, S.E. | E71: 13 | F71: 13 | G71: 14 | H71: 16 | I71: 38 | J71: 19 | K71: 13 | L71: 11 | M71: 13 | N71: 13 | O71: 21 | P71: 9 | Q71: 10 | R71: 15 | S71: 22 | T71: =SUM(E71:S71) -> 240
C72: 3. EVY SUSILAWATI, S.E., M.M. | E72: 10 | F72: 5 | G72: 1 | H72: 0 | I72: 4 | J72: 3 | K72: 4 | L72: 1 | M72: 1 | N72: 2 | O72: 4 | P72: 4 | Q72: 2 | R72: 2 | S72: 7 | T72: =SUM(E72:S72) -> 50
C73: 4. M. SIROTTUDIN | E73: 1 | F73: 0 | G73: 0 | H73: 0 | I73: 2 | J73: 1 | K73: 1 | L73: 2 | M73: 1 | N73: 0 | O73: 0 | P73: 1 | Q73: 2 | R73: 1 | S73: 0 | T73: =SUM(E73:S73) -> 12
C74: 5. ABDUL HAFID, S.H. | E74: 1 | F74: 0 | G74: 0 | H74: 1 | I74: 1 | J74: 2 | K74: 2 | L74: 0 | M74: 0 | N74: 2 | O74: 2 | P74: 2 | Q74: 1 | R74: 0 | S74: 0 | T74: =SUM(E74:S74) -> 14
C75: 6. NIKITA FORTUNA SURYANINGATI, A.Md.Keb. | E75: 1 | F75: 0 | G75: 0 | H75: 0 | I75: 0 | J75: 0 | K75: 1 | L75: 1 | M75: 1 | N75: 1 | O75: 3 | P75: 0 | Q75: 1 | R75: 0 | S75: 3 | T75: =SUM(E75:S75) -> 12
C76: 7. YUDHO ILHAM WIJAYA, S.E. | E76: 0 | F76: 0 | G76: 0 | H76: 0 | I76: 1 | J76: 0 | K76: 0 | L76: 0 | M76: 1 | N76: 0 | O76: 0 | P76: 0 | Q76: 0 | R76: 0 | S76: 0 | T76: =SUM(E76:S76) -> 2
C77: 8. SETIAWATI, S.H. | E77: 0 | F77: 1 | G77: 0 | H77: 0 | I77: 1 | J77: 0 | K77: 1 | L77: 1 | M77: 1 | N77: 1 | O77: 1 | P77: 1 | Q77: 0 | R77: 0 | S77: 2 | T77: =SUM(E77:S77) -> 10
C78: 9. EKO BUDI SANTOSO, S.H. | E78: 1 | F78: 1 | G78: 0 | H78: 0 | I78: 1 | J78: 1 | K78: 1 | L78: 0 | M78: 0 | N78: 0 | O78: 1 | P78: 3 | Q78: 0 | R78: 1 | S78: 1 | T78: =SUM(E78:S78) -> 11
A79: B | B79: JUMLAH SUARA SAH PARTAI POLITIK DAN CALON (A1 + A2) | E79: =SUM(E69:E78) -> 44 | F79: =SUM(F69:F78) -> 30 | G79: =SUM(G69:G78) -> 29 | H79: =SUM(H69:H78) -> 45 | I79: =SUM(I69:I78) -> 58 | J79: =SUM(J69:J78) -> 40 | K79: =SUM(K69:K78) -> 45 | L79: =SUM(L69:L78) -> 42 | ... T79: =SUM(T69:T78) -> 623
A81: A.1 | B81: 4. | C81: Partai Golongan Karya | E81: 5 | F81: 8 | G81: 14 | H81: 8 | I81: 3 | J81: 5 | K81: 12 | L81: 8 | M81: 8 | N81: 5 | O81: 5 | P81: 1 | Q81: 4 | R81: 3 | S81: 3 | T81: =SUM(E81:S81) -> 92
A82: A.2 | C82: 1. PRANAYA YUDHA MAHARDHIKA | E82: 2 | F82: 12 | G82: 18 | H82: 2 | I82: 1 | J82: 2 | K82: 4 | L82: 3 | M82: 2 | N82: 7 | O82: 3 | P82: 6 | Q82: 0 | R82: 2 | S82: 1 | T82: =SUM(E82:S82) -> 65
C83: 2. Dra. Ec. ENDANG SULASTUTY, M.I.P. | E83: 1 | F83: 1 | G83: 5 | H83: 3 | I83: 0 | J83: 4 | K83: 3 | L83: 1 | M83: 1 | N83: 5 | O83: 0 | P83: 1 | Q83: 0 | R83: 1 | S83: 1 | T83: =SUM(E83:S83) -> 27
C84: 3. AGUS REJEKI WARTONO | E84: 2 | F84: 4 | G84: 1 | H84: 1 | I84: 0 | J84: 1 | K84: 0 | L84: 0 | M84: 0 | N84: 2 | O84: 2 | P84: 1 | Q84: 1 | R84: 1 | S84: 1 | T84: =SUM(E84:S84) -> 17
C85: 4. Hj. TUTUK ASMA'A ZUCHROH, S.T., M.T. | E85: 3 | F85: 2 | G85: 1 | H85: 4 | I85: 3 | J85: 4 | K85: 6 | L85: 2 | M85: 3 | N85: 8 | O85: 2 | P85: 1 | Q85: 0 | R85: 0 | S85: 4 | T85: =SUM(E85:S85) -> 43
C86: 5. ADE M. RIZKI, S.E. | E86: 4 | F86: 2 | G86: 2 | H86: 2 | I86: 1 | J86: 1 | K86: 18 | L86: 3 | M86: 1 | N86: 2 | O86: 0 | P86: 2 | Q86: 0 | R86: 0 | S86: 1 | T86: =SUM(E86:S86) -> 39
C87: 6. ABDURAKHMAN, Bc.Kn. | E87: 0 | F87: 0 | G87: 0 | H87: 1 | I87: 1 | J87: 0 | K87: 0 | L87: 1 | M87: 0 | N87: 0 | O87: 3 | P87: 1 | Q87: 0 | R87: 0 | S87: 0 | T87: =SUM(E87:S87) -> 7
C88: 7. CENDY RHIYAN ADI PUTRI | E88: 0 | F88: 0 | G88: 0 | H88: 0 | I88: 1 | J88: 0 | K88: 0 | L88: 0 | M88: 0 | N88: 0 | O88: 0 | P88: 0 | Q88: 0 | R88: 0 | S88: 1 | T88: =SUM(E88:S88) -> 2
C89: 8. BAKTI WIJAYANTO, S.E. | E89: 0 | F89: 0 | G89: 0 | H89: 0 | I89: 0 | J89: 0 | K89: 1 | L89: 0 | M89: 0 | N89: 0 | O89: 0 | P89: 1 | Q89: 0 | R89: 0 | S89: 0 | T89: =SUM(E89:S89) -> 2
C90: 9. AHMAD UBAIDILLAH | E90: 0 | F90: 0 | G90: 0 | H90: 0 | I90: 0 | J90: 0 | K90: 0 | L90: 0 | M90: 0 | N90: 1 | O90: 1 | P90: 1 | Q90: 0 | R90: 0 | S90: 2 | T90: =SUM(E90:S90) -> 5
A91: B | B91: JUMLAH SUARA SAH PARTAI POLITIK DAN CALON (A1 + A2) | E91: =SUM(E81:E90) -> 17 | F91: =SUM(F81:F90) -> 29 | G91: =SUM(G81:G90) -> 41 | H91: =SUM(H81:H90) -> 21 | I91: =SUM(I81:I90) -> 10 | J91: =SUM(J81:J90) -> 17 | K91: =SUM(K81:K90) -> 44 | L91: =SUM(L81:L90) -> 18 | ... T91: =SUM(T81:T90) -> 299
A93: A.1 | B93: 5. | C93: Partai NasDem | E93: 1 | F93: 2 | G93: 1 | H93: 2 | I93: 3 | J93: 1 | K93: 1 | L93: 5 | M93: 3 | N93: 0 | O93: 1 | P93: 2 | Q93: 1 | R93: 1 | S93: 0 | T93: =SUM(E93:S93) -> 24
A94: A.2 | C94: 1. ALI MUSTOFA, A.Md. | E94: 0 | F94: 0 | G94: 1 | H94: 1 | I94: 1 | J94: 5 | K94: 2 | L94: 2 | M94: 0 | N94: 0 | O94: 1 | P94: 3 | Q94: 0 | R94: 0 | S94: 3 | T94: =SUM(E94:S94) -> 19
C95: 2. Hj. BUAMI, S.H. | E95: 0 | F95: 0 | G95: 0 | H95: 1 | I95: 0 | J95: 1 | K95: 0 | L95: 0 | M95: 0 | N95: 0 | O95: 0 | P95: 0 | Q95: 0 | R95: 0 | S95: 0 | T95: =SUM(E95:S95) -> 2
C96: 3. SUGIONO, S.H. | E96: 0 | F96: 0 | G96: 0 | H96: 0 | I96: 0 | J96: 0 | K96: 0 | L96: 0 | M96: 0 | N96: 0 | O96: 0 | P96: 0 | Q96: 0 | R96: 0 | S96: 0 | T96: =SUM(E96:S96) -> 0
C97: 4. LULUK SUNARMIATININGSIH | E97: 0 | F97: 0 | G97: 0 | H97: 1 | I97: 0 | J97: 1 | K97: 0 | L97: 1 | M97: 0 | N97: 0 | O97: 4 | P97: 0 | Q97: 0 | R97: 0 | S97: 0 | T97: =SUM(E97:S97) -> 7
C98: 5. ANTON DJULIANTO ADI | E98: 0 | F98: 0 | G98: 0 | H98: 0 | I98: 0 | J98: 0 | K98: 0 | L98: 0 | M98: 0 | N98: 1 | O98: 0 | P98: 0 | Q98: 1 | R98: 0 | S98: 0 | T98: =SUM(E98:S98) -> 2
C99: 6. MOKHAMAD ROFI'I KHUSNAN | E99: 0 | F99: 0 | G99: 0 | H99: 0 | I99: 0 | J99: 1 | K99: 0 | L99: 0 | M99: 0 | N99: 0 | O99: 0 | P99: 0 | Q99: 0 | R99: 0 | S99: 1 | T99: =SUM(E99:S99) -> 2
C100: 7. Rr SETYO WATI | E100: 0 | F100: 0 | G100: 0 | H100: 0 | I100: 0 | J100: 0 | K100: 0 | L100: 0 | M100: 0 | N100: 0 | O100: 0 | P100: 0 | Q100: 0 | R100: 0 | S100: 0 | T100: =SUM(E100:S100) -> 0
C101: 8. ABD. KADIR ASSEGAFF | E101: 0 | F101: 0 | G101: 0 | H101: 0 | I101: 0 | J101: 0 | K101: 0 | L101: 0 | M101: 0 | N101: 1 | O101: 2 | P101: 1 | Q101: 0 | R101: 0 | S101: 0 | T101: =SUM(E101:S101) -> 4
C102: 9. FATHOR ZAINULLAH | E102: 0 | F102: 0 | G102: 0 | H102: 0 | I102: 0 | J102: 0 | K102: 0 | L102: 0 | M102: 0 | N102: 0 | O102: 0 | P102: 0 | Q102: 0 | R102: 0 | S102: 0 | T102: =SUM(E102:S102) -> 0
A103: B | B103: JUMLAH SUARA SAH PARTAI POLITIK DAN CALON (A1 + A2) | E103: =SUM(E93:E102) -> 1 | F103: =SUM(F93:F102) -> 2 | G103: =SUM(G93:G102) -> 2 | H103: =SUM(H93:H102) -> 5 | I103: =SUM(I93:I102) -> 4 | J103: =SUM(J93:J102) -> 9 | K103: =SUM(K93:K102) -> 3 | L103: =SUM(L93:L102) -> 8 | ... T103: =SUM(T93:T102) -> 60
A105: A.1 | B105: 6. | C105: Partai Buruh | E105: 2 | F105: 0 | G105: 1 | H105: 0 | I105: 0 | J105: 2 | K105: 2 | L105: 0 | M105: 1 | N105: 1 | O105: 4 | P105: 1 | Q105: 0 | R105: 0 | S105: 1 | T105: =SUM(E105:S105) -> 15
A106: A.2 | C106: 1. AGUS SUPRIYADI | E106: 0 | F106: 0 | G106: 1 | H106: 2 | I106: 0 | J106: 1 | K106: 0 | L106: 0 | M106: 0 | N106: 0 | O106: 4 | P106: 0 | Q106: 1 | R106: 0 | S106: 0 | T106: =SUM(E106:S106) -> 9
C107: 2. ENI HARIATI | E107: 0 | F107: 0 | G107: 0 | H107: 1 | I107: 0 | J107: 0 | K107: 0 | L107: 0 | M107: 0 | N107: 0 | O107: 1 | P107: 0 | Q107: 0 | R107: 0 | S107: 1 | T107: =SUM(E107:S107) -> 3
T108: =SUM(E108:S108) -> 0
T109: =SUM(E109:S109) -> 0
T110: =SUM(E110:S110) -> 0
T111: =SUM(E111:S111) -> 0
T112: =SUM(E112:S112) -> 0
T113: =SUM(E113:S113) -> 0
T114: =SUM(E114:S114) -> 0
A115: B | B115: JUMLAH SUARA SAH PARTAI POLITIK DAN CALON (A1 + A2) | E115: =SUM(E105:E114) -> 2 | F115: =SUM(F105:F114) -> 0 | G115: =SUM(G105:G114) -> 2 | H115: =SUM(H105:H114) -> 3 | I115: =SUM(I105:I114) -> 0 | J115: =SUM(J105:J114) -> 3 | K115: =SUM(K105:K114) -> 2 | L115: =SUM(L105:L114) -> 0 | ... T115: =SUM(T105:T114) -> 27
A117: A.1 | B117: 7. | C117: Partai Gelombang Rakyat Indonesia | E117: 1 | F117: 0 | G117: 0 | H117: 0 | I117: 0 | J117: 0 | K117: 0 | L117: 1 | M117: 5 | N117: 0 | O117: 1 | P117: 1 | Q117: 1 | R117: 1 | S117: 1 | T117: =SUM(E117:S117) -> 12
...

Sheet TUKANGKAYU
C2: Kecamatan | D2: BANYUWANGI
C3: Kabupaten | D3: BANYUWANGI
C4: Provinsi | D4: JAWA TIMUR
C9: Kelurahan | D9: TUKANGKAYU
A12: I | B12: DATA PEMILIH DAN PENGGUNAAN HAK PILIH | AD12: JUMLAH AKHIR
A13: A | B13: DATA PEMILIH | E13: TPS 001 | F13: TPS 002 | G13: TPS 003 | H13: TPS 004 | I13: TPS 005 | J13: TPS 006 | K13: TPS 007 | L13: TPS 008 | M13: TPS 009 | N13: TPS 010 | O13: TPS 011 | P13: TPS 012 | Q13: TPS 013 | R13: TPS 014 | S13: TPS 015 | T13: TPS 016 | U13: TPS 017 | V13: TPS 018 | W13: TPS 019 | X13: TPS 020 | Y13: TPS 021 | Z13: TPS 022 | AA13: TPS 023 | AB13: TPS 024 | AC13: TPS 025
B14: Jumlah Pemilih dalam Daftar Pemilih Tetap (DPT) | D14: LK | E14: 136 | F14: 143 | G14: 115 | H14: 142 | I14: 126 | J14: 133 | K14: 129 | L14: 113 | M14: 130 | N14: 111 | O14: 120 | P14: 120 | Q14: 132 | R14: 129 | S14: 134 | T14: 136 | U14: 132 | V14: 133 | W14: 124 | X14: 135 | Y14: 127 | Z14: 142 | AA14: 120 | AB14: 148 | AC14: 126 | AD14: =SUM(E14:AC14) -> 3236
D15: PR | E15: 151 | F15: 147 | G15: 121 | H15: 138 | I15: 142 | J15: 138 | K15: 125 | L15: 127 | M15: 137 | N15: 125 | O15: 128 | P15: 147 | Q15: 129 | R15: 140 | S15: 149 | T15: 143 | U15: 148 | V15: 143 | W15: 144 | X15: 145 | Y15: 133 | Z15: 153 | AA15: 126 | AB15: 129 | AC15: 139 | AD15: =SUM(E15:AC15) -> 3447
D16: JML | E16: =SUM(E14:E15) -> 287 | F16: =SUM(F14:F15) -> 290 | G16: =SUM(G14:G15) -> 236 | H16: =SUM(H14:H15) -> 280 | I16: =SUM(I14:I15) -> 268 | J16: =SUM(J14:J15) -> 271 | K16: =SUM(K14:K15) -> 254 | L16: =SUM(L14:L15) -> 240 | ... AC16: =SUM(AC14:AC15) -> 265 | AD16: =SUM(E16:AC16) -> 6683
A18: B | B18: PENGGUNA HAK PILIH
B19: 1. | C19: Jumlah pengguna hak pilih dalam Daftar Pemilih Tetap (DPT) | D19: LK | E19: 108 | F19: 93 | G19: 78 | H19: 105 | I19: 97 | J19: 105 | K19: 107 | L19: 80 | M19: 95 | N19: 71 | O19: 95 | P19: 93 | Q19: 97 | R19: 100 | S19: 93 | T19: 106 | U19: 96 | V19: 98 | W19: 87 | X19: 94 | Y19: 86 | Z19: 100 | AA19: 86 | AB19: 111 | AC19: 94 | AD19: =SUM(E19:AC19) -> 2375
D20: PR | E20: 125 | F20: 118 | G20: 96 | H20: 113 | I20: 112 | J20: 116 | K20: 112 | L20: 102 | M20: 109 | N20: 94 | O20: 102 | P20: 109 | Q20: 107 | R20: 115 | S20: 107 | T20: 123 | U20: 121 | V20: 115 | W20: 108 | X20: 112 | Y20: 102 | Z20: 123 | AA20: 97 | AB20: 109 | AC20: 108 | AD20: =SUM(E20:AC20) -> 2755
D21: JML | E21: =SUM(E19:E20) -> 233 | F21: =SUM(F19:F20) -> 211 | G21: =SUM(G19:G20) -> 174 | H21: =SUM(H19:H20) -> 218 | I21: =SUM(I19:I20) -> 209 | J21: =SUM(J19:J20) -> 221 | K21: =SUM(K19:K20) -> 219 | L21: =SUM(L19:L20) -> 182 | ... AC21: =SUM(AC19:AC20) -> 202 | AD21: =SUM(E21:AC21) -> 5130
B22: 2. | C22: Jumlah pengguna hak pilih dalam Daftar Pemilih Tambahan (DPTb) | D22: LK | E22: 0 | F22: 0 | G22: 1 | H22: 0 | I22: 1 | J22: 0 | K22: 0 | L22: 0 | M22: 0 | N22: 1 | O22: 0 | P22: 0 | Q22: 0 | R22: 0 | S22: 0 | T22: 0 | U22: 0 | V22: 0 | W22: 0 | X22: 0 | Y22: 0 | Z22: 0 | AA22: 0 | AB22: 0 | AC22: 0 | AD22: =SUM(E22:AC22) -> 3
D23: PR | E23: 0 | F23: 0 | G23: 0 | H23: 0 | I23: 1 | J23: 0 | K23: 0 | L23: 0 | M23: 0 | N23: 0 | O23: 0 | P23: 0 | Q23: 0 | R23: 0 | S23: 0 | T23: 0 | U23: 0 | V23: 0 | W23: 0 | X23: 0 | Y23: 0 | Z23: 0 | AA23: 1 | AB23: 0 | AC23: 0 | AD23: =SUM(E23:AC23) -> 2
D24: JML | E24: =SUM(E22:E23) -> 0 | F24: =SUM(F22:F23) -> 0 | G24: =SUM(G22:G23) -> 1 | H24: =SUM(H22:H23) -> 0 | I24: =SUM(I22:I23) -> 2 | J24: =SUM(J22:J23) -> 0 | K24: =SUM(K22:K23) -> 0 | L24: =SUM(L22:L23) -> 0 | ... AC24: =SUM(AC22:AC23) -> 0 | AD24: =SUM(E24:AC24) -> 5
B25: 3. | C25: Jumlah pengguna hak pilih dalam Daftar Pemilih Khusus (DPK) | D25: LK | E25: 1 | F25: 2 | G25: 6 | H25: 1 | I25: 3 | J25: 0 | K25: 2 | L25: 0 | M25: 2 | N25: 0 | O25: 2 | P25: 6 | Q25: 1 | R25: 0 | S25: 0 | T25: 2 | U25: 3 | V25: 1 | W25: 4 | X25: 1 | Y25: 1 | Z25: 8 | AA25: 2 | AB25: 3 | AC25: 2 | AD25: =SUM(E25:AC25) -> 53
D26: PR | E26: 5 | F26: 3 | G26: 4 | H26: 0 | I26: 1 | J26: 1 | K26: 2 | L26: 2 | M26: 1 | N26: 0 | O26: 3 | P26: 4 | Q26: 2 | R26: 1 | S26: 2 | T26: 2 | U26: 7 | V26: 1 | W26: 6 | X26: 3 | Y26: 1 | Z26: 10 | AA26: 3 | AB26: 1 | AC26: 1 | AD26: =SUM(E26:AC26) -> 66
D27: JML | E27: =SUM(E25:E26) -> 6 | F27: =SUM(F25:F26) -> 5 | G27: =SUM(G25:G26) -> 10 | H27: =SUM(H25:H26) -> 1 | I27: =SUM(I25:I26) -> 4 | J27: =SUM(J25:J26) -> 1 | K27: =SUM(K25:K26) -> 4 | L27: =SUM(L25:L26) -> 2 | ... AC27: =SUM(AC25:AC26) -> 3 | AD27: =SUM(E27:AC27) -> 119
B28: 4. | C28: Jumlah Pengguna Hak Pilih (B.1+B.2+B.3) | D28: LK | E28: =SUM(E19,E22,E25) -> 109 | F28: =SUM(F19,F22,F25) -> 95 | G28: =SUM(G19,G22,G25) -> 85 | H28: =SUM(H19,H22,H25) -> 106 | I28: =SUM(I19,I22,I25) -> 101 | J28: =SUM(J19,J22,J25) -> 105 | K28: =SUM(K19,K22,K25) -> 109 | L28: =SUM(L19,L22,L25) -> 80 | ... AC28: =SUM(AC19,AC22,AC25) -> 96 | AD28: =SUM(E28:AC28) -> 2431
D29: PR | E29: =SUM(E20,E23,E26) -> 130 | F29: =SUM(F20,F23,F26) -> 121 | G29: =SUM(G20,G23,G26) -> 100 | H29: =SUM(H20,H23,H26) -> 113 | I29: =SUM(I20,I23,I26) -> 114 | J29: =SUM(J20,J23,J26) -> 117 | K29: =SUM(K20,K23,K26) -> 114 | L29: =SUM(L20,L23,L26) -> 104 | ... AC29: =SUM(AC20,AC23,AC26) -> 109 | AD29: =SUM(E29:AC29) -> 2823
D30: JML | E30: =SUM(E28:E29) -> 239 | F30: =SUM(F28:F29) -> 216 | G30: =SUM(G28:G29) -> 185 | H30: =SUM(H28:H29) -> 219 | I30: =SUM(I28:I29) -> 215 | J30: =SUM(J28:J29) -> 222 | K30: =SUM(K28:K29) -> 223 | L30: =SUM(L28:L29) -> 184 | ... AC30: =SUM(AC28:AC29) -> 205 | AD30: =SUM(E30:AC30) -> 5254
A32: II | B32: DATA PENGGUNAAN SURAT SUARA
A33: 1 | B33: Jumlah surat suara yang diterima, termasuk surat suara cadangan 2,5% dari DPT | E33: 293 | F33: 296 | G33: 241 | H33: 286 | I33: 274 | J33: 277 | K33: 240 | L33: 245 | M33: 273 | N33: 241 | O33: 253 | P33: 273 | Q33: 267 | R33: 254 | S33: 279 | T33: 285 | U33: 296 | V33: 282 | W33: 264 | X33: 286 | Y33: 266 | Z33: 301 | AA33: 251 | AB33: 283 | AC33: 271 | AD33: =SUM(E33:AC33) -> 6777
A34: 2 | B34: Jumlah surat suara yang digunakan | E34: 239 | F34: 216 | G34: 185 | H34: 219 | I34: 215 | J34: 222 | K34: 223 | L34: 184 | M34: 207 | N34: 166 | O34: 202 | P34: 212 | Q34: 207 | R34: 216 | S34: 202 | T34: 233 | U34: 227 | V34: 215 | W34: 205 | X34: 210 | Y34: 190 | Z34: 241 | AA34: 189 | AB34: 224 | AC34: 205 | AD34: =SUM(E34:AC34) -> 5254
A35: 3 | B35: Jumlah surat suara dikembalikan oleh pemilih (karena rusak atau keliru coblos) | E35: 0 | F35: 0 | G35: 0 | H35: 0 | I35: 1 | J35: 1 | K35: 0 | L35: 0 | M35: 2 | N35: 0 | O35: 0 | P35: 0 | Q35: 0 | R35: 1 | S35: 0 | T35: 0 | U35: 1 | V35: 1 | W35: 0 | X35: 1 | Y35: 0 | Z35: 0 | AA35: 0 | AB35: 6 | AC35: 1 | AD35: =SUM(E35:AC35) -> 15
A36: 4 | B36: Jumlah surat suara yang tidak digunakan/tidak terpakai, termasuk sisa surat suara cadangan | E36: =E33-(E34+E35) -> 54 | F36: =F33-(F34+F35) -> 80 | G36: =G33-(G34+G35) -> 56 | H36: =H33-(H34+H35) -> 67 | I36: =I33-(I34+I35) -> 58 | J36: =J33-(J34+J35) -> 54 | K36: =K33-(K34+K35) -> 17 | L36: =L33-(L34+L35) -> 61 | ... AC36: =AC33-(AC34+AC35) -> 65 | AD36: =SUM(E36:AC36) -> 1508
A38: III | B38: DATA PEMILIH DISABILITAS
B39: Jumlah seluruh Pemilih disabilitas yang menggunakan hak pilih | D39: LK | E39: 0 | F39: 0 | G39: 1 | H39: 1 | I39: 0 | J39: 1 | K39: 0 | L39: 0 | M39: 3 | N39: 0 | O39: 0 | P39: 1 | Q39: 5 | R39: 0 | S39: 0 | T39: 0 | U39: 0 | V39: 1 | W39: 1 | X39: 0 | Y39: 0 | Z39: 0 | AA39: 0 | AB39: 0 | AC39: 0 | AD39: =SUM(E39:AC39) -> 14
D40: PR | E40: 0 | F40: 0 | G40: 0 | H40: 0 | I40: 0 | J40: 0 | K40: 0 | L40: 0 | M40: 4 | N40: 0 | O40: 0 | P40: 1 | Q40: 2 | R40: 1 | S40: 0 | T40: 0 | U40: 0 | V40: 0 | W40: 4 | X40: 0 | Y40: 0 | Z40: 0 | AA40: 0 | AB40: 0 | AC40: 0 | AD40: =SUM(E40:AC40) -> 12
D41: JML | E41: =SUM(E39:E40) -> 0 | F41: =SUM(F39:F40) -> 0 | G41: =SUM(G39:G40) -> 1 | H41: =SUM(H39:H40) -> 1 | I41: =SUM(I39:I40) -> 0 | J41: =SUM(J39:J40) -> 1 | K41: =SUM(K39:K40) -> 0 | L41: =SUM(L39:L40) -> 0 | ... AC41: =SUM(AC39:AC40) -> 0 | AD41: =SUM(E41:AC41) -> 26
A43: IV | B43: DATA RINCIAN PEROLEHAN SUARA PASANGAN CALON BUPATI DAN WAKIL BUPATI
A44: NOMOR DAN NAMA CALON
A45: A.1 | B45: 1. | C45: Partai Kebangkitan Bangsa | E45: 8 | F45: 5 | G45: 10 | H45: 8 | I45: 7 | J45: 7 | K45: 7 | L45: 12 | M45: 11 | N45: 10 | O45: 3 | P45: 6 | Q45: 8 | R45: 3 | S45: 3 | T45: 5 | U45: 5 | V45: 5 | W45: 7 | X45: 5 | Y45: 5 | Z45: 7 | AA45: 5 | AB45: 6 | AC45: 4 | AD45: =SUM(E45:AC45) -> 162
A46: A.2 | C46: 1. Dra. Hj. MA`MULAH HARUN, M.Pd.I. | E46: 25 | F46: 18 | G46: 55 | H46: 41 | I46: 17 | J46: 55 | K46: 42 | L46: 46 | M46: 52 | N46: 50 | O46: 8 | P46: 18 | Q46: 15 | R46: 6 | S46: 13 | T46: 13 | U46: 37 | V46: 24 | W46: 13 | X46: 8 | Y46: 8 | Z46: 14 | AA46: 4 | AB46: 8 | AC46: 16 | AD46: =SUM(E46:AC46) -> 606
C47: 2. UBAIDILLAH, S.Fil.I. | E47: 1 | F47: 1 | G47: 0 | H47: 0 | I47: 0 | J47: 1 | K47: 0 | L47: 1 | M47: 1 | N47: 0 | O47: 0 | P47: 1 | Q47: 1 | R47: 0 | S47: 3 | T47: 2 | U47: 2 | V47: 2 | W47: 1 | X47: 0 | Y47: 4 | Z47: 1 | AA47: 0 | AB47: 0 | AC47: 3 | AD47: =SUM(E47:AC47) -> 25
C48: 3. Ir. H. YOYOK MULYADI, M.Si. | E48: 0 | F48: 0 | G48: 1 | H48: 1 | I48: 0 | J48: 0 | K48: 0 | L48: 0 | M48: 0 | N48: 0 | O48: 0 | P48: 1 | Q48: 0 | R48: 1 | S48: 1 | T48: 0 | U48: 0 | V48: 0 | W48: 2 | X48: 0 | Y48: 0 | Z48: 2 | AA48: 1 | AB48: 0 | AC48: 1 | AD48: =SUM(E48:AC48) -> 11
C49: 4. KHOIRUL ANWAR, S.Fil.I. | E49: 3 | F49: 1 | G49: 0 | H49: 1 | I49: 2 | J49: 1 | K49: 0 | L49: 0 | M49: 0 | N49: 0 | O49: 0 | P49: 3 | Q49: 1 | R49: 0 | S49: 0 | T49: 2 | U49: 0 | V49: 1 | W49: 1 | X49: 0 | Y49: 1 | Z49: 1 | AA49: 0 | AB49: 0 | AC49: 1 | AD49: =SUM(E49:AC49) -> 19
C50: 5. ARIF WIJAKSANA | E50: 1 | F50: 0 | G50: 0 | H50: 0 | I50: 1 | J50: 0 | K50: 0 | L50: 0 | M50: 1 | N50: 1 | O50: 0 | P50: 0 | Q50: 1 | R50: 0 | S50: 0 | T50: 0 | U50: 0 | V50: 0 | W50: 1 | X50: 1 | Y50: 0 | Z50: 0 | AA50: 3 | AB50: 0 | AC50: 1 | AD50: =SUM(E50:AC50) -> 11
C51: 6. Dr. SITI YUMNAH | E51: 0 | F51: 1 | G51: 0 | H51: 0 | I51: 1 | J51: 0 | K51: 0 | L51: 0 | M51: 2 | N51: 0 | O51: 0 | P51: 1 | Q51: 0 | R51: 1 | S51: 0 | T51: 0 | U51: 0 | V51: 2 | W51: 0 | X51: 0 | Y51: 0 | Z51: 0 | AA51: 1 | AB51: 0 | AC51: 1 | AD51: =SUM(E51:AC51) -> 10
C52: 7. MOHAMMAD ZAINI, M.Pd.I. | E52: 0 | F52: 0 | G52: 0 | H52: 1 | I52: 2 | J52: 0 | K52: 0 | L52: 0 | M52: 0 | N52: 2 | O52: 0 | P52: 0 | Q52: 0 | R52: 0 | S52: 0 | T52: 0 | U52: 2 | V52: 1 | W52: 3 | X52: 0 | Y52: 0 | Z52: 1 | AA52: 0 | AB52: 0 | AC52: 0 | AD52: =SUM(E52:AC52) -> 12
C53: 8. FAWAIDUL MAKKIYAH | E53: 0 | F53: 0 | G53: 0 | H53: 0 | I53: 0 | J53: 0 | K53: 0 | L53: 0 | M53: 0 | N53: 0 | O53: 0 | P53: 0 | Q53: 0 | R53: 0 | S53: 0 | T53: 0 | U53: 0 | V53: 0 | W53: 0 | X53: 0 | Y53: 0 | Z53: 0 | AA53: 0 | AB53: 0 | AC53: 0 | AD53: =SUM(E53:AC53) -> 0
C54: 9. IFFAH HIDAYATUR ROHMAH, S.Sos. | E54: 1 | F54: 0 | G54: 0 | H54: 0 | I54: 0 | J54: 0 | K54: 1 | L54: 0 | M54: 1 | N54: 1 | O54: 0 | P54: 0 | Q54: 0 | R54: 0 | S54: 1 | T54: 0 | U54: 0 | V54: 0 | W54: 0 | X54: 0 | Y54: 0 | Z54: 0 | AA54: 0 | AB54: 1 | AC54: 0 | AD54: =SUM(E54:AC54) -> 6
A55: B | B55: JUMLAH SUARA SAH PARTAI POLITIK DAN CALON (A1 + A2) | E55: =SUM(E45:E54) -> 39 | F55: =SUM(F45:F54) -> 26 | G55: =SUM(G45:G54) -> 66 | H55: =SUM(H45:H54) -> 52 | I55: =SUM(I45:I54) -> 30 | J55: =SUM(J45:J54) -> 64 | K55: =SUM(K45:K54) -> 50 | L55: =SUM(L45:L54) -> 59 | ... AD55: =SUM(AD45:AD54) -> 862
A57: A.1 | B57: 2. | C57: Partai Gerakan Indonesia Raya | E57: 21 | F57: 4 | G57: 6 | H57: 15 | I57: 6 | J57: 8 | K57: 13 | L57: 13 | M57: 11 | N57: 8 | O57: 11 | P57: 14 | Q57: 14 | R57: 8 | S57: 13 | T57: 9 | U57: 8 | V57: 12 | W57: 8 | X57: 14 | Y57: 11 | Z57: 11 | AA57: 15 | AB57: 15 | AC57: 12 | AD57: =SUM(E57:AC57) -> 280
A58: A.2 | C58: 1. AHMAD HADINUDDIN, S.Pd.I. | E58: 4 | F58: 7 | G58: 2 | H58: 7 | I58: 6 | J58: 4 | K58: 1 | L58: 4 | M58: 6 | N58: 3 | O58: 6 | P58: 1 | Q58: 6 | R58: 8 | S58: 5 | T58: 4 | U58: 4 | V58: 2 | W58: 0 | X58: 3 | Y58: 1 | Z58: 2 | AA58: 7 | AB58: 6 | AC58: 3 | AD58: =SUM(E58:AC58) -> 102
C59: 2. BIMA RAFSANJANI RAFID | E59: 15 | F59: 7 | G59: 10 | H59: 18 | I59: 11 | J59: 38 | K59: 12 | L59: 13 | M59: 11 | N59: 11 | O59: 14 | P59: 8 | Q59: 4 | R59: 9 | S59: 1 | T59: 6 | U59: 3 | V59: 6 | W59: 11 | X59: 9 | Y59: 7 | Z59: 10 | AA59: 13 | AB59: 8 | AC59: 20 | AD59: =SUM(E59:AC59) -> 275
C60: 3. IRA DAMAYANTI | E60: 1 | F60: 2 | G60: 0 | H60: 1 | I60: 5 | J60: 0 | K60: 0 | L60: 0 | M60: 3 | N60: 0 | O60: 4 | P60: 3 | Q60: 1 | R60: 3 | S60: 1 | T60: 3 | U60: 1 | V60: 3 | W60: 1 | X60: 1 | Y60: 1 | Z60: 1 | AA60: 4 | AB60: 5 | AC60: 3 | AD60: =SUM(E60:AC60) -> 47
C61: 4. MAULANA MALIK IBRAHIM, S.H. | E61: 2 | F61: 6 | G61: 2 | H61: 2 | I61: 0 | J61: 3 | K61: 1 | L61: 0 | M61: 0 | N61: 3 | O61: 4 | P61: 2 | Q61: 1 | R61: 2 | S61: 4 | T61: 3 | U61: 1 | V61: 2 | W61: 1 | X61: 0 | Y61: 3 | Z61: 0 | AA61: 1 | AB61: 2 | AC61: 5 | AD61: =SUM(E61:AC61) -> 50
C62: 5. LULUK ALFIATI | E62: 2 | F62: 2 | G62: 2 | H62: 3 | I62: 2 | J62: 1 | K62: 0 | L62: 1 | M62: 2 | N62: 2 | O62: 1 | P62: 1 | Q62: 0 | R62: 2 | S62: 0 | T62: 1 | U62: 0 | V62: 1 | W62: 0 | X62: 0 | Y62: 2 | Z62: 1 | AA62: 1 | AB62: 1 | AC62: 0 | AD62: =SUM(E62:AC62) -> 28
C63: 6. ILHAM WAHYUDI, S.H. | E63: 0 | F63: 0 | G63: 0 | H63: 3 | I63: 0 | J63: 0 | K63: 1 | L63: 0 | M63: 0 | N63: 0 | O63: 0 | P63: 1 | Q63: 0 | R63: 0 | S63: 1 | T63: 1 | U63: 0 | V63: 0 | W63: 0 | X63: 0 | Y63: 0 | Z63: 0 | AA63: 0 | AB63: 0 | AC63: 2 | AD63: =SUM(E63:AC63) -> 9
C64: 7. HAERUL ANWAR, S.Pd.I. | E64: 0 | F64: 2 | G64: 0 | H64: 1 | I64: 0 | J64: 0 | K64: 0 | L64: 0 | M64: 0 | N64: 0 | O64: 0 | P64: 0 | Q64: 0 | R64: 0 | S64: 0 | T64: 1 | U64: 0 | V64: 0 | W64: 0 | X64: 0 | Y64: 0 | Z64: 0 | AA64: 0 | AB64: 0 | AC64: 2 | AD64: =SUM(E64:AC64) -> 6
C65: 8. YOVI ADHITYA WARDANI | E65: 0 | F65: 0 | G65: 0 | H65: 0 | I65: 0 | J65: 0 | K65: 0 | L65: 0 | M65: 0 | N65: 1 | O65: 0 | P65: 0 | Q65: 0 | R65: 0 | S65: 0 | T65: 1 | U65: 0 | V65: 1 | W65: 0 | X65: 0 | Y65: 0 | Z65: 0 | AA65: 0 | AB65: 1 | AC65: 0 | AD65: =SUM(E65:AC65) -> 4
C66: 9. RITA AMELIA | E66: 0 | F66: 1 | G66: 0 | H66: 0 | I66: 0 | J66: 0 | K66: 0 | L66: 0 | M66: 1 | N66: 3 | O66: 2 | P66: 1 | Q66: 0 | R66: 0 | S66: 0 | T66: 0 | U66: 1 | V66: 1 | W66: 0 | X66: 0 | Y66: 0 | Z66: 0 | AA66: 0 | AB66: 1 | AC66: 1 | AD66: =SUM(E66:AC66) -> 12
A67: B | B67: JUMLAH SUARA SAH PARTAI POLITIK DAN CALON (A1 + A2) | E67: =SUM(E57:E66) -> 45 | F67: =SUM(F57:F66) -> 31 | G67: =SUM(G57:G66) -> 22 | H67: =SUM(H57:H66) -> 50 | I67: =SUM(I57:I66) -> 30 | J67: =SUM(J57:J66) -> 54 | K67: =SUM(K57:K66) -> 28 | L67: =SUM(L57:L66) -> 31 | ... AD67: =SUM(AD57:AD66) -> 813
A69: A.1 | B69: 3. | C69: Partai Demokrasi Indonesia Perjuangan | E69: 15 | F69: 11 | G69: 7 | H69: 9 | I69: 6 | J69: 7 | K69: 7 | L69: 4 | M69: 8 | N69: 9 | O69: 5 | P69: 5 | Q69: 30 | R69: 15 | S69: 7 | T69: 7 | U69: 10 | V69: 8 | W69: 3 | X69: 5 | Y69: 6 | Z69: 25 | AA69: 11 | AB69: 16 | AC69: 2 | AD69: =SUM(E69:AC69) -> 238
A70: A.2 | C70: 1. MARTIN H., S.H., M.H. | E70: 6 | F70: 3 | G70: 1 | H70: 2 | I70: 12 | J70: 2 | K70: 4 | L70: 1 | M70: 4 | N70: 0 | O70: 3 | P70: 3 | Q70: 6 | R70: 14 | S70: 13 | T70: 3 | U70: 7 | V70: 6 | W70: 8 | X70: 13 | Y70: 2 | Z70: 10 | AA70: 4 | AB70: 4 | AC70: 5 | AD70: =SUM(E70:AC70) -> 136
C71: 2. HERMANTO, S.E. | E71: 14 | F71: 15 | G71: 19 | H71: 13 | I71: 17 | J71: 27 | K71: 53 | L71: 19 | M71: 32 | N71: 12 | O71: 13 | P71: 9 | Q71: 10 | R71: 6 | S71: 6 | T71: 9 | U71: 3 | V71: 9 | W71: 12 | X71: 8 | Y71: 14 | Z71: 11 | AA71: 23 | AB71: 12 | AC71: 11 | AD71: =SUM(E71:AC71) -> 377
C72: 3. EVY SUSILAWATI, S.E., M.M. | E72: 3 | F72: 9 | G72: 1 | H72: 3 | I72: 3 | J72: 1 | K72: 1 | L72: 2 | M72: 0 | N72: 2 | O72: 2 | P72: 2 | Q72: 2 | R72: 1 | S72: 0 | T72: 4 | U72: 3 | V72: 5 | W72: 3 | X72: 4 | Y72: 3 | Z72: 9 | AA72: 2 | AB72: 14 | AC72: 2 | AD72: =SUM(E72:AC72) -> 81
C73: 4. M. SIROTTUDIN | E73: 3 | F73: 4 | G73: 1 | H73: 2 | I73: 14 | J73: 1 | K73: 0 | L73: 2 | M73: 1 | N73: 0 | O73: 3 | P73: 0 | Q73: 1 | R73: 1 | S73: 1 | T73: 0 | U73: 1 | V73: 0 | W73: 2 | X73: 2 | Y73: 2 | Z73: 3 | AA73: 0 | AB73: 0 | AC73: 0 | AD73: =SUM(E73:AC73) -> 44
C74: 5. ABDUL HAFID, S.H. | E74: 1 | F74: 1 | G74: 0 | H74: 1 | I74: 0 | J74: 0 | K74: 0 | L74: 0 | M74: 0 | N74: 0 | O74: 0 | P74: 1 | Q74: 3 | R74: 3 | S74: 1 | T74: 3 | U74: 2 | V74: 2 | W74: 0 | X74: 2 | Y74: 0 | Z74: 3 | AA74: 0 | AB74: 3 | AC74: 0 | AD74: =SUM(E74:AC74) -> 26
C75: 6. NIKITA FORTUNA SURYANINGATI, A.Md.Keb. | E75: 1 | F75: 0 | G75: 1 | H75: 1 | I75: 2 | J75: 0 | K75: 1 | L75: 0 | M75: 1 | N75: 2 | O75: 1 | P75: 0 | Q75: 5 | R75: 2 | S75: 0 | T75: 2 | U75: 2 | V75: 0 | W75: 1 | X75: 1 | Y75: 1 | Z75: 0 | AA75: 1 | AB75: 2 | AC75: 0 | AD75: =SUM(E75:AC75) -> 27
C76: 7. YUDHO ILHAM WIJAYA, S.E. | E76: 1 | F76: 0 | G76: 0 | H76: 0 | I76: 1 | J76: 0 | K76: 0 | L76: 0 | M76: 0 | N76: 0 | O76: 0 | P76: 0 | Q76: 0 | R76: 1 | S76: 0 | T76: 1 | U76: 0 | V76: 0 | W76: 0 | X76: 0 | Y76: 0 | Z76: 0 | AA76: 0 | AB76: 1 | AC76: 0 | AD76: =SUM(E76:AC76) -> 5
C77: 8. SETIAWATI, S.H. | E77: 0 | F77: 1 | G77: 0 | H77: 0 | I77: 0 | J77: 0 | K77: 0 | L77: 0 | M77: 0 | N77: 0 | O77: 0 | P77: 0 | Q77: 0 | R77: 1 | S77: 0 | T77: 0 | U77: 1 | V77: 1 | W77: 0 | X77: 1 | Y77: 0 | Z77: 0 | AA77: 0 | AB77: 0 | AC77: 0 | AD77: =SUM(E77:AC77) -> 5
C78: 9. EKO BUDI SANTOSO, S.H. | E78: 1 | F78: 1 | G78: 0 | H78: 1 | I78: 1 | J78: 0 | K78: 0 | L78: 0 | M78: 0 | N78: 0 | O78: 0 | P78: 2 | Q78: 0 | R78: 1 | S78: 2 | T78: 0 | U78: 0 | V78: 0 | W78: 1 | X78: 1 | Y78: 1 | Z78: 3 | AA78: 0 | AB78: 0 | AC78: 2 | AD78: =SUM(E78:AC78) -> 17
A79: B | B79: JUMLAH SUARA SAH PARTAI POLITIK DAN CALON (A1 + A2) | E79: =SUM(E69:E78) -> 45 | F79: =SUM(F69:F78) -> 45 | G79: =SUM(G69:G78) -> 30 | H79: =SUM(H69:H78) -> 32 | I79: =SUM(I69:I78) -> 56 | J79: =SUM(J69:J78) -> 38 | K79: =SUM(K69:K78) -> 66 | L79: =SUM(L69:L78) -> 28 | ... AD79: =SUM(AD69:AD78) -> 956
A81: A.1 | B81: 4. | C81: Partai Golongan Karya | E81: 3 | F81: 3 | G81: 1 | H81: 3 | I81: 7 | J81: 0 | K81: 0 | L81: 3 | M81: 3 | N81: 1 | O81: 1 | P81: 6 | Q81: 4 | R81: 1 | S81: 6 | T81: 6 | U81: 8 | V81: 1 | W81: 5 | X81: 6 | Y81: 9 | Z81: 1 | AA81: 0 | AB81: 6 | AC81: 4 | AD81: =SUM(E81:AC81) -> 88
A82: A.2 | C82: 1. PRANAYA YUDHA MAHARDHIKA | E82: 1 | F82: 1 | G82: 3 | H82: 1 | I82: 2 | J82: 0 | K82: 0 | L82: 1 | M82: 1 | N82: 0 | O82: 2 | P82: 2 | Q82: 0 | R82: 0 | S82: 3 | T82: 4 | U82: 6 | V82: 4 | W82: 0 | X82: 1 | Y82: 0 | Z82: 2 | AA82: 4 | AB82: 1 | AC82: 2 | AD82: =SUM(E82:AC82) -> 41
C83: 2. Dra. Ec. ENDANG SULASTUTY, M.I.P. | E83: 2 | F83: 1 | G83: 0 | H83: 1 | I83: 0 | J83: 0 | K83: 1 | L83: 2 | M83: 1 | N83: 1 | O83: 2 | P83: 1 | Q83: 0 | R83: 0 | S83: 0 | T83: 0 | U83: 0 | V83: 2 | W83: 1 | X83: 1 | Y83: 1 | Z83: 1 | AA83: 0 | AB83: 1 | AC83: 0 | AD83: =SUM(E83:AC83) -> 19
C84: 3. AGUS REJEKI WARTONO | E84: 0 | F84: 0 | G84: 0 | H84: 1 | I84: 0 | J84: 0 | K84: 0 | L84: 0 | M84: 1 | N84: 0 | O84: 2 | P84: 1 | Q84: 0 | R84: 1 | S84: 1 | T84: 1 | U84: 1 | V84: 0 | W84: 0 | X84: 0 | Y84: 0 | Z84: 0 | AA84: 0 | AB84: 1 | AC84: 0 | AD84: =SUM(E84:AC84) -> 10
C85: 4. Hj. TUTUK ASMA'A ZUCHROH, S.T., M.T. | E85: 1 | F85: 1 | G85: 0 | H85: 1 | I85: 4 | J85: 0 | K85: 2 | L85: 3 | M85: 0 | N85: 1 | O85: 0 | P85: 1 | Q85: 2 | R85: 0 | S85: 0 | T85: 1 | U85: 1 | V85: 1 | W85: 3 | X85: 3 | Y85: 3 | Z85: 1 | AA85: 0 | AB85: 2 | AC85: 0 | AD85: =SUM(E85:AC85) -> 31
C86: 5. ADE M. RIZKI, S.E. | E86: 0 | F86: 1 | G86: 1 | H86: 0 | I86: 0 | J86: 0 | K86: 2 | L86: 0 | M86: 1 | N86: 1 | O86: 1 | P86: 0 | Q86: 2 | R86: 2 | S86: 1 | T86: 0 | U86: 0 | V86: 0 | W86: 0 | X86: 1 | Y86: 4 | Z86: 2 | AA86: 0 | AB86: 0 | AC86: 5 | AD86: =SUM(E86:AC86) -> 24
C87: 6. ABDURAKHMAN, Bc.Kn. | E87: 1 | F87: 0 | G87: 0 | H87: 0 | I87: 0 | J87: 0 | K87: 0 | L87: 0 | M87: 0 | N87: 0 | O87: 0 | P87: 0 | Q87: 1 | R87: 1 | S87: 0 | T87: 1 | U87: 1 | V87: 0 | W87: 0 | X87: 0 | Y87: 0 | Z87: 0 | AA87: 0 | AB87: 0 | AC87: 1 | AD87: =SUM(E87:AC87) -> 6
C88: 7. CENDY RHIYAN ADI PUTRI | E88: 0 | F88: 0 | G88: 0 | H88: 0 | I88: 0 | J88: 0 | K88: 0 | L88: 0 | M88: 0 | N88: 0 | O88: 0 | P88: 0 | Q88: 1 | R88: 0 | S88: 0 | T88: 0 | U88: 0 | V88: 0 | W88: 0 | X88: 0 | Y88: 0 | Z88: 0 | AA88: 2 | AB88: 0 | AC88: 0 | AD88: =SUM(E88:AC88) -> 3
C89: 8. BAKTI WIJAYANTO, S.E. | E89: 0 | F89: 0 | G89: 0 | H89: 0 | I89: 0 | J89: 0 | K89: 0 | L89: 0 | M89: 0 | N89: 0 | O89: 0 | P89: 0 | Q89: 0 | R89: 0 | S89: 0 | T89: 0 | U89: 0 | V89: 0 | W89: 0 | X89: 1 | Y89: 0 | Z89: 0 | AA89: 1 | AB89: 0 | AC89: 0 | AD89: =SUM(E89:AC89) -> 2
C90: 9. AHMAD UBAIDILLAH | E90: 1 | F90: 0 | G90: 1 | H90: 1 | I90: 0 | J90: 0 | K90: 0 | L90: 0 | M90: 0 | N90: 0 | O90: 0 | P90: 0 | Q90: 0 | R90: 0 | S90: 0 | T90: 0 | U90: 0 | V90: 0 | W90: 0 | X90: 2 | Y90: 0 | Z90: 0 | AA90: 2 | AB90: 0 | AC90: 0 | AD90: =SUM(E90:AC90) -> 7
A91: B | B91: JUMLAH SUARA SAH PARTAI POLITIK DAN CALON (A1 + A2) | E91: =SUM(E81:E90) -> 9 | F91: =SUM(F81:F90) -> 7 | G91: =SUM(G81:G90) -> 6 | H91: =SUM(H81:H90) -> 8 | I91: =SUM(I81:I90) -> 13 | J91: =SUM(J81:J90) -> 0 | K91: =SUM(K81:K90) -> 5 | L91: =SUM(L81:L90) -> 9 | ... AD91: =SUM(AD81:AD90) -> 231
A93: A.1 | B93: 5. | C93: Partai NasDem | E93: 5 | F93: 2 | G93: 1 | H93: 2 | I93: 5 | J93: 3 | K93: 3 | L93: 3 | M93: 0 | N93: 0 | O93: 2 | P93: 1 | Q93: 2 | R93: 0 | S93: 1 | T93: 1 | U93: 0 | V93: 3 | W93: 3 | X93: 3 | Y93: 6 | Z93: 7 | AA93: 1 | AB93: 3 | AC93: 2 | AD93: =SUM(E93:AC93) -> 59
A94: A.2 | C94: 1. ALI MUSTOFA, A.Md. | E94: 1 | F94: 0 | G94: 8 | H94: 4 | I94: 3 | J94: 6 | K94: 1 | L94: 0 | M94: 0 | N94: 1 | O94: 1 | P94: 1 | Q94: 1 | R94: 3 | S94: 0 | T94: 3 | U94: 3 | V94: 3 | W94: 3 | X94: 0 | Y94: 1 | Z94: 11 | AA94: 1 | AB94: 1 | AC94: 1 | AD94: =SUM(E94:AC94) -> 57
C95: 2. Hj. BUAMI, S.H. | E95: 0 | F95: 1 | G95: 0 | H95: 0 | I95: 0 | J95: 0 | K95: 1 | L95: 0 | M95: 0 | N95: 0 | O95: 1 | P95: 0 | Q95: 0 | R95: 0 | S95: 0 | T95: 0 | U95: 0 | V95: 0 | W95: 0 | X95: 0 | Y95: 1 | Z95: 0 | AA95: 0 | AB95: 0 | AC95: 0 | AD95: =SUM(E95:AC95) -> 4
C96: 3. SUGIONO, S.H. | E96: 0 | F96: 0 | G96: 0 | H96: 0 | I96: 0 | J96: 1 | K96: 0 | L96: 0 | M96: 0 | N96: 0 | O96: 0 | P96: 0 | Q96: 0 | R96: 0 | S96: 0 | T96: 1 | U96: 0 | V96: 1 | W96: 1 | X96: 0 | Y96: 0 | Z96: 1 | AA96: 1 | AB96: 0 | AC96: 1 | AD96: =SUM(E96:AC96) -> 7
C97: 4. LULUK SUNARMIATININGSIH | E97: 1 | F97: 0 | G97: 0 | H97: 0 | I97: 0 | J97: 0 | K97: 0 | L97: 0 | M97: 0 | N97: 0 | O97: 0 | P97: 0 | Q97: 0 | R97: 0 | S97: 0 | T97: 1 | U97: 0 | V97: 1 | W97: 0 | X97: 1 | Y97: 0 | Z97: 1 | AA97: 2 | AB97: 0 | AC97: 1 | AD97: =SUM(E97:AC97) -> 8
C98: 5. ANTON DJULIANTO ADI | E98: 0 | F98: 0 | G98: 1 | H98: 0 | I98: 1 | J98: 0 | K98: 0 | L98: 0 | M98: 0 | N98: 0 | O98: 0 | P98: 0 | Q98: 1 | R98: 3 | S98: 0 | T98: 1 | U98: 0 | V98: 0 | W98: 0 | X98: 1 | Y98: 2 | Z98: 5 | AA98: 0 | AB98: 0 | AC98: 0 | AD98: =SUM(E98:AC98) -> 15
C99: 6. MOKHAMAD ROFI'I KHUSNAN | E99: 1 | F99: 0 | G99: 0 | H99: 0 | I99: 0 | J99: 0 | K99: 0 | L99: 0 | M99: 0 | N99: 0 | O99: 0 | P99: 0 | Q99: 0 | R99: 0 | S99: 0 | T99: 0 | U99: 0 | V99: 0 | W99: 0 | X99: 0 | Y99: 0 | Z99: 2 | AA99: 0 | AB99: 0 | AC99: 0 | AD99: =SUM(E99:AC99) -> 3
C100: 7. Rr SETYO WATI | E100: 0 | F100: 0 | G100: 0 | H100: 0 | I100: 0 | J100: 0 | K100: 0 | L100: 0 | M100: 0 | N100: 0 | O100: 0 | P100: 0 | Q100: 0 | R100: 0 | S100: 1 | T100: 0 | U100: 0 | V100: 0 | W100: 0 | X100: 0 | Y100: 0 | Z100: 0 | AA100: 0 | AB100: 0 | AC100: 0 | AD100: =SUM(E100:AC100) -> 1
C101: 8. ABD. KADIR ASSEGAFF | E101: 0 | F101: 0 | G101: 0 | H101: 0 | I101: 1 | J101: 0 | K101: 0 | L101: 0 | M101: 0 | N101: 1 | O101: 0 | P101: 0 | Q101: 0 | R101: 0 | S101: 0 | T101: 0 | U101: 0 | V101: 0 | W101: 0 | X101: 0 | Y101: 0 | Z101: 1 | AA101: 0 | AB101: 0 | AC101: 0 | AD101: =SUM(E101:AC101) -> 3
C102: 9. FATHOR ZAINULLAH | E102: 0 | F102: 0 | G102: 0 | H102: 0 | I102: 0 | J102: 1 | K102: 0 | L102: 0 | M102: 0 | N102: 0 | O102: 0 | P102: 0 | Q102: 0 | R102: 0 | S102: 0 | T102: 0 | U102: 0 | V102: 0 | W102: 0 | X102: 0 | Y102: 0 | Z102: 0 | AA102: 0 | AB102: 0 | AC102: 0 | AD102: =SUM(E102:AC102) -> 1
A103: B | B103: JUMLAH SUARA SAH PARTAI POLITIK DAN CALON (A1 + A2) | E103: =SUM(E93:E102) -> 8 | F103: =SUM(F93:F102) -> 3 | G103: =SUM(G93:G102) -> 10 | H103: =SUM(H93:H102) -> 6 | I103: =SUM(I93:I102) -> 10 | J103: =SUM(J93:J102) -> 11 | K103: =SUM(K93:K102) -> 5 | L103: =SUM(L93:L102) -> 3 | ... AD103: =SUM(AD93:AD102) -> 158
A105: A.1 | B105: 6. | C105: Partai Buruh | E105: 1 | F105: 0 | G105: 0 | H105: 0 | I105: 1 | J105: 1 | K105: 0 | L105: 0 | M105: 1 | N105: 0 | O105: 0 | P105: 1 | Q105: 0 | R105: 2 | S105: 0 | T105: 1 | U105: 0 | V105: 0 | W105: 1 | X105: 0 | Y105: 0 | Z105: 0 | AA105: 1 | AB105: 1 | AC105: 2 | AD105: =SUM(E105:AC105) -> 13
A106: A.2 | C106: 1. AGUS SUPRIYADI | E106: 0 | F106: 0 | G106: 0 | H106: 0 | I106: 1 | J106: 0 | K106: 0 | L106: 0 | M106: 0 | N106: 0 | O106: 0 | P106: 0 | Q106: 0 | R106: 1 | S106: 2 | T106: 0 | U106: 1 | V106: 0 | W106: 1 | X106: 0 | Y106: 1 | Z106: 0 | AA106: 0 | AB106: 0 | AC106: 0 | AD106: =SUM(E106:AC106) -> 7
C107: 2. ENI HARIATI | E107: 0 | F107: 0 | G107: 1 | H107: 0 | I107: 0 | J107: 0 | K107: 0 | L107: 0 | M107: 0 | N107: 0 | O107: 2 | P107: 1 | Q107: 0 | R107: 1 | S107: 0 | T107: 0 | U107: 0 | V107: 1 | W107: 0 | X107: 0 | Y107: 0 | Z107: 0 | AA107: 0 | AB107: 0 | AC107: 1 | AD107: =SUM(E107:AC107) -> 7
AD108: =SUM(E108:AC108) -> 0
AD109: =SUM(E109:AC109) -> 0
AD110: =SUM(E110:AC110) -> 0
AD111: =SUM(E111:AC111) -> 0
AD112: =SUM(E112:AC112) -> 0
AD113: =SUM(E113:AC113) -> 0
AD114: =SUM(E114:AC114) -> 0
A115: B | B115: JUMLAH SUARA SAH PARTAI POLITIK DAN CALON (A1 + A2) | E115: =SUM(E105:E114) -> 1 | F115: =SUM(F105:F114) -> 0 | G115: =SUM(G105:G114) -> 1 | H115: =SUM(H105:H114) -> 0 | I115: =SUM(I105:I114) -> 2 | J115: =SUM(J105:J114) -> 1 | K115: =SUM(K105:K114) -> 0 | L115: =SUM(L105:L114) -> 0 | ... AD115: =SUM(AD105:AD114) -> 27
A117: A.1 | B117: 7. | C117: Partai Gelombang Rakyat Indonesia | E117: 1 | F117: 1 | G117: 1 | H117: 1 | I117: 0 | J117: 5 | K117: 0 | L117: 1 | M117: 0 | N117: 1 | O117: 1 | P117: 1 | Q117: 2 | R117: 0 | S117: 0 | T117: 2 | U117: 1 | V117: 0 | W117: 1 | X117: 1 | Y117: 0 | Z117: 0 | AA117: 0 | AB117: 1 | AC117: 2 | AD117: =SUM(E117:AC117) -> 23
...

Sheet KERTOSARI
C2: Kecamatan | D2: BANYUWANGI
C3: Kabupaten | D3: BANYUWANGI
C4: Provinsi | D4: JAWA TIMUR
C9: Kelurahan | D9: KERTOSARI
A12: I | B12: DATA PEMILIH DAN PENGGUNAAN HAK PILIH | AB12: JUMLAH AKHIR
A13: A | B13: DATA PEMILIH | E13: TPS 001 | F13: TPS 002 | G13: TPS 003 | H13: TPS 004 | I13: TPS 005 | J13: TPS 006 | K13: TPS 007 | L13: TPS 008 | M13: TPS 009 | N13: TPS 010 | O13: TPS 011 | P13: TPS 012 | Q13: TPS 013 | R13: TPS 014 | S13: TPS 015 | T13: TPS 016 | U13: TPS 017 | V13: TPS 018 | W13: TPS 019 | X13: TPS 020 | Y13: TPS 021 | Z13: TPS 022 | AA13: TPS 023
B14: Jumlah Pemilih dalam Daftar Pemilih Tetap (DPT) | D14: LK | E14: 135 | F14: 141 | G14: 138 | H14: 132 | I14: 126 | J14: 129 | K14: 113 | L14: 147 | M14: 142 | N14: 130 | O14: 120 | P14: 129 | Q14: 140 | R14: 142 | S14: 142 | T14: 142 | U14: 144 | V14: 125 | W14: 141 | X14: 135 | Y14: 138 | Z14: 130 | AA14: 101 | AB14: =SUM(E14:AA14) -> 3062
D15: PR | E15: 146 | F15: 143 | G15: 145 | H15: 150 | I15: 142 | J15: 132 | K15: 117 | L15: 131 | M15: 136 | N15: 137 | O15: 134 | P15: 138 | Q15: 140 | R15: 148 | S15: 146 | T15: 144 | U15: 134 | V15: 115 | W15: 142 | X15: 124 | Y15: 136 | Z15: 140 | AA15: 106 | AB15: =SUM(E15:AA15) -> 3126
D16: JML | E16: =SUM(E14:E15) -> 281 | F16: =SUM(F14:F15) -> 284 | G16: =SUM(G14:G15) -> 283 | H16: =SUM(H14:H15) -> 282 | I16: =SUM(I14:I15) -> 268 | J16: =SUM(J14:J15) -> 261 | K16: =SUM(K14:K15) -> 230 | L16: =SUM(L14:L15) -> 278 | ... AA16: =SUM(AA14:AA15) -> 207 | AB16: =SUM(E16:AA16) -> 6188
A18: B | B18: PENGGUNA HAK PILIH
B19: 1. | C19: Jumlah pengguna hak pilih dalam Daftar Pemilih Tetap (DPT) | D19: LK | E19: 95 | F19: 118 | G19: 103 | H19: 100 | I19: 97 | J19: 96 | K19: 90 | L19: 86 | M19: 85 | N19: 98 | O19: 80 | P19: 79 | Q19: 96 | R19: 105 | S19: 97 | T19: 97 | U19: 99 | V19: 105 | W19: 97 | X19: 91 | Y19: 95 | Z19: 94 | AA19: 67 | AB19: =SUM(E19:AA19) -> 2170
D20: PR | E20: 117 | F20: 122 | G20: 106 | H20: 122 | I20: 114 | J20: 113 | K20: 93 | L20: 124 | M20: 96 | N20: 102 | O20: 98 | P20: 108 | Q20: 114 | R20: 122 | S20: 116 | T20: 108 | U20: 98 | V20: 96 | W20: 117 | X20: 96 | Y20: 106 | Z20: 103 | AA20: 80 | AB20: =SUM(E20:AA20) -> 2471
D21: JML | E21: =SUM(E19:E20) -> 212 | F21: =SUM(F19:F20) -> 240 | G21: =SUM(G19:G20) -> 209 | H21: =SUM(H19:H20) -> 222 | I21: =SUM(I19:I20) -> 211 | J21: =SUM(J19:J20) -> 209 | K21: =SUM(K19:K20) -> 183 | L21: =SUM(L19:L20) -> 210 | ... AA21: =SUM(AA19:AA20) -> 147 | AB21: =SUM(E21:AA21) -> 4641
B22: 2. | C22: Jumlah pengguna hak pilih dalam Daftar Pemilih Tambahan (DPTb) | D22: LK | E22: 0 | F22: 0 | G22: 0 | H22: 0 | I22: 0 | J22: 0 | K22: 0 | L22: 0 | M22: 2 | N22: 0 | O22: 0 | P22: 1 | Q22: 0 | R22: 0 | S22: 0 | T22: 0 | U22: 0 | V22: 0 | W22: 0 | X22: 0 | Y22: 0 | Z22: 0 | AA22: 0 | AB22: =SUM(E22:AA22) -> 3
D23: PR | E23: 0 | F23: 0 | G23: 0 | H23: 0 | I23: 2 | J23: 0 | K23: 0 | L23: 0 | M23: 6 | N23: 0 | O23: 0 | P23: 1 | Q23: 0 | R23: 0 | S23: 0 | T23: 0 | U23: 0 | V23: 0 | W23: 0 | X23: 0 | Y23: 0 | Z23: 0 | AA23: 0 | AB23: =SUM(E23:AA23) -> 9
D24: JML | E24: =SUM(E22:E23) -> 0 | F24: =SUM(F22:F23) -> 0 | G24: =SUM(G22:G23) -> 0 | H24: =SUM(H22:H23) -> 0 | I24: =SUM(I22:I23) -> 2 | J24: =SUM(J22:J23) -> 0 | K24: =SUM(K22:K23) -> 0 | L24: =SUM(L22:L23) -> 0 | ... AA24: =SUM(AA22:AA23) -> 0 | AB24: =SUM(E24:AA24) -> 12
B25: 3. | C25: Jumlah pengguna hak pilih dalam Daftar Pemilih Khusus (DPK) | D25: LK | E25: 1 | F25: 0 | G25: 0 | H25: 1 | I25: 1 | J25: 1 | K25: 0 | L25: 2 | M25: 0 | N25: 2 | O25: 6 | P25: 0 | Q25: 0 | R25: 7 | S25: 1 | T25: 1 | U25: 3 | V25: 3 | W25: 0 | X25: 3 | Y25: 0 | Z25: 4 | AA25: 0 | AB25: =SUM(E25:AA25) -> 36
D26: PR | E26: 0 | F26: 1 | G26: 1 | H26: 1 | I26: 0 | J26: 2 | K26: 0 | L26: 2 | M26: 0 | N26: 2 | O26: 3 | P26: 0 | Q26: 0 | R26: 6 | S26: 3 | T26: 1 | U26: 4 | V26: 6 | W26: 0 | X26: 2 | Y26: 0 | Z26: 5 | AA26: 1 | AB26: =SUM(E26:AA26) -> 40
D27: JML | E27: =SUM(E25:E26) -> 1 | F27: =SUM(F25:F26) -> 1 | G27: =SUM(G25:G26) -> 1 | H27: =SUM(H25:H26) -> 2 | I27: =SUM(I25:I26) -> 1 | J27: =SUM(J25:J26) -> 3 | K27: =SUM(K25:K26) -> 0 | L27: =SUM(L25:L26) -> 4 | ... AA27: =SUM(AA25:AA26) -> 1 | AB27: =SUM(E27:AA27) -> 76
B28: 4. | C28: Jumlah Pengguna Hak Pilih (B.1+B.2+B.3) | D28: LK | E28: =SUM(E19,E22,E25) -> 96 | F28: =SUM(F19,F22,F25) -> 118 | G28: =SUM(G19,G22,G25) -> 103 | H28: =SUM(H19,H22,H25) -> 101 | I28: =SUM(I19,I22,I25) -> 98 | J28: =SUM(J19,J22,J25) -> 97 | K28: =SUM(K19,K22,K25) -> 90 | L28: =SUM(L19,L22,L25) -> 88 | ... AA28: =SUM(AA19,AA22,AA25) -> 67 | AB28: =SUM(E28:AA28) -> 2209
D29: PR | E29: =SUM(E20,E23,E26) -> 117 | F29: =SUM(F20,F23,F26) -> 123 | G29: =SUM(G20,G23,G26) -> 107 | H29: =SUM(H20,H23,H26) -> 123 | I29: =SUM(I20,I23,I26) -> 116 | J29: =SUM(J20,J23,J26) -> 115 | K29: =SUM(K20,K23,K26) -> 93 | L29: =SUM(L20,L23,L26) -> 126 | ... AA29: =SUM(AA20,AA23,AA26) -> 81 | AB29: =SUM(E29:AA29) -> 2520
D30: JML | E30: =SUM(E28:E29) -> 213 | F30: =SUM(F28:F29) -> 241 | G30: =SUM(G28:G29) -> 210 | H30: =SUM(H28:H29) -> 224 | I30: =SUM(I28:I29) -> 214 | J30: =SUM(J28:J29) -> 212 | K30: =SUM(K28:K29) -> 183 | L30: =SUM(L28:L29) -> 214 | ... AA30: =SUM(AA28:AA29) -> 148 | AB30: =SUM(E30:AA30) -> 4729
A32: II | B32: DATA PENGGUNAAN SURAT SUARA
A33: 1 | B33: Jumlah surat suara yang diterima, termasuk surat suara cadangan 2,5% dari DPT | E33: 287 | F33: 290 | G33: 289 | H33: 299 | I33: 274 | J33: 267 | K33: 235 | L33: 284 | M33: 284 | N33: 273 | O33: 260 | P33: 273 | Q33: 286 | R33: 296 | S33: 294 | T33: 293 | U33: 284 | V33: 245 | W33: 289 | X33: 265 | Y33: 280 | Z33: 276 | AA33: 212 | AB33: =SUM(E33:AA33) -> 6335
A34: 2 | B34: Jumlah surat suara yang digunakan | E34: 213 | F34: 241 | G34: 210 | H34: 224 | I34: 214 | J34: 212 | K34: 183 | L34: 214 | M34: 189 | N34: 204 | O34: 187 | P34: 189 | Q34: 210 | R34: 240 | S34: 217 | T34: 207 | U34: 204 | V34: 210 | W34: 214 | X34: 192 | Y34: 201 | Z34: 206 | AA34: 148 | AB34: =SUM(E34:AA34) -> 4729
A35: 3 | B35: Jumlah surat suara dikembalikan oleh pemilih (karena rusak atau keliru coblos) | E35: 1 | F35: 2 | G35: 0 | H35: 0 | I35: 0 | J35: 0 | K35: 0 | L35: 0 | M35: 1 | N35: 0 | O35: 0 | P35: 0 | Q35: 0 | R35: 0 | S35: 0 | T35: 0 | U35: 0 | V35: 0 | W35: 0 | X35: 0 | Y35: 1 | Z35: 0 | AA35: 0 | AB35: =SUM(E35:AA35) -> 5
A36: 4 | B36: Jumlah surat suara yang tidak digunakan/tidak terpakai, termasuk sisa surat suara cadangan | E36: =E33-(E34+E35) -> 73 | F36: =F33-(F34+F35) -> 47 | G36: =G33-(G34+G35) -> 79 | H36: =H33-(H34+H35) -> 75 | I36: =I33-(I34+I35) -> 60 | J36: =J33-(J34+J35) -> 55 | K36: =K33-(K34+K35) -> 52 | L36: =L33-(L34+L35) -> 70 | ... AA36: =AA33-(AA34+AA35) -> 64 | AB36: =SUM(E36:AA36) -> 1601
A38: III | B38: DATA PEMILIH DISABILITAS
B39: Jumlah seluruh Pemilih disabilitas yang menggunakan hak pilih | D39: LK | E39: 0 | F39: 0 | G39: 0 | H39: 0 | I39: 0 | J39: 0 | K39: 0 | L39: 0 | M39: 0 | N39: 0 | O39: 0 | P39: 0 | Q39: 1 | R39: 0 | S39: 0 | T39: 0 | U39: 0 | V39: 2 | W39: 0 | X39: 0 | Y39: 0 | Z39: 0 | AA39: 0 | AB39: =SUM(E39:AA39) -> 3
D40: PR | E40: 0 | F40: 0 | G40: 0 | H40: 0 | I40: 0 | J40: 0 | K40: 0 | L40: 0 | M40: 0 | N40: 0 | O40: 0 | P40: 0 | Q40: 0 | R40: 0 | S40: 0 | T40: 0 | U40: 0 | V40: 1 | W40: 0 | X40: 0 | Y40: 0 | Z40: 0 | AA40: 0 | AB40: =SUM(E40:AA40) -> 1
D41: JML | E41: =SUM(E39:E40) -> 0 | F41: =SUM(F39:F40) -> 0 | G41: =SUM(G39:G40) -> 0 | H41: =SUM(H39:H40) -> 0 | I41: =SUM(I39:I40) -> 0 | J41: =SUM(J39:J40) -> 0 | K41: =SUM(K39:K40) -> 0 | L41: =SUM(L39:L40) -> 0 | ... AA41: =SUM(AA39:AA40) -> 0 | AB41: =SUM(E41:AA41) -> 4
A43: IV | B43: DATA RINCIAN PEROLEHAN SUARA PASANGAN CALON BUPATI DAN WAKIL BUPATI
A44: NOMOR DAN NAMA CALON
A45: A.1 | B45: 1. | C45: Partai Kebangkitan Bangsa | E45: 2 | F45: 4 | G45: 8 | H45: 7 | I45: 6 | J45: 4 | K45: 5 | L45: 7 | M45: 4 | N45: 5 | O45: 3 | P45: 9 | Q45: 6 | R45: 2 | S45: 10 | T45: 11 | U45: 10 | V45: 7 | W45: 2 | X45: 3 | Y45: 13 | Z45: 17 | AA45: 1 | AB45: =SUM(E45:AA45) -> 146
A46: A.2 | C46: 1. Dra. Hj. MA`MULAH HARUN, M.Pd.I. | E46: 12 | F46: 6 | G46: 11 | H46: 21 | I46: 27 | J46: 25 | K46: 28 | L46: 22 | M46: 14 | N46: 17 | O46: 11 | P46: 10 | Q46: 17 | R46: 14 | S46: 10 | T46: 13 | U46: 26 | V46: 15 | W46: 11 | X46: 14 | Y46: 18 | Z46: 5 | AA46: 1 | AB46: =SUM(E46:AA46) -> 348
C47: 2. UBAIDILLAH, S.Fil.I. | E47: 2 | F47: 0 | G47: 0 | H47: 2 | I47: 1 | J47: 3 | K47: 1 | L47: 2 | M47: 1 | N47: 2 | O47: 2 | P47: 3 | Q47: 1 | R47: 0 | S47: 0 | T47: 1 | U47: 1 | V47: 3 | W47: 0 | X47: 0 | Y47: 0 | Z47: 2 | AA47: 0 | AB47: =SUM(E47:AA47) -> 27
C48: 3. Ir. H. YOYOK MULYADI, M.Si. | E48: 0 | F48: 1 | G48: 2 | H48: 0 | I48: 0 | J48: 0 | K48: 1 | L48: 0 | M48: 0 | N48: 0 | O48: 1 | P48: 1 | Q48: 1 | R48: 0 | S48: 0 | T48: 0 | U48: 0 | V48: 0 | W48: 2 | X48: 1 | Y48: 0 | Z48: 1 | AA48: 0 | AB48: =SUM(E48:AA48) -> 11
C49: 4. KHOIRUL ANWAR, S.Fil.I. | E49: 0 | F49: 1 | G49: 0 | H49: 1 | I49: 0 | J49: 1 | K49: 0 | L49: 2 | M49: 2 | N49: 1 | O49: 1 | P49: 1 | Q49: 1 | R49: 1 | S49: 1 | T49: 4 | U49: 0 | V49: 2 | W49: 0 | X49: 2 | Y49: 0 | Z49: 0 | AA49: 1 | AB49: =SUM(E49:AA49) -> 22
C50: 5. ARIF WIJAKSANA | E50: 0 | F50: 0 | G50: 0 | H50: 2 | I50: 0 | J50: 1 | K50: 1 | L50: 0 | M50: 0 | N50: 0 | O50: 0 | P50: 1 | Q50: 1 | R50: 1 | S50: 0 | T50: 1 | U50: 0 | V50: 0 | W50: 2 | X50: 0 | Y50: 0 | Z50: 1 | AA50: 1 | AB50: =SUM(E50:AA50) -> 12
C51: 6. Dr. SITI YUMNAH | E51: 0 | F51: 0 | G51: 0 | H51: 1 | I51: 1 | J51: 0 | K51: 0 | L51: 0 | M51: 1 | N51: 0 | O51: 2 | P51: 1 | Q51: 1 | R51: 0 | S51: 0 | T51: 1 | U51: 0 | V51: 1 | W51: 0 | X51: 1 | Y51: 0 | Z51: 0 | AA51: 0 | AB51: =SUM(E51:AA51) -> 10
C52: 7. MOHAMMAD ZAINI, M.Pd.I. | E52: 1 | F52: 0 | G52: 0 | H52: 0 | I52: 1 | J52: 1 | K52: 0 | L52: 0 | M52: 0 | N52: 0 | O52: 0 | P52: 0 | Q52: 0 | R52: 0 | S52: 0 | T52: 0 | U52: 1 | V52: 0 | W52: 0 | X52: 0 | Y52: 0 | Z52: 1 | AA52: 0 | AB52: =SUM(E52:AA52) -> 5
C53: 8. FAWAIDUL MAKKIYAH | E53: 0 | F53: 0 | G53: 0 | H53: 0 | I53: 0 | J53: 0 | K53: 0 | L53: 0 | M53: 0 | N53: 0 | O53: 1 | P53: 0 | Q53: 0 | R53: 1 | S53: 0 | T53: 0 | U53: 0 | V53: 0 | W53: 0 | X53: 0 | Y53: 0 | Z53: 0 | AA53: 0 | AB53: =SUM(E53:AA53) -> 2
C54: 9. IFFAH HIDAYATUR ROHMAH, S.Sos. | E54: 0 | F54: 0 | G54: 0 | H54: 0 | I54: 1 | J54: 1 | K54: 0 | L54: 0 | M54: 0 | N54: 0 | O54: 0 | P54: 0 | Q54: 1 | R54: 2 | S54: 0 | T54: 0 | U54: 0 | V54: 0 | W54: 1 | X54: 0 | Y54: 2 | Z54: 0 | AA54: 0 | AB54: =SUM(E54:AA54) -> 8
A55: B | B55: JUMLAH SUARA SAH PARTAI POLITIK DAN CALON (A1 + A2) | E55: =SUM(E45:E54) -> 17 | F55: =SUM(F45:F54) -> 12 | G55: =SUM(G45:G54) -> 21 | H55: =SUM(H45:H54) -> 34 | I55: =SUM(I45:I54) -> 37 | J55: =SUM(J45:J54) -> 36 | K55: =SUM(K45:K54) -> 36 | L55: =SUM(L45:L54) -> 33 | ... AB55: =SUM(AB45:AB54) -> 591
A57: A.1 | B57: 2. | C57: Partai Gerakan Indonesia Raya | E57: 14 | F57: 10 | G57: 13 | H57: 12 | I57: 10 | J57: 24 | K57: 8 | L57: 12 | M57: 12 | N57: 16 | O57: 16 | P57: 13 | Q57: 15 | R57: 6 | S57: 8 | T57: 17 | U57: 9 | V57: 17 | W57: 15 | X57: 11 | Y57: 16 | Z57: 19 | AA57: 17 | AB57: =SUM(E57:AA57) -> 310
A58: A.2 | C58: 1. AHMAD HADINUDDIN, S.Pd.I. | E58: 5 | F58: 2 | G58: 2 | H58: 8 | I58: 6 | J58: 3 | K58: 5 | L58: 10 | M58: 5 | N58: 8 | O58: 4 | P58: 6 | Q58: 6 | R58: 6 | S58: 6 | T58: 20 | U58: 10 | V58: 10 | W58: 8 | X58: 4 | Y58: 4 | Z58: 15 | AA58: 3 | AB58: =SUM(E58:AA58) -> 156
C59: 2. BIMA RAFSANJANI RAFID | E59: 6 | F59: 2 | G59: 6 | H59: 8 | I59: 6 | J59: 7 | K59: 3 | L59: 4 | M59: 7 | N59: 5 | O59: 9 | P59: 5 | Q59: 16 | R59: 14 | S59: 16 | T59: 10 | U59: 6 | V59: 9 | W59: 11 | X59: 16 | Y59: 3 | Z59: 11 | AA59: 8 | AB59: =SUM(E59:AA59) -> 188
C60: 3. IRA DAMAYANTI | E60: 5 | F60: 3 | G60: 0 | H60: 5 | I60: 1 | J60: 3 | K60: 4 | L60: 3 | M60: 3 | N60: 2 | O60: 5 | P60: 2 | Q60: 3 | R60: 2 | S60: 4 | T60: 9 | U60: 8 | V60: 4 | W60: 2 | X60: 2 | Y60: 5 | Z60: 3 | AA60: 1 | AB60: =SUM(E60:AA60) -> 79
C61: 4. MAULANA MALIK IBRAHIM, S.H. | E61: 0 | F61: 0 | G61: 4 | H61: 3 | I61: 0 | J61: 5 | K61: 5 | L61: 3 | M61: 3 | N61: 7 | O61: 1 | P61: 6 | Q61: 1 | R61: 4 | S61: 5 | T61: 3 | U61: 3 | V61: 2 | W61: 2 | X61: 1 | Y61: 1 | Z61: 3 | AA61: 0 | AB61: =SUM(E61:AA61) -> 62
C62: 5. LULUK ALFIATI | E62: 0 | F62: 0 | G62: 0 | H62: 0 | I62: 0 | J62: 1 | K62: 1 | L62: 0 | M62: 0 | N62: 0 | O62: 1 | P62: 0 | Q62: 1 | R62: 2 | S62: 2 | T62: 2 | U62: 0 | V62: 1 | W62: 0 | X62: 3 | Y62: 1 | Z62: 3 | AA62: 4 | AB62: =SUM(E62:AA62) -> 22
C63: 6. ILHAM WAHYUDI, S.H. | E63: 0 | F63: 0 | G63: 0 | H63: 0 | I63: 0 | J63: 0 | K63: 1 | L63: 0 | M63: 0 | N63: 1 | O63: 1 | P63: 2 | Q63: 1 | R63: 0 | S63: 2 | T63: 0 | U63: 0 | V63: 0 | W63: 2 | X63: 0 | Y63: 0 | Z63: 0 | AA63: 0 | AB63: =SUM(E63:AA63) -> 10
C64: 7. HAERUL ANWAR, S.Pd.I. | E64: 0 | F64: 1 | G64: 0 | H64: 0 | I64: 1 | J64: 0 | K64: 0 | L64: 0 | M64: 0 | N64: 2 | O64: 0 | P64: 0 | Q64: 1 | R64: 0 | S64: 1 | T64: 0 | U64: 0 | V64: 2 | W64: 1 | X64: 0 | Y64: 0 | Z64: 1 | AA64: 0 | AB64: =SUM(E64:AA64) -> 10
C65: 8. YOVI ADHITYA WARDANI | E65: 0 | F65: 0 | G65: 1 | H65: 0 | I65: 1 | J65: 0 | K65: 0 | L65: 1 | M65: 0 | N65: 0 | O65: 0 | P65: 1 | Q65: 0 | R65: 0 | S65: 0 | T65: 1 | U65: 0 | V65: 0 | W65: 0 | X65: 0 | Y65: 1 | Z65: 0 | AA65: 1 | AB65: =SUM(E65:AA65) -> 7
C66: 9. RITA AMELIA | E66: 0 | F66: 0 | G66: 1 | H66: 0 | I66: 0 | J66: 1 | K66: 2 | L66: 2 | M66: 1 | N66: 0 | O66: 1 | P66: 0 | Q66: 1 | R66: 1 | S66: 0 | T66: 0 | U66: 0 | V66: 1 | W66: 0 | X66: 1 | Y66: 0 | Z66: 0 | AA66: 0 | AB66: =SUM(E66:AA66) -> 12
A67: B | B67: JUMLAH SUARA SAH PARTAI POLITIK DAN CALON (A1 + A2) | E67: =SUM(E57:E66) -> 30 | F67: =SUM(F57:F66) -> 18 | G67: =SUM(G57:G66) -> 27 | H67: =SUM(H57:H66) -> 36 | I67: =SUM(I57:I66) -> 25 | J67: =SUM(J57:J66) -> 44 | K67: =SUM(K57:K66) -> 29 | L67: =SUM(L57:L66) -> 35 | ... AB67: =SUM(AB57:AB66) -> 856
A69: A.1 | B69: 3. | C69: Partai Demokrasi Indonesia Perjuangan | E69: 10 | F69: 13 | G69: 14 | H69: 6 | I69: 11 | J69: 2 | K69: 5 | L69: 11 | M69: 20 | N69: 7 | O69: 7 | P69: 9 | Q69: 15 | R69: 11 | S69: 5 | T69: 5 | U69: 7 | V69: 14 | W69: 6 | X69: 8 | Y69: 3 | Z69: 6 | AA69: 20 | AB69: =SUM(E69:AA69) -> 215
A70: A.2 | C70: 1. MARTIN H., S.H., M.H. | E70: 20 | F70: 7 | G70: 3 | H70: 6 | I70: 4 | J70: 3 | K70: 6 | L70: 4 | M70: 7 | N70: 4 | O70: 3 | P70: 4 | Q70: 1 | R70: 7 | S70: 5 | T70: 1 | U70: 2 | V70: 3 | W70: 0 | X70: 6 | Y70: 4 | Z70: 4 | AA70: 3 | AB70: =SUM(E70:AA70) -> 107
C71: 2. HERMANTO, S.E. | E71: 24 | F71: 94 | G71: 76 | H71: 20 | I71: 13 | J71: 14 | K71: 7 | L71: 16 | M71: 4 | N71: 11 | O71: 7 | P71: 10 | Q71: 16 | R71: 14 | S71: 10 | T71: 9 | U71: 6 | V71: 11 | W71: 28 | X71: 13 | Y71: 6 | Z71: 9 | AA71: 21 | AB71: =SUM(E71:AA71) -> 439
C72: 3. EVY SUSILAWATI, S.E., M.M. | E72: 2 | F72: 4 | G72: 7 | H72: 2 | I72: 6 | J72: 2 | K72: 4 | L72: 3 | M72: 3 | N72: 1 | O72: 2 | P72: 0 | Q72: 1 | R72: 4 | S72: 4 | T72: 3 | U72: 6 | V72: 3 | W72: 1 | X72: 2 | Y72: 2 | Z72: 3 | AA72: 4 | AB72: =SUM(E72:AA72) -> 69
C73: 4. M. SIROTTUDIN | E73: 1 | F73: 4 | G73: 1 | H73: 1 | I73: 2 | J73: 0 | K73: 0 | L73: 0 | M73: 1 | N73: 1 | O73: 3 | P73: 1 | Q73: 1 | R73: 2 | S73: 1 | T73: 2 | U73: 3 | V73: 2 | W73: 1 | X73: 0 | Y73: 3 | Z73: 4 | AA73: 2 | AB73: =SUM(E73:AA73) -> 36
C74: 5. ABDUL HAFID, S.H. | E74: 3 | F74: 1 | G74: 1 | H74: 2 | I74: 0 | J74: 2 | K74: 2 | L74: 2 | M74: 2 | N74: 1 | O74: 1 | P74: 0 | Q74: 0 | R74: 4 | S74: 1 | T74: 0 | U74: 2 | V74: 4 | W74: 0 | X74: 0 | Y74: 6 | Z74: 4 | AA74: 7 | AB74: =SUM(E74:AA74) -> 45
C75: 6. NIKITA FORTUNA SURYANINGATI, A.Md.Keb. | E75: 2 | F75: 1 | G75: 0 | H75: 0 | I75: 0 | J75: 0 | K75: 0 | L75: 1 | M75: 0 | N75: 0 | O75: 2 | P75: 0 | Q75: 0 | R75: 0 | S75: 3 | T75: 1 | U75: 1 | V75: 2 | W75: 1 | X75: 0 | Y75: 0 | Z75: 1 | AA75: 2 | AB75: =SUM(E75:AA75) -> 17
C76: 7. YUDHO ILHAM WIJAYA, S.E. | E76: 0 | F76: 0 | G76: 0 | H76: 0 | I76: 0 | J76: 0 | K76: 1 | L76: 0 | M76: 0 | N76: 0 | O76: 1 | P76: 0 | Q76: 1 | R76: 0 | S76: 1 | T76: 1 | U76: 1 | V76: 0 | W76: 0 | X76: 0 | Y76: 0 | Z76: 2 | AA76: 1 | AB76: =SUM(E76:AA76) -> 9
C77: 8. SETIAWATI, S.H. | E77: 0 | F77: 0 | G77: 0 | H77: 0 | I77: 0 | J77: 0 | K77: 1 | L77: 1 | M77: 0 | N77: 1 | O77: 1 | P77: 0 | Q77: 0 | R77: 0 | S77: 1 | T77: 0 | U77: 0 | V77: 0 | W77: 0 | X77: 0 | Y77: 0 | Z77: 1 | AA77: 0 | AB77: =SUM(E77:AA77) -> 6
C78: 9. EKO BUDI SANTOSO, S.H. | E78: 0 | F78: 0 | G78: 0 | H78: 1 | I78: 0 | J78: 0 | K78: 0 | L78: 0 | M78: 0 | N78: 0 | O78: 1 | P78: 1 | Q78: 1 | R78: 0 | S78: 0 | T78: 0 | U78: 1 | V78: 2 | W78: 0 | X78: 1 | Y78: 1 | Z78: 0 | AA78: 1 | AB78: =SUM(E78:AA78) -> 10
A79: B | B79: JUMLAH SUARA SAH PARTAI POLITIK DAN CALON (A1 + A2) | E79: =SUM(E69:E78) -> 62 | F79: =SUM(F69:F78) -> 124 | G79: =SUM(G69:G78) -> 102 | H79: =SUM(H69:H78) -> 38 | I79: =SUM(I69:I78) -> 36 | J79: =SUM(J69:J78) -> 23 | K79: =SUM(K69:K78) -> 26 | L79: =SUM(L69:L78) -> 38 | ... AB79: =SUM(AB69:AB78) -> 953
A81: A.1 | B81: 4. | C81: Partai Golongan Karya | E81: 1 | F81: 6 | G81: 0 | H81: 3 | I81: 2 | J81: 3 | K81: 2 | L81: 3 | M81: 2 | N81: 1 | O81: 4 | P81: 5 | Q81: 5 | R81: 3 | S81: 3 | T81: 5 | U81: 2 | V81: 8 | W81: 2 | X81: 2 | Y81: 1 | Z81: 0 | AA81: 1 | AB81: =SUM(E81:AA81) -> 64
A82: A.2 | C82: 1. PRANAYA YUDHA MAHARDHIKA | E82: 2 | F82: 2 | G82: 0 | H82: 4 | I82: 0 | J82: 0 | K82: 2 | L82: 4 | M82: 2 | N82: 1 | O82: 9 | P82: 4 | Q82: 3 | R82: 3 | S82: 3 | T82: 4 | U82: 9 | V82: 2 | W82: 0 | X82: 1 | Y82: 3 | Z82: 2 | AA82: 0 | AB82: =SUM(E82:AA82) -> 60
C83: 2. Dra. Ec. ENDANG SULASTUTY, M.I.P. | E83: 1 | F83: 1 | G83: 2 | H83: 0 | I83: 1 | J83: 0 | K83: 0 | L83: 1 | M83: 2 | N83: 0 | O83: 2 | P83: 3 | Q83: 1 | R83: 2 | S83: 3 | T83: 0 | U83: 4 | V83: 3 | W83: 1 | X83: 1 | Y83: 1 | Z83: 0 | AA83: 0 | AB83: =SUM(E83:AA83) -> 29
C84: 3. AGUS REJEKI WARTONO | E84: 0 | F84: 3 | G84: 2 | H84: 0 | I84: 1 | J84: 2 | K84: 0 | L84: 0 | M84: 0 | N84: 0 | O84: 4 | P84: 0 | Q84: 0 | R84: 4 | S84: 2 | T84: 2 | U84: 4 | V84: 0 | W84: 1 | X84: 0 | Y84: 0 | Z84: 0 | AA84: 0 | AB84: =SUM(E84:AA84) -> 25
C85: 4. Hj. TUTUK ASMA'A ZUCHROH, S.T., M.T. | E85: 1 | F85: 0 | G85: 0 | H85: 0 | I85: 0 | J85: 0 | K85: 0 | L85: 1 | M85: 1 | N85: 6 | O85: 1 | P85: 5 | Q85: 0 | R85: 5 | S85: 2 | T85: 2 | U85: 1 | V85: 0 | W85: 0 | X85: 0 | Y85: 0 | Z85: 0 | AA85: 0 | AB85: =SUM(E85:AA85) -> 25
C86: 5. ADE M. RIZKI, S.E. | E86: 0 | F86: 0 | G86: 0 | H86: 0 | I86: 0 | J86: 1 | K86: 0 | L86: 0 | M86: 1 | N86: 1 | O86: 1 | P86: 1 | Q86: 11 | R86: 0 | S86: 0 | T86: 0 | U86: 1 | V86: 0 | W86: 0 | X86: 0 | Y86: 0 | Z86: 3 | AA86: 1 | AB86: =SUM(E86:AA86) -> 21
C87: 6. ABDURAKHMAN, Bc.Kn. | E87: 0 | F87: 0 | G87: 0 | H87: 0 | I87: 0 | J87: 0 | K87: 2 | L87: 0 | M87: 0 | N87: 0 | O87: 0 | P87: 1 | Q87: 1 | R87: 1 | S87: 1 | T87: 1 | U87: 0 | V87: 0 | W87: 0 | X87: 0 | Y87: 0 | Z87: 0 | AA87: 0 | AB87: =SUM(E87:AA87) -> 7
C88: 7. CENDY RHIYAN ADI PUTRI | E88: 0 | F88: 0 | G88: 0 | H88: 0 | I88: 0 | J88: 0 | K88: 0 | L88: 0 | M88: 0 | N88: 0 | O88: 1 | P88: 1 | Q88: 0 | R88: 0 | S88: 1 | T88: 0 | U88: 0 | V88: 0 | W88: 0 | X88: 0 | Y88: 0 | Z88: 0 | AA88: 0 | AB88: =SUM(E88:AA88) -> 3
C89: 8. BAKTI WIJAYANTO, S.E. | E89: 0 | F89: 0 | G89: 0 | H89: 0 | I89: 0 | J89: 0 | K89: 0 | L89: 0 | M89: 0 | N89: 0 | O89: 0 | P89: 0 | Q89: 0 | R89: 0 | S89: 0 | T89: 0 | U89: 0 | V89: 0 | W89: 0 | X89: 0 | Y89: 0 | Z89: 0 | AA89: 0 | AB89: =SUM(E89:AA89) -> 0
C90: 9. AHMAD UBAIDILLAH | E90: 1 | F90: 0 | G90: 0 | H90: 1 | I90: 0 | J90: 0 | K90: 0 | L90: 0 | M90: 0 | N90: 0 | O90: 0 | P90: 1 | Q90: 1 | R90: 0 | S90: 0 | T90: 1 | U90: 1 | V90: 0 | W90: 0 | X90: 1 | Y90: 0 | Z90: 0 | AA90: 0 | AB90: =SUM(E90:AA90) -> 7
A91: B | B91: JUMLAH SUARA SAH PARTAI POLITIK DAN CALON (A1 + A2) | E91: =SUM(E81:E90) -> 6 | F91: =SUM(F81:F90) -> 12 | G91: =SUM(G81:G90) -> 4 | H91: =SUM(H81:H90) -> 8 | I91: =SUM(I81:I90) -> 4 | J91: =SUM(J81:J90) -> 6 | K91: =SUM(K81:K90) -> 6 | L91: =SUM(L81:L90) -> 9 | ... AB91: =SUM(AB81:AB90) -> 241
A93: A.1 | B93: 5. | C93: Partai NasDem | E93: 3 | F93: 0 | G93: 1 | H93: 3 | I93: 1 | J93: 0 | K93: 2 | L93: 0 | M93: 1 | N93: 1 | O93: 1 | P93: 3 | Q93: 3 | R93: 3 | S93: 3 | T93: 1 | U93: 1 | V93: 0 | W93: 1 | X93: 0 | Y93: 2 | Z93: 1 | AA93: 7 | AB93: =SUM(E93:AA93) -> 38
A94: A.2 | C94: 1. ALI MUSTOFA, A.Md. | E94: 5 | F94: 0 | G94: 2 | H94: 4 | I94: 4 | J94: 0 | K94: 3 | L94: 3 | M94: 1 | N94: 2 | O94: 1 | P94: 2 | Q94: 0 | R94: 1 | S94: 3 | T94: 2 | U94: 4 | V94: 2 | W94: 0 | X94: 1 | Y94: 1 | Z94: 4 | AA94: 0 | AB94: =SUM(E94:AA94) -> 45
C95: 2. Hj. BUAMI, S.H. | E95: 0 | F95: 0 | G95: 0 | H95: 0 | I95: 0 | J95: 0 | K95: 0 | L95: 2 | M95: 1 | N95: 1 | O95: 0 | P95: 1 | Q95: 0 | R95: 0 | S95: 0 | T95: 0 | U95: 0 | V95: 0 | W95: 0 | X95: 0 | Y95: 0 | Z95: 0 | AA95: 0 | AB95: =SUM(E95:AA95) -> 5
C96: 3. SUGIONO, S.H. | E96: 0 | F96: 0 | G96: 0 | H96: 0 | I96: 1 | J96: 0 | K96: 0 | L96: 0 | M96: 0 | N96: 0 | O96: 1 | P96: 0 | Q96: 1 | R96: 0 | S96: 0 | T96: 0 | U96: 0 | V96: 0 | W96: 0 | X96: 0 | Y96: 0 | Z96: 1 | AA96: 0 | AB96: =SUM(E96:AA96) -> 4
C97: 4. LULUK SUNARMIATININGSIH | E97: 0 | F97: 0 | G97: 0 | H97: 0 | I97: 0 | J97: 0 | K97: 0 | L97: 1 | M97: 0 | N97: 0 | O97: 0 | P97: 1 | Q97: 0 | R97: 0 | S97: 0 | T97: 1 | U97: 0 | V97: 0 | W97: 0 | X97: 1 | Y97: 1 | Z97: 2 | AA97: 0 | AB97: =SUM(E97:AA97) -> 7
C98: 5. ANTON DJULIANTO ADI | E98: 0 | F98: 0 | G98: 0 | H98: 1 | I98: 0 | J98: 0 | K98: 0 | L98: 0 | M98: 1 | N98: 0 | O98: 0 | P98: 0 | Q98: 0 | R98: 6 | S98: 1 | T98: 0 | U98: 0 | V98: 1 | W98: 0 | X98: 0 | Y98: 0 | Z98: 0 | AA98: 1 | AB98: =SUM(E98:AA98) -> 11
C99: 6. MOKHAMAD ROFI'I KHUSNAN | E99: 1 | F99: 0 | G99: 0 | H99: 0 | I99: 0 | J99: 0 | K99: 0 | L99: 0 | M99: 0 | N99: 0 | O99: 0 | P99: 0 | Q99: 0 | R99: 0 | S99: 0 | T99: 0 | U99: 1 | V99: 0 | W99: 0 | X99: 0 | Y99: 0 | Z99: 0 | AA99: 0 | AB99: =SUM(E99:AA99) -> 2
C100: 7. Rr SETYO WATI | E100: 0 | F100: 0 | G100: 0 | H100: 0 | I100: 0 | J100: 0 | K100: 0 | L100: 0 | M100: 0 | N100: 0 | O100: 0 | P100: 0 | Q100: 0 | R100: 0 | S100: 0 | T100: 0 | U100: 0 | V100: 0 | W100: 0 | X100: 0 | Y100: 0 | Z100: 0 | AA100: 0 | AB100: =SUM(E100:AA100) -> 0
C101: 8. ABD. KADIR ASSEGAFF | E101: 0 | F101: 0 | G101: 0 | H101: 0 | I101: 0 | J101: 0 | K101: 0 | L101: 0 | M101: 2 | N101: 0 | O101: 1 | P101: 1 | Q101: 0 | R101: 0 | S101: 1 | T101: 0 | U101: 0 | V101: 0 | W101: 0 | X101: 0 | Y101: 0 | Z101: 0 | AA101: 0 | AB101: =SUM(E101:AA101) -> 5
C102: 9. FATHOR ZAINULLAH | E102: 0 | F102: 0 | G102: 0 | H102: 0 | I102: 0 | J102: 0 | K102: 0 | L102: 0 | M102: 0 | N102: 0 | O102: 0 | P102: 0 | Q102: 0 | R102: 0 | S102: 0 | T102: 0 | U102: 0 | V102: 0 | W102: 0 | X102: 0 | Y102: 0 | Z102: 0 | AA102: 0 | AB102: =SUM(E102:AA102) -> 0
A103: B | B103: JUMLAH SUARA SAH PARTAI POLITIK DAN CALON (A1 + A2) | E103: =SUM(E93:E102) -> 9 | F103: =SUM(F93:F102) -> 0 | G103: =SUM(G93:G102) -> 3 | H103: =SUM(H93:H102) -> 8 | I103: =SUM(I93:I102) -> 6 | J103: =SUM(J93:J102) -> 0 | K103: =SUM(K93:K102) -> 5 | L103: =SUM(L93:L102) -> 6 | ... AB103: =SUM(AB93:AB102) -> 117
A105: A.1 | B105: 6. | C105: Partai Buruh | E105: 2 | F105: 1 | G105: 0 | H105: 1 | I105: 0 | J105: 0 | K105: 1 | L105: 0 | M105: 0 | N105: 0 | O105: 0 | P105: 0 | Q105: 1 | R105: 0 | S105: 0 | T105: 1 | U105: 2 | V105: 1 | W105: 1 | X105: 0 | Y105: 0 | Z105: 2 | AA105: 1 | AB105: =SUM(E105:AA105) -> 14
A106: A.2 | C106: 1. AGUS SUPRIYADI | E106: 0 | F106: 0 | G106: 0 | H106: 0 | I106: 2 | J106: 0 | K106: 1 | L106: 0 | M106: 0 | N106: 0 | O106: 0 | P106: 0 | Q106: 0 | R106: 0 | S106: 0 | T106: 0 | U106: 0 | V106: 1 | W106: 0 | X106: 0 | Y106: 0 | Z106: 0 | AA106: 0 | AB106: =SUM(E106:AA106) -> 4
C107: 2. ENI HARIATI | E107: 1 | F107: 0 | G107: 0 | H107: 0 | I107: 0 | J107: 0 | K107: 0 | L107: 0 | M107: 0 | N107: 0 | O107: 1 | P107: 0 | Q107: 0 | R107: 0 | S107: 1 | T107: 0 | U107: 0 | V107: 0 | W107: 0 | X107: 1 | Y107: 1 | Z107: 0 | AA107: 0 | AB107: =SUM(E107:AA107) -> 5
AB108: =SUM(E108:AA108) -> 0
AB109: =SUM(E109:AA109) -> 0
AB110: =SUM(E110:AA110) -> 0
AB111: =SUM(E111:AA111) -> 0
AB112: =SUM(E112:AA112) -> 0
AB113: =SUM(E113:AA113) -> 0
AB114: =SUM(E114:AA114) -> 0
A115: B | B115: JUMLAH SUARA SAH PARTAI POLITIK DAN CALON (A1 + A2) | E115: =SUM(E105:E114) -> 3 | F115: =SUM(F105:F114) -> 1 | G115: =SUM(G105:G114) -> 0 | H115: =SUM(H105:H114) -> 1 | I115: =SUM(I105:I114) -> 2 | J115: =SUM(J105:J114) -> 0 | K115: =SUM(K105:K114) -> 2 | L115: =SUM(L105:L114) -> 0 | ... AB115: =SUM(AB105:AB114) -> 23
A117: A.1 | B117: 7. | C117: Partai Gelombang Rakyat Indonesia | E117: 0 | F117: 0 | G117: 0 | H117: 2 | I117: 0 | J117: 0 | K117: 1 | L117: 3 | M117: 0 | N117: 1 | O117: 0 | P117: 0 | Q117: 0 | R117: 2 | S117: 0 | T117: 4 | U117: 2 | V117: 3 | W117: 1 | X117: 1 | Y117: 1 | Z117: 0 | AA117: 2 | AB117: =SUM(E117:AA117) -> 23
...

Sheet KARANGREJO
C2: Kecamatan | D2: BANYUWANGI
C3: Kabupaten | D3: BANYUWANGI
C4: Provinsi | D4: JAWA TIMUR
C9: Kelurahan | D9: KARANGREJO
A12: I | B12: DATA PEMILIH DAN PENGGUNAAN HAK PILIH | AI12: JUMLAH AKHIR
A13: A | B13: DATA PEMILIH | E13: TPS 001 | F13: TPS 002 | G13: TPS 003 | H13: TPS 004 | I13: TPS 005 | J13: TPS 006 | K13: TPS 007 | L13: TPS 008 | M13: TPS 009 | N13: TPS 010 | O13: TPS 011 | P13: TPS 012 | Q13: TPS 013 | R13: TPS 014 | S13: TPS 015 | T13: TPS 016 | U13: TPS 017 | V13: TPS 018 | W13: TPS 019 | X13: TPS 020 | Y13: TPS 021 | Z13: TPS 022 | AA13: TPS 023 | AB13: TPS 024 | AC13: TPS 025 | AD13: TPS 026 | AE13: TPS 027 | AF13: TPS 028 | AG13: TPS 029 | AH13: TPS 030
B14: Jumlah Pemilih dalam Daftar Pemilih Tetap (DPT) | D14: LK | E14: 130 | F14: 93 | G14: 137 | H14: 140 | I14: 135 | J14: 140 | K14: 146 | L14: 133 | M14: 126 | N14: 142 | O14: 106 | P14: 141 | Q14: 132 | R14: 141 | S14: 144 | T14: 132 | U14: 128 | V14: 140 | W14: 122 | X14: 140 | Y14: 144 | Z14: 149 | AA14: 145 | AB14: 145 | AC14: 140 | AD14: 138 | AE14: 145 | AF14: 148 | AG14: 143 | AH14: 138 | AI14: =SUM(E14:AH14) -> 4083
D15: PR | E15: 124 | F15: 89 | G15: 151 | H15: 142 | I15: 143 | J15: 135 | K15: 150 | L15: 156 | M15: 149 | N15: 134 | O15: 120 | P15: 133 | Q15: 134 | R15: 135 | S15: 147 | T15: 137 | U15: 149 | V15: 141 | W15: 137 | X15: 133 | Y15: 146 | Z15: 141 | AA15: 145 | AB15: 144 | AC15: 148 | AD15: 152 | AE15: 145 | AF15: 140 | AG15: 147 | AH15: 152 | AI15: =SUM(E15:AH15) -> 4199
D16: JML | E16: =SUM(E14:E15) -> 254 | F16: =SUM(F14:F15) -> 182 | G16: =SUM(G14:G15) -> 288 | H16: =SUM(H14:H15) -> 282 | I16: =SUM(I14:I15) -> 278 | J16: =SUM(J14:J15) -> 275 | K16: =SUM(K14:K15) -> 296 | L16: =SUM(L14:L15) -> 289 | ... AH16: =SUM(AH14:AH15) -> 290 | AI16: =SUM(E16:AH16) -> 8282
A18: B | B18: PENGGUNA HAK PILIH
B19: 1. | C19: Jumlah pengguna hak pilih dalam Daftar Pemilih Tetap (DPT) | D19: LK | E19: 84 | F19: 65 | G19: 95 | H19: 94 | I19: 99 | J19: 96 | K19: 110 | L19: 84 | M19: 86 | N19: 96 | O19: 76 | P19: 96 | Q19: 99 | R19: 90 | S19: 103 | T19: 86 | U19: 92 | V19: 102 | W19: 86 | X19: 101 | Y19: 85 | Z19: 95 | AA19: 102 | AB19: 109 | AC19: 82 | AD19: 89 | AE19: 117 | AF19: 104 | AG19: 91 | AH19: 108 | AI19: =SUM(E19:AH19) -> 2822
D20: PR | E20: 94 | F20: 61 | G20: 112 | H20: 104 | I20: 111 | J20: 108 | K20: 121 | L20: 114 | M20: 105 | N20: 102 | O20: 95 | P20: 98 | Q20: 116 | R20: 108 | S20: 117 | T20: 99 | U20: 107 | V20: 110 | W20: 98 | X20: 101 | Y20: 104 | Z20: 107 | AA20: 104 | AB20: 111 | AC20: 100 | AD20: 116 | AE20: 120 | AF20: 101 | AG20: 121 | AH20: 112 | AI20: =SUM(E20:AH20) -> 3177
D21: JML | E21: =SUM(E19:E20) -> 178 | F21: =SUM(F19:F20) -> 126 | G21: =SUM(G19:G20) -> 207 | H21: =SUM(H19:H20) -> 198 | I21: =SUM(I19:I20) -> 210 | J21: =SUM(J19:J20) -> 204 | K21: =SUM(K19:K20) -> 231 | L21: =SUM(L19:L20) -> 198 | ... AH21: =SUM(AH19:AH20) -> 220 | AI21: =SUM(E21:AH21) -> 5999
B22: 2. | C22: Jumlah pengguna hak pilih dalam Daftar Pemilih Tambahan (DPTb) | D22: LK | E22: 0 | F22: 0 | G22: 0 | H22: 0 | I22: 0 | J22: 0 | K22: 0 | L22: 0 | M22: 1 | N22: 0 | O22: 0 | P22: 0 | Q22: 0 | R22: 0 | S22: 0 | T22: 0 | U22: 0 | V22: 0 | W22: 0 | X22: 0 | Y22: 0 | Z22: 0 | AA22: 0 | AB22: 0 | AC22: 1 | AD22: 0 | AE22: 0 | AF22: 0 | AG22: 0 | AH22: 0 | AI22: =SUM(E22:AH22) -> 2
D23: PR | E23: 0 | F23: 0 | G23: 0 | H23: 0 | I23: 0 | J23: 0 | K23: 0 | L23: 0 | M23: 1 | N23: 0 | O23: 0 | P23: 0 | Q23: 0 | R23: 0 | S23: 0 | T23: 0 | U23: 0 | V23: 0 | W23: 0 | X23: 0 | Y23: 0 | Z23: 0 | AA23: 0 | AB23: 0 | AC23: 2 | AD23: 0 | AE23: 0 | AF23: 0 | AG23: 1 | AH23: 0 | AI23: =SUM(E23:AH23) -> 4
D24: JML | E24: =SUM(E22:E23) -> 0 | F24: =SUM(F22:F23) -> 0 | G24: =SUM(G22:G23) -> 0 | H24: =SUM(H22:H23) -> 0 | I24: =SUM(I22:I23) -> 0 | J24: =SUM(J22:J23) -> 0 | K24: =SUM(K22:K23) -> 0 | L24: =SUM(L22:L23) -> 0 | ... AH24: =SUM(AH22:AH23) -> 0 | AI24: =SUM(E24:AH24) -> 6
B25: 3. | C25: Jumlah pengguna hak pilih dalam Daftar Pemilih Khusus (DPK) | D25: LK | E25: 0 | F25: 0 | G25: 1 | H25: 1 | I25: 0 | J25: 0 | K25: 1 | L25: 0 | M25: 1 | N25: 2 | O25: 4 | P25: 3 | Q25: 2 | R25: 1 | S25: 1 | T25: 1 | U25: 3 | V25: 2 | W25: 0 | X25: 0 | Y25: 1 | Z25: 4 | AA25: 0 | AB25: 1 | AC25: 0 | AD25: 4 | AE25: 2 | AF25: 1 | AG25: 2 | AH25: 9 | AI25: =SUM(E25:AH25) -> 47
D26: PR | E26: 4 | F26: 1 | G26: 1 | H26: 4 | I26: 0 | J26: 1 | K26: 3 | L26: 0 | M26: 4 | N26: 1 | O26: 2 | P26: 1 | Q26: 2 | R26: 4 | S26: 5 | T26: 3 | U26: 7 | V26: 2 | W26: 2 | X26: 0 | Y26: 0 | Z26: 6 | AA26: 0 | AB26: 1 | AC26: 2 | AD26: 11 | AE26: 4 | AF26: 1 | AG26: 4 | AH26: 9 | AI26: =SUM(E26:AH26) -> 85
D27: JML | E27: =SUM(E25:E26) -> 4 | F27: =SUM(F25:F26) -> 1 | G27: =SUM(G25:G26) -> 2 | H27: =SUM(H25:H26) -> 5 | I27: =SUM(I25:I26) -> 0 | J27: =SUM(J25:J26) -> 1 | K27: =SUM(K25:K26) -> 4 | L27: =SUM(L25:L26) -> 0 | ... AH27: =SUM(AH25:AH26) -> 18 | AI27: =SUM(E27:AH27) -> 132
B28: 4. | C28: Jumlah Pengguna Hak Pilih (B.1+B.2+B.3) | D28: LK | E28: =SUM(E19,E22,E25) -> 84 | F28: =SUM(F19,F22,F25) -> 65 | G28: =SUM(G19,G22,G25) -> 96 | H28: =SUM(H19,H22,H25) -> 95 | I28: =SUM(I19,I22,I25) -> 99 | J28: =SUM(J19,J22,J25) -> 96 | K28: =SUM(K19,K22,K25) -> 111 | L28: =SUM(L19,L22,L25) -> 84 | ... AH28: =SUM(AH19,AH22,AH25) -> 117 | AI28: =SUM(E28:AH28) -> 2871
D29: PR | E29: =SUM(E20,E23,E26) -> 98 | F29: =SUM(F20,F23,F26) -> 62 | G29: =SUM(G20,G23,G26) -> 113 | H29: =SUM(H20,H23,H26) -> 108 | I29: =SUM(I20,I23,I26) -> 111 | J29: =SUM(J20,J23,J26) -> 109 | K29: =SUM(K20,K23,K26) -> 124 | L29: =SUM(L20,L23,L26) -> 114 | ... AH29: =SUM(AH20,AH23,AH26) -> 121 | AI29: =SUM(E29:AH29) -> 3266
D30: JML | E30: =SUM(E28:E29) -> 182 | F30: =SUM(F28:F29) -> 127 | G30: =SUM(G28:G29) -> 209 | H30: =SUM(H28:H29) -> 203 | I30: =SUM(I28:I29) -> 210 | J30: =SUM(J28:J29) -> 205 | K30: =SUM(K28:K29) -> 235 | L30: =SUM(L28:L29) -> 198 | ... AH30: =SUM(AH28:AH29) -> 238 | AI30: =SUM(E30:AH30) -> 6137
A32: II | B32: DATA PENGGUNAAN SURAT SUARA
A33: 1 | B33: Jumlah surat suara yang diterima, termasuk surat suara cadangan 2,5% dari DPT | E33: 260 | F33: 186 | G33: 294 | H33: 289 | I33: 284 | J33: 281 | K33: 292 | L33: 285 | M33: 281 | N33: 282 | O33: 231 | P33: 280 | Q33: 262 | R33: 282 | S33: 306 | T33: 275 | U33: 283 | V33: 287 | W33: 265 | X33: 279 | Y33: 290 | Z33: 300 | AA33: 276 | AB33: 295 | AC33: 290 | AD33: 296 | AE33: 297 | AF33: 295 | AG33: 276 | AH33: 296 | AI33: =SUM(E33:AH33) -> 8395
A34: 2 | B34: Jumlah surat suara yang digunakan | E34: 182 | F34: 127 | G34: 209 | H34: 203 | I34: 210 | J34: 205 | K34: 235 | L34: 198 | M34: 198 | N34: 201 | O34: 177 | P34: 198 | Q34: 219 | R34: 203 | S34: 226 | T34: 189 | U34: 209 | V34: 216 | W34: 186 | X34: 202 | Y34: 190 | Z34: 212 | AA34: 206 | AB34: 222 | AC34: 187 | AD34: 220 | AE34: 243 | AF34: 207 | AG34: 219 | AH34: 238 | AI34: =SUM(E34:AH34) -> 6137
A35: 3 | B35: Jumlah surat suara dikembalikan oleh pemilih (karena rusak atau keliru coblos) | E35: 0 | F35: 0 | G35: 0 | H35: 0 | I35: 0 | J35: 1 | K35: 0 | L35: 0 | M35: 3 | N35: 0 | O35: 0 | P35: 0 | Q35: 0 | R35: 1 | S35: 2 | T35: 0 | U35: 0 | V35: 3 | W35: 0 | X35: 0 | Y35: 0 | Z35: 0 | AA35: 0 | AB35: 1 | AC35: 0 | AD35: 0 | AE35: 1 | AF35: 1 | AG35: 0 | AH35: 0 | AI35: =SUM(E35:AH35) -> 13
A36: 4 | B36: Jumlah surat suara yang tidak digunakan/tidak terpakai, termasuk sisa surat suara cadangan | E36: =E33-(E34+E35) -> 78 | F36: =F33-(F34+F35) -> 59 | G36: =G33-(G34+G35) -> 85 | H36: =H33-(H34+H35) -> 86 | I36: =I33-(I34+I35) -> 74 | J36: =J33-(J34+J35) -> 75 | K36: =K33-(K34+K35) -> 57 | L36: =L33-(L34+L35) -> 87 | ... AH36: =AH33-(AH34+AH35) -> 58 | AI36: =SUM(E36:AH36) -> 2245
A38: III | B38: DATA PEMILIH DISABILITAS
B39: Jumlah seluruh Pemilih disabilitas yang menggunakan hak pilih | D39: LK | E39: 0 | F39: 0 | G39: 1 | H39: 0 | I39: 0 | J39: 1 | K39: 0 | L39: 1 | M39: 0 | N39: 0 | O39: 1 | P39: 0 | Q39: 1 | R39: 0 | S39: 0 | T39: 0 | U39: 0 | V39: 0 | W39: 1 | X39: 0 | Y39: 0 | Z39: 0 | AA39: 0 | AB39: 0 | AC39: 0 | AD39: 0 | AE39: 0 | AF39: 0 | AG39: 1 | AH39: 0 | AI39: =SUM(E39:AH39) -> 7
D40: PR | E40: 1 | F40: 2 | G40: 3 | H40: 1 | I40: 0 | J40: 0 | K40: 0 | L40: 1 | M40: 0 | N40: 0 | O40: 0 | P40: 0 | Q40: 0 | R40: 0 | S40: 0 | T40: 0 | U40: 0 | V40: 0 | W40: 0 | X40: 0 | Y40: 2 | Z40: 0 | AA40: 0 | AB40: 0 | AC40: 0 | AD40: 0 | AE40: 0 | AF40: 0 | AG40: 0 | AH40: 0 | AI40: =SUM(E40:AH40) -> 10
D41: JML | E41: =SUM(E39:E40) -> 1 | F41: =SUM(F39:F40) -> 2 | G41: =SUM(G39:G40) -> 4 | H41: =SUM(H39:H40) -> 1 | I41: =SUM(I39:I40) -> 0 | J41: =SUM(J39:J40) -> 1 | K41: =SUM(K39:K40) -> 0 | L41: =SUM(L39:L40) -> 2 | ... AH41: =SUM(AH39:AH40) -> 0 | AI41: =SUM(E41:AH41) -> 17
A43: IV | B43: DATA RINCIAN PEROLEHAN SUARA PASANGAN CALON BUPATI DAN WAKIL BUPATI
A44: NOMOR DAN NAMA CALON
A45: A.1 | B45: 1. | C45: Partai Kebangkitan Bangsa | E45: 4 | F45: 2 | G45: 6 | H45: 4 | I45: 5 | J45: 11 | K45: 7 | L45: 1 | M45: 4 | N45: 5 | O45: 5 | P45: 5 | Q45: 8 | R45: 2 | S45: 12 | T45: 6 | U45: 4 | V45: 3 | W45: 4 | X45: 5 | Y45: 3 | Z45: 4 | AA45: 2 | AB45: 3 | AC45: 4 | AD45: 2 | AE45: 5 | AF45: 10 | AG45: 5 | AH45: 3 | AI45: =SUM(E45:AH45) -> 144
A46: A.2 | C46: 1. Dra. Hj. MA`MULAH HARUN, M.Pd.I. | E46: 9 | F46: 3 | G46: 14 | H46: 20 | I46: 15 | J46: 17 | K46: 30 | L46: 12 | M46: 14 | N46: 11 | O46: 10 | P46: 17 | Q46: 11 | R46: 9 | S46: 15 | T46: 29 | U46: 20 | V46: 23 | W46: 20 | X46: 9 | Y46: 13 | Z46: 10 | AA46: 11 | AB46: 17 | AC46: 21 | AD46: 18 | AE46: 9 | AF46: 12 | AG46: 7 | AH46: 6 | AI46: =SUM(E46:AH46) -> 432
C47: 2. UBAIDILLAH, S.Fil.I. | E47: 1 | F47: 1 | G47: 2 | H47: 1 | I47: 0 | J47: 1 | K47: 1 | L47: 1 | M47: 1 | N47: 1 | O47: 1 | P47: 0 | Q47: 0 | R47: 0 | S47: 0 | T47: 0 | U47: 0 | V47: 0 | W47: 0 | X47: 0 | Y47: 0 | Z47: 0 | AA47: 1 | AB47: 0 | AC47: 3 | AD47: 0 | AE47: 3 | AF47: 2 | AG47: 0 | AH47: 2 | AI47: =SUM(E47:AH47) -> 22
C48: 3. Ir. H. YOYOK MULYADI, M.Si. | E48: 1 | F48: 0 | G48: 0 | H48: 1 | I48: 0 | J48: 1 | K48: 2 | L48: 1 | M48: 0 | N48: 1 | O48: 0 | P48: 0 | Q48: 0 | R48: 0 | S48: 2 | T48: 1 | U48: 0 | V48: 0 | W48: 1 | X48: 0 | Y48: 0 | Z48: 2 | AA48: 1 | AB48: 0 | AC48: 1 | AD48: 0 | AE48: 0 | AF48: 1 | AG48: 0 | AH48: 1 | AI48: =SUM(E48:AH48) -> 17
C49: 4. KHOIRUL ANWAR, S.Fil.I. | E49: 0 | F49: 1 | G49: 1 | H49: 1 | I49: 1 | J49: 2 | K49: 0 | L49: 0 | M49: 0 | N49: 1 | O49: 0 | P49: 2 | Q49: 1 | R49: 0 | S49: 0 | T49: 0 | U49: 0 | V49: 3 | W49: 2 | X49: 1 | Y49: 0 | Z49: 0 | AA49: 0 | AB49: 0 | AC49: 1 | AD49: 1 | AE49: 1 | AF49: 1 | AG49: 0 | AH49: 1 | AI49: =SUM(E49:AH49) -> 21
C50: 5. ARIF WIJAKSANA | E50: 0 | F50: 0 | G50: 0 | H50: 0 | I50: 1 | J50: 0 | K50: 0 | L50: 0 | M50: 0 | N50: 0 | O50: 0 | P50: 0 | Q50: 1 | R50: 0 | S50: 1 | T50: 0 | U50: 0 | V50: 0 | W50: 0 | X50: 0 | Y50: 0 | Z50: 0 | AA50: 1 | AB50: 0 | AC50: 0 | AD50: 2 | AE50: 2 | AF50: 0 | AG50: 0 | AH50: 0 | AI50: =SUM(E50:AH50) -> 8
C51: 6. Dr. SITI YUMNAH | E51: 0 | F51: 0 | G51: 0 | H51: 1 | I51: 2 | J51: 0 | K51: 0 | L51: 0 | M51: 1 | N51: 0 | O51: 1 | P51: 2 | Q51: 0 | R51: 0 | S51: 1 | T51: 2 | U51: 0 | V51: 0 | W51: 0 | X51: 0 | Y51: 0 | Z51: 1 | AA51: 1 | AB51: 0 | AC51: 0 | AD51: 0 | AE51: 1 | AF51: 2 | AG51: 0 | AH51: 0 | AI51: =SUM(E51:AH51) -> 15
C52: 7. MOHAMMAD ZAINI, M.Pd.I. | E52: 0 | F52: 1 | G52: 1 | H52: 0 | I52: 1 | J52: 0 | K52: 0 | L52: 0 | M52: 0 | N52: 1 | O52: 1 | P52: 1 | Q52: 0 | R52: 0 | S52: 0 | T52: 0 | U52: 0 | V52: 1 | W52: 0 | X52: 0 | Y52: 0 | Z52: 1 | AA52: 0 | AB52: 1 | AC52: 1 | AD52: 0 | AE52: 0 | AF52: 0 | AG52: 0 | AH52: 0 | AI52: =SUM(E52:AH52) -> 10
C53: 8. FAWAIDUL MAKKIYAH | E53: 0 | F53: 0 | G53: 0 | H53: 0 | I53: 0 | J53: 0 | K53: 0 | L53: 0 | M53: 0 | N53: 0 | O53: 0 | P53: 0 | Q53: 0 | R53: 0 | S53: 0 | T53: 0 | U53: 0 | V53: 0 | W53: 0 | X53: 0 | Y53: 0 | Z53: 0 | AA53: 0 | AB53: 0 | AC53: 0 | AD53: 0 | AE53: 0 | AF53: 0 | AG53: 0 | AH53: 0 | AI53: =SUM(E53:AH53) -> 0
C54: 9. IFFAH HIDAYATUR ROHMAH, S.Sos. | E54: 0 | F54: 0 | G54: 1 | H54: 0 | I54: 0 | J54: 0 | K54: 0 | L54: 0 | M54: 0 | N54: 0 | O54: 0 | P54: 1 | Q54: 0 | R54: 0 | S54: 0 | T54: 0 | U54: 0 | V54: 1 | W54: 0 | X54: 0 | Y54: 0 | Z54: 0 | AA54: 0 | AB54: 0 | AC54: 0 | AD54: 0 | AE54: 0 | AF54: 0 | AG54: 0 | AH54: 1 | AI54: =SUM(E54:AH54) -> 4
A55: B | B55: JUMLAH SUARA SAH PARTAI POLITIK DAN CALON (A1 + A2) | E55: =SUM(E45:E54) -> 15 | F55: =SUM(F45:F54) -> 8 | G55: =SUM(G45:G54) -> 25 | H55: =SUM(H45:H54) -> 28 | I55: =SUM(I45:I54) -> 25 | J55: =SUM(J45:J54) -> 32 | K55: =SUM(K45:K54) -> 40 | L55: =SUM(L45:L54) -> 15 | ... AI55: =SUM(AI45:AI54) -> 673
A57: A.1 | B57: 2. | C57: Partai Gerakan Indonesia Raya | E57: 8 | F57: 8 | G57: 17 | H57: 10 | I57: 12 | J57: 21 | K57: 24 | L57: 5 | M57: 8 | N57: 14 | O57: 12 | P57: 7 | Q57: 19 | R57: 14 | S57: 15 | T57: 13 | U57: 7 | V57: 11 | W57: 13 | X57: 19 | Y57: 18 | Z57: 14 | AA57: 13 | AB57: 11 | AC57: 11 | AD57: 8 | AE57: 11 | AF57: 8 | AG57: 10 | AH57: 6 | AI57: =SUM(E57:AH57) -> 367
A58: A.2 | C58: 1. AHMAD HADINUDDIN, S.Pd.I. | E58: 6 | F58: 2 | G58: 9 | H58: 9 | I58: 8 | J58: 7 | K58: 9 | L58: 67 | M58: 13 | N58: 12 | O58: 9 | P58: 15 | Q58: 11 | R58: 8 | S58: 11 | T58: 8 | U58: 11 | V58: 15 | W58: 5 | X58: 6 | Y58: 6 | Z58: 6 | AA58: 4 | AB58: 13 | AC58: 12 | AD58: 9 | AE58: 17 | AF58: 6 | AG58: 6 | AH58: 15 | AI58: =SUM(E58:AH58) -> 335
C59: 2. BIMA RAFSANJANI RAFID | E59: 17 | F59: 8 | G59: 2 | H59: 6 | I59: 7 | J59: 4 | K59: 5 | L59: 4 | M59: 11 | N59: 10 | O59: 10 | P59: 8 | Q59: 2 | R59: 6 | S59: 17 | T59: 9 | U59: 6 | V59: 5 | W59: 7 | X59: 7 | Y59: 10 | Z59: 5 | AA59: 4 | AB59: 5 | AC59: 11 | AD59: 9 | AE59: 8 | AF59: 1 | AG59: 9 | AH59: 56 | AI59: =SUM(E59:AH59) -> 269
C60: 3. IRA DAMAYANTI | E60: 3 | F60: 6 | G60: 3 | H60: 3 | I60: 2 | J60: 2 | K60: 10 | L60: 0 | M60: 1 | N60: 10 | O60: 6 | P60: 5 | Q60: 0 | R60: 2 | S60: 3 | T60: 3 | U60: 0 | V60: 0 | W60: 4 | X60: 3 | Y60: 2 | Z60: 3 | AA60: 1 | AB60: 3 | AC60: 2 | AD60: 5 | AE60: 7 | AF60: 2 | AG60: 8 | AH60: 3 | AI60: =SUM(E60:AH60) -> 102
C61: 4. MAULANA MALIK IBRAHIM, S.H. | E61: 2 | F61: 3 | G61: 2 | H61: 1 | I61: 5 | J61: 4 | K61: 1 | L61: 0 | M61: 2 | N61: 3 | O61: 8 | P61: 1 | Q61: 1 | R61: 4 | S61: 1 | T61: 0 | U61: 3 | V61: 5 | W61: 0 | X61: 0 | Y61: 5 | Z61: 1 | AA61: 1 | AB61: 2 | AC61: 1 | AD61: 7 | AE61: 3 | AF61: 2 | AG61: 5 | AH61: 4 | AI61: =SUM(E61:AH61) -> 77
C62: 5. LULUK ALFIATI | E62: 1 | F62: 1 | G62: 1 | H62: 1 | I62: 2 | J62: 1 | K62: 3 | L62: 0 | M62: 1 | N62: 4 | O62: 3 | P62: 3 | Q62: 1 | R62: 0 | S62: 1 | T62: 3 | U62: 0 | V62: 1 | W62: 0 | X62: 0 | Y62: 1 | Z62: 3 | AA62: 0 | AB62: 2 | AC62: 2 | AD62: 0 | AE62: 0 | AF62: 1 | AG62: 3 | AH62: 5 | AI62: =SUM(E62:AH62) -> 44
C63: 6. ILHAM WAHYUDI, S.H. | E63: 1 | F63: 0 | G63: 2 | H63: 0 | I63: 1 | J63: 1 | K63: 0 | L63: 2 | M63: 1 | N63: 0 | O63: 1 | P63: 0 | Q63: 0 | R63: 0 | S63: 0 | T63: 0 | U63: 0 | V63: 0 | W63: 1 | X63: 0 | Y63: 2 | Z63: 3 | AA63: 0 | AB63: 1 | AC63: 0 | AD63: 1 | AE63: 1 | AF63: 1 | AG63: 0 | AH63: 0 | AI63: =SUM(E63:AH63) -> 19
C64: 7. HAERUL ANWAR, S.Pd.I. | E64: 0 | F64: 0 | G64: 1 | H64: 1 | I64: 1 | J64: 1 | K64: 0 | L64: 1 | M64: 0 | N64: 0 | O64: 1 | P64: 0 | Q64: 0 | R64: 0 | S64: 1 | T64: 0 | U64: 0 | V64: 0 | W64: 2 | X64: 1 | Y64: 0 | Z64: 0 | AA64: 0 | AB64: 2 | AC64: 2 | AD64: 0 | AE64: 0 | AF64: 1 | AG64: 1 | AH64: 1 | AI64: =SUM(E64:AH64) -> 17
C65: 8. YOVI ADHITYA WARDANI | E65: 0 | F65: 0 | G65: 0 | H65: 0 | I65: 0 | J65: 0 | K65: 1 | L65: 0 | M65: 0 | N65: 0 | O65: 0 | P65: 0 | Q65: 0 | R65: 0 | S65: 1 | T65: 1 | U65: 0 | V65: 1 | W65: 0 | X65: 0 | Y65: 0 | Z65: 0 | AA65: 0 | AB65: 1 | AC65: 0 | AD65: 1 | AE65: 0 | AF65: 0 | AG65: 1 | AH65: 0 | AI65: =SUM(E65:AH65) -> 7
C66: 9. RITA AMELIA | E66: 0 | F66: 1 | G66: 0 | H66: 0 | I66: 0 | J66: 0 | K66: 1 | L66: 1 | M66: 2 | N66: 1 | O66: 0 | P66: 0 | Q66: 1 | R66: 0 | S66: 0 | T66: 1 | U66: 0 | V66: 0 | W66: 0 | X66: 2 | Y66: 0 | Z66: 1 | AA66: 0 | AB66: 0 | AC66: 0 | AD66: 1 | AE66: 0 | AF66: 0 | AG66: 1 | AH66: 0 | AI66: =SUM(E66:AH66) -> 13
A67: B | B67: JUMLAH SUARA SAH PARTAI POLITIK DAN CALON (A1 + A2) | E67: =SUM(E57:E66) -> 38 | F67: =SUM(F57:F66) -> 29 | G67: =SUM(G57:G66) -> 37 | H67: =SUM(H57:H66) -> 31 | I67: =SUM(I57:I66) -> 38 | J67: =SUM(J57:J66) -> 41 | K67: =SUM(K57:K66) -> 54 | L67: =SUM(L57:L66) -> 80 | ... AI67: =SUM(AI57:AI66) -> 1250
A69: A.1 | B69: 3. | C69: Partai Demokrasi Indonesia Perjuangan | E69: 7 | F69: 10 | G69: 16 | H69: 3 | I69: 9 | J69: 5 | K69: 5 | L69: 16 | M69: 9 | N69: 10 | O69: 4 | P69: 3 | Q69: 13 | R69: 8 | S69: 9 | T69: 5 | U69: 14 | V69: 6 | W69: 14 | X69: 21 | Y69: 18 | Z69: 12 | AA69: 15 | AB69: 5 | AC69: 14 | AD69: 10 | AE69: 28 | AF69: 23 | AG69: 20 | AH69: 14 | AI69: =SUM(E69:AH69) -> 346
A70: A.2 | C70: 1. MARTIN H., S.H., M.H. | E70: 3 | F70: 2 | G70: 4 | H70: 3 | I70: 9 | J70: 3 | K70: 2 | L70: 2 | M70: 1 | N70: 5 | O70: 0 | P70: 3 | Q70: 6 | R70: 1 | S70: 4 | T70: 2 | U70: 2 | V70: 3 | W70: 10 | X70: 13 | Y70: 10 | Z70: 2 | AA70: 3 | AB70: 5 | AC70: 2 | AD70: 9 | AE70: 6 | AF70: 12 | AG70: 7 | AH70: 4 | AI70: =SUM(E70:AH70) -> 138
C71: 2. HERMANTO, S.E. | E71: 17 | F71: 5 | G71: 8 | H71: 14 | I71: 9 | J71: 9 | K71: 18 | L71: 4 | M71: 19 | N71: 12 | O71: 18 | P71: 5 | Q71: 28 | R71: 41 | S71: 25 | T71: 17 | U71: 24 | V71: 33 | W71: 19 | X71: 8 | Y71: 10 | Z71: 19 | AA71: 47 | AB71: 33 | AC71: 19 | AD71: 12 | AE71: 18 | AF71: 7 | AG71: 6 | AH71: 9 | AI71: =SUM(E71:AH71) -> 513
C72: 3. EVY SUSILAWATI, S.E., M.M. | E72: 0 | F72: 2 | G72: 2 | H72: 5 | I72: 1 | J72: 3 | K72: 1 | L72: 1 | M72: 2 | N72: 1 | O72: 1 | P72: 5 | Q72: 2 | R72: 2 | S72: 3 | T72: 3 | U72: 0 | V72: 2 | W72: 1 | X72: 7 | Y72: 6 | Z72: 4 | AA72: 4 | AB72: 4 | AC72: 5 | AD72: 5 | AE72: 7 | AF72: 9 | AG72: 11 | AH72: 4 | AI72: =SUM(E72:AH72) -> 103
C73: 4. M. SIROTTUDIN | E73: 2 | F73: 0 | G73: 2 | H73: 2 | I73: 0 | J73: 2 | K73: 1 | L73: 0 | M73: 1 | N73: 6 | O73: 3 | P73: 2 | Q73: 1 | R73: 4 | S73: 3 | T73: 1 | U73: 4 | V73: 0 | W73: 0 | X73: 2 | Y73: 4 | Z73: 4 | AA73: 0 | AB73: 0 | AC73: 3 | AD73: 19 | AE73: 16 | AF73: 14 | AG73: 33 | AH73: 11 | AI73: =SUM(E73:AH73) -> 140
C74: 5. ABDUL HAFID, S.H. | E74: 0 | F74: 2 | G74: 2 | H74: 1 | I74: 1 | J74: 2 | K74: 0 | L74: 0 | M74: 0 | N74: 1 | O74: 2 | P74: 0 | Q74: 1 | R74: 1 | S74: 0 | T74: 2 | U74: 3 | V74: 1 | W74: 0 | X74: 1 | Y74: 3 | Z74: 2 | AA74: 2 | AB74: 3 | AC74: 2 | AD74: 8 | AE74: 11 | AF74: 8 | AG74: 4 | AH74: 9 | AI74: =SUM(E74:AH74) -> 72
C75: 6. NIKITA FORTUNA SURYANINGATI, A.Md.Keb. | E75: 1 | F75: 0 | G75: 1 | H75: 0 | I75: 1 | J75: 0 | K75: 1 | L75: 0 | M75: 0 | N75: 4 | O75: 0 | P75: 2 | Q75: 0 | R75: 1 | S75: 0 | T75: 0 | U75: 1 | V75: 0 | W75: 1 | X75: 1 | Y75: 3 | Z75: 3 | AA75: 0 | AB75: 1 | AC75: 2 | AD75: 2 | AE75: 1 | AF75: 1 | AG75: 3 | AH75: 2 | AI75: =SUM(E75:AH75) -> 32
C76: 7. YUDHO ILHAM WIJAYA, S.E. | E76: 0 | F76: 1 | G76: 0 | H76: 1 | I76: 0 | J76: 0 | K76: 0 | L76: 0 | M76: 1 | N76: 0 | O76: 0 | P76: 0 | Q76: 1 | R76: 0 | S76: 0 | T76: 0 | U76: 0 | V76: 0 | W76: 0 | X76: 1 | Y76: 0 | Z76: 0 | AA76: 0 | AB76: 0 | AC76: 1 | AD76: 0 | AE76: 0 | AF76: 0 | AG76: 0 | AH76: 0 | AI76: =SUM(E76:AH76) -> 6
C77: 8. SETIAWATI, S.H. | E77: 1 | F77: 0 | G77: 0 | H77: 0 | I77: 0 | J77: 0 | K77: 1 | L77: 0 | M77: 1 | N77: 2 | O77: 0 | P77: 0 | Q77: 0 | R77: 0 | S77: 0 | T77: 0 | U77: 0 | V77: 0 | W77: 0 | X77: 1 | Y77: 0 | Z77: 0 | AA77: 0 | AB77: 0 | AC77: 0 | AD77: 0 | AE77: 0 | AF77: 2 | AG77: 6 | AH77: 1 | AI77: =SUM(E77:AH77) -> 15
C78: 9. EKO BUDI SANTOSO, S.H. | E78: 0 | F78: 1 | G78: 0 | H78: 0 | I78: 1 | J78: 0 | K78: 1 | L78: 1 | M78: 0 | N78: 0 | O78: 0 | P78: 0 | Q78: 1 | R78: 1 | S78: 0 | T78: 0 | U78: 0 | V78: 0 | W78: 1 | X78: 1 | Y78: 0 | Z78: 2 | AA78: 0 | AB78: 0 | AC78: 1 | AD78: 0 | AE78: 1 | AF78: 2 | AG78: 0 | AH78: 1 | AI78: =SUM(E78:AH78) -> 15
A79: B | B79: JUMLAH SUARA SAH PARTAI POLITIK DAN CALON (A1 + A2) | E79: =SUM(E69:E78) -> 31 | F79: =SUM(F69:F78) -> 23 | G79: =SUM(G69:G78) -> 35 | H79: =SUM(H69:H78) -> 29 | I79: =SUM(I69:I78) -> 31 | J79: =SUM(J69:J78) -> 24 | K79: =SUM(K69:K78) -> 30 | L79: =SUM(L69:L78) -> 24 | ... AI79: =SUM(AI69:AI78) -> 1380
A81: A.1 | B81: 4. | C81: Partai Golongan Karya | E81: 9 | F81: 9 | G81: 6 | H81: 2 | I81: 10 | J81: 5 | K81: 5 | L81: 3 | M81: 0 | N81: 1 | O81: 2 | P81: 3 | Q81: 2 | R81: 3 | S81: 4 | T81: 3 | U81: 1 | V81: 2 | W81: 3 | X81: 1 | Y81: 4 | Z81: 0 | AA81: 4 | AB81: 2 | AC81: 2 | AD81: 3 | AE81: 2 | AF81: 1 | AG81: 0 | AH81: 3 | AI81: =SUM(E81:AH81) -> 95
A82: A.2 | C82: 1. PRANAYA YUDHA MAHARDHIKA | E82: 6 | F82: 2 | G82: 5 | H82: 4 | I82: 2 | J82: 1 | K82: 2 | L82: 4 | M82: 0 | N82: 2 | O82: 6 | P82: 1 | Q82: 3 | R82: 1 | S82: 0 | T82: 4 | U82: 1 | V82: 0 | W82: 1 | X82: 1 | Y82: 1 | Z82: 0 | AA82: 0 | AB82: 4 | AC82: 1 | AD82: 1 | AE82: 0 | AF82: 0 | AG82: 0 | AH82: 3 | AI82: =SUM(E82:AH82) -> 56
C83: 2. Dra. Ec. ENDANG SULASTUTY, M.I.P. | E83: 1 | F83: 1 | G83: 4 | H83: 2 | I83: 2 | J83: 1 | K83: 2 | L83: 1 | M83: 0 | N83: 0 | O83: 2 | P83: 0 | Q83: 1 | R83: 1 | S83: 0 | T83: 1 | U83: 2 | V83: 0 | W83: 0 | X83: 0 | Y83: 0 | Z83: 0 | AA83: 0 | AB83: 4 | AC83: 0 | AD83: 0 | AE83: 0 | AF83: 1 | AG83: 1 | AH83: 1 | AI83: =SUM(E83:AH83) -> 28
C84: 3. AGUS REJEKI WARTONO | E84: 2 | F84: 0 | G84: 1 | H84: 0 | I84: 1 | J84: 0 | K84: 2 | L84: 2 | M84: 1 | N84: 0 | O84: 0 | P84: 0 | Q84: 0 | R84: 0 | S84: 1 | T84: 1 | U84: 1 | V84: 0 | W84: 0 | X84: 0 | Y84: 1 | Z84: 0 | AA84: 0 | AB84: 2 | AC84: 1 | AD84: 1 | AE84: 0 | AF84: 2 | AG84: 3 | AH84: 1 | AI84: =SUM(E84:AH84) -> 23
C85: 4. Hj. TUTUK ASMA'A ZUCHROH, S.T., M.T. | E85: 0 | F85: 0 | G85: 0 | H85: 3 | I85: 3 | J85: 0 | K85: 2 | L85: 0 | M85: 0 | N85: 0 | O85: 0 | P85: 0 | Q85: 0 | R85: 1 | S85: 0 | T85: 1 | U85: 6 | V85: 0 | W85: 2 | X85: 0 | Y85: 0 | Z85: 0 | AA85: 1 | AB85: 4 | AC85: 1 | AD85: 2 | AE85: 0 | AF85: 1 | AG85: 2 | AH85: 0 | AI85: =SUM(E85:AH85) -> 29
C86: 5. ADE M. RIZKI, S.E. | E86: 0 | F86: 0 | G86: 1 | H86: 1 | I86: 0 | J86: 2 | K86: 2 | L86: 1 | M86: 2 | N86: 0 | O86: 0 | P86: 0 | Q86: 2 | R86: 0 | S86: 0 | T86: 0 | U86: 0 | V86: 0 | W86: 0 | X86: 1 | Y86: 0 | Z86: 0 | AA86: 0 | AB86: 0 | AC86: 0 | AD86: 0 | AE86: 1 | AF86: 0 | AG86: 0 | AH86: 1 | AI86: =SUM(E86:AH86) -> 14
C87: 6. ABDURAKHMAN, Bc.Kn. | E87: 1 | F87: 0 | G87: 0 | H87: 1 | I87: 0 | J87: 1 | K87: 0 | L87: 0 | M87: 0 | N87: 2 | O87: 0 | P87: 2 | Q87: 0 | R87: 0 | S87: 0 | T87: 1 | U87: 0 | V87: 0 | W87: 1 | X87: 0 | Y87: 0 | Z87: 0 | AA87: 1 | AB87: 0 | AC87: 0 | AD87: 0 | AE87: 1 | AF87: 1 | AG87: 0 | AH87: 0 | AI87: =SUM(E87:AH87) -> 12
C88: 7. CENDY RHIYAN ADI PUTRI | E88: 1 | F88: 0 | G88: 0 | H88: 1 | I88: 0 | J88: 0 | K88: 0 | L88: 1 | M88: 0 | N88: 0 | O88: 0 | P88: 0 | Q88: 0 | R88: 0 | S88: 1 | T88: 0 | U88: 0 | V88: 0 | W88: 0 | X88: 0 | Y88: 0 | Z88: 0 | AA88: 0 | AB88: 0 | AC88: 0 | AD88: 1 | AE88: 0 | AF88: 0 | AG88: 0 | AH88: 0 | AI88: =SUM(E88:AH88) -> 5
C89: 8. BAKTI WIJAYANTO, S.E. | E89: 0 | F89: 0 | G89: 0 | H89: 0 | I89: 0 | J89: 0 | K89: 0 | L89: 0 | M89: 0 | N89: 0 | O89: 0 | P89: 1 | Q89: 0 | R89: 0 | S89: 0 | T89: 0 | U89: 0 | V89: 0 | W89: 0 | X89: 0 | Y89: 0 | Z89: 0 | AA89: 0 | AB89: 0 | AC89: 0 | AD89: 0 | AE89: 0 | AF89: 0 | AG89: 0 | AH89: 0 | AI89: =SUM(E89:AH89) -> 1
C90: 9. AHMAD UBAIDILLAH | E90: 0 | F90: 2 | G90: 1 | H90: 0 | I90: 0 | J90: 0 | K90: 0 | L90: 1 | M90: 0 | N90: 0 | O90: 0 | P90: 0 | Q90: 0 | R90: 1 | S90: 0 | T90: 0 | U90: 0 | V90: 0 | W90: 0 | X90: 0 | Y90: 0 | Z90: 0 | AA90: 1 | AB90: 0 | AC90: 0 | AD90: 0 | AE90: 0 | AF90: 0 | AG90: 0 | AH90: 1 | AI90: =SUM(E90:AH90) -> 7
A91: B | B91: JUMLAH SUARA SAH PARTAI POLITIK DAN CALON (A1 + A2) | E91: =SUM(E81:E90) -> 20 | F91: =SUM(F81:F90) -> 14 | G91: =SUM(G81:G90) -> 18 | H91: =SUM(H81:H90) -> 14 | I91: =SUM(I81:I90) -> 18 | J91: =SUM(J81:J90) -> 10 | K91: =SUM(K81:K90) -> 15 | L91: =SUM(L81:L90) -> 13 | ... AI91: =SUM(AI81:AI90) -> 270
A93: A.1 | B93: 5. | C93: Partai NasDem | E93: 3 | F93: 0 | G93: 2 | H93: 1 | I93: 1 | J93: 2 | K93: 3 | L93: 1 | M93: 0 | N93: 0 | O93: 1 | P93: 0 | Q93: 3 | R93: 1 | S93: 0 | T93: 0 | U93: 3 | V93: 2 | W93: 1 | X93: 1 | Y93: 0 | Z93: 0 | AA93: 2 | AB93: 2 | AC93: 3 | AD93: 4 | AE93: 6 | AF93: 6 | AG93: 4 | AH93: 3 | AI93: =SUM(E93:AH93) -> 55
A94: A.2 | C94: 1. ALI MUSTOFA, A.Md. | E94: 1 | F94: 0 | G94: 0 | H94: 0 | I94: 1 | J94: 1 | K94: 4 | L94: 1 | M94: 0 | N94: 0 | O94: 0 | P94: 1 | Q94: 3 | R94: 0 | S94: 5 | T94: 3 | U94: 1 | V94: 1 | W94: 0 | X94: 3 | Y94: 1 | Z94: 2 | AA94: 2 | AB94: 2 | AC94: 0 | AD94: 1 | AE94: 0 | AF94: 1 | AG94: 0 | AH94: 1 | AI94: =SUM(E94:AH94) -> 35
C95: 2. Hj. BUAMI, S.H. | E95: 0 | F95: 0 | G95: 0 | H95: 0 | I95: 0 | J95: 0 | K95: 0 | L95: 1 | M95: 0 | N95: 0 | O95: 0 | P95: 0 | Q95: 0 | R95: 0 | S95: 0 | T95: 0 | U95: 0 | V95: 0 | W95: 0 | X95: 1 | Y95: 0 | Z95: 0 | AA95: 1 | AB95: 0 | AC95: 0 | AD95: 0 | AE95: 0 | AF95: 0 | AG95: 1 | AH95: 0 | AI95: =SUM(E95:AH95) -> 4
C96: 3. SUGIONO, S.H. | E96: 1 | F96: 0 | G96: 0 | H96: 0 | I96: 0 | J96: 1 | K96: 0 | L96: 0 | M96: 0 | N96: 0 | O96: 1 | P96: 0 | Q96: 1 | R96: 0 | S96: 0 | T96: 0 | U96: 1 | V96: 0 | W96: 0 | X96: 1 | Y96: 0 | Z96: 0 | AA96: 0 | AB96: 0 | AC96: 0 | AD96: 1 | AE96: 1 | AF96: 0 | AG96: 0 | AH96: 0 | AI96: =SUM(E96:AH96) -> 8
C97: 4. LULUK SUNARMIATININGSIH | E97: 0 | F97: 0 | G97: 0 | H97: 0 | I97: 0 | J97: 0 | K97: 0 | L97: 0 | M97: 0 | N97: 0 | O97: 0 | P97: 0 | Q97: 0 | R97: 0 | S97: 0 | T97: 0 | U97: 0 | V97: 0 | W97: 0 | X97: 0 | Y97: 0 | Z97: 0 | AA97: 0 | AB97: 1 | AC97: 0 | AD97: 0 | AE97: 0 | AF97: 0 | AG97: 2 | AH97: 1 | AI97: =SUM(E97:AH97) -> 4
C98: 5. ANTON DJULIANTO ADI | E98: 0 | F98: 0 | G98: 0 | H98: 0 | I98: 0 | J98: 0 | K98: 1 | L98: 0 | M98: 0 | N98: 0 | O98: 0 | P98: 0 | Q98: 0 | R98: 0 | S98: 0 | T98: 0 | U98: 0 | V98: 0 | W98: 0 | X98: 0 | Y98: 0 | Z98: 1 | AA98: 0 | AB98: 0 | AC98: 0 | AD98: 1 | AE98: 0 | AF98: 0 | AG98: 0 | AH98: 0 | AI98: =SUM(E98:AH98) -> 3
C99: 6. MOKHAMAD ROFI'I KHUSNAN | E99: 0 | F99: 0 | G99: 0 | H99: 1 | I99: 0 | J99: 0 | K99: 0 | L99: 0 | M99: 0 | N99: 0 | O99: 0 | P99: 0 | Q99: 0 | R99: 0 | S99: 0 | T99: 0 | U99: 0 | V99: 0 | W99: 0 | X99: 1 | Y99: 0 | Z99: 0 | AA99: 0 | AB99: 0 | AC99: 0 | AD99: 0 | AE99: 0 | AF99: 0 | AG99: 0 | AH99: 0 | AI99: =SUM(E99:AH99) -> 2
C100: 7. Rr SETYO WATI | E100: 0 | F100: 0 | G100: 0 | H100: 0 | I100: 0 | J100: 0 | K100: 0 | L100: 0 | M100: 0 | N100: 0 | O100: 0 | P100: 0 | Q100: 0 | R100: 0 | S100: 0 | T100: 0 | U100: 0 | V100: 0 | W100: 0 | X100: 0 | Y100: 0 | Z100: 0 | AA100: 0 | AB100: 0 | AC100: 0 | AD100: 0 | AE100: 0 | AF100: 0 | AG100: 0 | AH100: 0 | AI100: =SUM(E100:AH100) -> 0
C101: 8. ABD. KADIR ASSEGAFF | E101: 0 | F101: 0 | G101: 0 | H101: 0 | I101: 1 | J101: 0 | K101: 0 | L101: 0 | M101: 1 | N101: 0 | O101: 0 | P101: 0 | Q101: 1 | R101: 0 | S101: 0 | T101: 0 | U101: 0 | V101: 0 | W101: 0 | X101: 0 | Y101: 0 | Z101: 0 | AA101: 0 | AB101: 1 | AC101: 0 | AD101: 0 | AE101: 0 | AF101: 0 | AG101: 0 | AH101: 1 | AI101: =SUM(E101:AH101) -> 5
C102: 9. FATHOR ZAINULLAH | E102: 0 | F102: 0 | G102: 0 | H102: 0 | I102: 0 | J102: 0 | K102: 0 | L102: 0 | M102: 0 | N102: 0 | O102: 0 | P102: 0 | Q102: 0 | R102: 0 | S102: 0 | T102: 0 | U102: 0 | V102: 0 | W102: 0 | X102: 0 | Y102: 0 | Z102: 0 | AA102: 0 | AB102: 0 | AC102: 0 | AD102: 0 | AE102: 0 | AF102: 0 | AG102: 0 | AH102: 0 | AI102: =SUM(E102:AH102) -> 0
A103: B | B103: JUMLAH SUARA SAH PARTAI POLITIK DAN CALON (A1 + A2) | E103: =SUM(E93:E102) -> 5 | F103: =SUM(F93:F102) -> 0 | G103: =SUM(G93:G102) -> 2 | H103: =SUM(H93:H102) -> 2 | I103: =SUM(I93:I102) -> 3 | J103: =SUM(J93:J102) -> 4 | K103: =SUM(K93:K102) -> 8 | L103: =SUM(L93:L102) -> 3 | ... AI103: =SUM(AI93:AI102) -> 116
A105: A.1 | B105: 6. | C105: Partai Buruh | E105: 0 | F105: 0 | G105: 0 | H105: 0 | I105: 1 | J105: 2 | K105: 2 | L105: 0 | M105: 0 | N105: 4 | O105: 3 | P105: 0 | Q105: 0 | R105: 1 | S105: 2 | T105: 0 | U105: 0 | V105: 1 | W105: 0 | X105: 3 | Y105: 0 | Z105: 0 | AA105: 0 | AB105: 1 | AC105: 0 | AD105: 0 | AE105: 0 | AF105: 1 | AG105: 1 | AH105: 0 | AI105: =SUM(E105:AH105) -> 22
A106: A.2 | C106: 1. AGUS SUPRIYADI | E106: 0 | F106: 0 | G106: 0 | H106: 0 | I106: 0 | J106: 1 | K106: 0 | L106: 0 | M106: 1 | N106: 1 | O106: 2 | P106: 1 | Q106: 0 | R106: 1 | S106: 1 | T106: 0 | U106: 0 | V106: 0 | W106: 0 | X106: 0 | Y106: 0 | Z106: 0 | AA106: 0 | AB106: 0 | AC106: 0 | AD106: 0 | AE106: 0 | AF106: 0 | AG106: 0 | AH106: 1 | AI106: =SUM(E106:AH106) -> 9
C107: 2. ENI HARIATI | E107: 0 | F107: 0 | G107: 0 | H107: 0 | I107: 0 | J107: 0 | K107: 3 | L107: 0 | M107: 1 | N107: 0 | O107: 0 | P107: 1 | Q107: 0 | R107: 1 | S107: 1 | T107: 0 | U107: 0 | V107: 1 | W107: 0 | X107: 0 | Y107: 0 | Z107: 0 | AA107: 0 | AB107: 0 | AC107: 1 | AD107: 1 | AE107: 0 | AF107: 0 | AG107: 0 | AH107: 0 | AI107: =SUM(E107:AH107) -> 10
AI108: =SUM(E108:AH108) -> 0
AI109: =SUM(E109:AH109) -> 0
AI110: =SUM(E110:AH110) -> 0
AI111: =SUM(E111:AH111) -> 0
AI112: =SUM(E112:AH112) -> 0
AI113: =SUM(E113:AH113) -> 0
AI114: =SUM(E114:AH114) -> 0
A115: B | B115: JUMLAH SUARA SAH PARTAI POLITIK DAN CALON (A1 + A2) | E115: =SUM(E105:E114) -> 0 | F115: =SUM(F105:F114) -> 0 | G115: =SUM(G105:G114) -> 0 | H115: =SUM(H105:H114) -> 0 | I115: =SUM(I105:I114) -> 1 | J115: =SUM(J105:J114) -> 3 | K115: =SUM(K105:K114) -> 5 | L115: =SUM(L105:L114) -> 0 | ... AI115: =SUM(AI105:AI114) -> 41
A117: A.1 | B117: 7. | C117: Partai Gelombang Rakyat Indonesia | E117: 0 | F117: 0 | G117: 0 | H117: 0 | I117: 4 | J117: 1 | K117: 1 | L117: 1 | M117: 0 | N117: 1 | O117: 0 | P117: 0 | Q117: 0 | R117: 0 | S117: 1 | T117: 0 | U117: 2 | V117: 0 | W117: 0 | X117: 2 | Y117: 0 | Z117: 1 | AA117: 0 | AB117: 1 | AC117: 1 | AD117: 0 | AE117: 0 | AF117: 1 | AG117: 0 | AH117: 1 | AI117: =SUM(E117:AH117) -> 18
...

Sheet KEPATIHAN
C2: Kecamatan | D2: BANYUWANGI
C3: Kabupaten | D3: BANYUWANGI
C4: Provinsi | D4: JAWA TIMUR
C9: Kelurahan | D9: KEPATIHAN
A12: I | B12: DATA PEMILIH DAN PENGGUNAAN HAK PILIH | S12: JUMLAH AKHIR
A13: A | B13: DATA PEMILIH | E13: TPS 001 | F13: TPS 002 | G13: TPS 003 | H13: TPS 004 | I13: TPS 005 | J13: TPS 006 | K13: TPS 007 | L13: TPS 008 | M13: TPS 009 | N13: TPS 010 | O13: TPS 011 | P13: TPS 012 | Q13: TPS 013 | R13: TPS 014
B14: Jumlah Pemilih dalam Daftar Pemilih Tetap (DPT) | D14: LK | E14: 99 | F14: 85 | G14: 115 | H14: 126 | I14: 128 | J14: 122 | K14: 134 | L14: 141 | M14: 129 | N14: 99 | O14: 72 | P14: 132 | Q14: 136 | R14: 131 | S14: =SUM(E14:R14) -> 1649
D15: PR | E15: 104 | F15: 87 | G15: 106 | H15: 148 | I15: 147 | J15: 148 | K15: 162 | L15: 152 | M15: 122 | N15: 106 | O15: 75 | P15: 131 | Q15: 141 | R15: 140 | S15: =SUM(E15:R15) -> 1769
D16: JML | E16: =SUM(E14:E15) -> 203 | F16: =SUM(F14:F15) -> 172 | G16: =SUM(G14:G15) -> 221 | H16: =SUM(H14:H15) -> 274 | I16: =SUM(I14:I15) -> 275 | J16: =SUM(J14:J15) -> 270 | K16: =SUM(K14:K15) -> 296 | L16: =SUM(L14:L15) -> 293 | ... R16: =SUM(R14:R15) -> 271 | S16: =SUM(E16:R16) -> 3418
A18: B | B18: PENGGUNA HAK PILIH
B19: 1. | C19: Jumlah pengguna hak pilih dalam Daftar Pemilih Tetap (DPT) | D19: LK | E19: 69 | F19: 61 | G19: 73 | H19: 116 | I19: 84 | J19: 111 | K19: 90 | L19: 105 | M19: 78 | N19: 64 | O19: 51 | P19: 91 | Q19: 96 | R19: 90 | S19: =SUM(E19:R19) -> 1179
D20: PR | E20: 81 | F20: 66 | G20: 82 | H20: 95 | I20: 114 | J20: 85 | K20: 126 | L20: 117 | M20: 88 | N20: 76 | O20: 54 | P20: 103 | Q20: 117 | R20: 100 | S20: =SUM(E20:R20) -> 1304
D21: JML | E21: =SUM(E19:E20) -> 150 | F21: =SUM(F19:F20) -> 127 | G21: =SUM(G19:G20) -> 155 | H21: =SUM(H19:H20) -> 211 | I21: =SUM(I19:I20) -> 198 | J21: =SUM(J19:J20) -> 196 | K21: =SUM(K19:K20) -> 216 | L21: =SUM(L19:L20) -> 222 | ... R21: =SUM(R19:R20) -> 190 | S21: =SUM(E21:R21) -> 2483
B22: 2. | C22: Jumlah pengguna hak pilih dalam Daftar Pemilih Tambahan (DPTb) | D22: LK | E22: 0 | F22: 0 | G22: 0 | H22: 0 | I22: 1 | J22: 1 | K22: 0 | L22: 0 | M22: 0 | N22: 0 | O22: 0 | P22: 1 | Q22: 0 | R22: 0 | S22: =SUM(E22:R22) -> 3
D23: PR | E23: 0 | F23: 0 | G23: 0 | H23: 0 | I23: 1 | J23: 1 | K23: 0 | L23: 0 | M23: 0 | N23: 0 | O23: 0 | P23: 0 | Q23: 0 | R23: 0 | S23: =SUM(E23:R23) -> 2
D24: JML | E24: =SUM(E22:E23) -> 0 | F24: =SUM(F22:F23) -> 0 | G24: =SUM(G22:G23) -> 0 | H24: =SUM(H22:H23) -> 0 | I24: =SUM(I22:I23) -> 2 | J24: =SUM(J22:J23) -> 2 | K24: =SUM(K22:K23) -> 0 | L24: =SUM(L22:L23) -> 0 | ... R24: =SUM(R22:R23) -> 0 | S24: =SUM(E24:R24) -> 5
B25: 3. | C25: Jumlah pengguna hak pilih dalam Daftar Pemilih Khusus (DPK) | D25: LK | E25: 0 | F25: 4 | G25: 3 | H25: 0 | I25: 0 | J25: 0 | K25: 3 | L25: 4 | M25: 0 | N25: 2 | O25: 1 | P25: 2 | Q25: 0 | R25: 0 | S25: =SUM(E25:R25) -> 19
D26: PR | E26: 1 | F26: 2 | G26: 3 | H26: 0 | I26: 0 | J26: 1 | K26: 3 | L26: 3 | M26: 0 | N26: 6 | O26: 0 | P26: 1 | Q26: 0 | R26: 1 | S26: =SUM(E26:R26) -> 21
D27: JML | E27: =SUM(E25:E26) -> 1 | F27: =SUM(F25:F26) -> 6 | G27: =SUM(G25:G26) -> 6 | H27: =SUM(H25:H26) -> 0 | I27: =SUM(I25:I26) -> 0 | J27: =SUM(J25:J26) -> 1 | K27: =SUM(K25:K26) -> 6 | L27: =SUM(L25:L26) -> 7 | ... R27: =SUM(R25:R26) -> 1 | S27: =SUM(E27:R27) -> 40
