Workbook

Sheet DPRD PROVINSI
C8: Kecamatan | D8: GIRI
C9: Kabupaten | D9: BANYUWANGI
C10: Provinsi | D10: JAWA TIMUR
A12: I | B12: DATA PEMILIH DAN PENGGUNAAN HAK PILIH | E12: JUMLAH AKHIR
A13: A | B13: DATA PEMILIH
B14: Jumlah Pemilih dalam Daftar Pemilih Tetap (DPT) | D14: LK | E14: =BOYOLANGU!U14+GIRI!V14+GROGOL!V14+JAMBESARI!O14+MOJOPANGGUNG!V14+PENATABAN!V14 -> 12715
D15: PR | E15: =BOYOLANGU!U15+GIRI!V15+GROGOL!V15+JAMBESARI!O15+MOJOPANGGUNG!V15+PENATABAN!V15 -> 12285
D16: JML | E16: =SUM(E14:E15) -> 25000
A18: B | B18: PENGGUNA HAK PILIH
B19: 1. | C19: Jumlah pengguna hak pilih dalam Daftar Pemilih Tetap (DPT) | D19: LK | E19: =BOYOLANGU!U19+GIRI!V19+GROGOL!V19+JAMBESARI!O19+MOJOPANGGUNG!V19+PENATABAN!V19 -> 9670
D20: PR | E20: =BOYOLANGU!U20+GIRI!V20+GROGOL!V20+JAMBESARI!O20+MOJOPANGGUNG!V20+PENATABAN!V20 -> 10223
D21: JML | E21: =SUM(E19:E20) -> 19893
B22: 2. | C22: Jumlah pengguna hak pilih dalam Daftar Pemilih Tambahan (DPTb) | D22: LK | E22: =BOYOLANGU!U22+GIRI!V22+GROGOL!V22+JAMBESARI!O22+MOJOPANGGUNG!V22+PENATABAN!V22 -> 324
D23: PR | E23: =BOYOLANGU!U23+GIRI!V23+GROGOL!V23+JAMBESARI!O23+MOJOPANGGUNG!V23+PENATABAN!V23 -> 32
D24: JML | E24: =SUM(E22:E23) -> 356
B25: 3. | C25: Jumlah pengguna hak pilih dalam Daftar Pemilih Khusus (DPK) | D25: LK | E25: =BOYOLANGU!U25+GIRI!V25+GROGOL!V25+JAMBESARI!O25+MOJOPANGGUNG!V25+PENATABAN!V25 -> 52
D26: PR | E26: =BOYOLANGU!U26+GIRI!V26+GROGOL!V26+JAMBESARI!O26+MOJOPANGGUNG!V26+PENATABAN!V26 -> 95
D27: JML | E27: =SUM(E25:E26) -> 147
B28: 4. | C28: Jumlah Pengguna Hak Pilih (B.1+B.2+B.3) | D28: LK | E28: =E19+E22+E25 -> 10046
D29: PR | E29: =E20+E23+E26 -> 10350
D30: JML | E30: =SUM(E28:E29) -> 20396
A32: II | B32: DATA PENGGUNAAN SURAT SUARA
A33: 1 | B33: Jumlah surat suara yang diterima, termasuk surat suara cadangan 2,5% dari DPT | E33: =BOYOLANGU!U33+GIRI!V33+GROGOL!V33+JAMBESARI!O33+MOJOPANGGUNG!V33+PENATABAN!V33 -> 25519
A34: 2 | B34: Jumlah surat suara yang digunakan | E34: =BOYOLANGU!U34+GIRI!V34+GROGOL!V34+JAMBESARI!O34+MOJOPANGGUNG!V34+PENATABAN!V34 -> 20396
A35: 3 | B35: Jumlah surat suara dikembalikan oleh pemilih (karena rusak atau keliru coblos) | E35: =BOYOLANGU!U35+GIRI!V35+GROGOL!V35+JAMBESARI!O35+MOJOPANGGUNG!V35+PENATABAN!V35 -> 43
A36: 4 | B36: Jumlah surat suara yang tidak digunakan/tidak terpakai, termasuk sisa surat suara cadangan | E36: =E33-(E34+E35) -> 5080
A38: III | B38: DATA PEMILIH DISABILITAS
B39: Jumlah seluruh Pemilih disabilitas yang menggunakan hak pilih | D39: LK | E39: =BOYOLANGU!U39+GIRI!V39+GROGOL!V39+JAMBESARI!O39+MOJOPANGGUNG!V39+PENATABAN!V39 -> 28
D40: PR | E40: =BOYOLANGU!U40+GIRI!V40+GROGOL!V40+JAMBESARI!O40+MOJOPANGGUNG!V40+PENATABAN!V40 -> 20
D41: JML | E41: =SUM(E39:E40) -> 48
A43: IV | B43: DATA RINCIAN PEROLEHAN SUARA PASANGAN CALON BUPATI DAN WAKIL BUPATI
A44: NOMOR DAN NAMA CALON
A45: A.1 | B45: 1. | C45: Partai Kebangkitan Bangsa | E45: =BOYOLANGU!U45+GIRI!V45+GROGOL!V45+JAMBESARI!O45+MOJOPANGGUNG!V45+PENATABAN!V45 -> 1094
A46: A.2 | C46: 1. Dra. Hj. MA`MULAH HARUN, M.Pd.I. | E46: =BOYOLANGU!U46+GIRI!V46+GROGOL!V46+JAMBESARI!O46+MOJOPANGGUNG!V46+PENATABAN!V46 -> 3015
C47: 2. UBAIDILLAH, S.Fil.I. | E47: =BOYOLANGU!U47+GIRI!V47+GROGOL!V47+JAMBESARI!O47+MOJOPANGGUNG!V47+PENATABAN!V47 -> 148
C48: 3. Ir. H. YOYOK MULYADI, M.Si. | E48: =BOYOLANGU!U48+GIRI!V48+GROGOL!V48+JAMBESARI!O48+MOJOPANGGUNG!V48+PENATABAN!V48 -> 54
C49: 4. KHOIRUL ANWAR, S.Fil.I. | E49: =BOYOLANGU!U49+GIRI!V49+GROGOL!V49+JAMBESARI!O49+MOJOPANGGUNG!V49+PENATABAN!V49 -> 62
C50: 5. ARIF WIJAKSANA | E50: =BOYOLANGU!U50+GIRI!V50+GROGOL!V50+JAMBESARI!O50+MOJOPANGGUNG!V50+PENATABAN!V50 -> 47
C51: 6. Dr. SITI YUMNAH | E51: =BOYOLANGU!U51+GIRI!V51+GROGOL!V51+JAMBESARI!O51+MOJOPANGGUNG!V51+PENATABAN!V51 -> 40
C52: 7. MOHAMMAD ZAINI, M.Pd.I. | E52: =BOYOLANGU!U52+GIRI!V52+GROGOL!V52+JAMBESARI!O52+MOJOPANGGUNG!V52+PENATABAN!V52 -> 31
C53: 8. FAWAIDUL MAKKIYAH | E53: =BOYOLANGU!U53+GIRI!V53+GROGOL!V53+JAMBESARI!O53+MOJOPANGGUNG!V53+PENATABAN!V53 -> 8
C54: 9. IFFAH HIDAYATUR ROHMAH, S.Sos. | E54: =BOYOLANGU!U54+GIRI!V54+GROGOL!V54+JAMBESARI!O54+MOJOPANGGUNG!V54+PENATABAN!V54 -> 23
A55: B | B55: JUMLAH SUARA SAH PARTAI POLITIK DAN CALON (A1 + A2) | E55: =SUM(E45:E54) -> 4522
A57: A.1 | B57: 2. | C57: Partai Gerakan Indonesia Raya | E57: =BOYOLANGU!U57+GIRI!V57+GROGOL!V57+JAMBESARI!O57+MOJOPANGGUNG!V57+PENATABAN!V57 -> 1094
A58: A.2 | C58: 1. AHMAD HADINUDDIN, S.Pd.I. | E58: =BOYOLANGU!U58+GIRI!V58+GROGOL!V58+JAMBESARI!O58+MOJOPANGGUNG!V58+PENATABAN!V58 -> 474
C59: 2. BIMA RAFSANJANI RAFID | E59: =BOYOLANGU!U59+GIRI!V59+GROGOL!V59+JAMBESARI!O59+MOJOPANGGUNG!V59+PENATABAN!V59 -> 813
C60: 3. IRA DAMAYANTI | E60: =BOYOLANGU!U60+GIRI!V60+GROGOL!V60+JAMBESARI!O60+MOJOPANGGUNG!V60+PENATABAN!V60 -> 191
C61: 4. MAULANA MALIK IBRAHIM, S.H. | E61: =BOYOLANGU!U61+GIRI!V61+GROGOL!V61+JAMBESARI!O61+MOJOPANGGUNG!V61+PENATABAN!V61 -> 369
C62: 5. LULUK ALFIATI | E62: =BOYOLANGU!U62+GIRI!V62+GROGOL!V62+JAMBESARI!O62+MOJOPANGGUNG!V62+PENATABAN!V62 -> 82
C63: 6. ILHAM WAHYUDI, S.H. | E63: =BOYOLANGU!U63+GIRI!V63+GROGOL!V63+JAMBESARI!O63+MOJOPANGGUNG!V63+PENATABAN!V63 -> 41
C64: 7. HAERUL ANWAR, S.Pd.I. | E64: =BOYOLANGU!U64+GIRI!V64+GROGOL!V64+JAMBESARI!O64+MOJOPANGGUNG!V64+PENATABAN!V64 -> 17
C65: 8. YOVI ADHITYA WARDANI | E65: =BOYOLANGU!U65+GIRI!V65+GROGOL!V65+JAMBESARI!O65+MOJOPANGGUNG!V65+PENATABAN!V65 -> 20
C66: 9. RITA AMELIA | E66: =BOYOLANGU!U66+GIRI!V66+GROGOL!V66+JAMBESARI!O66+MOJOPANGGUNG!V66+PENATABAN!V66 -> 42
A67: B | B67: JUMLAH SUARA SAH PARTAI POLITIK DAN CALON (A1 + A2) | E67: =SUM(E57:E66) -> 3143
A69: A.1 | B69: 3. | C69: Partai Demokrasi Indonesia Perjuangan | E69: =BOYOLANGU!U69+GIRI!V69+GROGOL!V69+JAMBESARI!O69+MOJOPANGGUNG!V69+PENATABAN!V69 -> 944
A70: A.2 | C70: 1. MARTIN H., S.H., M.H. | E70: =BOYOLANGU!U70+GIRI!V70+GROGOL!V70+JAMBESARI!O70+MOJOPANGGUNG!V70+PENATABAN!V70 -> 357
C71: 2. HERMANTO, S.E. | E71: =BOYOLANGU!U71+GIRI!V71+GROGOL!V71+JAMBESARI!O71+MOJOPANGGUNG!V71+PENATABAN!V71 -> 1347
C72: 3. EVY SUSILAWATI, S.E., M.M. | E72: =BOYOLANGU!U72+GIRI!V72+GROGOL!V72+JAMBESARI!O72+MOJOPANGGUNG!V72+PENATABAN!V72 -> 245
C73: 4. M. SIROTTUDIN | E73: =BOYOLANGU!U73+GIRI!V73+GROGOL!V73+JAMBESARI!O73+MOJOPANGGUNG!V73+PENATABAN!V73 -> 487
C74: 5. ABDUL HAFID, S.H. | E74: =BOYOLANGU!U74+GIRI!V74+GROGOL!V74+JAMBESARI!O74+MOJOPANGGUNG!V74+PENATABAN!V74 -> 152
C75: 6. NIKITA FORTUNA SURYANINGATI, A.Md.Keb. | E75: =BOYOLANGU!U75+GIRI!V75+GROGOL!V75+JAMBESARI!O75+MOJOPANGGUNG!V75+PENATABAN!V75 -> 63
C76: 7. YUDHO ILHAM WIJAYA, S.E. | E76: =BOYOLANGU!U76+GIRI!V76+GROGOL!V76+JAMBESARI!O76+MOJOPANGGUNG!V76+PENATABAN!V76 -> 39
C77: 8. SETIAWATI, S.H. | E77: =BOYOLANGU!U77+GIRI!V77+GROGOL!V77+JAMBESARI!O77+MOJOPANGGUNG!V77+PENATABAN!V77 -> 25
C78: 9. EKO BUDI SANTOSO, S.H. | E78: =BOYOLANGU!U78+GIRI!V78+GROGOL!V78+JAMBESARI!O78+MOJOPANGGUNG!V78+PENATABAN!V78 -> 44
A79: B | B79: JUMLAH SUARA SAH PARTAI POLITIK DAN CALON (A1 + A2) | E79: =SUM(E69:E78) -> 3703
A81: A.1 | B81: 4. | C81: Partai Golongan Karya | E81: =BOYOLANGU!U81+GIRI!V81+GROGOL!V81+JAMBESARI!O81+MOJOPANGGUNG!V81+PENATABAN!V81 -> 512
A82: A.2 | C82: 1. PRANAYA YUDHA MAHARDHIKA | E82: =BOYOLANGU!U82+GIRI!V82+GROGOL!V82+JAMBESARI!O82+MOJOPANGGUNG!V82+PENATABAN!V82 -> 638
C83: 2. Dra. Ec. ENDANG SULASTUTY, M.I.P. | E83: =BOYOLANGU!U83+GIRI!V83+GROGOL!V83+JAMBESARI!O83+MOJOPANGGUNG!V83+PENATABAN!V83 -> 219
C84: 3. AGUS REJEKI WARTONO | E84: =BOYOLANGU!U84+GIRI!V84+GROGOL!V84+JAMBESARI!O84+MOJOPANGGUNG!V84+PENATABAN!V84 -> 69
C85: 4. Hj. TUTUK ASMA'A ZUCHROH, S.T., M.T. | E85: =BOYOLANGU!U85+GIRI!V85+GROGOL!V85+JAMBESARI!O85+MOJOPANGGUNG!V85+PENATABAN!V85 -> 134
C86: 5. ADE M. RIZKI, S.E. | E86: =BOYOLANGU!U86+GIRI!V86+GROGOL!V86+JAMBESARI!O86+MOJOPANGGUNG!V86+PENATABAN!V86 -> 56
C87: 6. ABDURAKHMAN, Bc.Kn. | E87: =BOYOLANGU!U87+GIRI!V87+GROGOL!V87+JAMBESARI!O87+MOJOPANGGUNG!V87+PENATABAN!V87 -> 17
C88: 7. CENDY RHIYAN ADI PUTRI | E88: =BOYOLANGU!U88+GIRI!V88+GROGOL!V88+JAMBESARI!O88+MOJOPANGGUNG!V88+PENATABAN!V88 -> 14
C89: 8. BAKTI WIJAYANTO, S.E. | E89: =BOYOLANGU!U89+GIRI!V89+GROGOL!V89+JAMBESARI!O89+MOJOPANGGUNG!V89+PENATABAN!V89 -> 11
C90: 9. AHMAD UBAIDILLAH | E90: =BOYOLANGU!U90+GIRI!V90+GROGOL!V90+JAMBESARI!O90+MOJOPANGGUNG!V90+PENATABAN!V90 -> 24
A91: B | B91: JUMLAH SUARA SAH PARTAI POLITIK DAN CALON (A1 + A2) | E91: =SUM(E81:E90) -> 1694
A93: A.1 | B93: 5. | C93: Partai NasDem | E93: =BOYOLANGU!U93+GIRI!V93+GROGOL!V93+JAMBESARI!O93+MOJOPANGGUNG!V93+PENATABAN!V93 -> 163
A94: A.2 | C94: 1. ALI MUSTOFA, A.Md. | E94: =BOYOLANGU!U94+GIRI!V94+GROGOL!V94+JAMBESARI!O94+MOJOPANGGUNG!V94+PENATABAN!V94 -> 188
C95: 2. Hj. BUAMI, S.H. | E95: =BOYOLANGU!U95+GIRI!V95+GROGOL!V95+JAMBESARI!O95+MOJOPANGGUNG!V95+PENATABAN!V95 -> 33
C96: 3. SUGIONO, S.H. | E96: =BOYOLANGU!U96+GIRI!V96+GROGOL!V96+JAMBESARI!O96+MOJOPANGGUNG!V96+PENATABAN!V96 -> 19
C97: 4. LULUK SUNARMIATININGSIH | E97: =BOYOLANGU!U97+GIRI!V97+GROGOL!V97+JAMBESARI!O97+MOJOPANGGUNG!V97+PENATABAN!V97 -> 20
C98: 5. ANTON DJULIANTO ADI | E98: =BOYOLANGU!U98+GIRI!V98+GROGOL!V98+JAMBESARI!O98+MOJOPANGGUNG!V98+PENATABAN!V98 -> 26
C99: 6. MOKHAMAD ROFI'I KHUSNAN | E99: =BOYOLANGU!U99+GIRI!V99+GROGOL!V99+JAMBESARI!O99+MOJOPANGGUNG!V99+PENATABAN!V99 -> 15
C100: 7. Rr SETYO WATI | E100: =BOYOLANGU!U100+GIRI!V100+GROGOL!V100+JAMBESARI!O100+MOJOPANGGUNG!V100+PENATABAN!V100 -> 4
C101: 8. ABD. KADIR ASSEGAFF | E101: =BOYOLANGU!U101+GIRI!V101+GROGOL!V101+JAMBESARI!O101+MOJOPANGGUNG!V101+PENATABAN!V101 -> 12
C102: 9. FATHOR ZAINULLAH | E102: =BOYOLANGU!U102+GIRI!V102+GROGOL!V102+JAMBESARI!O102+MOJOPANGGUNG!V102+PENATABAN!V102 -> 5
A103: B | B103: JUMLAH SUARA SAH PARTAI POLITIK DAN CALON (A1 + A2) | E103: =SUM(E93:E102) -> 485
A105: A.1 | B105: 6. | C105: Partai Buruh | E105: =BOYOLANGU!U105+GIRI!V105+GROGOL!V105+JAMBESARI!O105+MOJOPANGGUNG!V105+PENATABAN!V105 -> 47
A106: A.2 | C106: 1. AGUS SUPRIYADI | E106: =BOYOLANGU!U106+GIRI!V106+GROGOL!V106+JAMBESARI!O106+MOJOPANGGUNG!V106+PENATABAN!V106 -> 17
C107: 2. ENI HARIATI | E107: =BOYOLANGU!U107+GIRI!V107+GROGOL!V107+JAMBESARI!O107+MOJOPANGGUNG!V107+PENATABAN!V107 -> 9
A108: B | B108: JUMLAH SUARA SAH PARTAI POLITIK DAN CALON (A1 + A2) | E108: =SUM(E105:E107) -> 73
A110: A.1 | B110: 7. | C110: Partai Gelombang Rakyat Indonesia | E110: =BOYOLANGU!U110+GIRI!V110+GROGOL!V110+JAMBESARI!O110+MOJOPANGGUNG!V110+PENATABAN!V110 -> 43
A111: A.2 | C111: 1. MIRZA MUHROSNI AROMA | E111: =BOYOLANGU!U111+GIRI!V111+GROGOL!V111+JAMBESARI!O111+MOJOPANGGUNG!V111+PENATABAN!V111 -> 17
C112: 2. ACHMAD BAGUS SUGIARTO | E112: =BOYOLANGU!U112+GIRI!V112+GROGOL!V112+JAMBESARI!O112+MOJOPANGGUNG!V112+PENATABAN!V112 -> 14
C113: 3. ELOK FITRIYA NINGSIH | E113: =BOYOLANGU!U113+GIRI!V113+GROGOL!V113+JAMBESARI!O113+MOJOPANGGUNG!V113+PENATABAN!V113 -> 7
C114: 4. MADI | E114: =BOYOLANGU!U114+GIRI!V114+GROGOL!V114+JAMBESARI!O114+MOJOPANGGUNG!V114+PENATABAN!V114 -> 5
C115: 5. LUKY PERMANASARI | E115: =BOYOLANGU!U115+GIRI!V115+GROGOL!V115+JAMBESARI!O115+MOJOPANGGUNG!V115+PENATABAN!V115 -> 6
A116: B | B116: JUMLAH SUARA SAH PARTAI POLITIK DAN CALON (A1 + A2) | E116: =SUM(E110:E115) -> 92
A118: A.1 | B118: 8. | C118: Partai Keadilan Sejahtera | E118: =BOYOLANGU!U118+GIRI!V118+GROGOL!V118+JAMBESARI!O118+MOJOPANGGUNG!V118+PENATABAN!V118 -> 194
A119: A.2 | C119: 1. H. IRWAN SETIAWAN | E119: =BOYOLANGU!U119+GIRI!V119+GROGOL!V119+JAMBESARI!O119+MOJOPANGGUNG!V119+PENATABAN!V119 -> 241
...

Sheet BOYOLANGU
C2: Kecamatan | D2: GIRI
C3: Kabupaten | D3: BANYUWANGI
C4: Provinsi | D4: JAWA TIMUR
C9: Kelurahan | D9: BOYOLANGU
A12: I | B12: DATA PEMILIH DAN PENGGUNAAN HAK PILIH | U12: JUMLAH AKHIR
A13: A | B13: DATA PEMILIH | E13: TPS 001 | F13: TPS 002 | G13: TPS 003 | H13: TPS 004 | I13: TPS 005 | J13: TPS 006 | K13: TPS 007 | L13: TPS 008 | M13: TPS 009 | N13: TPS 010 | O13: TPS 011 | P13: TPS 012 | Q13: TPS 013 | R13: TPS 014 | S13: TPS 015 | T13: TPS 016
B14: Jumlah Pemilih dalam Daftar Pemilih Tetap (DPT) | D14: LK | E14: 137 | F14: 142 | G14: 142 | H14: 141 | I14: 150 | J14: 155 | K14: 146 | L14: 155 | M14: 152 | N14: 139 | O14: 110 | P14: 125 | Q14: 110 | R14: 108 | S14: 70 | T14: 139 | U14: =SUM(E14:T14) -> 2121
D15: PR | E15: 158 | F15: 154 | G15: 155 | H15: 156 | I15: 146 | J15: 142 | K15: 152 | L15: 143 | M15: 145 | N15: 159 | O15: 111 | P15: 133 | Q15: 117 | R15: 117 | S15: 78 | T15: 128 | U15: =SUM(E15:T15) -> 2194
D16: JML | E16: =SUM(E14:E15) -> 295 | F16: =SUM(F14:F15) -> 296 | G16: =SUM(G14:G15) -> 297 | H16: =SUM(H14:H15) -> 297 | I16: =SUM(I14:I15) -> 296 | J16: =SUM(J14:J15) -> 297 | K16: =SUM(K14:K15) -> 298 | L16: =SUM(L14:L15) -> 298 | ... T16: =SUM(T14:T15) -> 267 | U16: =SUM(E16:T16) -> 4315
A18: B | B18: PENGGUNA HAK PILIH
B19: 1. | C19: Jumlah pengguna hak pilih dalam Daftar Pemilih Tetap (DPT) | D19: LK | E19: 89 | F19: 113 | G19: 117 | H19: 118 | I19: 115 | J19: 121 | K19: 107 | L19: 115 | M19: 129 | N19: 105 | O19: 88 | P19: 101 | Q19: 99 | R19: 90 | S19: 51 | T19: 106 | U19: =SUM(E19:T19) -> 1664
D20: PR | E20: 117 | F20: 120 | G20: 134 | H20: 136 | I20: 114 | J20: 123 | K20: 135 | L20: 121 | M20: 131 | N20: 128 | O20: 103 | P20: 112 | Q20: 110 | R20: 100 | S20: 68 | T20: 109 | U20: =SUM(E20:T20) -> 1861
D21: JML | E21: =SUM(E19:E20) -> 206 | F21: =SUM(F19:F20) -> 233 | G21: =SUM(G19:G20) -> 251 | H21: =SUM(H19:H20) -> 254 | I21: =SUM(I19:I20) -> 229 | J21: =SUM(J19:J20) -> 244 | K21: =SUM(K19:K20) -> 242 | L21: =SUM(L19:L20) -> 236 | ... T21: =SUM(T19:T20) -> 215 | U21: =SUM(E21:T21) -> 3525
B22: 2. | C22: Jumlah pengguna hak pilih dalam Daftar Pemilih Tambahan (DPTb) | D22: LK | U22: =SUM(E22:T22) -> 0
D23: PR | E23: 1 | U23: =SUM(E23:T23) -> 1
D24: JML | E24: =SUM(E22:E23) -> 1 | F24: =SUM(F22:F23) -> 0 | G24: =SUM(G22:G23) -> 0 | H24: =SUM(H22:H23) -> 0 | I24: =SUM(I22:I23) -> 0 | J24: =SUM(J22:J23) -> 0 | K24: =SUM(K22:K23) -> 0 | L24: =SUM(L22:L23) -> 0 | ... T24: =SUM(T22:T23) -> 0 | U24: =SUM(E24:T24) -> 1
B25: 3. | C25: Jumlah pengguna hak pilih dalam Daftar Pemilih Khusus (DPK) | D25: LK | E25: 3 | F25: 2 | H25: 2 | N25: 1 | S25: 1 | U25: =SUM(E25:T25) -> 9
D26: PR | E26: 5 | H26: 1 | I26: 1 | L26: 1 | N26: 1 | R26: 1 | U26: =SUM(E26:T26) -> 10
D27: JML | E27: =SUM(E25:E26) -> 8 | F27: =SUM(F25:F26) -> 2 | G27: =SUM(G25:G26) -> 0 | H27: =SUM(H25:H26) -> 3 | I27: =SUM(I25:I26) -> 1 | J27: =SUM(J25:J26) -> 0 | K27: =SUM(K25:K26) -> 0 | L27: =SUM(L25:L26) -> 1 | ... T27: =SUM(T25:T26) -> 0 | U27: =SUM(E27:T27) -> 19
B28: 4. | C28: Jumlah Pengguna Hak Pilih (B.1+B.2+B.3) | D28: LK | E28: =SUM(E19,E22,E25) -> 92 | F28: =SUM(F19,F22,F25) -> 115 | G28: =SUM(G19,G22,G25) -> 117 | H28: =SUM(H19,H22,H25) -> 120 | I28: =SUM(I19,I22,I25) -> 115 | J28: =SUM(J19,J22,J25) -> 121 | K28: =SUM(K19,K22,K25) -> 107 | L28: =SUM(L19,L22,L25) -> 115 | ... T28: =SUM(T19,T22,T25) -> 106 | U28: =SUM(E28:T28) -> 1673
D29: PR | E29: =SUM(E20,E23,E26) -> 123 | F29: =SUM(F20,F23,F26) -> 120 | G29: =SUM(G20,G23,G26) -> 134 | H29: =SUM(H20,H23,H26) -> 137 | I29: =SUM(I20,I23,I26) -> 115 | J29: =SUM(J20,J23,J26) -> 123 | K29: =SUM(K20,K23,K26) -> 135 | L29: =SUM(L20,L23,L26) -> 122 | ... T29: =SUM(T20,T23,T26) -> 109 | U29: =SUM(E29:T29) -> 1872
D30: JML | E30: =SUM(E28:E29) -> 215 | F30: =SUM(F28:F29) -> 235 | G30: =SUM(G28:G29) -> 251 | H30: =SUM(H28:H29) -> 257 | I30: =SUM(I28:I29) -> 230 | J30: =SUM(J28:J29) -> 244 | K30: =SUM(K28:K29) -> 242 | L30: =SUM(L28:L29) -> 237 | ... T30: =SUM(T28:T29) -> 215 | U30: =SUM(E30:T30) -> 3545
A32: II | B32: DATA PENGGUNAAN SURAT SUARA
A33: 1 | B33: Jumlah surat suara yang diterima, termasuk surat suara cadangan 2,5% dari DPT | E33: 301 | F33: 302 | G33: 303 | H33: 303 | I33: 302 | J33: 303 | K33: 303 | L33: 304 | M33: 303 | N33: 304 | O33: 226 | P33: 264 | Q33: 322 | R33: 230 | S33: 141 | T33: 273 | U33: =SUM(E33:T33) -> 4484
A34: 2 | B34: Jumlah surat suara yang digunakan | E34: 215 | F34: 235 | G34: 251 | H34: 257 | I34: 230 | J34: 244 | K34: 242 | L34: 237 | M34: 260 | N34: 235 | O34: 191 | P34: 213 | Q34: 209 | R34: 191 | S34: 120 | T34: 215 | U34: =SUM(E34:T34) -> 3545
A35: 3 | B35: Jumlah surat suara dikembalikan oleh pemilih (karena rusak atau keliru coblos) | J35: 2 | U35: =SUM(E35:T35) -> 2
A36: 4 | B36: Jumlah surat suara yang tidak digunakan/tidak terpakai, termasuk sisa surat suara cadangan | E36: =E33-(E34+E35) -> 86 | F36: =F33-(F34+F35) -> 67 | G36: =G33-(G34+G35) -> 52 | H36: =H33-(H34+H35) -> 46 | I36: =I33-(I34+I35) -> 72 | J36: =J33-(J34+J35) -> 57 | K36: =K33-(K34+K35) -> 61 | L36: =L33-(L34+L35) -> 67 | ... T36: =T33-(T34+T35) -> 58 | U36: =SUM(E36:T36) -> 937
A38: III | B38: DATA PEMILIH DISABILITAS
B39: Jumlah seluruh Pemilih disabilitas yang menggunakan hak pilih | D39: LK | F39: 1 | I39: 1 | Q39: 2 | U39: =SUM(E39:T39) -> 4
D40: PR | M40: 1 | U40: =SUM(E40:T40) -> 1
D41: JML | E41: =SUM(E39:E40) -> 0 | F41: =SUM(F39:F40) -> 1 | G41: =SUM(G39:G40) -> 0 | H41: =SUM(H39:H40) -> 0 | I41: =SUM(I39:I40) -> 1 | J41: =SUM(J39:J40) -> 0 | K41: =SUM(K39:K40) -> 0 | L41: =SUM(L39:L40) -> 0 | ... T41: =SUM(T39:T40) -> 0 | U41: =SUM(E41:T41) -> 5
A43: IV | B43: DATA RINCIAN PEROLEHAN SUARA PASANGAN CALON BUPATI DAN WAKIL BUPATI
A44: NOMOR DAN NAMA CALON
A45: A.1 | B45: 1. | C45: Partai Kebangkitan Bangsa | E45: 7 | F45: 8 | G45: 12 | H45: 17 | I45: 7 | J45: 8 | K45: 17 | L45: 6 | M45: 10 | N45: 10 | O45: 16 | P45: 11 | Q45: 8 | R45: 5 | S45: 6 | T45: 4 | U45: =SUM(E45:T45) -> 152
A46: A.2 | C46: 1. Dra. Hj. MA`MULAH HARUN, M.Pd.I. | E46: 6 | F46: 6 | G46: 33 | H46: 63 | I46: 24 | J46: 24 | K46: 17 | L46: 17 | M46: 46 | N46: 9 | O46: 27 | P46: 37 | Q46: 30 | R46: 7 | S46: 9 | T46: 28 | U46: =SUM(E46:T46) -> 383
C47: 2. UBAIDILLAH, S.Fil.I. | E47: 1 | F47: 1 | G47: 2 | H47: 2 | I47: 0 | J47: 1 | K47: 1 | L47: 2 | M47: 1 | N47: 2 | O47: 2 | P47: 3 | Q47: 3 | R47: 2 | S47: 0 | U47: =SUM(E47:T47) -> 23
C48: 3. Ir. H. YOYOK MULYADI, M.Si. | E48: 0 | F48: 0 | G48: 0 | H48: 0 | I48: 0 | J48: 1 | K48: 1 | L48: 0 | M48: 1 | N48: 1 | O48: 0 | P48: 0 | Q48: 0 | R48: 0 | S48: 2 | U48: =SUM(E48:T48) -> 6
C49: 4. KHOIRUL ANWAR, S.Fil.I. | E49: 0 | F49: 1 | G49: 2 | H49: 2 | I49: 1 | J49: 0 | K49: 0 | L49: 3 | M49: 0 | N49: 0 | O49: 2 | P49: 0 | Q49: 1 | R49: 2 | S49: 1 | T49: 2 | U49: =SUM(E49:T49) -> 17
C50: 5. ARIF WIJAKSANA | E50: 0 | F50: 0 | G50: 1 | H50: 0 | I50: 1 | J50: 1 | K50: 0 | L50: 12 | M50: 1 | N50: 0 | O50: 0 | P50: 0 | Q50: 1 | R50: 0 | S50: 0 | U50: =SUM(E50:T50) -> 17
C51: 6. Dr. SITI YUMNAH | E51: 1 | F51: 0 | G51: 1 | H51: 3 | I51: 0 | J51: 1 | K51: 0 | L51: 1 | M51: 1 | N51: 1 | O51: 0 | P51: 0 | Q51: 0 | R51: 0 | S51: 0 | U51: =SUM(E51:T51) -> 9
C52: 7. MOHAMMAD ZAINI, M.Pd.I. | E52: 1 | F52: 1 | G52: 0 | H52: 0 | I52: 1 | J52: 1 | K52: 0 | L52: 1 | M52: 0 | N52: 0 | O52: 0 | P52: 1 | Q52: 0 | R52: 0 | S52: 0 | T52: 1 | U52: =SUM(E52:T52) -> 7
C53: 8. FAWAIDUL MAKKIYAH | E53: 0 | F53: 0 | G53: 0 | H53: 0 | I53: 0 | J53: 0 | K53: 0 | L53: 0 | M53: 0 | N53: 0 | O53: 0 | P53: 0 | Q53: 0 | R53: 0 | S53: 0 | U53: =SUM(E53:T53) -> 0
C54: 9. IFFAH HIDAYATUR ROHMAH, S.Sos. | E54: 0 | F54: 0 | G54: 0 | H54: 0 | I54: 0 | J54: 0 | K54: 0 | L54: 1 | M54: 0 | N54: 0 | O54: 0 | P54: 0 | Q54: 0 | R54: 0 | S54: 0 | U54: =SUM(E54:T54) -> 1
A55: B | B55: JUMLAH SUARA SAH PARTAI POLITIK DAN CALON (A1 + A2) | E55: =SUM(E45:E54) -> 16 | F55: =SUM(F45:F54) -> 17 | G55: =SUM(G45:G54) -> 51 | H55: =SUM(H45:H54) -> 87 | I55: =SUM(I45:I54) -> 34 | J55: =SUM(J45:J54) -> 37 | K55: =SUM(K45:K54) -> 36 | L55: =SUM(L45:L54) -> 43 | ... U55: =SUM(U45:U54) -> 615
A57: A.1 | B57: 2. | C57: Partai Gerakan Indonesia Raya | E57: 15 | F57: 10 | G57: 10 | H57: 8 | I57: 13 | J57: 12 | K57: 16 | L57: 8 | M57: 11 | N57: 9 | O57: 5 | P57: 11 | Q57: 23 | R57: 24 | S57: 9 | T57: 14 | U57: =SUM(E57:T57) -> 198
A58: A.2 | C58: 1. AHMAD HADINUDDIN, S.Pd.I. | E58: 3 | F58: 8 | G58: 3 | H58: 4 | I58: 3 | J58: 9 | K58: 6 | L58: 2 | M58: 4 | N58: 3 | O58: 5 | P58: 7 | Q58: 7 | R58: 1 | S58: 2 | T58: 5 | U58: =SUM(E58:T58) -> 72
C59: 2. BIMA RAFSANJANI RAFID | E59: 23 | F59: 19 | G59: 14 | H59: 4 | I59: 5 | J59: 3 | K59: 10 | L59: 6 | M59: 22 | N59: 2 | O59: 6 | P59: 5 | Q59: 18 | R59: 8 | S59: 3 | T59: 5 | U59: =SUM(E59:T59) -> 153
C60: 3. IRA DAMAYANTI | E60: 2 | F60: 1 | G60: 2 | H60: 3 | I60: 3 | J60: 0 | K60: 2 | L60: 2 | M60: 0 | N60: 0 | O60: 0 | P60: 2 | Q60: 4 | R60: 4 | S60: 0 | T60: 1 | U60: =SUM(E60:T60) -> 26
C61: 4. MAULANA MALIK IBRAHIM, S.H. | E61: 4 | F61: 4 | G61: 0 | H61: 0 | I61: 0 | J61: 0 | K61: 0 | L61: 13 | M61: 2 | N61: 6 | O61: 0 | P61: 1 | Q61: 2 | R61: 1 | S61: 3 | T61: 2 | U61: =SUM(E61:T61) -> 38
C62: 5. LULUK ALFIATI | E62: 2 | F62: 0 | G62: 2 | H62: 1 | I62: 0 | J62: 3 | K62: 0 | L62: 0 | M62: 0 | N62: 0 | O62: 1 | P62: 0 | Q62: 3 | R62: 0 | S62: 0 | U62: =SUM(E62:T62) -> 12
C63: 6. ILHAM WAHYUDI, S.H. | E63: 2 | F63: 2 | G63: 0 | H63: 0 | I63: 1 | J63: 1 | K63: 0 | L63: 0 | M63: 0 | N63: 0 | O63: 0 | P63: 0 | Q63: 1 | R63: 1 | S63: 0 | U63: =SUM(E63:T63) -> 8
C64: 7. HAERUL ANWAR, S.Pd.I. | E64: 0 | F64: 0 | G64: 0 | H64: 2 | I64: 0 | J64: 1 | K64: 0 | L64: 0 | M64: 0 | N64: 0 | O64: 0 | P64: 1 | Q64: 0 | R64: 0 | S64: 0 | U64: =SUM(E64:T64) -> 4
C65: 8. YOVI ADHITYA WARDANI | E65: 0 | F65: 2 | G65: 1 | H65: 0 | I65: 0 | J65: 0 | K65: 0 | L65: 0 | M65: 1 | N65: 0 | O65: 0 | P65: 0 | Q65: 0 | R65: 0 | S65: 0 | U65: =SUM(E65:T65) -> 4
C66: 9. RITA AMELIA | E66: 0 | F66: 1 | G66: 2 | H66: 0 | I66: 1 | J66: 0 | K66: 1 | L66: 0 | M66: 0 | N66: 0 | O66: 0 | P66: 1 | Q66: 0 | R66: 0 | S66: 1 | T66: 2 | U66: =SUM(E66:T66) -> 9
A67: B | B67: JUMLAH SUARA SAH PARTAI POLITIK DAN CALON (A1 + A2) | E67: =SUM(E57:E66) -> 51 | F67: =SUM(F57:F66) -> 47 | G67: =SUM(G57:G66) -> 34 | H67: =SUM(H57:H66) -> 22 | I67: =SUM(I57:I66) -> 26 | J67: =SUM(J57:J66) -> 29 | K67: =SUM(K57:K66) -> 35 | L67: =SUM(L57:L66) -> 31 | ... U67: =SUM(U57:U66) -> 524
A69: A.1 | B69: 3. | C69: Partai Demokrasi Indonesia Perjuangan | E69: 9 | F69: 15 | G69: 5 | H69: 3 | I69: 11 | J69: 10 | K69: 16 | L69: 10 | M69: 6 | N69: 13 | O69: 3 | P69: 10 | Q69: 17 | R69: 16 | S69: 8 | T69: 21 | U69: =SUM(E69:T69) -> 173
A70: A.2 | C70: 1. MARTIN H., S.H., M.H. | E70: 5 | F70: 1 | G70: 3 | H70: 3 | I70: 4 | J70: 8 | K70: 3 | L70: 10 | M70: 8 | N70: 7 | O70: 1 | P70: 2 | Q70: 11 | R70: 5 | S70: 7 | T70: 8 | U70: =SUM(E70:T70) -> 86
C71: 2. HERMANTO, S.E. | E71: 10 | F71: 10 | G71: 5 | H71: 6 | I71: 19 | J71: 38 | K71: 23 | L71: 10 | M71: 1 | N71: 11 | O71: 3 | P71: 6 | Q71: 9 | R71: 7 | S71: 3 | T71: 12 | U71: =SUM(E71:T71) -> 173
C72: 3. EVY SUSILAWATI, S.E., M.M. | E72: 0 | F72: 5 | G72: 2 | H72: 1 | I72: 4 | J72: 4 | K72: 3 | L72: 7 | M72: 3 | N72: 5 | O72: 3 | P72: 0 | Q72: 3 | R72: 4 | S72: 5 | T72: 8 | U72: =SUM(E72:T72) -> 57
C73: 4. M. SIROTTUDIN | E73: 9 | F73: 0 | G73: 9 | H73: 7 | I73: 23 | J73: 12 | K73: 9 | L73: 16 | M73: 16 | N73: 6 | O73: 0 | P73: 1 | Q73: 8 | R73: 1 | S73: 0 | T73: 4 | U73: =SUM(E73:T73) -> 121
C74: 5. ABDUL HAFID, S.H. | E74: 2 | F74: 2 | G74: 0 | H74: 2 | I74: 7 | J74: 2 | K74: 1 | L74: 0 | M74: 0 | N74: 2 | O74: 1 | P74: 1 | Q74: 3 | R74: 3 | S74: 1 | T74: 2 | U74: =SUM(E74:T74) -> 29
C75: 6. NIKITA FORTUNA SURYANINGATI, A.Md.Keb. | E75: 0 | F75: 0 | G75: 0 | H75: 0 | I75: 0 | J75: 0 | K75: 1 | L75: 2 | M75: 1 | N75: 1 | O75: 1 | P75: 0 | Q75: 0 | R75: 0 | S75: 0 | T75: 2 | U75: =SUM(E75:T75) -> 8
C76: 7. YUDHO ILHAM WIJAYA, S.E. | E76: 0 | F76: 0 | G76: 0 | H76: 1 | I76: 1 | J76: 0 | K76: 0 | L76: 0 | M76: 0 | N76: 0 | O76: 0 | P76: 0 | Q76: 0 | R76: 0 | S76: 0 | T76: 2 | U76: =SUM(E76:T76) -> 4
C77: 8. SETIAWATI, S.H. | E77: 0 | F77: 0 | G77: 0 | H77: 0 | I77: 0 | J77: 1 | K77: 1 | L77: 0 | M77: 0 | N77: 0 | O77: 0 | P77: 1 | Q77: 1 | R77: 0 | S77: 0 | U77: =SUM(E77:T77) -> 4
C78: 9. EKO BUDI SANTOSO, S.H. | E78: 2 | F78: 1 | G78: 1 | H78: 0 | I78: 0 | J78: 0 | K78: 0 | L78: 0 | M78: 0 | N78: 0 | O78: 1 | P78: 0 | Q78: 0 | R78: 0 | S78: 0 | T78: 1 | U78: =SUM(E78:T78) -> 6
A79: B | B79: JUMLAH SUARA SAH PARTAI POLITIK DAN CALON (A1 + A2) | E79: =SUM(E69:E78) -> 37 | F79: =SUM(F69:F78) -> 34 | G79: =SUM(G69:G78) -> 25 | H79: =SUM(H69:H78) -> 23 | I79: =SUM(I69:I78) -> 69 | J79: =SUM(J69:J78) -> 75 | K79: =SUM(K69:K78) -> 57 | L79: =SUM(L69:L78) -> 55 | ... U79: =SUM(U69:U78) -> 661
A81: A.1 | B81: 4. | C81: Partai Golongan Karya | E81: 6 | F81: 3 | G81: 12 | H81: 15 | I81: 10 | J81: 3 | K81: 4 | L81: 7 | M81: 4 | N81: 11 | O81: 11 | P81: 8 | Q81: 3 | R81: 17 | S81: 3 | T81: 3 | U81: =SUM(E81:T81) -> 120
A82: A.2 | C82: 1. PRANAYA YUDHA MAHARDHIKA | E82: 7 | F82: 3 | G82: 13 | H82: 15 | I82: 6 | J82: 7 | K82: 5 | L82: 20 | M82: 8 | N82: 14 | O82: 17 | P82: 12 | Q82: 5 | R82: 12 | S82: 1 | T82: 8 | U82: =SUM(E82:T82) -> 153
C83: 2. Dra. Ec. ENDANG SULASTUTY, M.I.P. | E83: 1 | F83: 2 | G83: 7 | H83: 9 | I83: 8 | J83: 3 | K83: 1 | L83: 5 | M83: 3 | N83: 10 | O83: 2 | P83: 3 | Q83: 1 | R83: 13 | S83: 0 | T83: 4 | U83: =SUM(E83:T83) -> 72
C84: 3. AGUS REJEKI WARTONO | E84: 1 | F84: 2 | G84: 0 | H84: 1 | I84: 1 | J84: 0 | K84: 0 | L84: 0 | M84: 2 | N84: 5 | O84: 0 | P84: 2 | Q84: 0 | R84: 3 | S84: 0 | U84: =SUM(E84:T84) -> 17
C85: 4. Hj. TUTUK ASMA'A ZUCHROH, S.T., M.T. | E85: 1 | F85: 5 | G85: 9 | H85: 1 | I85: 1 | J85: 4 | K85: 2 | L85: 4 | M85: 0 | N85: 1 | O85: 2 | P85: 0 | Q85: 1 | R85: 2 | S85: 3 | U85: =SUM(E85:T85) -> 36
C86: 5. ADE M. RIZKI, S.E. | E86: 3 | F86: 1 | G86: 0 | H86: 2 | I86: 0 | J86: 1 | K86: 0 | L86: 0 | M86: 1 | N86: 0 | O86: 0 | P86: 0 | Q86: 1 | R86: 0 | S86: 0 | T86: 3 | U86: =SUM(E86:T86) -> 12
C87: 6. ABDURAKHMAN, Bc.Kn. | E87: 0 | F87: 0 | G87: 0 | H87: 0 | I87: 0 | J87: 0 | K87: 0 | L87: 0 | M87: 1 | N87: 0 | O87: 0 | P87: 0 | Q87: 0 | R87: 0 | S87: 0 | U87: =SUM(E87:T87) -> 1
C88: 7. CENDY RHIYAN ADI PUTRI | E88: 0 | F88: 0 | G88: 1 | H88: 0 | I88: 1 | J88: 0 | K88: 0 | L88: 1 | M88: 0 | N88: 0 | O88: 0 | P88: 1 | Q88: 0 | R88: 0 | S88: 0 | T88: 1 | U88: =SUM(E88:T88) -> 5
C89: 8. BAKTI WIJAYANTO, S.E. | E89: 0 | F89: 1 | G89: 0 | H89: 0 | I89: 0 | J89: 0 | K89: 1 | L89: 0 | M89: 0 | N89: 1 | O89: 0 | P89: 0 | Q89: 0 | R89: 0 | S89: 0 | T89: 1 | U89: =SUM(E89:T89) -> 4
C90: 9. AHMAD UBAIDILLAH | E90: 0 | F90: 0 | G90: 0 | H90: 0 | I90: 0 | J90: 1 | K90: 0 | L90: 0 | M90: 0 | N90: 0 | O90: 0 | P90: 0 | Q90: 0 | R90: 0 | S90: 0 | U90: =SUM(E90:T90) -> 1
A91: B | B91: JUMLAH SUARA SAH PARTAI POLITIK DAN CALON (A1 + A2) | E91: =SUM(E81:E90) -> 19 | F91: =SUM(F81:F90) -> 17 | G91: =SUM(G81:G90) -> 42 | H91: =SUM(H81:H90) -> 43 | I91: =SUM(I81:I90) -> 27 | J91: =SUM(J81:J90) -> 19 | K91: =SUM(K81:K90) -> 13 | L91: =SUM(L81:L90) -> 37 | ... U91: =SUM(U81:U90) -> 421
A93: A.1 | B93: 5. | C93: Partai NasDem | E93: 3 | F93: 3 | G93: 1 | H93: 0 | I93: 2 | J93: 0 | K93: 4 | L93: 1 | M93: 1 | N93: 1 | O93: 3 | P93: 2 | Q93: 1 | R93: 0 | S93: 3 | U93: =SUM(E93:T93) -> 25
A94: A.2 | C94: 1. ALI MUSTOFA, A.Md. | E94: 0 | F94: 4 | G94: 4 | H94: 1 | I94: 0 | J94: 0 | K94: 5 | L94: 3 | M94: 0 | N94: 1 | O94: 3 | P94: 5 | Q94: 0 | R94: 1 | S94: 0 | T94: 1 | U94: =SUM(E94:T94) -> 28
C95: 2. Hj. BUAMI, S.H. | E95: 1 | F95: 0 | G95: 1 | H95: 0 | I95: 0 | J95: 0 | K95: 1 | L95: 3 | M95: 0 | N95: 2 | O95: 0 | P95: 0 | Q95: 0 | R95: 0 | S95: 0 | U95: =SUM(E95:T95) -> 8
C96: 3. SUGIONO, S.H. | E96: 0 | F96: 2 | G96: 0 | H96: 0 | I96: 0 | J96: 0 | K96: 1 | L96: 0 | M96: 0 | N96: 0 | O96: 1 | P96: 0 | Q96: 0 | R96: 0 | S96: 0 | T96: 1 | U96: =SUM(E96:T96) -> 5
C97: 4. LULUK SUNARMIATININGSIH | E97: 0 | F97: 1 | G97: 0 | H97: 0 | I97: 0 | J97: 0 | K97: 1 | L97: 1 | M97: 0 | N97: 1 | O97: 0 | P97: 1 | Q97: 0 | R97: 0 | S97: 0 | U97: =SUM(E97:T97) -> 5
C98: 5. ANTON DJULIANTO ADI | E98: 2 | F98: 4 | G98: 1 | H98: 0 | I98: 0 | J98: 0 | K98: 1 | L98: 1 | M98: 0 | N98: 0 | O98: 1 | P98: 0 | Q98: 0 | R98: 0 | S98: 1 | U98: =SUM(E98:T98) -> 11
C99: 6. MOKHAMAD ROFI'I KHUSNAN | E99: 1 | F99: 0 | G99: 0 | H99: 1 | I99: 0 | J99: 1 | K99: 0 | L99: 0 | M99: 0 | N99: 0 | O99: 0 | P99: 0 | Q99: 0 | R99: 0 | S99: 0 | U99: =SUM(E99:T99) -> 3
C100: 7. Rr SETYO WATI | E100: 0 | F100: 0 | G100: 0 | H100: 0 | I100: 0 | J100: 0 | K100: 0 | L100: 0 | M100: 0 | N100: 0 | O100: 0 | P100: 0 | Q100: 0 | R100: 0 | S100: 0 | U100: =SUM(E100:T100) -> 0
C101: 8. ABD. KADIR ASSEGAFF | E101: 0 | F101: 0 | G101: 0 | H101: 0 | I101: 2 | J101: 0 | K101: 0 | L101: 0 | M101: 0 | N101: 0 | O101: 0 | P101: 0 | Q101: 0 | R101: 0 | S101: 0 | U101: =SUM(E101:T101) -> 2
C102: 9. FATHOR ZAINULLAH | E102: 0 | F102: 0 | G102: 0 | H102: 0 | I102: 0 | J102: 0 | K102: 0 | L102: 0 | M102: 0 | N102: 0 | O102: 0 | P102: 0 | Q102: 0 | R102: 0 | S102: 0 | U102: =SUM(E102:T102) -> 0
A103: B | B103: JUMLAH SUARA SAH PARTAI POLITIK DAN CALON (A1 + A2) | E103: =SUM(E93:E102) -> 7 | F103: =SUM(F93:F102) -> 14 | G103: =SUM(G93:G102) -> 7 | H103: =SUM(H93:H102) -> 2 | I103: =SUM(I93:I102) -> 4 | J103: =SUM(J93:J102) -> 1 | K103: =SUM(K93:K102) -> 13 | L103: =SUM(L93:L102) -> 9 | ... U103: =SUM(U93:U102) -> 87
A105: A.1 | B105: 6. | C105: Partai Buruh | E105: 1 | F105: 2 | G105: 0 | H105: 1 | I105: 0 | J105: 0 | K105: 0 | L105: 0 | M105: 0 | N105: 0 | O105: 2 | P105: 0 | Q105: 0 | R105: 0 | S105: 0 | U105: =SUM(E105:T105) -> 6
A106: A.2 | C106: 1. AGUS SUPRIYADI | E106: 0 | F106: 1 | G106: 0 | H106: 0 | I106: 0 | J106: 0 | K106: 0 | L106: 1 | M106: 0 | N106: 1 | O106: 0 | P106: 0 | Q106: 0 | R106: 0 | S106: 0 | U106: =SUM(E106:T106) -> 3
C107: 2. ENI HARIATI | E107: 0 | F107: 0 | G107: 0 | H107: 1 | I107: 0 | J107: 0 | K107: 1 | L107: 0 | M107: 0 | N107: 0 | O107: 0 | P107: 0 | Q107: 0 | R107: 0 | S107: 0 | U107: =SUM(E107:T107) -> 2
A108: B | B108: JUMLAH SUARA SAH PARTAI POLITIK DAN CALON (A1 + A2) | E108: =SUM(E105:E107) -> 1 | F108: =SUM(F105:F107) -> 3 | G108: =SUM(G105:G107) -> 0 | H108: =SUM(H105:H107) -> 2 | I108: =SUM(I105:I107) -> 0 | J108: =SUM(J105:J107) -> 0 | K108: =SUM(K105:K107) -> 1 | L108: =SUM(L105:L107) -> 1 | ... U108: =SUM(U105:U107) -> 11
A110: A.1 | B110: 7. | C110: Partai Gelombang Rakyat Indonesia | E110: 1 | F110: 0 | G110: 1 | H110: 0 | I110: 1 | J110: 1 | K110: 1 | L110: 0 | M110: 0 | N110: 0 | O110: 0 | P110: 2 | Q110: 0 | R110: 0 | S110: 1 | T110: 2 | U110: =SUM(E110:T110) -> 10
A111: A.2 | C111: 1. MIRZA MUHROSNI AROMA | E111: 0 | F111: 0 | G111: 0 | H111: 0 | I111: 0 | J111: 0 | K111: 0 | L111: 0 | M111: 0 | N111: 0 | O111: 1 | P111: 0 | Q111: 0 | R111: 0 | S111: 0 | U111: =SUM(E111:T111) -> 1
C112: 2. ACHMAD BAGUS SUGIARTO | E112: 0 | F112: 1 | G112: 0 | H112: 0 | I112: 0 | J112: 0 | K112: 0 | L112: 0 | M112: 0 | N112: 1 | O112: 0 | P112: 0 | Q112: 0 | R112: 0 | S112: 0 | U112: =SUM(E112:T112) -> 2
C113: 3. ELOK FITRIYA NINGSIH | E113: 0 | F113: 0 | G113: 0 | H113: 0 | I113: 0 | J113: 0 | K113: 0 | L113: 0 | M113: 0 | N113: 0 | O113: 0 | P113: 0 | Q113: 0 | R113: 0 | S113: 0 | U113: =SUM(E113:T113) -> 0
C114: 4. MADI | E114: 0 | F114: 0 | G114: 0 | H114: 0 | I114: 0 | J114: 0 | K114: 0 | L114: 1 | M114: 0 | N114: 0 | O114: 0 | P114: 0 | Q114: 0 | R114: 0 | S114: 0 | U114: =SUM(E114:T114) -> 1
C115: 5. LUKY PERMANASARI | E115: 0 | F115: 0 | G115: 0 | H115: 0 | I115: 0 | J115: 1 | K115: 0 | L115: 0 | M115: 0 | N115: 0 | O115: 0 | P115: 0 | Q115: 0 | R115: 0 | S115: 0 | U115: =SUM(E115:T115) -> 1
A116: B | B116: JUMLAH SUARA SAH PARTAI POLITIK DAN CALON (A1 + A2) | E116: =SUM(E110:E115) -> 1 | F116: =SUM(F110:F115) -> 1 | G116: =SUM(G110:G115) -> 1 | H116: =SUM(H110:H115) -> 0 | I116: =SUM(I110:I115) -> 1 | J116: =SUM(J110:J115) -> 2 | K116: =SUM(K110:K115) -> 1 | L116: =SUM(L110:L115) -> 1 | ... U116: =SUM(U110:U115) -> 15
A118: A.1 | B118: 8. | C118: Partai Keadilan Sejahtera | E118: 2 | F118: 4 | G118: 1 | H118: 1 | I118: 0 | J118: 0 | K118: 2 | L118: 0 | M118: 2 | N118: 0 | O118: 1 | P118: 0 | Q118: 0 | R118: 0 | S118: 0 | T118: 1 | U118: =SUM(E118:T118) -> 14
...

Sheet GIRI
C2: Kecamatan | D2: GIRI
C3: Kabupaten | D3: BANYUWANGI
C4: Provinsi | D4: JAWA TIMUR
C9: Kelurahan | D9: GIRI
A12: I | B12: DATA PEMILIH DAN PENGGUNAAN HAK PILIH | V12: JUMLAH AKHIR
A13: A | B13: DATA PEMILIH | E13: TPS 001 | F13: TPS 002 | G13: TPS 003 | H13: TPS 004 | I13: TPS 005 | J13: TPS 006 | K13: TPS 007 | L13: TPS 008 | M13: TPS 009 | N13: TPS 010 | O13: TPS 011 | P13: TPS 012 | Q13: TPS 013 | R13: TPS 014 | S13: TPS 015 | T13: TPS 016 | U13: TPS 017
B14: Jumlah Pemilih dalam Daftar Pemilih Tetap (DPT) | D14: LK | E14: 140 | F14: 148 | G14: 141 | H14: 141 | I14: 140 | J14: 132 | K14: 121 | L14: 134 | M14: 142 | N14: 112 | O14: 135 | P14: 125 | Q14: 110 | R14: 128 | S14: 139 | T14: 134 | U14: 141 | V14: =SUM(E14:U14) -> 2263
D15: PR | E15: 148 | F15: 140 | G15: 148 | H15: 145 | I15: 148 | J15: 147 | K15: 124 | L15: 143 | M15: 135 | N15: 122 | O15: 151 | P15: 147 | Q15: 111 | R15: 137 | S15: 138 | T15: 135 | U15: 143 | V15: =SUM(E15:U15) -> 2362
D16: JML | E16: =SUM(E14:E15) -> 288 | F16: =SUM(F14:F15) -> 288 | G16: =SUM(G14:G15) -> 289 | H16: =SUM(H14:H15) -> 286 | I16: =SUM(I14:I15) -> 288 | J16: =SUM(J14:J15) -> 279 | K16: =SUM(K14:K15) -> 245 | L16: =SUM(L14:L15) -> 277 | ... U16: =SUM(U14:U15) -> 284 | V16: =SUM(E16:U16) -> 4625
A18: B | B18: PENGGUNA HAK PILIH
B19: 1. | C19: Jumlah pengguna hak pilih dalam Daftar Pemilih Tetap (DPT) | D19: LK | E19: 92 | F19: 99 | G19: 107 | H19: 107 | I19: 90 | J19: 96 | K19: 99 | L19: 101 | M19: 114 | N19: 76 | O19: 98 | P19: 95 | Q19: 84 | R19: 94 | S19: 110 | T19: 93 | U19: 119 | V19: =SUM(E19:U19) -> 1674
D20: PR | E20: 118 | F20: 105 | G20: 129 | H20: 117 | I20: 116 | J20: 122 | K20: 103 | L20: 128 | M20: 108 | N20: 84 | O20: 123 | P20: 122 | Q20: 91 | R20: 104 | S20: 104 | T20: 107 | U20: 124 | V20: =SUM(E20:U20) -> 1905
D21: JML | E21: =SUM(E19:E20) -> 210 | F21: =SUM(F19:F20) -> 204 | G21: =SUM(G19:G20) -> 236 | H21: =SUM(H19:H20) -> 224 | I21: =SUM(I19:I20) -> 206 | J21: =SUM(J19:J20) -> 218 | K21: =SUM(K19:K20) -> 202 | L21: =SUM(L19:L20) -> 229 | ... U21: =SUM(U19:U20) -> 243 | V21: =SUM(E21:U21) -> 3579
B22: 2. | C22: Jumlah pengguna hak pilih dalam Daftar Pemilih Tambahan (DPTb) | D22: LK | G22: 2 | N22: 1 | V22: =SUM(E22:U22) -> 3
D23: PR | G23: 3 | K23: 1 | N23: 1 | S23: 1 | V23: =SUM(E23:U23) -> 6
D24: JML | E24: =SUM(E22:E23) -> 0 | F24: =SUM(F22:F23) -> 0 | G24: =SUM(G22:G23) -> 5 | H24: =SUM(H22:H23) -> 0 | I24: =SUM(I22:I23) -> 0 | J24: =SUM(J22:J23) -> 0 | K24: =SUM(K22:K23) -> 1 | L24: =SUM(L22:L23) -> 0 | ... U24: =SUM(U22:U23) -> 0 | V24: =SUM(E24:U24) -> 9
B25: 3. | C25: Jumlah pengguna hak pilih dalam Daftar Pemilih Khusus (DPK) | D25: LK | F25: 2 | G25: 3 | H25: 3 | L25: 1 | Q25: 2 | R25: 3 | V25: =SUM(E25:U25) -> 14
D26: PR | E26: 2 | F26: 4 | G26: 3 | H26: 3 | K26: 1 | P26: 3 | Q26: 2 | R26: 6 | S26: 1 | T26: 2 | U26: 1 | V26: =SUM(E26:U26) -> 28
D27: JML | E27: =SUM(E25:E26) -> 2 | F27: =SUM(F25:F26) -> 6 | G27: =SUM(G25:G26) -> 6 | H27: =SUM(H25:H26) -> 6 | I27: =SUM(I25:I26) -> 0 | J27: =SUM(J25:J26) -> 0 | K27: =SUM(K25:K26) -> 1 | L27: =SUM(L25:L26) -> 1 | ... U27: =SUM(U25:U26) -> 1 | V27: =SUM(E27:U27) -> 42
B28: 4. | C28: Jumlah Pengguna Hak Pilih (B.1+B.2+B.3) | D28: LK | E28: =SUM(E19,E22,E25) -> 92 | F28: =SUM(F19,F22,F25) -> 101 | G28: =SUM(G19,G22,G25) -> 112 | H28: =SUM(H19,H22,H25) -> 110 | I28: =SUM(I19,I22,I25) -> 90 | J28: =SUM(J19,J22,J25) -> 96 | K28: =SUM(K19,K22,K25) -> 99 | L28: =SUM(L19,L22,L25) -> 102 | ... U28: =SUM(U19,U22,U25) -> 119 | V28: =SUM(E28:U28) -> 1691
D29: PR | E29: =SUM(E20,E23,E26) -> 120 | F29: =SUM(F20,F23,F26) -> 109 | G29: =SUM(G20,G23,G26) -> 135 | H29: =SUM(H20,H23,H26) -> 120 | I29: =SUM(I20,I23,I26) -> 116 | J29: =SUM(J20,J23,J26) -> 122 | K29: =SUM(K20,K23,K26) -> 105 | L29: =SUM(L20,L23,L26) -> 128 | ... U29: =SUM(U20,U23,U26) -> 125 | V29: =SUM(E29:U29) -> 1939
D30: JML | E30: =SUM(E28:E29) -> 212 | F30: =SUM(F28:F29) -> 210 | G30: =SUM(G28:G29) -> 247 | H30: =SUM(H28:H29) -> 230 | I30: =SUM(I28:I29) -> 206 | J30: =SUM(J28:J29) -> 218 | K30: =SUM(K28:K29) -> 204 | L30: =SUM(L28:L29) -> 230 | ... U30: =SUM(U28:U29) -> 244 | V30: =SUM(E30:U30) -> 3630
A32: II | B32: DATA PENGGUNAAN SURAT SUARA
A33: 1 | B33: Jumlah surat suara yang diterima, termasuk surat suara cadangan 2,5% dari DPT | E33: 284 | F33: 294 | G33: 295 | H33: 293 | I33: 294 | J33: 283 | K33: 248 | L33: 281 | M33: 282 | N33: 237 | O33: 290 | P33: 278 | Q33: 224 | R33: 269 | S33: 281 | T33: 273 | U33: 288 | V33: =SUM(E33:U33) -> 4694
A34: 2 | B34: Jumlah surat suara yang digunakan | E34: 212 | F34: 210 | G34: 247 | H34: 230 | I34: 206 | J34: 218 | K34: 204 | L34: 230 | M34: 222 | N34: 162 | O34: 221 | P34: 220 | Q34: 179 | R34: 207 | S34: 216 | T34: 202 | U34: 244 | V34: =SUM(E34:U34) -> 3630
A35: 3 | B35: Jumlah surat suara dikembalikan oleh pemilih (karena rusak atau keliru coblos) | L35: 1 | V35: =SUM(E35:U35) -> 1
A36: 4 | B36: Jumlah surat suara yang tidak digunakan/tidak terpakai, termasuk sisa surat suara cadangan | E36: =E33-(E34+E35) -> 72 | F36: =F33-(F34+F35) -> 84 | G36: =G33-(G34+G35) -> 48 | H36: =H33-(H34+H35) -> 63 | I36: =I33-(I34+I35) -> 88 | J36: =J33-(J34+J35) -> 65 | K36: =K33-(K34+K35) -> 44 | L36: =L33-(L34+L35) -> 50 | ... N36: =N33-(N34+N35) -> 75 | O36: 69 | P36: =P33-(P34+P35) -> 58 | Q36: =Q33-(Q34+Q35) -> 45 | R36: =R33-(R34+R35) -> 62 | S36: =S33-(S34+S35) -> 65 | T36: =T33-(T34+T35) -> 71 | U36: =U33-(U34+U35) -> 44 | V36: =SUM(E36:U36) -> 1063
A38: III | B38: DATA PEMILIH DISABILITAS
B39: Jumlah seluruh Pemilih disabilitas yang menggunakan hak pilih | D39: LK | E39: 2 | S39: 1 | V39: =SUM(E39:U39) -> 3
D40: PR | E40: 2 | J40: 1 | S40: 1 | V40: =SUM(E40:U40) -> 4
D41: JML | E41: =SUM(E39:E40) -> 4 | F41: =SUM(F39:F40) -> 0 | G41: =SUM(G39:G40) -> 0 | H41: =SUM(H39:H40) -> 0 | I41: =SUM(I39:I40) -> 0 | J41: =SUM(J39:J40) -> 1 | K41: =SUM(K39:K40) -> 0 | L41: =SUM(L39:L40) -> 0 | ... U41: =SUM(U39:U40) -> 0 | V41: =SUM(E41:U41) -> 7
A43: IV | B43: DATA RINCIAN PEROLEHAN SUARA PASANGAN CALON BUPATI DAN WAKIL BUPATI
A44: NOMOR DAN NAMA CALON
A45: A.1 | B45: 1. | C45: Partai Kebangkitan Bangsa | E45: 6 | F45: 4 | G45: 4 | H45: 4 | I45: 6 | J45: 14 | K45: 10 | L45: 14 | M45: 11 | N45: 7 | O45: 5 | P45: 3 | Q45: 7 | R45: 18 | S45: 22 | T45: 16 | U45: 17 | V45: =SUM(E45:U45) -> 168
A46: A.2 | C46: 1. Dra. Hj. MA`MULAH HARUN, M.Pd.I. | E46: 6 | F46: 16 | G46: 11 | H46: 3 | I46: 8 | J46: 26 | K46: 42 | L46: 32 | M46: 19 | N46: 26 | O46: 16 | P46: 13 | Q46: 40 | R46: 61 | S46: 31 | T46: 12 | U46: 31 | V46: =SUM(E46:U46) -> 393
C47: 2. UBAIDILLAH, S.Fil.I. | E47: 2 | F47: 4 | G47: 1 | H47: 0 | I47: 1 | J47: 4 | K47: 2 | L47: 1 | M47: 1 | N47: 2 | O47: 1 | P47: 0 | Q47: 1 | R47: 0 | S47: 1 | T47: 2 | U47: 4 | V47: =SUM(E47:U47) -> 27
C48: 3. Ir. H. YOYOK MULYADI, M.Si. | E48: 1 | F48: 0 | G48: 1 | H48: 0 | I48: 0 | J48: 0 | K48: 2 | L48: 1 | M48: 1 | N48: 1 | O48: 1 | P48: 2 | Q48: 0 | R48: 1 | S48: 0 | T48: 2 | U48: 1 | V48: =SUM(E48:U48) -> 14
C49: 4. KHOIRUL ANWAR, S.Fil.I. | E49: 0 | F49: 1 | G49: 0 | H49: 0 | I49: 0 | J49: 0 | K49: 1 | L49: 1 | M49: 1 | N49: 1 | O49: 1 | P49: 0 | Q49: 0 | R49: 0 | S49: 0 | T49: 1 | U49: 0 | V49: =SUM(E49:U49) -> 7
C50: 5. ARIF WIJAKSANA | E50: 0 | F50: 1 | G50: 1 | H50: 1 | I50: 1 | J50: 0 | K50: 0 | L50: 0 | M50: 0 | N50: 0 | O50: 0 | P50: 0 | Q50: 0 | R50: 0 | S50: 0 | T50: 0 | U50: 1 | V50: =SUM(E50:U50) -> 5
C51: 6. Dr. SITI YUMNAH | E51: 0 | F51: 1 | G51: 2 | H51: 1 | I51: 0 | J51: 1 | K51: 1 | L51: 1 | M51: 4 | N51: 1 | O51: 0 | P51: 1 | Q51: 0 | R51: 1 | S51: 0 | T51: 1 | U51: 0 | V51: =SUM(E51:U51) -> 15
C52: 7. MOHAMMAD ZAINI, M.Pd.I. | E52: 1 | F52: 0 | G52: 1 | H52: 1 | I52: 0 | J52: 0 | K52: 1 | L52: 2 | M52: 0 | N52: 0 | O52: 0 | P52: 1 | Q52: 0 | R52: 0 | S52: 1 | T52: 0 | U52: 0 | V52: =SUM(E52:U52) -> 8
C53: 8. FAWAIDUL MAKKIYAH | E53: 0 | F53: 0 | G53: 0 | H53: 0 | I53: 0 | J53: 0 | K53: 1 | L53: 0 | M53: 0 | N53: 0 | O53: 0 | P53: 0 | Q53: 0 | R53: 0 | S53: 0 | T53: 0 | U53: 0 | V53: =SUM(E53:U53) -> 1
C54: 9. IFFAH HIDAYATUR ROHMAH, S.Sos. | E54: 0 | F54: 0 | G54: 2 | H54: 0 | I54: 0 | J54: 0 | K54: 1 | L54: 0 | M54: 1 | N54: 0 | O54: 0 | P54: 0 | Q54: 0 | R54: 0 | S54: 0 | T54: 0 | U54: 1 | V54: =SUM(E54:U54) -> 5
A55: B | B55: JUMLAH SUARA SAH PARTAI POLITIK DAN CALON (A1 + A2) | E55: =SUM(E45:E54) -> 16 | F55: =SUM(F45:F54) -> 27 | G55: =SUM(G45:G54) -> 23 | H55: =SUM(H45:H54) -> 10 | I55: =SUM(I45:I54) -> 16 | J55: =SUM(J45:J54) -> 45 | K55: =SUM(K45:K54) -> 61 | L55: =SUM(L45:L54) -> 52 | ... V55: =SUM(V45:V54) -> 643
A57: A.1 | B57: 2. | C57: Partai Gerakan Indonesia Raya | E57: 9 | F57: 20 | G57: 24 | H57: 9 | I57: 8 | J57: 16 | K57: 7 | L57: 14 | M57: 17 | N57: 8 | O57: 10 | P57: 18 | Q57: 12 | R57: 8 | S57: 22 | T57: 26 | U57: 18 | V57: =SUM(E57:U57) -> 246
A58: A.2 | C58: 1. AHMAD HADINUDDIN, S.Pd.I. | E58: 3 | F58: 3 | G58: 2 | H58: 7 | I58: 1 | J58: 7 | K58: 4 | L58: 10 | M58: 7 | N58: 6 | O58: 7 | P58: 2 | Q58: 5 | R58: 6 | S58: 11 | T58: 3 | U58: 10 | V58: =SUM(E58:U58) -> 94
C59: 2. BIMA RAFSANJANI RAFID | E59: 8 | F59: 8 | G59: 13 | H59: 12 | I59: 5 | J59: 12 | K59: 10 | L59: 13 | M59: 14 | N59: 21 | O59: 17 | P59: 30 | Q59: 17 | R59: 11 | S59: 3 | T59: 8 | U59: 13 | V59: =SUM(E59:U59) -> 215
C60: 3. IRA DAMAYANTI | E60: 1 | F60: 1 | G60: 5 | H60: 5 | I60: 1 | J60: 3 | K60: 1 | L60: 1 | M60: 0 | N60: 2 | O60: 5 | P60: 1 | Q60: 3 | R60: 3 | S60: 2 | T60: 6 | U60: 2 | V60: =SUM(E60:U60) -> 42
C61: 4. MAULANA MALIK IBRAHIM, S.H. | E61: 0 | F61: 4 | G61: 7 | H61: 6 | I61: 2 | J61: 3 | K61: 1 | L61: 11 | M61: 21 | N61: 3 | O61: 5 | P61: 2 | Q61: 2 | R61: 3 | S61: 1 | T61: 2 | U61: 3 | V61: =SUM(E61:U61) -> 76
C62: 5. LULUK ALFIATI | E62: 0 | F62: 3 | G62: 3 | H62: 0 | I62: 0 | J62: 1 | K62: 1 | L62: 0 | M62: 0 | N62: 1 | O62: 4 | P62: 0 | Q62: 1 | R62: 1 | S62: 2 | T62: 2 | U62: 1 | V62: =SUM(E62:U62) -> 20
C63: 6. ILHAM WAHYUDI, S.H. | E63: 1 | F63: 0 | G63: 2 | H63: 1 | I63: 0 | J63: 1 | K63: 0 | L63: 2 | M63: 1 | N63: 1 | O63: 0 | P63: 0 | Q63: 1 | R63: 0 | S63: 2 | T63: 0 | U63: 0 | V63: =SUM(E63:U63) -> 12
C64: 7. HAERUL ANWAR, S.Pd.I. | E64: 0 | F64: 0 | G64: 0 | H64: 1 | I64: 0 | J64: 1 | K64: 0 | L64: 1 | M64: 0 | N64: 0 | O64: 0 | P64: 0 | Q64: 0 | R64: 0 | S64: 0 | T64: 0 | U64: 0 | V64: =SUM(E64:U64) -> 3
C65: 8. YOVI ADHITYA WARDANI | E65: 0 | F65: 0 | G65: 1 | H65: 0 | I65: 0 | J65: 0 | K65: 0 | L65: 1 | M65: 0 | N65: 0 | O65: 1 | P65: 1 | Q65: 0 | R65: 0 | S65: 1 | T65: 0 | U65: 0 | V65: =SUM(E65:U65) -> 5
C66: 9. RITA AMELIA | E66: 0 | F66: 1 | G66: 0 | H66: 0 | I66: 0 | J66: 1 | K66: 0 | L66: 1 | M66: 0 | N66: 0 | O66: 1 | P66: 3 | Q66: 0 | R66: 1 | S66: 0 | T66: 0 | U66: 0 | V66: =SUM(E66:U66) -> 8
A67: B | B67: JUMLAH SUARA SAH PARTAI POLITIK DAN CALON (A1 + A2) | E67: =SUM(E57:E66) -> 22 | F67: =SUM(F57:F66) -> 40 | G67: =SUM(G57:G66) -> 57 | H67: =SUM(H57:H66) -> 41 | I67: =SUM(I57:I66) -> 17 | J67: =SUM(J57:J66) -> 45 | K67: =SUM(K57:K66) -> 24 | L67: =SUM(L57:L66) -> 54 | ... V67: =SUM(V57:V66) -> 721
A69: A.1 | B69: 3. | C69: Partai Demokrasi Indonesia Perjuangan | E69: 11 | F69: 6 | G69: 6 | H69: 19 | I69: 16 | J69: 8 | K69: 3 | L69: 4 | M69: 9 | N69: 2 | O69: 10 | P69: 16 | Q69: 6 | R69: 7 | S69: 7 | T69: 5 | U69: 5 | V69: =SUM(E69:U69) -> 140
A70: A.2 | C70: 1. MARTIN H., S.H., M.H. | E70: 11 | F70: 2 | G70: 11 | H70: 4 | I70: 6 | J70: 1 | K70: 1 | L70: 6 | M70: 2 | N70: 4 | O70: 7 | P70: 4 | Q70: 1 | R70: 4 | S70: 2 | T70: 3 | U70: 4 | V70: =SUM(E70:U70) -> 73
C71: 2. HERMANTO, S.E. | E71: 12 | F71: 11 | G71: 10 | H71: 47 | I71: 56 | J71: 21 | K71: 7 | L71: 15 | M71: 3 | N71: 6 | O71: 12 | P71: 10 | Q71: 3 | R71: 3 | S71: 7 | T71: 2 | U71: 9 | V71: =SUM(E71:U71) -> 234
C72: 3. EVY SUSILAWATI, S.E., M.M. | E72: 3 | F72: 4 | G72: 2 | H72: 5 | I72: 4 | J72: 3 | K72: 6 | L72: 1 | M72: 1 | N72: 2 | O72: 0 | P72: 1 | Q72: 0 | R72: 1 | S72: 2 | T72: 1 | U72: 2 | V72: =SUM(E72:U72) -> 38
C73: 4. M. SIROTTUDIN | E73: 40 | F73: 0 | G73: 2 | H73: 3 | I73: 1 | J73: 2 | K73: 0 | L73: 1 | M73: 1 | N73: 0 | O73: 2 | P73: 6 | Q73: 2 | R73: 1 | S73: 2 | T73: 0 | U73: 4 | V73: =SUM(E73:U73) -> 67
C74: 5. ABDUL HAFID, S.H. | E74: 1 | F74: 2 | G74: 1 | H74: 1 | I74: 3 | J74: 0 | K74: 4 | L74: 0 | M74: 0 | N74: 0 | O74: 1 | P74: 0 | Q74: 2 | R74: 0 | S74: 1 | T74: 1 | U74: 1 | V74: =SUM(E74:U74) -> 18
C75: 6. NIKITA FORTUNA SURYANINGATI, A.Md.Keb. | E75: 4 | F75: 2 | G75: 1 | H75: 0 | I75: 1 | J75: 1 | K75: 0 | L75: 1 | M75: 0 | N75: 1 | O75: 1 | P75: 1 | Q75: 1 | R75: 1 | S75: 1 | T75: 2 | U75: 0 | V75: =SUM(E75:U75) -> 18
C76: 7. YUDHO ILHAM WIJAYA, S.E. | E76: 0 | F76: 0 | G76: 0 | H76: 0 | I76: 0 | J76: 0 | K76: 1 | L76: 0 | M76: 0 | N76: 0 | O76: 0 | P76: 1 | Q76: 0 | R76: 0 | S76: 1 | T76: 0 | U76: 0 | V76: =SUM(E76:U76) -> 3
C77: 8. SETIAWATI, S.H. | E77: 1 | F77: 0 | G77: 0 | H77: 0 | I77: 0 | J77: 1 | K77: 0 | L77: 0 | M77: 1 | N77: 0 | O77: 0 | P77: 0 | Q77: 0 | R77: 0 | S77: 0 | T77: 0 | U77: 0 | V77: =SUM(E77:U77) -> 3
C78: 9. EKO BUDI SANTOSO, S.H. | E78: 1 | F78: 0 | G78: 0 | H78: 0 | I78: 1 | J78: 1 | K78: 0 | L78: 0 | M78: 0 | N78: 0 | O78: 1 | P78: 0 | Q78: 0 | R78: 1 | S78: 1 | T78: 0 | U78: 0 | V78: =SUM(E78:U78) -> 6
A79: B | B79: JUMLAH SUARA SAH PARTAI POLITIK DAN CALON (A1 + A2) | E79: =SUM(E69:E78) -> 84 | F79: =SUM(F69:F78) -> 27 | G79: =SUM(G69:G78) -> 33 | H79: =SUM(H69:H78) -> 79 | I79: =SUM(I69:I78) -> 88 | J79: =SUM(J69:J78) -> 38 | K79: =SUM(K69:K78) -> 22 | L79: =SUM(L69:L78) -> 28 | ... V79: =SUM(V69:V78) -> 600
A81: A.1 | B81: 4. | C81: Partai Golongan Karya | E81: 6 | F81: 3 | G81: 3 | H81: 6 | I81: 2 | J81: 0 | K81: 3 | L81: 1 | M81: 4 | N81: 3 | O81: 6 | P81: 5 | Q81: 9 | R81: 5 | S81: 13 | T81: 13 | U81: 11 | V81: =SUM(E81:U81) -> 93
A82: A.2 | C82: 1. PRANAYA YUDHA MAHARDHIKA | E82: 0 | F82: 1 | G82: 3 | H82: 3 | I82: 6 | J82: 2 | K82: 6 | L82: 1 | M82: 4 | N82: 4 | O82: 4 | P82: 3 | Q82: 11 | R82: 7 | S82: 6 | T82: 5 | U82: 4 | V82: =SUM(E82:U82) -> 70
C83: 2. Dra. Ec. ENDANG SULASTUTY, M.I.P. | E83: 1 | F83: 3 | G83: 0 | H83: 4 | I83: 0 | J83: 3 | K83: 0 | L83: 3 | M83: 1 | N83: 4 | O83: 3 | P83: 0 | Q83: 1 | R83: 0 | S83: 5 | T83: 12 | U83: 15 | V83: =SUM(E83:U83) -> 55
C84: 3. AGUS REJEKI WARTONO | E84: 0 | F84: 1 | G84: 2 | H84: 1 | I84: 0 | J84: 0 | K84: 0 | L84: 1 | M84: 0 | N84: 1 | O84: 0 | P84: 0 | Q84: 1 | R84: 1 | S84: 1 | T84: 0 | U84: 7 | V84: =SUM(E84:U84) -> 16
C85: 4. Hj. TUTUK ASMA'A ZUCHROH, S.T., M.T. | E85: 1 | F85: 2 | G85: 1 | H85: 3 | I85: 4 | J85: 2 | K85: 0 | L85: 1 | M85: 3 | N85: 0 | O85: 1 | P85: 2 | Q85: 1 | R85: 4 | S85: 1 | T85: 2 | U85: 3 | V85: =SUM(E85:U85) -> 31
C86: 5. ADE M. RIZKI, S.E. | E86: 1 | F86: 4 | G86: 0 | H86: 1 | I86: 1 | J86: 0 | K86: 1 | L86: 0 | M86: 0 | N86: 1 | O86: 5 | P86: 3 | Q86: 0 | R86: 1 | S86: 1 | T86: 0 | U86: 2 | V86: =SUM(E86:U86) -> 21
C87: 6. ABDURAKHMAN, Bc.Kn. | E87: 0 | F87: 0 | G87: 0 | H87: 0 | I87: 1 | J87: 0 | K87: 0 | L87: 0 | M87: 0 | N87: 0 | O87: 0 | P87: 0 | Q87: 0 | R87: 0 | S87: 0 | T87: 0 | U87: 0 | V87: =SUM(E87:U87) -> 1
C88: 7. CENDY RHIYAN ADI PUTRI | E88: 0 | F88: 0 | G88: 0 | H88: 0 | I88: 1 | J88: 0 | K88: 0 | L88: 0 | M88: 0 | N88: 1 | O88: 0 | P88: 0 | Q88: 0 | R88: 0 | S88: 0 | T88: 1 | U88: 1 | V88: =SUM(E88:U88) -> 4
C89: 8. BAKTI WIJAYANTO, S.E. | E89: 0 | F89: 0 | G89: 0 | H89: 0 | I89: 0 | J89: 0 | K89: 0 | L89: 0 | M89: 0 | N89: 0 | O89: 0 | P89: 0 | Q89: 0 | R89: 0 | S89: 0 | T89: 0 | U89: 0 | V89: =SUM(E89:U89) -> 0
C90: 9. AHMAD UBAIDILLAH | E90: 0 | F90: 0 | G90: 1 | H90: 0 | I90: 1 | J90: 1 | K90: 0 | L90: 0 | M90: 0 | N90: 0 | O90: 1 | P90: 0 | Q90: 0 | R90: 0 | S90: 0 | T90: 0 | U90: 1 | V90: =SUM(E90:U90) -> 5
A91: B | B91: JUMLAH SUARA SAH PARTAI POLITIK DAN CALON (A1 + A2) | E91: =SUM(E81:E90) -> 9 | F91: =SUM(F81:F90) -> 14 | G91: =SUM(G81:G90) -> 10 | H91: =SUM(H81:H90) -> 18 | I91: =SUM(I81:I90) -> 16 | J91: =SUM(J81:J90) -> 8 | K91: =SUM(K81:K90) -> 10 | L91: =SUM(L81:L90) -> 7 | ... V91: =SUM(V81:V90) -> 296
A93: A.1 | B93: 5. | C93: Partai NasDem | E93: 2 | F93: 4 | G93: 2 | H93: 4 | I93: 3 | J93: 0 | K93: 0 | L93: 0 | M93: 5 | N93: 0 | O93: 2 | P93: 4 | Q93: 2 | R93: 0 | S93: 1 | T93: 3 | U93: 1 | V93: =SUM(E93:U93) -> 33
A94: A.2 | C94: 1. ALI MUSTOFA, A.Md. | E94: 1 | F94: 3 | G94: 2 | H94: 1 | I94: 2 | J94: 2 | K94: 0 | L94: 2 | M94: 4 | N94: 4 | O94: 17 | P94: 10 | Q94: 0 | R94: 0 | S94: 1 | T94: 2 | U94: 2 | V94: =SUM(E94:U94) -> 53
C95: 2. Hj. BUAMI, S.H. | E95: 0 | F95: 1 | G95: 1 | H95: 0 | I95: 0 | J95: 0 | K95: 0 | L95: 0 | M95: 0 | N95: 0 | O95: 0 | P95: 0 | Q95: 0 | R95: 0 | S95: 1 | T95: 0 | U95: 0 | V95: =SUM(E95:U95) -> 3
C96: 3. SUGIONO, S.H. | E96: 0 | F96: 0 | G96: 0 | H96: 0 | I96: 0 | J96: 0 | K96: 0 | L96: 0 | M96: 0 | N96: 0 | O96: 0 | P96: 0 | Q96: 0 | R96: 0 | S96: 0 | T96: 1 | U96: 0 | V96: =SUM(E96:U96) -> 1
C97: 4. LULUK SUNARMIATININGSIH | E97: 0 | F97: 1 | G97: 1 | H97: 0 | I97: 1 | J97: 0 | K97: 1 | L97: 0 | M97: 1 | N97: 0 | O97: 1 | P97: 2 | Q97: 0 | R97: 0 | S97: 0 | T97: 0 | U97: 0 | V97: =SUM(E97:U97) -> 8
C98: 5. ANTON DJULIANTO ADI | E98: 0 | F98: 1 | G98: 0 | H98: 0 | I98: 0 | J98: 0 | K98: 0 | L98: 0 | M98: 0 | N98: 0 | O98: 0 | P98: 0 | Q98: 1 | R98: 0 | S98: 0 | T98: 0 | U98: 0 | V98: =SUM(E98:U98) -> 2
C99: 6. MOKHAMAD ROFI'I KHUSNAN | E99: 0 | F99: 0 | G99: 0 | H99: 1 | I99: 0 | J99: 0 | K99: 0 | L99: 0 | M99: 0 | N99: 0 | O99: 1 | P99: 0 | Q99: 0 | R99: 0 | S99: 0 | T99: 0 | U99: 0 | V99: =SUM(E99:U99) -> 2
C100: 7. Rr SETYO WATI | E100: 0 | F100: 0 | G100: 0 | H100: 0 | I100: 0 | J100: 0 | K100: 0 | L100: 0 | M100: 0 | N100: 0 | O100: 0 | P100: 0 | Q100: 0 | R100: 0 | S100: 0 | T100: 0 | U100: 0 | V100: =SUM(E100:U100) -> 0
C101: 8. ABD. KADIR ASSEGAFF | E101: 1 | F101: 0 | G101: 0 | H101: 0 | I101: 0 | J101: 0 | K101: 0 | L101: 0 | M101: 4 | N101: 0 | O101: 0 | P101: 0 | Q101: 0 | R101: 0 | S101: 0 | T101: 0 | U101: 0 | V101: =SUM(E101:U101) -> 5
C102: 9. FATHOR ZAINULLAH | E102: 0 | F102: 0 | G102: 0 | H102: 0 | I102: 0 | J102: 0 | K102: 0 | L102: 0 | M102: 0 | N102: 0 | O102: 0 | P102: 0 | Q102: 0 | R102: 0 | S102: 0 | T102: 0 | U102: 0 | V102: =SUM(E102:U102) -> 0
A103: B | B103: JUMLAH SUARA SAH PARTAI POLITIK DAN CALON (A1 + A2) | E103: =SUM(E93:E102) -> 4 | F103: =SUM(F93:F102) -> 10 | G103: =SUM(G93:G102) -> 6 | H103: =SUM(H93:H102) -> 6 | I103: =SUM(I93:I102) -> 6 | J103: =SUM(J93:J102) -> 2 | K103: =SUM(K93:K102) -> 1 | L103: =SUM(L93:L102) -> 2 | ... V103: =SUM(V93:V102) -> 107
A105: A.1 | B105: 6. | C105: Partai Buruh | E105: 1 | F105: 2 | G105: 0 | H105: 0 | I105: 1 | J105: 0 | K105: 1 | L105: 0 | M105: 0 | N105: 0 | O105: 1 | P105: 0 | Q105: 1 | R105: 0 | S105: 0 | T105: 0 | U105: 0 | V105: =SUM(E105:U105) -> 7
A106: A.2 | C106: 1. AGUS SUPRIYADI | E106: 0 | F106: 0 | G106: 0 | H106: 0 | I106: 0 | J106: 0 | K106: 0 | L106: 0 | M106: 0 | N106: 1 | O106: 0 | P106: 0 | Q106: 0 | R106: 0 | S106: 0 | T106: 0 | U106: 0 | V106: =SUM(E106:U106) -> 1
C107: 2. ENI HARIATI | E107: 0 | F107: 0 | G107: 0 | H107: 0 | I107: 0 | J107: 0 | K107: 0 | L107: 0 | M107: 0 | N107: 0 | O107: 0 | P107: 1 | Q107: 0 | R107: 0 | S107: 0 | T107: 1 | U107: 0 | V107: =SUM(E107:U107) -> 2
A108: B | B108: JUMLAH SUARA SAH PARTAI POLITIK DAN CALON (A1 + A2) | E108: =SUM(E105:E107) -> 1 | F108: =SUM(F105:F107) -> 2 | G108: =SUM(G105:G107) -> 0 | H108: =SUM(H105:H107) -> 0 | I108: =SUM(I105:I107) -> 1 | J108: =SUM(J105:J107) -> 0 | K108: =SUM(K105:K107) -> 1 | L108: =SUM(L105:L107) -> 0 | ... V108: =SUM(V105:V107) -> 10
A110: A.1 | B110: 7. | C110: Partai Gelombang Rakyat Indonesia | E110: 0 | F110: 0 | G110: 1 | H110: 1 | I110: 1 | J110: 0 | K110: 0 | L110: 1 | M110: 0 | N110: 0 | O110: 0 | P110: 0 | Q110: 0 | R110: 0 | S110: 0 | T110: 1 | V110: =SUM(E110:U110) -> 5
A111: A.2 | C111: 1. MIRZA MUHROSNI AROMA | E111: 0 | F111: 0 | G111: 0 | H111: 0 | I111: 0 | J111: 0 | K111: 0 | L111: 0 | M111: 0 | N111: 1 | O111: 0 | P111: 0 | Q111: 0 | R111: 1 | S111: 0 | V111: =SUM(E111:U111) -> 2
C112: 2. ACHMAD BAGUS SUGIARTO | E112: 0 | F112: 0 | G112: 0 | H112: 0 | I112: 1 | J112: 0 | K112: 0 | L112: 0 | M112: 0 | N112: 0 | O112: 0 | P112: 0 | Q112: 0 | R112: 0 | S112: 0 | V112: =SUM(E112:U112) -> 1
C113: 3. ELOK FITRIYA NINGSIH | E113: 0 | F113: 0 | G113: 0 | H113: 1 | I113: 1 | J113: 0 | K113: 0 | L113: 0 | M113: 0 | N113: 0 | O113: 0 | P113: 0 | Q113: 0 | R113: 0 | S113: 0 | V113: =SUM(E113:U113) -> 2
C114: 4. MADI | E114: 0 | F114: 0 | G114: 0 | H114: 0 | I114: 0 | J114: 0 | K114: 0 | L114: 0 | M114: 0 | N114: 0 | O114: 1 | P114: 0 | Q114: 0 | R114: 0 | S114: 1 | V114: =SUM(E114:U114) -> 2
C115: 5. LUKY PERMANASARI | E115: 0 | F115: 0 | G115: 0 | H115: 1 | I115: 0 | J115: 0 | K115: 0 | L115: 0 | M115: 1 | N115: 0 | O115: 0 | P115: 0 | Q115: 0 | R115: 0 | S115: 0 | V115: =SUM(E115:U115) -> 2
A116: B | B116: JUMLAH SUARA SAH PARTAI POLITIK DAN CALON (A1 + A2) | E116: =SUM(E110:E115) -> 0 | F116: =SUM(F110:F115) -> 0 | G116: =SUM(G110:G115) -> 1 | H116: =SUM(H110:H115) -> 3 | I116: =SUM(I110:I115) -> 3 | J116: =SUM(J110:J115) -> 0 | K116: =SUM(K110:K115) -> 0 | L116: =SUM(L110:L115) -> 1 | ... V116: =SUM(V110:V115) -> 14
A118: A.1 | B118: 8. | C118: Partai Keadilan Sejahtera | E118: 10 | F118: 8 | G118: 2 | H118: 4 | I118: 4 | J118: 5 | K118: 2 | L118: 2 | M118: 5 | N118: 0 | O118: 4 | P118: 2 | Q118: 6 | R118: 0 | S118: 3 | T118: 0 | U118: 1 | V118: =SUM(E118:U118) -> 58
...

Sheet GROGOL
C2: Kecamatan | D2: GIRI
C3: Kabupaten | D3: BANYUWANGI
C4: Provinsi | D4: JAWA TIMUR
C9: Kelurahan | D9: GROGOL
A12: I | B12: DATA PEMILIH DAN PENGGUNAAN HAK PILIH | V12: JUMLAH AKHIR
A13: A | B13: DATA PEMILIH | E13: TPS 001 | F13: TPS 002 | G13: TPS 003 | H13: TPS 004 | I13: TPS 005 | J13: TPS 006 | K13: TPS 007 | L13: TPS 008 | M13: TPS 009 | N13: TPS 010 | O13: TPS 011 | P13: TPS 012 | Q13: TPS 013 | R13: TPS 014 | S13: TPS 015 | T13: TPS 016 | U13: TPS 017
B14: Jumlah Pemilih dalam Daftar Pemilih Tetap (DPT) | D14: LK | E14: 139 | F14: 128 | G14: 99 | H14: 119 | I14: 112 | J14: 141 | K14: 133 | L14: 137 | M14: 126 | N14: 121 | O14: 109 | P14: 113 | Q14: 144 | R14: 122 | S14: 93 | T14: 96 | U14: 116 | V14: =SUM(E14:U14) -> 2048
D15: PR | E15: 146 | F15: 135 | G15: 104 | H15: 131 | I15: 104 | J15: 148 | K15: 146 | L15: 151 | M15: 144 | N15: 123 | O15: 119 | P15: 114 | Q15: 132 | R15: 128 | S15: 108 | T15: 102 | U15: 103 | V15: =SUM(E15:U15) -> 2138
D16: JML | E16: =SUM(E14:E15) -> 285 | F16: =SUM(F14:F15) -> 263 | G16: =SUM(G14:G15) -> 203 | H16: =SUM(H14:H15) -> 250 | I16: =SUM(I14:I15) -> 216 | J16: =SUM(J14:J15) -> 289 | K16: =SUM(K14:K15) -> 279 | L16: =SUM(L14:L15) -> 288 | ... U16: =SUM(U14:U15) -> 219 | V16: =SUM(E16:U16) -> 4186
A18: B | B18: PENGGUNA HAK PILIH
B19: 1. | C19: Jumlah pengguna hak pilih dalam Daftar Pemilih Tetap (DPT) | D19: LK | E19: 113 | F19: 109 | G19: 76 | H19: 89 | I19: 99 | J19: 106 | K19: 94 | L19: 105 | M19: 99 | N19: 90 | O19: 88 | P19: 96 | Q19: 120 | R19: 95 | S19: 75 | T19: 80 | U19: 87 | V19: =SUM(E19:U19) -> 1621
D20: PR | E20: 117 | F20: 113 | G20: 83 | H20: 110 | I20: 96 | J20: 117 | K20: 127 | L20: 127 | M20: 122 | N20: 102 | O20: 99 | P20: 102 | Q20: 109 | R20: 109 | S20: 94 | T20: 85 | U20: 79 | V20: =SUM(E20:U20) -> 1791
D21: JML | E21: =SUM(E19:E20) -> 230 | F21: =SUM(F19:F20) -> 222 | G21: =SUM(G19:G20) -> 159 | H21: =SUM(H19:H20) -> 199 | I21: =SUM(I19:I20) -> 195 | J21: =SUM(J19:J20) -> 223 | K21: =SUM(K19:K20) -> 221 | L21: =SUM(L19:L20) -> 232 | ... U21: =SUM(U19:U20) -> 166 | V21: =SUM(E21:U21) -> 3412
B22: 2. | C22: Jumlah pengguna hak pilih dalam Daftar Pemilih Tambahan (DPTb) | D22: LK | E22: 1 | F22: 0 | G22: 0 | H22: 0 | I22: 0 | J22: 0 | K22: 0 | L22: 0 | M22: 0 | N22: 0 | O22: 0 | P22: 0 | Q22: 1 | R22: 0 | S22: 0 | V22: =SUM(E22:U22) -> 2
D23: PR | E23: 1 | F23: 0 | G23: 0 | H23: 0 | I23: 0 | J23: 0 | K23: 0 | L23: 0 | M23: 0 | N23: 0 | O23: 1 | P23: 0 | Q23: 1 | R23: 0 | S23: 0 | V23: =SUM(E23:U23) -> 3
D24: JML | E24: =SUM(E22:E23) -> 2 | F24: =SUM(F22:F23) -> 0 | G24: =SUM(G22:G23) -> 0 | H24: =SUM(H22:H23) -> 0 | I24: =SUM(I22:I23) -> 0 | J24: =SUM(J22:J23) -> 0 | K24: =SUM(K22:K23) -> 0 | L24: =SUM(L22:L23) -> 0 | ... U24: =SUM(U22:U23) -> 0 | V24: =SUM(E24:U24) -> 5
B25: 3. | C25: Jumlah pengguna hak pilih dalam Daftar Pemilih Khusus (DPK) | D25: LK | E25: 0 | F25: 0 | G25: 0 | H25: 1 | I25: 1 | J25: 0 | K25: 0 | L25: 0 | M25: 0 | N25: 0 | O25: 0 | P25: 0 | Q25: 1 | R25: 0 | S25: 0 | V25: =SUM(E25:U25) -> 3
D26: PR | E26: 1 | F26: 1 | G26: 0 | H26: 1 | I26: 1 | J26: 0 | K26: 0 | L26: 0 | M26: 1 | N26: 3 | O26: 1 | P26: 2 | Q26: 0 | R26: 0 | S26: 1 | T26: 2 | V26: =SUM(E26:U26) -> 14
D27: JML | E27: =SUM(E25:E26) -> 1 | F27: =SUM(F25:F26) -> 1 | G27: =SUM(G25:G26) -> 0 | H27: =SUM(H25:H26) -> 2 | I27: =SUM(I25:I26) -> 2 | J27: =SUM(J25:J26) -> 0 | K27: =SUM(K25:K26) -> 0 | L27: =SUM(L25:L26) -> 0 | ... U27: =SUM(U25:U26) -> 0 | V27: =SUM(E27:U27) -> 17
B28: 4. | C28: Jumlah Pengguna Hak Pilih (B.1+B.2+B.3) | D28: LK | E28: =SUM(E19,E22,E25) -> 114 | F28: =SUM(F19,F22,F25) -> 109 | G28: =SUM(G19,G22,G25) -> 76 | H28: =SUM(H19,H22,H25) -> 90 | I28: =SUM(I19,I22,I25) -> 100 | J28: =SUM(J19,J22,J25) -> 106 | K28: =SUM(K19,K22,K25) -> 94 | L28: =SUM(L19,L22,L25) -> 105 | ... U28: =SUM(U19,U22,U25) -> 87 | V28: =SUM(E28:U28) -> 1626
D29: PR | E29: =SUM(E20,E23,E26) -> 119 | F29: =SUM(F20,F23,F26) -> 114 | G29: =SUM(G20,G23,G26) -> 83 | H29: =SUM(H20,H23,H26) -> 111 | I29: =SUM(I20,I23,I26) -> 97 | J29: =SUM(J20,J23,J26) -> 117 | K29: =SUM(K20,K23,K26) -> 127 | L29: =SUM(L20,L23,L26) -> 127 | ... U29: =SUM(U20,U23,U26) -> 79 | V29: =SUM(E29:U29) -> 1808
D30: JML | E30: =SUM(E28:E29) -> 233 | F30: =SUM(F28:F29) -> 223 | G30: =SUM(G28:G29) -> 159 | H30: =SUM(H28:H29) -> 201 | I30: =SUM(I28:I29) -> 197 | J30: =SUM(J28:J29) -> 223 | K30: =SUM(K28:K29) -> 221 | L30: =SUM(L28:L29) -> 232 | ... U30: =SUM(U28:U29) -> 166 | V30: =SUM(E30:U30) -> 3434
A32: II | B32: DATA PENGGUNAAN SURAT SUARA
A33: 1 | B33: Jumlah surat suara yang diterima, termasuk surat suara cadangan 2,5% dari DPT | E33: 289 | F33: 267 | G33: 206 | H33: 253 | I33: 218 | J33: 293 | K33: 283 | L33: 292 | M33: 274 | N33: 247 | O33: 231 | P33: 229 | Q33: 280 | R33: 253 | S33: 204 | T33: 200 | U33: 222 | V33: =SUM(E33:U33) -> 4241
A34: 2 | B34: Jumlah surat suara yang digunakan | E34: 233 | F34: 223 | G34: 159 | H34: 201 | I34: 197 | J34: 223 | K34: 221 | L34: 232 | M34: 222 | N34: 195 | O34: 189 | P34: 200 | Q34: 232 | R34: 204 | S34: 170 | T34: 167 | U34: 166 | V34: =SUM(E34:U34) -> 3434
A35: 3 | B35: Jumlah surat suara dikembalikan oleh pemilih (karena rusak atau keliru coblos) | I35: 1 | V35: =SUM(E35:U35) -> 1
A36: 4 | B36: Jumlah surat suara yang tidak digunakan/tidak terpakai, termasuk sisa surat suara cadangan | E36: =E33-(E34+E35) -> 56 | F36: =F33-(F34+F35) -> 44 | G36: =G33-(G34+G35) -> 47 | H36: =H33-(H34+H35) -> 52 | I36: =I33-(I34+I35) -> 20 | J36: =J33-(J34+J35) -> 70 | K36: =K33-(K34+K35) -> 62 | L36: =L33-(L34+L35) -> 60 | ... U36: =U33-(U34+U35) -> 56 | V36: =SUM(E36:U36) -> 806
A38: III | B38: DATA PEMILIH DISABILITAS
B39: Jumlah seluruh Pemilih disabilitas yang menggunakan hak pilih | D39: LK | I39: 3 | V39: =SUM(E39:U39) -> 3
D40: PR | I40: 1 | V40: =SUM(E40:U40) -> 1
D41: JML | E41: =SUM(E39:E40) -> 0 | F41: =SUM(F39:F40) -> 0 | G41: =SUM(G39:G40) -> 0 | H41: =SUM(H39:H40) -> 0 | I41: =SUM(I39:I40) -> 4 | J41: =SUM(J39:J40) -> 0 | K41: =SUM(K39:K40) -> 0 | L41: =SUM(L39:L40) -> 0 | ... U41: =SUM(U39:U40) -> 0 | V41: =SUM(E41:U41) -> 4
A43: IV | B43: DATA RINCIAN PEROLEHAN SUARA PASANGAN CALON BUPATI DAN WAKIL BUPATI
A44: NOMOR DAN NAMA CALON
A45: A.1 | B45: 1. | C45: Partai Kebangkitan Bangsa | E45: 10 | F45: 7 | G45: 11 | H45: 14 | I45: 26 | J45: 19 | K45: 23 | L45: 17 | M45: 16 | N45: 19 | O45: 21 | P45: 22 | Q45: 23 | R45: 21 | S45: 12 | T45: 14 | U45: 11 | V45: =SUM(E45:U45) -> 286
A46: A.2 | C46: 1. Dra. Hj. MA`MULAH HARUN, M.Pd.I. | E46: 60 | F46: 38 | G46: 30 | H46: 47 | I46: 76 | J46: 69 | K46: 78 | L46: 61 | M46: 45 | N46: 44 | O46: 74 | P46: 70 | Q46: 61 | R46: 24 | S46: 25 | T46: 47 | U46: 60 | V46: =SUM(E46:U46) -> 909
C47: 2. UBAIDILLAH, S.Fil.I. | E47: 2 | F47: 1 | G47: 4 | H47: 1 | I47: 5 | J47: 2 | K47: 0 | L47: 2 | M47: 1 | N47: 1 | O47: 5 | P47: 1 | Q47: 4 | R47: 1 | S47: 1 | V47: =SUM(E47:U47) -> 31
C48: 3. Ir. H. YOYOK MULYADI, M.Si. | E48: 0 | F48: 0 | G48: 0 | H48: 0 | I48: 0 | J48: 0 | K48: 2 | L48: 1 | M48: 2 | N48: 0 | O48: 0 | P48: 2 | Q48: 0 | R48: 1 | S48: 1 | V48: =SUM(E48:U48) -> 9
C49: 4. KHOIRUL ANWAR, S.Fil.I. | E49: 0 | F49: 1 | G49: 0 | H49: 0 | I49: 3 | J49: 1 | K49: 1 | L49: 2 | M49: 2 | N49: 0 | O49: 3 | P49: 1 | Q49: 1 | R49: 0 | S49: 0 | U49: 1 | V49: =SUM(E49:U49) -> 16
C50: 5. ARIF WIJAKSANA | E50: 0 | F50: 0 | G50: 2 | H50: 1 | I50: 0 | J50: 0 | K50: 0 | L50: 0 | M50: 0 | N50: 1 | O50: 0 | P50: 1 | Q50: 0 | R50: 0 | S50: 0 | U50: 2 | V50: =SUM(E50:U50) -> 7
C51: 6. Dr. SITI YUMNAH | E51: 0 | F51: 0 | G51: 1 | H51: 0 | I51: 1 | J51: 0 | K51: 0 | L51: 0 | M51: 1 | N51: 0 | O51: 0 | P51: 0 | Q51: 0 | R51: 0 | S51: 0 | U51: 1 | V51: =SUM(E51:U51) -> 4
C52: 7. MOHAMMAD ZAINI, M.Pd.I. | E52: 0 | F52: 0 | G52: 0 | H52: 1 | I52: 0 | J52: 0 | K52: 0 | L52: 0 | M52: 0 | N52: 0 | O52: 0 | P52: 1 | Q52: 0 | R52: 0 | S52: 0 | V52: =SUM(E52:U52) -> 2
C53: 8. FAWAIDUL MAKKIYAH | E53: 0 | F53: 0 | G53: 0 | H53: 0 | I53: 1 | J53: 0 | K53: 0 | L53: 0 | M53: 0 | N53: 1 | O53: 1 | P53: 0 | Q53: 0 | R53: 0 | S53: 0 | V53: =SUM(E53:U53) -> 3
C54: 9. IFFAH HIDAYATUR ROHMAH, S.Sos. | E54: 0 | F54: 0 | G54: 0 | H54: 1 | I54: 0 | J54: 0 | K54: 1 | L54: 1 | M54: 0 | N54: 0 | O54: 0 | P54: 0 | Q54: 2 | R54: 0 | S54: 1 | V54: =SUM(E54:U54) -> 6
A55: B | B55: JUMLAH SUARA SAH PARTAI POLITIK DAN CALON (A1 + A2) | E55: =SUM(E45:E54) -> 72 | F55: =SUM(F45:F54) -> 47 | G55: =SUM(G45:G54) -> 48 | H55: =SUM(H45:H54) -> 65 | I55: =SUM(I45:I54) -> 112 | J55: =SUM(J45:J54) -> 91 | K55: =SUM(K45:K54) -> 105 | L55: =SUM(L45:L54) -> 84 | ... V55: =SUM(V45:V54) -> 1273
A57: A.1 | B57: 2. | C57: Partai Gerakan Indonesia Raya | E57: 14 | F57: 8 | G57: 11 | H57: 13 | I57: 6 | J57: 10 | K57: 10 | L57: 5 | M57: 10 | N57: 10 | O57: 3 | P57: 8 | Q57: 15 | R57: 14 | S57: 9 | T57: 4 | U57: 10 | V57: =SUM(E57:U57) -> 160
A58: A.2 | C58: 1. AHMAD HADINUDDIN, S.Pd.I. | E58: 5 | F58: 4 | G58: 1 | H58: 4 | I58: 1 | J58: 10 | K58: 5 | L58: 3 | M58: 3 | N58: 9 | O58: 4 | P58: 6 | Q58: 8 | R58: 11 | S58: 10 | T58: 9 | U58: 5 | V58: =SUM(E58:U58) -> 98
C59: 2. BIMA RAFSANJANI RAFID | E59: 5 | F59: 12 | G59: 2 | H59: 8 | I59: 6 | J59: 6 | K59: 5 | L59: 6 | M59: 5 | N59: 2 | O59: 3 | P59: 6 | Q59: 5 | R59: 7 | S59: 15 | T59: 6 | U59: 8 | V59: =SUM(E59:U59) -> 107
C60: 3. IRA DAMAYANTI | E60: 2 | F60: 0 | G60: 1 | H60: 1 | I60: 3 | J60: 2 | K60: 2 | L60: 2 | M60: 0 | N60: 0 | O60: 1 | P60: 1 | Q60: 0 | R60: 4 | S60: 0 | U60: 1 | V60: =SUM(E60:U60) -> 20
C61: 4. MAULANA MALIK IBRAHIM, S.H. | E61: 6 | F61: 1 | G61: 0 | H61: 1 | I61: 0 | J61: 3 | K61: 6 | L61: 28 | M61: 2 | N61: 0 | O61: 4 | P61: 1 | Q61: 1 | R61: 2 | S61: 2 | U61: 2 | V61: =SUM(E61:U61) -> 59
C62: 5. LULUK ALFIATI | E62: 2 | F62: 1 | G62: 0 | H62: 0 | I62: 0 | J62: 1 | K62: 0 | L62: 0 | M62: 0 | N62: 1 | O62: 0 | P62: 0 | Q62: 1 | R62: 0 | S62: 2 | U62: 3 | V62: =SUM(E62:U62) -> 11
C63: 6. ILHAM WAHYUDI, S.H. | E63: 0 | F63: 0 | G63: 1 | H63: 0 | I63: 0 | J63: 2 | K63: 2 | L63: 0 | M63: 0 | N63: 0 | O63: 0 | P63: 0 | Q63: 3 | R63: 2 | S63: 1 | T63: 1 | U63: 1 | V63: =SUM(E63:U63) -> 13
C64: 7. HAERUL ANWAR, S.Pd.I. | E64: 0 | F64: 0 | G64: 0 | H64: 0 | I64: 0 | J64: 0 | K64: 0 | L64: 0 | M64: 0 | N64: 0 | O64: 0 | P64: 0 | Q64: 0 | R64: 0 | S64: 0 | V64: =SUM(E64:U64) -> 0
C65: 8. YOVI ADHITYA WARDANI | E65: 0 | F65: 0 | G65: 0 | H65: 0 | I65: 0 | J65: 1 | K65: 0 | L65: 0 | M65: 0 | N65: 0 | O65: 0 | P65: 0 | Q65: 0 | R65: 1 | S65: 0 | V65: =SUM(E65:U65) -> 2
C66: 9. RITA AMELIA | E66: 0 | F66: 1 | G66: 0 | H66: 1 | I66: 0 | J66: 0 | K66: 0 | L66: 0 | M66: 0 | N66: 0 | O66: 0 | P66: 0 | Q66: 1 | R66: 0 | S66: 0 | V66: =SUM(E66:U66) -> 3
A67: B | B67: JUMLAH SUARA SAH PARTAI POLITIK DAN CALON (A1 + A2) | E67: =SUM(E57:E66) -> 34 | F67: =SUM(F57:F66) -> 27 | G67: =SUM(G57:G66) -> 16 | H67: =SUM(H57:H66) -> 28 | I67: =SUM(I57:I66) -> 16 | J67: =SUM(J57:J66) -> 35 | K67: =SUM(K57:K66) -> 30 | L67: =SUM(L57:L66) -> 44 | ... V67: =SUM(V57:V66) -> 473
A69: A.1 | B69: 3. | C69: Partai Demokrasi Indonesia Perjuangan | E69: 17 | F69: 17 | G69: 9 | H69: 10 | I69: 7 | J69: 7 | K69: 3 | L69: 7 | M69: 7 | N69: 5 | O69: 2 | P69: 5 | Q69: 3 | R69: 5 | S69: 1 | T69: 5 | U69: 4 | V69: =SUM(E69:U69) -> 114
A70: A.2 | C70: 1. MARTIN H., S.H., M.H. | E70: 2 | F70: 5 | G70: 3 | H70: 4 | I70: 4 | J70: 5 | K70: 0 | L70: 1 | M70: 5 | N70: 3 | O70: 2 | P70: 3 | Q70: 0 | R70: 0 | S70: 2 | T70: 2 | U70: 7 | V70: =SUM(E70:U70) -> 48
C71: 2. HERMANTO, S.E. | E71: 4 | F71: 15 | G71: 8 | H71: 4 | I71: 3 | J71: 3 | K71: 4 | L71: 7 | M71: 3 | N71: 3 | O71: 0 | P71: 4 | Q71: 3 | R71: 3 | S71: 0 | T71: 1 | U71: 4 | V71: =SUM(E71:U71) -> 69
C72: 3. EVY SUSILAWATI, S.E., M.M. | E72: 5 | F72: 5 | G72: 3 | H72: 4 | I72: 2 | J72: 2 | K72: 1 | L72: 1 | M72: 2 | N72: 2 | O72: 1 | P72: 0 | Q72: 1 | R72: 0 | S72: 0 | T72: 1 | U72: 1 | V72: =SUM(E72:U72) -> 31
C73: 4. M. SIROTTUDIN | E73: 12 | F73: 27 | G73: 2 | H73: 4 | I73: 0 | J73: 3 | K73: 17 | L73: 11 | M73: 39 | N73: 11 | O73: 0 | P73: 7 | Q73: 10 | R73: 0 | S73: 0 | T73: 1 | U73: 3 | V73: =SUM(E73:U73) -> 147
C74: 5. ABDUL HAFID, S.H. | E74: 3 | F74: 3 | G74: 3 | H74: 1 | I74: 3 | J74: 1 | K74: 1 | L74: 11 | M74: 3 | N74: 1 | O74: 1 | P74: 0 | Q74: 0 | R74: 0 | S74: 0 | U74: 3 | V74: =SUM(E74:U74) -> 34
C75: 6. NIKITA FORTUNA SURYANINGATI, A.Md.Keb. | E75: 1 | F75: 1 | G75: 0 | H75: 0 | I75: 1 | J75: 0 | K75: 0 | L75: 1 | M75: 0 | N75: 0 | O75: 0 | P75: 0 | Q75: 0 | R75: 0 | S75: 0 | V75: =SUM(E75:U75) -> 4
C76: 7. YUDHO ILHAM WIJAYA, S.E. | E76: 0 | F76: 1 | G76: 0 | H76: 1 | I76: 0 | J76: 4 | K76: 0 | L76: 1 | M76: 1 | N76: 0 | O76: 1 | P76: 0 | Q76: 1 | R76: 0 | S76: 1 | U76: 1 | V76: =SUM(E76:U76) -> 12
C77: 8. SETIAWATI, S.H. | E77: 0 | F77: 0 | G77: 0 | H77: 1 | I77: 0 | J77: 0 | K77: 0 | L77: 1 | M77: 0 | N77: 0 | O77: 0 | P77: 0 | Q77: 3 | R77: 0 | S77: 0 | V77: =SUM(E77:U77) -> 5
C78: 9. EKO BUDI SANTOSO, S.H. | E78: 1 | F78: 3 | G78: 0 | H78: 1 | I78: 0 | J78: 1 | K78: 1 | L78: 1 | M78: 0 | N78: 1 | O78: 0 | P78: 0 | Q78: 0 | R78: 0 | S78: 0 | U78: 1 | V78: =SUM(E78:U78) -> 10
A79: B | B79: JUMLAH SUARA SAH PARTAI POLITIK DAN CALON (A1 + A2) | E79: =SUM(E69:E78) -> 45 | F79: =SUM(F69:F78) -> 77 | G79: =SUM(G69:G78) -> 28 | H79: =SUM(H69:H78) -> 30 | I79: =SUM(I69:I78) -> 20 | J79: =SUM(J69:J78) -> 26 | K79: =SUM(K69:K78) -> 27 | L79: =SUM(L69:L78) -> 42 | ... V79: =SUM(V69:V78) -> 474
A81: A.1 | B81: 4. | C81: Partai Golongan Karya | E81: 5 | F81: 1 | G81: 3 | H81: 6 | I81: 4 | J81: 3 | K81: 5 | L81: 1 | M81: 1 | N81: 8 | O81: 3 | P81: 1 | Q81: 2 | R81: 18 | S81: 9 | T81: 12 | U81: 1 | V81: =SUM(E81:U81) -> 83
A82: A.2 | C82: 1. PRANAYA YUDHA MAHARDHIKA | E82: 1 | F82: 3 | G82: 0 | H82: 4 | I82: 4 | J82: 3 | K82: 7 | L82: 3 | M82: 5 | N82: 22 | O82: 5 | P82: 3 | Q82: 3 | R82: 39 | S82: 43 | T82: 31 | V82: =SUM(E82:U82) -> 176
C83: 2. Dra. Ec. ENDANG SULASTUTY, M.I.P. | E83: 0 | F83: 0 | G83: 0 | H83: 0 | I83: 0 | J83: 1 | K83: 3 | L83: 0 | M83: 1 | N83: 1 | O83: 2 | P83: 1 | Q83: 2 | R83: 2 | S83: 2 | T83: 3 | V83: =SUM(E83:U83) -> 18
C84: 3. AGUS REJEKI WARTONO | E84: 0 | F84: 0 | G84: 1 | H84: 0 | I84: 1 | J84: 0 | K84: 0 | L84: 1 | M84: 0 | N84: 0 | O84: 1 | P84: 0 | Q84: 0 | R84: 1 | S84: 1 | V84: =SUM(E84:U84) -> 6
C85: 4. Hj. TUTUK ASMA'A ZUCHROH, S.T., M.T. | E85: 2 | F85: 1 | G85: 0 | H85: 1 | I85: 1 | J85: 0 | K85: 1 | L85: 1 | M85: 0 | N85: 2 | O85: 3 | P85: 1 | Q85: 1 | R85: 2 | S85: 0 | T85: 1 | V85: =SUM(E85:U85) -> 17
C86: 5. ADE M. RIZKI, S.E. | E86: 0 | F86: 0 | G86: 0 | H86: 1 | I86: 0 | J86: 0 | K86: 0 | L86: 0 | M86: 0 | N86: 0 | O86: 0 | P86: 0 | Q86: 0 | R86: 0 | S86: 2 | V86: =SUM(E86:U86) -> 3
C87: 6. ABDURAKHMAN, Bc.Kn. | E87: 0 | F87: 0 | G87: 0 | H87: 1 | I87: 0 | J87: 0 | K87: 0 | L87: 0 | M87: 0 | N87: 0 | O87: 1 | P87: 0 | Q87: 0 | R87: 0 | S87: 0 | V87: =SUM(E87:U87) -> 2
C88: 7. CENDY RHIYAN ADI PUTRI | E88: 0 | F88: 0 | G88: 0 | H88: 0 | I88: 0 | J88: 0 | K88: 0 | L88: 0 | M88: 0 | N88: 0 | O88: 0 | P88: 0 | Q88: 0 | R88: 0 | S88: 0 | V88: =SUM(E88:U88) -> 0
C89: 8. BAKTI WIJAYANTO, S.E. | E89: 0 | F89: 0 | G89: 0 | H89: 1 | I89: 0 | J89: 0 | K89: 1 | L89: 1 | M89: 0 | N89: 0 | O89: 0 | P89: 0 | Q89: 0 | R89: 0 | S89: 0 | V89: =SUM(E89:U89) -> 3
C90: 9. AHMAD UBAIDILLAH | E90: 1 | F90: 0 | G90: 0 | H90: 0 | I90: 0 | J90: 0 | K90: 1 | L90: 0 | M90: 0 | N90: 0 | O90: 0 | P90: 0 | Q90: 0 | R90: 1 | S90: 0 | V90: =SUM(E90:U90) -> 3
A91: B | B91: JUMLAH SUARA SAH PARTAI POLITIK DAN CALON (A1 + A2) | E91: =SUM(E81:E90) -> 9 | F91: =SUM(F81:F90) -> 5 | G91: =SUM(G81:G90) -> 4 | H91: =SUM(H81:H90) -> 14 | I91: =SUM(I81:I90) -> 10 | J91: =SUM(J81:J90) -> 7 | K91: =SUM(K81:K90) -> 18 | L91: =SUM(L81:L90) -> 7 | ... V91: =SUM(V81:V90) -> 311
A93: A.1 | B93: 5. | C93: Partai NasDem | E93: 1 | F93: 3 | G93: 0 | H93: 1 | I93: 1 | J93: 0 | K93: 0 | L93: 4 | M93: 2 | N93: 2 | O93: 3 | P93: 1 | Q93: 0 | R93: 0 | S93: 0 | U93: 1 | V93: =SUM(E93:U93) -> 19
A94: A.2 | C94: 1. ALI MUSTOFA, A.Md. | E94: 1 | F94: 0 | G94: 0 | H94: 0 | I94: 1 | J94: 1 | K94: 0 | L94: 2 | M94: 8 | N94: 5 | O94: 3 | P94: 5 | Q94: 5 | R94: 2 | S94: 2 | T94: 1 | V94: =SUM(E94:U94) -> 36
C95: 2. Hj. BUAMI, S.H. | E95: 0 | F95: 1 | G95: 0 | H95: 1 | I95: 0 | J95: 0 | K95: 0 | L95: 0 | M95: 1 | N95: 2 | O95: 1 | P95: 1 | Q95: 1 | R95: 0 | S95: 0 | V95: =SUM(E95:U95) -> 8
C96: 3. SUGIONO, S.H. | E96: 1 | F96: 1 | G96: 0 | H96: 0 | I96: 0 | J96: 0 | K96: 0 | L96: 0 | M96: 0 | N96: 0 | O96: 0 | P96: 0 | Q96: 1 | R96: 1 | S96: 0 | V96: =SUM(E96:U96) -> 4
C97: 4. LULUK SUNARMIATININGSIH | E97: 0 | F97: 0 | G97: 0 | H97: 0 | I97: 0 | J97: 0 | K97: 0 | L97: 0 | M97: 1 | N97: 0 | O97: 0 | P97: 0 | Q97: 0 | R97: 0 | S97: 0 | V97: =SUM(E97:U97) -> 1
C98: 5. ANTON DJULIANTO ADI | E98: 0 | F98: 0 | G98: 0 | H98: 0 | I98: 0 | J98: 0 | K98: 0 | L98: 3 | M98: 1 | N98: 0 | O98: 0 | P98: 0 | Q98: 0 | R98: 0 | S98: 0 | T98: 1 | V98: =SUM(E98:U98) -> 5
C99: 6. MOKHAMAD ROFI'I KHUSNAN | E99: 0 | F99: 0 | G99: 0 | H99: 1 | I99: 0 | J99: 0 | K99: 0 | L99: 0 | M99: 0 | N99: 0 | O99: 0 | P99: 1 | Q99: 0 | R99: 1 | S99: 1 | T99: 2 | V99: =SUM(E99:U99) -> 6
C100: 7. Rr SETYO WATI | E100: 0 | F100: 0 | G100: 0 | H100: 0 | I100: 0 | J100: 0 | K100: 0 | L100: 0 | M100: 0 | N100: 0 | O100: 0 | P100: 0 | Q100: 0 | R100: 0 | S100: 0 | V100: =SUM(E100:U100) -> 0
C101: 8. ABD. KADIR ASSEGAFF | E101: 0 | F101: 0 | G101: 0 | H101: 0 | I101: 0 | J101: 0 | K101: 0 | L101: 0 | M101: 0 | N101: 0 | O101: 0 | P101: 0 | Q101: 0 | R101: 0 | S101: 0 | V101: =SUM(E101:U101) -> 0
C102: 9. FATHOR ZAINULLAH | E102: 0 | F102: 0 | G102: 2 | H102: 0 | I102: 0 | J102: 0 | K102: 0 | L102: 0 | M102: 0 | N102: 0 | O102: 0 | P102: 0 | Q102: 0 | R102: 0 | S102: 0 | V102: =SUM(E102:U102) -> 2
A103: B | B103: JUMLAH SUARA SAH PARTAI POLITIK DAN CALON (A1 + A2) | E103: =SUM(E93:E102) -> 3 | F103: =SUM(F93:F102) -> 5 | G103: =SUM(G93:G102) -> 2 | H103: =SUM(H93:H102) -> 3 | I103: =SUM(I93:I102) -> 2 | J103: =SUM(J93:J102) -> 1 | K103: =SUM(K93:K102) -> 0 | L103: =SUM(L93:L102) -> 9 | ... V103: =SUM(V93:V102) -> 81
A105: A.1 | B105: 6. | C105: Partai Buruh | E105: 0 | F105: 0 | G105: 0 | H105: 2 | I105: 0 | J105: 0 | K105: 1 | L105: 1 | M105: 3 | N105: 1 | O105: 0 | P105: 0 | Q105: 2 | R105: 1 | S105: 0 | T105: 2 | V105: =SUM(E105:U105) -> 13
A106: A.2 | C106: 1. AGUS SUPRIYADI | E106: 0 | F106: 0 | G106: 0 | H106: 0 | I106: 0 | J106: 0 | K106: 0 | L106: 0 | M106: 0 | N106: 1 | O106: 0 | P106: 1 | Q106: 0 | R106: 1 | S106: 0 | V106: =SUM(E106:U106) -> 3
C107: 2. ENI HARIATI | E107: 0 | F107: 0 | G107: 0 | H107: 0 | I107: 1 | J107: 0 | K107: 0 | L107: 0 | M107: 0 | N107: 0 | O107: 0 | P107: 0 | Q107: 1 | R107: 0 | S107: 0 | V107: =SUM(E107:U107) -> 2
A108: B | B108: JUMLAH SUARA SAH PARTAI POLITIK DAN CALON (A1 + A2) | E108: =SUM(E105:E107) -> 0 | F108: =SUM(F105:F107) -> 0 | G108: =SUM(G105:G107) -> 0 | H108: =SUM(H105:H107) -> 2 | I108: =SUM(I105:I107) -> 1 | J108: =SUM(J105:J107) -> 0 | K108: =SUM(K105:K107) -> 1 | L108: =SUM(L105:L107) -> 1 | ... V108: =SUM(V105:V107) -> 18
A110: A.1 | B110: 7. | C110: Partai Gelombang Rakyat Indonesia | E110: 0 | F110: 1 | G110: 0 | H110: 1 | I110: 0 | J110: 1 | K110: 0 | L110: 1 | M110: 0 | N110: 1 | O110: 0 | P110: 1 | Q110: 0 | R110: 0 | S110: 1 | U110: 1 | V110: =SUM(E110:U110) -> 8
A111: A.2 | C111: 1. MIRZA MUHROSNI AROMA | E111: 1 | F111: 0 | G111: 0 | H111: 0 | I111: 0 | J111: 1 | K111: 0 | L111: 0 | M111: 0 | N111: 0 | O111: 0 | P111: 1 | Q111: 0 | R111: 1 | S111: 0 | V111: =SUM(E111:U111) -> 4
C112: 2. ACHMAD BAGUS SUGIARTO | E112: 0 | F112: 0 | G112: 0 | H112: 0 | I112: 0 | J112: 0 | K112: 0 | L112: 0 | M112: 0 | N112: 0 | O112: 0 | P112: 0 | Q112: 0 | R112: 0 | S112: 0 | V112: =SUM(E112:U112) -> 0
C113: 3. ELOK FITRIYA NINGSIH | E113: 0 | F113: 0 | G113: 1 | H113: 0 | I113: 1 | J113: 0 | K113: 0 | L113: 0 | M113: 0 | N113: 0 | O113: 0 | P113: 0 | Q113: 0 | R113: 0 | S113: 0 | V113: =SUM(E113:U113) -> 2
C114: 4. MADI | E114: 0 | F114: 0 | G114: 0 | H114: 0 | I114: 0 | J114: 0 | K114: 0 | L114: 1 | M114: 0 | N114: 0 | O114: 0 | P114: 0 | Q114: 0 | R114: 0 | S114: 0 | V114: =SUM(E114:U114) -> 1
C115: 5. LUKY PERMANASARI | E115: 0 | F115: 0 | G115: 0 | H115: 0 | I115: 0 | J115: 0 | K115: 0 | L115: 0 | M115: 0 | N115: 0 | O115: 0 | P115: 0 | Q115: 0 | R115: 0 | S115: 0 | V115: =SUM(E115:U115) -> 0
A116: B | B116: JUMLAH SUARA SAH PARTAI POLITIK DAN CALON (A1 + A2) | E116: =SUM(E110:E115) -> 1 | F116: =SUM(F110:F115) -> 1 | G116: =SUM(G110:G115) -> 1 | H116: =SUM(H110:H115) -> 1 | I116: =SUM(I110:I115) -> 1 | J116: =SUM(J110:J115) -> 2 | K116: =SUM(K110:K115) -> 0 | L116: =SUM(L110:L115) -> 2 | ... V116: =SUM(V110:V115) -> 15
A118: A.1 | B118: 8. | C118: Partai Keadilan Sejahtera | E118: 1 | F118: 1 | G118: 0 | H118: 2 | I118: 0 | J118: 4 | K118: 0 | L118: 1 | M118: 0 | N118: 1 | O118: 2 | P118: 1 | Q118: 1 | R118: 0 | S118: 1 | U118: 2 | V118: =SUM(E118:U118) -> 17
...

Sheet JAMBESARI
C2: Kecamatan | D2: GIRI
C3: Kabupaten | D3: BANYUWANGI
C4: Provinsi | D4: JAWA TIMUR
C9: Kelurahan | D9: JAMBESARI
A12: I | B12: DATA PEMILIH DAN PENGGUNAAN HAK PILIH | O12: JUMLAH AKHIR
A13: A | B13: DATA PEMILIH | E13: TPS 001 | F13: TPS 002 | G13: TPS 003 | H13: TPS 004 | I13: TPS 005 | J13: TPS 006 | K13: TPS 007 | L13: TPS 008 | M13: TPS 009 | N13: TPS 010
B14: Jumlah Pemilih dalam Daftar Pemilih Tetap (DPT) | D14: LK | E14: 151 | F14: 137 | G14: 145 | H14: 145 | I14: 147 | J14: 141 | K14: 124 | L14: 133 | M14: 123 | N14: 90 | O14: =SUM(E14:N14) -> 1336
D15: PR | E15: 144 | F15: 156 | G15: 151 | H15: 150 | I15: 145 | J15: 145 | K15: 136 | L15: 127 | M15: 125 | N15: 96 | O15: =SUM(E15:N15) -> 1375
D16: JML | E16: =SUM(E14:E15) -> 295 | F16: =SUM(F14:F15) -> 293 | G16: =SUM(G14:G15) -> 296 | H16: =SUM(H14:H15) -> 295 | I16: =SUM(I14:I15) -> 292 | J16: =SUM(J14:J15) -> 286 | K16: =SUM(K14:K15) -> 260 | L16: =SUM(L14:L15) -> 260 | ... N16: =SUM(N14:N15) -> 186 | O16: =SUM(E16:N16) -> 2711
A18: B | B18: PENGGUNA HAK PILIH
B19: 1. | C19: Jumlah pengguna hak pilih dalam Daftar Pemilih Tetap (DPT) | D19: LK | E19: 122 | F19: 119 | G19: 129 | H19: 118 | I19: 122 | J19: 114 | K19: 103 | L19: 114 | M19: 101 | N19: 76 | O19: =SUM(E19:N19) -> 1118
D20: PR | E20: 126 | F20: 131 | G20: 138 | H20: 134 | I20: 117 | J20: 128 | K20: 118 | L20: 115 | M20: 110 | N20: 86 | O20: =SUM(E20:N20) -> 1203
D21: JML | E21: =SUM(E19:E20) -> 248 | F21: =SUM(F19:F20) -> 250 | G21: =SUM(G19:G20) -> 267 | H21: =SUM(H19:H20) -> 252 | I21: =SUM(I19:I20) -> 239 | J21: =SUM(J19:J20) -> 242 | K21: =SUM(K19:K20) -> 221 | L21: =SUM(L19:L20) -> 229 | ... N21: =SUM(N19:N20) -> 162 | O21: =SUM(E21:N21) -> 2321
B22: 2. | C22: Jumlah pengguna hak pilih dalam Daftar Pemilih Tambahan (DPTb) | D22: LK | E22: 0 | F22: 0 | G22: 0 | H22: 0 | I22: 0 | J22: 0 | K22: 0 | L22: 1 | M22: 0 | N22: 0 | O22: =SUM(E22:N22) -> 1
D23: PR | E23: 0 | F23: 0 | G23: 0 | H23: 0 | I23: 0 | J23: 0 | K23: 0 | L23: 1 | M23: 0 | N23: 0 | O23: =SUM(E23:N23) -> 1
D24: JML | E24: =SUM(E22:E23) -> 0 | F24: =SUM(F22:F23) -> 0 | G24: =SUM(G22:G23) -> 0 | H24: =SUM(H22:H23) -> 0 | I24: =SUM(I22:I23) -> 0 | J24: =SUM(J22:J23) -> 0 | K24: =SUM(K22:K23) -> 0 | L24: =SUM(L22:L23) -> 2 | ... N24: =SUM(N22:N23) -> 0 | O24: =SUM(E24:N24) -> 2
B25: 3. | C25: Jumlah pengguna hak pilih dalam Daftar Pemilih Khusus (DPK) | D25: LK | E25: 0 | F25: 0 | G25: 1 | H25: 0 | I25: 0 | J25: 0 | K25: 0 | L25: 1 | M25: 0 | N25: 0 | O25: =SUM(E25:N25) -> 2
D26: PR | E26: 0 | F26: 2 | G26: 0 | H26: 0 | I26: 0 | J26: 1 | K26: 0 | L26: 2 | M26: 1 | N26: 0 | O26: =SUM(E26:N26) -> 6
D27: JML | E27: =SUM(E25:E26) -> 0 | F27: =SUM(F25:F26) -> 2 | G27: =SUM(G25:G26) -> 1 | H27: =SUM(H25:H26) -> 0 | I27: =SUM(I25:I26) -> 0 | J27: =SUM(J25:J26) -> 1 | K27: =SUM(K25:K26) -> 0 | L27: =SUM(L25:L26) -> 3 | ... N27: =SUM(N25:N26) -> 0 | O27: =SUM(E27:N27) -> 8
B28: 4. | C28: Jumlah Pengguna Hak Pilih (B.1+B.2+B.3) | D28: LK | E28: =SUM(E19,E22,E25) -> 122 | F28: =SUM(F19,F22,F25) -> 119 | G28: =SUM(G19,G22,G25) -> 130 | H28: =SUM(H19,H22,H25) -> 118 | I28: =SUM(I19,I22,I25) -> 122 | J28: =SUM(J19,J22,J25) -> 114 | K28: =SUM(K19,K22,K25) -> 103 | L28: =SUM(L19,L22,L25) -> 116 | ... N28: =SUM(N19,N22,N25) -> 76 | O28: =SUM(E28:N28) -> 1121
D29: PR | E29: =SUM(E20,E23,E26) -> 126 | F29: =SUM(F20,F23,F26) -> 133 | G29: =SUM(G20,G23,G26) -> 138 | H29: =SUM(H20,H23,H26) -> 134 | I29: =SUM(I20,I23,I26) -> 117 | J29: =SUM(J20,J23,J26) -> 129 | K29: =SUM(K20,K23,K26) -> 118 | L29: =SUM(L20,L23,L26) -> 118 | ... N29: =SUM(N20,N23,N26) -> 86 | O29: =SUM(E29:N29) -> 1210
D30: JML | E30: =SUM(E28:E29) -> 248 | F30: =SUM(F28:F29) -> 252 | G30: =SUM(G28:G29) -> 268 | H30: =SUM(H28:H29) -> 252 | I30: =SUM(I28:I29) -> 239 | J30: =SUM(J28:J29) -> 243 | K30: =SUM(K28:K29) -> 221 | L30: =SUM(L28:L29) -> 234 | ... N30: =SUM(N28:N29) -> 162 | O30: =SUM(E30:N30) -> 2331
A32: II | B32: DATA PENGGUNAAN SURAT SUARA
A33: 1 | B33: Jumlah surat suara yang diterima, termasuk surat suara cadangan 2,5% dari DPT | E33: 301 | F33: 299 | G33: 302 | H33: 302 | I33: 298 | J33: 292 | K33: 266 | L33: 267 | M33: 253 | N33: 190 | O33: =SUM(E33:N33) -> 2770
A34: 2 | B34: Jumlah surat suara yang digunakan | E34: 248 | F34: 252 | G34: 268 | H34: 252 | I34: 239 | J34: 243 | K34: 221 | L34: 234 | M34: 212 | N34: 162 | O34: =SUM(E34:N34) -> 2331
A35: 3 | B35: Jumlah surat suara dikembalikan oleh pemilih (karena rusak atau keliru coblos) | J35: 1 | M35: 31 | O35: =SUM(E35:N35) -> 32
A36: 4 | B36: Jumlah surat suara yang tidak digunakan/tidak terpakai, termasuk sisa surat suara cadangan | E36: =E33-(E34+E35) -> 53 | F36: =F33-(F34+F35) -> 47 | G36: =G33-(G34+G35) -> 34 | H36: =H33-(H34+H35) -> 50 | I36: =I33-(I34+I35) -> 59 | J36: =J33-(J34+J35) -> 48 | K36: =K33-(K34+K35) -> 45 | L36: =L33-(L34+L35) -> 33 | ... N36: =N33-(N34+N35) -> 28 | O36: =SUM(E36:N36) -> 407
A38: III | B38: DATA PEMILIH DISABILITAS
B39: Jumlah seluruh Pemilih disabilitas yang menggunakan hak pilih | D39: LK | E39: 2 | F39: 1 | O39: =SUM(E39:N39) -> 3
D40: PR | I40: 1 | J40: 1 | O40: =SUM(E40:N40) -> 2
D41: JML | E41: =SUM(E39:E40) -> 2 | F41: =SUM(F39:F40) -> 1 | G41: =SUM(G39:G40) -> 0 | H41: =SUM(H39:H40) -> 0 | I41: =SUM(I39:I40) -> 1 | J41: =SUM(J39:J40) -> 1 | K41: =SUM(K39:K40) -> 0 | L41: =SUM(L39:L40) -> 0 | ... N41: =SUM(N39:N40) -> 0 | O41: =SUM(E41:N41) -> 5
A43: IV | B43: DATA RINCIAN PEROLEHAN SUARA PASANGAN CALON BUPATI DAN WAKIL BUPATI
A44: NOMOR DAN NAMA CALON
A45: A.1 | B45: 1. | C45: Partai Kebangkitan Bangsa | E45: 9 | F45: 15 | G45: 12 | H45: 17 | I45: 26 | J45: 38 | K45: 33 | L45: 31 | M45: 31 | N45: 19 | O45: =SUM(E45:N45) -> 231
A46: A.2 | C46: 1. Dra. Hj. MA`MULAH HARUN, M.Pd.I. | E46: 23 | F46: 34 | G46: 62 | H46: 44 | I46: 71 | J46: 78 | K46: 74 | L46: 94 | M46: 76 | N46: 53 | O46: =SUM(E46:N46) -> 609
C47: 2. UBAIDILLAH, S.Fil.I. | E47: 5 | F47: 2 | G47: 5 | H47: 3 | I47: 4 | J47: 4 | K47: 1 | L47: 2 | M47: 3 | N47: 0 | O47: =SUM(E47:N47) -> 29
C48: 3. Ir. H. YOYOK MULYADI, M.Si. | E48: 1 | F48: 0 | G48: 0 | H48: 1 | I48: 1 | J48: 0 | K48: 1 | L48: 2 | M48: 1 | N48: 0 | O48: =SUM(E48:N48) -> 7
C49: 4. KHOIRUL ANWAR, S.Fil.I. | E49: 0 | F49: 1 | G49: 0 | H49: 0 | I49: 1 | J49: 1 | K49: 0 | L49: 0 | M49: 1 | N49: 1 | O49: =SUM(E49:N49) -> 5
C50: 5. ARIF WIJAKSANA | E50: 1 | F50: 1 | G50: 0 | H50: 0 | I50: 2 | J50: 0 | K50: 0 | L50: 0 | M50: 0 | N50: 1 | O50: =SUM(E50:N50) -> 5
C51: 6. Dr. SITI YUMNAH | E51: 1 | F51: 0 | G51: 0 | H51: 0 | I51: 0 | J51: 0 | K51: 0 | L51: 1 | M51: 0 | N51: 0 | O51: =SUM(E51:N51) -> 2
C52: 7. MOHAMMAD ZAINI, M.Pd.I. | E52: 0 | F52: 0 | G52: 0 | H52: 0 | I52: 0 | J52: 1 | K52: 0 | L52: 0 | M52: 0 | N52: 0 | O52: =SUM(E52:N52) -> 1
C53: 8. FAWAIDUL MAKKIYAH | E53: 0 | F53: 0 | G53: 0 | H53: 0 | I53: 0 | J53: 0 | K53: 0 | L53: 0 | M53: 0 | N53: 0 | O53: =SUM(E53:N53) -> 0
C54: 9. IFFAH HIDAYATUR ROHMAH, S.Sos. | E54: 0 | F54: 0 | G54: 0 | H54: 0 | I54: 0 | J54: 0 | K54: 1 | L54: 1 | M54: 0 | N54: 0 | O54: =SUM(E54:N54) -> 2
A55: B | B55: JUMLAH SUARA SAH PARTAI POLITIK DAN CALON (A1 + A2) | E55: =SUM(E45:E54) -> 40 | F55: =SUM(F45:F54) -> 53 | G55: =SUM(G45:G54) -> 79 | H55: =SUM(H45:H54) -> 65 | I55: =SUM(I45:I54) -> 105 | J55: =SUM(J45:J54) -> 122 | K55: =SUM(K45:K54) -> 110 | L55: =SUM(L45:L54) -> 131 | ... O55: =SUM(O45:O54) -> 891
A57: A.1 | B57: 2. | C57: Partai Gerakan Indonesia Raya | E57: 18 | F57: 24 | G57: 12 | H57: 14 | I57: 13 | J57: 13 | K57: 6 | L57: 8 | M57: 4 | N57: 9 | O57: =SUM(E57:N57) -> 121
A58: A.2 | C58: 1. AHMAD HADINUDDIN, S.Pd.I. | E58: 10 | F58: 2 | G58: 4 | H58: 9 | I58: 8 | J58: 3 | K58: 4 | L58: 5 | M58: 4 | N58: 5 | O58: =SUM(E58:N58) -> 54
C59: 2. BIMA RAFSANJANI RAFID | E59: 4 | F59: 5 | G59: 5 | H59: 14 | I59: 11 | J59: 4 | K59: 3 | L59: 6 | M59: 4 | N59: 9 | O59: =SUM(E59:N59) -> 65
C60: 3. IRA DAMAYANTI | E60: 0 | F60: 1 | G60: 2 | H60: 0 | I60: 3 | J60: 2 | K60: 1 | L60: 1 | M60: 0 | N60: 1 | O60: =SUM(E60:N60) -> 11
C61: 4. MAULANA MALIK IBRAHIM, S.H. | E61: 4 | F61: 2 | G61: 3 | H61: 2 | I61: 6 | J61: 4 | K61: 17 | L61: 1 | M61: 20 | N61: 2 | O61: =SUM(E61:N61) -> 61
C62: 5. LULUK ALFIATI | E62: 2 | F62: 1 | G62: 0 | H62: 1 | I62: 0 | J62: 0 | K62: 0 | L62: 2 | M62: 0 | N62: 0 | O62: =SUM(E62:N62) -> 6
C63: 6. ILHAM WAHYUDI, S.H. | E63: 0 | F63: 0 | G63: 0 | H63: 0 | I63: 0 | J63: 0 | K63: 0 | L63: 1 | M63: 0 | N63: 0 | O63: =SUM(E63:N63) -> 1
C64: 7. HAERUL ANWAR, S.Pd.I. | E64: 0 | F64: 0 | G64: 1 | H64: 0 | I64: 0 | J64: 1 | K64: 0 | L64: 0 | M64: 0 | N64: 1 | O64: =SUM(E64:N64) -> 3
C65: 8. YOVI ADHITYA WARDANI | E65: 0 | F65: 0 | G65: 0 | H65: 0 | I65: 1 | J65: 0 | K65: 0 | L65: 0 | M65: 0 | N65: 1 | O65: =SUM(E65:N65) -> 2
C66: 9. RITA AMELIA | E66: 1 | F66: 0 | G66: 0 | H66: 0 | I66: 0 | J66: 0 | K66: 2 | L66: 2 | M66: 1 | N66: 1 | O66: =SUM(E66:N66) -> 7
A67: B | B67: JUMLAH SUARA SAH PARTAI POLITIK DAN CALON (A1 + A2) | E67: =SUM(E57:E66) -> 39 | F67: =SUM(F57:F66) -> 35 | G67: =SUM(G57:G66) -> 27 | H67: =SUM(H57:H66) -> 40 | I67: =SUM(I57:I66) -> 42 | J67: =SUM(J57:J66) -> 27 | K67: =SUM(K57:K66) -> 33 | L67: =SUM(L57:L66) -> 26 | ... O67: =SUM(O57:O66) -> 331
A69: A.1 | B69: 3. | C69: Partai Demokrasi Indonesia Perjuangan | E69: 8 | F69: 7 | G69: 8 | H69: 5 | I69: 5 | J69: 5 | K69: 1 | L69: 1 | M69: 7 | N69: 6 | O69: =SUM(E69:N69) -> 53
A70: A.2 | C70: 1. MARTIN H., S.H., M.H. | E70: 1 | F70: 3 | G70: 0 | H70: 3 | I70: 1 | J70: 3 | K70: 2 | L70: 3 | M70: 3 | N70: 1 | O70: =SUM(E70:N70) -> 20
C71: 2. HERMANTO, S.E. | E71: 6 | F71: 5 | G71: 3 | H71: 10 | I71: 0 | J71: 2 | K71: 2 | L71: 4 | M71: 1 | N71: 3 | O71: =SUM(E71:N71) -> 36
C72: 3. EVY SUSILAWATI, S.E., M.M. | E72: 2 | F72: 0 | G72: 1 | H72: 0 | I72: 0 | J72: 1 | K72: 1 | L72: 1 | M72: 0 | N72: 1 | O72: =SUM(E72:N72) -> 7
C73: 4. M. SIROTTUDIN | E73: 2 | F73: 1 | G73: 2 | H73: 1 | I73: 3 | J73: 4 | K73: 4 | L73: 2 | M73: 0 | N73: 1 | O73: =SUM(E73:N73) -> 20
C74: 5. ABDUL HAFID, S.H. | E74: 1 | F74: 0 | G74: 3 | H74: 2 | I74: 0 | J74: 1 | K74: 1 | L74: 0 | M74: 2 | N74: 0 | O74: =SUM(E74:N74) -> 10
C75: 6. NIKITA FORTUNA SURYANINGATI, A.Md.Keb. | E75: 1 | F75: 0 | G75: 0 | H75: 1 | I75: 0 | J75: 1 | K75: 1 | L75: 0 | M75: 0 | N75: 0 | O75: =SUM(E75:N75) -> 4
C76: 7. YUDHO ILHAM WIJAYA, S.E. | E76: 0 | F76: 0 | G76: 0 | H76: 0 | I76: 1 | J76: 1 | K76: 0 | L76: 0 | M76: 0 | N76: 0 | O76: =SUM(E76:N76) -> 2
C77: 8. SETIAWATI, S.H. | E77: 0 | F77: 0 | G77: 0 | H77: 0 | I77: 0 | J77: 0 | K77: 0 | L77: 0 | M77: 0 | N77: 0 | O77: =SUM(E77:N77) -> 0
C78: 9. EKO BUDI SANTOSO, S.H. | E78: 0 | F78: 1 | G78: 1 | H78: 0 | I78: 0 | J78: 0 | K78: 0 | L78: 0 | M78: 0 | N78: 0 | O78: =SUM(E78:N78) -> 2
A79: B | B79: JUMLAH SUARA SAH PARTAI POLITIK DAN CALON (A1 + A2) | E79: =SUM(E69:E78) -> 21 | F79: =SUM(F69:F78) -> 17 | G79: =SUM(G69:G78) -> 18 | H79: =SUM(H69:H78) -> 22 | I79: =SUM(I69:I78) -> 10 | J79: =SUM(J69:J78) -> 18 | K79: =SUM(K69:K78) -> 12 | L79: =SUM(L69:L78) -> 11 | ... O79: =SUM(O69:O78) -> 154
A81: A.1 | B81: 4. | C81: Partai Golongan Karya | E81: 13 | F81: 4 | G81: 13 | H81: 9 | I81: 8 | J81: 3 | K81: 3 | L81: 3 | M81: 1 | N81: 6 | O81: =SUM(E81:N81) -> 63
A82: A.2 | C82: 1. PRANAYA YUDHA MAHARDHIKA | E82: 6 | F82: 12 | G82: 9 | H82: 18 | I82: 10 | J82: 3 | K82: 7 | L82: 6 | M82: 3 | N82: 8 | O82: =SUM(E82:N82) -> 82
C83: 2. Dra. Ec. ENDANG SULASTUTY, M.I.P. | E83: 13 | F83: 5 | G83: 3 | H83: 1 | I83: 8 | J83: 1 | K83: 1 | L83: 3 | M83: 0 | N83: 2 | O83: =SUM(E83:N83) -> 37
C84: 3. AGUS REJEKI WARTONO | E84: 1 | F84: 1 | G84: 1 | H84: 0 | I84: 1 | J84: 0 | K84: 0 | L84: 0 | M84: 0 | N84: 0 | O84: =SUM(E84:N84) -> 4
C85: 4. Hj. TUTUK ASMA'A ZUCHROH, S.T., M.T. | E85: 1 | F85: 0 | G85: 2 | H85: 1 | I85: 1 | J85: 0 | K85: 2 | L85: 0 | M85: 0 | N85: 0 | O85: =SUM(E85:N85) -> 7
C86: 5. ADE M. RIZKI, S.E. | E86: 0 | F86: 0 | G86: 0 | H86: 0 | I86: 1 | J86: 0 | K86: 0 | L86: 0 | M86: 0 | N86: 0 | O86: =SUM(E86:N86) -> 1
C87: 6. ABDURAKHMAN, Bc.Kn. | E87: 0 | F87: 0 | G87: 1 | H87: 0 | I87: 1 | J87: 0 | K87: 0 | L87: 0 | M87: 0 | N87: 0 | O87: =SUM(E87:N87) -> 2
C88: 7. CENDY RHIYAN ADI PUTRI | E88: 0 | F88: 1 | G88: 0 | H88: 0 | I88: 0 | J88: 0 | K88: 0 | L88: 0 | M88: 0 | N88: 0 | O88: =SUM(E88:N88) -> 1
C89: 8. BAKTI WIJAYANTO, S.E. | E89: 0 | F89: 0 | G89: 0 | H89: 0 | I89: 0 | J89: 0 | K89: 0 | L89: 0 | M89: 0 | N89: 0 | O89: =SUM(E89:N89) -> 0
C90: 9. AHMAD UBAIDILLAH | E90: 1 | F90: 0 | G90: 0 | H90: 1 | I90: 0 | J90: 1 | K90: 0 | L90: 0 | M90: 0 | N90: 0 | O90: =SUM(E90:N90) -> 3
A91: B | B91: JUMLAH SUARA SAH PARTAI POLITIK DAN CALON (A1 + A2) | E91: =SUM(E81:E90) -> 35 | F91: =SUM(F81:F90) -> 23 | G91: =SUM(G81:G90) -> 29 | H91: =SUM(H81:H90) -> 30 | I91: =SUM(I81:I90) -> 30 | J91: =SUM(J81:J90) -> 8 | K91: =SUM(K81:K90) -> 13 | L91: =SUM(L81:L90) -> 12 | ... O91: =SUM(O81:O90) -> 200
A93: A.1 | B93: 5. | C93: Partai NasDem | E93: 4 | F93: 2 | G93: 2 | H93: 12 | I93: 2 | J93: 1 | K93: 0 | L93: 1 | M93: 4 | N93: 0 | O93: =SUM(E93:N93) -> 28
A94: A.2 | C94: 1. ALI MUSTOFA, A.Md. | E94: 1 | F94: 1 | G94: 1 | H94: 7 | I94: 2 | J94: 0 | K94: 1 | L94: 2 | M94: 1 | N94: 1 | O94: =SUM(E94:N94) -> 17
C95: 2. Hj. BUAMI, S.H. | E95: 0 | F95: 0 | G95: 0 | H95: 2 | I95: 0 | J95: 1 | K95: 0 | L95: 0 | M95: 0 | N95: 0 | O95: =SUM(E95:N95) -> 3
C96: 3. SUGIONO, S.H. | E96: 0 | F96: 0 | G96: 0 | H96: 0 | I96: 1 | J96: 0 | K96: 0 | L96: 0 | M96: 0 | N96: 0 | O96: =SUM(E96:N96) -> 1
C97: 4. LULUK SUNARMIATININGSIH | E97: 2 | F97: 1 | G97: 0 | H97: 1 | I97: 0 | J97: 0 | K97: 0 | L97: 0 | M97: 0 | N97: 0 | O97: =SUM(E97:N97) -> 4
C98: 5. ANTON DJULIANTO ADI | E98: 1 | F98: 0 | G98: 0 | H98: 0 | I98: 0 | J98: 0 | K98: 0 | L98: 0 | M98: 0 | N98: 0 | O98: =SUM(E98:N98) -> 1
C99: 6. MOKHAMAD ROFI'I KHUSNAN | E99: 1 | F99: 1 | G99: 0 | H99: 0 | I99: 0 | J99: 0 | K99: 0 | L99: 1 | M99: 0 | N99: 0 | O99: =SUM(E99:N99) -> 3
C100: 7. Rr SETYO WATI | E100: 0 | F100: 2 | G100: 0 | H100: 0 | I100: 0 | J100: 0 | K100: 0 | L100: 0 | M100: 0 | N100: 0 | O100: =SUM(E100:N100) -> 2
C101: 8. ABD. KADIR ASSEGAFF | E101: 0 | F101: 0 | G101: 0 | H101: 0 | I101: 0 | J101: 0 | K101: 0 | L101: 0 | M101: 0 | N101: 0 | O101: =SUM(E101:N101) -> 0
C102: 9. FATHOR ZAINULLAH | E102: 0 | F102: 3 | G102: 0 | H102: 0 | I102: 0 | J102: 0 | K102: 0 | L102: 0 | M102: 0 | N102: 0 | O102: =SUM(E102:N102) -> 3
A103: B | B103: JUMLAH SUARA SAH PARTAI POLITIK DAN CALON (A1 + A2) | E103: =SUM(E93:E102) -> 9 | F103: =SUM(F93:F102) -> 10 | G103: =SUM(G93:G102) -> 3 | H103: =SUM(H93:H102) -> 22 | I103: =SUM(I93:I102) -> 5 | J103: =SUM(J93:J102) -> 2 | K103: =SUM(K93:K102) -> 1 | L103: =SUM(L93:L102) -> 4 | ... O103: =SUM(O93:O102) -> 62
A105: A.1 | B105: 6. | C105: Partai Buruh | E105: 3 | F105: 2 | G105: 1 | H105: 0 | I105: 0 | J105: 1 | K105: 0 | L105: 0 | M105: 0 | N105: 0 | O105: =SUM(E105:N105) -> 7
A106: A.2 | C106: 1. AGUS SUPRIYADI | E106: 0 | F106: 0 | G106: 0 | H106: 0 | I106: 0 | J106: 0 | K106: 0 | L106: 0 | M106: 0 | N106: 0 | O106: =SUM(E106:N106) -> 0
C107: 2. ENI HARIATI | E107: 0 | F107: 0 | G107: 0 | H107: 0 | I107: 0 | J107: 0 | K107: 0 | L107: 1 | M107: 0 | N107: 0 | O107: =SUM(E107:N107) -> 1
A108: B | B108: JUMLAH SUARA SAH PARTAI POLITIK DAN CALON (A1 + A2) | E108: =SUM(E105:E107) -> 3 | F108: =SUM(F105:F107) -> 2 | G108: =SUM(G105:G107) -> 1 | H108: =SUM(H105:H107) -> 0 | I108: =SUM(I105:I107) -> 0 | J108: =SUM(J105:J107) -> 1 | K108: =SUM(K105:K107) -> 0 | L108: =SUM(L105:L107) -> 1 | ... O108: =SUM(O105:O107) -> 8
A110: A.1 | B110: 7. | C110: Partai Gelombang Rakyat Indonesia | E110: 1 | F110: 0 | G110: 1 | H110: 1 | I110: 0 | J110: 1 | K110: 1 | L110: 1 | M110: 0 | N110: 0 | O110: =SUM(E110:N110) -> 6
A111: A.2 | C111: 1. MIRZA MUHROSNI AROMA | E111: 1 | F111: 0 | G111: 1 | H111: 0 | I111: 0 | J111: 0 | K111: 1 | L111: 0 | M111: 0 | N111: 0 | O111: =SUM(E111:N111) -> 3
C112: 2. ACHMAD BAGUS SUGIARTO | E112: 0 | F112: 1 | G112: 2 | H112: 0 | I112: 0 | J112: 0 | K112: 0 | L112: 1 | M112: 0 | N112: 0 | O112: =SUM(E112:N112) -> 4
C113: 3. ELOK FITRIYA NINGSIH | E113: 0 | F113: 1 | G113: 0 | H113: 0 | I113: 0 | J113: 0 | K113: 0 | L113: 0 | M113: 0 | N113: 0 | O113: =SUM(E113:N113) -> 1
C114: 4. MADI | E114: 0 | F114: 0 | G114: 0 | H114: 0 | I114: 0 | J114: 0 | K114: 0 | L114: 0 | M114: 0 | N114: 0 | O114: =SUM(E114:N114) -> 0
C115: 5. LUKY PERMANASARI | E115: 0 | F115: 0 | G115: 0 | H115: 0 | I115: 0 | J115: 0 | K115: 0 | L115: 0 | M115: 0 | N115: 0 | O115: =SUM(E115:N115) -> 0
A116: B | B116: JUMLAH SUARA SAH PARTAI POLITIK DAN CALON (A1 + A2) | E116: =SUM(E110:E115) -> 2 | F116: =SUM(F110:F115) -> 2 | G116: =SUM(G110:G115) -> 4 | H116: =SUM(H110:H115) -> 1 | I116: =SUM(I110:I115) -> 0 | J116: =SUM(J110:J115) -> 1 | K116: =SUM(K110:K115) -> 2 | L116: =SUM(L110:L115) -> 2 | ... O116: =SUM(O110:O115) -> 14
A118: A.1 | B118: 8. | C118: Partai Keadilan Sejahtera | E118: 0 | F118: 1 | G118: 0 | H118: 0 | I118: 0 | J118: 0 | K118: 1 | L118: 1 | M118: 0 | N118: 0 | O118: =SUM(E118:N118) -> 3
...

Sheet MOJOPANGGUNG
C2: Kecamatan | D2: GIRI
C3: Kabupaten | D3: BANYUWANGI
C4: Provinsi | D4: JAWA TIMUR
C9: Kelurahan | D9: MOJOPANGGUNG
A12: I | B12: DATA PEMILIH DAN PENGGUNAAN HAK PILIH | V12: JUMLAH AKHIR
A13: A | B13: DATA PEMILIH | E13: TPS 001 | F13: TPS 002 | G13: TPS 003 | H13: TPS 004 | I13: TPS 005 | J13: TPS 006 | K13: TPS 007 | L13: TPS 008 | M13: TPS 009 | N13: TPS 010 | O13: TPS 011 | P13: TPS 012 | Q13: TPS 013 | R13: TPS 014 | S13: TPS 015 | T13: TPS 016 | U13: TPS 017
B14: Jumlah Pemilih dalam Daftar Pemilih Tetap (DPT) | D14: LK | E14: 137 | F14: 134 | G14: 136 | H14: 139 | I14: 135 | J14: 127 | K14: 116 | L14: 120 | M14: 127 | N14: 141 | O14: 123 | P14: 119 | Q14: 129 | R14: 137 | S14: 155 | T14: 140 | U14: 135 | V14: =SUM(E14:U14) -> 2250
D15: PR | E15: 142 | F15: 134 | G15: 136 | H15: 141 | I15: 157 | J15: 150 | K15: 139 | L15: 139 | M15: 123 | N15: 133 | O15: 118 | P15: 121 | Q15: 152 | R15: 162 | S15: 140 | T15: 143 | U15: 147 | V15: =SUM(E15:U15) -> 2377
D16: JML | E16: =SUM(E14:E15) -> 279 | F16: =SUM(F14:F15) -> 268 | G16: =SUM(G14:G15) -> 272 | H16: =SUM(H14:H15) -> 280 | I16: =SUM(I14:I15) -> 292 | J16: =SUM(J14:J15) -> 277 | K16: =SUM(K14:K15) -> 255 | L16: =SUM(L14:L15) -> 259 | ... U16: =SUM(U14:U15) -> 282 | V16: =SUM(E16:U16) -> 4627
A18: B | B18: PENGGUNA HAK PILIH
B19: 1. | C19: Jumlah pengguna hak pilih dalam Daftar Pemilih Tetap (DPT) | D19: LK | E19: 95 | F19: 96 | G19: 107 | H19: 105 | I19: 93 | J19: 96 | K19: 83 | L19: 93 | M19: 98 | N19: 117 | O19: 89 | P19: 96 | Q19: 106 | R19: 97 | S19: 123 | T19: 100 | U19: 97 | V19: =SUM(E19:U19) -> 1691
D20: PR | E20: 112 | F20: 102 | G20: 109 | H20: 115 | I20: 121 | J20: 124 | K20: 109 | L20: 112 | M20: 104 | N20: 120 | O20: 91 | P20: 112 | Q20: 128 | R20: 127 | S20: 114 | T20: 117 | U20: 120 | V20: =SUM(E20:U20) -> 1937
D21: JML | E21: =SUM(E19:E20) -> 207 | F21: =SUM(F19:F20) -> 198 | G21: =SUM(G19:G20) -> 216 | H21: =SUM(H19:H20) -> 220 | I21: =SUM(I19:I20) -> 214 | J21: =SUM(J19:J20) -> 220 | K21: =SUM(K19:K20) -> 192 | L21: =SUM(L19:L20) -> 205 | ... U21: =SUM(U19:U20) -> 217 | V21: =SUM(E21:U21) -> 3628
B22: 2. | C22: Jumlah pengguna hak pilih dalam Daftar Pemilih Tambahan (DPTb) | D22: LK | F22: 1 | H22: 2 | I22: 1 | K22: 2 | T22: 1 | V22: =SUM(E22:U22) -> 7
D23: PR | F23: 1 | K23: 1 | V23: =SUM(E23:U23) -> 2
D24: JML | E24: =SUM(E22:E23) -> 0 | F24: =SUM(F22:F23) -> 2 | G24: =SUM(G22:G23) -> 0 | H24: =SUM(H22:H23) -> 2 | I24: =SUM(I22:I23) -> 1 | J24: =SUM(J22:J23) -> 0 | K24: =SUM(K22:K23) -> 3 | L24: =SUM(L22:L23) -> 0 | ... U24: =SUM(U22:U23) -> 0 | V24: =SUM(E24:U24) -> 9
B25: 3. | C25: Jumlah pengguna hak pilih dalam Daftar Pemilih Khusus (DPK) | D25: LK | F25: 2 | I25: 2 | P25: 1 | R25: 1 | S25: 2 | T25: 1 | U25: 2 | V25: =SUM(E25:U25) -> 11
D26: PR | F26: 2 | H26: 1 | I26: 3 | J26: 1 | K26: 2 | M26: 1 | S26: 1 | T26: 5 | U26: 1 | V26: =SUM(E26:U26) -> 17
D27: JML | E27: =SUM(E25:E26) -> 0 | F27: =SUM(F25:F26) -> 4 | G27: =SUM(G25:G26) -> 0 | H27: =SUM(H25:H26) -> 1 | I27: =SUM(I25:I26) -> 5 | J27: =SUM(J25:J26) -> 1 | K27: =SUM(K25:K26) -> 2 | L27: =SUM(L25:L26) -> 0 | ... U27: =SUM(U25:U26) -> 3 | V27: =SUM(E27:U27) -> 28
B28: 4. | C28: Jumlah Pengguna Hak Pilih (B.1+B.2+B.3) | D28: LK | E28: =SUM(E19,E22,E25) -> 95 | F28: =SUM(F19,F22,F25) -> 99 | G28: =SUM(G19,G22,G25) -> 107 | H28: =SUM(H19,H22,H25) -> 107 | I28: =SUM(I19,I22,I25) -> 96 | J28: =SUM(J19,J22,J25) -> 96 | K28: =SUM(K19,K22,K25) -> 85 | L28: =SUM(L19,L22,L25) -> 93 | ... U28: =SUM(U19,U22,U25) -> 99 | V28: =SUM(E28:U28) -> 1709
D29: PR | E29: =SUM(E20,E23,E26) -> 112 | F29: =SUM(F20,F23,F26) -> 105 | G29: =SUM(G20,G23,G26) -> 109 | H29: =SUM(H20,H23,H26) -> 116 | I29: =SUM(I20,I23,I26) -> 124 | J29: =SUM(J20,J23,J26) -> 125 | K29: =SUM(K20,K23,K26) -> 112 | L29: =SUM(L20,L23,L26) -> 112 | ... U29: =SUM(U20,U23,U26) -> 121 | V29: =SUM(E29:U29) -> 1956
D30: JML | E30: =SUM(E28:E29) -> 207 | F30: =SUM(F28:F29) -> 204 | G30: =SUM(G28:G29) -> 216 | H30: =SUM(H28:H29) -> 223 | I30: =SUM(I28:I29) -> 220 | J30: =SUM(J28:J29) -> 221 | K30: =SUM(K28:K29) -> 197 | L30: =SUM(L28:L29) -> 205 | ... U30: =SUM(U28:U29) -> 220 | V30: =SUM(E30:U30) -> 3665
A32: II | B32: DATA PENGGUNAAN SURAT SUARA
A33: 1 | B33: Jumlah surat suara yang diterima, termasuk surat suara cadangan 2,5% dari DPT | E33: 282 | F33: 273 | G33: 279 | H33: 287 | I33: 296 | J33: 282 | K33: 260 | L33: 264 | M33: 255 | N33: 281 | O33: 245 | P33: 244 | Q33: 287 | R33: 307 | S33: 300 | T33: 289 | U33: 288 | V33: =SUM(E33:U33) -> 4719
A34: 2 | B34: Jumlah surat suara yang digunakan | E34: 207 | F34: 204 | G34: 216 | H34: 223 | I34: 220 | J34: 221 | K34: 197 | L34: 205 | M34: 203 | N34: 237 | O34: 180 | P34: 209 | Q34: 234 | R34: 225 | S34: 240 | T34: 224 | U34: 220 | V34: =SUM(E34:U34) -> 3665
A35: 3 | B35: Jumlah surat suara dikembalikan oleh pemilih (karena rusak atau keliru coblos) | L35: 1 | O35: 2 | P35: 1 | S35: 1 | U35: 1 | V35: =SUM(E35:U35) -> 6
A36: 4 | B36: Jumlah surat suara yang tidak digunakan/tidak terpakai, termasuk sisa surat suara cadangan | E36: =E33-(E34+E35) -> 75 | F36: =F33-(F34+F35) -> 69 | G36: =G33-(G34+G35) -> 63 | H36: =H33-(H34+H35) -> 64 | I36: =I33-(I34+I35) -> 76 | J36: =J33-(J34+J35) -> 61 | K36: =K33-(K34+K35) -> 63 | L36: =L33-(L34+L35) -> 58 | ... U36: =U33-(U34+U35) -> 67 | V36: =SUM(E36:U36) -> 1048
A38: III | B38: DATA PEMILIH DISABILITAS
B39: Jumlah seluruh Pemilih disabilitas yang menggunakan hak pilih | D39: LK | G39: 1 | H39: 1 | I39: 1 | L39: 1 | N39: 1 | O39: 4 | R39: 1 | U39: 1 | V39: =SUM(E39:U39) -> 11
D40: PR | L40: 5 | N40: 1 | O40: 3 | V40: =SUM(E40:U40) -> 9
D41: JML | E41: =SUM(E39:E40) -> 0 | F41: =SUM(F39:F40) -> 0 | G41: =SUM(G39:G40) -> 1 | H41: =SUM(H39:H40) -> 1 | I41: =SUM(I39:I40) -> 1 | J41: =SUM(J39:J40) -> 0 | K41: =SUM(K39:K40) -> 0 | L41: =SUM(L39:L40) -> 6 | ... U41: =SUM(U39:U40) -> 1 | V41: =SUM(E41:U41) -> 20
A43: IV | B43: DATA RINCIAN PEROLEHAN SUARA PASANGAN CALON BUPATI DAN WAKIL BUPATI
A44: NOMOR DAN NAMA CALON
A45: A.1 | B45: 1. | C45: Partai Kebangkitan Bangsa | E45: 9 | F45: 2 | G45: 7 | H45: 9 | I45: 3 | J45: 8 | K45: 0 | L45: 10 | M45: 11 | N45: 10 | O45: 5 | P45: 9 | Q45: 3 | R45: 7 | S45: 11 | T45: 4 | U45: 1 | V45: =SUM(E45:U45) -> 109
A46: A.2 | C46: 1. Dra. Hj. MA`MULAH HARUN, M.Pd.I. | E46: 13 | F46: 8 | G46: 9 | H46: 14 | I46: 8 | J46: 9 | K46: 6 | L46: 8 | M46: 24 | N46: 28 | O46: 18 | P46: 13 | Q46: 3 | R46: 14 | S46: 10 | T46: 7 | U46: 11 | V46: =SUM(E46:U46) -> 203
C47: 2. UBAIDILLAH, S.Fil.I. | E47: 1 | F47: 4 | G47: 1 | H47: 0 | I47: 1 | J47: 0 | K47: 0 | L47: 0 | M47: 2 | N47: 0 | O47: 1 | P47: 3 | Q47: 1 | R47: 2 | S47: 0 | T47: 1 | U47: 1 | V47: =SUM(E47:U47) -> 18
C48: 3. Ir. H. YOYOK MULYADI, M.Si. | E48: 0 | F48: 0 | G48: 2 | H48: 0 | I48: 0 | J48: 2 | K48: 1 | L48: 1 | M48: 0 | N48: 2 | O48: 0 | P48: 0 | Q48: 0 | R48: 1 | S48: 0 | T48: 1 | U48: 2 | V48: =SUM(E48:U48) -> 12
C49: 4. KHOIRUL ANWAR, S.Fil.I. | E49: 0 | F49: 0 | G49: 0 | H49: 0 | I49: 0 | J49: 0 | K49: 0 | L49: 0 | M49: 1 | N49: 0 | O49: 1 | P49: 1 | Q49: 0 | R49: 0 | S49: 0 | U49: 1 | V49: =SUM(E49:U49) -> 4
C50: 5. ARIF WIJAKSANA | E50: 0 | F50: 0 | G50: 0 | H50: 2 | I50: 1 | J50: 1 | K50: 1 | L50: 0 | M50: 0 | N50: 0 | O50: 0 | P50: 2 | Q50: 0 | R50: 0 | S50: 0 | V50: =SUM(E50:U50) -> 7
C51: 6. Dr. SITI YUMNAH | E51: 0 | F51: 0 | G51: 0 | H51: 1 | I51: 0 | J51: 1 | K51: 0 | L51: 0 | M51: 0 | N51: 1 | O51: 0 | P51: 0 | Q51: 0 | R51: 0 | S51: 1 | V51: =SUM(E51:U51) -> 4
C52: 7. MOHAMMAD ZAINI, M.Pd.I. | E52: 0 | F52: 1 | G52: 0 | H52: 0 | I52: 1 | J52: 0 | K52: 0 | L52: 0 | M52: 0 | N52: 1 | O52: 0 | P52: 1 | Q52: 1 | R52: 0 | S52: 0 | V52: =SUM(E52:U52) -> 5
C53: 8. FAWAIDUL MAKKIYAH | E53: 0 | F53: 0 | G53: 0 | H53: 0 | I53: 0 | J53: 0 | K53: 0 | L53: 0 | M53: 1 | N53: 0 | O53: 1 | P53: 0 | Q53: 0 | R53: 0 | S53: 0 | V53: =SUM(E53:U53) -> 2
C54: 9. IFFAH HIDAYATUR ROHMAH, S.Sos. | E54: 1 | F54: 0 | G54: 1 | H54: 1 | I54: 0 | J54: 0 | K54: 0 | L54: 0 | M54: 0 | N54: 0 | O54: 0 | P54: 0 | Q54: 1 | R54: 1 | S54: 0 | V54: =SUM(E54:U54) -> 5
A55: B | B55: JUMLAH SUARA SAH PARTAI POLITIK DAN CALON (A1 + A2) | E55: =SUM(E45:E54) -> 24 | F55: =SUM(F45:F54) -> 15 | G55: =SUM(G45:G54) -> 20 | H55: =SUM(H45:H54) -> 27 | I55: =SUM(I45:I54) -> 14 | J55: =SUM(J45:J54) -> 21 | K55: =SUM(K45:K54) -> 8 | L55: =SUM(L45:L54) -> 19 | ... V55: =SUM(V45:V54) -> 369
A57: A.1 | B57: 2. | C57: Partai Gerakan Indonesia Raya | E57: 12 | F57: 10 | G57: 11 | H57: 11 | I57: 8 | J57: 16 | K57: 14 | L57: 13 | M57: 4 | N57: 6 | O57: 7 | P57: 7 | Q57: 14 | R57: 14 | S57: 11 | T57: 11 | U57: 11 | V57: =SUM(E57:U57) -> 180
A58: A.2 | C58: 1. AHMAD HADINUDDIN, S.Pd.I. | E58: 5 | F58: 3 | G58: 6 | H58: 1 | I58: 3 | J58: 3 | K58: 2 | L58: 4 | M58: 2 | N58: 3 | O58: 3 | P58: 5 | Q58: 3 | R58: 4 | S58: 8 | T58: 10 | U58: 6 | V58: =SUM(E58:U58) -> 71
C59: 2. BIMA RAFSANJANI RAFID | E59: 5 | F59: 7 | G59: 4 | H59: 6 | I59: 4 | J59: 4 | K59: 11 | L59: 8 | M59: 7 | N59: 9 | O59: 5 | P59: 5 | Q59: 6 | R59: 9 | S59: 9 | T59: 4 | U59: 11 | V59: =SUM(E59:U59) -> 114
C60: 3. IRA DAMAYANTI | E60: 5 | F60: 1 | G60: 2 | H60: 3 | I60: 0 | J60: 4 | K60: 2 | L60: 3 | M60: 0 | N60: 0 | O60: 2 | P60: 1 | Q60: 1 | R60: 3 | S60: 1 | T60: 3 | U60: 5 | V60: =SUM(E60:U60) -> 36
C61: 4. MAULANA MALIK IBRAHIM, S.H. | E61: 2 | F61: 3 | G61: 2 | H61: 4 | I61: 1 | J61: 2 | K61: 8 | L61: 1 | M61: 1 | N61: 4 | O61: 1 | P61: 3 | Q61: 0 | R61: 10 | S61: 3 | T61: 8 | U61: 3 | V61: =SUM(E61:U61) -> 56
C62: 5. LULUK ALFIATI | E62: 0 | F62: 1 | G62: 3 | H62: 1 | I62: 1 | J62: 2 | K62: 0 | L62: 1 | M62: 0 | N62: 0 | O62: 0 | P62: 0 | Q62: 0 | R62: 3 | S62: 1 | U62: 1 | V62: =SUM(E62:U62) -> 14
C63: 6. ILHAM WAHYUDI, S.H. | E63: 0 | F63: 0 | G63: 1 | H63: 1 | I63: 0 | J63: 0 | K63: 0 | L63: 0 | M63: 0 | N63: 0 | O63: 1 | P63: 0 | Q63: 0 | R63: 0 | S63: 0 | V63: =SUM(E63:U63) -> 3
C64: 7. HAERUL ANWAR, S.Pd.I. | E64: 0 | F64: 0 | G64: 0 | H64: 1 | I64: 1 | J64: 1 | K64: 0 | L64: 0 | M64: 1 | N64: 0 | O64: 0 | P64: 0 | Q64: 1 | R64: 0 | S64: 1 | V64: =SUM(E64:U64) -> 6
C65: 8. YOVI ADHITYA WARDANI | E65: 0 | F65: 1 | G65: 0 | H65: 0 | I65: 0 | J65: 1 | K65: 0 | L65: 0 | M65: 0 | N65: 1 | O65: 0 | P65: 0 | Q65: 1 | R65: 0 | S65: 0 | V65: =SUM(E65:U65) -> 4
C66: 9. RITA AMELIA | E66: 0 | F66: 0 | G66: 2 | H66: 1 | I66: 0 | J66: 0 | K66: 1 | L66: 0 | M66: 0 | N66: 1 | O66: 0 | P66: 3 | Q66: 0 | R66: 0 | S66: 1 | T66: 2 | U66: 1 | V66: =SUM(E66:U66) -> 12
A67: B | B67: JUMLAH SUARA SAH PARTAI POLITIK DAN CALON (A1 + A2) | E67: =SUM(E57:E66) -> 29 | F67: =SUM(F57:F66) -> 26 | G67: =SUM(G57:G66) -> 31 | H67: =SUM(H57:H66) -> 29 | I67: =SUM(I57:I66) -> 18 | J67: =SUM(J57:J66) -> 33 | K67: =SUM(K57:K66) -> 38 | L67: =SUM(L57:L66) -> 30 | ... V67: =SUM(V57:V66) -> 496
A69: A.1 | B69: 3. | C69: Partai Demokrasi Indonesia Perjuangan | E69: 16 | F69: 11 | G69: 15 | H69: 18 | I69: 13 | J69: 11 | K69: 22 | L69: 23 | M69: 14 | N69: 20 | O69: 14 | P69: 11 | Q69: 34 | R69: 9 | S69: 29 | T69: 14 | U69: 16 | V69: =SUM(E69:U69) -> 290
A70: A.2 | C70: 1. MARTIN H., S.H., M.H. | E70: 4 | F70: 3 | G70: 3 | H70: 2 | I70: 6 | J70: 3 | K70: 5 | L70: 7 | M70: 2 | N70: 5 | O70: 1 | P70: 10 | Q70: 7 | R70: 9 | S70: 3 | T70: 4 | U70: 7 | V70: =SUM(E70:U70) -> 81
C71: 2. HERMANTO, S.E. | E71: 6 | F71: 16 | G71: 6 | H71: 8 | I71: 11 | J71: 5 | K71: 24 | L71: 10 | M71: 17 | N71: 15 | O71: 18 | P71: 29 | Q71: 16 | R71: 12 | S71: 14 | T71: 14 | U71: 11 | V71: =SUM(E71:U71) -> 232
C72: 3. EVY SUSILAWATI, S.E., M.M. | E72: 4 | F72: 5 | G72: 4 | H72: 5 | I72: 5 | J72: 3 | K72: 7 | L72: 10 | M72: 5 | N72: 8 | O72: 3 | P72: 3 | Q72: 9 | R72: 2 | S72: 6 | T72: 2 | U72: 3 | V72: =SUM(E72:U72) -> 84
C73: 4. M. SIROTTUDIN | E73: 1 | F73: 0 | G73: 3 | H73: 2 | I73: 1 | J73: 0 | K73: 0 | L73: 1 | M73: 4 | N73: 3 | O73: 3 | P73: 0 | Q73: 2 | R73: 4 | S73: 5 | T73: 2 | U73: 3 | V73: =SUM(E73:U73) -> 34
C74: 5. ABDUL HAFID, S.H. | E74: 2 | F74: 1 | G74: 1 | H74: 3 | I74: 0 | J74: 0 | K74: 2 | L74: 3 | M74: 1 | N74: 8 | O74: 2 | P74: 10 | Q74: 5 | R74: 1 | S74: 7 | T74: 5 | U74: 1 | V74: =SUM(E74:U74) -> 52
C75: 6. NIKITA FORTUNA SURYANINGATI, A.Md.Keb. | E75: 1 | F75: 1 | G75: 0 | H75: 3 | I75: 2 | J75: 1 | K75: 2 | L75: 0 | M75: 1 | N75: 0 | O75: 1 | P75: 1 | Q75: 1 | R75: 0 | S75: 1 | T75: 1 | U75: 1 | V75: =SUM(E75:U75) -> 17
C76: 7. YUDHO ILHAM WIJAYA, S.E. | E76: 0 | F76: 1 | G76: 0 | H76: 0 | I76: 2 | J76: 1 | K76: 2 | L76: 0 | M76: 0 | N76: 1 | O76: 0 | P76: 1 | Q76: 0 | R76: 0 | S76: 2 | T76: 1 | U76: 3 | V76: =SUM(E76:U76) -> 14
C77: 8. SETIAWATI, S.H. | E77: 0 | F77: 0 | G77: 0 | H77: 0 | I77: 1 | J77: 0 | K77: 2 | L77: 1 | M77: 1 | N77: 1 | O77: 0 | P77: 1 | Q77: 1 | R77: 0 | S77: 3 | V77: =SUM(E77:U77) -> 11
C78: 9. EKO BUDI SANTOSO, S.H. | E78: 1 | F78: 1 | G78: 0 | H78: 1 | I78: 2 | J78: 1 | K78: 2 | L78: 0 | M78: 0 | N78: 2 | O78: 0 | P78: 0 | Q78: 2 | R78: 0 | S78: 1 | V78: =SUM(E78:U78) -> 13
A79: B | B79: JUMLAH SUARA SAH PARTAI POLITIK DAN CALON (A1 + A2) | E79: =SUM(E69:E78) -> 35 | F79: =SUM(F69:F78) -> 39 | G79: =SUM(G69:G78) -> 32 | H79: =SUM(H69:H78) -> 42 | I79: =SUM(I69:I78) -> 43 | J79: =SUM(J69:J78) -> 25 | K79: =SUM(K69:K78) -> 68 | L79: =SUM(L69:L78) -> 55 | ... V79: =SUM(V69:V78) -> 828
A81: A.1 | B81: 4. | C81: Partai Golongan Karya | E81: 8 | F81: 9 | G81: 7 | H81: 10 | I81: 3 | J81: 7 | K81: 7 | L81: 1 | M81: 7 | N81: 7 | O81: 8 | P81: 7 | Q81: 11 | R81: 8 | S81: 1 | T81: 3 | U81: 4 | V81: =SUM(E81:U81) -> 108
A82: A.2 | C82: 1. PRANAYA YUDHA MAHARDHIKA | E82: 13 | F82: 10 | G82: 13 | H82: 11 | I82: 7 | J82: 2 | K82: 8 | L82: 9 | M82: 5 | N82: 4 | O82: 2 | P82: 5 | Q82: 13 | R82: 3 | S82: 9 | T82: 3 | U82: 1 | V82: =SUM(E82:U82) -> 118
C83: 2. Dra. Ec. ENDANG SULASTUTY, M.I.P. | E83: 4 | F83: 3 | G83: 4 | H83: 1 | I83: 0 | J83: 0 | K83: 0 | L83: 0 | M83: 1 | N83: 2 | O83: 2 | P83: 1 | Q83: 4 | R83: 0 | S83: 1 | U83: 2 | V83: =SUM(E83:U83) -> 25
C84: 3. AGUS REJEKI WARTONO | E84: 2 | F84: 3 | G84: 0 | H84: 1 | I84: 1 | J84: 1 | K84: 0 | L84: 0 | M84: 2 | N84: 1 | O84: 1 | P84: 4 | Q84: 1 | R84: 1 | S84: 1 | U84: 1 | V84: =SUM(E84:U84) -> 20
C85: 4. Hj. TUTUK ASMA'A ZUCHROH, S.T., M.T. | E85: 1 | F85: 0 | G85: 3 | H85: 4 | I85: 3 | J85: 1 | K85: 0 | L85: 1 | M85: 2 | N85: 1 | O85: 2 | P85: 0 | Q85: 3 | R85: 0 | S85: 1 | T85: 1 | U85: 3 | V85: =SUM(E85:U85) -> 26
C86: 5. ADE M. RIZKI, S.E. | E86: 0 | F86: 1 | G86: 0 | H86: 0 | I86: 1 | J86: 0 | K86: 0 | L86: 1 | M86: 0 | N86: 0 | O86: 1 | P86: 0 | Q86: 0 | R86: 1 | S86: 1 | T86: 2 | U86: 5 | V86: =SUM(E86:U86) -> 13
C87: 6. ABDURAKHMAN, Bc.Kn. | E87: 1 | F87: 0 | G87: 1 | H87: 1 | I87: 0 | J87: 1 | K87: 0 | L87: 0 | M87: 1 | N87: 0 | O87: 0 | P87: 0 | Q87: 0 | R87: 1 | S87: 0 | T87: 1 | V87: =SUM(E87:U87) -> 7
C88: 7. CENDY RHIYAN ADI PUTRI | E88: 0 | F88: 0 | G88: 1 | H88: 0 | I88: 0 | J88: 0 | K88: 0 | L88: 0 | M88: 0 | N88: 0 | O88: 0 | P88: 0 | Q88: 0 | R88: 1 | S88: 0 | T88: 1 | V88: =SUM(E88:U88) -> 3
C89: 8. BAKTI WIJAYANTO, S.E. | E89: 0 | F89: 0 | G89: 0 | H89: 0 | I89: 0 | J89: 0 | K89: 0 | L89: 0 | M89: 1 | N89: 0 | O89: 0 | P89: 0 | Q89: 1 | R89: 1 | S89: 0 | V89: =SUM(E89:U89) -> 3
C90: 9. AHMAD UBAIDILLAH | E90: 0 | F90: 1 | G90: 1 | H90: 1 | I90: 1 | J90: 0 | K90: 0 | L90: 1 | M90: 0 | N90: 0 | O90: 0 | P90: 0 | Q90: 1 | R90: 1 | S90: 1 | T90: 1 | V90: =SUM(E90:U90) -> 9
A91: B | B91: JUMLAH SUARA SAH PARTAI POLITIK DAN CALON (A1 + A2) | E91: =SUM(E81:E90) -> 29 | F91: =SUM(F81:F90) -> 27 | G91: =SUM(G81:G90) -> 30 | H91: =SUM(H81:H90) -> 29 | I91: =SUM(I81:I90) -> 16 | J91: =SUM(J81:J90) -> 12 | K91: =SUM(K81:K90) -> 15 | L91: =SUM(L81:L90) -> 13 | ... V91: =SUM(V81:V90) -> 332
A93: A.1 | B93: 5. | C93: Partai NasDem | E93: 0 | F93: 0 | G93: 2 | H93: 1 | I93: 0 | J93: 1 | K93: 2 | L93: 1 | M93: 2 | N93: 2 | O93: 2 | P93: 1 | Q93: 2 | R93: 1 | S93: 2 | T93: 4 | U93: 2 | V93: =SUM(E93:U93) -> 25
A94: A.2 | C94: 1. ALI MUSTOFA, A.Md. | E94: 1 | F94: 0 | G94: 1 | H94: 1 | I94: 3 | J94: 1 | K94: 1 | L94: 0 | M94: 0 | N94: 1 | O94: 0 | P94: 0 | Q94: 0 | R94: 0 | S94: 3 | T94: 1 | U94: 1 | V94: =SUM(E94:U94) -> 14
C95: 2. Hj. BUAMI, S.H. | E95: 0 | F95: 0 | G95: 0 | H95: 0 | I95: 0 | J95: 0 | K95: 0 | L95: 0 | M95: 0 | N95: 0 | O95: 0 | P95: 0 | Q95: 0 | R95: 1 | S95: 0 | T95: 3 | U95: 1 | V95: =SUM(E95:U95) -> 5
C96: 3. SUGIONO, S.H. | E96: 0 | F96: 0 | G96: 0 | H96: 0 | I96: 0 | J96: 0 | K96: 1 | L96: 0 | M96: 0 | N96: 0 | O96: 0 | P96: 0 | Q96: 0 | R96: 1 | S96: 1 | U96: 1 | V96: =SUM(E96:U96) -> 4
C97: 4. LULUK SUNARMIATININGSIH | E97: 0 | F97: 0 | G97: 0 | H97: 0 | I97: 0 | J97: 0 | K97: 0 | L97: 0 | M97: 0 | N97: 0 | O97: 0 | P97: 0 | Q97: 0 | R97: 0 | S97: 0 | T97: 1 | U97: 1 | V97: =SUM(E97:U97) -> 2
C98: 5. ANTON DJULIANTO ADI | E98: 0 | F98: 0 | G98: 0 | H98: 0 | I98: 0 | J98: 0 | K98: 0 | L98: 0 | M98: 0 | N98: 2 | O98: 0 | P98: 0 | Q98: 0 | R98: 0 | S98: 0 | T98: 2 | V98: =SUM(E98:U98) -> 4
C99: 6. MOKHAMAD ROFI'I KHUSNAN | E99: 0 | F99: 0 | G99: 0 | H99: 0 | I99: 0 | J99: 0 | K99: 0 | L99: 0 | M99: 0 | N99: 1 | O99: 0 | P99: 0 | Q99: 0 | R99: 0 | S99: 0 | V99: =SUM(E99:U99) -> 1
C100: 7. Rr SETYO WATI | E100: 0 | F100: 0 | G100: 0 | H100: 0 | I100: 0 | J100: 0 | K100: 0 | L100: 0 | M100: 0 | N100: 0 | O100: 0 | P100: 0 | Q100: 0 | R100: 0 | S100: 0 | V100: =SUM(E100:U100) -> 0
C101: 8. ABD. KADIR ASSEGAFF | E101: 0 | F101: 0 | G101: 0 | H101: 0 | I101: 1 | J101: 0 | K101: 0 | L101: 0 | M101: 0 | N101: 0 | O101: 0 | P101: 0 | Q101: 0 | R101: 0 | S101: 1 | V101: =SUM(E101:U101) -> 2
C102: 9. FATHOR ZAINULLAH | E102: 0 | F102: 0 | G102: 0 | H102: 0 | I102: 0 | J102: 0 | K102: 0 | L102: 0 | M102: 0 | N102: 0 | O102: 0 | P102: 0 | Q102: 0 | R102: 0 | S102: 0 | V102: =SUM(E102:U102) -> 0
A103: B | B103: JUMLAH SUARA SAH PARTAI POLITIK DAN CALON (A1 + A2) | E103: =SUM(E93:E102) -> 1 | F103: =SUM(F93:F102) -> 0 | G103: =SUM(G93:G102) -> 3 | H103: =SUM(H93:H102) -> 2 | I103: =SUM(I93:I102) -> 4 | J103: =SUM(J93:J102) -> 2 | K103: =SUM(K93:K102) -> 4 | L103: =SUM(L93:L102) -> 1 | ... V103: =SUM(V93:V102) -> 57
A105: A.1 | B105: 6. | C105: Partai Buruh | E105: 0 | F105: 0 | G105: 0 | H105: 0 | I105: 1 | J105: 0 | K105: 0 | L105: 0 | M105: 3 | N105: 2 | O105: 0 | P105: 0 | Q105: 0 | R105: 1 | S105: 0 | T105: 1 | V105: =SUM(E105:U105) -> 8
A106: A.2 | C106: 1. AGUS SUPRIYADI | E106: 2 | F106: 1 | G106: 0 | H106: 0 | I106: 1 | J106: 0 | K106: 0 | L106: 0 | M106: 0 | N106: 0 | O106: 0 | P106: 0 | Q106: 0 | R106: 2 | S106: 0 | U106: 1 | V106: =SUM(E106:U106) -> 7
C107: 2. ENI HARIATI | E107: 0 | F107: 0 | G107: 0 | H107: 0 | I107: 0 | J107: 0 | K107: 0 | L107: 0 | M107: 0 | N107: 0 | O107: 0 | P107: 0 | Q107: 0 | R107: 1 | S107: 0 | V107: =SUM(E107:U107) -> 1
A108: B | B108: JUMLAH SUARA SAH PARTAI POLITIK DAN CALON (A1 + A2) | E108: =SUM(E105:E107) -> 2 | F108: =SUM(F105:F107) -> 1 | G108: =SUM(G105:G107) -> 0 | H108: =SUM(H105:H107) -> 0 | I108: =SUM(I105:I107) -> 2 | J108: =SUM(J105:J107) -> 0 | K108: =SUM(K105:K107) -> 0 | L108: =SUM(L105:L107) -> 0 | ... V108: =SUM(V105:V107) -> 16
A110: A.1 | B110: 7. | C110: Partai Gelombang Rakyat Indonesia | E110: 1 | F110: 1 | G110: 1 | H110: 0 | I110: 1 | J110: 1 | K110: 0 | L110: 1 | M110: 0 | N110: 0 | O110: 0 | P110: 0 | Q110: 0 | R110: 0 | S110: 0 | V110: =SUM(E110:U110) -> 6
A111: A.2 | C111: 1. MIRZA MUHROSNI AROMA | E111: 0 | F111: 0 | G111: 0 | H111: 1 | I111: 1 | J111: 0 | K111: 0 | L111: 0 | M111: 0 | N111: 0 | O111: 0 | P111: 1 | Q111: 0 | R111: 0 | S111: 0 | V111: =SUM(E111:U111) -> 3
C112: 2. ACHMAD BAGUS SUGIARTO | E112: 2 | F112: 1 | G112: 0 | H112: 1 | I112: 0 | J112: 0 | K112: 0 | L112: 0 | M112: 0 | N112: 0 | O112: 0 | P112: 0 | Q112: 0 | R112: 0 | S112: 1 | V112: =SUM(E112:U112) -> 5
C113: 3. ELOK FITRIYA NINGSIH | E113: 0 | F113: 0 | G113: 0 | H113: 1 | I113: 0 | J113: 0 | K113: 0 | L113: 0 | M113: 0 | N113: 0 | O113: 0 | P113: 0 | Q113: 0 | R113: 0 | S113: 0 | U113: 1 | V113: =SUM(E113:U113) -> 2
C114: 4. MADI | E114: 0 | F114: 0 | G114: 0 | H114: 0 | I114: 0 | J114: 0 | K114: 0 | L114: 0 | M114: 0 | N114: 0 | O114: 0 | P114: 0 | Q114: 0 | R114: 0 | S114: 0 | V114: =SUM(E114:U114) -> 0
C115: 5. LUKY PERMANASARI | E115: 0 | F115: 0 | G115: 1 | H115: 0 | I115: 0 | J115: 0 | K115: 0 | L115: 0 | M115: 0 | N115: 0 | O115: 0 | P115: 0 | Q115: 0 | R115: 0 | S115: 0 | U115: 1 | V115: =SUM(E115:U115) -> 2
A116: B | B116: JUMLAH SUARA SAH PARTAI POLITIK DAN CALON (A1 + A2) | E116: =SUM(E110:E115) -> 3 | F116: =SUM(F110:F115) -> 2 | G116: =SUM(G110:G115) -> 2 | H116: =SUM(H110:H115) -> 3 | I116: =SUM(I110:I115) -> 2 | J116: =SUM(J110:J115) -> 1 | K116: =SUM(K110:K115) -> 0 | L116: =SUM(L110:L115) -> 1 | ... V116: =SUM(V110:V115) -> 18
A118: A.1 | B118: 8. | C118: Partai Keadilan Sejahtera | E118: 1 | F118: 2 | G118: 2 | H118: 2 | I118: 4 | J118: 13 | K118: 3 | L118: 8 | M118: 4 | N118: 0 | O118: 3 | P118: 2 | Q118: 6 | R118: 5 | S118: 1 | T118: 8 | U118: 2 | V118: =SUM(E118:U118) -> 66
...

Sheet PENATABAN
C2: Kecamatan | D2: GIRI
C3: Kabupaten | D3: BANYUWANGI
C4: Provinsi | D4: JAWA TIMUR
C9: Kelurahan | D9: PENATABAN
A12: I | B12: DATA PEMILIH DAN PENGGUNAAN HAK PILIH | V12: JUMLAH AKHIR
A13: A | B13: DATA PEMILIH | E13: TPS 001 | F13: TPS 002 | G13: TPS 003 | H13: TPS 004 | I13: TPS 005 | J13: TPS 006 | K13: TPS 007 | L13: TPS 008 | M13: TPS 009 | N13: TPS 010 | O13: TPS 011 | P13: TPS 012 | Q13: TPS 013 | R13: TPS 901 | S13: TPS 902 | T13: TPS 903 | U13: TPS 904
B14: Jumlah Pemilih dalam Daftar Pemilih Tetap (DPT) | D14: LK | E14: 142 | F14: 145 | G14: 140 | H14: 144 | I14: 144 | J14: 147 | K14: 145 | L14: 159 | M14: 142 | N14: 129 | O14: 143 | P14: 115 | Q14: 77 | R14: 249 | S14: 252 | T14: 235 | U14: 189 | V14: =SUM(E14:U14) -> 2697
D15: PR | E15: 147 | F15: 150 | G15: 151 | H15: 141 | I15: 147 | J15: 138 | K15: 140 | L15: 134 | M15: 131 | N15: 137 | O15: 154 | P15: 134 | Q15: 97 | R15: 9 | S15: 7 | T15: 14 | U15: 8 | V15: =SUM(E15:U15) -> 1839
D16: JML | E16: =SUM(E14:E15) -> 289 | F16: =SUM(F14:F15) -> 295 | G16: =SUM(G14:G15) -> 291 | H16: =SUM(H14:H15) -> 285 | I16: =SUM(I14:I15) -> 291 | J16: =SUM(J14:J15) -> 285 | K16: =SUM(K14:K15) -> 285 | L16: =SUM(L14:L15) -> 293 | ... U16: =SUM(U14:U15) -> 197 | V16: =SUM(E16:U16) -> 4536
A18: B | B18: PENGGUNA HAK PILIH
B19: 1. | C19: Jumlah pengguna hak pilih dalam Daftar Pemilih Tetap (DPT) | D19: LK | E19: 114 | F19: 114 | G19: 108 | H19: 107 | I19: 111 | J19: 111 | K19: 124 | L19: 116 | M19: 122 | N19: 107 | O19: 117 | P19: 92 | Q19: 63 | R19: 151 | S19: 174 | T19: 126 | U19: 45 | V19: =SUM(E19:U19) -> 1902
D20: PR | E20: 124 | F20: 114 | G20: 128 | H20: 115 | I20: 125 | J20: 116 | K20: 123 | L20: 110 | M20: 121 | N20: 115 | O20: 126 | P20: 102 | Q20: 85 | R20: 6 | S20: 6 | T20: 5 | U20: 5 | V20: =SUM(E20:U20) -> 1526
D21: JML | E21: =SUM(E19:E20) -> 238 | F21: =SUM(F19:F20) -> 228 | G21: =SUM(G19:G20) -> 236 | H21: =SUM(H19:H20) -> 222 | I21: =SUM(I19:I20) -> 236 | J21: =SUM(J19:J20) -> 227 | K21: =SUM(K19:K20) -> 247 | L21: =SUM(L19:L20) -> 226 | ... U21: =SUM(U19:U20) -> 50 | V21: =SUM(E21:U21) -> 3428
B22: 2. | C22: Jumlah pengguna hak pilih dalam Daftar Pemilih Tambahan (DPTb) | D22: LK | E22: 0 | F22: 2 | G22: 0 | H22: 0 | I22: 0 | J22: 0 | K22: 1 | L22: 0 | M22: 0 | N22: 0 | O22: 0 | P22: 0 | Q22: 1 | R22: 80 | S22: 75 | T22: 83 | U22: 69 | V22: =SUM(E22:U22) -> 311
D23: PR | E23: 1 | F23: 0 | G23: 1 | H23: 0 | I23: 0 | J23: 0 | K23: 0 | L23: 0 | M23: 0 | N23: 0 | O23: 0 | P23: 0 | Q23: 1 | R23: 2 | S23: 2 | T23: 8 | U23: 4 | V23: =SUM(E23:U23) -> 19
D24: JML | E24: =SUM(E22:E23) -> 1 | F24: =SUM(F22:F23) -> 2 | G24: =SUM(G22:G23) -> 1 | H24: =SUM(H22:H23) -> 0 | I24: =SUM(I22:I23) -> 0 | J24: =SUM(J22:J23) -> 0 | K24: =SUM(K22:K23) -> 1 | L24: =SUM(L22:L23) -> 0 | ... U24: =SUM(U22:U23) -> 73 | V24: =SUM(E24:U24) -> 330
B25: 3. | C25: Jumlah pengguna hak pilih dalam Daftar Pemilih Khusus (DPK) | D25: LK | E25: 0 | F25: 1 | G25: 2 | H25: 1 | I25: 0 | J25: 3 | K25: 2 | L25: 3 | M25: 1 | N25: 0 | O25: 0 | P25: 0 | Q25: 0 | R25: 0 | S25: 0 | V25: =SUM(E25:U25) -> 13
D26: PR | E26: 0 | F26: 0 | G26: 4 | H26: 1 | I26: 2 | J26: 1 | K26: 1 | L26: 3 | M26: 1 | N26: 0 | O26: 3 | P26: 3 | Q26: 1 | R26: 0 | S26: 0 | V26: =SUM(E26:U26) -> 20
D27: JML | E27: =SUM(E25:E26) -> 0 | F27: =SUM(F25:F26) -> 1 | G27: =SUM(G25:G26) -> 6 | H27: =SUM(H25:H26) -> 2 | I27: =SUM(I25:I26) -> 2 | J27: =SUM(J25:J26) -> 4 | K27: =SUM(K25:K26) -> 3 | L27: =SUM(L25:L26) -> 6 | ... U27: =SUM(U25:U26) -> 0 | V27: =SUM(E27:U27) -> 33
B28: 4. | C28: Jumlah Pengguna Hak Pilih (B.1+B.2+B.3) | D28: LK | E28: =SUM(E19,E22,E25) -> 114 | F28: =SUM(F19,F22,F25) -> 117 | G28: =SUM(G19,G22,G25) -> 110 | H28: =SUM(H19,H22,H25) -> 108 | I28: =SUM(I19,I22,I25) -> 111 | J28: =SUM(J19,J22,J25) -> 114 | K28: =SUM(K19,K22,K25) -> 127 | L28: =SUM(L19,L22,L25) -> 119 | ... U28: =SUM(U19,U22,U25) -> 114 | V28: =SUM(E28:U28) -> 2226
D29: PR | E29: =SUM(E20,E23,E26) -> 125 | F29: =SUM(F20,F23,F26) -> 114 | G29: =SUM(G20,G23,G26) -> 133 | H29: =SUM(H20,H23,H26) -> 116 | I29: =SUM(I20,I23,I26) -> 127 | J29: =SUM(J20,J23,J26) -> 117 | K29: =SUM(K20,K23,K26) -> 124 | L29: =SUM(L20,L23,L26) -> 113 | ... U29: =SUM(U20,U23,U26) -> 9 | V29: =SUM(E29:U29) -> 1565
D30: JML | E30: =SUM(E28:E29) -> 239 | F30: =SUM(F28:F29) -> 231 | G30: =SUM(G28:G29) -> 243 | H30: =SUM(H28:H29) -> 224 | I30: =SUM(I28:I29) -> 238 | J30: =SUM(J28:J29) -> 231 | K30: =SUM(K28:K29) -> 251 | L30: =SUM(L28:L29) -> 232 | ... U30: =SUM(U28:U29) -> 123 | V30: =SUM(E30:U30) -> 3791
A32: II | B32: DATA PENGGUNAAN SURAT SUARA
A33: 1 | B33: Jumlah surat suara yang diterima, termasuk surat suara cadangan 2,5% dari DPT | E33: 293 | F33: 299 | G33: 295 | H33: 290 | I33: 295 | J33: 289 | K33: 290 | L33: 297 | M33: 277 | N33: 270 | O33: 301 | P33: 252 | Q33: 179 | R33: 264 | S33: 265 | T33: 254 | U33: 201 | V33: =SUM(E33:U33) -> 4611
A34: 2 | B34: Jumlah surat suara yang digunakan | E34: 239 | F34: 231 | G34: 243 | H34: 224 | I34: 238 | J34: 231 | K34: 251 | L34: 232 | M34: 245 | N34: 222 | O34: 246 | P34: 197 | Q34: 151 | R34: 239 | S34: 257 | T34: 222 | U34: 123 | V34: =SUM(E34:U34) -> 3791
A35: 3 | B35: Jumlah surat suara dikembalikan oleh pemilih (karena rusak atau keliru coblos) | I35: 1 | V35: =SUM(E35:U35) -> 1
A36: 4 | B36: Jumlah surat suara yang tidak digunakan/tidak terpakai, termasuk sisa surat suara cadangan | E36: =E33-(E34+E35) -> 54 | F36: =F33-(F34+F35) -> 68 | G36: =G33-(G34+G35) -> 52 | H36: =H33-(H34+H35) -> 66 | I36: =I33-(I34+I35) -> 56 | J36: =J33-(J34+J35) -> 58 | K36: =K33-(K34+K35) -> 39 | L36: =L33-(L34+L35) -> 65 | ... U36: =U33-(U34+U35) -> 78 | V36: =SUM(E36:U36) -> 819
A38: III | B38: DATA PEMILIH DISABILITAS
B39: Jumlah seluruh Pemilih disabilitas yang menggunakan hak pilih | D39: LK | P39: 2 | S39: 2 | V39: =SUM(E39:U39) -> 4
D40: PR | P40: 3 | V40: =SUM(E40:U40) -> 3
D41: JML | E41: =SUM(E39:E40) -> 0 | F41: =SUM(F39:F40) -> 0 | G41: =SUM(G39:G40) -> 0 | H41: =SUM(H39:H40) -> 0 | I41: =SUM(I39:I40) -> 0 | J41: =SUM(J39:J40) -> 0 | K41: =SUM(K39:K40) -> 0 | L41: =SUM(L39:L40) -> 0 | ... U41: =SUM(U39:U40) -> 0 | V41: =SUM(E41:U41) -> 7
A43: IV | B43: DATA RINCIAN PEROLEHAN SUARA PASANGAN CALON BUPATI DAN WAKIL BUPATI
A44: NOMOR DAN NAMA CALON
A45: A.1 | B45: 1. | C45: Partai Kebangkitan Bangsa | E45: 9 | F45: 12 | G45: 16 | H45: 12 | I45: 13 | J45: 5 | K45: 14 | L45: 11 | M45: 12 | N45: 14 | O45: 14 | P45: 4 | Q45: 5 | R45: 1 | S45: 1 | T45: 4 | U45: 1 | V45: =SUM(E45:U45) -> 148
A46: A.2 | C46: 1. Dra. Hj. MA`MULAH HARUN, M.Pd.I. | E46: 55 | F46: 40 | G46: 38 | H46: 29 | I46: 42 | J46: 37 | K46: 54 | L46: 52 | M46: 72 | N46: 42 | O46: 26 | P46: 7 | Q46: 17 | R46: 2 | S46: 1 | T46: 4 | V46: =SUM(E46:U46) -> 518
C47: 2. UBAIDILLAH, S.Fil.I. | E47: 1 | F47: 3 | G47: 1 | H47: 0 | I47: 0 | J47: 5 | K47: 1 | L47: 2 | M47: 3 | N47: 0 | O47: 2 | P47: 0 | Q47: 0 | R47: 1 | S47: 1 | V47: =SUM(E47:U47) -> 20
C48: 3. Ir. H. YOYOK MULYADI, M.Si. | E48: 0 | F48: 0 | G48: 1 | H48: 1 | I48: 1 | J48: 1 | K48: 0 | L48: 0 | M48: 1 | N48: 1 | O48: 0 | P48: 0 | Q48: 0 | R48: 0 | S48: 0 | V48: =SUM(E48:U48) -> 6
C49: 4. KHOIRUL ANWAR, S.Fil.I. | E49: 1 | F49: 3 | G49: 2 | H49: 0 | I49: 0 | J49: 1 | K49: 1 | L49: 2 | M49: 1 | N49: 1 | O49: 0 | P49: 0 | Q49: 0 | R49: 0 | S49: 1 | V49: =SUM(E49:U49) -> 13
C50: 5. ARIF WIJAKSANA | E50: 3 | F50: 0 | G50: 1 | H50: 0 | I50: 0 | J50: 0 | K50: 0 | L50: 1 | M50: 0 | N50: 0 | O50: 0 | P50: 0 | Q50: 1 | R50: 0 | S50: 0 | V50: =SUM(E50:U50) -> 6
C51: 6. Dr. SITI YUMNAH | E51: 2 | F51: 0 | G51: 1 | H51: 0 | I51: 0 | J51: 0 | K51: 0 | L51: 0 | M51: 1 | N51: 1 | O51: 0 | P51: 1 | Q51: 0 | R51: 0 | S51: 0 | V51: =SUM(E51:U51) -> 6
C52: 7. MOHAMMAD ZAINI, M.Pd.I. | E52: 1 | F52: 0 | G52: 0 | H52: 0 | I52: 1 | J52: 1 | K52: 0 | L52: 0 | M52: 1 | N52: 0 | O52: 0 | P52: 1 | Q52: 1 | R52: 1 | S52: 0 | U52: 1 | V52: =SUM(E52:U52) -> 8
C53: 8. FAWAIDUL MAKKIYAH | E53: 0 | F53: 0 | G53: 0 | H53: 1 | I53: 0 | J53: 0 | K53: 0 | L53: 0 | M53: 0 | N53: 0 | O53: 0 | P53: 0 | Q53: 1 | R53: 0 | S53: 0 | V53: =SUM(E53:U53) -> 2
C54: 9. IFFAH HIDAYATUR ROHMAH, S.Sos. | E54: 0 | F54: 1 | G54: 0 | H54: 1 | I54: 2 | J54: 0 | K54: 0 | L54: 0 | M54: 0 | N54: 0 | O54: 0 | P54: 0 | Q54: 0 | R54: 0 | S54: 0 | V54: =SUM(E54:U54) -> 4
A55: B | B55: JUMLAH SUARA SAH PARTAI POLITIK DAN CALON (A1 + A2) | E55: =SUM(E45:E54) -> 72 | F55: =SUM(F45:F54) -> 59 | G55: =SUM(G45:G54) -> 60 | H55: =SUM(H45:H54) -> 44 | I55: =SUM(I45:I54) -> 59 | J55: =SUM(J45:J54) -> 50 | K55: =SUM(K45:K54) -> 70 | L55: =SUM(L45:L54) -> 68 | ... V55: =SUM(V45:V54) -> 731
A57: A.1 | B57: 2. | C57: Partai Gerakan Indonesia Raya | E57: 18 | F57: 17 | G57: 8 | H57: 12 | I57: 6 | J57: 11 | K57: 9 | L57: 7 | M57: 13 | N57: 11 | O57: 24 | P57: 13 | Q57: 10 | R57: 6 | S57: 10 | T57: 8 | U57: 6 | V57: =SUM(E57:U57) -> 189
A58: A.2 | C58: 1. AHMAD HADINUDDIN, S.Pd.I. | E58: 5 | F58: 8 | G58: 3 | H58: 7 | I58: 6 | J58: 8 | K58: 4 | L58: 4 | M58: 5 | N58: 3 | O58: 10 | P58: 6 | Q58: 3 | R58: 0 | S58: 5 | T58: 6 | U58: 2 | V58: =SUM(E58:U58) -> 85
C59: 2. BIMA RAFSANJANI RAFID | E59: 11 | F59: 11 | G59: 3 | H59: 14 | I59: 22 | J59: 11 | K59: 12 | L59: 10 | M59: 10 | N59: 9 | O59: 10 | P59: 11 | Q59: 7 | R59: 8 | S59: 3 | T59: 4 | U59: 3 | V59: =SUM(E59:U59) -> 159
C60: 3. IRA DAMAYANTI | E60: 2 | F60: 5 | G60: 1 | H60: 3 | I60: 1 | J60: 4 | K60: 2 | L60: 5 | M60: 7 | N60: 3 | O60: 6 | P60: 0 | Q60: 3 | R60: 3 | S60: 5 | T60: 3 | U60: 3 | V60: =SUM(E60:U60) -> 56
C61: 4. MAULANA MALIK IBRAHIM, S.H. | E61: 0 | F61: 3 | G61: 2 | H61: 1 | I61: 6 | J61: 6 | K61: 11 | L61: 0 | M61: 17 | N61: 20 | O61: 4 | P61: 3 | Q61: 2 | R61: 2 | S61: 1 | T61: 1 | V61: =SUM(E61:U61) -> 79
C62: 5. LULUK ALFIATI | E62: 1 | F62: 3 | G62: 1 | H62: 0 | I62: 0 | J62: 1 | K62: 2 | L62: 0 | M62: 0 | N62: 3 | O62: 2 | P62: 1 | Q62: 2 | R62: 0 | S62: 2 | T62: 1 | V62: =SUM(E62:U62) -> 19
C63: 6. ILHAM WAHYUDI, S.H. | E63: 0 | F63: 1 | G63: 0 | H63: 0 | I63: 0 | J63: 0 | K63: 0 | L63: 0 | M63: 0 | N63: 0 | O63: 0 | P63: 1 | Q63: 0 | R63: 1 | S63: 0 | T63: 1 | V63: =SUM(E63:U63) -> 4
C64: 7. HAERUL ANWAR, S.Pd.I. | E64: 0 | F64: 0 | G64: 0 | H64: 0 | I64: 0 | J64: 0 | K64: 0 | L64: 0 | M64: 0 | N64: 0 | O64: 0 | P64: 0 | Q64: 0 | R64: 0 | S64: 1 | V64: =SUM(E64:U64) -> 1
C65: 8. YOVI ADHITYA WARDANI | E65: 0 | F65: 0 | G65: 0 | H65: 1 | I65: 0 | J65: 0 | K65: 0 | L65: 0 | M65: 0 | N65: 0 | O65: 0 | P65: 0 | Q65: 1 | R65: 0 | S65: 1 | V65: =SUM(E65:U65) -> 3
C66: 9. RITA AMELIA | E66: 0 | F66: 0 | G66: 0 | H66: 0 | I66: 1 | J66: 0 | K66: 0 | L66: 0 | M66: 1 | N66: 0 | O66: 1 | P66: 0 | Q66: 0 | R66: 0 | S66: 0 | V66: =SUM(E66:U66) -> 3
A67: B | B67: JUMLAH SUARA SAH PARTAI POLITIK DAN CALON (A1 + A2) | E67: =SUM(E57:E66) -> 37 | F67: =SUM(F57:F66) -> 48 | G67: =SUM(G57:G66) -> 18 | H67: =SUM(H57:H66) -> 38 | I67: =SUM(I57:I66) -> 42 | J67: =SUM(J57:J66) -> 41 | K67: =SUM(K57:K66) -> 40 | L67: =SUM(L57:L66) -> 26 | ... V67: =SUM(V57:V66) -> 598
A69: A.1 | B69: 3. | C69: Partai Demokrasi Indonesia Perjuangan | E69: 10 | F69: 6 | G69: 4 | H69: 12 | I69: 2 | J69: 6 | K69: 10 | L69: 5 | M69: 9 | N69: 14 | O69: 4 | P69: 13 | Q69: 4 | R69: 14 | S69: 20 | T69: 24 | U69: 17 | V69: =SUM(E69:U69) -> 174
A70: A.2 | C70: 1. MARTIN H., S.H., M.H. | E70: 0 | F70: 4 | G70: 3 | H70: 4 | I70: 3 | J70: 1 | K70: 2 | L70: 5 | M70: 5 | N70: 3 | O70: 3 | P70: 9 | Q70: 0 | R70: 2 | S70: 3 | T70: 2 | V70: =SUM(E70:U70) -> 49
C71: 2. HERMANTO, S.E. | E71: 4 | F71: 12 | G71: 3 | H71: 4 | I71: 12 | J71: 7 | K71: 8 | L71: 3 | M71: 8 | N71: 7 | O71: 18 | P71: 14 | Q71: 22 | R71: 147 | S71: 145 | T71: 115 | U71: 74 | V71: =SUM(E71:U71) -> 603
C72: 3. EVY SUSILAWATI, S.E., M.M. | E72: 2 | F72: 0 | G72: 1 | H72: 1 | I72: 1 | J72: 0 | K72: 1 | L72: 0 | M72: 6 | N72: 3 | O72: 2 | P72: 1 | Q72: 0 | R72: 3 | S72: 1 | T72: 5 | U72: 1 | V72: =SUM(E72:U72) -> 28
C73: 4. M. SIROTTUDIN | E73: 21 | F73: 10 | G73: 6 | H73: 4 | I73: 19 | J73: 5 | K73: 3 | L73: 1 | M73: 8 | N73: 4 | O73: 9 | P73: 2 | Q73: 0 | R73: 3 | S73: 1 | T73: 2 | V73: =SUM(E73:U73) -> 98
C74: 5. ABDUL HAFID, S.H. | E74: 0 | F74: 1 | G74: 1 | H74: 0 | I74: 0 | J74: 1 | K74: 0 | L74: 0 | M74: 1 | N74: 1 | O74: 1 | P74: 1 | Q74: 0 | R74: 1 | S74: 1 | V74: =SUM(E74:U74) -> 9
C75: 6. NIKITA FORTUNA SURYANINGATI, A.Md.Keb. | E75: 0 | F75: 2 | G75: 1 | H75: 0 | I75: 0 | J75: 0 | K75: 0 | L75: 1 | M75: 0 | N75: 0 | O75: 0 | P75: 2 | Q75: 1 | R75: 2 | S75: 2 | T75: 1 | V75: =SUM(E75:U75) -> 12
C76: 7. YUDHO ILHAM WIJAYA, S.E. | E76: 0 | F76: 0 | G76: 0 | H76: 0 | I76: 0 | J76: 0 | K76: 1 | L76: 0 | M76: 0 | N76: 1 | O76: 0 | P76: 0 | Q76: 0 | R76: 0 | S76: 0 | T76: 2 | V76: =SUM(E76:U76) -> 4
C77: 8. SETIAWATI, S.H. | E77: 0 | F77: 0 | G77: 0 | H77: 0 | I77: 0 | J77: 0 | K77: 0 | L77: 0 | M77: 0 | N77: 0 | O77: 2 | P77: 0 | Q77: 0 | R77: 0 | S77: 0 | V77: =SUM(E77:U77) -> 2
C78: 9. EKO BUDI SANTOSO, S.H. | E78: 1 | F78: 0 | G78: 0 | H78: 0 | I78: 0 | J78: 0 | K78: 0 | L78: 0 | M78: 1 | N78: 0 | O78: 2 | P78: 1 | Q78: 0 | R78: 0 | S78: 1 | T78: 1 | V78: =SUM(E78:U78) -> 7
A79: B | B79: JUMLAH SUARA SAH PARTAI POLITIK DAN CALON (A1 + A2) | E79: =SUM(E69:E78) -> 38 | F79: =SUM(F69:F78) -> 35 | G79: =SUM(G69:G78) -> 19 | H79: =SUM(H69:H78) -> 25 | I79: =SUM(I69:I78) -> 37 | J79: =SUM(J69:J78) -> 20 | K79: =SUM(K69:K78) -> 25 | L79: =SUM(L69:L78) -> 15 | ... V79: =SUM(V69:V78) -> 986
A81: A.1 | B81: 4. | C81: Partai Golongan Karya | E81: 6 | F81: 4 | G81: 6 | H81: 2 | I81: 1 | J81: 2 | K81: 6 | L81: 2 | M81: 3 | N81: 3 | O81: 6 | P81: 2 | Q81: 0 | R81: 1 | S81: 1 | V81: =SUM(E81:U81) -> 45
A82: A.2 | C82: 1. PRANAYA YUDHA MAHARDHIKA | E82: 0 | F82: 0 | G82: 6 | H82: 4 | I82: 1 | J82: 1 | K82: 8 | L82: 2 | M82: 3 | N82: 6 | O82: 1 | P82: 5 | Q82: 0 | R82: 0 | S82: 2 | V82: =SUM(E82:U82) -> 39
C83: 2. Dra. Ec. ENDANG SULASTUTY, M.I.P. | E83: 0 | F83: 1 | G83: 0 | H83: 0 | I83: 1 | J83: 1 | K83: 2 | L83: 2 | M83: 0 | N83: 1 | O83: 1 | P83: 0 | Q83: 2 | R83: 1 | S83: 0 | V83: =SUM(E83:U83) -> 12
C84: 3. AGUS REJEKI WARTONO | E84: 1 | F84: 0 | G84: 1 | H84: 0 | I84: 0 | J84: 0 | K84: 0 | L84: 0 | M84: 0 | N84: 0 | O84: 1 | P84: 0 | Q84: 2 | R84: 0 | S84: 1 | V84: =SUM(E84:U84) -> 6
C85: 4. Hj. TUTUK ASMA'A ZUCHROH, S.T., M.T. | E85: 1 | F85: 1 | G85: 1 | H85: 2 | I85: 1 | J85: 1 | K85: 0 | L85: 2 | M85: 1 | N85: 0 | O85: 0 | P85: 4 | Q85: 1 | R85: 1 | S85: 1 | V85: =SUM(E85:U85) -> 17
C86: 5. ADE M. RIZKI, S.E. | E86: 1 | F86: 0 | G86: 0 | H86: 0 | I86: 3 | J86: 0 | K86: 0 | L86: 0 | M86: 0 | N86: 0 | O86: 1 | P86: 0 | Q86: 1 | R86: 0 | S86: 0 | V86: =SUM(E86:U86) -> 6
C87: 6. ABDURAKHMAN, Bc.Kn. | E87: 0 | F87: 0 | G87: 1 | H87: 0 | I87: 2 | J87: 0 | K87: 0 | L87: 1 | M87: 0 | N87: 0 | O87: 0 | P87: 0 | Q87: 0 | R87: 0 | S87: 0 | V87: =SUM(E87:U87) -> 4
C88: 7. CENDY RHIYAN ADI PUTRI | E88: 0 | F88: 0 | G88: 0 | H88: 0 | I88: 0 | J88: 0 | K88: 0 | L88: 0 | M88: 0 | N88: 0 | O88: 0 | P88: 0 | Q88: 0 | R88: 1 | S88: 0 | V88: =SUM(E88:U88) -> 1
C89: 8. BAKTI WIJAYANTO, S.E. | E89: 0 | F89: 0 | G89: 0 | H89: 0 | I89: 0 | J89: 0 | K89: 0 | L89: 0 | M89: 0 | N89: 0 | O89: 0 | P89: 0 | Q89: 0 | R89: 0 | S89: 0 | T89: 1 | V89: =SUM(E89:U89) -> 1
C90: 9. AHMAD UBAIDILLAH | E90: 0 | F90: 0 | G90: 0 | H90: 1 | I90: 1 | J90: 0 | K90: 0 | L90: 0 | M90: 0 | N90: 0 | O90: 1 | P90: 0 | Q90: 0 | R90: 0 | S90: 0 | V90: =SUM(E90:U90) -> 3
A91: B | B91: JUMLAH SUARA SAH PARTAI POLITIK DAN CALON (A1 + A2) | E91: =SUM(E81:E90) -> 9 | F91: =SUM(F81:F90) -> 6 | G91: =SUM(G81:G90) -> 15 | H91: =SUM(H81:H90) -> 9 | I91: =SUM(I81:I90) -> 10 | J91: =SUM(J81:J90) -> 5 | K91: =SUM(K81:K90) -> 16 | L91: =SUM(L81:L90) -> 9 | ... V91: =SUM(V81:V90) -> 134
A93: A.1 | B93: 5. | C93: Partai NasDem | E93: 2 | F93: 1 | G93: 6 | H93: 4 | I93: 5 | J93: 1 | K93: 3 | L93: 0 | M93: 1 | N93: 2 | O93: 2 | P93: 2 | Q93: 1 | R93: 0 | S93: 1 | T93: 1 | U93: 1 | V93: =SUM(E93:U93) -> 33
A94: A.2 | C94: 1. ALI MUSTOFA, A.Md. | E94: 2 | F94: 4 | G94: 2 | H94: 4 | I94: 1 | J94: 0 | K94: 2 | L94: 1 | M94: 5 | N94: 6 | O94: 5 | P94: 1 | Q94: 0 | R94: 0 | S94: 2 | T94: 2 | U94: 3 | V94: =SUM(E94:U94) -> 40
C95: 2. Hj. BUAMI, S.H. | E95: 0 | F95: 1 | G95: 1 | H95: 0 | I95: 2 | J95: 2 | K95: 0 | L95: 0 | M95: 0 | N95: 0 | O95: 0 | P95: 0 | Q95: 0 | R95: 0 | S95: 0 | V95: =SUM(E95:U95) -> 6
C96: 3. SUGIONO, S.H. | E96: 0 | F96: 1 | G96: 0 | H96: 0 | I96: 1 | J96: 0 | K96: 0 | L96: 0 | M96: 1 | N96: 1 | O96: 0 | P96: 0 | Q96: 0 | R96: 0 | S96: 0 | V96: =SUM(E96:U96) -> 4
C97: 4. LULUK SUNARMIATININGSIH | E97: 0 | F97: 0 | G97: 0 | H97: 0 | I97: 0 | J97: 0 | K97: 0 | L97: 0 | M97: 0 | N97: 0 | O97: 0 | P97: 0 | Q97: 0 | R97: 0 | S97: 0 | V97: =SUM(E97:U97) -> 0
C98: 5. ANTON DJULIANTO ADI | E98: 1 | F98: 0 | G98: 0 | H98: 0 | I98: 0 | J98: 0 | K98: 0 | L98: 0 | M98: 1 | N98: 0 | O98: 0 | P98: 0 | Q98: 0 | R98: 1 | S98: 0 | V98: =SUM(E98:U98) -> 3
C99: 6. MOKHAMAD ROFI'I KHUSNAN | E99: 0 | F99: 0 | G99: 0 | H99: 0 | I99: 0 | J99: 0 | K99: 0 | L99: 0 | M99: 0 | N99: 0 | O99: 0 | P99: 0 | Q99: 0 | R99: 0 | S99: 0 | V99: =SUM(E99:U99) -> 0
C100: 7. Rr SETYO WATI | E100: 0 | F100: 1 | G100: 1 | H100: 0 | I100: 0 | J100: 0 | K100: 0 | L100: 0 | M100: 0 | N100: 0 | O100: 0 | P100: 0 | Q100: 0 | R100: 0 | S100: 0 | V100: =SUM(E100:U100) -> 2
C101: 8. ABD. KADIR ASSEGAFF | E101: 1 | F101: 0 | G101: 0 | H101: 1 | I101: 0 | J101: 0 | K101: 1 | L101: 0 | M101: 0 | N101: 0 | O101: 0 | P101: 0 | Q101: 0 | R101: 0 | S101: 0 | V101: =SUM(E101:U101) -> 3
C102: 9. FATHOR ZAINULLAH | E102: 0 | F102: 0 | G102: 0 | H102: 0 | I102: 0 | J102: 0 | K102: 0 | L102: 0 | M102: 0 | N102: 0 | O102: 0 | P102: 0 | Q102: 0 | R102: 0 | S102: 0 | V102: =SUM(E102:U102) -> 0
A103: B | B103: JUMLAH SUARA SAH PARTAI POLITIK DAN CALON (A1 + A2) | E103: =SUM(E93:E102) -> 6 | F103: =SUM(F93:F102) -> 8 | G103: =SUM(G93:G102) -> 10 | H103: =SUM(H93:H102) -> 9 | I103: =SUM(I93:I102) -> 9 | J103: =SUM(J93:J102) -> 3 | K103: =SUM(K93:K102) -> 6 | L103: =SUM(L93:L102) -> 1 | ... V103: =SUM(V93:V102) -> 91
A105: A.1 | B105: 6. | C105: Partai Buruh | E105: 0 | F105: 1 | G105: 0 | H105: 1 | I105: 1 | J105: 1 | K105: 0 | L105: 0 | M105: 0 | N105: 0 | O105: 0 | P105: 0 | Q105: 2 | R105: 0 | S105: 0 | V105: =SUM(E105:U105) -> 6
A106: A.2 | C106: 1. AGUS SUPRIYADI | E106: 0 | F106: 0 | G106: 0 | H106: 0 | I106: 0 | J106: 1 | K106: 0 | L106: 0 | M106: 0 | N106: 1 | O106: 0 | P106: 1 | Q106: 0 | R106: 0 | S106: 0 | V106: =SUM(E106:U106) -> 3
C107: 2. ENI HARIATI | E107: 0 | F107: 1 | G107: 0 | H107: 0 | I107: 0 | J107: 0 | K107: 0 | L107: 0 | M107: 0 | N107: 0 | O107: 0 | P107: 0 | Q107: 0 | R107: 0 | S107: 0 | V107: =SUM(E107:U107) -> 1
A108: B | B108: JUMLAH SUARA SAH PARTAI POLITIK DAN CALON (A1 + A2) | E108: =SUM(E105:E107) -> 0 | F108: =SUM(F105:F107) -> 2 | G108: =SUM(G105:G107) -> 0 | H108: =SUM(H105:H107) -> 1 | I108: =SUM(I105:I107) -> 1 | J108: =SUM(J105:J107) -> 2 | K108: =SUM(K105:K107) -> 0 | L108: =SUM(L105:L107) -> 0 | ... V108: =SUM(V105:V107) -> 10
A110: A.1 | B110: 7. | C110: Partai Gelombang Rakyat Indonesia | E110: 0 | F110: 2 | G110: 0 | H110: 0 | I110: 0 | J110: 0 | K110: 1 | L110: 0 | M110: 1 | N110: 1 | O110: 3 | P110: 0 | Q110: 0 | R110: 0 | S110: 0 | V110: =SUM(E110:U110) -> 8
A111: A.2 | C111: 1. MIRZA MUHROSNI AROMA | E111: 1 | F111: 1 | G111: 0 | H111: 0 | I111: 1 | J111: 1 | K111: 0 | L111: 0 | M111: 0 | N111: 0 | O111: 0 | P111: 0 | Q111: 0 | R111: 0 | S111: 0 | V111: =SUM(E111:U111) -> 4
C112: 2. ACHMAD BAGUS SUGIARTO | E112: 0 | F112: 0 | G112: 0 | H112: 1 | I112: 0 | J112: 0 | K112: 1 | L112: 0 | M112: 0 | N112: 0 | O112: 0 | P112: 0 | Q112: 0 | R112: 0 | S112: 0 | V112: =SUM(E112:U112) -> 2
C113: 3. ELOK FITRIYA NINGSIH | E113: 0 | F113: 0 | G113: 0 | H113: 0 | I113: 0 | J113: 0 | K113: 0 | L113: 0 | M113: 0 | N113: 0 | O113: 0 | P113: 0 | Q113: 0 | R113: 0 | S113: 0 | V113: =SUM(E113:U113) -> 0
C114: 4. MADI | E114: 0 | F114: 0 | G114: 0 | H114: 0 | I114: 0 | J114: 0 | K114: 0 | L114: 0 | M114: 0 | N114: 0 | O114: 0 | P114: 0 | Q114: 0 | R114: 0 | S114: 1 | V114: =SUM(E114:U114) -> 1
C115: 5. LUKY PERMANASARI | E115: 1 | F115: 0 | G115: 0 | H115: 0 | I115: 0 | J115: 0 | K115: 0 | L115: 0 | M115: 0 | N115: 0 | O115: 0 | P115: 0 | Q115: 0 | R115: 0 | S115: 0 | V115: =SUM(E115:U115) -> 1
A116: B | B116: JUMLAH SUARA SAH PARTAI POLITIK DAN CALON (A1 + A2) | E116: =SUM(E110:E115) -> 2 | F116: =SUM(F110:F115) -> 3 | G116: =SUM(G110:G115) -> 0 | H116: =SUM(H110:H115) -> 1 | I116: =SUM(I110:I115) -> 1 | J116: =SUM(J110:J115) -> 1 | K116: =SUM(K110:K115) -> 2 | L116: =SUM(L110:L115) -> 0 | ... V116: =SUM(V110:V115) -> 16
A118: A.1 | B118: 8. | C118: Partai Keadilan Sejahtera | E118: 2 | F118: 3 | G118: 1 | H118: 4 | I118: 3 | J118: 2 | K118: 2 | L118: 4 | M118: 0 | N118: 5 | O118: 1 | P118: 6 | Q118: 2 | R118: 0 | S118: 1 | V118: =SUM(E118:U118) -> 36
...
