Workbook

Sheet DPRD PROVINSI
C8: Kecamatan | D8: GAMBIRAN
C9: Kabupaten | D9: BANYUWANGI
C10: Provinsi | D10: JAWA TIMUR
A12: I | B12: DATA PEMILIH DAN PENGGUNAAN HAK PILIH | E12: JUMLAH AKHIR
A13: A | B13: DATA PEMILIH
B14: Jumlah Pemilih dalam Daftar Pemilih Tetap (DPT) | D14: LK | E14: =GAMBIRAN!AY14+JAJAG!BA14+PURWODADI!AC14+WRINGINAGUNG!AB14+WRINGINREJO!X14+YOSOMULYO!AP14 -> 25710
D15: PR | E15: =GAMBIRAN!AY15+JAJAG!BA15+PURWODADI!AC15+WRINGINAGUNG!AB15+WRINGINREJO!X15+YOSOMULYO!AP15 -> 26323
D16: JML | E16: =SUM(E14:E15) -> 52033
A18: B | B18: PENGGUNA HAK PILIH
B19: 1. | C19: Jumlah pengguna hak pilih dalam Daftar Pemilih Tetap (DPT) | D19: LK | E19: =GAMBIRAN!AY19+JAJAG!BA19+PURWODADI!AC19+WRINGINAGUNG!AB19+WRINGINREJO!X19+YOSOMULYO!AP19 -> 18990
D20: PR | E20: =GAMBIRAN!AY20+JAJAG!BA20+PURWODADI!AC20+WRINGINAGUNG!AB20+WRINGINREJO!X20+YOSOMULYO!AP20 -> 20768
D21: JML | E21: =SUM(E19:E20) -> 39758
B22: 2. | C22: Jumlah pengguna hak pilih dalam Daftar Pemilih Tambahan (DPTb) | D22: LK | E22: =GAMBIRAN!AY22+JAJAG!BA22+PURWODADI!AC22+WRINGINAGUNG!AB22+WRINGINREJO!X22+YOSOMULYO!AP22 -> 28
D23: PR | E23: =GAMBIRAN!AY23+JAJAG!BA23+PURWODADI!AC23+WRINGINAGUNG!AB23+WRINGINREJO!X23+YOSOMULYO!AP23 -> 24
D24: JML | E24: =SUM(E22:E23) -> 52
B25: 3. | C25: Jumlah pengguna hak pilih dalam Daftar Pemilih Khusus (DPK) | D25: LK | E25: =GAMBIRAN!AY25+JAJAG!BA25+PURWODADI!AC25+WRINGINAGUNG!AB25+WRINGINREJO!X25+YOSOMULYO!AP25 -> 200
D26: PR | E26: =GAMBIRAN!AY26+JAJAG!BA26+PURWODADI!AC26+WRINGINAGUNG!AB26+WRINGINREJO!X26+YOSOMULYO!AP26 -> 230
D27: JML | E27: =SUM(E25:E26) -> 430
B28: 4. | C28: Jumlah Pengguna Hak Pilih (B.1+B.2+B.3) | D28: LK | E28: =E19+E22+E25 -> 19218
D29: PR | E29: =E20+E23+E26 -> 21022
D30: JML | E30: =SUM(E28:E29) -> 40240
A32: II | B32: DATA PENGGUNAAN SURAT SUARA
A33: 1 | B33: Jumlah surat suara yang diterima, termasuk surat suara cadangan 2,5% dari DPT | E33: =GAMBIRAN!AY33+JAJAG!BA33+PURWODADI!AC33+WRINGINAGUNG!AB33+WRINGINREJO!X33+YOSOMULYO!AP33 -> 53135
A34: 2 | B34: Jumlah surat suara yang digunakan | E34: =GAMBIRAN!AY34+JAJAG!BA34+PURWODADI!AC34+WRINGINAGUNG!AB34+WRINGINREJO!X34+YOSOMULYO!AP34 -> 40240
A35: 3 | B35: Jumlah surat suara dikembalikan oleh pemilih (karena rusak atau keliru coblos) | E35: =GAMBIRAN!AY35+JAJAG!BA35+PURWODADI!AC35+WRINGINAGUNG!AB35+WRINGINREJO!X35+YOSOMULYO!AP35 -> 65
A36: 4 | B36: Jumlah surat suara yang tidak digunakan/tidak terpakai, termasuk sisa surat suara cadangan | E36: =E33-(E34+E35) -> 12830
A38: III | B38: DATA PEMILIH DISABILITAS
B39: Jumlah seluruh Pemilih disabilitas yang menggunakan hak pilih | D39: LK | E39: =GAMBIRAN!AY39+JAJAG!BA39+PURWODADI!AC39+WRINGINAGUNG!AB39+WRINGINREJO!X39+YOSOMULYO!AP39 -> 36
D40: PR | E40: =GAMBIRAN!AY40+JAJAG!BA40+PURWODADI!AC40+WRINGINAGUNG!AB40+WRINGINREJO!X40+YOSOMULYO!AP40 -> 43
D41: JML | E41: =SUM(E39:E40) -> 79
A43: IV | B43: DATA RINCIAN PEROLEHAN SUARA PASANGAN CALON BUPATI DAN WAKIL BUPATI
A44: NOMOR DAN NAMA CALON
A45: A.1 | B45: 1. | C45: Partai Kebangkitan Bangsa | E45: =GAMBIRAN!AY45+JAJAG!BA45+PURWODADI!AC45+WRINGINAGUNG!AB45+WRINGINREJO!X45+YOSOMULYO!AP45 -> 1183
A46: A.2 | C46: 1. Dra. Hj. MA`MULAH HARUN, M.Pd.I. | E46: =GAMBIRAN!AY46+JAJAG!BA46+PURWODADI!AC46+WRINGINAGUNG!AB46+WRINGINREJO!X46+YOSOMULYO!AP46 -> 2123
C47: 2. UBAIDILLAH, S.Fil.I. | E47: =GAMBIRAN!AY47+JAJAG!BA47+PURWODADI!AC47+WRINGINAGUNG!AB47+WRINGINREJO!X47+YOSOMULYO!AP47 -> 475
C48: 3. Ir. H. YOYOK MULYADI, M.Si. | E48: =GAMBIRAN!AY48+JAJAG!BA48+PURWODADI!AC48+WRINGINAGUNG!AB48+WRINGINREJO!X48+YOSOMULYO!AP48 -> 149
C49: 4. KHOIRUL ANWAR, S.Fil.I. | E49: =GAMBIRAN!AY49+JAJAG!BA49+PURWODADI!AC49+WRINGINAGUNG!AB49+WRINGINREJO!X49+YOSOMULYO!AP49 -> 216
C50: 5. ARIF WIJAKSANA | E50: =GAMBIRAN!AY50+JAJAG!BA50+PURWODADI!AC50+WRINGINAGUNG!AB50+WRINGINREJO!X50+YOSOMULYO!AP50 -> 259
C51: 6. Dr. SITI YUMNAH | E51: =GAMBIRAN!AY51+JAJAG!BA51+PURWODADI!AC51+WRINGINAGUNG!AB51+WRINGINREJO!X51+YOSOMULYO!AP51 -> 145
C52: 7. MOHAMMAD ZAINI, M.Pd.I. | E52: =GAMBIRAN!AY52+JAJAG!BA52+PURWODADI!AC52+WRINGINAGUNG!AB52+WRINGINREJO!X52+YOSOMULYO!AP52 -> 85
C53: 8. FAWAIDUL MAKKIYAH | E53: =GAMBIRAN!AY53+JAJAG!BA53+PURWODADI!AC53+WRINGINAGUNG!AB53+WRINGINREJO!X53+YOSOMULYO!AP53 -> 40
C54: 9. IFFAH HIDAYATUR ROHMAH, S.Sos. | E54: =GAMBIRAN!AY54+JAJAG!BA54+PURWODADI!AC54+WRINGINAGUNG!AB54+WRINGINREJO!X54+YOSOMULYO!AP54 -> 73
A55: B | B55: JUMLAH SUARA SAH PARTAI POLITIK DAN CALON (A1 + A2) | E55: =SUM(E45:E52) -> 4635
A57: A.1 | B57: 2. | C57: Partai Gerakan Indonesia Raya | E57: =GAMBIRAN!AY57+JAJAG!BA57+PURWODADI!AC57+WRINGINAGUNG!AB57+WRINGINREJO!X57+YOSOMULYO!AP57 -> 1902
A58: A.2 | C58: 1. AHMAD HADINUDDIN, S.Pd.I. | E58: =GAMBIRAN!AY58+JAJAG!BA58+PURWODADI!AC58+WRINGINAGUNG!AB58+WRINGINREJO!X58+YOSOMULYO!AP58 -> 2533
C59: 2. BIMA RAFSANJANI RAFID | E59: =GAMBIRAN!AY59+JAJAG!BA59+PURWODADI!AC59+WRINGINAGUNG!AB59+WRINGINREJO!X59+YOSOMULYO!AP59 -> 1451
C60: 3. IRA DAMAYANTI | E60: =GAMBIRAN!AY60+JAJAG!BA60+PURWODADI!AC60+WRINGINAGUNG!AB60+WRINGINREJO!X60+YOSOMULYO!AP60 -> 358
C61: 4. MAULANA MALIK IBRAHIM, S.H. | E61: =GAMBIRAN!AY61+JAJAG!BA61+PURWODADI!AC61+WRINGINAGUNG!AB61+WRINGINREJO!X61+YOSOMULYO!AP61 -> 736
C62: 5. LULUK ALFIATI | E62: =GAMBIRAN!AY62+JAJAG!BA62+PURWODADI!AC62+WRINGINAGUNG!AB62+WRINGINREJO!X62+YOSOMULYO!AP62 -> 208
C63: 6. ILHAM WAHYUDI, S.H. | E63: =GAMBIRAN!AY63+JAJAG!BA63+PURWODADI!AC63+WRINGINAGUNG!AB63+WRINGINREJO!X63+YOSOMULYO!AP63 -> 90
C64: 7. HAERUL ANWAR, S.Pd.I. | E64: =GAMBIRAN!AY64+JAJAG!BA64+PURWODADI!AC64+WRINGINAGUNG!AB64+WRINGINREJO!X64+YOSOMULYO!AP64 -> 52
C65: 8. YOVI ADHITYA WARDANI | E65: =GAMBIRAN!AY65+JAJAG!BA65+PURWODADI!AC65+WRINGINAGUNG!AB65+WRINGINREJO!X65+YOSOMULYO!AP65 -> 41
C66: 9. RITA AMELIA | E66: =GAMBIRAN!AY66+JAJAG!BA66+PURWODADI!AC66+WRINGINAGUNG!AB66+WRINGINREJO!X66+YOSOMULYO!AP66 -> 93
A67: B | B67: JUMLAH SUARA SAH PARTAI POLITIK DAN CALON (A1 + A2) | E67: =SUM(E57:E64) -> 7330
A69: A.1 | B69: 3. | C69: Partai Demokrasi Indonesia Perjuangan | E69: =GAMBIRAN!AY69+JAJAG!BA69+PURWODADI!AC69+WRINGINAGUNG!AB69+WRINGINREJO!X69+YOSOMULYO!AP69 -> 2752
A70: A.2 | C70: 1. MARTIN H., S.H., M.H. | E70: =GAMBIRAN!AY70+JAJAG!BA70+PURWODADI!AC70+WRINGINAGUNG!AB70+WRINGINREJO!X70+YOSOMULYO!AP70 -> 2007
C71: 2. HERMANTO, S.E. | E71: =GAMBIRAN!AY71+JAJAG!BA71+PURWODADI!AC71+WRINGINAGUNG!AB71+WRINGINREJO!X71+YOSOMULYO!AP71 -> 964
C72: 3. EVY SUSILAWATI, S.E., M.M. | E72: =GAMBIRAN!AY72+JAJAG!BA72+PURWODADI!AC72+WRINGINAGUNG!AB72+WRINGINREJO!X72+YOSOMULYO!AP72 -> 907
C73: 4. M. SIROTTUDIN | E73: =GAMBIRAN!AY73+JAJAG!BA73+PURWODADI!AC73+WRINGINAGUNG!AB73+WRINGINREJO!X73+YOSOMULYO!AP73 -> 615
C74: 5. ABDUL HAFID, S.H. | E74: =GAMBIRAN!AY74+JAJAG!BA74+PURWODADI!AC74+WRINGINAGUNG!AB74+WRINGINREJO!X74+YOSOMULYO!AP74 -> 265
C75: 6. NIKITA FORTUNA SURYANINGATI, A.Md.Keb. | E75: =GAMBIRAN!AY75+JAJAG!BA75+PURWODADI!AC75+WRINGINAGUNG!AB75+WRINGINREJO!X75+YOSOMULYO!AP75 -> 268
C76: 7. YUDHO ILHAM WIJAYA, S.E. | E76: =GAMBIRAN!AY76+JAJAG!BA76+PURWODADI!AC76+WRINGINAGUNG!AB76+WRINGINREJO!X76+YOSOMULYO!AP76 -> 122
C77: 8. SETIAWATI, S.H. | E77: =GAMBIRAN!AY77+JAJAG!BA77+PURWODADI!AC77+WRINGINAGUNG!AB77+WRINGINREJO!X77+YOSOMULYO!AP77 -> 149
C78: 9. EKO BUDI SANTOSO, S.H. | E78: =GAMBIRAN!AY78+JAJAG!BA78+PURWODADI!AC78+WRINGINAGUNG!AB78+WRINGINREJO!X78+YOSOMULYO!AP78 -> 191
A79: B | B79: JUMLAH SUARA SAH PARTAI POLITIK DAN CALON (A1 + A2) | E79: =SUM(E69:E76) -> 7900
A81: A.1 | B81: 4. | C81: Partai Golongan Karya | E81: =GAMBIRAN!AY81+JAJAG!BA81+PURWODADI!AC81+WRINGINAGUNG!AB81+WRINGINREJO!X81+YOSOMULYO!AP81 -> 669
A82: A.2 | C82: 1. PRANAYA YUDHA MAHARDHIKA | E82: =GAMBIRAN!AY82+JAJAG!BA82+PURWODADI!AC82+WRINGINAGUNG!AB82+WRINGINREJO!X82+YOSOMULYO!AP82 -> 1597
C83: 2. Dra. Ec. ENDANG SULASTUTY, M.I.P. | E83: =GAMBIRAN!AY83+JAJAG!BA83+PURWODADI!AC83+WRINGINAGUNG!AB83+WRINGINREJO!X83+YOSOMULYO!AP83 -> 185
C84: 3. AGUS REJEKI WARTONO | E84: =GAMBIRAN!AY84+JAJAG!BA84+PURWODADI!AC84+WRINGINAGUNG!AB84+WRINGINREJO!X84+YOSOMULYO!AP84 -> 117
C85: 4. Hj. TUTUK ASMA'A ZUCHROH, S.T., M.T. | E85: =GAMBIRAN!AY85+JAJAG!BA85+PURWODADI!AC85+WRINGINAGUNG!AB85+WRINGINREJO!X85+YOSOMULYO!AP85 -> 170
C86: 5. ADE M. RIZKI, S.E. | E86: =GAMBIRAN!AY86+JAJAG!BA86+PURWODADI!AC86+WRINGINAGUNG!AB86+WRINGINREJO!X86+YOSOMULYO!AP86 -> 436
C87: 6. ABDURAKHMAN, Bc.Kn. | E87: =GAMBIRAN!AY87+JAJAG!BA87+PURWODADI!AC87+WRINGINAGUNG!AB87+WRINGINREJO!X87+YOSOMULYO!AP87 -> 42
C88: 7. CENDY RHIYAN ADI PUTRI | E88: =GAMBIRAN!AY88+JAJAG!BA88+PURWODADI!AC88+WRINGINAGUNG!AB88+WRINGINREJO!X88+YOSOMULYO!AP88 -> 21
C89: 8. BAKTI WIJAYANTO, S.E. | E89: =GAMBIRAN!AY89+JAJAG!BA89+PURWODADI!AC89+WRINGINAGUNG!AB89+WRINGINREJO!X89+YOSOMULYO!AP89 -> 11
C90: 9. AHMAD UBAIDILLAH | E90: =GAMBIRAN!AY90+JAJAG!BA90+PURWODADI!AC90+WRINGINAGUNG!AB90+WRINGINREJO!X90+YOSOMULYO!AP90 -> 42
A91: B | B91: JUMLAH SUARA SAH PARTAI POLITIK DAN CALON (A1 + A2) | E91: =SUM(E81:E88) -> 3237
A93: A.1 | B93: 5. | C93: Partai NasDem | E93: =GAMBIRAN!AY93+JAJAG!BA93+PURWODADI!AC93+WRINGINAGUNG!AB93+WRINGINREJO!X93+YOSOMULYO!AP93 -> 262
A94: A.2 | C94: 1. ALI MUSTOFA, A.Md. | E94: =GAMBIRAN!AY94+JAJAG!BA94+PURWODADI!AC94+WRINGINAGUNG!AB94+WRINGINREJO!X94+YOSOMULYO!AP94 -> 704
C95: 2. Hj. BUAMI, S.H. | E95: =GAMBIRAN!AY95+JAJAG!BA95+PURWODADI!AC95+WRINGINAGUNG!AB95+WRINGINREJO!X95+YOSOMULYO!AP95 -> 39
C96: 3. SUGIONO, S.H. | E96: =GAMBIRAN!AY96+JAJAG!BA96+PURWODADI!AC96+WRINGINAGUNG!AB96+WRINGINREJO!X96+YOSOMULYO!AP96 -> 22
C97: 4. LULUK SUNARMIATININGSIH | E97: =GAMBIRAN!AY97+JAJAG!BA97+PURWODADI!AC97+WRINGINAGUNG!AB97+WRINGINREJO!X97+YOSOMULYO!AP97 -> 40
C98: 5. ANTON DJULIANTO ADI | E98: =GAMBIRAN!AY98+JAJAG!BA98+PURWODADI!AC98+WRINGINAGUNG!AB98+WRINGINREJO!X98+YOSOMULYO!AP98 -> 28
C99: 6. MOKHAMAD ROFI'I KHUSNAN | E99: =GAMBIRAN!AY99+JAJAG!BA99+PURWODADI!AC99+WRINGINAGUNG!AB99+WRINGINREJO!X99+YOSOMULYO!AP99 -> 10
C100: 7. Rr SETYO WATI | E100: =GAMBIRAN!AY100+JAJAG!BA100+PURWODADI!AC100+WRINGINAGUNG!AB100+WRINGINREJO!X100+YOSOMULYO!AP100 -> 4
C101: 8. ABD. KADIR ASSEGAFF | E101: =GAMBIRAN!AY101+JAJAG!BA101+PURWODADI!AC101+WRINGINAGUNG!AB101+WRINGINREJO!X101+YOSOMULYO!AP101 -> 10
C102: 9. FATHOR ZAINULLAH | E102: =GAMBIRAN!AY102+JAJAG!BA102+PURWODADI!AC102+WRINGINAGUNG!AB102+WRINGINREJO!X102+YOSOMULYO!AP102 -> 4
A103: B | B103: JUMLAH SUARA SAH PARTAI POLITIK DAN CALON (A1 + A2) | E103: =SUM(E93:E100) -> 1109
A105: A.1 | B105: 6. | C105: Partai Buruh | E105: =GAMBIRAN!AY105+JAJAG!BA105+PURWODADI!AC105+WRINGINAGUNG!AB105+WRINGINREJO!X105+YOSOMULYO!AP105 -> 185
A106: A.2 | C106: 1. AGUS SUPRIYADI | E106: =GAMBIRAN!AY106+JAJAG!BA106+PURWODADI!AC106+WRINGINAGUNG!AB106+WRINGINREJO!X106+YOSOMULYO!AP106 -> 61
C107: 2. ENI HARIATI | E107: =GAMBIRAN!AY107+JAJAG!BA107+PURWODADI!AC107+WRINGINAGUNG!AB107+WRINGINREJO!X107+YOSOMULYO!AP107 -> 33
A115: B | B115: JUMLAH SUARA SAH PARTAI POLITIK DAN CALON (A1 + A2) | E115: =SUM(E105:E112) -> 279
A117: A.1 | B117: 7. | C117: Partai Gelombang Rakyat Indonesia | E117: =GAMBIRAN!AY117+JAJAG!BA117+PURWODADI!AC117+WRINGINAGUNG!AB117+WRINGINREJO!X117+YOSOMULYO!AP117 -> 113
A118: A.2 | C118: 1. MIRZA MUHROSNI AROMA | E118: =GAMBIRAN!AY118+JAJAG!BA118+PURWODADI!AC118+WRINGINAGUNG!AB118+WRINGINREJO!X118+YOSOMULYO!AP118 -> 41
C119: 2. ACHMAD BAGUS SUGIARTO | E119: =GAMBIRAN!AY119+JAJAG!BA119+PURWODADI!AC119+WRINGINAGUNG!AB119+WRINGINREJO!X119+YOSOMULYO!AP119 -> 36
C120: 3. ELOK FITRIYA NINGSIH | E120: =GAMBIRAN!AY120+JAJAG!BA120+PURWODADI!AC120+WRINGINAGUNG!AB120+WRINGINREJO!X120+YOSOMULYO!AP120 -> 20
C121: 4. MADI | E121: =GAMBIRAN!AY121+JAJAG!BA121+PURWODADI!AC121+WRINGINAGUNG!AB121+WRINGINREJO!X121+YOSOMULYO!AP121 -> 12
C122: 5. LUKY PERMANASARI | E122: =GAMBIRAN!AY122+JAJAG!BA122+PURWODADI!AC122+WRINGINAGUNG!AB122+WRINGINREJO!X122+YOSOMULYO!AP122 -> 8
A127: B | B127: JUMLAH SUARA SAH PARTAI POLITIK DAN CALON (A1 + A2) | E127: =SUM(E117:E120) -> 210
A129: A.1 | B129: 8. | C129: Partai Keadilan Sejahtera | E129: =GAMBIRAN!AY129+JAJAG!BA129+PURWODADI!AC129+WRINGINAGUNG!AB129+WRINGINREJO!X129+YOSOMULYO!AP129 -> 156
A130: A.2 | C130: 1. H. IRWAN SETIAWAN | E130: =GAMBIRAN!AY130+JAJAG!BA130+PURWODADI!AC130+WRINGINAGUNG!AB130+WRINGINREJO!X130+YOSOMULYO!AP130 -> 219
...

Sheet GAMBIRAN
C2: Kecamatan | D2: GAMBIRAN
C3: Kabupaten | D3: BANYUWANGI
C4: Provinsi | D4: JAWA TIMUR
C9: Kelurahan | D9: GAMBIRAN
A12: I | B12: DATA PEMILIH DAN PENGGUNAAN HAK PILIH | AY12: JUMLAH AKHIR
A13: A | B13: DATA PEMILIH | E13: TPS 001 | F13: TPS 002 | G13: TPS 003 | H13: TPS 004 | I13: TPS 005 | J13: TPS 006 | K13: TPS 007 | L13: TPS 008 | M13: TPS 009 | N13: TPS 010 | O13: TPS 011 | P13: TPS 012 | Q13: TPS 013 | R13: TPS 014 | S13: TPS 015 | T13: TPS 016 | U13: TPS 017 | V13: TPS 018 | W13: TPS 019 | X13: TPS 020 | Y13: TPS 021 | Z13: TPS 022 | AA13: TPS 023 | AB13: TPS 024 | AC13: TPS 025 | AD13: TPS 026 | AE13: TPS 027 | AF13: TPS 028 | AG13: TPS 029 | AH13: TPS 030 | AI13: TPS 031 | AJ13: TPS 032 | AK13: TPS 033 | AL13: TPS 034 | AM13: TPS 035 | AN13: TPS 036 | AO13: TPS 037 | AP13: TPS 038 | AQ13: TPS 039 | AR13: TPS 040 | AS13: TPS 041 | AT13: TPS 042 | AU13: TPS 043 | AV13: TPS 044 | AW13: TPS 045 | AX13: TPS 046
B14: Jumlah Pemilih dalam Daftar Pemilih Tetap (DPT) | D14: LK | E14: 123 | F14: 140 | G14: 122 | H14: 121 | I14: 142 | J14: 124 | K14: 123 | L14: 132 | M14: 104 | N14: 142 | O14: 149 | P14: 134 | Q14: 113 | R14: 101 | S14: 103 | T14: 128 | U14: 135 | V14: 137 | W14: 145 | X14: 137 | Y14: 131 | Z14: 133 | AA14: 122 | AB14: 121 | AC14: 132 | AD14: 131 | AE14: 113 | AF14: 95 | AG14: 141 | AH14: 80 | AI14: 134 | AJ14: 134 | AK14: 148 | AL14: 149 | AM14: 137 | AN14: 139 | AO14: 144 | AP14: 130 | AQ14: 148 | AR14: 132 | AS14: 145 | AT14: 134 | AU14: 145 | AV14: 136 | AW14: 131 | AX14: 154 | AY14: =SUM(E14:AX14) -> 5994
D15: PR | E15: 112 | F15: 126 | G15: 132 | H15: 134 | I15: 139 | J15: 142 | K15: 109 | L15: 126 | M15: 130 | N15: 153 | O15: 140 | P15: 127 | Q15: 109 | R15: 121 | S15: 117 | T15: 151 | U15: 149 | V15: 137 | W15: 143 | X15: 140 | Y15: 145 | Z15: 135 | AA15: 120 | AB15: 102 | AC15: 145 | AD15: 133 | AE15: 116 | AF15: 109 | AG15: 130 | AH15: 71 | AI15: 134 | AJ15: 143 | AK15: 142 | AL15: 144 | AM15: 148 | AN15: 136 | AO15: 146 | AP15: 143 | AQ15: 136 | AR15: 127 | AS15: 140 | AT15: 126 | AU15: 135 | AV15: 136 | AW15: 139 | AX15: 124 | AY15: =SUM(E15:AX15) -> 6042
D16: JML | E16: =SUM(E14:E15) -> 235 | F16: =SUM(F14:F15) -> 266 | G16: =SUM(G14:G15) -> 254 | H16: =SUM(H14:H15) -> 255 | I16: =SUM(I14:I15) -> 281 | J16: =SUM(J14:J15) -> 266 | K16: =SUM(K14:K15) -> 232 | L16: =SUM(L14:L15) -> 258 | ... AX16: =SUM(AX14:AX15) -> 278 | AY16: =SUM(E16:AX16) -> 12036
AY17: =SUM(E17:AX17) -> 0
A18: B | B18: PENGGUNA HAK PILIH | AY18: =SUM(E18:AX18) -> 0
B19: 1. | C19: Jumlah pengguna hak pilih dalam Daftar Pemilih Tetap (DPT) | D19: LK | E19: 85 | F19: 106 | G19: 76 | H19: 77 | I19: 96 | J19: 88 | K19: 88 | L19: 94 | M19: 65 | N19: 103 | O19: 94 | P19: 99 | Q19: 82 | R19: 71 | S19: 83 | T19: 91 | U19: 102 | V19: 102 | W19: 96 | X19: 116 | Y19: 95 | Z19: 100 | AA19: 90 | AB19: 90 | AC19: 85 | AD19: 94 | AE19: 89 | AF19: 68 | AG19: 114 | AH19: 63 | AI19: 98 | AJ19: 101 | AK19: 106 | AL19: 111 | AM19: 117 | AN19: 99 | AO19: 107 | AP19: 94 | AQ19: 103 | AR19: 91 | AS19: 103 | AT19: 106 | AU19: 118 | AV19: 97 | AW19: 85 | AX19: 98 | AY19: =SUM(E19:AX19) -> 4336
D20: PR | E20: 95 | F20: 98 | G20: 95 | H20: 91 | I20: 110 | J20: 108 | K20: 79 | L20: 100 | M20: 101 | N20: 112 | O20: 90 | P20: 108 | Q20: 93 | R20: 82 | S20: 96 | T20: 107 | U20: 122 | V20: 118 | W20: 104 | X20: 115 | Y20: 120 | Z20: 104 | AA20: 103 | AB20: 89 | AC20: 110 | AD20: 109 | AE20: 99 | AF20: 92 | AG20: 109 | AH20: 59 | AI20: 104 | AJ20: 105 | AK20: 118 | AL20: 126 | AM20: 129 | AN20: 103 | AO20: 122 | AP20: 110 | AQ20: 93 | AR20: 103 | AS20: 107 | AT20: 103 | AU20: 112 | AV20: 105 | AW20: 98 | AX20: 102 | AY20: =SUM(E20:AX20) -> 4758
D21: JML | E21: =SUM(E19:E20) -> 180 | F21: =SUM(F19:F20) -> 204 | G21: =SUM(G19:G20) -> 171 | H21: =SUM(H19:H20) -> 168 | I21: =SUM(I19:I20) -> 206 | J21: =SUM(J19:J20) -> 196 | K21: =SUM(K19:K20) -> 167 | L21: =SUM(L19:L20) -> 194 | ... AX21: =SUM(AX19:AX20) -> 200 | AY21: =SUM(E21:AX21) -> 9094
B22: 2. | C22: Jumlah pengguna hak pilih dalam Daftar Pemilih Tambahan (DPTb) | D22: LK | E22: 0 | F22: 1 | G22: 0 | H22: 0 | I22: 0 | J22: 0 | K22: 0 | L22: 0 | M22: 0 | N22: 0 | O22: 3 | P22: 1 | Q22: 1 | R22: 0 | S22: 0 | AI22: 0 | AJ22: 2 | AK22: 0 | AL22: 0 | AM22: 0 | AN22: 0 | AO22: 0 | AP22: 0 | AQ22: 0 | AR22: 1 | AS22: 0 | AT22: 0 | AU22: 0 | AV22: 0 | AW22: 0 | AY22: =SUM(E22:AX22) -> 9
D23: PR | E23: 0 | F23: 0 | G23: 0 | H23: 0 | I23: 0 | J23: 0 | K23: 0 | L23: 0 | M23: 0 | N23: 0 | O23: 5 | P23: 2 | Q23: 1 | R23: 0 | S23: 0 | AI23: 0 | AJ23: 1 | AK23: 0 | AL23: 0 | AM23: 0 | AN23: 0 | AO23: 0 | AP23: 0 | AQ23: 0 | AR23: 0 | AS23: 0 | AT23: 0 | AU23: 0 | AV23: 0 | AW23: 0 | AY23: =SUM(E23:AX23) -> 9
D24: JML | E24: =SUM(E22:E23) -> 0 | F24: =SUM(F22:F23) -> 1 | G24: =SUM(G22:G23) -> 0 | H24: =SUM(H22:H23) -> 0 | I24: =SUM(I22:I23) -> 0 | J24: =SUM(J22:J23) -> 0 | K24: =SUM(K22:K23) -> 0 | L24: =SUM(L22:L23) -> 0 | ... AX24: =SUM(AX22:AX23) -> 0 | AY24: =SUM(E24:AX24) -> 18
B25: 3. | C25: Jumlah pengguna hak pilih dalam Daftar Pemilih Khusus (DPK) | D25: LK | E25: 1 | F25: 0 | G25: 0 | H25: 1 | I25: 1 | J25: 1 | K25: 0 | L25: 0 | M25: 0 | N25: 2 | O25: 0 | P25: 0 | Q25: 2 | R25: 0 | S25: 0 | T25: 1 | U25: 0 | V25: 0 | W25: 2 | X25: 0 | Y25: 0 | Z25: 0 | AA25: 0 | AB25: 1 | AC25: 1 | AD25: 0 | AE25: 1 | AF25: 0 | AG25: 0 | AH25: 0 | AI25: 0 | AJ25: 0 | AK25: 0 | AL25: 0 | AM25: 4 | AN25: 4 | AO25: 0 | AP25: 0 | AQ25: 0 | AR25: 1 | AS25: 0 | AT25: 1 | AU25: 0 | AV25: 1 | AW25: 4 | AY25: =SUM(E25:AX25) -> 29
D26: PR | E26: 1 | F26: 0 | G26: 0 | H26: 0 | I26: 1 | J26: 2 | K26: 0 | L26: 0 | M26: 0 | N26: 1 | O26: 0 | P26: 0 | Q26: 1 | R26: 0 | S26: 0 | T26: 2 | U26: 0 | V26: 0 | W26: 5 | X26: 0 | Y26: 0 | Z26: 0 | AA26: 0 | AB26: 2 | AC26: 3 | AD26: 0 | AE26: 2 | AF26: 1 | AG26: 0 | AH26: 0 | AI26: 0 | AJ26: 0 | AK26: 0 | AL26: 0 | AM26: 5 | AN26: 4 | AO26: 0 | AP26: 0 | AQ26: 0 | AR26: 2 | AS26: 0 | AT26: 0 | AU26: 0 | AV26: 2 | AW26: 4 | AY26: =SUM(E26:AX26) -> 38
D27: JML | E27: =SUM(E25:E26) -> 2 | F27: =SUM(F25:F26) -> 0 | G27: =SUM(G25:G26) -> 0 | H27: =SUM(H25:H26) -> 1 | I27: =SUM(I25:I26) -> 2 | J27: =SUM(J25:J26) -> 3 | K27: =SUM(K25:K26) -> 0 | L27: =SUM(L25:L26) -> 0 | ... AX27: =SUM(AX25:AX26) -> 0 | AY27: =SUM(E27:AX27) -> 67
B28: 4. | C28: Jumlah Pengguna Hak Pilih (B.1+B.2+B.3) | D28: LK | E28: =SUM(E19,E22,E25) -> 86 | F28: =SUM(F19,F22,F25) -> 107 | G28: =SUM(G19,G22,G25) -> 76 | H28: =SUM(H19,H22,H25) -> 78 | I28: =SUM(I19,I22,I25) -> 97 | J28: =SUM(J19,J22,J25) -> 89 | K28: =SUM(K19,K22,K25) -> 88 | L28: =SUM(L19,L22,L25) -> 94 | ... AX28: =SUM(AX19,AX22,AX25) -> 98 | AY28: =SUM(E28:AX28) -> 4374
D29: PR | E29: =SUM(E20,E23,E26) -> 96 | F29: =SUM(F20,F23,F26) -> 98 | G29: =SUM(G20,G23,G26) -> 95 | H29: =SUM(H20,H23,H26) -> 91 | I29: =SUM(I20,I23,I26) -> 111 | J29: =SUM(J20,J23,J26) -> 110 | K29: =SUM(K20,K23,K26) -> 79 | L29: =SUM(L20,L23,L26) -> 100 | ... AX29: =SUM(AX20,AX23,AX26) -> 102 | AY29: =SUM(E29:AX29) -> 4805
D30: JML | E30: =SUM(E28:E29) -> 182 | F30: =SUM(F28:F29) -> 205 | G30: =SUM(G28:G29) -> 171 | H30: =SUM(H28:H29) -> 169 | I30: =SUM(I28:I29) -> 208 | J30: =SUM(J28:J29) -> 199 | K30: =SUM(K28:K29) -> 167 | L30: =SUM(L28:L29) -> 194 | ... AX30: =SUM(AX28:AX29) -> 200 | AY30: =SUM(E30:AX30) -> 9179
AY31: =SUM(E31:AX31) -> 0
A32: II | B32: DATA PENGGUNAAN SURAT SUARA | AY32: =SUM(E32:AX32) -> 0
A33: 1 | B33: Jumlah surat suara yang diterima, termasuk surat suara cadangan 2,5% dari DPT | E33: 240 | F33: 272 | G33: 260 | H33: 260 | I33: 287 | J33: 271 | K33: 237 | L33: 264 | M33: 239 | N33: 301 | O33: 294 | P33: 266 | Q33: 227 | R33: 226 | S33: 224 | T33: 285 | U33: 290 | V33: 280 | W33: 294 | X33: 283 | Y33: 282 | Z33: 274 | AA33: 247 | AB33: 228 | AC33: 283 | AD33: 270 | AE33: 234 | AF33: 213 | AG33: 277 | AH33: 154 | AI33: 274 | AJ33: 285 | AK33: 296 | AL33: 299 | AM33: 292 | AN33: 281 | AO33: 296 | AP33: 279 | AQ33: 290 | AR33: 265 | AS33: 290 | AT33: 262 | AU33: 287 | AV33: 278 | AW33: 275 | AX33: 284 | AY33: =SUM(E33:AX33) -> 12295
A34: 2 | B34: Jumlah surat suara yang digunakan | E34: 182 | F34: 205 | G34: 171 | H34: 169 | I34: 208 | J34: 199 | K34: 167 | L34: 194 | M34: 166 | N34: 218 | O34: 192 | P34: 210 | Q34: 180 | R34: 153 | S34: 179 | T34: 201 | U34: 224 | V34: 220 | W34: 207 | X34: 231 | Y34: 215 | Z34: 204 | AA34: 193 | AB34: 182 | AC34: 199 | AD34: 203 | AE34: 191 | AF34: 161 | AG34: 223 | AH34: 122 | AI34: 202 | AJ34: 209 | AK34: 224 | AL34: 237 | AM34: 255 | AN34: 210 | AO34: 229 | AP34: 204 | AQ34: 196 | AR34: 198 | AS34: 210 | AT34: 210 | AU34: 230 | AV34: 205 | AW34: 191 | AX34: 200 | AY34: =SUM(E34:AX34) -> 9179
A35: 3 | B35: Jumlah surat suara dikembalikan oleh pemilih (karena rusak atau keliru coblos) | E35: 2 | F35: 0 | G35: 2 | H35: 0 | I35: 0 | J35: 0 | K35: 2 | L35: 1 | M35: 2 | N35: 0 | O35: 0 | P35: 0 | Q35: 0 | R35: 0 | S35: 0 | T35: 1 | U35: 0 | V35: 0 | W35: 1 | X35: 0 | Y35: 0 | Z35: 0 | AA35: 0 | AB35: 0 | AC35: 0 | AD35: 0 | AE35: 0 | AF35: 12 | AG35: 0 | AH35: 0 | AI35: 2 | AJ35: 1 | AK35: 0 | AL35: 2 | AM35: 0 | AN35: 0 | AO35: 0 | AP35: 0 | AQ35: 0 | AR35: 0 | AS35: 0 | AT35: 0 | AU35: 2 | AV35: 0 | AW35: 0 | AY35: =SUM(E35:AX35) -> 30
A36: 4 | B36: Jumlah surat suara yang tidak digunakan/tidak terpakai, termasuk sisa surat suara cadangan | E36: =E33-(E34+E35) -> 56 | F36: =F33-(F34+F35) -> 67 | G36: =G33-(G34+G35) -> 87 | H36: =H33-(H34+H35) -> 91 | I36: =I33-(I34+I35) -> 79 | J36: =J33-(J34+J35) -> 72 | K36: =K33-(K34+K35) -> 68 | L36: =L33-(L34+L35) -> 69 | ... AX36: =AX33-(AX34+AX35) -> 84 | AY36: =SUM(E36:AX36) -> 3086
AY37: =SUM(E37:AX37) -> 0
A38: III | B38: DATA PEMILIH DISABILITAS | AY38: =SUM(E38:AX38) -> 0
B39: Jumlah seluruh Pemilih disabilitas yang menggunakan hak pilih | D39: LK | E39: 0 | F39: 0 | G39: 1 | H39: 0 | I39: 0 | J39: 0 | K39: 1 | L39: 0 | M39: 0 | N39: 0 | O39: 0 | P39: 1 | Q39: 0 | R39: 0 | S39: 0 | T39: 0 | U39: 0 | V39: 0 | W39: 0 | X39: 0 | Y39: 0 | Z39: 0 | AA39: 1 | AB39: 0 | AC39: 1 | AD39: 0 | AE39: 0 | AF39: 0 | AG39: 0 | AH39: 0 | AI39: 0 | AJ39: 0 | AK39: 0 | AL39: 0 | AM39: 0 | AN39: 0 | AO39: 0 | AP39: 0 | AQ39: 0 | AR39: 0 | AS39: 0 | AT39: 0 | AU39: 0 | AV39: 0 | AW39: 0 | AY39: =SUM(E39:AX39) -> 5
D40: PR | E40: 0 | F40: 0 | G40: 0 | H40: 1 | I40: 0 | J40: 1 | K40: 0 | L40: 0 | M40: 0 | N40: 0 | O40: 0 | P40: 0 | Q40: 0 | R40: 0 | S40: 0 | T40: 0 | U40: 0 | V40: 0 | W40: 0 | X40: 0 | Y40: 0 | Z40: 0 | AA40: 0 | AB40: 0 | AC40: 1 | AD40: 0 | AE40: 0 | AF40: 1 | AG40: 0 | AH40: 0 | AI40: 0 | AJ40: 0 | AK40: 1 | AL40: 0 | AM40: 0 | AN40: 0 | AO40: 0 | AP40: 0 | AQ40: 0 | AR40: 0 | AS40: 0 | AT40: 0 | AU40: 0 | AV40: 0 | AW40: 0 | AY40: =SUM(E40:AX40) -> 5
D41: JML | E41: =SUM(E39:E40) -> 0 | F41: =SUM(F39:F40) -> 0 | G41: =SUM(G39:G40) -> 1 | H41: =SUM(H39:H40) -> 1 | I41: =SUM(I39:I40) -> 0 | J41: =SUM(J39:J40) -> 1 | K41: =SUM(K39:K40) -> 1 | L41: =SUM(L39:L40) -> 0 | ... AX41: =SUM(AX39:AX40) -> 0 | AY41: =SUM(E41:AX41) -> 10
AY42: =SUM(E42:AX42) -> 0
A43: IV | B43: DATA RINCIAN PEROLEHAN SUARA PASANGAN CALON BUPATI DAN WAKIL BUPATI | AY43: =SUM(E43:AX43) -> 0
A44: NOMOR DAN NAMA CALON | AY44: =SUM(E44:AX44) -> 0
A45: A.1 | B45: 1. | C45: Partai Kebangkitan Bangsa | E45: 7 | F45: 4 | G45: 4 | H45: 2 | I45: 12 | J45: 2 | K45: 4 | L45: 7 | M45: 8 | N45: 11 | O45: 6 | P45: 2 | Q45: 3 | R45: 1 | S45: 2 | T45: 7 | U45: 3 | V45: 5 | W45: 3 | X45: 8 | Y45: 10 | Z45: 3 | AA45: 3 | AB45: 4 | AC45: 4 | AD45: 0 | AE45: 8 | AF45: 5 | AG45: 15 | AH45: 1 | AI45: 0 | AJ45: 15 | AK45: 22 | AL45: 6 | AM45: 16 | AN45: 11 | AO45: 15 | AP45: 12 | AQ45: 14 | AR45: 13 | AS45: 18 | AT45: 12 | AU45: 15 | AV45: 6 | AW45: 6 | AX45: 5 | AY45: =SUM(E45:AX45) -> 340
A46: A.2 | C46: 1. Dra. Hj. MA`MULAH HARUN, M.Pd.I. | E46: 12 | F46: 8 | G46: 3 | H46: 2 | I46: 6 | J46: 14 | K46: 2 | L46: 7 | M46: 4 | N46: 7 | O46: 7 | P46: 5 | Q46: 3 | R46: 2 | S46: 3 | T46: 0 | U46: 4 | V46: 14 | W46: 6 | X46: 13 | Y46: 4 | Z46: 27 | AA46: 8 | AB46: 6 | AC46: 9 | AD46: 4 | AE46: 9 | AF46: 18 | AG46: 25 | AH46: 0 | AI46: 1 | AJ46: 14 | AK46: 30 | AL46: 16 | AM46: 17 | AN46: 6 | AO46: 28 | AP46: 20 | AQ46: 18 | AR46: 26 | AS46: 27 | AT46: 28 | AU46: 39 | AV46: 9 | AW46: 11 | AX46: 7 | AY46: =SUM(E46:AX46) -> 529
C47: 2. UBAIDILLAH, S.Fil.I. | E47: 2 | F47: 6 | G47: 3 | H47: 2 | I47: 1 | J47: 1 | K47: 1 | L47: 0 | M47: 1 | N47: 1 | O47: 1 | P47: 2 | Q47: 3 | R47: 0 | S47: 1 | T47: 3 | U47: 2 | V47: 2 | W47: 1 | X47: 2 | Y47: 0 | Z47: 3 | AA47: 1 | AB47: 1 | AC47: 4 | AD47: 2 | AE47: 4 | AF47: 2 | AG47: 2 | AH47: 1 | AI47: 0 | AJ47: 1 | AK47: 1 | AL47: 4 | AM47: 6 | AN47: 2 | AO47: 10 | AP47: 2 | AQ47: 12 | AR47: 1 | AS47: 7 | AT47: 5 | AU47: 7 | AV47: 3 | AW47: 2 | AX47: 1 | AY47: =SUM(E47:AX47) -> 119
C48: 3. Ir. H. YOYOK MULYADI, M.Si. | E48: 2 | F48: 5 | G48: 0 | H48: 1 | I48: 0 | J48: 0 | K48: 1 | L48: 0 | M48: 0 | N48: 0 | O48: 1 | P48: 1 | Q48: 0 | R48: 0 | S48: 0 | T48: 0 | U48: 0 | V48: 0 | W48: 0 | X48: 1 | Y48: 0 | Z48: 0 | AA48: 0 | AB48: 0 | AC48: 2 | AD48: 0 | AE48: 0 | AF48: 0 | AG48: 1 | AH48: 0 | AI48: 0 | AJ48: 2 | AK48: 1 | AL48: 4 | AM48: 2 | AN48: 0 | AO48: 3 | AP48: 0 | AQ48: 0 | AR48: 0 | AS48: 3 | AT48: 2 | AU48: 5 | AV48: 5 | AW48: 1 | AX48: 1 | AY48: =SUM(E48:AX48) -> 44
C49: 4. KHOIRUL ANWAR, S.Fil.I. | E49: 0 | F49: 1 | G49: 0 | H49: 0 | I49: 2 | J49: 0 | K49: 1 | L49: 2 | M49: 2 | N49: 11 | O49: 5 | P49: 20 | Q49: 1 | R49: 2 | S49: 1 | T49: 0 | U49: 0 | V49: 1 | W49: 0 | X49: 0 | Y49: 0 | Z49: 1 | AA49: 0 | AB49: 1 | AC49: 0 | AD49: 0 | AE49: 0 | AF49: 2 | AG49: 3 | AH49: 0 | AI49: 0 | AJ49: 0 | AK49: 1 | AL49: 0 | AM49: 0 | AN49: 2 | AO49: 2 | AP49: 1 | AQ49: 0 | AR49: 3 | AS49: 4 | AT49: 2 | AU49: 1 | AV49: 1 | AW49: 2 | AX49: 0 | AY49: =SUM(E49:AX49) -> 75
C50: 5. ARIF WIJAKSANA | E50: 0 | F50: 1 | G50: 0 | H50: 0 | I50: 2 | J50: 0 | K50: 1 | L50: 0 | M50: 1 | N50: 0 | O50: 0 | P50: 0 | Q50: 0 | R50: 1 | S50: 0 | T50: 1 | U50: 0 | V50: 3 | W50: 2 | X50: 0 | Y50: 1 | Z50: 0 | AA50: 0 | AB50: 0 | AC50: 0 | AD50: 1 | AE50: 1 | AF50: 2 | AG50: 2 | AH50: 0 | AI50: 0 | AJ50: 1 | AK50: 0 | AL50: 0 | AM50: 0 | AN50: 1 | AO50: 6 | AP50: 1 | AQ50: 1 | AR50: 1 | AS50: 5 | AT50: 5 | AU50: 0 | AV50: 0 | AW50: 0 | AX50: 0 | AY50: =SUM(E50:AX50) -> 40
C51: 6. Dr. SITI YUMNAH | E51: 2 | F51: 0 | G51: 0 | H51: 0 | I51: 0 | J51: 0 | K51: 0 | L51: 0 | M51: 0 | N51: 1 | O51: 0 | P51: 0 | Q51: 0 | R51: 0 | S51: 0 | T51: 1 | U51: 0 | V51: 0 | W51: 1 | X51: 1 | Y51: 0 | Z51: 0 | AA51: 1 | AB51: 0 | AC51: 0 | AD51: 0 | AE51: 0 | AF51: 1 | AG51: 5 | AH51: 1 | AI51: 0 | AJ51: 1 | AK51: 2 | AL51: 0 | AM51: 2 | AN51: 0 | AO51: 1 | AP51: 0 | AQ51: 2 | AR51: 2 | AS51: 0 | AT51: 3 | AU51: 0 | AV51: 1 | AW51: 0 | AX51: 1 | AY51: =SUM(E51:AX51) -> 29
C52: 7. MOHAMMAD ZAINI, M.Pd.I. | E52: 1 | F52: 1 | G52: 0 | H52: 0 | I52: 0 | J52: 0 | K52: 0 | L52: 0 | M52: 0 | N52: 0 | O52: 0 | P52: 0 | Q52: 1 | R52: 0 | S52: 0 | T52: 1 | U52: 0 | V52: 0 | W52: 0 | X52: 1 | Y52: 2 | Z52: 0 | AA52: 0 | AB52: 1 | AC52: 1 | AD52: 0 | AE52: 1 | AF52: 2 | AG52: 2 | AH52: 0 | AI52: 1 | AJ52: 0 | AK52: 1 | AL52: 0 | AM52: 1 | AN52: 1 | AO52: 1 | AP52: 0 | AQ52: 2 | AR52: 0 | AS52: 2 | AT52: 1 | AU52: 0 | AV52: 0 | AW52: 0 | AX52: 0 | AY52: =SUM(E52:AX52) -> 24
C53: 8. FAWAIDUL MAKKIYAH | E53: 0 | F53: 0 | G53: 0 | H53: 0 | I53: 0 | J53: 0 | K53: 0 | L53: 0 | M53: 0 | N53: 0 | O53: 0 | P53: 0 | Q53: 0 | R53: 0 | S53: 0 | T53: 0 | U53: 0 | V53: 1 | W53: 0 | X53: 0 | Y53: 0 | Z53: 0 | AA53: 0 | AB53: 0 | AC53: 1 | AD53: 0 | AE53: 0 | AF53: 0 | AG53: 3 | AH53: 0 | AI53: 0 | AJ53: 0 | AK53: 0 | AL53: 1 | AM53: 0 | AN53: 0 | AO53: 0 | AP53: 0 | AQ53: 0 | AR53: 0 | AS53: 1 | AT53: 1 | AU53: 0 | AV53: 1 | AW53: 1 | AX53: 0 | AY53: =SUM(E53:AX53) -> 10
C54: 9. IFFAH HIDAYATUR ROHMAH, S.Sos. | E54: 2 | F54: 0 | G54: 0 | H54: 0 | I54: 1 | J54: 0 | K54: 0 | L54: 0 | M54: 1 | N54: 1 | O54: 0 | P54: 0 | Q54: 0 | R54: 0 | S54: 0 | T54: 0 | U54: 0 | V54: 0 | W54: 0 | X54: 1 | Y54: 0 | Z54: 1 | AA54: 1 | AB54: 0 | AC54: 0 | AD54: 1 | AE54: 1 | AF54: 0 | AG54: 0 | AH54: 0 | AI54: 0 | AJ54: 1 | AK54: 0 | AL54: 2 | AM54: 0 | AN54: 2 | AO54: 0 | AP54: 0 | AQ54: 0 | AR54: 0 | AS54: 0 | AT54: 1 | AU54: 1 | AV54: 0 | AW54: 1 | AX54: 0 | AY54: =SUM(E54:AX54) -> 18
A55: B | B55: JUMLAH SUARA SAH PARTAI POLITIK DAN CALON (A1 + A2) | E55: =SUM(E45:E54) -> 28 | F55: =SUM(F45:F54) -> 26 | G55: =SUM(G45:G54) -> 10 | H55: =SUM(H45:H54) -> 7 | I55: =SUM(I45:I54) -> 24 | J55: =SUM(J45:J54) -> 17 | K55: =SUM(K45:K54) -> 10 | L55: =SUM(L45:L54) -> 16 | ... AY55: =SUM(AY45:AY54) -> 1228
AY56: =SUM(E56:AX56) -> 0
A57: A.1 | B57: 2. | C57: Partai Gerakan Indonesia Raya | E57: 7 | F57: 5 | G57: 10 | H57: 16 | I57: 7 | J57: 5 | K57: 7 | L57: 11 | M57: 9 | N57: 14 | O57: 10 | P57: 6 | Q57: 8 | R57: 12 | S57: 3 | T57: 13 | U57: 17 | V57: 20 | W57: 7 | X57: 10 | Y57: 5 | Z57: 12 | AA57: 7 | AB57: 6 | AC57: 9 | AD57: 6 | AE57: 8 | AF57: 4 | AG57: 9 | AH57: 10 | AI57: 5 | AJ57: 12 | AK57: 19 | AL57: 18 | AM57: 8 | AN57: 10 | AO57: 14 | AP57: 9 | AQ57: 8 | AR57: 8 | AS57: 13 | AT57: 9 | AU57: 16 | AV57: 19 | AW57: 10 | AX57: 11 | AY57: =SUM(E57:AX57) -> 462
A58: A.2 | C58: 1. AHMAD HADINUDDIN, S.Pd.I. | E58: 5 | F58: 6 | G58: 6 | H58: 2 | I58: 7 | J58: 3 | K58: 9 | L58: 9 | M58: 11 | N58: 5 | O58: 4 | P58: 25 | Q58: 4 | R58: 4 | S58: 1 | T58: 1 | U58: 7 | V58: 11 | W58: 4 | X58: 5 | Y58: 8 | Z58: 5 | AA58: 3 | AB58: 2 | AC58: 4 | AD58: 5 | AE58: 7 | AF58: 8 | AG58: 10 | AH58: 35 | AI58: 28 | AJ58: 10 | AK58: 5 | AL58: 3 | AM58: 9 | AN58: 7 | AO58: 5 | AP58: 2 | AQ58: 5 | AR58: 18 | AS58: 11 | AT58: 24 | AU58: 12 | AV58: 55 | AW58: 29 | AX58: 7 | AY58: =SUM(E58:AX58) -> 446
C59: 2. BIMA RAFSANJANI RAFID | E59: 5 | F59: 6 | G59: 3 | H59: 8 | I59: 4 | J59: 10 | K59: 4 | L59: 0 | M59: 3 | N59: 9 | O59: 16 | P59: 26 | Q59: 6 | R59: 2 | S59: 2 | T59: 1 | U59: 3 | V59: 10 | W59: 7 | X59: 7 | Y59: 4 | Z59: 5 | AA59: 1 | AB59: 3 | AC59: 1 | AD59: 7 | AE59: 4 | AF59: 2 | AG59: 3 | AH59: 0 | AI59: 0 | AJ59: 12 | AK59: 2 | AL59: 18 | AM59: 4 | AN59: 2 | AO59: 0 | AP59: 1 | AQ59: 4 | AR59: 3 | AS59: 15 | AT59: 7 | AU59: 5 | AV59: 7 | AW59: 3 | AX59: 6 | AY59: =SUM(E59:AX59) -> 251
C60: 3. IRA DAMAYANTI | E60: 2 | F60: 2 | G60: 1 | H60: 1 | I60: 1 | J60: 1 | K60: 0 | L60: 1 | M60: 0 | N60: 1 | O60: 1 | P60: 0 | Q60: 1 | R60: 2 | S60: 1 | T60: 1 | U60: 1 | V60: 3 | W60: 1 | X60: 1 | Y60: 2 | Z60: 1 | AA60: 1 | AB60: 4 | AC60: 1 | AD60: 4 | AE60: 2 | AF60: 1 | AG60: 1 | AH60: 1 | AI60: 4 | AJ60: 4 | AK60: 2 | AL60: 2 | AM60: 4 | AN60: 6 | AO60: 0 | AP60: 5 | AQ60: 2 | AR60: 1 | AS60: 1 | AT60: 3 | AU60: 0 | AV60: 1 | AW60: 0 | AX60: 2 | AY60: =SUM(E60:AX60) -> 77
C61: 4. MAULANA MALIK IBRAHIM, S.H. | E61: 0 | F61: 0 | G61: 2 | H61: 3 | I61: 2 | J61: 1 | K61: 1 | L61: 1 | M61: 0 | N61: 1 | O61: 0 | P61: 5 | Q61: 6 | R61: 2 | S61: 5 | T61: 5 | U61: 3 | V61: 8 | W61: 3 | X61: 5 | Y61: 9 | Z61: 5 | AA61: 3 | AB61: 7 | AC61: 1 | AD61: 1 | AE61: 0 | AF61: 3 | AG61: 4 | AH61: 0 | AI61: 0 | AJ61: 1 | AK61: 6 | AL61: 6 | AM61: 6 | AN61: 1 | AO61: 1 | AP61: 4 | AQ61: 1 | AR61: 3 | AS61: 1 | AT61: 3 | AU61: 6 | AV61: 7 | AW61: 1 | AX61: 4 | AY61: =SUM(E61:AX61) -> 137
C62: 5. LULUK ALFIATI | E62: 1 | F62: 1 | G62: 2 | H62: 1 | I62: 0 | J62: 0 | K62: 3 | L62: 0 | M62: 0 | N62: 3 | O62: 3 | P62: 0 | Q62: 1 | R62: 2 | S62: 0 | T62: 2 | U62: 1 | V62: 0 | W62: 1 | X62: 0 | Y62: 1 | Z62: 0 | AA62: 1 | AB62: 2 | AC62: 1 | AD62: 3 | AE62: 0 | AF62: 2 | AG62: 3 | AH62: 0 | AI62: 1 | AJ62: 1 | AK62: 2 | AL62: 0 | AM62: 1 | AN62: 4 | AO62: 1 | AP62: 1 | AQ62: 0 | AR62: 1 | AS62: 1 | AT62: 0 | AU62: 0 | AV62: 3 | AW62: 0 | AX62: 0 | AY62: =SUM(E62:AX62) -> 50
C63: 6. ILHAM WAHYUDI, S.H. | E63: 0 | F63: 1 | G63: 0 | H63: 0 | I63: 1 | J63: 1 | K63: 0 | L63: 0 | M63: 0 | N63: 1 | O63: 0 | P63: 0 | Q63: 0 | R63: 0 | S63: 1 | T63: 0 | U63: 0 | V63: 2 | W63: 0 | X63: 2 | Y63: 0 | Z63: 0 | AA63: 0 | AB63: 1 | AC63: 1 | AD63: 0 | AE63: 0 | AF63: 1 | AG63: 0 | AH63: 1 | AI63: 0 | AJ63: 0 | AK63: 0 | AL63: 0 | AM63: 1 | AN63: 0 | AO63: 0 | AP63: 0 | AQ63: 1 | AR63: 1 | AS63: 0 | AT63: 0 | AU63: 1 | AV63: 2 | AW63: 0 | AX63: 0 | AY63: =SUM(E63:AX63) -> 19
C64: 7. HAERUL ANWAR, S.Pd.I. | E64: 0 | F64: 1 | G64: 0 | H64: 0 | I64: 0 | J64: 0 | K64: 0 | L64: 1 | M64: 1 | N64: 0 | O64: 0 | P64: 0 | Q64: 1 | R64: 0 | S64: 0 | T64: 0 | U64: 1 | V64: 0 | W64: 0 | X64: 0 | Y64: 1 | Z64: 0 | AA64: 1 | AB64: 0 | AC64: 2 | AD64: 0 | AE64: 1 | AF64: 1 | AG64: 0 | AH64: 0 | AI64: 0 | AJ64: 0 | AK64: 1 | AL64: 0 | AM64: 1 | AN64: 0 | AO64: 0 | AP64: 0 | AQ64: 1 | AR64: 0 | AS64: 0 | AT64: 0 | AU64: 1 | AV64: 1 | AW64: 0 | AX64: 0 | AY64: =SUM(E64:AX64) -> 16
C65: 8. YOVI ADHITYA WARDANI | E65: 0 | F65: 1 | G65: 0 | H65: 0 | I65: 0 | J65: 0 | K65: 0 | L65: 0 | M65: 0 | N65: 0 | O65: 0 | P65: 0 | Q65: 0 | R65: 0 | S65: 0 | T65: 0 | U65: 1 | V65: 0 | W65: 0 | X65: 0 | Y65: 0 | Z65: 0 | AA65: 1 | AB65: 1 | AC65: 0 | AD65: 0 | AE65: 0 | AF65: 0 | AG65: 1 | AH65: 0 | AI65: 2 | AJ65: 1 | AK65: 0 | AL65: 0 | AM65: 1 | AN65: 1 | AO65: 0 | AP65: 1 | AQ65: 0 | AR65: 0 | AS65: 0 | AT65: 0 | AU65: 0 | AV65: 0 | AW65: 1 | AX65: 0 | AY65: =SUM(E65:AX65) -> 12
C66: 9. RITA AMELIA | E66: 0 | F66: 0 | G66: 0 | H66: 0 | I66: 0 | J66: 0 | K66: 1 | L66: 0 | M66: 1 | N66: 0 | O66: 1 | P66: 1 | Q66: 0 | R66: 1 | S66: 1 | T66: 0 | U66: 1 | V66: 1 | W66: 0 | X66: 0 | Y66: 0 | Z66: 1 | AA66: 0 | AB66: 0 | AC66: 0 | AD66: 2 | AE66: 1 | AF66: 0 | AG66: 0 | AH66: 0 | AI66: 0 | AJ66: 0 | AK66: 1 | AL66: 0 | AM66: 0 | AN66: 0 | AO66: 1 | AP66: 0 | AQ66: 0 | AR66: 0 | AS66: 0 | AT66: 1 | AU66: 1 | AV66: 0 | AW66: 0 | AX66: 0 | AY66: =SUM(E66:AX66) -> 16
A67: B | B67: JUMLAH SUARA SAH PARTAI POLITIK DAN CALON (A1 + A2) | E67: =SUM(E57:E66) -> 20 | F67: =SUM(F57:F66) -> 23 | G67: =SUM(G57:G66) -> 24 | H67: =SUM(H57:H66) -> 31 | I67: =SUM(I57:I66) -> 22 | J67: =SUM(J57:J66) -> 21 | K67: =SUM(K57:K66) -> 25 | L67: =SUM(L57:L66) -> 23 | ... AY67: =SUM(AY57:AY66) -> 1486
AY68: =SUM(E68:AX68) -> 0
A69: A.1 | B69: 3. | C69: Partai Demokrasi Indonesia Perjuangan | E69: 9 | F69: 9 | G69: 8 | H69: 12 | I69: 17 | J69: 19 | K69: 5 | L69: 13 | M69: 13 | N69: 8 | O69: 9 | P69: 9 | Q69: 4 | R69: 9 | S69: 7 | T69: 5 | U69: 16 | V69: 17 | W69: 14 | X69: 15 | Y69: 19 | Z69: 12 | AA69: 7 | AB69: 9 | AC69: 22 | AD69: 14 | AE69: 9 | AF69: 3 | AG69: 2 | AH69: 6 | AI69: 21 | AJ69: 19 | AK69: 16 | AL69: 19 | AM69: 6 | AN69: 27 | AO69: 9 | AP69: 17 | AQ69: 9 | AR69: 4 | AS69: 4 | AT69: 3 | AU69: 9 | AV69: 12 | AW69: 13 | AX69: 11 | AY69: =SUM(E69:AX69) -> 520
A70: A.2 | C70: 1. MARTIN H., S.H., M.H. | E70: 4 | F70: 10 | G70: 8 | H70: 6 | I70: 26 | J70: 14 | K70: 10 | L70: 9 | M70: 10 | N70: 45 | O70: 13 | P70: 14 | Q70: 6 | R70: 3 | S70: 7 | T70: 2 | U70: 5 | V70: 7 | W70: 6 | X70: 4 | Y70: 12 | Z70: 5 | AA70: 10 | AB70: 5 | AC70: 8 | AD70: 2 | AE70: 9 | AF70: 4 | AG70: 4 | AH70: 2 | AI70: 11 | AJ70: 8 | AK70: 5 | AL70: 8 | AM70: 4 | AN70: 6 | AO70: 4 | AP70: 10 | AQ70: 12 | AR70: 2 | AS70: 3 | AT70: 2 | AU70: 14 | AV70: 4 | AW70: 5 | AX70: 8 | AY70: =SUM(E70:AX70) -> 376
C71: 2. HERMANTO, S.E. | E71: 5 | F71: 6 | G71: 1 | H71: 0 | I71: 5 | J71: 1 | K71: 7 | L71: 5 | M71: 3 | N71: 1 | O71: 5 | P71: 3 | Q71: 2 | R71: 3 | S71: 2 | T71: 4 | U71: 4 | V71: 8 | W71: 2 | X71: 9 | Y71: 9 | Z71: 7 | AA71: 4 | AB71: 5 | AC71: 6 | AD71: 7 | AE71: 2 | AF71: 1 | AG71: 1 | AH71: 3 | AI71: 0 | AJ71: 5 | AK71: 3 | AL71: 4 | AM71: 5 | AN71: 4 | AO71: 1 | AP71: 3 | AQ71: 1 | AR71: 1 | AS71: 1 | AT71: 0 | AU71: 2 | AV71: 2 | AW71: 5 | AX71: 6 | AY71: =SUM(E71:AX71) -> 164
C72: 3. EVY SUSILAWATI, S.E., M.M. | E72: 11 | F72: 6 | G72: 1 | H72: 2 | I72: 6 | J72: 2 | K72: 0 | L72: 3 | M72: 3 | N72: 1 | O72: 2 | P72: 5 | Q72: 1 | R72: 1 | S72: 3 | T72: 6 | U72: 7 | V72: 9 | W72: 4 | X72: 6 | Y72: 7 | Z72: 5 | AA72: 7 | AB72: 10 | AC72: 4 | AD72: 6 | AE72: 2 | AF72: 3 | AG72: 5 | AH72: 3 | AI72: 4 | AJ72: 5 | AK72: 5 | AL72: 3 | AM72: 11 | AN72: 10 | AO72: 4 | AP72: 5 | AQ72: 6 | AR72: 6 | AS72: 1 | AT72: 2 | AU72: 3 | AV72: 6 | AW72: 4 | AX72: 10 | AY72: =SUM(E72:AX72) -> 216
C73: 4. M. SIROTTUDIN | E73: 2 | F73: 2 | G73: 1 | H73: 1 | I73: 0 | J73: 1 | K73: 1 | L73: 0 | M73: 2 | N73: 3 | O73: 0 | P73: 3 | Q73: 2 | R73: 1 | S73: 0 | T73: 3 | U73: 3 | V73: 11 | W73: 0 | X73: 0 | Y73: 4 | Z73: 12 | AA73: 9 | AB73: 31 | AC73: 19 | AD73: 13 | AE73: 2 | AF73: 1 | AG73: 3 | AH73: 1 | AI73: 0 | AJ73: 6 | AK73: 6 | AL73: 1 | AM73: 16 | AN73: 3 | AO73: 1 | AP73: 4 | AQ73: 0 | AR73: 2 | AS73: 1 | AT73: 0 | AU73: 3 | AV73: 3 | AW73: 13 | AX73: 46 | AY73: =SUM(E73:AX73) -> 236
C74: 5. ABDUL HAFID, S.H. | E74: 4 | F74: 1 | G74: 0 | H74: 1 | I74: 1 | J74: 0 | K74: 0 | L74: 2 | M74: 0 | N74: 0 | O74: 2 | P74: 0 | Q74: 1 | R74: 0 | S74: 0 | T74: 2 | U74: 1 | V74: 2 | W74: 3 | X74: 5 | Y74: 2 | Z74: 3 | AA74: 2 | AB74: 2 | AC74: 3 | AD74: 1 | AE74: 3 | AF74: 0 | AG74: 3 | AH74: 0 | AI74: 4 | AJ74: 1 | AK74: 2 | AL74: 1 | AM74: 4 | AN74: 0 | AO74: 1 | AP74: 3 | AQ74: 1 | AR74: 0 | AS74: 1 | AT74: 0 | AU74: 1 | AV74: 0 | AW74: 4 | AX74: 0 | AY74: =SUM(E74:AX74) -> 67
C75: 6. NIKITA FORTUNA SURYANINGATI, A.Md.Keb. | E75: 1 | F75: 3 | G75: 2 | H75: 0 | I75: 0 | J75: 2 | K75: 0 | L75: 1 | M75: 1 | N75: 0 | O75: 2 | P75: 2 | Q75: 1 | R75: 1 | S75: 2 | T75: 1 | U75: 3 | V75: 1 | W75: 0 | X75: 1 | Y75: 0 | Z75: 2 | AA75: 0 | AB75: 6 | AC75: 3 | AD75: 1 | AE75: 1 | AF75: 2 | AG75: 1 | AH75: 0 | AI75: 3 | AJ75: 0 | AK75: 0 | AL75: 0 | AM75: 0 | AN75: 4 | AO75: 0 | AP75: 0 | AQ75: 0 | AR75: 2 | AS75: 1 | AT75: 0 | AU75: 0 | AV75: 2 | AW75: 0 | AX75: 0 | AY75: =SUM(E75:AX75) -> 52
C76: 7. YUDHO ILHAM WIJAYA, S.E. | E76: 2 | F76: 0 | G76: 0 | H76: 0 | I76: 0 | J76: 0 | K76: 0 | L76: 0 | M76: 1 | N76: 0 | O76: 0 | P76: 0 | Q76: 0 | R76: 1 | S76: 0 | T76: 0 | U76: 0 | V76: 0 | W76: 0 | X76: 5 | Y76: 2 | Z76: 0 | AA76: 1 | AB76: 1 | AC76: 2 | AD76: 1 | AE76: 0 | AF76: 1 | AG76: 0 | AH76: 1 | AI76: 4 | AJ76: 0 | AK76: 0 | AL76: 1 | AM76: 2 | AN76: 0 | AO76: 1 | AP76: 1 | AQ76: 0 | AR76: 0 | AS76: 0 | AT76: 0 | AU76: 0 | AV76: 2 | AW76: 1 | AX76: 0 | AY76: =SUM(E76:AX76) -> 30
C77: 8. SETIAWATI, S.H. | E77: 0 | F77: 0 | G77: 1 | H77: 0 | I77: 1 | J77: 0 | K77: 0 | L77: 1 | M77: 0 | N77: 0 | O77: 0 | P77: 0 | Q77: 0 | R77: 0 | S77: 2 | T77: 0 | U77: 0 | V77: 1 | W77: 2 | X77: 1 | Y77: 2 | Z77: 0 | AA77: 0 | AB77: 0 | AC77: 1 | AD77: 1 | AE77: 0 | AF77: 0 | AG77: 0 | AH77: 1 | AI77: 3 | AJ77: 0 | AK77: 2 | AL77: 0 | AM77: 2 | AN77: 0 | AO77: 1 | AP77: 0 | AQ77: 0 | AR77: 0 | AS77: 1 | AT77: 0 | AU77: 0 | AV77: 3 | AW77: 0 | AX77: 0 | AY77: =SUM(E77:AX77) -> 26
C78: 9. EKO BUDI SANTOSO, S.H. | E78: 2 | F78: 0 | G78: 2 | H78: 0 | I78: 1 | J78: 0 | K78: 1 | L78: 2 | M78: 0 | N78: 0 | O78: 0 | P78: 0 | Q78: 0 | R78: 0 | S78: 2 | T78: 1 | U78: 1 | V78: 0 | W78: 1 | X78: 6 | Y78: 0 | Z78: 1 | AA78: 0 | AB78: 2 | AC78: 4 | AD78: 10 | AE78: 0 | AF78: 2 | AG78: 0 | AH78: 1 | AI78: 4 | AJ78: 3 | AK78: 0 | AL78: 0 | AM78: 1 | AN78: 3 | AO78: 1 | AP78: 1 | AQ78: 2 | AR78: 2 | AS78: 0 | AT78: 2 | AU78: 0 | AV78: 1 | AW78: 3 | AX78: 1 | AY78: =SUM(E78:AX78) -> 63
A79: B | B79: JUMLAH SUARA SAH PARTAI POLITIK DAN CALON (A1 + A2) | E79: =SUM(E69:E78) -> 40 | F79: =SUM(F69:F78) -> 37 | G79: =SUM(G69:G78) -> 24 | H79: =SUM(H69:H78) -> 22 | I79: =SUM(I69:I78) -> 57 | J79: =SUM(J69:J78) -> 39 | K79: =SUM(K69:K78) -> 24 | L79: =SUM(L69:L78) -> 36 | ... AY79: =SUM(AY69:AY78) -> 1750
AY80: =SUM(E80:AX80) -> 0
A81: A.1 | B81: 4. | C81: Partai Golongan Karya | E81: 5 | F81: 1 | G81: 5 | H81: 5 | I81: 6 | J81: 2 | K81: 1 | L81: 6 | M81: 2 | N81: 1 | O81: 0 | P81: 1 | Q81: 0 | R81: 1 | S81: 0 | T81: 1 | U81: 0 | V81: 3 | W81: 6 | X81: 4 | Y81: 5 | Z81: 4 | AA81: 0 | AB81: 0 | AC81: 3 | AD81: 1 | AE81: 4 | AF81: 3 | AG81: 5 | AH81: 3 | AI81: 3 | AJ81: 2 | AK81: 6 | AL81: 6 | AM81: 1 | AN81: 1 | AO81: 0 | AP81: 1 | AQ81: 1 | AR81: 2 | AS81: 3 | AT81: 5 | AU81: 1 | AV81: 2 | AW81: 4 | AX81: 1 | AY81: =SUM(E81:AX81) -> 117
A82: A.2 | C82: 1. PRANAYA YUDHA MAHARDHIKA | E82: 2 | F82: 5 | G82: 3 | H82: 0 | I82: 3 | J82: 1 | K82: 1 | L82: 1 | M82: 1 | N82: 0 | O82: 1 | P82: 1 | Q82: 5 | R82: 1 | S82: 3 | T82: 1 | U82: 4 | V82: 2 | W82: 9 | X82: 1 | Y82: 7 | Z82: 5 | AA82: 1 | AB82: 3 | AC82: 6 | AD82: 2 | AE82: 1 | AF82: 3 | AG82: 5 | AH82: 0 | AI82: 0 | AJ82: 9 | AK82: 4 | AL82: 6 | AM82: 5 | AN82: 3 | AO82: 2 | AP82: 1 | AQ82: 2 | AR82: 2 | AS82: 1 | AT82: 1 | AU82: 1 | AV82: 3 | AW82: 4 | AX82: 6 | AY82: =SUM(E82:AX82) -> 128
C83: 2. Dra. Ec. ENDANG SULASTUTY, M.I.P. | E83: 2 | F83: 1 | G83: 0 | H83: 1 | I83: 0 | J83: 1 | K83: 0 | L83: 0 | M83: 0 | N83: 0 | O83: 0 | P83: 1 | Q83: 0 | R83: 1 | S83: 1 | T83: 0 | U83: 1 | V83: 0 | W83: 0 | X83: 1 | Y83: 3 | Z83: 0 | AA83: 0 | AB83: 1 | AC83: 0 | AD83: 0 | AE83: 1 | AF83: 0 | AG83: 1 | AH83: 0 | AI83: 1 | AJ83: 2 | AK83: 2 | AL83: 0 | AM83: 2 | AN83: 3 | AO83: 0 | AP83: 0 | AQ83: 0 | AR83: 0 | AS83: 0 | AT83: 1 | AU83: 1 | AV83: 0 | AW83: 0 | AX83: 1 | AY83: =SUM(E83:AX83) -> 29
C84: 3. AGUS REJEKI WARTONO | E84: 0 | F84: 0 | G84: 5 | H84: 1 | I84: 0 | J84: 0 | K84: 0 | L84: 1 | M84: 2 | N84: 0 | O84: 0 | P84: 0 | Q84: 0 | R84: 0 | S84: 0 | T84: 0 | U84: 0 | V84: 0 | W84: 0 | X84: 2 | Y84: 0 | Z84: 1 | AA84: 0 | AB84: 0 | AC84: 1 | AD84: 2 | AE84: 0 | AF84: 0 | AG84: 0 | AH84: 1 | AI84: 0 | AJ84: 0 | AK84: 0 | AL84: 1 | AM84: 1 | AN84: 0 | AO84: 0 | AP84: 1 | AQ84: 0 | AR84: 1 | AS84: 0 | AT84: 1 | AU84: 0 | AV84: 2 | AW84: 1 | AX84: 1 | AY84: =SUM(E84:AX84) -> 25
C85: 4. Hj. TUTUK ASMA'A ZUCHROH, S.T., M.T. | E85: 0 | F85: 1 | G85: 4 | H85: 0 | I85: 2 | J85: 0 | K85: 0 | L85: 0 | M85: 0 | N85: 1 | O85: 1 | P85: 0 | Q85: 0 | R85: 2 | S85: 2 | T85: 0 | U85: 2 | V85: 1 | W85: 0 | X85: 0 | Y85: 0 | Z85: 3 | AA85: 1 | AB85: 0 | AC85: 0 | AD85: 2 | AE85: 0 | AF85: 0 | AG85: 0 | AH85: 1 | AI85: 0 | AJ85: 1 | AK85: 0 | AL85: 2 | AM85: 1 | AN85: 1 | AO85: 0 | AP85: 1 | AQ85: 0 | AR85: 0 | AS85: 0 | AT85: 3 | AU85: 0 | AV85: 1 | AW85: 0 | AX85: 1 | AY85: =SUM(E85:AX85) -> 34
C86: 5. ADE M. RIZKI, S.E. | E86: 6 | F86: 7 | G86: 0 | H86: 0 | I86: 0 | J86: 1 | K86: 0 | L86: 0 | M86: 2 | N86: 0 | O86: 0 | P86: 0 | Q86: 2 | R86: 0 | S86: 0 | T86: 0 | U86: 0 | V86: 0 | W86: 0 | X86: 0 | Y86: 0 | Z86: 2 | AA86: 0 | AB86: 0 | AC86: 0 | AD86: 2 | AE86: 2 | AF86: 0 | AG86: 6 | AH86: 0 | AI86: 0 | AJ86: 1 | AK86: 1 | AL86: 1 | AM86: 2 | AN86: 0 | AO86: 0 | AP86: 0 | AQ86: 0 | AR86: 0 | AS86: 2 | AT86: 1 | AU86: 0 | AV86: 0 | AW86: 0 | AX86: 0 | AY86: =SUM(E86:AX86) -> 38
C87: 6. ABDURAKHMAN, Bc.Kn. | E87: 2 | F87: 0 | G87: 0 | H87: 0 | I87: 0 | J87: 0 | K87: 0 | L87: 1 | M87: 0 | N87: 0 | O87: 0 | P87: 0 | Q87: 0 | R87: 0 | S87: 0 | T87: 1 | U87: 0 | V87: 0 | W87: 0 | X87: 0 | Y87: 1 | Z87: 0 | AA87: 0 | AB87: 0 | AC87: 0 | AD87: 0 | AE87: 0 | AF87: 0 | AG87: 0 | AH87: 0 | AI87: 0 | AJ87: 0 | AK87: 0 | AL87: 1 | AM87: 0 | AN87: 0 | AO87: 0 | AP87: 0 | AQ87: 1 | AR87: 0 | AS87: 0 | AT87: 1 | AU87: 0 | AV87: 0 | AW87: 0 | AX87: 0 | AY87: =SUM(E87:AX87) -> 8
C88: 7. CENDY RHIYAN ADI PUTRI | E88: 0 | F88: 0 | G88: 2 | H88: 0 | I88: 0 | J88: 0 | K88: 0 | L88: 0 | M88: 0 | N88: 0 | O88: 1 | P88: 0 | Q88: 0 | R88: 0 | S88: 0 | T88: 0 | U88: 0 | V88: 0 | W88: 0 | X88: 0 | Y88: 1 | Z88: 0 | AA88: 0 | AB88: 0 | AC88: 0 | AD88: 0 | AE88: 0 | AF88: 1 | AG88: 0 | AH88: 0 | AI88: 1 | AJ88: 0 | AK88: 0 | AL88: 0 | AM88: 1 | AN88: 0 | AO88: 0 | AP88: 0 | AQ88: 0 | AR88: 0 | AS88: 0 | AT88: 0 | AU88: 0 | AV88: 0 | AW88: 0 | AX88: 0 | AY88: =SUM(E88:AX88) -> 7
C89: 8. BAKTI WIJAYANTO, S.E. | E89: 0 | F89: 0 | G89: 0 | H89: 0 | I89: 0 | J89: 0 | K89: 0 | L89: 0 | M89: 0 | N89: 0 | O89: 0 | P89: 0 | Q89: 0 | R89: 0 | S89: 1 | T89: 0 | U89: 0 | V89: 0 | W89: 0 | X89: 0 | Y89: 0 | Z89: 1 | AA89: 0 | AB89: 0 | AC89: 0 | AD89: 0 | AE89: 0 | AF89: 0 | AG89: 0 | AH89: 0 | AI89: 0 | AJ89: 0 | AK89: 1 | AL89: 0 | AM89: 0 | AN89: 0 | AO89: 0 | AP89: 0 | AQ89: 0 | AR89: 0 | AS89: 0 | AT89: 0 | AU89: 0 | AV89: 0 | AW89: 0 | AX89: 0 | AY89: =SUM(E89:AX89) -> 3
C90: 9. AHMAD UBAIDILLAH | E90: 0 | F90: 0 | G90: 0 | H90: 0 | I90: 0 | J90: 0 | K90: 0 | L90: 0 | M90: 0 | N90: 0 | O90: 0 | P90: 0 | Q90: 0 | R90: 1 | S90: 0 | T90: 0 | U90: 0 | V90: 0 | W90: 0 | X90: 0 | Y90: 0 | Z90: 0 | AA90: 0 | AB90: 0 | AC90: 1 | AD90: 2 | AE90: 3 | AF90: 1 | AG90: 0 | AH90: 1 | AI90: 2 | AJ90: 0 | AK90: 1 | AL90: 1 | AM90: 0 | AN90: 0 | AO90: 0 | AP90: 0 | AQ90: 0 | AR90: 0 | AS90: 0 | AT90: 0 | AU90: 0 | AV90: 0 | AW90: 1 | AX90: 0 | AY90: =SUM(E90:AX90) -> 14
A91: B | B91: JUMLAH SUARA SAH PARTAI POLITIK DAN CALON (A1 + A2) | E91: =SUM(E81:E90) -> 17 | F91: =SUM(F81:F90) -> 15 | G91: =SUM(G81:G90) -> 19 | H91: =SUM(H81:H90) -> 7 | I91: =SUM(I81:I90) -> 11 | J91: =SUM(J81:J90) -> 5 | K91: =SUM(K81:K90) -> 2 | L91: =SUM(L81:L90) -> 9 | ... AY91: =SUM(AY81:AY90) -> 403
AY92: =SUM(E92:AX92) -> 0
A93: A.1 | B93: 5. | C93: Partai NasDem | E93: 1 | F93: 1 | G93: 0 | H93: 1 | I93: 0 | J93: 1 | K93: 0 | L93: 0 | M93: 0 | N93: 0 | O93: 0 | P93: 0 | Q93: 2 | R93: 0 | S93: 0 | T93: 2 | U93: 0 | V93: 1 | W93: 1 | X93: 0 | Y93: 1 | Z93: 1 | AA93: 0 | AB93: 0 | AC93: 0 | AD93: 0 | AE93: 2 | AF93: 0 | AG93: 1 | AH93: 0 | AI93: 1 | AJ93: 2 | AK93: 1 | AL93: 1 | AM93: 1 | AN93: 2 | AO93: 12 | AP93: 12 | AQ93: 9 | AR93: 4 | AS93: 15 | AT93: 13 | AU93: 5 | AV93: 1 | AW93: 0 | AX93: 1 | AY93: =SUM(E93:AX93) -> 95
A94: A.2 | C94: 1. ALI MUSTOFA, A.Md. | E94: 4 | F94: 3 | G94: 0 | H94: 0 | I94: 0 | J94: 3 | K94: 1 | L94: 0 | M94: 1 | N94: 0 | O94: 0 | P94: 0 | Q94: 10 | R94: 2 | S94: 0 | T94: 2 | U94: 1 | V94: 2 | W94: 5 | X94: 1 | Y94: 4 | Z94: 3 | AA94: 0 | AB94: 1 | AC94: 0 | AD94: 2 | AE94: 0 | AF94: 6 | AG94: 2 | AH94: 0 | AI94: 0 | AJ94: 4 | AK94: 2 | AL94: 3 | AM94: 4 | AN94: 0 | AO94: 6 | AP94: 16 | AQ94: 6 | AR94: 8 | AS94: 11 | AT94: 5 | AU94: 17 | AV94: 1 | AW94: 3 | AX94: 2 | AY94: =SUM(E94:AX94) -> 141
C95: 2. Hj. BUAMI, S.H. | E95: 0 | F95: 0 | G95: 0 | H95: 0 | I95: 0 | J95: 0 | K95: 1 | L95: 1 | M95: 0 | N95: 0 | O95: 0 | P95: 0 | Q95: 0 | R95: 0 | S95: 0 | T95: 1 | U95: 0 | V95: 0 | W95: 0 | X95: 0 | Y95: 1 | Z95: 0 | AA95: 0 | AB95: 0 | AC95: 0 | AD95: 0 | AE95: 0 | AF95: 0 | AG95: 0 | AH95: 0 | AI95: 0 | AJ95: 0 | AK95: 0 | AL95: 0 | AM95: 0 | AN95: 0 | AO95: 1 | AP95: 0 | AQ95: 1 | AR95: 0 | AS95: 1 | AT95: 0 | AU95: 0 | AV95: 0 | AW95: 0 | AX95: 0 | AY95: =SUM(E95:AX95) -> 7
C96: 3. SUGIONO, S.H. | E96: 0 | F96: 0 | G96: 0 | H96: 0 | I96: 1 | J96: 0 | K96: 0 | L96: 0 | M96: 0 | N96: 0 | O96: 0 | P96: 0 | Q96: 0 | R96: 0 | S96: 0 | T96: 0 | U96: 0 | V96: 0 | W96: 0 | X96: 0 | Y96: 0 | Z96: 0 | AA96: 0 | AB96: 0 | AC96: 0 | AD96: 0 | AE96: 0 | AF96: 0 | AG96: 0 | AH96: 0 | AI96: 1 | AJ96: 0 | AK96: 0 | AL96: 1 | AM96: 0 | AN96: 0 | AO96: 2 | AP96: 0 | AQ96: 1 | AR96: 1 | AS96: 0 | AT96: 0 | AU96: 1 | AV96: 0 | AW96: 0 | AX96: 0 | AY96: =SUM(E96:AX96) -> 8
C97: 4. LULUK SUNARMIATININGSIH | E97: 0 | F97: 0 | G97: 0 | H97: 0 | I97: 1 | J97: 0 | K97: 0 | L97: 1 | M97: 0 | N97: 0 | O97: 0 | P97: 0 | Q97: 0 | R97: 0 | S97: 0 | T97: 0 | U97: 0 | V97: 1 | W97: 0 | X97: 0 | Y97: 0 | Z97: 0 | AA97: 0 | AB97: 0 | AC97: 0 | AD97: 0 | AE97: 0 | AF97: 0 | AG97: 0 | AH97: 0 | AI97: 0 | AJ97: 1 | AK97: 0 | AL97: 1 | AM97: 1 | AN97: 0 | AO97: 1 | AP97: 0 | AQ97: 1 | AR97: 2 | AS97: 1 | AT97: 1 | AU97: 0 | AV97: 0 | AW97: 0 | AX97: 0 | AY97: =SUM(E97:AX97) -> 12
C98: 5. ANTON DJULIANTO ADI | E98: 1 | F98: 0 | G98: 0 | H98: 0 | I98: 0 | J98: 0 | K98: 0 | L98: 0 | M98: 0 | N98: 0 | O98: 0 | P98: 0 | Q98: 1 | R98: 0 | S98: 0 | T98: 0 | U98: 1 | V98: 0 | W98: 1 | X98: 0 | Y98: 0 | Z98: 0 | AA98: 0 | AB98: 0 | AC98: 0 | AD98: 0 | AE98: 0 | AF98: 0 | AG98: 0 | AH98: 0 | AI98: 0 | AJ98: 0 | AK98: 0 | AL98: 0 | AM98: 0 | AN98: 0 | AO98: 0 | AP98: 2 | AQ98: 0 | AR98: 0 | AS98: 0 | AT98: 2 | AU98: 1 | AV98: 0 | AW98: 0 | AX98: 0 | AY98: =SUM(E98:AX98) -> 9
C99: 6. MOKHAMAD ROFI'I KHUSNAN | E99: 0 | F99: 0 | G99: 0 | H99: 0 | I99: 0 | J99: 0 | K99: 0 | L99: 0 | M99: 0 | N99: 0 | O99: 0 | P99: 0 | Q99: 0 | R99: 0 | S99: 0 | T99: 0 | U99: 0 | V99: 0 | W99: 0 | X99: 0 | Y99: 1 | Z99: 0 | AA99: 0 | AB99: 0 | AC99: 0 | AD99: 0 | AE99: 0 | AF99: 0 | AG99: 0 | AH99: 0 | AI99: 0 | AJ99: 0 | AK99: 1 | AL99: 0 | AM99: 1 | AN99: 0 | AO99: 0 | AP99: 0 | AQ99: 0 | AR99: 0 | AS99: 0 | AT99: 0 | AU99: 0 | AV99: 0 | AW99: 0 | AX99: 0 | AY99: =SUM(E99:AX99) -> 3
C100: 7. Rr SETYO WATI | E100: 0 | F100: 0 | G100: 0 | H100: 0 | I100: 0 | J100: 0 | K100: 0 | L100: 0 | M100: 0 | N100: 0 | O100: 0 | P100: 0 | Q100: 0 | R100: 0 | S100: 0 | T100: 0 | U100: 0 | V100: 0 | W100: 0 | X100: 0 | Y100: 0 | Z100: 0 | AA100: 0 | AB100: 0 | AC100: 0 | AD100: 0 | AE100: 0 | AF100: 0 | AG100: 0 | AH100: 0 | AI100: 0 | AJ100: 0 | AK100: 0 | AL100: 0 | AM100: 0 | AN100: 0 | AO100: 0 | AP100: 0 | AQ100: 0 | AR100: 1 | AS100: 0 | AT100: 0 | AU100: 0 | AV100: 0 | AW100: 0 | AX100: 0 | AY100: =SUM(E100:AX100) -> 1
C101: 8. ABD. KADIR ASSEGAFF | E101: 0 | F101: 0 | G101: 0 | H101: 0 | I101: 0 | J101: 0 | K101: 0 | L101: 0 | M101: 0 | N101: 0 | O101: 0 | P101: 0 | Q101: 0 | R101: 0 | S101: 0 | T101: 0 | U101: 0 | V101: 0 | W101: 0 | X101: 0 | Y101: 0 | Z101: 0 | AA101: 0 | AB101: 0 | AC101: 0 | AD101: 0 | AE101: 0 | AF101: 0 | AG101: 0 | AH101: 0 | AI101: 0 | AJ101: 0 | AK101: 0 | AL101: 0 | AM101: 0 | AN101: 0 | AO101: 0 | AP101: 1 | AQ101: 2 | AR101: 0 | AS101: 1 | AT101: 0 | AU101: 0 | AV101: 0 | AW101: 0 | AX101: 0 | AY101: =SUM(E101:AX101) -> 4
C102: 9. FATHOR ZAINULLAH | E102: 0 | F102: 0 | G102: 0 | H102: 0 | I102: 0 | J102: 0 | K102: 0 | L102: 0 | M102: 0 | N102: 0 | O102: 0 | P102: 0 | Q102: 0 | R102: 0 | S102: 0 | T102: 0 | U102: 0 | V102: 0 | W102: 0 | X102: 0 | Y102: 0 | Z102: 0 | AA102: 0 | AB102: 0 | AC102: 0 | AD102: 0 | AE102: 0 | AF102: 0 | AG102: 0 | AH102: 0 | AI102: 0 | AJ102: 1 | AK102: 0 | AL102: 0 | AM102: 0 | AN102: 0 | AO102: 0 | AP102: 0 | AQ102: 0 | AR102: 0 | AS102: 0 | AT102: 0 | AU102: 1 | AV102: 0 | AW102: 0 | AX102: 0 | AY102: =SUM(E102:AX102) -> 2
A103: B | B103: JUMLAH SUARA SAH PARTAI POLITIK DAN CALON (A1 + A2) | E103: =SUM(E93:E102) -> 6 | F103: =SUM(F93:F102) -> 4 | G103: =SUM(G93:G102) -> 0 | H103: =SUM(H93:H102) -> 1 | I103: =SUM(I93:I102) -> 2 | J103: =SUM(J93:J102) -> 4 | K103: =SUM(K93:K102) -> 2 | L103: =SUM(L93:L102) -> 2 | ... AY103: =SUM(AY93:AY102) -> 282
AY104: =SUM(E104:AX104) -> 0
A105: A.1 | B105: 6. | C105: Partai Buruh | E105: 0 | F105: 1 | G105: 0 | H105: 0 | I105: 0 | J105: 2 | K105: 4 | L105: 1 | M105: 0 | N105: 1 | O105: 0 | P105: 0 | Q105: 1 | R105: 0 | S105: 0 | T105: 1 | U105: 0 | V105: 0 | W105: 1 | X105: 0 | Y105: 0 | Z105: 0 | AA105: 0 | AB105: 0 | AC105: 0 | AD105: 3 | AE105: 0 | AF105: 0 | AG105: 3 | AH105: 1 | AI105: 1 | AJ105: 1 | AK105: 0 | AL105: 2 | AM105: 0 | AN105: 3 | AO105: 1 | AP105: 0 | AQ105: 1 | AR105: 0 | AS105: 0 | AT105: 2 | AU105: 0 | AV105: 3 | AW105: 0 | AY105: =SUM(E105:AX105) -> 33
A106: A.2 | C106: 1. AGUS SUPRIYADI | E106: 0 | F106: 1 | G106: 0 | H106: 1 | I106: 0 | J106: 0 | K106: 1 | L106: 0 | M106: 1 | N106: 0 | O106: 0 | P106: 0 | Q106: 0 | R106: 0 | S106: 0 | T106: 0 | U106: 0 | V106: 0 | W106: 0 | X106: 0 | Y106: 0 | Z106: 1 | AA106: 1 | AB106: 0 | AC106: 0 | AD106: 0 | AE106: 0 | AF106: 0 | AG106: 0 | AH106: 0 | AI106: 0 | AJ106: 0 | AK106: 0 | AL106: 1 | AM106: 0 | AN106: 1 | AO106: 0 | AP106: 0 | AQ106: 0 | AR106: 2 | AS106: 0 | AT106: 0 | AU106: 0 | AV106: 0 | AW106: 1 | AY106: =SUM(E106:AX106) -> 11
C107: 2. ENI HARIATI | E107: 1 | F107: 1 | G107: 0 | H107: 0 | I107: 0 | J107: 0 | K107: 0 | L107: 0 | M107: 0 | N107: 0 | O107: 0 | P107: 1 | Q107: 0 | R107: 0 | S107: 0 | T107: 0 | U107: 1 | V107: 0 | W107: 1 | X107: 0 | Y107: 0 | Z107: 0 | AA107: 0 | AB107: 0 | AC107: 0 | AD107: 0 | AE107: 0 | AF107: 0 | AG107: 0 | AH107: 0 | AI107: 0 | AJ107: 0 | AK107: 0 | AL107: 0 | AM107: 1 | AN107: 2 | AO107: 0 | AP107: 1 | AQ107: 0 | AR107: 1 | AS107: 0 | AT107: 0 | AU107: 0 | AV107: 0 | AW107: 1 | AY107: =SUM(E107:AX107) -> 11
...

Sheet JAJAG
C2: Kecamatan | D2: GAMBIRAN
C3: Kabupaten | D3: BANYUWANGI
C4: Provinsi | D4: JAWA TIMUR
C9: Kelurahan | D9: JAJAG
A12: I | B12: DATA PEMILIH DAN PENGGUNAAN HAK PILIH | BA12: JUMLAH AKHIR
A13: A | B13: DATA PEMILIH | E13: TPS 001 | F13: TPS 002 | G13: TPS 003 | H13: TPS 004 | I13: TPS 005 | J13: TPS 006 | K13: TPS 007 | L13: TPS 008 | M13: TPS 009 | N13: TPS 010 | O13: TPS 011 | P13: TPS 012 | Q13: TPS 013 | R13: TPS 014 | S13: TPS 015 | T13: TPS 016 | U13: TPS 017 | V13: TPS 018 | W13: TPS 019 | X13: TPS 020 | Y13: TPS 021 | Z13: TPS 022 | AA13: TPS 023 | AB13: TPS 024 | AC13: TPS 025 | AD13: TPS 026 | AE13: TPS 027 | AF13: TPS 028 | AG13: TPS 029 | AH13: TPS 030 | AI13: TPS 031 | AJ13: TPS 032 | AK13: TPS 033 | AL13: TPS 034 | AM13: TPS 035 | AN13: TPS 036 | AO13: TPS 037 | AP13: TPS 038 | AQ13: TPS 039 | AR13: TPS 040 | AS13: TPS 041 | AT13: TPS 042 | AU13: TPS 043 | AV13: TPS 044 | AW13: TPS 045 | AX13: TPS 046 | AY13: TPS 047 | AZ13: TPS 048
B14: Jumlah Pemilih dalam Daftar Pemilih Tetap (DPT) | D14: LK | E14: 136 | F14: 136 | G14: 104 | H14: 123 | I14: 142 | J14: 128 | K14: 118 | L14: 116 | M14: 106 | N14: 127 | O14: 131 | P14: 111 | Q14: 96 | R14: 146 | S14: 136 | T14: 148 | U14: 99 | V14: 145 | W14: 152 | X14: 139 | Y14: 143 | Z14: 77 | AA14: 149 | AB14: 131 | AC14: 128 | AD14: 129 | AE14: 117 | AF14: 141 | AG14: 136 | AH14: 146 | AI14: 70 | AJ14: 141 | AK14: 134 | AL14: 142 | AM14: 125 | AN14: 132 | AO14: 133 | AP14: 141 | AQ14: 125 | AR14: 129 | AS14: 114 | AT14: 131 | AU14: 138 | AV14: 134 | AW14: 143 | AX14: 121 | AY14: 111 | AZ14: 88 | BA14: =SUM(E14:AZ14) -> 6088
D15: PR | E15: 155 | F15: 158 | G15: 104 | H15: 155 | I15: 146 | J15: 149 | K15: 126 | L15: 128 | M15: 119 | N15: 134 | O15: 131 | P15: 123 | Q15: 114 | R15: 141 | S15: 158 | T15: 149 | U15: 113 | V15: 145 | W15: 147 | X15: 140 | Y15: 132 | Z15: 79 | AA15: 144 | AB15: 129 | AC15: 142 | AD15: 159 | AE15: 128 | AF15: 137 | AG15: 133 | AH15: 136 | AI15: 76 | AJ15: 143 | AK15: 135 | AL15: 145 | AM15: 117 | AN15: 141 | AO15: 140 | AP15: 152 | AQ15: 108 | AR15: 125 | AS15: 116 | AT15: 159 | AU15: 134 | AV15: 149 | AW15: 154 | AX15: 117 | AY15: 123 | AZ15: 99 | BA15: =SUM(E15:AZ15) -> 6387
D16: JML | E16: =SUM(E14:E15) -> 291 | F16: =SUM(F14:F15) -> 294 | G16: =SUM(G14:G15) -> 208 | H16: =SUM(H14:H15) -> 278 | I16: =SUM(I14:I15) -> 288 | J16: =SUM(J14:J15) -> 277 | K16: =SUM(K14:K15) -> 244 | L16: =SUM(L14:L15) -> 244 | ... AZ16: =SUM(AZ14:AZ15) -> 187 | BA16: =SUM(E16:AZ16) -> 12475
A18: B | B18: PENGGUNA HAK PILIH
B19: 1. | C19: Jumlah pengguna hak pilih dalam Daftar Pemilih Tetap (DPT) | D19: LK | E19: 98 | F19: 109 | G19: 87 | H19: 90 | I19: 105 | J19: 101 | K19: 86 | L19: 89 | M19: 76 | N19: 85 | O19: 98 | P19: 89 | Q19: 79 | R19: 115 | S19: 106 | T19: 113 | U19: 73 | V19: 97 | W19: 109 | X19: 106 | Y19: 103 | Z19: 58 | AA19: 110 | AB19: 98 | AC19: 92 | AD19: 88 | AE19: 97 | AF19: 109 | AG19: 103 | AH19: 100 | AI19: 43 | AJ19: 104 | AK19: 93 | AL19: 93 | AM19: 88 | AN19: 103 | AO19: 92 | AP19: 99 | AQ19: 81 | AR19: 93 | AS19: 79 | AT19: 104 | AU19: 104 | AV19: 107 | AW19: 107 | AX19: 99 | AY19: 77 | AZ19: 67 | BA19: =SUM(E19:AZ19) -> 4502
D20: PR | E20: 115 | F20: 122 | G20: 86 | H20: 120 | I20: 115 | J20: 118 | K20: 107 | L20: 98 | M20: 92 | N20: 104 | O20: 100 | P20: 97 | Q20: 94 | R20: 108 | S20: 113 | T20: 119 | U20: 87 | V20: 108 | W20: 119 | X20: 127 | Y20: 109 | Z20: 68 | AA20: 113 | AB20: 105 | AC20: 104 | AD20: 119 | AE20: 103 | AF20: 109 | AG20: 95 | AH20: 102 | AI20: 57 | AJ20: 115 | AK20: 105 | AL20: 103 | AM20: 99 | AN20: 96 | AO20: 98 | AP20: 111 | AQ20: 82 | AR20: 97 | AS20: 92 | AT20: 139 | AU20: 96 | AV20: 123 | AW20: 105 | AX20: 93 | AY20: 96 | AZ20: 77 | BA20: =SUM(E20:AZ20) -> 4960
D21: JML | E21: =SUM(E19:E20) -> 213 | F21: =SUM(F19:F20) -> 231 | G21: =SUM(G19:G20) -> 173 | H21: =SUM(H19:H20) -> 210 | I21: =SUM(I19:I20) -> 220 | J21: =SUM(J19:J20) -> 219 | K21: =SUM(K19:K20) -> 193 | L21: =SUM(L19:L20) -> 187 | ... AZ21: =SUM(AZ19:AZ20) -> 144 | BA21: =SUM(E21:AZ21) -> 9462
B22: 2. | C22: Jumlah pengguna hak pilih dalam Daftar Pemilih Tambahan (DPTb) | D22: LK | E22: 0 | F22: 7 | G22: 3 | H22: 0 | I22: 0 | J22: 0 | K22: 1 | L22: 0 | M22: 0 | N22: 0 | O22: 0 | P22: 0 | Q22: 0 | R22: 1 | S22: 0 | T22: 0 | U22: 0 | V22: 0 | W22: 0 | X22: 0 | Y22: 0 | Z22: 0 | AA22: 0 | AB22: 0 | AC22: 0 | AD22: 0 | AE22: 1 | AF22: 0 | AG22: 0 | AH22: 0 | AZ22: 1 | BA22: =SUM(E22:AZ22) -> 14
D23: PR | E23: 0 | F23: 7 | G23: 1 | H23: 0 | I23: 0 | J23: 0 | K23: 0 | L23: 0 | M23: 0 | N23: 0 | O23: 0 | P23: 0 | Q23: 0 | R23: 0 | S23: 0 | T23: 0 | U23: 0 | V23: 0 | W23: 0 | X23: 0 | Y23: 0 | Z23: 0 | AA23: 0 | AB23: 0 | AC23: 0 | AD23: 0 | AE23: 1 | AF23: 0 | AG23: 0 | AH23: 0 | BA23: =SUM(E23:AZ23) -> 9
D24: JML | E24: =SUM(E22:E23) -> 0 | F24: =SUM(F22:F23) -> 14 | G24: =SUM(G22:G23) -> 4 | H24: =SUM(H22:H23) -> 0 | I24: =SUM(I22:I23) -> 0 | J24: =SUM(J22:J23) -> 0 | K24: =SUM(K22:K23) -> 1 | L24: =SUM(L22:L23) -> 0 | ... AZ24: =SUM(AZ22:AZ23) -> 1 | BA24: =SUM(E24:AZ24) -> 23
B25: 3. | C25: Jumlah pengguna hak pilih dalam Daftar Pemilih Khusus (DPK) | D25: LK | E25: 0 | F25: 1 | G25: 0 | H25: 0 | I25: 1 | J25: 4 | K25: 1 | L25: 3 | M25: 1 | N25: 0 | O25: 10 | P25: 0 | Q25: 2 | R25: 6 | S25: 2 | T25: 1 | U25: 0 | V25: 3 | W25: 1 | X25: 0 | Y25: 0 | Z25: 0 | AA25: 1 | AB25: 0 | AC25: 4 | AD25: 4 | AE25: 0 | AF25: 1 | AG25: 4 | AH25: 0 | AI25: 0 | AJ25: 0 | AK25: 2 | AL25: 0 | AM25: 0 | AN25: 0 | AO25: 3 | AP25: 1 | AQ25: 1 | AR25: 2 | AS25: 1 | AT25: 4 | AU25: 0 | AV25: 3 | AW25: 0 | AX25: 0 | AY25: 0 | AZ25: 0 | BA25: =SUM(E25:AZ25) -> 67
D26: PR | E26: 1 | F26: 3 | G26: 0 | H26: 0 | I26: 2 | J26: 3 | K26: 1 | L26: 2 | M26: 2 | N26: 2 | O26: 6 | P26: 0 | Q26: 0 | R26: 3 | S26: 1 | T26: 0 | U26: 0 | V26: 1 | W26: 0 | X26: 0 | Y26: 0 | Z26: 0 | AA26: 0 | AB26: 0 | AC26: 6 | AD26: 4 | AE26: 0 | AF26: 1 | AG26: 2 | AH26: 1 | AI26: 1 | AJ26: 0 | AK26: 1 | AL26: 0 | AM26: 1 | AN26: 0 | AO26: 3 | AP26: 3 | AQ26: 2 | AR26: 2 | AS26: 6 | AT26: 3 | AU26: 0 | AV26: 4 | AW26: 2 | AX26: 2 | AY26: 3 | AZ26: 0 | BA26: =SUM(E26:AZ26) -> 74
D27: JML | E27: =SUM(E25:E26) -> 1 | F27: =SUM(F25:F26) -> 4 | G27: =SUM(G25:G26) -> 0 | H27: =SUM(H25:H26) -> 0 | I27: =SUM(I25:I26) -> 3 | J27: =SUM(J25:J26) -> 7 | K27: =SUM(K25:K26) -> 2 | L27: =SUM(L25:L26) -> 5 | ... AZ27: =SUM(AZ25:AZ26) -> 0 | BA27: =SUM(E27:AZ27) -> 141
B28: 4. | C28: Jumlah Pengguna Hak Pilih (B.1+B.2+B.3) | D28: LK | E28: =SUM(E19,E22,E25) -> 98 | F28: =SUM(F19,F22,F25) -> 117 | G28: =SUM(G19,G22,G25) -> 90 | H28: =SUM(H19,H22,H25) -> 90 | I28: =SUM(I19,I22,I25) -> 106 | J28: =SUM(J19,J22,J25) -> 105 | K28: =SUM(K19,K22,K25) -> 88 | L28: =SUM(L19,L22,L25) -> 92 | ... AZ28: =SUM(AZ19,AZ22,AZ25) -> 68 | BA28: =SUM(E28:AZ28) -> 4583
D29: PR | E29: =SUM(E20,E23,E26) -> 116 | F29: =SUM(F20,F23,F26) -> 132 | G29: =SUM(G20,G23,G26) -> 87 | H29: =SUM(H20,H23,H26) -> 120 | I29: =SUM(I20,I23,I26) -> 117 | J29: =SUM(J20,J23,J26) -> 121 | K29: =SUM(K20,K23,K26) -> 108 | L29: =SUM(L20,L23,L26) -> 100 | ... AZ29: =SUM(AZ20,AZ23,AZ26) -> 77 | BA29: =SUM(E29:AZ29) -> 5043
D30: JML | E30: =SUM(E28:E29) -> 214 | F30: =SUM(F28:F29) -> 249 | G30: =SUM(G28:G29) -> 177 | H30: =SUM(H28:H29) -> 210 | I30: =SUM(I28:I29) -> 223 | J30: =SUM(J28:J29) -> 226 | K30: =SUM(K28:K29) -> 196 | L30: =SUM(L28:L29) -> 192 | ... AZ30: =SUM(AZ28:AZ29) -> 145 | BA30: =SUM(E30:AZ30) -> 9626
A32: II | B32: DATA PENGGUNAAN SURAT SUARA
A33: 1 | B33: Jumlah surat suara yang diterima, termasuk surat suara cadangan 2,5% dari DPT | E33: 297 | F33: 300 | G33: 213 | H33: 284 | I33: 294 | J33: 279 | K33: 249 | L33: 249 | M33: 240 | N33: 267 | O33: 268 | P33: 239 | Q33: 215 | R33: 293 | S33: 300 | T33: 303 | U33: 214 | V33: 296 | W33: 305 | X33: 286 | Y33: 281 | Z33: 160 | AA33: 300 | AB33: 266 | AC33: 276 | AD33: 294 | AE33: 250 | AF33: 284 | AG33: 276 | AH33: 288 | AI33: 149 | AJ33: 290 | AK33: 275 | AL33: 293 | AM33: 247 | AN33: 279 | AO33: 279 | AP33: 299 | AQ33: 238 | AR33: 260 | AS33: 235 | AT33: 296 | AU33: 277 | AV33: 289 | AW33: 303 | AX33: 243 | AY33: 239 | AZ33: 191 | BA33: =SUM(E33:AZ33) -> 12748
A34: 2 | B34: Jumlah surat suara yang digunakan | E34: 214 | F34: 249 | G34: 177 | H34: 210 | I34: 223 | J34: 226 | K34: 196 | L34: 192 | M34: 171 | N34: 191 | O34: 214 | P34: 186 | Q34: 175 | R34: 233 | S34: 222 | T34: 233 | U34: 160 | V34: 209 | W34: 229 | X34: 233 | Y34: 212 | Z34: 126 | AA34: 224 | AB34: 203 | AC34: 206 | AD34: 215 | AE34: 202 | AF34: 220 | AG34: 204 | AH34: 203 | AI34: 101 | AJ34: 219 | AK34: 201 | AL34: 196 | AM34: 188 | AN34: 199 | AO34: 196 | AP34: 214 | AQ34: 166 | AR34: 194 | AS34: 178 | AT34: 250 | AU34: 200 | AV34: 237 | AW34: 214 | AX34: 194 | AY34: 176 | AZ34: 145 | BA34: =SUM(E34:AZ34) -> 9626
A35: 3 | B35: Jumlah surat suara dikembalikan oleh pemilih (karena rusak atau keliru coblos) | E35: 0 | F35: 0 | G35: 0 | H35: 0 | I35: 0 | J35: 0 | K35: 1 | L35: 0 | M35: 0 | N35: 0 | O35: 0 | P35: 0 | Q35: 0 | R35: 0 | S35: 0 | T35: 0 | U35: 1 | V35: 0 | W35: 0 | X35: 0 | Y35: 0 | Z35: 0 | AA35: 0 | AB35: 1 | AC35: 2 | AD35: 0 | AE35: 1 | AF35: 0 | AG35: 1 | AH35: 1 | AI35: 0 | AJ35: 0 | AK35: 1 | AL35: 0 | AM35: 0 | AN35: 0 | AO35: 0 | AP35: 0 | AQ35: 2 | AR35: 0 | AS35: 0 | AT35: 0 | AU35: 0 | AV35: 0 | AW35: 1 | AX35: 0 | AY35: 0 | AZ35: 0 | BA35: =SUM(E35:AZ35) -> 12
A36: 4 | B36: Jumlah surat suara yang tidak digunakan/tidak terpakai, termasuk sisa surat suara cadangan | E36: =E33-(E34+E35) -> 83 | F36: =F33-(F34+F35) -> 51 | G36: =G33-(G34+G35) -> 36 | H36: =H33-(H34+H35) -> 74 | I36: =I33-(I34+I35) -> 71 | J36: =J33-(J34+J35) -> 53 | K36: =K33-(K34+K35) -> 52 | L36: =L33-(L34+L35) -> 57 | ... AZ36: =AZ33-(AZ34+AZ35) -> 46 | BA36: =SUM(E36:AZ36) -> 3110
A38: III | B38: DATA PEMILIH DISABILITAS
B39: Jumlah seluruh Pemilih disabilitas yang menggunakan hak pilih | D39: LK | E39: 0 | F39: 0 | G39: 0 | H39: 0 | I39: 1 | J39: 1 | K39: 0 | L39: 0 | M39: 0 | N39: 0 | O39: 0 | P39: 1 | Q39: 0 | R39: 0 | S39: 0 | T39: 0 | U39: 1 | V39: 0 | W39: 0 | X39: 2 | Y39: 0 | Z39: 1 | AA39: 0 | AB39: 0 | AC39: 0 | AD39: 0 | AE39: 0 | AF39: 0 | AG39: 0 | AH39: 0 | AI39: 0 | AJ39: 0 | AK39: 0 | AL39: 0 | AM39: 0 | AN39: 0 | AO39: 0 | AP39: 1 | AQ39: 0 | AR39: 1 | AS39: 1 | AT39: 0 | AU39: 0 | AV39: 0 | AW39: 0 | BA39: =SUM(E39:AZ39) -> 10
D40: PR | E40: 0 | F40: 0 | G40: 0 | H40: 0 | I40: 0 | J40: 0 | K40: 1 | L40: 0 | M40: 0 | N40: 0 | O40: 0 | P40: 0 | Q40: 0 | R40: 1 | S40: 0 | T40: 0 | U40: 1 | V40: 0 | W40: 0 | X40: 1 | Y40: 0 | Z40: 3 | AA40: 0 | AB40: 0 | AC40: 0 | AD40: 0 | AE40: 0 | AF40: 0 | AG40: 0 | AH40: 0 | AI40: 0 | AJ40: 0 | AK40: 0 | AL40: 0 | AM40: 0 | AN40: 0 | AO40: 2 | AP40: 1 | AQ40: 0 | AR40: 0 | AS40: 0 | AT40: 0 | AU40: 0 | AV40: 0 | AW40: 0 | AZ40: 1 | BA40: =SUM(E40:AZ40) -> 11
D41: JML | E41: =SUM(E39:E40) -> 0 | F41: =SUM(F39:F40) -> 0 | G41: =SUM(G39:G40) -> 0 | H41: =SUM(H39:H40) -> 0 | I41: =SUM(I39:I40) -> 1 | J41: =SUM(J39:J40) -> 1 | K41: =SUM(K39:K40) -> 1 | L41: =SUM(L39:L40) -> 0 | ... AZ41: =SUM(AZ39:AZ40) -> 1 | BA41: =SUM(E41:AZ41) -> 21
A43: IV | B43: DATA RINCIAN PEROLEHAN SUARA PASANGAN CALON BUPATI DAN WAKIL BUPATI
A44: NOMOR DAN NAMA CALON
A45: A.1 | B45: 1. | C45: Partai Kebangkitan Bangsa | E45: 2 | F45: 3 | G45: 2 | H45: 2 | I45: 5 | J45: 4 | K45: 2 | L45: 5 | M45: 3 | N45: 4 | O45: 2 | P45: 3 | Q45: 1 | R45: 8 | S45: 11 | T45: 10 | U45: 0 | V45: 3 | W45: 7 | X45: 3 | Y45: 3 | Z45: 3 | AA45: 7 | AB45: 4 | AC45: 7 | AD45: 9 | AE45: 0 | AF45: 1 | AG45: 7 | AH45: 3 | AI45: 1 | AJ45: 4 | AK45: 5 | AL45: 4 | AM45: 1 | AN45: 5 | AO45: 5 | AP45: 8 | AQ45: 4 | AR45: 3 | AS45: 3 | AT45: 4 | AU45: 6 | AV45: 3 | AW45: 5 | AX45: 6 | AY45: 4 | AZ45: 3 | BA45: =SUM(E45:AZ45) -> 198
A46: A.2 | C46: 1. Dra. Hj. MA`MULAH HARUN, M.Pd.I. | E46: 3 | F46: 10 | G46: 9 | H46: 8 | I46: 8 | J46: 4 | K46: 6 | L46: 20 | M46: 4 | N46: 7 | O46: 2 | P46: 1 | Q46: 5 | R46: 9 | S46: 13 | T46: 17 | U46: 3 | V46: 7 | W46: 2 | X46: 1 | Y46: 7 | Z46: 6 | AA46: 7 | AB46: 5 | AC46: 6 | AD46: 8 | AE46: 4 | AF46: 5 | AG46: 19 | AH46: 15 | AI46: 2 | AJ46: 2 | AK46: 1 | AL46: 1 | AM46: 3 | AN46: 4 | AO46: 2 | AP46: 4 | AQ46: 6 | AR46: 2 | AS46: 4 | AT46: 5 | AU46: 7 | AV46: 5 | AW46: 12 | AX46: 5 | AY46: 3 | AZ46: 1 | BA46: =SUM(E46:AZ46) -> 290
C47: 2. UBAIDILLAH, S.Fil.I. | E47: 0 | F47: 1 | G47: 1 | H47: 1 | I47: 0 | J47: 2 | K47: 1 | L47: 3 | M47: 1 | N47: 1 | O47: 0 | P47: 0 | Q47: 0 | R47: 1 | S47: 1 | T47: 1 | U47: 6 | V47: 0 | W47: 0 | X47: 0 | Y47: 0 | Z47: 1 | AA47: 3 | AB47: 1 | AC47: 2 | AD47: 10 | AE47: 2 | AF47: 1 | AG47: 3 | AH47: 1 | AI47: 3 | AJ47: 3 | AK47: 1 | AL47: 16 | AM47: 1 | AN47: 7 | AO47: 1 | AP47: 1 | AQ47: 1 | AR47: 8 | AS47: 0 | AT47: 0 | AU47: 2 | AV47: 1 | AW47: 0 | AX47: 0 | AY47: 4 | AZ47: 1 | BA47: =SUM(E47:AZ47) -> 94
C48: 3. Ir. H. YOYOK MULYADI, M.Si. | E48: 0 | F48: 2 | G48: 0 | H48: 1 | I48: 0 | J48: 0 | K48: 0 | L48: 0 | M48: 0 | N48: 2 | O48: 0 | P48: 0 | Q48: 1 | R48: 1 | S48: 0 | T48: 1 | U48: 1 | V48: 0 | W48: 0 | X48: 0 | Y48: 0 | Z48: 0 | AA48: 1 | AB48: 2 | AC48: 0 | AD48: 0 | AE48: 1 | AF48: 1 | AG48: 1 | AH48: 0 | AI48: 0 | AJ48: 0 | AK48: 0 | AL48: 0 | AM48: 1 | AN48: 2 | AO48: 0 | AP48: 2 | AQ48: 1 | AR48: 0 | AS48: 1 | AT48: 1 | AU48: 0 | AV48: 0 | AW48: 1 | AX48: 0 | AY48: 0 | AZ48: 0 | BA48: =SUM(E48:AZ48) -> 24
C49: 4. KHOIRUL ANWAR, S.Fil.I. | E49: 0 | F49: 2 | G49: 0 | H49: 0 | I49: 1 | J49: 1 | K49: 0 | L49: 2 | M49: 0 | N49: 1 | O49: 0 | P49: 0 | Q49: 0 | R49: 2 | S49: 0 | T49: 1 | U49: 0 | V49: 0 | W49: 2 | X49: 0 | Y49: 1 | Z49: 1 | AA49: 0 | AB49: 2 | AC49: 0 | AD49: 1 | AE49: 0 | AF49: 2 | AG49: 0 | AH49: 0 | AI49: 0 | AJ49: 0 | AK49: 0 | AL49: 0 | AM49: 3 | AN49: 1 | AO49: 1 | AP49: 3 | AQ49: 1 | AR49: 1 | AS49: 0 | AT49: 2 | AU49: 0 | AV49: 0 | AW49: 0 | AX49: 0 | AY49: 1 | AZ49: 0 | BA49: =SUM(E49:AZ49) -> 32
C50: 5. ARIF WIJAKSANA | E50: 1 | F50: 3 | G50: 0 | H50: 0 | I50: 0 | J50: 0 | K50: 0 | L50: 0 | M50: 0 | N50: 0 | O50: 2 | P50: 0 | Q50: 0 | R50: 0 | S50: 1 | T50: 0 | U50: 1 | V50: 5 | W50: 21 | X50: 4 | Y50: 1 | Z50: 0 | AA50: 1 | AB50: 7 | AC50: 1 | AD50: 1 | AE50: 0 | AF50: 2 | AG50: 1 | AH50: 1 | AI50: 0 | AJ50: 4 | AK50: 1 | AL50: 0 | AM50: 1 | AN50: 2 | AO50: 3 | AP50: 2 | AQ50: 0 | AR50: 3 | AS50: 0 | AT50: 2 | AU50: 1 | AV50: 0 | AW50: 1 | AX50: 1 | AY50: 0 | AZ50: 1 | BA50: =SUM(E50:AZ50) -> 75
C51: 6. Dr. SITI YUMNAH | E51: 1 | F51: 2 | G51: 0 | H51: 0 | I51: 0 | J51: 1 | K51: 1 | L51: 1 | M51: 1 | N51: 0 | O51: 0 | P51: 0 | Q51: 0 | R51: 1 | S51: 0 | T51: 1 | U51: 0 | V51: 1 | W51: 1 | X51: 0 | Y51: 0 | Z51: 1 | AA51: 1 | AB51: 0 | AC51: 2 | AD51: 0 | AE51: 0 | AF51: 1 | AG51: 1 | AH51: 1 | AI51: 1 | AJ51: 0 | AK51: 0 | AL51: 1 | AM51: 1 | AN51: 0 | AO51: 0 | AP51: 0 | AQ51: 0 | AR51: 0 | AS51: 0 | AT51: 0 | AU51: 1 | AV51: 0 | AW51: 1 | AX51: 2 | AY51: 1 | AZ51: 0 | BA51: =SUM(E51:AZ51) -> 26
C52: 7. MOHAMMAD ZAINI, M.Pd.I. | E52: 0 | F52: 0 | G52: 0 | H52: 0 | I52: 0 | J52: 0 | K52: 0 | L52: 0 | M52: 0 | N52: 2 | O52: 0 | P52: 0 | Q52: 0 | R52: 1 | S52: 0 | T52: 2 | U52: 0 | V52: 0 | W52: 0 | X52: 0 | Y52: 0 | Z52: 0 | AA52: 1 | AB52: 1 | AC52: 0 | AD52: 1 | AE52: 1 | AF52: 1 | AG52: 0 | AH52: 1 | AI52: 0 | AJ52: 0 | AK52: 0 | AL52: 0 | AM52: 1 | AN52: 0 | AO52: 0 | AP52: 1 | AQ52: 0 | AR52: 0 | AS52: 0 | AT52: 0 | AU52: 0 | AV52: 0 | AW52: 0 | AX52: 0 | AY52: 0 | AZ52: 0 | BA52: =SUM(E52:AZ52) -> 13
C53: 8. FAWAIDUL MAKKIYAH | E53: 0 | F53: 0 | G53: 0 | H53: 0 | I53: 0 | J53: 0 | K53: 0 | L53: 0 | M53: 0 | N53: 1 | O53: 0 | P53: 0 | Q53: 0 | R53: 1 | S53: 2 | T53: 1 | U53: 0 | V53: 0 | W53: 0 | X53: 0 | Y53: 0 | Z53: 0 | AA53: 0 | AB53: 0 | AC53: 0 | AD53: 0 | AE53: 0 | AF53: 0 | AG53: 0 | AH53: 0 | AI53: 0 | AJ53: 0 | AK53: 0 | AL53: 0 | AM53: 0 | AN53: 0 | AO53: 0 | AP53: 1 | AQ53: 0 | AR53: 1 | AS53: 0 | AT53: 0 | AU53: 0 | AV53: 0 | AW53: 0 | AX53: 1 | AY53: 0 | AZ53: 0 | BA53: =SUM(E53:AZ53) -> 8
C54: 9. IFFAH HIDAYATUR ROHMAH, S.Sos. | E54: 0 | F54: 0 | G54: 0 | H54: 0 | I54: 0 | J54: 0 | K54: 0 | L54: 0 | M54: 0 | N54: 1 | O54: 1 | P54: 0 | Q54: 0 | R54: 0 | S54: 1 | T54: 1 | U54: 0 | V54: 1 | W54: 0 | X54: 0 | Y54: 0 | Z54: 0 | AA54: 0 | AB54: 0 | AC54: 0 | AD54: 0 | AE54: 0 | AF54: 0 | AG54: 0 | AH54: 1 | AI54: 0 | AJ54: 0 | AK54: 0 | AL54: 0 | AM54: 0 | AN54: 1 | AO54: 0 | AP54: 1 | AQ54: 0 | AR54: 1 | AS54: 0 | AT54: 0 | AU54: 3 | AV54: 0 | AW54: 0 | AX54: 0 | AY54: 0 | AZ54: 0 | BA54: =SUM(E54:AZ54) -> 12
A55: B | B55: JUMLAH SUARA SAH PARTAI POLITIK DAN CALON (A1 + A2) | E55: =SUM(E45:E54) -> 7 | F55: =SUM(F45:F54) -> 23 | G55: =SUM(G45:G54) -> 12 | H55: =SUM(H45:H54) -> 12 | I55: =SUM(I45:I54) -> 14 | J55: =SUM(J45:J54) -> 12 | K55: =SUM(K45:K54) -> 10 | L55: =SUM(L45:L54) -> 31 | ... BA55: =SUM(BA45:BA54) -> 772
A57: A.1 | B57: 2. | C57: Partai Gerakan Indonesia Raya | E57: 6 | F57: 17 | G57: 6 | H57: 3 | I57: 10 | J57: 5 | K57: 8 | L57: 5 | M57: 4 | N57: 11 | O57: 5 | P57: 6 | Q57: 13 | R57: 7 | S57: 11 | T57: 6 | U57: 3 | V57: 6 | W57: 5 | X57: 7 | Y57: 4 | Z57: 3 | AA57: 3 | AB57: 6 | AC57: 5 | AD57: 19 | AE57: 6 | AF57: 2 | AG57: 13 | AH57: 20 | AI57: 7 | AJ57: 8 | AK57: 7 | AL57: 3 | AM57: 8 | AN57: 10 | AO57: 6 | AP57: 9 | AQ57: 7 | AR57: 4 | AS57: 7 | AT57: 22 | AU57: 10 | AV57: 11 | AW57: 9 | AX57: 15 | AY57: 17 | AZ57: 8 | BA57: =SUM(E57:AZ57) -> 393
A58: A.2 | C58: 1. AHMAD HADINUDDIN, S.Pd.I. | E58: 16 | F58: 6 | G58: 7 | H58: 8 | I58: 8 | J58: 4 | K58: 12 | L58: 8 | M58: 9 | N58: 24 | O58: 8 | P58: 16 | Q58: 12 | R58: 12 | S58: 6 | T58: 9 | U58: 2 | V58: 8 | W58: 6 | X58: 7 | Y58: 2 | Z58: 3 | AA58: 1 | AB58: 1 | AC58: 7 | AD58: 7 | AE58: 20 | AF58: 8 | AG58: 30 | AH58: 16 | AI58: 4 | AJ58: 6 | AK58: 4 | AL58: 4 | AM58: 12 | AN58: 15 | AO58: 11 | AP58: 8 | AQ58: 12 | AR58: 16 | AS58: 15 | AT58: 18 | AU58: 5 | AV58: 7 | AW58: 14 | AX58: 12 | AY58: 14 | AZ58: 6 | BA58: =SUM(E58:AZ58) -> 466
C59: 2. BIMA RAFSANJANI RAFID | E59: 1 | F59: 1 | G59: 5 | H59: 3 | I59: 3 | J59: 9 | K59: 9 | L59: 4 | M59: 3 | N59: 3 | O59: 1 | P59: 4 | Q59: 2 | R59: 53 | S59: 19 | T59: 7 | U59: 1 | V59: 8 | W59: 2 | X59: 1 | Y59: 3 | Z59: 2 | AA59: 1 | AB59: 0 | AC59: 5 | AD59: 8 | AE59: 2 | AF59: 3 | AG59: 5 | AH59: 5 | AI59: 2 | AJ59: 3 | AK59: 5 | AL59: 7 | AM59: 5 | AN59: 6 | AO59: 4 | AP59: 1 | AQ59: 2 | AR59: 3 | AS59: 5 | AT59: 42 | AU59: 1 | AV59: 8 | AW59: 5 | AX59: 19 | AY59: 9 | AZ59: 16 | BA59: =SUM(E59:AZ59) -> 316
C60: 3. IRA DAMAYANTI | E60: 1 | F60: 0 | G60: 0 | H60: 0 | I60: 1 | J60: 0 | K60: 1 | L60: 1 | M60: 0 | N60: 1 | O60: 0 | P60: 2 | Q60: 0 | R60: 1 | S60: 4 | T60: 2 | U60: 0 | V60: 4 | W60: 0 | X60: 1 | Y60: 1 | Z60: 1 | AA60: 0 | AB60: 1 | AC60: 1 | AD60: 2 | AE60: 2 | AF60: 2 | AG60: 2 | AH60: 4 | AI60: 0 | AJ60: 1 | AK60: 2 | AL60: 0 | AM60: 0 | AN60: 2 | AO60: 0 | AP60: 0 | AQ60: 1 | AR60: 2 | AS60: 1 | AT60: 3 | AU60: 2 | AV60: 2 | AW60: 1 | AX60: 2 | AY60: 1 | AZ60: 1 | BA60: =SUM(E60:AZ60) -> 56
C61: 4. MAULANA MALIK IBRAHIM, S.H. | E61: 11 | F61: 31 | G61: 10 | H61: 6 | I61: 4 | J61: 0 | K61: 3 | L61: 2 | M61: 0 | N61: 1 | O61: 25 | P61: 3 | Q61: 6 | R61: 2 | S61: 0 | T61: 1 | U61: 0 | V61: 2 | W61: 4 | X61: 1 | Y61: 0 | Z61: 2 | AA61: 0 | AB61: 2 | AC61: 3 | AD61: 2 | AE61: 1 | AF61: 2 | AG61: 0 | AH61: 1 | AI61: 6 | AJ61: 0 | AK61: 4 | AL61: 1 | AM61: 2 | AN61: 4 | AO61: 2 | AP61: 2 | AQ61: 1 | AR61: 0 | AS61: 2 | AT61: 2 | AU61: 3 | AV61: 4 | AW61: 1 | AX61: 1 | AY61: 2 | AZ61: 3 | BA61: =SUM(E61:AZ61) -> 165
C62: 5. LULUK ALFIATI | E62: 3 | F62: 0 | G62: 1 | H62: 0 | I62: 1 | J62: 0 | K62: 0 | L62: 0 | M62: 1 | N62: 0 | O62: 0 | P62: 0 | Q62: 0 | R62: 0 | S62: 1 | T62: 2 | U62: 1 | V62: 1 | W62: 0 | X62: 1 | Y62: 0 | Z62: 1 | AA62: 0 | AB62: 0 | AC62: 0 | AD62: 1 | AE62: 0 | AF62: 1 | AG62: 1 | AH62: 2 | AI62: 0 | AJ62: 0 | AK62: 1 | AL62: 0 | AM62: 0 | AN62: 0 | AO62: 1 | AP62: 2 | AQ62: 1 | AR62: 0 | AS62: 2 | AT62: 2 | AU62: 1 | AV62: 0 | AW62: 0 | AX62: 1 | AY62: 0 | AZ62: 0 | BA62: =SUM(E62:AZ62) -> 29
C63: 6. ILHAM WAHYUDI, S.H. | E63: 0 | F63: 1 | G63: 1 | H63: 0 | I63: 0 | J63: 1 | K63: 0 | L63: 1 | M63: 0 | N63: 0 | O63: 0 | P63: 1 | Q63: 0 | R63: 0 | S63: 0 | T63: 2 | U63: 0 | V63: 0 | W63: 1 | X63: 0 | Y63: 0 | Z63: 0 | AA63: 0 | AB63: 0 | AC63: 1 | AD63: 1 | AE63: 1 | AF63: 0 | AG63: 0 | AH63: 0 | AI63: 0 | AJ63: 0 | AK63: 0 | AL63: 2 | AM63: 0 | AN63: 0 | AO63: 1 | AP63: 3 | AQ63: 0 | AR63: 0 | AS63: 1 | AT63: 1 | AU63: 1 | AV63: 0 | AW63: 0 | AX63: 1 | AY63: 1 | AZ63: 0 | BA63: =SUM(E63:AZ63) -> 22
C64: 7. HAERUL ANWAR, S.Pd.I. | E64: 0 | F64: 1 | G64: 0 | H64: 0 | I64: 0 | J64: 0 | K64: 2 | L64: 0 | M64: 0 | N64: 0 | O64: 0 | P64: 0 | Q64: 1 | R64: 0 | S64: 0 | T64: 0 | U64: 0 | V64: 0 | W64: 0 | X64: 0 | Y64: 0 | Z64: 0 | AA64: 0 | AB64: 0 | AC64: 1 | AD64: 0 | AE64: 0 | AF64: 0 | AG64: 0 | AH64: 0 | AI64: 0 | AJ64: 0 | AK64: 0 | AL64: 1 | AM64: 1 | AN64: 0 | AO64: 0 | AP64: 0 | AQ64: 0 | AR64: 0 | AS64: 0 | AT64: 0 | AU64: 0 | AV64: 0 | AW64: 0 | AX64: 0 | AY64: 0 | AZ64: 0 | BA64: =SUM(E64:AZ64) -> 7
C65: 8. YOVI ADHITYA WARDANI | E65: 0 | F65: 0 | G65: 1 | H65: 0 | I65: 0 | J65: 0 | K65: 0 | L65: 0 | M65: 0 | N65: 0 | O65: 0 | P65: 0 | Q65: 0 | R65: 0 | S65: 0 | T65: 0 | U65: 0 | V65: 0 | W65: 0 | X65: 0 | Y65: 0 | Z65: 0 | AA65: 0 | AB65: 0 | AC65: 1 | AD65: 0 | AE65: 0 | AF65: 0 | AG65: 0 | AH65: 0 | AI65: 0 | AJ65: 0 | AK65: 0 | AL65: 0 | AM65: 0 | AN65: 0 | AO65: 1 | AP65: 1 | AQ65: 0 | AR65: 0 | AS65: 1 | AT65: 1 | AU65: 0 | AV65: 2 | AW65: 0 | AX65: 1 | AY65: 0 | AZ65: 0 | BA65: =SUM(E65:AZ65) -> 9
C66: 9. RITA AMELIA | E66: 0 | F66: 1 | G66: 0 | H66: 0 | I66: 1 | J66: 0 | K66: 0 | L66: 0 | M66: 0 | N66: 1 | O66: 0 | P66: 1 | Q66: 0 | R66: 0 | S66: 0 | T66: 0 | U66: 1 | V66: 0 | W66: 0 | X66: 0 | Y66: 0 | Z66: 0 | AA66: 0 | AB66: 3 | AC66: 0 | AD66: 1 | AE66: 1 | AF66: 0 | AG66: 1 | AH66: 1 | AI66: 0 | AJ66: 1 | AK66: 0 | AL66: 0 | AM66: 1 | AN66: 1 | AO66: 0 | AP66: 0 | AQ66: 0 | AR66: 0 | AS66: 0 | AT66: 1 | AU66: 4 | AV66: 1 | AW66: 1 | AX66: 0 | AY66: 0 | AZ66: 0 | BA66: =SUM(E66:AZ66) -> 22
A67: B | B67: JUMLAH SUARA SAH PARTAI POLITIK DAN CALON (A1 + A2) | E67: =SUM(E57:E66) -> 38 | F67: =SUM(F57:F66) -> 58 | G67: =SUM(G57:G66) -> 31 | H67: =SUM(H57:H66) -> 20 | I67: =SUM(I57:I66) -> 28 | J67: =SUM(J57:J66) -> 19 | K67: =SUM(K57:K66) -> 35 | L67: =SUM(L57:L66) -> 21 | ... BA67: =SUM(BA57:BA66) -> 1485
A69: A.1 | B69: 3. | C69: Partai Demokrasi Indonesia Perjuangan | E69: 3 | F69: 14 | G69: 15 | H69: 28 | I69: 19 | J69: 19 | K69: 11 | L69: 9 | M69: 17 | N69: 8 | O69: 18 | P69: 8 | Q69: 7 | R69: 20 | S69: 23 | T69: 21 | U69: 17 | V69: 16 | W69: 6 | X69: 1 | Y69: 8 | Z69: 12 | AA69: 12 | AB69: 4 | AC69: 27 | AD69: 22 | AE69: 12 | AF69: 8 | AG69: 9 | AH69: 16 | AI69: 11 | AJ69: 23 | AK69: 23 | AL69: 13 | AM69: 18 | AN69: 22 | AO69: 8 | AP69: 21 | AQ69: 19 | AR69: 22 | AS69: 11 | AT69: 18 | AU69: 21 | AV69: 34 | AW69: 20 | AX69: 18 | AY69: 15 | AZ69: 16 | BA69: =SUM(E69:AZ69) -> 743
A70: A.2 | C70: 1. MARTIN H., S.H., M.H. | E70: 9 | F70: 17 | G70: 20 | H70: 33 | I70: 8 | J70: 3 | K70: 9 | L70: 11 | M70: 15 | N70: 9 | O70: 5 | P70: 4 | Q70: 11 | R70: 18 | S70: 11 | T70: 21 | U70: 3 | V70: 8 | W70: 1 | X70: 0 | Y70: 4 | Z70: 4 | AA70: 5 | AB70: 1 | AC70: 11 | AD70: 7 | AE70: 11 | AF70: 4 | AG70: 4 | AH70: 18 | AI70: 9 | AJ70: 23 | AK70: 7 | AL70: 18 | AM70: 3 | AN70: 8 | AO70: 8 | AP70: 19 | AQ70: 5 | AR70: 10 | AS70: 4 | AT70: 9 | AU70: 15 | AV70: 30 | AW70: 23 | AX70: 11 | AY70: 10 | AZ70: 4 | BA70: =SUM(E70:AZ70) -> 501
C71: 2. HERMANTO, S.E. | E71: 6 | F71: 12 | G71: 4 | H71: 7 | I71: 8 | J71: 7 | K71: 6 | L71: 3 | M71: 8 | N71: 3 | O71: 4 | P71: 0 | Q71: 35 | R71: 10 | S71: 5 | T71: 6 | U71: 11 | V71: 10 | W71: 0 | X71: 1 | Y71: 9 | Z71: 3 | AA71: 3 | AB71: 3 | AC71: 7 | AD71: 14 | AE71: 7 | AF71: 6 | AG71: 2 | AH71: 4 | AI71: 2 | AJ71: 31 | AK71: 46 | AL71: 10 | AM71: 5 | AN71: 9 | AO71: 12 | AP71: 12 | AQ71: 9 | AR71: 9 | AS71: 5 | AT71: 8 | AU71: 7 | AV71: 6 | AW71: 12 | AX71: 3 | AY71: 2 | AZ71: 3 | BA71: =SUM(E71:AZ71) -> 395
C72: 3. EVY SUSILAWATI, S.E., M.M. | E72: 1 | F72: 3 | G72: 2 | H72: 5 | I72: 7 | J72: 3 | K72: 1 | L72: 1 | M72: 4 | N72: 5 | O72: 0 | P72: 1 | Q72: 0 | R72: 0 | S72: 2 | T72: 4 | U72: 3 | V72: 11 | W72: 3 | X72: 2 | Y72: 0 | Z72: 3 | AA72: 3 | AB72: 1 | AC72: 5 | AD72: 7 | AE72: 3 | AF72: 4 | AG72: 1 | AH72: 6 | AI72: 2 | AJ72: 4 | AK72: 2 | AL72: 1 | AM72: 3 | AN72: 6 | AO72: 6 | AP72: 4 | AQ72: 2 | AR72: 10 | AS72: 1 | AT72: 5 | AU72: 2 | AV72: 10 | AW72: 3 | AX72: 0 | AY72: 3 | AZ72: 1 | BA72: =SUM(E72:AZ72) -> 156
C73: 4. M. SIROTTUDIN | E73: 3 | F73: 1 | G73: 2 | H73: 1 | I73: 0 | J73: 9 | K73: 1 | L73: 0 | M73: 1 | N73: 2 | O73: 0 | P73: 1 | Q73: 2 | R73: 3 | S73: 1 | T73: 1 | U73: 1 | V73: 2 | W73: 3 | X73: 1 | Y73: 1 | Z73: 0 | AA73: 2 | AB73: 0 | AC73: 2 | AD73: 3 | AE73: 1 | AF73: 4 | AG73: 1 | AH73: 2 | AI73: 2 | AJ73: 6 | AK73: 4 | AL73: 0 | AM73: 4 | AN73: 6 | AO73: 5 | AP73: 3 | AQ73: 3 | AR73: 3 | AS73: 6 | AT73: 4 | AU73: 2 | AV73: 2 | AW73: 1 | AX73: 2 | AY73: 3 | AZ73: 2 | BA73: =SUM(E73:AZ73) -> 109
C74: 5. ABDUL HAFID, S.H. | E74: 2 | F74: 3 | G74: 2 | H74: 0 | I74: 1 | J74: 1 | K74: 0 | L74: 0 | M74: 0 | N74: 1 | O74: 0 | P74: 2 | Q74: 0 | R74: 1 | S74: 1 | T74: 1 | U74: 0 | V74: 1 | W74: 0 | X74: 0 | Y74: 1 | Z74: 0 | AA74: 0 | AB74: 1 | AC74: 2 | AD74: 2 | AE74: 1 | AF74: 2 | AG74: 1 | AH74: 0 | AI74: 0 | AJ74: 1 | AK74: 0 | AL74: 2 | AM74: 3 | AN74: 0 | AO74: 1 | AP74: 2 | AQ74: 1 | AR74: 2 | AS74: 1 | AT74: 2 | AU74: 5 | AV74: 3 | AW74: 1 | AX74: 1 | AY74: 0 | AZ74: 0 | BA74: =SUM(E74:AZ74) -> 51
C75: 6. NIKITA FORTUNA SURYANINGATI, A.Md.Keb. | E75: 0 | F75: 1 | G75: 0 | H75: 1 | I75: 1 | J75: 1 | K75: 2 | L75: 4 | M75: 1 | N75: 1 | O75: 3 | P75: 0 | Q75: 0 | R75: 2 | S75: 4 | T75: 0 | U75: 2 | V75: 1 | W75: 1 | X75: 0 | Y75: 0 | Z75: 1 | AA75: 0 | AB75: 0 | AC75: 1 | AD75: 2 | AE75: 0 | AF75: 0 | AG75: 0 | AH75: 1 | AI75: 1 | AJ75: 0 | AK75: 0 | AL75: 2 | AM75: 2 | AN75: 0 | AO75: 2 | AP75: 1 | AQ75: 4 | AR75: 3 | AS75: 4 | AT75: 2 | AU75: 3 | AV75: 0 | AW75: 0 | AX75: 0 | AY75: 3 | AZ75: 1 | BA75: =SUM(E75:AZ75) -> 58
C76: 7. YUDHO ILHAM WIJAYA, S.E. | E76: 0 | F76: 1 | G76: 0 | H76: 0 | I76: 1 | J76: 1 | K76: 0 | L76: 0 | M76: 2 | N76: 0 | O76: 0 | P76: 1 | Q76: 0 | R76: 0 | S76: 1 | T76: 0 | U76: 0 | V76: 1 | W76: 0 | X76: 0 | Y76: 0 | Z76: 0 | AA76: 0 | AB76: 0 | AC76: 2 | AD76: 0 | AE76: 0 | AF76: 0 | AG76: 0 | AH76: 1 | AI76: 0 | AJ76: 0 | AK76: 0 | AL76: 2 | AM76: 1 | AN76: 3 | AO76: 0 | AP76: 1 | AQ76: 0 | AR76: 0 | AS76: 0 | AT76: 1 | AU76: 0 | AV76: 1 | AW76: 0 | AX76: 2 | AY76: 0 | AZ76: 0 | BA76: =SUM(E76:AZ76) -> 22
C77: 8. SETIAWATI, S.H. | E77: 1 | F77: 0 | G77: 1 | H77: 2 | I77: 1 | J77: 0 | K77: 0 | L77: 0 | M77: 1 | N77: 0 | O77: 2 | P77: 1 | Q77: 0 | R77: 2 | S77: 2 | T77: 1 | U77: 1 | V77: 2 | W77: 0 | X77: 1 | Y77: 0 | Z77: 1 | AA77: 0 | AB77: 0 | AC77: 0 | AD77: 1 | AE77: 3 | AF77: 0 | AG77: 0 | AH77: 1 | AI77: 1 | AJ77: 1 | AK77: 0 | AL77: 0 | AM77: 1 | AN77: 0 | AO77: 2 | AP77: 0 | AQ77: 2 | AR77: 2 | AS77: 1 | AT77: 0 | AU77: 1 | AV77: 1 | AW77: 0 | AX77: 1 | AY77: 3 | AZ77: 1 | BA77: =SUM(E77:AZ77) -> 41
C78: 9. EKO BUDI SANTOSO, S.H. | E78: 0 | F78: 2 | G78: 0 | H78: 1 | I78: 0 | J78: 0 | K78: 3 | L78: 1 | M78: 0 | N78: 0 | O78: 0 | P78: 2 | Q78: 0 | R78: 0 | S78: 1 | T78: 1 | U78: 0 | V78: 4 | W78: 0 | X78: 0 | Y78: 0 | Z78: 0 | AA78: 0 | AB78: 1 | AC78: 0 | AD78: 1 | AE78: 1 | AF78: 0 | AG78: 0 | AH78: 0 | AI78: 0 | AJ78: 1 | AK78: 0 | AL78: 1 | AM78: 2 | AN78: 1 | AO78: 1 | AP78: 4 | AQ78: 0 | AR78: 2 | AS78: 1 | AT78: 2 | AU78: 0 | AV78: 2 | AW78: 0 | AX78: 0 | AY78: 2 | AZ78: 0 | BA78: =SUM(E78:AZ78) -> 37
A79: B | B79: JUMLAH SUARA SAH PARTAI POLITIK DAN CALON (A1 + A2) | E79: =SUM(E69:E78) -> 25 | F79: =SUM(F69:F78) -> 54 | G79: =SUM(G69:G78) -> 46 | H79: =SUM(H69:H78) -> 78 | I79: =SUM(I69:I78) -> 46 | J79: =SUM(J69:J78) -> 44 | K79: =SUM(K69:K78) -> 33 | L79: =SUM(L69:L78) -> 29 | ... BA79: =SUM(BA69:BA78) -> 2113
A81: A.1 | B81: 4. | C81: Partai Golongan Karya | E81: 5 | F81: 5 | G81: 4 | H81: 4 | I81: 6 | J81: 2 | K81: 6 | L81: 1 | M81: 3 | N81: 2 | O81: 3 | P81: 5 | Q81: 5 | R81: 1 | S81: 2 | T81: 1 | U81: 0 | V81: 2 | W81: 8 | X81: 3 | Y81: 1 | Z81: 4 | AA81: 4 | AB81: 1 | AC81: 4 | AD81: 5 | AE81: 4 | AF81: 2 | AG81: 3 | AH81: 2 | AI81: 4 | AJ81: 9 | AK81: 2 | AL81: 3 | AM81: 0 | AN81: 6 | AO81: 5 | AP81: 5 | AQ81: 4 | AR81: 6 | AS81: 6 | AT81: 3 | AU81: 4 | AV81: 7 | AW81: 5 | AX81: 4 | AY81: 0 | AZ81: 4 | BA81: =SUM(E81:AZ81) -> 175
A82: A.2 | C82: 1. PRANAYA YUDHA MAHARDHIKA | E82: 68 | F82: 20 | G82: 20 | H82: 18 | I82: 4 | J82: 1 | K82: 4 | L82: 8 | M82: 6 | N82: 2 | O82: 34 | P82: 23 | Q82: 13 | R82: 1 | S82: 2 | T82: 10 | U82: 5 | V82: 18 | W82: 62 | X82: 4 | Y82: 2 | Z82: 18 | AA82: 10 | AB82: 3 | AC82: 5 | AD82: 11 | AE82: 6 | AF82: 9 | AG82: 6 | AH82: 10 | AI82: 5 | AJ82: 31 | AK82: 8 | AL82: 5 | AM82: 19 | AN82: 16 | AO82: 49 | AP82: 14 | AQ82: 27 | AR82: 17 | AS82: 15 | AT82: 2 | AU82: 5 | AV82: 4 | AW82: 13 | AX82: 1 | AY82: 0 | AZ82: 15 | BA82: =SUM(E82:AZ82) -> 649
C83: 2. Dra. Ec. ENDANG SULASTUTY, M.I.P. | E83: 2 | F83: 2 | G83: 1 | H83: 1 | I83: 0 | J83: 0 | K83: 0 | L83: 0 | M83: 1 | N83: 1 | O83: 1 | P83: 0 | Q83: 0 | R83: 1 | S83: 1 | T83: 0 | U83: 0 | V83: 2 | W83: 2 | X83: 0 | Y83: 0 | Z83: 1 | AA83: 0 | AB83: 0 | AC83: 0 | AD83: 2 | AE83: 3 | AF83: 1 | AG83: 1 | AH83: 0 | AI83: 0 | AJ83: 1 | AK83: 3 | AL83: 1 | AM83: 0 | AN83: 1 | AO83: 1 | AP83: 1 | AQ83: 0 | AR83: 0 | AS83: 0 | AT83: 4 | AU83: 3 | AV83: 2 | AW83: 2 | AX83: 1 | AY83: 1 | AZ83: 1 | BA83: =SUM(E83:AZ83) -> 45
C84: 3. AGUS REJEKI WARTONO | E84: 1 | F84: 0 | G84: 0 | H84: 1 | I84: 0 | J84: 0 | K84: 0 | L84: 0 | M84: 0 | N84: 0 | O84: 1 | P84: 0 | Q84: 1 | R84: 0 | S84: 1 | T84: 1 | U84: 0 | V84: 2 | W84: 1 | X84: 4 | Y84: 1 | Z84: 0 | AA84: 0 | AB84: 0 | AC84: 0 | AD84: 0 | AE84: 1 | AF84: 2 | AG84: 0 | AH84: 0 | AI84: 2 | AJ84: 1 | AK84: 0 | AL84: 1 | AM84: 0 | AN84: 0 | AO84: 1 | AP84: 1 | AQ84: 0 | AR84: 0 | AS84: 3 | AT84: 0 | AU84: 1 | AV84: 1 | AW84: 2 | AX84: 0 | AY84: 0 | AZ84: 1 | BA84: =SUM(E84:AZ84) -> 31
C85: 4. Hj. TUTUK ASMA'A ZUCHROH, S.T., M.T. | E85: 1 | F85: 0 | G85: 0 | H85: 0 | I85: 0 | J85: 0 | K85: 0 | L85: 1 | M85: 1 | N85: 0 | O85: 0 | P85: 0 | Q85: 0 | R85: 1 | S85: 0 | T85: 0 | U85: 2 | V85: 0 | W85: 0 | X85: 1 | Y85: 0 | Z85: 0 | AA85: 1 | AB85: 0 | AC85: 0 | AD85: 3 | AE85: 1 | AF85: 0 | AG85: 0 | AH85: 0 | AI85: 4 | AJ85: 2 | AK85: 0 | AL85: 0 | AM85: 2 | AN85: 1 | AO85: 0 | AP85: 0 | AQ85: 0 | AR85: 0 | AS85: 0 | AT85: 2 | AU85: 4 | AV85: 0 | AW85: 1 | AX85: 0 | AY85: 1 | AZ85: 0 | BA85: =SUM(E85:AZ85) -> 29
C86: 5. ADE M. RIZKI, S.E. | E86: 1 | F86: 0 | G86: 0 | H86: 3 | I86: 0 | J86: 1 | K86: 0 | L86: 0 | M86: 0 | N86: 0 | O86: 1 | P86: 1 | Q86: 1 | R86: 2 | S86: 0 | T86: 0 | U86: 0 | V86: 0 | W86: 2 | X86: 0 | Y86: 2 | Z86: 0 | AA86: 0 | AB86: 0 | AC86: 0 | AD86: 0 | AE86: 1 | AF86: 0 | AG86: 2 | AH86: 0 | AI86: 0 | AJ86: 0 | AK86: 0 | AL86: 0 | AM86: 0 | AN86: 0 | AO86: 1 | AP86: 1 | AQ86: 1 | AR86: 1 | AS86: 0 | AT86: 0 | AU86: 0 | AV86: 2 | AW86: 0 | AX86: 0 | AY86: 0 | AZ86: 0 | BA86: =SUM(E86:AZ86) -> 23
C87: 6. ABDURAKHMAN, Bc.Kn. | E87: 0 | F87: 0 | G87: 1 | H87: 0 | I87: 1 | J87: 0 | K87: 0 | L87: 0 | M87: 0 | N87: 0 | O87: 1 | P87: 0 | Q87: 0 | R87: 0 | S87: 0 | T87: 1 | U87: 0 | V87: 0 | W87: 1 | X87: 1 | Y87: 0 | Z87: 0 | AA87: 0 | AB87: 0 | AC87: 0 | AD87: 0 | AE87: 0 | AF87: 0 | AG87: 0 | AH87: 1 | AI87: 0 | AJ87: 0 | AK87: 0 | AL87: 1 | AM87: 0 | AN87: 0 | AO87: 0 | AP87: 0 | AQ87: 0 | AR87: 1 | AS87: 0 | AT87: 1 | AU87: 0 | AV87: 0 | AW87: 0 | AX87: 1 | AY87: 0 | AZ87: 0 | BA87: =SUM(E87:AZ87) -> 11
C88: 7. CENDY RHIYAN ADI PUTRI | E88: 0 | F88: 0 | G88: 0 | H88: 0 | I88: 0 | J88: 0 | K88: 0 | L88: 0 | M88: 0 | N88: 0 | O88: 0 | P88: 0 | Q88: 1 | R88: 0 | S88: 0 | T88: 1 | U88: 0 | V88: 0 | W88: 1 | X88: 0 | Y88: 0 | Z88: 0 | AA88: 0 | AB88: 0 | AC88: 0 | AD88: 0 | AE88: 0 | AF88: 0 | AG88: 0 | AH88: 0 | AI88: 0 | AJ88: 0 | AK88: 0 | AL88: 0 | AM88: 0 | AN88: 0 | AO88: 0 | AP88: 0 | AQ88: 1 | AR88: 0 | AS88: 0 | AT88: 0 | AU88: 0 | AV88: 0 | AW88: 0 | AX88: 0 | AY88: 0 | AZ88: 0 | BA88: =SUM(E88:AZ88) -> 4
C89: 8. BAKTI WIJAYANTO, S.E. | E89: 0 | F89: 0 | G89: 0 | H89: 0 | I89: 0 | J89: 0 | K89: 0 | L89: 0 | M89: 0 | N89: 0 | O89: 0 | P89: 0 | Q89: 0 | R89: 1 | S89: 0 | T89: 0 | U89: 0 | V89: 0 | W89: 0 | X89: 0 | Y89: 0 | Z89: 0 | AA89: 0 | AB89: 0 | AC89: 0 | AD89: 0 | AE89: 0 | AF89: 0 | AG89: 0 | AH89: 0 | AI89: 0 | AJ89: 0 | AK89: 0 | AL89: 0 | AM89: 0 | AN89: 0 | AO89: 0 | AP89: 0 | AQ89: 1 | AR89: 0 | AS89: 0 | AT89: 0 | AU89: 0 | AV89: 0 | AW89: 0 | AX89: 0 | AY89: 0 | AZ89: 0 | BA89: =SUM(E89:AZ89) -> 2
C90: 9. AHMAD UBAIDILLAH | E90: 0 | F90: 0 | G90: 0 | H90: 0 | I90: 0 | J90: 0 | K90: 0 | L90: 0 | M90: 0 | N90: 0 | O90: 0 | P90: 0 | Q90: 1 | R90: 0 | S90: 0 | T90: 0 | U90: 0 | V90: 0 | W90: 0 | X90: 0 | Y90: 0 | Z90: 0 | AA90: 0 | AB90: 0 | AC90: 1 | AD90: 0 | AE90: 0 | AF90: 0 | AG90: 0 | AH90: 0 | AI90: 0 | AJ90: 0 | AK90: 0 | AL90: 0 | AM90: 0 | AN90: 1 | AO90: 0 | AP90: 0 | AQ90: 0 | AR90: 0 | AS90: 0 | AT90: 0 | AU90: 0 | AV90: 0 | AW90: 0 | AX90: 1 | AY90: 0 | AZ90: 0 | BA90: =SUM(E90:AZ90) -> 4
A91: B | B91: JUMLAH SUARA SAH PARTAI POLITIK DAN CALON (A1 + A2) | E91: =SUM(E81:E90) -> 78 | F91: =SUM(F81:F90) -> 27 | G91: =SUM(G81:G90) -> 26 | H91: =SUM(H81:H90) -> 27 | I91: =SUM(I81:I90) -> 11 | J91: =SUM(J81:J90) -> 4 | K91: =SUM(K81:K90) -> 10 | L91: =SUM(L81:L90) -> 10 | ... BA91: =SUM(BA81:BA90) -> 973
A93: A.1 | B93: 5. | C93: Partai NasDem | E93: 0 | F93: 0 | G93: 0 | H93: 2 | I93: 1 | J93: 6 | K93: 6 | L93: 1 | M93: 1 | N93: 4 | O93: 0 | P93: 0 | Q93: 0 | R93: 3 | S93: 0 | T93: 1 | U93: 2 | V93: 2 | W93: 2 | X93: 2 | Y93: 1 | Z93: 1 | AA93: 0 | AB93: 1 | AC93: 1 | AD93: 2 | AE93: 1 | AF93: 0 | AG93: 0 | AH93: 1 | AI93: 0 | AJ93: 0 | AK93: 1 | AL93: 0 | AM93: 1 | AN93: 0 | AO93: 1 | AP93: 1 | AQ93: 1 | AR93: 0 | AS93: 2 | AT93: 2 | AU93: 0 | AV93: 1 | AW93: 0 | AX93: 0 | AY93: 0 | AZ93: 0 | BA93: =SUM(E93:AZ93) -> 51
A94: A.2 | C94: 1. ALI MUSTOFA, A.Md. | E94: 3 | F94: 6 | G94: 3 | H94: 1 | I94: 6 | J94: 81 | K94: 10 | L94: 4 | M94: 0 | N94: 0 | O94: 1 | P94: 2 | Q94: 1 | R94: 3 | S94: 5 | T94: 3 | U94: 27 | V94: 12 | W94: 1 | X94: 0 | Y94: 3 | Z94: 6 | AA94: 2 | AB94: 1 | AC94: 2 | AD94: 5 | AE94: 4 | AF94: 0 | AG94: 1 | AH94: 1 | AI94: 0 | AJ94: 3 | AK94: 3 | AL94: 3 | AM94: 9 | AN94: 4 | AO94: 2 | AP94: 3 | AQ94: 0 | AR94: 2 | AS94: 8 | AT94: 1 | AU94: 1 | AV94: 1 | AW94: 0 | AX94: 0 | AY94: 2 | AZ94: 1 | BA94: =SUM(E94:AZ94) -> 237
C95: 2. Hj. BUAMI, S.H. | E95: 0 | F95: 0 | G95: 0 | H95: 0 | I95: 0 | J95: 0 | K95: 0 | L95: 0 | M95: 0 | N95: 0 | O95: 0 | P95: 0 | Q95: 0 | R95: 1 | S95: 1 | T95: 0 | U95: 0 | V95: 0 | W95: 0 | X95: 0 | Y95: 0 | Z95: 0 | AA95: 0 | AB95: 0 | AC95: 1 | AD95: 0 | AE95: 0 | AF95: 1 | AG95: 0 | AH95: 0 | AI95: 0 | AJ95: 0 | AK95: 0 | AL95: 1 | AM95: 0 | AN95: 0 | AO95: 0 | AP95: 0 | AQ95: 0 | AR95: 2 | AS95: 0 | AT95: 0 | AU95: 0 | AV95: 0 | AW95: 1 | AX95: 0 | AY95: 0 | AZ95: 2 | BA95: =SUM(E95:AZ95) -> 10
C96: 3. SUGIONO, S.H. | E96: 0 | F96: 0 | G96: 0 | H96: 0 | I96: 0 | J96: 0 | K96: 0 | L96: 0 | M96: 0 | N96: 0 | O96: 0 | P96: 0 | Q96: 0 | R96: 0 | S96: 0 | T96: 1 | U96: 1 | V96: 0 | W96: 1 | X96: 0 | Y96: 0 | Z96: 0 | AA96: 0 | AB96: 0 | AC96: 0 | AD96: 0 | AE96: 0 | AF96: 0 | AG96: 0 | AH96: 1 | AI96: 0 | AJ96: 0 | AK96: 0 | AL96: 0 | AM96: 0 | AN96: 0 | AO96: 0 | AP96: 0 | AQ96: 0 | AR96: 0 | AS96: 0 | AT96: 0 | AU96: 0 | AV96: 0 | AW96: 0 | AX96: 0 | AY96: 0 | AZ96: 0 | BA96: =SUM(E96:AZ96) -> 4
C97: 4. LULUK SUNARMIATININGSIH | E97: 1 | F97: 0 | G97: 0 | H97: 1 | I97: 1 | J97: 0 | K97: 0 | L97: 0 | M97: 1 | N97: 0 | O97: 0 | P97: 0 | Q97: 0 | R97: 0 | S97: 0 | T97: 2 | U97: 0 | V97: 0 | W97: 1 | X97: 0 | Y97: 0 | Z97: 0 | AA97: 0 | AB97: 0 | AC97: 0 | AD97: 1 | AE97: 0 | AF97: 1 | AG97: 0 | AH97: 1 | AI97: 0 | AJ97: 1 | AK97: 0 | AL97: 0 | AM97: 0 | AN97: 0 | AO97: 1 | AP97: 0 | AQ97: 0 | AR97: 0 | AS97: 1 | AT97: 0 | AU97: 0 | AV97: 0 | AW97: 0 | AX97: 1 | AY97: 0 | AZ97: 0 | BA97: =SUM(E97:AZ97) -> 14
C98: 5. ANTON DJULIANTO ADI | E98: 0 | F98: 0 | G98: 1 | H98: 0 | I98: 0 | J98: 1 | K98: 0 | L98: 1 | M98: 0 | N98: 0 | O98: 0 | P98: 0 | Q98: 0 | R98: 2 | S98: 0 | T98: 0 | U98: 0 | V98: 0 | W98: 0 | X98: 0 | Y98: 0 | Z98: 0 | AA98: 0 | AB98: 0 | AC98: 0 | AD98: 0 | AE98: 0 | AF98: 1 | AG98: 0 | AH98: 0 | AI98: 0 | AJ98: 0 | AK98: 0 | AL98: 0 | AM98: 0 | AN98: 0 | AO98: 0 | AP98: 1 | AQ98: 0 | AR98: 1 | AS98: 0 | AT98: 0 | AU98: 0 | AV98: 0 | AW98: 0 | AX98: 0 | AY98: 0 | AZ98: 0 | BA98: =SUM(E98:AZ98) -> 8
C99: 6. MOKHAMAD ROFI'I KHUSNAN | E99: 0 | F99: 0 | G99: 0 | H99: 0 | I99: 0 | J99: 0 | K99: 0 | L99: 0 | M99: 0 | N99: 0 | O99: 0 | P99: 0 | Q99: 0 | R99: 0 | S99: 0 | T99: 0 | U99: 0 | V99: 0 | W99: 0 | X99: 0 | Y99: 0 | Z99: 0 | AA99: 0 | AB99: 0 | AC99: 1 | AD99: 0 | AE99: 0 | AF99: 0 | AG99: 0 | AH99: 0 | AI99: 0 | AJ99: 0 | AK99: 0 | AL99: 0 | AM99: 0 | AN99: 0 | AO99: 0 | AP99: 0 | AQ99: 0 | AR99: 0 | AS99: 0 | AT99: 0 | AU99: 0 | AV99: 0 | AW99: 0 | AX99: 0 | AY99: 0 | AZ99: 0 | BA99: =SUM(E99:AZ99) -> 1
C100: 7. Rr SETYO WATI | E100: 0 | F100: 0 | G100: 0 | H100: 0 | I100: 0 | J100: 0 | K100: 0 | L100: 0 | M100: 0 | N100: 0 | O100: 0 | P100: 0 | Q100: 0 | R100: 0 | S100: 0 | T100: 0 | U100: 0 | V100: 0 | W100: 0 | X100: 0 | Y100: 0 | Z100: 0 | AA100: 0 | AB100: 0 | AC100: 0 | AD100: 0 | AE100: 0 | AF100: 0 | AG100: 0 | AH100: 0 | AI100: 0 | AJ100: 0 | AK100: 0 | AL100: 0 | AM100: 0 | AN100: 0 | AO100: 0 | AP100: 0 | AQ100: 0 | AR100: 0 | AS100: 0 | AT100: 0 | AU100: 0 | AV100: 0 | AW100: 0 | AX100: 0 | AY100: 0 | AZ100: 0 | BA100: =SUM(E100:AZ100) -> 0
C101: 8. ABD. KADIR ASSEGAFF | E101: 1 | F101: 0 | G101: 0 | H101: 0 | I101: 0 | J101: 0 | K101: 0 | L101: 0 | M101: 0 | N101: 0 | O101: 0 | P101: 0 | Q101: 0 | R101: 0 | S101: 0 | T101: 0 | U101: 0 | V101: 0 | W101: 0 | X101: 0 | Y101: 0 | Z101: 0 | AA101: 0 | AB101: 0 | AC101: 0 | AD101: 0 | AE101: 0 | AF101: 0 | AG101: 0 | AH101: 0 | AI101: 0 | AJ101: 0 | AK101: 0 | AL101: 0 | AM101: 0 | AN101: 0 | AO101: 0 | AP101: 0 | AQ101: 0 | AR101: 0 | AS101: 0 | AT101: 0 | AU101: 0 | AV101: 0 | AW101: 0 | AX101: 0 | AY101: 0 | AZ101: 0 | BA101: =SUM(E101:AZ101) -> 1
C102: 9. FATHOR ZAINULLAH | E102: 0 | F102: 0 | G102: 0 | H102: 0 | I102: 0 | J102: 0 | K102: 0 | L102: 0 | M102: 0 | N102: 0 | O102: 0 | P102: 0 | Q102: 0 | R102: 0 | S102: 0 | T102: 0 | U102: 0 | V102: 0 | W102: 0 | X102: 0 | Y102: 0 | Z102: 0 | AA102: 0 | AB102: 0 | AC102: 0 | AD102: 0 | AE102: 0 | AF102: 0 | AG102: 0 | AH102: 0 | AI102: 0 | AJ102: 0 | AK102: 0 | AL102: 0 | AM102: 0 | AN102: 0 | AO102: 0 | AP102: 0 | AQ102: 0 | AR102: 0 | AS102: 0 | AT102: 0 | AU102: 0 | AV102: 0 | AW102: 0 | AX102: 0 | AY102: 0 | AZ102: 0 | BA102: =SUM(E102:AZ102) -> 0
A103: B | B103: JUMLAH SUARA SAH PARTAI POLITIK DAN CALON (A1 + A2) | E103: =SUM(E93:E102) -> 5 | F103: =SUM(F93:F102) -> 6 | G103: =SUM(G93:G102) -> 4 | H103: =SUM(H93:H102) -> 4 | I103: =SUM(I93:I102) -> 8 | J103: =SUM(J93:J102) -> 88 | K103: =SUM(K93:K102) -> 16 | L103: =SUM(L93:L102) -> 6 | ... BA103: =SUM(BA93:BA102) -> 326
A105: A.1 | B105: 6. | C105: Partai Buruh | E105: 1 | F105: 0 | G105: 0 | H105: 1 | I105: 0 | J105: 0 | K105: 0 | L105: 0 | M105: 0 | N105: 1 | O105: 0 | P105: 0 | Q105: 0 | R105: 2 | S105: 0 | T105: 1 | U105: 0 | V105: 0 | W105: 0 | X105: 0 | Y105: 0 | Z105: 1 | AA105: 1 | AB105: 1 | AC105: 0 | AD105: 0 | AE105: 2 | AF105: 2 | AG105: 0 | AH105: 1 | AI105: 0 | AJ105: 0 | AK105: 0 | AL105: 3 | AM105: 0 | AN105: 0 | AO105: 0 | AP105: 0 | AQ105: 0 | AR105: 1 | AS105: 1 | AT105: 3 | AU105: 4 | AV105: 1 | AW105: 1 | AX105: 1 | AY105: 6 | AZ105: 2 | BA105: =SUM(E105:AZ105) -> 37
A106: A.2 | C106: 1. AGUS SUPRIYADI | E106: 1 | F106: 0 | G106: 0 | H106: 1 | I106: 1 | J106: 0 | K106: 1 | L106: 1 | M106: 0 | N106: 1 | O106: 0 | P106: 1 | Q106: 0 | R106: 0 | S106: 0 | T106: 0 | U106: 1 | V106: 0 | W106: 2 | X106: 0 | Y106: 2 | Z106: 1 | AA106: 0 | AB106: 0 | AC106: 0 | AD106: 0 | AE106: 1 | AF106: 1 | AG106: 0 | AH106: 1 | AI106: 0 | AJ106: 0 | AK106: 0 | AL106: 1 | AM106: 1 | AN106: 1 | AO106: 0 | AP106: 0 | AQ106: 0 | AR106: 0 | AS106: 0 | AT106: 1 | AU106: 0 | AV106: 0 | AW106: 1 | AX106: 1 | AY106: 1 | AZ106: 0 | BA106: =SUM(E106:AZ106) -> 23
C107: 2. ENI HARIATI | E107: 0 | F107: 0 | G107: 1 | H107: 0 | I107: 0 | J107: 0 | K107: 0 | L107: 0 | M107: 0 | N107: 0 | O107: 0 | P107: 0 | Q107: 0 | R107: 0 | S107: 0 | T107: 0 | U107: 0 | V107: 0 | W107: 0 | X107: 0 | Y107: 0 | Z107: 0 | AA107: 0 | AB107: 0 | AC107: 0 | AD107: 0 | AE107: 0 | AF107: 0 | AG107: 2 | AH107: 0 | AI107: 0 | AJ107: 0 | AK107: 0 | AL107: 0 | AM107: 0 | AN107: 0 | AO107: 0 | AP107: 2 | AQ107: 0 | AR107: 0 | AS107: 0 | AT107: 0 | AU107: 0 | AV107: 0 | AW107: 0 | AX107: 1 | AY107: 0 | AZ107: 0 | BA107: =SUM(E107:AZ107) -> 6
A115: B | B115: JUMLAH SUARA SAH PARTAI POLITIK DAN CALON (A1 + A2) | E115: =SUM(E105:E114) -> 2 | F115: =SUM(F105:F114) -> 0 | G115: =SUM(G105:G114) -> 1 | H115: =SUM(H105:H114) -> 2 | I115: =SUM(I105:I114) -> 1 | J115: =SUM(J105:J114) -> 0 | K115: =SUM(K105:K114) -> 1 | L115: =SUM(L105:L114) -> 1 | ... BA115: =SUM(BA105:BA114) -> 66
A117: A.1 | B117: 7. | C117: Partai Gelombang Rakyat Indonesia | E117: 0 | F117: 0 | G117: 0 | H117: 0 | I117: 1 | J117: 0 | K117: 0 | L117: 0 | M117: 0 | N117: 1 | O117: 0 | P117: 1 | Q117: 0 | R117: 0 | S117: 0 | T117: 2 | U117: 0 | V117: 0 | W117: 0 | X117: 0 | Y117: 0 | Z117: 1 | AA117: 0 | AB117: 1 | AC117: 1 | AD117: 0 | AE117: 2 | AF117: 0 | AG117: 1 | AH117: 1 | AI117: 0 | AJ117: 1 | AK117: 0 | AL117: 0 | AM117: 0 | AN117: 0 | AO117: 2 | AP117: 0 | AQ117: 1 | AR117: 0 | AS117: 0 | AT117: 0 | AU117: 0 | AV117: 0 | AW117: 2 | AX117: 0 | AY117: 0 | AZ117: 0 | BA117: =SUM(E117:AZ117) -> 18
A118: A.2 | C118: 1. MIRZA MUHROSNI AROMA | E118: 0 | F118: 0 | G118: 0 | H118: 0 | I118: 0 | J118: 0 | K118: 0 | L118: 0 | M118: 0 | N118: 0 | O118: 0 | P118: 0 | Q118: 1 | R118: 0 | S118: 0 | T118: 0 | U118: 1 | V118: 0 | W118: 0 | X118: 0 | Y118: 0 | Z118: 0 | AA118: 0 | AB118: 0 | AC118: 0 | AD118: 0 | AE118: 0 | AF118: 0 | AG118: 0 | AH118: 0 | AI118: 0 | AJ118: 0 | AK118: 0 | AL118: 0 | AM118: 0 | AN118: 0 | AO118: 0 | AP118: 0 | AQ118: 0 | AR118: 1 | AS118: 0 | AT118: 0 | AU118: 0 | AV118: 0 | AW118: 0 | AX118: 0 | AY118: 0 | AZ118: 0 | BA118: =SUM(E118:AZ118) -> 3
C119: 2. ACHMAD BAGUS SUGIARTO | E119: 0 | F119: 0 | G119: 0 | H119: 0 | I119: 0 | J119: 0 | K119: 1 | L119: 0 | M119: 0 | N119: 0 | O119: 0 | P119: 1 | Q119: 0 | R119: 0 | S119: 0 | T119: 0 | U119: 1 | V119: 0 | W119: 0 | X119: 0 | Y119: 0 | Z119: 0 | AA119: 1 | AB119: 0 | AC119: 0 | AD119: 0 | AE119: 0 | AF119: 0 | AG119: 0 | AH119: 2 | AI119: 0 | AJ119: 0 | AK119: 0 | AL119: 0 | AM119: 1 | AN119: 0 | AO119: 0 | AP119: 0 | AQ119: 1 | AR119: 1 | AS119: 1 | AT119: 0 | AU119: 0 | AV119: 0 | AW119: 0 | AX119: 3 | AY119: 1 | AZ119: 0 | BA119: =SUM(E119:AZ119) -> 14
C120: 3. ELOK FITRIYA NINGSIH | E120: 0 | F120: 0 | G120: 0 | H120: 0 | I120: 0 | J120: 0 | K120: 0 | L120: 0 | M120: 0 | N120: 0 | O120: 0 | P120: 0 | Q120: 0 | R120: 0 | S120: 0 | T120: 1 | U120: 0 | V120: 0 | W120: 0 | X120: 0 | Y120: 0 | Z120: 0 | AA120: 1 | AB120: 0 | AC120: 0 | AD120: 0 | AE120: 1 | AF120: 0 | AG120: 0 | AH120: 0 | AI120: 0 | AJ120: 0 | AK120: 0 | AL120: 0 | AM120: 0 | AN120: 0 | AO120: 1 | AP120: 0 | AQ120: 0 | AR120: 0 | AS120: 0 | AT120: 0 | AU120: 0 | AV120: 0 | AW120: 0 | AX120: 1 | AY120: 1 | AZ120: 0 | BA120: =SUM(E120:AZ120) -> 6
C121: 4. MADI | E121: 0 | F121: 0 | G121: 1 | H121: 0 | I121: 0 | J121: 0 | K121: 0 | L121: 0 | M121: 0 | N121: 0 | O121: 0 | P121: 0 | Q121: 0 | R121: 0 | S121: 0 | T121: 0 | U121: 0 | V121: 0 | W121: 0 | X121: 0 | Y121: 1 | Z121: 0 | AA121: 0 | AB121: 0 | AC121: 0 | AD121: 0 | AE121: 1 | AF121: 0 | AG121: 0 | AH121: 0 | AI121: 0 | AJ121: 0 | AK121: 0 | AL121: 0 | AM121: 0 | AN121: 0 | AO121: 0 | AP121: 0 | AQ121: 0 | AR121: 0 | AS121: 0 | AT121: 1 | AU121: 0 | AV121: 0 | AW121: 0 | AX121: 1 | AY121: 0 | AZ121: 0 | BA121: =SUM(E121:AZ121) -> 5
C122: 5. LUKY PERMANASARI | E122: 0 | F122: 0 | G122: 0 | H122: 0 | I122: 0 | J122: 1 | K122: 1 | L122: 0 | M122: 0 | N122: 0 | O122: 0 | P122: 0 | Q122: 0 | R122: 0 | S122: 0 | T122: 0 | U122: 0 | V122: 0 | W122: 0 | X122: 0 | Y122: 0 | Z122: 0 | AA122: 0 | AB122: 0 | AC122: 0 | AD122: 0 | AE122: 0 | AF122: 0 | AG122: 0 | AH122: 0 | AI122: 0 | AJ122: 0 | AK122: 0 | AL122: 0 | AM122: 0 | AN122: 0 | AO122: 0 | AP122: 0 | AQ122: 0 | AR122: 0 | AS122: 1 | AT122: 0 | AU122: 0 | AV122: 0 | AW122: 0 | AX122: 0 | AY122: 0 | AZ122: 0 | BA122: =SUM(E122:AZ122) -> 3
A127: B | B127: JUMLAH SUARA SAH PARTAI POLITIK DAN CALON (A1 + A2) | E127: =SUM(E117:E126) -> 0 | F127: =SUM(F117:F126) -> 0 | G127: =SUM(G117:G126) -> 1 | H127: =SUM(H117:H126) -> 0 | I127: =SUM(I117:I126) -> 1 | J127: =SUM(J117:J126) -> 1 | K127: =SUM(K117:K126) -> 2 | L127: =SUM(L117:L126) -> 0 | ... BA127: =SUM(BA117:BA126) -> 49
A129: A.1 | B129: 8. | C129: Partai Keadilan Sejahtera | E129: 1 | F129: 0 | G129: 0 | H129: 0 | I129: 1 | J129: 0 | K129: 4 | L129: 1 | M129: 0 | N129: 2 | O129: 1 | P129: 1 | Q129: 0 | R129: 0 | S129: 0 | T129: 3 | U129: 0 | V129: 0 | W129: 0 | X129: 0 | Y129: 0 | Z129: 1 | AA129: 0 | AB129: 0 | AC129: 1 | AD129: 0 | AE129: 0 | AF129: 1 | AG129: 2 | AH129: 0 | AI129: 0 | AJ129: 2 | AK129: 1 | AL129: 0 | AM129: 4 | AN129: 0 | AO129: 1 | AP129: 3 | AQ129: 0 | AR129: 0 | AS129: 0 | AT129: 1 | AU129: 0 | AV129: 1 | AW129: 0 | AX129: 1 | AY129: 0 | AZ129: 0 | BA129: =SUM(E129:AZ129) -> 33
...

Sheet PURWODADI
C2: Kecamatan | D2: GAMBIRAN
C3: Kabupaten | D3: BANYUWANGI
C4: Provinsi | D4: JAWA TIMUR
C9: Kelurahan | D9: PURWODADI
A12: I | B12: DATA PEMILIH DAN PENGGUNAAN HAK PILIH | AC12: JUMLAH AKHIR
A13: A | B13: DATA PEMILIH | E13: TPS 001 | F13: TPS 002 | G13: TPS 003 | H13: TPS 004 | I13: TPS 005 | J13: TPS 006 | K13: TPS 007 | L13: TPS 008 | M13: TPS 009 | N13: TPS 010 | O13: TPS 011 | P13: TPS 012 | Q13: TPS 013 | R13: TPS 014 | S13: TPS 015 | T13: TPS 016 | U13: TPS 017 | V13: TPS 018 | W13: TPS 019 | X13: TPS 020 | Y13: TPS 021 | Z13: TPS 022 | AA13: TPS 023 | AB13: TPS 024
B14: Jumlah Pemilih dalam Daftar Pemilih Tetap (DPT) | D14: LK | E14: 125 | F14: 98 | G14: 127 | H14: 127 | I14: 137 | J14: 137 | K14: 140 | L14: 117 | M14: 133 | N14: 133 | O14: 147 | P14: 136 | Q14: 160 | R14: 148 | S14: 110 | T14: 124 | U14: 129 | V14: 135 | W14: 108 | X14: 121 | Y14: 151 | Z14: 141 | AA14: 103 | AB14: 135 | AC14: =SUM(E14:AB14) -> 3122
D15: PR | E15: 131 | F15: 104 | G15: 131 | H15: 144 | I15: 136 | J15: 142 | K15: 142 | L15: 103 | M15: 123 | N15: 152 | O15: 141 | P15: 155 | Q15: 134 | R15: 138 | S15: 113 | T15: 152 | U15: 136 | V15: 134 | W15: 121 | X15: 115 | Y15: 133 | Z15: 141 | AA15: 140 | AB15: 135 | AC15: =SUM(E15:AB15) -> 3196
D16: JML | E16: =SUM(E14:E15) -> 256 | F16: =SUM(F14:F15) -> 202 | G16: =SUM(G14:G15) -> 258 | H16: =SUM(H14:H15) -> 271 | I16: =SUM(I14:I15) -> 273 | J16: =SUM(J14:J15) -> 279 | K16: =SUM(K14:K15) -> 282 | L16: =SUM(L14:L15) -> 220 | ... AB16: =SUM(AB14:AB15) -> 270 | AC16: =SUM(E16:AB16) -> 6318
A18: B | B18: PENGGUNA HAK PILIH
B19: 1. | C19: Jumlah pengguna hak pilih dalam Daftar Pemilih Tetap (DPT) | D19: LK | E19: 83 | F19: 76 | G19: 107 | H19: 80 | I19: 101 | J19: 100 | K19: 102 | L19: 86 | M19: 111 | N19: 104 | O19: 112 | P19: 99 | Q19: 122 | R19: 121 | S19: 85 | T19: 88 | U19: 85 | V19: 104 | W19: 83 | X19: 87 | Y19: 122 | Z19: 110 | AA19: 82 | AB19: 110 | AC19: =SUM(E19:AB19) -> 2360
D20: PR | E20: 96 | F20: 87 | G20: 110 | H20: 111 | I20: 109 | J20: 115 | K20: 111 | L20: 83 | M20: 98 | N20: 132 | O20: 116 | P20: 137 | Q20: 109 | R20: 103 | S20: 96 | T20: 112 | U20: 104 | V20: 106 | W20: 102 | X20: 92 | Y20: 107 | Z20: 115 | AA20: 119 | AB20: 122 | AC20: =SUM(E20:AB20) -> 2592
D21: JML | E21: =SUM(E19:E20) -> 179 | F21: =SUM(F19:F20) -> 163 | G21: =SUM(G19:G20) -> 217 | H21: =SUM(H19:H20) -> 191 | I21: =SUM(I19:I20) -> 210 | J21: =SUM(J19:J20) -> 215 | K21: =SUM(K19:K20) -> 213 | L21: =SUM(L19:L20) -> 169 | ... AB21: =SUM(AB19:AB20) -> 232 | AC21: =SUM(E21:AB21) -> 4952
B22: 2. | C22: Jumlah pengguna hak pilih dalam Daftar Pemilih Tambahan (DPTb) | D22: LK | E22: 0 | F22: 0 | G22: 1 | H22: 1 | I22: 0 | J22: 0 | K22: 0 | L22: 0 | M22: 0 | N22: 0 | O22: 0 | P22: 0 | Q22: 0 | R22: 0 | S22: 0 | AC22: =SUM(E22:AB22) -> 2
D23: PR | E23: 0 | F23: 0 | G23: 1 | H23: 1 | I23: 0 | J23: 0 | K23: 0 | L23: 0 | M23: 0 | N23: 0 | O23: 0 | P23: 0 | Q23: 0 | R23: 0 | S23: 0 | AC23: =SUM(E23:AB23) -> 2
D24: JML | E24: =SUM(E22:E23) -> 0 | F24: =SUM(F22:F23) -> 0 | G24: =SUM(G22:G23) -> 2 | H24: =SUM(H22:H23) -> 2 | I24: =SUM(I22:I23) -> 0 | J24: =SUM(J22:J23) -> 0 | K24: =SUM(K22:K23) -> 0 | L24: =SUM(L22:L23) -> 0 | ... AB24: =SUM(AB22:AB23) -> 0 | AC24: =SUM(E24:AB24) -> 4
B25: 3. | C25: Jumlah pengguna hak pilih dalam Daftar Pemilih Khusus (DPK) | D25: LK | E25: 1 | F25: 0 | G25: 2 | H25: 0 | I25: 0 | J25: 0 | K25: 2 | L25: 2 | M25: 0 | N25: 0 | O25: 0 | P25: 0 | Q25: 2 | R25: 0 | S25: 0 | T25: 1 | U25: 1 | V25: 0 | W25: 1 | X25: 0 | Y25: 0 | Z25: 0 | AA25: 0 | AB25: 0 | AC25: =SUM(E25:AB25) -> 12
D26: PR | E26: 1 | F26: 0 | G26: 2 | H26: 0 | I26: 0 | J26: 3 | K26: 2 | L26: 0 | M26: 1 | N26: 2 | O26: 1 | P26: 0 | Q26: 2 | R26: 1 | S26: 3 | T26: 1 | U26: 1 | V26: 0 | W26: 0 | X26: 0 | Y26: 0 | Z26: 0 | AA26: 0 | AB26: 0 | AC26: =SUM(E26:AB26) -> 20
D27: JML | E27: =SUM(E25:E26) -> 2 | F27: =SUM(F25:F26) -> 0 | G27: =SUM(G25:G26) -> 4 | H27: =SUM(H25:H26) -> 0 | I27: =SUM(I25:I26) -> 0 | J27: =SUM(J25:J26) -> 3 | K27: =SUM(K25:K26) -> 4 | L27: =SUM(L25:L26) -> 2 | ... AB27: =SUM(AB25:AB26) -> 0 | AC27: =SUM(E27:AB27) -> 32
B28: 4. | C28: Jumlah Pengguna Hak Pilih (B.1+B.2+B.3) | D28: LK | E28: =SUM(E19,E22,E25) -> 84 | F28: =SUM(F19,F22,F25) -> 76 | G28: =SUM(G19,G22,G25) -> 110 | H28: =SUM(H19,H22,H25) -> 81 | I28: =SUM(I19,I22,I25) -> 101 | J28: =SUM(J19,J22,J25) -> 100 | K28: =SUM(K19,K22,K25) -> 104 | L28: =SUM(L19,L22,L25) -> 88 | ... AB28: =SUM(AB19,AB22,AB25) -> 110 | AC28: =SUM(E28:AB28) -> 2374
D29: PR | E29: =SUM(E20,E23,E26) -> 97 | F29: =SUM(F20,F23,F26) -> 87 | G29: =SUM(G20,G23,G26) -> 113 | H29: =SUM(H20,H23,H26) -> 112 | I29: =SUM(I20,I23,I26) -> 109 | J29: =SUM(J20,J23,J26) -> 118 | K29: =SUM(K20,K23,K26) -> 113 | L29: =SUM(L20,L23,L26) -> 83 | ... AB29: =SUM(AB20,AB23,AB26) -> 122 | AC29: =SUM(E29:AB29) -> 2614
D30: JML | E30: =SUM(E28:E29) -> 181 | F30: =SUM(F28:F29) -> 163 | G30: =SUM(G28:G29) -> 223 | H30: =SUM(H28:H29) -> 193 | I30: =SUM(I28:I29) -> 210 | J30: =SUM(J28:J29) -> 218 | K30: =SUM(K28:K29) -> 217 | L30: =SUM(L28:L29) -> 171 | ... AB30: =SUM(AB28:AB29) -> 232 | AC30: =SUM(E30:AB30) -> 4988
A32: II | B32: DATA PENGGUNAAN SURAT SUARA
A33: 1 | B33: Jumlah surat suara yang diterima, termasuk surat suara cadangan 2,5% dari DPT | E33: 262 | F33: 207 | G33: 265 | H33: 277 | I33: 279 | J33: 286 | K33: 288 | L33: 225 | M33: 262 | N33: 291 | O33: 294 | P33: 297 | Q33: 300 | R33: 292 | S33: 228 | T33: 282 | U33: 271 | V33: 275 | W33: 234 | X33: 241 | Y33: 290 | Z33: 288 | AA33: 248 | AB33: 276 | AC33: =SUM(E33:AB33) -> 6458
A34: 2 | B34: Jumlah surat suara yang digunakan | E34: 181 | F34: 163 | G34: 223 | H34: 193 | I34: 210 | J34: 218 | K34: 217 | L34: 171 | M34: 210 | N34: 238 | O34: 229 | P34: 236 | Q34: 235 | R34: 225 | S34: 184 | T34: 202 | U34: 191 | V34: 210 | W34: 186 | X34: 179 | Y34: 229 | Z34: 225 | AA34: 201 | AB34: 232 | AC34: =SUM(E34:AB34) -> 4988
A35: 3 | B35: Jumlah surat suara dikembalikan oleh pemilih (karena rusak atau keliru coblos) | E35: 0 | F35: 0 | G35: 0 | H35: 2 | I35: 0 | J35: 0 | K35: 0 | L35: 0 | M35: 2 | N35: 0 | O35: 0 | P35: 0 | Q35: 0 | R35: 0 | S35: 1 | T35: 0 | U35: 0 | V35: 0 | W35: 0 | X35: 0 | Y35: 0 | Z35: 0 | AA35: 2 | AB35: 0 | AC35: =SUM(E35:AB35) -> 7
A36: 4 | B36: Jumlah surat suara yang tidak digunakan/tidak terpakai, termasuk sisa surat suara cadangan | E36: =E33-(E34+E35) -> 81 | F36: =F33-(F34+F35) -> 44 | G36: =G33-(G34+G35) -> 42 | H36: =H33-(H34+H35) -> 82 | I36: =I33-(I34+I35) -> 69 | J36: =J33-(J34+J35) -> 68 | K36: =K33-(K34+K35) -> 71 | L36: =L33-(L34+L35) -> 54 | ... AB36: =AB33-(AB34+AB35) -> 44 | AC36: =SUM(E36:AB36) -> 1463
A38: III | B38: DATA PEMILIH DISABILITAS
B39: Jumlah seluruh Pemilih disabilitas yang menggunakan hak pilih | D39: LK | E39: 1 | F39: 0 | G39: 0 | H39: 0 | I39: 0 | J39: 0 | K39: 0 | L39: 0 | M39: 0 | N39: 0 | O39: 0 | P39: 0 | Q39: 2 | R39: 0 | S39: 0 | T39: 0 | U39: 1 | V39: 0 | W39: 1 | X39: 0 | Y39: 0 | Z39: 0 | AA39: 1 | AB39: 0 | AC39: =SUM(E39:AB39) -> 6
D40: PR | E40: 0 | F40: 0 | G40: 0 | H40: 0 | I40: 0 | J40: 0 | K40: 0 | L40: 0 | M40: 1 | N40: 1 | O40: 0 | P40: 0 | Q40: 0 | R40: 0 | S40: 0 | T40: 0 | U40: 4 | V40: 0 | W40: 2 | X40: 0 | Y40: 0 | Z40: 0 | AA40: 1 | AB40: 0 | AC40: =SUM(E40:AB40) -> 9
D41: JML | E41: =SUM(E39:E40) -> 1 | F41: =SUM(F39:F40) -> 0 | G41: =SUM(G39:G40) -> 0 | H41: =SUM(H39:H40) -> 0 | I41: =SUM(I39:I40) -> 0 | J41: =SUM(J39:J40) -> 0 | K41: =SUM(K39:K40) -> 0 | L41: =SUM(L39:L40) -> 0 | ... AB41: =SUM(AB39:AB40) -> 0 | AC41: =SUM(E41:AB41) -> 15
A43: IV | B43: DATA RINCIAN PEROLEHAN SUARA PASANGAN CALON BUPATI DAN WAKIL BUPATI
A44: NOMOR DAN NAMA CALON
A45: A.1 | B45: 1. | C45: Partai Kebangkitan Bangsa | E45: 6 | F45: 6 | G45: 8 | H45: 3 | I45: 6 | J45: 3 | K45: 6 | L45: 7 | M45: 7 | N45: 7 | O45: 7 | P45: 4 | Q45: 7 | R45: 3 | S45: 10 | T45: 2 | U45: 1 | V45: 2 | W45: 12 | X45: 4 | Y45: 13 | Z45: 11 | AA45: 4 | AB45: 7 | AC45: =SUM(E45:AB45) -> 146
A46: A.2 | C46: 1. Dra. Hj. MA`MULAH HARUN, M.Pd.I. | E46: 10 | F46: 7 | G46: 16 | H46: 18 | I46: 9 | J46: 11 | K46: 4 | L46: 12 | M46: 6 | N46: 13 | O46: 25 | P46: 7 | Q46: 10 | R46: 7 | S46: 19 | T46: 0 | U46: 0 | V46: 3 | W46: 8 | X46: 9 | Y46: 21 | Z46: 12 | AA46: 14 | AB46: 13 | AC46: =SUM(E46:AB46) -> 254
C47: 2. UBAIDILLAH, S.Fil.I. | E47: 2 | F47: 0 | G47: 1 | H47: 0 | I47: 2 | J47: 1 | K47: 3 | L47: 1 | M47: 0 | N47: 2 | O47: 1 | P47: 3 | Q47: 1 | R47: 2 | S47: 1 | T47: 0 | U47: 1 | V47: 0 | W47: 1 | X47: 1 | Y47: 3 | Z47: 2 | AA47: 0 | AB47: 3 | AC47: =SUM(E47:AB47) -> 31
C48: 3. Ir. H. YOYOK MULYADI, M.Si. | E48: 2 | F48: 1 | G48: 3 | H48: 2 | I48: 0 | J48: 0 | K48: 1 | L48: 1 | M48: 0 | N48: 0 | O48: 1 | P48: 1 | Q48: 1 | R48: 1 | S48: 0 | T48: 0 | U48: 0 | V48: 0 | W48: 1 | X48: 0 | Y48: 1 | Z48: 1 | AA48: 0 | AB48: 0 | AC48: =SUM(E48:AB48) -> 17
C49: 4. KHOIRUL ANWAR, S.Fil.I. | E49: 1 | F49: 0 | G49: 1 | H49: 0 | I49: 2 | J49: 0 | K49: 1 | L49: 1 | M49: 1 | N49: 0 | O49: 1 | P49: 2 | Q49: 0 | R49: 0 | S49: 1 | T49: 1 | U49: 0 | V49: 0 | W49: 1 | X49: 1 | Y49: 1 | Z49: 0 | AA49: 1 | AB49: 0 | AC49: =SUM(E49:AB49) -> 16
C50: 5. ARIF WIJAKSANA | E50: 2 | F50: 1 | G50: 2 | H50: 1 | I50: 3 | J50: 4 | K50: 1 | L50: 0 | M50: 1 | N50: 4 | O50: 1 | P50: 3 | Q50: 0 | R50: 1 | S50: 10 | T50: 0 | U50: 0 | V50: 0 | W50: 2 | X50: 1 | Y50: 4 | Z50: 1 | AA50: 3 | AB50: 0 | AC50: =SUM(E50:AB50) -> 45
C51: 6. Dr. SITI YUMNAH | E51: 0 | F51: 0 | G51: 1 | H51: 0 | I51: 2 | J51: 3 | K51: 1 | L51: 0 | M51: 0 | N51: 0 | O51: 1 | P51: 0 | Q51: 0 | R51: 0 | S51: 0 | T51: 0 | U51: 0 | V51: 0 | W51: 1 | X51: 0 | Y51: 3 | Z51: 0 | AA51: 0 | AB51: 0 | AC51: =SUM(E51:AB51) -> 12
C52: 7. MOHAMMAD ZAINI, M.Pd.I. | E52: 0 | F52: 0 | G52: 0 | H52: 1 | I52: 1 | J52: 0 | K52: 0 | L52: 0 | M52: 0 | N52: 0 | O52: 1 | P52: 0 | Q52: 0 | R52: 1 | S52: 0 | T52: 0 | U52: 0 | V52: 0 | W52: 0 | X52: 0 | Y52: 1 | Z52: 0 | AA52: 1 | AB52: 0 | AC52: =SUM(E52:AB52) -> 6
C53: 8. FAWAIDUL MAKKIYAH | E53: 1 | F53: 0 | G53: 0 | H53: 0 | I53: 0 | J53: 0 | K53: 0 | L53: 0 | M53: 0 | N53: 0 | O53: 0 | P53: 1 | Q53: 0 | R53: 0 | S53: 0 | T53: 0 | U53: 0 | V53: 0 | W53: 0 | X53: 0 | Y53: 1 | Z53: 0 | AA53: 0 | AB53: 0 | AC53: =SUM(E53:AB53) -> 3
C54: 9. IFFAH HIDAYATUR ROHMAH, S.Sos. | E54: 2 | F54: 1 | G54: 1 | H54: 0 | I54: 1 | J54: 0 | K54: 0 | L54: 1 | M54: 0 | N54: 0 | O54: 0 | P54: 0 | Q54: 0 | R54: 2 | S54: 1 | T54: 0 | U54: 0 | V54: 1 | W54: 0 | X54: 0 | Y54: 1 | Z54: 0 | AA54: 1 | AB54: 0 | AC54: =SUM(E54:AB54) -> 12
A55: B | B55: JUMLAH SUARA SAH PARTAI POLITIK DAN CALON (A1 + A2) | E55: =SUM(E45:E54) -> 26 | F55: =SUM(F45:F54) -> 16 | G55: =SUM(G45:G54) -> 33 | H55: =SUM(H45:H54) -> 25 | I55: =SUM(I45:I54) -> 26 | J55: =SUM(J45:J54) -> 22 | K55: =SUM(K45:K54) -> 17 | L55: =SUM(L45:L54) -> 23 | ... AC55: =SUM(AC45:AC54) -> 542
A57: A.1 | B57: 2. | C57: Partai Gerakan Indonesia Raya | E57: 9 | F57: 6 | G57: 5 | H57: 6 | I57: 8 | J57: 11 | K57: 11 | L57: 11 | M57: 9 | N57: 11 | O57: 11 | P57: 7 | Q57: 19 | R57: 11 | S57: 6 | T57: 19 | U57: 18 | V57: 2 | W57: 13 | X57: 11 | Y57: 14 | Z57: 32 | AA57: 9 | AB57: 11 | AC57: =SUM(E57:AB57) -> 270
A58: A.2 | C58: 1. AHMAD HADINUDDIN, S.Pd.I. | E58: 24 | F58: 17 | G58: 76 | H58: 90 | I58: 37 | J58: 27 | K58: 11 | L58: 21 | M58: 13 | N58: 5 | O58: 13 | P58: 21 | Q58: 95 | R58: 90 | S58: 3 | T58: 56 | U58: 13 | V58: 3 | W58: 42 | X58: 10 | Y58: 45 | Z58: 19 | AA58: 51 | AB58: 86 | AC58: =SUM(E58:AB58) -> 868
C59: 2. BIMA RAFSANJANI RAFID | E59: 2 | F59: 9 | G59: 1 | H59: 1 | I59: 4 | J59: 10 | K59: 2 | L59: 4 | M59: 6 | N59: 5 | O59: 10 | P59: 8 | Q59: 4 | R59: 1 | S59: 1 | T59: 5 | U59: 4 | V59: 0 | W59: 1 | X59: 9 | Y59: 4 | Z59: 6 | AA59: 14 | AB59: 6 | AC59: =SUM(E59:AB59) -> 117
C60: 3. IRA DAMAYANTI | E60: 2 | F60: 1 | G60: 1 | H60: 0 | I60: 4 | J60: 3 | K60: 0 | L60: 2 | M60: 1 | N60: 4 | O60: 3 | P60: 3 | Q60: 4 | R60: 1 | S60: 0 | T60: 2 | U60: 3 | V60: 0 | W60: 3 | X60: 1 | Y60: 0 | Z60: 3 | AA60: 0 | AB60: 3 | AC60: =SUM(E60:AB60) -> 44
C61: 4. MAULANA MALIK IBRAHIM, S.H. | E61: 4 | F61: 3 | G61: 3 | H61: 1 | I61: 6 | J61: 3 | K61: 3 | L61: 0 | M61: 2 | N61: 0 | O61: 2 | P61: 1 | Q61: 7 | R61: 22 | S61: 14 | T61: 14 | U61: 9 | V61: 1 | W61: 6 | X61: 1 | Y61: 1 | Z61: 2 | AA61: 0 | AB61: 1 | AC61: =SUM(E61:AB61) -> 106
C62: 5. LULUK ALFIATI | E62: 1 | F62: 1 | G62: 2 | H62: 0 | I62: 0 | J62: 2 | K62: 0 | L62: 2 | M62: 0 | N62: 1 | O62: 0 | P62: 1 | Q62: 0 | R62: 0 | S62: 1 | T62: 2 | U62: 2 | V62: 0 | W62: 1 | X62: 2 | Y62: 3 | Z62: 2 | AA62: 2 | AB62: 1 | AC62: =SUM(E62:AB62) -> 26
C63: 6. ILHAM WAHYUDI, S.H. | E63: 0 | F63: 0 | G63: 1 | H63: 0 | I63: 3 | J63: 2 | K63: 0 | L63: 0 | M63: 0 | N63: 1 | O63: 1 | P63: 0 | Q63: 0 | R63: 0 | S63: 1 | T63: 0 | U63: 0 | V63: 1 | W63: 0 | X63: 0 | Y63: 3 | Z63: 0 | AA63: 1 | AB63: 0 | AC63: =SUM(E63:AB63) -> 14
C64: 7. HAERUL ANWAR, S.Pd.I. | E64: 0 | F64: 1 | G64: 0 | H64: 0 | I64: 0 | J64: 0 | K64: 0 | L64: 0 | M64: 0 | N64: 0 | O64: 0 | P64: 0 | Q64: 0 | R64: 0 | S64: 0 | T64: 0 | U64: 0 | V64: 0 | W64: 0 | X64: 0 | Y64: 0 | Z64: 0 | AA64: 0 | AB64: 0 | AC64: =SUM(E64:AB64) -> 1
C65: 8. YOVI ADHITYA WARDANI | E65: 0 | F65: 0 | G65: 0 | H65: 0 | I65: 0 | J65: 0 | K65: 1 | L65: 0 | M65: 0 | N65: 0 | O65: 1 | P65: 0 | Q65: 0 | R65: 0 | S65: 1 | T65: 0 | U65: 1 | V65: 0 | W65: 0 | X65: 0 | Y65: 0 | Z65: 0 | AA65: 0 | AB65: 0 | AC65: =SUM(E65:AB65) -> 4
C66: 9. RITA AMELIA | E66: 0 | F66: 0 | G66: 1 | H66: 0 | I66: 0 | J66: 0 | K66: 0 | L66: 1 | M66: 2 | N66: 3 | O66: 0 | P66: 0 | Q66: 0 | R66: 0 | S66: 1 | T66: 1 | U66: 1 | V66: 0 | W66: 1 | X66: 0 | Y66: 0 | Z66: 1 | AA66: 2 | AB66: 1 | AC66: =SUM(E66:AB66) -> 15
A67: B | B67: JUMLAH SUARA SAH PARTAI POLITIK DAN CALON (A1 + A2) | E67: =SUM(E57:E66) -> 42 | F67: =SUM(F57:F66) -> 38 | G67: =SUM(G57:G66) -> 90 | H67: =SUM(H57:H66) -> 98 | I67: =SUM(I57:I66) -> 62 | J67: =SUM(J57:J66) -> 58 | K67: =SUM(K57:K66) -> 28 | L67: =SUM(L57:L66) -> 41 | ... AC67: =SUM(AC57:AC66) -> 1465
A69: A.1 | B69: 3. | C69: Partai Demokrasi Indonesia Perjuangan | E69: 9 | F69: 14 | G69: 6 | H69: 0 | I69: 9 | J69: 14 | K69: 34 | L69: 5 | M69: 15 | N69: 16 | O69: 20 | P69: 9 | Q69: 12 | R69: 11 | S69: 2 | T69: 7 | U69: 14 | V69: 7 | W69: 17 | X69: 22 | Y69: 10 | Z69: 21 | AA69: 6 | AB69: 9 | AC69: =SUM(E69:AB69) -> 289
A70: A.2 | C70: 1. MARTIN H., S.H., M.H. | E70: 4 | F70: 4 | G70: 1 | H70: 2 | I70: 4 | J70: 4 | K70: 22 | L70: 2 | M70: 4 | N70: 6 | O70: 7 | P70: 4 | Q70: 2 | R70: 9 | S70: 1 | T70: 19 | U70: 13 | V70: 5 | W70: 7 | X70: 18 | Y70: 7 | Z70: 14 | AA70: 4 | AB70: 1 | AC70: =SUM(E70:AB70) -> 164
C71: 2. HERMANTO, S.E. | E71: 4 | F71: 6 | G71: 1 | H71: 1 | I71: 4 | J71: 5 | K71: 4 | L71: 2 | M71: 1 | N71: 6 | O71: 2 | P71: 4 | Q71: 2 | R71: 2 | S71: 1 | T71: 3 | U71: 2 | V71: 2 | W71: 3 | X71: 6 | Y71: 2 | Z71: 16 | AA71: 2 | AB71: 1 | AC71: =SUM(E71:AB71) -> 82
C72: 3. EVY SUSILAWATI, S.E., M.M. | E72: 2 | F72: 3 | G72: 4 | H72: 2 | I72: 2 | J72: 12 | K72: 2 | L72: 1 | M72: 1 | N72: 3 | O72: 3 | P72: 6 | Q72: 1 | R72: 2 | S72: 8 | T72: 5 | U72: 6 | V72: 0 | W72: 1 | X72: 3 | Y72: 4 | Z72: 4 | AA72: 0 | AB72: 0 | AC72: =SUM(E72:AB72) -> 75
C73: 4. M. SIROTTUDIN | E73: 0 | F73: 1 | G73: 0 | H73: 0 | I73: 0 | J73: 4 | K73: 2 | L73: 2 | M73: 4 | N73: 0 | O73: 3 | P73: 0 | Q73: 1 | R73: 2 | S73: 2 | T73: 1 | U73: 3 | V73: 4 | W73: 1 | X73: 2 | Y73: 1 | Z73: 2 | AA73: 2 | AB73: 0 | AC73: =SUM(E73:AB73) -> 37
C74: 5. ABDUL HAFID, S.H. | E74: 0 | F74: 4 | G74: 2 | H74: 0 | I74: 2 | J74: 4 | K74: 2 | L74: 0 | M74: 2 | N74: 0 | O74: 1 | P74: 3 | Q74: 1 | R74: 1 | S74: 1 | T74: 1 | U74: 2 | V74: 1 | W74: 3 | X74: 2 | Y74: 1 | Z74: 1 | AA74: 1 | AB74: 1 | AC74: =SUM(E74:AB74) -> 36
C75: 6. NIKITA FORTUNA SURYANINGATI, A.Md.Keb. | E75: 4 | F75: 0 | G75: 2 | H75: 1 | I75: 1 | J75: 3 | K75: 1 | L75: 1 | M75: 0 | N75: 3 | O75: 1 | P75: 1 | Q75: 0 | R75: 0 | S75: 0 | T75: 1 | U75: 2 | V75: 1 | W75: 1 | X75: 0 | Y75: 0 | Z75: 3 | AA75: 1 | AB75: 1 | AC75: =SUM(E75:AB75) -> 28
C76: 7. YUDHO ILHAM WIJAYA, S.E. | E76: 0 | F76: 0 | G76: 0 | H76: 0 | I76: 1 | J76: 1 | K76: 0 | L76: 0 | M76: 0 | N76: 0 | O76: 0 | P76: 0 | Q76: 1 | R76: 1 | S76: 0 | T76: 0 | U76: 0 | V76: 0 | W76: 0 | X76: 0 | Y76: 2 | Z76: 1 | AA76: 0 | AB76: 0 | AC76: =SUM(E76:AB76) -> 7
C77: 8. SETIAWATI, S.H. | E77: 0 | F77: 0 | G77: 1 | H77: 0 | I77: 2 | J77: 1 | K77: 1 | L77: 1 | M77: 0 | N77: 1 | O77: 1 | P77: 0 | Q77: 1 | R77: 0 | S77: 0 | T77: 1 | U77: 0 | V77: 0 | W77: 1 | X77: 1 | Y77: 0 | Z77: 2 | AA77: 1 | AB77: 1 | AC77: =SUM(E77:AB77) -> 16
C78: 9. EKO BUDI SANTOSO, S.H. | E78: 2 | F78: 1 | G78: 0 | H78: 0 | I78: 0 | J78: 0 | K78: 3 | L78: 3 | M78: 2 | N78: 1 | O78: 0 | P78: 0 | Q78: 1 | R78: 0 | S78: 1 | T78: 2 | U78: 3 | V78: 3 | W78: 0 | X78: 0 | Y78: 2 | Z78: 1 | AA78: 2 | AB78: 0 | AC78: =SUM(E78:AB78) -> 27
A79: B | B79: JUMLAH SUARA SAH PARTAI POLITIK DAN CALON (A1 + A2) | E79: =SUM(E69:E78) -> 25 | F79: =SUM(F69:F78) -> 33 | G79: =SUM(G69:G78) -> 17 | H79: =SUM(H69:H78) -> 6 | I79: =SUM(I69:I78) -> 25 | J79: =SUM(J69:J78) -> 48 | K79: =SUM(K69:K78) -> 71 | L79: =SUM(L69:L78) -> 17 | ... AC79: =SUM(AC69:AC78) -> 761
A81: A.1 | B81: 4. | C81: Partai Golongan Karya | E81: 2 | F81: 4 | G81: 0 | H81: 1 | I81: 3 | J81: 3 | K81: 3 | L81: 0 | M81: 1 | N81: 2 | O81: 5 | P81: 2 | Q81: 0 | R81: 1 | S81: 4 | T81: 1 | U81: 5 | V81: 0 | W81: 1 | X81: 3 | Y81: 2 | Z81: 2 | AA81: 1 | AB81: 2 | AC81: =SUM(E81:AB81) -> 48
A82: A.2 | C82: 1. PRANAYA YUDHA MAHARDHIKA | E82: 3 | F82: 2 | G82: 0 | H82: 3 | I82: 6 | J82: 3 | K82: 1 | L82: 0 | M82: 4 | N82: 4 | O82: 4 | P82: 4 | Q82: 1 | R82: 0 | S82: 4 | T82: 3 | U82: 5 | V82: 1 | W82: 2 | X82: 2 | Y82: 2 | Z82: 3 | AA82: 1 | AB82: 4 | AC82: =SUM(E82:AB82) -> 62
C83: 2. Dra. Ec. ENDANG SULASTUTY, M.I.P. | E83: 1 | F83: 1 | G83: 0 | H83: 2 | I83: 0 | J83: 0 | K83: 2 | L83: 1 | M83: 0 | N83: 0 | O83: 0 | P83: 0 | Q83: 1 | R83: 0 | S83: 0 | T83: 0 | U83: 1 | V83: 0 | W83: 1 | X83: 1 | Y83: 0 | Z83: 0 | AA83: 2 | AB83: 0 | AC83: =SUM(E83:AB83) -> 13
C84: 3. AGUS REJEKI WARTONO | E84: 1 | F84: 0 | G84: 0 | H84: 1 | I84: 0 | J84: 1 | K84: 0 | L84: 1 | M84: 1 | N84: 0 | O84: 0 | P84: 1 | Q84: 0 | R84: 0 | S84: 0 | T84: 0 | U84: 0 | V84: 0 | W84: 0 | X84: 2 | Y84: 1 | Z84: 0 | AA84: 0 | AB84: 0 | AC84: =SUM(E84:AB84) -> 9
C85: 4. Hj. TUTUK ASMA'A ZUCHROH, S.T., M.T. | E85: 1 | F85: 1 | G85: 0 | H85: 3 | I85: 2 | J85: 0 | K85: 0 | L85: 1 | M85: 0 | N85: 0 | O85: 0 | P85: 0 | Q85: 0 | R85: 1 | S85: 3 | T85: 0 | U85: 1 | V85: 0 | W85: 0 | X85: 1 | Y85: 0 | Z85: 3 | AA85: 4 | AB85: 1 | AC85: =SUM(E85:AB85) -> 22
C86: 5. ADE M. RIZKI, S.E. | E86: 3 | F86: 0 | G86: 2 | H86: 2 | I86: 0 | J86: 0 | K86: 2 | L86: 1 | M86: 0 | N86: 0 | O86: 10 | P86: 3 | Q86: 1 | R86: 1 | S86: 1 | T86: 0 | U86: 0 | V86: 3 | W86: 0 | X86: 0 | Y86: 0 | Z86: 0 | AA86: 0 | AB86: 1 | AC86: =SUM(E86:AB86) -> 30
C87: 6. ABDURAKHMAN, Bc.Kn. | E87: 0 | F87: 0 | G87: 0 | H87: 0 | I87: 0 | J87: 0 | K87: 0 | L87: 0 | M87: 0 | N87: 0 | O87: 0 | P87: 0 | Q87: 0 | R87: 0 | S87: 0 | T87: 0 | U87: 0 | V87: 0 | W87: 0 | X87: 0 | Y87: 0 | Z87: 0 | AA87: 0 | AB87: 0 | AC87: =SUM(E87:AB87) -> 0
C88: 7. CENDY RHIYAN ADI PUTRI | E88: 0 | F88: 0 | G88: 0 | H88: 0 | I88: 0 | J88: 0 | K88: 0 | L88: 0 | M88: 0 | N88: 1 | O88: 0 | P88: 0 | Q88: 0 | R88: 0 | S88: 1 | T88: 0 | U88: 0 | V88: 0 | W88: 0 | X88: 0 | Y88: 0 | Z88: 1 | AA88: 0 | AB88: 0 | AC88: =SUM(E88:AB88) -> 3
C89: 8. BAKTI WIJAYANTO, S.E. | E89: 0 | F89: 0 | G89: 0 | H89: 0 | I89: 0 | J89: 0 | K89: 0 | L89: 0 | M89: 0 | N89: 0 | O89: 0 | P89: 1 | Q89: 0 | R89: 0 | S89: 0 | T89: 0 | U89: 0 | V89: 1 | W89: 0 | X89: 0 | Y89: 0 | Z89: 0 | AA89: 0 | AB89: 0 | AC89: =SUM(E89:AB89) -> 2
C90: 9. AHMAD UBAIDILLAH | E90: 0 | F90: 0 | G90: 0 | H90: 1 | I90: 0 | J90: 0 | K90: 0 | L90: 0 | M90: 0 | N90: 0 | O90: 0 | P90: 0 | Q90: 1 | R90: 0 | S90: 0 | T90: 0 | U90: 0 | V90: 0 | W90: 0 | X90: 0 | Y90: 1 | Z90: 0 | AA90: 3 | AB90: 0 | AC90: =SUM(E90:AB90) -> 6
A91: B | B91: JUMLAH SUARA SAH PARTAI POLITIK DAN CALON (A1 + A2) | E91: =SUM(E81:E90) -> 11 | F91: =SUM(F81:F90) -> 8 | G91: =SUM(G81:G90) -> 2 | H91: =SUM(H81:H90) -> 13 | I91: =SUM(I81:I90) -> 11 | J91: =SUM(J81:J90) -> 7 | K91: =SUM(K81:K90) -> 8 | L91: =SUM(L81:L90) -> 4 | ... AC91: =SUM(AC81:AC90) -> 195
A93: A.1 | B93: 5. | C93: Partai NasDem | E93: 0 | F93: 0 | G93: 0 | H93: 0 | I93: 1 | J93: 1 | K93: 1 | L93: 0 | M93: 1 | N93: 2 | O93: 0 | P93: 2 | Q93: 1 | R93: 0 | S93: 1 | T93: 0 | U93: 0 | V93: 0 | W93: 1 | X93: 1 | Y93: 3 | Z93: 1 | AA93: 0 | AB93: 0 | AC93: =SUM(E93:AB93) -> 16
A94: A.2 | C94: 1. ALI MUSTOFA, A.Md. | E94: 2 | F94: 0 | G94: 0 | H94: 4 | I94: 2 | J94: 2 | K94: 8 | L94: 6 | M94: 1 | N94: 5 | O94: 2 | P94: 10 | Q94: 1 | R94: 0 | S94: 0 | T94: 2 | U94: 0 | V94: 0 | W94: 0 | X94: 0 | Y94: 0 | Z94: 0 | AA94: 1 | AB94: 0 | AC94: =SUM(E94:AB94) -> 46
C95: 2. Hj. BUAMI, S.H. | E95: 0 | F95: 0 | G95: 0 | H95: 0 | I95: 0 | J95: 0 | K95: 0 | L95: 1 | M95: 0 | N95: 0 | O95: 1 | P95: 0 | Q95: 0 | R95: 1 | S95: 0 | T95: 0 | U95: 1 | V95: 0 | W95: 0 | X95: 0 | Y95: 0 | Z95: 0 | AA95: 0 | AB95: 1 | AC95: =SUM(E95:AB95) -> 5
C96: 3. SUGIONO, S.H. | E96: 0 | F96: 0 | G96: 0 | H96: 0 | I96: 0 | J96: 0 | K96: 0 | L96: 0 | M96: 0 | N96: 0 | O96: 0 | P96: 1 | Q96: 0 | R96: 0 | S96: 1 | T96: 0 | U96: 0 | V96: 0 | W96: 0 | X96: 0 | Y96: 0 | Z96: 0 | AA96: 0 | AB96: 0 | AC96: =SUM(E96:AB96) -> 2
C97: 4. LULUK SUNARMIATININGSIH | E97: 0 | F97: 0 | G97: 0 | H97: 0 | I97: 0 | J97: 0 | K97: 0 | L97: 0 | M97: 0 | N97: 0 | O97: 0 | P97: 0 | Q97: 0 | R97: 0 | S97: 0 | T97: 0 | U97: 0 | V97: 0 | W97: 0 | X97: 0 | Y97: 1 | Z97: 0 | AA97: 0 | AB97: 0 | AC97: =SUM(E97:AB97) -> 1
C98: 5. ANTON DJULIANTO ADI | E98: 0 | F98: 0 | G98: 1 | H98: 0 | I98: 0 | J98: 0 | K98: 0 | L98: 0 | M98: 0 | N98: 0 | O98: 0 | P98: 0 | Q98: 0 | R98: 0 | S98: 0 | T98: 0 | U98: 0 | V98: 0 | W98: 0 | X98: 1 | Y98: 0 | Z98: 0 | AA98: 0 | AB98: 0 | AC98: =SUM(E98:AB98) -> 2
C99: 6. MOKHAMAD ROFI'I KHUSNAN | E99: 0 | F99: 0 | G99: 0 | H99: 0 | I99: 0 | J99: 0 | K99: 0 | L99: 0 | M99: 0 | N99: 0 | O99: 0 | P99: 1 | Q99: 0 | R99: 0 | S99: 0 | T99: 0 | U99: 0 | V99: 0 | W99: 0 | X99: 0 | Y99: 0 | Z99: 0 | AA99: 0 | AB99: 0 | AC99: =SUM(E99:AB99) -> 1
C100: 7. Rr SETYO WATI | E100: 0 | F100: 0 | G100: 0 | H100: 0 | I100: 0 | J100: 0 | K100: 0 | L100: 0 | M100: 0 | N100: 0 | O100: 0 | P100: 0 | Q100: 0 | R100: 0 | S100: 0 | T100: 0 | U100: 0 | V100: 0 | W100: 0 | X100: 1 | Y100: 1 | Z100: 0 | AA100: 0 | AB100: 0 | AC100: =SUM(E100:AB100) -> 2
C101: 8. ABD. KADIR ASSEGAFF | E101: 0 | F101: 0 | G101: 0 | H101: 0 | I101: 0 | J101: 0 | K101: 1 | L101: 0 | M101: 0 | N101: 1 | O101: 0 | P101: 0 | Q101: 0 | R101: 0 | S101: 1 | T101: 0 | U101: 0 | V101: 0 | W101: 0 | X101: 0 | Y101: 0 | Z101: 0 | AA101: 0 | AB101: 0 | AC101: =SUM(E101:AB101) -> 3
C102: 9. FATHOR ZAINULLAH | E102: 0 | F102: 0 | G102: 0 | H102: 0 | I102: 0 | J102: 0 | K102: 0 | L102: 0 | M102: 0 | N102: 0 | O102: 0 | P102: 0 | Q102: 0 | R102: 0 | S102: 0 | T102: 0 | U102: 0 | V102: 0 | W102: 0 | X102: 0 | Y102: 1 | Z102: 0 | AA102: 0 | AB102: 0 | AC102: =SUM(E102:AB102) -> 1
A103: B | B103: JUMLAH SUARA SAH PARTAI POLITIK DAN CALON (A1 + A2) | E103: =SUM(E93:E102) -> 2 | F103: =SUM(F93:F102) -> 0 | G103: =SUM(G93:G102) -> 1 | H103: =SUM(H93:H102) -> 4 | I103: =SUM(I93:I102) -> 3 | J103: =SUM(J93:J102) -> 3 | K103: =SUM(K93:K102) -> 10 | L103: =SUM(L93:L102) -> 7 | ... AC103: =SUM(AC93:AC102) -> 79
A105: A.1 | B105: 6. | C105: Partai Buruh | E105: 3 | F105: 0 | G105: 1 | H105: 1 | I105: 6 | J105: 3 | K105: 1 | L105: 3 | M105: 0 | N105: 3 | O105: 1 | P105: 5 | Q105: 3 | R105: 1 | S105: 2 | T105: 0 | U105: 1 | V105: 0 | W105: 2 | X105: 0 | Y105: 2 | Z105: 3 | AA105: 2 | AB105: 6 | AC105: =SUM(E105:AB105) -> 49
A106: A.2 | C106: 1. AGUS SUPRIYADI | E106: 0 | F106: 0 | G106: 0 | H106: 1 | I106: 0 | J106: 0 | K106: 1 | L106: 0 | M106: 0 | N106: 0 | O106: 0 | P106: 2 | Q106: 1 | R106: 1 | S106: 0 | T106: 1 | U106: 0 | V106: 0 | W106: 0 | X106: 1 | Y106: 0 | Z106: 0 | AA106: 0 | AB106: 0 | AC106: =SUM(E106:AB106) -> 8
C107: 2. ENI HARIATI | E107: 0 | F107: 0 | G107: 0 | H107: 0 | I107: 0 | J107: 0 | K107: 0 | L107: 2 | M107: 0 | N107: 3 | O107: 1 | P107: 0 | Q107: 0 | R107: 0 | S107: 0 | T107: 0 | U107: 1 | V107: 0 | W107: 0 | X107: 0 | Y107: 0 | Z107: 0 | AA107: 0 | AB107: 1 | AC107: =SUM(E107:AB107) -> 8
A115: B | B115: JUMLAH SUARA SAH PARTAI POLITIK DAN CALON (A1 + A2) | E115: =SUM(E105:E114) -> 3 | F115: =SUM(F105:F114) -> 0 | G115: =SUM(G105:G114) -> 1 | H115: =SUM(H105:H114) -> 2 | I115: =SUM(I105:I114) -> 6 | J115: =SUM(J105:J114) -> 3 | K115: =SUM(K105:K114) -> 2 | L115: =SUM(L105:L114) -> 5 | ... AC115: =SUM(AC105:AC114) -> 65
A117: A.1 | B117: 7. | C117: Partai Gelombang Rakyat Indonesia | E117: 4 | F117: 1 | G117: 0 | H117: 2 | I117: 2 | J117: 1 | K117: 0 | L117: 0 | M117: 1 | N117: 0 | O117: 1 | P117: 1 | Q117: 0 | R117: 0 | S117: 0 | T117: 0 | U117: 0 | V117: 1 | W117: 0 | X117: 0 | Y117: 0 | Z117: 1 | AA117: 2 | AB117: 2 | AC117: =SUM(E117:AB117) -> 19
A118: A.2 | C118: 1. MIRZA MUHROSNI AROMA | E118: 0 | F118: 1 | G118: 0 | H118: 0 | I118: 0 | J118: 0 | K118: 1 | L118: 0 | M118: 0 | N118: 0 | O118: 0 | P118: 0 | Q118: 0 | R118: 0 | S118: 0 | T118: 0 | U118: 0 | V118: 0 | W118: 1 | X118: 0 | Y118: 0 | Z118: 0 | AA118: 0 | AB118: 0 | AC118: =SUM(E118:AB118) -> 3
C119: 2. ACHMAD BAGUS SUGIARTO | E119: 0 | F119: 0 | G119: 1 | H119: 0 | I119: 0 | J119: 0 | K119: 0 | L119: 0 | M119: 0 | N119: 0 | O119: 1 | P119: 0 | Q119: 0 | R119: 0 | S119: 0 | T119: 1 | U119: 0 | V119: 0 | W119: 0 | X119: 0 | Y119: 0 | Z119: 0 | AA119: 1 | AB119: 0 | AC119: =SUM(E119:AB119) -> 4
C120: 3. ELOK FITRIYA NINGSIH | E120: 0 | F120: 0 | G120: 0 | H120: 0 | I120: 0 | J120: 0 | K120: 0 | L120: 0 | M120: 0 | N120: 0 | O120: 0 | P120: 0 | Q120: 0 | R120: 0 | S120: 0 | T120: 0 | U120: 0 | V120: 0 | W120: 0 | X120: 0 | Y120: 0 | Z120: 0 | AA120: 0 | AB120: 0 | AC120: =SUM(E120:AB120) -> 0
C121: 4. MADI | E121: 0 | F121: 0 | G121: 0 | H121: 0 | I121: 0 | J121: 0 | K121: 0 | L121: 0 | M121: 0 | N121: 0 | O121: 0 | P121: 0 | Q121: 0 | R121: 0 | S121: 0 | T121: 0 | U121: 1 | V121: 0 | W121: 0 | X121: 0 | Y121: 0 | Z121: 0 | AA121: 0 | AB121: 0 | AC121: =SUM(E121:AB121) -> 1
C122: 5. LUKY PERMANASARI | E122: 0 | F122: 0 | G122: 0 | H122: 0 | I122: 0 | J122: 0 | K122: 0 | L122: 0 | M122: 0 | N122: 0 | O122: 0 | P122: 0 | Q122: 0 | R122: 0 | S122: 0 | T122: 0 | U122: 0 | V122: 0 | W122: 0 | X122: 0 | Y122: 0 | Z122: 0 | AA122: 0 | AB122: 1 | AC122: =SUM(E122:AB122) -> 1
A127: B | B127: JUMLAH SUARA SAH PARTAI POLITIK DAN CALON (A1 + A2) | E127: =SUM(E117:E126) -> 4 | F127: =SUM(F117:F126) -> 2 | G127: =SUM(G117:G126) -> 1 | H127: =SUM(H117:H126) -> 2 | I127: =SUM(I117:I126) -> 2 | J127: =SUM(J117:J126) -> 1 | K127: =SUM(K117:K126) -> 1 | L127: =SUM(L117:L126) -> 0 | ... AC127: =SUM(AC117:AC126) -> 28
A129: A.1 | B129: 8. | C129: Partai Keadilan Sejahtera | E129: 2 | F129: 1 | G129: 0 | H129: 0 | I129: 0 | J129: 2 | K129: 1 | L129: 2 | M129: 2 | N129: 3 | O129: 3 | P129: 3 | Q129: 0 | R129: 1 | S129: 2 | T129: 1 | U129: 0 | V129: 0 | W129: 0 | X129: 0 | Y129: 1 | Z129: 0 | AA129: 0 | AB129: 0 | AC129: =SUM(E129:AB129) -> 24
...

Sheet WRINGINAGUNG
C2: Kecamatan | D2: GAMBIRAN
C3: Kabupaten | D3: BANYUWANGI
C4: Provinsi | D4: JAWA TIMUR
C9: Kelurahan | D9: WRINGINAGUNG
A12: I | B12: DATA PEMILIH DAN PENGGUNAAN HAK PILIH | AB12: JUMLAH AKHIR
A13: A | B13: DATA PEMILIH | E13: TPS 001 | F13: TPS 002 | G13: TPS 003 | H13: TPS 004 | I13: TPS 005 | J13: TPS 006 | K13: TPS 007 | L13: TPS 008 | M13: TPS 009 | N13: TPS 010 | O13: TPS 011 | P13: TPS 012 | Q13: TPS 013 | R13: TPS 014 | S13: TPS 015 | T13: TPS 016 | U13: TPS 017 | V13: TPS 018 | W13: TPS 019 | X13: TPS 020 | Y13: TPS 021 | Z13: TPS 022 | AA13: TPS 023
B14: Jumlah Pemilih dalam Daftar Pemilih Tetap (DPT) | D14: LK | E14: 139 | F14: 131 | G14: 139 | H14: 147 | I14: 121 | J14: 145 | K14: 129 | L14: 152 | M14: 140 | N14: 130 | O14: 146 | P14: 129 | Q14: 122 | R14: 147 | S14: 147 | T14: 143 | U14: 120 | V14: 121 | W14: 113 | X14: 132 | Y14: 133 | Z14: 145 | AA14: 135 | AB14: =SUM(E14:AA14) -> 3106
D15: PR | E15: 143 | F15: 156 | G15: 137 | H15: 150 | I15: 147 | J15: 148 | K15: 125 | L15: 136 | M15: 153 | N15: 136 | O15: 137 | P15: 143 | Q15: 131 | R15: 140 | S15: 144 | T15: 133 | U15: 130 | V15: 115 | W15: 115 | X15: 138 | Y15: 129 | Z15: 142 | AA15: 145 | AB15: =SUM(E15:AA15) -> 3173
D16: JML | E16: =SUM(E14:E15) -> 282 | F16: =SUM(F14:F15) -> 287 | G16: =SUM(G14:G15) -> 276 | H16: =SUM(H14:H15) -> 297 | I16: =SUM(I14:I15) -> 268 | J16: =SUM(J14:J15) -> 293 | K16: =SUM(K14:K15) -> 254 | L16: =SUM(L14:L15) -> 288 | ... AA16: =SUM(AA14:AA15) -> 280 | AB16: =SUM(E16:AA16) -> 6279
A18: B | B18: PENGGUNA HAK PILIH
B19: 1. | C19: Jumlah pengguna hak pilih dalam Daftar Pemilih Tetap (DPT) | D19: LK | E19: 96 | F19: 104 | G19: 101 | H19: 128 | I19: 93 | J19: 103 | K19: 92 | L19: 105 | M19: 99 | N19: 86 | O19: 113 | P19: 104 | Q19: 94 | R19: 96 | S19: 110 | T19: 108 | U19: 91 | V19: 85 | W19: 78 | X19: 88 | Y19: 105 | Z19: 112 | AA19: 100 | AB19: =SUM(E19:AA19) -> 2291
D20: PR | E20: 111 | F20: 126 | G20: 110 | H20: 134 | I20: 122 | J20: 122 | K20: 94 | L20: 103 | M20: 115 | N20: 105 | O20: 108 | P20: 105 | Q20: 108 | R20: 108 | S20: 115 | T20: 110 | U20: 104 | V20: 88 | W20: 101 | X20: 114 | Y20: 114 | Z20: 118 | AA20: 107 | AB20: =SUM(E20:AA20) -> 2542
D21: JML | E21: =SUM(E19:E20) -> 207 | F21: =SUM(F19:F20) -> 230 | G21: =SUM(G19:G20) -> 211 | H21: =SUM(H19:H20) -> 262 | I21: =SUM(I19:I20) -> 215 | J21: =SUM(J19:J20) -> 225 | K21: =SUM(K19:K20) -> 186 | L21: =SUM(L19:L20) -> 208 | ... AA21: =SUM(AA19:AA20) -> 207 | AB21: =SUM(E21:AA21) -> 4833
B22: 2. | C22: Jumlah pengguna hak pilih dalam Daftar Pemilih Tambahan (DPTb) | D22: LK | E22: 0 | F22: 0 | G22: 0 | H22: 0 | I22: 0 | J22: 0 | K22: 0 | L22: 0 | M22: 0 | N22: 0 | O22: 0 | P22: 0 | Q22: 0 | R22: 0 | S22: 0 | AB22: =SUM(E22:AA22) -> 0
D23: PR | E23: 0 | F23: 3 | G23: 0 | H23: 0 | I23: 0 | J23: 0 | K23: 0 | L23: 0 | M23: 0 | N23: 0 | O23: 0 | P23: 0 | Q23: 0 | R23: 0 | S23: 0 | AB23: =SUM(E23:AA23) -> 3
D24: JML | E24: =SUM(E22:E23) -> 0 | F24: =SUM(F22:F23) -> 3 | G24: =SUM(G22:G23) -> 0 | H24: =SUM(H22:H23) -> 0 | I24: =SUM(I22:I23) -> 0 | J24: =SUM(J22:J23) -> 0 | K24: =SUM(K22:K23) -> 0 | L24: =SUM(L22:L23) -> 0 | ... AA24: =SUM(AA22:AA23) -> 0 | AB24: =SUM(E24:AA24) -> 3
B25: 3. | C25: Jumlah pengguna hak pilih dalam Daftar Pemilih Khusus (DPK) | D25: LK | E25: 0 | F25: 0 | G25: 2 | H25: 0 | I25: 5 | J25: 0 | K25: 0 | L25: 1 | M25: 1 | N25: 1 | O25: 2 | P25: 0 | Q25: 1 | R25: 1 | S25: 2 | T25: 0 | U25: 0 | V25: 1 | W25: 0 | X25: 1 | Y25: 2 | Z25: 0 | AA25: 4 | AB25: =SUM(E25:AA25) -> 24
D26: PR | E26: 0 | F26: 0 | G26: 1 | H26: 0 | I26: 6 | J26: 0 | K26: 0 | L26: 1 | M26: 0 | N26: 3 | O26: 3 | P26: 1 | Q26: 0 | R26: 0 | S26: 4 | T26: 0 | U26: 0 | V26: 1 | W26: 0 | X26: 1 | Y26: 2 | Z26: 0 | AA26: 3 | AB26: =SUM(E26:AA26) -> 26
D27: JML | E27: =SUM(E25:E26) -> 0 | F27: =SUM(F25:F26) -> 0 | G27: =SUM(G25:G26) -> 3 | H27: =SUM(H25:H26) -> 0 | I27: =SUM(I25:I26) -> 11 | J27: =SUM(J25:J26) -> 0 | K27: =SUM(K25:K26) -> 0 | L27: =SUM(L25:L26) -> 2 | ... AA27: =SUM(AA25:AA26) -> 7 | AB27: =SUM(E27:AA27) -> 50
B28: 4. | C28: Jumlah Pengguna Hak Pilih (B.1+B.2+B.3) | D28: LK | E28: =SUM(E19,E22,E25) -> 96 | F28: =SUM(F19,F22,F25) -> 104 | G28: =SUM(G19,G22,G25) -> 103 | H28: =SUM(H19,H22,H25) -> 128 | I28: =SUM(I19,I22,I25) -> 98 | J28: =SUM(J19,J22,J25) -> 103 | K28: =SUM(K19,K22,K25) -> 92 | L28: =SUM(L19,L22,L25) -> 106 | ... AA28: =SUM(AA19,AA22,AA25) -> 104 | AB28: =SUM(E28:AA28) -> 2315
D29: PR | E29: =SUM(E20,E23,E26) -> 111 | F29: =SUM(F20,F23,F26) -> 129 | G29: =SUM(G20,G23,G26) -> 111 | H29: =SUM(H20,H23,H26) -> 134 | I29: =SUM(I20,I23,I26) -> 128 | J29: =SUM(J20,J23,J26) -> 122 | K29: =SUM(K20,K23,K26) -> 94 | L29: =SUM(L20,L23,L26) -> 104 | ... AA29: =SUM(AA20,AA23,AA26) -> 110 | AB29: =SUM(E29:AA29) -> 2571
D30: JML | E30: =SUM(E28:E29) -> 207 | F30: =SUM(F28:F29) -> 233 | G30: =SUM(G28:G29) -> 214 | H30: =SUM(H28:H29) -> 262 | I30: =SUM(I28:I29) -> 226 | J30: =SUM(J28:J29) -> 225 | K30: =SUM(K28:K29) -> 186 | L30: =SUM(L28:L29) -> 210 | ... AA30: =SUM(AA28:AA29) -> 214 | AB30: =SUM(E30:AA30) -> 4886
A32: II | B32: DATA PENGGUNAAN SURAT SUARA
A33: 1 | B33: Jumlah surat suara yang diterima, termasuk surat suara cadangan 2,5% dari DPT | E33: 298 | F33: 293 | G33: 282 | H33: 303 | I33: 274 | J33: 299 | K33: 260 | L33: 294 | M33: 299 | N33: 272 | O33: 289 | P33: 278 | Q33: 259 | R33: 293 | S33: 287 | T33: 282 | U33: 255 | V33: 241 | W33: 233 | X33: 276 | Y33: 268 | Z33: 293 | AA33: 256 | AB33: =SUM(E33:AA33) -> 6384
A34: 2 | B34: Jumlah surat suara yang digunakan | E34: 207 | F34: 233 | G34: 214 | H34: 262 | I34: 226 | J34: 225 | K34: 186 | L34: 210 | M34: 215 | N34: 195 | O34: 226 | P34: 210 | Q34: 203 | R34: 205 | S34: 231 | T34: 218 | U34: 195 | V34: 175 | W34: 179 | X34: 204 | Y34: 223 | Z34: 230 | AA34: 214 | AB34: =SUM(E34:AA34) -> 4886
A35: 3 | B35: Jumlah surat suara dikembalikan oleh pemilih (karena rusak atau keliru coblos) | E35: 0 | F35: 1 | G35: 0 | H35: 0 | I35: 0 | J35: 0 | K35: 0 | L35: 0 | M35: 0 | N35: 0 | O35: 0 | P35: 0 | Q35: 0 | R35: 0 | S35: 0 | T35: 0 | U35: 1 | V35: 0 | W35: 0 | X35: 0 | Y35: 0 | Z35: 0 | AA35: 0 | AB35: =SUM(E35:AA35) -> 2
A36: 4 | B36: Jumlah surat suara yang tidak digunakan/tidak terpakai, termasuk sisa surat suara cadangan | E36: =E33-(E34+E35) -> 91 | F36: =F33-(F34+F35) -> 59 | G36: =G33-(G34+G35) -> 68 | H36: =H33-(H34+H35) -> 41 | I36: =I33-(I34+I35) -> 48 | J36: =J33-(J34+J35) -> 74 | K36: =K33-(K34+K35) -> 74 | L36: =L33-(L34+L35) -> 84 | ... AA36: =AA33-(AA34+AA35) -> 42 | AB36: =SUM(E36:AA36) -> 1496
A38: III | B38: DATA PEMILIH DISABILITAS
B39: Jumlah seluruh Pemilih disabilitas yang menggunakan hak pilih | D39: LK | Q39: 1 | T39: 0 | U39: 0 | V39: 1 | W39: 0 | X39: 0 | Y39: 0 | Z39: 0 | AA39: 1 | AB39: =SUM(E39:AA39) -> 3
D40: PR | T40: 0 | U40: 0 | V40: 1 | W40: 0 | X40: 0 | Y40: 0 | Z40: 0 | AA40: 0 | AB40: =SUM(E40:AA40) -> 1
D41: JML | E41: =SUM(E39:E40) -> 0 | F41: =SUM(F39:F40) -> 0 | G41: =SUM(G39:G40) -> 0 | H41: =SUM(H39:H40) -> 0 | I41: =SUM(I39:I40) -> 0 | J41: =SUM(J39:J40) -> 0 | K41: =SUM(K39:K40) -> 0 | L41: =SUM(L39:L40) -> 0 | ... AA41: =SUM(AA39:AA40) -> 1 | AB41: =SUM(E41:AA41) -> 4
A43: IV | B43: DATA RINCIAN PEROLEHAN SUARA PASANGAN CALON BUPATI DAN WAKIL BUPATI
A44: NOMOR DAN NAMA CALON
A45: A.1 | B45: 1. | C45: Partai Kebangkitan Bangsa | E45: 24 | F45: 6 | G45: 16 | H45: 8 | I45: 4 | J45: 6 | K45: 5 | L45: 7 | M45: 8 | N45: 8 | O45: 3 | P45: 2 | Q45: 7 | R45: 14 | S45: 9 | T45: 9 | U45: 4 | V45: 3 | W45: 1 | X45: 7 | Y45: 4 | Z45: 11 | AA45: 3 | AB45: =SUM(E45:AA45) -> 169
A46: A.2 | C46: 1. Dra. Hj. MA`MULAH HARUN, M.Pd.I. | E46: 28 | F46: 77 | G46: 13 | H46: 17 | I46: 14 | J46: 19 | K46: 8 | L46: 13 | M46: 7 | N46: 34 | O46: 11 | P46: 5 | Q46: 3 | R46: 20 | S46: 17 | T46: 29 | U46: 14 | V46: 8 | W46: 5 | X46: 17 | Y46: 9 | Z46: 9 | AA46: 10 | AB46: =SUM(E46:AA46) -> 387
C47: 2. UBAIDILLAH, S.Fil.I. | E47: 2 | F47: 1 | G47: 3 | H47: 2 | I47: 15 | J47: 9 | K47: 2 | L47: 1 | M47: 6 | N47: 13 | O47: 0 | P47: 1 | Q47: 1 | R47: 4 | S47: 5 | T47: 3 | U47: 4 | V47: 0 | W47: 0 | X47: 2 | Y47: 1 | Z47: 2 | AA47: 0 | AB47: =SUM(E47:AA47) -> 77
C48: 3. Ir. H. YOYOK MULYADI, M.Si. | E48: 1 | F48: 0 | G48: 1 | H48: 0 | I48: 0 | J48: 3 | K48: 2 | L48: 0 | M48: 2 | N48: 2 | O48: 0 | P48: 0 | Q48: 0 | R48: 1 | S48: 1 | T48: 2 | U48: 3 | V48: 1 | W48: 1 | X48: 1 | Y48: 0 | Z48: 0 | AA48: 0 | AB48: =SUM(E48:AA48) -> 21
C49: 4. KHOIRUL ANWAR, S.Fil.I. | E49: 0 | F49: 1 | G49: 1 | H49: 0 | I49: 2 | J49: 1 | K49: 0 | L49: 4 | M49: 2 | N49: 1 | O49: 0 | P49: 2 | Q49: 1 | R49: 4 | S49: 1 | T49: 2 | U49: 0 | V49: 0 | W49: 1 | X49: 2 | Y49: 2 | Z49: 1 | AA49: 1 | AB49: =SUM(E49:AA49) -> 29
C50: 5. ARIF WIJAKSANA | E50: 4 | F50: 0 | G50: 1 | H50: 0 | I50: 0 | J50: 3 | K50: 0 | L50: 13 | M50: 0 | N50: 1 | O50: 0 | P50: 0 | Q50: 0 | R50: 3 | S50: 4 | T50: 0 | U50: 1 | V50: 0 | W50: 0 | X50: 1 | Y50: 2 | Z50: 1 | AA50: 3 | AB50: =SUM(E50:AA50) -> 37
C51: 6. Dr. SITI YUMNAH | E51: 2 | F51: 3 | G51: 6 | H51: 2 | I51: 0 | J51: 1 | K51: 3 | L51: 2 | M51: 1 | N51: 2 | O51: 0 | P51: 0 | Q51: 0 | R51: 1 | S51: 0 | T51: 0 | U51: 1 | V51: 0 | W51: 0 | X51: 3 | Y51: 0 | Z51: 3 | AA51: 2 | AB51: =SUM(E51:AA51) -> 32
C52: 7. MOHAMMAD ZAINI, M.Pd.I. | E52: 0 | F52: 0 | G52: 0 | H52: 1 | I52: 2 | J52: 1 | K52: 1 | L52: 1 | M52: 3 | N52: 1 | O52: 0 | P52: 1 | Q52: 1 | R52: 2 | S52: 1 | T52: 0 | U52: 3 | V52: 0 | W52: 0 | X52: 0 | Y52: 3 | Z52: 1 | AA52: 0 | AB52: =SUM(E52:AA52) -> 22
C53: 8. FAWAIDUL MAKKIYAH | E53: 0 | F53: 0 | G53: 0 | H53: 0 | I53: 0 | J53: 0 | K53: 0 | L53: 0 | M53: 0 | N53: 1 | O53: 0 | P53: 0 | Q53: 0 | R53: 2 | S53: 1 | T53: 0 | U53: 1 | V53: 0 | W53: 2 | X53: 0 | Y53: 0 | Z53: 1 | AA53: 0 | AB53: =SUM(E53:AA53) -> 8
C54: 9. IFFAH HIDAYATUR ROHMAH, S.Sos. | E54: 0 | F54: 0 | G54: 1 | H54: 4 | I54: 0 | J54: 0 | K54: 1 | L54: 0 | M54: 0 | N54: 0 | O54: 1 | P54: 0 | Q54: 1 | R54: 1 | S54: 2 | T54: 1 | U54: 1 | V54: 2 | W54: 0 | X54: 1 | Y54: 0 | Z54: 0 | AA54: 0 | AB54: =SUM(E54:AA54) -> 16
A55: B | B55: JUMLAH SUARA SAH PARTAI POLITIK DAN CALON (A1 + A2) | E55: =SUM(E45:E54) -> 61 | F55: =SUM(F45:F54) -> 88 | G55: =SUM(G45:G54) -> 42 | H55: =SUM(H45:H54) -> 34 | I55: =SUM(I45:I54) -> 37 | J55: =SUM(J45:J54) -> 43 | K55: =SUM(K45:K54) -> 22 | L55: =SUM(L45:L54) -> 41 | ... AB55: =SUM(AB45:AB54) -> 798
A57: A.1 | B57: 2. | C57: Partai Gerakan Indonesia Raya | E57: 11 | F57: 3 | G57: 6 | H57: 9 | I57: 8 | J57: 12 | K57: 7 | L57: 12 | M57: 6 | N57: 9 | O57: 16 | P57: 4 | Q57: 7 | R57: 9 | S57: 7 | T57: 4 | U57: 5 | V57: 8 | W57: 4 | X57: 16 | Y57: 8 | Z57: 6 | AA57: 14 | AB57: =SUM(E57:AA57) -> 191
A58: A.2 | C58: 1. AHMAD HADINUDDIN, S.Pd.I. | E58: 2 | F58: 7 | G58: 11 | H58: 3 | I58: 7 | J58: 9 | K58: 4 | L58: 4 | M58: 6 | N58: 5 | O58: 9 | P58: 3 | Q58: 4 | R58: 7 | S58: 4 | T58: 15 | U58: 6 | V58: 3 | W58: 17 | X58: 16 | Y58: 12 | Z58: 11 | AA58: 7 | AB58: =SUM(E58:AA58) -> 172
C59: 2. BIMA RAFSANJANI RAFID | E59: 3 | F59: 4 | G59: 5 | H59: 5 | I59: 4 | J59: 5 | K59: 1 | L59: 28 | M59: 11 | N59: 5 | O59: 21 | P59: 4 | Q59: 4 | R59: 23 | S59: 3 | T59: 1 | U59: 2 | V59: 7 | W59: 13 | X59: 20 | Y59: 4 | Z59: 1 | AA59: 7 | AB59: =SUM(E59:AA59) -> 181
C60: 3. IRA DAMAYANTI | E60: 1 | F60: 3 | G60: 0 | H60: 1 | I60: 1 | J60: 3 | K60: 3 | L60: 2 | M60: 1 | N60: 3 | O60: 1 | P60: 3 | Q60: 2 | R60: 4 | S60: 0 | T60: 3 | U60: 1 | V60: 1 | W60: 4 | X60: 0 | Y60: 4 | Z60: 2 | AA60: 5 | AB60: =SUM(E60:AA60) -> 48
C61: 4. MAULANA MALIK IBRAHIM, S.H. | E61: 0 | F61: 2 | G61: 4 | H61: 2 | I61: 1 | J61: 3 | K61: 4 | L61: 4 | M61: 0 | N61: 1 | O61: 0 | P61: 1 | Q61: 3 | R61: 5 | S61: 5 | T61: 14 | U61: 29 | V61: 4 | W61: 1 | X61: 5 | Y61: 8 | Z61: 7 | AA61: 1 | AB61: =SUM(E61:AA61) -> 104
C62: 5. LULUK ALFIATI | E62: 1 | F62: 0 | G62: 3 | H62: 1 | I62: 0 | J62: 2 | K62: 2 | L62: 1 | M62: 2 | N62: 1 | O62: 0 | P62: 0 | Q62: 1 | R62: 1 | S62: 3 | T62: 2 | U62: 1 | V62: 1 | W62: 0 | X62: 0 | Y62: 2 | Z62: 0 | AA62: 0 | AB62: =SUM(E62:AA62) -> 24
C63: 6. ILHAM WAHYUDI, S.H. | E63: 0 | F63: 0 | G63: 2 | H63: 1 | I63: 1 | J63: 0 | K63: 0 | L63: 2 | M63: 2 | N63: 0 | O63: 1 | P63: 0 | Q63: 0 | R63: 0 | S63: 0 | T63: 0 | U63: 0 | V63: 0 | W63: 3 | X63: 0 | Y63: 1 | Z63: 0 | AA63: 1 | AB63: =SUM(E63:AA63) -> 14
C64: 7. HAERUL ANWAR, S.Pd.I. | E64: 0 | F64: 0 | G64: 1 | H64: 0 | I64: 0 | J64: 1 | K64: 0 | L64: 0 | M64: 0 | N64: 0 | O64: 0 | P64: 0 | Q64: 0 | R64: 0 | S64: 2 | T64: 0 | U64: 0 | V64: 0 | W64: 1 | X64: 0 | Y64: 0 | Z64: 0 | AA64: 1 | AB64: =SUM(E64:AA64) -> 6
C65: 8. YOVI ADHITYA WARDANI | E65: 0 | F65: 0 | G65: 0 | H65: 1 | I65: 1 | J65: 0 | K65: 0 | L65: 0 | M65: 0 | N65: 0 | O65: 0 | P65: 1 | Q65: 0 | R65: 0 | S65: 0 | T65: 0 | U65: 0 | V65: 0 | W65: 0 | X65: 0 | Y65: 0 | Z65: 0 | AA65: 0 | AB65: =SUM(E65:AA65) -> 3
C66: 9. RITA AMELIA | E66: 1 | F66: 0 | G66: 0 | H66: 5 | I66: 2 | J66: 1 | K66: 0 | L66: 2 | M66: 1 | N66: 1 | O66: 0 | P66: 0 | Q66: 0 | R66: 0 | S66: 0 | T66: 0 | U66: 0 | V66: 0 | W66: 0 | X66: 0 | Y66: 0 | Z66: 0 | AA66: 1 | AB66: =SUM(E66:AA66) -> 14
A67: B | B67: JUMLAH SUARA SAH PARTAI POLITIK DAN CALON (A1 + A2) | E67: =SUM(E57:E66) -> 19 | F67: =SUM(F57:F66) -> 19 | G67: =SUM(G57:G66) -> 32 | H67: =SUM(H57:H66) -> 28 | I67: =SUM(I57:I66) -> 25 | J67: =SUM(J57:J66) -> 36 | K67: =SUM(K57:K66) -> 21 | L67: =SUM(L57:L66) -> 55 | ... AB67: =SUM(AB57:AB66) -> 757
A69: A.1 | B69: 3. | C69: Partai Demokrasi Indonesia Perjuangan | E69: 19 | F69: 3 | G69: 11 | H69: 15 | I69: 21 | J69: 10 | K69: 14 | L69: 8 | M69: 25 | N69: 16 | O69: 33 | P69: 24 | Q69: 17 | R69: 15 | S69: 19 | T69: 8 | U69: 13 | V69: 29 | W69: 11 | X69: 10 | Y69: 14 | Z69: 29 | AA69: 19 | AB69: =SUM(E69:AA69) -> 383
A70: A.2 | C70: 1. MARTIN H., S.H., M.H. | E70: 9 | F70: 11 | G70: 7 | H70: 5 | I70: 13 | J70: 7 | K70: 11 | L70: 2 | M70: 15 | N70: 8 | O70: 16 | P70: 19 | Q70: 19 | R70: 2 | S70: 10 | T70: 14 | U70: 8 | V70: 14 | W70: 14 | X70: 14 | Y70: 17 | Z70: 18 | AA70: 16 | AB70: =SUM(E70:AA70) -> 269
C71: 2. HERMANTO, S.E. | E71: 5 | F71: 4 | G71: 7 | H71: 6 | I71: 2 | J71: 7 | K71: 0 | L71: 2 | M71: 6 | N71: 2 | O71: 13 | P71: 3 | Q71: 2 | R71: 1 | S71: 4 | T71: 1 | U71: 2 | V71: 6 | W71: 4 | X71: 3 | Y71: 6 | Z71: 5 | AA71: 2 | AB71: =SUM(E71:AA71) -> 93
C72: 3. EVY SUSILAWATI, S.E., M.M. | E72: 5 | F72: 2 | G72: 2 | H72: 9 | I72: 3 | J72: 3 | K72: 3 | L72: 1 | M72: 7 | N72: 2 | O72: 4 | P72: 6 | Q72: 4 | R72: 6 | S72: 4 | T72: 4 | U72: 7 | V72: 5 | W72: 8 | X72: 11 | Y72: 9 | Z72: 9 | AA72: 12 | AB72: =SUM(E72:AA72) -> 126
C73: 4. M. SIROTTUDIN | E73: 2 | F73: 6 | G73: 3 | H73: 1 | I73: 3 | J73: 4 | K73: 1 | L73: 1 | M73: 2 | N73: 2 | O73: 5 | P73: 2 | Q73: 1 | R73: 2 | S73: 5 | T73: 0 | U73: 2 | V73: 0 | W73: 7 | X73: 1 | Y73: 4 | Z73: 3 | AA73: 5 | AB73: =SUM(E73:AA73) -> 62
C74: 5. ABDUL HAFID, S.H. | E74: 2 | F74: 0 | G74: 1 | H74: 1 | I74: 3 | J74: 1 | K74: 3 | L74: 4 | M74: 1 | N74: 1 | O74: 4 | P74: 1 | Q74: 0 | R74: 0 | S74: 1 | T74: 1 | U74: 1 | V74: 1 | W74: 1 | X74: 2 | Y74: 5 | Z74: 4 | AA74: 2 | AB74: =SUM(E74:AA74) -> 40
C75: 6. NIKITA FORTUNA SURYANINGATI, A.Md.Keb. | E75: 2 | F75: 2 | G75: 6 | H75: 3 | I75: 4 | J75: 1 | K75: 5 | L75: 0 | M75: 3 | N75: 1 | O75: 1 | P75: 0 | Q75: 1 | R75: 0 | S75: 2 | T75: 0 | U75: 4 | V75: 2 | W75: 3 | X75: 1 | Y75: 6 | Z75: 4 | AA75: 2 | AB75: =SUM(E75:AA75) -> 53
C76: 7. YUDHO ILHAM WIJAYA, S.E. | E76: 2 | F76: 0 | G76: 0 | H76: 2 | I76: 1 | J76: 0 | K76: 1 | L76: 1 | M76: 3 | N76: 1 | O76: 1 | P76: 2 | Q76: 0 | R76: 0 | S76: 2 | T76: 1 | U76: 7 | V76: 1 | W76: 0 | X76: 0 | Y76: 0 | Z76: 2 | AA76: 2 | AB76: =SUM(E76:AA76) -> 29
C77: 8. SETIAWATI, S.H. | E77: 1 | F77: 0 | G77: 2 | H77: 1 | I77: 0 | J77: 0 | K77: 1 | L77: 0 | M77: 1 | N77: 1 | O77: 1 | P77: 1 | Q77: 0 | R77: 0 | S77: 1 | T77: 1 | U77: 1 | V77: 0 | W77: 1 | X77: 0 | Y77: 0 | Z77: 3 | AA77: 0 | AB77: =SUM(E77:AA77) -> 16
C78: 9. EKO BUDI SANTOSO, S.H. | E78: 1 | F78: 1 | G78: 2 | H78: 2 | I78: 0 | J78: 0 | K78: 0 | L78: 1 | M78: 0 | N78: 0 | O78: 1 | P78: 0 | Q78: 1 | R78: 0 | S78: 1 | T78: 0 | U78: 0 | V78: 0 | W78: 0 | X78: 1 | Y78: 1 | Z78: 2 | AA78: 0 | AB78: =SUM(E78:AA78) -> 14
A79: B | B79: JUMLAH SUARA SAH PARTAI POLITIK DAN CALON (A1 + A2) | E79: =SUM(E69:E78) -> 48 | F79: =SUM(F69:F78) -> 29 | G79: =SUM(G69:G78) -> 41 | H79: =SUM(H69:H78) -> 45 | I79: =SUM(I69:I78) -> 50 | J79: =SUM(J69:J78) -> 33 | K79: =SUM(K69:K78) -> 39 | L79: =SUM(L69:L78) -> 20 | ... AB79: =SUM(AB69:AB78) -> 1085
A81: A.1 | B81: 4. | C81: Partai Golongan Karya | E81: 2 | F81: 4 | G81: 8 | H81: 4 | I81: 6 | J81: 4 | K81: 4 | L81: 2 | M81: 4 | N81: 4 | O81: 3 | P81: 5 | Q81: 3 | R81: 4 | S81: 0 | T81: 1 | U81: 0 | V81: 4 | W81: 8 | X81: 4 | Y81: 6 | Z81: 2 | AA81: 7 | AB81: =SUM(E81:AA81) -> 89
A82: A.2 | C82: 1. PRANAYA YUDHA MAHARDHIKA | E82: 1 | F82: 15 | G82: 8 | H82: 6 | I82: 8 | J82: 2 | K82: 14 | L82: 10 | M82: 6 | N82: 2 | O82: 4 | P82: 13 | Q82: 7 | R82: 3 | S82: 1 | T82: 2 | U82: 1 | V82: 1 | W82: 6 | X82: 3 | Y82: 14 | Z82: 0 | AA82: 8 | AB82: =SUM(E82:AA82) -> 135
C83: 2. Dra. Ec. ENDANG SULASTUTY, M.I.P. | E83: 3 | F83: 1 | G83: 2 | H83: 3 | I83: 1 | J83: 0 | K83: 3 | L83: 1 | M83: 1 | N83: 0 | O83: 3 | P83: 3 | Q83: 0 | R83: 0 | S83: 0 | T83: 0 | U83: 0 | V83: 0 | W83: 1 | X83: 2 | Y83: 3 | Z83: 1 | AA83: 1 | AB83: =SUM(E83:AA83) -> 29
C84: 3. AGUS REJEKI WARTONO | E84: 1 | F84: 2 | G84: 1 | H84: 0 | I84: 0 | J84: 1 | K84: 0 | L84: 1 | M84: 0 | N84: 0 | O84: 0 | P84: 1 | Q84: 1 | R84: 1 | S84: 0 | T84: 0 | U84: 0 | V84: 0 | W84: 0 | X84: 0 | Y84: 2 | Z84: 1 | AA84: 0 | AB84: =SUM(E84:AA84) -> 12
C85: 4. Hj. TUTUK ASMA'A ZUCHROH, S.T., M.T. | E85: 1 | F85: 3 | G85: 3 | H85: 0 | I85: 0 | J85: 0 | K85: 6 | L85: 2 | M85: 1 | N85: 2 | O85: 0 | P85: 2 | Q85: 2 | R85: 0 | S85: 1 | T85: 1 | U85: 0 | V85: 0 | W85: 0 | X85: 1 | Y85: 1 | Z85: 2 | AA85: 0 | AB85: =SUM(E85:AA85) -> 28
C86: 5. ADE M. RIZKI, S.E. | E86: 0 | F86: 1 | G86: 2 | H86: 2 | I86: 33 | J86: 24 | K86: 1 | L86: 3 | M86: 0 | N86: 0 | O86: 0 | P86: 1 | Q86: 0 | R86: 5 | S86: 3 | T86: 0 | U86: 0 | V86: 13 | W86: 5 | X86: 1 | Y86: 0 | Z86: 0 | AA86: 6 | AB86: =SUM(E86:AA86) -> 100
C87: 6. ABDURAKHMAN, Bc.Kn. | E87: 0 | F87: 3 | G87: 0 | H87: 0 | I87: 0 | J87: 0 | K87: 1 | L87: 0 | M87: 0 | N87: 0 | O87: 0 | P87: 0 | Q87: 0 | R87: 0 | S87: 0 | T87: 0 | U87: 1 | V87: 0 | W87: 0 | X87: 0 | Y87: 0 | Z87: 0 | AA87: 1 | AB87: =SUM(E87:AA87) -> 6
C88: 7. CENDY RHIYAN ADI PUTRI | E88: 0 | F88: 0 | G88: 0 | H88: 0 | I88: 0 | J88: 0 | K88: 0 | L88: 0 | M88: 0 | N88: 0 | O88: 0 | P88: 1 | Q88: 0 | R88: 0 | S88: 0 | T88: 0 | U88: 0 | V88: 0 | W88: 0 | X88: 0 | Y88: 0 | Z88: 0 | AA88: 0 | AB88: =SUM(E88:AA88) -> 1
C89: 8. BAKTI WIJAYANTO, S.E. | E89: 1 | F89: 0 | G89: 0 | H89: 0 | I89: 0 | J89: 0 | K89: 0 | L89: 0 | M89: 0 | N89: 0 | O89: 1 | P89: 0 | Q89: 0 | R89: 0 | S89: 0 | T89: 0 | U89: 0 | V89: 0 | W89: 0 | X89: 0 | Y89: 0 | Z89: 0 | AA89: 0 | AB89: =SUM(E89:AA89) -> 2
C90: 9. AHMAD UBAIDILLAH | E90: 0 | F90: 0 | G90: 2 | H90: 1 | I90: 0 | J90: 0 | K90: 1 | L90: 0 | M90: 0 | N90: 0 | O90: 1 | P90: 0 | Q90: 0 | R90: 0 | S90: 0 | T90: 0 | U90: 0 | V90: 0 | W90: 0 | X90: 0 | Y90: 0 | Z90: 0 | AA90: 1 | AB90: =SUM(E90:AA90) -> 6
A91: B | B91: JUMLAH SUARA SAH PARTAI POLITIK DAN CALON (A1 + A2) | E91: =SUM(E81:E90) -> 9 | F91: =SUM(F81:F90) -> 29 | G91: =SUM(G81:G90) -> 26 | H91: =SUM(H81:H90) -> 16 | I91: =SUM(I81:I90) -> 48 | J91: =SUM(J81:J90) -> 31 | K91: =SUM(K81:K90) -> 30 | L91: =SUM(L81:L90) -> 19 | ... AB91: =SUM(AB81:AB90) -> 408
A93: A.1 | B93: 5. | C93: Partai NasDem | E93: 1 | F93: 0 | G93: 1 | H93: 3 | I93: 2 | J93: 1 | K93: 1 | L93: 7 | M93: 7 | N93: 11 | O93: 0 | P93: 5 | Q93: 0 | R93: 3 | S93: 1 | T93: 3 | U93: 0 | V93: 1 | W93: 3 | X93: 0 | Y93: 0 | Z93: 1 | AA93: 0 | AB93: =SUM(E93:AA93) -> 51
A94: A.2 | C94: 1. ALI MUSTOFA, A.Md. | E94: 5 | F94: 2 | G94: 2 | H94: 4 | I94: 2 | J94: 2 | K94: 7 | L94: 3 | M94: 4 | N94: 9 | O94: 2 | P94: 7 | Q94: 8 | R94: 5 | S94: 24 | T94: 33 | U94: 10 | V94: 15 | W94: 5 | X94: 1 | Y94: 3 | Z94: 2 | AA94: 1 | AB94: =SUM(E94:AA94) -> 156
C95: 2. Hj. BUAMI, S.H. | E95: 0 | F95: 0 | G95: 0 | H95: 0 | I95: 1 | J95: 0 | K95: 0 | L95: 0 | M95: 1 | N95: 0 | O95: 0 | P95: 2 | Q95: 0 | R95: 0 | S95: 0 | T95: 1 | U95: 0 | V95: 1 | W95: 0 | X95: 0 | Y95: 1 | Z95: 0 | AA95: 0 | AB95: =SUM(E95:AA95) -> 7
C96: 3. SUGIONO, S.H. | E96: 0 | F96: 0 | G96: 0 | H96: 0 | I96: 0 | J96: 0 | K96: 1 | L96: 0 | M96: 0 | N96: 0 | O96: 0 | P96: 0 | Q96: 1 | R96: 0 | S96: 0 | T96: 0 | U96: 0 | V96: 0 | W96: 0 | X96: 1 | Y96: 0 | Z96: 2 | AA96: 0 | AB96: =SUM(E96:AA96) -> 5
C97: 4. LULUK SUNARMIATININGSIH | E97: 0 | F97: 0 | G97: 0 | H97: 0 | I97: 1 | J97: 0 | K97: 1 | L97: 2 | M97: 1 | N97: 1 | O97: 1 | P97: 1 | Q97: 0 | R97: 0 | S97: 0 | T97: 0 | U97: 0 | V97: 0 | W97: 0 | X97: 0 | Y97: 0 | Z97: 0 | AA97: 0 | AB97: =SUM(E97:AA97) -> 8
C98: 5. ANTON DJULIANTO ADI | E98: 0 | F98: 0 | G98: 0 | H98: 0 | I98: 0 | J98: 0 | K98: 2 | L98: 2 | M98: 0 | N98: 0 | O98: 0 | P98: 0 | Q98: 0 | R98: 0 | S98: 0 | T98: 0 | U98: 0 | V98: 0 | W98: 1 | X98: 0 | Y98: 0 | Z98: 0 | AA98: 0 | AB98: =SUM(E98:AA98) -> 5
C99: 6. MOKHAMAD ROFI'I KHUSNAN | E99: 0 | F99: 0 | G99: 0 | H99: 0 | I99: 0 | J99: 0 | K99: 0 | L99: 0 | M99: 0 | N99: 1 | O99: 0 | P99: 1 | Q99: 0 | R99: 0 | S99: 0 | T99: 0 | U99: 0 | V99: 0 | W99: 0 | X99: 0 | Y99: 0 | Z99: 1 | AA99: 1 | AB99: =SUM(E99:AA99) -> 4
C100: 7. Rr SETYO WATI | E100: 0 | F100: 0 | G100: 0 | H100: 0 | I100: 0 | J100: 0 | K100: 0 | L100: 0 | M100: 0 | N100: 0 | O100: 0 | P100: 0 | Q100: 0 | R100: 0 | S100: 0 | T100: 0 | U100: 0 | V100: 0 | W100: 0 | X100: 1 | Y100: 0 | Z100: 0 | AA100: 0 | AB100: =SUM(E100:AA100) -> 1
C101: 8. ABD. KADIR ASSEGAFF | E101: 0 | F101: 0 | G101: 0 | H101: 0 | I101: 0 | J101: 0 | K101: 0 | L101: 0 | M101: 0 | N101: 1 | O101: 0 | P101: 0 | Q101: 0 | R101: 0 | S101: 1 | T101: 0 | U101: 0 | V101: 0 | W101: 0 | X101: 0 | Y101: 0 | Z101: 0 | AA101: 0 | AB101: =SUM(E101:AA101) -> 2
C102: 9. FATHOR ZAINULLAH | E102: 0 | F102: 0 | G102: 0 | H102: 0 | I102: 0 | J102: 0 | K102: 0 | L102: 0 | M102: 0 | N102: 0 | O102: 0 | P102: 0 | Q102: 0 | R102: 0 | S102: 1 | T102: 0 | U102: 0 | V102: 0 | W102: 0 | X102: 0 | Y102: 0 | Z102: 0 | AA102: 0 | AB102: =SUM(E102:AA102) -> 1
A103: B | B103: JUMLAH SUARA SAH PARTAI POLITIK DAN CALON (A1 + A2) | E103: =SUM(E93:E102) -> 6 | F103: =SUM(F93:F102) -> 2 | G103: =SUM(G93:G102) -> 3 | H103: =SUM(H93:H102) -> 7 | I103: =SUM(I93:I102) -> 6 | J103: =SUM(J93:J102) -> 3 | K103: =SUM(K93:K102) -> 12 | L103: =SUM(L93:L102) -> 14 | ... AB103: =SUM(AB93:AB102) -> 240
A105: A.1 | B105: 6. | C105: Partai Buruh | E105: 0 | F105: 1 | G105: 1 | H105: 7 | I105: 3 | J105: 2 | K105: 1 | L105: 1 | M105: 2 | N105: 1 | O105: 0 | P105: 1 | Q105: 1 | R105: 0 | S105: 0 | T105: 0 | U105: 0 | V105: 0 | W105: 1 | X105: 1 | Y105: 2 | Z105: 0 | AA105: 0 | AB105: =SUM(E105:AA105) -> 25
A106: A.2 | C106: 1. AGUS SUPRIYADI | E106: 0 | F106: 0 | G106: 0 | H106: 0 | I106: 0 | J106: 0 | K106: 0 | L106: 0 | M106: 0 | N106: 0 | O106: 1 | P106: 0 | Q106: 1 | R106: 1 | S106: 0 | T106: 0 | U106: 0 | V106: 0 | W106: 0 | X106: 1 | Y106: 0 | Z106: 0 | AA106: 0 | AB106: =SUM(E106:AA106) -> 4
C107: 2. ENI HARIATI | E107: 0 | F107: 0 | G107: 0 | H107: 0 | I107: 1 | J107: 1 | K107: 0 | L107: 0 | M107: 0 | N107: 0 | O107: 0 | P107: 0 | Q107: 0 | R107: 0 | S107: 0 | T107: 0 | U107: 0 | V107: 0 | W107: 0 | X107: 0 | Y107: 0 | Z107: 0 | AA107: 0 | AB107: =SUM(E107:AA107) -> 2
A115: B | B115: JUMLAH SUARA SAH PARTAI POLITIK DAN CALON (A1 + A2) | E115: =SUM(E105:E114) -> 0 | F115: =SUM(F105:F114) -> 1 | G115: =SUM(G105:G114) -> 1 | H115: =SUM(H105:H114) -> 7 | I115: =SUM(I105:I114) -> 4 | J115: =SUM(J105:J114) -> 3 | K115: =SUM(K105:K114) -> 1 | L115: =SUM(L105:L114) -> 1 | ... AB115: =SUM(AB105:AB114) -> 31
A117: A.1 | B117: 7. | C117: Partai Gelombang Rakyat Indonesia | E117: 0 | F117: 0 | G117: 0 | H117: 0 | I117: 0 | J117: 2 | K117: 0 | L117: 1 | M117: 0 | N117: 0 | O117: 1 | P117: 1 | Q117: 1 | R117: 0 | S117: 2 | T117: 1 | U117: 0 | V117: 2 | W117: 0 | X117: 0 | Y117: 0 | Z117: 0 | AA117: 0 | AB117: =SUM(E117:AA117) -> 11
A118: A.2 | C118: 1. MIRZA MUHROSNI AROMA | E118: 0 | F118: 0 | G118: 0 | H118: 0 | I118: 0 | J118: 2 | K118: 0 | L118: 0 | M118: 0 | N118: 0 | O118: 0 | P118: 0 | Q118: 0 | R118: 0 | S118: 0 | T118: 1 | U118: 0 | V118: 1 | W118: 1 | X118: 0 | Y118: 0 | Z118: 1 | AA118: 1 | AB118: =SUM(E118:AA118) -> 7
C119: 2. ACHMAD BAGUS SUGIARTO | E119: 0 | F119: 0 | G119: 0 | H119: 0 | I119: 0 | J119: 0 | K119: 0 | L119: 0 | M119: 1 | N119: 0 | O119: 0 | P119: 0 | Q119: 0 | R119: 0 | S119: 0 | T119: 0 | U119: 0 | V119: 0 | W119: 0 | X119: 0 | Y119: 0 | Z119: 0 | AA119: 1 | AB119: =SUM(E119:AA119) -> 2
C120: 3. ELOK FITRIYA NINGSIH | E120: 0 | F120: 0 | G120: 0 | H120: 0 | I120: 0 | J120: 0 | K120: 0 | L120: 1 | M120: 0 | N120: 0 | O120: 0 | P120: 0 | Q120: 1 | R120: 0 | S120: 0 | T120: 0 | U120: 0 | V120: 0 | W120: 0 | X120: 0 | Y120: 0 | Z120: 0 | AA120: 0 | AB120: =SUM(E120:AA120) -> 2
C121: 4. MADI | E121: 0 | F121: 1 | G121: 0 | H121: 0 | I121: 0 | J121: 0 | K121: 0 | L121: 1 | M121: 0 | N121: 0 | O121: 0 | P121: 0 | Q121: 0 | R121: 0 | S121: 0 | T121: 0 | U121: 0 | V121: 0 | W121: 0 | X121: 0 | Y121: 0 | Z121: 0 | AA121: 0 | AB121: =SUM(E121:AA121) -> 2
C122: 5. LUKY PERMANASARI | E122: 0 | F122: 1 | G122: 1 | H122: 0 | I122: 0 | J122: 1 | K122: 0 | L122: 0 | M122: 0 | N122: 0 | O122: 0 | P122: 0 | Q122: 0 | R122: 0 | S122: 0 | T122: 0 | U122: 0 | V122: 0 | W122: 0 | X122: 0 | Y122: 0 | Z122: 0 | AA122: 0 | AB122: =SUM(E122:AA122) -> 3
A127: B | B127: JUMLAH SUARA SAH PARTAI POLITIK DAN CALON (A1 + A2) | E127: =SUM(E117:E126) -> 0 | F127: =SUM(F117:F126) -> 2 | G127: =SUM(G117:G126) -> 1 | H127: =SUM(H117:H126) -> 0 | I127: =SUM(I117:I126) -> 0 | J127: =SUM(J117:J126) -> 5 | K127: =SUM(K117:K126) -> 0 | L127: =SUM(L117:L126) -> 3 | ... AB127: =SUM(AB117:AB126) -> 27
A129: A.1 | B129: 8. | C129: Partai Keadilan Sejahtera | E129: 0 | F129: 0 | G129: 0 | H129: 0 | I129: 0 | J129: 1 | K129: 1 | L129: 0 | M129: 1 | N129: 0 | O129: 0 | P129: 0 | Q129: 0 | R129: 1 | S129: 1 | T129: 2 | U129: 0 | V129: 0 | W129: 0 | X129: 0 | Y129: 2 | Z129: 0 | AA129: 2 | AB129: =SUM(E129:AA129) -> 11
...

Sheet WRINGINREJO
C2: Kecamatan | D2: GAMBIRAN
C3: Kabupaten | D3: BANYUWANGI
C4: Provinsi | D4: JAWA TIMUR
C9: Kelurahan | D9: WRINGINREJO
A12: I | B12: DATA PEMILIH DAN PENGGUNAAN HAK PILIH | X12: JUMLAH AKHIR
A13: A | B13: DATA PEMILIH | E13: TPS 001 | F13: TPS 002 | G13: TPS 003 | H13: TPS 004 | I13: TPS 005 | J13: TPS 006 | K13: TPS 007 | L13: TPS 008 | M13: TPS 009 | N13: TPS 010 | O13: TPS 011 | P13: TPS 012 | Q13: TPS 013 | R13: TPS 014 | S13: TPS 015 | T13: TPS 016 | U13: TPS 017 | V13: TPS 018 | W13: TPS 019
B14: Jumlah Pemilih dalam Daftar Pemilih Tetap (DPT) | D14: LK | E14: 151 | F14: 137 | G14: 138 | H14: 147 | I14: 148 | J14: 147 | K14: 144 | L14: 126 | M14: 145 | N14: 153 | O14: 152 | P14: 108 | Q14: 139 | R14: 106 | S14: 135 | T14: 127 | U14: 101 | V14: 119 | W14: 119 | X14: =SUM(E14:W14) -> 2542
D15: PR | E15: 142 | F15: 156 | G15: 150 | H15: 146 | I15: 136 | J15: 150 | K15: 151 | L15: 126 | M15: 148 | N15: 143 | O15: 134 | P15: 106 | Q15: 141 | R15: 110 | S15: 135 | T15: 140 | U15: 108 | V15: 110 | W15: 124 | X15: =SUM(E15:W15) -> 2556
D16: JML | E16: =SUM(E14:E15) -> 293 | F16: =SUM(F14:F15) -> 293 | G16: =SUM(G14:G15) -> 288 | H16: =SUM(H14:H15) -> 293 | I16: =SUM(I14:I15) -> 284 | J16: =SUM(J14:J15) -> 297 | K16: =SUM(K14:K15) -> 295 | L16: =SUM(L14:L15) -> 252 | ... W16: =SUM(W14:W15) -> 243 | X16: =SUM(E16:W16) -> 5098
A18: B | B18: PENGGUNA HAK PILIH
B19: 1. | C19: Jumlah pengguna hak pilih dalam Daftar Pemilih Tetap (DPT) | D19: LK | E19: 112 | F19: 105 | G19: 106 | H19: 112 | I19: 104 | J19: 100 | K19: 104 | L19: 91 | M19: 119 | N19: 105 | O19: 108 | P19: 97 | Q19: 106 | R19: 74 | S19: 97 | T19: 98 | U19: 84 | V19: 89 | W19: 95 | X19: =SUM(E19:W19) -> 1906
D20: PR | E20: 106 | F20: 126 | G20: 126 | H20: 119 | I20: 106 | J20: 124 | K20: 119 | L20: 104 | M20: 111 | N20: 109 | O20: 95 | P20: 86 | Q20: 112 | R20: 77 | S20: 110 | T20: 107 | U20: 89 | V20: 87 | W20: 87 | X20: =SUM(E20:W20) -> 2000
D21: JML | E21: =SUM(E19:E20) -> 218 | F21: =SUM(F19:F20) -> 231 | G21: =SUM(G19:G20) -> 232 | H21: =SUM(H19:H20) -> 231 | I21: =SUM(I19:I20) -> 210 | J21: =SUM(J19:J20) -> 224 | K21: =SUM(K19:K20) -> 223 | L21: =SUM(L19:L20) -> 195 | ... W21: =SUM(W19:W20) -> 182 | X21: =SUM(E21:W21) -> 3906
B22: 2. | C22: Jumlah pengguna hak pilih dalam Daftar Pemilih Tambahan (DPTb) | D22: LK | X22: =SUM(E22:W22) -> 0
D23: PR | X23: =SUM(E23:W23) -> 0
D24: JML | E24: =SUM(E22:E23) -> 0 | F24: =SUM(F22:F23) -> 0 | G24: =SUM(G22:G23) -> 0 | H24: =SUM(H22:H23) -> 0 | I24: =SUM(I22:I23) -> 0 | J24: =SUM(J22:J23) -> 0 | K24: =SUM(K22:K23) -> 0 | L24: =SUM(L22:L23) -> 0 | ... W24: =SUM(W22:W23) -> 0 | X24: =SUM(E24:W24) -> 0
B25: 3. | C25: Jumlah pengguna hak pilih dalam Daftar Pemilih Khusus (DPK) | D25: LK | E25: 1 | F25: 0 | G25: 0 | H25: 0 | I25: 1 | J25: 2 | K25: 1 | L25: 0 | M25: 2 | N25: 1 | O25: 3 | P25: 0 | Q25: 1 | R25: 12 | S25: 2 | T25: 0 | U25: 11 | V25: 3 | W25: 1 | X25: =SUM(E25:W25) -> 41
D26: PR | E26: 1 | F26: 0 | G26: 0 | H26: 5 | I26: 0 | J26: 1 | K26: 1 | L26: 0 | M26: 1 | N26: 3 | O26: 2 | P26: 2 | Q26: 1 | R26: 12 | S26: 1 | T26: 0 | U26: 14 | V26: 2 | W26: 3 | X26: =SUM(E26:W26) -> 49
D27: JML | E27: =SUM(E25:E26) -> 2 | F27: =SUM(F25:F26) -> 0 | G27: =SUM(G25:G26) -> 0 | H27: =SUM(H25:H26) -> 5 | I27: =SUM(I25:I26) -> 1 | J27: =SUM(J25:J26) -> 3 | K27: =SUM(K25:K26) -> 2 | L27: =SUM(L25:L26) -> 0 | ... W27: =SUM(W25:W26) -> 4 | X27: =SUM(E27:W27) -> 90
B28: 4. | C28: Jumlah Pengguna Hak Pilih (B.1+B.2+B.3) | D28: LK | E28: =SUM(E19,E22,E25) -> 113 | F28: =SUM(F19,F22,F25) -> 105 | G28: =SUM(G19,G22,G25) -> 106 | H28: =SUM(H19,H22,H25) -> 112 | I28: =SUM(I19,I22,I25) -> 105 | J28: =SUM(J19,J22,J25) -> 102 | K28: =SUM(K19,K22,K25) -> 105 | L28: =SUM(L19,L22,L25) -> 91 | ... W28: =SUM(W19,W22,W25) -> 96 | X28: =SUM(E28:W28) -> 1947
D29: PR | E29: =SUM(E20,E23,E26) -> 107 | F29: =SUM(F20,F23,F26) -> 126 | G29: =SUM(G20,G23,G26) -> 126 | H29: =SUM(H20,H23,H26) -> 124 | I29: =SUM(I20,I23,I26) -> 106 | J29: =SUM(J20,J23,J26) -> 125 | K29: =SUM(K20,K23,K26) -> 120 | L29: =SUM(L20,L23,L26) -> 104 | ... W29: =SUM(W20,W23,W26) -> 90 | X29: =SUM(E29:W29) -> 2049
D30: JML | E30: =SUM(E28:E29) -> 220 | F30: =SUM(F28:F29) -> 231 | G30: =SUM(G28:G29) -> 232 | H30: =SUM(H28:H29) -> 236 | I30: =SUM(I28:I29) -> 211 | J30: =SUM(J28:J29) -> 227 | K30: =SUM(K28:K29) -> 225 | L30: =SUM(L28:L29) -> 195 | ... W30: =SUM(W28:W29) -> 186 | X30: =SUM(E30:W30) -> 3996
A32: II | B32: DATA PENGGUNAAN SURAT SUARA
A33: 1 | B33: Jumlah surat suara yang diterima, termasuk surat suara cadangan 2,5% dari DPT | E33: 299 | F33: 299 | G33: 294 | H33: 300 | I33: 290 | J33: 303 | K33: 301 | L33: 258 | M33: 299 | N33: 302 | O33: 292 | P33: 219 | Q33: 286 | R33: 221 | S33: 276 | T33: 273 | U33: 214 | V33: 234 | W33: 248 | X33: =SUM(E33:W33) -> 5208
A34: 2 | B34: Jumlah surat suara yang digunakan | E34: 220 | F34: 231 | G34: 232 | H34: 236 | I34: 211 | J34: 227 | K34: 225 | L34: 195 | M34: 233 | N34: 218 | O34: 208 | P34: 185 | Q34: 220 | R34: 175 | S34: 210 | T34: 205 | U34: 198 | V34: 181 | W34: 186 | X34: =SUM(E34:W34) -> 3996
A35: 3 | B35: Jumlah surat suara dikembalikan oleh pemilih (karena rusak atau keliru coblos) | E35: 0 | F35: 0 | G35: 0 | H35: 1 | I35: 1 | J35: 0 | K35: 0 | L35: 0 | M35: 1 | N35: 0 | O35: 0 | P35: 0 | Q35: 1 | R35: 0 | S35: 0 | T35: 0 | U35: 0 | V35: 0 | W35: 0 | X35: =SUM(E35:W35) -> 4
A36: 4 | B36: Jumlah surat suara yang tidak digunakan/tidak terpakai, termasuk sisa surat suara cadangan | E36: =E33-(E34+E35) -> 79 | F36: =F33-(F34+F35) -> 68 | G36: =G33-(G34+G35) -> 62 | H36: =H33-(H34+H35) -> 63 | I36: =I33-(I34+I35) -> 78 | J36: =J33-(J34+J35) -> 76 | K36: =K33-(K34+K35) -> 76 | L36: =L33-(L34+L35) -> 63 | ... W36: =W33-(W34+W35) -> 62 | X36: =SUM(E36:W36) -> 1208
A38: III | B38: DATA PEMILIH DISABILITAS
B39: Jumlah seluruh Pemilih disabilitas yang menggunakan hak pilih | D39: LK | E39: 0 | F39: 0 | G39: 5 | H39: 0 | I39: 0 | J39: 0 | K39: 0 | L39: 0 | M39: 0 | N39: 0 | O39: 0 | P39: 0 | Q39: 0 | R39: 0 | S39: 0 | V39: 4 | X39: =SUM(E39:W39) -> 9
D40: PR | E40: 0 | F40: 0 | G40: 5 | H40: 5 | I40: 0 | J40: 0 | K40: 0 | L40: 0 | M40: 0 | N40: 0 | O40: 0 | P40: 2 | Q40: 0 | R40: 2 | S40: 0 | V40: 2 | X40: =SUM(E40:W40) -> 16
D41: JML | E41: =SUM(E39:E40) -> 0 | F41: =SUM(F39:F40) -> 0 | G41: =SUM(G39:G40) -> 10 | H41: =SUM(H39:H40) -> 5 | I41: =SUM(I39:I40) -> 0 | J41: =SUM(J39:J40) -> 0 | K41: =SUM(K39:K40) -> 0 | L41: =SUM(L39:L40) -> 0 | ... W41: =SUM(W39:W40) -> 0 | X41: =SUM(E41:W41) -> 25
A43: IV | B43: DATA RINCIAN PEROLEHAN SUARA PASANGAN CALON BUPATI DAN WAKIL BUPATI
A44: NOMOR DAN NAMA CALON
A45: A.1 | B45: 1. | C45: Partai Kebangkitan Bangsa | E45: 5 | F45: 7 | G45: 7 | H45: 12 | I45: 8 | J45: 11 | K45: 6 | L45: 6 | M45: 13 | N45: 4 | O45: 8 | P45: 2 | Q45: 7 | R45: 3 | S45: 13 | T45: 4 | U45: 2 | V45: 2 | W45: 4 | X45: =SUM(E45:W45) -> 124
A46: A.2 | C46: 1. Dra. Hj. MA`MULAH HARUN, M.Pd.I. | E46: 17 | F46: 18 | G46: 32 | H46: 14 | I46: 8 | J46: 17 | K46: 8 | L46: 19 | M46: 28 | N46: 24 | O46: 21 | P46: 4 | Q46: 24 | R46: 19 | S46: 22 | T46: 31 | U46: 8 | V46: 14 | W46: 4 | X46: =SUM(E46:W46) -> 332
C47: 2. UBAIDILLAH, S.Fil.I. | E47: 0 | F47: 1 | G47: 5 | H47: 8 | I47: 3 | J47: 4 | K47: 5 | L47: 7 | M47: 2 | N47: 1 | O47: 2 | P47: 2 | Q47: 0 | R47: 6 | S47: 12 | T47: 3 | U47: 0 | V47: 0 | W47: 0 | X47: =SUM(E47:W47) -> 61
C48: 3. Ir. H. YOYOK MULYADI, M.Si. | E48: 0 | F48: 1 | G48: 2 | H48: 0 | I48: 0 | J48: 1 | K48: 0 | L48: 2 | M48: 4 | N48: 1 | O48: 0 | P48: 0 | Q48: 3 | R48: 1 | S48: 2 | T48: 1 | U48: 0 | V48: 0 | W48: 1 | X48: =SUM(E48:W48) -> 19
C49: 4. KHOIRUL ANWAR, S.Fil.I. | E49: 3 | F49: 1 | G49: 0 | H49: 1 | I49: 4 | J49: 2 | K49: 1 | L49: 1 | M49: 1 | N49: 3 | O49: 0 | P49: 0 | Q49: 3 | R49: 0 | S49: 3 | T49: 2 | U49: 1 | V49: 1 | W49: 1 | X49: =SUM(E49:W49) -> 28
C50: 5. ARIF WIJAKSANA | E50: 0 | F50: 0 | G50: 1 | H50: 0 | I50: 3 | J50: 2 | K50: 5 | L50: 0 | M50: 0 | N50: 1 | O50: 0 | P50: 1 | Q50: 0 | R50: 3 | S50: 1 | T50: 2 | U50: 2 | V50: 2 | W50: 2 | X50: =SUM(E50:W50) -> 25
C51: 6. Dr. SITI YUMNAH | E51: 0 | F51: 0 | G51: 1 | H51: 0 | I51: 1 | J51: 2 | K51: 0 | L51: 3 | M51: 2 | N51: 1 | O51: 3 | P51: 0 | Q51: 3 | R51: 4 | S51: 2 | T51: 1 | U51: 1 | V51: 3 | W51: 0 | X51: =SUM(E51:W51) -> 27
C52: 7. MOHAMMAD ZAINI, M.Pd.I. | E52: 0 | F52: 2 | G52: 0 | H52: 0 | I52: 0 | J52: 0 | K52: 1 | L52: 0 | M52: 0 | N52: 0 | O52: 2 | P52: 0 | Q52: 1 | R52: 0 | S52: 0 | T52: 0 | U52: 0 | V52: 1 | W52: 0 | X52: =SUM(E52:W52) -> 7
C53: 8. FAWAIDUL MAKKIYAH | E53: 0 | F53: 0 | G53: 0 | H53: 0 | I53: 1 | J53: 1 | K53: 0 | L53: 0 | M53: 0 | N53: 0 | O53: 0 | P53: 0 | Q53: 2 | R53: 0 | S53: 0 | T53: 1 | U53: 1 | V53: 0 | W53: 0 | X53: =SUM(E53:W53) -> 6
C54: 9. IFFAH HIDAYATUR ROHMAH, S.Sos. | E54: 1 | F54: 0 | G54: 0 | H54: 0 | I54: 0 | J54: 1 | K54: 0 | L54: 2 | M54: 0 | N54: 1 | O54: 1 | P54: 0 | Q54: 0 | R54: 0 | S54: 0 | T54: 0 | U54: 0 | V54: 1 | W54: 0 | X54: =SUM(E54:W54) -> 7
A55: B | B55: JUMLAH SUARA SAH PARTAI POLITIK DAN CALON (A1 + A2) | E55: =SUM(E45:E54) -> 26 | F55: =SUM(F45:F54) -> 30 | G55: =SUM(G45:G54) -> 48 | H55: =SUM(H45:H54) -> 35 | I55: =SUM(I45:I54) -> 28 | J55: =SUM(J45:J54) -> 41 | K55: =SUM(K45:K54) -> 26 | L55: =SUM(L45:L54) -> 40 | ... X55: =SUM(X45:X54) -> 636
A57: A.1 | B57: 2. | C57: Partai Gerakan Indonesia Raya | E57: 13 | F57: 13 | G57: 17 | H57: 10 | I57: 16 | J57: 15 | K57: 20 | L57: 14 | M57: 19 | N57: 14 | O57: 11 | P57: 11 | Q57: 9 | R57: 7 | S57: 18 | T57: 16 | U57: 11 | V57: 9 | W57: 5 | X57: =SUM(E57:W57) -> 248
A58: A.2 | C58: 1. AHMAD HADINUDDIN, S.Pd.I. | E58: 21 | F58: 79 | G58: 57 | H58: 54 | I58: 7 | J58: 17 | K58: 6 | L58: 11 | M58: 18 | N58: 29 | O58: 18 | P58: 6 | Q58: 7 | R58: 5 | S58: 11 | T58: 14 | U58: 8 | V58: 5 | W58: 2 | X58: =SUM(E58:W58) -> 375
C59: 2. BIMA RAFSANJANI RAFID | E59: 17 | F59: 25 | G59: 6 | H59: 6 | I59: 31 | J59: 36 | K59: 44 | L59: 8 | M59: 21 | N59: 28 | O59: 18 | P59: 4 | Q59: 6 | R59: 9 | S59: 5 | T59: 5 | U59: 19 | V59: 11 | W59: 2 | X59: =SUM(E59:W59) -> 301
C60: 3. IRA DAMAYANTI | E60: 1 | F60: 3 | G60: 1 | H60: 3 | I60: 2 | J60: 4 | K60: 4 | L60: 2 | M60: 4 | N60: 4 | O60: 4 | P60: 2 | Q60: 2 | R60: 1 | S60: 5 | T60: 5 | U60: 2 | V60: 1 | W60: 4 | X60: =SUM(E60:W60) -> 54
C61: 4. MAULANA MALIK IBRAHIM, S.H. | E61: 29 | F61: 8 | G61: 6 | H61: 2 | I61: 2 | J61: 0 | K61: 2 | L61: 7 | M61: 10 | N61: 7 | O61: 4 | P61: 0 | Q61: 4 | R61: 1 | S61: 1 | T61: 1 | U61: 2 | V61: 2 | W61: 0 | X61: =SUM(E61:W61) -> 88
C62: 5. LULUK ALFIATI | E62: 1 | F62: 0 | G62: 3 | H62: 1 | I62: 0 | J62: 4 | K62: 2 | L62: 3 | M62: 2 | N62: 1 | O62: 1 | P62: 1 | Q62: 4 | R62: 2 | S62: 2 | T62: 4 | U62: 0 | V62: 1 | W62: 0 | X62: =SUM(E62:W62) -> 32
C63: 6. ILHAM WAHYUDI, S.H. | E63: 0 | F63: 0 | G63: 1 | H63: 1 | I63: 0 | J63: 0 | K63: 1 | L63: 2 | M63: 0 | N63: 0 | O63: 1 | P63: 1 | Q63: 0 | R63: 0 | S63: 0 | T63: 0 | U63: 1 | V63: 0 | W63: 0 | X63: =SUM(E63:W63) -> 8
C64: 7. HAERUL ANWAR, S.Pd.I. | E64: 0 | F64: 1 | G64: 1 | H64: 1 | I64: 0 | J64: 0 | K64: 1 | L64: 0 | M64: 2 | N64: 0 | O64: 0 | P64: 0 | Q64: 1 | R64: 0 | S64: 0 | T64: 1 | U64: 0 | V64: 0 | W64: 0 | X64: =SUM(E64:W64) -> 8
C65: 8. YOVI ADHITYA WARDANI | E65: 0 | F65: 0 | G65: 0 | H65: 0 | I65: 2 | J65: 0 | K65: 1 | L65: 0 | M65: 0 | N65: 0 | O65: 1 | P65: 0 | Q65: 1 | R65: 0 | S65: 0 | T65: 0 | U65: 0 | V65: 1 | W65: 1 | X65: =SUM(E65:W65) -> 7
C66: 9. RITA AMELIA | E66: 0 | F66: 0 | G66: 1 | H66: 0 | I66: 1 | J66: 0 | K66: 0 | L66: 1 | M66: 0 | N66: 0 | O66: 0 | P66: 0 | Q66: 1 | R66: 0 | S66: 0 | T66: 1 | U66: 0 | V66: 1 | W66: 0 | X66: =SUM(E66:W66) -> 6
A67: B | B67: JUMLAH SUARA SAH PARTAI POLITIK DAN CALON (A1 + A2) | E67: =SUM(E57:E66) -> 82 | F67: =SUM(F57:F66) -> 129 | G67: =SUM(G57:G66) -> 93 | H67: =SUM(H57:H66) -> 78 | I67: =SUM(I57:I66) -> 61 | J67: =SUM(J57:J66) -> 76 | K67: =SUM(K57:K66) -> 81 | L67: =SUM(L57:L66) -> 48 | ... X67: =SUM(X57:X66) -> 1127
A69: A.1 | B69: 3. | C69: Partai Demokrasi Indonesia Perjuangan | E69: 9 | F69: 5 | G69: 9 | H69: 8 | I69: 18 | J69: 13 | K69: 13 | L69: 17 | M69: 15 | N69: 11 | O69: 11 | P69: 41 | Q69: 18 | R69: 18 | S69: 10 | T69: 12 | U69: 19 | V69: 14 | W69: 10 | X69: =SUM(E69:W69) -> 271
A70: A.2 | C70: 1. MARTIN H., S.H., M.H. | E70: 19 | F70: 4 | G70: 13 | H70: 27 | I70: 12 | J70: 16 | K70: 6 | L70: 14 | M70: 5 | N70: 11 | O70: 4 | P70: 19 | Q70: 10 | R70: 14 | S70: 6 | T70: 5 | U70: 23 | V70: 26 | W70: 20 | X70: =SUM(E70:W70) -> 254
C71: 2. HERMANTO, S.E. | E71: 4 | F71: 2 | G71: 4 | H71: 0 | I71: 6 | J71: 9 | K71: 5 | L71: 2 | M71: 5 | N71: 2 | O71: 3 | P71: 7 | Q71: 4 | R71: 7 | S71: 8 | T71: 4 | U71: 7 | V71: 9 | W71: 7 | X71: =SUM(E71:W71) -> 95
C72: 3. EVY SUSILAWATI, S.E., M.M. | E72: 5 | F72: 10 | G72: 5 | H72: 2 | I72: 6 | J72: 7 | K72: 14 | L72: 5 | M72: 8 | N72: 3 | O72: 4 | P72: 17 | Q72: 6 | R72: 4 | S72: 3 | T72: 4 | U72: 5 | V72: 3 | W72: 7 | X72: =SUM(E72:W72) -> 118
C73: 4. M. SIROTTUDIN | E73: 4 | F73: 1 | G73: 1 | H73: 0 | I73: 1 | J73: 0 | K73: 1 | L73: 3 | M73: 4 | N73: 10 | O73: 18 | P73: 2 | Q73: 6 | R73: 4 | S73: 0 | T73: 2 | U73: 4 | V73: 3 | W73: 4 | X73: =SUM(E73:W73) -> 68
C74: 5. ABDUL HAFID, S.H. | E74: 1 | F74: 1 | G74: 0 | H74: 5 | I74: 2 | J74: 3 | K74: 1 | L74: 2 | M74: 1 | N74: 0 | O74: 1 | P74: 3 | Q74: 1 | R74: 0 | S74: 0 | T74: 3 | U74: 2 | V74: 0 | W74: 1 | X74: =SUM(E74:W74) -> 27
C75: 6. NIKITA FORTUNA SURYANINGATI, A.Md.Keb. | E75: 1 | F75: 0 | G75: 1 | H75: 0 | I75: 1 | J75: 1 | K75: 1 | L75: 0 | M75: 3 | N75: 1 | O75: 0 | P75: 4 | Q75: 2 | R75: 2 | S75: 1 | T75: 1 | U75: 1 | V75: 4 | W75: 1 | X75: =SUM(E75:W75) -> 25
C76: 7. YUDHO ILHAM WIJAYA, S.E. | E76: 1 | F76: 0 | G76: 0 | H76: 0 | I76: 2 | J76: 0 | K76: 1 | L76: 0 | M76: 0 | N76: 1 | O76: 2 | P76: 0 | Q76: 1 | R76: 0 | S76: 0 | T76: 0 | U76: 0 | V76: 1 | W76: 1 | X76: =SUM(E76:W76) -> 10
C77: 8. SETIAWATI, S.H. | E77: 1 | F77: 0 | G77: 1 | H77: 0 | I77: 1 | J77: 0 | K77: 1 | L77: 2 | M77: 0 | N77: 2 | O77: 1 | P77: 1 | Q77: 3 | R77: 1 | S77: 2 | T77: 3 | U77: 0 | V77: 1 | W77: 1 | X77: =SUM(E77:W77) -> 21
C78: 9. EKO BUDI SANTOSO, S.H. | E78: 1 | F78: 0 | G78: 2 | H78: 0 | I78: 0 | J78: 1 | K78: 2 | L78: 0 | M78: 1 | N78: 0 | O78: 1 | P78: 0 | Q78: 0 | R78: 0 | S78: 2 | T78: 0 | U78: 1 | V78: 1 | W78: 0 | X78: =SUM(E78:W78) -> 12
A79: B | B79: JUMLAH SUARA SAH PARTAI POLITIK DAN CALON (A1 + A2) | E79: =SUM(E69:E78) -> 46 | F79: =SUM(F69:F78) -> 23 | G79: =SUM(G69:G78) -> 36 | H79: =SUM(H69:H78) -> 42 | I79: =SUM(I69:I78) -> 49 | J79: =SUM(J69:J78) -> 50 | K79: =SUM(K69:K78) -> 45 | L79: =SUM(L69:L78) -> 45 | ... X79: =SUM(X69:X78) -> 901
A81: A.1 | B81: 4. | C81: Partai Golongan Karya | E81: 3 | F81: 2 | G81: 2 | H81: 3 | I81: 2 | J81: 1 | K81: 3 | L81: 2 | M81: 0 | N81: 1 | O81: 3 | P81: 6 | Q81: 3 | R81: 0 | S81: 1 | T81: 4 | U81: 6 | V81: 4 | W81: 5 | X81: =SUM(E81:W81) -> 51
A82: A.2 | C82: 1. PRANAYA YUDHA MAHARDHIKA | E82: 0 | F82: 1 | G82: 1 | H82: 0 | I82: 2 | J82: 1 | K82: 0 | L82: 0 | M82: 0 | N82: 0 | O82: 1 | P82: 0 | Q82: 0 | R82: 2 | S82: 1 | T82: 3 | U82: 1 | V82: 6 | W82: 2 | X82: =SUM(E82:W82) -> 21
C83: 2. Dra. Ec. ENDANG SULASTUTY, M.I.P. | E83: 0 | F83: 1 | G83: 0 | H83: 0 | I83: 1 | J83: 1 | K83: 1 | L83: 2 | M83: 2 | N83: 0 | O83: 2 | P83: 1 | Q83: 1 | R83: 0 | S83: 0 | T83: 2 | U83: 0 | V83: 3 | W83: 0 | X83: =SUM(E83:W83) -> 17
C84: 3. AGUS REJEKI WARTONO | E84: 0 | F84: 0 | G84: 1 | H84: 0 | I84: 0 | J84: 1 | K84: 0 | L84: 0 | M84: 0 | N84: 0 | O84: 1 | P84: 0 | Q84: 2 | R84: 0 | S84: 1 | T84: 0 | U84: 1 | V84: 0 | W84: 0 | X84: =SUM(E84:W84) -> 7
C85: 4. Hj. TUTUK ASMA'A ZUCHROH, S.T., M.T. | E85: 1 | F85: 1 | G85: 0 | H85: 0 | I85: 0 | J85: 0 | K85: 0 | L85: 1 | M85: 1 | N85: 0 | O85: 1 | P85: 2 | Q85: 1 | R85: 3 | S85: 0 | T85: 2 | U85: 1 | V85: 1 | W85: 1 | X85: =SUM(E85:W85) -> 16
C86: 5. ADE M. RIZKI, S.E. | E86: 0 | F86: 2 | G86: 0 | H86: 0 | I86: 0 | J86: 0 | K86: 2 | L86: 0 | M86: 0 | N86: 0 | O86: 0 | P86: 0 | Q86: 2 | R86: 0 | S86: 1 | T86: 1 | U86: 0 | V86: 6 | W86: 5 | X86: =SUM(E86:W86) -> 19
C87: 6. ABDURAKHMAN, Bc.Kn. | E87: 1 | F87: 1 | G87: 0 | H87: 1 | I87: 0 | J87: 0 | K87: 0 | L87: 0 | M87: 0 | N87: 1 | O87: 0 | P87: 0 | Q87: 1 | R87: 0 | S87: 0 | T87: 0 | U87: 0 | V87: 0 | W87: 2 | X87: =SUM(E87:W87) -> 7
C88: 7. CENDY RHIYAN ADI PUTRI | E88: 0 | F88: 0 | G88: 0 | H88: 0 | I88: 0 | J88: 0 | K88: 0 | L88: 0 | M88: 0 | N88: 0 | O88: 0 | P88: 1 | Q88: 1 | R88: 0 | S88: 0 | T88: 0 | U88: 1 | V88: 0 | W88: 0 | X88: =SUM(E88:W88) -> 3
C89: 8. BAKTI WIJAYANTO, S.E. | E89: 0 | F89: 0 | G89: 0 | H89: 0 | I89: 0 | J89: 0 | K89: 0 | L89: 0 | M89: 0 | N89: 0 | O89: 0 | P89: 0 | Q89: 0 | R89: 0 | S89: 0 | T89: 0 | U89: 0 | V89: 0 | W89: 0 | X89: =SUM(E89:W89) -> 0
C90: 9. AHMAD UBAIDILLAH | E90: 0 | F90: 0 | G90: 0 | H90: 0 | I90: 0 | J90: 0 | K90: 0 | L90: 0 | M90: 0 | N90: 2 | O90: 0 | P90: 0 | Q90: 0 | R90: 0 | S90: 0 | T90: 2 | U90: 0 | V90: 2 | W90: 0 | X90: =SUM(E90:W90) -> 6
A91: B | B91: JUMLAH SUARA SAH PARTAI POLITIK DAN CALON (A1 + A2) | E91: =SUM(E81:E90) -> 5 | F91: =SUM(F81:F90) -> 8 | G91: =SUM(G81:G90) -> 4 | H91: =SUM(H81:H90) -> 4 | I91: =SUM(I81:I90) -> 5 | J91: =SUM(J81:J90) -> 4 | K91: =SUM(K81:K90) -> 6 | L91: =SUM(L81:L90) -> 5 | ... X91: =SUM(X81:X90) -> 147
A93: A.1 | B93: 5. | C93: Partai NasDem | E93: 2 | F93: 0 | G93: 1 | H93: 2 | I93: 0 | J93: 1 | K93: 1 | L93: 3 | M93: 0 | N93: 1 | O93: 0 | P93: 0 | Q93: 0 | R93: 0 | S93: 2 | T93: 0 | U93: 1 | V93: 0 | W93: 1 | X93: =SUM(E93:W93) -> 15
A94: A.2 | C94: 1. ALI MUSTOFA, A.Md. | E94: 2 | F94: 4 | G94: 2 | H94: 0 | I94: 1 | J94: 3 | K94: 1 | L94: 2 | M94: 0 | N94: 1 | O94: 0 | P94: 0 | Q94: 15 | R94: 8 | S94: 4 | T94: 6 | U94: 3 | V94: 1 | W94: 0 | X94: =SUM(E94:W94) -> 53
C95: 2. Hj. BUAMI, S.H. | E95: 0 | F95: 0 | G95: 0 | H95: 0 | I95: 0 | J95: 1 | K95: 0 | L95: 0 | M95: 0 | N95: 0 | O95: 0 | P95: 0 | Q95: 0 | R95: 0 | S95: 0 | T95: 0 | U95: 0 | V95: 1 | W95: 0 | X95: =SUM(E95:W95) -> 2
C96: 3. SUGIONO, S.H. | E96: 0 | F96: 0 | G96: 0 | H96: 1 | I96: 1 | J96: 0 | K96: 0 | L96: 0 | M96: 0 | N96: 0 | O96: 0 | P96: 0 | Q96: 0 | R96: 0 | S96: 0 | T96: 0 | U96: 0 | V96: 1 | W96: 0 | X96: =SUM(E96:W96) -> 3
C97: 4. LULUK SUNARMIATININGSIH | E97: 0 | F97: 0 | G97: 0 | H97: 0 | I97: 0 | J97: 0 | K97: 0 | L97: 0 | M97: 0 | N97: 0 | O97: 0 | P97: 0 | Q97: 0 | R97: 0 | S97: 1 | T97: 0 | U97: 0 | V97: 0 | W97: 0 | X97: =SUM(E97:W97) -> 1
C98: 5. ANTON DJULIANTO ADI | E98: 0 | F98: 0 | G98: 0 | H98: 0 | I98: 0 | J98: 0 | K98: 0 | L98: 0 | M98: 0 | N98: 1 | O98: 0 | P98: 0 | Q98: 0 | R98: 0 | S98: 0 | T98: 0 | U98: 0 | V98: 0 | W98: 0 | X98: =SUM(E98:W98) -> 1
C99: 6. MOKHAMAD ROFI'I KHUSNAN | E99: 0 | F99: 0 | G99: 0 | H99: 0 | I99: 0 | J99: 0 | K99: 0 | L99: 0 | M99: 0 | N99: 0 | O99: 0 | P99: 0 | Q99: 1 | R99: 0 | S99: 0 | T99: 0 | U99: 0 | V99: 0 | W99: 0 | X99: =SUM(E99:W99) -> 1
C100: 7. Rr SETYO WATI | E100: 0 | F100: 0 | G100: 0 | H100: 0 | I100: 0 | J100: 0 | K100: 0 | L100: 0 | M100: 0 | N100: 0 | O100: 0 | P100: 0 | Q100: 0 | R100: 0 | S100: 0 | T100: 0 | U100: 0 | V100: 0 | W100: 0 | X100: =SUM(E100:W100) -> 0
C101: 8. ABD. KADIR ASSEGAFF | E101: 0 | F101: 0 | G101: 0 | H101: 0 | I101: 0 | J101: 0 | K101: 0 | L101: 0 | M101: 0 | N101: 0 | O101: 0 | P101: 0 | Q101: 0 | R101: 0 | S101: 0 | T101: 0 | U101: 0 | V101: 0 | W101: 0 | X101: =SUM(E101:W101) -> 0
C102: 9. FATHOR ZAINULLAH | E102: 0 | F102: 0 | G102: 0 | H102: 0 | I102: 0 | J102: 0 | K102: 0 | L102: 0 | M102: 0 | N102: 0 | O102: 0 | P102: 0 | Q102: 0 | R102: 0 | S102: 0 | T102: 0 | U102: 0 | V102: 0 | W102: 0 | X102: =SUM(E102:W102) -> 0
A103: B | B103: JUMLAH SUARA SAH PARTAI POLITIK DAN CALON (A1 + A2) | E103: =SUM(E93:E102) -> 4 | F103: =SUM(F93:F102) -> 4 | G103: =SUM(G93:G102) -> 3 | H103: =SUM(H93:H102) -> 3 | I103: =SUM(I93:I102) -> 2 | J103: =SUM(J93:J102) -> 5 | K103: =SUM(K93:K102) -> 2 | L103: =SUM(L93:L102) -> 5 | ... X103: =SUM(X93:X102) -> 76
A105: A.1 | B105: 6. | C105: Partai Buruh | E105: 1 | F105: 0 | G105: 0 | H105: 0 | I105: 0 | J105: 0 | K105: 1 | L105: 0 | M105: 0 | N105: 0 | O105: 0 | P105: 1 | Q105: 0 | R105: 0 | S105: 1 | T105: 0 | U105: 3 | V105: 0 | W105: 1 | X105: =SUM(E105:W105) -> 8
A106: A.2 | C106: 1. AGUS SUPRIYADI | E106: 0 | F106: 0 | G106: 0 | H106: 0 | I106: 0 | J106: 2 | K106: 0 | L106: 0 | M106: 0 | N106: 0 | O106: 1 | P106: 0 | Q106: 0 | R106: 0 | S106: 0 | T106: 0 | U106: 0 | V106: 0 | W106: 2 | X106: =SUM(E106:W106) -> 5
C107: 2. ENI HARIATI | E107: 0 | F107: 0 | G107: 0 | H107: 0 | I107: 0 | J107: 0 | K107: 0 | L107: 0 | M107: 1 | N107: 0 | O107: 0 | P107: 0 | Q107: 0 | R107: 0 | S107: 1 | T107: 0 | U107: 0 | V107: 0 | W107: 0 | X107: =SUM(E107:W107) -> 2
A115: B | B115: JUMLAH SUARA SAH PARTAI POLITIK DAN CALON (A1 + A2) | E115: =SUM(E105:E114) -> 1 | F115: =SUM(F105:F114) -> 0 | G115: =SUM(G105:G114) -> 0 | H115: =SUM(H105:H114) -> 0 | I115: =SUM(I105:I114) -> 0 | J115: =SUM(J105:J114) -> 2 | K115: =SUM(K105:K114) -> 1 | L115: =SUM(L105:L114) -> 0 | ... X115: =SUM(X105:X114) -> 15
A117: A.1 | B117: 7. | C117: Partai Gelombang Rakyat Indonesia | E117: 0 | F117: 1 | G117: 0 | H117: 0 | I117: 2 | J117: 1 | K117: 1 | L117: 1 | M117: 0 | N117: 0 | O117: 0 | P117: 1 | Q117: 2 | R117: 1 | S117: 0 | T117: 1 | U117: 2 | V117: 0 | W117: 1 | X117: =SUM(E117:W117) -> 14
A118: A.2 | C118: 1. MIRZA MUHROSNI AROMA | E118: 0 | F118: 0 | G118: 0 | H118: 0 | I118: 1 | J118: 1 | K118: 0 | L118: 1 | M118: 0 | N118: 0 | O118: 0 | P118: 0 | Q118: 0 | R118: 0 | S118: 0 | T118: 0 | U118: 0 | V118: 0 | W118: 0 | X118: =SUM(E118:W118) -> 3
C119: 2. ACHMAD BAGUS SUGIARTO | E119: 0 | F119: 0 | G119: 0 | H119: 0 | I119: 1 | J119: 0 | K119: 1 | L119: 0 | M119: 1 | N119: 0 | O119: 0 | P119: 0 | Q119: 0 | R119: 0 | S119: 0 | T119: 1 | U119: 0 | V119: 0 | W119: 0 | X119: =SUM(E119:W119) -> 4
C120: 3. ELOK FITRIYA NINGSIH | E120: 0 | F120: 0 | G120: 0 | H120: 0 | I120: 1 | J120: 0 | K120: 0 | L120: 0 | M120: 0 | N120: 0 | O120: 0 | P120: 0 | Q120: 0 | R120: 0 | S120: 0 | T120: 0 | U120: 0 | V120: 0 | W120: 0 | X120: =SUM(E120:W120) -> 1
C121: 4. MADI | E121: 0 | F121: 0 | G121: 0 | H121: 0 | I121: 0 | J121: 0 | K121: 0 | L121: 0 | M121: 0 | N121: 0 | O121: 0 | P121: 0 | Q121: 0 | R121: 0 | S121: 0 | T121: 0 | U121: 0 | V121: 0 | W121: 0 | X121: =SUM(E121:W121) -> 0
C122: 5. LUKY PERMANASARI | E122: 0 | F122: 0 | G122: 0 | H122: 0 | I122: 0 | J122: 0 | K122: 0 | L122: 0 | M122: 0 | N122: 1 | O122: 0 | P122: 0 | Q122: 0 | R122: 0 | S122: 0 | T122: 0 | U122: 0 | V122: 0 | W122: 0 | X122: =SUM(E122:W122) -> 1
A127: B | B127: JUMLAH SUARA SAH PARTAI POLITIK DAN CALON (A1 + A2) | E127: =SUM(E117:E126) -> 0 | F127: =SUM(F117:F126) -> 1 | G127: =SUM(G117:G126) -> 0 | H127: =SUM(H117:H126) -> 0 | I127: =SUM(I117:I126) -> 5 | J127: =SUM(J117:J126) -> 2 | K127: =SUM(K117:K126) -> 2 | L127: =SUM(L117:L126) -> 2 | ... X127: =SUM(X117:X126) -> 23
A129: A.1 | B129: 8. | C129: Partai Keadilan Sejahtera | E129: 2 | F129: 2 | G129: 0 | H129: 0 | I129: 0 | J129: 0 | K129: 0 | L129: 3 | M129: 0 | N129: 3 | O129: 0 | P129: 0 | Q129: 2 | R129: 0 | S129: 2 | T129: 0 | U129: 0 | V129: 1 | W129: 0 | X129: =SUM(E129:W129) -> 15
...

Sheet YOSOMULYO
C2: Kecamatan | D2: GAMBIRAN
C3: Kabupaten | D3: BANYUWANGI
C4: Provinsi | D4: JAWA TIMUR
C9: Kelurahan | D9: YOSOMULYO
A12: I | B12: DATA PEMILIH DAN PENGGUNAAN HAK PILIH | AP12: JUMLAH AKHIR
A13: A | B13: DATA PEMILIH | E13: TPS 001 | F13: TPS 002 | G13: TPS 003 | H13: TPS 004 | I13: TPS 005 | J13: TPS 006 | K13: TPS 007 | L13: TPS 008 | M13: TPS 009 | N13: TPS 010 | O13: TPS 011 | P13: TPS 012 | Q13: TPS 013 | R13: TPS 014 | S13: TPS 015 | T13: TPS 016 | U13: TPS 017 | V13: TPS 018 | W13: TPS 019 | X13: TPS 020 | Y13: TPS 021 | Z13: TPS 022 | AA13: TPS 023 | AB13: TPS 024 | AC13: TPS 025 | AD13: TPS 026 | AE13: TPS 027 | AF13: TPS 028 | AG13: TPS 029 | AH13: TPS 030 | AI13: TPS 031 | AJ13: TPS 032 | AK13: TPS 033 | AL13: TPS 034 | AM13: TPS 035 | AN13: TPS 036 | AO13: TPS 037
B14: Jumlah Pemilih dalam Daftar Pemilih Tetap (DPT) | D14: LK | E14: 140 | F14: 142 | G14: 114 | H14: 129 | I14: 133 | J14: 103 | K14: 111 | L14: 97 | M14: 146 | N14: 140 | O14: 143 | P14: 89 | Q14: 139 | R14: 117 | S14: 137 | T14: 122 | U14: 123 | V14: 143 | W14: 142 | X14: 147 | Y14: 133 | Z14: 143 | AA14: 142 | AB14: 140 | AC14: 138 | AD14: 136 | AE14: 136 | AF14: 152 | AG14: 123 | AH14: 133 | AI14: 134 | AJ14: 143 | AK14: 135 | AL14: 127 | AM14: 143 | AN14: 119 | AO14: 124 | AP14: =SUM(E14:AO14) -> 4858
D15: PR | E15: 138 | F15: 140 | G15: 121 | H15: 126 | I15: 147 | J15: 118 | K15: 110 | L15: 103 | M15: 152 | N15: 153 | O15: 147 | P15: 113 | Q15: 137 | R15: 135 | S15: 134 | T15: 119 | U15: 133 | V15: 140 | W15: 138 | X15: 143 | Y15: 144 | Z15: 132 | AA15: 127 | AB15: 137 | AC15: 137 | AD15: 143 | AE15: 134 | AF15: 137 | AG15: 141 | AH15: 144 | AI15: 150 | AJ15: 143 | AK15: 132 | AL15: 117 | AM15: 154 | AN15: 129 | AO15: 121 | AP15: =SUM(E15:AO15) -> 4969
D16: JML | E16: =SUM(E14:E15) -> 278 | F16: =SUM(F14:F15) -> 282 | G16: =SUM(G14:G15) -> 235 | H16: =SUM(H14:H15) -> 255 | I16: =SUM(I14:I15) -> 280 | J16: =SUM(J14:J15) -> 221 | K16: =SUM(K14:K15) -> 221 | L16: =SUM(L14:L15) -> 200 | ... AO16: =SUM(AO14:AO15) -> 245 | AP16: =SUM(E16:AO16) -> 9827
A18: B | B18: PENGGUNA HAK PILIH
B19: 1. | C19: Jumlah pengguna hak pilih dalam Daftar Pemilih Tetap (DPT) | D19: LK | E19: 106 | F19: 100 | G19: 86 | H19: 104 | I19: 102 | J19: 79 | K19: 90 | L19: 74 | M19: 105 | N19: 109 | O19: 89 | P19: 75 | Q19: 107 | R19: 87 | S19: 110 | T19: 85 | U19: 91 | V19: 108 | W19: 95 | X19: 112 | Y19: 87 | Z19: 99 | AA19: 97 | AB19: 101 | AC19: 102 | AD19: 104 | AE19: 93 | AF19: 117 | AG19: 64 | AH19: 98 | AI19: 107 | AJ19: 113 | AK19: 105 | AL19: 89 | AM19: 103 | AN19: 98 | AO19: 104 | AP19: =SUM(E19:AO19) -> 3595
D20: PR | E20: 113 | F20: 107 | G20: 93 | H20: 104 | I20: 114 | J20: 94 | K20: 91 | L20: 83 | M20: 122 | N20: 121 | O20: 115 | P20: 101 | Q20: 113 | R20: 99 | S20: 102 | T20: 94 | U20: 95 | V20: 108 | W20: 109 | X20: 113 | Y20: 116 | Z20: 99 | AA20: 98 | AB20: 103 | AC20: 110 | AD20: 108 | AE20: 95 | AF20: 112 | AG20: 140 | AH20: 112 | AI20: 114 | AJ20: 117 | AK20: 92 | AL20: 92 | AM20: 107 | AN20: 106 | AO20: 104 | AP20: =SUM(E20:AO20) -> 3916
D21: JML | E21: =SUM(E19:E20) -> 219 | F21: =SUM(F19:F20) -> 207 | G21: =SUM(G19:G20) -> 179 | H21: =SUM(H19:H20) -> 208 | I21: =SUM(I19:I20) -> 216 | J21: =SUM(J19:J20) -> 173 | K21: =SUM(K19:K20) -> 181 | L21: =SUM(L19:L20) -> 157 | ... AO21: =SUM(AO19:AO20) -> 208 | AP21: =SUM(E21:AO21) -> 7511
B22: 2. | C22: Jumlah pengguna hak pilih dalam Daftar Pemilih Tambahan (DPTb) | D22: LK | E22: 0 | F22: 0 | G22: 0 | H22: 0 | I22: 0 | J22: 0 | K22: 0 | L22: 1 | M22: 0 | N22: 0 | O22: 0 | P22: 0 | Q22: 0 | R22: 0 | S22: 0 | T22: 0 | U22: 1 | V22: 0 | W22: 1 | X22: 0 | Y22: 0 | Z22: 0 | AA22: 0 | AB22: 0 | AC22: 0 | AD22: 0 | AE22: 0 | AF22: 0 | AG22: 0 | AH22: 0 | AP22: =SUM(E22:AO22) -> 3
D23: PR | E23: 0 | F23: 0 | G23: 0 | H23: 0 | I23: 0 | J23: 0 | K23: 0 | L23: 0 | M23: 0 | N23: 0 | O23: 0 | P23: 0 | Q23: 0 | R23: 0 | S23: 0 | T23: 0 | U23: 1 | V23: 0 | W23: 0 | X23: 0 | Y23: 0 | Z23: 0 | AA23: 0 | AB23: 0 | AC23: 0 | AD23: 0 | AE23: 0 | AF23: 0 | AG23: 0 | AH23: 0 | AP23: =SUM(E23:AO23) -> 1
D24: JML | E24: =SUM(E22:E23) -> 0 | F24: =SUM(F22:F23) -> 0 | G24: =SUM(G22:G23) -> 0 | H24: =SUM(H22:H23) -> 0 | I24: =SUM(I22:I23) -> 0 | J24: =SUM(J22:J23) -> 0 | K24: =SUM(K22:K23) -> 0 | L24: =SUM(L22:L23) -> 1 | ... AO24: =SUM(AO22:AO23) -> 0 | AP24: =SUM(E24:AO24) -> 4
B25: 3. | C25: Jumlah pengguna hak pilih dalam Daftar Pemilih Khusus (DPK) | D25: LK | E25: 0 | F25: 0 | G25: 0 | H25: 2 | I25: 1 | J25: 1 | K25: 0 | L25: 1 | M25: 1 | N25: 1 | O25: 1 | P25: 0 | Q25: 1 | R25: 0 | S25: 0 | T25: 1 | U25: 0 | V25: 3 | W25: 0 | X25: 1 | Y25: 0 | Z25: 1 | AA25: 5 | AB25: 2 | AC25: 0 | AD25: 1 | AE25: 1 | AF25: 0 | AG25: 0 | AH25: 1 | AI25: 0 | AJ25: 2 | AK25: 0 | AL25: 0 | AM25: 0 | AN25: 0 | AO25: 0 | AP25: =SUM(E25:AO25) -> 27
D26: PR | E26: 0 | F26: 0 | G26: 0 | H26: 0 | I26: 1 | J26: 0 | K26: 0 | L26: 0 | M26: 2 | N26: 3 | O26: 0 | P26: 0 | Q26: 1 | R26: 0 | S26: 2 | T26: 2 | U26: 0 | V26: 0 | W26: 1 | X26: 0 | Y26: 0 | Z26: 1 | AA26: 1 | AB26: 3 | AC26: 0 | AD26: 1 | AE26: 0 | AF26: 0 | AG26: 0 | AH26: 0 | AI26: 0 | AJ26: 1 | AK26: 1 | AL26: 0 | AM26: 3 | AN26: 0 | AO26: 0 | AP26: =SUM(E26:AO26) -> 23
D27: JML | E27: =SUM(E25:E26) -> 0 | F27: =SUM(F25:F26) -> 0 | G27: =SUM(G25:G26) -> 0 | H27: =SUM(H25:H26) -> 2 | I27: =SUM(I25:I26) -> 2 | J27: =SUM(J25:J26) -> 1 | K27: =SUM(K25:K26) -> 0 | L27: =SUM(L25:L26) -> 1 | ... AO27: =SUM(AO25:AO26) -> 0 | AP27: =SUM(E27:AO27) -> 50
B28: 4. | C28: Jumlah Pengguna Hak Pilih (B.1+B.2+B.3) | D28: LK | E28: =SUM(E19,E22,E25) -> 106 | F28: =SUM(F19,F22,F25) -> 100 | G28: =SUM(G19,G22,G25) -> 86 | H28: =SUM(H19,H22,H25) -> 106 | I28: =SUM(I19,I22,I25) -> 103 | J28: =SUM(J19,J22,J25) -> 80 | K28: =SUM(K19,K22,K25) -> 90 | L28: =SUM(L19,L22,L25) -> 76 | ... AO28: =SUM(AO19,AO22,AO25) -> 104 | AP28: =SUM(E28:AO28) -> 3625
D29: PR | E29: =SUM(E20,E23,E26) -> 113 | F29: =SUM(F20,F23,F26) -> 107 | G29: =SUM(G20,G23,G26) -> 93 | H29: =SUM(H20,H23,H26) -> 104 | I29: =SUM(I20,I23,I26) -> 115 | J29: =SUM(J20,J23,J26) -> 94 | K29: =SUM(K20,K23,K26) -> 91 | L29: =SUM(L20,L23,L26) -> 83 | ... AO29: =SUM(AO20,AO23,AO26) -> 104 | AP29: =SUM(E29:AO29) -> 3940
D30: JML | E30: =SUM(E28:E29) -> 219 | F30: =SUM(F28:F29) -> 207 | G30: =SUM(G28:G29) -> 179 | H30: =SUM(H28:H29) -> 210 | I30: =SUM(I28:I29) -> 218 | J30: =SUM(J28:J29) -> 174 | K30: =SUM(K28:K29) -> 181 | L30: =SUM(L28:L29) -> 159 | ... AO30: =SUM(AO28:AO29) -> 208 | AP30: =SUM(E30:AO30) -> 7565
A32: II | B32: DATA PENGGUNAAN SURAT SUARA
A33: 1 | B33: Jumlah surat suara yang diterima, termasuk surat suara cadangan 2,5% dari DPT | E33: 282 | F33: 298 | G33: 240 | H33: 261 | I33: 287 | J33: 225 | K33: 226 | L33: 204 | M33: 306 | N33: 299 | O33: 296 | P33: 207 | Q33: 282 | R33: 258 | S33: 277 | T33: 246 | U33: 252 | V33: 290 | W33: 286 | X33: 296 | Y33: 283 | Z33: 281 | AA33: 275 | AB33: 283 | AC33: 281 | AD33: 285 | AE33: 276 | AF33: 295 | AG33: 270 | AH33: 283 | AI33: 291 | AJ33: 292 | AK33: 273 | AL33: 249 | AM33: 304 | AN33: 253 | AO33: 250 | AP33: =SUM(E33:AO33) -> 10042
A34: 2 | B34: Jumlah surat suara yang digunakan | E34: 219 | F34: 207 | G34: 179 | H34: 210 | I34: 218 | J34: 174 | K34: 181 | L34: 159 | M34: 230 | N34: 234 | O34: 205 | P34: 176 | Q34: 222 | R34: 186 | S34: 214 | T34: 182 | U34: 188 | V34: 219 | W34: 206 | X34: 226 | Y34: 203 | Z34: 200 | AA34: 201 | AB34: 209 | AC34: 212 | AD34: 214 | AE34: 189 | AF34: 229 | AG34: 204 | AH34: 211 | AI34: 221 | AJ34: 233 | AK34: 198 | AL34: 181 | AM34: 213 | AN34: 204 | AO34: 208 | AP34: =SUM(E34:AO34) -> 7565
A35: 3 | B35: Jumlah surat suara dikembalikan oleh pemilih (karena rusak atau keliru coblos) | E35: 0 | F35: 0 | G35: 0 | H35: 0 | I35: 0 | J35: 0 | K35: 0 | L35: 0 | M35: 0 | N35: 0 | O35: 0 | P35: 0 | Q35: 0 | R35: 0 | S35: 0 | T35: 0 | U35: 2 | V35: 0 | W35: 0 | X35: 0 | Y35: 1 | Z35: 0 | AA35: 1 | AB35: 0 | AC35: 0 | AD35: 3 | AE35: 1 | AF35: 0 | AG35: 1 | AH35: 1 | AI35: 0 | AJ35: 0 | AK35: 0 | AL35: 0 | AM35: 0 | AN35: 0 | AO35: 0 | AP35: =SUM(E35:AO35) -> 10
A36: 4 | B36: Jumlah surat suara yang tidak digunakan/tidak terpakai, termasuk sisa surat suara cadangan | E36: =E33-(E34+E35) -> 63 | F36: =F33-(F34+F35) -> 91 | G36: =G33-(G34+G35) -> 61 | H36: =H33-(H34+H35) -> 51 | I36: =I33-(I34+I35) -> 69 | J36: =J33-(J34+J35) -> 51 | K36: =K33-(K34+K35) -> 45 | L36: =L33-(L34+L35) -> 45 | ... AO36: =AO33-(AO34+AO35) -> 42 | AP36: =SUM(E36:AO36) -> 2467
A38: III | B38: DATA PEMILIH DISABILITAS
B39: Jumlah seluruh Pemilih disabilitas yang menggunakan hak pilih | D39: LK | E39: 0 | F39: 0 | G39: 0 | H39: 0 | I39: 0 | J39: 0 | K39: 1 | L39: 0 | M39: 0 | N39: 0 | O39: 0 | P39: 0 | Q39: 0 | R39: 0 | S39: 0 | T39: 0 | U39: 0 | V39: 0 | W39: 0 | X39: 0 | Y39: 0 | Z39: 0 | AA39: 1 | AB39: 0 | AC39: 0 | AD39: 0 | AE39: 0 | AF39: 0 | AG39: 0 | AH39: 0 | AK39: 1 | AP39: =SUM(E39:AO39) -> 3
D40: PR | E40: 0 | F40: 0 | G40: 0 | H40: 0 | I40: 0 | J40: 0 | K40: 0 | L40: 0 | M40: 0 | N40: 0 | O40: 0 | P40: 0 | Q40: 0 | R40: 0 | S40: 0 | T40: 0 | U40: 0 | V40: 0 | W40: 0 | X40: 0 | Y40: 0 | Z40: 0 | AA40: 0 | AB40: 0 | AC40: 0 | AD40: 1 | AE40: 0 | AF40: 0 | AG40: 0 | AH40: 0 | AP40: =SUM(E40:AO40) -> 1
D41: JML | E41: =SUM(E39:E40) -> 0 | F41: =SUM(F39:F40) -> 0 | G41: =SUM(G39:G40) -> 0 | H41: =SUM(H39:H40) -> 0 | I41: =SUM(I39:I40) -> 0 | J41: =SUM(J39:J40) -> 0 | K41: =SUM(K39:K40) -> 1 | L41: =SUM(L39:L40) -> 0 | ... AO41: =SUM(AO39:AO40) -> 0 | AP41: =SUM(E41:AO41) -> 4
A43: IV | B43: DATA RINCIAN PEROLEHAN SUARA PASANGAN CALON BUPATI DAN WAKIL BUPATI
A44: NOMOR DAN NAMA CALON
A45: A.1 | B45: 1. | C45: Partai Kebangkitan Bangsa | E45: 9 | F45: 5 | G45: 11 | H45: 1 | I45: 10 | J45: 9 | K45: 6 | L45: 14 | M45: 4 | N45: 5 | O45: 1 | P45: 2 | Q45: 3 | R45: 5 | S45: 2 | T45: 4 | U45: 5 | V45: 2 | W45: 4 | X45: 6 | Y45: 8 | Z45: 8 | AA45: 4 | AB45: 11 | AC45: 8 | AD45: 9 | AE45: 4 | AF45: 3 | AG45: 7 | AH45: 1 | AI45: 10 | AJ45: 4 | AK45: 4 | AL45: 8 | AM45: 4 | AN45: 2 | AO45: 3 | AP45: =SUM(E45:AO45) -> 206
A46: A.2 | C46: 1. Dra. Hj. MA`MULAH HARUN, M.Pd.I. | E46: 20 | F46: 19 | G46: 7 | H46: 16 | I46: 15 | J46: 12 | K46: 15 | L46: 22 | M46: 1 | N46: 14 | O46: 10 | P46: 5 | Q46: 5 | R46: 5 | S46: 4 | T46: 5 | U46: 1 | V46: 2 | W46: 4 | X46: 9 | Y46: 14 | Z46: 10 | AA46: 11 | AB46: 7 | AC46: 3 | AD46: 11 | AE46: 4 | AF46: 7 | AG46: 8 | AH46: 4 | AI46: 35 | AJ46: 7 | AK46: 5 | AL46: 5 | AM46: 7 | AN46: 0 | AO46: 2 | AP46: =SUM(E46:AO46) -> 331
C47: 2. UBAIDILLAH, S.Fil.I. | E47: 7 | F47: 9 | G47: 0 | H47: 1 | I47: 1 | J47: 2 | K47: 0 | L47: 5 | M47: 0 | N47: 0 | O47: 1 | P47: 2 | Q47: 1 | R47: 1 | S47: 2 | T47: 4 | U47: 0 | V47: 2 | W47: 9 | X47: 1 | Y47: 2 | Z47: 2 | AA47: 2 | AB47: 4 | AC47: 17 | AD47: 4 | AE47: 2 | AF47: 1 | AG47: 0 | AH47: 3 | AI47: 2 | AJ47: 1 | AK47: 0 | AL47: 2 | AM47: 0 | AN47: 1 | AO47: 2 | AP47: =SUM(E47:AO47) -> 93
C48: 3. Ir. H. YOYOK MULYADI, M.Si. | E48: 3 | F48: 0 | G48: 0 | H48: 2 | I48: 1 | J48: 0 | K48: 0 | L48: 0 | M48: 2 | N48: 1 | O48: 1 | P48: 0 | Q48: 0 | R48: 0 | S48: 0 | T48: 0 | U48: 0 | V48: 0 | W48: 0 | X48: 0 | Y48: 0 | Z48: 2 | AA48: 0 | AB48: 0 | AC48: 2 | AD48: 2 | AE48: 2 | AF48: 0 | AG48: 0 | AH48: 1 | AI48: 0 | AJ48: 0 | AK48: 0 | AL48: 3 | AM48: 0 | AN48: 2 | AO48: 0 | AP48: =SUM(E48:AO48) -> 24
C49: 4. KHOIRUL ANWAR, S.Fil.I. | E49: 3 | F49: 2 | G49: 0 | H49: 1 | I49: 0 | J49: 0 | K49: 4 | L49: 5 | M49: 0 | N49: 0 | O49: 0 | P49: 0 | Q49: 1 | R49: 1 | S49: 0 | T49: 0 | U49: 0 | V49: 0 | W49: 0 | X49: 1 | Y49: 1 | Z49: 3 | AA49: 2 | AB49: 1 | AC49: 3 | AD49: 1 | AE49: 1 | AF49: 2 | AG49: 0 | AH49: 0 | AI49: 0 | AJ49: 0 | AK49: 1 | AL49: 0 | AM49: 1 | AN49: 1 | AO49: 1 | AP49: =SUM(E49:AO49) -> 36
C50: 5. ARIF WIJAKSANA | E50: 1 | F50: 1 | G50: 0 | H50: 0 | I50: 0 | J50: 0 | K50: 1 | L50: 1 | M50: 0 | N50: 0 | O50: 1 | P50: 0 | Q50: 0 | R50: 0 | S50: 1 | T50: 1 | U50: 0 | V50: 0 | W50: 0 | X50: 0 | Y50: 1 | Z50: 2 | AA50: 0 | AB50: 1 | AC50: 0 | AD50: 0 | AE50: 2 | AF50: 2 | AG50: 1 | AH50: 0 | AI50: 0 | AJ50: 1 | AK50: 8 | AL50: 2 | AM50: 2 | AN50: 0 | AO50: 8 | AP50: =SUM(E50:AO50) -> 37
C51: 6. Dr. SITI YUMNAH | E51: 0 | F51: 0 | G51: 1 | H51: 0 | I51: 0 | J51: 0 | K51: 0 | L51: 1 | M51: 0 | N51: 2 | O51: 0 | P51: 0 | Q51: 0 | R51: 0 | S51: 0 | T51: 0 | U51: 0 | V51: 1 | W51: 0 | X51: 3 | Y51: 0 | Z51: 1 | AA51: 1 | AB51: 0 | AC51: 1 | AD51: 0 | AE51: 0 | AF51: 1 | AG51: 1 | AH51: 0 | AI51: 2 | AJ51: 0 | AK51: 3 | AL51: 0 | AM51: 1 | AN51: 0 | AO51: 0 | AP51: =SUM(E51:AO51) -> 19
C52: 7. MOHAMMAD ZAINI, M.Pd.I. | E52: 0 | F52: 1 | G52: 0 | H52: 0 | I52: 1 | J52: 0 | K52: 0 | L52: 0 | M52: 0 | N52: 0 | O52: 0 | P52: 1 | Q52: 0 | R52: 0 | S52: 0 | T52: 0 | U52: 0 | V52: 0 | W52: 2 | X52: 3 | Y52: 1 | Z52: 0 | AA52: 0 | AB52: 0 | AC52: 3 | AD52: 0 | AE52: 0 | AF52: 1 | AG52: 0 | AH52: 0 | AI52: 0 | AJ52: 0 | AK52: 0 | AL52: 0 | AM52: 0 | AN52: 0 | AO52: 0 | AP52: =SUM(E52:AO52) -> 13
C53: 8. FAWAIDUL MAKKIYAH | E53: 0 | F53: 0 | G53: 0 | H53: 1 | I53: 0 | J53: 0 | K53: 0 | L53: 0 | M53: 0 | N53: 0 | O53: 0 | P53: 0 | Q53: 0 | R53: 0 | S53: 0 | T53: 0 | U53: 0 | V53: 0 | W53: 2 | X53: 0 | Y53: 0 | Z53: 1 | AA53: 0 | AB53: 0 | AC53: 0 | AD53: 0 | AE53: 0 | AF53: 0 | AG53: 0 | AH53: 0 | AI53: 0 | AJ53: 0 | AK53: 0 | AL53: 1 | AM53: 0 | AN53: 0 | AO53: 0 | AP53: =SUM(E53:AO53) -> 5
C54: 9. IFFAH HIDAYATUR ROHMAH, S.Sos. | E54: 0 | F54: 0 | G54: 0 | H54: 0 | I54: 1 | J54: 0 | K54: 1 | L54: 0 | M54: 0 | N54: 0 | O54: 2 | P54: 0 | Q54: 0 | R54: 0 | S54: 0 | T54: 1 | U54: 0 | V54: 0 | W54: 0 | X54: 1 | Y54: 0 | Z54: 0 | AA54: 1 | AB54: 0 | AC54: 1 | AD54: 0 | AE54: 0 | AF54: 0 | AG54: 0 | AH54: 0 | AI54: 0 | AJ54: 0 | AK54: 0 | AL54: 0 | AM54: 0 | AN54: 0 | AO54: 0 | AP54: =SUM(E54:AO54) -> 8
A55: B | B55: JUMLAH SUARA SAH PARTAI POLITIK DAN CALON (A1 + A2) | E55: =SUM(E45:E54) -> 43 | F55: =SUM(F45:F54) -> 37 | G55: =SUM(G45:G54) -> 19 | H55: =SUM(H45:H54) -> 22 | I55: =SUM(I45:I54) -> 29 | J55: =SUM(J45:J54) -> 23 | K55: =SUM(K45:K54) -> 27 | L55: =SUM(L45:L54) -> 48 | ... AP55: =SUM(AP45:AP54) -> 772
A57: A.1 | B57: 2. | C57: Partai Gerakan Indonesia Raya | E57: 11 | F57: 9 | G57: 5 | H57: 6 | I57: 6 | J57: 9 | K57: 10 | L57: 11 | M57: 16 | N57: 10 | O57: 16 | P57: 0 | Q57: 12 | R57: 6 | S57: 5 | T57: 10 | U57: 5 | V57: 11 | W57: 17 | X57: 6 | Y57: 7 | Z57: 11 | AA57: 17 | AB57: 7 | AC57: 12 | AD57: 13 | AE57: 11 | AF57: 9 | AG57: 6 | AH57: 1 | AI57: 6 | AJ57: 10 | AK57: 11 | AL57: 10 | AM57: 10 | AN57: 7 | AO57: 9 | AP57: =SUM(E57:AO57) -> 338
A58: A.2 | C58: 1. AHMAD HADINUDDIN, S.Pd.I. | E58: 4 | F58: 9 | G58: 1 | H58: 3 | I58: 5 | J58: 3 | K58: 1 | L58: 6 | M58: 5 | N58: 6 | O58: 3 | P58: 3 | Q58: 6 | R58: 7 | S58: 4 | T58: 1 | U58: 6 | V58: 2 | W58: 19 | X58: 7 | Y58: 12 | Z58: 5 | AA58: 3 | AB58: 6 | AC58: 18 | AD58: 6 | AE58: 11 | AF58: 8 | AG58: 5 | AH58: 2 | AI58: 7 | AJ58: 4 | AK58: 5 | AL58: 1 | AM58: 6 | AN58: 3 | AO58: 3 | AP58: =SUM(E58:AO58) -> 206
C59: 2. BIMA RAFSANJANI RAFID | E59: 11 | F59: 9 | G59: 6 | H59: 5 | I59: 1 | J59: 8 | K59: 14 | L59: 19 | M59: 2 | N59: 1 | O59: 6 | P59: 6 | Q59: 100 | R59: 2 | S59: 3 | T59: 2 | U59: 1 | V59: 5 | W59: 12 | X59: 2 | Y59: 6 | Z59: 2 | AA59: 10 | AB59: 10 | AC59: 2 | AD59: 3 | AE59: 4 | AF59: 4 | AG59: 14 | AH59: 1 | AI59: 1 | AJ59: 0 | AK59: 2 | AL59: 1 | AM59: 3 | AN59: 4 | AO59: 3 | AP59: =SUM(E59:AO59) -> 285
C60: 3. IRA DAMAYANTI | E60: 2 | F60: 2 | G60: 1 | H60: 2 | I60: 0 | J60: 1 | K60: 0 | L60: 1 | M60: 5 | N60: 2 | O60: 0 | P60: 3 | Q60: 1 | R60: 1 | S60: 2 | T60: 1 | U60: 0 | V60: 0 | W60: 6 | X60: 2 | Y60: 4 | Z60: 3 | AA60: 4 | AB60: 1 | AC60: 1 | AD60: 3 | AE60: 5 | AF60: 3 | AG60: 1 | AH60: 2 | AI60: 0 | AJ60: 0 | AK60: 6 | AL60: 4 | AM60: 3 | AN60: 6 | AO60: 1 | AP60: =SUM(E60:AO60) -> 79
C61: 4. MAULANA MALIK IBRAHIM, S.H. | E61: 2 | F61: 5 | G61: 2 | H61: 0 | I61: 1 | J61: 47 | K61: 16 | L61: 2 | M61: 3 | N61: 3 | O61: 0 | P61: 1 | Q61: 0 | R61: 1 | S61: 0 | T61: 1 | U61: 2 | V61: 1 | W61: 2 | X61: 1 | Y61: 3 | Z61: 3 | AA61: 2 | AB61: 4 | AC61: 4 | AD61: 2 | AE61: 2 | AF61: 4 | AG61: 0 | AH61: 0 | AI61: 2 | AJ61: 1 | AK61: 5 | AL61: 8 | AM61: 2 | AN61: 3 | AO61: 1 | AP61: =SUM(E61:AO61) -> 136
C62: 5. LULUK ALFIATI | E62: 2 | F62: 0 | G62: 1 | H62: 1 | I62: 2 | J62: 2 | K62: 2 | L62: 1 | M62: 1 | N62: 0 | O62: 1 | P62: 1 | Q62: 1 | R62: 0 | S62: 0 | T62: 2 | U62: 1 | V62: 1 | W62: 2 | X62: 0 | Y62: 0 | Z62: 1 | AA62: 3 | AB62: 3 | AC62: 0 | AD62: 2 | AE62: 1 | AF62: 1 | AG62: 2 | AH62: 0 | AI62: 1 | AJ62: 0 | AK62: 3 | AL62: 4 | AM62: 3 | AN62: 2 | AO62: 0 | AP62: =SUM(E62:AO62) -> 47
C63: 6. ILHAM WAHYUDI, S.H. | E63: 1 | F63: 0 | G63: 0 | H63: 0 | I63: 0 | J63: 1 | K63: 1 | L63: 0 | M63: 0 | N63: 0 | O63: 2 | P63: 0 | Q63: 1 | R63: 0 | S63: 0 | T63: 0 | U63: 0 | V63: 0 | W63: 0 | X63: 2 | Y63: 0 | Z63: 0 | AA63: 1 | AB63: 0 | AC63: 0 | AD63: 1 | AE63: 0 | AF63: 0 | AG63: 0 | AH63: 0 | AI63: 0 | AJ63: 0 | AK63: 1 | AL63: 0 | AM63: 1 | AN63: 0 | AO63: 1 | AP63: =SUM(E63:AO63) -> 13
C64: 7. HAERUL ANWAR, S.Pd.I. | E64: 1 | F64: 0 | G64: 1 | H64: 0 | I64: 0 | J64: 0 | K64: 1 | L64: 0 | M64: 0 | N64: 0 | O64: 1 | P64: 0 | Q64: 0 | R64: 1 | S64: 0 | T64: 0 | U64: 0 | V64: 0 | W64: 1 | X64: 0 | Y64: 0 | Z64: 0 | AA64: 0 | AB64: 0 | AC64: 1 | AD64: 1 | AE64: 2 | AF64: 0 | AG64: 0 | AH64: 0 | AI64: 0 | AJ64: 0 | AK64: 0 | AL64: 1 | AM64: 2 | AN64: 0 | AO64: 1 | AP64: =SUM(E64:AO64) -> 14
C65: 8. YOVI ADHITYA WARDANI | E65: 0 | F65: 0 | G65: 0 | H65: 0 | I65: 0 | J65: 0 | K65: 0 | L65: 0 | M65: 0 | N65: 0 | O65: 0 | P65: 1 | Q65: 0 | R65: 0 | S65: 0 | T65: 2 | U65: 0 | V65: 0 | W65: 0 | X65: 0 | Y65: 1 | Z65: 0 | AA65: 0 | AB65: 0 | AC65: 0 | AD65: 0 | AE65: 0 | AF65: 0 | AG65: 0 | AH65: 0 | AI65: 0 | AJ65: 0 | AK65: 1 | AL65: 1 | AM65: 0 | AN65: 0 | AO65: 0 | AP65: =SUM(E65:AO65) -> 6
C66: 9. RITA AMELIA | E66: 0 | F66: 1 | G66: 0 | H66: 0 | I66: 0 | J66: 0 | K66: 1 | L66: 0 | M66: 2 | N66: 1 | O66: 1 | P66: 0 | Q66: 0 | R66: 0 | S66: 0 | T66: 1 | U66: 0 | V66: 2 | W66: 0 | X66: 0 | Y66: 1 | Z66: 2 | AA66: 0 | AB66: 2 | AC66: 1 | AD66: 1 | AE66: 0 | AF66: 0 | AG66: 0 | AH66: 1 | AI66: 0 | AJ66: 0 | AK66: 0 | AL66: 1 | AM66: 1 | AN66: 0 | AO66: 1 | AP66: =SUM(E66:AO66) -> 20
A67: B | B67: JUMLAH SUARA SAH PARTAI POLITIK DAN CALON (A1 + A2) | E67: =SUM(E57:E66) -> 34 | F67: =SUM(F57:F66) -> 35 | G67: =SUM(G57:G66) -> 17 | H67: =SUM(H57:H66) -> 17 | I67: =SUM(I57:I66) -> 15 | J67: =SUM(J57:J66) -> 71 | K67: =SUM(K57:K66) -> 46 | L67: =SUM(L57:L66) -> 40 | ... AP67: =SUM(AP57:AP66) -> 1144
A69: A.1 | B69: 3. | C69: Partai Demokrasi Indonesia Perjuangan | E69: 14 | F69: 8 | G69: 6 | H69: 10 | I69: 9 | J69: 3 | K69: 5 | L69: 10 | M69: 30 | N69: 29 | O69: 17 | P69: 12 | Q69: 8 | R69: 16 | S69: 14 | T69: 10 | U69: 21 | V69: 12 | W69: 9 | X69: 13 | Y69: 8 | Z69: 15 | AA69: 5 | AB69: 10 | AC69: 8 | AD69: 21 | AE69: 11 | AF69: 36 | AG69: 30 | AH69: 8 | AI69: 11 | AJ69: 18 | AK69: 18 | AL69: 17 | AM69: 24 | AN69: 26 | AO69: 24 | AP69: =SUM(E69:AO69) -> 546
A70: A.2 | C70: 1. MARTIN H., S.H., M.H. | E70: 9 | F70: 7 | G70: 1 | H70: 6 | I70: 7 | J70: 1 | K70: 2 | L70: 5 | M70: 12 | N70: 11 | O70: 15 | P70: 12 | Q70: 31 | R70: 19 | S70: 22 | T70: 22 | U70: 79 | V70: 8 | W70: 3 | X70: 6 | Y70: 2 | Z70: 3 | AA70: 6 | AB70: 8 | AC70: 4 | AD70: 9 | AE70: 18 | AF70: 28 | AG70: 15 | AH70: 9 | AI70: 5 | AJ70: 7 | AK70: 10 | AL70: 5 | AM70: 17 | AN70: 9 | AO70: 10 | AP70: =SUM(E70:AO70) -> 443
C71: 2. HERMANTO, S.E. | E71: 6 | F71: 3 | G71: 3 | H71: 3 | I71: 1 | J71: 1 | K71: 9 | L71: 1 | M71: 7 | N71: 8 | O71: 3 | P71: 0 | Q71: 1 | R71: 2 | S71: 1 | T71: 3 | U71: 4 | V71: 6 | W71: 4 | X71: 0 | Y71: 0 | Z71: 2 | AA71: 1 | AB71: 3 | AC71: 4 | AD71: 3 | AE71: 1 | AF71: 2 | AG71: 4 | AH71: 5 | AI71: 4 | AJ71: 9 | AK71: 7 | AL71: 3 | AM71: 5 | AN71: 6 | AO71: 10 | AP71: =SUM(E71:AO71) -> 135
C72: 3. EVY SUSILAWATI, S.E., M.M. | E72: 6 | F72: 3 | G72: 4 | H72: 2 | I72: 3 | J72: 1 | K72: 4 | L72: 4 | M72: 16 | N72: 13 | O72: 4 | P72: 2 | Q72: 3 | R72: 2 | S72: 8 | T72: 8 | U72: 3 | V72: 4 | W72: 4 | X72: 0 | Y72: 3 | Z72: 9 | AA72: 5 | AB72: 5 | AC72: 3 | AD72: 13 | AE72: 5 | AF72: 10 | AG72: 8 | AH72: 3 | AI72: 2 | AJ72: 4 | AK72: 14 | AL72: 11 | AM72: 15 | AN72: 3 | AO72: 9 | AP72: =SUM(E72:AO72) -> 216
C73: 4. M. SIROTTUDIN | E73: 6 | F73: 0 | G73: 1 | H73: 0 | I73: 1 | J73: 2 | K73: 17 | L73: 1 | M73: 4 | N73: 6 | O73: 3 | P73: 1 | Q73: 1 | R73: 1 | S73: 1 | T73: 2 | U73: 2 | V73: 10 | W73: 5 | X73: 4 | Y73: 0 | Z73: 2 | AA73: 2 | AB73: 1 | AC73: 0 | AD73: 1 | AE73: 3 | AF73: 3 | AG73: 1 | AH73: 2 | AI73: 3 | AJ73: 2 | AK73: 2 | AL73: 2 | AM73: 4 | AN73: 4 | AO73: 3 | AP73: =SUM(E73:AO73) -> 103
C74: 5. ABDUL HAFID, S.H. | E74: 0 | F74: 0 | G74: 1 | H74: 0 | I74: 2 | J74: 0 | K74: 3 | L74: 1 | M74: 1 | N74: 1 | O74: 0 | P74: 1 | Q74: 0 | R74: 2 | S74: 2 | T74: 0 | U74: 1 | V74: 3 | W74: 1 | X74: 7 | Y74: 2 | Z74: 2 | AA74: 0 | AB74: 2 | AC74: 0 | AD74: 2 | AE74: 0 | AF74: 3 | AG74: 2 | AH74: 1 | AI74: 0 | AJ74: 0 | AK74: 3 | AL74: 0 | AM74: 0 | AN74: 0 | AO74: 1 | AP74: =SUM(E74:AO74) -> 44
C75: 6. NIKITA FORTUNA SURYANINGATI, A.Md.Keb. | E75: 0 | F75: 1 | G75: 0 | H75: 0 | I75: 1 | J75: 1 | K75: 1 | L75: 1 | M75: 1 | N75: 1 | O75: 1 | P75: 0 | Q75: 0 | R75: 0 | S75: 0 | T75: 2 | U75: 1 | V75: 1 | W75: 1 | X75: 0 | Y75: 1 | Z75: 0 | AA75: 1 | AB75: 2 | AC75: 2 | AD75: 4 | AE75: 2 | AF75: 7 | AG75: 3 | AH75: 3 | AI75: 3 | AJ75: 0 | AK75: 3 | AL75: 2 | AM75: 1 | AN75: 1 | AO75: 4 | AP75: =SUM(E75:AO75) -> 52
C76: 7. YUDHO ILHAM WIJAYA, S.E. | E76: 1 | F76: 0 | G76: 0 | H76: 0 | I76: 0 | J76: 0 | K76: 0 | L76: 0 | M76: 1 | N76: 2 | O76: 0 | P76: 1 | Q76: 0 | R76: 2 | S76: 1 | T76: 0 | U76: 1 | V76: 2 | W76: 1 | X76: 0 | Y76: 0 | Z76: 2 | AA76: 0 | AB76: 0 | AC76: 1 | AD76: 0 | AE76: 2 | AF76: 2 | AG76: 1 | AH76: 0 | AI76: 1 | AJ76: 0 | AK76: 2 | AL76: 0 | AM76: 0 | AN76: 0 | AO76: 1 | AP76: =SUM(E76:AO76) -> 24
C77: 8. SETIAWATI, S.H. | E77: 0 | F77: 0 | G77: 0 | H77: 0 | I77: 0 | J77: 0 | K77: 2 | L77: 2 | M77: 1 | N77: 2 | O77: 1 | P77: 1 | Q77: 0 | R77: 1 | S77: 0 | T77: 0 | U77: 1 | V77: 0 | W77: 1 | X77: 0 | Y77: 0 | Z77: 0 | AA77: 0 | AB77: 2 | AC77: 0 | AD77: 2 | AE77: 1 | AF77: 1 | AG77: 0 | AH77: 0 | AI77: 1 | AJ77: 2 | AK77: 1 | AL77: 2 | AM77: 0 | AN77: 1 | AO77: 4 | AP77: =SUM(E77:AO77) -> 29
C78: 9. EKO BUDI SANTOSO, S.H. | E78: 0 | F78: 0 | G78: 1 | H78: 0 | I78: 0 | J78: 0 | K78: 0 | L78: 0 | M78: 2 | N78: 7 | O78: 0 | P78: 0 | Q78: 0 | R78: 2 | S78: 2 | T78: 0 | U78: 1 | V78: 1 | W78: 2 | X78: 2 | Y78: 0 | Z78: 1 | AA78: 1 | AB78: 1 | AC78: 0 | AD78: 1 | AE78: 4 | AF78: 2 | AG78: 1 | AH78: 3 | AI78: 0 | AJ78: 1 | AK78: 0 | AL78: 0 | AM78: 0 | AN78: 1 | AO78: 2 | AP78: =SUM(E78:AO78) -> 38
A79: B | B79: JUMLAH SUARA SAH PARTAI POLITIK DAN CALON (A1 + A2) | E79: =SUM(E69:E78) -> 42 | F79: =SUM(F69:F78) -> 22 | G79: =SUM(G69:G78) -> 17 | H79: =SUM(H69:H78) -> 21 | I79: =SUM(I69:I78) -> 24 | J79: =SUM(J69:J78) -> 9 | K79: =SUM(K69:K78) -> 43 | L79: =SUM(L69:L78) -> 25 | ... AP79: =SUM(AP69:AP78) -> 1630
A81: A.1 | B81: 4. | C81: Partai Golongan Karya | E81: 4 | F81: 5 | G81: 11 | H81: 7 | I81: 6 | J81: 3 | K81: 1 | L81: 1 | M81: 7 | N81: 4 | O81: 5 | P81: 9 | Q81: 0 | R81: 2 | S81: 4 | T81: 0 | U81: 2 | V81: 1 | W81: 6 | X81: 14 | Y81: 3 | Z81: 3 | AA81: 7 | AB81: 5 | AC81: 8 | AD81: 4 | AE81: 3 | AF81: 3 | AG81: 9 | AH81: 7 | AI81: 6 | AJ81: 8 | AK81: 3 | AL81: 8 | AM81: 6 | AN81: 10 | AO81: 4 | AP81: =SUM(E81:AO81) -> 189
A82: A.2 | C82: 1. PRANAYA YUDHA MAHARDHIKA | E82: 14 | F82: 24 | G82: 57 | H82: 87 | I82: 98 | J82: 5 | K82: 5 | L82: 2 | M82: 4 | N82: 9 | O82: 3 | P82: 6 | Q82: 1 | R82: 4 | S82: 7 | T82: 0 | U82: 2 | V82: 11 | W82: 2 | X82: 6 | Y82: 4 | Z82: 3 | AA82: 7 | AB82: 22 | AC82: 3 | AD82: 8 | AE82: 15 | AF82: 9 | AG82: 31 | AH82: 21 | AI82: 8 | AJ82: 45 | AK82: 31 | AL82: 16 | AM82: 15 | AN82: 15 | AO82: 2 | AP82: =SUM(E82:AO82) -> 602
C83: 2. Dra. Ec. ENDANG SULASTUTY, M.I.P. | E83: 1 | F83: 0 | G83: 3 | H83: 1 | I83: 0 | J83: 0 | K83: 0 | L83: 2 | M83: 2 | N83: 3 | O83: 0 | P83: 1 | Q83: 0 | R83: 1 | S83: 1 | T83: 1 | U83: 0 | V83: 1 | W83: 0 | X83: 1 | Y83: 2 | Z83: 0 | AA83: 1 | AB83: 0 | AC83: 6 | AD83: 2 | AE83: 0 | AF83: 1 | AG83: 0 | AH83: 4 | AI83: 0 | AJ83: 6 | AK83: 2 | AL83: 0 | AM83: 2 | AN83: 5 | AO83: 3 | AP83: =SUM(E83:AO83) -> 52
C84: 3. AGUS REJEKI WARTONO | E84: 0 | F84: 0 | G84: 5 | H84: 1 | I84: 0 | J84: 1 | K84: 0 | L84: 0 | M84: 2 | N84: 1 | O84: 3 | P84: 0 | Q84: 0 | R84: 0 | S84: 1 | T84: 1 | U84: 1 | V84: 0 | W84: 0 | X84: 0 | Y84: 2 | Z84: 2 | AA84: 0 | AB84: 1 | AC84: 0 | AD84: 2 | AE84: 1 | AF84: 0 | AG84: 0 | AH84: 0 | AI84: 1 | AJ84: 1 | AK84: 1 | AL84: 0 | AM84: 2 | AN84: 3 | AO84: 1 | AP84: =SUM(E84:AO84) -> 33
C85: 4. Hj. TUTUK ASMA'A ZUCHROH, S.T., M.T. | E85: 0 | F85: 0 | G85: 0 | H85: 0 | I85: 1 | J85: 0 | K85: 2 | L85: 0 | M85: 1 | N85: 0 | O85: 1 | P85: 1 | Q85: 0 | R85: 0 | S85: 1 | T85: 1 | U85: 1 | V85: 0 | W85: 0 | X85: 4 | Y85: 0 | Z85: 1 | AA85: 0 | AB85: 2 | AC85: 1 | AD85: 0 | AE85: 1 | AF85: 4 | AG85: 1 | AH85: 2 | AI85: 0 | AJ85: 2 | AK85: 1 | AL85: 3 | AM85: 3 | AN85: 5 | AO85: 2 | AP85: =SUM(E85:AO85) -> 41
C86: 5. ADE M. RIZKI, S.E. | E86: 1 | F86: 1 | G86: 2 | H86: 2 | I86: 1 | J86: 0 | K86: 1 | L86: 0 | M86: 6 | N86: 1 | O86: 1 | P86: 17 | Q86: 1 | R86: 1 | S86: 4 | T86: 4 | U86: 0 | V86: 3 | W86: 1 | X86: 26 | Y86: 7 | Z86: 8 | AA86: 9 | AB86: 2 | AC86: 1 | AD86: 11 | AE86: 1 | AF86: 0 | AG86: 0 | AH86: 39 | AI86: 43 | AJ86: 18 | AK86: 1 | AL86: 1 | AM86: 1 | AN86: 10 | AO86: 1 | AP86: =SUM(E86:AO86) -> 226
C87: 6. ABDURAKHMAN, Bc.Kn. | E87: 0 | F87: 0 | G87: 0 | H87: 0 | I87: 0 | J87: 0 | K87: 0 | L87: 0 | M87: 0 | N87: 1 | O87: 0 | P87: 0 | Q87: 1 | R87: 0 | S87: 0 | T87: 0 | U87: 0 | V87: 0 | W87: 0 | X87: 1 | Y87: 0 | Z87: 0 | AA87: 0 | AB87: 0 | AC87: 1 | AD87: 3 | AE87: 0 | AF87: 0 | AG87: 0 | AH87: 0 | AI87: 2 | AJ87: 0 | AK87: 0 | AL87: 1 | AM87: 0 | AN87: 0 | AO87: 0 | AP87: =SUM(E87:AO87) -> 10
