Workbook

Sheet DPRD PROVINSI
C8: Kecamatan | D8: WONGSOREJO
C9: Kabupaten | D9: BANYUWANGI
C10: Provinsi | D10: JAWA TIMUR
A12: I | B12: DATA PEMILIH DAN PENGGUNAAN HAK PILIH | E12: JUMLAH AKHIR
A13: A | B13: DATA PEMILIH
B14: Jumlah Pemilih dalam Daftar Pemilih Tetap (DPT) | D14: LK | E14: =ALASBULUH!AG14+ALASREJO!U14+BAJULMATI!AD14+BANGSRING!W14+BENGKAK!Y14+BIMOREJO!R14+SIDODADI!U14+SIDOWANGI!P14+SUMBERANYAR!N14+SUMBERKENCONO!T14+WATUKEBO!Y14+WONGSOREJO!AM14 -> 29810
D15: PR | E15: =ALASBULUH!AG15+ALASREJO!U15+BAJULMATI!AD15+BANGSRING!W15+BENGKAK!Y15+BIMOREJO!R15+SIDODADI!U15+SIDOWANGI!P15+SUMBERANYAR!N15+SUMBERKENCONO!T15+WATUKEBO!Y15+WONGSOREJO!AM15 -> 30473
D16: JML | E16: =SUM(E14:E15) -> 60283
A18: B | B18: PENGGUNA HAK PILIH
B19: 1. | C19: Jumlah pengguna hak pilih dalam Daftar Pemilih Tetap (DPT) | D19: LK | E19: =ALASBULUH!AG19+ALASREJO!U19+BAJULMATI!AD19+BANGSRING!W19+BENGKAK!Y19+BIMOREJO!R19+SIDODADI!U19+SIDOWANGI!P19+SUMBERANYAR!N19+SUMBERKENCONO!T19+WATUKEBO!Y19+WONGSOREJO!AM19 -> 22279
D20: PR | E20: =ALASBULUH!AG20+ALASREJO!U20+BAJULMATI!AD20+BANGSRING!W20+BENGKAK!Y20+BIMOREJO!R20+SIDODADI!U20+SIDOWANGI!P20+SUMBERANYAR!N20+SUMBERKENCONO!T20+WATUKEBO!Y20+WONGSOREJO!AM20 -> 24259
D21: JML | E21: =SUM(E19:E20) -> 46538
B22: 2. | C22: Jumlah pengguna hak pilih dalam Daftar Pemilih Tambahan (DPTb) | D22: LK | E22: =ALASBULUH!AG22+ALASREJO!U22+BAJULMATI!AD22+BANGSRING!W22+BENGKAK!Y22+BIMOREJO!R22+SIDODADI!U22+SIDOWANGI!P22+SUMBERANYAR!N22+SUMBERKENCONO!T22+WATUKEBO!Y22+WONGSOREJO!AM22 -> 40
D23: PR | E23: =ALASBULUH!AG23+ALASREJO!U23+BAJULMATI!AD23+BANGSRING!W23+BENGKAK!Y23+BIMOREJO!R23+SIDODADI!U23+SIDOWANGI!P23+SUMBERANYAR!N23+SUMBERKENCONO!T23+WATUKEBO!Y23+WONGSOREJO!AM23 -> 28
D24: JML | E24: =SUM(E22:E23) -> 68
B25: 3. | C25: Jumlah pengguna hak pilih dalam Daftar Pemilih Khusus (DPK) | D25: LK | E25: =ALASBULUH!AG25+ALASREJO!U25+BAJULMATI!AD25+BANGSRING!W25+BENGKAK!Y25+BIMOREJO!R25+SIDODADI!U25+SIDOWANGI!P25+SUMBERANYAR!N25+SUMBERKENCONO!T25+WATUKEBO!Y25+WONGSOREJO!AM25 -> 160
D26: PR | E26: =ALASBULUH!AG26+ALASREJO!U26+BAJULMATI!AD26+BANGSRING!W26+BENGKAK!Y26+BIMOREJO!R26+SIDODADI!U26+SIDOWANGI!P26+SUMBERANYAR!N26+SUMBERKENCONO!T26+WATUKEBO!Y26+WONGSOREJO!AM26 -> 196
D27: JML | E27: =SUM(E25:E26) -> 356
B28: 4. | C28: Jumlah Pengguna Hak Pilih (B.1+B.2+B.3) | D28: LK | E28: =E19+E22+E25 -> 22479
D29: PR | E29: =E20+E23+E26 -> 24483
D30: JML | E30: =SUM(E28:E29) -> 46962
A32: II | B32: DATA PENGGUNAAN SURAT SUARA
A33: 1 | B33: Jumlah surat suara yang diterima, termasuk surat suara cadangan 2,5% dari DPT | E33: =ALASBULUH!AG33+ALASREJO!U33+BAJULMATI!AD33+BANGSRING!W33+BENGKAK!Y33+BIMOREJO!R33+SIDODADI!U33+SIDOWANGI!P33+SUMBERANYAR!N33+SUMBERKENCONO!T33+WATUKEBO!Y33+WONGSOREJO!AM33 -> 61452
A34: 2 | B34: Jumlah surat suara yang digunakan | E34: =ALASBULUH!AG34+ALASREJO!U34+BAJULMATI!AD34+BANGSRING!W34+BENGKAK!Y34+BIMOREJO!R34+SIDODADI!U34+SIDOWANGI!P34+SUMBERANYAR!N34+SUMBERKENCONO!T34+WATUKEBO!Y34+WONGSOREJO!AM34 -> 46962
A35: 3 | B35: Jumlah surat suara dikembalikan oleh pemilih (karena rusak atau keliru coblos) | E35: =ALASBULUH!AG35+ALASREJO!U35+BAJULMATI!AD35+BANGSRING!W35+BENGKAK!Y35+BIMOREJO!R35+SIDODADI!U35+SIDOWANGI!P35+SUMBERANYAR!N35+SUMBERKENCONO!T35+WATUKEBO!Y35+WONGSOREJO!AM35 -> 144
A36: 4 | B36: Jumlah surat suara yang tidak digunakan/tidak terpakai, termasuk sisa surat suara cadangan | E36: =E33-(E34+E35) -> 14346
A38: III | B38: DATA PEMILIH DISABILITAS
B39: Jumlah seluruh Pemilih disabilitas yang menggunakan hak pilih | D39: LK | E39: =ALASBULUH!AG39+ALASREJO!U39+BAJULMATI!AD39+BANGSRING!W39+BENGKAK!Y39+BIMOREJO!R39+SIDODADI!U39+SIDOWANGI!P39+SUMBERANYAR!N39+SUMBERKENCONO!T39+WATUKEBO!Y39+WONGSOREJO!AM39 -> 11
D40: PR | E40: =ALASBULUH!AG40+ALASREJO!U40+BAJULMATI!AD40+BANGSRING!W40+BENGKAK!Y40+BIMOREJO!R40+SIDODADI!U40+SIDOWANGI!P40+SUMBERANYAR!N40+SUMBERKENCONO!T40+WATUKEBO!Y40+WONGSOREJO!AM40 -> 27
D41: JML | E41: =SUM(E39:E40) -> 38
A43: IV | B43: DATA RINCIAN PEROLEHAN SUARA PASANGAN CALON BUPATI DAN WAKIL BUPATI
A44: NOMOR DAN NAMA CALON
A45: A.1 | B45: 1. | C45: Partai Kebangkitan Bangsa | E45: =ALASBULUH!AG45+ALASREJO!U45+BAJULMATI!AD45+BANGSRING!W45+BENGKAK!Y45+BIMOREJO!R45+SIDODADI!U45+SIDOWANGI!P45+SUMBERANYAR!N45+SUMBERKENCONO!T45+WATUKEBO!Y45+WONGSOREJO!AM45 -> 2081
A46: A.2 | C46: 1. Dra. Hj. MA`MULAH HARUN, M.Pd.I. | E46: =ALASBULUH!AG46+ALASREJO!U46+BAJULMATI!AD46+BANGSRING!W46+BENGKAK!Y46+BIMOREJO!R46+SIDODADI!U46+SIDOWANGI!P46+SUMBERANYAR!N46+SUMBERKENCONO!T46+WATUKEBO!Y46+WONGSOREJO!AM46 -> 2703
C47: 2. UBAIDILLAH, S.Fil.I. | E47: =ALASBULUH!AG47+ALASREJO!U47+BAJULMATI!AD47+BANGSRING!W47+BENGKAK!Y47+BIMOREJO!R47+SIDODADI!U47+SIDOWANGI!P47+SUMBERANYAR!N47+SUMBERKENCONO!T47+WATUKEBO!Y47+WONGSOREJO!AM47 -> 2115
C48: 3. Ir. H. YOYOK MULYADI, M.Si. | E48: =ALASBULUH!AG48+ALASREJO!U48+BAJULMATI!AD48+BANGSRING!W48+BENGKAK!Y48+BIMOREJO!R48+SIDODADI!U48+SIDOWANGI!P48+SUMBERANYAR!N48+SUMBERKENCONO!T48+WATUKEBO!Y48+WONGSOREJO!AM48 -> 1103
C49: 4. KHOIRUL ANWAR, S.Fil.I. | E49: =ALASBULUH!AG49+ALASREJO!U49+BAJULMATI!AD49+BANGSRING!W49+BENGKAK!Y49+BIMOREJO!R49+SIDODADI!U49+SIDOWANGI!P49+SUMBERANYAR!N49+SUMBERKENCONO!T49+WATUKEBO!Y49+WONGSOREJO!AM49 -> 299
C50: 5. ARIF WIJAKSANA | E50: =ALASBULUH!AG50+ALASREJO!U50+BAJULMATI!AD50+BANGSRING!W50+BENGKAK!Y50+BIMOREJO!R50+SIDODADI!U50+SIDOWANGI!P50+SUMBERANYAR!N50+SUMBERKENCONO!T50+WATUKEBO!Y50+WONGSOREJO!AM50 -> 139
C51: 6. Dr. SITI YUMNAH | E51: =ALASBULUH!AG51+ALASREJO!U51+BAJULMATI!AD51+BANGSRING!W51+BENGKAK!Y51+BIMOREJO!R51+SIDODADI!U51+SIDOWANGI!P51+SUMBERANYAR!N51+SUMBERKENCONO!T51+WATUKEBO!Y51+WONGSOREJO!AM51 -> 128
C52: 7. MOHAMMAD ZAINI, M.Pd.I. | E52: =ALASBULUH!AG52+ALASREJO!U52+BAJULMATI!AD52+BANGSRING!W52+BENGKAK!Y52+BIMOREJO!R52+SIDODADI!U52+SIDOWANGI!P52+SUMBERANYAR!N52+SUMBERKENCONO!T52+WATUKEBO!Y52+WONGSOREJO!AM52 -> 154
C53: 8. FAWAIDUL MAKKIYAH | E53: =ALASBULUH!AG53+ALASREJO!U53+BAJULMATI!AD53+BANGSRING!W53+BENGKAK!Y53+BIMOREJO!R53+SIDODADI!U53+SIDOWANGI!P53+SUMBERANYAR!N53+SUMBERKENCONO!T53+WATUKEBO!Y53+WONGSOREJO!AM53 -> 89
C54: 9. IFFAH HIDAYATUR ROHMAH, S.Sos. | E54: =ALASBULUH!AG54+ALASREJO!U54+BAJULMATI!AD54+BANGSRING!W54+BENGKAK!Y54+BIMOREJO!R54+SIDODADI!U54+SIDOWANGI!P54+SUMBERANYAR!N54+SUMBERKENCONO!T54+WATUKEBO!Y54+WONGSOREJO!AM54 -> 59
A55: B | B55: JUMLAH SUARA SAH PARTAI POLITIK DAN CALON (A1 + A2) | E55: =SUM(E45:E54) -> 8870
A57: A.1 | B57: 2. | C57: Partai Gerakan Indonesia Raya | E57: =ALASBULUH!AG57+ALASREJO!U57+BAJULMATI!AD57+BANGSRING!W57+BENGKAK!Y57+BIMOREJO!R57+SIDODADI!U57+SIDOWANGI!P57+SUMBERANYAR!N57+SUMBERKENCONO!T57+WATUKEBO!Y57+WONGSOREJO!AM57 -> 3028
A58: A.2 | C58: 1. AHMAD HADINUDDIN, S.Pd.I. | E58: =ALASBULUH!AG58+ALASREJO!U58+BAJULMATI!AD58+BANGSRING!W58+BENGKAK!Y58+BIMOREJO!R58+SIDODADI!U58+SIDOWANGI!P58+SUMBERANYAR!N58+SUMBERKENCONO!T58+WATUKEBO!Y58+WONGSOREJO!AM58 -> 2054
C59: 2. BIMA RAFSANJANI RAFID | E59: =ALASBULUH!AG59+ALASREJO!U59+BAJULMATI!AD59+BANGSRING!W59+BENGKAK!Y59+BIMOREJO!R59+SIDODADI!U59+SIDOWANGI!P59+SUMBERANYAR!N59+SUMBERKENCONO!T59+WATUKEBO!Y59+WONGSOREJO!AM59 -> 11259
C60: 3. IRA DAMAYANTI | E60: =ALASBULUH!AG60+ALASREJO!U60+BAJULMATI!AD60+BANGSRING!W60+BENGKAK!Y60+BIMOREJO!R60+SIDODADI!U60+SIDOWANGI!P60+SUMBERANYAR!N60+SUMBERKENCONO!T60+WATUKEBO!Y60+WONGSOREJO!AM60 -> 441
C61: 4. MAULANA MALIK IBRAHIM, S.H. | E61: =ALASBULUH!AG61+ALASREJO!U61+BAJULMATI!AD61+BANGSRING!W61+BENGKAK!Y61+BIMOREJO!R61+SIDODADI!U61+SIDOWANGI!P61+SUMBERANYAR!N61+SUMBERKENCONO!T61+WATUKEBO!Y61+WONGSOREJO!AM61 -> 622
C62: 5. LULUK ALFIATI | E62: =ALASBULUH!AG62+ALASREJO!U62+BAJULMATI!AD62+BANGSRING!W62+BENGKAK!Y62+BIMOREJO!R62+SIDODADI!U62+SIDOWANGI!P62+SUMBERANYAR!N62+SUMBERKENCONO!T62+WATUKEBO!Y62+WONGSOREJO!AM62 -> 181
C63: 6. ILHAM WAHYUDI, S.H. | E63: =ALASBULUH!AG63+ALASREJO!U63+BAJULMATI!AD63+BANGSRING!W63+BENGKAK!Y63+BIMOREJO!R63+SIDODADI!U63+SIDOWANGI!P63+SUMBERANYAR!N63+SUMBERKENCONO!T63+WATUKEBO!Y63+WONGSOREJO!AM63 -> 79
C64: 7. HAERUL ANWAR, S.Pd.I. | E64: =ALASBULUH!AG64+ALASREJO!U64+BAJULMATI!AD64+BANGSRING!W64+BENGKAK!Y64+BIMOREJO!R64+SIDODADI!U64+SIDOWANGI!P64+SUMBERANYAR!N64+SUMBERKENCONO!T64+WATUKEBO!Y64+WONGSOREJO!AM64 -> 46
C65: 8. YOVI ADHITYA WARDANI | E65: =ALASBULUH!AG65+ALASREJO!U65+BAJULMATI!AD65+BANGSRING!W65+BENGKAK!Y65+BIMOREJO!R65+SIDODADI!U65+SIDOWANGI!P65+SUMBERANYAR!N65+SUMBERKENCONO!T65+WATUKEBO!Y65+WONGSOREJO!AM65 -> 47
C66: 9. RITA AMELIA | E66: =ALASBULUH!AG66+ALASREJO!U66+BAJULMATI!AD66+BANGSRING!W66+BENGKAK!Y66+BIMOREJO!R66+SIDODADI!U66+SIDOWANGI!P66+SUMBERANYAR!N66+SUMBERKENCONO!T66+WATUKEBO!Y66+WONGSOREJO!AM66 -> 75
A67: B | B67: JUMLAH SUARA SAH PARTAI POLITIK DAN CALON (A1 + A2) | E67: =SUM(E57:E66) -> 17832
A69: A.1 | B69: 3. | C69: Partai Demokrasi Indonesia Perjuangan | E69: =ALASBULUH!AG69+ALASREJO!U69+BAJULMATI!AD69+BANGSRING!W69+BENGKAK!Y69+BIMOREJO!R69+SIDODADI!U69+SIDOWANGI!P69+SUMBERANYAR!N69+SUMBERKENCONO!T69+WATUKEBO!Y69+WONGSOREJO!AM69 -> 1248
A70: A.2 | C70: 1. MARTIN H., S.H., M.H. | E70: =ALASBULUH!AG70+ALASREJO!U70+BAJULMATI!AD70+BANGSRING!W70+BENGKAK!Y70+BIMOREJO!R70+SIDODADI!U70+SIDOWANGI!P70+SUMBERANYAR!N70+SUMBERKENCONO!T70+WATUKEBO!Y70+WONGSOREJO!AM70 -> 915
C71: 2. HERMANTO, S.E. | E71: =ALASBULUH!AG71+ALASREJO!U71+BAJULMATI!AD71+BANGSRING!W71+BENGKAK!Y71+BIMOREJO!R71+SIDODADI!U71+SIDOWANGI!P71+SUMBERANYAR!N71+SUMBERKENCONO!T71+WATUKEBO!Y71+WONGSOREJO!AM71 -> 713
C72: 3. EVY SUSILAWATI, S.E., M.M. | E72: =ALASBULUH!AG72+ALASREJO!U72+BAJULMATI!AD72+BANGSRING!W72+BENGKAK!Y72+BIMOREJO!R72+SIDODADI!U72+SIDOWANGI!P72+SUMBERANYAR!N72+SUMBERKENCONO!T72+WATUKEBO!Y72+WONGSOREJO!AM72 -> 360
C73: 4. M. SIROTTUDIN | E73: =ALASBULUH!AG73+ALASREJO!U73+BAJULMATI!AD73+BANGSRING!W73+BENGKAK!Y73+BIMOREJO!R73+SIDODADI!U73+SIDOWANGI!P73+SUMBERANYAR!N73+SUMBERKENCONO!T73+WATUKEBO!Y73+WONGSOREJO!AM73 -> 786
C74: 5. ABDUL HAFID, S.H. | E74: =ALASBULUH!AG74+ALASREJO!U74+BAJULMATI!AD74+BANGSRING!W74+BENGKAK!Y74+BIMOREJO!R74+SIDODADI!U74+SIDOWANGI!P74+SUMBERANYAR!N74+SUMBERKENCONO!T74+WATUKEBO!Y74+WONGSOREJO!AM74 -> 137
C75: 6. NIKITA FORTUNA SURYANINGATI, A.Md.Keb. | E75: =ALASBULUH!AG75+ALASREJO!U75+BAJULMATI!AD75+BANGSRING!W75+BENGKAK!Y75+BIMOREJO!R75+SIDODADI!U75+SIDOWANGI!P75+SUMBERANYAR!N75+SUMBERKENCONO!T75+WATUKEBO!Y75+WONGSOREJO!AM75 -> 145
C76: 7. YUDHO ILHAM WIJAYA, S.E. | E76: =ALASBULUH!AG76+ALASREJO!U76+BAJULMATI!AD76+BANGSRING!W76+BENGKAK!Y76+BIMOREJO!R76+SIDODADI!U76+SIDOWANGI!P76+SUMBERANYAR!N76+SUMBERKENCONO!T76+WATUKEBO!Y76+WONGSOREJO!AM76 -> 114
C77: 8. SETIAWATI, S.H. | E77: =ALASBULUH!AG77+ALASREJO!U77+BAJULMATI!AD77+BANGSRING!W77+BENGKAK!Y77+BIMOREJO!R77+SIDODADI!U77+SIDOWANGI!P77+SUMBERANYAR!N77+SUMBERKENCONO!T77+WATUKEBO!Y77+WONGSOREJO!AM77 -> 65
C78: 9. EKO BUDI SANTOSO, S.H. | E78: =ALASBULUH!AG78+ALASREJO!U78+BAJULMATI!AD78+BANGSRING!W78+BENGKAK!Y78+BIMOREJO!R78+SIDODADI!U78+SIDOWANGI!P78+SUMBERANYAR!N78+SUMBERKENCONO!T78+WATUKEBO!Y78+WONGSOREJO!AM78 -> 89
A79: B | B79: JUMLAH SUARA SAH PARTAI POLITIK DAN CALON (A1 + A2) | E79: =SUM(E69:E78) -> 4572
A81: A.1 | B81: 4. | C81: Partai Golongan Karya | E81: =ALASBULUH!AG81+ALASREJO!U81+BAJULMATI!AD81+BANGSRING!W81+BENGKAK!Y81+BIMOREJO!R81+SIDODADI!U81+SIDOWANGI!P81+SUMBERANYAR!N81+SUMBERKENCONO!T81+WATUKEBO!Y81+WONGSOREJO!AM81 -> 554
A82: A.2 | C82: 1. PRANAYA YUDHA MAHARDHIKA | E82: =ALASBULUH!AG82+ALASREJO!U82+BAJULMATI!AD82+BANGSRING!W82+BENGKAK!Y82+BIMOREJO!R82+SIDODADI!U82+SIDOWANGI!P82+SUMBERANYAR!N82+SUMBERKENCONO!T82+WATUKEBO!Y82+WONGSOREJO!AM82 -> 745
C83: 2. Dra. Ec. ENDANG SULASTUTY, M.I.P. | E83: =ALASBULUH!AG83+ALASREJO!U83+BAJULMATI!AD83+BANGSRING!W83+BENGKAK!Y83+BIMOREJO!R83+SIDODADI!U83+SIDOWANGI!P83+SUMBERANYAR!N83+SUMBERKENCONO!T83+WATUKEBO!Y83+WONGSOREJO!AM83 -> 222
C84: 3. AGUS REJEKI WARTONO | E84: =ALASBULUH!AG84+ALASREJO!U84+BAJULMATI!AD84+BANGSRING!W84+BENGKAK!Y84+BIMOREJO!R84+SIDODADI!U84+SIDOWANGI!P84+SUMBERANYAR!N84+SUMBERKENCONO!T84+WATUKEBO!Y84+WONGSOREJO!AM84 -> 89
C85: 4. Hj. TUTUK ASMA'A ZUCHROH, S.T., M.T. | E85: =ALASBULUH!AG85+ALASREJO!U85+BAJULMATI!AD85+BANGSRING!W85+BENGKAK!Y85+BIMOREJO!R85+SIDODADI!U85+SIDOWANGI!P85+SUMBERANYAR!N85+SUMBERKENCONO!T85+WATUKEBO!Y85+WONGSOREJO!AM85 -> 370
C86: 5. ADE M. RIZKI, S.E. | E86: =ALASBULUH!AG86+ALASREJO!U86+BAJULMATI!AD86+BANGSRING!W86+BENGKAK!Y86+BIMOREJO!R86+SIDODADI!U86+SIDOWANGI!P86+SUMBERANYAR!N86+SUMBERKENCONO!T86+WATUKEBO!Y86+WONGSOREJO!AM86 -> 137
C87: 6. ABDURAKHMAN, Bc.Kn. | E87: =ALASBULUH!AG87+ALASREJO!U87+BAJULMATI!AD87+BANGSRING!W87+BENGKAK!Y87+BIMOREJO!R87+SIDODADI!U87+SIDOWANGI!P87+SUMBERANYAR!N87+SUMBERKENCONO!T87+WATUKEBO!Y87+WONGSOREJO!AM87 -> 24
C88: 7. CENDY RHIYAN ADI PUTRI | E88: =ALASBULUH!AG88+ALASREJO!U88+BAJULMATI!AD88+BANGSRING!W88+BENGKAK!Y88+BIMOREJO!R88+SIDODADI!U88+SIDOWANGI!P88+SUMBERANYAR!N88+SUMBERKENCONO!T88+WATUKEBO!Y88+WONGSOREJO!AM88 -> 21
C89: 8. BAKTI WIJAYANTO, S.E. | E89: =ALASBULUH!AG89+ALASREJO!U89+BAJULMATI!AD89+BANGSRING!W89+BENGKAK!Y89+BIMOREJO!R89+SIDODADI!U89+SIDOWANGI!P89+SUMBERANYAR!N89+SUMBERKENCONO!T89+WATUKEBO!Y89+WONGSOREJO!AM89 -> 2
C90: 9. AHMAD UBAIDILLAH | E90: =ALASBULUH!AG90+ALASREJO!U90+BAJULMATI!AD90+BANGSRING!W90+BENGKAK!Y90+BIMOREJO!R90+SIDODADI!U90+SIDOWANGI!P90+SUMBERANYAR!N90+SUMBERKENCONO!T90+WATUKEBO!Y90+WONGSOREJO!AM90 -> 39
A91: B | B91: JUMLAH SUARA SAH PARTAI POLITIK DAN CALON (A1 + A2) | E91: =SUM(E81:E90) -> 2203
A93: A.1 | B93: 5. | C93: Partai NasDem | E93: =ALASBULUH!AG93+ALASREJO!U93+BAJULMATI!AD93+BANGSRING!W93+BENGKAK!Y93+BIMOREJO!R93+SIDODADI!U93+SIDOWANGI!P93+SUMBERANYAR!N93+SUMBERKENCONO!T93+WATUKEBO!Y93+WONGSOREJO!AM93 -> 229
A94: A.2 | C94: 1. ALI MUSTOFA, A.Md. | E94: =ALASBULUH!AG94+ALASREJO!U94+BAJULMATI!AD94+BANGSRING!W94+BENGKAK!Y94+BIMOREJO!R94+SIDODADI!U94+SIDOWANGI!P94+SUMBERANYAR!N94+SUMBERKENCONO!T94+WATUKEBO!Y94+WONGSOREJO!AM94 -> 256
C95: 2. Hj. BUAMI, S.H. | E95: =ALASBULUH!AG95+ALASREJO!U95+BAJULMATI!AD95+BANGSRING!W95+BENGKAK!Y95+BIMOREJO!R95+SIDODADI!U95+SIDOWANGI!P95+SUMBERANYAR!N95+SUMBERKENCONO!T95+WATUKEBO!Y95+WONGSOREJO!AM95 -> 52
C96: 3. SUGIONO, S.H. | E96: =ALASBULUH!AG96+ALASREJO!U96+BAJULMATI!AD96+BANGSRING!W96+BENGKAK!Y96+BIMOREJO!R96+SIDODADI!U96+SIDOWANGI!P96+SUMBERANYAR!N96+SUMBERKENCONO!T96+WATUKEBO!Y96+WONGSOREJO!AM96 -> 37
C97: 4. LULUK SUNARMIATININGSIH | E97: =ALASBULUH!AG97+ALASREJO!U97+BAJULMATI!AD97+BANGSRING!W97+BENGKAK!Y97+BIMOREJO!R97+SIDODADI!U97+SIDOWANGI!P97+SUMBERANYAR!N97+SUMBERKENCONO!T97+WATUKEBO!Y97+WONGSOREJO!AM97 -> 90
C98: 5. ANTON DJULIANTO ADI | E98: =ALASBULUH!AG98+ALASREJO!U98+BAJULMATI!AD98+BANGSRING!W98+BENGKAK!Y98+BIMOREJO!R98+SIDODADI!U98+SIDOWANGI!P98+SUMBERANYAR!N98+SUMBERKENCONO!T98+WATUKEBO!Y98+WONGSOREJO!AM98 -> 42
C99: 6. MOKHAMAD ROFI'I KHUSNAN | E99: =ALASBULUH!AG99+ALASREJO!U99+BAJULMATI!AD99+BANGSRING!W99+BENGKAK!Y99+BIMOREJO!R99+SIDODADI!U99+SIDOWANGI!P99+SUMBERANYAR!N99+SUMBERKENCONO!T99+WATUKEBO!Y99+WONGSOREJO!AM99 -> 107
C100: 7. Rr SETYO WATI | E100: =ALASBULUH!AG100+ALASREJO!U100+BAJULMATI!AD100+BANGSRING!W100+BENGKAK!Y100+BIMOREJO!R100+SIDODADI!U100+SIDOWANGI!P100+SUMBERANYAR!N100+SUMBERKENCONO!T100+WATUKEBO!Y100+WONGSOREJO!AM100 -> 13
C101: 8. ABD. KADIR ASSEGAFF | E101: =ALASBULUH!AG101+ALASREJO!U101+BAJULMATI!AD101+BANGSRING!W101+BENGKAK!Y101+BIMOREJO!R101+SIDODADI!U101+SIDOWANGI!P101+SUMBERANYAR!N101+SUMBERKENCONO!T101+WATUKEBO!Y101+WONGSOREJO!AM101 -> 19
C102: 9. FATHOR ZAINULLAH | E102: =ALASBULUH!AG102+ALASREJO!U102+BAJULMATI!AD102+BANGSRING!W102+BENGKAK!Y102+BIMOREJO!R102+SIDODADI!U102+SIDOWANGI!P102+SUMBERANYAR!N102+SUMBERKENCONO!T102+WATUKEBO!Y102+WONGSOREJO!AM102 -> 30
A103: B | B103: JUMLAH SUARA SAH PARTAI POLITIK DAN CALON (A1 + A2) | E103: =SUM(E93:E102) -> 875
A105: A.1 | B105: 6. | C105: Partai Buruh | E105: =ALASBULUH!AG105+ALASREJO!U105+BAJULMATI!AD105+BANGSRING!W105+BENGKAK!Y105+BIMOREJO!R105+SIDODADI!U105+SIDOWANGI!P105+SUMBERANYAR!N105+SUMBERKENCONO!T105+WATUKEBO!Y105+WONGSOREJO!AM105 -> 135
A106: A.2 | C106: 1. AGUS SUPRIYADI | E106: =ALASBULUH!AG106+ALASREJO!U106+BAJULMATI!AD106+BANGSRING!W106+BENGKAK!Y106+BIMOREJO!R106+SIDODADI!U106+SIDOWANGI!P106+SUMBERANYAR!N106+SUMBERKENCONO!T106+WATUKEBO!Y106+WONGSOREJO!AM106 -> 41
C107: 2. ENI HARIATI | E107: =ALASBULUH!AG107+ALASREJO!U107+BAJULMATI!AD107+BANGSRING!W107+BENGKAK!Y107+BIMOREJO!R107+SIDODADI!U107+SIDOWANGI!P107+SUMBERANYAR!N107+SUMBERKENCONO!T107+WATUKEBO!Y107+WONGSOREJO!AM107 -> 24
A115: B | B115: JUMLAH SUARA SAH PARTAI POLITIK DAN CALON (A1 + A2) | E115: =SUM(E105:E114) -> 200
A117: A.1 | B117: 7. | C117: Partai Gelombang Rakyat Indonesia | E117: =ALASBULUH!AG117+ALASREJO!U117+BAJULMATI!AD117+BANGSRING!W117+BENGKAK!Y117+BIMOREJO!R117+SIDODADI!U117+SIDOWANGI!P117+SUMBERANYAR!N117+SUMBERKENCONO!T117+WATUKEBO!Y117+WONGSOREJO!AM117 -> 115
A118: A.2 | C118: 1. MIRZA MUHROSNI AROMA | E118: =ALASBULUH!AG118+ALASREJO!U118+BAJULMATI!AD118+BANGSRING!W118+BENGKAK!Y118+BIMOREJO!R118+SIDODADI!U118+SIDOWANGI!P118+SUMBERANYAR!N118+SUMBERKENCONO!T118+WATUKEBO!Y118+WONGSOREJO!AM118 -> 50
C119: 2. ACHMAD BAGUS SUGIARTO | E119: =ALASBULUH!AG119+ALASREJO!U119+BAJULMATI!AD119+BANGSRING!W119+BENGKAK!Y119+BIMOREJO!R119+SIDODADI!U119+SIDOWANGI!P119+SUMBERANYAR!N119+SUMBERKENCONO!T119+WATUKEBO!Y119+WONGSOREJO!AM119 -> 25
C120: 3. ELOK FITRIYA NINGSIH | E120: =ALASBULUH!AG120+ALASREJO!U120+BAJULMATI!AD120+BANGSRING!W120+BENGKAK!Y120+BIMOREJO!R120+SIDODADI!U120+SIDOWANGI!P120+SUMBERANYAR!N120+SUMBERKENCONO!T120+WATUKEBO!Y120+WONGSOREJO!AM120 -> 16
C121: 4. MADI | E121: =ALASBULUH!AG121+ALASREJO!U121+BAJULMATI!AD121+BANGSRING!W121+BENGKAK!Y121+BIMOREJO!R121+SIDODADI!U121+SIDOWANGI!P121+SUMBERANYAR!N121+SUMBERKENCONO!T121+WATUKEBO!Y121+WONGSOREJO!AM121 -> 5
C122: 5. LUKY PERMANASARI | E122: =ALASBULUH!AG122+ALASREJO!U122+BAJULMATI!AD122+BANGSRING!W122+BENGKAK!Y122+BIMOREJO!R122+SIDODADI!U122+SIDOWANGI!P122+SUMBERANYAR!N122+SUMBERKENCONO!T122+WATUKEBO!Y122+WONGSOREJO!AM122 -> 15
A127: B | B127: JUMLAH SUARA SAH PARTAI POLITIK DAN CALON (A1 + A2) | E127: =SUM(E117:E126) -> 226
A129: A.1 | B129: 8. | C129: Partai Keadilan Sejahtera | E129: =ALASBULUH!AG129+ALASREJO!U129+BAJULMATI!AD129+BANGSRING!W129+BENGKAK!Y129+BIMOREJO!R129+SIDODADI!U129+SIDOWANGI!P129+SUMBERANYAR!N129+SUMBERKENCONO!T129+WATUKEBO!Y129+WONGSOREJO!AM129 -> 143
A130: A.2 | C130: 1. H. IRWAN SETIAWAN | E130: =ALASBULUH!AG130+ALASREJO!U130+BAJULMATI!AD130+BANGSRING!W130+BENGKAK!Y130+BIMOREJO!R130+SIDODADI!U130+SIDOWANGI!P130+SUMBERANYAR!N130+SUMBERKENCONO!T130+WATUKEBO!Y130+WONGSOREJO!AM130 -> 317
...

Sheet BANGSRING
C2: Kecamatan | D2: WONGSOREJO
C3: Kabupaten | D3: BANYUWANGI
C4: Provinsi | D4: JAWA TIMUR
C9: Kelurahan | D9: BANGSRING
A12: I | B12: DATA PEMILIH DAN PENGGUNAAN HAK PILIH | W12: JUMLAH AKHIR
A13: A | B13: DATA PEMILIH | E13: TPS 001 | F13: TPS 002 | G13: TPS 003 | H13: TPS 004 | I13: TPS 005 | J13: TPS 006 | K13: TPS 007 | L13: TPS 008 | M13: TPS 009 | N13: TPS 010 | O13: TPS 011 | P13: TPS 012 | Q13: TPS 013 | R13: TPS 014 | S13: TPS 015 | T13: TPS 016 | U13: TPS 017 | V13: TPS 018
B14: Jumlah Pemilih dalam Daftar Pemilih Tetap (DPT) | D14: LK | E14: 142 | F14: 135 | G14: 133 | H14: 137 | I14: 142 | J14: 148 | K14: 143 | L14: 147 | M14: 143 | N14: 61 | O14: 150 | P14: 143 | Q14: 122 | R14: 136 | S14: 147 | T14: 115 | U14: 122 | V14: 126 | W14: =SUM(E14:V14) -> 2392
D15: PR | E15: 138 | F15: 131 | G15: 149 | H15: 140 | I15: 150 | J15: 149 | K15: 143 | L15: 151 | M15: 140 | N15: 64 | O15: 142 | P15: 149 | Q15: 134 | R15: 152 | S15: 146 | T15: 121 | U15: 131 | V15: 125 | W15: =SUM(E15:V15) -> 2455
D16: JML | E16: =SUM(E14:E15) -> 280 | F16: =SUM(F14:F15) -> 266 | G16: =SUM(G14:G15) -> 282 | H16: =SUM(H14:H15) -> 277 | I16: =SUM(I14:I15) -> 292 | J16: =SUM(J14:J15) -> 297 | K16: =SUM(K14:K15) -> 286 | L16: =SUM(L14:L15) -> 298 | ... V16: =SUM(V14:V15) -> 251 | W16: =SUM(E16:V16) -> 4847
A18: B | B18: PENGGUNA HAK PILIH
B19: 1. | C19: Jumlah pengguna hak pilih dalam Daftar Pemilih Tetap (DPT) | D19: LK | E19: 107 | F19: 95 | G19: 93 | H19: 91 | I19: 106 | J19: 111 | K19: 108 | L19: 107 | M19: 121 | N19: 50 | O19: 123 | P19: 121 | Q19: 95 | R19: 96 | S19: 113 | T19: 96 | U19: 98 | V19: 100 | W19: =SUM(E19:V19) -> 1831
D20: PR | E20: 112 | F20: 100 | G20: 132 | H20: 113 | I20: 120 | J20: 127 | K20: 119 | L20: 129 | M20: 118 | N20: 56 | O20: 113 | P20: 113 | Q20: 110 | R20: 116 | S20: 120 | T20: 88 | U20: 112 | V20: 106 | W20: =SUM(E20:V20) -> 2004
D21: JML | E21: =SUM(E19:E20) -> 219 | F21: =SUM(F19:F20) -> 195 | G21: =SUM(G19:G20) -> 225 | H21: =SUM(H19:H20) -> 204 | I21: =SUM(I19:I20) -> 226 | J21: =SUM(J19:J20) -> 238 | K21: =SUM(K19:K20) -> 227 | L21: =SUM(L19:L20) -> 236 | ... V21: =SUM(V19:V20) -> 206 | W21: =SUM(E21:V21) -> 3835
B22: 2. | C22: Jumlah pengguna hak pilih dalam Daftar Pemilih Tambahan (DPTb) | D22: LK | W22: =SUM(E22:V22) -> 0
D23: PR | W23: =SUM(E23:V23) -> 0
D24: JML | E24: =SUM(E22:E23) -> 0 | F24: =SUM(F22:F23) -> 0 | G24: =SUM(G22:G23) -> 0 | H24: =SUM(H22:H23) -> 0 | I24: =SUM(I22:I23) -> 0 | J24: =SUM(J22:J23) -> 0 | K24: =SUM(K22:K23) -> 0 | L24: =SUM(L22:L23) -> 0 | ... V24: =SUM(V22:V23) -> 0 | W24: =SUM(E24:V24) -> 0
B25: 3. | C25: Jumlah pengguna hak pilih dalam Daftar Pemilih Khusus (DPK) | D25: LK | E25: 3 | F25: 3 | G25: 0 | H25: 4 | I25: 2 | J25: 0 | K25: 3 | L25: 0 | M25: 0 | N25: 1 | O25: 0 | P25: 3 | Q25: 6 | R25: 0 | S25: 0 | T25: 1 | U25: 3 | V25: 0 | W25: =SUM(E25:V25) -> 29
D26: PR | E26: 5 | F26: 7 | G26: 1 | H26: 4 | I26: 0 | J26: 1 | K26: 3 | L26: 0 | M26: 1 | N26: 1 | O26: 0 | P26: 9 | Q26: 2 | R26: 0 | S26: 0 | T26: 2 | U26: 6 | V26: 0 | W26: =SUM(E26:V26) -> 42
D27: JML | E27: =SUM(E25:E26) -> 8 | F27: =SUM(F25:F26) -> 10 | G27: =SUM(G25:G26) -> 1 | H27: =SUM(H25:H26) -> 8 | I27: =SUM(I25:I26) -> 2 | J27: =SUM(J25:J26) -> 1 | K27: =SUM(K25:K26) -> 6 | L27: =SUM(L25:L26) -> 0 | ... V27: =SUM(V25:V26) -> 0 | W27: =SUM(E27:V27) -> 71
B28: 4. | C28: Jumlah Pengguna Hak Pilih (B.1+B.2+B.3) | D28: LK | E28: =SUM(E19,E22,E25) -> 110 | F28: =SUM(F19,F22,F25) -> 98 | G28: =SUM(G19,G22,G25) -> 93 | H28: =SUM(H19,H22,H25) -> 95 | I28: =SUM(I19,I22,I25) -> 108 | J28: =SUM(J19,J22,J25) -> 111 | K28: =SUM(K19,K22,K25) -> 111 | L28: =SUM(L19,L22,L25) -> 107 | ... V28: =SUM(V19,V22,V25) -> 100 | W28: =SUM(E28:V28) -> 1860
D29: PR | E29: =SUM(E20,E23,E26) -> 117 | F29: =SUM(F20,F23,F26) -> 107 | G29: =SUM(G20,G23,G26) -> 133 | H29: =SUM(H20,H23,H26) -> 117 | I29: =SUM(I20,I23,I26) -> 120 | J29: =SUM(J20,J23,J26) -> 128 | K29: =SUM(K20,K23,K26) -> 122 | L29: =SUM(L20,L23,L26) -> 129 | ... V29: =SUM(V20,V23,V26) -> 106 | W29: =SUM(E29:V29) -> 2046
D30: JML | E30: =SUM(E28:E29) -> 227 | F30: =SUM(F28:F29) -> 205 | G30: =SUM(G28:G29) -> 226 | H30: =SUM(H28:H29) -> 212 | I30: =SUM(I28:I29) -> 228 | J30: =SUM(J28:J29) -> 239 | K30: =SUM(K28:K29) -> 233 | L30: =SUM(L28:L29) -> 236 | ... V30: =SUM(V28:V29) -> 206 | W30: =SUM(E30:V30) -> 3906
A32: II | B32: DATA PENGGUNAAN SURAT SUARA
A33: 1 | B33: Jumlah surat suara yang diterima, termasuk surat suara cadangan 2,5% dari DPT | E33: 286 | F33: 272 | G33: 288 | H33: 280 | I33: 300 | J33: 303 | K33: 288 | L33: 304 | M33: 289 | N33: 128 | O33: 298 | P33: 298 | Q33: 262 | R33: 298 | S33: 299 | T33: 237 | U33: 263 | V33: 257 | W33: =SUM(E33:V33) -> 4950
A34: 2 | B34: Jumlah surat suara yang digunakan | E34: 227 | F34: 205 | G34: 226 | H34: 212 | I34: 228 | J34: 239 | K34: 233 | L34: 236 | M34: 240 | N34: 108 | O34: 236 | P34: 246 | Q34: 213 | R34: 212 | S34: 233 | T34: 187 | U34: 219 | V34: 206 | W34: =SUM(E34:V34) -> 3906
A35: 3 | B35: Jumlah surat suara dikembalikan oleh pemilih (karena rusak atau keliru coblos) | E35: 0 | F35: 0 | G35: 0 | H35: 0 | I35: 0 | J35: 0 | K35: 0 | L35: 0 | M35: 2 | N35: 0 | O35: 0 | P35: 0 | Q35: 1 | R35: 1 | S35: 0 | T35: 9 | U35: 0 | V35: 0 | W35: =SUM(E35:V35) -> 13
A36: 4 | B36: Jumlah surat suara yang tidak digunakan/tidak terpakai, termasuk sisa surat suara cadangan | E36: =E33-(E34+E35) -> 59 | F36: =F33-(F34+F35) -> 67 | G36: =G33-(G34+G35) -> 62 | H36: =H33-(H34+H35) -> 68 | I36: =I33-(I34+I35) -> 72 | J36: =J33-(J34+J35) -> 64 | K36: =K33-(K34+K35) -> 55 | L36: =L33-(L34+L35) -> 68 | ... V36: =V33-(V34+V35) -> 51 | W36: =SUM(E36:V36) -> 1031
A38: III | B38: DATA PEMILIH DISABILITAS
B39: Jumlah seluruh Pemilih disabilitas yang menggunakan hak pilih | D39: LK | E39: 0 | F39: 2 | G39: 1 | H39: 0 | I39: 0 | J39: 0 | K39: 0 | L39: 0 | M39: 0 | N39: 0 | O39: 0 | P39: 0 | Q39: 0 | R39: 0 | S39: 0 | T39: 0 | U39: 0 | V39: 0 | W39: =SUM(E39:V39) -> 3
D40: PR | E40: 0 | F40: 2 | G40: 0 | H40: 0 | I40: 0 | J40: 0 | K40: 0 | L40: 0 | M40: 0 | N40: 0 | O40: 0 | P40: 0 | Q40: 0 | R40: 2 | S40: 0 | T40: 0 | U40: 0 | V40: 0 | W40: =SUM(E40:V40) -> 4
D41: JML | E41: =SUM(E39:E40) -> 0 | F41: =SUM(F39:F40) -> 4 | G41: =SUM(G39:G40) -> 1 | H41: =SUM(H39:H40) -> 0 | I41: =SUM(I39:I40) -> 0 | J41: =SUM(J39:J40) -> 0 | K41: =SUM(K39:K40) -> 0 | L41: =SUM(L39:L40) -> 0 | ... V41: =SUM(V39:V40) -> 0 | W41: =SUM(E41:V41) -> 7
A43: IV | B43: DATA RINCIAN PEROLEHAN SUARA PASANGAN CALON BUPATI DAN WAKIL BUPATI
A44: NOMOR DAN NAMA CALON
A45: A.1 | B45: 1. | C45: Partai Kebangkitan Bangsa | E45: 15 | F45: 5 | G45: 19 | H45: 15 | I45: 5 | J45: 14 | K45: 4 | L45: 6 | M45: 11 | N45: 0 | O45: 14 | P45: 5 | Q45: 4 | R45: 8 | S45: 10 | T45: 12 | U45: 4 | V45: 3 | W45: =SUM(E45:V45) -> 154
A46: A.2 | C46: 1. Dra. Hj. MA`MULAH HARUN, M.Pd.I. | E46: 18 | F46: 17 | G46: 15 | H46: 20 | I46: 10 | J46: 10 | K46: 13 | L46: 8 | M46: 6 | N46: 3 | O46: 12 | P46: 24 | Q46: 13 | R46: 15 | S46: 12 | T46: 4 | U46: 25 | V46: 1 | W46: =SUM(E46:V46) -> 226
C47: 2. UBAIDILLAH, S.Fil.I. | E47: 12 | F47: 3 | G47: 5 | H47: 12 | I47: 9 | J47: 12 | K47: 5 | L47: 8 | M47: 17 | N47: 1 | O47: 24 | P47: 33 | Q47: 10 | R47: 9 | S47: 16 | T47: 7 | U47: 40 | V47: 31 | W47: =SUM(E47:V47) -> 254
C48: 3. Ir. H. YOYOK MULYADI, M.Si. | E48: 15 | F48: 14 | G48: 7 | H48: 5 | I48: 6 | J48: 7 | K48: 4 | L48: 7 | M48: 5 | N48: 0 | O48: 4 | P48: 9 | Q48: 7 | R48: 5 | S48: 4 | T48: 10 | U48: 0 | V48: 0 | W48: =SUM(E48:V48) -> 109
C49: 4. KHOIRUL ANWAR, S.Fil.I. | E49: 1 | F49: 0 | G49: 5 | H49: 0 | I49: 3 | J49: 1 | K49: 3 | L49: 1 | M49: 1 | N49: 0 | O49: 3 | P49: 2 | Q49: 1 | R49: 3 | S49: 4 | T49: 1 | U49: 1 | V49: 2 | W49: =SUM(E49:V49) -> 32
C50: 5. ARIF WIJAKSANA | E50: 1 | F50: 2 | G50: 0 | H50: 0 | I50: 0 | J50: 0 | K50: 1 | L50: 2 | M50: 1 | N50: 0 | O50: 0 | P50: 1 | Q50: 1 | R50: 0 | S50: 0 | T50: 1 | U50: 0 | V50: 0 | W50: =SUM(E50:V50) -> 10
C51: 6. Dr. SITI YUMNAH | E51: 1 | F51: 0 | G51: 1 | H51: 0 | I51: 1 | J51: 1 | K51: 1 | L51: 0 | M51: 0 | N51: 0 | O51: 0 | P51: 0 | Q51: 1 | R51: 0 | S51: 0 | T51: 0 | U51: 1 | V51: 1 | W51: =SUM(E51:V51) -> 8
C52: 7. MOHAMMAD ZAINI, M.Pd.I. | E52: 0 | F52: 1 | G52: 0 | H52: 0 | I52: 0 | J52: 0 | K52: 0 | L52: 0 | M52: 1 | N52: 0 | O52: 2 | P52: 1 | Q52: 1 | R52: 1 | S52: 1 | T52: 0 | U52: 1 | V52: 0 | W52: =SUM(E52:V52) -> 9
C53: 8. FAWAIDUL MAKKIYAH | E53: 1 | F53: 1 | G53: 1 | H53: 0 | I53: 0 | J53: 1 | K53: 0 | L53: 1 | M53: 1 | N53: 0 | O53: 1 | P53: 0 | Q53: 0 | R53: 1 | S53: 0 | T53: 0 | U53: 1 | V53: 0 | W53: =SUM(E53:V53) -> 9
C54: 9. IFFAH HIDAYATUR ROHMAH, S.Sos. | E54: 0 | F54: 0 | G54: 1 | H54: 1 | I54: 0 | J54: 1 | K54: 0 | L54: 1 | M54: 1 | N54: 0 | O54: 0 | P54: 1 | Q54: 1 | R54: 0 | S54: 0 | T54: 0 | U54: 0 | V54: 0 | W54: =SUM(E54:V54) -> 7
A55: B | B55: JUMLAH SUARA SAH PARTAI POLITIK DAN CALON (A1 + A2) | E55: =SUM(E45:E54) -> 64 | F55: =SUM(F45:F54) -> 43 | G55: =SUM(G45:G54) -> 54 | H55: =SUM(H45:H54) -> 53 | I55: =SUM(I45:I54) -> 34 | J55: =SUM(J45:J54) -> 47 | K55: =SUM(K45:K54) -> 31 | L55: =SUM(L45:L54) -> 34 | ... W55: =SUM(W45:W54) -> 818
A57: A.1 | B57: 2. | C57: Partai Gerakan Indonesia Raya | E57: 3 | F57: 4 | G57: 2 | H57: 6 | I57: 11 | J57: 11 | K57: 7 | L57: 10 | M57: 9 | N57: 1 | O57: 8 | P57: 7 | Q57: 4 | R57: 13 | S57: 13 | T57: 9 | U57: 6 | V57: 6 | W57: =SUM(E57:V57) -> 130
A58: A.2 | C58: 1. AHMAD HADINUDDIN, S.Pd.I. | E58: 0 | F58: 4 | G58: 2 | H58: 2 | I58: 6 | J58: 9 | K58: 7 | L58: 5 | M58: 6 | N58: 0 | O58: 4 | P58: 2 | Q58: 6 | R58: 7 | S58: 5 | T58: 5 | U58: 5 | V58: 5 | W58: =SUM(E58:V58) -> 80
C59: 2. BIMA RAFSANJANI RAFID | E59: 13 | F59: 10 | G59: 15 | H59: 12 | I59: 18 | J59: 42 | K59: 44 | L59: 32 | M59: 24 | N59: 6 | O59: 21 | P59: 27 | Q59: 33 | R59: 20 | S59: 38 | T59: 59 | U59: 21 | V59: 27 | W59: =SUM(E59:V59) -> 462
C60: 3. IRA DAMAYANTI | E60: 1 | F60: 1 | G60: 0 | H60: 1 | I60: 1 | J60: 2 | K60: 6 | L60: 5 | M60: 0 | N60: 0 | O60: 0 | P60: 1 | Q60: 3 | R60: 1 | S60: 3 | T60: 2 | U60: 2 | V60: 2 | W60: =SUM(E60:V60) -> 31
C61: 4. MAULANA MALIK IBRAHIM, S.H. | E61: 1 | F61: 3 | G61: 6 | H61: 1 | I61: 1 | J61: 1 | K61: 1 | L61: 1 | M61: 6 | N61: 1 | O61: 0 | P61: 0 | Q61: 2 | R61: 4 | S61: 2 | T61: 2 | U61: 1 | V61: 1 | W61: =SUM(E61:V61) -> 34
C62: 5. LULUK ALFIATI | E62: 0 | F62: 0 | G62: 1 | H62: 1 | I62: 3 | J62: 0 | K62: 0 | L62: 0 | M62: 0 | N62: 0 | O62: 2 | P62: 0 | Q62: 1 | R62: 1 | S62: 0 | T62: 1 | U62: 1 | V62: 0 | W62: =SUM(E62:V62) -> 11
C63: 6. ILHAM WAHYUDI, S.H. | E63: 1 | F63: 0 | G63: 1 | H63: 0 | I63: 1 | J63: 0 | K63: 0 | L63: 0 | M63: 0 | N63: 0 | O63: 0 | P63: 1 | Q63: 0 | R63: 0 | S63: 1 | T63: 0 | U63: 0 | V63: 1 | W63: =SUM(E63:V63) -> 6
C64: 7. HAERUL ANWAR, S.Pd.I. | E64: 0 | F64: 0 | G64: 0 | H64: 0 | I64: 0 | J64: 0 | K64: 0 | L64: 0 | M64: 0 | N64: 0 | O64: 0 | P64: 0 | Q64: 1 | R64: 0 | S64: 0 | T64: 3 | U64: 0 | V64: 1 | W64: =SUM(E64:V64) -> 5
C65: 8. YOVI ADHITYA WARDANI | E65: 0 | F65: 0 | G65: 0 | H65: 0 | I65: 1 | J65: 0 | K65: 0 | L65: 0 | M65: 0 | N65: 1 | O65: 0 | P65: 0 | Q65: 1 | R65: 0 | S65: 0 | T65: 0 | U65: 0 | V65: 0 | W65: =SUM(E65:V65) -> 3
C66: 9. RITA AMELIA | E66: 0 | F66: 0 | G66: 0 | H66: 0 | I66: 0 | J66: 0 | K66: 0 | L66: 1 | M66: 0 | N66: 1 | O66: 0 | P66: 0 | Q66: 0 | R66: 0 | S66: 0 | T66: 0 | U66: 0 | V66: 1 | W66: =SUM(E66:V66) -> 3
A67: B | B67: JUMLAH SUARA SAH PARTAI POLITIK DAN CALON (A1 + A2) | E67: =SUM(E57:E66) -> 19 | F67: =SUM(F57:F66) -> 22 | G67: =SUM(G57:G66) -> 27 | H67: =SUM(H57:H66) -> 23 | I67: =SUM(I57:I66) -> 42 | J67: =SUM(J57:J66) -> 65 | K67: =SUM(K57:K66) -> 65 | L67: =SUM(L57:L66) -> 54 | ... W67: =SUM(W57:W66) -> 765
A69: A.1 | B69: 3. | C69: Partai Demokrasi Indonesia Perjuangan | E69: 5 | F69: 4 | G69: 3 | H69: 5 | I69: 2 | J69: 9 | K69: 4 | L69: 2 | M69: 1 | N69: 7 | O69: 4 | P69: 2 | Q69: 4 | R69: 7 | S69: 2 | T69: 0 | U69: 2 | V69: 4 | W69: =SUM(E69:V69) -> 67
A70: A.2 | C70: 1. MARTIN H., S.H., M.H. | E70: 4 | F70: 9 | G70: 2 | H70: 1 | I70: 1 | J70: 0 | K70: 1 | L70: 2 | M70: 0 | N70: 1 | O70: 3 | P70: 2 | Q70: 2 | R70: 7 | S70: 6 | T70: 3 | U70: 3 | V70: 1 | W70: =SUM(E70:V70) -> 48
C71: 2. HERMANTO, S.E. | E71: 5 | F71: 2 | G71: 4 | H71: 2 | I71: 7 | J71: 4 | K71: 4 | L71: 12 | M71: 6 | N71: 13 | O71: 6 | P71: 2 | Q71: 7 | R71: 7 | S71: 4 | T71: 0 | U71: 6 | V71: 1 | W71: =SUM(E71:V71) -> 92
C72: 3. EVY SUSILAWATI, S.E., M.M. | E72: 0 | F72: 0 | G72: 2 | H72: 2 | I72: 1 | J72: 0 | K72: 2 | L72: 2 | M72: 0 | N72: 2 | O72: 0 | P72: 1 | Q72: 1 | R72: 3 | S72: 0 | T72: 0 | U72: 3 | V72: 1 | W72: =SUM(E72:V72) -> 20
C73: 4. M. SIROTTUDIN | E73: 12 | F73: 1 | G73: 9 | H73: 0 | I73: 0 | J73: 0 | K73: 2 | L73: 1 | M73: 4 | N73: 36 | O73: 16 | P73: 1 | Q73: 2 | R73: 3 | S73: 5 | T73: 4 | U73: 2 | V73: 0 | W73: =SUM(E73:V73) -> 98
C74: 5. ABDUL HAFID, S.H. | E74: 0 | F74: 0 | G74: 0 | H74: 1 | I74: 1 | J74: 0 | K74: 2 | L74: 1 | M74: 0 | N74: 3 | O74: 1 | P74: 0 | Q74: 1 | R74: 2 | S74: 1 | T74: 0 | U74: 1 | V74: 1 | W74: =SUM(E74:V74) -> 15
C75: 6. NIKITA FORTUNA SURYANINGATI, A.Md.Keb. | E75: 1 | F75: 0 | G75: 0 | H75: 0 | I75: 0 | J75: 1 | K75: 0 | L75: 0 | M75: 0 | N75: 2 | O75: 0 | P75: 0 | Q75: 0 | R75: 0 | S75: 0 | T75: 0 | U75: 0 | V75: 2 | W75: =SUM(E75:V75) -> 6
C76: 7. YUDHO ILHAM WIJAYA, S.E. | E76: 2 | F76: 4 | G76: 4 | H76: 2 | I76: 0 | J76: 0 | K76: 0 | L76: 2 | M76: 1 | N76: 2 | O76: 1 | P76: 1 | Q76: 0 | R76: 1 | S76: 0 | T76: 0 | U76: 1 | V76: 1 | W76: =SUM(E76:V76) -> 22
C77: 8. SETIAWATI, S.H. | E77: 0 | F77: 1 | G77: 1 | H77: 0 | I77: 0 | J77: 0 | K77: 0 | L77: 1 | M77: 0 | N77: 2 | O77: 0 | P77: 0 | Q77: 2 | R77: 0 | S77: 0 | T77: 0 | U77: 0 | V77: 1 | W77: =SUM(E77:V77) -> 8
C78: 9. EKO BUDI SANTOSO, S.H. | E78: 1 | F78: 2 | G78: 0 | H78: 0 | I78: 0 | J78: 0 | K78: 0 | L78: 0 | M78: 0 | N78: 3 | O78: 0 | P78: 0 | Q78: 0 | R78: 0 | S78: 0 | T78: 0 | U78: 0 | V78: 1 | W78: =SUM(E78:V78) -> 7
A79: B | B79: JUMLAH SUARA SAH PARTAI POLITIK DAN CALON (A1 + A2) | E79: =SUM(E69:E78) -> 30 | F79: =SUM(F69:F78) -> 23 | G79: =SUM(G69:G78) -> 25 | H79: =SUM(H69:H78) -> 13 | I79: =SUM(I69:I78) -> 12 | J79: =SUM(J69:J78) -> 14 | K79: =SUM(K69:K78) -> 15 | L79: =SUM(L69:L78) -> 23 | ... W79: =SUM(W69:W78) -> 383
A81: A.1 | B81: 4. | C81: Partai Golongan Karya | E81: 0 | F81: 1 | G81: 1 | H81: 0 | I81: 1 | J81: 2 | K81: 0 | L81: 1 | M81: 2 | N81: 0 | O81: 0 | P81: 0 | Q81: 0 | R81: 4 | S81: 4 | T81: 3 | U81: 0 | V81: 2 | W81: =SUM(E81:V81) -> 21
A82: A.2 | C82: 1. PRANAYA YUDHA MAHARDHIKA | E82: 0 | F82: 1 | G82: 1 | H82: 0 | I82: 0 | J82: 2 | K82: 0 | L82: 1 | M82: 2 | N82: 1 | O82: 4 | P82: 2 | Q82: 1 | R82: 1 | S82: 7 | T82: 2 | U82: 7 | V82: 2 | W82: =SUM(E82:V82) -> 34
C83: 2. Dra. Ec. ENDANG SULASTUTY, M.I.P. | E83: 0 | F83: 0 | G83: 1 | H83: 1 | I83: 0 | J83: 0 | K83: 0 | L83: 0 | M83: 3 | N83: 0 | O83: 0 | P83: 1 | Q83: 1 | R83: 1 | S83: 1 | T83: 0 | U83: 1 | V83: 0 | W83: =SUM(E83:V83) -> 10
C84: 3. AGUS REJEKI WARTONO | E84: 0 | F84: 0 | G84: 0 | H84: 0 | I84: 0 | J84: 0 | K84: 0 | L84: 0 | M84: 0 | N84: 0 | O84: 1 | P84: 0 | Q84: 0 | R84: 0 | S84: 1 | T84: 1 | U84: 1 | V84: 0 | W84: =SUM(E84:V84) -> 4
C85: 4. Hj. TUTUK ASMA'A ZUCHROH, S.T., M.T. | E85: 0 | F85: 0 | G85: 1 | H85: 0 | I85: 2 | J85: 0 | K85: 0 | L85: 1 | M85: 0 | N85: 0 | O85: 2 | P85: 2 | Q85: 0 | R85: 0 | S85: 0 | T85: 1 | U85: 0 | V85: 0 | W85: =SUM(E85:V85) -> 9
C86: 5. ADE M. RIZKI, S.E. | E86: 0 | F86: 0 | G86: 1 | H86: 1 | I86: 0 | J86: 0 | K86: 0 | L86: 0 | M86: 0 | N86: 0 | O86: 0 | P86: 0 | Q86: 0 | R86: 0 | S86: 0 | T86: 0 | U86: 0 | V86: 0 | W86: =SUM(E86:V86) -> 2
C87: 6. ABDURAKHMAN, Bc.Kn. | E87: 0 | F87: 0 | G87: 0 | H87: 0 | I87: 1 | J87: 0 | K87: 0 | L87: 0 | M87: 0 | N87: 0 | O87: 0 | P87: 1 | Q87: 0 | R87: 0 | S87: 0 | T87: 0 | U87: 0 | V87: 0 | W87: =SUM(E87:V87) -> 2
C88: 7. CENDY RHIYAN ADI PUTRI | E88: 0 | F88: 0 | G88: 0 | H88: 0 | I88: 0 | J88: 0 | K88: 0 | L88: 0 | M88: 0 | N88: 0 | O88: 0 | P88: 0 | Q88: 0 | R88: 0 | S88: 0 | T88: 0 | U88: 0 | V88: 0 | W88: =SUM(E88:V88) -> 0
C89: 8. BAKTI WIJAYANTO, S.E. | E89: 0 | F89: 0 | G89: 0 | H89: 0 | I89: 0 | J89: 0 | K89: 0 | L89: 0 | M89: 0 | N89: 0 | O89: 0 | P89: 0 | Q89: 0 | R89: 0 | S89: 0 | T89: 0 | U89: 0 | V89: 0 | W89: =SUM(E89:V89) -> 0
C90: 9. AHMAD UBAIDILLAH | E90: 0 | F90: 0 | G90: 0 | H90: 0 | I90: 0 | J90: 0 | K90: 1 | L90: 0 | M90: 0 | N90: 0 | O90: 0 | P90: 0 | Q90: 0 | R90: 0 | S90: 0 | T90: 0 | U90: 0 | V90: 0 | W90: =SUM(E90:V90) -> 1
A91: B | B91: JUMLAH SUARA SAH PARTAI POLITIK DAN CALON (A1 + A2) | E91: =SUM(E81:E90) -> 0 | F91: =SUM(F81:F90) -> 2 | G91: =SUM(G81:G90) -> 5 | H91: =SUM(H81:H90) -> 2 | I91: =SUM(I81:I90) -> 4 | J91: =SUM(J81:J90) -> 4 | K91: =SUM(K81:K90) -> 1 | L91: =SUM(L81:L90) -> 3 | ... W91: =SUM(W81:W90) -> 83
A93: A.1 | B93: 5. | C93: Partai NasDem | E93: 3 | F93: 1 | G93: 4 | H93: 3 | I93: 1 | J93: 2 | K93: 0 | L93: 2 | M93: 1 | N93: 0 | O93: 2 | P93: 0 | Q93: 0 | R93: 2 | S93: 3 | T93: 1 | U93: 2 | V93: 1 | W93: =SUM(E93:V93) -> 28
A94: A.2 | C94: 1. ALI MUSTOFA, A.Md. | E94: 1 | F94: 0 | G94: 0 | H94: 3 | I94: 2 | J94: 4 | K94: 4 | L94: 0 | M94: 4 | N94: 0 | O94: 0 | P94: 1 | Q94: 0 | R94: 0 | S94: 3 | T94: 2 | U94: 1 | V94: 3 | W94: =SUM(E94:V94) -> 28
C95: 2. Hj. BUAMI, S.H. | E95: 0 | F95: 0 | G95: 1 | H95: 0 | I95: 0 | J95: 1 | K95: 0 | L95: 0 | M95: 1 | N95: 0 | O95: 1 | P95: 0 | Q95: 0 | R95: 0 | S95: 1 | T95: 1 | U95: 1 | V95: 0 | W95: =SUM(E95:V95) -> 7
C96: 3. SUGIONO, S.H. | E96: 1 | F96: 0 | G96: 1 | H96: 1 | I96: 1 | J96: 0 | K96: 0 | L96: 0 | M96: 0 | N96: 0 | O96: 1 | P96: 0 | Q96: 0 | R96: 0 | S96: 0 | T96: 0 | U96: 0 | V96: 0 | W96: =SUM(E96:V96) -> 5
C97: 4. LULUK SUNARMIATININGSIH | E97: 0 | F97: 0 | G97: 0 | H97: 0 | I97: 1 | J97: 0 | K97: 0 | L97: 0 | M97: 0 | N97: 0 | O97: 1 | P97: 1 | Q97: 0 | R97: 0 | S97: 0 | T97: 0 | U97: 1 | V97: 2 | W97: =SUM(E97:V97) -> 6
C98: 5. ANTON DJULIANTO ADI | E98: 0 | F98: 1 | G98: 0 | H98: 0 | I98: 0 | J98: 0 | K98: 0 | L98: 0 | M98: 0 | N98: 0 | O98: 1 | P98: 0 | Q98: 0 | R98: 1 | S98: 0 | T98: 0 | U98: 1 | V98: 1 | W98: =SUM(E98:V98) -> 5
C99: 6. MOKHAMAD ROFI'I KHUSNAN | E99: 1 | F99: 0 | G99: 0 | H99: 0 | I99: 0 | J99: 0 | K99: 0 | L99: 0 | M99: 0 | N99: 0 | O99: 1 | P99: 0 | Q99: 0 | R99: 1 | S99: 0 | T99: 0 | U99: 0 | V99: 0 | W99: =SUM(E99:V99) -> 3
C100: 7. Rr SETYO WATI | E100: 1 | F100: 0 | G100: 0 | H100: 0 | I100: 0 | J100: 0 | K100: 0 | L100: 0 | M100: 0 | N100: 0 | O100: 0 | P100: 0 | Q100: 2 | R100: 0 | S100: 0 | T100: 0 | U100: 0 | V100: 0 | W100: =SUM(E100:V100) -> 3
C101: 8. ABD. KADIR ASSEGAFF | E101: 0 | F101: 0 | G101: 0 | H101: 0 | I101: 0 | J101: 0 | K101: 0 | L101: 0 | M101: 0 | N101: 0 | O101: 1 | P101: 1 | Q101: 0 | R101: 0 | S101: 0 | T101: 0 | U101: 0 | V101: 0 | W101: =SUM(E101:V101) -> 2
C102: 9. FATHOR ZAINULLAH | E102: 0 | F102: 0 | G102: 0 | H102: 0 | I102: 0 | J102: 0 | K102: 0 | L102: 0 | M102: 1 | N102: 0 | O102: 0 | P102: 0 | Q102: 1 | R102: 0 | S102: 0 | T102: 0 | U102: 0 | V102: 0 | W102: =SUM(E102:V102) -> 2
A103: B | B103: JUMLAH SUARA SAH PARTAI POLITIK DAN CALON (A1 + A2) | E103: =SUM(E93:E102) -> 7 | F103: =SUM(F93:F102) -> 2 | G103: =SUM(G93:G102) -> 6 | H103: =SUM(H93:H102) -> 7 | I103: =SUM(I93:I102) -> 5 | J103: =SUM(J93:J102) -> 7 | K103: =SUM(K93:K102) -> 4 | L103: =SUM(L93:L102) -> 2 | ... W103: =SUM(W93:W102) -> 89
A105: A.1 | B105: 6. | C105: Partai Buruh | E105: 0 | F105: 0 | G105: 0 | H105: 0 | I105: 1 | J105: 0 | K105: 0 | L105: 1 | M105: 0 | N105: 0 | O105: 0 | P105: 0 | Q105: 0 | R105: 0 | S105: 0 | T105: 0 | U105: 0 | V105: 0 | W105: =SUM(E105:V105) -> 2
A106: A.2 | C106: 1. AGUS SUPRIYADI | E106: 0 | F106: 0 | G106: 0 | H106: 0 | I106: 1 | J106: 0 | K106: 0 | L106: 1 | M106: 0 | N106: 0 | O106: 0 | P106: 0 | Q106: 0 | R106: 0 | S106: 0 | T106: 0 | U106: 0 | V106: 0 | W106: =SUM(E106:V106) -> 2
C107: 2. ENI HARIATI | E107: 0 | F107: 0 | G107: 0 | H107: 0 | I107: 0 | J107: 0 | K107: 0 | L107: 0 | M107: 1 | N107: 0 | O107: 0 | P107: 0 | Q107: 0 | R107: 0 | S107: 0 | T107: 0 | U107: 0 | V107: 0 | W107: =SUM(E107:V107) -> 1
W108: =SUM(E108:V108) -> 0
W109: =SUM(E109:V109) -> 0
W110: =SUM(E110:V110) -> 0
W111: =SUM(E111:V111) -> 0
W112: =SUM(E112:V112) -> 0
W113: =SUM(E113:V113) -> 0
W114: =SUM(E114:V114) -> 0
A115: B | B115: JUMLAH SUARA SAH PARTAI POLITIK DAN CALON (A1 + A2) | E115: =SUM(E105:E114) -> 0 | F115: =SUM(F105:F114) -> 0 | G115: =SUM(G105:G114) -> 0 | H115: =SUM(H105:H114) -> 0 | I115: =SUM(I105:I114) -> 2 | J115: =SUM(J105:J114) -> 0 | K115: =SUM(K105:K114) -> 0 | L115: =SUM(L105:L114) -> 2 | ... W115: =SUM(W105:W114) -> 5
A117: A.1 | B117: 7. | C117: Partai Gelombang Rakyat Indonesia | E117: 0 | F117: 0 | G117: 3 | H117: 2 | I117: 2 | J117: 0 | K117: 1 | L117: 0 | M117: 0 | N117: 0 | O117: 1 | P117: 0 | Q117: 0 | R117: 0 | S117: 1 | T117: 0 | U117: 0 | V117: 1 | W117: =SUM(E117:V117) -> 11
...

Sheet BENGKAK
C2: Kecamatan | D2: WONGSOREJO
C3: Kabupaten | D3: BANYUWANGI
C4: Provinsi | D4: JAWA TIMUR
C9: Kelurahan | D9: BENGKAK
A12: I | B12: DATA PEMILIH DAN PENGGUNAAN HAK PILIH | Y12: JUMLAH AKHIR
A13: A | B13: DATA PEMILIH | E13: TPS 001 | F13: TPS 002 | G13: TPS 003 | H13: TPS 004 | I13: TPS 005 | J13: TPS 006 | K13: TPS 007 | L13: TPS 008 | M13: TPS 009 | N13: TPS 010 | O13: TPS 011 | P13: TPS 012 | Q13: TPS 013 | R13: TPS 014 | S13: TPS 015 | T13: TPS 016 | U13: TPS 017 | V13: TPS 018 | W13: TPS 019 | X13: TPS 020
B14: Jumlah Pemilih dalam Daftar Pemilih Tetap (DPT) | D14: LK | E14: 121 | F14: 137 | G14: 150 | H14: 141 | I14: 129 | J14: 142 | K14: 142 | L14: 142 | M14: 132 | N14: 111 | O14: 121 | P14: 140 | Q14: 115 | R14: 135 | S14: 139 | T14: 110 | U14: 151 | V14: 139 | W14: 133 | X14: 132 | Y14: =SUM(E14:X14) -> 2662
D15: PR | E15: 114 | F15: 156 | G15: 148 | H15: 137 | I15: 143 | J15: 151 | K15: 148 | L15: 141 | M15: 135 | N15: 129 | O15: 129 | P15: 121 | Q15: 115 | R15: 147 | S15: 152 | T15: 132 | U15: 146 | V15: 149 | W15: 147 | X15: 144 | Y15: =SUM(E15:X15) -> 2784
D16: JML | E16: =SUM(E14:E15) -> 235 | F16: =SUM(F14:F15) -> 293 | G16: =SUM(G14:G15) -> 298 | H16: =SUM(H14:H15) -> 278 | I16: =SUM(I14:I15) -> 272 | J16: =SUM(J14:J15) -> 293 | K16: =SUM(K14:K15) -> 290 | L16: =SUM(L14:L15) -> 283 | ... X16: =SUM(X14:X15) -> 276 | Y16: =SUM(E16:X16) -> 5446
A18: B | B18: PENGGUNA HAK PILIH
B19: 1. | C19: Jumlah pengguna hak pilih dalam Daftar Pemilih Tetap (DPT) | D19: LK | E19: 98 | F19: 99 | G19: 122 | H19: 107 | I19: 94 | J19: 114 | K19: 107 | L19: 116 | M19: 97 | N19: 83 | O19: 89 | P19: 107 | Q19: 93 | R19: 96 | S19: 99 | T19: 75 | U19: 137 | V19: 107 | W19: 109 | X19: 101 | Y19: =SUM(E19:X19) -> 2050
D20: PR | E20: 102 | F20: 117 | G20: 109 | H20: 100 | I20: 110 | J20: 129 | K20: 123 | L20: 110 | M20: 112 | N20: 110 | O20: 116 | P20: 106 | Q20: 100 | R20: 118 | S20: 123 | T20: 94 | U20: 138 | V20: 124 | W20: 116 | X20: 114 | Y20: =SUM(E20:X20) -> 2271
D21: JML | E21: =SUM(E19:E20) -> 200 | F21: =SUM(F19:F20) -> 216 | G21: =SUM(G19:G20) -> 231 | H21: =SUM(H19:H20) -> 207 | I21: =SUM(I19:I20) -> 204 | J21: =SUM(J19:J20) -> 243 | K21: =SUM(K19:K20) -> 230 | L21: =SUM(L19:L20) -> 226 | ... X21: =SUM(X19:X20) -> 215 | Y21: =SUM(E21:X21) -> 4321
B22: 2. | C22: Jumlah pengguna hak pilih dalam Daftar Pemilih Tambahan (DPTb) | D22: LK | Y22: =SUM(E22:X22) -> 0
D23: PR | Y23: =SUM(E23:X23) -> 0
D24: JML | E24: =SUM(E22:E23) -> 0 | F24: =SUM(F22:F23) -> 0 | G24: =SUM(G22:G23) -> 0 | H24: =SUM(H22:H23) -> 0 | I24: =SUM(I22:I23) -> 0 | J24: =SUM(J22:J23) -> 0 | K24: =SUM(K22:K23) -> 0 | L24: =SUM(L22:L23) -> 0 | ... X24: =SUM(X22:X23) -> 0 | Y24: =SUM(E24:X24) -> 0
B25: 3. | C25: Jumlah pengguna hak pilih dalam Daftar Pemilih Khusus (DPK) | D25: LK | E25: 0 | F25: 0 | G25: 0 | H25: 0 | I25: 0 | J25: 0 | K25: 0 | L25: 0 | M25: 0 | N25: 0 | O25: 0 | P25: 0 | Q25: 0 | R25: 0 | S25: 0 | T25: 0 | U25: 1 | V25: 0 | W25: 0 | X25: 1 | Y25: =SUM(E25:X25) -> 2
D26: PR | E26: 0 | F26: 0 | G26: 0 | H26: 0 | I26: 0 | J26: 0 | K26: 0 | L26: 0 | M26: 0 | N26: 0 | O26: 0 | P26: 0 | Q26: 0 | R26: 0 | S26: 0 | T26: 0 | U26: 0 | V26: 0 | W26: 0 | X26: 1 | Y26: =SUM(E26:X26) -> 1
D27: JML | E27: =SUM(E25:E26) -> 0 | F27: =SUM(F25:F26) -> 0 | G27: =SUM(G25:G26) -> 0 | H27: =SUM(H25:H26) -> 0 | I27: =SUM(I25:I26) -> 0 | J27: =SUM(J25:J26) -> 0 | K27: =SUM(K25:K26) -> 0 | L27: =SUM(L25:L26) -> 0 | ... X27: =SUM(X25:X26) -> 2 | Y27: =SUM(E27:X27) -> 3
B28: 4. | C28: Jumlah Pengguna Hak Pilih (B.1+B.2+B.3) | D28: LK | E28: =SUM(E19,E22,E25) -> 98 | F28: =SUM(F19,F22,F25) -> 99 | G28: =SUM(G19,G22,G25) -> 122 | H28: =SUM(H19,H22,H25) -> 107 | I28: =SUM(I19,I22,I25) -> 94 | J28: =SUM(J19,J22,J25) -> 114 | K28: =SUM(K19,K22,K25) -> 107 | L28: =SUM(L19,L22,L25) -> 116 | ... X28: =SUM(X19,X22,X25) -> 102 | Y28: =SUM(E28:X28) -> 2052
D29: PR | E29: =SUM(E20,E23,E26) -> 102 | F29: =SUM(F20,F23,F26) -> 117 | G29: =SUM(G20,G23,G26) -> 109 | H29: =SUM(H20,H23,H26) -> 100 | I29: =SUM(I20,I23,I26) -> 110 | J29: =SUM(J20,J23,J26) -> 129 | K29: =SUM(K20,K23,K26) -> 123 | L29: =SUM(L20,L23,L26) -> 110 | ... X29: =SUM(X20,X23,X26) -> 115 | Y29: =SUM(E29:X29) -> 2272
D30: JML | E30: =SUM(E28:E29) -> 200 | F30: =SUM(F28:F29) -> 216 | G30: =SUM(G28:G29) -> 231 | H30: =SUM(H28:H29) -> 207 | I30: =SUM(I28:I29) -> 204 | J30: =SUM(J28:J29) -> 243 | K30: =SUM(K28:K29) -> 230 | L30: =SUM(L28:L29) -> 226 | ... X30: =SUM(X28:X29) -> 217 | Y30: =SUM(E30:X30) -> 4324
A32: II | B32: DATA PENGGUNAAN SURAT SUARA
A33: 1 | B33: Jumlah surat suara yang diterima, termasuk surat suara cadangan 2,5% dari DPT | E33: 240 | F33: 299 | G33: 304 | H33: 284 | I33: 277 | J33: 298 | K33: 296 | L33: 291 | M33: 273 | N33: 245 | O33: 255 | P33: 267 | Q33: 235 | R33: 287 | S33: 299 | T33: 247 | U33: 303 | V33: 294 | W33: 286 | X33: 282 | Y33: =SUM(E33:X33) -> 5562
A34: 2 | B34: Jumlah surat suara yang digunakan | E34: 200 | F34: 216 | G34: 231 | H34: 207 | I34: 204 | J34: 243 | K34: 230 | L34: 226 | M34: 209 | N34: 193 | O34: 205 | P34: 213 | Q34: 193 | R34: 214 | S34: 222 | T34: 169 | U34: 276 | V34: 231 | W34: 225 | X34: 217 | Y34: =SUM(E34:X34) -> 4324
A35: 3 | B35: Jumlah surat suara dikembalikan oleh pemilih (karena rusak atau keliru coblos) | E35: 0 | F35: 0 | G35: 0 | H35: 0 | I35: 0 | J35: 0 | K35: 0 | L35: 0 | M35: 0 | N35: 0 | O35: 0 | P35: 0 | Q35: 0 | R35: 0 | S35: 0 | T35: 0 | U35: 0 | V35: 0 | W35: 1 | X35: 0 | Y35: =SUM(E35:X35) -> 1
A36: 4 | B36: Jumlah surat suara yang tidak digunakan/tidak terpakai, termasuk sisa surat suara cadangan | E36: =E33-(E34+E35) -> 40 | F36: =F33-(F34+F35) -> 83 | G36: =G33-(G34+G35) -> 73 | H36: =H33-(H34+H35) -> 77 | I36: =I33-(I34+I35) -> 73 | J36: =J33-(J34+J35) -> 55 | K36: =K33-(K34+K35) -> 66 | L36: =L33-(L34+L35) -> 65 | ... X36: =X33-(X34+X35) -> 65 | Y36: =SUM(E36:X36) -> 1237
A38: III | B38: DATA PEMILIH DISABILITAS
B39: Jumlah seluruh Pemilih disabilitas yang menggunakan hak pilih | D39: LK | E39: 0 | F39: 0 | G39: 0 | H39: 0 | I39: 0 | J39: 0 | K39: 0 | L39: 0 | M39: 0 | N39: 0 | O39: 0 | P39: 0 | Q39: 0 | R39: 0 | S39: 0 | T39: 0 | U39: 0 | V39: 0 | W39: 0 | X39: 0 | Y39: =SUM(E39:X39) -> 0
D40: PR | E40: 0 | F40: 0 | G40: 0 | H40: 0 | I40: 0 | J40: 0 | K40: 0 | L40: 0 | M40: 0 | N40: 0 | O40: 1 | P40: 0 | Q40: 0 | R40: 0 | S40: 0 | T40: 0 | U40: 0 | V40: 0 | W40: 0 | X40: 0 | Y40: =SUM(E40:X40) -> 1
D41: JML | E41: =SUM(E39:E40) -> 0 | F41: =SUM(F39:F40) -> 0 | G41: =SUM(G39:G40) -> 0 | H41: =SUM(H39:H40) -> 0 | I41: =SUM(I39:I40) -> 0 | J41: =SUM(J39:J40) -> 0 | K41: =SUM(K39:K40) -> 0 | L41: =SUM(L39:L40) -> 0 | ... X41: =SUM(X39:X40) -> 0 | Y41: =SUM(E41:X41) -> 1
A43: IV | B43: DATA RINCIAN PEROLEHAN SUARA PASANGAN CALON BUPATI DAN WAKIL BUPATI
A44: NOMOR DAN NAMA CALON
A45: A.1 | B45: 1. | C45: Partai Kebangkitan Bangsa | E45: 6 | F45: 9 | G45: 4 | H45: 2 | I45: 4 | J45: 11 | K45: 13 | L45: 8 | M45: 11 | N45: 9 | O45: 19 | P45: 9 | Q45: 5 | R45: 11 | S45: 9 | T45: 5 | U45: 10 | V45: 13 | W45: 6 | X45: 10 | Y45: =SUM(E45:X45) -> 174
A46: A.2 | C46: 1. Dra. Hj. MA`MULAH HARUN, M.Pd.I. | E46: 5 | F46: 14 | G46: 6 | H46: 6 | I46: 3 | J46: 7 | K46: 22 | L46: 24 | M46: 15 | N46: 6 | O46: 20 | P46: 24 | Q46: 15 | R46: 36 | S46: 9 | T46: 7 | U46: 31 | V46: 9 | W46: 11 | X46: 25 | Y46: =SUM(E46:X46) -> 295
C47: 2. UBAIDILLAH, S.Fil.I. | E47: 5 | F47: 8 | G47: 10 | H47: 13 | I47: 1 | J47: 4 | K47: 22 | L47: 12 | M47: 11 | N47: 16 | O47: 21 | P47: 22 | Q47: 8 | R47: 12 | S47: 9 | T47: 5 | U47: 1 | V47: 14 | W47: 14 | X47: 22 | Y47: =SUM(E47:X47) -> 230
C48: 3. Ir. H. YOYOK MULYADI, M.Si. | E48: 4 | F48: 4 | G48: 8 | H48: 4 | I48: 1 | J48: 2 | K48: 7 | L48: 5 | M48: 13 | N48: 18 | O48: 11 | P48: 10 | Q48: 3 | R48: 6 | S48: 1 | T48: 2 | U48: 3 | V48: 8 | W48: 3 | X48: 2 | Y48: =SUM(E48:X48) -> 115
C49: 4. KHOIRUL ANWAR, S.Fil.I. | E49: 3 | F49: 2 | G49: 2 | H49: 0 | I49: 2 | J49: 2 | K49: 1 | L49: 2 | M49: 4 | N49: 2 | O49: 4 | P49: 4 | Q49: 1 | R49: 1 | S49: 0 | T49: 3 | U49: 1 | V49: 5 | W49: 2 | X49: 1 | Y49: =SUM(E49:X49) -> 42
C50: 5. ARIF WIJAKSANA | E50: 0 | F50: 0 | G50: 1 | H50: 0 | I50: 0 | J50: 0 | K50: 0 | L50: 1 | M50: 1 | N50: 1 | O50: 0 | P50: 0 | Q50: 1 | R50: 3 | S50: 1 | T50: 0 | U50: 2 | V50: 1 | W50: 0 | X50: 0 | Y50: =SUM(E50:X50) -> 12
C51: 6. Dr. SITI YUMNAH | E51: 0 | F51: 0 | G51: 0 | H51: 0 | I51: 1 | J51: 0 | K51: 1 | L51: 0 | M51: 0 | N51: 0 | O51: 0 | P51: 0 | Q51: 0 | R51: 3 | S51: 1 | T51: 0 | U51: 1 | V51: 0 | W51: 1 | X51: 0 | Y51: =SUM(E51:X51) -> 8
C52: 7. MOHAMMAD ZAINI, M.Pd.I. | E52: 0 | F52: 0 | G52: 0 | H52: 0 | I52: 1 | J52: 0 | K52: 0 | L52: 1 | M52: 1 | N52: 0 | O52: 1 | P52: 2 | Q52: 0 | R52: 0 | S52: 0 | T52: 1 | U52: 1 | V52: 0 | W52: 0 | X52: 0 | Y52: =SUM(E52:X52) -> 8
C53: 8. FAWAIDUL MAKKIYAH | E53: 1 | F53: 1 | G53: 0 | H53: 0 | I53: 0 | J53: 0 | K53: 1 | L53: 0 | M53: 0 | N53: 0 | O53: 1 | P53: 0 | Q53: 0 | R53: 1 | S53: 0 | T53: 0 | U53: 2 | V53: 0 | W53: 0 | X53: 0 | Y53: =SUM(E53:X53) -> 7
C54: 9. IFFAH HIDAYATUR ROHMAH, S.Sos. | E54: 0 | F54: 0 | G54: 0 | H54: 0 | I54: 0 | J54: 0 | K54: 2 | L54: 0 | M54: 0 | N54: 1 | O54: 0 | P54: 0 | Q54: 0 | R54: 1 | S54: 0 | T54: 0 | U54: 1 | V54: 1 | W54: 0 | X54: 0 | Y54: =SUM(E54:X54) -> 6
A55: B | B55: JUMLAH SUARA SAH PARTAI POLITIK DAN CALON (A1 + A2) | E55: =SUM(E45:E54) -> 24 | F55: =SUM(F45:F54) -> 38 | G55: =SUM(G45:G54) -> 31 | H55: =SUM(H45:H54) -> 25 | I55: =SUM(I45:I54) -> 13 | J55: =SUM(J45:J54) -> 26 | K55: =SUM(K45:K54) -> 69 | L55: =SUM(L45:L54) -> 53 | ... Y55: =SUM(Y45:Y54) -> 897
A57: A.1 | B57: 2. | C57: Partai Gerakan Indonesia Raya | E57: 12 | F57: 5 | G57: 10 | H57: 14 | I57: 2 | J57: 9 | K57: 3 | L57: 5 | M57: 13 | N57: 14 | O57: 5 | P57: 10 | Q57: 8 | R57: 16 | S57: 17 | T57: 8 | U57: 9 | V57: 7 | W57: 13 | X57: 13 | Y57: =SUM(E57:X57) -> 193
A58: A.2 | C58: 1. AHMAD HADINUDDIN, S.Pd.I. | E58: 1 | F58: 7 | G58: 5 | H58: 6 | I58: 4 | J58: 11 | K58: 6 | L58: 7 | M58: 7 | N58: 9 | O58: 6 | P58: 8 | Q58: 1 | R58: 3 | S58: 9 | T58: 1 | U58: 12 | V58: 5 | W58: 8 | X58: 10 | Y58: =SUM(E58:X58) -> 126
C59: 2. BIMA RAFSANJANI RAFID | E59: 24 | F59: 13 | G59: 57 | H59: 44 | I59: 20 | J59: 47 | K59: 21 | L59: 13 | M59: 8 | N59: 21 | O59: 17 | P59: 18 | Q59: 32 | R59: 12 | S59: 26 | T59: 25 | U59: 24 | V59: 18 | W59: 32 | X59: 49 | Y59: =SUM(E59:X59) -> 521
C60: 3. IRA DAMAYANTI | E60: 2 | F60: 3 | G60: 1 | H60: 3 | I60: 1 | J60: 1 | K60: 1 | L60: 3 | M60: 3 | N60: 2 | O60: 3 | P60: 0 | Q60: 2 | R60: 0 | S60: 3 | T60: 1 | U60: 1 | V60: 0 | W60: 1 | X60: 1 | Y60: =SUM(E60:X60) -> 32
C61: 4. MAULANA MALIK IBRAHIM, S.H. | E61: 1 | F61: 2 | G61: 1 | H61: 0 | I61: 1 | J61: 1 | K61: 4 | L61: 0 | M61: 5 | N61: 0 | O61: 0 | P61: 1 | Q61: 2 | R61: 0 | S61: 1 | T61: 3 | U61: 5 | V61: 6 | W61: 3 | X61: 1 | Y61: =SUM(E61:X61) -> 37
C62: 5. LULUK ALFIATI | E62: 0 | F62: 1 | G62: 0 | H62: 2 | I62: 0 | J62: 0 | K62: 2 | L62: 1 | M62: 0 | N62: 0 | O62: 0 | P62: 0 | Q62: 1 | R62: 0 | S62: 1 | T62: 0 | U62: 1 | V62: 1 | W62: 1 | X62: 0 | Y62: =SUM(E62:X62) -> 11
C63: 6. ILHAM WAHYUDI, S.H. | E63: 0 | F63: 0 | G63: 0 | H63: 0 | I63: 0 | J63: 0 | K63: 1 | L63: 0 | M63: 0 | N63: 0 | O63: 1 | P63: 0 | Q63: 1 | R63: 1 | S63: 1 | T63: 1 | U63: 0 | V63: 1 | W63: 2 | X63: 0 | Y63: =SUM(E63:X63) -> 9
C64: 7. HAERUL ANWAR, S.Pd.I. | E64: 0 | F64: 0 | G64: 0 | H64: 0 | I64: 1 | J64: 2 | K64: 0 | L64: 0 | M64: 3 | N64: 1 | O64: 0 | P64: 0 | Q64: 1 | R64: 0 | S64: 0 | T64: 0 | U64: 0 | V64: 0 | W64: 0 | X64: 1 | Y64: =SUM(E64:X64) -> 9
C65: 8. YOVI ADHITYA WARDANI | E65: 0 | F65: 0 | G65: 0 | H65: 0 | I65: 0 | J65: 0 | K65: 0 | L65: 0 | M65: 0 | N65: 1 | O65: 1 | P65: 0 | Q65: 0 | R65: 0 | S65: 0 | T65: 0 | U65: 0 | V65: 0 | W65: 0 | X65: 0 | Y65: =SUM(E65:X65) -> 2
C66: 9. RITA AMELIA | E66: 0 | F66: 0 | G66: 0 | H66: 1 | I66: 0 | J66: 0 | K66: 0 | L66: 0 | M66: 1 | N66: 0 | O66: 0 | P66: 0 | Q66: 0 | R66: 0 | S66: 1 | T66: 1 | U66: 1 | V66: 0 | W66: 0 | X66: 0 | Y66: =SUM(E66:X66) -> 5
A67: B | B67: JUMLAH SUARA SAH PARTAI POLITIK DAN CALON (A1 + A2) | E67: =SUM(E57:E66) -> 40 | F67: =SUM(F57:F66) -> 31 | G67: =SUM(G57:G66) -> 74 | H67: =SUM(H57:H66) -> 70 | I67: =SUM(I57:I66) -> 29 | J67: =SUM(J57:J66) -> 71 | K67: =SUM(K57:K66) -> 38 | L67: =SUM(L57:L66) -> 29 | ... Y67: =SUM(Y57:Y66) -> 945
A69: A.1 | B69: 3. | C69: Partai Demokrasi Indonesia Perjuangan | E69: 1 | F69: 6 | G69: 7 | H69: 5 | I69: 4 | J69: 3 | K69: 1 | L69: 0 | M69: 6 | N69: 4 | O69: 3 | P69: 3 | Q69: 0 | R69: 10 | S69: 11 | T69: 5 | U69: 9 | V69: 2 | W69: 9 | X69: 3 | Y69: =SUM(E69:X69) -> 92
A70: A.2 | C70: 1. MARTIN H., S.H., M.H. | E70: 5 | F70: 6 | G70: 2 | H70: 5 | I70: 6 | J70: 1 | K70: 4 | L70: 2 | M70: 5 | N70: 2 | O70: 2 | P70: 3 | Q70: 1 | R70: 3 | S70: 12 | T70: 6 | U70: 11 | V70: 3 | W70: 6 | X70: 10 | Y70: =SUM(E70:X70) -> 95
C71: 2. HERMANTO, S.E. | E71: 1 | F71: 2 | G71: 3 | H71: 11 | I71: 4 | J71: 6 | K71: 6 | L71: 6 | M71: 3 | N71: 0 | O71: 6 | P71: 3 | Q71: 2 | R71: 2 | S71: 5 | T71: 1 | U71: 7 | V71: 1 | W71: 3 | X71: 2 | Y71: =SUM(E71:X71) -> 74
C72: 3. EVY SUSILAWATI, S.E., M.M. | E72: 0 | F72: 7 | G72: 3 | H72: 4 | I72: 3 | J72: 2 | K72: 2 | L72: 2 | M72: 1 | N72: 2 | O72: 4 | P72: 2 | Q72: 0 | R72: 0 | S72: 2 | T72: 1 | U72: 8 | V72: 4 | W72: 1 | X72: 0 | Y72: =SUM(E72:X72) -> 48
C73: 4. M. SIROTTUDIN | E73: 3 | F73: 3 | G73: 3 | H73: 4 | I73: 6 | J73: 0 | K73: 1 | L73: 7 | M73: 8 | N73: 4 | O73: 3 | P73: 1 | Q73: 1 | R73: 1 | S73: 3 | T73: 2 | U73: 10 | V73: 25 | W73: 1 | X73: 3 | Y73: =SUM(E73:X73) -> 89
C74: 5. ABDUL HAFID, S.H. | E74: 1 | F74: 2 | G74: 2 | H74: 2 | I74: 0 | J74: 0 | K74: 0 | L74: 1 | M74: 0 | N74: 0 | O74: 0 | P74: 1 | Q74: 0 | R74: 0 | S74: 2 | T74: 1 | U74: 3 | V74: 0 | W74: 0 | X74: 0 | Y74: =SUM(E74:X74) -> 15
C75: 6. NIKITA FORTUNA SURYANINGATI, A.Md.Keb. | E75: 0 | F75: 0 | G75: 1 | H75: 4 | I75: 0 | J75: 2 | K75: 1 | L75: 1 | M75: 1 | N75: 0 | O75: 0 | P75: 0 | Q75: 1 | R75: 1 | S75: 0 | T75: 3 | U75: 4 | V75: 0 | W75: 0 | X75: 3 | Y75: =SUM(E75:X75) -> 22
C76: 7. YUDHO ILHAM WIJAYA, S.E. | E76: 0 | F76: 0 | G76: 0 | H76: 0 | I76: 0 | J76: 1 | K76: 0 | L76: 0 | M76: 0 | N76: 0 | O76: 1 | P76: 0 | Q76: 0 | R76: 1 | S76: 0 | T76: 1 | U76: 3 | V76: 0 | W76: 1 | X76: 0 | Y76: =SUM(E76:X76) -> 8
C77: 8. SETIAWATI, S.H. | E77: 0 | F77: 0 | G77: 1 | H77: 1 | I77: 0 | J77: 1 | K77: 0 | L77: 0 | M77: 0 | N77: 0 | O77: 0 | P77: 0 | Q77: 0 | R77: 0 | S77: 1 | T77: 0 | U77: 5 | V77: 0 | W77: 1 | X77: 0 | Y77: =SUM(E77:X77) -> 10
C78: 9. EKO BUDI SANTOSO, S.H. | E78: 0 | F78: 0 | G78: 0 | H78: 2 | I78: 1 | J78: 0 | K78: 0 | L78: 0 | M78: 0 | N78: 0 | O78: 0 | P78: 0 | Q78: 0 | R78: 0 | S78: 1 | T78: 0 | U78: 3 | V78: 0 | W78: 0 | X78: 2 | Y78: =SUM(E78:X78) -> 9
A79: B | B79: JUMLAH SUARA SAH PARTAI POLITIK DAN CALON (A1 + A2) | E79: =SUM(E69:E78) -> 11 | F79: =SUM(F69:F78) -> 26 | G79: =SUM(G69:G78) -> 22 | H79: =SUM(H69:H78) -> 38 | I79: =SUM(I69:I78) -> 24 | J79: =SUM(J69:J78) -> 16 | K79: =SUM(K69:K78) -> 15 | L79: =SUM(L69:L78) -> 19 | ... Y79: =SUM(Y69:Y78) -> 462
A81: A.1 | B81: 4. | C81: Partai Golongan Karya | E81: 1 | F81: 5 | G81: 0 | H81: 0 | I81: 0 | J81: 2 | K81: 1 | L81: 6 | M81: 2 | N81: 1 | O81: 3 | P81: 4 | Q81: 3 | R81: 2 | S81: 8 | T81: 4 | U81: 3 | V81: 2 | W81: 7 | X81: 2 | Y81: =SUM(E81:X81) -> 56
A82: A.2 | C82: 1. PRANAYA YUDHA MAHARDHIKA | E82: 2 | F82: 11 | G82: 0 | H82: 2 | I82: 0 | J82: 1 | K82: 4 | L82: 3 | M82: 3 | N82: 2 | O82: 1 | P82: 2 | Q82: 1 | R82: 1 | S82: 2 | T82: 1 | U82: 0 | V82: 3 | W82: 4 | X82: 4 | Y82: =SUM(E82:X82) -> 47
C83: 2. Dra. Ec. ENDANG SULASTUTY, M.I.P. | E83: 2 | F83: 1 | G83: 1 | H83: 0 | I83: 0 | J83: 6 | K83: 4 | L83: 0 | M83: 7 | N83: 6 | O83: 3 | P83: 1 | Q83: 1 | R83: 0 | S83: 4 | T83: 2 | U83: 1 | V83: 0 | W83: 3 | X83: 4 | Y83: =SUM(E83:X83) -> 46
C84: 3. AGUS REJEKI WARTONO | E84: 0 | F84: 0 | G84: 1 | H84: 0 | I84: 0 | J84: 0 | K84: 3 | L84: 2 | M84: 0 | N84: 0 | O84: 1 | P84: 0 | Q84: 0 | R84: 0 | S84: 1 | T84: 1 | U84: 0 | V84: 0 | W84: 2 | X84: 0 | Y84: =SUM(E84:X84) -> 11
C85: 4. Hj. TUTUK ASMA'A ZUCHROH, S.T., M.T. | E85: 0 | F85: 0 | G85: 1 | H85: 6 | I85: 1 | J85: 6 | K85: 5 | L85: 3 | M85: 7 | N85: 0 | O85: 17 | P85: 3 | Q85: 4 | R85: 2 | S85: 0 | T85: 3 | U85: 5 | V85: 6 | W85: 4 | X85: 0 | Y85: =SUM(E85:X85) -> 73
C86: 5. ADE M. RIZKI, S.E. | E86: 2 | F86: 0 | G86: 0 | H86: 0 | I86: 0 | J86: 3 | K86: 17 | L86: 1 | M86: 1 | N86: 1 | O86: 0 | P86: 0 | Q86: 7 | R86: 0 | S86: 0 | T86: 2 | U86: 0 | V86: 0 | W86: 1 | X86: 1 | Y86: =SUM(E86:X86) -> 36
C87: 6. ABDURAKHMAN, Bc.Kn. | E87: 0 | F87: 0 | G87: 1 | H87: 0 | I87: 0 | J87: 1 | K87: 0 | L87: 0 | M87: 0 | N87: 0 | O87: 0 | P87: 0 | Q87: 0 | R87: 0 | S87: 0 | T87: 0 | U87: 0 | V87: 0 | W87: 0 | X87: 0 | Y87: =SUM(E87:X87) -> 2
C88: 7. CENDY RHIYAN ADI PUTRI | E88: 1 | F88: 1 | G88: 0 | H88: 0 | I88: 0 | J88: 0 | K88: 0 | L88: 0 | M88: 0 | N88: 0 | O88: 0 | P88: 0 | Q88: 1 | R88: 0 | S88: 0 | T88: 0 | U88: 1 | V88: 0 | W88: 0 | X88: 0 | Y88: =SUM(E88:X88) -> 4
C89: 8. BAKTI WIJAYANTO, S.E. | E89: 0 | F89: 0 | G89: 0 | H89: 0 | I89: 0 | J89: 0 | K89: 0 | L89: 0 | M89: 0 | N89: 0 | O89: 0 | P89: 0 | Q89: 0 | R89: 0 | S89: 0 | T89: 0 | U89: 0 | V89: 0 | W89: 0 | X89: 0 | Y89: =SUM(E89:X89) -> 0
C90: 9. AHMAD UBAIDILLAH | E90: 0 | F90: 0 | G90: 1 | H90: 1 | I90: 0 | J90: 1 | K90: 0 | L90: 0 | M90: 0 | N90: 0 | O90: 1 | P90: 0 | Q90: 0 | R90: 0 | S90: 1 | T90: 1 | U90: 0 | V90: 0 | W90: 0 | X90: 0 | Y90: =SUM(E90:X90) -> 6
A91: B | B91: JUMLAH SUARA SAH PARTAI POLITIK DAN CALON (A1 + A2) | E91: =SUM(E81:E90) -> 8 | F91: =SUM(F81:F90) -> 18 | G91: =SUM(G81:G90) -> 5 | H91: =SUM(H81:H90) -> 9 | I91: =SUM(I81:I90) -> 1 | J91: =SUM(J81:J90) -> 20 | K91: =SUM(K81:K90) -> 34 | L91: =SUM(L81:L90) -> 15 | ... Y91: =SUM(Y81:Y90) -> 281
A93: A.1 | B93: 5. | C93: Partai NasDem | E93: 0 | F93: 0 | G93: 2 | H93: 2 | I93: 0 | J93: 1 | K93: 2 | L93: 0 | M93: 1 | N93: 0 | O93: 0 | P93: 0 | Q93: 1 | R93: 3 | S93: 1 | T93: 2 | U93: 1 | V93: 2 | W93: 0 | X93: 0 | Y93: =SUM(E93:X93) -> 18
A94: A.2 | C94: 1. ALI MUSTOFA, A.Md. | E94: 1 | F94: 0 | G94: 0 | H94: 2 | I94: 0 | J94: 1 | K94: 0 | L94: 0 | M94: 1 | N94: 2 | O94: 0 | P94: 1 | Q94: 4 | R94: 1 | S94: 2 | T94: 1 | U94: 1 | V94: 1 | W94: 3 | X94: 2 | Y94: =SUM(E94:X94) -> 23
C95: 2. Hj. BUAMI, S.H. | E95: 0 | F95: 0 | G95: 0 | H95: 0 | I95: 0 | J95: 0 | K95: 0 | L95: 0 | M95: 0 | N95: 0 | O95: 0 | P95: 0 | Q95: 0 | R95: 0 | S95: 0 | T95: 0 | U95: 0 | V95: 0 | W95: 1 | X95: 1 | Y95: =SUM(E95:X95) -> 2
C96: 3. SUGIONO, S.H. | E96: 0 | F96: 0 | G96: 0 | H96: 0 | I96: 1 | J96: 0 | K96: 0 | L96: 0 | M96: 0 | N96: 0 | O96: 0 | P96: 0 | Q96: 1 | R96: 0 | S96: 0 | T96: 0 | U96: 1 | V96: 0 | W96: 0 | X96: 0 | Y96: =SUM(E96:X96) -> 3
C97: 4. LULUK SUNARMIATININGSIH | E97: 1 | F97: 0 | G97: 0 | H97: 0 | I97: 0 | J97: 0 | K97: 0 | L97: 0 | M97: 0 | N97: 2 | O97: 1 | P97: 1 | Q97: 1 | R97: 0 | S97: 0 | T97: 0 | U97: 0 | V97: 0 | W97: 0 | X97: 0 | Y97: =SUM(E97:X97) -> 6
C98: 5. ANTON DJULIANTO ADI | E98: 0 | F98: 0 | G98: 0 | H98: 0 | I98: 0 | J98: 0 | K98: 0 | L98: 0 | M98: 0 | N98: 0 | O98: 0 | P98: 0 | Q98: 1 | R98: 0 | S98: 1 | T98: 0 | U98: 0 | V98: 0 | W98: 0 | X98: 0 | Y98: =SUM(E98:X98) -> 2
C99: 6. MOKHAMAD ROFI'I KHUSNAN | E99: 0 | F99: 0 | G99: 0 | H99: 0 | I99: 0 | J99: 0 | K99: 0 | L99: 0 | M99: 0 | N99: 1 | O99: 0 | P99: 0 | Q99: 0 | R99: 0 | S99: 0 | T99: 0 | U99: 0 | V99: 3 | W99: 1 | X99: 0 | Y99: =SUM(E99:X99) -> 5
C100: 7. Rr SETYO WATI | E100: 0 | F100: 0 | G100: 0 | H100: 0 | I100: 0 | J100: 0 | K100: 0 | L100: 0 | M100: 0 | N100: 0 | O100: 0 | P100: 0 | Q100: 0 | R100: 0 | S100: 0 | T100: 0 | U100: 0 | V100: 0 | W100: 1 | X100: 0 | Y100: =SUM(E100:X100) -> 1
C101: 8. ABD. KADIR ASSEGAFF | E101: 0 | F101: 0 | G101: 0 | H101: 0 | I101: 0 | J101: 0 | K101: 0 | L101: 0 | M101: 0 | N101: 0 | O101: 0 | P101: 0 | Q101: 1 | R101: 0 | S101: 0 | T101: 0 | U101: 0 | V101: 0 | W101: 0 | X101: 0 | Y101: =SUM(E101:X101) -> 1
C102: 9. FATHOR ZAINULLAH | E102: 0 | F102: 0 | G102: 0 | H102: 0 | I102: 0 | J102: 0 | K102: 0 | L102: 0 | M102: 0 | N102: 1 | O102: 0 | P102: 0 | Q102: 0 | R102: 0 | S102: 1 | T102: 0 | U102: 0 | V102: 0 | W102: 0 | X102: 0 | Y102: =SUM(E102:X102) -> 2
A103: B | B103: JUMLAH SUARA SAH PARTAI POLITIK DAN CALON (A1 + A2) | E103: =SUM(E93:E102) -> 2 | F103: =SUM(F93:F102) -> 0 | G103: =SUM(G93:G102) -> 2 | H103: =SUM(H93:H102) -> 4 | I103: =SUM(I93:I102) -> 1 | J103: =SUM(J93:J102) -> 2 | K103: =SUM(K93:K102) -> 2 | L103: =SUM(L93:L102) -> 0 | ... Y103: =SUM(Y93:Y102) -> 63
A105: A.1 | B105: 6. | C105: Partai Buruh | E105: 0 | F105: 1 | G105: 0 | H105: 2 | I105: 1 | J105: 0 | K105: 1 | L105: 0 | M105: 1 | N105: 0 | O105: 0 | P105: 0 | Q105: 0 | R105: 0 | S105: 0 | T105: 0 | U105: 3 | V105: 0 | W105: 0 | X105: 0 | Y105: =SUM(E105:X105) -> 9
A106: A.2 | C106: 1. AGUS SUPRIYADI | E106: 0 | F106: 0 | G106: 0 | H106: 0 | I106: 0 | J106: 0 | K106: 1 | L106: 1 | M106: 0 | N106: 0 | O106: 0 | P106: 1 | Q106: 0 | R106: 0 | S106: 0 | T106: 0 | U106: 1 | V106: 0 | W106: 0 | X106: 1 | Y106: =SUM(E106:X106) -> 5
C107: 2. ENI HARIATI | E107: 0 | F107: 0 | G107: 0 | H107: 0 | I107: 0 | J107: 0 | K107: 0 | L107: 0 | M107: 0 | N107: 0 | O107: 0 | P107: 0 | Q107: 0 | R107: 0 | S107: 0 | T107: 0 | U107: 1 | V107: 0 | W107: 0 | X107: 0 | Y107: =SUM(E107:X107) -> 1
Y108: =SUM(E108:X108) -> 0
Y109: =SUM(E109:X109) -> 0
Y110: =SUM(E110:X110) -> 0
Y111: =SUM(E111:X111) -> 0
Y112: =SUM(E112:X112) -> 0
Y113: =SUM(E113:X113) -> 0
Y114: =SUM(E114:X114) -> 0
A115: B | B115: JUMLAH SUARA SAH PARTAI POLITIK DAN CALON (A1 + A2) | E115: =SUM(E105:E114) -> 0 | F115: =SUM(F105:F114) -> 1 | G115: =SUM(G105:G114) -> 0 | H115: =SUM(H105:H114) -> 2 | I115: =SUM(I105:I114) -> 1 | J115: =SUM(J105:J114) -> 0 | K115: =SUM(K105:K114) -> 2 | L115: =SUM(L105:L114) -> 1 | ... Y115: =SUM(Y105:Y114) -> 15
A117: A.1 | B117: 7. | C117: Partai Gelombang Rakyat Indonesia | E117: 0 | F117: 2 | G117: 2 | H117: 2 | I117: 0 | J117: 3 | K117: 1 | L117: 1 | M117: 1 | N117: 1 | O117: 1 | P117: 2 | Q117: 0 | R117: 1 | S117: 1 | T117: 1 | U117: 1 | V117: 3 | W117: 1 | X117: 0 | Y117: =SUM(E117:X117) -> 24
...

Sheet ALASBULUH
C2: Kecamatan | D2: WONGSOREJO
C3: Kabupaten | D3: BANYUWANGI
C4: Provinsi | D4: JAWA TIMUR
C9: Kelurahan | D9: ALASBULUH
A12: I | B12: DATA PEMILIH DAN PENGGUNAAN HAK PILIH | AG12: JUMLAH AKHIR
A13: A | B13: DATA PEMILIH | E13: TPS 001 | F13: TPS 002 | G13: TPS 003 | H13: TPS 004 | I13: TPS 005 | J13: TPS 006 | K13: TPS 007 | L13: TPS 008 | M13: TPS 009 | N13: TPS 010 | O13: TPS 011 | P13: TPS 012 | Q13: TPS 013 | R13: TPS 014 | S13: TPS 015 | T13: TPS 016 | U13: TPS 017 | V13: TPS 018 | W13: TPS 019 | X13: TPS 020 | Y13: TPS 021 | Z13: TPS 022 | AA13: TPS 023 | AB13: TPS 024 | AC13: TPS 025 | AD13: TPS 026 | AE13: TPS 027 | AF13: TPS 028
B14: Jumlah Pemilih dalam Daftar Pemilih Tetap (DPT) | D14: LK | E14: 152 | F14: 132 | G14: 152 | H14: 172 | I14: 136 | J14: 167 | K14: 143 | L14: 151 | M14: 160 | N14: 142 | O14: 147 | P14: 140 | Q14: 116 | R14: 134 | S14: 135 | T14: 154 | U14: 129 | V14: 155 | W14: 147 | X14: 147 | Y14: 128 | Z14: 123 | AA14: 151 | AB14: 115 | AC14: 135 | AD14: 141 | AE14: 118 | AF14: 124 | AG14: =SUM(E14:AF14) -> 3946
D15: PR | E15: 145 | F15: 168 | G15: 145 | H15: 127 | I15: 163 | J15: 130 | K15: 156 | L15: 148 | M15: 139 | N15: 157 | O15: 139 | P15: 154 | Q15: 126 | R15: 151 | S15: 145 | T15: 143 | U15: 133 | V15: 142 | W15: 152 | X15: 153 | Y15: 141 | Z15: 120 | AA15: 149 | AB15: 100 | AC15: 145 | AD15: 137 | AE15: 120 | AF15: 141 | AG15: =SUM(E15:AF15) -> 3969
D16: JML | E16: =SUM(E14:E15) -> 297 | F16: =SUM(F14:F15) -> 300 | G16: =SUM(G14:G15) -> 297 | H16: =SUM(H14:H15) -> 299 | I16: =SUM(I14:I15) -> 299 | J16: =SUM(J14:J15) -> 297 | K16: =SUM(K14:K15) -> 299 | L16: =SUM(L14:L15) -> 299 | ... AF16: =SUM(AF14:AF15) -> 265 | AG16: =SUM(E16:AF16) -> 7915
A18: B | B18: PENGGUNA HAK PILIH
B19: 1. | C19: Jumlah pengguna hak pilih dalam Daftar Pemilih Tetap (DPT) | D19: LK | E19: 109 | F19: 86 | G19: 113 | H19: 126 | I19: 83 | J19: 116 | K19: 93 | L19: 97 | M19: 125 | N19: 109 | O19: 111 | P19: 118 | Q19: 85 | R19: 101 | S19: 97 | T19: 98 | U19: 99 | V19: 104 | W19: 93 | X19: 124 | Y19: 104 | Z19: 89 | AA19: 101 | AB19: 92 | AC19: 113 | AD19: 104 | AE19: 101 | AF19: 85 | AG19: =SUM(E19:AF19) -> 2876
D20: PR | E20: 106 | F20: 120 | G20: 99 | H20: 104 | I20: 137 | J20: 101 | K20: 110 | L20: 127 | M20: 122 | N20: 137 | O20: 109 | P20: 126 | Q20: 94 | R20: 115 | S20: 101 | T20: 92 | U20: 98 | V20: 98 | W20: 117 | X20: 124 | Y20: 110 | Z20: 92 | AA20: 115 | AB20: 87 | AC20: 120 | AD20: 122 | AE20: 97 | AF20: 102 | AG20: =SUM(E20:AF20) -> 3082
D21: JML | E21: =SUM(E19:E20) -> 215 | F21: =SUM(F19:F20) -> 206 | G21: =SUM(G19:G20) -> 212 | H21: =SUM(H19:H20) -> 230 | I21: =SUM(I19:I20) -> 220 | J21: =SUM(J19:J20) -> 217 | K21: =SUM(K19:K20) -> 203 | L21: =SUM(L19:L20) -> 224 | ... AF21: =SUM(AF19:AF20) -> 187 | AG21: =SUM(E21:AF21) -> 5958
B22: 2. | C22: Jumlah pengguna hak pilih dalam Daftar Pemilih Tambahan (DPTb) | D22: LK | E22: 0 | F22: 1 | G22: 0 | H22: 0 | I22: 0 | J22: 0 | K22: 1 | L22: 0 | M22: 0 | N22: 0 | O22: 0 | P22: 0 | Q22: 0 | R22: 0 | S22: 0 | T22: 0 | U22: 0 | V22: 0 | W22: 0 | X22: 0 | Y22: 0 | Z22: 0 | AA22: 0 | AB22: 0 | AC22: 0 | AD22: 0 | AE22: 1 | AF22: 0 | AG22: =SUM(E22:AF22) -> 3
D23: PR | E23: 0 | F23: 1 | G23: 0 | H23: 0 | I23: 0 | J23: 0 | K23: 0 | L23: 0 | M23: 0 | N23: 0 | O23: 0 | P23: 0 | Q23: 0 | R23: 0 | S23: 0 | T23: 0 | U23: 0 | V23: 0 | W23: 0 | X23: 0 | Y23: 0 | Z23: 0 | AA23: 0 | AB23: 0 | AC23: 0 | AD23: 0 | AE23: 0 | AF23: 0 | AG23: =SUM(E23:AF23) -> 1
D24: JML | E24: =SUM(E22:E23) -> 0 | F24: =SUM(F22:F23) -> 2 | G24: =SUM(G22:G23) -> 0 | H24: =SUM(H22:H23) -> 0 | I24: =SUM(I22:I23) -> 0 | J24: =SUM(J22:J23) -> 0 | K24: =SUM(K22:K23) -> 1 | L24: =SUM(L22:L23) -> 0 | ... AF24: =SUM(AF22:AF23) -> 0 | AG24: =SUM(E24:AF24) -> 4
B25: 3. | C25: Jumlah pengguna hak pilih dalam Daftar Pemilih Khusus (DPK) | D25: LK | E25: 0 | F25: 0 | G25: 0 | H25: 0 | I25: 0 | J25: 0 | K25: 0 | L25: 0 | M25: 0 | N25: 0 | O25: 0 | P25: 0 | Q25: 1 | R25: 0 | S25: 0 | T25: 0 | U25: 0 | V25: 0 | W25: 0 | X25: 0 | Y25: 6 | Z25: 0 | AA25: 0 | AB25: 0 | AC25: 0 | AD25: 0 | AE25: 0 | AF25: 8 | AG25: =SUM(E25:AF25) -> 15
D26: PR | E26: 0 | F26: 0 | G26: 0 | H26: 0 | I26: 0 | J26: 0 | K26: 0 | L26: 0 | M26: 0 | N26: 0 | O26: 0 | P26: 0 | Q26: 2 | R26: 0 | S26: 0 | T26: 0 | U26: 0 | V26: 0 | W26: 0 | X26: 0 | Y26: 10 | Z26: 0 | AA26: 0 | AB26: 0 | AC26: 0 | AD26: 0 | AE26: 0 | AF26: 6 | AG26: =SUM(E26:AF26) -> 18
D27: JML | E27: =SUM(E25:E26) -> 0 | F27: =SUM(F25:F26) -> 0 | G27: =SUM(G25:G26) -> 0 | H27: =SUM(H25:H26) -> 0 | I27: =SUM(I25:I26) -> 0 | J27: =SUM(J25:J26) -> 0 | K27: =SUM(K25:K26) -> 0 | L27: =SUM(L25:L26) -> 0 | ... AF27: =SUM(AF25:AF26) -> 14 | AG27: =SUM(E27:AF27) -> 33
B28: 4. | C28: Jumlah Pengguna Hak Pilih (B.1+B.2+B.3) | D28: LK | E28: =SUM(E19,E22,E25) -> 109 | F28: =SUM(F19,F22,F25) -> 87 | G28: =SUM(G19,G22,G25) -> 113 | H28: =SUM(H19,H22,H25) -> 126 | I28: =SUM(I19,I22,I25) -> 83 | J28: =SUM(J19,J22,J25) -> 116 | K28: =SUM(K19,K22,K25) -> 94 | L28: =SUM(L19,L22,L25) -> 97 | ... AF28: =SUM(AF19,AF22,AF25) -> 93 | AG28: =SUM(E28:AF28) -> 2894
D29: PR | E29: =SUM(E20,E23,E26) -> 106 | F29: =SUM(F20,F23,F26) -> 121 | G29: =SUM(G20,G23,G26) -> 99 | H29: =SUM(H20,H23,H26) -> 104 | I29: =SUM(I20,I23,I26) -> 137 | J29: =SUM(J20,J23,J26) -> 101 | K29: =SUM(K20,K23,K26) -> 110 | L29: =SUM(L20,L23,L26) -> 127 | ... AF29: =SUM(AF20,AF23,AF26) -> 108 | AG29: =SUM(E29:AF29) -> 3101
D30: JML | E30: =SUM(E28:E29) -> 215 | F30: =SUM(F28:F29) -> 208 | G30: =SUM(G28:G29) -> 212 | H30: =SUM(H28:H29) -> 230 | I30: =SUM(I28:I29) -> 220 | J30: =SUM(J28:J29) -> 217 | K30: =SUM(K28:K29) -> 204 | L30: =SUM(L28:L29) -> 224 | ... AF30: =SUM(AF28:AF29) -> 201 | AG30: =SUM(E30:AF30) -> 5995
A32: II | B32: DATA PENGGUNAAN SURAT SUARA
A33: 1 | B33: Jumlah surat suara yang diterima, termasuk surat suara cadangan 2,5% dari DPT | E33: 303 | F33: 306 | G33: 295 | H33: 305 | I33: 305 | J33: 303 | K33: 305 | L33: 305 | M33: 305 | N33: 305 | O33: 292 | P33: 300 | Q33: 247 | R33: 291 | S33: 286 | T33: 303 | U33: 268 | V33: 303 | W33: 305 | X33: 306 | Y33: 275 | Z33: 248 | AA33: 306 | AB33: 220 | AC33: 286 | AD33: 284 | AE33: 243 | AF33: 271 | AG33: =SUM(E33:AF33) -> 8071
A34: 2 | B34: Jumlah surat suara yang digunakan | E34: 215 | F34: 208 | G34: 212 | H34: 230 | I34: 220 | J34: 217 | K34: 204 | L34: 224 | M34: 247 | N34: 246 | O34: 220 | P34: 244 | Q34: 182 | R34: 216 | S34: 198 | T34: 190 | U34: 197 | V34: 202 | W34: 210 | X34: 248 | Y34: 230 | Z34: 181 | AA34: 216 | AB34: 179 | AC34: 233 | AD34: 226 | AE34: 199 | AF34: 201 | AG34: =SUM(E34:AF34) -> 5995
A35: 3 | B35: Jumlah surat suara dikembalikan oleh pemilih (karena rusak atau keliru coblos) | E35: 1 | F35: 0 | G35: 1 | H35: 0 | I35: 0 | J35: 1 | K35: 3 | L35: 0 | M35: 0 | N35: 0 | O35: 0 | P35: 0 | Q35: 0 | R35: 0 | S35: 0 | T35: 0 | U35: 0 | V35: 0 | W35: 0 | X35: 0 | Y35: 0 | Z35: 0 | AA35: 0 | AB35: 0 | AC35: 10 | AD35: 1 | AE35: 0 | AF35: 0 | AG35: =SUM(E35:AF35) -> 17
A36: 4 | B36: Jumlah surat suara yang tidak digunakan/tidak terpakai, termasuk sisa surat suara cadangan | E36: =E33-(E34+E35) -> 87 | F36: =F33-(F34+F35) -> 98 | G36: =G33-(G34+G35) -> 82 | H36: =H33-(H34+H35) -> 75 | I36: =I33-(I34+I35) -> 85 | J36: =J33-(J34+J35) -> 85 | K36: =K33-(K34+K35) -> 98 | L36: =L33-(L34+L35) -> 81 | ... AF36: =AF33-(AF34+AF35) -> 70 | AG36: =SUM(E36:AF36) -> 2059
A38: III | B38: DATA PEMILIH DISABILITAS
B39: Jumlah seluruh Pemilih disabilitas yang menggunakan hak pilih | D39: LK | E39: 0 | F39: 0 | G39: 0 | H39: 0 | I39: 0 | J39: 0 | K39: 0 | L39: 0 | M39: 0 | N39: 0 | O39: 0 | P39: 0 | Q39: 0 | R39: 0 | S39: 0 | T39: 0 | U39: 0 | V39: 0 | W39: 0 | X39: 0 | Y39: 0 | Z39: 0 | AA39: 0 | AB39: 0 | AC39: 0 | AD39: 0 | AE39: 0 | AF39: 0 | AG39: =SUM(E39:AF39) -> 0
D40: PR | E40: 0 | F40: 0 | G40: 0 | H40: 0 | I40: 0 | J40: 0 | K40: 0 | L40: 0 | M40: 0 | N40: 0 | O40: 0 | P40: 0 | Q40: 0 | R40: 0 | S40: 0 | T40: 0 | U40: 0 | V40: 0 | W40: 0 | X40: 0 | Y40: 0 | Z40: 0 | AA40: 2 | AB40: 0 | AC40: 0 | AD40: 0 | AE40: 0 | AF40: 0 | AG40: =SUM(E40:AF40) -> 2
D41: JML | E41: =SUM(E39:E40) -> 0 | F41: =SUM(F39:F40) -> 0 | G41: =SUM(G39:G40) -> 0 | H41: =SUM(H39:H40) -> 0 | I41: =SUM(I39:I40) -> 0 | J41: =SUM(J39:J40) -> 0 | K41: =SUM(K39:K40) -> 0 | L41: =SUM(L39:L40) -> 0 | ... AF41: =SUM(AF39:AF40) -> 0 | AG41: =SUM(E41:AF41) -> 2
A43: IV | B43: DATA RINCIAN PEROLEHAN SUARA PASANGAN CALON BUPATI DAN WAKIL BUPATI
A44: NOMOR DAN NAMA CALON
A45: A.1 | B45: 1. | C45: Partai Kebangkitan Bangsa | E45: 13 | F45: 8 | G45: 5 | H45: 9 | I45: 13 | J45: 5 | K45: 30 | L45: 15 | M45: 17 | N45: 9 | O45: 18 | P45: 20 | Q45: 17 | R45: 10 | S45: 5 | T45: 8 | U45: 12 | V45: 24 | W45: 26 | X45: 16 | Y45: 7 | Z45: 23 | AA45: 16 | AB45: 3 | AC45: 6 | AD45: 9 | AE45: 10 | AF45: 14 | AG45: =SUM(E45:AF45) -> 368
A46: A.2 | C46: 1. Dra. Hj. MA`MULAH HARUN, M.Pd.I. | E46: 19 | F46: 6 | G46: 7 | H46: 5 | I46: 16 | J46: 15 | K46: 16 | L46: 43 | M46: 24 | N46: 12 | O46: 22 | P46: 24 | Q46: 12 | R46: 11 | S46: 14 | T46: 8 | U46: 18 | V46: 14 | W46: 12 | X46: 16 | Y46: 9 | Z46: 8 | AA46: 10 | AB46: 11 | AC46: 6 | AD46: 13 | AE46: 19 | AF46: 16 | AG46: =SUM(E46:AF46) -> 406
C47: 2. UBAIDILLAH, S.Fil.I. | E47: 0 | F47: 5 | G47: 7 | H47: 4 | I47: 9 | J47: 8 | K47: 5 | L47: 8 | M47: 25 | N47: 18 | O47: 13 | P47: 15 | Q47: 2 | R47: 5 | S47: 4 | T47: 8 | U47: 8 | V47: 15 | W47: 17 | X47: 14 | Y47: 11 | Z47: 12 | AA47: 5 | AB47: 6 | AC47: 56 | AD47: 14 | AE47: 46 | AF47: 11 | AG47: =SUM(E47:AF47) -> 351
C48: 3. Ir. H. YOYOK MULYADI, M.Si. | E48: 11 | F48: 4 | G48: 3 | H48: 13 | I48: 4 | J48: 14 | K48: 13 | L48: 25 | M48: 6 | N48: 3 | O48: 6 | P48: 19 | Q48: 0 | R48: 3 | S48: 9 | T48: 3 | U48: 10 | V48: 15 | W48: 5 | X48: 5 | Y48: 0 | Z48: 6 | AA48: 7 | AB48: 7 | AC48: 4 | AD48: 14 | AE48: 4 | AF48: 5 | AG48: =SUM(E48:AF48) -> 218
C49: 4. KHOIRUL ANWAR, S.Fil.I. | E49: 1 | F49: 2 | G49: 0 | H49: 1 | I49: 2 | J49: 5 | K49: 3 | L49: 1 | M49: 5 | N49: 0 | O49: 2 | P49: 0 | Q49: 2 | R49: 0 | S49: 0 | T49: 2 | U49: 2 | V49: 5 | W49: 4 | X49: 1 | Y49: 0 | Z49: 1 | AA49: 0 | AB49: 0 | AC49: 3 | AD49: 2 | AE49: 2 | AF49: 1 | AG49: =SUM(E49:AF49) -> 47
C50: 5. ARIF WIJAKSANA | E50: 1 | F50: 0 | G50: 0 | H50: 0 | I50: 1 | J50: 1 | K50: 0 | L50: 0 | M50: 1 | N50: 0 | O50: 1 | P50: 1 | Q50: 1 | R50: 0 | S50: 0 | T50: 0 | U50: 2 | V50: 0 | W50: 1 | X50: 3 | Y50: 0 | Z50: 2 | AA50: 0 | AB50: 0 | AC50: 0 | AD50: 1 | AE50: 0 | AF50: 0 | AG50: =SUM(E50:AF50) -> 16
C51: 6. Dr. SITI YUMNAH | E51: 1 | F51: 2 | G51: 1 | H51: 2 | I51: 0 | J51: 0 | K51: 0 | L51: 0 | M51: 2 | N51: 0 | O51: 1 | P51: 0 | Q51: 0 | R51: 0 | S51: 0 | T51: 1 | U51: 0 | V51: 0 | W51: 1 | X51: 0 | Y51: 0 | Z51: 0 | AA51: 0 | AB51: 0 | AC51: 1 | AD51: 0 | AE51: 3 | AF51: 0 | AG51: =SUM(E51:AF51) -> 15
C52: 7. MOHAMMAD ZAINI, M.Pd.I. | E52: 1 | F52: 2 | G52: 0 | H52: 1 | I52: 2 | J52: 1 | K52: 1 | L52: 2 | M52: 0 | N52: 0 | O52: 2 | P52: 1 | Q52: 1 | R52: 4 | S52: 2 | T52: 1 | U52: 0 | V52: 1 | W52: 1 | X52: 1 | Y52: 1 | Z52: 0 | AA52: 0 | AB52: 1 | AC52: 0 | AD52: 1 | AE52: 0 | AF52: 1 | AG52: =SUM(E52:AF52) -> 28
C53: 8. FAWAIDUL MAKKIYAH | E53: 1 | F53: 0 | G53: 0 | H53: 0 | I53: 0 | J53: 1 | K53: 1 | L53: 0 | M53: 0 | N53: 0 | O53: 1 | P53: 0 | Q53: 1 | R53: 1 | S53: 0 | T53: 2 | U53: 1 | V53: 1 | W53: 0 | X53: 0 | Y53: 1 | Z53: 0 | AA53: 0 | AB53: 0 | AC53: 0 | AD53: 1 | AE53: 1 | AF53: 0 | AG53: =SUM(E53:AF53) -> 13
C54: 9. IFFAH HIDAYATUR ROHMAH, S.Sos. | E54: 0 | F54: 0 | G54: 0 | H54: 0 | I54: 0 | J54: 0 | K54: 1 | L54: 0 | M54: 0 | N54: 0 | O54: 1 | P54: 0 | Q54: 0 | R54: 1 | S54: 0 | T54: 1 | U54: 1 | V54: 1 | W54: 0 | X54: 1 | Y54: 0 | Z54: 0 | AA54: 1 | AB54: 0 | AC54: 0 | AD54: 1 | AE54: 0 | AF54: 1 | AG54: =SUM(E54:AF54) -> 10
A55: B | B55: JUMLAH SUARA SAH PARTAI POLITIK DAN CALON (A1 + A2) | E55: =SUM(E45:E54) -> 48 | F55: =SUM(F45:F54) -> 29 | G55: =SUM(G45:G54) -> 23 | H55: =SUM(H45:H54) -> 35 | I55: =SUM(I45:I54) -> 47 | J55: =SUM(J45:J54) -> 50 | K55: =SUM(K45:K54) -> 70 | L55: =SUM(L45:L54) -> 94 | ... AG55: =SUM(AG45:AG54) -> 1472
A57: A.1 | B57: 2. | C57: Partai Gerakan Indonesia Raya | E57: 26 | F57: 20 | G57: 14 | H57: 11 | I57: 14 | J57: 12 | K57: 7 | L57: 10 | M57: 10 | N57: 7 | O57: 13 | P57: 12 | Q57: 8 | R57: 17 | S57: 10 | T57: 14 | U57: 16 | V57: 19 | W57: 19 | X57: 8 | Y57: 21 | Z57: 22 | AA57: 10 | AB57: 3 | AC57: 8 | AD57: 12 | AE57: 8 | AF57: 23 | AG57: =SUM(E57:AF57) -> 374
A58: A.2 | C58: 1. AHMAD HADINUDDIN, S.Pd.I. | E58: 12 | F58: 6 | G58: 11 | H58: 6 | I58: 5 | J58: 8 | K58: 4 | L58: 6 | M58: 7 | N58: 5 | O58: 3 | P58: 6 | Q58: 5 | R58: 6 | S58: 2 | T58: 6 | U58: 10 | V58: 4 | W58: 7 | X58: 3 | Y58: 2 | Z58: 7 | AA58: 8 | AB58: 5 | AC58: 8 | AD58: 12 | AE58: 9 | AF58: 8 | AG58: =SUM(E58:AF58) -> 181
C59: 2. BIMA RAFSANJANI RAFID | E59: 24 | F59: 61 | G59: 69 | H59: 27 | I59: 39 | J59: 39 | K59: 17 | L59: 34 | M59: 11 | N59: 29 | O59: 37 | P59: 25 | Q59: 50 | R59: 65 | S59: 17 | T59: 29 | U59: 33 | V59: 20 | W59: 56 | X59: 29 | Y59: 32 | Z59: 20 | AA59: 47 | AB59: 22 | AC59: 15 | AD59: 46 | AE59: 35 | AF59: 24 | AG59: =SUM(E59:AF59) -> 952
C60: 3. IRA DAMAYANTI | E60: 2 | F60: 3 | G60: 5 | H60: 4 | I60: 3 | J60: 0 | K60: 1 | L60: 2 | M60: 0 | N60: 2 | O60: 5 | P60: 1 | Q60: 0 | R60: 0 | S60: 5 | T60: 3 | U60: 4 | V60: 2 | W60: 2 | X60: 4 | Y60: 1 | Z60: 1 | AA60: 1 | AB60: 0 | AC60: 1 | AD60: 2 | AE60: 1 | AF60: 1 | AG60: =SUM(E60:AF60) -> 56
C61: 4. MAULANA MALIK IBRAHIM, S.H. | E61: 4 | F61: 1 | G61: 5 | H61: 5 | I61: 3 | J61: 1 | K61: 0 | L61: 0 | M61: 2 | N61: 2 | O61: 1 | P61: 0 | Q61: 2 | R61: 0 | S61: 37 | T61: 7 | U61: 6 | V61: 2 | W61: 1 | X61: 7 | Y61: 0 | Z61: 0 | AA61: 1 | AB61: 2 | AC61: 0 | AD61: 3 | AE61: 1 | AF61: 1 | AG61: =SUM(E61:AF61) -> 94
C62: 5. LULUK ALFIATI | E62: 0 | F62: 2 | G62: 1 | H62: 0 | I62: 0 | J62: 0 | K62: 0 | L62: 0 | M62: 2 | N62: 2 | O62: 2 | P62: 1 | Q62: 0 | R62: 2 | S62: 1 | T62: 0 | U62: 1 | V62: 0 | W62: 2 | X62: 1 | Y62: 0 | Z62: 0 | AA62: 1 | AB62: 2 | AC62: 0 | AD62: 0 | AE62: 2 | AF62: 0 | AG62: =SUM(E62:AF62) -> 22
C63: 6. ILHAM WAHYUDI, S.H. | E63: 0 | F63: 0 | G63: 0 | H63: 0 | I63: 1 | J63: 0 | K63: 0 | L63: 0 | M63: 0 | N63: 0 | O63: 0 | P63: 0 | Q63: 0 | R63: 0 | S63: 0 | T63: 0 | U63: 1 | V63: 0 | W63: 0 | X63: 4 | Y63: 1 | Z63: 0 | AA63: 1 | AB63: 1 | AC63: 0 | AD63: 1 | AE63: 0 | AF63: 0 | AG63: =SUM(E63:AF63) -> 10
C64: 7. HAERUL ANWAR, S.Pd.I. | E64: 0 | F64: 0 | G64: 0 | H64: 0 | I64: 0 | J64: 0 | K64: 0 | L64: 0 | M64: 0 | N64: 0 | O64: 0 | P64: 0 | Q64: 0 | R64: 0 | S64: 0 | T64: 0 | U64: 0 | V64: 0 | W64: 0 | X64: 0 | Y64: 1 | Z64: 0 | AA64: 1 | AB64: 0 | AC64: 0 | AD64: 0 | AE64: 0 | AF64: 0 | AG64: =SUM(E64:AF64) -> 2
C65: 8. YOVI ADHITYA WARDANI | E65: 0 | F65: 0 | G65: 0 | H65: 0 | I65: 1 | J65: 0 | K65: 0 | L65: 0 | M65: 0 | N65: 0 | O65: 1 | P65: 0 | Q65: 0 | R65: 0 | S65: 0 | T65: 0 | U65: 0 | V65: 0 | W65: 0 | X65: 0 | Y65: 0 | Z65: 0 | AA65: 1 | AB65: 2 | AC65: 0 | AD65: 1 | AE65: 0 | AF65: 0 | AG65: =SUM(E65:AF65) -> 6
C66: 9. RITA AMELIA | E66: 0 | F66: 0 | G66: 0 | H66: 0 | I66: 2 | J66: 1 | K66: 0 | L66: 0 | M66: 0 | N66: 1 | O66: 0 | P66: 1 | Q66: 0 | R66: 0 | S66: 0 | T66: 0 | U66: 0 | V66: 0 | W66: 0 | X66: 0 | Y66: 1 | Z66: 0 | AA66: 0 | AB66: 0 | AC66: 0 | AD66: 1 | AE66: 0 | AF66: 0 | AG66: =SUM(E66:AF66) -> 7
A67: B | B67: JUMLAH SUARA SAH PARTAI POLITIK DAN CALON (A1 + A2) | E67: =SUM(E57:E66) -> 68 | F67: =SUM(F57:F66) -> 93 | G67: =SUM(G57:G66) -> 105 | H67: =SUM(H57:H66) -> 53 | I67: =SUM(I57:I66) -> 68 | J67: =SUM(J57:J66) -> 61 | K67: =SUM(K57:K66) -> 29 | L67: =SUM(L57:L66) -> 52 | ... AG67: =SUM(AG57:AG66) -> 1704
A69: A.1 | B69: 3. | C69: Partai Demokrasi Indonesia Perjuangan | E69: 4 | F69: 6 | G69: 4 | H69: 10 | I69: 6 | J69: 8 | K69: 18 | L69: 5 | M69: 20 | N69: 3 | O69: 3 | P69: 6 | Q69: 3 | R69: 1 | S69: 0 | T69: 7 | U69: 6 | V69: 4 | W69: 3 | X69: 8 | Y69: 2 | Z69: 7 | AA69: 6 | AB69: 9 | AC69: 3 | AD69: 2 | AE69: 3 | AF69: 7 | AG69: =SUM(E69:AF69) -> 164
A70: A.2 | C70: 1. MARTIN H., S.H., M.H. | E70: 4 | F70: 5 | G70: 6 | H70: 5 | I70: 2 | J70: 8 | K70: 1 | L70: 2 | M70: 47 | N70: 11 | O70: 1 | P70: 15 | Q70: 1 | R70: 0 | S70: 3 | T70: 2 | U70: 1 | V70: 4 | W70: 5 | X70: 7 | Y70: 4 | Z70: 13 | AA70: 3 | AB70: 8 | AC70: 2 | AD70: 16 | AE70: 1 | AF70: 5 | AG70: =SUM(E70:AF70) -> 182
C71: 2. HERMANTO, S.E. | E71: 1 | F71: 9 | G71: 11 | H71: 28 | I71: 5 | J71: 10 | K71: 24 | L71: 5 | M71: 6 | N71: 3 | O71: 5 | P71: 0 | Q71: 1 | R71: 1 | S71: 3 | T71: 7 | U71: 11 | V71: 1 | W71: 0 | X71: 5 | Y71: 0 | Z71: 2 | AA71: 2 | AB71: 1 | AC71: 0 | AD71: 2 | AE71: 2 | AF71: 1 | AG71: =SUM(E71:AF71) -> 146
C72: 3. EVY SUSILAWATI, S.E., M.M. | E72: 6 | F72: 4 | G72: 2 | H72: 3 | I72: 1 | J72: 1 | K72: 2 | L72: 3 | M72: 2 | N72: 2 | O72: 1 | P72: 1 | Q72: 0 | R72: 0 | S72: 1 | T72: 0 | U72: 2 | V72: 0 | W72: 1 | X72: 4 | Y72: 0 | Z72: 2 | AA72: 2 | AB72: 3 | AC72: 0 | AD72: 0 | AE72: 0 | AF72: 2 | AG72: =SUM(E72:AF72) -> 45
C73: 4. M. SIROTTUDIN | E73: 20 | F73: 8 | G73: 8 | H73: 5 | I73: 7 | J73: 3 | K73: 0 | L73: 1 | M73: 0 | N73: 4 | O73: 0 | P73: 3 | Q73: 2 | R73: 1 | S73: 2 | T73: 5 | U73: 3 | V73: 0 | W73: 0 | X73: 20 | Y73: 1 | Z73: 3 | AA73: 0 | AB73: 4 | AC73: 0 | AD73: 3 | AE73: 5 | AF73: 2 | AG73: =SUM(E73:AF73) -> 110
C74: 5. ABDUL HAFID, S.H. | E74: 1 | F74: 2 | G74: 1 | H74: 1 | I74: 2 | J74: 1 | K74: 0 | L74: 1 | M74: 0 | N74: 0 | O74: 0 | P74: 0 | Q74: 0 | R74: 0 | S74: 0 | T74: 0 | U74: 0 | V74: 1 | W74: 0 | X74: 1 | Y74: 1 | Z74: 0 | AA74: 0 | AB74: 2 | AC74: 0 | AD74: 2 | AE74: 1 | AF74: 1 | AG74: =SUM(E74:AF74) -> 18
C75: 6. NIKITA FORTUNA SURYANINGATI, A.Md.Keb. | E75: 1 | F75: 0 | G75: 0 | H75: 0 | I75: 0 | J75: 0 | K75: 0 | L75: 2 | M75: 2 | N75: 0 | O75: 0 | P75: 0 | Q75: 1 | R75: 0 | S75: 0 | T75: 0 | U75: 0 | V75: 0 | W75: 1 | X75: 1 | Y75: 0 | Z75: 0 | AA75: 0 | AB75: 1 | AC75: 0 | AD75: 0 | AE75: 0 | AF75: 1 | AG75: =SUM(E75:AF75) -> 10
C76: 7. YUDHO ILHAM WIJAYA, S.E. | E76: 0 | F76: 0 | G76: 0 | H76: 1 | I76: 2 | J76: 1 | K76: 2 | L76: 1 | M76: 0 | N76: 0 | O76: 0 | P76: 0 | Q76: 0 | R76: 0 | S76: 1 | T76: 0 | U76: 3 | V76: 1 | W76: 0 | X76: 1 | Y76: 0 | Z76: 0 | AA76: 2 | AB76: 3 | AC76: 0 | AD76: 0 | AE76: 1 | AF76: 0 | AG76: =SUM(E76:AF76) -> 19
C77: 8. SETIAWATI, S.H. | E77: 1 | F77: 0 | G77: 0 | H77: 0 | I77: 1 | J77: 0 | K77: 0 | L77: 0 | M77: 0 | N77: 1 | O77: 0 | P77: 1 | Q77: 0 | R77: 0 | S77: 2 | T77: 0 | U77: 0 | V77: 0 | W77: 0 | X77: 0 | Y77: 0 | Z77: 0 | AA77: 0 | AB77: 0 | AC77: 0 | AD77: 0 | AE77: 0 | AF77: 0 | AG77: =SUM(E77:AF77) -> 6
C78: 9. EKO BUDI SANTOSO, S.H. | E78: 1 | F78: 0 | G78: 1 | H78: 0 | I78: 1 | J78: 1 | K78: 1 | L78: 0 | M78: 0 | N78: 0 | O78: 0 | P78: 1 | Q78: 0 | R78: 0 | S78: 1 | T78: 0 | U78: 0 | V78: 0 | W78: 0 | X78: 0 | Y78: 0 | Z78: 0 | AA78: 0 | AB78: 2 | AC78: 1 | AD78: 0 | AE78: 0 | AF78: 1 | AG78: =SUM(E78:AF78) -> 11
A79: B | B79: JUMLAH SUARA SAH PARTAI POLITIK DAN CALON (A1 + A2) | E79: =SUM(E69:E78) -> 39 | F79: =SUM(F69:F78) -> 34 | G79: =SUM(G69:G78) -> 33 | H79: =SUM(H69:H78) -> 53 | I79: =SUM(I69:I78) -> 27 | J79: =SUM(J69:J78) -> 33 | K79: =SUM(K69:K78) -> 48 | L79: =SUM(L69:L78) -> 20 | ... AG79: =SUM(AG69:AG78) -> 711
A81: A.1 | B81: 4. | C81: Partai Golongan Karya | E81: 1 | F81: 3 | G81: 1 | H81: 13 | I81: 12 | J81: 9 | K81: 4 | L81: 8 | M81: 9 | N81: 2 | O81: 3 | P81: 2 | Q81: 1 | R81: 1 | S81: 4 | T81: 7 | U81: 4 | V81: 5 | W81: 1 | X81: 5 | Y81: 2 | Z81: 3 | AA81: 0 | AB81: 2 | AC81: 2 | AD81: 4 | AE81: 2 | AF81: 3 | AG81: =SUM(E81:AF81) -> 113
A82: A.2 | C82: 1. PRANAYA YUDHA MAHARDHIKA | E82: 3 | F82: 3 | G82: 3 | H82: 13 | I82: 24 | J82: 10 | K82: 3 | L82: 1 | M82: 1 | N82: 0 | O82: 2 | P82: 1 | Q82: 0 | R82: 1 | S82: 0 | T82: 4 | U82: 6 | V82: 8 | W82: 0 | X82: 0 | Y82: 12 | Z82: 4 | AA82: 4 | AB82: 0 | AC82: 66 | AD82: 1 | AE82: 5 | AF82: 0 | AG82: =SUM(E82:AF82) -> 175
C83: 2. Dra. Ec. ENDANG SULASTUTY, M.I.P. | E83: 1 | F83: 3 | G83: 6 | H83: 24 | I83: 2 | J83: 6 | K83: 4 | L83: 4 | M83: 1 | N83: 2 | O83: 0 | P83: 0 | Q83: 0 | R83: 0 | S83: 0 | T83: 0 | U83: 0 | V83: 0 | W83: 1 | X83: 1 | Y83: 2 | Z83: 2 | AA83: 0 | AB83: 0 | AC83: 1 | AD83: 1 | AE83: 1 | AF83: 3 | AG83: =SUM(E83:AF83) -> 65
C84: 3. AGUS REJEKI WARTONO | E84: 0 | F84: 0 | G84: 1 | H84: 2 | I84: 0 | J84: 2 | K84: 3 | L84: 1 | M84: 0 | N84: 0 | O84: 0 | P84: 3 | Q84: 0 | R84: 0 | S84: 1 | T84: 2 | U84: 0 | V84: 0 | W84: 0 | X84: 1 | Y84: 2 | Z84: 0 | AA84: 0 | AB84: 0 | AC84: 0 | AD84: 0 | AE84: 0 | AF84: 0 | AG84: =SUM(E84:AF84) -> 18
C85: 4. Hj. TUTUK ASMA'A ZUCHROH, S.T., M.T. | E85: 2 | F85: 0 | G85: 2 | H85: 4 | I85: 2 | J85: 0 | K85: 1 | L85: 2 | M85: 1 | N85: 0 | O85: 1 | P85: 0 | Q85: 1 | R85: 2 | S85: 0 | T85: 1 | U85: 1 | V85: 2 | W85: 1 | X85: 2 | Y85: 1 | Z85: 0 | AA85: 1 | AB85: 0 | AC85: 0 | AD85: 0 | AE85: 0 | AF85: 2 | AG85: =SUM(E85:AF85) -> 29
C86: 5. ADE M. RIZKI, S.E. | E86: 0 | F86: 0 | G86: 0 | H86: 0 | I86: 0 | J86: 0 | K86: 0 | L86: 0 | M86: 0 | N86: 0 | O86: 0 | P86: 0 | Q86: 0 | R86: 0 | S86: 0 | T86: 0 | U86: 0 | V86: 0 | W86: 0 | X86: 0 | Y86: 0 | Z86: 0 | AA86: 0 | AB86: 0 | AC86: 0 | AD86: 0 | AE86: 0 | AF86: 2 | AG86: =SUM(E86:AF86) -> 2
C87: 6. ABDURAKHMAN, Bc.Kn. | E87: 0 | F87: 0 | G87: 0 | H87: 1 | I87: 0 | J87: 0 | K87: 0 | L87: 0 | M87: 0 | N87: 1 | O87: 0 | P87: 0 | Q87: 1 | R87: 0 | S87: 1 | T87: 0 | U87: 0 | V87: 0 | W87: 0 | X87: 0 | Y87: 0 | Z87: 0 | AA87: 0 | AB87: 0 | AC87: 0 | AD87: 0 | AE87: 0 | AF87: 0 | AG87: =SUM(E87:AF87) -> 4
C88: 7. CENDY RHIYAN ADI PUTRI | E88: 0 | F88: 0 | G88: 0 | H88: 1 | I88: 0 | J88: 0 | K88: 0 | L88: 0 | M88: 1 | N88: 0 | O88: 1 | P88: 0 | Q88: 0 | R88: 0 | S88: 0 | T88: 1 | U88: 0 | V88: 0 | W88: 0 | X88: 0 | Y88: 0 | Z88: 0 | AA88: 1 | AB88: 0 | AC88: 0 | AD88: 0 | AE88: 0 | AF88: 0 | AG88: =SUM(E88:AF88) -> 5
C89: 8. BAKTI WIJAYANTO, S.E. | E89: 0 | F89: 0 | G89: 0 | H89: 0 | I89: 0 | J89: 0 | K89: 0 | L89: 1 | M89: 0 | N89: 0 | O89: 0 | P89: 0 | Q89: 0 | R89: 0 | S89: 0 | T89: 0 | U89: 0 | V89: 0 | W89: 0 | X89: 0 | Y89: 0 | Z89: 0 | AA89: 0 | AB89: 0 | AC89: 0 | AD89: 0 | AE89: 0 | AF89: 0 | AG89: =SUM(E89:AF89) -> 1
C90: 9. AHMAD UBAIDILLAH | E90: 0 | F90: 0 | G90: 1 | H90: 1 | I90: 0 | J90: 0 | K90: 0 | L90: 0 | M90: 0 | N90: 0 | O90: 0 | P90: 0 | Q90: 0 | R90: 0 | S90: 0 | T90: 1 | U90: 1 | V90: 0 | W90: 0 | X90: 0 | Y90: 0 | Z90: 0 | AA90: 1 | AB90: 0 | AC90: 0 | AD90: 0 | AE90: 0 | AF90: 2 | AG90: =SUM(E90:AF90) -> 7
A91: B | B91: JUMLAH SUARA SAH PARTAI POLITIK DAN CALON (A1 + A2) | E91: =SUM(E81:E90) -> 7 | F91: =SUM(F81:F90) -> 9 | G91: =SUM(G81:G90) -> 14 | H91: =SUM(H81:H90) -> 59 | I91: =SUM(I81:I90) -> 40 | J91: =SUM(J81:J90) -> 27 | K91: =SUM(K81:K90) -> 15 | L91: =SUM(L81:L90) -> 17 | ... AG91: =SUM(AG81:AG90) -> 419
A93: A.1 | B93: 5. | C93: Partai NasDem | E93: 0 | F93: 2 | G93: 0 | H93: 0 | I93: 0 | J93: 1 | K93: 2 | L93: 0 | M93: 0 | N93: 1 | O93: 0 | P93: 2 | Q93: 1 | R93: 0 | S93: 1 | T93: 4 | U93: 0 | V93: 2 | W93: 0 | X93: 1 | Y93: 7 | Z93: 6 | AA93: 1 | AB93: 2 | AC93: 0 | AD93: 4 | AE93: 1 | AF93: 1 | AG93: =SUM(E93:AF93) -> 39
A94: A.2 | C94: 1. ALI MUSTOFA, A.Md. | E94: 1 | F94: 0 | G94: 0 | H94: 0 | I94: 1 | J94: 0 | K94: 1 | L94: 1 | M94: 1 | N94: 0 | O94: 0 | P94: 1 | Q94: 1 | R94: 2 | S94: 0 | T94: 1 | U94: 0 | V94: 0 | W94: 1 | X94: 1 | Y94: 33 | Z94: 1 | AA94: 10 | AB94: 42 | AC94: 2 | AD94: 2 | AE94: 4 | AF94: 0 | AG94: =SUM(E94:AF94) -> 106
C95: 2. Hj. BUAMI, S.H. | E95: 0 | F95: 0 | G95: 0 | H95: 0 | I95: 0 | J95: 0 | K95: 0 | L95: 0 | M95: 1 | N95: 0 | O95: 0 | P95: 0 | Q95: 0 | R95: 0 | S95: 0 | T95: 1 | U95: 0 | V95: 2 | W95: 0 | X95: 1 | Y95: 1 | Z95: 0 | AA95: 1 | AB95: 0 | AC95: 3 | AD95: 0 | AE95: 0 | AF95: 0 | AG95: =SUM(E95:AF95) -> 10
C96: 3. SUGIONO, S.H. | E96: 0 | F96: 0 | G96: 0 | H96: 0 | I96: 0 | J96: 0 | K96: 1 | L96: 0 | M96: 0 | N96: 0 | O96: 0 | P96: 0 | Q96: 0 | R96: 0 | S96: 0 | T96: 0 | U96: 0 | V96: 0 | W96: 0 | X96: 0 | Y96: 2 | Z96: 0 | AA96: 0 | AB96: 0 | AC96: 2 | AD96: 0 | AE96: 0 | AF96: 0 | AG96: =SUM(E96:AF96) -> 5
C97: 4. LULUK SUNARMIATININGSIH | E97: 0 | F97: 0 | G97: 0 | H97: 0 | I97: 0 | J97: 0 | K97: 0 | L97: 0 | M97: 0 | N97: 0 | O97: 0 | P97: 1 | Q97: 0 | R97: 0 | S97: 1 | T97: 0 | U97: 0 | V97: 1 | W97: 2 | X97: 0 | Y97: 2 | Z97: 2 | AA97: 1 | AB97: 1 | AC97: 0 | AD97: 0 | AE97: 1 | AF97: 0 | AG97: =SUM(E97:AF97) -> 12
C98: 5. ANTON DJULIANTO ADI | E98: 0 | F98: 0 | G98: 0 | H98: 0 | I98: 0 | J98: 0 | K98: 0 | L98: 0 | M98: 0 | N98: 0 | O98: 0 | P98: 0 | Q98: 0 | R98: 0 | S98: 0 | T98: 0 | U98: 0 | V98: 0 | W98: 0 | X98: 0 | Y98: 0 | Z98: 1 | AA98: 0 | AB98: 1 | AC98: 0 | AD98: 0 | AE98: 1 | AF98: 0 | AG98: =SUM(E98:AF98) -> 3
C99: 6. MOKHAMAD ROFI'I KHUSNAN | E99: 1 | F99: 0 | G99: 0 | H99: 0 | I99: 0 | J99: 0 | K99: 0 | L99: 0 | M99: 0 | N99: 0 | O99: 0 | P99: 1 | Q99: 0 | R99: 1 | S99: 1 | T99: 1 | U99: 1 | V99: 3 | W99: 0 | X99: 1 | Y99: 4 | Z99: 5 | AA99: 2 | AB99: 5 | AC99: 7 | AD99: 0 | AE99: 3 | AF99: 0 | AG99: =SUM(E99:AF99) -> 36
C100: 7. Rr SETYO WATI | E100: 0 | F100: 0 | G100: 0 | H100: 0 | I100: 0 | J100: 0 | K100: 0 | L100: 0 | M100: 0 | N100: 0 | O100: 0 | P100: 0 | Q100: 0 | R100: 0 | S100: 0 | T100: 0 | U100: 0 | V100: 0 | W100: 0 | X100: 0 | Y100: 0 | Z100: 0 | AA100: 0 | AB100: 0 | AC100: 0 | AD100: 0 | AE100: 0 | AF100: 0 | AG100: =SUM(E100:AF100) -> 0
C101: 8. ABD. KADIR ASSEGAFF | E101: 0 | F101: 0 | G101: 0 | H101: 0 | I101: 1 | J101: 0 | K101: 0 | L101: 1 | M101: 0 | N101: 0 | O101: 0 | P101: 0 | Q101: 0 | R101: 0 | S101: 0 | T101: 2 | U101: 0 | V101: 1 | W101: 0 | X101: 0 | Y101: 0 | Z101: 0 | AA101: 1 | AB101: 1 | AC101: 1 | AD101: 0 | AE101: 0 | AF101: 0 | AG101: =SUM(E101:AF101) -> 8
C102: 9. FATHOR ZAINULLAH | E102: 0 | F102: 0 | G102: 0 | H102: 0 | I102: 0 | J102: 0 | K102: 0 | L102: 0 | M102: 0 | N102: 0 | O102: 0 | P102: 0 | Q102: 0 | R102: 2 | S102: 0 | T102: 0 | U102: 2 | V102: 0 | W102: 0 | X102: 1 | Y102: 1 | Z102: 1 | AA102: 1 | AB102: 1 | AC102: 2 | AD102: 0 | AE102: 0 | AF102: 0 | AG102: =SUM(E102:AF102) -> 11
A103: B | B103: JUMLAH SUARA SAH PARTAI POLITIK DAN CALON (A1 + A2) | E103: =SUM(E93:E102) -> 2 | F103: =SUM(F93:F102) -> 2 | G103: =SUM(G93:G102) -> 0 | H103: =SUM(H93:H102) -> 0 | I103: =SUM(I93:I102) -> 2 | J103: =SUM(J93:J102) -> 1 | K103: =SUM(K93:K102) -> 4 | L103: =SUM(L93:L102) -> 2 | ... AG103: =SUM(AG93:AG102) -> 230
A105: A.1 | B105: 6. | C105: Partai Buruh | E105: 0 | F105: 0 | G105: 1 | H105: 1 | I105: 0 | J105: 0 | K105: 1 | L105: 0 | M105: 0 | N105: 0 | O105: 0 | P105: 0 | Q105: 0 | R105: 0 | S105: 0 | T105: 0 | U105: 1 | V105: 3 | W105: 0 | X105: 0 | Y105: 6 | Z105: 2 | AA105: 6 | AB105: 1 | AC105: 0 | AD105: 0 | AE105: 0 | AF105: 0 | AG105: =SUM(E105:AF105) -> 22
A106: A.2 | C106: 1. AGUS SUPRIYADI | E106: 0 | F106: 0 | G106: 0 | H106: 0 | I106: 1 | J106: 0 | K106: 0 | L106: 0 | M106: 0 | N106: 1 | O106: 0 | P106: 0 | Q106: 0 | R106: 0 | S106: 0 | T106: 0 | U106: 0 | V106: 0 | W106: 0 | X106: 1 | Y106: 1 | Z106: 0 | AA106: 0 | AB106: 0 | AC106: 2 | AD106: 0 | AE106: 0 | AF106: 0 | AG106: =SUM(E106:AF106) -> 6
C107: 2. ENI HARIATI | E107: 0 | F107: 0 | G107: 0 | H107: 0 | I107: 1 | J107: 0 | K107: 0 | L107: 0 | M107: 0 | N107: 0 | O107: 0 | P107: 0 | Q107: 0 | R107: 0 | S107: 0 | T107: 0 | U107: 1 | V107: 0 | W107: 0 | X107: 0 | Y107: 1 | Z107: 0 | AA107: 0 | AB107: 0 | AC107: 0 | AD107: 0 | AE107: 0 | AF107: 1 | AG107: =SUM(E107:AF107) -> 4
AG108: =SUM(E108:AF108) -> 0
AG109: =SUM(E109:AF109) -> 0
AG110: =SUM(E110:AF110) -> 0
AG111: =SUM(E111:AF111) -> 0
AG112: =SUM(E112:AF112) -> 0
AG113: =SUM(E113:AF113) -> 0
AG114: =SUM(E114:AF114) -> 0
A115: B | B115: JUMLAH SUARA SAH PARTAI POLITIK DAN CALON (A1 + A2) | E115: =SUM(E105:E114) -> 0 | F115: =SUM(F105:F114) -> 0 | G115: =SUM(G105:G114) -> 1 | H115: =SUM(H105:H114) -> 1 | I115: =SUM(I105:I114) -> 2 | J115: =SUM(J105:J114) -> 0 | K115: =SUM(K105:K114) -> 1 | L115: =SUM(L105:L114) -> 0 | ... AG115: =SUM(AG105:AG114) -> 32
A117: A.1 | B117: 7. | C117: Partai Gelombang Rakyat Indonesia | E117: 1 | F117: 2 | G117: 0 | H117: 0 | I117: 0 | J117: 0 | K117: 1 | L117: 0 | M117: 2 | N117: 0 | O117: 0 | P117: 1 | Q117: 0 | R117: 0 | S117: 1 | T117: 3 | U117: 0 | V117: 0 | W117: 0 | X117: 1 | Y117: 2 | Z117: 3 | AA117: 0 | AB117: 2 | AC117: 0 | AD117: 0 | AE117: 0 | AF117: 0 | AG117: =SUM(E117:AF117) -> 19
...

Sheet WONGSOREJO
C2: Kecamatan | D2: WONGSOREJO
C3: Kabupaten | D3: BANYUWANGI
C4: Provinsi | D4: JAWA TIMUR
C9: Kelurahan | D9: WONGSOREJO
A12: I | B12: DATA PEMILIH DAN PENGGUNAAN HAK PILIH | AM12: JUMLAH AKHIR
A13: A | B13: DATA PEMILIH | E13: TPS 001 | F13: TPS 002 | G13: TPS 003 | H13: TPS 004 | I13: TPS 005 | J13: TPS 006 | K13: TPS 007 | L13: TPS 008 | M13: TPS 009 | N13: TPS 010 | O13: TPS 011 | P13: TPS 012 | Q13: TPS 013 | R13: TPS 014 | S13: TPS 015 | T13: TPS 016 | U13: TPS 017 | V13: TPS 018 | W13: TPS 019 | X13: TPS 020 | Y13: TPS 021 | Z13: TPS 022 | AA13: TPS 023 | AB13: TPS 024 | AC13: TPS 025 | AD13: TPS 026 | AE13: TPS 027 | AF13: TPS 028 | AG13: TPS 029 | AH13: TPS 030 | AI13: TPS 031 | AJ13: TPS 032 | AK13: TPS 033 | AL13: TPS 034
B14: Jumlah Pemilih dalam Daftar Pemilih Tetap (DPT) | D14: LK | E14: 119 | F14: 124 | G14: 138 | H14: 131 | I14: 132 | J14: 132 | K14: 122 | L14: 113 | M14: 135 | N14: 124 | O14: 121 | P14: 123 | Q14: 132 | R14: 132 | S14: 144 | T14: 130 | U14: 123 | V14: 132 | W14: 120 | X14: 125 | Y14: 90 | Z14: 116 | AA14: 127 | AB14: 120 | AC14: 118 | AD14: 139 | AE14: 119 | AF14: 114 | AG14: 137 | AH14: 116 | AI14: 141 | AJ14: 117 | AK14: 101 | AL14: 106 | AM14: =SUM(E14:AL14) -> 4213
D15: PR | E15: 124 | F15: 149 | G15: 136 | H15: 131 | I15: 132 | J15: 139 | K15: 148 | L15: 115 | M15: 134 | N15: 119 | O15: 130 | P15: 131 | Q15: 138 | R15: 128 | S15: 142 | T15: 134 | U15: 125 | V15: 146 | W15: 131 | X15: 124 | Y15: 107 | Z15: 146 | AA15: 142 | AB15: 138 | AC15: 130 | AD15: 138 | AE15: 122 | AF15: 115 | AG15: 138 | AH15: 110 | AI15: 135 | AJ15: 115 | AK15: 111 | AL15: 101 | AM15: =SUM(E15:AL15) -> 4404
D16: JML | E16: =SUM(E14:E15) -> 243 | F16: =SUM(F14:F15) -> 273 | G16: =SUM(G14:G15) -> 274 | H16: =SUM(H14:H15) -> 262 | I16: =SUM(I14:I15) -> 264 | J16: =SUM(J14:J15) -> 271 | K16: =SUM(K14:K15) -> 270 | L16: =SUM(L14:L15) -> 228 | ... AL16: =SUM(AL14:AL15) -> 207 | AM16: =SUM(E16:AL16) -> 8617
A18: B | B18: PENGGUNA HAK PILIH
B19: 1. | C19: Jumlah pengguna hak pilih dalam Daftar Pemilih Tetap (DPT) | D19: LK | E19: 82 | F19: 86 | G19: 111 | H19: 92 | I19: 98 | J19: 93 | K19: 94 | L19: 90 | M19: 94 | N19: 97 | O19: 90 | P19: 97 | Q19: 109 | R19: 97 | S19: 118 | T19: 100 | U19: 89 | V19: 105 | W19: 81 | X19: 88 | Y19: 58 | Z19: 85 | AA19: 99 | AB19: 105 | AC19: 88 | AD19: 100 | AE19: 83 | AF19: 89 | AG19: 96 | AH19: 81 | AI19: 92 | AJ19: 103 | AK19: 74 | AL19: 79 | AM19: =SUM(E19:AL19) -> 3143
D20: PR | E20: 93 | F20: 102 | G20: 111 | H20: 123 | I20: 112 | J20: 118 | K20: 117 | L20: 96 | M20: 107 | N20: 100 | O20: 102 | P20: 102 | Q20: 118 | R20: 106 | S20: 121 | T20: 106 | U20: 93 | V20: 116 | W20: 94 | X20: 91 | Y20: 79 | Z20: 109 | AA20: 105 | AB20: 118 | AC20: 99 | AD20: 113 | AE20: 84 | AF20: 87 | AG20: 109 | AH20: 76 | AI20: 80 | AJ20: 100 | AK20: 83 | AL20: 73 | AM20: =SUM(E20:AL20) -> 3443
D21: JML | E21: =SUM(E19:E20) -> 175 | F21: =SUM(F19:F20) -> 188 | G21: =SUM(G19:G20) -> 222 | H21: =SUM(H19:H20) -> 215 | I21: =SUM(I19:I20) -> 210 | J21: =SUM(J19:J20) -> 211 | K21: =SUM(K19:K20) -> 211 | L21: =SUM(L19:L20) -> 186 | ... AL21: =SUM(AL19:AL20) -> 152 | AM21: =SUM(E21:AL21) -> 6586
B22: 2. | C22: Jumlah pengguna hak pilih dalam Daftar Pemilih Tambahan (DPTb) | D22: LK | E22: 0 | F22: 0 | G22: 0 | H22: 0 | I22: 0 | J22: 0 | K22: 0 | L22: 0 | M22: 0 | N22: 0 | O22: 0 | P22: 1 | Q22: 0 | R22: 0 | S22: 0 | T22: 0 | U22: 0 | V22: 0 | W22: 0 | X22: 0 | Y22: 0 | Z22: 0 | AA22: 0 | AB22: 0 | AC22: 0 | AD22: 0 | AE22: 1 | AF22: 1 | AG22: 4 | AH22: 3 | AI22: 0 | AJ22: 1 | AK22: 4 | AL22: 0 | AM22: =SUM(E22:AL22) -> 15
D23: PR | E23: 0 | F23: 0 | G23: 0 | H23: 0 | I23: 0 | J23: 0 | K23: 0 | L23: 0 | M23: 0 | N23: 1 | O23: 0 | P23: 1 | Q23: 0 | R23: 0 | S23: 0 | T23: 0 | U23: 0 | V23: 0 | W23: 0 | X23: 0 | Y23: 0 | Z23: 1 | AA23: 1 | AB23: 0 | AC23: 1 | AD23: 1 | AE23: 2 | AF23: 0 | AG23: 0 | AH23: 2 | AI23: 0 | AJ23: 0 | AK23: 1 | AL23: 0 | AM23: =SUM(E23:AL23) -> 11
D24: JML | E24: =SUM(E22:E23) -> 0 | F24: =SUM(F22:F23) -> 0 | G24: =SUM(G22:G23) -> 0 | H24: =SUM(H22:H23) -> 0 | I24: =SUM(I22:I23) -> 0 | J24: =SUM(J22:J23) -> 0 | K24: =SUM(K22:K23) -> 0 | L24: =SUM(L22:L23) -> 0 | ... AL24: =SUM(AL22:AL23) -> 0 | AM24: =SUM(E24:AL24) -> 26
B25: 3. | C25: Jumlah pengguna hak pilih dalam Daftar Pemilih Khusus (DPK) | D25: LK | E25: 1 | F25: 2 | G25: 0 | H25: 5 | I25: 0 | J25: 0 | K25: 0 | L25: 0 | M25: 0 | N25: 0 | O25: 0 | P25: 2 | Q25: 0 | R25: 0 | S25: 0 | T25: 0 | U25: 0 | V25: 1 | W25: 0 | X25: 1 | Y25: 0 | Z25: 1 | AA25: 1 | AB25: 2 | AC25: 3 | AD25: 1 | AE25: 0 | AF25: 0 | AG25: 1 | AH25: 0 | AI25: 4 | AJ25: 1 | AK25: 0 | AL25: 0 | AM25: =SUM(E25:AL25) -> 26
D26: PR | E26: 2 | F26: 1 | G26: 0 | H26: 4 | I26: 0 | J26: 3 | K26: 0 | L26: 0 | M26: 0 | N26: 0 | O26: 0 | P26: 0 | Q26: 0 | R26: 0 | S26: 0 | T26: 0 | U26: 0 | V26: 3 | W26: 0 | X26: 2 | Y26: 1 | Z26: 1 | AA26: 1 | AB26: 1 | AC26: 1 | AD26: 3 | AE26: 0 | AF26: 0 | AG26: 1 | AH26: 0 | AI26: 2 | AJ26: 1 | AK26: 0 | AL26: 0 | AM26: =SUM(E26:AL26) -> 27
D27: JML | E27: =SUM(E25:E26) -> 3 | F27: =SUM(F25:F26) -> 3 | G27: =SUM(G25:G26) -> 0 | H27: =SUM(H25:H26) -> 9 | I27: =SUM(I25:I26) -> 0 | J27: =SUM(J25:J26) -> 3 | K27: =SUM(K25:K26) -> 0 | L27: =SUM(L25:L26) -> 0 | ... AL27: =SUM(AL25:AL26) -> 0 | AM27: =SUM(E27:AL27) -> 53
B28: 4. | C28: Jumlah Pengguna Hak Pilih (B.1+B.2+B.3) | D28: LK | E28: =SUM(E19,E22,E25) -> 83 | F28: =SUM(F19,F22,F25) -> 88 | G28: =SUM(G19,G22,G25) -> 111 | H28: =SUM(H19,H22,H25) -> 97 | I28: =SUM(I19,I22,I25) -> 98 | J28: =SUM(J19,J22,J25) -> 93 | K28: =SUM(K19,K22,K25) -> 94 | L28: =SUM(L19,L22,L25) -> 90 | ... AL28: =SUM(AL19,AL22,AL25) -> 79 | AM28: =SUM(E28:AL28) -> 3184
D29: PR | E29: =SUM(E20,E23,E26) -> 95 | F29: =SUM(F20,F23,F26) -> 103 | G29: =SUM(G20,G23,G26) -> 111 | H29: =SUM(H20,H23,H26) -> 127 | I29: =SUM(I20,I23,I26) -> 112 | J29: =SUM(J20,J23,J26) -> 121 | K29: =SUM(K20,K23,K26) -> 117 | L29: =SUM(L20,L23,L26) -> 96 | ... AL29: =SUM(AL20,AL23,AL26) -> 73 | AM29: =SUM(E29:AL29) -> 3481
D30: JML | E30: =SUM(E28:E29) -> 178 | F30: =SUM(F28:F29) -> 191 | G30: =SUM(G28:G29) -> 222 | H30: =SUM(H28:H29) -> 224 | I30: =SUM(I28:I29) -> 210 | J30: =SUM(J28:J29) -> 214 | K30: =SUM(K28:K29) -> 211 | L30: =SUM(L28:L29) -> 186 | ... AL30: =SUM(AL28:AL29) -> 152 | AM30: =SUM(E30:AL30) -> 6665
A32: II | B32: DATA PENGGUNAAN SURAT SUARA
A33: 1 | B33: Jumlah surat suara yang diterima, termasuk surat suara cadangan 2,5% dari DPT | E33: 248 | F33: 279 | G33: 280 | H33: 268 | I33: 270 | J33: 277 | K33: 276 | L33: 233 | M33: 275 | N33: 248 | O33: 257 | P33: 260 | Q33: 276 | R33: 266 | S33: 292 | T33: 270 | U33: 253 | V33: 284 | W33: 257 | X33: 254 | Y33: 197 | Z33: 268 | AA33: 275 | AB33: 264 | AC33: 253 | AD33: 283 | AE33: 246 | AF33: 234 | AG33: 281 | AH33: 232 | AI33: 282 | AJ33: 227 | AK33: 217 | AL33: 212 | AM33: =SUM(E33:AL33) -> 8794
A34: 2 | B34: Jumlah surat suara yang digunakan | E34: 178 | F34: 191 | G34: 222 | H34: 224 | I34: 210 | J34: 214 | K34: 211 | L34: 186 | M34: 201 | N34: 198 | O34: 192 | P34: 203 | Q34: 227 | R34: 203 | S34: 239 | T34: 206 | U34: 182 | V34: 225 | W34: 175 | X34: 182 | Y34: 138 | Z34: 197 | AA34: 207 | AB34: 226 | AC34: 192 | AD34: 218 | AE34: 170 | AF34: 177 | AG34: 211 | AH34: 162 | AI34: 178 | AJ34: 206 | AK34: 162 | AL34: 152 | AM34: =SUM(E34:AL34) -> 6665
A35: 3 | B35: Jumlah surat suara dikembalikan oleh pemilih (karena rusak atau keliru coblos) | E35: 0 | F35: 1 | G35: 0 | H35: 0 | I35: 0 | J35: 0 | K35: 0 | L35: 0 | M35: 0 | N35: 0 | O35: 0 | P35: 0 | Q35: 0 | R35: 0 | S35: 0 | T35: 0 | U35: 1 | V35: 0 | W35: 1 | X35: 0 | Y35: 0 | Z35: 0 | AA35: 28 | AB35: 0 | AC35: 0 | AD35: 0 | AE35: 0 | AF35: 0 | AG35: 0 | AH35: 0 | AI35: 0 | AJ35: 0 | AK35: 0 | AL35: 0 | AM35: =SUM(E35:AL35) -> 31
A36: 4 | B36: Jumlah surat suara yang tidak digunakan/tidak terpakai, termasuk sisa surat suara cadangan | E36: =E33-(E34+E35) -> 70 | F36: =F33-(F34+F35) -> 87 | G36: =G33-(G34+G35) -> 58 | H36: =H33-(H34+H35) -> 44 | I36: =I33-(I34+I35) -> 60 | J36: =J33-(J34+J35) -> 63 | K36: =K33-(K34+K35) -> 65 | L36: =L33-(L34+L35) -> 47 | ... AL36: =AL33-(AL34+AL35) -> 60 | AM36: =SUM(E36:AL36) -> 2098
A38: III | B38: DATA PEMILIH DISABILITAS
B39: Jumlah seluruh Pemilih disabilitas yang menggunakan hak pilih | D39: LK | E39: 0 | F39: 0 | G39: 0 | H39: 2 | I39: 0 | J39: 0 | K39: 0 | L39: 0 | M39: 0 | N39: 0 | O39: 0 | P39: 0 | Q39: 0 | R39: 0 | S39: 0 | T39: 0 | U39: 0 | V39: 0 | W39: 0 | X39: 0 | Y39: 0 | Z39: 0 | AA39: 0 | AB39: 0 | AC39: 0 | AD39: 0 | AE39: 0 | AF39: 0 | AG39: 0 | AH39: 0 | AI39: 0 | AJ39: 0 | AK39: 0 | AL39: 0 | AM39: =SUM(E39:AL39) -> 2
D40: PR | E40: 0 | F40: 0 | G40: 0 | H40: 0 | I40: 0 | J40: 0 | K40: 0 | L40: 0 | M40: 0 | N40: 0 | O40: 0 | P40: 0 | Q40: 0 | R40: 0 | S40: 0 | T40: 0 | U40: 0 | V40: 0 | W40: 0 | X40: 0 | Y40: 0 | Z40: 0 | AA40: 1 | AB40: 0 | AC40: 0 | AD40: 0 | AE40: 0 | AF40: 0 | AG40: 1 | AH40: 0 | AI40: 0 | AJ40: 0 | AK40: 0 | AL40: 0 | AM40: =SUM(E40:AL40) -> 2
D41: JML | E41: =SUM(E39:E40) -> 0 | F41: =SUM(F39:F40) -> 0 | G41: =SUM(G39:G40) -> 0 | H41: =SUM(H39:H40) -> 2 | I41: =SUM(I39:I40) -> 0 | J41: =SUM(J39:J40) -> 0 | K41: =SUM(K39:K40) -> 0 | L41: =SUM(L39:L40) -> 0 | ... AL41: =SUM(AL39:AL40) -> 0 | AM41: =SUM(E41:AL41) -> 4
A43: IV | B43: DATA RINCIAN PEROLEHAN SUARA PASANGAN CALON BUPATI DAN WAKIL BUPATI
A44: NOMOR DAN NAMA CALON
A45: A.1 | B45: 1. | C45: Partai Kebangkitan Bangsa | E45: 15 | F45: 15 | G45: 4 | H45: 12 | I45: 8 | J45: 7 | K45: 3 | L45: 19 | M45: 7 | N45: 20 | O45: 22 | P45: 18 | Q45: 5 | R45: 12 | S45: 10 | T45: 13 | U45: 9 | V45: 12 | W45: 7 | X45: 10 | Y45: 9 | Z45: 9 | AA45: 12 | AB45: 7 | AC45: 13 | AD45: 7 | AE45: 16 | AF45: 10 | AG45: 19 | AH45: 21 | AI45: 10 | AJ45: 3 | AK45: 6 | AL45: 4 | AM45: =SUM(E45:AL45) -> 374
A46: A.2 | C46: 1. Dra. Hj. MA`MULAH HARUN, M.Pd.I. | E46: 10 | F46: 7 | G46: 14 | H46: 12 | I46: 4 | J46: 7 | K46: 16 | L46: 7 | M46: 18 | N46: 10 | O46: 11 | P46: 4 | Q46: 9 | R46: 5 | S46: 6 | T46: 8 | U46: 10 | V46: 17 | W46: 16 | X46: 6 | Y46: 4 | Z46: 10 | AA46: 12 | AB46: 5 | AC46: 12 | AD46: 9 | AE46: 20 | AF46: 8 | AG46: 11 | AH46: 11 | AI46: 6 | AJ46: 1 | AK46: 6 | AL46: 7 | AM46: =SUM(E46:AL46) -> 319
C47: 2. UBAIDILLAH, S.Fil.I. | E47: 2 | F47: 13 | G47: 3 | H47: 14 | I47: 9 | J47: 12 | K47: 13 | L47: 6 | M47: 17 | N47: 11 | O47: 3 | P47: 17 | Q47: 9 | R47: 4 | S47: 10 | T47: 7 | U47: 20 | V47: 10 | W47: 7 | X47: 7 | Y47: 8 | Z47: 3 | AA47: 8 | AB47: 41 | AC47: 14 | AD47: 13 | AE47: 10 | AF47: 12 | AG47: 11 | AH47: 10 | AI47: 5 | AJ47: 10 | AK47: 5 | AL47: 5 | AM47: =SUM(E47:AL47) -> 349
C48: 3. Ir. H. YOYOK MULYADI, M.Si. | E48: 6 | F48: 9 | G48: 3 | H48: 16 | I48: 9 | J48: 12 | K48: 2 | L48: 9 | M48: 2 | N48: 6 | O48: 9 | P48: 9 | Q48: 0 | R48: 6 | S48: 16 | T48: 16 | U48: 5 | V48: 3 | W48: 1 | X48: 5 | Y48: 5 | Z48: 13 | AA48: 16 | AB48: 7 | AC48: 5 | AD48: 2 | AE48: 0 | AF48: 0 | AG48: 6 | AH48: 1 | AI48: 3 | AJ48: 9 | AK48: 3 | AL48: 3 | AM48: =SUM(E48:AL48) -> 217
C49: 4. KHOIRUL ANWAR, S.Fil.I. | E49: 4 | F49: 0 | G49: 1 | H49: 5 | I49: 0 | J49: 3 | K49: 0 | L49: 1 | M49: 1 | N49: 2 | O49: 2 | P49: 0 | Q49: 3 | R49: 1 | S49: 1 | T49: 1 | U49: 1 | V49: 1 | W49: 0 | X49: 1 | Y49: 2 | Z49: 4 | AA49: 0 | AB49: 2 | AC49: 2 | AD49: 1 | AE49: 1 | AF49: 0 | AG49: 4 | AH49: 0 | AI49: 0 | AJ49: 2 | AK49: 2 | AL49: 0 | AM49: =SUM(E49:AL49) -> 48
C50: 5. ARIF WIJAKSANA | E50: 0 | F50: 1 | G50: 1 | H50: 0 | I50: 0 | J50: 3 | K50: 4 | L50: 3 | M50: 3 | N50: 2 | O50: 0 | P50: 0 | Q50: 0 | R50: 0 | S50: 0 | T50: 0 | U50: 2 | V50: 1 | W50: 0 | X50: 0 | Y50: 1 | Z50: 0 | AA50: 2 | AB50: 2 | AC50: 0 | AD50: 1 | AE50: 0 | AF50: 0 | AG50: 3 | AH50: 0 | AI50: 1 | AJ50: 1 | AK50: 0 | AL50: 1 | AM50: =SUM(E50:AL50) -> 32
C51: 6. Dr. SITI YUMNAH | E51: 0 | F51: 1 | G51: 0 | H51: 1 | I51: 0 | J51: 1 | K51: 2 | L51: 0 | M51: 2 | N51: 1 | O51: 0 | P51: 1 | Q51: 1 | R51: 0 | S51: 1 | T51: 0 | U51: 0 | V51: 2 | W51: 0 | X51: 1 | Y51: 0 | Z51: 1 | AA51: 1 | AB51: 2 | AC51: 3 | AD51: 2 | AE51: 1 | AF51: 0 | AG51: 1 | AH51: 0 | AI51: 0 | AJ51: 0 | AK51: 0 | AL51: 1 | AM51: =SUM(E51:AL51) -> 26
C52: 7. MOHAMMAD ZAINI, M.Pd.I. | E52: 1 | F52: 0 | G52: 1 | H52: 0 | I52: 0 | J52: 1 | K52: 2 | L52: 1 | M52: 0 | N52: 0 | O52: 2 | P52: 4 | Q52: 0 | R52: 0 | S52: 1 | T52: 0 | U52: 3 | V52: 0 | W52: 2 | X52: 1 | Y52: 0 | Z52: 1 | AA52: 1 | AB52: 2 | AC52: 1 | AD52: 1 | AE52: 0 | AF52: 1 | AG52: 1 | AH52: 0 | AI52: 0 | AJ52: 0 | AK52: 1 | AL52: 1 | AM52: =SUM(E52:AL52) -> 29
C53: 8. FAWAIDUL MAKKIYAH | E53: 0 | F53: 0 | G53: 1 | H53: 3 | I53: 0 | J53: 1 | K53: 0 | L53: 0 | M53: 0 | N53: 0 | O53: 0 | P53: 1 | Q53: 0 | R53: 0 | S53: 0 | T53: 1 | U53: 1 | V53: 1 | W53: 0 | X53: 0 | Y53: 0 | Z53: 0 | AA53: 0 | AB53: 0 | AC53: 0 | AD53: 0 | AE53: 0 | AF53: 1 | AG53: 1 | AH53: 0 | AI53: 0 | AJ53: 0 | AK53: 1 | AL53: 2 | AM53: =SUM(E53:AL53) -> 14
C54: 9. IFFAH HIDAYATUR ROHMAH, S.Sos. | E54: 0 | F54: 0 | G54: 0 | H54: 0 | I54: 0 | J54: 0 | K54: 1 | L54: 2 | M54: 0 | N54: 0 | O54: 0 | P54: 0 | Q54: 0 | R54: 0 | S54: 0 | T54: 0 | U54: 0 | V54: 3 | W54: 1 | X54: 0 | Y54: 0 | Z54: 0 | AA54: 1 | AB54: 0 | AC54: 0 | AD54: 0 | AE54: 1 | AF54: 0 | AG54: 0 | AH54: 0 | AI54: 0 | AJ54: 0 | AK54: 1 | AL54: 0 | AM54: =SUM(E54:AL54) -> 10
A55: B | B55: JUMLAH SUARA SAH PARTAI POLITIK DAN CALON (A1 + A2) | E55: =SUM(E45:E54) -> 38 | F55: =SUM(F45:F54) -> 46 | G55: =SUM(G45:G54) -> 28 | H55: =SUM(H45:H54) -> 63 | I55: =SUM(I45:I54) -> 30 | J55: =SUM(J45:J54) -> 47 | K55: =SUM(K45:K54) -> 43 | L55: =SUM(L45:L54) -> 48 | ... AM55: =SUM(AM45:AM54) -> 1418
A57: A.1 | B57: 2. | C57: Partai Gerakan Indonesia Raya | E57: 19 | F57: 11 | G57: 15 | H57: 10 | I57: 10 | J57: 6 | K57: 20 | L57: 10 | M57: 10 | N57: 8 | O57: 9 | P57: 17 | Q57: 13 | R57: 16 | S57: 6 | T57: 12 | U57: 16 | V57: 15 | W57: 12 | X57: 12 | Y57: 9 | Z57: 19 | AA57: 8 | AB57: 4 | AC57: 12 | AD57: 7 | AE57: 14 | AF57: 8 | AG57: 26 | AH57: 25 | AI57: 44 | AJ57: 17 | AK57: 8 | AL57: 11 | AM57: =SUM(E57:AL57) -> 459
A58: A.2 | C58: 1. AHMAD HADINUDDIN, S.Pd.I. | E58: 5 | F58: 6 | G58: 6 | H58: 7 | I58: 6 | J58: 6 | K58: 10 | L58: 8 | M58: 4 | N58: 12 | O58: 7 | P58: 3 | Q58: 15 | R58: 3 | S58: 6 | T58: 8 | U58: 5 | V58: 4 | W58: 6 | X58: 2 | Y58: 6 | Z58: 5 | AA58: 6 | AB58: 2 | AC58: 8 | AD58: 6 | AE58: 12 | AF58: 8 | AG58: 14 | AH58: 8 | AI58: 16 | AJ58: 13 | AK58: 15 | AL58: 6 | AM58: =SUM(E58:AL58) -> 254
C59: 2. BIMA RAFSANJANI RAFID | E59: 37 | F59: 34 | G59: 53 | H59: 44 | I59: 59 | J59: 24 | K59: 56 | L59: 46 | M59: 20 | N59: 30 | O59: 35 | P59: 56 | Q59: 47 | R59: 32 | S59: 45 | T59: 17 | U59: 39 | V59: 54 | W59: 39 | X59: 30 | Y59: 21 | Z59: 63 | AA59: 30 | AB59: 45 | AC59: 36 | AD59: 33 | AE59: 24 | AF59: 52 | AG59: 27 | AH59: 31 | AI59: 18 | AJ59: 111 | AK59: 46 | AL59: 16 | AM59: =SUM(E59:AL59) -> 1350
C60: 3. IRA DAMAYANTI | E60: 2 | F60: 2 | G60: 1 | H60: 3 | I60: 3 | J60: 0 | K60: 4 | L60: 1 | M60: 6 | N60: 2 | O60: 3 | P60: 1 | Q60: 5 | R60: 2 | S60: 1 | T60: 3 | U60: 2 | V60: 4 | W60: 3 | X60: 2 | Y60: 4 | Z60: 2 | AA60: 5 | AB60: 4 | AC60: 3 | AD60: 2 | AE60: 1 | AF60: 2 | AG60: 2 | AH60: 4 | AI60: 2 | AJ60: 2 | AK60: 0 | AL60: 7 | AM60: =SUM(E60:AL60) -> 90
C61: 4. MAULANA MALIK IBRAHIM, S.H. | E61: 3 | F61: 4 | G61: 4 | H61: 0 | I61: 3 | J61: 46 | K61: 9 | L61: 5 | M61: 3 | N61: 2 | O61: 2 | P61: 0 | Q61: 3 | R61: 2 | S61: 4 | T61: 7 | U61: 2 | V61: 3 | W61: 7 | X61: 7 | Y61: 4 | Z61: 3 | AA61: 0 | AB61: 2 | AC61: 2 | AD61: 7 | AE61: 1 | AF61: 2 | AG61: 3 | AH61: 3 | AI61: 2 | AJ61: 1 | AK61: 3 | AL61: 0 | AM61: =SUM(E61:AL61) -> 149
C62: 5. LULUK ALFIATI | E62: 3 | F62: 0 | G62: 0 | H62: 0 | I62: 0 | J62: 2 | K62: 1 | L62: 0 | M62: 0 | N62: 0 | O62: 0 | P62: 0 | Q62: 0 | R62: 0 | S62: 3 | T62: 1 | U62: 0 | V62: 1 | W62: 0 | X62: 1 | Y62: 0 | Z62: 0 | AA62: 1 | AB62: 0 | AC62: 1 | AD62: 1 | AE62: 0 | AF62: 3 | AG62: 0 | AH62: 0 | AI62: 1 | AJ62: 0 | AK62: 1 | AL62: 2 | AM62: =SUM(E62:AL62) -> 22
C63: 6. ILHAM WAHYUDI, S.H. | E63: 0 | F63: 1 | G63: 1 | H63: 0 | I63: 0 | J63: 1 | K63: 0 | L63: 1 | M63: 0 | N63: 0 | O63: 0 | P63: 0 | Q63: 0 | R63: 0 | S63: 0 | T63: 0 | U63: 0 | V63: 0 | W63: 0 | X63: 0 | Y63: 1 | Z63: 0 | AA63: 0 | AB63: 2 | AC63: 0 | AD63: 0 | AE63: 0 | AF63: 0 | AG63: 3 | AH63: 3 | AI63: 1 | AJ63: 0 | AK63: 0 | AL63: 0 | AM63: =SUM(E63:AL63) -> 14
C64: 7. HAERUL ANWAR, S.Pd.I. | E64: 0 | F64: 0 | G64: 0 | H64: 0 | I64: 0 | J64: 0 | K64: 0 | L64: 0 | M64: 0 | N64: 0 | O64: 0 | P64: 0 | Q64: 0 | R64: 0 | S64: 0 | T64: 0 | U64: 0 | V64: 0 | W64: 0 | X64: 0 | Y64: 1 | Z64: 0 | AA64: 0 | AB64: 0 | AC64: 0 | AD64: 0 | AE64: 0 | AF64: 1 | AG64: 1 | AH64: 0 | AI64: 0 | AJ64: 0 | AK64: 1 | AL64: 0 | AM64: =SUM(E64:AL64) -> 4
C65: 8. YOVI ADHITYA WARDANI | E65: 0 | F65: 0 | G65: 1 | H65: 1 | I65: 0 | J65: 1 | K65: 0 | L65: 1 | M65: 0 | N65: 1 | O65: 0 | P65: 0 | Q65: 0 | R65: 0 | S65: 0 | T65: 0 | U65: 1 | V65: 0 | W65: 0 | X65: 0 | Y65: 0 | Z65: 0 | AA65: 1 | AB65: 0 | AC65: 0 | AD65: 1 | AE65: 0 | AF65: 0 | AG65: 1 | AH65: 0 | AI65: 0 | AJ65: 0 | AK65: 0 | AL65: 0 | AM65: =SUM(E65:AL65) -> 9
C66: 9. RITA AMELIA | E66: 0 | F66: 0 | G66: 1 | H66: 0 | I66: 0 | J66: 1 | K66: 1 | L66: 2 | M66: 0 | N66: 0 | O66: 0 | P66: 0 | Q66: 0 | R66: 0 | S66: 0 | T66: 0 | U66: 0 | V66: 1 | W66: 1 | X66: 0 | Y66: 0 | Z66: 0 | AA66: 0 | AB66: 1 | AC66: 1 | AD66: 1 | AE66: 0 | AF66: 0 | AG66: 0 | AH66: 0 | AI66: 0 | AJ66: 0 | AK66: 0 | AL66: 1 | AM66: =SUM(E66:AL66) -> 11
A67: B | B67: JUMLAH SUARA SAH PARTAI POLITIK DAN CALON (A1 + A2) | E67: =SUM(E57:E66) -> 69 | F67: =SUM(F57:F66) -> 58 | G67: =SUM(G57:G66) -> 82 | H67: =SUM(H57:H66) -> 65 | I67: =SUM(I57:I66) -> 81 | J67: =SUM(J57:J66) -> 87 | K67: =SUM(K57:K66) -> 101 | L67: =SUM(L57:L66) -> 74 | ... AM67: =SUM(AM57:AM66) -> 2362
A69: A.1 | B69: 3. | C69: Partai Demokrasi Indonesia Perjuangan | E69: 8 | F69: 9 | G69: 15 | H69: 7 | I69: 3 | J69: 3 | K69: 0 | L69: 2 | M69: 2 | N69: 6 | O69: 4 | P69: 8 | Q69: 11 | R69: 9 | S69: 5 | T69: 4 | U69: 3 | V69: 3 | W69: 4 | X69: 4 | Y69: 0 | Z69: 5 | AA69: 2 | AB69: 1 | AC69: 2 | AD69: 1 | AE69: 11 | AF69: 6 | AG69: 12 | AH69: 3 | AI69: 11 | AJ69: 2 | AK69: 4 | AL69: 12 | AM69: =SUM(E69:AL69) -> 182
A70: A.2 | C70: 1. MARTIN H., S.H., M.H. | E70: 3 | F70: 6 | G70: 4 | H70: 9 | I70: 4 | J70: 4 | K70: 4 | L70: 2 | M70: 1 | N70: 5 | O70: 3 | P70: 4 | Q70: 13 | R70: 6 | S70: 6 | T70: 3 | U70: 5 | V70: 3 | W70: 1 | X70: 2 | Y70: 2 | Z70: 1 | AA70: 1 | AB70: 2 | AC70: 8 | AD70: 1 | AE70: 2 | AF70: 5 | AG70: 3 | AH70: 1 | AI70: 1 | AJ70: 5 | AK70: 7 | AL70: 17 | AM70: =SUM(E70:AL70) -> 144
C71: 2. HERMANTO, S.E. | E71: 5 | F71: 2 | G71: 4 | H71: 3 | I71: 0 | J71: 6 | K71: 0 | L71: 0 | M71: 0 | N71: 4 | O71: 6 | P71: 1 | Q71: 4 | R71: 2 | S71: 2 | T71: 1 | U71: 1 | V71: 0 | W71: 1 | X71: 2 | Y71: 0 | Z71: 1 | AA71: 0 | AB71: 2 | AC71: 1 | AD71: 2 | AE71: 0 | AF71: 0 | AG71: 0 | AH71: 2 | AI71: 4 | AJ71: 1 | AK71: 1 | AL71: 3 | AM71: =SUM(E71:AL71) -> 61
C72: 3. EVY SUSILAWATI, S.E., M.M. | E72: 1 | F72: 4 | G72: 1 | H72: 1 | I72: 0 | J72: 0 | K72: 0 | L72: 2 | M72: 0 | N72: 1 | O72: 2 | P72: 3 | Q72: 5 | R72: 5 | S72: 2 | T72: 4 | U72: 0 | V72: 0 | W72: 0 | X72: 1 | Y72: 0 | Z72: 2 | AA72: 0 | AB72: 4 | AC72: 3 | AD72: 0 | AE72: 2 | AF72: 0 | AG72: 0 | AH72: 0 | AI72: 2 | AJ72: 0 | AK72: 4 | AL72: 5 | AM72: =SUM(E72:AL72) -> 54
C73: 4. M. SIROTTUDIN | E73: 0 | F73: 14 | G73: 6 | H73: 4 | I73: 4 | J73: 0 | K73: 3 | L73: 1 | M73: 0 | N73: 6 | O73: 2 | P73: 3 | Q73: 8 | R73: 2 | S73: 5 | T73: 24 | U73: 0 | V73: 0 | W73: 3 | X73: 4 | Y73: 0 | Z73: 0 | AA73: 2 | AB73: 1 | AC73: 3 | AD73: 3 | AE73: 0 | AF73: 0 | AG73: 1 | AH73: 2 | AI73: 2 | AJ73: 0 | AK73: 5 | AL73: 3 | AM73: =SUM(E73:AL73) -> 111
C74: 5. ABDUL HAFID, S.H. | E74: 0 | F74: 1 | G74: 0 | H74: 0 | I74: 0 | J74: 3 | K74: 1 | L74: 0 | M74: 0 | N74: 1 | O74: 0 | P74: 0 | Q74: 0 | R74: 1 | S74: 0 | T74: 0 | U74: 0 | V74: 0 | W74: 0 | X74: 2 | Y74: 1 | Z74: 0 | AA74: 0 | AB74: 2 | AC74: 0 | AD74: 1 | AE74: 2 | AF74: 0 | AG74: 1 | AH74: 1 | AI74: 2 | AJ74: 0 | AK74: 1 | AL74: 2 | AM74: =SUM(E74:AL74) -> 22
C75: 6. NIKITA FORTUNA SURYANINGATI, A.Md.Keb. | E75: 1 | F75: 0 | G75: 0 | H75: 1 | I75: 0 | J75: 0 | K75: 1 | L75: 1 | M75: 0 | N75: 0 | O75: 0 | P75: 0 | Q75: 0 | R75: 0 | S75: 1 | T75: 1 | U75: 1 | V75: 0 | W75: 0 | X75: 0 | Y75: 0 | Z75: 0 | AA75: 0 | AB75: 0 | AC75: 2 | AD75: 0 | AE75: 8 | AF75: 0 | AG75: 2 | AH75: 3 | AI75: 0 | AJ75: 1 | AK75: 0 | AL75: 1 | AM75: =SUM(E75:AL75) -> 24
C76: 7. YUDHO ILHAM WIJAYA, S.E. | E76: 0 | F76: 0 | G76: 0 | H76: 3 | I76: 0 | J76: 2 | K76: 0 | L76: 2 | M76: 0 | N76: 1 | O76: 3 | P76: 0 | Q76: 0 | R76: 2 | S76: 1 | T76: 0 | U76: 0 | V76: 0 | W76: 0 | X76: 0 | Y76: 0 | Z76: 0 | AA76: 0 | AB76: 3 | AC76: 0 | AD76: 0 | AE76: 0 | AF76: 0 | AG76: 0 | AH76: 0 | AI76: 0 | AJ76: 1 | AK76: 0 | AL76: 3 | AM76: =SUM(E76:AL76) -> 21
C77: 8. SETIAWATI, S.H. | E77: 0 | F77: 0 | G77: 0 | H77: 0 | I77: 0 | J77: 0 | K77: 0 | L77: 0 | M77: 0 | N77: 0 | O77: 0 | P77: 0 | Q77: 0 | R77: 1 | S77: 0 | T77: 0 | U77: 0 | V77: 0 | W77: 0 | X77: 1 | Y77: 0 | Z77: 0 | AA77: 0 | AB77: 0 | AC77: 1 | AD77: 1 | AE77: 1 | AF77: 0 | AG77: 0 | AH77: 0 | AI77: 0 | AJ77: 0 | AK77: 0 | AL77: 0 | AM77: =SUM(E77:AL77) -> 5
C78: 9. EKO BUDI SANTOSO, S.H. | E78: 0 | F78: 0 | G78: 0 | H78: 1 | I78: 0 | J78: 1 | K78: 0 | L78: 0 | M78: 0 | N78: 0 | O78: 1 | P78: 0 | Q78: 0 | R78: 1 | S78: 1 | T78: 1 | U78: 0 | V78: 0 | W78: 0 | X78: 0 | Y78: 0 | Z78: 0 | AA78: 0 | AB78: 0 | AC78: 1 | AD78: 0 | AE78: 0 | AF78: 1 | AG78: 1 | AH78: 1 | AI78: 2 | AJ78: 0 | AK78: 1 | AL78: 3 | AM78: =SUM(E78:AL78) -> 16
A79: B | B79: JUMLAH SUARA SAH PARTAI POLITIK DAN CALON (A1 + A2) | E79: =SUM(E69:E78) -> 18 | F79: =SUM(F69:F78) -> 36 | G79: =SUM(G69:G78) -> 30 | H79: =SUM(H69:H78) -> 29 | I79: =SUM(I69:I78) -> 11 | J79: =SUM(J69:J78) -> 19 | K79: =SUM(K69:K78) -> 9 | L79: =SUM(L69:L78) -> 10 | ... AM79: =SUM(AM69:AM78) -> 640
A81: A.1 | B81: 4. | C81: Partai Golongan Karya | E81: 3 | F81: 2 | G81: 6 | H81: 11 | I81: 3 | J81: 2 | K81: 1 | L81: 3 | M81: 1 | N81: 5 | O81: 5 | P81: 3 | Q81: 5 | R81: 2 | S81: 1 | T81: 2 | U81: 0 | V81: 1 | W81: 3 | X81: 6 | Y81: 3 | Z81: 1 | AA81: 0 | AB81: 1 | AC81: 1 | AD81: 3 | AE81: 2 | AF81: 2 | AG81: 2 | AH81: 1 | AI81: 1 | AJ81: 0 | AK81: 4 | AL81: 0 | AM81: =SUM(E81:AL81) -> 86
A82: A.2 | C82: 1. PRANAYA YUDHA MAHARDHIKA | E82: 1 | F82: 2 | G82: 1 | H82: 9 | I82: 4 | J82: 2 | K82: 2 | L82: 0 | M82: 3 | N82: 1 | O82: 0 | P82: 1 | Q82: 1 | R82: 1 | S82: 1 | T82: 1 | U82: 2 | V82: 2 | W82: 0 | X82: 1 | Y82: 2 | Z82: 1 | AA82: 0 | AB82: 2 | AC82: 4 | AD82: 0 | AE82: 0 | AF82: 1 | AG82: 0 | AH82: 1 | AI82: 2 | AJ82: 1 | AK82: 0 | AL82: 2 | AM82: =SUM(E82:AL82) -> 51
C83: 2. Dra. Ec. ENDANG SULASTUTY, M.I.P. | E83: 3 | F83: 0 | G83: 2 | H83: 3 | I83: 1 | J83: 1 | K83: 0 | L83: 0 | M83: 0 | N83: 0 | O83: 0 | P83: 1 | Q83: 0 | R83: 1 | S83: 1 | T83: 0 | U83: 1 | V83: 0 | W83: 1 | X83: 0 | Y83: 0 | Z83: 1 | AA83: 0 | AB83: 0 | AC83: 0 | AD83: 1 | AE83: 0 | AF83: 0 | AG83: 2 | AH83: 0 | AI83: 0 | AJ83: 0 | AK83: 0 | AL83: 0 | AM83: =SUM(E83:AL83) -> 19
C84: 3. AGUS REJEKI WARTONO | E84: 0 | F84: 1 | G84: 1 | H84: 0 | I84: 0 | J84: 0 | K84: 0 | L84: 0 | M84: 0 | N84: 0 | O84: 0 | P84: 0 | Q84: 1 | R84: 0 | S84: 0 | T84: 0 | U84: 0 | V84: 0 | W84: 0 | X84: 0 | Y84: 0 | Z84: 0 | AA84: 0 | AB84: 0 | AC84: 0 | AD84: 2 | AE84: 0 | AF84: 0 | AG84: 0 | AH84: 0 | AI84: 0 | AJ84: 0 | AK84: 0 | AL84: 0 | AM84: =SUM(E84:AL84) -> 5
C85: 4. Hj. TUTUK ASMA'A ZUCHROH, S.T., M.T. | E85: 2 | F85: 1 | G85: 3 | H85: 1 | I85: 3 | J85: 0 | K85: 0 | L85: 0 | M85: 5 | N85: 5 | O85: 17 | P85: 2 | Q85: 2 | R85: 1 | S85: 0 | T85: 2 | U85: 0 | V85: 15 | W85: 13 | X85: 0 | Y85: 1 | Z85: 6 | AA85: 7 | AB85: 4 | AC85: 6 | AD85: 66 | AE85: 0 | AF85: 4 | AG85: 1 | AH85: 1 | AI85: 4 | AJ85: 0 | AK85: 2 | AL85: 0 | AM85: =SUM(E85:AL85) -> 174
C86: 5. ADE M. RIZKI, S.E. | E86: 0 | F86: 0 | G86: 0 | H86: 0 | I86: 0 | J86: 0 | K86: 0 | L86: 0 | M86: 0 | N86: 0 | O86: 0 | P86: 0 | Q86: 1 | R86: 0 | S86: 0 | T86: 1 | U86: 1 | V86: 0 | W86: 0 | X86: 0 | Y86: 0 | Z86: 0 | AA86: 0 | AB86: 0 | AC86: 0 | AD86: 0 | AE86: 0 | AF86: 0 | AG86: 1 | AH86: 0 | AI86: 1 | AJ86: 0 | AK86: 0 | AL86: 1 | AM86: =SUM(E86:AL86) -> 6
C87: 6. ABDURAKHMAN, Bc.Kn. | E87: 2 | F87: 0 | G87: 0 | H87: 0 | I87: 0 | J87: 0 | K87: 0 | L87: 0 | M87: 0 | N87: 0 | O87: 0 | P87: 0 | Q87: 0 | R87: 1 | S87: 0 | T87: 0 | U87: 1 | V87: 0 | W87: 0 | X87: 0 | Y87: 1 | Z87: 0 | AA87: 0 | AB87: 0 | AC87: 0 | AD87: 0 | AE87: 0 | AF87: 0 | AG87: 0 | AH87: 0 | AI87: 0 | AJ87: 0 | AK87: 0 | AL87: 0 | AM87: =SUM(E87:AL87) -> 5
C88: 7. CENDY RHIYAN ADI PUTRI | E88: 0 | F88: 0 | G88: 0 | H88: 0 | I88: 0 | J88: 0 | K88: 0 | L88: 0 | M88: 0 | N88: 1 | O88: 0 | P88: 0 | Q88: 1 | R88: 0 | S88: 0 | T88: 0 | U88: 0 | V88: 0 | W88: 0 | X88: 0 | Y88: 0 | Z88: 0 | AA88: 0 | AB88: 0 | AC88: 0 | AD88: 0 | AE88: 0 | AF88: 0 | AG88: 0 | AH88: 0 | AI88: 0 | AJ88: 0 | AK88: 0 | AL88: 0 | AM88: =SUM(E88:AL88) -> 2
C89: 8. BAKTI WIJAYANTO, S.E. | E89: 0 | F89: 0 | G89: 0 | H89: 0 | I89: 0 | J89: 0 | K89: 0 | L89: 0 | M89: 0 | N89: 0 | O89: 0 | P89: 0 | Q89: 0 | R89: 0 | S89: 0 | T89: 0 | U89: 0 | V89: 0 | W89: 0 | X89: 0 | Y89: 0 | Z89: 0 | AA89: 0 | AB89: 0 | AC89: 0 | AD89: 0 | AE89: 0 | AF89: 0 | AG89: 0 | AH89: 0 | AI89: 0 | AJ89: 0 | AK89: 0 | AL89: 0 | AM89: =SUM(E89:AL89) -> 0
C90: 9. AHMAD UBAIDILLAH | E90: 0 | F90: 0 | G90: 0 | H90: 0 | I90: 0 | J90: 0 | K90: 1 | L90: 0 | M90: 0 | N90: 0 | O90: 0 | P90: 0 | Q90: 0 | R90: 1 | S90: 0 | T90: 1 | U90: 0 | V90: 0 | W90: 0 | X90: 0 | Y90: 1 | Z90: 0 | AA90: 0 | AB90: 0 | AC90: 0 | AD90: 0 | AE90: 0 | AF90: 0 | AG90: 0 | AH90: 0 | AI90: 0 | AJ90: 0 | AK90: 0 | AL90: 0 | AM90: =SUM(E90:AL90) -> 4
A91: B | B91: JUMLAH SUARA SAH PARTAI POLITIK DAN CALON (A1 + A2) | E91: =SUM(E81:E90) -> 11 | F91: =SUM(F81:F90) -> 6 | G91: =SUM(G81:G90) -> 13 | H91: =SUM(H81:H90) -> 24 | I91: =SUM(I81:I90) -> 11 | J91: =SUM(J81:J90) -> 5 | K91: =SUM(K81:K90) -> 4 | L91: =SUM(L81:L90) -> 3 | ... AM91: =SUM(AM81:AM90) -> 352
A93: A.1 | B93: 5. | C93: Partai NasDem | E93: 2 | F93: 4 | G93: 1 | H93: 2 | I93: 1 | J93: 1 | K93: 2 | L93: 6 | M93: 1 | N93: 2 | O93: 2 | P93: 1 | Q93: 0 | R93: 1 | S93: 0 | T93: 0 | U93: 2 | V93: 4 | W93: 4 | X93: 0 | Y93: 3 | Z93: 1 | AA93: 2 | AB93: 1 | AC93: 1 | AD93: 2 | AE93: 0 | AF93: 0 | AG93: 1 | AH93: 0 | AI93: 2 | AJ93: 1 | AK93: 6 | AL93: 0 | AM93: =SUM(E93:AL93) -> 56
A94: A.2 | C94: 1. ALI MUSTOFA, A.Md. | E94: 1 | F94: 0 | G94: 1 | H94: 0 | I94: 1 | J94: 4 | K94: 0 | L94: 0 | M94: 2 | N94: 0 | O94: 0 | P94: 0 | Q94: 0 | R94: 2 | S94: 0 | T94: 0 | U94: 2 | V94: 0 | W94: 1 | X94: 0 | Y94: 0 | Z94: 0 | AA94: 0 | AB94: 0 | AC94: 0 | AD94: 1 | AE94: 0 | AF94: 1 | AG94: 0 | AH94: 0 | AI94: 0 | AJ94: 1 | AK94: 2 | AL94: 3 | AM94: =SUM(E94:AL94) -> 22
C95: 2. Hj. BUAMI, S.H. | E95: 0 | F95: 1 | G95: 1 | H95: 0 | I95: 0 | J95: 0 | K95: 0 | L95: 2 | M95: 0 | N95: 0 | O95: 0 | P95: 0 | Q95: 0 | R95: 1 | S95: 0 | T95: 0 | U95: 1 | V95: 0 | W95: 0 | X95: 0 | Y95: 0 | Z95: 0 | AA95: 1 | AB95: 0 | AC95: 0 | AD95: 0 | AE95: 0 | AF95: 0 | AG95: 0 | AH95: 0 | AI95: 0 | AJ95: 0 | AK95: 0 | AL95: 0 | AM95: =SUM(E95:AL95) -> 7
C96: 3. SUGIONO, S.H. | E96: 0 | F96: 1 | G96: 0 | H96: 1 | I96: 0 | J96: 0 | K96: 0 | L96: 0 | M96: 1 | N96: 0 | O96: 2 | P96: 0 | Q96: 0 | R96: 0 | S96: 0 | T96: 0 | U96: 1 | V96: 0 | W96: 0 | X96: 1 | Y96: 0 | Z96: 1 | AA96: 0 | AB96: 0 | AC96: 0 | AD96: 0 | AE96: 0 | AF96: 1 | AG96: 0 | AH96: 0 | AI96: 0 | AJ96: 0 | AK96: 0 | AL96: 0 | AM96: =SUM(E96:AL96) -> 9
C97: 4. LULUK SUNARMIATININGSIH | E97: 0 | F97: 2 | G97: 0 | H97: 1 | I97: 0 | J97: 0 | K97: 2 | L97: 1 | M97: 2 | N97: 0 | O97: 1 | P97: 0 | Q97: 0 | R97: 1 | S97: 2 | T97: 1 | U97: 1 | V97: 2 | W97: 2 | X97: 0 | Y97: 0 | Z97: 1 | AA97: 0 | AB97: 0 | AC97: 0 | AD97: 5 | AE97: 0 | AF97: 1 | AG97: 0 | AH97: 0 | AI97: 0 | AJ97: 0 | AK97: 2 | AL97: 1 | AM97: =SUM(E97:AL97) -> 28
C98: 5. ANTON DJULIANTO ADI | E98: 0 | F98: 0 | G98: 0 | H98: 0 | I98: 1 | J98: 1 | K98: 2 | L98: 0 | M98: 2 | N98: 0 | O98: 1 | P98: 1 | Q98: 2 | R98: 0 | S98: 0 | T98: 0 | U98: 0 | V98: 0 | W98: 0 | X98: 0 | Y98: 0 | Z98: 1 | AA98: 1 | AB98: 1 | AC98: 0 | AD98: 1 | AE98: 0 | AF98: 0 | AG98: 0 | AH98: 0 | AI98: 0 | AJ98: 0 | AK98: 1 | AL98: 0 | AM98: =SUM(E98:AL98) -> 15
C99: 6. MOKHAMAD ROFI'I KHUSNAN | E99: 0 | F99: 0 | G99: 0 | H99: 0 | I99: 0 | J99: 0 | K99: 0 | L99: 0 | M99: 0 | N99: 0 | O99: 1 | P99: 0 | Q99: 0 | R99: 0 | S99: 1 | T99: 2 | U99: 0 | V99: 1 | W99: 0 | X99: 1 | Y99: 0 | Z99: 0 | AA99: 1 | AB99: 0 | AC99: 1 | AD99: 0 | AE99: 0 | AF99: 0 | AG99: 0 | AH99: 0 | AI99: 0 | AJ99: 0 | AK99: 5 | AL99: 0 | AM99: =SUM(E99:AL99) -> 13
C100: 7. Rr SETYO WATI | E100: 0 | F100: 0 | G100: 0 | H100: 0 | I100: 0 | J100: 0 | K100: 0 | L100: 0 | M100: 0 | N100: 0 | O100: 0 | P100: 0 | Q100: 0 | R100: 0 | S100: 0 | T100: 0 | U100: 1 | V100: 0 | W100: 0 | X100: 0 | Y100: 0 | Z100: 0 | AA100: 1 | AB100: 0 | AC100: 0 | AD100: 0 | AE100: 0 | AF100: 0 | AG100: 0 | AH100: 0 | AI100: 0 | AJ100: 0 | AK100: 1 | AL100: 0 | AM100: =SUM(E100:AL100) -> 3
C101: 8. ABD. KADIR ASSEGAFF | E101: 0 | F101: 0 | G101: 0 | H101: 0 | I101: 0 | J101: 0 | K101: 0 | L101: 0 | M101: 0 | N101: 0 | O101: 0 | P101: 0 | Q101: 0 | R101: 0 | S101: 0 | T101: 0 | U101: 0 | V101: 0 | W101: 0 | X101: 0 | Y101: 0 | Z101: 0 | AA101: 0 | AB101: 0 | AC101: 0 | AD101: 0 | AE101: 0 | AF101: 0 | AG101: 0 | AH101: 0 | AI101: 0 | AJ101: 0 | AK101: 0 | AL101: 0 | AM101: =SUM(E101:AL101) -> 0
C102: 9. FATHOR ZAINULLAH | E102: 0 | F102: 0 | G102: 0 | H102: 0 | I102: 0 | J102: 0 | K102: 0 | L102: 0 | M102: 0 | N102: 0 | O102: 0 | P102: 0 | Q102: 0 | R102: 0 | S102: 0 | T102: 0 | U102: 0 | V102: 0 | W102: 0 | X102: 0 | Y102: 0 | Z102: 0 | AA102: 0 | AB102: 0 | AC102: 0 | AD102: 1 | AE102: 0 | AF102: 0 | AG102: 0 | AH102: 0 | AI102: 0 | AJ102: 0 | AK102: 1 | AL102: 4 | AM102: =SUM(E102:AL102) -> 6
A103: B | B103: JUMLAH SUARA SAH PARTAI POLITIK DAN CALON (A1 + A2) | E103: =SUM(E93:E102) -> 3 | F103: =SUM(F93:F102) -> 8 | G103: =SUM(G93:G102) -> 3 | H103: =SUM(H93:H102) -> 4 | I103: =SUM(I93:I102) -> 3 | J103: =SUM(J93:J102) -> 6 | K103: =SUM(K93:K102) -> 6 | L103: =SUM(L93:L102) -> 9 | ... AM103: =SUM(AM93:AM102) -> 159
A105: A.1 | B105: 6. | C105: Partai Buruh | E105: 0 | F105: 0 | G105: 1 | H105: 0 | I105: 0 | J105: 1 | K105: 0 | L105: 0 | M105: 0 | N105: 2 | O105: 0 | P105: 0 | Q105: 0 | R105: 0 | S105: 1 | T105: 0 | U105: 0 | V105: 1 | W105: 1 | X105: 0 | Y105: 0 | Z105: 0 | AA105: 0 | AB105: 0 | AC105: 1 | AD105: 0 | AE105: 3 | AF105: 1 | AG105: 5 | AH105: 0 | AI105: 2 | AJ105: 0 | AK105: 3 | AL105: 2 | AM105: =SUM(E105:AL105) -> 24
A106: A.2 | C106: 1. AGUS SUPRIYADI | E106: 0 | F106: 0 | G106: 0 | H106: 0 | I106: 0 | J106: 0 | K106: 0 | L106: 0 | M106: 0 | N106: 0 | O106: 0 | P106: 0 | Q106: 0 | R106: 0 | S106: 2 | T106: 0 | U106: 0 | V106: 0 | W106: 0 | X106: 0 | Y106: 0 | Z106: 0 | AA106: 0 | AB106: 0 | AC106: 0 | AD106: 2 | AE106: 1 | AF106: 1 | AG106: 0 | AH106: 0 | AI106: 1 | AJ106: 0 | AK106: 0 | AL106: 2 | AM106: =SUM(E106:AL106) -> 9
C107: 2. ENI HARIATI | E107: 0 | F107: 0 | G107: 0 | H107: 0 | I107: 0 | J107: 0 | K107: 1 | L107: 0 | M107: 1 | N107: 0 | O107: 0 | P107: 1 | Q107: 0 | R107: 0 | S107: 0 | T107: 0 | U107: 0 | V107: 0 | W107: 0 | X107: 0 | Y107: 0 | Z107: 0 | AA107: 0 | AB107: 0 | AC107: 0 | AD107: 0 | AE107: 0 | AF107: 1 | AG107: 0 | AH107: 0 | AI107: 1 | AJ107: 0 | AK107: 0 | AL107: 0 | AM107: =SUM(E107:AL107) -> 5
AM108: =SUM(E108:AL108) -> 0
AM109: =SUM(E109:AL109) -> 0
AM110: =SUM(E110:AL110) -> 0
AM111: =SUM(E111:AL111) -> 0
AM112: =SUM(E112:AL112) -> 0
AM113: =SUM(E113:AL113) -> 0
AM114: =SUM(E114:AL114) -> 0
A115: B | B115: JUMLAH SUARA SAH PARTAI POLITIK DAN CALON (A1 + A2) | E115: =SUM(E105:E114) -> 0 | F115: =SUM(F105:F114) -> 0 | G115: =SUM(G105:G114) -> 1 | H115: =SUM(H105:H114) -> 0 | I115: =SUM(I105:I114) -> 0 | J115: =SUM(J105:J114) -> 1 | K115: =SUM(K105:K114) -> 1 | L115: =SUM(L105:L114) -> 0 | ... AM115: =SUM(AM105:AM114) -> 38
A117: A.1 | B117: 7. | C117: Partai Gelombang Rakyat Indonesia | E117: 0 | F117: 0 | G117: 0 | H117: 4 | I117: 0 | J117: 0 | K117: 0 | L117: 1 | M117: 0 | N117: 1 | O117: 2 | P117: 1 | Q117: 1 | R117: 1 | S117: 1 | T117: 1 | U117: 0 | V117: 1 | W117: 0 | X117: 0 | Y117: 0 | Z117: 0 | AA117: 0 | AB117: 0 | AC117: 1 | AD117: 2 | AE117: 1 | AF117: 1 | AG117: 2 | AH117: 2 | AI117: 1 | AJ117: 1 | AK117: 1 | AL117: 3 | AM117: =SUM(E117:AL117) -> 29
...

Sheet SUMBERKENCONO
C2: Kecamatan | D2: WONGSOREJO
C3: Kabupaten | D3: BANYUWANGI
C4: Provinsi | D4: JAWA TIMUR
C9: Kelurahan | D9: SUMBERKENCONO
A12: I | B12: DATA PEMILIH DAN PENGGUNAAN HAK PILIH | T12: JUMLAH AKHIR
A13: A | B13: DATA PEMILIH | E13: TPS 001 | F13: TPS 002 | G13: TPS 003 | H13: TPS 004 | I13: TPS 005 | J13: TPS 006 | K13: TPS 007 | L13: TPS 008 | M13: TPS 009 | N13: TPS 010 | O13: TPS 011 | P13: TPS 012 | Q13: TPS 013 | R13: TPS 014 | S13: TPS 015
B14: Jumlah Pemilih dalam Daftar Pemilih Tetap (DPT) | D14: LK | E14: 140 | F14: 147 | G14: 125 | H14: 131 | I14: 134 | J14: 149 | K14: 141 | L14: 143 | M14: 154 | N14: 131 | O14: 140 | P14: 148 | Q14: 146 | R14: 131 | S14: 141 | T14: =SUM(E14:S14) -> 2101
D15: PR | E15: 127 | F15: 140 | G15: 123 | H15: 145 | I15: 129 | J15: 145 | K15: 149 | L15: 149 | M15: 144 | N15: 150 | O15: 146 | P15: 138 | Q15: 150 | R15: 156 | S15: 152 | T15: =SUM(E15:S15) -> 2143
D16: JML | E16: =SUM(E14:E15) -> 267 | F16: =SUM(F14:F15) -> 287 | G16: =SUM(G14:G15) -> 248 | H16: =SUM(H14:H15) -> 276 | I16: =SUM(I14:I15) -> 263 | J16: =SUM(J14:J15) -> 294 | K16: =SUM(K14:K15) -> 290 | L16: =SUM(L14:L15) -> 292 | ... S16: =SUM(S14:S15) -> 293 | T16: =SUM(E16:S16) -> 4244
A18: B | B18: PENGGUNA HAK PILIH
B19: 1. | C19: Jumlah pengguna hak pilih dalam Daftar Pemilih Tetap (DPT) | D19: LK | E19: 99 | F19: 108 | G19: 94 | H19: 91 | I19: 106 | J19: 109 | K19: 118 | L19: 101 | M19: 108 | N19: 97 | O19: 104 | P19: 117 | Q19: 105 | R19: 105 | S19: 111 | T19: =SUM(E19:S19) -> 1573
D20: PR | E20: 112 | F20: 111 | G20: 98 | H20: 110 | I20: 114 | J20: 111 | K20: 125 | L20: 111 | M20: 107 | N20: 121 | O20: 118 | P20: 114 | Q20: 121 | R20: 120 | S20: 132 | T20: =SUM(E20:S20) -> 1725
D21: JML | E21: =SUM(E19:E20) -> 211 | F21: =SUM(F19:F20) -> 219 | G21: =SUM(G19:G20) -> 192 | H21: =SUM(H19:H20) -> 201 | I21: =SUM(I19:I20) -> 220 | J21: =SUM(J19:J20) -> 220 | K21: =SUM(K19:K20) -> 243 | L21: =SUM(L19:L20) -> 212 | ... S21: =SUM(S19:S20) -> 243 | T21: =SUM(E21:S21) -> 3298
B22: 2. | C22: Jumlah pengguna hak pilih dalam Daftar Pemilih Tambahan (DPTb) | D22: LK | E22: 0 | F22: 0 | G22: 0 | H22: 2 | I22: 1 | J22: 0 | K22: 0 | L22: 0 | M22: 0 | N22: 0 | O22: 0 | P22: 0 | Q22: 0 | R22: 0 | S22: 0 | T22: =SUM(E22:S22) -> 3
D23: PR | E23: 0 | F23: 0 | G23: 0 | H23: 2 | I23: 1 | J23: 0 | K23: 0 | L23: 0 | M23: 0 | N23: 0 | O23: 0 | P23: 0 | Q23: 0 | R23: 0 | S23: 0 | T23: =SUM(E23:S23) -> 3
D24: JML | E24: =SUM(E22:E23) -> 0 | F24: =SUM(F22:F23) -> 0 | G24: =SUM(G22:G23) -> 0 | H24: =SUM(H22:H23) -> 4 | I24: =SUM(I22:I23) -> 2 | J24: =SUM(J22:J23) -> 0 | K24: =SUM(K22:K23) -> 0 | L24: =SUM(L22:L23) -> 0 | ... S24: =SUM(S22:S23) -> 0 | T24: =SUM(E24:S24) -> 6
B25: 3. | C25: Jumlah pengguna hak pilih dalam Daftar Pemilih Khusus (DPK) | D25: LK | E25: 0 | F25: 0 | G25: 0 | H25: 0 | I25: 0 | J25: 0 | K25: 0 | L25: 0 | M25: 0 | N25: 0 | O25: 0 | P25: 0 | Q25: 0 | R25: 1 | S25: 2 | T25: =SUM(E25:S25) -> 3
D26: PR | E26: 0 | F26: 0 | G26: 0 | H26: 0 | I26: 0 | J26: 0 | K26: 0 | L26: 0 | M26: 2 | N26: 0 | O26: 0 | P26: 0 | Q26: 0 | R26: 0 | S26: 1 | T26: =SUM(E26:S26) -> 3
D27: JML | E27: =SUM(E25:E26) -> 0 | F27: =SUM(F25:F26) -> 0 | G27: =SUM(G25:G26) -> 0 | H27: =SUM(H25:H26) -> 0 | I27: =SUM(I25:I26) -> 0 | J27: =SUM(J25:J26) -> 0 | K27: =SUM(K25:K26) -> 0 | L27: =SUM(L25:L26) -> 0 | ... S27: =SUM(S25:S26) -> 3 | T27: =SUM(E27:S27) -> 6
B28: 4. | C28: Jumlah Pengguna Hak Pilih (B.1+B.2+B.3) | D28: LK | E28: =SUM(E19,E22,E25) -> 99 | F28: =SUM(F19,F22,F25) -> 108 | G28: =SUM(G19,G22,G25) -> 94 | H28: =SUM(H19,H22,H25) -> 93 | I28: =SUM(I19,I22,I25) -> 107 | J28: =SUM(J19,J22,J25) -> 109 | K28: =SUM(K19,K22,K25) -> 118 | L28: =SUM(L19,L22,L25) -> 101 | ... S28: =SUM(S19,S22,S25) -> 113 | T28: =SUM(E28:S28) -> 1579
D29: PR | E29: =SUM(E20,E23,E26) -> 112 | F29: =SUM(F20,F23,F26) -> 111 | G29: =SUM(G20,G23,G26) -> 98 | H29: =SUM(H20,H23,H26) -> 112 | I29: =SUM(I20,I23,I26) -> 115 | J29: =SUM(J20,J23,J26) -> 111 | K29: =SUM(K20,K23,K26) -> 125 | L29: =SUM(L20,L23,L26) -> 111 | ... S29: =SUM(S20,S23,S26) -> 133 | T29: =SUM(E29:S29) -> 1731
D30: JML | E30: =SUM(E28:E29) -> 211 | F30: =SUM(F28:F29) -> 219 | G30: =SUM(G28:G29) -> 192 | H30: =SUM(H28:H29) -> 205 | I30: =SUM(I28:I29) -> 222 | J30: =SUM(J28:J29) -> 220 | K30: =SUM(K28:K29) -> 243 | L30: =SUM(L28:L29) -> 212 | ... S30: =SUM(S28:S29) -> 246 | T30: =SUM(E30:S30) -> 3310
A32: II | B32: DATA PENGGUNAAN SURAT SUARA
A33: 1 | B33: Jumlah surat suara yang diterima, termasuk surat suara cadangan 2,5% dari DPT | E33: 273 | F33: 293 | G33: 253 | H33: 282 | I33: 269 | J33: 300 | K33: 296 | L33: 278 | M33: 304 | N33: 287 | O33: 292 | P33: 292 | Q33: 302 | R33: 293 | S33: 299 | T33: =SUM(E33:S33) -> 4313
A34: 2 | B34: Jumlah surat suara yang digunakan | E34: 211 | F34: 219 | G34: 192 | H34: 205 | I34: 222 | J34: 220 | K34: 243 | L34: 212 | M34: 217 | N34: 218 | O34: 222 | P34: 231 | Q34: 226 | R34: 226 | S34: 246 | T34: =SUM(E34:S34) -> 3310
A35: 3 | B35: Jumlah surat suara dikembalikan oleh pemilih (karena rusak atau keliru coblos) | E35: 0 | F35: 0 | G35: 0 | H35: 0 | I35: 1 | J35: 0 | K35: 0 | L35: 0 | M35: 0 | N35: 0 | O35: 0 | P35: 0 | Q35: 0 | R35: 0 | S35: 1 | T35: =SUM(E35:S35) -> 2
A36: 4 | B36: Jumlah surat suara yang tidak digunakan/tidak terpakai, termasuk sisa surat suara cadangan | E36: =E33-(E34+E35) -> 62 | F36: =F33-(F34+F35) -> 74 | G36: =G33-(G34+G35) -> 61 | H36: =H33-(H34+H35) -> 77 | I36: =I33-(I34+I35) -> 46 | J36: =J33-(J34+J35) -> 80 | K36: =K33-(K34+K35) -> 53 | L36: =L33-(L34+L35) -> 66 | ... S36: =S33-(S34+S35) -> 52 | T36: =SUM(E36:S36) -> 1001
A38: III | B38: DATA PEMILIH DISABILITAS
B39: Jumlah seluruh Pemilih disabilitas yang menggunakan hak pilih | D39: LK | E39: 0 | F39: 0 | G39: 0 | H39: 0 | I39: 0 | J39: 0 | K39: 1 | L39: 0 | M39: 0 | N39: 0 | O39: 0 | P39: 0 | Q39: 0 | R39: 0 | S39: 0 | T39: =SUM(E39:S39) -> 1
D40: PR | E40: 0 | F40: 0 | G40: 0 | H40: 0 | I40: 0 | J40: 0 | K40: 0 | L40: 0 | M40: 0 | N40: 0 | O40: 0 | P40: 0 | Q40: 0 | R40: 0 | S40: 0 | T40: =SUM(E40:S40) -> 0
D41: JML | E41: =SUM(E39:E40) -> 0 | F41: =SUM(F39:F40) -> 0 | G41: =SUM(G39:G40) -> 0 | H41: =SUM(H39:H40) -> 0 | I41: =SUM(I39:I40) -> 0 | J41: =SUM(J39:J40) -> 0 | K41: =SUM(K39:K40) -> 1 | L41: =SUM(L39:L40) -> 0 | ... S41: =SUM(S39:S40) -> 0 | T41: =SUM(E41:S41) -> 1
A43: IV | B43: DATA RINCIAN PEROLEHAN SUARA PASANGAN CALON BUPATI DAN WAKIL BUPATI
A44: NOMOR DAN NAMA CALON
A45: A.1 | B45: 1. | C45: Partai Kebangkitan Bangsa | E45: 14 | F45: 1 | G45: 5 | H45: 10 | I45: 4 | J45: 1 | K45: 6 | L45: 14 | M45: 7 | N45: 13 | O45: 10 | P45: 4 | Q45: 4 | R45: 10 | S45: 16 | T45: =SUM(E45:S45) -> 119
A46: A.2 | C46: 1. Dra. Hj. MA`MULAH HARUN, M.Pd.I. | E46: 17 | F46: 15 | G46: 17 | H46: 10 | I46: 39 | J46: 6 | K46: 17 | L46: 13 | M46: 5 | N46: 3 | O46: 9 | P46: 5 | Q46: 11 | R46: 19 | S46: 9 | T46: =SUM(E46:S46) -> 195
C47: 2. UBAIDILLAH, S.Fil.I. | E47: 11 | F47: 3 | G47: 9 | H47: 2 | I47: 9 | J47: 4 | K47: 6 | L47: 0 | M47: 1 | N47: 3 | O47: 2 | P47: 3 | Q47: 7 | R47: 12 | S47: 13 | T47: =SUM(E47:S47) -> 85
C48: 3. Ir. H. YOYOK MULYADI, M.Si. | E48: 2 | F48: 0 | G48: 2 | H48: 2 | I48: 0 | J48: 0 | K48: 18 | L48: 2 | M48: 2 | N48: 0 | O48: 5 | P48: 6 | Q48: 5 | R48: 5 | S48: 30 | T48: =SUM(E48:S48) -> 79
C49: 4. KHOIRUL ANWAR, S.Fil.I. | E49: 0 | F49: 0 | G49: 2 | H49: 0 | I49: 0 | J49: 1 | K49: 3 | L49: 0 | M49: 0 | N49: 4 | O49: 0 | P49: 0 | Q49: 1 | R49: 2 | S49: 2 | T49: =SUM(E49:S49) -> 15
C50: 5. ARIF WIJAKSANA | E50: 0 | F50: 0 | G50: 2 | H50: 1 | I50: 1 | J50: 1 | K50: 1 | L50: 0 | M50: 0 | N50: 0 | O50: 0 | P50: 4 | Q50: 1 | R50: 0 | S50: 0 | T50: =SUM(E50:S50) -> 11
C51: 6. Dr. SITI YUMNAH | E51: 3 | F51: 0 | G51: 0 | H51: 1 | I51: 0 | J51: 0 | K51: 0 | L51: 1 | M51: 2 | N51: 0 | O51: 0 | P51: 2 | Q51: 0 | R51: 1 | S51: 0 | T51: =SUM(E51:S51) -> 10
C52: 7. MOHAMMAD ZAINI, M.Pd.I. | E52: 0 | F52: 0 | G52: 3 | H52: 0 | I52: 1 | J52: 0 | K52: 1 | L52: 3 | M52: 0 | N52: 1 | O52: 0 | P52: 1 | Q52: 1 | R52: 0 | S52: 1 | T52: =SUM(E52:S52) -> 12
C53: 8. FAWAIDUL MAKKIYAH | E53: 1 | F53: 0 | G53: 1 | H53: 0 | I53: 0 | J53: 0 | K53: 1 | L53: 0 | M53: 0 | N53: 0 | O53: 0 | P53: 1 | Q53: 0 | R53: 0 | S53: 0 | T53: =SUM(E53:S53) -> 4
C54: 9. IFFAH HIDAYATUR ROHMAH, S.Sos. | E54: 0 | F54: 0 | G54: 0 | H54: 2 | I54: 0 | J54: 0 | K54: 0 | L54: 0 | M54: 0 | N54: 1 | O54: 0 | P54: 0 | Q54: 0 | R54: 1 | S54: 1 | T54: =SUM(E54:S54) -> 5
A55: B | B55: JUMLAH SUARA SAH PARTAI POLITIK DAN CALON (A1 + A2) | E55: =SUM(E45:E54) -> 48 | F55: =SUM(F45:F54) -> 19 | G55: =SUM(G45:G54) -> 41 | H55: =SUM(H45:H54) -> 28 | I55: =SUM(I45:I54) -> 54 | J55: =SUM(J45:J54) -> 13 | K55: =SUM(K45:K54) -> 53 | L55: =SUM(L45:L54) -> 33 | ... T55: =SUM(T45:T54) -> 535
A57: A.1 | B57: 2. | C57: Partai Gerakan Indonesia Raya | E57: 10 | F57: 21 | G57: 12 | H57: 21 | I57: 20 | J57: 35 | K57: 13 | L57: 23 | M57: 32 | N57: 26 | O57: 33 | P57: 21 | Q57: 14 | R57: 16 | S57: 23 | T57: =SUM(E57:S57) -> 320
A58: A.2 | C58: 1. AHMAD HADINUDDIN, S.Pd.I. | E58: 15 | F58: 10 | G58: 10 | H58: 9 | I58: 4 | J58: 8 | K58: 7 | L58: 5 | M58: 16 | N58: 8 | O58: 17 | P58: 7 | Q58: 3 | R58: 7 | S58: 13 | T58: =SUM(E58:S58) -> 139
C59: 2. BIMA RAFSANJANI RAFID | E59: 41 | F59: 70 | G59: 42 | H59: 40 | I59: 62 | J59: 67 | K59: 35 | L59: 43 | M59: 49 | N59: 26 | O59: 90 | P59: 45 | Q59: 40 | R59: 42 | S59: 57 | T59: =SUM(E59:S59) -> 749
C60: 3. IRA DAMAYANTI | E60: 0 | F60: 4 | G60: 2 | H60: 4 | I60: 2 | J60: 0 | K60: 2 | L60: 6 | M60: 3 | N60: 3 | O60: 3 | P60: 2 | Q60: 1 | R60: 5 | S60: 6 | T60: =SUM(E60:S60) -> 43
C61: 4. MAULANA MALIK IBRAHIM, S.H. | E61: 3 | F61: 10 | G61: 10 | H61: 3 | I61: 4 | J61: 3 | K61: 4 | L61: 1 | M61: 5 | N61: 2 | O61: 2 | P61: 0 | Q61: 0 | R61: 4 | S61: 3 | T61: =SUM(E61:S61) -> 54
C62: 5. LULUK ALFIATI | E62: 2 | F62: 3 | G62: 2 | H62: 4 | I62: 2 | J62: 2 | K62: 2 | L62: 0 | M62: 1 | N62: 4 | O62: 1 | P62: 2 | Q62: 3 | R62: 1 | S62: 2 | T62: =SUM(E62:S62) -> 31
C63: 6. ILHAM WAHYUDI, S.H. | E63: 0 | F63: 1 | G63: 1 | H63: 0 | I63: 0 | J63: 0 | K63: 0 | L63: 2 | M63: 0 | N63: 0 | O63: 1 | P63: 0 | Q63: 0 | R63: 1 | S63: 1 | T63: =SUM(E63:S63) -> 7
C64: 7. HAERUL ANWAR, S.Pd.I. | E64: 1 | F64: 0 | G64: 0 | H64: 0 | I64: 0 | J64: 0 | K64: 0 | L64: 0 | M64: 0 | N64: 0 | O64: 1 | P64: 0 | Q64: 1 | R64: 1 | S64: 0 | T64: =SUM(E64:S64) -> 4
C65: 8. YOVI ADHITYA WARDANI | E65: 0 | F65: 0 | G65: 0 | H65: 0 | I65: 0 | J65: 0 | K65: 0 | L65: 0 | M65: 0 | N65: 0 | O65: 0 | P65: 0 | Q65: 0 | R65: 0 | S65: 0 | T65: =SUM(E65:S65) -> 0
C66: 9. RITA AMELIA | E66: 0 | F66: 0 | G66: 0 | H66: 2 | I66: 1 | J66: 2 | K66: 1 | L66: 1 | M66: 0 | N66: 0 | O66: 0 | P66: 2 | Q66: 0 | R66: 1 | S66: 1 | T66: =SUM(E66:S66) -> 11
A67: B | B67: JUMLAH SUARA SAH PARTAI POLITIK DAN CALON (A1 + A2) | E67: =SUM(E57:E66) -> 72 | F67: =SUM(F57:F66) -> 119 | G67: =SUM(G57:G66) -> 79 | H67: =SUM(H57:H66) -> 83 | I67: =SUM(I57:I66) -> 95 | J67: =SUM(J57:J66) -> 117 | K67: =SUM(K57:K66) -> 64 | L67: =SUM(L57:L66) -> 81 | ... T67: =SUM(T57:T66) -> 1358
A69: A.1 | B69: 3. | C69: Partai Demokrasi Indonesia Perjuangan | E69: 13 | F69: 7 | G69: 2 | H69: 8 | I69: 4 | J69: 13 | K69: 4 | L69: 8 | M69: 7 | N69: 13 | O69: 1 | P69: 16 | Q69: 13 | R69: 10 | S69: 3 | T69: =SUM(E69:S69) -> 122
A70: A.2 | C70: 1. MARTIN H., S.H., M.H. | E70: 4 | F70: 20 | G70: 2 | H70: 5 | I70: 2 | J70: 2 | K70: 2 | L70: 2 | M70: 4 | N70: 7 | O70: 3 | P70: 23 | Q70: 6 | R70: 10 | S70: 5 | T70: =SUM(E70:S70) -> 97
C71: 2. HERMANTO, S.E. | E71: 4 | F71: 4 | G71: 2 | H71: 2 | I71: 6 | J71: 4 | K71: 1 | L71: 4 | M71: 4 | N71: 25 | O71: 0 | P71: 5 | Q71: 3 | R71: 6 | S71: 2 | T71: =SUM(E71:S71) -> 72
C72: 3. EVY SUSILAWATI, S.E., M.M. | E72: 4 | F72: 1 | G72: 1 | H72: 4 | I72: 0 | J72: 1 | K72: 2 | L72: 1 | M72: 5 | N72: 2 | O72: 0 | P72: 4 | Q72: 5 | R72: 4 | S72: 2 | T72: =SUM(E72:S72) -> 36
C73: 4. M. SIROTTUDIN | E73: 2 | F73: 3 | G73: 3 | H73: 0 | I73: 2 | J73: 5 | K73: 1 | L73: 5 | M73: 6 | N73: 4 | O73: 1 | P73: 4 | Q73: 4 | R73: 4 | S73: 7 | T73: =SUM(E73:S73) -> 51
C74: 5. ABDUL HAFID, S.H. | E74: 0 | F74: 1 | G74: 0 | H74: 1 | I74: 0 | J74: 1 | K74: 2 | L74: 0 | M74: 1 | N74: 2 | O74: 0 | P74: 2 | Q74: 2 | R74: 1 | S74: 1 | T74: =SUM(E74:S74) -> 14
C75: 6. NIKITA FORTUNA SURYANINGATI, A.Md.Keb. | E75: 0 | F75: 0 | G75: 0 | H75: 0 | I75: 1 | J75: 2 | K75: 0 | L75: 0 | M75: 1 | N75: 0 | O75: 0 | P75: 2 | Q75: 3 | R75: 1 | S75: 0 | T75: =SUM(E75:S75) -> 10
C76: 7. YUDHO ILHAM WIJAYA, S.E. | E76: 0 | F76: 0 | G76: 0 | H76: 3 | I76: 0 | J76: 0 | K76: 0 | L76: 0 | M76: 1 | N76: 0 | O76: 0 | P76: 1 | Q76: 2 | R76: 0 | S76: 2 | T76: =SUM(E76:S76) -> 9
C77: 8. SETIAWATI, S.H. | E77: 1 | F77: 0 | G77: 0 | H77: 0 | I77: 1 | J77: 0 | K77: 0 | L77: 0 | M77: 0 | N77: 3 | O77: 0 | P77: 0 | Q77: 0 | R77: 0 | S77: 1 | T77: =SUM(E77:S77) -> 6
C78: 9. EKO BUDI SANTOSO, S.H. | E78: 0 | F78: 1 | G78: 0 | H78: 0 | I78: 0 | J78: 1 | K78: 0 | L78: 0 | M78: 0 | N78: 0 | O78: 0 | P78: 0 | Q78: 2 | R78: 1 | S78: 1 | T78: =SUM(E78:S78) -> 6
A79: B | B79: JUMLAH SUARA SAH PARTAI POLITIK DAN CALON (A1 + A2) | E79: =SUM(E69:E78) -> 28 | F79: =SUM(F69:F78) -> 37 | G79: =SUM(G69:G78) -> 10 | H79: =SUM(H69:H78) -> 23 | I79: =SUM(I69:I78) -> 16 | J79: =SUM(J69:J78) -> 29 | K79: =SUM(K69:K78) -> 12 | L79: =SUM(L69:L78) -> 20 | ... T79: =SUM(T69:T78) -> 423
A81: A.1 | B81: 4. | C81: Partai Golongan Karya | E81: 4 | F81: 5 | G81: 6 | H81: 1 | I81: 2 | J81: 1 | K81: 4 | L81: 12 | M81: 7 | N81: 6 | O81: 2 | P81: 2 | Q81: 8 | R81: 2 | S81: 1 | T81: =SUM(E81:S81) -> 63
A82: A.2 | C82: 1. PRANAYA YUDHA MAHARDHIKA | E82: 12 | F82: 6 | G82: 3 | H82: 11 | I82: 2 | J82: 18 | K82: 4 | L82: 5 | M82: 5 | N82: 7 | O82: 2 | P82: 12 | Q82: 35 | R82: 4 | S82: 2 | T82: =SUM(E82:S82) -> 128
C83: 2. Dra. Ec. ENDANG SULASTUTY, M.I.P. | E83: 1 | F83: 0 | G83: 0 | H83: 1 | I83: 0 | J83: 1 | K83: 4 | L83: 3 | M83: 2 | N83: 2 | O83: 0 | P83: 0 | Q83: 2 | R83: 1 | S83: 0 | T83: =SUM(E83:S83) -> 17
C84: 3. AGUS REJEKI WARTONO | E84: 0 | F84: 1 | G84: 2 | H84: 0 | I84: 1 | J84: 0 | K84: 1 | L84: 0 | M84: 0 | N84: 1 | O84: 0 | P84: 0 | Q84: 1 | R84: 0 | S84: 0 | T84: =SUM(E84:S84) -> 7
C85: 4. Hj. TUTUK ASMA'A ZUCHROH, S.T., M.T. | E85: 1 | F85: 3 | G85: 0 | H85: 0 | I85: 0 | J85: 7 | K85: 2 | L85: 0 | M85: 2 | N85: 1 | O85: 0 | P85: 0 | Q85: 0 | R85: 0 | S85: 3 | T85: =SUM(E85:S85) -> 19
C86: 5. ADE M. RIZKI, S.E. | E86: 0 | F86: 0 | G86: 0 | H86: 0 | I86: 2 | J86: 1 | K86: 1 | L86: 1 | M86: 0 | N86: 0 | O86: 0 | P86: 1 | Q86: 1 | R86: 0 | S86: 0 | T86: =SUM(E86:S86) -> 7
C87: 6. ABDURAKHMAN, Bc.Kn. | E87: 0 | F87: 0 | G87: 0 | H87: 0 | I87: 0 | J87: 0 | K87: 0 | L87: 1 | M87: 1 | N87: 0 | O87: 0 | P87: 1 | Q87: 0 | R87: 0 | S87: 0 | T87: =SUM(E87:S87) -> 3
C88: 7. CENDY RHIYAN ADI PUTRI | E88: 0 | F88: 0 | G88: 0 | H88: 0 | I88: 0 | J88: 0 | K88: 0 | L88: 0 | M88: 0 | N88: 0 | O88: 0 | P88: 0 | Q88: 1 | R88: 0 | S88: 0 | T88: =SUM(E88:S88) -> 1
C89: 8. BAKTI WIJAYANTO, S.E. | E89: 0 | F89: 0 | G89: 0 | H89: 0 | I89: 0 | J89: 0 | K89: 0 | L89: 0 | M89: 0 | N89: 0 | O89: 0 | P89: 0 | Q89: 0 | R89: 0 | S89: 0 | T89: =SUM(E89:S89) -> 0
C90: 9. AHMAD UBAIDILLAH | E90: 0 | F90: 0 | G90: 0 | H90: 1 | I90: 1 | J90: 0 | K90: 0 | L90: 0 | M90: 1 | N90: 1 | O90: 0 | P90: 1 | Q90: 0 | R90: 0 | S90: 0 | T90: =SUM(E90:S90) -> 5
A91: B | B91: JUMLAH SUARA SAH PARTAI POLITIK DAN CALON (A1 + A2) | E91: =SUM(E81:E90) -> 18 | F91: =SUM(F81:F90) -> 15 | G91: =SUM(G81:G90) -> 11 | H91: =SUM(H81:H90) -> 14 | I91: =SUM(I81:I90) -> 8 | J91: =SUM(J81:J90) -> 28 | K91: =SUM(K81:K90) -> 16 | L91: =SUM(L81:L90) -> 22 | ... T91: =SUM(T81:T90) -> 250
A93: A.1 | B93: 5. | C93: Partai NasDem | E93: 1 | F93: 0 | G93: 1 | H93: 1 | I93: 0 | J93: 1 | K93: 1 | L93: 0 | M93: 0 | N93: 1 | O93: 2 | P93: 1 | Q93: 1 | R93: 2 | S93: 1 | T93: =SUM(E93:S93) -> 13
A94: A.2 | C94: 1. ALI MUSTOFA, A.Md. | E94: 0 | F94: 2 | G94: 1 | H94: 0 | I94: 0 | J94: 0 | K94: 0 | L94: 0 | M94: 1 | N94: 2 | O94: 2 | P94: 0 | Q94: 1 | R94: 1 | S94: 0 | T94: =SUM(E94:S94) -> 10
C95: 2. Hj. BUAMI, S.H. | E95: 0 | F95: 0 | G95: 1 | H95: 0 | I95: 0 | J95: 0 | K95: 0 | L95: 1 | M95: 0 | N95: 1 | O95: 0 | P95: 0 | Q95: 0 | R95: 0 | S95: 0 | T95: =SUM(E95:S95) -> 3
C96: 3. SUGIONO, S.H. | E96: 0 | F96: 0 | G96: 0 | H96: 0 | I96: 0 | J96: 0 | K96: 0 | L96: 0 | M96: 0 | N96: 1 | O96: 0 | P96: 0 | Q96: 0 | R96: 0 | S96: 0 | T96: =SUM(E96:S96) -> 1
C97: 4. LULUK SUNARMIATININGSIH | E97: 0 | F97: 0 | G97: 0 | H97: 1 | I97: 1 | J97: 2 | K97: 0 | L97: 0 | M97: 1 | N97: 1 | O97: 0 | P97: 0 | Q97: 0 | R97: 0 | S97: 0 | T97: =SUM(E97:S97) -> 6
C98: 5. ANTON DJULIANTO ADI | E98: 0 | F98: 0 | G98: 0 | H98: 0 | I98: 0 | J98: 0 | K98: 0 | L98: 0 | M98: 0 | N98: 0 | O98: 0 | P98: 1 | Q98: 0 | R98: 0 | S98: 1 | T98: =SUM(E98:S98) -> 2
C99: 6. MOKHAMAD ROFI'I KHUSNAN | E99: 0 | F99: 0 | G99: 0 | H99: 0 | I99: 0 | J99: 0 | K99: 0 | L99: 1 | M99: 0 | N99: 0 | O99: 0 | P99: 0 | Q99: 2 | R99: 0 | S99: 0 | T99: =SUM(E99:S99) -> 3
C100: 7. Rr SETYO WATI | E100: 0 | F100: 0 | G100: 0 | H100: 0 | I100: 0 | J100: 0 | K100: 0 | L100: 0 | M100: 0 | N100: 0 | O100: 0 | P100: 0 | Q100: 0 | R100: 0 | S100: 0 | T100: =SUM(E100:S100) -> 0
C101: 8. ABD. KADIR ASSEGAFF | E101: 0 | F101: 0 | G101: 0 | H101: 0 | I101: 0 | J101: 0 | K101: 0 | L101: 0 | M101: 0 | N101: 0 | O101: 0 | P101: 0 | Q101: 0 | R101: 0 | S101: 0 | T101: =SUM(E101:S101) -> 0
C102: 9. FATHOR ZAINULLAH | E102: 0 | F102: 0 | G102: 0 | H102: 0 | I102: 0 | J102: 0 | K102: 0 | L102: 0 | M102: 0 | N102: 0 | O102: 0 | P102: 0 | Q102: 0 | R102: 0 | S102: 0 | T102: =SUM(E102:S102) -> 0
A103: B | B103: JUMLAH SUARA SAH PARTAI POLITIK DAN CALON (A1 + A2) | E103: =SUM(E93:E102) -> 1 | F103: =SUM(F93:F102) -> 2 | G103: =SUM(G93:G102) -> 3 | H103: =SUM(H93:H102) -> 2 | I103: =SUM(I93:I102) -> 1 | J103: =SUM(J93:J102) -> 3 | K103: =SUM(K93:K102) -> 1 | L103: =SUM(L93:L102) -> 2 | ... T103: =SUM(T93:T102) -> 38
A105: A.1 | B105: 6. | C105: Partai Buruh | E105: 2 | F105: 0 | G105: 0 | H105: 0 | I105: 0 | J105: 1 | K105: 0 | L105: 1 | M105: 1 | N105: 0 | O105: 0 | P105: 0 | Q105: 3 | R105: 1 | S105: 0 | T105: =SUM(E105:S105) -> 9
A106: A.2 | C106: 1. AGUS SUPRIYADI | E106: 0 | F106: 0 | G106: 0 | H106: 0 | I106: 0 | J106: 0 | K106: 0 | L106: 0 | M106: 0 | N106: 0 | O106: 1 | P106: 0 | Q106: 0 | R106: 1 | S106: 0 | T106: =SUM(E106:S106) -> 2
C107: 2. ENI HARIATI | E107: 0 | F107: 0 | G107: 0 | H107: 0 | I107: 1 | J107: 0 | K107: 0 | L107: 0 | M107: 0 | N107: 0 | O107: 0 | P107: 0 | Q107: 0 | R107: 1 | S107: 0 | T107: =SUM(E107:S107) -> 2
T108: =SUM(E108:S108) -> 0
T109: =SUM(E109:S109) -> 0
T110: =SUM(E110:S110) -> 0
T111: =SUM(E111:S111) -> 0
T112: =SUM(E112:S112) -> 0
T113: =SUM(E113:S113) -> 0
T114: =SUM(E114:S114) -> 0
A115: B | B115: JUMLAH SUARA SAH PARTAI POLITIK DAN CALON (A1 + A2) | E115: =SUM(E105:E114) -> 2 | F115: =SUM(F105:F114) -> 0 | G115: =SUM(G105:G114) -> 0 | H115: =SUM(H105:H114) -> 0 | I115: =SUM(I105:I114) -> 1 | J115: =SUM(J105:J114) -> 1 | K115: =SUM(K105:K114) -> 0 | L115: =SUM(L105:L114) -> 1 | ... T115: =SUM(T105:T114) -> 13
A117: A.1 | B117: 7. | C117: Partai Gelombang Rakyat Indonesia | E117: 0 | F117: 0 | G117: 0 | H117: 1 | I117: 0 | J117: 0 | K117: 1 | L117: 0 | M117: 1 | N117: 0 | O117: 0 | P117: 0 | Q117: 0 | R117: 3 | S117: 0 | T117: =SUM(E117:S117) -> 6
...

Sheet SIDODADI
C2: Kecamatan | D2: WONGSOREJO
C3: Kabupaten | D3: BANYUWANGI
C4: Provinsi | D4: JAWA TIMUR
C9: Kelurahan | D9: SIDODADI
A12: I | B12: DATA PEMILIH DAN PENGGUNAAN HAK PILIH | U12: JUMLAH AKHIR
A13: A | B13: DATA PEMILIH | E13: TPS 001 | F13: TPS 002 | G13: TPS 003 | H13: TPS 004 | I13: TPS 005 | J13: TPS 006 | K13: TPS 007 | L13: TPS 008 | M13: TPS 009 | N13: TPS 010 | O13: TPS 011 | P13: TPS 012 | Q13: TPS 013 | R13: TPS 014 | S13: TPS 015 | T13: TPS 016
B14: Jumlah Pemilih dalam Daftar Pemilih Tetap (DPT) | D14: LK | E14: 137 | F14: 130 | G14: 151 | H14: 129 | I14: 134 | J14: 151 | K14: 141 | L14: 120 | M14: 133 | N14: 121 | O14: 141 | P14: 144 | Q14: 148 | R14: 149 | S14: 130 | T14: 94 | U14: =SUM(E14:T14) -> 2153
D15: PR | E15: 138 | F15: 132 | G15: 139 | H15: 125 | I15: 157 | J15: 135 | K15: 134 | L15: 113 | M15: 136 | N15: 126 | O15: 146 | P15: 143 | Q15: 138 | R15: 146 | S15: 122 | T15: 89 | U15: =SUM(E15:T15) -> 2119
D16: JML | E16: =SUM(E14:E15) -> 275 | F16: =SUM(F14:F15) -> 262 | G16: =SUM(G14:G15) -> 290 | H16: =SUM(H14:H15) -> 254 | I16: =SUM(I14:I15) -> 291 | J16: =SUM(J14:J15) -> 286 | K16: =SUM(K14:K15) -> 275 | L16: =SUM(L14:L15) -> 233 | ... T16: =SUM(T14:T15) -> 183 | U16: =SUM(E16:T16) -> 4272
A18: B | B18: PENGGUNA HAK PILIH
B19: 1. | C19: Jumlah pengguna hak pilih dalam Daftar Pemilih Tetap (DPT) | D19: LK | E19: 111 | F19: 98 | G19: 131 | H19: 96 | I19: 95 | J19: 122 | K19: 103 | L19: 85 | M19: 92 | N19: 85 | O19: 89 | P19: 107 | Q19: 106 | R19: 109 | S19: 93 | T19: 73 | U19: =SUM(E19:T19) -> 1595
D20: PR | E20: 114 | F20: 112 | G20: 123 | H20: 94 | I20: 115 | J20: 118 | K20: 109 | L20: 94 | M20: 104 | N20: 103 | O20: 117 | P20: 126 | Q20: 97 | R20: 120 | S20: 103 | T20: 72 | U20: =SUM(E20:T20) -> 1721
D21: JML | E21: =SUM(E19:E20) -> 225 | F21: =SUM(F19:F20) -> 210 | G21: =SUM(G19:G20) -> 254 | H21: =SUM(H19:H20) -> 190 | I21: =SUM(I19:I20) -> 210 | J21: =SUM(J19:J20) -> 240 | K21: =SUM(K19:K20) -> 212 | L21: =SUM(L19:L20) -> 179 | ... T21: =SUM(T19:T20) -> 145 | U21: =SUM(E21:T21) -> 3316
B22: 2. | C22: Jumlah pengguna hak pilih dalam Daftar Pemilih Tambahan (DPTb) | D22: LK | E22: 0 | F22: 0 | G22: 0 | H22: 0 | I22: 1 | J22: 0 | K22: 0 | L22: 0 | M22: 0 | N22: 0 | O22: 0 | P22: 0 | Q22: 0 | R22: 1 | S22: 0 | T22: 0 | U22: =SUM(E22:T22) -> 2
D23: PR | E23: 0 | F23: 0 | G23: 0 | H23: 0 | I23: 0 | J23: 0 | K23: 0 | L23: 0 | M23: 0 | N23: 0 | O23: 0 | P23: 0 | Q23: 0 | R23: 0 | S23: 1 | T23: 1 | U23: =SUM(E23:T23) -> 2
D24: JML | E24: =SUM(E22:E23) -> 0 | F24: =SUM(F22:F23) -> 0 | G24: =SUM(G22:G23) -> 0 | H24: =SUM(H22:H23) -> 0 | I24: =SUM(I22:I23) -> 1 | J24: =SUM(J22:J23) -> 0 | K24: =SUM(K22:K23) -> 0 | L24: =SUM(L22:L23) -> 0 | ... T24: =SUM(T22:T23) -> 1 | U24: =SUM(E24:T24) -> 4
B25: 3. | C25: Jumlah pengguna hak pilih dalam Daftar Pemilih Khusus (DPK) | D25: LK | E25: 0 | F25: 3 | G25: 0 | H25: 1 | I25: 1 | J25: 0 | K25: 2 | L25: 1 | M25: 0 | N25: 1 | O25: 0 | P25: 0 | Q25: 0 | R25: 0 | S25: 1 | T25: 0 | U25: =SUM(E25:T25) -> 10
D26: PR | E26: 0 | F26: 2 | G26: 0 | H26: 2 | I26: 3 | J26: 0 | K26: 3 | L26: 0 | M26: 0 | N26: 1 | O26: 0 | P26: 0 | Q26: 0 | R26: 0 | S26: 2 | T26: 0 | U26: =SUM(E26:T26) -> 13
D27: JML | E27: =SUM(E25:E26) -> 0 | F27: =SUM(F25:F26) -> 5 | G27: =SUM(G25:G26) -> 0 | H27: =SUM(H25:H26) -> 3 | I27: =SUM(I25:I26) -> 4 | J27: =SUM(J25:J26) -> 0 | K27: =SUM(K25:K26) -> 5 | L27: =SUM(L25:L26) -> 1 | ... T27: =SUM(T25:T26) -> 0 | U27: =SUM(E27:T27) -> 23
B28: 4. | C28: Jumlah Pengguna Hak Pilih (B.1+B.2+B.3) | D28: LK | E28: =SUM(E19,E22,E25) -> 111 | F28: =SUM(F19,F22,F25) -> 101 | G28: =SUM(G19,G22,G25) -> 131 | H28: =SUM(H19,H22,H25) -> 97 | I28: =SUM(I19,I22,I25) -> 97 | J28: =SUM(J19,J22,J25) -> 122 | K28: =SUM(K19,K22,K25) -> 105 | L28: =SUM(L19,L22,L25) -> 86 | ... T28: =SUM(T19,T22,T25) -> 73 | U28: =SUM(E28:T28) -> 1607
D29: PR | E29: =SUM(E20,E23,E26) -> 114 | F29: =SUM(F20,F23,F26) -> 114 | G29: =SUM(G20,G23,G26) -> 123 | H29: =SUM(H20,H23,H26) -> 96 | I29: =SUM(I20,I23,I26) -> 118 | J29: =SUM(J20,J23,J26) -> 118 | K29: =SUM(K20,K23,K26) -> 112 | L29: =SUM(L20,L23,L26) -> 94 | ... T29: =SUM(T20,T23,T26) -> 73 | U29: =SUM(E29:T29) -> 1736
D30: JML | E30: =SUM(E28:E29) -> 225 | F30: =SUM(F28:F29) -> 215 | G30: =SUM(G28:G29) -> 254 | H30: =SUM(H28:H29) -> 193 | I30: =SUM(I28:I29) -> 215 | J30: =SUM(J28:J29) -> 240 | K30: =SUM(K28:K29) -> 217 | L30: =SUM(L28:L29) -> 180 | ... T30: =SUM(T28:T29) -> 146 | U30: =SUM(E30:T30) -> 3343
A32: II | B32: DATA PENGGUNAAN SURAT SUARA
A33: 1 | B33: Jumlah surat suara yang diterima, termasuk surat suara cadangan 2,5% dari DPT | E33: 280 | F33: 267 | G33: 295 | H33: 259 | I33: 296 | J33: 291 | K33: 280 | L33: 236 | M33: 273 | N33: 252 | O33: 292 | P33: 292 | Q33: 291 | R33: 301 | S33: 257 | T33: 186 | U33: =SUM(E33:T33) -> 4348
A34: 2 | B34: Jumlah surat suara yang digunakan | E34: 225 | F34: 215 | G34: 254 | H34: 193 | I34: 215 | J34: 240 | K34: 217 | L34: 180 | M34: 196 | N34: 190 | O34: 206 | P34: 233 | Q34: 203 | R34: 230 | S34: 200 | T34: 146 | U34: =SUM(E34:T34) -> 3343
A35: 3 | B35: Jumlah surat suara dikembalikan oleh pemilih (karena rusak atau keliru coblos) | E35: 0 | F35: 0 | G35: 2 | H35: 0 | I35: 0 | J35: 0 | K35: 0 | L35: 0 | M35: 0 | N35: 0 | O35: 0 | P35: 0 | Q35: 1 | R35: 0 | S35: 0 | T35: 0 | U35: =SUM(E35:T35) -> 3
A36: 4 | B36: Jumlah surat suara yang tidak digunakan/tidak terpakai, termasuk sisa surat suara cadangan | E36: =E33-(E34+E35) -> 55 | F36: =F33-(F34+F35) -> 52 | G36: =G33-(G34+G35) -> 39 | H36: =H33-(H34+H35) -> 66 | I36: =I33-(I34+I35) -> 81 | J36: =J33-(J34+J35) -> 51 | K36: =K33-(K34+K35) -> 63 | L36: =L33-(L34+L35) -> 56 | ... T36: =T33-(T34+T35) -> 40 | U36: =SUM(E36:T36) -> 1002
A38: III | B38: DATA PEMILIH DISABILITAS
B39: Jumlah seluruh Pemilih disabilitas yang menggunakan hak pilih | D39: LK | E39: 0 | F39: 0 | G39: 0 | H39: 0 | I39: 0 | J39: 0 | K39: 0 | L39: 0 | M39: 0 | N39: 0 | O39: 0 | P39: 0 | Q39: 0 | R39: 0 | S39: 1 | T39: 0 | U39: =SUM(E39:T39) -> 1
D40: PR | E40: 0 | F40: 0 | G40: 0 | H40: 0 | I40: 0 | J40: 0 | K40: 0 | L40: 0 | M40: 1 | N40: 0 | O40: 0 | P40: 0 | Q40: 0 | R40: 0 | S40: 0 | T40: 0 | U40: =SUM(E40:T40) -> 1
D41: JML | E41: =SUM(E39:E40) -> 0 | F41: =SUM(F39:F40) -> 0 | G41: =SUM(G39:G40) -> 0 | H41: =SUM(H39:H40) -> 0 | I41: =SUM(I39:I40) -> 0 | J41: =SUM(J39:J40) -> 0 | K41: =SUM(K39:K40) -> 0 | L41: =SUM(L39:L40) -> 0 | ... T41: =SUM(T39:T40) -> 0 | U41: =SUM(E41:T41) -> 2
A43: IV | B43: DATA RINCIAN PEROLEHAN SUARA PASANGAN CALON BUPATI DAN WAKIL BUPATI
A44: NOMOR DAN NAMA CALON
A45: A.1 | B45: 1. | C45: Partai Kebangkitan Bangsa | E45: 7 | F45: 3 | G45: 3 | H45: 8 | I45: 7 | J45: 7 | K45: 5 | L45: 5 | M45: 11 | N45: 6 | O45: 4 | P45: 8 | Q45: 7 | R45: 5 | S45: 13 | T45: 1 | U45: =SUM(E45:T45) -> 100
A46: A.2 | C46: 1. Dra. Hj. MA`MULAH HARUN, M.Pd.I. | E46: 8 | F46: 22 | G46: 3 | H46: 10 | I46: 5 | J46: 19 | K46: 15 | L46: 6 | M46: 17 | N46: 6 | O46: 9 | P46: 11 | Q46: 14 | R46: 6 | S46: 10 | T46: 5 | U46: =SUM(E46:T46) -> 166
C47: 2. UBAIDILLAH, S.Fil.I. | E47: 5 | F47: 7 | G47: 3 | H47: 3 | I47: 3 | J47: 8 | K47: 3 | L47: 4 | M47: 1 | N47: 3 | O47: 3 | P47: 2 | Q47: 12 | R47: 5 | S47: 3 | T47: 1 | U47: =SUM(E47:T47) -> 66
C48: 3. Ir. H. YOYOK MULYADI, M.Si. | E48: 5 | F48: 1 | G48: 1 | H48: 1 | I48: 1 | J48: 3 | K48: 1 | L48: 3 | M48: 0 | N48: 0 | O48: 3 | P48: 5 | Q48: 0 | R48: 0 | S48: 0 | T48: 5 | U48: =SUM(E48:T48) -> 29
C49: 4. KHOIRUL ANWAR, S.Fil.I. | E49: 1 | F49: 0 | G49: 1 | H49: 1 | I49: 3 | J49: 4 | K49: 3 | L49: 1 | M49: 0 | N49: 0 | O49: 2 | P49: 3 | Q49: 1 | R49: 2 | S49: 3 | T49: 1 | U49: =SUM(E49:T49) -> 26
C50: 5. ARIF WIJAKSANA | E50: 0 | F50: 0 | G50: 0 | H50: 0 | I50: 0 | J50: 1 | K50: 0 | L50: 0 | M50: 0 | N50: 0 | O50: 0 | P50: 0 | Q50: 0 | R50: 0 | S50: 1 | T50: 1 | U50: =SUM(E50:T50) -> 3
C51: 6. Dr. SITI YUMNAH | E51: 0 | F51: 0 | G51: 0 | H51: 0 | I51: 0 | J51: 2 | K51: 1 | L51: 0 | M51: 0 | N51: 1 | O51: 0 | P51: 0 | Q51: 1 | R51: 2 | S51: 1 | T51: 0 | U51: =SUM(E51:T51) -> 8
C52: 7. MOHAMMAD ZAINI, M.Pd.I. | E52: 2 | F52: 1 | G52: 0 | H52: 2 | I52: 0 | J52: 3 | K52: 1 | L52: 2 | M52: 1 | N52: 1 | O52: 0 | P52: 0 | Q52: 0 | R52: 2 | S52: 1 | T52: 0 | U52: =SUM(E52:T52) -> 16
C53: 8. FAWAIDUL MAKKIYAH | E53: 0 | F53: 1 | G53: 0 | H53: 0 | I53: 0 | J53: 2 | K53: 4 | L53: 0 | M53: 1 | N53: 0 | O53: 0 | P53: 0 | Q53: 0 | R53: 0 | S53: 1 | T53: 0 | U53: =SUM(E53:T53) -> 9
C54: 9. IFFAH HIDAYATUR ROHMAH, S.Sos. | E54: 0 | F54: 1 | G54: 0 | H54: 0 | I54: 0 | J54: 0 | K54: 0 | L54: 0 | M54: 0 | N54: 0 | O54: 0 | P54: 0 | Q54: 1 | R54: 1 | S54: 0 | T54: 0 | U54: =SUM(E54:T54) -> 3
A55: B | B55: JUMLAH SUARA SAH PARTAI POLITIK DAN CALON (A1 + A2) | E55: =SUM(E45:E54) -> 28 | F55: =SUM(F45:F54) -> 36 | G55: =SUM(G45:G54) -> 11 | H55: =SUM(H45:H54) -> 25 | I55: =SUM(I45:I54) -> 19 | J55: =SUM(J45:J54) -> 49 | K55: =SUM(K45:K54) -> 33 | L55: =SUM(L45:L54) -> 21 | ... U55: =SUM(U45:U54) -> 426
A57: A.1 | B57: 2. | C57: Partai Gerakan Indonesia Raya | E57: 18 | F57: 14 | G57: 12 | H57: 10 | I57: 13 | J57: 9 | K57: 22 | L57: 11 | M57: 23 | N57: 16 | O57: 21 | P57: 20 | Q57: 8 | R57: 12 | S57: 6 | T57: 3 | U57: =SUM(E57:T57) -> 218
A58: A.2 | C58: 1. AHMAD HADINUDDIN, S.Pd.I. | E58: 1 | F58: 8 | G58: 9 | H58: 9 | I58: 6 | J58: 8 | K58: 4 | L58: 10 | M58: 17 | N58: 12 | O58: 6 | P58: 9 | Q58: 9 | R58: 7 | S58: 3 | T58: 3 | U58: =SUM(E58:T58) -> 121
C59: 2. BIMA RAFSANJANI RAFID | E59: 81 | F59: 72 | G59: 118 | H59: 76 | I59: 84 | J59: 70 | K59: 70 | L59: 77 | M59: 50 | N59: 66 | O59: 41 | P59: 55 | Q59: 30 | R59: 38 | S59: 13 | T59: 17 | U59: =SUM(E59:T59) -> 958
C60: 3. IRA DAMAYANTI | E60: 1 | F60: 1 | G60: 2 | H60: 2 | I60: 1 | J60: 1 | K60: 1 | L60: 1 | M60: 4 | N60: 5 | O60: 2 | P60: 1 | Q60: 5 | R60: 2 | S60: 1 | T60: 1 | U60: =SUM(E60:T60) -> 31
C61: 4. MAULANA MALIK IBRAHIM, S.H. | E61: 1 | F61: 1 | G61: 2 | H61: 1 | I61: 4 | J61: 1 | K61: 4 | L61: 3 | M61: 2 | N61: 2 | O61: 5 | P61: 2 | Q61: 2 | R61: 4 | S61: 6 | T61: 2 | U61: =SUM(E61:T61) -> 42
C62: 5. LULUK ALFIATI | E62: 0 | F62: 1 | G62: 0 | H62: 2 | I62: 0 | J62: 1 | K62: 0 | L62: 1 | M62: 1 | N62: 0 | O62: 1 | P62: 1 | Q62: 1 | R62: 0 | S62: 1 | T62: 1 | U62: =SUM(E62:T62) -> 11
C63: 6. ILHAM WAHYUDI, S.H. | E63: 0 | F63: 1 | G63: 0 | H63: 0 | I63: 0 | J63: 1 | K63: 0 | L63: 1 | M63: 0 | N63: 1 | O63: 0 | P63: 0 | Q63: 0 | R63: 0 | S63: 1 | T63: 0 | U63: =SUM(E63:T63) -> 5
C64: 7. HAERUL ANWAR, S.Pd.I. | E64: 0 | F64: 0 | G64: 0 | H64: 0 | I64: 0 | J64: 1 | K64: 0 | L64: 1 | M64: 0 | N64: 0 | O64: 0 | P64: 1 | Q64: 0 | R64: 0 | S64: 0 | T64: 0 | U64: =SUM(E64:T64) -> 3
C65: 8. YOVI ADHITYA WARDANI | E65: 0 | F65: 0 | G65: 1 | H65: 0 | I65: 0 | J65: 2 | K65: 0 | L65: 0 | M65: 0 | N65: 1 | O65: 0 | P65: 0 | Q65: 0 | R65: 0 | S65: 0 | T65: 1 | U65: =SUM(E65:T65) -> 5
C66: 9. RITA AMELIA | E66: 1 | F66: 0 | G66: 0 | H66: 1 | I66: 0 | J66: 0 | K66: 0 | L66: 1 | M66: 0 | N66: 0 | O66: 0 | P66: 0 | Q66: 0 | R66: 2 | S66: 0 | T66: 0 | U66: =SUM(E66:T66) -> 5
A67: B | B67: JUMLAH SUARA SAH PARTAI POLITIK DAN CALON (A1 + A2) | E67: =SUM(E57:E66) -> 103 | F67: =SUM(F57:F66) -> 98 | G67: =SUM(G57:G66) -> 144 | H67: =SUM(H57:H66) -> 101 | I67: =SUM(I57:I66) -> 108 | J67: =SUM(J57:J66) -> 94 | K67: =SUM(K57:K66) -> 101 | L67: =SUM(L57:L66) -> 106 | ... U67: =SUM(U57:U66) -> 1399
A69: A.1 | B69: 3. | C69: Partai Demokrasi Indonesia Perjuangan | E69: 18 | F69: 1 | G69: 3 | H69: 3 | I69: 4 | J69: 3 | K69: 6 | L69: 2 | M69: 5 | N69: 10 | O69: 5 | P69: 21 | Q69: 10 | R69: 17 | S69: 9 | T69: 4 | U69: =SUM(E69:T69) -> 121
A70: A.2 | C70: 1. MARTIN H., S.H., M.H. | E70: 4 | F70: 3 | G70: 2 | H70: 1 | I70: 2 | J70: 1 | K70: 1 | L70: 2 | M70: 3 | N70: 0 | O70: 7 | P70: 5 | Q70: 14 | R70: 10 | S70: 34 | T70: 8 | U70: =SUM(E70:T70) -> 97
C71: 2. HERMANTO, S.E. | E71: 2 | F71: 5 | G71: 3 | H71: 3 | I71: 3 | J71: 1 | K71: 4 | L71: 1 | M71: 4 | N71: 2 | O71: 4 | P71: 5 | Q71: 12 | R71: 6 | S71: 1 | T71: 2 | U71: =SUM(E71:T71) -> 58
C72: 3. EVY SUSILAWATI, S.E., M.M. | E72: 1 | F72: 0 | G72: 0 | H72: 2 | I72: 3 | J72: 0 | K72: 1 | L72: 1 | M72: 1 | N72: 4 | O72: 5 | P72: 4 | Q72: 8 | R72: 4 | S72: 2 | T72: 2 | U72: =SUM(E72:T72) -> 38
C73: 4. M. SIROTTUDIN | E73: 2 | F73: 1 | G73: 1 | H73: 1 | I73: 2 | J73: 1 | K73: 1 | L73: 3 | M73: 2 | N73: 5 | O73: 3 | P73: 11 | Q73: 12 | R73: 12 | S73: 13 | T73: 24 | U73: =SUM(E73:T73) -> 94
C74: 5. ABDUL HAFID, S.H. | E74: 0 | F74: 2 | G74: 1 | H74: 2 | I74: 0 | J74: 0 | K74: 0 | L74: 0 | M74: 0 | N74: 1 | O74: 2 | P74: 1 | Q74: 3 | R74: 1 | S74: 0 | T74: 0 | U74: =SUM(E74:T74) -> 13
C75: 6. NIKITA FORTUNA SURYANINGATI, A.Md.Keb. | E75: 0 | F75: 0 | G75: 0 | H75: 0 | I75: 0 | J75: 0 | K75: 0 | L75: 0 | M75: 0 | N75: 2 | O75: 0 | P75: 0 | Q75: 0 | R75: 2 | S75: 0 | T75: 0 | U75: =SUM(E75:T75) -> 4
C76: 7. YUDHO ILHAM WIJAYA, S.E. | E76: 0 | F76: 1 | G76: 0 | H76: 0 | I76: 0 | J76: 0 | K76: 0 | L76: 0 | M76: 0 | N76: 2 | O76: 0 | P76: 0 | Q76: 0 | R76: 0 | S76: 0 | T76: 0 | U76: =SUM(E76:T76) -> 3
C77: 8. SETIAWATI, S.H. | E77: 1 | F77: 0 | G77: 0 | H77: 0 | I77: 2 | J77: 0 | K77: 0 | L77: 0 | M77: 0 | N77: 0 | O77: 1 | P77: 0 | Q77: 0 | R77: 1 | S77: 0 | T77: 0 | U77: =SUM(E77:T77) -> 5
C78: 9. EKO BUDI SANTOSO, S.H. | E78: 1 | F78: 2 | G78: 1 | H78: 1 | I78: 0 | J78: 1 | K78: 0 | L78: 0 | M78: 0 | N78: 0 | O78: 1 | P78: 0 | Q78: 3 | R78: 0 | S78: 0 | T78: 1 | U78: =SUM(E78:T78) -> 11
A79: B | B79: JUMLAH SUARA SAH PARTAI POLITIK DAN CALON (A1 + A2) | E79: =SUM(E69:E78) -> 29 | F79: =SUM(F69:F78) -> 15 | G79: =SUM(G69:G78) -> 11 | H79: =SUM(H69:H78) -> 13 | I79: =SUM(I69:I78) -> 16 | J79: =SUM(J69:J78) -> 7 | K79: =SUM(K69:K78) -> 13 | L79: =SUM(L69:L78) -> 9 | ... U79: =SUM(U69:U78) -> 444
A81: A.1 | B81: 4. | C81: Partai Golongan Karya | E81: 3 | F81: 0 | G81: 1 | H81: 1 | I81: 1 | J81: 3 | K81: 1 | L81: 1 | M81: 2 | N81: 4 | O81: 6 | P81: 3 | Q81: 2 | R81: 1 | S81: 4 | T81: 2 | U81: =SUM(E81:T81) -> 35
A82: A.2 | C82: 1. PRANAYA YUDHA MAHARDHIKA | E82: 2 | F82: 0 | G82: 0 | H82: 1 | I82: 0 | J82: 1 | K82: 2 | L82: 0 | M82: 5 | N82: 1 | O82: 4 | P82: 3 | Q82: 5 | R82: 7 | S82: 5 | T82: 3 | U82: =SUM(E82:T82) -> 39
C83: 2. Dra. Ec. ENDANG SULASTUTY, M.I.P. | E83: 1 | F83: 0 | G83: 0 | H83: 1 | I83: 0 | J83: 2 | K83: 0 | L83: 3 | M83: 0 | N83: 1 | O83: 2 | P83: 1 | Q83: 1 | R83: 1 | S83: 2 | T83: 0 | U83: =SUM(E83:T83) -> 15
C84: 3. AGUS REJEKI WARTONO | E84: 1 | F84: 0 | G84: 1 | H84: 0 | I84: 0 | J84: 0 | K84: 1 | L84: 0 | M84: 0 | N84: 0 | O84: 3 | P84: 0 | Q84: 0 | R84: 2 | S84: 0 | T84: 0 | U84: =SUM(E84:T84) -> 8
C85: 4. Hj. TUTUK ASMA'A ZUCHROH, S.T., M.T. | E85: 0 | F85: 0 | G85: 0 | H85: 0 | I85: 4 | J85: 0 | K85: 1 | L85: 0 | M85: 0 | N85: 1 | O85: 0 | P85: 1 | Q85: 2 | R85: 1 | S85: 0 | T85: 0 | U85: =SUM(E85:T85) -> 10
C86: 5. ADE M. RIZKI, S.E. | E86: 1 | F86: 0 | G86: 1 | H86: 0 | I86: 0 | J86: 0 | K86: 2 | L86: 1 | M86: 1 | N86: 1 | O86: 0 | P86: 4 | Q86: 0 | R86: 0 | S86: 0 | T86: 0 | U86: =SUM(E86:T86) -> 11
C87: 6. ABDURAKHMAN, Bc.Kn. | E87: 0 | F87: 0 | G87: 0 | H87: 0 | I87: 0 | J87: 0 | K87: 0 | L87: 0 | M87: 0 | N87: 0 | O87: 1 | P87: 0 | Q87: 0 | R87: 0 | S87: 0 | T87: 0 | U87: =SUM(E87:T87) -> 1
C88: 7. CENDY RHIYAN ADI PUTRI | E88: 0 | F88: 0 | G88: 0 | H88: 0 | I88: 1 | J88: 0 | K88: 0 | L88: 0 | M88: 0 | N88: 0 | O88: 0 | P88: 0 | Q88: 0 | R88: 1 | S88: 0 | T88: 0 | U88: =SUM(E88:T88) -> 2
C89: 8. BAKTI WIJAYANTO, S.E. | E89: 0 | F89: 0 | G89: 0 | H89: 0 | I89: 0 | J89: 0 | K89: 0 | L89: 0 | M89: 0 | N89: 0 | O89: 0 | P89: 0 | Q89: 0 | R89: 0 | S89: 0 | T89: 0 | U89: =SUM(E89:T89) -> 0
C90: 9. AHMAD UBAIDILLAH | E90: 0 | F90: 1 | G90: 1 | H90: 0 | I90: 0 | J90: 0 | K90: 1 | L90: 0 | M90: 0 | N90: 0 | O90: 0 | P90: 0 | Q90: 0 | R90: 0 | S90: 0 | T90: 0 | U90: =SUM(E90:T90) -> 3
A91: B | B91: JUMLAH SUARA SAH PARTAI POLITIK DAN CALON (A1 + A2) | E91: =SUM(E81:E90) -> 8 | F91: =SUM(F81:F90) -> 1 | G91: =SUM(G81:G90) -> 4 | H91: =SUM(H81:H90) -> 3 | I91: =SUM(I81:I90) -> 6 | J91: =SUM(J81:J90) -> 6 | K91: =SUM(K81:K90) -> 8 | L91: =SUM(L81:L90) -> 5 | ... U91: =SUM(U81:U90) -> 124
A93: A.1 | B93: 5. | C93: Partai NasDem | E93: 0 | F93: 0 | G93: 2 | H93: 0 | I93: 0 | J93: 0 | K93: 0 | L93: 0 | M93: 0 | N93: 0 | O93: 2 | P93: 2 | Q93: 0 | R93: 2 | S93: 0 | T93: 0 | U93: =SUM(E93:T93) -> 8
A94: A.2 | C94: 1. ALI MUSTOFA, A.Md. | E94: 0 | F94: 1 | G94: 2 | H94: 2 | I94: 0 | J94: 0 | K94: 0 | L94: 0 | M94: 0 | N94: 0 | O94: 0 | P94: 0 | Q94: 0 | R94: 0 | S94: 0 | T94: 0 | U94: =SUM(E94:T94) -> 5
C95: 2. Hj. BUAMI, S.H. | E95: 0 | F95: 0 | G95: 1 | H95: 0 | I95: 0 | J95: 0 | K95: 1 | L95: 0 | M95: 0 | N95: 0 | O95: 0 | P95: 0 | Q95: 0 | R95: 0 | S95: 1 | T95: 0 | U95: =SUM(E95:T95) -> 3
C96: 3. SUGIONO, S.H. | E96: 0 | F96: 0 | G96: 0 | H96: 0 | I96: 0 | J96: 0 | K96: 0 | L96: 0 | M96: 0 | N96: 0 | O96: 0 | P96: 1 | Q96: 0 | R96: 0 | S96: 0 | T96: 0 | U96: =SUM(E96:T96) -> 1
C97: 4. LULUK SUNARMIATININGSIH | E97: 0 | F97: 2 | G97: 0 | H97: 0 | I97: 0 | J97: 0 | K97: 0 | L97: 0 | M97: 0 | N97: 0 | O97: 0 | P97: 2 | Q97: 0 | R97: 0 | S97: 0 | T97: 0 | U97: =SUM(E97:T97) -> 4
C98: 5. ANTON DJULIANTO ADI | E98: 0 | F98: 0 | G98: 0 | H98: 0 | I98: 0 | J98: 0 | K98: 0 | L98: 0 | M98: 0 | N98: 0 | O98: 0 | P98: 0 | Q98: 0 | R98: 1 | S98: 0 | T98: 0 | U98: =SUM(E98:T98) -> 1
C99: 6. MOKHAMAD ROFI'I KHUSNAN | E99: 0 | F99: 0 | G99: 0 | H99: 0 | I99: 0 | J99: 0 | K99: 0 | L99: 0 | M99: 0 | N99: 1 | O99: 0 | P99: 0 | Q99: 0 | R99: 0 | S99: 0 | T99: 0 | U99: =SUM(E99:T99) -> 1
C100: 7. Rr SETYO WATI | E100: 0 | F100: 0 | G100: 0 | H100: 0 | I100: 0 | J100: 0 | K100: 0 | L100: 0 | M100: 0 | N100: 0 | O100: 0 | P100: 0 | Q100: 0 | R100: 0 | S100: 0 | T100: 0 | U100: =SUM(E100:T100) -> 0
C101: 8. ABD. KADIR ASSEGAFF | E101: 0 | F101: 0 | G101: 0 | H101: 0 | I101: 0 | J101: 0 | K101: 0 | L101: 1 | M101: 0 | N101: 0 | O101: 0 | P101: 0 | Q101: 0 | R101: 0 | S101: 0 | T101: 0 | U101: =SUM(E101:T101) -> 1
C102: 9. FATHOR ZAINULLAH | E102: 0 | F102: 0 | G102: 0 | H102: 0 | I102: 0 | J102: 0 | K102: 0 | L102: 0 | M102: 0 | N102: 0 | O102: 0 | P102: 0 | Q102: 0 | R102: 0 | S102: 0 | T102: 0 | U102: =SUM(E102:T102) -> 0
A103: B | B103: JUMLAH SUARA SAH PARTAI POLITIK DAN CALON (A1 + A2) | E103: =SUM(E93:E102) -> 0 | F103: =SUM(F93:F102) -> 3 | G103: =SUM(G93:G102) -> 5 | H103: =SUM(H93:H102) -> 2 | I103: =SUM(I93:I102) -> 0 | J103: =SUM(J93:J102) -> 0 | K103: =SUM(K93:K102) -> 1 | L103: =SUM(L93:L102) -> 1 | ... U103: =SUM(U93:U102) -> 24
A105: A.1 | B105: 6. | C105: Partai Buruh | E105: 1 | F105: 1 | G105: 0 | H105: 0 | I105: 1 | J105: 0 | K105: 0 | L105: 0 | M105: 0 | N105: 0 | O105: 0 | P105: 2 | Q105: 0 | R105: 1 | S105: 1 | T105: 0 | U105: =SUM(E105:T105) -> 7
A106: A.2 | C106: 1. AGUS SUPRIYADI | E106: 0 | F106: 0 | G106: 0 | H106: 1 | I106: 0 | J106: 0 | K106: 0 | L106: 0 | M106: 0 | N106: 0 | O106: 0 | P106: 1 | Q106: 0 | R106: 0 | S106: 1 | T106: 0 | U106: =SUM(E106:T106) -> 3
C107: 2. ENI HARIATI | E107: 0 | F107: 1 | G107: 0 | H107: 0 | I107: 0 | J107: 0 | K107: 0 | L107: 0 | M107: 0 | N107: 1 | O107: 0 | P107: 0 | Q107: 0 | R107: 0 | S107: 0 | T107: 0 | U107: =SUM(E107:T107) -> 2
U108: =SUM(E108:T108) -> 0
U109: =SUM(E109:T109) -> 0
U110: =SUM(E110:T110) -> 0
U111: =SUM(E111:T111) -> 0
U112: =SUM(E112:T112) -> 0
U113: =SUM(E113:T113) -> 0
U114: =SUM(E114:T114) -> 0
A115: B | B115: JUMLAH SUARA SAH PARTAI POLITIK DAN CALON (A1 + A2) | E115: =SUM(E105:E114) -> 1 | F115: =SUM(F105:F114) -> 2 | G115: =SUM(G105:G114) -> 0 | H115: =SUM(H105:H114) -> 1 | I115: =SUM(I105:I114) -> 1 | J115: =SUM(J105:J114) -> 0 | K115: =SUM(K105:K114) -> 0 | L115: =SUM(L105:L114) -> 0 | ... U115: =SUM(U105:U114) -> 12
A117: A.1 | B117: 7. | C117: Partai Gelombang Rakyat Indonesia | E117: 0 | F117: 0 | G117: 0 | H117: 0 | I117: 1 | J117: 0 | K117: 1 | L117: 0 | M117: 0 | N117: 0 | O117: 0 | P117: 1 | Q117: 0 | R117: 2 | S117: 0 | T117: 0 | U117: =SUM(E117:T117) -> 5
...

Sheet BAJULMATI
C2: Kecamatan | D2: WONGSOREJO
C3: Kabupaten | D3: BANYUWANGI
C4: Provinsi | D4: JAWA TIMUR
C9: Kelurahan | D9: BAJULMATI
A12: I | B12: DATA PEMILIH DAN PENGGUNAAN HAK PILIH | AD12: JUMLAH AKHIR
A13: A | B13: DATA PEMILIH | E13: TPS 001 | F13: TPS 002 | G13: TPS 003 | H13: TPS 004 | I13: TPS 005 | J13: TPS 006 | K13: TPS 007 | L13: TPS 008 | M13: TPS 009 | N13: TPS 010 | O13: TPS 011 | P13: TPS 012 | Q13: TPS 013 | R13: TPS 014 | S13: TPS 015 | T13: TPS 016 | U13: TPS 017 | V13: TPS 018 | W13: TPS 019 | X13: TPS 020 | Y13: TPS 021 | Z13: TPS 022 | AA13: TPS 023 | AB13: TPS 024 | AC13: TPS 025
B14: Jumlah Pemilih dalam Daftar Pemilih Tetap (DPT) | D14: LK | E14: 135 | F14: 140 | G14: 137 | H14: 147 | I14: 154 | J14: 129 | K14: 124 | L14: 140 | M14: 144 | N14: 125 | O14: 113 | P14: 137 | Q14: 104 | R14: 126 | S14: 131 | T14: 125 | U14: 131 | V14: 149 | W14: 142 | X14: 134 | Y14: 131 | Z14: 115 | AA14: 141 | AB14: 130 | AC14: 114 | AD14: =SUM(E14:AC14) -> 3298
D15: PR | E15: 145 | F15: 132 | G15: 135 | H15: 140 | I15: 134 | J15: 131 | K15: 136 | L15: 152 | M15: 148 | N15: 129 | O15: 125 | P15: 138 | Q15: 147 | R15: 118 | S15: 153 | T15: 116 | U15: 151 | V15: 145 | W15: 136 | X15: 147 | Y15: 141 | Z15: 113 | AA15: 140 | AB15: 127 | AC15: 131 | AD15: =SUM(E15:AC15) -> 3410
D16: JML | E16: =SUM(E14:E15) -> 280 | F16: =SUM(F14:F15) -> 272 | G16: =SUM(G14:G15) -> 272 | H16: =SUM(H14:H15) -> 287 | I16: =SUM(I14:I15) -> 288 | J16: =SUM(J14:J15) -> 260 | K16: =SUM(K14:K15) -> 260 | L16: =SUM(L14:L15) -> 292 | ... AC16: =SUM(AC14:AC15) -> 245 | AD16: =SUM(E16:AC16) -> 6708
A18: B | B18: PENGGUNA HAK PILIH
B19: 1. | C19: Jumlah pengguna hak pilih dalam Daftar Pemilih Tetap (DPT) | D19: LK | E19: 111 | F19: 99 | G19: 97 | H19: 93 | I19: 112 | J19: 91 | K19: 85 | L19: 98 | M19: 79 | N19: 99 | O19: 85 | P19: 93 | Q19: 66 | R19: 88 | S19: 82 | T19: 96 | U19: 89 | V19: 115 | W19: 99 | X19: 102 | Y19: 93 | Z19: 73 | AA19: 96 | AB19: 88 | AC19: 102 | AD19: =SUM(E19:AC19) -> 2331
D20: PR | E20: 117 | F20: 96 | G20: 107 | H20: 95 | I20: 111 | J20: 88 | K20: 99 | L20: 117 | M20: 95 | N20: 104 | O20: 103 | P20: 106 | Q20: 106 | R20: 91 | S20: 113 | T20: 86 | U20: 108 | V20: 110 | W20: 106 | X20: 123 | Y20: 113 | Z20: 72 | AA20: 104 | AB20: 95 | AC20: 98 | AD20: =SUM(E20:AC20) -> 2563
D21: JML | E21: =SUM(E19:E20) -> 228 | F21: =SUM(F19:F20) -> 195 | G21: =SUM(G19:G20) -> 204 | H21: =SUM(H19:H20) -> 188 | I21: =SUM(I19:I20) -> 223 | J21: =SUM(J19:J20) -> 179 | K21: =SUM(K19:K20) -> 184 | L21: =SUM(L19:L20) -> 215 | ... AC21: =SUM(AC19:AC20) -> 200 | AD21: =SUM(E21:AC21) -> 4894
B22: 2. | C22: Jumlah pengguna hak pilih dalam Daftar Pemilih Tambahan (DPTb) | D22: LK | E22: 0 | F22: 0 | G22: 0 | H22: 0 | I22: 0 | J22: 1 | K22: 1 | L22: 0 | M22: 0 | N22: 0 | O22: 2 | P22: 1 | Q22: 0 | R22: 0 | S22: 0 | T22: 0 | U22: 0 | V22: 0 | W22: 0 | X22: 0 | Y22: 0 | Z22: 0 | AA22: 0 | AB22: 0 | AC22: 0 | AD22: =SUM(E22:AC22) -> 5
D23: PR | E23: 0 | F23: 0 | G23: 0 | H23: 0 | I23: 0 | J23: 0 | K23: 0 | L23: 1 | M23: 0 | N23: 0 | O23: 1 | P23: 0 | Q23: 0 | R23: 0 | S23: 0 | T23: 0 | U23: 0 | V23: 0 | W23: 0 | X23: 0 | Y23: 0 | Z23: 1 | AA23: 0 | AB23: 0 | AC23: 1 | AD23: =SUM(E23:AC23) -> 4
D24: JML | E24: =SUM(E22:E23) -> 0 | F24: =SUM(F22:F23) -> 0 | G24: =SUM(G22:G23) -> 0 | H24: =SUM(H22:H23) -> 0 | I24: =SUM(I22:I23) -> 0 | J24: =SUM(J22:J23) -> 1 | K24: =SUM(K22:K23) -> 1 | L24: =SUM(L22:L23) -> 1 | ... AC24: =SUM(AC22:AC23) -> 1 | AD24: =SUM(E24:AC24) -> 9
B25: 3. | C25: Jumlah pengguna hak pilih dalam Daftar Pemilih Khusus (DPK) | D25: LK | E25: 0 | F25: 1 | G25: 0 | H25: 0 | I25: 0 | J25: 3 | K25: 3 | L25: 0 | M25: 0 | N25: 0 | O25: 4 | P25: 0 | Q25: 2 | R25: 2 | S25: 1 | T25: 2 | U25: 4 | V25: 1 | W25: 1 | X25: 0 | Y25: 0 | Z25: 0 | AA25: 5 | AB25: 4 | AC25: 3 | AD25: =SUM(E25:AC25) -> 36
D26: PR | E26: 0 | F26: 3 | G26: 0 | H26: 1 | I26: 0 | J26: 7 | K26: 2 | L26: 0 | M26: 3 | N26: 0 | O26: 2 | P26: 3 | Q26: 3 | R26: 2 | S26: 1 | T26: 5 | U26: 2 | V26: 1 | W26: 2 | X26: 0 | Y26: 0 | Z26: 0 | AA26: 6 | AB26: 3 | AC26: 6 | AD26: =SUM(E26:AC26) -> 52
D27: JML | E27: =SUM(E25:E26) -> 0 | F27: =SUM(F25:F26) -> 4 | G27: =SUM(G25:G26) -> 0 | H27: =SUM(H25:H26) -> 1 | I27: =SUM(I25:I26) -> 0 | J27: =SUM(J25:J26) -> 10 | K27: =SUM(K25:K26) -> 5 | L27: =SUM(L25:L26) -> 0 | ... AC27: =SUM(AC25:AC26) -> 9 | AD27: =SUM(E27:AC27) -> 88
B28: 4. | C28: Jumlah Pengguna Hak Pilih (B.1+B.2+B.3) | D28: LK | E28: =SUM(E19,E22,E25) -> 111 | F28: =SUM(F19,F22,F25) -> 100 | G28: =SUM(G19,G22,G25) -> 97 | H28: =SUM(H19,H22,H25) -> 93 | I28: =SUM(I19,I22,I25) -> 112 | J28: =SUM(J19,J22,J25) -> 95 | K28: =SUM(K19,K22,K25) -> 89 | L28: =SUM(L19,L22,L25) -> 98 | ... AC28: =SUM(AC19,AC22,AC25) -> 105 | AD28: =SUM(E28:AC28) -> 2372
D29: PR | E29: =SUM(E20,E23,E26) -> 117 | F29: =SUM(F20,F23,F26) -> 99 | G29: =SUM(G20,G23,G26) -> 107 | H29: =SUM(H20,H23,H26) -> 96 | I29: =SUM(I20,I23,I26) -> 111 | J29: =SUM(J20,J23,J26) -> 95 | K29: =SUM(K20,K23,K26) -> 101 | L29: =SUM(L20,L23,L26) -> 118 | ... AC29: =SUM(AC20,AC23,AC26) -> 105 | AD29: =SUM(E29:AC29) -> 2619
D30: JML | E30: =SUM(E28:E29) -> 228 | F30: =SUM(F28:F29) -> 199 | G30: =SUM(G28:G29) -> 204 | H30: =SUM(H28:H29) -> 189 | I30: =SUM(I28:I29) -> 223 | J30: =SUM(J28:J29) -> 190 | K30: =SUM(K28:K29) -> 190 | L30: =SUM(L28:L29) -> 216 | ... AC30: =SUM(AC28:AC29) -> 210 | AD30: =SUM(E30:AC30) -> 4991
A32: II | B32: DATA PENGGUNAAN SURAT SUARA
A33: 1 | B33: Jumlah surat suara yang diterima, termasuk surat suara cadangan 2,5% dari DPT | E33: 286 | F33: 278 | G33: 278 | H33: 293 | I33: 294 | J33: 266 | K33: 266 | L33: 298 | M33: 298 | N33: 260 | O33: 243 | P33: 281 | Q33: 257 | R33: 249 | S33: 290 | T33: 241 | U33: 288 | V33: 299 | W33: 284 | X33: 287 | Y33: 278 | Z33: 232 | AA33: 288 | AB33: 263 | AC33: 250 | AD33: =SUM(E33:AC33) -> 6847
A34: 2 | B34: Jumlah surat suara yang digunakan | E34: 228 | F34: 199 | G34: 204 | H34: 189 | I34: 223 | J34: 190 | K34: 190 | L34: 216 | M34: 177 | N34: 203 | O34: 197 | P34: 203 | Q34: 177 | R34: 183 | S34: 197 | T34: 189 | U34: 203 | V34: 227 | W34: 208 | X34: 225 | Y34: 206 | Z34: 146 | AA34: 211 | AB34: 190 | AC34: 210 | AD34: =SUM(E34:AC34) -> 4991
A35: 3 | B35: Jumlah surat suara dikembalikan oleh pemilih (karena rusak atau keliru coblos) | E35: 2 | F35: 0 | G35: 0 | H35: 0 | I35: 0 | J35: 0 | K35: 0 | L35: 0 | M35: 0 | N35: 0 | O35: 1 | P35: 0 | Q35: 0 | R35: 0 | S35: 0 | T35: 34 | U35: 3 | V35: 0 | W35: 8 | X35: 0 | Y35: 0 | Z35: 0 | AA35: 0 | AB35: 0 | AC35: 0 | AD35: =SUM(E35:AC35) -> 48
A36: 4 | B36: Jumlah surat suara yang tidak digunakan/tidak terpakai, termasuk sisa surat suara cadangan | E36: =E33-(E34+E35) -> 56 | F36: =F33-(F34+F35) -> 79 | G36: =G33-(G34+G35) -> 74 | H36: =H33-(H34+H35) -> 104 | I36: =I33-(I34+I35) -> 71 | J36: =J33-(J34+J35) -> 76 | K36: =K33-(K34+K35) -> 76 | L36: =L33-(L34+L35) -> 82 | ... AC36: =AC33-(AC34+AC35) -> 40 | AD36: =SUM(E36:AC36) -> 1808
A38: III | B38: DATA PEMILIH DISABILITAS
B39: Jumlah seluruh Pemilih disabilitas yang menggunakan hak pilih | D39: LK | E39: 0 | F39: 0 | G39: 0 | H39: 0 | I39: 0 | J39: 0 | K39: 0 | L39: 1 | M39: 0 | N39: 0 | O39: 0 | P39: 0 | Q39: 0 | R39: 0 | S39: 0 | T39: 0 | U39: 0 | V39: 0 | W39: 0 | X39: 0 | Y39: 0 | Z39: 0 | AA39: 0 | AB39: 0 | AC39: 0 | AD39: =SUM(E39:AC39) -> 1
D40: PR | E40: 0 | F40: 0 | G40: 0 | H40: 1 | I40: 0 | J40: 0 | K40: 0 | L40: 11 | M40: 0 | N40: 0 | O40: 0 | P40: 0 | Q40: 0 | R40: 0 | S40: 0 | T40: 0 | U40: 0 | V40: 0 | W40: 0 | X40: 0 | Y40: 0 | Z40: 0 | AA40: 2 | AB40: 0 | AC40: 0 | AD40: =SUM(E40:AC40) -> 14
D41: JML | E41: =SUM(E39:E40) -> 0 | F41: =SUM(F39:F40) -> 0 | G41: =SUM(G39:G40) -> 0 | H41: =SUM(H39:H40) -> 1 | I41: =SUM(I39:I40) -> 0 | J41: =SUM(J39:J40) -> 0 | K41: =SUM(K39:K40) -> 0 | L41: =SUM(L39:L40) -> 12 | ... AC41: =SUM(AC39:AC40) -> 0 | AD41: =SUM(E41:AC41) -> 15
A43: IV | B43: DATA RINCIAN PEROLEHAN SUARA PASANGAN CALON BUPATI DAN WAKIL BUPATI
A44: NOMOR DAN NAMA CALON
A45: A.1 | B45: 1. | C45: Partai Kebangkitan Bangsa | E45: 1 | F45: 3 | G45: 9 | H45: 17 | I45: 20 | J45: 6 | K45: 7 | L45: 8 | M45: 5 | N45: 9 | O45: 5 | P45: 5 | Q45: 9 | R45: 6 | S45: 4 | T45: 3 | U45: 5 | V45: 7 | W45: 4 | X45: 5 | Y45: 10 | Z45: 3 | AA45: 9 | AB45: 4 | AC45: 3 | AD45: =SUM(E45:AC45) -> 167
A46: A.2 | C46: 1. Dra. Hj. MA`MULAH HARUN, M.Pd.I. | E46: 9 | F46: 6 | G46: 10 | H46: 8 | I46: 9 | J46: 19 | K46: 10 | L46: 5 | M46: 12 | N46: 10 | O46: 9 | P46: 5 | Q46: 3 | R46: 4 | S46: 2 | T46: 0 | U46: 3 | V46: 3 | W46: 6 | X46: 31 | Y46: 18 | Z46: 16 | AA46: 21 | AB46: 6 | AC46: 4 | AD46: =SUM(E46:AC46) -> 229
C47: 2. UBAIDILLAH, S.Fil.I. | E47: 0 | F47: 5 | G47: 8 | H47: 5 | I47: 5 | J47: 14 | K47: 9 | L47: 17 | M47: 11 | N47: 10 | O47: 4 | P47: 15 | Q47: 1 | R47: 4 | S47: 2 | T47: 5 | U47: 4 | V47: 4 | W47: 2 | X47: 24 | Y47: 6 | Z47: 26 | AA47: 3 | AB47: 9 | AC47: 4 | AD47: =SUM(E47:AC47) -> 197
C48: 3. Ir. H. YOYOK MULYADI, M.Si. | E48: 0 | F48: 4 | G48: 2 | H48: 5 | I48: 6 | J48: 3 | K48: 2 | L48: 3 | M48: 2 | N48: 1 | O48: 2 | P48: 1 | Q48: 2 | R48: 0 | S48: 0 | T48: 0 | U48: 4 | V48: 2 | W48: 1 | X48: 6 | Y48: 5 | Z48: 3 | AA48: 5 | AB48: 2 | AC48: 0 | AD48: =SUM(E48:AC48) -> 61
C49: 4. KHOIRUL ANWAR, S.Fil.I. | E49: 0 | F49: 1 | G49: 0 | H49: 3 | I49: 4 | J49: 1 | K49: 0 | L49: 0 | M49: 1 | N49: 2 | O49: 0 | P49: 0 | Q49: 0 | R49: 1 | S49: 1 | T49: 0 | U49: 2 | V49: 0 | W49: 0 | X49: 2 | Y49: 1 | Z49: 1 | AA49: 3 | AB49: 2 | AC49: 1 | AD49: =SUM(E49:AC49) -> 26
C50: 5. ARIF WIJAKSANA | E50: 0 | F50: 1 | G50: 0 | H50: 2 | I50: 1 | J50: 1 | K50: 2 | L50: 0 | M50: 0 | N50: 1 | O50: 0 | P50: 1 | Q50: 1 | R50: 1 | S50: 0 | T50: 0 | U50: 0 | V50: 1 | W50: 0 | X50: 1 | Y50: 0 | Z50: 1 | AA50: 1 | AB50: 1 | AC50: 0 | AD50: =SUM(E50:AC50) -> 16
C51: 6. Dr. SITI YUMNAH | E51: 1 | F51: 0 | G51: 0 | H51: 0 | I51: 1 | J51: 0 | K51: 1 | L51: 0 | M51: 2 | N51: 0 | O51: 0 | P51: 1 | Q51: 0 | R51: 0 | S51: 0 | T51: 0 | U51: 0 | V51: 0 | W51: 1 | X51: 1 | Y51: 1 | Z51: 1 | AA51: 0 | AB51: 0 | AC51: 0 | AD51: =SUM(E51:AC51) -> 10
C52: 7. MOHAMMAD ZAINI, M.Pd.I. | E52: 2 | F52: 1 | G52: 0 | H52: 1 | I52: 0 | J52: 0 | K52: 1 | L52: 0 | M52: 0 | N52: 0 | O52: 0 | P52: 1 | Q52: 0 | R52: 0 | S52: 2 | T52: 0 | U52: 1 | V52: 2 | W52: 2 | X52: 0 | Y52: 0 | Z52: 1 | AA52: 1 | AB52: 0 | AC52: 0 | AD52: =SUM(E52:AC52) -> 15
C53: 8. FAWAIDUL MAKKIYAH | E53: 0 | F53: 1 | G53: 1 | H53: 0 | I53: 0 | J53: 2 | K53: 1 | L53: 0 | M53: 0 | N53: 0 | O53: 0 | P53: 0 | Q53: 0 | R53: 0 | S53: 0 | T53: 0 | U53: 0 | V53: 0 | W53: 0 | X53: 0 | Y53: 2 | Z53: 0 | AA53: 1 | AB53: 0 | AC53: 0 | AD53: =SUM(E53:AC53) -> 8
C54: 9. IFFAH HIDAYATUR ROHMAH, S.Sos. | E54: 1 | F54: 0 | G54: 0 | H54: 0 | I54: 0 | J54: 0 | K54: 0 | L54: 0 | M54: 0 | N54: 0 | O54: 1 | P54: 0 | Q54: 0 | R54: 0 | S54: 0 | T54: 0 | U54: 0 | V54: 0 | W54: 0 | X54: 0 | Y54: 1 | Z54: 0 | AA54: 0 | AB54: 0 | AC54: 0 | AD54: =SUM(E54:AC54) -> 3
A55: B | B55: JUMLAH SUARA SAH PARTAI POLITIK DAN CALON (A1 + A2) | E55: =SUM(E45:E54) -> 14 | F55: =SUM(F45:F54) -> 22 | G55: =SUM(G45:G54) -> 30 | H55: =SUM(H45:H54) -> 41 | I55: =SUM(I45:I54) -> 46 | J55: =SUM(J45:J54) -> 46 | K55: =SUM(K45:K54) -> 33 | L55: =SUM(L45:L54) -> 33 | ... AD55: =SUM(AD45:AD54) -> 732
A57: A.1 | B57: 2. | C57: Partai Gerakan Indonesia Raya | E57: 8 | F57: 10 | G57: 21 | H57: 17 | I57: 13 | J57: 12 | K57: 28 | L57: 12 | M57: 12 | N57: 15 | O57: 11 | P57: 15 | Q57: 18 | R57: 9 | S57: 16 | T57: 11 | U57: 13 | V57: 13 | W57: 19 | X57: 16 | Y57: 6 | Z57: 4 | AA57: 11 | AB57: 9 | AC57: 13 | AD57: =SUM(E57:AC57) -> 332
A58: A.2 | C58: 1. AHMAD HADINUDDIN, S.Pd.I. | E58: 11 | F58: 7 | G58: 9 | H58: 8 | I58: 4 | J58: 3 | K58: 5 | L58: 7 | M58: 5 | N58: 6 | O58: 4 | P58: 6 | Q58: 1 | R58: 4 | S58: 2 | T58: 4 | U58: 3 | V58: 7 | W58: 7 | X58: 6 | Y58: 8 | Z58: 1 | AA58: 11 | AB58: 6 | AC58: 5 | AD58: =SUM(E58:AC58) -> 140
C59: 2. BIMA RAFSANJANI RAFID | E59: 147 | F59: 84 | G59: 51 | H59: 50 | I59: 79 | J59: 56 | K59: 55 | L59: 75 | M59: 42 | N59: 45 | O59: 61 | P59: 61 | Q59: 54 | R59: 66 | S59: 66 | T59: 57 | U59: 48 | V59: 60 | W59: 49 | X59: 59 | Y59: 43 | Z59: 18 | AA59: 39 | AB59: 40 | AC59: 86 | AD59: =SUM(E59:AC59) -> 1491
C60: 3. IRA DAMAYANTI | E60: 0 | F60: 5 | G60: 1 | H60: 3 | I60: 3 | J60: 0 | K60: 0 | L60: 2 | M60: 3 | N60: 2 | O60: 0 | P60: 5 | Q60: 3 | R60: 5 | S60: 0 | T60: 0 | U60: 4 | V60: 3 | W60: 3 | X60: 3 | Y60: 2 | Z60: 1 | AA60: 3 | AB60: 0 | AC60: 0 | AD60: =SUM(E60:AC60) -> 51
C61: 4. MAULANA MALIK IBRAHIM, S.H. | E61: 0 | F61: 9 | G61: 2 | H61: 0 | I61: 0 | J61: 10 | K61: 3 | L61: 15 | M61: 0 | N61: 4 | O61: 4 | P61: 3 | Q61: 5 | R61: 2 | S61: 2 | T61: 1 | U61: 1 | V61: 2 | W61: 1 | X61: 4 | Y61: 1 | Z61: 1 | AA61: 4 | AB61: 0 | AC61: 1 | AD61: =SUM(E61:AC61) -> 75
C62: 5. LULUK ALFIATI | E62: 0 | F62: 0 | G62: 0 | H62: 0 | I62: 3 | J62: 0 | K62: 2 | L62: 1 | M62: 1 | N62: 1 | O62: 1 | P62: 2 | Q62: 3 | R62: 1 | S62: 0 | T62: 0 | U62: 0 | V62: 0 | W62: 0 | X62: 2 | Y62: 2 | Z62: 2 | AA62: 1 | AB62: 0 | AC62: 2 | AD62: =SUM(E62:AC62) -> 24
C63: 6. ILHAM WAHYUDI, S.H. | E63: 0 | F63: 2 | G63: 0 | H63: 0 | I63: 0 | J63: 0 | K63: 0 | L63: 0 | M63: 0 | N63: 0 | O63: 0 | P63: 0 | Q63: 1 | R63: 1 | S63: 1 | T63: 0 | U63: 0 | V63: 0 | W63: 1 | X63: 0 | Y63: 0 | Z63: 0 | AA63: 0 | AB63: 0 | AC63: 0 | AD63: =SUM(E63:AC63) -> 6
C64: 7. HAERUL ANWAR, S.Pd.I. | E64: 0 | F64: 0 | G64: 0 | H64: 0 | I64: 0 | J64: 0 | K64: 0 | L64: 1 | M64: 0 | N64: 0 | O64: 0 | P64: 0 | Q64: 2 | R64: 0 | S64: 0 | T64: 0 | U64: 0 | V64: 0 | W64: 0 | X64: 0 | Y64: 0 | Z64: 0 | AA64: 1 | AB64: 0 | AC64: 0 | AD64: =SUM(E64:AC64) -> 4
C65: 8. YOVI ADHITYA WARDANI | E65: 0 | F65: 0 | G65: 0 | H65: 2 | I65: 1 | J65: 0 | K65: 0 | L65: 0 | M65: 1 | N65: 0 | O65: 0 | P65: 0 | Q65: 0 | R65: 2 | S65: 0 | T65: 0 | U65: 0 | V65: 1 | W65: 0 | X65: 0 | Y65: 1 | Z65: 0 | AA65: 1 | AB65: 1 | AC65: 0 | AD65: =SUM(E65:AC65) -> 10
C66: 9. RITA AMELIA | E66: 1 | F66: 1 | G66: 0 | H66: 1 | I66: 0 | J66: 0 | K66: 1 | L66: 0 | M66: 1 | N66: 0 | O66: 2 | P66: 2 | Q66: 2 | R66: 0 | S66: 0 | T66: 1 | U66: 0 | V66: 1 | W66: 1 | X66: 0 | Y66: 1 | Z66: 0 | AA66: 0 | AB66: 1 | AC66: 0 | AD66: =SUM(E66:AC66) -> 16
A67: B | B67: JUMLAH SUARA SAH PARTAI POLITIK DAN CALON (A1 + A2) | E67: =SUM(E57:E66) -> 167 | F67: =SUM(F57:F66) -> 118 | G67: =SUM(G57:G66) -> 84 | H67: =SUM(H57:H66) -> 81 | I67: =SUM(I57:I66) -> 103 | J67: =SUM(J57:J66) -> 81 | K67: =SUM(K57:K66) -> 94 | L67: =SUM(L57:L66) -> 113 | ... AD67: =SUM(AD57:AD66) -> 2149
A69: A.1 | B69: 3. | C69: Partai Demokrasi Indonesia Perjuangan | E69: 6 | F69: 7 | G69: 9 | H69: 6 | I69: 7 | J69: 9 | K69: 4 | L69: 4 | M69: 9 | N69: 5 | O69: 13 | P69: 12 | Q69: 6 | R69: 8 | S69: 4 | T69: 8 | U69: 11 | V69: 20 | W69: 14 | X69: 2 | Y69: 5 | Z69: 2 | AA69: 10 | AB69: 3 | AC69: 2 | AD69: =SUM(E69:AC69) -> 186
A70: A.2 | C70: 1. MARTIN H., S.H., M.H. | E70: 4 | F70: 3 | G70: 5 | H70: 1 | I70: 1 | J70: 4 | K70: 1 | L70: 1 | M70: 6 | N70: 2 | O70: 3 | P70: 4 | Q70: 3 | R70: 4 | S70: 6 | T70: 5 | U70: 2 | V70: 6 | W70: 2 | X70: 1 | Y70: 1 | Z70: 0 | AA70: 2 | AB70: 2 | AC70: 1 | AD70: =SUM(E70:AC70) -> 70
C71: 2. HERMANTO, S.E. | E71: 4 | F71: 4 | G71: 0 | H71: 1 | I71: 6 | J71: 3 | K71: 5 | L71: 2 | M71: 7 | N71: 1 | O71: 3 | P71: 1 | Q71: 6 | R71: 1 | S71: 7 | T71: 8 | U71: 6 | V71: 9 | W71: 5 | X71: 2 | Y71: 3 | Z71: 2 | AA71: 7 | AB71: 5 | AC71: 4 | AD71: =SUM(E71:AC71) -> 102
C72: 3. EVY SUSILAWATI, S.E., M.M. | E72: 3 | F72: 2 | G72: 4 | H72: 0 | I72: 1 | J72: 2 | K72: 1 | L72: 1 | M72: 3 | N72: 2 | O72: 2 | P72: 3 | Q72: 0 | R72: 1 | S72: 2 | T72: 1 | U72: 1 | V72: 3 | W72: 2 | X72: 3 | Y72: 5 | Z72: 3 | AA72: 4 | AB72: 0 | AC72: 2 | AD72: =SUM(E72:AC72) -> 51
C73: 4. M. SIROTTUDIN | E73: 0 | F73: 1 | G73: 1 | H73: 1 | I73: 2 | J73: 1 | K73: 2 | L73: 2 | M73: 0 | N73: 1 | O73: 1 | P73: 2 | Q73: 2 | R73: 3 | S73: 7 | T73: 5 | U73: 4 | V73: 4 | W73: 4 | X73: 0 | Y73: 1 | Z73: 0 | AA73: 1 | AB73: 2 | AC73: 3 | AD73: =SUM(E73:AC73) -> 50
C74: 5. ABDUL HAFID, S.H. | E74: 0 | F74: 1 | G74: 3 | H74: 1 | I74: 0 | J74: 1 | K74: 1 | L74: 1 | M74: 0 | N74: 1 | O74: 0 | P74: 0 | Q74: 0 | R74: 0 | S74: 0 | T74: 0 | U74: 3 | V74: 2 | W74: 0 | X74: 0 | Y74: 2 | Z74: 0 | AA74: 3 | AB74: 1 | AC74: 1 | AD74: =SUM(E74:AC74) -> 21
C75: 6. NIKITA FORTUNA SURYANINGATI, A.Md.Keb. | E75: 0 | F75: 4 | G75: 0 | H75: 0 | I75: 1 | J75: 0 | K75: 0 | L75: 0 | M75: 0 | N75: 2 | O75: 1 | P75: 2 | Q75: 1 | R75: 0 | S75: 1 | T75: 1 | U75: 0 | V75: 1 | W75: 2 | X75: 1 | Y75: 2 | Z75: 1 | AA75: 3 | AB75: 0 | AC75: 2 | AD75: =SUM(E75:AC75) -> 25
C76: 7. YUDHO ILHAM WIJAYA, S.E. | E76: 0 | F76: 0 | G76: 2 | H76: 0 | I76: 0 | J76: 1 | K76: 1 | L76: 1 | M76: 0 | N76: 0 | O76: 0 | P76: 0 | Q76: 1 | R76: 0 | S76: 0 | T76: 2 | U76: 1 | V76: 0 | W76: 0 | X76: 0 | Y76: 0 | Z76: 0 | AA76: 0 | AB76: 0 | AC76: 0 | AD76: =SUM(E76:AC76) -> 9
C77: 8. SETIAWATI, S.H. | E77: 0 | F77: 1 | G77: 0 | H77: 0 | I77: 0 | J77: 0 | K77: 1 | L77: 2 | M77: 0 | N77: 0 | O77: 1 | P77: 0 | Q77: 3 | R77: 0 | S77: 0 | T77: 1 | U77: 0 | V77: 2 | W77: 0 | X77: 0 | Y77: 0 | Z77: 0 | AA77: 1 | AB77: 0 | AC77: 0 | AD77: =SUM(E77:AC77) -> 12
C78: 9. EKO BUDI SANTOSO, S.H. | E78: 1 | F78: 2 | G78: 2 | H78: 0 | I78: 0 | J78: 1 | K78: 0 | L78: 0 | M78: 0 | N78: 0 | O78: 2 | P78: 0 | Q78: 1 | R78: 0 | S78: 2 | T78: 0 | U78: 0 | V78: 0 | W78: 0 | X78: 0 | Y78: 1 | Z78: 0 | AA78: 0 | AB78: 0 | AC78: 0 | AD78: =SUM(E78:AC78) -> 12
A79: B | B79: JUMLAH SUARA SAH PARTAI POLITIK DAN CALON (A1 + A2) | E79: =SUM(E69:E78) -> 18 | F79: =SUM(F69:F78) -> 25 | G79: =SUM(G69:G78) -> 26 | H79: =SUM(H69:H78) -> 10 | I79: =SUM(I69:I78) -> 18 | J79: =SUM(J69:J78) -> 22 | K79: =SUM(K69:K78) -> 16 | L79: =SUM(L69:L78) -> 14 | ... AD79: =SUM(AD69:AD78) -> 538
A81: A.1 | B81: 4. | C81: Partai Golongan Karya | E81: 0 | F81: 2 | G81: 2 | H81: 2 | I81: 4 | J81: 4 | K81: 3 | L81: 1 | M81: 2 | N81: 2 | O81: 2 | P81: 2 | Q81: 5 | R81: 7 | S81: 1 | T81: 6 | U81: 2 | V81: 2 | W81: 0 | X81: 4 | Y81: 2 | Z81: 2 | AA81: 3 | AB81: 1 | AC81: 0 | AD81: =SUM(E81:AC81) -> 61
A82: A.2 | C82: 1. PRANAYA YUDHA MAHARDHIKA | E82: 5 | F82: 1 | G82: 1 | H82: 6 | I82: 7 | J82: 2 | K82: 2 | L82: 10 | M82: 5 | N82: 16 | O82: 5 | P82: 1 | Q82: 1 | R82: 4 | S82: 15 | T82: 26 | U82: 3 | V82: 2 | W82: 1 | X82: 5 | Y82: 4 | Z82: 4 | AA82: 1 | AB82: 3 | AC82: 2 | AD82: =SUM(E82:AC82) -> 132
C83: 2. Dra. Ec. ENDANG SULASTUTY, M.I.P. | E83: 1 | F83: 0 | G83: 0 | H83: 1 | I83: 0 | J83: 0 | K83: 0 | L83: 0 | M83: 0 | N83: 0 | O83: 2 | P83: 0 | Q83: 0 | R83: 1 | S83: 0 | T83: 2 | U83: 2 | V83: 1 | W83: 0 | X83: 1 | Y83: 2 | Z83: 0 | AA83: 3 | AB83: 1 | AC83: 0 | AD83: =SUM(E83:AC83) -> 17
C84: 3. AGUS REJEKI WARTONO | E84: 0 | F84: 0 | G84: 0 | H84: 1 | I84: 1 | J84: 0 | K84: 1 | L84: 0 | M84: 1 | N84: 0 | O84: 0 | P84: 2 | Q84: 0 | R84: 0 | S84: 0 | T84: 0 | U84: 0 | V84: 1 | W84: 0 | X84: 1 | Y84: 0 | Z84: 1 | AA84: 0 | AB84: 0 | AC84: 0 | AD84: =SUM(E84:AC84) -> 9
C85: 4. Hj. TUTUK ASMA'A ZUCHROH, S.T., M.T. | E85: 0 | F85: 1 | G85: 2 | H85: 2 | I85: 0 | J85: 0 | K85: 0 | L85: 0 | M85: 1 | N85: 0 | O85: 0 | P85: 0 | Q85: 3 | R85: 0 | S85: 0 | T85: 0 | U85: 0 | V85: 2 | W85: 0 | X85: 1 | Y85: 1 | Z85: 1 | AA85: 0 | AB85: 0 | AC85: 0 | AD85: =SUM(E85:AC85) -> 14
C86: 5. ADE M. RIZKI, S.E. | E86: 0 | F86: 1 | G86: 0 | H86: 1 | I86: 1 | J86: 0 | K86: 1 | L86: 0 | M86: 0 | N86: 0 | O86: 0 | P86: 0 | Q86: 0 | R86: 1 | S86: 1 | T86: 0 | U86: 0 | V86: 0 | W86: 0 | X86: 1 | Y86: 0 | Z86: 0 | AA86: 0 | AB86: 0 | AC86: 0 | AD86: =SUM(E86:AC86) -> 7
C87: 6. ABDURAKHMAN, Bc.Kn. | E87: 0 | F87: 0 | G87: 0 | H87: 0 | I87: 0 | J87: 0 | K87: 0 | L87: 1 | M87: 0 | N87: 0 | O87: 0 | P87: 0 | Q87: 0 | R87: 0 | S87: 0 | T87: 0 | U87: 0 | V87: 0 | W87: 0 | X87: 0 | Y87: 0 | Z87: 0 | AA87: 1 | AB87: 0 | AC87: 0 | AD87: =SUM(E87:AC87) -> 2
C88: 7. CENDY RHIYAN ADI PUTRI | E88: 0 | F88: 0 | G88: 0 | H88: 0 | I88: 1 | J88: 0 | K88: 1 | L88: 1 | M88: 0 | N88: 0 | O88: 0 | P88: 0 | Q88: 0 | R88: 0 | S88: 0 | T88: 1 | U88: 0 | V88: 0 | W88: 0 | X88: 0 | Y88: 0 | Z88: 0 | AA88: 0 | AB88: 0 | AC88: 0 | AD88: =SUM(E88:AC88) -> 4
C89: 8. BAKTI WIJAYANTO, S.E. | E89: 0 | F89: 0 | G89: 0 | H89: 0 | I89: 0 | J89: 0 | K89: 0 | L89: 0 | M89: 0 | N89: 0 | O89: 0 | P89: 0 | Q89: 0 | R89: 0 | S89: 0 | T89: 0 | U89: 0 | V89: 0 | W89: 0 | X89: 0 | Y89: 0 | Z89: 0 | AA89: 0 | AB89: 0 | AC89: 0 | AD89: =SUM(E89:AC89) -> 0
C90: 9. AHMAD UBAIDILLAH | E90: 0 | F90: 0 | G90: 0 | H90: 1 | I90: 0 | J90: 0 | K90: 0 | L90: 0 | M90: 0 | N90: 0 | O90: 1 | P90: 1 | Q90: 0 | R90: 0 | S90: 0 | T90: 0 | U90: 0 | V90: 0 | W90: 0 | X90: 0 | Y90: 1 | Z90: 0 | AA90: 0 | AB90: 0 | AC90: 0 | AD90: =SUM(E90:AC90) -> 4
A91: B | B91: JUMLAH SUARA SAH PARTAI POLITIK DAN CALON (A1 + A2) | E91: =SUM(E81:E90) -> 6 | F91: =SUM(F81:F90) -> 5 | G91: =SUM(G81:G90) -> 5 | H91: =SUM(H81:H90) -> 14 | I91: =SUM(I81:I90) -> 14 | J91: =SUM(J81:J90) -> 6 | K91: =SUM(K81:K90) -> 8 | L91: =SUM(L81:L90) -> 13 | ... AD91: =SUM(AD81:AD90) -> 250
A93: A.1 | B93: 5. | C93: Partai NasDem | E93: 2 | F93: 0 | G93: 0 | H93: 0 | I93: 0 | J93: 1 | K93: 0 | L93: 0 | M93: 0 | N93: 1 | O93: 1 | P93: 2 | Q93: 0 | R93: 0 | S93: 1 | T93: 0 | U93: 2 | V93: 2 | W93: 0 | X93: 0 | Y93: 1 | Z93: 0 | AA93: 1 | AB93: 0 | AC93: 0 | AD93: =SUM(E93:AC93) -> 14
A94: A.2 | C94: 1. ALI MUSTOFA, A.Md. | E94: 0 | F94: 4 | G94: 0 | H94: 1 | I94: 0 | J94: 0 | K94: 0 | L94: 0 | M94: 0 | N94: 0 | O94: 2 | P94: 1 | Q94: 0 | R94: 0 | S94: 0 | T94: 0 | U94: 2 | V94: 2 | W94: 6 | X94: 0 | Y94: 1 | Z94: 0 | AA94: 1 | AB94: 0 | AC94: 0 | AD94: =SUM(E94:AC94) -> 20
C95: 2. Hj. BUAMI, S.H. | E95: 0 | F95: 0 | G95: 0 | H95: 0 | I95: 0 | J95: 0 | K95: 0 | L95: 4 | M95: 0 | N95: 0 | O95: 1 | P95: 0 | Q95: 0 | R95: 0 | S95: 0 | T95: 1 | U95: 0 | V95: 0 | W95: 0 | X95: 0 | Y95: 1 | Z95: 0 | AA95: 0 | AB95: 0 | AC95: 1 | AD95: =SUM(E95:AC95) -> 8
C96: 3. SUGIONO, S.H. | E96: 1 | F96: 0 | G96: 0 | H96: 0 | I96: 0 | J96: 0 | K96: 0 | L96: 0 | M96: 0 | N96: 0 | O96: 0 | P96: 2 | Q96: 0 | R96: 0 | S96: 0 | T96: 0 | U96: 0 | V96: 0 | W96: 0 | X96: 1 | Y96: 0 | Z96: 0 | AA96: 0 | AB96: 0 | AC96: 0 | AD96: =SUM(E96:AC96) -> 4
C97: 4. LULUK SUNARMIATININGSIH | E97: 1 | F97: 0 | G97: 0 | H97: 0 | I97: 0 | J97: 1 | K97: 1 | L97: 0 | M97: 0 | N97: 0 | O97: 0 | P97: 1 | Q97: 1 | R97: 0 | S97: 1 | T97: 0 | U97: 0 | V97: 1 | W97: 0 | X97: 1 | Y97: 1 | Z97: 0 | AA97: 0 | AB97: 0 | AC97: 0 | AD97: =SUM(E97:AC97) -> 9
C98: 5. ANTON DJULIANTO ADI | E98: 0 | F98: 0 | G98: 0 | H98: 0 | I98: 0 | J98: 0 | K98: 1 | L98: 0 | M98: 0 | N98: 0 | O98: 0 | P98: 0 | Q98: 1 | R98: 0 | S98: 0 | T98: 0 | U98: 0 | V98: 0 | W98: 0 | X98: 0 | Y98: 0 | Z98: 0 | AA98: 0 | AB98: 0 | AC98: 0 | AD98: =SUM(E98:AC98) -> 2
C99: 6. MOKHAMAD ROFI'I KHUSNAN | E99: 3 | F99: 1 | G99: 0 | H99: 0 | I99: 0 | J99: 3 | K99: 0 | L99: 0 | M99: 1 | N99: 0 | O99: 0 | P99: 2 | Q99: 0 | R99: 0 | S99: 0 | T99: 0 | U99: 1 | V99: 0 | W99: 0 | X99: 0 | Y99: 0 | Z99: 0 | AA99: 0 | AB99: 0 | AC99: 0 | AD99: =SUM(E99:AC99) -> 11
C100: 7. Rr SETYO WATI | E100: 0 | F100: 0 | G100: 0 | H100: 0 | I100: 0 | J100: 0 | K100: 0 | L100: 0 | M100: 0 | N100: 0 | O100: 0 | P100: 0 | Q100: 0 | R100: 0 | S100: 0 | T100: 0 | U100: 0 | V100: 0 | W100: 2 | X100: 0 | Y100: 0 | Z100: 0 | AA100: 0 | AB100: 0 | AC100: 0 | AD100: =SUM(E100:AC100) -> 2
C101: 8. ABD. KADIR ASSEGAFF | E101: 1 | F101: 0 | G101: 0 | H101: 0 | I101: 0 | J101: 0 | K101: 0 | L101: 0 | M101: 0 | N101: 0 | O101: 0 | P101: 0 | Q101: 0 | R101: 0 | S101: 0 | T101: 0 | U101: 1 | V101: 0 | W101: 0 | X101: 0 | Y101: 0 | Z101: 0 | AA101: 0 | AB101: 0 | AC101: 0 | AD101: =SUM(E101:AC101) -> 2
C102: 9. FATHOR ZAINULLAH | E102: 0 | F102: 0 | G102: 0 | H102: 0 | I102: 0 | J102: 0 | K102: 1 | L102: 0 | M102: 0 | N102: 0 | O102: 0 | P102: 0 | Q102: 1 | R102: 0 | S102: 0 | T102: 0 | U102: 0 | V102: 0 | W102: 0 | X102: 0 | Y102: 0 | Z102: 0 | AA102: 0 | AB102: 0 | AC102: 0 | AD102: =SUM(E102:AC102) -> 2
A103: B | B103: JUMLAH SUARA SAH PARTAI POLITIK DAN CALON (A1 + A2) | E103: =SUM(E93:E102) -> 8 | F103: =SUM(F93:F102) -> 5 | G103: =SUM(G93:G102) -> 0 | H103: =SUM(H93:H102) -> 1 | I103: =SUM(I93:I102) -> 0 | J103: =SUM(J93:J102) -> 5 | K103: =SUM(K93:K102) -> 3 | L103: =SUM(L93:L102) -> 4 | ... AD103: =SUM(AD93:AD102) -> 74
A105: A.1 | B105: 6. | C105: Partai Buruh | E105: 0 | F105: 0 | G105: 1 | H105: 0 | I105: 0 | J105: 0 | K105: 2 | L105: 0 | M105: 2 | N105: 0 | O105: 0 | P105: 0 | Q105: 0 | R105: 0 | S105: 0 | T105: 0 | U105: 0 | V105: 1 | W105: 0 | X105: 0 | Y105: 0 | Z105: 0 | AA105: 1 | AB105: 0 | AC105: 0 | AD105: =SUM(E105:AC105) -> 7
A106: A.2 | C106: 1. AGUS SUPRIYADI | E106: 0 | F106: 1 | G106: 0 | H106: 0 | I106: 0 | J106: 0 | K106: 0 | L106: 1 | M106: 0 | N106: 0 | O106: 0 | P106: 1 | Q106: 1 | R106: 0 | S106: 0 | T106: 0 | U106: 0 | V106: 0 | W106: 0 | X106: 0 | Y106: 0 | Z106: 0 | AA106: 0 | AB106: 0 | AC106: 0 | AD106: =SUM(E106:AC106) -> 4
C107: 2. ENI HARIATI | E107: 1 | F107: 0 | G107: 0 | H107: 0 | I107: 0 | J107: 0 | K107: 0 | L107: 0 | M107: 0 | N107: 0 | O107: 0 | P107: 0 | Q107: 0 | R107: 1 | S107: 1 | T107: 0 | U107: 0 | V107: 1 | W107: 0 | X107: 0 | Y107: 0 | Z107: 0 | AA107: 0 | AB107: 0 | AC107: 0 | AD107: =SUM(E107:AC107) -> 4
AD108: =SUM(E108:AC108) -> 0
AD109: =SUM(E109:AC109) -> 0
AD110: =SUM(E110:AC110) -> 0
AD111: =SUM(E111:AC111) -> 0
AD112: =SUM(E112:AC112) -> 0
AD113: =SUM(E113:AC113) -> 0
AD114: =SUM(E114:AC114) -> 0
A115: B | B115: JUMLAH SUARA SAH PARTAI POLITIK DAN CALON (A1 + A2) | E115: =SUM(E105:E114) -> 1 | F115: =SUM(F105:F114) -> 1 | G115: =SUM(G105:G114) -> 1 | H115: =SUM(H105:H114) -> 0 | I115: =SUM(I105:I114) -> 0 | J115: =SUM(J105:J114) -> 0 | K115: =SUM(K105:K114) -> 2 | L115: =SUM(L105:L114) -> 1 | ... AD115: =SUM(AD105:AD114) -> 15
A117: A.1 | B117: 7. | C117: Partai Gelombang Rakyat Indonesia | E117: 0 | F117: 1 | G117: 0 | H117: 0 | I117: 0 | J117: 0 | K117: 1 | L117: 0 | M117: 0 | N117: 0 | O117: 0 | P117: 0 | Q117: 0 | R117: 1 | S117: 0 | T117: 1 | U117: 0 | V117: 0 | W117: 0 | X117: 0 | Y117: 0 | Z117: 0 | AA117: 0 | AB117: 0 | AC117: 0 | AD117: =SUM(E117:AC117) -> 4
...

Sheet WATUKEBO
C2: Kecamatan | D2: WONGSOREJO
C3: Kabupaten | D3: BANYUWANGI
C4: Provinsi | D4: JAWA TIMUR
C9: Kelurahan | D9: WATUKEBO
A12: I | B12: DATA PEMILIH DAN PENGGUNAAN HAK PILIH | Y12: JUMLAH AKHIR
A13: A | B13: DATA PEMILIH | E13: TPS 001 | F13: TPS 002 | G13: TPS 003 | H13: TPS 004 | I13: TPS 005 | J13: TPS 006 | K13: TPS 007 | L13: TPS 008 | M13: TPS 009 | N13: TPS 010 | O13: TPS 011 | P13: TPS 012 | Q13: TPS 013 | R13: TPS 014 | S13: TPS 015 | T13: TPS 016 | U13: TPS 017 | V13: TPS 018 | W13: TPS 019 | X13: TPS 020
B14: Jumlah Pemilih dalam Daftar Pemilih Tetap (DPT) | D14: LK | E14: 115 | F14: 120 | G14: 132 | H14: 144 | I14: 136 | J14: 136 | K14: 143 | L14: 95 | M14: 108 | N14: 143 | O14: 135 | P14: 150 | Q14: 145 | R14: 131 | S14: 143 | T14: 136 | U14: 151 | V14: 134 | W14: 143 | X14: 110 | Y14: =SUM(E14:X14) -> 2650
D15: PR | E15: 117 | F15: 129 | G15: 134 | H15: 145 | I15: 146 | J15: 151 | K15: 141 | L15: 106 | M15: 115 | N15: 151 | O15: 150 | P15: 139 | Q15: 146 | R15: 144 | S15: 152 | T15: 152 | U15: 133 | V15: 137 | W15: 151 | X15: 111 | Y15: =SUM(E15:X15) -> 2750
D16: JML | E16: =SUM(E14:E15) -> 232 | F16: =SUM(F14:F15) -> 249 | G16: =SUM(G14:G15) -> 266 | H16: =SUM(H14:H15) -> 289 | I16: =SUM(I14:I15) -> 282 | J16: =SUM(J14:J15) -> 287 | K16: =SUM(K14:K15) -> 284 | L16: =SUM(L14:L15) -> 201 | ... X16: =SUM(X14:X15) -> 221 | Y16: =SUM(E16:X16) -> 5400
A18: B | B18: PENGGUNA HAK PILIH
B19: 1. | C19: Jumlah pengguna hak pilih dalam Daftar Pemilih Tetap (DPT) | D19: LK | E19: 97 | F19: 92 | G19: 100 | H19: 122 | I19: 119 | J19: 110 | K19: 112 | L19: 86 | M19: 92 | N19: 117 | O19: 119 | P19: 111 | Q19: 110 | R19: 106 | S19: 115 | T19: 106 | U19: 122 | V19: 108 | W19: 124 | X19: 101 | Y19: =SUM(E19:X19) -> 2169
D20: PR | E20: 100 | F20: 110 | G20: 121 | H20: 129 | I20: 132 | J20: 117 | K20: 107 | L20: 92 | M20: 95 | N20: 127 | O20: 118 | P20: 115 | Q20: 107 | R20: 126 | S20: 124 | T20: 124 | U20: 119 | V20: 107 | W20: 137 | X20: 100 | Y20: =SUM(E20:X20) -> 2307
D21: JML | E21: =SUM(E19:E20) -> 197 | F21: =SUM(F19:F20) -> 202 | G21: =SUM(G19:G20) -> 221 | H21: =SUM(H19:H20) -> 251 | I21: =SUM(I19:I20) -> 251 | J21: =SUM(J19:J20) -> 227 | K21: =SUM(K19:K20) -> 219 | L21: =SUM(L19:L20) -> 178 | ... X21: =SUM(X19:X20) -> 201 | Y21: =SUM(E21:X21) -> 4476
B22: 2. | C22: Jumlah pengguna hak pilih dalam Daftar Pemilih Tambahan (DPTb) | D22: LK | E22: 0 | F22: 1 | G22: 1 | H22: 0 | I22: 0 | J22: 0 | K22: 0 | L22: 0 | M22: 0 | N22: 0 | O22: 0 | P22: 0 | Q22: 0 | R22: 0 | S22: 0 | T22: 0 | U22: 0 | V22: 1 | W22: 0 | X22: 0 | Y22: =SUM(E22:X22) -> 3
D23: PR | E23: 0 | F23: 0 | G23: 0 | H23: 0 | I23: 0 | J23: 0 | K23: 0 | L23: 0 | M23: 0 | N23: 0 | O23: 0 | P23: 0 | Q23: 0 | R23: 0 | S23: 0 | T23: 0 | U23: 0 | V23: 0 | W23: 0 | X23: 0 | Y23: =SUM(E23:X23) -> 0
D24: JML | E24: =SUM(E22:E23) -> 0 | F24: =SUM(F22:F23) -> 1 | G24: =SUM(G22:G23) -> 1 | H24: =SUM(H22:H23) -> 0 | I24: =SUM(I22:I23) -> 0 | J24: =SUM(J22:J23) -> 0 | K24: =SUM(K22:K23) -> 0 | L24: =SUM(L22:L23) -> 0 | ... X24: =SUM(X22:X23) -> 0 | Y24: =SUM(E24:X24) -> 3
B25: 3. | C25: Jumlah pengguna hak pilih dalam Daftar Pemilih Khusus (DPK) | D25: LK | E25: 1 | F25: 3 | G25: 0 | H25: 0 | I25: 0 | J25: 0 | K25: 0 | L25: 0 | M25: 0 | N25: 0 | O25: 0 | P25: 0 | Q25: 11 | R25: 0 | S25: 0 | T25: 0 | U25: 0 | V25: 0 | W25: 0 | X25: 0 | Y25: =SUM(E25:X25) -> 15
D26: PR | E26: 0 | F26: 2 | G26: 0 | H26: 0 | I26: 0 | J26: 0 | K26: 0 | L26: 0 | M26: 0 | N26: 0 | O26: 0 | P26: 0 | Q26: 9 | R26: 0 | S26: 0 | T26: 0 | U26: 1 | V26: 0 | W26: 0 | X26: 0 | Y26: =SUM(E26:X26) -> 12
D27: JML | E27: =SUM(E25:E26) -> 1 | F27: =SUM(F25:F26) -> 5 | G27: =SUM(G25:G26) -> 0 | H27: =SUM(H25:H26) -> 0 | I27: =SUM(I25:I26) -> 0 | J27: =SUM(J25:J26) -> 0 | K27: =SUM(K25:K26) -> 0 | L27: =SUM(L25:L26) -> 0 | ... X27: =SUM(X25:X26) -> 0 | Y27: =SUM(E27:X27) -> 27
B28: 4. | C28: Jumlah Pengguna Hak Pilih (B.1+B.2+B.3) | D28: LK | E28: =SUM(E19,E22,E25) -> 98 | F28: =SUM(F19,F22,F25) -> 96 | G28: =SUM(G19,G22,G25) -> 101 | H28: =SUM(H19,H22,H25) -> 122 | I28: =SUM(I19,I22,I25) -> 119 | J28: =SUM(J19,J22,J25) -> 110 | K28: =SUM(K19,K22,K25) -> 112 | L28: =SUM(L19,L22,L25) -> 86 | ... X28: =SUM(X19,X22,X25) -> 101 | Y28: =SUM(E28:X28) -> 2187
D29: PR | E29: =SUM(E20,E23,E26) -> 100 | F29: =SUM(F20,F23,F26) -> 112 | G29: =SUM(G20,G23,G26) -> 121 | H29: =SUM(H20,H23,H26) -> 129 | I29: =SUM(I20,I23,I26) -> 132 | J29: =SUM(J20,J23,J26) -> 117 | K29: =SUM(K20,K23,K26) -> 107 | L29: =SUM(L20,L23,L26) -> 92 | ... X29: =SUM(X20,X23,X26) -> 100 | Y29: =SUM(E29:X29) -> 2319
D30: JML | E30: =SUM(E28:E29) -> 198 | F30: =SUM(F28:F29) -> 208 | G30: =SUM(G28:G29) -> 222 | H30: =SUM(H28:H29) -> 251 | I30: =SUM(I28:I29) -> 251 | J30: =SUM(J28:J29) -> 227 | K30: =SUM(K28:K29) -> 219 | L30: =SUM(L28:L29) -> 178 | ... X30: =SUM(X28:X29) -> 201 | Y30: =SUM(E30:X30) -> 4506
A32: II | B32: DATA PENGGUNAAN SURAT SUARA
A33: 1 | B33: Jumlah surat suara yang diterima, termasuk surat suara cadangan 2,5% dari DPT | E33: 237 | F33: 254 | G33: 272 | H33: 295 | I33: 288 | J33: 293 | K33: 290 | L33: 206 | M33: 228 | N33: 300 | O33: 291 | P33: 295 | Q33: 297 | R33: 281 | S33: 301 | T33: 294 | U33: 290 | V33: 277 | W33: 300 | X33: 226 | Y33: =SUM(E33:X33) -> 5515
A34: 2 | B34: Jumlah surat suara yang digunakan | E34: 198 | F34: 208 | G34: 222 | H34: 251 | I34: 251 | J34: 227 | K34: 219 | L34: 178 | M34: 187 | N34: 244 | O34: 237 | P34: 226 | Q34: 237 | R34: 232 | S34: 239 | T34: 230 | U34: 242 | V34: 216 | W34: 261 | X34: 201 | Y34: =SUM(E34:X34) -> 4506
A35: 3 | B35: Jumlah surat suara dikembalikan oleh pemilih (karena rusak atau keliru coblos) | E35: 0 | F35: 0 | G35: 0 | H35: 0 | I35: 0 | J35: 0 | K35: 0 | L35: 0 | M35: 1 | N35: 0 | O35: 0 | P35: 0 | Q35: 3 | R35: 3 | S35: 0 | T35: 0 | U35: 0 | V35: 4 | W35: 0 | X35: 1 | Y35: =SUM(E35:X35) -> 12
A36: 4 | B36: Jumlah surat suara yang tidak digunakan/tidak terpakai, termasuk sisa surat suara cadangan | E36: =E33-(E34+E35) -> 39 | F36: =F33-(F34+F35) -> 46 | G36: =G33-(G34+G35) -> 50 | H36: =H33-(H34+H35) -> 44 | I36: =I33-(I34+I35) -> 37 | J36: =J33-(J34+J35) -> 66 | K36: =K33-(K34+K35) -> 71 | L36: =L33-(L34+L35) -> 28 | ... X36: =X33-(X34+X35) -> 24 | Y36: =SUM(E36:X36) -> 997
A38: III | B38: DATA PEMILIH DISABILITAS
B39: Jumlah seluruh Pemilih disabilitas yang menggunakan hak pilih | D39: LK | Y39: =SUM(E39:X39) -> 0
D40: PR | Y40: =SUM(E40:X40) -> 0
D41: JML | E41: =SUM(E39:E40) -> 0 | F41: =SUM(F39:F40) -> 0 | G41: =SUM(G39:G40) -> 0 | H41: =SUM(H39:H40) -> 0 | I41: =SUM(I39:I40) -> 0 | J41: =SUM(J39:J40) -> 0 | K41: =SUM(K39:K40) -> 0 | L41: =SUM(L39:L40) -> 0 | ... X41: =SUM(X39:X40) -> 0 | Y41: =SUM(E41:X41) -> 0
A43: IV | B43: DATA RINCIAN PEROLEHAN SUARA PASANGAN CALON BUPATI DAN WAKIL BUPATI
A44: NOMOR DAN NAMA CALON
A45: A.1 | B45: 1. | C45: Partai Kebangkitan Bangsa | E45: 5 | F45: 0 | G45: 13 | H45: 13 | I45: 12 | J45: 14 | K45: 7 | L45: 4 | M45: 15 | N45: 7 | O45: 10 | P45: 4 | Q45: 4 | R45: 11 | S45: 12 | T45: 1 | U45: 8 | V45: 3 | W45: 2 | X45: 1 | Y45: =SUM(E45:X45) -> 146
A46: A.2 | C46: 1. Dra. Hj. MA`MULAH HARUN, M.Pd.I. | E46: 10 | F46: 8 | G46: 31 | H46: 19 | I46: 13 | J46: 16 | K46: 17 | L46: 1 | M46: 10 | N46: 8 | O46: 15 | P46: 10 | Q46: 3 | R46: 6 | S46: 17 | T46: 1 | U46: 6 | V46: 0 | W46: 2 | X46: 1 | Y46: =SUM(E46:X46) -> 194
C47: 2. UBAIDILLAH, S.Fil.I. | E47: 4 | F47: 7 | G47: 5 | H47: 6 | I47: 0 | J47: 5 | K47: 1 | L47: 6 | M47: 4 | N47: 5 | O47: 8 | P47: 11 | Q47: 7 | R47: 6 | S47: 27 | T47: 1 | U47: 4 | V47: 2 | W47: 2 | X47: 0 | Y47: =SUM(E47:X47) -> 111
C48: 3. Ir. H. YOYOK MULYADI, M.Si. | E48: 8 | F48: 1 | G48: 3 | H48: 37 | I48: 6 | J48: 3 | K48: 1 | L48: 7 | M48: 21 | N48: 1 | O48: 3 | P48: 2 | Q48: 1 | R48: 1 | S48: 0 | T48: 0 | U48: 1 | V48: 0 | W48: 0 | X48: 0 | Y48: =SUM(E48:X48) -> 96
C49: 4. KHOIRUL ANWAR, S.Fil.I. | E49: 1 | F49: 2 | G49: 0 | H49: 0 | I49: 0 | J49: 2 | K49: 0 | L49: 0 | M49: 0 | N49: 0 | O49: 1 | P49: 2 | Q49: 0 | R49: 0 | S49: 0 | T49: 0 | U49: 0 | V49: 0 | W49: 1 | X49: 0 | Y49: =SUM(E49:X49) -> 9
C50: 5. ARIF WIJAKSANA | E50: 0 | F50: 1 | G50: 0 | H50: 0 | I50: 0 | J50: 1 | K50: 0 | L50: 0 | M50: 0 | N50: 0 | O50: 0 | P50: 0 | Q50: 1 | R50: 1 | S50: 0 | T50: 0 | U50: 1 | V50: 0 | W50: 0 | X50: 0 | Y50: =SUM(E50:X50) -> 5
C51: 6. Dr. SITI YUMNAH | E51: 0 | F51: 0 | G51: 0 | H51: 0 | I51: 0 | J51: 0 | K51: 0 | L51: 0 | M51: 1 | N51: 0 | O51: 0 | P51: 0 | Q51: 0 | R51: 0 | S51: 0 | T51: 0 | U51: 0 | V51: 0 | W51: 0 | X51: 0 | Y51: =SUM(E51:X51) -> 1
C52: 7. MOHAMMAD ZAINI, M.Pd.I. | E52: 1 | F52: 0 | G52: 0 | H52: 0 | I52: 0 | J52: 0 | K52: 0 | L52: 0 | M52: 1 | N52: 0 | O52: 0 | P52: 0 | Q52: 0 | R52: 0 | S52: 0 | T52: 0 | U52: 0 | V52: 0 | W52: 0 | X52: 0 | Y52: =SUM(E52:X52) -> 2
C53: 8. FAWAIDUL MAKKIYAH | E53: 0 | F53: 1 | G53: 1 | H53: 0 | I53: 0 | J53: 0 | K53: 0 | L53: 0 | M53: 0 | N53: 0 | O53: 0 | P53: 0 | Q53: 0 | R53: 1 | S53: 1 | T53: 0 | U53: 0 | V53: 0 | W53: 0 | X53: 0 | Y53: =SUM(E53:X53) -> 4
C54: 9. IFFAH HIDAYATUR ROHMAH, S.Sos. | E54: 1 | F54: 0 | G54: 0 | H54: 0 | I54: 0 | J54: 0 | K54: 0 | L54: 0 | M54: 0 | N54: 0 | O54: 0 | P54: 0 | Q54: 0 | R54: 0 | S54: 0 | T54: 0 | U54: 0 | V54: 0 | W54: 0 | X54: 0 | Y54: =SUM(E54:X54) -> 1
A55: B | B55: JUMLAH SUARA SAH PARTAI POLITIK DAN CALON (A1 + A2) | E55: 30 | F55: 20 | G55: 53 | H55: 75 | I55: 31 | J55: 41 | K55: 26 | L55: 18 | M55: 52 | N55: 21 | O55: 37 | P55: 29 | Q55: 16 | R55: 26 | S55: 57 | T55: 3 | U55: 20 | V55: 5 | W55: 7 | X55: 2 | Y55: =SUM(Y45:Y54) -> 569
A57: A.1 | B57: 2. | C57: Partai Gerakan Indonesia Raya | E57: 18 | F57: 15 | G57: 16 | H57: 8 | I57: 10 | J57: 40 | K57: 15 | L57: 14 | M57: 7 | N57: 25 | O57: 24 | P57: 26 | Q57: 8 | R57: 24 | S57: 26 | T57: 14 | U57: 13 | V57: 21 | W57: 18 | X57: 3 | Y57: =SUM(E57:X57) -> 345
A58: A.2 | C58: 1. AHMAD HADINUDDIN, S.Pd.I. | E58: 6 | F58: 5 | G58: 7 | H58: 5 | I58: 7 | J58: 11 | K58: 11 | L58: 6 | M58: 3 | N58: 18 | O58: 8 | P58: 15 | Q58: 8 | R58: 14 | S58: 24 | T58: 23 | U58: 10 | V58: 15 | W58: 10 | X58: 1 | Y58: =SUM(E58:X58) -> 207
C59: 2. BIMA RAFSANJANI RAFID | E59: 131 | F59: 144 | G59: 109 | H59: 118 | I59: 169 | J59: 78 | K59: 128 | L59: 68 | M59: 89 | N59: 145 | O59: 118 | P59: 116 | Q59: 194 | R59: 110 | S59: 87 | T59: 183 | U59: 160 | V59: 154 | W59: 203 | X59: 192 | Y59: =SUM(E59:X59) -> 2696
C60: 3. IRA DAMAYANTI | E60: 2 | F60: 0 | G60: 1 | H60: 0 | I60: 0 | J60: 1 | K60: 0 | L60: 2 | M60: 0 | N60: 1 | O60: 0 | P60: 4 | Q60: 1 | R60: 1 | S60: 1 | T60: 1 | U60: 2 | V60: 1 | W60: 0 | X60: 0 | Y60: =SUM(E60:X60) -> 18
C61: 4. MAULANA MALIK IBRAHIM, S.H. | E61: 0 | F61: 4 | G61: 1 | H61: 1 | I61: 0 | J61: 1 | K61: 2 | L61: 0 | M61: 3 | N61: 3 | O61: 1 | P61: 1 | Q61: 0 | R61: 0 | S61: 3 | T61: 0 | U61: 0 | V61: 1 | W61: 0 | X61: 0 | Y61: =SUM(E61:X61) -> 21
C62: 5. LULUK ALFIATI | E62: 0 | F62: 0 | G62: 0 | H62: 0 | I62: 0 | J62: 1 | K62: 0 | L62: 0 | M62: 0 | N62: 1 | O62: 1 | P62: 0 | Q62: 0 | R62: 0 | S62: 0 | T62: 1 | U62: 0 | V62: 0 | W62: 0 | X62: 0 | Y62: =SUM(E62:X62) -> 4
C63: 6. ILHAM WAHYUDI, S.H. | E63: 0 | F63: 0 | G63: 0 | H63: 0 | I63: 0 | J63: 0 | K63: 1 | L63: 0 | M63: 0 | N63: 0 | O63: 0 | P63: 0 | Q63: 0 | R63: 0 | S63: 1 | T63: 1 | U63: 1 | V63: 0 | W63: 0 | X63: 0 | Y63: =SUM(E63:X63) -> 4
C64: 7. HAERUL ANWAR, S.Pd.I. | E64: 0 | F64: 1 | G64: 0 | H64: 0 | I64: 0 | J64: 0 | K64: 0 | L64: 0 | M64: 0 | N64: 0 | O64: 1 | P64: 0 | Q64: 0 | R64: 0 | S64: 0 | T64: 0 | U64: 0 | V64: 1 | W64: 0 | X64: 0 | Y64: =SUM(E64:X64) -> 3
C65: 8. YOVI ADHITYA WARDANI | E65: 0 | F65: 0 | G65: 0 | H65: 0 | I65: 0 | J65: 0 | K65: 0 | L65: 0 | M65: 0 | N65: 1 | O65: 0 | P65: 0 | Q65: 0 | R65: 0 | S65: 0 | T65: 0 | U65: 0 | V65: 0 | W65: 0 | X65: 0 | Y65: =SUM(E65:X65) -> 1
C66: 9. RITA AMELIA | E66: 0 | F66: 0 | G66: 0 | H66: 0 | I66: 0 | J66: 0 | K66: 0 | L66: 0 | M66: 0 | N66: 0 | O66: 0 | P66: 0 | Q66: 0 | R66: 0 | S66: 0 | T66: 0 | U66: 0 | V66: 0 | W66: 0 | X66: 0 | Y66: =SUM(E66:X66) -> 0
A67: B | B67: JUMLAH SUARA SAH PARTAI POLITIK DAN CALON (A1 + A2) | E67: =SUM(E57:E66) -> 157 | F67: =SUM(F57:F66) -> 169 | G67: =SUM(G57:G66) -> 134 | H67: =SUM(H57:H66) -> 132 | I67: =SUM(I57:I66) -> 186 | J67: =SUM(J57:J66) -> 132 | K67: =SUM(K57:K66) -> 157 | L67: =SUM(L57:L66) -> 90 | ... Y67: =SUM(Y57:Y66) -> 3299
A69: A.1 | B69: 3. | C69: Partai Demokrasi Indonesia Perjuangan | E69: 1 | F69: 0 | G69: 3 | H69: 2 | I69: 4 | J69: 9 | K69: 3 | L69: 2 | M69: 0 | N69: 5 | O69: 5 | P69: 4 | Q69: 1 | R69: 1 | S69: 3 | T69: 0 | U69: 1 | V69: 1 | W69: 1 | X69: 0 | Y69: =SUM(E69:X69) -> 46
