Workbook

Sheet DPRD PROVINSI
C8: Kecamatan | D8: TEGALDLIMO
C9: Kabupaten | D9: BANYUWANGI
C10: Provinsi | D10: JAWA TIMUR
A12: I | B12: DATA PEMILIH DAN PENGGUNAAN HAK PILIH | E12: JUMLAH AKHIR
A13: A | B13: DATA PEMILIH
B14: Jumlah Pemilih dalam Daftar Pemilih Tetap (DPT) | D14: LK | E14: =KALIPAIT!X14+KEDUNGASRI!AD14+KEDUNGGEBANG!AM14+KEDUNGWUNGU!AF14+KENDALREJO!V14+PURWOAGUNG!S14+PURWOASRI!S14+TEGALDLIMO!AF14+WRINGINPITU!AF14 -> 26681
D15: PR | E15: =KALIPAIT!X15+KEDUNGASRI!AD15+KEDUNGGEBANG!AM15+KEDUNGWUNGU!AF15+KENDALREJO!V15+PURWOAGUNG!S15+PURWOASRI!S15+TEGALDLIMO!AF15+WRINGINPITU!AF15 -> 26213
D16: JML | E16: =SUM(E14:E15) -> 52894
A18: B | B18: PENGGUNA HAK PILIH
B19: 1. | C19: Jumlah pengguna hak pilih dalam Daftar Pemilih Tetap (DPT) | D19: LK | E19: =KALIPAIT!X19+KEDUNGASRI!AD19+KEDUNGGEBANG!AM19+KEDUNGWUNGU!AF19+KENDALREJO!V19+PURWOAGUNG!S19+PURWOASRI!S19+TEGALDLIMO!AF19+WRINGINPITU!AF19 -> 20780
D20: PR | E20: =KALIPAIT!X20+KEDUNGASRI!AD20+KEDUNGGEBANG!AM20+KEDUNGWUNGU!AF20+KENDALREJO!V20+PURWOAGUNG!S20+PURWOASRI!S20+TEGALDLIMO!AF20+WRINGINPITU!AF20 -> 21181
D21: JML | E21: =SUM(E19:E20) -> 41961
B22: 2. | C22: Jumlah pengguna hak pilih dalam Daftar Pemilih Tambahan (DPTb) | D22: LK | E22: =KALIPAIT!X22+KEDUNGASRI!AD22+KEDUNGGEBANG!AM22+KEDUNGWUNGU!AF22+KENDALREJO!V22+PURWOAGUNG!S22+PURWOASRI!S22+TEGALDLIMO!AF22+WRINGINPITU!AF22 -> 30
D23: PR | E23: =KALIPAIT!X23+KEDUNGASRI!AD23+KEDUNGGEBANG!AM23+KEDUNGWUNGU!AF23+KENDALREJO!V23+PURWOAGUNG!S23+PURWOASRI!S23+TEGALDLIMO!AF23+WRINGINPITU!AF23 -> 28
D24: JML | E24: =SUM(E22:E23) -> 58
B25: 3. | C25: Jumlah pengguna hak pilih dalam Daftar Pemilih Khusus (DPK) | D25: LK | E25: =KALIPAIT!X25+KEDUNGASRI!AD25+KEDUNGGEBANG!AM25+KEDUNGWUNGU!AF25+KENDALREJO!V25+PURWOAGUNG!S25+PURWOASRI!S25+TEGALDLIMO!AF25+WRINGINPITU!AF25 -> 56
D26: PR | E26: =KALIPAIT!X26+KEDUNGASRI!AD26+KEDUNGGEBANG!AM26+KEDUNGWUNGU!AF26+KENDALREJO!V26+PURWOAGUNG!S26+PURWOASRI!S26+TEGALDLIMO!AF26+WRINGINPITU!AF26 -> 87
D27: JML | E27: =SUM(E25:E26) -> 143
B28: 4. | C28: Jumlah Pengguna Hak Pilih (B.1+B.2+B.3) | D28: LK | E28: =E19+E22+E25 -> 20866
D29: PR | E29: =E20+E23+E26 -> 21296
D30: JML | E30: =SUM(E28:E29) -> 42162
A32: II | B32: DATA PENGGUNAAN SURAT SUARA
A33: 1 | B33: Jumlah surat suara yang diterima, termasuk surat suara cadangan 2,5% dari DPT | E33: =KALIPAIT!X33+KEDUNGASRI!AD33+KEDUNGGEBANG!AM33+KEDUNGWUNGU!AF33+KENDALREJO!V33+PURWOAGUNG!S33+PURWOASRI!S33+TEGALDLIMO!AF33+WRINGINPITU!AF33 -> 54026
A34: 2 | B34: Jumlah surat suara yang digunakan | E34: =KALIPAIT!X34+KEDUNGASRI!AD34+KEDUNGGEBANG!AM34+KEDUNGWUNGU!AF34+KENDALREJO!V34+PURWOAGUNG!S34+PURWOASRI!S34+TEGALDLIMO!AF34+WRINGINPITU!AF34 -> 42162
A35: 3 | B35: Jumlah surat suara dikembalikan oleh pemilih (karena rusak atau keliru coblos) | E35: =KALIPAIT!X35+KEDUNGASRI!AD35+KEDUNGGEBANG!AM35+KEDUNGWUNGU!AF35+KENDALREJO!V35+PURWOAGUNG!S35+PURWOASRI!S35+TEGALDLIMO!AF35+WRINGINPITU!AF35 -> 66
A36: 4 | B36: Jumlah surat suara yang tidak digunakan/tidak terpakai, termasuk sisa surat suara cadangan | E36: =E33-(E34+E35) -> 11798
A38: III | B38: DATA PEMILIH DISABILITAS
B39: Jumlah seluruh Pemilih disabilitas yang menggunakan hak pilih | D39: LK | E39: =KALIPAIT!X39+KEDUNGASRI!AD39+KEDUNGGEBANG!AM39+KEDUNGWUNGU!AF39+KENDALREJO!V39+PURWOAGUNG!S39+PURWOASRI!S39+TEGALDLIMO!AF39+WRINGINPITU!AF39 -> 17
D40: PR | E40: =KALIPAIT!X40+KEDUNGASRI!AD40+KEDUNGGEBANG!AM40+KEDUNGWUNGU!AF40+KENDALREJO!V40+PURWOAGUNG!S40+PURWOASRI!S40+TEGALDLIMO!AF40+WRINGINPITU!AF40 -> 22
D41: JML | E41: =SUM(E39:E40) -> 39
A43: IV | B43: DATA RINCIAN PEROLEHAN SUARA PASANGAN CALON BUPATI DAN WAKIL BUPATI
A44: NOMOR DAN NAMA CALON
A45: A.1 | B45: 1. | C45: Partai Kebangkitan Bangsa | E45: =KALIPAIT!X45+KEDUNGASRI!AD45+KEDUNGGEBANG!AM45+KEDUNGWUNGU!AF45+KENDALREJO!V45+PURWOAGUNG!S45+PURWOASRI!S45+TEGALDLIMO!AF45+WRINGINPITU!AF45 -> 1231
A46: A.2 | C46: 1. Dra. Hj. MA`MULAH HARUN, M.Pd.I. | E46: =KALIPAIT!X46+KEDUNGASRI!AD46+KEDUNGGEBANG!AM46+KEDUNGWUNGU!AF46+KENDALREJO!V46+PURWOAGUNG!S46+PURWOASRI!S46+TEGALDLIMO!AF46+WRINGINPITU!AF46 -> 1916
C47: 2. UBAIDILLAH, S.Fil.I. | E47: =KALIPAIT!X47+KEDUNGASRI!AD47+KEDUNGGEBANG!AM47+KEDUNGWUNGU!AF47+KENDALREJO!V47+PURWOAGUNG!S47+PURWOASRI!S47+TEGALDLIMO!AF47+WRINGINPITU!AF47 -> 363
C48: 3. Ir. H. YOYOK MULYADI, M.Si. | E48: =KALIPAIT!X48+KEDUNGASRI!AD48+KEDUNGGEBANG!AM48+KEDUNGWUNGU!AF48+KENDALREJO!V48+PURWOAGUNG!S48+PURWOASRI!S48+TEGALDLIMO!AF48+WRINGINPITU!AF48 -> 121
C49: 4. KHOIRUL ANWAR, S.Fil.I. | E49: =KALIPAIT!X49+KEDUNGASRI!AD49+KEDUNGGEBANG!AM49+KEDUNGWUNGU!AF49+KENDALREJO!V49+PURWOAGUNG!S49+PURWOASRI!S49+TEGALDLIMO!AF49+WRINGINPITU!AF49 -> 235
C50: 5. ARIF WIJAKSANA | E50: =KALIPAIT!X50+KEDUNGASRI!AD50+KEDUNGGEBANG!AM50+KEDUNGWUNGU!AF50+KENDALREJO!V50+PURWOAGUNG!S50+PURWOASRI!S50+TEGALDLIMO!AF50+WRINGINPITU!AF50 -> 156
C51: 6. Dr. SITI YUMNAH | E51: =KALIPAIT!X51+KEDUNGASRI!AD51+KEDUNGGEBANG!AM51+KEDUNGWUNGU!AF51+KENDALREJO!V51+PURWOAGUNG!S51+PURWOASRI!S51+TEGALDLIMO!AF51+WRINGINPITU!AF51 -> 72
C52: 7. MOHAMMAD ZAINI, M.Pd.I. | E52: =KALIPAIT!X52+KEDUNGASRI!AD52+KEDUNGGEBANG!AM52+KEDUNGWUNGU!AF52+KENDALREJO!V52+PURWOAGUNG!S52+PURWOASRI!S52+TEGALDLIMO!AF52+WRINGINPITU!AF52 -> 74
C53: 8. FAWAIDUL MAKKIYAH | E53: =KALIPAIT!X53+KEDUNGASRI!AD53+KEDUNGGEBANG!AM53+KEDUNGWUNGU!AF53+KENDALREJO!V53+PURWOAGUNG!S53+PURWOASRI!S53+TEGALDLIMO!AF53+WRINGINPITU!AF53 -> 22
C54: 9. IFFAH HIDAYATUR ROHMAH, S.Sos. | E54: =KALIPAIT!X54+KEDUNGASRI!AD54+KEDUNGGEBANG!AM54+KEDUNGWUNGU!AF54+KENDALREJO!V54+PURWOAGUNG!S54+PURWOASRI!S54+TEGALDLIMO!AF54+WRINGINPITU!AF54 -> 74
A55: B | B55: JUMLAH SUARA SAH PARTAI POLITIK DAN CALON (A1 + A2) | E55: =SUM(E45:E54) -> 4264
A57: A.1 | B57: 2. | C57: Partai Gerakan Indonesia Raya | E57: =KALIPAIT!X57+KEDUNGASRI!AD57+KEDUNGGEBANG!AM57+KEDUNGWUNGU!AF57+KENDALREJO!V57+PURWOAGUNG!S57+PURWOASRI!S57+TEGALDLIMO!AF57+WRINGINPITU!AF57 -> 1413
A58: A.2 | C58: 1. AHMAD HADINUDDIN, S.Pd.I. | E58: =KALIPAIT!X58+KEDUNGASRI!AD58+KEDUNGGEBANG!AM58+KEDUNGWUNGU!AF58+KENDALREJO!V58+PURWOAGUNG!S58+PURWOASRI!S58+TEGALDLIMO!AF58+WRINGINPITU!AF58 -> 5421
C59: 2. BIMA RAFSANJANI RAFID | E59: =KALIPAIT!X59+KEDUNGASRI!AD59+KEDUNGGEBANG!AM59+KEDUNGWUNGU!AF59+KENDALREJO!V59+PURWOAGUNG!S59+PURWOASRI!S59+TEGALDLIMO!AF59+WRINGINPITU!AF59 -> 807
C60: 3. IRA DAMAYANTI | E60: =KALIPAIT!X60+KEDUNGASRI!AD60+KEDUNGGEBANG!AM60+KEDUNGWUNGU!AF60+KENDALREJO!V60+PURWOAGUNG!S60+PURWOASRI!S60+TEGALDLIMO!AF60+WRINGINPITU!AF60 -> 271
C61: 4. MAULANA MALIK IBRAHIM, S.H. | E61: =KALIPAIT!X61+KEDUNGASRI!AD61+KEDUNGGEBANG!AM61+KEDUNGWUNGU!AF61+KENDALREJO!V61+PURWOAGUNG!S61+PURWOASRI!S61+TEGALDLIMO!AF61+WRINGINPITU!AF61 -> 1915
C62: 5. LULUK ALFIATI | E62: =KALIPAIT!X62+KEDUNGASRI!AD62+KEDUNGGEBANG!AM62+KEDUNGWUNGU!AF62+KENDALREJO!V62+PURWOAGUNG!S62+PURWOASRI!S62+TEGALDLIMO!AF62+WRINGINPITU!AF62 -> 159
C63: 6. ILHAM WAHYUDI, S.H. | E63: =KALIPAIT!X63+KEDUNGASRI!AD63+KEDUNGGEBANG!AM63+KEDUNGWUNGU!AF63+KENDALREJO!V63+PURWOAGUNG!S63+PURWOASRI!S63+TEGALDLIMO!AF63+WRINGINPITU!AF63 -> 60
C64: 7. HAERUL ANWAR, S.Pd.I. | E64: =KALIPAIT!X64+KEDUNGASRI!AD64+KEDUNGGEBANG!AM64+KEDUNGWUNGU!AF64+KENDALREJO!V64+PURWOAGUNG!S64+PURWOASRI!S64+TEGALDLIMO!AF64+WRINGINPITU!AF64 -> 37
C65: 8. YOVI ADHITYA WARDANI | E65: =KALIPAIT!X65+KEDUNGASRI!AD65+KEDUNGGEBANG!AM65+KEDUNGWUNGU!AF65+KENDALREJO!V65+PURWOAGUNG!S65+PURWOASRI!S65+TEGALDLIMO!AF65+WRINGINPITU!AF65 -> 27
C66: 9. RITA AMELIA | E66: =KALIPAIT!X66+KEDUNGASRI!AD66+KEDUNGGEBANG!AM66+KEDUNGWUNGU!AF66+KENDALREJO!V66+PURWOAGUNG!S66+PURWOASRI!S66+TEGALDLIMO!AF66+WRINGINPITU!AF66 -> 60
A67: B | B67: JUMLAH SUARA SAH PARTAI POLITIK DAN CALON (A1 + A2) | E67: =SUM(E57:E66) -> 10170
A69: A.1 | B69: 3. | C69: Partai Demokrasi Indonesia Perjuangan | E69: =KALIPAIT!X69+KEDUNGASRI!AD69+KEDUNGGEBANG!AM69+KEDUNGWUNGU!AF69+KENDALREJO!V69+PURWOAGUNG!S69+PURWOASRI!S69+TEGALDLIMO!AF69+WRINGINPITU!AF69 -> 1473
A70: A.2 | C70: 1. MARTIN H., S.H., M.H. | E70: =KALIPAIT!X70+KEDUNGASRI!AD70+KEDUNGGEBANG!AM70+KEDUNGWUNGU!AF70+KENDALREJO!V70+PURWOAGUNG!S70+PURWOASRI!S70+TEGALDLIMO!AF70+WRINGINPITU!AF70 -> 1001
C71: 2. HERMANTO, S.E. | E71: =KALIPAIT!X71+KEDUNGASRI!AD71+KEDUNGGEBANG!AM71+KEDUNGWUNGU!AF71+KENDALREJO!V71+PURWOAGUNG!S71+PURWOASRI!S71+TEGALDLIMO!AF71+WRINGINPITU!AF71 -> 1029
C72: 3. EVY SUSILAWATI, S.E., M.M. | E72: =KALIPAIT!X72+KEDUNGASRI!AD72+KEDUNGGEBANG!AM72+KEDUNGWUNGU!AF72+KENDALREJO!V72+PURWOAGUNG!S72+PURWOASRI!S72+TEGALDLIMO!AF72+WRINGINPITU!AF72 -> 609
C73: 4. M. SIROTTUDIN | E73: =KALIPAIT!X73+KEDUNGASRI!AD73+KEDUNGGEBANG!AM73+KEDUNGWUNGU!AF73+KENDALREJO!V73+PURWOAGUNG!S73+PURWOASRI!S73+TEGALDLIMO!AF73+WRINGINPITU!AF73 -> 612
C74: 5. ABDUL HAFID, S.H. | E74: =KALIPAIT!X74+KEDUNGASRI!AD74+KEDUNGGEBANG!AM74+KEDUNGWUNGU!AF74+KENDALREJO!V74+PURWOAGUNG!S74+PURWOASRI!S74+TEGALDLIMO!AF74+WRINGINPITU!AF74 -> 222
C75: 6. NIKITA FORTUNA SURYANINGATI, A.Md.Keb. | E75: =KALIPAIT!X75+KEDUNGASRI!AD75+KEDUNGGEBANG!AM75+KEDUNGWUNGU!AF75+KENDALREJO!V75+PURWOAGUNG!S75+PURWOASRI!S75+TEGALDLIMO!AF75+WRINGINPITU!AF75 -> 196
C76: 7. YUDHO ILHAM WIJAYA, S.E. | E76: =KALIPAIT!X76+KEDUNGASRI!AD76+KEDUNGGEBANG!AM76+KEDUNGWUNGU!AF76+KENDALREJO!V76+PURWOAGUNG!S76+PURWOASRI!S76+TEGALDLIMO!AF76+WRINGINPITU!AF76 -> 124
C77: 8. SETIAWATI, S.H. | E77: =KALIPAIT!X77+KEDUNGASRI!AD77+KEDUNGGEBANG!AM77+KEDUNGWUNGU!AF77+KENDALREJO!V77+PURWOAGUNG!S77+PURWOASRI!S77+TEGALDLIMO!AF77+WRINGINPITU!AF77 -> 94
C78: 9. EKO BUDI SANTOSO, S.H. | E78: =KALIPAIT!X78+KEDUNGASRI!AD78+KEDUNGGEBANG!AM78+KEDUNGWUNGU!AF78+KENDALREJO!V78+PURWOAGUNG!S78+PURWOASRI!S78+TEGALDLIMO!AF78+WRINGINPITU!AF78 -> 129
A79: B | B79: JUMLAH SUARA SAH PARTAI POLITIK DAN CALON (A1 + A2) | E79: =SUM(E69:E78) -> 5489
A81: A.1 | B81: 4. | C81: Partai Golongan Karya | E81: =KALIPAIT!X81+KEDUNGASRI!AD81+KEDUNGGEBANG!AM81+KEDUNGWUNGU!AF81+KENDALREJO!V81+PURWOAGUNG!S81+PURWOASRI!S81+TEGALDLIMO!AF81+WRINGINPITU!AF81 -> 593
A82: A.2 | C82: 1. PRANAYA YUDHA MAHARDHIKA | E82: =KALIPAIT!X82+KEDUNGASRI!AD82+KEDUNGGEBANG!AM82+KEDUNGWUNGU!AF82+KENDALREJO!V82+PURWOAGUNG!S82+PURWOASRI!S82+TEGALDLIMO!AF82+WRINGINPITU!AF82 -> 1091
C83: 2. Dra. Ec. ENDANG SULASTUTY, M.I.P. | E83: =KALIPAIT!X83+KEDUNGASRI!AD83+KEDUNGGEBANG!AM83+KEDUNGWUNGU!AF83+KENDALREJO!V83+PURWOAGUNG!S83+PURWOASRI!S83+TEGALDLIMO!AF83+WRINGINPITU!AF83 -> 154
C84: 3. AGUS REJEKI WARTONO | E84: =KALIPAIT!X84+KEDUNGASRI!AD84+KEDUNGGEBANG!AM84+KEDUNGWUNGU!AF84+KENDALREJO!V84+PURWOAGUNG!S84+PURWOASRI!S84+TEGALDLIMO!AF84+WRINGINPITU!AF84 -> 140
C85: 4. Hj. TUTUK ASMA'A ZUCHROH, S.T., M.T. | E85: =KALIPAIT!X85+KEDUNGASRI!AD85+KEDUNGGEBANG!AM85+KEDUNGWUNGU!AF85+KENDALREJO!V85+PURWOAGUNG!S85+PURWOASRI!S85+TEGALDLIMO!AF85+WRINGINPITU!AF85 -> 209
C86: 5. ADE M. RIZKI, S.E. | E86: =KALIPAIT!X86+KEDUNGASRI!AD86+KEDUNGGEBANG!AM86+KEDUNGWUNGU!AF86+KENDALREJO!V86+PURWOAGUNG!S86+PURWOASRI!S86+TEGALDLIMO!AF86+WRINGINPITU!AF86 -> 93
C87: 6. ABDURAKHMAN, Bc.Kn. | E87: =KALIPAIT!X87+KEDUNGASRI!AD87+KEDUNGGEBANG!AM87+KEDUNGWUNGU!AF87+KENDALREJO!V87+PURWOAGUNG!S87+PURWOASRI!S87+TEGALDLIMO!AF87+WRINGINPITU!AF87 -> 32
C88: 7. CENDY RHIYAN ADI PUTRI | E88: =KALIPAIT!X88+KEDUNGASRI!AD88+KEDUNGGEBANG!AM88+KEDUNGWUNGU!AF88+KENDALREJO!V88+PURWOAGUNG!S88+PURWOASRI!S88+TEGALDLIMO!AF88+WRINGINPITU!AF88 -> 28
C89: 8. BAKTI WIJAYANTO, S.E. | E89: =KALIPAIT!X89+KEDUNGASRI!AD89+KEDUNGGEBANG!AM89+KEDUNGWUNGU!AF89+KENDALREJO!V89+PURWOAGUNG!S89+PURWOASRI!S89+TEGALDLIMO!AF89+WRINGINPITU!AF89 -> 9
C90: 9. AHMAD UBAIDILLAH | E90: =KALIPAIT!X90+KEDUNGASRI!AD90+KEDUNGGEBANG!AM90+KEDUNGWUNGU!AF90+KENDALREJO!V90+PURWOAGUNG!S90+PURWOASRI!S90+TEGALDLIMO!AF90+WRINGINPITU!AF90 -> 97
A91: B | B91: JUMLAH SUARA SAH PARTAI POLITIK DAN CALON (A1 + A2) | E91: =SUM(E81:E90) -> 2446
A93: A.1 | B93: 5. | C93: Partai NasDem | E93: =KALIPAIT!X93+KEDUNGASRI!AD93+KEDUNGGEBANG!AM93+KEDUNGWUNGU!AF93+KENDALREJO!V93+PURWOAGUNG!S93+PURWOASRI!S93+TEGALDLIMO!AF93+WRINGINPITU!AF93 -> 283
A94: A.2 | C94: 1. ALI MUSTOFA, A.Md. | E94: =KALIPAIT!X94+KEDUNGASRI!AD94+KEDUNGGEBANG!AM94+KEDUNGWUNGU!AF94+KENDALREJO!V94+PURWOAGUNG!S94+PURWOASRI!S94+TEGALDLIMO!AF94+WRINGINPITU!AF94 -> 2173
C95: 2. Hj. BUAMI, S.H. | E95: =KALIPAIT!X95+KEDUNGASRI!AD95+KEDUNGGEBANG!AM95+KEDUNGWUNGU!AF95+KENDALREJO!V95+PURWOAGUNG!S95+PURWOASRI!S95+TEGALDLIMO!AF95+WRINGINPITU!AF95 -> 29
C96: 3. SUGIONO, S.H. | E96: =KALIPAIT!X96+KEDUNGASRI!AD96+KEDUNGGEBANG!AM96+KEDUNGWUNGU!AF96+KENDALREJO!V96+PURWOAGUNG!S96+PURWOASRI!S96+TEGALDLIMO!AF96+WRINGINPITU!AF96 -> 34
C97: 4. LULUK SUNARMIATININGSIH | E97: =KALIPAIT!X97+KEDUNGASRI!AD97+KEDUNGGEBANG!AM97+KEDUNGWUNGU!AF97+KENDALREJO!V97+PURWOAGUNG!S97+PURWOASRI!S97+TEGALDLIMO!AF97+WRINGINPITU!AF97 -> 23
C98: 5. ANTON DJULIANTO ADI | E98: =KALIPAIT!X98+KEDUNGASRI!AD98+KEDUNGGEBANG!AM98+KEDUNGWUNGU!AF98+KENDALREJO!V98+PURWOAGUNG!S98+PURWOASRI!S98+TEGALDLIMO!AF98+WRINGINPITU!AF98 -> 30
C99: 6. MOKHAMAD ROFI'I KHUSNAN | E99: =KALIPAIT!X99+KEDUNGASRI!AD99+KEDUNGGEBANG!AM99+KEDUNGWUNGU!AF99+KENDALREJO!V99+PURWOAGUNG!S99+PURWOASRI!S99+TEGALDLIMO!AF99+WRINGINPITU!AF99 -> 17
C100: 7. Rr SETYO WATI | E100: =KALIPAIT!X100+KEDUNGASRI!AD100+KEDUNGGEBANG!AM100+KEDUNGWUNGU!AF100+KENDALREJO!V100+PURWOAGUNG!S100+PURWOASRI!S100+TEGALDLIMO!AF100+WRINGINPITU!AF100 -> 9
C101: 8. ABD. KADIR ASSEGAFF | E101: =KALIPAIT!X101+KEDUNGASRI!AD101+KEDUNGGEBANG!AM101+KEDUNGWUNGU!AF101+KENDALREJO!V101+PURWOAGUNG!S101+PURWOASRI!S101+TEGALDLIMO!AF101+WRINGINPITU!AF101 -> 6
C102: 9. FATHOR ZAINULLAH | E102: =KALIPAIT!X102+KEDUNGASRI!AD102+KEDUNGGEBANG!AM102+KEDUNGWUNGU!AF102+KENDALREJO!V102+PURWOAGUNG!S102+PURWOASRI!S102+TEGALDLIMO!AF102+WRINGINPITU!AF102 -> 4
A103: B | B103: JUMLAH SUARA SAH PARTAI POLITIK DAN CALON (A1 + A2) | E103: =SUM(E93:E102) -> 2608
A105: A.1 | B105: 6. | C105: Partai Buruh | E105: =KALIPAIT!X105+KEDUNGASRI!AD105+KEDUNGGEBANG!AM105+KEDUNGWUNGU!AF105+KENDALREJO!V105+PURWOAGUNG!S105+PURWOASRI!S105+TEGALDLIMO!AF105+WRINGINPITU!AF105 -> 102
A106: A.2 | C106: 1. AGUS SUPRIYADI | E106: =KALIPAIT!X106+KEDUNGASRI!AD106+KEDUNGGEBANG!AM106+KEDUNGWUNGU!AF106+KENDALREJO!V106+PURWOAGUNG!S106+PURWOASRI!S106+TEGALDLIMO!AF106+WRINGINPITU!AF106 -> 39
C107: 2. ENI HARIATI | E107: =KALIPAIT!X107+KEDUNGASRI!AD107+KEDUNGGEBANG!AM107+KEDUNGWUNGU!AF107+KENDALREJO!V107+PURWOAGUNG!S107+PURWOASRI!S107+TEGALDLIMO!AF107+WRINGINPITU!AF107 -> 18
A115: B | B115: JUMLAH SUARA SAH PARTAI POLITIK DAN CALON (A1 + A2) | E115: =SUM(E105:E114) -> 159
A117: A.1 | B117: 7. | C117: Partai Gelombang Rakyat Indonesia | E117: =KALIPAIT!X117+KEDUNGASRI!AD117+KEDUNGGEBANG!AM117+KEDUNGWUNGU!AF117+KENDALREJO!V117+PURWOAGUNG!S117+PURWOASRI!S117+TEGALDLIMO!AF117+WRINGINPITU!AF117 -> 125
A118: A.2 | C118: 1. MIRZA MUHROSNI AROMA | E118: =KALIPAIT!X118+KEDUNGASRI!AD118+KEDUNGGEBANG!AM118+KEDUNGWUNGU!AF118+KENDALREJO!V118+PURWOAGUNG!S118+PURWOASRI!S118+TEGALDLIMO!AF118+WRINGINPITU!AF118 -> 50
C119: 2. ACHMAD BAGUS SUGIARTO | E119: =KALIPAIT!X119+KEDUNGASRI!AD119+KEDUNGGEBANG!AM119+KEDUNGWUNGU!AF119+KENDALREJO!V119+PURWOAGUNG!S119+PURWOASRI!S119+TEGALDLIMO!AF119+WRINGINPITU!AF119 -> 33
C120: 3. ELOK FITRIYA NINGSIH | E120: =KALIPAIT!X120+KEDUNGASRI!AD120+KEDUNGGEBANG!AM120+KEDUNGWUNGU!AF120+KENDALREJO!V120+PURWOAGUNG!S120+PURWOASRI!S120+TEGALDLIMO!AF120+WRINGINPITU!AF120 -> 25
C121: 4. MADI | E121: =KALIPAIT!X121+KEDUNGASRI!AD121+KEDUNGGEBANG!AM121+KEDUNGWUNGU!AF121+KENDALREJO!V121+PURWOAGUNG!S121+PURWOASRI!S121+TEGALDLIMO!AF121+WRINGINPITU!AF121 -> 12
C122: 5. LUKY PERMANASARI | E122: 16
A127: B | B127: JUMLAH SUARA SAH PARTAI POLITIK DAN CALON (A1 + A2) | E127: =SUM(E117:E126) -> 261
A129: A.1 | B129: 8. | C129: Partai Keadilan Sejahtera | E129: =KALIPAIT!X129+KEDUNGASRI!AD129+KEDUNGGEBANG!AM129+KEDUNGWUNGU!AF129+KENDALREJO!V129+PURWOAGUNG!S129+PURWOASRI!S129+TEGALDLIMO!AF129+WRINGINPITU!AF129 -> 73
A130: A.2 | C130: 1. H. IRWAN SETIAWAN | E130: =KALIPAIT!X130+KEDUNGASRI!AD130+KEDUNGGEBANG!AM130+KEDUNGWUNGU!AF130+KENDALREJO!V130+PURWOAGUNG!S130+PURWOASRI!S130+TEGALDLIMO!AF130+WRINGINPITU!AF130 -> 200
...

Sheet KALIPAIT
C2: Kecamatan | D2: TEGALDLIMO
C3: Kabupaten | D3: BANYUWANGI
C4: Provinsi | D4: JAWA TIMUR
C9: Kelurahan | D9: KALIPAIT
A12: I | B12: DATA PEMILIH DAN PENGGUNAAN HAK PILIH | X12: JUMLAH AKHIR
A13: A | B13: DATA PEMILIH | E13: TPS 001 | F13: TPS 002 | G13: TPS 003 | H13: TPS 004 | I13: TPS 005 | J13: TPS 006 | K13: TPS 007 | L13: TPS 008 | M13: TPS 009 | N13: TPS 010 | O13: TPS 011 | P13: TPS 012 | Q13: TPS 013 | R13: TPS 014 | S13: TPS 015 | T13: TPS 016 | U13: TPS 017 | V13: TPS 018 | W13: TPS 019
B14: Jumlah Pemilih dalam Daftar Pemilih Tetap (DPT) | D14: LK | E14: 120 | F14: 126 | G14: 116 | H14: 132 | I14: 127 | J14: 120 | K14: 130 | L14: 135 | M14: 143 | N14: 139 | O14: 138 | P14: 127 | Q14: 144 | R14: 134 | S14: 128 | T14: 125 | U14: 107 | V14: 136 | W14: 128 | X14: =SUM(E14:W14) -> 2455
D15: PR | E15: 130 | F15: 121 | G15: 128 | H15: 134 | I15: 133 | J15: 126 | K15: 121 | L15: 127 | M15: 116 | N15: 126 | O15: 135 | P15: 141 | Q15: 130 | R15: 117 | S15: 123 | T15: 119 | U15: 132 | V15: 130 | W15: 123 | X15: =SUM(E15:W15) -> 2412
D16: JML | E16: =SUM(E14:E15) -> 250 | F16: =SUM(F14:F15) -> 247 | G16: =SUM(G14:G15) -> 244 | H16: =SUM(H14:H15) -> 266 | I16: =SUM(I14:I15) -> 260 | J16: =SUM(J14:J15) -> 246 | K16: =SUM(K14:K15) -> 251 | L16: =SUM(L14:L15) -> 262 | ... W16: =SUM(W14:W15) -> 251 | X16: =SUM(E16:W16) -> 4867
A18: B | B18: PENGGUNA HAK PILIH
B19: 1. | C19: Jumlah pengguna hak pilih dalam Daftar Pemilih Tetap (DPT) | D19: LK | E19: 94 | F19: 93 | G19: 93 | H19: 104 | I19: 101 | J19: 103 | K19: 109 | L19: 112 | M19: 107 | N19: 119 | O19: 123 | P19: 105 | Q19: 129 | R19: 109 | S19: 98 | T19: 103 | U19: 87 | V19: 113 | W19: 107 | X19: =SUM(E19:W19) -> 2009
D20: PR | E20: 117 | F20: 100 | G20: 104 | H20: 116 | I20: 118 | J20: 109 | K20: 106 | L20: 110 | M20: 93 | N20: 114 | O20: 110 | P20: 112 | Q20: 113 | R20: 95 | S20: 92 | T20: 100 | U20: 107 | V20: 107 | W20: 103 | X20: =SUM(E20:W20) -> 2026
D21: JML | E21: =SUM(E19:E20) -> 211 | F21: =SUM(F19:F20) -> 193 | G21: =SUM(G19:G20) -> 197 | H21: =SUM(H19:H20) -> 220 | I21: =SUM(I19:I20) -> 219 | J21: =SUM(J19:J20) -> 212 | K21: =SUM(K19:K20) -> 215 | L21: =SUM(L19:L20) -> 222 | ... W21: =SUM(W19:W20) -> 210 | X21: =SUM(E21:W21) -> 4035
B22: 2. | C22: Jumlah pengguna hak pilih dalam Daftar Pemilih Tambahan (DPTb) | D22: LK | E22: 0 | F22: 0 | G22: 0 | H22: 0 | I22: 0 | J22: 0 | K22: 0 | L22: 1 | M22: 0 | N22: 0 | O22: 0 | P22: 0 | Q22: 1 | R22: 0 | S22: 0 | T22: 0 | U22: 0 | V22: 0 | W22: 0 | X22: =SUM(E22:W22) -> 2
D23: PR | E23: 0 | F23: 0 | G23: 0 | H23: 0 | I23: 0 | J23: 0 | K23: 0 | L23: 0 | M23: 1 | N23: 0 | O23: 0 | P23: 0 | Q23: 0 | R23: 0 | S23: 0 | T23: 0 | U23: 0 | V23: 0 | W23: 0 | X23: =SUM(E23:W23) -> 1
D24: JML | E24: =SUM(E22:E23) -> 0 | F24: =SUM(F22:F23) -> 0 | G24: =SUM(G22:G23) -> 0 | H24: =SUM(H22:H23) -> 0 | I24: =SUM(I22:I23) -> 0 | J24: =SUM(J22:J23) -> 0 | K24: =SUM(K22:K23) -> 0 | L24: =SUM(L22:L23) -> 1 | ... W24: =SUM(W22:W23) -> 0 | X24: =SUM(E24:W24) -> 3
B25: 3. | C25: Jumlah pengguna hak pilih dalam Daftar Pemilih Khusus (DPK) | D25: LK | E25: 0 | F25: 1 | G25: 2 | H25: 1 | I25: 2 | J25: 0 | K25: 0 | L25: 0 | M25: 0 | N25: 0 | O25: 0 | P25: 0 | Q25: 0 | R25: 0 | S25: 0 | T25: 0 | U25: 0 | V25: 2 | W25: 0 | X25: =SUM(E25:W25) -> 8
D26: PR | E26: 0 | F26: 0 | G26: 2 | H26: 1 | I26: 0 | J26: 0 | K26: 0 | L26: 1 | M26: 0 | N26: 2 | O26: 0 | P26: 0 | Q26: 0 | R26: 0 | S26: 0 | T26: 1 | U26: 0 | V26: 1 | W26: 0 | X26: =SUM(E26:W26) -> 8
D27: JML | E27: =SUM(E25:E26) -> 0 | F27: =SUM(F25:F26) -> 1 | G27: =SUM(G25:G26) -> 4 | H27: =SUM(H25:H26) -> 2 | I27: =SUM(I25:I26) -> 2 | J27: =SUM(J25:J26) -> 0 | K27: =SUM(K25:K26) -> 0 | L27: =SUM(L25:L26) -> 1 | ... W27: =SUM(W25:W26) -> 0 | X27: =SUM(E27:W27) -> 16
B28: 4. | C28: Jumlah Pengguna Hak Pilih (B.1+B.2+B.3) | D28: LK | E28: =SUM(E19,E22,E25) -> 94 | F28: =SUM(F19,F22,F25) -> 94 | G28: =SUM(G19,G22,G25) -> 95 | H28: =SUM(H19,H22,H25) -> 105 | I28: =SUM(I19,I22,I25) -> 103 | J28: =SUM(J19,J22,J25) -> 103 | K28: =SUM(K19,K22,K25) -> 109 | L28: =SUM(L19,L22,L25) -> 113 | ... W28: =SUM(W19,W22,W25) -> 107 | X28: =SUM(E28:W28) -> 2019
D29: PR | E29: =SUM(E20,E23,E26) -> 117 | F29: =SUM(F20,F23,F26) -> 100 | G29: =SUM(G20,G23,G26) -> 106 | H29: =SUM(H20,H23,H26) -> 117 | I29: =SUM(I20,I23,I26) -> 118 | J29: =SUM(J20,J23,J26) -> 109 | K29: =SUM(K20,K23,K26) -> 106 | L29: =SUM(L20,L23,L26) -> 111 | ... W29: =SUM(W20,W23,W26) -> 103 | X29: =SUM(E29:W29) -> 2035
D30: JML | E30: =SUM(E28:E29) -> 211 | F30: =SUM(F28:F29) -> 194 | G30: =SUM(G28:G29) -> 201 | H30: =SUM(H28:H29) -> 222 | I30: =SUM(I28:I29) -> 221 | J30: =SUM(J28:J29) -> 212 | K30: =SUM(K28:K29) -> 215 | L30: =SUM(L28:L29) -> 224 | ... W30: =SUM(W28:W29) -> 210 | X30: =SUM(E30:W30) -> 4054
A32: II | B32: DATA PENGGUNAAN SURAT SUARA
A33: 1 | B33: Jumlah surat suara yang diterima, termasuk surat suara cadangan 2,5% dari DPT | E33: 255 | F33: 252 | G33: 250 | H33: 272 | I33: 266 | J33: 251 | K33: 257 | L33: 267 | M33: 265 | N33: 271 | O33: 279 | P33: 274 | Q33: 280 | R33: 257 | S33: 257 | T33: 248 | U33: 244 | V33: 272 | W33: 255 | X33: =SUM(E33:W33) -> 4972
A34: 2 | B34: Jumlah surat suara yang digunakan | E34: 211 | F34: 194 | G34: 201 | H34: 222 | I34: 221 | J34: 212 | K34: 215 | L34: 224 | M34: 201 | N34: 235 | O34: 233 | P34: 217 | Q34: 243 | R34: 204 | S34: 190 | T34: 204 | U34: 194 | V34: 223 | W34: 210 | X34: =SUM(E34:W34) -> 4054
A35: 3 | B35: Jumlah surat suara dikembalikan oleh pemilih (karena rusak atau keliru coblos) | E35: 0 | F35: 0 | G35: 0 | H35: 0 | I35: 1 | J35: 0 | K35: 0 | L35: 0 | M35: 0 | N35: 0 | O35: 0 | P35: 0 | Q35: 0 | R35: 0 | S35: 0 | T35: 0 | U35: 0 | V35: 0 | W35: 0 | X35: =SUM(E35:W35) -> 1
A36: 4 | B36: Jumlah surat suara yang tidak digunakan/tidak terpakai, termasuk sisa surat suara cadangan | E36: =E33-(E34+E35) -> 44 | F36: =F33-(F34+F35) -> 58 | G36: =G33-(G34+G35) -> 49 | H36: =H33-(H34+H35) -> 50 | I36: =I33-(I34+I35) -> 44 | J36: =J33-(J34+J35) -> 39 | K36: =K33-(K34+K35) -> 42 | L36: =L33-(L34+L35) -> 43 | ... W36: =W33-(W34+W35) -> 45 | X36: =SUM(E36:W36) -> 917
A38: III | B38: DATA PEMILIH DISABILITAS
B39: Jumlah seluruh Pemilih disabilitas yang menggunakan hak pilih | D39: LK | E39: 0 | F39: 0 | G39: 0 | H39: 0 | I39: 0 | J39: 0 | K39: 0 | L39: 0 | M39: 0 | N39: 0 | O39: 0 | P39: 0 | Q39: 0 | R39: 0 | S39: 0 | T39: 1 | U39: 0 | V39: 0 | W39: 0 | X39: =SUM(E39:W39) -> 1
D40: PR | E40: 0 | F40: 0 | G40: 0 | H40: 0 | I40: 0 | J40: 0 | K40: 0 | L40: 0 | M40: 0 | N40: 0 | O40: 0 | P40: 0 | Q40: 0 | R40: 0 | S40: 0 | T40: 0 | U40: 0 | V40: 0 | W40: 0 | X40: =SUM(E40:W40) -> 0
D41: JML | E41: =SUM(E39:E40) -> 0 | F41: =SUM(F39:F40) -> 0 | G41: =SUM(G39:G40) -> 0 | H41: =SUM(H39:H40) -> 0 | I41: =SUM(I39:I40) -> 0 | J41: =SUM(J39:J40) -> 0 | K41: =SUM(K39:K40) -> 0 | L41: =SUM(L39:L40) -> 0 | ... W41: =SUM(W39:W40) -> 0 | X41: =SUM(E41:W41) -> 1
A43: IV | B43: DATA RINCIAN PEROLEHAN SUARA PASANGAN CALON BUPATI DAN WAKIL BUPATI
A44: NOMOR DAN NAMA CALON
A45: A.1 | B45: 1. | C45: Partai Kebangkitan Bangsa | E45: 12 | F45: 7 | G45: 5 | H45: 10 | I45: 0 | J45: 0 | K45: 1 | L45: 2 | M45: 1 | N45: 0 | O45: 4 | P45: 11 | Q45: 7 | R45: 1 | S45: 3 | T45: 0 | U45: 5 | V45: 5 | W45: 4 | X45: =SUM(E45:W45) -> 78
A46: A.2 | C46: 1. Dra. Hj. MA`MULAH HARUN, M.Pd.I. | E46: 31 | F46: 30 | G46: 23 | H46: 17 | I46: 12 | J46: 3 | K46: 3 | L46: 2 | M46: 1 | N46: 4 | O46: 4 | P46: 34 | Q46: 10 | R46: 12 | S46: 1 | T46: 9 | U46: 7 | V46: 5 | W46: 9 | X46: =SUM(E46:W46) -> 217
C47: 2. UBAIDILLAH, S.Fil.I. | E47: 2 | F47: 2 | G47: 0 | H47: 0 | I47: 0 | J47: 0 | K47: 0 | L47: 1 | M47: 1 | N47: 1 | O47: 1 | P47: 2 | Q47: 1 | R47: 1 | S47: 2 | T47: 0 | U47: 2 | V47: 1 | W47: 2 | X47: =SUM(E47:W47) -> 19
C48: 3. Ir. H. YOYOK MULYADI, M.Si. | E48: 0 | F48: 1 | G48: 1 | H48: 0 | I48: 1 | J48: 0 | K48: 0 | L48: 0 | M48: 0 | N48: 0 | O48: 0 | P48: 0 | Q48: 1 | R48: 0 | S48: 0 | T48: 0 | U48: 0 | V48: 2 | W48: 0 | X48: =SUM(E48:W48) -> 6
C49: 4. KHOIRUL ANWAR, S.Fil.I. | E49: 1 | F49: 0 | G49: 2 | H49: 1 | I49: 2 | J49: 0 | K49: 1 | L49: 0 | M49: 0 | N49: 0 | O49: 0 | P49: 1 | Q49: 0 | R49: 2 | S49: 1 | T49: 1 | U49: 0 | V49: 0 | W49: 1 | X49: =SUM(E49:W49) -> 13
C50: 5. ARIF WIJAKSANA | E50: 0 | F50: 0 | G50: 0 | H50: 1 | I50: 1 | J50: 0 | K50: 0 | L50: 0 | M50: 0 | N50: 0 | O50: 0 | P50: 1 | Q50: 0 | R50: 0 | S50: 0 | T50: 0 | U50: 0 | V50: 0 | W50: 0 | X50: =SUM(E50:W50) -> 3
C51: 6. Dr. SITI YUMNAH | E51: 0 | F51: 0 | G51: 0 | H51: 0 | I51: 0 | J51: 0 | K51: 0 | L51: 0 | M51: 0 | N51: 0 | O51: 0 | P51: 0 | Q51: 1 | R51: 0 | S51: 0 | T51: 1 | U51: 0 | V51: 0 | W51: 0 | X51: =SUM(E51:W51) -> 2
C52: 7. MOHAMMAD ZAINI, M.Pd.I. | E52: 1 | F52: 0 | G52: 0 | H52: 0 | I52: 1 | J52: 0 | K52: 1 | L52: 0 | M52: 0 | N52: 0 | O52: 0 | P52: 0 | Q52: 0 | R52: 0 | S52: 0 | T52: 0 | U52: 0 | V52: 1 | W52: 0 | X52: =SUM(E52:W52) -> 4
C53: 8. FAWAIDUL MAKKIYAH | E53: 0 | F53: 0 | G53: 0 | H53: 0 | I53: 0 | J53: 0 | K53: 0 | L53: 0 | M53: 0 | N53: 0 | O53: 0 | P53: 0 | Q53: 0 | R53: 0 | S53: 0 | T53: 0 | U53: 0 | V53: 0 | W53: 0 | X53: =SUM(E53:W53) -> 0
C54: 9. IFFAH HIDAYATUR ROHMAH, S.Sos. | E54: 1 | F54: 0 | G54: 0 | H54: 0 | I54: 1 | J54: 1 | K54: 0 | L54: 0 | M54: 1 | N54: 0 | O54: 0 | P54: 0 | Q54: 0 | R54: 0 | S54: 0 | T54: 0 | U54: 1 | V54: 0 | W54: 0 | X54: =SUM(E54:W54) -> 5
A55: B | B55: JUMLAH SUARA SAH PARTAI POLITIK DAN CALON (A1 + A2) | E55: =SUM(E45:E54) -> 48 | F55: =SUM(F45:F54) -> 40 | G55: =SUM(G45:G54) -> 31 | H55: =SUM(H45:H54) -> 29 | I55: =SUM(I45:I54) -> 18 | J55: =SUM(J45:J54) -> 4 | K55: =SUM(K45:K54) -> 6 | L55: =SUM(L45:L54) -> 5 | ... X55: =SUM(X45:X54) -> 347
A57: A.1 | B57: 2. | C57: Partai Gerakan Indonesia Raya | E57: 10 | F57: 6 | G57: 5 | H57: 7 | I57: 6 | J57: 3 | K57: 3 | L57: 4 | M57: 4 | N57: 1 | O57: 9 | P57: 11 | Q57: 11 | R57: 13 | S57: 4 | T57: 4 | U57: 5 | V57: 3 | W57: 8 | X57: =SUM(E57:W57) -> 117
A58: A.2 | C58: 1. AHMAD HADINUDDIN, S.Pd.I. | E58: 44 | F58: 24 | G58: 27 | H58: 10 | I58: 87 | J58: 164 | K58: 140 | L58: 157 | M58: 56 | N58: 43 | O58: 114 | P58: 53 | Q58: 140 | R58: 33 | S58: 74 | T58: 94 | U58: 39 | V58: 44 | W58: 110 | X58: =SUM(E58:W58) -> 1453
C59: 2. BIMA RAFSANJANI RAFID | E59: 11 | F59: 2 | G59: 2 | H59: 4 | I59: 1 | J59: 3 | K59: 5 | L59: 1 | M59: 1 | N59: 3 | O59: 2 | P59: 6 | Q59: 1 | R59: 1 | S59: 3 | T59: 1 | U59: 1 | V59: 3 | W59: 1 | X59: =SUM(E59:W59) -> 52
C60: 3. IRA DAMAYANTI | E60: 1 | F60: 2 | G60: 1 | H60: 0 | I60: 1 | J60: 1 | K60: 2 | L60: 0 | M60: 1 | N60: 0 | O60: 0 | P60: 2 | Q60: 1 | R60: 1 | S60: 1 | T60: 0 | U60: 2 | V60: 1 | W60: 1 | X60: =SUM(E60:W60) -> 18
C61: 4. MAULANA MALIK IBRAHIM, S.H. | E61: 6 | F61: 3 | G61: 32 | H61: 41 | I61: 28 | J61: 2 | K61: 1 | L61: 3 | M61: 56 | N61: 86 | O61: 37 | P61: 9 | Q61: 11 | R61: 28 | S61: 15 | T61: 18 | U61: 12 | V61: 12 | W61: 5 | X61: =SUM(E61:W61) -> 405
C62: 5. LULUK ALFIATI | E62: 1 | F62: 0 | G62: 1 | H62: 1 | I62: 1 | J62: 0 | K62: 1 | L62: 0 | M62: 0 | N62: 0 | O62: 0 | P62: 0 | Q62: 1 | R62: 1 | S62: 2 | T62: 0 | U62: 0 | V62: 1 | W62: 0 | X62: =SUM(E62:W62) -> 10
C63: 6. ILHAM WAHYUDI, S.H. | E63: 1 | F63: 0 | G63: 1 | H63: 1 | I63: 0 | J63: 1 | K63: 1 | L63: 1 | M63: 1 | N63: 0 | O63: 0 | P63: 0 | Q63: 0 | R63: 0 | S63: 0 | T63: 0 | U63: 1 | V63: 0 | W63: 0 | X63: =SUM(E63:W63) -> 8
C64: 7. HAERUL ANWAR, S.Pd.I. | E64: 0 | F64: 0 | G64: 0 | H64: 0 | I64: 0 | J64: 0 | K64: 0 | L64: 0 | M64: 1 | N64: 1 | O64: 0 | P64: 0 | Q64: 1 | R64: 0 | S64: 0 | T64: 0 | U64: 0 | V64: 1 | W64: 0 | X64: =SUM(E64:W64) -> 4
C65: 8. YOVI ADHITYA WARDANI | E65: 1 | F65: 0 | G65: 0 | H65: 0 | I65: 0 | J65: 0 | K65: 0 | L65: 0 | M65: 0 | N65: 0 | O65: 0 | P65: 1 | Q65: 0 | R65: 0 | S65: 1 | T65: 0 | U65: 0 | V65: 1 | W65: 0 | X65: =SUM(E65:W65) -> 4
C66: 9. RITA AMELIA | E66: 0 | F66: 0 | G66: 0 | H66: 1 | I66: 0 | J66: 0 | K66: 0 | L66: 0 | M66: 0 | N66: 0 | O66: 0 | P66: 0 | Q66: 2 | R66: 1 | S66: 0 | T66: 1 | U66: 1 | V66: 0 | W66: 0 | X66: =SUM(E66:W66) -> 6
A67: B | B67: JUMLAH SUARA SAH PARTAI POLITIK DAN CALON (A1 + A2) | E67: =SUM(E57:E66) -> 75 | F67: =SUM(F57:F66) -> 37 | G67: =SUM(G57:G66) -> 69 | H67: =SUM(H57:H66) -> 65 | I67: =SUM(I57:I66) -> 124 | J67: =SUM(J57:J66) -> 174 | K67: =SUM(K57:K66) -> 153 | L67: =SUM(L57:L66) -> 166 | ... X67: =SUM(X57:X66) -> 2077
A69: A.1 | B69: 3. | C69: Partai Demokrasi Indonesia Perjuangan | E69: 4 | F69: 5 | G69: 6 | H69: 7 | I69: 9 | J69: 0 | K69: 3 | L69: 0 | M69: 2 | N69: 3 | O69: 0 | P69: 2 | Q69: 3 | R69: 8 | S69: 2 | T69: 4 | U69: 0 | V69: 5 | W69: 4 | X69: =SUM(E69:W69) -> 67
A70: A.2 | C70: 1. MARTIN H., S.H., M.H. | E70: 6 | F70: 3 | G70: 7 | H70: 10 | I70: 2 | J70: 1 | K70: 2 | L70: 4 | M70: 3 | N70: 4 | O70: 4 | P70: 4 | Q70: 1 | R70: 2 | S70: 3 | T70: 2 | U70: 2 | V70: 3 | W70: 1 | X70: =SUM(E70:W70) -> 64
C71: 2. HERMANTO, S.E. | E71: 5 | F71: 2 | G71: 16 | H71: 14 | I71: 6 | J71: 0 | K71: 7 | L71: 0 | M71: 4 | N71: 1 | O71: 2 | P71: 7 | Q71: 7 | R71: 6 | S71: 4 | T71: 6 | U71: 20 | V71: 7 | W71: 2 | X71: =SUM(E71:W71) -> 116
C72: 3. EVY SUSILAWATI, S.E., M.M. | E72: 0 | F72: 2 | G72: 3 | H72: 1 | I72: 2 | J72: 0 | K72: 0 | L72: 1 | M72: 0 | N72: 0 | O72: 4 | P72: 1 | Q72: 0 | R72: 1 | S72: 2 | T72: 2 | U72: 2 | V72: 3 | W72: 2 | X72: =SUM(E72:W72) -> 26
C73: 4. M. SIROTTUDIN | E73: 1 | F73: 1 | G73: 2 | H73: 0 | I73: 0 | J73: 0 | K73: 3 | L73: 0 | M73: 7 | N73: 6 | O73: 3 | P73: 1 | Q73: 1 | R73: 3 | S73: 0 | T73: 0 | U73: 1 | V73: 5 | W73: 0 | X73: =SUM(E73:W73) -> 34
C74: 5. ABDUL HAFID, S.H. | E74: 0 | F74: 3 | G74: 2 | H74: 2 | I74: 3 | J74: 0 | K74: 0 | L74: 2 | M74: 1 | N74: 1 | O74: 0 | P74: 0 | Q74: 0 | R74: 0 | S74: 0 | T74: 1 | U74: 1 | V74: 4 | W74: 1 | X74: =SUM(E74:W74) -> 21
C75: 6. NIKITA FORTUNA SURYANINGATI, A.Md.Keb. | E75: 1 | F75: 1 | G75: 3 | H75: 1 | I75: 2 | J75: 2 | K75: 0 | L75: 0 | M75: 0 | N75: 1 | O75: 0 | P75: 0 | Q75: 0 | R75: 1 | S75: 1 | T75: 0 | U75: 0 | V75: 0 | W75: 0 | X75: =SUM(E75:W75) -> 13
C76: 7. YUDHO ILHAM WIJAYA, S.E. | E76: 0 | F76: 0 | G76: 0 | H76: 0 | I76: 0 | J76: 0 | K76: 0 | L76: 0 | M76: 0 | N76: 0 | O76: 0 | P76: 0 | Q76: 1 | R76: 1 | S76: 0 | T76: 0 | U76: 0 | V76: 3 | W76: 0 | X76: =SUM(E76:W76) -> 5
C77: 8. SETIAWATI, S.H. | E77: 0 | F77: 0 | G77: 1 | H77: 0 | I77: 0 | J77: 0 | K77: 1 | L77: 0 | M77: 0 | N77: 0 | O77: 0 | P77: 0 | Q77: 1 | R77: 0 | S77: 0 | T77: 1 | U77: 0 | V77: 0 | W77: 0 | X77: =SUM(E77:W77) -> 4
C78: 9. EKO BUDI SANTOSO, S.H. | E78: 0 | F78: 1 | G78: 1 | H78: 0 | I78: 1 | J78: 0 | K78: 2 | L78: 0 | M78: 0 | N78: 0 | O78: 0 | P78: 0 | Q78: 1 | R78: 0 | S78: 1 | T78: 0 | U78: 0 | V78: 0 | W78: 0 | X78: =SUM(E78:W78) -> 7
A79: B | B79: JUMLAH SUARA SAH PARTAI POLITIK DAN CALON (A1 + A2) | E79: =SUM(E69:E78) -> 17 | F79: =SUM(F69:F78) -> 18 | G79: =SUM(G69:G78) -> 41 | H79: =SUM(H69:H78) -> 35 | I79: =SUM(I69:I78) -> 25 | J79: =SUM(J69:J78) -> 3 | K79: =SUM(K69:K78) -> 18 | L79: =SUM(L69:L78) -> 7 | ... X79: =SUM(X69:X78) -> 357
A81: A.1 | B81: 4. | C81: Partai Golongan Karya | E81: 3 | F81: 1 | G81: 2 | H81: 6 | I81: 2 | J81: 0 | K81: 0 | L81: 1 | M81: 0 | N81: 0 | O81: 3 | P81: 7 | Q81: 4 | R81: 7 | S81: 2 | T81: 2 | U81: 2 | V81: 6 | W81: 3 | X81: =SUM(E81:W81) -> 51
A82: A.2 | C82: 1. PRANAYA YUDHA MAHARDHIKA | E82: 2 | F82: 7 | G82: 4 | H82: 1 | I82: 2 | J82: 0 | K82: 2 | L82: 4 | M82: 0 | N82: 0 | O82: 1 | P82: 3 | Q82: 3 | R82: 28 | S82: 12 | T82: 6 | U82: 10 | V82: 20 | W82: 1 | X82: =SUM(E82:W82) -> 106
C83: 2. Dra. Ec. ENDANG SULASTUTY, M.I.P. | E83: 0 | F83: 3 | G83: 0 | H83: 0 | I83: 0 | J83: 0 | K83: 1 | L83: 0 | M83: 0 | N83: 0 | O83: 0 | P83: 3 | Q83: 2 | R83: 6 | S83: 0 | T83: 1 | U83: 1 | V83: 0 | W83: 1 | X83: =SUM(E83:W83) -> 18
C84: 3. AGUS REJEKI WARTONO | E84: 0 | F84: 0 | G84: 0 | H84: 0 | I84: 0 | J84: 1 | K84: 0 | L84: 0 | M84: 0 | N84: 1 | O84: 0 | P84: 2 | Q84: 2 | R84: 1 | S84: 3 | T84: 1 | U84: 0 | V84: 4 | W84: 1 | X84: =SUM(E84:W84) -> 16
C85: 4. Hj. TUTUK ASMA'A ZUCHROH, S.T., M.T. | E85: 1 | F85: 1 | G85: 2 | H85: 2 | I85: 0 | J85: 1 | K85: 0 | L85: 0 | M85: 0 | N85: 1 | O85: 0 | P85: 1 | Q85: 0 | R85: 0 | S85: 0 | T85: 0 | U85: 0 | V85: 1 | W85: 0 | X85: =SUM(E85:W85) -> 10
C86: 5. ADE M. RIZKI, S.E. | E86: 0 | F86: 0 | G86: 0 | H86: 0 | I86: 0 | J86: 0 | K86: 0 | L86: 0 | M86: 0 | N86: 0 | O86: 1 | P86: 0 | Q86: 0 | R86: 0 | S86: 0 | T86: 0 | U86: 0 | V86: 0 | W86: 1 | X86: =SUM(E86:W86) -> 2
C87: 6. ABDURAKHMAN, Bc.Kn. | E87: 0 | F87: 0 | G87: 0 | H87: 0 | I87: 0 | J87: 0 | K87: 0 | L87: 0 | M87: 0 | N87: 1 | O87: 0 | P87: 1 | Q87: 1 | R87: 0 | S87: 0 | T87: 0 | U87: 0 | V87: 0 | W87: 0 | X87: =SUM(E87:W87) -> 3
C88: 7. CENDY RHIYAN ADI PUTRI | E88: 0 | F88: 0 | G88: 1 | H88: 0 | I88: 1 | J88: 1 | K88: 0 | L88: 0 | M88: 0 | N88: 0 | O88: 0 | P88: 0 | Q88: 1 | R88: 0 | S88: 0 | T88: 0 | U88: 0 | V88: 0 | W88: 0 | X88: =SUM(E88:W88) -> 4
C89: 8. BAKTI WIJAYANTO, S.E. | E89: 0 | F89: 0 | G89: 0 | H89: 0 | I89: 0 | J89: 0 | K89: 0 | L89: 0 | M89: 0 | N89: 0 | O89: 0 | P89: 0 | Q89: 0 | R89: 0 | S89: 0 | T89: 0 | U89: 0 | V89: 0 | W89: 0 | X89: =SUM(E89:W89) -> 0
C90: 9. AHMAD UBAIDILLAH | E90: 0 | F90: 1 | G90: 0 | H90: 0 | I90: 0 | J90: 0 | K90: 0 | L90: 0 | M90: 0 | N90: 0 | O90: 0 | P90: 0 | Q90: 0 | R90: 0 | S90: 1 | T90: 1 | U90: 0 | V90: 1 | W90: 0 | X90: =SUM(E90:W90) -> 4
A91: B | B91: JUMLAH SUARA SAH PARTAI POLITIK DAN CALON (A1 + A2) | E91: =SUM(E81:E90) -> 6 | F91: =SUM(F81:F90) -> 13 | G91: =SUM(G81:G90) -> 9 | H91: =SUM(H81:H90) -> 9 | I91: =SUM(I81:I90) -> 5 | J91: =SUM(J81:J90) -> 3 | K91: =SUM(K81:K90) -> 3 | L91: =SUM(L81:L90) -> 5 | ... X91: =SUM(X81:X90) -> 214
A93: A.1 | B93: 5. | C93: Partai NasDem | E93: 2 | F93: 1 | G93: 2 | H93: 1 | I93: 1 | J93: 0 | K93: 1 | L93: 0 | M93: 0 | N93: 0 | O93: 1 | P93: 0 | Q93: 0 | R93: 0 | S93: 0 | T93: 0 | U93: 0 | V93: 0 | W93: 0 | X93: =SUM(E93:W93) -> 9
A94: A.2 | C94: 1. ALI MUSTOFA, A.Md. | E94: 1 | F94: 7 | G94: 5 | H94: 2 | I94: 4 | J94: 0 | K94: 1 | L94: 2 | M94: 1 | N94: 1 | O94: 1 | P94: 0 | Q94: 1 | R94: 0 | S94: 2 | T94: 7 | U94: 1 | V94: 2 | W94: 1 | X94: =SUM(E94:W94) -> 39
C95: 2. Hj. BUAMI, S.H. | E95: 0 | F95: 0 | G95: 1 | H95: 0 | I95: 0 | J95: 0 | K95: 0 | L95: 0 | M95: 0 | N95: 0 | O95: 0 | P95: 0 | Q95: 0 | R95: 0 | S95: 0 | T95: 0 | U95: 0 | V95: 0 | W95: 0 | X95: =SUM(E95:W95) -> 1
C96: 3. SUGIONO, S.H. | E96: 0 | F96: 0 | G96: 0 | H96: 0 | I96: 0 | J96: 0 | K96: 0 | L96: 0 | M96: 0 | N96: 0 | O96: 0 | P96: 0 | Q96: 0 | R96: 0 | S96: 0 | T96: 0 | U96: 0 | V96: 0 | W96: 0 | X96: =SUM(E96:W96) -> 0
C97: 4. LULUK SUNARMIATININGSIH | E97: 0 | F97: 0 | G97: 0 | H97: 0 | I97: 0 | J97: 0 | K97: 0 | L97: 0 | M97: 0 | N97: 0 | O97: 0 | P97: 0 | Q97: 1 | R97: 1 | S97: 0 | T97: 0 | U97: 0 | V97: 0 | W97: 0 | X97: =SUM(E97:W97) -> 2
C98: 5. ANTON DJULIANTO ADI | E98: 0 | F98: 0 | G98: 0 | H98: 0 | I98: 0 | J98: 0 | K98: 0 | L98: 0 | M98: 0 | N98: 0 | O98: 0 | P98: 0 | Q98: 0 | R98: 0 | S98: 0 | T98: 0 | U98: 0 | V98: 0 | W98: 0 | X98: =SUM(E98:W98) -> 0
C99: 6. MOKHAMAD ROFI'I KHUSNAN | E99: 0 | F99: 0 | G99: 1 | H99: 0 | I99: 0 | J99: 0 | K99: 1 | L99: 0 | M99: 0 | N99: 0 | O99: 0 | P99: 0 | Q99: 0 | R99: 0 | S99: 0 | T99: 0 | U99: 0 | V99: 0 | W99: 0 | X99: =SUM(E99:W99) -> 2
C100: 7. Rr SETYO WATI | E100: 0 | F100: 0 | G100: 0 | H100: 0 | I100: 0 | J100: 0 | K100: 0 | L100: 0 | M100: 0 | N100: 0 | O100: 0 | P100: 0 | Q100: 0 | R100: 0 | S100: 0 | T100: 0 | U100: 0 | V100: 0 | W100: 0 | X100: =SUM(E100:W100) -> 0
C101: 8. ABD. KADIR ASSEGAFF | E101: 0 | F101: 0 | G101: 0 | H101: 0 | I101: 0 | J101: 0 | K101: 0 | L101: 0 | M101: 0 | N101: 0 | O101: 0 | P101: 0 | Q101: 0 | R101: 0 | S101: 0 | T101: 0 | U101: 0 | V101: 0 | W101: 0 | X101: =SUM(E101:W101) -> 0
C102: 9. FATHOR ZAINULLAH | E102: 0 | F102: 0 | G102: 0 | H102: 0 | I102: 0 | J102: 0 | K102: 0 | L102: 0 | M102: 0 | N102: 0 | O102: 0 | P102: 0 | Q102: 0 | R102: 0 | S102: 0 | T102: 0 | U102: 0 | V102: 0 | W102: 0 | X102: =SUM(E102:W102) -> 0
A103: B | B103: JUMLAH SUARA SAH PARTAI POLITIK DAN CALON (A1 + A2) | E103: =SUM(E93:E102) -> 3 | F103: =SUM(F93:F102) -> 8 | G103: =SUM(G93:G102) -> 9 | H103: =SUM(H93:H102) -> 3 | I103: =SUM(I93:I102) -> 5 | J103: =SUM(J93:J102) -> 0 | K103: =SUM(K93:K102) -> 3 | L103: =SUM(L93:L102) -> 2 | ... X103: =SUM(X93:X102) -> 53
A105: A.1 | B105: 6. | C105: Partai Buruh | E105: 1 | F105: 0 | G105: 1 | H105: 0 | I105: 0 | J105: 0 | K105: 0 | L105: 0 | M105: 0 | N105: 0 | O105: 0 | P105: 0 | Q105: 1 | R105: 0 | S105: 0 | T105: 0 | U105: 1 | V105: 0 | W105: 0 | X105: =SUM(E105:W105) -> 4
A106: A.2 | C106: 1. AGUS SUPRIYADI | E106: 0 | F106: 0 | G106: 0 | H106: 1 | I106: 0 | J106: 0 | K106: 0 | L106: 0 | M106: 0 | N106: 0 | O106: 0 | P106: 0 | Q106: 0 | R106: 0 | S106: 0 | T106: 0 | U106: 0 | V106: 0 | W106: 0 | X106: =SUM(E106:W106) -> 1
C107: 2. ENI HARIATI | E107: 0 | F107: 0 | G107: 0 | H107: 0 | I107: 1 | J107: 0 | K107: 0 | L107: 0 | M107: 0 | N107: 0 | O107: 0 | P107: 0 | Q107: 0 | R107: 0 | S107: 0 | T107: 0 | U107: 0 | V107: 0 | W107: 0 | X107: =SUM(E107:W107) -> 1
X108: =SUM(E108:W108) -> 0
X109: =SUM(E109:W109) -> 0
X110: =SUM(E110:W110) -> 0
X111: =SUM(E111:W111) -> 0
X112: =SUM(E112:W112) -> 0
X113: =SUM(E113:W113) -> 0
X114: =SUM(E114:W114) -> 0
A115: B | B115: JUMLAH SUARA SAH PARTAI POLITIK DAN CALON (A1 + A2) | E115: =SUM(E105:E114) -> 1 | F115: =SUM(F105:F114) -> 0 | G115: =SUM(G105:G114) -> 1 | H115: =SUM(H105:H114) -> 1 | I115: =SUM(I105:I114) -> 1 | J115: =SUM(J105:J114) -> 0 | K115: =SUM(K105:K114) -> 0 | L115: =SUM(L105:L114) -> 0 | ... X115: =SUM(X105:X114) -> 6
A117: A.1 | B117: 7. | C117: Partai Gelombang Rakyat Indonesia | E117: 0 | F117: 2 | G117: 1 | H117: 0 | I117: 0 | J117: 0 | K117: 0 | L117: 1 | M117: 1 | N117: 3 | O117: 2 | P117: 1 | Q117: 0 | R117: 0 | S117: 1 | T117: 1 | U117: 2 | V117: 0 | W117: 0 | X117: =SUM(E117:W117) -> 15
...

Sheet KEDUNGASRI
C2: Kecamatan | D2: TEGALDLIMO
C3: Kabupaten | D3: BANYUWANGI
C4: Provinsi | D4: JAWA TIMUR
C9: Kelurahan | D9: KEDUNGASRI
A12: I | B12: DATA PEMILIH DAN PENGGUNAAN HAK PILIH | AD12: JUMLAH AKHIR
A13: A | B13: DATA PEMILIH | E13: TPS 001 | F13: TPS 002 | G13: TPS 003 | H13: TPS 004 | I13: TPS 005 | J13: TPS 006 | K13: TPS 007 | L13: TPS 008 | M13: TPS 009 | N13: TPS 010 | O13: TPS 011 | P13: TPS 012 | Q13: TPS 013 | R13: TPS 014 | S13: TPS 015 | T13: TPS 016 | U13: TPS 017 | V13: TPS 018 | W13: TPS 019 | X13: TPS 020 | Y13: TPS 021 | Z13: TPS 022 | AA13: TPS 023 | AB13: TPS 024 | AC13: TPS 025
B14: Jumlah Pemilih dalam Daftar Pemilih Tetap (DPT) | D14: LK | E14: 138 | F14: 129 | G14: 132 | H14: 134 | I14: 116 | J14: 124 | K14: 130 | L14: 140 | M14: 136 | N14: 124 | O14: 126 | P14: 136 | Q14: 135 | R14: 132 | S14: 147 | T14: 130 | U14: 135 | V14: 149 | W14: 110 | X14: 88 | Y14: 127 | Z14: 128 | AA14: 142 | AB14: 134 | AC14: 127 | AD14: =SUM(E14:AC14) -> 3249
D15: PR | E15: 129 | F15: 136 | G15: 138 | H15: 132 | I15: 122 | J15: 126 | K15: 130 | L15: 137 | M15: 139 | N15: 139 | O15: 137 | P15: 130 | Q15: 129 | R15: 134 | S15: 135 | T15: 137 | U15: 136 | V15: 133 | W15: 111 | X15: 66 | Y15: 131 | Z15: 126 | AA15: 115 | AB15: 134 | AC15: 127 | AD15: =SUM(E15:AC15) -> 3209
D16: JML | E16: =SUM(E14:E15) -> 267 | F16: =SUM(F14:F15) -> 265 | G16: =SUM(G14:G15) -> 270 | H16: =SUM(H14:H15) -> 266 | I16: =SUM(I14:I15) -> 238 | J16: =SUM(J14:J15) -> 250 | K16: =SUM(K14:K15) -> 260 | L16: =SUM(L14:L15) -> 277 | ... AC16: =SUM(AC14:AC15) -> 254 | AD16: =SUM(E16:AC16) -> 6458
A18: B | B18: PENGGUNA HAK PILIH
B19: 1. | C19: Jumlah pengguna hak pilih dalam Daftar Pemilih Tetap (DPT) | D19: LK | E19: 121 | F19: 98 | G19: 101 | H19: 107 | I19: 81 | J19: 101 | K19: 97 | L19: 123 | M19: 102 | N19: 90 | O19: 97 | P19: 110 | Q19: 102 | R19: 101 | S19: 103 | T19: 95 | U19: 118 | V19: 123 | W19: 88 | X19: 66 | Y19: 97 | Z19: 106 | AA19: 97 | AB19: 107 | AC19: 108 | AD19: =SUM(E19:AC19) -> 2539
D20: PR | E20: 117 | F20: 100 | G20: 108 | H20: 118 | I20: 97 | J20: 103 | K20: 106 | L20: 119 | M20: 108 | N20: 114 | O20: 112 | P20: 104 | Q20: 105 | R20: 108 | S20: 110 | T20: 108 | U20: 110 | V20: 106 | W20: 93 | X20: 55 | Y20: 106 | Z20: 99 | AA20: 92 | AB20: 115 | AC20: 114 | AD20: =SUM(E20:AC20) -> 2627
D21: JML | E21: =SUM(E19:E20) -> 238 | F21: =SUM(F19:F20) -> 198 | G21: =SUM(G19:G20) -> 209 | H21: =SUM(H19:H20) -> 225 | I21: =SUM(I19:I20) -> 178 | J21: =SUM(J19:J20) -> 204 | K21: =SUM(K19:K20) -> 203 | L21: =SUM(L19:L20) -> 242 | ... AC21: =SUM(AC19:AC20) -> 222 | AD21: =SUM(E21:AC21) -> 5166
B22: 2. | C22: Jumlah pengguna hak pilih dalam Daftar Pemilih Tambahan (DPTb) | D22: LK | E22: 0 | F22: 0 | G22: 0 | H22: 0 | I22: 0 | J22: 0 | K22: 0 | L22: 0 | M22: 0 | N22: 0 | O22: 0 | P22: 0 | Q22: 0 | R22: 0 | S22: 0 | T22: 0 | U22: 0 | V22: 0 | W22: 0 | X22: 0 | Y22: 0 | Z22: 0 | AA22: 0 | AB22: 0 | AC22: 0 | AD22: =SUM(E22:AC22) -> 0
D23: PR | E23: 0 | F23: 0 | G23: 0 | H23: 0 | I23: 0 | J23: 0 | K23: 0 | L23: 0 | M23: 0 | N23: 0 | O23: 0 | P23: 0 | Q23: 0 | R23: 0 | S23: 0 | T23: 0 | U23: 0 | V23: 0 | W23: 0 | X23: 0 | Y23: 0 | Z23: 0 | AA23: 0 | AB23: 0 | AC23: 0 | AD23: =SUM(E23:AC23) -> 0
D24: JML | E24: =SUM(E22:E23) -> 0 | F24: =SUM(F22:F23) -> 0 | G24: =SUM(G22:G23) -> 0 | H24: =SUM(H22:H23) -> 0 | I24: =SUM(I22:I23) -> 0 | J24: =SUM(J22:J23) -> 0 | K24: =SUM(K22:K23) -> 0 | L24: =SUM(L22:L23) -> 0 | ... AC24: =SUM(AC22:AC23) -> 0 | AD24: =SUM(E24:AC24) -> 0
B25: 3. | C25: Jumlah pengguna hak pilih dalam Daftar Pemilih Khusus (DPK) | D25: LK | E25: 0 | F25: 0 | G25: 0 | H25: 0 | I25: 0 | J25: 0 | K25: 0 | L25: 0 | M25: 0 | N25: 0 | O25: 0 | P25: 0 | Q25: 0 | R25: 0 | S25: 0 | T25: 0 | U25: 0 | V25: 0 | W25: 0 | X25: 0 | Y25: 0 | Z25: 0 | AA25: 0 | AB25: 0 | AC25: 1 | AD25: =SUM(E25:AC25) -> 1
D26: PR | E26: 0 | F26: 0 | G26: 0 | H26: 0 | I26: 0 | J26: 0 | K26: 0 | L26: 0 | M26: 0 | N26: 0 | O26: 0 | P26: 0 | Q26: 0 | R26: 0 | S26: 0 | T26: 0 | U26: 0 | V26: 0 | W26: 2 | X26: 0 | Y26: 0 | Z26: 0 | AA26: 0 | AB26: 0 | AC26: 0 | AD26: =SUM(E26:AC26) -> 2
D27: JML | E27: =SUM(E25:E26) -> 0 | F27: =SUM(F25:F26) -> 0 | G27: =SUM(G25:G26) -> 0 | H27: =SUM(H25:H26) -> 0 | I27: =SUM(I25:I26) -> 0 | J27: =SUM(J25:J26) -> 0 | K27: =SUM(K25:K26) -> 0 | L27: =SUM(L25:L26) -> 0 | ... AC27: =SUM(AC25:AC26) -> 1 | AD27: =SUM(E27:AC27) -> 3
B28: 4. | C28: Jumlah Pengguna Hak Pilih (B.1+B.2+B.3) | D28: LK | E28: =SUM(E19,E22,E25) -> 121 | F28: =SUM(F19,F22,F25) -> 98 | G28: =SUM(G19,G22,G25) -> 101 | H28: =SUM(H19,H22,H25) -> 107 | I28: =SUM(I19,I22,I25) -> 81 | J28: =SUM(J19,J22,J25) -> 101 | K28: =SUM(K19,K22,K25) -> 97 | L28: =SUM(L19,L22,L25) -> 123 | ... AC28: =SUM(AC19,AC22,AC25) -> 109 | AD28: =SUM(E28:AC28) -> 2540
D29: PR | E29: =SUM(E20,E23,E26) -> 117 | F29: =SUM(F20,F23,F26) -> 100 | G29: =SUM(G20,G23,G26) -> 108 | H29: =SUM(H20,H23,H26) -> 118 | I29: =SUM(I20,I23,I26) -> 97 | J29: =SUM(J20,J23,J26) -> 103 | K29: =SUM(K20,K23,K26) -> 106 | L29: =SUM(L20,L23,L26) -> 119 | ... AC29: =SUM(AC20,AC23,AC26) -> 114 | AD29: =SUM(E29:AC29) -> 2629
D30: JML | E30: =SUM(E28:E29) -> 238 | F30: =SUM(F28:F29) -> 198 | G30: =SUM(G28:G29) -> 209 | H30: =SUM(H28:H29) -> 225 | I30: =SUM(I28:I29) -> 178 | J30: =SUM(J28:J29) -> 204 | K30: =SUM(K28:K29) -> 203 | L30: =SUM(L28:L29) -> 242 | ... AC30: =SUM(AC28:AC29) -> 223 | AD30: =SUM(E30:AC30) -> 5169
A32: II | B32: DATA PENGGUNAAN SURAT SUARA
A33: 1 | B33: Jumlah surat suara yang diterima, termasuk surat suara cadangan 2,5% dari DPT | E33: 273 | F33: 271 | G33: 276 | H33: 272 | I33: 243 | J33: 255 | K33: 266 | L33: 283 | M33: 281 | N33: 269 | O33: 269 | P33: 271 | Q33: 270 | R33: 272 | S33: 288 | T33: 272 | U33: 277 | V33: 288 | W33: 226 | X33: 158 | Y33: 264 | Z33: 260 | AA33: 263 | AB33: 273 | AC33: 260 | AD33: =SUM(E33:AC33) -> 6600
A34: 2 | B34: Jumlah surat suara yang digunakan | E34: 238 | F34: 198 | G34: 209 | H34: 225 | I34: 178 | J34: 204 | K34: 203 | L34: 242 | M34: 210 | N34: 204 | O34: 209 | P34: 214 | Q34: 207 | R34: 209 | S34: 213 | T34: 203 | U34: 228 | V34: 229 | W34: 183 | X34: 121 | Y34: 203 | Z34: 205 | AA34: 189 | AB34: 222 | AC34: 223 | AD34: =SUM(E34:AC34) -> 5169
A35: 3 | B35: Jumlah surat suara dikembalikan oleh pemilih (karena rusak atau keliru coblos) | E35: 0 | F35: 0 | G35: 5 | H35: 0 | I35: 0 | J35: 0 | K35: 0 | L35: 0 | M35: 2 | N35: 0 | O35: 0 | P35: 0 | Q35: 0 | R35: 0 | S35: 0 | T35: 0 | U35: 0 | V35: 0 | W35: 0 | X35: 3 | Y35: 0 | Z35: 0 | AA35: 0 | AB35: 0 | AC35: 0 | AD35: =SUM(E35:AC35) -> 10
A36: 4 | B36: Jumlah surat suara yang tidak digunakan/tidak terpakai, termasuk sisa surat suara cadangan | E36: =E33-(E34+E35) -> 35 | F36: =F33-(F34+F35) -> 73 | G36: =G33-(G34+G35) -> 62 | H36: =H33-(H34+H35) -> 47 | I36: =I33-(I34+I35) -> 65 | J36: =J33-(J34+J35) -> 51 | K36: =K33-(K34+K35) -> 63 | L36: =L33-(L34+L35) -> 41 | ... AC36: =AC33-(AC34+AC35) -> 37 | AD36: =SUM(E36:AC36) -> 1421
A38: III | B38: DATA PEMILIH DISABILITAS
B39: Jumlah seluruh Pemilih disabilitas yang menggunakan hak pilih | D39: LK | E39: 0 | F39: 0 | G39: 0 | H39: 0 | I39: 0 | J39: 0 | K39: 0 | L39: 0 | M39: 0 | N39: 0 | O39: 0 | P39: 0 | Q39: 0 | R39: 0 | S39: 0 | T39: 0 | U39: 0 | V39: 0 | W39: 0 | X39: 0 | Y39: 0 | Z39: 0 | AA39: 0 | AB39: 0 | AC39: 1 | AD39: =SUM(E39:AC39) -> 1
D40: PR | E40: 0 | F40: 0 | G40: 0 | H40: 0 | I40: 0 | J40: 0 | K40: 0 | L40: 0 | M40: 0 | N40: 0 | O40: 0 | P40: 0 | Q40: 0 | R40: 0 | S40: 0 | T40: 0 | U40: 0 | V40: 0 | W40: 0 | X40: 0 | Y40: 0 | Z40: 0 | AA40: 0 | AB40: 0 | AC40: 2 | AD40: =SUM(E40:AC40) -> 2
D41: JML | E41: =SUM(E39:E40) -> 0 | F41: =SUM(F39:F40) -> 0 | G41: =SUM(G39:G40) -> 0 | H41: =SUM(H39:H40) -> 0 | I41: =SUM(I39:I40) -> 0 | J41: =SUM(J39:J40) -> 0 | K41: =SUM(K39:K40) -> 0 | L41: =SUM(L39:L40) -> 0 | ... AC41: =SUM(AC39:AC40) -> 3 | AD41: =SUM(E41:AC41) -> 3
A43: IV | B43: DATA RINCIAN PEROLEHAN SUARA PASANGAN CALON BUPATI DAN WAKIL BUPATI
A44: NOMOR DAN NAMA CALON
A45: A.1 | B45: 1. | C45: Partai Kebangkitan Bangsa | E45: 2 | F45: 1 | G45: 5 | H45: 0 | I45: 2 | J45: 3 | K45: 3 | L45: 1 | M45: 6 | N45: 0 | O45: 5 | P45: 3 | Q45: 7 | R45: 1 | S45: 5 | T45: 1 | U45: 4 | V45: 6 | W45: 2 | X45: 1 | Y45: 6 | Z45: 1 | AA45: 8 | AB45: 2 | AC45: 4 | AD45: =SUM(E45:AC45) -> 79
A46: A.2 | C46: 1. Dra. Hj. MA`MULAH HARUN, M.Pd.I. | E46: 6 | F46: 9 | G46: 10 | H46: 2 | I46: 2 | J46: 4 | K46: 7 | L46: 18 | M46: 3 | N46: 2 | O46: 5 | P46: 3 | Q46: 10 | R46: 3 | S46: 5 | T46: 9 | U46: 0 | V46: 3 | W46: 2 | X46: 1 | Y46: 6 | Z46: 1 | AA46: 11 | AB46: 9 | AC46: 12 | AD46: =SUM(E46:AC46) -> 143
C47: 2. UBAIDILLAH, S.Fil.I. | E47: 0 | F47: 0 | G47: 1 | H47: 0 | I47: 0 | J47: 3 | K47: 0 | L47: 4 | M47: 2 | N47: 0 | O47: 1 | P47: 2 | Q47: 0 | R47: 1 | S47: 2 | T47: 2 | U47: 0 | V47: 1 | W47: 1 | X47: 1 | Y47: 1 | Z47: 2 | AA47: 4 | AB47: 1 | AC47: 3 | AD47: =SUM(E47:AC47) -> 32
C48: 3. Ir. H. YOYOK MULYADI, M.Si. | E48: 1 | F48: 2 | G48: 0 | H48: 0 | I48: 0 | J48: 0 | K48: 2 | L48: 0 | M48: 0 | N48: 0 | O48: 0 | P48: 0 | Q48: 0 | R48: 1 | S48: 0 | T48: 2 | U48: 0 | V48: 1 | W48: 0 | X48: 0 | Y48: 0 | Z48: 0 | AA48: 0 | AB48: 1 | AC48: 2 | AD48: =SUM(E48:AC48) -> 12
C49: 4. KHOIRUL ANWAR, S.Fil.I. | E49: 1 | F49: 1 | G49: 0 | H49: 0 | I49: 1 | J49: 0 | K49: 2 | L49: 0 | M49: 0 | N49: 0 | O49: 0 | P49: 0 | Q49: 0 | R49: 4 | S49: 3 | T49: 3 | U49: 1 | V49: 0 | W49: 3 | X49: 0 | Y49: 3 | Z49: 0 | AA49: 6 | AB49: 2 | AC49: 1 | AD49: =SUM(E49:AC49) -> 31
C50: 5. ARIF WIJAKSANA | E50: 7 | F50: 0 | G50: 0 | H50: 2 | I50: 0 | J50: 1 | K50: 4 | L50: 0 | M50: 0 | N50: 2 | O50: 1 | P50: 1 | Q50: 0 | R50: 0 | S50: 0 | T50: 0 | U50: 0 | V50: 8 | W50: 0 | X50: 0 | Y50: 0 | Z50: 0 | AA50: 1 | AB50: 0 | AC50: 0 | AD50: =SUM(E50:AC50) -> 27
C51: 6. Dr. SITI YUMNAH | E51: 0 | F51: 0 | G51: 0 | H51: 0 | I51: 0 | J51: 0 | K51: 0 | L51: 0 | M51: 0 | N51: 0 | O51: 0 | P51: 0 | Q51: 0 | R51: 0 | S51: 0 | T51: 0 | U51: 0 | V51: 0 | W51: 0 | X51: 1 | Y51: 3 | Z51: 0 | AA51: 1 | AB51: 0 | AC51: 2 | AD51: =SUM(E51:AC51) -> 7
C52: 7. MOHAMMAD ZAINI, M.Pd.I. | E52: 0 | F52: 1 | G52: 0 | H52: 0 | I52: 1 | J52: 0 | K52: 0 | L52: 0 | M52: 0 | N52: 0 | O52: 1 | P52: 1 | Q52: 0 | R52: 0 | S52: 0 | T52: 0 | U52: 0 | V52: 1 | W52: 0 | X52: 0 | Y52: 0 | Z52: 1 | AA52: 0 | AB52: 0 | AC52: 0 | AD52: =SUM(E52:AC52) -> 6
C53: 8. FAWAIDUL MAKKIYAH | E53: 0 | F53: 0 | G53: 0 | H53: 0 | I53: 0 | J53: 0 | K53: 0 | L53: 0 | M53: 0 | N53: 0 | O53: 0 | P53: 0 | Q53: 0 | R53: 0 | S53: 0 | T53: 0 | U53: 0 | V53: 0 | W53: 0 | X53: 0 | Y53: 0 | Z53: 0 | AA53: 0 | AB53: 0 | AC53: 0 | AD53: =SUM(E53:AC53) -> 0
C54: 9. IFFAH HIDAYATUR ROHMAH, S.Sos. | E54: 1 | F54: 1 | G54: 1 | H54: 0 | I54: 1 | J54: 0 | K54: 0 | L54: 0 | M54: 0 | N54: 0 | O54: 0 | P54: 0 | Q54: 0 | R54: 0 | S54: 0 | T54: 0 | U54: 0 | V54: 0 | W54: 0 | X54: 0 | Y54: 0 | Z54: 0 | AA54: 1 | AB54: 0 | AC54: 0 | AD54: =SUM(E54:AC54) -> 5
A55: B | B55: JUMLAH SUARA SAH PARTAI POLITIK DAN CALON (A1 + A2) | E55: =SUM(E45:E54) -> 18 | F55: =SUM(F45:F54) -> 15 | G55: =SUM(G45:G54) -> 17 | H55: =SUM(H45:H54) -> 4 | I55: =SUM(I45:I54) -> 7 | J55: =SUM(J45:J54) -> 11 | K55: =SUM(K45:K54) -> 18 | L55: =SUM(L45:L54) -> 23 | ... AD55: =SUM(AD45:AD54) -> 342
A57: A.1 | B57: 2. | C57: Partai Gerakan Indonesia Raya | E57: 10 | F57: 8 | G57: 9 | H57: 4 | I57: 7 | J57: 1 | K57: 2 | L57: 11 | M57: 7 | N57: 6 | O57: 6 | P57: 11 | Q57: 6 | R57: 12 | S57: 10 | T57: 4 | U57: 5 | V57: 11 | W57: 5 | X57: 1 | Y57: 7 | Z57: 4 | AA57: 7 | AB57: 11 | AC57: 9 | AD57: =SUM(E57:AC57) -> 174
A58: A.2 | C58: 1. AHMAD HADINUDDIN, S.Pd.I. | E58: 75 | F58: 112 | G58: 94 | H58: 13 | I58: 15 | J58: 15 | K58: 65 | L58: 68 | M58: 27 | N58: 14 | O58: 23 | P58: 58 | Q58: 36 | R58: 18 | S58: 25 | T58: 26 | U58: 5 | V58: 45 | W58: 36 | X58: 4 | Y58: 6 | Z58: 3 | AA58: 11 | AB58: 1 | AC58: 12 | AD58: =SUM(E58:AC58) -> 807
C59: 2. BIMA RAFSANJANI RAFID | E59: 3 | F59: 3 | G59: 3 | H59: 1 | I59: 0 | J59: 5 | K59: 0 | L59: 2 | M59: 2 | N59: 2 | O59: 2 | P59: 0 | Q59: 2 | R59: 6 | S59: 18 | T59: 0 | U59: 0 | V59: 2 | W59: 3 | X59: 5 | Y59: 5 | Z59: 1 | AA59: 4 | AB59: 6 | AC59: 3 | AD59: =SUM(E59:AC59) -> 78
C60: 3. IRA DAMAYANTI | E60: 1 | F60: 1 | G60: 1 | H60: 2 | I60: 1 | J60: 7 | K60: 1 | L60: 0 | M60: 1 | N60: 1 | O60: 1 | P60: 1 | Q60: 0 | R60: 2 | S60: 1 | T60: 0 | U60: 0 | V60: 3 | W60: 1 | X60: 1 | Y60: 1 | Z60: 3 | AA60: 2 | AB60: 1 | AC60: 1 | AD60: =SUM(E60:AC60) -> 34
C61: 4. MAULANA MALIK IBRAHIM, S.H. | E61: 19 | F61: 2 | G61: 9 | H61: 50 | I61: 14 | J61: 9 | K61: 5 | L61: 27 | M61: 7 | N61: 2 | O61: 5 | P61: 1 | Q61: 1 | R61: 3 | S61: 0 | T61: 0 | U61: 0 | V61: 6 | W61: 1 | X61: 54 | Y61: 3 | Z61: 7 | AA61: 1 | AB61: 2 | AC61: 2 | AD61: =SUM(E61:AC61) -> 230
C62: 5. LULUK ALFIATI | E62: 0 | F62: 0 | G62: 1 | H62: 0 | I62: 1 | J62: 0 | K62: 1 | L62: 0 | M62: 0 | N62: 0 | O62: 0 | P62: 0 | Q62: 3 | R62: 0 | S62: 1 | T62: 1 | U62: 0 | V62: 0 | W62: 0 | X62: 0 | Y62: 2 | Z62: 1 | AA62: 1 | AB62: 2 | AC62: 2 | AD62: =SUM(E62:AC62) -> 16
C63: 6. ILHAM WAHYUDI, S.H. | E63: 0 | F63: 1 | G63: 0 | H63: 0 | I63: 0 | J63: 1 | K63: 0 | L63: 0 | M63: 1 | N63: 0 | O63: 0 | P63: 0 | Q63: 0 | R63: 0 | S63: 0 | T63: 1 | U63: 0 | V63: 0 | W63: 0 | X63: 0 | Y63: 1 | Z63: 1 | AA63: 1 | AB63: 0 | AC63: 0 | AD63: =SUM(E63:AC63) -> 7
C64: 7. HAERUL ANWAR, S.Pd.I. | E64: 0 | F64: 0 | G64: 0 | H64: 0 | I64: 0 | J64: 1 | K64: 0 | L64: 0 | M64: 0 | N64: 0 | O64: 0 | P64: 0 | Q64: 0 | R64: 0 | S64: 0 | T64: 1 | U64: 1 | V64: 0 | W64: 0 | X64: 0 | Y64: 0 | Z64: 0 | AA64: 0 | AB64: 0 | AC64: 0 | AD64: =SUM(E64:AC64) -> 3
C65: 8. YOVI ADHITYA WARDANI | E65: 0 | F65: 0 | G65: 0 | H65: 0 | I65: 0 | J65: 0 | K65: 0 | L65: 0 | M65: 0 | N65: 0 | O65: 0 | P65: 0 | Q65: 0 | R65: 0 | S65: 0 | T65: 1 | U65: 0 | V65: 0 | W65: 1 | X65: 0 | Y65: 0 | Z65: 0 | AA65: 0 | AB65: 0 | AC65: 0 | AD65: =SUM(E65:AC65) -> 2
C66: 9. RITA AMELIA | E66: 1 | F66: 1 | G66: 0 | H66: 0 | I66: 1 | J66: 2 | K66: 1 | L66: 0 | M66: 0 | N66: 2 | O66: 0 | P66: 0 | Q66: 0 | R66: 0 | S66: 0 | T66: 2 | U66: 0 | V66: 1 | W66: 0 | X66: 0 | Y66: 2 | Z66: 0 | AA66: 0 | AB66: 0 | AC66: 0 | AD66: =SUM(E66:AC66) -> 13
A67: B | B67: JUMLAH SUARA SAH PARTAI POLITIK DAN CALON (A1 + A2) | E67: =SUM(E57:E66) -> 109 | F67: =SUM(F57:F66) -> 128 | G67: =SUM(G57:G66) -> 117 | H67: =SUM(H57:H66) -> 70 | I67: =SUM(I57:I66) -> 39 | J67: =SUM(J57:J66) -> 41 | K67: =SUM(K57:K66) -> 75 | L67: =SUM(L57:L66) -> 108 | ... AD67: =SUM(AD57:AD66) -> 1364
A69: A.1 | B69: 3. | C69: Partai Demokrasi Indonesia Perjuangan | E69: 6 | F69: 7 | G69: 3 | H69: 14 | I69: 18 | J69: 16 | K69: 8 | L69: 7 | M69: 19 | N69: 4 | O69: 6 | P69: 9 | Q69: 11 | R69: 13 | S69: 22 | T69: 9 | U69: 8 | V69: 7 | W69: 2 | X69: 6 | Y69: 5 | Z69: 8 | AA69: 7 | AB69: 6 | AC69: 15 | AD69: =SUM(E69:AC69) -> 236
A70: A.2 | C70: 1. MARTIN H., S.H., M.H. | E70: 5 | F70: 2 | G70: 1 | H70: 8 | I70: 4 | J70: 7 | K70: 6 | L70: 3 | M70: 10 | N70: 8 | O70: 7 | P70: 4 | Q70: 14 | R70: 14 | S70: 13 | T70: 3 | U70: 2 | V70: 7 | W70: 4 | X70: 10 | Y70: 4 | Z70: 7 | AA70: 4 | AB70: 8 | AC70: 5 | AD70: =SUM(E70:AC70) -> 160
C71: 2. HERMANTO, S.E. | E71: 3 | F71: 3 | G71: 4 | H71: 8 | I71: 7 | J71: 19 | K71: 5 | L71: 1 | M71: 3 | N71: 7 | O71: 6 | P71: 6 | Q71: 9 | R71: 15 | S71: 3 | T71: 2 | U71: 2 | V71: 8 | W71: 2 | X71: 4 | Y71: 8 | Z71: 10 | AA71: 6 | AB71: 6 | AC71: 14 | AD71: =SUM(E71:AC71) -> 161
C72: 3. EVY SUSILAWATI, S.E., M.M. | E72: 5 | F72: 3 | G72: 3 | H72: 4 | I72: 6 | J72: 5 | K72: 11 | L72: 2 | M72: 1 | N72: 2 | O72: 4 | P72: 3 | Q72: 3 | R72: 3 | S72: 3 | T72: 2 | U72: 1 | V72: 1 | W72: 2 | X72: 1 | Y72: 1 | Z72: 2 | AA72: 1 | AB72: 6 | AC72: 9 | AD72: =SUM(E72:AC72) -> 84
C73: 4. M. SIROTTUDIN | E73: 6 | F73: 0 | G73: 1 | H73: 3 | I73: 2 | J73: 2 | K73: 2 | L73: 1 | M73: 2 | N73: 8 | O73: 3 | P73: 0 | Q73: 3 | R73: 5 | S73: 1 | T73: 1 | U73: 1 | V73: 2 | W73: 0 | X73: 0 | Y73: 1 | Z73: 9 | AA73: 3 | AB73: 3 | AC73: 2 | AD73: =SUM(E73:AC73) -> 61
C74: 5. ABDUL HAFID, S.H. | E74: 4 | F74: 2 | G74: 1 | H74: 3 | I74: 2 | J74: 1 | K74: 5 | L74: 2 | M74: 0 | N74: 3 | O74: 1 | P74: 1 | Q74: 1 | R74: 1 | S74: 0 | T74: 0 | U74: 0 | V74: 0 | W74: 1 | X74: 0 | Y74: 1 | Z74: 2 | AA74: 1 | AB74: 2 | AC74: 0 | AD74: =SUM(E74:AC74) -> 34
C75: 6. NIKITA FORTUNA SURYANINGATI, A.Md.Keb. | E75: 0 | F75: 1 | G75: 1 | H75: 1 | I75: 3 | J75: 3 | K75: 0 | L75: 0 | M75: 2 | N75: 3 | O75: 0 | P75: 0 | Q75: 1 | R75: 2 | S75: 1 | T75: 1 | U75: 0 | V75: 0 | W75: 1 | X75: 0 | Y75: 0 | Z75: 1 | AA75: 0 | AB75: 2 | AC75: 5 | AD75: =SUM(E75:AC75) -> 28
C76: 7. YUDHO ILHAM WIJAYA, S.E. | E76: 1 | F76: 1 | G76: 2 | H76: 1 | I76: 2 | J76: 1 | K76: 0 | L76: 1 | M76: 0 | N76: 0 | O76: 1 | P76: 1 | Q76: 1 | R76: 1 | S76: 2 | T76: 0 | U76: 3 | V76: 1 | W76: 1 | X76: 0 | Y76: 2 | Z76: 2 | AA76: 1 | AB76: 1 | AC76: 0 | AD76: =SUM(E76:AC76) -> 26
C77: 8. SETIAWATI, S.H. | E77: 0 | F77: 0 | G77: 0 | H77: 1 | I77: 0 | J77: 1 | K77: 1 | L77: 0 | M77: 1 | N77: 0 | O77: 0 | P77: 1 | Q77: 0 | R77: 1 | S77: 2 | T77: 0 | U77: 0 | V77: 1 | W77: 0 | X77: 0 | Y77: 0 | Z77: 1 | AA77: 1 | AB77: 1 | AC77: 2 | AD77: =SUM(E77:AC77) -> 14
C78: 9. EKO BUDI SANTOSO, S.H. | E78: 1 | F78: 0 | G78: 0 | H78: 0 | I78: 0 | J78: 2 | K78: 1 | L78: 0 | M78: 1 | N78: 1 | O78: 0 | P78: 1 | Q78: 0 | R78: 1 | S78: 1 | T78: 1 | U78: 1 | V78: 1 | W78: 0 | X78: 0 | Y78: 1 | Z78: 0 | AA78: 0 | AB78: 1 | AC78: 2 | AD78: =SUM(E78:AC78) -> 16
A79: B | B79: JUMLAH SUARA SAH PARTAI POLITIK DAN CALON (A1 + A2) | E79: =SUM(E69:E78) -> 31 | F79: =SUM(F69:F78) -> 19 | G79: =SUM(G69:G78) -> 16 | H79: =SUM(H69:H78) -> 43 | I79: =SUM(I69:I78) -> 44 | J79: =SUM(J69:J78) -> 57 | K79: =SUM(K69:K78) -> 39 | L79: =SUM(L69:L78) -> 17 | ... AD79: =SUM(AD69:AD78) -> 820
A81: A.1 | B81: 4. | C81: Partai Golongan Karya | E81: 6 | F81: 5 | G81: 0 | H81: 2 | I81: 3 | J81: 3 | K81: 4 | L81: 1 | M81: 1 | N81: 1 | O81: 3 | P81: 1 | Q81: 2 | R81: 4 | S81: 4 | T81: 8 | U81: 2 | V81: 3 | W81: 2 | X81: 0 | Y81: 3 | Z81: 5 | AA81: 2 | AB81: 4 | AC81: 5 | AD81: =SUM(E81:AC81) -> 74
A82: A.2 | C82: 1. PRANAYA YUDHA MAHARDHIKA | E82: 5 | F82: 0 | G82: 0 | H82: 5 | I82: 2 | J82: 7 | K82: 6 | L82: 0 | M82: 1 | N82: 1 | O82: 3 | P82: 1 | Q82: 3 | R82: 4 | S82: 4 | T82: 2 | U82: 68 | V82: 16 | W82: 39 | X82: 7 | Y82: 15 | Z82: 32 | AA82: 36 | AB82: 4 | AC82: 2 | AD82: =SUM(E82:AC82) -> 263
C83: 2. Dra. Ec. ENDANG SULASTUTY, M.I.P. | E83: 1 | F83: 0 | G83: 0 | H83: 0 | I83: 0 | J83: 1 | K83: 1 | L83: 1 | M83: 1 | N83: 1 | O83: 4 | P83: 3 | Q83: 0 | R83: 0 | S83: 1 | T83: 1 | U83: 0 | V83: 1 | W83: 0 | X83: 0 | Y83: 1 | Z83: 1 | AA83: 3 | AB83: 1 | AC83: 1 | AD83: =SUM(E83:AC83) -> 23
C84: 3. AGUS REJEKI WARTONO | E84: 2 | F84: 0 | G84: 1 | H84: 1 | I84: 1 | J84: 2 | K84: 1 | L84: 0 | M84: 0 | N84: 0 | O84: 3 | P84: 0 | Q84: 1 | R84: 1 | S84: 1 | T84: 2 | U84: 0 | V84: 0 | W84: 0 | X84: 1 | Y84: 1 | Z84: 3 | AA84: 2 | AB84: 2 | AC84: 1 | AD84: =SUM(E84:AC84) -> 26
C85: 4. Hj. TUTUK ASMA'A ZUCHROH, S.T., M.T. | E85: 0 | F85: 1 | G85: 1 | H85: 0 | I85: 0 | J85: 3 | K85: 0 | L85: 0 | M85: 2 | N85: 0 | O85: 0 | P85: 1 | Q85: 0 | R85: 2 | S85: 2 | T85: 0 | U85: 0 | V85: 1 | W85: 0 | X85: 0 | Y85: 1 | Z85: 1 | AA85: 0 | AB85: 0 | AC85: 3 | AD85: =SUM(E85:AC85) -> 18
C86: 5. ADE M. RIZKI, S.E. | E86: 0 | F86: 0 | G86: 0 | H86: 1 | I86: 0 | J86: 1 | K86: 0 | L86: 0 | M86: 0 | N86: 0 | O86: 0 | P86: 1 | Q86: 0 | R86: 0 | S86: 0 | T86: 0 | U86: 0 | V86: 1 | W86: 0 | X86: 0 | Y86: 1 | Z86: 1 | AA86: 2 | AB86: 2 | AC86: 0 | AD86: =SUM(E86:AC86) -> 10
C87: 6. ABDURAKHMAN, Bc.Kn. | E87: 0 | F87: 0 | G87: 0 | H87: 0 | I87: 0 | J87: 0 | K87: 1 | L87: 1 | M87: 0 | N87: 0 | O87: 1 | P87: 0 | Q87: 0 | R87: 0 | S87: 0 | T87: 0 | U87: 0 | V87: 0 | W87: 0 | X87: 0 | Y87: 0 | Z87: 0 | AA87: 1 | AB87: 1 | AC87: 0 | AD87: =SUM(E87:AC87) -> 5
C88: 7. CENDY RHIYAN ADI PUTRI | E88: 0 | F88: 0 | G88: 0 | H88: 0 | I88: 0 | J88: 0 | K88: 0 | L88: 0 | M88: 0 | N88: 0 | O88: 0 | P88: 0 | Q88: 0 | R88: 1 | S88: 2 | T88: 0 | U88: 0 | V88: 0 | W88: 0 | X88: 0 | Y88: 1 | Z88: 0 | AA88: 0 | AB88: 0 | AC88: 0 | AD88: =SUM(E88:AC88) -> 4
C89: 8. BAKTI WIJAYANTO, S.E. | E89: 0 | F89: 0 | G89: 0 | H89: 0 | I89: 0 | J89: 0 | K89: 0 | L89: 0 | M89: 0 | N89: 0 | O89: 0 | P89: 0 | Q89: 0 | R89: 0 | S89: 0 | T89: 0 | U89: 0 | V89: 0 | W89: 0 | X89: 0 | Y89: 0 | Z89: 0 | AA89: 0 | AB89: 0 | AC89: 0 | AD89: =SUM(E89:AC89) -> 0
C90: 9. AHMAD UBAIDILLAH | E90: 0 | F90: 0 | G90: 0 | H90: 0 | I90: 0 | J90: 0 | K90: 1 | L90: 1 | M90: 1 | N90: 0 | O90: 2 | P90: 2 | Q90: 1 | R90: 0 | S90: 3 | T90: 1 | U90: 0 | V90: 0 | W90: 0 | X90: 0 | Y90: 1 | Z90: 0 | AA90: 0 | AB90: 0 | AC90: 1 | AD90: =SUM(E90:AC90) -> 14
A91: B | B91: JUMLAH SUARA SAH PARTAI POLITIK DAN CALON (A1 + A2) | E91: =SUM(E81:E90) -> 14 | F91: =SUM(F81:F90) -> 6 | G91: =SUM(G81:G90) -> 2 | H91: =SUM(H81:H90) -> 9 | I91: =SUM(I81:I90) -> 6 | J91: =SUM(J81:J90) -> 17 | K91: =SUM(K81:K90) -> 14 | L91: =SUM(L81:L90) -> 4 | ... AD91: =SUM(AD81:AD90) -> 437
A93: A.1 | B93: 5. | C93: Partai NasDem | E93: 0 | F93: 0 | G93: 2 | H93: 1 | I93: 1 | J93: 0 | K93: 0 | L93: 0 | M93: 0 | N93: 0 | O93: 0 | P93: 0 | Q93: 0 | R93: 0 | S93: 1 | T93: 0 | U93: 0 | V93: 0 | W93: 0 | X93: 0 | Y93: 1 | Z93: 0 | AA93: 0 | AB93: 0 | AC93: 2 | AD93: =SUM(E93:AC93) -> 8
A94: A.2 | C94: 1. ALI MUSTOFA, A.Md. | E94: 0 | F94: 2 | G94: 1 | H94: 2 | I94: 2 | J94: 3 | K94: 0 | L94: 2 | M94: 1 | N94: 4 | O94: 2 | P94: 0 | Q94: 0 | R94: 2 | S94: 6 | T94: 1 | U94: 1 | V94: 4 | W94: 6 | X94: 1 | Y94: 2 | Z94: 3 | AA94: 3 | AB94: 0 | AC94: 5 | AD94: =SUM(E94:AC94) -> 53
C95: 2. Hj. BUAMI, S.H. | E95: 0 | F95: 0 | G95: 0 | H95: 0 | I95: 0 | J95: 0 | K95: 0 | L95: 0 | M95: 0 | N95: 0 | O95: 0 | P95: 2 | Q95: 0 | R95: 0 | S95: 0 | T95: 0 | U95: 0 | V95: 0 | W95: 0 | X95: 0 | Y95: 1 | Z95: 0 | AA95: 0 | AB95: 0 | AC95: 1 | AD95: =SUM(E95:AC95) -> 4
C96: 3. SUGIONO, S.H. | E96: 0 | F96: 0 | G96: 0 | H96: 1 | I96: 0 | J96: 0 | K96: 0 | L96: 0 | M96: 0 | N96: 0 | O96: 0 | P96: 0 | Q96: 0 | R96: 0 | S96: 0 | T96: 1 | U96: 0 | V96: 0 | W96: 0 | X96: 0 | Y96: 0 | Z96: 1 | AA96: 1 | AB96: 0 | AC96: 0 | AD96: =SUM(E96:AC96) -> 4
C97: 4. LULUK SUNARMIATININGSIH | E97: 0 | F97: 1 | G97: 0 | H97: 0 | I97: 0 | J97: 0 | K97: 0 | L97: 0 | M97: 0 | N97: 0 | O97: 0 | P97: 1 | Q97: 0 | R97: 0 | S97: 0 | T97: 0 | U97: 0 | V97: 0 | W97: 0 | X97: 0 | Y97: 1 | Z97: 0 | AA97: 0 | AB97: 1 | AC97: 0 | AD97: =SUM(E97:AC97) -> 4
C98: 5. ANTON DJULIANTO ADI | E98: 1 | F98: 0 | G98: 1 | H98: 0 | I98: 0 | J98: 0 | K98: 0 | L98: 0 | M98: 0 | N98: 0 | O98: 0 | P98: 0 | Q98: 0 | R98: 0 | S98: 0 | T98: 0 | U98: 0 | V98: 0 | W98: 0 | X98: 0 | Y98: 0 | Z98: 0 | AA98: 0 | AB98: 0 | AC98: 0 | AD98: =SUM(E98:AC98) -> 2
C99: 6. MOKHAMAD ROFI'I KHUSNAN | E99: 0 | F99: 0 | G99: 0 | H99: 0 | I99: 0 | J99: 0 | K99: 0 | L99: 0 | M99: 0 | N99: 0 | O99: 0 | P99: 0 | Q99: 0 | R99: 0 | S99: 0 | T99: 0 | U99: 0 | V99: 0 | W99: 0 | X99: 0 | Y99: 1 | Z99: 0 | AA99: 0 | AB99: 0 | AC99: 0 | AD99: =SUM(E99:AC99) -> 1
C100: 7. Rr SETYO WATI | E100: 0 | F100: 0 | G100: 0 | H100: 0 | I100: 0 | J100: 0 | K100: 1 | L100: 0 | M100: 0 | N100: 0 | O100: 0 | P100: 0 | Q100: 0 | R100: 0 | S100: 0 | T100: 0 | U100: 0 | V100: 0 | W100: 0 | X100: 0 | Y100: 0 | Z100: 0 | AA100: 0 | AB100: 0 | AC100: 1 | AD100: =SUM(E100:AC100) -> 2
C101: 8. ABD. KADIR ASSEGAFF | E101: 0 | F101: 0 | G101: 0 | H101: 0 | I101: 0 | J101: 0 | K101: 0 | L101: 0 | M101: 0 | N101: 0 | O101: 0 | P101: 0 | Q101: 0 | R101: 0 | S101: 0 | T101: 0 | U101: 0 | V101: 0 | W101: 0 | X101: 0 | Y101: 0 | Z101: 0 | AA101: 0 | AB101: 0 | AC101: 0 | AD101: =SUM(E101:AC101) -> 0
C102: 9. FATHOR ZAINULLAH | E102: 0 | F102: 0 | G102: 0 | H102: 0 | I102: 0 | J102: 0 | K102: 0 | L102: 0 | M102: 0 | N102: 0 | O102: 0 | P102: 0 | Q102: 1 | R102: 0 | S102: 0 | T102: 0 | U102: 0 | V102: 0 | W102: 0 | X102: 0 | Y102: 0 | Z102: 0 | AA102: 0 | AB102: 0 | AC102: 0 | AD102: =SUM(E102:AC102) -> 1
A103: B | B103: JUMLAH SUARA SAH PARTAI POLITIK DAN CALON (A1 + A2) | E103: =SUM(E93:E102) -> 1 | F103: =SUM(F93:F102) -> 3 | G103: =SUM(G93:G102) -> 4 | H103: =SUM(H93:H102) -> 4 | I103: =SUM(I93:I102) -> 3 | J103: =SUM(J93:J102) -> 3 | K103: =SUM(K93:K102) -> 1 | L103: =SUM(L93:L102) -> 2 | ... AD103: =SUM(AD93:AD102) -> 79
A105: A.1 | B105: 6. | C105: Partai Buruh | E105: 1 | F105: 0 | G105: 0 | H105: 2 | I105: 0 | J105: 0 | K105: 1 | L105: 0 | M105: 0 | N105: 0 | O105: 2 | P105: 0 | Q105: 0 | R105: 1 | S105: 0 | T105: 1 | U105: 0 | V105: 1 | W105: 0 | X105: 0 | Y105: 5 | Z105: 0 | AA105: 2 | AB105: 1 | AC105: 1 | AD105: =SUM(E105:AC105) -> 18
A106: A.2 | C106: 1. AGUS SUPRIYADI | E106: 1 | F106: 0 | G106: 0 | H106: 0 | I106: 0 | J106: 0 | K106: 1 | L106: 0 | M106: 0 | N106: 1 | O106: 0 | P106: 0 | Q106: 0 | R106: 0 | S106: 0 | T106: 0 | U106: 0 | V106: 0 | W106: 0 | X106: 1 | Y106: 1 | Z106: 1 | AA106: 0 | AB106: 0 | AC106: 1 | AD106: =SUM(E106:AC106) -> 7
C107: 2. ENI HARIATI | E107: 0 | F107: 0 | G107: 0 | H107: 0 | I107: 0 | J107: 1 | K107: 1 | L107: 0 | M107: 0 | N107: 1 | O107: 0 | P107: 0 | Q107: 0 | R107: 1 | S107: 0 | T107: 0 | U107: 0 | V107: 1 | W107: 0 | X107: 0 | Y107: 0 | Z107: 0 | AA107: 1 | AB107: 0 | AC107: 0 | AD107: =SUM(E107:AC107) -> 6
AD108: =SUM(E108:AC108) -> 0
AD109: =SUM(E109:AC109) -> 0
AD110: =SUM(E110:AC110) -> 0
AD111: =SUM(E111:AC111) -> 0
AD112: =SUM(E112:AC112) -> 0
AD113: =SUM(E113:AC113) -> 0
AD114: =SUM(E114:AC114) -> 0
A115: B | B115: JUMLAH SUARA SAH PARTAI POLITIK DAN CALON (A1 + A2) | E115: =SUM(E105:E114) -> 2 | F115: =SUM(F105:F114) -> 0 | G115: =SUM(G105:G114) -> 0 | H115: =SUM(H105:H114) -> 2 | I115: =SUM(I105:I114) -> 0 | J115: =SUM(J105:J114) -> 1 | K115: =SUM(K105:K114) -> 3 | L115: =SUM(L105:L114) -> 0 | ... AD115: =SUM(AD105:AD114) -> 31
A117: A.1 | B117: 7. | C117: Partai Gelombang Rakyat Indonesia | E117: 1 | F117: 1 | G117: 0 | H117: 1 | I117: 0 | J117: 0 | K117: 0 | L117: 0 | M117: 1 | N117: 0 | O117: 1 | P117: 1 | Q117: 2 | R117: 1 | S117: 0 | T117: 1 | U117: 0 | V117: 0 | W117: 2 | X117: 2 | Y117: 0 | Z117: 0 | AA117: 0 | AB117: 1 | AC117: 4 | AD117: =SUM(E117:AC117) -> 19
...

Sheet KEDUNGGEBANG
C2: Kecamatan | D2: TEGALDLIMO
C3: Kabupaten | D3: BANYUWANGI
C4: Provinsi | D4: JAWA TIMUR
C9: Kelurahan | D9: KEDUNGGEBANG
A12: I | B12: DATA PEMILIH DAN PENGGUNAAN HAK PILIH | AM12: JUMLAH AKHIR
A13: A | B13: DATA PEMILIH | E13: TPS 001 | F13: TPS 002 | G13: TPS 003 | H13: TPS 004 | I13: TPS 005 | J13: TPS 006 | K13: TPS 007 | L13: TPS 008 | M13: TPS 009 | N13: TPS 010 | O13: TPS 011 | P13: TPS 012 | Q13: TPS 013 | R13: TPS 014 | S13: TPS 015 | T13: TPS 016 | U13: TPS 017 | V13: TPS 018 | W13: TPS 019 | X13: TPS 020 | Y13: TPS 021 | Z13: TPS 022 | AA13: TPS 023 | AB13: TPS 024 | AC13: TPS 025 | AD13: TPS 026 | AE13: TPS 027 | AF13: TPS 028 | AG13: TPS 029 | AH13: TPS 030 | AI13: TPS 031 | AJ13: TPS 032 | AK13: TPS 033 | AL13: TPS 034
B14: Jumlah Pemilih dalam Daftar Pemilih Tetap (DPT) | D14: LK | E14: 147 | F14: 147 | G14: 137 | H14: 154 | I14: 140 | J14: 139 | K14: 139 | L14: 148 | M14: 144 | N14: 94 | O14: 105 | P14: 134 | Q14: 117 | R14: 130 | S14: 131 | T14: 129 | U14: 129 | V14: 132 | W14: 133 | X14: 139 | Y14: 138 | Z14: 131 | AA14: 122 | AB14: 144 | AC14: 132 | AD14: 127 | AE14: 129 | AF14: 127 | AG14: 121 | AH14: 119 | AI14: 131 | AJ14: 131 | AK14: 116 | AL14: 123 | AM14: =SUM(E14:AL14) -> 4459
D15: PR | E15: 140 | F15: 146 | G15: 149 | H15: 140 | I15: 140 | J15: 138 | K15: 124 | L15: 143 | M15: 143 | N15: 91 | O15: 91 | P15: 126 | Q15: 134 | R15: 126 | S15: 124 | T15: 124 | U15: 122 | V15: 124 | W15: 118 | X15: 125 | Y15: 116 | Z15: 118 | AA15: 120 | AB15: 123 | AC15: 128 | AD15: 138 | AE15: 122 | AF15: 133 | AG15: 121 | AH15: 129 | AI15: 128 | AJ15: 128 | AK15: 126 | AL15: 123 | AM15: =SUM(E15:AL15) -> 4321
D16: JML | E16: =SUM(E14:E15) -> 287 | F16: =SUM(F14:F15) -> 293 | G16: =SUM(G14:G15) -> 286 | H16: =SUM(H14:H15) -> 294 | I16: =SUM(I14:I15) -> 280 | J16: =SUM(J14:J15) -> 277 | K16: =SUM(K14:K15) -> 263 | L16: =SUM(L14:L15) -> 291 | ... AL16: =SUM(AL14:AL15) -> 246 | AM16: =SUM(E16:AL16) -> 8780
A18: B | B18: PENGGUNA HAK PILIH
B19: 1. | C19: Jumlah pengguna hak pilih dalam Daftar Pemilih Tetap (DPT) | D19: LK | E19: 106 | F19: 100 | G19: 99 | H19: 118 | I19: 107 | J19: 112 | K19: 112 | L19: 117 | M19: 104 | N19: 72 | O19: 71 | P19: 100 | Q19: 98 | R19: 110 | S19: 100 | T19: 101 | U19: 85 | V19: 112 | W19: 90 | X19: 112 | Y19: 111 | Z19: 96 | AA19: 92 | AB19: 112 | AC19: 102 | AD19: 89 | AE19: 101 | AF19: 96 | AG19: 90 | AH19: 97 | AI19: 93 | AJ19: 104 | AK19: 88 | AL19: 94 | AM19: =SUM(E19:AL19) -> 3391
D20: PR | E20: 118 | F20: 112 | G20: 110 | H20: 109 | I20: 124 | J20: 113 | K20: 108 | L20: 124 | M20: 110 | N20: 70 | O20: 64 | P20: 105 | Q20: 108 | R20: 102 | S20: 92 | T20: 108 | U20: 101 | V20: 103 | W20: 86 | X20: 110 | Y20: 94 | Z20: 95 | AA20: 99 | AB20: 102 | AC20: 109 | AD20: 113 | AE20: 101 | AF20: 115 | AG20: 104 | AH20: 106 | AI20: 102 | AJ20: 104 | AK20: 103 | AL20: 105 | AM20: =SUM(E20:AL20) -> 3529
D21: JML | E21: =SUM(E19:E20) -> 224 | F21: =SUM(F19:F20) -> 212 | G21: =SUM(G19:G20) -> 209 | H21: =SUM(H19:H20) -> 227 | I21: =SUM(I19:I20) -> 231 | J21: =SUM(J19:J20) -> 225 | K21: =SUM(K19:K20) -> 220 | L21: =SUM(L19:L20) -> 241 | ... AL21: =SUM(AL19:AL20) -> 199 | AM21: =SUM(E21:AL21) -> 6920
B22: 2. | C22: Jumlah pengguna hak pilih dalam Daftar Pemilih Tambahan (DPTb) | D22: LK | E22: 1 | F22: 0 | G22: 0 | H22: 1 | I22: 1 | J22: 0 | K22: 0 | L22: 0 | M22: 2 | N22: 0 | O22: 0 | P22: 0 | Q22: 0 | R22: 0 | S22: 0 | T22: 0 | U22: 0 | V22: 0 | W22: 0 | X22: 0 | Y22: 0 | Z22: 0 | AA22: 0 | AB22: 1 | AC22: 0 | AD22: 1 | AE22: 1 | AF22: 0 | AG22: 0 | AH22: 2 | AI22: 0 | AJ22: 0 | AK22: 0 | AL22: 0 | AM22: =SUM(E22:AL22) -> 10
D23: PR | E23: 0 | F23: 0 | G23: 1 | H23: 0 | I23: 0 | J23: 0 | K23: 0 | L23: 0 | M23: 1 | N23: 0 | O23: 1 | P23: 0 | Q23: 0 | R23: 1 | S23: 0 | T23: 1 | U23: 1 | V23: 0 | W23: 0 | X23: 0 | Y23: 0 | Z23: 0 | AA23: 0 | AB23: 1 | AC23: 0 | AD23: 1 | AE23: 0 | AF23: 0 | AG23: 0 | AH23: 1 | AI23: 0 | AJ23: 0 | AK23: 0 | AL23: 0 | AM23: =SUM(E23:AL23) -> 9
D24: JML | E24: =SUM(E22:E23) -> 1 | F24: =SUM(F22:F23) -> 0 | G24: =SUM(G22:G23) -> 1 | H24: =SUM(H22:H23) -> 1 | I24: =SUM(I22:I23) -> 1 | J24: =SUM(J22:J23) -> 0 | K24: =SUM(K22:K23) -> 0 | L24: =SUM(L22:L23) -> 0 | ... AL24: =SUM(AL22:AL23) -> 0 | AM24: =SUM(E24:AL24) -> 19
B25: 3. | C25: Jumlah pengguna hak pilih dalam Daftar Pemilih Khusus (DPK) | D25: LK | E25: 0 | F25: 1 | G25: 0 | H25: 0 | I25: 0 | J25: 0 | K25: 0 | L25: 4 | M25: 3 | N25: 0 | O25: 0 | P25: 0 | Q25: 0 | R25: 0 | S25: 1 | T25: 0 | U25: 1 | V25: 2 | W25: 0 | X25: 0 | Y25: 1 | Z25: 0 | AA25: 0 | AB25: 0 | AC25: 0 | AD25: 0 | AE25: 0 | AF25: 0 | AG25: 1 | AH25: 0 | AI25: 0 | AJ25: 0 | AK25: 0 | AL25: 0 | AM25: =SUM(E25:AL25) -> 14
D26: PR | E26: 0 | F26: 3 | G26: 0 | H26: 0 | I26: 0 | J26: 0 | K26: 0 | L26: 4 | M26: 2 | N26: 0 | O26: 0 | P26: 0 | Q26: 0 | R26: 0 | S26: 4 | T26: 0 | U26: 5 | V26: 4 | W26: 0 | X26: 0 | Y26: 1 | Z26: 0 | AA26: 0 | AB26: 0 | AC26: 0 | AD26: 0 | AE26: 0 | AF26: 0 | AG26: 2 | AH26: 0 | AI26: 0 | AJ26: 0 | AK26: 0 | AL26: 1 | AM26: =SUM(E26:AL26) -> 26
D27: JML | E27: =SUM(E25:E26) -> 0 | F27: =SUM(F25:F26) -> 4 | G27: =SUM(G25:G26) -> 0 | H27: =SUM(H25:H26) -> 0 | I27: =SUM(I25:I26) -> 0 | J27: =SUM(J25:J26) -> 0 | K27: =SUM(K25:K26) -> 0 | L27: =SUM(L25:L26) -> 8 | ... AL27: =SUM(AL25:AL26) -> 1 | AM27: =SUM(E27:AL27) -> 40
B28: 4. | C28: Jumlah Pengguna Hak Pilih (B.1+B.2+B.3) | D28: LK | E28: =SUM(E19,E22,E25) -> 107 | F28: =SUM(F19,F22,F25) -> 101 | G28: =SUM(G19,G22,G25) -> 99 | H28: =SUM(H19,H22,H25) -> 119 | I28: =SUM(I19,I22,I25) -> 108 | J28: =SUM(J19,J22,J25) -> 112 | K28: =SUM(K19,K22,K25) -> 112 | L28: =SUM(L19,L22,L25) -> 121 | ... AL28: =SUM(AL19,AL22,AL25) -> 94 | AM28: =SUM(E28:AL28) -> 3415
D29: PR | E29: =SUM(E20,E23,E26) -> 118 | F29: =SUM(F20,F23,F26) -> 115 | G29: =SUM(G20,G23,G26) -> 111 | H29: =SUM(H20,H23,H26) -> 109 | I29: =SUM(I20,I23,I26) -> 124 | J29: =SUM(J20,J23,J26) -> 113 | K29: =SUM(K20,K23,K26) -> 108 | L29: =SUM(L20,L23,L26) -> 128 | ... AL29: =SUM(AL20,AL23,AL26) -> 106 | AM29: =SUM(E29:AL29) -> 3564
D30: JML | E30: =SUM(E28:E29) -> 225 | F30: =SUM(F28:F29) -> 216 | G30: =SUM(G28:G29) -> 210 | H30: =SUM(H28:H29) -> 228 | I30: =SUM(I28:I29) -> 232 | J30: =SUM(J28:J29) -> 225 | K30: =SUM(K28:K29) -> 220 | L30: =SUM(L28:L29) -> 249 | ... AL30: =SUM(AL28:AL29) -> 200 | AM30: =SUM(E30:AL30) -> 6979
A32: II | B32: DATA PENGGUNAAN SURAT SUARA
A33: 1 | B33: Jumlah surat suara yang diterima, termasuk surat suara cadangan 2,5% dari DPT | E33: 289 | F33: 299 | G33: 282 | H33: 300 | I33: 286 | J33: 283 | K33: 269 | L33: 297 | M33: 293 | N33: 189 | O33: 225 | P33: 266 | Q33: 257 | R33: 262 | S33: 261 | T33: 257 | U33: 257 | V33: 262 | W33: 257 | X33: 270 | Y33: 260 | Z33: 254 | AA33: 247 | AB33: 270 | AC33: 266 | AD33: 271 | AE33: 257 | AF33: 266 | AG33: 247 | AH33: 253 | AI33: 265 | AJ33: 265 | AK33: 247 | AL33: 251 | AM33: =SUM(E33:AL33) -> 8980
A34: 2 | B34: Jumlah surat suara yang digunakan | E34: 225 | F34: 216 | G34: 210 | H34: 228 | I34: 232 | J34: 225 | K34: 220 | L34: 249 | M34: 222 | N34: 142 | O34: 136 | P34: 205 | Q34: 206 | R34: 213 | S34: 197 | T34: 210 | U34: 193 | V34: 221 | W34: 176 | X34: 222 | Y34: 207 | Z34: 191 | AA34: 191 | AB34: 216 | AC34: 211 | AD34: 204 | AE34: 203 | AF34: 211 | AG34: 197 | AH34: 206 | AI34: 195 | AJ34: 208 | AK34: 191 | AL34: 200 | AM34: =SUM(E34:AL34) -> 6979
A35: 3 | B35: Jumlah surat suara dikembalikan oleh pemilih (karena rusak atau keliru coblos) | E35: 0 | F35: 0 | G35: 0 | H35: 0 | I35: 0 | J35: 0 | K35: 0 | L35: 0 | M35: 1 | N35: 0 | O35: 0 | P35: 0 | Q35: 0 | R35: 0 | S35: 0 | T35: 0 | U35: 0 | V35: 0 | W35: 0 | X35: 0 | Y35: 1 | Z35: 0 | AA35: 0 | AB35: 0 | AC35: 0 | AD35: 0 | AE35: 0 | AF35: 0 | AG35: 24 | AH35: 0 | AI35: 0 | AJ35: 0 | AK35: 0 | AL35: 0 | AM35: =SUM(E35:AL35) -> 26
A36: 4 | B36: Jumlah surat suara yang tidak digunakan/tidak terpakai, termasuk sisa surat suara cadangan | E36: =E33-(E34+E35) -> 64 | F36: =F33-(F34+F35) -> 83 | G36: =G33-(G34+G35) -> 72 | H36: =H33-(H34+H35) -> 72 | I36: =I33-(I34+I35) -> 54 | J36: =J33-(J34+J35) -> 58 | K36: =K33-(K34+K35) -> 49 | L36: =L33-(L34+L35) -> 48 | ... AL36: =AL33-(AL34+AL35) -> 51 | AM36: =SUM(E36:AL36) -> 1975
A38: III | B38: DATA PEMILIH DISABILITAS
B39: Jumlah seluruh Pemilih disabilitas yang menggunakan hak pilih | D39: LK | E39: 0 | F39: 0 | G39: 0 | H39: 0 | I39: 0 | J39: 0 | K39: 0 | L39: 0 | M39: 0 | N39: 0 | O39: 0 | P39: 0 | Q39: 0 | R39: 0 | S39: 0 | T39: 0 | U39: 0 | V39: 0 | W39: 0 | X39: 0 | Y39: 0 | Z39: 0 | AA39: 0 | AB39: 0 | AC39: 0 | AD39: 0 | AE39: 0 | AF39: 0 | AG39: 0 | AH39: 0 | AI39: 0 | AJ39: 0 | AK39: 0 | AL39: 0 | AM39: =SUM(E39:AL39) -> 0
D40: PR | E40: 0 | F40: 0 | G40: 0 | H40: 0 | I40: 0 | J40: 0 | K40: 0 | L40: 0 | M40: 0 | N40: 0 | O40: 0 | P40: 0 | Q40: 0 | R40: 0 | S40: 0 | T40: 0 | U40: 0 | V40: 0 | W40: 0 | X40: 0 | Y40: 0 | Z40: 0 | AA40: 0 | AB40: 0 | AC40: 0 | AD40: 0 | AE40: 0 | AF40: 0 | AG40: 0 | AH40: 0 | AI40: 0 | AJ40: 0 | AK40: 0 | AL40: 0 | AM40: =SUM(E40:AL40) -> 0
D41: JML | E41: =SUM(E39:E40) -> 0 | F41: =SUM(F39:F40) -> 0 | G41: =SUM(G39:G40) -> 0 | H41: =SUM(H39:H40) -> 0 | I41: =SUM(I39:I40) -> 0 | J41: =SUM(J39:J40) -> 0 | K41: =SUM(K39:K40) -> 0 | L41: =SUM(L39:L40) -> 0 | ... AL41: =SUM(AL39:AL40) -> 0 | AM41: =SUM(E41:AL41) -> 0
A43: IV | B43: DATA RINCIAN PEROLEHAN SUARA PASANGAN CALON BUPATI DAN WAKIL BUPATI
A44: NOMOR DAN NAMA CALON
A45: A.1 | B45: 1. | C45: Partai Kebangkitan Bangsa | E45: 10 | F45: 17 | G45: 13 | H45: 13 | I45: 18 | J45: 28 | K45: 11 | L45: 18 | M45: 8 | N45: 14 | O45: 1 | P45: 5 | Q45: 5 | R45: 11 | S45: 6 | T45: 8 | U45: 7 | V45: 2 | W45: 2 | X45: 11 | Y45: 12 | Z45: 6 | AA45: 8 | AB45: 13 | AC45: 12 | AD45: 15 | AE45: 21 | AF45: 7 | AG45: 12 | AH45: 13 | AI45: 11 | AJ45: 9 | AK45: 8 | AL45: 6 | AM45: =SUM(E45:AL45) -> 361
A46: A.2 | C46: 1. Dra. Hj. MA`MULAH HARUN, M.Pd.I. | E46: 7 | F46: 9 | G46: 5 | H46: 11 | I46: 12 | J46: 11 | K46: 7 | L46: 16 | M46: 4 | N46: 1 | O46: 4 | P46: 6 | Q46: 5 | R46: 10 | S46: 3 | T46: 8 | U46: 4 | V46: 2 | W46: 16 | X46: 16 | Y46: 24 | Z46: 13 | AA46: 14 | AB46: 28 | AC46: 14 | AD46: 19 | AE46: 21 | AF46: 14 | AG46: 6 | AH46: 8 | AI46: 8 | AJ46: 7 | AK46: 6 | AL46: 19 | AM46: =SUM(E46:AL46) -> 358
C47: 2. UBAIDILLAH, S.Fil.I. | E47: 2 | F47: 5 | G47: 1 | H47: 4 | I47: 2 | J47: 5 | K47: 3 | L47: 5 | M47: 3 | N47: 2 | O47: 1 | P47: 2 | Q47: 0 | R47: 3 | S47: 1 | T47: 3 | U47: 2 | V47: 3 | W47: 2 | X47: 5 | Y47: 3 | Z47: 0 | AA47: 2 | AB47: 1 | AC47: 1 | AD47: 5 | AE47: 3 | AF47: 2 | AG47: 3 | AH47: 2 | AI47: 5 | AJ47: 4 | AK47: 5 | AL47: 3 | AM47: =SUM(E47:AL47) -> 93
C48: 3. Ir. H. YOYOK MULYADI, M.Si. | E48: 0 | F48: 0 | G48: 0 | H48: 2 | I48: 1 | J48: 0 | K48: 1 | L48: 0 | M48: 1 | N48: 0 | O48: 0 | P48: 0 | Q48: 1 | R48: 0 | S48: 0 | T48: 0 | U48: 2 | V48: 1 | W48: 1 | X48: 1 | Y48: 3 | Z48: 1 | AA48: 1 | AB48: 2 | AC48: 5 | AD48: 2 | AE48: 1 | AF48: 3 | AG48: 0 | AH48: 2 | AI48: 1 | AJ48: 0 | AK48: 3 | AL48: 1 | AM48: =SUM(E48:AL48) -> 36
C49: 4. KHOIRUL ANWAR, S.Fil.I. | E49: 0 | F49: 0 | G49: 0 | H49: 0 | I49: 2 | J49: 4 | K49: 3 | L49: 2 | M49: 3 | N49: 2 | O49: 0 | P49: 0 | Q49: 1 | R49: 1 | S49: 3 | T49: 1 | U49: 3 | V49: 0 | W49: 0 | X49: 0 | Y49: 9 | Z49: 0 | AA49: 1 | AB49: 0 | AC49: 1 | AD49: 4 | AE49: 3 | AF49: 0 | AG49: 0 | AH49: 4 | AI49: 0 | AJ49: 3 | AK49: 2 | AL49: 2 | AM49: =SUM(E49:AL49) -> 54
C50: 5. ARIF WIJAKSANA | E50: 1 | F50: 2 | G50: 0 | H50: 0 | I50: 2 | J50: 1 | K50: 0 | L50: 0 | M50: 1 | N50: 1 | O50: 0 | P50: 0 | Q50: 1 | R50: 0 | S50: 0 | T50: 0 | U50: 1 | V50: 1 | W50: 0 | X50: 3 | Y50: 0 | Z50: 1 | AA50: 1 | AB50: 2 | AC50: 1 | AD50: 2 | AE50: 1 | AF50: 3 | AG50: 1 | AH50: 2 | AI50: 0 | AJ50: 0 | AK50: 1 | AL50: 2 | AM50: =SUM(E50:AL50) -> 31
C51: 6. Dr. SITI YUMNAH | E51: 0 | F51: 0 | G51: 1 | H51: 1 | I51: 0 | J51: 0 | K51: 1 | L51: 3 | M51: 0 | N51: 0 | O51: 1 | P51: 1 | Q51: 0 | R51: 0 | S51: 0 | T51: 0 | U51: 0 | V51: 0 | W51: 0 | X51: 2 | Y51: 0 | Z51: 1 | AA51: 0 | AB51: 0 | AC51: 0 | AD51: 2 | AE51: 2 | AF51: 2 | AG51: 2 | AH51: 0 | AI51: 0 | AJ51: 0 | AK51: 0 | AL51: 1 | AM51: =SUM(E51:AL51) -> 20
C52: 7. MOHAMMAD ZAINI, M.Pd.I. | E52: 0 | F52: 1 | G52: 0 | H52: 1 | I52: 2 | J52: 1 | K52: 1 | L52: 3 | M52: 0 | N52: 1 | O52: 0 | P52: 2 | Q52: 0 | R52: 1 | S52: 1 | T52: 0 | U52: 0 | V52: 1 | W52: 0 | X52: 0 | Y52: 1 | Z52: 0 | AA52: 1 | AB52: 2 | AC52: 1 | AD52: 0 | AE52: 0 | AF52: 0 | AG52: 1 | AH52: 0 | AI52: 1 | AJ52: 0 | AK52: 0 | AL52: 0 | AM52: =SUM(E52:AL52) -> 22
C53: 8. FAWAIDUL MAKKIYAH | E53: 2 | F53: 0 | G53: 0 | H53: 0 | I53: 0 | J53: 1 | K53: 0 | L53: 0 | M53: 0 | N53: 0 | O53: 1 | P53: 0 | Q53: 0 | R53: 0 | S53: 0 | T53: 0 | U53: 0 | V53: 0 | W53: 0 | X53: 0 | Y53: 0 | Z53: 0 | AA53: 0 | AB53: 0 | AC53: 0 | AD53: 1 | AE53: 0 | AF53: 0 | AG53: 0 | AH53: 1 | AI53: 1 | AJ53: 0 | AK53: 0 | AL53: 0 | AM53: =SUM(E53:AL53) -> 7
C54: 9. IFFAH HIDAYATUR ROHMAH, S.Sos. | E54: 1 | F54: 0 | G54: 0 | H54: 0 | I54: 0 | J54: 2 | K54: 1 | L54: 0 | M54: 0 | N54: 0 | O54: 0 | P54: 0 | Q54: 0 | R54: 0 | S54: 0 | T54: 0 | U54: 1 | V54: 0 | W54: 1 | X54: 0 | Y54: 0 | Z54: 0 | AA54: 1 | AB54: 0 | AC54: 0 | AD54: 2 | AE54: 2 | AF54: 0 | AG54: 0 | AH54: 0 | AI54: 1 | AJ54: 0 | AK54: 0 | AL54: 0 | AM54: =SUM(E54:AL54) -> 12
A55: B | B55: JUMLAH SUARA SAH PARTAI POLITIK DAN CALON (A1 + A2) | E55: =SUM(E45:E54) -> 23 | F55: =SUM(F45:F54) -> 34 | G55: =SUM(G45:G54) -> 20 | H55: =SUM(H45:H54) -> 32 | I55: =SUM(I45:I54) -> 39 | J55: =SUM(J45:J54) -> 53 | K55: =SUM(K45:K54) -> 28 | L55: =SUM(L45:L54) -> 47 | ... AM55: =SUM(AM45:AM54) -> 994
A57: A.1 | B57: 2. | C57: Partai Gerakan Indonesia Raya | E57: 13 | F57: 11 | G57: 17 | H57: 15 | I57: 7 | J57: 7 | K57: 6 | L57: 7 | M57: 23 | N57: 9 | O57: 6 | P57: 6 | Q57: 3 | R57: 2 | S57: 11 | T57: 5 | U57: 5 | V57: 6 | W57: 4 | X57: 6 | Y57: 9 | Z57: 11 | AA57: 5 | AB57: 11 | AC57: 17 | AD57: 17 | AE57: 8 | AF57: 9 | AG57: 5 | AH57: 2 | AI57: 12 | AJ57: 4 | AK57: 6 | AL57: 6 | AM57: =SUM(E57:AL57) -> 291
A58: A.2 | C58: 1. AHMAD HADINUDDIN, S.Pd.I. | E58: 4 | F58: 4 | G58: 9 | H58: 4 | I58: 3 | J58: 11 | K58: 11 | L58: 23 | M58: 15 | N58: 3 | O58: 3 | P58: 1 | Q58: 2 | R58: 8 | S58: 2 | T58: 1 | U58: 7 | V58: 16 | W58: 4 | X58: 8 | Y58: 17 | Z58: 17 | AA58: 25 | AB58: 26 | AC58: 9 | AD58: 21 | AE58: 37 | AF58: 30 | AG58: 11 | AH58: 36 | AI58: 3 | AJ58: 14 | AK58: 29 | AL58: 36 | AM58: =SUM(E58:AL58) -> 450
C59: 2. BIMA RAFSANJANI RAFID | E59: 40 | F59: 15 | G59: 3 | H59: 0 | I59: 1 | J59: 5 | K59: 5 | L59: 12 | M59: 11 | N59: 5 | O59: 4 | P59: 12 | Q59: 6 | R59: 4 | S59: 10 | T59: 7 | U59: 5 | V59: 3 | W59: 2 | X59: 7 | Y59: 16 | Z59: 3 | AA59: 12 | AB59: 9 | AC59: 6 | AD59: 6 | AE59: 7 | AF59: 5 | AG59: 4 | AH59: 5 | AI59: 3 | AJ59: 8 | AK59: 4 | AL59: 7 | AM59: =SUM(E59:AL59) -> 252
C60: 3. IRA DAMAYANTI | E60: 3 | F60: 1 | G60: 6 | H60: 3 | I60: 1 | J60: 3 | K60: 2 | L60: 0 | M60: 0 | N60: 1 | O60: 2 | P60: 0 | Q60: 0 | R60: 1 | S60: 2 | T60: 0 | U60: 1 | V60: 2 | W60: 1 | X60: 2 | Y60: 4 | Z60: 1 | AA60: 3 | AB60: 1 | AC60: 3 | AD60: 2 | AE60: 0 | AF60: 2 | AG60: 3 | AH60: 1 | AI60: 0 | AJ60: 1 | AK60: 1 | AL60: 2 | AM60: =SUM(E60:AL60) -> 55
C61: 4. MAULANA MALIK IBRAHIM, S.H. | E61: 9 | F61: 9 | G61: 4 | H61: 37 | I61: 30 | J61: 28 | K61: 100 | L61: 30 | M61: 35 | N61: 1 | O61: 1 | P61: 6 | Q61: 3 | R61: 2 | S61: 1 | T61: 1 | U61: 11 | V61: 2 | W61: 9 | X61: 37 | Y61: 11 | Z61: 14 | AA61: 9 | AB61: 4 | AC61: 26 | AD61: 7 | AE61: 9 | AF61: 9 | AG61: 6 | AH61: 5 | AI61: 16 | AJ61: 36 | AK61: 31 | AL61: 18 | AM61: =SUM(E61:AL61) -> 557
C62: 5. LULUK ALFIATI | E62: 2 | F62: 1 | G62: 1 | H62: 1 | I62: 4 | J62: 0 | K62: 2 | L62: 0 | M62: 3 | N62: 0 | O62: 0 | P62: 0 | Q62: 1 | R62: 3 | S62: 3 | T62: 2 | U62: 2 | V62: 0 | W62: 0 | X62: 0 | Y62: 2 | Z62: 0 | AA62: 0 | AB62: 0 | AC62: 1 | AD62: 3 | AE62: 2 | AF62: 1 | AG62: 1 | AH62: 1 | AI62: 1 | AJ62: 0 | AK62: 2 | AL62: 0 | AM62: =SUM(E62:AL62) -> 39
C63: 6. ILHAM WAHYUDI, S.H. | E63: 2 | F63: 1 | G63: 0 | H63: 0 | I63: 1 | J63: 0 | K63: 0 | L63: 0 | M63: 0 | N63: 0 | O63: 0 | P63: 0 | Q63: 0 | R63: 0 | S63: 0 | T63: 1 | U63: 0 | V63: 0 | W63: 1 | X63: 0 | Y63: 0 | Z63: 0 | AA63: 1 | AB63: 0 | AC63: 0 | AD63: 0 | AE63: 0 | AF63: 2 | AG63: 1 | AH63: 0 | AI63: 0 | AJ63: 0 | AK63: 0 | AL63: 0 | AM63: =SUM(E63:AL63) -> 10
C64: 7. HAERUL ANWAR, S.Pd.I. | E64: 0 | F64: 0 | G64: 0 | H64: 0 | I64: 0 | J64: 0 | K64: 0 | L64: 0 | M64: 0 | N64: 0 | O64: 0 | P64: 1 | Q64: 0 | R64: 0 | S64: 0 | T64: 0 | U64: 0 | V64: 0 | W64: 0 | X64: 0 | Y64: 0 | Z64: 0 | AA64: 0 | AB64: 0 | AC64: 1 | AD64: 1 | AE64: 2 | AF64: 0 | AG64: 0 | AH64: 0 | AI64: 0 | AJ64: 1 | AK64: 0 | AL64: 1 | AM64: =SUM(E64:AL64) -> 7
C65: 8. YOVI ADHITYA WARDANI | E65: 0 | F65: 1 | G65: 0 | H65: 0 | I65: 1 | J65: 0 | K65: 0 | L65: 1 | M65: 0 | N65: 1 | O65: 1 | P65: 0 | Q65: 0 | R65: 0 | S65: 0 | T65: 0 | U65: 0 | V65: 0 | W65: 0 | X65: 0 | Y65: 0 | Z65: 0 | AA65: 0 | AB65: 0 | AC65: 0 | AD65: 0 | AE65: 0 | AF65: 0 | AG65: 0 | AH65: 0 | AI65: 0 | AJ65: 0 | AK65: 0 | AL65: 0 | AM65: =SUM(E65:AL65) -> 5
C66: 9. RITA AMELIA | E66: 0 | F66: 0 | G66: 1 | H66: 0 | I66: 0 | J66: 0 | K66: 1 | L66: 0 | M66: 0 | N66: 0 | O66: 1 | P66: 0 | Q66: 1 | R66: 0 | S66: 0 | T66: 0 | U66: 0 | V66: 1 | W66: 2 | X66: 0 | Y66: 0 | Z66: 0 | AA66: 0 | AB66: 0 | AC66: 0 | AD66: 0 | AE66: 1 | AF66: 0 | AG66: 1 | AH66: 0 | AI66: 0 | AJ66: 1 | AK66: 0 | AL66: 0 | AM66: =SUM(E66:AL66) -> 10
A67: B | B67: JUMLAH SUARA SAH PARTAI POLITIK DAN CALON (A1 + A2) | E67: =SUM(E57:E66) -> 73 | F67: =SUM(F57:F66) -> 43 | G67: =SUM(G57:G66) -> 41 | H67: =SUM(H57:H66) -> 60 | I67: =SUM(I57:I66) -> 48 | J67: =SUM(J57:J66) -> 54 | K67: =SUM(K57:K66) -> 127 | L67: =SUM(L57:L66) -> 73 | ... AM67: =SUM(AM57:AM66) -> 1676
A69: A.1 | B69: 3. | C69: Partai Demokrasi Indonesia Perjuangan | E69: 8 | F69: 10 | G69: 2 | H69: 5 | I69: 13 | J69: 14 | K69: 8 | L69: 17 | M69: 7 | N69: 5 | O69: 10 | P69: 6 | Q69: 5 | R69: 9 | S69: 8 | T69: 11 | U69: 3 | V69: 5 | W69: 5 | X69: 3 | Y69: 6 | Z69: 4 | AA69: 4 | AB69: 4 | AC69: 3 | AD69: 1 | AE69: 7 | AF69: 1 | AG69: 2 | AH69: 2 | AI69: 11 | AJ69: 2 | AK69: 2 | AL69: 2 | AM69: =SUM(E69:AL69) -> 205
A70: A.2 | C70: 1. MARTIN H., S.H., M.H. | E70: 8 | F70: 16 | G70: 41 | H70: 16 | I70: 4 | J70: 5 | K70: 1 | L70: 6 | M70: 5 | N70: 1 | O70: 6 | P70: 6 | Q70: 10 | R70: 1 | S70: 5 | T70: 10 | U70: 4 | V70: 5 | W70: 4 | X70: 4 | Y70: 1 | Z70: 3 | AA70: 2 | AB70: 2 | AC70: 8 | AD70: 3 | AE70: 0 | AF70: 2 | AG70: 3 | AH70: 1 | AI70: 1 | AJ70: 1 | AK70: 1 | AL70: 1 | AM70: =SUM(E70:AL70) -> 187
C71: 2. HERMANTO, S.E. | E71: 3 | F71: 5 | G71: 1 | H71: 1 | I71: 6 | J71: 1 | K71: 0 | L71: 4 | M71: 5 | N71: 10 | O71: 9 | P71: 18 | Q71: 5 | R71: 7 | S71: 12 | T71: 11 | U71: 3 | V71: 3 | W71: 3 | X71: 3 | Y71: 3 | Z71: 3 | AA71: 5 | AB71: 3 | AC71: 6 | AD71: 5 | AE71: 2 | AF71: 1 | AG71: 3 | AH71: 1 | AI71: 7 | AJ71: 3 | AK71: 1 | AL71: 2 | AM71: =SUM(E71:AL71) -> 155
C72: 3. EVY SUSILAWATI, S.E., M.M. | E72: 2 | F72: 1 | G72: 1 | H72: 1 | I72: 1 | J72: 7 | K72: 4 | L72: 3 | M72: 1 | N72: 3 | O72: 1 | P72: 1 | Q72: 6 | R72: 2 | S72: 1 | T72: 2 | U72: 2 | V72: 6 | W72: 1 | X72: 3 | Y72: 5 | Z72: 2 | AA72: 2 | AB72: 2 | AC72: 1 | AD72: 4 | AE72: 1 | AF72: 4 | AG72: 0 | AH72: 0 | AI72: 1 | AJ72: 2 | AK72: 0 | AL72: 1 | AM72: =SUM(E72:AL72) -> 74
C73: 4. M. SIROTTUDIN | E73: 2 | F73: 0 | G73: 0 | H73: 1 | I73: 2 | J73: 0 | K73: 0 | L73: 4 | M73: 4 | N73: 3 | O73: 0 | P73: 1 | Q73: 1 | R73: 1 | S73: 4 | T73: 4 | U73: 2 | V73: 2 | W73: 2 | X73: 1 | Y73: 1 | Z73: 3 | AA73: 0 | AB73: 2 | AC73: 4 | AD73: 1 | AE73: 2 | AF73: 0 | AG73: 1 | AH73: 1 | AI73: 5 | AJ73: 0 | AK73: 1 | AL73: 2 | AM73: =SUM(E73:AL73) -> 57
C74: 5. ABDUL HAFID, S.H. | E74: 1 | F74: 1 | G74: 0 | H74: 0 | I74: 1 | J74: 1 | K74: 0 | L74: 1 | M74: 0 | N74: 1 | O74: 1 | P74: 0 | Q74: 0 | R74: 1 | S74: 0 | T74: 1 | U74: 0 | V74: 0 | W74: 1 | X74: 0 | Y74: 4 | Z74: 0 | AA74: 0 | AB74: 0 | AC74: 1 | AD74: 0 | AE74: 2 | AF74: 2 | AG74: 1 | AH74: 0 | AI74: 0 | AJ74: 0 | AK74: 0 | AL74: 0 | AM74: =SUM(E74:AL74) -> 20
C75: 6. NIKITA FORTUNA SURYANINGATI, A.Md.Keb. | E75: 3 | F75: 0 | G75: 0 | H75: 1 | I75: 2 | J75: 0 | K75: 2 | L75: 0 | M75: 2 | N75: 0 | O75: 0 | P75: 0 | Q75: 0 | R75: 1 | S75: 3 | T75: 0 | U75: 0 | V75: 1 | W75: 0 | X75: 0 | Y75: 2 | Z75: 1 | AA75: 0 | AB75: 1 | AC75: 0 | AD75: 1 | AE75: 0 | AF75: 0 | AG75: 0 | AH75: 0 | AI75: 2 | AJ75: 0 | AK75: 0 | AL75: 0 | AM75: =SUM(E75:AL75) -> 22
C76: 7. YUDHO ILHAM WIJAYA, S.E. | E76: 0 | F76: 1 | G76: 2 | H76: 1 | I76: 0 | J76: 0 | K76: 1 | L76: 0 | M76: 0 | N76: 0 | O76: 0 | P76: 0 | Q76: 0 | R76: 0 | S76: 0 | T76: 3 | U76: 0 | V76: 0 | W76: 1 | X76: 0 | Y76: 0 | Z76: 0 | AA76: 1 | AB76: 0 | AC76: 1 | AD76: 0 | AE76: 0 | AF76: 0 | AG76: 1 | AH76: 0 | AI76: 2 | AJ76: 0 | AK76: 0 | AL76: 0 | AM76: =SUM(E76:AL76) -> 14
C77: 8. SETIAWATI, S.H. | E77: 0 | F77: 1 | G77: 0 | H77: 0 | I77: 0 | J77: 0 | K77: 0 | L77: 0 | M77: 0 | N77: 0 | O77: 0 | P77: 0 | Q77: 0 | R77: 0 | S77: 0 | T77: 0 | U77: 2 | V77: 0 | W77: 0 | X77: 0 | Y77: 0 | Z77: 2 | AA77: 0 | AB77: 0 | AC77: 1 | AD77: 0 | AE77: 0 | AF77: 0 | AG77: 0 | AH77: 0 | AI77: 0 | AJ77: 0 | AK77: 0 | AL77: 1 | AM77: =SUM(E77:AL77) -> 7
C78: 9. EKO BUDI SANTOSO, S.H. | E78: 1 | F78: 1 | G78: 0 | H78: 1 | I78: 1 | J78: 0 | K78: 1 | L78: 1 | M78: 2 | N78: 2 | O78: 0 | P78: 0 | Q78: 1 | R78: 0 | S78: 0 | T78: 2 | U78: 2 | V78: 1 | W78: 1 | X78: 0 | Y78: 1 | Z78: 1 | AA78: 0 | AB78: 2 | AC78: 0 | AD78: 0 | AE78: 1 | AF78: 0 | AG78: 0 | AH78: 1 | AI78: 0 | AJ78: 0 | AK78: 1 | AL78: 0 | AM78: =SUM(E78:AL78) -> 24
A79: B | B79: JUMLAH SUARA SAH PARTAI POLITIK DAN CALON (A1 + A2) | E79: =SUM(E69:E78) -> 28 | F79: =SUM(F69:F78) -> 36 | G79: =SUM(G69:G78) -> 47 | H79: =SUM(H69:H78) -> 27 | I79: =SUM(I69:I78) -> 30 | J79: =SUM(J69:J78) -> 28 | K79: =SUM(K69:K78) -> 17 | L79: =SUM(L69:L78) -> 36 | ... AM79: =SUM(AM69:AM78) -> 765
A81: A.1 | B81: 4. | C81: Partai Golongan Karya | E81: 2 | F81: 9 | G81: 1 | H81: 3 | I81: 4 | J81: 3 | K81: 1 | L81: 4 | M81: 4 | N81: 4 | O81: 5 | P81: 2 | Q81: 6 | R81: 3 | S81: 7 | T81: 9 | U81: 2 | V81: 6 | W81: 4 | X81: 2 | Y81: 4 | Z81: 1 | AA81: 1 | AB81: 1 | AC81: 1 | AD81: 0 | AE81: 3 | AF81: 3 | AG81: 4 | AH81: 1 | AI81: 0 | AJ81: 1 | AK81: 0 | AL81: 1 | AM81: =SUM(E81:AL81) -> 102
A82: A.2 | C82: 1. PRANAYA YUDHA MAHARDHIKA | E82: 0 | F82: 3 | G82: 3 | H82: 1 | I82: 1 | J82: 1 | K82: 1 | L82: 1 | M82: 0 | N82: 1 | O82: 4 | P82: 3 | Q82: 18 | R82: 6 | S82: 16 | T82: 30 | U82: 33 | V82: 40 | W82: 18 | X82: 8 | Y82: 0 | Z82: 1 | AA82: 4 | AB82: 1 | AC82: 4 | AD82: 1 | AE82: 4 | AF82: 6 | AG82: 8 | AH82: 29 | AI82: 4 | AJ82: 1 | AK82: 1 | AL82: 1 | AM82: =SUM(E82:AL82) -> 253
C83: 2. Dra. Ec. ENDANG SULASTUTY, M.I.P. | E83: 0 | F83: 0 | G83: 0 | H83: 0 | I83: 0 | J83: 0 | K83: 3 | L83: 0 | M83: 2 | N83: 1 | O83: 0 | P83: 1 | Q83: 2 | R83: 2 | S83: 3 | T83: 0 | U83: 1 | V83: 2 | W83: 0 | X83: 1 | Y83: 0 | Z83: 0 | AA83: 0 | AB83: 0 | AC83: 1 | AD83: 0 | AE83: 0 | AF83: 1 | AG83: 0 | AH83: 2 | AI83: 0 | AJ83: 2 | AK83: 1 | AL83: 0 | AM83: =SUM(E83:AL83) -> 25
C84: 3. AGUS REJEKI WARTONO | E84: 0 | F84: 0 | G84: 0 | H84: 0 | I84: 0 | J84: 0 | K84: 0 | L84: 0 | M84: 0 | N84: 2 | O84: 0 | P84: 0 | Q84: 1 | R84: 0 | S84: 1 | T84: 1 | U84: 0 | V84: 2 | W84: 1 | X84: 0 | Y84: 0 | Z84: 1 | AA84: 2 | AB84: 0 | AC84: 0 | AD84: 0 | AE84: 0 | AF84: 1 | AG84: 0 | AH84: 0 | AI84: 1 | AJ84: 1 | AK84: 1 | AL84: 0 | AM84: =SUM(E84:AL84) -> 15
C85: 4. Hj. TUTUK ASMA'A ZUCHROH, S.T., M.T. | E85: 1 | F85: 1 | G85: 1 | H85: 0 | I85: 0 | J85: 2 | K85: 1 | L85: 1 | M85: 0 | N85: 1 | O85: 0 | P85: 2 | Q85: 1 | R85: 2 | S85: 1 | T85: 1 | U85: 0 | V85: 1 | W85: 2 | X85: 0 | Y85: 1 | Z85: 0 | AA85: 0 | AB85: 0 | AC85: 1 | AD85: 0 | AE85: 0 | AF85: 0 | AG85: 1 | AH85: 0 | AI85: 0 | AJ85: 3 | AK85: 1 | AL85: 0 | AM85: =SUM(E85:AL85) -> 25
C86: 5. ADE M. RIZKI, S.E. | E86: 1 | F86: 3 | G86: 0 | H86: 5 | I86: 0 | J86: 0 | K86: 1 | L86: 14 | M86: 1 | N86: 0 | O86: 0 | P86: 0 | Q86: 0 | R86: 0 | S86: 1 | T86: 0 | U86: 0 | V86: 1 | W86: 0 | X86: 2 | Y86: 0 | Z86: 0 | AA86: 0 | AB86: 1 | AC86: 3 | AD86: 3 | AE86: 1 | AF86: 1 | AG86: 1 | AH86: 0 | AI86: 1 | AJ86: 1 | AK86: 0 | AL86: 0 | AM86: =SUM(E86:AL86) -> 41
C87: 6. ABDURAKHMAN, Bc.Kn. | E87: 0 | F87: 2 | G87: 0 | H87: 1 | I87: 0 | J87: 0 | K87: 1 | L87: 0 | M87: 0 | N87: 1 | O87: 0 | P87: 0 | Q87: 0 | R87: 0 | S87: 0 | T87: 0 | U87: 0 | V87: 0 | W87: 0 | X87: 0 | Y87: 0 | Z87: 0 | AA87: 0 | AB87: 0 | AC87: 0 | AD87: 0 | AE87: 0 | AF87: 0 | AG87: 1 | AH87: 0 | AI87: 0 | AJ87: 0 | AK87: 0 | AL87: 0 | AM87: =SUM(E87:AL87) -> 6
C88: 7. CENDY RHIYAN ADI PUTRI | E88: 0 | F88: 0 | G88: 0 | H88: 0 | I88: 0 | J88: 0 | K88: 0 | L88: 0 | M88: 0 | N88: 0 | O88: 0 | P88: 0 | Q88: 2 | R88: 0 | S88: 0 | T88: 0 | U88: 0 | V88: 0 | W88: 2 | X88: 0 | Y88: 0 | Z88: 0 | AA88: 0 | AB88: 0 | AC88: 0 | AD88: 0 | AE88: 0 | AF88: 0 | AG88: 1 | AH88: 0 | AI88: 0 | AJ88: 0 | AK88: 0 | AL88: 0 | AM88: =SUM(E88:AL88) -> 5
C89: 8. BAKTI WIJAYANTO, S.E. | E89: 0 | F89: 0 | G89: 0 | H89: 0 | I89: 0 | J89: 0 | K89: 0 | L89: 0 | M89: 0 | N89: 0 | O89: 0 | P89: 0 | Q89: 0 | R89: 0 | S89: 0 | T89: 0 | U89: 0 | V89: 0 | W89: 0 | X89: 0 | Y89: 1 | Z89: 0 | AA89: 1 | AB89: 1 | AC89: 0 | AD89: 0 | AE89: 0 | AF89: 0 | AG89: 0 | AH89: 0 | AI89: 0 | AJ89: 0 | AK89: 0 | AL89: 0 | AM89: =SUM(E89:AL89) -> 3
C90: 9. AHMAD UBAIDILLAH | E90: 1 | F90: 4 | G90: 0 | H90: 0 | I90: 0 | J90: 1 | K90: 3 | L90: 1 | M90: 1 | N90: 0 | O90: 1 | P90: 0 | Q90: 1 | R90: 0 | S90: 0 | T90: 0 | U90: 1 | V90: 0 | W90: 0 | X90: 0 | Y90: 1 | Z90: 0 | AA90: 2 | AB90: 4 | AC90: 0 | AD90: 1 | AE90: 1 | AF90: 0 | AG90: 1 | AH90: 0 | AI90: 0 | AJ90: 0 | AK90: 0 | AL90: 0 | AM90: =SUM(E90:AL90) -> 24
A91: B | B91: JUMLAH SUARA SAH PARTAI POLITIK DAN CALON (A1 + A2) | E91: =SUM(E81:E90) -> 5 | F91: =SUM(F81:F90) -> 22 | G91: =SUM(G81:G90) -> 5 | H91: =SUM(H81:H90) -> 10 | I91: =SUM(I81:I90) -> 5 | J91: =SUM(J81:J90) -> 7 | K91: =SUM(K81:K90) -> 11 | L91: =SUM(L81:L90) -> 21 | ... AM91: =SUM(AM81:AM90) -> 499
A93: A.1 | B93: 5. | C93: Partai NasDem | E93: 0 | F93: 1 | G93: 0 | H93: 1 | I93: 3 | J93: 5 | K93: 1 | L93: 0 | M93: 0 | N93: 0 | O93: 0 | P93: 1 | Q93: 0 | R93: 1 | S93: 0 | T93: 0 | U93: 1 | V93: 2 | W93: 1 | X93: 2 | Y93: 0 | Z93: 1 | AA93: 2 | AB93: 4 | AC93: 1 | AD93: 1 | AE93: 1 | AF93: 0 | AG93: 4 | AH93: 0 | AI93: 0 | AJ93: 3 | AK93: 4 | AL93: 1 | AM93: =SUM(E93:AL93) -> 41
A94: A.2 | C94: 1. ALI MUSTOFA, A.Md. | E94: 7 | F94: 6 | G94: 3 | H94: 9 | I94: 17 | J94: 18 | K94: 7 | L94: 11 | M94: 1 | N94: 4 | O94: 4 | P94: 10 | Q94: 3 | R94: 2 | S94: 3 | T94: 1 | U94: 2 | V94: 26 | W94: 13 | X94: 16 | Y94: 16 | Z94: 23 | AA94: 26 | AB94: 19 | AC94: 17 | AD94: 9 | AE94: 7 | AF94: 7 | AG94: 6 | AH94: 5 | AI94: 10 | AJ94: 40 | AK94: 37 | AL94: 25 | AM94: =SUM(E94:AL94) -> 410
C95: 2. Hj. BUAMI, S.H. | E95: 0 | F95: 0 | G95: 0 | H95: 0 | I95: 0 | J95: 0 | K95: 0 | L95: 0 | M95: 0 | N95: 0 | O95: 0 | P95: 0 | Q95: 0 | R95: 0 | S95: 0 | T95: 0 | U95: 0 | V95: 0 | W95: 0 | X95: 0 | Y95: 0 | Z95: 0 | AA95: 0 | AB95: 0 | AC95: 0 | AD95: 0 | AE95: 0 | AF95: 0 | AG95: 0 | AH95: 1 | AI95: 0 | AJ95: 0 | AK95: 0 | AL95: 0 | AM95: =SUM(E95:AL95) -> 1
C96: 3. SUGIONO, S.H. | E96: 0 | F96: 0 | G96: 0 | H96: 0 | I96: 0 | J96: 2 | K96: 0 | L96: 0 | M96: 0 | N96: 0 | O96: 0 | P96: 0 | Q96: 3 | R96: 1 | S96: 0 | T96: 0 | U96: 0 | V96: 0 | W96: 1 | X96: 0 | Y96: 0 | Z96: 0 | AA96: 1 | AB96: 0 | AC96: 0 | AD96: 0 | AE96: 0 | AF96: 0 | AG96: 0 | AH96: 0 | AI96: 0 | AJ96: 0 | AK96: 0 | AL96: 0 | AM96: =SUM(E96:AL96) -> 8
C97: 4. LULUK SUNARMIATININGSIH | E97: 0 | F97: 0 | G97: 0 | H97: 1 | I97: 0 | J97: 0 | K97: 0 | L97: 0 | M97: 0 | N97: 0 | O97: 0 | P97: 0 | Q97: 2 | R97: 0 | S97: 0 | T97: 0 | U97: 0 | V97: 0 | W97: 0 | X97: 0 | Y97: 0 | Z97: 0 | AA97: 0 | AB97: 0 | AC97: 0 | AD97: 0 | AE97: 0 | AF97: 0 | AG97: 0 | AH97: 0 | AI97: 0 | AJ97: 0 | AK97: 0 | AL97: 0 | AM97: =SUM(E97:AL97) -> 3
C98: 5. ANTON DJULIANTO ADI | E98: 0 | F98: 0 | G98: 0 | H98: 0 | I98: 0 | J98: 0 | K98: 0 | L98: 0 | M98: 0 | N98: 0 | O98: 0 | P98: 0 | Q98: 0 | R98: 1 | S98: 0 | T98: 0 | U98: 1 | V98: 3 | W98: 1 | X98: 0 | Y98: 0 | Z98: 0 | AA98: 0 | AB98: 0 | AC98: 0 | AD98: 0 | AE98: 0 | AF98: 0 | AG98: 0 | AH98: 0 | AI98: 0 | AJ98: 0 | AK98: 0 | AL98: 0 | AM98: =SUM(E98:AL98) -> 6
C99: 6. MOKHAMAD ROFI'I KHUSNAN | E99: 0 | F99: 0 | G99: 0 | H99: 0 | I99: 0 | J99: 0 | K99: 0 | L99: 1 | M99: 0 | N99: 0 | O99: 0 | P99: 0 | Q99: 0 | R99: 0 | S99: 0 | T99: 0 | U99: 0 | V99: 0 | W99: 0 | X99: 0 | Y99: 0 | Z99: 0 | AA99: 0 | AB99: 0 | AC99: 0 | AD99: 0 | AE99: 0 | AF99: 0 | AG99: 0 | AH99: 0 | AI99: 0 | AJ99: 0 | AK99: 0 | AL99: 1 | AM99: =SUM(E99:AL99) -> 2
C100: 7. Rr SETYO WATI | E100: 0 | F100: 0 | G100: 0 | H100: 0 | I100: 0 | J100: 0 | K100: 0 | L100: 0 | M100: 0 | N100: 0 | O100: 0 | P100: 0 | Q100: 0 | R100: 1 | S100: 0 | T100: 0 | U100: 0 | V100: 0 | W100: 0 | X100: 0 | Y100: 0 | Z100: 0 | AA100: 0 | AB100: 0 | AC100: 0 | AD100: 0 | AE100: 0 | AF100: 0 | AG100: 0 | AH100: 0 | AI100: 0 | AJ100: 0 | AK100: 0 | AL100: 0 | AM100: =SUM(E100:AL100) -> 1
C101: 8. ABD. KADIR ASSEGAFF | E101: 0 | F101: 0 | G101: 0 | H101: 0 | I101: 0 | J101: 0 | K101: 0 | L101: 0 | M101: 0 | N101: 0 | O101: 0 | P101: 0 | Q101: 1 | R101: 0 | S101: 0 | T101: 0 | U101: 0 | V101: 0 | W101: 1 | X101: 0 | Y101: 0 | Z101: 0 | AA101: 0 | AB101: 0 | AC101: 0 | AD101: 0 | AE101: 0 | AF101: 0 | AG101: 0 | AH101: 0 | AI101: 0 | AJ101: 0 | AK101: 0 | AL101: 0 | AM101: =SUM(E101:AL101) -> 2
C102: 9. FATHOR ZAINULLAH | E102: 0 | F102: 0 | G102: 0 | H102: 0 | I102: 0 | J102: 0 | K102: 0 | L102: 0 | M102: 0 | N102: 0 | O102: 0 | P102: 0 | Q102: 0 | R102: 0 | S102: 0 | T102: 0 | U102: 0 | V102: 0 | W102: 0 | X102: 0 | Y102: 0 | Z102: 1 | AA102: 0 | AB102: 0 | AC102: 0 | AD102: 0 | AE102: 0 | AF102: 0 | AG102: 0 | AH102: 0 | AI102: 0 | AJ102: 0 | AK102: 0 | AL102: 0 | AM102: =SUM(E102:AL102) -> 1
A103: B | B103: JUMLAH SUARA SAH PARTAI POLITIK DAN CALON (A1 + A2) | E103: =SUM(E93:E102) -> 7 | F103: =SUM(F93:F102) -> 7 | G103: =SUM(G93:G102) -> 3 | H103: =SUM(H93:H102) -> 11 | I103: =SUM(I93:I102) -> 20 | J103: =SUM(J93:J102) -> 25 | K103: =SUM(K93:K102) -> 8 | L103: =SUM(L93:L102) -> 12 | ... AM103: =SUM(AM93:AM102) -> 475
A105: A.1 | B105: 6. | C105: Partai Buruh | E105: 2 | F105: 0 | G105: 0 | H105: 0 | I105: 0 | J105: 0 | K105: 0 | L105: 0 | M105: 0 | N105: 0 | O105: 0 | P105: 0 | Q105: 0 | R105: 0 | S105: 0 | T105: 2 | U105: 0 | V105: 1 | W105: 0 | X105: 0 | Y105: 0 | Z105: 0 | AA105: 0 | AB105: 0 | AC105: 0 | AD105: 1 | AE105: 0 | AF105: 1 | AG105: 0 | AH105: 0 | AI105: 1 | AJ105: 1 | AK105: 4 | AL105: 1 | AM105: =SUM(E105:AL105) -> 14
A106: A.2 | C106: 1. AGUS SUPRIYADI | E106: 0 | F106: 0 | G106: 0 | H106: 0 | I106: 0 | J106: 0 | K106: 1 | L106: 0 | M106: 0 | N106: 0 | O106: 0 | P106: 0 | Q106: 1 | R106: 0 | S106: 1 | T106: 0 | U106: 0 | V106: 0 | W106: 0 | X106: 1 | Y106: 1 | Z106: 2 | AA106: 0 | AB106: 0 | AC106: 0 | AD106: 0 | AE106: 0 | AF106: 0 | AG106: 1 | AH106: 0 | AI106: 1 | AJ106: 0 | AK106: 0 | AL106: 0 | AM106: =SUM(E106:AL106) -> 9
C107: 2. ENI HARIATI | E107: 0 | F107: 0 | G107: 0 | H107: 0 | I107: 0 | J107: 0 | K107: 0 | L107: 1 | M107: 0 | N107: 0 | O107: 0 | P107: 0 | Q107: 0 | R107: 0 | S107: 0 | T107: 0 | U107: 0 | V107: 0 | W107: 0 | X107: 0 | Y107: 0 | Z107: 0 | AA107: 0 | AB107: 0 | AC107: 0 | AD107: 0 | AE107: 0 | AF107: 0 | AG107: 0 | AH107: 0 | AI107: 0 | AJ107: 0 | AK107: 0 | AL107: 0 | AM107: =SUM(E107:AL107) -> 1
AM108: =SUM(E108:AL108) -> 0
AM109: =SUM(E109:AL109) -> 0
AM110: =SUM(E110:AL110) -> 0
AM111: =SUM(E111:AL111) -> 0
AM112: =SUM(E112:AL112) -> 0
AM113: =SUM(E113:AL113) -> 0
AM114: =SUM(E114:AL114) -> 0
A115: B | B115: JUMLAH SUARA SAH PARTAI POLITIK DAN CALON (A1 + A2) | E115: =SUM(E105:E114) -> 2 | F115: =SUM(F105:F114) -> 0 | G115: =SUM(G105:G114) -> 0 | H115: =SUM(H105:H114) -> 0 | I115: =SUM(I105:I114) -> 0 | J115: =SUM(J105:J114) -> 0 | K115: =SUM(K105:K114) -> 1 | L115: =SUM(L105:L114) -> 1 | ... AM115: =SUM(AM105:AM114) -> 24
A117: A.1 | B117: 7. | C117: Partai Gelombang Rakyat Indonesia | E117: 1 | F117: 1 | G117: 1 | H117: 0 | I117: 1 | J117: 0 | K117: 0 | L117: 0 | M117: 0 | N117: 0 | O117: 0 | P117: 0 | Q117: 1 | R117: 1 | S117: 0 | T117: 0 | U117: 1 | V117: 0 | W117: 0 | X117: 0 | Y117: 0 | Z117: 0 | AA117: 0 | AB117: 0 | AC117: 0 | AD117: 0 | AE117: 0 | AF117: 1 | AG117: 1 | AH117: 0 | AI117: 1 | AJ117: 1 | AK117: 1 | AL117: 0 | AM117: =SUM(E117:AL117) -> 12
...

Sheet KEDUNGWUNGU
C2: Kecamatan | D2: TEGALDLIMO
C3: Kabupaten | D3: BANYUWANGI
C4: Provinsi | D4: JAWA TIMUR
C9: Kelurahan | D9: KEDUNGWUNGU
A12: I | B12: DATA PEMILIH DAN PENGGUNAAN HAK PILIH | AF12: JUMLAH AKHIR
A13: A | B13: DATA PEMILIH | E13: TPS 001 | F13: TPS 002 | G13: TPS 003 | H13: TPS 004 | I13: TPS 005 | J13: TPS 006 | K13: TPS 007 | L13: TPS 008 | M13: TPS 009 | N13: TPS 010 | O13: TPS 011 | P13: TPS 012 | Q13: TPS 013 | R13: TPS 014 | S13: TPS 015 | T13: TPS 016 | U13: TPS 017 | V13: TPS 018 | W13: TPS 019 | X13: TPS 020 | Y13: TPS 021 | Z13: TPS 022 | AA13: TPS 023 | AB13: TPS 024 | AC13: TPS 025 | AD13: TPS 026 | AE13: TPS 027
B14: Jumlah Pemilih dalam Daftar Pemilih Tetap (DPT) | D14: LK | E14: 121 | F14: 121 | G14: 145 | H14: 129 | I14: 120 | J14: 134 | K14: 117 | L14: 139 | M14: 91 | N14: 126 | O14: 144 | P14: 132 | Q14: 104 | R14: 147 | S14: 143 | T14: 146 | U14: 136 | V14: 143 | W14: 118 | X14: 145 | Y14: 139 | Z14: 141 | AA14: 140 | AB14: 154 | AC14: 149 | AD14: 104 | AE14: 104 | AF14: =SUM(E14:AE14) -> 3532
D15: PR | E15: 121 | F15: 125 | G15: 132 | H15: 131 | I15: 128 | J15: 123 | K15: 130 | L15: 139 | M15: 97 | N15: 125 | O15: 137 | P15: 135 | Q15: 113 | R15: 119 | S15: 138 | T15: 141 | U15: 145 | V15: 143 | W15: 104 | X15: 133 | Y15: 143 | Z15: 145 | AA15: 140 | AB15: 139 | AC15: 144 | AD15: 104 | AE15: 119 | AF15: =SUM(E15:AE15) -> 3493
D16: JML | E16: =SUM(E14:E15) -> 242 | F16: =SUM(F14:F15) -> 246 | G16: =SUM(G14:G15) -> 277 | H16: =SUM(H14:H15) -> 260 | I16: =SUM(I14:I15) -> 248 | J16: =SUM(J14:J15) -> 257 | K16: =SUM(K14:K15) -> 247 | L16: =SUM(L14:L15) -> 278 | ... AE16: =SUM(AE14:AE15) -> 223 | AF16: =SUM(E16:AE16) -> 7025
A18: B | B18: PENGGUNA HAK PILIH
B19: 1. | C19: Jumlah pengguna hak pilih dalam Daftar Pemilih Tetap (DPT) | D19: LK | E19: 83 | F19: 95 | G19: 107 | H19: 104 | I19: 95 | J19: 106 | K19: 100 | L19: 98 | M19: 78 | N19: 103 | O19: 102 | P19: 102 | Q19: 92 | R19: 128 | S19: 113 | T19: 108 | U19: 119 | V19: 104 | W19: 77 | X19: 106 | Y19: 102 | Z19: 107 | AA19: 106 | AB19: 123 | AC19: 115 | AD19: 69 | AE19: 79 | AF19: =SUM(E19:AE19) -> 2721
D20: PR | E20: 93 | F20: 97 | G20: 108 | H20: 113 | I20: 96 | J20: 99 | K20: 113 | L20: 108 | M20: 80 | N20: 97 | O20: 122 | P20: 111 | Q20: 99 | R20: 104 | S20: 112 | T20: 105 | U20: 124 | V20: 114 | W20: 73 | X20: 99 | Y20: 110 | Z20: 118 | AA20: 110 | AB20: 106 | AC20: 103 | AD20: 68 | AE20: 94 | AF20: =SUM(E20:AE20) -> 2776
D21: JML | E21: =SUM(E19:E20) -> 176 | F21: =SUM(F19:F20) -> 192 | G21: =SUM(G19:G20) -> 215 | H21: =SUM(H19:H20) -> 217 | I21: =SUM(I19:I20) -> 191 | J21: =SUM(J19:J20) -> 205 | K21: =SUM(K19:K20) -> 213 | L21: =SUM(L19:L20) -> 206 | ... AE21: =SUM(AE19:AE20) -> 173 | AF21: =SUM(E21:AE21) -> 5497
B22: 2. | C22: Jumlah pengguna hak pilih dalam Daftar Pemilih Tambahan (DPTb) | D22: LK | E22: 0 | F22: 0 | G22: 0 | H22: 0 | I22: 0 | J22: 0 | K22: 0 | L22: 0 | M22: 0 | N22: 0 | O22: 0 | P22: 0 | Q22: 0 | R22: 0 | S22: 0 | T22: 0 | U22: 0 | V22: 0 | W22: 0 | X22: 0 | Y22: 0 | Z22: 0 | AA22: 1 | AB22: 0 | AC22: 0 | AD22: 0 | AE22: 0 | AF22: =SUM(E22:AE22) -> 1
D23: PR | E23: 0 | F23: 0 | G23: 0 | H23: 0 | I23: 0 | J23: 0 | K23: 0 | L23: 0 | M23: 0 | N23: 0 | O23: 0 | P23: 0 | Q23: 0 | R23: 0 | S23: 0 | T23: 0 | U23: 0 | V23: 0 | W23: 0 | X23: 0 | Y23: 0 | Z23: 0 | AA23: 0 | AB23: 0 | AC23: 0 | AD23: 0 | AE23: 0 | AF23: =SUM(E23:AE23) -> 0
D24: JML | E24: =SUM(E22:E23) -> 0 | F24: =SUM(F22:F23) -> 0 | G24: =SUM(G22:G23) -> 0 | H24: =SUM(H22:H23) -> 0 | I24: =SUM(I22:I23) -> 0 | J24: =SUM(J22:J23) -> 0 | K24: =SUM(K22:K23) -> 0 | L24: =SUM(L22:L23) -> 0 | ... AE24: =SUM(AE22:AE23) -> 0 | AF24: =SUM(E24:AE24) -> 1
B25: 3. | C25: Jumlah pengguna hak pilih dalam Daftar Pemilih Khusus (DPK) | D25: LK | E25: 0 | F25: 0 | G25: 0 | H25: 0 | I25: 0 | J25: 0 | K25: 0 | L25: 0 | M25: 0 | N25: 0 | O25: 0 | P25: 0 | Q25: 0 | R25: 0 | S25: 0 | T25: 0 | U25: 0 | V25: 0 | W25: 0 | X25: 0 | Y25: 0 | Z25: 0 | AA25: 0 | AB25: 0 | AC25: 0 | AD25: 0 | AE25: 0 | AF25: =SUM(E25:AE25) -> 0
D26: PR | E26: 0 | F26: 0 | G26: 0 | H26: 0 | I26: 0 | J26: 0 | K26: 0 | L26: 0 | M26: 0 | N26: 0 | O26: 0 | P26: 3 | Q26: 0 | R26: 0 | S26: 0 | T26: 0 | U26: 0 | V26: 0 | W26: 0 | X26: 0 | Y26: 0 | Z26: 0 | AA26: 0 | AB26: 0 | AC26: 0 | AD26: 0 | AE26: 0 | AF26: =SUM(E26:AE26) -> 3
D27: JML | E27: =SUM(E25:E26) -> 0 | F27: =SUM(F25:F26) -> 0 | G27: =SUM(G25:G26) -> 0 | H27: =SUM(H25:H26) -> 0 | I27: =SUM(I25:I26) -> 0 | J27: =SUM(J25:J26) -> 0 | K27: =SUM(K25:K26) -> 0 | L27: =SUM(L25:L26) -> 0 | ... AE27: =SUM(AE25:AE26) -> 0 | AF27: =SUM(E27:AE27) -> 3
B28: 4. | C28: Jumlah Pengguna Hak Pilih (B.1+B.2+B.3) | D28: LK | E28: =SUM(E19,E22,E25) -> 83 | F28: =SUM(F19,F22,F25) -> 95 | G28: =SUM(G19,G22,G25) -> 107 | H28: =SUM(H19,H22,H25) -> 104 | I28: =SUM(I19,I22,I25) -> 95 | J28: =SUM(J19,J22,J25) -> 106 | K28: =SUM(K19,K22,K25) -> 100 | L28: =SUM(L19,L22,L25) -> 98 | ... AE28: =SUM(AE19,AE22,AE25) -> 79 | AF28: =SUM(E28:AE28) -> 2722
D29: PR | E29: =SUM(E20,E23,E26) -> 93 | F29: =SUM(F20,F23,F26) -> 97 | G29: =SUM(G20,G23,G26) -> 108 | H29: =SUM(H20,H23,H26) -> 113 | I29: =SUM(I20,I23,I26) -> 96 | J29: =SUM(J20,J23,J26) -> 99 | K29: =SUM(K20,K23,K26) -> 113 | L29: =SUM(L20,L23,L26) -> 108 | ... AE29: =SUM(AE20,AE23,AE26) -> 94 | AF29: =SUM(E29:AE29) -> 2779
D30: JML | E30: =SUM(E28:E29) -> 176 | F30: =SUM(F28:F29) -> 192 | G30: =SUM(G28:G29) -> 215 | H30: =SUM(H28:H29) -> 217 | I30: =SUM(I28:I29) -> 191 | J30: =SUM(J28:J29) -> 205 | K30: =SUM(K28:K29) -> 213 | L30: =SUM(L28:L29) -> 206 | ... AE30: =SUM(AE28:AE29) -> 173 | AF30: =SUM(E30:AE30) -> 5501
A32: II | B32: DATA PENGGUNAAN SURAT SUARA
A33: 1 | B33: Jumlah surat suara yang diterima, termasuk surat suara cadangan 2,5% dari DPT | E33: 247 | F33: 251 | G33: 283 | H33: 266 | I33: 254 | J33: 263 | K33: 253 | L33: 284 | M33: 190 | N33: 256 | O33: 287 | P33: 268 | Q33: 222 | R33: 272 | S33: 286 | T33: 293 | U33: 287 | V33: 292 | W33: 227 | X33: 284 | Y33: 288 | Z33: 292 | AA33: 286 | AB33: 299 | AC33: 299 | AD33: 213 | AE33: 228 | AF33: =SUM(E33:AE33) -> 7170
A34: 2 | B34: Jumlah surat suara yang digunakan | E34: 176 | F34: 192 | G34: 215 | H34: 217 | I34: 191 | J34: 205 | K34: 213 | L34: 206 | M34: 158 | N34: 200 | O34: 224 | P34: 216 | Q34: 191 | R34: 232 | S34: 225 | T34: 213 | U34: 243 | V34: 218 | W34: 150 | X34: 205 | Y34: 212 | Z34: 225 | AA34: 217 | AB34: 229 | AC34: 218 | AD34: 137 | AE34: 173 | AF34: =SUM(E34:AE34) -> 5501
A35: 3 | B35: Jumlah surat suara dikembalikan oleh pemilih (karena rusak atau keliru coblos) | E35: 0 | F35: 0 | G35: 0 | H35: 0 | I35: 0 | J35: 0 | K35: 0 | L35: 0 | M35: 0 | N35: 5 | O35: 0 | P35: 0 | Q35: 0 | R35: 0 | S35: 0 | T35: 0 | U35: 0 | V35: 0 | W35: 0 | X35: 0 | Y35: 0 | Z35: 0 | AA35: 0 | AB35: 0 | AC35: 0 | AD35: 0 | AE35: 0 | AF35: =SUM(E35:AE35) -> 5
A36: 4 | B36: Jumlah surat suara yang tidak digunakan/tidak terpakai, termasuk sisa surat suara cadangan | E36: =E33-(E34+E35) -> 71 | F36: =F33-(F34+F35) -> 59 | G36: =G33-(G34+G35) -> 68 | H36: =H33-(H34+H35) -> 49 | I36: =I33-(I34+I35) -> 63 | J36: =J33-(J34+J35) -> 58 | K36: =K33-(K34+K35) -> 40 | L36: =L33-(L34+L35) -> 78 | ... AE36: =AE33-(AE34+AE35) -> 55 | AF36: =SUM(E36:AE36) -> 1664
A38: III | B38: DATA PEMILIH DISABILITAS
B39: Jumlah seluruh Pemilih disabilitas yang menggunakan hak pilih | D39: LK | E39: 0 | F39: 0 | G39: 0 | H39: 0 | I39: 0 | J39: 0 | K39: 0 | L39: 0 | M39: 0 | N39: 0 | O39: 2 | P39: 0 | Q39: 0 | R39: 0 | S39: 0 | T39: 0 | U39: 0 | V39: 0 | W39: 0 | X39: 0 | Y39: 0 | Z39: 0 | AA39: 0 | AB39: 0 | AC39: 0 | AD39: 0 | AE39: 0 | AF39: =SUM(E39:AE39) -> 2
D40: PR | E40: 0 | F40: 0 | G40: 0 | H40: 0 | I40: 0 | J40: 0 | K40: 0 | L40: 0 | M40: 0 | N40: 0 | O40: 0 | P40: 0 | Q40: 0 | R40: 0 | S40: 0 | T40: 0 | U40: 0 | V40: 0 | W40: 2 | X40: 0 | Y40: 0 | Z40: 0 | AA40: 0 | AB40: 0 | AC40: 0 | AD40: 0 | AE40: 0 | AF40: =SUM(E40:AE40) -> 2
D41: JML | E41: =SUM(E39:E40) -> 0 | F41: =SUM(F39:F40) -> 0 | G41: =SUM(G39:G40) -> 0 | H41: =SUM(H39:H40) -> 0 | I41: =SUM(I39:I40) -> 0 | J41: =SUM(J39:J40) -> 0 | K41: =SUM(K39:K40) -> 0 | L41: =SUM(L39:L40) -> 0 | ... AE41: =SUM(AE39:AE40) -> 0 | AF41: =SUM(E41:AE41) -> 4
A43: IV | B43: DATA RINCIAN PEROLEHAN SUARA PASANGAN CALON BUPATI DAN WAKIL BUPATI
A44: NOMOR DAN NAMA CALON
A45: A.1 | B45: 1. | C45: Partai Kebangkitan Bangsa | E45: 2 | F45: 4 | G45: 7 | H45: 6 | I45: 3 | J45: 2 | K45: 5 | L45: 12 | M45: 2 | N45: 8 | O45: 9 | P45: 2 | Q45: 0 | R45: 4 | S45: 3 | T45: 11 | U45: 7 | V45: 5 | W45: 6 | X45: 10 | Y45: 7 | Z45: 6 | AA45: 8 | AB45: 10 | AC45: 2 | AD45: 6 | AE45: 5 | AF45: =SUM(E45:AE45) -> 152
A46: A.2 | C46: 1. Dra. Hj. MA`MULAH HARUN, M.Pd.I. | E46: 1 | F46: 2 | G46: 16 | H46: 12 | I46: 6 | J46: 2 | K46: 27 | L46: 9 | M46: 2 | N46: 11 | O46: 12 | P46: 5 | Q46: 5 | R46: 7 | S46: 10 | T46: 11 | U46: 17 | V46: 12 | W46: 8 | X46: 9 | Y46: 2 | Z46: 13 | AA46: 21 | AB46: 21 | AC46: 8 | AD46: 13 | AE46: 8 | AF46: =SUM(E46:AE46) -> 270
C47: 2. UBAIDILLAH, S.Fil.I. | E47: 0 | F47: 1 | G47: 2 | H47: 2 | I47: 1 | J47: 0 | K47: 1 | L47: 1 | M47: 1 | N47: 2 | O47: 1 | P47: 0 | Q47: 1 | R47: 1 | S47: 3 | T47: 1 | U47: 6 | V47: 0 | W47: 1 | X47: 0 | Y47: 5 | Z47: 2 | AA47: 2 | AB47: 0 | AC47: 1 | AD47: 2 | AE47: 1 | AF47: =SUM(E47:AE47) -> 38
C48: 3. Ir. H. YOYOK MULYADI, M.Si. | E48: 2 | F48: 0 | G48: 0 | H48: 0 | I48: 0 | J48: 1 | K48: 0 | L48: 0 | M48: 0 | N48: 0 | O48: 0 | P48: 1 | Q48: 0 | R48: 2 | S48: 0 | T48: 1 | U48: 0 | V48: 1 | W48: 0 | X48: 0 | Y48: 1 | Z48: 0 | AA48: 0 | AB48: 1 | AC48: 0 | AD48: 1 | AE48: 0 | AF48: =SUM(E48:AE48) -> 11
C49: 4. KHOIRUL ANWAR, S.Fil.I. | E49: 1 | F49: 0 | G49: 2 | H49: 3 | I49: 0 | J49: 0 | K49: 4 | L49: 0 | M49: 1 | N49: 0 | O49: 1 | P49: 2 | Q49: 0 | R49: 0 | S49: 1 | T49: 0 | U49: 3 | V49: 1 | W49: 0 | X49: 2 | Y49: 0 | Z49: 2 | AA49: 0 | AB49: 4 | AC49: 2 | AD49: 1 | AE49: 1 | AF49: =SUM(E49:AE49) -> 31
C50: 5. ARIF WIJAKSANA | E50: 0 | F50: 1 | G50: 0 | H50: 0 | I50: 3 | J50: 5 | K50: 2 | L50: 1 | M50: 0 | N50: 0 | O50: 0 | P50: 0 | Q50: 0 | R50: 0 | S50: 0 | T50: 1 | U50: 0 | V50: 3 | W50: 0 | X50: 0 | Y50: 0 | Z50: 1 | AA50: 2 | AB50: 0 | AC50: 0 | AD50: 1 | AE50: 0 | AF50: =SUM(E50:AE50) -> 20
C51: 6. Dr. SITI YUMNAH | E51: 0 | F51: 0 | G51: 0 | H51: 0 | I51: 0 | J51: 0 | K51: 1 | L51: 0 | M51: 0 | N51: 0 | O51: 1 | P51: 0 | Q51: 0 | R51: 0 | S51: 1 | T51: 0 | U51: 0 | V51: 0 | W51: 0 | X51: 0 | Y51: 1 | Z51: 0 | AA51: 0 | AB51: 2 | AC51: 0 | AD51: 0 | AE51: 1 | AF51: =SUM(E51:AE51) -> 7
C52: 7. MOHAMMAD ZAINI, M.Pd.I. | E52: 0 | F52: 0 | G52: 0 | H52: 1 | I52: 0 | J52: 0 | K52: 0 | L52: 0 | M52: 0 | N52: 0 | O52: 0 | P52: 0 | Q52: 0 | R52: 1 | S52: 1 | T52: 0 | U52: 1 | V52: 0 | W52: 1 | X52: 1 | Y52: 0 | Z52: 0 | AA52: 1 | AB52: 1 | AC52: 1 | AD52: 0 | AE52: 0 | AF52: =SUM(E52:AE52) -> 9
C53: 8. FAWAIDUL MAKKIYAH | E53: 0 | F53: 0 | G53: 0 | H53: 0 | I53: 0 | J53: 0 | K53: 1 | L53: 0 | M53: 0 | N53: 0 | O53: 0 | P53: 0 | Q53: 0 | R53: 0 | S53: 0 | T53: 0 | U53: 1 | V53: 0 | W53: 0 | X53: 0 | Y53: 0 | Z53: 0 | AA53: 0 | AB53: 1 | AC53: 0 | AD53: 0 | AE53: 0 | AF53: =SUM(E53:AE53) -> 3
C54: 9. IFFAH HIDAYATUR ROHMAH, S.Sos. | E54: 0 | F54: 0 | G54: 0 | H54: 2 | I54: 0 | J54: 0 | K54: 1 | L54: 0 | M54: 0 | N54: 0 | O54: 0 | P54: 0 | Q54: 0 | R54: 1 | S54: 0 | T54: 1 | U54: 1 | V54: 0 | W54: 1 | X54: 2 | Y54: 1 | Z54: 0 | AA54: 1 | AB54: 1 | AC54: 1 | AD54: 0 | AE54: 0 | AF54: =SUM(E54:AE54) -> 13
A55: B | B55: JUMLAH SUARA SAH PARTAI POLITIK DAN CALON (A1 + A2) | E55: =SUM(E45:E54) -> 6 | F55: =SUM(F45:F54) -> 8 | G55: =SUM(G45:G54) -> 27 | H55: =SUM(H45:H54) -> 26 | I55: =SUM(I45:I54) -> 13 | J55: =SUM(J45:J54) -> 10 | K55: =SUM(K45:K54) -> 42 | L55: =SUM(L45:L54) -> 23 | ... AF55: =SUM(AF45:AF54) -> 554
A57: A.1 | B57: 2. | C57: Partai Gerakan Indonesia Raya | E57: 11 | F57: 9 | G57: 14 | H57: 10 | I57: 3 | J57: 8 | K57: 4 | L57: 3 | M57: 6 | N57: 8 | O57: 10 | P57: 5 | Q57: 2 | R57: 12 | S57: 6 | T57: 10 | U57: 8 | V57: 13 | W57: 9 | X57: 10 | Y57: 12 | Z57: 7 | AA57: 5 | AB57: 17 | AC57: 7 | AD57: 2 | AE57: 5 | AF57: =SUM(E57:AE57) -> 216
A58: A.2 | C58: 1. AHMAD HADINUDDIN, S.Pd.I. | E58: 21 | F58: 6 | G58: 8 | H58: 5 | I58: 2 | J58: 3 | K58: 5 | L58: 28 | M58: 3 | N58: 17 | O58: 65 | P58: 40 | Q58: 154 | R58: 108 | S58: 51 | T58: 27 | U58: 54 | V58: 78 | W58: 40 | X58: 43 | Y58: 36 | Z58: 88 | AA58: 70 | AB58: 34 | AC58: 92 | AD58: 25 | AE58: 66 | AF58: =SUM(E58:AE58) -> 1169
C59: 2. BIMA RAFSANJANI RAFID | E59: 1 | F59: 1 | G59: 5 | H59: 4 | I59: 3 | J59: 3 | K59: 0 | L59: 4 | M59: 1 | N59: 2 | O59: 0 | P59: 2 | Q59: 0 | R59: 9 | S59: 5 | T59: 4 | U59: 3 | V59: 1 | W59: 2 | X59: 1 | Y59: 8 | Z59: 0 | AA59: 1 | AB59: 2 | AC59: 5 | AD59: 0 | AE59: 2 | AF59: =SUM(E59:AE59) -> 69
C60: 3. IRA DAMAYANTI | E60: 3 | F60: 1 | G60: 0 | H60: 2 | I60: 1 | J60: 0 | K60: 2 | L60: 1 | M60: 0 | N60: 0 | O60: 2 | P60: 2 | Q60: 3 | R60: 1 | S60: 1 | T60: 2 | U60: 0 | V60: 0 | W60: 0 | X60: 1 | Y60: 2 | Z60: 2 | AA60: 0 | AB60: 2 | AC60: 0 | AD60: 0 | AE60: 1 | AF60: =SUM(E60:AE60) -> 29
C61: 4. MAULANA MALIK IBRAHIM, S.H. | E61: 1 | F61: 1 | G61: 7 | H61: 13 | I61: 1 | J61: 0 | K61: 5 | L61: 3 | M61: 2 | N61: 16 | O61: 4 | P61: 22 | Q61: 1 | R61: 3 | S61: 3 | T61: 0 | U61: 5 | V61: 1 | W61: 0 | X61: 1 | Y61: 2 | Z61: 2 | AA61: 1 | AB61: 2 | AC61: 2 | AD61: 1 | AE61: 2 | AF61: =SUM(E61:AE61) -> 101
C62: 5. LULUK ALFIATI | E62: 2 | F62: 1 | G62: 1 | H62: 1 | I62: 0 | J62: 0 | K62: 0 | L62: 0 | M62: 0 | N62: 1 | O62: 1 | P62: 1 | Q62: 0 | R62: 0 | S62: 1 | T62: 3 | U62: 0 | V62: 1 | W62: 0 | X62: 1 | Y62: 4 | Z62: 2 | AA62: 1 | AB62: 1 | AC62: 1 | AD62: 3 | AE62: 0 | AF62: =SUM(E62:AE62) -> 26
C63: 6. ILHAM WAHYUDI, S.H. | E63: 1 | F63: 0 | G63: 0 | H63: 0 | I63: 0 | J63: 0 | K63: 0 | L63: 0 | M63: 0 | N63: 2 | O63: 0 | P63: 0 | Q63: 0 | R63: 0 | S63: 0 | T63: 1 | U63: 1 | V63: 0 | W63: 0 | X63: 0 | Y63: 1 | Z63: 0 | AA63: 0 | AB63: 0 | AC63: 0 | AD63: 0 | AE63: 0 | AF63: =SUM(E63:AE63) -> 6
C64: 7. HAERUL ANWAR, S.Pd.I. | E64: 1 | F64: 0 | G64: 0 | H64: 0 | I64: 0 | J64: 0 | K64: 0 | L64: 1 | M64: 0 | N64: 0 | O64: 0 | P64: 0 | Q64: 0 | R64: 0 | S64: 3 | T64: 0 | U64: 0 | V64: 1 | W64: 0 | X64: 0 | Y64: 0 | Z64: 1 | AA64: 0 | AB64: 0 | AC64: 0 | AD64: 0 | AE64: 0 | AF64: =SUM(E64:AE64) -> 7
C65: 8. YOVI ADHITYA WARDANI | E65: 0 | F65: 1 | G65: 1 | H65: 0 | I65: 0 | J65: 0 | K65: 0 | L65: 0 | M65: 0 | N65: 0 | O65: 0 | P65: 0 | Q65: 0 | R65: 0 | S65: 0 | T65: 1 | U65: 0 | V65: 0 | W65: 0 | X65: 1 | Y65: 0 | Z65: 0 | AA65: 0 | AB65: 0 | AC65: 0 | AD65: 0 | AE65: 0 | AF65: =SUM(E65:AE65) -> 4
C66: 9. RITA AMELIA | E66: 0 | F66: 0 | G66: 0 | H66: 0 | I66: 0 | J66: 0 | K66: 1 | L66: 0 | M66: 0 | N66: 0 | O66: 1 | P66: 0 | Q66: 0 | R66: 0 | S66: 0 | T66: 0 | U66: 0 | V66: 0 | W66: 0 | X66: 0 | Y66: 1 | Z66: 0 | AA66: 0 | AB66: 0 | AC66: 0 | AD66: 0 | AE66: 0 | AF66: =SUM(E66:AE66) -> 3
A67: B | B67: JUMLAH SUARA SAH PARTAI POLITIK DAN CALON (A1 + A2) | E67: =SUM(E57:E66) -> 41 | F67: =SUM(F57:F66) -> 20 | G67: =SUM(G57:G66) -> 36 | H67: =SUM(H57:H66) -> 35 | I67: =SUM(I57:I66) -> 10 | J67: =SUM(J57:J66) -> 14 | K67: =SUM(K57:K66) -> 17 | L67: =SUM(L57:L66) -> 40 | ... AF67: =SUM(AF57:AF66) -> 1630
A69: A.1 | B69: 3. | C69: Partai Demokrasi Indonesia Perjuangan | E69: 14 | F69: 4 | G69: 7 | H69: 6 | I69: 6 | J69: 4 | K69: 2 | L69: 5 | M69: 0 | N69: 6 | O69: 9 | P69: 5 | Q69: 0 | R69: 1 | S69: 7 | T69: 2 | U69: 7 | V69: 6 | W69: 3 | X69: 6 | Y69: 17 | Z69: 5 | AA69: 5 | AB69: 10 | AC69: 7 | AD69: 6 | AE69: 5 | AF69: =SUM(E69:AE69) -> 155
A70: A.2 | C70: 1. MARTIN H., S.H., M.H. | E70: 4 | F70: 6 | G70: 1 | H70: 2 | I70: 1 | J70: 2 | K70: 2 | L70: 2 | M70: 2 | N70: 3 | O70: 2 | P70: 3 | Q70: 5 | R70: 4 | S70: 14 | T70: 1 | U70: 3 | V70: 2 | W70: 2 | X70: 3 | Y70: 10 | Z70: 4 | AA70: 2 | AB70: 4 | AC70: 3 | AD70: 3 | AE70: 3 | AF70: =SUM(E70:AE70) -> 93
C71: 2. HERMANTO, S.E. | E71: 6 | F71: 5 | G71: 0 | H71: 2 | I71: 16 | J71: 2 | K71: 4 | L71: 0 | M71: 0 | N71: 0 | O71: 2 | P71: 1 | Q71: 0 | R71: 1 | S71: 6 | T71: 2 | U71: 2 | V71: 2 | W71: 5 | X71: 2 | Y71: 4 | Z71: 1 | AA71: 1 | AB71: 5 | AC71: 6 | AD71: 2 | AE71: 3 | AF71: =SUM(E71:AE71) -> 80
C72: 3. EVY SUSILAWATI, S.E., M.M. | E72: 11 | F72: 7 | G72: 2 | H72: 3 | I72: 0 | J72: 0 | K72: 0 | L72: 0 | M72: 0 | N72: 1 | O72: 7 | P72: 0 | Q72: 0 | R72: 6 | S72: 7 | T72: 7 | U72: 3 | V72: 2 | W72: 6 | X72: 3 | Y72: 5 | Z72: 0 | AA72: 0 | AB72: 3 | AC72: 2 | AD72: 2 | AE72: 2 | AF72: =SUM(E72:AE72) -> 79
C73: 4. M. SIROTTUDIN | E73: 6 | F73: 1 | G73: 0 | H73: 4 | I73: 0 | J73: 1 | K73: 1 | L73: 0 | M73: 0 | N73: 3 | O73: 0 | P73: 0 | Q73: 0 | R73: 2 | S73: 10 | T73: 2 | U73: 3 | V73: 6 | W73: 7 | X73: 3 | Y73: 5 | Z73: 0 | AA73: 3 | AB73: 3 | AC73: 3 | AD73: 1 | AE73: 1 | AF73: =SUM(E73:AE73) -> 65
C74: 5. ABDUL HAFID, S.H. | E74: 2 | F74: 1 | G74: 3 | H74: 1 | I74: 1 | J74: 1 | K74: 0 | L74: 0 | M74: 0 | N74: 1 | O74: 1 | P74: 2 | Q74: 1 | R74: 0 | S74: 2 | T74: 2 | U74: 1 | V74: 0 | W74: 2 | X74: 0 | Y74: 1 | Z74: 3 | AA74: 1 | AB74: 1 | AC74: 1 | AD74: 0 | AE74: 1 | AF74: =SUM(E74:AE74) -> 29
C75: 6. NIKITA FORTUNA SURYANINGATI, A.Md.Keb. | E75: 2 | F75: 1 | G75: 1 | H75: 1 | I75: 0 | J75: 1 | K75: 0 | L75: 0 | M75: 1 | N75: 0 | O75: 1 | P75: 2 | Q75: 1 | R75: 2 | S75: 0 | T75: 2 | U75: 1 | V75: 0 | W75: 2 | X75: 1 | Y75: 0 | Z75: 2 | AA75: 0 | AB75: 1 | AC75: 0 | AD75: 1 | AE75: 2 | AF75: =SUM(E75:AE75) -> 25
C76: 7. YUDHO ILHAM WIJAYA, S.E. | E76: 1 | F76: 1 | G76: 0 | H76: 0 | I76: 0 | J76: 1 | K76: 0 | L76: 0 | M76: 0 | N76: 0 | O76: 0 | P76: 2 | Q76: 0 | R76: 0 | S76: 0 | T76: 0 | U76: 2 | V76: 0 | W76: 1 | X76: 0 | Y76: 1 | Z76: 1 | AA76: 0 | AB76: 1 | AC76: 1 | AD76: 2 | AE76: 0 | AF76: =SUM(E76:AE76) -> 14
C77: 8. SETIAWATI, S.H. | E77: 2 | F77: 1 | G77: 1 | H77: 0 | I77: 0 | J77: 1 | K77: 0 | L77: 0 | M77: 0 | N77: 1 | O77: 0 | P77: 0 | Q77: 0 | R77: 0 | S77: 0 | T77: 2 | U77: 0 | V77: 0 | W77: 1 | X77: 1 | Y77: 1 | Z77: 1 | AA77: 0 | AB77: 0 | AC77: 0 | AD77: 1 | AE77: 0 | AF77: =SUM(E77:AE77) -> 13
C78: 9. EKO BUDI SANTOSO, S.H. | E78: 0 | F78: 0 | G78: 0 | H78: 0 | I78: 0 | J78: 2 | K78: 0 | L78: 0 | M78: 0 | N78: 0 | O78: 0 | P78: 1 | Q78: 0 | R78: 0 | S78: 0 | T78: 0 | U78: 0 | V78: 0 | W78: 0 | X78: 0 | Y78: 1 | Z78: 0 | AA78: 2 | AB78: 0 | AC78: 0 | AD78: 2 | AE78: 0 | AF78: =SUM(E78:AE78) -> 8
A79: B | B79: JUMLAH SUARA SAH PARTAI POLITIK DAN CALON (A1 + A2) | E79: =SUM(E69:E78) -> 48 | F79: =SUM(F69:F78) -> 27 | G79: =SUM(G69:G78) -> 15 | H79: =SUM(H69:H78) -> 19 | I79: =SUM(I69:I78) -> 24 | J79: =SUM(J69:J78) -> 15 | K79: =SUM(K69:K78) -> 9 | L79: =SUM(L69:L78) -> 7 | ... AF79: =SUM(AF69:AF78) -> 561
A81: A.1 | B81: 4. | C81: Partai Golongan Karya | E81: 1 | F81: 1 | G81: 3 | H81: 5 | I81: 1 | J81: 2 | K81: 0 | L81: 2 | M81: 3 | N81: 2 | O81: 2 | P81: 6 | Q81: 0 | R81: 0 | S81: 11 | T81: 0 | U81: 2 | V81: 2 | W81: 4 | X81: 2 | Y81: 8 | Z81: 2 | AA81: 2 | AB81: 4 | AC81: 4 | AD81: 1 | AE81: 2 | AF81: =SUM(E81:AE81) -> 72
A82: A.2 | C82: 1. PRANAYA YUDHA MAHARDHIKA | E82: 0 | F82: 2 | G82: 0 | H82: 1 | I82: 2 | J82: 0 | K82: 1 | L82: 2 | M82: 1 | N82: 3 | O82: 1 | P82: 3 | Q82: 2 | R82: 4 | S82: 3 | T82: 2 | U82: 0 | V82: 1 | W82: 3 | X82: 1 | Y82: 1 | Z82: 0 | AA82: 0 | AB82: 1 | AC82: 0 | AD82: 1 | AE82: 1 | AF82: =SUM(E82:AE82) -> 36
C83: 2. Dra. Ec. ENDANG SULASTUTY, M.I.P. | E83: 1 | F83: 1 | G83: 1 | H83: 0 | I83: 0 | J83: 1 | K83: 0 | L83: 0 | M83: 0 | N83: 0 | O83: 0 | P83: 0 | Q83: 0 | R83: 1 | S83: 1 | T83: 1 | U83: 0 | V83: 0 | W83: 1 | X83: 0 | Y83: 0 | Z83: 1 | AA83: 0 | AB83: 0 | AC83: 1 | AD83: 0 | AE83: 0 | AF83: =SUM(E83:AE83) -> 10
C84: 3. AGUS REJEKI WARTONO | E84: 0 | F84: 1 | G84: 0 | H84: 1 | I84: 0 | J84: 0 | K84: 0 | L84: 0 | M84: 0 | N84: 0 | O84: 1 | P84: 1 | Q84: 0 | R84: 0 | S84: 0 | T84: 1 | U84: 0 | V84: 0 | W84: 0 | X84: 0 | Y84: 1 | Z84: 2 | AA84: 0 | AB84: 0 | AC84: 0 | AD84: 0 | AE84: 0 | AF84: =SUM(E84:AE84) -> 8
C85: 4. Hj. TUTUK ASMA'A ZUCHROH, S.T., M.T. | E85: 1 | F85: 0 | G85: 0 | H85: 3 | I85: 1 | J85: 0 | K85: 0 | L85: 0 | M85: 0 | N85: 0 | O85: 1 | P85: 1 | Q85: 0 | R85: 7 | S85: 4 | T85: 1 | U85: 3 | V85: 1 | W85: 0 | X85: 0 | Y85: 5 | Z85: 0 | AA85: 0 | AB85: 1 | AC85: 0 | AD85: 1 | AE85: 0 | AF85: =SUM(E85:AE85) -> 30
C86: 5. ADE M. RIZKI, S.E. | E86: 0 | F86: 0 | G86: 0 | H86: 0 | I86: 0 | J86: 0 | K86: 0 | L86: 0 | M86: 0 | N86: 0 | O86: 0 | P86: 0 | Q86: 0 | R86: 0 | S86: 0 | T86: 0 | U86: 1 | V86: 1 | W86: 0 | X86: 0 | Y86: 0 | Z86: 1 | AA86: 0 | AB86: 0 | AC86: 0 | AD86: 0 | AE86: 0 | AF86: =SUM(E86:AE86) -> 3
C87: 6. ABDURAKHMAN, Bc.Kn. | E87: 0 | F87: 1 | G87: 0 | H87: 0 | I87: 1 | J87: 1 | K87: 0 | L87: 0 | M87: 0 | N87: 0 | O87: 0 | P87: 0 | Q87: 0 | R87: 2 | S87: 0 | T87: 0 | U87: 0 | V87: 0 | W87: 0 | X87: 0 | Y87: 0 | Z87: 0 | AA87: 0 | AB87: 0 | AC87: 0 | AD87: 0 | AE87: 0 | AF87: =SUM(E87:AE87) -> 5
C88: 7. CENDY RHIYAN ADI PUTRI | E88: 0 | F88: 0 | G88: 0 | H88: 0 | I88: 0 | J88: 1 | K88: 0 | L88: 0 | M88: 0 | N88: 0 | O88: 0 | P88: 0 | Q88: 0 | R88: 0 | S88: 0 | T88: 0 | U88: 0 | V88: 0 | W88: 0 | X88: 0 | Y88: 0 | Z88: 0 | AA88: 0 | AB88: 0 | AC88: 0 | AD88: 0 | AE88: 0 | AF88: =SUM(E88:AE88) -> 1
C89: 8. BAKTI WIJAYANTO, S.E. | E89: 0 | F89: 0 | G89: 0 | H89: 0 | I89: 0 | J89: 0 | K89: 0 | L89: 0 | M89: 0 | N89: 0 | O89: 1 | P89: 0 | Q89: 0 | R89: 0 | S89: 0 | T89: 0 | U89: 0 | V89: 0 | W89: 0 | X89: 0 | Y89: 0 | Z89: 0 | AA89: 0 | AB89: 0 | AC89: 0 | AD89: 0 | AE89: 0 | AF89: =SUM(E89:AE89) -> 1
C90: 9. AHMAD UBAIDILLAH | E90: 0 | F90: 2 | G90: 0 | H90: 1 | I90: 0 | J90: 0 | K90: 0 | L90: 0 | M90: 0 | N90: 1 | O90: 0 | P90: 0 | Q90: 0 | R90: 0 | S90: 0 | T90: 0 | U90: 1 | V90: 0 | W90: 0 | X90: 1 | Y90: 0 | Z90: 1 | AA90: 1 | AB90: 1 | AC90: 0 | AD90: 0 | AE90: 1 | AF90: =SUM(E90:AE90) -> 10
A91: B | B91: JUMLAH SUARA SAH PARTAI POLITIK DAN CALON (A1 + A2) | E91: =SUM(E81:E90) -> 3 | F91: =SUM(F81:F90) -> 8 | G91: =SUM(G81:G90) -> 4 | H91: =SUM(H81:H90) -> 11 | I91: =SUM(I81:I90) -> 5 | J91: =SUM(J81:J90) -> 5 | K91: =SUM(K81:K90) -> 1 | L91: =SUM(L81:L90) -> 4 | ... AF91: =SUM(AF81:AF90) -> 176
A93: A.1 | B93: 5. | C93: Partai NasDem | E93: 1 | F93: 4 | G93: 4 | H93: 4 | I93: 2 | J93: 8 | K93: 4 | L93: 9 | M93: 5 | N93: 2 | O93: 1 | P93: 2 | Q93: 0 | R93: 0 | S93: 0 | T93: 1 | U93: 0 | V93: 1 | W93: 2 | X93: 1 | Y93: 1 | Z93: 2 | AA93: 1 | AB93: 1 | AC93: 1 | AD93: 1 | AE93: 0 | AF93: =SUM(E93:AE93) -> 58
A94: A.2 | C94: 1. ALI MUSTOFA, A.Md. | E94: 18 | F94: 39 | G94: 31 | H94: 36 | I94: 52 | J94: 76 | K94: 82 | L94: 59 | M94: 65 | N94: 17 | O94: 9 | P94: 31 | Q94: 0 | R94: 1 | S94: 4 | T94: 1 | U94: 2 | V94: 0 | W94: 0 | X94: 1 | Y94: 1 | Z94: 6 | AA94: 1 | AB94: 7 | AC94: 8 | AD94: 4 | AE94: 2 | AF94: =SUM(E94:AE94) -> 553
C95: 2. Hj. BUAMI, S.H. | E95: 0 | F95: 0 | G95: 0 | H95: 0 | I95: 0 | J95: 0 | K95: 3 | L95: 0 | M95: 0 | N95: 1 | O95: 1 | P95: 0 | Q95: 0 | R95: 0 | S95: 1 | T95: 0 | U95: 0 | V95: 0 | W95: 0 | X95: 0 | Y95: 0 | Z95: 0 | AA95: 0 | AB95: 0 | AC95: 0 | AD95: 0 | AE95: 0 | AF95: =SUM(E95:AE95) -> 6
C96: 3. SUGIONO, S.H. | E96: 0 | F96: 0 | G96: 0 | H96: 0 | I96: 0 | J96: 0 | K96: 0 | L96: 1 | M96: 0 | N96: 0 | O96: 0 | P96: 0 | Q96: 0 | R96: 0 | S96: 0 | T96: 0 | U96: 0 | V96: 1 | W96: 0 | X96: 1 | Y96: 1 | Z96: 0 | AA96: 0 | AB96: 0 | AC96: 0 | AD96: 0 | AE96: 0 | AF96: =SUM(E96:AE96) -> 4
C97: 4. LULUK SUNARMIATININGSIH | E97: 0 | F97: 0 | G97: 0 | H97: 0 | I97: 0 | J97: 0 | K97: 0 | L97: 0 | M97: 1 | N97: 0 | O97: 0 | P97: 0 | Q97: 0 | R97: 0 | S97: 0 | T97: 0 | U97: 0 | V97: 0 | W97: 0 | X97: 0 | Y97: 0 | Z97: 1 | AA97: 0 | AB97: 0 | AC97: 0 | AD97: 0 | AE97: 0 | AF97: =SUM(E97:AE97) -> 2
C98: 5. ANTON DJULIANTO ADI | E98: 0 | F98: 1 | G98: 1 | H98: 0 | I98: 0 | J98: 0 | K98: 0 | L98: 0 | M98: 0 | N98: 0 | O98: 0 | P98: 0 | Q98: 0 | R98: 0 | S98: 0 | T98: 0 | U98: 0 | V98: 0 | W98: 0 | X98: 0 | Y98: 0 | Z98: 0 | AA98: 2 | AB98: 0 | AC98: 0 | AD98: 1 | AE98: 0 | AF98: =SUM(E98:AE98) -> 5
C99: 6. MOKHAMAD ROFI'I KHUSNAN | E99: 0 | F99: 0 | G99: 0 | H99: 0 | I99: 0 | J99: 0 | K99: 0 | L99: 0 | M99: 0 | N99: 0 | O99: 0 | P99: 0 | Q99: 0 | R99: 1 | S99: 0 | T99: 0 | U99: 0 | V99: 0 | W99: 0 | X99: 0 | Y99: 0 | Z99: 0 | AA99: 0 | AB99: 1 | AC99: 0 | AD99: 0 | AE99: 0 | AF99: =SUM(E99:AE99) -> 2
C100: 7. Rr SETYO WATI | E100: 0 | F100: 0 | G100: 0 | H100: 0 | I100: 0 | J100: 0 | K100: 0 | L100: 0 | M100: 0 | N100: 0 | O100: 0 | P100: 0 | Q100: 0 | R100: 0 | S100: 0 | T100: 0 | U100: 0 | V100: 0 | W100: 0 | X100: 1 | Y100: 0 | Z100: 1 | AA100: 0 | AB100: 0 | AC100: 0 | AD100: 0 | AE100: 0 | AF100: =SUM(E100:AE100) -> 2
C101: 8. ABD. KADIR ASSEGAFF | E101: 0 | F101: 0 | G101: 0 | H101: 1 | I101: 0 | J101: 0 | K101: 0 | L101: 0 | M101: 0 | N101: 0 | O101: 0 | P101: 0 | Q101: 0 | R101: 0 | S101: 0 | T101: 0 | U101: 0 | V101: 0 | W101: 0 | X101: 0 | Y101: 0 | Z101: 0 | AA101: 0 | AB101: 0 | AC101: 0 | AD101: 0 | AE101: 1 | AF101: =SUM(E101:AE101) -> 2
C102: 9. FATHOR ZAINULLAH | E102: 0 | F102: 0 | G102: 0 | H102: 0 | I102: 0 | J102: 0 | K102: 0 | L102: 0 | M102: 0 | N102: 0 | O102: 0 | P102: 0 | Q102: 0 | R102: 0 | S102: 0 | T102: 0 | U102: 0 | V102: 0 | W102: 0 | X102: 0 | Y102: 0 | Z102: 0 | AA102: 0 | AB102: 0 | AC102: 0 | AD102: 0 | AE102: 0 | AF102: =SUM(E102:AE102) -> 0
A103: B | B103: JUMLAH SUARA SAH PARTAI POLITIK DAN CALON (A1 + A2) | E103: =SUM(E93:E102) -> 19 | F103: =SUM(F93:F102) -> 44 | G103: =SUM(G93:G102) -> 36 | H103: =SUM(H93:H102) -> 41 | I103: =SUM(I93:I102) -> 54 | J103: =SUM(J93:J102) -> 84 | K103: =SUM(K93:K102) -> 89 | L103: =SUM(L93:L102) -> 69 | ... AF103: =SUM(AF93:AF102) -> 634
A105: A.1 | B105: 6. | C105: Partai Buruh | E105: 1 | F105: 0 | G105: 0 | H105: 0 | I105: 0 | J105: 2 | K105: 0 | L105: 2 | M105: 0 | N105: 1 | O105: 1 | P105: 0 | Q105: 0 | R105: 0 | S105: 0 | T105: 2 | U105: 0 | V105: 2 | W105: 1 | X105: 2 | Y105: 2 | Z105: 0 | AA105: 0 | AB105: 0 | AC105: 0 | AD105: 0 | AE105: 0 | AF105: =SUM(E105:AE105) -> 16
A106: A.2 | C106: 1. AGUS SUPRIYADI | E106: 0 | F106: 0 | G106: 0 | H106: 0 | I106: 1 | J106: 0 | K106: 0 | L106: 0 | M106: 0 | N106: 1 | O106: 0 | P106: 0 | Q106: 0 | R106: 0 | S106: 0 | T106: 0 | U106: 0 | V106: 0 | W106: 0 | X106: 0 | Y106: 0 | Z106: 0 | AA106: 0 | AB106: 0 | AC106: 0 | AD106: 1 | AE106: 0 | AF106: =SUM(E106:AE106) -> 3
C107: 2. ENI HARIATI | E107: 0 | F107: 0 | G107: 0 | H107: 0 | I107: 0 | J107: 0 | K107: 0 | L107: 0 | M107: 0 | N107: 0 | O107: 0 | P107: 0 | Q107: 0 | R107: 0 | S107: 0 | T107: 0 | U107: 0 | V107: 0 | W107: 0 | X107: 0 | Y107: 0 | Z107: 0 | AA107: 0 | AB107: 0 | AC107: 0 | AD107: 0 | AE107: 0 | AF107: =SUM(E107:AE107) -> 0
AF108: =SUM(E108:AE108) -> 0
AF109: =SUM(E109:AE109) -> 0
AF110: =SUM(E110:AE110) -> 0
AF111: =SUM(E111:AE111) -> 0
AF112: =SUM(E112:AE112) -> 0
AF113: =SUM(E113:AE113) -> 0
AF114: =SUM(E114:AE114) -> 0
A115: B | B115: JUMLAH SUARA SAH PARTAI POLITIK DAN CALON (A1 + A2) | E115: =SUM(E105:E114) -> 1 | F115: =SUM(F105:F114) -> 0 | G115: =SUM(G105:G114) -> 0 | H115: =SUM(H105:H114) -> 0 | I115: =SUM(I105:I114) -> 1 | J115: =SUM(J105:J114) -> 2 | K115: =SUM(K105:K114) -> 0 | L115: =SUM(L105:L114) -> 2 | ... AF115: =SUM(AF105:AF114) -> 19
A117: A.1 | B117: 7. | C117: Partai Gelombang Rakyat Indonesia | E117: 1 | F117: 0 | G117: 0 | H117: 2 | I117: 1 | J117: 0 | K117: 1 | L117: 4 | M117: 0 | N117: 1 | O117: 0 | P117: 0 | Q117: 0 | R117: 1 | S117: 0 | T117: 2 | U117: 0 | V117: 1 | W117: 0 | X117: 1 | Y117: 1 | Z117: 1 | AA117: 0 | AB117: 0 | AC117: 1 | AD117: 0 | AE117: 0 | AF117: =SUM(E117:AE117) -> 18
...

Sheet KENDALREJO
C2: Kecamatan | D2: TEGALDLIMO
C3: Kabupaten | D3: BANYUWANGI
C4: Provinsi | D4: JAWA TIMUR
C9: Kelurahan | D9: KENDALREJO
A12: I | B12: DATA PEMILIH DAN PENGGUNAAN HAK PILIH | V12: JUMLAH AKHIR
A13: A | B13: DATA PEMILIH | E13: TPS 001 | F13: TPS 002 | G13: TPS 003 | H13: TPS 004 | I13: TPS 005 | J13: TPS 006 | K13: TPS 007 | L13: TPS 008 | M13: TPS 009 | N13: TPS 010 | O13: TPS 011 | P13: TPS 012 | Q13: TPS 013 | R13: TPS 014 | S13: TPS 015 | T13: TPS 016 | U13: TPS 017
B14: Jumlah Pemilih dalam Daftar Pemilih Tetap (DPT) | D14: LK | E14: 108 | F14: 112 | G14: 113 | H14: 115 | I14: 136 | J14: 130 | K14: 128 | L14: 134 | M14: 130 | N14: 131 | O14: 136 | P14: 79 | Q14: 123 | R14: 111 | S14: 100 | T14: 114 | U14: 98 | V14: =SUM(E14:U14) -> 1998
D15: PR | E15: 113 | F15: 106 | G15: 112 | H15: 115 | I15: 120 | J15: 133 | K15: 127 | L15: 130 | M15: 127 | N15: 126 | O15: 122 | P15: 92 | Q15: 121 | R15: 107 | S15: 96 | T15: 105 | U15: 92 | V15: =SUM(E15:U15) -> 1944
D16: JML | E16: =SUM(E14:E15) -> 221 | F16: =SUM(F14:F15) -> 218 | G16: =SUM(G14:G15) -> 225 | H16: =SUM(H14:H15) -> 230 | I16: =SUM(I14:I15) -> 256 | J16: =SUM(J14:J15) -> 263 | K16: =SUM(K14:K15) -> 255 | L16: =SUM(L14:L15) -> 264 | ... U16: =SUM(U14:U15) -> 190 | V16: =SUM(E16:U16) -> 3942
A18: B | B18: PENGGUNA HAK PILIH
B19: 1. | C19: Jumlah pengguna hak pilih dalam Daftar Pemilih Tetap (DPT) | D19: LK | E19: 92 | F19: 95 | G19: 88 | H19: 91 | I19: 111 | J19: 115 | K19: 109 | L19: 118 | M19: 99 | N19: 92 | O19: 93 | P19: 67 | Q19: 102 | R19: 85 | S19: 76 | T19: 94 | U19: 82 | V19: =SUM(E19:U19) -> 1609
D20: PR | E20: 83 | F20: 86 | G20: 94 | H20: 97 | I20: 104 | J20: 107 | K20: 107 | L20: 117 | M20: 98 | N20: 94 | O20: 97 | P20: 77 | Q20: 103 | R20: 87 | S20: 76 | T20: 86 | U20: 77 | V20: =SUM(E20:U20) -> 1590
D21: JML | E21: =SUM(E19:E20) -> 175 | F21: =SUM(F19:F20) -> 181 | G21: =SUM(G19:G20) -> 182 | H21: =SUM(H19:H20) -> 188 | I21: =SUM(I19:I20) -> 215 | J21: =SUM(J19:J20) -> 222 | K21: =SUM(K19:K20) -> 216 | L21: =SUM(L19:L20) -> 235 | ... U21: =SUM(U19:U20) -> 159 | V21: =SUM(E21:U21) -> 3199
B22: 2. | C22: Jumlah pengguna hak pilih dalam Daftar Pemilih Tambahan (DPTb) | D22: LK | E22: 0 | F22: 0 | G22: 0 | H22: 1 | I22: 0 | J22: 0 | K22: 0 | L22: 0 | M22: 2 | N22: 0 | O22: 1 | P22: 0 | Q22: 1 | R22: 0 | S22: 0 | T22: 0 | U22: 0 | V22: =SUM(E22:U22) -> 5
D23: PR | E23: 0 | F23: 0 | G23: 0 | H23: 0 | I23: 0 | J23: 1 | K23: 1 | L23: 0 | M23: 2 | N23: 1 | O23: 0 | P23: 0 | Q23: 0 | R23: 0 | S23: 0 | T23: 0 | U23: 0 | V23: =SUM(E23:U23) -> 5
D24: JML | E24: =SUM(E22:E23) -> 0 | F24: =SUM(F22:F23) -> 0 | G24: =SUM(G22:G23) -> 0 | H24: =SUM(H22:H23) -> 1 | I24: =SUM(I22:I23) -> 0 | J24: =SUM(J22:J23) -> 1 | K24: =SUM(K22:K23) -> 1 | L24: =SUM(L22:L23) -> 0 | ... U24: =SUM(U22:U23) -> 0 | V24: =SUM(E24:U24) -> 10
B25: 3. | C25: Jumlah pengguna hak pilih dalam Daftar Pemilih Khusus (DPK) | D25: LK | E25: 0 | F25: 0 | G25: 0 | H25: 0 | I25: 0 | J25: 0 | K25: 0 | L25: 0 | M25: 0 | N25: 0 | O25: 0 | P25: 0 | Q25: 1 | R25: 0 | S25: 0 | T25: 0 | U25: 0 | V25: =SUM(E25:U25) -> 1
D26: PR | E26: 0 | F26: 0 | G26: 0 | H26: 0 | I26: 0 | J26: 0 | K26: 0 | L26: 0 | M26: 0 | N26: 0 | O26: 0 | P26: 0 | Q26: 0 | R26: 0 | S26: 0 | T26: 0 | U26: 0 | V26: =SUM(E26:U26) -> 0
D27: JML | E27: =SUM(E25:E26) -> 0 | F27: =SUM(F25:F26) -> 0 | G27: =SUM(G25:G26) -> 0 | H27: =SUM(H25:H26) -> 0 | I27: =SUM(I25:I26) -> 0 | J27: =SUM(J25:J26) -> 0 | K27: =SUM(K25:K26) -> 0 | L27: =SUM(L25:L26) -> 0 | ... U27: =SUM(U25:U26) -> 0 | V27: =SUM(E27:U27) -> 1
B28: 4. | C28: Jumlah Pengguna Hak Pilih (B.1+B.2+B.3) | D28: LK | E28: =SUM(E19,E22,E25) -> 92 | F28: =SUM(F19,F22,F25) -> 95 | G28: =SUM(G19,G22,G25) -> 88 | H28: =SUM(H19,H22,H25) -> 92 | I28: =SUM(I19,I22,I25) -> 111 | J28: =SUM(J19,J22,J25) -> 115 | K28: =SUM(K19,K22,K25) -> 109 | L28: =SUM(L19,L22,L25) -> 118 | ... U28: =SUM(U19,U22,U25) -> 82 | V28: =SUM(E28:U28) -> 1615
D29: PR | E29: =SUM(E20,E23,E26) -> 83 | F29: =SUM(F20,F23,F26) -> 86 | G29: =SUM(G20,G23,G26) -> 94 | H29: =SUM(H20,H23,H26) -> 97 | I29: =SUM(I20,I23,I26) -> 104 | J29: =SUM(J20,J23,J26) -> 108 | K29: =SUM(K20,K23,K26) -> 108 | L29: =SUM(L20,L23,L26) -> 117 | ... U29: =SUM(U20,U23,U26) -> 77 | V29: =SUM(E29:U29) -> 1595
D30: JML | E30: =SUM(E28:E29) -> 175 | F30: =SUM(F28:F29) -> 181 | G30: =SUM(G28:G29) -> 182 | H30: =SUM(H28:H29) -> 189 | I30: =SUM(I28:I29) -> 215 | J30: =SUM(J28:J29) -> 223 | K30: =SUM(K28:K29) -> 217 | L30: =SUM(L28:L29) -> 235 | ... U30: =SUM(U28:U29) -> 159 | V30: =SUM(E30:U30) -> 3210
A32: II | B32: DATA PENGGUNAAN SURAT SUARA
A33: 1 | B33: Jumlah surat suara yang diterima, termasuk surat suara cadangan 2,5% dari DPT | E33: 221 | F33: 223 | G33: 230 | H33: 235 | I33: 262 | J33: 269 | K33: 261 | L33: 270 | M33: 263 | N33: 263 | O33: 264 | P33: 172 | Q33: 248 | R33: 223 | S33: 200 | T33: 218 | U33: 194 | V33: =SUM(E33:U33) -> 4016
A34: 2 | B34: Jumlah surat suara yang digunakan | E34: 175 | F34: 181 | G34: 182 | H34: 189 | I34: 215 | J34: 223 | K34: 217 | L34: 235 | M34: 201 | N34: 187 | O34: 191 | P34: 144 | Q34: 207 | R34: 172 | S34: 152 | T34: 180 | U34: 159 | V34: =SUM(E34:U34) -> 3210
A35: 3 | B35: Jumlah surat suara dikembalikan oleh pemilih (karena rusak atau keliru coblos) | E35: 0 | F35: 0 | G35: 0 | H35: 1 | I35: 0 | J35: 0 | K35: 0 | L35: 0 | M35: 0 | N35: 0 | O35: 0 | P35: 0 | Q35: 0 | R35: 0 | S35: 0 | T35: 0 | U35: 0 | V35: =SUM(E35:U35) -> 1
A36: 4 | B36: Jumlah surat suara yang tidak digunakan/tidak terpakai, termasuk sisa surat suara cadangan | E36: =E33-(E34+E35) -> 46 | F36: =F33-(F34+F35) -> 42 | G36: =G33-(G34+G35) -> 48 | H36: =H33-(H34+H35) -> 45 | I36: =I33-(I34+I35) -> 47 | J36: =J33-(J34+J35) -> 46 | K36: =K33-(K34+K35) -> 44 | L36: =L33-(L34+L35) -> 35 | ... U36: =U33-(U34+U35) -> 35 | V36: =SUM(E36:U36) -> 805
A38: III | B38: DATA PEMILIH DISABILITAS
B39: Jumlah seluruh Pemilih disabilitas yang menggunakan hak pilih | D39: LK | E39: 0 | F39: 0 | G39: 0 | H39: 0 | I39: 0 | J39: 0 | K39: 0 | L39: 0 | M39: 0 | N39: 0 | O39: 0 | P39: 0 | Q39: 0 | R39: 0 | S39: 0 | T39: 0 | U39: 2 | V39: =SUM(E39:U39) -> 2
D40: PR | E40: 0 | F40: 0 | G40: 0 | H40: 0 | I40: 0 | J40: 0 | K40: 0 | L40: 0 | M40: 0 | N40: 0 | O40: 0 | P40: 0 | Q40: 0 | R40: 0 | S40: 0 | T40: 0 | U40: 0 | V40: =SUM(E40:U40) -> 0
D41: JML | E41: =SUM(E39:E40) -> 0 | F41: =SUM(F39:F40) -> 0 | G41: =SUM(G39:G40) -> 0 | H41: =SUM(H39:H40) -> 0 | I41: =SUM(I39:I40) -> 0 | J41: =SUM(J39:J40) -> 0 | K41: =SUM(K39:K40) -> 0 | L41: =SUM(L39:L40) -> 0 | ... U41: =SUM(U39:U40) -> 2 | V41: =SUM(E41:U41) -> 2
A43: IV | B43: DATA RINCIAN PEROLEHAN SUARA PASANGAN CALON BUPATI DAN WAKIL BUPATI
A44: NOMOR DAN NAMA CALON
A45: A.1 | B45: 1. | C45: Partai Kebangkitan Bangsa | E45: 8 | F45: 6 | G45: 5 | H45: 7 | I45: 8 | J45: 5 | K45: 8 | L45: 8 | M45: 1 | N45: 10 | O45: 4 | P45: 5 | Q45: 8 | R45: 3 | S45: 2 | T45: 3 | U45: 1 | V45: =SUM(E45:U45) -> 92
A46: A.2 | C46: 1. Dra. Hj. MA`MULAH HARUN, M.Pd.I. | E46: 9 | F46: 14 | G46: 17 | H46: 18 | I46: 17 | J46: 6 | K46: 13 | L46: 15 | M46: 5 | N46: 20 | O46: 12 | P46: 4 | Q46: 31 | R46: 13 | S46: 3 | T46: 1 | U46: 3 | V46: =SUM(E46:U46) -> 201
C47: 2. UBAIDILLAH, S.Fil.I. | E47: 2 | F47: 1 | G47: 1 | H47: 0 | I47: 2 | J47: 3 | K47: 2 | L47: 0 | M47: 5 | N47: 1 | O47: 0 | P47: 1 | Q47: 1 | R47: 1 | S47: 2 | T47: 1 | U47: 0 | V47: =SUM(E47:U47) -> 23
C48: 3. Ir. H. YOYOK MULYADI, M.Si. | E48: 2 | F48: 0 | G48: 0 | H48: 0 | I48: 1 | J48: 1 | K48: 1 | L48: 0 | M48: 0 | N48: 0 | O48: 0 | P48: 1 | Q48: 0 | R48: 1 | S48: 0 | T48: 0 | U48: 0 | V48: =SUM(E48:U48) -> 7
C49: 4. KHOIRUL ANWAR, S.Fil.I. | E49: 0 | F49: 3 | G49: 1 | H49: 1 | I49: 0 | J49: 1 | K49: 3 | L49: 0 | M49: 0 | N49: 1 | O49: 3 | P49: 0 | Q49: 0 | R49: 1 | S49: 1 | T49: 1 | U49: 0 | V49: =SUM(E49:U49) -> 16
C50: 5. ARIF WIJAKSANA | E50: 0 | F50: 1 | G50: 2 | H50: 0 | I50: 0 | J50: 0 | K50: 2 | L50: 1 | M50: 0 | N50: 1 | O50: 1 | P50: 0 | Q50: 1 | R50: 0 | S50: 1 | T50: 0 | U50: 0 | V50: =SUM(E50:U50) -> 10
C51: 6. Dr. SITI YUMNAH | E51: 0 | F51: 1 | G51: 0 | H51: 2 | I51: 1 | J51: 0 | K51: 2 | L51: 0 | M51: 0 | N51: 1 | O51: 0 | P51: 1 | Q51: 0 | R51: 0 | S51: 0 | T51: 0 | U51: 0 | V51: =SUM(E51:U51) -> 8
C52: 7. MOHAMMAD ZAINI, M.Pd.I. | E52: 0 | F52: 1 | G52: 0 | H52: 1 | I52: 0 | J52: 0 | K52: 2 | L52: 0 | M52: 0 | N52: 0 | O52: 0 | P52: 0 | Q52: 0 | R52: 0 | S52: 1 | T52: 0 | U52: 0 | V52: =SUM(E52:U52) -> 5
C53: 8. FAWAIDUL MAKKIYAH | E53: 0 | F53: 0 | G53: 1 | H53: 0 | I53: 0 | J53: 0 | K53: 0 | L53: 0 | M53: 0 | N53: 0 | O53: 0 | P53: 0 | Q53: 0 | R53: 0 | S53: 0 | T53: 0 | U53: 0 | V53: =SUM(E53:U53) -> 1
C54: 9. IFFAH HIDAYATUR ROHMAH, S.Sos. | E54: 1 | F54: 0 | G54: 1 | H54: 0 | I54: 2 | J54: 0 | K54: 1 | L54: 0 | M54: 0 | N54: 0 | O54: 1 | P54: 2 | Q54: 0 | R54: 0 | S54: 1 | T54: 0 | U54: 1 | V54: =SUM(E54:U54) -> 10
A55: B | B55: JUMLAH SUARA SAH PARTAI POLITIK DAN CALON (A1 + A2) | E55: =SUM(E45:E54) -> 22 | F55: =SUM(F45:F54) -> 27 | G55: =SUM(G45:G54) -> 28 | H55: =SUM(H45:H54) -> 29 | I55: =SUM(I45:I54) -> 31 | J55: =SUM(J45:J54) -> 16 | K55: =SUM(K45:K54) -> 34 | L55: =SUM(L45:L54) -> 24 | ... V55: =SUM(V45:V54) -> 373
A57: A.1 | B57: 2. | C57: Partai Gerakan Indonesia Raya | E57: 4 | F57: 7 | G57: 8 | H57: 6 | I57: 2 | J57: 3 | K57: 5 | L57: 5 | M57: 7 | N57: 10 | O57: 9 | P57: 6 | Q57: 9 | R57: 3 | S57: 4 | T57: 2 | U57: 4 | V57: =SUM(E57:U57) -> 94
A58: A.2 | C58: 1. AHMAD HADINUDDIN, S.Pd.I. | E58: 19 | F58: 16 | G58: 3 | H58: 7 | I58: 20 | J58: 15 | K58: 24 | L58: 76 | M58: 47 | N58: 24 | O58: 61 | P58: 7 | Q58: 48 | R58: 36 | S58: 3 | T58: 3 | U58: 4 | V58: =SUM(E58:U58) -> 413
C59: 2. BIMA RAFSANJANI RAFID | E59: 3 | F59: 2 | G59: 2 | H59: 2 | I59: 8 | J59: 29 | K59: 6 | L59: 3 | M59: 6 | N59: 1 | O59: 7 | P59: 0 | Q59: 0 | R59: 0 | S59: 1 | T59: 1 | U59: 5 | V59: =SUM(E59:U59) -> 76
C60: 3. IRA DAMAYANTI | E60: 0 | F60: 2 | G60: 0 | H60: 2 | I60: 1 | J60: 1 | K60: 1 | L60: 0 | M60: 1 | N60: 2 | O60: 1 | P60: 1 | Q60: 1 | R60: 0 | S60: 0 | T60: 0 | U60: 1 | V60: =SUM(E60:U60) -> 14
C61: 4. MAULANA MALIK IBRAHIM, S.H. | E61: 3 | F61: 8 | G61: 0 | H61: 50 | I61: 0 | J61: 33 | K61: 4 | L61: 5 | M61: 10 | N61: 4 | O61: 2 | P61: 49 | Q61: 19 | R61: 24 | S61: 15 | T61: 4 | U61: 44 | V61: =SUM(E61:U61) -> 274
C62: 5. LULUK ALFIATI | E62: 0 | F62: 3 | G62: 2 | H62: 2 | I62: 0 | J62: 0 | K62: 1 | L62: 0 | M62: 0 | N62: 0 | O62: 1 | P62: 0 | Q62: 0 | R62: 0 | S62: 0 | T62: 0 | U62: 0 | V62: =SUM(E62:U62) -> 9
C63: 6. ILHAM WAHYUDI, S.H. | E63: 0 | F63: 0 | G63: 0 | H63: 1 | I63: 0 | J63: 0 | K63: 0 | L63: 0 | M63: 0 | N63: 0 | O63: 0 | P63: 0 | Q63: 0 | R63: 0 | S63: 1 | T63: 0 | U63: 0 | V63: =SUM(E63:U63) -> 2
C64: 7. HAERUL ANWAR, S.Pd.I. | E64: 0 | F64: 0 | G64: 0 | H64: 0 | I64: 0 | J64: 0 | K64: 0 | L64: 1 | M64: 0 | N64: 0 | O64: 0 | P64: 0 | Q64: 0 | R64: 0 | S64: 0 | T64: 0 | U64: 0 | V64: =SUM(E64:U64) -> 1
C65: 8. YOVI ADHITYA WARDANI | E65: 0 | F65: 0 | G65: 0 | H65: 0 | I65: 0 | J65: 0 | K65: 0 | L65: 0 | M65: 0 | N65: 0 | O65: 0 | P65: 0 | Q65: 0 | R65: 0 | S65: 0 | T65: 0 | U65: 0 | V65: =SUM(E65:U65) -> 0
C66: 9. RITA AMELIA | E66: 0 | F66: 0 | G66: 0 | H66: 0 | I66: 0 | J66: 1 | K66: 0 | L66: 0 | M66: 0 | N66: 0 | O66: 0 | P66: 0 | Q66: 1 | R66: 0 | S66: 0 | T66: 0 | U66: 0 | V66: =SUM(E66:U66) -> 2
A67: B | B67: JUMLAH SUARA SAH PARTAI POLITIK DAN CALON (A1 + A2) | E67: =SUM(E57:E66) -> 29 | F67: =SUM(F57:F66) -> 38 | G67: =SUM(G57:G66) -> 15 | H67: =SUM(H57:H66) -> 70 | I67: =SUM(I57:I66) -> 31 | J67: =SUM(J57:J66) -> 82 | K67: =SUM(K57:K66) -> 41 | L67: =SUM(L57:L66) -> 90 | ... V67: =SUM(V57:V66) -> 885
A69: A.1 | B69: 3. | C69: Partai Demokrasi Indonesia Perjuangan | E69: 11 | F69: 10 | G69: 6 | H69: 3 | I69: 7 | J69: 6 | K69: 4 | L69: 2 | M69: 7 | N69: 10 | O69: 6 | P69: 4 | Q69: 2 | R69: 2 | S69: 1 | T69: 8 | U69: 3 | V69: =SUM(E69:U69) -> 92
A70: A.2 | C70: 1. MARTIN H., S.H., M.H. | E70: 4 | F70: 5 | G70: 5 | H70: 1 | I70: 2 | J70: 2 | K70: 6 | L70: 2 | M70: 3 | N70: 5 | O70: 0 | P70: 0 | Q70: 0 | R70: 1 | S70: 1 | T70: 0 | U70: 1 | V70: =SUM(E70:U70) -> 38
C71: 2. HERMANTO, S.E. | E71: 2 | F71: 7 | G71: 3 | H71: 2 | I71: 0 | J71: 4 | K71: 2 | L71: 4 | M71: 6 | N71: 7 | O71: 2 | P71: 0 | Q71: 7 | R71: 8 | S71: 1 | T71: 9 | U71: 3 | V71: =SUM(E71:U71) -> 67
C72: 3. EVY SUSILAWATI, S.E., M.M. | E72: 6 | F72: 8 | G72: 1 | H72: 4 | I72: 1 | J72: 3 | K72: 1 | L72: 4 | M72: 4 | N72: 1 | O72: 1 | P72: 4 | Q72: 0 | R72: 1 | S72: 1 | T72: 1 | U72: 5 | V72: =SUM(E72:U72) -> 46
C73: 4. M. SIROTTUDIN | E73: 2 | F73: 6 | G73: 5 | H73: 6 | I73: 1 | J73: 4 | K73: 1 | L73: 3 | M73: 4 | N73: 5 | O73: 6 | P73: 3 | Q73: 2 | R73: 0 | S73: 1 | T73: 0 | U73: 2 | V73: =SUM(E73:U73) -> 51
C74: 5. ABDUL HAFID, S.H. | E74: 1 | F74: 3 | G74: 0 | H74: 0 | I74: 2 | J74: 2 | K74: 2 | L74: 1 | M74: 1 | N74: 1 | O74: 1 | P74: 0 | Q74: 0 | R74: 0 | S74: 2 | T74: 0 | U74: 0 | V74: =SUM(E74:U74) -> 16
C75: 6. NIKITA FORTUNA SURYANINGATI, A.Md.Keb. | E75: 2 | F75: 0 | G75: 0 | H75: 1 | I75: 0 | J75: 0 | K75: 1 | L75: 2 | M75: 1 | N75: 0 | O75: 1 | P75: 0 | Q75: 1 | R75: 0 | S75: 0 | T75: 0 | U75: 0 | V75: =SUM(E75:U75) -> 9
C76: 7. YUDHO ILHAM WIJAYA, S.E. | E76: 0 | F76: 0 | G76: 1 | H76: 1 | I76: 0 | J76: 0 | K76: 2 | L76: 2 | M76: 1 | N76: 0 | O76: 0 | P76: 1 | Q76: 0 | R76: 0 | S76: 0 | T76: 4 | U76: 2 | V76: =SUM(E76:U76) -> 14
C77: 8. SETIAWATI, S.H. | E77: 1 | F77: 1 | G77: 0 | H77: 1 | I77: 0 | J77: 0 | K77: 0 | L77: 0 | M77: 0 | N77: 0 | O77: 1 | P77: 0 | Q77: 0 | R77: 0 | S77: 0 | T77: 0 | U77: 2 | V77: =SUM(E77:U77) -> 6
C78: 9. EKO BUDI SANTOSO, S.H. | E78: 0 | F78: 1 | G78: 1 | H78: 0 | I78: 0 | J78: 0 | K78: 1 | L78: 1 | M78: 1 | N78: 0 | O78: 0 | P78: 0 | Q78: 0 | R78: 0 | S78: 1 | T78: 1 | U78: 1 | V78: =SUM(E78:U78) -> 8
A79: B | B79: JUMLAH SUARA SAH PARTAI POLITIK DAN CALON (A1 + A2) | E79: =SUM(E69:E78) -> 29 | F79: =SUM(F69:F78) -> 41 | G79: =SUM(G69:G78) -> 22 | H79: =SUM(H69:H78) -> 19 | I79: =SUM(I69:I78) -> 13 | J79: =SUM(J69:J78) -> 21 | K79: =SUM(K69:K78) -> 20 | L79: =SUM(L69:L78) -> 21 | ... V79: =SUM(V69:V78) -> 347
A81: A.1 | B81: 4. | C81: Partai Golongan Karya | E81: 1 | F81: 1 | G81: 4 | H81: 2 | I81: 1 | J81: 2 | K81: 3 | L81: 6 | M81: 3 | N81: 5 | O81: 3 | P81: 4 | Q81: 1 | R81: 1 | S81: 5 | T81: 5 | U81: 2 | V81: =SUM(E81:U81) -> 49
A82: A.2 | C82: 1. PRANAYA YUDHA MAHARDHIKA | E82: 18 | F82: 2 | G82: 2 | H82: 3 | I82: 2 | J82: 0 | K82: 3 | L82: 21 | M82: 18 | N82: 3 | O82: 5 | P82: 24 | Q82: 1 | R82: 1 | S82: 10 | T82: 59 | U82: 13 | V82: =SUM(E82:U82) -> 185
C83: 2. Dra. Ec. ENDANG SULASTUTY, M.I.P. | E83: 0 | F83: 0 | G83: 4 | H83: 0 | I83: 1 | J83: 0 | K83: 1 | L83: 0 | M83: 2 | N83: 1 | O83: 0 | P83: 1 | Q83: 0 | R83: 0 | S83: 1 | T83: 0 | U83: 2 | V83: =SUM(E83:U83) -> 13
C84: 3. AGUS REJEKI WARTONO | E84: 0 | F84: 2 | G84: 0 | H84: 0 | I84: 0 | J84: 1 | K84: 1 | L84: 1 | M84: 2 | N84: 2 | O84: 0 | P84: 0 | Q84: 0 | R84: 0 | S84: 1 | T84: 0 | U84: 1 | V84: =SUM(E84:U84) -> 11
C85: 4. Hj. TUTUK ASMA'A ZUCHROH, S.T., M.T. | E85: 2 | F85: 1 | G85: 14 | H85: 3 | I85: 0 | J85: 0 | K85: 2 | L85: 1 | M85: 2 | N85: 1 | O85: 3 | P85: 2 | Q85: 0 | R85: 0 | S85: 2 | T85: 0 | U85: 0 | V85: =SUM(E85:U85) -> 33
C86: 5. ADE M. RIZKI, S.E. | E86: 0 | F86: 0 | G86: 1 | H86: 0 | I86: 0 | J86: 1 | K86: 2 | L86: 0 | M86: 0 | N86: 0 | O86: 0 | P86: 0 | Q86: 1 | R86: 0 | S86: 0 | T86: 0 | U86: 0 | V86: =SUM(E86:U86) -> 5
C87: 6. ABDURAKHMAN, Bc.Kn. | E87: 0 | F87: 0 | G87: 0 | H87: 0 | I87: 0 | J87: 0 | K87: 0 | L87: 1 | M87: 0 | N87: 0 | O87: 0 | P87: 0 | Q87: 0 | R87: 0 | S87: 1 | T87: 0 | U87: 0 | V87: =SUM(E87:U87) -> 2
C88: 7. CENDY RHIYAN ADI PUTRI | E88: 0 | F88: 0 | G88: 0 | H88: 0 | I88: 0 | J88: 0 | K88: 1 | L88: 0 | M88: 0 | N88: 0 | O88: 0 | P88: 0 | Q88: 0 | R88: 1 | S88: 0 | T88: 1 | U88: 0 | V88: =SUM(E88:U88) -> 3
C89: 8. BAKTI WIJAYANTO, S.E. | E89: 0 | F89: 0 | G89: 0 | H89: 0 | I89: 0 | J89: 0 | K89: 0 | L89: 0 | M89: 0 | N89: 0 | O89: 0 | P89: 0 | Q89: 0 | R89: 0 | S89: 1 | T89: 0 | U89: 0 | V89: =SUM(E89:U89) -> 1
C90: 9. AHMAD UBAIDILLAH | E90: 0 | F90: 0 | G90: 1 | H90: 0 | I90: 0 | J90: 0 | K90: 6 | L90: 2 | M90: 3 | N90: 1 | O90: 0 | P90: 0 | Q90: 0 | R90: 0 | S90: 0 | T90: 1 | U90: 0 | V90: =SUM(E90:U90) -> 14
A91: B | B91: JUMLAH SUARA SAH PARTAI POLITIK DAN CALON (A1 + A2) | E91: =SUM(E81:E90) -> 21 | F91: =SUM(F81:F90) -> 6 | G91: =SUM(G81:G90) -> 26 | H91: =SUM(H81:H90) -> 8 | I91: =SUM(I81:I90) -> 4 | J91: =SUM(J81:J90) -> 4 | K91: =SUM(K81:K90) -> 19 | L91: =SUM(L81:L90) -> 32 | ... V91: =SUM(V81:V90) -> 316
A93: A.1 | B93: 5. | C93: Partai NasDem | E93: 0 | F93: 0 | G93: 0 | H93: 0 | I93: 1 | J93: 1 | K93: 2 | L93: 2 | M93: 1 | N93: 1 | O93: 1 | P93: 1 | Q93: 0 | R93: 0 | S93: 3 | T93: 1 | U93: 0 | V93: =SUM(E93:U93) -> 14
A94: A.2 | C94: 1. ALI MUSTOFA, A.Md. | E94: 3 | F94: 2 | G94: 11 | H94: 0 | I94: 20 | J94: 6 | K94: 35 | L94: 32 | M94: 4 | N94: 4 | O94: 7 | P94: 0 | Q94: 1 | R94: 1 | S94: 0 | T94: 1 | U94: 0 | V94: =SUM(E94:U94) -> 127
C95: 2. Hj. BUAMI, S.H. | E95: 0 | F95: 0 | G95: 0 | H95: 0 | I95: 0 | J95: 0 | K95: 0 | L95: 1 | M95: 0 | N95: 0 | O95: 1 | P95: 0 | Q95: 0 | R95: 0 | S95: 0 | T95: 0 | U95: 0 | V95: =SUM(E95:U95) -> 2
C96: 3. SUGIONO, S.H. | E96: 0 | F96: 0 | G96: 1 | H96: 0 | I96: 1 | J96: 0 | K96: 0 | L96: 0 | M96: 0 | N96: 0 | O96: 0 | P96: 0 | Q96: 0 | R96: 0 | S96: 0 | T96: 0 | U96: 0 | V96: =SUM(E96:U96) -> 2
C97: 4. LULUK SUNARMIATININGSIH | E97: 0 | F97: 0 | G97: 0 | H97: 0 | I97: 0 | J97: 0 | K97: 0 | L97: 0 | M97: 0 | N97: 0 | O97: 0 | P97: 0 | Q97: 0 | R97: 0 | S97: 0 | T97: 0 | U97: 0 | V97: =SUM(E97:U97) -> 0
C98: 5. ANTON DJULIANTO ADI | E98: 0 | F98: 0 | G98: 0 | H98: 0 | I98: 0 | J98: 0 | K98: 0 | L98: 1 | M98: 1 | N98: 0 | O98: 0 | P98: 0 | Q98: 0 | R98: 0 | S98: 0 | T98: 0 | U98: 0 | V98: =SUM(E98:U98) -> 2
C99: 6. MOKHAMAD ROFI'I KHUSNAN | E99: 0 | F99: 0 | G99: 0 | H99: 0 | I99: 0 | J99: 0 | K99: 0 | L99: 0 | M99: 1 | N99: 0 | O99: 0 | P99: 0 | Q99: 1 | R99: 0 | S99: 0 | T99: 0 | U99: 0 | V99: =SUM(E99:U99) -> 2
C100: 7. Rr SETYO WATI | E100: 0 | F100: 0 | G100: 0 | H100: 0 | I100: 0 | J100: 0 | K100: 0 | L100: 0 | M100: 0 | N100: 0 | O100: 0 | P100: 0 | Q100: 0 | R100: 0 | S100: 0 | T100: 0 | U100: 0 | V100: =SUM(E100:U100) -> 0
C101: 8. ABD. KADIR ASSEGAFF | E101: 0 | F101: 0 | G101: 0 | H101: 0 | I101: 0 | J101: 0 | K101: 0 | L101: 0 | M101: 0 | N101: 0 | O101: 0 | P101: 0 | Q101: 0 | R101: 0 | S101: 0 | T101: 0 | U101: 0 | V101: =SUM(E101:U101) -> 0
C102: 9. FATHOR ZAINULLAH | E102: 0 | F102: 0 | G102: 0 | H102: 0 | I102: 0 | J102: 0 | K102: 0 | L102: 0 | M102: 0 | N102: 0 | O102: 0 | P102: 0 | Q102: 0 | R102: 0 | S102: 0 | T102: 0 | U102: 0 | V102: =SUM(E102:U102) -> 0
A103: B | B103: JUMLAH SUARA SAH PARTAI POLITIK DAN CALON (A1 + A2) | E103: =SUM(E93:E102) -> 3 | F103: =SUM(F93:F102) -> 2 | G103: =SUM(G93:G102) -> 12 | H103: =SUM(H93:H102) -> 0 | I103: =SUM(I93:I102) -> 22 | J103: =SUM(J93:J102) -> 7 | K103: =SUM(K93:K102) -> 37 | L103: =SUM(L93:L102) -> 36 | ... V103: =SUM(V93:V102) -> 149
A105: A.1 | B105: 6. | C105: Partai Buruh | E105: 1 | F105: 0 | G105: 0 | H105: 0 | I105: 0 | J105: 2 | K105: 0 | L105: 0 | M105: 1 | N105: 1 | O105: 0 | P105: 0 | Q105: 0 | R105: 0 | S105: 0 | T105: 1 | U105: 3 | V105: =SUM(E105:U105) -> 9
A106: A.2 | C106: 1. AGUS SUPRIYADI | E106: 0 | F106: 0 | G106: 0 | H106: 0 | I106: 0 | J106: 0 | K106: 0 | L106: 0 | M106: 0 | N106: 0 | O106: 0 | P106: 0 | Q106: 0 | R106: 0 | S106: 0 | T106: 0 | U106: 1 | V106: =SUM(E106:U106) -> 1
C107: 2. ENI HARIATI | E107: 0 | F107: 0 | G107: 0 | H107: 0 | I107: 0 | J107: 1 | K107: 0 | L107: 0 | M107: 1 | N107: 0 | O107: 0 | P107: 0 | Q107: 0 | R107: 0 | S107: 0 | T107: 0 | U107: 0 | V107: =SUM(E107:U107) -> 2
V108: =SUM(E108:U108) -> 0
V109: =SUM(E109:U109) -> 0
V110: =SUM(E110:U110) -> 0
V111: =SUM(E111:U111) -> 0
V112: =SUM(E112:U112) -> 0
V113: =SUM(E113:U113) -> 0
V114: =SUM(E114:U114) -> 0
A115: B | B115: JUMLAH SUARA SAH PARTAI POLITIK DAN CALON (A1 + A2) | E115: =SUM(E105:E114) -> 1 | F115: =SUM(F105:F114) -> 0 | G115: =SUM(G105:G114) -> 0 | H115: =SUM(H105:H114) -> 0 | I115: =SUM(I105:I114) -> 0 | J115: =SUM(J105:J114) -> 3 | K115: =SUM(K105:K114) -> 0 | L115: =SUM(L105:L114) -> 0 | ... V115: =SUM(V105:V114) -> 12
A117: A.1 | B117: 7. | C117: Partai Gelombang Rakyat Indonesia | E117: 2 | F117: 0 | G117: 1 | H117: 0 | I117: 0 | J117: 2 | K117: 3 | L117: 1 | M117: 0 | N117: 1 | O117: 0 | P117: 0 | Q117: 0 | R117: 0 | S117: 1 | T117: 1 | U117: 0 | V117: =SUM(E117:U117) -> 12
...

Sheet PURWOAGUNG
C2: Kecamatan | D2: TEGALDLIMO
C3: Kabupaten | D3: BANYUWANGI
C4: Provinsi | D4: JAWA TIMUR
C9: Kelurahan | D9: PURWOAGUNG
A12: I | B12: DATA PEMILIH DAN PENGGUNAAN HAK PILIH | S12: JUMLAH AKHIR
A13: A | B13: DATA PEMILIH | E13: TPS 001 | F13: TPS 002 | G13: TPS 003 | H13: TPS 004 | I13: TPS 005 | J13: TPS 006 | K13: TPS 007 | L13: TPS 008 | M13: TPS 009 | N13: TPS 010 | O13: TPS 011 | P13: TPS 012 | Q13: TPS 013 | R13: TPS 014
B14: Jumlah Pemilih dalam Daftar Pemilih Tetap (DPT) | D14: LK | E14: 140 | F14: 97 | G14: 117 | H14: 127 | I14: 131 | J14: 133 | K14: 116 | L14: 108 | M14: 131 | N14: 123 | O14: 118 | P14: 116 | Q14: 128 | R14: 129 | S14: =SUM(E14:R14) -> 1714
D15: PR | E15: 115 | F15: 100 | G15: 116 | H15: 135 | I15: 128 | J15: 135 | K15: 124 | L15: 94 | M15: 140 | N15: 128 | O15: 108 | P15: 111 | Q15: 121 | R15: 111 | S15: =SUM(E15:R15) -> 1666
D16: JML | E16: =SUM(E14:E15) -> 255 | F16: =SUM(F14:F15) -> 197 | G16: =SUM(G14:G15) -> 233 | H16: =SUM(H14:H15) -> 262 | I16: =SUM(I14:I15) -> 259 | J16: =SUM(J14:J15) -> 268 | K16: =SUM(K14:K15) -> 240 | L16: =SUM(L14:L15) -> 202 | ... R16: =SUM(R14:R15) -> 240 | S16: =SUM(E16:R16) -> 3380
A18: B | B18: PENGGUNA HAK PILIH
B19: 1. | C19: Jumlah pengguna hak pilih dalam Daftar Pemilih Tetap (DPT) | D19: LK | E19: 111 | F19: 71 | G19: 89 | H19: 98 | I19: 99 | J19: 110 | K19: 87 | L19: 87 | M19: 100 | N19: 93 | O19: 95 | P19: 101 | Q19: 107 | R19: 112 | S19: =SUM(E19:R19) -> 1360
D20: PR | E20: 89 | F20: 70 | G20: 91 | H20: 112 | I20: 101 | J20: 109 | K20: 99 | L20: 83 | M20: 109 | N20: 101 | O20: 91 | P20: 88 | Q20: 98 | R20: 98 | S20: =SUM(E20:R20) -> 1339
D21: JML | E21: =SUM(E19:E20) -> 200 | F21: =SUM(F19:F20) -> 141 | G21: =SUM(G19:G20) -> 180 | H21: =SUM(H19:H20) -> 210 | I21: =SUM(I19:I20) -> 200 | J21: =SUM(J19:J20) -> 219 | K21: =SUM(K19:K20) -> 186 | L21: =SUM(L19:L20) -> 170 | ... R21: =SUM(R19:R20) -> 210 | S21: =SUM(E21:R21) -> 2699
B22: 2. | C22: Jumlah pengguna hak pilih dalam Daftar Pemilih Tambahan (DPTb) | D22: LK | E22: 0 | F22: 0 | G22: 0 | H22: 0 | I22: 0 | J22: 0 | K22: 0 | L22: 0 | M22: 0 | N22: 0 | O22: 0 | P22: 0 | Q22: 0 | R22: 0 | S22: =SUM(E22:R22) -> 0
D23: PR | E23: 0 | F23: 0 | G23: 0 | H23: 0 | I23: 0 | J23: 0 | K23: 0 | L23: 0 | M23: 0 | N23: 0 | O23: 0 | P23: 0 | Q23: 0 | R23: 0 | S23: =SUM(E23:R23) -> 0
D24: JML | E24: =SUM(E22:E23) -> 0 | F24: =SUM(F22:F23) -> 0 | G24: =SUM(G22:G23) -> 0 | H24: =SUM(H22:H23) -> 0 | I24: =SUM(I22:I23) -> 0 | J24: =SUM(J22:J23) -> 0 | K24: =SUM(K22:K23) -> 0 | L24: =SUM(L22:L23) -> 0 | ... R24: =SUM(R22:R23) -> 0 | S24: =SUM(E24:R24) -> 0
B25: 3. | C25: Jumlah pengguna hak pilih dalam Daftar Pemilih Khusus (DPK) | D25: LK | E25: 0 | F25: 0 | G25: 0 | H25: 0 | I25: 0 | J25: 0 | K25: 0 | L25: 0 | M25: 0 | N25: 0 | O25: 0 | P25: 0 | Q25: 0 | R25: 0 | S25: =SUM(E25:R25) -> 0
D26: PR | E26: 0 | F26: 0 | G26: 0 | H26: 0 | I26: 0 | J26: 0 | K26: 0 | L26: 0 | M26: 0 | N26: 0 | O26: 0 | P26: 0 | Q26: 0 | R26: 0 | S26: =SUM(E26:R26) -> 0
D27: JML | E27: =SUM(E25:E26) -> 0 | F27: =SUM(F25:F26) -> 0 | G27: =SUM(G25:G26) -> 0 | H27: =SUM(H25:H26) -> 0 | I27: =SUM(I25:I26) -> 0 | J27: =SUM(J25:J26) -> 0 | K27: =SUM(K25:K26) -> 0 | L27: =SUM(L25:L26) -> 0 | ... R27: =SUM(R25:R26) -> 0 | S27: =SUM(E27:R27) -> 0
B28: 4. | C28: Jumlah Pengguna Hak Pilih (B.1+B.2+B.3) | D28: LK | E28: =SUM(E19,E22,E25) -> 111 | F28: =SUM(F19,F22,F25) -> 71 | G28: =SUM(G19,G22,G25) -> 89 | H28: =SUM(H19,H22,H25) -> 98 | I28: =SUM(I19,I22,I25) -> 99 | J28: =SUM(J19,J22,J25) -> 110 | K28: =SUM(K19,K22,K25) -> 87 | L28: =SUM(L19,L22,L25) -> 87 | ... R28: =SUM(R19,R22,R25) -> 112 | S28: =SUM(E28:R28) -> 1360
D29: PR | E29: =SUM(E20,E23,E26) -> 89 | F29: =SUM(F20,F23,F26) -> 70 | G29: =SUM(G20,G23,G26) -> 91 | H29: =SUM(H20,H23,H26) -> 112 | I29: =SUM(I20,I23,I26) -> 101 | J29: =SUM(J20,J23,J26) -> 109 | K29: =SUM(K20,K23,K26) -> 99 | L29: =SUM(L20,L23,L26) -> 83 | ... R29: =SUM(R20,R23,R26) -> 98 | S29: =SUM(E29:R29) -> 1339
D30: JML | E30: =SUM(E28:E29) -> 200 | F30: =SUM(F28:F29) -> 141 | G30: =SUM(G28:G29) -> 180 | H30: =SUM(H28:H29) -> 210 | I30: =SUM(I28:I29) -> 200 | J30: =SUM(J28:J29) -> 219 | K30: =SUM(K28:K29) -> 186 | L30: =SUM(L28:L29) -> 170 | ... R30: =SUM(R28:R29) -> 210 | S30: =SUM(E30:R30) -> 2699
A32: II | B32: DATA PENGGUNAAN SURAT SUARA
A33: 1 | B33: Jumlah surat suara yang diterima, termasuk surat suara cadangan 2,5% dari DPT | E33: 261 | F33: 201 | G33: 238 | H33: 268 | I33: 265 | J33: 274 | K33: 245 | L33: 207 | M33: 277 | N33: 256 | O33: 231 | P33: 232 | Q33: 255 | R33: 245 | S33: =SUM(E33:R33) -> 3455
A34: 2 | B34: Jumlah surat suara yang digunakan | E34: 200 | F34: 141 | G34: 180 | H34: 210 | I34: 200 | J34: 219 | K34: 186 | L34: 170 | M34: 209 | N34: 194 | O34: 186 | P34: 189 | Q34: 205 | R34: 210 | S34: =SUM(E34:R34) -> 2699
A35: 3 | B35: Jumlah surat suara dikembalikan oleh pemilih (karena rusak atau keliru coblos) | E35: 0 | F35: 0 | G35: 1 | H35: 0 | I35: 0 | J35: 0 | K35: 0 | L35: 0 | M35: 0 | N35: 0 | O35: 1 | P35: 1 | Q35: 0 | R35: 1 | S35: =SUM(E35:R35) -> 4
A36: 4 | B36: Jumlah surat suara yang tidak digunakan/tidak terpakai, termasuk sisa surat suara cadangan | E36: =E33-(E34+E35) -> 61 | F36: =F33-(F34+F35) -> 60 | G36: =G33-(G34+G35) -> 57 | H36: =H33-(H34+H35) -> 58 | I36: =I33-(I34+I35) -> 65 | J36: =J33-(J34+J35) -> 55 | K36: =K33-(K34+K35) -> 59 | L36: =L33-(L34+L35) -> 37 | ... R36: =R33-(R34+R35) -> 34 | S36: =SUM(E36:R36) -> 752
A38: III | B38: DATA PEMILIH DISABILITAS
B39: Jumlah seluruh Pemilih disabilitas yang menggunakan hak pilih | D39: LK | E39: 0 | F39: 0 | G39: 0 | H39: 0 | I39: 0 | J39: 0 | K39: 0 | L39: 1 | M39: 0 | N39: 4 | O39: 0 | P39: 0 | Q39: 0 | R39: 1 | S39: =SUM(E39:R39) -> 6
D40: PR | E40: 0 | F40: 0 | G40: 0 | H40: 0 | I40: 0 | J40: 0 | K40: 1 | L40: 0 | M40: 0 | N40: 0 | O40: 0 | P40: 0 | Q40: 0 | R40: 2 | S40: =SUM(E40:R40) -> 3
D41: JML | E41: =SUM(E39:E40) -> 0 | F41: =SUM(F39:F40) -> 0 | G41: =SUM(G39:G40) -> 0 | H41: =SUM(H39:H40) -> 0 | I41: =SUM(I39:I40) -> 0 | J41: =SUM(J39:J40) -> 0 | K41: =SUM(K39:K40) -> 1 | L41: =SUM(L39:L40) -> 1 | ... R41: =SUM(R39:R40) -> 3 | S41: =SUM(E41:R41) -> 9
A43: IV | B43: DATA RINCIAN PEROLEHAN SUARA PASANGAN CALON BUPATI DAN WAKIL BUPATI
A44: NOMOR DAN NAMA CALON
A45: A.1 | B45: 1. | C45: Partai Kebangkitan Bangsa | E45: 4 | F45: 10 | G45: 5 | H45: 17 | I45: 2 | J45: 7 | K45: 7 | L45: 15 | M45: 10 | N45: 4 | O45: 9 | P45: 8 | Q45: 3 | R45: 1 | S45: =SUM(E45:R45) -> 102
A46: A.2 | C46: 1. Dra. Hj. MA`MULAH HARUN, M.Pd.I. | E46: 7 | F46: 13 | G46: 3 | H46: 32 | I46: 18 | J46: 19 | K46: 21 | L46: 13 | M46: 14 | N46: 12 | O46: 17 | P46: 18 | Q46: 8 | R46: 5 | S46: =SUM(E46:R46) -> 200
C47: 2. UBAIDILLAH, S.Fil.I. | E47: 1 | F47: 1 | G47: 3 | H47: 3 | I47: 4 | J47: 1 | K47: 1 | L47: 2 | M47: 2 | N47: 4 | O47: 1 | P47: 0 | Q47: 0 | R47: 0 | S47: =SUM(E47:R47) -> 23
C48: 3. Ir. H. YOYOK MULYADI, M.Si. | E48: 0 | F48: 0 | G48: 0 | H48: 2 | I48: 0 | J48: 1 | K48: 2 | L48: 2 | M48: 1 | N48: 1 | O48: 0 | P48: 0 | Q48: 0 | R48: 0 | S48: =SUM(E48:R48) -> 9
C49: 4. KHOIRUL ANWAR, S.Fil.I. | E49: 1 | F49: 0 | G49: 1 | H49: 2 | I49: 2 | J49: 1 | K49: 1 | L49: 1 | M49: 3 | N49: 1 | O49: 2 | P49: 2 | Q49: 0 | R49: 0 | S49: =SUM(E49:R49) -> 17
C50: 5. ARIF WIJAKSANA | E50: 0 | F50: 2 | G50: 2 | H50: 3 | I50: 3 | J50: 1 | K50: 0 | L50: 0 | M50: 0 | N50: 4 | O50: 0 | P50: 9 | Q50: 1 | R50: 0 | S50: =SUM(E50:R50) -> 25
C51: 6. Dr. SITI YUMNAH | E51: 0 | F51: 0 | G51: 0 | H51: 0 | I51: 0 | J51: 0 | K51: 0 | L51: 0 | M51: 1 | N51: 0 | O51: 0 | P51: 2 | Q51: 0 | R51: 0 | S51: =SUM(E51:R51) -> 3
C52: 7. MOHAMMAD ZAINI, M.Pd.I. | E52: 0 | F52: 1 | G52: 0 | H52: 0 | I52: 0 | J52: 1 | K52: 1 | L52: 0 | M52: 0 | N52: 0 | O52: 0 | P52: 1 | Q52: 1 | R52: 0 | S52: =SUM(E52:R52) -> 5
C53: 8. FAWAIDUL MAKKIYAH | E53: 0 | F53: 0 | G53: 0 | H53: 0 | I53: 0 | J53: 0 | K53: 0 | L53: 0 | M53: 0 | N53: 0 | O53: 1 | P53: 0 | Q53: 0 | R53: 0 | S53: =SUM(E53:R53) -> 1
C54: 9. IFFAH HIDAYATUR ROHMAH, S.Sos. | E54: 0 | F54: 0 | G54: 0 | H54: 1 | I54: 0 | J54: 1 | K54: 0 | L54: 0 | M54: 0 | N54: 1 | O54: 1 | P54: 0 | Q54: 0 | R54: 0 | S54: =SUM(E54:R54) -> 4
A55: B | B55: JUMLAH SUARA SAH PARTAI POLITIK DAN CALON (A1 + A2) | E55: =SUM(E45:E54) -> 13 | F55: =SUM(F45:F54) -> 27 | G55: =SUM(G45:G54) -> 14 | H55: =SUM(H45:H54) -> 60 | I55: =SUM(I45:I54) -> 29 | J55: =SUM(J45:J54) -> 32 | K55: =SUM(K45:K54) -> 33 | L55: =SUM(L45:L54) -> 33 | ... S55: =SUM(S45:S54) -> 389
A57: A.1 | B57: 2. | C57: Partai Gerakan Indonesia Raya | E57: 14 | F57: 11 | G57: 4 | H57: 16 | I57: 5 | J57: 7 | K57: 6 | L57: 11 | M57: 5 | N57: 2 | O57: 4 | P57: 4 | Q57: 4 | R57: 5 | S57: =SUM(E57:R57) -> 98
A58: A.2 | C58: 1. AHMAD HADINUDDIN, S.Pd.I. | E58: 54 | F58: 3 | G58: 3 | H58: 6 | I58: 69 | J58: 17 | K58: 10 | L58: 8 | M58: 11 | N58: 11 | O58: 4 | P58: 11 | Q58: 8 | R58: 3 | S58: =SUM(E58:R58) -> 218
C59: 2. BIMA RAFSANJANI RAFID | E59: 3 | F59: 3 | G59: 3 | H59: 3 | I59: 8 | J59: 1 | K59: 1 | L59: 7 | M59: 3 | N59: 4 | O59: 13 | P59: 0 | Q59: 7 | R59: 4 | S59: =SUM(E59:R59) -> 60
C60: 3. IRA DAMAYANTI | E60: 2 | F60: 1 | G60: 3 | H60: 2 | I60: 1 | J60: 0 | K60: 1 | L60: 0 | M60: 0 | N60: 4 | O60: 2 | P60: 3 | Q60: 3 | R60: 0 | S60: =SUM(E60:R60) -> 22
C61: 4. MAULANA MALIK IBRAHIM, S.H. | E61: 0 | F61: 1 | G61: 2 | H61: 2 | I61: 3 | J61: 2 | K61: 13 | L61: 0 | M61: 0 | N61: 1 | O61: 0 | P61: 1 | Q61: 1 | R61: 28 | S61: =SUM(E61:R61) -> 54
C62: 5. LULUK ALFIATI | E62: 0 | F62: 0 | G62: 1 | H62: 0 | I62: 1 | J62: 0 | K62: 1 | L62: 0 | M62: 0 | N62: 0 | O62: 0 | P62: 0 | Q62: 1 | R62: 0 | S62: =SUM(E62:R62) -> 4
C63: 6. ILHAM WAHYUDI, S.H. | E63: 1 | F63: 0 | G63: 0 | H63: 0 | I63: 0 | J63: 0 | K63: 2 | L63: 0 | M63: 0 | N63: 0 | O63: 1 | P63: 0 | Q63: 0 | R63: 1 | S63: =SUM(E63:R63) -> 5
C64: 7. HAERUL ANWAR, S.Pd.I. | E64: 0 | F64: 1 | G64: 0 | H64: 0 | I64: 0 | J64: 0 | K64: 0 | L64: 0 | M64: 0 | N64: 1 | O64: 0 | P64: 0 | Q64: 0 | R64: 0 | S64: =SUM(E64:R64) -> 2
C65: 8. YOVI ADHITYA WARDANI | E65: 0 | F65: 0 | G65: 1 | H65: 0 | I65: 0 | J65: 0 | K65: 1 | L65: 0 | M65: 0 | N65: 0 | O65: 0 | P65: 1 | Q65: 0 | R65: 0 | S65: =SUM(E65:R65) -> 3
C66: 9. RITA AMELIA | E66: 0 | F66: 0 | G66: 0 | H66: 1 | I66: 0 | J66: 3 | K66: 0 | L66: 0 | M66: 0 | N66: 1 | O66: 0 | P66: 1 | Q66: 0 | R66: 1 | S66: =SUM(E66:R66) -> 7
A67: B | B67: JUMLAH SUARA SAH PARTAI POLITIK DAN CALON (A1 + A2) | E67: =SUM(E57:E66) -> 74 | F67: =SUM(F57:F66) -> 20 | G67: =SUM(G57:G66) -> 17 | H67: =SUM(H57:H66) -> 30 | I67: =SUM(I57:I66) -> 87 | J67: =SUM(J57:J66) -> 30 | K67: =SUM(K57:K66) -> 35 | L67: =SUM(L57:L66) -> 26 | ... S67: =SUM(S57:S66) -> 473
A69: A.1 | B69: 3. | C69: Partai Demokrasi Indonesia Perjuangan | E69: 13 | F69: 8 | G69: 15 | H69: 14 | I69: 7 | J69: 12 | K69: 10 | L69: 2 | M69: 10 | N69: 3 | O69: 14 | P69: 12 | Q69: 18 | R69: 4 | S69: =SUM(E69:R69) -> 142
A70: A.2 | C70: 1. MARTIN H., S.H., M.H. | E70: 3 | F70: 1 | G70: 6 | H70: 10 | I70: 8 | J70: 6 | K70: 9 | L70: 1 | M70: 7 | N70: 6 | O70: 12 | P70: 2 | Q70: 13 | R70: 10 | S70: =SUM(E70:R70) -> 94
C71: 2. HERMANTO, S.E. | E71: 6 | F71: 1 | G71: 5 | H71: 2 | I71: 9 | J71: 8 | K71: 3 | L71: 3 | M71: 5 | N71: 4 | O71: 7 | P71: 7 | Q71: 14 | R71: 5 | S71: =SUM(E71:R71) -> 79
C72: 3. EVY SUSILAWATI, S.E., M.M. | E72: 2 | F72: 0 | G72: 4 | H72: 6 | I72: 5 | J72: 3 | K72: 3 | L72: 0 | M72: 5 | N72: 7 | O72: 3 | P72: 7 | Q72: 6 | R72: 1 | S72: =SUM(E72:R72) -> 52
C73: 4. M. SIROTTUDIN | E73: 6 | F73: 3 | G73: 4 | H73: 0 | I73: 0 | J73: 2 | K73: 1 | L73: 4 | M73: 5 | N73: 3 | O73: 2 | P73: 4 | Q73: 5 | R73: 3 | S73: =SUM(E73:R73) -> 42
C74: 5. ABDUL HAFID, S.H. | E74: 3 | F74: 1 | G74: 1 | H74: 3 | I74: 1 | J74: 1 | K74: 2 | L74: 1 | M74: 4 | N74: 0 | O74: 2 | P74: 2 | Q74: 1 | R74: 0 | S74: =SUM(E74:R74) -> 22
C75: 6. NIKITA FORTUNA SURYANINGATI, A.Md.Keb. | E75: 2 | F75: 0 | G75: 2 | H75: 0 | I75: 2 | J75: 1 | K75: 0 | L75: 1 | M75: 0 | N75: 1 | O75: 2 | P75: 4 | Q75: 4 | R75: 0 | S75: =SUM(E75:R75) -> 19
C76: 7. YUDHO ILHAM WIJAYA, S.E. | E76: 0 | F76: 0 | G76: 0 | H76: 0 | I76: 0 | J76: 0 | K76: 0 | L76: 0 | M76: 3 | N76: 0 | O76: 1 | P76: 0 | Q76: 3 | R76: 3 | S76: =SUM(E76:R76) -> 10
C77: 8. SETIAWATI, S.H. | E77: 1 | F77: 0 | G77: 0 | H77: 0 | I77: 0 | J77: 0 | K77: 1 | L77: 0 | M77: 0 | N77: 0 | O77: 0 | P77: 0 | Q77: 1 | R77: 1 | S77: =SUM(E77:R77) -> 4
C78: 9. EKO BUDI SANTOSO, S.H. | E78: 0 | F78: 0 | G78: 2 | H78: 1 | I78: 1 | J78: 0 | K78: 0 | L78: 0 | M78: 1 | N78: 1 | O78: 1 | P78: 1 | Q78: 0 | R78: 1 | S78: =SUM(E78:R78) -> 9
A79: B | B79: JUMLAH SUARA SAH PARTAI POLITIK DAN CALON (A1 + A2) | E79: =SUM(E69:E78) -> 36 | F79: =SUM(F69:F78) -> 14 | G79: =SUM(G69:G78) -> 39 | H79: =SUM(H69:H78) -> 36 | I79: =SUM(I69:I78) -> 33 | J79: =SUM(J69:J78) -> 33 | K79: =SUM(K69:K78) -> 29 | L79: =SUM(L69:L78) -> 12 | ... S79: =SUM(S69:S78) -> 473
A81: A.1 | B81: 4. | C81: Partai Golongan Karya | E81: 3 | F81: 8 | G81: 1 | H81: 2 | I81: 0 | J81: 2 | K81: 2 | L81: 5 | M81: 2 | N81: 0 | O81: 1 | P81: 5 | Q81: 7 | R81: 4 | S81: =SUM(E81:R81) -> 42
A82: A.2 | C82: 1. PRANAYA YUDHA MAHARDHIKA | E82: 1 | F82: 7 | G82: 8 | H82: 2 | I82: 3 | J82: 4 | K82: 1 | L82: 4 | M82: 2 | N82: 1 | O82: 2 | P82: 1 | Q82: 1 | R82: 3 | S82: =SUM(E82:R82) -> 40
C83: 2. Dra. Ec. ENDANG SULASTUTY, M.I.P. | E83: 3 | F83: 0 | G83: 1 | H83: 0 | I83: 3 | J83: 5 | K83: 1 | L83: 0 | M83: 1 | N83: 0 | O83: 0 | P83: 0 | Q83: 2 | R83: 1 | S83: =SUM(E83:R83) -> 17
C84: 3. AGUS REJEKI WARTONO | E84: 1 | F84: 2 | G84: 2 | H84: 0 | I84: 2 | J84: 2 | K84: 1 | L84: 1 | M84: 2 | N84: 0 | O84: 0 | P84: 1 | Q84: 0 | R84: 0 | S84: =SUM(E84:R84) -> 14
C85: 4. Hj. TUTUK ASMA'A ZUCHROH, S.T., M.T. | E85: 0 | F85: 0 | G85: 0 | H85: 1 | I85: 5 | J85: 8 | K85: 0 | L85: 0 | M85: 0 | N85: 0 | O85: 2 | P85: 1 | Q85: 0 | R85: 0 | S85: =SUM(E85:R85) -> 17
C86: 5. ADE M. RIZKI, S.E. | E86: 0 | F86: 0 | G86: 0 | H86: 0 | I86: 2 | J86: 3 | K86: 0 | L86: 0 | M86: 4 | N86: 4 | O86: 0 | P86: 0 | Q86: 0 | R86: 1 | S86: =SUM(E86:R86) -> 14
C87: 6. ABDURAKHMAN, Bc.Kn. | E87: 0 | F87: 0 | G87: 1 | H87: 0 | I87: 0 | J87: 1 | K87: 0 | L87: 0 | M87: 0 | N87: 0 | O87: 0 | P87: 0 | Q87: 0 | R87: 0 | S87: =SUM(E87:R87) -> 2
C88: 7. CENDY RHIYAN ADI PUTRI | E88: 0 | F88: 0 | G88: 0 | H88: 0 | I88: 0 | J88: 0 | K88: 0 | L88: 0 | M88: 0 | N88: 0 | O88: 0 | P88: 0 | Q88: 0 | R88: 0 | S88: =SUM(E88:R88) -> 0
C89: 8. BAKTI WIJAYANTO, S.E. | E89: 0 | F89: 0 | G89: 0 | H89: 0 | I89: 0 | J89: 0 | K89: 0 | L89: 0 | M89: 0 | N89: 0 | O89: 0 | P89: 0 | Q89: 0 | R89: 0 | S89: =SUM(E89:R89) -> 0
C90: 9. AHMAD UBAIDILLAH | E90: 0 | F90: 0 | G90: 0 | H90: 1 | I90: 0 | J90: 1 | K90: 1 | L90: 1 | M90: 1 | N90: 1 | O90: 0 | P90: 0 | Q90: 0 | R90: 0 | S90: =SUM(E90:R90) -> 6
A91: B | B91: JUMLAH SUARA SAH PARTAI POLITIK DAN CALON (A1 + A2) | E91: =SUM(E81:E90) -> 8 | F91: =SUM(F81:F90) -> 17 | G91: =SUM(G81:G90) -> 13 | H91: =SUM(H81:H90) -> 6 | I91: =SUM(I81:I90) -> 15 | J91: =SUM(J81:J90) -> 26 | K91: =SUM(K81:K90) -> 6 | L91: =SUM(L81:L90) -> 11 | ... S91: =SUM(S81:S90) -> 152
A93: A.1 | B93: 5. | C93: Partai NasDem | E93: 4 | F93: 1 | G93: 5 | H93: 0 | I93: 1 | J93: 3 | K93: 3 | L93: 1 | M93: 3 | N93: 4 | O93: 0 | P93: 2 | Q93: 1 | R93: 0 | S93: =SUM(E93:R93) -> 28
A94: A.2 | C94: 1. ALI MUSTOFA, A.Md. | E94: 3 | F94: 3 | G94: 12 | H94: 2 | I94: 2 | J94: 3 | K94: 10 | L94: 0 | M94: 3 | N94: 45 | O94: 11 | P94: 2 | Q94: 0 | R94: 1 | S94: =SUM(E94:R94) -> 97
C95: 2. Hj. BUAMI, S.H. | E95: 1 | F95: 0 | G95: 0 | H95: 0 | I95: 0 | J95: 0 | K95: 0 | L95: 0 | M95: 0 | N95: 0 | O95: 0 | P95: 0 | Q95: 0 | R95: 0 | S95: =SUM(E95:R95) -> 1
C96: 3. SUGIONO, S.H. | E96: 0 | F96: 0 | G96: 1 | H96: 0 | I96: 0 | J96: 0 | K96: 0 | L96: 1 | M96: 0 | N96: 0 | O96: 0 | P96: 0 | Q96: 0 | R96: 0 | S96: =SUM(E96:R96) -> 2
C97: 4. LULUK SUNARMIATININGSIH | E97: 0 | F97: 0 | G97: 3 | H97: 0 | I97: 0 | J97: 0 | K97: 0 | L97: 0 | M97: 0 | N97: 0 | O97: 0 | P97: 0 | Q97: 0 | R97: 0 | S97: =SUM(E97:R97) -> 3
C98: 5. ANTON DJULIANTO ADI | E98: 0 | F98: 0 | G98: 1 | H98: 0 | I98: 0 | J98: 0 | K98: 0 | L98: 0 | M98: 0 | N98: 0 | O98: 0 | P98: 0 | Q98: 0 | R98: 0 | S98: =SUM(E98:R98) -> 1
C99: 6. MOKHAMAD ROFI'I KHUSNAN | E99: 0 | F99: 0 | G99: 0 | H99: 0 | I99: 0 | J99: 0 | K99: 0 | L99: 0 | M99: 0 | N99: 0 | O99: 0 | P99: 0 | Q99: 0 | R99: 0 | S99: =SUM(E99:R99) -> 0
C100: 7. Rr SETYO WATI | E100: 0 | F100: 0 | G100: 1 | H100: 0 | I100: 0 | J100: 0 | K100: 0 | L100: 0 | M100: 0 | N100: 0 | O100: 0 | P100: 0 | Q100: 0 | R100: 0 | S100: =SUM(E100:R100) -> 1
C101: 8. ABD. KADIR ASSEGAFF | E101: 0 | F101: 0 | G101: 0 | H101: 0 | I101: 0 | J101: 0 | K101: 0 | L101: 0 | M101: 0 | N101: 0 | O101: 0 | P101: 1 | Q101: 0 | R101: 1 | S101: =SUM(E101:R101) -> 2
C102: 9. FATHOR ZAINULLAH | E102: 0 | F102: 0 | G102: 0 | H102: 0 | I102: 0 | J102: 0 | K102: 0 | L102: 0 | M102: 0 | N102: 0 | O102: 0 | P102: 0 | Q102: 0 | R102: 0 | S102: =SUM(E102:R102) -> 0
A103: B | B103: JUMLAH SUARA SAH PARTAI POLITIK DAN CALON (A1 + A2) | E103: =SUM(E93:E102) -> 8 | F103: =SUM(F93:F102) -> 4 | G103: =SUM(G93:G102) -> 23 | H103: =SUM(H93:H102) -> 2 | I103: =SUM(I93:I102) -> 3 | J103: =SUM(J93:J102) -> 6 | K103: =SUM(K93:K102) -> 13 | L103: =SUM(L93:L102) -> 2 | ... S103: =SUM(S93:S102) -> 135
A105: A.1 | B105: 6. | C105: Partai Buruh | E105: 1 | F105: 0 | G105: 2 | H105: 1 | I105: 0 | J105: 1 | K105: 1 | L105: 0 | M105: 0 | N105: 1 | O105: 0 | P105: 1 | Q105: 1 | R105: 0 | S105: =SUM(E105:R105) -> 9
A106: A.2 | C106: 1. AGUS SUPRIYADI | E106: 0 | F106: 0 | G106: 0 | H106: 0 | I106: 0 | J106: 0 | K106: 1 | L106: 0 | M106: 2 | N106: 0 | O106: 0 | P106: 0 | Q106: 0 | R106: 0 | S106: =SUM(E106:R106) -> 3
C107: 2. ENI HARIATI | E107: 0 | F107: 0 | G107: 1 | H107: 0 | I107: 0 | J107: 0 | K107: 0 | L107: 0 | M107: 0 | N107: 1 | O107: 1 | P107: 0 | Q107: 0 | R107: 0 | S107: =SUM(E107:R107) -> 3
S108: =SUM(E108:R108) -> 0
S109: =SUM(E109:R109) -> 0
S110: =SUM(E110:R110) -> 0
S111: =SUM(E111:R111) -> 0
S112: =SUM(E112:R112) -> 0
S113: =SUM(E113:R113) -> 0
S114: =SUM(E114:R114) -> 0
A115: B | B115: JUMLAH SUARA SAH PARTAI POLITIK DAN CALON (A1 + A2) | E115: =SUM(E105:E114) -> 1 | F115: =SUM(F105:F114) -> 0 | G115: =SUM(G105:G114) -> 3 | H115: =SUM(H105:H114) -> 1 | I115: =SUM(I105:I114) -> 0 | J115: =SUM(J105:J114) -> 1 | K115: =SUM(K105:K114) -> 2 | L115: =SUM(L105:L114) -> 0 | ... S115: =SUM(S105:S114) -> 15
A117: A.1 | B117: 7. | C117: Partai Gelombang Rakyat Indonesia | E117: 1 | F117: 0 | G117: 0 | H117: 1 | I117: 0 | J117: 0 | K117: 1 | L117: 1 | M117: 0 | N117: 1 | O117: 0 | P117: 4 | Q117: 2 | R117: 0 | S117: =SUM(E117:R117) -> 11
...

Sheet PURWOASRI
C2: Kecamatan | D2: TEGALDLIMO
C3: Kabupaten | D3: BANYUWANGI
C4: Provinsi | D4: JAWA TIMUR
C9: Kelurahan | D9: PURWOASRI
A12: I | B12: DATA PEMILIH DAN PENGGUNAAN HAK PILIH | S12: JUMLAH AKHIR
A13: A | B13: DATA PEMILIH | E13: TPS 001 | F13: TPS 002 | G13: TPS 003 | H13: TPS 004 | I13: TPS 005 | J13: TPS 006 | K13: TPS 007 | L13: TPS 008 | M13: TPS 009 | N13: TPS 010 | O13: TPS 011 | P13: TPS 012 | Q13: TPS 013 | R13: TPS 014
B14: Jumlah Pemilih dalam Daftar Pemilih Tetap (DPT) | D14: LK | E14: 139 | F14: 143 | G14: 158 | H14: 131 | I14: 140 | J14: 115 | K14: 152 | L14: 144 | M14: 155 | N14: 138 | O14: 136 | P14: 141 | Q14: 129 | R14: 142 | S14: =SUM(E14:R14) -> 1963
D15: PR | E15: 145 | F15: 152 | G15: 137 | H15: 142 | I15: 139 | J15: 126 | K15: 129 | L15: 143 | M15: 135 | N15: 146 | O15: 138 | P15: 129 | Q15: 141 | R15: 131 | S15: =SUM(E15:R15) -> 1933
D16: JML | E16: =SUM(E14:E15) -> 284 | F16: =SUM(F14:F15) -> 295 | G16: =SUM(G14:G15) -> 295 | H16: =SUM(H14:H15) -> 273 | I16: =SUM(I14:I15) -> 279 | J16: =SUM(J14:J15) -> 241 | K16: =SUM(K14:K15) -> 281 | L16: =SUM(L14:L15) -> 287 | ... R16: =SUM(R14:R15) -> 273 | S16: =SUM(E16:R16) -> 3896
A18: B | B18: PENGGUNA HAK PILIH
B19: 1. | C19: Jumlah pengguna hak pilih dalam Daftar Pemilih Tetap (DPT) | D19: LK | E19: 113 | F19: 123 | G19: 139 | H19: 101 | I19: 98 | J19: 98 | K19: 130 | L19: 125 | M19: 107 | N19: 110 | O19: 100 | P19: 105 | Q19: 100 | R19: 106 | S19: =SUM(E19:R19) -> 1555
D20: PR | E20: 120 | F20: 127 | G20: 122 | H20: 114 | I20: 111 | J20: 103 | K20: 109 | L20: 131 | M20: 94 | N20: 120 | O20: 108 | P20: 100 | Q20: 115 | R20: 110 | S20: =SUM(E20:R20) -> 1584
D21: JML | E21: =SUM(E19:E20) -> 233 | F21: =SUM(F19:F20) -> 250 | G21: =SUM(G19:G20) -> 261 | H21: =SUM(H19:H20) -> 215 | I21: =SUM(I19:I20) -> 209 | J21: =SUM(J19:J20) -> 201 | K21: =SUM(K19:K20) -> 239 | L21: =SUM(L19:L20) -> 256 | ... R21: =SUM(R19:R20) -> 216 | S21: =SUM(E21:R21) -> 3139
B22: 2. | C22: Jumlah pengguna hak pilih dalam Daftar Pemilih Tambahan (DPTb) | D22: LK | E22: 0 | F22: 1 | G22: 1 | H22: 1 | I22: 0 | J22: 1 | K22: 0 | L22: 0 | M22: 0 | N22: 1 | O22: 0 | P22: 0 | Q22: 0 | R22: 1 | S22: =SUM(E22:R22) -> 6
D23: PR | E23: 0 | F23: 2 | G23: 0 | H23: 0 | I23: 0 | J23: 1 | K23: 0 | L23: 1 | M23: 0 | N23: 1 | O23: 0 | P23: 0 | Q23: 0 | R23: 0 | S23: =SUM(E23:R23) -> 5
D24: JML | E24: =SUM(E22:E23) -> 0 | F24: =SUM(F22:F23) -> 3 | G24: =SUM(G22:G23) -> 1 | H24: =SUM(H22:H23) -> 1 | I24: =SUM(I22:I23) -> 0 | J24: =SUM(J22:J23) -> 2 | K24: =SUM(K22:K23) -> 0 | L24: =SUM(L22:L23) -> 1 | ... R24: =SUM(R22:R23) -> 1 | S24: =SUM(E24:R24) -> 11
B25: 3. | C25: Jumlah pengguna hak pilih dalam Daftar Pemilih Khusus (DPK) | D25: LK | E25: 2 | F25: 0 | G25: 0 | H25: 1 | I25: 0 | J25: 0 | K25: 0 | L25: 0 | M25: 0 | N25: 2 | O25: 0 | P25: 1 | Q25: 0 | R25: 0 | S25: =SUM(E25:R25) -> 6
D26: PR | E26: 0 | F26: 0 | G26: 0 | H26: 5 | I26: 0 | J26: 0 | K26: 1 | L26: 0 | M26: 0 | N26: 1 | O26: 2 | P26: 1 | Q26: 0 | R26: 1 | S26: =SUM(E26:R26) -> 11
D27: JML | E27: =SUM(E25:E26) -> 2 | F27: =SUM(F25:F26) -> 0 | G27: =SUM(G25:G26) -> 0 | H27: =SUM(H25:H26) -> 6 | I27: =SUM(I25:I26) -> 0 | J27: =SUM(J25:J26) -> 0 | K27: =SUM(K25:K26) -> 1 | L27: =SUM(L25:L26) -> 0 | ... R27: =SUM(R25:R26) -> 1 | S27: =SUM(E27:R27) -> 17
B28: 4. | C28: Jumlah Pengguna Hak Pilih (B.1+B.2+B.3) | D28: LK | E28: =SUM(E19,E22,E25) -> 115 | F28: =SUM(F19,F22,F25) -> 124 | G28: =SUM(G19,G22,G25) -> 140 | H28: =SUM(H19,H22,H25) -> 103 | I28: =SUM(I19,I22,I25) -> 98 | J28: =SUM(J19,J22,J25) -> 99 | K28: =SUM(K19,K22,K25) -> 130 | L28: =SUM(L19,L22,L25) -> 125 | ... R28: =SUM(R19,R22,R25) -> 107 | S28: =SUM(E28:R28) -> 1567
D29: PR | E29: =SUM(E20,E23,E26) -> 120 | F29: =SUM(F20,F23,F26) -> 129 | G29: =SUM(G20,G23,G26) -> 122 | H29: =SUM(H20,H23,H26) -> 119 | I29: =SUM(I20,I23,I26) -> 111 | J29: =SUM(J20,J23,J26) -> 104 | K29: =SUM(K20,K23,K26) -> 110 | L29: =SUM(L20,L23,L26) -> 132 | ... R29: =SUM(R20,R23,R26) -> 111 | S29: =SUM(E29:R29) -> 1600
D30: JML | E30: =SUM(E28:E29) -> 235 | F30: =SUM(F28:F29) -> 253 | G30: =SUM(G28:G29) -> 262 | H30: =SUM(H28:H29) -> 222 | I30: =SUM(I28:I29) -> 209 | J30: =SUM(J28:J29) -> 203 | K30: =SUM(K28:K29) -> 240 | L30: =SUM(L28:L29) -> 257 | ... R30: =SUM(R28:R29) -> 218 | S30: =SUM(E30:R30) -> 3167
A32: II | B32: DATA PENGGUNAAN SURAT SUARA
A33: 1 | B33: Jumlah surat suara yang diterima, termasuk surat suara cadangan 2,5% dari DPT | E33: 290 | F33: 301 | G33: 301 | H33: 279 | I33: 285 | J33: 246 | K33: 287 | L33: 293 | M33: 296 | N33: 290 | O33: 280 | P33: 276 | Q33: 276 | R33: 280 | S33: =SUM(E33:R33) -> 3980
A34: 2 | B34: Jumlah surat suara yang digunakan | E34: 235 | F34: 253 | G34: 262 | H34: 222 | I34: 209 | J34: 203 | K34: 240 | L34: 257 | M34: 201 | N34: 235 | O34: 210 | P34: 207 | Q34: 215 | R34: 218 | S34: =SUM(E34:R34) -> 3167
A35: 3 | B35: Jumlah surat suara dikembalikan oleh pemilih (karena rusak atau keliru coblos) | E35: 2 | F35: 1 | G35: 0 | H35: 0 | I35: 1 | J35: 0 | K35: 0 | L35: 1 | M35: 0 | N35: 0 | O35: 1 | P35: 1 | Q35: 0 | R35: 0 | S35: =SUM(E35:R35) -> 7
A36: 4 | B36: Jumlah surat suara yang tidak digunakan/tidak terpakai, termasuk sisa surat suara cadangan | E36: =E33-(E34+E35) -> 53 | F36: =F33-(F34+F35) -> 47 | G36: =G33-(G34+G35) -> 39 | H36: =H33-(H34+H35) -> 57 | I36: =I33-(I34+I35) -> 75 | J36: =J33-(J34+J35) -> 43 | K36: =K33-(K34+K35) -> 47 | L36: =L33-(L34+L35) -> 35 | ... R36: =R33-(R34+R35) -> 62 | S36: =SUM(E36:R36) -> 806
A38: III | B38: DATA PEMILIH DISABILITAS
B39: Jumlah seluruh Pemilih disabilitas yang menggunakan hak pilih | D39: LK | E39: 1 | F39: 0 | G39: 0 | H39: 0 | I39: 0 | J39: 0 | K39: 0 | L39: 0 | M39: 0 | N39: 1 | O39: 0 | P39: 0 | Q39: 1 | R39: 0 | S39: =SUM(E39:R39) -> 3
D40: PR | E40: 1 | F40: 0 | G40: 0 | H40: 0 | I40: 1 | J40: 0 | K40: 0 | L40: 0 | M40: 0 | N40: 0 | O40: 0 | P40: 1 | Q40: 3 | R40: 0 | S40: =SUM(E40:R40) -> 6
D41: JML | E41: =SUM(E39:E40) -> 2 | F41: =SUM(F39:F40) -> 0 | G41: =SUM(G39:G40) -> 0 | H41: =SUM(H39:H40) -> 0 | I41: =SUM(I39:I40) -> 1 | J41: =SUM(J39:J40) -> 0 | K41: =SUM(K39:K40) -> 0 | L41: =SUM(L39:L40) -> 0 | ... R41: =SUM(R39:R40) -> 0 | S41: =SUM(E41:R41) -> 9
A43: IV | B43: DATA RINCIAN PEROLEHAN SUARA PASANGAN CALON BUPATI DAN WAKIL BUPATI
A44: NOMOR DAN NAMA CALON
A45: A.1 | B45: 1. | C45: Partai Kebangkitan Bangsa | E45: 5 | F45: 5 | G45: 11 | H45: 1 | I45: 4 | J45: 2 | K45: 6 | L45: 7 | M45: 7 | N45: 7 | O45: 4 | P45: 3 | Q45: 8 | R45: 3 | S45: =SUM(E45:R45) -> 73
A46: A.2 | C46: 1. Dra. Hj. MA`MULAH HARUN, M.Pd.I. | E46: 6 | F46: 3 | G46: 18 | H46: 3 | I46: 7 | J46: 9 | K46: 7 | L46: 24 | M46: 16 | N46: 7 | O46: 5 | P46: 16 | Q46: 8 | R46: 10 | S46: =SUM(E46:R46) -> 139
C47: 2. UBAIDILLAH, S.Fil.I. | E47: 0 | F47: 2 | G47: 1 | H47: 0 | I47: 2 | J47: 5 | K47: 12 | L47: 1 | M47: 3 | N47: 1 | O47: 0 | P47: 3 | Q47: 9 | R47: 4 | S47: =SUM(E47:R47) -> 43
C48: 3. Ir. H. YOYOK MULYADI, M.Si. | E48: 0 | F48: 0 | G48: 0 | H48: 0 | I48: 0 | J48: 1 | K48: 1 | L48: 0 | M48: 1 | N48: 0 | O48: 0 | P48: 0 | Q48: 1 | R48: 0 | S48: =SUM(E48:R48) -> 4
C49: 4. KHOIRUL ANWAR, S.Fil.I. | E49: 0 | F49: 0 | G49: 2 | H49: 0 | I49: 2 | J49: 1 | K49: 0 | L49: 0 | M49: 0 | N49: 1 | O49: 1 | P49: 1 | Q49: 1 | R49: 1 | S49: =SUM(E49:R49) -> 10
C50: 5. ARIF WIJAKSANA | E50: 1 | F50: 0 | G50: 1 | H50: 0 | I50: 1 | J50: 4 | K50: 1 | L50: 1 | M50: 1 | N50: 1 | O50: 0 | P50: 1 | Q50: 3 | R50: 0 | S50: =SUM(E50:R50) -> 15
C51: 6. Dr. SITI YUMNAH | E51: 1 | F51: 3 | G51: 0 | H51: 0 | I51: 0 | J51: 0 | K51: 0 | L51: 1 | M51: 0 | N51: 0 | O51: 1 | P51: 1 | Q51: 1 | R51: 1 | S51: =SUM(E51:R51) -> 9
C52: 7. MOHAMMAD ZAINI, M.Pd.I. | E52: 0 | F52: 0 | G52: 0 | H52: 0 | I52: 1 | J52: 0 | K52: 0 | L52: 1 | M52: 0 | N52: 2 | O52: 0 | P52: 0 | Q52: 1 | R52: 0 | S52: =SUM(E52:R52) -> 5
C53: 8. FAWAIDUL MAKKIYAH | E53: 0 | F53: 0 | G53: 0 | H53: 0 | I53: 0 | J53: 1 | K53: 0 | L53: 0 | M53: 0 | N53: 0 | O53: 0 | P53: 0 | Q53: 0 | R53: 0 | S53: =SUM(E53:R53) -> 1
C54: 9. IFFAH HIDAYATUR ROHMAH, S.Sos. | E54: 0 | F54: 1 | G54: 1 | H54: 0 | I54: 0 | J54: 0 | K54: 0 | L54: 0 | M54: 0 | N54: 1 | O54: 0 | P54: 1 | Q54: 1 | R54: 0 | S54: =SUM(E54:R54) -> 5
A55: B | B55: JUMLAH SUARA SAH PARTAI POLITIK DAN CALON (A1 + A2) | E55: =SUM(E45:E54) -> 13 | F55: =SUM(F45:F54) -> 14 | G55: =SUM(G45:G54) -> 34 | H55: =SUM(H45:H54) -> 4 | I55: =SUM(I45:I54) -> 17 | J55: =SUM(J45:J54) -> 23 | K55: =SUM(K45:K54) -> 27 | L55: =SUM(L45:L54) -> 35 | ... S55: =SUM(S45:S54) -> 304
A57: A.1 | B57: 2. | C57: Partai Gerakan Indonesia Raya | E57: 2 | F57: 1 | G57: 3 | H57: 10 | I57: 9 | J57: 4 | K57: 4 | L57: 3 | M57: 5 | N57: 3 | O57: 6 | P57: 7 | Q57: 11 | R57: 4 | S57: =SUM(E57:R57) -> 72
A58: A.2 | C58: 1. AHMAD HADINUDDIN, S.Pd.I. | E58: 5 | F58: 0 | G58: 13 | H58: 0 | I58: 7 | J58: 3 | K58: 4 | L58: 2 | M58: 2 | N58: 6 | O58: 4 | P58: 6 | Q58: 3 | R58: 2 | S58: =SUM(E58:R58) -> 57
C59: 2. BIMA RAFSANJANI RAFID | E59: 2 | F59: 2 | G59: 1 | H59: 8 | I59: 3 | J59: 6 | K59: 5 | L59: 0 | M59: 2 | N59: 2 | O59: 0 | P59: 0 | Q59: 8 | R59: 0 | S59: =SUM(E59:R59) -> 39
C60: 3. IRA DAMAYANTI | E60: 1 | F60: 0 | G60: 0 | H60: 1 | I60: 1 | J60: 1 | K60: 1 | L60: 0 | M60: 0 | N60: 0 | O60: 2 | P60: 1 | Q60: 2 | R60: 2 | S60: =SUM(E60:R60) -> 12
C61: 4. MAULANA MALIK IBRAHIM, S.H. | E61: 3 | F61: 16 | G61: 12 | H61: 1 | I61: 4 | J61: 0 | K61: 0 | L61: 3 | M61: 1 | N61: 0 | O61: 2 | P61: 0 | Q61: 0 | R61: 0 | S61: =SUM(E61:R61) -> 42
C62: 5. LULUK ALFIATI | E62: 1 | F62: 0 | G62: 0 | H62: 1 | I62: 1 | J62: 0 | K62: 2 | L62: 1 | M62: 0 | N62: 0 | O62: 1 | P62: 0 | Q62: 0 | R62: 0 | S62: =SUM(E62:R62) -> 7
C63: 6. ILHAM WAHYUDI, S.H. | E63: 0 | F63: 0 | G63: 0 | H63: 1 | I63: 1 | J63: 0 | K63: 2 | L63: 0 | M63: 0 | N63: 0 | O63: 0 | P63: 0 | Q63: 0 | R63: 0 | S63: =SUM(E63:R63) -> 4
C64: 7. HAERUL ANWAR, S.Pd.I. | E64: 1 | F64: 0 | G64: 0 | H64: 0 | I64: 0 | J64: 0 | K64: 0 | L64: 1 | M64: 0 | N64: 0 | O64: 0 | P64: 0 | Q64: 0 | R64: 0 | S64: =SUM(E64:R64) -> 2
C65: 8. YOVI ADHITYA WARDANI | E65: 0 | F65: 0 | G65: 0 | H65: 0 | I65: 0 | J65: 0 | K65: 0 | L65: 0 | M65: 0 | N65: 0 | O65: 0 | P65: 0 | Q65: 0 | R65: 0 | S65: =SUM(E65:R65) -> 0
C66: 9. RITA AMELIA | E66: 0 | F66: 1 | G66: 0 | H66: 0 | I66: 0 | J66: 0 | K66: 0 | L66: 0 | M66: 0 | N66: 0 | O66: 1 | P66: 0 | Q66: 0 | R66: 0 | S66: =SUM(E66:R66) -> 2
A67: B | B67: JUMLAH SUARA SAH PARTAI POLITIK DAN CALON (A1 + A2) | E67: =SUM(E57:E66) -> 15 | F67: =SUM(F57:F66) -> 20 | G67: =SUM(G57:G66) -> 29 | H67: =SUM(H57:H66) -> 22 | I67: =SUM(I57:I66) -> 26 | J67: =SUM(J57:J66) -> 14 | K67: =SUM(K57:K66) -> 18 | L67: =SUM(L57:L66) -> 10 | ... S67: =SUM(S57:S66) -> 237
A69: A.1 | B69: 3. | C69: Partai Demokrasi Indonesia Perjuangan | E69: 2 | F69: 10 | G69: 1 | H69: 10 | I69: 13 | J69: 1 | K69: 5 | L69: 2 | M69: 1 | N69: 5 | O69: 7 | P69: 5 | Q69: 2 | R69: 5 | S69: =SUM(E69:R69) -> 69
A70: A.2 | C70: 1. MARTIN H., S.H., M.H. | E70: 10 | F70: 2 | G70: 2 | H70: 12 | I70: 1 | J70: 2 | K70: 6 | L70: 2 | M70: 6 | N70: 4 | O70: 5 | P70: 1 | Q70: 1 | R70: 1 | S70: =SUM(E70:R70) -> 55
C71: 2. HERMANTO, S.E. | E71: 4 | F71: 3 | G71: 4 | H71: 3 | I71: 2 | J71: 4 | K71: 4 | L71: 4 | M71: 8 | N71: 1 | O71: 5 | P71: 2 | Q71: 2 | R71: 2 | S71: =SUM(E71:R71) -> 48
C72: 3. EVY SUSILAWATI, S.E., M.M. | E72: 4 | F72: 3 | G72: 2 | H72: 1 | I72: 1 | J72: 2 | K72: 0 | L72: 1 | M72: 8 | N72: 4 | O72: 2 | P72: 2 | Q72: 2 | R72: 3 | S72: =SUM(E72:R72) -> 35
C73: 4. M. SIROTTUDIN | E73: 4 | F73: 4 | G73: 2 | H73: 2 | I73: 4 | J73: 5 | K73: 1 | L73: 1 | M73: 1 | N73: 1 | O73: 1 | P73: 2 | Q73: 3 | R73: 2 | S73: =SUM(E73:R73) -> 33
C74: 5. ABDUL HAFID, S.H. | E74: 2 | F74: 0 | G74: 2 | H74: 0 | I74: 0 | J74: 1 | K74: 3 | L74: 0 | M74: 0 | N74: 0 | O74: 1 | P74: 0 | Q74: 1 | R74: 0 | S74: =SUM(E74:R74) -> 10
C75: 6. NIKITA FORTUNA SURYANINGATI, A.Md.Keb. | E75: 2 | F75: 0 | G75: 1 | H75: 1 | I75: 0 | J75: 2 | K75: 1 | L75: 1 | M75: 2 | N75: 1 | O75: 1 | P75: 1 | Q75: 0 | R75: 0 | S75: =SUM(E75:R75) -> 13
C76: 7. YUDHO ILHAM WIJAYA, S.E. | E76: 0 | F76: 1 | G76: 0 | H76: 1 | I76: 1 | J76: 1 | K76: 0 | L76: 1 | M76: 2 | N76: 0 | O76: 0 | P76: 0 | Q76: 0 | R76: 0 | S76: =SUM(E76:R76) -> 7
C77: 8. SETIAWATI, S.H. | E77: 0 | F77: 1 | G77: 0 | H77: 1 | I77: 0 | J77: 1 | K77: 0 | L77: 0 | M77: 0 | N77: 1 | O77: 0 | P77: 0 | Q77: 0 | R77: 0 | S77: =SUM(E77:R77) -> 4
C78: 9. EKO BUDI SANTOSO, S.H. | E78: 0 | F78: 1 | G78: 4 | H78: 0 | I78: 1 | J78: 0 | K78: 1 | L78: 0 | M78: 2 | N78: 0 | O78: 0 | P78: 1 | Q78: 0 | R78: 1 | S78: =SUM(E78:R78) -> 11
A79: B | B79: JUMLAH SUARA SAH PARTAI POLITIK DAN CALON (A1 + A2) | E79: =SUM(E69:E78) -> 28 | F79: =SUM(F69:F78) -> 25 | G79: =SUM(G69:G78) -> 18 | H79: =SUM(H69:H78) -> 31 | I79: =SUM(I69:I78) -> 23 | J79: =SUM(J69:J78) -> 19 | K79: =SUM(K69:K78) -> 21 | L79: =SUM(L69:L78) -> 12 | ... S79: =SUM(S69:S78) -> 285
A81: A.1 | B81: 4. | C81: Partai Golongan Karya | E81: 1 | F81: 0 | G81: 1 | H81: 0 | I81: 3 | J81: 1 | K81: 4 | L81: 0 | M81: 2 | N81: 1 | O81: 8 | P81: 5 | Q81: 3 | R81: 0 | S81: =SUM(E81:R81) -> 29
A82: A.2 | C82: 1. PRANAYA YUDHA MAHARDHIKA | E82: 2 | F82: 1 | G82: 0 | H82: 3 | I82: 2 | J82: 2 | K82: 4 | L82: 0 | M82: 1 | N82: 1 | O82: 8 | P82: 6 | Q82: 5 | R82: 1 | S82: =SUM(E82:R82) -> 36
C83: 2. Dra. Ec. ENDANG SULASTUTY, M.I.P. | E83: 1 | F83: 0 | G83: 0 | H83: 2 | I83: 0 | J83: 2 | K83: 1 | L83: 0 | M83: 0 | N83: 1 | O83: 1 | P83: 3 | Q83: 1 | R83: 1 | S83: =SUM(E83:R83) -> 13
C84: 3. AGUS REJEKI WARTONO | E84: 0 | F84: 1 | G84: 0 | H84: 3 | I84: 0 | J84: 0 | K84: 1 | L84: 0 | M84: 0 | N84: 0 | O84: 2 | P84: 2 | Q84: 1 | R84: 0 | S84: =SUM(E84:R84) -> 10
C85: 4. Hj. TUTUK ASMA'A ZUCHROH, S.T., M.T. | E85: 1 | F85: 0 | G85: 0 | H85: 0 | I85: 1 | J85: 2 | K85: 1 | L85: 0 | M85: 0 | N85: 0 | O85: 1 | P85: 1 | Q85: 0 | R85: 0 | S85: =SUM(E85:R85) -> 7
C86: 5. ADE M. RIZKI, S.E. | E86: 1 | F86: 0 | G86: 0 | H86: 0 | I86: 1 | J86: 0 | K86: 2 | L86: 1 | M86: 0 | N86: 0 | O86: 0 | P86: 0 | Q86: 1 | R86: 0 | S86: =SUM(E86:R86) -> 6
C87: 6. ABDURAKHMAN, Bc.Kn. | E87: 0 | F87: 0 | G87: 1 | H87: 1 | I87: 1 | J87: 0 | K87: 0 | L87: 0 | M87: 0 | N87: 0 | O87: 0 | P87: 0 | Q87: 0 | R87: 0 | S87: =SUM(E87:R87) -> 3
C88: 7. CENDY RHIYAN ADI PUTRI | E88: 0 | F88: 0 | G88: 0 | H88: 0 | I88: 1 | J88: 1 | K88: 0 | L88: 0 | M88: 0 | N88: 0 | O88: 0 | P88: 0 | Q88: 1 | R88: 0 | S88: =SUM(E88:R88) -> 3
C89: 8. BAKTI WIJAYANTO, S.E. | E89: 0 | F89: 0 | G89: 1 | H89: 0 | I89: 0 | J89: 0 | K89: 0 | L89: 0 | M89: 0 | N89: 0 | O89: 0 | P89: 0 | Q89: 0 | R89: 0 | S89: =SUM(E89:R89) -> 1
C90: 9. AHMAD UBAIDILLAH | E90: 1 | F90: 0 | G90: 1 | H90: 0 | I90: 2 | J90: 4 | K90: 1 | L90: 3 | M90: 0 | N90: 0 | O90: 0 | P90: 0 | Q90: 0 | R90: 0 | S90: =SUM(E90:R90) -> 12
A91: B | B91: JUMLAH SUARA SAH PARTAI POLITIK DAN CALON (A1 + A2) | E91: =SUM(E81:E90) -> 7 | F91: =SUM(F81:F90) -> 2 | G91: =SUM(G81:G90) -> 4 | H91: =SUM(H81:H90) -> 9 | I91: =SUM(I81:I90) -> 11 | J91: =SUM(J81:J90) -> 12 | K91: =SUM(K81:K90) -> 14 | L91: =SUM(L81:L90) -> 4 | ... S91: =SUM(S81:S90) -> 120
A93: A.1 | B93: 5. | C93: Partai NasDem | E93: 3 | F93: 2 | G93: 1 | H93: 1 | I93: 9 | J93: 5 | K93: 8 | L93: 4 | M93: 0 | N93: 5 | O93: 3 | P93: 4 | Q93: 6 | R93: 0 | S93: =SUM(E93:R93) -> 51
A94: A.2 | C94: 1. ALI MUSTOFA, A.Md. | E94: 31 | F94: 18 | G94: 29 | H94: 9 | I94: 27 | J94: 39 | K94: 62 | L94: 133 | M94: 24 | N94: 23 | O94: 26 | P94: 3 | Q94: 15 | R94: 2 | S94: =SUM(E94:R94) -> 441
C95: 2. Hj. BUAMI, S.H. | E95: 0 | F95: 0 | G95: 0 | H95: 0 | I95: 1 | J95: 0 | K95: 1 | L95: 0 | M95: 0 | N95: 1 | O95: 1 | P95: 0 | Q95: 0 | R95: 0 | S95: =SUM(E95:R95) -> 4
C96: 3. SUGIONO, S.H. | E96: 0 | F96: 0 | G96: 0 | H96: 0 | I96: 3 | J96: 0 | K96: 0 | L96: 1 | M96: 0 | N96: 1 | O96: 0 | P96: 0 | Q96: 1 | R96: 1 | S96: =SUM(E96:R96) -> 7
C97: 4. LULUK SUNARMIATININGSIH | E97: 0 | F97: 0 | G97: 0 | H97: 2 | I97: 0 | J97: 0 | K97: 0 | L97: 0 | M97: 0 | N97: 0 | O97: 0 | P97: 1 | Q97: 0 | R97: 0 | S97: =SUM(E97:R97) -> 3
C98: 5. ANTON DJULIANTO ADI | E98: 0 | F98: 0 | G98: 0 | H98: 1 | I98: 1 | J98: 1 | K98: 0 | L98: 1 | M98: 0 | N98: 0 | O98: 1 | P98: 1 | Q98: 1 | R98: 1 | S98: =SUM(E98:R98) -> 8
C99: 6. MOKHAMAD ROFI'I KHUSNAN | E99: 0 | F99: 0 | G99: 0 | H99: 0 | I99: 1 | J99: 1 | K99: 0 | L99: 0 | M99: 0 | N99: 0 | O99: 1 | P99: 0 | Q99: 2 | R99: 0 | S99: =SUM(E99:R99) -> 5
C100: 7. Rr SETYO WATI | E100: 0 | F100: 0 | G100: 0 | H100: 0 | I100: 0 | J100: 0 | K100: 0 | L100: 0 | M100: 0 | N100: 0 | O100: 0 | P100: 0 | Q100: 0 | R100: 0 | S100: =SUM(E100:R100) -> 0
C101: 8. ABD. KADIR ASSEGAFF | E101: 0 | F101: 0 | G101: 0 | H101: 0 | I101: 0 | J101: 0 | K101: 0 | L101: 0 | M101: 0 | N101: 0 | O101: 0 | P101: 0 | Q101: 0 | R101: 0 | S101: =SUM(E101:R101) -> 0
C102: 9. FATHOR ZAINULLAH | E102: 0 | F102: 0 | G102: 0 | H102: 0 | I102: 0 | J102: 0 | K102: 0 | L102: 0 | M102: 0 | N102: 0 | O102: 0 | P102: 1 | Q102: 0 | R102: 0 | S102: =SUM(E102:R102) -> 1
A103: B | B103: JUMLAH SUARA SAH PARTAI POLITIK DAN CALON (A1 + A2) | E103: =SUM(E93:E102) -> 34 | F103: =SUM(F93:F102) -> 20 | G103: =SUM(G93:G102) -> 30 | H103: =SUM(H93:H102) -> 13 | I103: =SUM(I93:I102) -> 42 | J103: =SUM(J93:J102) -> 46 | K103: =SUM(K93:K102) -> 71 | L103: =SUM(L93:L102) -> 139 | ... S103: =SUM(S93:S102) -> 520
A105: A.1 | B105: 6. | C105: Partai Buruh | E105: 0 | F105: 0 | G105: 0 | H105: 1 | I105: 0 | J105: 1 | K105: 1 | L105: 0 | M105: 2 | N105: 1 | O105: 2 | P105: 0 | Q105: 1 | R105: 0 | S105: =SUM(E105:R105) -> 9
A106: A.2 | C106: 1. AGUS SUPRIYADI | E106: 0 | F106: 0 | G106: 1 | H106: 0 | I106: 0 | J106: 0 | K106: 0 | L106: 0 | M106: 0 | N106: 0 | O106: 0 | P106: 0 | Q106: 0 | R106: 0 | S106: =SUM(E106:R106) -> 1
C107: 2. ENI HARIATI | E107: 0 | F107: 0 | G107: 0 | H107: 0 | I107: 0 | J107: 0 | K107: 0 | L107: 1 | M107: 0 | N107: 1 | O107: 0 | P107: 0 | Q107: 0 | R107: 0 | S107: =SUM(E107:R107) -> 2
S108: =SUM(E108:R108) -> 0
S109: =SUM(E109:R109) -> 0
S110: =SUM(E110:R110) -> 0
S111: =SUM(E111:R111) -> 0
S112: =SUM(E112:R112) -> 0
S113: =SUM(E113:R113) -> 0
S114: =SUM(E114:R114) -> 0
A115: B | B115: JUMLAH SUARA SAH PARTAI POLITIK DAN CALON (A1 + A2) | E115: =SUM(E105:E114) -> 0 | F115: =SUM(F105:F114) -> 0 | G115: =SUM(G105:G114) -> 1 | H115: =SUM(H105:H114) -> 1 | I115: =SUM(I105:I114) -> 0 | J115: =SUM(J105:J114) -> 1 | K115: =SUM(K105:K114) -> 1 | L115: =SUM(L105:L114) -> 1 | ... S115: =SUM(S105:S114) -> 12
A117: A.1 | B117: 7. | C117: Partai Gelombang Rakyat Indonesia | E117: 2 | F117: 0 | G117: 1 | H117: 0 | I117: 0 | J117: 0 | K117: 0 | L117: 0 | M117: 0 | N117: 0 | O117: 1 | P117: 0 | Q117: 0 | R117: 1 | S117: =SUM(E117:R117) -> 5
...

Sheet TEGALDLIMO
C2: Kecamatan | D2: TEGALDLIMO
C3: Kabupaten | D3: BANYUWANGI
C4: Provinsi | D4: JAWA TIMUR
C9: Kelurahan | D9: TEGALDLIMO
A12: I | B12: DATA PEMILIH DAN PENGGUNAAN HAK PILIH | AF12: JUMLAH AKHIR
A13: A | B13: DATA PEMILIH | E13: TPS 001 | F13: TPS 002 | G13: TPS 003 | H13: TPS 004 | I13: TPS 005 | J13: TPS 006 | K13: TPS 007 | L13: TPS 008 | M13: TPS 009 | N13: TPS 010 | O13: TPS 011 | P13: TPS 012 | Q13: TPS 013 | R13: TPS 014 | S13: TPS 015 | T13: TPS 016 | U13: TPS 017 | V13: TPS 018 | W13: TPS 019 | X13: TPS 020 | Y13: TPS 021 | Z13: TPS 022 | AA13: TPS 023 | AB13: TPS 024 | AC13: TPS 025 | AD13: TPS 026 | AE13: TPS 027
B14: Jumlah Pemilih dalam Daftar Pemilih Tetap (DPT) | D14: LK | E14: 135 | F14: 140 | G14: 141 | H14: 135 | I14: 144 | J14: 125 | K14: 150 | L14: 148 | M14: 126 | N14: 142 | O14: 146 | P14: 147 | Q14: 136 | R14: 129 | S14: 146 | T14: 150 | U14: 144 | V14: 139 | W14: 151 | X14: 140 | Y14: 125 | Z14: 115 | AA14: 121 | AB14: 118 | AC14: 120 | AD14: 116 | AE14: 117 | AF14: =SUM(E14:AE14) -> 3646
D15: PR | E15: 133 | F15: 150 | G15: 148 | H15: 141 | I15: 124 | J15: 139 | K15: 138 | L15: 144 | M15: 152 | N15: 144 | O15: 137 | P15: 127 | Q15: 147 | R15: 124 | S15: 133 | T15: 141 | U15: 138 | V15: 147 | W15: 135 | X15: 136 | Y15: 132 | Z15: 116 | AA15: 117 | AB15: 118 | AC15: 125 | AD15: 118 | AE15: 122 | AF15: =SUM(E15:AE15) -> 3626
D16: JML | E16: =SUM(E14:E15) -> 268 | F16: =SUM(F14:F15) -> 290 | G16: =SUM(G14:G15) -> 289 | H16: =SUM(H14:H15) -> 276 | I16: =SUM(I14:I15) -> 268 | J16: =SUM(J14:J15) -> 264 | K16: =SUM(K14:K15) -> 288 | L16: =SUM(L14:L15) -> 292 | ... AE16: =SUM(AE14:AE15) -> 239 | AF16: =SUM(E16:AE16) -> 7272
A18: B | B18: PENGGUNA HAK PILIH
B19: 1. | C19: Jumlah pengguna hak pilih dalam Daftar Pemilih Tetap (DPT) | D19: LK | E19: 108 | F19: 104 | G19: 113 | H19: 99 | I19: 108 | J19: 87 | K19: 108 | L19: 106 | M19: 100 | N19: 111 | O19: 104 | P19: 117 | Q19: 105 | R19: 82 | S19: 120 | T19: 115 | U19: 104 | V19: 107 | W19: 112 | X19: 115 | Y19: 90 | Z19: 95 | AA19: 96 | AB19: 93 | AC19: 97 | AD19: 93 | AE19: 93 | AF19: =SUM(E19:AE19) -> 2782
D20: PR | E20: 111 | F20: 108 | G20: 111 | H20: 111 | I20: 98 | J20: 100 | K20: 103 | L20: 110 | M20: 119 | N20: 114 | O20: 108 | P20: 102 | Q20: 108 | R20: 98 | S20: 113 | T20: 113 | U20: 108 | V20: 108 | W20: 98 | X20: 114 | Y20: 104 | Z20: 97 | AA20: 95 | AB20: 95 | AC20: 96 | AD20: 92 | AE20: 97 | AF20: =SUM(E20:AE20) -> 2831
D21: JML | E21: =SUM(E19:E20) -> 219 | F21: =SUM(F19:F20) -> 212 | G21: =SUM(G19:G20) -> 224 | H21: =SUM(H19:H20) -> 210 | I21: =SUM(I19:I20) -> 206 | J21: =SUM(J19:J20) -> 187 | K21: =SUM(K19:K20) -> 211 | L21: =SUM(L19:L20) -> 216 | ... AE21: =SUM(AE19:AE20) -> 190 | AF21: =SUM(E21:AE21) -> 5613
B22: 2. | C22: Jumlah pengguna hak pilih dalam Daftar Pemilih Tambahan (DPTb) | D22: LK | E22: 0 | F22: 0 | G22: 0 | H22: 0 | I22: 0 | J22: 0 | K22: 0 | L22: 0 | M22: 0 | N22: 0 | O22: 0 | P22: 0 | Q22: 0 | R22: 1 | S22: 0 | T22: 0 | U22: 0 | V22: 0 | W22: 0 | X22: 0 | Y22: 0 | Z22: 0 | AA22: 0 | AB22: 0 | AC22: 0 | AD22: 0 | AE22: 0 | AF22: =SUM(E22:AE22) -> 1
D23: PR | E23: 0 | F23: 0 | G23: 0 | H23: 0 | I23: 0 | J23: 0 | K23: 1 | L23: 0 | M23: 0 | N23: 0 | O23: 0 | P23: 0 | Q23: 0 | R23: 0 | S23: 0 | T23: 0 | U23: 0 | V23: 0 | W23: 0 | X23: 0 | Y23: 0 | Z23: 0 | AA23: 0 | AB23: 0 | AC23: 0 | AD23: 0 | AE23: 0 | AF23: =SUM(E23:AE23) -> 1
D24: JML | E24: =SUM(E22:E23) -> 0 | F24: =SUM(F22:F23) -> 0 | G24: =SUM(G22:G23) -> 0 | H24: =SUM(H22:H23) -> 0 | I24: =SUM(I22:I23) -> 0 | J24: =SUM(J22:J23) -> 0 | K24: =SUM(K22:K23) -> 1 | L24: =SUM(L22:L23) -> 0 | ... AE24: =SUM(AE22:AE23) -> 0 | AF24: =SUM(E24:AE24) -> 2
B25: 3. | C25: Jumlah pengguna hak pilih dalam Daftar Pemilih Khusus (DPK) | D25: LK | E25: 0 | F25: 1 | G25: 0 | H25: 4 | I25: 1 | J25: 0 | K25: 0 | L25: 0 | M25: 1 | N25: 0 | O25: 1 | P25: 0 | Q25: 2 | R25: 0 | S25: 1 | T25: 1 | U25: 0 | V25: 0 | W25: 4 | X25: 0 | Y25: 0 | Z25: 0 | AA25: 1 | AB25: 2 | AC25: 2 | AD25: 1 | AE25: 0 | AF25: =SUM(E25:AE25) -> 22
D26: PR | E26: 0 | F26: 1 | G26: 0 | H26: 6 | I26: 6 | J26: 0 | K26: 0 | L26: 1 | M26: 0 | N26: 0 | O26: 1 | P26: 0 | Q26: 3 | R26: 1 | S26: 3 | T26: 2 | U26: 0 | V26: 0 | W26: 2 | X26: 2 | Y26: 0 | Z26: 0 | AA26: 1 | AB26: 2 | AC26: 1 | AD26: 0 | AE26: 1 | AF26: =SUM(E26:AE26) -> 33
D27: JML | E27: =SUM(E25:E26) -> 0 | F27: =SUM(F25:F26) -> 2 | G27: =SUM(G25:G26) -> 0 | H27: =SUM(H25:H26) -> 10 | I27: =SUM(I25:I26) -> 7 | J27: =SUM(J25:J26) -> 0 | K27: =SUM(K25:K26) -> 0 | L27: =SUM(L25:L26) -> 1 | ... AE27: =SUM(AE25:AE26) -> 1 | AF27: =SUM(E27:AE27) -> 55
B28: 4. | C28: Jumlah Pengguna Hak Pilih (B.1+B.2+B.3) | D28: LK | E28: =SUM(E19,E22,E25) -> 108 | F28: =SUM(F19,F22,F25) -> 105 | G28: =SUM(G19,G22,G25) -> 113 | H28: =SUM(H19,H22,H25) -> 103 | I28: =SUM(I19,I22,I25) -> 109 | J28: =SUM(J19,J22,J25) -> 87 | K28: =SUM(K19,K22,K25) -> 108 | L28: =SUM(L19,L22,L25) -> 106 | ... AE28: =SUM(AE19,AE22,AE25) -> 93 | AF28: =SUM(E28:AE28) -> 2805
D29: PR | E29: =SUM(E20,E23,E26) -> 111 | F29: =SUM(F20,F23,F26) -> 109 | G29: =SUM(G20,G23,G26) -> 111 | H29: =SUM(H20,H23,H26) -> 117 | I29: =SUM(I20,I23,I26) -> 104 | J29: =SUM(J20,J23,J26) -> 100 | K29: =SUM(K20,K23,K26) -> 104 | L29: =SUM(L20,L23,L26) -> 111 | ... AE29: =SUM(AE20,AE23,AE26) -> 98 | AF29: =SUM(E29:AE29) -> 2865
D30: JML | E30: =SUM(E28:E29) -> 219 | F30: =SUM(F28:F29) -> 214 | G30: =SUM(G28:G29) -> 224 | H30: =SUM(H28:H29) -> 220 | I30: =SUM(I28:I29) -> 213 | J30: =SUM(J28:J29) -> 187 | K30: =SUM(K28:K29) -> 212 | L30: =SUM(L28:L29) -> 217 | ... AE30: =SUM(AE28:AE29) -> 191 | AF30: =SUM(E30:AE30) -> 5670
A32: II | B32: DATA PENGGUNAAN SURAT SUARA
A33: 1 | B33: Jumlah surat suara yang diterima, termasuk surat suara cadangan 2,5% dari DPT | E33: 274 | F33: 296 | G33: 295 | H33: 282 | I33: 274 | J33: 270 | K33: 292 | L33: 298 | M33: 284 | N33: 292 | O33: 289 | P33: 280 | Q33: 289 | R33: 259 | S33: 285 | T33: 297 | U33: 288 | V33: 292 | W33: 293 | X33: 282 | Y33: 263 | Z33: 231 | AA33: 243 | AB33: 241 | AC33: 250 | AD33: 239 | AE33: 244 | AF33: =SUM(E33:AE33) -> 7422
A34: 2 | B34: Jumlah surat suara yang digunakan | E34: 219 | F34: 214 | G34: 224 | H34: 220 | I34: 213 | J34: 187 | K34: 212 | L34: 217 | M34: 220 | N34: 225 | O34: 214 | P34: 219 | Q34: 218 | R34: 182 | S34: 237 | T34: 231 | U34: 212 | V34: 215 | W34: 216 | X34: 231 | Y34: 194 | Z34: 192 | AA34: 193 | AB34: 192 | AC34: 196 | AD34: 186 | AE34: 191 | AF34: =SUM(E34:AE34) -> 5670
A35: 3 | B35: Jumlah surat suara dikembalikan oleh pemilih (karena rusak atau keliru coblos) | E35: 3 | F35: 1 | G35: 0 | H35: 0 | I35: 0 | J35: 0 | K35: 0 | L35: 0 | M35: 1 | N35: 0 | O35: 0 | P35: 0 | Q35: 0 | R35: 0 | S35: 0 | T35: 1 | U35: 0 | V35: 0 | W35: 0 | X35: 2 | Y35: 0 | Z35: 0 | AA35: 0 | AB35: 0 | AC35: 0 | AD35: 0 | AE35: 0 | AF35: =SUM(E35:AE35) -> 8
A36: 4 | B36: Jumlah surat suara yang tidak digunakan/tidak terpakai, termasuk sisa surat suara cadangan | E36: =E33-(E34+E35) -> 52 | F36: =F33-(F34+F35) -> 81 | G36: =G33-(G34+G35) -> 71 | H36: =H33-(H34+H35) -> 62 | I36: =I33-(I34+I35) -> 61 | J36: =J33-(J34+J35) -> 83 | K36: =K33-(K34+K35) -> 80 | L36: =L33-(L34+L35) -> 81 | ... AE36: =AE33-(AE34+AE35) -> 53 | AF36: =SUM(E36:AE36) -> 1744
A38: III | B38: DATA PEMILIH DISABILITAS
B39: Jumlah seluruh Pemilih disabilitas yang menggunakan hak pilih | D39: LK | E39: 0 | F39: 0 | G39: 0 | H39: 0 | I39: 0 | J39: 0 | K39: 0 | L39: 0 | M39: 0 | N39: 0 | O39: 0 | P39: 0 | Q39: 0 | R39: 0 | S39: 0 | T39: 0 | U39: 0 | V39: 0 | W39: 0 | X39: 0 | Y39: 0 | Z39: 0 | AA39: 0 | AB39: 0 | AC39: 0 | AD39: 0 | AE39: 0 | AF39: =SUM(E39:AE39) -> 0
D40: PR | E40: 0 | F40: 1 | G40: 0 | H40: 0 | I40: 0 | J40: 0 | K40: 0 | L40: 0 | M40: 0 | N40: 0 | O40: 0 | P40: 0 | Q40: 0 | R40: 0 | S40: 1 | T40: 0 | U40: 0 | V40: 0 | W40: 0 | X40: 0 | Y40: 0 | Z40: 0 | AA40: 0 | AB40: 0 | AC40: 0 | AD40: 0 | AE40: 0 | AF40: =SUM(E40:AE40) -> 2
D41: JML | E41: =SUM(E39:E40) -> 0 | F41: =SUM(F39:F40) -> 1 | G41: =SUM(G39:G40) -> 0 | H41: =SUM(H39:H40) -> 0 | I41: =SUM(I39:I40) -> 0 | J41: =SUM(J39:J40) -> 0 | K41: =SUM(K39:K40) -> 0 | L41: =SUM(L39:L40) -> 0 | ... AE41: =SUM(AE39:AE40) -> 0 | AF41: =SUM(E41:AE41) -> 2
A43: IV | B43: DATA RINCIAN PEROLEHAN SUARA PASANGAN CALON BUPATI DAN WAKIL BUPATI
A44: NOMOR DAN NAMA CALON
A45: A.1 | B45: 1. | C45: Partai Kebangkitan Bangsa | E45: 3 | F45: 5 | G45: 10 | H45: 3 | I45: 2 | J45: 2 | K45: 3 | L45: 2 | M45: 5 | N45: 14 | O45: 7 | P45: 10 | Q45: 11 | R45: 12 | S45: 5 | T45: 4 | U45: 7 | V45: 6 | W45: 3 | X45: 7 | Y45: 2 | Z45: 6 | AA45: 3 | AB45: 4 | AC45: 9 | AD45: 6 | AE45: 4 | AF45: =SUM(E45:AE45) -> 155
A46: A.2 | C46: 1. Dra. Hj. MA`MULAH HARUN, M.Pd.I. | E46: 5 | F46: 4 | G46: 3 | H46: 7 | I46: 2 | J46: 4 | K46: 6 | L46: 3 | M46: 4 | N46: 9 | O46: 9 | P46: 11 | Q46: 7 | R46: 4 | S46: 10 | T46: 8 | U46: 2 | V46: 10 | W46: 5 | X46: 12 | Y46: 10 | Z46: 6 | AA46: 7 | AB46: 16 | AC46: 23 | AD46: 11 | AE46: 5 | AF46: =SUM(E46:AE46) -> 203
C47: 2. UBAIDILLAH, S.Fil.I. | E47: 1 | F47: 2 | G47: 1 | H47: 1 | I47: 0 | J47: 3 | K47: 2 | L47: 0 | M47: 1 | N47: 7 | O47: 2 | P47: 1 | Q47: 1 | R47: 2 | S47: 5 | T47: 1 | U47: 0 | V47: 2 | W47: 2 | X47: 3 | Y47: 6 | Z47: 7 | AA47: 1 | AB47: 0 | AC47: 1 | AD47: 2 | AE47: 1 | AF47: =SUM(E47:AE47) -> 55
C48: 3. Ir. H. YOYOK MULYADI, M.Si. | E48: 0 | F48: 1 | G48: 2 | H48: 1 | I48: 1 | J48: 1 | K48: 0 | L48: 0 | M48: 0 | N48: 2 | O48: 2 | P48: 1 | Q48: 1 | R48: 0 | S48: 0 | T48: 0 | U48: 0 | V48: 1 | W48: 0 | X48: 1 | Y48: 0 | Z48: 0 | AA48: 0 | AB48: 1 | AC48: 0 | AD48: 0 | AE48: 0 | AF48: =SUM(E48:AE48) -> 15
C49: 4. KHOIRUL ANWAR, S.Fil.I. | E49: 0 | F49: 0 | G49: 1 | H49: 1 | I49: 2 | J49: 1 | K49: 2 | L49: 2 | M49: 0 | N49: 1 | O49: 2 | P49: 1 | Q49: 2 | R49: 1 | S49: 2 | T49: 0 | U49: 2 | V49: 3 | W49: 1 | X49: 1 | Y49: 1 | Z49: 2 | AA49: 1 | AB49: 3 | AC49: 2 | AD49: 0 | AE49: 1 | AF49: =SUM(E49:AE49) -> 35
C50: 5. ARIF WIJAKSANA | E50: 1 | F50: 2 | G50: 0 | H50: 1 | I50: 0 | J50: 0 | K50: 1 | L50: 0 | M50: 0 | N50: 0 | O50: 1 | P50: 0 | Q50: 1 | R50: 0 | S50: 2 | T50: 2 | U50: 0 | V50: 0 | W50: 0 | X50: 0 | Y50: 0 | Z50: 0 | AA50: 0 | AB50: 0 | AC50: 0 | AD50: 0 | AE50: 0 | AF50: =SUM(E50:AE50) -> 11
C51: 6. Dr. SITI YUMNAH | E51: 0 | F51: 1 | G51: 1 | H51: 0 | I51: 1 | J51: 1 | K51: 0 | L51: 0 | M51: 0 | N51: 0 | O51: 0 | P51: 1 | Q51: 0 | R51: 0 | S51: 0 | T51: 1 | U51: 0 | V51: 1 | W51: 0 | X51: 0 | Y51: 1 | Z51: 0 | AA51: 0 | AB51: 1 | AC51: 0 | AD51: 1 | AE51: 0 | AF51: =SUM(E51:AE51) -> 10
C52: 7. MOHAMMAD ZAINI, M.Pd.I. | E52: 0 | F52: 0 | G52: 0 | H52: 0 | I52: 0 | J52: 1 | K52: 0 | L52: 0 | M52: 0 | N52: 0 | O52: 2 | P52: 0 | Q52: 0 | R52: 0 | S52: 0 | T52: 0 | U52: 1 | V52: 1 | W52: 0 | X52: 0 | Y52: 1 | Z52: 0 | AA52: 1 | AB52: 0 | AC52: 2 | AD52: 1 | AE52: 0 | AF52: =SUM(E52:AE52) -> 10
C53: 8. FAWAIDUL MAKKIYAH | E53: 0 | F53: 0 | G53: 0 | H53: 0 | I53: 0 | J53: 0 | K53: 0 | L53: 1 | M53: 0 | N53: 0 | O53: 0 | P53: 0 | Q53: 1 | R53: 0 | S53: 2 | T53: 0 | U53: 0 | V53: 0 | W53: 0 | X53: 0 | Y53: 0 | Z53: 0 | AA53: 1 | AB53: 1 | AC53: 0 | AD53: 0 | AE53: 0 | AF53: =SUM(E53:AE53) -> 6
C54: 9. IFFAH HIDAYATUR ROHMAH, S.Sos. | E54: 0 | F54: 1 | G54: 0 | H54: 0 | I54: 1 | J54: 1 | K54: 0 | L54: 0 | M54: 0 | N54: 0 | O54: 0 | P54: 0 | Q54: 0 | R54: 0 | S54: 1 | T54: 0 | U54: 0 | V54: 1 | W54: 1 | X54: 0 | Y54: 0 | Z54: 2 | AA54: 0 | AB54: 1 | AC54: 0 | AD54: 0 | AE54: 0 | AF54: =SUM(E54:AE54) -> 9
A55: B | B55: JUMLAH SUARA SAH PARTAI POLITIK DAN CALON (A1 + A2) | E55: =SUM(E45:E54) -> 10 | F55: =SUM(F45:F54) -> 16 | G55: =SUM(G45:G54) -> 18 | H55: =SUM(H45:H54) -> 14 | I55: =SUM(I45:I54) -> 9 | J55: =SUM(J45:J54) -> 14 | K55: =SUM(K45:K54) -> 14 | L55: =SUM(L45:L54) -> 8 | ... AF55: =SUM(AF45:AF54) -> 509
A57: A.1 | B57: 2. | C57: Partai Gerakan Indonesia Raya | E57: 4 | F57: 6 | G57: 10 | H57: 11 | I57: 3 | J57: 2 | K57: 12 | L57: 10 | M57: 6 | N57: 4 | O57: 6 | P57: 7 | Q57: 8 | R57: 10 | S57: 1 | T57: 2 | U57: 5 | V57: 15 | W57: 2 | X57: 11 | Y57: 3 | Z57: 2 | AA57: 3 | AB57: 5 | AC57: 1 | AD57: 3 | AE57: 9 | AF57: =SUM(E57:AE57) -> 161
A58: A.2 | C58: 1. AHMAD HADINUDDIN, S.Pd.I. | E58: 1 | F58: 1 | G58: 4 | H58: 41 | I58: 13 | J58: 3 | K58: 5 | L58: 6 | M58: 0 | N58: 4 | O58: 7 | P58: 6 | Q58: 6 | R58: 47 | S58: 3 | T58: 2 | U58: 6 | V58: 23 | W58: 4 | X58: 30 | Y58: 10 | Z58: 34 | AA58: 8 | AB58: 5 | AC58: 3 | AD58: 7 | AE58: 53 | AF58: =SUM(E58:AE58) -> 332
C59: 2. BIMA RAFSANJANI RAFID | E59: 0 | F59: 3 | G59: 0 | H59: 1 | I59: 0 | J59: 3 | K59: 5 | L59: 3 | M59: 2 | N59: 1 | O59: 5 | P59: 1 | Q59: 3 | R59: 2 | S59: 2 | T59: 5 | U59: 2 | V59: 0 | W59: 2 | X59: 7 | Y59: 5 | Z59: 1 | AA59: 2 | AB59: 9 | AC59: 3 | AD59: 2 | AE59: 3 | AF59: =SUM(E59:AE59) -> 72
C60: 3. IRA DAMAYANTI | E60: 0 | F60: 1 | G60: 1 | H60: 2 | I60: 0 | J60: 2 | K60: 1 | L60: 0 | M60: 1 | N60: 1 | O60: 4 | P60: 2 | Q60: 1 | R60: 0 | S60: 2 | T60: 1 | U60: 0 | V60: 3 | W60: 0 | X60: 0 | Y60: 0 | Z60: 0 | AA60: 2 | AB60: 1 | AC60: 1 | AD60: 1 | AE60: 1 | AF60: =SUM(E60:AE60) -> 28
C61: 4. MAULANA MALIK IBRAHIM, S.H. | E61: 0 | F61: 1 | G61: 0 | H61: 0 | I61: 0 | J61: 0 | K61: 0 | L61: 0 | M61: 1 | N61: 1 | O61: 2 | P61: 9 | Q61: 0 | R61: 1 | S61: 1 | T61: 1 | U61: 2 | V61: 1 | W61: 2 | X61: 0 | Y61: 0 | Z61: 1 | AA61: 6 | AB61: 11 | AC61: 11 | AD61: 1 | AE61: 0 | AF61: =SUM(E61:AE61) -> 52
C62: 5. LULUK ALFIATI | E62: 0 | F62: 0 | G62: 0 | H62: 0 | I62: 0 | J62: 1 | K62: 1 | L62: 1 | M62: 1 | N62: 0 | O62: 0 | P62: 1 | Q62: 0 | R62: 0 | S62: 0 | T62: 1 | U62: 1 | V62: 2 | W62: 1 | X62: 0 | Y62: 2 | Z62: 2 | AA62: 1 | AB62: 0 | AC62: 0 | AD62: 1 | AE62: 0 | AF62: =SUM(E62:AE62) -> 16
C63: 6. ILHAM WAHYUDI, S.H. | E63: 0 | F63: 0 | G63: 0 | H63: 0 | I63: 0 | J63: 0 | K63: 0 | L63: 0 | M63: 0 | N63: 0 | O63: 1 | P63: 1 | Q63: 0 | R63: 0 | S63: 0 | T63: 0 | U63: 0 | V63: 0 | W63: 1 | X63: 0 | Y63: 0 | Z63: 0 | AA63: 0 | AB63: 0 | AC63: 0 | AD63: 0 | AE63: 1 | AF63: =SUM(E63:AE63) -> 4
C64: 7. HAERUL ANWAR, S.Pd.I. | E64: 0 | F64: 0 | G64: 0 | H64: 0 | I64: 0 | J64: 0 | K64: 1 | L64: 0 | M64: 0 | N64: 0 | O64: 0 | P64: 0 | Q64: 0 | R64: 0 | S64: 0 | T64: 0 | U64: 0 | V64: 0 | W64: 0 | X64: 1 | Y64: 0 | Z64: 0 | AA64: 1 | AB64: 0 | AC64: 0 | AD64: 0 | AE64: 2 | AF64: =SUM(E64:AE64) -> 5
C65: 8. YOVI ADHITYA WARDANI | E65: 0 | F65: 0 | G65: 0 | H65: 0 | I65: 0 | J65: 0 | K65: 0 | L65: 1 | M65: 0 | N65: 0 | O65: 0 | P65: 0 | Q65: 0 | R65: 0 | S65: 1 | T65: 1 | U65: 0 | V65: 0 | W65: 1 | X65: 0 | Y65: 0 | Z65: 0 | AA65: 1 | AB65: 0 | AC65: 0 | AD65: 0 | AE65: 0 | AF65: =SUM(E65:AE65) -> 5
C66: 9. RITA AMELIA | E66: 0 | F66: 0 | G66: 0 | H66: 0 | I66: 0 | J66: 0 | K66: 1 | L66: 0 | M66: 0 | N66: 2 | O66: 0 | P66: 0 | Q66: 0 | R66: 1 | S66: 0 | T66: 0 | U66: 1 | V66: 1 | W66: 1 | X66: 0 | Y66: 0 | Z66: 0 | AA66: 0 | AB66: 0 | AC66: 0 | AD66: 0 | AE66: 0 | AF66: =SUM(E66:AE66) -> 7
A67: B | B67: JUMLAH SUARA SAH PARTAI POLITIK DAN CALON (A1 + A2) | E67: =SUM(E57:E66) -> 5 | F67: =SUM(F57:F66) -> 12 | G67: =SUM(G57:G66) -> 15 | H67: =SUM(H57:H66) -> 55 | I67: =SUM(I57:I66) -> 16 | J67: =SUM(J57:J66) -> 11 | K67: =SUM(K57:K66) -> 26 | L67: =SUM(L57:L66) -> 21 | ... AF67: =SUM(AF57:AF66) -> 682
A69: A.1 | B69: 3. | C69: Partai Demokrasi Indonesia Perjuangan | E69: 1 | F69: 2 | G69: 6 | H69: 11 | I69: 4 | J69: 1 | K69: 10 | L69: 10 | M69: 11 | N69: 21 | O69: 11 | P69: 15 | Q69: 17 | R69: 7 | S69: 3 | T69: 5 | U69: 11 | V69: 6 | W69: 13 | X69: 10 | Y69: 7 | Z69: 4 | AA69: 6 | AB69: 5 | AC69: 5 | AD69: 6 | AE69: 3 | AF69: =SUM(E69:AE69) -> 211
A70: A.2 | C70: 1. MARTIN H., S.H., M.H. | E70: 0 | F70: 0 | G70: 1 | H70: 3 | I70: 3 | J70: 3 | K70: 5 | L70: 16 | M70: 4 | N70: 8 | O70: 8 | P70: 6 | Q70: 11 | R70: 5 | S70: 4 | T70: 9 | U70: 5 | V70: 3 | W70: 3 | X70: 8 | Y70: 3 | Z70: 1 | AA70: 4 | AB70: 4 | AC70: 6 | AD70: 3 | AE70: 6 | AF70: =SUM(E70:AE70) -> 132
C71: 2. HERMANTO, S.E. | E71: 2 | F71: 3 | G71: 2 | H71: 4 | I71: 2 | J71: 3 | K71: 2 | L71: 3 | M71: 3 | N71: 4 | O71: 3 | P71: 7 | Q71: 2 | R71: 2 | S71: 22 | T71: 5 | U71: 3 | V71: 4 | W71: 10 | X71: 5 | Y71: 6 | Z71: 4 | AA71: 4 | AB71: 1 | AC71: 1 | AD71: 3 | AE71: 3 | AF71: =SUM(E71:AE71) -> 113
C72: 3. EVY SUSILAWATI, S.E., M.M. | E72: 0 | F72: 0 | G72: 3 | H72: 3 | I72: 2 | J72: 1 | K72: 4 | L72: 4 | M72: 1 | N72: 5 | O72: 4 | P72: 3 | Q72: 8 | R72: 1 | S72: 2 | T72: 0 | U72: 1 | V72: 1 | W72: 2 | X72: 4 | Y72: 5 | Z72: 1 | AA72: 2 | AB72: 2 | AC72: 2 | AD72: 2 | AE72: 2 | AF72: =SUM(E72:AE72) -> 65
C73: 4. M. SIROTTUDIN | E73: 0 | F73: 0 | G73: 1 | H73: 2 | I73: 3 | J73: 0 | K73: 0 | L73: 0 | M73: 2 | N73: 20 | O73: 26 | P73: 36 | Q73: 13 | R73: 4 | S73: 1 | T73: 2 | U73: 7 | V73: 1 | W73: 1 | X73: 2 | Y73: 3 | Z73: 5 | AA73: 6 | AB73: 4 | AC73: 1 | AD73: 5 | AE73: 0 | AF73: =SUM(E73:AE73) -> 145
C74: 5. ABDUL HAFID, S.H. | E74: 0 | F74: 0 | G74: 0 | H74: 0 | I74: 0 | J74: 0 | K74: 1 | L74: 0 | M74: 1 | N74: 3 | O74: 2 | P74: 0 | Q74: 1 | R74: 0 | S74: 1 | T74: 0 | U74: 1 | V74: 1 | W74: 1 | X74: 1 | Y74: 1 | Z74: 1 | AA74: 2 | AB74: 1 | AC74: 0 | AD74: 0 | AE74: 1 | AF74: =SUM(E74:AE74) -> 19
C75: 6. NIKITA FORTUNA SURYANINGATI, A.Md.Keb. | E75: 0 | F75: 0 | G75: 2 | H75: 1 | I75: 0 | J75: 0 | K75: 2 | L75: 2 | M75: 0 | N75: 0 | O75: 0 | P75: 2 | Q75: 0 | R75: 0 | S75: 0 | T75: 0 | U75: 6 | V75: 2 | W75: 1 | X75: 0 | Y75: 0 | Z75: 0 | AA75: 1 | AB75: 1 | AC75: 2 | AD75: 1 | AE75: 2 | AF75: =SUM(E75:AE75) -> 25
C76: 7. YUDHO ILHAM WIJAYA, S.E. | E76: 0 | F76: 0 | G76: 0 | H76: 0 | I76: 0 | J76: 0 | K76: 0 | L76: 0 | M76: 0 | N76: 2 | O76: 1 | P76: 1 | Q76: 1 | R76: 0 | S76: 1 | T76: 0 | U76: 0 | V76: 2 | W76: 0 | X76: 0 | Y76: 1 | Z76: 0 | AA76: 0 | AB76: 0 | AC76: 0 | AD76: 0 | AE76: 0 | AF76: =SUM(E76:AE76) -> 9
C77: 8. SETIAWATI, S.H. | E77: 0 | F77: 1 | G77: 0 | H77: 3 | I77: 0 | J77: 0 | K77: 0 | L77: 0 | M77: 0 | N77: 2 | O77: 0 | P77: 0 | Q77: 0 | R77: 0 | S77: 0 | T77: 2 | U77: 0 | V77: 1 | W77: 1 | X77: 1 | Y77: 0 | Z77: 0 | AA77: 0 | AB77: 0 | AC77: 0 | AD77: 0 | AE77: 0 | AF77: =SUM(E77:AE77) -> 11
C78: 9. EKO BUDI SANTOSO, S.H. | E78: 0 | F78: 0 | G78: 1 | H78: 1 | I78: 0 | J78: 0 | K78: 1 | L78: 1 | M78: 0 | N78: 2 | O78: 2 | P78: 0 | Q78: 0 | R78: 1 | S78: 0 | T78: 0 | U78: 0 | V78: 0 | W78: 0 | X78: 0 | Y78: 0 | Z78: 0 | AA78: 3 | AB78: 0 | AC78: 1 | AD78: 0 | AE78: 0 | AF78: =SUM(E78:AE78) -> 13
