Workbook

Sheet DPRD PROVINSI
C8: Kecamatan | D8: KALIPURO
C9: Kabupaten | D9: BANYUWANGI
C10: Provinsi | D10: JAWA TIMUR
A12: I | B12: DATA PEMILIH DAN PENGGUNAAN HAK PILIH | E12: JUMLAH AKHIR
A13: A | B13: DATA PEMILIH
B14: Jumlah Pemilih dalam Daftar Pemilih Tetap (DPT) | D14: LK | E14: =BULUSAN!AC14+BULUSARI!R14+GOMBENGSARI!AC14+KALIPURO!AR14+KELIR!W14+KETAPANG!BE14+KLATAK!AV14+PESUCEN!R14+TELEMUNG!T14 -> 31987
D15: PR | E15: =BULUSAN!AC15+BULUSARI!R15+GOMBENGSARI!AC15+KALIPURO!AR15+KELIR!W15+KETAPANG!BE15+KLATAK!AV15+PESUCEN!R15+TELEMUNG!T15 -> 33057
D16: JML | E16: =SUM(E14:E15) -> 65044
A18: B | B18: PENGGUNA HAK PILIH
B19: 1. | C19: Jumlah pengguna hak pilih dalam Daftar Pemilih Tetap (DPT) | D19: LK | E19: =BULUSAN!AC19+BULUSARI!R19+GOMBENGSARI!AC19+KALIPURO!AR19+KELIR!W19+KETAPANG!BE19+KLATAK!AV19+PESUCEN!R19+TELEMUNG!T19 -> 24074
D20: PR | E20: =BULUSAN!AC20+BULUSARI!R20+GOMBENGSARI!AC20+KALIPURO!AR20+KELIR!W20+KETAPANG!BE20+KLATAK!AV20+PESUCEN!R20+TELEMUNG!T20 -> 26769
D21: JML | E21: =SUM(E19:E20) -> 50843
B22: 2. | C22: Jumlah pengguna hak pilih dalam Daftar Pemilih Tambahan (DPTb) | D22: LK | E22: =BULUSAN!AC22+BULUSARI!R22+GOMBENGSARI!AC22+KALIPURO!AR22+KELIR!W22+KETAPANG!BE22+KLATAK!AV22+PESUCEN!R22+TELEMUNG!T22 -> 114
D23: PR | E23: =BULUSAN!AC23+BULUSARI!R23+GOMBENGSARI!AC23+KALIPURO!AR23+KELIR!W23+KETAPANG!BE23+KLATAK!AV23+PESUCEN!R23+TELEMUNG!T23 -> 97
D24: JML | E24: =SUM(E22:E23) -> 211
B25: 3. | C25: Jumlah pengguna hak pilih dalam Daftar Pemilih Khusus (DPK) | D25: LK | E25: =BULUSAN!AC25+BULUSARI!R25+GOMBENGSARI!AC25+KALIPURO!AR25+KELIR!W25+KETAPANG!BE25+KLATAK!AV25+PESUCEN!R25+TELEMUNG!T25 -> 361
D26: PR | E26: =BULUSAN!AC26+BULUSARI!R26+GOMBENGSARI!AC26+KALIPURO!AR26+KELIR!W26+KETAPANG!BE26+KLATAK!AV26+PESUCEN!R26+TELEMUNG!T26 -> 428
D27: JML | E27: =SUM(E25:E26) -> 789
B28: 4. | C28: Jumlah Pengguna Hak Pilih (B.1+B.2+B.3) | D28: LK | E28: =E19+E22+E25 -> 24549
D29: PR | E29: =E20+E23+E26 -> 27294
D30: JML | E30: =SUM(E28:E29) -> 51843
A32: II | B32: DATA PENGGUNAAN SURAT SUARA
A33: 1 | B33: Jumlah surat suara yang diterima, termasuk surat suara cadangan 2,5% dari DPT | E33: =BULUSAN!AC33+BULUSARI!R33+GOMBENGSARI!AC33+KALIPURO!AR33+KELIR!W33+KETAPANG!BE33+KLATAK!AV33+PESUCEN!R33+TELEMUNG!T33 -> 66196
A34: 2 | B34: Jumlah surat suara yang digunakan | E34: =BULUSAN!AC34+BULUSARI!R34+GOMBENGSARI!AC34+KALIPURO!AR34+KELIR!W34+KETAPANG!BE34+KLATAK!AV34+PESUCEN!R34+TELEMUNG!T34 -> 51843
A35: 3 | B35: Jumlah surat suara dikembalikan oleh pemilih (karena rusak atau keliru coblos) | E35: =BULUSAN!AC35+BULUSARI!R35+GOMBENGSARI!AC35+KALIPURO!AR35+KELIR!W35+KETAPANG!BE35+KLATAK!AV35+PESUCEN!R35+TELEMUNG!T35 -> 81
A36: 4 | B36: Jumlah surat suara yang tidak digunakan/tidak terpakai, termasuk sisa surat suara cadangan | E36: =E33-(E34+E35) -> 14272
A38: III | B38: DATA PEMILIH DISABILITAS
B39: Jumlah seluruh Pemilih disabilitas yang menggunakan hak pilih | D39: LK | E39: =BULUSAN!AC39+BULUSARI!R39+GOMBENGSARI!AC39+KALIPURO!AR39+KELIR!W39+KETAPANG!BE39+KLATAK!AV39+PESUCEN!R39+TELEMUNG!T39 -> 62
D40: PR | E40: =BULUSAN!AC40+BULUSARI!R40+GOMBENGSARI!AC40+KALIPURO!AR40+KELIR!W40+KETAPANG!BE40+KLATAK!AV40+PESUCEN!R40+TELEMUNG!T40 -> 85
D41: JML | E41: =SUM(E39:E40) -> 147
A43: IV | B43: DATA RINCIAN PEROLEHAN SUARA PASANGAN CALON BUPATI DAN WAKIL BUPATI
A44: NOMOR DAN NAMA CALON
A45: A.1 | B45: 1. | C45: Partai Kebangkitan Bangsa | E45: =BULUSAN!AC45+BULUSARI!R45+GOMBENGSARI!AC45+KALIPURO!AR45+KELIR!W45+KETAPANG!BE45+KLATAK!AV45+PESUCEN!R45+TELEMUNG!T45 -> 2171
A46: A.2 | C46: 1. Dra. Hj. MA`MULAH HARUN, M.Pd.I. | E46: =BULUSAN!AC46+BULUSARI!R46+GOMBENGSARI!AC46+KALIPURO!AR46+KELIR!W46+KETAPANG!BE46+KLATAK!AV46+PESUCEN!R46+TELEMUNG!T46 -> 4760
C47: 2. UBAIDILLAH, S.Fil.I. | E47: =BULUSAN!AC47+BULUSARI!R47+GOMBENGSARI!AC47+KALIPURO!AR47+KELIR!W47+KETAPANG!BE47+KLATAK!AV47+PESUCEN!R47+TELEMUNG!T47 -> 1143
C48: 3. Ir. H. YOYOK MULYADI, M.Si. | E48: =BULUSAN!AC48+BULUSARI!R48+GOMBENGSARI!AC48+KALIPURO!AR48+KELIR!W48+KETAPANG!BE48+KLATAK!AV48+PESUCEN!R48+TELEMUNG!T48 -> 357
C49: 4. KHOIRUL ANWAR, S.Fil.I. | E49: =BULUSAN!AC49+BULUSARI!R49+GOMBENGSARI!AC49+KALIPURO!AR49+KELIR!W49+KETAPANG!BE49+KLATAK!AV49+PESUCEN!R49+TELEMUNG!T49 -> 259
C50: 5. ARIF WIJAKSANA | E50: =BULUSAN!AC50+BULUSARI!R50+GOMBENGSARI!AC50+KALIPURO!AR50+KELIR!W50+KETAPANG!BE50+KLATAK!AV50+PESUCEN!R50+TELEMUNG!T50 -> 129
C51: 6. Dr. SITI YUMNAH | E51: =BULUSAN!AC51+BULUSARI!R51+GOMBENGSARI!AC51+KALIPURO!AR51+KELIR!W51+KETAPANG!BE51+KLATAK!AV51+PESUCEN!R51+TELEMUNG!T51 -> 106
C52: 7. MOHAMMAD ZAINI, M.Pd.I. | E52: =BULUSAN!AC52+BULUSARI!R52+GOMBENGSARI!AC52+KALIPURO!AR52+KELIR!W52+KETAPANG!BE52+KLATAK!AV52+PESUCEN!R52+TELEMUNG!T52 -> 84
C53: 8. FAWAIDUL MAKKIYAH | E53: =BULUSAN!AC53+BULUSARI!R53+GOMBENGSARI!AC53+KALIPURO!AR53+KELIR!W53+KETAPANG!BE53+KLATAK!AV53+PESUCEN!R53+TELEMUNG!T53 -> 47
C54: 9. IFFAH HIDAYATUR ROHMAH, S.Sos. | E54: =BULUSAN!AC54+BULUSARI!R54+GOMBENGSARI!AC54+KALIPURO!AR54+KELIR!W54+KETAPANG!BE54+KLATAK!AV54+PESUCEN!R54+TELEMUNG!T54 -> 71
A55: B | B55: JUMLAH SUARA SAH PARTAI POLITIK DAN CALON (A1 + A2) | E55: =SUM(E45:E54) -> 9127
A57: A.1 | B57: 2. | C57: Partai Gerakan Indonesia Raya | E57: =BULUSAN!AC57+BULUSARI!R57+GOMBENGSARI!AC57+KALIPURO!AR57+KELIR!W57+KETAPANG!BE57+KLATAK!AV57+PESUCEN!R57+TELEMUNG!T57 -> 2681
A58: A.2 | C58: 1. AHMAD HADINUDDIN, S.Pd.I. | E58: =BULUSAN!AC58+BULUSARI!R58+GOMBENGSARI!AC58+KALIPURO!AR58+KELIR!W58+KETAPANG!BE58+KLATAK!AV58+PESUCEN!R58+TELEMUNG!T58 -> 1582
C59: 2. BIMA RAFSANJANI RAFID | E59: =BULUSAN!AC59+BULUSARI!R59+GOMBENGSARI!AC59+KALIPURO!AR59+KELIR!W59+KETAPANG!BE59+KLATAK!AV59+PESUCEN!R59+TELEMUNG!T59 -> 2554
C60: 3. IRA DAMAYANTI | E60: =BULUSAN!AC60+BULUSARI!R60+GOMBENGSARI!AC60+KALIPURO!AR60+KELIR!W60+KETAPANG!BE60+KLATAK!AV60+PESUCEN!R60+TELEMUNG!T60 -> 467
C61: 4. MAULANA MALIK IBRAHIM, S.H. | E61: =BULUSAN!AC61+BULUSARI!R61+GOMBENGSARI!AC61+KALIPURO!AR61+KELIR!W61+KETAPANG!BE61+KLATAK!AV61+PESUCEN!R61+TELEMUNG!T61 -> 654
C62: 5. LULUK ALFIATI | E62: =BULUSAN!AC62+BULUSARI!R62+GOMBENGSARI!AC62+KALIPURO!AR62+KELIR!W62+KETAPANG!BE62+KLATAK!AV62+PESUCEN!R62+TELEMUNG!T62 -> 203
C63: 6. ILHAM WAHYUDI, S.H. | E63: =BULUSAN!AC63+BULUSARI!R63+GOMBENGSARI!AC63+KALIPURO!AR63+KELIR!W63+KETAPANG!BE63+KLATAK!AV63+PESUCEN!R63+TELEMUNG!T63 -> 184
C64: 7. HAERUL ANWAR, S.Pd.I. | E64: =BULUSAN!AC64+BULUSARI!R64+GOMBENGSARI!AC64+KALIPURO!AR64+KELIR!W64+KETAPANG!BE64+KLATAK!AV64+PESUCEN!R64+TELEMUNG!T64 -> 56
C65: 8. YOVI ADHITYA WARDANI | E65: =BULUSAN!AC65+BULUSARI!R65+GOMBENGSARI!AC65+KALIPURO!AR65+KELIR!W65+KETAPANG!BE65+KLATAK!AV65+PESUCEN!R65+TELEMUNG!T65 -> 66
C66: 9. RITA AMELIA | E66: =BULUSAN!AC66+BULUSARI!R66+GOMBENGSARI!AC66+KALIPURO!AR66+KELIR!W66+KETAPANG!BE66+KLATAK!AV66+PESUCEN!R66+TELEMUNG!T66 -> 111
A67: B | B67: JUMLAH SUARA SAH PARTAI POLITIK DAN CALON (A1 + A2) | E67: =SUM(E57:E66) -> 8558
A69: A.1 | B69: 3. | C69: Partai Demokrasi Indonesia Perjuangan | E69: =BULUSAN!AC69+BULUSARI!R69+GOMBENGSARI!AC69+KALIPURO!AR69+KELIR!W69+KETAPANG!BE69+KLATAK!AV69+PESUCEN!R69+TELEMUNG!T69 -> 2249
A70: A.2 | C70: 1. MARTIN H., S.H., M.H. | E70: =BULUSAN!AC70+BULUSARI!R70+GOMBENGSARI!AC70+KALIPURO!AR70+KELIR!W70+KETAPANG!BE70+KLATAK!AV70+PESUCEN!R70+TELEMUNG!T70 -> 1480
C71: 2. HERMANTO, S.E. | E71: =BULUSAN!AC71+BULUSARI!R71+GOMBENGSARI!AC71+KALIPURO!AR71+KELIR!W71+KETAPANG!BE71+KLATAK!AV71+PESUCEN!R71+TELEMUNG!T71 -> 1795
C72: 3. EVY SUSILAWATI, S.E., M.M. | E72: =BULUSAN!AC72+BULUSARI!R72+GOMBENGSARI!AC72+KALIPURO!AR72+KELIR!W72+KETAPANG!BE72+KLATAK!AV72+PESUCEN!R72+TELEMUNG!T72 -> 543
C73: 4. M. SIROTTUDIN | E73: =BULUSAN!AC73+BULUSARI!R73+GOMBENGSARI!AC73+KALIPURO!AR73+KELIR!W73+KETAPANG!BE73+KLATAK!AV73+PESUCEN!R73+TELEMUNG!T73 -> 2940
C74: 5. ABDUL HAFID, S.H. | E74: =BULUSAN!AC74+BULUSARI!R74+GOMBENGSARI!AC74+KALIPURO!AR74+KELIR!W74+KETAPANG!BE74+KLATAK!AV74+PESUCEN!R74+TELEMUNG!T74 -> 227
C75: 6. NIKITA FORTUNA SURYANINGATI, A.Md.Keb. | E75: =BULUSAN!AC75+BULUSARI!R75+GOMBENGSARI!AC75+KALIPURO!AR75+KELIR!W75+KETAPANG!BE75+KLATAK!AV75+PESUCEN!R75+TELEMUNG!T75 -> 137
C76: 7. YUDHO ILHAM WIJAYA, S.E. | E76: =BULUSAN!AC76+BULUSARI!R76+GOMBENGSARI!AC76+KALIPURO!AR76+KELIR!W76+KETAPANG!BE76+KLATAK!AV76+PESUCEN!R76+TELEMUNG!T76 -> 109
C77: 8. SETIAWATI, S.H. | E77: =BULUSAN!AC77+BULUSARI!R77+GOMBENGSARI!AC77+KALIPURO!AR77+KELIR!W77+KETAPANG!BE77+KLATAK!AV77+PESUCEN!R77+TELEMUNG!T77 -> 75
C78: 9. EKO BUDI SANTOSO, S.H. | E78: =BULUSAN!AC78+BULUSARI!R78+GOMBENGSARI!AC78+KALIPURO!AR78+KELIR!W78+KETAPANG!BE78+KLATAK!AV78+PESUCEN!R78+TELEMUNG!T78 -> 116
A79: B | B79: JUMLAH SUARA SAH PARTAI POLITIK DAN CALON (A1 + A2) | E79: =SUM(E69:E78) -> 9671
A81: A.1 | B81: 4. | C81: Partai Golongan Karya | E81: =BULUSAN!AC81+BULUSARI!R81+GOMBENGSARI!AC81+KALIPURO!AR81+KELIR!W81+KETAPANG!BE81+KLATAK!AV81+PESUCEN!R81+TELEMUNG!T81 -> 1591
A82: A.2 | C82: 1. PRANAYA YUDHA MAHARDHIKA | E82: =BULUSAN!AC82+BULUSARI!R82+GOMBENGSARI!AC82+KALIPURO!AR82+KELIR!W82+KETAPANG!BE82+KLATAK!AV82+PESUCEN!R82+TELEMUNG!T82 -> 2909
C83: 2. Dra. Ec. ENDANG SULASTUTY, M.I.P. | E83: =BULUSAN!AC83+BULUSARI!R83+GOMBENGSARI!AC83+KALIPURO!AR83+KELIR!W83+KETAPANG!BE83+KLATAK!AV83+PESUCEN!R83+TELEMUNG!T83 -> 644
C84: 3. AGUS REJEKI WARTONO | E84: =BULUSAN!AC84+BULUSARI!R84+GOMBENGSARI!AC84+KALIPURO!AR84+KELIR!W84+KETAPANG!BE84+KLATAK!AV84+PESUCEN!R84+TELEMUNG!T84 -> 245
C85: 4. Hj. TUTUK ASMA'A ZUCHROH, S.T., M.T. | E85: =BULUSAN!AC85+BULUSARI!R85+GOMBENGSARI!AC85+KALIPURO!AR85+KELIR!W85+KETAPANG!BE85+KLATAK!AV85+PESUCEN!R85+TELEMUNG!T85 -> 384
C86: 5. ADE M. RIZKI, S.E. | E86: =BULUSAN!AC86+BULUSARI!R86+GOMBENGSARI!AC86+KALIPURO!AR86+KELIR!W86+KETAPANG!BE86+KLATAK!AV86+PESUCEN!R86+TELEMUNG!T86 -> 502
C87: 6. ABDURAKHMAN, Bc.Kn. | E87: =BULUSAN!AC87+BULUSARI!R87+GOMBENGSARI!AC87+KALIPURO!AR87+KELIR!W87+KETAPANG!BE87+KLATAK!AV87+PESUCEN!R87+TELEMUNG!T87 -> 70
C88: 7. CENDY RHIYAN ADI PUTRI | E88: =BULUSAN!AC88+BULUSARI!R88+GOMBENGSARI!AC88+KALIPURO!AR88+KELIR!W88+KETAPANG!BE88+KLATAK!AV88+PESUCEN!R88+TELEMUNG!T88 -> 43
C89: 8. BAKTI WIJAYANTO, S.E. | E89: =BULUSAN!AC89+BULUSARI!R89+GOMBENGSARI!AC89+KALIPURO!AR89+KELIR!W89+KETAPANG!BE89+KLATAK!AV89+PESUCEN!R89+TELEMUNG!T89 -> 29
C90: 9. AHMAD UBAIDILLAH | E90: =BULUSAN!AC90+BULUSARI!R90+GOMBENGSARI!AC90+KALIPURO!AR90+KELIR!W90+KETAPANG!BE90+KLATAK!AV90+PESUCEN!R90+TELEMUNG!T90 -> 56
A91: B | B91: JUMLAH SUARA SAH PARTAI POLITIK DAN CALON (A1 + A2) | E91: =SUM(E81:E90) -> 6473
A93: A.1 | B93: 5. | C93: Partai NasDem | E93: =BULUSAN!AC93+BULUSARI!R93+GOMBENGSARI!AC93+KALIPURO!AR93+KELIR!W93+KETAPANG!BE93+KLATAK!AV93+PESUCEN!R93+TELEMUNG!T93 -> 508
A94: A.2 | C94: 1. ALI MUSTOFA, A.Md. | E94: =BULUSAN!AC94+BULUSARI!R94+GOMBENGSARI!AC94+KALIPURO!AR94+KELIR!W94+KETAPANG!BE94+KLATAK!AV94+PESUCEN!R94+TELEMUNG!T94 -> 718
C95: 2. Hj. BUAMI, S.H. | E95: =BULUSAN!AC95+BULUSARI!R95+GOMBENGSARI!AC95+KALIPURO!AR95+KELIR!W95+KETAPANG!BE95+KLATAK!AV95+PESUCEN!R95+TELEMUNG!T95 -> 98
C96: 3. SUGIONO, S.H. | E96: =BULUSAN!AC96+BULUSARI!R96+GOMBENGSARI!AC96+KALIPURO!AR96+KELIR!W96+KETAPANG!BE96+KLATAK!AV96+PESUCEN!R96+TELEMUNG!T96 -> 52
C97: 4. LULUK SUNARMIATININGSIH | E97: =BULUSAN!AC97+BULUSARI!R97+GOMBENGSARI!AC97+KALIPURO!AR97+KELIR!W97+KETAPANG!BE97+KLATAK!AV97+PESUCEN!R97+TELEMUNG!T97 -> 85
C98: 5. ANTON DJULIANTO ADI | E98: =BULUSAN!AC98+BULUSARI!R98+GOMBENGSARI!AC98+KALIPURO!AR98+KELIR!W98+KETAPANG!BE98+KLATAK!AV98+PESUCEN!R98+TELEMUNG!T98 -> 88
C99: 6. MOKHAMAD ROFI'I KHUSNAN | E99: =BULUSAN!AC99+BULUSARI!R99+GOMBENGSARI!AC99+KALIPURO!AR99+KELIR!W99+KETAPANG!BE99+KLATAK!AV99+PESUCEN!R99+TELEMUNG!T99 -> 95
C100: 7. Rr SETYO WATI | E100: =BULUSAN!AC100+BULUSARI!R100+GOMBENGSARI!AC100+KALIPURO!AR100+KELIR!W100+KETAPANG!BE100+KLATAK!AV100+PESUCEN!R100+TELEMUNG!T100 -> 8
C101: 8. ABD. KADIR ASSEGAFF | E101: =BULUSAN!AC101+BULUSARI!R101+GOMBENGSARI!AC101+KALIPURO!AR101+KELIR!W101+KETAPANG!BE101+KLATAK!AV101+PESUCEN!R101+TELEMUNG!T101 -> 27
C102: 9. FATHOR ZAINULLAH | E102: =BULUSAN!AC102+BULUSARI!R102+GOMBENGSARI!AC102+KALIPURO!AR102+KELIR!W102+KETAPANG!BE102+KLATAK!AV102+PESUCEN!R102+TELEMUNG!T102 -> 28
A103: B | B103: JUMLAH SUARA SAH PARTAI POLITIK DAN CALON (A1 + A2) | E103: =SUM(E93:E102) -> 1707
A105: A.1 | B105: 6. | C105: Partai Buruh | E105: =BULUSAN!AC105+BULUSARI!R105+GOMBENGSARI!AC105+KALIPURO!AR105+KELIR!W105+KETAPANG!BE105+KLATAK!AV105+PESUCEN!R105+TELEMUNG!T105 -> 208
A106: A.2 | C106: 1. AGUS SUPRIYADI | E106: =BULUSAN!AC106+BULUSARI!R106+GOMBENGSARI!AC106+KALIPURO!AR106+KELIR!W106+KETAPANG!BE106+KLATAK!AV106+PESUCEN!R106+TELEMUNG!T106 -> 73
C107: 2. ENI HARIATI | E107: =BULUSAN!AC107+BULUSARI!R107+GOMBENGSARI!AC107+KALIPURO!AR107+KELIR!W107+KETAPANG!BE107+KLATAK!AV107+PESUCEN!R107+TELEMUNG!T107 -> 39
A108: B | B108: JUMLAH SUARA SAH PARTAI POLITIK DAN CALON (A1 + A2) | E108: =SUM(E105:E107) -> 320
A110: A.1 | B110: 7. | C110: Partai Gelombang Rakyat Indonesia | E110: =BULUSAN!AC110+BULUSARI!R110+GOMBENGSARI!AC110+KALIPURO!AR110+KELIR!W110+KETAPANG!BE110+KLATAK!AV110+PESUCEN!R110+TELEMUNG!T110 -> 163
A111: A.2 | C111: 1. MIRZA MUHROSNI AROMA | E111: =BULUSAN!AC111+BULUSARI!R111+GOMBENGSARI!AC111+KALIPURO!AR111+KELIR!W111+KETAPANG!BE111+KLATAK!AV111+PESUCEN!R111+TELEMUNG!T111 -> 71
C112: 2. ACHMAD BAGUS SUGIARTO | E112: =BULUSAN!AC112+BULUSARI!R112+GOMBENGSARI!AC112+KALIPURO!AR112+KELIR!W112+KETAPANG!BE112+KLATAK!AV112+PESUCEN!R112+TELEMUNG!T112 -> 32
C113: 3. ELOK FITRIYA NINGSIH | E113: =BULUSAN!AC113+BULUSARI!R113+GOMBENGSARI!AC113+KALIPURO!AR113+KELIR!W113+KETAPANG!BE113+KLATAK!AV113+PESUCEN!R113+TELEMUNG!T113 -> 11
C114: 4. MADI | E114: =BULUSAN!AC114+BULUSARI!R114+GOMBENGSARI!AC114+KALIPURO!AR114+KELIR!W114+KETAPANG!BE114+KLATAK!AV114+PESUCEN!R114+TELEMUNG!T114 -> 11
C115: 5. LUKY PERMANASARI | E115: =BULUSAN!AC115+BULUSARI!R115+GOMBENGSARI!AC115+KALIPURO!AR115+KELIR!W115+KETAPANG!BE115+KLATAK!AV115+PESUCEN!R115+TELEMUNG!T115 -> 23
A116: B | B116: JUMLAH SUARA SAH PARTAI POLITIK DAN CALON (A1 + A2) | E116: =SUM(E110:E115) -> 311
A118: A.1 | B118: 8. | C118: Partai Keadilan Sejahtera | E118: =BULUSAN!AC118+BULUSARI!R118+GOMBENGSARI!AC118+KALIPURO!AR118+KELIR!W118+KETAPANG!BE118+KLATAK!AV118+PESUCEN!R118+TELEMUNG!T118 -> 474
A119: A.2 | C119: 1. H. IRWAN SETIAWAN | E119: =BULUSAN!AC119+BULUSARI!R119+GOMBENGSARI!AC119+KALIPURO!AR119+KELIR!W119+KETAPANG!BE119+KLATAK!AV119+PESUCEN!R119+TELEMUNG!T119 -> 874
...

Sheet BULUSAN
C2: Kecamatan | D2: KALIPURO
C3: Kabupaten | D3: BANYUWANGI
C4: Provinsi | D4: JAWA TIMUR
C9: Kelurahan | D9: BULUSAN
A12: I | B12: DATA PEMILIH DAN PENGGUNAAN HAK PILIH | AC12: JUMLAH AKHIR
A13: A | B13: DATA PEMILIH | E13: TPS 001 | F13: TPS 002 | G13: TPS 003 | H13: TPS 004 | I13: TPS 005 | J13: TPS 006 | K13: TPS 007 | L13: TPS 008 | M13: TPS 009 | N13: TPS 010 | O13: TPS 011 | P13: TPS 012 | Q13: TPS 013 | R13: TPS 014 | S13: TPS 015 | T13: TPS 016 | U13: TPS 017 | V13: TPS 018 | W13: TPS 019 | X13: TPS 020 | Y13: TPS 021 | Z13: TPS 022 | AA13: TPS 023 | AB13: TPS 024
B14: Jumlah Pemilih dalam Daftar Pemilih Tetap (DPT) | D14: LK | E14: 148 | F14: 140 | G14: 133 | H14: 145 | I14: 130 | J14: 136 | K14: 147 | L14: 130 | M14: 139 | N14: 140 | O14: 129 | P14: 109 | Q14: 148 | R14: 138 | S14: 139 | T14: 143 | U14: 140 | V14: 131 | W14: 132 | X14: 144 | Y14: 104 | Z14: 86 | AA14: 146 | AB14: 116 | AC14: =SUM(E14:AB14) -> 3193
D15: PR | E15: 146 | F15: 139 | G15: 139 | H15: 150 | I15: 136 | J15: 144 | K15: 133 | L15: 153 | M15: 145 | N15: 134 | O15: 144 | P15: 118 | Q15: 140 | R15: 146 | S15: 139 | T15: 142 | U15: 137 | V15: 134 | W15: 149 | X15: 148 | Y15: 122 | Z15: 110 | AA15: 142 | AB15: 124 | AC15: =SUM(E15:AB15) -> 3314
D16: JML | E16: =SUM(E14:E15) -> 294 | F16: =SUM(F14:F15) -> 279 | G16: =SUM(G14:G15) -> 272 | H16: =SUM(H14:H15) -> 295 | I16: =SUM(I14:I15) -> 266 | J16: =SUM(J14:J15) -> 280 | K16: =SUM(K14:K15) -> 280 | L16: =SUM(L14:L15) -> 283 | ... AB16: =SUM(AB14:AB15) -> 240 | AC16: =SUM(E16:AB16) -> 6507
A18: B | B18: PENGGUNA HAK PILIH
B19: 1. | C19: Jumlah pengguna hak pilih dalam Daftar Pemilih Tetap (DPT) | D19: LK | E19: 101 | F19: 102 | G19: 101 | H19: 122 | I19: 82 | J19: 102 | K19: 111 | L19: 98 | M19: 95 | N19: 102 | O19: 88 | P19: 68 | Q19: 92 | R19: 92 | S19: 86 | T19: 117 | U19: 122 | V19: 108 | W19: 106 | X19: 104 | Y19: 89 | Z19: 65 | AA19: 92 | AB19: 94 | AC19: =SUM(E19:AB19) -> 2339
D20: PR | E20: 117 | F20: 115 | G20: 119 | H20: 125 | I20: 107 | J20: 119 | K20: 107 | L20: 121 | M20: 119 | N20: 111 | O20: 116 | P20: 100 | Q20: 97 | R20: 109 | S20: 111 | T20: 121 | U20: 121 | V20: 121 | W20: 118 | X20: 116 | Y20: 101 | Z20: 91 | AA20: 110 | AB20: 108 | AC20: =SUM(E20:AB20) -> 2700
D21: JML | E21: =SUM(E19:E20) -> 218 | F21: =SUM(F19:F20) -> 217 | G21: =SUM(G19:G20) -> 220 | H21: =SUM(H19:H20) -> 247 | I21: =SUM(I19:I20) -> 189 | J21: =SUM(J19:J20) -> 221 | K21: =SUM(K19:K20) -> 218 | L21: =SUM(L19:L20) -> 219 | ... AB21: =SUM(AB19:AB20) -> 202 | AC21: =SUM(E21:AB21) -> 5039
B22: 2. | C22: Jumlah pengguna hak pilih dalam Daftar Pemilih Tambahan (DPTb) | D22: LK | E22: 1 | F22: 0 | G22: 1 | H22: 1 | I22: 0 | J22: 0 | K22: 0 | L22: 0 | M22: 1 | N22: 0 | O22: 0 | P22: 0 | Q22: 1 | R22: 1 | S22: 0 | T22: 0 | U22: 0 | V22: 0 | W22: 1 | X22: 0 | Y22: 0 | Z22: 0 | AA22: 0 | AB22: 0 | AC22: =SUM(E22:AB22) -> 7
D23: PR | E23: 1 | F23: 1 | G23: 0 | H23: 0 | I23: 0 | J23: 1 | K23: 1 | L23: 1 | M23: 0 | N23: 0 | O23: 0 | P23: 1 | Q23: 0 | R23: 0 | S23: 1 | T23: 2 | U23: 1 | V23: 1 | W23: 0 | X23: 1 | Y23: 1 | Z23: 1 | AA23: 1 | AB23: 1 | AC23: =SUM(E23:AB23) -> 16
D24: JML | E24: =SUM(E22:E23) -> 2 | F24: =SUM(F22:F23) -> 1 | G24: =SUM(G22:G23) -> 1 | H24: =SUM(H22:H23) -> 1 | I24: =SUM(I22:I23) -> 0 | J24: =SUM(J22:J23) -> 1 | K24: =SUM(K22:K23) -> 1 | L24: 1 | M24: 1 | N24: =SUM(N22:N23) -> 0 | O24: =SUM(O22:O23) -> 0 | P24: =SUM(P22:P23) -> 1 | Q24: =SUM(Q22:Q23) -> 1 | R24: =SUM(R22:R23) -> 1 | S24: =SUM(S22:S23) -> 1 | T24: =SUM(T22:T23) -> 2 | U24: =SUM(U22:U23) -> 1 | ... AB24: =SUM(AB22:AB23) -> 1 | AC24: =SUM(E24:AB24) -> 23
B25: 3. | C25: Jumlah pengguna hak pilih dalam Daftar Pemilih Khusus (DPK) | D25: LK | E25: 2 | F25: 1 | G25: 0 | H25: 0 | I25: 0 | J25: 0 | K25: 2 | L25: 4 | M25: 0 | N25: 0 | O25: 0 | P25: 3 | Q25: 1 | R25: 0 | S25: 1 | T25: 0 | U25: 3 | V25: 1 | W25: 0 | X25: 1 | Y25: 0 | Z25: 5 | AA25: 0 | AB25: 3 | AC25: =SUM(E25:AB25) -> 27
D26: PR | E26: 4 | F26: 3 | G26: 0 | H26: 0 | I26: 1 | J26: 1 | K26: 0 | L26: 4 | M26: 0 | N26: 1 | O26: 1 | P26: 4 | Q26: 1 | R26: 0 | S26: 2 | T26: 0 | U26: 1 | V26: 1 | W26: 0 | X26: 3 | Y26: 0 | Z26: 1 | AA26: 0 | AB26: 4 | AC26: =SUM(E26:AB26) -> 32
D27: JML | E27: =SUM(E25:E26) -> 6 | F27: =SUM(F25:F26) -> 4 | G27: =SUM(G25:G26) -> 0 | H27: =SUM(H25:H26) -> 0 | I27: =SUM(I25:I26) -> 1 | J27: =SUM(J25:J26) -> 1 | K27: =SUM(K25:K26) -> 2 | L27: =SUM(L25:L26) -> 8 | ... AB27: =SUM(AB25:AB26) -> 7 | AC27: =SUM(E27:AB27) -> 59
B28: 4. | C28: Jumlah Pengguna Hak Pilih (B.1+B.2+B.3) | D28: LK | E28: =SUM(E19,E22,E25) -> 104 | F28: =SUM(F19,F22,F25) -> 103 | G28: =SUM(G19,G22,G25) -> 102 | H28: =SUM(H19,H22,H25) -> 123 | I28: =SUM(I19,I22,I25) -> 82 | J28: =SUM(J19,J22,J25) -> 102 | K28: =SUM(K19,K22,K25) -> 113 | L28: =SUM(L19,L22,L25) -> 102 | ... AB28: =SUM(AB19,AB22,AB25) -> 97 | AC28: =SUM(E28:AB28) -> 2373
D29: PR | E29: =SUM(E20,E23,E26) -> 122 | F29: =SUM(F20,F23,F26) -> 119 | G29: =SUM(G20,G23,G26) -> 119 | H29: =SUM(H20,H23,H26) -> 125 | I29: =SUM(I20,I23,I26) -> 108 | J29: =SUM(J20,J23,J26) -> 121 | K29: =SUM(K20,K23,K26) -> 108 | L29: =SUM(L20,L23,L26) -> 126 | ... AB29: =SUM(AB20,AB23,AB26) -> 113 | AC29: =SUM(E29:AB29) -> 2748
D30: JML | E30: =SUM(E28:E29) -> 226 | F30: =SUM(F28:F29) -> 222 | G30: =SUM(G28:G29) -> 221 | H30: =SUM(H28:H29) -> 248 | I30: =SUM(I28:I29) -> 190 | J30: =SUM(J28:J29) -> 223 | K30: =SUM(K28:K29) -> 221 | L30: =SUM(L28:L29) -> 228 | ... AB30: =SUM(AB28:AB29) -> 210 | AC30: =SUM(E30:AB30) -> 5121
A32: II | B32: DATA PENGGUNAAN SURAT SUARA
A33: 1 | B33: Jumlah surat suara yang diterima, termasuk surat suara cadangan 2,5% dari DPT | E33: 300 | F33: 286 | G33: 278 | H33: 301 | I33: 272 | J33: 286 | K33: 286 | L33: 289 | M33: 271 | N33: 280 | O33: 279 | P33: 232 | Q33: 295 | R33: 290 | S33: 284 | T33: 291 | U33: 283 | V33: 270 | W33: 287 | X33: 298 | Y33: 231 | Z33: 200 | AA33: 294 | AB33: 245 | AC33: =SUM(E33:AB33) -> 6628
A34: 2 | B34: Jumlah surat suara yang digunakan | E34: 226 | F34: 222 | G34: 221 | H34: 248 | I34: 190 | J34: 223 | K34: 221 | L34: 228 | M34: 215 | N34: 214 | O34: 205 | P34: 176 | Q34: 192 | R34: 202 | S34: 201 | T34: 240 | U34: 248 | V34: 232 | W34: 225 | X34: 225 | Y34: 191 | Z34: 163 | AA34: 203 | AB34: 210 | AC34: =SUM(E34:AB34) -> 5121
A35: 3 | B35: Jumlah surat suara dikembalikan oleh pemilih (karena rusak atau keliru coblos) | E35: 0 | F35: 0 | G35: 2 | H35: 0 | I35: 0 | J35: 0 | K35: 1 | L35: 0 | M35: 0 | N35: 0 | O35: 0 | P35: 1 | Q35: 0 | R35: 0 | S35: 0 | T35: 2 | U35: 2 | V35: 0 | W35: 0 | X35: 0 | Y35: 0 | Z35: 17 | AA35: 1 | AB35: 0 | AC35: =SUM(E35:AB35) -> 26
A36: 4 | B36: Jumlah surat suara yang tidak digunakan/tidak terpakai, termasuk sisa surat suara cadangan | E36: =E33-(E34+E35) -> 74 | F36: =F33-(F34+F35) -> 64 | G36: =G33-(G34+G35) -> 55 | H36: =H33-(H34+H35) -> 53 | I36: =I33-(I34+I35) -> 82 | J36: =J33-(J34+J35) -> 63 | K36: =K33-(K34+K35) -> 64 | L36: =L33-(L34+L35) -> 61 | ... AB36: =AB33-(AB34+AB35) -> 35 | AC36: =SUM(E36:AB36) -> 1481
A38: III | B38: DATA PEMILIH DISABILITAS
B39: Jumlah seluruh Pemilih disabilitas yang menggunakan hak pilih | D39: LK | I39: 1 | K39: 3 | AC39: =SUM(E39:AB39) -> 4
D40: PR | K40: 6 | AC40: =SUM(E40:AB40) -> 6
D41: JML | E41: =SUM(E39:E40) -> 0 | F41: =SUM(F39:F40) -> 0 | G41: =SUM(G39:G40) -> 0 | H41: =SUM(H39:H40) -> 0 | I41: =SUM(I39:I40) -> 1 | J41: =SUM(J39:J40) -> 0 | K41: =SUM(K39:K40) -> 9 | L41: =SUM(L39:L40) -> 0 | ... AB41: =SUM(AB39:AB40) -> 0 | AC41: =SUM(E41:AB41) -> 10
A43: IV | B43: DATA RINCIAN PEROLEHAN SUARA PASANGAN CALON BUPATI DAN WAKIL BUPATI
A44: NOMOR DAN NAMA CALON
A45: A.1 | B45: 1. | C45: Partai Kebangkitan Bangsa | E45: 6 | F45: 15 | G45: 10 | H45: 12 | I45: 5 | J45: 13 | K45: 11 | L45: 22 | M45: 4 | N45: 7 | O45: 8 | P45: 2 | Q45: 6 | R45: 4 | S45: 2 | T45: 7 | U45: 17 | V45: 14 | W45: 14 | X45: 5 | Y45: 7 | Z45: 13 | AA45: 15 | AB45: 11 | AC45: =SUM(E45:AB45) -> 230
A46: A.2 | C46: 1. Dra. Hj. MA`MULAH HARUN, M.Pd.I. | E46: 24 | F46: 31 | G46: 27 | H46: 18 | I46: 38 | J46: 10 | K46: 37 | L46: 36 | M46: 28 | N46: 23 | O46: 13 | P46: 10 | Q46: 16 | R46: 26 | S46: 4 | T46: 42 | U46: 36 | V46: 23 | W46: 30 | X46: 52 | Y46: 6 | Z46: 11 | AA46: 28 | AB46: 14 | AC46: =SUM(E46:AB46) -> 583
C47: 2. UBAIDILLAH, S.Fil.I. | E47: 1 | F47: 5 | G47: 14 | H47: 2 | I47: 1 | J47: 3 | K47: 2 | L47: 5 | M47: 10 | N47: 0 | O47: 6 | P47: 14 | Q47: 50 | R47: 0 | S47: 1 | T47: 5 | U47: 30 | V47: 9 | W47: 1 | X47: 3 | Y47: 6 | Z47: 4 | AA47: 1 | AB47: 6 | AC47: =SUM(E47:AB47) -> 179
C48: 3. Ir. H. YOYOK MULYADI, M.Si. | E48: 1 | F48: 7 | G48: 0 | H48: 1 | I48: 1 | J48: 3 | K48: 0 | L48: 2 | M48: 2 | N48: 1 | O48: 1 | P48: 2 | Q48: 3 | R48: 3 | S48: 1 | T48: 12 | U48: 15 | V48: 3 | W48: 2 | X48: 6 | Y48: 1 | Z48: 0 | AA48: 1 | AB48: 2 | AC48: =SUM(E48:AB48) -> 70
C49: 4. KHOIRUL ANWAR, S.Fil.I. | E49: 1 | F49: 3 | G49: 2 | H49: 1 | I49: 3 | J49: 3 | K49: 7 | L49: 8 | M49: 2 | N49: 0 | O49: 3 | P49: 1 | Q49: 0 | R49: 0 | S49: 0 | T49: 3 | U49: 3 | V49: 3 | W49: 4 | X49: 3 | Y49: 27 | Z49: 3 | AA49: 1 | AB49: 7 | AC49: =SUM(E49:AB49) -> 88
C50: 5. ARIF WIJAKSANA | E50: 0 | F50: 0 | G50: 1 | H50: 0 | I50: 3 | J50: 3 | K50: 1 | L50: 1 | M50: 4 | N50: 2 | O50: 0 | P50: 1 | Q50: 1 | R50: 0 | S50: 1 | T50: 1 | U50: 2 | V50: 0 | W50: 1 | X50: 1 | Y50: 0 | Z50: 0 | AA50: 0 | AB50: 0 | AC50: =SUM(E50:AB50) -> 23
C51: 6. Dr. SITI YUMNAH | E51: 0 | F51: 1 | G51: 2 | H51: 1 | I51: 1 | J51: 0 | K51: 1 | L51: 3 | M51: 0 | N51: 1 | O51: 0 | P51: 0 | Q51: 1 | R51: 1 | S51: 0 | T51: 0 | U51: 2 | V51: 1 | W51: 0 | X51: 0 | Y51: 1 | Z51: 0 | AA51: 0 | AB51: 0 | AC51: =SUM(E51:AB51) -> 16
C52: 7. MOHAMMAD ZAINI, M.Pd.I. | E52: 0 | F52: 1 | G52: 1 | H52: 0 | I52: 0 | J52: 1 | K52: 3 | L52: 1 | M52: 0 | N52: 0 | O52: 0 | P52: 0 | Q52: 1 | R52: 0 | S52: 0 | T52: 1 | U52: 3 | V52: 0 | W52: 5 | X52: 0 | Y52: 0 | Z52: 0 | AA52: 2 | AB52: 0 | AC52: =SUM(E52:AB52) -> 19
C53: 8. FAWAIDUL MAKKIYAH | E53: 0 | F53: 0 | G53: 1 | H53: 0 | I53: 0 | J53: 0 | K53: 0 | L53: 1 | M53: 1 | N53: 0 | O53: 0 | P53: 0 | Q53: 0 | R53: 0 | S53: 0 | T53: 0 | U53: 0 | V53: 0 | W53: 0 | X53: 0 | Y53: 0 | Z53: 1 | AA53: 0 | AB53: 3 | AC53: =SUM(E53:AB53) -> 7
C54: 9. IFFAH HIDAYATUR ROHMAH, S.Sos. | E54: 0 | F54: 0 | G54: 0 | H54: 0 | I54: 0 | J54: 2 | K54: 2 | L54: 0 | M54: 0 | N54: 1 | O54: 0 | P54: 0 | Q54: 0 | R54: 0 | S54: 0 | T54: 0 | U54: 0 | V54: 1 | W54: 1 | X54: 0 | Y54: 1 | Z54: 0 | AA54: 1 | AB54: 0 | AC54: =SUM(E54:AB54) -> 9
A55: B | B55: JUMLAH SUARA SAH PARTAI POLITIK DAN CALON (A1 + A2) | E55: =SUM(E45:E54) -> 33 | F55: =SUM(F45:F54) -> 63 | G55: =SUM(G45:G54) -> 58 | H55: =SUM(H45:H54) -> 35 | I55: =SUM(I45:I54) -> 52 | J55: =SUM(J45:J54) -> 38 | K55: =SUM(K45:K54) -> 64 | L55: =SUM(L45:L54) -> 79 | ... AC55: =SUM(AC45:AC54) -> 1224
A57: A.1 | B57: 2. | C57: Partai Gerakan Indonesia Raya | E57: 14 | F57: 10 | G57: 5 | H57: 10 | I57: 10 | J57: 4 | K57: 14 | L57: 11 | M57: 6 | N57: 11 | O57: 10 | P57: 8 | Q57: 5 | R57: 14 | S57: 8 | T57: 7 | U57: 9 | V57: 6 | W57: 7 | X57: 9 | Y57: 11 | Z57: 10 | AA57: 10 | AB57: 7 | AC57: =SUM(E57:AB57) -> 216
A58: A.2 | C58: 1. AHMAD HADINUDDIN, S.Pd.I. | E58: 2 | F58: 7 | G58: 5 | H58: 5 | I58: 7 | J58: 10 | K58: 10 | L58: 6 | M58: 7 | N58: 8 | O58: 4 | P58: 2 | Q58: 2 | R58: 6 | S58: 4 | T58: 12 | U58: 5 | V58: 8 | W58: 7 | X58: 4 | Y58: 4 | Z58: 8 | AA58: 4 | AB58: 3 | AC58: =SUM(E58:AB58) -> 140
C59: 2. BIMA RAFSANJANI RAFID | E59: 14 | F59: 9 | G59: 6 | H59: 4 | I59: 6 | J59: 19 | K59: 8 | L59: 9 | M59: 4 | N59: 12 | O59: 7 | P59: 8 | Q59: 7 | R59: 1 | S59: 4 | T59: 7 | U59: 5 | V59: 10 | W59: 8 | X59: 6 | Y59: 10 | Z59: 6 | AA59: 8 | AB59: 12 | AC59: =SUM(E59:AB59) -> 190
C60: 3. IRA DAMAYANTI | E60: 3 | F60: 0 | G60: 2 | H60: 0 | I60: 1 | J60: 1 | K60: 3 | L60: 3 | M60: 2 | N60: 4 | O60: 3 | P60: 1 | Q60: 1 | R60: 3 | S60: 0 | T60: 0 | U60: 0 | V60: 1 | W60: 2 | X60: 1 | Y60: 0 | Z60: 2 | AA60: 2 | AB60: 1 | AC60: =SUM(E60:AB60) -> 36
C61: 4. MAULANA MALIK IBRAHIM, S.H. | E61: 2 | F61: 0 | G61: 2 | H61: 1 | I61: 0 | J61: 1 | K61: 3 | L61: 5 | M61: 0 | N61: 3 | O61: 2 | P61: 1 | Q61: 0 | R61: 4 | S61: 3 | T61: 2 | U61: 1 | V61: 1 | W61: 1 | X61: 1 | Y61: 1 | Z61: 2 | AA61: 1 | AB61: 1 | AC61: =SUM(E61:AB61) -> 38
C62: 5. LULUK ALFIATI | E62: 3 | F62: 1 | G62: 4 | H62: 0 | I62: 2 | J62: 0 | K62: 1 | L62: 1 | M62: 1 | N62: 2 | O62: 2 | P62: 2 | Q62: 0 | R62: 2 | S62: 2 | T62: 0 | U62: 0 | V62: 0 | W62: 0 | X62: 1 | Y62: 0 | Z62: 0 | AA62: 0 | AB62: 0 | AC62: =SUM(E62:AB62) -> 24
C63: 6. ILHAM WAHYUDI, S.H. | E63: 0 | F63: 0 | G63: 0 | H63: 0 | I63: 0 | J63: 2 | K63: 0 | L63: 0 | M63: 2 | N63: 1 | O63: 2 | P63: 1 | Q63: 0 | R63: 0 | S63: 0 | T63: 1 | U63: 0 | V63: 0 | W63: 0 | X63: 1 | Y63: 0 | Z63: 1 | AA63: 1 | AB63: 0 | AC63: =SUM(E63:AB63) -> 12
C64: 7. HAERUL ANWAR, S.Pd.I. | E64: 0 | F64: 0 | G64: 0 | H64: 0 | I64: 0 | J64: 0 | K64: 0 | L64: 0 | M64: 0 | N64: 0 | O64: 1 | P64: 0 | Q64: 0 | R64: 0 | T64: 0 | U64: 1 | V64: 1 | W64: 1 | X64: 0 | Y64: 0 | Z64: 0 | AA64: 0 | AB64: 0 | AC64: =SUM(E64:AB64) -> 4
C65: 8. YOVI ADHITYA WARDANI | E65: 0 | F65: 0 | G65: 0 | H65: 0 | I65: 0 | J65: 0 | K65: 0 | L65: 1 | M65: 0 | N65: 0 | O65: 1 | P65: 0 | Q65: 0 | R65: 0 | T65: 0 | U65: 1 | V65: 0 | W65: 1 | X65: 1 | Y65: 0 | Z65: 0 | AA65: 0 | AB65: 0 | AC65: =SUM(E65:AB65) -> 5
C66: 9. RITA AMELIA | E66: 1 | F66: 0 | G66: 0 | H66: 1 | I66: 0 | J66: 1 | K66: 1 | L66: 0 | M66: 0 | N66: 1 | O66: 4 | P66: 0 | Q66: 0 | R66: 0 | S66: 0 | T66: 0 | U66: 0 | V66: 0 | W66: 1 | X66: 0 | Y66: 0 | Z66: 0 | AA66: 0 | AB66: 0 | AC66: =SUM(E66:AB66) -> 10
A67: B | B67: JUMLAH SUARA SAH PARTAI POLITIK DAN CALON (A1 + A2) | E67: =SUM(E57:E66) -> 39 | F67: =SUM(F57:F66) -> 27 | G67: =SUM(G57:G66) -> 24 | H67: =SUM(H57:H66) -> 21 | I67: =SUM(I57:I66) -> 26 | J67: =SUM(J57:J66) -> 38 | K67: =SUM(K57:K66) -> 40 | L67: =SUM(L57:L66) -> 36 | ... AC67: =SUM(AC57:AC66) -> 675
A69: A.1 | B69: 3. | C69: Partai Demokrasi Indonesia Perjuangan | E69: 7 | F69: 8 | G69: 9 | H69: 5 | I69: 2 | J69: 10 | K69: 4 | L69: 12 | M69: 15 | N69: 20 | O69: 11 | P69: 17 | Q69: 9 | R69: 22 | S69: 19 | T69: 4 | U69: 8 | V69: 9 | W69: 9 | X69: 10 | Y69: 14 | Z69: 5 | AA69: 10 | AB69: 12 | AC69: =SUM(E69:AB69) -> 251
A70: A.2 | C70: 1. MARTIN H., S.H., M.H. | E70: 3 | F70: 6 | G70: 3 | H70: 4 | I70: 1 | J70: 2 | K70: 3 | L70: 3 | M70: 6 | N70: 2 | O70: 4 | P70: 7 | Q70: 7 | R70: 4 | S70: 20 | T70: 5 | U70: 5 | V70: 10 | W70: 4 | X70: 10 | Y70: 8 | Z70: 2 | AA70: 3 | AB70: 6 | AC70: =SUM(E70:AB70) -> 128
C71: 2. HERMANTO, S.E. | E71: 5 | F71: 2 | G71: 6 | H71: 2 | I71: 10 | J71: 4 | K71: 8 | L71: 4 | M71: 4 | N71: 0 | O71: 6 | P71: 5 | Q71: 6 | R71: 9 | S71: 7 | T71: 5 | U71: 5 | V71: 7 | W71: 1 | X71: 10 | Y71: 9 | Z71: 2 | AA71: 8 | AB71: 7 | AC71: =SUM(E71:AB71) -> 132
C72: 3. EVY SUSILAWATI, S.E., M.M. | E72: 1 | F72: 3 | G72: 0 | H72: 2 | I72: 3 | J72: 5 | K72: 3 | L72: 1 | M72: 4 | N72: 2 | O72: 2 | P72: 1 | Q72: 2 | R72: 2 | S72: 2 | T72: 2 | U72: 2 | V72: 2 | W72: 2 | X72: 3 | Y72: 0 | Z72: 0 | AA72: 2 | AB72: 4 | AC72: =SUM(E72:AB72) -> 50
C73: 4. M. SIROTTUDIN | E73: 10 | F73: 23 | G73: 12 | H73: 2 | I73: 3 | J73: 30 | K73: 17 | L73: 14 | M73: 42 | N73: 27 | O73: 22 | P73: 22 | Q73: 8 | R73: 14 | S73: 27 | T73: 14 | U73: 6 | V73: 38 | W73: 10 | X73: 18 | Y73: 27 | Z73: 19 | AA73: 14 | AB73: 25 | AC73: =SUM(E73:AB73) -> 444
C74: 5. ABDUL HAFID, S.H. | E74: 0 | F74: 0 | G74: 1 | H74: 0 | I74: 1 | J74: 4 | K74: 1 | L74: 1 | M74: 2 | N74: 0 | O74: 1 | P74: 2 | Q74: 1 | R74: 1 | S74: 3 | T74: 1 | U74: 1 | V74: 3 | W74: 1 | X74: 0 | Y74: 0 | Z74: 1 | AA74: 0 | AB74: 1 | AC74: =SUM(E74:AB74) -> 26
C75: 6. NIKITA FORTUNA SURYANINGATI, A.Md.Keb. | E75: 1 | F75: 0 | G75: 0 | H75: 0 | I75: 2 | J75: 0 | K75: 1 | L75: 1 | M75: 2 | N75: 1 | O75: 1 | P75: 0 | Q75: 2 | R75: 2 | S75: 1 | T75: 0 | U75: 0 | V75: 0 | W75: 0 | X75: 1 | Y75: 0 | Z75: 0 | AA75: 1 | AB75: 0 | AC75: =SUM(E75:AB75) -> 16
C76: 7. YUDHO ILHAM WIJAYA, S.E. | E76: 2 | F76: 0 | G76: 0 | H76: 1 | I76: 0 | J76: 0 | K76: 0 | L76: 0 | M76: 0 | N76: 0 | O76: 0 | P76: 1 | Q76: 0 | R76: 0 | S76: 2 | T76: 0 | U76: 7 | V76: 1 | W76: 3 | X76: 0 | Y76: 0 | Z76: 0 | AA76: 0 | AB76: 1 | AC76: =SUM(E76:AB76) -> 18
C77: 8. SETIAWATI, S.H. | E77: 1 | F77: 0 | G77: 0 | H77: 0 | I77: 1 | J77: 0 | K77: 1 | L77: 0 | M77: 0 | N77: 0 | O77: 1 | P77: 0 | Q77: 1 | R77: 2 | S77: 0 | T77: 0 | U77: 0 | V77: 1 | W77: 0 | X77: 1 | Y77: 2 | Z77: 0 | AA77: 0 | AB77: 0 | AC77: =SUM(E77:AB77) -> 11
C78: 9. EKO BUDI SANTOSO, S.H. | E78: 1 | F78: 0 | G78: 0 | H78: 0 | I78: 0 | J78: 0 | K78: 0 | L78: 1 | M78: 0 | N78: 0 | O78: 0 | P78: 2 | Q78: 2 | R78: 0 | S78: 3 | T78: 0 | U78: 0 | V78: 0 | W78: 0 | X78: 0 | Y78: 0 | Z78: 0 | AA78: 0 | AB78: 0 | AC78: =SUM(E78:AB78) -> 9
A79: B | B79: JUMLAH SUARA SAH PARTAI POLITIK DAN CALON (A1 + A2) | E79: =SUM(E69:E78) -> 31 | F79: =SUM(F69:F78) -> 42 | G79: =SUM(G69:G78) -> 31 | H79: =SUM(H69:H78) -> 16 | I79: =SUM(I69:I78) -> 23 | J79: =SUM(J69:J78) -> 55 | K79: =SUM(K69:K78) -> 38 | L79: =SUM(L69:L78) -> 37 | ... AC79: =SUM(AC69:AC78) -> 1085
A81: A.1 | B81: 4. | C81: Partai Golongan Karya | E81: 2 | F81: 3 | G81: 3 | H81: 6 | I81: 6 | J81: 3 | K81: 3 | L81: 4 | M81: 1 | N81: 6 | O81: 4 | P81: 2 | Q81: 1 | R81: 3 | S81: 2 | T81: 11 | U81: 3 | V81: 10 | W81: 17 | X81: 5 | Y81: 9 | Z81: 10 | AA81: 2 | AB81: 6 | AC81: =SUM(E81:AB81) -> 122
A82: A.2 | C82: 1. PRANAYA YUDHA MAHARDHIKA | E82: 2 | F82: 6 | G82: 4 | H82: 5 | I82: 3 | J82: 1 | K82: 3 | L82: 2 | M82: 4 | N82: 4 | O82: 2 | P82: 4 | Q82: 1 | R82: 2 | S82: 2 | T82: 9 | U82: 7 | V82: 11 | W82: 29 | X82: 5 | Y82: 4 | Z82: 3 | AA82: 2 | AB82: 13 | AC82: =SUM(E82:AB82) -> 128
C83: 2. Dra. Ec. ENDANG SULASTUTY, M.I.P. | E83: 0 | F83: 0 | G83: 1 | H83: 4 | I83: 6 | J83: 0 | K83: 1 | L83: 0 | M83: 1 | N83: 3 | O83: 1 | P83: 0 | Q83: 0 | R83: 2 | S83: 2 | T83: 20 | U83: 3 | V83: 1 | W83: 3 | X83: 0 | Y83: 1 | Z83: 1 | AA83: 1 | AB83: 2 | AC83: =SUM(E83:AB83) -> 53
C84: 3. AGUS REJEKI WARTONO | E84: 0 | F84: 0 | G84: 0 | H84: 3 | I84: 3 | J84: 1 | K84: 1 | L84: 0 | M84: 1 | N84: 1 | O84: 1 | P84: 2 | Q84: 2 | R84: 0 | S84: 2 | T84: 4 | U84: 2 | V84: 1 | W84: 3 | X84: 0 | Y84: 0 | Z84: 2 | AA84: 1 | AB84: 2 | AC84: =SUM(E84:AB84) -> 32
C85: 4. Hj. TUTUK ASMA'A ZUCHROH, S.T., M.T. | E85: 0 | F85: 1 | G85: 1 | H85: 0 | I85: 3 | J85: 0 | K85: 1 | L85: 1 | M85: 1 | N85: 3 | O85: 0 | P85: 1 | Q85: 1 | R85: 0 | S85: 1 | T85: 10 | U85: 2 | V85: 2 | W85: 0 | X85: 0 | Y85: 0 | Z85: 1 | AA85: 2 | AB85: 0 | AC85: =SUM(E85:AB85) -> 31
C86: 5. ADE M. RIZKI, S.E. | E86: 0 | F86: 0 | G86: 0 | H86: 0 | I86: 2 | J86: 2 | K86: 0 | L86: 0 | M86: 0 | N86: 1 | O86: 1 | P86: 0 | Q86: 1 | R86: 0 | S86: 0 | T86: 0 | U86: 1 | V86: 0 | W86: 3 | X86: 0 | Y86: 0 | Z86: 0 | AA86: 0 | AB86: 0 | AC86: =SUM(E86:AB86) -> 11
C87: 6. ABDURAKHMAN, Bc.Kn. | E87: 0 | F87: 0 | G87: 0 | H87: 1 | I87: 0 | J87: 0 | K87: 0 | L87: 0 | M87: 0 | N87: 1 | O87: 1 | P87: 0 | Q87: 0 | R87: 0 | S87: 1 | T87: 0 | U87: 0 | V87: 0 | W87: 0 | X87: 0 | Y87: 0 | Z87: 0 | AA87: 0 | AB87: 1 | AC87: =SUM(E87:AB87) -> 5
C88: 7. CENDY RHIYAN ADI PUTRI | E88: 0 | F88: 0 | G88: 0 | H88: 1 | I88: 0 | J88: 0 | K88: 0 | L88: 0 | M88: 0 | N88: 0 | O88: 0 | P88: 0 | Q88: 0 | R88: 0 | S88: 0 | T88: 0 | U88: 2 | V88: 0 | W88: 0 | X88: 2 | Y88: 0 | Z88: 0 | AA88: 0 | AB88: 0 | AC88: =SUM(E88:AB88) -> 5
C89: 8. BAKTI WIJAYANTO, S.E. | E89: 0 | F89: 0 | G89: 0 | H89: 0 | I89: 0 | J89: 0 | K89: 0 | L89: 0 | M89: 0 | N89: 0 | O89: 0 | P89: 0 | Q89: 0 | R89: 0 | S89: 0 | T89: 0 | U89: 0 | V89: 1 | W89: 0 | X89: 0 | Y89: 0 | Z89: 0 | AA89: 0 | AB89: 0 | AC89: =SUM(E89:AB89) -> 1
C90: 9. AHMAD UBAIDILLAH | E90: 0 | F90: 0 | G90: 1 | H90: 0 | I90: 0 | J90: 0 | K90: 1 | L90: 0 | M90: 0 | N90: 0 | O90: 0 | P90: 0 | Q90: 0 | R90: 1 | S90: 0 | T90: 0 | U90: 0 | V90: 0 | W90: 0 | X90: 0 | Y90: 0 | Z90: 0 | AA90: 0 | AB90: 1 | AC90: =SUM(E90:AB90) -> 4
A91: B | B91: JUMLAH SUARA SAH PARTAI POLITIK DAN CALON (A1 + A2) | E91: =SUM(E81:E90) -> 4 | F91: =SUM(F81:F90) -> 10 | G91: =SUM(G81:G90) -> 10 | H91: =SUM(H81:H90) -> 20 | I91: =SUM(I81:I90) -> 23 | J91: =SUM(J81:J90) -> 7 | K91: =SUM(K81:K90) -> 10 | L91: =SUM(L81:L90) -> 7 | ... AC91: =SUM(AC81:AC90) -> 392
A93: A.1 | B93: 5. | C93: Partai NasDem | E93: 2 | F93: 1 | G93: 0 | H93: 0 | I93: 0 | J93: 3 | K93: 0 | L93: 3 | M93: 1 | N93: 0 | O93: 6 | P93: 2 | Q93: 1 | R93: 1 | S93: 0 | T93: 0 | U93: 1 | V93: 1 | W93: 0 | X93: 4 | Y93: 1 | Z93: 2 | AA93: 3 | AB93: 0 | AC93: =SUM(E93:AB93) -> 32
A94: A.2 | C94: 1. ALI MUSTOFA, A.Md. | E94: 2 | F94: 1 | G94: 0 | H94: 0 | I94: 0 | J94: 2 | K94: 1 | L94: 1 | M94: 1 | N94: 1 | O94: 2 | P94: 2 | Q94: 0 | R94: 0 | S94: 0 | T94: 0 | U94: 0 | V94: 1 | W94: 2 | X94: 1 | Y94: 0 | Z94: 0 | AA94: 3 | AB94: 0 | AC94: =SUM(E94:AB94) -> 20
C95: 2. Hj. BUAMI, S.H. | E95: 1 | F95: 0 | G95: 0 | H95: 0 | I95: 2 | J95: 1 | K95: 0 | L95: 1 | M95: 0 | N95: 0 | O95: 0 | P95: 0 | Q95: 0 | R95: 0 | S95: 1 | T95: 0 | U95: 0 | V95: 0 | W95: 0 | X95: 0 | Y95: 0 | Z95: 0 | AA95: 0 | AB95: 0 | AC95: =SUM(E95:AB95) -> 6
C96: 3. SUGIONO, S.H. | E96: 1 | F96: 0 | G96: 0 | H96: 0 | I96: 0 | J96: 0 | K96: 0 | L96: 0 | M96: 0 | N96: 0 | O96: 1 | P96: 0 | Q96: 0 | R96: 0 | S96: 0 | T96: 0 | U96: 0 | V96: 0 | W96: 0 | X96: 1 | Y96: 0 | Z96: 1 | AA96: 0 | AB96: 0 | AC96: =SUM(E96:AB96) -> 4
C97: 4. LULUK SUNARMIATININGSIH | E97: 0 | F97: 0 | G97: 0 | H97: 0 | I97: 0 | J97: 1 | K97: 0 | L97: 2 | M97: 0 | N97: 1 | O97: 0 | P97: 0 | Q97: 1 | R97: 0 | S97: 0 | T97: 0 | U97: 0 | V97: 0 | W97: 0 | X97: 1 | Y97: 0 | Z97: 1 | AA97: 1 | AB97: 0 | AC97: =SUM(E97:AB97) -> 8
C98: 5. ANTON DJULIANTO ADI | E98: 0 | F98: 0 | G98: 0 | H98: 0 | I98: 0 | J98: 0 | K98: 0 | L98: 1 | M98: 0 | N98: 0 | O98: 1 | P98: 0 | Q98: 0 | R98: 0 | S98: 0 | T98: 0 | U98: 0 | V98: 0 | W98: 2 | X98: 0 | Y98: 0 | Z98: 1 | AA98: 0 | AB98: 0 | AC98: =SUM(E98:AB98) -> 5
C99: 6. MOKHAMAD ROFI'I KHUSNAN | E99: 0 | F99: 0 | G99: 0 | H99: 0 | I99: 0 | J99: 0 | K99: 0 | L99: 0 | M99: 0 | N99: 0 | O99: 0 | P99: 0 | Q99: 0 | R99: 0 | S99: 0 | T99: 0 | U99: 0 | V99: 0 | W99: 0 | X99: 0 | Y99: 0 | Z99: 0 | AA99: 0 | AB99: 0 | AC99: =SUM(E99:AB99) -> 0
C100: 7. Rr SETYO WATI | E100: 0 | F100: 0 | G100: 0 | H100: 0 | I100: 0 | J100: 0 | K100: 1 | L100: 0 | M100: 1 | N100: 0 | O100: 0 | P100: 0 | Q100: 0 | R100: 0 | S100: 0 | T100: 0 | U100: 0 | V100: 0 | W100: 0 | X100: 0 | Y100: 0 | Z100: 0 | AA100: 0 | AB100: 0 | AC100: =SUM(E100:AB100) -> 2
C101: 8. ABD. KADIR ASSEGAFF | E101: 0 | F101: 0 | G101: 0 | H101: 0 | I101: 0 | J101: 0 | K101: 0 | L101: 0 | M101: 0 | N101: 0 | O101: 0 | P101: 1 | Q101: 2 | R101: 0 | S101: 0 | T101: 0 | U101: 0 | V101: 3 | W101: 0 | X101: 0 | Y101: 0 | Z101: 0 | AA101: 1 | AB101: 0 | AC101: =SUM(E101:AB101) -> 7
C102: 9. FATHOR ZAINULLAH | E102: 0 | F102: 0 | G102: 0 | H102: 0 | I102: 0 | J102: 0 | K102: 0 | L102: 0 | M102: 0 | N102: 0 | O102: 0 | P102: 0 | Q102: 0 | R102: 0 | S102: 0 | T102: 0 | U102: 0 | V102: 0 | W102: 0 | X102: 0 | Y102: 0 | Z102: 0 | AA102: 0 | AB102: 1 | AC102: =SUM(E102:AB102) -> 1
A103: B | B103: JUMLAH SUARA SAH PARTAI POLITIK DAN CALON (A1 + A2) | E103: =SUM(E93:E102) -> 6 | F103: =SUM(F93:F102) -> 2 | G103: =SUM(G93:G102) -> 0 | H103: =SUM(H93:H102) -> 0 | I103: =SUM(I93:I102) -> 2 | J103: =SUM(J93:J102) -> 7 | K103: =SUM(K93:K102) -> 2 | L103: =SUM(L93:L102) -> 8 | ... AC103: =SUM(AC93:AC102) -> 85
A105: A.1 | B105: 6. | C105: Partai Buruh | E105: 0 | F105: 0 | G105: 0 | H105: 0 | I105: 0 | J105: 2 | K105: 0 | L105: 0 | M105: 0 | N105: 1 | O105: 0 | P105: 0 | Q105: 0 | R105: 0 | S105: 0 | T105: 0 | U105: 0 | V105: 0 | W105: 2 | X105: 4 | Y105: 0 | Z105: 0 | AA105: 1 | AB105: 0 | AC105: =SUM(E105:AB105) -> 10
A106: A.2 | C106: 1. AGUS SUPRIYADI | E106: 0 | F106: 0 | G106: 0 | H106: 0 | I106: 1 | J106: 0 | K106: 2 | L106: 1 | M106: 0 | N106: 0 | O106: 0 | P106: 0 | Q106: 0 | R106: 1 | S106: 0 | T106: 0 | U106: 0 | V106: 1 | W106: 0 | X106: 1 | Y106: 0 | Z106: 0 | AA106: 0 | AB106: 0 | AC106: =SUM(E106:AB106) -> 7
C107: 2. ENI HARIATI | E107: 0 | F107: 0 | G107: 0 | H107: 1 | I107: 0 | J107: 0 | K107: 0 | L107: 0 | M107: 0 | N107: 1 | O107: 0 | P107: 0 | Q107: 0 | R107: 1 | S107: 0 | T107: 0 | U107: 1 | V107: 0 | W107: 0 | X107: 0 | Y107: 0 | Z107: 1 | AA107: 0 | AB107: 0 | AC107: =SUM(E107:AB107) -> 5
A108: B | B108: JUMLAH SUARA SAH PARTAI POLITIK DAN CALON (A1 + A2) | E108: =SUM(E105:E107) -> 0 | F108: =SUM(F105:F107) -> 0 | G108: =SUM(G105:G107) -> 0 | H108: =SUM(H105:H107) -> 1 | I108: =SUM(I105:I107) -> 1 | J108: =SUM(J105:J107) -> 2 | K108: =SUM(K105:K107) -> 2 | L108: =SUM(L105:L107) -> 1 | ... AC108: =SUM(AC105:AC107) -> 22
A110: A.1 | B110: 7. | C110: Partai Gelombang Rakyat Indonesia | E110: 1 | F110: 0 | G110: 0 | H110: 1 | I110: 0 | J110: 2 | K110: 1 | L110: 0 | M110: 1 | N110: 0 | O110: 0 | P110: 0 | Q110: 0 | R110: 0 | S110: 1 | T110: 0 | U110: 1 | V110: 0 | W110: 2 | X110: 2 | Y110: 2 | Z110: 1 | AA110: 1 | AB110: 1 | AC110: =SUM(E110:AB110) -> 17
A111: A.2 | C111: 1. MIRZA MUHROSNI AROMA | E111: 1 | F111: 0 | G111: 1 | H111: 0 | I111: 0 | J111: 0 | K111: 1 | L111: 1 | M111: 0 | N111: 0 | O111: 0 | P111: 0 | Q111: 0 | R111: 0 | S111: 0 | T111: 0 | U111: 1 | V111: 0 | W111: 0 | X111: 0 | Y111: 0 | Z111: 0 | AA111: 0 | AB111: 1 | AC111: =SUM(E111:AB111) -> 6
C112: 2. ACHMAD BAGUS SUGIARTO | E112: 0 | F112: 0 | G112: 0 | H112: 0 | I112: 1 | J112: 0 | K112: 0 | L112: 0 | M112: 1 | N112: 0 | O112: 0 | P112: 0 | Q112: 0 | R112: 0 | S112: 1 | T112: 0 | U112: 1 | V112: 0 | W112: 0 | X112: 0 | Y112: 0 | Z112: 2 | AA112: 0 | AB112: 0 | AC112: =SUM(E112:AB112) -> 6
C113: 3. ELOK FITRIYA NINGSIH | E113: 0 | F113: 0 | G113: 0 | H113: 0 | I113: 0 | J113: 0 | K113: 0 | L113: 0 | M113: 0 | N113: 0 | O113: 0 | P113: 0 | Q113: 0 | R113: 0 | S113: 0 | T113: 0 | U113: 0 | V113: 0 | W113: 0 | X113: 0 | Y113: 0 | Z113: 0 | AA113: 0 | AB113: 0 | AC113: =SUM(E113:AB113) -> 0
C114: 4. MADI | E114: 1 | F114: 0 | G114: 1 | H114: 0 | I114: 0 | J114: 0 | K114: 0 | L114: 0 | M114: 0 | N114: 0 | O114: 0 | P114: 0 | Q114: 0 | R114: 0 | S114: 0 | T114: 0 | U114: 1 | V114: 0 | W114: 0 | X114: 1 | Y114: 0 | Z114: 0 | AA114: 0 | AB114: 0 | AC114: =SUM(E114:AB114) -> 4
C115: 5. LUKY PERMANASARI | E115: 0 | F115: 0 | G115: 0 | H115: 0 | I115: 0 | J115: 0 | K115: 0 | L115: 0 | M115: 1 | N115: 0 | O115: 0 | P115: 0 | Q115: 0 | R115: 0 | S115: 0 | T115: 0 | U115: 0 | V115: 0 | W115: 0 | X115: 0 | Y115: 0 | Z115: 0 | AA115: 0 | AB115: 1 | AC115: =SUM(E115:AB115) -> 2
A116: B | B116: JUMLAH SUARA SAH PARTAI POLITIK DAN CALON (A1 + A2) | E116: =SUM(E110:E115) -> 3 | F116: =SUM(F110:F115) -> 0 | G116: =SUM(G110:G115) -> 2 | H116: =SUM(H110:H115) -> 1 | I116: =SUM(I110:I115) -> 1 | J116: =SUM(J110:J115) -> 2 | K116: =SUM(K110:K115) -> 2 | L116: =SUM(L110:L115) -> 1 | ... AC116: =SUM(AC110:AC115) -> 35
A118: A.1 | B118: 8. | C118: Partai Keadilan Sejahtera | E118: 14 | F118: 11 | G118: 17 | H118: 1 | I118: 0 | J118: 0 | K118: 5 | L118: 6 | M118: 1 | N118: 1 | O118: 2 | P118: 2 | Q118: 5 | R118: 6 | S118: 1 | T118: 0 | U118: 2 | V118: 0 | W118: 1 | X118: 2 | Y118: 3 | Z118: 2 | AA118: 17 | AB118: 5 | AC118: =SUM(E118:AB118) -> 104
...

Sheet BULUSARI
C2: Kecamatan | D2: KALIPURO
C3: Kabupaten | D3: BANYUWANGI
C4: Provinsi | D4: JAWA TIMUR
C9: Kelurahan | D9: BULUSARI
A12: I | B12: DATA PEMILIH DAN PENGGUNAAN HAK PILIH | R12: JUMLAH AKHIR
A13: A | B13: DATA PEMILIH | E13: TPS 001 | F13: TPS 002 | G13: TPS 003 | H13: TPS 004 | I13: TPS 005 | J13: TPS 006 | K13: TPS 007 | L13: TPS 008 | M13: TPS 009 | N13: TPS 010 | O13: TPS 011 | P13: TPS 012 | Q13: TPS 013
B14: Jumlah Pemilih dalam Daftar Pemilih Tetap (DPT) | D14: LK | E14: 135 | F14: 127 | G14: 141 | H14: 142 | I14: 122 | J14: 103 | K14: 120 | L14: 109 | M14: 129 | N14: 137 | O14: 111 | P14: 114 | Q14: 141 | R14: =SUM(E14:Q14) -> 1631
D15: PR | E15: 135 | F15: 125 | G15: 117 | H15: 141 | I15: 117 | J15: 108 | K15: 118 | L15: 128 | M15: 136 | N15: 122 | O15: 110 | P15: 112 | Q15: 128 | R15: =SUM(E15:Q15) -> 1597
D16: JML | E16: =SUM(E14:E15) -> 270 | F16: =SUM(F14:F15) -> 252 | G16: =SUM(G14:G15) -> 258 | H16: =SUM(H14:H15) -> 283 | I16: =SUM(I14:I15) -> 239 | J16: =SUM(J14:J15) -> 211 | K16: =SUM(K14:K15) -> 238 | L16: =SUM(L14:L15) -> 237 | ... Q16: =SUM(Q14:Q15) -> 269 | R16: =SUM(E16:Q16) -> 3228
A18: B | B18: PENGGUNA HAK PILIH
B19: 1. | C19: Jumlah pengguna hak pilih dalam Daftar Pemilih Tetap (DPT) | D19: LK | E19: 114 | F19: 89 | G19: 119 | H19: 120 | I19: 109 | J19: 98 | K19: 93 | L19: 99 | M19: 101 | N19: 115 | O19: 93 | P19: 93 | Q19: 101 | R19: =SUM(E19:Q19) -> 1344
D20: PR | E20: 120 | F20: 120 | G20: 97 | H20: 127 | I20: 112 | J20: 95 | K20: 102 | L20: 117 | M20: 116 | N20: 109 | O20: 100 | P20: 100 | Q20: 113 | R20: =SUM(E20:Q20) -> 1428
D21: JML | E21: =SUM(E19:E20) -> 234 | F21: =SUM(F19:F20) -> 209 | G21: =SUM(G19:G20) -> 216 | H21: =SUM(H19:H20) -> 247 | I21: =SUM(I19:I20) -> 221 | J21: =SUM(J19:J20) -> 193 | K21: =SUM(K19:K20) -> 195 | L21: =SUM(L19:L20) -> 216 | ... Q21: =SUM(Q19:Q20) -> 214 | R21: =SUM(E21:Q21) -> 2772
B22: 2. | C22: Jumlah pengguna hak pilih dalam Daftar Pemilih Tambahan (DPTb) | D22: LK | E22: 3 | F22: 0 | G22: 0 | H22: 2 | I22: 0 | J22: 0 | K22: 0 | L22: 0 | M22: 0 | N22: 0 | O22: 1 | P22: 0 | Q22: 1 | R22: =SUM(E22:Q22) -> 7
D23: PR | E23: 0 | F23: 3 | G23: 0 | H23: 0 | I23: 1 | J23: 1 | K23: 0 | L23: 1 | M23: 0 | N23: 0 | O23: 0 | P23: 0 | Q23: 0 | R23: =SUM(E23:Q23) -> 6
D24: JML | E24: =SUM(E22:E23) -> 3 | F24: =SUM(F22:F23) -> 3 | G24: =SUM(G22:G23) -> 0 | H24: =SUM(H22:H23) -> 2 | I24: =SUM(I22:I23) -> 1 | J24: =SUM(J22:J23) -> 1 | K24: =SUM(K22:K23) -> 0 | L24: =SUM(L22:L23) -> 1 | ... Q24: =SUM(Q22:Q23) -> 1 | R24: =SUM(E24:Q24) -> 13
B25: 3. | C25: Jumlah pengguna hak pilih dalam Daftar Pemilih Khusus (DPK) | D25: LK | E25: 0 | F25: 1 | G25: 0 | H25: 0 | I25: 1 | J25: 3 | K25: 1 | L25: 0 | M25: 0 | N25: 5 | O25: 2 | P25: 0 | Q25: 2 | R25: =SUM(E25:Q25) -> 15
D26: PR | E26: 0 | F26: 2 | G26: 0 | H26: 0 | I26: 3 | J26: 4 | K26: 2 | L26: 0 | M26: 0 | N26: 5 | O26: 0 | P26: 1 | Q26: 1 | R26: =SUM(E26:Q26) -> 18
D27: JML | E27: =SUM(E25:E26) -> 0 | F27: =SUM(F25:F26) -> 3 | G27: =SUM(G25:G26) -> 0 | H27: =SUM(H25:H26) -> 0 | I27: =SUM(I25:I26) -> 4 | J27: =SUM(J25:J26) -> 7 | K27: =SUM(K25:K26) -> 3 | L27: =SUM(L25:L26) -> 0 | ... Q27: =SUM(Q25:Q26) -> 3 | R27: =SUM(E27:Q27) -> 33
B28: 4. | C28: Jumlah Pengguna Hak Pilih (B.1+B.2+B.3) | D28: LK | E28: =SUM(E19,E22,E25) -> 117 | F28: =SUM(F19,F22,F25) -> 90 | G28: =SUM(G19,G22,G25) -> 119 | H28: =SUM(H19,H22,H25) -> 122 | I28: =SUM(I19,I22,I25) -> 110 | J28: =SUM(J19,J22,J25) -> 101 | K28: =SUM(K19,K22,K25) -> 94 | L28: =SUM(L19,L22,L25) -> 99 | ... Q28: =SUM(Q19,Q22,Q25) -> 104 | R28: =SUM(E28:Q28) -> 1366
D29: PR | E29: =SUM(E20,E23,E26) -> 120 | F29: =SUM(F20,F23,F26) -> 125 | G29: =SUM(G20,G23,G26) -> 97 | H29: =SUM(H20,H23,H26) -> 127 | I29: =SUM(I20,I23,I26) -> 116 | J29: =SUM(J20,J23,J26) -> 100 | K29: =SUM(K20,K23,K26) -> 104 | L29: =SUM(L20,L23,L26) -> 118 | ... Q29: =SUM(Q20,Q23,Q26) -> 114 | R29: =SUM(E29:Q29) -> 1452
D30: JML | E30: =SUM(E28:E29) -> 237 | F30: =SUM(F28:F29) -> 215 | G30: =SUM(G28:G29) -> 216 | H30: =SUM(H28:H29) -> 249 | I30: =SUM(I28:I29) -> 226 | J30: =SUM(J28:J29) -> 201 | K30: =SUM(K28:K29) -> 198 | L30: =SUM(L28:L29) -> 217 | ... Q30: =SUM(Q28:Q29) -> 218 | R30: =SUM(E30:Q30) -> 2818
A32: II | B32: DATA PENGGUNAAN SURAT SUARA
A33: 1 | B33: Jumlah surat suara yang diterima, termasuk surat suara cadangan 2,5% dari DPT | E33: 276 | F33: 259 | G33: 264 | H33: 290 | I33: 245 | J33: 216 | K33: 243 | L33: 243 | M33: 271 | N33: 262 | O33: 226 | P33: 232 | Q33: 275 | R33: =SUM(E33:Q33) -> 3302
A34: 2 | B34: Jumlah surat suara yang digunakan | E34: 237 | F34: 215 | G34: 216 | H34: 249 | I34: 226 | J34: 201 | K34: 198 | L34: 217 | M34: 217 | N34: 234 | O34: 196 | P34: 194 | Q34: 218 | R34: =SUM(E34:Q34) -> 2818
A35: 3 | B35: Jumlah surat suara dikembalikan oleh pemilih (karena rusak atau keliru coblos) | F35: 1 | O35: 1 | R35: =SUM(E35:Q35) -> 2
A36: 4 | B36: Jumlah surat suara yang tidak digunakan/tidak terpakai, termasuk sisa surat suara cadangan | E36: =E33-(E34+E35) -> 39 | F36: =F33-(F34+F35) -> 43 | G36: =G33-(G34+G35) -> 48 | H36: =H33-(H34+H35) -> 41 | I36: =I33-(I34+I35) -> 19 | J36: =J33-(J34+J35) -> 15 | K36: =K33-(K34+K35) -> 45 | L36: =L33-(L34+L35) -> 26 | ... Q36: =Q33-(Q34+Q35) -> 57 | R36: =SUM(E36:Q36) -> 482
A38: III | B38: DATA PEMILIH DISABILITAS
B39: Jumlah seluruh Pemilih disabilitas yang menggunakan hak pilih | D39: LK | F39: 1 | R39: =SUM(E39:Q39) -> 1
D40: PR | R40: =SUM(E40:Q40) -> 0
D41: JML | E41: =SUM(E39:E40) -> 0 | F41: =SUM(F39:F40) -> 1 | G41: =SUM(G39:G40) -> 0 | H41: =SUM(H39:H40) -> 0 | I41: =SUM(I39:I40) -> 0 | J41: =SUM(J39:J40) -> 0 | K41: =SUM(K39:K40) -> 0 | L41: =SUM(L39:L40) -> 0 | ... Q41: =SUM(Q39:Q40) -> 0 | R41: =SUM(E41:Q41) -> 1
A43: IV | B43: DATA RINCIAN PEROLEHAN SUARA PASANGAN CALON BUPATI DAN WAKIL BUPATI
A44: NOMOR DAN NAMA CALON
A45: A.1 | B45: 1. | C45: Partai Kebangkitan Bangsa | E45: 9 | F45: 7 | G45: 8 | H45: 11 | I45: 5 | J45: 6 | K45: 5 | L45: 7 | M45: 13 | N45: 5 | O45: 6 | P45: 7 | Q45: 4 | R45: =SUM(E45:Q45) -> 93
A46: A.2 | C46: 1. Dra. Hj. MA`MULAH HARUN, M.Pd.I. | E46: 15 | F46: 18 | G46: 19 | H46: 12 | I46: 31 | J46: 18 | K46: 29 | L46: 43 | M46: 38 | N46: 9 | O46: 38 | P46: 17 | Q46: 28 | R46: =SUM(E46:Q46) -> 315
C47: 2. UBAIDILLAH, S.Fil.I. | E47: 8 | F47: 1 | G47: 0 | H47: 0 | I47: 2 | J47: 3 | K47: 1 | L47: 0 | M47: 1 | N47: 1 | O47: 1 | P47: 0 | Q47: 0 | R47: =SUM(E47:Q47) -> 18
C48: 3. Ir. H. YOYOK MULYADI, M.Si. | E48: 5 | F48: 0 | G48: 0 | H48: 0 | I48: 0 | J48: 4 | K48: 1 | L48: 0 | M48: 1 | N48: 0 | O48: 0 | P48: 0 | Q48: 0 | R48: =SUM(E48:Q48) -> 11
C49: 4. KHOIRUL ANWAR, S.Fil.I. | E49: 0 | F49: 0 | G49: 0 | H49: 0 | I49: 0 | J49: 0 | K49: 0 | L49: 1 | M49: 0 | N49: 0 | O49: 1 | P49: 0 | Q49: 0 | R49: =SUM(E49:Q49) -> 2
C50: 5. ARIF WIJAKSANA | E50: 1 | F50: 0 | G50: 0 | H50: 0 | I50: 0 | J50: 0 | K50: 2 | L50: 0 | M50: 0 | N50: 0 | O50: 0 | P50: 0 | Q50: 0 | R50: =SUM(E50:Q50) -> 3
C51: 6. Dr. SITI YUMNAH | E51: 0 | F51: 0 | G51: 0 | H51: 0 | I51: 0 | J51: 0 | K51: 0 | L51: 0 | M51: 0 | N51: 0 | O51: 0 | P51: 0 | Q51: 0 | R51: =SUM(E51:Q51) -> 0
C52: 7. MOHAMMAD ZAINI, M.Pd.I. | E52: 0 | F52: 0 | G52: 0 | H52: 0 | I52: 0 | J52: 0 | K52: 0 | L52: 0 | M52: 0 | N52: 0 | O52: 0 | P52: 1 | Q52: 2 | R52: =SUM(E52:Q52) -> 3
C53: 8. FAWAIDUL MAKKIYAH | E53: 0 | F53: 0 | G53: 0 | H53: 0 | I53: 0 | J53: 0 | K53: 0 | L53: 0 | M53: 0 | N53: 0 | O53: 1 | P53: 0 | Q53: 0 | R53: =SUM(E53:Q53) -> 1
C54: 9. IFFAH HIDAYATUR ROHMAH, S.Sos. | E54: 0 | F54: 1 | G54: 0 | H54: 0 | I54: 0 | J54: 0 | K54: 0 | L54: 0 | M54: 1 | N54: 0 | O54: 0 | P54: 0 | Q54: 0 | R54: =SUM(E54:Q54) -> 2
A55: B | B55: JUMLAH SUARA SAH PARTAI POLITIK DAN CALON (A1 + A2) | E55: =SUM(E45:E54) -> 38 | F55: =SUM(F45:F54) -> 27 | G55: =SUM(G45:G54) -> 27 | H55: =SUM(H45:H54) -> 23 | I55: =SUM(I45:I54) -> 38 | J55: =SUM(J45:J54) -> 31 | K55: =SUM(K45:K54) -> 38 | L55: =SUM(L45:L54) -> 51 | ... R55: =SUM(R45:R54) -> 448
A57: A.1 | B57: 2. | C57: Partai Gerakan Indonesia Raya | E57: 6 | F57: 9 | G57: 11 | H57: 9 | I57: 6 | J57: 10 | K57: 10 | L57: 5 | M57: 3 | N57: 8 | O57: 6 | P57: 7 | Q57: 13 | R57: =SUM(E57:Q57) -> 103
A58: A.2 | C58: 1. AHMAD HADINUDDIN, S.Pd.I. | E58: 5 | F58: 7 | G58: 2 | H58: 19 | I58: 13 | J58: 7 | K58: 11 | L58: 14 | M58: 7 | N58: 10 | O58: 5 | P58: 3 | Q58: 5 | R58: =SUM(E58:Q58) -> 108
C59: 2. BIMA RAFSANJANI RAFID | E59: 9 | F59: 8 | G59: 11 | H59: 10 | I59: 15 | J59: 22 | K59: 24 | L59: 40 | M59: 32 | N59: 42 | O59: 11 | P59: 15 | Q59: 19 | R59: =SUM(E59:Q59) -> 258
C60: 3. IRA DAMAYANTI | E60: 0 | F60: 0 | G60: 2 | H60: 0 | I60: 1 | J60: 1 | K60: 3 | L60: 1 | M60: 0 | N60: 2 | O60: 0 | P60: 0 | Q60: 1 | R60: =SUM(E60:Q60) -> 11
C61: 4. MAULANA MALIK IBRAHIM, S.H. | E61: 1 | F61: 0 | G61: 0 | H61: 4 | I61: 1 | J61: 3 | K61: 13 | L61: 1 | M61: 0 | N61: 6 | O61: 0 | P61: 0 | Q61: 1 | R61: =SUM(E61:Q61) -> 30
C62: 5. LULUK ALFIATI | E62: 1 | F62: 0 | G62: 0 | H62: 1 | I62: 0 | J62: 0 | K62: 0 | L62: 0 | M62: 0 | N62: 0 | O62: 0 | P62: 0 | Q62: 0 | R62: =SUM(E62:Q62) -> 2
C63: 6. ILHAM WAHYUDI, S.H. | E63: 0 | F63: 1 | G63: 0 | H63: 0 | I63: 0 | J63: 0 | K63: 0 | L63: 0 | M63: 0 | N63: 0 | O63: 0 | P63: 0 | Q63: 0 | R63: =SUM(E63:Q63) -> 1
C64: 7. HAERUL ANWAR, S.Pd.I. | E64: 0 | F64: 0 | G64: 0 | H64: 0 | I64: 0 | J64: 0 | K64: 0 | L64: 0 | M64: 0 | N64: 0 | O64: 0 | P64: 0 | Q64: 0 | R64: =SUM(E64:Q64) -> 0
C65: 8. YOVI ADHITYA WARDANI | E65: 0 | F65: 0 | G65: 0 | H65: 0 | I65: 0 | J65: 1 | K65: 0 | L65: 0 | M65: 0 | N65: 0 | O65: 0 | P65: 0 | Q65: 0 | R65: =SUM(E65:Q65) -> 1
C66: 9. RITA AMELIA | E66: 0 | F66: 0 | G66: 0 | H66: 0 | I66: 0 | J66: 0 | K66: 0 | L66: 0 | M66: 0 | N66: 0 | O66: 0 | P66: 0 | Q66: 0 | R66: =SUM(E66:Q66) -> 0
A67: B | B67: JUMLAH SUARA SAH PARTAI POLITIK DAN CALON (A1 + A2) | E67: =SUM(E57:E66) -> 22 | F67: =SUM(F57:F66) -> 25 | G67: =SUM(G57:G66) -> 26 | H67: =SUM(H57:H66) -> 43 | I67: =SUM(I57:I66) -> 36 | J67: =SUM(J57:J66) -> 44 | K67: =SUM(K57:K66) -> 61 | L67: =SUM(L57:L66) -> 61 | ... R67: =SUM(R57:R66) -> 514
A69: A.1 | B69: 3. | C69: Partai Demokrasi Indonesia Perjuangan | E69: 3 | F69: 8 | G69: 13 | H69: 4 | I69: 5 | J69: 1 | K69: 0 | L69: 5 | M69: 4 | N69: 3 | O69: 1 | P69: 1 | Q69: 5 | R69: =SUM(E69:Q69) -> 53
A70: A.2 | C70: 1. MARTIN H., S.H., M.H. | E70: 8 | F70: 10 | G70: 10 | H70: 10 | I70: 13 | J70: 2 | K70: 8 | L70: 10 | M70: 8 | N70: 9 | O70: 5 | P70: 3 | Q70: 16 | R70: =SUM(E70:Q70) -> 112
C71: 2. HERMANTO, S.E. | E71: 2 | F71: 3 | G71: 4 | H71: 0 | I71: 1 | J71: 1 | K71: 2 | L71: 1 | M71: 1 | N71: 4 | O71: 2 | P71: 1 | Q71: 2 | R71: =SUM(E71:Q71) -> 24
C72: 3. EVY SUSILAWATI, S.E., M.M. | E72: 1 | F72: 1 | G72: 2 | H72: 1 | I72: 1 | J72: 0 | K72: 1 | L72: 0 | M72: 1 | N72: 0 | O72: 0 | P72: 3 | Q72: 3 | R72: =SUM(E72:Q72) -> 14
C73: 4. M. SIROTTUDIN | E73: 5 | F73: 5 | G73: 9 | H73: 7 | I73: 4 | J73: 5 | K73: 3 | L73: 8 | M73: 4 | N73: 1 | O73: 3 | P73: 10 | Q73: 1 | R73: =SUM(E73:Q73) -> 65
C74: 5. ABDUL HAFID, S.H. | E74: 0 | F74: 0 | G74: 3 | H74: 0 | I74: 1 | J74: 0 | K74: 0 | L74: 2 | M74: 0 | N74: 0 | O74: 0 | P74: 0 | Q74: 1 | R74: =SUM(E74:Q74) -> 7
C75: 6. NIKITA FORTUNA SURYANINGATI, A.Md.Keb. | E75: 0 | F75: 0 | G75: 0 | H75: 1 | I75: 0 | J75: 0 | K75: 0 | L75: 0 | M75: 0 | N75: 1 | O75: 0 | P75: 0 | Q75: 0 | R75: =SUM(E75:Q75) -> 2
C76: 7. YUDHO ILHAM WIJAYA, S.E. | E76: 0 | F76: 0 | G76: 0 | H76: 0 | I76: 0 | J76: 0 | K76: 1 | L76: 0 | M76: 0 | N76: 0 | O76: 0 | P76: 0 | Q76: 0 | R76: =SUM(E76:Q76) -> 1
C77: 8. SETIAWATI, S.H. | E77: 0 | F77: 0 | G77: 0 | H77: 0 | I77: 0 | J77: 0 | K77: 0 | L77: 0 | M77: 0 | N77: 0 | O77: 0 | P77: 0 | Q77: 0 | R77: =SUM(E77:Q77) -> 0
C78: 9. EKO BUDI SANTOSO, S.H. | E78: 0 | F78: 1 | G78: 0 | H78: 0 | I78: 0 | J78: 0 | K78: 0 | L78: 0 | M78: 1 | N78: 0 | O78: 0 | P78: 0 | Q78: 0 | R78: =SUM(E78:Q78) -> 2
A79: B | B79: JUMLAH SUARA SAH PARTAI POLITIK DAN CALON (A1 + A2) | E79: =SUM(E69:E78) -> 19 | F79: =SUM(F69:F78) -> 28 | G79: =SUM(G69:G78) -> 41 | H79: =SUM(H69:H78) -> 23 | I79: =SUM(I69:I78) -> 25 | J79: =SUM(J69:J78) -> 9 | K79: =SUM(K69:K78) -> 15 | L79: =SUM(L69:L78) -> 26 | ... R79: =SUM(R69:R78) -> 280
A81: A.1 | B81: 4. | C81: Partai Golongan Karya | E81: 29 | F81: 16 | G81: 16 | H81: 29 | I81: 13 | J81: 7 | K81: 6 | L81: 4 | M81: 18 | N81: 16 | O81: 10 | P81: 12 | Q81: 8 | R81: =SUM(E81:Q81) -> 184
A82: A.2 | C82: 1. PRANAYA YUDHA MAHARDHIKA | E82: 91 | F82: 88 | G82: 68 | H82: 90 | I82: 71 | J82: 36 | K82: 48 | L82: 44 | M82: 38 | N82: 68 | O82: 71 | P82: 65 | Q82: 60 | R82: =SUM(E82:Q82) -> 838
C83: 2. Dra. Ec. ENDANG SULASTUTY, M.I.P. | E83: 8 | F83: 5 | G83: 5 | H83: 5 | I83: 2 | J83: 4 | K83: 2 | L83: 1 | M83: 3 | N83: 6 | O83: 1 | P83: 5 | Q83: 4 | R83: =SUM(E83:Q83) -> 51
C84: 3. AGUS REJEKI WARTONO | E84: 1 | F84: 2 | G84: 2 | H84: 2 | I84: 1 | J84: 0 | K84: 1 | L84: 0 | M84: 0 | N84: 0 | O84: 1 | P84: 1 | Q84: 0 | R84: =SUM(E84:Q84) -> 11
C85: 4. Hj. TUTUK ASMA'A ZUCHROH, S.T., M.T. | E85: 2 | F85: 0 | G85: 0 | H85: 5 | I85: 1 | J85: 1 | K85: 1 | L85: 0 | M85: 2 | N85: 1 | O85: 1 | P85: 1 | Q85: 2 | R85: =SUM(E85:Q85) -> 17
C86: 5. ADE M. RIZKI, S.E. | E86: 2 | F86: 0 | G86: 0 | H86: 1 | I86: 0 | J86: 0 | K86: 0 | L86: 0 | M86: 0 | N86: 0 | O86: 1 | P86: 1 | Q86: 0 | R86: =SUM(E86:Q86) -> 5
C87: 6. ABDURAKHMAN, Bc.Kn. | E87: 0 | F87: 0 | G87: 0 | H87: 0 | I87: 0 | J87: 0 | K87: 0 | L87: 0 | M87: 1 | N87: 0 | O87: 0 | P87: 1 | Q87: 0 | R87: =SUM(E87:Q87) -> 2
C88: 7. CENDY RHIYAN ADI PUTRI | E88: 0 | F88: 0 | G88: 0 | H88: 0 | I88: 0 | J88: 0 | K88: 0 | L88: 0 | M88: 1 | N88: 0 | O88: 0 | P88: 0 | Q88: 0 | R88: =SUM(E88:Q88) -> 1
C89: 8. BAKTI WIJAYANTO, S.E. | E89: 0 | F89: 0 | G89: 0 | H89: 0 | I89: 0 | J89: 0 | K89: 0 | L89: 0 | M89: 0 | N89: 0 | O89: 0 | P89: 0 | Q89: 0 | R89: =SUM(E89:Q89) -> 0
C90: 9. AHMAD UBAIDILLAH | E90: 0 | F90: 3 | G90: 0 | H90: 0 | I90: 0 | J90: 0 | K90: 0 | L90: 0 | M90: 0 | N90: 0 | O90: 0 | P90: 0 | Q90: 1 | R90: =SUM(E90:Q90) -> 4
A91: B | B91: JUMLAH SUARA SAH PARTAI POLITIK DAN CALON (A1 + A2) | E91: =SUM(E81:E90) -> 133 | F91: =SUM(F81:F90) -> 114 | G91: =SUM(G81:G90) -> 91 | H91: =SUM(H81:H90) -> 132 | I91: =SUM(I81:I90) -> 88 | J91: =SUM(J81:J90) -> 48 | K91: =SUM(K81:K90) -> 58 | L91: =SUM(L81:L90) -> 49 | ... R91: =SUM(R81:R90) -> 1113
A93: A.1 | B93: 5. | C93: Partai NasDem | E93: 0 | F93: 0 | G93: 1 | H93: 0 | I93: 2 | J93: 2 | K93: 3 | L93: 0 | M93: 0 | N93: 1 | O93: 3 | P93: 0 | Q93: 5 | R93: =SUM(E93:Q93) -> 17
A94: A.2 | C94: 1. ALI MUSTOFA, A.Md. | E94: 0 | F94: 0 | G94: 1 | H94: 1 | I94: 1 | J94: 5 | K94: 6 | L94: 0 | M94: 0 | N94: 5 | O94: 5 | P94: 0 | Q94: 2 | R94: =SUM(E94:Q94) -> 26
C95: 2. Hj. BUAMI, S.H. | E95: 0 | F95: 0 | G95: 0 | H95: 0 | I95: 0 | J95: 1 | K95: 0 | L95: 1 | M95: 0 | N95: 1 | O95: 0 | P95: 0 | Q95: 1 | R95: =SUM(E95:Q95) -> 4
C96: 3. SUGIONO, S.H. | E96: 0 | F96: 0 | G96: 0 | H96: 0 | I96: 0 | J96: 0 | K96: 0 | L96: 0 | M96: 0 | N96: 0 | O96: 0 | P96: 0 | Q96: 0 | R96: =SUM(E96:Q96) -> 0
C97: 4. LULUK SUNARMIATININGSIH | E97: 0 | F97: 0 | G97: 0 | H97: 0 | I97: 0 | J97: 0 | K97: 0 | L97: 0 | M97: 0 | N97: 0 | O97: 2 | P97: 1 | Q97: 0 | R97: =SUM(E97:Q97) -> 3
C98: 5. ANTON DJULIANTO ADI | E98: 0 | F98: 0 | G98: 0 | H98: 0 | I98: 0 | J98: 0 | K98: 0 | L98: 0 | M98: 0 | N98: 1 | O98: 0 | P98: 0 | Q98: 1 | R98: =SUM(E98:Q98) -> 2
C99: 6. MOKHAMAD ROFI'I KHUSNAN | E99: 0 | F99: 0 | G99: 0 | H99: 0 | I99: 0 | J99: 0 | K99: 0 | L99: 0 | M99: 0 | N99: 1 | O99: 0 | P99: 4 | Q99: 3 | R99: =SUM(E99:Q99) -> 8
C100: 7. Rr SETYO WATI | E100: 0 | F100: 0 | G100: 0 | H100: 0 | I100: 0 | J100: 0 | K100: 0 | L100: 0 | M100: 0 | N100: 0 | O100: 0 | P100: 0 | Q100: 0 | R100: =SUM(E100:Q100) -> 0
C101: 8. ABD. KADIR ASSEGAFF | E101: 0 | F101: 0 | G101: 0 | H101: 0 | I101: 0 | J101: 0 | K101: 0 | L101: 0 | M101: 0 | N101: 0 | O101: 0 | P101: 0 | Q101: 0 | R101: =SUM(E101:Q101) -> 0
C102: 9. FATHOR ZAINULLAH | E102: 1 | F102: 0 | G102: 0 | H102: 0 | I102: 0 | J102: 0 | K102: 0 | L102: 0 | M102: 0 | N102: 0 | O102: 0 | P102: 1 | Q102: 0 | R102: =SUM(E102:Q102) -> 2
A103: B | B103: JUMLAH SUARA SAH PARTAI POLITIK DAN CALON (A1 + A2) | E103: =SUM(E93:E102) -> 1 | F103: =SUM(F93:F102) -> 0 | G103: =SUM(G93:G102) -> 2 | H103: =SUM(H93:H102) -> 1 | I103: =SUM(I93:I102) -> 3 | J103: =SUM(J93:J102) -> 8 | K103: =SUM(K93:K102) -> 9 | L103: =SUM(L93:L102) -> 1 | ... R103: =SUM(R93:R102) -> 62
A105: A.1 | B105: 6. | C105: Partai Buruh | E105: 0 | F105: 0 | G105: 0 | H105: 0 | I105: 0 | J105: 0 | K105: 0 | L105: 0 | M105: 2 | N105: 0 | O105: 0 | P105: 2 | Q105: 5 | R105: =SUM(E105:Q105) -> 9
A106: A.2 | C106: 1. AGUS SUPRIYADI | E106: 0 | F106: 0 | G106: 0 | H106: 0 | I106: 1 | J106: 0 | K106: 1 | L106: 0 | M106: 0 | N106: 0 | O106: 0 | P106: 0 | Q106: 1 | R106: =SUM(E106:Q106) -> 3
C107: 2. ENI HARIATI | E107: 0 | F107: 0 | G107: 0 | H107: 0 | I107: 0 | J107: 0 | K107: 0 | L107: 0 | M107: 0 | N107: 0 | O107: 0 | P107: 0 | Q107: 0 | R107: =SUM(E107:Q107) -> 0
A108: B | B108: JUMLAH SUARA SAH PARTAI POLITIK DAN CALON (A1 + A2) | E108: =SUM(E105:E107) -> 0 | F108: =SUM(F105:F107) -> 0 | G108: =SUM(G105:G107) -> 0 | H108: =SUM(H105:H107) -> 0 | I108: =SUM(I105:I107) -> 1 | J108: =SUM(J105:J107) -> 0 | K108: =SUM(K105:K107) -> 1 | L108: =SUM(L105:L107) -> 0 | ... R108: =SUM(R105:R107) -> 12
A110: A.1 | B110: 7. | C110: Partai Gelombang Rakyat Indonesia | E110: 0 | F110: 0 | G110: 0 | H110: 0 | I110: 1 | J110: 0 | K110: 0 | L110: 0 | M110: 1 | N110: 1 | O110: 2 | P110: 1 | Q110: 1 | R110: =SUM(E110:Q110) -> 7
A111: A.2 | C111: 1. MIRZA MUHROSNI AROMA | E111: 0 | F111: 0 | G111: 0 | H111: 1 | I111: 0 | J111: 1 | K111: 0 | L111: 0 | M111: 0 | N111: 0 | O111: 0 | P111: 0 | Q111: 0 | R111: =SUM(E111:Q111) -> 2
C112: 2. ACHMAD BAGUS SUGIARTO | E112: 0 | F112: 0 | G112: 0 | H112: 0 | I112: 0 | J112: 0 | K112: 0 | L112: 0 | M112: 0 | N112: 0 | O112: 0 | P112: 0 | Q112: 0 | R112: =SUM(E112:Q112) -> 0
C113: 3. ELOK FITRIYA NINGSIH | E113: 0 | F113: 0 | G113: 0 | H113: 0 | I113: 0 | J113: 0 | K113: 0 | L113: 0 | M113: 0 | N113: 0 | O113: 0 | P113: 0 | Q113: 0 | R113: =SUM(E113:Q113) -> 0
C114: 4. MADI | E114: 0 | F114: 0 | G114: 0 | H114: 0 | I114: 0 | J114: 0 | K114: 0 | L114: 0 | M114: 0 | N114: 0 | O114: 0 | P114: 0 | Q114: 0 | R114: =SUM(E114:Q114) -> 0
C115: 5. LUKY PERMANASARI | E115: 0 | F115: 0 | G115: 0 | H115: 0 | I115: 1 | J115: 0 | K115: 0 | L115: 0 | M115: 1 | N115: 0 | O115: 0 | P115: 0 | Q115: 0 | R115: =SUM(E115:Q115) -> 2
A116: B | B116: JUMLAH SUARA SAH PARTAI POLITIK DAN CALON (A1 + A2) | E116: =SUM(E110:E115) -> 0 | F116: =SUM(F110:F115) -> 0 | G116: =SUM(G110:G115) -> 0 | H116: =SUM(H110:H115) -> 1 | I116: =SUM(I110:I115) -> 2 | J116: =SUM(J110:J115) -> 1 | K116: =SUM(K110:K115) -> 0 | L116: =SUM(L110:L115) -> 0 | ... R116: =SUM(R110:R115) -> 11
A118: A.1 | B118: 8. | C118: Partai Keadilan Sejahtera | E118: 0 | F118: 0 | G118: 0 | H118: 0 | I118: 0 | J118: 0 | K118: 0 | L118: 1 | M118: 0 | N118: 0 | O118: 1 | P118: 0 | Q118: 0 | R118: =SUM(E118:Q118) -> 2
...

Sheet GOMBENGSARI
C2: Kecamatan | D2: KALIPURO
C3: Kabupaten | D3: BANYUWANGI
C4: Provinsi | D4: JAWA TIMUR
C9: Kelurahan | D9: GOMBENGSARI
A12: I | B12: DATA PEMILIH DAN PENGGUNAAN HAK PILIH | AC12: JUMLAH AKHIR
A13: A | B13: DATA PEMILIH | E13: TPS 001 | F13: TPS 002 | G13: TPS 003 | H13: TPS 004 | I13: TPS 005 | J13: TPS 006 | K13: TPS 007 | L13: TPS 008 | M13: TPS 009 | N13: TPS 010 | O13: TPS 011 | P13: TPS 012 | Q13: TPS 013 | R13: TPS 014 | S13: TPS 015 | T13: TPS 016 | U13: TPS 017 | V13: TPS 018 | W13: TPS 019 | X13: TPS 020 | Y13: TPS 021 | Z13: TPS 022 | AA13: TPS 023 | AB13: TPS 024
B14: Jumlah Pemilih dalam Daftar Pemilih Tetap (DPT) | D14: LK | E14: 88 | F14: 112 | G14: 144 | H14: 112 | I14: 130 | J14: 147 | K14: 145 | L14: 148 | M14: 125 | N14: 122 | O14: 120 | P14: 148 | Q14: 148 | R14: 139 | S14: 100 | T14: 141 | U14: 139 | V14: 139 | W14: 139 | X14: 137 | Y14: 122 | Z14: 109 | AA14: 124 | AB14: 127 | AC14: =SUM(E14:AB14) -> 3105
D15: PR | E15: 84 | F15: 119 | G15: 147 | H15: 118 | I15: 144 | J15: 150 | K15: 150 | L15: 143 | M15: 136 | N15: 125 | O15: 132 | P15: 146 | Q15: 140 | R15: 146 | S15: 100 | T15: 143 | U15: 142 | V15: 139 | W15: 145 | X15: 130 | Y15: 130 | Z15: 108 | AA15: 132 | AB15: 123 | AC15: =SUM(E15:AB15) -> 3172
D16: JML | E16: =SUM(E14:E15) -> 172 | F16: =SUM(F14:F15) -> 231 | G16: =SUM(G14:G15) -> 291 | H16: =SUM(H14:H15) -> 230 | I16: =SUM(I14:I15) -> 274 | J16: =SUM(J14:J15) -> 297 | K16: =SUM(K14:K15) -> 295 | L16: =SUM(L14:L15) -> 291 | ... AB16: =SUM(AB14:AB15) -> 250 | AC16: =SUM(E16:AB16) -> 6277
A18: B | B18: PENGGUNA HAK PILIH
B19: 1. | C19: Jumlah pengguna hak pilih dalam Daftar Pemilih Tetap (DPT) | D19: LK | E19: 63 | F19: 88 | G19: 101 | H19: 80 | I19: 104 | J19: 117 | K19: 117 | L19: 124 | M19: 96 | N19: 98 | O19: 106 | P19: 124 | Q19: 111 | R19: 115 | S19: 94 | T19: 121 | U19: 120 | V19: 123 | W19: 112 | X19: 114 | Y19: 105 | Z19: 87 | AA19: 99 | AB19: 97 | AC19: =SUM(E19:AB19) -> 2516
D20: PR | E20: 73 | F20: 104 | G20: 118 | H20: 97 | I20: 133 | J20: 129 | K20: 128 | L20: 127 | M20: 107 | N20: 106 | O20: 122 | P20: 125 | Q20: 116 | R20: 123 | S20: 94 | T20: 122 | U20: 121 | V20: 120 | W20: 122 | X20: 108 | Y20: 107 | Z20: 89 | AA20: 118 | AB20: 96 | AC20: =SUM(E20:AB20) -> 2705
D21: JML | E21: =SUM(E19:E20) -> 136 | F21: =SUM(F19:F20) -> 192 | G21: =SUM(G19:G20) -> 219 | H21: =SUM(H19:H20) -> 177 | I21: =SUM(I19:I20) -> 237 | J21: =SUM(J19:J20) -> 246 | K21: =SUM(K19:K20) -> 245 | L21: =SUM(L19:L20) -> 251 | ... AB21: =SUM(AB19:AB20) -> 193 | AC21: =SUM(E21:AB21) -> 5221
B22: 2. | C22: Jumlah pengguna hak pilih dalam Daftar Pemilih Tambahan (DPTb) | D22: LK | E22: 0 | F22: 0 | G22: 0 | H22: 0 | I22: 0 | J22: 0 | K22: 0 | L22: 0 | M22: 1 | N22: 0 | O22: 0 | P22: 0 | Q22: 1 | R22: 0 | S22: 0 | T22: 1 | U22: 0 | V22: 0 | W22: 0 | X22: 0 | Y22: 0 | Z22: 0 | AA22: 1 | AB22: 0 | AC22: =SUM(E22:AB22) -> 4
D23: PR | E23: 1 | F23: 0 | G23: 1 | H23: 0 | I23: 1 | J23: 0 | K23: 1 | L23: 0 | M23: 0 | N23: 0 | O23: 0 | P23: 0 | Q23: 2 | R23: 0 | S23: 1 | T23: 0 | U23: 0 | V23: 0 | W23: 1 | X23: 0 | Y23: 0 | Z23: 0 | AA23: 1 | AB23: 1 | AC23: =SUM(E23:AB23) -> 10
D24: JML | E24: =SUM(E22:E23) -> 1 | F24: =SUM(F22:F23) -> 0 | G24: =SUM(G22:G23) -> 1 | H24: =SUM(H22:H23) -> 0 | I24: =SUM(I22:I23) -> 1 | J24: =SUM(J22:J23) -> 0 | K24: =SUM(K22:K23) -> 1 | L24: =SUM(L22:L23) -> 0 | ... AB24: =SUM(AB22:AB23) -> 1 | AC24: =SUM(E24:AB24) -> 14
B25: 3. | C25: Jumlah pengguna hak pilih dalam Daftar Pemilih Khusus (DPK) | D25: LK | E25: 0 | F25: 1 | G25: 0 | H25: 0 | I25: 1 | J25: 0 | K25: 1 | L25: 1 | M25: 0 | N25: 0 | O25: 0 | P25: 0 | Q25: 0 | R25: 0 | S25: 0 | T25: 0 | U25: 0 | V25: 3 | W25: 1 | X25: 3 | Y25: 3 | Z25: 0 | AA25: 0 | AB25: 1 | AC25: =SUM(E25:AB25) -> 15
D26: PR | E26: 1 | F26: 3 | G26: 1 | H26: 1 | I26: 0 | J26: 0 | K26: 2 | L26: 1 | M26: 1 | N26: 0 | O26: 0 | P26: 0 | Q26: 0 | R26: 0 | S26: 0 | T26: 0 | U26: 1 | V26: 0 | W26: 1 | X26: 2 | Y26: 2 | Z26: 0 | AA26: 0 | AB26: 1 | AC26: =SUM(E26:AB26) -> 17
D27: JML | E27: =SUM(E25:E26) -> 1 | F27: =SUM(F25:F26) -> 4 | G27: =SUM(G25:G26) -> 1 | H27: =SUM(H25:H26) -> 1 | I27: =SUM(I25:I26) -> 1 | J27: =SUM(J25:J26) -> 0 | K27: =SUM(K25:K26) -> 3 | L27: =SUM(L25:L26) -> 2 | ... AB27: =SUM(AB25:AB26) -> 2 | AC27: =SUM(E27:AB27) -> 32
B28: 4. | C28: Jumlah Pengguna Hak Pilih (B.1+B.2+B.3) | D28: LK | E28: =SUM(E19,E22,E25) -> 63 | F28: =SUM(F19,F22,F25) -> 89 | G28: =SUM(G19,G22,G25) -> 101 | H28: =SUM(H19,H22,H25) -> 80 | I28: =SUM(I19,I22,I25) -> 105 | J28: =SUM(J19,J22,J25) -> 117 | K28: =SUM(K19,K22,K25) -> 118 | L28: =SUM(L19,L22,L25) -> 125 | ... AB28: =SUM(AB19,AB22,AB25) -> 98 | AC28: =SUM(E28:AB28) -> 2535
D29: PR | E29: =SUM(E20,E23,E26) -> 75 | F29: =SUM(F20,F23,F26) -> 107 | G29: =SUM(G20,G23,G26) -> 120 | H29: =SUM(H20,H23,H26) -> 98 | I29: =SUM(I20,I23,I26) -> 134 | J29: =SUM(J20,J23,J26) -> 129 | K29: =SUM(K20,K23,K26) -> 131 | L29: =SUM(L20,L23,L26) -> 128 | ... AB29: =SUM(AB20,AB23,AB26) -> 98 | AC29: =SUM(E29:AB29) -> 2732
D30: JML | E30: =SUM(E28:E29) -> 138 | F30: =SUM(F28:F29) -> 196 | G30: =SUM(G28:G29) -> 221 | H30: =SUM(H28:H29) -> 178 | I30: =SUM(I28:I29) -> 239 | J30: =SUM(J28:J29) -> 246 | K30: =SUM(K28:K29) -> 249 | L30: =SUM(L28:L29) -> 253 | ... AB30: =SUM(AB28:AB29) -> 196 | AC30: =SUM(E30:AB30) -> 5267
A32: II | B32: DATA PENGGUNAAN SURAT SUARA
A33: 1 | B33: Jumlah surat suara yang diterima, termasuk surat suara cadangan 2,5% dari DPT | E33: 175 | F33: 237 | G33: 294 | H33: 235 | I33: 279 | J33: 303 | K33: 301 | L33: 297 | M33: 266 | N33: 252 | O33: 257 | P33: 301 | Q33: 294 | R33: 291 | S33: 204 | T33: 290 | U33: 287 | V33: 284 | W33: 290 | X33: 270 | Y33: 257 | Z33: 221 | AA33: 261 | AB33: 255 | AC33: =SUM(E33:AB33) -> 6401
A34: 2 | B34: Jumlah surat suara yang digunakan | E34: 138 | F34: 196 | G34: 221 | H34: 178 | I34: 239 | J34: 246 | K34: 249 | L34: 253 | M34: 205 | N34: 204 | O34: 228 | P34: 249 | Q34: 230 | R34: 238 | S34: 189 | T34: 244 | U34: 242 | V34: 246 | W34: 237 | X34: 227 | Y34: 217 | Z34: 176 | AA34: 219 | AB34: 196 | AC34: =SUM(E34:AB34) -> 5267
A35: 3 | B35: Jumlah surat suara dikembalikan oleh pemilih (karena rusak atau keliru coblos) | I35: 1 | K35: 8 | T35: 3 | W35: 1 | X35: 2 | Y35: 1 | AC35: =SUM(E35:AB35) -> 16
A36: 4 | B36: Jumlah surat suara yang tidak digunakan/tidak terpakai, termasuk sisa surat suara cadangan | E36: =E33-(E34+E35) -> 37 | F36: =F33-(F34+F35) -> 41 | G36: =G33-(G34+G35) -> 73 | H36: =H33-(H34+H35) -> 57 | I36: =I33-(I34+I35) -> 39 | J36: =J33-(J34+J35) -> 57 | K36: =K33-(K34+K35) -> 44 | L36: =L33-(L34+L35) -> 44 | ... AB36: =AB33-(AB34+AB35) -> 59 | AC36: =SUM(E36:AB36) -> 1118
A38: III | B38: DATA PEMILIH DISABILITAS
B39: Jumlah seluruh Pemilih disabilitas yang menggunakan hak pilih | D39: LK | J39: 1 | W39: 1 | AA39: 2 | AB39: 1 | AC39: =SUM(E39:AB39) -> 5
D40: PR | E40: 1 | M40: 1 | AA40: 2 | AC40: =SUM(E40:AB40) -> 4
D41: JML | E41: =SUM(E39:E40) -> 1 | F41: =SUM(F39:F40) -> 0 | G41: =SUM(G39:G40) -> 0 | H41: =SUM(H39:H40) -> 0 | I41: =SUM(I39:I40) -> 0 | J41: =SUM(J39:J40) -> 1 | K41: =SUM(K39:K40) -> 0 | L41: =SUM(L39:L40) -> 0 | ... AB41: =SUM(AB39:AB40) -> 1 | AC41: =SUM(E41:AB41) -> 9
A43: IV | B43: DATA RINCIAN PEROLEHAN SUARA PASANGAN CALON BUPATI DAN WAKIL BUPATI
A44: NOMOR DAN NAMA CALON
A45: A.1 | B45: 1. | C45: Partai Kebangkitan Bangsa | E45: 6 | F45: 10 | G45: 9 | H45: 2 | I45: 19 | J45: 8 | K45: 11 | L45: 7 | M45: 11 | N45: 26 | O45: 11 | P45: 5 | Q45: 8 | R45: 5 | S45: 11 | T45: 9 | U45: 6 | V45: 24 | W45: 20 | X45: 19 | Y45: 14 | Z45: 1 | AA45: 9 | AB45: 4 | AC45: =SUM(E45:AB45) -> 255
A46: A.2 | C46: 1. Dra. Hj. MA`MULAH HARUN, M.Pd.I. | E46: 14 | F46: 16 | G46: 18 | H46: 8 | I46: 30 | J46: 19 | K46: 60 | L46: 16 | M46: 56 | N46: 48 | O46: 30 | P46: 3 | Q46: 5 | R46: 3 | S46: 6 | T46: 24 | U46: 17 | V46: 51 | W46: 26 | X46: 14 | Y46: 23 | Z46: 2 | AA46: 13 | AB46: 8 | AC46: =SUM(E46:AB46) -> 510
C47: 2. UBAIDILLAH, S.Fil.I. | E47: 0 | F47: 0 | G47: 0 | H47: 0 | I47: 2 | J47: 2 | K47: 1 | L47: 0 | M47: 3 | N47: 2 | O47: 0 | P47: 0 | Q47: 0 | R47: 0 | S47: 1 | T47: 3 | U47: 0 | V47: 2 | W47: 9 | X47: 1 | Y47: 7 | Z47: 0 | AA47: 5 | AB47: 2 | AC47: =SUM(E47:AB47) -> 40
C48: 3. Ir. H. YOYOK MULYADI, M.Si. | E48: 1 | F48: 0 | G48: 1 | H48: 1 | I48: 0 | J48: 2 | K48: 0 | L48: 0 | M48: 0 | N48: 3 | O48: 1 | P48: 0 | Q48: 0 | R48: 0 | S48: 0 | T48: 0 | U48: 0 | V48: 0 | W48: 1 | X48: 0 | Y48: 3 | Z48: 0 | AA48: 1 | AB48: 0 | AC48: =SUM(E48:AB48) -> 14
C49: 4. KHOIRUL ANWAR, S.Fil.I. | E49: 0 | F49: 0 | G49: 2 | H49: 0 | I49: 0 | J49: 2 | K49: 1 | L49: 0 | M49: 0 | N49: 2 | O49: 0 | P49: 0 | Q49: 2 | R49: 0 | S49: 0 | T49: 0 | U49: 1 | V49: 0 | W49: 2 | X49: 1 | Y49: 0 | Z49: 0 | AA49: 3 | AB49: 0 | AC49: =SUM(E49:AB49) -> 16
C50: 5. ARIF WIJAKSANA | E50: 0 | F50: 1 | G50: 1 | H50: 0 | I50: 1 | J50: 0 | K50: 0 | L50: 0 | M50: 0 | N50: 0 | O50: 0 | P50: 0 | Q50: 0 | R50: 0 | S50: 0 | T50: 1 | U50: 1 | V50: 2 | W50: 2 | X50: 1 | Y50: 0 | Z50: 1 | AA50: 2 | AB50: 0 | AC50: =SUM(E50:AB50) -> 13
C51: 6. Dr. SITI YUMNAH | E51: 1 | F51: 1 | G51: 0 | H51: 0 | I51: 0 | J51: 1 | K51: 1 | L51: 0 | M51: 0 | N51: 0 | O51: 0 | P51: 0 | Q51: 0 | R51: 0 | S51: 0 | T51: 0 | U51: 0 | V51: 2 | W51: 2 | X51: 2 | Y51: 0 | Z51: 0 | AA51: 3 | AB51: 0 | AC51: =SUM(E51:AB51) -> 13
C52: 7. MOHAMMAD ZAINI, M.Pd.I. | E52: 0 | F52: 0 | G52: 0 | H52: 0 | I52: 0 | J52: 0 | K52: 0 | L52: 0 | M52: 0 | N52: 0 | O52: 0 | P52: 1 | Q52: 0 | R52: 0 | S52: 0 | T52: 0 | U52: 0 | V52: 0 | W52: 1 | X52: 0 | Y52: 1 | Z52: 0 | AA52: 0 | AB52: 0 | AC52: =SUM(E52:AB52) -> 3
C53: 8. FAWAIDUL MAKKIYAH | E53: 0 | F53: 0 | G53: 0 | H53: 0 | I53: 0 | J53: 0 | K53: 0 | L53: 0 | M53: 0 | N53: 0 | O53: 1 | P53: 0 | Q53: 1 | R53: 0 | S53: 1 | T53: 0 | U53: 0 | V53: 0 | W53: 0 | X53: 1 | Y53: 0 | Z53: 0 | AA53: 0 | AB53: 0 | AC53: =SUM(E53:AB53) -> 4
C54: 9. IFFAH HIDAYATUR ROHMAH, S.Sos. | E54: 2 | F54: 0 | G54: 0 | H54: 0 | I54: 0 | J54: 0 | K54: 0 | L54: 0 | M54: 0 | N54: 0 | O54: 2 | P54: 0 | Q54: 0 | R54: 0 | S54: 0 | T54: 0 | U54: 0 | V54: 0 | W54: 0 | X54: 0 | Y54: 3 | Z54: 0 | AA54: 4 | AB54: 0 | AC54: =SUM(E54:AB54) -> 11
A55: B | B55: JUMLAH SUARA SAH PARTAI POLITIK DAN CALON (A1 + A2) | E55: =SUM(E45:E54) -> 24 | F55: =SUM(F45:F54) -> 28 | G55: =SUM(G45:G54) -> 31 | H55: =SUM(H45:H54) -> 11 | I55: =SUM(I45:I54) -> 52 | J55: =SUM(J45:J54) -> 34 | K55: =SUM(K45:K54) -> 74 | L55: =SUM(L45:L54) -> 23 | ... AC55: =SUM(AC45:AC54) -> 879
A57: A.1 | B57: 2. | C57: Partai Gerakan Indonesia Raya | E57: 10 | F57: 6 | G57: 22 | H57: 12 | I57: 28 | J57: 9 | K57: 9 | L57: 7 | M57: 7 | N57: 6 | O57: 12 | P57: 8 | Q57: 14 | R57: 25 | S57: 12 | T57: 13 | U57: 6 | V57: 15 | W57: 13 | X57: 10 | Y57: 4 | Z57: 6 | AA57: 7 | AB57: 13 | AC57: =SUM(E57:AB57) -> 274
A58: A.2 | C58: 1. AHMAD HADINUDDIN, S.Pd.I. | E58: 3 | F58: 12 | G58: 9 | H58: 2 | I58: 12 | J58: 10 | K58: 12 | L58: 4 | M58: 8 | N58: 4 | O58: 4 | P58: 1 | Q58: 2 | R58: 10 | S58: 12 | T58: 18 | U58: 24 | V58: 11 | W58: 5 | X58: 3 | Y58: 2 | Z58: 4 | AA58: 3 | AB58: 2 | AC58: =SUM(E58:AB58) -> 177
C59: 2. BIMA RAFSANJANI RAFID | E59: 12 | F59: 7 | G59: 7 | H59: 7 | I59: 7 | J59: 7 | K59: 15 | L59: 4 | M59: 27 | N59: 20 | O59: 8 | P59: 6 | Q59: 8 | R59: 11 | S59: 11 | T59: 27 | U59: 42 | V59: 18 | W59: 9 | X59: 12 | Y59: 8 | Z59: 4 | AA59: 8 | AB59: 9 | AC59: =SUM(E59:AB59) -> 294
C60: 3. IRA DAMAYANTI | E60: 1 | F60: 4 | G60: 6 | H60: 1 | I60: 3 | J60: 0 | K60: 1 | L60: 1 | M60: 0 | N60: 1 | O60: 0 | P60: 1 | Q60: 0 | R60: 2 | S60: 4 | T60: 4 | U60: 4 | V60: 4 | W60: 4 | X60: 18 | Y60: 12 | Z60: 3 | AA60: 4 | AB60: 3 | AC60: =SUM(E60:AB60) -> 81
C61: 4. MAULANA MALIK IBRAHIM, S.H. | E61: 1 | F61: 1 | G61: 2 | H61: 2 | I61: 3 | J61: 1 | K61: 3 | L61: 0 | M61: 0 | N61: 0 | O61: 0 | P61: 2 | Q61: 1 | R61: 1 | S61: 0 | T61: 0 | U61: 2 | V61: 4 | W61: 2 | X61: 13 | Y61: 0 | Z61: 0 | AA61: 2 | AB61: 6 | AC61: =SUM(E61:AB61) -> 46
C62: 5. LULUK ALFIATI | E62: 0 | F62: 0 | G62: 1 | H62: 1 | I62: 1 | J62: 1 | K62: 2 | L62: 0 | M62: 0 | N62: 0 | O62: 0 | P62: 1 | Q62: 1 | R62: 0 | S62: 0 | T62: 0 | U62: 0 | V62: 1 | W62: 0 | X62: 0 | Y62: 0 | Z62: 0 | AA62: 1 | AB62: 1 | AC62: =SUM(E62:AB62) -> 11
C63: 6. ILHAM WAHYUDI, S.H. | E63: 2 | F63: 1 | G63: 2 | H63: 0 | I63: 0 | J63: 0 | K63: 1 | L63: 0 | M63: 0 | N63: 1 | O63: 0 | P63: 0 | Q63: 0 | R63: 3 | S63: 1 | T63: 1 | U63: 0 | V63: 2 | W63: 1 | X63: 0 | Y63: 0 | Z63: 0 | AA63: 0 | AB63: 1 | AC63: =SUM(E63:AB63) -> 16
C64: 7. HAERUL ANWAR, S.Pd.I. | E64: 0 | F64: 1 | G64: 1 | H64: 0 | I64: 2 | J64: 0 | K64: 0 | L64: 1 | M64: 0 | N64: 0 | O64: 0 | P64: 0 | Q64: 0 | R64: 0 | S64: 0 | T64: 0 | U64: 0 | V64: 0 | W64: 0 | X64: 0 | Y64: 0 | Z64: 0 | AA64: 1 | AB64: 0 | AC64: =SUM(E64:AB64) -> 6
C65: 8. YOVI ADHITYA WARDANI | E65: 0 | F65: 0 | G65: 1 | H65: 0 | I65: 1 | J65: 0 | K65: 1 | L65: 1 | M65: 0 | N65: 0 | O65: 0 | P65: 0 | Q65: 0 | R65: 1 | S65: 1 | T65: 1 | U65: 0 | V65: 0 | W65: 0 | X65: 0 | Y65: 0 | Z65: 1 | AA65: 0 | AB65: 0 | AC65: =SUM(E65:AB65) -> 8
C66: 9. RITA AMELIA | E66: 1 | F66: 0 | G66: 0 | H66: 0 | I66: 1 | J66: 0 | K66: 1 | L66: 1 | M66: 0 | N66: 0 | O66: 0 | P66: 1 | Q66: 0 | R66: 2 | S66: 2 | T66: 0 | U66: 0 | V66: 2 | W66: 0 | X66: 0 | Y66: 0 | Z66: 1 | AA66: 0 | AB66: 0 | AC66: =SUM(E66:AB66) -> 12
A67: B | B67: JUMLAH SUARA SAH PARTAI POLITIK DAN CALON (A1 + A2) | E67: =SUM(E57:E66) -> 30 | F67: =SUM(F57:F66) -> 32 | G67: =SUM(G57:G66) -> 51 | H67: =SUM(H57:H66) -> 25 | I67: =SUM(I57:I66) -> 58 | J67: =SUM(J57:J66) -> 28 | K67: =SUM(K57:K66) -> 45 | L67: =SUM(L57:L66) -> 19 | ... AC67: =SUM(AC57:AC66) -> 925
A69: A.1 | B69: 3. | C69: Partai Demokrasi Indonesia Perjuangan | E69: 5 | F69: 9 | G69: 6 | H69: 4 | I69: 8 | J69: 15 | K69: 2 | L69: 5 | M69: 3 | N69: 5 | O69: 5 | P69: 17 | Q69: 25 | R69: 8 | S69: 1 | T69: 7 | U69: 4 | V69: 5 | W69: 4 | X69: 5 | Y69: 2 | Z69: 7 | AA69: 2 | AB69: 5 | AC69: =SUM(E69:AB69) -> 159
A70: A.2 | C70: 1. MARTIN H., S.H., M.H. | E70: 2 | F70: 6 | G70: 4 | H70: 2 | I70: 3 | J70: 13 | K70: 4 | L70: 4 | M70: 1 | N70: 1 | O70: 6 | P70: 12 | Q70: 3 | R70: 3 | S70: 2 | T70: 13 | U70: 57 | V70: 25 | W70: 13 | X70: 6 | Y70: 6 | Z70: 13 | AA70: 5 | AB70: 13 | AC70: =SUM(E70:AB70) -> 217
C71: 2. HERMANTO, S.E. | E71: 1 | F71: 4 | G71: 1 | H71: 3 | I71: 5 | J71: 7 | K71: 1 | L71: 0 | M71: 11 | N71: 3 | O71: 13 | P71: 19 | Q71: 28 | R71: 5 | S71: 3 | T71: 2 | U71: 4 | V71: 2 | W71: 2 | X71: 8 | Y71: 4 | Z71: 1 | AA71: 5 | AB71: 9 | AC71: =SUM(E71:AB71) -> 141
C72: 3. EVY SUSILAWATI, S.E., M.M. | E72: 1 | F72: 3 | G72: 1 | H72: 0 | I72: 4 | J72: 2 | K72: 3 | L72: 1 | M72: 3 | N72: 2 | O72: 0 | P72: 7 | Q72: 3 | R72: 1 | S72: 0 | T72: 2 | U72: 0 | V72: 2 | W72: 2 | X72: 0 | Y72: 1 | Z72: 0 | AA72: 2 | AB72: 0 | AC72: =SUM(E72:AB72) -> 40
C73: 4. M. SIROTTUDIN | E73: 1 | F73: 1 | G73: 3 | H73: 1 | I73: 3 | J73: 13 | K73: 15 | L73: 2 | M73: 9 | N73: 4 | O73: 13 | P73: 99 | Q73: 29 | R73: 4 | S73: 2 | T73: 0 | U73: 0 | V73: 3 | W73: 7 | X73: 0 | Y73: 2 | Z73: 5 | AA73: 6 | AB73: 4 | AC73: =SUM(E73:AB73) -> 226
C74: 5. ABDUL HAFID, S.H. | E74: 2 | F74: 1 | G74: 0 | H74: 2 | I74: 1 | J74: 2 | K74: 0 | L74: 0 | M74: 2 | N74: 0 | O74: 1 | P74: 2 | Q74: 0 | R74: 1 | S74: 1 | T74: 0 | U74: 0 | V74: 2 | W74: 2 | X74: 1 | Y74: 0 | Z74: 0 | AA74: 0 | AB74: 0 | AC74: =SUM(E74:AB74) -> 20
C75: 6. NIKITA FORTUNA SURYANINGATI, A.Md.Keb. | E75: 1 | F75: 0 | G75: 0 | H75: 0 | I75: 0 | J75: 0 | K75: 1 | L75: 1 | M75: 0 | N75: 0 | O75: 1 | P75: 1 | Q75: 0 | R75: 1 | S75: 1 | T75: 1 | U75: 0 | V75: 0 | W75: 1 | X75: 0 | Y75: 0 | Z75: 0 | AA75: 0 | AB75: 0 | AC75: =SUM(E75:AB75) -> 9
C76: 7. YUDHO ILHAM WIJAYA, S.E. | E76: 1 | F76: 0 | G76: 0 | H76: 0 | I76: 0 | J76: 0 | K76: 0 | L76: 0 | M76: 0 | N76: 0 | O76: 1 | P76: 1 | Q76: 2 | R76: 0 | S76: 0 | T76: 0 | U76: 0 | V76: 2 | W76: 1 | X76: 0 | Y76: 0 | Z76: 0 | AA76: 1 | AB76: 0 | AC76: =SUM(E76:AB76) -> 9
C77: 8. SETIAWATI, S.H. | E77: 0 | F77: 0 | G77: 0 | H77: 0 | I77: 0 | J77: 0 | K77: 0 | L77: 1 | M77: 0 | N77: 0 | O77: 0 | P77: 0 | Q77: 0 | R77: 1 | S77: 0 | T77: 0 | U77: 0 | V77: 0 | W77: 0 | X77: 0 | Y77: 0 | Z77: 0 | AA77: 0 | AB77: 0 | AC77: =SUM(E77:AB77) -> 2
C78: 9. EKO BUDI SANTOSO, S.H. | E78: 0 | F78: 1 | G78: 0 | H78: 0 | I78: 0 | J78: 1 | K78: 0 | L78: 0 | M78: 0 | N78: 0 | O78: 0 | P78: 2 | Q78: 1 | R78: 1 | S78: 0 | T78: 1 | U78: 0 | V78: 0 | W78: 1 | X78: 0 | Y78: 0 | Z78: 0 | AA78: 0 | AB78: 0 | AC78: =SUM(E78:AB78) -> 8
A79: B | B79: JUMLAH SUARA SAH PARTAI POLITIK DAN CALON (A1 + A2) | E79: =SUM(E69:E78) -> 14 | F79: =SUM(F69:F78) -> 25 | G79: =SUM(G69:G78) -> 15 | H79: =SUM(H69:H78) -> 12 | I79: =SUM(I69:I78) -> 24 | J79: =SUM(J69:J78) -> 53 | K79: =SUM(K69:K78) -> 26 | L79: =SUM(L69:L78) -> 14 | ... AC79: =SUM(AC69:AC78) -> 831
A81: A.1 | B81: 4. | C81: Partai Golongan Karya | E81: 1 | F81: 13 | G81: 5 | H81: 7 | I81: 9 | J81: 10 | K81: 6 | L81: 8 | M81: 6 | N81: 2 | O81: 7 | P81: 2 | Q81: 8 | R81: 6 | S81: 14 | T81: 3 | U81: 2 | V81: 4 | W81: 1 | X81: 3 | Y81: 6 | Z81: 3 | AA81: 4 | AB81: 10 | AC81: =SUM(E81:AB81) -> 140
A82: A.2 | C82: 1. PRANAYA YUDHA MAHARDHIKA | E82: 1 | F82: 16 | G82: 2 | H82: 10 | I82: 7 | J82: 12 | K82: 13 | L82: 9 | M82: 4 | N82: 1 | O82: 2 | P82: 2 | Q82: 4 | R82: 3 | S82: 38 | T82: 4 | U82: 2 | V82: 4 | W82: 2 | X82: 3 | Y82: 13 | Z82: 2 | AA82: 4 | AB82: 2 | AC82: =SUM(E82:AB82) -> 160
C83: 2. Dra. Ec. ENDANG SULASTUTY, M.I.P. | E83: 2 | F83: 2 | G83: 2 | H83: 1 | I83: 0 | J83: 3 | K83: 1 | L83: 1 | M83: 5 | N83: 1 | O83: 3 | P83: 1 | Q83: 5 | R83: 0 | S83: 4 | T83: 2 | U83: 1 | V83: 6 | W83: 2 | X83: 4 | Y83: 2 | Z83: 1 | AA83: 6 | AB83: 1 | AC83: =SUM(E83:AB83) -> 56
C84: 3. AGUS REJEKI WARTONO | E84: 0 | F84: 0 | G84: 0 | H84: 1 | I84: 2 | J84: 2 | K84: 1 | L84: 2 | M84: 0 | N84: 0 | O84: 0 | P84: 0 | Q84: 1 | R84: 1 | S84: 1 | T84: 0 | U84: 0 | V84: 1 | W84: 2 | X84: 1 | Y84: 1 | Z84: 0 | AA84: 2 | AB84: 2 | AC84: =SUM(E84:AB84) -> 20
C85: 4. Hj. TUTUK ASMA'A ZUCHROH, S.T., M.T. | E85: 0 | F85: 2 | G85: 1 | H85: 0 | I85: 0 | J85: 2 | K85: 2 | L85: 0 | M85: 1 | N85: 0 | O85: 0 | P85: 0 | Q85: 2 | R85: 2 | S85: 2 | T85: 0 | U85: 2 | V85: 0 | W85: 0 | X85: 3 | Y85: 22 | Z85: 0 | AA85: 2 | AB85: 3 | AC85: =SUM(E85:AB85) -> 46
C86: 5. ADE M. RIZKI, S.E. | E86: 1 | F86: 0 | G86: 1 | H86: 0 | I86: 24 | J86: 36 | K86: 0 | L86: 1 | M86: 7 | N86: 11 | O86: 25 | P86: 1 | Q86: 2 | R86: 20 | S86: 0 | T86: 0 | U86: 0 | V86: 0 | W86: 1 | X86: 0 | Y86: 3 | Z86: 0 | AA86: 0 | AB86: 0 | AC86: =SUM(E86:AB86) -> 133
C87: 6. ABDURAKHMAN, Bc.Kn. | E87: 1 | F87: 1 | G87: 0 | H87: 0 | I87: 0 | J87: 0 | K87: 0 | L87: 0 | M87: 0 | N87: 0 | O87: 0 | P87: 0 | Q87: 1 | R87: 1 | S87: 0 | T87: 0 | U87: 0 | V87: 0 | W87: 0 | X87: 0 | Y87: 0 | Z87: 0 | AA87: 0 | AB87: 0 | AC87: =SUM(E87:AB87) -> 4
C88: 7. CENDY RHIYAN ADI PUTRI | E88: 0 | F88: 1 | G88: 0 | H88: 0 | I88: 0 | J88: 0 | K88: 0 | L88: 0 | M88: 0 | N88: 0 | O88: 0 | P88: 0 | Q88: 0 | R88: 0 | S88: 0 | T88: 0 | U88: 0 | V88: 0 | W88: 0 | X88: 0 | Y88: 0 | Z88: 1 | AA88: 2 | AB88: 0 | AC88: =SUM(E88:AB88) -> 4
C89: 8. BAKTI WIJAYANTO, S.E. | E89: 1 | F89: 0 | G89: 0 | H89: 0 | I89: 1 | J89: 0 | K89: 0 | L89: 0 | M89: 0 | N89: 0 | O89: 0 | P89: 0 | Q89: 0 | R89: 1 | S89: 0 | T89: 0 | U89: 0 | V89: 0 | W89: 1 | X89: 0 | Y89: 0 | Z89: 0 | AA89: 0 | AB89: 0 | AC89: =SUM(E89:AB89) -> 4
C90: 9. AHMAD UBAIDILLAH | E90: 0 | F90: 0 | G90: 0 | H90: 0 | I90: 0 | J90: 0 | K90: 0 | L90: 0 | M90: 0 | N90: 0 | O90: 0 | P90: 0 | Q90: 0 | R90: 0 | S90: 0 | T90: 0 | U90: 0 | V90: 0 | W90: 0 | X90: 0 | Y90: 0 | Z90: 0 | AA90: 0 | AB90: 0 | AC90: =SUM(E90:AB90) -> 0
A91: B | B91: JUMLAH SUARA SAH PARTAI POLITIK DAN CALON (A1 + A2) | E91: =SUM(E81:E90) -> 7 | F91: =SUM(F81:F90) -> 35 | G91: =SUM(G81:G90) -> 11 | H91: =SUM(H81:H90) -> 19 | I91: =SUM(I81:I90) -> 43 | J91: =SUM(J81:J90) -> 65 | K91: =SUM(K81:K90) -> 23 | L91: =SUM(L81:L90) -> 21 | ... AC91: =SUM(AC81:AC90) -> 567
A93: A.1 | B93: 5. | C93: Partai NasDem | E93: 1 | F93: 1 | G93: 1 | H93: 2 | I93: 3 | J93: 2 | K93: 1 | L93: 5 | M93: 1 | N93: 3 | O93: 3 | P93: 2 | Q93: 2 | R93: 5 | S93: 0 | T93: 17 | U93: 2 | V93: 2 | W93: 3 | X93: 5 | Y93: 1 | Z93: 14 | AA93: 3 | AB93: 10 | AC93: =SUM(E93:AB93) -> 89
A94: A.2 | C94: 1. ALI MUSTOFA, A.Md. | E94: 2 | F94: 0 | G94: 3 | H94: 1 | I94: 1 | J94: 2 | K94: 1 | L94: 27 | M94: 2 | N94: 3 | O94: 1 | P94: 1 | Q94: 1 | R94: 8 | S94: 0 | T94: 7 | U94: 4 | V94: 5 | W94: 3 | X94: 12 | Y94: 11 | Z94: 37 | AA94: 20 | AB94: 34 | AC94: =SUM(E94:AB94) -> 186
C95: 2. Hj. BUAMI, S.H. | E95: 0 | F95: 0 | G95: 0 | H95: 0 | I95: 0 | J95: 0 | K95: 0 | L95: 0 | M95: 0 | N95: 0 | O95: 0 | P95: 0 | Q95: 0 | R95: 0 | S95: 0 | T95: 0 | U95: 0 | V95: 2 | W95: 0 | X95: 1 | Y95: 0 | Z95: 1 | AA95: 0 | AB95: 0 | AC95: =SUM(E95:AB95) -> 4
C96: 3. SUGIONO, S.H. | E96: 1 | F96: 0 | G96: 0 | H96: 0 | I96: 0 | J96: 0 | K96: 0 | L96: 0 | M96: 0 | N96: 0 | O96: 0 | P96: 0 | Q96: 0 | R96: 1 | S96: 0 | T96: 0 | U96: 0 | V96: 0 | W96: 0 | X96: 1 | Y96: 1 | Z96: 0 | AA96: 0 | AB96: 0 | AC96: =SUM(E96:AB96) -> 4
C97: 4. LULUK SUNARMIATININGSIH | E97: 2 | F97: 0 | G97: 0 | H97: 0 | I97: 1 | J97: 0 | K97: 0 | L97: 1 | M97: 0 | N97: 0 | O97: 0 | P97: 0 | Q97: 0 | R97: 0 | S97: 0 | T97: 1 | U97: 0 | V97: 0 | W97: 2 | X97: 0 | Y97: 0 | Z97: 4 | AA97: 1 | AB97: 0 | AC97: =SUM(E97:AB97) -> 12
C98: 5. ANTON DJULIANTO ADI | E98: 2 | F98: 0 | G98: 0 | H98: 0 | I98: 0 | J98: 1 | K98: 0 | L98: 0 | M98: 0 | N98: 0 | O98: 2 | P98: 0 | Q98: 1 | R98: 2 | S98: 0 | T98: 1 | U98: 0 | V98: 1 | W98: 0 | X98: 0 | Y98: 0 | Z98: 1 | AA98: 0 | AB98: 1 | AC98: =SUM(E98:AB98) -> 12
C99: 6. MOKHAMAD ROFI'I KHUSNAN | E99: 4 | F99: 0 | G99: 1 | H99: 0 | I99: 2 | J99: 0 | K99: 1 | L99: 2 | M99: 1 | N99: 0 | O99: 0 | P99: 0 | Q99: 0 | R99: 1 | S99: 0 | T99: 2 | U99: 1 | V99: 3 | W99: 1 | X99: 0 | Y99: 2 | Z99: 0 | AA99: 0 | AB99: 6 | AC99: =SUM(E99:AB99) -> 27
C100: 7. Rr SETYO WATI | E100: 0 | F100: 0 | G100: 0 | H100: 0 | I100: 0 | J100: 0 | K100: 0 | L100: 0 | M100: 0 | N100: 0 | O100: 0 | P100: 0 | Q100: 0 | R100: 0 | S100: 0 | T100: 1 | U100: 0 | V100: 0 | W100: 0 | X100: 0 | Y100: 0 | Z100: 0 | AA100: 0 | AB100: 0 | AC100: =SUM(E100:AB100) -> 1
C101: 8. ABD. KADIR ASSEGAFF | E101: 0 | F101: 0 | G101: 0 | H101: 0 | I101: 0 | J101: 0 | K101: 0 | L101: 0 | M101: 0 | N101: 0 | O101: 0 | P101: 0 | Q101: 0 | R101: 0 | S101: 0 | T101: 0 | U101: 0 | V101: 0 | W101: 0 | X101: 0 | Y101: 0 | Z101: 0 | AA101: 1 | AB101: 1 | AC101: =SUM(E101:AB101) -> 2
C102: 9. FATHOR ZAINULLAH | E102: 4 | F102: 0 | G102: 0 | H102: 0 | I102: 0 | J102: 0 | K102: 0 | L102: 4 | M102: 0 | N102: 0 | O102: 0 | P102: 0 | Q102: 0 | R102: 0 | S102: 0 | T102: 0 | U102: 0 | V102: 0 | W102: 2 | X102: 0 | Y102: 0 | Z102: 1 | AA102: 0 | AB102: 0 | AC102: =SUM(E102:AB102) -> 11
A103: B | B103: JUMLAH SUARA SAH PARTAI POLITIK DAN CALON (A1 + A2) | E103: =SUM(E93:E102) -> 16 | F103: =SUM(F93:F102) -> 1 | G103: =SUM(G93:G102) -> 5 | H103: =SUM(H93:H102) -> 3 | I103: =SUM(I93:I102) -> 7 | J103: =SUM(J93:J102) -> 5 | K103: =SUM(K93:K102) -> 3 | L103: =SUM(L93:L102) -> 39 | ... AC103: =SUM(AC93:AC102) -> 348
A105: A.1 | B105: 6. | C105: Partai Buruh | E105: 7 | F105: 0 | G105: 1 | H105: 0 | I105: 2 | J105: 2 | K105: 0 | L105: 4 | M105: 1 | N105: 1 | O105: 1 | P105: 0 | Q105: 0 | R105: 7 | S105: 2 | T105: 4 | U105: 0 | V105: 1 | W105: 3 | X105: 1 | Y105: 2 | Z105: 0 | AA105: 0 | AB105: 1 | AC105: =SUM(E105:AB105) -> 40
A106: A.2 | C106: 1. AGUS SUPRIYADI | E106: 1 | F106: 0 | G106: 0 | H106: 0 | I106: 0 | J106: 1 | K106: 1 | L106: 1 | M106: 0 | N106: 0 | O106: 0 | P106: 0 | Q106: 2 | R106: 0 | S106: 0 | T106: 1 | U106: 1 | V106: 0 | W106: 0 | X106: 1 | Y106: 0 | Z106: 0 | AA106: 1 | AB106: 1 | AC106: =SUM(E106:AB106) -> 11
C107: 2. ENI HARIATI | E107: 0 | F107: 0 | G107: 0 | H107: 0 | I107: 0 | J107: 0 | K107: 0 | L107: 0 | M107: 0 | N107: 1 | O107: 0 | P107: 0 | Q107: 0 | R107: 0 | S107: 1 | T107: 1 | U107: 0 | V107: 1 | W107: 0 | X107: 0 | Y107: 0 | Z107: 2 | AA107: 0 | AB107: 0 | AC107: =SUM(E107:AB107) -> 6
A108: B | B108: JUMLAH SUARA SAH PARTAI POLITIK DAN CALON (A1 + A2) | E108: =SUM(E105:E107) -> 8 | F108: =SUM(F105:F107) -> 0 | G108: =SUM(G105:G107) -> 1 | H108: =SUM(H105:H107) -> 0 | I108: =SUM(I105:I107) -> 2 | J108: =SUM(J105:J107) -> 3 | K108: =SUM(K105:K107) -> 1 | L108: =SUM(L105:L107) -> 5 | ... AC108: =SUM(AC105:AC107) -> 57
A110: A.1 | B110: 7. | C110: Partai Gelombang Rakyat Indonesia | E110: 1 | F110: 1 | G110: 0 | H110: 1 | I110: 1 | J110: 1 | K110: 0 | L110: 1 | M110: 0 | N110: 0 | O110: 1 | P110: 0 | Q110: 1 | R110: 3 | S110: 1 | T110: 1 | U110: 2 | V110: 1 | W110: 1 | X110: 0 | Y110: 0 | Z110: 0 | AA110: 1 | AB110: 0 | AC110: =SUM(E110:AB110) -> 18
A111: A.2 | C111: 1. MIRZA MUHROSNI AROMA | E111: 0 | F111: 0 | G111: 4 | H111: 0 | I111: 0 | J111: 0 | K111: 0 | L111: 0 | M111: 0 | N111: 0 | O111: 1 | P111: 0 | Q111: 0 | R111: 0 | S111: 0 | T111: 0 | U111: 0 | V111: 0 | W111: 0 | X111: 0 | Y111: 0 | Z111: 0 | AA111: 0 | AB111: 0 | AC111: =SUM(E111:AB111) -> 5
C112: 2. ACHMAD BAGUS SUGIARTO | E112: 0 | F112: 0 | G112: 0 | H112: 0 | I112: 0 | J112: 0 | K112: 0 | L112: 0 | M112: 0 | N112: 0 | O112: 0 | P112: 0 | Q112: 2 | R112: 0 | S112: 0 | T112: 0 | U112: 1 | V112: 0 | W112: 0 | X112: 1 | Y112: 0 | Z112: 0 | AA112: 0 | AB112: 0 | AC112: =SUM(E112:AB112) -> 4
C113: 3. ELOK FITRIYA NINGSIH | E113: 0 | F113: 0 | G113: 0 | H113: 0 | I113: 0 | J113: 0 | K113: 0 | L113: 0 | M113: 0 | N113: 0 | O113: 0 | P113: 0 | Q113: 0 | R113: 1 | S113: 0 | T113: 0 | U113: 0 | V113: 0 | W113: 0 | X113: 0 | Y113: 0 | Z113: 0 | AA113: 0 | AB113: 0 | AC113: =SUM(E113:AB113) -> 1
C114: 4. MADI | E114: 0 | F114: 0 | G114: 0 | H114: 0 | I114: 0 | J114: 0 | K114: 0 | L114: 0 | M114: 0 | N114: 0 | O114: 0 | P114: 0 | Q114: 0 | R114: 0 | S114: 0 | T114: 0 | U114: 0 | V114: 0 | W114: 0 | X114: 0 | Y114: 0 | Z114: 0 | AA114: 0 | AB114: 0 | AC114: =SUM(E114:AB114) -> 0
C115: 5. LUKY PERMANASARI | E115: 1 | F115: 0 | G115: 0 | H115: 0 | I115: 0 | J115: 0 | K115: 0 | L115: 1 | M115: 0 | N115: 0 | O115: 0 | P115: 0 | Q115: 0 | R115: 0 | S115: 0 | T115: 0 | U115: 0 | V115: 0 | W115: 0 | X115: 0 | Y115: 0 | Z115: 0 | AA115: 0 | AB115: 0 | AC115: =SUM(E115:AB115) -> 2
A116: B | B116: JUMLAH SUARA SAH PARTAI POLITIK DAN CALON (A1 + A2) | E116: =SUM(E110:E115) -> 2 | F116: =SUM(F110:F115) -> 1 | G116: =SUM(G110:G115) -> 4 | H116: =SUM(H110:H115) -> 1 | I116: =SUM(I110:I115) -> 1 | J116: =SUM(J110:J115) -> 1 | K116: =SUM(K110:K115) -> 0 | L116: =SUM(L110:L115) -> 2 | ... AC116: =SUM(AC110:AC115) -> 30
A118: A.1 | B118: 8. | C118: Partai Keadilan Sejahtera | E118: 0 | F118: 1 | G118: 0 | H118: 0 | I118: 2 | J118: 0 | K118: 3 | L118: 2 | M118: 0 | N118: 3 | O118: 6 | P118: 4 | Q118: 5 | R118: 10 | S118: 1 | T118: 2 | U118: 5 | V118: 0 | W118: 0 | X118: 1 | Y118: 1 | Z118: 0 | AA118: 2 | AB118: 0 | AC118: =SUM(E118:AB118) -> 48
...

Sheet KALIPURO
C2: Kecamatan | D2: KALIPURO
C3: Kabupaten | D3: BANYUWANGI
C4: Provinsi | D4: JAWA TIMUR
C9: Kelurahan | D9: KALIPURO
A12: I | B12: DATA PEMILIH DAN PENGGUNAAN HAK PILIH | AR12: JUMLAH AKHIR
A13: A | B13: DATA PEMILIH | E13: TPS 001 | F13: TPS 002 | G13: TPS 003 | H13: TPS 004 | I13: TPS 005 | J13: TPS 006 | K13: TPS 007 | L13: TPS 008 | M13: TPS 009 | N13: TPS 010 | O13: TPS 011 | P13: TPS 012 | Q13: TPS 013 | R13: TPS 014 | S13: TPS 015 | T13: TPS 016 | U13: TPS 017 | V13: TPS 018 | W13: TPS 019 | X13: TPS 020 | Y13: TPS 021 | Z13: TPS 022 | AA13: TPS 023 | AB13: TPS 024 | AC13: TPS 025 | AD13: TPS 026 | AE13: TPS 027 | AF13: TPS 028 | AG13: TPS 029 | AH13: TPS 030 | AI13: TPS 031 | AJ13: TPS 032 | AK13: TPS 033 | AL13: TPS 034 | AM13: TPS 035 | AN13: TPS 036 | AO13: TPS 037 | AP13: TPS 038 | AQ13: TPS 039
B14: Jumlah Pemilih dalam Daftar Pemilih Tetap (DPT) | D14: LK | E14: 137 | F14: 141 | G14: 136 | H14: 135 | I14: 156 | J14: 147 | K14: 145 | L14: 147 | M14: 140 | N14: 141 | O14: 145 | P14: 134 | Q14: 148 | R14: 147 | S14: 139 | T14: 147 | U14: 138 | V14: 143 | W14: 133 | X14: 141 | Y14: 122 | Z14: 145 | AA14: 126 | AB14: 144 | AC14: 145 | AD14: 155 | AE14: 155 | AF14: 149 | AG14: 145 | AH14: 141 | AI14: 143 | AJ14: 135 | AK14: 145 | AL14: 147 | AM14: 132 | AN14: 147 | AO14: 136 | AP14: 150 | AQ14: 134 | AR14: =SUM(E14:AQ14) -> 5536
D15: PR | E15: 157 | F15: 146 | G15: 131 | H15: 154 | I15: 140 | J15: 146 | K15: 148 | L15: 151 | M15: 135 | N15: 158 | O15: 154 | P15: 124 | Q15: 150 | R15: 149 | S15: 156 | T15: 151 | U15: 158 | V15: 153 | W15: 158 | X15: 157 | Y15: 143 | Z15: 142 | AA15: 156 | AB15: 154 | AC15: 149 | AD15: 143 | AE15: 144 | AF15: 143 | AG15: 142 | AH15: 137 | AI15: 150 | AJ15: 157 | AK15: 149 | AL15: 147 | AM15: 123 | AN15: 147 | AO15: 143 | AP15: 147 | AQ15: 149 | AR15: =SUM(E15:AQ15) -> 5741
D16: JML | E16: =SUM(E14:E15) -> 294 | F16: =SUM(F14:F15) -> 287 | G16: =SUM(G14:G15) -> 267 | H16: =SUM(H14:H15) -> 289 | I16: =SUM(I14:I15) -> 296 | J16: =SUM(J14:J15) -> 293 | K16: =SUM(K14:K15) -> 293 | L16: =SUM(L14:L15) -> 298 | ... AQ16: =SUM(AQ14:AQ15) -> 283 | AR16: =SUM(E16:AQ16) -> 11277
A18: B | B18: PENGGUNA HAK PILIH
B19: 1. | C19: Jumlah pengguna hak pilih dalam Daftar Pemilih Tetap (DPT) | D19: LK | E19: 107 | F19: 105 | G19: 71 | H19: 91 | I19: 100 | J19: 84 | K19: 104 | L19: 108 | M19: 106 | N19: 101 | O19: 104 | P19: 103 | Q19: 113 | R19: 108 | S19: 105 | T19: 122 | U19: 89 | V19: 122 | W19: 95 | X19: 96 | Y19: 98 | Z19: 104 | AA19: 94 | AB19: 132 | AC19: 109 | AD19: 138 | AE19: 116 | AF19: 131 | AG19: 109 | AH19: 107 | AI19: 114 | AJ19: 110 | AK19: 111 | AL19: 127 | AM19: 107 | AN19: 123 | AO19: 101 | AP19: 131 | AQ19: 101 | AR19: =SUM(E19:AQ19) -> 4197
D20: PR | E20: 128 | F20: 117 | G20: 90 | H20: 101 | I20: 104 | J20: 99 | K20: 108 | L20: 126 | M20: 102 | N20: 116 | O20: 132 | P20: 109 | Q20: 122 | R20: 125 | S20: 120 | T20: 130 | U20: 111 | V20: 116 | W20: 125 | X20: 126 | Y20: 102 | Z20: 107 | AA20: 121 | AB20: 124 | AC20: 127 | AD20: 127 | AE20: 117 | AF20: 134 | AG20: 114 | AH20: 103 | AI20: 120 | AJ20: 123 | AK20: 109 | AL20: 126 | AM20: 107 | AN20: 116 | AO20: 96 | AP20: 122 | AQ20: 99 | AR20: =SUM(E20:AQ20) -> 4501
D21: JML | E21: =SUM(E19:E20) -> 235 | F21: =SUM(F19:F20) -> 222 | G21: =SUM(G19:G20) -> 161 | H21: =SUM(H19:H20) -> 192 | I21: =SUM(I19:I20) -> 204 | J21: =SUM(J19:J20) -> 183 | K21: =SUM(K19:K20) -> 212 | L21: =SUM(L19:L20) -> 234 | ... AQ21: =SUM(AQ19:AQ20) -> 200 | AR21: =SUM(E21:AQ21) -> 8698
B22: 2. | C22: Jumlah pengguna hak pilih dalam Daftar Pemilih Tambahan (DPTb) | D22: LK | E22: 0 | F22: 0 | G22: 3 | H22: 0 | I22: 1 | J22: 2 | K22: 0 | L22: 1 | M22: 0 | N22: 0 | O22: 0 | P22: 0 | Q22: 2 | R22: 1 | S22: 0 | T22: 1 | U22: 1 | V22: 0 | W22: 1 | X22: 0 | Y22: 0 | Z22: 1 | AA22: 0 | AB22: 1 | AC22: 0 | AD22: 0 | AE22: 0 | AF22: 0 | AG22: 0 | AH22: 0 | AI22: 0 | AJ22: 0 | AK22: 1 | AL22: 1 | AM22: 0 | AN22: 0 | AO22: 0 | AP22: 0 | AQ22: 1 | AR22: =SUM(E22:AQ22) -> 18
D23: PR | E23: 0 | F23: 1 | G23: 1 | H23: 0 | I23: 0 | J23: 0 | K23: 1 | L23: 1 | M23: 0 | N23: 0 | O23: 0 | P23: 0 | Q23: 0 | R23: 0 | S23: 1 | T23: 1 | U23: 0 | V23: 0 | W23: 0 | X23: 1 | Y23: 0 | Z23: 0 | AA23: 1 | AB23: 1 | AC23: 0 | AD23: 0 | AE23: 0 | AF23: 0 | AG23: 0 | AH23: 0 | AI23: 1 | AJ23: 0 | AK23: 0 | AL23: 0 | AM23: 1 | AN23: 0 | AO23: 0 | AP23: 0 | AQ23: 0 | AR23: =SUM(E23:AQ23) -> 11
D24: JML | E24: =SUM(E22:E23) -> 0 | F24: =SUM(F22:F23) -> 1 | G24: =SUM(G22:G23) -> 4 | H24: =SUM(H22:H23) -> 0 | I24: =SUM(I22:I23) -> 1 | J24: =SUM(J22:J23) -> 2 | K24: =SUM(K22:K23) -> 1 | L24: =SUM(L22:L23) -> 2 | ... AQ24: =SUM(AQ22:AQ23) -> 1 | AR24: =SUM(E24:AQ24) -> 29
B25: 3. | C25: Jumlah pengguna hak pilih dalam Daftar Pemilih Khusus (DPK) | D25: LK | E25: 1 | F25: 7 | G25: 1 | H25: 0 | I25: 2 | J25: 2 | K25: 4 | L25: 3 | M25: 2 | N25: 2 | O25: 2 | P25: 2 | Q25: 1 | R25: 0 | S25: 0 | T25: 3 | U25: 0 | V25: 9 | W25: 1 | X25: 7 | Y25: 1 | Z25: 1 | AA25: 0 | AB25: 2 | AC25: 1 | AD25: 3 | AE25: 3 | AF25: 0 | AG25: 2 | AH25: 6 | AI25: 4 | AJ25: 5 | AK25: 5 | AL25: 1 | AM25: 6 | AN25: 15 | AO25: 4 | AP25: 0 | AQ25: 0 | AR25: =SUM(E25:AQ25) -> 108
D26: PR | E26: 0 | F26: 0 | G26: 1 | H26: 1 | I26: 3 | J26: 8 | K26: 2 | L26: 2 | M26: 3 | N26: 1 | O26: 3 | P26: 2 | Q26: 2 | R26: 1 | S26: 5 | T26: 4 | U26: 0 | V26: 10 | W26: 0 | X26: 6 | Y26: 1 | Z26: 4 | AA26: 0 | AB26: 0 | AC26: 2 | AD26: 6 | AE26: 6 | AF26: 1 | AG26: 3 | AH26: 3 | AI26: 7 | AJ26: 6 | AK26: 8 | AL26: 2 | AM26: 5 | AN26: 15 | AO26: 4 | AP26: 0 | AQ26: 1 | AR26: =SUM(E26:AQ26) -> 128
D27: JML | E27: =SUM(E25:E26) -> 1 | F27: =SUM(F25:F26) -> 7 | G27: =SUM(G25:G26) -> 2 | H27: =SUM(H25:H26) -> 1 | I27: =SUM(I25:I26) -> 5 | J27: =SUM(J25:J26) -> 10 | K27: =SUM(K25:K26) -> 6 | L27: =SUM(L25:L26) -> 5 | ... AQ27: =SUM(AQ25:AQ26) -> 1 | AR27: =SUM(E27:AQ27) -> 236
B28: 4. | C28: Jumlah Pengguna Hak Pilih (B.1+B.2+B.3) | D28: LK | E28: =SUM(E19,E22,E25) -> 108 | F28: =SUM(F19,F22,F25) -> 112 | G28: =SUM(G19,G22,G25) -> 75 | H28: =SUM(H19,H22,H25) -> 91 | I28: =SUM(I19,I22,I25) -> 103 | J28: =SUM(J19,J22,J25) -> 88 | K28: =SUM(K19,K22,K25) -> 108 | L28: =SUM(L19,L22,L25) -> 112 | ... AQ28: =SUM(AQ19,AQ22,AQ25) -> 102 | AR28: =SUM(E28:AQ28) -> 4323
D29: PR | E29: =SUM(E20,E23,E26) -> 128 | F29: =SUM(F20,F23,F26) -> 118 | G29: =SUM(G20,G23,G26) -> 92 | H29: =SUM(H20,H23,H26) -> 102 | I29: =SUM(I20,I23,I26) -> 107 | J29: =SUM(J20,J23,J26) -> 107 | K29: =SUM(K20,K23,K26) -> 111 | L29: =SUM(L20,L23,L26) -> 129 | ... AQ29: =SUM(AQ20,AQ23,AQ26) -> 100 | AR29: =SUM(E29:AQ29) -> 4640
D30: JML | E30: =SUM(E28:E29) -> 236 | F30: =SUM(F28:F29) -> 230 | G30: =SUM(G28:G29) -> 167 | H30: =SUM(H28:H29) -> 193 | I30: =SUM(I28:I29) -> 210 | J30: =SUM(J28:J29) -> 195 | K30: =SUM(K28:K29) -> 219 | L30: =SUM(L28:L29) -> 241 | ... AQ30: =SUM(AQ28:AQ29) -> 202 | AR30: =SUM(E30:AQ30) -> 8963
A32: II | B32: DATA PENGGUNAAN SURAT SUARA
A33: 1 | B33: Jumlah surat suara yang diterima, termasuk surat suara cadangan 2,5% dari DPT | E33: 300 | F33: 303 | G33: 273 | H33: 295 | I33: 303 | J33: 299 | K33: 289 | L33: 304 | M33: 281 | N33: 305 | O33: 305 | P33: 264 | Q33: 304 | R33: 301 | S33: 301 | T33: 304 | U33: 303 | V33: 301 | W33: 297 | X33: 304 | Y33: 271 | Z33: 293 | AA33: 288 | AB33: 304 | AC33: 300 | AD33: 303 | AE33: 305 | AF33: 298 | AG33: 293 | AH33: 285 | AI33: 299 | AJ33: 299 | AK33: 300 | AL33: 300 | AM33: 272 | AN33: 301 | AO33: 285 | AP33: 303 | AQ33: 283 | AR33: =SUM(E33:AQ33) -> 11518
A34: 2 | B34: Jumlah surat suara yang digunakan | E34: 236 | F34: 230 | G34: 167 | H34: 193 | I34: 210 | J34: 195 | K34: 219 | L34: 241 | M34: 213 | N34: 220 | O34: 241 | P34: 216 | Q34: 240 | R34: 235 | S34: 231 | T34: 261 | U34: 201 | V34: 257 | W34: 222 | X34: 236 | Y34: 202 | Z34: 217 | AA34: 216 | AB34: 260 | AC34: 239 | AD34: 274 | AE34: 242 | AF34: 266 | AG34: 228 | AH34: 219 | AI34: 246 | AJ34: 244 | AK34: 234 | AL34: 257 | AM34: 226 | AN34: 269 | AO34: 205 | AP34: 253 | AQ34: 202 | AR34: =SUM(E34:AQ34) -> 8963
A35: 3 | B35: Jumlah surat suara dikembalikan oleh pemilih (karena rusak atau keliru coblos) | E35: 0 | F35: 0 | G35: 0 | H35: 1 | I35: 0 | J35: 1 | K35: 0 | L35: 0 | M35: 0 | N35: 0 | O35: 0 | P35: 2 | Q35: 0 | R35: 0 | S35: 0 | T35: 0 | U35: 0 | V35: 0 | W35: 0 | X35: 0 | Y35: 0 | Z35: 3 | AA35: 0 | AB35: 0 | AC35: 0 | AD35: 0 | AE35: 0 | AF35: 0 | AG35: 1 | AH35: 0 | AM35: 1 | AO35: 1 | AR35: =SUM(E35:AQ35) -> 10
A36: 4 | B36: Jumlah surat suara yang tidak digunakan/tidak terpakai, termasuk sisa surat suara cadangan | E36: =E33-(E34+E35) -> 64 | F36: =F33-(F34+F35) -> 73 | G36: =G33-(G34+G35) -> 106 | H36: =H33-(H34+H35) -> 101 | I36: =I33-(I34+I35) -> 93 | J36: =J33-(J34+J35) -> 103 | K36: =K33-(K34+K35) -> 70 | L36: =L33-(L34+L35) -> 63 | ... AQ36: =AQ33-(AQ34+AQ35) -> 81 | AR36: =SUM(E36:AQ36) -> 2545
A38: III | B38: DATA PEMILIH DISABILITAS
B39: Jumlah seluruh Pemilih disabilitas yang menggunakan hak pilih | D39: LK | E39: 1 | F39: 1 | G39: 0 | H39: 0 | I39: 0 | J39: 0 | K39: 0 | L39: 0 | M39: 1 | N39: 0 | O39: 0 | P39: 0 | Q39: 0 | R39: 0 | S39: 2 | T39: 1 | U39: 0 | V39: 0 | W39: 2 | X39: 0 | Y39: 0 | Z39: 0 | AA39: 0 | AB39: 0 | AC39: 3 | AD39: 3 | AE39: 0 | AF39: 0 | AG39: 0 | AH39: 1 | AR39: =SUM(E39:AQ39) -> 15
D40: PR | E40: 2 | F40: 0 | G40: 0 | H40: 0 | I40: 0 | J40: 0 | K40: 0 | L40: 0 | M40: 0 | N40: 0 | O40: 0 | P40: 0 | Q40: 0 | R40: 0 | S40: 3 | T40: 0 | U40: 2 | V40: 0 | W40: 1 | X40: 0 | Y40: 0 | Z40: 0 | AA40: 0 | AB40: 0 | AC40: 4 | AD40: 1 | AE40: 0 | AF40: 0 | AG40: 1 | AH40: 0 | AR40: =SUM(E40:AQ40) -> 14
D41: JML | E41: =SUM(E39:E40) -> 3 | F41: =SUM(F39:F40) -> 1 | G41: =SUM(G39:G40) -> 0 | H41: =SUM(H39:H40) -> 0 | I41: =SUM(I39:I40) -> 0 | J41: =SUM(J39:J40) -> 0 | K41: =SUM(K39:K40) -> 0 | L41: =SUM(L39:L40) -> 0 | ... AQ41: =SUM(AQ39:AQ40) -> 0 | AR41: =SUM(E41:AQ41) -> 29
A43: IV | B43: DATA RINCIAN PEROLEHAN SUARA PASANGAN CALON BUPATI DAN WAKIL BUPATI
A44: NOMOR DAN NAMA CALON
A45: A.1 | B45: 1. | C45: Partai Kebangkitan Bangsa | E45: 4 | F45: 8 | G45: 3 | H45: 6 | I45: 6 | J45: 5 | K45: 9 | L45: 11 | M45: 5 | N45: 10 | O45: 6 | P45: 11 | Q45: 11 | R45: 5 | S45: 6 | T45: 11 | U45: 3 | V45: 18 | W45: 5 | X45: 7 | Y45: 7 | Z45: 5 | AA45: 24 | AB45: 20 | AC45: 9 | AD45: 9 | AE45: 5 | AF45: 14 | AG45: 17 | AH45: 16 | AI45: 22 | AJ45: 9 | AK45: 11 | AL45: 31 | AM45: 11 | AN45: 24 | AO45: 15 | AP45: 16 | AQ45: 0 | AR45: =SUM(E45:AQ45) -> 415
A46: A.2 | C46: 1. Dra. Hj. MA`MULAH HARUN, M.Pd.I. | E46: 8 | F46: 11 | G46: 9 | H46: 18 | I46: 10 | J46: 14 | K46: 46 | L46: 62 | M46: 41 | N46: 36 | O46: 33 | P46: 40 | Q46: 37 | R46: 13 | S46: 22 | T46: 32 | U46: 12 | V46: 13 | W46: 16 | X46: 13 | Y46: 23 | Z46: 52 | AA46: 37 | AB46: 41 | AC46: 30 | AD46: 11 | AE46: 16 | AF46: 30 | AG46: 35 | AH46: 47 | AI46: 45 | AJ46: 39 | AK46: 29 | AL46: 40 | AM46: 25 | AN46: 69 | AO46: 35 | AP46: 43 | AQ46: 3 | AR46: =SUM(E46:AQ46) -> 1136
C47: 2. UBAIDILLAH, S.Fil.I. | E47: 3 | F47: 2 | G47: 1 | H47: 1 | I47: 2 | J47: 1 | K47: 3 | L47: 0 | M47: 7 | N47: 1 | O47: 9 | P47: 1 | Q47: 2 | R47: 1 | S47: 2 | T47: 0 | U47: 2 | V47: 3 | W47: 2 | X47: 2 | Y47: 0 | Z47: 28 | AA47: 1 | AB47: 2 | AC47: 21 | AD47: 3 | AE47: 5 | AF47: 1 | AG47: 22 | AH47: 3 | AI47: 6 | AJ47: 1 | AK47: 3 | AL47: 4 | AM47: 1 | AN47: 5 | AO47: 18 | AP47: 3 | AQ47: 0 | AR47: =SUM(E47:AQ47) -> 172
C48: 3. Ir. H. YOYOK MULYADI, M.Si. | E48: 0 | F48: 0 | G48: 3 | H48: 0 | I48: 0 | J48: 0 | K48: 1 | L48: 1 | M48: 1 | N48: 0 | O48: 0 | P48: 0 | Q48: 0 | R48: 1 | S48: 1 | T48: 0 | U48: 1 | V48: 1 | W48: 0 | X48: 0 | Y48: 0 | Z48: 0 | AA48: 2 | AB48: 2 | AC48: 0 | AD48: 0 | AE48: 4 | AF48: 1 | AG48: 2 | AH48: 0 | AI48: 0 | AJ48: 0 | AK48: 0 | AL48: 4 | AM48: 1 | AN48: 0 | AO48: 8 | AP48: 2 | AQ48: 0 | AR48: =SUM(E48:AQ48) -> 36
C49: 4. KHOIRUL ANWAR, S.Fil.I. | E49: 0 | F49: 1 | G49: 0 | H49: 0 | I49: 0 | J49: 1 | K49: 1 | L49: 0 | M49: 0 | N49: 1 | O49: 0 | P49: 1 | Q49: 0 | R49: 0 | S49: 0 | T49: 1 | U49: 2 | V49: 1 | W49: 2 | X49: 2 | Y49: 1 | Z49: 0 | AA49: 0 | AB49: 1 | AC49: 1 | AD49: 0 | AE49: 1 | AF49: 0 | AG49: 1 | AH49: 0 | AI49: 1 | AJ49: 0 | AK49: 0 | AL49: 0 | AM49: 2 | AN49: 1 | AO49: 1 | AP49: 1 | AQ49: 0 | AR49: =SUM(E49:AQ49) -> 24
C50: 5. ARIF WIJAKSANA | E50: 0 | F50: 0 | G50: 1 | H50: 0 | I50: 0 | J50: 0 | K50: 0 | L50: 1 | M50: 2 | N50: 1 | O50: 0 | P50: 0 | Q50: 0 | R50: 1 | S50: 0 | T50: 1 | U50: 0 | V50: 0 | W50: 1 | X50: 0 | Y50: 0 | Z50: 1 | AA50: 1 | AB50: 1 | AC50: 0 | AD50: 0 | AE50: 0 | AF50: 0 | AG50: 1 | AH50: 0 | AI50: 0 | AJ50: 0 | AK50: 1 | AL50: 0 | AM50: 0 | AN50: 1 | AO50: 3 | AP50: 7 | AQ50: 0 | AR50: =SUM(E50:AQ50) -> 24
C51: 6. Dr. SITI YUMNAH | E51: 0 | F51: 0 | G51: 0 | H51: 0 | I51: 0 | J51: 0 | K51: 2 | L51: 0 | M51: 0 | N51: 0 | O51: 0 | P51: 0 | Q51: 1 | R51: 1 | S51: 0 | T51: 0 | U51: 1 | V51: 0 | W51: 0 | X51: 0 | Y51: 1 | Z51: 0 | AA51: 0 | AB51: 0 | AC51: 1 | AD51: 0 | AE51: 1 | AF51: 0 | AG51: 0 | AH51: 1 | AI51: 0 | AJ51: 1 | AK51: 0 | AL51: 0 | AM51: 0 | AN51: 1 | AO51: 0 | AP51: 1 | AQ51: 1 | AR51: =SUM(E51:AQ51) -> 13
C52: 7. MOHAMMAD ZAINI, M.Pd.I. | E52: 1 | F52: 0 | G52: 0 | H52: 0 | I52: 0 | J52: 0 | K52: 0 | L52: 0 | M52: 0 | N52: 0 | O52: 0 | P52: 1 | Q52: 1 | R52: 0 | S52: 0 | T52: 0 | U52: 0 | V52: 0 | W52: 0 | X52: 0 | Y52: 0 | Z52: 0 | AA52: 0 | AB52: 1 | AC52: 0 | AD52: 0 | AE52: 0 | AF52: 0 | AG52: 0 | AH52: 1 | AI52: 2 | AJ52: 0 | AK52: 0 | AL52: 1 | AM52: 0 | AN52: 0 | AO52: 0 | AP52: 1 | AQ52: 0 | AR52: =SUM(E52:AQ52) -> 9
C53: 8. FAWAIDUL MAKKIYAH | E53: 0 | F53: 0 | G53: 0 | H53: 0 | I53: 0 | J53: 0 | K53: 1 | L53: 0 | M53: 0 | N53: 0 | O53: 0 | P53: 0 | Q53: 0 | R53: 0 | S53: 1 | T53: 0 | U53: 0 | V53: 0 | W53: 0 | X53: 0 | Y53: 1 | Z53: 0 | AA53: 0 | AB53: 0 | AC53: 0 | AD53: 0 | AE53: 0 | AF53: 0 | AG53: 0 | AH53: 0 | AI53: 0 | AJ53: 1 | AK53: 0 | AL53: 1 | AM53: 0 | AN53: 0 | AO53: 0 | AP53: 1 | AQ53: 0 | AR53: =SUM(E53:AQ53) -> 6
C54: 9. IFFAH HIDAYATUR ROHMAH, S.Sos. | E54: 1 | F54: 0 | G54: 0 | H54: 0 | I54: 1 | J54: 0 | K54: 0 | L54: 0 | M54: 0 | N54: 2 | O54: 0 | P54: 0 | Q54: 0 | R54: 0 | S54: 0 | T54: 0 | U54: 0 | V54: 0 | W54: 1 | X54: 0 | Y54: 1 | Z54: 0 | AA54: 0 | AB54: 1 | AC54: 1 | AD54: 0 | AE54: 0 | AF54: 0 | AG54: 0 | AH54: 0 | AI54: 0 | AJ54: 0 | AK54: 0 | AL54: 0 | AM54: 0 | AN54: 0 | AO54: 0 | AP54: 0 | AQ54: 0 | AR54: =SUM(E54:AQ54) -> 8
A55: B | B55: JUMLAH SUARA SAH PARTAI POLITIK DAN CALON (A1 + A2) | E55: =SUM(E45:E54) -> 17 | F55: =SUM(F45:F54) -> 22 | G55: =SUM(G45:G54) -> 17 | H55: =SUM(H45:H54) -> 25 | I55: =SUM(I45:I54) -> 19 | J55: =SUM(J45:J54) -> 21 | K55: =SUM(K45:K54) -> 63 | L55: =SUM(L45:L54) -> 75 | ... AR55: =SUM(AR45:AR54) -> 1843
A57: A.1 | B57: 2. | C57: Partai Gerakan Indonesia Raya | E57: 15 | F57: 22 | G57: 13 | H57: 11 | I57: 13 | J57: 9 | K57: 22 | L57: 9 | M57: 8 | N57: 10 | O57: 15 | P57: 11 | Q57: 28 | R57: 20 | S57: 20 | T57: 3 | U57: 21 | V57: 7 | W57: 12 | X57: 15 | Y57: 7 | Z57: 6 | AA57: 10 | AB57: 9 | AC57: 5 | AD57: 5 | AE57: 13 | AF57: 15 | AG57: 4 | AH57: 6 | AI57: 7 | AJ57: 8 | AK57: 5 | AL57: 7 | AM57: 10 | AN57: 3 | AO57: 3 | AP57: 6 | AQ57: 3 | AR57: =SUM(E57:AQ57) -> 416
A58: A.2 | C58: 1. AHMAD HADINUDDIN, S.Pd.I. | E58: 5 | F58: 12 | G58: 2 | H58: 7 | I58: 1 | J58: 3 | K58: 7 | L58: 6 | M58: 6 | N58: 6 | O58: 11 | P58: 10 | Q58: 13 | R58: 9 | S58: 8 | T58: 8 | U58: 11 | V58: 11 | W58: 11 | X58: 15 | Y58: 8 | Z58: 3 | AA58: 3 | AB58: 6 | AC58: 3 | AD58: 4 | AE58: 4 | AF58: 1 | AG58: 2 | AH58: 6 | AI58: 5 | AJ58: 9 | AK58: 7 | AL58: 7 | AM58: 7 | AN58: 4 | AO58: 4 | AP58: 7 | AQ58: 5 | AR58: =SUM(E58:AQ58) -> 257
C59: 2. BIMA RAFSANJANI RAFID | E59: 18 | F59: 18 | G59: 13 | H59: 17 | I59: 12 | J59: 8 | K59: 9 | L59: 9 | M59: 15 | N59: 16 | O59: 6 | P59: 12 | Q59: 19 | R59: 19 | S59: 19 | T59: 11 | U59: 28 | V59: 11 | W59: 29 | X59: 7 | Y59: 9 | Z59: 5 | AA59: 5 | AB59: 12 | AC59: 5 | AD59: 33 | AE59: 8 | AF59: 3 | AG59: 2 | AH59: 2 | AI59: 6 | AJ59: 6 | AK59: 4 | AL59: 2 | AM59: 3 | AN59: 0 | AO59: 3 | AP59: 7 | AQ59: 3 | AR59: =SUM(E59:AQ59) -> 414
C60: 3. IRA DAMAYANTI | E60: 4 | F60: 3 | G60: 4 | H60: 3 | I60: 6 | J60: 4 | K60: 5 | L60: 4 | M60: 2 | N60: 0 | O60: 2 | P60: 0 | Q60: 2 | R60: 3 | S60: 3 | T60: 6 | U60: 3 | V60: 2 | W60: 4 | X60: 1 | Y60: 1 | Z60: 0 | AA60: 0 | AB60: 2 | AC60: 0 | AD60: 0 | AE60: 0 | AF60: 0 | AG60: 0 | AH60: 0 | AI60: 0 | AJ60: 0 | AK60: 0 | AL60: 1 | AM60: 1 | AN60: 1 | AO60: 1 | AP60: 0 | AQ60: 0 | AR60: =SUM(E60:AQ60) -> 68
C61: 4. MAULANA MALIK IBRAHIM, S.H. | E61: 19 | F61: 7 | G61: 1 | H61: 6 | I61: 6 | J61: 2 | K61: 8 | L61: 2 | M61: 5 | N61: 0 | O61: 2 | P61: 1 | Q61: 30 | R61: 4 | S61: 4 | T61: 11 | U61: 1 | V61: 1 | W61: 4 | X61: 4 | Y61: 1 | Z61: 1 | AA61: 5 | AB61: 3 | AC61: 2 | AD61: 0 | AE61: 0 | AF61: 0 | AG61: 1 | AH61: 0 | AI61: 5 | AJ61: 2 | AK61: 3 | AL61: 1 | AM61: 4 | AN61: 0 | AO61: 2 | AP61: 0 | AQ61: 0 | AR61: =SUM(E61:AQ61) -> 148
C62: 5. LULUK ALFIATI | E62: 1 | F62: 3 | G62: 1 | H62: 1 | I62: 1 | J62: 1 | K62: 2 | L62: 3 | M62: 2 | N62: 2 | O62: 1 | P62: 0 | Q62: 1 | R62: 0 | S62: 0 | T62: 0 | U62: 0 | V62: 0 | W62: 2 | X62: 1 | Y62: 1 | Z62: 2 | AA62: 2 | AB62: 0 | AC62: 1 | AD62: 0 | AE62: 0 | AF62: 0 | AG62: 0 | AH62: 1 | AI62: 0 | AJ62: 0 | AK62: 0 | AL62: 1 | AM62: 0 | AN62: 1 | AO62: 0 | AP62: 0 | AQ62: 1 | AR62: =SUM(E62:AQ62) -> 32
C63: 6. ILHAM WAHYUDI, S.H. | E63: 0 | F63: 2 | G63: 0 | H63: 1 | I63: 0 | J63: 1 | K63: 2 | L63: 1 | M63: 2 | N63: 0 | O63: 0 | P63: 1 | Q63: 0 | R63: 2 | S63: 3 | T63: 0 | U63: 0 | V63: 0 | W63: 0 | X63: 4 | Y63: 1 | Z63: 1 | AA63: 0 | AB63: 1 | AC63: 0 | AD63: 0 | AE63: 1 | AF63: 0 | AG63: 0 | AH63: 0 | AI63: 2 | AJ63: 1 | AK63: 1 | AL63: 5 | AM63: 0 | AN63: 0 | AO63: 0 | AP63: 0 | AQ63: 0 | AR63: =SUM(E63:AQ63) -> 32
C64: 7. HAERUL ANWAR, S.Pd.I. | E64: 2 | F64: 0 | G64: 0 | H64: 1 | I64: 1 | J64: 0 | K64: 0 | L64: 1 | M64: 1 | N64: 0 | O64: 0 | P64: 0 | Q64: 0 | R64: 0 | S64: 0 | T64: 0 | U64: 2 | V64: 0 | W64: 0 | X64: 0 | Y64: 0 | Z64: 0 | AA64: 0 | AB64: 0 | AC64: 0 | AD64: 1 | AE64: 1 | AF64: 0 | AG64: 0 | AH64: 1 | AI64: 1 | AJ64: 0 | AK64: 0 | AL64: 2 | AM64: 0 | AN64: 0 | AO64: 0 | AP64: 0 | AQ64: 0 | AR64: =SUM(E64:AQ64) -> 14
C65: 8. YOVI ADHITYA WARDANI | E65: 1 | F65: 1 | G65: 0 | H65: 0 | I65: 0 | J65: 1 | K65: 2 | L65: 1 | M65: 1 | N65: 1 | O65: 1 | P65: 0 | Q65: 1 | R65: 0 | S65: 0 | T65: 0 | U65: 0 | V65: 0 | W65: 1 | X65: 0 | Y65: 0 | Z65: 1 | AA65: 0 | AB65: 1 | AC65: 0 | AD65: 0 | AE65: 0 | AF65: 0 | AG65: 0 | AH65: 0 | AI65: 1 | AJ65: 1 | AK65: 0 | AL65: 0 | AM65: 0 | AN65: 0 | AO65: 0 | AP65: 0 | AQ65: 0 | AR65: =SUM(E65:AQ65) -> 15
C66: 9. RITA AMELIA | E66: 1 | F66: 2 | G66: 0 | H66: 1 | I66: 1 | J66: 0 | K66: 2 | L66: 0 | M66: 0 | N66: 1 | O66: 2 | P66: 1 | Q66: 0 | R66: 0 | S66: 1 | T66: 0 | U66: 1 | V66: 0 | W66: 1 | X66: 1 | Y66: 0 | Z66: 0 | AA66: 0 | AB66: 0 | AC66: 0 | AD66: 0 | AE66: 0 | AF66: 0 | AG66: 0 | AH66: 0 | AI66: 0 | AJ66: 0 | AK66: 0 | AL66: 1 | AM66: 0 | AN66: 0 | AO66: 0 | AP66: 0 | AQ66: 0 | AR66: =SUM(E66:AQ66) -> 16
A67: B | B67: JUMLAH SUARA SAH PARTAI POLITIK DAN CALON (A1 + A2) | E67: =SUM(E57:E66) -> 66 | F67: =SUM(F57:F66) -> 70 | G67: =SUM(G57:G66) -> 34 | H67: =SUM(H57:H66) -> 48 | I67: =SUM(I57:I66) -> 41 | J67: =SUM(J57:J66) -> 29 | K67: =SUM(K57:K66) -> 59 | L67: =SUM(L57:L66) -> 36 | ... AR67: =SUM(AR57:AR66) -> 1412
A69: A.1 | B69: 3. | C69: Partai Demokrasi Indonesia Perjuangan | E69: 7 | F69: 10 | G69: 4 | H69: 7 | I69: 9 | J69: 5 | K69: 6 | L69: 3 | M69: 4 | N69: 3 | O69: 4 | P69: 5 | Q69: 2 | R69: 6 | S69: 8 | T69: 5 | U69: 5 | V69: 6 | W69: 3 | X69: 8 | Y69: 11 | Z69: 9 | AA69: 11 | AB69: 8 | AC69: 7 | AD69: 1 | AE69: 8 | AF69: 11 | AG69: 6 | AH69: 13 | AI69: 12 | AJ69: 11 | AK69: 10 | AL69: 7 | AM69: 11 | AN69: 4 | AO69: 11 | AP69: 5 | AQ69: 1 | AR69: =SUM(E69:AQ69) -> 267
A70: A.2 | C70: 1. MARTIN H., S.H., M.H. | E70: 4 | F70: 8 | G70: 5 | H70: 9 | I70: 7 | J70: 2 | K70: 1 | L70: 2 | M70: 2 | N70: 2 | O70: 2 | P70: 3 | Q70: 2 | R70: 5 | S70: 7 | T70: 3 | U70: 0 | V70: 4 | W70: 3 | X70: 4 | Y70: 8 | Z70: 11 | AA70: 3 | AB70: 6 | AC70: 11 | AD70: 12 | AE70: 6 | AF70: 6 | AG70: 4 | AH70: 10 | AI70: 13 | AJ70: 9 | AK70: 7 | AL70: 12 | AM70: 12 | AN70: 14 | AO70: 9 | AP70: 6 | AQ70: 7 | AR70: =SUM(E70:AQ70) -> 241
C71: 2. HERMANTO, S.E. | E71: 5 | F71: 6 | G71: 2 | H71: 6 | I71: 11 | J71: 1 | K71: 0 | L71: 4 | M71: 3 | N71: 2 | O71: 5 | P71: 4 | Q71: 4 | R71: 2 | S71: 9 | T71: 1 | U71: 6 | V71: 5 | W71: 1 | X71: 3 | Y71: 2 | Z71: 2 | AA71: 0 | AB71: 6 | AC71: 19 | AD71: 4 | AE71: 4 | AF71: 4 | AG71: 3 | AH71: 3 | AI71: 4 | AJ71: 9 | AK71: 9 | AL71: 2 | AM71: 5 | AN71: 3 | AO71: 4 | AP71: 1 | AQ71: 1 | AR71: =SUM(E71:AQ71) -> 165
C72: 3. EVY SUSILAWATI, S.E., M.M. | E72: 2 | F72: 1 | G72: 2 | H72: 1 | I72: 3 | J72: 0 | K72: 1 | L72: 1 | M72: 5 | N72: 2 | O72: 0 | P72: 0 | Q72: 0 | R72: 1 | S72: 7 | T72: 0 | U72: 0 | V72: 2 | W72: 2 | X72: 1 | Y72: 7 | Z72: 10 | AA72: 1 | AB72: 6 | AC72: 2 | AD72: 1 | AE72: 1 | AF72: 0 | AG72: 2 | AH72: 2 | AI72: 2 | AJ72: 2 | AK72: 2 | AL72: 0 | AM72: 4 | AN72: 1 | AO72: 0 | AP72: 2 | AQ72: 1 | AR72: =SUM(E72:AQ72) -> 77
C73: 4. M. SIROTTUDIN | E73: 2 | F73: 5 | G73: 16 | H73: 10 | I73: 10 | J73: 8 | K73: 2 | L73: 17 | M73: 4 | N73: 7 | O73: 34 | P73: 6 | Q73: 5 | R73: 2 | S73: 11 | T73: 0 | U73: 4 | V73: 9 | W73: 20 | X73: 7 | Y73: 27 | Z73: 21 | AA73: 17 | AB73: 9 | AC73: 20 | AD73: 21 | AE73: 1 | AF73: 15 | AG73: 12 | AH73: 24 | AI73: 5 | AJ73: 31 | AK73: 25 | AL73: 13 | AM73: 15 | AN73: 11 | AO73: 19 | AP73: 19 | AQ73: 4 | AR73: =SUM(E73:AQ73) -> 488
C74: 5. ABDUL HAFID, S.H. | E74: 0 | F74: 1 | G74: 1 | H74: 2 | I74: 0 | J74: 0 | K74: 0 | L74: 0 | M74: 1 | N74: 0 | O74: 0 | P74: 0 | Q74: 0 | R74: 0 | S74: 2 | T74: 0 | U74: 1 | V74: 0 | W74: 2 | X74: 2 | Y74: 0 | Z74: 0 | AA74: 0 | AB74: 1 | AC74: 0 | AD74: 0 | AE74: 1 | AF74: 0 | AG74: 0 | AH74: 1 | AI74: 1 | AJ74: 2 | AK74: 1 | AL74: 0 | AM74: 1 | AN74: 1 | AO74: 0 | AP74: 0 | AQ74: 1 | AR74: =SUM(E74:AQ74) -> 22
C75: 6. NIKITA FORTUNA SURYANINGATI, A.Md.Keb. | E75: 1 | F75: 1 | G75: 3 | H75: 0 | I75: 0 | J75: 0 | K75: 0 | L75: 1 | M75: 0 | N75: 0 | O75: 0 | P75: 1 | Q75: 0 | R75: 1 | S75: 0 | T75: 0 | U75: 0 | V75: 1 | W75: 0 | X75: 1 | Y75: 0 | Z75: 0 | AA75: 0 | AB75: 0 | AC75: 0 | AD75: 0 | AE75: 1 | AF75: 0 | AG75: 0 | AH75: 1 | AI75: 0 | AJ75: 0 | AK75: 1 | AL75: 1 | AM75: 0 | AN75: 0 | AO75: 0 | AP75: 0 | AQ75: 1 | AR75: =SUM(E75:AQ75) -> 15
C76: 7. YUDHO ILHAM WIJAYA, S.E. | E76: 0 | F76: 1 | G76: 0 | H76: 0 | I76: 0 | J76: 0 | K76: 1 | L76: 0 | M76: 0 | N76: 0 | O76: 0 | P76: 1 | Q76: 0 | R76: 0 | S76: 0 | T76: 1 | U76: 0 | V76: 1 | W76: 0 | X76: 0 | Y76: 0 | Z76: 0 | AA76: 0 | AB76: 0 | AC76: 1 | AD76: 0 | AE76: 0 | AF76: 0 | AG76: 1 | AH76: 0 | AI76: 0 | AJ76: 2 | AK76: 0 | AL76: 0 | AM76: 1 | AN76: 1 | AO76: 0 | AP76: 0 | AQ76: 4 | AR76: =SUM(E76:AQ76) -> 15
C77: 8. SETIAWATI, S.H. | E77: 1 | F77: 2 | G77: 0 | H77: 0 | I77: 0 | J77: 1 | K77: 1 | L77: 0 | M77: 0 | N77: 0 | O77: 1 | P77: 0 | Q77: 0 | R77: 0 | S77: 1 | T77: 0 | U77: 1 | V77: 0 | W77: 1 | X77: 0 | Y77: 0 | Z77: 1 | AA77: 1 | AB77: 1 | AC77: 1 | AD77: 0 | AE77: 0 | AF77: 0 | AG77: 0 | AH77: 0 | AI77: 0 | AJ77: 0 | AK77: 0 | AL77: 0 | AM77: 0 | AN77: 0 | AO77: 0 | AP77: 0 | AQ77: 0 | AR77: =SUM(E77:AQ77) -> 13
C78: 9. EKO BUDI SANTOSO, S.H. | E78: 1 | F78: 1 | G78: 0 | H78: 0 | I78: 0 | J78: 0 | K78: 0 | L78: 0 | M78: 0 | N78: 0 | O78: 0 | P78: 0 | Q78: 1 | R78: 0 | S78: 0 | T78: 0 | U78: 0 | V78: 1 | W78: 0 | X78: 0 | Y78: 1 | Z78: 1 | AA78: 0 | AB78: 0 | AC78: 2 | AD78: 0 | AE78: 0 | AF78: 0 | AG78: 0 | AH78: 0 | AI78: 1 | AJ78: 0 | AK78: 0 | AL78: 0 | AM78: 1 | AN78: 0 | AO78: 1 | AP78: 0 | AQ78: 1 | AR78: =SUM(E78:AQ78) -> 12
A79: B | B79: JUMLAH SUARA SAH PARTAI POLITIK DAN CALON (A1 + A2) | E79: =SUM(E69:E78) -> 23 | F79: =SUM(F69:F78) -> 36 | G79: =SUM(G69:G78) -> 33 | H79: =SUM(H69:H78) -> 35 | I79: =SUM(I69:I78) -> 40 | J79: =SUM(J69:J78) -> 17 | K79: =SUM(K69:K78) -> 12 | L79: =SUM(L69:L78) -> 28 | ... AR79: =SUM(AR69:AR78) -> 1315
A81: A.1 | B81: 4. | C81: Partai Golongan Karya | E81: 22 | F81: 6 | G81: 2 | H81: 2 | I81: 10 | J81: 13 | K81: 3 | L81: 0 | M81: 0 | N81: 4 | O81: 3 | P81: 2 | Q81: 5 | R81: 20 | S81: 2 | T81: 21 | U81: 6 | V81: 19 | W81: 4 | X81: 14 | Y81: 2 | Z81: 0 | AA81: 13 | AB81: 5 | AC81: 8 | AD81: 0 | AE81: 13 | AF81: 6 | AG81: 8 | AH81: 10 | AI81: 10 | AJ81: 6 | AK81: 5 | AL81: 3 | AM81: 10 | AN81: 4 | AO81: 1 | AP81: 2 | AQ81: 0 | AR81: =SUM(E81:AQ81) -> 264
A82: A.2 | C82: 1. PRANAYA YUDHA MAHARDHIKA | E82: 13 | F82: 4 | G82: 7 | H82: 6 | I82: 7 | J82: 47 | K82: 2 | L82: 0 | M82: 3 | N82: 4 | O82: 17 | P82: 2 | Q82: 5 | R82: 40 | S82: 10 | T82: 79 | U82: 11 | V82: 76 | W82: 17 | X82: 26 | Y82: 2 | Z82: 8 | AA82: 37 | AB82: 62 | AC82: 11 | AD82: 4 | AE82: 16 | AF82: 48 | AG82: 42 | AH82: 35 | AI82: 31 | AJ82: 6 | AK82: 9 | AL82: 6 | AM82: 2 | AN82: 23 | AO82: 1 | AP82: 7 | AQ82: 1 | AR82: =SUM(E82:AQ82) -> 727
C83: 2. Dra. Ec. ENDANG SULASTUTY, M.I.P. | E83: 4 | F83: 2 | G83: 0 | H83: 2 | I83: 4 | J83: 3 | K83: 1 | L83: 0 | M83: 1 | N83: 1 | O83: 3 | P83: 0 | Q83: 2 | R83: 4 | S83: 3 | T83: 4 | U83: 2 | V83: 1 | W83: 0 | X83: 4 | Y83: 0 | Z83: 2 | AA83: 1 | AB83: 1 | AC83: 3 | AD83: 1 | AE83: 7 | AF83: 1 | AG83: 1 | AH83: 1 | AI83: 7 | AJ83: 2 | AK83: 5 | AL83: 0 | AM83: 5 | AN83: 2 | AO83: 1 | AP83: 0 | AQ83: 0 | AR83: =SUM(E83:AQ83) -> 81
C84: 3. AGUS REJEKI WARTONO | E84: 4 | F84: 0 | G84: 0 | H84: 1 | I84: 1 | J84: 1 | K84: 1 | L84: 0 | M84: 1 | N84: 0 | O84: 0 | P84: 0 | Q84: 1 | R84: 0 | S84: 0 | T84: 0 | U84: 1 | V84: 2 | W84: 1 | X84: 0 | Y84: 0 | Z84: 0 | AA84: 1 | AB84: 1 | AC84: 1 | AD84: 0 | AE84: 3 | AF84: 1 | AG84: 0 | AH84: 1 | AI84: 1 | AJ84: 2 | AK84: 0 | AL84: 0 | AM84: 1 | AN84: 1 | AO84: 0 | AP84: 0 | AQ84: 0 | AR84: =SUM(E84:AQ84) -> 27
C85: 4. Hj. TUTUK ASMA'A ZUCHROH, S.T., M.T. | E85: 6 | F85: 0 | G85: 1 | H85: 1 | I85: 1 | J85: 1 | K85: 1 | L85: 1 | M85: 0 | N85: 0 | O85: 3 | P85: 0 | Q85: 1 | R85: 2 | S85: 0 | T85: 3 | U85: 3 | V85: 1 | W85: 1 | X85: 2 | Y85: 0 | Z85: 0 | AA85: 2 | AB85: 1 | AC85: 3 | AD85: 0 | AE85: 0 | AF85: 1 | AG85: 0 | AH85: 1 | AI85: 0 | AJ85: 1 | AK85: 6 | AL85: 2 | AM85: 1 | AN85: 0 | AO85: 1 | AP85: 0 | AQ85: 0 | AR85: =SUM(E85:AQ85) -> 47
C86: 5. ADE M. RIZKI, S.E. | E86: 6 | F86: 1 | G86: 3 | H86: 5 | I86: 0 | J86: 1 | K86: 0 | L86: 0 | M86: 1 | N86: 3 | O86: 0 | P86: 1 | Q86: 0 | R86: 0 | S86: 1 | T86: 0 | U86: 0 | V86: 0 | W86: 1 | X86: 0 | Y86: 0 | Z86: 2 | AA86: 1 | AB86: 0 | AC86: 1 | AD86: 0 | AE86: 0 | AF86: 0 | AG86: 0 | AH86: 0 | AI86: 0 | AJ86: 2 | AK86: 0 | AL86: 0 | AM86: 1 | AN86: 0 | AO86: 1 | AP86: 1 | AQ86: 0 | AR86: =SUM(E86:AQ86) -> 32
C87: 6. ABDURAKHMAN, Bc.Kn. | E87: 2 | F87: 1 | G87: 0 | H87: 0 | I87: 0 | J87: 0 | K87: 0 | L87: 1 | M87: 0 | N87: 0 | O87: 0 | P87: 0 | Q87: 0 | R87: 0 | S87: 2 | T87: 0 | U87: 3 | V87: 0 | W87: 0 | X87: 0 | Y87: 0 | Z87: 1 | AA87: 0 | AB87: 0 | AC87: 0 | AD87: 0 | AE87: 1 | AF87: 0 | AG87: 0 | AH87: 0 | AI87: 1 | AJ87: 0 | AK87: 0 | AL87: 1 | AM87: 0 | AN87: 0 | AO87: 0 | AP87: 0 | AQ87: 0 | AR87: =SUM(E87:AQ87) -> 13
C88: 7. CENDY RHIYAN ADI PUTRI | E88: 0 | F88: 0 | G88: 0 | H88: 0 | I88: 0 | J88: 0 | K88: 0 | L88: 0 | M88: 0 | N88: 0 | O88: 0 | P88: 0 | Q88: 0 | R88: 0 | S88: 0 | T88: 0 | U88: 0 | V88: 0 | W88: 0 | X88: 0 | Y88: 0 | Z88: 0 | AA88: 0 | AB88: 1 | AC88: 0 | AD88: 0 | AE88: 0 | AF88: 0 | AG88: 0 | AH88: 0 | AI88: 1 | AJ88: 1 | AK88: 1 | AL88: 0 | AM88: 0 | AN88: 0 | AO88: 0 | AP88: 0 | AQ88: 0 | AR88: =SUM(E88:AQ88) -> 4
C89: 8. BAKTI WIJAYANTO, S.E. | E89: 0 | F89: 0 | G89: 0 | H89: 0 | I89: 0 | J89: 0 | K89: 0 | L89: 1 | M89: 0 | N89: 0 | O89: 0 | P89: 0 | Q89: 0 | R89: 0 | S89: 0 | T89: 0 | U89: 1 | V89: 0 | W89: 0 | X89: 0 | Y89: 0 | Z89: 0 | AA89: 0 | AB89: 0 | AC89: 0 | AD89: 0 | AE89: 0 | AF89: 0 | AG89: 0 | AH89: 0 | AI89: 0 | AJ89: 0 | AK89: 0 | AL89: 0 | AM89: 0 | AN89: 0 | AO89: 0 | AP89: 0 | AQ89: 0 | AR89: =SUM(E89:AQ89) -> 2
C90: 9. AHMAD UBAIDILLAH | E90: 5 | F90: 0 | G90: 0 | H90: 0 | I90: 0 | J90: 0 | K90: 0 | L90: 1 | M90: 0 | N90: 0 | O90: 0 | P90: 0 | Q90: 1 | R90: 1 | S90: 0 | T90: 0 | U90: 0 | V90: 0 | W90: 0 | X90: 0 | Y90: 0 | Z90: 0 | AA90: 0 | AB90: 0 | AC90: 0 | AD90: 0 | AE90: 0 | AF90: 0 | AG90: 0 | AH90: 0 | AI90: 0 | AJ90: 0 | AK90: 0 | AL90: 0 | AM90: 0 | AN90: 0 | AO90: 0 | AP90: 0 | AQ90: 0 | AR90: =SUM(E90:AQ90) -> 8
A91: B | B91: JUMLAH SUARA SAH PARTAI POLITIK DAN CALON (A1 + A2) | E91: =SUM(E81:E90) -> 62 | F91: =SUM(F81:F90) -> 14 | G91: =SUM(G81:G90) -> 13 | H91: =SUM(H81:H90) -> 17 | I91: =SUM(I81:I90) -> 23 | J91: =SUM(J81:J90) -> 66 | K91: =SUM(K81:K90) -> 8 | L91: =SUM(L81:L90) -> 4 | ... AR91: =SUM(AR81:AR90) -> 1205
A93: A.1 | B93: 5. | C93: Partai NasDem | E93: 4 | F93: 3 | G93: 2 | H93: 1 | I93: 2 | J93: 1 | K93: 3 | L93: 0 | M93: 2 | N93: 0 | O93: 2 | P93: 3 | Q93: 4 | R93: 2 | S93: 1 | T93: 3 | U93: 1 | V93: 5 | W93: 4 | X93: 3 | Y93: 5 | Z93: 2 | AA93: 3 | AB93: 2 | AC93: 7 | AD93: 3 | AE93: 3 | AF93: 1 | AG93: 3 | AH93: 1 | AI93: 2 | AJ93: 1 | AK93: 5 | AL93: 0 | AM93: 1 | AN93: 1 | AO93: 1 | AP93: 1 | AQ93: 1 | AR93: =SUM(E93:AQ93) -> 89
A94: A.2 | C94: 1. ALI MUSTOFA, A.Md. | E94: 0 | F94: 6 | G94: 0 | H94: 2 | I94: 0 | J94: 4 | K94: 3 | L94: 1 | M94: 2 | N94: 4 | O94: 4 | P94: 1 | Q94: 1 | R94: 4 | S94: 4 | T94: 2 | U94: 1 | V94: 2 | W94: 2 | X94: 10 | Y94: 13 | Z94: 5 | AA94: 2 | AB94: 12 | AC94: 16 | AD94: 11 | AE94: 5 | AF94: 2 | AG94: 2 | AH94: 0 | AI94: 4 | AJ94: 0 | AK94: 11 | AL94: 5 | AM94: 4 | AN94: 1 | AO94: 1 | AP94: 10 | AQ94: 1 | AR94: =SUM(E94:AQ94) -> 158
C95: 2. Hj. BUAMI, S.H. | E95: 0 | F95: 0 | G95: 0 | H95: 0 | I95: 0 | J95: 0 | K95: 0 | L95: 0 | M95: 0 | N95: 0 | O95: 2 | P95: 1 | Q95: 0 | R95: 1 | S95: 1 | T95: 0 | U95: 0 | V95: 2 | W95: 0 | X95: 2 | Y95: 3 | Z95: 2 | AA95: 0 | AB95: 0 | AC95: 1 | AD95: 3 | AE95: 3 | AF95: 0 | AG95: 0 | AH95: 0 | AI95: 0 | AJ95: 0 | AK95: 1 | AL95: 1 | AM95: 1 | AN95: 0 | AO95: 0 | AP95: 3 | AQ95: 0 | AR95: =SUM(E95:AQ95) -> 27
C96: 3. SUGIONO, S.H. | E96: 0 | F96: 0 | G96: 0 | H96: 0 | I96: 0 | J96: 0 | K96: 0 | L96: 0 | M96: 1 | N96: 0 | O96: 0 | P96: 0 | Q96: 0 | R96: 0 | S96: 0 | T96: 0 | U96: 0 | V96: 0 | W96: 1 | X96: 0 | Y96: 2 | Z96: 0 | AA96: 0 | AB96: 0 | AC96: 2 | AD96: 0 | AE96: 1 | AF96: 2 | AG96: 0 | AH96: 0 | AI96: 0 | AJ96: 0 | AK96: 1 | AL96: 1 | AM96: 0 | AN96: 0 | AO96: 0 | AP96: 0 | AQ96: 0 | AR96: =SUM(E96:AQ96) -> 11
C97: 4. LULUK SUNARMIATININGSIH | E97: 0 | F97: 0 | G97: 1 | H97: 0 | I97: 1 | J97: 0 | K97: 0 | L97: 0 | M97: 0 | N97: 1 | O97: 0 | P97: 0 | Q97: 0 | R97: 0 | S97: 2 | T97: 0 | U97: 1 | V97: 1 | W97: 1 | X97: 2 | Y97: 1 | Z97: 1 | AA97: 0 | AB97: 0 | AC97: 1 | AD97: 0 | AE97: 1 | AF97: 0 | AG97: 0 | AH97: 0 | AI97: 0 | AJ97: 0 | AK97: 0 | AL97: 0 | AM97: 0 | AN97: 0 | AO97: 0 | AP97: 0 | AQ97: 0 | AR97: =SUM(E97:AQ97) -> 14
C98: 5. ANTON DJULIANTO ADI | E98: 0 | F98: 2 | G98: 0 | H98: 1 | I98: 1 | J98: 1 | K98: 0 | L98: 0 | M98: 0 | N98: 0 | O98: 0 | P98: 0 | Q98: 1 | R98: 0 | S98: 1 | T98: 0 | U98: 0 | V98: 0 | W98: 0 | X98: 0 | Y98: 0 | Z98: 1 | AA98: 0 | AB98: 0 | AC98: 0 | AD98: 1 | AE98: 0 | AF98: 0 | AG98: 0 | AH98: 0 | AI98: 0 | AJ98: 0 | AK98: 2 | AL98: 0 | AM98: 0 | AN98: 0 | AO98: 0 | AP98: 0 | AQ98: 0 | AR98: =SUM(E98:AQ98) -> 11
C99: 6. MOKHAMAD ROFI'I KHUSNAN | E99: 0 | F99: 1 | G99: 0 | H99: 0 | I99: 0 | J99: 2 | K99: 0 | L99: 0 | M99: 0 | N99: 0 | O99: 0 | P99: 0 | Q99: 0 | R99: 2 | S99: 0 | T99: 1 | U99: 0 | V99: 0 | W99: 0 | X99: 0 | Y99: 0 | Z99: 0 | AA99: 1 | AB99: 0 | AC99: 0 | AD99: 1 | AE99: 0 | AF99: 0 | AG99: 0 | AH99: 0 | AI99: 2 | AJ99: 0 | AK99: 0 | AL99: 0 | AM99: 0 | AN99: 0 | AO99: 0 | AP99: 1 | AQ99: 0 | AR99: =SUM(E99:AQ99) -> 11
C100: 7. Rr SETYO WATI | E100: 0 | F100: 0 | G100: 0 | H100: 0 | I100: 0 | J100: 0 | K100: 1 | L100: 0 | M100: 0 | N100: 0 | O100: 0 | P100: 0 | Q100: 0 | R100: 0 | S100: 0 | T100: 0 | U100: 0 | V100: 0 | W100: 0 | X100: 0 | Y100: 0 | Z100: 0 | AA100: 0 | AB100: 0 | AC100: 0 | AD100: 0 | AE100: 0 | AF100: 0 | AG100: 0 | AH100: 0 | AI100: 0 | AJ100: 0 | AK100: 0 | AL100: 0 | AM100: 0 | AN100: 0 | AO100: 0 | AP100: 0 | AQ100: 0 | AR100: =SUM(E100:AQ100) -> 1
C101: 8. ABD. KADIR ASSEGAFF | E101: 0 | F101: 0 | G101: 0 | H101: 1 | I101: 0 | J101: 0 | K101: 0 | L101: 0 | M101: 0 | N101: 0 | O101: 0 | P101: 0 | Q101: 0 | R101: 0 | S101: 0 | T101: 0 | U101: 0 | V101: 0 | W101: 0 | X101: 0 | Y101: 0 | Z101: 0 | AA101: 0 | AB101: 0 | AC101: 0 | AD101: 0 | AE101: 0 | AF101: 0 | AG101: 0 | AH101: 0 | AI101: 0 | AJ101: 0 | AK101: 0 | AL101: 0 | AM101: 0 | AN101: 0 | AO101: 0 | AP101: 1 | AQ101: 0 | AR101: =SUM(E101:AQ101) -> 2
C102: 9. FATHOR ZAINULLAH | E102: 0 | F102: 0 | G102: 0 | H102: 0 | I102: 0 | J102: 0 | K102: 0 | L102: 0 | M102: 0 | N102: 0 | O102: 0 | P102: 0 | Q102: 0 | R102: 0 | S102: 0 | T102: 0 | U102: 0 | V102: 0 | W102: 0 | X102: 0 | Y102: 0 | Z102: 0 | AA102: 0 | AB102: 0 | AC102: 0 | AD102: 0 | AE102: 0 | AF102: 0 | AG102: 0 | AH102: 0 | AI102: 0 | AJ102: 0 | AK102: 0 | AL102: 0 | AM102: 0 | AN102: 0 | AO102: 0 | AP102: 0 | AQ102: 0 | AR102: =SUM(E102:AQ102) -> 0
A103: B | B103: JUMLAH SUARA SAH PARTAI POLITIK DAN CALON (A1 + A2) | E103: =SUM(E93:E102) -> 4 | F103: =SUM(F93:F102) -> 12 | G103: =SUM(G93:G102) -> 3 | H103: =SUM(H93:H102) -> 5 | I103: =SUM(I93:I102) -> 4 | J103: =SUM(J93:J102) -> 8 | K103: =SUM(K93:K102) -> 7 | L103: =SUM(L93:L102) -> 1 | ... AR103: =SUM(AR93:AR102) -> 324
A105: A.1 | B105: 6. | C105: Partai Buruh | E105: 1 | F105: 2 | G105: 0 | H105: 1 | I105: 0 | J105: 1 | K105: 1 | L105: 2 | M105: 2 | N105: 0 | O105: 0 | P105: 0 | Q105: 0 | R105: 0 | S105: 5 | T105: 1 | U105: 2 | V105: 0 | W105: 0 | X105: 4 | Y105: 1 | Z105: 0 | AA105: 1 | AB105: 1 | AC105: 1 | AD105: 0 | AE105: 0 | AF105: 0 | AG105: 1 | AH105: 1 | AI105: 0 | AJ105: 0 | AK105: 0 | AL105: 4 | AM105: 0 | AN105: 0 | AO105: 0 | AP105: 0 | AQ105: 0 | AR105: =SUM(E105:AQ105) -> 32
A106: A.2 | C106: 1. AGUS SUPRIYADI | E106: 0 | F106: 0 | G106: 1 | H106: 0 | I106: 0 | J106: 0 | K106: 0 | L106: 1 | M106: 0 | N106: 0 | O106: 0 | P106: 0 | Q106: 0 | R106: 0 | S106: 0 | T106: 1 | U106: 1 | V106: 0 | W106: 0 | X106: 0 | Y106: 1 | Z106: 0 | AA106: 0 | AB106: 0 | AC106: 0 | AD106: 1 | AE106: 1 | AF106: 0 | AG106: 0 | AH106: 0 | AI106: 0 | AJ106: 1 | AK106: 1 | AL106: 0 | AM106: 0 | AN106: 0 | AO106: 0 | AP106: 1 | AQ106: 0 | AR106: =SUM(E106:AQ106) -> 10
C107: 2. ENI HARIATI | E107: 0 | F107: 0 | G107: 1 | H107: 0 | I107: 0 | J107: 1 | K107: 0 | L107: 0 | M107: 0 | N107: 0 | O107: 0 | P107: 0 | Q107: 1 | R107: 0 | S107: 1 | T107: 0 | U107: 0 | V107: 0 | W107: 0 | X107: 1 | Y107: 0 | Z107: 0 | AA107: 1 | AB107: 0 | AC107: 0 | AD107: 0 | AE107: 0 | AF107: 0 | AG107: 0 | AH107: 0 | AI107: 0 | AJ107: 0 | AK107: 0 | AL107: 1 | AM107: 0 | AN107: 0 | AO107: 0 | AP107: 0 | AQ107: 0 | AR107: =SUM(E107:AQ107) -> 7
A108: B | B108: JUMLAH SUARA SAH PARTAI POLITIK DAN CALON (A1 + A2) | E108: =SUM(E105:E107) -> 1 | F108: =SUM(F105:F107) -> 2 | G108: =SUM(G105:G107) -> 2 | H108: =SUM(H105:H107) -> 1 | I108: =SUM(I105:I107) -> 0 | J108: =SUM(J105:J107) -> 2 | K108: =SUM(K105:K107) -> 1 | L108: =SUM(L105:L107) -> 3 | ... AR108: =SUM(AR105:AR107) -> 49
A110: A.1 | B110: 7. | C110: Partai Gelombang Rakyat Indonesia | E110: 0 | F110: 0 | G110: 0 | H110: 1 | I110: 0 | J110: 0 | K110: 2 | L110: 0 | M110: 1 | N110: 0 | O110: 0 | P110: 0 | Q110: 1 | R110: 0 | S110: 0 | T110: 1 | U110: 1 | V110: 1 | W110: 0 | X110: 1 | Y110: 0 | Z110: 1 | AA110: 2 | AB110: 0 | AC110: 0 | AD110: 1 | AE110: 1 | AF110: 0 | AG110: 0 | AH110: 2 | AI110: 1 | AJ110: 2 | AK110: 1 | AL110: 0 | AM110: 1 | AN110: 2 | AO110: 2 | AP110: 0 | AQ110: 0 | AR110: =SUM(E110:AQ110) -> 25
A111: A.2 | C111: 1. MIRZA MUHROSNI AROMA | E111: 0 | F111: 0 | G111: 0 | H111: 0 | I111: 0 | J111: 0 | K111: 0 | L111: 0 | M111: 0 | N111: 0 | O111: 0 | P111: 0 | Q111: 0 | R111: 2 | S111: 1 | T111: 0 | U111: 0 | V111: 0 | W111: 3 | X111: 0 | Y111: 0 | Z111: 0 | AA111: 0 | AB111: 1 | AC111: 0 | AD111: 0 | AE111: 0 | AF111: 0 | AG111: 0 | AH111: 0 | AI111: 0 | AJ111: 0 | AK111: 0 | AL111: 2 | AM111: 0 | AN111: 0 | AO111: 1 | AP111: 0 | AQ111: 2 | AR111: =SUM(E111:AQ111) -> 12
C112: 2. ACHMAD BAGUS SUGIARTO | E112: 0 | F112: 0 | G112: 0 | H112: 0 | I112: 0 | J112: 0 | K112: 0 | L112: 0 | M112: 0 | N112: 0 | O112: 0 | P112: 0 | Q112: 0 | R112: 0 | S112: 0 | T112: 0 | U112: 0 | V112: 1 | W112: 0 | X112: 0 | Y112: 0 | Z112: 0 | AA112: 0 | AB112: 0 | AC112: 0 | AD112: 0 | AE112: 2 | AF112: 0 | AG112: 0 | AH112: 1 | AI112: 0 | AJ112: 0 | AK112: 0 | AL112: 0 | AM112: 0 | AN112: 0 | AO112: 0 | AP112: 0 | AQ112: 0 | AR112: =SUM(E112:AQ112) -> 4
C113: 3. ELOK FITRIYA NINGSIH | E113: 0 | F113: 0 | G113: 0 | H113: 0 | I113: 0 | J113: 0 | K113: 0 | L113: 0 | M113: 0 | N113: 0 | O113: 0 | P113: 1 | Q113: 0 | R113: 0 | S113: 0 | T113: 1 | U113: 0 | V113: 0 | W113: 0 | X113: 0 | Y113: 0 | Z113: 0 | AA113: 0 | AB113: 0 | AC113: 0 | AD113: 0 | AE113: 0 | AF113: 0 | AG113: 0 | AH113: 0 | AI113: 0 | AJ113: 0 | AK113: 0 | AL113: 0 | AM113: 1 | AN113: 0 | AO113: 0 | AP113: 0 | AQ113: 0 | AR113: =SUM(E113:AQ113) -> 3
C114: 4. MADI | E114: 0 | F114: 0 | G114: 0 | H114: 0 | I114: 0 | J114: 0 | K114: 0 | L114: 0 | M114: 0 | N114: 0 | O114: 0 | P114: 1 | Q114: 0 | R114: 0 | S114: 0 | T114: 0 | U114: 0 | V114: 0 | W114: 0 | X114: 0 | Y114: 0 | Z114: 0 | AA114: 0 | AB114: 0 | AC114: 0 | AD114: 0 | AE114: 0 | AF114: 0 | AG114: 0 | AH114: 0 | AI114: 0 | AJ114: 0 | AK114: 0 | AL114: 0 | AM114: 1 | AN114: 0 | AO114: 0 | AP114: 0 | AQ114: 0 | AR114: =SUM(E114:AQ114) -> 2
C115: 5. LUKY PERMANASARI | E115: 0 | F115: 0 | G115: 0 | H115: 0 | I115: 0 | J115: 0 | K115: 0 | L115: 1 | M115: 0 | N115: 0 | O115: 0 | P115: 0 | Q115: 0 | R115: 0 | S115: 0 | T115: 0 | U115: 0 | V115: 0 | W115: 0 | X115: 0 | Y115: 1 | Z115: 0 | AA115: 0 | AB115: 1 | AC115: 0 | AD115: 0 | AE115: 0 | AF115: 0 | AG115: 0 | AH115: 0 | AI115: 1 | AJ115: 0 | AK115: 0 | AL115: 0 | AM115: 0 | AN115: 0 | AO115: 0 | AP115: 0 | AQ115: 0 | AR115: =SUM(E115:AQ115) -> 4
A116: B | B116: JUMLAH SUARA SAH PARTAI POLITIK DAN CALON (A1 + A2) | E116: =SUM(E110:E115) -> 0 | F116: =SUM(F110:F115) -> 0 | G116: =SUM(G110:G115) -> 0 | H116: =SUM(H110:H115) -> 1 | I116: =SUM(I110:I115) -> 0 | J116: =SUM(J110:J115) -> 0 | K116: =SUM(K110:K115) -> 2 | L116: =SUM(L110:L115) -> 1 | ... AR116: =SUM(AR110:AR115) -> 50
A118: A.1 | B118: 8. | C118: Partai Keadilan Sejahtera | E118: 2 | F118: 1 | G118: 2 | H118: 1 | I118: 10 | J118: 3 | K118: 0 | L118: 0 | M118: 0 | N118: 1 | O118: 1 | P118: 0 | Q118: 2 | R118: 1 | S118: 1 | T118: 0 | U118: 1 | V118: 0 | W118: 0 | X118: 0 | Y118: 2 | Z118: 1 | AA118: 1 | AB118: 1 | AC118: 1 | AD118: 0 | AE118: 4 | AF118: 3 | AG118: 0 | AH118: 0 | AI118: 1 | AJ118: 0 | AK118: 0 | AL118: 1 | AM118: 6 | AN118: 11 | AO118: 7 | AP118: 0 | AQ118: 0 | AR118: =SUM(E118:AQ118) -> 65
...

Sheet KELIR
C2: Kecamatan | D2: KALIPURO
C3: Kabupaten | D3: BANYUWANGI
C4: Provinsi | D4: JAWA TIMUR
C9: Kelurahan | D9: KELIR
A12: I | B12: DATA PEMILIH DAN PENGGUNAAN HAK PILIH | W12: JUMLAH AKHIR
A13: A | B13: DATA PEMILIH | E13: TPS 001 | F13: TPS 002 | G13: TPS 003 | H13: TPS 004 | I13: TPS 005 | J13: TPS 006 | K13: TPS 007 | L13: TPS 008 | M13: TPS 009 | N13: TPS 010 | O13: TPS 011 | P13: TPS 012 | Q13: TPS 013 | R13: TPS 014 | S13: TPS 015 | T13: TPS 016 | U13: TPS 017 | V13: TPS 018
B14: Jumlah Pemilih dalam Daftar Pemilih Tetap (DPT) | D14: LK | E14: 124 | F14: 130 | G14: 115 | H14: 131 | I14: 128 | J14: 128 | K14: 73 | L14: 128 | M14: 117 | N14: 117 | O14: 93 | P14: 139 | Q14: 152 | R14: 142 | S14: 132 | T14: 122 | U14: 115 | V14: 117 | W14: =SUM(E14:V14) -> 2203
D15: PR | E15: 141 | F15: 140 | G15: 124 | H15: 131 | I15: 131 | J15: 141 | K15: 85 | L15: 136 | M15: 113 | N15: 133 | O15: 83 | P15: 148 | Q15: 136 | R15: 134 | S15: 139 | T15: 136 | U15: 122 | V15: 125 | W15: =SUM(E15:V15) -> 2298
D16: JML | E16: =SUM(E14:E15) -> 265 | F16: =SUM(F14:F15) -> 270 | G16: =SUM(G14:G15) -> 239 | H16: =SUM(H14:H15) -> 262 | I16: =SUM(I14:I15) -> 259 | J16: =SUM(J14:J15) -> 269 | K16: =SUM(K14:K15) -> 158 | L16: =SUM(L14:L15) -> 264 | ... V16: =SUM(V14:V15) -> 242 | W16: =SUM(E16:V16) -> 4501
A18: B | B18: PENGGUNA HAK PILIH
B19: 1. | C19: Jumlah pengguna hak pilih dalam Daftar Pemilih Tetap (DPT) | D19: LK | E19: 106 | F19: 108 | G19: 96 | H19: 104 | I19: 100 | J19: 106 | K19: 52 | L19: 112 | M19: 92 | N19: 96 | O19: 72 | P19: 108 | Q19: 117 | R19: 108 | S19: 109 | T19: 104 | U19: 100 | V19: 82 | W19: =SUM(E19:V19) -> 1772
D20: PR | E20: 119 | F20: 120 | G20: 108 | H20: 108 | I20: 106 | J20: 119 | K20: 70 | L20: 115 | M20: 101 | N20: 121 | O20: 63 | P20: 130 | Q20: 111 | R20: 119 | S20: 118 | T20: 117 | U20: 103 | V20: 93 | W20: =SUM(E20:V20) -> 1941
D21: JML | E21: =SUM(E19:E20) -> 225 | F21: =SUM(F19:F20) -> 228 | G21: =SUM(G19:G20) -> 204 | H21: =SUM(H19:H20) -> 212 | I21: =SUM(I19:I20) -> 206 | J21: =SUM(J19:J20) -> 225 | K21: =SUM(K19:K20) -> 122 | L21: =SUM(L19:L20) -> 227 | ... V21: =SUM(V19:V20) -> 175 | W21: =SUM(E21:V21) -> 3713
B22: 2. | C22: Jumlah pengguna hak pilih dalam Daftar Pemilih Tambahan (DPTb) | D22: LK | E22: 0 | F22: 0 | G22: 1 | H22: 0 | I22: 1 | J22: 0 | K22: 1 | L22: 1 | M22: 0 | N22: 0 | O22: 1 | P22: 0 | Q22: 0 | R22: 0 | S22: 1 | T22: 0 | U22: 1 | V22: 0 | W22: =SUM(E22:V22) -> 7
D23: PR | E23: 0 | F23: 1 | G23: 0 | H23: 1 | I23: 0 | J23: 1 | K23: 0 | L23: 0 | M23: 0 | N23: 2 | O23: 0 | P23: 1 | Q23: 0 | R23: 1 | S23: 0 | T23: 1 | U23: 2 | V23: 0 | W23: =SUM(E23:V23) -> 10
D24: JML | E24: =SUM(E22:E23) -> 0 | F24: =SUM(F22:F23) -> 1 | G24: =SUM(G22:G23) -> 1 | H24: =SUM(H22:H23) -> 1 | I24: =SUM(I22:I23) -> 1 | J24: =SUM(J22:J23) -> 1 | K24: =SUM(K22:K23) -> 1 | L24: =SUM(L22:L23) -> 1 | ... V24: =SUM(V22:V23) -> 0 | W24: =SUM(E24:V24) -> 17
B25: 3. | C25: Jumlah pengguna hak pilih dalam Daftar Pemilih Khusus (DPK) | D25: LK | E25: 1 | F25: 1 | G25: 1 | H25: 1 | I25: 0 | J25: 2 | K25: 4 | L25: 0 | M25: 0 | N25: 1 | O25: 2 | P25: 4 | Q25: 0 | R25: 0 | S25: 0 | T25: 0 | U25: 1 | V25: 7 | W25: =SUM(E25:V25) -> 25
D26: PR | E26: 2 | F26: 2 | G26: 1 | H26: 1 | I26: 1 | J26: 1 | K26: 3 | L26: 0 | M26: 0 | N26: 1 | O26: 2 | P26: 7 | Q26: 1 | R26: 0 | S26: 1 | T26: 2 | U26: 3 | V26: 6 | W26: =SUM(E26:V26) -> 34
D27: JML | E27: =SUM(E25:E26) -> 3 | F27: =SUM(F25:F26) -> 3 | G27: =SUM(G25:G26) -> 2 | H27: =SUM(H25:H26) -> 2 | I27: =SUM(I25:I26) -> 1 | J27: =SUM(J25:J26) -> 3 | K27: =SUM(K25:K26) -> 7 | L27: =SUM(L25:L26) -> 0 | ... V27: =SUM(V25:V26) -> 13 | W27: =SUM(E27:V27) -> 59
B28: 4. | C28: Jumlah Pengguna Hak Pilih (B.1+B.2+B.3) | D28: LK | E28: =SUM(E19,E22,E25) -> 107 | F28: =SUM(F19,F22,F25) -> 109 | G28: =SUM(G19,G22,G25) -> 98 | H28: =SUM(H19,H22,H25) -> 105 | I28: =SUM(I19,I22,I25) -> 101 | J28: =SUM(J19,J22,J25) -> 108 | K28: =SUM(K19,K22,K25) -> 57 | L28: =SUM(L19,L22,L25) -> 113 | ... V28: =SUM(V19,V22,V25) -> 89 | W28: =SUM(E28:V28) -> 1804
D29: PR | E29: =SUM(E20,E23,E26) -> 121 | F29: =SUM(F20,F23,F26) -> 123 | G29: =SUM(G20,G23,G26) -> 109 | H29: =SUM(H20,H23,H26) -> 110 | I29: =SUM(I20,I23,I26) -> 107 | J29: =SUM(J20,J23,J26) -> 121 | K29: =SUM(K20,K23,K26) -> 73 | L29: =SUM(L20,L23,L26) -> 115 | ... V29: =SUM(V20,V23,V26) -> 99 | W29: =SUM(E29:V29) -> 1985
D30: JML | E30: =SUM(E28:E29) -> 228 | F30: =SUM(F28:F29) -> 232 | G30: =SUM(G28:G29) -> 207 | H30: =SUM(H28:H29) -> 215 | I30: =SUM(I28:I29) -> 208 | J30: =SUM(J28:J29) -> 229 | K30: =SUM(K28:K29) -> 130 | L30: =SUM(L28:L29) -> 228 | ... V30: =SUM(V28:V29) -> 188 | W30: =SUM(E30:V30) -> 3789
A32: II | B32: DATA PENGGUNAAN SURAT SUARA
A33: 1 | B33: Jumlah surat suara yang diterima, termasuk surat suara cadangan 2,5% dari DPT | E33: 271 | F33: 276 | G33: 244 | H33: 268 | I33: 264 | J33: 275 | K33: 162 | L33: 270 | M33: 235 | N33: 255 | O33: 180 | P33: 293 | Q33: 294 | R33: 284 | S33: 277 | T33: 264 | U33: 242 | V33: 247 | W33: =SUM(E33:V33) -> 4601
A34: 2 | B34: Jumlah surat suara yang digunakan | E34: 228 | F34: 232 | G34: 207 | H34: 215 | I34: 208 | J34: 229 | K34: 130 | L34: 228 | M34: 193 | N34: 221 | O34: 140 | P34: 250 | Q34: 229 | R34: 228 | S34: 229 | T34: 224 | U34: 210 | V34: 188 | W34: =SUM(E34:V34) -> 3789
A35: 3 | B35: Jumlah surat suara dikembalikan oleh pemilih (karena rusak atau keliru coblos) | O35: 1 | U35: 2 | W35: =SUM(E35:V35) -> 3
A36: 4 | B36: Jumlah surat suara yang tidak digunakan/tidak terpakai, termasuk sisa surat suara cadangan | E36: =E33-(E34+E35) -> 43 | F36: =F33-(F34+F35) -> 44 | G36: =G33-(G34+G35) -> 37 | H36: =H33-(H34+H35) -> 53 | I36: =I33-(I34+I35) -> 56 | J36: =J33-(J34+J35) -> 46 | K36: =K33-(K34+K35) -> 32 | L36: =L33-(L34+L35) -> 42 | ... V36: =V33-(V34+V35) -> 59 | W36: =SUM(E36:V36) -> 809
A38: III | B38: DATA PEMILIH DISABILITAS
B39: Jumlah seluruh Pemilih disabilitas yang menggunakan hak pilih | D39: LK | O39: 1 | W39: =SUM(E39:V39) -> 1
D40: PR | V40: 1 | W40: =SUM(E40:V40) -> 1
D41: JML | E41: =SUM(E39:E40) -> 0 | F41: =SUM(F39:F40) -> 0 | G41: =SUM(G39:G40) -> 0 | H41: =SUM(H39:H40) -> 0 | I41: =SUM(I39:I40) -> 0 | J41: =SUM(J39:J40) -> 0 | K41: =SUM(K39:K40) -> 0 | L41: =SUM(L39:L40) -> 0 | ... V41: =SUM(V39:V40) -> 1 | W41: =SUM(E41:V41) -> 2
A43: IV | B43: DATA RINCIAN PEROLEHAN SUARA PASANGAN CALON BUPATI DAN WAKIL BUPATI
A44: NOMOR DAN NAMA CALON
A45: A.1 | B45: 1. | C45: Partai Kebangkitan Bangsa | E45: 14 | F45: 12 | G45: 11 | H45: 9 | I45: 7 | J45: 11 | K45: 8 | L45: 8 | M45: 18 | N45: 13 | O45: 8 | P45: 16 | Q45: 16 | R45: 15 | S45: 11 | T45: 9 | U45: 9 | V45: 3 | W45: =SUM(E45:V45) -> 198
A46: A.2 | C46: 1. Dra. Hj. MA`MULAH HARUN, M.Pd.I. | E46: 33 | F46: 48 | G46: 40 | H46: 21 | I46: 32 | J46: 7 | K46: 8 | L46: 22 | M46: 26 | N46: 53 | O46: 32 | P46: 54 | Q46: 62 | R46: 23 | S46: 40 | T46: 13 | U46: 25 | V46: 10 | W46: =SUM(E46:V46) -> 549
C47: 2. UBAIDILLAH, S.Fil.I. | E47: 3 | F47: 2 | G47: 4 | H47: 15 | I47: 1 | J47: 2 | K47: 2 | L47: 6 | M47: 2 | N47: 2 | O47: 1 | P47: 2 | Q47: 2 | R47: 2 | S47: 4 | T47: 3 | U47: 4 | V47: 0 | W47: =SUM(E47:V47) -> 57
C48: 3. Ir. H. YOYOK MULYADI, M.Si. | E48: 0 | F48: 0 | G48: 0 | H48: 0 | I48: 1 | J48: 2 | K48: 0 | L48: 1 | M48: 1 | N48: 0 | O48: 1 | P48: 0 | Q48: 0 | R48: 0 | S48: 0 | T48: 0 | U48: 0 | V48: 0 | W48: =SUM(E48:V48) -> 6
C49: 4. KHOIRUL ANWAR, S.Fil.I. | E49: 0 | F49: 4 | G49: 0 | H49: 0 | I49: 1 | J49: 0 | K49: 0 | L49: 3 | M49: 0 | N49: 1 | O49: 0 | P49: 1 | Q49: 0 | R49: 1 | S49: 1 | T49: 1 | U49: 1 | V49: 0 | W49: =SUM(E49:V49) -> 14
C50: 5. ARIF WIJAKSANA | E50: 3 | F50: 0 | G50: 0 | H50: 4 | I50: 8 | J50: 1 | K50: 0 | L50: 0 | M50: 0 | N50: 0 | O50: 0 | P50: 0 | Q50: 1 | R50: 0 | S50: 0 | T50: 0 | U50: 0 | V50: 0 | W50: =SUM(E50:V50) -> 17
C51: 6. Dr. SITI YUMNAH | E51: 0 | F51: 0 | G51: 0 | H51: 0 | I51: 0 | J51: 0 | K51: 0 | L51: 0 | M51: 0 | N51: 0 | O51: 1 | P51: 1 | Q51: 0 | R51: 0 | S51: 4 | T51: 0 | U51: 0 | V51: 0 | W51: =SUM(E51:V51) -> 6
C52: 7. MOHAMMAD ZAINI, M.Pd.I. | E52: 0 | F52: 0 | G52: 0 | H52: 0 | I52: 1 | J52: 0 | K52: 1 | L52: 0 | M52: 0 | N52: 0 | O52: 0 | P52: 0 | Q52: 2 | R52: 0 | S52: 0 | T52: 1 | U52: 0 | V52: 0 | W52: =SUM(E52:V52) -> 5
C53: 8. FAWAIDUL MAKKIYAH | E53: 0 | F53: 0 | G53: 1 | H53: 0 | I53: 1 | J53: 0 | K53: 0 | L53: 0 | M53: 0 | N53: 0 | O53: 0 | P53: 1 | Q53: 0 | R53: 1 | S53: 0 | T53: 0 | U53: 0 | V53: 0 | W53: =SUM(E53:V53) -> 4
C54: 9. IFFAH HIDAYATUR ROHMAH, S.Sos. | E54: 1 | F54: 0 | G54: 0 | H54: 0 | I54: 0 | J54: 0 | K54: 0 | L54: 0 | M54: 0 | N54: 0 | O54: 0 | P54: 0 | Q54: 1 | R54: 1 | S54: 1 | T54: 0 | U54: 0 | V54: 0 | W54: =SUM(E54:V54) -> 4
A55: B | B55: JUMLAH SUARA SAH PARTAI POLITIK DAN CALON (A1 + A2) | E55: =SUM(E45:E54) -> 54 | F55: =SUM(F45:F54) -> 66 | G55: =SUM(G45:G54) -> 56 | H55: =SUM(H45:H54) -> 49 | I55: =SUM(I45:I54) -> 52 | J55: =SUM(J45:J54) -> 23 | K55: =SUM(K45:K54) -> 19 | L55: =SUM(L45:L54) -> 40 | ... W55: =SUM(W45:W54) -> 860
A57: A.1 | B57: 2. | C57: Partai Gerakan Indonesia Raya | E57: 8 | F57: 7 | G57: 9 | H57: 13 | I57: 9 | J57: 14 | K57: 15 | L57: 7 | M57: 10 | N57: 8 | O57: 2 | P57: 9 | Q57: 9 | R57: 11 | S57: 18 | T57: 14 | U57: 5 | V57: 5 | W57: =SUM(E57:V57) -> 173
A58: A.2 | C58: 1. AHMAD HADINUDDIN, S.Pd.I. | E58: 7 | F58: 5 | G58: 4 | H58: 9 | I58: 6 | J58: 6 | K58: 9 | L58: 0 | M58: 6 | N58: 4 | O58: 2 | P58: 4 | Q58: 7 | R58: 8 | S58: 3 | T58: 5 | U58: 7 | V58: 1 | W58: =SUM(E58:V58) -> 93
C59: 2. BIMA RAFSANJANI RAFID | E59: 10 | F59: 5 | G59: 6 | H59: 17 | I59: 7 | J59: 6 | K59: 3 | L59: 3 | M59: 13 | N59: 6 | O59: 3 | P59: 6 | Q59: 4 | R59: 8 | S59: 4 | T59: 12 | U59: 0 | V59: 5 | W59: =SUM(E59:V59) -> 118
C60: 3. IRA DAMAYANTI | E60: 1 | F60: 3 | G60: 3 | H60: 3 | I60: 4 | J60: 0 | K60: 1 | L60: 1 | M60: 0 | N60: 1 | O60: 1 | P60: 2 | Q60: 2 | R60: 0 | S60: 0 | T60: 2 | U60: 2 | V60: 2 | W60: =SUM(E60:V60) -> 28
C61: 4. MAULANA MALIK IBRAHIM, S.H. | E61: 4 | F61: 1 | G61: 2 | H61: 1 | I61: 1 | J61: 2 | K61: 2 | L61: 0 | M61: 9 | N61: 0 | O61: 1 | P61: 1 | Q61: 2 | R61: 2 | S61: 3 | T61: 10 | U61: 16 | V61: 1 | W61: =SUM(E61:V61) -> 58
C62: 5. LULUK ALFIATI | E62: 0 | F62: 1 | G62: 0 | H62: 0 | I62: 0 | J62: 2 | K62: 0 | L62: 0 | M62: 1 | N62: 1 | O62: 0 | P62: 2 | Q62: 0 | R62: 1 | S62: 0 | T62: 0 | U62: 0 | V62: 1 | W62: =SUM(E62:V62) -> 9
C63: 6. ILHAM WAHYUDI, S.H. | E63: 0 | F63: 1 | G63: 0 | H63: 0 | I63: 0 | J63: 0 | K63: 3 | L63: 0 | M63: 1 | N63: 0 | O63: 0 | P63: 2 | Q63: 2 | R63: 1 | S63: 1 | T63: 0 | U63: 1 | V63: 0 | W63: =SUM(E63:V63) -> 12
C64: 7. HAERUL ANWAR, S.Pd.I. | E64: 1 | F64: 1 | G64: 0 | H64: 0 | I64: 1 | J64: 0 | K64: 0 | L64: 0 | M64: 0 | N64: 0 | O64: 0 | P64: 0 | Q64: 0 | R64: 0 | S64: 0 | T64: 0 | U64: 0 | V64: 0 | W64: =SUM(E64:V64) -> 3
C65: 8. YOVI ADHITYA WARDANI | E65: 1 | F65: 0 | G65: 0 | H65: 1 | I65: 0 | J65: 0 | K65: 0 | L65: 0 | M65: 0 | N65: 0 | O65: 0 | P65: 0 | Q65: 0 | R65: 0 | S65: 1 | T65: 0 | U65: 0 | V65: 1 | W65: =SUM(E65:V65) -> 4
C66: 9. RITA AMELIA | E66: 0 | F66: 1 | G66: 0 | H66: 0 | I66: 0 | J66: 1 | K66: 1 | L66: 0 | M66: 0 | N66: 0 | O66: 0 | P66: 0 | Q66: 0 | R66: 1 | S66: 0 | T66: 0 | U66: 0 | V66: 1 | W66: =SUM(E66:V66) -> 5
A67: B | B67: JUMLAH SUARA SAH PARTAI POLITIK DAN CALON (A1 + A2) | E67: =SUM(E57:E66) -> 32 | F67: =SUM(F57:F66) -> 25 | G67: =SUM(G57:G66) -> 24 | H67: =SUM(H57:H66) -> 44 | I67: =SUM(I57:I66) -> 28 | J67: =SUM(J57:J66) -> 31 | K67: =SUM(K57:K66) -> 34 | L67: =SUM(L57:L66) -> 11 | ... W67: =SUM(W57:W66) -> 503
A69: A.1 | B69: 3. | C69: Partai Demokrasi Indonesia Perjuangan | E69: 14 | F69: 5 | G69: 5 | H69: 6 | I69: 4 | J69: 13 | K69: 5 | L69: 6 | M69: 6 | N69: 11 | O69: 4 | P69: 8 | Q69: 6 | R69: 14 | S69: 12 | T69: 10 | U69: 5 | V69: 7 | W69: =SUM(E69:V69) -> 141
A70: A.2 | C70: 1. MARTIN H., S.H., M.H. | E70: 3 | F70: 5 | G70: 1 | H70: 4 | I70: 5 | J70: 6 | K70: 3 | L70: 5 | M70: 1 | N70: 2 | O70: 3 | P70: 5 | Q70: 11 | R70: 8 | S70: 7 | T70: 3 | U70: 2 | V70: 3 | W70: =SUM(E70:V70) -> 77
C71: 2. HERMANTO, S.E. | E71: 2 | F71: 17 | G71: 7 | H71: 2 | I71: 4 | J71: 12 | K71: 0 | L71: 1 | M71: 2 | N71: 3 | O71: 3 | P71: 2 | Q71: 4 | R71: 3 | S71: 8 | T71: 3 | U71: 10 | V71: 23 | W71: =SUM(E71:V71) -> 106
C72: 3. EVY SUSILAWATI, S.E., M.M. | E72: 4 | F72: 5 | G72: 4 | H72: 1 | I72: 2 | J72: 3 | K72: 0 | L72: 3 | M72: 3 | N72: 1 | O72: 1 | P72: 2 | Q72: 3 | R72: 2 | S72: 2 | T72: 1 | U72: 1 | V72: 1 | W72: =SUM(E72:V72) -> 39
C73: 4. M. SIROTTUDIN | E73: 10 | F73: 10 | G73: 9 | H73: 15 | I73: 10 | J73: 7 | K73: 7 | L73: 11 | M73: 1 | N73: 21 | O73: 2 | P73: 13 | Q73: 8 | R73: 15 | S73: 13 | T73: 13 | U73: 13 | V73: 1 | W73: =SUM(E73:V73) -> 179
C74: 5. ABDUL HAFID, S.H. | E74: 1 | F74: 2 | G74: 1 | H74: 2 | I74: 0 | J74: 11 | K74: 1 | L74: 0 | M74: 0 | N74: 1 | O74: 1 | P74: 2 | Q74: 0 | R74: 2 | S74: 4 | T74: 0 | U74: 1 | V74: 1 | W74: =SUM(E74:V74) -> 30
C75: 6. NIKITA FORTUNA SURYANINGATI, A.Md.Keb. | E75: 1 | F75: 0 | G75: 0 | H75: 0 | I75: 1 | J75: 0 | K75: 0 | L75: 0 | M75: 0 | N75: 0 | O75: 0 | P75: 1 | Q75: 0 | R75: 0 | S75: 0 | T75: 0 | U75: 1 | V75: 1 | W75: =SUM(E75:V75) -> 5
C76: 7. YUDHO ILHAM WIJAYA, S.E. | E76: 0 | F76: 0 | G76: 0 | H76: 0 | I76: 0 | J76: 0 | K76: 0 | L76: 0 | M76: 0 | N76: 0 | O76: 0 | P76: 0 | Q76: 0 | R76: 0 | S76: 0 | T76: 1 | U76: 0 | V76: 0 | W76: =SUM(E76:V76) -> 1
C77: 8. SETIAWATI, S.H. | E77: 1 | F77: 0 | G77: 0 | H77: 0 | I77: 0 | J77: 0 | K77: 0 | L77: 1 | M77: 0 | N77: 0 | O77: 1 | P77: 0 | Q77: 0 | R77: 0 | S77: 0 | T77: 0 | U77: 0 | V77: 0 | W77: =SUM(E77:V77) -> 3
C78: 9. EKO BUDI SANTOSO, S.H. | E78: 2 | F78: 0 | G78: 1 | H78: 0 | I78: 0 | J78: 1 | K78: 0 | L78: 0 | M78: 0 | N78: 0 | O78: 0 | P78: 0 | Q78: 0 | R78: 0 | S78: 0 | T78: 1 | U78: 0 | V78: 0 | W78: =SUM(E78:V78) -> 5
A79: B | B79: JUMLAH SUARA SAH PARTAI POLITIK DAN CALON (A1 + A2) | E79: =SUM(E69:E78) -> 38 | F79: =SUM(F69:F78) -> 44 | G79: =SUM(G69:G78) -> 28 | H79: =SUM(H69:H78) -> 30 | I79: =SUM(I69:I78) -> 26 | J79: =SUM(J69:J78) -> 53 | K79: =SUM(K69:K78) -> 16 | L79: =SUM(L69:L78) -> 27 | ... W79: =SUM(W69:W78) -> 586
A81: A.1 | B81: 4. | C81: Partai Golongan Karya | E81: 7 | F81: 3 | G81: 6 | H81: 5 | I81: 5 | J81: 9 | K81: 6 | L81: 22 | M81: 5 | N81: 6 | O81: 4 | P81: 8 | Q81: 4 | R81: 10 | S81: 9 | T81: 2 | U81: 21 | V81: 18 | W81: =SUM(E81:V81) -> 150
A82: A.2 | C82: 1. PRANAYA YUDHA MAHARDHIKA | E82: 11 | F82: 14 | G82: 9 | H82: 6 | I82: 5 | J82: 26 | K82: 5 | L82: 52 | M82: 23 | N82: 11 | O82: 36 | P82: 8 | Q82: 6 | R82: 9 | S82: 6 | T82: 9 | U82: 9 | V82: 51 | W82: =SUM(E82:V82) -> 296
C83: 2. Dra. Ec. ENDANG SULASTUTY, M.I.P. | E83: 0 | F83: 0 | G83: 1 | H83: 1 | I83: 1 | J83: 3 | K83: 1 | L83: 3 | M83: 0 | N83: 1 | O83: 1 | P83: 2 | Q83: 1 | R83: 7 | S83: 14 | T83: 6 | U83: 3 | V83: 3 | W83: =SUM(E83:V83) -> 48
C84: 3. AGUS REJEKI WARTONO | E84: 0 | F84: 0 | G84: 0 | H84: 0 | I84: 1 | J84: 0 | K84: 0 | L84: 4 | M84: 0 | N84: 1 | O84: 0 | P84: 3 | Q84: 1 | R84: 2 | S84: 2 | T84: 1 | U84: 0 | V84: 1 | W84: =SUM(E84:V84) -> 16
C85: 4. Hj. TUTUK ASMA'A ZUCHROH, S.T., M.T. | E85: 1 | F85: 0 | G85: 1 | H85: 2 | I85: 1 | J85: 3 | K85: 0 | L85: 0 | M85: 0 | N85: 0 | O85: 3 | P85: 3 | Q85: 1 | R85: 0 | S85: 2 | T85: 0 | U85: 2 | V85: 1 | W85: =SUM(E85:V85) -> 20
C86: 5. ADE M. RIZKI, S.E. | E86: 1 | F86: 0 | G86: 2 | H86: 1 | I86: 1 | J86: 0 | K86: 1 | L86: 0 | M86: 0 | N86: 2 | O86: 2 | P86: 1 | Q86: 2 | R86: 1 | S86: 0 | T86: 3 | U86: 3 | V86: 0 | W86: =SUM(E86:V86) -> 20
C87: 6. ABDURAKHMAN, Bc.Kn. | E87: 0 | F87: 0 | G87: 0 | H87: 0 | I87: 0 | J87: 0 | K87: 0 | L87: 0 | M87: 0 | N87: 0 | O87: 0 | P87: 0 | Q87: 0 | R87: 0 | S87: 1 | T87: 1 | U87: 0 | V87: 0 | W87: =SUM(E87:V87) -> 2
C88: 7. CENDY RHIYAN ADI PUTRI | E88: 0 | F88: 0 | G88: 0 | H88: 1 | I88: 0 | J88: 0 | K88: 0 | L88: 0 | M88: 0 | N88: 0 | O88: 0 | P88: 0 | Q88: 0 | R88: 0 | S88: 0 | T88: 1 | U88: 1 | V88: 1 | W88: =SUM(E88:V88) -> 4
C89: 8. BAKTI WIJAYANTO, S.E. | E89: 0 | F89: 0 | G89: 0 | H89: 0 | I89: 0 | J89: 0 | K89: 0 | L89: 0 | M89: 2 | N89: 0 | O89: 0 | P89: 0 | Q89: 0 | R89: 1 | S89: 0 | T89: 0 | U89: 1 | V89: 0 | W89: =SUM(E89:V89) -> 4
C90: 9. AHMAD UBAIDILLAH | E90: 0 | F90: 1 | G90: 0 | H90: 0 | I90: 1 | J90: 0 | K90: 0 | L90: 0 | M90: 0 | N90: 0 | O90: 0 | P90: 2 | Q90: 1 | R90: 0 | S90: 0 | T90: 2 | U90: 0 | V90: 0 | W90: =SUM(E90:V90) -> 7
A91: B | B91: JUMLAH SUARA SAH PARTAI POLITIK DAN CALON (A1 + A2) | E91: =SUM(E81:E90) -> 20 | F91: =SUM(F81:F90) -> 18 | G91: =SUM(G81:G90) -> 19 | H91: =SUM(H81:H90) -> 16 | I91: =SUM(I81:I90) -> 15 | J91: =SUM(J81:J90) -> 41 | K91: =SUM(K81:K90) -> 13 | L91: =SUM(L81:L90) -> 81 | ... W91: =SUM(W81:W90) -> 567
A93: A.1 | B93: 5. | C93: Partai NasDem | E93: 1 | F93: 2 | G93: 2 | H93: 2 | I93: 3 | J93: 1 | K93: 3 | L93: 0 | M93: 1 | N93: 0 | O93: 0 | P93: 3 | Q93: 1 | R93: 4 | S93: 5 | T93: 6 | U93: 2 | V93: 0 | W93: =SUM(E93:V93) -> 36
A94: A.2 | C94: 1. ALI MUSTOFA, A.Md. | E94: 3 | F94: 2 | G94: 1 | H94: 1 | I94: 0 | J94: 1 | K94: 1 | L94: 2 | M94: 0 | N94: 1 | O94: 1 | P94: 1 | Q94: 2 | R94: 10 | S94: 2 | T94: 1 | U94: 0 | V94: 2 | W94: =SUM(E94:V94) -> 31
C95: 2. Hj. BUAMI, S.H. | E95: 1 | F95: 1 | G95: 1 | H95: 0 | I95: 1 | J95: 0 | K95: 0 | L95: 0 | M95: 0 | N95: 1 | O95: 0 | P95: 1 | Q95: 0 | R95: 2 | S95: 1 | T95: 4 | U95: 0 | V95: 1 | W95: =SUM(E95:V95) -> 14
C96: 3. SUGIONO, S.H. | E96: 1 | F96: 2 | G96: 0 | H96: 0 | I96: 0 | J96: 0 | K96: 0 | L96: 0 | M96: 0 | N96: 0 | O96: 0 | P96: 0 | Q96: 1 | R96: 1 | S96: 1 | T96: 0 | U96: 0 | V96: 0 | W96: =SUM(E96:V96) -> 6
C97: 4. LULUK SUNARMIATININGSIH | E97: 0 | F97: 0 | G97: 1 | H97: 0 | I97: 1 | J97: 1 | K97: 0 | L97: 0 | M97: 0 | N97: 1 | O97: 0 | P97: 2 | Q97: 0 | R97: 1 | S97: 0 | T97: 0 | U97: 0 | V97: 0 | W97: =SUM(E97:V97) -> 7
C98: 5. ANTON DJULIANTO ADI | E98: 0 | F98: 1 | G98: 0 | H98: 0 | I98: 3 | J98: 0 | K98: 0 | L98: 0 | M98: 0 | N98: 0 | O98: 0 | P98: 0 | Q98: 1 | R98: 0 | S98: 0 | T98: 0 | U98: 2 | V98: 0 | W98: =SUM(E98:V98) -> 7
C99: 6. MOKHAMAD ROFI'I KHUSNAN | E99: 2 | F99: 0 | G99: 1 | H99: 1 | I99: 0 | J99: 0 | K99: 0 | L99: 0 | M99: 0 | N99: 0 | O99: 1 | P99: 4 | Q99: 1 | R99: 1 | S99: 1 | T99: 2 | U99: 2 | V99: 0 | W99: =SUM(E99:V99) -> 16
C100: 7. Rr SETYO WATI | E100: 0 | F100: 0 | G100: 0 | H100: 0 | I100: 0 | J100: 0 | K100: 0 | L100: 0 | M100: 0 | N100: 0 | O100: 0 | P100: 1 | Q100: 0 | R100: 1 | S100: 0 | T100: 0 | U100: 0 | V100: 0 | W100: =SUM(E100:V100) -> 2
C101: 8. ABD. KADIR ASSEGAFF | E101: 0 | F101: 0 | G101: 0 | H101: 0 | I101: 0 | J101: 0 | K101: 0 | L101: 0 | M101: 0 | N101: 0 | O101: 0 | P101: 0 | Q101: 0 | R101: 0 | S101: 0 | T101: 0 | U101: 0 | V101: 0 | W101: =SUM(E101:V101) -> 0
C102: 9. FATHOR ZAINULLAH | E102: 0 | F102: 1 | G102: 1 | H102: 0 | I102: 0 | J102: 1 | K102: 0 | L102: 0 | M102: 0 | N102: 0 | O102: 0 | P102: 0 | Q102: 0 | R102: 1 | S102: 0 | T102: 0 | U102: 0 | V102: 0 | W102: =SUM(E102:V102) -> 4
A103: B | B103: JUMLAH SUARA SAH PARTAI POLITIK DAN CALON (A1 + A2) | E103: =SUM(E93:E102) -> 8 | F103: =SUM(F93:F102) -> 9 | G103: =SUM(G93:G102) -> 7 | H103: =SUM(H93:H102) -> 4 | I103: =SUM(I93:I102) -> 8 | J103: =SUM(J93:J102) -> 4 | K103: =SUM(K93:K102) -> 4 | L103: =SUM(L93:L102) -> 2 | ... W103: =SUM(W93:W102) -> 123
A105: A.1 | B105: 6. | C105: Partai Buruh | E105: 3 | F105: 0 | G105: 0 | H105: 0 | I105: 0 | J105: 1 | K105: 0 | L105: 0 | M105: 0 | N105: 0 | O105: 1 | P105: 5 | Q105: 1 | R105: 0 | S105: 0 | T105: 0 | U105: 2 | V105: 0 | W105: =SUM(E105:V105) -> 13
A106: A.2 | C106: 1. AGUS SUPRIYADI | E106: 0 | F106: 1 | G106: 1 | H106: 0 | I106: 0 | J106: 0 | K106: 0 | L106: 0 | M106: 0 | N106: 0 | O106: 1 | P106: 0 | Q106: 1 | R106: 0 | S106: 0 | T106: 0 | U106: 1 | V106: 1 | W106: =SUM(E106:V106) -> 6
C107: 2. ENI HARIATI | E107: 0 | F107: 0 | G107: 0 | H107: 1 | I107: 0 | J107: 0 | K107: 0 | L107: 0 | M107: 0 | N107: 0 | O107: 0 | P107: 0 | Q107: 0 | R107: 0 | S107: 0 | T107: 0 | U107: 0 | V107: 0 | W107: =SUM(E107:V107) -> 1
A108: B | B108: JUMLAH SUARA SAH PARTAI POLITIK DAN CALON (A1 + A2) | E108: =SUM(E105:E107) -> 3 | F108: =SUM(F105:F107) -> 1 | G108: =SUM(G105:G107) -> 1 | H108: =SUM(H105:H107) -> 1 | I108: =SUM(I105:I107) -> 0 | J108: =SUM(J105:J107) -> 1 | K108: =SUM(K105:K107) -> 0 | L108: =SUM(L105:L107) -> 0 | ... W108: =SUM(W105:W107) -> 20
A110: A.1 | B110: 7. | C110: Partai Gelombang Rakyat Indonesia | E110: 1 | F110: 2 | G110: 0 | H110: 1 | I110: 6 | J110: 3 | K110: 0 | L110: 1 | M110: 0 | N110: 2 | O110: 0 | P110: 0 | Q110: 0 | R110: 0 | S110: 2 | T110: 0 | U110: 0 | V110: 0 | W110: =SUM(E110:V110) -> 18
A111: A.2 | C111: 1. MIRZA MUHROSNI AROMA | E111: 0 | F111: 0 | G111: 0 | H111: 0 | I111: 0 | J111: 0 | K111: 2 | L111: 1 | M111: 0 | N111: 1 | O111: 1 | P111: 0 | Q111: 0 | R111: 0 | T111: 3 | U111: 0 | V111: 1 | W111: =SUM(E111:V111) -> 9
C112: 2. ACHMAD BAGUS SUGIARTO | E112: 0 | F112: 0 | G112: 0 | H112: 0 | I112: 1 | J112: 0 | K112: 0 | L112: 0 | M112: 0 | N112: 0 | O112: 0 | P112: 0 | Q112: 0 | R112: 0 | S112: 1 | T112: 0 | U112: 0 | V112: 1 | W112: =SUM(E112:V112) -> 3
C113: 3. ELOK FITRIYA NINGSIH | E113: 0 | F113: 0 | G113: 0 | H113: 0 | I113: 0 | J113: 0 | K113: 0 | L113: 0 | M113: 0 | N113: 0 | O113: 0 | P113: 0 | Q113: 0 | R113: 0 | T113: 0 | U113: 0 | V113: 0 | W113: =SUM(E113:V113) -> 0
C114: 4. MADI | E114: 0 | F114: 0 | G114: 0 | H114: 0 | I114: 0 | J114: 1 | K114: 0 | L114: 0 | M114: 0 | N114: 0 | O114: 0 | P114: 0 | Q114: 0 | R114: 0 | T114: 0 | U114: 0 | V114: 0 | W114: =SUM(E114:V114) -> 1
C115: 5. LUKY PERMANASARI | E115: 1 | F115: 0 | G115: 0 | H115: 0 | I115: 1 | J115: 0 | K115: 1 | L115: 0 | M115: 0 | N115: 0 | O115: 0 | P115: 0 | Q115: 0 | R115: 0 | T115: 0 | U115: 0 | V115: 1 | W115: =SUM(E115:V115) -> 4
A116: B | B116: JUMLAH SUARA SAH PARTAI POLITIK DAN CALON (A1 + A2) | E116: =SUM(E110:E115) -> 2 | F116: =SUM(F110:F115) -> 2 | G116: =SUM(G110:G115) -> 0 | H116: =SUM(H110:H115) -> 1 | I116: =SUM(I110:I115) -> 8 | J116: =SUM(J110:J115) -> 4 | K116: =SUM(K110:K115) -> 3 | L116: =SUM(L110:L115) -> 2 | ... W116: =SUM(W110:W115) -> 35
A118: A.1 | B118: 8. | C118: Partai Keadilan Sejahtera | E118: 2 | F118: 3 | G118: 1 | H118: 1 | I118: 0 | J118: 0 | K118: 0 | L118: 0 | M118: 2 | N118: 7 | O118: 2 | P118: 2 | Q118: 2 | R118: 0 | S118: 0 | T118: 1 | U118: 2 | V118: 3 | W118: =SUM(E118:V118) -> 28
...

Sheet KETAPANG
C2: Kecamatan | D2: KALIPURO
C3: Kabupaten | D3: BANYUWANGI
C4: Provinsi | D4: JAWA TIMUR
C9: Kelurahan | D9: KETAPANG
A12: I | B12: DATA PEMILIH DAN PENGGUNAAN HAK PILIH | BE12: JUMLAH AKHIR
A13: A | B13: DATA PEMILIH | E13: TPS 001 | F13: TPS 002 | G13: TPS 003 | H13: TPS 004 | I13: TPS 005 | J13: TPS 006 | K13: TPS 007 | L13: TPS 008 | M13: TPS 009 | N13: TPS 010 | O13: TPS 011 | P13: TPS 012 | Q13: TPS 013 | R13: TPS 014 | S13: TPS 015 | T13: TPS 016 | U13: TPS 017 | V13: TPS 018 | W13: TPS 019 | X13: TPS 020 | Y13: TPS 021 | Z13: TPS 022 | AA13: TPS 023 | AB13: TPS 024 | AC13: TPS 025 | AD13: TPS 026 | AE13: TPS 027 | AF13: TPS 028 | AG13: TPS 029 | AH13: TPS 030 | AI13: TPS 031 | AJ13: TPS 032 | AK13: TPS 033 | AL13: TPS 034 | AM13: TPS 035 | AN13: TPS 036 | AO13: TPS 037 | AP13: TPS 038 | AQ13: TPS 039 | AR13: TPS 040 | AS13: TPS 041 | AT13: TPS 042 | AU13: TPS 043 | AV13: TPS 044 | AW13: TPS 045 | AX13: TPS 046 | AY13: TPS 047 | AZ13: TPS 048 | BA13: TPS 049 | BB13: TPS 050 | BC13: TPS 051 | BD13: TPS 052
B14: Jumlah Pemilih dalam Daftar Pemilih Tetap (DPT) | D14: LK | E14: 138 | F14: 139 | G14: 141 | H14: 142 | I14: 141 | J14: 101 | K14: 124 | L14: 133 | M14: 108 | N14: 93 | O14: 138 | P14: 122 | Q14: 138 | R14: 144 | S14: 140 | T14: 125 | U14: 124 | V14: 128 | W14: 112 | X14: 95 | Y14: 140 | Z14: 128 | AA14: 139 | AB14: 146 | AC14: 149 | AD14: 140 | AE14: 107 | AF14: 142 | AG14: 142 | AH14: 141 | AI14: 133 | AJ14: 135 | AK14: 132 | AL14: 146 | AM14: 127 | AN14: 148 | AO14: 143 | AP14: 131 | AQ14: 98 | AR14: 143 | AS14: 135 | AT14: 136 | AU14: 137 | AV14: 139 | AW14: 123 | AX14: 125 | AY14: 91 | AZ14: 137 | BA14: 121 | BB14: 125 | BC14: 121 | BD14: 116 | BE14: =SUM(E14:BD14) -> 6742
D15: PR | E15: 128 | F15: 132 | G15: 148 | H15: 139 | I15: 142 | J15: 125 | K15: 155 | L15: 131 | M15: 107 | N15: 94 | O15: 156 | P15: 129 | Q15: 148 | R15: 139 | S15: 136 | T15: 132 | U15: 139 | V15: 141 | W15: 123 | X15: 100 | Y15: 142 | Z15: 146 | AA15: 146 | AB15: 154 | AC15: 150 | AD15: 157 | AE15: 105 | AF15: 153 | AG15: 145 | AH15: 147 | AI15: 140 | AJ15: 155 | AK15: 124 | AL15: 150 | AM15: 142 | AN15: 148 | AO15: 154 | AP15: 135 | AQ15: 120 | AR15: 147 | AS15: 149 | AT15: 134 | AU15: 133 | AV15: 133 | AW15: 129 | AX15: 137 | AY15: 102 | AZ15: 147 | BA15: 126 | BB15: 126 | BC15: 134 | BD15: 104 | BE15: =SUM(E15:BD15) -> 7058
D16: JML | E16: =SUM(E14:E15) -> 266 | F16: =SUM(F14:F15) -> 271 | G16: =SUM(G14:G15) -> 289 | H16: =SUM(H14:H15) -> 281 | I16: =SUM(I14:I15) -> 283 | J16: =SUM(J14:J15) -> 226 | K16: =SUM(K14:K15) -> 279 | L16: =SUM(L14:L15) -> 264 | ... BD16: =SUM(BD14:BD15) -> 220 | BE16: =SUM(E16:BD16) -> 13800
A18: B | B18: PENGGUNA HAK PILIH
B19: 1. | C19: Jumlah pengguna hak pilih dalam Daftar Pemilih Tetap (DPT) | D19: LK | E19: 98 | F19: 98 | G19: 96 | H19: 100 | I19: 100 | J19: 70 | K19: 81 | L19: 85 | M19: 75 | N19: 71 | O19: 77 | P19: 74 | Q19: 94 | R19: 97 | S19: 83 | T19: 91 | U19: 72 | V19: 92 | W19: 68 | X19: 78 | Y19: 104 | Z19: 99 | AA19: 129 | AB19: 116 | AC19: 114 | AD19: 110 | AE19: 90 | AF19: 118 | AG19: 102 | AH19: 120 | AI19: 105 | AJ19: 100 | AK19: 97 | AL19: 96 | AM19: 90 | AN19: 101 | AO19: 97 | AP19: 96 | AQ19: 67 | AR19: 97 | AS19: 95 | AT19: 100 | AU19: 103 | AV19: 110 | AW19: 104 | AX19: 83 | AY19: 65 | AZ19: 103 | BA19: 94 | BB19: 92 | BC19: 94 | BD19: 77 | BE19: =SUM(E19:BD19) -> 4868
D20: PR | E20: 100 | F20: 97 | G20: 117 | H20: 112 | I20: 118 | J20: 97 | K20: 115 | L20: 106 | M20: 84 | N20: 76 | O20: 98 | P20: 92 | Q20: 117 | R20: 108 | S20: 107 | T20: 106 | U20: 100 | V20: 110 | W20: 90 | X20: 88 | Y20: 113 | Z20: 119 | AA20: 137 | AB20: 127 | AC20: 151 | AD20: 152 | AE20: 97 | AF20: 118 | AG20: 121 | AH20: 127 | AI20: 114 | AJ20: 120 | AK20: 104 | AL20: 117 | AM20: 105 | AN20: 118 | AO20: 118 | AP20: 104 | AQ20: 94 | AR20: 114 | AS20: 122 | AT20: 104 | AU20: 101 | AV20: 110 | AW20: 106 | AX20: 116 | AY20: 84 | AZ20: 114 | BA20: 97 | BB20: 83 | BC20: 102 | BD20: 83 | BE20: =SUM(E20:BD20) -> 5630
D21: JML | E21: =SUM(E19:E20) -> 198 | F21: =SUM(F19:F20) -> 195 | G21: =SUM(G19:G20) -> 213 | H21: =SUM(H19:H20) -> 212 | I21: =SUM(I19:I20) -> 218 | J21: =SUM(J19:J20) -> 167 | K21: =SUM(K19:K20) -> 196 | L21: =SUM(L19:L20) -> 191 | ... BD21: =SUM(BD19:BD20) -> 160 | BE21: =SUM(E21:BD21) -> 10498
B22: 2. | C22: Jumlah pengguna hak pilih dalam Daftar Pemilih Tambahan (DPTb) | D22: LK | E22: 0 | F22: 1 | G22: 1 | H22: 0 | I22: 0 | J22: 0 | K22: 1 | L22: 2 | M22: 0 | N22: 2 | O22: 0 | P22: 0 | Q22: 1 | R22: 0 | S22: 0 | T22: 1 | U22: 1 | V22: 0 | W22: 1 | X22: 1 | Y22: 0 | Z22: 0 | AA22: 1 | AB22: 2 | AC22: 1 | AD22: 1 | AE22: 0 | AF22: 0 | AG22: 0 | AH22: 0 | AI22: 1 | AJ22: 0 | AK22: 0 | AL22: 0 | AM22: 1 | AN22: 0 | AO22: 0 | AP22: 1 | AQ22: 0 | AR22: 0 | AS22: 1 | AT22: 1 | AU22: 1 | AV22: 0 | AW22: 1 | AX22: 0 | AY22: 1 | AZ22: 1 | BA22: 2 | BB22: 0 | BC22: 1 | BD22: 0 | BE22: =SUM(E22:BD22) -> 29
D23: PR | E23: 0 | F23: 0 | G23: 0 | H23: 1 | I23: 1 | J23: 1 | K23: 0 | L23: 0 | M23: 1 | N23: 1 | O23: 0 | P23: 0 | Q23: 0 | R23: 1 | S23: 0 | T23: 0 | U23: 0 | V23: 1 | W23: 2 | X23: 0 | Y23: 1 | Z23: 0 | AA23: 0 | AB23: 0 | AC23: 0 | AD23: 0 | AE23: 1 | AF23: 0 | AG23: 0 | AH23: 1 | AI23: 0 | AJ23: 1 | AK23: 2 | AL23: 0 | AM23: 0 | AN23: 0 | AO23: 1 | AP23: 0 | AQ23: 0 | AR23: 1 | AS23: 0 | AT23: 0 | AU23: 0 | AV23: 0 | AW23: 0 | AX23: 0 | AY23: 0 | AZ23: 0 | BA23: 0 | BB23: 0 | BC23: 0 | BD23: 0 | BE23: =SUM(E23:BD23) -> 17
D24: JML | E24: =SUM(E22:E23) -> 0 | F24: =SUM(F22:F23) -> 1 | G24: =SUM(G22:G23) -> 1 | H24: =SUM(H22:H23) -> 1 | I24: =SUM(I22:I23) -> 1 | J24: =SUM(J22:J23) -> 1 | K24: =SUM(K22:K23) -> 1 | L24: =SUM(L22:L23) -> 2 | ... BD24: =SUM(BD22:BD23) -> 0 | BE24: =SUM(E24:BD24) -> 46
B25: 3. | C25: Jumlah pengguna hak pilih dalam Daftar Pemilih Khusus (DPK) | D25: LK | E25: 1 | F25: 0 | G25: 0 | H25: 0 | I25: 0 | J25: 1 | K25: 1 | L25: 0 | M25: 0 | N25: 0 | O25: 0 | P25: 4 | Q25: 7 | R25: 2 | S25: 1 | T25: 0 | U25: 2 | V25: 1 | W25: 3 | X25: 2 | Y25: 1 | Z25: 2 | AA25: 0 | AB25: 3 | AC25: 1 | AD25: 7 | AE25: 2 | AF25: 0 | AG25: 0 | AH25: 1 | AI25: 1 | AJ25: 3 | AK25: 0 | AL25: 2 | AM25: 0 | AN25: 0 | AO25: 2 | AP25: 1 | AQ25: 1 | AR25: 2 | AS25: 0 | AT25: 0 | AU25: 0 | AV25: 1 | AW25: 0 | AX25: 1 | AY25: 1 | AZ25: 1 | BA25: 1 | BB25: 0 | BC25: 1 | BD25: 1 | BE25: =SUM(E25:BD25) -> 61
D26: PR | E26: 2 | F26: 0 | G26: 2 | H26: 0 | I26: 0 | J26: 2 | K26: 2 | L26: 0 | M26: 0 | N26: 2 | O26: 2 | P26: 3 | Q26: 3 | R26: 2 | S26: 1 | T26: 0 | U26: 0 | V26: 2 | W26: 1 | X26: 4 | Y26: 2 | Z26: 0 | AA26: 1 | AB26: 2 | AC26: 2 | AD26: 6 | AE26: 0 | AF26: 0 | AG26: 0 | AH26: 4 | AI26: 7 | AJ26: 1 | AK26: 1 | AL26: 3 | AM26: 0 | AN26: 0 | AO26: 4 | AP26: 0 | AQ26: 1 | AR26: 5 | AS26: 1 | AT26: 0 | AU26: 0 | AV26: 4 | AW26: 0 | AX26: 1 | AY26: 0 | AZ26: 0 | BA26: 1 | BB26: 0 | BC26: 2 | BD26: 1 | BE26: =SUM(E26:BD26) -> 77
D27: JML | E27: =SUM(E25:E26) -> 3 | F27: =SUM(F25:F26) -> 0 | G27: =SUM(G25:G26) -> 2 | H27: =SUM(H25:H26) -> 0 | I27: =SUM(I25:I26) -> 0 | J27: =SUM(J25:J26) -> 3 | K27: =SUM(K25:K26) -> 3 | L27: =SUM(L25:L26) -> 0 | ... BD27: =SUM(BD25:BD26) -> 2 | BE27: =SUM(E27:BD27) -> 138
B28: 4. | C28: Jumlah Pengguna Hak Pilih (B.1+B.2+B.3) | D28: LK | E28: =SUM(E19,E22,E25) -> 99 | F28: =SUM(F19,F22,F25) -> 99 | G28: =SUM(G19,G22,G25) -> 97 | H28: =SUM(H19,H22,H25) -> 100 | I28: =SUM(I19,I22,I25) -> 100 | J28: =SUM(J19,J22,J25) -> 71 | K28: =SUM(K19,K22,K25) -> 83 | L28: =SUM(L19,L22,L25) -> 87 | ... BD28: =SUM(BD19,BD22,BD25) -> 78 | BE28: =SUM(E28:BD28) -> 4958
D29: PR | E29: =SUM(E20,E23,E26) -> 102 | F29: =SUM(F20,F23,F26) -> 97 | G29: =SUM(G20,G23,G26) -> 119 | H29: =SUM(H20,H23,H26) -> 113 | I29: =SUM(I20,I23,I26) -> 119 | J29: =SUM(J20,J23,J26) -> 100 | K29: =SUM(K20,K23,K26) -> 117 | L29: =SUM(L20,L23,L26) -> 106 | ... BD29: =SUM(BD20,BD23,BD26) -> 84 | BE29: =SUM(E29:BD29) -> 5724
D30: JML | E30: =SUM(E28:E29) -> 201 | F30: =SUM(F28:F29) -> 196 | G30: =SUM(G28:G29) -> 216 | H30: =SUM(H28:H29) -> 213 | I30: =SUM(I28:I29) -> 219 | J30: =SUM(J28:J29) -> 171 | K30: =SUM(K28:K29) -> 200 | L30: =SUM(L28:L29) -> 193 | ... BD30: =SUM(BD28:BD29) -> 162 | BE30: =SUM(E30:BD30) -> 10682
A32: II | B32: DATA PENGGUNAAN SURAT SUARA
A33: 1 | B33: Jumlah surat suara yang diterima, termasuk surat suara cadangan 2,5% dari DPT | E33: 262 | F33: 275 | G33: 292 | H33: 285 | I33: 286 | J33: 217 | K33: 263 | L33: 267 | M33: 217 | N33: 188 | O33: 296 | P33: 255 | Q33: 289 | R33: 286 | S33: 279 | T33: 262 | U33: 266 | V33: 273 | W33: 227 | X33: 196 | Y33: 285 | Z33: 280 | AA33: 290 | AB33: 303 | AC33: 305 | AD33: 297 | AE33: 215 | AF33: 298 | AG33: 289 | AH33: 291 | AI33: 275 | AJ33: 295 | AK33: 262 | AL33: 299 | AM33: 275 | AN33: 297 | AO33: 301 | AP33: 269 | AQ33: 221 | AR33: 293 | AS33: 287 | AT33: 273 | AU33: 273 | AV33: 273 | AW33: 255 | AX33: 268 | AY33: 197 | AZ33: 287 | BA33: 249 | BB33: 253 | BC33: 259 | BD33: 222 | BE33: =SUM(E33:BD33) -> 13917
A34: 2 | B34: Jumlah surat suara yang digunakan | E34: 201 | F34: 196 | G34: 216 | H34: 213 | I34: 219 | J34: 171 | K34: 200 | L34: 193 | M34: 160 | N34: 152 | O34: 177 | P34: 173 | Q34: 222 | R34: 210 | S34: 192 | T34: 198 | U34: 175 | V34: 206 | W34: 165 | X34: 173 | Y34: 221 | Z34: 220 | AA34: 268 | AB34: 250 | AC34: 269 | AD34: 276 | AE34: 190 | AF34: 236 | AG34: 223 | AH34: 253 | AI34: 228 | AJ34: 225 | AK34: 204 | AL34: 218 | AM34: 196 | AN34: 219 | AO34: 222 | AP34: 202 | AQ34: 163 | AR34: 219 | AS34: 219 | AT34: 205 | AU34: 205 | AV34: 225 | AW34: 211 | AX34: 201 | AY34: 151 | AZ34: 219 | BA34: 195 | BB34: 175 | BC34: 200 | BD34: 162 | BE34: =SUM(E34:BD34) -> 10682
A35: 3 | B35: Jumlah surat suara dikembalikan oleh pemilih (karena rusak atau keliru coblos) | H35: 1 | J35: 1 | K35: 1 | L35: 1 | AE35: 1 | AI35: 2 | AM35: 1 | AW35: 1 | BB35: 1 | BD35: 2 | BE35: =SUM(E35:BD35) -> 12
A36: 4 | B36: Jumlah surat suara yang tidak digunakan/tidak terpakai, termasuk sisa surat suara cadangan | E36: =E33-(E34+E35) -> 61 | F36: =F33-(F34+F35) -> 79 | G36: =G33-(G34+G35) -> 76 | H36: =H33-(H34+H35) -> 71 | I36: =I33-(I34+I35) -> 67 | J36: =J33-(J34+J35) -> 45 | K36: =K33-(K34+K35) -> 62 | L36: =L33-(L34+L35) -> 73 | ... BD36: =BD33-(BD34+BD35) -> 58 | BE36: =SUM(E36:BD36) -> 3223
A38: III | B38: DATA PEMILIH DISABILITAS
B39: Jumlah seluruh Pemilih disabilitas yang menggunakan hak pilih | D39: LK | E39: 0 | F39: 0 | G39: 1 | H39: 1 | I39: 0 | J39: 0 | K39: 0 | L39: 0 | M39: 0 | N39: 1 | O39: 0 | P39: 0 | Q39: 0 | R39: 0 | S39: 1 | T39: 0 | U39: 0 | V39: 0 | W39: 0 | X39: 0 | Y39: 0 | Z39: 0 | AA39: 0 | AB39: 1 | AC39: 1 | AD39: 2 | AE39: 1 | AF39: 0 | AG39: 0 | AH39: 0 | AI39: 0 | AJ39: 0 | AK39: 1 | AL39: 0 | AM39: 0 | AN39: 3 | AO39: 0 | AP39: 0 | AQ39: 2 | AR39: 1 | AS39: 0 | AT39: 0 | AU39: 0 | AV39: 0 | AW39: 0 | AX39: 1 | AY39: 0 | AZ39: 0 | BA39: 0 | BB39: 0 | BC39: 0 | BD39: 0 | BE39: =SUM(E39:BD39) -> 17
D40: PR | E40: 0 | F40: 1 | G40: 4 | H40: 1 | I40: 1 | J40: 0 | K40: 1 | L40: 0 | M40: 0 | N40: 1 | O40: 0 | P40: 0 | Q40: 0 | R40: 0 | S40: 5 | T40: 0 | U40: 0 | V40: 0 | W40: 0 | X40: 0 | Y40: 0 | Z40: 0 | AA40: 0 | AB40: 4 | AC40: 5 | AD40: 5 | AE40: 2 | AF40: 0 | AG40: 0 | AH40: 0 | AI40: 0 | AJ40: 0 | AK40: 4 | AL40: 0 | AM40: 0 | AN40: 5 | AO40: 0 | AP40: 1 | AQ40: 1 | AR40: 0 | AS40: 0 | AT40: 0 | AU40: 0 | AV40: 0 | AW40: 0 | AX40: 1 | AY40: 0 | AZ40: 0 | BA40: 0 | BB40: 0 | BC40: 0 | BD40: 0 | BE40: =SUM(E40:BD40) -> 42
D41: JML | E41: =SUM(E39:E40) -> 0 | F41: =SUM(F39:F40) -> 1 | G41: =SUM(G39:G40) -> 5 | H41: =SUM(H39:H40) -> 2 | I41: =SUM(I39:I40) -> 1 | J41: =SUM(J39:J40) -> 0 | K41: =SUM(K39:K40) -> 1 | L41: =SUM(L39:L40) -> 0 | ... BD41: =SUM(BD39:BD40) -> 0 | BE41: =SUM(E41:BD41) -> 59
A43: IV | B43: DATA RINCIAN PEROLEHAN SUARA PASANGAN CALON BUPATI DAN WAKIL BUPATI
A44: NOMOR DAN NAMA CALON
A45: A.1 | B45: 1. | C45: Partai Kebangkitan Bangsa | E45: 3 | F45: 1 | G45: 4 | H45: 7 | I45: 3 | J45: 2 | K45: 10 | L45: 6 | M45: 3 | N45: 6 | O45: 5 | P45: 6 | Q45: 2 | R45: 6 | S45: 7 | T45: 7 | U45: 6 | V45: 13 | W45: 6 | X45: 23 | Y45: 16 | Z45: 12 | AA45: 3 | AB45: 21 | AC45: 18 | AD45: 11 | AE45: 3 | AF45: 11 | AG45: 17 | AH45: 12 | AI45: 19 | AJ45: 3 | AK45: 11 | AL45: 3 | AM45: 5 | AN45: 4 | AO45: 9 | AP45: 6 | AQ45: 2 | AR45: 15 | AS45: 12 | AT45: 15 | AU45: 9 | AV45: 14 | AW45: 25 | AX45: 10 | AY45: 7 | AZ45: 15 | BA45: 10 | BB45: 8 | BC45: 7 | BD45: 8 | BE45: =SUM(E45:BD45) -> 467
A46: A.2 | C46: 1. Dra. Hj. MA`MULAH HARUN, M.Pd.I. | E46: 9 | F46: 9 | G46: 13 | H46: 11 | I46: 12 | J46: 5 | K46: 24 | L46: 9 | M46: 4 | N46: 6 | O46: 11 | P46: 28 | Q46: 13 | R46: 13 | S46: 15 | T46: 14 | U46: 6 | V46: 12 | W46: 7 | X46: 35 | Y46: 27 | Z46: 11 | AA46: 18 | AB46: 10 | AC46: 46 | AD46: 39 | AE46: 5 | AF46: 10 | AG46: 8 | AH46: 10 | AI46: 17 | AJ46: 6 | AK46: 5 | AL46: 4 | AM46: 9 | AN46: 6 | AO46: 14 | AP46: 13 | AQ46: 5 | AR46: 17 | AS46: 39 | AT46: 13 | AU46: 12 | AV46: 14 | AW46: 10 | AX46: 11 | AY46: 14 | AZ46: 31 | BA46: 17 | BB46: 8 | BC46: 3 | BD46: 4 | BE46: =SUM(E46:BD46) -> 712
C47: 2. UBAIDILLAH, S.Fil.I. | E47: 2 | F47: 0 | G47: 3 | H47: 1 | I47: 1 | J47: 0 | K47: 7 | L47: 3 | M47: 0 | N47: 1 | O47: 0 | P47: 2 | Q47: 1 | R47: 1 | S47: 0 | T47: 1 | U47: 2 | V47: 3 | W47: 1 | X47: 11 | Y47: 6 | Z47: 28 | AA47: 4 | AB47: 1 | AC47: 6 | AD47: 14 | AE47: 2 | AF47: 1 | AG47: 5 | AH47: 14 | AI47: 13 | AJ47: 0 | AK47: 0 | AL47: 5 | AM47: 5 | AN47: 2 | AO47: 0 | AP47: 13 | AQ47: 2 | AR47: 0 | AS47: 9 | AT47: 7 | AU47: 4 | AV47: 5 | AW47: 14 | AX47: 4 | AY47: 2 | AZ47: 6 | BA47: 3 | BB47: 3 | BC47: 1 | BD47: 2 | BE47: =SUM(E47:BD47) -> 221
C48: 3. Ir. H. YOYOK MULYADI, M.Si. | E48: 3 | F48: 2 | G48: 0 | H48: 0 | I48: 2 | J48: 0 | K48: 1 | L48: 1 | M48: 0 | N48: 0 | O48: 3 | P48: 1 | Q48: 0 | R48: 2 | S48: 0 | T48: 0 | U48: 0 | V48: 5 | W48: 0 | X48: 10 | Y48: 8 | Z48: 3 | AA48: 3 | AB48: 4 | AC48: 4 | AD48: 2 | AE48: 0 | AF48: 2 | AG48: 4 | AH48: 4 | AI48: 27 | AJ48: 2 | AK48: 1 | AL48: 1 | AM48: 3 | AN48: 0 | AO48: 2 | AP48: 3 | AQ48: 0 | AR48: 1 | AS48: 3 | AT48: 1 | AU48: 1 | AV48: 1 | AW48: 9 | AX48: 8 | AY48: 1 | AZ48: 3 | BA48: 5 | BB48: 2 | BC48: 4 | BD48: 5 | BE48: =SUM(E48:BD48) -> 147
C49: 4. KHOIRUL ANWAR, S.Fil.I. | E49: 0 | F49: 0 | G49: 1 | H49: 1 | I49: 2 | J49: 0 | K49: 2 | L49: 1 | M49: 0 | N49: 1 | O49: 0 | P49: 1 | Q49: 7 | R49: 2 | S49: 0 | T49: 0 | U49: 0 | V49: 5 | W49: 2 | X49: 2 | Y49: 2 | Z49: 1 | AA49: 1 | AB49: 0 | AC49: 1 | AD49: 0 | AE49: 0 | AF49: 1 | AG49: 4 | AH49: 4 | AI49: 5 | AJ49: 1 | AK49: 0 | AL49: 5 | AM49: 1 | AN49: 1 | AO49: 0 | AP49: 2 | AQ49: 0 | AR49: 1 | AS49: 1 | AT49: 3 | AU49: 2 | AV49: 2 | AW49: 1 | AX49: 2 | AY49: 1 | AZ49: 4 | BA49: 2 | BB49: 1 | BC49: 0 | BD49: 1 | BE49: =SUM(E49:BD49) -> 77
C50: 5. ARIF WIJAKSANA | E50: 1 | F50: 1 | G50: 2 | H50: 0 | I50: 0 | J50: 1 | K50: 0 | L50: 0 | M50: 0 | N50: 1 | O50: 0 | P50: 0 | Q50: 0 | R50: 0 | S50: 0 | T50: 1 | U50: 0 | V50: 0 | W50: 0 | X50: 1 | Y50: 0 | Z50: 0 | AA50: 0 | AB50: 0 | AC50: 0 | AD50: 0 | AE50: 0 | AF50: 0 | AG50: 1 | AH50: 0 | AI50: 0 | AJ50: 1 | AK50: 1 | AL50: 0 | AM50: 1 | AN50: 1 | AO50: 0 | AP50: 1 | AQ50: 0 | AR50: 1 | AS50: 2 | AT50: 1 | AU50: 0 | AV50: 1 | AW50: 0 | AX50: 1 | AY50: 0 | AZ50: 0 | BA50: 0 | BB50: 0 | BC50: 2 | BD50: 0 | BE50: =SUM(E50:BD50) -> 22
C51: 6. Dr. SITI YUMNAH | E51: 0 | F51: 1 | G51: 0 | H51: 0 | I51: 0 | J51: 0 | K51: 0 | L51: 0 | M51: 0 | N51: 1 | O51: 0 | P51: 0 | Q51: 1 | R51: 0 | S51: 0 | T51: 0 | U51: 0 | V51: 2 | W51: 0 | X51: 1 | Y51: 1 | Z51: 0 | AA51: 0 | AB51: 0 | AC51: 0 | AD51: 2 | AE51: 0 | AF51: 1 | AG51: 1 | AH51: 1 | AI51: 0 | AJ51: 0 | AK51: 3 | AL51: 1 | AM51: 0 | AN51: 0 | AO51: 0 | AP51: 0 | AQ51: 0 | AR51: 0 | AS51: 0 | AT51: 3 | AU51: 0 | AV51: 1 | AW51: 2 | AX51: 0 | AY51: 1 | AZ51: 2 | BA51: 0 | BB51: 0 | BC51: 0 | BD51: 1 | BE51: =SUM(E51:BD51) -> 26
C52: 7. MOHAMMAD ZAINI, M.Pd.I. | E52: 1 | F52: 0 | G52: 1 | H52: 0 | I52: 0 | J52: 0 | K52: 1 | L52: 1 | M52: 0 | N52: 0 | O52: 0 | P52: 0 | Q52: 0 | R52: 1 | S52: 0 | T52: 0 | U52: 1 | V52: 0 | W52: 0 | X52: 0 | Y52: 1 | Z52: 0 | AA52: 0 | AB52: 0 | AC52: 0 | AD52: 0 | AE52: 2 | AF52: 0 | AG52: 0 | AH52: 0 | AI52: 4 | AJ52: 0 | AK52: 1 | AL52: 2 | AM52: 2 | AN52: 1 | AO52: 1 | AP52: 0 | AQ52: 0 | AR52: 1 | AS52: 1 | AT52: 1 | AU52: 0 | AV52: 0 | AW52: 1 | AX52: 0 | AY52: 0 | AZ52: 0 | BA52: 3 | BB52: 0 | BC52: 0 | BD52: 0 | BE52: =SUM(E52:BD52) -> 27
C53: 8. FAWAIDUL MAKKIYAH | E53: 0 | F53: 0 | G53: 1 | H53: 0 | I53: 1 | J53: 0 | K53: 0 | L53: 0 | M53: 1 | N53: 0 | O53: 0 | P53: 0 | Q53: 0 | R53: 0 | S53: 0 | T53: 0 | U53: 1 | V53: 0 | W53: 0 | X53: 0 | Y53: 1 | Z53: 0 | AA53: 0 | AB53: 0 | AC53: 0 | AD53: 0 | AE53: 0 | AF53: 0 | AG53: 1 | AH53: 0 | AI53: 0 | AJ53: 1 | AK53: 0 | AL53: 0 | AM53: 1 | AN53: 1 | AO53: 0 | AP53: 0 | AQ53: 0 | AR53: 0 | AS53: 0 | AT53: 0 | AU53: 0 | AV53: 0 | AW53: 0 | AX53: 0 | AY53: 1 | AZ53: 0 | BA53: 1 | BB53: 1 | BC53: 1 | BD53: 1 | BE53: =SUM(E53:BD53) -> 14
C54: 9. IFFAH HIDAYATUR ROHMAH, S.Sos. | E54: 1 | F54: 0 | G54: 0 | H54: 0 | I54: 0 | J54: 0 | K54: 0 | L54: 0 | M54: 0 | N54: 1 | O54: 0 | P54: 0 | Q54: 0 | R54: 3 | S54: 0 | T54: 0 | U54: 0 | V54: 0 | W54: 0 | X54: 0 | Y54: 0 | Z54: 1 | AA54: 0 | AB54: 0 | AC54: 0 | AD54: 0 | AE54: 0 | AF54: 1 | AG54: 1 | AH54: 0 | AI54: 1 | AJ54: 0 | AK54: 0 | AL54: 0 | AM54: 0 | AN54: 0 | AO54: 0 | AP54: 1 | AQ54: 0 | AR54: 0 | AS54: 0 | AT54: 0 | AU54: 0 | AV54: 0 | AW54: 0 | AX54: 0 | AY54: 0 | AZ54: 0 | BA54: 3 | BB54: 0 | BC54: 0 | BD54: 2 | BE54: =SUM(E54:BD54) -> 15
A55: B | B55: JUMLAH SUARA SAH PARTAI POLITIK DAN CALON (A1 + A2) | E55: =SUM(E45:E54) -> 20 | F55: =SUM(F45:F54) -> 14 | G55: =SUM(G45:G54) -> 25 | H55: =SUM(H45:H54) -> 20 | I55: =SUM(I45:I54) -> 21 | J55: =SUM(J45:J54) -> 8 | K55: =SUM(K45:K54) -> 45 | L55: =SUM(L45:L54) -> 21 | ... BE55: =SUM(BE45:BE54) -> 1728
A57: A.1 | B57: 2. | C57: Partai Gerakan Indonesia Raya | E57: 13 | F57: 8 | G57: 7 | H57: 15 | I57: 11 | J57: 5 | K57: 11 | L57: 16 | M57: 14 | N57: 11 | O57: 10 | P57: 2 | Q57: 8 | R57: 8 | S57: 12 | T57: 11 | U57: 17 | V57: 11 | W57: 20 | X57: 8 | Y57: 5 | Z57: 8 | AA57: 6 | AB57: 8 | AC57: 3 | AD57: 0 | AE57: 6 | AF57: 12 | AG57: 9 | AH57: 7 | AI57: 10 | AJ57: 18 | AK57: 13 | AL57: 13 | AM57: 7 | AN57: 9 | AO57: 11 | AP57: 2 | AQ57: 9 | AR57: 15 | AS57: 9 | AT57: 16 | AU57: 16 | AV57: 25 | AW57: 26 | AX57: 18 | AY57: 14 | AZ57: 11 | BA57: 11 | BB57: 8 | BC57: 10 | BD57: 13 | BE57: =SUM(E57:BD57) -> 566
A58: A.2 | C58: 1. AHMAD HADINUDDIN, S.Pd.I. | E58: 5 | F58: 2 | G58: 6 | H58: 10 | I58: 2 | J58: 5 | K58: 4 | L58: 7 | M58: 5 | N58: 3 | O58: 8 | P58: 6 | Q58: 7 | R58: 7 | S58: 3 | T58: 7 | U58: 9 | V58: 8 | W58: 9 | X58: 3 | Y58: 6 | Z58: 1 | AA58: 0 | AB58: 6 | AC58: 4 | AD58: 2 | AE58: 0 | AF58: 7 | AG58: 2 | AH58: 5 | AI58: 5 | AJ58: 5 | AK58: 3 | AL58: 7 | AM58: 6 | AN58: 8 | AO58: 4 | AP58: 3 | AQ58: 4 | AR58: 13 | AS58: 11 | AT58: 7 | AU58: 12 | AV58: 11 | AW58: 10 | AX58: 15 | AY58: 6 | AZ58: 8 | BA58: 8 | BB58: 4 | BC58: 6 | BD58: 5 | BE58: =SUM(E58:BD58) -> 310
C59: 2. BIMA RAFSANJANI RAFID | E59: 10 | F59: 4 | G59: 9 | H59: 11 | I59: 10 | J59: 3 | K59: 5 | L59: 4 | M59: 3 | N59: 1 | O59: 5 | P59: 5 | Q59: 8 | R59: 6 | S59: 9 | T59: 6 | U59: 6 | V59: 5 | W59: 3 | X59: 7 | Y59: 8 | Z59: 13 | AA59: 30 | AB59: 9 | AC59: 3 | AD59: 0 | AE59: 1 | AF59: 7 | AG59: 2 | AH59: 7 | AI59: 8 | AJ59: 5 | AK59: 8 | AL59: 5 | AM59: 5 | AN59: 9 | AO59: 5 | AP59: 6 | AQ59: 4 | AR59: 45 | AS59: 24 | AT59: 14 | AU59: 18 | AV59: 22 | AW59: 23 | AX59: 20 | AY59: 19 | AZ59: 7 | BA59: 9 | BB59: 11 | BC59: 10 | BD59: 5 | BE59: =SUM(E59:BD59) -> 482
C60: 3. IRA DAMAYANTI | E60: 2 | F60: 0 | G60: 3 | H60: 0 | I60: 3 | J60: 0 | K60: 3 | L60: 0 | M60: 7 | N60: 4 | O60: 2 | P60: 1 | Q60: 2 | R60: 1 | S60: 3 | T60: 0 | U60: 3 | V60: 3 | W60: 4 | X60: 1 | Y60: 4 | Z60: 1 | AA60: 0 | AB60: 0 | AC60: 2 | AD60: 0 | AE60: 0 | AF60: 2 | AG60: 0 | AH60: 2 | AI60: 2 | AJ60: 1 | AK60: 1 | AL60: 2 | AM60: 3 | AN60: 2 | AO60: 1 | AP60: 0 | AQ60: 0 | AR60: 2 | AS60: 2 | AT60: 6 | AU60: 7 | AV60: 3 | AW60: 0 | AX60: 5 | AY60: 2 | AZ60: 1 | BA60: 0 | BB60: 3 | BC60: 2 | BD60: 1 | BE60: =SUM(E60:BD60) -> 99
C61: 4. MAULANA MALIK IBRAHIM, S.H. | E61: 1 | F61: 5 | G61: 0 | H61: 10 | I61: 10 | J61: 0 | K61: 1 | L61: 2 | M61: 4 | N61: 2 | O61: 2 | P61: 4 | Q61: 8 | R61: 5 | S61: 16 | T61: 1 | U61: 3 | V61: 2 | W61: 1 | X61: 1 | Y61: 4 | Z61: 4 | AA61: 1 | AB61: 1 | AC61: 2 | AD61: 0 | AE61: 0 | AF61: 2 | AG61: 0 | AH61: 6 | AI61: 2 | AJ61: 4 | AK61: 2 | AL61: 4 | AM61: 0 | AN61: 5 | AO61: 0 | AP61: 0 | AQ61: 3 | AR61: 6 | AS61: 2 | AT61: 2 | AU61: 2 | AV61: 9 | AW61: 1 | AX61: 6 | AY61: 1 | AZ61: 2 | BA61: 0 | BB61: 2 | BC61: 1 | BD61: 1 | BE61: =SUM(E61:BD61) -> 153
C62: 5. LULUK ALFIATI | E62: 0 | F62: 1 | G62: 0 | H62: 1 | I62: 0 | J62: 0 | K62: 0 | L62: 0 | M62: 1 | N62: 0 | O62: 0 | P62: 0 | Q62: 2 | R62: 3 | S62: 4 | T62: 0 | U62: 0 | V62: 2 | W62: 4 | X62: 0 | Y62: 0 | Z62: 1 | AA62: 0 | AB62: 0 | AC62: 1 | AD62: 0 | AE62: 0 | AF62: 3 | AG62: 0 | AH62: 0 | AI62: 0 | AJ62: 0 | AK62: 0 | AL62: 1 | AM62: 1 | AN62: 1 | AO62: 0 | AP62: 2 | AQ62: 1 | AR62: 1 | AS62: 2 | AT62: 2 | AU62: 0 | AV62: 0 | AW62: 1 | AX62: 2 | AY62: 1 | AZ62: 1 | BA62: 1 | BB62: 1 | BC62: 2 | BD62: 1 | BE62: =SUM(E62:BD62) -> 44
C63: 6. ILHAM WAHYUDI, S.H. | E63: 1 | F63: 1 | G63: 1 | H63: 0 | I63: 0 | J63: 0 | K63: 1 | L63: 3 | M63: 0 | N63: 0 | O63: 1 | P63: 0 | Q63: 1 | R63: 3 | S63: 0 | T63: 0 | U63: 0 | V63: 0 | W63: 4 | X63: 0 | Y63: 1 | Z63: 0 | AA63: 1 | AB63: 0 | AC63: 0 | AD63: 1 | AE63: 0 | AF63: 1 | AG63: 1 | AH63: 0 | AI63: 1 | AJ63: 1 | AK63: 0 | AL63: 2 | AM63: 1 | AN63: 0 | AO63: 0 | AP63: 0 | AQ63: 0 | AR63: 0 | AS63: 2 | AT63: 2 | AU63: 1 | AV63: 0 | AW63: 0 | AX63: 1 | AY63: 0 | AZ63: 5 | BA63: 0 | BB63: 1 | BC63: 0 | BD63: 1 | BE63: =SUM(E63:BD63) -> 39
C64: 7. HAERUL ANWAR, S.Pd.I. | E64: 0 | F64: 0 | G64: 0 | H64: 0 | I64: 1 | J64: 0 | K64: 0 | L64: 1 | M64: 0 | N64: 0 | O64: 0 | P64: 1 | Q64: 0 | R64: 1 | S64: 0 | T64: 0 | U64: 0 | V64: 0 | W64: 0 | X64: 0 | Y64: 0 | Z64: 0 | AA64: 0 | AB64: 0 | AC64: 0 | AD64: 0 | AE64: 1 | AF64: 0 | AG64: 0 | AH64: 0 | AI64: 0 | AJ64: 0 | AK64: 1 | AL64: 0 | AM64: 0 | AN64: 0 | AO64: 0 | AP64: 0 | AQ64: 0 | AR64: 0 | AS64: 1 | AT64: 0 | AU64: 0 | AV64: 1 | AW64: 0 | AX64: 0 | AY64: 1 | AZ64: 0 | BA64: 2 | BB64: 0 | BC64: 0 | BD64: 0 | BE64: =SUM(E64:BD64) -> 11
C65: 8. YOVI ADHITYA WARDANI | E65: 0 | F65: 0 | G65: 0 | H65: 1 | I65: 0 | J65: 0 | K65: 0 | L65: 0 | M65: 0 | N65: 0 | O65: 0 | P65: 1 | Q65: 0 | R65: 0 | S65: 0 | T65: 1 | U65: 0 | V65: 0 | W65: 1 | X65: 0 | Y65: 0 | Z65: 1 | AA65: 0 | AB65: 0 | AC65: 1 | AD65: 0 | AE65: 0 | AF65: 1 | AG65: 0 | AH65: 0 | AI65: 0 | AJ65: 0 | AK65: 0 | AL65: 0 | AM65: 0 | AN65: 0 | AO65: 0 | AP65: 0 | AQ65: 0 | AR65: 0 | AS65: 0 | AT65: 0 | AU65: 0 | AV65: 1 | AW65: 1 | AX65: 0 | AY65: 0 | AZ65: 0 | BA65: 0 | BB65: 0 | BC65: 0 | BD65: 0 | BE65: =SUM(E65:BD65) -> 9
C66: 9. RITA AMELIA | E66: 1 | F66: 0 | G66: 1 | H66: 0 | I66: 1 | J66: 0 | K66: 0 | L66: 0 | M66: 1 | N66: 0 | O66: 1 | P66: 0 | Q66: 0 | R66: 0 | S66: 3 | T66: 0 | U66: 1 | V66: 2 | W66: 0 | X66: 1 | Y66: 0 | Z66: 0 | AA66: 0 | AB66: 1 | AC66: 0 | AD66: 0 | AE66: 0 | AF66: 1 | AG66: 1 | AH66: 0 | AI66: 0 | AJ66: 2 | AK66: 3 | AL66: 1 | AM66: 0 | AN66: 0 | AO66: 0 | AP66: 0 | AQ66: 0 | AR66: 2 | AS66: 0 | AT66: 1 | AU66: 0 | AV66: 0 | AW66: 0 | AX66: 0 | AY66: 0 | AZ66: 0 | BA66: 0 | BB66: 1 | BC66: 0 | BD66: 0 | BE66: =SUM(E66:BD66) -> 25
A67: B | B67: JUMLAH SUARA SAH PARTAI POLITIK DAN CALON (A1 + A2) | E67: =SUM(E57:E66) -> 33 | F67: =SUM(F57:F66) -> 21 | G67: =SUM(G57:G66) -> 27 | H67: =SUM(H57:H66) -> 48 | I67: =SUM(I57:I66) -> 38 | J67: =SUM(J57:J66) -> 13 | K67: =SUM(K57:K66) -> 25 | L67: =SUM(L57:L66) -> 33 | ... BE67: =SUM(BE57:BE66) -> 1738
A69: A.1 | B69: 3. | C69: Partai Demokrasi Indonesia Perjuangan | E69: 13 | F69: 25 | G69: 7 | H69: 10 | I69: 13 | J69: 15 | K69: 14 | L69: 15 | M69: 17 | N69: 23 | O69: 11 | P69: 10 | Q69: 17 | R69: 15 | S69: 9 | T69: 9 | U69: 18 | V69: 20 | W69: 11 | X69: 8 | Y69: 8 | Z69: 13 | AA69: 9 | AB69: 23 | AC69: 18 | AD69: 6 | AE69: 12 | AF69: 15 | AG69: 3 | AH69: 9 | AI69: 9 | AJ69: 16 | AK69: 16 | AL69: 7 | AM69: 6 | AN69: 9 | AO69: 6 | AP69: 5 | AQ69: 14 | AR69: 6 | AS69: 4 | AT69: 7 | AU69: 6 | AV69: 2 | AW69: 11 | AX69: 5 | AY69: 6 | AZ69: 6 | BA69: 5 | BB69: 12 | BC69: 10 | BD69: 15 | BE69: =SUM(E69:BD69) -> 579
A70: A.2 | C70: 1. MARTIN H., S.H., M.H. | E70: 5 | F70: 5 | G70: 4 | H70: 8 | I70: 5 | J70: 6 | K70: 7 | L70: 11 | M70: 8 | N70: 11 | O70: 2 | P70: 6 | Q70: 5 | R70: 2 | S70: 2 | T70: 0 | U70: 9 | V70: 6 | W70: 1 | X70: 4 | Y70: 11 | Z70: 16 | AA70: 8 | AB70: 18 | AC70: 25 | AD70: 6 | AE70: 3 | AF70: 2 | AG70: 2 | AH70: 2 | AI70: 2 | AJ70: 6 | AK70: 5 | AL70: 9 | AM70: 2 | AN70: 1 | AO70: 1 | AP70: 4 | AQ70: 4 | AR70: 3 | AS70: 6 | AT70: 6 | AU70: 2 | AV70: 4 | AW70: 3 | AX70: 2 | AY70: 0 | AZ70: 7 | BA70: 0 | BB70: 7 | BC70: 3 | BD70: 6 | BE70: =SUM(E70:BD70) -> 283
C71: 2. HERMANTO, S.E. | E71: 22 | F71: 40 | G71: 6 | H71: 13 | I71: 25 | J71: 44 | K71: 9 | L71: 19 | M71: 16 | N71: 16 | O71: 16 | P71: 16 | Q71: 19 | R71: 13 | S71: 7 | T71: 22 | U71: 7 | V71: 9 | W71: 12 | X71: 4 | Y71: 10 | Z71: 3 | AA71: 6 | AB71: 9 | AC71: 26 | AD71: 4 | AE71: 91 | AF71: 40 | AG71: 14 | AH71: 9 | AI71: 1 | AJ71: 20 | AK71: 8 | AL71: 12 | AM71: 17 | AN71: 7 | AO71: 5 | AP71: 15 | AQ71: 9 | AR71: 10 | AS71: 4 | AT71: 7 | AU71: 3 | AV71: 5 | AW71: 6 | AX71: 8 | AY71: 2 | AZ71: 8 | BA71: 6 | BB71: 11 | BC71: 16 | BD71: 15 | BE71: =SUM(E71:BD71) -> 742
C72: 3. EVY SUSILAWATI, S.E., M.M. | E72: 1 | F72: 6 | G72: 7 | H72: 3 | I72: 3 | J72: 4 | K72: 3 | L72: 3 | M72: 9 | N72: 4 | O72: 3 | P72: 1 | Q72: 4 | R72: 4 | S72: 3 | T72: 0 | U72: 6 | V72: 4 | W72: 1 | X72: 2 | Y72: 1 | Z72: 2 | AA72: 3 | AB72: 3 | AC72: 6 | AD72: 0 | AE72: 3 | AF72: 1 | AG72: 2 | AH72: 7 | AI72: 0 | AJ72: 6 | AK72: 4 | AL72: 4 | AM72: 1 | AN72: 4 | AO72: 2 | AP72: 4 | AQ72: 4 | AR72: 1 | AS72: 0 | AT72: 1 | AU72: 4 | AV72: 2 | AW72: 1 | AX72: 4 | AY72: 2 | AZ72: 5 | BA72: 3 | BB72: 3 | BC72: 2 | BD72: 5 | BE72: =SUM(E72:BD72) -> 161
C73: 4. M. SIROTTUDIN | E73: 31 | F73: 26 | G73: 5 | H73: 17 | I73: 26 | J73: 38 | K73: 34 | L73: 13 | M73: 21 | N73: 16 | O73: 18 | P73: 19 | Q73: 18 | R73: 19 | S73: 16 | T73: 55 | U73: 15 | V73: 12 | W73: 5 | X73: 1 | Y73: 5 | Z73: 7 | AA73: 107 | AB73: 30 | AC73: 21 | AD73: 4 | AE73: 2 | AF73: 7 | AG73: 7 | AH73: 1 | AI73: 6 | AJ73: 12 | AK73: 25 | AL73: 11 | AM73: 2 | AN73: 6 | AO73: 4 | AP73: 7 | AQ73: 12 | AR73: 3 | AS73: 10 | AT73: 6 | AU73: 5 | AV73: 3 | AW73: 0 | AX73: 1 | AY73: 1 | AZ73: 1 | BA73: 4 | BB73: 3 | BC73: 1 | BD73: 13 | BE73: =SUM(E73:BD73) -> 732
C74: 5. ABDUL HAFID, S.H. | E74: 2 | F74: 1 | G74: 1 | H74: 2 | I74: 2 | J74: 0 | K74: 0 | L74: 2 | M74: 4 | N74: 1 | O74: 1 | P74: 1 | Q74: 1 | R74: 3 | S74: 2 | T74: 0 | U74: 1 | V74: 6 | W74: 1 | X74: 0 | Y74: 0 | Z74: 1 | AA74: 0 | AB74: 1 | AC74: 2 | AD74: 0 | AE74: 0 | AF74: 0 | AG74: 0 | AH74: 1 | AI74: 0 | AJ74: 0 | AK74: 4 | AL74: 1 | AM74: 1 | AN74: 1 | AO74: 2 | AP74: 0 | AQ74: 2 | AR74: 1 | AS74: 1 | AT74: 1 | AU74: 0 | AV74: 1 | AW74: 0 | AX74: 1 | AY74: 2 | AZ74: 3 | BA74: 0 | BB74: 0 | BC74: 0 | BD74: 0 | BE74: =SUM(E74:BD74) -> 57
C75: 6. NIKITA FORTUNA SURYANINGATI, A.Md.Keb. | E75: 1 | F75: 2 | G75: 2 | H75: 0 | I75: 2 | J75: 0 | K75: 0 | L75: 2 | M75: 2 | N75: 1 | O75: 3 | P75: 1 | Q75: 2 | R75: 2 | S75: 1 | T75: 0 | U75: 2 | V75: 1 | W75: 0 | X75: 0 | Y75: 1 | Z75: 0 | AA75: 0 | AB75: 0 | AC75: 1 | AD75: 0 | AE75: 0 | AF75: 0 | AG75: 1 | AH75: 0 | AI75: 2 | AJ75: 0 | AK75: 0 | AL75: 2 | AM75: 0 | AN75: 2 | AO75: 1 | AP75: 1 | AQ75: 0 | AR75: 0 | AS75: 1 | AT75: 0 | AU75: 1 | AV75: 0 | AW75: 0 | AX75: 0 | AY75: 0 | AZ75: 0 | BA75: 1 | BB75: 3 | BC75: 0 | BD75: 0 | BE75: =SUM(E75:BD75) -> 41
C76: 7. YUDHO ILHAM WIJAYA, S.E. | E76: 1 | F76: 1 | G76: 1 | H76: 1 | I76: 1 | J76: 3 | K76: 0 | L76: 0 | M76: 0 | N76: 1 | O76: 0 | P76: 0 | Q76: 0 | R76: 3 | S76: 0 | T76: 0 | U76: 1 | V76: 2 | W76: 0 | X76: 2 | Y76: 1 | Z76: 1 | AA76: 0 | AB76: 3 | AC76: 1 | AD76: 1 | AE76: 0 | AF76: 0 | AG76: 0 | AH76: 0 | AI76: 1 | AJ76: 0 | AK76: 4 | AL76: 4 | AM76: 2 | AN76: 3 | AO76: 1 | AP76: 1 | AQ76: 4 | AR76: 1 | AS76: 0 | AT76: 0 | AU76: 0 | AV76: 0 | AW76: 1 | AX76: 1 | AY76: 1 | AZ76: 1 | BA76: 0 | BB76: 1 | BC76: 2 | BD76: 2 | BE76: =SUM(E76:BD76) -> 54
C77: 8. SETIAWATI, S.H. | E77: 1 | F77: 1 | G77: 0 | H77: 1 | I77: 1 | J77: 0 | K77: 0 | L77: 1 | M77: 0 | N77: 0 | O77: 0 | P77: 0 | Q77: 1 | R77: 2 | S77: 2 | T77: 0 | U77: 0 | V77: 0 | W77: 1 | X77: 0 | Y77: 0 | Z77: 1 | AA77: 0 | AB77: 0 | AC77: 1 | AD77: 0 | AE77: 0 | AF77: 1 | AG77: 0 | AH77: 0 | AI77: 0 | AJ77: 0 | AK77: 1 | AL77: 0 | AM77: 3 | AN77: 0 | AO77: 1 | AP77: 0 | AQ77: 0 | AR77: 1 | AS77: 1 | AT77: 1 | AU77: 1 | AV77: 0 | AW77: 0 | AX77: 0 | AY77: 1 | AZ77: 2 | BA77: 0 | BB77: 0 | BC77: 1 | BD77: 1 | BE77: =SUM(E77:BD77) -> 28
C78: 9. EKO BUDI SANTOSO, S.H. | E78: 2 | F78: 1 | G78: 1 | H78: 0 | I78: 0 | J78: 1 | K78: 0 | L78: 3 | M78: 2 | N78: 1 | O78: 2 | P78: 0 | Q78: 0 | R78: 2 | S78: 1 | T78: 2 | U78: 1 | V78: 2 | W78: 1 | X78: 0 | Y78: 0 | Z78: 0 | AA78: 0 | AB78: 2 | AC78: 1 | AD78: 0 | AE78: 0 | AF78: 0 | AG78: 0 | AH78: 0 | AI78: 1 | AJ78: 1 | AK78: 4 | AL78: 2 | AM78: 0 | AN78: 2 | AO78: 1 | AP78: 1 | AQ78: 2 | AR78: 0 | AS78: 0 | AT78: 0 | AU78: 1 | AV78: 1 | AW78: 1 | AX78: 1 | AY78: 1 | AZ78: 1 | BA78: 0 | BB78: 0 | BC78: 0 | BD78: 2 | BE78: =SUM(E78:BD78) -> 47
A79: B | B79: JUMLAH SUARA SAH PARTAI POLITIK DAN CALON (A1 + A2) | E79: =SUM(E69:E78) -> 79 | F79: =SUM(F69:F78) -> 108 | G79: =SUM(G69:G78) -> 34 | H79: =SUM(H69:H78) -> 55 | I79: =SUM(I69:I78) -> 78 | J79: =SUM(J69:J78) -> 111 | K79: =SUM(K69:K78) -> 67 | L79: =SUM(L69:L78) -> 69 | ... BE79: =SUM(BE69:BE78) -> 2724
A81: A.1 | B81: 4. | C81: Partai Golongan Karya | E81: 3 | F81: 5 | G81: 15 | H81: 9 | I81: 7 | J81: 0 | K81: 1 | L81: 2 | M81: 1 | N81: 2 | O81: 8 | P81: 2 | Q81: 4 | R81: 3 | S81: 4 | T81: 2 | U81: 6 | V81: 4 | W81: 1 | X81: 5 | Y81: 9 | Z81: 10 | AA81: 8 | AB81: 5 | AC81: 2 | AD81: 11 | AE81: 5 | AF81: 12 | AG81: 5 | AH81: 9 | AI81: 1 | AJ81: 2 | AK81: 4 | AL81: 6 | AM81: 2 | AN81: 6 | AO81: 9 | AP81: 5 | AQ81: 6 | AR81: 3 | AS81: 0 | AT81: 1 | AU81: 5 | AV81: 4 | AW81: 1 | AX81: 3 | AY81: 5 | AZ81: 5 | BA81: 1 | BB81: 7 | BC81: 14 | BD81: 5 | BE81: =SUM(E81:BD81) -> 255
A82: A.2 | C82: 1. PRANAYA YUDHA MAHARDHIKA | E82: 1 | F82: 1 | G82: 7 | H82: 9 | I82: 1 | J82: 0 | K82: 3 | L82: 2 | M82: 1 | N82: 0 | O82: 2 | P82: 1 | Q82: 4 | R82: 0 | S82: 1 | T82: 3 | U82: 1 | V82: 0 | W82: 5 | X82: 3 | Y82: 6 | Z82: 15 | AA82: 8 | AB82: 9 | AC82: 4 | AD82: 13 | AE82: 8 | AF82: 3 | AG82: 3 | AH82: 9 | AI82: 0 | AJ82: 0 | AK82: 3 | AL82: 3 | AM82: 0 | AN82: 7 | AO82: 2 | AP82: 12 | AQ82: 2 | AR82: 2 | AS82: 4 | AT82: 4 | AU82: 5 | AV82: 1 | AW82: 0 | AX82: 2 | AY82: 1 | AZ82: 5 | BA82: 0 | BB82: 9 | BC82: 28 | BD82: 1 | BE82: =SUM(E82:BD82) -> 214
C83: 2. Dra. Ec. ENDANG SULASTUTY, M.I.P. | E83: 0 | F83: 1 | G83: 8 | H83: 9 | I83: 2 | J83: 1 | K83: 0 | L83: 1 | M83: 2 | N83: 0 | O83: 5 | P83: 0 | Q83: 7 | R83: 1 | S83: 5 | T83: 0 | U83: 1 | V83: 0 | W83: 2 | X83: 2 | Y83: 4 | Z83: 1 | AA83: 8 | AB83: 3 | AC83: 2 | AD83: 4 | AE83: 5 | AF83: 5 | AG83: 2 | AH83: 2 | AI83: 1 | AJ83: 2 | AK83: 0 | AL83: 5 | AM83: 7 | AN83: 6 | AO83: 8 | AP83: 8 | AQ83: 2 | AR83: 2 | AS83: 1 | AT83: 2 | AU83: 3 | AV83: 2 | AW83: 5 | AX83: 7 | AY83: 10 | AZ83: 0 | BA83: 2 | BB83: 7 | BC83: 4 | BD83: 2 | BE83: =SUM(E83:BD83) -> 169
C84: 3. AGUS REJEKI WARTONO | E84: 0 | F84: 0 | G84: 5 | H84: 4 | I84: 2 | J84: 1 | K84: 1 | L84: 0 | M84: 2 | N84: 3 | O84: 2 | P84: 3 | Q84: 4 | R84: 3 | S84: 2 | T84: 0 | U84: 1 | V84: 0 | W84: 0 | X84: 2 | Y84: 1 | Z84: 1 | AA84: 2 | AB84: 1 | AC84: 0 | AD84: 0 | AE84: 1 | AF84: 3 | AG84: 2 | AH84: 3 | AI84: 0 | AJ84: 0 | AK84: 0 | AL84: 4 | AM84: 4 | AN84: 1 | AO84: 1 | AP84: 3 | AQ84: 0 | AR84: 1 | AS84: 0 | AT84: 0 | AU84: 0 | AV84: 1 | AW84: 1 | AX84: 0 | AY84: 3 | AZ84: 0 | BA84: 1 | BB84: 1 | BC84: 1 | BD84: 0 | BE84: =SUM(E84:BD84) -> 71
C85: 4. Hj. TUTUK ASMA'A ZUCHROH, S.T., M.T. | E85: 1 | F85: 1 | G85: 3 | H85: 2 | I85: 2 | J85: 0 | K85: 1 | L85: 1 | M85: 1 | N85: 1 | O85: 1 | P85: 1 | Q85: 10 | R85: 3 | S85: 5 | T85: 1 | U85: 0 | V85: 1 | W85: 3 | X85: 0 | Y85: 3 | Z85: 1 | AA85: 1 | AB85: 4 | AC85: 0 | AD85: 2 | AE85: 1 | AF85: 3 | AG85: 2 | AH85: 2 | AI85: 1 | AJ85: 0 | AK85: 1 | AL85: 1 | AM85: 1 | AN85: 3 | AO85: 0 | AP85: 5 | AQ85: 1 | AR85: 0 | AS85: 1 | AT85: 1 | AU85: 4 | AV85: 0 | AW85: 1 | AX85: 4 | AY85: 2 | AZ85: 0 | BA85: 3 | BB85: 1 | BC85: 2 | BD85: 2 | BE85: =SUM(E85:BD85) -> 91
C86: 5. ADE M. RIZKI, S.E. | E86: 0 | F86: 0 | G86: 14 | H86: 7 | I86: 2 | J86: 0 | K86: 0 | L86: 3 | M86: 0 | N86: 1 | O86: 0 | P86: 0 | Q86: 0 | R86: 0 | S86: 0 | T86: 4 | U86: 0 | V86: 0 | W86: 0 | X86: 0 | Y86: 6 | Z86: 3 | AA86: 5 | AB86: 11 | AC86: 0 | AD86: 0 | AE86: 1 | AF86: 3 | AG86: 2 | AH86: 3 | AI86: 1 | AJ86: 2 | AK86: 3 | AL86: 9 | AM86: 3 | AN86: 15 | AO86: 3 | AP86: 6 | AQ86: 1 | AR86: 1 | AS86: 0 | AT86: 0 | AU86: 5 | AV86: 21 | AW86: 0 | AX86: 2 | AY86: 1 | AZ86: 0 | BA86: 2 | BB86: 1 | BC86: 16 | BD86: 2 | BE86: =SUM(E86:BD86) -> 159
C87: 6. ABDURAKHMAN, Bc.Kn. | E87: 0 | F87: 1 | G87: 0 | H87: 0 | I87: 0 | J87: 0 | K87: 0 | L87: 0 | M87: 0 | N87: 0 | O87: 0 | P87: 1 | Q87: 2 | R87: 0 | S87: 0 | T87: 0 | U87: 0 | V87: 0 | W87: 0 | X87: 0 | Y87: 0 | Z87: 0 | AA87: 0 | AB87: 0 | AC87: 0 | AD87: 1 | AE87: 1 | AF87: 0 | AG87: 0 | AH87: 0 | AI87: 1 | AJ87: 0 | AK87: 1 | AL87: 1 | AM87: 0 | AN87: 1 | AO87: 0 | AP87: 0 | AQ87: 1 | AR87: 0 | AS87: 0 | AT87: 0 | AU87: 1 | AV87: 1 | AW87: 0 | AX87: 0 | AY87: 0 | AZ87: 1 | BA87: 1 | BB87: 0 | BC87: 1 | BD87: 0 | BE87: =SUM(E87:BD87) -> 16
C88: 7. CENDY RHIYAN ADI PUTRI | E88: 0 | F88: 0 | G88: 0 | H88: 0 | I88: 0 | J88: 0 | K88: 0 | L88: 0 | M88: 0 | N88: 0 | O88: 0 | P88: 0 | Q88: 1 | R88: 1 | S88: 0 | T88: 0 | U88: 1 | V88: 0 | W88: 0 | X88: 1 | Y88: 2 | Z88: 0 | AA88: 0 | AB88: 0 | AC88: 1 | AD88: 0 | AE88: 0 | AF88: 0 | AG88: 1 | AH88: 0 | AI88: 0 | AJ88: 0 | AK88: 0 | AL88: 2 | AM88: 0 | AN88: 0 | AO88: 0 | AP88: 0 | AQ88: 0 | AR88: 0 | AS88: 0 | AT88: 0 | AU88: 0 | AV88: 0 | AW88: 0 | AX88: 0 | AY88: 1 | AZ88: 0 | BA88: 0 | BB88: 0 | BC88: 0 | BD88: 0 | BE88: =SUM(E88:BD88) -> 11
C89: 8. BAKTI WIJAYANTO, S.E. | E89: 0 | F89: 1 | G89: 0 | H89: 0 | I89: 0 | J89: 0 | K89: 0 | L89: 0 | M89: 0 | N89: 0 | O89: 0 | P89: 0 | Q89: 1 | R89: 0 | S89: 1 | T89: 1 | U89: 0 | V89: 0 | W89: 0 | X89: 0 | Y89: 0 | Z89: 0 | AA89: 0 | AB89: 1 | AC89: 0 | AD89: 0 | AE89: 0 | AF89: 0 | AG89: 0 | AH89: 0 | AI89: 0 | AJ89: 0 | AK89: 0 | AL89: 0 | AM89: 0 | AN89: 1 | AO89: 0 | AP89: 0 | AQ89: 0 | AR89: 0 | AS89: 0 | AT89: 0 | AU89: 0 | AV89: 0 | AW89: 1 | AX89: 0 | AY89: 0 | AZ89: 0 | BA89: 0 | BB89: 0 | BC89: 0 | BD89: 0 | BE89: =SUM(E89:BD89) -> 7
C90: 9. AHMAD UBAIDILLAH | E90: 0 | F90: 0 | G90: 1 | H90: 0 | I90: 0 | J90: 0 | K90: 0 | L90: 0 | M90: 0 | N90: 0 | O90: 0 | P90: 0 | Q90: 0 | R90: 0 | S90: 1 | T90: 0 | U90: 0 | V90: 0 | W90: 2 | X90: 0 | Y90: 0 | Z90: 0 | AA90: 0 | AB90: 0 | AC90: 0 | AD90: 0 | AE90: 0 | AF90: 1 | AG90: 0 | AH90: 0 | AI90: 0 | AJ90: 0 | AK90: 0 | AL90: 0 | AM90: 0 | AN90: 0 | AO90: 0 | AP90: 0 | AQ90: 0 | AR90: 1 | AS90: 0 | AT90: 0 | AU90: 0 | AV90: 0 | AW90: 0 | AX90: 0 | AY90: 0 | AZ90: 0 | BA90: 0 | BB90: 0 | BC90: 0 | BD90: 0 | BE90: =SUM(E90:BD90) -> 6
A91: B | B91: JUMLAH SUARA SAH PARTAI POLITIK DAN CALON (A1 + A2) | E91: =SUM(E81:E90) -> 5 | F91: =SUM(F81:F90) -> 10 | G91: =SUM(G81:G90) -> 53 | H91: =SUM(H81:H90) -> 40 | I91: =SUM(I81:I90) -> 16 | J91: =SUM(J81:J90) -> 2 | K91: =SUM(K81:K90) -> 6 | L91: =SUM(L81:L90) -> 9 | ... BE91: =SUM(BE81:BE90) -> 999
A93: A.1 | B93: 5. | C93: Partai NasDem | E93: 4 | F93: 3 | G93: 1 | H93: 1 | I93: 1 | J93: 1 | K93: 1 | L93: 1 | M93: 0 | N93: 0 | O93: 1 | P93: 1 | Q93: 2 | R93: 1 | S93: 2 | T93: 1 | U93: 2 | V93: 1 | W93: 3 | X93: 1 | Y93: 6 | Z93: 8 | AB93: 2 | AC93: 1 | AE93: 2 | AF93: 4 | AG93: 3 | AH93: 2 | AI93: 3 | AJ93: 1 | AK93: 1 | AL93: 2 | AM93: 2 | AO93: 2 | AP93: 5 | AR93: 4 | AT93: 6 | AU93: 5 | AW93: 2 | AX93: 1 | AY93: 0 | AZ93: 3 | BA93: 3 | BB93: 2 | BC93: 2 | BD93: 4 | BE93: =SUM(E93:BD93) -> 104
A94: A.2 | C94: 1. ALI MUSTOFA, A.Md. | E94: 2 | F94: 0 | G94: 1 | H94: 4 | I94: 4 | J94: 0 | K94: 1 | L94: 1 | M94: 1 | N94: 0 | O94: 3 | P94: 0 | Q94: 2 | R94: 0 | S94: 0 | U94: 1 | V94: 1 | X94: 3 | Y94: 3 | AA94: 1 | AC94: 2 | AD94: 1 | AF94: 4 | AG94: 7 | AH94: 2 | AI94: 2 | AJ94: 1 | AK94: 2 | AL94: 5 | AM94: 3 | AN94: 5 | AO94: 1 | AP94: 4 | AQ94: 2 | AR94: 2 | AS94: 1 | AT94: 5 | AU94: 4 | AV94: 2 | AX94: 0 | AY94: 1 | AZ94: 1 | BA94: 23 | BB94: 1 | BC94: 3 | BD94: 5 | BE94: =SUM(E94:BD94) -> 117
C95: 2. Hj. BUAMI, S.H. | E95: 1 | F95: 1 | G95: 0 | H95: 0 | I95: 0 | J95: 0 | K95: 0 | L95: 0 | M95: 0 | N95: 0 | O95: 0 | P95: 0 | Q95: 0 | R95: 0 | S95: 0 | U95: 1 | W95: 1 | X95: 1 | Y95: 1 | Z95: 2 | AG95: 1 | AI95: 1 | AJ95: 1 | AL95: 1 | AT95: 1 | AU95: 1 | AV95: 2 | AX95: 0 | AY95: 0 | AZ95: 0 | BA95: 0 | BB95: 0 | BC95: 0 | BD95: 0 | BE95: =SUM(E95:BD95) -> 16
C96: 3. SUGIONO, S.H. | E96: 0 | F96: 0 | G96: 0 | H96: 0 | I96: 0 | J96: 0 | K96: 0 | L96: 1 | M96: 1 | N96: 0 | O96: 1 | P96: 0 | Q96: 0 | R96: 0 | S96: 0 | U96: 1 | Y96: 1 | AA96: 1 | AG96: 1 | AI96: 1 | AO96: 1 | AP96: 1 | AQ96: 1 | AS96: 1 | AT96: 1 | AX96: 1 | AY96: 0 | AZ96: 0 | BA96: 0 | BB96: 0 | BC96: 0 | BD96: 0 | BE96: =SUM(E96:BD96) -> 14
C97: 4. LULUK SUNARMIATININGSIH | E97: 1 | F97: 0 | G97: 0 | H97: 0 | I97: 0 | J97: 0 | K97: 0 | L97: 0 | M97: 1 | N97: 0 | O97: 0 | P97: 0 | Q97: 0 | R97: 0 | S97: 0 | U97: 1 | W97: 1 | Y97: 1 | AE97: 1 | AG97: 2 | AO97: 1 | AP97: 1 | AQ97: 1 | AW97: 1 | AX97: 0 | AY97: 0 | AZ97: 0 | BA97: 1 | BB97: 0 | BC97: 2 | BD97: 1 | BE97: =SUM(E97:BD97) -> 16
C98: 5. ANTON DJULIANTO ADI | E98: 0 | F98: 0 | G98: 0 | H98: 1 | I98: 1 | J98: 0 | K98: 0 | L98: 0 | M98: 0 | N98: 0 | O98: 0 | P98: 0 | Q98: 1 | R98: 0 | S98: 0 | W98: 2 | Z98: 1 | AG98: 1 | AH98: 1 | AI98: 2 | AK98: 1 | AO98: 1 | AP98: 4 | AR98: 2 | AT98: 2 | AX98: 0 | AY98: 0 | AZ98: 1 | BA98: 1 | BB98: 3 | BC98: 10 | BD98: 1 | BE98: =SUM(E98:BD98) -> 36
C99: 6. MOKHAMAD ROFI'I KHUSNAN | E99: 0 | F99: 0 | G99: 0 | H99: 0 | I99: 0 | J99: 0 | K99: 0 | L99: 0 | M99: 0 | N99: 0 | O99: 0 | P99: 0 | Q99: 0 | R99: 0 | S99: 0 | AG99: 3 | AL99: 1 | AX99: 0 | AY99: 0 | AZ99: 0 | BA99: 1 | BB99: 0 | BC99: 1 | BD99: 0 | BE99: =SUM(E99:BD99) -> 6
C100: 7. Rr SETYO WATI | E100: 0 | F100: 0 | G100: 0 | H100: 0 | I100: 0 | J100: 0 | K100: 0 | L100: 0 | M100: 0 | N100: 0 | O100: 0 | P100: 0 | Q100: 0 | R100: 0 | S100: 0 | AX100: 0 | AY100: 0 | AZ100: 0 | BA100: 0 | BB100: 0 | BC100: 0 | BD100: 0 | BE100: =SUM(E100:BD100) -> 0
C101: 8. ABD. KADIR ASSEGAFF | E101: 0 | F101: 1 | G101: 0 | H101: 2 | I101: 1 | J101: 0 | K101: 0 | L101: 0 | M101: 0 | N101: 0 | O101: 0 | P101: 0 | Q101: 0 | R101: 0 | S101: 0 | AG101: 1 | AN101: 2 | AQ101: 1 | AX101: 0 | AY101: 0 | AZ101: 0 | BA101: 0 | BB101: 0 | BC101: 0 | BD101: 0 | BE101: =SUM(E101:BD101) -> 8
C102: 9. FATHOR ZAINULLAH | E102: 0 | F102: 0 | G102: 0 | H102: 0 | I102: 0 | J102: 0 | K102: 0 | L102: 0 | M102: 0 | N102: 0 | O102: 0 | P102: 0 | Q102: 0 | R102: 0 | S102: 0 | AX102: 0 | AY102: 0 | AZ102: 0 | BA102: 1 | BB102: 0 | BC102: 0 | BD102: 0 | BE102: =SUM(E102:BD102) -> 1
A103: B | B103: JUMLAH SUARA SAH PARTAI POLITIK DAN CALON (A1 + A2) | E103: =SUM(E93:E102) -> 8 | F103: =SUM(F93:F102) -> 5 | G103: =SUM(G93:G102) -> 2 | H103: =SUM(H93:H102) -> 8 | I103: =SUM(I93:I102) -> 7 | J103: =SUM(J93:J102) -> 1 | K103: =SUM(K93:K102) -> 2 | L103: =SUM(L93:L102) -> 3 | ... BE103: =SUM(BE93:BE102) -> 318
A105: A.1 | B105: 6. | C105: Partai Buruh | E105: 0 | F105: 0 | G105: 1 | H105: 1 | I105: 1 | J105: 0 | K105: 0 | L105: 0 | M105: 0 | N105: 0 | O105: 0 | P105: 0 | Q105: 2 | R105: 0 | S105: 1 | W105: 1 | X105: 2 | AE105: 1 | AF105: 1 | AG105: 2 | AK105: 1 | AL105: 1 | AN105: 1 | AO105: 1 | AU105: 2 | AV105: 1 | AX105: 0 | AY105: 0 | AZ105: 0 | BA105: 0 | BB105: 0 | BC105: 2 | BD105: 1 | BE105: =SUM(E105:BD105) -> 23
A106: A.2 | C106: 1. AGUS SUPRIYADI | E106: 1 | F106: 0 | G106: 0 | H106: 0 | I106: 0 | J106: 0 | K106: 0 | L106: 2 | M106: 0 | N106: 0 | O106: 0 | P106: 0 | Q106: 0 | R106: 3 | S106: 0 | T106: 1 | W106: 1 | AA106: 1 | AB106: 1 | AG106: 3 | AH106: 2 | AK106: 1 | AM106: 1 | AX106: 0 | AY106: 0 | AZ106: 0 | BA106: 1 | BB106: 0 | BC106: 0 | BD106: 0 | BE106: =SUM(E106:BD106) -> 18
C107: 2. ENI HARIATI | E107: 0 | F107: 0 | G107: 0 | H107: 1 | I107: 0 | J107: 0 | K107: 0 | L107: 0 | M107: 0 | N107: 0 | O107: 0 | P107: 0 | Q107: 1 | R107: 0 | S107: 0 | V107: 1 | AU107: 1 | AX107: 0 | AY107: 0 | AZ107: 0 | BA107: 0 | BB107: 0 | BC107: 0 | BD107: 0 | BE107: =SUM(E107:BD107) -> 4
A108: B | B108: JUMLAH SUARA SAH PARTAI POLITIK DAN CALON (A1 + A2) | E108: =SUM(E105:E107) -> 1 | F108: =SUM(F105:F107) -> 0 | G108: =SUM(G105:G107) -> 1 | H108: =SUM(H105:H107) -> 2 | I108: =SUM(I105:I107) -> 1 | J108: =SUM(J105:J107) -> 0 | K108: =SUM(K105:K107) -> 0 | L108: =SUM(L105:L107) -> 2 | ... BE108: =SUM(BE105:BE107) -> 45
A110: A.1 | B110: 7. | C110: Partai Gelombang Rakyat Indonesia | E110: 0 | F110: 0 | G110: 1 | H110: 1 | I110: 0 | J110: 0 | K110: 0 | L110: 0 | M110: 0 | N110: 0 | O110: 1 | P110: 0 | Q110: 0 | R110: 2 | S110: 0 | T110: 3 | U110: 1 | V110: 8 | W110: 0 | X110: 1 | Y110: 2 | Z110: 0 | AA110: 0 | AB110: 3 | AC110: 0 | AD110: 0 | AE110: 0 | AF110: 2 | AG110: 0 | AH110: 6 | AI110: 0 | AJ110: 1 | AK110: 1 | AL110: 0 | AM110: 0 | AN110: 1 | AO110: 1 | AP110: 2 | AQ110: 0 | AR110: 1 | AS110: 0 | AT110: 1 | AU110: 1 | AV110: 0 | AW110: 0 | AX110: 0 | AY110: 0 | AZ110: 3 | BA110: 1 | BB110: 1 | BC110: 1 | BD110: 1 | BE110: =SUM(E110:BD110) -> 47
A111: A.2 | C111: 1. MIRZA MUHROSNI AROMA | E111: 0 | F111: 0 | G111: 0 | H111: 1 | I111: 1 | J111: 0 | K111: 1 | L111: 0 | M111: 0 | N111: 0 | O111: 0 | P111: 1 | Q111: 0 | R111: 0 | S111: 0 | T111: 0 | U111: 1 | V111: 0 | W111: 0 | X111: 0 | Y111: 0 | Z111: 1 | AA111: 0 | AB111: 1 | AC111: 0 | AD111: 1 | AE111: 0 | AF111: 0 | AG111: 1 | AH111: 0 | AI111: 1 | AJ111: 1 | AK111: 0 | AL111: 0 | AM111: 0 | AN111: 2 | AO111: 0 | AP111: 0 | AQ111: 0 | AR111: 0 | AS111: 1 | AT111: 0 | AU111: 0 | AV111: 1 | AW111: 0 | AX111: 0 | AY111: 0 | AZ111: 0 | BA111: 1 | BB111: 0 | BC111: 0 | BD111: 0 | BE111: =SUM(E111:BD111) -> 16
C112: 2. ACHMAD BAGUS SUGIARTO | E112: 0 | F112: 0 | G112: 1 | H112: 0 | I112: 0 | J112: 0 | K112: 0 | L112: 0 | M112: 0 | N112: 0 | O112: 0 | P112: 0 | Q112: 0 | R112: 0 | S112: 0 | T112: 0 | U112: 0 | V112: 0 | W112: 0 | X112: 0 | Y112: 0 | Z112: 0 | AA112: 1 | AB112: 0 | AC112: 0 | AD112: 0 | AE112: 0 | AF112: 0 | AG112: 1 | AH112: 1 | AI112: 1 | AJ112: 0 | AK112: 1 | AL112: 0 | AM112: 0 | AN112: 0 | AO112: 0 | AP112: 0 | AQ112: 0 | AR112: 0 | AS112: 0 | AT112: 0 | AU112: 0 | AV112: 1 | AW112: 0 | AX112: 0 | AY112: 0 | AZ112: 0 | BA112: 0 | BB112: 0 | BC112: 0 | BD112: 0 | BE112: =SUM(E112:BD112) -> 7
C113: 3. ELOK FITRIYA NINGSIH | E113: 0 | F113: 0 | G113: 0 | H113: 1 | I113: 0 | J113: 0 | K113: 0 | L113: 0 | M113: 0 | N113: 0 | O113: 0 | P113: 0 | Q113: 0 | R113: 1 | S113: 0 | T113: 0 | U113: 0 | V113: 0 | W113: 0 | X113: 0 | Y113: 0 | Z113: 0 | AA113: 0 | AB113: 0 | AC113: 0 | AD113: 0 | AE113: 0 | AF113: 1 | AG113: 0 | AH113: 0 | AI113: 0 | AJ113: 0 | AK113: 0 | AL113: 0 | AM113: 0 | AN113: 0 | AO113: 0 | AP113: 0 | AQ113: 0 | AR113: 0 | AS113: 0 | AT113: 0 | AU113: 0 | AV113: 0 | AW113: 0 | AX113: 0 | AY113: 0 | AZ113: 0 | BA113: 0 | BB113: 0 | BC113: 0 | BD113: 0 | BE113: =SUM(E113:BD113) -> 3
C114: 4. MADI | E114: 0 | F114: 0 | G114: 0 | H114: 0 | I114: 0 | J114: 0 | K114: 0 | L114: 0 | M114: 0 | N114: 0 | O114: 0 | P114: 0 | Q114: 0 | R114: 0 | S114: 0 | T114: 0 | U114: 0 | V114: 1 | W114: 0 | X114: 0 | Y114: 0 | Z114: 0 | AA114: 0 | AB114: 0 | AC114: 0 | AD114: 0 | AE114: 0 | AF114: 1 | AG114: 0 | AH114: 0 | AI114: 0 | AJ114: 0 | AK114: 1 | AL114: 0 | AM114: 0 | AN114: 0 | AO114: 0 | AP114: 0 | AQ114: 0 | AR114: 0 | AS114: 0 | AT114: 0 | AU114: 0 | AV114: 0 | AW114: 0 | AX114: 0 | AY114: 0 | AZ114: 0 | BA114: 0 | BB114: 0 | BC114: 0 | BD114: 0 | BE114: =SUM(E114:BD114) -> 3
C115: 5. LUKY PERMANASARI | E115: 0 | F115: 0 | G115: 0 | H115: 0 | I115: 0 | J115: 0 | K115: 0 | L115: 0 | M115: 0 | N115: 0 | O115: 1 | P115: 0 | Q115: 0 | R115: 1 | S115: 0 | T115: 0 | U115: 0 | V115: 0 | W115: 0 | X115: 0 | Y115: 0 | Z115: 0 | AA115: 0 | AB115: 0 | AC115: 0 | AD115: 0 | AE115: 0 | AF115: 0 | AG115: 0 | AH115: 0 | AI115: 0 | AJ115: 0 | AK115: 0 | AL115: 0 | AM115: 0 | AN115: 0 | AO115: 0 | AP115: 0 | AQ115: 1 | AR115: 0 | AS115: 0 | AT115: 0 | AU115: 0 | AV115: 0 | AW115: 0 | AX115: 0 | AY115: 0 | AZ115: 0 | BA115: 0 | BB115: 0 | BC115: 0 | BD115: 0 | BE115: =SUM(E115:BD115) -> 3
A116: B | B116: JUMLAH SUARA SAH PARTAI POLITIK DAN CALON (A1 + A2) | E116: =SUM(E110:E115) -> 0 | F116: =SUM(F110:F115) -> 0 | G116: =SUM(G110:G115) -> 2 | H116: =SUM(H110:H115) -> 3 | I116: =SUM(I110:I115) -> 1 | J116: =SUM(J110:J115) -> 0 | K116: =SUM(K110:K115) -> 1 | L116: =SUM(L110:L115) -> 0 | ... BE116: =SUM(BE110:BE115) -> 79
A118: A.1 | B118: 8. | C118: Partai Keadilan Sejahtera | E118: 2 | F118: 2 | G118: 2 | H118: 1 | I118: 1 | J118: 1 | K118: 4 | L118: 2 | M118: 0 | N118: 1 | O118: 3 | P118: 2 | Q118: 1 | R118: 2 | S118: 4 | T118: 0 | U118: 1 | V118: 0 | W118: 1 | X118: 0 | Y118: 0 | Z118: 0 | AA118: 0 | AB118: 1 | AC118: 2 | AD118: 3 | AE118: 2 | AF118: 1 | AG118: 2 | AH118: 0 | AI118: 1 | AJ118: 0 | AK118: 2 | AL118: 1 | AM118: 1 | AN118: 1 | AO118: 13 | AP118: 1 | AQ118: 3 | AR118: 1 | AS118: 0 | AT118: 3 | AU118: 2 | AV118: 0 | AW118: 0 | AX118: 2 | AY118: 1 | AZ118: 1 | BA118: 3 | BB118: 6 | BC118: 0 | BD118: 1 | BE118: =SUM(E118:BD118) -> 84
...

Sheet KLATAK
C2: Kecamatan | D2: KALIPURO
C3: Kabupaten | D3: BANYUWANGI
C4: Provinsi | D4: JAWA TIMUR
C9: Kelurahan | D9: KLATAK
A12: I | B12: DATA PEMILIH DAN PENGGUNAAN HAK PILIH | AV12: JUMLAH AKHIR
A13: A | B13: DATA PEMILIH | E13: TPS 001 | F13: TPS 002 | G13: TPS 003 | H13: TPS 004 | I13: TPS 005 | J13: TPS 006 | K13: TPS 007 | L13: TPS 008 | M13: TPS 009 | N13: TPS 010 | O13: TPS 011 | P13: TPS 012 | Q13: TPS 013 | R13: TPS 014 | S13: TPS 015 | T13: TPS 016 | U13: TPS 017 | V13: TPS 018 | W13: TPS 019 | X13: TPS 020 | Y13: TPS 021 | Z13: TPS 022 | AA13: TPS 023 | AB13: TPS 024 | AC13: TPS 025 | AD13: TPS 026 | AE13: TPS 027 | AF13: TPS 028 | AG13: TPS 029 | AH13: TPS 030 | AI13: TPS 031 | AJ13: TPS 032 | AK13: TPS 033 | AL13: TPS 034 | AM13: TPS 035 | AN13: TPS 036 | AO13: TPS 037 | AP13: TPS 038 | AQ13: TPS 039 | AR13: TPS 040 | AS13: TPS 041 | AT13: TPS 042 | AU13: TPS 043
B14: Jumlah Pemilih dalam Daftar Pemilih Tetap (DPT) | D14: LK | E14: 142 | F14: 137 | G14: 103 | H14: 135 | I14: 134 | J14: 137 | K14: 139 | L14: 142 | M14: 126 | N14: 153 | O14: 140 | P14: 133 | Q14: 133 | R14: 144 | S14: 133 | T14: 140 | U14: 147 | V14: 140 | W14: 152 | X14: 143 | Y14: 141 | Z14: 133 | AA14: 139 | AB14: 134 | AC14: 144 | AD14: 131 | AE14: 150 | AF14: 155 | AG14: 132 | AH14: 148 | AI14: 139 | AJ14: 148 | AK14: 137 | AL14: 106 | AM14: 131 | AN14: 128 | AO14: 123 | AP14: 134 | AQ14: 152 | AR14: 119 | AS14: 145 | AT14: 137 | AU14: 145 | AV14: =SUM(E14:AU14) -> 5904
D15: PR | E15: 141 | F15: 151 | G15: 117 | H15: 138 | I15: 161 | J15: 148 | K15: 154 | L15: 143 | M15: 163 | N15: 142 | O15: 152 | P15: 158 | Q15: 150 | R15: 138 | S15: 148 | T15: 147 | U15: 147 | V15: 148 | W15: 141 | X15: 146 | Y15: 141 | Z15: 148 | AA15: 151 | AB15: 148 | AC15: 146 | AD15: 135 | AE15: 142 | AF15: 140 | AG15: 146 | AH15: 150 | AI15: 151 | AJ15: 145 | AK15: 150 | AL15: 112 | AM15: 136 | AN15: 143 | AO15: 140 | AP15: 155 | AQ15: 143 | AR15: 123 | AS15: 144 | AT15: 158 | AU15: 146 | AV15: =SUM(E15:AU15) -> 6226
D16: JML | E16: =SUM(E14:E15) -> 283 | F16: =SUM(F14:F15) -> 288 | G16: =SUM(G14:G15) -> 220 | H16: =SUM(H14:H15) -> 273 | I16: =SUM(I14:I15) -> 295 | J16: =SUM(J14:J15) -> 285 | K16: =SUM(K14:K15) -> 293 | L16: =SUM(L14:L15) -> 285 | ... AU16: =SUM(AU14:AU15) -> 291 | AV16: =SUM(E16:AU16) -> 12130
A18: B | B18: PENGGUNA HAK PILIH
B19: 1. | C19: Jumlah pengguna hak pilih dalam Daftar Pemilih Tetap (DPT) | D19: LK | E19: 114 | F19: 77 | G19: 75 | H19: 104 | I19: 97 | J19: 101 | K19: 98 | L19: 98 | M19: 85 | N19: 108 | O19: 87 | P19: 92 | Q19: 89 | R19: 106 | S19: 83 | T19: 102 | U19: 97 | V19: 87 | W19: 112 | X19: 98 | Y19: 102 | Z19: 99 | AA19: 106 | AB19: 100 | AC19: 98 | AD19: 92 | AE19: 106 | AF19: 113 | AG19: 95 | AH19: 88 | AI19: 89 | AJ19: 110 | AK19: 105 | AL19: 68 | AM19: 85 | AN19: 93 | AO19: 83 | AP19: 89 | AQ19: 95 | AR19: 77 | AS19: 92 | AT19: 121 | AU19: 79 | AV19: =SUM(E19:AU19) -> 4095
D20: PR | E20: 126 | F20: 107 | G20: 93 | H20: 108 | I20: 124 | J20: 109 | K20: 124 | L20: 116 | M20: 122 | N20: 116 | O20: 117 | P20: 120 | Q20: 118 | R20: 99 | S20: 119 | T20: 112 | U20: 110 | V20: 108 | W20: 109 | X20: 125 | Y20: 113 | Z20: 123 | AA20: 119 | AB20: 127 | AC20: 120 | AD20: 111 | AE20: 113 | AF20: 108 | AG20: 109 | AH20: 109 | AI20: 126 | AJ20: 109 | AK20: 126 | AL20: 74 | AM20: 101 | AN20: 111 | AO20: 105 | AP20: 113 | AQ20: 109 | AR20: 94 | AS20: 110 | AT20: 87 | AU20: 100 | AV20: =SUM(E20:AU20) -> 4799
D21: JML | E21: =SUM(E19:E20) -> 240 | F21: =SUM(F19:F20) -> 184 | G21: =SUM(G19:G20) -> 168 | H21: =SUM(H19:H20) -> 212 | I21: =SUM(I19:I20) -> 221 | J21: =SUM(J19:J20) -> 210 | K21: =SUM(K19:K20) -> 222 | L21: =SUM(L19:L20) -> 214 | ... AU21: =SUM(AU19:AU20) -> 179 | AV21: =SUM(E21:AU21) -> 8894
B22: 2. | C22: Jumlah pengguna hak pilih dalam Daftar Pemilih Tambahan (DPTb) | D22: LK | E22: 0 | F22: 0 | G22: 2 | H22: 1 | I22: 0 | J22: 0 | K22: 0 | L22: 0 | M22: 1 | N22: 1 | O22: 2 | P22: 0 | Q22: 0 | R22: 1 | S22: 1 | T22: 1 | U22: 1 | V22: 0 | W22: 2 | X22: 0 | Y22: 0 | Z22: 0 | AA22: 1 | AB22: 0 | AC22: 0 | AD22: 1 | AE22: 0 | AF22: 0 | AG22: 1 | AH22: 0 | AI22: 0 | AJ22: 0 | AK22: 0 | AL22: 1 | AM22: 1 | AN22: 0 | AO22: 0 | AP22: 2 | AQ22: 1 | AR22: 1 | AS22: 1 | AT22: 1 | AU22: 0 | AV22: =SUM(E22:AU22) -> 24
D23: PR | E23: 0 | F23: 1 | G23: 1 | H23: 1 | I23: 0 | J23: 0 | K23: 0 | L23: 0 | M23: 0 | N23: 2 | O23: 1 | P23: 1 | Q23: 0 | R23: 0 | S23: 0 | T23: 1 | U23: 0 | V23: 1 | W23: 1 | X23: 1 | Y23: 0 | Z23: 1 | AA23: 0 | AB23: 0 | AC23: 1 | AD23: 0 | AE23: 1 | AF23: 1 | AG23: 0 | AH23: 1 | AI23: 0 | AJ23: 0 | AK23: 1 | AL23: 0 | AM23: 0 | AN23: 1 | AO23: 1 | AP23: 3 | AQ23: 0 | AR23: 0 | AS23: 1 | AT23: 0 | AU23: 0 | AV23: =SUM(E23:AU23) -> 23
D24: JML | E24: =SUM(E22:E23) -> 0 | F24: =SUM(F22:F23) -> 1 | G24: =SUM(G22:G23) -> 3 | H24: =SUM(H22:H23) -> 2 | I24: =SUM(I22:I23) -> 0 | J24: =SUM(J22:J23) -> 0 | K24: =SUM(K22:K23) -> 0 | L24: =SUM(L22:L23) -> 0 | ... AU24: =SUM(AU22:AU23) -> 0 | AV24: =SUM(E24:AU24) -> 47
B25: 3. | C25: Jumlah pengguna hak pilih dalam Daftar Pemilih Khusus (DPK) | D25: LK | E25: 5 | F25: 1 | G25: 2 | H25: 8 | I25: 4 | J25: 2 | K25: 3 | L25: 0 | M25: 1 | N25: 0 | O25: 0 | P25: 0 | Q25: 1 | R25: 2 | S25: 0 | T25: 0 | U25: 0 | V25: 8 | W25: 2 | X25: 2 | Y25: 1 | Z25: 1 | AA25: 0 | AB25: 0 | AC25: 0 | AD25: 5 | AE25: 1 | AF25: 3 | AG25: 0 | AH25: 11 | AI25: 0 | AJ25: 5 | AK25: 2 | AL25: 1 | AM25: 1 | AN25: 2 | AO25: 1 | AP25: 5 | AQ25: 0 | AR25: 0 | AS25: 1 | AT25: 2 | AU25: 2 | AV25: =SUM(E25:AU25) -> 85
