Workbook

Sheet DPRD PROVINSI
C8: Kecamatan | D8: GLENMORE
C9: Kabupaten | D9: BANYUWANGI
C10: Provinsi | D10: JAWA TIMUR
A12: I | B12: DATA PEMILIH DAN PENGGUNAAN HAK PILIH | E12: JUMLAH AKHIR
A13: A | B13: DATA PEMILIH
B14: Jumlah Pemilih dalam Daftar Pemilih Tetap (DPT) | D14: LK | E14: =BUMIHARJO!AE14+KARANGHARJO!BK14+MARGOMULYO!S14+SEPANJANG!AJ14+SUMBERGONDO!AB14+TEGALHARJO!AP14+TULUNGREJO!BL14 -> 29418
D15: PR | E15: =BUMIHARJO!AE15+KARANGHARJO!BK15+MARGOMULYO!S15+SEPANJANG!AJ15+SUMBERGONDO!AB15+TEGALHARJO!AP15+TULUNGREJO!BL15 -> 30287
D16: JML | E16: =SUM(E14:E15) -> 59705
A18: B | B18: PENGGUNA HAK PILIH
B19: 1. | C19: Jumlah pengguna hak pilih dalam Daftar Pemilih Tetap (DPT) | D19: LK | E19: =BUMIHARJO!AE19+KARANGHARJO!BK19+MARGOMULYO!S19+SEPANJANG!AJ19+SUMBERGONDO!AB19+TEGALHARJO!AP19+TULUNGREJO!BL19 -> 21583
D20: PR | E20: =BUMIHARJO!AE20+KARANGHARJO!BK20+MARGOMULYO!S20+SEPANJANG!AJ20+SUMBERGONDO!AB20+TEGALHARJO!AP20+TULUNGREJO!BL20 -> 23929
D21: JML | E21: =SUM(E19:E20) -> 45512
B22: 2. | C22: Jumlah pengguna hak pilih dalam Daftar Pemilih Tambahan (DPTb) | D22: LK | E22: =BUMIHARJO!AE22+KARANGHARJO!BK22+MARGOMULYO!S22+SEPANJANG!AJ22+SUMBERGONDO!AB22+TEGALHARJO!AP22+TULUNGREJO!BL22 -> 77
D23: PR | E23: =BUMIHARJO!AE23+KARANGHARJO!BK23+MARGOMULYO!S23+SEPANJANG!AJ23+SUMBERGONDO!AB23+TEGALHARJO!AP23+TULUNGREJO!BL23 -> 57
D24: JML | E24: =SUM(E22:E23) -> 134
B25: 3. | C25: Jumlah pengguna hak pilih dalam Daftar Pemilih Khusus (DPK) | D25: LK | E25: =BUMIHARJO!AE25+KARANGHARJO!BK25+MARGOMULYO!S25+SEPANJANG!AJ25+SUMBERGONDO!AB25+TEGALHARJO!AP25+TULUNGREJO!BL25 -> 144
D26: PR | E26: =BUMIHARJO!AE26+KARANGHARJO!BK26+MARGOMULYO!S26+SEPANJANG!AJ26+SUMBERGONDO!AB26+TEGALHARJO!AP26+TULUNGREJO!BL26 -> 198
D27: JML | E27: =SUM(E25:E26) -> 342
B28: 4. | C28: Jumlah Pengguna Hak Pilih (B.1+B.2+B.3) | D28: LK | E28: =E19+E22+E25 -> 21804
D29: PR | E29: =E20+E23+E26 -> 24184
D30: JML | E30: =SUM(E28:E29) -> 45988
A32: II | B32: DATA PENGGUNAAN SURAT SUARA
A33: 1 | B33: Jumlah surat suara yang diterima, termasuk surat suara cadangan 2,5% dari DPT | E33: =BUMIHARJO!AE33+KARANGHARJO!BK33+MARGOMULYO!S33+SEPANJANG!AJ33+SUMBERGONDO!AB33+TEGALHARJO!AP33+TULUNGREJO!BL33 -> 61173
A34: 2 | B34: Jumlah surat suara yang digunakan | E34: =BUMIHARJO!AE34+KARANGHARJO!BK34+MARGOMULYO!S34+SEPANJANG!AJ34+SUMBERGONDO!AB34+TEGALHARJO!AP34+TULUNGREJO!BL34 -> 45988
A35: 3 | B35: Jumlah surat suara dikembalikan oleh pemilih (karena rusak atau keliru coblos) | E35: =BUMIHARJO!AE35+KARANGHARJO!BK35+MARGOMULYO!S35+SEPANJANG!AJ35+SUMBERGONDO!AB35+TEGALHARJO!AP35+TULUNGREJO!BL35 -> 90
A36: 4 | B36: Jumlah surat suara yang tidak digunakan/tidak terpakai, termasuk sisa surat suara cadangan | E36: =E33-(E34+E35) -> 15095
A38: III | B38: DATA PEMILIH DISABILITAS
B39: Jumlah seluruh Pemilih disabilitas yang menggunakan hak pilih | D39: LK | E39: =BUMIHARJO!AE39+KARANGHARJO!BK39+MARGOMULYO!S39+SEPANJANG!AJ39+SUMBERGONDO!AB39+TEGALHARJO!AP39+TULUNGREJO!BL39 -> 38
D40: PR | E40: =BUMIHARJO!AE40+KARANGHARJO!BK40+MARGOMULYO!S40+SEPANJANG!AJ40+SUMBERGONDO!AB40+TEGALHARJO!AP40+TULUNGREJO!BL40 -> 65
D41: JML | E41: =SUM(E39:E40) -> 103
A43: IV | B43: DATA RINCIAN PEROLEHAN SUARA PASANGAN CALON BUPATI DAN WAKIL BUPATI
A44: NOMOR DAN NAMA CALON
A45: A.1 | B45: 1. | C45: Partai Kebangkitan Bangsa | E45: =BUMIHARJO!AE45+KARANGHARJO!BK45+MARGOMULYO!S45+SEPANJANG!AJ45+SUMBERGONDO!AB45+TEGALHARJO!AP45+TULUNGREJO!BL45 -> 1304
A46: A.2 | C46: 1. Dra. Hj. MA`MULAH HARUN, M.Pd.I. | E46: =BUMIHARJO!AE46+KARANGHARJO!BK46+MARGOMULYO!S46+SEPANJANG!AJ46+SUMBERGONDO!AB46+TEGALHARJO!AP46+TULUNGREJO!BL46 -> 2669
C47: 2. UBAIDILLAH, S.Fil.I. | E47: =BUMIHARJO!AE47+KARANGHARJO!BK47+MARGOMULYO!S47+SEPANJANG!AJ47+SUMBERGONDO!AB47+TEGALHARJO!AP47+TULUNGREJO!BL47 -> 1660
C48: 3. Ir. H. YOYOK MULYADI, M.Si. | E48: =BUMIHARJO!AE48+KARANGHARJO!BK48+MARGOMULYO!S48+SEPANJANG!AJ48+SUMBERGONDO!AB48+TEGALHARJO!AP48+TULUNGREJO!BL48 -> 272
C49: 4. KHOIRUL ANWAR, S.Fil.I. | E49: =BUMIHARJO!AE49+KARANGHARJO!BK49+MARGOMULYO!S49+SEPANJANG!AJ49+SUMBERGONDO!AB49+TEGALHARJO!AP49+TULUNGREJO!BL49 -> 324
C50: 5. ARIF WIJAKSANA | E50: =BUMIHARJO!AE50+KARANGHARJO!BK50+MARGOMULYO!S50+SEPANJANG!AJ50+SUMBERGONDO!AB50+TEGALHARJO!AP50+TULUNGREJO!BL50 -> 112
C51: 6. Dr. SITI YUMNAH | E51: =BUMIHARJO!AE51+KARANGHARJO!BK51+MARGOMULYO!S51+SEPANJANG!AJ51+SUMBERGONDO!AB51+TEGALHARJO!AP51+TULUNGREJO!BL51 -> 81
C52: 7. MOHAMMAD ZAINI, M.Pd.I. | E52: =BUMIHARJO!AE52+KARANGHARJO!BK52+MARGOMULYO!S52+SEPANJANG!AJ52+SUMBERGONDO!AB52+TEGALHARJO!AP52+TULUNGREJO!BL52 -> 100
C53: 8. FAWAIDUL MAKKIYAH | E53: =BUMIHARJO!AE53+KARANGHARJO!BK53+MARGOMULYO!S53+SEPANJANG!AJ53+SUMBERGONDO!AB53+TEGALHARJO!AP53+TULUNGREJO!BL53 -> 30
C54: 9. IFFAH HIDAYATUR ROHMAH, S.Sos. | E54: =BUMIHARJO!AE54+KARANGHARJO!BK54+MARGOMULYO!S54+SEPANJANG!AJ54+SUMBERGONDO!AB54+TEGALHARJO!AP54+TULUNGREJO!BL54 -> 56
A55: B | B55: JUMLAH SUARA SAH PARTAI POLITIK DAN CALON (A1 + A2) | E55: =SUM(E45:E52) -> 6522
A57: A.1 | B57: 2. | C57: Partai Gerakan Indonesia Raya | E57: =BUMIHARJO!AE57+KARANGHARJO!BK57+MARGOMULYO!S57+SEPANJANG!AJ57+SUMBERGONDO!AB57+TEGALHARJO!AP57+TULUNGREJO!BL57 -> 1919
A58: A.2 | C58: 1. AHMAD HADINUDDIN, S.Pd.I. | E58: =BUMIHARJO!AE58+KARANGHARJO!BK58+MARGOMULYO!S58+SEPANJANG!AJ58+SUMBERGONDO!AB58+TEGALHARJO!AP58+TULUNGREJO!BL58 -> 2671
C59: 2. BIMA RAFSANJANI RAFID | E59: =BUMIHARJO!AE59+KARANGHARJO!BK59+MARGOMULYO!S59+SEPANJANG!AJ59+SUMBERGONDO!AB59+TEGALHARJO!AP59+TULUNGREJO!BL59 -> 1107
C60: 3. IRA DAMAYANTI | E60: =BUMIHARJO!AE60+KARANGHARJO!BK60+MARGOMULYO!S60+SEPANJANG!AJ60+SUMBERGONDO!AB60+TEGALHARJO!AP60+TULUNGREJO!BL60 -> 461
C61: 4. MAULANA MALIK IBRAHIM, S.H. | E61: =BUMIHARJO!AE61+KARANGHARJO!BK61+MARGOMULYO!S61+SEPANJANG!AJ61+SUMBERGONDO!AB61+TEGALHARJO!AP61+TULUNGREJO!BL61 -> 792
C62: 5. LULUK ALFIATI | E62: =BUMIHARJO!AE62+KARANGHARJO!BK62+MARGOMULYO!S62+SEPANJANG!AJ62+SUMBERGONDO!AB62+TEGALHARJO!AP62+TULUNGREJO!BL62 -> 234
C63: 6. ILHAM WAHYUDI, S.H. | E63: =BUMIHARJO!AE63+KARANGHARJO!BK63+MARGOMULYO!S63+SEPANJANG!AJ63+SUMBERGONDO!AB63+TEGALHARJO!AP63+TULUNGREJO!BL63 -> 103
C64: 7. HAERUL ANWAR, S.Pd.I. | E64: =BUMIHARJO!AE64+KARANGHARJO!BK64+MARGOMULYO!S64+SEPANJANG!AJ64+SUMBERGONDO!AB64+TEGALHARJO!AP64+TULUNGREJO!BL64 -> 117
C65: 8. YOVI ADHITYA WARDANI | E65: =BUMIHARJO!AE65+KARANGHARJO!BK65+MARGOMULYO!S65+SEPANJANG!AJ65+SUMBERGONDO!AB65+TEGALHARJO!AP65+TULUNGREJO!BL65 -> 50
C66: 9. RITA AMELIA | E66: =BUMIHARJO!AE66+KARANGHARJO!BK66+MARGOMULYO!S66+SEPANJANG!AJ66+SUMBERGONDO!AB66+TEGALHARJO!AP66+TULUNGREJO!BL66 -> 74
A67: B | B67: JUMLAH SUARA SAH PARTAI POLITIK DAN CALON (A1 + A2) | E67: =SUM(E57:E64) -> 7404
A69: A.1 | B69: 3. | C69: Partai Demokrasi Indonesia Perjuangan | E69: =BUMIHARJO!AE69+KARANGHARJO!BK69+MARGOMULYO!S69+SEPANJANG!AJ69+SUMBERGONDO!AB69+TEGALHARJO!AP69+TULUNGREJO!BL69 -> 1537
A70: A.2 | C70: 1. MARTIN H., S.H., M.H. | E70: =BUMIHARJO!AE70+KARANGHARJO!BK70+MARGOMULYO!S70+SEPANJANG!AJ70+SUMBERGONDO!AB70+TEGALHARJO!AP70+TULUNGREJO!BL70 -> 1328
C71: 2. HERMANTO, S.E. | E71: =BUMIHARJO!AE71+KARANGHARJO!BK71+MARGOMULYO!S71+SEPANJANG!AJ71+SUMBERGONDO!AB71+TEGALHARJO!AP71+TULUNGREJO!BL71 -> 625
C72: 3. EVY SUSILAWATI, S.E., M.M. | E72: =BUMIHARJO!AE72+KARANGHARJO!BK72+MARGOMULYO!S72+SEPANJANG!AJ72+SUMBERGONDO!AB72+TEGALHARJO!AP72+TULUNGREJO!BL72 -> 479
C73: 4. M. SIROTTUDIN | E73: =BUMIHARJO!AE73+KARANGHARJO!BK73+MARGOMULYO!S73+SEPANJANG!AJ73+SUMBERGONDO!AB73+TEGALHARJO!AP73+TULUNGREJO!BL73 -> 944
C74: 5. ABDUL HAFID, S.H. | E74: =BUMIHARJO!AE74+KARANGHARJO!BK74+MARGOMULYO!S74+SEPANJANG!AJ74+SUMBERGONDO!AB74+TEGALHARJO!AP74+TULUNGREJO!BL74 -> 145
C75: 6. NIKITA FORTUNA SURYANINGATI, A.Md.Keb. | E75: =BUMIHARJO!AE75+KARANGHARJO!BK75+MARGOMULYO!S75+SEPANJANG!AJ75+SUMBERGONDO!AB75+TEGALHARJO!AP75+TULUNGREJO!BL75 -> 149
C76: 7. YUDHO ILHAM WIJAYA, S.E. | E76: =BUMIHARJO!AE76+KARANGHARJO!BK76+MARGOMULYO!S76+SEPANJANG!AJ76+SUMBERGONDO!AB76+TEGALHARJO!AP76+TULUNGREJO!BL76 -> 46
C77: 8. SETIAWATI, S.H. | E77: =BUMIHARJO!AE77+KARANGHARJO!BK77+MARGOMULYO!S77+SEPANJANG!AJ77+SUMBERGONDO!AB77+TEGALHARJO!AP77+TULUNGREJO!BL77 -> 64
C78: 9. EKO BUDI SANTOSO, S.H. | E78: =BUMIHARJO!AE78+KARANGHARJO!BK78+MARGOMULYO!S78+SEPANJANG!AJ78+SUMBERGONDO!AB78+TEGALHARJO!AP78+TULUNGREJO!BL78 -> 130
A79: B | B79: JUMLAH SUARA SAH PARTAI POLITIK DAN CALON (A1 + A2) | E79: =SUM(E69:E76) -> 5253
A81: A.1 | B81: 4. | C81: Partai Golongan Karya | E81: =BUMIHARJO!AE81+KARANGHARJO!BK81+MARGOMULYO!S81+SEPANJANG!AJ81+SUMBERGONDO!AB81+TEGALHARJO!AP81+TULUNGREJO!BL81 -> 1585
A82: A.2 | C82: 1. PRANAYA YUDHA MAHARDHIKA | E82: =BUMIHARJO!AE82+KARANGHARJO!BK82+MARGOMULYO!S82+SEPANJANG!AJ82+SUMBERGONDO!AB82+TEGALHARJO!AP82+TULUNGREJO!BL82 -> 4251
C83: 2. Dra. Ec. ENDANG SULASTUTY, M.I.P. | E83: =BUMIHARJO!AE83+KARANGHARJO!BK83+MARGOMULYO!S83+SEPANJANG!AJ83+SUMBERGONDO!AB83+TEGALHARJO!AP83+TULUNGREJO!BL83 -> 360
C84: 3. AGUS REJEKI WARTONO | E84: =BUMIHARJO!AE84+KARANGHARJO!BK84+MARGOMULYO!S84+SEPANJANG!AJ84+SUMBERGONDO!AB84+TEGALHARJO!AP84+TULUNGREJO!BL84 -> 212
C85: 4. Hj. TUTUK ASMA'A ZUCHROH, S.T., M.T. | E85: =BUMIHARJO!AE85+KARANGHARJO!BK85+MARGOMULYO!S85+SEPANJANG!AJ85+SUMBERGONDO!AB85+TEGALHARJO!AP85+TULUNGREJO!BL85 -> 397
C86: 5. ADE M. RIZKI, S.E. | E86: =BUMIHARJO!AE86+KARANGHARJO!BK86+MARGOMULYO!S86+SEPANJANG!AJ86+SUMBERGONDO!AB86+TEGALHARJO!AP86+TULUNGREJO!BL86 -> 235
C87: 6. ABDURAKHMAN, Bc.Kn. | E87: =BUMIHARJO!AE87+KARANGHARJO!BK87+MARGOMULYO!S87+SEPANJANG!AJ87+SUMBERGONDO!AB87+TEGALHARJO!AP87+TULUNGREJO!BL87 -> 61
C88: 7. CENDY RHIYAN ADI PUTRI | E88: =BUMIHARJO!AE88+KARANGHARJO!BK88+MARGOMULYO!S88+SEPANJANG!AJ88+SUMBERGONDO!AB88+TEGALHARJO!AP88+TULUNGREJO!BL88 -> 43
C89: 8. BAKTI WIJAYANTO, S.E. | E89: =BUMIHARJO!AE89+KARANGHARJO!BK89+MARGOMULYO!S89+SEPANJANG!AJ89+SUMBERGONDO!AB89+TEGALHARJO!AP89+TULUNGREJO!BL89 -> 16
C90: 9. AHMAD UBAIDILLAH | E90: =BUMIHARJO!AE90+KARANGHARJO!BK90+MARGOMULYO!S90+SEPANJANG!AJ90+SUMBERGONDO!AB90+TEGALHARJO!AP90+TULUNGREJO!BL90 -> 69
A91: B | B91: JUMLAH SUARA SAH PARTAI POLITIK DAN CALON (A1 + A2) | E91: =SUM(E81:E88) -> 7144
A93: A.1 | B93: 5. | C93: Partai NasDem | E93: =BUMIHARJO!AE93+KARANGHARJO!BK93+MARGOMULYO!S93+SEPANJANG!AJ93+SUMBERGONDO!AB93+TEGALHARJO!AP93+TULUNGREJO!BL93 -> 294
A94: A.2 | C94: 1. ALI MUSTOFA, A.Md. | E94: =BUMIHARJO!AE94+KARANGHARJO!BK94+MARGOMULYO!S94+SEPANJANG!AJ94+SUMBERGONDO!AB94+TEGALHARJO!AP94+TULUNGREJO!BL94 -> 465
C95: 2. Hj. BUAMI, S.H. | E95: =BUMIHARJO!AE95+KARANGHARJO!BK95+MARGOMULYO!S95+SEPANJANG!AJ95+SUMBERGONDO!AB95+TEGALHARJO!AP95+TULUNGREJO!BL95 -> 131
C96: 3. SUGIONO, S.H. | E96: =BUMIHARJO!AE96+KARANGHARJO!BK96+MARGOMULYO!S96+SEPANJANG!AJ96+SUMBERGONDO!AB96+TEGALHARJO!AP96+TULUNGREJO!BL96 -> 68
C97: 4. LULUK SUNARMIATININGSIH | E97: =BUMIHARJO!AE97+KARANGHARJO!BK97+MARGOMULYO!S97+SEPANJANG!AJ97+SUMBERGONDO!AB97+TEGALHARJO!AP97+TULUNGREJO!BL97 -> 140
C98: 5. ANTON DJULIANTO ADI | E98: =BUMIHARJO!AE98+KARANGHARJO!BK98+MARGOMULYO!S98+SEPANJANG!AJ98+SUMBERGONDO!AB98+TEGALHARJO!AP98+TULUNGREJO!BL98 -> 76
C99: 6. MOKHAMAD ROFI'I KHUSNAN | E99: =BUMIHARJO!AE99+KARANGHARJO!BK99+MARGOMULYO!S99+SEPANJANG!AJ99+SUMBERGONDO!AB99+TEGALHARJO!AP99+TULUNGREJO!BL99 -> 26
C100: 7. Rr SETYO WATI | E100: =BUMIHARJO!AE100+KARANGHARJO!BK100+MARGOMULYO!S100+SEPANJANG!AJ100+SUMBERGONDO!AB100+TEGALHARJO!AP100+TULUNGREJO!BL100 -> 67
C101: 8. ABD. KADIR ASSEGAFF | E101: =BUMIHARJO!AE101+KARANGHARJO!BK101+MARGOMULYO!S101+SEPANJANG!AJ101+SUMBERGONDO!AB101+TEGALHARJO!AP101+TULUNGREJO!BL101 -> 25
C102: 9. FATHOR ZAINULLAH | E102: =BUMIHARJO!AE102+KARANGHARJO!BK102+MARGOMULYO!S102+SEPANJANG!AJ102+SUMBERGONDO!AB102+TEGALHARJO!AP102+TULUNGREJO!BL102 -> 23
A103: B | B103: JUMLAH SUARA SAH PARTAI POLITIK DAN CALON (A1 + A2) | E103: =SUM(E93:E100) -> 1267
A105: A.1 | B105: 6. | C105: Partai Buruh | E105: =BUMIHARJO!AE105+KARANGHARJO!BK105+MARGOMULYO!S105+SEPANJANG!AJ105+SUMBERGONDO!AB105+TEGALHARJO!AP105+TULUNGREJO!BL105 -> 52
A106: A.2 | C106: 1. AGUS SUPRIYADI | E106: =BUMIHARJO!AE106+KARANGHARJO!BK106+MARGOMULYO!S106+SEPANJANG!AJ106+SUMBERGONDO!AB106+TEGALHARJO!AP106+TULUNGREJO!BL106 -> 53
C107: 2. ENI HARIATI | E107: =BUMIHARJO!AE107+KARANGHARJO!BK107+MARGOMULYO!S107+SEPANJANG!AJ107+SUMBERGONDO!AB107+TEGALHARJO!AP107+TULUNGREJO!BL107 -> 28
A115: B | B115: JUMLAH SUARA SAH PARTAI POLITIK DAN CALON (A1 + A2) | E115: =SUM(E105:E112) -> 133
A117: A.1 | B117: 7. | C117: Partai Gelombang Rakyat Indonesia | E117: =BUMIHARJO!AE117+KARANGHARJO!BK117+MARGOMULYO!S117+SEPANJANG!AJ117+SUMBERGONDO!AB117+TEGALHARJO!AP117+TULUNGREJO!BL117 -> 250
A118: A.2 | C118: 1. MIRZA MUHROSNI AROMA | E118: =BUMIHARJO!AE118+KARANGHARJO!BK118+MARGOMULYO!S118+SEPANJANG!AJ118+SUMBERGONDO!AB118+TEGALHARJO!AP118+TULUNGREJO!BL118 -> 90
C119: 2. ACHMAD BAGUS SUGIARTO | E119: =BUMIHARJO!AE119+KARANGHARJO!BK119+MARGOMULYO!S119+SEPANJANG!AJ119+SUMBERGONDO!AB119+TEGALHARJO!AP119+TULUNGREJO!BL119 -> 41
C120: 3. ELOK FITRIYA NINGSIH | E120: =BUMIHARJO!AE120+KARANGHARJO!BK120+MARGOMULYO!S120+SEPANJANG!AJ120+SUMBERGONDO!AB120+TEGALHARJO!AP120+TULUNGREJO!BL120 -> 23
C121: 4. MADI | E121: =BUMIHARJO!AE121+KARANGHARJO!BK121+MARGOMULYO!S121+SEPANJANG!AJ121+SUMBERGONDO!AB121+TEGALHARJO!AP121+TULUNGREJO!BL121 -> 15
C122: 5. LUKY PERMANASARI | E122: =BUMIHARJO!AE122+KARANGHARJO!BK122+MARGOMULYO!S122+SEPANJANG!AJ122+SUMBERGONDO!AB122+TEGALHARJO!AP122+TULUNGREJO!BL122 -> 12
A127: B | B127: JUMLAH SUARA SAH PARTAI POLITIK DAN CALON (A1 + A2) | E127: =SUM(E117:E120) -> 404
A129: A.1 | B129: 8. | C129: Partai Keadilan Sejahtera | E129: =BUMIHARJO!AE129+KARANGHARJO!BK129+MARGOMULYO!S129+SEPANJANG!AJ129+SUMBERGONDO!AB129+TEGALHARJO!AP129+TULUNGREJO!BL129 -> 303
A130: A.2 | C130: 1. H. IRWAN SETIAWAN | E130: =BUMIHARJO!AE130+KARANGHARJO!BK130+MARGOMULYO!S130+SEPANJANG!AJ130+SUMBERGONDO!AB130+TEGALHARJO!AP130+TULUNGREJO!BL130 -> 679
...

Sheet BUMIHARJO
C2: Kecamatan | D2: GLENMORE
C3: Kabupaten | D3: BANYUWANGI
C4: Provinsi | D4: JAWA TIMUR
C9: Kelurahan | D9: BUMIHARJO
A12: I | B12: DATA PEMILIH DAN PENGGUNAAN HAK PILIH | AE12: JUMLAH AKHIR
A13: A | B13: DATA PEMILIH | E13: TPS 001 | F13: TPS 002 | G13: TPS 003 | H13: TPS 004 | I13: TPS 005 | J13: TPS 006 | K13: TPS 007 | L13: TPS 008 | M13: TPS 009 | N13: TPS 010 | O13: TPS 011 | P13: TPS 012 | Q13: TPS 013 | R13: TPS 014 | S13: TPS 015 | T13: TPS 016 | U13: TPS 017 | V13: TPS 018 | W13: TPS 019 | X13: TPS 020 | Y13: TPS 021 | Z13: TPS 022 | AA13: TPS 023 | AB13: TPS 024 | AC13: TPS 025 | AD13: TPS 026
B14: Jumlah Pemilih dalam Daftar Pemilih Tetap (DPT) | D14: LK | E14: 132 | F14: 118 | G14: 130 | H14: 112 | I14: 147 | J14: 159 | K14: 144 | L14: 151 | M14: 141 | N14: 144 | O14: 122 | P14: 124 | Q14: 123 | R14: 92 | S14: 142 | T14: 126 | U14: 127 | V14: 116 | W14: 145 | X14: 142 | Y14: 119 | Z14: 140 | AA14: 108 | AB14: 103 | AC14: 123 | AD14: 138 | AE14: =SUM(E14:AD14) -> 3368
D15: PR | E15: 127 | F15: 126 | G15: 123 | H15: 114 | I15: 142 | J15: 141 | K15: 149 | L15: 145 | M15: 147 | N15: 153 | O15: 116 | P15: 128 | Q15: 116 | R15: 106 | S15: 126 | T15: 124 | U15: 145 | V15: 97 | W15: 134 | X15: 137 | Y15: 126 | Z15: 151 | AA15: 115 | AB15: 118 | AC15: 132 | AD15: 149 | AE15: =SUM(E15:AD15) -> 3387
D16: JML | E16: =SUM(E14:E15) -> 259 | F16: =SUM(F14:F15) -> 244 | G16: =SUM(G14:G15) -> 253 | H16: =SUM(H14:H15) -> 226 | I16: =SUM(I14:I15) -> 289 | J16: =SUM(J14:J15) -> 300 | K16: =SUM(K14:K15) -> 293 | L16: =SUM(L14:L15) -> 296 | ... AD16: =SUM(AD14:AD15) -> 287 | AE16: =SUM(E16:AD16) -> 6755
A18: B | B18: PENGGUNA HAK PILIH
B19: 1. | C19: Jumlah pengguna hak pilih dalam Daftar Pemilih Tetap (DPT) | D19: LK | E19: 105 | F19: 100 | G19: 94 | H19: 91 | I19: 104 | J19: 118 | K19: 109 | L19: 115 | M19: 105 | N19: 107 | O19: 87 | P19: 97 | Q19: 90 | R19: 68 | S19: 113 | T19: 89 | U19: 87 | V19: 95 | W19: 113 | X19: 101 | Y19: 87 | Z19: 96 | AA19: 77 | AB19: 76 | AC19: 80 | AD19: 95 | AE19: =SUM(E19:AD19) -> 2499
D20: PR | E20: 101 | F20: 100 | G20: 107 | H20: 93 | I20: 104 | J20: 112 | K20: 115 | L20: 114 | M20: 118 | N20: 119 | O20: 89 | P20: 116 | Q20: 93 | R20: 86 | S20: 107 | T20: 105 | U20: 112 | V20: 86 | W20: 110 | X20: 105 | Y20: 104 | Z20: 126 | AA20: 100 | AB20: 78 | AC20: 92 | AD20: 112 | AE20: =SUM(E20:AD20) -> 2704
D21: JML | E21: =SUM(E19:E20) -> 206 | F21: =SUM(F19:F20) -> 200 | G21: =SUM(G19:G20) -> 201 | H21: =SUM(H19:H20) -> 184 | I21: =SUM(I19:I20) -> 208 | J21: =SUM(J19:J20) -> 230 | K21: =SUM(K19:K20) -> 224 | L21: =SUM(L19:L20) -> 229 | ... AD21: =SUM(AD19:AD20) -> 207 | AE21: =SUM(E21:AD21) -> 5203
B22: 2. | C22: Jumlah pengguna hak pilih dalam Daftar Pemilih Tambahan (DPTb) | D22: LK | N22: 2 | P22: 1 | AE22: =SUM(E22:AD22) -> 3
D23: PR | N23: 1 | O23: 1 | S23: 1 | V23: 1 | AE23: =SUM(E23:AD23) -> 4
D24: JML | E24: =SUM(E22:E23) -> 0 | F24: =SUM(F22:F23) -> 0 | G24: =SUM(G22:G23) -> 0 | H24: =SUM(H22:H23) -> 0 | I24: =SUM(I22:I23) -> 0 | J24: =SUM(J22:J23) -> 0 | K24: =SUM(K22:K23) -> 0 | L24: =SUM(L22:L23) -> 0 | ... AD24: =SUM(AD22:AD23) -> 0 | AE24: =SUM(E24:AD24) -> 7
B25: 3. | C25: Jumlah pengguna hak pilih dalam Daftar Pemilih Khusus (DPK) | D25: LK | E25: 1 | I25: 2 | R25: 1 | V25: 2 | W25: 1 | AE25: =SUM(E25:AD25) -> 7
D26: PR | P26: 1 | V26: 1 | W26: 1 | X26: 4 | AE26: =SUM(E26:AD26) -> 7
D27: JML | E27: =SUM(E25:E26) -> 1 | F27: =SUM(F25:F26) -> 0 | G27: =SUM(G25:G26) -> 0 | H27: =SUM(H25:H26) -> 0 | I27: =SUM(I25:I26) -> 2 | J27: =SUM(J25:J26) -> 0 | K27: =SUM(K25:K26) -> 0 | L27: =SUM(L25:L26) -> 0 | ... AD27: =SUM(AD25:AD26) -> 0 | AE27: =SUM(E27:AD27) -> 14
B28: 4. | C28: Jumlah Pengguna Hak Pilih (B.1+B.2+B.3) | D28: LK | E28: =SUM(E19,E22,E25) -> 106 | F28: =SUM(F19,F22,F25) -> 100 | G28: =SUM(G19,G22,G25) -> 94 | H28: =SUM(H19,H22,H25) -> 91 | I28: =SUM(I19,I22,I25) -> 106 | J28: =SUM(J19,J22,J25) -> 118 | K28: =SUM(K19,K22,K25) -> 109 | L28: =SUM(L19,L22,L25) -> 115 | ... AD28: =SUM(AD19,AD22,AD25) -> 95 | AE28: =SUM(E28:AD28) -> 2509
D29: PR | E29: =SUM(E20,E23,E26) -> 101 | F29: =SUM(F20,F23,F26) -> 100 | G29: =SUM(G20,G23,G26) -> 107 | H29: =SUM(H20,H23,H26) -> 93 | I29: =SUM(I20,I23,I26) -> 104 | J29: =SUM(J20,J23,J26) -> 112 | K29: =SUM(K20,K23,K26) -> 115 | L29: =SUM(L20,L23,L26) -> 114 | ... AD29: =SUM(AD20,AD23,AD26) -> 112 | AE29: =SUM(E29:AD29) -> 2715
D30: JML | E30: =SUM(E28:E29) -> 207 | F30: =SUM(F28:F29) -> 200 | G30: =SUM(G28:G29) -> 201 | H30: =SUM(H28:H29) -> 184 | I30: =SUM(I28:I29) -> 210 | J30: =SUM(J28:J29) -> 230 | K30: =SUM(K28:K29) -> 224 | L30: =SUM(L28:L29) -> 229 | ... AD30: =SUM(AD28:AD29) -> 207 | AE30: =SUM(E30:AD30) -> 5224
A32: II | B32: DATA PENGGUNAAN SURAT SUARA
A33: 1 | B33: Jumlah surat suara yang diterima, termasuk surat suara cadangan 2,5% dari DPT | E33: 265 | F33: 249 | G33: 259 | H33: 231 | I33: 295 | J33: 306 | K33: 299 | L33: 302 | M33: 294 | N33: 303 | O33: 243 | P33: 258 | Q33: 244 | R33: 202 | S33: 274 | T33: 255 | U33: 278 | V33: 218 | W33: 285 | X33: 285 | Y33: 250 | Z33: 297 | AA33: 228 | AB33: 226 | AC33: 261 | AD33: 293 | AE33: =SUM(E33:AD33) -> 6900
A34: 2 | B34: Jumlah surat suara yang digunakan | E34: 207 | F34: 200 | G34: 201 | H34: 184 | I34: 210 | J34: 230 | K34: 224 | L34: 229 | M34: 223 | N34: 229 | O34: 177 | P34: 215 | Q34: 183 | R34: 155 | S34: 221 | T34: 194 | U34: 199 | V34: 185 | W34: 225 | X34: 210 | Y34: 191 | Z34: 222 | AA34: 177 | AB34: 154 | AC34: 172 | AD34: 207 | AE34: =SUM(E34:AD34) -> 5224
A35: 3 | B35: Jumlah surat suara dikembalikan oleh pemilih (karena rusak atau keliru coblos) | P35: 1 | R35: 1 | S35: 1 | Z35: 3 | AE35: =SUM(E35:AD35) -> 6
A36: 4 | B36: Jumlah surat suara yang tidak digunakan/tidak terpakai, termasuk sisa surat suara cadangan | E36: =E33-(E34+E35) -> 58 | F36: =F33-(F34+F35) -> 49 | G36: =G33-(G34+G35) -> 58 | H36: =H33-(H34+H35) -> 47 | I36: =I33-(I34+I35) -> 85 | J36: =J33-(J34+J35) -> 76 | K36: =K33-(K34+K35) -> 75 | L36: =L33-(L34+L35) -> 73 | ... AD36: =AD33-(AD34+AD35) -> 86 | AE36: =SUM(E36:AD36) -> 1670
A38: III | B38: DATA PEMILIH DISABILITAS
B39: Jumlah seluruh Pemilih disabilitas yang menggunakan hak pilih | D39: LK | E39: 2 | J39: 1 | U39: 1 | V39: 1 | Y39: 1 | AA39: 3 | AB39: 1 | AE39: =SUM(E39:AD39) -> 10
D40: PR | E40: 2 | I40: 1 | R40: 2 | W40: 2 | Y40: 1 | Z40: 1 | AA40: 2 | AB40: 3 | AE40: =SUM(E40:AD40) -> 14
D41: JML | E41: =SUM(E39:E40) -> 4 | F41: =SUM(F39:F40) -> 0 | G41: =SUM(G39:G40) -> 0 | H41: =SUM(H39:H40) -> 0 | I41: =SUM(I39:I40) -> 1 | J41: =SUM(J39:J40) -> 1 | K41: =SUM(K39:K40) -> 0 | L41: =SUM(L39:L40) -> 0 | ... AD41: =SUM(AD39:AD40) -> 0 | AE41: =SUM(E41:AD41) -> 24
A43: IV | B43: DATA RINCIAN PEROLEHAN SUARA PASANGAN CALON BUPATI DAN WAKIL BUPATI
A44: NOMOR DAN NAMA CALON
A45: A.1 | B45: 1. | C45: Partai Kebangkitan Bangsa | E45: 4 | F45: 5 | G45: 5 | H45: 4 | I45: 9 | J45: 11 | K45: 4 | L45: 4 | M45: 7 | N45: 5 | O45: 4 | P45: 6 | Q45: 4 | R45: 2 | S45: 8 | T45: 6 | U45: 4 | V45: 1 | W45: 7 | X45: 6 | Y45: 10 | Z45: 2 | AA45: 10 | AB45: 2 | AC45: 3 | AD45: 5 | AE45: =SUM(E45:AD45) -> 138
A46: A.2 | C46: 1. Dra. Hj. MA`MULAH HARUN, M.Pd.I. | E46: 7 | F46: 15 | G46: 31 | H46: 5 | I46: 16 | J46: 5 | K46: 7 | L46: 17 | M46: 20 | N46: 24 | O46: 7 | P46: 14 | Q46: 9 | R46: 6 | S46: 16 | T46: 11 | U46: 7 | V46: 2 | W46: 15 | X46: 7 | Y46: 10 | Z46: 7 | AA46: 6 | AB46: 6 | AC46: 2 | AD46: 16 | AE46: =SUM(E46:AD46) -> 288
C47: 2. UBAIDILLAH, S.Fil.I. | E47: 1 | F47: 2 | G47: 4 | H47: 2 | I47: 3 | J47: 3 | K47: 0 | L47: 4 | M47: 6 | N47: 4 | O47: 0 | P47: 2 | Q47: 2 | R47: 1 | S47: 3 | T47: 1 | U47: 2 | V47: 2 | W47: 2 | X47: 4 | Y47: 1 | Z47: 4 | AA47: 0 | AB47: 0 | AC47: 1 | AD47: 5 | AE47: =SUM(E47:AD47) -> 59
C48: 3. Ir. H. YOYOK MULYADI, M.Si. | E48: 2 | F48: 0 | G48: 2 | H48: 1 | I48: 0 | J48: 0 | K48: 1 | L48: 0 | M48: 1 | N48: 2 | O48: 1 | P48: 0 | Q48: 2 | R48: 0 | S48: 0 | T48: 0 | U48: 1 | V48: 0 | W48: 3 | X48: 1 | Y48: 0 | Z48: 2 | AA48: 0 | AB48: 1 | AC48: 0 | AD48: 2 | AE48: =SUM(E48:AD48) -> 22
C49: 4. KHOIRUL ANWAR, S.Fil.I. | E49: 0 | F49: 2 | G49: 5 | H49: 11 | I49: 3 | J49: 1 | K49: 0 | L49: 0 | M49: 2 | N49: 1 | O49: 1 | P49: 2 | Q49: 3 | R49: 0 | S49: 1 | T49: 3 | U49: 1 | V49: 0 | W49: 2 | X49: 0 | Y49: 2 | Z49: 3 | AA49: 1 | AB49: 0 | AC49: 3 | AD49: 1 | AE49: =SUM(E49:AD49) -> 48
C50: 5. ARIF WIJAKSANA | E50: 0 | F50: 1 | G50: 1 | H50: 0 | I50: 0 | J50: 1 | K50: 0 | L50: 0 | M50: 0 | N50: 1 | O50: 0 | P50: 0 | Q50: 0 | R50: 0 | S50: 0 | T50: 1 | U50: 0 | V50: 0 | W50: 3 | X50: 1 | Y50: 1 | Z50: 0 | AA50: 0 | AB50: 1 | AC50: 0 | AD50: 1 | AE50: =SUM(E50:AD50) -> 12
C51: 6. Dr. SITI YUMNAH | E51: 2 | F51: 1 | G51: 1 | H51: 0 | I51: 0 | J51: 3 | K51: 0 | L51: 0 | M51: 1 | N51: 0 | O51: 1 | P51: 0 | Q51: 0 | R51: 0 | S51: 1 | T51: 0 | U51: 1 | V51: 0 | W51: 0 | X51: 1 | Y51: 0 | Z51: 1 | AA51: 0 | AB51: 0 | AC51: 0 | AD51: 0 | AE51: =SUM(E51:AD51) -> 13
C52: 7. MOHAMMAD ZAINI, M.Pd.I. | E52: 1 | F52: 1 | G52: 0 | H52: 0 | I52: 2 | J52: 0 | K52: 0 | L52: 0 | M52: 0 | N52: 0 | O52: 0 | P52: 0 | Q52: 0 | R52: 0 | S52: 0 | T52: 0 | U52: 1 | V52: 0 | W52: 1 | X52: 3 | Y52: 0 | Z52: 0 | AA52: 1 | AB52: 0 | AC52: 1 | AD52: 4 | AE52: =SUM(E52:AD52) -> 15
C53: 8. FAWAIDUL MAKKIYAH | E53: 0 | F53: 0 | G53: 0 | H53: 0 | I53: 0 | J53: 0 | K53: 0 | L53: 0 | M53: 0 | N53: 0 | O53: 1 | P53: 0 | Q53: 0 | R53: 0 | S53: 0 | T53: 0 | U53: 0 | V53: 0 | W53: 0 | X53: 1 | Y53: 0 | Z53: 0 | AA53: 0 | AB53: 0 | AC53: 0 | AD53: 0 | AE53: =SUM(E53:AD53) -> 2
C54: 9. IFFAH HIDAYATUR ROHMAH, S.Sos. | E54: 0 | F54: 1 | G54: 1 | H54: 0 | I54: 0 | J54: 0 | K54: 0 | L54: 2 | M54: 0 | N54: 2 | O54: 0 | P54: 0 | Q54: 1 | R54: 0 | S54: 0 | T54: 0 | U54: 0 | V54: 0 | W54: 0 | X54: 0 | Y54: 0 | Z54: 0 | AA54: 0 | AB54: 2 | AC54: 0 | AD54: 2 | AE54: =SUM(E54:AD54) -> 11
A55: B | B55: JUMLAH SUARA SAH PARTAI POLITIK DAN CALON (A1 + A2) | E55: =SUM(E45:E54) -> 17 | F55: =SUM(F45:F54) -> 28 | G55: =SUM(G45:G54) -> 50 | H55: =SUM(H45:H54) -> 23 | I55: =SUM(I45:I54) -> 33 | J55: =SUM(J45:J54) -> 24 | K55: =SUM(K45:K54) -> 12 | L55: =SUM(L45:L54) -> 27 | ... AE55: =SUM(AE45:AE54) -> 608
A57: A.1 | B57: 2. | C57: Partai Gerakan Indonesia Raya | E57: 9 | F57: 6 | G57: 9 | H57: 9 | I57: 8 | J57: 15 | K57: 14 | L57: 9 | M57: 6 | N57: 11 | O57: 12 | P57: 4 | Q57: 5 | R57: 1 | S57: 6 | T57: 8 | U57: 10 | V57: 5 | W57: 4 | X57: 7 | Y57: 6 | Z57: 11 | AA57: 4 | AB57: 7 | AC57: 11 | AD57: 10 | AE57: =SUM(E57:AD57) -> 207
A58: A.2 | C58: 1. AHMAD HADINUDDIN, S.Pd.I. | E58: 7 | F58: 3 | G58: 24 | H58: 7 | I58: 11 | J58: 3 | K58: 8 | L58: 31 | M58: 35 | N58: 8 | O58: 42 | P58: 2 | Q58: 36 | R58: 9 | S58: 81 | T58: 69 | U58: 30 | V58: 27 | W58: 19 | X58: 19 | Y58: 6 | Z58: 7 | AA58: 7 | AB58: 2 | AC58: 28 | AD58: 14 | AE58: =SUM(E58:AD58) -> 535
C59: 2. BIMA RAFSANJANI RAFID | E59: 3 | F59: 0 | G59: 2 | H59: 2 | I59: 2 | J59: 5 | K59: 3 | L59: 4 | M59: 6 | N59: 5 | O59: 4 | P59: 0 | Q59: 0 | R59: 0 | S59: 1 | T59: 3 | U59: 2 | V59: 3 | W59: 3 | X59: 7 | Y59: 0 | Z59: 2 | AA59: 2 | AB59: 2 | AC59: 7 | AD59: 6 | AE59: =SUM(E59:AD59) -> 74
C60: 3. IRA DAMAYANTI | E60: 2 | F60: 0 | G60: 1 | H60: 3 | I60: 3 | J60: 4 | K60: 0 | L60: 0 | M60: 1 | N60: 3 | O60: 2 | P60: 0 | Q60: 0 | R60: 2 | S60: 1 | T60: 2 | U60: 1 | V60: 0 | W60: 0 | X60: 0 | Y60: 3 | Z60: 1 | AA60: 0 | AB60: 1 | AC60: 3 | AD60: 1 | AE60: =SUM(E60:AD60) -> 34
C61: 4. MAULANA MALIK IBRAHIM, S.H. | E61: 0 | F61: 3 | G61: 2 | H61: 0 | I61: 7 | J61: 1 | K61: 3 | L61: 0 | M61: 0 | N61: 4 | O61: 2 | P61: 22 | Q61: 4 | R61: 8 | S61: 1 | T61: 0 | U61: 26 | V61: 1 | W61: 2 | X61: 19 | Y61: 0 | Z61: 0 | AA61: 2 | AB61: 0 | AC61: 2 | AD61: 2 | AE61: =SUM(E61:AD61) -> 111
C62: 5. LULUK ALFIATI | E62: 1 | F62: 0 | G62: 1 | H62: 0 | I62: 1 | J62: 2 | K62: 0 | L62: 1 | M62: 1 | N62: 1 | O62: 2 | P62: 2 | Q62: 0 | R62: 1 | S62: 0 | T62: 0 | U62: 1 | V62: 0 | W62: 1 | X62: 2 | Y62: 0 | Z62: 0 | AA62: 0 | AB62: 0 | AC62: 1 | AD62: 0 | AE62: =SUM(E62:AD62) -> 18
C63: 6. ILHAM WAHYUDI, S.H. | E63: 0 | F63: 1 | G63: 0 | H63: 0 | I63: 0 | J63: 0 | K63: 1 | L63: 1 | M63: 2 | N63: 0 | O63: 0 | P63: 0 | Q63: 0 | R63: 0 | S63: 1 | T63: 0 | U63: 0 | V63: 0 | W63: 0 | X63: 0 | Y63: 0 | Z63: 0 | AA63: 0 | AB63: 1 | AC63: 0 | AD63: 1 | AE63: =SUM(E63:AD63) -> 8
C64: 7. HAERUL ANWAR, S.Pd.I. | E64: 1 | F64: 0 | G64: 0 | H64: 0 | I64: 0 | J64: 2 | K64: 1 | L64: 0 | M64: 0 | N64: 1 | O64: 2 | P64: 1 | Q64: 0 | R64: 0 | S64: 0 | T64: 0 | U64: 0 | V64: 0 | W64: 0 | X64: 0 | Y64: 0 | Z64: 1 | AA64: 0 | AB64: 1 | AC64: 1 | AD64: 0 | AE64: =SUM(E64:AD64) -> 11
C65: 8. YOVI ADHITYA WARDANI | E65: 0 | F65: 0 | G65: 1 | H65: 0 | I65: 1 | J65: 2 | K65: 0 | L65: 0 | M65: 1 | N65: 0 | O65: 1 | P65: 0 | Q65: 0 | R65: 0 | S65: 0 | T65: 0 | U65: 2 | V65: 0 | W65: 0 | X65: 0 | Y65: 0 | Z65: 0 | AA65: 0 | AB65: 0 | AC65: 0 | AD65: 0 | AE65: =SUM(E65:AD65) -> 8
C66: 9. RITA AMELIA | E66: 0 | F66: 0 | G66: 0 | H66: 0 | I66: 2 | J66: 0 | K66: 1 | L66: 0 | M66: 0 | N66: 0 | O66: 0 | P66: 0 | Q66: 0 | R66: 0 | S66: 0 | T66: 0 | U66: 0 | V66: 0 | W66: 1 | X66: 0 | Y66: 0 | Z66: 0 | AA66: 0 | AB66: 1 | AC66: 0 | AD66: 0 | AE66: =SUM(E66:AD66) -> 5
A67: B | B67: JUMLAH SUARA SAH PARTAI POLITIK DAN CALON (A1 + A2) | E67: =SUM(E57:E66) -> 23 | F67: =SUM(F57:F66) -> 13 | G67: =SUM(G57:G66) -> 40 | H67: =SUM(H57:H66) -> 21 | I67: =SUM(I57:I66) -> 35 | J67: =SUM(J57:J66) -> 34 | K67: =SUM(K57:K66) -> 31 | L67: =SUM(L57:L66) -> 46 | ... AE67: =SUM(AE57:AE66) -> 1011
A69: A.1 | B69: 3. | C69: Partai Demokrasi Indonesia Perjuangan | E69: 24 | F69: 7 | G69: 6 | H69: 16 | I69: 9 | J69: 22 | K69: 11 | L69: 14 | M69: 7 | N69: 21 | O69: 5 | P69: 7 | Q69: 6 | R69: 8 | S69: 7 | T69: 7 | U69: 11 | V69: 34 | W69: 20 | X69: 15 | Y69: 3 | Z69: 20 | AA69: 21 | AB69: 11 | AC69: 5 | AD69: 8 | AE69: =SUM(E69:AD69) -> 325
A70: A.2 | C70: 1. MARTIN H., S.H., M.H. | E70: 8 | F70: 12 | G70: 7 | H70: 3 | I70: 8 | J70: 6 | K70: 13 | L70: 12 | M70: 8 | N70: 6 | O70: 4 | P70: 4 | Q70: 2 | R70: 4 | S70: 4 | T70: 3 | U70: 3 | V70: 21 | W70: 15 | X70: 10 | Y70: 3 | Z70: 7 | AA70: 8 | AB70: 7 | AC70: 3 | AD70: 0 | AE70: =SUM(E70:AD70) -> 181
C71: 2. HERMANTO, S.E. | E71: 2 | F71: 1 | G71: 5 | H71: 4 | I71: 5 | J71: 27 | K71: 26 | L71: 2 | M71: 3 | N71: 3 | O71: 14 | P71: 8 | Q71: 21 | R71: 2 | S71: 2 | T71: 1 | U71: 5 | V71: 5 | W71: 6 | X71: 1 | Y71: 2 | Z71: 3 | AA71: 5 | AB71: 33 | AC71: 2 | AD71: 24 | AE71: =SUM(E71:AD71) -> 212
C72: 3. EVY SUSILAWATI, S.E., M.M. | E72: 4 | F72: 4 | G72: 4 | H72: 4 | I72: 3 | J72: 3 | K72: 7 | L72: 6 | M72: 2 | N72: 3 | O72: 1 | P72: 3 | Q72: 3 | R72: 0 | S72: 0 | T72: 1 | U72: 4 | V72: 0 | W72: 4 | X72: 3 | Y72: 1 | Z72: 3 | AA72: 3 | AB72: 1 | AC72: 2 | AD72: 7 | AE72: =SUM(E72:AD72) -> 76
C73: 4. M. SIROTTUDIN | E73: 6 | F73: 7 | G73: 0 | H73: 6 | I73: 4 | J73: 1 | K73: 8 | L73: 4 | M73: 2 | N73: 2 | O73: 1 | P73: 3 | Q73: 2 | R73: 8 | S73: 11 | T73: 0 | U73: 2 | V73: 3 | W73: 5 | X73: 4 | Y73: 0 | Z73: 2 | AA73: 7 | AB73: 2 | AC73: 4 | AD73: 1 | AE73: =SUM(E73:AD73) -> 95
C74: 5. ABDUL HAFID, S.H. | E74: 2 | F74: 1 | G74: 0 | H74: 0 | I74: 0 | J74: 0 | K74: 1 | L74: 2 | M74: 1 | N74: 0 | O74: 0 | P74: 1 | Q74: 1 | R74: 1 | S74: 0 | T74: 1 | U74: 1 | V74: 1 | W74: 0 | X74: 2 | Y74: 0 | Z74: 0 | AA74: 1 | AB74: 0 | AC74: 2 | AD74: 1 | AE74: =SUM(E74:AD74) -> 19
C75: 6. NIKITA FORTUNA SURYANINGATI, A.Md.Keb. | E75: 0 | F75: 0 | G75: 1 | H75: 1 | I75: 2 | J75: 0 | K75: 1 | L75: 0 | M75: 0 | N75: 1 | O75: 0 | P75: 1 | Q75: 0 | R75: 1 | S75: 0 | T75: 0 | U75: 2 | V75: 3 | W75: 1 | X75: 4 | Y75: 3 | Z75: 1 | AA75: 1 | AB75: 0 | AC75: 0 | AD75: 0 | AE75: =SUM(E75:AD75) -> 23
C76: 7. YUDHO ILHAM WIJAYA, S.E. | E76: 0 | F76: 0 | G76: 0 | H76: 0 | I76: 0 | J76: 0 | K76: 1 | L76: 0 | M76: 1 | N76: 2 | O76: 0 | P76: 1 | Q76: 0 | R76: 0 | S76: 0 | T76: 0 | U76: 0 | V76: 0 | W76: 0 | X76: 1 | Y76: 0 | Z76: 1 | AA76: 0 | AB76: 1 | AC76: 0 | AD76: 2 | AE76: =SUM(E76:AD76) -> 10
C77: 8. SETIAWATI, S.H. | E77: 0 | F77: 0 | G77: 1 | H77: 2 | I77: 2 | J77: 0 | K77: 0 | L77: 0 | M77: 4 | N77: 2 | O77: 0 | P77: 0 | Q77: 1 | R77: 0 | S77: 0 | T77: 0 | U77: 1 | V77: 1 | W77: 0 | X77: 0 | Y77: 0 | Z77: 1 | AA77: 0 | AB77: 1 | AC77: 1 | AD77: 1 | AE77: =SUM(E77:AD77) -> 18
C78: 9. EKO BUDI SANTOSO, S.H. | E78: 0 | F78: 1 | G78: 0 | H78: 3 | I78: 0 | J78: 0 | K78: 2 | L78: 1 | M78: 1 | N78: 3 | O78: 0 | P78: 0 | Q78: 1 | R78: 0 | S78: 0 | T78: 0 | U78: 1 | V78: 1 | W78: 0 | X78: 1 | Y78: 0 | Z78: 1 | AA78: 3 | AB78: 4 | AC78: 1 | AD78: 1 | AE78: =SUM(E78:AD78) -> 25
A79: B | B79: JUMLAH SUARA SAH PARTAI POLITIK DAN CALON (A1 + A2) | E79: =SUM(E69:E78) -> 46 | F79: =SUM(F69:F78) -> 33 | G79: =SUM(G69:G78) -> 24 | H79: =SUM(H69:H78) -> 39 | I79: =SUM(I69:I78) -> 33 | J79: =SUM(J69:J78) -> 59 | K79: =SUM(K69:K78) -> 70 | L79: =SUM(L69:L78) -> 41 | ... AE79: =SUM(AE69:AE78) -> 984
A81: A.1 | B81: 4. | C81: Partai Golongan Karya | E81: 5 | F81: 5 | G81: 7 | H81: 9 | I81: 10 | J81: 1 | K81: 7 | L81: 11 | M81: 5 | N81: 10 | O81: 9 | P81: 5 | Q81: 1 | R81: 1 | S81: 2 | T81: 7 | U81: 11 | V81: 4 | W81: 10 | X81: 8 | Y81: 4 | Z81: 2 | AA81: 7 | AB81: 4 | AC81: 13 | AD81: 9 | AE81: =SUM(E81:AD81) -> 167
A82: A.2 | C82: 1. PRANAYA YUDHA MAHARDHIKA | E82: 7 | F82: 11 | G82: 10 | H82: 9 | I82: 2 | J82: 6 | K82: 15 | L82: 29 | M82: 19 | N82: 17 | O82: 10 | P82: 8 | Q82: 2 | R82: 1 | S82: 13 | T82: 30 | U82: 12 | V82: 7 | W82: 15 | X82: 8 | Y82: 16 | Z82: 4 | AA82: 9 | AB82: 10 | AC82: 23 | AD82: 12 | AE82: =SUM(E82:AD82) -> 305
C83: 2. Dra. Ec. ENDANG SULASTUTY, M.I.P. | E83: 2 | F83: 1 | G83: 2 | H83: 2 | I83: 2 | J83: 1 | K83: 6 | L83: 2 | M83: 1 | N83: 2 | O83: 0 | P83: 2 | Q83: 1 | R83: 1 | S83: 3 | T83: 1 | U83: 4 | V83: 2 | W83: 2 | X83: 0 | Y83: 1 | Z83: 0 | AA83: 1 | AB83: 0 | AC83: 4 | AD83: 4 | AE83: =SUM(E83:AD83) -> 47
C84: 3. AGUS REJEKI WARTONO | E84: 0 | F84: 0 | G84: 4 | H84: 0 | I84: 0 | J84: 1 | K84: 0 | L84: 1 | M84: 1 | N84: 1 | O84: 1 | P84: 1 | Q84: 3 | R84: 0 | S84: 3 | T84: 0 | U84: 1 | V84: 0 | W84: 2 | X84: 2 | Y84: 0 | Z84: 1 | AA84: 0 | AB84: 0 | AC84: 1 | AD84: 2 | AE84: =SUM(E84:AD84) -> 25
C85: 4. Hj. TUTUK ASMA'A ZUCHROH, S.T., M.T. | E85: 1 | F85: 2 | G85: 0 | H85: 0 | I85: 1 | J85: 0 | K85: 0 | L85: 2 | M85: 2 | N85: 0 | O85: 1 | P85: 1 | Q85: 3 | R85: 4 | S85: 1 | T85: 1 | U85: 3 | V85: 3 | W85: 0 | X85: 1 | Y85: 0 | Z85: 0 | AA85: 0 | AB85: 0 | AC85: 1 | AD85: 1 | AE85: =SUM(E85:AD85) -> 28
C86: 5. ADE M. RIZKI, S.E. | E86: 0 | F86: 1 | G86: 1 | H86: 0 | I86: 1 | J86: 0 | K86: 1 | L86: 4 | M86: 1 | N86: 0 | O86: 1 | P86: 0 | Q86: 0 | R86: 0 | S86: 1 | T86: 0 | U86: 3 | V86: 1 | W86: 0 | X86: 0 | Y86: 0 | Z86: 0 | AA86: 0 | AB86: 0 | AC86: 1 | AD86: 1 | AE86: =SUM(E86:AD86) -> 17
C87: 6. ABDURAKHMAN, Bc.Kn. | E87: 0 | F87: 0 | G87: 0 | H87: 1 | I87: 0 | J87: 0 | K87: 1 | L87: 0 | M87: 0 | N87: 0 | O87: 1 | P87: 1 | Q87: 0 | R87: 0 | S87: 0 | T87: 0 | U87: 1 | V87: 0 | W87: 1 | X87: 1 | Y87: 0 | Z87: 0 | AA87: 0 | AB87: 0 | AC87: 0 | AD87: 0 | AE87: =SUM(E87:AD87) -> 7
C88: 7. CENDY RHIYAN ADI PUTRI | E88: 0 | F88: 3 | G88: 0 | H88: 2 | I88: 0 | J88: 0 | K88: 1 | L88: 0 | M88: 1 | N88: 2 | O88: 1 | P88: 0 | Q88: 0 | R88: 0 | S88: 1 | T88: 0 | U88: 0 | V88: 0 | W88: 1 | X88: 0 | Y88: 0 | Z88: 0 | AA88: 0 | AB88: 0 | AC88: 0 | AD88: 0 | AE88: =SUM(E88:AD88) -> 12
C89: 8. BAKTI WIJAYANTO, S.E. | E89: 1 | F89: 0 | G89: 0 | H89: 0 | I89: 0 | J89: 0 | K89: 0 | L89: 0 | M89: 0 | N89: 0 | O89: 0 | P89: 0 | Q89: 0 | R89: 0 | S89: 0 | T89: 0 | U89: 0 | V89: 0 | W89: 0 | X89: 0 | Y89: 0 | Z89: 0 | AA89: 0 | AB89: 0 | AC89: 0 | AD89: 0 | AE89: =SUM(E89:AD89) -> 1
C90: 9. AHMAD UBAIDILLAH | E90: 1 | F90: 0 | G90: 0 | H90: 0 | I90: 0 | J90: 1 | K90: 1 | L90: 1 | M90: 0 | N90: 0 | O90: 0 | P90: 0 | Q90: 0 | R90: 0 | S90: 0 | T90: 0 | U90: 0 | V90: 0 | W90: 1 | X90: 0 | Y90: 2 | Z90: 1 | AA90: 0 | AB90: 0 | AC90: 0 | AD90: 0 | AE90: =SUM(E90:AD90) -> 8
A91: B | B91: JUMLAH SUARA SAH PARTAI POLITIK DAN CALON (A1 + A2) | E91: =SUM(E81:E90) -> 17 | F91: =SUM(F81:F90) -> 23 | G91: =SUM(G81:G90) -> 24 | H91: =SUM(H81:H90) -> 23 | I91: =SUM(I81:I90) -> 16 | J91: =SUM(J81:J90) -> 10 | K91: =SUM(K81:K90) -> 32 | L91: =SUM(L81:L90) -> 50 | ... AE91: =SUM(AE81:AE90) -> 617
A93: A.1 | B93: 5. | C93: Partai NasDem | E93: 0 | F93: 1 | G93: 0 | H93: 4 | I93: 0 | J93: 2 | K93: 0 | L93: 0 | M93: 0 | N93: 1 | O93: 0 | P93: 2 | Q93: 0 | R93: 0 | S93: 1 | T93: 1 | U93: 1 | V93: 0 | W93: 1 | X93: 2 | Y93: 0 | Z93: 0 | AA93: 0 | AB93: 0 | AC93: 0 | AD93: 1 | AE93: =SUM(E93:AD93) -> 17
A94: A.2 | C94: 1. ALI MUSTOFA, A.Md. | E94: 15 | F94: 12 | G94: 1 | H94: 0 | I94: 1 | J94: 0 | K94: 1 | L94: 0 | M94: 2 | N94: 1 | O94: 0 | P94: 0 | Q94: 3 | R94: 0 | S94: 0 | T94: 1 | U94: 0 | V94: 0 | W94: 1 | X94: 12 | Y94: 0 | Z94: 0 | AA94: 0 | AB94: 0 | AC94: 1 | AD94: 2 | AE94: =SUM(E94:AD94) -> 53
C95: 2. Hj. BUAMI, S.H. | E95: 0 | F95: 0 | G95: 1 | H95: 0 | I95: 1 | J95: 0 | K95: 4 | L95: 1 | M95: 0 | N95: 0 | O95: 0 | P95: 0 | Q95: 0 | R95: 0 | S95: 0 | T95: 0 | U95: 0 | V95: 0 | W95: 2 | X95: 3 | Y95: 1 | Z95: 0 | AA95: 0 | AB95: 0 | AC95: 0 | AD95: 1 | AE95: =SUM(E95:AD95) -> 14
C96: 3. SUGIONO, S.H. | E96: 1 | F96: 0 | G96: 0 | H96: 0 | I96: 0 | J96: 0 | K96: 0 | L96: 0 | M96: 0 | N96: 0 | O96: 1 | P96: 0 | Q96: 0 | R96: 0 | S96: 0 | T96: 0 | U96: 0 | V96: 0 | W96: 0 | X96: 0 | Y96: 0 | Z96: 0 | AA96: 0 | AB96: 0 | AC96: 0 | AD96: 0 | AE96: =SUM(E96:AD96) -> 2
C97: 4. LULUK SUNARMIATININGSIH | E97: 1 | F97: 1 | G97: 0 | H97: 0 | I97: 0 | J97: 1 | K97: 0 | L97: 0 | M97: 0 | N97: 0 | O97: 0 | P97: 1 | Q97: 0 | R97: 0 | S97: 0 | T97: 1 | U97: 0 | V97: 0 | W97: 0 | X97: 0 | Y97: 0 | Z97: 0 | AA97: 0 | AB97: 0 | AC97: 0 | AD97: 0 | AE97: =SUM(E97:AD97) -> 5
C98: 5. ANTON DJULIANTO ADI | E98: 0 | F98: 0 | G98: 0 | H98: 0 | I98: 0 | J98: 1 | K98: 0 | L98: 0 | M98: 1 | N98: 0 | O98: 0 | P98: 0 | Q98: 0 | R98: 0 | S98: 0 | T98: 0 | U98: 0 | V98: 0 | W98: 0 | X98: 0 | Y98: 0 | Z98: 0 | AA98: 0 | AB98: 0 | AC98: 0 | AD98: 0 | AE98: =SUM(E98:AD98) -> 2
C99: 6. MOKHAMAD ROFI'I KHUSNAN | E99: 0 | F99: 0 | G99: 0 | H99: 0 | I99: 0 | J99: 0 | K99: 0 | L99: 0 | M99: 0 | N99: 0 | O99: 0 | P99: 0 | Q99: 0 | R99: 0 | S99: 0 | T99: 0 | U99: 0 | V99: 0 | W99: 0 | X99: 0 | Y99: 0 | Z99: 0 | AA99: 0 | AB99: 0 | AC99: 0 | AD99: 0 | AE99: =SUM(E99:AD99) -> 0
C100: 7. Rr SETYO WATI | E100: 0 | F100: 0 | G100: 0 | H100: 0 | I100: 0 | J100: 0 | K100: 0 | L100: 0 | M100: 0 | N100: 0 | O100: 1 | P100: 0 | Q100: 0 | R100: 0 | S100: 0 | T100: 0 | U100: 0 | V100: 0 | W100: 0 | X100: 0 | Y100: 0 | Z100: 0 | AA100: 0 | AB100: 0 | AC100: 0 | AD100: 1 | AE100: =SUM(E100:AD100) -> 2
C101: 8. ABD. KADIR ASSEGAFF | E101: 0 | F101: 0 | G101: 0 | H101: 0 | I101: 0 | J101: 0 | K101: 0 | L101: 0 | M101: 0 | N101: 0 | O101: 0 | P101: 0 | Q101: 0 | R101: 0 | S101: 0 | T101: 0 | U101: 0 | V101: 0 | W101: 0 | X101: 0 | Y101: 0 | Z101: 0 | AA101: 0 | AB101: 0 | AC101: 0 | AD101: 0 | AE101: =SUM(E101:AD101) -> 0
C102: 9. FATHOR ZAINULLAH | E102: 0 | F102: 0 | G102: 0 | H102: 0 | I102: 0 | J102: 0 | K102: 0 | L102: 0 | M102: 0 | N102: 0 | O102: 0 | P102: 0 | Q102: 0 | R102: 0 | S102: 0 | T102: 0 | U102: 0 | V102: 0 | W102: 0 | X102: 0 | Y102: 0 | Z102: 0 | AA102: 0 | AB102: 0 | AC102: 0 | AD102: 0 | AE102: =SUM(E102:AD102) -> 0
A103: B | B103: JUMLAH SUARA SAH PARTAI POLITIK DAN CALON (A1 + A2) | E103: =SUM(E93:E102) -> 17 | F103: =SUM(F93:F102) -> 14 | G103: =SUM(G93:G102) -> 2 | H103: =SUM(H93:H102) -> 4 | I103: =SUM(I93:I102) -> 2 | J103: =SUM(J93:J102) -> 4 | K103: =SUM(K93:K102) -> 5 | L103: =SUM(L93:L102) -> 1 | ... AE103: =SUM(AE93:AE102) -> 95
A105: A.1 | B105: 6. | C105: Partai Buruh | E105: 0 | F105: 1 | G105: 0 | H105: 0 | I105: 0 | J105: 0 | K105: 2 | L105: 1 | M105: 0 | N105: 0 | O105: 0 | P105: 0 | Q105: 0 | R105: 0 | S105: 0 | T105: 0 | U105: 1 | V105: 0 | W105: 0 | X105: 0 | Y105: 0 | Z105: 0 | AA105: 0 | AB105: 1 | AC105: 0 | AD105: 0 | AE105: =SUM(E105:AD105) -> 6
A106: A.2 | C106: 1. AGUS SUPRIYADI | E106: 0 | F106: 0 | G106: 1 | H106: 1 | I106: 0 | J106: 0 | K106: 0 | L106: 0 | M106: 0 | N106: 1 | O106: 1 | P106: 1 | Q106: 0 | R106: 0 | S106: 0 | T106: 0 | U106: 0 | V106: 0 | W106: 0 | X106: 0 | Y106: 0 | Z106: 0 | AA106: 0 | AB106: 0 | AC106: 0 | AD106: 1 | AE106: =SUM(E106:AD106) -> 6
C107: 2. ENI HARIATI | E107: 0 | F107: 0 | G107: 0 | H107: 0 | I107: 0 | J107: 0 | K107: 0 | L107: 0 | M107: 0 | N107: 0 | O107: 0 | P107: 0 | Q107: 0 | R107: 0 | S107: 0 | T107: 1 | U107: 0 | V107: 0 | W107: 0 | X107: 0 | Y107: 0 | Z107: 0 | AA107: 0 | AB107: 0 | AC107: 0 | AD107: 0 | AE107: =SUM(E107:AD107) -> 1
A115: B | B115: JUMLAH SUARA SAH PARTAI POLITIK DAN CALON (A1 + A2) | E115: =SUM(E105:E114) -> 0 | F115: =SUM(F105:F114) -> 1 | G115: =SUM(G105:G114) -> 1 | H115: =SUM(H105:H114) -> 1 | I115: =SUM(I105:I114) -> 0 | J115: =SUM(J105:J114) -> 0 | K115: =SUM(K105:K114) -> 2 | L115: =SUM(L105:L114) -> 1 | ... AE115: =SUM(AE105:AE114) -> 13
A117: A.1 | B117: 7. | C117: Partai Gelombang Rakyat Indonesia | E117: 1 | F117: 1 | G117: 3 | H117: 0 | I117: 2 | J117: 9 | K117: 11 | L117: 2 | M117: 1 | N117: 5 | O117: 3 | P117: 0 | Q117: 2 | R117: 0 | S117: 1 | T117: 3 | U117: 3 | V117: 0 | W117: 2 | X117: 2 | Y117: 0 | Z117: 1 | AA117: 0 | AB117: 4 | AC117: 2 | AD117: 3 | AE117: =SUM(E117:AD117) -> 61
A118: A.2 | C118: 1. MIRZA MUHROSNI AROMA | E118: 1 | F118: 1 | G118: 0 | H118: 0 | I118: 0 | J118: 0 | K118: 0 | L118: 1 | M118: 0 | N118: 1 | O118: 0 | P118: 0 | Q118: 2 | R118: 0 | S118: 1 | T118: 0 | U118: 0 | V118: 0 | W118: 0 | X118: 0 | Y118: 0 | Z118: 1 | AA118: 0 | AB118: 1 | AC118: 0 | AD118: 0 | AE118: =SUM(E118:AD118) -> 9
C119: 2. ACHMAD BAGUS SUGIARTO | E119: 1 | F119: 0 | G119: 0 | H119: 0 | I119: 0 | J119: 0 | K119: 0 | L119: 0 | M119: 0 | N119: 0 | O119: 2 | P119: 0 | Q119: 1 | R119: 0 | S119: 0 | T119: 0 | U119: 0 | V119: 1 | W119: 0 | X119: 0 | Y119: 0 | Z119: 1 | AA119: 0 | AB119: 1 | AC119: 0 | AD119: 0 | AE119: =SUM(E119:AD119) -> 7
C120: 3. ELOK FITRIYA NINGSIH | E120: 0 | F120: 0 | G120: 0 | H120: 0 | I120: 1 | J120: 0 | K120: 1 | L120: 0 | M120: 0 | N120: 0 | O120: 0 | P120: 0 | Q120: 0 | R120: 0 | S120: 0 | T120: 0 | U120: 0 | V120: 0 | W120: 0 | X120: 0 | Y120: 0 | Z120: 0 | AA120: 0 | AB120: 0 | AC120: 0 | AD120: 1 | AE120: =SUM(E120:AD120) -> 3
C121: 4. MADI | E121: 0 | F121: 0 | G121: 0 | H121: 0 | I121: 0 | J121: 0 | K121: 1 | L121: 0 | M121: 0 | N121: 0 | O121: 1 | P121: 0 | Q121: 0 | R121: 0 | S121: 0 | T121: 0 | U121: 1 | V121: 0 | W121: 0 | X121: 0 | Y121: 0 | Z121: 0 | AA121: 0 | AB121: 0 | AC121: 0 | AD121: 0 | AE121: =SUM(E121:AD121) -> 3
C122: 5. LUKY PERMANASARI | E122: 0 | F122: 0 | G122: 0 | H122: 1 | I122: 0 | J122: 0 | K122: 0 | L122: 0 | M122: 0 | N122: 0 | O122: 0 | P122: 0 | Q122: 0 | R122: 0 | S122: 0 | T122: 0 | U122: 0 | V122: 0 | W122: 0 | X122: 0 | Y122: 0 | Z122: 0 | AA122: 0 | AB122: 0 | AC122: 0 | AD122: 0 | AE122: =SUM(E122:AD122) -> 1
A127: B | B127: JUMLAH SUARA SAH PARTAI POLITIK DAN CALON (A1 + A2) | E127: =SUM(E117:E126) -> 3 | F127: =SUM(F117:F126) -> 2 | G127: =SUM(G117:G126) -> 3 | H127: =SUM(H117:H126) -> 1 | I127: =SUM(I117:I126) -> 3 | J127: =SUM(J117:J126) -> 9 | K127: =SUM(K117:K126) -> 13 | L127: =SUM(L117:L126) -> 3 | ... AE127: =SUM(AE117:AE126) -> 84
A129: A.1 | B129: 8. | C129: Partai Keadilan Sejahtera | E129: 0 | F129: 1 | G129: 0 | H129: 0 | I129: 1 | J129: 1 | K129: 0 | L129: 1 | M129: 1 | N129: 0 | O129: 1 | P129: 5 | Q129: 1 | R129: 0 | S129: 0 | T129: 1 | U129: 0 | V129: 1 | W129: 0 | X129: 0 | Y129: 2 | Z129: 0 | AA129: 1 | AB129: 0 | AC129: 0 | AD129: 0 | AE129: =SUM(E129:AD129) -> 17
...

Sheet KARANGHARJO
C2: Kecamatan | D2: GLENMORE
C3: Kabupaten | D3: BANYUWANGI
C4: Provinsi | D4: JAWA TIMUR
C9: Kelurahan | D9: KARANGHARJO
A12: I | B12: DATA PEMILIH DAN PENGGUNAAN HAK PILIH | BK12: JUMLAH AKHIR
A13: A | B13: DATA PEMILIH | E13: TPS 001 | F13: TPS 002 | G13: TPS 003 | H13: TPS 004 | I13: TPS 005 | J13: TPS 006 | K13: TPS 007 | L13: TPS 008 | M13: TPS 009 | N13: TPS 010 | O13: TPS 011 | P13: TPS 012 | Q13: TPS 013 | R13: TPS 014 | S13: TPS 015 | T13: TPS 016 | U13: TPS 017 | V13: TPS 018 | W13: TPS 019 | X13: TPS 020 | Y13: TPS 021 | Z13: TPS 022 | AA13: TPS 023 | AB13: TPS 024 | AC13: TPS 025 | AD13: TPS 026 | AE13: TPS 027 | AF13: TPS 028 | AG13: TPS 029 | AH13: TPS 030 | AI13: TPS 031 | AJ13: TPS 032 | AK13: TPS 033 | AL13: TPS 034 | AM13: TPS 035 | AN13: TPS 036 | AO13: TPS 037 | AP13: TPS 038 | AQ13: TPS 039 | AR13: TPS 040 | AS13: TPS 041 | AT13: TPS 042 | AU13: TPS 043 | AV13: TPS 044 | AW13: TPS 045 | AX13: TPS 046 | AY13: TPS 047 | AZ13: TPS 048 | BA13: TPS 049 | BB13: TPS 050 | BC13: TPS 051 | BD13: TPS 052 | BE13: TPS 053 | BF13: TPS 054 | BG13: TPS 055 | BH13: TPS 056 | BI13: TPS 057 | BJ13: TPS 058
B14: Jumlah Pemilih dalam Daftar Pemilih Tetap (DPT) | D14: LK | E14: 48 | F14: 60 | G14: 57 | H14: 49 | I14: 111 | J14: 137 | K14: 142 | L14: 129 | M14: 134 | N14: 50 | O14: 120 | P14: 109 | Q14: 109 | R14: 73 | S14: 120 | T14: 78 | U14: 127 | V14: 147 | W14: 111 | X14: 150 | Y14: 128 | Z14: 100 | AA14: 119 | AB14: 97 | AC14: 150 | AD14: 108 | AE14: 87 | AF14: 66 | AG14: 128 | AH14: 143 | AI14: 113 | AJ14: 92 | AK14: 99 | AL14: 130 | AM14: 107 | AN14: 94 | AO14: 81 | AP14: 102 | AQ14: 90 | AR14: 99 | AS14: 81 | AT14: 145 | AU14: 141 | AV14: 131 | AW14: 138 | AX14: 105 | AY14: 132 | AZ14: 81 | BA14: 103 | BB14: 87 | BC14: 128 | BD14: 117 | BE14: 132 | BF14: 84 | BG14: 135 | BH14: 139 | BI14: 117 | BJ14: 134 | BK14: =SUM(E14:BJ14) -> 6324
D15: PR | E15: 53 | F15: 48 | G15: 58 | H15: 39 | I15: 110 | J15: 137 | K15: 146 | L15: 145 | M15: 132 | N15: 43 | O15: 152 | P15: 115 | Q15: 101 | R15: 68 | S15: 123 | T15: 84 | U15: 118 | V15: 147 | W15: 122 | X15: 138 | Y15: 125 | Z15: 109 | AA15: 136 | AB15: 82 | AC15: 144 | AD15: 97 | AE15: 95 | AF15: 74 | AG15: 139 | AH15: 154 | AI15: 125 | AJ15: 101 | AK15: 99 | AL15: 139 | AM15: 121 | AN15: 91 | AO15: 77 | AP15: 109 | AQ15: 91 | AR15: 89 | AS15: 77 | AT15: 151 | AU15: 133 | AV15: 156 | AW15: 159 | AX15: 121 | AY15: 162 | AZ15: 93 | BA15: 108 | BB15: 89 | BC15: 130 | BD15: 129 | BE15: 148 | BF15: 99 | BG15: 147 | BH15: 152 | BI15: 121 | BJ15: 138 | BK15: =SUM(E15:BJ15) -> 6589
D16: JML | E16: =SUM(E14:E15) -> 101 | F16: =SUM(F14:F15) -> 108 | G16: =SUM(G14:G15) -> 115 | H16: =SUM(H14:H15) -> 88 | I16: =SUM(I14:I15) -> 221 | J16: =SUM(J14:J15) -> 274 | K16: =SUM(K14:K15) -> 288 | L16: =SUM(L14:L15) -> 274 | ... BJ16: =SUM(BJ14:BJ15) -> 272 | BK16: =SUM(E16:BJ16) -> 12913
A18: B | B18: PENGGUNA HAK PILIH
B19: 1. | C19: Jumlah pengguna hak pilih dalam Daftar Pemilih Tetap (DPT) | D19: LK | E19: 39 | F19: 49 | G19: 45 | H19: 30 | I19: 77 | J19: 91 | K19: 77 | L19: 83 | M19: 88 | N19: 50 | O19: 85 | P19: 70 | Q19: 75 | R19: 44 | S19: 92 | T19: 54 | U19: 94 | V19: 99 | W19: 95 | X19: 120 | Y19: 76 | Z19: 72 | AA19: 82 | AB19: 56 | AC19: 109 | AD19: 59 | AE19: 67 | AF19: 55 | AG19: 75 | AH19: 109 | AI19: 78 | AJ19: 64 | AK19: 73 | AL19: 112 | AM19: 74 | AN19: 64 | AO19: 69 | AP19: 86 | AQ19: 75 | AR19: 79 | AS19: 64 | AT19: 98 | AU19: 101 | AV19: 92 | AW19: 86 | AX19: 68 | AY19: 96 | AZ19: 59 | BA19: 72 | BB19: 67 | BC19: 99 | BD19: 83 | BE19: 80 | BF19: 72 | BG19: 86 | BH19: 95 | BI19: 99 | BJ19: 87 | BK19: =SUM(E19:BJ19) -> 4495
D20: PR | E20: 35 | F20: 37 | G20: 50 | H20: 21 | I20: 82 | J20: 102 | K20: 103 | L20: 110 | M20: 90 | N20: 42 | O20: 120 | P20: 78 | Q20: 76 | R20: 46 | S20: 88 | T20: 65 | U20: 102 | V20: 121 | W20: 107 | X20: 126 | Y20: 89 | Z20: 85 | AA20: 112 | AB20: 68 | AC20: 112 | AD20: 72 | AE20: 78 | AF20: 59 | AG20: 103 | AH20: 116 | AI20: 104 | AJ20: 71 | AK20: 69 | AL20: 123 | AM20: 86 | AN20: 66 | AO20: 71 | AP20: 86 | AQ20: 74 | AR20: 79 | AS20: 62 | AT20: 116 | AU20: 100 | AV20: 106 | AW20: 108 | AX20: 92 | AY20: 124 | AZ20: 83 | BA20: 80 | BB20: 71 | BC20: 102 | BD20: 99 | BE20: 100 | BF20: 86 | BG20: 110 | BH20: 128 | BI20: 99 | BJ20: 103 | BK20: =SUM(E20:BJ20) -> 5093
D21: JML | E21: =SUM(E19:E20) -> 74 | F21: =SUM(F19:F20) -> 86 | G21: =SUM(G19:G20) -> 95 | H21: =SUM(H19:H20) -> 51 | I21: =SUM(I19:I20) -> 159 | J21: =SUM(J19:J20) -> 193 | K21: =SUM(K19:K20) -> 180 | L21: =SUM(L19:L20) -> 193 | ... BJ21: =SUM(BJ19:BJ20) -> 190 | BK21: =SUM(E21:BJ21) -> 9588
B22: 2. | C22: Jumlah pengguna hak pilih dalam Daftar Pemilih Tambahan (DPTb) | D22: LK | E22: 1 | F22: 1 | G22: 1 | H22: 1 | I22: 1 | J22: 1 | K22: 1 | L22: 1 | M22: 1 | N22: 1 | O22: 1 | R22: 1 | U22: 1 | V22: 1 | W22: 1 | Z22: 1 | AA22: 1 | AB22: 1 | AC22: 1 | AD22: 1 | AF22: 2 | AI22: 1 | AJ22: 1 | AL22: 1 | AP22: 1 | AS22: 1 | AU22: 1 | AX22: 1 | BA22: 2 | BB22: 1 | BH22: 1 | BK22: =SUM(E22:BJ22) -> 33
D23: PR | Q23: 1 | X23: 1 | AF23: 1 | AK23: 1 | AM23: 1 | AN23: 1 | AT23: 1 | AV23: 1 | AX23: 1 | AY23: 3 | AZ23: 1 | BA23: 2 | BE23: 1 | BF23: 1 | BG23: 1 | BI23: 1 | BJ23: 1 | BK23: =SUM(E23:BJ23) -> 20
D24: JML | E24: =SUM(E22:E23) -> 1 | F24: =SUM(F22:F23) -> 1 | G24: =SUM(G22:G23) -> 1 | H24: =SUM(H22:H23) -> 1 | I24: =SUM(I22:I23) -> 1 | J24: =SUM(J22:J23) -> 1 | K24: =SUM(K22:K23) -> 1 | L24: =SUM(L22:L23) -> 1 | ... BJ24: =SUM(BJ22:BJ23) -> 1 | BK24: =SUM(E24:BJ24) -> 53
B25: 3. | C25: Jumlah pengguna hak pilih dalam Daftar Pemilih Khusus (DPK) | D25: LK | AA25: 3 | AB25: 1 | AV25: 6 | AX25: 1 | BD25: 3 | BE25: 1 | BH25: 1 | BI25: 1 | BK25: =SUM(E25:BJ25) -> 17
D26: PR | M26: 3 | AA26: 5 | AB26: 2 | AF26: 1 | AQ26: 1 | AV26: 3 | AY26: 2 | BA26: 2 | BD26: 1 | BG26: 4 | BI26: 4 | BJ26: 2 | BK26: =SUM(E26:BJ26) -> 30
D27: JML | E27: =SUM(E25:E26) -> 0 | F27: =SUM(F25:F26) -> 0 | G27: =SUM(G25:G26) -> 0 | H27: =SUM(H25:H26) -> 0 | I27: =SUM(I25:I26) -> 0 | J27: =SUM(J25:J26) -> 0 | K27: =SUM(K25:K26) -> 0 | L27: =SUM(L25:L26) -> 0 | ... BJ27: =SUM(BJ25:BJ26) -> 2 | BK27: =SUM(E27:BJ27) -> 47
B28: 4. | C28: Jumlah Pengguna Hak Pilih (B.1+B.2+B.3) | D28: LK | E28: =SUM(E19,E22,E25) -> 40 | F28: =SUM(F19,F22,F25) -> 50 | G28: =SUM(G19,G22,G25) -> 46 | H28: =SUM(H19,H22,H25) -> 31 | I28: =SUM(I19,I22,I25) -> 78 | J28: =SUM(J19,J22,J25) -> 92 | K28: =SUM(K19,K22,K25) -> 78 | L28: =SUM(L19,L22,L25) -> 84 | ... BJ28: =SUM(BJ19,BJ22,BJ25) -> 87 | BK28: =SUM(E28:BJ28) -> 4545
D29: PR | E29: =SUM(E20,E23,E26) -> 35 | F29: =SUM(F20,F23,F26) -> 37 | G29: =SUM(G20,G23,G26) -> 50 | H29: =SUM(H20,H23,H26) -> 21 | I29: =SUM(I20,I23,I26) -> 82 | J29: =SUM(J20,J23,J26) -> 102 | K29: =SUM(K20,K23,K26) -> 103 | L29: =SUM(L20,L23,L26) -> 110 | ... BJ29: =SUM(BJ20,BJ23,BJ26) -> 106 | BK29: =SUM(E29:BJ29) -> 5143
D30: JML | E30: =SUM(E28:E29) -> 75 | F30: =SUM(F28:F29) -> 87 | G30: =SUM(G28:G29) -> 96 | H30: =SUM(H28:H29) -> 52 | I30: =SUM(I28:I29) -> 160 | J30: =SUM(J28:J29) -> 194 | K30: =SUM(K28:K29) -> 181 | L30: =SUM(L28:L29) -> 194 | ... BJ30: =SUM(BJ28:BJ29) -> 193 | BK30: =SUM(E30:BJ30) -> 9688
A32: II | B32: DATA PENGGUNAAN SURAT SUARA
A33: 1 | B33: Jumlah surat suara yang diterima, termasuk surat suara cadangan 2,5% dari DPT | E33: 104 | F33: 111 | G33: 118 | H33: 90 | I33: 226 | J33: 280 | K33: 293 | L33: 280 | M33: 272 | N33: 95 | O33: 278 | P33: 229 | Q33: 215 | R33: 144 | S33: 248 | T33: 166 | U33: 250 | V33: 300 | W33: 238 | X33: 294 | Y33: 259 | Z33: 214 | AA33: 261 | AB33: 183 | AC33: 300 | AD33: 210 | AE33: 186 | AF33: 143 | AG33: 273 | AH33: 303 | AI33: 243 | AJ33: 197 | AK33: 202 | AL33: 275 | AM33: 233 | AN33: 189 | AO33: 162 | AP33: 216 | AQ33: 186 | AR33: 192 | AS33: 162 | AT33: 302 | AU33: 280 | AV33: 322 | AW33: 303 | AX33: 231 | AY33: 300 | AZ33: 178 | BA33: 216 | BB33: 180 | BC33: 264 | BD33: 253 | BE33: 286 | BF33: 187 | BG33: 288 | BH33: 297 | BI33: 243 | BJ33: 273 | BK33: =SUM(E33:BJ33) -> 13223
A34: 2 | B34: Jumlah surat suara yang digunakan | E34: 75 | F34: 87 | G34: 96 | H34: 52 | I34: 160 | J34: 194 | K34: 181 | L34: 194 | M34: 182 | N34: 93 | O34: 206 | P34: 148 | Q34: 152 | R34: 91 | S34: 180 | T34: 119 | U34: 197 | V34: 221 | W34: 203 | X34: 247 | Y34: 165 | Z34: 158 | AA34: 203 | AB34: 128 | AC34: 222 | AD34: 132 | AE34: 145 | AF34: 118 | AG34: 178 | AH34: 225 | AI34: 183 | AJ34: 136 | AK34: 143 | AL34: 236 | AM34: 161 | AN34: 131 | AO34: 140 | AP34: 173 | AQ34: 150 | AR34: 158 | AS34: 127 | AT34: 215 | AU34: 202 | AV34: 208 | AW34: 194 | AX34: 163 | AY34: 225 | AZ34: 143 | BA34: 158 | BB34: 139 | BC34: 201 | BD34: 186 | BE34: 182 | BF34: 159 | BG34: 201 | BH34: 225 | BI34: 204 | BJ34: 193 | BK34: =SUM(E34:BJ34) -> 9688
A35: 3 | B35: Jumlah surat suara dikembalikan oleh pemilih (karena rusak atau keliru coblos) | J35: 1 | V35: 1 | W35: 1 | AD35: 3 | AG35: 2 | AU35: 1 | AV35: 29 | BI35: 1 | BK35: =SUM(E35:BJ35) -> 39
A36: 4 | B36: Jumlah surat suara yang tidak digunakan/tidak terpakai, termasuk sisa surat suara cadangan | E36: =E33-(E34+E35) -> 29 | F36: =F33-(F34+F35) -> 24 | G36: =G33-(G34+G35) -> 22 | H36: =H33-(H34+H35) -> 38 | I36: =I33-(I34+I35) -> 66 | J36: =J33-(J34+J35) -> 85 | K36: =K33-(K34+K35) -> 112 | L36: =L33-(L34+L35) -> 86 | ... BJ36: =BJ33-(BJ34+BJ35) -> 80 | BK36: =SUM(E36:BJ36) -> 3496
A38: III | B38: DATA PEMILIH DISABILITAS
B39: Jumlah seluruh Pemilih disabilitas yang menggunakan hak pilih | D39: LK | S39: 1 | X39: 1 | Y39: 1 | Z39: 1 | AG39: 1 | AI39: 2 | AR39: 1 | AX39: 1 | BK39: =SUM(E39:BJ39) -> 9
D40: PR | O40: 1 | S40: 2 | T40: 1 | X40: 3 | Z40: 1 | AI40: 3 | AT40: 1 | AX40: 3 | BK40: =SUM(E40:BJ40) -> 15
D41: JML | E41: =SUM(E39:E40) -> 0 | F41: =SUM(F39:F40) -> 0 | G41: =SUM(G39:G40) -> 0 | H41: =SUM(H39:H40) -> 0 | I41: =SUM(I39:I40) -> 0 | J41: =SUM(J39:J40) -> 0 | K41: =SUM(K39:K40) -> 0 | L41: =SUM(L39:L40) -> 0 | ... BJ41: =SUM(BJ39:BJ40) -> 0 | BK41: =SUM(E41:BJ41) -> 24
A43: IV | B43: DATA RINCIAN PEROLEHAN SUARA PASANGAN CALON BUPATI DAN WAKIL BUPATI
A44: NOMOR DAN NAMA CALON
A45: A.1 | B45: 1. | C45: Partai Kebangkitan Bangsa | E45: 3 | F45: 0 | G45: 2 | H45: 1 | I45: 10 | J45: 5 | K45: 11 | L45: 5 | M45: 19 | N45: 0 | O45: 4 | P45: 2 | Q45: 5 | R45: 3 | S45: 2 | T45: 1 | U45: 4 | V45: 3 | W45: 7 | X45: 5 | Y45: 5 | Z45: 4 | AA45: 3 | AB45: 3 | AC45: 7 | AD45: 7 | AE45: 3 | AF45: 0 | AG45: 3 | AH45: 8 | AI45: 9 | AJ45: 6 | AK45: 4 | AL45: 2 | AM45: 8 | AN45: 6 | AO45: 1 | AP45: 0 | AQ45: 6 | AR45: 1 | AS45: 2 | AT45: 8 | AU45: 5 | AV45: 11 | AW45: 4 | AX45: 3 | AY45: 7 | AZ45: 0 | BA45: 0 | BB45: 6 | BC45: 0 | BD45: 4 | BE45: 11 | BF45: 3 | BG45: 7 | BH45: 22 | BI45: 5 | BJ45: 2 | BK45: =SUM(E45:BJ45) -> 278
A46: A.2 | C46: 1. Dra. Hj. MA`MULAH HARUN, M.Pd.I. | E46: 2 | F46: 3 | G46: 2 | H46: 3 | I46: 7 | J46: 9 | K46: 9 | L46: 20 | M46: 19 | N46: 0 | O46: 8 | P46: 5 | Q46: 8 | R46: 7 | S46: 2 | T46: 2 | U46: 6 | V46: 9 | W46: 4 | X46: 7 | Y46: 5 | Z46: 3 | AA46: 8 | AB46: 8 | AC46: 13 | AD46: 6 | AE46: 8 | AF46: 1 | AG46: 46 | AH46: 7 | AI46: 11 | AJ46: 5 | AK46: 1 | AL46: 9 | AM46: 8 | AN46: 4 | AO46: 0 | AP46: 5 | AQ46: 3 | AR46: 3 | AS46: 8 | AT46: 15 | AU46: 19 | AV46: 6 | AW46: 9 | AX46: 4 | AY46: 13 | AZ46: 7 | BA46: 0 | BB46: 3 | BC46: 3 | BD46: 3 | BE46: 4 | BF46: 7 | BG46: 8 | BH46: 32 | BI46: 7 | BJ46: 13 | BK46: =SUM(E46:BJ46) -> 447
C47: 2. UBAIDILLAH, S.Fil.I. | E47: 6 | F47: 4 | G47: 5 | H47: 4 | I47: 31 | J47: 51 | K47: 14 | L47: 12 | M47: 11 | N47: 0 | O47: 75 | P47: 2 | Q47: 3 | R47: 1 | S47: 1 | T47: 0 | U47: 2 | V47: 62 | W47: 1 | X47: 56 | Y47: 3 | Z47: 0 | AA47: 4 | AB47: 1 | AC47: 1 | AD47: 2 | AE47: 0 | AF47: 0 | AG47: 2 | AH47: 2 | AI47: 2 | AJ47: 0 | AK47: 0 | AL47: 0 | AM47: 3 | AN47: 0 | AO47: 4 | AP47: 1 | AQ47: 0 | AR47: 2 | AS47: 2 | AT47: 3 | AU47: 3 | AV47: 0 | AW47: 7 | AX47: 2 | AY47: 1 | AZ47: 6 | BA47: 1 | BB47: 1 | BC47: 1 | BD47: 0 | BE47: 4 | BF47: 3 | BG47: 1 | BH47: 8 | BI47: 3 | BJ47: 2 | BK47: =SUM(E47:BJ47) -> 416
C48: 3. Ir. H. YOYOK MULYADI, M.Si. | E48: 0 | F48: 0 | G48: 0 | H48: 1 | I48: 0 | J48: 1 | K48: 1 | L48: 1 | M48: 3 | N48: 0 | O48: 1 | P48: 0 | Q48: 0 | R48: 2 | S48: 0 | T48: 0 | U48: 1 | V48: 1 | W48: 4 | X48: 1 | Y48: 0 | Z48: 1 | AA48: 0 | AB48: 0 | AC48: 0 | AD48: 0 | AE48: 0 | AF48: 0 | AG48: 3 | AH48: 1 | AI48: 3 | AJ48: 0 | AK48: 0 | AL48: 2 | AM48: 0 | AN48: 1 | AO48: 0 | AP48: 2 | AQ48: 5 | AR48: 1 | AS48: 0 | AT48: 0 | AU48: 2 | AV48: 3 | AW48: 1 | AX48: 0 | AY48: 2 | AZ48: 0 | BA48: 0 | BB48: 0 | BC48: 2 | BD48: 0 | BE48: 2 | BF48: 0 | BG48: 0 | BH48: 2 | BI48: 0 | BJ48: 0 | BK48: =SUM(E48:BJ48) -> 50
C49: 4. KHOIRUL ANWAR, S.Fil.I. | E49: 0 | F49: 2 | G49: 0 | H49: 0 | I49: 1 | J49: 1 | K49: 3 | L49: 1 | M49: 5 | N49: 0 | O49: 0 | P49: 2 | Q49: 1 | R49: 0 | S49: 0 | T49: 0 | U49: 1 | V49: 1 | W49: 2 | X49: 1 | Y49: 1 | Z49: 1 | AA49: 1 | AB49: 3 | AC49: 1 | AD49: 0 | AE49: 1 | AF49: 1 | AG49: 1 | AH49: 4 | AI49: 2 | AJ49: 1 | AK49: 1 | AL49: 1 | AM49: 10 | AN49: 1 | AO49: 0 | AP49: 0 | AQ49: 1 | AR49: 0 | AS49: 0 | AT49: 1 | AU49: 0 | AV49: 1 | AW49: 0 | AX49: 0 | AY49: 0 | AZ49: 1 | BA49: 0 | BB49: 2 | BC49: 1 | BD49: 0 | BE49: 0 | BF49: 2 | BG49: 0 | BH49: 4 | BI49: 8 | BJ49: 3 | BK49: =SUM(E49:BJ49) -> 75
C50: 5. ARIF WIJAKSANA | E50: 0 | F50: 0 | G50: 0 | H50: 0 | I50: 0 | J50: 0 | K50: 0 | L50: 0 | M50: 2 | N50: 0 | O50: 0 | P50: 0 | Q50: 0 | R50: 0 | S50: 0 | T50: 0 | U50: 0 | V50: 0 | W50: 0 | X50: 2 | Y50: 0 | Z50: 0 | AA50: 0 | AB50: 0 | AC50: 0 | AD50: 0 | AE50: 0 | AF50: 0 | AG50: 0 | AH50: 2 | AI50: 0 | AJ50: 0 | AK50: 0 | AL50: 0 | AM50: 0 | AN50: 0 | AO50: 0 | AP50: 1 | AQ50: 0 | AR50: 0 | AS50: 0 | AT50: 0 | AU50: 0 | AV50: 1 | AW50: 0 | AX50: 12 | AY50: 2 | AZ50: 0 | BA50: 0 | BB50: 0 | BC50: 1 | BD50: 0 | BE50: 0 | BF50: 0 | BG50: 0 | BH50: 3 | BI50: 0 | BJ50: 0 | BK50: =SUM(E50:BJ50) -> 26
C51: 6. Dr. SITI YUMNAH | E51: 0 | F51: 0 | G51: 0 | H51: 0 | I51: 0 | J51: 0 | K51: 2 | L51: 0 | M51: 0 | N51: 0 | O51: 0 | P51: 0 | Q51: 0 | R51: 0 | S51: 1 | T51: 0 | U51: 1 | V51: 0 | W51: 0 | X51: 2 | Y51: 1 | Z51: 0 | AA51: 0 | AB51: 0 | AC51: 0 | AD51: 0 | AE51: 0 | AF51: 1 | AG51: 1 | AH51: 1 | AI51: 1 | AJ51: 0 | AK51: 0 | AL51: 0 | AM51: 0 | AN51: 1 | AO51: 0 | AP51: 1 | AQ51: 0 | AR51: 0 | AS51: 0 | AT51: 1 | AU51: 0 | AV51: 0 | AW51: 1 | AX51: 1 | AY51: 0 | AZ51: 0 | BA51: 1 | BB51: 1 | BC51: 0 | BD51: 1 | BE51: 0 | BF51: 0 | BG51: 0 | BH51: 0 | BI51: 1 | BJ51: 0 | BK51: =SUM(E51:BJ51) -> 20
C52: 7. MOHAMMAD ZAINI, M.Pd.I. | E52: 0 | F52: 0 | G52: 0 | H52: 0 | I52: 1 | J52: 0 | K52: 2 | L52: 0 | M52: 2 | N52: 0 | O52: 0 | P52: 0 | Q52: 0 | R52: 2 | S52: 0 | T52: 0 | U52: 0 | V52: 0 | W52: 0 | X52: 0 | Y52: 1 | Z52: 0 | AA52: 0 | AB52: 0 | AC52: 1 | AD52: 0 | AE52: 1 | AF52: 0 | AG52: 1 | AH52: 1 | AI52: 0 | AJ52: 1 | AK52: 0 | AL52: 1 | AM52: 0 | AN52: 0 | AO52: 0 | AP52: 0 | AQ52: 0 | AR52: 0 | AS52: 0 | AT52: 0 | AU52: 1 | AV52: 0 | AW52: 1 | AX52: 1 | AY52: 3 | AZ52: 0 | BA52: 0 | BB52: 1 | BC52: 0 | BD52: 0 | BE52: 0 | BF52: 0 | BG52: 0 | BH52: 0 | BI52: 0 | BJ52: 0 | BK52: =SUM(E52:BJ52) -> 21
C53: 8. FAWAIDUL MAKKIYAH | E53: 0 | F53: 0 | G53: 0 | H53: 0 | I53: 0 | J53: 0 | K53: 1 | L53: 0 | M53: 0 | N53: 0 | O53: 0 | P53: 0 | Q53: 1 | R53: 0 | S53: 0 | T53: 0 | U53: 0 | V53: 0 | W53: 0 | X53: 1 | Y53: 0 | Z53: 0 | AA53: 0 | AB53: 1 | AC53: 0 | AD53: 0 | AE53: 0 | AF53: 0 | AG53: 0 | AH53: 1 | AI53: 0 | AJ53: 0 | AK53: 0 | AL53: 0 | AM53: 0 | AN53: 0 | AO53: 0 | AP53: 0 | AQ53: 0 | AR53: 0 | AS53: 0 | AT53: 0 | AU53: 0 | AV53: 0 | AW53: 0 | AX53: 0 | AY53: 2 | AZ53: 0 | BA53: 0 | BB53: 0 | BC53: 0 | BD53: 0 | BE53: 1 | BF53: 0 | BG53: 0 | BH53: 0 | BI53: 0 | BJ53: 2 | BK53: =SUM(E53:BJ53) -> 10
C54: 9. IFFAH HIDAYATUR ROHMAH, S.Sos. | E54: 0 | F54: 0 | G54: 0 | H54: 0 | I54: 0 | J54: 0 | K54: 0 | L54: 0 | M54: 0 | N54: 0 | O54: 0 | P54: 0 | Q54: 0 | R54: 0 | S54: 0 | T54: 0 | U54: 1 | V54: 1 | W54: 0 | X54: 0 | Y54: 0 | Z54: 1 | AA54: 0 | AB54: 0 | AC54: 1 | AD54: 0 | AE54: 0 | AF54: 0 | AG54: 1 | AH54: 0 | AI54: 0 | AJ54: 0 | AK54: 0 | AL54: 0 | AM54: 0 | AN54: 0 | AO54: 0 | AP54: 0 | AQ54: 1 | AR54: 0 | AS54: 0 | AT54: 0 | AU54: 0 | AV54: 0 | AW54: 0 | AX54: 0 | AY54: 0 | AZ54: 0 | BA54: 1 | BB54: 0 | BC54: 0 | BD54: 1 | BE54: 0 | BF54: 0 | BG54: 1 | BH54: 0 | BI54: 0 | BJ54: 0 | BK54: =SUM(E54:BJ54) -> 9
A55: B | B55: JUMLAH SUARA SAH PARTAI POLITIK DAN CALON (A1 + A2) | E55: =SUM(E45:E54) -> 11 | F55: =SUM(F45:F54) -> 9 | G55: =SUM(G45:G54) -> 9 | H55: =SUM(H45:H54) -> 9 | I55: =SUM(I45:I54) -> 50 | J55: =SUM(J45:J54) -> 67 | K55: =SUM(K45:K54) -> 43 | L55: =SUM(L45:L54) -> 39 | ... BK55: =SUM(BK45:BK54) -> 1352
A57: A.1 | B57: 2. | C57: Partai Gerakan Indonesia Raya | E57: 6 | F57: 5 | G57: 2 | H57: 0 | I57: 8 | J57: 9 | K57: 12 | L57: 7 | M57: 9 | N57: 2 | O57: 14 | P57: 11 | Q57: 5 | R57: 2 | S57: 6 | T57: 2 | U57: 8 | V57: 12 | W57: 12 | X57: 7 | Y57: 12 | Z57: 9 | AA57: 4 | AB57: 2 | AC57: 3 | AD57: 6 | AE57: 11 | AF57: 2 | AG57: 7 | AH57: 20 | AI57: 9 | AJ57: 17 | AK57: 6 | AL57: 17 | AM57: 4 | AN57: 7 | AO57: 18 | AP57: 16 | AQ57: 5 | AR57: 4 | AS57: 5 | AT57: 10 | AU57: 1 | AV57: 10 | AW57: 11 | AX57: 6 | AY57: 11 | AZ57: 7 | BA57: 9 | BB57: 9 | BC57: 6 | BD57: 4 | BE57: 16 | BF57: 3 | BG57: 6 | BH57: 17 | BI57: 9 | BJ57: 9 | BK57: =SUM(E57:BJ57) -> 467
A58: A.2 | C58: 1. AHMAD HADINUDDIN, S.Pd.I. | E58: 2 | F58: 2 | G58: 5 | H58: 0 | I58: 4 | J58: 6 | K58: 5 | L58: 8 | M58: 9 | N58: 0 | O58: 9 | P58: 9 | Q58: 4 | R58: 3 | S58: 5 | T58: 2 | U58: 10 | V58: 6 | W58: 10 | X58: 7 | Y58: 5 | Z58: 13 | AA58: 4 | AB58: 4 | AC58: 17 | AD58: 5 | AE58: 12 | AF58: 0 | AG58: 6 | AH58: 7 | AI58: 2 | AJ58: 4 | AK58: 10 | AL58: 13 | AM58: 2 | AN58: 4 | AO58: 7 | AP58: 3 | AQ58: 3 | AR58: 10 | AS58: 7 | AT58: 4 | AU58: 8 | AV58: 9 | AW58: 8 | AX58: 7 | AY58: 4 | AZ58: 7 | BA58: 12 | BB58: 5 | BC58: 25 | BD58: 10 | BE58: 6 | BF58: 5 | BG58: 7 | BH58: 10 | BI58: 4 | BJ58: 8 | BK58: =SUM(E58:BJ58) -> 383
C59: 2. BIMA RAFSANJANI RAFID | E59: 2 | F59: 1 | G59: 1 | H59: 1 | I59: 1 | J59: 4 | K59: 2 | L59: 0 | M59: 2 | N59: 0 | O59: 4 | P59: 3 | Q59: 1 | R59: 0 | S59: 2 | T59: 1 | U59: 3 | V59: 1 | W59: 2 | X59: 8 | Y59: 5 | Z59: 5 | AA59: 1 | AB59: 1 | AC59: 4 | AD59: 6 | AE59: 6 | AF59: 2 | AG59: 2 | AH59: 3 | AI59: 2 | AJ59: 4 | AK59: 6 | AL59: 2 | AM59: 0 | AN59: 1 | AO59: 2 | AP59: 4 | AQ59: 0 | AR59: 3 | AS59: 0 | AT59: 6 | AU59: 1 | AV59: 4 | AW59: 2 | AX59: 3 | AY59: 3 | AZ59: 3 | BA59: 6 | BB59: 2 | BC59: 2 | BD59: 6 | BE59: 4 | BF59: 2 | BG59: 3 | BH59: 2 | BI59: 1 | BJ59: 0 | BK59: =SUM(E59:BJ59) -> 148
C60: 3. IRA DAMAYANTI | E60: 2 | F60: 1 | G60: 1 | H60: 1 | I60: 1 | J60: 2 | K60: 0 | L60: 0 | M60: 2 | N60: 0 | O60: 0 | P60: 4 | Q60: 3 | R60: 1 | S60: 1 | T60: 1 | U60: 4 | V60: 2 | W60: 4 | X60: 7 | Y60: 2 | Z60: 2 | AA60: 1 | AB60: 3 | AC60: 1 | AD60: 3 | AE60: 3 | AF60: 3 | AG60: 3 | AH60: 7 | AI60: 2 | AJ60: 3 | AK60: 2 | AL60: 2 | AM60: 2 | AN60: 2 | AO60: 1 | AP60: 0 | AQ60: 7 | AR60: 7 | AS60: 2 | AT60: 3 | AU60: 2 | AV60: 2 | AW60: 1 | AX60: 2 | AY60: 0 | AZ60: 1 | BA60: 1 | BB60: 1 | BC60: 4 | BD60: 2 | BE60: 1 | BF60: 0 | BG60: 0 | BH60: 0 | BI60: 3 | BJ60: 1 | BK60: =SUM(E60:BJ60) -> 119
C61: 4. MAULANA MALIK IBRAHIM, S.H. | E61: 0 | F61: 1 | G61: 0 | H61: 2 | I61: 2 | J61: 3 | K61: 0 | L61: 0 | M61: 3 | N61: 0 | O61: 4 | P61: 5 | Q61: 3 | R61: 0 | S61: 0 | T61: 1 | U61: 4 | V61: 11 | W61: 6 | X61: 10 | Y61: 7 | Z61: 1 | AA61: 5 | AB61: 0 | AC61: 8 | AD61: 13 | AE61: 11 | AF61: 3 | AG61: 3 | AH61: 7 | AI61: 5 | AJ61: 1 | AK61: 4 | AL61: 4 | AM61: 2 | AN61: 0 | AO61: 3 | AP61: 2 | AQ61: 3 | AR61: 1 | AS61: 3 | AT61: 2 | AU61: 0 | AV61: 6 | AW61: 3 | AX61: 1 | AY61: 2 | AZ61: 0 | BA61: 1 | BB61: 1 | BC61: 1 | BD61: 2 | BE61: 1 | BF61: 0 | BG61: 4 | BH61: 2 | BI61: 0 | BJ61: 4 | BK61: =SUM(E61:BJ61) -> 171
C62: 5. LULUK ALFIATI | E62: 1 | F62: 0 | G62: 0 | H62: 4 | I62: 1 | J62: 0 | K62: 4 | L62: 1 | M62: 2 | N62: 0 | O62: 0 | P62: 1 | Q62: 1 | R62: 0 | S62: 0 | T62: 0 | U62: 1 | V62: 2 | W62: 3 | X62: 3 | Y62: 2 | Z62: 2 | AA62: 0 | AB62: 0 | AC62: 1 | AD62: 2 | AE62: 0 | AF62: 0 | AG62: 4 | AH62: 2 | AI62: 0 | AJ62: 1 | AK62: 0 | AL62: 0 | AM62: 2 | AN62: 1 | AO62: 1 | AP62: 2 | AQ62: 7 | AR62: 1 | AS62: 0 | AT62: 3 | AU62: 0 | AV62: 2 | AW62: 2 | AX62: 0 | AY62: 0 | AZ62: 1 | BA62: 0 | BB62: 3 | BC62: 2 | BD62: 0 | BE62: 1 | BF62: 0 | BG62: 0 | BH62: 2 | BI62: 3 | BJ62: 4 | BK62: =SUM(E62:BJ62) -> 75
C63: 6. ILHAM WAHYUDI, S.H. | E63: 0 | F63: 0 | G63: 0 | H63: 0 | I63: 0 | J63: 0 | K63: 0 | L63: 0 | M63: 0 | N63: 0 | O63: 0 | P63: 2 | Q63: 1 | R63: 0 | S63: 0 | T63: 0 | U63: 1 | V63: 2 | W63: 3 | X63: 0 | Y63: 0 | Z63: 0 | AA63: 0 | AB63: 0 | AC63: 1 | AD63: 1 | AE63: 1 | AF63: 0 | AG63: 2 | AH63: 2 | AI63: 0 | AJ63: 0 | AK63: 3 | AL63: 0 | AM63: 0 | AN63: 0 | AO63: 1 | AP63: 1 | AQ63: 1 | AR63: 0 | AS63: 1 | AT63: 3 | AU63: 0 | AV63: 2 | AW63: 0 | AX63: 0 | AY63: 1 | AZ63: 0 | BA63: 0 | BB63: 2 | BC63: 0 | BD63: 0 | BE63: 0 | BF63: 0 | BG63: 1 | BH63: 1 | BI63: 0 | BJ63: 0 | BK63: =SUM(E63:BJ63) -> 33
C64: 7. HAERUL ANWAR, S.Pd.I. | E64: 0 | F64: 0 | G64: 0 | H64: 0 | I64: 0 | J64: 0 | K64: 1 | L64: 1 | M64: 0 | N64: 0 | O64: 0 | P64: 0 | Q64: 2 | R64: 0 | S64: 0 | T64: 2 | U64: 0 | V64: 0 | W64: 0 | X64: 0 | Y64: 0 | Z64: 1 | AA64: 0 | AB64: 0 | AC64: 0 | AD64: 2 | AE64: 1 | AF64: 0 | AG64: 0 | AH64: 0 | AI64: 1 | AJ64: 1 | AK64: 1 | AL64: 0 | AM64: 0 | AN64: 0 | AO64: 12 | AP64: 6 | AQ64: 2 | AR64: 0 | AS64: 1 | AT64: 2 | AU64: 1 | AV64: 3 | AW64: 0 | AX64: 1 | AY64: 2 | AZ64: 0 | BA64: 0 | BB64: 0 | BC64: 0 | BD64: 1 | BE64: 1 | BF64: 0 | BG64: 0 | BH64: 0 | BI64: 0 | BJ64: 2 | BK64: =SUM(E64:BJ64) -> 47
C65: 8. YOVI ADHITYA WARDANI | E65: 0 | F65: 0 | G65: 0 | H65: 0 | I65: 0 | J65: 0 | K65: 0 | L65: 0 | M65: 0 | N65: 0 | O65: 0 | P65: 0 | Q65: 2 | R65: 0 | S65: 0 | T65: 0 | U65: 0 | V65: 0 | W65: 0 | X65: 0 | Y65: 0 | Z65: 1 | AA65: 0 | AB65: 0 | AC65: 0 | AD65: 0 | AE65: 0 | AF65: 0 | AG65: 0 | AH65: 0 | AI65: 1 | AJ65: 0 | AK65: 1 | AL65: 0 | AM65: 0 | AN65: 0 | AO65: 1 | AP65: 0 | AQ65: 0 | AR65: 1 | AS65: 0 | AT65: 2 | AU65: 0 | AV65: 3 | AW65: 0 | AX65: 1 | AY65: 0 | AZ65: 0 | BA65: 0 | BB65: 0 | BC65: 0 | BD65: 0 | BE65: 0 | BF65: 0 | BG65: 1 | BH65: 0 | BI65: 0 | BJ65: 0 | BK65: =SUM(E65:BJ65) -> 14
C66: 9. RITA AMELIA | E66: 0 | F66: 0 | G66: 0 | H66: 0 | I66: 0 | J66: 1 | K66: 0 | L66: 0 | M66: 0 | N66: 0 | O66: 0 | P66: 0 | Q66: 0 | R66: 0 | S66: 0 | T66: 0 | U66: 1 | V66: 0 | W66: 1 | X66: 0 | Y66: 1 | Z66: 1 | AA66: 0 | AB66: 0 | AC66: 0 | AD66: 0 | AE66: 1 | AF66: 1 | AG66: 1 | AH66: 0 | AI66: 1 | AJ66: 0 | AK66: 0 | AL66: 1 | AM66: 1 | AN66: 0 | AO66: 3 | AP66: 0 | AQ66: 2 | AR66: 0 | AS66: 1 | AT66: 0 | AU66: 1 | AV66: 2 | AW66: 2 | AX66: 0 | AY66: 0 | AZ66: 1 | BA66: 0 | BB66: 1 | BC66: 1 | BD66: 0 | BE66: 1 | BF66: 0 | BG66: 0 | BH66: 0 | BI66: 1 | BJ66: 0 | BK66: =SUM(E66:BJ66) -> 27
A67: B | B67: JUMLAH SUARA SAH PARTAI POLITIK DAN CALON (A1 + A2) | E67: =SUM(E57:E66) -> 13 | F67: =SUM(F57:F66) -> 10 | G67: =SUM(G57:G66) -> 9 | H67: =SUM(H57:H66) -> 8 | I67: =SUM(I57:I66) -> 17 | J67: =SUM(J57:J66) -> 25 | K67: =SUM(K57:K66) -> 24 | L67: =SUM(L57:L66) -> 17 | ... BK67: =SUM(BK57:BK66) -> 1484
A69: A.1 | B69: 3. | C69: Partai Demokrasi Indonesia Perjuangan | E69: 0 | F69: 2 | G69: 1 | H69: 0 | I69: 3 | J69: 0 | K69: 0 | L69: 5 | M69: 0 | N69: 0 | O69: 2 | P69: 2 | Q69: 3 | R69: 1 | S69: 0 | T69: 1 | U69: 1 | V69: 6 | W69: 5 | X69: 5 | Y69: 0 | Z69: 6 | AA69: 17 | AB69: 3 | AC69: 8 | AD69: 3 | AE69: 1 | AF69: 4 | AG69: 4 | AH69: 10 | AI69: 28 | AJ69: 3 | AK69: 2 | AL69: 4 | AM69: 1 | AN69: 1 | AO69: 2 | AP69: 2 | AQ69: 1 | AR69: 4 | AS69: 0 | AT69: 1 | AU69: 4 | AV69: 7 | AW69: 6 | AX69: 7 | AY69: 3 | AZ69: 6 | BA69: 5 | BB69: 4 | BC69: 4 | BD69: 8 | BE69: 15 | BF69: 1 | BG69: 3 | BH69: 3 | BI69: 5 | BJ69: 4 | BK69: =SUM(E69:BJ69) -> 227
A70: A.2 | C70: 1. MARTIN H., S.H., M.H. | E70: 2 | F70: 3 | G70: 2 | H70: 1 | I70: 1 | J70: 8 | K70: 4 | L70: 3 | M70: 0 | N70: 1 | O70: 3 | P70: 5 | Q70: 1 | R70: 0 | S70: 2 | T70: 1 | U70: 1 | V70: 5 | W70: 3 | X70: 3 | Y70: 5 | Z70: 2 | AA70: 3 | AB70: 4 | AC70: 6 | AD70: 6 | AE70: 5 | AF70: 0 | AG70: 5 | AH70: 4 | AI70: 11 | AJ70: 0 | AK70: 2 | AL70: 1 | AM70: 3 | AN70: 2 | AO70: 0 | AP70: 1 | AQ70: 1 | AR70: 3 | AS70: 4 | AT70: 1 | AU70: 3 | AV70: 3 | AW70: 2 | AX70: 5 | AY70: 5 | AZ70: 1 | BA70: 4 | BB70: 0 | BC70: 10 | BD70: 15 | BE70: 7 | BF70: 4 | BG70: 5 | BH70: 8 | BI70: 1 | BJ70: 0 | BK70: =SUM(E70:BJ70) -> 191
C71: 2. HERMANTO, S.E. | E71: 0 | F71: 2 | G71: 1 | H71: 1 | I71: 1 | J71: 1 | K71: 0 | L71: 0 | M71: 1 | N71: 0 | O71: 2 | P71: 3 | Q71: 0 | R71: 0 | S71: 0 | T71: 0 | U71: 1 | V71: 1 | W71: 0 | X71: 3 | Y71: 1 | Z71: 0 | AA71: 35 | AB71: 3 | AC71: 1 | AD71: 0 | AE71: 0 | AF71: 3 | AG71: 1 | AH71: 2 | AI71: 6 | AJ71: 1 | AK71: 2 | AL71: 1 | AM71: 1 | AN71: 0 | AO71: 0 | AP71: 0 | AQ71: 1 | AR71: 1 | AS71: 1 | AT71: 2 | AU71: 0 | AV71: 0 | AW71: 0 | AX71: 2 | AY71: 0 | AZ71: 0 | BA71: 1 | BB71: 0 | BC71: 4 | BD71: 3 | BE71: 3 | BF71: 0 | BG71: 2 | BH71: 0 | BI71: 0 | BJ71: 0 | BK71: =SUM(E71:BJ71) -> 94
C72: 3. EVY SUSILAWATI, S.E., M.M. | E72: 0 | F72: 2 | G72: 0 | H72: 1 | I72: 0 | J72: 0 | K72: 3 | L72: 1 | M72: 0 | N72: 0 | O72: 0 | P72: 5 | Q72: 3 | R72: 1 | S72: 0 | T72: 0 | U72: 1 | V72: 2 | W72: 2 | X72: 4 | Y72: 0 | Z72: 0 | AA72: 3 | AB72: 2 | AC72: 3 | AD72: 3 | AE72: 1 | AF72: 5 | AG72: 6 | AH72: 7 | AI72: 4 | AJ72: 3 | AK72: 0 | AL72: 2 | AM72: 0 | AN72: 1 | AO72: 0 | AP72: 1 | AQ72: 2 | AR72: 4 | AS72: 0 | AT72: 0 | AU72: 1 | AV72: 2 | AW72: 4 | AX72: 4 | AY72: 2 | AZ72: 3 | BA72: 2 | BB72: 2 | BC72: 3 | BD72: 0 | BE72: 3 | BF72: 0 | BG72: 0 | BH72: 0 | BI72: 3 | BJ72: 0 | BK72: =SUM(E72:BJ72) -> 101
C73: 4. M. SIROTTUDIN | E73: 0 | F73: 0 | G73: 0 | H73: 0 | I73: 2 | J73: 2 | K73: 1 | L73: 1 | M73: 1 | N73: 1 | O73: 1 | P73: 3 | Q73: 2 | R73: 0 | S73: 0 | T73: 0 | U73: 3 | V73: 0 | W73: 1 | X73: 1 | Y73: 3 | Z73: 0 | AA73: 9 | AB73: 7 | AC73: 13 | AD73: 2 | AE73: 1 | AF73: 8 | AG73: 3 | AH73: 3 | AI73: 3 | AJ73: 1 | AK73: 4 | AL73: 1 | AM73: 0 | AN73: 0 | AO73: 6 | AP73: 1 | AQ73: 2 | AR73: 2 | AS73: 1 | AT73: 7 | AU73: 1 | AV73: 2 | AW73: 0 | AX73: 3 | AY73: 0 | AZ73: 1 | BA73: 5 | BB73: 1 | BC73: 0 | BD73: 7 | BE73: 3 | BF73: 0 | BG73: 0 | BH73: 11 | BI73: 48 | BJ73: 4 | BK73: =SUM(E73:BJ73) -> 182
C74: 5. ABDUL HAFID, S.H. | E74: 0 | F74: 0 | G74: 0 | H74: 1 | I74: 0 | J74: 0 | K74: 3 | L74: 0 | M74: 0 | N74: 0 | O74: 1 | P74: 2 | Q74: 0 | R74: 0 | S74: 0 | T74: 0 | U74: 0 | V74: 0 | W74: 1 | X74: 0 | Y74: 0 | Z74: 2 | AA74: 0 | AB74: 3 | AC74: 3 | AD74: 0 | AE74: 0 | AF74: 0 | AG74: 2 | AH74: 1 | AI74: 2 | AJ74: 2 | AK74: 1 | AL74: 0 | AM74: 0 | AN74: 0 | AO74: 0 | AP74: 0 | AQ74: 0 | AR74: 2 | AS74: 0 | AT74: 0 | AU74: 0 | AV74: 0 | AW74: 4 | AX74: 2 | AY74: 0 | AZ74: 1 | BA74: 1 | BB74: 1 | BC74: 0 | BD74: 2 | BE74: 0 | BF74: 0 | BG74: 0 | BH74: 0 | BI74: 1 | BJ74: 0 | BK74: =SUM(E74:BJ74) -> 38
C75: 6. NIKITA FORTUNA SURYANINGATI, A.Md.Keb. | E75: 0 | F75: 1 | G75: 1 | H75: 0 | I75: 2 | J75: 0 | K75: 0 | L75: 2 | M75: 0 | N75: 0 | O75: 0 | P75: 0 | Q75: 1 | R75: 0 | S75: 0 | T75: 0 | U75: 0 | V75: 0 | W75: 0 | X75: 0 | Y75: 0 | Z75: 0 | AA75: 0 | AB75: 0 | AC75: 1 | AD75: 0 | AE75: 2 | AF75: 5 | AG75: 1 | AH75: 1 | AI75: 0 | AJ75: 0 | AK75: 0 | AL75: 0 | AM75: 0 | AN75: 0 | AO75: 0 | AP75: 1 | AQ75: 0 | AR75: 0 | AS75: 0 | AT75: 0 | AU75: 1 | AV75: 0 | AW75: 0 | AX75: 1 | AY75: 1 | AZ75: 0 | BA75: 1 | BB75: 0 | BC75: 1 | BD75: 3 | BE75: 3 | BF75: 0 | BG75: 0 | BH75: 0 | BI75: 1 | BJ75: 0 | BK75: =SUM(E75:BJ75) -> 30
C76: 7. YUDHO ILHAM WIJAYA, S.E. | E76: 0 | F76: 0 | G76: 2 | H76: 0 | I76: 0 | J76: 0 | K76: 0 | L76: 0 | M76: 0 | N76: 0 | O76: 0 | P76: 0 | Q76: 0 | R76: 0 | S76: 0 | T76: 0 | U76: 0 | V76: 0 | W76: 1 | X76: 0 | Y76: 1 | Z76: 0 | AA76: 1 | AB76: 0 | AC76: 0 | AD76: 0 | AE76: 0 | AF76: 0 | AG76: 0 | AH76: 0 | AI76: 0 | AJ76: 0 | AK76: 0 | AL76: 0 | AM76: 0 | AN76: 0 | AO76: 1 | AP76: 0 | AQ76: 0 | AR76: 0 | AS76: 0 | AT76: 0 | AU76: 0 | AV76: 0 | AW76: 0 | AX76: 0 | AY76: 0 | AZ76: 0 | BA76: 0 | BB76: 0 | BC76: 0 | BD76: 0 | BE76: 0 | BF76: 0 | BG76: 0 | BH76: 1 | BI76: 0 | BJ76: 0 | BK76: =SUM(E76:BJ76) -> 7
C77: 8. SETIAWATI, S.H. | E77: 0 | F77: 0 | G77: 0 | H77: 0 | I77: 0 | J77: 0 | K77: 0 | L77: 0 | M77: 0 | N77: 0 | O77: 0 | P77: 1 | Q77: 1 | R77: 0 | S77: 0 | T77: 0 | U77: 0 | V77: 0 | W77: 0 | X77: 0 | Y77: 1 | Z77: 0 | AA77: 0 | AB77: 0 | AC77: 1 | AD77: 1 | AE77: 0 | AF77: 0 | AG77: 0 | AH77: 1 | AI77: 0 | AJ77: 0 | AK77: 0 | AL77: 0 | AM77: 0 | AN77: 0 | AO77: 0 | AP77: 0 | AQ77: 0 | AR77: 0 | AS77: 0 | AT77: 2 | AU77: 0 | AV77: 1 | AW77: 0 | AX77: 0 | AY77: 1 | AZ77: 1 | BA77: 0 | BB77: 0 | BC77: 1 | BD77: 0 | BE77: 1 | BF77: 0 | BG77: 1 | BH77: 0 | BI77: 0 | BJ77: 0 | BK77: =SUM(E77:BJ77) -> 14
C78: 9. EKO BUDI SANTOSO, S.H. | E78: 0 | F78: 0 | G78: 0 | H78: 0 | I78: 0 | J78: 0 | K78: 0 | L78: 0 | M78: 0 | N78: 0 | O78: 0 | P78: 1 | Q78: 0 | R78: 0 | S78: 0 | T78: 0 | U78: 0 | V78: 0 | W78: 0 | X78: 0 | Y78: 0 | Z78: 0 | AA78: 1 | AB78: 0 | AC78: 0 | AD78: 0 | AE78: 0 | AF78: 0 | AG78: 2 | AH78: 0 | AI78: 1 | AJ78: 0 | AK78: 1 | AL78: 1 | AM78: 0 | AN78: 0 | AO78: 0 | AP78: 0 | AQ78: 0 | AR78: 0 | AS78: 0 | AT78: 0 | AU78: 2 | AV78: 0 | AW78: 0 | AX78: 0 | AY78: 0 | AZ78: 0 | BA78: 0 | BB78: 0 | BC78: 1 | BD78: 1 | BE78: 1 | BF78: 0 | BG78: 0 | BH78: 0 | BI78: 0 | BJ78: 0 | BK78: =SUM(E78:BJ78) -> 12
A79: B | B79: JUMLAH SUARA SAH PARTAI POLITIK DAN CALON (A1 + A2) | E79: =SUM(E69:E78) -> 2 | F79: =SUM(F69:F78) -> 10 | G79: =SUM(G69:G78) -> 7 | H79: =SUM(H69:H78) -> 4 | I79: =SUM(I69:I78) -> 9 | J79: =SUM(J69:J78) -> 11 | K79: =SUM(K69:K78) -> 11 | L79: =SUM(L69:L78) -> 12 | ... BK79: =SUM(BK69:BK78) -> 896
A81: A.1 | B81: 4. | C81: Partai Golongan Karya | E81: 3 | F81: 1 | G81: 4 | H81: 1 | I81: 4 | J81: 4 | K81: 9 | L81: 0 | M81: 7 | N81: 0 | O81: 6 | P81: 7 | Q81: 6 | R81: 6 | S81: 29 | T81: 14 | U81: 3 | V81: 10 | W81: 2 | X81: 7 | Y81: 6 | Z81: 6 | AA81: 22 | AB81: 17 | AC81: 3 | AD81: 5 | AE81: 8 | AF81: 3 | AG81: 4 | AH81: 8 | AI81: 3 | AJ81: 4 | AK81: 6 | AL81: 9 | AM81: 7 | AN81: 9 | AO81: 2 | AP81: 4 | AQ81: 7 | AR81: 2 | AS81: 5 | AT81: 4 | AU81: 3 | AV81: 4 | AW81: 7 | AX81: 6 | AY81: 22 | AZ81: 3 | BA81: 9 | BB81: 14 | BC81: 7 | BD81: 12 | BE81: 7 | BF81: 6 | BG81: 5 | BH81: 7 | BI81: 1 | BJ81: 2 | BK81: =SUM(E81:BJ81) -> 382
A82: A.2 | C82: 1. PRANAYA YUDHA MAHARDHIKA | E82: 10 | F82: 7 | G82: 5 | H82: 14 | I82: 26 | J82: 10 | K82: 12 | L82: 7 | M82: 15 | N82: 2 | O82: 5 | P82: 12 | Q82: 10 | R82: 11 | S82: 64 | T82: 54 | U82: 9 | V82: 12 | W82: 5 | X82: 16 | Y82: 21 | Z82: 7 | AA82: 29 | AB82: 13 | AC82: 17 | AD82: 7 | AE82: 12 | AF82: 8 | AG82: 10 | AH82: 6 | AI82: 1 | AJ82: 3 | AK82: 0 | AL82: 25 | AM82: 10 | AN82: 11 | AO82: 5 | AP82: 13 | AQ82: 5 | AR82: 4 | AS82: 22 | AT82: 20 | AU82: 29 | AV82: 9 | AW82: 11 | AX82: 14 | AY82: 22 | AZ82: 10 | BA82: 15 | BB82: 6 | BC82: 11 | BD82: 8 | BE82: 5 | BF82: 10 | BG82: 1 | BH82: 5 | BI82: 17 | BJ82: 7 | BK82: =SUM(E82:BJ82) -> 735
C83: 2. Dra. Ec. ENDANG SULASTUTY, M.I.P. | E83: 1 | F83: 1 | G83: 0 | H83: 0 | I83: 0 | J83: 6 | K83: 0 | L83: 2 | M83: 1 | N83: 0 | O83: 4 | P83: 1 | Q83: 1 | R83: 0 | S83: 2 | T83: 0 | U83: 1 | V83: 1 | W83: 1 | X83: 2 | Y83: 0 | Z83: 0 | AA83: 2 | AB83: 0 | AC83: 1 | AD83: 0 | AE83: 2 | AF83: 2 | AG83: 2 | AH83: 2 | AI83: 0 | AJ83: 0 | AK83: 0 | AL83: 0 | AM83: 1 | AN83: 0 | AO83: 0 | AP83: 1 | AQ83: 1 | AR83: 0 | AS83: 3 | AT83: 0 | AU83: 4 | AV83: 1 | AW83: 2 | AX83: 0 | AY83: 7 | AZ83: 0 | BA83: 3 | BB83: 0 | BC83: 5 | BD83: 0 | BE83: 3 | BF83: 1 | BG83: 1 | BH83: 1 | BI83: 0 | BJ83: 0 | BK83: =SUM(E83:BJ83) -> 69
C84: 3. AGUS REJEKI WARTONO | E84: 0 | F84: 0 | G84: 0 | H84: 0 | I84: 0 | J84: 0 | K84: 0 | L84: 1 | M84: 0 | N84: 0 | O84: 1 | P84: 2 | Q84: 0 | R84: 0 | S84: 0 | T84: 0 | U84: 2 | V84: 0 | W84: 0 | X84: 0 | Y84: 1 | Z84: 0 | AA84: 3 | AB84: 1 | AC84: 0 | AD84: 2 | AE84: 0 | AF84: 0 | AG84: 0 | AH84: 2 | AI84: 0 | AJ84: 0 | AK84: 1 | AL84: 2 | AM84: 1 | AN84: 1 | AO84: 0 | AP84: 0 | AQ84: 0 | AR84: 1 | AS84: 0 | AT84: 1 | AU84: 1 | AV84: 0 | AW84: 1 | AX84: 1 | AY84: 2 | AZ84: 1 | BA84: 2 | BB84: 7 | BC84: 0 | BD84: 4 | BE84: 2 | BF84: 0 | BG84: 0 | BH84: 1 | BI84: 1 | BJ84: 1 | BK84: =SUM(E84:BJ84) -> 46
C85: 4. Hj. TUTUK ASMA'A ZUCHROH, S.T., M.T. | E85: 2 | F85: 1 | G85: 1 | H85: 0 | I85: 2 | J85: 1 | K85: 0 | L85: 0 | M85: 1 | N85: 0 | O85: 4 | P85: 1 | Q85: 2 | R85: 1 | S85: 1 | T85: 0 | U85: 3 | V85: 2 | W85: 2 | X85: 2 | Y85: 1 | Z85: 2 | AA85: 3 | AB85: 0 | AC85: 2 | AD85: 1 | AE85: 2 | AF85: 1 | AG85: 2 | AH85: 2 | AI85: 1 | AJ85: 0 | AK85: 0 | AL85: 0 | AM85: 0 | AN85: 1 | AO85: 1 | AP85: 4 | AQ85: 1 | AR85: 2 | AS85: 1 | AT85: 0 | AU85: 0 | AV85: 0 | AW85: 2 | AX85: 2 | AY85: 3 | AZ85: 1 | BA85: 3 | BB85: 3 | BC85: 3 | BD85: 1 | BE85: 2 | BF85: 3 | BG85: 1 | BH85: 0 | BI85: 1 | BJ85: 1 | BK85: =SUM(E85:BJ85) -> 79
C86: 5. ADE M. RIZKI, S.E. | E86: 1 | F86: 11 | G86: 5 | H86: 0 | I86: 0 | J86: 0 | K86: 5 | L86: 0 | M86: 1 | N86: 7 | O86: 0 | P86: 2 | Q86: 0 | R86: 0 | S86: 2 | T86: 0 | U86: 0 | V86: 1 | W86: 0 | X86: 0 | Y86: 0 | Z86: 2 | AA86: 1 | AB86: 0 | AC86: 0 | AD86: 0 | AE86: 0 | AF86: 0 | AG86: 1 | AH86: 1 | AI86: 1 | AJ86: 0 | AK86: 0 | AL86: 0 | AM86: 0 | AN86: 0 | AO86: 0 | AP86: 0 | AQ86: 1 | AR86: 0 | AS86: 0 | AT86: 0 | AU86: 1 | AV86: 0 | AW86: 1 | AX86: 7 | AY86: 2 | AZ86: 1 | BA86: 0 | BB86: 0 | BC86: 1 | BD86: 1 | BE86: 0 | BF86: 0 | BG86: 0 | BH86: 11 | BI86: 0 | BJ86: 0 | BK86: =SUM(E86:BJ86) -> 67
C87: 6. ABDURAKHMAN, Bc.Kn. | E87: 1 | F87: 0 | G87: 0 | H87: 0 | I87: 1 | J87: 0 | K87: 0 | L87: 0 | M87: 0 | N87: 0 | O87: 1 | P87: 1 | Q87: 0 | R87: 0 | S87: 0 | T87: 0 | U87: 0 | V87: 0 | W87: 0 | X87: 1 | Y87: 0 | Z87: 0 | AA87: 1 | AB87: 0 | AC87: 0 | AD87: 0 | AE87: 0 | AF87: 0 | AG87: 0 | AH87: 0 | AI87: 0 | AJ87: 0 | AK87: 2 | AL87: 0 | AM87: 0 | AN87: 0 | AO87: 0 | AP87: 0 | AQ87: 0 | AR87: 0 | AS87: 0 | AT87: 1 | AU87: 1 | AV87: 0 | AW87: 0 | AX87: 1 | AY87: 0 | AZ87: 0 | BA87: 0 | BB87: 1 | BC87: 0 | BD87: 0 | BE87: 0 | BF87: 0 | BG87: 1 | BH87: 0 | BI87: 0 | BJ87: 0 | BK87: =SUM(E87:BJ87) -> 13
C88: 7. CENDY RHIYAN ADI PUTRI | E88: 0 | F88: 0 | G88: 0 | H88: 0 | I88: 0 | J88: 0 | K88: 0 | L88: 0 | M88: 0 | N88: 0 | O88: 0 | P88: 1 | Q88: 0 | R88: 0 | S88: 0 | T88: 0 | U88: 0 | V88: 0 | W88: 0 | X88: 0 | Y88: 1 | Z88: 0 | AA88: 0 | AB88: 0 | AC88: 0 | AD88: 0 | AE88: 0 | AF88: 0 | AG88: 0 | AH88: 0 | AI88: 0 | AJ88: 0 | AK88: 0 | AL88: 0 | AM88: 0 | AN88: 0 | AO88: 0 | AP88: 0 | AQ88: 0 | AR88: 0 | AS88: 0 | AT88: 0 | AU88: 0 | AV88: 0 | AW88: 0 | AX88: 1 | AY88: 0 | AZ88: 1 | BA88: 0 | BB88: 0 | BC88: 0 | BD88: 0 | BE88: 0 | BF88: 0 | BG88: 0 | BH88: 0 | BI88: 0 | BJ88: 0 | BK88: =SUM(E88:BJ88) -> 4
C89: 8. BAKTI WIJAYANTO, S.E. | E89: 0 | F89: 0 | G89: 0 | H89: 1 | I89: 0 | J89: 0 | K89: 0 | L89: 0 | M89: 0 | N89: 0 | O89: 0 | P89: 0 | Q89: 0 | R89: 0 | S89: 0 | T89: 0 | U89: 0 | V89: 0 | W89: 0 | X89: 0 | Y89: 0 | Z89: 0 | AA89: 1 | AB89: 0 | AC89: 0 | AD89: 0 | AE89: 0 | AF89: 0 | AG89: 0 | AH89: 0 | AI89: 0 | AJ89: 0 | AK89: 0 | AL89: 0 | AM89: 0 | AN89: 0 | AO89: 0 | AP89: 1 | AQ89: 0 | AR89: 0 | AS89: 0 | AT89: 0 | AU89: 0 | AV89: 0 | AW89: 0 | AX89: 0 | AY89: 1 | AZ89: 0 | BA89: 0 | BB89: 0 | BC89: 0 | BD89: 0 | BE89: 0 | BF89: 0 | BG89: 0 | BH89: 0 | BI89: 1 | BJ89: 0 | BK89: =SUM(E89:BJ89) -> 5
C90: 9. AHMAD UBAIDILLAH | E90: 0 | F90: 0 | G90: 0 | H90: 0 | I90: 0 | J90: 0 | K90: 0 | L90: 0 | M90: 0 | N90: 0 | O90: 2 | P90: 0 | Q90: 0 | R90: 0 | S90: 0 | T90: 0 | U90: 0 | V90: 1 | W90: 0 | X90: 0 | Y90: 0 | Z90: 0 | AA90: 0 | AB90: 0 | AC90: 0 | AD90: 0 | AE90: 0 | AF90: 0 | AG90: 0 | AH90: 0 | AI90: 0 | AJ90: 0 | AK90: 0 | AL90: 0 | AM90: 0 | AN90: 0 | AO90: 0 | AP90: 0 | AQ90: 0 | AR90: 0 | AS90: 0 | AT90: 0 | AU90: 1 | AV90: 0 | AW90: 0 | AX90: 1 | AY90: 0 | AZ90: 0 | BA90: 1 | BB90: 1 | BC90: 0 | BD90: 1 | BE90: 1 | BF90: 1 | BG90: 1 | BH90: 0 | BI90: 0 | BJ90: 0 | BK90: =SUM(E90:BJ90) -> 11
A91: B | B91: JUMLAH SUARA SAH PARTAI POLITIK DAN CALON (A1 + A2) | E91: =SUM(E81:E90) -> 18 | F91: =SUM(F81:F90) -> 21 | G91: =SUM(G81:G90) -> 15 | H91: =SUM(H81:H90) -> 16 | I91: =SUM(I81:I90) -> 33 | J91: =SUM(J81:J90) -> 21 | K91: =SUM(K81:K90) -> 26 | L91: =SUM(L81:L90) -> 10 | ... BK91: =SUM(BK81:BK90) -> 1411
A93: A.1 | B93: 5. | C93: Partai NasDem | E93: 0 | F93: 0 | G93: 2 | H93: 2 | I93: 1 | J93: 0 | K93: 1 | L93: 2 | M93: 4 | N93: 0 | O93: 2 | P93: 0 | Q93: 1 | R93: 2 | S93: 1 | T93: 2 | U93: 4 | V93: 5 | W93: 3 | X93: 2 | Y93: 3 | Z93: 1 | AA93: 0 | AB93: 0 | AC93: 1 | AD93: 1 | AE93: 4 | AF93: 0 | AG93: 2 | AH93: 3 | AI93: 0 | AJ93: 2 | AK93: 2 | AL93: 0 | AM93: 0 | AN93: 2 | AO93: 1 | AP93: 5 | AQ93: 2 | AR93: 0 | AS93: 1 | AT93: 1 | AU93: 1 | AV93: 2 | AW93: 1 | AX93: 2 | AY93: 0 | AZ93: 0 | BA93: 1 | BB93: 2 | BC93: 1 | BD93: 2 | BE93: 3 | BF93: 0 | BG93: 2 | BH93: 3 | BI93: 0 | BJ93: 0 | BK93: =SUM(E93:BJ93) -> 85
A94: A.2 | C94: 1. ALI MUSTOFA, A.Md. | E94: 0 | F94: 0 | G94: 0 | H94: 1 | I94: 1 | J94: 2 | K94: 2 | L94: 3 | M94: 5 | N94: 0 | O94: 6 | P94: 0 | Q94: 0 | R94: 1 | S94: 4 | T94: 2 | U94: 8 | V94: 2 | W94: 0 | X94: 2 | Y94: 0 | Z94: 2 | AA94: 1 | AB94: 0 | AC94: 29 | AD94: 4 | AE94: 9 | AF94: 1 | AG94: 0 | AH94: 2 | AI94: 0 | AJ94: 2 | AK94: 0 | AL94: 2 | AM94: 1 | AN94: 1 | AO94: 1 | AP94: 1 | AQ94: 7 | AR94: 2 | AS94: 1 | AT94: 1 | AU94: 4 | AV94: 0 | AW94: 1 | AX94: 2 | AY94: 5 | AZ94: 1 | BA94: 0 | BB94: 2 | BC94: 0 | BD94: 2 | BE94: 0 | BF94: 2 | BG94: 2 | BH94: 0 | BI94: 9 | BJ94: 2 | BK94: =SUM(E94:BJ94) -> 138
C95: 2. Hj. BUAMI, S.H. | E95: 1 | F95: 0 | G95: 1 | H95: 0 | I95: 0 | J95: 0 | K95: 1 | L95: 0 | M95: 0 | N95: 0 | O95: 1 | P95: 0 | Q95: 0 | R95: 1 | S95: 0 | T95: 0 | U95: 5 | V95: 0 | W95: 0 | X95: 0 | Y95: 1 | Z95: 0 | AA95: 0 | AB95: 1 | AC95: 2 | AD95: 0 | AE95: 2 | AF95: 0 | AG95: 0 | AH95: 1 | AI95: 0 | AJ95: 1 | AK95: 1 | AL95: 0 | AM95: 3 | AN95: 0 | AO95: 1 | AP95: 8 | AQ95: 1 | AR95: 0 | AS95: 2 | AT95: 0 | AU95: 0 | AV95: 0 | AW95: 1 | AX95: 0 | AY95: 0 | AZ95: 1 | BA95: 1 | BB95: 0 | BC95: 0 | BD95: 0 | BE95: 1 | BF95: 0 | BG95: 0 | BH95: 2 | BI95: 1 | BJ95: 0 | BK95: =SUM(E95:BJ95) -> 41
C96: 3. SUGIONO, S.H. | E96: 0 | F96: 0 | G96: 0 | H96: 0 | I96: 0 | J96: 0 | K96: 1 | L96: 0 | M96: 0 | N96: 0 | O96: 1 | P96: 2 | Q96: 0 | R96: 1 | S96: 0 | T96: 0 | U96: 0 | V96: 2 | W96: 0 | X96: 3 | Y96: 0 | Z96: 1 | AA96: 0 | AB96: 0 | AC96: 0 | AD96: 1 | AE96: 0 | AF96: 0 | AG96: 0 | AH96: 1 | AI96: 1 | AJ96: 0 | AK96: 0 | AL96: 0 | AM96: 1 | AN96: 0 | AO96: 0 | AP96: 1 | AQ96: 2 | AR96: 0 | AS96: 0 | AT96: 0 | AU96: 0 | AV96: 0 | AW96: 1 | AX96: 2 | AY96: 0 | AZ96: 2 | BA96: 0 | BB96: 0 | BC96: 0 | BD96: 1 | BE96: 0 | BF96: 0 | BG96: 0 | BH96: 0 | BI96: 0 | BJ96: 0 | BK96: =SUM(E96:BJ96) -> 24
C97: 4. LULUK SUNARMIATININGSIH | E97: 1 | F97: 1 | G97: 1 | H97: 0 | I97: 1 | J97: 0 | K97: 0 | L97: 0 | M97: 0 | N97: 0 | O97: 1 | P97: 0 | Q97: 0 | R97: 0 | S97: 1 | T97: 1 | U97: 7 | V97: 1 | W97: 3 | X97: 2 | Y97: 0 | Z97: 4 | AA97: 0 | AB97: 0 | AC97: 1 | AD97: 0 | AE97: 0 | AF97: 0 | AG97: 5 | AH97: 5 | AI97: 2 | AJ97: 0 | AK97: 1 | AL97: 0 | AM97: 4 | AN97: 0 | AO97: 0 | AP97: 2 | AQ97: 1 | AR97: 0 | AS97: 2 | AT97: 0 | AU97: 0 | AV97: 0 | AW97: 1 | AX97: 1 | AY97: 0 | AZ97: 1 | BA97: 0 | BB97: 1 | BC97: 0 | BD97: 0 | BE97: 1 | BF97: 0 | BG97: 0 | BH97: 0 | BI97: 0 | BJ97: 0 | BK97: =SUM(E97:BJ97) -> 52
C98: 5. ANTON DJULIANTO ADI | E98: 0 | F98: 0 | G98: 0 | H98: 0 | I98: 0 | J98: 0 | K98: 0 | L98: 0 | M98: 0 | N98: 0 | O98: 0 | P98: 1 | Q98: 1 | R98: 0 | S98: 0 | T98: 0 | U98: 1 | V98: 1 | W98: 3 | X98: 0 | Y98: 0 | Z98: 0 | AA98: 0 | AB98: 0 | AC98: 0 | AD98: 0 | AE98: 0 | AF98: 0 | AG98: 0 | AH98: 0 | AI98: 0 | AJ98: 2 | AK98: 2 | AL98: 0 | AM98: 1 | AN98: 0 | AO98: 2 | AP98: 0 | AQ98: 0 | AR98: 5 | AS98: 0 | AT98: 0 | AU98: 0 | AV98: 0 | AW98: 0 | AX98: 1 | AY98: 0 | AZ98: 0 | BA98: 0 | BB98: 2 | BC98: 0 | BD98: 1 | BE98: 0 | BF98: 0 | BG98: 0 | BH98: 0 | BI98: 1 | BJ98: 0 | BK98: =SUM(E98:BJ98) -> 24
C99: 6. MOKHAMAD ROFI'I KHUSNAN | E99: 0 | F99: 0 | G99: 0 | H99: 0 | I99: 0 | J99: 0 | K99: 0 | L99: 0 | M99: 0 | N99: 0 | O99: 0 | P99: 0 | Q99: 0 | R99: 2 | S99: 0 | T99: 1 | U99: 0 | V99: 2 | W99: 1 | X99: 0 | Y99: 0 | Z99: 0 | AA99: 0 | AB99: 0 | AC99: 1 | AD99: 0 | AE99: 0 | AF99: 0 | AG99: 0 | AH99: 1 | AI99: 0 | AJ99: 0 | AK99: 0 | AL99: 0 | AM99: 0 | AN99: 0 | AO99: 0 | AP99: 0 | AQ99: 0 | AR99: 1 | AS99: 0 | AT99: 0 | AU99: 0 | AV99: 0 | AW99: 0 | AX99: 0 | AY99: 0 | AZ99: 0 | BA99: 0 | BB99: 0 | BC99: 0 | BD99: 0 | BE99: 0 | BF99: 0 | BG99: 0 | BH99: 0 | BI99: 0 | BJ99: 0 | BK99: =SUM(E99:BJ99) -> 9
C100: 7. Rr SETYO WATI | E100: 0 | F100: 0 | G100: 0 | H100: 0 | I100: 0 | J100: 0 | K100: 0 | L100: 0 | M100: 0 | N100: 0 | O100: 1 | P100: 0 | Q100: 0 | R100: 0 | S100: 0 | T100: 2 | U100: 0 | V100: 0 | W100: 0 | X100: 0 | Y100: 0 | Z100: 0 | AA100: 0 | AB100: 0 | AC100: 1 | AD100: 0 | AE100: 0 | AF100: 0 | AG100: 2 | AH100: 0 | AI100: 0 | AJ100: 0 | AK100: 0 | AL100: 0 | AM100: 0 | AN100: 0 | AO100: 0 | AP100: 1 | AQ100: 2 | AR100: 0 | AS100: 1 | AT100: 0 | AU100: 1 | AV100: 0 | AW100: 0 | AX100: 0 | AY100: 0 | AZ100: 0 | BA100: 0 | BB100: 0 | BC100: 0 | BD100: 0 | BE100: 0 | BF100: 0 | BG100: 0 | BH100: 0 | BI100: 0 | BJ100: 0 | BK100: =SUM(E100:BJ100) -> 11
C101: 8. ABD. KADIR ASSEGAFF | E101: 0 | F101: 0 | G101: 0 | H101: 0 | I101: 1 | J101: 0 | K101: 0 | L101: 0 | M101: 0 | N101: 0 | O101: 0 | P101: 0 | Q101: 0 | R101: 0 | S101: 0 | T101: 0 | U101: 2 | V101: 1 | W101: 0 | X101: 0 | Y101: 0 | Z101: 0 | AA101: 0 | AB101: 0 | AC101: 0 | AD101: 0 | AE101: 0 | AF101: 0 | AG101: 0 | AH101: 0 | AI101: 0 | AJ101: 0 | AK101: 0 | AL101: 0 | AM101: 0 | AN101: 0 | AO101: 0 | AP101: 0 | AQ101: 2 | AR101: 0 | AS101: 1 | AT101: 1 | AU101: 0 | AV101: 0 | AW101: 1 | AX101: 0 | AY101: 0 | AZ101: 0 | BA101: 0 | BB101: 0 | BC101: 0 | BD101: 0 | BE101: 0 | BF101: 1 | BG101: 0 | BH101: 0 | BI101: 0 | BJ101: 0 | BK101: =SUM(E101:BJ101) -> 10
C102: 9. FATHOR ZAINULLAH | E102: 0 | F102: 0 | G102: 0 | H102: 0 | I102: 0 | J102: 0 | K102: 0 | L102: 0 | M102: 0 | N102: 0 | O102: 1 | P102: 0 | Q102: 0 | R102: 0 | S102: 0 | T102: 0 | U102: 0 | V102: 0 | W102: 0 | X102: 0 | Y102: 0 | Z102: 0 | AA102: 0 | AB102: 0 | AC102: 1 | AD102: 0 | AE102: 0 | AF102: 0 | AG102: 0 | AH102: 1 | AI102: 1 | AJ102: 0 | AK102: 0 | AL102: 0 | AM102: 0 | AN102: 0 | AO102: 2 | AP102: 0 | AQ102: 0 | AR102: 0 | AS102: 0 | AT102: 0 | AU102: 0 | AV102: 0 | AW102: 0 | AX102: 0 | AY102: 2 | AZ102: 0 | BA102: 0 | BB102: 0 | BC102: 0 | BD102: 0 | BE102: 0 | BF102: 0 | BG102: 0 | BH102: 0 | BI102: 0 | BJ102: 0 | BK102: =SUM(E102:BJ102) -> 8
A103: B | B103: JUMLAH SUARA SAH PARTAI POLITIK DAN CALON (A1 + A2) | E103: =SUM(E93:E102) -> 2 | F103: =SUM(F93:F102) -> 1 | G103: =SUM(G93:G102) -> 4 | H103: =SUM(H93:H102) -> 3 | I103: =SUM(I93:I102) -> 4 | J103: =SUM(J93:J102) -> 2 | K103: =SUM(K93:K102) -> 5 | L103: =SUM(L93:L102) -> 5 | ... BK103: =SUM(BK93:BK102) -> 402
A105: A.1 | B105: 6. | C105: Partai Buruh | E105: 0 | F105: 0 | G105: 0 | H105: 0 | I105: 0 | J105: 0 | K105: 0 | L105: 1 | M105: 0 | N105: 0 | O105: 0 | P105: 0 | Q105: 2 | R105: 0 | S105: 0 | T105: 0 | U105: 0 | V105: 1 | W105: 0 | X105: 0 | Y105: 1 | Z105: 0 | AA105: 0 | AB105: 0 | AC105: 0 | AD105: 0 | AE105: 0 | AF105: 0 | AG105: 0 | AH105: 0 | AI105: 0 | AJ105: 1 | AK105: 0 | AL105: 1 | AM105: 0 | AN105: 0 | AO105: 0 | AP105: 0 | AQ105: 0 | AR105: 0 | AS105: 1 | AT105: 0 | AU105: 0 | AV105: 0 | AW105: 0 | AX105: 0 | AY105: 0 | AZ105: 0 | BA105: 0 | BB105: 0 | BC105: 0 | BD105: 0 | BE105: 0 | BF105: 0 | BG105: 0 | BH105: 0 | BI105: 0 | BJ105: 1 | BK105: =SUM(E105:BJ105) -> 9
A106: A.2 | C106: 1. AGUS SUPRIYADI | E106: 0 | F106: 0 | G106: 0 | H106: 1 | I106: 0 | J106: 0 | K106: 0 | L106: 2 | M106: 1 | N106: 0 | O106: 0 | P106: 0 | Q106: 0 | R106: 0 | S106: 0 | T106: 0 | U106: 0 | V106: 0 | W106: 1 | X106: 1 | Y106: 0 | Z106: 0 | AA106: 0 | AB106: 0 | AC106: 0 | AD106: 0 | AE106: 0 | AF106: 0 | AG106: 0 | AH106: 0 | AI106: 0 | AJ106: 0 | AK106: 1 | AL106: 0 | AM106: 1 | AN106: 0 | AO106: 1 | AP106: 0 | AQ106: 1 | AR106: 2 | AS106: 0 | AT106: 0 | AU106: 1 | AV106: 0 | AW106: 1 | AX106: 1 | AY106: 1 | AZ106: 0 | BA106: 0 | BB106: 0 | BC106: 0 | BD106: 0 | BE106: 0 | BF106: 0 | BG106: 0 | BH106: 0 | BI106: 0 | BJ106: 3 | BK106: =SUM(E106:BJ106) -> 19
C107: 2. ENI HARIATI | E107: 1 | F107: 0 | G107: 0 | H107: 0 | I107: 0 | J107: 0 | K107: 0 | L107: 0 | M107: 0 | N107: 0 | O107: 0 | P107: 0 | Q107: 0 | R107: 0 | S107: 0 | T107: 0 | U107: 0 | V107: 0 | W107: 0 | X107: 1 | Y107: 1 | Z107: 0 | AA107: 0 | AB107: 0 | AC107: 0 | AD107: 0 | AE107: 0 | AF107: 0 | AG107: 0 | AH107: 1 | AI107: 0 | AJ107: 0 | AK107: 2 | AL107: 0 | AM107: 0 | AN107: 0 | AO107: 0 | AP107: 0 | AQ107: 0 | AR107: 0 | AS107: 0 | AT107: 0 | AU107: 0 | AV107: 0 | AW107: 0 | AX107: 0 | AY107: 0 | AZ107: 0 | BA107: 0 | BB107: 0 | BC107: 1 | BD107: 1 | BE107: 0 | BF107: 0 | BG107: 0 | BH107: 0 | BI107: 0 | BJ107: 0 | BK107: =SUM(E107:BJ107) -> 8
A115: B | B115: JUMLAH SUARA SAH PARTAI POLITIK DAN CALON (A1 + A2) | E115: =SUM(E105:E114) -> 1 | F115: =SUM(F105:F114) -> 0 | G115: =SUM(G105:G114) -> 0 | H115: =SUM(H105:H114) -> 1 | I115: =SUM(I105:I114) -> 0 | J115: =SUM(J105:J114) -> 0 | K115: =SUM(K105:K114) -> 0 | L115: =SUM(L105:L114) -> 3 | ... BK115: =SUM(BK105:BK114) -> 36
A117: A.1 | B117: 7. | C117: Partai Gelombang Rakyat Indonesia | E117: 0 | F117: 0 | G117: 3 | H117: 0 | I117: 1 | J117: 1 | K117: 0 | L117: 1 | M117: 0 | N117: 0 | O117: 3 | P117: 2 | Q117: 10 | R117: 3 | S117: 0 | T117: 0 | U117: 1 | V117: 1 | W117: 1 | X117: 0 | Y117: 2 | Z117: 2 | AA117: 1 | AB117: 2 | AC117: 1 | AD117: 2 | AE117: 5 | AF117: 1 | AG117: 2 | AH117: 8 | AI117: 1 | AJ117: 2 | AK117: 2 | AL117: 2 | AM117: 0 | AN117: 0 | AO117: 4 | AP117: 0 | AQ117: 2 | AR117: 0 | AS117: 3 | AT117: 2 | AU117: 1 | AV117: 3 | AW117: 0 | AX117: 1 | AY117: 2 | AZ117: 0 | BA117: 1 | BB117: 0 | BC117: 0 | BD117: 0 | BE117: 0 | BF117: 0 | BG117: 0 | BH117: 0 | BI117: 0 | BJ117: 2 | BK117: =SUM(E117:BJ117) -> 81
A118: A.2 | C118: 1. MIRZA MUHROSNI AROMA | E118: 0 | F118: 1 | G118: 0 | H118: 0 | I118: 0 | J118: 0 | K118: 1 | L118: 2 | M118: 1 | N118: 0 | O118: 0 | P118: 0 | Q118: 1 | R118: 0 | S118: 0 | T118: 0 | U118: 1 | V118: 1 | W118: 0 | X118: 2 | Y118: 1 | Z118: 0 | AA118: 0 | AB118: 0 | AC118: 0 | AD118: 1 | AE118: 0 | AF118: 0 | AG118: 0 | AH118: 2 | AI118: 1 | AJ118: 2 | AK118: 2 | AL118: 0 | AM118: 1 | AN118: 0 | AO118: 1 | AP118: 2 | AQ118: 0 | AR118: 0 | AS118: 0 | AT118: 1 | AU118: 0 | AV118: 1 | AW118: 1 | AX118: 0 | AY118: 1 | AZ118: 0 | BA118: 1 | BB118: 1 | BC118: 0 | BD118: 2 | BE118: 0 | BF118: 0 | BG118: 3 | BH118: 1 | BI118: 0 | BJ118: 0 | BK118: =SUM(E118:BJ118) -> 35
C119: 2. ACHMAD BAGUS SUGIARTO | E119: 1 | F119: 0 | G119: 0 | H119: 0 | I119: 0 | J119: 0 | K119: 0 | L119: 0 | M119: 0 | N119: 1 | O119: 0 | P119: 0 | Q119: 0 | R119: 0 | S119: 0 | T119: 0 | U119: 1 | V119: 0 | W119: 1 | X119: 0 | Y119: 0 | Z119: 0 | AA119: 0 | AB119: 0 | AC119: 0 | AD119: 0 | AE119: 0 | AF119: 0 | AG119: 0 | AH119: 2 | AI119: 0 | AJ119: 0 | AK119: 0 | AL119: 0 | AM119: 0 | AN119: 0 | AO119: 0 | AP119: 1 | AQ119: 0 | AR119: 1 | AS119: 1 | AT119: 0 | AU119: 3 | AV119: 0 | AW119: 0 | AX119: 0 | AY119: 1 | AZ119: 0 | BA119: 0 | BB119: 1 | BC119: 0 | BD119: 0 | BE119: 0 | BF119: 0 | BG119: 1 | BH119: 1 | BI119: 0 | BJ119: 0 | BK119: =SUM(E119:BJ119) -> 16
C120: 3. ELOK FITRIYA NINGSIH | E120: 0 | F120: 0 | G120: 1 | H120: 0 | I120: 0 | J120: 0 | K120: 0 | L120: 1 | M120: 0 | N120: 0 | O120: 1 | P120: 0 | Q120: 0 | R120: 0 | S120: 0 | T120: 0 | U120: 0 | V120: 0 | W120: 0 | X120: 0 | Y120: 0 | Z120: 0 | AA120: 0 | AB120: 0 | AC120: 0 | AD120: 0 | AE120: 0 | AF120: 0 | AG120: 0 | AH120: 0 | AI120: 1 | AJ120: 0 | AK120: 0 | AL120: 0 | AM120: 0 | AN120: 0 | AO120: 0 | AP120: 0 | AQ120: 0 | AR120: 0 | AS120: 0 | AT120: 1 | AU120: 0 | AV120: 0 | AW120: 0 | AX120: 0 | AY120: 0 | AZ120: 0 | BA120: 0 | BB120: 0 | BC120: 1 | BD120: 0 | BE120: 0 | BF120: 0 | BG120: 0 | BH120: 0 | BI120: 0 | BJ120: 0 | BK120: =SUM(E120:BJ120) -> 6
C121: 4. MADI | E121: 0 | F121: 0 | G121: 0 | H121: 0 | I121: 0 | J121: 0 | K121: 0 | L121: 0 | M121: 0 | N121: 0 | O121: 0 | P121: 0 | Q121: 1 | R121: 0 | S121: 0 | T121: 0 | U121: 0 | V121: 0 | W121: 0 | X121: 0 | Y121: 0 | Z121: 2 | AA121: 0 | AB121: 1 | AC121: 0 | AD121: 0 | AE121: 0 | AF121: 0 | AG121: 0 | AH121: 1 | AI121: 0 | AJ121: 0 | AK121: 0 | AL121: 0 | AM121: 0 | AN121: 0 | AO121: 0 | AP121: 0 | AQ121: 0 | AR121: 0 | AS121: 0 | AT121: 1 | AU121: 0 | AV121: 0 | AW121: 0 | AX121: 0 | AY121: 0 | AZ121: 0 | BA121: 0 | BB121: 0 | BC121: 0 | BD121: 0 | BE121: 0 | BF121: 0 | BG121: 0 | BH121: 0 | BI121: 1 | BJ121: 0 | BK121: =SUM(E121:BJ121) -> 7
C122: 5. LUKY PERMANASARI | E122: 0 | F122: 0 | G122: 0 | H122: 0 | I122: 0 | J122: 0 | K122: 0 | L122: 0 | M122: 0 | N122: 0 | O122: 0 | P122: 0 | Q122: 0 | R122: 0 | S122: 0 | T122: 0 | U122: 0 | V122: 0 | W122: 1 | X122: 0 | Y122: 0 | Z122: 0 | AA122: 0 | AB122: 0 | AC122: 0 | AD122: 0 | AE122: 0 | AF122: 0 | AG122: 0 | AH122: 0 | AI122: 0 | AJ122: 0 | AK122: 0 | AL122: 0 | AM122: 0 | AN122: 0 | AO122: 0 | AP122: 0 | AQ122: 0 | AR122: 0 | AS122: 0 | AT122: 0 | AU122: 0 | AV122: 0 | AW122: 0 | AX122: 0 | AY122: 0 | AZ122: 0 | BA122: 0 | BB122: 0 | BC122: 0 | BD122: 0 | BE122: 0 | BF122: 0 | BG122: 0 | BH122: 0 | BI122: 0 | BJ122: 0 | BK122: =SUM(E122:BJ122) -> 1
A127: B | B127: JUMLAH SUARA SAH PARTAI POLITIK DAN CALON (A1 + A2) | E127: =SUM(E117:E126) -> 1 | F127: =SUM(F117:F126) -> 1 | G127: =SUM(G117:G126) -> 4 | H127: =SUM(H117:H126) -> 0 | I127: =SUM(I117:I126) -> 1 | J127: =SUM(J117:J126) -> 1 | K127: =SUM(K117:K126) -> 1 | L127: =SUM(L117:L126) -> 4 | ... BK127: =SUM(BK117:BK126) -> 146
A129: A.1 | B129: 8. | C129: Partai Keadilan Sejahtera | E129: 0 | F129: 0 | G129: 0 | H129: 0 | I129: 0 | J129: 0 | K129: 0 | L129: 0 | M129: 0 | N129: 0 | O129: 0 | P129: 1 | Q129: 0 | R129: 0 | S129: 0 | T129: 0 | U129: 1 | V129: 1 | W129: 6 | X129: 0 | Y129: 2 | Z129: 1 | AA129: 2 | AB129: 3 | AC129: 1 | AD129: 0 | AE129: 0 | AF129: 0 | AG129: 0 | AH129: 5 | AI129: 1 | AJ129: 11 | AK129: 4 | AL129: 2 | AM129: 6 | AN129: 1 | AO129: 0 | AP129: 0 | AQ129: 2 | AR129: 1 | AS129: 0 | AT129: 0 | AU129: 1 | AV129: 1 | AW129: 0 | AX129: 0 | AY129: 2 | AZ129: 0 | BA129: 0 | BB129: 0 | BC129: 3 | BD129: 1 | BE129: 5 | BF129: 2 | BG129: 1 | BH129: 1 | BI129: 0 | BJ129: 2 | BK129: =SUM(E129:BJ129) -> 70
...

Sheet MARGOMULYO
C2: Kecamatan | D2: GLENMORE
C3: Kabupaten | D3: BANYUWANGI
C4: Provinsi | D4: JAWA TIMUR
C9: Kelurahan | D9: MARGOMULYO
A12: I | B12: DATA PEMILIH DAN PENGGUNAAN HAK PILIH | S12: JUMLAH AKHIR
A13: A | B13: DATA PEMILIH | E13: TPS 001 | F13: TPS 002 | G13: TPS 003 | H13: TPS 004 | I13: TPS 005 | J13: TPS 006 | K13: TPS 007 | L13: TPS 008 | M13: TPS 009 | N13: TPS 010 | O13: TPS 011 | P13: TPS 012 | Q13: TPS 013 | R13: TPS 014
B14: Jumlah Pemilih dalam Daftar Pemilih Tetap (DPT) | D14: LK | E14: 100 | F14: 130 | G14: 131 | H14: 141 | I14: 115 | J14: 138 | K14: 136 | L14: 115 | M14: 146 | N14: 142 | O14: 79 | P14: 101 | Q14: 123 | R14: 146 | S14: =SUM(E14:R14) -> 1743
D15: PR | E15: 86 | F15: 114 | G15: 125 | H15: 145 | I15: 108 | J15: 127 | K15: 145 | L15: 124 | M15: 138 | N15: 126 | O15: 89 | P15: 106 | Q15: 143 | R15: 146 | S15: =SUM(E15:R15) -> 1722
D16: JML | E16: =SUM(E14:E15) -> 186 | F16: =SUM(F14:F15) -> 244 | G16: =SUM(G14:G15) -> 256 | H16: =SUM(H14:H15) -> 286 | I16: =SUM(I14:I15) -> 223 | J16: =SUM(J14:J15) -> 265 | K16: =SUM(K14:K15) -> 281 | L16: =SUM(L14:L15) -> 239 | ... R16: =SUM(R14:R15) -> 292 | S16: =SUM(E16:R16) -> 3465
A18: B | B18: PENGGUNA HAK PILIH
B19: 1. | C19: Jumlah pengguna hak pilih dalam Daftar Pemilih Tetap (DPT) | D19: LK | E19: 77 | F19: 90 | G19: 89 | H19: 93 | I19: 98 | J19: 105 | K19: 110 | L19: 70 | M19: 91 | N19: 105 | O19: 59 | P19: 84 | Q19: 96 | R19: 103 | S19: =SUM(E19:R19) -> 1270
D20: PR | E20: 69 | F20: 88 | G20: 102 | H20: 112 | I20: 95 | J20: 104 | K20: 121 | L20: 85 | M20: 106 | N20: 108 | O20: 67 | P20: 85 | Q20: 116 | R20: 118 | S20: =SUM(E20:R20) -> 1376
D21: JML | E21: =SUM(E19:E20) -> 146 | F21: =SUM(F19:F20) -> 178 | G21: =SUM(G19:G20) -> 191 | H21: =SUM(H19:H20) -> 205 | I21: =SUM(I19:I20) -> 193 | J21: =SUM(J19:J20) -> 209 | K21: =SUM(K19:K20) -> 231 | L21: =SUM(L19:L20) -> 155 | ... R21: =SUM(R19:R20) -> 221 | S21: =SUM(E21:R21) -> 2646
B22: 2. | C22: Jumlah pengguna hak pilih dalam Daftar Pemilih Tambahan (DPTb) | D22: LK | S22: =SUM(E22:R22) -> 0
D23: PR | S23: =SUM(E23:R23) -> 0
D24: JML | E24: =SUM(E22:E23) -> 0 | F24: =SUM(F22:F23) -> 0 | G24: =SUM(G22:G23) -> 0 | H24: =SUM(H22:H23) -> 0 | I24: =SUM(I22:I23) -> 0 | J24: =SUM(J22:J23) -> 0 | K24: =SUM(K22:K23) -> 0 | L24: =SUM(L22:L23) -> 0 | ... R24: =SUM(R22:R23) -> 0 | S24: =SUM(E24:R24) -> 0
B25: 3. | C25: Jumlah pengguna hak pilih dalam Daftar Pemilih Khusus (DPK) | D25: LK | F25: 1 | I25: 1 | M25: 2 | N25: 3 | P25: 4 | Q25: 3 | R25: 1 | S25: =SUM(E25:R25) -> 15
D26: PR | E26: 1 | F26: 1 | H26: 1 | M26: 1 | P26: 3 | Q26: 2 | R26: 2 | S26: =SUM(E26:R26) -> 11
D27: JML | E27: =SUM(E25:E26) -> 1 | F27: =SUM(F25:F26) -> 2 | G27: =SUM(G25:G26) -> 0 | H27: =SUM(H25:H26) -> 1 | I27: =SUM(I25:I26) -> 1 | J27: =SUM(J25:J26) -> 0 | K27: =SUM(K25:K26) -> 0 | L27: =SUM(L25:L26) -> 0 | ... R27: =SUM(R25:R26) -> 3 | S27: =SUM(E27:R27) -> 26
B28: 4. | C28: Jumlah Pengguna Hak Pilih (B.1+B.2+B.3) | D28: LK | E28: =SUM(E19,E22,E25) -> 77 | F28: =SUM(F19,F22,F25) -> 91 | G28: =SUM(G19,G22,G25) -> 89 | H28: =SUM(H19,H22,H25) -> 93 | I28: =SUM(I19,I22,I25) -> 99 | J28: =SUM(J19,J22,J25) -> 105 | K28: =SUM(K19,K22,K25) -> 110 | L28: =SUM(L19,L22,L25) -> 70 | ... R28: =SUM(R19,R22,R25) -> 104 | S28: =SUM(E28:R28) -> 1285
D29: PR | E29: =SUM(E20,E23,E26) -> 70 | F29: =SUM(F20,F23,F26) -> 89 | G29: =SUM(G20,G23,G26) -> 102 | H29: =SUM(H20,H23,H26) -> 113 | I29: =SUM(I20,I23,I26) -> 95 | J29: =SUM(J20,J23,J26) -> 104 | K29: =SUM(K20,K23,K26) -> 121 | L29: =SUM(L20,L23,L26) -> 85 | ... R29: =SUM(R20,R23,R26) -> 120 | S29: =SUM(E29:R29) -> 1387
D30: JML | E30: =SUM(E28:E29) -> 147 | F30: =SUM(F28:F29) -> 180 | G30: =SUM(G28:G29) -> 191 | H30: =SUM(H28:H29) -> 206 | I30: =SUM(I28:I29) -> 194 | J30: =SUM(J28:J29) -> 209 | K30: =SUM(K28:K29) -> 231 | L30: =SUM(L28:L29) -> 155 | ... R30: =SUM(R28:R29) -> 224 | S30: =SUM(E30:R30) -> 2672
A32: II | B32: DATA PENGGUNAAN SURAT SUARA
A33: 1 | B33: Jumlah surat suara yang diterima, termasuk surat suara cadangan 2,5% dari DPT | E33: 190 | F33: 249 | G33: 272 | H33: 292 | I33: 228 | J33: 271 | K33: 287 | L33: 244 | M33: 290 | N33: 274 | O33: 172 | P33: 212 | Q33: 272 | R33: 298 | S33: =SUM(E33:R33) -> 3551
A34: 2 | B34: Jumlah surat suara yang digunakan | E34: 147 | F34: 180 | G34: 191 | H34: 206 | I34: 194 | J34: 209 | K34: 231 | L34: 155 | M34: 200 | N34: 216 | O34: 126 | P34: 176 | Q34: 217 | R34: 224 | S34: =SUM(E34:R34) -> 2672
A35: 3 | B35: Jumlah surat suara dikembalikan oleh pemilih (karena rusak atau keliru coblos) | E35: 1 | J35: 2 | S35: =SUM(E35:R35) -> 3
A36: 4 | B36: Jumlah surat suara yang tidak digunakan/tidak terpakai, termasuk sisa surat suara cadangan | E36: =E33-(E34+E35) -> 42 | F36: =F33-(F34+F35) -> 69 | G36: =G33-(G34+G35) -> 81 | H36: =H33-(H34+H35) -> 86 | I36: =I33-(I34+I35) -> 34 | J36: =J33-(J34+J35) -> 60 | K36: =K33-(K34+K35) -> 56 | L36: =L33-(L34+L35) -> 89 | ... R36: =R33-(R34+R35) -> 74 | S36: =SUM(E36:R36) -> 876
A38: III | B38: DATA PEMILIH DISABILITAS
B39: Jumlah seluruh Pemilih disabilitas yang menggunakan hak pilih | D39: LK | E39: 2 | M39: 2 | P39: 1 | R39: 1 | S39: =SUM(E39:R39) -> 6
D40: PR | L40: 1 | R40: 2 | S40: =SUM(E40:R40) -> 3
D41: JML | E41: =SUM(E39:E40) -> 2 | F41: =SUM(F39:F40) -> 0 | G41: =SUM(G39:G40) -> 0 | H41: =SUM(H39:H40) -> 0 | I41: =SUM(I39:I40) -> 0 | J41: =SUM(J39:J40) -> 0 | K41: =SUM(K39:K40) -> 0 | L41: =SUM(L39:L40) -> 1 | ... R41: =SUM(R39:R40) -> 3 | S41: =SUM(E41:R41) -> 9
A43: IV | B43: DATA RINCIAN PEROLEHAN SUARA PASANGAN CALON BUPATI DAN WAKIL BUPATI
A44: NOMOR DAN NAMA CALON
A45: A.1 | B45: 1. | C45: Partai Kebangkitan Bangsa | E45: 1 | F45: 5 | G45: 2 | H45: 0 | I45: 3 | J45: 6 | K45: 2 | L45: 2 | M45: 7 | N45: 1 | O45: 0 | P45: 3 | Q45: 1 | R45: 5 | S45: =SUM(E45:R45) -> 38
A46: A.2 | C46: 1. Dra. Hj. MA`MULAH HARUN, M.Pd.I. | E46: 1 | F46: 2 | G46: 4 | H46: 2 | I46: 8 | J46: 11 | K46: 7 | L46: 3 | M46: 19 | N46: 17 | O46: 4 | P46: 4 | Q46: 3 | R46: 1 | S46: =SUM(E46:R46) -> 86
C47: 2. UBAIDILLAH, S.Fil.I. | E47: 2 | F47: 5 | G47: 3 | H47: 2 | I47: 1 | J47: 3 | K47: 2 | L47: 0 | M47: 6 | N47: 1 | O47: 1 | P47: 1 | Q47: 4 | R47: 2 | S47: =SUM(E47:R47) -> 33
C48: 3. Ir. H. YOYOK MULYADI, M.Si. | E48: 1 | F48: 2 | G48: 0 | H48: 0 | I48: 0 | J48: 0 | K48: 0 | L48: 2 | M48: 3 | N48: 0 | O48: 0 | P48: 0 | Q48: 0 | R48: 1 | S48: =SUM(E48:R48) -> 9
C49: 4. KHOIRUL ANWAR, S.Fil.I. | E49: 1 | F49: 1 | G49: 0 | H49: 0 | I49: 4 | J49: 1 | K49: 0 | L49: 1 | M49: 7 | N49: 10 | O49: 0 | P49: 1 | Q49: 2 | R49: 0 | S49: =SUM(E49:R49) -> 28
C50: 5. ARIF WIJAKSANA | E50: 2 | F50: 1 | G50: 0 | H50: 2 | I50: 0 | J50: 0 | K50: 0 | L50: 0 | M50: 1 | N50: 0 | O50: 2 | P50: 0 | Q50: 1 | R50: 2 | S50: =SUM(E50:R50) -> 11
C51: 6. Dr. SITI YUMNAH | E51: 1 | F51: 0 | G51: 0 | H51: 0 | I51: 0 | J51: 0 | K51: 1 | L51: 0 | M51: 1 | N51: 1 | O51: 0 | P51: 0 | Q51: 1 | R51: 0 | S51: =SUM(E51:R51) -> 5
C52: 7. MOHAMMAD ZAINI, M.Pd.I. | E52: 0 | F52: 0 | G52: 0 | H52: 0 | I52: 0 | J52: 1 | K52: 0 | L52: 0 | M52: 1 | N52: 1 | O52: 0 | P52: 0 | Q52: 0 | R52: 1 | S52: =SUM(E52:R52) -> 4
C53: 8. FAWAIDUL MAKKIYAH | E53: 0 | F53: 0 | G53: 0 | H53: 0 | I53: 0 | J53: 0 | K53: 0 | L53: 0 | M53: 0 | N53: 0 | O53: 0 | P53: 0 | Q53: 0 | R53: 0 | S53: =SUM(E53:R53) -> 0
C54: 9. IFFAH HIDAYATUR ROHMAH, S.Sos. | E54: 1 | F54: 0 | G54: 0 | H54: 0 | I54: 0 | J54: 0 | K54: 1 | L54: 0 | M54: 0 | N54: 0 | O54: 0 | P54: 0 | Q54: 1 | R54: 0 | S54: =SUM(E54:R54) -> 3
A55: B | B55: JUMLAH SUARA SAH PARTAI POLITIK DAN CALON (A1 + A2) | E55: =SUM(E45:E54) -> 10 | F55: =SUM(F45:F54) -> 16 | G55: =SUM(G45:G54) -> 9 | H55: =SUM(H45:H54) -> 6 | I55: =SUM(I45:I54) -> 16 | J55: =SUM(J45:J54) -> 22 | K55: =SUM(K45:K54) -> 13 | L55: =SUM(L45:L54) -> 8 | ... S55: =SUM(S45:S54) -> 217
A57: A.1 | B57: 2. | C57: Partai Gerakan Indonesia Raya | E57: 4 | F57: 8 | G57: 6 | H57: 5 | I57: 5 | J57: 3 | K57: 4 | L57: 6 | M57: 5 | N57: 0 | O57: 2 | P57: 13 | Q57: 13 | R57: 7 | S57: =SUM(E57:R57) -> 81
A58: A.2 | C58: 1. AHMAD HADINUDDIN, S.Pd.I. | E58: 2 | F58: 5 | G58: 4 | H58: 6 | I58: 5 | J58: 8 | K58: 2 | L58: 2 | M58: 6 | N58: 8 | O58: 6 | P58: 4 | Q58: 3 | R58: 13 | S58: =SUM(E58:R58) -> 74
C59: 2. BIMA RAFSANJANI RAFID | E59: 9 | F59: 6 | G59: 30 | H59: 4 | I59: 2 | J59: 15 | K59: 6 | L59: 5 | M59: 3 | N59: 3 | O59: 7 | P59: 11 | Q59: 15 | R59: 7 | S59: =SUM(E59:R59) -> 123
C60: 3. IRA DAMAYANTI | E60: 1 | F60: 0 | G60: 1 | H60: 0 | I60: 2 | J60: 0 | K60: 0 | L60: 0 | M60: 0 | N60: 2 | O60: 0 | P60: 3 | Q60: 1 | R60: 4 | S60: =SUM(E60:R60) -> 14
C61: 4. MAULANA MALIK IBRAHIM, S.H. | E61: 1 | F61: 4 | G61: 16 | H61: 2 | I61: 2 | J61: 24 | K61: 4 | L61: 0 | M61: 0 | N61: 4 | O61: 4 | P61: 2 | Q61: 6 | R61: 5 | S61: =SUM(E61:R61) -> 74
C62: 5. LULUK ALFIATI | E62: 2 | F62: 1 | G62: 1 | H62: 0 | I62: 2 | J62: 0 | K62: 1 | L62: 0 | M62: 1 | N62: 0 | O62: 1 | P62: 0 | Q62: 1 | R62: 2 | S62: =SUM(E62:R62) -> 12
C63: 6. ILHAM WAHYUDI, S.H. | E63: 0 | F63: 0 | G63: 0 | H63: 0 | I63: 0 | J63: 0 | K63: 0 | L63: 0 | M63: 0 | N63: 0 | O63: 0 | P63: 1 | Q63: 1 | R63: 0 | S63: =SUM(E63:R63) -> 2
C64: 7. HAERUL ANWAR, S.Pd.I. | E64: 0 | F64: 1 | G64: 1 | H64: 0 | I64: 0 | J64: 0 | K64: 1 | L64: 1 | M64: 0 | N64: 2 | O64: 2 | P64: 4 | Q64: 0 | R64: 1 | S64: =SUM(E64:R64) -> 13
C65: 8. YOVI ADHITYA WARDANI | E65: 0 | F65: 0 | G65: 0 | H65: 0 | I65: 0 | J65: 0 | K65: 0 | L65: 0 | M65: 0 | N65: 0 | O65: 0 | P65: 0 | Q65: 0 | R65: 0 | S65: =SUM(E65:R65) -> 0
C66: 9. RITA AMELIA | E66: 0 | F66: 1 | G66: 0 | H66: 0 | I66: 0 | J66: 0 | K66: 0 | L66: 0 | M66: 1 | N66: 0 | O66: 0 | P66: 1 | Q66: 1 | R66: 0 | S66: =SUM(E66:R66) -> 4
A67: B | B67: JUMLAH SUARA SAH PARTAI POLITIK DAN CALON (A1 + A2) | E67: =SUM(E57:E66) -> 19 | F67: =SUM(F57:F66) -> 26 | G67: =SUM(G57:G66) -> 59 | H67: =SUM(H57:H66) -> 17 | I67: =SUM(I57:I66) -> 18 | J67: =SUM(J57:J66) -> 50 | K67: =SUM(K57:K66) -> 18 | L67: =SUM(L57:L66) -> 14 | ... S67: =SUM(S57:S66) -> 397
A69: A.1 | B69: 3. | C69: Partai Demokrasi Indonesia Perjuangan | E69: 16 | F69: 11 | G69: 7 | H69: 2 | I69: 13 | J69: 7 | K69: 4 | L69: 11 | M69: 3 | N69: 1 | O69: 1 | P69: 3 | Q69: 5 | R69: 18 | S69: =SUM(E69:R69) -> 102
A70: A.2 | C70: 1. MARTIN H., S.H., M.H. | E70: 6 | F70: 7 | G70: 12 | H70: 5 | I70: 6 | J70: 4 | K70: 0 | L70: 5 | M70: 2 | N70: 4 | O70: 1 | P70: 0 | Q70: 4 | R70: 15 | S70: =SUM(E70:R70) -> 71
C71: 2. HERMANTO, S.E. | E71: 2 | F71: 4 | G71: 9 | H71: 0 | I71: 2 | J71: 2 | K71: 1 | L71: 3 | M71: 2 | N71: 0 | O71: 1 | P71: 0 | Q71: 3 | R71: 3 | S71: =SUM(E71:R71) -> 32
C72: 3. EVY SUSILAWATI, S.E., M.M. | E72: 1 | F72: 6 | G72: 0 | H72: 2 | I72: 6 | J72: 5 | K72: 1 | L72: 3 | M72: 0 | N72: 0 | O72: 0 | P72: 0 | Q72: 3 | R72: 1 | S72: =SUM(E72:R72) -> 28
C73: 4. M. SIROTTUDIN | E73: 3 | F73: 1 | G73: 1 | H73: 36 | I73: 15 | J73: 8 | K73: 33 | L73: 1 | M73: 9 | N73: 7 | O73: 0 | P73: 5 | Q73: 1 | R73: 11 | S73: =SUM(E73:R73) -> 131
C74: 5. ABDUL HAFID, S.H. | E74: 0 | F74: 0 | G74: 1 | H74: 0 | I74: 1 | J74: 0 | K74: 0 | L74: 1 | M74: 0 | N74: 0 | O74: 0 | P74: 1 | Q74: 0 | R74: 1 | S74: =SUM(E74:R74) -> 5
C75: 6. NIKITA FORTUNA SURYANINGATI, A.Md.Keb. | E75: 0 | F75: 1 | G75: 0 | H75: 1 | I75: 0 | J75: 1 | K75: 1 | L75: 1 | M75: 0 | N75: 0 | O75: 0 | P75: 0 | Q75: 1 | R75: 1 | S75: =SUM(E75:R75) -> 7
C76: 7. YUDHO ILHAM WIJAYA, S.E. | E76: 0 | F76: 0 | G76: 0 | H76: 0 | I76: 0 | J76: 0 | K76: 0 | L76: 0 | M76: 0 | N76: 0 | O76: 0 | P76: 0 | Q76: 0 | R76: 1 | S76: =SUM(E76:R76) -> 1
C77: 8. SETIAWATI, S.H. | E77: 1 | F77: 0 | G77: 0 | H77: 0 | I77: 0 | J77: 0 | K77: 1 | L77: 0 | M77: 0 | N77: 0 | O77: 0 | P77: 1 | Q77: 0 | R77: 0 | S77: =SUM(E77:R77) -> 3
C78: 9. EKO BUDI SANTOSO, S.H. | E78: 1 | F78: 1 | G78: 1 | H78: 0 | I78: 0 | J78: 2 | K78: 0 | L78: 2 | M78: 1 | N78: 0 | O78: 0 | P78: 1 | Q78: 2 | R78: 4 | S78: =SUM(E78:R78) -> 15
A79: B | B79: JUMLAH SUARA SAH PARTAI POLITIK DAN CALON (A1 + A2) | E79: =SUM(E69:E78) -> 30 | F79: =SUM(F69:F78) -> 31 | G79: =SUM(G69:G78) -> 31 | H79: =SUM(H69:H78) -> 46 | I79: =SUM(I69:I78) -> 43 | J79: =SUM(J69:J78) -> 29 | K79: =SUM(K69:K78) -> 41 | L79: =SUM(L69:L78) -> 27 | ... S79: =SUM(S69:S78) -> 395
A81: A.1 | B81: 4. | C81: Partai Golongan Karya | E81: 9 | F81: 7 | G81: 4 | H81: 3 | I81: 5 | J81: 0 | K81: 2 | L81: 9 | M81: 3 | N81: 0 | O81: 5 | P81: 3 | Q81: 5 | R81: 12 | S81: =SUM(E81:R81) -> 67
A82: A.2 | C82: 1. PRANAYA YUDHA MAHARDHIKA | E82: 3 | F82: 21 | G82: 25 | H82: 17 | I82: 20 | J82: 4 | K82: 62 | L82: 18 | M82: 6 | N82: 6 | O82: 39 | P82: 42 | Q82: 16 | R82: 26 | S82: =SUM(E82:R82) -> 305
C83: 2. Dra. Ec. ENDANG SULASTUTY, M.I.P. | E83: 1 | F83: 4 | G83: 5 | H83: 0 | I83: 1 | J83: 4 | K83: 3 | L83: 1 | M83: 0 | N83: 0 | O83: 2 | P83: 2 | Q83: 2 | R83: 2 | S83: =SUM(E83:R83) -> 27
C84: 3. AGUS REJEKI WARTONO | E84: 1 | F84: 1 | G84: 2 | H84: 2 | I84: 0 | J84: 2 | K84: 0 | L84: 0 | M84: 0 | N84: 0 | O84: 1 | P84: 0 | Q84: 0 | R84: 2 | S84: =SUM(E84:R84) -> 11
C85: 4. Hj. TUTUK ASMA'A ZUCHROH, S.T., M.T. | E85: 0 | F85: 0 | G85: 2 | H85: 1 | I85: 2 | J85: 0 | K85: 0 | L85: 2 | M85: 0 | N85: 0 | O85: 0 | P85: 3 | Q85: 6 | R85: 17 | S85: =SUM(E85:R85) -> 33
C86: 5. ADE M. RIZKI, S.E. | E86: 1 | F86: 1 | G86: 1 | H86: 2 | I86: 0 | J86: 0 | K86: 0 | L86: 0 | M86: 0 | N86: 0 | O86: 0 | P86: 0 | Q86: 1 | R86: 0 | S86: =SUM(E86:R86) -> 6
C87: 6. ABDURAKHMAN, Bc.Kn. | E87: 0 | F87: 1 | G87: 3 | H87: 0 | I87: 0 | J87: 0 | K87: 0 | L87: 0 | M87: 0 | N87: 0 | O87: 0 | P87: 0 | Q87: 0 | R87: 0 | S87: =SUM(E87:R87) -> 4
C88: 7. CENDY RHIYAN ADI PUTRI | E88: 0 | F88: 1 | G88: 0 | H88: 0 | I88: 0 | J88: 0 | K88: 0 | L88: 0 | M88: 0 | N88: 0 | O88: 1 | P88: 0 | Q88: 0 | R88: 0 | S88: =SUM(E88:R88) -> 2
C89: 8. BAKTI WIJAYANTO, S.E. | E89: 0 | F89: 0 | G89: 0 | H89: 0 | I89: 0 | J89: 0 | K89: 0 | L89: 0 | M89: 0 | N89: 0 | O89: 0 | P89: 0 | Q89: 0 | R89: 0 | S89: =SUM(E89:R89) -> 0
C90: 9. AHMAD UBAIDILLAH | E90: 0 | F90: 1 | G90: 0 | H90: 0 | I90: 0 | J90: 0 | K90: 0 | L90: 0 | M90: 0 | N90: 0 | O90: 1 | P90: 0 | Q90: 1 | R90: 1 | S90: =SUM(E90:R90) -> 4
A91: B | B91: JUMLAH SUARA SAH PARTAI POLITIK DAN CALON (A1 + A2) | E91: =SUM(E81:E90) -> 15 | F91: =SUM(F81:F90) -> 37 | G91: =SUM(G81:G90) -> 42 | H91: =SUM(H81:H90) -> 25 | I91: =SUM(I81:I90) -> 28 | J91: =SUM(J81:J90) -> 10 | K91: =SUM(K81:K90) -> 67 | L91: =SUM(L81:L90) -> 30 | ... S91: =SUM(S81:S90) -> 459
A93: A.1 | B93: 5. | C93: Partai NasDem | E93: 2 | F93: 1 | G93: 2 | H93: 1 | I93: 1 | J93: 1 | K93: 2 | L93: 4 | M93: 2 | N93: 0 | O93: 3 | P93: 1 | Q93: 1 | R93: 2 | S93: =SUM(E93:R93) -> 23
A94: A.2 | C94: 1. ALI MUSTOFA, A.Md. | E94: 1 | F94: 1 | G94: 0 | H94: 0 | I94: 2 | J94: 6 | K94: 1 | L94: 0 | M94: 0 | N94: 2 | O94: 0 | P94: 0 | Q94: 1 | R94: 2 | S94: =SUM(E94:R94) -> 16
C95: 2. Hj. BUAMI, S.H. | E95: 1 | F95: 1 | G95: 0 | H95: 0 | I95: 0 | J95: 2 | K95: 1 | L95: 5 | M95: 2 | N95: 0 | O95: 0 | P95: 0 | Q95: 1 | R95: 1 | S95: =SUM(E95:R95) -> 14
C96: 3. SUGIONO, S.H. | E96: 0 | F96: 0 | G96: 0 | H96: 0 | I96: 0 | J96: 0 | K96: 0 | L96: 0 | M96: 0 | N96: 1 | O96: 0 | P96: 2 | Q96: 1 | R96: 1 | S96: =SUM(E96:R96) -> 5
C97: 4. LULUK SUNARMIATININGSIH | E97: 3 | F97: 1 | G97: 1 | H97: 0 | I97: 1 | J97: 0 | K97: 0 | L97: 0 | M97: 0 | N97: 0 | O97: 1 | P97: 0 | Q97: 3 | R97: 1 | S97: =SUM(E97:R97) -> 11
C98: 5. ANTON DJULIANTO ADI | E98: 0 | F98: 1 | G98: 0 | H98: 0 | I98: 2 | J98: 0 | K98: 0 | L98: 1 | M98: 0 | N98: 1 | O98: 1 | P98: 0 | Q98: 3 | R98: 0 | S98: =SUM(E98:R98) -> 9
C99: 6. MOKHAMAD ROFI'I KHUSNAN | E99: 0 | F99: 1 | G99: 0 | H99: 0 | I99: 0 | J99: 0 | K99: 0 | L99: 0 | M99: 0 | N99: 0 | O99: 0 | P99: 0 | Q99: 0 | R99: 0 | S99: =SUM(E99:R99) -> 1
C100: 7. Rr SETYO WATI | E100: 0 | F100: 0 | G100: 0 | H100: 0 | I100: 0 | J100: 1 | K100: 2 | L100: 0 | M100: 0 | N100: 0 | O100: 2 | P100: 1 | Q100: 2 | R100: 0 | S100: =SUM(E100:R100) -> 8
C101: 8. ABD. KADIR ASSEGAFF | E101: 0 | F101: 0 | G101: 0 | H101: 0 | I101: 0 | J101: 0 | K101: 0 | L101: 0 | M101: 0 | N101: 0 | O101: 0 | P101: 0 | Q101: 0 | R101: 0 | S101: =SUM(E101:R101) -> 0
C102: 9. FATHOR ZAINULLAH | E102: 0 | F102: 0 | G102: 0 | H102: 0 | I102: 0 | J102: 0 | K102: 0 | L102: 0 | M102: 0 | N102: 0 | O102: 1 | P102: 0 | Q102: 0 | R102: 0 | S102: =SUM(E102:R102) -> 1
A103: B | B103: JUMLAH SUARA SAH PARTAI POLITIK DAN CALON (A1 + A2) | E103: =SUM(E93:E102) -> 7 | F103: =SUM(F93:F102) -> 6 | G103: =SUM(G93:G102) -> 3 | H103: =SUM(H93:H102) -> 1 | I103: =SUM(I93:I102) -> 6 | J103: =SUM(J93:J102) -> 10 | K103: =SUM(K93:K102) -> 6 | L103: =SUM(L93:L102) -> 10 | ... S103: =SUM(S93:S102) -> 88
A105: A.1 | B105: 6. | C105: Partai Buruh | E105: 0 | F105: 0 | G105: 1 | H105: 0 | I105: 1 | J105: 0 | K105: 0 | L105: 0 | M105: 1 | N105: 0 | O105: 0 | P105: 1 | Q105: 0 | R105: 1 | S105: =SUM(E105:R105) -> 5
A106: A.2 | C106: 1. AGUS SUPRIYADI | E106: 0 | F106: 0 | G106: 0 | H106: 0 | I106: 0 | J106: 0 | K106: 0 | L106: 0 | M106: 0 | N106: 0 | O106: 0 | P106: 0 | Q106: 0 | R106: 1 | S106: =SUM(E106:R106) -> 1
C107: 2. ENI HARIATI | E107: 1 | F107: 1 | G107: 0 | H107: 0 | I107: 1 | J107: 0 | K107: 0 | L107: 0 | M107: 0 | N107: 0 | O107: 0 | P107: 0 | Q107: 0 | R107: 0 | S107: =SUM(E107:R107) -> 3
S108: =SUM(E108:R108) -> 0
S109: =SUM(E109:R109) -> 0
S110: =SUM(E110:R110) -> 0
S111: =SUM(E111:R111) -> 0
S112: =SUM(E112:R112) -> 0
S113: =SUM(E113:R113) -> 0
S114: =SUM(E114:R114) -> 0
A115: B | B115: JUMLAH SUARA SAH PARTAI POLITIK DAN CALON (A1 + A2) | E115: =SUM(E105:E114) -> 1 | F115: =SUM(F105:F114) -> 1 | G115: =SUM(G105:G114) -> 1 | H115: =SUM(H105:H114) -> 0 | I115: =SUM(I105:I114) -> 2 | J115: =SUM(J105:J114) -> 0 | K115: =SUM(K105:K114) -> 0 | L115: =SUM(L105:L114) -> 0 | ... S115: =SUM(S105:S114) -> 9
A117: A.1 | B117: 7. | C117: Partai Gelombang Rakyat Indonesia | E117: 3 | F117: 1 | G117: 1 | H117: 0 | I117: 0 | J117: 0 | K117: 1 | L117: 1 | M117: 0 | N117: 0 | O117: 0 | P117: 1 | Q117: 0 | R117: 0 | S117: =SUM(E117:R117) -> 8
...

Sheet SEPANJANG
C2: Kecamatan | D2: GLENMORE
C3: Kabupaten | D3: BANYUWANGI
C4: Provinsi | D4: JAWA TIMUR
C9: Kelurahan | D9: SEPANJANG
A12: I | B12: DATA PEMILIH DAN PENGGUNAAN HAK PILIH | AJ12: JUMLAH AKHIR
A13: A | B13: DATA PEMILIH | E13: TPS 001 | F13: TPS 002 | G13: TPS 003 | H13: TPS 004 | I13: TPS 005 | J13: TPS 006 | K13: TPS 007 | L13: TPS 008 | M13: TPS 009 | N13: TPS 010 | O13: TPS 011 | P13: TPS 012 | Q13: TPS 013 | R13: TPS 014 | S13: TPS 015 | T13: TPS 016 | U13: TPS 017 | V13: TPS 018 | W13: TPS 019 | X13: TPS 020 | Y13: TPS 021 | Z13: TPS 022 | AA13: TPS 023 | AB13: TPS 024 | AC13: TPS 025 | AD13: TPS 026 | AE13: TPS 027 | AF13: TPS 028 | AG13: TPS 029 | AH13: TPS 030 | AI13: TPS 031
B14: Jumlah Pemilih dalam Daftar Pemilih Tetap (DPT) | D14: LK | E14: 148 | F14: 122 | G14: 150 | H14: 138 | I14: 116 | J14: 149 | K14: 118 | L14: 112 | M14: 137 | N14: 138 | O14: 106 | P14: 129 | Q14: 135 | R14: 147 | S14: 122 | T14: 136 | U14: 125 | V14: 138 | W14: 128 | X14: 146 | Y14: 110 | Z14: 102 | AA14: 121 | AB14: 122 | AC14: 116 | AD14: 128 | AE14: 125 | AF14: 134 | AG14: 117 | AH14: 139 | AI14: 152 | AJ14: =SUM(E14:AI14) -> 4006
D15: PR | E15: 143 | F15: 129 | G15: 144 | H15: 147 | I15: 116 | J15: 146 | K15: 131 | L15: 126 | M15: 158 | N15: 154 | O15: 126 | P15: 136 | Q15: 143 | R15: 144 | S15: 130 | T15: 135 | U15: 140 | V15: 122 | W15: 127 | X15: 148 | Y15: 108 | Z15: 100 | AA15: 121 | AB15: 114 | AC15: 131 | AD15: 147 | AE15: 133 | AF15: 156 | AG15: 113 | AH15: 146 | AI15: 140 | AJ15: =SUM(E15:AI15) -> 4154
D16: JML | E16: =SUM(E14:E15) -> 291 | F16: =SUM(F14:F15) -> 251 | G16: =SUM(G14:G15) -> 294 | H16: =SUM(H14:H15) -> 285 | I16: =SUM(I14:I15) -> 232 | J16: =SUM(J14:J15) -> 295 | K16: =SUM(K14:K15) -> 249 | L16: =SUM(L14:L15) -> 238 | ... AI16: =SUM(AI14:AI15) -> 292 | AJ16: =SUM(E16:AI16) -> 8160
A18: B | B18: PENGGUNA HAK PILIH
B19: 1. | C19: Jumlah pengguna hak pilih dalam Daftar Pemilih Tetap (DPT) | D19: LK | E19: 110 | F19: 89 | G19: 114 | H19: 97 | I19: 90 | J19: 113 | K19: 84 | L19: 68 | M19: 105 | N19: 100 | O19: 84 | P19: 103 | Q19: 103 | R19: 112 | S19: 91 | T19: 105 | U19: 84 | V19: 99 | W19: 94 | X19: 98 | Y19: 87 | Z19: 82 | AA19: 86 | AB19: 84 | AC19: 80 | AD19: 84 | AE19: 94 | AF19: 95 | AG19: 95 | AH19: 107 | AI19: 116 | AJ19: =SUM(E19:AI19) -> 2953
D20: PR | E20: 111 | F20: 107 | G20: 117 | H20: 118 | I20: 95 | J20: 117 | K20: 93 | L20: 97 | M20: 124 | N20: 113 | O20: 101 | P20: 110 | Q20: 111 | R20: 121 | S20: 108 | T20: 99 | U20: 99 | V20: 98 | W20: 97 | X20: 117 | Y20: 92 | Z20: 83 | AA20: 101 | AB20: 86 | AC20: 99 | AD20: 105 | AE20: 104 | AF20: 118 | AG20: 89 | AH20: 119 | AI20: 127 | AJ20: =SUM(E20:AI20) -> 3276
D21: JML | E21: =SUM(E19:E20) -> 221 | F21: =SUM(F19:F20) -> 196 | G21: =SUM(G19:G20) -> 231 | H21: =SUM(H19:H20) -> 215 | I21: =SUM(I19:I20) -> 185 | J21: =SUM(J19:J20) -> 230 | K21: =SUM(K19:K20) -> 177 | L21: =SUM(L19:L20) -> 165 | ... AI21: =SUM(AI19:AI20) -> 243 | AJ21: =SUM(E21:AI21) -> 6229
B22: 2. | C22: Jumlah pengguna hak pilih dalam Daftar Pemilih Tambahan (DPTb) | D22: LK | I22: 1 | K22: 1 | L22: 1 | O22: 1 | S22: 1 | T22: 1 | X22: 1 | AA22: 1 | AB22: 1 | AC22: 1 | AD22: 2 | AE22: 1 | AH22: 1 | AI22: 1 | AJ22: =SUM(E22:AI22) -> 15
D23: PR | E23: 1 | L23: 1 | N23: 1 | T23: 2 | V23: 1 | W23: 1 | Y23: 1 | Z23: 1 | AD23: 1 | AF23: 1 | AG23: 1 | AJ23: =SUM(E23:AI23) -> 12
D24: JML | E24: =SUM(E22:E23) -> 1 | F24: =SUM(F22:F23) -> 0 | G24: =SUM(G22:G23) -> 0 | H24: =SUM(H22:H23) -> 0 | I24: =SUM(I22:I23) -> 1 | J24: =SUM(J22:J23) -> 0 | K24: =SUM(K22:K23) -> 1 | L24: =SUM(L22:L23) -> 2 | ... AI24: =SUM(AI22:AI23) -> 1 | AJ24: =SUM(E24:AI24) -> 27
B25: 3. | C25: Jumlah pengguna hak pilih dalam Daftar Pemilih Khusus (DPK) | D25: LK | F25: 2 | H25: 1 | J25: 7 | K25: 1 | O25: 1 | Q25: 2 | S25: 2 | T25: 1 | U25: 1 | W25: 1 | AD25: 1 | AF25: 2 | AJ25: =SUM(E25:AI25) -> 22
D26: PR | H26: 1 | J26: 5 | K26: 2 | O26: 1 | Q26: 4 | S26: 5 | T26: 2 | U26: 1 | W26: 2 | AA26: 1 | AE26: 1 | AF26: 1 | AJ26: =SUM(E26:AI26) -> 26
D27: JML | E27: =SUM(E25:E26) -> 0 | F27: =SUM(F25:F26) -> 2 | G27: =SUM(G25:G26) -> 0 | H27: =SUM(H25:H26) -> 2 | I27: =SUM(I25:I26) -> 0 | J27: =SUM(J25:J26) -> 12 | K27: =SUM(K25:K26) -> 3 | L27: =SUM(L25:L26) -> 0 | ... AI27: =SUM(AI25:AI26) -> 0 | AJ27: =SUM(E27:AI27) -> 48
B28: 4. | C28: Jumlah Pengguna Hak Pilih (B.1+B.2+B.3) | D28: LK | E28: =SUM(E19,E22,E25) -> 110 | F28: =SUM(F19,F22,F25) -> 91 | G28: =SUM(G19,G22,G25) -> 114 | H28: =SUM(H19,H22,H25) -> 98 | I28: =SUM(I19,I22,I25) -> 91 | J28: =SUM(J19,J22,J25) -> 120 | K28: =SUM(K19,K22,K25) -> 86 | L28: =SUM(L19,L22,L25) -> 69 | ... AI28: =SUM(AI19,AI22,AI25) -> 117 | AJ28: =SUM(E28:AI28) -> 2990
D29: PR | E29: =SUM(E20,E23,E26) -> 112 | F29: =SUM(F20,F23,F26) -> 107 | G29: =SUM(G20,G23,G26) -> 117 | H29: =SUM(H20,H23,H26) -> 119 | I29: =SUM(I20,I23,I26) -> 95 | J29: =SUM(J20,J23,J26) -> 122 | K29: =SUM(K20,K23,K26) -> 95 | L29: =SUM(L20,L23,L26) -> 98 | ... AI29: =SUM(AI20,AI23,AI26) -> 127 | AJ29: =SUM(E29:AI29) -> 3314
D30: JML | E30: =SUM(E28:E29) -> 222 | F30: =SUM(F28:F29) -> 198 | G30: =SUM(G28:G29) -> 231 | H30: =SUM(H28:H29) -> 217 | I30: =SUM(I28:I29) -> 186 | J30: =SUM(J28:J29) -> 242 | K30: =SUM(K28:K29) -> 181 | L30: =SUM(L28:L29) -> 167 | ... AI30: =SUM(AI28:AI29) -> 244 | AJ30: =SUM(E30:AI30) -> 6304
A32: II | B32: DATA PENGGUNAAN SURAT SUARA
A33: 1 | B33: Jumlah surat suara yang diterima, termasuk surat suara cadangan 2,5% dari DPT | E33: 298 | F33: 257 | G33: 300 | H33: 291 | I33: 247 | J33: 300 | K33: 254 | L33: 243 | M33: 301 | N33: 298 | O33: 237 | P33: 271 | Q33: 284 | R33: 297 | S33: 258 | T33: 277 | U33: 271 | V33: 265 | W33: 261 | X33: 300 | Y33: 223 | Z33: 207 | AA33: 247 | AB33: 242 | AC33: 253 | AD33: 281 | AE33: 264 | AF33: 296 | AG33: 235 | AH33: 291 | AI33: 298 | AJ33: =SUM(E33:AI33) -> 8347
A34: 2 | B34: Jumlah surat suara yang digunakan | E34: 222 | F34: 198 | G34: 231 | H34: 217 | I34: 186 | J34: 242 | K34: 181 | L34: 167 | M34: 229 | N34: 214 | O34: 188 | P34: 213 | Q34: 220 | R34: 233 | S34: 207 | T34: 210 | U34: 185 | V34: 198 | W34: 195 | X34: 216 | Y34: 180 | Z34: 166 | AA34: 189 | AB34: 171 | AC34: 180 | AD34: 193 | AE34: 200 | AF34: 217 | AG34: 185 | AH34: 227 | AI34: 244 | AJ34: =SUM(E34:AI34) -> 6304
A35: 3 | B35: Jumlah surat suara dikembalikan oleh pemilih (karena rusak atau keliru coblos) | Q35: 1 | AB35: 1 | AJ35: =SUM(E35:AI35) -> 2
A36: 4 | B36: Jumlah surat suara yang tidak digunakan/tidak terpakai, termasuk sisa surat suara cadangan | E36: =E33-(E34+E35) -> 76 | F36: =F33-(F34+F35) -> 59 | G36: =G33-(G34+G35) -> 69 | H36: =H33-(H34+H35) -> 74 | I36: =I33-(I34+I35) -> 61 | J36: =J33-(J34+J35) -> 58 | K36: =K33-(K34+K35) -> 73 | L36: =L33-(L34+L35) -> 76 | ... AI36: =AI33-(AI34+AI35) -> 54 | AJ36: =SUM(E36:AI36) -> 2041
A38: III | B38: DATA PEMILIH DISABILITAS
B39: Jumlah seluruh Pemilih disabilitas yang menggunakan hak pilih | D39: LK | N39: 2 | AJ39: =SUM(E39:AI39) -> 2
D40: PR | K40: 1 | L40: 1 | N40: 6 | AJ40: =SUM(E40:AI40) -> 8
D41: JML | E41: =SUM(E39:E40) -> 0 | F41: =SUM(F39:F40) -> 0 | G41: =SUM(G39:G40) -> 0 | H41: =SUM(H39:H40) -> 0 | I41: =SUM(I39:I40) -> 0 | J41: =SUM(J39:J40) -> 0 | K41: =SUM(K39:K40) -> 1 | L41: =SUM(L39:L40) -> 1 | ... AI41: =SUM(AI39:AI40) -> 0 | AJ41: =SUM(E41:AI41) -> 10
A43: IV | B43: DATA RINCIAN PEROLEHAN SUARA PASANGAN CALON BUPATI DAN WAKIL BUPATI
A44: NOMOR DAN NAMA CALON
A45: A.1 | B45: 1. | C45: Partai Kebangkitan Bangsa | E45: 7 | F45: 3 | H45: 6 | I45: 3 | J45: 6 | K45: 2 | L45: 3 | M45: 3 | N45: 4 | O45: 1 | P45: 2 | Q45: 5 | R45: 5 | S45: 6 | T45: 6 | U45: 3 | V45: 5 | W45: 5 | X45: 4 | Y45: 3 | Z45: 10 | AA45: 10 | AB45: 13 | AC45: 4 | AD45: 1 | AE45: 2 | AF45: 5 | AG45: 2 | AH45: 3 | AI45: 4 | AJ45: =SUM(E45:AI45) -> 136
A46: A.2 | C46: 1. Dra. Hj. MA`MULAH HARUN, M.Pd.I. | E46: 9 | F46: 14 | G46: 3 | H46: 8 | I46: 10 | J46: 41 | K46: 7 | L46: 2 | M46: 9 | N46: 15 | O46: 12 | P46: 15 | Q46: 8 | R46: 26 | S46: 9 | T46: 2 | U46: 3 | V46: 6 | W46: 5 | X46: 29 | Y46: 1 | Z46: 10 | AA46: 36 | AB46: 35 | AC46: 11 | AD46: 10 | AE46: 3 | AF46: 5 | AG46: 5 | AH46: 7 | AI46: 9 | AJ46: =SUM(E46:AI46) -> 365
C47: 2. UBAIDILLAH, S.Fil.I. | E47: 9 | F47: 3 | H47: 2 | J47: 3 | K47: 1 | M47: 5 | N47: 3 | O47: 1 | P47: 4 | Q47: 7 | R47: 2 | S47: 7 | T47: 3 | U47: 1 | V47: 3 | W47: 2 | X47: 3 | Z47: 1 | AA47: 5 | AB47: 2 | AC47: 1 | AD47: 2 | AF47: 2 | AH47: 1 | AI47: 4 | AJ47: =SUM(E47:AI47) -> 77
C48: 3. Ir. H. YOYOK MULYADI, M.Si. | E48: 1 | G48: 1 | H48: 1 | I48: 1 | J48: 3 | L48: 1 | M48: 4 | N48: 1 | O48: 1 | Q48: 1 | R48: 1 | S48: 1 | X48: 3 | Y48: 1 | Z48: 2 | AA48: 3 | AB48: 1 | AC48: 1 | AD48: 1 | AH48: 1 | AI48: 1 | AJ48: =SUM(E48:AI48) -> 31
C49: 4. KHOIRUL ANWAR, S.Fil.I. | E49: 3 | F49: 1 | G49: 5 | H49: 4 | K49: 2 | O49: 2 | P49: 1 | Q49: 1 | R49: 1 | X49: 4 | Z49: 2 | AA49: 3 | AB49: 1 | AD49: 2 | AG49: 2 | AH49: 1 | AI49: 2 | AJ49: =SUM(E49:AI49) -> 37
C50: 5. ARIF WIJAKSANA | G50: 1 | I50: 1 | J50: 1 | K50: 1 | N50: 2 | O50: 2 | V50: 1 | AB50: 1 | AF50: 2 | AJ50: =SUM(E50:AI50) -> 12
C51: 6. Dr. SITI YUMNAH | I51: 1 | R51: 2 | V51: 1 | W51: 1 | X51: 2 | AA51: 2 | AH51: 1 | AI51: 1 | AJ51: =SUM(E51:AI51) -> 11
C52: 7. MOHAMMAD ZAINI, M.Pd.I. | F52: 1 | J52: 2 | L52: 1 | M52: 1 | N52: 1 | T52: 1 | AB52: 1 | AD52: 1 | AE52: 1 | AG52: 1 | AJ52: =SUM(E52:AI52) -> 11
C53: 8. FAWAIDUL MAKKIYAH | I53: 1 | K53: 1 | N53: 1 | Q53: 2 | Z53: 1 | AD53: 1 | AJ53: =SUM(E53:AI53) -> 7
C54: 9. IFFAH HIDAYATUR ROHMAH, S.Sos. | F54: 3 | H54: 1 | J54: 1 | R54: 1 | X54: 2 | AF54: 1 | AI54: 1 | AJ54: =SUM(E54:AI54) -> 10
A55: B | B55: JUMLAH SUARA SAH PARTAI POLITIK DAN CALON (A1 + A2) | E55: =SUM(E45:E54) -> 29 | F55: =SUM(F45:F54) -> 25 | G55: =SUM(G45:G54) -> 10 | H55: =SUM(H45:H54) -> 22 | I55: =SUM(I45:I54) -> 17 | J55: =SUM(J45:J54) -> 57 | K55: =SUM(K45:K54) -> 14 | L55: =SUM(L45:L54) -> 7 | ... AJ55: =SUM(AJ45:AJ54) -> 697
A57: A.1 | B57: 2. | C57: Partai Gerakan Indonesia Raya | E57: 7 | F57: 8 | G57: 24 | H57: 18 | I57: 6 | J57: 13 | K57: 16 | L57: 9 | M57: 18 | N57: 8 | O57: 10 | P57: 11 | Q57: 13 | R57: 5 | S57: 11 | T57: 9 | U57: 11 | V57: 10 | W57: 9 | X57: 12 | Y57: 1 | Z57: 5 | AA57: 9 | AB57: 9 | AC57: 7 | AD57: 11 | AE57: 13 | AF57: 6 | AG57: 6 | AH57: 14 | AI57: 7 | AJ57: =SUM(E57:AI57) -> 316
A58: A.2 | C58: 1. AHMAD HADINUDDIN, S.Pd.I. | E58: 8 | F58: 5 | G58: 6 | H58: 10 | I58: 12 | J58: 5 | K58: 4 | L58: 4 | M58: 8 | N58: 5 | O58: 13 | P58: 21 | Q58: 13 | R58: 6 | S58: 3 | T58: 13 | U58: 20 | V58: 12 | W58: 11 | X58: 11 | Y58: 2 | Z58: 8 | AA58: 5 | AB58: 10 | AC58: 4 | AD58: 18 | AE58: 20 | AF58: 17 | AG58: 4 | AH58: 23 | AI58: 32 | AJ58: =SUM(E58:AI58) -> 333
C59: 2. BIMA RAFSANJANI RAFID | E59: 6 | F59: 9 | G59: 33 | H59: 10 | I59: 14 | J59: 7 | K59: 15 | L59: 7 | M59: 2 | N59: 2 | O59: 13 | P59: 7 | Q59: 17 | R59: 5 | S59: 13 | T59: 5 | U59: 2 | V59: 9 | W59: 10 | X59: 5 | Z59: 4 | AA59: 5 | AB59: 3 | AC59: 4 | AD59: 4 | AE59: 9 | AF59: 4 | AG59: 8 | AH59: 15 | AI59: 45 | AJ59: =SUM(E59:AI59) -> 292
C60: 3. IRA DAMAYANTI | E60: 4 | F60: 4 | H60: 7 | I60: 7 | J60: 1 | K60: 2 | L60: 3 | M60: 1 | N60: 3 | O60: 3 | P60: 4 | Q60: 2 | R60: 3 | S60: 4 | T60: 5 | U60: 1 | V60: 5 | W60: 1 | X60: 3 | AA60: 1 | AB60: 3 | AC60: 1 | AD60: 6 | AE60: 2 | AF60: 6 | AG60: 5 | AH60: 4 | AI60: 3 | AJ60: =SUM(E60:AI60) -> 94
C61: 4. MAULANA MALIK IBRAHIM, S.H. | E61: 2 | F61: 1 | G61: 1 | H61: 3 | I61: 5 | J61: 4 | K61: 2 | M61: 5 | N61: 2 | O61: 4 | P61: 3 | Q61: 8 | R61: 5 | S61: 2 | T61: 5 | U61: 2 | V61: 5 | W61: 1 | X61: 8 | Y61: 1 | Z61: 1 | AA61: 1 | AB61: 1 | AC61: 2 | AD61: 2 | AE61: 6 | AF61: 4 | AG61: 8 | AH61: 2 | AI61: 5 | AJ61: =SUM(E61:AI61) -> 101
C62: 5. LULUK ALFIATI | E62: 1 | G62: 1 | H62: 1 | I62: 3 | J62: 1 | K62: 1 | L62: 2 | N62: 1 | O62: 3 | P62: 3 | Q62: 1 | R62: 1 | T62: 4 | V62: 2 | W62: 1 | X62: 4 | AA62: 1 | AD62: 3 | AE62: 4 | AF62: 2 | AH62: 1 | AI62: 5 | AJ62: =SUM(E62:AI62) -> 46
C63: 6. ILHAM WAHYUDI, S.H. | I63: 2 | J63: 1 | K63: 2 | N63: 1 | P63: 1 | R63: 1 | S63: 1 | U63: 1 | V63: 2 | W63: 2 | AB63: 1 | AE63: 1 | AH63: 1 | AI63: 1 | AJ63: =SUM(E63:AI63) -> 18
C64: 7. HAERUL ANWAR, S.Pd.I. | H64: 1 | I64: 1 | K64: 1 | L64: 1 | N64: 1 | P64: 2 | Q64: 1 | S64: 1 | T64: 1 | W64: 1 | AA64: 3 | AF64: 1 | AI64: 4 | AJ64: =SUM(E64:AI64) -> 19
C65: 8. YOVI ADHITYA WARDANI | I65: 1 | W65: 1 | Z65: 1 | AE65: 1 | AF65: 2 | AG65: 1 | AJ65: =SUM(E65:AI65) -> 7
C66: 9. RITA AMELIA | E66: 1 | L66: 1 | Q66: 1 | U66: 1 | W66: 1 | X66: 1 | AD66: 1 | AH66: 1 | AI66: 2 | AJ66: =SUM(E66:AI66) -> 10
A67: B | B67: JUMLAH SUARA SAH PARTAI POLITIK DAN CALON (A1 + A2) | E67: =SUM(E57:E66) -> 29 | F67: =SUM(F57:F66) -> 27 | G67: =SUM(G57:G66) -> 65 | H67: =SUM(H57:H66) -> 50 | I67: =SUM(I57:I66) -> 51 | J67: =SUM(J57:J66) -> 32 | K67: =SUM(K57:K66) -> 43 | L67: =SUM(L57:L66) -> 27 | ... AJ67: =SUM(AJ57:AJ66) -> 1236
A69: A.1 | B69: 3. | C69: Partai Demokrasi Indonesia Perjuangan | F69: 9 | G69: 7 | H69: 6 | I69: 5 | J69: 4 | K69: 4 | L69: 1 | M69: 2 | N69: 6 | O69: 5 | P69: 2 | Q69: 6 | R69: 2 | S69: 7 | T69: 3 | U69: 9 | V69: 2 | W69: 6 | X69: 6 | Z69: 3 | AA69: 4 | AB69: 11 | AC69: 8 | AD69: 5 | AE69: 2 | AF69: 2 | AG69: 2 | AH69: 10 | AI69: 7 | AJ69: =SUM(E69:AI69) -> 146
A70: A.2 | C70: 1. MARTIN H., S.H., M.H. | E70: 4 | F70: 2 | G70: 3 | H70: 6 | I70: 3 | K70: 3 | L70: 2 | M70: 1 | N70: 5 | O70: 5 | P70: 3 | Q70: 5 | R70: 2 | S70: 9 | T70: 7 | U70: 4 | V70: 1 | W70: 9 | X70: 5 | Z70: 3 | AA70: 5 | AB70: 2 | AC70: 3 | AE70: 4 | AF70: 10 | AG70: 10 | AH70: 7 | AI70: 8 | AJ70: =SUM(E70:AI70) -> 131
C71: 2. HERMANTO, S.E. | E71: 1 | F71: 2 | H71: 4 | I71: 1 | J71: 4 | K71: 1 | L71: 3 | N71: 1 | P71: 1 | Q71: 2 | R71: 1 | S71: 3 | T71: 1 | U71: 2 | V71: 1 | W71: 3 | X71: 3 | Z71: 1 | AA71: 4 | AB71: 2 | AF71: 1 | AG71: 2 | AH71: 4 | AJ71: =SUM(E71:AI71) -> 48
C72: 3. EVY SUSILAWATI, S.E., M.M. | H72: 2 | I72: 1 | J72: 1 | K72: 1 | L72: 1 | N72: 2 | O72: 5 | P72: 1 | Q72: 1 | R72: 2 | T72: 2 | U72: 2 | V72: 1 | W72: 2 | X72: 2 | AA72: 2 | AC72: 1 | AD72: 1 | AH72: 3 | AI72: 3 | AJ72: =SUM(E72:AI72) -> 36
C73: 4. M. SIROTTUDIN | F73: 1 | H73: 5 | I73: 3 | J73: 5 | K73: 4 | L73: 4 | M73: 3 | N73: 2 | O73: 3 | P73: 4 | Q73: 1 | S73: 1 | U73: 3 | V73: 2 | W73: 3 | X73: 3 | Z73: 2 | AA73: 2 | AB73: 3 | AC73: 4 | AD73: 1 | AF73: 2 | AG73: 4 | AH73: 3 | AI73: 2 | AJ73: =SUM(E73:AI73) -> 70
C74: 5. ABDUL HAFID, S.H. | F74: 2 | G74: 1 | I74: 1 | K74: 1 | M74: 1 | N74: 1 | P74: 1 | Q74: 2 | R74: 1 | S74: 1 | V74: 1 | AA74: 1 | AB74: 1 | AC74: 1 | AF74: 1 | AH74: 2 | AI74: 1 | AJ74: =SUM(E74:AI74) -> 20
C75: 6. NIKITA FORTUNA SURYANINGATI, A.Md.Keb. | F75: 1 | H75: 1 | I75: 1 | K75: 1 | O75: 1 | R75: 1 | S75: 2 | T75: 1 | V75: 2 | W75: 2 | X75: 2 | AA75: 1 | AC75: 1 | AF75: 1 | AJ75: =SUM(E75:AI75) -> 18
C76: 7. YUDHO ILHAM WIJAYA, S.E. | O76: 1 | Q76: 1 | R76: 1 | X76: 1 | AB76: 1 | AC76: 1 | AH76: 1 | AJ76: =SUM(E76:AI76) -> 7
C77: 8. SETIAWATI, S.H. | K77: 1 | L77: 1 | O77: 2 | P77: 1 | Q77: 1 | S77: 2 | AH77: 1 | AJ77: =SUM(E77:AI77) -> 9
C78: 9. EKO BUDI SANTOSO, S.H. | F78: 1 | M78: 1 | O78: 1 | P78: 2 | AB78: 1 | AJ78: =SUM(E78:AI78) -> 6
A79: B | B79: JUMLAH SUARA SAH PARTAI POLITIK DAN CALON (A1 + A2) | E79: =SUM(E69:E78) -> 5 | F79: =SUM(F69:F78) -> 18 | G79: =SUM(G69:G78) -> 11 | H79: =SUM(H69:H78) -> 24 | I79: =SUM(I69:I78) -> 15 | J79: =SUM(J69:J78) -> 14 | K79: =SUM(K69:K78) -> 16 | L79: =SUM(L69:L78) -> 12 | ... AJ79: =SUM(AJ69:AJ78) -> 491
A81: A.1 | B81: 4. | C81: Partai Golongan Karya | E81: 10 | F81: 7 | G81: 1 | H81: 6 | J81: 13 | K81: 6 | L81: 2 | M81: 12 | N81: 5 | O81: 7 | P81: 6 | Q81: 1 | R81: 1 | S81: 5 | T81: 4 | U81: 5 | V81: 4 | W81: 5 | X81: 7 | Y81: 1 | Z81: 6 | AA81: 4 | AB81: 3 | AC81: 1 | AD81: 2 | AE81: 1 | AF81: 3 | AG81: 6 | AH81: 5 | AI81: 2 | AJ81: =SUM(E81:AI81) -> 141
A82: A.2 | C82: 1. PRANAYA YUDHA MAHARDHIKA | E82: 23 | F82: 3 | G82: 2 | H82: 8 | I82: 4 | J82: 13 | K82: 16 | L82: 11 | M82: 9 | N82: 7 | O82: 7 | P82: 32 | Q82: 3 | R82: 1 | S82: 5 | T82: 5 | U82: 4 | V82: 5 | W82: 12 | X82: 12 | Y82: 3 | Z82: 4 | AA82: 5 | AB82: 5 | AC82: 5 | AD82: 5 | AE82: 9 | AF82: 6 | AG82: 8 | AH82: 12 | AI82: 12 | AJ82: =SUM(E82:AI82) -> 256
C83: 2. Dra. Ec. ENDANG SULASTUTY, M.I.P. | F83: 1 | H83: 1 | J83: 3 | K83: 2 | L83: 1 | M83: 4 | N83: 2 | P83: 3 | R83: 1 | S83: 1 | T83: 2 | U83: 1 | V83: 2 | W83: 2 | X83: 2 | AD83: 2 | AE83: 1 | AG83: 2 | AH83: 1 | AI83: 1 | AJ83: =SUM(E83:AI83) -> 35
C84: 3. AGUS REJEKI WARTONO | E84: 1 | G84: 1 | I84: 1 | J84: 1 | L84: 1 | N84: 1 | O84: 1 | Q84: 3 | R84: 1 | S84: 2 | T84: 2 | U84: 1 | W84: 2 | X84: 2 | Z84: 1 | AA84: 1 | AB84: 2 | AF84: 2 | AG84: 3 | AJ84: =SUM(E84:AI84) -> 29
C85: 4. Hj. TUTUK ASMA'A ZUCHROH, S.T., M.T. | E85: 4 | F85: 4 | G85: 2 | H85: 1 | I85: 4 | J85: 7 | L85: 2 | M85: 7 | N85: 4 | O85: 1 | Q85: 4 | R85: 2 | S85: 1 | T85: 5 | V85: 3 | W85: 4 | Z85: 2 | AA85: 3 | AB85: 2 | AC85: 1 | AD85: 2 | AE85: 4 | AF85: 1 | AG85: 2 | AH85: 5 | AI85: 2 | AJ85: =SUM(E85:AI85) -> 79
C86: 5. ADE M. RIZKI, S.E. | F86: 1 | I86: 1 | J86: 1 | N86: 2 | O86: 1 | P86: 2 | Q86: 1 | R86: 1 | S86: 1 | T86: 1 | U86: 2 | V86: 1 | AD86: 2 | AF86: 1 | AG86: 1 | AH86: 1 | AJ86: =SUM(E86:AI86) -> 20
C87: 6. ABDURAKHMAN, Bc.Kn. | E87: 2 | J87: 1 | N87: 1 | R87: 1 | S87: 1 | T87: 1 | AA87: 2 | AE87: 1 | AH87: 1 | AJ87: =SUM(E87:AI87) -> 11
C88: 7. CENDY RHIYAN ADI PUTRI | E88: 1 | G88: 1 | L88: 1 | S88: 1 | U88: 1 | AJ88: =SUM(E88:AI88) -> 5
C89: 8. BAKTI WIJAYANTO, S.E. | S89: 1 | W89: 1 | AH89: 2 | AJ89: =SUM(E89:AI89) -> 4
C90: 9. AHMAD UBAIDILLAH | G90: 1 | H90: 1 | J90: 1 | N90: 1 | S90: 3 | X90: 3 | Z90: 1 | AA90: 2 | AE90: 1 | AG90: 1 | AJ90: =SUM(E90:AI90) -> 15
A91: B | B91: JUMLAH SUARA SAH PARTAI POLITIK DAN CALON (A1 + A2) | E91: =SUM(E81:E90) -> 41 | F91: =SUM(F81:F90) -> 16 | G91: =SUM(G81:G90) -> 8 | H91: =SUM(H81:H90) -> 17 | I91: =SUM(I81:I90) -> 10 | J91: =SUM(J81:J90) -> 40 | K91: =SUM(K81:K90) -> 24 | L91: =SUM(L81:L90) -> 18 | ... AJ91: =SUM(AJ81:AJ90) -> 595
A93: A.1 | B93: 5. | C93: Partai NasDem | E93: 1 | F93: 4 | G93: 0 | H93: 4 | I93: 0 | J93: 1 | K93: 4 | L93: 1 | M93: 1 | N93: 5 | O93: 3 | P93: 1 | Q93: 2 | R93: 4 | S93: 3 | T93: 7 | U93: 0 | V93: 0 | W93: 2 | X93: 2 | Y93: 0 | Z93: 0 | AA93: 0 | AB93: 1 | AC93: 0 | AD93: 1 | AE93: 1 | AF93: 3 | AG93: 5 | AH93: 2 | AI93: 1 | AJ93: =SUM(E93:AI93) -> 59
A94: A.2 | C94: 1. ALI MUSTOFA, A.Md. | E94: 1 | F94: 4 | G94: 1 | H94: 1 | I94: 1 | J94: 1 | K94: 6 | L94: 9 | M94: 4 | N94: 9 | O94: 3 | P94: 2 | Q94: 2 | R94: 12 | S94: 1 | T94: 4 | U94: 2 | V94: 4 | W94: 5 | X94: 0 | Y94: 0 | Z94: 0 | AA94: 1 | AB94: 0 | AC94: 0 | AD94: 0 | AE94: 3 | AF94: 3 | AG94: 8 | AH94: 10 | AJ94: =SUM(E94:AI94) -> 97
C95: 2. Hj. BUAMI, S.H. | E95: 2 | F95: 1 | G95: 1 | H95: 0 | I95: 2 | J95: 1 | K95: 2 | L95: 0 | M95: 1 | N95: 0 | O95: 0 | P95: 1 | Q95: 2 | R95: 2 | S95: 1 | T95: 0 | U95: 0 | V95: 0 | W95: 0 | X95: 0 | Y95: 0 | Z95: 0 | AA95: 0 | AB95: 0 | AC95: 0 | AD95: 0 | AE95: 0 | AF95: 0 | AG95: 0 | AH95: 1 | AI95: 1 | AJ95: =SUM(E95:AI95) -> 18
C96: 3. SUGIONO, S.H. | E96: 1 | F96: 0 | G96: 1 | H96: 0 | I96: 2 | J96: 0 | K96: 1 | L96: 1 | M96: 0 | N96: 2 | O96: 0 | P96: 0 | Q96: 0 | R96: 5 | S96: 0 | T96: 1 | U96: 0 | V96: 0 | W96: 0 | X96: 0 | Y96: 0 | Z96: 0 | AA96: 0 | AB96: 0 | AC96: 0 | AD96: 0 | AE96: 0 | AF96: 0 | AG96: 1 | AH96: 0 | AJ96: =SUM(E96:AI96) -> 15
C97: 4. LULUK SUNARMIATININGSIH | E97: 1 | F97: 1 | G97: 0 | H97: 0 | I97: 1 | J97: 1 | K97: 1 | L97: 1 | M97: 0 | N97: 0 | O97: 2 | P97: 0 | Q97: 0 | R97: 3 | S97: 3 | T97: 1 | U97: 0 | V97: 0 | W97: 1 | X97: 3 | Y97: 0 | Z97: 1 | AA97: 0 | AB97: 0 | AC97: 0 | AD97: 2 | AE97: 3 | AF97: 1 | AG97: 0 | AH97: 1 | AJ97: =SUM(E97:AI97) -> 27
C98: 5. ANTON DJULIANTO ADI | E98: 0 | F98: 0 | G98: 0 | H98: 0 | I98: 1 | J98: 2 | K98: 0 | L98: 2 | M98: 0 | N98: 1 | O98: 0 | P98: 1 | Q98: 0 | R98: 1 | S98: 0 | T98: 1 | U98: 0 | V98: 1 | W98: 0 | X98: 3 | Y98: 0 | Z98: 0 | AA98: 1 | AB98: 1 | AC98: 0 | AD98: 3 | AE98: 0 | AF98: 0 | AG98: 0 | AH98: 0 | AJ98: =SUM(E98:AI98) -> 18
C99: 6. MOKHAMAD ROFI'I KHUSNAN | E99: 0 | F99: 0 | G99: 0 | H99: 0 | I99: 1 | J99: 0 | K99: 1 | L99: 0 | M99: 0 | N99: 0 | O99: 0 | P99: 0 | Q99: 1 | R99: 0 | S99: 0 | T99: 2 | U99: 0 | V99: 0 | W99: 0 | X99: 1 | Y99: 0 | Z99: 0 | AA99: 0 | AB99: 0 | AC99: 0 | AD99: 0 | AE99: 1 | AF99: 0 | AG99: 0 | AH99: 0 | AJ99: =SUM(E99:AI99) -> 7
C100: 7. Rr SETYO WATI | E100: 0 | F100: 0 | G100: 0 | H100: 0 | I100: 1 | J100: 0 | K100: 1 | L100: 1 | M100: 0 | N100: 0 | O100: 0 | P100: 0 | Q100: 0 | R100: 0 | S100: 0 | T100: 1 | U100: 0 | V100: 0 | W100: 0 | X100: 0 | Y100: 0 | Z100: 0 | AA100: 1 | AB100: 0 | AC100: 0 | AD100: 0 | AE100: 0 | AF100: 0 | AG100: 1 | AH100: 0 | AJ100: =SUM(E100:AI100) -> 6
C101: 8. ABD. KADIR ASSEGAFF | E101: 0 | F101: 0 | G101: 0 | H101: 0 | I101: 1 | J101: 0 | K101: 1 | L101: 0 | M101: 0 | N101: 0 | O101: 0 | P101: 0 | Q101: 0 | R101: 0 | S101: 0 | T101: 2 | U101: 1 | V101: 0 | W101: 0 | X101: 0 | Y101: 0 | Z101: 0 | AA101: 0 | AB101: 0 | AC101: 0 | AD101: 0 | AE101: 1 | AF101: 1 | AG101: 2 | AH101: 0 | AJ101: =SUM(E101:AI101) -> 9
C102: 9. FATHOR ZAINULLAH | E102: 0 | F102: 0 | G102: 0 | H102: 0 | I102: 0 | J102: 0 | K102: 2 | L102: 0 | M102: 0 | N102: 0 | O102: 0 | P102: 0 | Q102: 0 | R102: 0 | S102: 0 | T102: 3 | U102: 0 | V102: 0 | W102: 0 | X102: 0 | Y102: 0 | Z102: 0 | AA102: 0 | AB102: 0 | AC102: 0 | AD102: 1 | AE102: 0 | AF102: 0 | AG102: 1 | AH102: 0 | AJ102: =SUM(E102:AI102) -> 7
A103: B | B103: JUMLAH SUARA SAH PARTAI POLITIK DAN CALON (A1 + A2) | E103: =SUM(E93:E102) -> 6 | F103: =SUM(F93:F102) -> 10 | G103: =SUM(G93:G102) -> 3 | H103: =SUM(H93:H102) -> 5 | I103: =SUM(I93:I102) -> 10 | J103: =SUM(J93:J102) -> 6 | K103: =SUM(K93:K102) -> 19 | L103: =SUM(L93:L102) -> 15 | ... AJ103: =SUM(AJ93:AJ102) -> 263
A105: A.1 | B105: 6. | C105: Partai Buruh | K105: 1 | P105: 1 | S105: 2 | U105: 2 | V105: 1 | Z105: 1 | AB105: 1 | AJ105: =SUM(E105:AI105) -> 9
A106: A.2 | C106: 1. AGUS SUPRIYADI | N106: 1 | P106: 1 | R106: 1 | U106: 1 | AF106: 1 | AJ106: =SUM(E106:AI106) -> 5
C107: 2. ENI HARIATI | J107: 1 | Q107: 1 | T107: 2 | U107: 1 | AJ107: =SUM(E107:AI107) -> 5
A115: B | B115: JUMLAH SUARA SAH PARTAI POLITIK DAN CALON (A1 + A2) | E115: =SUM(E105:E114) -> 0 | F115: =SUM(F105:F114) -> 0 | G115: =SUM(G105:G114) -> 0 | H115: =SUM(H105:H114) -> 0 | I115: =SUM(I105:I114) -> 0 | J115: =SUM(J105:J114) -> 1 | K115: =SUM(K105:K114) -> 1 | L115: =SUM(L105:L114) -> 0 | ... AJ115: =SUM(AJ105:AJ114) -> 19
A117: A.1 | B117: 7. | C117: Partai Gelombang Rakyat Indonesia | E117: 2 | F117: 0 | G117: 1 | H117: 4 | I117: 0 | J117: 2 | K117: 2 | L117: 0 | M117: 0 | N117: 4 | O117: 2 | P117: 0 | Q117: 0 | R117: 1 | S117: 0 | T117: 0 | U117: 2 | V117: 1 | W117: 3 | X117: 2 | Y117: 0 | Z117: 3 | AA117: 3 | AB117: 0 | AC117: 0 | AD117: 1 | AE117: 0 | AF117: 0 | AG117: 0 | AH117: 0 | AJ117: =SUM(E117:AI117) -> 33
A118: A.2 | C118: 1. MIRZA MUHROSNI AROMA | E118: 0 | F118: 1 | G118: 0 | H118: 0 | I118: 0 | J118: 0 | K118: 0 | L118: 0 | M118: 1 | N118: 0 | O118: 0 | P118: 0 | Q118: 0 | R118: 2 | S118: 1 | T118: 0 | U118: 0 | V118: 1 | W118: 1 | X118: 0 | Y118: 0 | Z118: 0 | AA118: 0 | AB118: 1 | AC118: 0 | AD118: 0 | AE118: 0 | AF118: 1 | AG118: 0 | AH118: 1 | AI118: 1 | AJ118: =SUM(E118:AI118) -> 11
C119: 2. ACHMAD BAGUS SUGIARTO | E119: 1 | F119: 0 | G119: 0 | H119: 0 | I119: 1 | J119: 0 | K119: 0 | L119: 0 | M119: 0 | N119: 0 | O119: 0 | P119: 0 | Q119: 1 | R119: 0 | S119: 0 | T119: 0 | U119: 0 | V119: 0 | W119: 0 | X119: 0 | Y119: 0 | Z119: 0 | AA119: 0 | AB119: 0 | AC119: 0 | AD119: 0 | AE119: 0 | AF119: 0 | AG119: 0 | AH119: 0 | AI119: 1 | AJ119: =SUM(E119:AI119) -> 4
C120: 3. ELOK FITRIYA NINGSIH | E120: 1 | F120: 0 | G120: 0 | H120: 0 | I120: 0 | J120: 0 | K120: 1 | L120: 0 | M120: 0 | N120: 0 | O120: 1 | P120: 1 | Q120: 0 | R120: 0 | S120: 0 | T120: 0 | U120: 1 | V120: 0 | W120: 0 | X120: 1 | Y120: 0 | Z120: 0 | AA120: 0 | AB120: 0 | AC120: 0 | AD120: 0 | AE120: 0 | AF120: 0 | AG120: 0 | AH120: 0 | AJ120: =SUM(E120:AI120) -> 6
C121: 4. MADI | E121: 0 | F121: 0 | G121: 0 | H121: 0 | I121: 0 | J121: 0 | K121: 0 | L121: 0 | M121: 0 | N121: 0 | O121: 0 | P121: 0 | Q121: 0 | R121: 0 | S121: 0 | T121: 0 | U121: 0 | V121: 0 | W121: 0 | X121: 0 | Y121: 0 | Z121: 0 | AA121: 0 | AB121: 0 | AC121: 0 | AD121: 0 | AE121: 0 | AF121: 1 | AG121: 0 | AH121: 0 | AJ121: =SUM(E121:AI121) -> 1
C122: 5. LUKY PERMANASARI | E122: 0 | F122: 0 | G122: 0 | H122: 0 | I122: 1 | J122: 0 | K122: 0 | L122: 0 | M122: 0 | N122: 0 | O122: 1 | P122: 0 | Q122: 0 | R122: 0 | S122: 0 | T122: 0 | U122: 0 | V122: 0 | W122: 0 | X122: 0 | Y122: 0 | Z122: 0 | AA122: 0 | AB122: 0 | AC122: 0 | AD122: 0 | AE122: 0 | AF122: 0 | AG122: 0 | AH122: 0 | AI122: 1 | AJ122: =SUM(E122:AI122) -> 3
A127: B | B127: JUMLAH SUARA SAH PARTAI POLITIK DAN CALON (A1 + A2) | E127: =SUM(E117:E126) -> 4 | F127: =SUM(F117:F126) -> 1 | G127: =SUM(G117:G126) -> 1 | H127: =SUM(H117:H126) -> 4 | I127: =SUM(I117:I126) -> 2 | J127: =SUM(J117:J126) -> 2 | K127: =SUM(K117:K126) -> 3 | L127: =SUM(L117:L126) -> 0 | ... AJ127: =SUM(AJ117:AJ126) -> 58
A129: A.1 | B129: 8. | C129: Partai Keadilan Sejahtera | E129: 2 | F129: 1 | G129: 0 | H129: 2 | I129: 0 | J129: 1 | K129: 0 | L129: 3 | M129: 2 | N129: 3 | O129: 2 | P129: 3 | Q129: 2 | R129: 1 | S129: 2 | T129: 3 | U129: 2 | V129: 3 | W129: 1 | X129: 1 | Y129: 0 | Z129: 1 | AA129: 2 | AB129: 3 | AC129: 1 | AD129: 1 | AE129: 0 | AF129: 1 | AG129: 1 | AH129: 0 | AI129: 1 | AJ129: =SUM(E129:AI129) -> 45
...

Sheet SUMBERGONDO
C2: Kecamatan | D2: GLENMORE
C3: Kabupaten | D3: BANYUWANGI
C4: Provinsi | D4: JAWA TIMUR
C9: Kelurahan | D9: SUMBERGONDO
A12: I | B12: DATA PEMILIH DAN PENGGUNAAN HAK PILIH | AB12: JUMLAH AKHIR
A13: A | B13: DATA PEMILIH | E13: TPS 001 | F13: TPS 002 | G13: TPS 003 | H13: TPS 004 | I13: TPS 005 | J13: TPS 006 | K13: TPS 007 | L13: TPS 008 | M13: TPS 009 | N13: TPS 010 | O13: TPS 011 | P13: TPS 012 | Q13: TPS 013 | R13: TPS 014 | S13: TPS 015 | T13: TPS 016 | U13: TPS 017 | V13: TPS 018 | W13: TPS 019 | X13: TPS 020 | Y13: TPS 021 | Z13: TPS 022 | AA13: TPS 023
B14: Jumlah Pemilih dalam Daftar Pemilih Tetap (DPT) | D14: LK | E14: 126 | F14: 129 | G14: 134 | H14: 125 | I14: 79 | J14: 90 | K14: 102 | L14: 83 | M14: 154 | N14: 128 | O14: 152 | P14: 134 | Q14: 146 | R14: 144 | S14: 137 | T14: 130 | U14: 143 | V14: 131 | W14: 124 | X14: 143 | Y14: 134 | Z14: 117 | AA14: 86 | AB14: =SUM(E14:AA14) -> 2871
D15: PR | E15: 123 | F15: 119 | G15: 158 | H15: 130 | I15: 81 | J15: 80 | K15: 96 | L15: 86 | M15: 146 | N15: 122 | O15: 141 | P15: 144 | Q15: 133 | R15: 148 | S15: 137 | T15: 143 | U15: 155 | V15: 130 | W15: 144 | X15: 146 | Y15: 124 | Z15: 113 | AA15: 80 | AB15: =SUM(E15:AA15) -> 2879
D16: JML | E16: =SUM(E14:E15) -> 249 | F16: =SUM(F14:F15) -> 248 | G16: =SUM(G14:G15) -> 292 | H16: =SUM(H14:H15) -> 255 | I16: =SUM(I14:I15) -> 160 | J16: =SUM(J14:J15) -> 170 | K16: =SUM(K14:K15) -> 198 | L16: =SUM(L14:L15) -> 169 | ... AA16: =SUM(AA14:AA15) -> 166 | AB16: =SUM(E16:AA16) -> 5750
A18: B | B18: PENGGUNA HAK PILIH
B19: 1. | C19: Jumlah pengguna hak pilih dalam Daftar Pemilih Tetap (DPT) | D19: LK | E19: 81 | F19: 83 | G19: 103 | H19: 97 | I19: 59 | J19: 71 | K19: 74 | L19: 61 | M19: 112 | N19: 98 | O19: 109 | P19: 105 | Q19: 95 | R19: 105 | S19: 88 | T19: 96 | U19: 116 | V19: 90 | W19: 93 | X19: 93 | Y19: 103 | Z19: 63 | AA19: 59 | AB19: =SUM(E19:AA19) -> 2054
D20: PR | E20: 91 | F20: 105 | G20: 131 | H20: 98 | I20: 62 | J20: 63 | K20: 67 | L20: 64 | M20: 117 | N20: 89 | O20: 119 | P20: 109 | Q20: 106 | R20: 117 | S20: 99 | T20: 114 | U20: 124 | V20: 100 | W20: 108 | X20: 126 | Y20: 91 | Z20: 79 | AA20: 61 | AB20: =SUM(E20:AA20) -> 2240
D21: JML | E21: =SUM(E19:E20) -> 172 | F21: =SUM(F19:F20) -> 188 | G21: =SUM(G19:G20) -> 234 | H21: =SUM(H19:H20) -> 195 | I21: =SUM(I19:I20) -> 121 | J21: =SUM(J19:J20) -> 134 | K21: =SUM(K19:K20) -> 141 | L21: =SUM(L19:L20) -> 125 | ... AA21: =SUM(AA19:AA20) -> 120 | AB21: =SUM(E21:AA21) -> 4294
B22: 2. | C22: Jumlah pengguna hak pilih dalam Daftar Pemilih Tambahan (DPTb) | D22: LK | F22: 1 | I22: 2 | AB22: =SUM(E22:AA22) -> 3
D23: PR | I23: 1 | P23: 1 | Q23: 1 | AB23: =SUM(E23:AA23) -> 3
D24: JML | E24: =SUM(E22:E23) -> 0 | F24: =SUM(F22:F23) -> 1 | G24: =SUM(G22:G23) -> 0 | H24: =SUM(H22:H23) -> 0 | I24: =SUM(I22:I23) -> 3 | J24: =SUM(J22:J23) -> 0 | K24: =SUM(K22:K23) -> 0 | L24: =SUM(L22:L23) -> 0 | ... AA24: =SUM(AA22:AA23) -> 0 | AB24: =SUM(E24:AA24) -> 6
B25: 3. | C25: Jumlah pengguna hak pilih dalam Daftar Pemilih Khusus (DPK) | D25: LK | H25: 1 | J25: 1 | P25: 2 | Q25: 2 | V25: 1 | X25: 4 | Y25: 1 | AB25: =SUM(E25:AA25) -> 12
D26: PR | E26: 3 | F26: 1 | G26: 1 | H26: 1 | J26: 3 | K26: 3 | L26: 1 | N26: 1 | P26: 2 | T26: 1 | U26: 1 | V26: 2 | W26: 1 | X26: 3 | Y26: 4 | AA26: 1 | AB26: =SUM(E26:AA26) -> 29
D27: JML | E27: =SUM(E25:E26) -> 3 | F27: =SUM(F25:F26) -> 1 | G27: =SUM(G25:G26) -> 1 | H27: =SUM(H25:H26) -> 2 | I27: =SUM(I25:I26) -> 0 | J27: =SUM(J25:J26) -> 4 | K27: =SUM(K25:K26) -> 3 | L27: =SUM(L25:L26) -> 1 | ... AA27: =SUM(AA25:AA26) -> 1 | AB27: =SUM(E27:AA27) -> 41
B28: 4. | C28: Jumlah Pengguna Hak Pilih (B.1+B.2+B.3) | D28: LK | E28: =SUM(E19,E22,E25) -> 81 | F28: =SUM(F19,F22,F25) -> 84 | G28: =SUM(G19,G22,G25) -> 103 | H28: =SUM(H19,H22,H25) -> 98 | I28: =SUM(I19,I22,I25) -> 61 | J28: =SUM(J19,J22,J25) -> 72 | K28: =SUM(K19,K22,K25) -> 74 | L28: =SUM(L19,L22,L25) -> 61 | ... AA28: =SUM(AA19,AA22,AA25) -> 59 | AB28: =SUM(E28:AA28) -> 2069
D29: PR | E29: =SUM(E20,E23,E26) -> 94 | F29: =SUM(F20,F23,F26) -> 106 | G29: =SUM(G20,G23,G26) -> 132 | H29: =SUM(H20,H23,H26) -> 99 | I29: =SUM(I20,I23,I26) -> 63 | J29: =SUM(J20,J23,J26) -> 66 | K29: =SUM(K20,K23,K26) -> 70 | L29: =SUM(L20,L23,L26) -> 65 | ... AA29: =SUM(AA20,AA23,AA26) -> 62 | AB29: =SUM(E29:AA29) -> 2272
D30: JML | E30: =SUM(E28:E29) -> 175 | F30: =SUM(F28:F29) -> 190 | G30: =SUM(G28:G29) -> 235 | H30: =SUM(H28:H29) -> 197 | I30: =SUM(I28:I29) -> 124 | J30: =SUM(J28:J29) -> 138 | K30: =SUM(K28:K29) -> 144 | L30: =SUM(L28:L29) -> 126 | ... AA30: =SUM(AA28:AA29) -> 121 | AB30: =SUM(E30:AA30) -> 4341
A32: II | B32: DATA PENGGUNAAN SURAT SUARA
A33: 1 | B33: Jumlah surat suara yang diterima, termasuk surat suara cadangan 2,5% dari DPT | E33: 254 | F33: 253 | G33: 298 | H33: 261 | I33: 164 | J33: 174 | K33: 201 | L33: 173 | M33: 306 | N33: 255 | O33: 299 | P33: 284 | Q33: 285 | R33: 298 | S33: 280 | T33: 279 | U33: 305 | V33: 267 | W33: 274 | X33: 294 | Y33: 268 | Z33: 235 | AA33: 170 | AB33: =SUM(E33:AA33) -> 5877
A34: 2 | B34: Jumlah surat suara yang digunakan | E34: 175 | F34: 190 | G34: 235 | H34: 197 | I34: 124 | J34: 138 | K34: 144 | L34: 126 | M34: 229 | N34: 188 | O34: 228 | P34: 219 | Q34: 204 | R34: 222 | S34: 187 | T34: 211 | U34: 241 | V34: 193 | W34: 202 | X34: 226 | Y34: 199 | Z34: 142 | AA34: 121 | AB34: =SUM(E34:AA34) -> 4341
A35: 3 | B35: Jumlah surat suara dikembalikan oleh pemilih (karena rusak atau keliru coblos) | K35: 2 | U35: 1 | V35: 1 | X35: 1 | AB35: =SUM(E35:AA35) -> 5
A36: 4 | B36: Jumlah surat suara yang tidak digunakan/tidak terpakai, termasuk sisa surat suara cadangan | E36: =E33-(E34+E35) -> 79 | F36: =F33-(F34+F35) -> 63 | G36: =G33-(G34+G35) -> 63 | H36: =H33-(H34+H35) -> 64 | I36: =I33-(I34+I35) -> 40 | J36: =J33-(J34+J35) -> 36 | K36: =K33-(K34+K35) -> 55 | L36: =L33-(L34+L35) -> 47 | ... AA36: =AA33-(AA34+AA35) -> 49 | AB36: =SUM(E36:AA36) -> 1531
A38: III | B38: DATA PEMILIH DISABILITAS
B39: Jumlah seluruh Pemilih disabilitas yang menggunakan hak pilih | D39: LK | J39: 1 | V39: 1 | AB39: =SUM(E39:AA39) -> 2
D40: PR | AB40: =SUM(E40:AA40) -> 0
D41: JML | E41: =SUM(E39:E40) -> 0 | F41: =SUM(F39:F40) -> 0 | G41: =SUM(G39:G40) -> 0 | H41: =SUM(H39:H40) -> 0 | I41: =SUM(I39:I40) -> 0 | J41: =SUM(J39:J40) -> 1 | K41: =SUM(K39:K40) -> 0 | L41: =SUM(L39:L40) -> 0 | ... AA41: =SUM(AA39:AA40) -> 0 | AB41: =SUM(E41:AA41) -> 2
A43: IV | B43: DATA RINCIAN PEROLEHAN SUARA PASANGAN CALON BUPATI DAN WAKIL BUPATI
A44: NOMOR DAN NAMA CALON
A45: A.1 | B45: 1. | C45: Partai Kebangkitan Bangsa | E45: 8 | F45: 10 | G45: 6 | H45: 6 | I45: 0 | J45: 1 | K45: 6 | L45: 4 | M45: 3 | N45: 1 | O45: 8 | P45: 10 | Q45: 7 | R45: 1 | S45: 12 | T45: 7 | U45: 5 | V45: 15 | W45: 2 | X45: 9 | Y45: 7 | Z45: 4 | AA45: 2 | AB45: =SUM(E45:AA45) -> 134
A46: A.2 | C46: 1. Dra. Hj. MA`MULAH HARUN, M.Pd.I. | E46: 11 | F46: 38 | G46: 81 | H46: 32 | I46: 5 | J46: 4 | K46: 22 | L46: 6 | M46: 6 | N46: 3 | O46: 14 | P46: 18 | Q46: 11 | R46: 9 | S46: 14 | T46: 14 | U46: 13 | V46: 14 | W46: 15 | X46: 38 | Y46: 15 | Z46: 2 | AA46: 5 | AB46: =SUM(E46:AA46) -> 390
C47: 2. UBAIDILLAH, S.Fil.I. | E47: 3 | F47: 2 | G47: 9 | H47: 5 | I47: 1 | J47: 0 | K47: 3 | L47: 4 | M47: 2 | N47: 0 | O47: 6 | P47: 10 | Q47: 11 | R47: 36 | S47: 17 | T47: 60 | U47: 20 | V47: 46 | W47: 20 | X47: 37 | Y47: 69 | Z47: 10 | AA47: 13 | AB47: =SUM(E47:AA47) -> 384
C48: 3. Ir. H. YOYOK MULYADI, M.Si. | E48: 2 | F48: 0 | G48: 1 | H48: 0 | I48: 0 | J48: 0 | K48: 2 | L48: 0 | M48: 0 | N48: 0 | O48: 2 | P48: 2 | Q48: 2 | R48: 1 | S48: 7 | T48: 1 | U48: 1 | V48: 0 | W48: 2 | X48: 0 | Y48: 1 | Z48: 1 | AA48: 1 | AB48: =SUM(E48:AA48) -> 26
C49: 4. KHOIRUL ANWAR, S.Fil.I. | E49: 2 | F49: 1 | G49: 1 | H49: 3 | I49: 1 | J49: 0 | K49: 1 | L49: 0 | M49: 2 | N49: 0 | O49: 2 | P49: 1 | Q49: 2 | R49: 0 | S49: 0 | T49: 1 | U49: 0 | V49: 0 | W49: 1 | X49: 1 | Y49: 1 | Z49: 0 | AA49: 1 | AB49: =SUM(E49:AA49) -> 21
C50: 5. ARIF WIJAKSANA | E50: 0 | F50: 2 | G50: 7 | H50: 1 | I50: 0 | J50: 0 | K50: 0 | L50: 0 | M50: 0 | N50: 0 | O50: 0 | P50: 1 | Q50: 0 | R50: 0 | S50: 0 | T50: 0 | U50: 0 | V50: 1 | W50: 2 | X50: 0 | Y50: 0 | Z50: 1 | AA50: 0 | AB50: =SUM(E50:AA50) -> 15
C51: 6. Dr. SITI YUMNAH | E51: 0 | F51: 0 | G51: 2 | H51: 3 | I51: 0 | J51: 0 | K51: 2 | L51: 0 | M51: 0 | N51: 0 | O51: 0 | P51: 0 | Q51: 0 | R51: 0 | S51: 1 | T51: 1 | U51: 1 | V51: 0 | W51: 0 | X51: 0 | Y51: 0 | Z51: 0 | AA51: 0 | AB51: =SUM(E51:AA51) -> 10
C52: 7. MOHAMMAD ZAINI, M.Pd.I. | E52: 1 | F52: 1 | G52: 0 | H52: 0 | I52: 0 | J52: 0 | K52: 0 | L52: 0 | M52: 0 | N52: 0 | O52: 0 | P52: 1 | Q52: 1 | R52: 0 | S52: 1 | T52: 0 | U52: 1 | V52: 0 | W52: 1 | X52: 3 | Y52: 0 | Z52: 1 | AA52: 0 | AB52: =SUM(E52:AA52) -> 11
C53: 8. FAWAIDUL MAKKIYAH | E53: 0 | F53: 0 | G53: 0 | H53: 0 | I53: 0 | J53: 0 | K53: 0 | L53: 0 | M53: 0 | N53: 0 | O53: 0 | P53: 0 | Q53: 0 | R53: 0 | S53: 0 | T53: 0 | U53: 0 | V53: 0 | W53: 0 | X53: 0 | Y53: 0 | Z53: 0 | AA53: 0 | AB53: =SUM(E53:AA53) -> 0
C54: 9. IFFAH HIDAYATUR ROHMAH, S.Sos. | E54: 0 | F54: 0 | G54: 1 | H54: 0 | I54: 0 | J54: 0 | K54: 1 | L54: 1 | M54: 0 | N54: 1 | O54: 0 | P54: 0 | Q54: 0 | R54: 0 | S54: 0 | T54: 0 | U54: 1 | V54: 0 | W54: 0 | X54: 0 | Y54: 0 | Z54: 0 | AA54: 0 | AB54: =SUM(E54:AA54) -> 5
A55: B | B55: JUMLAH SUARA SAH PARTAI POLITIK DAN CALON (A1 + A2) | E55: =SUM(E45:E54) -> 27 | F55: =SUM(F45:F54) -> 54 | G55: =SUM(G45:G54) -> 108 | H55: =SUM(H45:H54) -> 50 | I55: =SUM(I45:I54) -> 7 | J55: =SUM(J45:J54) -> 5 | K55: =SUM(K45:K54) -> 37 | L55: =SUM(L45:L54) -> 15 | ... AB55: =SUM(AB45:AB54) -> 996
A57: A.1 | B57: 2. | C57: Partai Gerakan Indonesia Raya | E57: 10 | F57: 6 | G57: 10 | H57: 15 | I57: 3 | J57: 3 | K57: 3 | L57: 4 | M57: 6 | N57: 2 | O57: 4 | P57: 9 | Q57: 12 | R57: 3 | S57: 10 | T57: 12 | U57: 13 | V57: 10 | W57: 8 | X57: 10 | Y57: 7 | Z57: 4 | AA57: 4 | AB57: =SUM(E57:AA57) -> 168
A58: A.2 | C58: 1. AHMAD HADINUDDIN, S.Pd.I. | E58: 7 | F58: 5 | G58: 8 | H58: 13 | I58: 1 | J58: 5 | K58: 38 | L58: 13 | M58: 11 | N58: 3 | O58: 14 | P58: 10 | Q58: 6 | R58: 6 | S58: 3 | T58: 7 | U58: 11 | V58: 6 | W58: 6 | X58: 12 | Y58: 6 | Z58: 5 | AA58: 3 | AB58: =SUM(E58:AA58) -> 199
C59: 2. BIMA RAFSANJANI RAFID | E59: 7 | F59: 2 | G59: 1 | H59: 6 | I59: 1 | J59: 0 | K59: 1 | L59: 3 | M59: 2 | N59: 2 | O59: 7 | P59: 0 | Q59: 7 | R59: 5 | S59: 8 | T59: 3 | U59: 17 | V59: 6 | W59: 2 | X59: 13 | Y59: 2 | Z59: 4 | AA59: 3 | AB59: =SUM(E59:AA59) -> 102
C60: 3. IRA DAMAYANTI | E60: 1 | F60: 0 | G60: 2 | H60: 3 | I60: 0 | J60: 2 | K60: 1 | L60: 1 | M60: 3 | N60: 0 | O60: 3 | P60: 2 | Q60: 2 | R60: 0 | S60: 1 | T60: 1 | U60: 2 | V60: 2 | W60: 1 | X60: 0 | Y60: 0 | Z60: 1 | AA60: 1 | AB60: =SUM(E60:AA60) -> 29
C61: 4. MAULANA MALIK IBRAHIM, S.H. | E61: 6 | F61: 13 | G61: 22 | H61: 5 | I61: 1 | J61: 3 | K61: 0 | L61: 1 | M61: 3 | N61: 0 | O61: 2 | P61: 0 | Q61: 0 | R61: 7 | S61: 1 | T61: 1 | U61: 5 | V61: 4 | W61: 4 | X61: 7 | Y61: 2 | Z61: 1 | AA61: 1 | AB61: =SUM(E61:AA61) -> 89
C62: 5. LULUK ALFIATI | E62: 0 | F62: 0 | G62: 3 | H62: 0 | I62: 1 | J62: 1 | K62: 1 | L62: 1 | M62: 2 | N62: 0 | O62: 1 | P62: 1 | Q62: 3 | R62: 1 | S62: 0 | T62: 1 | U62: 2 | V62: 0 | W62: 0 | X62: 1 | Y62: 0 | Z62: 0 | AA62: 0 | AB62: =SUM(E62:AA62) -> 19
C63: 6. ILHAM WAHYUDI, S.H. | E63: 1 | F63: 0 | G63: 0 | H63: 0 | I63: 0 | J63: 0 | K63: 0 | L63: 0 | M63: 0 | N63: 0 | O63: 0 | P63: 0 | Q63: 2 | R63: 0 | S63: 0 | T63: 2 | U63: 1 | V63: 0 | W63: 0 | X63: 0 | Y63: 0 | Z63: 0 | AA63: 0 | AB63: =SUM(E63:AA63) -> 6
C64: 7. HAERUL ANWAR, S.Pd.I. | E64: 0 | F64: 0 | G64: 1 | H64: 0 | I64: 0 | J64: 0 | K64: 0 | L64: 2 | M64: 0 | N64: 0 | O64: 0 | P64: 0 | Q64: 0 | R64: 0 | S64: 2 | T64: 0 | U64: 2 | V64: 0 | W64: 0 | X64: 0 | Y64: 0 | Z64: 0 | AA64: 0 | AB64: =SUM(E64:AA64) -> 7
C65: 8. YOVI ADHITYA WARDANI | E65: 0 | F65: 0 | G65: 0 | H65: 1 | I65: 1 | J65: 0 | K65: 0 | L65: 0 | M65: 0 | N65: 0 | O65: 0 | P65: 0 | Q65: 0 | R65: 0 | S65: 0 | T65: 1 | U65: 0 | V65: 1 | W65: 0 | X65: 0 | Y65: 0 | Z65: 1 | AA65: 0 | AB65: =SUM(E65:AA65) -> 5
C66: 9. RITA AMELIA | E66: 0 | F66: 0 | G66: 2 | H66: 1 | I66: 0 | J66: 0 | K66: 1 | L66: 1 | M66: 0 | N66: 0 | O66: 0 | P66: 2 | Q66: 0 | R66: 0 | S66: 1 | T66: 0 | U66: 0 | V66: 0 | W66: 0 | X66: 2 | Y66: 0 | Z66: 1 | AA66: 0 | AB66: =SUM(E66:AA66) -> 11
A67: B | B67: JUMLAH SUARA SAH PARTAI POLITIK DAN CALON (A1 + A2) | E67: =SUM(E57:E66) -> 32 | F67: =SUM(F57:F66) -> 26 | G67: =SUM(G57:G66) -> 49 | H67: =SUM(H57:H66) -> 44 | I67: =SUM(I57:I66) -> 8 | J67: =SUM(J57:J66) -> 14 | K67: =SUM(K57:K66) -> 45 | L67: =SUM(L57:L66) -> 26 | ... AB67: =SUM(AB57:AB66) -> 635
A69: A.1 | B69: 3. | C69: Partai Demokrasi Indonesia Perjuangan | E69: 11 | F69: 18 | G69: 6 | H69: 8 | I69: 7 | J69: 7 | K69: 1 | L69: 13 | M69: 18 | N69: 6 | O69: 16 | P69: 16 | Q69: 7 | R69: 2 | S69: 14 | T69: 12 | U69: 16 | V69: 4 | W69: 12 | X69: 7 | Y69: 10 | Z69: 12 | AA69: 8 | AB69: =SUM(E69:AA69) -> 231
A70: A.2 | C70: 1. MARTIN H., S.H., M.H. | E70: 5 | F70: 6 | G70: 6 | H70: 10 | I70: 4 | J70: 13 | K70: 0 | L70: 6 | M70: 17 | N70: 12 | O70: 7 | P70: 17 | Q70: 8 | R70: 3 | S70: 5 | T70: 6 | U70: 10 | V70: 7 | W70: 11 | X70: 5 | Y70: 7 | Z70: 4 | AA70: 6 | AB70: =SUM(E70:AA70) -> 175
C71: 2. HERMANTO, S.E. | E71: 7 | F71: 5 | G71: 3 | H71: 4 | I71: 2 | J71: 5 | K71: 4 | L71: 4 | M71: 8 | N71: 4 | O71: 5 | P71: 4 | Q71: 2 | R71: 1 | S71: 8 | T71: 8 | U71: 2 | V71: 2 | W71: 4 | X71: 2 | Y71: 1 | Z71: 1 | AA71: 1 | AB71: =SUM(E71:AA71) -> 87
C72: 3. EVY SUSILAWATI, S.E., M.M. | E72: 5 | F72: 2 | G72: 3 | H72: 6 | I72: 0 | J72: 2 | K72: 2 | L72: 1 | M72: 2 | N72: 1 | O72: 5 | P72: 3 | Q72: 1 | R72: 0 | S72: 9 | T72: 4 | U72: 3 | V72: 1 | W72: 1 | X72: 1 | Y72: 1 | Z72: 2 | AA72: 0 | AB72: =SUM(E72:AA72) -> 55
C73: 4. M. SIROTTUDIN | E73: 1 | F73: 0 | G73: 6 | H73: 2 | I73: 0 | J73: 1 | K73: 0 | L73: 1 | M73: 0 | N73: 2 | O73: 1 | P73: 1 | Q73: 2 | R73: 2 | S73: 1 | T73: 2 | U73: 4 | V73: 0 | W73: 7 | X73: 7 | Y73: 0 | Z73: 0 | AA73: 0 | AB73: =SUM(E73:AA73) -> 40
C74: 5. ABDUL HAFID, S.H. | E74: 1 | F74: 0 | G74: 2 | H74: 1 | I74: 0 | J74: 2 | K74: 0 | L74: 1 | M74: 0 | N74: 1 | O74: 0 | P74: 0 | Q74: 0 | R74: 1 | S74: 1 | T74: 1 | U74: 3 | V74: 1 | W74: 2 | X74: 0 | Y74: 1 | Z74: 0 | AA74: 1 | AB74: =SUM(E74:AA74) -> 19
C75: 6. NIKITA FORTUNA SURYANINGATI, A.Md.Keb. | E75: 2 | F75: 0 | G75: 0 | H75: 0 | I75: 0 | J75: 2 | K75: 0 | L75: 1 | M75: 1 | N75: 0 | O75: 0 | P75: 3 | Q75: 0 | R75: 0 | S75: 3 | T75: 0 | U75: 4 | V75: 0 | W75: 2 | X75: 0 | Y75: 0 | Z75: 0 | AA75: 0 | AB75: =SUM(E75:AA75) -> 18
C76: 7. YUDHO ILHAM WIJAYA, S.E. | E76: 1 | F76: 0 | G76: 1 | H76: 0 | I76: 1 | J76: 0 | K76: 0 | L76: 0 | M76: 1 | N76: 0 | O76: 0 | P76: 1 | Q76: 0 | R76: 0 | S76: 0 | T76: 0 | U76: 0 | V76: 0 | W76: 1 | X76: 0 | Y76: 1 | Z76: 0 | AA76: 1 | AB76: =SUM(E76:AA76) -> 8
C77: 8. SETIAWATI, S.H. | E77: 1 | F77: 1 | G77: 1 | H77: 1 | I77: 0 | J77: 0 | K77: 0 | L77: 0 | M77: 0 | N77: 0 | O77: 0 | P77: 0 | Q77: 0 | R77: 0 | S77: 0 | T77: 0 | U77: 0 | V77: 0 | W77: 1 | X77: 1 | Y77: 0 | Z77: 1 | AA77: 0 | AB77: =SUM(E77:AA77) -> 7
C78: 9. EKO BUDI SANTOSO, S.H. | E78: 6 | F78: 3 | G78: 1 | H78: 2 | I78: 2 | J78: 2 | K78: 1 | L78: 0 | M78: 5 | N78: 0 | O78: 0 | P78: 5 | Q78: 2 | R78: 0 | S78: 3 | T78: 2 | U78: 1 | V78: 3 | W78: 0 | X78: 1 | Y78: 0 | Z78: 2 | AA78: 1 | AB78: =SUM(E78:AA78) -> 42
A79: B | B79: JUMLAH SUARA SAH PARTAI POLITIK DAN CALON (A1 + A2) | E79: =SUM(E69:E78) -> 40 | F79: =SUM(F69:F78) -> 35 | G79: =SUM(G69:G78) -> 29 | H79: =SUM(H69:H78) -> 34 | I79: =SUM(I69:I78) -> 16 | J79: =SUM(J69:J78) -> 34 | K79: =SUM(K69:K78) -> 8 | L79: =SUM(L69:L78) -> 27 | ... AB79: =SUM(AB69:AB78) -> 682
A81: A.1 | B81: 4. | C81: Partai Golongan Karya | E81: 3 | F81: 2 | G81: 2 | H81: 4 | I81: 3 | J81: 3 | K81: 5 | L81: 4 | M81: 2 | N81: 9 | O81: 19 | P81: 8 | Q81: 17 | R81: 24 | S81: 6 | T81: 4 | U81: 8 | V81: 2 | W81: 3 | X81: 0 | Y81: 1 | Z81: 28 | AA81: 2 | AB81: =SUM(E81:AA81) -> 159
A82: A.2 | C82: 1. PRANAYA YUDHA MAHARDHIKA | E82: 6 | F82: 6 | G82: 3 | H82: 9 | I82: 2 | J82: 2 | K82: 7 | L82: 13 | M82: 22 | N82: 51 | O82: 55 | P82: 26 | Q82: 35 | R82: 58 | S82: 7 | T82: 9 | U82: 18 | V82: 15 | W82: 10 | X82: 15 | Y82: 6 | Z82: 14 | AA82: 27 | AB82: =SUM(E82:AA82) -> 416
C83: 2. Dra. Ec. ENDANG SULASTUTY, M.I.P. | E83: 2 | F83: 1 | G83: 0 | H83: 0 | I83: 0 | J83: 4 | K83: 2 | L83: 4 | M83: 5 | N83: 6 | O83: 4 | P83: 2 | Q83: 6 | R83: 0 | S83: 1 | T83: 0 | U83: 1 | V83: 1 | W83: 4 | X83: 1 | Y83: 0 | Z83: 0 | AA83: 0 | AB83: =SUM(E83:AA83) -> 44
C84: 3. AGUS REJEKI WARTONO | E84: 1 | F84: 0 | G84: 1 | H84: 2 | I84: 1 | J84: 0 | K84: 1 | L84: 0 | M84: 0 | N84: 0 | O84: 0 | P84: 0 | Q84: 1 | R84: 1 | S84: 1 | T84: 0 | U84: 0 | V84: 2 | W84: 0 | X84: 1 | Y84: 1 | Z84: 1 | AA84: 1 | AB84: =SUM(E84:AA84) -> 15
C85: 4. Hj. TUTUK ASMA'A ZUCHROH, S.T., M.T. | E85: 1 | F85: 0 | G85: 0 | H85: 1 | I85: 1 | J85: 2 | K85: 1 | L85: 1 | M85: 1 | N85: 1 | O85: 2 | P85: 0 | Q85: 2 | R85: 1 | S85: 3 | T85: 1 | U85: 2 | V85: 0 | W85: 1 | X85: 0 | Y85: 1 | Z85: 0 | AA85: 0 | AB85: =SUM(E85:AA85) -> 22
C86: 5. ADE M. RIZKI, S.E. | E86: 0 | F86: 0 | G86: 1 | H86: 1 | I86: 1 | J86: 0 | K86: 1 | L86: 0 | M86: 0 | N86: 0 | O86: 3 | P86: 0 | Q86: 0 | R86: 0 | S86: 1 | T86: 1 | U86: 0 | V86: 1 | W86: 5 | X86: 0 | Y86: 1 | Z86: 0 | AA86: 0 | AB86: =SUM(E86:AA86) -> 16
C87: 6. ABDURAKHMAN, Bc.Kn. | E87: 0 | F87: 0 | G87: 0 | H87: 1 | I87: 0 | J87: 0 | K87: 1 | L87: 0 | M87: 1 | N87: 0 | O87: 0 | P87: 0 | Q87: 0 | R87: 1 | S87: 0 | T87: 0 | U87: 0 | V87: 0 | W87: 0 | X87: 0 | Y87: 0 | Z87: 0 | AA87: 1 | AB87: =SUM(E87:AA87) -> 5
C88: 7. CENDY RHIYAN ADI PUTRI | E88: 0 | F88: 0 | G88: 0 | H88: 1 | I88: 0 | J88: 0 | K88: 0 | L88: 0 | M88: 0 | N88: 0 | O88: 2 | P88: 0 | Q88: 0 | R88: 0 | S88: 0 | T88: 0 | U88: 1 | V88: 0 | W88: 0 | X88: 0 | Y88: 0 | Z88: 0 | AA88: 0 | AB88: =SUM(E88:AA88) -> 4
C89: 8. BAKTI WIJAYANTO, S.E. | E89: 0 | F89: 0 | G89: 0 | H89: 0 | I89: 0 | J89: 0 | K89: 0 | L89: 0 | M89: 0 | N89: 0 | O89: 0 | P89: 0 | Q89: 0 | R89: 0 | S89: 0 | T89: 0 | U89: 1 | V89: 0 | W89: 0 | X89: 0 | Y89: 0 | Z89: 0 | AA89: 0 | AB89: =SUM(E89:AA89) -> 1
C90: 9. AHMAD UBAIDILLAH | E90: 0 | F90: 0 | G90: 0 | H90: 1 | I90: 0 | J90: 0 | K90: 0 | L90: 0 | M90: 0 | N90: 0 | O90: 1 | P90: 0 | Q90: 0 | R90: 0 | S90: 0 | T90: 0 | U90: 0 | V90: 0 | W90: 0 | X90: 1 | Y90: 0 | Z90: 0 | AA90: 0 | AB90: =SUM(E90:AA90) -> 3
A91: B | B91: JUMLAH SUARA SAH PARTAI POLITIK DAN CALON (A1 + A2) | E91: =SUM(E81:E90) -> 13 | F91: =SUM(F81:F90) -> 9 | G91: =SUM(G81:G90) -> 7 | H91: =SUM(H81:H90) -> 20 | I91: =SUM(I81:I90) -> 8 | J91: =SUM(J81:J90) -> 11 | K91: =SUM(K81:K90) -> 18 | L91: =SUM(L81:L90) -> 22 | ... AB91: =SUM(AB81:AB90) -> 685
A93: A.1 | B93: 5. | C93: Partai NasDem | E93: 0 | F93: 1 | G93: 1 | H93: 0 | I93: 0 | J93: 0 | K93: 0 | L93: 2 | M93: 1 | N93: 0 | O93: 2 | P93: 0 | Q93: 0 | R93: 0 | S93: 0 | T93: 0 | U93: 1 | V93: 1 | W93: 0 | X93: 1 | Y93: 0 | Z93: 3 | AA93: 2 | AB93: =SUM(E93:AA93) -> 15
A94: A.2 | C94: 1. ALI MUSTOFA, A.Md. | E94: 0 | F94: 1 | G94: 0 | H94: 0 | I94: 0 | J94: 1 | K94: 1 | L94: 2 | M94: 0 | N94: 0 | O94: 4 | P94: 2 | Q94: 0 | R94: 0 | S94: 0 | T94: 2 | U94: 0 | V94: 0 | W94: 2 | X94: 1 | Y94: 0 | Z94: 0 | AA94: 0 | AB94: =SUM(E94:AA94) -> 16
C95: 2. Hj. BUAMI, S.H. | E95: 1 | F95: 0 | G95: 0 | H95: 0 | I95: 1 | J95: 0 | K95: 1 | L95: 2 | M95: 0 | N95: 0 | O95: 5 | P95: 2 | Q95: 0 | R95: 0 | S95: 1 | T95: 0 | U95: 0 | V95: 2 | W95: 0 | X95: 0 | Y95: 0 | Z95: 0 | AA95: 0 | AB95: =SUM(E95:AA95) -> 15
C96: 3. SUGIONO, S.H. | E96: 0 | F96: 0 | G96: 0 | H96: 0 | I96: 0 | J96: 1 | K96: 0 | L96: 0 | M96: 0 | N96: 0 | O96: 1 | P96: 0 | Q96: 0 | R96: 0 | S96: 0 | T96: 0 | U96: 0 | V96: 0 | W96: 0 | X96: 0 | Y96: 0 | Z96: 0 | AA96: 0 | AB96: =SUM(E96:AA96) -> 2
C97: 4. LULUK SUNARMIATININGSIH | E97: 0 | F97: 1 | G97: 0 | H97: 0 | I97: 0 | J97: 0 | K97: 0 | L97: 0 | M97: 0 | N97: 0 | O97: 1 | P97: 0 | Q97: 0 | R97: 0 | S97: 0 | T97: 1 | U97: 0 | V97: 0 | W97: 0 | X97: 0 | Y97: 1 | Z97: 0 | AA97: 0 | AB97: =SUM(E97:AA97) -> 4
C98: 5. ANTON DJULIANTO ADI | E98: 0 | F98: 0 | G98: 0 | H98: 0 | I98: 0 | J98: 0 | K98: 1 | L98: 1 | M98: 0 | N98: 0 | O98: 0 | P98: 0 | Q98: 0 | R98: 0 | S98: 0 | T98: 0 | U98: 0 | V98: 0 | W98: 0 | X98: 0 | Y98: 0 | Z98: 0 | AA98: 0 | AB98: =SUM(E98:AA98) -> 2
C99: 6. MOKHAMAD ROFI'I KHUSNAN | E99: 0 | F99: 0 | G99: 0 | H99: 0 | I99: 0 | J99: 0 | K99: 0 | L99: 0 | M99: 0 | N99: 0 | O99: 0 | P99: 1 | Q99: 0 | R99: 0 | S99: 0 | T99: 0 | U99: 0 | V99: 0 | W99: 0 | X99: 0 | Y99: 0 | Z99: 0 | AA99: 0 | AB99: =SUM(E99:AA99) -> 1
C100: 7. Rr SETYO WATI | E100: 1 | F100: 0 | G100: 0 | H100: 1 | I100: 0 | J100: 0 | K100: 0 | L100: 0 | M100: 0 | N100: 0 | O100: 0 | P100: 0 | Q100: 1 | R100: 0 | S100: 0 | T100: 0 | U100: 0 | V100: 0 | W100: 0 | X100: 0 | Y100: 0 | Z100: 0 | AA100: 0 | AB100: =SUM(E100:AA100) -> 3
C101: 8. ABD. KADIR ASSEGAFF | E101: 0 | F101: 0 | G101: 0 | H101: 1 | I101: 0 | J101: 0 | K101: 0 | L101: 0 | M101: 0 | N101: 0 | O101: 0 | P101: 0 | Q101: 0 | R101: 0 | S101: 0 | T101: 0 | U101: 0 | V101: 0 | W101: 0 | X101: 0 | Y101: 0 | Z101: 0 | AA101: 0 | AB101: =SUM(E101:AA101) -> 1
C102: 9. FATHOR ZAINULLAH | E102: 0 | F102: 0 | G102: 0 | H102: 0 | I102: 0 | J102: 0 | K102: 0 | L102: 0 | M102: 0 | N102: 0 | O102: 1 | P102: 0 | Q102: 0 | R102: 0 | S102: 0 | T102: 0 | U102: 0 | V102: 0 | W102: 0 | X102: 0 | Y102: 0 | Z102: 0 | AA102: 0 | AB102: =SUM(E102:AA102) -> 1
A103: B | B103: JUMLAH SUARA SAH PARTAI POLITIK DAN CALON (A1 + A2) | E103: =SUM(E93:E102) -> 2 | F103: =SUM(F93:F102) -> 3 | G103: =SUM(G93:G102) -> 1 | H103: =SUM(H93:H102) -> 2 | I103: =SUM(I93:I102) -> 1 | J103: =SUM(J93:J102) -> 2 | K103: =SUM(K93:K102) -> 3 | L103: =SUM(L93:L102) -> 7 | ... AB103: =SUM(AB93:AB102) -> 60
A105: A.1 | B105: 6. | C105: Partai Buruh | E105: 0 | F105: 1 | G105: 0 | H105: 0 | I105: 0 | J105: 0 | K105: 1 | L105: 0 | M105: 0 | N105: 0 | O105: 0 | P105: 0 | Q105: 0 | R105: 0 | S105: 0 | T105: 0 | U105: 0 | V105: 0 | W105: 0 | X105: 0 | Y105: 0 | Z105: 0 | AA105: 0 | AB105: =SUM(E105:AA105) -> 2
A106: A.2 | C106: 1. AGUS SUPRIYADI | E106: 0 | F106: 0 | G106: 0 | H106: 0 | I106: 0 | J106: 0 | K106: 0 | L106: 0 | M106: 0 | N106: 0 | O106: 0 | P106: 0 | Q106: 0 | R106: 0 | S106: 0 | T106: 0 | U106: 1 | V106: 1 | W106: 0 | X106: 0 | Y106: 0 | Z106: 0 | AA106: 0 | AB106: =SUM(E106:AA106) -> 2
C107: 2. ENI HARIATI | E107: 0 | F107: 0 | G107: 0 | H107: 1 | I107: 0 | J107: 0 | K107: 1 | L107: 0 | M107: 0 | N107: 0 | O107: 1 | P107: 1 | Q107: 0 | R107: 0 | S107: 0 | T107: 0 | U107: 0 | V107: 0 | W107: 0 | X107: 0 | Y107: 0 | Z107: 0 | AA107: 0 | AB107: =SUM(E107:AA107) -> 4
A115: B | B115: JUMLAH SUARA SAH PARTAI POLITIK DAN CALON (A1 + A2) | E115: =SUM(E105:E114) -> 0 | F115: =SUM(F105:F114) -> 1 | G115: =SUM(G105:G114) -> 0 | H115: =SUM(H105:H114) -> 1 | I115: =SUM(I105:I114) -> 0 | J115: =SUM(J105:J114) -> 0 | K115: =SUM(K105:K114) -> 2 | L115: =SUM(L105:L114) -> 0 | ... AB115: =SUM(AB105:AB114) -> 8
A117: A.1 | B117: 7. | C117: Partai Gelombang Rakyat Indonesia | E117: 1 | F117: 0 | G117: 0 | H117: 1 | I117: 0 | J117: 0 | K117: 2 | L117: 0 | M117: 1 | N117: 0 | O117: 2 | P117: 1 | Q117: 0 | R117: 0 | S117: 0 | T117: 0 | U117: 0 | V117: 1 | W117: 0 | X117: 0 | Y117: 0 | Z117: 0 | AA117: 0 | AB117: =SUM(E117:AA117) -> 9
A118: A.2 | C118: 1. MIRZA MUHROSNI AROMA | E118: 0 | F118: 0 | G118: 0 | H118: 0 | I118: 0 | J118: 0 | K118: 0 | L118: 0 | M118: 0 | N118: 0 | O118: 0 | P118: 0 | Q118: 0 | R118: 0 | S118: 0 | T118: 1 | U118: 0 | V118: 0 | W118: 0 | X118: 0 | Y118: 0 | Z118: 1 | AA118: 1 | AB118: =SUM(E118:AA118) -> 3
C119: 2. ACHMAD BAGUS SUGIARTO | E119: 0 | F119: 0 | G119: 0 | H119: 0 | I119: 0 | J119: 0 | K119: 0 | L119: 0 | M119: 0 | N119: 0 | O119: 0 | P119: 0 | Q119: 0 | R119: 0 | S119: 0 | T119: 0 | U119: 0 | V119: 0 | W119: 0 | X119: 0 | Y119: 0 | Z119: 0 | AA119: 0 | AB119: =SUM(E119:AA119) -> 0
C120: 3. ELOK FITRIYA NINGSIH | E120: 0 | F120: 0 | G120: 0 | H120: 0 | I120: 0 | J120: 0 | K120: 0 | L120: 0 | M120: 0 | N120: 0 | O120: 1 | P120: 1 | Q120: 0 | R120: 0 | S120: 0 | T120: 0 | U120: 0 | V120: 0 | W120: 0 | X120: 1 | Y120: 0 | Z120: 0 | AA120: 0 | AB120: =SUM(E120:AA120) -> 3
C121: 4. MADI | E121: 1 | F121: 0 | G121: 0 | H121: 0 | I121: 0 | J121: 0 | K121: 0 | L121: 0 | M121: 0 | N121: 0 | O121: 0 | P121: 0 | Q121: 0 | R121: 0 | S121: 0 | T121: 0 | U121: 0 | V121: 0 | W121: 0 | X121: 0 | Y121: 0 | Z121: 0 | AA121: 0 | AB121: =SUM(E121:AA121) -> 1
C122: 5. LUKY PERMANASARI | E122: 0 | F122: 0 | G122: 0 | H122: 0 | I122: 0 | J122: 0 | K122: 0 | L122: 0 | M122: 0 | N122: 0 | O122: 0 | P122: 0 | Q122: 0 | R122: 0 | S122: 0 | T122: 0 | U122: 0 | V122: 0 | W122: 0 | X122: 1 | Y122: 0 | Z122: 0 | AA122: 0 | AB122: =SUM(E122:AA122) -> 1
A127: B | B127: JUMLAH SUARA SAH PARTAI POLITIK DAN CALON (A1 + A2) | E127: =SUM(E117:E126) -> 2 | F127: =SUM(F117:F126) -> 0 | G127: =SUM(G117:G126) -> 0 | H127: =SUM(H117:H126) -> 1 | I127: =SUM(I117:I126) -> 0 | J127: =SUM(J117:J126) -> 0 | K127: =SUM(K117:K126) -> 2 | L127: =SUM(L117:L126) -> 0 | ... AB127: =SUM(AB117:AB126) -> 17
A129: A.1 | B129: 8. | C129: Partai Keadilan Sejahtera | E129: 0 | F129: 0 | G129: 1 | H129: 1 | I129: 1 | J129: 0 | K129: 0 | L129: 0 | M129: 0 | N129: 0 | O129: 1 | P129: 0 | Q129: 0 | R129: 0 | S129: 1 | T129: 2 | U129: 1 | V129: 1 | W129: 0 | X129: 0 | Y129: 0 | Z129: 1 | AA129: 0 | AB129: =SUM(E129:AA129) -> 10
...

Sheet TEGALHARJO
C2: Kecamatan | D2: GLENMORE
C3: Kabupaten | D3: BANYUWANGI
C4: Provinsi | D4: JAWA TIMUR
C9: Kelurahan | D9: TEGALHARJO
A12: I | B12: DATA PEMILIH DAN PENGGUNAAN HAK PILIH | AP12: JUMLAH AKHIR
A13: A | B13: DATA PEMILIH | E13: TPS 001 | F13: TPS 002 | G13: TPS 003 | H13: TPS 004 | I13: TPS 005 | J13: TPS 006 | K13: TPS 007 | L13: TPS 008 | M13: TPS 009 | N13: TPS 010 | O13: TPS 011 | P13: TPS 012 | Q13: TPS 013 | R13: TPS 014 | S13: TPS 015 | T13: TPS 016 | U13: TPS 017 | V13: TPS 018 | W13: TPS 019 | X13: TPS 020 | Y13: TPS 021 | Z13: TPS 022 | AA13: TPS 023 | AB13: TPS 024 | AC13: TPS 025 | AD13: TPS 026 | AE13: TPS 027 | AF13: TPS 028 | AG13: TPS 029 | AH13: TPS 030 | AI13: TPS 031 | AJ13: TPS 032 | AK13: TPS 033 | AL13: TPS 034 | AM13: TPS 035 | AN13: TPS 036 | AO13: TPS 037
B14: Jumlah Pemilih dalam Daftar Pemilih Tetap (DPT) | D14: LK | E14: 146 | F14: 90 | G14: 124 | H14: 88 | I14: 100 | J14: 130 | K14: 149 | L14: 149 | M14: 146 | N14: 129 | O14: 102 | P14: 117 | Q14: 117 | R14: 142 | S14: 147 | T14: 127 | U14: 81 | V14: 139 | W14: 98 | X14: 137 | Y14: 141 | Z14: 134 | AA14: 102 | AB14: 132 | AC14: 88 | AD14: 88 | AE14: 97 | AF14: 105 | AG14: 112 | AH14: 117 | AI14: 107 | AJ14: 104 | AK14: 109 | AL14: 143 | AM14: 126 | AN14: 109 | AO14: 99 | AP14: =SUM(E14:AO14) -> 4371
D15: PR | E15: 148 | F15: 85 | G15: 124 | H15: 94 | I15: 110 | J15: 116 | K15: 144 | L15: 145 | M15: 145 | N15: 116 | O15: 108 | P15: 114 | Q15: 135 | R15: 153 | S15: 143 | T15: 141 | U15: 80 | V15: 145 | W15: 96 | X15: 131 | Y15: 149 | Z15: 142 | AA15: 109 | AB15: 132 | AC15: 107 | AD15: 96 | AE15: 102 | AF15: 103 | AG15: 141 | AH15: 103 | AI15: 105 | AJ15: 116 | AK15: 111 | AL15: 137 | AM15: 122 | AN15: 115 | AO15: 103 | AP15: =SUM(E15:AO15) -> 4466
D16: JML | E16: =SUM(E14:E15) -> 294 | F16: =SUM(F14:F15) -> 175 | G16: =SUM(G14:G15) -> 248 | H16: =SUM(H14:H15) -> 182 | I16: =SUM(I14:I15) -> 210 | J16: =SUM(J14:J15) -> 246 | K16: =SUM(K14:K15) -> 293 | L16: =SUM(L14:L15) -> 294 | ... AO16: =SUM(AO14:AO15) -> 202 | AP16: =SUM(E16:AO16) -> 8837
A18: B | B18: PENGGUNA HAK PILIH
B19: 1. | C19: Jumlah pengguna hak pilih dalam Daftar Pemilih Tetap (DPT) | D19: LK | E19: 99 | F19: 69 | G19: 95 | H19: 53 | I19: 84 | J19: 98 | K19: 111 | L19: 112 | M19: 109 | N19: 90 | O19: 77 | P19: 80 | Q19: 95 | R19: 101 | S19: 107 | T19: 88 | U19: 64 | V19: 114 | W19: 74 | X19: 104 | Y19: 115 | Z19: 85 | AA19: 75 | AB19: 89 | AC19: 73 | AD19: 69 | AE19: 82 | AF19: 83 | AG19: 89 | AH19: 92 | AI19: 74 | AJ19: 86 | AK19: 93 | AL19: 95 | AM19: 104 | AN19: 82 | AO19: 90 | AP19: =SUM(E19:AO19) -> 3300
D20: PR | E20: 122 | F20: 69 | G20: 98 | H20: 73 | I20: 75 | J20: 97 | K20: 121 | L20: 123 | M20: 119 | N20: 94 | O20: 84 | P20: 91 | Q20: 108 | R20: 116 | S20: 106 | T20: 103 | U20: 66 | V20: 122 | W20: 79 | X20: 107 | Y20: 125 | Z20: 106 | AA20: 94 | AB20: 89 | AC20: 87 | AD20: 77 | AE20: 86 | AF20: 93 | AG20: 107 | AH20: 89 | AI20: 87 | AJ20: 98 | AK20: 92 | AL20: 115 | AM20: 99 | AN20: 98 | AO20: 98 | AP20: =SUM(E20:AO20) -> 3613
D21: JML | E21: =SUM(E19:E20) -> 221 | F21: =SUM(F19:F20) -> 138 | G21: =SUM(G19:G20) -> 193 | H21: =SUM(H19:H20) -> 126 | I21: =SUM(I19:I20) -> 159 | J21: =SUM(J19:J20) -> 195 | K21: =SUM(K19:K20) -> 232 | L21: =SUM(L19:L20) -> 235 | ... AO21: =SUM(AO19:AO20) -> 188 | AP21: =SUM(E21:AO21) -> 6913
B22: 2. | C22: Jumlah pengguna hak pilih dalam Daftar Pemilih Tambahan (DPTb) | D22: LK | E22: 0 | F22: 0 | G22: 0 | H22: 0 | I22: 1 | J22: 0 | K22: 0 | L22: 0 | M22: 0 | N22: 0 | O22: 0 | P22: 0 | Q22: 0 | R22: 0 | S22: 0 | T22: 0 | U22: 0 | V22: 2 | W22: 1 | X22: 0 | Y22: 0 | Z22: 0 | AA22: 0 | AB22: 0 | AC22: 0 | AD22: 0 | AE22: 0 | AF22: 0 | AG22: 1 | AH22: 1 | AI22: 1 | AJ22: 2 | AK22: 1 | AL22: 0 | AM22: 1 | AN22: 1 | AO22: 1 | AP22: =SUM(E22:AO22) -> 13
D23: PR | E23: 0 | F23: 0 | G23: 0 | H23: 0 | I23: 0 | J23: 0 | K23: 0 | L23: 0 | M23: 0 | N23: 1 | O23: 0 | P23: 0 | Q23: 1 | R23: 0 | S23: 0 | T23: 0 | U23: 0 | V23: 2 | W23: 1 | X23: 0 | Y23: 1 | Z23: 0 | AA23: 0 | AB23: 0 | AC23: 0 | AD23: 0 | AE23: 0 | AF23: 2 | AG23: 0 | AH23: 0 | AI23: 0 | AJ23: 2 | AK23: 0 | AL23: 0 | AM23: 0 | AN23: 0 | AO23: 0 | AP23: =SUM(E23:AO23) -> 10
D24: JML | E24: =SUM(E22:E23) -> 0 | F24: =SUM(F22:F23) -> 0 | G24: =SUM(G22:G23) -> 0 | H24: =SUM(H22:H23) -> 0 | I24: =SUM(I22:I23) -> 1 | J24: =SUM(J22:J23) -> 0 | K24: =SUM(K22:K23) -> 0 | L24: =SUM(L22:L23) -> 0 | ... AO24: =SUM(AO22:AO23) -> 1 | AP24: =SUM(E24:AO24) -> 23
B25: 3. | C25: Jumlah pengguna hak pilih dalam Daftar Pemilih Khusus (DPK) | D25: LK | E25: 0 | F25: 1 | G25: 0 | H25: 1 | I25: 0 | J25: 1 | K25: 0 | L25: 1 | M25: 0 | N25: 0 | O25: 0 | P25: 1 | Q25: 0 | R25: 4 | S25: 0 | T25: 3 | U25: 0 | V25: 1 | W25: 1 | X25: 2 | Y25: 0 | Z25: 2 | AA25: 4 | AB25: 4 | AC25: 0 | AD25: 0 | AE25: 3 | AF25: 0 | AG25: 0 | AH25: 5 | AI25: 2 | AJ25: 0 | AK25: 1 | AL25: 0 | AM25: 0 | AN25: 0 | AO25: 0 | AP25: =SUM(E25:AO25) -> 37
D26: PR | E26: 0 | F26: 1 | G26: 2 | H26: 1 | I26: 3 | J26: 3 | K26: 0 | L26: 2 | M26: 1 | N26: 0 | O26: 3 | P26: 1 | Q26: 0 | R26: 9 | S26: 0 | T26: 5 | U26: 0 | V26: 1 | W26: 0 | X26: 1 | Y26: 0 | Z26: 3 | AA26: 3 | AB26: 3 | AC26: 2 | AD26: 0 | AE26: 2 | AF26: 0 | AG26: 0 | AH26: 4 | AI26: 3 | AJ26: 0 | AK26: 2 | AL26: 0 | AM26: 4 | AN26: 0 | AO26: 0 | AP26: =SUM(E26:AO26) -> 59
D27: JML | E27: =SUM(E25:E26) -> 0 | F27: =SUM(F25:F26) -> 2 | G27: =SUM(G25:G26) -> 2 | H27: =SUM(H25:H26) -> 2 | I27: =SUM(I25:I26) -> 3 | J27: =SUM(J25:J26) -> 4 | K27: =SUM(K25:K26) -> 0 | L27: =SUM(L25:L26) -> 3 | ... AO27: =SUM(AO25:AO26) -> 0 | AP27: =SUM(E27:AO27) -> 96
B28: 4. | C28: Jumlah Pengguna Hak Pilih (B.1+B.2+B.3) | D28: LK | E28: =SUM(E19,E22,E25) -> 99 | F28: =SUM(F19,F22,F25) -> 70 | G28: =SUM(G19,G22,G25) -> 95 | H28: =SUM(H19,H22,H25) -> 54 | I28: =SUM(I19,I22,I25) -> 85 | J28: =SUM(J19,J22,J25) -> 99 | K28: =SUM(K19,K22,K25) -> 111 | L28: =SUM(L19,L22,L25) -> 113 | ... AO28: =SUM(AO19,AO22,AO25) -> 91 | AP28: =SUM(E28:AO28) -> 3350
D29: PR | E29: =SUM(E20,E23,E26) -> 122 | F29: =SUM(F20,F23,F26) -> 70 | G29: =SUM(G20,G23,G26) -> 100 | H29: =SUM(H20,H23,H26) -> 74 | I29: =SUM(I20,I23,I26) -> 78 | J29: =SUM(J20,J23,J26) -> 100 | K29: =SUM(K20,K23,K26) -> 121 | L29: =SUM(L20,L23,L26) -> 125 | ... AO29: =SUM(AO20,AO23,AO26) -> 98 | AP29: =SUM(E29:AO29) -> 3682
D30: JML | E30: =SUM(E28:E29) -> 221 | F30: =SUM(F28:F29) -> 140 | G30: =SUM(G28:G29) -> 195 | H30: =SUM(H28:H29) -> 128 | I30: =SUM(I28:I29) -> 163 | J30: =SUM(J28:J29) -> 199 | K30: =SUM(K28:K29) -> 232 | L30: =SUM(L28:L29) -> 238 | ... AO30: =SUM(AO28:AO29) -> 189 | AP30: =SUM(E30:AO30) -> 7032
A32: II | B32: DATA PENGGUNAAN SURAT SUARA
A33: 1 | B33: Jumlah surat suara yang diterima, termasuk surat suara cadangan 2,5% dari DPT | E33: 300 | F33: 179 | G33: 253 | H33: 186 | I33: 215 | J33: 247 | K33: 299 | L33: 300 | M33: 297 | N33: 252 | O33: 215 | P33: 236 | Q33: 258 | R33: 303 | S33: 294 | T33: 272 | U33: 165 | V33: 290 | W33: 198 | X33: 274 | Y33: 296 | Z33: 282 | AA33: 216 | AB33: 270 | AC33: 199 | AD33: 188 | AE33: 203 | AF33: 213 | AG33: 259 | AH33: 255 | AI33: 217 | AJ33: 225 | AK33: 223 | AL33: 286 | AM33: 252 | AN33: 230 | AO33: 209 | AP33: =SUM(E33:AO33) -> 9056
A34: 2 | B34: Jumlah surat suara yang digunakan | E34: 221 | F34: 140 | G34: 195 | H34: 128 | I34: 163 | J34: 199 | K34: 232 | L34: 238 | M34: 229 | N34: 185 | O34: 164 | P34: 173 | Q34: 204 | R34: 230 | S34: 213 | T34: 199 | U34: 130 | V34: 242 | W34: 156 | X34: 214 | Y34: 241 | Z34: 196 | AA34: 176 | AB34: 185 | AC34: 162 | AD34: 146 | AE34: 173 | AF34: 178 | AG34: 197 | AH34: 191 | AI34: 167 | AJ34: 188 | AK34: 189 | AL34: 210 | AM34: 208 | AN34: 181 | AO34: 189 | AP34: =SUM(E34:AO34) -> 7032
A35: 3 | B35: Jumlah surat suara dikembalikan oleh pemilih (karena rusak atau keliru coblos) | E35: 1 | F35: 0 | G35: 0 | H35: 0 | I35: 0 | J35: 3 | K35: 0 | L35: 1 | M35: 1 | N35: 0 | O35: 0 | P35: 0 | Q35: 0 | R35: 1 | S35: 1 | T35: 0 | U35: 0 | V35: 0 | W35: 2 | X35: 1 | Y35: 0 | Z35: 0 | AA35: 0 | AB35: 1 | AC35: 1 | AD35: 0 | AE35: 0 | AF35: 3 | AG35: 0 | AH35: 0 | AI35: 0 | AJ35: 0 | AK35: 0 | AL35: 0 | AM35: 0 | AN35: 2 | AO35: 0 | AP35: =SUM(E35:AO35) -> 18
A36: 4 | B36: Jumlah surat suara yang tidak digunakan/tidak terpakai, termasuk sisa surat suara cadangan | E36: =E33-(E34+E35) -> 78 | F36: =F33-(F34+F35) -> 39 | G36: =G33-(G34+G35) -> 58 | H36: =H33-(H34+H35) -> 58 | I36: =I33-(I34+I35) -> 52 | J36: =J33-(J34+J35) -> 45 | K36: =K33-(K34+K35) -> 67 | L36: =L33-(L34+L35) -> 61 | ... AO36: =AO33-(AO34+AO35) -> 20 | AP36: =SUM(E36:AO36) -> 2006
A38: III | B38: DATA PEMILIH DISABILITAS
B39: Jumlah seluruh Pemilih disabilitas yang menggunakan hak pilih | D39: LK | J39: 1 | L39: 1 | O39: 2 | W39: 2 | AF39: 1 | AP39: =SUM(E39:AO39) -> 7
D40: PR | J40: 5 | K40: 2 | L40: 2 | O40: 2 | R40: 1 | W40: 1 | AF40: 1 | AP40: =SUM(E40:AO40) -> 14
D41: JML | E41: =SUM(E39:E40) -> 0 | F41: =SUM(F39:F40) -> 0 | G41: =SUM(G39:G40) -> 0 | H41: =SUM(H39:H40) -> 0 | I41: =SUM(I39:I40) -> 0 | J41: =SUM(J39:J40) -> 6 | K41: =SUM(K39:K40) -> 2 | L41: =SUM(L39:L40) -> 3 | ... AO41: =SUM(AO39:AO40) -> 0 | AP41: =SUM(E41:AO41) -> 21
A43: IV | B43: DATA RINCIAN PEROLEHAN SUARA PASANGAN CALON BUPATI DAN WAKIL BUPATI
A44: NOMOR DAN NAMA CALON
A45: A.1 | B45: 1. | C45: Partai Kebangkitan Bangsa | E45: 13 | F45: 11 | G45: 7 | H45: 4 | I45: 17 | J45: 4 | K45: 10 | L45: 10 | M45: 2 | N45: 5 | O45: 6 | P45: 3 | Q45: 4 | R45: 10 | S45: 4 | T45: 8 | U45: 1 | V45: 1 | W45: 4 | X45: 7 | Y45: 8 | Z45: 1 | AA45: 7 | AB45: 6 | AC45: 6 | AD45: 4 | AE45: 29 | AF45: 2 | AG45: 3 | AH45: 3 | AI45: 1 | AJ45: 4 | AK45: 3 | AL45: 44 | AM45: 33 | AN45: 3 | AO45: 3 | AP45: =SUM(E45:AO45) -> 291
A46: A.2 | C46: 1. Dra. Hj. MA`MULAH HARUN, M.Pd.I. | E46: 6 | F46: 4 | G46: 13 | H46: 4 | I46: 14 | J46: 13 | K46: 30 | L46: 46 | M46: 13 | N46: 14 | O46: 13 | P46: 7 | Q46: 5 | R46: 2 | S46: 5 | T46: 5 | U46: 1 | V46: 6 | W46: 3 | X46: 8 | Y46: 8 | Z46: 3 | AA46: 8 | AB46: 5 | AC46: 10 | AD46: 7 | AE46: 21 | AF46: 4 | AG46: 7 | AH46: 13 | AI46: 5 | AJ46: 9 | AK46: 6 | AL46: 79 | AM46: 67 | AN46: 6 | AO46: 7 | AP46: =SUM(E46:AO46) -> 477
C47: 2. UBAIDILLAH, S.Fil.I. | E47: 1 | F47: 2 | G47: 11 | H47: 0 | I47: 3 | J47: 3 | K47: 2 | L47: 8 | M47: 0 | N47: 4 | O47: 1 | P47: 3 | Q47: 1 | R47: 4 | S47: 2 | T47: 0 | U47: 1 | V47: 2 | W47: 0 | X47: 4 | Y47: 0 | Z47: 1 | AA47: 1 | AB47: 3 | AC47: 0 | AD47: 8 | AE47: 5 | AF47: 3 | AG47: 6 | AH47: 6 | AI47: 1 | AJ47: 45 | AK47: 4 | AL47: 6 | AM47: 4 | AN47: 1 | AO47: 0 | AP47: =SUM(E47:AO47) -> 146
C48: 3. Ir. H. YOYOK MULYADI, M.Si. | E48: 7 | F48: 9 | G48: 8 | H48: 2 | I48: 5 | J48: 1 | K48: 3 | L48: 1 | M48: 0 | N48: 3 | O48: 0 | P48: 3 | Q48: 0 | R48: 1 | S48: 0 | T48: 0 | U48: 1 | V48: 4 | W48: 3 | X48: 5 | Y48: 1 | Z48: 0 | AA48: 1 | AB48: 2 | AC48: 1 | AD48: 1 | AE48: 1 | AF48: 8 | AG48: 2 | AH48: 1 | AI48: 1 | AJ48: 0 | AK48: 0 | AL48: 1 | AM48: 3 | AN48: 0 | AO48: 0 | AP48: =SUM(E48:AO48) -> 79
C49: 4. KHOIRUL ANWAR, S.Fil.I. | E49: 1 | F49: 1 | G49: 5 | H49: 0 | I49: 1 | J49: 0 | K49: 1 | L49: 2 | M49: 0 | N49: 2 | O49: 2 | P49: 2 | Q49: 2 | R49: 1 | S49: 0 | T49: 0 | U49: 0 | V49: 0 | W49: 1 | X49: 1 | Y49: 1 | Z49: 0 | AA49: 0 | AB49: 1 | AC49: 0 | AD49: 1 | AE49: 2 | AF49: 3 | AG49: 4 | AH49: 2 | AI49: 1 | AJ49: 1 | AK49: 0 | AL49: 0 | AM49: 1 | AN49: 2 | AO49: 0 | AP49: =SUM(E49:AO49) -> 41
C50: 5. ARIF WIJAKSANA | E50: 0 | F50: 0 | G50: 0 | H50: 5 | I50: 0 | J50: 1 | K50: 1 | L50: 2 | M50: 0 | N50: 0 | O50: 0 | P50: 0 | Q50: 1 | R50: 1 | S50: 0 | T50: 0 | U50: 1 | V50: 1 | W50: 0 | X50: 0 | Y50: 0 | Z50: 0 | AA50: 1 | AB50: 1 | AC50: 0 | AD50: 0 | AE50: 0 | AF50: 0 | AG50: 0 | AH50: 0 | AI50: 0 | AJ50: 1 | AK50: 0 | AL50: 2 | AM50: 1 | AN50: 0 | AO50: 0 | AP50: =SUM(E50:AO50) -> 19
C51: 6. Dr. SITI YUMNAH | E51: 0 | F51: 0 | G51: 0 | H51: 0 | I51: 1 | J51: 1 | K51: 0 | L51: 1 | M51: 0 | N51: 0 | O51: 0 | P51: 0 | Q51: 0 | R51: 0 | S51: 1 | T51: 2 | U51: 1 | V51: 0 | W51: 1 | X51: 1 | Y51: 0 | Z51: 0 | AA51: 0 | AB51: 0 | AC51: 0 | AD51: 1 | AE51: 0 | AF51: 0 | AG51: 0 | AH51: 1 | AI51: 0 | AJ51: 0 | AK51: 0 | AL51: 0 | AM51: 0 | AN51: 0 | AO51: 0 | AP51: =SUM(E51:AO51) -> 11
C52: 7. MOHAMMAD ZAINI, M.Pd.I. | E52: 0 | F52: 2 | G52: 0 | H52: 0 | I52: 1 | J52: 0 | K52: 1 | L52: 1 | M52: 0 | N52: 0 | O52: 2 | P52: 0 | Q52: 0 | R52: 0 | S52: 1 | T52: 0 | U52: 1 | V52: 1 | W52: 1 | X52: 0 | Y52: 0 | Z52: 0 | AA52: 0 | AB52: 1 | AC52: 0 | AD52: 0 | AE52: 1 | AF52: 1 | AG52: 0 | AH52: 1 | AI52: 1 | AJ52: 1 | AK52: 0 | AL52: 0 | AM52: 0 | AN52: 0 | AO52: 0 | AP52: =SUM(E52:AO52) -> 17
C53: 8. FAWAIDUL MAKKIYAH | E53: 0 | F53: 0 | G53: 0 | H53: 0 | I53: 0 | J53: 0 | K53: 0 | L53: 2 | M53: 0 | N53: 0 | O53: 0 | P53: 0 | Q53: 0 | R53: 0 | S53: 0 | T53: 0 | U53: 0 | V53: 0 | W53: 0 | X53: 0 | Y53: 1 | Z53: 0 | AA53: 1 | AB53: 0 | AC53: 1 | AD53: 0 | AE53: 0 | AF53: 0 | AG53: 0 | AH53: 0 | AI53: 0 | AJ53: 0 | AK53: 1 | AL53: 0 | AM53: 0 | AN53: 0 | AO53: 0 | AP53: =SUM(E53:AO53) -> 6
C54: 9. IFFAH HIDAYATUR ROHMAH, S.Sos. | E54: 0 | F54: 0 | G54: 0 | H54: 0 | I54: 0 | J54: 1 | K54: 1 | L54: 0 | M54: 0 | N54: 0 | O54: 0 | P54: 0 | Q54: 0 | R54: 0 | S54: 0 | T54: 0 | U54: 0 | V54: 0 | W54: 1 | X54: 1 | Y54: 0 | Z54: 2 | AA54: 1 | AB54: 0 | AC54: 0 | AD54: 0 | AE54: 0 | AF54: 1 | AG54: 0 | AH54: 0 | AI54: 1 | AJ54: 0 | AK54: 0 | AL54: 0 | AM54: 0 | AN54: 2 | AO54: 0 | AP54: =SUM(E54:AO54) -> 11
A55: B | B55: JUMLAH SUARA SAH PARTAI POLITIK DAN CALON (A1 + A2) | E55: =SUM(E45:E54) -> 28 | F55: =SUM(F45:F54) -> 29 | G55: =SUM(G45:G54) -> 44 | H55: =SUM(H45:H54) -> 15 | I55: =SUM(I45:I54) -> 42 | J55: =SUM(J45:J54) -> 24 | K55: =SUM(K45:K54) -> 49 | L55: =SUM(L45:L54) -> 73 | ... AO55: =SUM(AO45:AO54) -> 10 | AP55: =SUM(E55:AO55) -> 1098
A57: A.1 | B57: 2. | C57: Partai Gerakan Indonesia Raya | E57: 15 | F57: 9 | G57: 8 | H57: 7 | I57: 1 | J57: 3 | K57: 1 | L57: 2 | M57: 5 | N57: 5 | O57: 12 | P57: 5 | Q57: 14 | R57: 12 | S57: 14 | T57: 17 | U57: 6 | V57: 21 | W57: 12 | X57: 11 | Y57: 20 | Z57: 5 | AA57: 9 | AB57: 19 | AC57: 4 | AD57: 6 | AE57: 2 | AF57: 27 | AG57: 16 | AH57: 15 | AI57: 14 | AJ57: 0 | AK57: 10 | AL57: 2 | AM57: 8 | AN57: 3 | AO57: 2 | AP57: =SUM(E57:AO57) -> 342
A58: A.2 | C58: 1. AHMAD HADINUDDIN, S.Pd.I. | E58: 4 | F58: 2 | G58: 1 | H58: 2 | I58: 7 | J58: 1 | K58: 4 | L58: 5 | M58: 7 | N58: 5 | O58: 6 | P58: 2 | Q58: 6 | R58: 8 | S58: 2 | T58: 12 | U58: 20 | V58: 8 | W58: 6 | X58: 10 | Y58: 5 | Z58: 3 | AA58: 4 | AB58: 10 | AC58: 8 | AD58: 32 | AE58: 12 | AF58: 14 | AG58: 18 | AH58: 21 | AI58: 11 | AJ58: 4 | AK58: 12 | AL58: 2 | AM58: 6 | AN58: 0 | AO58: 0 | AP58: =SUM(E58:AO58) -> 280
C59: 2. BIMA RAFSANJANI RAFID | E59: 2 | F59: 5 | G59: 2 | H59: 0 | I59: 0 | J59: 5 | K59: 4 | L59: 4 | M59: 2 | N59: 6 | O59: 1 | P59: 8 | Q59: 1 | R59: 9 | S59: 2 | T59: 1 | U59: 6 | V59: 3 | W59: 7 | X59: 11 | Y59: 12 | Z59: 3 | AA59: 11 | AB59: 4 | AC59: 3 | AD59: 5 | AE59: 3 | AF59: 7 | AG59: 9 | AH59: 13 | AI59: 10 | AJ59: 3 | AK59: 13 | AL59: 1 | AM59: 4 | AN59: 1 | AO59: 0 | AP59: =SUM(E59:AO59) -> 181
C60: 3. IRA DAMAYANTI | E60: 3 | F60: 2 | G60: 0 | H60: 0 | I60: 0 | J60: 1 | K60: 0 | L60: 3 | M60: 2 | N60: 1 | O60: 2 | P60: 2 | Q60: 1 | S60: 1 | T60: 2 | U60: 2 | V60: 3 | W60: 2 | X60: 0 | Y60: 0 | Z60: 1 | AA60: 4 | AB60: 2 | AC60: 2 | AD60: 2 | AE60: 1 | AF60: 1 | AG60: 5 | AH60: 2 | AI60: 5 | AJ60: 2 | AK60: 5 | AL60: 0 | AM60: 1 | AN60: 1 | AO60: 0 | AP60: =SUM(E60:AO60) -> 61
C61: 4. MAULANA MALIK IBRAHIM, S.H. | E61: 4 | F61: 1 | G61: 1 | H61: 7 | I61: 2 | J61: 0 | K61: 1 | L61: 0 | M61: 4 | N61: 0 | O61: 2 | P61: 1 | Q61: 0 | R61: 6 | S61: 1 | T61: 6 | U61: 2 | V61: 13 | W61: 19 | X61: 8 | Y61: 3 | Z61: 1 | AA61: 5 | AB61: 3 | AC61: 2 | AD61: 1 | AE61: 1 | AF61: 5 | AG61: 6 | AH61: 6 | AI61: 1 | AJ61: 4 | AK61: 2 | AL61: 0 | AM61: 0 | AN61: 0 | AO61: 0 | AP61: =SUM(E61:AO61) -> 118
C62: 5. LULUK ALFIATI | E62: 1 | F62: 0 | G62: 1 | H62: 1 | I62: 0 | J62: 1 | K62: 0 | L62: 0 | M62: 1 | N62: 1 | O62: 0 | P62: 2 | Q62: 1 | S62: 1 | T62: 0 | U62: 1 | V62: 2 | W62: 1 | X62: 1 | Y62: 0 | Z62: 1 | AA62: 2 | AB62: 1 | AC62: 1 | AD62: 0 | AE62: 0 | AF62: 0 | AG62: 4 | AH62: 0 | AI62: 1 | AJ62: 0 | AK62: 1 | AL62: 1 | AM62: 0 | AN62: 0 | AO62: 0 | AP62: =SUM(E62:AO62) -> 27
C63: 6. ILHAM WAHYUDI, S.H. | E63: 0 | F63: 0 | G63: 1 | H63: 1 | I63: 0 | J63: 0 | K63: 1 | L63: 2 | M63: 0 | N63: 0 | O63: 2 | P63: 0 | Q63: 0 | S63: 2 | T63: 0 | U63: 1 | V63: 2 | W63: 0 | X63: 1 | Y63: 0 | Z63: 0 | AA63: 1 | AB63: 1 | AC63: 0 | AD63: 1 | AE63: 0 | AF63: 0 | AG63: 0 | AH63: 0 | AI63: 0 | AJ63: 0 | AK63: 0 | AL63: 0 | AM63: 1 | AN63: 1 | AO63: 0 | AP63: =SUM(E63:AO63) -> 18
C64: 7. HAERUL ANWAR, S.Pd.I. | E64: 0 | F64: 0 | G64: 1 | H64: 1 | I64: 0 | J64: 0 | K64: 0 | L64: 1 | M64: 0 | N64: 0 | O64: 0 | P64: 0 | Q64: 0 | T64: 0 | U64: 0 | V64: 0 | W64: 1 | X64: 0 | Y64: 1 | Z64: 0 | AA64: 0 | AB64: 1 | AC64: 2 | AD64: 0 | AE64: 0 | AF64: 0 | AG64: 0 | AH64: 0 | AI64: 0 | AJ64: 0 | AK64: 0 | AL64: 0 | AM64: 0 | AN64: 0 | AO64: 0 | AP64: =SUM(E64:AO64) -> 8
C65: 8. YOVI ADHITYA WARDANI | E65: 0 | F65: 1 | G65: 0 | H65: 0 | I65: 0 | J65: 0 | K65: 0 | L65: 0 | M65: 0 | N65: 1 | O65: 0 | P65: 0 | Q65: 0 | R65: 1 | T65: 0 | U65: 0 | V65: 1 | W65: 1 | X65: 0 | Y65: 0 | Z65: 0 | AA65: 0 | AB65: 0 | AC65: 0 | AD65: 0 | AE65: 0 | AF65: 1 | AG65: 2 | AH65: 0 | AI65: 0 | AJ65: 0 | AK65: 1 | AL65: 0 | AM65: 0 | AN65: 0 | AO65: 0 | AP65: =SUM(E65:AO65) -> 9
C66: 9. RITA AMELIA | E66: 0 | F66: 0 | G66: 0 | H66: 0 | I66: 0 | J66: 0 | K66: 1 | L66: 1 | M66: 0 | N66: 0 | O66: 0 | P66: 0 | Q66: 1 | S66: 1 | T66: 1 | U66: 0 | V66: 0 | W66: 0 | X66: 0 | Y66: 0 | Z66: 0 | AA66: 0 | AB66: 1 | AC66: 1 | AD66: 0 | AE66: 2 | AF66: 0 | AG66: 0 | AH66: 0 | AI66: 1 | AJ66: 0 | AK66: 0 | AL66: 0 | AM66: 0 | AN66: 0 | AO66: 0 | AP66: =SUM(E66:AO66) -> 10
A67: B | B67: JUMLAH SUARA SAH PARTAI POLITIK DAN CALON (A1 + A2) | E67: =SUM(E57:E66) -> 29 | F67: =SUM(F57:F66) -> 20 | G67: =SUM(G57:G66) -> 15 | H67: =SUM(H57:H66) -> 19 | I67: =SUM(I57:I66) -> 10 | J67: =SUM(J57:J66) -> 11 | K67: =SUM(K57:K66) -> 12 | L67: =SUM(L57:L66) -> 18 | ... AO67: =SUM(AO57:AO66) -> 2 | AP67: =SUM(E67:AO67) -> 1054
A69: A.1 | B69: 3. | C69: Partai Demokrasi Indonesia Perjuangan | E69: 2 | F69: 8 | G69: 3 | H69: 5 | I69: 6 | J69: 1 | K69: 4 | L69: 8 | M69: 3 | N69: 4 | O69: 8 | P69: 6 | Q69: 11 | R69: 2 | S69: 9 | T69: 6 | U69: 3 | V69: 7 | W69: 1 | X69: 8 | Y69: 6 | Z69: 1 | AA69: 7 | AB69: 6 | AC69: 6 | AD69: 2 | AE69: 11 | AF69: 6 | AG69: 8 | AH69: 4 | AI69: 2 | AJ69: 1 | AK69: 7 | AL69: 8 | AM69: 8 | AN69: 1 | AO69: 3 | AP69: =SUM(E69:AO69) -> 192
A70: A.2 | C70: 1. MARTIN H., S.H., M.H. | E70: 4 | F70: 3 | G70: 0 | H70: 1 | I70: 2 | J70: 1 | K70: 3 | L70: 0 | M70: 1 | N70: 4 | O70: 9 | P70: 13 | Q70: 6 | R70: 1 | S70: 9 | T70: 7 | U70: 6 | V70: 4 | W70: 1 | X70: 7 | Y70: 7 | Z70: 102 | AA70: 1 | AB70: 5 | AC70: 10 | AD70: 0 | AE70: 4 | AF70: 5 | AG70: 4 | AH70: 11 | AI70: 0 | AJ70: 4 | AK70: 6 | AL70: 3 | AM70: 8 | AN70: 0 | AO70: 1 | AP70: =SUM(E70:AO70) -> 253
C71: 2. HERMANTO, S.E. | E71: 1 | F71: 1 | G71: 0 | H71: 1 | I71: 1 | J71: 4 | K71: 0 | L71: 3 | M71: 2 | N71: 1 | O71: 6 | P71: 1 | Q71: 5 | R71: 1 | S71: 5 | T71: 2 | U71: 2 | V71: 1 | W71: 0 | X71: 0 | Y71: 1 | Z71: 3 | AA71: 1 | AB71: 3 | AC71: 2 | AD71: 2 | AE71: 5 | AF71: 3 | AG71: 2 | AH71: 4 | AI71: 2 | AJ71: 0 | AK71: 0 | AL71: 3 | AM71: 1 | AN71: 2 | AO71: 0 | AP71: =SUM(E71:AO71) -> 71
C72: 3. EVY SUSILAWATI, S.E., M.M. | E72: 0 | F72: 1 | G72: 2 | H72: 1 | I72: 2 | J72: 3 | K72: 2 | L72: 6 | M72: 2 | N72: 7 | O72: 1 | P72: 6 | Q72: 6 | R72: 0 | S72: 0 | T72: 0 | U72: 3 | V72: 1 | W72: 0 | X72: 4 | Y72: 2 | Z72: 3 | AA72: 5 | AB72: 2 | AC72: 4 | AD72: 2 | AE72: 8 | AF72: 3 | AG72: 2 | AH72: 4 | AI72: 2 | AJ72: 1 | AK72: 0 | AL72: 1 | AM72: 4 | AN72: 0 | AO72: 1 | AP72: =SUM(E72:AO72) -> 91
C73: 4. M. SIROTTUDIN | E73: 5 | F73: 1 | G73: 2 | H73: 0 | I73: 1 | J73: 0 | K73: 5 | L73: 6 | M73: 5 | N73: 2 | O73: 1 | P73: 0 | Q73: 6 | R73: 4 | S73: 1 | T73: 2 | U73: 0 | V73: 10 | W73: 0 | X73: 3 | Y73: 1 | Z73: 0 | AA73: 1 | AB73: 0 | AC73: 1 | AD73: 2 | AE73: 2 | AF73: 0 | AG73: 3 | AH73: 3 | AI73: 5 | AJ73: 1 | AK73: 3 | AL73: 3 | AM73: 8 | AN73: 3 | AO73: 0 | AP73: =SUM(E73:AO73) -> 90
C74: 5. ABDUL HAFID, S.H. | E74: 0 | F74: 0 | G74: 1 | H74: 2 | I74: 1 | J74: 0 | K74: 1 | L74: 2 | M74: 0 | N74: 0 | O74: 0 | P74: 0 | Q74: 0 | R74: 0 | S74: 0 | T74: 0 | U74: 0 | V74: 0 | W74: 0 | X74: 1 | Y74: 1 | Z74: 0 | AA74: 1 | AB74: 0 | AC74: 0 | AD74: 0 | AE74: 0 | AF74: 0 | AG74: 0 | AH74: 1 | AI74: 1 | AJ74: 0 | AK74: 0 | AL74: 0 | AM74: 1 | AN74: 0 | AO74: 0 | AP74: =SUM(E74:AO74) -> 13
C75: 6. NIKITA FORTUNA SURYANINGATI, A.Md.Keb. | E75: 0 | F75: 0 | G75: 1 | H75: 0 | I75: 0 | J75: 0 | K75: 0 | L75: 0 | M75: 0 | N75: 0 | O75: 2 | P75: 0 | Q75: 1 | R75: 0 | S75: 1 | T75: 1 | U75: 0 | V75: 0 | W75: 0 | X75: 0 | Y75: 0 | Z75: 0 | AA75: 2 | AB75: 0 | AC75: 1 | AD75: 1 | AE75: 1 | AF75: 1 | AG75: 1 | AH75: 1 | AI75: 1 | AJ75: 0 | AK75: 1 | AL75: 1 | AM75: 0 | AN75: 0 | AO75: 0 | AP75: =SUM(E75:AO75) -> 17
C76: 7. YUDHO ILHAM WIJAYA, S.E. | E76: 0 | F76: 0 | G76: 0 | H76: 0 | I76: 0 | J76: 0 | K76: 0 | L76: 1 | M76: 0 | N76: 0 | O76: 0 | P76: 0 | Q76: 0 | R76: 0 | S76: 1 | T76: 0 | U76: 0 | V76: 1 | W76: 1 | X76: 0 | Y76: 0 | Z76: 0 | AA76: 0 | AB76: 0 | AC76: 1 | AD76: 0 | AE76: 0 | AF76: 0 | AG76: 2 | AI76: 0 | AJ76: 0 | AK76: 0 | AL76: 0 | AM76: 0 | AN76: 0 | AO76: 0 | AP76: =SUM(E76:AO76) -> 7
C77: 8. SETIAWATI, S.H. | E77: 0 | F77: 0 | G77: 0 | H77: 0 | I77: 0 | J77: 0 | K77: 0 | L77: 0 | M77: 1 | N77: 1 | O77: 1 | P77: 0 | Q77: 1 | R77: 0 | S77: 1 | T77: 0 | U77: 0 | V77: 0 | W77: 0 | X77: 0 | Y77: 1 | Z77: 0 | AA77: 0 | AB77: 0 | AC77: 0 | AD77: 1 | AE77: 0 | AF77: 0 | AG77: 0 | AI77: 0 | AJ77: 0 | AK77: 0 | AL77: 0 | AM77: 0 | AN77: 0 | AO77: 0 | AP77: =SUM(E77:AO77) -> 7
C78: 9. EKO BUDI SANTOSO, S.H. | E78: 0 | F78: 0 | G78: 0 | H78: 1 | I78: 0 | J78: 0 | K78: 0 | L78: 0 | M78: 0 | N78: 1 | O78: 0 | P78: 1 | Q78: 0 | R78: 0 | S78: 0 | T78: 0 | U78: 0 | V78: 2 | W78: 0 | X78: 0 | Y78: 1 | Z78: 0 | AA78: 0 | AB78: 0 | AC78: 0 | AD78: 0 | AE78: 0 | AF78: 0 | AG78: 0 | AI78: 0 | AJ78: 1 | AK78: 1 | AL78: 0 | AM78: 0 | AN78: 0 | AO78: 0 | AP78: =SUM(E78:AO78) -> 8
A79: B | B79: JUMLAH SUARA SAH PARTAI POLITIK DAN CALON (A1 + A2) | E79: =SUM(E69:E78) -> 12 | F79: =SUM(F69:F78) -> 14 | G79: =SUM(G69:G78) -> 9 | H79: =SUM(H69:H78) -> 11 | I79: =SUM(I69:I78) -> 13 | J79: =SUM(J69:J78) -> 9 | K79: =SUM(K69:K78) -> 15 | L79: =SUM(L69:L78) -> 26 | ... AO79: =SUM(AO69:AO78) -> 5 | AP79: =SUM(E79:AO79) -> 749
A81: A.1 | B81: 4. | C81: Partai Golongan Karya | E81: 3 | F81: 1 | G81: 4 | H81: 5 | I81: 1 | J81: 0 | K81: 4 | L81: 2 | M81: 0 | N81: 0 | O81: 3 | P81: 1 | Q81: 9 | R81: 2 | S81: 8 | T81: 12 | U81: 0 | V81: 6 | W81: 1 | X81: 14 | Y81: 12 | Z81: 5 | AA81: 9 | AB81: 7 | AC81: 3 | AD81: 3 | AE81: 9 | AF81: 11 | AG81: 5 | AH81: 2 | AI81: 1 | AJ81: 4 | AK81: 4 | AL81: 4 | AM81: 5 | AN81: 7 | AO81: 2 | AP81: =SUM(E81:AO81) -> 169
A82: A.2 | C82: 1. PRANAYA YUDHA MAHARDHIKA | E82: 6 | F82: 2 | G82: 2 | H82: 13 | I82: 1 | J82: 1 | K82: 3 | L82: 2 | M82: 4 | N82: 4 | O82: 10 | P82: 7 | Q82: 6 | R82: 6 | S82: 10 | T82: 11 | U82: 1 | V82: 4 | W82: 2 | X82: 11 | Y82: 11 | Z82: 4 | AA82: 11 | AB82: 25 | AC82: 1 | AD82: 3 | AE82: 15 | AF82: 14 | AG82: 11 | AH82: 7 | AI82: 5 | AJ82: 19 | AK82: 14 | AL82: 3 | AM82: 5 | AN82: 70 | AO82: 111 | AP82: =SUM(E82:AO82) -> 435
C83: 2. Dra. Ec. ENDANG SULASTUTY, M.I.P. | E83: 0 | F83: 0 | G83: 2 | H83: 3 | I83: 0 | J83: 1 | K83: 1 | L83: 0 | M83: 0 | N83: 0 | O83: 0 | P83: 0 | Q83: 1 | R83: 0 | S83: 0 | T83: 2 | U83: 2 | V83: 0 | W83: 0 | X83: 4 | Y83: 2 | Z83: 0 | AA83: 1 | AB83: 1 | AC83: 0 | AD83: 2 | AE83: 1 | AF83: 2 | AG83: 1 | AH83: 0 | AI83: 0 | AJ83: 2 | AK83: 3 | AL83: 0 | AM83: 1 | AN83: 1 | AO83: 1 | AP83: =SUM(E83:AO83) -> 34
C84: 3. AGUS REJEKI WARTONO | E84: 0 | F84: 0 | G84: 2 | H84: 0 | I84: 0 | J84: 0 | K84: 0 | L84: 2 | M84: 0 | N84: 0 | O84: 1 | P84: 0 | Q84: 1 | R84: 0 | S84: 0 | T84: 2 | U84: 0 | V84: 0 | W84: 1 | X84: 2 | Y84: 0 | Z84: 1 | AA84: 0 | AB84: 0 | AC84: 0 | AD84: 0 | AE84: 1 | AF84: 4 | AG84: 0 | AH84: 2 | AI84: 1 | AJ84: 1 | AK84: 2 | AL84: 1 | AM84: 2 | AN84: 1 | AO84: 0 | AP84: =SUM(E84:AO84) -> 27
C85: 4. Hj. TUTUK ASMA'A ZUCHROH, S.T., M.T. | E85: 16 | F85: 1 | G85: 3 | H85: 3 | I85: 0 | J85: 1 | K85: 1 | L85: 1 | M85: 2 | N85: 1 | O85: 1 | P85: 0 | Q85: 3 | R85: 2 | S85: 1 | T85: 3 | U85: 1 | V85: 5 | W85: 4 | X85: 1 | Y85: 7 | Z85: 5 | AA85: 2 | AB85: 2 | AC85: 5 | AD85: 3 | AE85: 2 | AF85: 1 | AG85: 3 | AH85: 6 | AI85: 2 | AJ85: 2 | AK85: 1 | AL85: 2 | AM85: 1 | AN85: 1 | AO85: 0 | AP85: =SUM(E85:AO85) -> 95
C86: 5. ADE M. RIZKI, S.E. | E86: 1 | F86: 0 | G86: 0 | H86: 2 | I86: 1 | J86: 0 | K86: 0 | L86: 0 | M86: 0 | N86: 1 | O86: 2 | P86: 0 | Q86: 0 | R86: 0 | S86: 0 | T86: 0 | U86: 0 | V86: 0 | W86: 0 | X86: 3 | Y86: 3 | Z86: 1 | AA86: 0 | AB86: 1 | AC86: 0 | AD86: 0 | AE86: 0 | AF86: 0 | AG86: 1 | AH86: 0 | AI86: 0 | AJ86: 1 | AK86: 0 | AL86: 0 | AM86: 0 | AN86: 4 | AO86: 1 | AP86: =SUM(E86:AO86) -> 22
C87: 6. ABDURAKHMAN, Bc.Kn. | E87: 0 | F87: 0 | G87: 0 | H87: 0 | I87: 0 | J87: 0 | K87: 0 | L87: 1 | M87: 0 | N87: 0 | O87: 0 | P87: 0 | Q87: 0 | R87: 0 | S87: 0 | T87: 0 | U87: 1 | V87: 0 | W87: 0 | X87: 1 | Y87: 0 | Z87: 1 | AA87: 0 | AB87: 0 | AC87: 0 | AD87: 0 | AE87: 1 | AF87: 0 | AG87: 0 | AH87: 1 | AI87: 0 | AJ87: 1 | AK87: 0 | AL87: 0 | AM87: 0 | AN87: 0 | AO87: 0 | AP87: =SUM(E87:AO87) -> 7
C88: 7. CENDY RHIYAN ADI PUTRI | E88: 0 | F88: 0 | G88: 0 | H88: 0 | I88: 0 | J88: 0 | K88: 0 | L88: 0 | M88: 0 | N88: 0 | O88: 0 | P88: 0 | Q88: 0 | R88: 0 | S88: 0 | T88: 0 | U88: 0 | V88: 0 | W88: 0 | X88: 0 | Y88: 0 | Z88: 0 | AA88: 0 | AB88: 0 | AC88: 0 | AD88: 1 | AE88: 2 | AF88: 0 | AG88: 0 | AH88: 0 | AI88: 0 | AJ88: 0 | AK88: 0 | AL88: 0 | AM88: 0 | AN88: 0 | AO88: 0 | AP88: =SUM(E88:AO88) -> 3
C89: 8. BAKTI WIJAYANTO, S.E. | E89: 0 | F89: 0 | G89: 0 | H89: 0 | I89: 0 | J89: 0 | K89: 0 | L89: 1 | M89: 0 | N89: 0 | O89: 0 | P89: 0 | Q89: 0 | R89: 0 | S89: 0 | T89: 0 | U89: 0 | V89: 0 | W89: 0 | X89: 0 | Y89: 0 | Z89: 0 | AA89: 0 | AB89: 0 | AC89: 0 | AD89: 0 | AE89: 0 | AF89: 0 | AG89: 0 | AH89: 0 | AI89: 0 | AJ89: 0 | AK89: 0 | AL89: 0 | AM89: 0 | AN89: 0 | AO89: 0 | AP89: =SUM(E89:AO89) -> 1
C90: 9. AHMAD UBAIDILLAH | E90: 0 | F90: 0 | G90: 0 | H90: 0 | I90: 0 | J90: 0 | K90: 0 | L90: 0 | M90: 0 | N90: 0 | O90: 2 | P90: 0 | Q90: 0 | R90: 0 | S90: 1 | T90: 2 | U90: 0 | V90: 1 | W90: 0 | X90: 0 | Y90: 0 | Z90: 0 | AA90: 1 | AB90: 0 | AC90: 0 | AD90: 0 | AE90: 1 | AF90: 0 | AG90: 0 | AH90: 0 | AI90: 0 | AJ90: 0 | AK90: 0 | AL90: 0 | AM90: 0 | AN90: 0 | AO90: 0 | AP90: =SUM(E90:AO90) -> 8
A91: B | B91: JUMLAH SUARA SAH PARTAI POLITIK DAN CALON (A1 + A2) | E91: =SUM(E81:E90) -> 26 | F91: =SUM(F81:F90) -> 4 | G91: =SUM(G81:G90) -> 13 | H91: =SUM(H81:H90) -> 26 | I91: =SUM(I81:I90) -> 3 | J91: =SUM(J81:J90) -> 3 | K91: =SUM(K81:K90) -> 9 | L91: =SUM(L81:L90) -> 9 | ... AO91: =SUM(AO81:AO90) -> 115 | AP91: =SUM(E91:AO91) -> 801
A93: A.1 | B93: 5. | C93: Partai NasDem | E93: 3 | F93: 1 | G93: 1 | H93: 2 | I93: 1 | J93: 0 | K93: 0 | L93: 5 | M93: 1 | N93: 0 | O93: 0 | P93: 1 | Q93: 2 | R93: 1 | S93: 1 | T93: 6 | U93: 1 | V93: 1 | W93: 3 | X93: 2 | Y93: 1 | Z93: 1 | AA93: 2 | AB93: 0 | AC93: 0 | AD93: 2 | AE93: 0 | AF93: 1 | AG93: 0 | AH93: 1 | AI93: 0 | AJ93: 3 | AK93: 0 | AL93: 3 | AM93: 1 | AN93: 0 | AO93: 0 | AP93: =SUM(E93:AO93) -> 47
A94: A.2 | C94: 1. ALI MUSTOFA, A.Md. | E94: 2 | F94: 3 | G94: 8 | H94: 1 | I94: 17 | J94: 2 | K94: 1 | L94: 8 | M94: 2 | N94: 10 | O94: 0 | P94: 3 | Q94: 3 | R94: 0 | S94: 1 | T94: 0 | U94: 0 | V94: 1 | W94: 3 | X94: 1 | Y94: 5 | Z94: 0 | AA94: 1 | AB94: 1 | AC94: 1 | AD94: 1 | AE94: 2 | AF94: 1 | AG94: 0 | AH94: 1 | AI94: 2 | AJ94: 5 | AK94: 2 | AL94: 0 | AM94: 2 | AN94: 0 | AO94: 0 | AP94: =SUM(E94:AO94) -> 90
C95: 2. Hj. BUAMI, S.H. | E95: 2 | F95: 0 | G95: 1 | H95: 0 | I95: 0 | J95: 0 | K95: 0 | L95: 0 | M95: 0 | N95: 0 | O95: 0 | P95: 0 | Q95: 0 | R95: 0 | S95: 0 | T95: 1 | U95: 2 | V95: 1 | W95: 1 | X95: 2 | Y95: 0 | Z95: 0 | AA95: 0 | AB95: 0 | AC95: 2 | AD95: 0 | AE95: 0 | AF95: 0 | AG95: 0 | AH95: 0 | AI95: 0 | AJ95: 1 | AK95: 0 | AL95: 0 | AM95: 0 | AN95: 0 | AO95: 0 | AP95: =SUM(E95:AO95) -> 13
C96: 3. SUGIONO, S.H. | E96: 0 | F96: 0 | G96: 0 | H96: 0 | I96: 0 | J96: 0 | K96: 0 | L96: 1 | M96: 0 | N96: 0 | O96: 0 | P96: 0 | Q96: 0 | R96: 0 | S96: 0 | T96: 0 | U96: 0 | V96: 0 | W96: 0 | X96: 2 | Y96: 0 | Z96: 1 | AA96: 0 | AB96: 0 | AC96: 0 | AD96: 0 | AE96: 0 | AF96: 0 | AG96: 0 | AH96: 0 | AI96: 0 | AJ96: 0 | AK96: 0 | AL96: 0 | AM96: 1 | AN96: 1 | AO96: 0 | AP96: =SUM(E96:AO96) -> 6
C97: 4. LULUK SUNARMIATININGSIH | E97: 0 | F97: 1 | G97: 0 | H97: 0 | I97: 0 | J97: 0 | K97: 1 | L97: 2 | M97: 0 | N97: 1 | O97: 0 | P97: 0 | Q97: 0 | R97: 0 | S97: 0 | T97: 0 | U97: 0 | V97: 0 | W97: 0 | X97: 0 | Y97: 0 | Z97: 0 | AA97: 0 | AB97: 0 | AC97: 3 | AD97: 0 | AE97: 0 | AF97: 1 | AG97: 0 | AH97: 0 | AI97: 0 | AJ97: 5 | AK97: 1 | AL97: 0 | AM97: 2 | AN97: 1 | AO97: 0 | AP97: =SUM(E97:AO97) -> 18
C98: 5. ANTON DJULIANTO ADI | E98: 0 | F98: 0 | G98: 1 | H98: 0 | I98: 0 | J98: 0 | K98: 0 | L98: 0 | M98: 0 | N98: 0 | O98: 0 | P98: 0 | Q98: 1 | R98: 1 | S98: 3 | T98: 1 | U98: 0 | V98: 0 | W98: 1 | X98: 0 | Y98: 0 | Z98: 0 | AA98: 0 | AB98: 0 | AC98: 1 | AD98: 0 | AE98: 1 | AF98: 0 | AG98: 0 | AH98: 0 | AI98: 0 | AJ98: 0 | AK98: 1 | AL98: 0 | AM98: 1 | AN98: 1 | AO98: 0 | AP98: =SUM(E98:AO98) -> 13
C99: 6. MOKHAMAD ROFI'I KHUSNAN | E99: 0 | F99: 1 | G99: 0 | H99: 0 | I99: 0 | J99: 0 | K99: 0 | L99: 0 | M99: 0 | N99: 0 | O99: 0 | P99: 0 | Q99: 0 | R99: 0 | S99: 1 | T99: 0 | U99: 0 | V99: 1 | W99: 0 | X99: 0 | Y99: 0 | Z99: 0 | AA99: 0 | AB99: 0 | AC99: 1 | AD99: 1 | AE99: 0 | AF99: 0 | AG99: 0 | AH99: 0 | AI99: 0 | AJ99: 0 | AK99: 0 | AL99: 0 | AM99: 0 | AN99: 0 | AO99: 0 | AP99: =SUM(E99:AO99) -> 5
C100: 7. Rr SETYO WATI | E100: 2 | F100: 0 | G100: 0 | H100: 1 | I100: 0 | J100: 0 | K100: 0 | L100: 1 | M100: 0 | N100: 0 | O100: 0 | P100: 0 | Q100: 0 | R100: 0 | S100: 1 | T100: 3 | U100: 0 | V100: 2 | W100: 0 | X100: 0 | Y100: 1 | Z100: 0 | AA100: 0 | AB100: 0 | AC100: 1 | AD100: 0 | AE100: 0 | AF100: 0 | AG100: 0 | AH100: 2 | AI100: 0 | AJ100: 2 | AK100: 0 | AL100: 0 | AM100: 0 | AN100: 0 | AO100: 0 | AP100: =SUM(E100:AO100) -> 16
C101: 8. ABD. KADIR ASSEGAFF | E101: 0 | F101: 0 | G101: 1 | H101: 0 | I101: 0 | J101: 0 | K101: 0 | L101: 1 | M101: 0 | N101: 0 | O101: 0 | P101: 0 | Q101: 0 | R101: 0 | S101: 0 | T101: 0 | U101: 0 | V101: 0 | W101: 0 | X101: 0 | Y101: 0 | Z101: 0 | AA101: 0 | AB101: 0 | AC101: 0 | AD101: 0 | AE101: 0 | AF101: 0 | AG101: 0 | AH101: 0 | AI101: 0 | AJ101: 0 | AK101: 0 | AL101: 0 | AM101: 0 | AN101: 0 | AO101: 0 | AP101: =SUM(E101:AO101) -> 2
C102: 9. FATHOR ZAINULLAH | E102: 0 | F102: 0 | G102: 1 | H102: 0 | I102: 0 | J102: 0 | K102: 0 | L102: 0 | M102: 0 | N102: 0 | O102: 0 | P102: 0 | Q102: 0 | R102: 0 | S102: 0 | T102: 0 | U102: 0 | V102: 0 | W102: 0 | X102: 0 | Y102: 0 | Z102: 0 | AA102: 0 | AB102: 0 | AC102: 0 | AD102: 0 | AE102: 0 | AF102: 1 | AG102: 0 | AH102: 0 | AI102: 0 | AJ102: 0 | AK102: 0 | AL102: 1 | AM102: 0 | AN102: 0 | AO102: 0 | AP102: =SUM(E102:AO102) -> 3
A103: B | B103: JUMLAH SUARA SAH PARTAI POLITIK DAN CALON (A1 + A2) | E103: =SUM(E93:E102) -> 9 | F103: =SUM(F93:F102) -> 6 | G103: =SUM(G93:G102) -> 13 | H103: =SUM(H93:H102) -> 4 | I103: =SUM(I93:I102) -> 18 | J103: =SUM(J93:J102) -> 2 | K103: =SUM(K93:K102) -> 2 | L103: =SUM(L93:L102) -> 18 | ... AO103: =SUM(AO93:AO102) -> 0 | AP103: =SUM(E103:AO103) -> 213
A105: A.1 | B105: 6. | C105: Partai Buruh | G105: 1 | Q105: 1 | S105: 1 | X105: 1 | AB105: 1 | AG105: 1 | AK105: 1 | AP105: =SUM(E105:AO105) -> 7
A106: A.2 | C106: 1. AGUS SUPRIYADI | H106: 1 | L106: 1 | N106: 1 | R106: 1 | V106: 1 | AF106: 1 | AK106: 1 | AP106: =SUM(E106:AO106) -> 7
C107: 2. ENI HARIATI | R107: 1 | AP107: =SUM(E107:AO107) -> 1
A115: B | B115: JUMLAH SUARA SAH PARTAI POLITIK DAN CALON (A1 + A2) | E115: =SUM(E105:E114) -> 0 | F115: =SUM(F105:F114) -> 0 | G115: =SUM(G105:G114) -> 1 | H115: =SUM(H105:H114) -> 1 | I115: =SUM(I105:I114) -> 0 | J115: =SUM(J105:J114) -> 0 | K115: =SUM(K105:K114) -> 0 | L115: =SUM(L105:L114) -> 1 | ... AO115: =SUM(AO105:AO114) -> 0 | AP115: =SUM(E115:AO115) -> 15
A117: A.1 | B117: 7. | C117: Partai Gelombang Rakyat Indonesia | E117: 2 | F117: 0 | G117: 1 | H117: 0 | I117: 1 | J117: 0 | K117: 0 | L117: 1 | M117: 1 | N117: 0 | O117: 0 | P117: 0 | Q117: 2 | R117: 0 | S117: 3 | T117: 3 | U117: 0 | V117: 0 | W117: 3 | X117: 1 | Y117: 0 | Z117: 1 | AA117: 1 | AB117: 1 | AC117: 1 | AD117: 0 | AE117: 2 | AF117: 0 | AG117: 0 | AH117: 0 | AI117: 1 | AJ117: 1 | AL117: 1 | AP117: =SUM(E117:AO117) -> 27
A118: A.2 | C118: 1. MIRZA MUHROSNI AROMA | E118: 0 | F118: 1 | G118: 0 | H118: 0 | I118: 0 | J118: 0 | K118: 0 | L118: 1 | M118: 0 | N118: 0 | O118: 0 | P118: 0 | Q118: 0 | R118: 1 | S118: 1 | T118: 0 | U118: 1 | V118: 1 | W118: 0 | X118: 1 | Y118: 0 | Z118: 0 | AA118: 0 | AB118: 0 | AC118: 1 | AD118: 0 | AE118: 0 | AF118: 1 | AG118: 0 | AH118: 0 | AJ118: 1 | AL118: 1 | AN118: 1 | AP118: =SUM(E118:AO118) -> 12
C119: 2. ACHMAD BAGUS SUGIARTO | E119: 0 | F119: 0 | G119: 0 | H119: 0 | I119: 0 | J119: 0 | K119: 0 | L119: 1 | M119: 0 | N119: 0 | O119: 0 | P119: 0 | Q119: 0 | R119: 0 | S119: 0 | T119: 0 | U119: 0 | V119: 0 | W119: 0 | X119: 0 | Y119: 0 | Z119: 0 | AA119: 1 | AB119: 0 | AC119: 0 | AD119: 0 | AE119: 0 | AF119: 0 | AG119: 0 | AH119: 0 | AK119: 2 | AP119: =SUM(E119:AO119) -> 4
C120: 3. ELOK FITRIYA NINGSIH | E120: 0 | F120: 0 | G120: 0 | H120: 0 | I120: 0 | J120: 0 | K120: 0 | L120: 0 | M120: 0 | N120: 0 | O120: 0 | P120: 0 | Q120: 0 | R120: 0 | S120: 1 | T120: 0 | U120: 0 | V120: 1 | W120: 0 | X120: 0 | Y120: 0 | Z120: 0 | AA120: 0 | AB120: 0 | AC120: 1 | AD120: 0 | AE120: 0 | AF120: 0 | AG120: 0 | AH120: 0 | AP120: =SUM(E120:AO120) -> 3
C121: 4. MADI | E121: 0 | F121: 0 | G121: 0 | H121: 0 | I121: 0 | J121: 0 | K121: 0 | L121: 0 | M121: 0 | N121: 0 | O121: 0 | P121: 0 | Q121: 0 | R121: 0 | S121: 0 | T121: 0 | U121: 0 | V121: 0 | W121: 0 | X121: 0 | Y121: 0 | Z121: 0 | AA121: 0 | AB121: 0 | AC121: 0 | AD121: 0 | AE121: 0 | AF121: 0 | AG121: 0 | AH121: 0 | AP121: =SUM(E121:AO121) -> 0
C122: 5. LUKY PERMANASARI | E122: 0 | F122: 0 | G122: 0 | H122: 0 | I122: 0 | J122: 0 | K122: 0 | L122: 0 | M122: 0 | N122: 0 | O122: 0 | P122: 0 | Q122: 0 | R122: 0 | S122: 1 | T122: 0 | U122: 0 | V122: 0 | W122: 0 | X122: 0 | Y122: 0 | Z122: 1 | AA122: 0 | AB122: 0 | AC122: 0 | AD122: 0 | AE122: 0 | AF122: 0 | AG122: 0 | AH122: 0 | AM122: 1 | AP122: =SUM(E122:AO122) -> 3
A127: B | B127: JUMLAH SUARA SAH PARTAI POLITIK DAN CALON (A1 + A2) | E127: =SUM(E117:E126) -> 2 | F127: =SUM(F117:F126) -> 1 | G127: =SUM(G117:G126) -> 1 | H127: =SUM(H117:H126) -> 0 | I127: =SUM(I117:I126) -> 1 | J127: =SUM(J117:J126) -> 0 | K127: =SUM(K117:K126) -> 0 | L127: =SUM(L117:L126) -> 3 | ... AO127: =SUM(AO117:AO126) -> 0 | AP127: =SUM(E127:AO127) -> 49
A129: A.1 | B129: 8. | C129: Partai Keadilan Sejahtera | E129: 0 | F129: 0 | G129: 4 | H129: 1 | I129: 1 | J129: 0 | K129: 0 | L129: 1 | M129: 0 | N129: 2 | O129: 6 | P129: 3 | Q129: 3 | R129: 8 | S129: 3 | T129: 4 | U129: 3 | V129: 4 | W129: 0 | X129: 4 | Y129: 7 | Z129: 0 | AA129: 1 | AB129: 2 | AC129: 4 | AD129: 8 | AE129: 2 | AF129: 0 | AG129: 2 | AH129: 0 | AI129: 2 | AK129: 2 | AM129: 2 | AP129: =SUM(E129:AO129) -> 79
...

Sheet TULUNGREJO
C2: Kecamatan | D2: GLENMORE
C3: Kabupaten | D3: BANYUWANGI
C4: Provinsi | D4: JAWA TIMUR
C9: Kelurahan | D9: TULUNGREJO
A12: I | B12: DATA PEMILIH DAN PENGGUNAAN HAK PILIH | BL12: JUMLAH AKHIR
A13: A | B13: DATA PEMILIH | E13: TPS 001 | F13: TPS 002 | G13: TPS 003 | H13: TPS 004 | I13: TPS 005 | J13: TPS 006 | K13: TPS 007 | L13: TPS 008 | M13: TPS 009 | N13: TPS 010 | O13: TPS 011 | P13: TPS 012 | Q13: TPS 013 | R13: TPS 014 | S13: TPS 015 | T13: TPS 016 | U13: TPS 017 | V13: TPS 018 | W13: TPS 019 | X13: TPS 020 | Y13: TPS 021 | Z13: TPS 022 | AA13: TPS 023 | AB13: TPS 024 | AC13: TPS 025 | AD13: TPS 026 | AE13: TPS 027 | AF13: TPS 028 | AG13: TPS 029 | AH13: TPS 030 | AI13: TPS 031 | AJ13: TPS 032 | AK13: TPS 033 | AL13: TPS 034 | AM13: TPS 035 | AN13: TPS 036 | AO13: TPS 037 | AP13: TPS 038 | AQ13: TPS 039 | AR13: TPS 040 | AS13: TPS 041 | AT13: TPS 042 | AU13: TPS 043 | AV13: TPS 044 | AW13: TPS 045 | AX13: TPS 046 | AY13: TPS 047 | AZ13: TPS 048 | BA13: TPS 049 | BB13: TPS 050 | BC13: TPS 051 | BD13: TPS 052 | BE13: TPS 053 | BF13: TPS 054 | BG13: TPS 055 | BH13: TPS 056 | BI13: TPS 057 | BJ13: TPS 058 | BK13: TPS 059
B14: Jumlah Pemilih dalam Daftar Pemilih Tetap (DPT) | D14: LK | E14: 128 | F14: 143 | G14: 132 | H14: 93 | I14: 143 | J14: 135 | K14: 131 | L14: 148 | M14: 151 | N14: 82 | O14: 97 | P14: 124 | Q14: 119 | R14: 144 | S14: 141 | T14: 82 | U14: 130 | V14: 138 | W14: 123 | X14: 107 | Y14: 141 | Z14: 148 | AA14: 87 | AB14: 74 | AC14: 63 | AD14: 127 | AE14: 116 | AF14: 111 | AG14: 101 | AH14: 84 | AI14: 140 | AJ14: 155 | AK14: 150 | AL14: 110 | AM14: 122 | AN14: 90 | AO14: 131 | AP14: 77 | AQ14: 92 | AR14: 150 | AS14: 128 | AT14: 103 | AU14: 96 | AV14: 80 | AW14: 134 | AX14: 113 | AY14: 105 | AZ14: 105 | BA14: 71 | BB14: 88 | BC14: 136 | BD14: 120 | BE14: 138 | BF14: 130 | BG14: 55 | BH14: 95 | BI14: 89 | BJ14: 88 | BK14: 101 | BL14: =SUM(E14:BK14) -> 6735
D15: PR | E15: 134 | F15: 142 | G15: 132 | H15: 96 | I15: 156 | J15: 149 | K15: 153 | L15: 145 | M15: 144 | N15: 93 | O15: 103 | P15: 152 | Q15: 111 | R15: 149 | S15: 147 | T15: 73 | U15: 163 | V15: 133 | W15: 147 | X15: 112 | Y15: 144 | Z15: 149 | AA15: 95 | AB15: 81 | AC15: 73 | AD15: 133 | AE15: 122 | AF15: 94 | AG15: 116 | AH15: 89 | AI15: 152 | AJ15: 144 | AK15: 147 | AL15: 101 | AM15: 120 | AN15: 105 | AO15: 131 | AP15: 82 | AQ15: 88 | AR15: 149 | AS15: 156 | AT15: 110 | AU15: 86 | AV15: 80 | AW15: 137 | AX15: 120 | AY15: 105 | AZ15: 120 | BA15: 68 | BB15: 106 | BC15: 142 | BD15: 141 | BE15: 141 | BF15: 162 | BG15: 57 | BH15: 99 | BI15: 100 | BJ15: 99 | BK15: 112 | BL15: =SUM(E15:BK15) -> 7090
D16: JML | E16: =SUM(E14:E15) -> 262 | F16: =SUM(F14:F15) -> 285 | G16: =SUM(G14:G15) -> 264 | H16: =SUM(H14:H15) -> 189 | I16: =SUM(I14:I15) -> 299 | J16: =SUM(J14:J15) -> 284 | K16: =SUM(K14:K15) -> 284 | L16: =SUM(L14:L15) -> 293 | ... BK16: =SUM(BK14:BK15) -> 213 | BL16: =SUM(E16:BK16) -> 13825
A18: B | B18: PENGGUNA HAK PILIH
B19: 1. | C19: Jumlah pengguna hak pilih dalam Daftar Pemilih Tetap (DPT) | D19: LK | E19: 89 | F19: 92 | G19: 100 | H19: 69 | I19: 106 | J19: 93 | K19: 82 | L19: 109 | M19: 112 | N19: 53 | O19: 77 | P19: 96 | Q19: 112 | R19: 119 | S19: 105 | T19: 62 | U19: 90 | V19: 84 | W19: 87 | X19: 75 | Y19: 105 | Z19: 112 | AA19: 63 | AB19: 61 | AC19: 53 | AD19: 93 | AE19: 93 | AF19: 88 | AG19: 74 | AH19: 58 | AI19: 103 | AJ19: 112 | AK19: 114 | AL19: 90 | AM19: 90 | AN19: 68 | AO19: 87 | AP19: 57 | AQ19: 66 | AR19: 117 | AS19: 102 | AT19: 72 | AU19: 60 | AV19: 60 | AW19: 101 | AX19: 88 | AY19: 87 | AZ19: 89 | BA19: 60 | BB19: 58 | BC19: 86 | BD19: 74 | BE19: 103 | BF19: 79 | BG19: 54 | BH19: 86 | BI19: 82 | BJ19: 66 | BK19: 89 | BL19: =SUM(E19:BK19) -> 5012
