Workbook

Sheet DPRD PROVINSI
C8: Kecamatan | D8: BANGOREJO
C9: Kabupaten | D9: BANYUWANGI
C10: Provinsi | D10: JAWA TIMUR
A12: I | B12: DATA PEMILIH DAN PENGGUNAAN HAK PILIH | E12: JUMLAH AKHIR
A13: A | B13: DATA PEMILIH
B14: Jumlah Pemilih dalam Daftar Pemilih Tetap (DPT) | D14: LK | E14: =BANGOREJO!AG14+KEBONDALEM!AH14+RINGINTELU!Z14+SAMBIMULYO!AF14+SAMBIREJO!AF14+SUKOREJO!AB14+TEMUREJO!AU14 -> 26100
D15: PR | E15: =BANGOREJO!AG15+KEBONDALEM!AH15+RINGINTELU!Z15+SAMBIMULYO!AF15+SAMBIREJO!AF15+SUKOREJO!AB15+TEMUREJO!AU15 -> 25979
D16: JML | E16: =SUM(E14:E15) -> 52079
A18: B | B18: PENGGUNA HAK PILIH
B19: 1. | C19: Jumlah pengguna hak pilih dalam Daftar Pemilih Tetap (DPT) | D19: LK | E19: =BANGOREJO!AG19+KEBONDALEM!AH19+RINGINTELU!Z19+SAMBIMULYO!AF19+SAMBIREJO!AF19+SUKOREJO!AB19+TEMUREJO!AU19 -> 19808
D20: PR | E20: =BANGOREJO!AG20+KEBONDALEM!AH20+RINGINTELU!Z20+SAMBIMULYO!AF20+SAMBIREJO!AF20+SUKOREJO!AB20+TEMUREJO!AU20 -> 20559
D21: JML | E21: =SUM(E19:E20) -> 40367
B22: 2. | C22: Jumlah pengguna hak pilih dalam Daftar Pemilih Tambahan (DPTb) | D22: LK | E22: =BANGOREJO!AG22+KEBONDALEM!AH22+RINGINTELU!Z22+SAMBIMULYO!AF22+SAMBIREJO!AF22+SUKOREJO!AB22+TEMUREJO!AU22 -> 15
D23: PR | E23: =BANGOREJO!AG23+KEBONDALEM!AH23+RINGINTELU!Z23+SAMBIMULYO!AF23+SAMBIREJO!AF23+SUKOREJO!AB23+TEMUREJO!AU23 -> 26
D24: JML | E24: =SUM(E22:E23) -> 41
B25: 3. | C25: Jumlah pengguna hak pilih dalam Daftar Pemilih Khusus (DPK) | D25: LK | E25: =BANGOREJO!AG25+KEBONDALEM!AH25+RINGINTELU!Z25+SAMBIMULYO!AF25+SAMBIREJO!AF25+SUKOREJO!AB25+TEMUREJO!AU25 -> 186
D26: PR | E26: =BANGOREJO!AG26+KEBONDALEM!AH26+RINGINTELU!Z26+SAMBIMULYO!AF26+SAMBIREJO!AF26+SUKOREJO!AB26+TEMUREJO!AU26 -> 211
D27: JML | E27: =SUM(E25:E26) -> 397
B28: 4. | C28: Jumlah Pengguna Hak Pilih (B.1+B.2+B.3) | D28: LK | E28: =E19+E22+E25 -> 20009
D29: PR | E29: =E20+E23+E26 -> 20796
D30: JML | E30: =SUM(E28:E29) -> 40805
A32: II | B32: DATA PENGGUNAAN SURAT SUARA
A33: 1 | B33: Jumlah surat suara yang diterima, termasuk surat suara cadangan 2,5% dari DPT | E33: =BANGOREJO!AG33+KEBONDALEM!AH33+RINGINTELU!Z33+SAMBIMULYO!AF33+SAMBIREJO!AF33+SUKOREJO!AB33+TEMUREJO!AU33 -> 53184
A34: 2 | B34: Jumlah surat suara yang digunakan | E34: =BANGOREJO!AG34+KEBONDALEM!AH34+RINGINTELU!Z34+SAMBIMULYO!AF34+SAMBIREJO!AF34+SUKOREJO!AB34+TEMUREJO!AU34 -> 40789
A35: 3 | B35: Jumlah surat suara dikembalikan oleh pemilih (karena rusak atau keliru coblos) | E35: =BANGOREJO!AG35+KEBONDALEM!AH35+RINGINTELU!Z35+SAMBIMULYO!AF35+SAMBIREJO!AF35+SUKOREJO!AB35+TEMUREJO!AU35 -> 163
A36: 4 | B36: Jumlah surat suara yang tidak digunakan/tidak terpakai, termasuk sisa surat suara cadangan | E36: =E33-(E34+E35) -> 12232
A38: III | B38: DATA PEMILIH DISABILITAS
B39: Jumlah seluruh Pemilih disabilitas yang menggunakan hak pilih | D39: LK | E39: =BANGOREJO!AG39+KEBONDALEM!AH39+RINGINTELU!Z39+SAMBIMULYO!AF39+SAMBIREJO!AF39+SUKOREJO!AB39+TEMUREJO!AU39 -> 33
D40: PR | E40: =BANGOREJO!AG40+KEBONDALEM!AH40+RINGINTELU!Z40+SAMBIMULYO!AF40+SAMBIREJO!AF40+SUKOREJO!AB40+TEMUREJO!AU40 -> 38
D41: JML | E41: =SUM(E39:E40) -> 71
A43: IV | B43: DATA RINCIAN PEROLEHAN SUARA PASANGAN CALON BUPATI DAN WAKIL BUPATI
A44: NOMOR DAN NAMA CALON
A45: A.1 | B45: 1. | C45: Partai Kebangkitan Bangsa | E45: =BANGOREJO!AG45+KEBONDALEM!AH45+RINGINTELU!Z45+SAMBIMULYO!AF45+SAMBIREJO!AF45+SUKOREJO!AB45+TEMUREJO!AU45 -> 986
A46: A.2 | C46: 1. Dra. Hj. MA`MULAH HARUN, M.Pd.I. | E46: =BANGOREJO!AG46+KEBONDALEM!AH46+RINGINTELU!Z46+SAMBIMULYO!AF46+SAMBIREJO!AF46+SUKOREJO!AB46+TEMUREJO!AU46 -> 2422
C47: 2. UBAIDILLAH, S.Fil.I. | E47: =BANGOREJO!AG47+KEBONDALEM!AH47+RINGINTELU!Z47+SAMBIMULYO!AF47+SAMBIREJO!AF47+SUKOREJO!AB47+TEMUREJO!AU47 -> 594
C48: 3. Ir. H. YOYOK MULYADI, M.Si. | E48: =BANGOREJO!AG48+KEBONDALEM!AH48+RINGINTELU!Z48+SAMBIMULYO!AF48+SAMBIREJO!AF48+SUKOREJO!AB48+TEMUREJO!AU48 -> 110
C49: 4. KHOIRUL ANWAR, S.Fil.I. | E49: =BANGOREJO!AG49+KEBONDALEM!AH49+RINGINTELU!Z49+SAMBIMULYO!AF49+SAMBIREJO!AF49+SUKOREJO!AB49+TEMUREJO!AU49 -> 210
C50: 5. ARIF WIJAKSANA | E50: =BANGOREJO!AG50+KEBONDALEM!AH50+RINGINTELU!Z50+SAMBIMULYO!AF50+SAMBIREJO!AF50+SUKOREJO!AB50+TEMUREJO!AU50 -> 145
C51: 6. Dr. SITI YUMNAH | E51: =BANGOREJO!AG51+KEBONDALEM!AH51+RINGINTELU!Z51+SAMBIMULYO!AF51+SAMBIREJO!AF51+SUKOREJO!AB51+TEMUREJO!AU51 -> 78
C52: 7. MOHAMMAD ZAINI, M.Pd.I. | E52: =BANGOREJO!AG52+KEBONDALEM!AH52+RINGINTELU!Z52+SAMBIMULYO!AF52+SAMBIREJO!AF52+SUKOREJO!AB52+TEMUREJO!AU52 -> 118
C53: 8. FAWAIDUL MAKKIYAH | E53: =BANGOREJO!AG53+KEBONDALEM!AH53+RINGINTELU!Z53+SAMBIMULYO!AF53+SAMBIREJO!AF53+SUKOREJO!AB53+TEMUREJO!AU53 -> 27
C54: 9. IFFAH HIDAYATUR ROHMAH, S.Sos. | E54: =BANGOREJO!AG54+KEBONDALEM!AH54+RINGINTELU!Z54+SAMBIMULYO!AF54+SAMBIREJO!AF54+SUKOREJO!AB54+TEMUREJO!AU54 -> 68
A55: B | B55: JUMLAH SUARA SAH PARTAI POLITIK DAN CALON (A1 + A2) | E55: =SUM(E45:E52) -> 4663
A57: A.1 | B57: 2. | C57: Partai Gerakan Indonesia Raya | E57: =BANGOREJO!AG57+KEBONDALEM!AH57+RINGINTELU!Z57+SAMBIMULYO!AF57+SAMBIREJO!AF57+SUKOREJO!AB57+TEMUREJO!AU57 -> 1830
A58: A.2 | C58: 1. AHMAD HADINUDDIN, S.Pd.I. | E58: =BANGOREJO!AG58+KEBONDALEM!AH58+RINGINTELU!Z58+SAMBIMULYO!AF58+SAMBIREJO!AF58+SUKOREJO!AB58+TEMUREJO!AU58 -> 3362
C59: 2. BIMA RAFSANJANI RAFID | E59: =BANGOREJO!AG59+KEBONDALEM!AH59+RINGINTELU!Z59+SAMBIMULYO!AF59+SAMBIREJO!AF59+SUKOREJO!AB59+TEMUREJO!AU59 -> 1521
C60: 3. IRA DAMAYANTI | E60: =BANGOREJO!AG60+KEBONDALEM!AH60+RINGINTELU!Z60+SAMBIMULYO!AF60+SAMBIREJO!AF60+SUKOREJO!AB60+TEMUREJO!AU60 -> 351
C61: 4. MAULANA MALIK IBRAHIM, S.H. | E61: =BANGOREJO!AG61+KEBONDALEM!AH61+RINGINTELU!Z61+SAMBIMULYO!AF61+SAMBIREJO!AF61+SUKOREJO!AB61+TEMUREJO!AU61 -> 2214
C62: 5. LULUK ALFIATI | E62: =BANGOREJO!AG62+KEBONDALEM!AH62+RINGINTELU!Z62+SAMBIMULYO!AF62+SAMBIREJO!AF62+SUKOREJO!AB62+TEMUREJO!AU62 -> 222
C63: 6. ILHAM WAHYUDI, S.H. | E63: =BANGOREJO!AG63+KEBONDALEM!AH63+RINGINTELU!Z63+SAMBIMULYO!AF63+SAMBIREJO!AF63+SUKOREJO!AB63+TEMUREJO!AU63 -> 88
C64: 7. HAERUL ANWAR, S.Pd.I. | E64: =BANGOREJO!AG64+KEBONDALEM!AH64+RINGINTELU!Z64+SAMBIMULYO!AF64+SAMBIREJO!AF64+SUKOREJO!AB64+TEMUREJO!AU64 -> 60
C65: 8. YOVI ADHITYA WARDANI | E65: =BANGOREJO!AG65+KEBONDALEM!AH65+RINGINTELU!Z65+SAMBIMULYO!AF65+SAMBIREJO!AF65+SUKOREJO!AB65+TEMUREJO!AU65 -> 42
C66: 9. RITA AMELIA | E66: =BANGOREJO!AG66+KEBONDALEM!AH66+RINGINTELU!Z66+SAMBIMULYO!AF66+SAMBIREJO!AF66+SUKOREJO!AB66+TEMUREJO!AU66 -> 83
A67: B | B67: JUMLAH SUARA SAH PARTAI POLITIK DAN CALON (A1 + A2) | E67: =SUM(E57:E64) -> 9648
A69: A.1 | B69: 3. | C69: Partai Demokrasi Indonesia Perjuangan | E69: =BANGOREJO!AG69+KEBONDALEM!AH69+RINGINTELU!Z69+SAMBIMULYO!AF69+SAMBIREJO!AF69+SUKOREJO!AB69+TEMUREJO!AU69 -> 1914
A70: A.2 | C70: 1. MARTIN H., S.H., M.H. | E70: =BANGOREJO!AG70+KEBONDALEM!AH70+RINGINTELU!Z70+SAMBIMULYO!AF70+SAMBIREJO!AF70+SUKOREJO!AB70+TEMUREJO!AU70 -> 1141
C71: 2. HERMANTO, S.E. | E71: =BANGOREJO!AG71+KEBONDALEM!AH71+RINGINTELU!Z71+SAMBIMULYO!AF71+SAMBIREJO!AF71+SUKOREJO!AB71+TEMUREJO!AU71 -> 1307
C72: 3. EVY SUSILAWATI, S.E., M.M. | E72: =BANGOREJO!AG72+KEBONDALEM!AH72+RINGINTELU!Z72+SAMBIMULYO!AF72+SAMBIREJO!AF72+SUKOREJO!AB72+TEMUREJO!AU72 -> 602
C73: 4. M. SIROTTUDIN | E73: =BANGOREJO!AG73+KEBONDALEM!AH73+RINGINTELU!Z73+SAMBIMULYO!AF73+SAMBIREJO!AF73+SUKOREJO!AB73+TEMUREJO!AU73 -> 1728
C74: 5. ABDUL HAFID, S.H. | E74: =BANGOREJO!AG74+KEBONDALEM!AH74+RINGINTELU!Z74+SAMBIMULYO!AF74+SAMBIREJO!AF74+SUKOREJO!AB74+TEMUREJO!AU74 -> 436
C75: 6. NIKITA FORTUNA SURYANINGATI, A.Md.Keb. | E75: =BANGOREJO!AG75+KEBONDALEM!AH75+RINGINTELU!Z75+SAMBIMULYO!AF75+SAMBIREJO!AF75+SUKOREJO!AB75+TEMUREJO!AU75 -> 231
C76: 7. YUDHO ILHAM WIJAYA, S.E. | E76: =BANGOREJO!AG76+KEBONDALEM!AH76+RINGINTELU!Z76+SAMBIMULYO!AF76+SAMBIREJO!AF76+SUKOREJO!AB76+TEMUREJO!AU76 -> 233
C77: 8. SETIAWATI, S.H. | E77: =BANGOREJO!AG77+KEBONDALEM!AH77+RINGINTELU!Z77+SAMBIMULYO!AF77+SAMBIREJO!AF77+SUKOREJO!AB77+TEMUREJO!AU77 -> 147
C78: 9. EKO BUDI SANTOSO, S.H. | E78: =BANGOREJO!AG78+KEBONDALEM!AH78+RINGINTELU!Z78+SAMBIMULYO!AF78+SAMBIREJO!AF78+SUKOREJO!AB78+TEMUREJO!AU78 -> 308
A79: B | B79: JUMLAH SUARA SAH PARTAI POLITIK DAN CALON (A1 + A2) | E79: =SUM(E69:E76) -> 7592
A81: A.1 | B81: 4. | C81: Partai Golongan Karya | E81: =BANGOREJO!AG81+KEBONDALEM!AH81+RINGINTELU!Z81+SAMBIMULYO!AF81+SAMBIREJO!AF81+SUKOREJO!AB81+TEMUREJO!AU81 -> 906
A82: A.2 | C82: 1. PRANAYA YUDHA MAHARDHIKA | E82: =BANGOREJO!AG82+KEBONDALEM!AH82+RINGINTELU!Z82+SAMBIMULYO!AF82+SAMBIREJO!AF82+SUKOREJO!AB82+TEMUREJO!AU82 -> 2164
C83: 2. Dra. Ec. ENDANG SULASTUTY, M.I.P. | E83: =BANGOREJO!AG83+KEBONDALEM!AH83+RINGINTELU!Z83+SAMBIMULYO!AF83+SAMBIREJO!AF83+SUKOREJO!AB83+TEMUREJO!AU83 -> 241
C84: 3. AGUS REJEKI WARTONO | E84: =BANGOREJO!AG84+KEBONDALEM!AH84+RINGINTELU!Z84+SAMBIMULYO!AF84+SAMBIREJO!AF84+SUKOREJO!AB84+TEMUREJO!AU84 -> 119
C85: 4. Hj. TUTUK ASMA'A ZUCHROH, S.T., M.T. | E85: =BANGOREJO!AG85+KEBONDALEM!AH85+RINGINTELU!Z85+SAMBIMULYO!AF85+SAMBIREJO!AF85+SUKOREJO!AB85+TEMUREJO!AU85 -> 240
C86: 5. ADE M. RIZKI, S.E. | E86: =BANGOREJO!AG86+KEBONDALEM!AH86+RINGINTELU!Z86+SAMBIMULYO!AF86+SAMBIREJO!AF86+SUKOREJO!AB86+TEMUREJO!AU86 -> 156
C87: 6. ABDURAKHMAN, Bc.Kn. | E87: =BANGOREJO!AG87+KEBONDALEM!AH87+RINGINTELU!Z87+SAMBIMULYO!AF87+SAMBIREJO!AF87+SUKOREJO!AB87+TEMUREJO!AU87 -> 37
C88: 7. CENDY RHIYAN ADI PUTRI | E88: =BANGOREJO!AG88+KEBONDALEM!AH88+RINGINTELU!Z88+SAMBIMULYO!AF88+SAMBIREJO!AF88+SUKOREJO!AB88+TEMUREJO!AU88 -> 34
C89: 8. BAKTI WIJAYANTO, S.E. | E89: =BANGOREJO!AG89+KEBONDALEM!AH89+RINGINTELU!Z89+SAMBIMULYO!AF89+SAMBIREJO!AF89+SUKOREJO!AB89+TEMUREJO!AU89 -> 18
C90: 9. AHMAD UBAIDILLAH | E90: =BANGOREJO!AG90+KEBONDALEM!AH90+RINGINTELU!Z90+SAMBIMULYO!AF90+SAMBIREJO!AF90+SUKOREJO!AB90+TEMUREJO!AU90 -> 44
A91: B | B91: JUMLAH SUARA SAH PARTAI POLITIK DAN CALON (A1 + A2) | E91: =SUM(E81:E88) -> 3897
A93: A.1 | B93: 5. | C93: Partai NasDem | E93: =BANGOREJO!AG93+KEBONDALEM!AH93+RINGINTELU!Z93+SAMBIMULYO!AF93+SAMBIREJO!AF93+SUKOREJO!AB93+TEMUREJO!AU93 -> 574
A94: A.2 | C94: 1. ALI MUSTOFA, A.Md. | E94: =BANGOREJO!AG94+KEBONDALEM!AH94+RINGINTELU!Z94+SAMBIMULYO!AF94+SAMBIREJO!AF94+SUKOREJO!AB94+TEMUREJO!AU94 -> 416
C95: 2. Hj. BUAMI, S.H. | E95: =BANGOREJO!AG95+KEBONDALEM!AH95+RINGINTELU!Z95+SAMBIMULYO!AF95+SAMBIREJO!AF95+SUKOREJO!AB95+TEMUREJO!AU95 -> 91
C96: 3. SUGIONO, S.H. | E96: =BANGOREJO!AG96+KEBONDALEM!AH96+RINGINTELU!Z96+SAMBIMULYO!AF96+SAMBIREJO!AF96+SUKOREJO!AB96+TEMUREJO!AU96 -> 63
C97: 4. LULUK SUNARMIATININGSIH | E97: =BANGOREJO!AG97+KEBONDALEM!AH97+RINGINTELU!Z97+SAMBIMULYO!AF97+SAMBIREJO!AF97+SUKOREJO!AB97+TEMUREJO!AU97 -> 112
C98: 5. ANTON DJULIANTO ADI | E98: =BANGOREJO!AG98+KEBONDALEM!AH98+RINGINTELU!Z98+SAMBIMULYO!AF98+SAMBIREJO!AF98+SUKOREJO!AB98+TEMUREJO!AU98 -> 147
C99: 6. MOKHAMAD ROFI'I KHUSNAN | E99: =BANGOREJO!AG99+KEBONDALEM!AH99+RINGINTELU!Z99+SAMBIMULYO!AF99+SAMBIREJO!AF99+SUKOREJO!AB99+TEMUREJO!AU99 -> 32
C100: 7. Rr SETYO WATI | E100: =BANGOREJO!AG100+KEBONDALEM!AH100+RINGINTELU!Z100+SAMBIMULYO!AF100+SAMBIREJO!AF100+SUKOREJO!AB100+TEMUREJO!AU100 -> 18
C101: 8. ABD. KADIR ASSEGAFF | E101: =BANGOREJO!AG101+KEBONDALEM!AH101+RINGINTELU!Z101+SAMBIMULYO!AF101+SAMBIREJO!AF101+SUKOREJO!AB101+TEMUREJO!AU101 -> 12
C102: 9. FATHOR ZAINULLAH | E102: =BANGOREJO!AG102+KEBONDALEM!AH102+RINGINTELU!Z102+SAMBIMULYO!AF102+SAMBIREJO!AF102+SUKOREJO!AB102+TEMUREJO!AU102 -> 9
A103: B | B103: JUMLAH SUARA SAH PARTAI POLITIK DAN CALON (A1 + A2) | E103: =SUM(E93:E100) -> 1453
A105: A.1 | B105: 6. | C105: Partai Buruh | E105: =BANGOREJO!AG105+KEBONDALEM!AH105+RINGINTELU!Z105+SAMBIMULYO!AF105+SAMBIREJO!AF105+SUKOREJO!AB105+TEMUREJO!AU105 -> 50
A106: A.2 | C106: 1. AGUS SUPRIYADI | E106: =BANGOREJO!AG106+KEBONDALEM!AH106+RINGINTELU!Z106+SAMBIMULYO!AF106+SAMBIREJO!AF106+SUKOREJO!AB106+TEMUREJO!AU106 -> 48
C107: 2. ENI HARIATI | E107: =BANGOREJO!AG107+KEBONDALEM!AH107+RINGINTELU!Z107+SAMBIMULYO!AF107+SAMBIREJO!AF107+SUKOREJO!AB107+TEMUREJO!AU107 -> 34
A115: B | B115: JUMLAH SUARA SAH PARTAI POLITIK DAN CALON (A1 + A2) | E115: =SUM(E105:E112) -> 132
A117: A.1 | B117: 7. | C117: Partai Gelombang Rakyat Indonesia | E117: =BANGOREJO!AG117+KEBONDALEM!AH117+RINGINTELU!Z117+SAMBIMULYO!AF117+SAMBIREJO!AF117+SUKOREJO!AB117+TEMUREJO!AU117 -> 223
A118: A.2 | C118: 1. MIRZA MUHROSNI AROMA | E118: =BANGOREJO!AG118+KEBONDALEM!AH118+RINGINTELU!Z118+SAMBIMULYO!AF118+SAMBIREJO!AF118+SUKOREJO!AB118+TEMUREJO!AU118 -> 56
C119: 2. ACHMAD BAGUS SUGIARTO | E119: =BANGOREJO!AG119+KEBONDALEM!AH119+RINGINTELU!Z119+SAMBIMULYO!AF119+SAMBIREJO!AF119+SUKOREJO!AB119+TEMUREJO!AU119 -> 27
C120: 3. ELOK FITRIYA NINGSIH | E120: =BANGOREJO!AG120+KEBONDALEM!AH120+RINGINTELU!Z120+SAMBIMULYO!AF120+SAMBIREJO!AF120+SUKOREJO!AB120+TEMUREJO!AU120 -> 28
C121: 4. MADI | E121: =BANGOREJO!AG121+KEBONDALEM!AH121+RINGINTELU!Z121+SAMBIMULYO!AF121+SAMBIREJO!AF121+SUKOREJO!AB121+TEMUREJO!AU121 -> 8
C122: 5. LUKY PERMANASARI | E122: =BANGOREJO!AG122+KEBONDALEM!AH122+RINGINTELU!Z122+SAMBIMULYO!AF122+SAMBIREJO!AF122+SUKOREJO!AB122+TEMUREJO!AU122 -> 7
A127: B | B127: JUMLAH SUARA SAH PARTAI POLITIK DAN CALON (A1 + A2) | E127: =SUM(E117:E120) -> 334
A129: A.1 | B129: 8. | C129: Partai Keadilan Sejahtera | E129: =BANGOREJO!AG129+KEBONDALEM!AH129+RINGINTELU!Z129+SAMBIMULYO!AF129+SAMBIREJO!AF129+SUKOREJO!AB129+TEMUREJO!AU129 -> 90
A130: A.2 | C130: 1. H. IRWAN SETIAWAN | E130: =BANGOREJO!AG130+KEBONDALEM!AH130+RINGINTELU!Z130+SAMBIMULYO!AF130+SAMBIREJO!AF130+SUKOREJO!AB130+TEMUREJO!AU130 -> 186
...

Sheet BANGOREJO
C2: Kecamatan | D2: BANGOREJO
C3: Kabupaten | D3: BANYUWANGI
C4: Provinsi | D4: JAWA TIMUR
C9: Kelurahan | D9: BANGOREJO
A12: I | B12: DATA PEMILIH DAN PENGGUNAAN HAK PILIH | AG12: JUMLAH AKHIR
A13: A | B13: DATA PEMILIH | E13: TPS 001 | F13: TPS 002 | G13: TPS 003 | H13: TPS 004 | I13: TPS 005 | J13: TPS 006 | K13: TPS 007 | L13: TPS 008 | M13: TPS 009 | N13: TPS 010 | O13: TPS 011 | P13: TPS 012 | Q13: TPS 013 | R13: TPS 014 | S13: TPS 015 | T13: TPS 016 | U13: TPS 017 | V13: TPS 018 | W13: TPS 019 | X13: TPS 020 | Y13: TPS 021 | Z13: TPS 022 | AA13: TPS 023 | AB13: TPS 024 | AC13: TPS 025 | AD13: TPS 026 | AE13: TPS 027 | AF13: TPS 028
B14: Jumlah Pemilih dalam Daftar Pemilih Tetap (DPT) | D14: LK | E14: 129 | F14: 130 | G14: 151 | H14: 139 | I14: 144 | J14: 124 | K14: 119 | L14: 140 | M14: 147 | N14: 146 | O14: 130 | P14: 144 | Q14: 144 | R14: 139 | S14: 145 | T14: 135 | U14: 123 | V14: 140 | W14: 134 | X14: 140 | Y14: 116 | Z14: 122 | AA14: 126 | AB14: 120 | AC14: 144 | AD14: 112 | AE14: 86 | AF14: 101 | AG14: =SUM(E14:AF14) -> 3670
D15: PR | E15: 136 | F15: 138 | G15: 145 | H15: 128 | I15: 145 | J15: 137 | K15: 134 | L15: 140 | M15: 151 | N15: 147 | O15: 143 | P15: 140 | Q15: 145 | R15: 147 | S15: 149 | T15: 108 | U15: 118 | V15: 157 | W15: 155 | X15: 131 | Y15: 104 | Z15: 111 | AA15: 123 | AB15: 122 | AC15: 139 | AD15: 124 | AE15: 87 | AF15: 115 | AG15: =SUM(E15:AF15) -> 3719
D16: JML | E16: =SUM(E14:E15) -> 265 | F16: =SUM(F14:F15) -> 268 | G16: =SUM(G14:G15) -> 296 | H16: =SUM(H14:H15) -> 267 | I16: =SUM(I14:I15) -> 289 | J16: =SUM(J14:J15) -> 261 | K16: =SUM(K14:K15) -> 253 | L16: =SUM(L14:L15) -> 280 | ... AF16: =SUM(AF14:AF15) -> 216 | AG16: =SUM(E16:AF16) -> 7389
A18: B | B18: PENGGUNA HAK PILIH
B19: 1. | C19: Jumlah pengguna hak pilih dalam Daftar Pemilih Tetap (DPT) | D19: LK | E19: 100 | F19: 98 | G19: 110 | H19: 122 | I19: 111 | J19: 113 | K19: 99 | L19: 115 | M19: 124 | N19: 101 | O19: 102 | P19: 108 | Q19: 115 | R19: 110 | S19: 102 | T19: 88 | U19: 79 | V19: 109 | W19: 101 | X19: 120 | Y19: 95 | Z19: 90 | AA19: 87 | AB19: 94 | AC19: 99 | AD19: 77 | AE19: 64 | AF19: 78 | AG19: =SUM(E19:AF19) -> 2811
D20: PR | E20: 120 | F20: 108 | G20: 122 | H20: 112 | I20: 112 | J20: 121 | K20: 106 | L20: 118 | M20: 127 | N20: 121 | O20: 112 | P20: 114 | Q20: 126 | R20: 119 | S20: 120 | T20: 80 | U20: 93 | V20: 129 | W20: 125 | X20: 112 | Y20: 82 | Z20: 87 | AA20: 87 | AB20: 96 | AC20: 105 | AD20: 95 | AE20: 61 | AF20: 91 | AG20: =SUM(E20:AF20) -> 3001
D21: JML | E21: =SUM(E19:E20) -> 220 | F21: =SUM(F19:F20) -> 206 | G21: =SUM(G19:G20) -> 232 | H21: =SUM(H19:H20) -> 234 | I21: =SUM(I19:I20) -> 223 | J21: =SUM(J19:J20) -> 234 | K21: =SUM(K19:K20) -> 205 | L21: =SUM(L19:L20) -> 233 | ... AF21: =SUM(AF19:AF20) -> 169 | AG21: =SUM(E21:AF21) -> 5812
B22: 2. | C22: Jumlah pengguna hak pilih dalam Daftar Pemilih Tambahan (DPTb) | D22: LK | T22: 0 | U22: 0 | V22: 0 | W22: 0 | X22: 0 | Y22: 0 | Z22: 0 | AA22: 0 | AB22: 0 | AC22: 0 | AD22: 1 | AE22: 0 | AF22: 0 | AG22: =SUM(E22:AF22) -> 1
D23: PR | T23: 0 | U23: 0 | V23: 0 | W23: 0 | X23: 0 | Y23: 0 | Z23: 0 | AA23: 0 | AB23: 0 | AC23: 0 | AD23: 1 | AE23: 0 | AF23: 0 | AG23: =SUM(E23:AF23) -> 1
D24: JML | E24: =SUM(E22:E23) -> 0 | F24: =SUM(F22:F23) -> 0 | G24: =SUM(G22:G23) -> 0 | H24: =SUM(H22:H23) -> 0 | I24: =SUM(I22:I23) -> 0 | J24: =SUM(J22:J23) -> 0 | K24: =SUM(K22:K23) -> 0 | L24: =SUM(L22:L23) -> 0 | ... AF24: =SUM(AF22:AF23) -> 0 | AG24: =SUM(E24:AF24) -> 2
B25: 3. | C25: Jumlah pengguna hak pilih dalam Daftar Pemilih Khusus (DPK) | D25: LK | E25: 2 | F25: 3 | G25: 3 | H25: 0 | I25: 0 | J25: 2 | K25: 0 | L25: 0 | M25: 1 | N25: 1 | O25: 3 | P25: 2 | Q25: 5 | R25: 1 | S25: 2 | T25: 5 | U25: 2 | V25: 2 | W25: 2 | X25: 0 | Y25: 2 | Z25: 2 | AA25: 2 | AB25: 1 | AC25: 1 | AD25: 4 | AE25: 1 | AF25: 0 | AG25: =SUM(E25:AF25) -> 49
D26: PR | E26: 2 | F26: 1 | G26: 1 | H26: 2 | I26: 0 | J26: 2 | K26: 0 | L26: 0 | M26: 3 | N26: 0 | O26: 1 | P26: 6 | Q26: 4 | R26: 0 | S26: 2 | T26: 2 | U26: 1 | V26: 2 | W26: 2 | X26: 0 | Y26: 2 | Z26: 0 | AA26: 5 | AB26: 1 | AC26: 1 | AD26: 1 | AE26: 4 | AF26: 0 | AG26: =SUM(E26:AF26) -> 45
D27: JML | E27: =SUM(E25:E26) -> 4 | F27: =SUM(F25:F26) -> 4 | G27: =SUM(G25:G26) -> 4 | H27: =SUM(H25:H26) -> 2 | I27: =SUM(I25:I26) -> 0 | J27: =SUM(J25:J26) -> 4 | K27: =SUM(K25:K26) -> 0 | L27: =SUM(L25:L26) -> 0 | ... AF27: =SUM(AF25:AF26) -> 0 | AG27: =SUM(E27:AF27) -> 94
B28: 4. | C28: Jumlah Pengguna Hak Pilih (B.1+B.2+B.3) | D28: LK | E28: =SUM(E19,E22,E25) -> 102 | F28: =SUM(F19,F22,F25) -> 101 | G28: =SUM(G19,G22,G25) -> 113 | H28: =SUM(H19,H22,H25) -> 122 | I28: =SUM(I19,I22,I25) -> 111 | J28: =SUM(J19,J22,J25) -> 115 | K28: =SUM(K19,K22,K25) -> 99 | L28: =SUM(L19,L22,L25) -> 115 | ... AF28: =SUM(AF19,AF22,AF25) -> 78 | AG28: =SUM(E28:AF28) -> 2861
D29: PR | E29: =SUM(E20,E23,E26) -> 122 | F29: =SUM(F20,F23,F26) -> 109 | G29: =SUM(G20,G23,G26) -> 123 | H29: =SUM(H20,H23,H26) -> 114 | I29: =SUM(I20,I23,I26) -> 112 | J29: =SUM(J20,J23,J26) -> 123 | K29: =SUM(K20,K23,K26) -> 106 | L29: =SUM(L20,L23,L26) -> 118 | ... AF29: =SUM(AF20,AF23,AF26) -> 91 | AG29: =SUM(E29:AF29) -> 3047
D30: JML | E30: =SUM(E28:E29) -> 224 | F30: =SUM(F28:F29) -> 210 | G30: =SUM(G28:G29) -> 236 | H30: =SUM(H28:H29) -> 236 | I30: =SUM(I28:I29) -> 223 | J30: =SUM(J28:J29) -> 238 | K30: =SUM(K28:K29) -> 205 | L30: =SUM(L28:L29) -> 233 | ... AF30: =SUM(AF28:AF29) -> 169 | AG30: =SUM(E30:AF30) -> 5908
A32: II | B32: DATA PENGGUNAAN SURAT SUARA
A33: 1 | B33: Jumlah surat suara yang diterima, termasuk surat suara cadangan 2,5% dari DPT | E33: 271 | F33: 274 | G33: 302 | H33: 273 | I33: 293 | J33: 267 | K33: 254 | L33: 284 | M33: 304 | N33: 299 | O33: 278 | P33: 290 | Q33: 295 | R33: 291 | S33: 300 | T33: 248 | U33: 246 | V33: 303 | W33: 295 | X33: 277 | Y33: 225 | Z33: 238 | AA33: 254 | AB33: 247 | AC33: 288 | AD33: 240 | AE33: 177 | AF33: 221 | AG33: =SUM(E33:AF33) -> 7534
A34: 2 | B34: Jumlah surat suara yang digunakan | E34: 224 | F34: 210 | G34: 236 | H34: 236 | I34: 223 | J34: 238 | K34: 205 | L34: 233 | M34: 255 | N34: 223 | O34: 218 | P34: 230 | Q34: 250 | R34: 230 | S34: 226 | T34: 175 | U34: 175 | V34: 242 | W34: 230 | X34: 232 | Y34: 181 | Z34: 179 | AA34: 181 | AB34: 192 | AC34: 206 | AD34: 179 | AE34: 130 | AF34: 169 | AG34: =SUM(E34:AF34) -> 5908
A35: 3 | B35: Jumlah surat suara dikembalikan oleh pemilih (karena rusak atau keliru coblos) | E35: 0 | F35: 0 | G35: 0 | H35: 3 | I35: 0 | J35: 0 | K35: 0 | L35: 0 | M35: 0 | N35: 0 | O35: 2 | P35: 0 | Q35: 0 | R35: 0 | S35: 0 | T35: 1 | U35: 1 | V35: 1 | W35: 0 | X35: 0 | Y35: 0 | Z35: 2 | AA35: 1 | AB35: 0 | AC35: 0 | AD35: 0 | AE35: 0 | AF35: 0 | AG35: =SUM(E35:AF35) -> 11
A36: 4 | B36: Jumlah surat suara yang tidak digunakan/tidak terpakai, termasuk sisa surat suara cadangan | E36: =E33-(E34+E35) -> 47 | F36: =F33-(F34+F35) -> 64 | G36: =G33-(G34+G35) -> 66 | H36: =H33-(H34+H35) -> 34 | I36: =I33-(I34+I35) -> 70 | J36: =J33-(J34+J35) -> 29 | K36: =K33-(K34+K35) -> 49 | L36: =L33-(L34+L35) -> 51 | ... AF36: =AF33-(AF34+AF35) -> 52 | AG36: =SUM(E36:AF36) -> 1615
A38: III | B38: DATA PEMILIH DISABILITAS
B39: Jumlah seluruh Pemilih disabilitas yang menggunakan hak pilih | D39: LK | E39: 0 | F39: 0 | G39: 0 | H39: 0 | I39: 0 | J39: 0 | K39: 0 | L39: 0 | M39: 0 | N39: 0 | O39: 0 | P39: 0 | Q39: 0 | R39: 0 | S39: 0 | T39: 0 | U39: 0 | V39: 3 | W39: 0 | X39: 0 | Y39: 0 | Z39: 0 | AA39: 0 | AB39: 1 | AC39: 0 | AD39: 0 | AE39: 0 | AF39: 0 | AG39: =SUM(E39:AF39) -> 4
D40: PR | E40: 0 | F40: 0 | G40: 0 | H40: 0 | I40: 0 | J40: 0 | K40: 0 | L40: 0 | M40: 0 | N40: 0 | O40: 0 | P40: 0 | Q40: 0 | R40: 1 | S40: 0 | T40: 1 | U40: 0 | V40: 2 | W40: 0 | X40: 0 | Y40: 0 | Z40: 0 | AA40: 0 | AB40: 1 | AC40: 0 | AD40: 0 | AE40: 0 | AF40: 0 | AG40: =SUM(E40:AF40) -> 5
D41: JML | E41: =SUM(E39:E40) -> 0 | F41: =SUM(F39:F40) -> 0 | G41: =SUM(G39:G40) -> 0 | H41: =SUM(H39:H40) -> 0 | I41: =SUM(I39:I40) -> 0 | J41: =SUM(J39:J40) -> 0 | K41: =SUM(K39:K40) -> 0 | L41: =SUM(L39:L40) -> 0 | ... AF41: =SUM(AF39:AF40) -> 0 | AG41: =SUM(E41:AF41) -> 9
A43: IV | B43: DATA RINCIAN PEROLEHAN SUARA PASANGAN CALON BUPATI DAN WAKIL BUPATI
A44: NOMOR DAN NAMA CALON
A45: A.1 | B45: 1. | C45: Partai Kebangkitan Bangsa | E45: 10 | F45: 1 | G45: 6 | H45: 13 | I45: 1 | J45: 6 | K45: 1 | L45: 5 | M45: 0 | N45: 4 | O45: 10 | P45: 8 | Q45: 1 | R45: 4 | S45: 4 | T45: 2 | U45: 6 | V45: 2 | W45: 3 | X45: 9 | Y45: 1 | Z45: 2 | AA45: 1 | AB45: 1 | AC45: 7 | AD45: 3 | AE45: 1 | AF45: 1 | AG45: =SUM(E45:AF45) -> 113
A46: A.2 | C46: 1. Dra. Hj. MA`MULAH HARUN, M.Pd.I. | E46: 9 | F46: 6 | G46: 15 | H46: 29 | I46: 6 | J46: 6 | K46: 4 | L46: 8 | M46: 8 | N46: 9 | O46: 20 | P46: 19 | Q46: 8 | R46: 7 | S46: 8 | T46: 1 | U46: 3 | V46: 4 | W46: 7 | X46: 19 | Y46: 7 | Z46: 1 | AA46: 1 | AB46: 3 | AC46: 6 | AD46: 6 | AE46: 10 | AF46: 2 | AG46: =SUM(E46:AF46) -> 232
C47: 2. UBAIDILLAH, S.Fil.I. | E47: 0 | F47: 2 | G47: 4 | H47: 5 | I47: 0 | J47: 3 | K47: 0 | L47: 4 | M47: 2 | N47: 3 | O47: 3 | P47: 2 | Q47: 2 | R47: 3 | S47: 0 | T47: 0 | U47: 2 | V47: 1 | W47: 1 | X47: 2 | Y47: 1 | Z47: 1 | AA47: 3 | AB47: 0 | AC47: 1 | AD47: 1 | AE47: 2 | AF47: 0 | AG47: =SUM(E47:AF47) -> 48
C48: 3. Ir. H. YOYOK MULYADI, M.Si. | E48: 1 | F48: 0 | G48: 2 | H48: 3 | I48: 0 | J48: 0 | K48: 0 | L48: 1 | M48: 1 | N48: 1 | O48: 1 | P48: 0 | Q48: 0 | R48: 1 | S48: 1 | T48: 0 | U48: 1 | V48: 1 | W48: 0 | X48: 2 | Y48: 0 | Z48: 0 | AA48: 0 | AB48: 2 | AC48: 0 | AD48: 0 | AE48: 2 | AF48: 1 | AG48: =SUM(E48:AF48) -> 21
C49: 4. KHOIRUL ANWAR, S.Fil.I. | E49: 1 | F49: 0 | G49: 2 | H49: 1 | I49: 1 | J49: 2 | K49: 0 | L49: 0 | M49: 0 | N49: 1 | O49: 0 | P49: 3 | Q49: 3 | R49: 0 | S49: 0 | T49: 0 | U49: 0 | V49: 0 | W49: 1 | X49: 1 | Y49: 0 | Z49: 0 | AA49: 0 | AB49: 1 | AC49: 2 | AD49: 1 | AE49: 1 | AF49: 1 | AG49: =SUM(E49:AF49) -> 22
C50: 5. ARIF WIJAKSANA | E50: 0 | F50: 0 | G50: 1 | H50: 0 | I50: 1 | J50: 3 | K50: 0 | L50: 1 | M50: 0 | N50: 0 | O50: 1 | P50: 3 | Q50: 4 | R50: 0 | S50: 0 | T50: 0 | U50: 0 | V50: 1 | W50: 2 | X50: 2 | Y50: 1 | Z50: 0 | AA50: 1 | AB50: 0 | AC50: 4 | AD50: 0 | AE50: 1 | AF50: 0 | AG50: =SUM(E50:AF50) -> 26
C51: 6. Dr. SITI YUMNAH | E51: 0 | F51: 1 | G51: 2 | H51: 0 | I51: 0 | J51: 0 | K51: 0 | L51: 0 | M51: 1 | N51: 0 | O51: 2 | P51: 3 | Q51: 3 | R51: 1 | S51: 0 | T51: 0 | U51: 0 | V51: 0 | W51: 0 | X51: 1 | Y51: 0 | Z51: 0 | AA51: 0 | AB51: 0 | AC51: 0 | AD51: 0 | AE51: 1 | AF51: 0 | AG51: =SUM(E51:AF51) -> 15
C52: 7. MOHAMMAD ZAINI, M.Pd.I. | E52: 0 | F52: 1 | G52: 1 | H52: 3 | I52: 1 | J52: 1 | K52: 0 | L52: 1 | M52: 1 | N52: 1 | O52: 0 | P52: 0 | Q52: 2 | R52: 0 | S52: 0 | T52: 1 | U52: 0 | V52: 0 | W52: 1 | X52: 0 | Y52: 1 | Z52: 1 | AA52: 0 | AB52: 0 | AC52: 1 | AD52: 0 | AE52: 1 | AF52: 0 | AG52: =SUM(E52:AF52) -> 18
C53: 8. FAWAIDUL MAKKIYAH | E53: 0 | F53: 0 | G53: 0 | H53: 1 | I53: 0 | J53: 0 | K53: 0 | L53: 0 | M53: 0 | N53: 0 | O53: 0 | P53: 0 | Q53: 0 | R53: 0 | S53: 0 | T53: 0 | U53: 1 | V53: 0 | W53: 0 | X53: 3 | Y53: 0 | Z53: 0 | AA53: 0 | AB53: 0 | AC53: 0 | AD53: 0 | AE53: 1 | AF53: 0 | AG53: =SUM(E53:AF53) -> 6
C54: 9. IFFAH HIDAYATUR ROHMAH, S.Sos. | E54: 0 | F54: 0 | G54: 1 | H54: 0 | I54: 0 | J54: 1 | K54: 0 | L54: 0 | M54: 1 | N54: 0 | O54: 2 | P54: 0 | Q54: 0 | R54: 0 | S54: 0 | T54: 0 | U54: 0 | V54: 0 | W54: 0 | X54: 2 | Y54: 0 | Z54: 0 | AA54: 0 | AB54: 0 | AC54: 0 | AD54: 0 | AE54: 1 | AF54: 0 | AG54: =SUM(E54:AF54) -> 8
A55: B | B55: JUMLAH SUARA SAH PARTAI POLITIK DAN CALON (A1 + A2) | E55: =SUM(E45:E54) -> 21 | F55: =SUM(F45:F54) -> 11 | G55: =SUM(G45:G54) -> 34 | H55: =SUM(H45:H54) -> 55 | I55: =SUM(I45:I54) -> 10 | J55: =SUM(J45:J54) -> 22 | K55: =SUM(K45:K54) -> 5 | L55: =SUM(L45:L54) -> 20 | ... AG55: =SUM(AG45:AG54) -> 509
A57: A.1 | B57: 2. | C57: Partai Gerakan Indonesia Raya | E57: 7 | F57: 9 | G57: 9 | H57: 4 | I57: 5 | J57: 7 | K57: 0 | L57: 6 | M57: 11 | N57: 10 | O57: 12 | P57: 10 | Q57: 8 | R57: 9 | S57: 15 | T57: 12 | U57: 10 | V57: 15 | W57: 11 | X57: 15 | Y57: 3 | Z57: 9 | AA57: 14 | AB57: 8 | AC57: 12 | AD57: 22 | AE57: 9 | AF57: 11 | AG57: =SUM(E57:AF57) -> 273
A58: A.2 | C58: 1. AHMAD HADINUDDIN, S.Pd.I. | E58: 7 | F58: 6 | G58: 3 | H58: 11 | I58: 8 | J58: 13 | K58: 2 | L58: 6 | M58: 4 | N58: 15 | O58: 15 | P58: 12 | Q58: 11 | R58: 5 | S58: 6 | T58: 3 | U58: 10 | V58: 17 | W58: 4 | X58: 53 | Y58: 10 | Z58: 10 | AA58: 5 | AB58: 6 | AC58: 4 | AD58: 6 | AE58: 3 | AF58: 10 | AG58: =SUM(E58:AF58) -> 265
C59: 2. BIMA RAFSANJANI RAFID | E59: 6 | F59: 4 | G59: 6 | H59: 3 | I59: 10 | J59: 8 | K59: 2 | L59: 11 | M59: 2 | N59: 3 | O59: 3 | P59: 5 | Q59: 4 | R59: 4 | S59: 8 | T59: 0 | U59: 7 | V59: 12 | W59: 3 | X59: 4 | Y59: 3 | Z59: 5 | AA59: 2 | AB59: 3 | AC59: 6 | AD59: 31 | AE59: 29 | AF59: 20 | AG59: =SUM(E59:AF59) -> 204
C60: 3. IRA DAMAYANTI | E60: 3 | F60: 2 | G60: 2 | H60: 0 | I60: 4 | J60: 2 | K60: 0 | L60: 4 | M60: 2 | N60: 1 | O60: 3 | P60: 0 | Q60: 0 | R60: 0 | S60: 4 | T60: 0 | U60: 1 | V60: 2 | W60: 2 | X60: 3 | Y60: 4 | Z60: 1 | AA60: 3 | AB60: 1 | AC60: 2 | AD60: 2 | AE60: 3 | AF60: 3 | AG60: =SUM(E60:AF60) -> 54
C61: 4. MAULANA MALIK IBRAHIM, S.H. | E61: 3 | F61: 3 | G61: 5 | H61: 5 | I61: 49 | J61: 73 | K61: 1 | L61: 40 | M61: 126 | N61: 30 | O61: 12 | P61: 36 | Q61: 8 | R61: 18 | S61: 63 | T61: 12 | U61: 10 | V61: 30 | W61: 50 | X61: 4 | Y61: 2 | Z61: 6 | AA61: 57 | AB61: 20 | AC61: 45 | AD61: 13 | AE61: 1 | AF61: 54 | AG61: =SUM(E61:AF61) -> 776
C62: 5. LULUK ALFIATI | E62: 1 | F62: 3 | G62: 2 | H62: 1 | I62: 6 | J62: 0 | K62: 0 | L62: 1 | M62: 0 | N62: 2 | O62: 1 | P62: 0 | Q62: 2 | R62: 2 | S62: 0 | T62: 0 | U62: 1 | V62: 2 | W62: 1 | X62: 1 | Y62: 0 | Z62: 1 | AA62: 2 | AB62: 1 | AC62: 4 | AD62: 2 | AE62: 1 | AF62: 0 | AG62: =SUM(E62:AF62) -> 37
C63: 6. ILHAM WAHYUDI, S.H. | E63: 0 | F63: 0 | G63: 0 | H63: 0 | I63: 1 | J63: 2 | K63: 0 | L63: 0 | M63: 0 | N63: 1 | O63: 1 | P63: 0 | Q63: 1 | R63: 1 | S63: 1 | T63: 0 | U63: 0 | V63: 1 | W63: 0 | X63: 0 | Y63: 0 | Z63: 1 | AA63: 0 | AB63: 1 | AC63: 0 | AD63: 0 | AE63: 0 | AF63: 0 | AG63: =SUM(E63:AF63) -> 11
C64: 7. HAERUL ANWAR, S.Pd.I. | E64: 0 | F64: 0 | G64: 0 | H64: 0 | I64: 0 | J64: 2 | K64: 0 | L64: 2 | M64: 0 | N64: 1 | O64: 0 | P64: 0 | Q64: 2 | R64: 1 | S64: 0 | T64: 0 | U64: 0 | V64: 0 | W64: 0 | X64: 1 | Y64: 1 | Z64: 2 | AA64: 0 | AB64: 0 | AC64: 0 | AD64: 2 | AE64: 1 | AF64: 0 | AG64: =SUM(E64:AF64) -> 15
C65: 8. YOVI ADHITYA WARDANI | E65: 0 | F65: 0 | G65: 0 | H65: 0 | I65: 1 | J65: 0 | K65: 0 | L65: 0 | M65: 0 | N65: 0 | O65: 0 | P65: 0 | Q65: 0 | R65: 1 | S65: 0 | T65: 0 | U65: 0 | V65: 1 | W65: 1 | X65: 0 | Y65: 0 | Z65: 0 | AA65: 0 | AB65: 0 | AC65: 0 | AD65: 0 | AE65: 1 | AF65: 1 | AG65: =SUM(E65:AF65) -> 6
C66: 9. RITA AMELIA | E66: 1 | F66: 0 | G66: 1 | H66: 0 | I66: 1 | J66: 1 | K66: 0 | L66: 1 | M66: 1 | N66: 1 | O66: 0 | P66: 1 | Q66: 0 | R66: 0 | S66: 1 | T66: 0 | U66: 1 | V66: 3 | W66: 0 | X66: 0 | Y66: 0 | Z66: 3 | AA66: 0 | AB66: 0 | AC66: 0 | AD66: 0 | AE66: 1 | AF66: 1 | AG66: =SUM(E66:AF66) -> 18
A67: B | B67: JUMLAH SUARA SAH PARTAI POLITIK DAN CALON (A1 + A2) | E67: =SUM(E57:E66) -> 28 | F67: =SUM(F57:F66) -> 27 | G67: =SUM(G57:G66) -> 28 | H67: =SUM(H57:H66) -> 24 | I67: =SUM(I57:I66) -> 85 | J67: =SUM(J57:J66) -> 108 | K67: =SUM(K57:K66) -> 5 | L67: =SUM(L57:L66) -> 71 | ... AG67: =SUM(AG57:AG66) -> 1659
A69: A.1 | B69: 3. | C69: Partai Demokrasi Indonesia Perjuangan | E69: 4 | F69: 4 | G69: 5 | H69: 6 | I69: 8 | J69: 3 | K69: 2 | L69: 8 | M69: 10 | N69: 13 | O69: 14 | P69: 12 | Q69: 11 | R69: 12 | S69: 14 | T69: 10 | U69: 8 | V69: 12 | W69: 16 | X69: 8 | Y69: 5 | Z69: 2 | AA69: 5 | AB69: 14 | AC69: 14 | AD69: 12 | AE69: 4 | AF69: 1 | AG69: =SUM(E69:AF69) -> 237
A70: A.2 | C70: 1. MARTIN H., S.H., M.H. | E70: 4 | F70: 1 | G70: 4 | H70: 3 | I70: 8 | J70: 2 | K70: 0 | L70: 1 | M70: 2 | N70: 5 | O70: 7 | P70: 3 | Q70: 4 | R70: 6 | S70: 4 | T70: 6 | U70: 4 | V70: 15 | W70: 27 | X70: 6 | Y70: 4 | Z70: 3 | AA70: 2 | AB70: 7 | AC70: 8 | AD70: 7 | AE70: 1 | AF70: 0 | AG70: =SUM(E70:AF70) -> 144
C71: 2. HERMANTO, S.E. | E71: 2 | F71: 3 | G71: 3 | H71: 3 | I71: 4 | J71: 2 | K71: 3 | L71: 4 | M71: 3 | N71: 3 | O71: 6 | P71: 8 | Q71: 9 | R71: 9 | S71: 1 | T71: 2 | U71: 1 | V71: 5 | W71: 5 | X71: 5 | Y71: 1 | Z71: 2 | AA71: 3 | AB71: 5 | AC71: 3 | AD71: 7 | AE71: 2 | AF71: 1 | AG71: =SUM(E71:AF71) -> 105
C72: 3. EVY SUSILAWATI, S.E., M.M. | E72: 2 | F72: 1 | G72: 1 | H72: 3 | I72: 2 | J72: 1 | K72: 0 | L72: 3 | M72: 1 | N72: 1 | O72: 2 | P72: 4 | Q72: 8 | R72: 5 | S72: 0 | T72: 2 | U72: 1 | V72: 5 | W72: 2 | X72: 2 | Y72: 5 | Z72: 5 | AA72: 1 | AB72: 5 | AC72: 1 | AD72: 4 | AE72: 2 | AF72: 2 | AG72: =SUM(E72:AF72) -> 71
C73: 4. M. SIROTTUDIN | E73: 3 | F73: 4 | G73: 3 | H73: 4 | I73: 1 | J73: 2 | K73: 1 | L73: 8 | M73: 6 | N73: 1 | O73: 5 | P73: 6 | Q73: 5 | R73: 5 | S73: 3 | T73: 1 | U73: 0 | V73: 7 | W73: 3 | X73: 0 | Y73: 2 | Z73: 2 | AA73: 1 | AB73: 1 | AC73: 6 | AD73: 5 | AE73: 2 | AF73: 3 | AG73: =SUM(E73:AF73) -> 90
C74: 5. ABDUL HAFID, S.H. | E74: 4 | F74: 2 | G74: 2 | H74: 1 | I74: 1 | J74: 1 | K74: 0 | L74: 3 | M74: 1 | N74: 5 | O74: 4 | P74: 3 | Q74: 3 | R74: 6 | S74: 1 | T74: 1 | U74: 0 | V74: 4 | W74: 3 | X74: 2 | Y74: 2 | Z74: 2 | AA74: 1 | AB74: 1 | AC74: 3 | AD74: 0 | AE74: 1 | AF74: 0 | AG74: =SUM(E74:AF74) -> 57
C75: 6. NIKITA FORTUNA SURYANINGATI, A.Md.Keb. | E75: 4 | F75: 1 | G75: 1 | H75: 1 | I75: 5 | J75: 2 | K75: 1 | L75: 1 | M75: 1 | N75: 0 | O75: 3 | P75: 2 | Q75: 2 | R75: 3 | S75: 1 | T75: 0 | U75: 0 | V75: 2 | W75: 2 | X75: 0 | Y75: 0 | Z75: 2 | AA75: 0 | AB75: 1 | AC75: 0 | AD75: 1 | AE75: 0 | AF75: 0 | AG75: =SUM(E75:AF75) -> 36
C76: 7. YUDHO ILHAM WIJAYA, S.E. | E76: 0 | F76: 0 | G76: 1 | H76: 2 | I76: 6 | J76: 2 | K76: 0 | L76: 0 | M76: 2 | N76: 0 | O76: 0 | P76: 0 | Q76: 2 | R76: 1 | S76: 2 | T76: 3 | U76: 1 | V76: 1 | W76: 0 | X76: 1 | Y76: 0 | Z76: 3 | AA76: 5 | AB76: 8 | AC76: 1 | AD76: 1 | AE76: 0 | AF76: 0 | AG76: =SUM(E76:AF76) -> 42
C77: 8. SETIAWATI, S.H. | E77: 0 | F77: 0 | G77: 0 | H77: 0 | I77: 4 | J77: 3 | K77: 0 | L77: 0 | M77: 3 | N77: 1 | O77: 3 | P77: 0 | Q77: 1 | R77: 2 | S77: 1 | T77: 1 | U77: 0 | V77: 1 | W77: 2 | X77: 0 | Y77: 1 | Z77: 3 | AA77: 1 | AB77: 2 | AC77: 1 | AD77: 1 | AE77: 0 | AF77: 1 | AG77: =SUM(E77:AF77) -> 32
C78: 9. EKO BUDI SANTOSO, S.H. | E78: 0 | F78: 0 | G78: 2 | H78: 2 | I78: 4 | J78: 2 | K78: 0 | L78: 0 | M78: 1 | N78: 1 | O78: 4 | P78: 1 | Q78: 1 | R78: 1 | S78: 1 | T78: 0 | U78: 0 | V78: 2 | W78: 0 | X78: 1 | Y78: 0 | Z78: 2 | AA78: 1 | AB78: 2 | AC78: 4 | AD78: 3 | AE78: 4 | AF78: 0 | AG78: =SUM(E78:AF78) -> 39
A79: B | B79: JUMLAH SUARA SAH PARTAI POLITIK DAN CALON (A1 + A2) | E79: =SUM(E69:E78) -> 23 | F79: =SUM(F69:F78) -> 16 | G79: =SUM(G69:G78) -> 22 | H79: =SUM(H69:H78) -> 25 | I79: =SUM(I69:I78) -> 43 | J79: =SUM(J69:J78) -> 20 | K79: =SUM(K69:K78) -> 7 | L79: =SUM(L69:L78) -> 28 | ... AG79: =SUM(AG69:AG78) -> 853
A81: A.1 | B81: 4. | C81: Partai Golongan Karya | E81: 1 | F81: 1 | G81: 3 | H81: 2 | I81: 1 | J81: 1 | K81: 5 | L81: 5 | M81: 4 | N81: 4 | O81: 2 | P81: 2 | Q81: 7 | R81: 9 | S81: 6 | T81: 6 | U81: 5 | V81: 6 | W81: 4 | X81: 3 | Y81: 1 | Z81: 2 | AA81: 3 | AB81: 13 | AC81: 9 | AD81: 5 | AE81: 2 | AF81: 1 | AG81: =SUM(E81:AF81) -> 113
A82: A.2 | C82: 1. PRANAYA YUDHA MAHARDHIKA | E82: 4 | F82: 1 | G82: 6 | H82: 1 | I82: 3 | J82: 3 | K82: 152 | L82: 2 | M82: 0 | N82: 4 | O82: 7 | P82: 5 | Q82: 10 | R82: 9 | S82: 2 | T82: 1 | U82: 0 | V82: 9 | W82: 2 | X82: 6 | Y82: 1 | Z82: 1 | AA82: 1 | AB82: 11 | AC82: 8 | AD82: 3 | AE82: 1 | AF82: 1 | AG82: =SUM(E82:AF82) -> 254
C83: 2. Dra. Ec. ENDANG SULASTUTY, M.I.P. | E83: 0 | F83: 0 | G83: 0 | H83: 0 | I83: 0 | J83: 0 | K83: 1 | L83: 4 | M83: 0 | N83: 3 | O83: 2 | P83: 4 | Q83: 1 | R83: 0 | S83: 1 | T83: 1 | U83: 2 | V83: 5 | W83: 1 | X83: 1 | Y83: 0 | Z83: 0 | AA83: 0 | AB83: 0 | AC83: 2 | AD83: 3 | AE83: 1 | AF83: 4 | AG83: =SUM(E83:AF83) -> 36
C84: 3. AGUS REJEKI WARTONO | E84: 0 | F84: 0 | G84: 0 | H84: 0 | I84: 0 | J84: 0 | K84: 0 | L84: 1 | M84: 0 | N84: 1 | O84: 0 | P84: 3 | Q84: 1 | R84: 2 | S84: 0 | T84: 2 | U84: 1 | V84: 0 | W84: 0 | X84: 2 | Y84: 0 | Z84: 1 | AA84: 0 | AB84: 2 | AC84: 0 | AD84: 0 | AE84: 0 | AF84: 0 | AG84: =SUM(E84:AF84) -> 16
C85: 4. Hj. TUTUK ASMA'A ZUCHROH, S.T., M.T. | E85: 0 | F85: 1 | G85: 3 | H85: 1 | I85: 0 | J85: 0 | K85: 1 | L85: 1 | M85: 1 | N85: 3 | O85: 3 | P85: 1 | Q85: 3 | R85: 6 | S85: 2 | T85: 0 | U85: 2 | V85: 2 | W85: 0 | X85: 0 | Y85: 0 | Z85: 1 | AA85: 4 | AB85: 3 | AC85: 1 | AD85: 2 | AE85: 1 | AF85: 0 | AG85: =SUM(E85:AF85) -> 42
C86: 5. ADE M. RIZKI, S.E. | E86: 0 | F86: 0 | G86: 0 | H86: 0 | I86: 0 | J86: 0 | K86: 0 | L86: 0 | M86: 5 | N86: 6 | O86: 0 | P86: 1 | Q86: 0 | R86: 1 | S86: 0 | T86: 0 | U86: 1 | V86: 1 | W86: 0 | X86: 0 | Y86: 1 | Z86: 0 | AA86: 0 | AB86: 1 | AC86: 0 | AD86: 0 | AE86: 0 | AF86: 0 | AG86: =SUM(E86:AF86) -> 17
C87: 6. ABDURAKHMAN, Bc.Kn. | E87: 0 | F87: 0 | G87: 0 | H87: 0 | I87: 0 | J87: 0 | K87: 0 | L87: 0 | M87: 0 | N87: 1 | O87: 0 | P87: 0 | Q87: 1 | R87: 3 | S87: 0 | T87: 0 | U87: 1 | V87: 2 | W87: 0 | X87: 0 | Y87: 0 | Z87: 1 | AA87: 0 | AB87: 1 | AC87: 0 | AD87: 0 | AE87: 0 | AF87: 0 | AG87: =SUM(E87:AF87) -> 10
C88: 7. CENDY RHIYAN ADI PUTRI | E88: 0 | F88: 0 | G88: 0 | H88: 0 | I88: 0 | J88: 0 | K88: 0 | L88: 0 | M88: 0 | N88: 1 | O88: 1 | P88: 0 | Q88: 0 | R88: 1 | S88: 0 | T88: 0 | U88: 0 | V88: 1 | W88: 0 | X88: 0 | Y88: 0 | Z88: 3 | AA88: 0 | AB88: 0 | AC88: 0 | AD88: 0 | AE88: 1 | AF88: 0 | AG88: =SUM(E88:AF88) -> 8
C89: 8. BAKTI WIJAYANTO, S.E. | E89: 0 | F89: 0 | G89: 0 | H89: 1 | I89: 0 | J89: 0 | K89: 0 | L89: 0 | M89: 0 | N89: 0 | O89: 0 | P89: 1 | Q89: 0 | R89: 1 | S89: 0 | T89: 0 | U89: 0 | V89: 0 | W89: 0 | X89: 0 | Y89: 0 | Z89: 0 | AA89: 0 | AB89: 1 | AC89: 0 | AD89: 0 | AE89: 0 | AF89: 0 | AG89: =SUM(E89:AF89) -> 4
C90: 9. AHMAD UBAIDILLAH | E90: 0 | F90: 0 | G90: 0 | H90: 0 | I90: 0 | J90: 1 | K90: 0 | L90: 0 | M90: 0 | N90: 0 | O90: 1 | P90: 0 | Q90: 0 | R90: 0 | S90: 0 | T90: 0 | U90: 0 | V90: 1 | W90: 0 | X90: 0 | Y90: 0 | Z90: 1 | AA90: 1 | AB90: 2 | AC90: 1 | AD90: 0 | AE90: 0 | AF90: 0 | AG90: =SUM(E90:AF90) -> 8
A91: B | B91: JUMLAH SUARA SAH PARTAI POLITIK DAN CALON (A1 + A2) | E91: =SUM(E81:E90) -> 5 | F91: =SUM(F81:F90) -> 3 | G91: =SUM(G81:G90) -> 12 | H91: =SUM(H81:H90) -> 5 | I91: =SUM(I81:I90) -> 4 | J91: =SUM(J81:J90) -> 5 | K91: =SUM(K81:K90) -> 159 | L91: =SUM(L81:L90) -> 13 | ... AG91: =SUM(AG81:AG90) -> 508
A93: A.1 | B93: 5. | C93: Partai NasDem | E93: 2 | F93: 0 | G93: 1 | H93: 2 | I93: 1 | J93: 3 | K93: 0 | L93: 4 | M93: 2 | N93: 14 | O93: 7 | P93: 2 | Q93: 5 | R93: 4 | S93: 2 | T93: 6 | U93: 1 | V93: 0 | W93: 5 | X93: 7 | Y93: 4 | Z93: 0 | AA93: 3 | AB93: 0 | AC93: 0 | AD93: 1 | AE93: 1 | AF93: 1 | AG93: =SUM(E93:AF93) -> 78
A94: A.2 | C94: 1. ALI MUSTOFA, A.Md. | E94: 0 | F94: 1 | G94: 1 | H94: 2 | I94: 0 | J94: 1 | K94: 0 | L94: 1 | M94: 0 | N94: 2 | O94: 2 | P94: 4 | Q94: 1 | R94: 0 | S94: 0 | T94: 5 | U94: 3 | V94: 6 | W94: 2 | X94: 1 | Y94: 2 | Z94: 6 | AA94: 1 | AB94: 0 | AC94: 1 | AD94: 0 | AE94: 0 | AF94: 0 | AG94: =SUM(E94:AF94) -> 42
C95: 2. Hj. BUAMI, S.H. | E95: 0 | F95: 1 | G95: 0 | H95: 0 | I95: 1 | J95: 1 | K95: 2 | L95: 0 | M95: 0 | N95: 0 | O95: 1 | P95: 0 | Q95: 0 | R95: 0 | S95: 0 | T95: 1 | U95: 0 | V95: 0 | W95: 1 | X95: 2 | Y95: 1 | Z95: 0 | AA95: 0 | AB95: 0 | AC95: 0 | AD95: 0 | AE95: 0 | AF95: 0 | AG95: =SUM(E95:AF95) -> 11
C96: 3. SUGIONO, S.H. | E96: 1 | F96: 1 | G96: 0 | H96: 2 | I96: 0 | J96: 1 | K96: 0 | L96: 0 | M96: 0 | N96: 0 | O96: 0 | P96: 0 | Q96: 0 | R96: 0 | S96: 0 | T96: 2 | U96: 0 | V96: 1 | W96: 0 | X96: 2 | Y96: 0 | Z96: 0 | AA96: 0 | AB96: 1 | AC96: 0 | AD96: 0 | AE96: 1 | AF96: 0 | AG96: =SUM(E96:AF96) -> 12
C97: 4. LULUK SUNARMIATININGSIH | E97: 0 | F97: 0 | G97: 1 | H97: 1 | I97: 2 | J97: 2 | K97: 0 | L97: 0 | M97: 0 | N97: 2 | O97: 0 | P97: 2 | Q97: 1 | R97: 1 | S97: 0 | T97: 1 | U97: 2 | V97: 1 | W97: 0 | X97: 1 | Y97: 1 | Z97: 0 | AA97: 0 | AB97: 0 | AC97: 0 | AD97: 0 | AE97: 0 | AF97: 0 | AG97: =SUM(E97:AF97) -> 18
C98: 5. ANTON DJULIANTO ADI | E98: 0 | F98: 0 | G98: 0 | H98: 0 | I98: 0 | J98: 2 | K98: 0 | L98: 1 | M98: 0 | N98: 3 | O98: 2 | P98: 2 | Q98: 2 | R98: 1 | S98: 0 | T98: 4 | U98: 0 | V98: 0 | W98: 0 | X98: 1 | Y98: 3 | Z98: 0 | AA98: 0 | AB98: 0 | AC98: 0 | AD98: 0 | AE98: 0 | AF98: 0 | AG98: =SUM(E98:AF98) -> 21
C99: 6. MOKHAMAD ROFI'I KHUSNAN | E99: 0 | F99: 0 | G99: 0 | H99: 0 | I99: 0 | J99: 0 | K99: 0 | L99: 0 | M99: 0 | N99: 1 | O99: 0 | P99: 1 | Q99: 0 | R99: 0 | S99: 0 | T99: 1 | U99: 0 | V99: 0 | W99: 0 | X99: 0 | Y99: 0 | Z99: 1 | AA99: 0 | AB99: 0 | AC99: 0 | AD99: 0 | AE99: 0 | AF99: 0 | AG99: =SUM(E99:AF99) -> 4
C100: 7. Rr SETYO WATI | E100: 0 | F100: 0 | G100: 0 | H100: 0 | I100: 0 | J100: 0 | K100: 0 | L100: 0 | M100: 0 | N100: 0 | O100: 1 | P100: 0 | Q100: 0 | R100: 0 | S100: 0 | T100: 1 | U100: 0 | V100: 0 | W100: 0 | X100: 0 | Y100: 1 | Z100: 0 | AA100: 0 | AB100: 0 | AC100: 0 | AD100: 0 | AE100: 0 | AF100: 0 | AG100: =SUM(E100:AF100) -> 3
C101: 8. ABD. KADIR ASSEGAFF | E101: 0 | F101: 0 | G101: 0 | H101: 1 | I101: 0 | J101: 0 | K101: 0 | L101: 1 | M101: 0 | N101: 0 | O101: 0 | P101: 0 | Q101: 0 | R101: 0 | S101: 0 | T101: 1 | U101: 0 | V101: 0 | W101: 0 | X101: 1 | Y101: 0 | Z101: 0 | AA101: 0 | AB101: 0 | AC101: 0 | AD101: 0 | AE101: 0 | AF101: 0 | AG101: =SUM(E101:AF101) -> 4
C102: 9. FATHOR ZAINULLAH | E102: 0 | F102: 0 | G102: 0 | H102: 0 | I102: 0 | J102: 0 | K102: 0 | L102: 0 | M102: 0 | N102: 0 | O102: 1 | P102: 0 | Q102: 0 | R102: 0 | S102: 0 | T102: 0 | U102: 0 | V102: 0 | W102: 0 | X102: 0 | Y102: 1 | Z102: 0 | AA102: 0 | AB102: 0 | AC102: 0 | AD102: 1 | AE102: 0 | AF102: 0 | AG102: =SUM(E102:AF102) -> 3
A103: B | B103: JUMLAH SUARA SAH PARTAI POLITIK DAN CALON (A1 + A2) | E103: =SUM(E93:E102) -> 3 | F103: =SUM(F93:F102) -> 3 | G103: =SUM(G93:G102) -> 3 | H103: =SUM(H93:H102) -> 8 | I103: =SUM(I93:I102) -> 4 | J103: =SUM(J93:J102) -> 10 | K103: =SUM(K93:K102) -> 2 | L103: =SUM(L93:L102) -> 7 | ... AG103: =SUM(AG93:AG102) -> 196
A105: A.1 | B105: 6. | C105: Partai Buruh | E105: 0 | F105: 0 | G105: 1 | H105: 1 | I105: 0 | J105: 0 | K105: 0 | L105: 0 | M105: 1 | N105: 1 | O105: 0 | P105: 0 | Q105: 0 | R105: 1 | S105: 1 | T105: 0 | U105: 2 | V105: 0 | W105: 0 | X105: 0 | Y105: 0 | Z105: 0 | AA105: 0 | AB105: 0 | AC105: 0 | AD105: 0 | AE105: 0 | AF105: 2 | AG105: =SUM(E105:AF105) -> 10
A106: A.2 | C106: 1. AGUS SUPRIYADI | E106: 1 | F106: 0 | G106: 1 | H106: 2 | I106: 0 | J106: 1 | K106: 0 | L106: 0 | M106: 0 | N106: 0 | O106: 0 | P106: 0 | Q106: 0 | R106: 0 | S106: 0 | T106: 0 | U106: 0 | V106: 0 | W106: 0 | X106: 0 | Y106: 0 | Z106: 0 | AA106: 0 | AB106: 0 | AC106: 0 | AD106: 0 | AE106: 0 | AF106: 0 | AG106: =SUM(E106:AF106) -> 5
C107: 2. ENI HARIATI | E107: 0 | F107: 0 | G107: 0 | H107: 0 | I107: 0 | J107: 0 | K107: 0 | L107: 0 | M107: 0 | N107: 0 | O107: 0 | P107: 0 | Q107: 0 | R107: 1 | S107: 2 | T107: 0 | U107: 0 | V107: 1 | W107: 1 | X107: 0 | Y107: 0 | Z107: 0 | AA107: 0 | AB107: 0 | AC107: 0 | AD107: 0 | AE107: 1 | AF107: 0 | AG107: =SUM(E107:AF107) -> 6
A115: B | B115: JUMLAH SUARA SAH PARTAI POLITIK DAN CALON (A1 + A2) | E115: =SUM(E105:E114) -> 1 | F115: =SUM(F105:F114) -> 0 | G115: =SUM(G105:G114) -> 2 | H115: =SUM(H105:H114) -> 3 | I115: =SUM(I105:I114) -> 0 | J115: =SUM(J105:J114) -> 1 | K115: =SUM(K105:K114) -> 0 | L115: =SUM(L105:L114) -> 0 | ... AG115: =SUM(AG105:AG114) -> 21
A117: A.1 | B117: 7. | C117: Partai Gelombang Rakyat Indonesia | E117: 1 | F117: 1 | G117: 2 | H117: 0 | I117: 2 | J117: 5 | K117: 2 | L117: 2 | M117: 1 | N117: 1 | O117: 0 | P117: 1 | Q117: 1 | R117: 0 | S117: 0 | T117: 1 | U117: 2 | V117: 1 | W117: 3 | X117: 2 | Y117: 1 | Z117: 6 | AA117: 3 | AB117: 4 | AC117: 0 | AD117: 0 | AE117: 1 | AF117: 3 | AG117: =SUM(E117:AF117) -> 46
A118: A.2 | C118: 1. MIRZA MUHROSNI AROMA | E118: 1 | F118: 0 | G118: 0 | H118: 0 | I118: 0 | J118: 0 | K118: 0 | L118: 0 | M118: 0 | N118: 0 | O118: 0 | P118: 0 | Q118: 0 | R118: 1 | S118: 0 | T118: 0 | U118: 0 | V118: 0 | W118: 0 | X118: 1 | Y118: 0 | Z118: 0 | AA118: 0 | AB118: 2 | AC118: 1 | AD118: 0 | AE118: 0 | AF118: 0 | AG118: =SUM(E118:AF118) -> 6
C119: 2. ACHMAD BAGUS SUGIARTO | E119: 0 | F119: 1 | G119: 0 | H119: 1 | I119: 0 | J119: 0 | K119: 1 | L119: 0 | M119: 1 | N119: 0 | O119: 0 | P119: 0 | Q119: 1 | R119: 0 | S119: 1 | T119: 0 | U119: 0 | V119: 0 | W119: 0 | X119: 1 | Y119: 1 | Z119: 0 | AA119: 0 | AB119: 0 | AC119: 0 | AD119: 0 | AE119: 0 | AF119: 0 | AG119: =SUM(E119:AF119) -> 8
C120: 3. ELOK FITRIYA NINGSIH | E120: 0 | F120: 0 | G120: 0 | H120: 1 | I120: 1 | J120: 1 | K120: 0 | L120: 0 | M120: 0 | N120: 0 | O120: 0 | P120: 1 | Q120: 1 | R120: 0 | S120: 0 | T120: 0 | U120: 1 | V120: 0 | W120: 1 | X120: 0 | Y120: 0 | Z120: 0 | AA120: 0 | AB120: 1 | AC120: 1 | AD120: 0 | AE120: 0 | AF120: 0 | AG120: =SUM(E120:AF120) -> 9
C121: 4. MADI | E121: 0 | F121: 0 | G121: 0 | H121: 0 | I121: 0 | J121: 0 | K121: 0 | L121: 0 | M121: 0 | N121: 0 | O121: 0 | P121: 0 | Q121: 0 | R121: 0 | S121: 0 | T121: 0 | U121: 0 | V121: 0 | W121: 1 | X121: 0 | Y121: 0 | Z121: 0 | AA121: 0 | AB121: 0 | AC121: 0 | AD121: 0 | AE121: 0 | AF121: 1 | AG121: =SUM(E121:AF121) -> 2
C122: 5. LUKY PERMANASARI | E122: 0 | F122: 0 | G122: 0 | H122: 0 | I122: 0 | J122: 0 | K122: 0 | L122: 1 | M122: 0 | N122: 0 | O122: 0 | P122: 0 | Q122: 0 | R122: 0 | S122: 0 | T122: 0 | U122: 0 | V122: 0 | W122: 0 | X122: 0 | Y122: 0 | Z122: 0 | AA122: 0 | AB122: 0 | AC122: 0 | AD122: 0 | AE122: 0 | AF122: 0 | AG122: =SUM(E122:AF122) -> 1
A127: B | B127: JUMLAH SUARA SAH PARTAI POLITIK DAN CALON (A1 + A2) | E127: =SUM(E117:E126) -> 2 | F127: =SUM(F117:F126) -> 2 | G127: =SUM(G117:G126) -> 2 | H127: =SUM(H117:H126) -> 2 | I127: =SUM(I117:I126) -> 3 | J127: =SUM(J117:J126) -> 6 | K127: =SUM(K117:K126) -> 3 | L127: =SUM(L117:L126) -> 3 | ... AG127: =SUM(AG117:AG126) -> 72
A129: A.1 | B129: 8. | C129: Partai Keadilan Sejahtera | E129: 0 | F129: 1 | G129: 4 | H129: 2 | I129: 1 | J129: 0 | K129: 0 | L129: 2 | M129: 2 | N129: 0 | O129: 1 | P129: 1 | Q129: 0 | R129: 0 | S129: 0 | T129: 1 | U129: 2 | V129: 1 | W129: 0 | X129: 0 | Y129: 0 | Z129: 1 | AA129: 0 | AB129: 0 | AC129: 1 | AD129: 0 | AE129: 1 | AF129: 0 | AG129: =SUM(E129:AF129) -> 21
...

Sheet KEBONDALEM
C2: Kecamatan | D2: BANGOREJO
C3: Kabupaten | D3: BANYUWANGI
C4: Provinsi | D4: JAWA TIMUR
C9: Kelurahan | D9: KEBONDALEM
A12: I | B12: DATA PEMILIH DAN PENGGUNAAN HAK PILIH | AH12: JUMLAH AKHIR
A13: A | B13: DATA PEMILIH | E13: TPS 001 | F13: TPS 002 | G13: TPS 003 | H13: TPS 004 | I13: TPS 005 | J13: TPS 006 | K13: TPS 007 | L13: TPS 008 | M13: TPS 009 | N13: TPS 010 | O13: TPS 011 | P13: TPS 012 | Q13: TPS 013 | R13: TPS 014 | S13: TPS 015 | T13: TPS 016 | U13: TPS 017 | V13: TPS 018 | W13: TPS 019 | X13: TPS 020 | Y13: TPS 021 | Z13: TPS 022 | AA13: TPS 023 | AB13: TPS 024 | AC13: TPS 025 | AD13: TPS 026 | AE13: TPS 027 | AF13: TPS 028 | AG13: TPS 029
B14: Jumlah Pemilih dalam Daftar Pemilih Tetap (DPT) | D14: LK | E14: 137 | F14: 124 | G14: 141 | H14: 143 | I14: 136 | J14: 145 | K14: 145 | L14: 145 | M14: 134 | N14: 123 | O14: 138 | P14: 130 | Q14: 139 | R14: 135 | S14: 136 | T14: 142 | U14: 127 | V14: 143 | W14: 134 | X14: 138 | Y14: 147 | Z14: 145 | AA14: 144 | AB14: 114 | AC14: 130 | AD14: 127 | AE14: 130 | AF14: 85 | AG14: 141 | AH14: =SUM(E14:AG14) -> 3898
D15: PR | E15: 125 | F15: 152 | G15: 151 | H15: 149 | I15: 138 | J15: 125 | K15: 154 | L15: 144 | M15: 136 | N15: 122 | O15: 138 | P15: 138 | Q15: 153 | R15: 138 | S15: 145 | T15: 151 | U15: 127 | V15: 135 | W15: 132 | X15: 137 | Y15: 129 | Z15: 150 | AA15: 145 | AB15: 123 | AC15: 138 | AD15: 142 | AE15: 145 | AF15: 100 | AG15: 128 | AH15: =SUM(E15:AG15) -> 3990
D16: JML | E16: =SUM(E14:E15) -> 262 | F16: =SUM(F14:F15) -> 276 | G16: =SUM(G14:G15) -> 292 | H16: =SUM(H14:H15) -> 292 | I16: =SUM(I14:I15) -> 274 | J16: =SUM(J14:J15) -> 270 | K16: =SUM(K14:K15) -> 299 | L16: =SUM(L14:L15) -> 289 | ... AG16: =SUM(AG14:AG15) -> 269 | AH16: =SUM(E16:AG16) -> 7888
A18: B | B18: PENGGUNA HAK PILIH
B19: 1. | C19: Jumlah pengguna hak pilih dalam Daftar Pemilih Tetap (DPT) | D19: LK | E19: 89 | F19: 90 | G19: 90 | H19: 87 | I19: 103 | J19: 110 | K19: 88 | L19: 104 | M19: 100 | N19: 87 | O19: 101 | P19: 85 | Q19: 93 | R19: 97 | S19: 96 | T19: 100 | U19: 94 | V19: 107 | W19: 109 | X19: 110 | Y19: 108 | Z19: 89 | AA19: 93 | AB19: 89 | AC19: 92 | AD19: 90 | AE19: 102 | AF19: 65 | AG19: 107 | AH19: =SUM(E19:AG19) -> 2775
D20: PR | E20: 88 | F20: 100 | G20: 109 | H20: 115 | I20: 102 | J20: 102 | K20: 95 | L20: 113 | M20: 101 | N20: 99 | O20: 104 | P20: 91 | Q20: 103 | R20: 97 | S20: 87 | T20: 102 | U20: 99 | V20: 107 | W20: 120 | X20: 110 | Y20: 99 | Z20: 110 | AA20: 110 | AB20: 103 | AC20: 106 | AD20: 96 | AE20: 115 | AF20: 77 | AG20: 102 | AH20: =SUM(E20:AG20) -> 2962
D21: JML | E21: =SUM(E19:E20) -> 177 | F21: =SUM(F19:F20) -> 190 | G21: =SUM(G19:G20) -> 199 | H21: =SUM(H19:H20) -> 202 | I21: =SUM(I19:I20) -> 205 | J21: =SUM(J19:J20) -> 212 | K21: =SUM(K19:K20) -> 183 | L21: =SUM(L19:L20) -> 217 | ... AG21: =SUM(AG19:AG20) -> 209 | AH21: =SUM(E21:AG21) -> 5737
B22: 2. | C22: Jumlah pengguna hak pilih dalam Daftar Pemilih Tambahan (DPTb) | D22: LK | E22: 0 | F22: 0 | G22: 3 | H22: 0 | I22: 0 | J22: 0 | K22: 0 | L22: 0 | M22: 0 | N22: 0 | O22: 0 | P22: 0 | Q22: 0 | R22: 0 | S22: 0 | T22: 0 | U22: 1 | V22: 0 | W22: 0 | X22: 0 | Y22: 0 | Z22: 0 | AA22: 0 | AB22: 0 | AC22: 0 | AD22: 0 | AE22: 0 | AF22: 0 | AG22: 0 | AH22: =SUM(E22:AG22) -> 4
D23: PR | E23: 3 | F23: 0 | G23: 5 | H23: 0 | I23: 0 | J23: 0 | K23: 0 | L23: 0 | M23: 1 | N23: 2 | O23: 0 | P23: 0 | Q23: 0 | R23: 2 | S23: 0 | T23: 0 | U23: 1 | V23: 0 | W23: 0 | X23: 0 | Y23: 0 | Z23: 0 | AA23: 0 | AB23: 0 | AC23: 0 | AD23: 0 | AE23: 0 | AF23: 0 | AG23: 0 | AH23: =SUM(E23:AG23) -> 14
D24: JML | E24: =SUM(E22:E23) -> 3 | F24: =SUM(F22:F23) -> 0 | G24: =SUM(G22:G23) -> 8 | H24: =SUM(H22:H23) -> 0 | I24: =SUM(I22:I23) -> 0 | J24: =SUM(J22:J23) -> 0 | K24: =SUM(K22:K23) -> 0 | L24: =SUM(L22:L23) -> 0 | ... AG24: =SUM(AG22:AG23) -> 0 | AH24: =SUM(E24:AG24) -> 18
B25: 3. | C25: Jumlah pengguna hak pilih dalam Daftar Pemilih Khusus (DPK) | D25: LK | E25: 0 | F25: 0 | G25: 3 | H25: 0 | I25: 0 | J25: 0 | K25: 0 | L25: 0 | M25: 0 | N25: 0 | O25: 0 | P25: 0 | Q25: 0 | R25: 0 | S25: 0 | T25: 2 | U25: 2 | V25: 1 | W25: 0 | X25: 0 | Y25: 0 | Z25: 0 | AA25: 0 | AB25: 0 | AC25: 4 | AD25: 0 | AE25: 0 | AF25: 1 | AG25: 0 | AH25: =SUM(E25:AG25) -> 13
D26: PR | E26: 3 | F26: 0 | G26: 5 | H26: 0 | I26: 0 | J26: 0 | K26: 0 | L26: 0 | M26: 1 | N26: 2 | O26: 0 | P26: 0 | Q26: 0 | R26: 2 | S26: 0 | T26: 3 | U26: 2 | V26: 0 | W26: 0 | X26: 0 | Y26: 0 | Z26: 0 | AA26: 0 | AB26: 0 | AC26: 1 | AD26: 0 | AE26: 0 | AF26: 1 | AG26: 0 | AH26: =SUM(E26:AG26) -> 20
D27: JML | E27: =SUM(E25:E26) -> 3 | F27: =SUM(F25:F26) -> 0 | G27: =SUM(G25:G26) -> 8 | H27: =SUM(H25:H26) -> 0 | I27: =SUM(I25:I26) -> 0 | J27: =SUM(J25:J26) -> 0 | K27: =SUM(K25:K26) -> 0 | L27: =SUM(L25:L26) -> 0 | ... AG27: =SUM(AG25:AG26) -> 0 | AH27: =SUM(E27:AG27) -> 33
B28: 4. | C28: Jumlah Pengguna Hak Pilih (B.1+B.2+B.3) | D28: LK | E28: =SUM(E19,E22,E25) -> 89 | F28: =SUM(F19,F22,F25) -> 90 | G28: =SUM(G19,G22,G25) -> 96 | H28: =SUM(H19,H22,H25) -> 87 | I28: =SUM(I19,I22,I25) -> 103 | J28: =SUM(J19,J22,J25) -> 110 | K28: =SUM(K19,K22,K25) -> 88 | L28: =SUM(L19,L22,L25) -> 104 | ... AG28: =SUM(AG19,AG22,AG25) -> 107 | AH28: =SUM(E28:AG28) -> 2792
D29: PR | E29: =SUM(E20,E23,E26) -> 94 | F29: =SUM(F20,F23,F26) -> 100 | G29: =SUM(G20,G23,G26) -> 119 | H29: =SUM(H20,H23,H26) -> 115 | I29: =SUM(I20,I23,I26) -> 102 | J29: =SUM(J20,J23,J26) -> 102 | K29: =SUM(K20,K23,K26) -> 95 | L29: =SUM(L20,L23,L26) -> 113 | ... AG29: =SUM(AG20,AG23,AG26) -> 102 | AH29: =SUM(E29:AG29) -> 2996
D30: JML | E30: =SUM(E28:E29) -> 183 | F30: =SUM(F28:F29) -> 190 | G30: =SUM(G28:G29) -> 215 | H30: =SUM(H28:H29) -> 202 | I30: =SUM(I28:I29) -> 205 | J30: =SUM(J28:J29) -> 212 | K30: =SUM(K28:K29) -> 183 | L30: =SUM(L28:L29) -> 217 | ... AG30: =SUM(AG28:AG29) -> 209 | AH30: =SUM(E30:AG30) -> 5788
A32: II | B32: DATA PENGGUNAAN SURAT SUARA
A33: 1 | B33: Jumlah surat suara yang diterima, termasuk surat suara cadangan 2,5% dari DPT | E33: 268 | F33: 291 | G33: 298 | H33: 298 | I33: 280 | J33: 276 | K33: 301 | L33: 295 | M33: 276 | N33: 250 | O33: 282 | P33: 272 | Q33: 298 | R33: 279 | S33: 287 | T33: 299 | U33: 260 | V33: 291 | W33: 272 | X33: 281 | Y33: 282 | Z33: 301 | AA33: 295 | AB33: 242 | AC33: 274 | AD33: 275 | AE33: 281 | AF33: 188 | AG33: 275 | AH33: =SUM(E33:AG33) -> 8067
A34: 2 | B34: Jumlah surat suara yang digunakan | E34: 180 | F34: 190 | G34: 207 | H34: 202 | I34: 205 | J34: 212 | K34: 183 | L34: 217 | M34: 202 | N34: 188 | O34: 205 | P34: 176 | Q34: 196 | R34: 196 | S34: 183 | T34: 207 | U34: 199 | V34: 215 | W34: 229 | X34: 220 | Y34: 207 | Z34: 199 | AA34: 203 | AB34: 192 | AC34: 203 | AD34: 186 | AE34: 217 | AF34: 144 | AG34: 209 | AH34: =SUM(E34:AG34) -> 5772
A35: 3 | B35: Jumlah surat suara dikembalikan oleh pemilih (karena rusak atau keliru coblos) | E35: 0 | F35: 0 | G35: 0 | H35: 0 | I35: 1 | J35: 0 | K35: 0 | L35: 0 | M35: 0 | N35: 1 | O35: 0 | P35: 0 | Q35: 0 | R35: 0 | S35: 0 | T35: 0 | U35: 0 | V35: 0 | W35: 0 | X35: 0 | Y35: 0 | Z35: 0 | AA35: 2 | AB35: 0 | AC35: 0 | AD35: 0 | AE35: 0 | AF35: 0 | AG35: 0 | AH35: =SUM(E35:AG35) -> 4
A36: 4 | B36: Jumlah surat suara yang tidak digunakan/tidak terpakai, termasuk sisa surat suara cadangan | E36: =E33-(E34+E35) -> 88 | F36: =F33-(F34+F35) -> 101 | G36: =G33-(G34+G35) -> 91 | H36: =H33-(H34+H35) -> 96 | I36: =I33-(I34+I35) -> 74 | J36: =J33-(J34+J35) -> 64 | K36: =K33-(K34+K35) -> 118 | L36: =L33-(L34+L35) -> 78 | ... AG36: =AG33-(AG34+AG35) -> 66 | AH36: =SUM(E36:AG36) -> 2291
A38: III | B38: DATA PEMILIH DISABILITAS
B39: Jumlah seluruh Pemilih disabilitas yang menggunakan hak pilih | D39: LK | E39: 0 | F39: 0 | G39: 0 | H39: 0 | I39: 0 | J39: 0 | K39: 3 | L39: 3 | M39: 0 | N39: 0 | O39: 0 | P39: 0 | Q39: 0 | R39: 0 | S39: 0 | T39: 0 | U39: 1 | V39: 0 | W39: 0 | X39: 0 | Y39: 0 | Z39: 0 | AA39: 0 | AB39: 0 | AC39: 2 | AD39: 0 | AE39: 0 | AF39: 0 | AG39: 1 | AH39: =SUM(E39:AG39) -> 10
D40: PR | E40: 0 | F40: 0 | G40: 0 | H40: 0 | I40: 2 | J40: 0 | K40: 3 | L40: 7 | M40: 0 | N40: 0 | O40: 0 | P40: 0 | Q40: 0 | R40: 0 | S40: 0 | T40: 0 | U40: 1 | V40: 0 | W40: 0 | X40: 0 | Y40: 0 | Z40: 0 | AA40: 0 | AB40: 0 | AC40: 0 | AD40: 0 | AE40: 0 | AF40: 0 | AG40: 1 | AH40: =SUM(E40:AG40) -> 14
D41: JML | E41: =SUM(E39:E40) -> 0 | F41: =SUM(F39:F40) -> 0 | G41: =SUM(G39:G40) -> 0 | H41: =SUM(H39:H40) -> 0 | I41: =SUM(I39:I40) -> 2 | J41: =SUM(J39:J40) -> 0 | K41: =SUM(K39:K40) -> 6 | L41: =SUM(L39:L40) -> 10 | ... AG41: =SUM(AG39:AG40) -> 2 | AH41: =SUM(E41:AG41) -> 24
A43: IV | B43: DATA RINCIAN PEROLEHAN SUARA PASANGAN CALON BUPATI DAN WAKIL BUPATI
A44: NOMOR DAN NAMA CALON
A45: A.1 | B45: 1. | C45: Partai Kebangkitan Bangsa | E45: 7 | F45: 4 | G45: 2 | H45: 2 | I45: 11 | J45: 3 | K45: 5 | L45: 3 | M45: 2 | N45: 3 | O45: 3 | P45: 1 | Q45: 4 | R45: 3 | S45: 7 | T45: 1 | U45: 6 | V45: 3 | W45: 1 | X45: 6 | Y45: 4 | Z45: 6 | AA45: 4 | AB45: 2 | AC45: 8 | AD45: 8 | AE45: 2 | AF45: 1 | AG45: 8 | AH45: =SUM(E45:AG45) -> 120
A46: A.2 | C46: 1. Dra. Hj. MA`MULAH HARUN, M.Pd.I. | E46: 9 | F46: 4 | G46: 4 | H46: 7 | I46: 28 | J46: 20 | K46: 5 | L46: 12 | M46: 25 | N46: 13 | O46: 5 | P46: 4 | Q46: 2 | R46: 8 | S46: 9 | T46: 1 | U46: 6 | V46: 8 | W46: 1 | X46: 2 | Y46: 8 | Z46: 5 | AA46: 3 | AB46: 7 | AC46: 5 | AD46: 9 | AE46: 4 | AF46: 1 | AG46: 4 | AH46: =SUM(E46:AG46) -> 219
C47: 2. UBAIDILLAH, S.Fil.I. | E47: 1 | F47: 0 | G47: 1 | H47: 4 | I47: 2 | J47: 7 | K47: 1 | L47: 5 | M47: 19 | N47: 30 | O47: 0 | P47: 1 | Q47: 0 | R47: 1 | S47: 0 | T47: 0 | U47: 1 | V47: 1 | W47: 2 | X47: 0 | Y47: 1 | Z47: 0 | AA47: 4 | AB47: 0 | AC47: 0 | AD47: 1 | AE47: 0 | AF47: 0 | AG47: 2 | AH47: =SUM(E47:AG47) -> 84
C48: 3. Ir. H. YOYOK MULYADI, M.Si. | E48: 1 | F48: 0 | G48: 0 | H48: 0 | I48: 0 | J48: 1 | K48: 0 | L48: 0 | M48: 1 | N48: 1 | O48: 0 | P48: 1 | Q48: 1 | R48: 0 | S48: 0 | T48: 0 | U48: 0 | V48: 0 | W48: 0 | X48: 0 | Y48: 0 | Z48: 0 | AA48: 1 | AB48: 0 | AC48: 0 | AD48: 2 | AE48: 0 | AF48: 0 | AG48: 2 | AH48: =SUM(E48:AG48) -> 11
C49: 4. KHOIRUL ANWAR, S.Fil.I. | E49: 0 | F49: 0 | G49: 0 | H49: 1 | I49: 3 | J49: 1 | K49: 1 | L49: 1 | M49: 3 | N49: 2 | O49: 1 | P49: 0 | Q49: 0 | R49: 0 | S49: 0 | T49: 1 | U49: 1 | V49: 0 | W49: 0 | X49: 0 | Y49: 2 | Z49: 3 | AA49: 2 | AB49: 0 | AC49: 0 | AD49: 1 | AE49: 2 | AF49: 0 | AG49: 0 | AH49: =SUM(E49:AG49) -> 25
C50: 5. ARIF WIJAKSANA | E50: 0 | F50: 1 | G50: 0 | H50: 3 | I50: 0 | J50: 0 | K50: 1 | L50: 0 | M50: 0 | N50: 0 | O50: 2 | P50: 1 | Q50: 0 | R50: 2 | S50: 0 | T50: 0 | U50: 0 | V50: 0 | W50: 0 | X50: 0 | Y50: 2 | Z50: 0 | AA50: 0 | AB50: 0 | AC50: 1 | AD50: 0 | AE50: 1 | AF50: 0 | AG50: 0 | AH50: =SUM(E50:AG50) -> 14
C51: 6. Dr. SITI YUMNAH | E51: 2 | F51: 0 | G51: 0 | H51: 1 | I51: 0 | J51: 1 | K51: 0 | L51: 0 | M51: 0 | N51: 0 | O51: 0 | P51: 0 | Q51: 0 | R51: 0 | S51: 0 | T51: 0 | U51: 0 | V51: 0 | W51: 1 | X51: 0 | Y51: 0 | Z51: 0 | AA51: 0 | AB51: 0 | AC51: 0 | AD51: 0 | AE51: 0 | AF51: 0 | AG51: 1 | AH51: =SUM(E51:AG51) -> 6
C52: 7. MOHAMMAD ZAINI, M.Pd.I. | E52: 1 | F52: 0 | G52: 0 | H52: 0 | I52: 0 | J52: 0 | K52: 0 | L52: 1 | M52: 0 | N52: 0 | O52: 1 | P52: 0 | Q52: 0 | R52: 1 | S52: 0 | T52: 0 | U52: 0 | V52: 0 | W52: 0 | X52: 1 | Y52: 1 | Z52: 0 | AA52: 0 | AB52: 0 | AC52: 0 | AD52: 0 | AE52: 2 | AF52: 0 | AG52: 0 | AH52: =SUM(E52:AG52) -> 8
C53: 8. FAWAIDUL MAKKIYAH | E53: 0 | F53: 0 | G53: 0 | H53: 0 | I53: 0 | J53: 0 | K53: 0 | L53: 1 | M53: 0 | N53: 0 | O53: 0 | P53: 1 | Q53: 0 | R53: 0 | S53: 0 | T53: 0 | U53: 0 | V53: 0 | W53: 0 | X53: 0 | Y53: 0 | Z53: 0 | AA53: 0 | AB53: 0 | AC53: 0 | AD53: 1 | AE53: 0 | AF53: 0 | AG53: 0 | AH53: =SUM(E53:AG53) -> 3
C54: 9. IFFAH HIDAYATUR ROHMAH, S.Sos. | E54: 0 | F54: 0 | G54: 0 | H54: 0 | I54: 0 | J54: 1 | K54: 0 | L54: 0 | M54: 0 | N54: 0 | O54: 0 | P54: 0 | Q54: 2 | R54: 0 | S54: 0 | T54: 0 | U54: 0 | V54: 0 | W54: 2 | X54: 0 | Y54: 0 | Z54: 0 | AA54: 1 | AB54: 1 | AC54: 0 | AD54: 0 | AE54: 0 | AF54: 0 | AG54: 1 | AH54: =SUM(E54:AG54) -> 8
A55: B | B55: JUMLAH SUARA SAH PARTAI POLITIK DAN CALON (A1 + A2) | E55: =SUM(E45:E54) -> 21 | F55: =SUM(F45:F54) -> 9 | G55: =SUM(G45:G54) -> 7 | H55: =SUM(H45:H54) -> 18 | I55: =SUM(I45:I54) -> 44 | J55: =SUM(J45:J54) -> 34 | K55: =SUM(K45:K54) -> 13 | L55: =SUM(L45:L54) -> 23 | ... AH55: =SUM(AH45:AH54) -> 498
A57: A.1 | B57: 2. | C57: Partai Gerakan Indonesia Raya | E57: 9 | F57: 17 | G57: 14 | H57: 15 | I57: 9 | J57: 3 | K57: 9 | L57: 20 | M57: 12 | N57: 5 | O57: 16 | P57: 7 | Q57: 18 | R57: 8 | S57: 13 | T57: 14 | U57: 7 | V57: 2 | W57: 4 | X57: 12 | Y57: 13 | Z57: 18 | AA57: 14 | AB57: 14 | AC57: 6 | AD57: 13 | AE57: 20 | AF57: 11 | AG57: 16 | AH57: =SUM(E57:AG57) -> 339
A58: A.2 | C58: 1. AHMAD HADINUDDIN, S.Pd.I. | E58: 7 | F58: 37 | G58: 38 | H58: 20 | I58: 27 | J58: 24 | K58: 14 | L58: 58 | M58: 24 | N58: 13 | O58: 30 | P58: 8 | Q58: 11 | R58: 40 | S58: 15 | T58: 14 | U58: 11 | V58: 11 | W58: 6 | X58: 67 | Y58: 45 | Z58: 29 | AA58: 42 | AB58: 10 | AC58: 46 | AD58: 19 | AE58: 20 | AF58: 6 | AG58: 18 | AH58: =SUM(E58:AG58) -> 710
C59: 2. BIMA RAFSANJANI RAFID | E59: 8 | F59: 18 | G59: 39 | H59: 22 | I59: 6 | J59: 17 | K59: 26 | L59: 15 | M59: 13 | N59: 10 | O59: 14 | P59: 5 | Q59: 6 | R59: 6 | S59: 10 | T59: 1 | U59: 1 | V59: 1 | W59: 2 | X59: 5 | Y59: 4 | Z59: 7 | AA59: 0 | AB59: 3 | AC59: 5 | AD59: 9 | AE59: 13 | AF59: 5 | AG59: 37 | AH59: =SUM(E59:AG59) -> 308
C60: 3. IRA DAMAYANTI | E60: 0 | F60: 5 | G60: 3 | H60: 0 | I60: 3 | J60: 1 | K60: 3 | L60: 0 | M60: 1 | N60: 1 | O60: 0 | P60: 3 | Q60: 1 | R60: 1 | S60: 2 | T60: 0 | U60: 0 | V60: 1 | W60: 3 | X60: 0 | Y60: 0 | Z60: 1 | AA60: 4 | AB60: 3 | AC60: 1 | AD60: 4 | AE60: 3 | AF60: 3 | AG60: 1 | AH60: =SUM(E60:AG60) -> 48
C61: 4. MAULANA MALIK IBRAHIM, S.H. | E61: 4 | F61: 1 | G61: 1 | H61: 2 | I61: 4 | J61: 6 | K61: 3 | L61: 4 | M61: 5 | N61: 5 | O61: 32 | P61: 21 | Q61: 44 | R61: 1 | S61: 5 | T61: 3 | U61: 1 | V61: 3 | W61: 2 | X61: 27 | Y61: 18 | Z61: 13 | AA61: 1 | AB61: 15 | AC61: 2 | AD61: 7 | AE61: 56 | AF61: 57 | AG61: 12 | AH61: =SUM(E61:AG61) -> 355
C62: 5. LULUK ALFIATI | E62: 1 | F62: 1 | G62: 1 | H62: 0 | I62: 1 | J62: 0 | K62: 1 | L62: 1 | M62: 0 | N62: 1 | O62: 0 | P62: 2 | Q62: 1 | R62: 1 | S62: 1 | T62: 1 | U62: 0 | V62: 0 | W62: 3 | X62: 0 | Y62: 1 | Z62: 0 | AA62: 0 | AB62: 2 | AC62: 1 | AD62: 1 | AE62: 2 | AF62: 1 | AG62: 1 | AH62: =SUM(E62:AG62) -> 25
C63: 6. ILHAM WAHYUDI, S.H. | E63: 1 | F63: 0 | G63: 0 | H63: 0 | I63: 1 | J63: 1 | K63: 0 | L63: 0 | M63: 0 | N63: 0 | O63: 0 | P63: 0 | Q63: 0 | R63: 2 | S63: 0 | T63: 0 | U63: 0 | V63: 1 | W63: 0 | X63: 0 | Y63: 1 | Z63: 0 | AA63: 0 | AB63: 0 | AC63: 0 | AD63: 1 | AE63: 0 | AF63: 1 | AG63: 2 | AH63: =SUM(E63:AG63) -> 11
C64: 7. HAERUL ANWAR, S.Pd.I. | E64: 1 | F64: 0 | G64: 1 | H64: 1 | I64: 0 | J64: 0 | K64: 3 | L64: 0 | M64: 1 | N64: 0 | O64: 0 | P64: 1 | Q64: 0 | R64: 0 | S64: 0 | T64: 0 | U64: 0 | V64: 0 | W64: 0 | X64: 0 | Y64: 1 | Z64: 0 | AA64: 0 | AB64: 0 | AC64: 0 | AD64: 1 | AE64: 0 | AF64: 0 | AG64: 0 | AH64: =SUM(E64:AG64) -> 10
C65: 8. YOVI ADHITYA WARDANI | E65: 2 | F65: 0 | G65: 0 | H65: 0 | I65: 0 | J65: 0 | K65: 0 | L65: 0 | M65: 0 | N65: 0 | O65: 0 | P65: 0 | Q65: 0 | R65: 0 | S65: 0 | T65: 0 | U65: 0 | V65: 0 | W65: 0 | X65: 0 | Y65: 0 | Z65: 0 | AA65: 1 | AB65: 0 | AC65: 0 | AD65: 0 | AE65: 0 | AF65: 0 | AG65: 0 | AH65: =SUM(E65:AG65) -> 3
C66: 9. RITA AMELIA | E66: 0 | F66: 0 | G66: 0 | H66: 0 | I66: 0 | J66: 0 | K66: 0 | L66: 1 | M66: 0 | N66: 0 | O66: 1 | P66: 0 | Q66: 0 | R66: 0 | S66: 0 | T66: 0 | U66: 0 | V66: 0 | W66: 1 | X66: 0 | Y66: 0 | Z66: 1 | AA66: 0 | AB66: 0 | AC66: 1 | AD66: 1 | AE66: 0 | AF66: 0 | AG66: 0 | AH66: =SUM(E66:AG66) -> 6
A67: B | B67: JUMLAH SUARA SAH PARTAI POLITIK DAN CALON (A1 + A2) | E67: =SUM(E57:E66) -> 33 | F67: =SUM(F57:F66) -> 79 | G67: =SUM(G57:G66) -> 97 | H67: =SUM(H57:H66) -> 60 | I67: =SUM(I57:I66) -> 51 | J67: =SUM(J57:J66) -> 52 | K67: =SUM(K57:K66) -> 59 | L67: =SUM(L57:L66) -> 99 | ... AH67: =SUM(AH57:AH66) -> 1815
A69: A.1 | B69: 3. | C69: Partai Demokrasi Indonesia Perjuangan | E69: 14 | F69: 14 | G69: 6 | H69: 4 | I69: 5 | J69: 7 | K69: 8 | L69: 3 | M69: 5 | N69: 7 | O69: 9 | P69: 2 | Q69: 12 | R69: 5 | S69: 5 | T69: 7 | U69: 18 | V69: 5 | W69: 4 | X69: 6 | Y69: 6 | Z69: 10 | AA69: 9 | AB69: 6 | AC69: 9 | AD69: 11 | AE69: 10 | AF69: 4 | AG69: 14 | AH69: =SUM(E69:AG69) -> 225
A70: A.2 | C70: 1. MARTIN H., S.H., M.H. | E70: 3 | F70: 3 | G70: 2 | H70: 3 | I70: 3 | J70: 4 | K70: 4 | L70: 2 | M70: 1 | N70: 2 | O70: 2 | P70: 3 | Q70: 4 | R70: 3 | S70: 3 | T70: 11 | U70: 25 | V70: 2 | W70: 3 | X70: 5 | Y70: 5 | Z70: 3 | AA70: 12 | AB70: 7 | AC70: 5 | AD70: 5 | AE70: 5 | AF70: 4 | AG70: 6 | AH70: =SUM(E70:AG70) -> 140
C71: 2. HERMANTO, S.E. | E71: 3 | F71: 3 | G71: 1 | H71: 2 | I71: 4 | J71: 2 | K71: 3 | L71: 1 | M71: 2 | N71: 2 | O71: 2 | P71: 1 | Q71: 4 | R71: 1 | S71: 3 | T71: 2 | U71: 5 | V71: 1 | W71: 2 | X71: 2 | Y71: 1 | Z71: 0 | AA71: 2 | AB71: 9 | AC71: 1 | AD71: 4 | AE71: 2 | AF71: 1 | AG71: 3 | AH71: =SUM(E71:AG71) -> 69
C72: 3. EVY SUSILAWATI, S.E., M.M. | E72: 4 | F72: 2 | G72: 2 | H72: 4 | I72: 2 | J72: 2 | K72: 3 | L72: 3 | M72: 3 | N72: 2 | O72: 4 | P72: 3 | Q72: 1 | R72: 3 | S72: 0 | T72: 1 | U72: 0 | V72: 1 | W72: 4 | X72: 2 | Y72: 4 | Z72: 2 | AA72: 1 | AB72: 5 | AC72: 1 | AD72: 2 | AE72: 2 | AF72: 0 | AG72: 4 | AH72: =SUM(E72:AG72) -> 67
C73: 4. M. SIROTTUDIN | E73: 1 | F73: 0 | G73: 4 | H73: 0 | I73: 1 | J73: 7 | K73: 2 | L73: 11 | M73: 1 | N73: 4 | O73: 3 | P73: 2 | Q73: 0 | R73: 0 | S73: 1 | T73: 7 | U73: 16 | V73: 0 | W73: 3 | X73: 1 | Y73: 2 | Z73: 2 | AA73: 2 | AB73: 1 | AC73: 4 | AD73: 6 | AE73: 0 | AF73: 2 | AG73: 3 | AH73: =SUM(E73:AG73) -> 86
C74: 5. ABDUL HAFID, S.H. | E74: 3 | F74: 1 | G74: 1 | H74: 0 | I74: 0 | J74: 0 | K74: 2 | L74: 0 | M74: 0 | N74: 0 | O74: 1 | P74: 0 | Q74: 0 | R74: 0 | S74: 1 | T74: 0 | U74: 1 | V74: 0 | W74: 2 | X74: 0 | Y74: 0 | Z74: 0 | AA74: 0 | AB74: 2 | AC74: 1 | AD74: 4 | AE74: 1 | AF74: 0 | AG74: 3 | AH74: =SUM(E74:AG74) -> 23
C75: 6. NIKITA FORTUNA SURYANINGATI, A.Md.Keb. | E75: 1 | F75: 2 | G75: 2 | H75: 0 | I75: 1 | J75: 2 | K75: 0 | L75: 0 | M75: 0 | N75: 0 | O75: 2 | P75: 2 | Q75: 1 | R75: 0 | S75: 0 | T75: 0 | U75: 1 | V75: 1 | W75: 0 | X75: 0 | Y75: 1 | Z75: 0 | AA75: 0 | AB75: 2 | AC75: 0 | AD75: 1 | AE75: 0 | AF75: 0 | AG75: 1 | AH75: =SUM(E75:AG75) -> 20
C76: 7. YUDHO ILHAM WIJAYA, S.E. | E76: 3 | F76: 3 | G76: 0 | H76: 1 | I76: 3 | J76: 2 | K76: 2 | L76: 1 | M76: 0 | N76: 0 | O76: 0 | P76: 2 | Q76: 0 | R76: 0 | S76: 1 | T76: 1 | U76: 0 | V76: 0 | W76: 5 | X76: 0 | Y76: 1 | Z76: 0 | AA76: 0 | AB76: 2 | AC76: 6 | AD76: 3 | AE76: 0 | AF76: 0 | AG76: 1 | AH76: =SUM(E76:AG76) -> 37
C77: 8. SETIAWATI, S.H. | E77: 0 | F77: 0 | G77: 1 | H77: 0 | I77: 0 | J77: 1 | K77: 1 | L77: 0 | M77: 0 | N77: 0 | O77: 0 | P77: 0 | Q77: 1 | R77: 0 | S77: 0 | T77: 0 | U77: 0 | V77: 0 | W77: 2 | X77: 0 | Y77: 1 | Z77: 0 | AA77: 0 | AB77: 1 | AC77: 0 | AD77: 2 | AE77: 2 | AF77: 0 | AG77: 0 | AH77: =SUM(E77:AG77) -> 12
C78: 9. EKO BUDI SANTOSO, S.H. | E78: 1 | F78: 1 | G78: 0 | H78: 1 | I78: 1 | J78: 1 | K78: 0 | L78: 1 | M78: 0 | N78: 0 | O78: 0 | P78: 2 | Q78: 1 | R78: 2 | S78: 0 | T78: 0 | U78: 0 | V78: 0 | W78: 0 | X78: 2 | Y78: 0 | Z78: 1 | AA78: 2 | AB78: 2 | AC78: 7 | AD78: 3 | AE78: 0 | AF78: 0 | AG78: 0 | AH78: =SUM(E78:AG78) -> 28
A79: B | B79: JUMLAH SUARA SAH PARTAI POLITIK DAN CALON (A1 + A2) | E79: =SUM(E69:E78) -> 33 | F79: =SUM(F69:F78) -> 29 | G79: =SUM(G69:G78) -> 19 | H79: =SUM(H69:H78) -> 15 | I79: =SUM(I69:I78) -> 20 | J79: =SUM(J69:J78) -> 28 | K79: =SUM(K69:K78) -> 25 | L79: =SUM(L69:L78) -> 22 | ... AH79: =SUM(AH69:AH78) -> 707
A81: A.1 | B81: 4. | C81: Partai Golongan Karya | E81: 11 | F81: 8 | G81: 7 | H81: 11 | I81: 10 | J81: 11 | K81: 1 | L81: 14 | M81: 0 | N81: 3 | O81: 8 | P81: 7 | Q81: 16 | R81: 6 | S81: 10 | T81: 15 | U81: 3 | V81: 7 | W81: 7 | X81: 14 | Y81: 9 | Z81: 3 | AA81: 13 | AB81: 18 | AC81: 5 | AD81: 6 | AE81: 9 | AF81: 9 | AG81: 11 | AH81: =SUM(E81:AG81) -> 252
A82: A.2 | C82: 1. PRANAYA YUDHA MAHARDHIKA | E82: 7 | F82: 6 | G82: 12 | H82: 8 | I82: 10 | J82: 3 | K82: 12 | L82: 2 | M82: 9 | N82: 9 | O82: 4 | P82: 2 | Q82: 4 | R82: 5 | S82: 18 | T82: 82 | U82: 28 | V82: 6 | W82: 20 | X82: 14 | Y82: 13 | Z82: 4 | AA82: 6 | AB82: 19 | AC82: 5 | AD82: 6 | AE82: 14 | AF82: 3 | AG82: 2 | AH82: =SUM(E82:AG82) -> 333
C83: 2. Dra. Ec. ENDANG SULASTUTY, M.I.P. | E83: 2 | F83: 4 | G83: 2 | H83: 5 | I83: 2 | J83: 2 | K83: 7 | L83: 3 | M83: 2 | N83: 0 | O83: 0 | P83: 0 | Q83: 1 | R83: 2 | S83: 4 | T83: 3 | U83: 0 | V83: 3 | W83: 1 | X83: 3 | Y83: 4 | Z83: 2 | AA83: 2 | AB83: 1 | AC83: 0 | AD83: 0 | AE83: 4 | AF83: 0 | AG83: 4 | AH83: =SUM(E83:AG83) -> 63
C84: 3. AGUS REJEKI WARTONO | E84: 1 | F84: 2 | G84: 1 | H84: 2 | I84: 2 | J84: 0 | K84: 1 | L84: 1 | M84: 1 | N84: 1 | O84: 0 | P84: 0 | Q84: 2 | R84: 1 | S84: 2 | T84: 0 | U84: 0 | V84: 3 | W84: 1 | X84: 0 | Y84: 1 | Z84: 1 | AA84: 0 | AB84: 2 | AC84: 1 | AD84: 1 | AE84: 0 | AF84: 1 | AG84: 4 | AH84: =SUM(E84:AG84) -> 32
C85: 4. Hj. TUTUK ASMA'A ZUCHROH, S.T., M.T. | E85: 1 | F85: 1 | G85: 2 | H85: 4 | I85: 4 | J85: 1 | K85: 2 | L85: 2 | M85: 0 | N85: 2 | O85: 0 | P85: 4 | Q85: 2 | R85: 0 | S85: 4 | T85: 0 | U85: 0 | V85: 4 | W85: 0 | X85: 1 | Y85: 1 | Z85: 1 | AA85: 2 | AB85: 1 | AC85: 0 | AD85: 1 | AE85: 3 | AF85: 1 | AG85: 4 | AH85: =SUM(E85:AG85) -> 48
C86: 5. ADE M. RIZKI, S.E. | E86: 0 | F86: 0 | G86: 1 | H86: 1 | I86: 0 | J86: 0 | K86: 0 | L86: 1 | M86: 0 | N86: 1 | O86: 0 | P86: 2 | Q86: 0 | R86: 0 | S86: 0 | T86: 2 | U86: 0 | V86: 50 | W86: 34 | X86: 1 | Y86: 2 | Z86: 0 | AA86: 0 | AB86: 1 | AC86: 0 | AD86: 3 | AE86: 1 | AF86: 0 | AG86: 2 | AH86: =SUM(E86:AG86) -> 102
C87: 6. ABDURAKHMAN, Bc.Kn. | E87: 0 | F87: 0 | G87: 0 | H87: 2 | I87: 0 | J87: 1 | K87: 0 | L87: 0 | M87: 0 | N87: 1 | O87: 0 | P87: 0 | Q87: 0 | R87: 0 | S87: 0 | T87: 0 | U87: 0 | V87: 0 | W87: 0 | X87: 1 | Y87: 0 | Z87: 0 | AA87: 1 | AB87: 1 | AC87: 0 | AD87: 0 | AE87: 0 | AF87: 0 | AG87: 1 | AH87: =SUM(E87:AG87) -> 8
C88: 7. CENDY RHIYAN ADI PUTRI | E88: 0 | F88: 0 | G88: 0 | H88: 0 | I88: 0 | J88: 0 | K88: 0 | L88: 0 | M88: 0 | N88: 0 | O88: 0 | P88: 0 | Q88: 0 | R88: 0 | S88: 0 | T88: 0 | U88: 0 | V88: 0 | W88: 0 | X88: 0 | Y88: 0 | Z88: 0 | AA88: 0 | AB88: 0 | AC88: 0 | AD88: 0 | AE88: 0 | AF88: 0 | AG88: 0 | AH88: =SUM(E88:AG88) -> 0
C89: 8. BAKTI WIJAYANTO, S.E. | E89: 0 | F89: 0 | G89: 0 | H89: 0 | I89: 0 | J89: 0 | K89: 1 | L89: 0 | M89: 0 | N89: 0 | O89: 0 | P89: 0 | Q89: 0 | R89: 0 | S89: 0 | T89: 0 | U89: 0 | V89: 0 | W89: 0 | X89: 0 | Y89: 0 | Z89: 0 | AA89: 0 | AB89: 0 | AC89: 0 | AD89: 0 | AE89: 0 | AF89: 0 | AG89: 0 | AH89: =SUM(E89:AG89) -> 1
C90: 9. AHMAD UBAIDILLAH | E90: 0 | F90: 0 | G90: 0 | H90: 0 | I90: 0 | J90: 0 | K90: 0 | L90: 0 | M90: 0 | N90: 1 | O90: 0 | P90: 0 | Q90: 0 | R90: 0 | S90: 1 | T90: 0 | U90: 0 | V90: 2 | W90: 1 | X90: 0 | Y90: 2 | Z90: 0 | AA90: 0 | AB90: 1 | AC90: 0 | AD90: 0 | AE90: 0 | AF90: 0 | AG90: 0 | AH90: =SUM(E90:AG90) -> 8
A91: B | B91: JUMLAH SUARA SAH PARTAI POLITIK DAN CALON (A1 + A2) | E91: =SUM(E81:E90) -> 22 | F91: =SUM(F81:F90) -> 21 | G91: =SUM(G81:G90) -> 25 | H91: =SUM(H81:H90) -> 33 | I91: =SUM(I81:I90) -> 28 | J91: =SUM(J81:J90) -> 18 | K91: =SUM(K81:K90) -> 24 | L91: =SUM(L81:L90) -> 23 | ... AH91: =SUM(AH81:AH90) -> 847
A93: A.1 | B93: 5. | C93: Partai NasDem | E93: 2 | F93: 7 | G93: 1 | H93: 0 | I93: 1 | J93: 1 | K93: 2 | L93: 0 | M93: 0 | N93: 2 | O93: 2 | P93: 0 | Q93: 2 | R93: 2 | S93: 0 | T93: 0 | U93: 0 | V93: 1 | W93: 4 | X93: 0 | Y93: 1 | Z93: 0 | AA93: 1 | AB93: 0 | AC93: 0 | AD93: 3 | AE93: 0 | AF93: 0 | AG93: 2 | AH93: =SUM(E93:AG93) -> 34
A94: A.2 | C94: 1. ALI MUSTOFA, A.Md. | E94: 4 | F94: 3 | G94: 4 | H94: 1 | I94: 5 | J94: 1 | K94: 1 | L94: 0 | M94: 1 | N94: 1 | O94: 6 | P94: 0 | Q94: 3 | R94: 22 | S94: 4 | T94: 0 | U94: 0 | V94: 1 | W94: 2 | X94: 0 | Y94: 1 | Z94: 0 | AA94: 3 | AB94: 0 | AC94: 2 | AD94: 5 | AE94: 2 | AF94: 4 | AG94: 3 | AH94: =SUM(E94:AG94) -> 79
C95: 2. Hj. BUAMI, S.H. | E95: 0 | F95: 0 | G95: 0 | H95: 0 | I95: 1 | J95: 0 | K95: 0 | L95: 0 | M95: 0 | N95: 0 | O95: 1 | P95: 0 | Q95: 1 | R95: 0 | S95: 0 | T95: 0 | U95: 0 | V95: 0 | W95: 0 | X95: 0 | Y95: 0 | Z95: 0 | AA95: 0 | AB95: 0 | AC95: 0 | AD95: 0 | AE95: 0 | AF95: 0 | AG95: 0 | AH95: =SUM(E95:AG95) -> 3
C96: 3. SUGIONO, S.H. | E96: 0 | F96: 1 | G96: 1 | H96: 0 | I96: 0 | J96: 0 | K96: 0 | L96: 0 | M96: 0 | N96: 0 | O96: 1 | P96: 0 | Q96: 0 | R96: 0 | S96: 0 | T96: 0 | U96: 0 | V96: 0 | W96: 0 | X96: 0 | Y96: 0 | Z96: 0 | AA96: 0 | AB96: 0 | AC96: 0 | AD96: 1 | AE96: 0 | AF96: 0 | AG96: 0 | AH96: =SUM(E96:AG96) -> 4
C97: 4. LULUK SUNARMIATININGSIH | E97: 0 | F97: 0 | G97: 0 | H97: 1 | I97: 0 | J97: 1 | K97: 0 | L97: 0 | M97: 0 | N97: 0 | O97: 0 | P97: 0 | Q97: 1 | R97: 0 | S97: 0 | T97: 0 | U97: 0 | V97: 0 | W97: 1 | X97: 0 | Y97: 0 | Z97: 0 | AA97: 0 | AB97: 0 | AC97: 0 | AD97: 0 | AE97: 0 | AF97: 0 | AG97: 0 | AH97: =SUM(E97:AG97) -> 4
C98: 5. ANTON DJULIANTO ADI | E98: 1 | F98: 2 | G98: 0 | H98: 1 | I98: 0 | J98: 0 | K98: 0 | L98: 0 | M98: 0 | N98: 0 | O98: 0 | P98: 0 | Q98: 0 | R98: 0 | S98: 1 | T98: 0 | U98: 0 | V98: 0 | W98: 2 | X98: 0 | Y98: 0 | Z98: 0 | AA98: 0 | AB98: 0 | AC98: 2 | AD98: 0 | AE98: 0 | AF98: 0 | AG98: 0 | AH98: =SUM(E98:AG98) -> 9
C99: 6. MOKHAMAD ROFI'I KHUSNAN | E99: 2 | F99: 0 | G99: 0 | H99: 0 | I99: 0 | J99: 0 | K99: 0 | L99: 0 | M99: 0 | N99: 0 | O99: 0 | P99: 0 | Q99: 0 | R99: 1 | S99: 0 | T99: 0 | U99: 0 | V99: 0 | W99: 0 | X99: 0 | Y99: 0 | Z99: 0 | AA99: 0 | AB99: 1 | AC99: 0 | AD99: 0 | AE99: 0 | AF99: 0 | AG99: 0 | AH99: =SUM(E99:AG99) -> 4
C100: 7. Rr SETYO WATI | E100: 0 | F100: 0 | G100: 0 | H100: 0 | I100: 0 | J100: 0 | K100: 0 | L100: 0 | M100: 0 | N100: 0 | O100: 1 | P100: 0 | Q100: 0 | R100: 0 | S100: 1 | T100: 0 | U100: 0 | V100: 0 | W100: 0 | X100: 0 | Y100: 0 | Z100: 0 | AA100: 0 | AB100: 0 | AC100: 0 | AD100: 0 | AE100: 0 | AF100: 0 | AG100: 0 | AH100: =SUM(E100:AG100) -> 2
C101: 8. ABD. KADIR ASSEGAFF | E101: 0 | F101: 0 | G101: 0 | H101: 0 | I101: 0 | J101: 0 | K101: 0 | L101: 0 | M101: 0 | N101: 0 | O101: 0 | P101: 0 | Q101: 0 | R101: 0 | S101: 0 | T101: 0 | U101: 0 | V101: 0 | W101: 0 | X101: 1 | Y101: 0 | Z101: 0 | AA101: 0 | AB101: 0 | AC101: 0 | AD101: 0 | AE101: 0 | AF101: 0 | AG101: 0 | AH101: =SUM(E101:AG101) -> 1
C102: 9. FATHOR ZAINULLAH | E102: 0 | F102: 0 | G102: 0 | H102: 0 | I102: 0 | J102: 0 | K102: 0 | L102: 0 | M102: 0 | N102: 0 | O102: 0 | P102: 0 | Q102: 0 | R102: 0 | S102: 0 | T102: 0 | U102: 0 | V102: 0 | W102: 0 | X102: 0 | Y102: 0 | Z102: 0 | AA102: 0 | AB102: 0 | AC102: 0 | AD102: 0 | AE102: 0 | AF102: 0 | AG102: 0 | AH102: =SUM(E102:AG102) -> 0
A103: B | B103: JUMLAH SUARA SAH PARTAI POLITIK DAN CALON (A1 + A2) | E103: =SUM(E93:E102) -> 9 | F103: =SUM(F93:F102) -> 13 | G103: =SUM(G93:G102) -> 6 | H103: =SUM(H93:H102) -> 3 | I103: =SUM(I93:I102) -> 7 | J103: =SUM(J93:J102) -> 3 | K103: =SUM(K93:K102) -> 3 | L103: =SUM(L93:L102) -> 0 | ... AH103: =SUM(AH93:AH102) -> 140
A105: A.1 | B105: 6. | C105: Partai Buruh | E105: 0 | F105: 0 | G105: 0 | H105: 0 | I105: 0 | J105: 0 | K105: 0 | L105: 0 | M105: 0 | N105: 0 | O105: 0 | P105: 0 | Q105: 0 | R105: 0 | S105: 1 | T105: 0 | U105: 0 | V105: 0 | W105: 0 | X105: 0 | Y105: 0 | Z105: 0 | AA105: 0 | AB105: 0 | AC105: 0 | AD105: 0 | AE105: 1 | AF105: 0 | AG105: 0 | AH105: =SUM(E105:AG105) -> 2
A106: A.2 | C106: 1. AGUS SUPRIYADI | E106: 0 | F106: 0 | G106: 2 | H106: 0 | I106: 0 | J106: 0 | K106: 0 | L106: 0 | M106: 1 | N106: 0 | O106: 0 | P106: 0 | Q106: 0 | R106: 0 | S106: 2 | T106: 0 | U106: 0 | V106: 0 | W106: 0 | X106: 0 | Y106: 0 | Z106: 0 | AA106: 2 | AB106: 0 | AC106: 1 | AD106: 0 | AE106: 0 | AF106: 1 | AG106: 0 | AH106: =SUM(E106:AG106) -> 9
C107: 2. ENI HARIATI | E107: 0 | F107: 0 | G107: 0 | H107: 1 | I107: 0 | J107: 0 | K107: 0 | L107: 1 | M107: 0 | N107: 0 | O107: 0 | P107: 0 | Q107: 0 | R107: 0 | S107: 0 | T107: 0 | U107: 0 | V107: 0 | W107: 0 | X107: 0 | Y107: 0 | Z107: 0 | AA107: 0 | AB107: 0 | AC107: 0 | AD107: 0 | AE107: 0 | AF107: 0 | AG107: 0 | AH107: =SUM(E107:AG107) -> 2
A115: B | B115: JUMLAH SUARA SAH PARTAI POLITIK DAN CALON (A1 + A2) | E115: =SUM(E105:E114) -> 0 | F115: =SUM(F105:F114) -> 0 | G115: =SUM(G105:G114) -> 2 | H115: =SUM(H105:H114) -> 1 | I115: =SUM(I105:I114) -> 0 | J115: =SUM(J105:J114) -> 0 | K115: =SUM(K105:K114) -> 0 | L115: =SUM(L105:L114) -> 1 | ... AH115: =SUM(AH105:AH114) -> 13
A117: A.1 | B117: 7. | C117: Partai Gelombang Rakyat Indonesia | E117: 5 | F117: 0 | G117: 1 | H117: 0 | I117: 1 | J117: 0 | K117: 1 | L117: 0 | M117: 0 | N117: 0 | O117: 0 | P117: 3 | Q117: 0 | R117: 2 | S117: 1 | T117: 2 | U117: 1 | V117: 3 | W117: 1 | X117: 0 | Y117: 2 | Z117: 4 | AA117: 1 | AB117: 1 | AC117: 1 | AD117: 3 | AE117: 0 | AF117: 0 | AG117: 3 | AH117: =SUM(E117:AG117) -> 36
A118: A.2 | C118: 1. MIRZA MUHROSNI AROMA | E118: 0 | F118: 0 | G118: 0 | H118: 0 | I118: 0 | J118: 1 | K118: 1 | L118: 0 | M118: 0 | N118: 2 | O118: 2 | P118: 0 | Q118: 0 | R118: 0 | S118: 1 | T118: 0 | U118: 0 | V118: 0 | W118: 1 | X118: 0 | Y118: 0 | Z118: 1 | AA118: 0 | AB118: 0 | AC118: 0 | AD118: 1 | AE118: 0 | AF118: 0 | AG118: 0 | AH118: =SUM(E118:AG118) -> 10
C119: 2. ACHMAD BAGUS SUGIARTO | E119: 0 | F119: 0 | G119: 0 | H119: 0 | I119: 0 | J119: 0 | K119: 0 | L119: 0 | M119: 0 | N119: 0 | O119: 0 | P119: 1 | Q119: 0 | R119: 0 | S119: 0 | T119: 0 | U119: 0 | V119: 0 | W119: 0 | X119: 0 | Y119: 0 | Z119: 1 | AA119: 0 | AB119: 0 | AC119: 1 | AD119: 0 | AE119: 0 | AF119: 0 | AG119: 1 | AH119: =SUM(E119:AG119) -> 4
C120: 3. ELOK FITRIYA NINGSIH | E120: 0 | F120: 0 | G120: 0 | H120: 0 | I120: 0 | J120: 0 | K120: 0 | L120: 1 | M120: 0 | N120: 0 | O120: 0 | P120: 0 | Q120: 0 | R120: 1 | S120: 0 | T120: 0 | U120: 0 | V120: 0 | W120: 0 | X120: 0 | Y120: 0 | Z120: 0 | AA120: 0 | AB120: 0 | AC120: 0 | AD120: 0 | AE120: 0 | AF120: 0 | AG120: 0 | AH120: =SUM(E120:AG120) -> 2
C121: 4. MADI | E121: 0 | F121: 1 | G121: 0 | H121: 0 | I121: 0 | J121: 0 | K121: 0 | L121: 0 | M121: 0 | N121: 0 | O121: 0 | P121: 0 | Q121: 0 | R121: 0 | S121: 0 | T121: 1 | U121: 0 | V121: 0 | W121: 0 | X121: 0 | Y121: 0 | Z121: 0 | AA121: 0 | AB121: 0 | AC121: 0 | AD121: 0 | AE121: 0 | AF121: 0 | AG121: 0 | AH121: =SUM(E121:AG121) -> 2
C122: 5. LUKY PERMANASARI | E122: 0 | F122: 0 | G122: 0 | H122: 0 | I122: 0 | J122: 0 | K122: 0 | L122: 0 | M122: 0 | N122: 0 | O122: 0 | P122: 0 | Q122: 0 | R122: 0 | S122: 0 | T122: 0 | U122: 0 | V122: 0 | W122: 0 | X122: 0 | Y122: 0 | Z122: 1 | AA122: 0 | AB122: 0 | AC122: 0 | AD122: 0 | AE122: 0 | AF122: 0 | AG122: 0 | AH122: =SUM(E122:AG122) -> 1
A127: B | B127: JUMLAH SUARA SAH PARTAI POLITIK DAN CALON (A1 + A2) | E127: =SUM(E117:E126) -> 5 | F127: =SUM(F117:F126) -> 1 | G127: =SUM(G117:G126) -> 1 | H127: =SUM(H117:H126) -> 0 | I127: =SUM(I117:I126) -> 1 | J127: =SUM(J117:J126) -> 1 | K127: =SUM(K117:K126) -> 2 | L127: =SUM(L117:L126) -> 1 | ... AH127: =SUM(AH117:AH126) -> 55
A129: A.1 | B129: 8. | C129: Partai Keadilan Sejahtera | E129: 0 | F129: 0 | G129: 0 | H129: 2 | I129: 1 | J129: 0 | K129: 0 | L129: 0 | M129: 0 | N129: 0 | O129: 0 | P129: 0 | Q129: 0 | R129: 0 | S129: 0 | T129: 0 | U129: 0 | V129: 0 | W129: 0 | X129: 0 | Y129: 0 | Z129: 0 | AA129: 0 | AB129: 0 | AC129: 1 | AD129: 1 | AE129: 0 | AF129: 0 | AG129: 2 | AH129: =SUM(E129:AG129) -> 7
...

Sheet RINGINTELU
C2: Kecamatan | D2: BANGOREJO
C3: Kabupaten | D3: BANYUWANGI
C4: Provinsi | D4: JAWA TIMUR
C9: Kelurahan | D9: RINGINTELU
A12: I | B12: DATA PEMILIH DAN PENGGUNAAN HAK PILIH | Z12: JUMLAH AKHIR
A13: A | B13: DATA PEMILIH | E13: TPS 001 | F13: TPS 002 | G13: TPS 003 | H13: TPS 004 | I13: TPS 005 | J13: TPS 006 | K13: TPS 007 | L13: TPS 008 | M13: TPS 009 | N13: TPS 010 | O13: TPS 011 | P13: TPS 012 | Q13: TPS 013 | R13: TPS 014 | S13: TPS 015 | T13: TPS 016 | U13: TPS 017 | V13: TPS 018 | W13: TPS 019 | X13: TPS 020 | Y13: TPS 021
B14: Jumlah Pemilih dalam Daftar Pemilih Tetap (DPT) | D14: LK | E14: 140 | F14: 148 | G14: 109 | H14: 139 | I14: 147 | J14: 152 | K14: 104 | L14: 135 | M14: 146 | N14: 145 | O14: 142 | P14: 146 | Q14: 154 | R14: 141 | S14: 145 | T14: 97 | U14: 136 | V14: 144 | W14: 136 | X14: 134 | Y14: 135 | Z14: =SUM(E14:Y14) -> 2875
D15: PR | E15: 133 | F15: 125 | G15: 118 | H15: 152 | I15: 139 | J15: 142 | K15: 104 | L15: 141 | M15: 134 | N15: 132 | O15: 132 | P15: 137 | Q15: 135 | R15: 140 | S15: 143 | T15: 100 | U15: 143 | V15: 131 | W15: 123 | X15: 148 | Y15: 149 | Z15: =SUM(E15:Y15) -> 2801
D16: JML | E16: =SUM(E14:E15) -> 273 | F16: =SUM(F14:F15) -> 273 | G16: =SUM(G14:G15) -> 227 | H16: =SUM(H14:H15) -> 291 | I16: =SUM(I14:I15) -> 286 | J16: =SUM(J14:J15) -> 294 | K16: =SUM(K14:K15) -> 208 | L16: =SUM(L14:L15) -> 276 | ... Y16: =SUM(Y14:Y15) -> 284 | Z16: =SUM(E16:Y16) -> 5676
A18: B | B18: PENGGUNA HAK PILIH
B19: 1. | C19: Jumlah pengguna hak pilih dalam Daftar Pemilih Tetap (DPT) | D19: LK | E19: 98 | F19: 103 | G19: 75 | H19: 123 | I19: 98 | J19: 116 | K19: 70 | L19: 99 | M19: 97 | N19: 106 | O19: 101 | P19: 108 | Q19: 107 | R19: 108 | S19: 106 | T19: 68 | U19: 97 | V19: 101 | W19: 94 | X19: 91 | Y19: 97 | Z19: =SUM(E19:Y19) -> 2063
D20: PR | E20: 102 | F20: 79 | G20: 82 | H20: 108 | I20: 102 | J20: 109 | K20: 78 | L20: 107 | M20: 103 | N20: 88 | O20: 108 | P20: 120 | Q20: 102 | R20: 109 | S20: 115 | T20: 71 | U20: 101 | V20: 96 | W20: 102 | X20: 110 | Y20: 106 | Z20: =SUM(E20:Y20) -> 2098
D21: JML | E21: =SUM(E19:E20) -> 200 | F21: =SUM(F19:F20) -> 182 | G21: =SUM(G19:G20) -> 157 | H21: =SUM(H19:H20) -> 231 | I21: =SUM(I19:I20) -> 200 | J21: =SUM(J19:J20) -> 225 | K21: =SUM(K19:K20) -> 148 | L21: =SUM(L19:L20) -> 206 | ... Y21: =SUM(Y19:Y20) -> 203 | Z21: =SUM(E21:Y21) -> 4161
B22: 2. | C22: Jumlah pengguna hak pilih dalam Daftar Pemilih Tambahan (DPTb) | D22: LK | E22: 0 | F22: 0 | G22: 0 | H22: 0 | I22: 0 | J22: 0 | K22: 1 | L22: 0 | M22: 0 | N22: 0 | O22: 0 | P22: 0 | Q22: 0 | R22: 0 | S22: 0 | Z22: =SUM(E22:Y22) -> 1
D23: PR | E23: 0 | F23: 0 | G23: 0 | H23: 0 | I23: 1 | J23: 0 | K23: 0 | L23: 0 | M23: 0 | N23: 0 | O23: 0 | P23: 0 | Q23: 0 | R23: 0 | S23: 0 | Z23: =SUM(E23:Y23) -> 1
D24: JML | E24: =SUM(E22:E23) -> 0 | F24: =SUM(F22:F23) -> 0 | G24: =SUM(G22:G23) -> 0 | H24: =SUM(H22:H23) -> 0 | I24: =SUM(I22:I23) -> 1 | J24: =SUM(J22:J23) -> 0 | K24: =SUM(K22:K23) -> 1 | L24: =SUM(L22:L23) -> 0 | ... Y24: =SUM(Y22:Y23) -> 0 | Z24: =SUM(E24:Y24) -> 2
B25: 3. | C25: Jumlah pengguna hak pilih dalam Daftar Pemilih Khusus (DPK) | D25: LK | E25: 0 | F25: 0 | G25: 1 | H25: 0 | I25: 1 | J25: 1 | K25: 0 | L25: 0 | M25: 0 | N25: 0 | O25: 1 | P25: 0 | Q25: 0 | R25: 2 | S25: 1 | T25: 0 | U25: 3 | V25: 0 | W25: 1 | X25: 3 | Y25: 0 | Z25: =SUM(E25:Y25) -> 14
D26: PR | E26: 0 | F26: 0 | G26: 0 | H26: 0 | I26: 0 | J26: 3 | K26: 1 | L26: 0 | M26: 0 | N26: 1 | O26: 0 | P26: 0 | Q26: 0 | R26: 2 | S26: 1 | T26: 0 | U26: 1 | V26: 0 | W26: 0 | X26: 1 | Y26: 0 | Z26: =SUM(E26:Y26) -> 10
D27: JML | E27: =SUM(E25:E26) -> 0 | F27: =SUM(F25:F26) -> 0 | G27: =SUM(G25:G26) -> 1 | H27: =SUM(H25:H26) -> 0 | I27: =SUM(I25:I26) -> 1 | J27: =SUM(J25:J26) -> 4 | K27: =SUM(K25:K26) -> 1 | L27: =SUM(L25:L26) -> 0 | ... Y27: =SUM(Y25:Y26) -> 0 | Z27: =SUM(E27:Y27) -> 24
B28: 4. | C28: Jumlah Pengguna Hak Pilih (B.1+B.2+B.3) | D28: LK | E28: =SUM(E19,E22,E25) -> 98 | F28: =SUM(F19,F22,F25) -> 103 | G28: =SUM(G19,G22,G25) -> 76 | H28: =SUM(H19,H22,H25) -> 123 | I28: =SUM(I19,I22,I25) -> 99 | J28: =SUM(J19,J22,J25) -> 117 | K28: =SUM(K19,K22,K25) -> 71 | L28: =SUM(L19,L22,L25) -> 99 | ... Y28: =SUM(Y19,Y22,Y25) -> 97 | Z28: =SUM(E28:Y28) -> 2078
D29: PR | E29: =SUM(E20,E23,E26) -> 102 | F29: =SUM(F20,F23,F26) -> 79 | G29: =SUM(G20,G23,G26) -> 82 | H29: =SUM(H20,H23,H26) -> 108 | I29: =SUM(I20,I23,I26) -> 103 | J29: =SUM(J20,J23,J26) -> 112 | K29: =SUM(K20,K23,K26) -> 79 | L29: =SUM(L20,L23,L26) -> 107 | ... Y29: =SUM(Y20,Y23,Y26) -> 106 | Z29: =SUM(E29:Y29) -> 2109
D30: JML | E30: =SUM(E28:E29) -> 200 | F30: =SUM(F28:F29) -> 182 | G30: =SUM(G28:G29) -> 158 | H30: =SUM(H28:H29) -> 231 | I30: =SUM(I28:I29) -> 202 | J30: =SUM(J28:J29) -> 229 | K30: =SUM(K28:K29) -> 150 | L30: =SUM(L28:L29) -> 206 | ... Y30: =SUM(Y28:Y29) -> 203 | Z30: =SUM(E30:Y30) -> 4187
A32: II | B32: DATA PENGGUNAAN SURAT SUARA
A33: 1 | B33: Jumlah surat suara yang diterima, termasuk surat suara cadangan 2,5% dari DPT | E33: 279 | F33: 279 | G33: 232 | H33: 297 | I33: 292 | J33: 300 | K33: 213 | L33: 282 | M33: 286 | N33: 283 | O33: 280 | P33: 291 | Q33: 295 | R33: 287 | S33: 295 | T33: 201 | U33: 285 | V33: 281 | W33: 265 | X33: 288 | Y33: 290 | Z33: =SUM(E33:Y33) -> 5801
A34: 2 | B34: Jumlah surat suara yang digunakan | E34: 200 | F34: 182 | G34: 158 | H34: 231 | I34: 202 | J34: 229 | K34: 150 | L34: 206 | M34: 200 | N34: 195 | O34: 210 | P34: 228 | Q34: 209 | R34: 221 | S34: 223 | T34: 139 | U34: 202 | V34: 197 | W34: 197 | X34: 205 | Y34: 203 | Z34: =SUM(E34:Y34) -> 4187
A35: 3 | B35: Jumlah surat suara dikembalikan oleh pemilih (karena rusak atau keliru coblos) | E35: 0 | F35: 0 | G35: 0 | H35: 0 | I35: 0 | J35: 1 | K35: 0 | L35: 0 | M35: 0 | N35: 0 | O35: 0 | P35: 0 | Q35: 0 | R35: 25 | S35: 0 | T35: 0 | U35: 3 | V35: 0 | W35: 0 | X35: 0 | Y35: 1 | Z35: =SUM(E35:Y35) -> 30
A36: 4 | B36: Jumlah surat suara yang tidak digunakan/tidak terpakai, termasuk sisa surat suara cadangan | E36: =E33-(E34+E35) -> 79 | F36: =F33-(F34+F35) -> 97 | G36: =G33-(G34+G35) -> 74 | H36: =H33-(H34+H35) -> 66 | I36: =I33-(I34+I35) -> 90 | J36: =J33-(J34+J35) -> 70 | K36: =K33-(K34+K35) -> 63 | L36: =L33-(L34+L35) -> 76 | ... Y36: =Y33-(Y34+Y35) -> 86 | Z36: =SUM(E36:Y36) -> 1584
A38: III | B38: DATA PEMILIH DISABILITAS
B39: Jumlah seluruh Pemilih disabilitas yang menggunakan hak pilih | D39: LK | E39: 0 | F39: 0 | G39: 0 | H39: 0 | I39: 0 | J39: 0 | K39: 0 | L39: 0 | M39: 1 | N39: 0 | O39: 0 | P39: 0 | Q39: 0 | R39: 0 | S39: 0 | T39: 0 | U39: 0 | V39: 2 | W39: 0 | X39: 0 | Y39: 0 | Z39: =SUM(E39:Y39) -> 3
D40: PR | E40: 1 | F40: 0 | G40: 0 | H40: 0 | I40: 0 | J40: 1 | K40: 0 | L40: 0 | M40: 0 | N40: 0 | O40: 0 | P40: 0 | Q40: 0 | R40: 0 | S40: 0 | T40: 0 | U40: 0 | V40: 0 | W40: 0 | X40: 0 | Y40: 0 | Z40: =SUM(E40:Y40) -> 2
D41: JML | E41: =SUM(E39:E40) -> 1 | F41: =SUM(F39:F40) -> 0 | G41: =SUM(G39:G40) -> 0 | H41: =SUM(H39:H40) -> 0 | I41: =SUM(I39:I40) -> 0 | J41: =SUM(J39:J40) -> 1 | K41: =SUM(K39:K40) -> 0 | L41: =SUM(L39:L40) -> 0 | ... Y41: =SUM(Y39:Y40) -> 0 | Z41: =SUM(E41:Y41) -> 5
A43: IV | B43: DATA RINCIAN PEROLEHAN SUARA PASANGAN CALON BUPATI DAN WAKIL BUPATI
A44: NOMOR DAN NAMA CALON
A45: A.1 | B45: 1. | C45: Partai Kebangkitan Bangsa | E45: 3 | F45: 3 | G45: 1 | H45: 9 | I45: 14 | J45: 7 | K45: 7 | L45: 6 | M45: 12 | N45: 7 | O45: 18 | P45: 6 | Q45: 4 | R45: 4 | S45: 6 | T45: 2 | U45: 5 | V45: 12 | W45: 7 | X45: 8 | Y45: 3 | Z45: =SUM(E45:Y45) -> 144
A46: A.2 | C46: 1. Dra. Hj. MA`MULAH HARUN, M.Pd.I. | E46: 14 | F46: 3 | G46: 6 | H46: 14 | I46: 12 | J46: 18 | K46: 5 | L46: 21 | M46: 25 | N46: 24 | O46: 65 | P46: 18 | Q46: 8 | R46: 6 | S46: 10 | T46: 4 | U46: 5 | V46: 8 | W46: 1 | X46: 2 | Y46: 5 | Z46: =SUM(E46:Y46) -> 274
C47: 2. UBAIDILLAH, S.Fil.I. | E47: 2 | F47: 3 | G47: 1 | H47: 1 | I47: 20 | J47: 18 | K47: 7 | L47: 10 | M47: 2 | N47: 4 | O47: 2 | P47: 5 | Q47: 2 | R47: 0 | S47: 3 | T47: 0 | U47: 0 | V47: 1 | W47: 0 | X47: 0 | Y47: 0 | Z47: =SUM(E47:Y47) -> 81
C48: 3. Ir. H. YOYOK MULYADI, M.Si. | E48: 2 | F48: 1 | G48: 1 | H48: 0 | I48: 0 | J48: 1 | K48: 0 | L48: 3 | M48: 0 | N48: 2 | O48: 0 | P48: 1 | Q48: 0 | R48: 0 | S48: 0 | T48: 1 | U48: 0 | V48: 1 | W48: 1 | X48: 0 | Y48: 0 | Z48: =SUM(E48:Y48) -> 14
C49: 4. KHOIRUL ANWAR, S.Fil.I. | E49: 1 | F49: 0 | G49: 1 | H49: 5 | I49: 1 | J49: 3 | K49: 4 | L49: 5 | M49: 1 | N49: 5 | O49: 0 | P49: 6 | Q49: 2 | R49: 2 | S49: 2 | T49: 0 | U49: 1 | V49: 0 | W49: 0 | X49: 0 | Y49: 0 | Z49: =SUM(E49:Y49) -> 39
C50: 5. ARIF WIJAKSANA | E50: 3 | F50: 1 | G50: 2 | H50: 3 | I50: 3 | J50: 0 | K50: 1 | L50: 2 | M50: 3 | N50: 0 | O50: 2 | P50: 2 | Q50: 0 | R50: 1 | S50: 4 | T50: 0 | U50: 0 | V50: 1 | W50: 0 | X50: 0 | Y50: 0 | Z50: =SUM(E50:Y50) -> 28
C51: 6. Dr. SITI YUMNAH | E51: 0 | F51: 2 | G51: 1 | H51: 0 | I51: 0 | J51: 0 | K51: 0 | L51: 1 | M51: 1 | N51: 0 | O51: 0 | P51: 0 | Q51: 0 | R51: 1 | S51: 0 | T51: 0 | U51: 0 | V51: 0 | W51: 0 | X51: 0 | Y51: 0 | Z51: =SUM(E51:Y51) -> 6
C52: 7. MOHAMMAD ZAINI, M.Pd.I. | E52: 0 | F52: 3 | G52: 0 | H52: 1 | I52: 1 | J52: 1 | K52: 1 | L52: 2 | M52: 1 | N52: 3 | O52: 0 | P52: 0 | Q52: 0 | R52: 1 | S52: 0 | T52: 0 | U52: 0 | V52: 0 | W52: 0 | X52: 0 | Y52: 0 | Z52: =SUM(E52:Y52) -> 14
C53: 8. FAWAIDUL MAKKIYAH | E53: 0 | F53: 0 | G53: 0 | H53: 0 | I53: 0 | J53: 0 | K53: 0 | L53: 1 | M53: 0 | N53: 0 | O53: 0 | P53: 0 | Q53: 0 | R53: 0 | S53: 0 | T53: 0 | U53: 0 | V53: 0 | W53: 0 | X53: 0 | Y53: 0 | Z53: =SUM(E53:Y53) -> 1
C54: 9. IFFAH HIDAYATUR ROHMAH, S.Sos. | E54: 0 | F54: 1 | G54: 0 | H54: 0 | I54: 2 | J54: 1 | K54: 0 | L54: 0 | M54: 0 | N54: 0 | O54: 0 | P54: 2 | Q54: 0 | R54: 0 | S54: 0 | T54: 0 | U54: 0 | V54: 0 | W54: 0 | X54: 0 | Y54: 0 | Z54: =SUM(E54:Y54) -> 6
A55: B | B55: JUMLAH SUARA SAH PARTAI POLITIK DAN CALON (A1 + A2) | E55: =SUM(E45:E54) -> 25 | F55: =SUM(F45:F54) -> 17 | G55: =SUM(G45:G54) -> 13 | H55: =SUM(H45:H54) -> 33 | I55: =SUM(I45:I54) -> 53 | J55: =SUM(J45:J54) -> 49 | K55: =SUM(K45:K54) -> 25 | L55: =SUM(L45:L54) -> 51 | ... Z55: =SUM(Z45:Z54) -> 607
A57: A.1 | B57: 2. | C57: Partai Gerakan Indonesia Raya | E57: 4 | F57: 12 | G57: 14 | H57: 9 | I57: 22 | J57: 14 | K57: 10 | L57: 15 | M57: 12 | N57: 11 | O57: 15 | P57: 6 | Q57: 8 | R57: 5 | S57: 7 | T57: 16 | U57: 11 | V57: 13 | W57: 13 | X57: 7 | Y57: 28 | Z57: =SUM(E57:Y57) -> 252
A58: A.2 | C58: 1. AHMAD HADINUDDIN, S.Pd.I. | E58: 9 | F58: 26 | G58: 18 | H58: 45 | I58: 13 | J58: 17 | K58: 11 | L58: 12 | M58: 9 | N58: 6 | O58: 9 | P58: 7 | Q58: 8 | R58: 6 | S58: 21 | T58: 19 | U58: 124 | V58: 24 | W58: 62 | X58: 31 | Y58: 39 | Z58: =SUM(E58:Y58) -> 516
C59: 2. BIMA RAFSANJANI RAFID | E59: 2 | F59: 4 | G59: 6 | H59: 6 | I59: 13 | J59: 9 | K59: 2 | L59: 7 | M59: 2 | N59: 2 | O59: 2 | P59: 9 | Q59: 8 | R59: 5 | S59: 2 | T59: 3 | U59: 4 | V59: 3 | W59: 9 | X59: 3 | Y59: 24 | Z59: =SUM(E59:Y59) -> 125
C60: 3. IRA DAMAYANTI | E60: 1 | F60: 4 | G60: 0 | H60: 4 | I60: 2 | J60: 0 | K60: 2 | L60: 3 | M60: 1 | N60: 1 | O60: 2 | P60: 0 | Q60: 1 | R60: 3 | S60: 0 | T60: 1 | U60: 0 | V60: 4 | W60: 3 | X60: 2 | Y60: 3 | Z60: =SUM(E60:Y60) -> 37
C61: 4. MAULANA MALIK IBRAHIM, S.H. | E61: 3 | F61: 3 | G61: 3 | H61: 11 | I61: 7 | J61: 6 | K61: 3 | L61: 1 | M61: 11 | N61: 4 | O61: 5 | P61: 3 | Q61: 9 | R61: 17 | S61: 22 | T61: 1 | U61: 1 | V61: 2 | W61: 0 | X61: 2 | Y61: 4 | Z61: =SUM(E61:Y61) -> 118
C62: 5. LULUK ALFIATI | E62: 1 | F62: 1 | G62: 2 | H62: 3 | I62: 1 | J62: 0 | K62: 1 | L62: 2 | M62: 0 | N62: 2 | O62: 1 | P62: 2 | Q62: 3 | R62: 2 | S62: 2 | T62: 0 | U62: 0 | V62: 2 | W62: 0 | X62: 1 | Y62: 0 | Z62: =SUM(E62:Y62) -> 26
C63: 6. ILHAM WAHYUDI, S.H. | E63: 0 | F63: 0 | G63: 0 | H63: 0 | I63: 2 | J63: 1 | K63: 1 | L63: 1 | M63: 0 | N63: 0 | O63: 0 | P63: 0 | Q63: 0 | R63: 1 | S63: 0 | T63: 0 | U63: 1 | V63: 0 | W63: 1 | X63: 0 | Y63: 0 | Z63: =SUM(E63:Y63) -> 8
C64: 7. HAERUL ANWAR, S.Pd.I. | E64: 0 | F64: 2 | G64: 0 | H64: 0 | I64: 0 | J64: 0 | K64: 1 | L64: 0 | M64: 0 | N64: 0 | O64: 0 | P64: 0 | Q64: 0 | R64: 0 | S64: 1 | T64: 0 | U64: 0 | V64: 0 | W64: 0 | X64: 0 | Y64: 0 | Z64: =SUM(E64:Y64) -> 4
C65: 8. YOVI ADHITYA WARDANI | E65: 0 | F65: 0 | G65: 0 | H65: 1 | I65: 0 | J65: 1 | K65: 1 | L65: 0 | M65: 0 | N65: 0 | O65: 0 | P65: 0 | Q65: 1 | R65: 0 | S65: 0 | T65: 0 | U65: 0 | V65: 0 | W65: 0 | X65: 2 | Y65: 0 | Z65: =SUM(E65:Y65) -> 6
C66: 9. RITA AMELIA | E66: 0 | F66: 0 | G66: 0 | H66: 0 | I66: 2 | J66: 0 | K66: 1 | L66: 1 | M66: 1 | N66: 0 | O66: 0 | P66: 0 | Q66: 1 | R66: 1 | S66: 0 | T66: 0 | U66: 0 | V66: 0 | W66: 2 | X66: 0 | Y66: 0 | Z66: =SUM(E66:Y66) -> 9
A67: B | B67: JUMLAH SUARA SAH PARTAI POLITIK DAN CALON (A1 + A2) | E67: =SUM(E57:E66) -> 20 | F67: =SUM(F57:F66) -> 52 | G67: =SUM(G57:G66) -> 43 | H67: =SUM(H57:H66) -> 79 | I67: =SUM(I57:I66) -> 62 | J67: =SUM(J57:J66) -> 48 | K67: =SUM(K57:K66) -> 33 | L67: =SUM(L57:L66) -> 42 | ... Z67: =SUM(Z57:Z66) -> 1101
A69: A.1 | B69: 3. | C69: Partai Demokrasi Indonesia Perjuangan | E69: 11 | F69: 8 | G69: 6 | H69: 8 | I69: 5 | J69: 7 | K69: 5 | L69: 7 | M69: 8 | N69: 6 | O69: 10 | P69: 7 | Q69: 4 | R69: 8 | S69: 7 | T69: 17 | U69: 10 | V69: 16 | W69: 6 | X69: 5 | Y69: 6 | Z69: =SUM(E69:Y69) -> 167
A70: A.2 | C70: 1. MARTIN H., S.H., M.H. | E70: 2 | F70: 6 | G70: 0 | H70: 2 | I70: 1 | J70: 5 | K70: 1 | L70: 2 | M70: 2 | N70: 5 | O70: 3 | P70: 4 | Q70: 6 | R70: 4 | S70: 2 | T70: 3 | U70: 5 | V70: 9 | W70: 0 | X70: 12 | Y70: 4 | Z70: =SUM(E70:Y70) -> 78
C71: 2. HERMANTO, S.E. | E71: 3 | F71: 3 | G71: 3 | H71: 4 | I71: 1 | J71: 4 | K71: 0 | L71: 4 | M71: 2 | N71: 1 | O71: 0 | P71: 6 | Q71: 1 | R71: 11 | S71: 2 | T71: 6 | U71: 2 | V71: 7 | W71: 2 | X71: 5 | Y71: 1 | Z71: =SUM(E71:Y71) -> 68
C72: 3. EVY SUSILAWATI, S.E., M.M. | E72: 2 | F72: 2 | G72: 3 | H72: 0 | I72: 2 | J72: 2 | K72: 0 | L72: 0 | M72: 4 | N72: 1 | O72: 1 | P72: 2 | Q72: 2 | R72: 1 | S72: 3 | T72: 3 | U72: 2 | V72: 5 | W72: 2 | X72: 8 | Y72: 3 | Z72: =SUM(E72:Y72) -> 48
C73: 4. M. SIROTTUDIN | E73: 3 | F73: 1 | G73: 2 | H73: 4 | I73: 0 | J73: 2 | K73: 0 | L73: 0 | M73: 2 | N73: 6 | O73: 6 | P73: 2 | Q73: 2 | R73: 5 | S73: 0 | T73: 2 | U73: 1 | V73: 4 | W73: 1 | X73: 5 | Y73: 1 | Z73: =SUM(E73:Y73) -> 49
C74: 5. ABDUL HAFID, S.H. | E74: 0 | F74: 0 | G74: 0 | H74: 0 | I74: 2 | J74: 2 | K74: 0 | L74: 4 | M74: 1 | N74: 6 | O74: 3 | P74: 2 | Q74: 3 | R74: 3 | S74: 1 | T74: 1 | U74: 1 | V74: 0 | W74: 0 | X74: 0 | Y74: 0 | Z74: =SUM(E74:Y74) -> 29
C75: 6. NIKITA FORTUNA SURYANINGATI, A.Md.Keb. | E75: 0 | F75: 1 | G75: 1 | H75: 0 | I75: 0 | J75: 0 | K75: 1 | L75: 0 | M75: 1 | N75: 1 | O75: 0 | P75: 1 | Q75: 3 | R75: 3 | S75: 1 | T75: 2 | U75: 0 | V75: 0 | W75: 1 | X75: 3 | Y75: 1 | Z75: =SUM(E75:Y75) -> 20
C76: 7. YUDHO ILHAM WIJAYA, S.E. | E76: 6 | F76: 2 | G76: 0 | H76: 4 | I76: 0 | J76: 2 | K76: 3 | L76: 2 | M76: 0 | N76: 0 | O76: 0 | P76: 3 | Q76: 1 | R76: 0 | S76: 1 | T76: 0 | U76: 0 | V76: 1 | W76: 1 | X76: 3 | Y76: 1 | Z76: =SUM(E76:Y76) -> 30
C77: 8. SETIAWATI, S.H. | E77: 0 | F77: 0 | G77: 0 | H77: 0 | I77: 0 | J77: 0 | K77: 0 | L77: 1 | M77: 0 | N77: 3 | O77: 0 | P77: 2 | Q77: 1 | R77: 0 | S77: 0 | T77: 0 | U77: 0 | V77: 0 | W77: 0 | X77: 2 | Y77: 1 | Z77: =SUM(E77:Y77) -> 10
C78: 9. EKO BUDI SANTOSO, S.H. | E78: 0 | F78: 2 | G78: 0 | H78: 4 | I78: 2 | J78: 3 | K78: 2 | L78: 4 | M78: 0 | N78: 2 | O78: 0 | P78: 1 | Q78: 1 | R78: 3 | S78: 1 | T78: 1 | U78: 0 | V78: 0 | W78: 0 | X78: 2 | Y78: 1 | Z78: =SUM(E78:Y78) -> 29
A79: B | B79: JUMLAH SUARA SAH PARTAI POLITIK DAN CALON (A1 + A2) | E79: =SUM(E69:E78) -> 27 | F79: =SUM(F69:F78) -> 25 | G79: =SUM(G69:G78) -> 15 | H79: =SUM(H69:H78) -> 26 | I79: =SUM(I69:I78) -> 13 | J79: =SUM(J69:J78) -> 27 | K79: =SUM(K69:K78) -> 12 | L79: =SUM(L69:L78) -> 24 | ... Z79: =SUM(Z69:Z78) -> 528
A81: A.1 | B81: 4. | C81: Partai Golongan Karya | E81: 13 | F81: 6 | G81: 7 | H81: 5 | I81: 5 | J81: 8 | K81: 12 | L81: 4 | M81: 5 | N81: 1 | O81: 9 | P81: 1 | Q81: 7 | R81: 2 | S81: 5 | T81: 7 | U81: 2 | V81: 1 | W81: 8 | X81: 13 | Y81: 8 | Z81: =SUM(E81:Y81) -> 129
A82: A.2 | C82: 1. PRANAYA YUDHA MAHARDHIKA | E82: 20 | F82: 12 | G82: 7 | H82: 5 | I82: 4 | J82: 4 | K82: 1 | L82: 2 | M82: 2 | N82: 2 | O82: 9 | P82: 5 | Q82: 26 | R82: 40 | S82: 73 | T82: 5 | U82: 0 | V82: 5 | W82: 15 | X82: 16 | Y82: 8 | Z82: =SUM(E82:Y82) -> 261
C83: 2. Dra. Ec. ENDANG SULASTUTY, M.I.P. | E83: 5 | F83: 3 | G83: 1 | H83: 2 | I83: 2 | J83: 1 | K83: 1 | L83: 2 | M83: 1 | N83: 1 | O83: 0 | P83: 1 | Q83: 2 | R83: 2 | S83: 1 | T83: 0 | U83: 1 | V83: 0 | W83: 3 | X83: 2 | Y83: 1 | Z83: =SUM(E83:Y83) -> 32
C84: 3. AGUS REJEKI WARTONO | E84: 1 | F84: 1 | G84: 1 | H84: 1 | I84: 0 | J84: 1 | K84: 0 | L84: 0 | M84: 0 | N84: 0 | O84: 0 | P84: 1 | Q84: 0 | R84: 0 | S84: 0 | T84: 1 | U84: 1 | V84: 1 | W84: 0 | X84: 3 | Y84: 3 | Z84: =SUM(E84:Y84) -> 15
C85: 4. Hj. TUTUK ASMA'A ZUCHROH, S.T., M.T. | E85: 18 | F85: 2 | G85: 6 | H85: 3 | I85: 5 | J85: 3 | K85: 2 | L85: 2 | M85: 0 | N85: 1 | O85: 1 | P85: 2 | Q85: 2 | R85: 1 | S85: 1 | T85: 0 | U85: 0 | V85: 0 | W85: 0 | X85: 6 | Y85: 1 | Z85: =SUM(E85:Y85) -> 56
C86: 5. ADE M. RIZKI, S.E. | E86: 1 | F86: 0 | G86: 0 | H86: 0 | I86: 0 | J86: 0 | K86: 1 | L86: 0 | M86: 0 | N86: 0 | O86: 0 | P86: 1 | Q86: 0 | R86: 0 | S86: 0 | T86: 0 | U86: 0 | V86: 0 | W86: 1 | X86: 0 | Y86: 0 | Z86: =SUM(E86:Y86) -> 4
C87: 6. ABDURAKHMAN, Bc.Kn. | E87: 0 | F87: 2 | G87: 0 | H87: 0 | I87: 0 | J87: 1 | K87: 1 | L87: 2 | M87: 0 | N87: 0 | O87: 0 | P87: 0 | Q87: 0 | R87: 1 | S87: 0 | T87: 0 | U87: 0 | V87: 0 | W87: 0 | X87: 0 | Y87: 0 | Z87: =SUM(E87:Y87) -> 7
C88: 7. CENDY RHIYAN ADI PUTRI | E88: 0 | F88: 1 | G88: 0 | H88: 1 | I88: 0 | J88: 0 | K88: 1 | L88: 0 | M88: 0 | N88: 0 | O88: 0 | P88: 1 | Q88: 0 | R88: 0 | S88: 1 | T88: 0 | U88: 0 | V88: 1 | W88: 1 | X88: 0 | Y88: 0 | Z88: =SUM(E88:Y88) -> 7
C89: 8. BAKTI WIJAYANTO, S.E. | E89: 0 | F89: 0 | G89: 0 | H89: 0 | I89: 0 | J89: 0 | K89: 0 | L89: 0 | M89: 0 | N89: 0 | O89: 0 | P89: 0 | Q89: 0 | R89: 0 | S89: 0 | T89: 0 | U89: 0 | V89: 0 | W89: 1 | X89: 0 | Y89: 0 | Z89: =SUM(E89:Y89) -> 1
C90: 9. AHMAD UBAIDILLAH | E90: 1 | F90: 0 | G90: 0 | H90: 0 | I90: 0 | J90: 0 | K90: 0 | L90: 0 | M90: 0 | N90: 0 | O90: 1 | P90: 0 | Q90: 0 | R90: 0 | S90: 0 | T90: 0 | U90: 0 | V90: 0 | W90: 0 | X90: 0 | Y90: 1 | Z90: =SUM(E90:Y90) -> 3
A91: B | B91: JUMLAH SUARA SAH PARTAI POLITIK DAN CALON (A1 + A2) | E91: =SUM(E81:E90) -> 59 | F91: =SUM(F81:F90) -> 27 | G91: =SUM(G81:G90) -> 22 | H91: =SUM(H81:H90) -> 17 | I91: =SUM(I81:I90) -> 16 | J91: =SUM(J81:J90) -> 18 | K91: =SUM(K81:K90) -> 19 | L91: =SUM(L81:L90) -> 12 | ... Z91: =SUM(Z81:Z90) -> 515
A93: A.1 | B93: 5. | C93: Partai NasDem | E93: 5 | F93: 3 | G93: 8 | H93: 3 | I93: 1 | J93: 4 | K93: 1 | L93: 0 | M93: 6 | N93: 5 | O93: 1 | P93: 0 | Q93: 7 | R93: 10 | S93: 2 | T93: 7 | U93: 0 | V93: 11 | W93: 7 | X93: 0 | Y93: 4 | Z93: =SUM(E93:Y93) -> 85
A94: A.2 | C94: 1. ALI MUSTOFA, A.Md. | E94: 2 | F94: 0 | G94: 3 | H94: 2 | I94: 3 | J94: 7 | K94: 2 | L94: 0 | M94: 5 | N94: 4 | O94: 3 | P94: 5 | Q94: 8 | R94: 9 | S94: 4 | T94: 3 | U94: 2 | V94: 13 | W94: 6 | X94: 3 | Y94: 3 | Z94: =SUM(E94:Y94) -> 87
C95: 2. Hj. BUAMI, S.H. | E95: 0 | F95: 1 | G95: 0 | H95: 2 | I95: 1 | J95: 0 | K95: 2 | L95: 0 | M95: 0 | N95: 0 | O95: 0 | P95: 1 | Q95: 0 | R95: 2 | S95: 3 | T95: 0 | U95: 0 | V95: 0 | W95: 0 | X95: 0 | Y95: 0 | Z95: =SUM(E95:Y95) -> 12
C96: 3. SUGIONO, S.H. | E96: 1 | F96: 0 | G96: 0 | H96: 0 | I96: 0 | J96: 0 | K96: 1 | L96: 1 | M96: 0 | N96: 0 | O96: 2 | P96: 0 | Q96: 2 | R96: 1 | S96: 0 | T96: 1 | U96: 1 | V96: 0 | W96: 1 | X96: 0 | Y96: 0 | Z96: =SUM(E96:Y96) -> 11
C97: 4. LULUK SUNARMIATININGSIH | E97: 1 | F97: 1 | G97: 3 | H97: 0 | I97: 2 | J97: 0 | K97: 0 | L97: 0 | M97: 1 | N97: 2 | O97: 0 | P97: 2 | Q97: 1 | R97: 1 | S97: 0 | T97: 1 | U97: 0 | V97: 1 | W97: 1 | X97: 0 | Y97: 0 | Z97: =SUM(E97:Y97) -> 17
C98: 5. ANTON DJULIANTO ADI | E98: 2 | F98: 4 | G98: 1 | H98: 0 | I98: 0 | J98: 0 | K98: 0 | L98: 0 | M98: 0 | N98: 0 | O98: 0 | P98: 0 | Q98: 0 | R98: 1 | S98: 3 | T98: 0 | U98: 1 | V98: 2 | W98: 0 | X98: 0 | Y98: 1 | Z98: =SUM(E98:Y98) -> 15
C99: 6. MOKHAMAD ROFI'I KHUSNAN | E99: 0 | F99: 0 | G99: 0 | H99: 0 | I99: 0 | J99: 0 | K99: 0 | L99: 0 | M99: 0 | N99: 0 | O99: 0 | P99: 0 | Q99: 0 | R99: 0 | S99: 0 | T99: 0 | U99: 0 | V99: 0 | W99: 0 | X99: 0 | Y99: 0 | Z99: =SUM(E99:Y99) -> 0
C100: 7. Rr SETYO WATI | E100: 0 | F100: 0 | G100: 0 | H100: 0 | I100: 0 | J100: 0 | K100: 0 | L100: 0 | M100: 0 | N100: 0 | O100: 0 | P100: 0 | Q100: 0 | R100: 0 | S100: 0 | T100: 0 | U100: 0 | V100: 0 | W100: 0 | X100: 0 | Y100: 0 | Z100: =SUM(E100:Y100) -> 0
C101: 8. ABD. KADIR ASSEGAFF | E101: 0 | F101: 0 | G101: 0 | H101: 0 | I101: 0 | J101: 0 | K101: 0 | L101: 0 | M101: 0 | N101: 0 | O101: 0 | P101: 1 | Q101: 0 | R101: 0 | S101: 0 | T101: 0 | U101: 0 | V101: 0 | W101: 0 | X101: 0 | Y101: 0 | Z101: =SUM(E101:Y101) -> 1
C102: 9. FATHOR ZAINULLAH | E102: 0 | F102: 0 | G102: 0 | H102: 0 | I102: 0 | J102: 0 | K102: 0 | L102: 0 | M102: 0 | N102: 0 | O102: 0 | P102: 0 | Q102: 0 | R102: 0 | S102: 0 | T102: 0 | U102: 0 | V102: 0 | W102: 0 | X102: 0 | Y102: 0 | Z102: =SUM(E102:Y102) -> 0
A103: B | B103: JUMLAH SUARA SAH PARTAI POLITIK DAN CALON (A1 + A2) | E103: =SUM(E93:E102) -> 11 | F103: =SUM(F93:F102) -> 9 | G103: =SUM(G93:G102) -> 15 | H103: =SUM(H93:H102) -> 7 | I103: =SUM(I93:I102) -> 7 | J103: =SUM(J93:J102) -> 11 | K103: =SUM(K93:K102) -> 6 | L103: =SUM(L93:L102) -> 1 | ... Z103: =SUM(Z93:Z102) -> 228
A105: A.1 | B105: 6. | C105: Partai Buruh | E105: 0 | F105: 0 | G105: 1 | H105: 0 | I105: 0 | J105: 0 | K105: 0 | L105: 0 | M105: 1 | N105: 0 | O105: 0 | P105: 1 | Q105: 2 | R105: 0 | S105: 0 | T105: 0 | U105: 0 | V105: 1 | W105: 0 | X105: 1 | Y105: 0 | Z105: =SUM(E105:Y105) -> 7
A106: A.2 | C106: 1. AGUS SUPRIYADI | E106: 0 | F106: 0 | G106: 0 | H106: 0 | I106: 0 | J106: 0 | K106: 0 | L106: 1 | M106: 1 | N106: 0 | O106: 1 | P106: 0 | Q106: 0 | R106: 0 | S106: 0 | T106: 0 | U106: 0 | V106: 1 | W106: 0 | X106: 0 | Y106: 0 | Z106: =SUM(E106:Y106) -> 4
C107: 2. ENI HARIATI | E107: 0 | F107: 0 | G107: 0 | H107: 0 | I107: 0 | J107: 0 | K107: 1 | L107: 1 | M107: 0 | N107: 0 | O107: 0 | P107: 1 | Q107: 0 | R107: 0 | S107: 0 | T107: 1 | U107: 0 | V107: 0 | W107: 1 | X107: 1 | Y107: 0 | Z107: =SUM(E107:Y107) -> 6
A115: B | B115: JUMLAH SUARA SAH PARTAI POLITIK DAN CALON (A1 + A2) | E115: =SUM(E105:E114) -> 0 | F115: =SUM(F105:F114) -> 0 | G115: =SUM(G105:G114) -> 1 | H115: =SUM(H105:H114) -> 0 | I115: =SUM(I105:I114) -> 0 | J115: =SUM(J105:J114) -> 0 | K115: =SUM(K105:K114) -> 1 | L115: =SUM(L105:L114) -> 2 | ... Z115: =SUM(Z105:Z114) -> 17
A117: A.1 | B117: 7. | C117: Partai Gelombang Rakyat Indonesia | E117: 2 | F117: 0 | G117: 1 | H117: 1 | I117: 2 | J117: 5 | K117: 0 | L117: 0 | M117: 2 | N117: 1 | O117: 0 | P117: 1 | Q117: 2 | R117: 1 | S117: 2 | T117: 0 | U117: 0 | V117: 2 | W117: 0 | X117: 4 | Y117: 0 | Z117: =SUM(E117:Y117) -> 26
A118: A.2 | C118: 1. MIRZA MUHROSNI AROMA | E118: 0 | F118: 1 | G118: 0 | H118: 0 | I118: 0 | J118: 0 | K118: 0 | L118: 1 | M118: 0 | N118: 0 | O118: 0 | P118: 0 | Q118: 0 | R118: 0 | S118: 0 | T118: 0 | U118: 0 | V118: 0 | W118: 1 | X118: 0 | Y118: 0 | Z118: =SUM(E118:Y118) -> 3
C119: 2. ACHMAD BAGUS SUGIARTO | E119: 0 | F119: 0 | G119: 0 | H119: 0 | I119: 0 | J119: 0 | K119: 0 | L119: 0 | M119: 1 | N119: 0 | O119: 0 | P119: 0 | Q119: 0 | R119: 0 | S119: 0 | T119: 0 | U119: 0 | V119: 1 | W119: 0 | X119: 0 | Y119: 0 | Z119: =SUM(E119:Y119) -> 2
C120: 3. ELOK FITRIYA NINGSIH | E120: 0 | F120: 0 | G120: 0 | H120: 0 | I120: 0 | J120: 1 | K120: 0 | L120: 0 | M120: 0 | N120: 0 | O120: 0 | P120: 0 | Q120: 0 | R120: 0 | S120: 0 | T120: 0 | U120: 0 | V120: 0 | W120: 0 | X120: 0 | Y120: 0 | Z120: =SUM(E120:Y120) -> 1
C121: 4. MADI | E121: 0 | F121: 0 | G121: 0 | H121: 1 | I121: 0 | J121: 0 | K121: 0 | L121: 0 | M121: 0 | N121: 0 | O121: 0 | P121: 0 | Q121: 0 | R121: 0 | S121: 0 | T121: 0 | U121: 0 | V121: 0 | W121: 0 | X121: 0 | Y121: 0 | Z121: =SUM(E121:Y121) -> 1
C122: 5. LUKY PERMANASARI | E122: 0 | F122: 0 | G122: 0 | H122: 0 | I122: 0 | J122: 0 | K122: 0 | L122: 0 | M122: 0 | N122: 0 | O122: 0 | P122: 0 | Q122: 0 | R122: 0 | S122: 0 | T122: 0 | U122: 0 | V122: 0 | W122: 0 | X122: 0 | Y122: 0 | Z122: =SUM(E122:Y122) -> 0
A127: B | B127: JUMLAH SUARA SAH PARTAI POLITIK DAN CALON (A1 + A2) | E127: =SUM(E117:E126) -> 2 | F127: =SUM(F117:F126) -> 1 | G127: =SUM(G117:G126) -> 1 | H127: =SUM(H117:H126) -> 2 | I127: =SUM(I117:I126) -> 2 | J127: =SUM(J117:J126) -> 6 | K127: =SUM(K117:K126) -> 0 | L127: =SUM(L117:L126) -> 1 | ... Z127: =SUM(Z117:Z126) -> 33
A129: A.1 | B129: 8. | C129: Partai Keadilan Sejahtera | E129: 1 | F129: 0 | G129: 0 | H129: 0 | I129: 2 | J129: 1 | K129: 2 | L129: 1 | M129: 0 | N129: 2 | O129: 2 | P129: 1 | Q129: 0 | R129: 0 | S129: 0 | T129: 0 | U129: 0 | V129: 0 | W129: 0 | X129: 0 | Y129: 1 | Z129: =SUM(E129:Y129) -> 13
...

Sheet SAMBIMULYO
C2: Kecamatan | D2: BANGOREJO
C3: Kabupaten | D3: BANYUWANGI
C4: Provinsi | D4: JAWA TIMUR
C9: Kelurahan | D9: SAMBIMULYO
A12: I | B12: DATA PEMILIH DAN PENGGUNAAN HAK PILIH | AF12: JUMLAH AKHIR
A13: A | B13: DATA PEMILIH | E13: TPS 001 | F13: TPS 002 | G13: TPS 003 | H13: TPS 004 | I13: TPS 005 | J13: TPS 006 | K13: TPS 007 | L13: TPS 008 | M13: TPS 009 | N13: TPS 010 | O13: TPS 011 | P13: TPS 012 | Q13: TPS 013 | R13: TPS 014 | S13: TPS 015 | T13: TPS 016 | U13: TPS 017 | V13: TPS 018 | W13: TPS 019 | X13: TPS 020 | Y13: TPS 021 | Z13: TPS 022 | AA13: TPS 023 | AB13: TPS 024 | AC13: TPS 025 | AD13: TPS 026 | AE13: TPS 027
B14: Jumlah Pemilih dalam Daftar Pemilih Tetap (DPT) | D14: LK | E14: 136 | F14: 113 | G14: 121 | H14: 116 | I14: 108 | J14: 125 | K14: 119 | L14: 137 | M14: 143 | N14: 128 | O14: 118 | P14: 149 | Q14: 142 | R14: 139 | S14: 143 | T14: 141 | U14: 137 | V14: 152 | W14: 119 | X14: 135 | Y14: 141 | Z14: 138 | AA14: 111 | AB14: 135 | AC14: 148 | AD14: 81 | AE14: 93 | AF14: =SUM(E14:AE14) -> 3468
D15: PR | E15: 138 | F15: 115 | G15: 132 | H15: 119 | I15: 112 | J15: 123 | K15: 118 | L15: 136 | M15: 141 | N15: 136 | O15: 104 | P15: 147 | Q15: 149 | R15: 155 | S15: 147 | T15: 125 | U15: 148 | V15: 145 | W15: 117 | X15: 157 | Y15: 150 | Z15: 143 | AA15: 117 | AB15: 127 | AC15: 141 | AD15: 81 | AE15: 76 | AF15: =SUM(E15:AE15) -> 3499
D16: JML | E16: =SUM(E14:E15) -> 274 | F16: =SUM(F14:F15) -> 228 | G16: =SUM(G14:G15) -> 253 | H16: =SUM(H14:H15) -> 235 | I16: =SUM(I14:I15) -> 220 | J16: =SUM(J14:J15) -> 248 | K16: =SUM(K14:K15) -> 237 | L16: =SUM(L14:L15) -> 273 | ... AE16: =SUM(AE14:AE15) -> 169 | AF16: =SUM(E16:AE16) -> 6967
A18: B | B18: PENGGUNA HAK PILIH
B19: 1. | C19: Jumlah pengguna hak pilih dalam Daftar Pemilih Tetap (DPT) | D19: LK | E19: 107 | F19: 101 | G19: 89 | H19: 85 | I19: 87 | J19: 100 | K19: 94 | L19: 101 | M19: 115 | N19: 101 | O19: 96 | P19: 119 | Q19: 105 | R19: 111 | S19: 113 | T19: 104 | U19: 101 | V19: 109 | W19: 96 | X19: 105 | Y19: 104 | Z19: 106 | AA19: 85 | AB19: 106 | AC19: 118 | AD19: 71 | AE19: 68 | AF19: =SUM(E19:AE19) -> 2697
D20: PR | E20: 109 | F20: 93 | G20: 104 | H20: 96 | I20: 91 | J20: 100 | K20: 81 | L20: 105 | M20: 111 | N20: 101 | O20: 88 | P20: 120 | Q20: 121 | R20: 136 | S20: 120 | T20: 94 | U20: 115 | V20: 112 | W20: 96 | X20: 114 | Y20: 119 | Z20: 117 | AA20: 100 | AB20: 105 | AC20: 108 | AD20: 67 | AE20: 65 | AF20: =SUM(E20:AE20) -> 2788
D21: JML | E21: =SUM(E19:E20) -> 216 | F21: =SUM(F19:F20) -> 194 | G21: =SUM(G19:G20) -> 193 | H21: =SUM(H19:H20) -> 181 | I21: =SUM(I19:I20) -> 178 | J21: =SUM(J19:J20) -> 200 | K21: =SUM(K19:K20) -> 175 | L21: =SUM(L19:L20) -> 206 | ... AE21: =SUM(AE19:AE20) -> 133 | AF21: =SUM(E21:AE21) -> 5485
B22: 2. | C22: Jumlah pengguna hak pilih dalam Daftar Pemilih Tambahan (DPTb) | D22: LK | T22: 0 | U22: 0 | V22: 0 | W22: 0 | X22: 0 | Y22: 0 | Z22: 0 | AA22: 0 | AB22: 0 | AC22: 0 | AD22: 1 | AE22: 0 | AF22: =SUM(E22:AE22) -> 1
D23: PR | T23: 0 | U23: 0 | V23: 0 | W23: 0 | X23: 0 | Y23: 0 | Z23: 0 | AA23: 0 | AB23: 0 | AC23: 0 | AD23: 0 | AE23: 0 | AF23: =SUM(E23:AE23) -> 0
D24: JML | E24: =SUM(E22:E23) -> 0 | F24: =SUM(F22:F23) -> 0 | G24: =SUM(G22:G23) -> 0 | H24: =SUM(H22:H23) -> 0 | I24: =SUM(I22:I23) -> 0 | J24: =SUM(J22:J23) -> 0 | K24: =SUM(K22:K23) -> 0 | L24: =SUM(L22:L23) -> 0 | ... AE24: =SUM(AE22:AE23) -> 0 | AF24: =SUM(E24:AE24) -> 1
B25: 3. | C25: Jumlah pengguna hak pilih dalam Daftar Pemilih Khusus (DPK) | D25: LK | E25: 0 | F25: 1 | G25: 1 | H25: 0 | I25: 3 | J25: 4 | K25: 1 | L25: 0 | M25: 1 | N25: 0 | O25: 2 | P25: 0 | Q25: 1 | R25: 3 | S25: 3 | T25: 1 | U25: 0 | V25: 0 | W25: 2 | X25: 1 | Y25: 0 | Z25: 2 | AA25: 4 | AB25: 0 | AC25: 3 | AD25: 1 | AE25: 3 | AF25: =SUM(E25:AE25) -> 37
D26: PR | E26: 0 | F26: 3 | G26: 2 | H26: 4 | I26: 3 | J26: 2 | K26: 2 | L26: 2 | M26: 3 | N26: 1 | O26: 0 | P26: 1 | Q26: 0 | R26: 2 | S26: 0 | T26: 2 | U26: 1 | V26: 0 | W26: 2 | X26: 1 | Y26: 0 | Z26: 0 | AA26: 0 | AB26: 0 | AC26: 2 | AD26: 0 | AE26: 4 | AF26: =SUM(E26:AE26) -> 37
D27: JML | E27: =SUM(E25:E26) -> 0 | F27: =SUM(F25:F26) -> 4 | G27: =SUM(G25:G26) -> 3 | H27: =SUM(H25:H26) -> 4 | I27: =SUM(I25:I26) -> 6 | J27: =SUM(J25:J26) -> 6 | K27: =SUM(K25:K26) -> 3 | L27: =SUM(L25:L26) -> 2 | ... AE27: =SUM(AE25:AE26) -> 7 | AF27: =SUM(E27:AE27) -> 74
B28: 4. | C28: Jumlah Pengguna Hak Pilih (B.1+B.2+B.3) | D28: LK | E28: =SUM(E19,E22,E25) -> 107 | F28: =SUM(F19,F22,F25) -> 102 | G28: =SUM(G19,G22,G25) -> 90 | H28: =SUM(H19,H22,H25) -> 85 | I28: =SUM(I19,I22,I25) -> 90 | J28: =SUM(J19,J22,J25) -> 104 | K28: =SUM(K19,K22,K25) -> 95 | L28: =SUM(L19,L22,L25) -> 101 | ... AE28: =SUM(AE19,AE22,AE25) -> 71 | AF28: =SUM(E28:AE28) -> 2735
D29: PR | E29: =SUM(E20,E23,E26) -> 109 | F29: =SUM(F20,F23,F26) -> 96 | G29: =SUM(G20,G23,G26) -> 106 | H29: =SUM(H20,H23,H26) -> 100 | I29: =SUM(I20,I23,I26) -> 94 | J29: =SUM(J20,J23,J26) -> 102 | K29: =SUM(K20,K23,K26) -> 83 | L29: =SUM(L20,L23,L26) -> 107 | ... AE29: =SUM(AE20,AE23,AE26) -> 69 | AF29: =SUM(E29:AE29) -> 2825
D30: JML | E30: =SUM(E28:E29) -> 216 | F30: =SUM(F28:F29) -> 198 | G30: =SUM(G28:G29) -> 196 | H30: =SUM(H28:H29) -> 185 | I30: =SUM(I28:I29) -> 184 | J30: =SUM(J28:J29) -> 206 | K30: =SUM(K28:K29) -> 178 | L30: =SUM(L28:L29) -> 208 | ... AE30: =SUM(AE28:AE29) -> 140 | AF30: =SUM(E30:AE30) -> 5560
A32: II | B32: DATA PENGGUNAAN SURAT SUARA
A33: 1 | B33: Jumlah surat suara yang diterima, termasuk surat suara cadangan 2,5% dari DPT | E33: 280 | F33: 233 | G33: 259 | H33: 240 | I33: 225 | J33: 253 | K33: 242 | L33: 279 | M33: 290 | N33: 271 | O33: 227 | P33: 302 | Q33: 297 | R33: 300 | S33: 296 | T33: 272 | U33: 292 | V33: 303 | W33: 241 | X33: 298 | Y33: 297 | Z33: 287 | AA33: 233 | AB33: 268 | AC33: 295 | AD33: 166 | AE33: 173 | AF33: =SUM(E33:AE33) -> 7119
A34: 2 | B34: Jumlah surat suara yang digunakan | E34: 216 | F34: 198 | G34: 196 | H34: 185 | I34: 184 | J34: 206 | K34: 178 | L34: 208 | M34: 230 | N34: 203 | O34: 186 | P34: 240 | Q34: 227 | R34: 252 | S34: 236 | T34: 201 | U34: 217 | V34: 221 | W34: 196 | X34: 221 | Y34: 223 | Z34: 225 | AA34: 189 | AB34: 211 | AC34: 231 | AD34: 140 | AE34: 140 | AF34: =SUM(E34:AE34) -> 5560
A35: 3 | B35: Jumlah surat suara dikembalikan oleh pemilih (karena rusak atau keliru coblos) | E35: 0 | F35: 0 | G35: 0 | H35: 0 | I35: 0 | J35: 1 | K35: 1 | L35: 0 | M35: 0 | N35: 0 | O35: 0 | P35: 6 | Q35: 0 | R35: 0 | S35: 1 | T35: 0 | U35: 0 | V35: 0 | W35: 1 | X35: 0 | Y35: 1 | Z35: 0 | AA35: 0 | AB35: 0 | AC35: 1 | AD35: 0 | AE35: 0 | AF35: =SUM(E35:AE35) -> 12
A36: 4 | B36: Jumlah surat suara yang tidak digunakan/tidak terpakai, termasuk sisa surat suara cadangan | E36: =E33-(E34+E35) -> 64 | F36: =F33-(F34+F35) -> 35 | G36: =G33-(G34+G35) -> 63 | H36: =H33-(H34+H35) -> 55 | I36: =I33-(I34+I35) -> 41 | J36: =J33-(J34+J35) -> 46 | K36: =K33-(K34+K35) -> 63 | L36: =L33-(L34+L35) -> 71 | ... AE36: =AE33-(AE34+AE35) -> 33 | AF36: =SUM(E36:AE36) -> 1547
A38: III | B38: DATA PEMILIH DISABILITAS
B39: Jumlah seluruh Pemilih disabilitas yang menggunakan hak pilih | D39: LK | E39: 0 | F39: 0 | G39: 0 | H39: 0 | I39: 0 | J39: 2 | K39: 1 | L39: 0 | M39: 0 | N39: 0 | O39: 0 | P39: 0 | Q39: 0 | R39: 0 | S39: 0 | T39: 0 | U39: 0 | V39: 0 | W39: 1 | X39: 0 | Y39: 0 | Z39: 0 | AA39: 0 | AB39: 0 | AC39: 0 | AD39: 0 | AE39: 0 | AF39: =SUM(E39:AE39) -> 4
D40: PR | E40: 0 | F40: 0 | G40: 0 | H40: 0 | I40: 0 | J40: 0 | K40: 1 | L40: 0 | M40: 0 | N40: 0 | O40: 1 | P40: 0 | Q40: 0 | R40: 0 | S40: 0 | T40: 0 | U40: 0 | V40: 0 | W40: 1 | X40: 0 | Y40: 0 | Z40: 0 | AA40: 0 | AB40: 0 | AC40: 0 | AD40: 0 | AE40: 0 | AF40: =SUM(E40:AE40) -> 3
D41: JML | E41: =SUM(E39:E40) -> 0 | F41: =SUM(F39:F40) -> 0 | G41: =SUM(G39:G40) -> 0 | H41: =SUM(H39:H40) -> 0 | I41: =SUM(I39:I40) -> 0 | J41: =SUM(J39:J40) -> 2 | K41: =SUM(K39:K40) -> 2 | L41: =SUM(L39:L40) -> 0 | ... AE41: =SUM(AE39:AE40) -> 0 | AF41: =SUM(E41:AE41) -> 7
A43: IV | B43: DATA RINCIAN PEROLEHAN SUARA PASANGAN CALON BUPATI DAN WAKIL BUPATI
A44: NOMOR DAN NAMA CALON
A45: A.1 | B45: 1. | C45: Partai Kebangkitan Bangsa | E45: 12 | F45: 6 | G45: 2 | H45: 1 | I45: 1 | J45: 7 | K45: 2 | L45: 3 | M45: 5 | N45: 5 | O45: 3 | P45: 15 | Q45: 5 | R45: 5 | S45: 6 | T45: 7 | U45: 6 | V45: 8 | W45: 3 | X45: 1 | Y45: 5 | Z45: 6 | AA45: 1 | AB45: 6 | AC45: 5 | AD45: 1 | AE45: 1 | AF45: =SUM(E45:AE45) -> 128
A46: A.2 | C46: 1. Dra. Hj. MA`MULAH HARUN, M.Pd.I. | E46: 12 | F46: 5 | G46: 5 | H46: 13 | I46: 5 | J46: 11 | K46: 2 | L46: 19 | M46: 16 | N46: 35 | O46: 15 | P46: 78 | Q46: 13 | R46: 30 | S46: 23 | T46: 25 | U46: 16 | V46: 15 | W46: 11 | X46: 24 | Y46: 16 | Z46: 11 | AA46: 4 | AB46: 6 | AC46: 7 | AD46: 2 | AE46: 7 | AF46: =SUM(E46:AE46) -> 426
C47: 2. UBAIDILLAH, S.Fil.I. | E47: 2 | F47: 0 | G47: 1 | H47: 1 | I47: 1 | J47: 6 | K47: 0 | L47: 0 | M47: 1 | N47: 2 | O47: 3 | P47: 3 | Q47: 3 | R47: 3 | S47: 3 | T47: 4 | U47: 1 | V47: 2 | W47: 0 | X47: 1 | Y47: 3 | Z47: 0 | AA47: 0 | AB47: 6 | AC47: 5 | AD47: 0 | AE47: 2 | AF47: =SUM(E47:AE47) -> 53
C48: 3. Ir. H. YOYOK MULYADI, M.Si. | E48: 0 | F48: 0 | G48: 0 | H48: 0 | I48: 1 | J48: 2 | K48: 0 | L48: 0 | M48: 0 | N48: 2 | O48: 0 | P48: 1 | Q48: 0 | R48: 1 | S48: 3 | T48: 1 | U48: 0 | V48: 1 | W48: 0 | X48: 1 | Y48: 0 | Z48: 0 | AA48: 0 | AB48: 0 | AC48: 1 | AD48: 1 | AE48: 0 | AF48: =SUM(E48:AE48) -> 15
C49: 4. KHOIRUL ANWAR, S.Fil.I. | E49: 0 | F49: 0 | G49: 1 | H49: 1 | I49: 1 | J49: 1 | K49: 2 | L49: 1 | M49: 2 | N49: 4 | O49: 0 | P49: 3 | Q49: 1 | R49: 3 | S49: 4 | T49: 0 | U49: 1 | V49: 0 | W49: 2 | X49: 1 | Y49: 1 | Z49: 1 | AA49: 1 | AB49: 0 | AC49: 1 | AD49: 0 | AE49: 0 | AF49: =SUM(E49:AE49) -> 32
C50: 5. ARIF WIJAKSANA | E50: 2 | F50: 0 | G50: 0 | H50: 0 | I50: 2 | J50: 0 | K50: 0 | L50: 0 | M50: 0 | N50: 0 | O50: 0 | P50: 2 | Q50: 0 | R50: 1 | S50: 0 | T50: 3 | U50: 0 | V50: 2 | W50: 1 | X50: 0 | Y50: 1 | Z50: 0 | AA50: 0 | AB50: 0 | AC50: 2 | AD50: 0 | AE50: 1 | AF50: =SUM(E50:AE50) -> 17
C51: 6. Dr. SITI YUMNAH | E51: 0 | F51: 0 | G51: 0 | H51: 0 | I51: 0 | J51: 0 | K51: 0 | L51: 2 | M51: 0 | N51: 1 | O51: 1 | P51: 0 | Q51: 0 | R51: 0 | S51: 1 | T51: 0 | U51: 0 | V51: 0 | W51: 0 | X51: 0 | Y51: 0 | Z51: 0 | AA51: 0 | AB51: 1 | AC51: 0 | AD51: 0 | AE51: 2 | AF51: =SUM(E51:AE51) -> 8
C52: 7. MOHAMMAD ZAINI, M.Pd.I. | E52: 0 | F52: 0 | G52: 0 | H52: 0 | I52: 0 | J52: 0 | K52: 0 | L52: 3 | M52: 1 | N52: 0 | O52: 0 | P52: 0 | Q52: 0 | R52: 0 | S52: 2 | T52: 1 | U52: 1 | V52: 0 | W52: 3 | X52: 0 | Y52: 1 | Z52: 0 | AA52: 0 | AB52: 1 | AC52: 1 | AD52: 1 | AE52: 0 | AF52: =SUM(E52:AE52) -> 15
C53: 8. FAWAIDUL MAKKIYAH | E53: 0 | F53: 0 | G53: 0 | H53: 0 | I53: 0 | J53: 0 | K53: 0 | L53: 0 | M53: 0 | N53: 0 | O53: 0 | P53: 0 | Q53: 1 | R53: 0 | S53: 0 | T53: 0 | U53: 0 | V53: 0 | W53: 0 | X53: 1 | Y53: 0 | Z53: 0 | AA53: 0 | AB53: 0 | AC53: 0 | AD53: 1 | AE53: 0 | AF53: =SUM(E53:AE53) -> 3
C54: 9. IFFAH HIDAYATUR ROHMAH, S.Sos. | E54: 0 | F54: 1 | G54: 0 | H54: 0 | I54: 0 | J54: 0 | K54: 1 | L54: 1 | M54: 1 | N54: 0 | O54: 2 | P54: 0 | Q54: 0 | R54: 0 | S54: 1 | T54: 2 | U54: 1 | V54: 0 | W54: 0 | X54: 1 | Y54: 0 | Z54: 0 | AA54: 1 | AB54: 0 | AC54: 3 | AD54: 0 | AE54: 0 | AF54: =SUM(E54:AE54) -> 15
A55: B | B55: JUMLAH SUARA SAH PARTAI POLITIK DAN CALON (A1 + A2) | E55: =SUM(E45:E54) -> 28 | F55: =SUM(F45:F54) -> 12 | G55: =SUM(G45:G54) -> 9 | H55: =SUM(H45:H54) -> 16 | I55: =SUM(I45:I54) -> 11 | J55: =SUM(J45:J54) -> 27 | K55: =SUM(K45:K54) -> 7 | L55: =SUM(L45:L54) -> 29 | ... AF55: =SUM(AF45:AF54) -> 712
A57: A.1 | B57: 2. | C57: Partai Gerakan Indonesia Raya | E57: 6 | F57: 3 | G57: 1 | H57: 9 | I57: 6 | J57: 1 | K57: 5 | L57: 7 | M57: 9 | N57: 9 | O57: 5 | P57: 6 | Q57: 4 | R57: 3 | S57: 7 | T57: 7 | U57: 9 | V57: 13 | W57: 5 | X57: 9 | Y57: 10 | Z57: 4 | AA57: 2 | AB57: 8 | AC57: 9 | AD57: 1 | AE57: 4 | AF57: =SUM(E57:AE57) -> 162
A58: A.2 | C58: 1. AHMAD HADINUDDIN, S.Pd.I. | E58: 0 | F58: 6 | G58: 2 | H58: 3 | I58: 0 | J58: 6 | K58: 1 | L58: 4 | M58: 5 | N58: 7 | O58: 10 | P58: 21 | Q58: 26 | R58: 25 | S58: 9 | T58: 7 | U58: 8 | V58: 10 | W58: 2 | X58: 5 | Y58: 3 | Z58: 8 | AA58: 23 | AB58: 78 | AC58: 45 | AD58: 3 | AE58: 21 | AF58: =SUM(E58:AE58) -> 338
C59: 2. BIMA RAFSANJANI RAFID | E59: 6 | F59: 2 | G59: 4 | H59: 2 | I59: 3 | J59: 1 | K59: 4 | L59: 6 | M59: 6 | N59: 10 | O59: 14 | P59: 3 | Q59: 7 | R59: 6 | S59: 3 | T59: 8 | U59: 12 | V59: 8 | W59: 1 | X59: 3 | Y59: 5 | Z59: 5 | AA59: 1 | AB59: 0 | AC59: 6 | AD59: 5 | AE59: 12 | AF59: =SUM(E59:AE59) -> 143
C60: 3. IRA DAMAYANTI | E60: 2 | F60: 1 | G60: 1 | H60: 1 | I60: 0 | J60: 0 | K60: 1 | L60: 3 | M60: 0 | N60: 0 | O60: 2 | P60: 1 | Q60: 1 | R60: 2 | S60: 1 | T60: 3 | U60: 1 | V60: 3 | W60: 0 | X60: 0 | Y60: 0 | Z60: 1 | AA60: 3 | AB60: 3 | AC60: 2 | AD60: 1 | AE60: 1 | AF60: =SUM(E60:AE60) -> 34
C61: 4. MAULANA MALIK IBRAHIM, S.H. | E61: 1 | F61: 3 | G61: 1 | H61: 3 | I61: 2 | J61: 9 | K61: 4 | L61: 8 | M61: 1 | N61: 10 | O61: 5 | P61: 11 | Q61: 6 | R61: 5 | S61: 7 | T61: 7 | U61: 9 | V61: 11 | W61: 5 | X61: 4 | Y61: 8 | Z61: 3 | AA61: 2 | AB61: 0 | AC61: 3 | AD61: 0 | AE61: 0 | AF61: =SUM(E61:AE61) -> 128
C62: 5. LULUK ALFIATI | E62: 0 | F62: 0 | G62: 1 | H62: 0 | I62: 1 | J62: 0 | K62: 1 | L62: 1 | M62: 1 | N62: 1 | O62: 1 | P62: 1 | Q62: 2 | R62: 0 | S62: 2 | T62: 4 | U62: 2 | V62: 1 | W62: 1 | X62: 2 | Y62: 0 | Z62: 1 | AA62: 2 | AB62: 1 | AC62: 0 | AD62: 1 | AE62: 0 | AF62: =SUM(E62:AE62) -> 27
C63: 6. ILHAM WAHYUDI, S.H. | E63: 0 | F63: 0 | G63: 1 | H63: 0 | I63: 1 | J63: 0 | K63: 0 | L63: 1 | M63: 0 | N63: 0 | O63: 1 | P63: 0 | Q63: 0 | R63: 0 | S63: 0 | T63: 2 | U63: 3 | V63: 0 | W63: 0 | X63: 1 | Y63: 0 | Z63: 2 | AA63: 0 | AB63: 0 | AC63: 1 | AD63: 0 | AE63: 0 | AF63: =SUM(E63:AE63) -> 13
C64: 7. HAERUL ANWAR, S.Pd.I. | E64: 0 | F64: 0 | G64: 0 | H64: 0 | I64: 0 | J64: 0 | K64: 1 | L64: 1 | M64: 1 | N64: 0 | O64: 0 | P64: 0 | Q64: 0 | R64: 0 | S64: 0 | T64: 0 | U64: 0 | V64: 0 | W64: 0 | X64: 0 | Y64: 1 | Z64: 0 | AA64: 1 | AB64: 0 | AC64: 0 | AD64: 0 | AE64: 1 | AF64: =SUM(E64:AE64) -> 6
C65: 8. YOVI ADHITYA WARDANI | E65: 0 | F65: 0 | G65: 0 | H65: 0 | I65: 0 | J65: 0 | K65: 0 | L65: 0 | M65: 0 | N65: 1 | O65: 1 | P65: 0 | Q65: 0 | R65: 0 | S65: 0 | T65: 0 | U65: 0 | V65: 1 | W65: 0 | X65: 0 | Y65: 1 | Z65: 0 | AA65: 0 | AB65: 1 | AC65: 0 | AD65: 0 | AE65: 0 | AF65: =SUM(E65:AE65) -> 5
C66: 9. RITA AMELIA | E66: 1 | F66: 0 | G66: 0 | H66: 1 | I66: 0 | J66: 0 | K66: 0 | L66: 0 | M66: 0 | N66: 0 | O66: 0 | P66: 0 | Q66: 0 | R66: 0 | S66: 1 | T66: 1 | U66: 1 | V66: 0 | W66: 0 | X66: 1 | Y66: 0 | Z66: 1 | AA66: 1 | AB66: 1 | AC66: 1 | AD66: 1 | AE66: 0 | AF66: =SUM(E66:AE66) -> 11
A67: B | B67: JUMLAH SUARA SAH PARTAI POLITIK DAN CALON (A1 + A2) | E67: =SUM(E57:E66) -> 16 | F67: =SUM(F57:F66) -> 15 | G67: =SUM(G57:G66) -> 11 | H67: =SUM(H57:H66) -> 19 | I67: =SUM(I57:I66) -> 13 | J67: =SUM(J57:J66) -> 17 | K67: =SUM(K57:K66) -> 17 | L67: =SUM(L57:L66) -> 31 | ... AF67: =SUM(AF57:AF66) -> 867
A69: A.1 | B69: 3. | C69: Partai Demokrasi Indonesia Perjuangan | E69: 5 | F69: 3 | G69: 6 | H69: 11 | I69: 4 | J69: 1 | K69: 8 | L69: 14 | M69: 5 | N69: 7 | O69: 13 | P69: 8 | Q69: 9 | R69: 9 | S69: 16 | T69: 9 | U69: 11 | V69: 10 | W69: 11 | X69: 19 | Y69: 12 | Z69: 11 | AA69: 14 | AB69: 8 | AC69: 6 | AD69: 8 | AE69: 1 | AF69: =SUM(E69:AE69) -> 239
A70: A.2 | C70: 1. MARTIN H., S.H., M.H. | E70: 3 | F70: 3 | G70: 1 | H70: 4 | I70: 4 | J70: 1 | K70: 6 | L70: 6 | M70: 3 | N70: 9 | O70: 7 | P70: 2 | Q70: 7 | R70: 4 | S70: 1 | T70: 3 | U70: 6 | V70: 6 | W70: 3 | X70: 5 | Y70: 11 | Z70: 6 | AA70: 5 | AB70: 3 | AC70: 4 | AD70: 2 | AE70: 1 | AF70: =SUM(E70:AE70) -> 116
C71: 2. HERMANTO, S.E. | E71: 5 | F71: 2 | G71: 2 | H71: 20 | I71: 32 | J71: 5 | K71: 10 | L71: 3 | M71: 8 | N71: 6 | O71: 4 | P71: 2 | Q71: 3 | R71: 8 | S71: 2 | T71: 14 | U71: 5 | V71: 8 | W71: 11 | X71: 17 | Y71: 19 | Z71: 35 | AA71: 47 | AB71: 13 | AC71: 17 | AD71: 6 | AE71: 3 | AF71: =SUM(E71:AE71) -> 307
C72: 3. EVY SUSILAWATI, S.E., M.M. | E72: 2 | F72: 6 | G72: 1 | H72: 8 | I72: 1 | J72: 1 | K72: 3 | L72: 5 | M72: 3 | N72: 8 | O72: 8 | P72: 4 | Q72: 4 | R72: 1 | S72: 1 | T72: 2 | U72: 7 | V72: 8 | W72: 3 | X72: 3 | Y72: 1 | Z72: 4 | AA72: 0 | AB72: 0 | AC72: 3 | AD72: 2 | AE72: 2 | AF72: =SUM(E72:AE72) -> 91
C73: 4. M. SIROTTUDIN | E73: 9 | F73: 3 | G73: 1 | H73: 7 | I73: 4 | J73: 4 | K73: 3 | L73: 4 | M73: 59 | N73: 5 | O73: 5 | P73: 2 | Q73: 4 | R73: 7 | S73: 7 | T73: 10 | U73: 8 | V73: 4 | W73: 3 | X73: 10 | Y73: 3 | Z73: 9 | AA73: 6 | AB73: 4 | AC73: 1 | AD73: 1 | AE73: 1 | AF73: =SUM(E73:AE73) -> 184
C74: 5. ABDUL HAFID, S.H. | E74: 4 | F74: 3 | G74: 1 | H74: 2 | I74: 0 | J74: 1 | K74: 1 | L74: 1 | M74: 1 | N74: 1 | O74: 4 | P74: 6 | Q74: 4 | R74: 4 | S74: 3 | T74: 4 | U74: 7 | V74: 4 | W74: 0 | X74: 12 | Y74: 4 | Z74: 5 | AA74: 2 | AB74: 3 | AC74: 2 | AD74: 0 | AE74: 0 | AF74: =SUM(E74:AE74) -> 79
C75: 6. NIKITA FORTUNA SURYANINGATI, A.Md.Keb. | E75: 0 | F75: 1 | G75: 0 | H75: 1 | I75: 2 | J75: 2 | K75: 3 | L75: 0 | M75: 0 | N75: 3 | O75: 0 | P75: 1 | Q75: 0 | R75: 3 | S75: 2 | T75: 3 | U75: 6 | V75: 0 | W75: 0 | X75: 3 | Y75: 0 | Z75: 2 | AA75: 2 | AB75: 2 | AC75: 0 | AD75: 0 | AE75: 0 | AF75: =SUM(E75:AE75) -> 36
C76: 7. YUDHO ILHAM WIJAYA, S.E. | E76: 0 | F76: 4 | G76: 0 | H76: 0 | I76: 0 | J76: 0 | K76: 0 | L76: 0 | M76: 1 | N76: 0 | O76: 0 | P76: 0 | Q76: 1 | R76: 0 | S76: 2 | T76: 2 | U76: 0 | V76: 0 | W76: 0 | X76: 3 | Y76: 2 | Z76: 0 | AA76: 1 | AB76: 1 | AC76: 2 | AD76: 1 | AE76: 2 | AF76: =SUM(E76:AE76) -> 22
C77: 8. SETIAWATI, S.H. | E77: 1 | F77: 0 | G77: 0 | H77: 0 | I77: 0 | J77: 0 | K77: 3 | L77: 1 | M77: 1 | N77: 1 | O77: 0 | P77: 1 | Q77: 0 | R77: 1 | S77: 2 | T77: 1 | U77: 3 | V77: 0 | W77: 0 | X77: 0 | Y77: 1 | Z77: 0 | AA77: 1 | AB77: 0 | AC77: 0 | AD77: 0 | AE77: 0 | AF77: =SUM(E77:AE77) -> 17
C78: 9. EKO BUDI SANTOSO, S.H. | E78: 2 | F78: 3 | G78: 3 | H78: 5 | I78: 5 | J78: 8 | K78: 4 | L78: 4 | M78: 7 | N78: 0 | O78: 5 | P78: 1 | Q78: 1 | R78: 0 | S78: 1 | T78: 3 | U78: 1 | V78: 1 | W78: 2 | X78: 0 | Y78: 0 | Z78: 4 | AA78: 1 | AB78: 0 | AC78: 3 | AD78: 0 | AE78: 4 | AF78: =SUM(E78:AE78) -> 68
A79: B | B79: JUMLAH SUARA SAH PARTAI POLITIK DAN CALON (A1 + A2) | E79: =SUM(E69:E78) -> 31 | F79: =SUM(F69:F78) -> 28 | G79: =SUM(G69:G78) -> 15 | H79: =SUM(H69:H78) -> 58 | I79: =SUM(I69:I78) -> 52 | J79: =SUM(J69:J78) -> 23 | K79: =SUM(K69:K78) -> 41 | L79: =SUM(L69:L78) -> 38 | ... AF79: =SUM(AF69:AF78) -> 1159
A81: A.1 | B81: 4. | C81: Partai Golongan Karya | E81: 3 | F81: 8 | G81: 5 | H81: 2 | I81: 2 | J81: 2 | K81: 2 | L81: 5 | M81: 1 | N81: 1 | O81: 2 | P81: 0 | Q81: 2 | R81: 1 | S81: 3 | T81: 2 | U81: 1 | V81: 1 | W81: 4 | X81: 2 | Y81: 4 | Z81: 4 | AA81: 0 | AB81: 2 | AC81: 0 | AD81: 0 | AE81: 0 | AF81: =SUM(E81:AE81) -> 59
A82: A.2 | C82: 1. PRANAYA YUDHA MAHARDHIKA | E82: 21 | F82: 59 | G82: 93 | H82: 42 | I82: 34 | J82: 0 | K82: 48 | L82: 16 | M82: 24 | N82: 13 | O82: 4 | P82: 2 | Q82: 15 | R82: 11 | S82: 25 | T82: 0 | U82: 5 | V82: 0 | W82: 3 | X82: 15 | Y82: 31 | Z82: 27 | AA82: 4 | AB82: 2 | AC82: 3 | AD82: 0 | AE82: 1 | AF82: =SUM(E82:AE82) -> 498
C83: 2. Dra. Ec. ENDANG SULASTUTY, M.I.P. | E83: 0 | F83: 0 | G83: 3 | H83: 0 | I83: 0 | J83: 0 | K83: 1 | L83: 1 | M83: 0 | N83: 0 | O83: 1 | P83: 1 | Q83: 1 | R83: 1 | S83: 0 | T83: 0 | U83: 1 | V83: 0 | W83: 0 | X83: 1 | Y83: 0 | Z83: 0 | AA83: 0 | AB83: 0 | AC83: 1 | AD83: 1 | AE83: 0 | AF83: =SUM(E83:AE83) -> 13
C84: 3. AGUS REJEKI WARTONO | E84: 0 | F84: 1 | G84: 0 | H84: 1 | I84: 1 | J84: 0 | K84: 0 | L84: 2 | M84: 0 | N84: 0 | O84: 0 | P84: 2 | Q84: 0 | R84: 1 | S84: 0 | T84: 1 | U84: 1 | V84: 0 | W84: 0 | X84: 1 | Y84: 1 | Z84: 1 | AA84: 0 | AB84: 0 | AC84: 0 | AD84: 0 | AE84: 0 | AF84: =SUM(E84:AE84) -> 13
C85: 4. Hj. TUTUK ASMA'A ZUCHROH, S.T., M.T. | E85: 4 | F85: 2 | G85: 0 | H85: 2 | I85: 0 | J85: 0 | K85: 2 | L85: 0 | M85: 0 | N85: 0 | O85: 1 | P85: 0 | Q85: 1 | R85: 1 | S85: 0 | T85: 0 | U85: 2 | V85: 0 | W85: 0 | X85: 2 | Y85: 1 | Z85: 0 | AA85: 1 | AB85: 0 | AC85: 3 | AD85: 0 | AE85: 0 | AF85: =SUM(E85:AE85) -> 22
C86: 5. ADE M. RIZKI, S.E. | E86: 2 | F86: 0 | G86: 1 | H86: 0 | I86: 0 | J86: 0 | K86: 0 | L86: 0 | M86: 0 | N86: 0 | O86: 1 | P86: 2 | Q86: 0 | R86: 4 | S86: 1 | T86: 1 | U86: 0 | V86: 0 | W86: 0 | X86: 0 | Y86: 0 | Z86: 0 | AA86: 0 | AB86: 0 | AC86: 0 | AD86: 0 | AE86: 0 | AF86: =SUM(E86:AE86) -> 12
C87: 6. ABDURAKHMAN, Bc.Kn. | E87: 0 | F87: 0 | G87: 0 | H87: 0 | I87: 0 | J87: 0 | K87: 0 | L87: 0 | M87: 0 | N87: 0 | O87: 1 | P87: 0 | Q87: 0 | R87: 0 | S87: 0 | T87: 0 | U87: 0 | V87: 0 | W87: 0 | X87: 0 | Y87: 0 | Z87: 0 | AA87: 0 | AB87: 0 | AC87: 0 | AD87: 0 | AE87: 0 | AF87: =SUM(E87:AE87) -> 1
C88: 7. CENDY RHIYAN ADI PUTRI | E88: 0 | F88: 0 | G88: 0 | H88: 0 | I88: 0 | J88: 0 | K88: 0 | L88: 0 | M88: 1 | N88: 0 | O88: 0 | P88: 0 | Q88: 0 | R88: 0 | S88: 0 | T88: 0 | U88: 0 | V88: 0 | W88: 0 | X88: 1 | Y88: 0 | Z88: 0 | AA88: 0 | AB88: 0 | AC88: 0 | AD88: 0 | AE88: 0 | AF88: =SUM(E88:AE88) -> 2
C89: 8. BAKTI WIJAYANTO, S.E. | E89: 0 | F89: 0 | G89: 0 | H89: 0 | I89: 0 | J89: 0 | K89: 0 | L89: 0 | M89: 0 | N89: 0 | O89: 0 | P89: 0 | Q89: 0 | R89: 0 | S89: 0 | T89: 0 | U89: 0 | V89: 0 | W89: 0 | X89: 1 | Y89: 0 | Z89: 0 | AA89: 0 | AB89: 0 | AC89: 0 | AD89: 0 | AE89: 1 | AF89: =SUM(E89:AE89) -> 2
C90: 9. AHMAD UBAIDILLAH | E90: 0 | F90: 0 | G90: 0 | H90: 0 | I90: 0 | J90: 0 | K90: 0 | L90: 0 | M90: 0 | N90: 0 | O90: 1 | P90: 0 | Q90: 0 | R90: 0 | S90: 0 | T90: 0 | U90: 1 | V90: 0 | W90: 0 | X90: 0 | Y90: 0 | Z90: 1 | AA90: 0 | AB90: 0 | AC90: 0 | AD90: 0 | AE90: 0 | AF90: =SUM(E90:AE90) -> 3
A91: B | B91: JUMLAH SUARA SAH PARTAI POLITIK DAN CALON (A1 + A2) | E91: =SUM(E81:E90) -> 30 | F91: =SUM(F81:F90) -> 70 | G91: =SUM(G81:G90) -> 102 | H91: =SUM(H81:H90) -> 47 | I91: =SUM(I81:I90) -> 37 | J91: =SUM(J81:J90) -> 2 | K91: =SUM(K81:K90) -> 53 | L91: =SUM(L81:L90) -> 24 | ... AF91: =SUM(AF81:AF90) -> 625
A93: A.1 | B93: 5. | C93: Partai NasDem | E93: 2 | F93: 4 | G93: 8 | H93: 2 | I93: 2 | J93: 0 | K93: 2 | L93: 3 | M93: 1 | N93: 2 | O93: 5 | P93: 2 | Q93: 6 | R93: 8 | S93: 4 | T93: 0 | U93: 3 | V93: 13 | W93: 0 | X93: 3 | Y93: 8 | Z93: 4 | AA93: 2 | AB93: 6 | AC93: 3 | AD93: 0 | AE93: 1 | AF93: =SUM(E93:AE93) -> 94
A94: A.2 | C94: 1. ALI MUSTOFA, A.Md. | E94: 2 | F94: 0 | G94: 2 | H94: 0 | I94: 0 | J94: 0 | K94: 1 | L94: 1 | M94: 0 | N94: 1 | O94: 1 | P94: 1 | Q94: 2 | R94: 11 | S94: 1 | T94: 2 | U94: 2 | V94: 1 | W94: 0 | X94: 1 | Y94: 2 | Z94: 5 | AA94: 0 | AB94: 0 | AC94: 1 | AD94: 1 | AE94: 0 | AF94: =SUM(E94:AE94) -> 38
C95: 2. Hj. BUAMI, S.H. | E95: 1 | F95: 0 | G95: 0 | H95: 0 | I95: 1 | J95: 0 | K95: 0 | L95: 1 | M95: 1 | N95: 1 | O95: 0 | P95: 0 | Q95: 2 | R95: 1 | S95: 0 | T95: 0 | U95: 1 | V95: 0 | W95: 0 | X95: 0 | Y95: 2 | Z95: 0 | AA95: 1 | AB95: 0 | AC95: 0 | AD95: 0 | AE95: 0 | AF95: =SUM(E95:AE95) -> 12
C96: 3. SUGIONO, S.H. | E96: 0 | F96: 1 | G96: 1 | H96: 0 | I96: 0 | J96: 0 | K96: 0 | L96: 1 | M96: 0 | N96: 0 | O96: 1 | P96: 0 | Q96: 1 | R96: 0 | S96: 0 | T96: 0 | U96: 0 | V96: 0 | W96: 0 | X96: 0 | Y96: 0 | Z96: 2 | AA96: 1 | AB96: 0 | AC96: 0 | AD96: 0 | AE96: 0 | AF96: =SUM(E96:AE96) -> 8
C97: 4. LULUK SUNARMIATININGSIH | E97: 2 | F97: 1 | G97: 2 | H97: 1 | I97: 1 | J97: 0 | K97: 1 | L97: 1 | M97: 1 | N97: 0 | O97: 4 | P97: 2 | Q97: 0 | R97: 0 | S97: 2 | T97: 1 | U97: 1 | V97: 0 | W97: 0 | X97: 0 | Y97: 0 | Z97: 1 | AA97: 1 | AB97: 0 | AC97: 0 | AD97: 0 | AE97: 0 | AF97: =SUM(E97:AE97) -> 22
C98: 5. ANTON DJULIANTO ADI | E98: 1 | F98: 2 | G98: 1 | H98: 0 | I98: 0 | J98: 0 | K98: 0 | L98: 1 | M98: 2 | N98: 0 | O98: 1 | P98: 1 | Q98: 1 | R98: 0 | S98: 1 | T98: 0 | U98: 0 | V98: 1 | W98: 0 | X98: 2 | Y98: 3 | Z98: 5 | AA98: 1 | AB98: 0 | AC98: 2 | AD98: 0 | AE98: 0 | AF98: =SUM(E98:AE98) -> 25
C99: 6. MOKHAMAD ROFI'I KHUSNAN | E99: 0 | F99: 0 | G99: 0 | H99: 0 | I99: 0 | J99: 0 | K99: 0 | L99: 0 | M99: 0 | N99: 1 | O99: 1 | P99: 0 | Q99: 0 | R99: 0 | S99: 0 | T99: 0 | U99: 1 | V99: 0 | W99: 0 | X99: 0 | Y99: 1 | Z99: 1 | AA99: 0 | AB99: 5 | AC99: 1 | AD99: 0 | AE99: 0 | AF99: =SUM(E99:AE99) -> 11
C100: 7. Rr SETYO WATI | E100: 0 | F100: 0 | G100: 0 | H100: 1 | I100: 0 | J100: 0 | K100: 0 | L100: 0 | M100: 0 | N100: 0 | O100: 0 | P100: 0 | Q100: 1 | R100: 0 | S100: 0 | T100: 0 | U100: 0 | V100: 0 | W100: 0 | X100: 0 | Y100: 1 | Z100: 0 | AA100: 0 | AB100: 2 | AC100: 0 | AD100: 0 | AE100: 0 | AF100: =SUM(E100:AE100) -> 5
C101: 8. ABD. KADIR ASSEGAFF | E101: 0 | F101: 0 | G101: 0 | H101: 0 | I101: 0 | J101: 0 | K101: 0 | L101: 0 | M101: 0 | N101: 0 | O101: 0 | P101: 0 | Q101: 0 | R101: 0 | S101: 0 | T101: 0 | U101: 0 | V101: 1 | W101: 0 | X101: 0 | Y101: 0 | Z101: 1 | AA101: 0 | AB101: 1 | AC101: 0 | AD101: 0 | AE101: 0 | AF101: =SUM(E101:AE101) -> 3
C102: 9. FATHOR ZAINULLAH | E102: 0 | F102: 0 | G102: 0 | H102: 0 | I102: 0 | J102: 0 | K102: 0 | L102: 0 | M102: 0 | N102: 0 | O102: 0 | P102: 0 | Q102: 0 | R102: 1 | S102: 1 | T102: 0 | U102: 0 | V102: 0 | W102: 0 | X102: 0 | Y102: 0 | Z102: 0 | AA102: 0 | AB102: 0 | AC102: 0 | AD102: 0 | AE102: 0 | AF102: =SUM(E102:AE102) -> 2
A103: B | B103: JUMLAH SUARA SAH PARTAI POLITIK DAN CALON (A1 + A2) | E103: =SUM(E93:E102) -> 8 | F103: =SUM(F93:F102) -> 8 | G103: =SUM(G93:G102) -> 14 | H103: =SUM(H93:H102) -> 4 | I103: =SUM(I93:I102) -> 4 | J103: =SUM(J93:J102) -> 0 | K103: =SUM(K93:K102) -> 4 | L103: =SUM(L93:L102) -> 8 | ... AF103: =SUM(AF93:AF102) -> 220
A105: A.1 | B105: 6. | C105: Partai Buruh | E105: 0 | F105: 0 | G105: 0 | H105: 0 | I105: 0 | J105: 0 | K105: 0 | L105: 0 | M105: 0 | N105: 0 | O105: 2 | P105: 1 | Q105: 0 | R105: 0 | S105: 0 | T105: 1 | U105: 0 | V105: 0 | W105: 0 | X105: 0 | Y105: 0 | Z105: 0 | AA105: 0 | AB105: 0 | AC105: 0 | AD105: 1 | AE105: 0 | AF105: =SUM(E105:AE105) -> 5
A106: A.2 | C106: 1. AGUS SUPRIYADI | E106: 0 | F106: 0 | G106: 0 | H106: 0 | I106: 0 | J106: 0 | K106: 0 | L106: 0 | M106: 0 | N106: 0 | O106: 0 | P106: 0 | Q106: 0 | R106: 0 | S106: 0 | T106: 0 | U106: 0 | V106: 0 | W106: 0 | X106: 0 | Y106: 0 | Z106: 0 | AA106: 0 | AB106: 0 | AC106: 0 | AD106: 0 | AE106: 0 | AF106: =SUM(E106:AE106) -> 0
C107: 2. ENI HARIATI | E107: 1 | F107: 0 | G107: 0 | H107: 1 | I107: 0 | J107: 0 | K107: 0 | L107: 0 | M107: 0 | N107: 1 | O107: 0 | P107: 1 | Q107: 1 | R107: 0 | S107: 0 | T107: 1 | U107: 0 | V107: 0 | W107: 0 | X107: 0 | Y107: 0 | Z107: 0 | AA107: 0 | AB107: 0 | AC107: 2 | AD107: 0 | AE107: 0 | AF107: =SUM(E107:AE107) -> 8
A115: B | B115: JUMLAH SUARA SAH PARTAI POLITIK DAN CALON (A1 + A2) | E115: =SUM(E105:E114) -> 1 | F115: =SUM(F105:F114) -> 0 | G115: =SUM(G105:G114) -> 0 | H115: =SUM(H105:H114) -> 1 | I115: =SUM(I105:I114) -> 0 | J115: =SUM(J105:J114) -> 0 | K115: =SUM(K105:K114) -> 0 | L115: =SUM(L105:L114) -> 0 | ... AF115: =SUM(AF105:AF114) -> 13
A117: A.1 | B117: 7. | C117: Partai Gelombang Rakyat Indonesia | E117: 1 | F117: 4 | G117: 0 | H117: 0 | I117: 0 | J117: 0 | K117: 2 | L117: 1 | M117: 1 | N117: 0 | O117: 0 | P117: 1 | Q117: 0 | R117: 0 | S117: 2 | T117: 0 | U117: 0 | V117: 2 | W117: 1 | X117: 0 | Y117: 0 | Z117: 0 | AA117: 0 | AB117: 0 | AC117: 0 | AD117: 1 | AE117: 2 | AF117: =SUM(E117:AE117) -> 18
A118: A.2 | C118: 1. MIRZA MUHROSNI AROMA | E118: 0 | F118: 1 | G118: 0 | H118: 0 | I118: 0 | J118: 0 | K118: 0 | L118: 0 | M118: 0 | N118: 0 | O118: 0 | P118: 0 | Q118: 0 | R118: 0 | S118: 0 | T118: 0 | U118: 1 | V118: 0 | W118: 0 | X118: 1 | Y118: 0 | Z118: 0 | AA118: 0 | AB118: 0 | AC118: 0 | AD118: 0 | AE118: 0 | AF118: =SUM(E118:AE118) -> 3
C119: 2. ACHMAD BAGUS SUGIARTO | E119: 0 | F119: 1 | G119: 0 | H119: 0 | I119: 0 | J119: 0 | K119: 0 | L119: 1 | M119: 2 | N119: 0 | O119: 0 | P119: 0 | Q119: 0 | R119: 1 | S119: 0 | T119: 0 | U119: 0 | V119: 0 | W119: 0 | X119: 0 | Y119: 0 | Z119: 0 | AA119: 0 | AB119: 0 | AC119: 0 | AD119: 0 | AE119: 0 | AF119: =SUM(E119:AE119) -> 5
C120: 3. ELOK FITRIYA NINGSIH | E120: 1 | F120: 0 | G120: 0 | H120: 0 | I120: 0 | J120: 0 | K120: 0 | L120: 1 | M120: 0 | N120: 0 | O120: 0 | P120: 0 | Q120: 0 | R120: 0 | S120: 1 | T120: 0 | U120: 0 | V120: 0 | W120: 1 | X120: 0 | Y120: 0 | Z120: 0 | AA120: 0 | AB120: 0 | AC120: 1 | AD120: 1 | AE120: 0 | AF120: =SUM(E120:AE120) -> 6
C121: 4. MADI | E121: 0 | F121: 0 | G121: 0 | H121: 0 | I121: 0 | J121: 0 | K121: 0 | L121: 0 | M121: 0 | N121: 0 | O121: 0 | P121: 0 | Q121: 0 | R121: 1 | S121: 0 | T121: 0 | U121: 0 | V121: 0 | W121: 0 | X121: 0 | Y121: 0 | Z121: 0 | AA121: 0 | AB121: 0 | AC121: 0 | AD121: 0 | AE121: 0 | AF121: =SUM(E121:AE121) -> 1
C122: 5. LUKY PERMANASARI | E122: 0 | F122: 0 | G122: 0 | H122: 0 | I122: 0 | J122: 0 | K122: 0 | L122: 0 | M122: 0 | N122: 0 | O122: 0 | P122: 0 | Q122: 0 | R122: 0 | S122: 0 | T122: 2 | U122: 0 | V122: 0 | W122: 0 | X122: 0 | Y122: 0 | Z122: 0 | AA122: 0 | AB122: 0 | AC122: 0 | AD122: 1 | AE122: 0 | AF122: =SUM(E122:AE122) -> 3
A127: B | B127: JUMLAH SUARA SAH PARTAI POLITIK DAN CALON (A1 + A2) | E127: =SUM(E117:E126) -> 2 | F127: =SUM(F117:F126) -> 6 | G127: =SUM(G117:G126) -> 0 | H127: =SUM(H117:H126) -> 0 | I127: =SUM(I117:I126) -> 0 | J127: =SUM(J117:J126) -> 0 | K127: =SUM(K117:K126) -> 2 | L127: =SUM(L117:L126) -> 3 | ... AF127: =SUM(AF117:AF126) -> 36
A129: A.1 | B129: 8. | C129: Partai Keadilan Sejahtera | E129: 1 | F129: 0 | G129: 0 | H129: 0 | I129: 0 | J129: 0 | K129: 0 | L129: 0 | M129: 1 | N129: 1 | O129: 2 | P129: 0 | Q129: 0 | R129: 1 | S129: 1 | T129: 3 | U129: 0 | V129: 0 | W129: 0 | X129: 0 | Y129: 0 | Z129: 1 | AA129: 0 | AB129: 0 | AC129: 0 | AD129: 0 | AE129: 0 | AF129: =SUM(E129:AE129) -> 11
...

Sheet SAMBIREJO
C2: Kecamatan | D2: BANGOREJO
C3: Kabupaten | D3: BANYUWANGI
C4: Provinsi | D4: JAWA TIMUR
C9: Kelurahan | D9: SAMBIREJO
A12: I | B12: DATA PEMILIH DAN PENGGUNAAN HAK PILIH | AF12: JUMLAH AKHIR
A13: A | B13: DATA PEMILIH | E13: TPS 001 | F13: TPS 002 | G13: TPS 003 | H13: TPS 004 | I13: TPS 005 | J13: TPS 006 | K13: TPS 007 | L13: TPS 008 | M13: TPS 009 | N13: TPS 010 | O13: TPS 011 | P13: TPS 012 | Q13: TPS 013 | R13: TPS 014 | S13: TPS 015 | T13: TPS 016 | U13: TPS 017 | V13: TPS 018 | W13: TPS 019 | X13: TPS 020 | Y13: TPS 021 | Z13: TPS 022 | AA13: TPS 023 | AB13: TPS 024 | AC13: TPS 025 | AD13: TPS 026 | AE13: TPS 027
B14: Jumlah Pemilih dalam Daftar Pemilih Tetap (DPT) | D14: LK | E14: 154 | F14: 144 | G14: 142 | H14: 113 | I14: 124 | J14: 132 | K14: 113 | L14: 131 | M14: 131 | N14: 116 | O14: 138 | P14: 130 | Q14: 147 | R14: 152 | S14: 146 | T14: 121 | U14: 142 | V14: 144 | W14: 120 | X14: 113 | Y14: 139 | Z14: 129 | AA14: 138 | AB14: 150 | AC14: 136 | AD14: 131 | AE14: 137 | AF14: =SUM(E14:AE14) -> 3613
D15: PR | E15: 141 | F15: 136 | G15: 135 | H15: 116 | I15: 108 | J15: 134 | K15: 125 | L15: 148 | M15: 149 | N15: 115 | O15: 124 | P15: 132 | Q15: 139 | R15: 131 | S15: 138 | T15: 114 | U15: 139 | V15: 132 | W15: 118 | X15: 126 | Y15: 138 | Z15: 125 | AA15: 141 | AB15: 129 | AC15: 146 | AD15: 125 | AE15: 146 | AF15: =SUM(E15:AE15) -> 3550
D16: JML | E16: =SUM(E14:E15) -> 295 | F16: =SUM(F14:F15) -> 280 | G16: =SUM(G14:G15) -> 277 | H16: =SUM(H14:H15) -> 229 | I16: =SUM(I14:I15) -> 232 | J16: =SUM(J14:J15) -> 266 | K16: =SUM(K14:K15) -> 238 | L16: =SUM(L14:L15) -> 279 | ... AE16: =SUM(AE14:AE15) -> 283 | AF16: =SUM(E16:AE16) -> 7163
A18: B | B18: PENGGUNA HAK PILIH
B19: 1. | C19: Jumlah pengguna hak pilih dalam Daftar Pemilih Tetap (DPT) | D19: LK | E19: 130 | F19: 127 | G19: 99 | H19: 92 | I19: 98 | J19: 107 | K19: 89 | L19: 92 | M19: 94 | N19: 79 | O19: 104 | P19: 95 | Q19: 110 | R19: 105 | S19: 99 | T19: 83 | U19: 98 | V19: 102 | W19: 102 | X19: 88 | Y19: 103 | Z19: 102 | AA19: 114 | AB19: 104 | AC19: 103 | AD19: 109 | AE19: 105 | AF19: =SUM(E19:AE19) -> 2733
D20: PR | E20: 112 | F20: 109 | G20: 115 | H20: 90 | I20: 89 | J20: 108 | K20: 101 | L20: 123 | M20: 121 | N20: 91 | O20: 95 | P20: 95 | Q20: 111 | R20: 100 | S20: 101 | T20: 81 | U20: 102 | V20: 92 | W20: 97 | X20: 94 | Y20: 110 | Z20: 103 | AA20: 121 | AB20: 107 | AC20: 119 | AD20: 105 | AE20: 108 | AF20: =SUM(E20:AE20) -> 2800
D21: JML | E21: =SUM(E19:E20) -> 242 | F21: =SUM(F19:F20) -> 236 | G21: =SUM(G19:G20) -> 214 | H21: =SUM(H19:H20) -> 182 | I21: =SUM(I19:I20) -> 187 | J21: =SUM(J19:J20) -> 215 | K21: =SUM(K19:K20) -> 190 | L21: =SUM(L19:L20) -> 215 | ... AE21: =SUM(AE19:AE20) -> 213 | AF21: =SUM(E21:AE21) -> 5533
B22: 2. | C22: Jumlah pengguna hak pilih dalam Daftar Pemilih Tambahan (DPTb) | D22: LK | E22: 0 | F22: 1 | G22: 0 | H22: 0 | I22: 0 | J22: 0 | K22: 0 | L22: 0 | M22: 0 | N22: 0 | O22: 0 | P22: 0 | Q22: 0 | R22: 0 | S22: 0 | T22: 0 | U22: 0 | V22: 0 | W22: 0 | X22: 0 | Y22: 0 | Z22: 0 | AA22: 0 | AB22: 0 | AC22: 0 | AD22: 0 | AE22: 0 | AF22: =SUM(E22:AE22) -> 1
D23: PR | E23: 0 | F23: 1 | G23: 0 | H23: 0 | I23: 0 | J23: 0 | K23: 0 | L23: 0 | M23: 0 | N23: 0 | O23: 0 | P23: 0 | Q23: 0 | R23: 0 | S23: 0 | T23: 0 | U23: 0 | V23: 0 | W23: 0 | X23: 0 | Y23: 0 | Z23: 0 | AA23: 1 | AB23: 1 | AC23: 0 | AD23: 1 | AE23: 0 | AF23: =SUM(E23:AE23) -> 4
D24: JML | E24: =SUM(E22:E23) -> 0 | F24: =SUM(F22:F23) -> 2 | G24: =SUM(G22:G23) -> 0 | H24: =SUM(H22:H23) -> 0 | I24: =SUM(I22:I23) -> 0 | J24: =SUM(J22:J23) -> 0 | K24: =SUM(K22:K23) -> 0 | L24: =SUM(L22:L23) -> 0 | ... AE24: =SUM(AE22:AE23) -> 0 | AF24: =SUM(E24:AE24) -> 5
B25: 3. | C25: Jumlah pengguna hak pilih dalam Daftar Pemilih Khusus (DPK) | D25: LK | E25: 0 | F25: 2 | G25: 2 | H25: 1 | I25: 0 | J25: 0 | K25: 2 | L25: 0 | M25: 0 | N25: 1 | O25: 3 | P25: 1 | Q25: 0 | R25: 0 | S25: 1 | T25: 2 | U25: 0 | V25: 0 | W25: 0 | X25: 0 | Y25: 1 | Z25: 2 | AA25: 0 | AB25: 0 | AC25: 1 | AD25: 0 | AE25: 0 | AF25: =SUM(E25:AE25) -> 19
D26: PR | E26: 0 | F26: 3 | G26: 2 | H26: 4 | I26: 0 | J26: 0 | K26: 0 | L26: 0 | M26: 0 | N26: 1 | O26: 0 | P26: 0 | Q26: 0 | R26: 0 | S26: 1 | T26: 1 | U26: 0 | V26: 3 | W26: 1 | X26: 3 | Y26: 1 | Z26: 0 | AA26: 0 | AB26: 0 | AC26: 1 | AD26: 2 | AE26: 1 | AF26: =SUM(E26:AE26) -> 24
D27: JML | E27: =SUM(E25:E26) -> 0 | F27: =SUM(F25:F26) -> 5 | G27: =SUM(G25:G26) -> 4 | H27: =SUM(H25:H26) -> 5 | I27: =SUM(I25:I26) -> 0 | J27: =SUM(J25:J26) -> 0 | K27: =SUM(K25:K26) -> 2 | L27: =SUM(L25:L26) -> 0 | ... AE27: =SUM(AE25:AE26) -> 1 | AF27: =SUM(E27:AE27) -> 43
B28: 4. | C28: Jumlah Pengguna Hak Pilih (B.1+B.2+B.3) | D28: LK | E28: =SUM(E19,E22,E25) -> 130 | F28: =SUM(F19,F22,F25) -> 130 | G28: =SUM(G19,G22,G25) -> 101 | H28: =SUM(H19,H22,H25) -> 93 | I28: =SUM(I19,I22,I25) -> 98 | J28: =SUM(J19,J22,J25) -> 107 | K28: =SUM(K19,K22,K25) -> 91 | L28: =SUM(L19,L22,L25) -> 92 | ... AE28: =SUM(AE19,AE22,AE25) -> 105 | AF28: =SUM(E28:AE28) -> 2753
D29: PR | E29: =SUM(E20,E23,E26) -> 112 | F29: =SUM(F20,F23,F26) -> 113 | G29: =SUM(G20,G23,G26) -> 117 | H29: =SUM(H20,H23,H26) -> 94 | I29: =SUM(I20,I23,I26) -> 89 | J29: =SUM(J20,J23,J26) -> 108 | K29: =SUM(K20,K23,K26) -> 101 | L29: =SUM(L20,L23,L26) -> 123 | ... AE29: =SUM(AE20,AE23,AE26) -> 109 | AF29: =SUM(E29:AE29) -> 2828
D30: JML | E30: =SUM(E28:E29) -> 242 | F30: =SUM(F28:F29) -> 243 | G30: =SUM(G28:G29) -> 218 | H30: =SUM(H28:H29) -> 187 | I30: =SUM(I28:I29) -> 187 | J30: =SUM(J28:J29) -> 215 | K30: =SUM(K28:K29) -> 192 | L30: =SUM(L28:L29) -> 215 | ... AE30: =SUM(AE28:AE29) -> 214 | AF30: =SUM(E30:AE30) -> 5581
A32: II | B32: DATA PENGGUNAAN SURAT SUARA
A33: 1 | B33: Jumlah surat suara yang diterima, termasuk surat suara cadangan 2,5% dari DPT | E33: 300 | F33: 288 | G33: 283 | H33: 234 | I33: 235 | J33: 272 | K33: 243 | L33: 285 | M33: 286 | N33: 236 | O33: 268 | P33: 268 | Q33: 291 | R33: 289 | S33: 290 | T33: 241 | U33: 287 | V33: 276 | W33: 243 | X33: 244 | Y33: 283 | Z33: 260 | AA33: 285 | AB33: 285 | AC33: 288 | AD33: 262 | AE33: 289 | AF33: =SUM(E33:AE33) -> 7311
A34: 2 | B34: Jumlah surat suara yang digunakan | E34: 242 | F34: 243 | G34: 218 | H34: 187 | I34: 187 | J34: 215 | K34: 192 | L34: 215 | M34: 215 | N34: 172 | O34: 202 | P34: 191 | Q34: 221 | R34: 205 | S34: 202 | T34: 167 | U34: 200 | V34: 197 | W34: 200 | X34: 185 | Y34: 215 | Z34: 207 | AA34: 236 | AB34: 212 | AC34: 224 | AD34: 217 | AE34: 214 | AF34: =SUM(E34:AE34) -> 5581
A35: 3 | B35: Jumlah surat suara dikembalikan oleh pemilih (karena rusak atau keliru coblos) | E35: 3 | F35: 0 | G35: 0 | H35: 1 | I35: 0 | J35: 3 | K35: 15 | L35: 0 | M35: 0 | N35: 0 | O35: 1 | P35: 0 | Q35: 0 | R35: 0 | S35: 0 | T35: 0 | U35: 0 | V35: 0 | W35: 0 | X35: 0 | Y35: 1 | Z35: 0 | AA35: 0 | AB35: 0 | AC35: 0 | AD35: 0 | AE35: 0 | AF35: =SUM(E35:AE35) -> 24
A36: 4 | B36: Jumlah surat suara yang tidak digunakan/tidak terpakai, termasuk sisa surat suara cadangan | E36: =E33-(E34+E35) -> 55 | F36: =F33-(F34+F35) -> 45 | G36: =G33-(G34+G35) -> 65 | H36: =H33-(H34+H35) -> 46 | I36: =I33-(I34+I35) -> 48 | J36: =J33-(J34+J35) -> 54 | K36: =K33-(K34+K35) -> 36 | L36: =L33-(L34+L35) -> 70 | ... AE36: =AE33-(AE34+AE35) -> 75 | AF36: =SUM(E36:AE36) -> 1706
A38: III | B38: DATA PEMILIH DISABILITAS
B39: Jumlah seluruh Pemilih disabilitas yang menggunakan hak pilih | D39: LK | E39: 0 | F39: 1 | G39: 0 | H39: 0 | I39: 0 | J39: 0 | K39: 0 | L39: 0 | M39: 0 | N39: 0 | O39: 0 | P39: 0 | Q39: 0 | R39: 0 | S39: 0 | T39: 0 | U39: 0 | V39: 1 | W39: 0 | X39: 0 | Y39: 0 | Z39: 0 | AA39: 0 | AB39: 0 | AC39: 1 | AD39: 0 | AE39: 0 | AF39: =SUM(E39:AE39) -> 3
D40: PR | E40: 1 | F40: 0 | G40: 0 | H40: 0 | I40: 0 | J40: 0 | K40: 0 | L40: 0 | M40: 0 | N40: 0 | O40: 0 | P40: 0 | Q40: 0 | R40: 0 | S40: 0 | T40: 0 | U40: 0 | V40: 0 | W40: 0 | X40: 0 | Y40: 0 | Z40: 0 | AA40: 0 | AB40: 0 | AC40: 0 | AD40: 0 | AE40: 1 | AF40: =SUM(E40:AE40) -> 2
D41: JML | E41: =SUM(E39:E40) -> 1 | F41: =SUM(F39:F40) -> 1 | G41: =SUM(G39:G40) -> 0 | H41: =SUM(H39:H40) -> 0 | I41: =SUM(I39:I40) -> 0 | J41: =SUM(J39:J40) -> 0 | K41: =SUM(K39:K40) -> 0 | L41: =SUM(L39:L40) -> 0 | ... AE41: =SUM(AE39:AE40) -> 1 | AF41: =SUM(E41:AE41) -> 5
A43: IV | B43: DATA RINCIAN PEROLEHAN SUARA PASANGAN CALON BUPATI DAN WAKIL BUPATI
A44: NOMOR DAN NAMA CALON
A45: A.1 | B45: 1. | C45: Partai Kebangkitan Bangsa | E45: 4 | F45: 10 | G45: 17 | H45: 9 | I45: 3 | J45: 10 | K45: 6 | L45: 9 | M45: 4 | N45: 4 | O45: 2 | P45: 3 | Q45: 5 | R45: 7 | S45: 7 | T45: 5 | U45: 5 | V45: 5 | W45: 1 | X45: 12 | Y45: 8 | Z45: 6 | AA45: 4 | AB45: 2 | AC45: 3 | AD45: 3 | AE45: 2 | AF45: =SUM(E45:AE45) -> 156
A46: A.2 | C46: 1. Dra. Hj. MA`MULAH HARUN, M.Pd.I. | E46: 30 | F46: 19 | G46: 74 | H46: 27 | I46: 1 | J46: 15 | K46: 5 | L46: 13 | M46: 8 | N46: 7 | O46: 2 | P46: 6 | Q46: 19 | R46: 13 | S46: 13 | T46: 7 | U46: 24 | V46: 6 | W46: 12 | X46: 13 | Y46: 27 | Z46: 34 | AA46: 27 | AB46: 10 | AC46: 5 | AD46: 8 | AE46: 9 | AF46: =SUM(E46:AE46) -> 434
C47: 2. UBAIDILLAH, S.Fil.I. | E47: 0 | F47: 0 | G47: 4 | H47: 2 | I47: 1 | J47: 1 | K47: 28 | L47: 14 | M47: 1 | N47: 1 | O47: 0 | P47: 3 | Q47: 1 | R47: 0 | S47: 1 | T47: 0 | U47: 3 | V47: 1 | W47: 5 | X47: 4 | Y47: 17 | Z47: 4 | AA47: 4 | AB47: 0 | AC47: 1 | AD47: 6 | AE47: 2 | AF47: =SUM(E47:AE47) -> 104
C48: 3. Ir. H. YOYOK MULYADI, M.Si. | E48: 1 | F48: 0 | G48: 1 | H48: 0 | I48: 2 | J48: 0 | K48: 2 | L48: 1 | M48: 0 | N48: 0 | O48: 0 | P48: 0 | Q48: 2 | R48: 0 | S48: 0 | T48: 0 | U48: 0 | V48: 0 | W48: 0 | X48: 0 | Y48: 0 | Z48: 1 | AA48: 3 | AB48: 0 | AC48: 2 | AD48: 0 | AE48: 0 | AF48: =SUM(E48:AE48) -> 15
C49: 4. KHOIRUL ANWAR, S.Fil.I. | E49: 0 | F49: 2 | G49: 1 | H49: 2 | I49: 0 | J49: 1 | K49: 0 | L49: 2 | M49: 0 | N49: 2 | O49: 2 | P49: 3 | Q49: 0 | R49: 0 | S49: 1 | T49: 0 | U49: 0 | V49: 3 | W49: 4 | X49: 1 | Y49: 4 | Z49: 3 | AA49: 2 | AB49: 1 | AC49: 1 | AD49: 0 | AE49: 2 | AF49: =SUM(E49:AE49) -> 37
C50: 5. ARIF WIJAKSANA | E50: 1 | F50: 1 | G50: 0 | H50: 0 | I50: 1 | J50: 2 | K50: 0 | L50: 0 | M50: 0 | N50: 3 | O50: 0 | P50: 2 | Q50: 0 | R50: 0 | S50: 0 | T50: 1 | U50: 1 | V50: 1 | W50: 0 | X50: 2 | Y50: 0 | Z50: 1 | AA50: 2 | AB50: 0 | AC50: 0 | AD50: 1 | AE50: 0 | AF50: =SUM(E50:AE50) -> 19
C51: 6. Dr. SITI YUMNAH | E51: 0 | F51: 1 | G51: 2 | H51: 0 | I51: 0 | J51: 0 | K51: 0 | L51: 1 | M51: 0 | N51: 0 | O51: 1 | P51: 2 | Q51: 2 | R51: 0 | S51: 0 | T51: 0 | U51: 0 | V51: 0 | W51: 0 | X51: 2 | Y51: 0 | Z51: 1 | AA51: 1 | AB51: 0 | AC51: 0 | AD51: 2 | AE51: 0 | AF51: =SUM(E51:AE51) -> 15
C52: 7. MOHAMMAD ZAINI, M.Pd.I. | E52: 0 | F52: 0 | G52: 0 | H52: 0 | I52: 0 | J52: 1 | K52: 0 | L52: 0 | M52: 0 | N52: 0 | O52: 0 | P52: 1 | Q52: 0 | R52: 0 | S52: 0 | T52: 0 | U52: 0 | V52: 0 | W52: 0 | X52: 1 | Y52: 0 | Z52: 2 | AA52: 1 | AB52: 1 | AC52: 0 | AD52: 1 | AE52: 1 | AF52: =SUM(E52:AE52) -> 9
C53: 8. FAWAIDUL MAKKIYAH | E53: 0 | F53: 0 | G53: 0 | H53: 0 | I53: 0 | J53: 0 | K53: 0 | L53: 0 | M53: 0 | N53: 0 | O53: 0 | P53: 0 | Q53: 0 | R53: 0 | S53: 0 | T53: 0 | U53: 0 | V53: 0 | W53: 0 | X53: 0 | Y53: 1 | Z53: 0 | AA53: 1 | AB53: 0 | AC53: 1 | AD53: 0 | AE53: 1 | AF53: =SUM(E53:AE53) -> 4
C54: 9. IFFAH HIDAYATUR ROHMAH, S.Sos. | E54: 1 | F54: 0 | G54: 0 | H54: 1 | I54: 0 | J54: 1 | K54: 1 | L54: 0 | M54: 0 | N54: 0 | O54: 0 | P54: 0 | Q54: 0 | R54: 1 | S54: 1 | T54: 1 | U54: 0 | V54: 0 | W54: 0 | X54: 0 | Y54: 0 | Z54: 0 | AA54: 0 | AB54: 1 | AC54: 0 | AD54: 0 | AE54: 0 | AF54: =SUM(E54:AE54) -> 8
A55: B | B55: JUMLAH SUARA SAH PARTAI POLITIK DAN CALON (A1 + A2) | E55: =SUM(E45:E54) -> 37 | F55: =SUM(F45:F54) -> 33 | G55: =SUM(G45:G54) -> 99 | H55: =SUM(H45:H54) -> 41 | I55: =SUM(I45:I54) -> 8 | J55: =SUM(J45:J54) -> 31 | K55: =SUM(K45:K54) -> 42 | L55: =SUM(L45:L54) -> 40 | ... AF55: =SUM(AF45:AF54) -> 801
A57: A.1 | B57: 2. | C57: Partai Gerakan Indonesia Raya | E57: 6 | F57: 3 | G57: 10 | H57: 8 | I57: 12 | J57: 20 | K57: 12 | L57: 10 | M57: 10 | N57: 3 | O57: 10 | P57: 9 | Q57: 16 | R57: 7 | S57: 18 | T57: 9 | U57: 12 | V57: 9 | W57: 2 | X57: 5 | Y57: 18 | Z57: 2 | AA57: 7 | AB57: 5 | AC57: 8 | AD57: 4 | AE57: 12 | AF57: =SUM(E57:AE57) -> 247
A58: A.2 | C58: 1. AHMAD HADINUDDIN, S.Pd.I. | E58: 2 | F58: 3 | G58: 10 | H58: 10 | I58: 9 | J58: 18 | K58: 10 | L58: 6 | M58: 8 | N58: 11 | O58: 28 | P58: 8 | Q58: 9 | R58: 8 | S58: 5 | T58: 3 | U58: 11 | V58: 4 | W58: 8 | X58: 3 | Y58: 12 | Z58: 8 | AA58: 10 | AB58: 0 | AC58: 6 | AD58: 5 | AE58: 5 | AF58: =SUM(E58:AE58) -> 220
C59: 2. BIMA RAFSANJANI RAFID | E59: 2 | F59: 2 | G59: 19 | H59: 29 | I59: 68 | J59: 25 | K59: 10 | L59: 30 | M59: 2 | N59: 2 | O59: 5 | P59: 3 | Q59: 3 | R59: 4 | S59: 5 | T59: 7 | U59: 1 | V59: 2 | W59: 11 | X59: 7 | Y59: 5 | Z59: 9 | AA59: 2 | AB59: 3 | AC59: 12 | AD59: 5 | AE59: 4 | AF59: =SUM(E59:AE59) -> 277
C60: 3. IRA DAMAYANTI | E60: 0 | F60: 1 | G60: 1 | H60: 0 | I60: 2 | J60: 5 | K60: 4 | L60: 2 | M60: 3 | N60: 1 | O60: 3 | P60: 2 | Q60: 1 | R60: 1 | S60: 2 | T60: 0 | U60: 1 | V60: 3 | W60: 7 | X60: 4 | Y60: 4 | Z60: 2 | AA60: 2 | AB60: 0 | AC60: 2 | AD60: 3 | AE60: 4 | AF60: =SUM(E60:AE60) -> 60
C61: 4. MAULANA MALIK IBRAHIM, S.H. | E61: 1 | F61: 5 | G61: 9 | H61: 7 | I61: 3 | J61: 12 | K61: 7 | L61: 21 | M61: 4 | N61: 7 | O61: 8 | P61: 24 | Q61: 4 | R61: 10 | S61: 4 | T61: 8 | U61: 2 | V61: 5 | W61: 36 | X61: 3 | Y61: 20 | Z61: 4 | AA61: 2 | AB61: 3 | AC61: 7 | AD61: 3 | AE61: 3 | AF61: =SUM(E61:AE61) -> 222
C62: 5. LULUK ALFIATI | E62: 1 | F62: 0 | G62: 1 | H62: 0 | I62: 0 | J62: 2 | K62: 0 | L62: 3 | M62: 1 | N62: 0 | O62: 2 | P62: 4 | Q62: 2 | R62: 1 | S62: 0 | T62: 1 | U62: 1 | V62: 0 | W62: 0 | X62: 4 | Y62: 1 | Z62: 1 | AA62: 1 | AB62: 1 | AC62: 4 | AD62: 0 | AE62: 1 | AF62: =SUM(E62:AE62) -> 32
C63: 6. ILHAM WAHYUDI, S.H. | E63: 0 | F63: 1 | G63: 0 | H63: 0 | I63: 0 | J63: 2 | K63: 0 | L63: 1 | M63: 0 | N63: 0 | O63: 1 | P63: 0 | Q63: 0 | R63: 1 | S63: 0 | T63: 1 | U63: 0 | V63: 0 | W63: 1 | X63: 0 | Y63: 0 | Z63: 3 | AA63: 1 | AB63: 0 | AC63: 2 | AD63: 1 | AE63: 1 | AF63: =SUM(E63:AE63) -> 16
C64: 7. HAERUL ANWAR, S.Pd.I. | E64: 0 | F64: 0 | G64: 0 | H64: 0 | I64: 1 | J64: 1 | K64: 0 | L64: 0 | M64: 0 | N64: 0 | O64: 1 | P64: 1 | Q64: 0 | R64: 0 | S64: 0 | T64: 0 | U64: 1 | V64: 0 | W64: 0 | X64: 1 | Y64: 2 | Z64: 2 | AA64: 0 | AB64: 0 | AC64: 1 | AD64: 0 | AE64: 0 | AF64: =SUM(E64:AE64) -> 11
C65: 8. YOVI ADHITYA WARDANI | E65: 0 | F65: 1 | G65: 0 | H65: 1 | I65: 0 | J65: 0 | K65: 0 | L65: 0 | M65: 0 | N65: 0 | O65: 1 | P65: 0 | Q65: 0 | R65: 0 | S65: 1 | T65: 1 | U65: 2 | V65: 0 | W65: 0 | X65: 0 | Y65: 0 | Z65: 0 | AA65: 1 | AB65: 0 | AC65: 0 | AD65: 1 | AE65: 0 | AF65: =SUM(E65:AE65) -> 9
C66: 9. RITA AMELIA | E66: 0 | F66: 0 | G66: 0 | H66: 0 | I66: 0 | J66: 2 | K66: 1 | L66: 0 | M66: 0 | N66: 1 | O66: 0 | P66: 0 | Q66: 2 | R66: 0 | S66: 2 | T66: 1 | U66: 1 | V66: 0 | W66: 0 | X66: 1 | Y66: 0 | Z66: 0 | AA66: 0 | AB66: 1 | AC66: 0 | AD66: 1 | AE66: 0 | AF66: =SUM(E66:AE66) -> 13
A67: B | B67: JUMLAH SUARA SAH PARTAI POLITIK DAN CALON (A1 + A2) | E67: =SUM(E57:E66) -> 12 | F67: =SUM(F57:F66) -> 16 | G67: =SUM(G57:G66) -> 50 | H67: =SUM(H57:H66) -> 55 | I67: =SUM(I57:I66) -> 95 | J67: =SUM(J57:J66) -> 87 | K67: =SUM(K57:K66) -> 44 | L67: =SUM(L57:L66) -> 73 | ... AF67: =SUM(AF57:AF66) -> 1107
A69: A.1 | B69: 3. | C69: Partai Demokrasi Indonesia Perjuangan | E69: 6 | F69: 8 | G69: 5 | H69: 4 | I69: 7 | J69: 9 | K69: 3 | L69: 4 | M69: 5 | N69: 8 | O69: 14 | P69: 11 | Q69: 22 | R69: 9 | S69: 20 | T69: 5 | U69: 10 | V69: 9 | W69: 8 | X69: 7 | Y69: 2 | Z69: 4 | AA69: 9 | AB69: 19 | AC69: 21 | AD69: 11 | AE69: 33 | AF69: =SUM(E69:AE69) -> 273
A70: A.2 | C70: 1. MARTIN H., S.H., M.H. | E70: 2 | F70: 2 | G70: 1 | H70: 1 | I70: 1 | J70: 2 | K70: 4 | L70: 4 | M70: 5 | N70: 5 | O70: 2 | P70: 5 | Q70: 9 | R70: 8 | S70: 3 | T70: 6 | U70: 2 | V70: 7 | W70: 8 | X70: 2 | Y70: 8 | Z70: 10 | AA70: 12 | AB70: 4 | AC70: 7 | AD70: 4 | AE70: 10 | AF70: =SUM(E70:AE70) -> 134
C71: 2. HERMANTO, S.E. | E71: 3 | F71: 4 | G71: 2 | H71: 1 | I71: 3 | J71: 2 | K71: 4 | L71: 9 | M71: 3 | N71: 2 | O71: 2 | P71: 7 | Q71: 2 | R71: 4 | S71: 3 | T71: 4 | U71: 1 | V71: 31 | W71: 9 | X71: 2 | Y71: 5 | Z71: 4 | AA71: 11 | AB71: 1 | AC71: 8 | AD71: 3 | AE71: 13 | AF71: =SUM(E71:AE71) -> 143
C72: 3. EVY SUSILAWATI, S.E., M.M. | E72: 2 | F72: 2 | G72: 1 | H72: 0 | I72: 2 | J72: 3 | K72: 0 | L72: 1 | M72: 2 | N72: 3 | O72: 2 | P72: 3 | Q72: 8 | R72: 4 | S72: 2 | T72: 6 | U72: 2 | V72: 6 | W72: 6 | X72: 3 | Y72: 2 | Z72: 7 | AA72: 4 | AB72: 3 | AC72: 9 | AD72: 3 | AE72: 5 | AF72: =SUM(E72:AE72) -> 91
C73: 4. M. SIROTTUDIN | E73: 5 | F73: 4 | G73: 1 | H73: 2 | I73: 2 | J73: 4 | K73: 11 | L73: 1 | M73: 1 | N73: 2 | O73: 5 | P73: 1 | Q73: 5 | R73: 10 | S73: 4 | T73: 4 | U73: 5 | V73: 7 | W73: 4 | X73: 5 | Y73: 8 | Z73: 12 | AA73: 46 | AB73: 87 | AC73: 7 | AD73: 40 | AE73: 17 | AF73: =SUM(E73:AE73) -> 300
C74: 5. ABDUL HAFID, S.H. | E74: 6 | F74: 4 | G74: 0 | H74: 2 | I74: 2 | J74: 0 | K74: 0 | L74: 0 | M74: 3 | N74: 0 | O74: 1 | P74: 1 | Q74: 6 | R74: 4 | S74: 3 | T74: 2 | U74: 2 | V74: 3 | W74: 7 | X74: 2 | Y74: 2 | Z74: 8 | AA74: 3 | AB74: 8 | AC74: 3 | AD74: 4 | AE74: 3 | AF74: =SUM(E74:AE74) -> 79
C75: 6. NIKITA FORTUNA SURYANINGATI, A.Md.Keb. | E75: 2 | F75: 0 | G75: 0 | H75: 0 | I75: 0 | J75: 1 | K75: 0 | L75: 0 | M75: 2 | N75: 0 | O75: 3 | P75: 2 | Q75: 2 | R75: 3 | S75: 0 | T75: 1 | U75: 2 | V75: 0 | W75: 1 | X75: 0 | Y75: 1 | Z75: 1 | AA75: 1 | AB75: 1 | AC75: 2 | AD75: 4 | AE75: 2 | AF75: =SUM(E75:AE75) -> 31
C76: 7. YUDHO ILHAM WIJAYA, S.E. | E76: 0 | F76: 0 | G76: 0 | H76: 1 | I76: 1 | J76: 0 | K76: 0 | L76: 1 | M76: 0 | N76: 0 | O76: 2 | P76: 0 | Q76: 0 | R76: 0 | S76: 1 | T76: 0 | U76: 2 | V76: 1 | W76: 2 | X76: 1 | Y76: 0 | Z76: 1 | AA76: 0 | AB76: 1 | AC76: 3 | AD76: 0 | AE76: 0 | AF76: =SUM(E76:AE76) -> 17
C77: 8. SETIAWATI, S.H. | E77: 0 | F77: 1 | G77: 0 | H77: 1 | I77: 0 | J77: 0 | K77: 0 | L77: 0 | M77: 1 | N77: 0 | O77: 0 | P77: 2 | Q77: 1 | R77: 1 | S77: 1 | T77: 3 | U77: 1 | V77: 2 | W77: 1 | X77: 1 | Y77: 0 | Z77: 0 | AA77: 2 | AB77: 2 | AC77: 3 | AD77: 2 | AE77: 2 | AF77: =SUM(E77:AE77) -> 27
C78: 9. EKO BUDI SANTOSO, S.H. | E78: 0 | F78: 0 | G78: 0 | H78: 1 | I78: 5 | J78: 0 | K78: 0 | L78: 0 | M78: 0 | N78: 0 | O78: 2 | P78: 0 | Q78: 1 | R78: 0 | S78: 0 | T78: 2 | U78: 1 | V78: 1 | W78: 2 | X78: 1 | Y78: 2 | Z78: 3 | AA78: 0 | AB78: 0 | AC78: 3 | AD78: 2 | AE78: 8 | AF78: =SUM(E78:AE78) -> 34
A79: B | B79: JUMLAH SUARA SAH PARTAI POLITIK DAN CALON (A1 + A2) | E79: =SUM(E69:E78) -> 26 | F79: =SUM(F69:F78) -> 25 | G79: =SUM(G69:G78) -> 10 | H79: =SUM(H69:H78) -> 13 | I79: =SUM(I69:I78) -> 23 | J79: =SUM(J69:J78) -> 21 | K79: =SUM(K69:K78) -> 22 | L79: =SUM(L69:L78) -> 20 | ... AF79: =SUM(AF69:AF78) -> 1129
A81: A.1 | B81: 4. | C81: Partai Golongan Karya | E81: 1 | F81: 0 | G81: 2 | H81: 2 | I81: 2 | J81: 4 | K81: 5 | L81: 9 | M81: 12 | N81: 6 | O81: 6 | P81: 6 | Q81: 6 | R81: 4 | S81: 3 | T81: 5 | U81: 0 | V81: 4 | W81: 1 | X81: 3 | Y81: 0 | Z81: 4 | AA81: 7 | AB81: 3 | AC81: 3 | AD81: 3 | AE81: 3 | AF81: =SUM(E81:AE81) -> 104
A82: A.2 | C82: 1. PRANAYA YUDHA MAHARDHIKA | E82: 13 | F82: 25 | G82: 0 | H82: 28 | I82: 19 | J82: 5 | K82: 25 | L82: 1 | M82: 9 | N82: 6 | O82: 6 | P82: 13 | Q82: 11 | R82: 6 | S82: 0 | T82: 2 | U82: 3 | V82: 5 | W82: 2 | X82: 2 | Y82: 5 | Z82: 2 | AA82: 7 | AB82: 2 | AC82: 0 | AD82: 6 | AE82: 1 | AF82: =SUM(E82:AE82) -> 204
C83: 2. Dra. Ec. ENDANG SULASTUTY, M.I.P. | E83: 0 | F83: 0 | G83: 0 | H83: 0 | I83: 0 | J83: 1 | K83: 2 | L83: 1 | M83: 2 | N83: 0 | O83: 0 | P83: 2 | Q83: 0 | R83: 4 | S83: 0 | T83: 2 | U83: 1 | V83: 0 | W83: 1 | X83: 1 | Y83: 0 | Z83: 0 | AA83: 0 | AB83: 3 | AC83: 1 | AD83: 0 | AE83: 1 | AF83: =SUM(E83:AE83) -> 22
C84: 3. AGUS REJEKI WARTONO | E84: 1 | F84: 0 | G84: 1 | H84: 0 | I84: 0 | J84: 0 | K84: 0 | L84: 0 | M84: 2 | N84: 0 | O84: 0 | P84: 2 | Q84: 0 | R84: 0 | S84: 0 | T84: 0 | U84: 1 | V84: 0 | W84: 1 | X84: 1 | Y84: 1 | Z84: 1 | AA84: 0 | AB84: 2 | AC84: 0 | AD84: 0 | AE84: 0 | AF84: =SUM(E84:AE84) -> 13
C85: 4. Hj. TUTUK ASMA'A ZUCHROH, S.T., M.T. | E85: 0 | F85: 0 | G85: 0 | H85: 1 | I85: 0 | J85: 1 | K85: 1 | L85: 0 | M85: 0 | N85: 0 | O85: 2 | P85: 0 | Q85: 0 | R85: 0 | S85: 1 | T85: 0 | U85: 0 | V85: 0 | W85: 1 | X85: 3 | Y85: 1 | Z85: 1 | AA85: 2 | AB85: 0 | AC85: 0 | AD85: 1 | AE85: 1 | AF85: =SUM(E85:AE85) -> 16
C86: 5. ADE M. RIZKI, S.E. | E86: 1 | F86: 0 | G86: 0 | H86: 0 | I86: 0 | J86: 0 | K86: 0 | L86: 0 | M86: 0 | N86: 1 | O86: 1 | P86: 0 | Q86: 0 | R86: 0 | S86: 0 | T86: 0 | U86: 0 | V86: 0 | W86: 0 | X86: 0 | Y86: 0 | Z86: 0 | AA86: 1 | AB86: 0 | AC86: 0 | AD86: 1 | AE86: 0 | AF86: =SUM(E86:AE86) -> 5
C87: 6. ABDURAKHMAN, Bc.Kn. | E87: 0 | F87: 0 | G87: 1 | H87: 0 | I87: 0 | J87: 0 | K87: 0 | L87: 0 | M87: 1 | N87: 0 | O87: 0 | P87: 0 | Q87: 0 | R87: 0 | S87: 0 | T87: 0 | U87: 0 | V87: 0 | W87: 0 | X87: 0 | Y87: 0 | Z87: 0 | AA87: 0 | AB87: 0 | AC87: 1 | AD87: 0 | AE87: 1 | AF87: =SUM(E87:AE87) -> 4
C88: 7. CENDY RHIYAN ADI PUTRI | E88: 0 | F88: 0 | G88: 0 | H88: 0 | I88: 1 | J88: 0 | K88: 0 | L88: 0 | M88: 1 | N88: 0 | O88: 0 | P88: 0 | Q88: 0 | R88: 0 | S88: 0 | T88: 0 | U88: 1 | V88: 0 | W88: 0 | X88: 1 | Y88: 0 | Z88: 0 | AA88: 1 | AB88: 0 | AC88: 1 | AD88: 0 | AE88: 0 | AF88: =SUM(E88:AE88) -> 6
C89: 8. BAKTI WIJAYANTO, S.E. | E89: 0 | F89: 0 | G89: 0 | H89: 0 | I89: 0 | J89: 0 | K89: 0 | L89: 0 | M89: 0 | N89: 0 | O89: 0 | P89: 0 | Q89: 0 | R89: 0 | S89: 0 | T89: 0 | U89: 0 | V89: 0 | W89: 0 | X89: 0 | Y89: 0 | Z89: 0 | AA89: 0 | AB89: 0 | AC89: 0 | AD89: 0 | AE89: 0 | AF89: =SUM(E89:AE89) -> 0
C90: 9. AHMAD UBAIDILLAH | E90: 0 | F90: 0 | G90: 0 | H90: 0 | I90: 0 | J90: 0 | K90: 0 | L90: 0 | M90: 0 | N90: 0 | O90: 0 | P90: 0 | Q90: 0 | R90: 0 | S90: 0 | T90: 0 | U90: 0 | V90: 0 | W90: 1 | X90: 0 | Y90: 0 | Z90: 2 | AA90: 0 | AB90: 0 | AC90: 0 | AD90: 0 | AE90: 2 | AF90: =SUM(E90:AE90) -> 5
A91: B | B91: JUMLAH SUARA SAH PARTAI POLITIK DAN CALON (A1 + A2) | E91: =SUM(E81:E90) -> 16 | F91: =SUM(F81:F90) -> 25 | G91: =SUM(G81:G90) -> 4 | H91: =SUM(H81:H90) -> 31 | I91: =SUM(I81:I90) -> 22 | J91: =SUM(J81:J90) -> 11 | K91: =SUM(K81:K90) -> 33 | L91: =SUM(L81:L90) -> 11 | ... AF91: =SUM(AF81:AF90) -> 379
A93: A.1 | B93: 5. | C93: Partai NasDem | E93: 5 | F93: 7 | G93: 3 | H93: 3 | I93: 1 | J93: 8 | K93: 13 | L93: 1 | M93: 10 | N93: 3 | O93: 7 | P93: 6 | Q93: 7 | R93: 14 | S93: 16 | T93: 9 | U93: 15 | V93: 19 | W93: 1 | X93: 10 | Y93: 3 | Z93: 2 | AA93: 2 | AB93: 9 | AC93: 11 | AD93: 3 | AE93: 6 | AF93: =SUM(E93:AE93) -> 194
A94: A.2 | C94: 1. ALI MUSTOFA, A.Md. | E94: 0 | F94: 1 | G94: 3 | H94: 1 | I94: 3 | J94: 0 | K94: 0 | L94: 1 | M94: 2 | N94: 2 | O94: 3 | P94: 2 | Q94: 1 | R94: 1 | S94: 1 | T94: 1 | U94: 3 | V94: 2 | W94: 3 | X94: 0 | Y94: 1 | Z94: 0 | AA94: 6 | AB94: 1 | AC94: 3 | AD94: 0 | AE94: 1 | AF94: =SUM(E94:AE94) -> 42
C95: 2. Hj. BUAMI, S.H. | E95: 0 | F95: 0 | G95: 0 | H95: 2 | I95: 0 | J95: 1 | K95: 0 | L95: 2 | M95: 0 | N95: 0 | O95: 0 | P95: 1 | Q95: 3 | R95: 1 | S95: 4 | T95: 0 | U95: 1 | V95: 2 | W95: 0 | X95: 1 | Y95: 0 | Z95: 1 | AA95: 1 | AB95: 1 | AC95: 1 | AD95: 1 | AE95: 1 | AF95: =SUM(E95:AE95) -> 24
C96: 3. SUGIONO, S.H. | E96: 0 | F96: 0 | G96: 0 | H96: 1 | I96: 1 | J96: 0 | K96: 1 | L96: 2 | M96: 1 | N96: 0 | O96: 1 | P96: 0 | Q96: 1 | R96: 1 | S96: 1 | T96: 0 | U96: 0 | V96: 1 | W96: 0 | X96: 0 | Y96: 0 | Z96: 1 | AA96: 1 | AB96: 0 | AC96: 2 | AD96: 0 | AE96: 0 | AF96: =SUM(E96:AE96) -> 15
C97: 4. LULUK SUNARMIATININGSIH | E97: 1 | F97: 0 | G97: 0 | H97: 0 | I97: 0 | J97: 0 | K97: 3 | L97: 2 | M97: 2 | N97: 2 | O97: 1 | P97: 3 | Q97: 1 | R97: 5 | S97: 0 | T97: 2 | U97: 2 | V97: 0 | W97: 2 | X97: 2 | Y97: 0 | Z97: 1 | AA97: 1 | AB97: 1 | AC97: 2 | AD97: 0 | AE97: 0 | AF97: =SUM(E97:AE97) -> 33
C98: 5. ANTON DJULIANTO ADI | E98: 3 | F98: 4 | G98: 0 | H98: 2 | I98: 4 | J98: 1 | K98: 2 | L98: 1 | M98: 3 | N98: 0 | O98: 2 | P98: 4 | Q98: 4 | R98: 3 | S98: 7 | T98: 4 | U98: 2 | V98: 4 | W98: 0 | X98: 4 | Y98: 1 | Z98: 0 | AA98: 4 | AB98: 1 | AC98: 5 | AD98: 1 | AE98: 2 | AF98: =SUM(E98:AE98) -> 68
C99: 6. MOKHAMAD ROFI'I KHUSNAN | E99: 0 | F99: 0 | G99: 0 | H99: 0 | I99: 0 | J99: 0 | K99: 0 | L99: 0 | M99: 1 | N99: 0 | O99: 0 | P99: 0 | Q99: 0 | R99: 0 | S99: 0 | T99: 0 | U99: 2 | V99: 2 | W99: 0 | X99: 2 | Y99: 1 | Z99: 0 | AA99: 0 | AB99: 0 | AC99: 0 | AD99: 0 | AE99: 0 | AF99: =SUM(E99:AE99) -> 8
C100: 7. Rr SETYO WATI | E100: 0 | F100: 0 | G100: 0 | H100: 0 | I100: 0 | J100: 0 | K100: 0 | L100: 0 | M100: 0 | N100: 0 | O100: 1 | P100: 0 | Q100: 0 | R100: 0 | S100: 0 | T100: 0 | U100: 0 | V100: 1 | W100: 0 | X100: 0 | Y100: 0 | Z100: 0 | AA100: 0 | AB100: 0 | AC100: 0 | AD100: 0 | AE100: 0 | AF100: =SUM(E100:AE100) -> 2
C101: 8. ABD. KADIR ASSEGAFF | E101: 0 | F101: 0 | G101: 0 | H101: 0 | I101: 0 | J101: 0 | K101: 0 | L101: 0 | M101: 2 | N101: 0 | O101: 0 | P101: 0 | Q101: 0 | R101: 0 | S101: 0 | T101: 0 | U101: 0 | V101: 0 | W101: 0 | X101: 0 | Y101: 0 | Z101: 0 | AA101: 0 | AB101: 0 | AC101: 0 | AD101: 0 | AE101: 0 | AF101: =SUM(E101:AE101) -> 2
C102: 9. FATHOR ZAINULLAH | E102: 0 | F102: 0 | G102: 1 | H102: 0 | I102: 1 | J102: 0 | K102: 0 | L102: 0 | M102: 0 | N102: 0 | O102: 0 | P102: 0 | Q102: 1 | R102: 0 | S102: 0 | T102: 0 | U102: 0 | V102: 0 | W102: 0 | X102: 0 | Y102: 0 | Z102: 0 | AA102: 0 | AB102: 0 | AC102: 0 | AD102: 0 | AE102: 0 | AF102: =SUM(E102:AE102) -> 3
A103: B | B103: JUMLAH SUARA SAH PARTAI POLITIK DAN CALON (A1 + A2) | E103: =SUM(E93:E102) -> 9 | F103: =SUM(F93:F102) -> 12 | G103: =SUM(G93:G102) -> 7 | H103: =SUM(H93:H102) -> 9 | I103: =SUM(I93:I102) -> 10 | J103: =SUM(J93:J102) -> 10 | K103: =SUM(K93:K102) -> 19 | L103: =SUM(L93:L102) -> 9 | ... AF103: =SUM(AF93:AF102) -> 391
A105: A.1 | B105: 6. | C105: Partai Buruh | E105: 2 | F105: 0 | G105: 0 | H105: 0 | I105: 1 | J105: 0 | K105: 0 | L105: 0 | M105: 0 | N105: 0 | O105: 0 | P105: 0 | Q105: 2 | R105: 1 | S105: 0 | T105: 0 | U105: 1 | V105: 1 | W105: 0 | X105: 0 | Y105: 0 | Z105: 0 | AA105: 0 | AB105: 0 | AC105: 0 | AD105: 0 | AE105: 0 | AF105: =SUM(E105:AE105) -> 8
A106: A.2 | C106: 1. AGUS SUPRIYADI | E106: 0 | F106: 0 | G106: 0 | H106: 1 | I106: 0 | J106: 0 | K106: 0 | L106: 1 | M106: 1 | N106: 0 | O106: 1 | P106: 0 | Q106: 0 | R106: 0 | S106: 1 | T106: 0 | U106: 0 | V106: 0 | W106: 0 | X106: 0 | Y106: 0 | Z106: 2 | AA106: 0 | AB106: 0 | AC106: 2 | AD106: 0 | AE106: 0 | AF106: =SUM(E106:AE106) -> 9
C107: 2. ENI HARIATI | E107: 1 | F107: 1 | G107: 0 | H107: 0 | I107: 0 | J107: 0 | K107: 0 | L107: 0 | M107: 0 | N107: 0 | O107: 0 | P107: 1 | Q107: 0 | R107: 0 | S107: 0 | T107: 0 | U107: 0 | V107: 1 | W107: 0 | X107: 0 | Y107: 0 | Z107: 0 | AA107: 0 | AB107: 0 | AC107: 0 | AD107: 0 | AE107: 2 | AF107: =SUM(E107:AE107) -> 6
A115: B | B115: JUMLAH SUARA SAH PARTAI POLITIK DAN CALON (A1 + A2) | E115: =SUM(E105:E114) -> 3 | F115: =SUM(F105:F114) -> 1 | G115: =SUM(G105:G114) -> 0 | H115: =SUM(H105:H114) -> 1 | I115: =SUM(I105:I114) -> 1 | J115: =SUM(J105:J114) -> 0 | K115: =SUM(K105:K114) -> 0 | L115: =SUM(L105:L114) -> 1 | ... AF115: =SUM(AF105:AF114) -> 23
A117: A.1 | B117: 7. | C117: Partai Gelombang Rakyat Indonesia | E117: 0 | F117: 0 | G117: 2 | H117: 1 | I117: 1 | J117: 1 | K117: 0 | L117: 0 | M117: 1 | N117: 1 | O117: 0 | P117: 1 | Q117: 3 | R117: 3 | S117: 0 | T117: 1 | U117: 1 | V117: 0 | W117: 0 | X117: 0 | Y117: 1 | Z117: 1 | AA117: 2 | AB117: 1 | AC117: 1 | AD117: 1 | AE117: 0 | AF117: =SUM(E117:AE117) -> 23
A118: A.2 | C118: 1. MIRZA MUHROSNI AROMA | E118: 1 | F118: 0 | G118: 0 | H118: 1 | I118: 0 | J118: 0 | K118: 1 | L118: 0 | M118: 0 | N118: 1 | O118: 0 | P118: 0 | Q118: 1 | R118: 1 | S118: 0 | T118: 0 | U118: 1 | V118: 0 | W118: 1 | X118: 0 | Y118: 0 | Z118: 0 | AA118: 0 | AB118: 0 | AC118: 1 | AD118: 1 | AE118: 0 | AF118: =SUM(E118:AE118) -> 10
C119: 2. ACHMAD BAGUS SUGIARTO | E119: 1 | F119: 0 | G119: 0 | H119: 0 | I119: 0 | J119: 0 | K119: 0 | L119: 0 | M119: 1 | N119: 0 | O119: 0 | P119: 1 | Q119: 0 | R119: 0 | S119: 0 | T119: 0 | U119: 0 | V119: 1 | W119: 0 | X119: 0 | Y119: 0 | Z119: 0 | AA119: 0 | AB119: 0 | AC119: 0 | AD119: 0 | AE119: 0 | AF119: =SUM(E119:AE119) -> 4
C120: 3. ELOK FITRIYA NINGSIH | E120: 0 | F120: 0 | G120: 0 | H120: 0 | I120: 0 | J120: 0 | K120: 0 | L120: 0 | M120: 0 | N120: 0 | O120: 0 | P120: 0 | Q120: 0 | R120: 0 | S120: 0 | T120: 1 | U120: 1 | V120: 0 | W120: 1 | X120: 1 | Y120: 0 | Z120: 0 | AA120: 0 | AB120: 0 | AC120: 0 | AD120: 0 | AE120: 0 | AF120: =SUM(E120:AE120) -> 4
C121: 4. MADI | E121: 0 | F121: 0 | G121: 0 | H121: 0 | I121: 1 | J121: 0 | K121: 0 | L121: 0 | M121: 0 | N121: 0 | O121: 0 | P121: 0 | Q121: 0 | R121: 0 | S121: 0 | T121: 0 | U121: 0 | V121: 0 | W121: 0 | X121: 0 | Y121: 0 | Z121: 0 | AA121: 0 | AB121: 0 | AC121: 0 | AD121: 0 | AE121: 0 | AF121: =SUM(E121:AE121) -> 1
C122: 5. LUKY PERMANASARI | E122: 0 | F122: 0 | G122: 0 | H122: 0 | I122: 0 | J122: 0 | K122: 0 | L122: 0 | M122: 0 | N122: 0 | O122: 0 | P122: 0 | Q122: 0 | R122: 0 | S122: 0 | T122: 0 | U122: 0 | V122: 0 | W122: 0 | X122: 0 | Y122: 0 | Z122: 0 | AA122: 0 | AB122: 0 | AC122: 0 | AD122: 0 | AE122: 1 | AF122: =SUM(E122:AE122) -> 1
A127: B | B127: JUMLAH SUARA SAH PARTAI POLITIK DAN CALON (A1 + A2) | E127: =SUM(E117:E126) -> 2 | F127: =SUM(F117:F126) -> 0 | G127: =SUM(G117:G126) -> 2 | H127: =SUM(H117:H126) -> 2 | I127: =SUM(I117:I126) -> 2 | J127: =SUM(J117:J126) -> 1 | K127: =SUM(K117:K126) -> 1 | L127: =SUM(L117:L126) -> 0 | ... AF127: =SUM(AF117:AF126) -> 43
A129: A.1 | B129: 8. | C129: Partai Keadilan Sejahtera | E129: 0 | F129: 0 | G129: 0 | H129: 1 | I129: 0 | J129: 0 | K129: 0 | L129: 0 | M129: 0 | N129: 0 | O129: 0 | P129: 1 | Q129: 0 | R129: 0 | S129: 4 | T129: 0 | U129: 0 | V129: 0 | W129: 0 | X129: 0 | Y129: 0 | Z129: 1 | AA129: 2 | AB129: 0 | AC129: 0 | AD129: 2 | AE129: 0 | AF129: =SUM(E129:AE129) -> 11
...

Sheet SUKOREJO
C2: Kecamatan | D2: BANGOREJO
C3: Kabupaten | D3: BANYUWANGI
C4: Provinsi | D4: JAWA TIMUR
C9: Kelurahan | D9: SUKOREJO
A12: I | B12: DATA PEMILIH DAN PENGGUNAAN HAK PILIH | AB12: JUMLAH AKHIR
A13: A | B13: DATA PEMILIH | E13: TPS 001 | F13: TPS 002 | G13: TPS 003 | H13: TPS 004 | I13: TPS 005 | J13: TPS 006 | K13: TPS 007 | L13: TPS 008 | M13: TPS 009 | N13: TPS 010 | O13: TPS 011 | P13: TPS 012 | Q13: TPS 013 | R13: TPS 014 | S13: TPS 015 | T13: TPS 016 | U13: TPS 017 | V13: TPS 018 | W13: TPS 019 | X13: TPS 020 | Y13: TPS 021 | Z13: TPS 022 | AA13: TPS 023
B14: Jumlah Pemilih dalam Daftar Pemilih Tetap (DPT) | D14: LK | E14: 148 | F14: 141 | G14: 141 | H14: 107 | I14: 110 | J14: 133 | K14: 127 | L14: 115 | M14: 105 | N14: 128 | O14: 145 | P14: 157 | Q14: 141 | R14: 151 | S14: 132 | T14: 141 | U14: 153 | V14: 151 | W14: 137 | X14: 155 | Y14: 146 | Z14: 147 | AA14: 144 | AB14: =SUM(E14:AA14) -> 3155
D15: PR | E15: 131 | F15: 149 | G15: 143 | H15: 100 | I15: 107 | J15: 132 | K15: 127 | L15: 102 | M15: 112 | N15: 122 | O15: 149 | P15: 133 | Q15: 143 | R15: 135 | S15: 122 | T15: 140 | U15: 139 | V15: 139 | W15: 156 | X15: 127 | Y15: 147 | Z15: 143 | AA15: 147 | AB15: =SUM(E15:AA15) -> 3045
D16: JML | E16: =SUM(E14:E15) -> 279 | F16: =SUM(F14:F15) -> 290 | G16: =SUM(G14:G15) -> 284 | H16: =SUM(H14:H15) -> 207 | I16: =SUM(I14:I15) -> 217 | J16: =SUM(J14:J15) -> 265 | K16: =SUM(K14:K15) -> 254 | L16: =SUM(L14:L15) -> 217 | ... AA16: =SUM(AA14:AA15) -> 291 | AB16: =SUM(E16:AA16) -> 6200
A18: B | B18: PENGGUNA HAK PILIH
B19: 1. | C19: Jumlah pengguna hak pilih dalam Daftar Pemilih Tetap (DPT) | D19: LK | E19: 105 | F19: 112 | G19: 116 | H19: 90 | I19: 76 | J19: 104 | K19: 96 | L19: 88 | M19: 82 | N19: 109 | O19: 125 | P19: 109 | Q19: 102 | R19: 107 | S19: 105 | T19: 103 | U19: 115 | V19: 120 | W19: 104 | X19: 114 | Y19: 118 | Z19: 122 | AA19: 102 | AB19: =SUM(E19:AA19) -> 2424
D20: PR | E20: 107 | F20: 122 | G20: 121 | H20: 78 | I20: 78 | J20: 106 | K20: 109 | L20: 81 | M20: 84 | N20: 103 | O20: 122 | P20: 102 | Q20: 111 | R20: 110 | S20: 103 | T20: 118 | U20: 118 | V20: 122 | W20: 120 | X20: 116 | Y20: 126 | Z20: 120 | AA20: 113 | AB20: =SUM(E20:AA20) -> 2490
D21: JML | E21: =SUM(E19:E20) -> 212 | F21: =SUM(F19:F20) -> 234 | G21: =SUM(G19:G20) -> 237 | H21: =SUM(H19:H20) -> 168 | I21: =SUM(I19:I20) -> 154 | J21: =SUM(J19:J20) -> 210 | K21: =SUM(K19:K20) -> 205 | L21: =SUM(L19:L20) -> 169 | ... AA21: =SUM(AA19:AA20) -> 215 | AB21: =SUM(E21:AA21) -> 4914
B22: 2. | C22: Jumlah pengguna hak pilih dalam Daftar Pemilih Tambahan (DPTb) | D22: LK | E22: 0 | F22: 0 | G22: 0 | H22: 2 | I22: 0 | J22: 0 | K22: 0 | L22: 0 | M22: 0 | N22: 0 | O22: 0 | P22: 0 | Q22: 0 | R22: 0 | S22: 0 | AB22: =SUM(E22:AA22) -> 2
D23: PR | E23: 0 | F23: 0 | G23: 0 | H23: 0 | I23: 0 | J23: 0 | K23: 0 | L23: 0 | M23: 0 | N23: 0 | O23: 0 | P23: 0 | Q23: 0 | R23: 0 | S23: 0 | AB23: =SUM(E23:AA23) -> 0
D24: JML | E24: =SUM(E22:E23) -> 0 | F24: =SUM(F22:F23) -> 0 | G24: =SUM(G22:G23) -> 0 | H24: =SUM(H22:H23) -> 2 | I24: =SUM(I22:I23) -> 0 | J24: =SUM(J22:J23) -> 0 | K24: =SUM(K22:K23) -> 0 | L24: =SUM(L22:L23) -> 0 | ... AA24: =SUM(AA22:AA23) -> 0 | AB24: =SUM(E24:AA24) -> 2
B25: 3. | C25: Jumlah pengguna hak pilih dalam Daftar Pemilih Khusus (DPK) | D25: LK | E25: 0 | F25: 1 | G25: 0 | H25: 2 | I25: 0 | J25: 2 | K25: 0 | L25: 0 | M25: 0 | N25: 2 | O25: 3 | P25: 1 | Q25: 0 | R25: 0 | S25: 0 | T25: 0 | U25: 0 | V25: 0 | W25: 1 | X25: 0 | Y25: 0 | Z25: 1 | AA25: 1 | AB25: =SUM(E25:AA25) -> 14
D26: PR | E26: 0 | F26: 2 | G26: 0 | H26: 3 | I26: 3 | J26: 0 | K26: 0 | L26: 2 | M26: 0 | N26: 5 | O26: 6 | P26: 2 | Q26: 0 | R26: 1 | S26: 0 | T26: 0 | U26: 0 | V26: 0 | W26: 1 | X26: 0 | Y26: 0 | Z26: 2 | AA26: 1 | AB26: =SUM(E26:AA26) -> 28
D27: JML | E27: =SUM(E25:E26) -> 0 | F27: =SUM(F25:F26) -> 3 | G27: =SUM(G25:G26) -> 0 | H27: =SUM(H25:H26) -> 5 | I27: =SUM(I25:I26) -> 3 | J27: =SUM(J25:J26) -> 2 | K27: =SUM(K25:K26) -> 0 | L27: =SUM(L25:L26) -> 2 | ... AA27: =SUM(AA25:AA26) -> 2 | AB27: =SUM(E27:AA27) -> 42
B28: 4. | C28: Jumlah Pengguna Hak Pilih (B.1+B.2+B.3) | D28: LK | E28: =SUM(E19,E22,E25) -> 105 | F28: =SUM(F19,F22,F25) -> 113 | G28: =SUM(G19,G22,G25) -> 116 | H28: =SUM(H19,H22,H25) -> 94 | I28: =SUM(I19,I22,I25) -> 76 | J28: =SUM(J19,J22,J25) -> 106 | K28: =SUM(K19,K22,K25) -> 96 | L28: =SUM(L19,L22,L25) -> 88 | ... AA28: =SUM(AA19,AA22,AA25) -> 103 | AB28: =SUM(E28:AA28) -> 2440
D29: PR | E29: =SUM(E20,E23,E26) -> 107 | F29: =SUM(F20,F23,F26) -> 124 | G29: =SUM(G20,G23,G26) -> 121 | H29: =SUM(H20,H23,H26) -> 81 | I29: =SUM(I20,I23,I26) -> 81 | J29: =SUM(J20,J23,J26) -> 106 | K29: =SUM(K20,K23,K26) -> 109 | L29: =SUM(L20,L23,L26) -> 83 | ... AA29: =SUM(AA20,AA23,AA26) -> 114 | AB29: =SUM(E29:AA29) -> 2518
D30: JML | E30: =SUM(E28:E29) -> 212 | F30: =SUM(F28:F29) -> 237 | G30: =SUM(G28:G29) -> 237 | H30: =SUM(H28:H29) -> 175 | I30: =SUM(I28:I29) -> 157 | J30: =SUM(J28:J29) -> 212 | K30: =SUM(K28:K29) -> 205 | L30: =SUM(L28:L29) -> 171 | ... AA30: =SUM(AA28:AA29) -> 217 | AB30: =SUM(E30:AA30) -> 4958
A32: II | B32: DATA PENGGUNAAN SURAT SUARA
A33: 1 | B33: Jumlah surat suara yang diterima, termasuk surat suara cadangan 2,5% dari DPT | E33: 285 | F33: 296 | G33: 290 | H33: 212 | I33: 221 | J33: 270 | K33: 259 | L33: 221 | M33: 221 | N33: 255 | O33: 300 | P33: 296 | Q33: 290 | R33: 292 | S33: 260 | T33: 287 | U33: 298 | V33: 296 | W33: 299 | X33: 288 | Y33: 299 | Z33: 296 | AA33: 297 | AB33: =SUM(E33:AA33) -> 6328
A34: 2 | B34: Jumlah surat suara yang digunakan | E34: 212 | F34: 237 | G34: 237 | H34: 175 | I34: 157 | J34: 212 | K34: 205 | L34: 171 | M34: 166 | N34: 219 | O34: 256 | P34: 214 | Q34: 213 | R34: 218 | S34: 208 | T34: 221 | U34: 233 | V34: 242 | W34: 226 | X34: 230 | Y34: 244 | Z34: 245 | AA34: 217 | AB34: =SUM(E34:AA34) -> 4958
A35: 3 | B35: Jumlah surat suara dikembalikan oleh pemilih (karena rusak atau keliru coblos) | E35: 0 | F35: 0 | G35: 0 | H35: 0 | I35: 0 | J35: 0 | K35: 0 | L35: 1 | M35: 0 | N35: 0 | O35: 0 | P35: 0 | Q35: 0 | R35: 0 | S35: 0 | T35: 0 | U35: 0 | V35: 1 | W35: 0 | X35: 0 | Y35: 0 | Z35: 0 | AA35: 0 | AB35: =SUM(E35:AA35) -> 2
A36: 4 | B36: Jumlah surat suara yang tidak digunakan/tidak terpakai, termasuk sisa surat suara cadangan | E36: =E33-(E34+E35) -> 73 | F36: =F33-(F34+F35) -> 59 | G36: =G33-(G34+G35) -> 53 | H36: =H33-(H34+H35) -> 37 | I36: =I33-(I34+I35) -> 64 | J36: =J33-(J34+J35) -> 58 | K36: =K33-(K34+K35) -> 54 | L36: =L33-(L34+L35) -> 49 | ... AA36: =AA33-(AA34+AA35) -> 80 | AB36: =SUM(E36:AA36) -> 1368
A38: III | B38: DATA PEMILIH DISABILITAS
B39: Jumlah seluruh Pemilih disabilitas yang menggunakan hak pilih | D39: LK | E39: 0 | F39: 0 | G39: 0 | H39: 3 | I39: 0 | J39: 0 | K39: 0 | L39: 0 | M39: 0 | N39: 0 | O39: 0 | P39: 0 | Q39: 0 | R39: 0 | S39: 0 | AB39: =SUM(E39:AA39) -> 3
D40: PR | E40: 0 | F40: 0 | G40: 0 | H40: 0 | I40: 0 | J40: 0 | K40: 0 | L40: 0 | M40: 0 | N40: 0 | O40: 0 | P40: 0 | Q40: 0 | R40: 0 | S40: 0 | AB40: =SUM(E40:AA40) -> 0
D41: JML | E41: =SUM(E39:E40) -> 0 | F41: =SUM(F39:F40) -> 0 | G41: =SUM(G39:G40) -> 0 | H41: =SUM(H39:H40) -> 3 | I41: =SUM(I39:I40) -> 0 | J41: =SUM(J39:J40) -> 0 | K41: =SUM(K39:K40) -> 0 | L41: =SUM(L39:L40) -> 0 | ... AA41: =SUM(AA39:AA40) -> 0 | AB41: =SUM(E41:AA41) -> 3
A43: IV | B43: DATA RINCIAN PEROLEHAN SUARA PASANGAN CALON BUPATI DAN WAKIL BUPATI
A44: NOMOR DAN NAMA CALON
A45: A.1 | B45: 1. | C45: Partai Kebangkitan Bangsa | E45: 10 | F45: 9 | G45: 10 | H45: 15 | I45: 7 | J45: 6 | K45: 6 | L45: 5 | M45: 4 | N45: 20 | O45: 3 | P45: 3 | Q45: 4 | R45: 3 | S45: 3 | T45: 5 | U45: 7 | V45: 7 | W45: 6 | X45: 5 | Y45: 6 | Z45: 8 | AA45: 7 | AB45: =SUM(E45:AA45) -> 159
A46: A.2 | C46: 1. Dra. Hj. MA`MULAH HARUN, M.Pd.I. | E46: 38 | F46: 31 | G46: 29 | H46: 38 | I46: 17 | J46: 8 | K46: 5 | L46: 14 | M46: 9 | N46: 55 | O46: 10 | P46: 6 | Q46: 5 | R46: 14 | S46: 6 | T46: 12 | U46: 18 | V46: 5 | W46: 19 | X46: 25 | Y46: 10 | Z46: 19 | AA46: 14 | AB46: =SUM(E46:AA46) -> 407
C47: 2. UBAIDILLAH, S.Fil.I. | E47: 4 | F47: 4 | G47: 3 | H47: 2 | I47: 1 | J47: 4 | K47: 1 | L47: 0 | M47: 0 | N47: 4 | O47: 1 | P47: 0 | Q47: 0 | R47: 11 | S47: 2 | T47: 9 | U47: 14 | V47: 28 | W47: 20 | X47: 6 | Y47: 10 | Z47: 45 | AA47: 1 | AB47: =SUM(E47:AA47) -> 170
C48: 3. Ir. H. YOYOK MULYADI, M.Si. | E48: 1 | F48: 1 | G48: 1 | H48: 1 | I48: 0 | J48: 0 | K48: 0 | L48: 1 | M48: 0 | N48: 1 | O48: 0 | P48: 0 | Q48: 0 | R48: 0 | S48: 2 | T48: 1 | U48: 1 | V48: 1 | W48: 1 | X48: 0 | Y48: 1 | Z48: 1 | AA48: 0 | AB48: =SUM(E48:AA48) -> 14
C49: 4. KHOIRUL ANWAR, S.Fil.I. | E49: 2 | F49: 2 | G49: 3 | H49: 1 | I49: 0 | J49: 1 | K49: 0 | L49: 0 | M49: 0 | N49: 1 | O49: 0 | P49: 0 | Q49: 2 | R49: 1 | S49: 2 | T49: 1 | U49: 3 | V49: 3 | W49: 1 | X49: 0 | Y49: 0 | Z49: 1 | AA49: 0 | AB49: =SUM(E49:AA49) -> 24
C50: 5. ARIF WIJAKSANA | E50: 2 | F50: 2 | G50: 1 | H50: 1 | I50: 2 | J50: 1 | K50: 0 | L50: 0 | M50: 0 | N50: 2 | O50: 1 | P50: 0 | Q50: 0 | R50: 0 | S50: 1 | T50: 1 | U50: 0 | V50: 1 | W50: 1 | X50: 7 | Y50: 1 | Z50: 1 | AA50: 1 | AB50: =SUM(E50:AA50) -> 26
C51: 6. Dr. SITI YUMNAH | E51: 2 | F51: 0 | G51: 0 | H51: 1 | I51: 1 | J51: 1 | K51: 0 | L51: 0 | M51: 0 | N51: 0 | O51: 1 | P51: 1 | Q51: 0 | R51: 0 | S51: 0 | T51: 0 | U51: 1 | V51: 0 | W51: 1 | X51: 3 | Y51: 0 | Z51: 0 | AA51: 0 | AB51: =SUM(E51:AA51) -> 12
C52: 7. MOHAMMAD ZAINI, M.Pd.I. | E52: 3 | F52: 1 | G52: 1 | H52: 0 | I52: 0 | J52: 1 | K52: 0 | L52: 0 | M52: 1 | N52: 3 | O52: 0 | P52: 0 | Q52: 1 | R52: 2 | S52: 1 | T52: 2 | U52: 10 | V52: 5 | W52: 1 | X52: 3 | Y52: 3 | Z52: 2 | AA52: 1 | AB52: =SUM(E52:AA52) -> 41
C53: 8. FAWAIDUL MAKKIYAH | E53: 0 | F53: 2 | G53: 1 | H53: 0 | I53: 0 | J53: 0 | K53: 0 | L53: 0 | M53: 0 | N53: 2 | O53: 0 | P53: 0 | Q53: 0 | R53: 0 | S53: 0 | T53: 0 | U53: 1 | V53: 0 | W53: 0 | X53: 1 | Y53: 0 | Z53: 1 | AA53: 0 | AB53: =SUM(E53:AA53) -> 8
C54: 9. IFFAH HIDAYATUR ROHMAH, S.Sos. | E54: 1 | F54: 0 | G54: 0 | H54: 0 | I54: 1 | J54: 0 | K54: 1 | L54: 0 | M54: 0 | N54: 2 | O54: 0 | P54: 0 | Q54: 0 | R54: 0 | S54: 0 | T54: 0 | U54: 1 | V54: 2 | W54: 0 | X54: 3 | Y54: 0 | Z54: 0 | AA54: 0 | AB54: =SUM(E54:AA54) -> 11
A55: B | B55: JUMLAH SUARA SAH PARTAI POLITIK DAN CALON (A1 + A2) | E55: =SUM(E45:E54) -> 63 | F55: =SUM(F45:F54) -> 52 | G55: =SUM(G45:G54) -> 49 | H55: =SUM(H45:H54) -> 59 | I55: =SUM(I45:I54) -> 29 | J55: =SUM(J45:J54) -> 22 | K55: =SUM(K45:K54) -> 13 | L55: =SUM(L45:L54) -> 20 | ... AB55: =SUM(AB45:AB54) -> 872
A57: A.1 | B57: 2. | C57: Partai Gerakan Indonesia Raya | E57: 13 | F57: 10 | G57: 10 | H57: 13 | I57: 5 | J57: 10 | K57: 19 | L57: 5 | M57: 6 | N57: 7 | O57: 5 | P57: 4 | Q57: 4 | R57: 5 | S57: 13 | T57: 13 | U57: 11 | V57: 15 | W57: 11 | X57: 11 | Y57: 12 | Z57: 11 | AA57: 10 | AB57: =SUM(E57:AA57) -> 223
A58: A.2 | C58: 1. AHMAD HADINUDDIN, S.Pd.I. | E58: 20 | F58: 21 | G58: 9 | H58: 10 | I58: 9 | J58: 6 | K58: 6 | L58: 6 | M58: 2 | N58: 7 | O58: 2 | P58: 2 | Q58: 8 | R58: 6 | S58: 6 | T58: 5 | U58: 7 | V58: 7 | W58: 6 | X58: 6 | Y58: 17 | Z58: 10 | AA58: 5 | AB58: =SUM(E58:AA58) -> 183
C59: 2. BIMA RAFSANJANI RAFID | E59: 16 | F59: 16 | G59: 20 | H59: 8 | I59: 3 | J59: 7 | K59: 17 | L59: 3 | M59: 0 | N59: 3 | O59: 2 | P59: 3 | Q59: 3 | R59: 7 | S59: 9 | T59: 5 | U59: 12 | V59: 13 | W59: 5 | X59: 10 | Y59: 9 | Z59: 12 | AA59: 2 | AB59: =SUM(E59:AA59) -> 185
C60: 3. IRA DAMAYANTI | E60: 1 | F60: 1 | G60: 1 | H60: 2 | I60: 0 | J60: 3 | K60: 3 | L60: 0 | M60: 1 | N60: 2 | O60: 2 | P60: 2 | Q60: 5 | R60: 3 | S60: 0 | T60: 4 | U60: 1 | V60: 3 | W60: 0 | X60: 3 | Y60: 1 | Z60: 2 | AA60: 4 | AB60: =SUM(E60:AA60) -> 44
C61: 4. MAULANA MALIK IBRAHIM, S.H. | E61: 4 | F61: 4 | G61: 5 | H61: 6 | I61: 0 | J61: 6 | K61: 5 | L61: 5 | M61: 5 | N61: 3 | O61: 1 | P61: 3 | Q61: 4 | R61: 26 | S61: 12 | T61: 17 | U61: 41 | V61: 48 | W61: 16 | X61: 3 | Y61: 12 | Z61: 18 | AA61: 3 | AB61: =SUM(E61:AA61) -> 247
C62: 5. LULUK ALFIATI | E62: 2 | F62: 3 | G62: 0 | H62: 2 | I62: 0 | J62: 1 | K62: 2 | L62: 0 | M62: 2 | N62: 3 | O62: 2 | P62: 0 | Q62: 0 | R62: 3 | S62: 1 | T62: 0 | U62: 1 | V62: 1 | W62: 1 | X62: 5 | Y62: 5 | Z62: 2 | AA62: 0 | AB62: =SUM(E62:AA62) -> 36
C63: 6. ILHAM WAHYUDI, S.H. | E63: 0 | F63: 2 | G63: 0 | H63: 0 | I63: 2 | J63: 2 | K63: 0 | L63: 2 | M63: 0 | N63: 0 | O63: 0 | P63: 0 | Q63: 1 | R63: 0 | S63: 0 | T63: 0 | U63: 1 | V63: 0 | W63: 1 | X63: 1 | Y63: 1 | Z63: 1 | AA63: 1 | AB63: =SUM(E63:AA63) -> 15
C64: 7. HAERUL ANWAR, S.Pd.I. | E64: 1 | F64: 0 | G64: 0 | H64: 0 | I64: 0 | J64: 0 | K64: 0 | L64: 0 | M64: 0 | N64: 1 | O64: 0 | P64: 0 | Q64: 0 | R64: 0 | S64: 2 | T64: 0 | U64: 1 | V64: 0 | W64: 0 | X64: 1 | Y64: 1 | Z64: 0 | AA64: 0 | AB64: =SUM(E64:AA64) -> 7
C65: 8. YOVI ADHITYA WARDANI | E65: 0 | F65: 0 | G65: 0 | H65: 1 | I65: 0 | J65: 0 | K65: 0 | L65: 0 | M65: 0 | N65: 0 | O65: 0 | P65: 1 | Q65: 0 | R65: 0 | S65: 0 | T65: 0 | U65: 0 | V65: 1 | W65: 0 | X65: 0 | Y65: 0 | Z65: 1 | AA65: 0 | AB65: =SUM(E65:AA65) -> 4
C66: 9. RITA AMELIA | E66: 0 | F66: 1 | G66: 0 | H66: 0 | I66: 1 | J66: 0 | K66: 2 | L66: 3 | M66: 1 | N66: 0 | O66: 0 | P66: 0 | Q66: 0 | R66: 1 | S66: 0 | T66: 0 | U66: 0 | V66: 0 | W66: 1 | X66: 1 | Y66: 0 | Z66: 0 | AA66: 2 | AB66: =SUM(E66:AA66) -> 13
A67: B | B67: JUMLAH SUARA SAH PARTAI POLITIK DAN CALON (A1 + A2) | E67: =SUM(E57:E66) -> 57 | F67: =SUM(F57:F66) -> 58 | G67: =SUM(G57:G66) -> 45 | H67: =SUM(H57:H66) -> 42 | I67: =SUM(I57:I66) -> 20 | J67: =SUM(J57:J66) -> 35 | K67: =SUM(K57:K66) -> 54 | L67: =SUM(L57:L66) -> 24 | ... AB67: =SUM(AB57:AB66) -> 957
A69: A.1 | B69: 3. | C69: Partai Demokrasi Indonesia Perjuangan | E69: 5 | F69: 5 | G69: 3 | H69: 4 | I69: 4 | J69: 11 | K69: 9 | L69: 6 | M69: 19 | N69: 9 | O69: 11 | P69: 17 | Q69: 18 | R69: 14 | S69: 24 | T69: 16 | U69: 7 | V69: 11 | W69: 12 | X69: 9 | Y69: 6 | Z69: 17 | AA69: 14 | AB69: =SUM(E69:AA69) -> 251
A70: A.2 | C70: 1. MARTIN H., S.H., M.H. | E70: 3 | F70: 0 | G70: 5 | H70: 3 | I70: 6 | J70: 6 | K70: 1 | L70: 6 | M70: 6 | N70: 5 | O70: 1 | P70: 17 | Q70: 5 | R70: 7 | S70: 7 | T70: 5 | U70: 2 | V70: 6 | W70: 7 | X70: 7 | Y70: 12 | Z70: 3 | AA70: 5 | AB70: =SUM(E70:AA70) -> 125
C71: 2. HERMANTO, S.E. | E71: 6 | F71: 2 | G71: 6 | H71: 3 | I71: 2 | J71: 9 | K71: 3 | L71: 0 | M71: 13 | N71: 2 | O71: 8 | P71: 20 | Q71: 50 | R71: 10 | S71: 8 | T71: 5 | U71: 4 | V71: 4 | W71: 8 | X71: 7 | Y71: 19 | Z71: 10 | AA71: 25 | AB71: =SUM(E71:AA71) -> 224
C72: 3. EVY SUSILAWATI, S.E., M.M. | E72: 2 | F72: 0 | G72: 4 | H72: 0 | I72: 2 | J72: 1 | K72: 2 | L72: 5 | M72: 5 | N72: 1 | O72: 3 | P72: 7 | Q72: 5 | R72: 7 | S72: 3 | T72: 10 | U72: 3 | V72: 4 | W72: 2 | X72: 1 | Y72: 2 | Z72: 3 | AA72: 6 | AB72: =SUM(E72:AA72) -> 78
C73: 4. M. SIROTTUDIN | E73: 6 | F73: 2 | G73: 8 | H73: 8 | I73: 1 | J73: 0 | K73: 3 | L73: 7 | M73: 2 | N73: 8 | O73: 7 | P73: 29 | Q73: 15 | R73: 14 | S73: 27 | T73: 10 | U73: 8 | V73: 8 | W73: 12 | X73: 17 | Y73: 10 | Z73: 7 | AA73: 9 | AB73: =SUM(E73:AA73) -> 218
C74: 5. ABDUL HAFID, S.H. | E74: 1 | F74: 1 | G74: 1 | H74: 2 | I74: 0 | J74: 0 | K74: 0 | L74: 3 | M74: 2 | N74: 1 | O74: 2 | P74: 2 | Q74: 2 | R74: 2 | S74: 3 | T74: 0 | U74: 1 | V74: 6 | W74: 4 | X74: 0 | Y74: 1 | Z74: 2 | AA74: 3 | AB74: =SUM(E74:AA74) -> 39
C75: 6. NIKITA FORTUNA SURYANINGATI, A.Md.Keb. | E75: 4 | F75: 1 | G75: 1 | H75: 1 | I75: 0 | J75: 1 | K75: 1 | L75: 3 | M75: 3 | N75: 0 | O75: 3 | P75: 1 | Q75: 2 | R75: 0 | S75: 1 | T75: 0 | U75: 0 | V75: 2 | W75: 0 | X75: 2 | Y75: 1 | Z75: 0 | AA75: 2 | AB75: =SUM(E75:AA75) -> 29
C76: 7. YUDHO ILHAM WIJAYA, S.E. | E76: 5 | F76: 1 | G76: 0 | H76: 2 | I76: 0 | J76: 2 | K76: 3 | L76: 0 | M76: 4 | N76: 3 | O76: 2 | P76: 0 | Q76: 0 | R76: 14 | S76: 14 | T76: 0 | U76: 0 | V76: 1 | W76: 3 | X76: 4 | Y76: 1 | Z76: 4 | AA76: 2 | AB76: =SUM(E76:AA76) -> 65
C77: 8. SETIAWATI, S.H. | E77: 0 | F77: 1 | G77: 1 | H77: 1 | I77: 0 | J77: 2 | K77: 1 | L77: 0 | M77: 0 | N77: 0 | O77: 1 | P77: 2 | Q77: 0 | R77: 2 | S77: 4 | T77: 3 | U77: 1 | V77: 0 | W77: 0 | X77: 3 | Y77: 0 | Z77: 0 | AA77: 2 | AB77: =SUM(E77:AA77) -> 24
C78: 9. EKO BUDI SANTOSO, S.H. | E78: 0 | F78: 0 | G78: 1 | H78: 3 | I78: 4 | J78: 1 | K78: 4 | L78: 3 | M78: 4 | N78: 3 | O78: 0 | P78: 3 | Q78: 2 | R78: 7 | S78: 9 | T78: 2 | U78: 2 | V78: 7 | W78: 1 | X78: 6 | Y78: 3 | Z78: 1 | AA78: 4 | AB78: =SUM(E78:AA78) -> 70
A79: B | B79: JUMLAH SUARA SAH PARTAI POLITIK DAN CALON (A1 + A2) | E79: =SUM(E69:E78) -> 32 | F79: =SUM(F69:F78) -> 13 | G79: =SUM(G69:G78) -> 30 | H79: =SUM(H69:H78) -> 27 | I79: =SUM(I69:I78) -> 19 | J79: =SUM(J69:J78) -> 33 | K79: =SUM(K69:K78) -> 27 | L79: =SUM(L69:L78) -> 33 | ... AB79: =SUM(AB69:AB78) -> 1123
A81: A.1 | B81: 4. | C81: Partai Golongan Karya | E81: 0 | F81: 3 | G81: 3 | H81: 3 | I81: 15 | J81: 11 | K81: 10 | L81: 10 | M81: 4 | N81: 3 | O81: 3 | P81: 3 | Q81: 9 | R81: 4 | S81: 2 | T81: 9 | U81: 7 | V81: 1 | W81: 8 | X81: 3 | Y81: 3 | Z81: 1 | AA81: 7 | AB81: =SUM(E81:AA81) -> 122
A82: A.2 | C82: 1. PRANAYA YUDHA MAHARDHIKA | E82: 2 | F82: 3 | G82: 4 | H82: 5 | I82: 14 | J82: 12 | K82: 8 | L82: 15 | M82: 4 | N82: 2 | O82: 2 | P82: 1 | Q82: 16 | R82: 5 | S82: 9 | T82: 10 | U82: 3 | V82: 1 | W82: 5 | X82: 2 | Y82: 5 | Z82: 6 | AA82: 2 | AB82: =SUM(E82:AA82) -> 136
C83: 2. Dra. Ec. ENDANG SULASTUTY, M.I.P. | E83: 1 | F83: 2 | G83: 0 | H83: 2 | I83: 3 | J83: 2 | K83: 1 | L83: 1 | M83: 2 | N83: 0 | O83: 0 | P83: 1 | Q83: 0 | R83: 2 | S83: 0 | T83: 3 | U83: 1 | V83: 0 | W83: 1 | X83: 0 | Y83: 1 | Z83: 2 | AA83: 0 | AB83: =SUM(E83:AA83) -> 25
C84: 3. AGUS REJEKI WARTONO | E84: 0 | F84: 0 | G84: 1 | H84: 0 | I84: 0 | J84: 0 | K84: 0 | L84: 2 | M84: 0 | N84: 0 | O84: 0 | P84: 0 | Q84: 0 | R84: 0 | S84: 3 | T84: 0 | U84: 0 | V84: 0 | W84: 1 | X84: 0 | Y84: 1 | Z84: 0 | AA84: 3 | AB84: =SUM(E84:AA84) -> 11
C85: 4. Hj. TUTUK ASMA'A ZUCHROH, S.T., M.T. | E85: 1 | F85: 0 | G85: 1 | H85: 1 | I85: 1 | J85: 2 | K85: 2 | L85: 1 | M85: 1 | N85: 1 | O85: 1 | P85: 0 | Q85: 0 | R85: 3 | S85: 0 | T85: 3 | U85: 0 | V85: 3 | W85: 2 | X85: 2 | Y85: 1 | Z85: 0 | AA85: 2 | AB85: =SUM(E85:AA85) -> 28
C86: 5. ADE M. RIZKI, S.E. | E86: 0 | F86: 0 | G86: 0 | H86: 0 | I86: 1 | J86: 2 | K86: 1 | L86: 0 | M86: 1 | N86: 0 | O86: 0 | P86: 0 | Q86: 0 | R86: 0 | S86: 0 | T86: 0 | U86: 0 | V86: 0 | W86: 0 | X86: 1 | Y86: 1 | Z86: 0 | AA86: 0 | AB86: =SUM(E86:AA86) -> 7
C87: 6. ABDURAKHMAN, Bc.Kn. | E87: 1 | F87: 0 | G87: 0 | H87: 0 | I87: 0 | J87: 1 | K87: 0 | L87: 0 | M87: 0 | N87: 0 | O87: 0 | P87: 0 | Q87: 0 | R87: 0 | S87: 0 | T87: 0 | U87: 0 | V87: 0 | W87: 0 | X87: 0 | Y87: 0 | Z87: 0 | AA87: 1 | AB87: =SUM(E87:AA87) -> 3
C88: 7. CENDY RHIYAN ADI PUTRI | E88: 1 | F88: 0 | G88: 0 | H88: 0 | I88: 0 | J88: 1 | K88: 0 | L88: 0 | M88: 1 | N88: 0 | O88: 0 | P88: 0 | Q88: 0 | R88: 0 | S88: 0 | T88: 0 | U88: 0 | V88: 0 | W88: 0 | X88: 0 | Y88: 0 | Z88: 0 | AA88: 0 | AB88: =SUM(E88:AA88) -> 3
C89: 8. BAKTI WIJAYANTO, S.E. | E89: 0 | F89: 0 | G89: 0 | H89: 0 | I89: 0 | J89: 1 | K89: 0 | L89: 0 | M89: 0 | N89: 0 | O89: 0 | P89: 0 | Q89: 0 | R89: 0 | S89: 0 | T89: 0 | U89: 0 | V89: 0 | W89: 0 | X89: 1 | Y89: 0 | Z89: 0 | AA89: 0 | AB89: =SUM(E89:AA89) -> 2
C90: 9. AHMAD UBAIDILLAH | E90: 0 | F90: 0 | G90: 0 | H90: 0 | I90: 0 | J90: 0 | K90: 0 | L90: 1 | M90: 1 | N90: 0 | O90: 1 | P90: 0 | Q90: 0 | R90: 1 | S90: 2 | T90: 0 | U90: 0 | V90: 1 | W90: 1 | X90: 0 | Y90: 0 | Z90: 1 | AA90: 0 | AB90: =SUM(E90:AA90) -> 9
A91: B | B91: JUMLAH SUARA SAH PARTAI POLITIK DAN CALON (A1 + A2) | E91: =SUM(E81:E90) -> 6 | F91: =SUM(F81:F90) -> 8 | G91: =SUM(G81:G90) -> 9 | H91: =SUM(H81:H90) -> 11 | I91: =SUM(I81:I90) -> 34 | J91: =SUM(J81:J90) -> 32 | K91: =SUM(K81:K90) -> 22 | L91: =SUM(L81:L90) -> 30 | ... AB91: =SUM(AB81:AB90) -> 346
A93: A.1 | B93: 5. | C93: Partai NasDem | E93: 3 | F93: 0 | G93: 1 | H93: 0 | I93: 0 | J93: 0 | K93: 6 | L93: 0 | M93: 2 | N93: 2 | O93: 1 | P93: 2 | Q93: 4 | R93: 0 | S93: 1 | T93: 3 | U93: 7 | V93: 2 | W93: 3 | X93: 0 | Y93: 1 | Z93: 1 | AA93: 7 | AB93: =SUM(E93:AA93) -> 46
A94: A.2 | C94: 1. ALI MUSTOFA, A.Md. | E94: 1 | F94: 3 | G94: 1 | H94: 2 | I94: 2 | J94: 0 | K94: 5 | L94: 0 | M94: 0 | N94: 2 | O94: 1 | P94: 1 | Q94: 2 | R94: 0 | S94: 1 | T94: 5 | U94: 6 | V94: 2 | W94: 4 | X94: 3 | Y94: 0 | Z94: 6 | AA94: 1 | AB94: =SUM(E94:AA94) -> 48
C95: 2. Hj. BUAMI, S.H. | E95: 1 | F95: 1 | G95: 0 | H95: 0 | I95: 0 | J95: 2 | K95: 1 | L95: 0 | M95: 0 | N95: 0 | O95: 0 | P95: 0 | Q95: 0 | R95: 0 | S95: 0 | T95: 1 | U95: 0 | V95: 0 | W95: 0 | X95: 0 | Y95: 0 | Z95: 0 | AA95: 0 | AB95: =SUM(E95:AA95) -> 6
C96: 3. SUGIONO, S.H. | E96: 1 | F96: 0 | G96: 0 | H96: 0 | I96: 0 | J96: 0 | K96: 1 | L96: 1 | M96: 0 | N96: 1 | O96: 0 | P96: 0 | Q96: 1 | R96: 0 | S96: 0 | T96: 1 | U96: 3 | V96: 0 | W96: 1 | X96: 0 | Y96: 0 | Z96: 0 | AA96: 0 | AB96: =SUM(E96:AA96) -> 10
C97: 4. LULUK SUNARMIATININGSIH | E97: 1 | F97: 0 | G97: 0 | H97: 0 | I97: 0 | J97: 0 | K97: 2 | L97: 0 | M97: 0 | N97: 0 | O97: 0 | P97: 1 | Q97: 0 | R97: 1 | S97: 0 | T97: 1 | U97: 1 | V97: 0 | W97: 0 | X97: 0 | Y97: 0 | Z97: 0 | AA97: 0 | AB97: =SUM(E97:AA97) -> 7
C98: 5. ANTON DJULIANTO ADI | E98: 0 | F98: 0 | G98: 0 | H98: 0 | I98: 0 | J98: 1 | K98: 2 | L98: 0 | M98: 0 | N98: 0 | O98: 0 | P98: 0 | Q98: 0 | R98: 0 | S98: 0 | T98: 0 | U98: 1 | V98: 0 | W98: 0 | X98: 0 | Y98: 1 | Z98: 0 | AA98: 0 | AB98: =SUM(E98:AA98) -> 5
C99: 6. MOKHAMAD ROFI'I KHUSNAN | E99: 0 | F99: 0 | G99: 0 | H99: 0 | I99: 0 | J99: 0 | K99: 1 | L99: 0 | M99: 0 | N99: 0 | O99: 0 | P99: 0 | Q99: 0 | R99: 0 | S99: 0 | T99: 0 | U99: 0 | V99: 0 | W99: 1 | X99: 0 | Y99: 0 | Z99: 0 | AA99: 0 | AB99: =SUM(E99:AA99) -> 2
C100: 7. Rr SETYO WATI | E100: 0 | F100: 0 | G100: 0 | H100: 0 | I100: 1 | J100: 0 | K100: 0 | L100: 0 | M100: 0 | N100: 0 | O100: 1 | P100: 1 | Q100: 2 | R100: 0 | S100: 0 | T100: 0 | U100: 1 | V100: 0 | W100: 0 | X100: 0 | Y100: 0 | Z100: 0 | AA100: 0 | AB100: =SUM(E100:AA100) -> 6
C101: 8. ABD. KADIR ASSEGAFF | E101: 0 | F101: 0 | G101: 0 | H101: 0 | I101: 0 | J101: 0 | K101: 0 | L101: 0 | M101: 0 | N101: 0 | O101: 0 | P101: 0 | Q101: 0 | R101: 0 | S101: 0 | T101: 1 | U101: 0 | V101: 0 | W101: 0 | X101: 0 | Y101: 0 | Z101: 0 | AA101: 0 | AB101: =SUM(E101:AA101) -> 1
C102: 9. FATHOR ZAINULLAH | E102: 0 | F102: 1 | G102: 0 | H102: 0 | I102: 0 | J102: 0 | K102: 0 | L102: 0 | M102: 0 | N102: 0 | O102: 0 | P102: 0 | Q102: 0 | R102: 0 | S102: 0 | T102: 0 | U102: 0 | V102: 0 | W102: 0 | X102: 0 | Y102: 0 | Z102: 0 | AA102: 0 | AB102: =SUM(E102:AA102) -> 1
A103: B | B103: JUMLAH SUARA SAH PARTAI POLITIK DAN CALON (A1 + A2) | E103: =SUM(E93:E102) -> 7 | F103: =SUM(F93:F102) -> 5 | G103: =SUM(G93:G102) -> 2 | H103: =SUM(H93:H102) -> 2 | I103: =SUM(I93:I102) -> 3 | J103: =SUM(J93:J102) -> 3 | K103: =SUM(K93:K102) -> 18 | L103: =SUM(L93:L102) -> 1 | ... AB103: =SUM(AB93:AB102) -> 132
A105: A.1 | B105: 6. | C105: Partai Buruh | E105: 0 | F105: 0 | G105: 1 | H105: 1 | I105: 0 | J105: 0 | K105: 0 | L105: 0 | M105: 0 | N105: 0 | O105: 0 | P105: 0 | Q105: 0 | R105: 1 | S105: 0 | T105: 0 | U105: 0 | V105: 1 | W105: 2 | X105: 1 | Y105: 2 | Z105: 0 | AA105: 1 | AB105: =SUM(E105:AA105) -> 10
A106: A.2 | C106: 1. AGUS SUPRIYADI | E106: 1 | F106: 0 | G106: 0 | H106: 0 | I106: 1 | J106: 0 | K106: 1 | L106: 1 | M106: 0 | N106: 0 | O106: 2 | P106: 0 | Q106: 1 | R106: 0 | S106: 0 | T106: 0 | U106: 1 | V106: 0 | W106: 0 | X106: 1 | Y106: 1 | Z106: 0 | AA106: 0 | AB106: =SUM(E106:AA106) -> 10
C107: 2. ENI HARIATI | E107: 0 | F107: 0 | G107: 0 | H107: 0 | I107: 0 | J107: 0 | K107: 0 | L107: 1 | M107: 0 | N107: 0 | O107: 0 | P107: 0 | Q107: 0 | R107: 1 | S107: 0 | T107: 0 | U107: 0 | V107: 0 | W107: 0 | X107: 0 | Y107: 0 | Z107: 0 | AA107: 0 | AB107: =SUM(E107:AA107) -> 2
A115: B | B115: JUMLAH SUARA SAH PARTAI POLITIK DAN CALON (A1 + A2) | E115: =SUM(E105:E114) -> 1 | F115: =SUM(F105:F114) -> 0 | G115: =SUM(G105:G114) -> 1 | H115: =SUM(H105:H114) -> 1 | I115: =SUM(I105:I114) -> 1 | J115: =SUM(J105:J114) -> 0 | K115: =SUM(K105:K114) -> 1 | L115: =SUM(L105:L114) -> 2 | ... AB115: =SUM(AB105:AB114) -> 22
A117: A.1 | B117: 7. | C117: Partai Gelombang Rakyat Indonesia | E117: 0 | F117: 1 | G117: 3 | H117: 1 | I117: 1 | J117: 4 | K117: 1 | L117: 2 | M117: 3 | N117: 3 | O117: 0 | P117: 0 | Q117: 3 | R117: 2 | S117: 1 | T117: 0 | U117: 3 | V117: 2 | W117: 3 | X117: 2 | Y117: 6 | Z117: 3 | AA117: 1 | AB117: =SUM(E117:AA117) -> 45
A118: A.2 | C118: 1. MIRZA MUHROSNI AROMA | E118: 1 | F118: 0 | G118: 0 | H118: 0 | I118: 1 | J118: 0 | K118: 1 | L118: 0 | M118: 0 | N118: 2 | O118: 0 | P118: 0 | Q118: 1 | R118: 0 | S118: 0 | T118: 0 | U118: 0 | V118: 0 | W118: 0 | X118: 0 | Y118: 1 | Z118: 1 | AA118: 0 | AB118: =SUM(E118:AA118) -> 8
C119: 2. ACHMAD BAGUS SUGIARTO | E119: 0 | F119: 0 | G119: 0 | H119: 0 | I119: 0 | J119: 1 | K119: 0 | L119: 1 | M119: 0 | N119: 0 | O119: 0 | P119: 0 | Q119: 0 | R119: 0 | S119: 0 | T119: 0 | U119: 0 | V119: 0 | W119: 0 | X119: 0 | Y119: 0 | Z119: 0 | AA119: 1 | AB119: =SUM(E119:AA119) -> 3
C120: 3. ELOK FITRIYA NINGSIH | E120: 0 | F120: 0 | G120: 0 | H120: 0 | I120: 0 | J120: 2 | K120: 0 | L120: 0 | M120: 0 | N120: 0 | O120: 0 | P120: 0 | Q120: 0 | R120: 0 | S120: 0 | T120: 0 | U120: 0 | V120: 0 | W120: 0 | X120: 0 | Y120: 0 | Z120: 0 | AA120: 0 | AB120: =SUM(E120:AA120) -> 2
C121: 4. MADI | E121: 0 | F121: 0 | G121: 0 | H121: 0 | I121: 0 | J121: 0 | K121: 0 | L121: 0 | M121: 0 | N121: 0 | O121: 0 | P121: 0 | Q121: 0 | R121: 0 | S121: 0 | T121: 0 | U121: 0 | V121: 0 | W121: 0 | X121: 0 | Y121: 0 | Z121: 0 | AA121: 0 | AB121: =SUM(E121:AA121) -> 0
C122: 5. LUKY PERMANASARI | E122: 0 | F122: 0 | G122: 0 | H122: 0 | I122: 0 | J122: 0 | K122: 0 | L122: 0 | M122: 0 | N122: 0 | O122: 0 | P122: 0 | Q122: 0 | R122: 0 | S122: 0 | T122: 0 | U122: 0 | V122: 0 | W122: 0 | X122: 0 | Y122: 0 | Z122: 0 | AA122: 0 | AB122: =SUM(E122:AA122) -> 0
A127: B | B127: JUMLAH SUARA SAH PARTAI POLITIK DAN CALON (A1 + A2) | E127: =SUM(E117:E126) -> 1 | F127: =SUM(F117:F126) -> 1 | G127: =SUM(G117:G126) -> 3 | H127: =SUM(H117:H126) -> 1 | I127: =SUM(I117:I126) -> 2 | J127: =SUM(J117:J126) -> 7 | K127: =SUM(K117:K126) -> 2 | L127: =SUM(L117:L126) -> 3 | ... AB127: =SUM(AB117:AB126) -> 58
A129: A.1 | B129: 8. | C129: Partai Keadilan Sejahtera | E129: 0 | F129: 0 | G129: 1 | H129: 0 | I129: 1 | J129: 0 | K129: 6 | L129: 0 | M129: 1 | N129: 1 | O129: 0 | P129: 0 | Q129: 1 | R129: 0 | S129: 1 | T129: 1 | U129: 1 | V129: 2 | W129: 0 | X129: 1 | Y129: 0 | Z129: 0 | AA129: 2 | AB129: =SUM(E129:AA129) -> 19
...

Sheet TEMUREJO
C2: Kecamatan | D2: BANGOREJO
C3: Kabupaten | D3: BANYUWANGI
C4: Provinsi | D4: JAWA TIMUR
C9: Kelurahan | D9: TEMUREJO
A12: I | B12: DATA PEMILIH DAN PENGGUNAAN HAK PILIH | AU12: JUMLAH AKHIR
A13: A | B13: DATA PEMILIH | E13: TPS 001 | F13: TPS 002 | G13: TPS 003 | H13: TPS 004 | I13: TPS 005 | J13: TPS 006 | K13: TPS 007 | L13: TPS 008 | M13: TPS 009 | N13: TPS 010 | O13: TPS 011 | P13: TPS 012 | Q13: TPS 013 | R13: TPS 014 | S13: TPS 015 | T13: TPS 016 | U13: TPS 017 | V13: TPS 018 | W13: TPS 019 | X13: TPS 020 | Y13: TPS 021 | Z13: TPS 022 | AA13: TPS 023 | AB13: TPS 024 | AC13: TPS 025 | AD13: TPS 026 | AE13: TPS 027 | AF13: TPS 028 | AG13: TPS 029 | AH13: TPS 030 | AI13: TPS 031 | AJ13: TPS 032 | AK13: TPS 033 | AL13: TPS 034 | AM13: TPS 035 | AN13: TPS 036 | AO13: TPS 037 | AP13: TPS 038 | AQ13: TPS 039 | AR13: TPS 040 | AS13: TPS 041 | AT13: TPS 042
B14: Jumlah Pemilih dalam Daftar Pemilih Tetap (DPT) | D14: LK | E14: 130 | F14: 135 | G14: 130 | H14: 112 | I14: 128 | J14: 138 | K14: 106 | L14: 144 | M14: 139 | N14: 122 | O14: 136 | P14: 137 | Q14: 129 | R14: 148 | S14: 138 | T14: 133 | U14: 149 | V14: 122 | W14: 137 | X14: 126 | Y14: 115 | Z14: 133 | AA14: 124 | AB14: 121 | AC14: 137 | AD14: 130 | AE14: 142 | AF14: 129 | AG14: 116 | AH14: 128 | AI14: 141 | AJ14: 110 | AK14: 104 | AL14: 124 | AM14: 122 | AN14: 127 | AO14: 130 | AP14: 122 | AQ14: 136 | AR14: 132 | AS14: 127 | AT14: 132 | AU14: =SUM(E14:AT14) -> 5421
D15: PR | E15: 133 | F15: 137 | G15: 144 | H15: 108 | I15: 123 | J15: 135 | K15: 112 | L15: 141 | M15: 143 | N15: 114 | O15: 133 | P15: 133 | Q15: 124 | R15: 133 | S15: 126 | T15: 138 | U15: 136 | V15: 124 | W15: 147 | X15: 120 | Y15: 122 | Z15: 106 | AA15: 137 | AB15: 128 | AC15: 141 | AD15: 136 | AE15: 126 | AF15: 130 | AG15: 105 | AH15: 129 | AI15: 136 | AJ15: 108 | AK15: 102 | AL15: 128 | AM15: 131 | AN15: 138 | AO15: 133 | AP15: 137 | AQ15: 128 | AR15: 127 | AS15: 113 | AT15: 130 | AU15: =SUM(E15:AT15) -> 5375
D16: JML | E16: =SUM(E14:E15) -> 263 | F16: =SUM(F14:F15) -> 272 | G16: =SUM(G14:G15) -> 274 | H16: =SUM(H14:H15) -> 220 | I16: =SUM(I14:I15) -> 251 | J16: =SUM(J14:J15) -> 273 | K16: =SUM(K14:K15) -> 218 | L16: =SUM(L14:L15) -> 285 | ... AT16: =SUM(AT14:AT15) -> 262 | AU16: =SUM(E16:AT16) -> 10796
A18: B | B18: PENGGUNA HAK PILIH
B19: 1. | C19: Jumlah pengguna hak pilih dalam Daftar Pemilih Tetap (DPT) | D19: LK | E19: 114 | F19: 105 | G19: 110 | H19: 99 | I19: 102 | J19: 119 | K19: 78 | L19: 114 | M19: 129 | N19: 116 | O19: 105 | P19: 114 | Q19: 104 | R19: 121 | S19: 120 | T19: 110 | U19: 117 | V19: 93 | W19: 111 | X19: 94 | Y19: 91 | Z19: 105 | AA19: 92 | AB19: 96 | AC19: 109 | AD19: 100 | AE19: 106 | AF19: 97 | AG19: 78 | AH19: 95 | AI19: 104 | AJ19: 85 | AK19: 77 | AL19: 84 | AM19: 92 | AN19: 93 | AO19: 104 | AP19: 102 | AQ19: 116 | AR19: 111 | AS19: 95 | AT19: 98 | AU19: =SUM(E19:AT19) -> 4305
D20: PR | E20: 112 | F20: 104 | G20: 122 | H20: 92 | I20: 110 | J20: 107 | K20: 90 | L20: 117 | M20: 129 | N20: 107 | O20: 119 | P20: 117 | Q20: 99 | R20: 115 | S20: 105 | T20: 119 | U20: 106 | V20: 99 | W20: 122 | X20: 94 | Y20: 98 | Z20: 97 | AA20: 95 | AB20: 91 | AC20: 121 | AD20: 110 | AE20: 109 | AF20: 97 | AG20: 76 | AH20: 91 | AI20: 117 | AJ20: 93 | AK20: 86 | AL20: 99 | AM20: 98 | AN20: 111 | AO20: 114 | AP20: 113 | AQ20: 110 | AR20: 109 | AS20: 94 | AT20: 106 | AU20: =SUM(E20:AT20) -> 4420
D21: JML | E21: =SUM(E19:E20) -> 226 | F21: =SUM(F19:F20) -> 209 | G21: =SUM(G19:G20) -> 232 | H21: =SUM(H19:H20) -> 191 | I21: =SUM(I19:I20) -> 212 | J21: =SUM(J19:J20) -> 226 | K21: =SUM(K19:K20) -> 168 | L21: =SUM(L19:L20) -> 231 | ... AT21: =SUM(AT19:AT20) -> 204 | AU21: =SUM(E21:AT21) -> 8725
B22: 2. | C22: Jumlah pengguna hak pilih dalam Daftar Pemilih Tambahan (DPTb) | D22: LK | T22: 0 | U22: 1 | V22: 0 | W22: 0 | X22: 0 | Y22: 0 | Z22: 0 | AA22: 0 | AB22: 0 | AC22: 0 | AD22: 0 | AE22: 0 | AF22: 0 | AG22: 1 | AH22: 0 | AI22: 0 | AJ22: 1 | AK22: 0 | AL22: 0 | AM22: 2 | AN22: 0 | AO22: 0 | AP22: 0 | AQ22: 0 | AR22: 0 | AS22: 0 | AT22: 0 | AU22: =SUM(E22:AT22) -> 5
D23: PR | T23: 0 | U23: 2 | V23: 0 | W23: 0 | X23: 0 | Y23: 0 | Z23: 0 | AA23: 0 | AB23: 0 | AC23: 0 | AD23: 0 | AE23: 0 | AF23: 0 | AG23: 0 | AH23: 0 | AI23: 0 | AJ23: 1 | AK23: 0 | AL23: 0 | AM23: 2 | AN23: 0 | AO23: 1 | AP23: 0 | AQ23: 0 | AR23: 0 | AS23: 0 | AT23: 0 | AU23: =SUM(E23:AT23) -> 6
D24: JML | E24: =SUM(E22:E23) -> 0 | F24: =SUM(F22:F23) -> 0 | G24: =SUM(G22:G23) -> 0 | H24: =SUM(H22:H23) -> 0 | I24: =SUM(I22:I23) -> 0 | J24: =SUM(J22:J23) -> 0 | K24: =SUM(K22:K23) -> 0 | L24: =SUM(L22:L23) -> 0 | ... AT24: =SUM(AT22:AT23) -> 0 | AU24: =SUM(E24:AT24) -> 11
B25: 3. | C25: Jumlah pengguna hak pilih dalam Daftar Pemilih Khusus (DPK) | D25: LK | E25: 3 | F25: 0 | G25: 0 | H25: 0 | I25: 0 | J25: 0 | K25: 0 | L25: 0 | M25: 1 | N25: 0 | O25: 0 | P25: 0 | Q25: 0 | R25: 0 | S25: 0 | T25: 0 | U25: 1 | V25: 0 | W25: 0 | X25: 1 | Y25: 0 | Z25: 0 | AA25: 0 | AB25: 0 | AC25: 2 | AD25: 9 | AE25: 0 | AF25: 1 | AG25: 0 | AH25: 0 | AI25: 2 | AJ25: 0 | AK25: 3 | AL25: 5 | AM25: 4 | AN25: 2 | AO25: 2 | AP25: 1 | AQ25: 0 | AR25: 2 | AS25: 1 | AT25: 0 | AU25: =SUM(E25:AT25) -> 40
D26: PR | E26: 1 | F26: 0 | G26: 0 | H26: 0 | I26: 0 | J26: 0 | K26: 0 | L26: 0 | M26: 0 | N26: 0 | O26: 0 | P26: 0 | Q26: 0 | R26: 0 | S26: 0 | T26: 0 | U26: 2 | V26: 0 | W26: 2 | X26: 1 | Y26: 0 | Z26: 0 | AA26: 0 | AB26: 0 | AC26: 2 | AD26: 4 | AE26: 0 | AF26: 1 | AG26: 0 | AH26: 2 | AI26: 1 | AJ26: 0 | AK26: 4 | AL26: 3 | AM26: 7 | AN26: 2 | AO26: 6 | AP26: 3 | AQ26: 0 | AR26: 2 | AS26: 0 | AT26: 4 | AU26: =SUM(E26:AT26) -> 47
D27: JML | E27: =SUM(E25:E26) -> 4 | F27: =SUM(F25:F26) -> 0 | G27: =SUM(G25:G26) -> 0 | H27: =SUM(H25:H26) -> 0 | I27: =SUM(I25:I26) -> 0 | J27: =SUM(J25:J26) -> 0 | K27: =SUM(K25:K26) -> 0 | L27: =SUM(L25:L26) -> 0 | ... AT27: =SUM(AT25:AT26) -> 4 | AU27: =SUM(E27:AT27) -> 87
B28: 4. | C28: Jumlah Pengguna Hak Pilih (B.1+B.2+B.3) | D28: LK | E28: =SUM(E19,E22,E25) -> 117 | F28: =SUM(F19,F22,F25) -> 105 | G28: =SUM(G19,G22,G25) -> 110 | H28: =SUM(H19,H22,H25) -> 99 | I28: =SUM(I19,I22,I25) -> 102 | J28: =SUM(J19,J22,J25) -> 119 | K28: =SUM(K19,K22,K25) -> 78 | L28: =SUM(L19,L22,L25) -> 114 | ... AT28: =SUM(AT19,AT22,AT25) -> 98 | AU28: =SUM(E28:AT28) -> 4350
D29: PR | E29: =SUM(E20,E23,E26) -> 113 | F29: =SUM(F20,F23,F26) -> 104 | G29: =SUM(G20,G23,G26) -> 122 | H29: =SUM(H20,H23,H26) -> 92 | I29: =SUM(I20,I23,I26) -> 110 | J29: =SUM(J20,J23,J26) -> 107 | K29: =SUM(K20,K23,K26) -> 90 | L29: =SUM(L20,L23,L26) -> 117 | ... AT29: =SUM(AT20,AT23,AT26) -> 110 | AU29: =SUM(E29:AT29) -> 4473
D30: JML | E30: =SUM(E28:E29) -> 230 | F30: =SUM(F28:F29) -> 209 | G30: =SUM(G28:G29) -> 232 | H30: =SUM(H28:H29) -> 191 | I30: =SUM(I28:I29) -> 212 | J30: =SUM(J28:J29) -> 226 | K30: =SUM(K28:K29) -> 168 | L30: =SUM(L28:L29) -> 231 | ... AT30: =SUM(AT28:AT29) -> 208 | AU30: =SUM(E30:AT30) -> 8823
A32: II | B32: DATA PENGGUNAAN SURAT SUARA
A33: 1 | B33: Jumlah surat suara yang diterima, termasuk surat suara cadangan 2,5% dari DPT | E33: 269 | F33: 276 | G33: 280 | H33: 225 | I33: 257 | J33: 278 | K33: 223 | L33: 291 | M33: 288 | N33: 241 | O33: 275 | P33: 276 | Q33: 257 | R33: 287 | S33: 270 | T33: 278 | U33: 290 | V33: 251 | W33: 290 | X33: 251 | Y33: 242 | Z33: 244 | AA33: 267 | AB33: 254 | AC33: 284 | AD33: 272 | AE33: 274 | AF33: 259 | AG33: 226 | AH33: 263 | AI33: 283 | AJ33: 223 | AK33: 211 | AL33: 258 | AM33: 259 | AN33: 270 | AO33: 268 | AP33: 267 | AQ33: 270 | AR33: 265 | AS33: 245 | AT33: 267 | AU33: =SUM(E33:AT33) -> 11024
A34: 2 | B34: Jumlah surat suara yang digunakan | E34: 230 | F34: 209 | G34: 232 | H34: 191 | I34: 212 | J34: 226 | K34: 168 | L34: 231 | M34: 259 | N34: 223 | O34: 224 | P34: 231 | Q34: 203 | R34: 236 | S34: 225 | T34: 229 | U34: 229 | V34: 192 | W34: 235 | X34: 190 | Y34: 189 | Z34: 202 | AA34: 187 | AB34: 187 | AC34: 234 | AD34: 223 | AE34: 215 | AF34: 196 | AG34: 155 | AH34: 188 | AI34: 224 | AJ34: 180 | AK34: 170 | AL34: 191 | AM34: 205 | AN34: 208 | AO34: 227 | AP34: 219 | AQ34: 226 | AR34: 224 | AS34: 190 | AT34: 208 | AU34: =SUM(E34:AT34) -> 8823
A35: 3 | B35: Jumlah surat suara dikembalikan oleh pemilih (karena rusak atau keliru coblos) | E35: 0 | F35: 0 | G35: 3 | H35: 0 | I35: 0 | J35: 0 | K35: 0 | L35: 0 | M35: 0 | N35: 0 | O35: 1 | P35: 0 | Q35: 0 | R35: 0 | S35: 0 | T35: 0 | U35: 2 | V35: 2 | W35: 0 | X35: 1 | Y35: 0 | Z35: 0 | AA35: 0 | AB35: 0 | AC35: 3 | AD35: 1 | AE35: 0 | AF35: 0 | AG35: 0 | AH35: 16 | AI35: 0 | AJ35: 0 | AK35: 0 | AL35: 1 | AM35: 0 | AN35: 0 | AO35: 0 | AP35: 48 | AQ35: 1 | AR35: 0 | AS35: 1 | AT35: 0 | AU35: =SUM(E35:AT35) -> 80
A36: 4 | B36: Jumlah surat suara yang tidak digunakan/tidak terpakai, termasuk sisa surat suara cadangan | E36: =E33-(E34+E35) -> 39 | F36: =F33-(F34+F35) -> 67 | G36: =G33-(G34+G35) -> 45 | H36: =H33-(H34+H35) -> 34 | I36: =I33-(I34+I35) -> 45 | J36: =J33-(J34+J35) -> 52 | K36: =K33-(K34+K35) -> 55 | L36: =L33-(L34+L35) -> 60 | ... AT36: =AT33-(AT34+AT35) -> 59 | AU36: =SUM(E36:AT36) -> 2121
A38: III | B38: DATA PEMILIH DISABILITAS
B39: Jumlah seluruh Pemilih disabilitas yang menggunakan hak pilih | D39: LK | E39: 0 | F39: 0 | G39: 0 | H39: 0 | I39: 0 | J39: 0 | K39: 0 | L39: 0 | M39: 0 | N39: 0 | O39: 0 | P39: 0 | Q39: 0 | R39: 1 | S39: 0 | T39: 0 | U39: 0 | V39: 3 | W39: 0 | X39: 0 | Y39: 0 | Z39: 0 | AA39: 0 | AB39: 0 | AC39: 0 | AD39: 0 | AE39: 0 | AF39: 1 | AG39: 0 | AH39: 0 | AI39: 0 | AJ39: 0 | AK39: 0 | AL39: 0 | AM39: 0 | AN39: 0 | AO39: 0 | AP39: 1 | AQ39: 0 | AR39: 0 | AS39: 0 | AT39: 0 | AU39: =SUM(E39:AT39) -> 6
D40: PR | E40: 0 | F40: 0 | G40: 0 | H40: 0 | I40: 0 | J40: 0 | K40: 0 | L40: 0 | M40: 0 | N40: 0 | O40: 0 | P40: 0 | Q40: 0 | R40: 1 | S40: 0 | T40: 0 | U40: 0 | V40: 8 | W40: 0 | X40: 1 | Y40: 0 | Z40: 0 | AA40: 0 | AB40: 0 | AC40: 0 | AD40: 0 | AE40: 0 | AF40: 1 | AG40: 0 | AH40: 0 | AI40: 0 | AJ40: 0 | AK40: 0 | AL40: 0 | AM40: 0 | AN40: 0 | AO40: 0 | AP40: 1 | AQ40: 0 | AR40: 0 | AS40: 0 | AT40: 0 | AU40: =SUM(E40:AT40) -> 12
D41: JML | E41: =SUM(E39:E40) -> 0 | F41: =SUM(F39:F40) -> 0 | G41: =SUM(G39:G40) -> 0 | H41: =SUM(H39:H40) -> 0 | I41: =SUM(I39:I40) -> 0 | J41: =SUM(J39:J40) -> 0 | K41: =SUM(K39:K40) -> 0 | L41: =SUM(L39:L40) -> 0 | ... AT41: =SUM(AT39:AT40) -> 0 | AU41: =SUM(E41:AT41) -> 18
A43: IV | B43: DATA RINCIAN PEROLEHAN SUARA PASANGAN CALON BUPATI DAN WAKIL BUPATI
A44: NOMOR DAN NAMA CALON
A45: A.1 | B45: 1. | C45: Partai Kebangkitan Bangsa | E45: 8 | F45: 2 | G45: 5 | H45: 2 | I45: 2 | K45: 2 | L45: 3 | M45: 2 | N45: 2 | O45: 5 | P45: 3 | Q45: 2 | R45: 3 | S45: 5 | T45: 1 | U45: 4 | V45: 1 | W45: 3 | X45: 9 | Y45: 4 | Z45: 1 | AA45: 4 | AB45: 4 | AC45: 3 | AD45: 2 | AE45: 4 | AF45: 1 | AG45: 6 | AH45: 7 | AI45: 10 | AJ45: 3 | AK45: 5 | AL45: 3 | AM45: 4 | AN45: 5 | AO45: 14 | AP45: 9 | AQ45: 7 | AR45: 3 | AS45: 0 | AT45: 3 | AU45: =SUM(E45:AT45) -> 166
A46: A.2 | C46: 1. Dra. Hj. MA`MULAH HARUN, M.Pd.I. | E46: 1 | F46: 2 | G46: 4 | H46: 2 | I46: 6 | K46: 4 | L46: 8 | M46: 2 | N46: 3 | O46: 0 | P46: 0 | Q46: 9 | R46: 15 | S46: 14 | T46: 5 | U46: 2 | V46: 3 | W46: 2 | X46: 23 | Y46: 29 | Z46: 8 | AA46: 13 | AB46: 4 | AC46: 8 | AD46: 4 | AE46: 17 | AF46: 11 | AG46: 4 | AH46: 9 | AI46: 36 | AJ46: 5 | AK46: 17 | AL46: 12 | AM46: 19 | AN46: 29 | AO46: 52 | AP46: 17 | AQ46: 14 | AR46: 3 | AS46: 1 | AT46: 13 | AU46: =SUM(E46:AT46) -> 430
C47: 2. UBAIDILLAH, S.Fil.I. | E47: 1 | F47: 3 | G47: 1 | H47: 0 | I47: 1 | K47: 0 | L47: 0 | M47: 0 | N47: 0 | O47: 0 | P47: 0 | Q47: 1 | R47: 6 | S47: 3 | T47: 1 | U47: 1 | V47: 0 | W47: 0 | X47: 0 | Y47: 1 | Z47: 1 | AA47: 1 | AB47: 1 | AC47: 0 | AD47: 1 | AE47: 2 | AF47: 4 | AG47: 0 | AH47: 4 | AI47: 5 | AJ47: 1 | AK47: 2 | AL47: 1 | AM47: 0 | AN47: 4 | AO47: 5 | AP47: 2 | AQ47: 0 | AR47: 0 | AS47: 0 | AT47: 1 | AU47: =SUM(E47:AT47) -> 54
C48: 3. Ir. H. YOYOK MULYADI, M.Si. | E48: 0 | F48: 0 | G48: 0 | H48: 0 | I48: 1 | J48: 1 | K48: 0 | L48: 0 | M48: 0 | N48: 0 | O48: 0 | P48: 0 | Q48: 1 | R48: 0 | S48: 0 | T48: 0 | U48: 0 | V48: 0 | W48: 0 | X48: 0 | Y48: 1 | Z48: 0 | AA48: 0 | AB48: 0 | AC48: 0 | AD48: 0 | AE48: 0 | AF48: 0 | AG48: 0 | AH48: 3 | AI48: 1 | AJ48: 2 | AK48: 2 | AL48: 1 | AM48: 1 | AN48: 3 | AO48: 2 | AP48: 0 | AQ48: 0 | AR48: 1 | AS48: 0 | AT48: 0 | AU48: =SUM(E48:AT48) -> 20
C49: 4. KHOIRUL ANWAR, S.Fil.I. | E49: 0 | F49: 0 | G49: 0 | H49: 0 | I49: 0 | J49: 0 | K49: 0 | L49: 0 | M49: 0 | N49: 2 | O49: 0 | P49: 0 | Q49: 1 | R49: 1 | S49: 0 | T49: 1 | U49: 0 | V49: 1 | W49: 0 | X49: 0 | Y49: 2 | Z49: 3 | AA49: 0 | AB49: 0 | AC49: 0 | AD49: 1 | AE49: 1 | AF49: 0 | AG49: 0 | AH49: 1 | AI49: 1 | AJ49: 1 | AK49: 3 | AL49: 1 | AM49: 0 | AN49: 2 | AO49: 0 | AP49: 1 | AQ49: 1 | AR49: 3 | AS49: 0 | AT49: 4 | AU49: =SUM(E49:AT49) -> 31
C50: 5. ARIF WIJAKSANA | E50: 0 | F50: 0 | G50: 0 | H50: 0 | I50: 0 | J50: 2 | K50: 0 | L50: 0 | M50: 0 | N50: 3 | O50: 0 | P50: 0 | Q50: 0 | R50: 1 | S50: 0 | T50: 0 | U50: 1 | V50: 0 | W50: 0 | X50: 0 | Y50: 0 | Z50: 1 | AA50: 0 | AB50: 0 | AC50: 0 | AD50: 0 | AE50: 1 | AF50: 1 | AG50: 0 | AH50: 0 | AI50: 0 | AJ50: 0 | AK50: 0 | AL50: 1 | AM50: 0 | AN50: 0 | AO50: 1 | AP50: 2 | AQ50: 0 | AR50: 1 | AS50: 0 | AT50: 0 | AU50: =SUM(E50:AT50) -> 15
C51: 6. Dr. SITI YUMNAH | E51: 0 | F51: 0 | G51: 0 | H51: 0 | I51: 1 | J51: 0 | K51: 0 | L51: 0 | M51: 0 | N51: 0 | O51: 0 | P51: 0 | Q51: 0 | R51: 0 | S51: 2 | T51: 1 | U51: 2 | V51: 0 | W51: 0 | X51: 0 | Y51: 3 | Z51: 0 | AA51: 0 | AB51: 0 | AC51: 1 | AD51: 1 | AE51: 0 | AF51: 0 | AG51: 1 | AH51: 1 | AI51: 0 | AJ51: 0 | AK51: 0 | AL51: 1 | AM51: 0 | AN51: 0 | AO51: 1 | AP51: 0 | AQ51: 1 | AR51: 0 | AS51: 0 | AT51: 0 | AU51: =SUM(E51:AT51) -> 16
C52: 7. MOHAMMAD ZAINI, M.Pd.I. | E52: 0 | F52: 0 | G52: 0 | H52: 2 | I52: 0 | J52: 1 | K52: 0 | L52: 0 | M52: 0 | N52: 0 | O52: 0 | P52: 1 | Q52: 0 | R52: 0 | S52: 0 | T52: 0 | U52: 1 | V52: 0 | W52: 0 | X52: 0 | Y52: 1 | Z52: 0 | AA52: 0 | AB52: 0 | AC52: 0 | AD52: 0 | AE52: 0 | AF52: 2 | AG52: 0 | AH52: 0 | AI52: 1 | AJ52: 1 | AK52: 1 | AL52: 1 | AM52: 0 | AN52: 0 | AO52: 1 | AP52: 0 | AQ52: 0 | AR52: 0 | AS52: 0 | AT52: 0 | AU52: =SUM(E52:AT52) -> 13
C53: 8. FAWAIDUL MAKKIYAH | E53: 0 | F53: 0 | G53: 0 | H53: 0 | I53: 0 | J53: 0 | K53: 0 | L53: 0 | M53: 0 | N53: 0 | O53: 0 | P53: 0 | Q53: 0 | R53: 0 | S53: 0 | T53: 0 | U53: 0 | V53: 0 | W53: 0 | X53: 0 | Y53: 0 | Z53: 0 | AA53: 0 | AB53: 0 | AC53: 0 | AD53: 0 | AE53: 0 | AF53: 0 | AG53: 0 | AH53: 0 | AI53: 0 | AJ53: 0 | AK53: 0 | AL53: 0 | AM53: 0 | AN53: 0 | AO53: 1 | AP53: 0 | AQ53: 0 | AR53: 0 | AS53: 0 | AT53: 1 | AU53: =SUM(E53:AT53) -> 2
C54: 9. IFFAH HIDAYATUR ROHMAH, S.Sos. | E54: 0 | F54: 0 | G54: 0 | H54: 0 | I54: 0 | J54: 0 | K54: 0 | L54: 0 | M54: 1 | N54: 0 | O54: 0 | P54: 1 | Q54: 0 | R54: 0 | S54: 0 | T54: 0 | U54: 0 | V54: 0 | W54: 1 | X54: 0 | Y54: 2 | Z54: 0 | AA54: 0 | AB54: 0 | AC54: 0 | AD54: 1 | AE54: 0 | AF54: 0 | AG54: 1 | AH54: 1 | AI54: 1 | AJ54: 1 | AK54: 0 | AL54: 1 | AM54: 0 | AN54: 0 | AO54: 0 | AP54: 0 | AQ54: 0 | AR54: 0 | AS54: 0 | AT54: 1 | AU54: =SUM(E54:AT54) -> 12
