Workbook

Sheet DPRD PROVINSI
C8: Kecamatan | D8: SRONO
C9: Kabupaten | D9: BANYUWANGI
C10: Provinsi | D10: JAWA TIMUR
A12: I | B12: DATA PEMILIH DAN PENGGUNAAN HAK PILIH | E12: JUMLAH AKHIR
A13: A | B13: DATA PEMILIH
B14: Jumlah Pemilih dalam Daftar Pemilih Tetap (DPT) | D14: LK | E14: =BAGOREJO!AM14+KEBAMAN!AW14+KEPUNDUNGAN!W14+'PARIJATAH KULON'!Y14+'PARIJATAH WETAN'!AC14+REJOAGUNG!AF14+SUKOMAJU!AC14+SUKONATAR!T14+SUMBERSARI!AH14+WONOSOBO!AS14 -> 37696
D15: PR | E15: =BAGOREJO!AM15+KEBAMAN!AW15+KEPUNDUNGAN!W15+'PARIJATAH KULON'!Y15+'PARIJATAH WETAN'!AC15+REJOAGUNG!AF15+SUKOMAJU!AC15+SUKONATAR!T15+SUMBERSARI!AH15+WONOSOBO!AS15 -> 37805
D16: JML | E16: =SUM(E14:E15) -> 75501
A18: B | B18: PENGGUNA HAK PILIH
B19: 1. | C19: Jumlah pengguna hak pilih dalam Daftar Pemilih Tetap (DPT) | D19: LK | E19: =BAGOREJO!AM19+KEBAMAN!AW19+KEPUNDUNGAN!W19+'PARIJATAH KULON'!Y19+'PARIJATAH WETAN'!AC19+REJOAGUNG!AF19+SUKOMAJU!AC19+SUKONATAR!T19+SUMBERSARI!AH19+WONOSOBO!AS19 -> 27900
D20: PR | E20: =BAGOREJO!AM20+KEBAMAN!AW20+KEPUNDUNGAN!W20+'PARIJATAH KULON'!Y20+'PARIJATAH WETAN'!AC20+REJOAGUNG!AF20+SUKOMAJU!AC20+SUKONATAR!T20+SUMBERSARI!AH20+WONOSOBO!AS20 -> 30140
D21: JML | E21: =SUM(E19:E20) -> 58040
B22: 2. | C22: Jumlah pengguna hak pilih dalam Daftar Pemilih Tambahan (DPTb) | D22: LK | E22: =BAGOREJO!AM22+KEBAMAN!AW22+KEPUNDUNGAN!W22+'PARIJATAH KULON'!Y22+'PARIJATAH WETAN'!AC22+REJOAGUNG!AF22+SUKOMAJU!AC22+SUKONATAR!T22+SUMBERSARI!AH22+WONOSOBO!AS22 -> 22
D23: PR | E23: =BAGOREJO!AM23+KEBAMAN!AW23+KEPUNDUNGAN!W23+'PARIJATAH KULON'!Y23+'PARIJATAH WETAN'!AC23+REJOAGUNG!AF23+SUKOMAJU!AC23+SUKONATAR!T23+SUMBERSARI!AH23+WONOSOBO!AS23 -> 23
D24: JML | E24: =SUM(E22:E23) -> 45
B25: 3. | C25: Jumlah pengguna hak pilih dalam Daftar Pemilih Khusus (DPK) | D25: LK | E25: =BAGOREJO!AM25+KEBAMAN!AW25+KEPUNDUNGAN!W25+'PARIJATAH KULON'!Y25+'PARIJATAH WETAN'!AC25+REJOAGUNG!AF25+SUKOMAJU!AC25+SUKONATAR!T25+SUMBERSARI!AH25+WONOSOBO!AS25 -> 407
D26: PR | E26: =BAGOREJO!AM26+KEBAMAN!AW26+KEPUNDUNGAN!W26+'PARIJATAH KULON'!Y26+'PARIJATAH WETAN'!AC26+REJOAGUNG!AF26+SUKOMAJU!AC26+SUKONATAR!T26+SUMBERSARI!AH26+WONOSOBO!AS26 -> 513
D27: JML | E27: =SUM(E25:E26) -> 920
B28: 4. | C28: Jumlah Pengguna Hak Pilih (B.1+B.2+B.3) | D28: LK | E28: =E19+E22+E25 -> 28329
D29: PR | E29: =E20+E23+E26 -> 30676
D30: JML | E30: =SUM(E28:E29) -> 59005
A32: II | B32: DATA PENGGUNAAN SURAT SUARA
A33: 1 | B33: Jumlah surat suara yang diterima, termasuk surat suara cadangan 2,5% dari DPT | E33: =BAGOREJO!AM33+KEBAMAN!AW33+KEPUNDUNGAN!W33+'PARIJATAH KULON'!Y33+'PARIJATAH WETAN'!AC33+REJOAGUNG!AF33+SUKOMAJU!AC33+SUKONATAR!T33+SUMBERSARI!AH33+WONOSOBO!AS33 -> 76907
A34: 2 | B34: Jumlah surat suara yang digunakan | E34: =BAGOREJO!AM34+KEBAMAN!AW34+KEPUNDUNGAN!W34+'PARIJATAH KULON'!Y34+'PARIJATAH WETAN'!AC34+REJOAGUNG!AF34+SUKOMAJU!AC34+SUKONATAR!T34+SUMBERSARI!AH34+WONOSOBO!AS34 -> 59005
A35: 3 | B35: Jumlah surat suara dikembalikan oleh pemilih (karena rusak atau keliru coblos) | E35: =BAGOREJO!AM35+KEBAMAN!AW35+KEPUNDUNGAN!W35+'PARIJATAH KULON'!Y35+'PARIJATAH WETAN'!AC35+REJOAGUNG!AF35+SUKOMAJU!AC35+SUKONATAR!T35+SUMBERSARI!AH35+WONOSOBO!AS35 -> 84
A36: 4 | B36: Jumlah surat suara yang tidak digunakan/tidak terpakai, termasuk sisa surat suara cadangan | E36: =E33-(E34+E35) -> 17818
A38: III | B38: DATA PEMILIH DISABILITAS
B39: Jumlah seluruh Pemilih disabilitas yang menggunakan hak pilih | D39: LK | E39: =BAGOREJO!AM39+KEBAMAN!AW39+KEPUNDUNGAN!W39+'PARIJATAH KULON'!Y39+'PARIJATAH WETAN'!AC39+REJOAGUNG!AF39+SUKOMAJU!AC39+SUKONATAR!T39+SUMBERSARI!AH39+WONOSOBO!AS39 -> 34
D40: PR | E40: =BAGOREJO!AM40+KEBAMAN!AW40+KEPUNDUNGAN!W40+'PARIJATAH KULON'!Y40+'PARIJATAH WETAN'!AC40+REJOAGUNG!AF40+SUKOMAJU!AC40+SUKONATAR!T40+SUMBERSARI!AH40+WONOSOBO!AS40 -> 31
D41: JML | E41: =SUM(E39:E40) -> 65
A43: IV | B43: DATA RINCIAN PEROLEHAN SUARA PASANGAN CALON BUPATI DAN WAKIL BUPATI
A44: NOMOR DAN NAMA CALON
A45: A.1 | B45: 1. | C45: Partai Kebangkitan Bangsa | E45: =BAGOREJO!AM45+KEBAMAN!AW45+KEPUNDUNGAN!W45+'PARIJATAH KULON'!Y45+'PARIJATAH WETAN'!AC45+REJOAGUNG!AF45+SUKOMAJU!AC45+SUKONATAR!T45+SUMBERSARI!AH45+WONOSOBO!AS45 -> 2050
A46: A.2 | C46: 1. Dra. Hj. MA`MULAH HARUN, M.Pd.I. | E46: =BAGOREJO!AM46+KEBAMAN!AW46+KEPUNDUNGAN!W46+'PARIJATAH KULON'!Y46+'PARIJATAH WETAN'!AC46+REJOAGUNG!AF46+SUKOMAJU!AC46+SUKONATAR!T46+SUMBERSARI!AH46+WONOSOBO!AS46 -> 3273
C47: 2. UBAIDILLAH, S.Fil.I. | E47: =BAGOREJO!AM47+KEBAMAN!AW47+KEPUNDUNGAN!W47+'PARIJATAH KULON'!Y47+'PARIJATAH WETAN'!AC47+REJOAGUNG!AF47+SUKOMAJU!AC47+SUKONATAR!T47+SUMBERSARI!AH47+WONOSOBO!AS47 -> 624
C48: 3. Ir. H. YOYOK MULYADI, M.Si. | E48: =BAGOREJO!AM48+KEBAMAN!AW48+KEPUNDUNGAN!W48+'PARIJATAH KULON'!Y48+'PARIJATAH WETAN'!AC48+REJOAGUNG!AF48+SUKOMAJU!AC48+SUKONATAR!T48+SUMBERSARI!AH48+WONOSOBO!AS48 -> 195
C49: 4. KHOIRUL ANWAR, S.Fil.I. | E49: =BAGOREJO!AM49+KEBAMAN!AW49+KEPUNDUNGAN!W49+'PARIJATAH KULON'!Y49+'PARIJATAH WETAN'!AC49+REJOAGUNG!AF49+SUKOMAJU!AC49+SUKONATAR!T49+SUMBERSARI!AH49+WONOSOBO!AS49 -> 358
C50: 5. ARIF WIJAKSANA | E50: =BAGOREJO!AM50+KEBAMAN!AW50+KEPUNDUNGAN!W50+'PARIJATAH KULON'!Y50+'PARIJATAH WETAN'!AC50+REJOAGUNG!AF50+SUKOMAJU!AC50+SUKONATAR!T50+SUMBERSARI!AH50+WONOSOBO!AS50 -> 333
C51: 6. Dr. SITI YUMNAH | E51: =BAGOREJO!AM51+KEBAMAN!AW51+KEPUNDUNGAN!W51+'PARIJATAH KULON'!Y51+'PARIJATAH WETAN'!AC51+REJOAGUNG!AF51+SUKOMAJU!AC51+SUKONATAR!T51+SUMBERSARI!AH51+WONOSOBO!AS51 -> 113
C52: 7. MOHAMMAD ZAINI, M.Pd.I. | E52: =BAGOREJO!AM52+KEBAMAN!AW52+KEPUNDUNGAN!W52+'PARIJATAH KULON'!Y52+'PARIJATAH WETAN'!AC52+REJOAGUNG!AF52+SUKOMAJU!AC52+SUKONATAR!T52+SUMBERSARI!AH52+WONOSOBO!AS52 -> 92
C53: 8. FAWAIDUL MAKKIYAH | E53: =BAGOREJO!AM53+KEBAMAN!AW53+KEPUNDUNGAN!W53+'PARIJATAH KULON'!Y53+'PARIJATAH WETAN'!AC53+REJOAGUNG!AF53+SUKOMAJU!AC53+SUKONATAR!T53+SUMBERSARI!AH53+WONOSOBO!AS53 -> 38
C54: 9. IFFAH HIDAYATUR ROHMAH, S.Sos. | E54: =BAGOREJO!AM54+KEBAMAN!AW54+KEPUNDUNGAN!W54+'PARIJATAH KULON'!Y54+'PARIJATAH WETAN'!AC54+REJOAGUNG!AF54+SUKOMAJU!AC54+SUKONATAR!T54+SUMBERSARI!AH54+WONOSOBO!AS54 -> 86
A55: B | B55: JUMLAH SUARA SAH PARTAI POLITIK DAN CALON (A1 + A2) | E55: =SUM(E45:E54) -> 7162
A57: A.1 | B57: 2. | C57: Partai Gerakan Indonesia Raya | E57: =BAGOREJO!AM57+KEBAMAN!AW57+KEPUNDUNGAN!W57+'PARIJATAH KULON'!Y57+'PARIJATAH WETAN'!AC57+REJOAGUNG!AF57+SUKOMAJU!AC57+SUKONATAR!T57+SUMBERSARI!AH57+WONOSOBO!AS57 -> 3617
A58: A.2 | C58: 1. AHMAD HADINUDDIN, S.Pd.I. | E58: =BAGOREJO!AM58+KEBAMAN!AW58+KEPUNDUNGAN!W58+'PARIJATAH KULON'!Y58+'PARIJATAH WETAN'!AC58+REJOAGUNG!AF58+SUKOMAJU!AC58+SUKONATAR!T58+SUMBERSARI!AH58+WONOSOBO!AS58 -> 3072
C59: 2. BIMA RAFSANJANI RAFID | E59: =BAGOREJO!AM59+KEBAMAN!AW59+KEPUNDUNGAN!W59+'PARIJATAH KULON'!Y59+'PARIJATAH WETAN'!AC59+REJOAGUNG!AF59+SUKOMAJU!AC59+SUKONATAR!T59+SUMBERSARI!AH59+WONOSOBO!AS59 -> 2595
C60: 3. IRA DAMAYANTI | E60: =BAGOREJO!AM60+KEBAMAN!AW60+KEPUNDUNGAN!W60+'PARIJATAH KULON'!Y60+'PARIJATAH WETAN'!AC60+REJOAGUNG!AF60+SUKOMAJU!AC60+SUKONATAR!T60+SUMBERSARI!AH60+WONOSOBO!AS60 -> 680
C61: 4. MAULANA MALIK IBRAHIM, S.H. | E61: =BAGOREJO!AM61+KEBAMAN!AW61+KEPUNDUNGAN!W61+'PARIJATAH KULON'!Y61+'PARIJATAH WETAN'!AC61+REJOAGUNG!AF61+SUKOMAJU!AC61+SUKONATAR!T61+SUMBERSARI!AH61+WONOSOBO!AS61 -> 1641
C62: 5. LULUK ALFIATI | E62: =BAGOREJO!AM62+KEBAMAN!AW62+KEPUNDUNGAN!W62+'PARIJATAH KULON'!Y62+'PARIJATAH WETAN'!AC62+REJOAGUNG!AF62+SUKOMAJU!AC62+SUKONATAR!T62+SUMBERSARI!AH62+WONOSOBO!AS62 -> 349
C63: 6. ILHAM WAHYUDI, S.H. | E63: =BAGOREJO!AM63+KEBAMAN!AW63+KEPUNDUNGAN!W63+'PARIJATAH KULON'!Y63+'PARIJATAH WETAN'!AC63+REJOAGUNG!AF63+SUKOMAJU!AC63+SUKONATAR!T63+SUMBERSARI!AH63+WONOSOBO!AS63 -> 157
C64: 7. HAERUL ANWAR, S.Pd.I. | E64: =BAGOREJO!AM64+KEBAMAN!AW64+KEPUNDUNGAN!W64+'PARIJATAH KULON'!Y64+'PARIJATAH WETAN'!AC64+REJOAGUNG!AF64+SUKOMAJU!AC64+SUKONATAR!T64+SUMBERSARI!AH64+WONOSOBO!AS64 -> 78
C65: 8. YOVI ADHITYA WARDANI | E65: =BAGOREJO!AM65+KEBAMAN!AW65+KEPUNDUNGAN!W65+'PARIJATAH KULON'!Y65+'PARIJATAH WETAN'!AC65+REJOAGUNG!AF65+SUKOMAJU!AC65+SUKONATAR!T65+SUMBERSARI!AH65+WONOSOBO!AS65 -> 61
C66: 9. RITA AMELIA | E66: =BAGOREJO!AM66+KEBAMAN!AW66+KEPUNDUNGAN!W66+'PARIJATAH KULON'!Y66+'PARIJATAH WETAN'!AC66+REJOAGUNG!AF66+SUKOMAJU!AC66+SUKONATAR!T66+SUMBERSARI!AH66+WONOSOBO!AS66 -> 140
A67: B | B67: JUMLAH SUARA SAH PARTAI POLITIK DAN CALON (A1 + A2) | E67: =SUM(E57:E66) -> 12390
A69: A.1 | B69: 3. | C69: Partai Demokrasi Indonesia Perjuangan | E69: =BAGOREJO!AM69+KEBAMAN!AW69+KEPUNDUNGAN!W69+'PARIJATAH KULON'!Y69+'PARIJATAH WETAN'!AC69+REJOAGUNG!AF69+SUKOMAJU!AC69+SUKONATAR!T69+SUMBERSARI!AH69+WONOSOBO!AS69 -> 2762
A70: A.2 | C70: 1. MARTIN H., S.H., M.H. | E70: =BAGOREJO!AM70+KEBAMAN!AW70+KEPUNDUNGAN!W70+'PARIJATAH KULON'!Y70+'PARIJATAH WETAN'!AC70+REJOAGUNG!AF70+SUKOMAJU!AC70+SUKONATAR!T70+SUMBERSARI!AH70+WONOSOBO!AS70 -> 1505
C71: 2. HERMANTO, S.E. | E71: =BAGOREJO!AM71+KEBAMAN!AW71+KEPUNDUNGAN!W71+'PARIJATAH KULON'!Y71+'PARIJATAH WETAN'!AC71+REJOAGUNG!AF71+SUKOMAJU!AC71+SUKONATAR!T71+SUMBERSARI!AH71+WONOSOBO!AS71 -> 1814
C72: 3. EVY SUSILAWATI, S.E., M.M. | E72: =BAGOREJO!AM72+KEBAMAN!AW72+KEPUNDUNGAN!W72+'PARIJATAH KULON'!Y72+'PARIJATAH WETAN'!AC72+REJOAGUNG!AF72+SUKOMAJU!AC72+SUKONATAR!T72+SUMBERSARI!AH72+WONOSOBO!AS72 -> 1126
C73: 4. M. SIROTTUDIN | E73: =BAGOREJO!AM73+KEBAMAN!AW73+KEPUNDUNGAN!W73+'PARIJATAH KULON'!Y73+'PARIJATAH WETAN'!AC73+REJOAGUNG!AF73+SUKOMAJU!AC73+SUKONATAR!T73+SUMBERSARI!AH73+WONOSOBO!AS73 -> 519
C74: 5. ABDUL HAFID, S.H. | E74: =BAGOREJO!AM74+KEBAMAN!AW74+KEPUNDUNGAN!W74+'PARIJATAH KULON'!Y74+'PARIJATAH WETAN'!AC74+REJOAGUNG!AF74+SUKOMAJU!AC74+SUKONATAR!T74+SUMBERSARI!AH74+WONOSOBO!AS74 -> 275
C75: 6. NIKITA FORTUNA SURYANINGATI, A.Md.Keb. | E75: =BAGOREJO!AM75+KEBAMAN!AW75+KEPUNDUNGAN!W75+'PARIJATAH KULON'!Y75+'PARIJATAH WETAN'!AC75+REJOAGUNG!AF75+SUKOMAJU!AC75+SUKONATAR!T75+SUMBERSARI!AH75+WONOSOBO!AS75 -> 287
C76: 7. YUDHO ILHAM WIJAYA, S.E. | E76: =BAGOREJO!AM76+KEBAMAN!AW76+KEPUNDUNGAN!W76+'PARIJATAH KULON'!Y76+'PARIJATAH WETAN'!AC76+REJOAGUNG!AF76+SUKOMAJU!AC76+SUKONATAR!T76+SUMBERSARI!AH76+WONOSOBO!AS76 -> 98
C77: 8. SETIAWATI, S.H. | E77: =BAGOREJO!AM77+KEBAMAN!AW77+KEPUNDUNGAN!W77+'PARIJATAH KULON'!Y77+'PARIJATAH WETAN'!AC77+REJOAGUNG!AF77+SUKOMAJU!AC77+SUKONATAR!T77+SUMBERSARI!AH77+WONOSOBO!AS77 -> 129
C78: 9. EKO BUDI SANTOSO, S.H. | E78: =BAGOREJO!AM78+KEBAMAN!AW78+KEPUNDUNGAN!W78+'PARIJATAH KULON'!Y78+'PARIJATAH WETAN'!AC78+REJOAGUNG!AF78+SUKOMAJU!AC78+SUKONATAR!T78+SUMBERSARI!AH78+WONOSOBO!AS78 -> 125
A79: B | B79: JUMLAH SUARA SAH PARTAI POLITIK DAN CALON (A1 + A2) | E79: =SUM(E69:E78) -> 8640
A81: A.1 | B81: 4. | C81: Partai Golongan Karya | E81: =BAGOREJO!AM81+KEBAMAN!AW81+KEPUNDUNGAN!W81+'PARIJATAH KULON'!Y81+'PARIJATAH WETAN'!AC81+REJOAGUNG!AF81+SUKOMAJU!AC81+SUKONATAR!T81+SUMBERSARI!AH81+WONOSOBO!AS81 -> 1108
A82: A.2 | C82: 1. PRANAYA YUDHA MAHARDHIKA | E82: =BAGOREJO!AM82+KEBAMAN!AW82+KEPUNDUNGAN!W82+'PARIJATAH KULON'!Y82+'PARIJATAH WETAN'!AC82+REJOAGUNG!AF82+SUKOMAJU!AC82+SUKONATAR!T82+SUMBERSARI!AH82+WONOSOBO!AS82 -> 2219
C83: 2. Dra. Ec. ENDANG SULASTUTY, M.I.P. | E83: =BAGOREJO!AM83+KEBAMAN!AW83+KEPUNDUNGAN!W83+'PARIJATAH KULON'!Y83+'PARIJATAH WETAN'!AC83+REJOAGUNG!AF83+SUKOMAJU!AC83+SUKONATAR!T83+SUMBERSARI!AH83+WONOSOBO!AS83 -> 340
C84: 3. AGUS REJEKI WARTONO | E84: =BAGOREJO!AM84+KEBAMAN!AW84+KEPUNDUNGAN!W84+'PARIJATAH KULON'!Y84+'PARIJATAH WETAN'!AC84+REJOAGUNG!AF84+SUKOMAJU!AC84+SUKONATAR!T84+SUMBERSARI!AH84+WONOSOBO!AS84 -> 155
C85: 4. Hj. TUTUK ASMA'A ZUCHROH, S.T., M.T. | E85: =BAGOREJO!AM85+KEBAMAN!AW85+KEPUNDUNGAN!W85+'PARIJATAH KULON'!Y85+'PARIJATAH WETAN'!AC85+REJOAGUNG!AF85+SUKOMAJU!AC85+SUKONATAR!T85+SUMBERSARI!AH85+WONOSOBO!AS85 -> 237
C86: 5. ADE M. RIZKI, S.E. | E86: =BAGOREJO!AM86+KEBAMAN!AW86+KEPUNDUNGAN!W86+'PARIJATAH KULON'!Y86+'PARIJATAH WETAN'!AC86+REJOAGUNG!AF86+SUKOMAJU!AC86+SUKONATAR!T86+SUMBERSARI!AH86+WONOSOBO!AS86 -> 265
C87: 6. ABDURAKHMAN, Bc.Kn. | E87: =BAGOREJO!AM87+KEBAMAN!AW87+KEPUNDUNGAN!W87+'PARIJATAH KULON'!Y87+'PARIJATAH WETAN'!AC87+REJOAGUNG!AF87+SUKOMAJU!AC87+SUKONATAR!T87+SUMBERSARI!AH87+WONOSOBO!AS87 -> 78
C88: 7. CENDY RHIYAN ADI PUTRI | E88: =BAGOREJO!AM88+KEBAMAN!AW88+KEPUNDUNGAN!W88+'PARIJATAH KULON'!Y88+'PARIJATAH WETAN'!AC88+REJOAGUNG!AF88+SUKOMAJU!AC88+SUKONATAR!T88+SUMBERSARI!AH88+WONOSOBO!AS88 -> 31
C89: 8. BAKTI WIJAYANTO, S.E. | E89: =BAGOREJO!AM89+KEBAMAN!AW89+KEPUNDUNGAN!W89+'PARIJATAH KULON'!Y89+'PARIJATAH WETAN'!AC89+REJOAGUNG!AF89+SUKOMAJU!AC89+SUKONATAR!T89+SUMBERSARI!AH89+WONOSOBO!AS89 -> 17
C90: 9. AHMAD UBAIDILLAH | E90: =BAGOREJO!AM90+KEBAMAN!AW90+KEPUNDUNGAN!W90+'PARIJATAH KULON'!Y90+'PARIJATAH WETAN'!AC90+REJOAGUNG!AF90+SUKOMAJU!AC90+SUKONATAR!T90+SUMBERSARI!AH90+WONOSOBO!AS90 -> 56
A91: B | B91: JUMLAH SUARA SAH PARTAI POLITIK DAN CALON (A1 + A2) | E91: =SUM(E81:E90) -> 4506
A93: A.1 | B93: 5. | C93: Partai NasDem | E93: =BAGOREJO!AM93+KEBAMAN!AW93+KEPUNDUNGAN!W93+'PARIJATAH KULON'!Y93+'PARIJATAH WETAN'!AC93+REJOAGUNG!AF93+SUKOMAJU!AC93+SUKONATAR!T93+SUMBERSARI!AH93+WONOSOBO!AS93 -> 739
A94: A.2 | C94: 1. ALI MUSTOFA, A.Md. | E94: =BAGOREJO!AM94+KEBAMAN!AW94+KEPUNDUNGAN!W94+'PARIJATAH KULON'!Y94+'PARIJATAH WETAN'!AC94+REJOAGUNG!AF94+SUKOMAJU!AC94+SUKONATAR!T94+SUMBERSARI!AH94+WONOSOBO!AS94 -> 1671
C95: 2. Hj. BUAMI, S.H. | E95: =BAGOREJO!AM95+KEBAMAN!AW95+KEPUNDUNGAN!W95+'PARIJATAH KULON'!Y95+'PARIJATAH WETAN'!AC95+REJOAGUNG!AF95+SUKOMAJU!AC95+SUKONATAR!T95+SUMBERSARI!AH95+WONOSOBO!AS95 -> 193
C96: 3. SUGIONO, S.H. | E96: =BAGOREJO!AM96+KEBAMAN!AW96+KEPUNDUNGAN!W96+'PARIJATAH KULON'!Y96+'PARIJATAH WETAN'!AC96+REJOAGUNG!AF96+SUKOMAJU!AC96+SUKONATAR!T96+SUMBERSARI!AH96+WONOSOBO!AS96 -> 130
C97: 4. LULUK SUNARMIATININGSIH | E97: =BAGOREJO!AM97+KEBAMAN!AW97+KEPUNDUNGAN!W97+'PARIJATAH KULON'!Y97+'PARIJATAH WETAN'!AC97+REJOAGUNG!AF97+SUKOMAJU!AC97+SUKONATAR!T97+SUMBERSARI!AH97+WONOSOBO!AS97 -> 105
C98: 5. ANTON DJULIANTO ADI | E98: =BAGOREJO!AM98+KEBAMAN!AW98+KEPUNDUNGAN!W98+'PARIJATAH KULON'!Y98+'PARIJATAH WETAN'!AC98+REJOAGUNG!AF98+SUKOMAJU!AC98+SUKONATAR!T98+SUMBERSARI!AH98+WONOSOBO!AS98 -> 66
C99: 6. MOKHAMAD ROFI'I KHUSNAN | E99: =BAGOREJO!AM99+KEBAMAN!AW99+KEPUNDUNGAN!W99+'PARIJATAH KULON'!Y99+'PARIJATAH WETAN'!AC99+REJOAGUNG!AF99+SUKOMAJU!AC99+SUKONATAR!T99+SUMBERSARI!AH99+WONOSOBO!AS99 -> 24
C100: 7. Rr SETYO WATI | E100: =BAGOREJO!AM100+KEBAMAN!AW100+KEPUNDUNGAN!W100+'PARIJATAH KULON'!Y100+'PARIJATAH WETAN'!AC100+REJOAGUNG!AF100+SUKOMAJU!AC100+SUKONATAR!T100+SUMBERSARI!AH100+WONOSOBO!AS100 -> 12
C101: 8. ABD. KADIR ASSEGAFF | E101: =BAGOREJO!AM101+KEBAMAN!AW101+KEPUNDUNGAN!W101+'PARIJATAH KULON'!Y101+'PARIJATAH WETAN'!AC101+REJOAGUNG!AF101+SUKOMAJU!AC101+SUKONATAR!T101+SUMBERSARI!AH101+WONOSOBO!AS101 -> 12
C102: 9. FATHOR ZAINULLAH | E102: =BAGOREJO!AM102+KEBAMAN!AW102+KEPUNDUNGAN!W102+'PARIJATAH KULON'!Y102+'PARIJATAH WETAN'!AC102+REJOAGUNG!AF102+SUKOMAJU!AC102+SUKONATAR!T102+SUMBERSARI!AH102+WONOSOBO!AS102 -> 12
A103: B | B103: JUMLAH SUARA SAH PARTAI POLITIK DAN CALON (A1 + A2) | E103: =SUM(E93:E102) -> 2964
A105: A.1 | B105: 6. | C105: Partai Buruh | E105: =BAGOREJO!AM105+KEBAMAN!AW105+KEPUNDUNGAN!W105+'PARIJATAH KULON'!Y105+'PARIJATAH WETAN'!AC105+REJOAGUNG!AF105+SUKOMAJU!AC105+SUKONATAR!T105+SUMBERSARI!AH105+WONOSOBO!AS105 -> 139
A106: A.2 | C106: 1. AGUS SUPRIYADI | E106: =BAGOREJO!AM106+KEBAMAN!AW106+KEPUNDUNGAN!W106+'PARIJATAH KULON'!Y106+'PARIJATAH WETAN'!AC106+REJOAGUNG!AF106+SUKOMAJU!AC106+SUKONATAR!T106+SUMBERSARI!AH106+WONOSOBO!AS106 -> 81
C107: 2. ENI HARIATI | E107: =BAGOREJO!AM107+KEBAMAN!AW107+KEPUNDUNGAN!W107+'PARIJATAH KULON'!Y107+'PARIJATAH WETAN'!AC107+REJOAGUNG!AF107+SUKOMAJU!AC107+SUKONATAR!T107+SUMBERSARI!AH107+WONOSOBO!AS107 -> 44
A115: B | B115: JUMLAH SUARA SAH PARTAI POLITIK DAN CALON (A1 + A2) | E115: =SUM(E105:E114) -> 264
A117: A.1 | B117: 7. | C117: Partai Gelombang Rakyat Indonesia | E117: =BAGOREJO!AM117+KEBAMAN!AW117+KEPUNDUNGAN!W117+'PARIJATAH KULON'!Y117+'PARIJATAH WETAN'!AC117+REJOAGUNG!AF117+SUKOMAJU!AC117+SUKONATAR!T117+SUMBERSARI!AH117+WONOSOBO!AS117 -> 169
A118: A.2 | C118: 1. MIRZA MUHROSNI AROMA | E118: =BAGOREJO!AM118+KEBAMAN!AW118+KEPUNDUNGAN!W118+'PARIJATAH KULON'!Y118+'PARIJATAH WETAN'!AC118+REJOAGUNG!AF118+SUKOMAJU!AC118+SUKONATAR!T118+SUMBERSARI!AH118+WONOSOBO!AS118 -> 115
C119: 2. ACHMAD BAGUS SUGIARTO | E119: =BAGOREJO!AM119+KEBAMAN!AW119+KEPUNDUNGAN!W119+'PARIJATAH KULON'!Y119+'PARIJATAH WETAN'!AC119+REJOAGUNG!AF119+SUKOMAJU!AC119+SUKONATAR!T119+SUMBERSARI!AH119+WONOSOBO!AS119 -> 49
C120: 3. ELOK FITRIYA NINGSIH | E120: =BAGOREJO!AM120+KEBAMAN!AW120+KEPUNDUNGAN!W120+'PARIJATAH KULON'!Y120+'PARIJATAH WETAN'!AC120+REJOAGUNG!AF120+SUKOMAJU!AC120+SUKONATAR!T120+SUMBERSARI!AH120+WONOSOBO!AS120 -> 34
C121: 4. MADI | E121: =BAGOREJO!AM121+KEBAMAN!AW121+KEPUNDUNGAN!W121+'PARIJATAH KULON'!Y121+'PARIJATAH WETAN'!AC121+REJOAGUNG!AF121+SUKOMAJU!AC121+SUKONATAR!T121+SUMBERSARI!AH121+WONOSOBO!AS121 -> 11
C122: 5. LUKY PERMANASARI | E122: =BAGOREJO!AM122+KEBAMAN!AW122+KEPUNDUNGAN!W122+'PARIJATAH KULON'!Y122+'PARIJATAH WETAN'!AC122+REJOAGUNG!AF122+SUKOMAJU!AC122+SUKONATAR!T122+SUMBERSARI!AH122+WONOSOBO!AS122 -> 11
A127: B | B127: JUMLAH SUARA SAH PARTAI POLITIK DAN CALON (A1 + A2) | E127: =SUM(E117:E126) -> 389
A129: A.1 | B129: 8. | C129: Partai Keadilan Sejahtera | E129: =BAGOREJO!AM129+KEBAMAN!AW129+KEPUNDUNGAN!W129+'PARIJATAH KULON'!Y129+'PARIJATAH WETAN'!AC129+REJOAGUNG!AF129+SUKOMAJU!AC129+SUKONATAR!T129+SUMBERSARI!AH129+WONOSOBO!AS129 -> 176
A130: A.2 | C130: 1. H. IRWAN SETIAWAN | E130: =BAGOREJO!AM130+KEBAMAN!AW130+KEPUNDUNGAN!W130+'PARIJATAH KULON'!Y130+'PARIJATAH WETAN'!AC130+REJOAGUNG!AF130+SUKOMAJU!AC130+SUKONATAR!T130+SUMBERSARI!AH130+WONOSOBO!AS130 -> 339
...

Sheet BAGOREJO
C2: Kecamatan | D2: SRONO
C3: Kabupaten | D3: BANYUWANGI
C4: Provinsi | D4: JAWA TIMUR
C9: Kelurahan | D9: BAGOREJO
A12: I | B12: DATA PEMILIH DAN PENGGUNAAN HAK PILIH | AM12: JUMLAH AKHIR
A13: A | B13: DATA PEMILIH | E13: TPS 001 | F13: TPS 002 | G13: TPS 003 | H13: TPS 004 | I13: TPS 005 | J13: TPS 006 | K13: TPS 007 | L13: TPS 008 | M13: TPS 009 | N13: TPS 010 | O13: TPS 011 | P13: TPS 012 | Q13: TPS 013 | R13: TPS 014 | S13: TPS 015 | T13: TPS 016 | U13: TPS 017 | V13: TPS 018 | W13: TPS 019 | X13: TPS 020 | Y13: TPS 021 | Z13: TPS 022 | AA13: TPS 023 | AB13: TPS 024 | AC13: TPS 025 | AD13: TPS 026 | AE13: TPS 027 | AF13: TPS 028 | AG13: TPS 029 | AH13: TPS 030 | AI13: TPS 031 | AJ13: TPS 032 | AK13: TPS 033 | AL13: TPS 034
B14: Jumlah Pemilih dalam Daftar Pemilih Tetap (DPT) | D14: LK | E14: 156 | F14: 142 | G14: 136 | H14: 143 | I14: 141 | J14: 140 | K14: 150 | L14: 142 | M14: 134 | N14: 148 | O14: 150 | P14: 132 | Q14: 132 | R14: 141 | S14: 148 | T14: 144 | U14: 148 | V14: 141 | W14: 144 | X14: 137 | Y14: 153 | Z14: 149 | AA14: 139 | AB14: 127 | AC14: 138 | AD14: 133 | AE14: 137 | AF14: 142 | AG14: 149 | AH14: 142 | AI14: 153 | AJ14: 134 | AK14: 142 | AL14: 125 | AM14: =SUM(E14:AL14) -> 4812
D15: PR | E15: 132 | F15: 147 | G15: 147 | H15: 138 | I15: 140 | J15: 139 | K15: 142 | L15: 143 | M15: 149 | N15: 139 | O15: 130 | P15: 147 | Q15: 140 | R15: 143 | S15: 137 | T15: 144 | U15: 137 | V15: 150 | W15: 144 | X15: 138 | Y15: 129 | Z15: 132 | AA15: 145 | AB15: 149 | AC15: 149 | AD15: 153 | AE15: 147 | AF15: 146 | AG15: 146 | AH15: 140 | AI15: 130 | AJ15: 142 | AK15: 133 | AL15: 145 | AM15: =SUM(E15:AL15) -> 4812
D16: JML | E16: =SUM(E14:E15) -> 288 | F16: =SUM(F14:F15) -> 289 | G16: =SUM(G14:G15) -> 283 | H16: =SUM(H14:H15) -> 281 | I16: =SUM(I14:I15) -> 281 | J16: =SUM(J14:J15) -> 279 | K16: =SUM(K14:K15) -> 292 | L16: =SUM(L14:L15) -> 285 | ... AL16: =SUM(AL14:AL15) -> 270 | AM16: =SUM(E16:AL16) -> 9624
A18: B | B18: PENGGUNA HAK PILIH
B19: 1. | C19: Jumlah pengguna hak pilih dalam Daftar Pemilih Tetap (DPT) | D19: LK | E19: 103 | F19: 94 | G19: 98 | H19: 91 | I19: 102 | J19: 101 | K19: 90 | L19: 90 | M19: 98 | N19: 106 | O19: 109 | P19: 90 | Q19: 93 | R19: 100 | S19: 102 | T19: 104 | U19: 108 | V19: 107 | W19: 99 | X19: 114 | Y19: 113 | Z19: 120 | AA19: 115 | AB19: 87 | AC19: 100 | AD19: 102 | AE19: 108 | AF19: 103 | AG19: 110 | AH19: 98 | AI19: 109 | AJ19: 93 | AK19: 101 | AL19: 97 | AM19: =SUM(E19:AL19) -> 3455
D20: PR | E20: 103 | F20: 113 | G20: 119 | H20: 93 | I20: 111 | J20: 114 | K20: 109 | L20: 120 | M20: 129 | N20: 111 | O20: 107 | P20: 112 | Q20: 101 | R20: 112 | S20: 103 | T20: 120 | U20: 101 | V20: 120 | W20: 115 | X20: 109 | Y20: 102 | Z20: 117 | AA20: 108 | AB20: 111 | AC20: 114 | AD20: 122 | AE20: 126 | AF20: 114 | AG20: 115 | AH20: 108 | AI20: 103 | AJ20: 109 | AK20: 102 | AL20: 102 | AM20: =SUM(E20:AL20) -> 3775
D21: JML | E21: =SUM(E19:E20) -> 206 | F21: =SUM(F19:F20) -> 207 | G21: =SUM(G19:G20) -> 217 | H21: =SUM(H19:H20) -> 184 | I21: =SUM(I19:I20) -> 213 | J21: =SUM(J19:J20) -> 215 | K21: =SUM(K19:K20) -> 199 | L21: =SUM(L19:L20) -> 210 | ... AL21: =SUM(AL19:AL20) -> 199 | AM21: =SUM(E21:AL21) -> 7230
B22: 2. | C22: Jumlah pengguna hak pilih dalam Daftar Pemilih Tambahan (DPTb) | D22: LK | E22: 0 | F22: 0 | G22: 0 | H22: 0 | I22: 0 | J22: 1 | K22: 0 | L22: 0 | M22: 0 | N22: 1 | O22: 0 | P22: 0 | Q22: 0 | R22: 0 | S22: 0 | T22: 0 | U22: 0 | V22: 0 | W22: 0 | X22: 0 | Y22: 0 | Z22: 0 | AA22: 0 | AB22: 0 | AC22: 0 | AD22: 0 | AE22: 0 | AF22: 0 | AG22: 0 | AH22: 0 | AI22: 0 | AJ22: 0 | AK22: 0 | AL22: 0 | AM22: =SUM(E22:AL22) -> 2
D23: PR | E23: 0 | F23: 0 | G23: 0 | H23: 0 | I23: 1 | J23: 2 | K23: 0 | L23: 0 | M23: 0 | N23: 0 | O23: 0 | P23: 0 | Q23: 0 | R23: 0 | S23: 0 | T23: 0 | U23: 0 | V23: 0 | W23: 0 | X23: 0 | Y23: 0 | Z23: 0 | AA23: 0 | AB23: 0 | AC23: 0 | AD23: 0 | AE23: 0 | AF23: 0 | AG23: 0 | AH23: 0 | AI23: 0 | AJ23: 0 | AK23: 0 | AL23: 0 | AM23: =SUM(E23:AL23) -> 3
D24: JML | E24: =SUM(E22:E23) -> 0 | F24: =SUM(F22:F23) -> 0 | G24: =SUM(G22:G23) -> 0 | H24: =SUM(H22:H23) -> 0 | I24: =SUM(I22:I23) -> 1 | J24: =SUM(J22:J23) -> 3 | K24: =SUM(K22:K23) -> 0 | L24: =SUM(L22:L23) -> 0 | ... AL24: =SUM(AL22:AL23) -> 0 | AM24: =SUM(E24:AL24) -> 5
B25: 3. | C25: Jumlah pengguna hak pilih dalam Daftar Pemilih Khusus (DPK) | D25: LK | E25: 1 | F25: 4 | G25: 1 | H25: 0 | I25: 1 | J25: 4 | K25: 3 | L25: 1 | M25: 1 | N25: 1 | O25: 0 | P25: 1 | Q25: 1 | R25: 1 | S25: 3 | T25: 1 | U25: 1 | V25: 3 | W25: 0 | X25: 2 | Y25: 4 | Z25: 0 | AA25: 0 | AB25: 2 | AC25: 2 | AD25: 0 | AE25: 1 | AF25: 0 | AG25: 0 | AH25: 1 | AI25: 0 | AJ25: 0 | AK25: 0 | AL25: 0 | AM25: =SUM(E25:AL25) -> 40
D26: PR | E26: 1 | F26: 6 | G26: 1 | H26: 0 | I26: 3 | J26: 0 | K26: 3 | L26: 0 | M26: 1 | N26: 1 | O26: 2 | P26: 2 | Q26: 2 | R26: 1 | S26: 5 | T26: 2 | U26: 2 | V26: 2 | W26: 1 | X26: 3 | Y26: 3 | Z26: 2 | AA26: 2 | AB26: 5 | AC26: 1 | AD26: 0 | AE26: 1 | AF26: 0 | AG26: 1 | AH26: 2 | AI26: 2 | AJ26: 0 | AK26: 0 | AL26: 1 | AM26: =SUM(E26:AL26) -> 58
D27: JML | E27: =SUM(E25:E26) -> 2 | F27: =SUM(F25:F26) -> 10 | G27: =SUM(G25:G26) -> 2 | H27: =SUM(H25:H26) -> 0 | I27: =SUM(I25:I26) -> 4 | J27: =SUM(J25:J26) -> 4 | K27: =SUM(K25:K26) -> 6 | L27: =SUM(L25:L26) -> 1 | ... AL27: =SUM(AL25:AL26) -> 1 | AM27: =SUM(E27:AL27) -> 98
B28: 4. | C28: Jumlah Pengguna Hak Pilih (B.1+B.2+B.3) | D28: LK | E28: =SUM(E19,E22,E25) -> 104 | F28: =SUM(F19,F22,F25) -> 98 | G28: =SUM(G19,G22,G25) -> 99 | H28: =SUM(H19,H22,H25) -> 91 | I28: =SUM(I19,I22,I25) -> 103 | J28: =SUM(J19,J22,J25) -> 106 | K28: =SUM(K19,K22,K25) -> 93 | L28: =SUM(L19,L22,L25) -> 91 | ... AL28: =SUM(AL19,AL22,AL25) -> 97 | AM28: =SUM(E28:AL28) -> 3497
D29: PR | E29: =SUM(E20,E23,E26) -> 104 | F29: =SUM(F20,F23,F26) -> 119 | G29: =SUM(G20,G23,G26) -> 120 | H29: =SUM(H20,H23,H26) -> 93 | I29: =SUM(I20,I23,I26) -> 115 | J29: =SUM(J20,J23,J26) -> 116 | K29: =SUM(K20,K23,K26) -> 112 | L29: =SUM(L20,L23,L26) -> 120 | ... AL29: =SUM(AL20,AL23,AL26) -> 103 | AM29: =SUM(E29:AL29) -> 3836
D30: JML | E30: =SUM(E28:E29) -> 208 | F30: =SUM(F28:F29) -> 217 | G30: =SUM(G28:G29) -> 219 | H30: =SUM(H28:H29) -> 184 | I30: =SUM(I28:I29) -> 218 | J30: =SUM(J28:J29) -> 222 | K30: =SUM(K28:K29) -> 205 | L30: =SUM(L28:L29) -> 211 | ... AL30: =SUM(AL28:AL29) -> 200 | AM30: =SUM(E30:AL30) -> 7333
A32: II | B32: DATA PENGGUNAAN SURAT SUARA
A33: 1 | B33: Jumlah surat suara yang diterima, termasuk surat suara cadangan 2,5% dari DPT | E33: 294 | F33: 295 | G33: 289 | H33: 288 | I33: 290 | J33: 285 | K33: 297 | L33: 291 | M33: 289 | N33: 293 | O33: 286 | P33: 285 | Q33: 278 | R33: 290 | S33: 291 | T33: 288 | U33: 291 | V33: 295 | W33: 294 | X33: 282 | Y33: 288 | Z33: 287 | AA33: 291 | AB33: 281 | AC33: 293 | AD33: 292 | AE33: 290 | AF33: 294 | AG33: 301 | AH33: 288 | AI33: 282 | AJ33: 282 | AK33: 282 | AL33: 276 | AM33: =SUM(E33:AL33) -> 9818
A34: 2 | B34: Jumlah surat suara yang digunakan | E34: 208 | F34: 217 | G34: 219 | H34: 184 | I34: 218 | J34: 222 | K34: 205 | L34: 211 | M34: 229 | N34: 220 | O34: 218 | P34: 205 | Q34: 197 | R34: 214 | S34: 213 | T34: 227 | U34: 212 | V34: 232 | W34: 215 | X34: 228 | Y34: 222 | Z34: 239 | AA34: 225 | AB34: 205 | AC34: 217 | AD34: 224 | AE34: 236 | AF34: 217 | AG34: 226 | AH34: 209 | AI34: 214 | AJ34: 202 | AK34: 203 | AL34: 200 | AM34: =SUM(E34:AL34) -> 7333
A35: 3 | B35: Jumlah surat suara dikembalikan oleh pemilih (karena rusak atau keliru coblos) | E35: 0 | F35: 0 | G35: 0 | H35: 0 | I35: 2 | J35: 1 | K35: 0 | L35: 0 | M35: 1 | N35: 0 | O35: 0 | P35: 0 | Q35: 0 | R35: 0 | S35: 0 | T35: 0 | U35: 0 | V35: 0 | W35: 0 | X35: 0 | Y35: 0 | Z35: 0 | AA35: 0 | AB35: 0 | AC35: 0 | AD35: 1 | AE35: 0 | AF35: 0 | AG35: 1 | AH35: 0 | AI35: 0 | AJ35: 0 | AK35: 1 | AL35: 0 | AM35: =SUM(E35:AL35) -> 7
A36: 4 | B36: Jumlah surat suara yang tidak digunakan/tidak terpakai, termasuk sisa surat suara cadangan | E36: =E33-(E34+E35) -> 86 | F36: =F33-(F34+F35) -> 78 | G36: =G33-(G34+G35) -> 70 | H36: =H33-(H34+H35) -> 104 | I36: =I33-(I34+I35) -> 70 | J36: =J33-(J34+J35) -> 62 | K36: =K33-(K34+K35) -> 92 | L36: =L33-(L34+L35) -> 80 | ... AL36: =AL33-(AL34+AL35) -> 76 | AM36: =SUM(E36:AL36) -> 2478
A38: III | B38: DATA PEMILIH DISABILITAS
B39: Jumlah seluruh Pemilih disabilitas yang menggunakan hak pilih | D39: LK | AM39: =SUM(E39:AL39) -> 0
D40: PR | AM40: =SUM(E40:AL40) -> 0
D41: JML | E41: =SUM(E39:E40) -> 0 | F41: =SUM(F39:F40) -> 0 | G41: =SUM(G39:G40) -> 0 | H41: =SUM(H39:H40) -> 0 | I41: =SUM(I39:I40) -> 0 | J41: =SUM(J39:J40) -> 0 | K41: =SUM(K39:K40) -> 0 | L41: =SUM(L39:L40) -> 0 | ... AL41: =SUM(AL39:AL40) -> 0 | AM41: =SUM(E41:AL41) -> 0
A43: IV | B43: DATA RINCIAN PEROLEHAN SUARA PASANGAN CALON BUPATI DAN WAKIL BUPATI
A44: NOMOR DAN NAMA CALON
A45: A.1 | B45: 1. | C45: Partai Kebangkitan Bangsa | E45: 17 | F45: 4 | G45: 26 | H45: 11 | I45: 10 | J45: 33 | K45: 9 | L45: 2 | M45: 12 | N45: 17 | O45: 23 | P45: 12 | Q45: 9 | R45: 10 | S45: 11 | T45: 10 | U45: 9 | V45: 8 | W45: 20 | X45: 8 | Y45: 5 | Z45: 11 | AA45: 11 | AB45: 3 | AC45: 8 | AD45: 9 | AE45: 16 | AF45: 18 | AG45: 22 | AH45: 14 | AI45: 3 | AJ45: 12 | AK45: 14 | AL45: 4 | AM45: =SUM(E45:AL45) -> 411
A46: A.2 | C46: 1. Dra. Hj. MA`MULAH HARUN, M.Pd.I. | E46: 27 | F46: 18 | G46: 17 | H46: 18 | I46: 9 | J46: 36 | K46: 13 | L46: 14 | M46: 10 | N46: 38 | O46: 31 | P46: 11 | Q46: 12 | R46: 16 | S46: 11 | T46: 13 | U46: 9 | V46: 14 | W46: 10 | X46: 8 | Y46: 5 | Z46: 10 | AA46: 10 | AB46: 5 | AC46: 8 | AD46: 13 | AE46: 12 | AF46: 26 | AG46: 18 | AH46: 5 | AI46: 1 | AJ46: 5 | AK46: 10 | AL46: 2 | AM46: =SUM(E46:AL46) -> 465
C47: 2. UBAIDILLAH, S.Fil.I. | E47: 2 | F47: 3 | G47: 2 | H47: 1 | I47: 3 | J47: 5 | K47: 1 | L47: 6 | M47: 2 | N47: 4 | O47: 4 | P47: 7 | Q47: 1 | R47: 3 | S47: 2 | T47: 1 | U47: 2 | V47: 1 | W47: 2 | X47: 0 | Y47: 2 | Z47: 1 | AA47: 0 | AB47: 0 | AC47: 0 | AD47: 0 | AE47: 1 | AF47: 3 | AG47: 4 | AH47: 2 | AI47: 2 | AJ47: 0 | AK47: 1 | AL47: 1 | AM47: =SUM(E47:AL47) -> 69
C48: 3. Ir. H. YOYOK MULYADI, M.Si. | E48: 0 | F48: 0 | G48: 1 | H48: 1 | I48: 0 | J48: 1 | K48: 1 | L48: 1 | M48: 0 | N48: 1 | O48: 1 | P48: 0 | Q48: 0 | R48: 0 | S48: 0 | T48: 1 | U48: 2 | V48: 1 | W48: 0 | X48: 1 | Y48: 0 | Z48: 0 | AA48: 0 | AB48: 0 | AC48: 0 | AD48: 0 | AE48: 1 | AF48: 1 | AG48: 2 | AH48: 1 | AI48: 0 | AJ48: 2 | AK48: 0 | AL48: 0 | AM48: =SUM(E48:AL48) -> 19
C49: 4. KHOIRUL ANWAR, S.Fil.I. | E49: 3 | F49: 1 | G49: 1 | H49: 0 | I49: 4 | J49: 3 | K49: 2 | L49: 0 | M49: 3 | N49: 1 | O49: 2 | P49: 1 | Q49: 0 | R49: 2 | S49: 2 | T49: 2 | U49: 3 | V49: 3 | W49: 3 | X49: 0 | Y49: 0 | Z49: 0 | AA49: 1 | AB49: 1 | AC49: 0 | AD49: 1 | AE49: 1 | AF49: 0 | AG49: 2 | AH49: 2 | AI49: 0 | AJ49: 1 | AK49: 1 | AL49: 1 | AM49: =SUM(E49:AL49) -> 47
C50: 5. ARIF WIJAKSANA | E50: 0 | F50: 1 | G50: 1 | H50: 0 | I50: 0 | J50: 1 | K50: 1 | L50: 0 | M50: 1 | N50: 4 | O50: 4 | P50: 7 | Q50: 0 | R50: 0 | S50: 0 | T50: 0 | U50: 3 | V50: 0 | W50: 1 | X50: 0 | Y50: 0 | Z50: 2 | AA50: 1 | AB50: 1 | AC50: 0 | AD50: 0 | AE50: 0 | AF50: 1 | AG50: 3 | AH50: 0 | AI50: 0 | AJ50: 0 | AK50: 0 | AL50: 1 | AM50: =SUM(E50:AL50) -> 33
C51: 6. Dr. SITI YUMNAH | E51: 0 | F51: 0 | G51: 0 | H51: 0 | I51: 0 | J51: 2 | K51: 0 | L51: 0 | M51: 0 | N51: 0 | O51: 0 | P51: 0 | Q51: 0 | R51: 0 | S51: 1 | T51: 0 | U51: 1 | V51: 0 | W51: 0 | X51: 0 | Y51: 1 | Z51: 0 | AA51: 0 | AB51: 0 | AC51: 0 | AD51: 0 | AE51: 0 | AF51: 0 | AG51: 0 | AH51: 0 | AI51: 0 | AJ51: 2 | AK51: 0 | AL51: 2 | AM51: =SUM(E51:AL51) -> 9
C52: 7. MOHAMMAD ZAINI, M.Pd.I. | E52: 0 | F52: 0 | G52: 1 | H52: 0 | I52: 0 | J52: 1 | K52: 0 | L52: 0 | M52: 0 | N52: 2 | O52: 1 | P52: 0 | Q52: 0 | R52: 0 | S52: 0 | T52: 0 | U52: 0 | V52: 1 | W52: 0 | X52: 1 | Y52: 1 | Z52: 2 | AA52: 0 | AB52: 1 | AC52: 1 | AD52: 0 | AE52: 0 | AF52: 1 | AG52: 0 | AH52: 0 | AI52: 0 | AJ52: 1 | AK52: 0 | AL52: 1 | AM52: =SUM(E52:AL52) -> 15
C53: 8. FAWAIDUL MAKKIYAH | E53: 0 | F53: 1 | G53: 1 | H53: 0 | I53: 0 | J53: 0 | K53: 0 | L53: 0 | M53: 0 | N53: 0 | O53: 0 | P53: 0 | Q53: 0 | R53: 0 | S53: 0 | T53: 0 | U53: 0 | V53: 1 | W53: 1 | X53: 0 | Y53: 0 | Z53: 0 | AA53: 0 | AB53: 0 | AC53: 0 | AD53: 0 | AE53: 1 | AF53: 0 | AG53: 0 | AH53: 0 | AI53: 0 | AJ53: 0 | AK53: 0 | AL53: 0 | AM53: =SUM(E53:AL53) -> 5
C54: 9. IFFAH HIDAYATUR ROHMAH, S.Sos. | E54: 2 | F54: 0 | G54: 0 | H54: 0 | I54: 0 | J54: 3 | K54: 0 | L54: 0 | M54: 0 | N54: 1 | O54: 2 | P54: 0 | Q54: 0 | R54: 0 | S54: 2 | T54: 1 | U54: 0 | V54: 1 | W54: 1 | X54: 0 | Y54: 0 | Z54: 0 | AA54: 0 | AB54: 1 | AC54: 0 | AD54: 0 | AE54: 0 | AF54: 1 | AG54: 1 | AH54: 0 | AI54: 0 | AJ54: 0 | AK54: 0 | AL54: 0 | AM54: =SUM(E54:AL54) -> 16
A55: B | B55: JUMLAH SUARA SAH PARTAI POLITIK DAN CALON (A1 + A2) | E55: =SUM(E45:E54) -> 51 | F55: =SUM(F45:F54) -> 28 | G55: =SUM(G45:G54) -> 50 | H55: =SUM(H45:H54) -> 31 | I55: =SUM(I45:I54) -> 26 | J55: =SUM(J45:J54) -> 85 | K55: =SUM(K45:K54) -> 27 | L55: =SUM(L45:L54) -> 23 | ... AM55: =SUM(AM45:AM54) -> 1089
A57: A.1 | B57: 2. | C57: Partai Gerakan Indonesia Raya | E57: 18 | F57: 11 | G57: 26 | H57: 13 | I57: 34 | J57: 10 | K57: 12 | L57: 8 | M57: 12 | N57: 14 | O57: 6 | P57: 9 | Q57: 12 | R57: 11 | S57: 14 | T57: 13 | U57: 10 | V57: 12 | W57: 10 | X57: 16 | Y57: 13 | Z57: 9 | AA57: 18 | AB57: 14 | AC57: 19 | AD57: 12 | AE57: 11 | AF57: 8 | AG57: 19 | AH57: 16 | AI57: 8 | AJ57: 13 | AK57: 12 | AL57: 13 | AM57: =SUM(E57:AL57) -> 456
A58: A.2 | C58: 1. AHMAD HADINUDDIN, S.Pd.I. | E58: 8 | F58: 16 | G58: 15 | H58: 7 | I58: 11 | J58: 26 | K58: 14 | L58: 5 | M58: 11 | N58: 16 | O58: 14 | P58: 9 | Q58: 14 | R58: 10 | S58: 7 | T58: 3 | U58: 13 | V58: 34 | W58: 12 | X58: 6 | Y58: 4 | Z58: 11 | AA58: 3 | AB58: 8 | AC58: 6 | AD58: 4 | AE58: 15 | AF58: 13 | AG58: 3 | AH58: 12 | AI58: 4 | AJ58: 6 | AK58: 7 | AL58: 5 | AM58: =SUM(E58:AL58) -> 352
C59: 2. BIMA RAFSANJANI RAFID | E59: 3 | F59: 13 | G59: 11 | H59: 9 | I59: 13 | J59: 3 | K59: 16 | L59: 17 | M59: 18 | N59: 9 | O59: 11 | P59: 14 | Q59: 10 | R59: 2 | S59: 9 | T59: 3 | U59: 5 | V59: 8 | W59: 3 | X59: 2 | Y59: 4 | Z59: 3 | AA59: 5 | AB59: 3 | AC59: 2 | AD59: 8 | AE59: 11 | AF59: 11 | AG59: 4 | AH59: 10 | AI59: 4 | AJ59: 8 | AK59: 10 | AL59: 5 | AM59: =SUM(E59:AL59) -> 267
C60: 3. IRA DAMAYANTI | E60: 2 | F60: 7 | G60: 3 | H60: 3 | I60: 1 | J60: 3 | K60: 1 | L60: 6 | M60: 0 | N60: 1 | O60: 2 | P60: 2 | Q60: 3 | R60: 5 | S60: 2 | T60: 1 | U60: 5 | V60: 1 | W60: 3 | X60: 1 | Y60: 1 | Z60: 3 | AA60: 2 | AB60: 5 | AC60: 2 | AD60: 1 | AE60: 1 | AF60: 3 | AG60: 0 | AH60: 2 | AI60: 5 | AJ60: 3 | AK60: 3 | AL60: 0 | AM60: =SUM(E60:AL60) -> 83
C61: 4. MAULANA MALIK IBRAHIM, S.H. | E61: 3 | F61: 7 | G61: 6 | H61: 1 | I61: 0 | J61: 1 | K61: 3 | L61: 8 | M61: 2 | N61: 5 | O61: 2 | P61: 5 | Q61: 1 | R61: 0 | S61: 2 | T61: 8 | U61: 3 | V61: 1 | W61: 2 | X61: 3 | Y61: 27 | Z61: 3 | AA61: 5 | AB61: 4 | AC61: 3 | AD61: 7 | AE61: 4 | AF61: 4 | AG61: 5 | AH61: 6 | AI61: 0 | AJ61: 5 | AK61: 2 | AL61: 6 | AM61: =SUM(E61:AL61) -> 144
C62: 5. LULUK ALFIATI | E62: 1 | F62: 0 | G62: 3 | H62: 1 | I62: 1 | J62: 1 | K62: 3 | L62: 2 | M62: 2 | N62: 0 | O62: 0 | P62: 4 | Q62: 0 | R62: 0 | S62: 3 | T62: 1 | U62: 2 | V62: 0 | W62: 0 | X62: 2 | Y62: 1 | Z62: 1 | AA62: 1 | AB62: 1 | AC62: 1 | AD62: 1 | AE62: 3 | AF62: 3 | AG62: 1 | AH62: 1 | AI62: 2 | AJ62: 1 | AK62: 1 | AL62: 1 | AM62: =SUM(E62:AL62) -> 45
C63: 6. ILHAM WAHYUDI, S.H. | E63: 1 | F63: 0 | G63: 0 | H63: 1 | I63: 0 | J63: 0 | K63: 1 | L63: 1 | M63: 0 | N63: 0 | O63: 0 | P63: 2 | Q63: 0 | R63: 0 | S63: 2 | T63: 2 | U63: 2 | V63: 0 | W63: 0 | X63: 0 | Y63: 1 | Z63: 1 | AA63: 1 | AB63: 0 | AC63: 0 | AD63: 0 | AE63: 0 | AF63: 0 | AG63: 1 | AH63: 1 | AI63: 0 | AJ63: 1 | AK63: 0 | AL63: 0 | AM63: =SUM(E63:AL63) -> 18
C64: 7. HAERUL ANWAR, S.Pd.I. | E64: 0 | F64: 1 | G64: 0 | H64: 0 | I64: 0 | J64: 0 | K64: 0 | L64: 0 | M64: 0 | N64: 0 | O64: 2 | P64: 0 | Q64: 1 | R64: 0 | S64: 0 | T64: 0 | U64: 0 | V64: 0 | W64: 0 | X64: 1 | Y64: 0 | Z64: 0 | AA64: 1 | AB64: 0 | AC64: 0 | AD64: 0 | AE64: 0 | AF64: 0 | AG64: 0 | AH64: 0 | AI64: 0 | AJ64: 1 | AK64: 0 | AL64: 0 | AM64: =SUM(E64:AL64) -> 7
C65: 8. YOVI ADHITYA WARDANI | E65: 0 | F65: 0 | G65: 0 | H65: 0 | I65: 0 | J65: 0 | K65: 1 | L65: 0 | M65: 0 | N65: 0 | O65: 0 | P65: 0 | Q65: 0 | R65: 0 | S65: 0 | T65: 0 | U65: 0 | V65: 0 | W65: 1 | X65: 0 | Y65: 0 | Z65: 1 | AA65: 0 | AB65: 0 | AC65: 0 | AD65: 0 | AE65: 0 | AF65: 0 | AG65: 0 | AH65: 0 | AI65: 0 | AJ65: 0 | AK65: 0 | AL65: 0 | AM65: =SUM(E65:AL65) -> 3
C66: 9. RITA AMELIA | E66: 0 | F66: 1 | G66: 0 | H66: 0 | I66: 1 | J66: 0 | K66: 0 | L66: 0 | M66: 2 | N66: 0 | O66: 1 | P66: 0 | Q66: 0 | R66: 1 | S66: 0 | T66: 0 | U66: 1 | V66: 1 | W66: 0 | X66: 0 | Y66: 1 | Z66: 0 | AA66: 0 | AB66: 2 | AC66: 0 | AD66: 1 | AE66: 0 | AF66: 0 | AG66: 1 | AH66: 0 | AI66: 0 | AJ66: 0 | AK66: 0 | AL66: 1 | AM66: =SUM(E66:AL66) -> 14
A67: B | B67: JUMLAH SUARA SAH PARTAI POLITIK DAN CALON (A1 + A2) | E67: =SUM(E57:E66) -> 36 | F67: =SUM(F57:F66) -> 56 | G67: =SUM(G57:G66) -> 64 | H67: =SUM(H57:H66) -> 35 | I67: =SUM(I57:I66) -> 61 | J67: =SUM(J57:J66) -> 44 | K67: =SUM(K57:K66) -> 51 | L67: =SUM(L57:L66) -> 47 | ... AM67: =SUM(AM57:AM66) -> 1389
A69: A.1 | B69: 3. | C69: Partai Demokrasi Indonesia Perjuangan | E69: 21 | F69: 6 | G69: 6 | H69: 4 | I69: 5 | J69: 6 | K69: 6 | L69: 11 | M69: 11 | N69: 14 | O69: 6 | P69: 19 | Q69: 20 | R69: 2 | S69: 14 | T69: 18 | U69: 7 | V69: 11 | W69: 9 | X69: 15 | Y69: 24 | Z69: 16 | AA69: 16 | AB69: 21 | AC69: 18 | AD69: 13 | AE69: 8 | AF69: 5 | AG69: 6 | AH69: 10 | AI69: 28 | AJ69: 9 | AK69: 16 | AL69: 24 | AM69: =SUM(E69:AL69) -> 425
A70: A.2 | C70: 1. MARTIN H., S.H., M.H. | E70: 3 | F70: 3 | G70: 5 | H70: 1 | I70: 6 | J70: 1 | K70: 2 | L70: 11 | M70: 7 | N70: 5 | O70: 7 | P70: 5 | Q70: 7 | R70: 3 | S70: 5 | T70: 1 | U70: 7 | V70: 8 | W70: 1 | X70: 6 | Y70: 9 | Z70: 6 | AA70: 7 | AB70: 5 | AC70: 3 | AD70: 6 | AE70: 2 | AF70: 2 | AG70: 1 | AH70: 2 | AI70: 7 | AJ70: 1 | AK70: 3 | AL70: 6 | AM70: =SUM(E70:AL70) -> 154
C71: 2. HERMANTO, S.E. | E71: 5 | F71: 1 | G71: 3 | H71: 5 | I71: 1 | J71: 2 | K71: 4 | L71: 3 | M71: 8 | N71: 6 | O71: 8 | P71: 7 | Q71: 4 | R71: 3 | S71: 3 | T71: 3 | U71: 4 | V71: 4 | W71: 8 | X71: 8 | Y71: 1 | Z71: 2 | AA71: 14 | AB71: 19 | AC71: 12 | AD71: 7 | AE71: 12 | AF71: 1 | AG71: 2 | AH71: 5 | AI71: 15 | AJ71: 13 | AK71: 5 | AL71: 8 | AM71: =SUM(E71:AL71) -> 206
C72: 3. EVY SUSILAWATI, S.E., M.M. | E72: 2 | F72: 4 | G72: 0 | H72: 2 | I72: 1 | J72: 2 | K72: 1 | L72: 7 | M72: 4 | N72: 1 | O72: 2 | P72: 5 | Q72: 8 | R72: 3 | S72: 4 | T72: 4 | U72: 7 | V72: 6 | W72: 2 | X72: 11 | Y72: 3 | Z72: 4 | AA72: 18 | AB72: 10 | AC72: 6 | AD72: 6 | AE72: 6 | AF72: 3 | AG72: 1 | AH72: 1 | AI72: 8 | AJ72: 4 | AK72: 7 | AL72: 8 | AM72: =SUM(E72:AL72) -> 161
C73: 4. M. SIROTTUDIN | E73: 0 | F73: 0 | G73: 0 | H73: 0 | I73: 1 | J73: 0 | K73: 3 | L73: 2 | M73: 2 | N73: 1 | O73: 0 | P73: 1 | Q73: 2 | R73: 0 | S73: 1 | T73: 0 | U73: 2 | V73: 1 | W73: 0 | X73: 0 | Y73: 4 | Z73: 1 | AA73: 1 | AB73: 2 | AC73: 1 | AD73: 0 | AE73: 0 | AF73: 1 | AG73: 1 | AH73: 1 | AI73: 0 | AJ73: 3 | AK73: 0 | AL73: 2 | AM73: =SUM(E73:AL73) -> 33
C74: 5. ABDUL HAFID, S.H. | E74: 0 | F74: 0 | G74: 0 | H74: 0 | I74: 0 | J74: 0 | K74: 2 | L74: 2 | M74: 1 | N74: 0 | O74: 0 | P74: 0 | Q74: 1 | R74: 0 | S74: 3 | T74: 2 | U74: 2 | V74: 1 | W74: 0 | X74: 2 | Y74: 0 | Z74: 1 | AA74: 4 | AB74: 1 | AC74: 1 | AD74: 1 | AE74: 1 | AF74: 3 | AG74: 3 | AH74: 1 | AI74: 1 | AJ74: 0 | AK74: 0 | AL74: 2 | AM74: =SUM(E74:AL74) -> 35
C75: 6. NIKITA FORTUNA SURYANINGATI, A.Md.Keb. | E75: 2 | F75: 0 | G75: 0 | H75: 0 | I75: 0 | J75: 2 | K75: 0 | L75: 0 | M75: 1 | N75: 2 | O75: 0 | P75: 2 | Q75: 0 | R75: 0 | S75: 2 | T75: 2 | U75: 0 | V75: 2 | W75: 2 | X75: 1 | Y75: 1 | Z75: 0 | AA75: 2 | AB75: 2 | AC75: 2 | AD75: 0 | AE75: 0 | AF75: 3 | AG75: 1 | AH75: 1 | AI75: 2 | AJ75: 0 | AK75: 1 | AL75: 2 | AM75: =SUM(E75:AL75) -> 35
C76: 7. YUDHO ILHAM WIJAYA, S.E. | E76: 2 | F76: 0 | G76: 0 | H76: 0 | I76: 0 | J76: 0 | K76: 1 | L76: 0 | M76: 1 | N76: 0 | O76: 0 | P76: 0 | Q76: 0 | R76: 1 | S76: 0 | T76: 2 | U76: 0 | V76: 1 | W76: 0 | X76: 2 | Y76: 1 | Z76: 1 | AA76: 0 | AB76: 0 | AC76: 2 | AD76: 0 | AE76: 0 | AF76: 0 | AG76: 1 | AH76: 0 | AI76: 0 | AJ76: 0 | AK76: 0 | AL76: 2 | AM76: =SUM(E76:AL76) -> 17
C77: 8. SETIAWATI, S.H. | E77: 1 | F77: 0 | G77: 0 | H77: 0 | I77: 0 | J77: 2 | K77: 0 | L77: 0 | M77: 1 | N77: 0 | O77: 0 | P77: 0 | Q77: 0 | R77: 0 | S77: 0 | T77: 0 | U77: 3 | V77: 0 | W77: 1 | X77: 1 | Y77: 0 | Z77: 2 | AA77: 1 | AB77: 0 | AC77: 1 | AD77: 1 | AE77: 2 | AF77: 0 | AG77: 1 | AH77: 0 | AI77: 0 | AJ77: 0 | AK77: 1 | AL77: 0 | AM77: =SUM(E77:AL77) -> 18
C78: 9. EKO BUDI SANTOSO, S.H. | E78: 0 | F78: 1 | G78: 2 | H78: 0 | I78: 0 | J78: 0 | K78: 0 | L78: 0 | M78: 1 | N78: 0 | O78: 2 | P78: 1 | Q78: 1 | R78: 0 | S78: 0 | T78: 1 | U78: 0 | V78: 0 | W78: 0 | X78: 1 | Y78: 2 | Z78: 1 | AA78: 0 | AB78: 2 | AC78: 0 | AD78: 1 | AE78: 1 | AF78: 1 | AG78: 0 | AH78: 0 | AI78: 1 | AJ78: 0 | AK78: 1 | AL78: 1 | AM78: =SUM(E78:AL78) -> 21
A79: B | B79: JUMLAH SUARA SAH PARTAI POLITIK DAN CALON (A1 + A2) | E79: =SUM(E69:E78) -> 36 | F79: =SUM(F69:F78) -> 15 | G79: =SUM(G69:G78) -> 16 | H79: =SUM(H69:H78) -> 12 | I79: =SUM(I69:I78) -> 14 | J79: =SUM(J69:J78) -> 15 | K79: =SUM(K69:K78) -> 19 | L79: =SUM(L69:L78) -> 36 | ... AM79: =SUM(AM69:AM78) -> 1105
A81: A.1 | B81: 4. | C81: Partai Golongan Karya | E81: 3 | F81: 3 | G81: 2 | H81: 3 | I81: 0 | J81: 1 | K81: 2 | L81: 2 | M81: 4 | N81: 3 | O81: 4 | P81: 4 | Q81: 1 | R81: 3 | S81: 2 | T81: 8 | U81: 6 | V81: 6 | W81: 4 | X81: 3 | Y81: 0 | Z81: 6 | AA81: 5 | AB81: 4 | AC81: 3 | AD81: 5 | AE81: 7 | AF81: 3 | AG81: 1 | AH81: 2 | AI81: 6 | AJ81: 5 | AK81: 5 | AL81: 5 | AM81: =SUM(E81:AL81) -> 121
A82: A.2 | C82: 1. PRANAYA YUDHA MAHARDHIKA | E82: 1 | F82: 3 | G82: 10 | H82: 1 | I82: 4 | J82: 3 | K82: 1 | L82: 1 | M82: 4 | N82: 2 | O82: 6 | P82: 4 | Q82: 1 | R82: 2 | S82: 4 | T82: 6 | U82: 10 | V82: 1 | W82: 1 | X82: 4 | Y82: 2 | Z82: 46 | AA82: 6 | AB82: 0 | AC82: 1 | AD82: 9 | AE82: 18 | AF82: 6 | AG82: 3 | AH82: 4 | AI82: 6 | AJ82: 13 | AK82: 5 | AL82: 9 | AM82: =SUM(E82:AL82) -> 197
C83: 2. Dra. Ec. ENDANG SULASTUTY, M.I.P. | E83: 0 | F83: 0 | G83: 0 | H83: 1 | I83: 0 | J83: 0 | K83: 1 | L83: 1 | M83: 3 | N83: 1 | O83: 1 | P83: 2 | Q83: 1 | R83: 1 | S83: 2 | T83: 0 | U83: 1 | V83: 2 | W83: 2 | X83: 1 | Y83: 1 | Z83: 0 | AA83: 1 | AB83: 0 | AC83: 1 | AD83: 1 | AE83: 2 | AF83: 0 | AG83: 0 | AH83: 1 | AI83: 0 | AJ83: 1 | AK83: 1 | AL83: 0 | AM83: =SUM(E83:AL83) -> 29
C84: 3. AGUS REJEKI WARTONO | E84: 1 | F84: 0 | G84: 0 | H84: 0 | I84: 0 | J84: 0 | K84: 0 | L84: 1 | M84: 1 | N84: 1 | O84: 0 | P84: 1 | Q84: 0 | R84: 1 | S84: 3 | T84: 1 | U84: 0 | V84: 1 | W84: 0 | X84: 2 | Y84: 0 | Z84: 0 | AA84: 0 | AB84: 1 | AC84: 0 | AD84: 1 | AE84: 0 | AF84: 0 | AG84: 0 | AH84: 0 | AI84: 1 | AJ84: 2 | AK84: 1 | AL84: 0 | AM84: =SUM(E84:AL84) -> 19
C85: 4. Hj. TUTUK ASMA'A ZUCHROH, S.T., M.T. | E85: 0 | F85: 0 | G85: 0 | H85: 1 | I85: 0 | J85: 0 | K85: 0 | L85: 3 | M85: 0 | N85: 0 | O85: 2 | P85: 0 | Q85: 0 | R85: 2 | S85: 3 | T85: 1 | U85: 2 | V85: 0 | W85: 1 | X85: 0 | Y85: 0 | Z85: 1 | AA85: 0 | AB85: 0 | AC85: 0 | AD85: 3 | AE85: 2 | AF85: 1 | AG85: 2 | AH85: 0 | AI85: 2 | AJ85: 0 | AK85: 1 | AL85: 1 | AM85: =SUM(E85:AL85) -> 28
C86: 5. ADE M. RIZKI, S.E. | E86: 0 | F86: 0 | G86: 1 | H86: 0 | I86: 0 | J86: 0 | K86: 0 | L86: 0 | M86: 0 | N86: 1 | O86: 1 | P86: 0 | Q86: 0 | R86: 0 | S86: 0 | T86: 0 | U86: 0 | V86: 0 | W86: 0 | X86: 0 | Y86: 0 | Z86: 1 | AA86: 1 | AB86: 1 | AC86: 0 | AD86: 0 | AE86: 0 | AF86: 0 | AG86: 0 | AH86: 0 | AI86: 0 | AJ86: 1 | AK86: 0 | AL86: 0 | AM86: =SUM(E86:AL86) -> 7
C87: 6. ABDURAKHMAN, Bc.Kn. | E87: 0 | F87: 0 | G87: 1 | H87: 0 | I87: 0 | J87: 0 | K87: 0 | L87: 0 | M87: 0 | N87: 0 | O87: 1 | P87: 0 | Q87: 0 | R87: 1 | S87: 0 | T87: 0 | U87: 1 | V87: 0 | W87: 0 | X87: 1 | Y87: 0 | Z87: 0 | AA87: 0 | AB87: 0 | AC87: 0 | AD87: 0 | AE87: 0 | AF87: 0 | AG87: 0 | AH87: 0 | AI87: 0 | AJ87: 0 | AK87: 0 | AL87: 0 | AM87: =SUM(E87:AL87) -> 5
C88: 7. CENDY RHIYAN ADI PUTRI | E88: 0 | F88: 0 | G88: 0 | H88: 0 | I88: 0 | J88: 0 | K88: 0 | L88: 0 | M88: 0 | N88: 0 | O88: 0 | P88: 0 | Q88: 0 | R88: 0 | S88: 0 | T88: 0 | U88: 0 | V88: 0 | W88: 0 | X88: 0 | Y88: 0 | Z88: 0 | AA88: 0 | AB88: 1 | AC88: 0 | AD88: 0 | AE88: 0 | AF88: 0 | AG88: 0 | AH88: 1 | AI88: 0 | AJ88: 0 | AK88: 0 | AL88: 0 | AM88: =SUM(E88:AL88) -> 2
C89: 8. BAKTI WIJAYANTO, S.E. | E89: 0 | F89: 0 | G89: 0 | H89: 0 | I89: 0 | J89: 0 | K89: 1 | L89: 0 | M89: 0 | N89: 0 | O89: 0 | P89: 0 | Q89: 0 | R89: 0 | S89: 0 | T89: 0 | U89: 0 | V89: 1 | W89: 0 | X89: 0 | Y89: 0 | Z89: 0 | AA89: 0 | AB89: 0 | AC89: 0 | AD89: 0 | AE89: 0 | AF89: 0 | AG89: 0 | AH89: 0 | AI89: 0 | AJ89: 0 | AK89: 0 | AL89: 0 | AM89: =SUM(E89:AL89) -> 2
C90: 9. AHMAD UBAIDILLAH | E90: 0 | F90: 0 | G90: 0 | H90: 0 | I90: 1 | J90: 0 | K90: 0 | L90: 0 | M90: 1 | N90: 0 | O90: 3 | P90: 0 | Q90: 1 | R90: 0 | S90: 1 | T90: 1 | U90: 0 | V90: 0 | W90: 0 | X90: 0 | Y90: 1 | Z90: 0 | AA90: 0 | AB90: 0 | AC90: 1 | AD90: 0 | AE90: 0 | AF90: 0 | AG90: 1 | AH90: 0 | AI90: 0 | AJ90: 0 | AK90: 0 | AL90: 1 | AM90: =SUM(E90:AL90) -> 12
A91: B | B91: JUMLAH SUARA SAH PARTAI POLITIK DAN CALON (A1 + A2) | E91: =SUM(E81:E90) -> 5 | F91: =SUM(F81:F90) -> 6 | G91: =SUM(G81:G90) -> 14 | H91: =SUM(H81:H90) -> 6 | I91: =SUM(I81:I90) -> 5 | J91: =SUM(J81:J90) -> 4 | K91: =SUM(K81:K90) -> 5 | L91: =SUM(L81:L90) -> 8 | ... AM91: =SUM(AM81:AM90) -> 422
A93: A.1 | B93: 5. | C93: Partai NasDem | E93: 0 | F93: 3 | G93: 3 | H93: 1 | I93: 0 | J93: 0 | K93: 0 | L93: 1 | M93: 3 | N93: 1 | O93: 1 | P93: 0 | Q93: 4 | R93: 0 | S93: 1 | T93: 4 | U93: 4 | V93: 6 | W93: 2 | X93: 14 | Y93: 5 | Z93: 2 | AA93: 10 | AB93: 7 | AC93: 3 | AD93: 1 | AE93: 2 | AF93: 4 | AG93: 0 | AH93: 6 | AI93: 5 | AJ93: 10 | AK93: 2 | AL93: 4 | AM93: =SUM(E93:AL93) -> 109
A94: A.2 | C94: 1. ALI MUSTOFA, A.Md. | E94: 1 | F94: 3 | G94: 4 | H94: 3 | I94: 2 | J94: 4 | K94: 3 | L94: 4 | M94: 9 | N94: 6 | O94: 9 | P94: 4 | Q94: 7 | R94: 6 | S94: 4 | T94: 6 | U94: 20 | V94: 0 | W94: 3 | X94: 16 | Y94: 7 | Z94: 3 | AA94: 21 | AB94: 5 | AC94: 5 | AD94: 1 | AE94: 8 | AF94: 5 | AG94: 6 | AH94: 9 | AI94: 7 | AJ94: 7 | AK94: 3 | AL94: 7 | AM94: =SUM(E94:AL94) -> 208
C95: 2. Hj. BUAMI, S.H. | E95: 0 | F95: 1 | G95: 0 | H95: 0 | I95: 0 | J95: 0 | K95: 0 | L95: 0 | M95: 0 | N95: 0 | O95: 0 | P95: 0 | Q95: 0 | R95: 0 | S95: 0 | T95: 0 | U95: 0 | V95: 1 | W95: 0 | X95: 0 | Y95: 1 | Z95: 0 | AA95: 0 | AB95: 1 | AC95: 3 | AD95: 1 | AE95: 3 | AF95: 0 | AG95: 0 | AH95: 0 | AI95: 1 | AJ95: 1 | AK95: 1 | AL95: 2 | AM95: =SUM(E95:AL95) -> 16
C96: 3. SUGIONO, S.H. | E96: 1 | F96: 0 | G96: 0 | H96: 0 | I96: 0 | J96: 0 | K96: 0 | L96: 1 | M96: 0 | N96: 0 | O96: 0 | P96: 0 | Q96: 0 | R96: 0 | S96: 0 | T96: 0 | U96: 1 | V96: 0 | W96: 1 | X96: 1 | Y96: 2 | Z96: 0 | AA96: 2 | AB96: 1 | AC96: 1 | AD96: 0 | AE96: 0 | AF96: 0 | AG96: 0 | AH96: 0 | AI96: 0 | AJ96: 0 | AK96: 0 | AL96: 1 | AM96: =SUM(E96:AL96) -> 12
C97: 4. LULUK SUNARMIATININGSIH | E97: 0 | F97: 0 | G97: 0 | H97: 2 | I97: 0 | J97: 0 | K97: 0 | L97: 0 | M97: 0 | N97: 0 | O97: 0 | P97: 0 | Q97: 1 | R97: 0 | S97: 0 | T97: 0 | U97: 1 | V97: 1 | W97: 0 | X97: 1 | Y97: 1 | Z97: 3 | AA97: 3 | AB97: 0 | AC97: 1 | AD97: 0 | AE97: 0 | AF97: 0 | AG97: 0 | AH97: 1 | AI97: 0 | AJ97: 2 | AK97: 1 | AL97: 0 | AM97: =SUM(E97:AL97) -> 18
C98: 5. ANTON DJULIANTO ADI | E98: 0 | F98: 0 | G98: 0 | H98: 0 | I98: 0 | J98: 0 | K98: 0 | L98: 1 | M98: 1 | N98: 0 | O98: 0 | P98: 0 | Q98: 0 | R98: 0 | S98: 0 | T98: 0 | U98: 0 | V98: 0 | W98: 0 | X98: 1 | Y98: 0 | Z98: 1 | AA98: 1 | AB98: 1 | AC98: 1 | AD98: 0 | AE98: 0 | AF98: 0 | AG98: 0 | AH98: 0 | AI98: 0 | AJ98: 0 | AK98: 0 | AL98: 0 | AM98: =SUM(E98:AL98) -> 7
C99: 6. MOKHAMAD ROFI'I KHUSNAN | E99: 0 | F99: 0 | G99: 0 | H99: 0 | I99: 0 | J99: 0 | K99: 0 | L99: 0 | M99: 0 | N99: 0 | O99: 0 | P99: 0 | Q99: 0 | R99: 0 | S99: 0 | T99: 0 | U99: 0 | V99: 1 | W99: 0 | X99: 1 | Y99: 0 | Z99: 0 | AA99: 0 | AB99: 1 | AC99: 0 | AD99: 0 | AE99: 0 | AF99: 1 | AG99: 0 | AH99: 0 | AI99: 1 | AJ99: 0 | AK99: 0 | AL99: 0 | AM99: =SUM(E99:AL99) -> 5
C100: 7. Rr SETYO WATI | E100: 0 | F100: 0 | G100: 0 | H100: 0 | I100: 0 | J100: 0 | K100: 0 | L100: 0 | M100: 0 | N100: 0 | O100: 0 | P100: 0 | Q100: 0 | R100: 0 | S100: 0 | T100: 0 | U100: 0 | V100: 0 | W100: 0 | X100: 0 | Y100: 1 | Z100: 1 | AA100: 0 | AB100: 0 | AC100: 0 | AD100: 0 | AE100: 0 | AF100: 0 | AG100: 0 | AH100: 0 | AI100: 0 | AJ100: 0 | AK100: 0 | AL100: 0 | AM100: =SUM(E100:AL100) -> 2
C101: 8. ABD. KADIR ASSEGAFF | E101: 0 | F101: 0 | G101: 0 | H101: 0 | I101: 0 | J101: 0 | K101: 0 | L101: 0 | M101: 0 | N101: 0 | O101: 0 | P101: 0 | Q101: 0 | R101: 0 | S101: 0 | T101: 0 | U101: 1 | V101: 0 | W101: 0 | X101: 0 | Y101: 0 | Z101: 0 | AA101: 0 | AB101: 0 | AC101: 0 | AD101: 0 | AE101: 0 | AF101: 0 | AG101: 0 | AH101: 0 | AI101: 0 | AJ101: 0 | AK101: 0 | AL101: 0 | AM101: =SUM(E101:AL101) -> 1
C102: 9. FATHOR ZAINULLAH | E102: 0 | F102: 0 | G102: 0 | H102: 0 | I102: 0 | J102: 0 | K102: 0 | L102: 0 | M102: 1 | N102: 0 | O102: 0 | P102: 0 | Q102: 0 | R102: 0 | S102: 0 | T102: 0 | U102: 1 | V102: 0 | W102: 1 | X102: 0 | Y102: 0 | Z102: 0 | AA102: 0 | AB102: 0 | AC102: 0 | AD102: 0 | AE102: 0 | AF102: 0 | AG102: 0 | AH102: 0 | AI102: 0 | AJ102: 0 | AK102: 0 | AL102: 0 | AM102: =SUM(E102:AL102) -> 3
A103: B | B103: JUMLAH SUARA SAH PARTAI POLITIK DAN CALON (A1 + A2) | E103: =SUM(E93:E102) -> 2 | F103: =SUM(F93:F102) -> 7 | G103: =SUM(G93:G102) -> 7 | H103: =SUM(H93:H102) -> 6 | I103: =SUM(I93:I102) -> 2 | J103: =SUM(J93:J102) -> 4 | K103: =SUM(K93:K102) -> 3 | L103: =SUM(L93:L102) -> 7 | ... AM103: =SUM(AM93:AM102) -> 381
A105: A.1 | B105: 6. | C105: Partai Buruh | E105: 0 | F105: 0 | G105: 0 | H105: 1 | I105: 0 | J105: 1 | K105: 0 | L105: 1 | M105: 0 | N105: 2 | O105: 1 | P105: 0 | Q105: 0 | R105: 0 | S105: 1 | T105: 2 | U105: 0 | V105: 0 | W105: 0 | X105: 0 | Y105: 0 | Z105: 2 | AA105: 1 | AB105: 0 | AC105: 1 | AD105: 0 | AE105: 0 | AF105: 0 | AG105: 3 | AH105: 0 | AI105: 0 | AJ105: 1 | AK105: 0 | AL105: 0 | AM105: =SUM(E105:AL105) -> 17
A106: A.2 | C106: 1. AGUS SUPRIYADI | E106: 0 | F106: 0 | G106: 0 | H106: 1 | I106: 0 | J106: 0 | K106: 0 | L106: 0 | M106: 0 | N106: 0 | O106: 0 | P106: 0 | Q106: 0 | R106: 0 | S106: 0 | T106: 0 | U106: 0 | V106: 0 | W106: 0 | X106: 0 | Y106: 0 | Z106: 1 | AA106: 0 | AB106: 1 | AC106: 0 | AD106: 0 | AE106: 0 | AF106: 1 | AG106: 2 | AH106: 1 | AI106: 0 | AJ106: 0 | AK106: 0 | AL106: 0 | AM106: =SUM(E106:AL106) -> 7
C107: 2. ENI HARIATI | E107: 0 | F107: 0 | G107: 0 | H107: 0 | I107: 1 | J107: 0 | K107: 0 | L107: 0 | M107: 1 | N107: 0 | O107: 0 | P107: 0 | Q107: 1 | R107: 0 | S107: 0 | T107: 1 | U107: 1 | V107: 1 | W107: 0 | X107: 0 | Y107: 0 | Z107: 0 | AA107: 0 | AB107: 0 | AC107: 0 | AD107: 0 | AE107: 0 | AF107: 0 | AG107: 1 | AH107: 0 | AI107: 0 | AJ107: 0 | AK107: 0 | AL107: 0 | AM107: =SUM(E107:AL107) -> 7
AM108: =SUM(E108:AL108) -> 0
AM109: =SUM(E109:AL109) -> 0
AM110: =SUM(E110:AL110) -> 0
AM111: =SUM(E111:AL111) -> 0
AM112: =SUM(E112:AL112) -> 0
AM113: =SUM(E113:AL113) -> 0
AM114: =SUM(E114:AL114) -> 0
A115: B | B115: JUMLAH SUARA SAH PARTAI POLITIK DAN CALON (A1 + A2) | E115: =SUM(E105:E114) -> 0 | F115: =SUM(F105:F114) -> 0 | G115: =SUM(G105:G114) -> 0 | H115: =SUM(H105:H114) -> 2 | I115: =SUM(I105:I114) -> 1 | J115: =SUM(J105:J114) -> 1 | K115: =SUM(K105:K114) -> 0 | L115: =SUM(L105:L114) -> 1 | ... AM115: =SUM(AM105:AM114) -> 31
A117: A.1 | B117: 7. | C117: Partai Gelombang Rakyat Indonesia | E117: 0 | F117: 1 | G117: 1 | H117: 0 | I117: 0 | J117: 0 | K117: 1 | L117: 0 | M117: 0 | N117: 1 | O117: 2 | P117: 0 | Q117: 0 | R117: 1 | S117: 2 | T117: 0 | U117: 1 | V117: 1 | W117: 3 | X117: 1 | Y117: 2 | Z117: 0 | AA117: 0 | AB117: 0 | AC117: 1 | AD117: 1 | AE117: 0 | AF117: 0 | AG117: 2 | AH117: 1 | AI117: 1 | AJ117: 0 | AK117: 1 | AL117: 1 | AM117: =SUM(E117:AL117) -> 25
...

Sheet WONOSOBO
C2: Kecamatan | D2: SRONO
C3: Kabupaten | D3: BANYUWANGI
C4: Provinsi | D4: JAWA TIMUR
C9: Kelurahan | D9: WONOSOBO
A12: I | B12: DATA PEMILIH DAN PENGGUNAAN HAK PILIH | AS12: JUMLAH AKHIR
A13: A | B13: DATA PEMILIH | E13: TPS 001 | F13: TPS 002 | G13: TPS 003 | H13: TPS 004 | I13: TPS 005 | J13: TPS 006 | K13: TPS 007 | L13: TPS 008 | M13: TPS 009 | N13: TPS 010 | O13: TPS 011 | P13: TPS 012 | Q13: TPS 013 | R13: TPS 014 | S13: TPS 015 | T13: TPS 016 | U13: TPS 017 | V13: TPS 018 | W13: TPS 019 | X13: TPS 020 | Y13: TPS 021 | Z13: TPS 022 | AA13: TPS 023 | AB13: TPS 024 | AC13: TPS 025 | AD13: TPS 026 | AE13: TPS 027 | AF13: TPS 028 | AG13: TPS 029 | AH13: TPS 030 | AI13: TPS 031 | AJ13: TPS 032 | AK13: TPS 033 | AL13: TPS 034 | AM13: TPS 035 | AN13: TPS 036 | AO13: TPS 037 | AP13: TPS 038 | AQ13: TPS 039 | AR13: TPS 040
B14: Jumlah Pemilih dalam Daftar Pemilih Tetap (DPT) | D14: LK | E14: 133 | F14: 143 | G14: 134 | H14: 136 | I14: 129 | J14: 132 | K14: 130 | L14: 132 | M14: 142 | N14: 143 | O14: 149 | P14: 136 | Q14: 145 | R14: 149 | S14: 140 | T14: 136 | U14: 143 | V14: 142 | W14: 126 | X14: 134 | Y14: 144 | Z14: 123 | AA14: 136 | AB14: 131 | AC14: 129 | AD14: 142 | AE14: 135 | AF14: 135 | AG14: 134 | AH14: 144 | AI14: 140 | AJ14: 140 | AK14: 146 | AL14: 124 | AM14: 142 | AN14: 144 | AO14: 138 | AP14: 150 | AQ14: 153 | AR14: 145 | AS14: =SUM(E14:AR14) -> 5529
D15: PR | E15: 134 | F15: 134 | G15: 129 | H15: 127 | I15: 143 | J15: 135 | K15: 123 | L15: 127 | M15: 140 | N15: 147 | O15: 139 | P15: 122 | Q15: 131 | R15: 146 | S15: 150 | T15: 132 | U15: 139 | V15: 137 | W15: 118 | X15: 140 | Y15: 136 | Z15: 143 | AA15: 137 | AB15: 128 | AC15: 128 | AD15: 137 | AE15: 133 | AF15: 126 | AG15: 130 | AH15: 139 | AI15: 144 | AJ15: 144 | AK15: 146 | AL15: 118 | AM15: 145 | AN15: 137 | AO15: 137 | AP15: 147 | AQ15: 142 | AR15: 145 | AS15: =SUM(E15:AR15) -> 5435
D16: JML | E16: =SUM(E14:E15) -> 267 | F16: =SUM(F14:F15) -> 277 | G16: =SUM(G14:G15) -> 263 | H16: =SUM(H14:H15) -> 263 | I16: =SUM(I14:I15) -> 272 | J16: =SUM(J14:J15) -> 267 | K16: =SUM(K14:K15) -> 253 | L16: =SUM(L14:L15) -> 259 | ... AR16: =SUM(AR14:AR15) -> 290 | AS16: =SUM(E16:AR16) -> 10964
A18: B | B18: PENGGUNA HAK PILIH
B19: 1. | C19: Jumlah pengguna hak pilih dalam Daftar Pemilih Tetap (DPT) | D19: LK | E19: 98 | F19: 108 | G19: 94 | H19: 81 | I19: 92 | J19: 87 | K19: 99 | L19: 98 | M19: 112 | N19: 85 | O19: 99 | P19: 98 | Q19: 83 | R19: 100 | S19: 107 | T19: 96 | U19: 111 | V19: 99 | W19: 97 | X19: 92 | Y19: 105 | Z19: 100 | AA19: 109 | AB19: 99 | AC19: 105 | AD19: 94 | AE19: 103 | AF19: 103 | AG19: 99 | AH19: 107 | AI19: 113 | AJ19: 113 | AK19: 116 | AL19: 105 | AM19: 112 | AN19: 106 | AO19: 111 | AP19: 128 | AQ19: 119 | AR19: 103 | AS19: =SUM(E19:AR19) -> 4086
D20: PR | E20: 113 | F20: 111 | G20: 99 | H20: 90 | I20: 107 | J20: 105 | K20: 98 | L20: 97 | M20: 99 | N20: 101 | O20: 110 | P20: 82 | Q20: 89 | R20: 103 | S20: 124 | T20: 109 | U20: 107 | V20: 109 | W20: 86 | X20: 101 | Y20: 92 | Z20: 113 | AA20: 117 | AB20: 102 | AC20: 107 | AD20: 101 | AE20: 109 | AF20: 105 | AG20: 102 | AH20: 116 | AI20: 121 | AJ20: 126 | AK20: 119 | AL20: 100 | AM20: 114 | AN20: 115 | AO20: 110 | AP20: 123 | AQ20: 121 | AR20: 111 | AS20: =SUM(E20:AR20) -> 4264
D21: JML | E21: =SUM(E19:E20) -> 211 | F21: =SUM(F19:F20) -> 219 | G21: =SUM(G19:G20) -> 193 | H21: =SUM(H19:H20) -> 171 | I21: =SUM(I19:I20) -> 199 | J21: =SUM(J19:J20) -> 192 | K21: =SUM(K19:K20) -> 197 | L21: =SUM(L19:L20) -> 195 | ... AR21: =SUM(AR19:AR20) -> 214 | AS21: =SUM(E21:AR21) -> 8350
B22: 2. | C22: Jumlah pengguna hak pilih dalam Daftar Pemilih Tambahan (DPTb) | D22: LK | E22: 0 | F22: 0 | G22: 0 | H22: 0 | I22: 0 | J22: 0 | K22: 0 | L22: 0 | M22: 0 | N22: 1 | O22: 0 | P22: 0 | Q22: 0 | R22: 0 | S22: 0 | T22: 0 | U22: 1 | V22: 1 | W22: 0 | X22: 0 | Y22: 0 | Z22: 0 | AA22: 0 | AB22: 0 | AC22: 0 | AD22: 0 | AE22: 0 | AF22: 1 | AG22: 0 | AH22: 0 | AI22: 0 | AJ22: 0 | AK22: 0 | AL22: 0 | AM22: 0 | AN22: 0 | AO22: 0 | AP22: 0 | AQ22: 0 | AR22: 1 | AS22: =SUM(E22:AR22) -> 5
D23: PR | E23: 0 | F23: 0 | G23: 0 | H23: 0 | I23: 0 | J23: 0 | K23: 0 | L23: 0 | M23: 0 | N23: 1 | O23: 0 | P23: 0 | Q23: 0 | R23: 0 | S23: 0 | T23: 0 | U23: 1 | V23: 0 | W23: 0 | X23: 0 | Y23: 0 | Z23: 0 | AA23: 0 | AB23: 0 | AC23: 0 | AD23: 0 | AE23: 0 | AF23: 1 | AG23: 0 | AH23: 0 | AI23: 0 | AJ23: 0 | AK23: 0 | AL23: 0 | AM23: 0 | AN23: 0 | AO23: 0 | AP23: 0 | AQ23: 0 | AR23: 0 | AS23: =SUM(E23:AR23) -> 3
D24: JML | E24: =SUM(E22:E23) -> 0 | F24: =SUM(F22:F23) -> 0 | G24: =SUM(G22:G23) -> 0 | H24: =SUM(H22:H23) -> 0 | I24: =SUM(I22:I23) -> 0 | J24: =SUM(J22:J23) -> 0 | K24: =SUM(K22:K23) -> 0 | L24: =SUM(L22:L23) -> 0 | ... AR24: =SUM(AR22:AR23) -> 1 | AS24: =SUM(E24:AR24) -> 8
B25: 3. | C25: Jumlah pengguna hak pilih dalam Daftar Pemilih Khusus (DPK) | D25: LK | E25: 1 | F25: 0 | G25: 2 | H25: 2 | I25: 0 | J25: 0 | K25: 0 | L25: 0 | M25: 0 | N25: 0 | O25: 0 | P25: 0 | Q25: 1 | R25: 2 | S25: 2 | T25: 3 | U25: 3 | V25: 3 | W25: 0 | X25: 0 | Y25: 0 | Z25: 0 | AA25: 0 | AB25: 6 | AC25: 3 | AD25: 1 | AE25: 0 | AF25: 3 | AG25: 0 | AH25: 2 | AI25: 1 | AJ25: 3 | AK25: 2 | AL25: 1 | AM25: 4 | AN25: 0 | AO25: 0 | AP25: 0 | AQ25: 3 | AR25: 0 | AS25: =SUM(E25:AR25) -> 48
D26: PR | E26: 1 | F26: 0 | G26: 5 | H26: 2 | I26: 0 | J26: 1 | K26: 1 | L26: 0 | M26: 0 | N26: 0 | O26: 0 | P26: 0 | Q26: 9 | R26: 0 | S26: 1 | T26: 0 | U26: 5 | V26: 1 | W26: 0 | X26: 1 | Y26: 0 | Z26: 0 | AA26: 1 | AB26: 6 | AC26: 2 | AD26: 1 | AE26: 0 | AF26: 1 | AG26: 0 | AH26: 1 | AI26: 1 | AJ26: 1 | AK26: 2 | AL26: 3 | AM26: 1 | AN26: 0 | AO26: 0 | AP26: 0 | AQ26: 3 | AR26: 0 | AS26: =SUM(E26:AR26) -> 50
D27: JML | E27: =SUM(E25:E26) -> 2 | F27: =SUM(F25:F26) -> 0 | G27: =SUM(G25:G26) -> 7 | H27: =SUM(H25:H26) -> 4 | I27: =SUM(I25:I26) -> 0 | J27: =SUM(J25:J26) -> 1 | K27: =SUM(K25:K26) -> 1 | L27: =SUM(L25:L26) -> 0 | ... AR27: =SUM(AR25:AR26) -> 0 | AS27: =SUM(E27:AR27) -> 98
B28: 4. | C28: Jumlah Pengguna Hak Pilih (B.1+B.2+B.3) | D28: LK | E28: =SUM(E19,E22,E25) -> 99 | F28: =SUM(F19,F22,F25) -> 108 | G28: =SUM(G19,G22,G25) -> 96 | H28: =SUM(H19,H22,H25) -> 83 | I28: =SUM(I19,I22,I25) -> 92 | J28: =SUM(J19,J22,J25) -> 87 | K28: =SUM(K19,K22,K25) -> 99 | L28: =SUM(L19,L22,L25) -> 98 | ... AR28: =SUM(AR19,AR22,AR25) -> 104 | AS28: =SUM(E28:AR28) -> 4139
D29: PR | E29: =SUM(E20,E23,E26) -> 114 | F29: =SUM(F20,F23,F26) -> 111 | G29: =SUM(G20,G23,G26) -> 104 | H29: =SUM(H20,H23,H26) -> 92 | I29: =SUM(I20,I23,I26) -> 107 | J29: =SUM(J20,J23,J26) -> 106 | K29: =SUM(K20,K23,K26) -> 99 | L29: =SUM(L20,L23,L26) -> 97 | ... AR29: =SUM(AR20,AR23,AR26) -> 111 | AS29: =SUM(E29:AR29) -> 4317
D30: JML | E30: =SUM(E28:E29) -> 213 | F30: =SUM(F28:F29) -> 219 | G30: =SUM(G28:G29) -> 200 | H30: =SUM(H28:H29) -> 175 | I30: =SUM(I28:I29) -> 199 | J30: =SUM(J28:J29) -> 193 | K30: =SUM(K28:K29) -> 198 | L30: =SUM(L28:L29) -> 195 | ... AR30: =SUM(AR28:AR29) -> 215 | AS30: =SUM(E30:AR30) -> 8456
A32: II | B32: DATA PENGGUNAAN SURAT SUARA
A33: 1 | B33: Jumlah surat suara yang diterima, termasuk surat suara cadangan 2,5% dari DPT | E33: 274 | F33: 283 | G33: 268 | H33: 269 | I33: 277 | J33: 274 | K33: 259 | L33: 265 | M33: 288 | N33: 296 | O33: 294 | P33: 264 | Q33: 282 | R33: 282 | S33: 296 | T33: 274 | U33: 288 | V33: 285 | W33: 249 | X33: 280 | Y33: 286 | Z33: 272 | AA33: 278 | AB33: 265 | AC33: 264 | AD33: 285 | AE33: 274 | AF33: 267 | AG33: 270 | AH33: 289 | AI33: 290 | AJ33: 290 | AK33: 298 | AL33: 247 | AM33: 293 | AN33: 287 | AO33: 281 | AP33: 302 | AQ33: 301 | AR33: 286 | AS33: =SUM(E33:AR33) -> 11172
A34: 2 | B34: Jumlah surat suara yang digunakan | E34: 213 | F34: 219 | G34: 200 | H34: 175 | I34: 199 | J34: 193 | K34: 198 | L34: 195 | M34: 211 | N34: 188 | O34: 209 | P34: 180 | Q34: 182 | R34: 205 | S34: 234 | T34: 208 | U34: 228 | V34: 213 | W34: 183 | X34: 194 | Y34: 197 | Z34: 213 | AA34: 227 | AB34: 213 | AC34: 217 | AD34: 197 | AE34: 212 | AF34: 214 | AG34: 201 | AH34: 226 | AI34: 236 | AJ34: 243 | AK34: 239 | AL34: 209 | AM34: 231 | AN34: 221 | AO34: 221 | AP34: 251 | AQ34: 246 | AR34: 215 | AS34: =SUM(E34:AR34) -> 8456
A35: 3 | B35: Jumlah surat suara dikembalikan oleh pemilih (karena rusak atau keliru coblos) | E35: 0 | F35: 0 | G35: 0 | H35: 0 | I35: 0 | J35: 0 | K35: 0 | L35: 0 | M35: 0 | N35: 0 | O35: 0 | P35: 0 | Q35: 0 | R35: 0 | S35: 0 | T35: 0 | U35: 0 | V35: 0 | W35: 2 | X35: 0 | Y35: 0 | Z35: 3 | AA35: 0 | AB35: 1 | AC35: 0 | AD35: 0 | AE35: 0 | AF35: 0 | AG35: 0 | AH35: 0 | AI35: 1 | AJ35: 0 | AK35: 0 | AL35: 0 | AM35: 0 | AN35: 0 | AO35: 0 | AP35: 0 | AQ35: 0 | AR35: 0 | AS35: =SUM(E35:AR35) -> 7
A36: 4 | B36: Jumlah surat suara yang tidak digunakan/tidak terpakai, termasuk sisa surat suara cadangan | E36: =E33-(E34+E35) -> 61 | F36: =F33-(F34+F35) -> 64 | G36: =G33-(G34+G35) -> 68 | H36: =H33-(H34+H35) -> 94 | I36: =I33-(I34+I35) -> 78 | J36: =J33-(J34+J35) -> 81 | K36: =K33-(K34+K35) -> 61 | L36: =L33-(L34+L35) -> 70 | ... AR36: =AR33-(AR34+AR35) -> 71 | AS36: =SUM(E36:AR36) -> 2709
A38: III | B38: DATA PEMILIH DISABILITAS
B39: Jumlah seluruh Pemilih disabilitas yang menggunakan hak pilih | D39: LK | E39: 0 | F39: 0 | G39: 0 | H39: 0 | I39: 0 | J39: 0 | K39: 0 | L39: 0 | M39: 0 | N39: 0 | O39: 0 | P39: 0 | Q39: 0 | R39: 0 | S39: 0 | T39: 0 | U39: 2 | V39: 0 | W39: 0 | X39: 0 | Y39: 0 | Z39: 1 | AA39: 0 | AB39: 0 | AC39: 0 | AD39: 0 | AE39: 0 | AF39: 2 | AG39: 0 | AH39: 0 | AI39: 0 | AJ39: 1 | AK39: 0 | AL39: 0 | AM39: 1 | AN39: 0 | AO39: 0 | AP39: 0 | AQ39: 0 | AR39: 0 | AS39: =SUM(E39:AR39) -> 7
D40: PR | E40: 0 | F40: 0 | G40: 0 | H40: 0 | I40: 1 | J40: 0 | K40: 0 | L40: 0 | M40: 0 | N40: 0 | O40: 0 | P40: 0 | Q40: 0 | R40: 0 | S40: 0 | T40: 1 | U40: 1 | V40: 1 | W40: 0 | X40: 0 | Y40: 0 | Z40: 1 | AA40: 0 | AB40: 0 | AC40: 0 | AD40: 0 | AE40: 0 | AF40: 3 | AG40: 0 | AH40: 0 | AI40: 0 | AJ40: 1 | AK40: 0 | AL40: 0 | AM40: 0 | AN40: 0 | AO40: 0 | AP40: 0 | AQ40: 0 | AR40: 0 | AS40: =SUM(E40:AR40) -> 9
D41: JML | E41: =SUM(E39:E40) -> 0 | F41: =SUM(F39:F40) -> 0 | G41: =SUM(G39:G40) -> 0 | H41: =SUM(H39:H40) -> 0 | I41: =SUM(I39:I40) -> 1 | J41: =SUM(J39:J40) -> 0 | K41: =SUM(K39:K40) -> 0 | L41: =SUM(L39:L40) -> 0 | ... AR41: =SUM(AR39:AR40) -> 0 | AS41: =SUM(E41:AR41) -> 16
A43: IV | B43: DATA RINCIAN PEROLEHAN SUARA PASANGAN CALON BUPATI DAN WAKIL BUPATI
A44: NOMOR DAN NAMA CALON
A45: A.1 | B45: 1. | C45: Partai Kebangkitan Bangsa | E45: 1 | F45: 0 | G45: 4 | H45: 2 | I45: 3 | J45: 6 | K45: 2 | L45: 9 | M45: 5 | N45: 6 | O45: 6 | P45: 9 | Q45: 5 | R45: 3 | S45: 6 | T45: 6 | U45: 5 | V45: 2 | W45: 5 | X45: 2 | Y45: 4 | Z45: 3 | AA45: 10 | AB45: 8 | AC45: 2 | AD45: 7 | AE45: 3 | AF45: 5 | AG45: 7 | AH45: 4 | AI45: 8 | AJ45: 6 | AK45: 10 | AL45: 8 | AM45: 16 | AN45: 4 | AO45: 1 | AP45: 1 | AQ45: 4 | AR45: 6 | AS45: =SUM(E45:AR45) -> 204
A46: A.2 | C46: 1. Dra. Hj. MA`MULAH HARUN, M.Pd.I. | E46: 3 | F46: 3 | G46: 3 | H46: 7 | I46: 6 | J46: 11 | K46: 0 | L46: 7 | M46: 8 | N46: 4 | O46: 17 | P46: 14 | Q46: 10 | R46: 5 | S46: 1 | T46: 7 | U46: 6 | V46: 5 | W46: 6 | X46: 6 | Y46: 12 | Z46: 6 | AA46: 15 | AB46: 6 | AC46: 6 | AD46: 6 | AE46: 2 | AF46: 9 | AG46: 4 | AH46: 4 | AI46: 7 | AJ46: 10 | AK46: 4 | AL46: 4 | AM46: 6 | AN46: 15 | AO46: 14 | AP46: 6 | AQ46: 2 | AR46: 3 | AS46: =SUM(E46:AR46) -> 270
C47: 2. UBAIDILLAH, S.Fil.I. | E47: 1 | F47: 1 | G47: 1 | H47: 1 | I47: 0 | J47: 1 | K47: 0 | L47: 2 | M47: 1 | N47: 1 | O47: 3 | P47: 1 | Q47: 0 | R47: 2 | S47: 2 | T47: 0 | U47: 1 | V47: 1 | W47: 2 | X47: 5 | Y47: 2 | Z47: 2 | AA47: 2 | AB47: 0 | AC47: 0 | AD47: 2 | AE47: 1 | AF47: 2 | AG47: 1 | AH47: 3 | AI47: 1 | AJ47: 4 | AK47: 1 | AL47: 0 | AM47: 0 | AN47: 5 | AO47: 4 | AP47: 2 | AQ47: 0 | AR47: 1 | AS47: =SUM(E47:AR47) -> 59
C48: 3. Ir. H. YOYOK MULYADI, M.Si. | E48: 1 | F48: 1 | G48: 2 | H48: 0 | I48: 0 | J48: 0 | K48: 1 | L48: 1 | M48: 3 | N48: 1 | O48: 2 | P48: 1 | Q48: 0 | R48: 1 | S48: 1 | T48: 1 | U48: 0 | V48: 1 | W48: 0 | X48: 0 | Y48: 2 | Z48: 1 | AA48: 0 | AB48: 1 | AC48: 2 | AD48: 1 | AE48: 0 | AF48: 0 | AG48: 0 | AH48: 0 | AI48: 2 | AJ48: 3 | AK48: 0 | AL48: 0 | AM48: 0 | AN48: 1 | AO48: 0 | AP48: 1 | AQ48: 0 | AR48: 1 | AS48: =SUM(E48:AR48) -> 32
C49: 4. KHOIRUL ANWAR, S.Fil.I. | E49: 0 | F49: 0 | G49: 1 | H49: 1 | I49: 4 | J49: 1 | K49: 1 | L49: 1 | M49: 2 | N49: 0 | O49: 5 | P49: 0 | Q49: 1 | R49: 1 | S49: 1 | T49: 3 | U49: 1 | V49: 6 | W49: 1 | X49: 0 | Y49: 1 | Z49: 2 | AA49: 2 | AB49: 1 | AC49: 0 | AD49: 2 | AE49: 0 | AF49: 1 | AG49: 0 | AH49: 1 | AI49: 5 | AJ49: 4 | AK49: 3 | AL49: 0 | AM49: 0 | AN49: 1 | AO49: 0 | AP49: 2 | AQ49: 0 | AR49: 0 | AS49: =SUM(E49:AR49) -> 55
C50: 5. ARIF WIJAKSANA | E50: 1 | F50: 0 | G50: 0 | H50: 0 | I50: 2 | J50: 2 | K50: 0 | L50: 0 | M50: 0 | N50: 0 | O50: 2 | P50: 1 | Q50: 0 | R50: 0 | S50: 1 | T50: 0 | U50: 0 | V50: 1 | W50: 0 | X50: 0 | Y50: 1 | Z50: 0 | AA50: 0 | AB50: 0 | AC50: 1 | AD50: 0 | AE50: 0 | AF50: 0 | AG50: 0 | AH50: 1 | AI50: 1 | AJ50: 0 | AK50: 1 | AL50: 0 | AM50: 1 | AN50: 1 | AO50: 0 | AP50: 0 | AQ50: 0 | AR50: 0 | AS50: =SUM(E50:AR50) -> 17
C51: 6. Dr. SITI YUMNAH | E51: 0 | F51: 0 | G51: 1 | H51: 0 | I51: 1 | J51: 0 | K51: 0 | L51: 0 | M51: 0 | N51: 1 | O51: 0 | P51: 0 | Q51: 1 | R51: 0 | S51: 0 | T51: 0 | U51: 1 | V51: 0 | W51: 1 | X51: 0 | Y51: 0 | Z51: 0 | AA51: 0 | AB51: 1 | AC51: 1 | AD51: 0 | AE51: 0 | AF51: 0 | AG51: 1 | AH51: 0 | AI51: 0 | AJ51: 0 | AK51: 0 | AL51: 2 | AM51: 2 | AN51: 0 | AO51: 0 | AP51: 2 | AQ51: 0 | AR51: 0 | AS51: =SUM(E51:AR51) -> 15
C52: 7. MOHAMMAD ZAINI, M.Pd.I. | E52: 0 | F52: 0 | G52: 1 | H52: 2 | I52: 0 | J52: 1 | K52: 0 | L52: 1 | M52: 1 | N52: 0 | O52: 0 | P52: 0 | Q52: 1 | R52: 0 | S52: 0 | T52: 0 | U52: 1 | V52: 1 | W52: 0 | X52: 1 | Y52: 0 | Z52: 1 | AA52: 0 | AB52: 0 | AC52: 0 | AD52: 0 | AE52: 1 | AF52: 0 | AG52: 0 | AH52: 0 | AI52: 1 | AJ52: 0 | AK52: 1 | AL52: 0 | AM52: 1 | AN52: 2 | AO52: 0 | AP52: 0 | AQ52: 0 | AR52: 0 | AS52: =SUM(E52:AR52) -> 17
C53: 8. FAWAIDUL MAKKIYAH | E53: 0 | F53: 0 | G53: 0 | H53: 0 | I53: 1 | J53: 0 | K53: 0 | L53: 0 | M53: 0 | N53: 0 | O53: 0 | P53: 0 | Q53: 0 | R53: 0 | S53: 0 | T53: 0 | U53: 0 | V53: 0 | W53: 0 | X53: 1 | Y53: 0 | Z53: 1 | AA53: 0 | AB53: 0 | AC53: 0 | AD53: 0 | AE53: 0 | AF53: 0 | AG53: 0 | AH53: 0 | AI53: 0 | AJ53: 0 | AK53: 0 | AL53: 0 | AM53: 0 | AN53: 1 | AO53: 1 | AP53: 0 | AQ53: 0 | AR53: 0 | AS53: =SUM(E53:AR53) -> 5
C54: 9. IFFAH HIDAYATUR ROHMAH, S.Sos. | E54: 0 | F54: 0 | G54: 0 | H54: 0 | I54: 0 | J54: 0 | K54: 0 | L54: 0 | M54: 0 | N54: 0 | O54: 1 | P54: 0 | Q54: 0 | R54: 0 | S54: 0 | T54: 0 | U54: 0 | V54: 0 | W54: 0 | X54: 0 | Y54: 0 | Z54: 0 | AA54: 0 | AB54: 0 | AC54: 0 | AD54: 0 | AE54: 0 | AF54: 0 | AG54: 1 | AH54: 0 | AI54: 0 | AJ54: 1 | AK54: 1 | AL54: 0 | AM54: 0 | AN54: 0 | AO54: 0 | AP54: 0 | AQ54: 0 | AR54: 0 | AS54: =SUM(E54:AR54) -> 4
A55: B | B55: JUMLAH SUARA SAH PARTAI POLITIK DAN CALON (A1 + A2) | E55: =SUM(E45:E54) -> 7 | F55: =SUM(F45:F54) -> 5 | G55: =SUM(G45:G54) -> 13 | H55: =SUM(H45:H54) -> 13 | I55: =SUM(I45:I54) -> 17 | J55: =SUM(J45:J54) -> 22 | K55: =SUM(K45:K54) -> 4 | L55: =SUM(L45:L54) -> 21 | ... AS55: =SUM(AS45:AS54) -> 678
A57: A.1 | B57: 2. | C57: Partai Gerakan Indonesia Raya | E57: 11 | F57: 23 | G57: 21 | H57: 9 | I57: 5 | J57: 12 | K57: 14 | L57: 6 | M57: 17 | N57: 17 | O57: 8 | P57: 15 | Q57: 11 | R57: 7 | S57: 19 | T57: 11 | U57: 10 | V57: 5 | W57: 12 | X57: 12 | Y57: 11 | Z57: 18 | AA57: 8 | AB57: 11 | AC57: 15 | AD57: 13 | AE57: 7 | AF57: 7 | AG57: 16 | AH57: 9 | AI57: 14 | AJ57: 9 | AK57: 13 | AL57: 8 | AM57: 8 | AN57: 9 | AO57: 7 | AP57: 14 | AQ57: 19 | AR57: 27 | AS57: =SUM(E57:AR57) -> 488
A58: A.2 | C58: 1. AHMAD HADINUDDIN, S.Pd.I. | E58: 2 | F58: 4 | G58: 2 | H58: 8 | I58: 7 | J58: 6 | K58: 9 | L58: 3 | M58: 6 | N58: 9 | O58: 9 | P58: 7 | Q58: 9 | R58: 5 | S58: 18 | T58: 2 | U58: 5 | V58: 3 | W58: 1 | X58: 8 | Y58: 5 | Z58: 4 | AA58: 11 | AB58: 6 | AC58: 8 | AD58: 1 | AE58: 2 | AF58: 2 | AG58: 7 | AH58: 8 | AI58: 4 | AJ58: 7 | AK58: 2 | AL58: 5 | AM58: 6 | AN58: 7 | AO58: 7 | AP58: 7 | AQ58: 14 | AR58: 8 | AS58: =SUM(E58:AR58) -> 244
C59: 2. BIMA RAFSANJANI RAFID | E59: 5 | F59: 3 | G59: 4 | H59: 3 | I59: 4 | J59: 3 | K59: 9 | L59: 4 | M59: 3 | N59: 6 | O59: 5 | P59: 4 | Q59: 6 | R59: 4 | S59: 22 | T59: 11 | U59: 13 | V59: 10 | W59: 5 | X59: 7 | Y59: 7 | Z59: 2 | AA59: 3 | AB59: 10 | AC59: 2 | AD59: 4 | AE59: 3 | AF59: 1 | AG59: 5 | AH59: 3 | AI59: 4 | AJ59: 5 | AK59: 0 | AL59: 1 | AM59: 2 | AN59: 4 | AO59: 5 | AP59: 9 | AQ59: 6 | AR59: 6 | AS59: =SUM(E59:AR59) -> 213
C60: 3. IRA DAMAYANTI | E60: 2 | F60: 2 | G60: 2 | H60: 3 | I60: 2 | J60: 2 | K60: 2 | L60: 0 | M60: 6 | N60: 0 | O60: 1 | P60: 0 | Q60: 3 | R60: 1 | S60: 6 | T60: 3 | U60: 0 | V60: 0 | W60: 0 | X60: 1 | Y60: 1 | Z60: 1 | AA60: 4 | AB60: 3 | AC60: 7 | AD60: 1 | AE60: 5 | AF60: 3 | AG60: 2 | AH60: 2 | AI60: 3 | AJ60: 4 | AK60: 1 | AL60: 2 | AM60: 0 | AN60: 1 | AO60: 1 | AP60: 5 | AQ60: 4 | AR60: 6 | AS60: =SUM(E60:AR60) -> 92
C61: 4. MAULANA MALIK IBRAHIM, S.H. | E61: 3 | F61: 1 | G61: 2 | H61: 3 | I61: 1 | J61: 2 | K61: 6 | L61: 2 | M61: 1 | N61: 5 | O61: 2 | P61: 0 | Q61: 1 | R61: 3 | S61: 3 | T61: 4 | U61: 3 | V61: 10 | W61: 0 | X61: 4 | Y61: 8 | Z61: 15 | AA61: 2 | AB61: 3 | AC61: 4 | AD61: 4 | AE61: 3 | AF61: 1 | AG61: 0 | AH61: 3 | AI61: 3 | AJ61: 4 | AK61: 2 | AL61: 1 | AM61: 0 | AN61: 0 | AO61: 1 | AP61: 1 | AQ61: 2 | AR61: 5 | AS61: =SUM(E61:AR61) -> 118
C62: 5. LULUK ALFIATI | E62: 0 | F62: 1 | G62: 1 | H62: 2 | I62: 2 | J62: 0 | K62: 1 | L62: 1 | M62: 0 | N62: 0 | O62: 0 | P62: 1 | Q62: 0 | R62: 0 | S62: 3 | T62: 1 | U62: 0 | V62: 2 | W62: 2 | X62: 2 | Y62: 2 | Z62: 1 | AA62: 2 | AB62: 1 | AC62: 0 | AD62: 0 | AE62: 1 | AF62: 1 | AG62: 0 | AH62: 0 | AI62: 0 | AJ62: 2 | AK62: 1 | AL62: 0 | AM62: 0 | AN62: 0 | AO62: 1 | AP62: 3 | AQ62: 1 | AR62: 0 | AS62: =SUM(E62:AR62) -> 35
C63: 6. ILHAM WAHYUDI, S.H. | E63: 0 | F63: 0 | G63: 1 | H63: 0 | I63: 0 | J63: 0 | K63: 1 | L63: 0 | M63: 1 | N63: 0 | O63: 0 | P63: 0 | Q63: 1 | R63: 0 | S63: 1 | T63: 2 | U63: 0 | V63: 0 | W63: 1 | X63: 1 | Y63: 2 | Z63: 1 | AA63: 2 | AB63: 1 | AC63: 0 | AD63: 0 | AE63: 1 | AF63: 2 | AG63: 1 | AH63: 0 | AI63: 0 | AJ63: 0 | AK63: 0 | AL63: 0 | AM63: 0 | AN63: 0 | AO63: 1 | AP63: 1 | AQ63: 2 | AR63: 0 | AS63: =SUM(E63:AR63) -> 23
C64: 7. HAERUL ANWAR, S.Pd.I. | E64: 0 | F64: 1 | G64: 0 | H64: 0 | I64: 0 | J64: 0 | K64: 0 | L64: 0 | M64: 0 | N64: 0 | O64: 0 | P64: 1 | Q64: 0 | R64: 1 | S64: 0 | T64: 0 | U64: 0 | V64: 0 | W64: 0 | X64: 1 | Y64: 0 | Z64: 1 | AA64: 0 | AB64: 0 | AC64: 0 | AD64: 1 | AE64: 0 | AF64: 0 | AG64: 0 | AH64: 0 | AI64: 0 | AJ64: 1 | AK64: 1 | AL64: 1 | AM64: 0 | AN64: 0 | AO64: 0 | AP64: 0 | AQ64: 1 | AR64: 0 | AS64: =SUM(E64:AR64) -> 10
C65: 8. YOVI ADHITYA WARDANI | E65: 0 | F65: 1 | G65: 0 | H65: 0 | I65: 3 | J65: 0 | K65: 0 | L65: 0 | M65: 2 | N65: 0 | O65: 0 | P65: 1 | Q65: 0 | R65: 0 | S65: 1 | T65: 1 | U65: 0 | V65: 0 | W65: 0 | X65: 0 | Y65: 0 | Z65: 0 | AA65: 1 | AB65: 0 | AC65: 0 | AD65: 0 | AE65: 1 | AF65: 0 | AG65: 0 | AH65: 0 | AI65: 0 | AJ65: 0 | AK65: 0 | AL65: 0 | AM65: 1 | AN65: 0 | AO65: 0 | AP65: 0 | AQ65: 0 | AR65: 0 | AS65: =SUM(E65:AR65) -> 12
C66: 9. RITA AMELIA | E66: 0 | F66: 1 | G66: 1 | H66: 0 | I66: 2 | J66: 0 | K66: 1 | L66: 0 | M66: 0 | N66: 0 | O66: 1 | P66: 0 | Q66: 0 | R66: 1 | S66: 0 | T66: 1 | U66: 0 | V66: 0 | W66: 0 | X66: 2 | Y66: 1 | Z66: 0 | AA66: 0 | AB66: 1 | AC66: 0 | AD66: 0 | AE66: 0 | AF66: 0 | AG66: 1 | AH66: 0 | AI66: 0 | AJ66: 1 | AK66: 1 | AL66: 0 | AM66: 1 | AN66: 0 | AO66: 1 | AP66: 1 | AQ66: 0 | AR66: 0 | AS66: =SUM(E66:AR66) -> 18
A67: B | B67: JUMLAH SUARA SAH PARTAI POLITIK DAN CALON (A1 + A2) | E67: =SUM(E57:E66) -> 23 | F67: =SUM(F57:F66) -> 37 | G67: =SUM(G57:G66) -> 34 | H67: =SUM(H57:H66) -> 28 | I67: =SUM(I57:I66) -> 26 | J67: =SUM(J57:J66) -> 25 | K67: =SUM(K57:K66) -> 43 | L67: =SUM(L57:L66) -> 16 | ... AS67: =SUM(AS57:AS66) -> 1253
A69: A.1 | B69: 3. | C69: Partai Demokrasi Indonesia Perjuangan | E69: 7 | F69: 4 | G69: 6 | H69: 10 | I69: 5 | J69: 19 | K69: 11 | L69: 2 | M69: 7 | N69: 13 | O69: 10 | P69: 7 | Q69: 15 | R69: 15 | S69: 18 | T69: 19 | U69: 7 | V69: 8 | W69: 21 | X69: 3 | Y69: 9 | Z69: 15 | AA69: 6 | AB69: 6 | AC69: 7 | AD69: 14 | AE69: 6 | AF69: 7 | AG69: 24 | AH69: 7 | AI69: 11 | AJ69: 15 | AK69: 21 | AL69: 12 | AM69: 26 | AN69: 10 | AO69: 15 | AP69: 15 | AQ69: 22 | AR69: 18 | AS69: =SUM(E69:AR69) -> 473
A70: A.2 | C70: 1. MARTIN H., S.H., M.H. | E70: 1 | F70: 2 | G70: 2 | H70: 2 | I70: 5 | J70: 7 | K70: 5 | L70: 8 | M70: 7 | N70: 4 | O70: 3 | P70: 4 | Q70: 3 | R70: 3 | S70: 2 | T70: 6 | U70: 5 | V70: 0 | W70: 2 | X70: 3 | Y70: 2 | Z70: 1 | AA70: 0 | AB70: 2 | AC70: 3 | AD70: 8 | AE70: 4 | AF70: 4 | AG70: 5 | AH70: 4 | AI70: 1 | AJ70: 9 | AK70: 7 | AL70: 1 | AM70: 7 | AN70: 6 | AO70: 18 | AP70: 11 | AQ70: 7 | AR70: 6 | AS70: =SUM(E70:AR70) -> 180
C71: 2. HERMANTO, S.E. | E71: 0 | F71: 7 | G71: 1 | H71: 2 | I71: 7 | J71: 10 | K71: 3 | L71: 4 | M71: 5 | N71: 7 | O71: 4 | P71: 0 | Q71: 7 | R71: 10 | S71: 3 | T71: 5 | U71: 6 | V71: 2 | W71: 8 | X71: 2 | Y71: 4 | Z71: 9 | AA71: 1 | AB71: 2 | AC71: 3 | AD71: 4 | AE71: 1 | AF71: 5 | AG71: 2 | AH71: 5 | AI71: 13 | AJ71: 5 | AK71: 7 | AL71: 23 | AM71: 4 | AN71: 9 | AO71: 16 | AP71: 14 | AQ71: 8 | AR71: 5 | AS71: =SUM(E71:AR71) -> 233
C72: 3. EVY SUSILAWATI, S.E., M.M. | E72: 2 | F72: 6 | G72: 3 | H72: 1 | I72: 3 | J72: 6 | K72: 10 | L72: 4 | M72: 1 | N72: 5 | O72: 3 | P72: 3 | Q72: 4 | R72: 10 | S72: 11 | T72: 13 | U72: 3 | V72: 5 | W72: 7 | X72: 3 | Y72: 7 | Z72: 5 | AA72: 6 | AB72: 2 | AC72: 4 | AD72: 2 | AE72: 9 | AF72: 6 | AG72: 12 | AH72: 8 | AI72: 9 | AJ72: 11 | AK72: 12 | AL72: 10 | AM72: 7 | AN72: 4 | AO72: 17 | AP72: 8 | AQ72: 7 | AR72: 10 | AS72: =SUM(E72:AR72) -> 259
C73: 4. M. SIROTTUDIN | E73: 2 | F73: 3 | G73: 1 | H73: 0 | I73: 2 | J73: 1 | K73: 1 | L73: 2 | M73: 2 | N73: 4 | O73: 0 | P73: 0 | Q73: 2 | R73: 5 | S73: 1 | T73: 1 | U73: 0 | V73: 0 | W73: 1 | X73: 0 | Y73: 3 | Z73: 1 | AA73: 4 | AB73: 3 | AC73: 0 | AD73: 3 | AE73: 1 | AF73: 2 | AG73: 1 | AH73: 1 | AI73: 3 | AJ73: 2 | AK73: 2 | AL73: 2 | AM73: 2 | AN73: 1 | AO73: 4 | AP73: 1 | AQ73: 2 | AR73: 4 | AS73: =SUM(E73:AR73) -> 70
C74: 5. ABDUL HAFID, S.H. | E74: 0 | F74: 1 | G74: 1 | H74: 2 | I74: 1 | J74: 1 | K74: 0 | L74: 1 | M74: 0 | N74: 1 | O74: 2 | P74: 1 | Q74: 3 | R74: 2 | S74: 0 | T74: 3 | U74: 1 | V74: 1 | W74: 0 | X74: 1 | Y74: 3 | Z74: 3 | AA74: 0 | AB74: 0 | AC74: 2 | AD74: 1 | AE74: 2 | AF74: 4 | AG74: 5 | AH74: 1 | AI74: 2 | AJ74: 1 | AK74: 3 | AL74: 2 | AM74: 0 | AN74: 0 | AO74: 2 | AP74: 3 | AQ74: 1 | AR74: 0 | AS74: =SUM(E74:AR74) -> 57
C75: 6. NIKITA FORTUNA SURYANINGATI, A.Md.Keb. | E75: 3 | F75: 2 | G75: 2 | H75: 0 | I75: 1 | J75: 3 | K75: 1 | L75: 3 | M75: 2 | N75: 1 | O75: 0 | P75: 0 | Q75: 3 | R75: 1 | S75: 0 | T75: 1 | U75: 0 | V75: 3 | W75: 2 | X75: 1 | Y75: 0 | Z75: 1 | AA75: 1 | AB75: 1 | AC75: 1 | AD75: 1 | AE75: 1 | AF75: 1 | AG75: 1 | AH75: 0 | AI75: 1 | AJ75: 0 | AK75: 2 | AL75: 2 | AM75: 0 | AN75: 1 | AO75: 1 | AP75: 1 | AQ75: 0 | AR75: 2 | AS75: =SUM(E75:AR75) -> 47
C76: 7. YUDHO ILHAM WIJAYA, S.E. | E76: 0 | F76: 2 | G76: 0 | H76: 1 | I76: 0 | J76: 0 | K76: 0 | L76: 1 | M76: 0 | N76: 2 | O76: 1 | P76: 0 | Q76: 1 | R76: 0 | S76: 0 | T76: 1 | U76: 1 | V76: 0 | W76: 0 | X76: 0 | Y76: 0 | Z76: 1 | AA76: 0 | AB76: 0 | AC76: 0 | AD76: 0 | AE76: 0 | AF76: 1 | AG76: 0 | AH76: 0 | AI76: 0 | AJ76: 0 | AK76: 0 | AL76: 0 | AM76: 1 | AN76: 1 | AO76: 1 | AP76: 0 | AQ76: 0 | AR76: 0 | AS76: =SUM(E76:AR76) -> 15
C77: 8. SETIAWATI, S.H. | E77: 0 | F77: 0 | G77: 2 | H77: 1 | I77: 2 | J77: 1 | K77: 0 | L77: 0 | M77: 0 | N77: 3 | O77: 1 | P77: 0 | Q77: 1 | R77: 2 | S77: 1 | T77: 0 | U77: 0 | V77: 1 | W77: 2 | X77: 1 | Y77: 0 | Z77: 2 | AA77: 1 | AB77: 0 | AC77: 0 | AD77: 0 | AE77: 0 | AF77: 1 | AG77: 2 | AH77: 0 | AI77: 1 | AJ77: 0 | AK77: 3 | AL77: 0 | AM77: 0 | AN77: 0 | AO77: 2 | AP77: 1 | AQ77: 0 | AR77: 0 | AS77: =SUM(E77:AR77) -> 31
C78: 9. EKO BUDI SANTOSO, S.H. | E78: 0 | F78: 0 | G78: 0 | H78: 0 | I78: 3 | J78: 0 | K78: 1 | L78: 0 | M78: 0 | N78: 0 | O78: 0 | P78: 0 | Q78: 2 | R78: 1 | S78: 1 | T78: 0 | U78: 0 | V78: 1 | W78: 1 | X78: 0 | Y78: 0 | Z78: 0 | AA78: 1 | AB78: 1 | AC78: 1 | AD78: 0 | AE78: 0 | AF78: 1 | AG78: 0 | AH78: 0 | AI78: 0 | AJ78: 0 | AK78: 0 | AL78: 0 | AM78: 1 | AN78: 0 | AO78: 2 | AP78: 0 | AQ78: 0 | AR78: 1 | AS78: =SUM(E78:AR78) -> 18
A79: B | B79: JUMLAH SUARA SAH PARTAI POLITIK DAN CALON (A1 + A2) | E79: =SUM(E69:E78) -> 15 | F79: =SUM(F69:F78) -> 27 | G79: =SUM(G69:G78) -> 18 | H79: =SUM(H69:H78) -> 19 | I79: =SUM(I69:I78) -> 29 | J79: =SUM(J69:J78) -> 48 | K79: =SUM(K69:K78) -> 32 | L79: =SUM(L69:L78) -> 25 | ... AS79: =SUM(AS69:AS78) -> 1383
A81: A.1 | B81: 4. | C81: Partai Golongan Karya | E81: 5 | F81: 8 | G81: 4 | H81: 7 | I81: 1 | J81: 3 | K81: 3 | L81: 6 | M81: 7 | N81: 7 | O81: 5 | P81: 6 | Q81: 4 | R81: 7 | S81: 8 | T81: 7 | U81: 3 | V81: 5 | W81: 8 | X81: 1 | Y81: 2 | Z81: 1 | AA81: 8 | AB81: 4 | AC81: 6 | AD81: 4 | AE81: 3 | AF81: 1 | AG81: 2 | AH81: 6 | AI81: 6 | AJ81: 4 | AK81: 6 | AL81: 1 | AM81: 4 | AN81: 8 | AO81: 4 | AP81: 4 | AQ81: 9 | AR81: 1 | AS81: =SUM(E81:AR81) -> 189
A82: A.2 | C82: 1. PRANAYA YUDHA MAHARDHIKA | E82: 5 | F82: 4 | G82: 2 | H82: 6 | I82: 5 | J82: 2 | K82: 3 | L82: 9 | M82: 12 | N82: 6 | O82: 4 | P82: 4 | Q82: 2 | R82: 4 | S82: 38 | T82: 14 | U82: 2 | V82: 4 | W82: 8 | X82: 0 | Y82: 5 | Z82: 9 | AA82: 17 | AB82: 2 | AC82: 6 | AD82: 0 | AE82: 4 | AF82: 2 | AG82: 3 | AH82: 8 | AI82: 1 | AJ82: 4 | AK82: 6 | AL82: 2 | AM82: 3 | AN82: 13 | AO82: 5 | AP82: 5 | AQ82: 3 | AR82: 1 | AS82: =SUM(E82:AR82) -> 233
C83: 2. Dra. Ec. ENDANG SULASTUTY, M.I.P. | E83: 1 | F83: 2 | G83: 4 | H83: 0 | I83: 0 | J83: 0 | K83: 0 | L83: 4 | M83: 3 | N83: 2 | O83: 1 | P83: 0 | Q83: 1 | R83: 3 | S83: 4 | T83: 4 | U83: 2 | V83: 0 | W83: 1 | X83: 2 | Y83: 0 | Z83: 2 | AA83: 8 | AB83: 1 | AC83: 1 | AD83: 0 | AE83: 0 | AF83: 1 | AG83: 1 | AH83: 1 | AI83: 0 | AJ83: 0 | AK83: 0 | AL83: 0 | AM83: 0 | AN83: 7 | AO83: 3 | AP83: 3 | AQ83: 1 | AR83: 0 | AS83: =SUM(E83:AR83) -> 63
C84: 3. AGUS REJEKI WARTONO | E84: 1 | F84: 0 | G84: 1 | H84: 0 | I84: 0 | J84: 0 | K84: 0 | L84: 1 | M84: 4 | N84: 1 | O84: 0 | P84: 0 | Q84: 2 | R84: 0 | S84: 3 | T84: 1 | U84: 0 | V84: 0 | W84: 0 | X84: 0 | Y84: 0 | Z84: 0 | AA84: 3 | AB84: 1 | AC84: 0 | AD84: 1 | AE84: 0 | AF84: 0 | AG84: 0 | AH84: 0 | AI84: 1 | AJ84: 0 | AK84: 2 | AL84: 0 | AM84: 0 | AN84: 0 | AO84: 2 | AP84: 0 | AQ84: 0 | AR84: 0 | AS84: =SUM(E84:AR84) -> 24
C85: 4. Hj. TUTUK ASMA'A ZUCHROH, S.T., M.T. | E85: 0 | F85: 1 | G85: 3 | H85: 0 | I85: 1 | J85: 2 | K85: 1 | L85: 2 | M85: 3 | N85: 0 | O85: 1 | P85: 0 | Q85: 0 | R85: 1 | S85: 2 | T85: 0 | U85: 1 | V85: 2 | W85: 1 | X85: 1 | Y85: 0 | Z85: 0 | AA85: 1 | AB85: 1 | AC85: 1 | AD85: 1 | AE85: 0 | AF85: 2 | AG85: 0 | AH85: 1 | AI85: 1 | AJ85: 1 | AK85: 1 | AL85: 1 | AM85: 3 | AN85: 1 | AO85: 0 | AP85: 1 | AQ85: 1 | AR85: 1 | AS85: =SUM(E85:AR85) -> 40
C86: 5. ADE M. RIZKI, S.E. | E86: 3 | F86: 2 | G86: 2 | H86: 1 | I86: 0 | J86: 0 | K86: 0 | L86: 0 | M86: 0 | N86: 1 | O86: 0 | P86: 2 | Q86: 2 | R86: 3 | S86: 1 | T86: 0 | U86: 19 | V86: 0 | W86: 1 | X86: 3 | Y86: 2 | Z86: 0 | AA86: 2 | AB86: 1 | AC86: 0 | AD86: 4 | AE86: 1 | AF86: 2 | AG86: 1 | AH86: 4 | AI86: 0 | AJ86: 0 | AK86: 0 | AL86: 0 | AM86: 0 | AN86: 3 | AO86: 0 | AP86: 0 | AQ86: 0 | AR86: 0 | AS86: =SUM(E86:AR86) -> 60
C87: 6. ABDURAKHMAN, Bc.Kn. | E87: 0 | F87: 0 | G87: 1 | H87: 0 | I87: 0 | J87: 1 | K87: 0 | L87: 0 | M87: 0 | N87: 0 | O87: 0 | P87: 0 | Q87: 0 | R87: 1 | S87: 0 | T87: 0 | U87: 0 | V87: 0 | W87: 0 | X87: 0 | Y87: 0 | Z87: 0 | AA87: 0 | AB87: 0 | AC87: 1 | AD87: 0 | AE87: 2 | AF87: 0 | AG87: 0 | AH87: 0 | AI87: 0 | AJ87: 1 | AK87: 1 | AL87: 0 | AM87: 0 | AN87: 0 | AO87: 0 | AP87: 1 | AQ87: 0 | AR87: 0 | AS87: =SUM(E87:AR87) -> 9
C88: 7. CENDY RHIYAN ADI PUTRI | E88: 0 | F88: 0 | G88: 0 | H88: 0 | I88: 0 | J88: 0 | K88: 0 | L88: 0 | M88: 0 | N88: 1 | O88: 0 | P88: 1 | Q88: 0 | R88: 0 | S88: 0 | T88: 0 | U88: 0 | V88: 0 | W88: 0 | X88: 0 | Y88: 0 | Z88: 0 | AA88: 1 | AB88: 0 | AC88: 0 | AD88: 0 | AE88: 0 | AF88: 0 | AG88: 0 | AH88: 0 | AI88: 0 | AJ88: 0 | AK88: 0 | AL88: 0 | AM88: 0 | AN88: 0 | AO88: 0 | AP88: 0 | AQ88: 0 | AR88: 0 | AS88: =SUM(E88:AR88) -> 3
C89: 8. BAKTI WIJAYANTO, S.E. | E89: 0 | F89: 1 | G89: 0 | H89: 0 | I89: 0 | J89: 0 | K89: 0 | L89: 0 | M89: 0 | N89: 0 | O89: 1 | P89: 0 | Q89: 0 | R89: 0 | S89: 0 | T89: 0 | U89: 0 | V89: 0 | W89: 0 | X89: 0 | Y89: 0 | Z89: 0 | AA89: 1 | AB89: 0 | AC89: 1 | AD89: 0 | AE89: 0 | AF89: 0 | AG89: 0 | AH89: 0 | AI89: 0 | AJ89: 0 | AK89: 0 | AL89: 0 | AM89: 0 | AN89: 0 | AO89: 0 | AP89: 0 | AQ89: 0 | AR89: 0 | AS89: =SUM(E89:AR89) -> 4
C90: 9. AHMAD UBAIDILLAH | E90: 2 | F90: 0 | G90: 0 | H90: 0 | I90: 0 | J90: 0 | K90: 0 | L90: 0 | M90: 1 | N90: 0 | O90: 0 | P90: 1 | Q90: 0 | R90: 1 | S90: 0 | T90: 0 | U90: 0 | V90: 0 | W90: 0 | X90: 0 | Y90: 2 | Z90: 0 | AA90: 0 | AB90: 0 | AC90: 1 | AD90: 0 | AE90: 1 | AF90: 0 | AG90: 0 | AH90: 1 | AI90: 0 | AJ90: 0 | AK90: 0 | AL90: 0 | AM90: 0 | AN90: 0 | AO90: 0 | AP90: 0 | AQ90: 0 | AR90: 0 | AS90: =SUM(E90:AR90) -> 10
A91: B | B91: JUMLAH SUARA SAH PARTAI POLITIK DAN CALON (A1 + A2) | E91: =SUM(E81:E90) -> 17 | F91: =SUM(F81:F90) -> 18 | G91: =SUM(G81:G90) -> 17 | H91: =SUM(H81:H90) -> 14 | I91: =SUM(I81:I90) -> 7 | J91: =SUM(J81:J90) -> 8 | K91: =SUM(K81:K90) -> 7 | L91: =SUM(L81:L90) -> 22 | ... AS91: =SUM(AS81:AS90) -> 635
A93: A.1 | B93: 5. | C93: Partai NasDem | E93: 6 | F93: 0 | G93: 3 | H93: 4 | I93: 1 | J93: 2 | K93: 0 | L93: 2 | M93: 8 | N93: 1 | O93: 5 | P93: 2 | Q93: 8 | R93: 4 | S93: 2 | T93: 0 | U93: 2 | V93: 0 | W93: 2 | X93: 0 | Y93: 0 | Z93: 2 | AA93: 1 | AB93: 1 | AC93: 1 | AD93: 2 | AE93: 4 | AF93: 4 | AG93: 2 | AH93: 15 | AI93: 4 | AJ93: 12 | AK93: 6 | AL93: 3 | AM93: 8 | AN93: 3 | AO93: 2 | AP93: 5 | AQ93: 1 | AR93: 2 | AS93: =SUM(E93:AR93) -> 130
A94: A.2 | C94: 1. ALI MUSTOFA, A.Md. | E94: 2 | F94: 1 | G94: 11 | H94: 2 | I94: 2 | J94: 2 | K94: 3 | L94: 4 | M94: 4 | N94: 5 | O94: 12 | P94: 9 | Q94: 2 | R94: 20 | S94: 5 | T94: 5 | U94: 13 | V94: 2 | W94: 4 | X94: 2 | Y94: 2 | Z94: 0 | AA94: 5 | AB94: 5 | AC94: 7 | AD94: 6 | AE94: 28 | AF94: 51 | AG94: 1 | AH94: 3 | AI94: 2 | AJ94: 16 | AK94: 1 | AL94: 0 | AM94: 7 | AN94: 6 | AO94: 5 | AP94: 16 | AQ94: 1 | AR94: 3 | AS94: =SUM(E94:AR94) -> 275
C95: 2. Hj. BUAMI, S.H. | E95: 4 | F95: 0 | G95: 0 | H95: 2 | I95: 1 | J95: 2 | K95: 0 | L95: 2 | M95: 3 | N95: 0 | O95: 1 | P95: 10 | Q95: 0 | R95: 0 | S95: 1 | T95: 0 | U95: 1 | V95: 0 | W95: 0 | X95: 0 | Y95: 0 | Z95: 1 | AA95: 1 | AB95: 1 | AC95: 1 | AD95: 0 | AE95: 1 | AF95: 0 | AG95: 1 | AH95: 1 | AI95: 1 | AJ95: 0 | AK95: 1 | AL95: 1 | AM95: 4 | AN95: 0 | AO95: 2 | AP95: 8 | AQ95: 1 | AR95: 1 | AS95: =SUM(E95:AR95) -> 53
C96: 3. SUGIONO, S.H. | E96: 0 | F96: 0 | G96: 0 | H96: 0 | I96: 0 | J96: 1 | K96: 0 | L96: 0 | M96: 4 | N96: 1 | O96: 1 | P96: 5 | Q96: 1 | R96: 2 | S96: 1 | T96: 3 | U96: 2 | V96: 0 | W96: 0 | X96: 0 | Y96: 1 | Z96: 0 | AA96: 0 | AB96: 1 | AC96: 0 | AD96: 0 | AE96: 0 | AF96: 0 | AG96: 0 | AH96: 1 | AI96: 1 | AJ96: 0 | AK96: 2 | AL96: 0 | AM96: 1 | AN96: 4 | AO96: 0 | AP96: 2 | AQ96: 2 | AR96: 0 | AS96: =SUM(E96:AR96) -> 36
C97: 4. LULUK SUNARMIATININGSIH | E97: 1 | F97: 0 | G97: 0 | H97: 0 | I97: 0 | J97: 0 | K97: 2 | L97: 0 | M97: 2 | N97: 2 | O97: 1 | P97: 3 | Q97: 1 | R97: 2 | S97: 1 | T97: 0 | U97: 0 | V97: 0 | W97: 1 | X97: 2 | Y97: 0 | Z97: 0 | AA97: 0 | AB97: 2 | AC97: 0 | AD97: 0 | AE97: 0 | AF97: 0 | AG97: 0 | AH97: 1 | AI97: 0 | AJ97: 3 | AK97: 1 | AL97: 0 | AM97: 0 | AN97: 1 | AO97: 1 | AP97: 2 | AQ97: 1 | AR97: 0 | AS97: =SUM(E97:AR97) -> 30
C98: 5. ANTON DJULIANTO ADI | E98: 1 | F98: 0 | G98: 0 | H98: 0 | I98: 1 | J98: 0 | K98: 1 | L98: 0 | M98: 3 | N98: 1 | O98: 2 | P98: 0 | Q98: 0 | R98: 0 | S98: 0 | T98: 0 | U98: 0 | V98: 0 | W98: 0 | X98: 1 | Y98: 0 | Z98: 0 | AA98: 1 | AB98: 1 | AC98: 0 | AD98: 2 | AE98: 0 | AF98: 0 | AG98: 0 | AH98: 0 | AI98: 0 | AJ98: 0 | AK98: 0 | AL98: 1 | AM98: 0 | AN98: 0 | AO98: 0 | AP98: 1 | AQ98: 0 | AR98: 1 | AS98: =SUM(E98:AR98) -> 17
C99: 6. MOKHAMAD ROFI'I KHUSNAN | E99: 0 | F99: 0 | G99: 0 | H99: 0 | I99: 0 | J99: 0 | K99: 0 | L99: 1 | M99: 0 | N99: 0 | O99: 0 | P99: 0 | Q99: 0 | R99: 0 | S99: 0 | T99: 0 | U99: 0 | V99: 0 | W99: 1 | X99: 0 | Y99: 0 | Z99: 0 | AA99: 0 | AB99: 0 | AC99: 0 | AD99: 0 | AE99: 0 | AF99: 0 | AG99: 0 | AH99: 1 | AI99: 0 | AJ99: 0 | AK99: 0 | AL99: 0 | AM99: 0 | AN99: 0 | AO99: 0 | AP99: 1 | AQ99: 0 | AR99: 0 | AS99: =SUM(E99:AR99) -> 4
C100: 7. Rr SETYO WATI | E100: 0 | F100: 0 | G100: 0 | H100: 0 | I100: 0 | J100: 0 | K100: 0 | L100: 0 | M100: 0 | N100: 0 | O100: 0 | P100: 0 | Q100: 0 | R100: 1 | S100: 0 | T100: 0 | U100: 0 | V100: 0 | W100: 0 | X100: 0 | Y100: 0 | Z100: 0 | AA100: 0 | AB100: 0 | AC100: 0 | AD100: 0 | AE100: 0 | AF100: 0 | AG100: 0 | AH100: 0 | AI100: 0 | AJ100: 1 | AK100: 0 | AL100: 0 | AM100: 0 | AN100: 0 | AO100: 0 | AP100: 1 | AQ100: 0 | AR100: 0 | AS100: =SUM(E100:AR100) -> 3
C101: 8. ABD. KADIR ASSEGAFF | E101: 0 | F101: 0 | G101: 0 | H101: 0 | I101: 0 | J101: 0 | K101: 0 | L101: 0 | M101: 0 | N101: 0 | O101: 0 | P101: 0 | Q101: 0 | R101: 0 | S101: 0 | T101: 0 | U101: 0 | V101: 0 | W101: 0 | X101: 0 | Y101: 0 | Z101: 0 | AA101: 0 | AB101: 0 | AC101: 0 | AD101: 0 | AE101: 0 | AF101: 0 | AG101: 0 | AH101: 0 | AI101: 0 | AJ101: 0 | AK101: 0 | AL101: 0 | AM101: 0 | AN101: 0 | AO101: 0 | AP101: 0 | AQ101: 0 | AR101: 0 | AS101: =SUM(E101:AR101) -> 0
C102: 9. FATHOR ZAINULLAH | E102: 0 | F102: 0 | G102: 0 | H102: 0 | I102: 0 | J102: 0 | K102: 0 | L102: 0 | M102: 0 | N102: 0 | O102: 0 | P102: 0 | Q102: 0 | R102: 0 | S102: 0 | T102: 0 | U102: 0 | V102: 0 | W102: 1 | X102: 0 | Y102: 0 | Z102: 0 | AA102: 0 | AB102: 0 | AC102: 0 | AD102: 0 | AE102: 0 | AF102: 0 | AG102: 0 | AH102: 0 | AI102: 0 | AJ102: 0 | AK102: 0 | AL102: 0 | AM102: 0 | AN102: 0 | AO102: 0 | AP102: 0 | AQ102: 0 | AR102: 0 | AS102: =SUM(E102:AR102) -> 1
A103: B | B103: JUMLAH SUARA SAH PARTAI POLITIK DAN CALON (A1 + A2) | E103: =SUM(E93:E102) -> 14 | F103: =SUM(F93:F102) -> 1 | G103: =SUM(G93:G102) -> 14 | H103: =SUM(H93:H102) -> 8 | I103: =SUM(I93:I102) -> 5 | J103: =SUM(J93:J102) -> 7 | K103: =SUM(K93:K102) -> 6 | L103: =SUM(L93:L102) -> 9 | ... AS103: =SUM(AS93:AS102) -> 549
A105: A.1 | B105: 6. | C105: Partai Buruh | E105: 0 | F105: 0 | G105: 1 | H105: 0 | I105: 1 | J105: 1 | K105: 0 | L105: 0 | M105: 0 | N105: 0 | O105: 1 | P105: 1 | Q105: 0 | R105: 0 | S105: 1 | T105: 1 | U105: 0 | V105: 0 | W105: 1 | X105: 0 | Y105: 1 | Z105: 0 | AA105: 1 | AB105: 0 | AC105: 1 | AD105: 0 | AE105: 2 | AF105: 0 | AG105: 1 | AH105: 4 | AI105: 2 | AJ105: 1 | AK105: 1 | AL105: 0 | AM105: 0 | AN105: 0 | AO105: 0 | AP105: 1 | AQ105: 2 | AR105: 1 | AS105: =SUM(E105:AR105) -> 26
A106: A.2 | C106: 1. AGUS SUPRIYADI | E106: 1 | F106: 2 | G106: 1 | H106: 0 | I106: 1 | J106: 1 | K106: 2 | L106: 1 | M106: 1 | N106: 0 | O106: 0 | P106: 0 | Q106: 0 | R106: 1 | S106: 0 | T106: 0 | U106: 0 | V106: 0 | W106: 0 | X106: 0 | Y106: 0 | Z106: 1 | AA106: 0 | AB106: 0 | AC106: 0 | AD106: 1 | AE106: 0 | AF106: 0 | AG106: 1 | AH106: 0 | AI106: 1 | AJ106: 1 | AK106: 0 | AL106: 0 | AM106: 0 | AN106: 0 | AO106: 0 | AP106: 0 | AQ106: 2 | AR106: 0 | AS106: =SUM(E106:AR106) -> 18
C107: 2. ENI HARIATI | E107: 1 | F107: 0 | G107: 0 | H107: 0 | I107: 0 | J107: 0 | K107: 0 | L107: 0 | M107: 0 | N107: 1 | O107: 0 | P107: 0 | Q107: 0 | R107: 0 | S107: 0 | T107: 1 | U107: 0 | V107: 0 | W107: 0 | X107: 0 | Y107: 0 | Z107: 0 | AA107: 0 | AB107: 1 | AC107: 0 | AD107: 0 | AE107: 0 | AF107: 0 | AG107: 0 | AH107: 0 | AI107: 0 | AJ107: 0 | AK107: 1 | AL107: 0 | AM107: 0 | AN107: 0 | AO107: 0 | AP107: 1 | AQ107: 1 | AR107: 0 | AS107: =SUM(E107:AR107) -> 7
AS108: =SUM(E108:AR108) -> 0
AS109: =SUM(E109:AR109) -> 0
AS110: =SUM(E110:AR110) -> 0
AS111: =SUM(E111:AR111) -> 0
AS112: =SUM(E112:AR112) -> 0
AS113: =SUM(E113:AR113) -> 0
AS114: =SUM(E114:AR114) -> 0
A115: B | B115: JUMLAH SUARA SAH PARTAI POLITIK DAN CALON (A1 + A2) | E115: =SUM(E105:E114) -> 2 | F115: =SUM(F105:F114) -> 2 | G115: =SUM(G105:G114) -> 2 | H115: =SUM(H105:H114) -> 0 | I115: =SUM(I105:I114) -> 2 | J115: =SUM(J105:J114) -> 2 | K115: =SUM(K105:K114) -> 2 | L115: =SUM(L105:L114) -> 1 | ... AS115: =SUM(AS105:AS114) -> 51
A117: A.1 | B117: 7. | C117: Partai Gelombang Rakyat Indonesia | E117: 0 | F117: 2 | G117: 0 | H117: 0 | I117: 0 | J117: 0 | K117: 1 | L117: 1 | M117: 1 | N117: 1 | O117: 2 | P117: 1 | Q117: 2 | R117: 1 | S117: 2 | T117: 0 | U117: 1 | V117: 0 | W117: 0 | X117: 0 | Y117: 1 | Z117: 1 | AA117: 2 | AB117: 0 | AC117: 1 | AD117: 1 | AE117: 0 | AF117: 0 | AG117: 1 | AH117: 0 | AI117: 1 | AJ117: 1 | AK117: 2 | AL117: 0 | AM117: 0 | AN117: 1 | AO117: 0 | AP117: 2 | AQ117: 0 | AR117: 0 | AS117: =SUM(E117:AR117) -> 29
...

Sheet SUKONATAR
C2: Kecamatan | D2: SRONO
C3: Kabupaten | D3: BANYUWANGI
C4: Provinsi | D4: JAWA TIMUR
C9: Kelurahan | D9: SUKONATAR
A12: I | B12: DATA PEMILIH DAN PENGGUNAAN HAK PILIH | T12: JUMLAH AKHIR
A13: A | B13: DATA PEMILIH | E13: TPS 001 | F13: TPS 002 | G13: TPS 003 | H13: TPS 004 | I13: TPS 005 | J13: TPS 006 | K13: TPS 007 | L13: TPS 008 | M13: TPS 009 | N13: TPS 010 | O13: TPS 011 | P13: TPS 012 | Q13: TPS 013 | R13: TPS 014 | S13: TPS 015
B14: Jumlah Pemilih dalam Daftar Pemilih Tetap (DPT) | D14: LK | E14: 142 | F14: 143 | G14: 145 | H14: 130 | I14: 120 | J14: 146 | K14: 134 | L14: 155 | M14: 125 | N14: 127 | O14: 119 | P14: 145 | Q14: 128 | R14: 139 | S14: 136 | T14: =SUM(E14:S14) -> 2034
D15: PR | E15: 138 | F15: 138 | G15: 141 | H15: 118 | I15: 145 | J15: 140 | K15: 132 | L15: 130 | M15: 148 | N15: 124 | O15: 124 | P15: 141 | Q15: 145 | R15: 143 | S15: 137 | T15: =SUM(E15:S15) -> 2044
D16: JML | E16: =SUM(E14:E15) -> 280 | F16: =SUM(F14:F15) -> 281 | G16: =SUM(G14:G15) -> 286 | H16: =SUM(H14:H15) -> 248 | I16: =SUM(I14:I15) -> 265 | J16: =SUM(J14:J15) -> 286 | K16: =SUM(K14:K15) -> 266 | L16: =SUM(L14:L15) -> 285 | ... S16: =SUM(S14:S15) -> 273 | T16: =SUM(E16:S16) -> 4078
A18: B | B18: PENGGUNA HAK PILIH
B19: 1. | C19: Jumlah pengguna hak pilih dalam Daftar Pemilih Tetap (DPT) | D19: LK | E19: 103 | F19: 97 | G19: 92 | H19: 90 | I19: 88 | J19: 116 | K19: 109 | L19: 109 | M19: 94 | N19: 90 | O19: 90 | P19: 114 | Q19: 102 | R19: 105 | S19: 94 | T19: =SUM(E19:S19) -> 1493
D20: PR | E20: 118 | F20: 111 | G20: 110 | H20: 80 | I20: 117 | J20: 112 | K20: 107 | L20: 106 | M20: 113 | N20: 102 | O20: 94 | P20: 122 | Q20: 125 | R20: 118 | S20: 107 | T20: =SUM(E20:S20) -> 1642
D21: JML | E21: =SUM(E19:E20) -> 221 | F21: =SUM(F19:F20) -> 208 | G21: =SUM(G19:G20) -> 202 | H21: =SUM(H19:H20) -> 170 | I21: =SUM(I19:I20) -> 205 | J21: =SUM(J19:J20) -> 228 | K21: =SUM(K19:K20) -> 216 | L21: =SUM(L19:L20) -> 215 | ... S21: =SUM(S19:S20) -> 201 | T21: =SUM(E21:S21) -> 3135
B22: 2. | C22: Jumlah pengguna hak pilih dalam Daftar Pemilih Tambahan (DPTb) | D22: LK | E22: 0 | F22: 0 | G22: 0 | H22: 0 | I22: 0 | J22: 0 | K22: 0 | L22: 0 | M22: 0 | N22: 0 | O22: 0 | P22: 0 | Q22: 0 | R22: 1 | S22: 0 | T22: =SUM(E22:S22) -> 1
D23: PR | E23: 0 | F23: 0 | G23: 0 | H23: 0 | I23: 0 | J23: 0 | K23: 0 | L23: 0 | M23: 0 | N23: 0 | O23: 0 | P23: 0 | Q23: 0 | R23: 1 | S23: 0 | T23: =SUM(E23:S23) -> 1
D24: JML | E24: =SUM(E22:E23) -> 0 | F24: =SUM(F22:F23) -> 0 | G24: =SUM(G22:G23) -> 0 | H24: =SUM(H22:H23) -> 0 | I24: =SUM(I22:I23) -> 0 | J24: =SUM(J22:J23) -> 0 | K24: =SUM(K22:K23) -> 0 | L24: =SUM(L22:L23) -> 0 | ... S24: =SUM(S22:S23) -> 0 | T24: =SUM(E24:S24) -> 2
B25: 3. | C25: Jumlah pengguna hak pilih dalam Daftar Pemilih Khusus (DPK) | D25: LK | E25: 2 | F25: 0 | G25: 1 | H25: 0 | I25: 0 | J25: 0 | K25: 1 | L25: 0 | M25: 2 | N25: 0 | O25: 0 | P25: 0 | Q25: 0 | R25: 0 | S25: 0 | T25: =SUM(E25:S25) -> 6
D26: PR | E26: 3 | F26: 0 | G26: 1 | H26: 1 | I26: 0 | J26: 0 | K26: 1 | L26: 0 | M26: 2 | N26: 0 | O26: 0 | P26: 0 | Q26: 0 | R26: 0 | S26: 1 | T26: =SUM(E26:S26) -> 9
D27: JML | E27: =SUM(E25:E26) -> 5 | F27: =SUM(F25:F26) -> 0 | G27: =SUM(G25:G26) -> 2 | H27: =SUM(H25:H26) -> 1 | I27: =SUM(I25:I26) -> 0 | J27: =SUM(J25:J26) -> 0 | K27: =SUM(K25:K26) -> 2 | L27: =SUM(L25:L26) -> 0 | ... S27: =SUM(S25:S26) -> 1 | T27: =SUM(E27:S27) -> 15
B28: 4. | C28: Jumlah Pengguna Hak Pilih (B.1+B.2+B.3) | D28: LK | E28: =SUM(E19,E22,E25) -> 105 | F28: =SUM(F19,F22,F25) -> 97 | G28: =SUM(G19,G22,G25) -> 93 | H28: =SUM(H19,H22,H25) -> 90 | I28: =SUM(I19,I22,I25) -> 88 | J28: =SUM(J19,J22,J25) -> 116 | K28: =SUM(K19,K22,K25) -> 110 | L28: =SUM(L19,L22,L25) -> 109 | ... S28: =SUM(S19,S22,S25) -> 94 | T28: =SUM(E28:S28) -> 1500
D29: PR | E29: =SUM(E20,E23,E26) -> 121 | F29: =SUM(F20,F23,F26) -> 111 | G29: =SUM(G20,G23,G26) -> 111 | H29: =SUM(H20,H23,H26) -> 81 | I29: =SUM(I20,I23,I26) -> 117 | J29: =SUM(J20,J23,J26) -> 112 | K29: =SUM(K20,K23,K26) -> 108 | L29: =SUM(L20,L23,L26) -> 106 | ... S29: =SUM(S20,S23,S26) -> 108 | T29: =SUM(E29:S29) -> 1652
D30: JML | E30: =SUM(E28:E29) -> 226 | F30: =SUM(F28:F29) -> 208 | G30: =SUM(G28:G29) -> 204 | H30: =SUM(H28:H29) -> 171 | I30: =SUM(I28:I29) -> 205 | J30: =SUM(J28:J29) -> 228 | K30: =SUM(K28:K29) -> 218 | L30: =SUM(L28:L29) -> 215 | ... S30: =SUM(S28:S29) -> 202 | T30: =SUM(E30:S30) -> 3152
A32: II | B32: DATA PENGGUNAAN SURAT SUARA
A33: 1 | B33: Jumlah surat suara yang diterima, termasuk surat suara cadangan 2,5% dari DPT | E33: 286 | F33: 287 | G33: 292 | H33: 253 | I33: 271 | J33: 282 | K33: 272 | L33: 292 | M33: 284 | N33: 255 | O33: 248 | P33: 292 | Q33: 279 | R33: 286 | S33: 279 | T33: =SUM(E33:S33) -> 4158
A34: 2 | B34: Jumlah surat suara yang digunakan | E34: 226 | F34: 208 | G34: 204 | H34: 171 | I34: 205 | J34: 228 | K34: 218 | L34: 215 | M34: 211 | N34: 192 | O34: 184 | P34: 236 | Q34: 227 | R34: 225 | S34: 202 | T34: =SUM(E34:S34) -> 3152
A35: 3 | B35: Jumlah surat suara dikembalikan oleh pemilih (karena rusak atau keliru coblos) | E35: 0 | F35: 2 | G35: 0 | H35: 0 | I35: 0 | J35: 0 | K35: 0 | L35: 1 | M35: 1 | N35: 0 | O35: 0 | P35: 1 | Q35: 0 | R35: 0 | S35: 0 | T35: =SUM(E35:S35) -> 5
A36: 4 | B36: Jumlah surat suara yang tidak digunakan/tidak terpakai, termasuk sisa surat suara cadangan | E36: =E33-(E34+E35) -> 60 | F36: =F33-(F34+F35) -> 77 | G36: =G33-(G34+G35) -> 88 | H36: =H33-(H34+H35) -> 82 | I36: =I33-(I34+I35) -> 66 | J36: =J33-(J34+J35) -> 54 | K36: =K33-(K34+K35) -> 54 | L36: =L33-(L34+L35) -> 76 | ... S36: =S33-(S34+S35) -> 77 | T36: =SUM(E36:S36) -> 1001
A38: III | B38: DATA PEMILIH DISABILITAS
B39: Jumlah seluruh Pemilih disabilitas yang menggunakan hak pilih | D39: LK | E39: 0 | F39: 0 | G39: 0 | H39: 0 | I39: 0 | J39: 0 | K39: 0 | L39: 0 | M39: 0 | N39: 2 | O39: 0 | P39: 0 | Q39: 0 | R39: 0 | S39: 0 | T39: =SUM(E39:S39) -> 2
D40: PR | E40: 0 | F40: 0 | G40: 0 | H40: 0 | I40: 0 | J40: 0 | K40: 0 | L40: 0 | M40: 0 | N40: 2 | O40: 0 | P40: 0 | Q40: 0 | R40: 0 | S40: 0 | T40: =SUM(E40:S40) -> 2
D41: JML | E41: =SUM(E39:E40) -> 0 | F41: =SUM(F39:F40) -> 0 | G41: =SUM(G39:G40) -> 0 | H41: =SUM(H39:H40) -> 0 | I41: =SUM(I39:I40) -> 0 | J41: =SUM(J39:J40) -> 0 | K41: =SUM(K39:K40) -> 0 | L41: =SUM(L39:L40) -> 0 | ... S41: =SUM(S39:S40) -> 0 | T41: =SUM(E41:S41) -> 4
A43: IV | B43: DATA RINCIAN PEROLEHAN SUARA PASANGAN CALON BUPATI DAN WAKIL BUPATI
A44: NOMOR DAN NAMA CALON
A45: A.1 | B45: 1. | C45: Partai Kebangkitan Bangsa | E45: 13 | F45: 7 | G45: 3 | H45: 3 | I45: 2 | J45: 4 | K45: 6 | L45: 2 | M45: 9 | N45: 14 | O45: 9 | P45: 17 | Q45: 10 | R45: 11 | S45: 7 | T45: =SUM(E45:S45) -> 117
A46: A.2 | C46: 1. Dra. Hj. MA`MULAH HARUN, M.Pd.I. | E46: 11 | F46: 10 | G46: 3 | H46: 3 | I46: 7 | J46: 5 | K46: 7 | L46: 11 | M46: 12 | N46: 25 | O46: 36 | P46: 57 | Q46: 28 | R46: 35 | S46: 11 | T46: =SUM(E46:S46) -> 261
C47: 2. UBAIDILLAH, S.Fil.I. | E47: 4 | F47: 4 | G47: 2 | H47: 1 | I47: 1 | J47: 0 | K47: 1 | L47: 1 | M47: 6 | N47: 0 | O47: 1 | P47: 1 | Q47: 3 | R47: 4 | S47: 2 | T47: =SUM(E47:S47) -> 31
C48: 3. Ir. H. YOYOK MULYADI, M.Si. | E48: 0 | F48: 1 | G48: 2 | H48: 0 | I48: 1 | J48: 0 | K48: 0 | L48: 0 | M48: 1 | N48: 0 | O48: 3 | P48: 1 | Q48: 1 | R48: 0 | S48: 0 | T48: =SUM(E48:S48) -> 10
C49: 4. KHOIRUL ANWAR, S.Fil.I. | E49: 3 | F49: 2 | G49: 2 | H49: 1 | I49: 1 | J49: 1 | K49: 2 | L49: 4 | M49: 2 | N49: 2 | O49: 0 | P49: 1 | Q49: 0 | R49: 2 | S49: 1 | T49: =SUM(E49:S49) -> 24
C50: 5. ARIF WIJAKSANA | E50: 3 | F50: 10 | G50: 2 | H50: 0 | I50: 0 | J50: 1 | K50: 1 | L50: 0 | M50: 0 | N50: 5 | O50: 4 | P50: 11 | Q50: 1 | R50: 1 | S50: 1 | T50: =SUM(E50:S50) -> 40
C51: 6. Dr. SITI YUMNAH | E51: 0 | F51: 0 | G51: 0 | H51: 0 | I51: 0 | J51: 1 | K51: 1 | L51: 2 | M51: 1 | N51: 0 | O51: 1 | P51: 1 | Q51: 0 | R51: 1 | S51: 1 | T51: =SUM(E51:S51) -> 9
C52: 7. MOHAMMAD ZAINI, M.Pd.I. | E52: 0 | F52: 0 | G52: 0 | H52: 0 | I52: 0 | J52: 2 | K52: 0 | L52: 1 | M52: 0 | N52: 0 | O52: 0 | P52: 2 | Q52: 0 | R52: 0 | S52: 0 | T52: =SUM(E52:S52) -> 5
C53: 8. FAWAIDUL MAKKIYAH | E53: 0 | F53: 0 | G53: 0 | H53: 0 | I53: 0 | J53: 0 | K53: 1 | L53: 0 | M53: 0 | N53: 1 | O53: 0 | P53: 0 | Q53: 0 | R53: 0 | S53: 0 | T53: =SUM(E53:S53) -> 2
C54: 9. IFFAH HIDAYATUR ROHMAH, S.Sos. | E54: 0 | F54: 0 | G54: 0 | H54: 0 | I54: 0 | J54: 1 | K54: 1 | L54: 2 | M54: 0 | N54: 1 | O54: 0 | P54: 0 | Q54: 1 | R54: 0 | S54: 0 | T54: =SUM(E54:S54) -> 6
A55: B | B55: JUMLAH SUARA SAH PARTAI POLITIK DAN CALON (A1 + A2) | E55: =SUM(E45:E54) -> 34 | F55: =SUM(F45:F54) -> 34 | G55: =SUM(G45:G54) -> 14 | H55: =SUM(H45:H54) -> 8 | I55: =SUM(I45:I54) -> 12 | J55: =SUM(J45:J54) -> 15 | K55: =SUM(K45:K54) -> 20 | L55: =SUM(L45:L54) -> 23 | ... T55: =SUM(T45:T54) -> 505
A57: A.1 | B57: 2. | C57: Partai Gerakan Indonesia Raya | E57: 42 | F57: 20 | G57: 19 | H57: 8 | I57: 17 | J57: 16 | K57: 25 | L57: 13 | M57: 14 | N57: 14 | O57: 15 | P57: 5 | Q57: 16 | R57: 13 | S57: 17 | T57: =SUM(E57:S57) -> 254
A58: A.2 | C58: 1. AHMAD HADINUDDIN, S.Pd.I. | E58: 13 | F58: 18 | G58: 7 | H58: 5 | I58: 5 | J58: 17 | K58: 5 | L58: 10 | M58: 7 | N58: 9 | O58: 17 | P58: 11 | Q58: 26 | R58: 11 | S58: 13 | T58: =SUM(E58:S58) -> 174
C59: 2. BIMA RAFSANJANI RAFID | E59: 8 | F59: 11 | G59: 20 | H59: 12 | I59: 7 | J59: 6 | K59: 10 | L59: 17 | M59: 20 | N59: 6 | O59: 6 | P59: 5 | Q59: 3 | R59: 11 | S59: 11 | T59: =SUM(E59:S59) -> 153
C60: 3. IRA DAMAYANTI | E60: 5 | F60: 1 | G60: 0 | H60: 4 | I60: 0 | J60: 4 | K60: 3 | L60: 4 | M60: 5 | N60: 4 | O60: 2 | P60: 4 | Q60: 2 | R60: 1 | S60: 3 | T60: =SUM(E60:S60) -> 42
C61: 4. MAULANA MALIK IBRAHIM, S.H. | E61: 1 | F61: 4 | G61: 6 | H61: 3 | I61: 2 | J61: 5 | K61: 3 | L61: 6 | M61: 5 | N61: 7 | O61: 5 | P61: 16 | Q61: 12 | R61: 4 | S61: 5 | T61: =SUM(E61:S61) -> 84
C62: 5. LULUK ALFIATI | E62: 2 | F62: 3 | G62: 1 | H62: 0 | I62: 2 | J62: 3 | K62: 2 | L62: 4 | M62: 0 | N62: 3 | O62: 0 | P62: 0 | Q62: 0 | R62: 2 | S62: 2 | T62: =SUM(E62:S62) -> 24
C63: 6. ILHAM WAHYUDI, S.H. | E63: 1 | F63: 1 | G63: 1 | H63: 1 | I63: 3 | J63: 0 | K63: 1 | L63: 1 | M63: 0 | N63: 0 | O63: 0 | P63: 0 | Q63: 1 | R63: 0 | S63: 1 | T63: =SUM(E63:S63) -> 11
C64: 7. HAERUL ANWAR, S.Pd.I. | E64: 0 | F64: 1 | G64: 0 | H64: 0 | I64: 1 | J64: 0 | K64: 0 | L64: 0 | M64: 2 | N64: 0 | O64: 0 | P64: 0 | Q64: 0 | R64: 0 | S64: 0 | T64: =SUM(E64:S64) -> 4
C65: 8. YOVI ADHITYA WARDANI | E65: 2 | F65: 1 | G65: 0 | H65: 2 | I65: 1 | J65: 0 | K65: 0 | L65: 0 | M65: 0 | N65: 0 | O65: 1 | P65: 0 | Q65: 0 | R65: 0 | S65: 1 | T65: =SUM(E65:S65) -> 8
C66: 9. RITA AMELIA | E66: 0 | F66: 0 | G66: 0 | H66: 0 | I66: 0 | J66: 2 | K66: 0 | L66: 1 | M66: 0 | N66: 2 | O66: 0 | P66: 0 | Q66: 0 | R66: 1 | S66: 0 | T66: =SUM(E66:S66) -> 6
A67: B | B67: JUMLAH SUARA SAH PARTAI POLITIK DAN CALON (A1 + A2) | E67: =SUM(E57:E66) -> 74 | F67: =SUM(F57:F66) -> 60 | G67: =SUM(G57:G66) -> 54 | H67: =SUM(H57:H66) -> 35 | I67: =SUM(I57:I66) -> 38 | J67: =SUM(J57:J66) -> 53 | K67: =SUM(K57:K66) -> 49 | L67: =SUM(L57:L66) -> 56 | ... T67: =SUM(T57:T66) -> 760
A69: A.1 | B69: 3. | C69: Partai Demokrasi Indonesia Perjuangan | E69: 5 | F69: 3 | G69: 8 | H69: 6 | I69: 10 | J69: 6 | K69: 9 | L69: 2 | M69: 9 | N69: 6 | O69: 1 | P69: 2 | Q69: 3 | R69: 2 | S69: 7 | T69: =SUM(E69:S69) -> 79
A70: A.2 | C70: 1. MARTIN H., S.H., M.H. | E70: 4 | F70: 2 | G70: 4 | H70: 9 | I70: 3 | J70: 3 | K70: 0 | L70: 5 | M70: 1 | N70: 2 | O70: 2 | P70: 2 | Q70: 1 | R70: 1 | S70: 10 | T70: =SUM(E70:S70) -> 49
C71: 2. HERMANTO, S.E. | E71: 1 | F71: 0 | G71: 5 | H71: 2 | I71: 4 | J71: 3 | K71: 2 | L71: 5 | M71: 2 | N71: 2 | O71: 3 | P71: 2 | Q71: 3 | R71: 1 | S71: 5 | T71: =SUM(E71:S71) -> 40
C72: 3. EVY SUSILAWATI, S.E., M.M. | E72: 3 | F72: 3 | G72: 1 | H72: 1 | I72: 4 | J72: 1 | K72: 4 | L72: 3 | M72: 4 | N72: 0 | O72: 0 | P72: 1 | Q72: 5 | R72: 1 | S72: 7 | T72: =SUM(E72:S72) -> 38
C73: 4. M. SIROTTUDIN | E73: 0 | F73: 0 | G73: 0 | H73: 2 | I73: 1 | J73: 0 | K73: 1 | L73: 2 | M73: 2 | N73: 0 | O73: 0 | P73: 0 | Q73: 3 | R73: 1 | S73: 0 | T73: =SUM(E73:S73) -> 12
C74: 5. ABDUL HAFID, S.H. | E74: 1 | F74: 0 | G74: 1 | H74: 0 | I74: 1 | J74: 1 | K74: 0 | L74: 1 | M74: 1 | N74: 0 | O74: 1 | P74: 2 | Q74: 2 | R74: 1 | S74: 1 | T74: =SUM(E74:S74) -> 13
C75: 6. NIKITA FORTUNA SURYANINGATI, A.Md.Keb. | E75: 0 | F75: 0 | G75: 1 | H75: 0 | I75: 2 | J75: 2 | K75: 1 | L75: 0 | M75: 2 | N75: 3 | O75: 1 | P75: 2 | Q75: 2 | R75: 0 | S75: 1 | T75: =SUM(E75:S75) -> 17
C76: 7. YUDHO ILHAM WIJAYA, S.E. | E76: 0 | F76: 1 | G76: 0 | H76: 1 | I76: 0 | J76: 1 | K76: 0 | L76: 0 | M76: 3 | N76: 0 | O76: 0 | P76: 0 | Q76: 1 | R76: 0 | S76: 0 | T76: =SUM(E76:S76) -> 7
C77: 8. SETIAWATI, S.H. | E77: 0 | F77: 0 | G77: 0 | H77: 0 | I77: 1 | J77: 0 | K77: 1 | L77: 1 | M77: 1 | N77: 1 | O77: 0 | P77: 0 | Q77: 0 | R77: 0 | S77: 1 | T77: =SUM(E77:S77) -> 6
C78: 9. EKO BUDI SANTOSO, S.H. | E78: 2 | F78: 0 | G78: 0 | H78: 0 | I78: 0 | J78: 0 | K78: 0 | L78: 0 | M78: 0 | N78: 0 | O78: 1 | P78: 0 | Q78: 2 | R78: 0 | S78: 2 | T78: =SUM(E78:S78) -> 7
A79: B | B79: JUMLAH SUARA SAH PARTAI POLITIK DAN CALON (A1 + A2) | E79: =SUM(E69:E78) -> 16 | F79: =SUM(F69:F78) -> 9 | G79: =SUM(G69:G78) -> 20 | H79: =SUM(H69:H78) -> 21 | I79: =SUM(I69:I78) -> 26 | J79: =SUM(J69:J78) -> 17 | K79: =SUM(K69:K78) -> 18 | L79: =SUM(L69:L78) -> 19 | ... T79: =SUM(T69:T78) -> 268
A81: A.1 | B81: 4. | C81: Partai Golongan Karya | E81: 8 | F81: 1 | G81: 8 | H81: 4 | I81: 6 | J81: 7 | K81: 2 | L81: 0 | M81: 4 | N81: 1 | O81: 2 | P81: 4 | Q81: 3 | R81: 3 | S81: 1 | T81: =SUM(E81:S81) -> 54
A82: A.2 | C82: 1. PRANAYA YUDHA MAHARDHIKA | E82: 4 | F82: 1 | G82: 24 | H82: 16 | I82: 26 | J82: 24 | K82: 1 | L82: 0 | M82: 3 | N82: 5 | O82: 1 | P82: 16 | Q82: 7 | R82: 43 | S82: 7 | T82: =SUM(E82:S82) -> 178
C83: 2. Dra. Ec. ENDANG SULASTUTY, M.I.P. | E83: 1 | F83: 1 | G83: 2 | H83: 1 | I83: 0 | J83: 0 | K83: 1 | L83: 1 | M83: 2 | N83: 0 | O83: 0 | P83: 2 | Q83: 1 | R83: 3 | S83: 2 | T83: =SUM(E83:S83) -> 17
C84: 3. AGUS REJEKI WARTONO | E84: 0 | F84: 1 | G84: 0 | H84: 0 | I84: 1 | J84: 0 | K84: 0 | L84: 1 | M84: 0 | N84: 2 | O84: 0 | P84: 1 | Q84: 0 | R84: 1 | S84: 0 | T84: =SUM(E84:S84) -> 7
C85: 4. Hj. TUTUK ASMA'A ZUCHROH, S.T., M.T. | E85: 1 | F85: 2 | G85: 0 | H85: 1 | I85: 1 | J85: 0 | K85: 1 | L85: 0 | M85: 5 | N85: 0 | O85: 0 | P85: 0 | Q85: 1 | R85: 0 | S85: 0 | T85: =SUM(E85:S85) -> 12
C86: 5. ADE M. RIZKI, S.E. | E86: 0 | F86: 0 | G86: 0 | H86: 0 | I86: 0 | J86: 3 | K86: 1 | L86: 1 | M86: 1 | N86: 1 | O86: 0 | P86: 0 | Q86: 1 | R86: 0 | S86: 0 | T86: =SUM(E86:S86) -> 8
C87: 6. ABDURAKHMAN, Bc.Kn. | E87: 2 | F87: 0 | G87: 0 | H87: 0 | I87: 0 | J87: 1 | K87: 0 | L87: 1 | M87: 0 | N87: 0 | O87: 0 | P87: 0 | Q87: 0 | R87: 0 | S87: 0 | T87: =SUM(E87:S87) -> 4
C88: 7. CENDY RHIYAN ADI PUTRI | E88: 0 | F88: 0 | G88: 0 | H88: 0 | I88: 0 | J88: 1 | K88: 0 | L88: 0 | M88: 0 | N88: 0 | O88: 0 | P88: 0 | Q88: 0 | R88: 0 | S88: 1 | T88: =SUM(E88:S88) -> 2
C89: 8. BAKTI WIJAYANTO, S.E. | E89: 0 | F89: 0 | G89: 0 | H89: 0 | I89: 0 | J89: 0 | K89: 0 | L89: 0 | M89: 0 | N89: 0 | O89: 0 | P89: 0 | Q89: 0 | R89: 0 | S89: 0 | T89: =SUM(E89:S89) -> 0
C90: 9. AHMAD UBAIDILLAH | E90: 0 | F90: 0 | G90: 0 | H90: 1 | I90: 0 | J90: 0 | K90: 0 | L90: 0 | M90: 1 | N90: 0 | O90: 1 | P90: 1 | Q90: 0 | R90: 0 | S90: 0 | T90: =SUM(E90:S90) -> 4
A91: B | B91: JUMLAH SUARA SAH PARTAI POLITIK DAN CALON (A1 + A2) | E91: =SUM(E81:E90) -> 16 | F91: =SUM(F81:F90) -> 6 | G91: =SUM(G81:G90) -> 34 | H91: =SUM(H81:H90) -> 23 | I91: =SUM(I81:I90) -> 34 | J91: =SUM(J81:J90) -> 36 | K91: =SUM(K81:K90) -> 6 | L91: =SUM(L81:L90) -> 4 | ... T91: =SUM(T81:T90) -> 286
A93: A.1 | B93: 5. | C93: Partai NasDem | E93: 5 | F93: 2 | G93: 0 | H93: 0 | I93: 5 | J93: 0 | K93: 0 | L93: 0 | M93: 3 | N93: 2 | O93: 2 | P93: 0 | Q93: 2 | R93: 0 | S93: 0 | T93: =SUM(E93:S93) -> 21
A94: A.2 | C94: 1. ALI MUSTOFA, A.Md. | E94: 5 | F94: 1 | G94: 3 | H94: 3 | I94: 4 | J94: 4 | K94: 2 | L94: 8 | M94: 3 | N94: 3 | O94: 9 | P94: 4 | Q94: 2 | R94: 6 | S94: 7 | T94: =SUM(E94:S94) -> 64
C95: 2. Hj. BUAMI, S.H. | E95: 1 | F95: 0 | G95: 0 | H95: 0 | I95: 1 | J95: 0 | K95: 0 | L95: 2 | M95: 0 | N95: 0 | O95: 4 | P95: 0 | Q95: 0 | R95: 1 | S95: 0 | T95: =SUM(E95:S95) -> 9
C96: 3. SUGIONO, S.H. | E96: 0 | F96: 0 | G96: 0 | H96: 1 | I96: 0 | J96: 0 | K96: 0 | L96: 0 | M96: 0 | N96: 0 | O96: 0 | P96: 0 | Q96: 0 | R96: 0 | S96: 0 | T96: =SUM(E96:S96) -> 1
C97: 4. LULUK SUNARMIATININGSIH | E97: 3 | F97: 0 | G97: 0 | H97: 0 | I97: 0 | J97: 1 | K97: 0 | L97: 0 | M97: 0 | N97: 0 | O97: 2 | P97: 0 | Q97: 0 | R97: 0 | S97: 0 | T97: =SUM(E97:S97) -> 6
C98: 5. ANTON DJULIANTO ADI | E98: 0 | F98: 1 | G98: 1 | H98: 0 | I98: 0 | J98: 0 | K98: 0 | L98: 0 | M98: 0 | N98: 0 | O98: 1 | P98: 0 | Q98: 0 | R98: 0 | S98: 0 | T98: =SUM(E98:S98) -> 3
C99: 6. MOKHAMAD ROFI'I KHUSNAN | E99: 0 | F99: 0 | G99: 0 | H99: 0 | I99: 0 | J99: 0 | K99: 0 | L99: 0 | M99: 0 | N99: 0 | O99: 1 | P99: 0 | Q99: 0 | R99: 0 | S99: 0 | T99: =SUM(E99:S99) -> 1
C100: 7. Rr SETYO WATI | E100: 0 | F100: 0 | G100: 0 | H100: 0 | I100: 0 | J100: 0 | K100: 0 | L100: 0 | M100: 0 | N100: 0 | O100: 0 | P100: 0 | Q100: 0 | R100: 0 | S100: 1 | T100: =SUM(E100:S100) -> 1
C101: 8. ABD. KADIR ASSEGAFF | E101: 0 | F101: 0 | G101: 0 | H101: 0 | I101: 0 | J101: 0 | K101: 0 | L101: 0 | M101: 0 | N101: 0 | O101: 0 | P101: 0 | Q101: 0 | R101: 0 | S101: 0 | T101: =SUM(E101:S101) -> 0
C102: 9. FATHOR ZAINULLAH | E102: 0 | F102: 1 | G102: 0 | H102: 0 | I102: 0 | J102: 0 | K102: 0 | L102: 0 | M102: 0 | N102: 0 | O102: 0 | P102: 0 | Q102: 0 | R102: 0 | S102: 0 | T102: =SUM(E102:S102) -> 1
A103: B | B103: JUMLAH SUARA SAH PARTAI POLITIK DAN CALON (A1 + A2) | E103: =SUM(E93:E102) -> 14 | F103: =SUM(F93:F102) -> 5 | G103: =SUM(G93:G102) -> 4 | H103: =SUM(H93:H102) -> 4 | I103: =SUM(I93:I102) -> 10 | J103: =SUM(J93:J102) -> 5 | K103: =SUM(K93:K102) -> 2 | L103: =SUM(L93:L102) -> 10 | ... T103: =SUM(T93:T102) -> 107
A105: A.1 | B105: 6. | C105: Partai Buruh | E105: 1 | F105: 0 | G105: 0 | H105: 0 | I105: 0 | J105: 3 | K105: 0 | L105: 0 | M105: 0 | N105: 0 | O105: 0 | P105: 0 | Q105: 0 | R105: 0 | S105: 0 | T105: =SUM(E105:S105) -> 4
A106: A.2 | C106: 1. AGUS SUPRIYADI | E106: 0 | F106: 0 | G106: 0 | H106: 1 | I106: 0 | J106: 0 | K106: 1 | L106: 1 | M106: 0 | N106: 1 | O106: 0 | P106: 0 | Q106: 0 | R106: 0 | S106: 0 | T106: =SUM(E106:S106) -> 4
C107: 2. ENI HARIATI | E107: 1 | F107: 0 | G107: 0 | H107: 1 | I107: 0 | J107: 0 | K107: 0 | L107: 0 | M107: 0 | N107: 0 | O107: 0 | P107: 1 | Q107: 0 | R107: 0 | S107: 0 | T107: =SUM(E107:S107) -> 3
T108: =SUM(E108:S108) -> 0
T109: =SUM(E109:S109) -> 0
T110: =SUM(E110:S110) -> 0
T111: =SUM(E111:S111) -> 0
T112: =SUM(E112:S112) -> 0
T113: =SUM(E113:S113) -> 0
T114: =SUM(E114:S114) -> 0
A115: B | B115: JUMLAH SUARA SAH PARTAI POLITIK DAN CALON (A1 + A2) | E115: =SUM(E105:E114) -> 2 | F115: =SUM(F105:F114) -> 0 | G115: =SUM(G105:G114) -> 0 | H115: =SUM(H105:H114) -> 2 | I115: =SUM(I105:I114) -> 0 | J115: =SUM(J105:J114) -> 3 | K115: =SUM(K105:K114) -> 1 | L115: =SUM(L105:L114) -> 1 | ... T115: =SUM(T105:T114) -> 11
A117: A.1 | B117: 7. | C117: Partai Gelombang Rakyat Indonesia | E117: 2 | F117: 0 | G117: 1 | H117: 0 | I117: 0 | J117: 1 | K117: 4 | L117: 0 | M117: 2 | N117: 2 | O117: 1 | P117: 0 | Q117: 0 | R117: 0 | S117: 2 | T117: =SUM(E117:S117) -> 15
...

Sheet KEBAMAN
C2: Kecamatan | D2: SRONO
C3: Kabupaten | D3: BANYUWANGI
C4: Provinsi | D4: JAWA TIMUR
C9: Kelurahan | D9: KEBAMAN
A12: I | B12: DATA PEMILIH DAN PENGGUNAAN HAK PILIH | AW12: JUMLAH AKHIR
A13: A | B13: DATA PEMILIH | E13: TPS 001 | F13: TPS 002 | G13: TPS 003 | H13: TPS 004 | I13: TPS 005 | J13: TPS 006 | K13: TPS 007 | L13: TPS 008 | M13: TPS 009 | N13: TPS 010 | O13: TPS 011 | P13: TPS 012 | Q13: TPS 013 | R13: TPS 014 | S13: TPS 015 | T13: TPS 016 | U13: TPS 017 | V13: TPS 018 | W13: TPS 019 | X13: TPS 020 | Y13: TPS 021 | Z13: TPS 022 | AA13: TPS 023 | AB13: TPS 024 | AC13: TPS 025 | AD13: TPS 026 | AE13: TPS 027 | AF13: TPS 028 | AG13: TPS 029 | AH13: TPS 030 | AI13: TPS 031 | AJ13: TPS 032 | AK13: TPS 033 | AL13: TPS 034 | AM13: TPS 035 | AN13: TPS 036 | AO13: TPS 037 | AP13: TPS 038 | AQ13: TPS 039 | AR13: TPS 040 | AS13: TPS 041 | AT13: TPS 042 | AU13: TPS 043 | AV13: TPS 044
B14: Jumlah Pemilih dalam Daftar Pemilih Tetap (DPT) | D14: LK | E14: 122 | F14: 134 | G14: 140 | H14: 123 | I14: 120 | J14: 138 | K14: 136 | L14: 141 | M14: 141 | N14: 117 | O14: 136 | P14: 133 | Q14: 136 | R14: 138 | S14: 134 | T14: 129 | U14: 148 | V14: 127 | W14: 122 | X14: 135 | Y14: 108 | Z14: 124 | AA14: 109 | AB14: 133 | AC14: 129 | AD14: 135 | AE14: 141 | AF14: 127 | AG14: 123 | AH14: 146 | AI14: 111 | AJ14: 117 | AK14: 128 | AL14: 131 | AM14: 138 | AN14: 128 | AO14: 142 | AP14: 140 | AQ14: 141 | AR14: 130 | AS14: 127 | AT14: 131 | AU14: 147 | AV14: 147 | AW14: =SUM(E14:AV14) -> 5783
D15: PR | E15: 129 | F15: 138 | G15: 133 | H15: 132 | I15: 152 | J15: 135 | K15: 129 | L15: 137 | M15: 138 | N15: 144 | O15: 134 | P15: 132 | Q15: 129 | R15: 149 | S15: 131 | T15: 134 | U15: 139 | V15: 141 | W15: 133 | X15: 141 | Y15: 129 | Z15: 133 | AA15: 131 | AB15: 139 | AC15: 138 | AD15: 140 | AE15: 123 | AF15: 145 | AG15: 133 | AH15: 140 | AI15: 102 | AJ15: 131 | AK15: 141 | AL15: 148 | AM15: 136 | AN15: 137 | AO15: 145 | AP15: 147 | AQ15: 138 | AR15: 143 | AS15: 133 | AT15: 133 | AU15: 139 | AV15: 127 | AW15: =SUM(E15:AV15) -> 5981
D16: JML | E16: =SUM(E14:E15) -> 251 | F16: =SUM(F14:F15) -> 272 | G16: =SUM(G14:G15) -> 273 | H16: =SUM(H14:H15) -> 255 | I16: =SUM(I14:I15) -> 272 | J16: =SUM(J14:J15) -> 273 | K16: =SUM(K14:K15) -> 265 | L16: =SUM(L14:L15) -> 278 | ... AV16: =SUM(AV14:AV15) -> 274 | AW16: =SUM(E16:AV16) -> 11764
A18: B | B18: PENGGUNA HAK PILIH
B19: 1. | C19: Jumlah pengguna hak pilih dalam Daftar Pemilih Tetap (DPT) | D19: LK | E19: 87 | F19: 95 | G19: 99 | H19: 89 | I19: 83 | J19: 106 | K19: 95 | L19: 96 | M19: 92 | N19: 87 | O19: 92 | P19: 104 | Q19: 93 | R19: 102 | S19: 96 | T19: 85 | U19: 110 | V19: 104 | W19: 97 | X19: 95 | Y19: 80 | Z19: 97 | AA19: 71 | AB19: 93 | AC19: 104 | AD19: 82 | AE19: 89 | AF19: 90 | AG19: 89 | AH19: 98 | AI19: 83 | AJ19: 87 | AK19: 88 | AL19: 96 | AM19: 91 | AN19: 99 | AO19: 111 | AP19: 108 | AQ19: 114 | AR19: 93 | AS19: 93 | AT19: 110 | AU19: 96 | AV19: 105 | AW19: =SUM(E19:AV19) -> 4174
D20: PR | E20: 105 | F20: 117 | G20: 113 | H20: 112 | I20: 110 | J20: 110 | K20: 99 | L20: 116 | M20: 104 | N20: 105 | O20: 101 | P20: 107 | Q20: 108 | R20: 133 | S20: 102 | T20: 102 | U20: 118 | V20: 121 | W20: 113 | X20: 112 | Y20: 100 | Z20: 103 | AA20: 105 | AB20: 107 | AC20: 113 | AD20: 106 | AE20: 104 | AF20: 116 | AG20: 104 | AH20: 112 | AI20: 81 | AJ20: 98 | AK20: 103 | AL20: 116 | AM20: 111 | AN20: 106 | AO20: 118 | AP20: 111 | AQ20: 107 | AR20: 115 | AS20: 107 | AT20: 101 | AU20: 108 | AV20: 99 | AW20: =SUM(E20:AV20) -> 4759
D21: JML | E21: =SUM(E19:E20) -> 192 | F21: =SUM(F19:F20) -> 212 | G21: =SUM(G19:G20) -> 212 | H21: =SUM(H19:H20) -> 201 | I21: =SUM(I19:I20) -> 193 | J21: =SUM(J19:J20) -> 216 | K21: =SUM(K19:K20) -> 194 | L21: =SUM(L19:L20) -> 212 | ... AV21: =SUM(AV19:AV20) -> 204 | AW21: =SUM(E21:AV21) -> 8933
B22: 2. | C22: Jumlah pengguna hak pilih dalam Daftar Pemilih Tambahan (DPTb) | D22: LK | E22: 0 | F22: 0 | G22: 0 | H22: 0 | I22: 0 | J22: 0 | K22: 0 | L22: 0 | M22: 0 | N22: 0 | O22: 0 | P22: 0 | Q22: 0 | R22: 0 | S22: 0 | T22: 0 | U22: 0 | V22: 0 | W22: 0 | X22: 0 | Y22: 0 | Z22: 0 | AA22: 0 | AB22: 0 | AC22: 1 | AD22: 0 | AE22: 0 | AF22: 0 | AG22: 0 | AH22: 0 | AI22: 0 | AJ22: 0 | AK22: 0 | AL22: 0 | AM22: 0 | AN22: 0 | AO22: 0 | AP22: 0 | AQ22: 0 | AR22: 0 | AS22: 0 | AT22: 0 | AU22: 1 | AV22: 0 | AW22: =SUM(E22:AV22) -> 2
D23: PR | E23: 0 | F23: 0 | G23: 0 | H23: 0 | I23: 0 | J23: 1 | K23: 0 | L23: 0 | M23: 0 | N23: 0 | O23: 0 | P23: 0 | Q23: 0 | R23: 0 | S23: 0 | T23: 0 | U23: 0 | V23: 0 | W23: 0 | X23: 0 | Y23: 0 | Z23: 0 | AA23: 0 | AB23: 0 | AC23: 2 | AD23: 0 | AE23: 0 | AF23: 0 | AG23: 0 | AH23: 0 | AI23: 0 | AJ23: 0 | AK23: 0 | AL23: 0 | AM23: 0 | AN23: 0 | AO23: 0 | AP23: 0 | AQ23: 0 | AR23: 0 | AS23: 0 | AT23: 0 | AU23: 0 | AV23: 0 | AW23: =SUM(E23:AV23) -> 3
D24: JML | E24: =SUM(E22:E23) -> 0 | F24: =SUM(F22:F23) -> 0 | G24: =SUM(G22:G23) -> 0 | H24: =SUM(H22:H23) -> 0 | I24: =SUM(I22:I23) -> 0 | J24: =SUM(J22:J23) -> 1 | K24: =SUM(K22:K23) -> 0 | L24: =SUM(L22:L23) -> 0 | ... AV24: =SUM(AV22:AV23) -> 0 | AW24: =SUM(E24:AV24) -> 5
B25: 3. | C25: Jumlah pengguna hak pilih dalam Daftar Pemilih Khusus (DPK) | D25: LK | E25: 0 | F25: 2 | G25: 0 | H25: 3 | I25: 3 | J25: 1 | K25: 1 | L25: 1 | M25: 1 | N25: 2 | O25: 3 | P25: 0 | Q25: 1 | R25: 1 | S25: 5 | T25: 1 | U25: 2 | V25: 0 | W25: 4 | X25: 4 | Y25: 3 | Z25: 5 | AA25: 4 | AB25: 0 | AC25: 2 | AD25: 3 | AE25: 4 | AF25: 2 | AG25: 7 | AH25: 5 | AI25: 1 | AJ25: 3 | AK25: 0 | AL25: 3 | AM25: 6 | AN25: 3 | AO25: 3 | AP25: 1 | AQ25: 1 | AR25: 1 | AS25: 0 | AT25: 2 | AU25: 0 | AV25: 8 | AW25: =SUM(E25:AV25) -> 102
D26: PR | E26: 0 | F26: 2 | G26: 1 | H26: 4 | I26: 2 | J26: 0 | K26: 1 | L26: 1 | M26: 0 | N26: 5 | O26: 5 | P26: 0 | Q26: 4 | R26: 4 | S26: 3 | T26: 2 | U26: 2 | V26: 3 | W26: 2 | X26: 3 | Y26: 0 | Z26: 3 | AA26: 6 | AB26: 2 | AC26: 1 | AD26: 2 | AE26: 10 | AF26: 3 | AG26: 5 | AH26: 5 | AI26: 1 | AJ26: 4 | AK26: 0 | AL26: 9 | AM26: 3 | AN26: 5 | AO26: 1 | AP26: 2 | AQ26: 3 | AR26: 1 | AS26: 0 | AT26: 2 | AU26: 1 | AV26: 20 | AW26: =SUM(E26:AV26) -> 133
D27: JML | E27: =SUM(E25:E26) -> 0 | F27: =SUM(F25:F26) -> 4 | G27: =SUM(G25:G26) -> 1 | H27: =SUM(H25:H26) -> 7 | I27: =SUM(I25:I26) -> 5 | J27: =SUM(J25:J26) -> 1 | K27: =SUM(K25:K26) -> 2 | L27: =SUM(L25:L26) -> 2 | ... AV27: =SUM(AV25:AV26) -> 28 | AW27: =SUM(E27:AV27) -> 235
B28: 4. | C28: Jumlah Pengguna Hak Pilih (B.1+B.2+B.3) | D28: LK | E28: =SUM(E19,E22,E25) -> 87 | F28: =SUM(F19,F22,F25) -> 97 | G28: =SUM(G19,G22,G25) -> 99 | H28: =SUM(H19,H22,H25) -> 92 | I28: =SUM(I19,I22,I25) -> 86 | J28: =SUM(J19,J22,J25) -> 107 | K28: =SUM(K19,K22,K25) -> 96 | L28: =SUM(L19,L22,L25) -> 97 | ... AV28: =SUM(AV19,AV22,AV25) -> 113 | AW28: =SUM(E28:AV28) -> 4278
D29: PR | E29: =SUM(E20,E23,E26) -> 105 | F29: =SUM(F20,F23,F26) -> 119 | G29: =SUM(G20,G23,G26) -> 114 | H29: =SUM(H20,H23,H26) -> 116 | I29: =SUM(I20,I23,I26) -> 112 | J29: =SUM(J20,J23,J26) -> 111 | K29: =SUM(K20,K23,K26) -> 100 | L29: =SUM(L20,L23,L26) -> 117 | ... AV29: =SUM(AV20,AV23,AV26) -> 119 | AW29: =SUM(E29:AV29) -> 4895
D30: JML | E30: =SUM(E28:E29) -> 192 | F30: =SUM(F28:F29) -> 216 | G30: =SUM(G28:G29) -> 213 | H30: =SUM(H28:H29) -> 208 | I30: =SUM(I28:I29) -> 198 | J30: =SUM(J28:J29) -> 218 | K30: =SUM(K28:K29) -> 196 | L30: =SUM(L28:L29) -> 214 | ... AV30: =SUM(AV28:AV29) -> 232 | AW30: =SUM(E30:AV30) -> 9173
A32: II | B32: DATA PENGGUNAAN SURAT SUARA
A33: 1 | B33: Jumlah surat suara yang diterima, termasuk surat suara cadangan 2,5% dari DPT | E33: 256 | F33: 278 | G33: 279 | H33: 261 | I33: 278 | J33: 281 | K33: 271 | L33: 285 | M33: 284 | N33: 267 | O33: 276 | P33: 271 | Q33: 271 | R33: 293 | S33: 271 | T33: 249 | U33: 293 | V33: 274 | W33: 261 | X33: 282 | Y33: 241 | Z33: 243 | AA33: 245 | AB33: 278 | AC33: 263 | AD33: 256 | AE33: 255 | AF33: 278 | AG33: 272 | AH33: 292 | AI33: 218 | AJ33: 243 | AK33: 275 | AL33: 285 | AM33: 280 | AN33: 272 | AO33: 293 | AP33: 292 | AQ33: 283 | AR33: 279 | AS33: 261 | AT33: 271 | AU33: 280 | AV33: 292 | AW33: =SUM(E33:AV33) -> 11928
A34: 2 | B34: Jumlah surat suara yang digunakan | E34: 192 | F34: 216 | G34: 213 | H34: 208 | I34: 198 | J34: 218 | K34: 196 | L34: 214 | M34: 197 | N34: 199 | O34: 201 | P34: 211 | Q34: 206 | R34: 240 | S34: 206 | T34: 190 | U34: 232 | V34: 228 | W34: 216 | X34: 214 | Y34: 183 | Z34: 208 | AA34: 186 | AB34: 202 | AC34: 220 | AD34: 196 | AE34: 207 | AF34: 211 | AG34: 205 | AH34: 220 | AI34: 166 | AJ34: 192 | AK34: 191 | AL34: 224 | AM34: 211 | AN34: 213 | AO34: 233 | AP34: 222 | AQ34: 225 | AR34: 210 | AS34: 200 | AT34: 215 | AU34: 206 | AV34: 232 | AW34: =SUM(E34:AV34) -> 9173
A35: 3 | B35: Jumlah surat suara dikembalikan oleh pemilih (karena rusak atau keliru coblos) | E35: 0 | F35: 1 | G35: 0 | H35: 0 | I35: 0 | J35: 0 | K35: 2 | L35: 0 | M35: 0 | N35: 0 | O35: 0 | P35: 0 | Q35: 3 | R35: 0 | S35: 2 | T35: 1 | U35: 0 | V35: 0 | W35: 0 | X35: 0 | Y35: 0 | Z35: 0 | AA35: 0 | AB35: 1 | AC35: 0 | AD35: 0 | AE35: 0 | AF35: 0 | AG35: 0 | AH35: 0 | AI35: 0 | AJ35: 1 | AK35: 0 | AL35: 1 | AM35: 0 | AN35: 0 | AO35: 0 | AP35: 0 | AQ35: 3 | AR35: 0 | AS35: 1 | AT35: 1 | AU35: 1 | AV35: 0 | AW35: =SUM(E35:AV35) -> 18
A36: 4 | B36: Jumlah surat suara yang tidak digunakan/tidak terpakai, termasuk sisa surat suara cadangan | E36: =E33-(E34+E35) -> 64 | F36: =F33-(F34+F35) -> 61 | G36: =G33-(G34+G35) -> 66 | H36: =H33-(H34+H35) -> 53 | I36: =I33-(I34+I35) -> 80 | J36: =J33-(J34+J35) -> 63 | K36: =K33-(K34+K35) -> 73 | L36: =L33-(L34+L35) -> 71 | ... AV36: =AV33-(AV34+AV35) -> 60 | AW36: =SUM(E36:AV36) -> 2737
A38: III | B38: DATA PEMILIH DISABILITAS
B39: Jumlah seluruh Pemilih disabilitas yang menggunakan hak pilih | D39: LK | P39: 2 | AH39: 3 | AW39: =SUM(E39:AV39) -> 5
D40: PR | P40: 2 | AH40: 3 | AW40: =SUM(E40:AV40) -> 5
D41: JML | E41: =SUM(E39:E40) -> 0 | F41: =SUM(F39:F40) -> 0 | G41: =SUM(G39:G40) -> 0 | H41: =SUM(H39:H40) -> 0 | I41: =SUM(I39:I40) -> 0 | J41: =SUM(J39:J40) -> 0 | K41: =SUM(K39:K40) -> 0 | L41: =SUM(L39:L40) -> 0 | ... AV41: =SUM(AV39:AV40) -> 0 | AW41: =SUM(E41:AV41) -> 10
A43: IV | B43: DATA RINCIAN PEROLEHAN SUARA PASANGAN CALON BUPATI DAN WAKIL BUPATI
A44: NOMOR DAN NAMA CALON
A45: A.1 | B45: 1. | C45: Partai Kebangkitan Bangsa | E45: 1 | F45: 4 | G45: 5 | H45: 13 | I45: 20 | J45: 20 | K45: 4 | L45: 7 | M45: 6 | N45: 7 | O45: 3 | P45: 3 | Q45: 5 | R45: 3 | S45: 6 | T45: 2 | U45: 10 | V45: 15 | W45: 11 | X45: 1 | Y45: 10 | Z45: 7 | AA45: 10 | AB45: 2 | AC45: 6 | AD45: 4 | AE45: 1 | AF45: 3 | AG45: 5 | AH45: 2 | AI45: 3 | AJ45: 2 | AK45: 7 | AL45: 5 | AM45: 4 | AN45: 1 | AO45: 4 | AP45: 6 | AQ45: 5 | AR45: 0 | AS45: 4 | AT45: 5 | AU45: 2 | AV45: 0 | AW45: =SUM(E45:AV45) -> 244
A46: A.2 | C46: 1. Dra. Hj. MA`MULAH HARUN, M.Pd.I. | E46: 7 | F46: 5 | G46: 21 | H46: 6 | I46: 34 | J46: 23 | K46: 9 | L46: 20 | M46: 5 | N46: 5 | O46: 1 | P46: 7 | Q46: 2 | R46: 11 | S46: 14 | T46: 5 | U46: 37 | V46: 41 | W46: 14 | X46: 6 | Y46: 7 | Z46: 16 | AA46: 3 | AB46: 2 | AC46: 21 | AD46: 4 | AE46: 6 | AF46: 3 | AG46: 10 | AH46: 12 | AI46: 5 | AJ46: 4 | AK46: 2 | AL46: 8 | AM46: 8 | AN46: 5 | AO46: 7 | AP46: 3 | AQ46: 18 | AR46: 5 | AS46: 1 | AT46: 3 | AU46: 2 | AV46: 9 | AW46: =SUM(E46:AV46) -> 437
C47: 2. UBAIDILLAH, S.Fil.I. | E47: 3 | F47: 1 | G47: 1 | H47: 2 | I47: 1 | J47: 4 | K47: 1 | L47: 2 | M47: 1 | N47: 0 | O47: 1 | P47: 0 | Q47: 0 | R47: 1 | S47: 2 | T47: 2 | U47: 2 | V47: 7 | W47: 3 | X47: 1 | Y47: 0 | Z47: 2 | AA47: 1 | AB47: 0 | AC47: 0 | AD47: 1 | AE47: 3 | AF47: 0 | AG47: 2 | AH47: 2 | AI47: 1 | AJ47: 0 | AK47: 0 | AL47: 5 | AM47: 4 | AN47: 1 | AO47: 1 | AP47: 0 | AQ47: 2 | AR47: 0 | AS47: 1 | AT47: 0 | AU47: 1 | AV47: 2 | AW47: =SUM(E47:AV47) -> 64
C48: 3. Ir. H. YOYOK MULYADI, M.Si. | E48: 0 | F48: 0 | G48: 0 | H48: 0 | I48: 0 | J48: 1 | K48: 0 | L48: 0 | M48: 0 | N48: 1 | O48: 0 | P48: 1 | Q48: 0 | R48: 0 | S48: 1 | T48: 1 | U48: 0 | V48: 1 | W48: 0 | X48: 2 | Y48: 0 | Z48: 0 | AA48: 0 | AB48: 0 | AC48: 1 | AD48: 0 | AE48: 1 | AF48: 0 | AG48: 0 | AH48: 1 | AI48: 1 | AJ48: 1 | AK48: 0 | AL48: 0 | AM48: 1 | AN48: 0 | AO48: 0 | AP48: 0 | AQ48: 1 | AR48: 1 | AS48: 0 | AT48: 0 | AU48: 0 | AV48: 0 | AW48: =SUM(E48:AV48) -> 16
C49: 4. KHOIRUL ANWAR, S.Fil.I. | E49: 1 | F49: 1 | G49: 0 | H49: 0 | I49: 2 | J49: 0 | K49: 1 | L49: 2 | M49: 1 | N49: 2 | O49: 0 | P49: 1 | Q49: 0 | R49: 0 | S49: 1 | T49: 6 | U49: 8 | V49: 2 | W49: 1 | X49: 1 | Y49: 1 | Z49: 2 | AA49: 1 | AB49: 0 | AC49: 0 | AD49: 0 | AE49: 1 | AF49: 0 | AG49: 2 | AH49: 1 | AI49: 3 | AJ49: 0 | AK49: 0 | AL49: 0 | AM49: 1 | AN49: 2 | AO49: 1 | AP49: 0 | AQ49: 0 | AR49: 0 | AS49: 2 | AT49: 0 | AU49: 0 | AV49: 2 | AW49: =SUM(E49:AV49) -> 49
C50: 5. ARIF WIJAKSANA | E50: 2 | F50: 0 | G50: 1 | H50: 3 | I50: 0 | J50: 3 | K50: 2 | L50: 0 | M50: 0 | N50: 0 | O50: 0 | P50: 1 | Q50: 1 | R50: 0 | S50: 0 | T50: 0 | U50: 4 | V50: 5 | W50: 1 | X50: 1 | Y50: 1 | Z50: 0 | AA50: 0 | AB50: 0 | AC50: 0 | AD50: 1 | AE50: 0 | AF50: 0 | AG50: 1 | AH50: 2 | AI50: 1 | AJ50: 0 | AK50: 0 | AL50: 2 | AM50: 0 | AN50: 0 | AO50: 1 | AP50: 0 | AQ50: 2 | AR50: 2 | AS50: 1 | AT50: 0 | AU50: 0 | AV50: 3 | AW50: =SUM(E50:AV50) -> 41
C51: 6. Dr. SITI YUMNAH | E51: 0 | F51: 0 | G51: 0 | H51: 1 | I51: 0 | J51: 1 | K51: 0 | L51: 1 | M51: 0 | N51: 0 | O51: 0 | P51: 0 | Q51: 0 | R51: 0 | S51: 0 | T51: 0 | U51: 3 | V51: 1 | W51: 1 | X51: 1 | Y51: 0 | Z51: 1 | AA51: 0 | AB51: 0 | AC51: 0 | AD51: 1 | AE51: 0 | AF51: 0 | AG51: 0 | AH51: 0 | AI51: 0 | AJ51: 0 | AK51: 0 | AL51: 0 | AM51: 0 | AN51: 0 | AO51: 0 | AP51: 0 | AQ51: 2 | AR51: 1 | AS51: 0 | AT51: 0 | AU51: 0 | AV51: 0 | AW51: =SUM(E51:AV51) -> 14
C52: 7. MOHAMMAD ZAINI, M.Pd.I. | E52: 1 | F52: 0 | G52: 0 | H52: 1 | I52: 0 | J52: 0 | K52: 0 | L52: 1 | M52: 0 | N52: 1 | O52: 1 | P52: 0 | Q52: 0 | R52: 0 | S52: 0 | T52: 1 | U52: 1 | V52: 1 | W52: 1 | X52: 0 | Y52: 0 | Z52: 0 | AA52: 0 | AB52: 0 | AC52: 0 | AD52: 1 | AE52: 0 | AF52: 0 | AG52: 0 | AH52: 0 | AI52: 0 | AJ52: 0 | AK52: 0 | AL52: 1 | AM52: 0 | AN52: 1 | AO52: 0 | AP52: 1 | AQ52: 1 | AR52: 2 | AS52: 0 | AT52: 0 | AU52: 0 | AV52: 0 | AW52: =SUM(E52:AV52) -> 16
C53: 8. FAWAIDUL MAKKIYAH | E53: 0 | F53: 0 | G53: 0 | H53: 0 | I53: 0 | J53: 0 | K53: 0 | L53: 0 | M53: 0 | N53: 0 | O53: 0 | P53: 0 | Q53: 0 | R53: 0 | S53: 0 | T53: 0 | U53: 0 | V53: 1 | W53: 0 | X53: 0 | Y53: 0 | Z53: 0 | AA53: 0 | AB53: 1 | AC53: 0 | AD53: 0 | AE53: 1 | AF53: 0 | AG53: 0 | AH53: 0 | AI53: 0 | AJ53: 0 | AK53: 0 | AL53: 0 | AM53: 0 | AN53: 0 | AO53: 0 | AP53: 0 | AQ53: 1 | AR53: 0 | AS53: 0 | AT53: 0 | AU53: 0 | AV53: 0 | AW53: =SUM(E53:AV53) -> 4
C54: 9. IFFAH HIDAYATUR ROHMAH, S.Sos. | E54: 1 | F54: 2 | G54: 1 | H54: 0 | I54: 1 | J54: 1 | K54: 0 | L54: 2 | M54: 1 | N54: 0 | O54: 1 | P54: 0 | Q54: 0 | R54: 0 | S54: 0 | T54: 1 | U54: 0 | V54: 1 | W54: 1 | X54: 0 | Y54: 0 | Z54: 1 | AA54: 0 | AB54: 0 | AC54: 0 | AD54: 0 | AE54: 0 | AF54: 0 | AG54: 0 | AH54: 0 | AI54: 1 | AJ54: 0 | AK54: 0 | AL54: 0 | AM54: 0 | AN54: 0 | AO54: 0 | AP54: 0 | AQ54: 1 | AR54: 0 | AS54: 1 | AT54: 0 | AU54: 0 | AV54: 0 | AW54: =SUM(E54:AV54) -> 17
A55: B | B55: JUMLAH SUARA SAH PARTAI POLITIK DAN CALON (A1 + A2) | E55: =SUM(E45:E54) -> 16 | F55: =SUM(F45:F54) -> 13 | G55: =SUM(G45:G54) -> 29 | H55: =SUM(H45:H54) -> 26 | I55: =SUM(I45:I54) -> 58 | J55: =SUM(J45:J54) -> 53 | K55: =SUM(K45:K54) -> 17 | L55: =SUM(L45:L54) -> 35 | ... AW55: =SUM(AW45:AW54) -> 902
A57: A.1 | B57: 2. | C57: Partai Gerakan Indonesia Raya | E57: 7 | F57: 16 | G57: 14 | H57: 20 | I57: 11 | J57: 16 | K57: 13 | L57: 11 | M57: 22 | N57: 10 | O57: 11 | P57: 12 | Q57: 26 | R57: 19 | S57: 9 | T57: 9 | U57: 13 | V57: 10 | W57: 8 | X57: 10 | Y57: 6 | Z57: 14 | AA57: 13 | AB57: 17 | AC57: 28 | AD57: 28 | AE57: 13 | AF57: 12 | AG57: 11 | AH57: 24 | AI57: 18 | AJ57: 14 | AK57: 11 | AL57: 23 | AM57: 27 | AN57: 25 | AO57: 13 | AP57: 23 | AQ57: 11 | AR57: 25 | AS57: 27 | AT57: 33 | AU57: 27 | AV57: 28 | AW57: =SUM(E57:AV57) -> 738
A58: A.2 | C58: 1. AHMAD HADINUDDIN, S.Pd.I. | E58: 7 | F58: 8 | G58: 6 | H58: 21 | I58: 6 | J58: 5 | K58: 5 | L58: 17 | M58: 15 | N58: 9 | O58: 7 | P58: 9 | Q58: 9 | R58: 10 | S58: 9 | T58: 7 | U58: 23 | V58: 43 | W58: 16 | X58: 22 | Y58: 3 | Z58: 6 | AA58: 12 | AB58: 8 | AC58: 17 | AD58: 17 | AE58: 8 | AF58: 6 | AG58: 12 | AH58: 13 | AI58: 10 | AJ58: 6 | AK58: 20 | AL58: 68 | AM58: 45 | AN58: 32 | AO58: 55 | AP58: 39 | AQ58: 5 | AR58: 14 | AS58: 11 | AT58: 21 | AU58: 14 | AV58: 13 | AW58: =SUM(E58:AV58) -> 709
C59: 2. BIMA RAFSANJANI RAFID | E59: 2 | F59: 4 | G59: 6 | H59: 11 | I59: 3 | J59: 5 | K59: 4 | L59: 9 | M59: 4 | N59: 9 | O59: 4 | P59: 4 | Q59: 2 | R59: 4 | S59: 5 | T59: 4 | U59: 6 | V59: 4 | W59: 5 | X59: 9 | Y59: 7 | Z59: 4 | AA59: 2 | AB59: 3 | AC59: 9 | AD59: 8 | AE59: 5 | AF59: 2 | AG59: 3 | AH59: 9 | AI59: 5 | AJ59: 24 | AK59: 47 | AL59: 11 | AM59: 5 | AN59: 12 | AO59: 2 | AP59: 9 | AQ59: 7 | AR59: 6 | AS59: 23 | AT59: 10 | AU59: 5 | AV59: 13 | AW59: =SUM(E59:AV59) -> 335
C60: 3. IRA DAMAYANTI | E60: 0 | F60: 3 | G60: 1 | H60: 4 | I60: 1 | J60: 4 | K60: 0 | L60: 6 | M60: 6 | N60: 5 | O60: 2 | P60: 3 | Q60: 4 | R60: 3 | S60: 2 | T60: 4 | U60: 3 | V60: 3 | W60: 2 | X60: 2 | Y60: 2 | Z60: 3 | AA60: 3 | AB60: 3 | AC60: 5 | AD60: 4 | AE60: 1 | AF60: 4 | AG60: 3 | AH60: 2 | AI60: 4 | AJ60: 2 | AK60: 2 | AL60: 1 | AM60: 3 | AN60: 4 | AO60: 1 | AP60: 3 | AQ60: 4 | AR60: 6 | AS60: 7 | AT60: 3 | AU60: 7 | AV60: 5 | AW60: =SUM(E60:AV60) -> 140
C61: 4. MAULANA MALIK IBRAHIM, S.H. | E61: 2 | F61: 5 | G61: 3 | H61: 4 | I61: 4 | J61: 4 | K61: 0 | L61: 4 | M61: 7 | N61: 1 | O61: 1 | P61: 0 | Q61: 11 | R61: 5 | S61: 4 | T61: 3 | U61: 9 | V61: 2 | W61: 4 | X61: 6 | Y61: 6 | Z61: 4 | AA61: 4 | AB61: 3 | AC61: 7 | AD61: 5 | AE61: 5 | AF61: 2 | AG61: 5 | AH61: 5 | AI61: 0 | AJ61: 2 | AK61: 4 | AL61: 8 | AM61: 4 | AN61: 8 | AO61: 3 | AP61: 8 | AQ61: 14 | AR61: 17 | AS61: 8 | AT61: 28 | AU61: 14 | AV61: 21 | AW61: =SUM(E61:AV61) -> 264
C62: 5. LULUK ALFIATI | E62: 2 | F62: 5 | G62: 1 | H62: 4 | I62: 1 | J62: 1 | K62: 0 | L62: 5 | M62: 2 | N62: 0 | O62: 1 | P62: 3 | Q62: 0 | R62: 2 | S62: 3 | T62: 5 | U62: 1 | V62: 1 | W62: 1 | X62: 3 | Y62: 1 | Z62: 0 | AA62: 4 | AB62: 2 | AC62: 2 | AD62: 5 | AE62: 0 | AF62: 2 | AG62: 1 | AH62: 4 | AI62: 1 | AJ62: 1 | AK62: 3 | AL62: 4 | AM62: 2 | AN62: 4 | AO62: 0 | AP62: 0 | AQ62: 1 | AR62: 0 | AS62: 3 | AT62: 2 | AU62: 2 | AV62: 2 | AW62: =SUM(E62:AV62) -> 87
C63: 6. ILHAM WAHYUDI, S.H. | E63: 0 | F63: 0 | G63: 1 | H63: 0 | I63: 0 | J63: 0 | K63: 0 | L63: 1 | M63: 1 | N63: 1 | O63: 0 | P63: 1 | Q63: 0 | R63: 0 | S63: 1 | T63: 1 | U63: 0 | V63: 0 | W63: 0 | X63: 0 | Y63: 0 | Z63: 0 | AA63: 0 | AB63: 0 | AC63: 0 | AD63: 0 | AE63: 1 | AF63: 1 | AG63: 0 | AH63: 0 | AI63: 2 | AJ63: 0 | AK63: 1 | AL63: 4 | AM63: 0 | AN63: 0 | AO63: 0 | AP63: 0 | AQ63: 0 | AR63: 2 | AS63: 0 | AT63: 1 | AU63: 1 | AV63: 2 | AW63: =SUM(E63:AV63) -> 22
C64: 7. HAERUL ANWAR, S.Pd.I. | E64: 2 | F64: 0 | G64: 0 | H64: 1 | I64: 0 | J64: 0 | K64: 1 | L64: 3 | M64: 0 | N64: 0 | O64: 1 | P64: 0 | Q64: 0 | R64: 1 | S64: 0 | T64: 1 | U64: 1 | V64: 0 | W64: 1 | X64: 0 | Y64: 0 | Z64: 1 | AA64: 0 | AB64: 0 | AC64: 1 | AD64: 2 | AE64: 0 | AF64: 0 | AG64: 2 | AH64: 1 | AI64: 0 | AJ64: 0 | AK64: 0 | AL64: 0 | AM64: 0 | AN64: 1 | AO64: 0 | AP64: 0 | AQ64: 1 | AR64: 0 | AS64: 1 | AT64: 1 | AU64: 0 | AV64: 1 | AW64: =SUM(E64:AV64) -> 24
C65: 8. YOVI ADHITYA WARDANI | E65: 0 | F65: 0 | G65: 0 | H65: 0 | I65: 0 | J65: 0 | K65: 0 | L65: 1 | M65: 0 | N65: 1 | O65: 0 | P65: 0 | Q65: 1 | R65: 0 | S65: 3 | T65: 0 | U65: 0 | V65: 0 | W65: 0 | X65: 0 | Y65: 0 | Z65: 0 | AA65: 1 | AB65: 1 | AC65: 0 | AD65: 1 | AE65: 0 | AF65: 0 | AG65: 1 | AH65: 0 | AI65: 0 | AJ65: 1 | AK65: 1 | AL65: 0 | AM65: 0 | AN65: 1 | AO65: 0 | AP65: 1 | AQ65: 0 | AR65: 0 | AS65: 0 | AT65: 0 | AU65: 0 | AV65: 0 | AW65: =SUM(E65:AV65) -> 14
C66: 9. RITA AMELIA | E66: 0 | F66: 2 | G66: 0 | H66: 0 | I66: 0 | J66: 0 | K66: 1 | L66: 0 | M66: 2 | N66: 2 | O66: 0 | P66: 0 | Q66: 1 | R66: 0 | S66: 2 | T66: 0 | U66: 1 | V66: 0 | W66: 1 | X66: 1 | Y66: 1 | Z66: 2 | AA66: 1 | AB66: 0 | AC66: 0 | AD66: 0 | AE66: 2 | AF66: 0 | AG66: 2 | AH66: 0 | AI66: 1 | AJ66: 0 | AK66: 1 | AL66: 0 | AM66: 1 | AN66: 1 | AO66: 0 | AP66: 1 | AQ66: 1 | AR66: 1 | AS66: 2 | AT66: 1 | AU66: 2 | AV66: 0 | AW66: =SUM(E66:AV66) -> 33
A67: B | B67: JUMLAH SUARA SAH PARTAI POLITIK DAN CALON (A1 + A2) | E67: =SUM(E57:E66) -> 22 | F67: =SUM(F57:F66) -> 43 | G67: =SUM(G57:G66) -> 32 | H67: =SUM(H57:H66) -> 65 | I67: =SUM(I57:I66) -> 26 | J67: =SUM(J57:J66) -> 35 | K67: =SUM(K57:K66) -> 24 | L67: =SUM(L57:L66) -> 57 | ... AW67: =SUM(AW57:AW66) -> 2366
A69: A.1 | B69: 3. | C69: Partai Demokrasi Indonesia Perjuangan | E69: 8 | F69: 9 | G69: 6 | H69: 8 | I69: 4 | J69: 9 | K69: 10 | L69: 11 | M69: 10 | N69: 13 | O69: 18 | P69: 10 | Q69: 3 | R69: 10 | S69: 10 | T69: 11 | U69: 5 | V69: 7 | W69: 5 | X69: 7 | Y69: 7 | Z69: 13 | AA69: 5 | AB69: 20 | AC69: 4 | AD69: 9 | AE69: 13 | AF69: 7 | AG69: 11 | AH69: 8 | AI69: 10 | AJ69: 8 | AK69: 2 | AL69: 9 | AM69: 14 | AN69: 9 | AO69: 11 | AP69: 10 | AQ69: 1 | AR69: 11 | AS69: 4 | AT69: 11 | AU69: 5 | AV69: 8 | AW69: =SUM(E69:AV69) -> 384
A70: A.2 | C70: 1. MARTIN H., S.H., M.H. | E70: 7 | F70: 3 | G70: 6 | H70: 6 | I70: 6 | J70: 2 | K70: 11 | L70: 8 | M70: 9 | N70: 5 | O70: 5 | P70: 4 | Q70: 2 | R70: 3 | S70: 5 | T70: 5 | U70: 3 | V70: 3 | W70: 4 | X70: 3 | Y70: 5 | Z70: 3 | AA70: 3 | AB70: 7 | AC70: 3 | AD70: 2 | AE70: 4 | AF70: 4 | AG70: 7 | AH70: 1 | AI70: 2 | AJ70: 3 | AK70: 4 | AL70: 3 | AM70: 4 | AN70: 2 | AO70: 2 | AP70: 6 | AQ70: 3 | AR70: 1 | AS70: 2 | AT70: 3 | AU70: 5 | AV70: 2 | AW70: =SUM(E70:AV70) -> 181
C71: 2. HERMANTO, S.E. | E71: 4 | F71: 5 | G71: 10 | H71: 1 | I71: 2 | J71: 2 | K71: 3 | L71: 2 | M71: 3 | N71: 3 | O71: 6 | P71: 4 | Q71: 2 | R71: 4 | S71: 0 | T71: 0 | U71: 3 | V71: 2 | W71: 4 | X71: 2 | Y71: 2 | Z71: 3 | AA71: 2 | AB71: 11 | AC71: 5 | AD71: 2 | AE71: 4 | AF71: 9 | AG71: 4 | AH71: 0 | AI71: 0 | AJ71: 0 | AK71: 2 | AL71: 2 | AM71: 2 | AN71: 0 | AO71: 4 | AP71: 7 | AQ71: 3 | AR71: 2 | AS71: 3 | AT71: 0 | AU71: 1 | AV71: 5 | AW71: =SUM(E71:AV71) -> 135
C72: 3. EVY SUSILAWATI, S.E., M.M. | E72: 4 | F72: 2 | G72: 3 | H72: 3 | I72: 1 | J72: 2 | K72: 1 | L72: 2 | M72: 5 | N72: 1 | O72: 7 | P72: 1 | Q72: 0 | R72: 6 | S72: 2 | T72: 1 | U72: 3 | V72: 1 | W72: 3 | X72: 6 | Y72: 2 | Z72: 0 | AA72: 4 | AB72: 5 | AC72: 2 | AD72: 3 | AE72: 6 | AF72: 7 | AG72: 3 | AH72: 8 | AI72: 5 | AJ72: 8 | AK72: 7 | AL72: 2 | AM72: 3 | AN72: 4 | AO72: 2 | AP72: 4 | AQ72: 1 | AR72: 2 | AS72: 2 | AT72: 2 | AU72: 3 | AV72: 4 | AW72: =SUM(E72:AV72) -> 143
C73: 4. M. SIROTTUDIN | E73: 3 | F73: 6 | G73: 9 | H73: 0 | I73: 2 | J73: 4 | K73: 3 | L73: 3 | M73: 5 | N73: 5 | O73: 5 | P73: 1 | Q73: 2 | R73: 3 | S73: 12 | T73: 1 | U73: 5 | V73: 0 | W73: 0 | X73: 7 | Y73: 2 | Z73: 8 | AA73: 10 | AB73: 23 | AC73: 5 | AD73: 9 | AE73: 10 | AF73: 7 | AG73: 9 | AH73: 5 | AI73: 0 | AJ73: 19 | AK73: 2 | AL73: 3 | AM73: 7 | AN73: 4 | AO73: 0 | AP73: 3 | AQ73: 0 | AR73: 2 | AS73: 0 | AT73: 1 | AU73: 4 | AV73: 4 | AW73: =SUM(E73:AV73) -> 213
C74: 5. ABDUL HAFID, S.H. | E74: 2 | F74: 2 | G74: 0 | H74: 0 | I74: 0 | J74: 1 | K74: 1 | L74: 2 | M74: 2 | N74: 1 | O74: 2 | P74: 0 | Q74: 0 | R74: 2 | S74: 3 | T74: 1 | U74: 0 | V74: 2 | W74: 0 | X74: 1 | Y74: 0 | Z74: 1 | AA74: 1 | AB74: 3 | AC74: 1 | AD74: 2 | AE74: 3 | AF74: 1 | AG74: 2 | AH74: 2 | AI74: 3 | AJ74: 1 | AK74: 1 | AL74: 2 | AM74: 1 | AN74: 1 | AO74: 3 | AP74: 0 | AQ74: 2 | AR74: 1 | AS74: 0 | AT74: 1 | AU74: 0 | AV74: 1 | AW74: =SUM(E74:AV74) -> 55
C75: 6. NIKITA FORTUNA SURYANINGATI, A.Md.Keb. | E75: 1 | F75: 3 | G75: 1 | H75: 0 | I75: 1 | J75: 2 | K75: 3 | L75: 0 | M75: 4 | N75: 1 | O75: 5 | P75: 0 | Q75: 0 | R75: 2 | S75: 0 | T75: 1 | U75: 3 | V75: 1 | W75: 0 | X75: 2 | Y75: 2 | Z75: 1 | AA75: 3 | AB75: 6 | AC75: 1 | AD75: 0 | AE75: 4 | AF75: 4 | AG75: 1 | AH75: 0 | AI75: 1 | AJ75: 0 | AK75: 2 | AL75: 1 | AM75: 3 | AN75: 1 | AO75: 1 | AP75: 5 | AQ75: 1 | AR75: 1 | AS75: 1 | AT75: 0 | AU75: 1 | AV75: 1 | AW75: =SUM(E75:AV75) -> 71
C76: 7. YUDHO ILHAM WIJAYA, S.E. | E76: 0 | F76: 1 | G76: 0 | H76: 1 | I76: 1 | J76: 1 | K76: 0 | L76: 0 | M76: 0 | N76: 1 | O76: 1 | P76: 0 | Q76: 0 | R76: 0 | S76: 1 | T76: 0 | U76: 0 | V76: 0 | W76: 0 | X76: 0 | Y76: 0 | Z76: 0 | AA76: 2 | AB76: 2 | AC76: 1 | AD76: 0 | AE76: 1 | AF76: 1 | AG76: 0 | AH76: 0 | AI76: 0 | AJ76: 1 | AK76: 0 | AL76: 0 | AM76: 0 | AN76: 0 | AO76: 2 | AP76: 0 | AQ76: 1 | AR76: 0 | AS76: 0 | AT76: 0 | AU76: 0 | AV76: 0 | AW76: =SUM(E76:AV76) -> 18
C77: 8. SETIAWATI, S.H. | E77: 0 | F77: 0 | G77: 1 | H77: 0 | I77: 0 | J77: 1 | K77: 0 | L77: 0 | M77: 2 | N77: 2 | O77: 1 | P77: 1 | Q77: 0 | R77: 1 | S77: 0 | T77: 0 | U77: 1 | V77: 1 | W77: 0 | X77: 1 | Y77: 0 | Z77: 1 | AA77: 0 | AB77: 0 | AC77: 0 | AD77: 1 | AE77: 1 | AF77: 1 | AG77: 2 | AH77: 1 | AI77: 0 | AJ77: 0 | AK77: 0 | AL77: 2 | AM77: 0 | AN77: 1 | AO77: 1 | AP77: 0 | AQ77: 0 | AR77: 2 | AS77: 0 | AT77: 0 | AU77: 1 | AV77: 2 | AW77: =SUM(E77:AV77) -> 28
C78: 9. EKO BUDI SANTOSO, S.H. | E78: 0 | F78: 1 | G78: 1 | H78: 1 | I78: 1 | J78: 0 | K78: 0 | L78: 1 | M78: 2 | N78: 1 | O78: 1 | P78: 0 | Q78: 0 | R78: 1 | S78: 0 | T78: 1 | U78: 0 | V78: 0 | W78: 1 | X78: 1 | Y78: 0 | Z78: 1 | AA78: 1 | AB78: 5 | AC78: 1 | AD78: 3 | AE78: 1 | AF78: 1 | AG78: 2 | AH78: 0 | AI78: 1 | AJ78: 1 | AK78: 0 | AL78: 0 | AM78: 0 | AN78: 0 | AO78: 0 | AP78: 0 | AQ78: 0 | AR78: 1 | AS78: 0 | AT78: 2 | AU78: 0 | AV78: 0 | AW78: =SUM(E78:AV78) -> 33
A79: B | B79: JUMLAH SUARA SAH PARTAI POLITIK DAN CALON (A1 + A2) | E79: =SUM(E69:E78) -> 29 | F79: =SUM(F69:F78) -> 32 | G79: =SUM(G69:G78) -> 37 | H79: =SUM(H69:H78) -> 20 | I79: =SUM(I69:I78) -> 18 | J79: =SUM(J69:J78) -> 24 | K79: =SUM(K69:K78) -> 32 | L79: =SUM(L69:L78) -> 29 | ... AW79: =SUM(AW69:AW78) -> 1261
A81: A.1 | B81: 4. | C81: Partai Golongan Karya | E81: 0 | F81: 5 | G81: 0 | H81: 6 | I81: 0 | J81: 4 | K81: 5 | L81: 1 | M81: 2 | N81: 0 | O81: 3 | P81: 1 | Q81: 1 | R81: 0 | S81: 3 | T81: 0 | U81: 3 | V81: 0 | W81: 3 | X81: 4 | Y81: 1 | Z81: 2 | AA81: 7 | AB81: 3 | AC81: 0 | AD81: 2 | AE81: 2 | AF81: 7 | AG81: 0 | AH81: 1 | AI81: 1 | AJ81: 6 | AK81: 1 | AL81: 3 | AM81: 1 | AN81: 0 | AO81: 3 | AP81: 3 | AQ81: 2 | AR81: 3 | AS81: 3 | AT81: 0 | AU81: 0 | AV81: 1 | AW81: =SUM(E81:AV81) -> 93
A82: A.2 | C82: 1. PRANAYA YUDHA MAHARDHIKA | E82: 1 | F82: 2 | G82: 9 | H82: 3 | I82: 0 | J82: 4 | K82: 13 | L82: 2 | M82: 1 | N82: 7 | O82: 1 | P82: 0 | Q82: 0 | R82: 0 | S82: 2 | T82: 0 | U82: 1 | V82: 0 | W82: 4 | X82: 0 | Y82: 10 | Z82: 0 | AA82: 2 | AB82: 1 | AC82: 2 | AD82: 2 | AE82: 2 | AF82: 8 | AG82: 1 | AH82: 2 | AI82: 1 | AJ82: 3 | AK82: 2 | AL82: 2 | AM82: 1 | AN82: 2 | AO82: 0 | AP82: 1 | AQ82: 2 | AR82: 3 | AS82: 1 | AT82: 0 | AU82: 0 | AV82: 2 | AW82: =SUM(E82:AV82) -> 100
C83: 2. Dra. Ec. ENDANG SULASTUTY, M.I.P. | E83: 0 | F83: 2 | G83: 1 | H83: 0 | I83: 0 | J83: 1 | K83: 0 | L83: 3 | M83: 1 | N83: 0 | O83: 1 | P83: 1 | Q83: 0 | R83: 0 | S83: 1 | T83: 1 | U83: 1 | V83: 0 | W83: 1 | X83: 0 | Y83: 0 | Z83: 0 | AA83: 1 | AB83: 2 | AC83: 0 | AD83: 1 | AE83: 0 | AF83: 2 | AG83: 0 | AH83: 1 | AI83: 2 | AJ83: 0 | AK83: 0 | AL83: 0 | AM83: 1 | AN83: 1 | AO83: 1 | AP83: 1 | AQ83: 0 | AR83: 5 | AS83: 0 | AT83: 1 | AU83: 0 | AV83: 1 | AW83: =SUM(E83:AV83) -> 34
C84: 3. AGUS REJEKI WARTONO | E84: 0 | F84: 0 | G84: 0 | H84: 1 | I84: 0 | J84: 0 | K84: 0 | L84: 2 | M84: 0 | N84: 0 | O84: 0 | P84: 0 | Q84: 0 | R84: 0 | S84: 0 | T84: 1 | U84: 0 | V84: 0 | W84: 1 | X84: 0 | Y84: 0 | Z84: 1 | AA84: 0 | AB84: 0 | AC84: 2 | AD84: 0 | AE84: 2 | AF84: 2 | AG84: 1 | AH84: 1 | AI84: 0 | AJ84: 2 | AK84: 0 | AL84: 1 | AM84: 0 | AN84: 0 | AO84: 0 | AP84: 0 | AQ84: 0 | AR84: 0 | AS84: 0 | AT84: 0 | AU84: 0 | AV84: 1 | AW84: =SUM(E84:AV84) -> 18
C85: 4. Hj. TUTUK ASMA'A ZUCHROH, S.T., M.T. | E85: 0 | F85: 2 | G85: 2 | H85: 0 | I85: 2 | J85: 0 | K85: 0 | L85: 1 | M85: 1 | N85: 0 | O85: 0 | P85: 0 | Q85: 0 | R85: 2 | S85: 0 | T85: 1 | U85: 0 | V85: 0 | W85: 2 | X85: 1 | Y85: 0 | Z85: 1 | AA85: 0 | AB85: 1 | AC85: 0 | AD85: 1 | AE85: 0 | AF85: 1 | AG85: 0 | AH85: 1 | AI85: 0 | AJ85: 0 | AK85: 0 | AL85: 0 | AM85: 1 | AN85: 0 | AO85: 0 | AP85: 0 | AQ85: 4 | AR85: 1 | AS85: 0 | AT85: 0 | AU85: 0 | AV85: 1 | AW85: =SUM(E85:AV85) -> 26
C86: 5. ADE M. RIZKI, S.E. | E86: 0 | F86: 0 | G86: 2 | H86: 0 | I86: 0 | J86: 0 | K86: 0 | L86: 2 | M86: 2 | N86: 0 | O86: 0 | P86: 1 | Q86: 1 | R86: 0 | S86: 1 | T86: 0 | U86: 0 | V86: 1 | W86: 1 | X86: 1 | Y86: 0 | Z86: 0 | AA86: 1 | AB86: 0 | AC86: 0 | AD86: 0 | AE86: 0 | AF86: 0 | AG86: 0 | AH86: 0 | AI86: 0 | AJ86: 0 | AK86: 0 | AL86: 2 | AM86: 0 | AN86: 1 | AO86: 0 | AP86: 1 | AQ86: 0 | AR86: 2 | AS86: 0 | AT86: 0 | AU86: 2 | AV86: 0 | AW86: =SUM(E86:AV86) -> 21
C87: 6. ABDURAKHMAN, Bc.Kn. | E87: 0 | F87: 1 | G87: 0 | H87: 0 | I87: 1 | J87: 0 | K87: 0 | L87: 0 | M87: 0 | N87: 0 | O87: 1 | P87: 0 | Q87: 0 | R87: 0 | S87: 1 | T87: 0 | U87: 0 | V87: 0 | W87: 0 | X87: 0 | Y87: 0 | Z87: 0 | AA87: 0 | AB87: 0 | AC87: 0 | AD87: 0 | AE87: 1 | AF87: 0 | AG87: 1 | AH87: 0 | AI87: 0 | AJ87: 0 | AK87: 0 | AL87: 1 | AM87: 0 | AN87: 0 | AO87: 1 | AP87: 0 | AQ87: 1 | AR87: 0 | AS87: 0 | AT87: 0 | AU87: 0 | AV87: 0 | AW87: =SUM(E87:AV87) -> 9
C88: 7. CENDY RHIYAN ADI PUTRI | E88: 0 | F88: 0 | G88: 0 | H88: 0 | I88: 0 | J88: 0 | K88: 0 | L88: 0 | M88: 0 | N88: 0 | O88: 0 | P88: 0 | Q88: 0 | R88: 0 | S88: 0 | T88: 0 | U88: 0 | V88: 0 | W88: 0 | X88: 0 | Y88: 0 | Z88: 0 | AA88: 0 | AB88: 0 | AC88: 0 | AD88: 0 | AE88: 0 | AF88: 0 | AG88: 0 | AH88: 0 | AI88: 0 | AJ88: 0 | AK88: 0 | AL88: 0 | AM88: 1 | AN88: 0 | AO88: 0 | AP88: 0 | AQ88: 2 | AR88: 1 | AS88: 0 | AT88: 0 | AU88: 0 | AV88: 4 | AW88: =SUM(E88:AV88) -> 8
C89: 8. BAKTI WIJAYANTO, S.E. | E89: 0 | F89: 0 | G89: 0 | H89: 0 | I89: 0 | J89: 0 | K89: 0 | L89: 0 | M89: 0 | N89: 0 | O89: 0 | P89: 0 | Q89: 0 | R89: 0 | S89: 0 | T89: 0 | U89: 0 | V89: 0 | W89: 0 | X89: 0 | Y89: 0 | Z89: 0 | AA89: 0 | AB89: 0 | AC89: 0 | AD89: 0 | AE89: 0 | AF89: 0 | AG89: 0 | AH89: 1 | AI89: 0 | AJ89: 0 | AK89: 0 | AL89: 0 | AM89: 1 | AN89: 0 | AO89: 0 | AP89: 1 | AQ89: 0 | AR89: 0 | AS89: 1 | AT89: 0 | AU89: 0 | AV89: 0 | AW89: =SUM(E89:AV89) -> 4
C90: 9. AHMAD UBAIDILLAH | E90: 0 | F90: 0 | G90: 0 | H90: 0 | I90: 0 | J90: 0 | K90: 0 | L90: 0 | M90: 0 | N90: 0 | O90: 0 | P90: 0 | Q90: 0 | R90: 0 | S90: 0 | T90: 0 | U90: 0 | V90: 0 | W90: 0 | X90: 0 | Y90: 0 | Z90: 0 | AA90: 0 | AB90: 0 | AC90: 0 | AD90: 0 | AE90: 1 | AF90: 0 | AG90: 0 | AH90: 0 | AI90: 0 | AJ90: 0 | AK90: 0 | AL90: 0 | AM90: 1 | AN90: 0 | AO90: 0 | AP90: 0 | AQ90: 0 | AR90: 0 | AS90: 0 | AT90: 0 | AU90: 0 | AV90: 0 | AW90: =SUM(E90:AV90) -> 2
A91: B | B91: JUMLAH SUARA SAH PARTAI POLITIK DAN CALON (A1 + A2) | E91: =SUM(E81:E90) -> 1 | F91: =SUM(F81:F90) -> 12 | G91: =SUM(G81:G90) -> 14 | H91: =SUM(H81:H90) -> 10 | I91: =SUM(I81:I90) -> 3 | J91: =SUM(J81:J90) -> 9 | K91: =SUM(K81:K90) -> 18 | L91: =SUM(L81:L90) -> 11 | ... AW91: =SUM(AW81:AW90) -> 315
A93: A.1 | B93: 5. | C93: Partai NasDem | E93: 1 | F93: 5 | G93: 3 | H93: 3 | I93: 0 | J93: 0 | K93: 6 | L93: 0 | M93: 3 | N93: 3 | O93: 3 | P93: 5 | Q93: 1 | R93: 2 | S93: 0 | T93: 5 | U93: 1 | V93: 1 | W93: 2 | X93: 1 | Y93: 6 | Z93: 2 | AA93: 3 | AB93: 4 | AC93: 2 | AD93: 0 | AE93: 3 | AF93: 3 | AG93: 2 | AH93: 3 | AI93: 5 | AJ93: 0 | AK93: 0 | AL93: 3 | AM93: 1 | AN93: 2 | AO93: 4 | AP93: 4 | AQ93: 1 | AR93: 4 | AS93: 5 | AT93: 0 | AU93: 2 | AV93: 0 | AW93: =SUM(E93:AV93) -> 104
A94: A.2 | C94: 1. ALI MUSTOFA, A.Md. | E94: 6 | F94: 24 | G94: 7 | H94: 2 | I94: 7 | J94: 3 | K94: 10 | L94: 5 | M94: 0 | N94: 9 | O94: 3 | P94: 20 | Q94: 1 | R94: 1 | S94: 8 | T94: 20 | U94: 5 | V94: 0 | W94: 7 | X94: 8 | Y94: 20 | Z94: 4 | AA94: 1 | AB94: 5 | AC94: 10 | AD94: 4 | AE94: 1 | AF94: 2 | AG94: 21 | AH94: 7 | AI94: 41 | AJ94: 10 | AK94: 2 | AL94: 1 | AM94: 3 | AN94: 3 | AO94: 10 | AP94: 8 | AQ94: 3 | AR94: 6 | AS94: 4 | AT94: 3 | AU94: 0 | AV94: 4 | AW94: =SUM(E94:AV94) -> 319
C95: 2. Hj. BUAMI, S.H. | E95: 0 | F95: 0 | G95: 0 | H95: 0 | I95: 1 | J95: 1 | K95: 0 | L95: 0 | M95: 0 | N95: 0 | O95: 0 | P95: 0 | Q95: 0 | R95: 0 | S95: 0 | T95: 0 | U95: 1 | V95: 0 | W95: 0 | X95: 0 | Y95: 0 | Z95: 0 | AA95: 0 | AB95: 0 | AC95: 0 | AD95: 0 | AE95: 0 | AF95: 1 | AG95: 0 | AH95: 0 | AI95: 0 | AJ95: 1 | AK95: 1 | AL95: 1 | AM95: 1 | AN95: 4 | AO95: 7 | AP95: 3 | AQ95: 0 | AR95: 3 | AS95: 4 | AT95: 0 | AU95: 0 | AV95: 1 | AW95: =SUM(E95:AV95) -> 30
C96: 3. SUGIONO, S.H. | E96: 1 | F96: 0 | G96: 1 | H96: 0 | I96: 0 | J96: 0 | K96: 0 | L96: 0 | M96: 0 | N96: 0 | O96: 0 | P96: 0 | Q96: 0 | R96: 0 | S96: 1 | T96: 0 | U96: 2 | V96: 0 | W96: 0 | X96: 0 | Y96: 0 | Z96: 0 | AA96: 0 | AB96: 1 | AC96: 0 | AD96: 1 | AE96: 0 | AF96: 0 | AG96: 0 | AH96: 0 | AI96: 0 | AJ96: 0 | AK96: 0 | AL96: 0 | AM96: 1 | AN96: 1 | AO96: 0 | AP96: 3 | AQ96: 0 | AR96: 0 | AS96: 1 | AT96: 1 | AU96: 0 | AV96: 0 | AW96: =SUM(E96:AV96) -> 14
C97: 4. LULUK SUNARMIATININGSIH | E97: 0 | F97: 0 | G97: 0 | H97: 0 | I97: 2 | J97: 0 | K97: 1 | L97: 0 | M97: 0 | N97: 0 | O97: 1 | P97: 0 | Q97: 0 | R97: 0 | S97: 0 | T97: 0 | U97: 0 | V97: 0 | W97: 0 | X97: 0 | Y97: 0 | Z97: 0 | AA97: 1 | AB97: 0 | AC97: 2 | AD97: 1 | AE97: 0 | AF97: 0 | AG97: 0 | AH97: 0 | AI97: 1 | AJ97: 1 | AK97: 1 | AL97: 0 | AM97: 0 | AN97: 0 | AO97: 1 | AP97: 1 | AQ97: 1 | AR97: 0 | AS97: 1 | AT97: 0 | AU97: 0 | AV97: 0 | AW97: =SUM(E97:AV97) -> 15
C98: 5. ANTON DJULIANTO ADI | E98: 0 | F98: 0 | G98: 0 | H98: 0 | I98: 0 | J98: 0 | K98: 0 | L98: 0 | M98: 0 | N98: 1 | O98: 0 | P98: 0 | Q98: 0 | R98: 0 | S98: 1 | T98: 1 | U98: 0 | V98: 0 | W98: 0 | X98: 0 | Y98: 0 | Z98: 1 | AA98: 2 | AB98: 0 | AC98: 0 | AD98: 0 | AE98: 0 | AF98: 0 | AG98: 0 | AH98: 0 | AI98: 0 | AJ98: 0 | AK98: 0 | AL98: 0 | AM98: 0 | AN98: 0 | AO98: 0 | AP98: 0 | AQ98: 1 | AR98: 0 | AS98: 0 | AT98: 0 | AU98: 0 | AV98: 0 | AW98: =SUM(E98:AV98) -> 7
C99: 6. MOKHAMAD ROFI'I KHUSNAN | E99: 0 | F99: 0 | G99: 0 | H99: 0 | I99: 0 | J99: 0 | K99: 0 | L99: 0 | M99: 0 | N99: 0 | O99: 0 | P99: 0 | Q99: 0 | R99: 0 | S99: 0 | T99: 1 | U99: 0 | V99: 0 | W99: 0 | X99: 0 | Y99: 0 | Z99: 0 | AA99: 0 | AB99: 0 | AC99: 0 | AD99: 0 | AE99: 0 | AF99: 0 | AG99: 0 | AH99: 0 | AI99: 0 | AJ99: 0 | AK99: 0 | AL99: 0 | AM99: 0 | AN99: 0 | AO99: 0 | AP99: 1 | AQ99: 0 | AR99: 0 | AS99: 0 | AT99: 0 | AU99: 0 | AV99: 0 | AW99: =SUM(E99:AV99) -> 2
C100: 7. Rr SETYO WATI | E100: 0 | F100: 0 | G100: 0 | H100: 0 | I100: 0 | J100: 0 | K100: 0 | L100: 0 | M100: 0 | N100: 0 | O100: 0 | P100: 0 | Q100: 0 | R100: 0 | S100: 0 | T100: 0 | U100: 0 | V100: 0 | W100: 0 | X100: 0 | Y100: 0 | Z100: 0 | AA100: 0 | AB100: 0 | AC100: 0 | AD100: 0 | AE100: 0 | AF100: 0 | AG100: 0 | AH100: 0 | AI100: 0 | AJ100: 0 | AK100: 0 | AL100: 0 | AM100: 0 | AN100: 0 | AO100: 0 | AP100: 0 | AQ100: 0 | AR100: 0 | AS100: 0 | AT100: 1 | AU100: 0 | AV100: 0 | AW100: =SUM(E100:AV100) -> 1
C101: 8. ABD. KADIR ASSEGAFF | E101: 1 | F101: 0 | G101: 0 | H101: 0 | I101: 0 | J101: 0 | K101: 0 | L101: 0 | M101: 0 | N101: 0 | O101: 0 | P101: 0 | Q101: 0 | R101: 0 | S101: 0 | T101: 0 | U101: 0 | V101: 0 | W101: 0 | X101: 0 | Y101: 0 | Z101: 0 | AA101: 0 | AB101: 0 | AC101: 0 | AD101: 0 | AE101: 0 | AF101: 0 | AG101: 0 | AH101: 0 | AI101: 1 | AJ101: 0 | AK101: 0 | AL101: 0 | AM101: 0 | AN101: 0 | AO101: 0 | AP101: 0 | AQ101: 1 | AR101: 1 | AS101: 0 | AT101: 0 | AU101: 0 | AV101: 0 | AW101: =SUM(E101:AV101) -> 4
C102: 9. FATHOR ZAINULLAH | E102: 0 | F102: 0 | G102: 0 | H102: 0 | I102: 0 | J102: 0 | K102: 0 | L102: 0 | M102: 0 | N102: 0 | O102: 0 | P102: 0 | Q102: 0 | R102: 0 | S102: 0 | T102: 0 | U102: 0 | V102: 0 | W102: 1 | X102: 0 | Y102: 0 | Z102: 1 | AA102: 0 | AB102: 0 | AC102: 0 | AD102: 0 | AE102: 0 | AF102: 0 | AG102: 0 | AH102: 0 | AI102: 0 | AJ102: 0 | AK102: 0 | AL102: 0 | AM102: 0 | AN102: 0 | AO102: 0 | AP102: 0 | AQ102: 0 | AR102: 0 | AS102: 0 | AT102: 0 | AU102: 1 | AV102: 1 | AW102: =SUM(E102:AV102) -> 4
A103: B | B103: JUMLAH SUARA SAH PARTAI POLITIK DAN CALON (A1 + A2) | E103: =SUM(E93:E102) -> 9 | F103: =SUM(F93:F102) -> 29 | G103: =SUM(G93:G102) -> 11 | H103: =SUM(H93:H102) -> 5 | I103: =SUM(I93:I102) -> 10 | J103: =SUM(J93:J102) -> 4 | K103: =SUM(K93:K102) -> 17 | L103: =SUM(L93:L102) -> 5 | ... AW103: =SUM(AW93:AW102) -> 500
A105: A.1 | B105: 6. | C105: Partai Buruh | E105: 0 | F105: 0 | G105: 1 | H105: 0 | I105: 1 | J105: 2 | K105: 0 | L105: 1 | M105: 0 | N105: 1 | O105: 0 | P105: 0 | Q105: 1 | R105: 0 | S105: 0 | T105: 0 | U105: 0 | V105: 0 | W105: 0 | X105: 2 | Y105: 0 | Z105: 1 | AA105: 0 | AB105: 1 | AC105: 0 | AD105: 2 | AE105: 1 | AF105: 1 | AG105: 0 | AH105: 1 | AI105: 0 | AJ105: 1 | AK105: 0 | AL105: 0 | AM105: 0 | AN105: 1 | AO105: 1 | AP105: 2 | AQ105: 0 | AR105: 1 | AS105: 1 | AT105: 1 | AU105: 1 | AV105: 2 | AW105: =SUM(E105:AV105) -> 27
A106: A.2 | C106: 1. AGUS SUPRIYADI | E106: 1 | F106: 0 | G106: 0 | H106: 0 | I106: 0 | J106: 0 | K106: 0 | L106: 0 | M106: 1 | N106: 0 | O106: 0 | P106: 0 | Q106: 0 | R106: 0 | S106: 1 | T106: 0 | U106: 0 | V106: 0 | W106: 0 | X106: 0 | Y106: 0 | Z106: 0 | AA106: 0 | AB106: 1 | AC106: 1 | AD106: 0 | AE106: 0 | AF106: 0 | AG106: 0 | AH106: 0 | AI106: 0 | AJ106: 1 | AK106: 1 | AL106: 1 | AM106: 1 | AN106: 1 | AO106: 2 | AP106: 0 | AQ106: 0 | AR106: 2 | AS106: 0 | AT106: 0 | AU106: 0 | AV106: 0 | AW106: =SUM(E106:AV106) -> 14
C107: 2. ENI HARIATI | E107: 1 | F107: 0 | G107: 0 | H107: 0 | I107: 0 | J107: 1 | K107: 0 | L107: 0 | M107: 0 | N107: 0 | O107: 0 | P107: 0 | Q107: 0 | R107: 1 | S107: 0 | T107: 1 | U107: 0 | V107: 2 | W107: 0 | X107: 0 | Y107: 0 | Z107: 0 | AA107: 1 | AB107: 0 | AC107: 0 | AD107: 1 | AE107: 0 | AF107: 1 | AG107: 1 | AH107: 1 | AI107: 0 | AJ107: 1 | AK107: 1 | AL107: 0 | AM107: 0 | AN107: 0 | AO107: 0 | AP107: 1 | AQ107: 0 | AR107: 1 | AS107: 0 | AT107: 0 | AU107: 0 | AV107: 0 | AW107: =SUM(E107:AV107) -> 15
AW108: =SUM(E108:AV108) -> 0
AW109: =SUM(E109:AV109) -> 0
AW110: =SUM(E110:AV110) -> 0
AW111: =SUM(E111:AV111) -> 0
AW112: =SUM(E112:AV112) -> 0
AW113: =SUM(E113:AV113) -> 0
AW114: =SUM(E114:AV114) -> 0
A115: B | B115: JUMLAH SUARA SAH PARTAI POLITIK DAN CALON (A1 + A2) | E115: =SUM(E105:E114) -> 2 | F115: =SUM(F105:F114) -> 0 | G115: =SUM(G105:G114) -> 1 | H115: =SUM(H105:H114) -> 0 | I115: =SUM(I105:I114) -> 1 | J115: =SUM(J105:J114) -> 3 | K115: =SUM(K105:K114) -> 0 | L115: =SUM(L105:L114) -> 1 | ... AW115: =SUM(AW105:AW114) -> 56
A117: A.1 | B117: 7. | C117: Partai Gelombang Rakyat Indonesia | E117: 0 | F117: 0 | G117: 0 | H117: 1 | I117: 1 | J117: 2 | K117: 0 | L117: 0 | M117: 2 | N117: 0 | O117: 0 | P117: 1 | Q117: 1 | R117: 1 | S117: 0 | T117: 0 | U117: 0 | V117: 0 | W117: 1 | X117: 2 | Y117: 0 | Z117: 0 | AA117: 0 | AB117: 0 | AC117: 0 | AD117: 0 | AE117: 0 | AF117: 0 | AG117: 0 | AH117: 0 | AI117: 0 | AJ117: 0 | AK117: 0 | AL117: 0 | AM117: 0 | AN117: 1 | AO117: 0 | AP117: 0 | AQ117: 0 | AR117: 0 | AS117: 0 | AT117: 0 | AU117: 0 | AV117: 0 | AW117: =SUM(E117:AV117) -> 13
...

Sheet SUMBERSARI
C2: Kecamatan | D2: SRONO
C3: Kabupaten | D3: BANYUWANGI
C4: Provinsi | D4: JAWA TIMUR
C9: Kelurahan | D9: SUMBERSARI
A12: I | B12: DATA PEMILIH DAN PENGGUNAAN HAK PILIH | AH12: JUMLAH AKHIR
A13: A | B13: DATA PEMILIH | E13: TPS 001 | F13: TPS 002 | G13: TPS 003 | H13: TPS 004 | I13: TPS 005 | J13: TPS 006 | K13: TPS 007 | L13: TPS 008 | M13: TPS 009 | N13: TPS 010 | O13: TPS 011 | P13: TPS 012 | Q13: TPS 013 | R13: TPS 014 | S13: TPS 015 | T13: TPS 016 | U13: TPS 017 | V13: TPS 018 | W13: TPS 019 | X13: TPS 020 | Y13: TPS 021 | Z13: TPS 022 | AA13: TPS 023 | AB13: TPS 024 | AC13: TPS 025 | AD13: TPS 026 | AE13: TPS 027 | AF13: TPS 028 | AG13: TPS 029
B14: Jumlah Pemilih dalam Daftar Pemilih Tetap (DPT) | D14: LK | E14: 147 | F14: 147 | G14: 148 | H14: 148 | I14: 133 | J14: 145 | K14: 143 | L14: 127 | M14: 135 | N14: 137 | O14: 145 | P14: 148 | Q14: 151 | R14: 147 | S14: 151 | T14: 141 | U14: 129 | V14: 143 | W14: 141 | X14: 134 | Y14: 144 | Z14: 147 | AA14: 131 | AB14: 140 | AC14: 146 | AD14: 137 | AE14: 137 | AF14: 117 | AG14: 71 | AH14: =SUM(E14:AG14) -> 4010
D15: PR | E15: 132 | F15: 131 | G15: 143 | H15: 148 | I15: 146 | J15: 137 | K15: 138 | L15: 130 | M15: 149 | N15: 137 | O15: 153 | P15: 149 | Q15: 139 | R15: 150 | S15: 139 | T15: 152 | U15: 145 | V15: 127 | W15: 132 | X15: 139 | Y15: 148 | Z15: 135 | AA15: 141 | AB15: 136 | AC15: 140 | AD15: 133 | AE15: 139 | AF15: 94 | AG15: 75 | AH15: =SUM(E15:AG15) -> 3957
D16: JML | E16: =SUM(E14:E15) -> 279 | F16: =SUM(F14:F15) -> 278 | G16: =SUM(G14:G15) -> 291 | H16: =SUM(H14:H15) -> 296 | I16: =SUM(I14:I15) -> 279 | J16: =SUM(J14:J15) -> 282 | K16: =SUM(K14:K15) -> 281 | L16: =SUM(L14:L15) -> 257 | ... AG16: =SUM(AG14:AG15) -> 146 | AH16: =SUM(E16:AG16) -> 7967
A18: B | B18: PENGGUNA HAK PILIH
B19: 1. | C19: Jumlah pengguna hak pilih dalam Daftar Pemilih Tetap (DPT) | D19: LK | E19: 115 | F19: 109 | G19: 124 | H19: 112 | I19: 102 | J19: 101 | K19: 107 | L19: 87 | M19: 104 | N19: 101 | O19: 104 | P19: 95 | Q19: 95 | R19: 113 | S19: 103 | T19: 107 | U19: 94 | V19: 110 | W19: 113 | X19: 102 | Y19: 107 | Z19: 108 | AA19: 96 | AB19: 104 | AC19: 113 | AD19: 101 | AE19: 102 | AF19: 88 | AG19: 53 | AH19: =SUM(E19:AG19) -> 2970
D20: PR | E20: 109 | F20: 104 | G20: 120 | H20: 123 | I20: 116 | J20: 106 | K20: 109 | L20: 106 | M20: 121 | N20: 108 | O20: 122 | P20: 122 | Q20: 106 | R20: 130 | S20: 106 | T20: 117 | U20: 122 | V20: 108 | W20: 111 | X20: 112 | Y20: 124 | Z20: 102 | AA20: 104 | AB20: 113 | AC20: 115 | AD20: 105 | AE20: 117 | AF20: 71 | AG20: 60 | AH20: =SUM(E20:AG20) -> 3189
D21: JML | E21: =SUM(E19:E20) -> 224 | F21: =SUM(F19:F20) -> 213 | G21: =SUM(G19:G20) -> 244 | H21: =SUM(H19:H20) -> 235 | I21: =SUM(I19:I20) -> 218 | J21: =SUM(J19:J20) -> 207 | K21: =SUM(K19:K20) -> 216 | L21: =SUM(L19:L20) -> 193 | ... AG21: =SUM(AG19:AG20) -> 113 | AH21: =SUM(E21:AG21) -> 6159
B22: 2. | C22: Jumlah pengguna hak pilih dalam Daftar Pemilih Tambahan (DPTb) | D22: LK | E22: 0 | F22: 0 | G22: 0 | H22: 0 | I22: 0 | J22: 0 | K22: 0 | L22: 0 | M22: 0 | N22: 0 | O22: 0 | P22: 0 | Q22: 0 | R22: 0 | S22: 0 | T22: 0 | U22: 0 | V22: 0 | W22: 0 | X22: 0 | Y22: 0 | Z22: 1 | AA22: 0 | AB22: 0 | AC22: 0 | AD22: 0 | AE22: 0 | AF22: 0 | AG22: 0 | AH22: =SUM(E22:AG22) -> 1
D23: PR | E23: 0 | F23: 0 | G23: 0 | H23: 0 | I23: 0 | J23: 0 | K23: 0 | L23: 0 | M23: 0 | N23: 0 | O23: 1 | P23: 0 | Q23: 3 | R23: 0 | S23: 0 | T23: 0 | U23: 0 | V23: 0 | W23: 0 | X23: 0 | Y23: 0 | Z23: 0 | AA23: 0 | AB23: 0 | AC23: 0 | AD23: 0 | AE23: 0 | AF23: 0 | AG23: 0 | AH23: =SUM(E23:AG23) -> 4
D24: JML | E24: =SUM(E22:E23) -> 0 | F24: =SUM(F22:F23) -> 0 | G24: =SUM(G22:G23) -> 0 | H24: =SUM(H22:H23) -> 0 | I24: =SUM(I22:I23) -> 0 | J24: =SUM(J22:J23) -> 0 | K24: =SUM(K22:K23) -> 0 | L24: =SUM(L22:L23) -> 0 | ... AG24: =SUM(AG22:AG23) -> 0 | AH24: =SUM(E24:AG24) -> 5
B25: 3. | C25: Jumlah pengguna hak pilih dalam Daftar Pemilih Khusus (DPK) | D25: LK | E25: 1 | F25: 1 | G25: 0 | H25: 5 | I25: 0 | J25: 5 | K25: 1 | L25: 2 | M25: 0 | N25: 1 | O25: 0 | P25: 0 | Q25: 1 | R25: 0 | S25: 1 | T25: 5 | U25: 6 | V25: 1 | W25: 0 | X25: 2 | Y25: 0 | Z25: 1 | AA25: 1 | AB25: 2 | AC25: 0 | AD25: 2 | AE25: 2 | AF25: 2 | AG25: 0 | AH25: =SUM(E25:AG25) -> 42
D26: PR | E26: 4 | F26: 1 | G26: 3 | H26: 1 | I26: 1 | J26: 2 | K26: 0 | L26: 1 | M26: 3 | N26: 2 | O26: 0 | P26: 0 | Q26: 8 | R26: 0 | S26: 5 | T26: 7 | U26: 2 | V26: 5 | W26: 2 | X26: 5 | Y26: 0 | Z26: 3 | AA26: 5 | AB26: 3 | AC26: 0 | AD26: 4 | AE26: 3 | AF26: 1 | AG26: 0 | AH26: =SUM(E26:AG26) -> 71
D27: JML | E27: =SUM(E25:E26) -> 5 | F27: =SUM(F25:F26) -> 2 | G27: =SUM(G25:G26) -> 3 | H27: =SUM(H25:H26) -> 6 | I27: =SUM(I25:I26) -> 1 | J27: =SUM(J25:J26) -> 7 | K27: =SUM(K25:K26) -> 1 | L27: =SUM(L25:L26) -> 3 | ... AG27: =SUM(AG25:AG26) -> 0 | AH27: =SUM(E27:AG27) -> 113
B28: 4. | C28: Jumlah Pengguna Hak Pilih (B.1+B.2+B.3) | D28: LK | E28: =SUM(E19,E22,E25) -> 116 | F28: =SUM(F19,F22,F25) -> 110 | G28: =SUM(G19,G22,G25) -> 124 | H28: =SUM(H19,H22,H25) -> 117 | I28: =SUM(I19,I22,I25) -> 102 | J28: =SUM(J19,J22,J25) -> 106 | K28: =SUM(K19,K22,K25) -> 108 | L28: =SUM(L19,L22,L25) -> 89 | ... AG28: =SUM(AG19,AG22,AG25) -> 53 | AH28: =SUM(E28:AG28) -> 3013
D29: PR | E29: =SUM(E20,E23,E26) -> 113 | F29: =SUM(F20,F23,F26) -> 105 | G29: =SUM(G20,G23,G26) -> 123 | H29: =SUM(H20,H23,H26) -> 124 | I29: =SUM(I20,I23,I26) -> 117 | J29: =SUM(J20,J23,J26) -> 108 | K29: =SUM(K20,K23,K26) -> 109 | L29: =SUM(L20,L23,L26) -> 107 | ... AG29: =SUM(AG20,AG23,AG26) -> 60 | AH29: =SUM(E29:AG29) -> 3264
D30: JML | E30: =SUM(E28:E29) -> 229 | F30: =SUM(F28:F29) -> 215 | G30: =SUM(G28:G29) -> 247 | H30: =SUM(H28:H29) -> 241 | I30: =SUM(I28:I29) -> 219 | J30: =SUM(J28:J29) -> 214 | K30: =SUM(K28:K29) -> 217 | L30: =SUM(L28:L29) -> 196 | ... AG30: =SUM(AG28:AG29) -> 113 | AH30: =SUM(E30:AG30) -> 6277
A32: II | B32: DATA PENGGUNAAN SURAT SUARA
A33: 1 | B33: Jumlah surat suara yang diterima, termasuk surat suara cadangan 2,5% dari DPT | E33: 285 | F33: 284 | G33: 297 | H33: 302 | I33: 285 | J33: 288 | K33: 287 | L33: 263 | M33: 290 | N33: 280 | O33: 304 | P33: 303 | Q33: 296 | R33: 303 | S33: 296 | T33: 299 | U33: 280 | V33: 276 | W33: 279 | X33: 279 | Y33: 298 | Z33: 288 | AA33: 278 | AB33: 282 | AC33: 293 | AD33: 276 | AE33: 282 | AF33: 215 | AG33: 149 | AH33: =SUM(E33:AG33) -> 8137
A34: 2 | B34: Jumlah surat suara yang digunakan | E34: 229 | F34: 215 | G34: 247 | H34: 241 | I34: 219 | J34: 214 | K34: 217 | L34: 196 | M34: 228 | N34: 212 | O34: 227 | P34: 217 | Q34: 213 | R34: 243 | S34: 215 | T34: 236 | U34: 224 | V34: 224 | W34: 226 | X34: 221 | Y34: 231 | Z34: 215 | AA34: 206 | AB34: 222 | AC34: 228 | AD34: 212 | AE34: 224 | AF34: 162 | AG34: 113 | AH34: =SUM(E34:AG34) -> 6277
A35: 3 | B35: Jumlah surat suara dikembalikan oleh pemilih (karena rusak atau keliru coblos) | E35: 1 | F35: 0 | G35: 0 | H35: 0 | I35: 0 | J35: 0 | K35: 0 | L35: 0 | M35: 0 | N35: 0 | O35: 0 | P35: 0 | Q35: 4 | R35: 0 | S35: 0 | T35: 0 | U35: 1 | V35: 0 | W35: 0 | X35: 1 | Y35: 0 | Z35: 0 | AA35: 0 | AB35: 0 | AC35: 1 | AD35: 0 | AE35: 0 | AF35: 0 | AG35: 0 | AH35: =SUM(E35:AG35) -> 8
A36: 4 | B36: Jumlah surat suara yang tidak digunakan/tidak terpakai, termasuk sisa surat suara cadangan | E36: =E33-(E34+E35) -> 55 | F36: =F33-(F34+F35) -> 69 | G36: =G33-(G34+G35) -> 50 | H36: =H33-(H34+H35) -> 61 | I36: =I33-(I34+I35) -> 66 | J36: =J33-(J34+J35) -> 74 | K36: =K33-(K34+K35) -> 70 | L36: =L33-(L34+L35) -> 67 | ... AG36: =AG33-(AG34+AG35) -> 36 | AH36: =SUM(E36:AG36) -> 1852
A38: III | B38: DATA PEMILIH DISABILITAS
B39: Jumlah seluruh Pemilih disabilitas yang menggunakan hak pilih | D39: LK | E39: 0 | F39: 0 | G39: 0 | H39: 0 | I39: 0 | J39: 1 | K39: 0 | L39: 0 | M39: 0 | N39: 1 | O39: 0 | P39: 0 | Q39: 1 | R39: 0 | S39: 0 | T39: 0 | U39: 0 | V39: 0 | W39: 0 | X39: 0 | Y39: 4 | Z39: 0 | AA39: 0 | AB39: 0 | AC39: 0 | AD39: 0 | AE39: 0 | AF39: 0 | AG39: 0 | AH39: =SUM(E39:AG39) -> 7
D40: PR | E40: 0 | F40: 0 | G40: 0 | H40: 0 | I40: 0 | J40: 0 | K40: 0 | L40: 0 | M40: 0 | N40: 0 | O40: 0 | P40: 0 | Q40: 0 | R40: 0 | S40: 0 | T40: 0 | U40: 0 | V40: 0 | W40: 0 | X40: 0 | Y40: 0 | Z40: 0 | AA40: 0 | AB40: 0 | AC40: 0 | AD40: 0 | AE40: 0 | AF40: 0 | AG40: 0 | AH40: =SUM(E40:AG40) -> 0
D41: JML | E41: =SUM(E39:E40) -> 0 | F41: =SUM(F39:F40) -> 0 | G41: =SUM(G39:G40) -> 0 | H41: =SUM(H39:H40) -> 0 | I41: =SUM(I39:I40) -> 0 | J41: =SUM(J39:J40) -> 1 | K41: =SUM(K39:K40) -> 0 | L41: =SUM(L39:L40) -> 0 | ... AG41: =SUM(AG39:AG40) -> 0 | AH41: =SUM(E41:AG41) -> 7
A43: IV | B43: DATA RINCIAN PEROLEHAN SUARA PASANGAN CALON BUPATI DAN WAKIL BUPATI
A44: NOMOR DAN NAMA CALON
A45: A.1 | B45: 1. | C45: Partai Kebangkitan Bangsa | E45: 9 | F45: 4 | G45: 11 | H45: 1 | I45: 9 | J45: 11 | K45: 7 | L45: 3 | M45: 9 | N45: 9 | O45: 5 | P45: 7 | Q45: 7 | R45: 9 | S45: 11 | T45: 6 | U45: 10 | V45: 14 | W45: 6 | X45: 11 | Y45: 10 | Z45: 10 | AA45: 4 | AB45: 5 | AC45: 5 | AD45: 4 | AE45: 11 | AF45: 11 | AG45: 5 | AH45: =SUM(E45:AG45) -> 224
A46: A.2 | C46: 1. Dra. Hj. MA`MULAH HARUN, M.Pd.I. | E46: 18 | F46: 18 | G46: 21 | H46: 5 | I46: 20 | J46: 12 | K46: 23 | L46: 20 | M46: 6 | N46: 15 | O46: 15 | P46: 4 | Q46: 8 | R46: 10 | S46: 6 | T46: 18 | U46: 15 | V46: 23 | W46: 6 | X46: 7 | Y46: 34 | Z46: 20 | AA46: 4 | AB46: 1 | AC46: 19 | AD46: 29 | AE46: 9 | AF46: 4 | AG46: 2 | AH46: =SUM(E46:AG46) -> 392
C47: 2. UBAIDILLAH, S.Fil.I. | E47: 0 | F47: 1 | G47: 1 | H47: 1 | I47: 3 | J47: 2 | K47: 0 | L47: 4 | M47: 1 | N47: 1 | O47: 2 | P47: 0 | Q47: 1 | R47: 2 | S47: 0 | T47: 1 | U47: 0 | V47: 1 | W47: 0 | X47: 0 | Y47: 0 | Z47: 2 | AA47: 0 | AB47: 0 | AC47: 1 | AD47: 2 | AE47: 1 | AF47: 0 | AG47: 0 | AH47: =SUM(E47:AG47) -> 27
C48: 3. Ir. H. YOYOK MULYADI, M.Si. | E48: 0 | F48: 2 | G48: 0 | H48: 0 | I48: 2 | J48: 1 | K48: 1 | L48: 0 | M48: 1 | N48: 1 | O48: 1 | P48: 0 | Q48: 0 | R48: 0 | S48: 1 | T48: 1 | U48: 1 | V48: 1 | W48: 1 | X48: 2 | Y48: 0 | Z48: 2 | AA48: 0 | AB48: 1 | AC48: 0 | AD48: 0 | AE48: 0 | AF48: 1 | AG48: 0 | AH48: =SUM(E48:AG48) -> 20
C49: 4. KHOIRUL ANWAR, S.Fil.I. | E49: 0 | F49: 0 | G49: 0 | H49: 1 | I49: 1 | J49: 1 | K49: 1 | L49: 0 | M49: 1 | N49: 0 | O49: 0 | P49: 0 | Q49: 3 | R49: 2 | S49: 2 | T49: 1 | U49: 0 | V49: 1 | W49: 1 | X49: 0 | Y49: 2 | Z49: 0 | AA49: 0 | AB49: 0 | AC49: 1 | AD49: 2 | AE49: 1 | AF49: 2 | AG49: 0 | AH49: =SUM(E49:AG49) -> 23
C50: 5. ARIF WIJAKSANA | E50: 0 | F50: 0 | G50: 2 | H50: 1 | I50: 1 | J50: 0 | K50: 1 | L50: 1 | M50: 4 | N50: 4 | O50: 3 | P50: 1 | Q50: 0 | R50: 0 | S50: 0 | T50: 0 | U50: 0 | V50: 2 | W50: 6 | X50: 9 | Y50: 2 | Z50: 5 | AA50: 2 | AB50: 0 | AC50: 0 | AD50: 0 | AE50: 0 | AF50: 1 | AG50: 0 | AH50: =SUM(E50:AG50) -> 45
C51: 6. Dr. SITI YUMNAH | E51: 0 | F51: 0 | G51: 0 | H51: 0 | I51: 0 | J51: 1 | K51: 0 | L51: 0 | M51: 1 | N51: 0 | O51: 1 | P51: 1 | Q51: 1 | R51: 0 | S51: 0 | T51: 1 | U51: 0 | V51: 0 | W51: 1 | X51: 0 | Y51: 2 | Z51: 0 | AA51: 1 | AB51: 0 | AC51: 0 | AD51: 0 | AE51: 1 | AF51: 0 | AG51: 0 | AH51: =SUM(E51:AG51) -> 11
C52: 7. MOHAMMAD ZAINI, M.Pd.I. | E52: 0 | F52: 1 | G52: 1 | H52: 0 | I52: 0 | J52: 0 | K52: 0 | L52: 1 | M52: 0 | N52: 1 | O52: 0 | P52: 0 | Q52: 0 | R52: 0 | S52: 0 | T52: 2 | U52: 0 | V52: 0 | W52: 0 | X52: 0 | Y52: 0 | Z52: 0 | AA52: 0 | AB52: 0 | AC52: 0 | AD52: 0 | AE52: 0 | AF52: 0 | AG52: 0 | AH52: =SUM(E52:AG52) -> 6
C53: 8. FAWAIDUL MAKKIYAH | E53: 0 | F53: 0 | G53: 0 | H53: 0 | I53: 0 | J53: 0 | K53: 0 | L53: 0 | M53: 0 | N53: 0 | O53: 0 | P53: 0 | Q53: 0 | R53: 0 | S53: 0 | T53: 1 | U53: 0 | V53: 0 | W53: 0 | X53: 0 | Y53: 0 | Z53: 0 | AA53: 0 | AB53: 0 | AC53: 0 | AD53: 1 | AE53: 0 | AF53: 0 | AG53: 0 | AH53: =SUM(E53:AG53) -> 2
C54: 9. IFFAH HIDAYATUR ROHMAH, S.Sos. | E54: 0 | F54: 2 | G54: 1 | H54: 0 | I54: 0 | J54: 1 | K54: 0 | L54: 1 | M54: 0 | N54: 0 | O54: 0 | P54: 0 | Q54: 0 | R54: 1 | S54: 0 | T54: 0 | U54: 0 | V54: 0 | W54: 0 | X54: 0 | Y54: 1 | Z54: 0 | AA54: 0 | AB54: 0 | AC54: 0 | AD54: 1 | AE54: 0 | AF54: 0 | AG54: 0 | AH54: =SUM(E54:AG54) -> 8
A55: B | B55: JUMLAH SUARA SAH PARTAI POLITIK DAN CALON (A1 + A2) | E55: =SUM(E45:E54) -> 27 | F55: =SUM(F45:F54) -> 28 | G55: =SUM(G45:G54) -> 37 | H55: =SUM(H45:H54) -> 9 | I55: =SUM(I45:I54) -> 36 | J55: =SUM(J45:J54) -> 29 | K55: =SUM(K45:K54) -> 33 | L55: =SUM(L45:L54) -> 30 | ... AH55: =SUM(AH45:AH54) -> 758
A57: A.1 | B57: 2. | C57: Partai Gerakan Indonesia Raya | E57: 21 | F57: 27 | G57: 18 | H57: 14 | I57: 22 | J57: 20 | K57: 13 | L57: 7 | M57: 10 | N57: 5 | O57: 5 | P57: 5 | Q57: 11 | R57: 12 | S57: 9 | T57: 8 | U57: 9 | V57: 4 | W57: 15 | X57: 20 | Y57: 16 | Z57: 12 | AA57: 6 | AB57: 3 | AC57: 14 | AD57: 9 | AE57: 17 | AF57: 14 | AG57: 5 | AH57: =SUM(E57:AG57) -> 351
A58: A.2 | C58: 1. AHMAD HADINUDDIN, S.Pd.I. | E58: 23 | F58: 33 | G58: 31 | H58: 51 | I58: 8 | J58: 20 | K58: 18 | L58: 6 | M58: 4 | N58: 11 | O58: 2 | P58: 10 | Q58: 6 | R58: 7 | S58: 24 | T58: 19 | U58: 18 | V58: 15 | W58: 25 | X58: 33 | Y58: 32 | Z58: 12 | AA58: 7 | AB58: 2 | AC58: 19 | AD58: 12 | AE58: 6 | AF58: 6 | AG58: 6 | AH58: =SUM(E58:AG58) -> 466
C59: 2. BIMA RAFSANJANI RAFID | E59: 7 | F59: 5 | G59: 1 | H59: 5 | I59: 8 | J59: 8 | K59: 9 | L59: 8 | M59: 7 | N59: 2 | O59: 4 | P59: 3 | Q59: 1 | R59: 6 | S59: 2 | T59: 5 | U59: 2 | V59: 1 | W59: 6 | X59: 8 | Y59: 7 | Z59: 5 | AA59: 3 | AB59: 4 | AC59: 10 | AD59: 7 | AE59: 2 | AF59: 1 | AG59: 0 | AH59: =SUM(E59:AG59) -> 137
C60: 3. IRA DAMAYANTI | E60: 9 | F60: 5 | G60: 1 | H60: 2 | I60: 2 | J60: 3 | K60: 0 | L60: 4 | M60: 2 | N60: 4 | O60: 2 | P60: 0 | Q60: 1 | R60: 0 | S60: 4 | T60: 3 | U60: 2 | V60: 1 | W60: 1 | X60: 1 | Y60: 1 | Z60: 1 | AA60: 2 | AB60: 0 | AC60: 4 | AD60: 0 | AE60: 3 | AF60: 0 | AG60: 2 | AH60: =SUM(E60:AG60) -> 60
C61: 4. MAULANA MALIK IBRAHIM, S.H. | E61: 3 | F61: 3 | G61: 3 | H61: 5 | I61: 2 | J61: 3 | K61: 3 | L61: 0 | M61: 19 | N61: 8 | O61: 3 | P61: 0 | Q61: 4 | R61: 2 | S61: 3 | T61: 3 | U61: 3 | V61: 0 | W61: 3 | X61: 3 | Y61: 1 | Z61: 3 | AA61: 2 | AB61: 0 | AC61: 2 | AD61: 4 | AE61: 3 | AF61: 0 | AG61: 3 | AH61: =SUM(E61:AG61) -> 91
C62: 5. LULUK ALFIATI | E62: 2 | F62: 1 | G62: 1 | H62: 0 | I62: 1 | J62: 0 | K62: 2 | L62: 1 | M62: 2 | N62: 0 | O62: 3 | P62: 1 | Q62: 0 | R62: 0 | S62: 0 | T62: 0 | U62: 0 | V62: 0 | W62: 1 | X62: 1 | Y62: 0 | Z62: 1 | AA62: 4 | AB62: 0 | AC62: 2 | AD62: 0 | AE62: 0 | AF62: 2 | AG62: 0 | AH62: =SUM(E62:AG62) -> 25
C63: 6. ILHAM WAHYUDI, S.H. | E63: 1 | F63: 0 | G63: 0 | H63: 0 | I63: 1 | J63: 0 | K63: 0 | L63: 0 | M63: 1 | N63: 0 | O63: 0 | P63: 0 | Q63: 0 | R63: 1 | S63: 0 | T63: 0 | U63: 1 | V63: 1 | W63: 2 | X63: 1 | Y63: 0 | Z63: 0 | AA63: 0 | AB63: 0 | AC63: 0 | AD63: 1 | AE63: 0 | AF63: 0 | AG63: 0 | AH63: =SUM(E63:AG63) -> 10
C64: 7. HAERUL ANWAR, S.Pd.I. | E64: 1 | F64: 1 | G64: 2 | H64: 0 | I64: 0 | J64: 1 | K64: 0 | L64: 0 | M64: 0 | N64: 0 | O64: 0 | P64: 0 | Q64: 1 | R64: 0 | S64: 0 | T64: 0 | U64: 0 | V64: 2 | W64: 1 | X64: 0 | Y64: 1 | Z64: 0 | AA64: 0 | AB64: 0 | AC64: 0 | AD64: 0 | AE64: 0 | AF64: 0 | AG64: 0 | AH64: =SUM(E64:AG64) -> 10
C65: 8. YOVI ADHITYA WARDANI | E65: 0 | F65: 0 | G65: 1 | H65: 0 | I65: 0 | J65: 0 | K65: 0 | L65: 0 | M65: 0 | N65: 0 | O65: 0 | P65: 0 | Q65: 0 | R65: 1 | S65: 0 | T65: 0 | U65: 0 | V65: 0 | W65: 0 | X65: 0 | Y65: 0 | Z65: 0 | AA65: 0 | AB65: 0 | AC65: 1 | AD65: 1 | AE65: 1 | AF65: 0 | AG65: 0 | AH65: =SUM(E65:AG65) -> 5
C66: 9. RITA AMELIA | E66: 0 | F66: 2 | G66: 0 | H66: 1 | I66: 0 | J66: 1 | K66: 1 | L66: 0 | M66: 0 | N66: 0 | O66: 0 | P66: 0 | Q66: 0 | R66: 2 | S66: 0 | T66: 0 | U66: 0 | V66: 0 | W66: 0 | X66: 0 | Y66: 0 | Z66: 0 | AA66: 1 | AB66: 0 | AC66: 0 | AD66: 0 | AE66: 1 | AF66: 1 | AG66: 0 | AH66: =SUM(E66:AG66) -> 10
A67: B | B67: JUMLAH SUARA SAH PARTAI POLITIK DAN CALON (A1 + A2) | E67: =SUM(E57:E66) -> 67 | F67: =SUM(F57:F66) -> 77 | G67: =SUM(G57:G66) -> 58 | H67: =SUM(H57:H66) -> 78 | I67: =SUM(I57:I66) -> 44 | J67: =SUM(J57:J66) -> 56 | K67: =SUM(K57:K66) -> 46 | L67: =SUM(L57:L66) -> 26 | ... AH67: =SUM(AH57:AH66) -> 1165
A69: A.1 | B69: 3. | C69: Partai Demokrasi Indonesia Perjuangan | E69: 9 | F69: 8 | G69: 7 | H69: 9 | I69: 4 | J69: 3 | K69: 2 | L69: 4 | M69: 11 | N69: 5 | O69: 5 | P69: 8 | Q69: 7 | R69: 13 | S69: 10 | T69: 9 | U69: 3 | V69: 3 | W69: 3 | X69: 2 | Y69: 2 | Z69: 8 | AA69: 7 | AB69: 3 | AC69: 3 | AD69: 1 | AE69: 6 | AF69: 10 | AG69: 7 | AH69: =SUM(E69:AG69) -> 172
A70: A.2 | C70: 1. MARTIN H., S.H., M.H. | E70: 4 | F70: 11 | G70: 9 | H70: 3 | I70: 5 | J70: 4 | K70: 1 | L70: 1 | M70: 3 | N70: 7 | O70: 5 | P70: 2 | Q70: 8 | R70: 8 | S70: 6 | T70: 13 | U70: 5 | V70: 3 | W70: 3 | X70: 1 | Y70: 2 | Z70: 6 | AA70: 2 | AB70: 5 | AC70: 5 | AD70: 5 | AE70: 9 | AF70: 14 | AG70: 8 | AH70: =SUM(E70:AG70) -> 158
C71: 2. HERMANTO, S.E. | E71: 3 | F71: 6 | G71: 1 | H71: 7 | I71: 1 | J71: 4 | K71: 4 | L71: 7 | M71: 5 | N71: 12 | O71: 41 | P71: 29 | Q71: 33 | R71: 37 | S71: 60 | T71: 6 | U71: 26 | V71: 49 | W71: 3 | X71: 2 | Y71: 1 | Z71: 3 | AA71: 2 | AB71: 45 | AC71: 7 | AD71: 15 | AE71: 6 | AF71: 31 | AG71: 12 | AH71: =SUM(E71:AG71) -> 458
C72: 3. EVY SUSILAWATI, S.E., M.M. | E72: 1 | F72: 1 | G72: 0 | H72: 4 | I72: 2 | J72: 1 | K72: 2 | L72: 0 | M72: 3 | N72: 1 | O72: 1 | P72: 1 | Q72: 4 | R72: 3 | S72: 2 | T72: 2 | U72: 1 | V72: 0 | W72: 0 | X72: 0 | Y72: 1 | Z72: 1 | AA72: 3 | AB72: 1 | AC72: 1 | AD72: 1 | AE72: 2 | AF72: 3 | AG72: 3 | AH72: =SUM(E72:AG72) -> 45
C73: 4. M. SIROTTUDIN | E73: 4 | F73: 0 | G73: 0 | H73: 1 | I73: 2 | J73: 2 | K73: 0 | L73: 1 | M73: 3 | N73: 1 | O73: 2 | P73: 0 | Q73: 0 | R73: 2 | S73: 0 | T73: 0 | U73: 0 | V73: 1 | W73: 0 | X73: 0 | Y73: 0 | Z73: 0 | AA73: 1 | AB73: 1 | AC73: 0 | AD73: 0 | AE73: 2 | AF73: 0 | AG73: 1 | AH73: =SUM(E73:AG73) -> 24
C74: 5. ABDUL HAFID, S.H. | E74: 1 | F74: 0 | G74: 0 | H74: 2 | I74: 0 | J74: 0 | K74: 0 | L74: 1 | M74: 1 | N74: 0 | O74: 1 | P74: 0 | Q74: 1 | R74: 1 | S74: 0 | T74: 1 | U74: 0 | V74: 1 | W74: 0 | X74: 0 | Y74: 0 | Z74: 0 | AA74: 0 | AB74: 1 | AC74: 0 | AD74: 2 | AE74: 0 | AF74: 0 | AG74: 0 | AH74: =SUM(E74:AG74) -> 13
C75: 6. NIKITA FORTUNA SURYANINGATI, A.Md.Keb. | E75: 1 | F75: 0 | G75: 1 | H75: 1 | I75: 0 | J75: 0 | K75: 0 | L75: 0 | M75: 0 | N75: 3 | O75: 1 | P75: 1 | Q75: 0 | R75: 0 | S75: 0 | T75: 0 | U75: 0 | V75: 0 | W75: 1 | X75: 0 | Y75: 0 | Z75: 1 | AA75: 1 | AB75: 1 | AC75: 2 | AD75: 0 | AE75: 0 | AF75: 0 | AG75: 1 | AH75: =SUM(E75:AG75) -> 15
C76: 7. YUDHO ILHAM WIJAYA, S.E. | E76: 0 | F76: 0 | G76: 0 | H76: 0 | I76: 0 | J76: 0 | K76: 0 | L76: 0 | M76: 0 | N76: 0 | O76: 0 | P76: 0 | Q76: 0 | R76: 0 | S76: 1 | T76: 0 | U76: 0 | V76: 0 | W76: 0 | X76: 0 | Y76: 0 | Z76: 1 | AA76: 0 | AB76: 0 | AC76: 0 | AD76: 0 | AE76: 0 | AF76: 0 | AG76: 0 | AH76: =SUM(E76:AG76) -> 2
C77: 8. SETIAWATI, S.H. | E77: 0 | F77: 0 | G77: 0 | H77: 1 | I77: 1 | J77: 0 | K77: 0 | L77: 0 | M77: 0 | N77: 2 | O77: 1 | P77: 0 | Q77: 0 | R77: 0 | S77: 0 | T77: 0 | U77: 1 | V77: 0 | W77: 1 | X77: 0 | Y77: 0 | Z77: 0 | AA77: 0 | AB77: 0 | AC77: 0 | AD77: 0 | AE77: 0 | AF77: 0 | AG77: 0 | AH77: =SUM(E77:AG77) -> 7
C78: 9. EKO BUDI SANTOSO, S.H. | E78: 0 | F78: 0 | G78: 0 | H78: 0 | I78: 0 | J78: 0 | K78: 0 | L78: 0 | M78: 0 | N78: 1 | O78: 0 | P78: 0 | Q78: 1 | R78: 0 | S78: 0 | T78: 0 | U78: 0 | V78: 0 | W78: 0 | X78: 0 | Y78: 0 | Z78: 1 | AA78: 0 | AB78: 0 | AC78: 0 | AD78: 0 | AE78: 1 | AF78: 1 | AG78: 0 | AH78: =SUM(E78:AG78) -> 5
A79: B | B79: JUMLAH SUARA SAH PARTAI POLITIK DAN CALON (A1 + A2) | E79: =SUM(E69:E78) -> 23 | F79: =SUM(F69:F78) -> 26 | G79: =SUM(G69:G78) -> 18 | H79: =SUM(H69:H78) -> 28 | I79: =SUM(I69:I78) -> 15 | J79: =SUM(J69:J78) -> 14 | K79: =SUM(K69:K78) -> 9 | L79: =SUM(L69:L78) -> 14 | ... AH79: =SUM(AH69:AH78) -> 899
A81: A.1 | B81: 4. | C81: Partai Golongan Karya | E81: 1 | F81: 6 | G81: 8 | H81: 8 | I81: 11 | J81: 8 | K81: 8 | L81: 13 | M81: 10 | N81: 8 | O81: 4 | P81: 11 | Q81: 4 | R81: 2 | S81: 4 | T81: 3 | U81: 3 | V81: 2 | W81: 1 | X81: 6 | Y81: 6 | Z81: 13 | AA81: 7 | AB81: 13 | AC81: 8 | AD81: 2 | AE81: 14 | AF81: 5 | AG81: 2 | AH81: =SUM(E81:AG81) -> 191
A82: A.2 | C82: 1. PRANAYA YUDHA MAHARDHIKA | E82: 2 | F82: 11 | G82: 34 | H82: 21 | I82: 10 | J82: 11 | K82: 25 | L82: 3 | M82: 17 | N82: 35 | O82: 53 | P82: 91 | Q82: 8 | R82: 4 | S82: 7 | T82: 23 | U82: 20 | V82: 23 | W82: 12 | X82: 10 | Y82: 5 | Z82: 17 | AA82: 10 | AB82: 40 | AC82: 17 | AD82: 4 | AE82: 10 | AF82: 5 | AG82: 1 | AH82: =SUM(E82:AG82) -> 529
C83: 2. Dra. Ec. ENDANG SULASTUTY, M.I.P. | E83: 0 | F83: 1 | G83: 1 | H83: 2 | I83: 3 | J83: 3 | K83: 4 | L83: 1 | M83: 4 | N83: 2 | O83: 0 | P83: 0 | Q83: 2 | R83: 0 | S83: 2 | T83: 3 | U83: 1 | V83: 0 | W83: 1 | X83: 1 | Y83: 0 | Z83: 5 | AA83: 1 | AB83: 6 | AC83: 2 | AD83: 3 | AE83: 1 | AF83: 2 | AG83: 1 | AH83: =SUM(E83:AG83) -> 52
C84: 3. AGUS REJEKI WARTONO | E84: 0 | F84: 0 | G84: 0 | H84: 4 | I84: 1 | J84: 1 | K84: 0 | L84: 1 | M84: 3 | N84: 0 | O84: 0 | P84: 0 | Q84: 0 | R84: 0 | S84: 0 | T84: 2 | U84: 1 | V84: 1 | W84: 1 | X84: 2 | Y84: 0 | Z84: 1 | AA84: 0 | AB84: 0 | AC84: 0 | AD84: 0 | AE84: 0 | AF84: 1 | AG84: 2 | AH84: =SUM(E84:AG84) -> 21
C85: 4. Hj. TUTUK ASMA'A ZUCHROH, S.T., M.T. | E85: 1 | F85: 1 | G85: 0 | H85: 2 | I85: 3 | J85: 4 | K85: 2 | L85: 1 | M85: 0 | N85: 0 | O85: 1 | P85: 0 | Q85: 0 | R85: 0 | S85: 0 | T85: 2 | U85: 0 | V85: 0 | W85: 0 | X85: 2 | Y85: 0 | Z85: 3 | AA85: 0 | AB85: 3 | AC85: 2 | AD85: 0 | AE85: 0 | AF85: 0 | AG85: 0 | AH85: =SUM(E85:AG85) -> 27
C86: 5. ADE M. RIZKI, S.E. | E86: 0 | F86: 0 | G86: 0 | H86: 1 | I86: 2 | J86: 1 | K86: 4 | L86: 2 | M86: 3 | N86: 0 | O86: 0 | P86: 0 | Q86: 1 | R86: 1 | S86: 0 | T86: 0 | U86: 0 | V86: 0 | W86: 0 | X86: 0 | Y86: 0 | Z86: 0 | AA86: 0 | AB86: 0 | AC86: 0 | AD86: 0 | AE86: 1 | AF86: 2 | AG86: 0 | AH86: =SUM(E86:AG86) -> 18
C87: 6. ABDURAKHMAN, Bc.Kn. | E87: 0 | F87: 0 | G87: 0 | H87: 0 | I87: 1 | J87: 0 | K87: 0 | L87: 0 | M87: 0 | N87: 0 | O87: 0 | P87: 0 | Q87: 2 | R87: 0 | S87: 0 | T87: 0 | U87: 1 | V87: 0 | W87: 1 | X87: 2 | Y87: 0 | Z87: 1 | AA87: 0 | AB87: 0 | AC87: 0 | AD87: 2 | AE87: 0 | AF87: 1 | AG87: 0 | AH87: =SUM(E87:AG87) -> 11
C88: 7. CENDY RHIYAN ADI PUTRI | E88: 0 | F88: 0 | G88: 0 | H88: 0 | I88: 0 | J88: 0 | K88: 0 | L88: 0 | M88: 0 | N88: 0 | O88: 0 | P88: 0 | Q88: 0 | R88: 0 | S88: 0 | T88: 0 | U88: 0 | V88: 0 | W88: 0 | X88: 1 | Y88: 1 | Z88: 0 | AA88: 0 | AB88: 0 | AC88: 0 | AD88: 0 | AE88: 0 | AF88: 0 | AG88: 0 | AH88: =SUM(E88:AG88) -> 2
C89: 8. BAKTI WIJAYANTO, S.E. | E89: 0 | F89: 0 | G89: 0 | H89: 0 | I89: 0 | J89: 1 | K89: 0 | L89: 0 | M89: 0 | N89: 0 | O89: 0 | P89: 0 | Q89: 1 | R89: 0 | S89: 0 | T89: 0 | U89: 0 | V89: 0 | W89: 0 | X89: 0 | Y89: 0 | Z89: 0 | AA89: 0 | AB89: 0 | AC89: 0 | AD89: 0 | AE89: 0 | AF89: 0 | AG89: 0 | AH89: =SUM(E89:AG89) -> 2
C90: 9. AHMAD UBAIDILLAH | E90: 0 | F90: 0 | G90: 0 | H90: 1 | I90: 1 | J90: 0 | K90: 0 | L90: 0 | M90: 0 | N90: 0 | O90: 0 | P90: 0 | Q90: 0 | R90: 1 | S90: 0 | T90: 0 | U90: 0 | V90: 0 | W90: 0 | X90: 0 | Y90: 1 | Z90: 1 | AA90: 0 | AB90: 0 | AC90: 0 | AD90: 0 | AE90: 0 | AF90: 0 | AG90: 0 | AH90: =SUM(E90:AG90) -> 5
A91: B | B91: JUMLAH SUARA SAH PARTAI POLITIK DAN CALON (A1 + A2) | E91: =SUM(E81:E90) -> 4 | F91: =SUM(F81:F90) -> 19 | G91: =SUM(G81:G90) -> 43 | H91: =SUM(H81:H90) -> 39 | I91: =SUM(I81:I90) -> 32 | J91: =SUM(J81:J90) -> 29 | K91: =SUM(K81:K90) -> 43 | L91: =SUM(L81:L90) -> 21 | ... AH91: =SUM(AH81:AH90) -> 858
A93: A.1 | B93: 5. | C93: Partai NasDem | E93: 11 | F93: 7 | G93: 5 | H93: 5 | I93: 8 | J93: 2 | K93: 1 | L93: 1 | M93: 1 | N93: 1 | O93: 2 | P93: 3 | Q93: 5 | R93: 10 | S93: 3 | T93: 2 | U93: 0 | V93: 1 | W93: 3 | X93: 3 | Y93: 6 | Z93: 4 | AA93: 5 | AB93: 4 | AC93: 7 | AD93: 1 | AE93: 1 | AF93: 1 | AG93: 2 | AH93: =SUM(E93:AG93) -> 105
A94: A.2 | C94: 1. ALI MUSTOFA, A.Md. | E94: 18 | F94: 17 | G94: 10 | H94: 3 | I94: 4 | J94: 2 | K94: 17 | L94: 7 | M94: 3 | N94: 3 | O94: 1 | P94: 2 | Q94: 8 | R94: 6 | S94: 0 | T94: 7 | U94: 3 | V94: 4 | W94: 1 | X94: 2 | Y94: 5 | Z94: 0 | AA94: 6 | AB94: 1 | AC94: 10 | AD94: 1 | AE94: 1 | AF94: 1 | AG94: 1 | AH94: =SUM(E94:AG94) -> 144
C95: 2. Hj. BUAMI, S.H. | E95: 0 | F95: 3 | G95: 1 | H95: 0 | I95: 2 | J95: 1 | K95: 0 | L95: 0 | M95: 0 | N95: 0 | O95: 0 | P95: 1 | Q95: 1 | R95: 0 | S95: 0 | T95: 0 | U95: 0 | V95: 0 | W95: 0 | X95: 1 | Y95: 1 | Z95: 1 | AA95: 0 | AB95: 0 | AC95: 1 | AD95: 0 | AE95: 0 | AF95: 0 | AG95: 2 | AH95: =SUM(E95:AG95) -> 15
C96: 3. SUGIONO, S.H. | E96: 1 | F96: 0 | G96: 0 | H96: 2 | I96: 1 | J96: 1 | K96: 0 | L96: 0 | M96: 1 | N96: 0 | O96: 0 | P96: 0 | Q96: 2 | R96: 1 | S96: 0 | T96: 0 | U96: 0 | V96: 0 | W96: 0 | X96: 1 | Y96: 1 | Z96: 0 | AA96: 0 | AB96: 1 | AC96: 0 | AD96: 0 | AE96: 0 | AF96: 1 | AG96: 0 | AH96: =SUM(E96:AG96) -> 13
C97: 4. LULUK SUNARMIATININGSIH | E97: 2 | F97: 0 | G97: 0 | H97: 0 | I97: 1 | J97: 0 | K97: 0 | L97: 1 | M97: 0 | N97: 0 | O97: 1 | P97: 0 | Q97: 0 | R97: 0 | S97: 1 | T97: 0 | U97: 0 | V97: 0 | W97: 0 | X97: 0 | Y97: 1 | Z97: 0 | AA97: 0 | AB97: 0 | AC97: 1 | AD97: 0 | AE97: 0 | AF97: 2 | AG97: 0 | AH97: =SUM(E97:AG97) -> 10
C98: 5. ANTON DJULIANTO ADI | E98: 1 | F98: 0 | G98: 0 | H98: 0 | I98: 1 | J98: 0 | K98: 0 | L98: 1 | M98: 0 | N98: 0 | O98: 1 | P98: 0 | Q98: 0 | R98: 0 | S98: 0 | T98: 1 | U98: 0 | V98: 0 | W98: 0 | X98: 0 | Y98: 0 | Z98: 0 | AA98: 0 | AB98: 0 | AC98: 1 | AD98: 0 | AE98: 1 | AF98: 0 | AG98: 0 | AH98: =SUM(E98:AG98) -> 7
C99: 6. MOKHAMAD ROFI'I KHUSNAN | E99: 1 | F99: 0 | G99: 0 | H99: 0 | I99: 1 | J99: 0 | K99: 0 | L99: 0 | M99: 0 | N99: 0 | O99: 0 | P99: 0 | Q99: 0 | R99: 1 | S99: 0 | T99: 0 | U99: 1 | V99: 0 | W99: 0 | X99: 0 | Y99: 0 | Z99: 0 | AA99: 0 | AB99: 0 | AC99: 0 | AD99: 0 | AE99: 0 | AF99: 0 | AG99: 0 | AH99: =SUM(E99:AG99) -> 4
C100: 7. Rr SETYO WATI | E100: 0 | F100: 0 | G100: 0 | H100: 0 | I100: 0 | J100: 0 | K100: 0 | L100: 0 | M100: 1 | N100: 0 | O100: 0 | P100: 0 | Q100: 0 | R100: 0 | S100: 0 | T100: 0 | U100: 0 | V100: 0 | W100: 0 | X100: 0 | Y100: 0 | Z100: 0 | AA100: 0 | AB100: 0 | AC100: 0 | AD100: 0 | AE100: 0 | AF100: 0 | AG100: 0 | AH100: =SUM(E100:AG100) -> 1
C101: 8. ABD. KADIR ASSEGAFF | E101: 0 | F101: 0 | G101: 0 | H101: 0 | I101: 0 | J101: 1 | K101: 0 | L101: 0 | M101: 0 | N101: 0 | O101: 1 | P101: 0 | Q101: 0 | R101: 0 | S101: 0 | T101: 0 | U101: 0 | V101: 0 | W101: 0 | X101: 0 | Y101: 0 | Z101: 0 | AA101: 0 | AB101: 0 | AC101: 0 | AD101: 0 | AE101: 0 | AF101: 0 | AG101: 0 | AH101: =SUM(E101:AG101) -> 2
C102: 9. FATHOR ZAINULLAH | E102: 0 | F102: 0 | G102: 0 | H102: 0 | I102: 0 | J102: 1 | K102: 0 | L102: 0 | M102: 0 | N102: 0 | O102: 0 | P102: 0 | Q102: 0 | R102: 1 | S102: 0 | T102: 0 | U102: 0 | V102: 0 | W102: 0 | X102: 0 | Y102: 0 | Z102: 0 | AA102: 0 | AB102: 0 | AC102: 0 | AD102: 0 | AE102: 0 | AF102: 0 | AG102: 0 | AH102: =SUM(E102:AG102) -> 2
A103: B | B103: JUMLAH SUARA SAH PARTAI POLITIK DAN CALON (A1 + A2) | E103: =SUM(E93:E102) -> 34 | F103: =SUM(F93:F102) -> 27 | G103: =SUM(G93:G102) -> 16 | H103: =SUM(H93:H102) -> 10 | I103: =SUM(I93:I102) -> 18 | J103: =SUM(J93:J102) -> 8 | K103: =SUM(K93:K102) -> 18 | L103: =SUM(L93:L102) -> 10 | ... AH103: =SUM(AH93:AH102) -> 303
A105: A.1 | B105: 6. | C105: Partai Buruh | E105: 2 | F105: 0 | G105: 1 | H105: 0 | I105: 1 | J105: 0 | K105: 0 | L105: 0 | M105: 0 | N105: 1 | O105: 0 | P105: 0 | Q105: 0 | R105: 1 | S105: 0 | T105: 0 | U105: 0 | V105: 0 | W105: 0 | X105: 0 | Y105: 1 | Z105: 0 | AA105: 0 | AB105: 0 | AC105: 0 | AD105: 2 | AE105: 0 | AF105: 1 | AG105: 0 | AH105: =SUM(E105:AG105) -> 10
A106: A.2 | C106: 1. AGUS SUPRIYADI | E106: 1 | F106: 0 | G106: 0 | H106: 0 | I106: 1 | J106: 0 | K106: 0 | L106: 0 | M106: 0 | N106: 0 | O106: 0 | P106: 0 | Q106: 0 | R106: 2 | S106: 1 | T106: 0 | U106: 0 | V106: 0 | W106: 1 | X106: 1 | Y106: 0 | Z106: 0 | AA106: 0 | AB106: 0 | AC106: 0 | AD106: 0 | AE106: 3 | AF106: 1 | AG106: 0 | AH106: =SUM(E106:AG106) -> 11
C107: 2. ENI HARIATI | E107: 0 | F107: 0 | G107: 0 | H107: 0 | I107: 1 | J107: 0 | K107: 0 | L107: 0 | M107: 0 | N107: 0 | O107: 0 | P107: 0 | Q107: 0 | R107: 0 | S107: 0 | T107: 1 | U107: 0 | V107: 0 | W107: 0 | X107: 0 | Y107: 0 | Z107: 0 | AA107: 0 | AB107: 0 | AC107: 0 | AD107: 0 | AE107: 1 | AF107: 0 | AG107: 0 | AH107: =SUM(E107:AG107) -> 3
AH108: =SUM(E108:AG108) -> 0
AH109: =SUM(E109:AG109) -> 0
AH110: =SUM(E110:AG110) -> 0
AH111: =SUM(E111:AG111) -> 0
AH112: =SUM(E112:AG112) -> 0
AH113: =SUM(E113:AG113) -> 0
AH114: =SUM(E114:AG114) -> 0
A115: B | B115: JUMLAH SUARA SAH PARTAI POLITIK DAN CALON (A1 + A2) | E115: =SUM(E105:E114) -> 3 | F115: =SUM(F105:F114) -> 0 | G115: =SUM(G105:G114) -> 1 | H115: =SUM(H105:H114) -> 0 | I115: =SUM(I105:I114) -> 3 | J115: =SUM(J105:J114) -> 0 | K115: =SUM(K105:K114) -> 0 | L115: =SUM(L105:L114) -> 0 | ... AH115: =SUM(AH105:AH114) -> 24
A117: A.1 | B117: 7. | C117: Partai Gelombang Rakyat Indonesia | E117: 4 | F117: 0 | G117: 0 | H117: 1 | I117: 2 | J117: 1 | K117: 0 | L117: 0 | M117: 0 | N117: 0 | O117: 0 | P117: 0 | Q117: 0 | R117: 0 | S117: 0 | T117: 1 | U117: 0 | V117: 1 | W117: 0 | X117: 1 | Y117: 1 | Z117: 0 | AA117: 0 | AB117: 0 | AC117: 1 | AD117: 0 | AE117: 0 | AF117: 2 | AG117: 0 | AH117: =SUM(E117:AG117) -> 15
...

Sheet PARIJATAH WETAN
C2: Kecamatan | D2: SRONO
C3: Kabupaten | D3: BANYUWANGI
C4: Provinsi | D4: JAWA TIMUR
C9: Kelurahan | D9: PARIJATAH WETAN
A12: I | B12: DATA PEMILIH DAN PENGGUNAAN HAK PILIH | AC12: JUMLAH AKHIR
A13: A | B13: DATA PEMILIH | E13: TPS 001 | F13: TPS 002 | G13: TPS 003 | H13: TPS 004 | I13: TPS 005 | J13: TPS 006 | K13: TPS 007 | L13: TPS 008 | M13: TPS 009 | N13: TPS 010 | O13: TPS 011 | P13: TPS 012 | Q13: TPS 013 | R13: TPS 014 | S13: TPS 015 | T13: TPS 016 | U13: TPS 017 | V13: TPS 018 | W13: TPS 019 | X13: TPS 020 | Y13: TPS 021 | Z13: TPS 022 | AA13: TPS 023 | AB13: TPS 024
B14: Jumlah Pemilih dalam Daftar Pemilih Tetap (DPT) | D14: LK | E14: 130 | F14: 147 | G14: 137 | H14: 136 | I14: 141 | J14: 133 | K14: 135 | L14: 142 | M14: 131 | N14: 137 | O14: 140 | P14: 140 | Q14: 134 | R14: 135 | S14: 130 | T14: 132 | U14: 137 | V14: 124 | W14: 139 | X14: 143 | Y14: 141 | Z14: 134 | AA14: 141 | AB14: 141 | AC14: =SUM(E14:AB14) -> 3280
D15: PR | E15: 142 | F15: 142 | G15: 147 | H15: 141 | I15: 134 | J15: 126 | K15: 139 | L15: 143 | M15: 146 | N15: 139 | O15: 137 | P15: 145 | Q15: 144 | R15: 141 | S15: 134 | T15: 138 | U15: 139 | V15: 126 | W15: 138 | X15: 146 | Y15: 135 | Z15: 138 | AA15: 141 | AB15: 134 | AC15: =SUM(E15:AB15) -> 3335
D16: JML | E16: =SUM(E14:E15) -> 272 | F16: =SUM(F14:F15) -> 289 | G16: =SUM(G14:G15) -> 284 | H16: =SUM(H14:H15) -> 277 | I16: =SUM(I14:I15) -> 275 | J16: =SUM(J14:J15) -> 259 | K16: =SUM(K14:K15) -> 274 | L16: =SUM(L14:L15) -> 285 | ... AB16: =SUM(AB14:AB15) -> 275 | AC16: =SUM(E16:AB16) -> 6615
A18: B | B18: PENGGUNA HAK PILIH
B19: 1. | C19: Jumlah pengguna hak pilih dalam Daftar Pemilih Tetap (DPT) | D19: LK | E19: 94 | F19: 114 | G19: 100 | H19: 100 | I19: 87 | J19: 92 | K19: 96 | L19: 101 | M19: 110 | N19: 110 | O19: 113 | P19: 111 | Q19: 101 | R19: 107 | S19: 99 | T19: 112 | U19: 102 | V19: 102 | W19: 110 | X19: 122 | Y19: 113 | Z19: 110 | AA19: 115 | AB19: 107 | AC19: =SUM(E19:AB19) -> 2528
D20: PR | E20: 109 | F20: 107 | G20: 114 | H20: 104 | I20: 97 | J20: 91 | K20: 106 | L20: 109 | M20: 118 | N20: 113 | O20: 121 | P20: 120 | Q20: 118 | R20: 103 | S20: 105 | T20: 114 | U20: 108 | V20: 103 | W20: 114 | X20: 132 | Y20: 108 | Z20: 117 | AA20: 117 | AB20: 113 | AC20: =SUM(E20:AB20) -> 2661
D21: JML | E21: =SUM(E19:E20) -> 203 | F21: =SUM(F19:F20) -> 221 | G21: =SUM(G19:G20) -> 214 | H21: =SUM(H19:H20) -> 204 | I21: =SUM(I19:I20) -> 184 | J21: =SUM(J19:J20) -> 183 | K21: =SUM(K19:K20) -> 202 | L21: =SUM(L19:L20) -> 210 | ... AB21: =SUM(AB19:AB20) -> 220 | AC21: =SUM(E21:AB21) -> 5189
B22: 2. | C22: Jumlah pengguna hak pilih dalam Daftar Pemilih Tambahan (DPTb) | D22: LK | E22: 0 | F22: 0 | G22: 0 | H22: 0 | I22: 0 | J22: 0 | K22: 0 | L22: 0 | M22: 1 | N22: 0 | O22: 1 | P22: 0 | Q22: 0 | R22: 0 | S22: 0 | T22: 0 | U22: 0 | V22: 0 | W22: 0 | X22: 0 | Y22: 0 | Z22: 0 | AA22: 0 | AB22: 0 | AC22: =SUM(E22:AB22) -> 2
D23: PR | E23: 0 | F23: 0 | G23: 0 | H23: 0 | I23: 0 | J23: 0 | K23: 0 | L23: 0 | M23: 0 | N23: 0 | O23: 0 | P23: 1 | Q23: 0 | R23: 0 | S23: 0 | T23: 0 | U23: 0 | V23: 0 | W23: 0 | X23: 0 | Y23: 0 | Z23: 0 | AA23: 0 | AB23: 0 | AC23: =SUM(E23:AB23) -> 1
D24: JML | E24: =SUM(E22:E23) -> 0 | F24: =SUM(F22:F23) -> 0 | G24: =SUM(G22:G23) -> 0 | H24: =SUM(H22:H23) -> 0 | I24: =SUM(I22:I23) -> 0 | J24: =SUM(J22:J23) -> 0 | K24: =SUM(K22:K23) -> 0 | L24: =SUM(L22:L23) -> 0 | ... AB24: =SUM(AB22:AB23) -> 0 | AC24: =SUM(E24:AB24) -> 3
B25: 3. | C25: Jumlah pengguna hak pilih dalam Daftar Pemilih Khusus (DPK) | D25: LK | E25: 4 | F25: 3 | G25: 4 | H25: 3 | I25: 2 | J25: 0 | K25: 2 | L25: 4 | M25: 4 | N25: 0 | O25: 0 | P25: 0 | Q25: 0 | R25: 2 | S25: 1 | T25: 0 | U25: 0 | V25: 5 | W25: 0 | X25: 0 | Y25: 0 | Z25: 0 | AA25: 0 | AB25: 1 | AC25: =SUM(E25:AB25) -> 35
D26: PR | E26: 1 | F26: 3 | G26: 4 | H26: 2 | I26: 1 | J26: 0 | K26: 5 | L26: 2 | M26: 1 | N26: 0 | O26: 0 | P26: 0 | Q26: 0 | R26: 1 | S26: 2 | T26: 0 | U26: 0 | V26: 9 | W26: 0 | X26: 0 | Y26: 0 | Z26: 0 | AA26: 0 | AB26: 2 | AC26: =SUM(E26:AB26) -> 33
D27: JML | E27: =SUM(E25:E26) -> 5 | F27: =SUM(F25:F26) -> 6 | G27: =SUM(G25:G26) -> 8 | H27: =SUM(H25:H26) -> 5 | I27: =SUM(I25:I26) -> 3 | J27: =SUM(J25:J26) -> 0 | K27: =SUM(K25:K26) -> 7 | L27: =SUM(L25:L26) -> 6 | ... AB27: =SUM(AB25:AB26) -> 3 | AC27: =SUM(E27:AB27) -> 68
B28: 4. | C28: Jumlah Pengguna Hak Pilih (B.1+B.2+B.3) | D28: LK | E28: =SUM(E19,E22,E25) -> 98 | F28: =SUM(F19,F22,F25) -> 117 | G28: =SUM(G19,G22,G25) -> 104 | H28: =SUM(H19,H22,H25) -> 103 | I28: =SUM(I19,I22,I25) -> 89 | J28: =SUM(J19,J22,J25) -> 92 | K28: =SUM(K19,K22,K25) -> 98 | L28: =SUM(L19,L22,L25) -> 105 | ... AB28: =SUM(AB19,AB22,AB25) -> 108 | AC28: =SUM(E28:AB28) -> 2565
D29: PR | E29: =SUM(E20,E23,E26) -> 110 | F29: =SUM(F20,F23,F26) -> 110 | G29: =SUM(G20,G23,G26) -> 118 | H29: =SUM(H20,H23,H26) -> 106 | I29: =SUM(I20,I23,I26) -> 98 | J29: =SUM(J20,J23,J26) -> 91 | K29: =SUM(K20,K23,K26) -> 111 | L29: =SUM(L20,L23,L26) -> 111 | ... AB29: =SUM(AB20,AB23,AB26) -> 115 | AC29: =SUM(E29:AB29) -> 2695
D30: JML | E30: =SUM(E28:E29) -> 208 | F30: =SUM(F28:F29) -> 227 | G30: =SUM(G28:G29) -> 222 | H30: =SUM(H28:H29) -> 209 | I30: =SUM(I28:I29) -> 187 | J30: =SUM(J28:J29) -> 183 | K30: =SUM(K28:K29) -> 209 | L30: =SUM(L28:L29) -> 216 | ... AB30: =SUM(AB28:AB29) -> 223 | AC30: =SUM(E30:AB30) -> 5260
A32: II | B32: DATA PENGGUNAAN SURAT SUARA
A33: 1 | B33: Jumlah surat suara yang diterima, termasuk surat suara cadangan 2,5% dari DPT | E33: 278 | F33: 288 | G33: 280 | H33: 284 | I33: 281 | J33: 265 | K33: 280 | L33: 292 | M33: 283 | N33: 282 | O33: 283 | P33: 291 | Q33: 284 | R33: 282 | S33: 270 | T33: 266 | U33: 282 | V33: 255 | W33: 283 | X33: 295 | Y33: 283 | Z33: 278 | AA33: 288 | AB33: 281 | AC33: =SUM(E33:AB33) -> 6734
A34: 2 | B34: Jumlah surat suara yang digunakan | E34: 208 | F34: 227 | G34: 222 | H34: 209 | I34: 187 | J34: 183 | K34: 209 | L34: 216 | M34: 234 | N34: 223 | O34: 235 | P34: 232 | Q34: 219 | R34: 213 | S34: 207 | T34: 226 | U34: 210 | V34: 219 | W34: 224 | X34: 254 | Y34: 221 | Z34: 227 | AA34: 232 | AB34: 223 | AC34: =SUM(E34:AB34) -> 5260
A35: 3 | B35: Jumlah surat suara dikembalikan oleh pemilih (karena rusak atau keliru coblos) | E35: 0 | F35: 0 | G35: 0 | H35: 0 | I35: 0 | J35: 0 | K35: 2 | L35: 0 | M35: 0 | N35: 0 | O35: 0 | P35: 0 | Q35: 0 | R35: 0 | S35: 0 | T35: 0 | U35: 0 | V35: 1 | W35: 0 | X35: 0 | Y35: 0 | Z35: 0 | AA35: 1 | AB35: 1 | AC35: =SUM(E35:AB35) -> 5
A36: 4 | B36: Jumlah surat suara yang tidak digunakan/tidak terpakai, termasuk sisa surat suara cadangan | E36: =E33-(E34+E35) -> 70 | F36: =F33-(F34+F35) -> 61 | G36: =G33-(G34+G35) -> 58 | H36: =H33-(H34+H35) -> 75 | I36: =I33-(I34+I35) -> 94 | J36: =J33-(J34+J35) -> 82 | K36: =K33-(K34+K35) -> 69 | L36: =L33-(L34+L35) -> 76 | ... AB36: =AB33-(AB34+AB35) -> 57 | AC36: =SUM(E36:AB36) -> 1469
A38: III | B38: DATA PEMILIH DISABILITAS
B39: Jumlah seluruh Pemilih disabilitas yang menggunakan hak pilih | D39: LK | E39: 0 | F39: 0 | G39: 0 | H39: 0 | I39: 0 | J39: 2 | K39: 0 | L39: 0 | M39: 0 | N39: 0 | O39: 0 | P39: 0 | Q39: 0 | R39: 0 | S39: 0 | T39: 0 | U39: 0 | V39: 0 | W39: 0 | X39: 0 | Y39: 0 | Z39: 0 | AA39: 0 | AB39: 0 | AC39: =SUM(E39:AB39) -> 2
D40: PR | E40: 0 | F40: 0 | G40: 0 | H40: 1 | I40: 2 | J40: 0 | K40: 0 | L40: 0 | M40: 0 | N40: 0 | O40: 0 | P40: 0 | Q40: 0 | R40: 0 | S40: 1 | T40: 0 | U40: 0 | V40: 0 | W40: 0 | X40: 0 | Y40: 0 | Z40: 0 | AA40: 0 | AB40: 0 | AC40: =SUM(E40:AB40) -> 4
D41: JML | E41: =SUM(E39:E40) -> 0 | F41: =SUM(F39:F40) -> 0 | G41: =SUM(G39:G40) -> 0 | H41: =SUM(H39:H40) -> 1 | I41: =SUM(I39:I40) -> 2 | J41: =SUM(J39:J40) -> 2 | K41: =SUM(K39:K40) -> 0 | L41: =SUM(L39:L40) -> 0 | ... AB41: =SUM(AB39:AB40) -> 0 | AC41: =SUM(E41:AB41) -> 6
A43: IV | B43: DATA RINCIAN PEROLEHAN SUARA PASANGAN CALON BUPATI DAN WAKIL BUPATI
A44: NOMOR DAN NAMA CALON
A45: A.1 | B45: 1. | C45: Partai Kebangkitan Bangsa | E45: 15 | F45: 7 | G45: 5 | H45: 6 | I45: 6 | J45: 6 | K45: 1 | L45: 8 | M45: 7 | N45: 6 | O45: 15 | P45: 10 | Q45: 13 | R45: 13 | S45: 9 | T45: 12 | U45: 10 | V45: 13 | W45: 7 | X45: 18 | Y45: 10 | Z45: 6 | AA45: 15 | AB45: 5 | AC45: =SUM(E45:AB45) -> 223
A46: A.2 | C46: 1. Dra. Hj. MA`MULAH HARUN, M.Pd.I. | E46: 17 | F46: 5 | G46: 2 | H46: 2 | I46: 6 | J46: 5 | K46: 7 | L46: 24 | M46: 20 | N46: 14 | O46: 28 | P46: 24 | Q46: 6 | R46: 22 | S46: 14 | T46: 6 | U46: 17 | V46: 13 | W46: 9 | X46: 35 | Y46: 21 | Z46: 6 | AA46: 7 | AB46: 5 | AC46: =SUM(E46:AB46) -> 315
C47: 2. UBAIDILLAH, S.Fil.I. | E47: 3 | F47: 0 | G47: 1 | H47: 0 | I47: 0 | J47: 0 | K47: 5 | L47: 4 | M47: 4 | N47: 4 | O47: 4 | P47: 6 | Q47: 2 | R47: 2 | S47: 1 | T47: 4 | U47: 4 | V47: 1 | W47: 1 | X47: 3 | Y47: 2 | Z47: 2 | AA47: 0 | AB47: 1 | AC47: =SUM(E47:AB47) -> 54
C48: 3. Ir. H. YOYOK MULYADI, M.Si. | E48: 1 | F48: 1 | G48: 2 | H48: 0 | I48: 0 | J48: 0 | K48: 0 | L48: 0 | M48: 2 | N48: 1 | O48: 0 | P48: 2 | Q48: 0 | R48: 3 | S48: 3 | T48: 2 | U48: 2 | V48: 0 | W48: 2 | X48: 2 | Y48: 0 | Z48: 1 | AA48: 0 | AB48: 0 | AC48: =SUM(E48:AB48) -> 24
C49: 4. KHOIRUL ANWAR, S.Fil.I. | E49: 3 | F49: 2 | G49: 1 | H49: 1 | I49: 1 | J49: 1 | K49: 1 | L49: 1 | M49: 1 | N49: 4 | O49: 5 | P49: 0 | Q49: 1 | R49: 1 | S49: 1 | T49: 3 | U49: 2 | V49: 10 | W49: 4 | X49: 0 | Y49: 2 | Z49: 7 | AA49: 0 | AB49: 2 | AC49: =SUM(E49:AB49) -> 54
C50: 5. ARIF WIJAKSANA | E50: 4 | F50: 0 | G50: 0 | H50: 0 | I50: 0 | J50: 0 | K50: 1 | L50: 1 | M50: 8 | N50: 3 | O50: 7 | P50: 7 | Q50: 2 | R50: 2 | S50: 6 | T50: 2 | U50: 4 | V50: 22 | W50: 9 | X50: 8 | Y50: 4 | Z50: 2 | AA50: 2 | AB50: 0 | AC50: =SUM(E50:AB50) -> 94
C51: 6. Dr. SITI YUMNAH | E51: 1 | F51: 0 | G51: 0 | H51: 1 | I51: 0 | J51: 0 | K51: 0 | L51: 0 | M51: 0 | N51: 0 | O51: 1 | P51: 0 | Q51: 0 | R51: 0 | S51: 1 | T51: 0 | U51: 1 | V51: 1 | W51: 0 | X51: 0 | Y51: 0 | Z51: 0 | AA51: 0 | AB51: 0 | AC51: =SUM(E51:AB51) -> 6
C52: 7. MOHAMMAD ZAINI, M.Pd.I. | E52: 1 | F52: 0 | G52: 0 | H52: 0 | I52: 0 | J52: 0 | K52: 0 | L52: 1 | M52: 0 | N52: 0 | O52: 2 | P52: 0 | Q52: 0 | R52: 1 | S52: 0 | T52: 0 | U52: 0 | V52: 0 | W52: 1 | X52: 1 | Y52: 0 | Z52: 0 | AA52: 0 | AB52: 1 | AC52: =SUM(E52:AB52) -> 8
C53: 8. FAWAIDUL MAKKIYAH | E53: 0 | F53: 0 | G53: 0 | H53: 0 | I53: 0 | J53: 0 | K53: 3 | L53: 1 | M53: 0 | N53: 0 | O53: 0 | P53: 0 | Q53: 0 | R53: 0 | S53: 0 | T53: 0 | U53: 1 | V53: 1 | W53: 0 | X53: 0 | Y53: 1 | Z53: 0 | AA53: 0 | AB53: 0 | AC53: =SUM(E53:AB53) -> 7
C54: 9. IFFAH HIDAYATUR ROHMAH, S.Sos. | E54: 0 | F54: 0 | G54: 0 | H54: 0 | I54: 0 | J54: 1 | K54: 1 | L54: 0 | M54: 1 | N54: 0 | O54: 1 | P54: 0 | Q54: 0 | R54: 0 | S54: 0 | T54: 0 | U54: 0 | V54: 1 | W54: 1 | X54: 0 | Y54: 0 | Z54: 0 | AA54: 1 | AB54: 0 | AC54: =SUM(E54:AB54) -> 7
A55: B | B55: JUMLAH SUARA SAH PARTAI POLITIK DAN CALON (A1 + A2) | E55: =SUM(E45:E54) -> 45 | F55: =SUM(F45:F54) -> 15 | G55: =SUM(G45:G54) -> 11 | H55: =SUM(H45:H54) -> 10 | I55: =SUM(I45:I54) -> 13 | J55: =SUM(J45:J54) -> 13 | K55: =SUM(K45:K54) -> 19 | L55: =SUM(L45:L54) -> 40 | ... AC55: =SUM(AC45:AC54) -> 792
A57: A.1 | B57: 2. | C57: Partai Gerakan Indonesia Raya | E57: 14 | F57: 8 | G57: 13 | H57: 14 | I57: 17 | J57: 14 | K57: 8 | L57: 9 | M57: 11 | N57: 15 | O57: 8 | P57: 4 | Q57: 14 | R57: 10 | S57: 9 | T57: 15 | U57: 6 | V57: 4 | W57: 4 | X57: 9 | Y57: 20 | Z57: 16 | AA57: 13 | AB57: 15 | AC57: =SUM(E57:AB57) -> 270
A58: A.2 | C58: 1. AHMAD HADINUDDIN, S.Pd.I. | E58: 15 | F58: 16 | G58: 9 | H58: 4 | I58: 11 | J58: 7 | K58: 9 | L58: 7 | M58: 10 | N58: 12 | O58: 10 | P58: 8 | Q58: 7 | R58: 10 | S58: 4 | T58: 11 | U58: 11 | V58: 8 | W58: 5 | X58: 8 | Y58: 7 | Z58: 6 | AA58: 4 | AB58: 7 | AC58: =SUM(E58:AB58) -> 206
C59: 2. BIMA RAFSANJANI RAFID | E59: 8 | F59: 9 | G59: 15 | H59: 18 | I59: 11 | J59: 8 | K59: 10 | L59: 8 | M59: 12 | N59: 23 | O59: 6 | P59: 5 | Q59: 9 | R59: 7 | S59: 11 | T59: 11 | U59: 14 | V59: 11 | W59: 16 | X59: 9 | Y59: 10 | Z59: 5 | AA59: 5 | AB59: 4 | AC59: =SUM(E59:AB59) -> 245
C60: 3. IRA DAMAYANTI | E60: 2 | F60: 2 | G60: 3 | H60: 1 | I60: 1 | J60: 2 | K60: 1 | L60: 1 | M60: 0 | N60: 1 | O60: 3 | P60: 1 | Q60: 2 | R60: 3 | S60: 1 | T60: 1 | U60: 1 | V60: 0 | W60: 2 | X60: 4 | Y60: 0 | Z60: 2 | AA60: 2 | AB60: 0 | AC60: =SUM(E60:AB60) -> 36
C61: 4. MAULANA MALIK IBRAHIM, S.H. | E61: 20 | F61: 3 | G61: 1 | H61: 11 | I61: 13 | J61: 11 | K61: 4 | L61: 3 | M61: 3 | N61: 3 | O61: 2 | P61: 4 | Q61: 1 | R61: 7 | S61: 6 | T61: 9 | U61: 7 | V61: 2 | W61: 5 | X61: 2 | Y61: 0 | Z61: 0 | AA61: 2 | AB61: 2 | AC61: =SUM(E61:AB61) -> 121
C62: 5. LULUK ALFIATI | E62: 1 | F62: 0 | G62: 0 | H62: 1 | I62: 0 | J62: 3 | K62: 1 | L62: 0 | M62: 1 | N62: 0 | O62: 0 | P62: 1 | Q62: 0 | R62: 1 | S62: 3 | T62: 1 | U62: 1 | V62: 1 | W62: 0 | X62: 1 | Y62: 0 | Z62: 3 | AA62: 0 | AB62: 0 | AC62: =SUM(E62:AB62) -> 19
C63: 6. ILHAM WAHYUDI, S.H. | E63: 0 | F63: 0 | G63: 0 | H63: 1 | I63: 0 | J63: 0 | K63: 1 | L63: 0 | M63: 0 | N63: 2 | O63: 1 | P63: 2 | Q63: 0 | R63: 1 | S63: 0 | T63: 1 | U63: 0 | V63: 0 | W63: 3 | X63: 1 | Y63: 1 | Z63: 0 | AA63: 0 | AB63: 1 | AC63: =SUM(E63:AB63) -> 15
C64: 7. HAERUL ANWAR, S.Pd.I. | E64: 0 | F64: 0 | G64: 0 | H64: 0 | I64: 0 | J64: 0 | K64: 0 | L64: 0 | M64: 0 | N64: 0 | O64: 0 | P64: 0 | Q64: 0 | R64: 0 | S64: 0 | T64: 0 | U64: 0 | V64: 1 | W64: 1 | X64: 0 | Y64: 0 | Z64: 1 | AA64: 0 | AB64: 1 | AC64: =SUM(E64:AB64) -> 4
C65: 8. YOVI ADHITYA WARDANI | E65: 0 | F65: 0 | G65: 0 | H65: 0 | I65: 0 | J65: 0 | K65: 1 | L65: 0 | M65: 0 | N65: 0 | O65: 0 | P65: 1 | Q65: 0 | R65: 1 | S65: 0 | T65: 0 | U65: 1 | V65: 1 | W65: 0 | X65: 2 | Y65: 0 | Z65: 0 | AA65: 0 | AB65: 0 | AC65: =SUM(E65:AB65) -> 7
C66: 9. RITA AMELIA | E66: 0 | F66: 0 | G66: 0 | H66: 1 | I66: 0 | J66: 0 | K66: 2 | L66: 0 | M66: 0 | N66: 1 | O66: 0 | P66: 1 | Q66: 0 | R66: 1 | S66: 0 | T66: 0 | U66: 1 | V66: 1 | W66: 0 | X66: 0 | Y66: 0 | Z66: 0 | AA66: 0 | AB66: 0 | AC66: =SUM(E66:AB66) -> 8
A67: B | B67: JUMLAH SUARA SAH PARTAI POLITIK DAN CALON (A1 + A2) | E67: =SUM(E57:E66) -> 60 | F67: =SUM(F57:F66) -> 38 | G67: =SUM(G57:G66) -> 41 | H67: =SUM(H57:H66) -> 51 | I67: =SUM(I57:I66) -> 53 | J67: =SUM(J57:J66) -> 45 | K67: =SUM(K57:K66) -> 37 | L67: =SUM(L57:L66) -> 28 | ... AC67: =SUM(AC57:AC66) -> 931
A69: A.1 | B69: 3. | C69: Partai Demokrasi Indonesia Perjuangan | E69: 5 | F69: 13 | G69: 31 | H69: 13 | I69: 4 | J69: 13 | K69: 8 | L69: 8 | M69: 7 | N69: 6 | O69: 19 | P69: 9 | Q69: 9 | R69: 4 | S69: 9 | T69: 13 | U69: 11 | V69: 11 | W69: 10 | X69: 10 | Y69: 12 | Z69: 14 | AA69: 5 | AB69: 11 | AC69: =SUM(E69:AB69) -> 255
A70: A.2 | C70: 1. MARTIN H., S.H., M.H. | E70: 5 | F70: 18 | G70: 15 | H70: 15 | I70: 2 | J70: 1 | K70: 10 | L70: 7 | M70: 3 | N70: 9 | O70: 6 | P70: 5 | Q70: 2 | R70: 2 | S70: 4 | T70: 10 | U70: 2 | V70: 5 | W70: 8 | X70: 4 | Y70: 5 | Z70: 2 | AA70: 7 | AB70: 5 | AC70: =SUM(E70:AB70) -> 152
C71: 2. HERMANTO, S.E. | E71: 3 | F71: 5 | G71: 7 | H71: 9 | I71: 4 | J71: 2 | K71: 4 | L71: 8 | M71: 15 | N71: 1 | O71: 5 | P71: 10 | Q71: 7 | R71: 1 | S71: 4 | T71: 7 | U71: 7 | V71: 8 | W71: 11 | X71: 3 | Y71: 9 | Z71: 8 | AA71: 28 | AB71: 24 | AC71: =SUM(E71:AB71) -> 190
C72: 3. EVY SUSILAWATI, S.E., M.M. | E72: 4 | F72: 5 | G72: 4 | H72: 3 | I72: 4 | J72: 0 | K72: 4 | L72: 5 | M72: 3 | N72: 2 | O72: 11 | P72: 3 | Q72: 2 | R72: 2 | S72: 2 | T72: 2 | U72: 2 | V72: 2 | W72: 2 | X72: 3 | Y72: 3 | Z72: 4 | AA72: 2 | AB72: 3 | AC72: =SUM(E72:AB72) -> 77
C73: 4. M. SIROTTUDIN | E73: 2 | F73: 2 | G73: 2 | H73: 2 | I73: 1 | J73: 2 | K73: 0 | L73: 1 | M73: 0 | N73: 1 | O73: 0 | P73: 0 | Q73: 0 | R73: 2 | S73: 0 | T73: 3 | U73: 1 | V73: 2 | W73: 2 | X73: 1 | Y73: 0 | Z73: 2 | AA73: 0 | AB73: 1 | AC73: =SUM(E73:AB73) -> 27
C74: 5. ABDUL HAFID, S.H. | E74: 2 | F74: 0 | G74: 0 | H74: 2 | I74: 1 | J74: 0 | K74: 2 | L74: 0 | M74: 0 | N74: 3 | O74: 2 | P74: 3 | Q74: 0 | R74: 1 | S74: 0 | T74: 0 | U74: 2 | V74: 2 | W74: 1 | X74: 1 | Y74: 1 | Z74: 2 | AA74: 0 | AB74: 0 | AC74: =SUM(E74:AB74) -> 25
C75: 6. NIKITA FORTUNA SURYANINGATI, A.Md.Keb. | E75: 0 | F75: 0 | G75: 1 | H75: 0 | I75: 0 | J75: 0 | K75: 0 | L75: 0 | M75: 1 | N75: 0 | O75: 2 | P75: 0 | Q75: 0 | R75: 1 | S75: 0 | T75: 1 | U75: 1 | V75: 0 | W75: 1 | X75: 1 | Y75: 1 | Z75: 1 | AA75: 1 | AB75: 1 | AC75: =SUM(E75:AB75) -> 13
C76: 7. YUDHO ILHAM WIJAYA, S.E. | E76: 1 | F76: 1 | G76: 0 | H76: 0 | I76: 1 | J76: 0 | K76: 1 | L76: 0 | M76: 0 | N76: 1 | O76: 1 | P76: 0 | Q76: 0 | R76: 0 | S76: 0 | T76: 0 | U76: 0 | V76: 0 | W76: 1 | X76: 0 | Y76: 0 | Z76: 0 | AA76: 0 | AB76: 1 | AC76: =SUM(E76:AB76) -> 8
C77: 8. SETIAWATI, S.H. | E77: 0 | F77: 0 | G77: 1 | H77: 0 | I77: 0 | J77: 0 | K77: 1 | L77: 1 | M77: 0 | N77: 0 | O77: 0 | P77: 0 | Q77: 0 | R77: 0 | S77: 0 | T77: 0 | U77: 0 | V77: 0 | W77: 0 | X77: 0 | Y77: 0 | Z77: 0 | AA77: 0 | AB77: 0 | AC77: =SUM(E77:AB77) -> 3
C78: 9. EKO BUDI SANTOSO, S.H. | E78: 0 | F78: 0 | G78: 0 | H78: 0 | I78: 0 | J78: 1 | K78: 1 | L78: 1 | M78: 1 | N78: 2 | O78: 0 | P78: 0 | Q78: 0 | R78: 1 | S78: 0 | T78: 1 | U78: 0 | V78: 0 | W78: 1 | X78: 0 | Y78: 0 | Z78: 1 | AA78: 0 | AB78: 0 | AC78: =SUM(E78:AB78) -> 10
A79: B | B79: JUMLAH SUARA SAH PARTAI POLITIK DAN CALON (A1 + A2) | E79: =SUM(E69:E78) -> 22 | F79: =SUM(F69:F78) -> 44 | G79: =SUM(G69:G78) -> 61 | H79: =SUM(H69:H78) -> 44 | I79: =SUM(I69:I78) -> 17 | J79: =SUM(J69:J78) -> 19 | K79: =SUM(K69:K78) -> 31 | L79: =SUM(L69:L78) -> 31 | ... AC79: =SUM(AC69:AC78) -> 760
A81: A.1 | B81: 4. | C81: Partai Golongan Karya | E81: 3 | F81: 0 | G81: 0 | H81: 2 | I81: 6 | J81: 4 | K81: 3 | L81: 5 | M81: 9 | N81: 10 | O81: 6 | P81: 4 | Q81: 12 | R81: 4 | S81: 9 | T81: 6 | U81: 8 | V81: 7 | W81: 14 | X81: 9 | Y81: 4 | Z81: 5 | AA81: 14 | AB81: 12 | AC81: =SUM(E81:AB81) -> 156
A82: A.2 | C82: 1. PRANAYA YUDHA MAHARDHIKA | E82: 2 | F82: 1 | G82: 2 | H82: 5 | I82: 15 | J82: 15 | K82: 26 | L82: 12 | M82: 31 | N82: 45 | O82: 10 | P82: 21 | Q82: 39 | R82: 13 | S82: 47 | T82: 16 | U82: 14 | V82: 5 | W82: 8 | X82: 18 | Y82: 9 | Z82: 40 | AA82: 41 | AB82: 29 | AC82: =SUM(E82:AB82) -> 464
C83: 2. Dra. Ec. ENDANG SULASTUTY, M.I.P. | E83: 0 | F83: 1 | G83: 0 | H83: 1 | I83: 1 | J83: 0 | K83: 0 | L83: 0 | M83: 1 | N83: 2 | O83: 0 | P83: 1 | Q83: 1 | R83: 1 | S83: 1 | T83: 3 | U83: 3 | V83: 0 | W83: 3 | X83: 3 | Y83: 1 | Z83: 4 | AA83: 3 | AB83: 2 | AC83: =SUM(E83:AB83) -> 32
C84: 3. AGUS REJEKI WARTONO | E84: 0 | F84: 0 | G84: 0 | H84: 0 | I84: 1 | J84: 0 | K84: 0 | L84: 2 | M84: 1 | N84: 1 | O84: 0 | P84: 2 | Q84: 1 | R84: 1 | S84: 0 | T84: 1 | U84: 2 | V84: 0 | W84: 1 | X84: 0 | Y84: 1 | Z84: 1 | AA84: 0 | AB84: 1 | AC84: =SUM(E84:AB84) -> 16
C85: 4. Hj. TUTUK ASMA'A ZUCHROH, S.T., M.T. | E85: 1 | F85: 0 | G85: 0 | H85: 1 | I85: 0 | J85: 0 | K85: 0 | L85: 4 | M85: 3 | N85: 0 | O85: 2 | P85: 2 | Q85: 0 | R85: 4 | S85: 0 | T85: 2 | U85: 2 | V85: 1 | W85: 0 | X85: 2 | Y85: 0 | Z85: 1 | AA85: 1 | AB85: 1 | AC85: =SUM(E85:AB85) -> 27
C86: 5. ADE M. RIZKI, S.E. | E86: 1 | F86: 0 | G86: 0 | H86: 2 | I86: 2 | J86: 0 | K86: 1 | L86: 4 | M86: 4 | N86: 4 | O86: 4 | P86: 3 | Q86: 5 | R86: 5 | S86: 4 | T86: 3 | U86: 2 | V86: 2 | W86: 1 | X86: 7 | Y86: 1 | Z86: 4 | AA86: 5 | AB86: 3 | AC86: =SUM(E86:AB86) -> 67
C87: 6. ABDURAKHMAN, Bc.Kn. | E87: 0 | F87: 0 | G87: 0 | H87: 2 | I87: 0 | J87: 1 | K87: 0 | L87: 0 | M87: 1 | N87: 0 | O87: 0 | P87: 0 | Q87: 0 | R87: 0 | S87: 0 | T87: 0 | U87: 1 | V87: 4 | W87: 4 | X87: 0 | Y87: 0 | Z87: 1 | AA87: 0 | AB87: 0 | AC87: =SUM(E87:AB87) -> 14
C88: 7. CENDY RHIYAN ADI PUTRI | E88: 0 | F88: 0 | G88: 0 | H88: 0 | I88: 1 | J88: 0 | K88: 0 | L88: 0 | M88: 0 | N88: 0 | O88: 0 | P88: 0 | Q88: 0 | R88: 0 | S88: 0 | T88: 0 | U88: 0 | V88: 0 | W88: 0 | X88: 0 | Y88: 0 | Z88: 1 | AA88: 0 | AB88: 0 | AC88: =SUM(E88:AB88) -> 2
C89: 8. BAKTI WIJAYANTO, S.E. | E89: 0 | F89: 0 | G89: 0 | H89: 0 | I89: 0 | J89: 0 | K89: 0 | L89: 0 | M89: 0 | N89: 0 | O89: 0 | P89: 0 | Q89: 0 | R89: 0 | S89: 1 | T89: 0 | U89: 0 | V89: 1 | W89: 0 | X89: 0 | Y89: 0 | Z89: 0 | AA89: 0 | AB89: 0 | AC89: =SUM(E89:AB89) -> 2
C90: 9. AHMAD UBAIDILLAH | E90: 0 | F90: 0 | G90: 0 | H90: 1 | I90: 0 | J90: 0 | K90: 0 | L90: 0 | M90: 1 | N90: 0 | O90: 0 | P90: 1 | Q90: 0 | R90: 0 | S90: 0 | T90: 2 | U90: 1 | V90: 1 | W90: 0 | X90: 1 | Y90: 0 | Z90: 1 | AA90: 0 | AB90: 0 | AC90: =SUM(E90:AB90) -> 9
A91: B | B91: JUMLAH SUARA SAH PARTAI POLITIK DAN CALON (A1 + A2) | E91: =SUM(E81:E90) -> 7 | F91: =SUM(F81:F90) -> 2 | G91: =SUM(G81:G90) -> 2 | H91: =SUM(H81:H90) -> 14 | I91: =SUM(I81:I90) -> 26 | J91: =SUM(J81:J90) -> 20 | K91: =SUM(K81:K90) -> 30 | L91: =SUM(L81:L90) -> 27 | ... AC91: =SUM(AC81:AC90) -> 789
A93: A.1 | B93: 5. | C93: Partai NasDem | E93: 6 | F93: 1 | G93: 1 | H93: 2 | I93: 9 | J93: 3 | K93: 9 | L93: 2 | M93: 1 | N93: 1 | O93: 5 | P93: 4 | Q93: 3 | R93: 6 | S93: 0 | T93: 1 | U93: 1 | V93: 9 | W93: 2 | X93: 6 | Y93: 6 | Z93: 6 | AA93: 6 | AB93: 6 | AC93: =SUM(E93:AB93) -> 96
A94: A.2 | C94: 1. ALI MUSTOFA, A.Md. | E94: 2 | F94: 2 | G94: 6 | H94: 1 | I94: 3 | J94: 5 | K94: 5 | L94: 5 | M94: 8 | N94: 3 | O94: 9 | P94: 17 | Q94: 15 | R94: 2 | S94: 6 | T94: 12 | U94: 3 | V94: 2 | W94: 4 | X94: 6 | Y94: 5 | Z94: 5 | AA94: 8 | AB94: 8 | AC94: =SUM(E94:AB94) -> 142
C95: 2. Hj. BUAMI, S.H. | E95: 0 | F95: 0 | G95: 1 | H95: 1 | I95: 2 | J95: 6 | K95: 6 | L95: 1 | M95: 0 | N95: 2 | O95: 0 | P95: 1 | Q95: 1 | R95: 0 | S95: 0 | T95: 0 | U95: 0 | V95: 0 | W95: 1 | X95: 1 | Y95: 3 | Z95: 0 | AA95: 1 | AB95: 0 | AC95: =SUM(E95:AB95) -> 27
C96: 3. SUGIONO, S.H. | E96: 0 | F96: 0 | G96: 0 | H96: 1 | I96: 1 | J96: 2 | K96: 2 | L96: 0 | M96: 1 | N96: 0 | O96: 0 | P96: 1 | Q96: 0 | R96: 0 | S96: 0 | T96: 0 | U96: 1 | V96: 1 | W96: 0 | X96: 0 | Y96: 1 | Z96: 0 | AA96: 1 | AB96: 0 | AC96: =SUM(E96:AB96) -> 12
C97: 4. LULUK SUNARMIATININGSIH | E97: 0 | F97: 0 | G97: 0 | H97: 0 | I97: 0 | J97: 1 | K97: 0 | L97: 0 | M97: 0 | N97: 0 | O97: 0 | P97: 1 | Q97: 0 | R97: 0 | S97: 0 | T97: 0 | U97: 0 | V97: 1 | W97: 0 | X97: 0 | Y97: 0 | Z97: 0 | AA97: 0 | AB97: 1 | AC97: =SUM(E97:AB97) -> 4
C98: 5. ANTON DJULIANTO ADI | E98: 0 | F98: 0 | G98: 0 | H98: 0 | I98: 0 | J98: 1 | K98: 1 | L98: 0 | M98: 3 | N98: 0 | O98: 0 | P98: 2 | Q98: 0 | R98: 0 | S98: 0 | T98: 0 | U98: 0 | V98: 0 | W98: 0 | X98: 0 | Y98: 0 | Z98: 0 | AA98: 0 | AB98: 0 | AC98: =SUM(E98:AB98) -> 7
C99: 6. MOKHAMAD ROFI'I KHUSNAN | E99: 1 | F99: 0 | G99: 0 | H99: 0 | I99: 0 | J99: 0 | K99: 0 | L99: 0 | M99: 0 | N99: 0 | O99: 0 | P99: 0 | Q99: 0 | R99: 0 | S99: 0 | T99: 0 | U99: 0 | V99: 0 | W99: 0 | X99: 0 | Y99: 0 | Z99: 0 | AA99: 0 | AB99: 0 | AC99: =SUM(E99:AB99) -> 1
C100: 7. Rr SETYO WATI | E100: 0 | F100: 0 | G100: 0 | H100: 0 | I100: 0 | J100: 0 | K100: 0 | L100: 0 | M100: 0 | N100: 0 | O100: 1 | P100: 0 | Q100: 0 | R100: 0 | S100: 0 | T100: 0 | U100: 0 | V100: 0 | W100: 0 | X100: 0 | Y100: 0 | Z100: 0 | AA100: 0 | AB100: 0 | AC100: =SUM(E100:AB100) -> 1
C101: 8. ABD. KADIR ASSEGAFF | E101: 0 | F101: 0 | G101: 0 | H101: 0 | I101: 0 | J101: 0 | K101: 0 | L101: 0 | M101: 0 | N101: 0 | O101: 0 | P101: 0 | Q101: 0 | R101: 0 | S101: 0 | T101: 0 | U101: 0 | V101: 0 | W101: 0 | X101: 0 | Y101: 0 | Z101: 0 | AA101: 0 | AB101: 0 | AC101: =SUM(E101:AB101) -> 0
C102: 9. FATHOR ZAINULLAH | E102: 0 | F102: 0 | G102: 0 | H102: 0 | I102: 0 | J102: 0 | K102: 0 | L102: 0 | M102: 0 | N102: 0 | O102: 0 | P102: 0 | Q102: 0 | R102: 0 | S102: 0 | T102: 0 | U102: 0 | V102: 0 | W102: 0 | X102: 0 | Y102: 0 | Z102: 0 | AA102: 0 | AB102: 0 | AC102: =SUM(E102:AB102) -> 0
A103: B | B103: JUMLAH SUARA SAH PARTAI POLITIK DAN CALON (A1 + A2) | E103: =SUM(E93:E102) -> 9 | F103: =SUM(F93:F102) -> 3 | G103: =SUM(G93:G102) -> 8 | H103: =SUM(H93:H102) -> 5 | I103: =SUM(I93:I102) -> 15 | J103: =SUM(J93:J102) -> 18 | K103: =SUM(K93:K102) -> 23 | L103: =SUM(L93:L102) -> 8 | ... AC103: =SUM(AC93:AC102) -> 290
A105: A.1 | B105: 6. | C105: Partai Buruh | E105: 0 | F105: 0 | G105: 0 | H105: 0 | I105: 0 | J105: 0 | K105: 1 | L105: 0 | M105: 1 | N105: 0 | O105: 0 | P105: 2 | Q105: 1 | R105: 0 | S105: 0 | T105: 2 | U105: 3 | V105: 2 | W105: 1 | X105: 3 | Y105: 6 | Z105: 1 | AA105: 0 | AB105: 0 | AC105: =SUM(E105:AB105) -> 23
A106: A.2 | C106: 1. AGUS SUPRIYADI | E106: 0 | F106: 0 | G106: 0 | H106: 0 | I106: 0 | J106: 1 | K106: 0 | L106: 0 | M106: 0 | N106: 1 | O106: 0 | P106: 0 | Q106: 0 | R106: 0 | S106: 0 | T106: 1 | U106: 0 | V106: 0 | W106: 1 | X106: 1 | Y106: 3 | Z106: 0 | AA106: 0 | AB106: 0 | AC106: =SUM(E106:AB106) -> 8
C107: 2. ENI HARIATI | E107: 0 | F107: 0 | G107: 1 | H107: 0 | I107: 0 | J107: 0 | K107: 0 | L107: 0 | M107: 0 | N107: 0 | O107: 1 | P107: 0 | Q107: 0 | R107: 0 | S107: 0 | T107: 0 | U107: 0 | V107: 0 | W107: 0 | X107: 0 | Y107: 0 | Z107: 0 | AA107: 0 | AB107: 0 | AC107: =SUM(E107:AB107) -> 2
AC108: =SUM(E108:AB108) -> 0
AC109: =SUM(E109:AB109) -> 0
AC110: =SUM(E110:AB110) -> 0
AC111: =SUM(E111:AB111) -> 0
AC112: =SUM(E112:AB112) -> 0
AC113: =SUM(E113:AB113) -> 0
AC114: =SUM(E114:AB114) -> 0
A115: B | B115: JUMLAH SUARA SAH PARTAI POLITIK DAN CALON (A1 + A2) | E115: =SUM(E105:E114) -> 0 | F115: =SUM(F105:F114) -> 0 | G115: =SUM(G105:G114) -> 1 | H115: =SUM(H105:H114) -> 0 | I115: =SUM(I105:I114) -> 0 | J115: =SUM(J105:J114) -> 1 | K115: =SUM(K105:K114) -> 1 | L115: =SUM(L105:L114) -> 0 | ... AC115: =SUM(AC105:AC114) -> 33
A117: A.1 | B117: 7. | C117: Partai Gelombang Rakyat Indonesia | E117: 2 | F117: 0 | G117: 0 | H117: 0 | I117: 0 | J117: 0 | K117: 0 | L117: 0 | M117: 0 | N117: 1 | O117: 1 | P117: 0 | Q117: 0 | R117: 0 | S117: 1 | T117: 1 | U117: 0 | V117: 0 | W117: 0 | X117: 0 | Y117: 2 | Z117: 1 | AA117: 0 | AB117: 0 | AC117: =SUM(E117:AB117) -> 9
...

Sheet PARIJATAH KULON
C2: Kecamatan | D2: SRONO
C3: Kabupaten | D3: BANYUWANGI
C4: Provinsi | D4: JAWA TIMUR
C9: Kelurahan | D9: PARIJATAH KULON
A12: I | B12: DATA PEMILIH DAN PENGGUNAAN HAK PILIH | Y12: JUMLAH AKHIR
A13: A | B13: DATA PEMILIH | E13: TPS 001 | F13: TPS 002 | G13: TPS 003 | H13: TPS 004 | I13: TPS 005 | J13: TPS 006 | K13: TPS 007 | L13: TPS 008 | M13: TPS 009 | N13: TPS 010 | O13: TPS 011 | P13: TPS 012 | Q13: TPS 013 | R13: TPS 014 | S13: TPS 015 | T13: TPS 016 | U13: TPS 017 | V13: TPS 018 | W13: TPS 019 | X13: TPS 020
B14: Jumlah Pemilih dalam Daftar Pemilih Tetap (DPT) | D14: LK | E14: 152 | F14: 138 | G14: 145 | H14: 149 | I14: 142 | J14: 148 | K14: 142 | L14: 147 | M14: 149 | N14: 126 | O14: 121 | P14: 133 | Q14: 131 | R14: 112 | S14: 133 | T14: 143 | U14: 137 | V14: 118 | W14: 128 | X14: 128 | Y14: =SUM(E14:X14) -> 2722
D15: PR | E15: 118 | F15: 140 | G15: 138 | H15: 145 | I15: 128 | J15: 133 | K15: 146 | L15: 142 | M15: 141 | N15: 137 | O15: 125 | P15: 131 | Q15: 132 | R15: 108 | S15: 143 | T15: 139 | U15: 151 | V15: 126 | W15: 134 | X15: 131 | Y15: =SUM(E15:X15) -> 2688
D16: JML | E16: =SUM(E14:E15) -> 270 | F16: =SUM(F14:F15) -> 278 | G16: =SUM(G14:G15) -> 283 | H16: =SUM(H14:H15) -> 294 | I16: =SUM(I14:I15) -> 270 | J16: =SUM(J14:J15) -> 281 | K16: =SUM(K14:K15) -> 288 | L16: =SUM(L14:L15) -> 289 | ... X16: =SUM(X14:X15) -> 259 | Y16: =SUM(E16:X16) -> 5410
A18: B | B18: PENGGUNA HAK PILIH
