Workbook

Sheet DPRD PROVINSI
C8: Kecamatan | D8: PESANGGARAN
C9: Kabupaten | D9: BANYUWANGI
C10: Provinsi | D10: JAWA TIMUR
A12: I | B12: DATA PEMILIH DAN PENGGUNAAN HAK PILIH | E12: JUMLAH AKHIR
A13: A | B13: DATA PEMILIH
B14: Jumlah Pemilih dalam Daftar Pemilih Tetap (DPT) | D14: LK | E14: =KANDANGAN!AG14+PESANGGARAN!AZ14+SARONGAN!X14+SUMBERAGUNG!AX14+SUMBERMULYO!AB14 -> 21542
D15: PR | E15: =KANDANGAN!AG15+PESANGGARAN!AZ15+SARONGAN!X15+SUMBERAGUNG!AX15+SUMBERMULYO!AB15 -> 21455
D16: JML | E16: =SUM(E14:E15) -> 42997
A18: B | B18: PENGGUNA HAK PILIH
B19: 1. | C19: Jumlah pengguna hak pilih dalam Daftar Pemilih Tetap (DPT) | D19: LK | E19: =KANDANGAN!AG19+PESANGGARAN!AZ19+SARONGAN!X19+SUMBERAGUNG!AX19+SUMBERMULYO!AB19 -> 16156
D20: PR | E20: =KANDANGAN!AG20+PESANGGARAN!AZ20+SARONGAN!X20+SUMBERAGUNG!AX20+SUMBERMULYO!AB20 -> 16668
D21: JML | E21: =SUM(E19:E20) -> 32824
B22: 2. | C22: Jumlah pengguna hak pilih dalam Daftar Pemilih Tambahan (DPTb) | D22: LK | E22: =KANDANGAN!AG22+PESANGGARAN!AZ22+SARONGAN!X22+SUMBERAGUNG!AX22+SUMBERMULYO!AB22 -> 33
D23: PR | E23: =KANDANGAN!AG23+PESANGGARAN!AZ23+SARONGAN!X23+SUMBERAGUNG!AX23+SUMBERMULYO!AB23 -> 19
D24: JML | E24: =SUM(E22:E23) -> 52
B25: 3. | C25: Jumlah pengguna hak pilih dalam Daftar Pemilih Khusus (DPK) | D25: LK | E25: =KANDANGAN!AG25+PESANGGARAN!AZ25+SARONGAN!X25+SUMBERAGUNG!AX25+SUMBERMULYO!AB25 -> 291
D26: PR | E26: =KANDANGAN!AG26+PESANGGARAN!AZ26+SARONGAN!X26+SUMBERAGUNG!AX26+SUMBERMULYO!AB26 -> 311
D27: JML | E27: =SUM(E25:E26) -> 602
B28: 4. | C28: Jumlah Pengguna Hak Pilih (B.1+B.2+B.3) | D28: LK | E28: =E19+E22+E25 -> 16480
D29: PR | E29: =E20+E23+E26 -> 16998
D30: JML | E30: =SUM(E28:E29) -> 33478
A32: II | B32: DATA PENGGUNAAN SURAT SUARA
A33: 1 | B33: Jumlah surat suara yang diterima, termasuk surat suara cadangan 2,5% dari DPT | E33: =KANDANGAN!AG33+PESANGGARAN!AZ33+SARONGAN!X33+SUMBERAGUNG!AX33+SUMBERMULYO!AB33 -> 43944
A34: 2 | B34: Jumlah surat suara yang digunakan | E34: =KANDANGAN!AG34+PESANGGARAN!AZ34+SARONGAN!X34+SUMBERAGUNG!AX34+SUMBERMULYO!AB34 -> 33312
A35: 3 | B35: Jumlah surat suara dikembalikan oleh pemilih (karena rusak atau keliru coblos) | E35: =KANDANGAN!AG35+PESANGGARAN!AZ35+SARONGAN!X35+SUMBERAGUNG!AX35+SUMBERMULYO!AB35 -> 55
A36: 4 | B36: Jumlah surat suara yang tidak digunakan/tidak terpakai, termasuk sisa surat suara cadangan | E36: =E33-(E34+E35) -> 10577
A38: III | B38: DATA PEMILIH DISABILITAS
B39: Jumlah seluruh Pemilih disabilitas yang menggunakan hak pilih | D39: LK | E39: =KANDANGAN!AG39+PESANGGARAN!AZ39+SARONGAN!X39+SUMBERAGUNG!AX39+SUMBERMULYO!AB39 -> 24
D40: PR | E40: =KANDANGAN!AG40+PESANGGARAN!AZ40+SARONGAN!X40+SUMBERAGUNG!AX40+SUMBERMULYO!AB40 -> 19
D41: JML | E41: =SUM(E39:E40) -> 43
A43: IV | B43: DATA RINCIAN PEROLEHAN SUARA PASANGAN CALON BUPATI DAN WAKIL BUPATI
A44: NOMOR DAN NAMA CALON
A45: A.1 | B45: 1. | C45: Partai Kebangkitan Bangsa | E45: =KANDANGAN!AG45+PESANGGARAN!AZ45+SARONGAN!X45+SUMBERAGUNG!AX45+SUMBERMULYO!AB45 -> 1235
A46: A.2 | C46: 1. Dra. Hj. MA`MULAH HARUN, M.Pd.I. | E46: =KANDANGAN!AG46+PESANGGARAN!AZ46+SARONGAN!X46+SUMBERAGUNG!AX46+SUMBERMULYO!AB46 -> 2863
C47: 2. UBAIDILLAH, S.Fil.I. | E47: =KANDANGAN!AG47+PESANGGARAN!AZ47+SARONGAN!X47+SUMBERAGUNG!AX47+SUMBERMULYO!AB47 -> 458
C48: 3. Ir. H. YOYOK MULYADI, M.Si. | E48: =KANDANGAN!AG48+PESANGGARAN!AZ48+SARONGAN!X48+SUMBERAGUNG!AX48+SUMBERMULYO!AB48 -> 129
C49: 4. KHOIRUL ANWAR, S.Fil.I. | E49: =KANDANGAN!AG49+PESANGGARAN!AZ49+SARONGAN!X49+SUMBERAGUNG!AX49+SUMBERMULYO!AB49 -> 226
C50: 5. ARIF WIJAKSANA | E50: =KANDANGAN!AG50+PESANGGARAN!AZ50+SARONGAN!X50+SUMBERAGUNG!AX50+SUMBERMULYO!AB50 -> 221
C51: 6. Dr. SITI YUMNAH | E51: =KANDANGAN!AG51+PESANGGARAN!AZ51+SARONGAN!X51+SUMBERAGUNG!AX51+SUMBERMULYO!AB51 -> 93
C52: 7. MOHAMMAD ZAINI, M.Pd.I. | E52: =KANDANGAN!AG52+PESANGGARAN!AZ52+SARONGAN!X52+SUMBERAGUNG!AX52+SUMBERMULYO!AB52 -> 322
C53: 8. FAWAIDUL MAKKIYAH | E53: =KANDANGAN!AG53+PESANGGARAN!AZ53+SARONGAN!X53+SUMBERAGUNG!AX53+SUMBERMULYO!AB53 -> 39
C54: 9. IFFAH HIDAYATUR ROHMAH, S.Sos. | E54: =KANDANGAN!AG54+PESANGGARAN!AZ54+SARONGAN!X54+SUMBERAGUNG!AX54+SUMBERMULYO!AB54 -> 202
A55: B | B55: JUMLAH SUARA SAH PARTAI POLITIK DAN CALON (A1 + A2) | E55: =SUM(E45:E52) -> 5547
A57: A.1 | B57: 2. | C57: Partai Gerakan Indonesia Raya | E57: =KANDANGAN!AG57+PESANGGARAN!AZ57+SARONGAN!X57+SUMBERAGUNG!AX57+SUMBERMULYO!AB57 -> 1995
A58: A.2 | C58: 1. AHMAD HADINUDDIN, S.Pd.I. | E58: =KANDANGAN!AG58+PESANGGARAN!AZ58+SARONGAN!X58+SUMBERAGUNG!AX58+SUMBERMULYO!AB58 -> 1554
C59: 2. BIMA RAFSANJANI RAFID | E59: =KANDANGAN!AG59+PESANGGARAN!AZ59+SARONGAN!X59+SUMBERAGUNG!AX59+SUMBERMULYO!AB59 -> 786
C60: 3. IRA DAMAYANTI | E60: =KANDANGAN!AG60+PESANGGARAN!AZ60+SARONGAN!X60+SUMBERAGUNG!AX60+SUMBERMULYO!AB60 -> 473
C61: 4. MAULANA MALIK IBRAHIM, S.H. | E61: =KANDANGAN!AG61+PESANGGARAN!AZ61+SARONGAN!X61+SUMBERAGUNG!AX61+SUMBERMULYO!AB61 -> 920
C62: 5. LULUK ALFIATI | E62: =KANDANGAN!AG62+PESANGGARAN!AZ62+SARONGAN!X62+SUMBERAGUNG!AX62+SUMBERMULYO!AB62 -> 234
C63: 6. ILHAM WAHYUDI, S.H. | E63: =KANDANGAN!AG63+PESANGGARAN!AZ63+SARONGAN!X63+SUMBERAGUNG!AX63+SUMBERMULYO!AB63 -> 78
C64: 7. HAERUL ANWAR, S.Pd.I. | E64: =KANDANGAN!AG64+PESANGGARAN!AZ64+SARONGAN!X64+SUMBERAGUNG!AX64+SUMBERMULYO!AB64 -> 49
C65: 8. YOVI ADHITYA WARDANI | E65: =KANDANGAN!AG65+PESANGGARAN!AZ65+SARONGAN!X65+SUMBERAGUNG!AX65+SUMBERMULYO!AB65 -> 55
C66: 9. RITA AMELIA | E66: =KANDANGAN!AG66+PESANGGARAN!AZ66+SARONGAN!X66+SUMBERAGUNG!AX66+SUMBERMULYO!AB66 -> 113
A67: B | B67: JUMLAH SUARA SAH PARTAI POLITIK DAN CALON (A1 + A2) | E67: =SUM(E57:E64) -> 6089
A69: A.1 | B69: 3. | C69: Partai Demokrasi Indonesia Perjuangan | E69: =KANDANGAN!AG69+PESANGGARAN!AZ69+SARONGAN!X69+SUMBERAGUNG!AX69+SUMBERMULYO!AB69 -> 1925
A70: A.2 | C70: 1. MARTIN H., S.H., M.H. | E70: =KANDANGAN!AG70+PESANGGARAN!AZ70+SARONGAN!X70+SUMBERAGUNG!AX70+SUMBERMULYO!AB70 -> 1673
C71: 2. HERMANTO, S.E. | E71: =KANDANGAN!AG71+PESANGGARAN!AZ71+SARONGAN!X71+SUMBERAGUNG!AX71+SUMBERMULYO!AB71 -> 772
C72: 3. EVY SUSILAWATI, S.E., M.M. | E72: =KANDANGAN!AG72+PESANGGARAN!AZ72+SARONGAN!X72+SUMBERAGUNG!AX72+SUMBERMULYO!AB72 -> 544
C73: 4. M. SIROTTUDIN | E73: =KANDANGAN!AG73+PESANGGARAN!AZ73+SARONGAN!X73+SUMBERAGUNG!AX73+SUMBERMULYO!AB73 -> 371
C74: 5. ABDUL HAFID, S.H. | E74: =KANDANGAN!AG74+PESANGGARAN!AZ74+SARONGAN!X74+SUMBERAGUNG!AX74+SUMBERMULYO!AB74 -> 218
C75: 6. NIKITA FORTUNA SURYANINGATI, A.Md.Keb. | E75: =KANDANGAN!AG75+PESANGGARAN!AZ75+SARONGAN!X75+SUMBERAGUNG!AX75+SUMBERMULYO!AB75 -> 197
C76: 7. YUDHO ILHAM WIJAYA, S.E. | E76: =KANDANGAN!AG76+PESANGGARAN!AZ76+SARONGAN!X76+SUMBERAGUNG!AX76+SUMBERMULYO!AB76 -> 187
C77: 8. SETIAWATI, S.H. | E77: =KANDANGAN!AG77+PESANGGARAN!AZ77+SARONGAN!X77+SUMBERAGUNG!AX77+SUMBERMULYO!AB77 -> 124
C78: 9. EKO BUDI SANTOSO, S.H. | E78: =KANDANGAN!AG78+PESANGGARAN!AZ78+SARONGAN!X78+SUMBERAGUNG!AX78+SUMBERMULYO!AB78 -> 171
A79: B | B79: JUMLAH SUARA SAH PARTAI POLITIK DAN CALON (A1 + A2) | E79: =SUM(E69:E76) -> 5887
A81: A.1 | B81: 4. | C81: Partai Golongan Karya | E81: =KANDANGAN!AG81+PESANGGARAN!AZ81+SARONGAN!X81+SUMBERAGUNG!AX81+SUMBERMULYO!AB81 -> 818
A82: A.2 | C82: 1. PRANAYA YUDHA MAHARDHIKA | E82: =KANDANGAN!AG82+PESANGGARAN!AZ82+SARONGAN!X82+SUMBERAGUNG!AX82+SUMBERMULYO!AB82 -> 1118
C83: 2. Dra. Ec. ENDANG SULASTUTY, M.I.P. | E83: =KANDANGAN!AG83+PESANGGARAN!AZ83+SARONGAN!X83+SUMBERAGUNG!AX83+SUMBERMULYO!AB83 -> 293
C84: 3. AGUS REJEKI WARTONO | E84: =KANDANGAN!AG84+PESANGGARAN!AZ84+SARONGAN!X84+SUMBERAGUNG!AX84+SUMBERMULYO!AB84 -> 134
C85: 4. Hj. TUTUK ASMA'A ZUCHROH, S.T., M.T. | E85: =KANDANGAN!AG85+PESANGGARAN!AZ85+SARONGAN!X85+SUMBERAGUNG!AX85+SUMBERMULYO!AB85 -> 398
C86: 5. ADE M. RIZKI, S.E. | E86: =KANDANGAN!AG86+PESANGGARAN!AZ86+SARONGAN!X86+SUMBERAGUNG!AX86+SUMBERMULYO!AB86 -> 75
C87: 6. ABDURAKHMAN, Bc.Kn. | E87: =KANDANGAN!AG87+PESANGGARAN!AZ87+SARONGAN!X87+SUMBERAGUNG!AX87+SUMBERMULYO!AB87 -> 77
C88: 7. CENDY RHIYAN ADI PUTRI | E88: =KANDANGAN!AG88+PESANGGARAN!AZ88+SARONGAN!X88+SUMBERAGUNG!AX88+SUMBERMULYO!AB88 -> 29
C89: 8. BAKTI WIJAYANTO, S.E. | E89: =KANDANGAN!AG89+PESANGGARAN!AZ89+SARONGAN!X89+SUMBERAGUNG!AX89+SUMBERMULYO!AB89 -> 19
C90: 9. AHMAD UBAIDILLAH | E90: =KANDANGAN!AG90+PESANGGARAN!AZ90+SARONGAN!X90+SUMBERAGUNG!AX90+SUMBERMULYO!AB90 -> 42
A91: B | B91: JUMLAH SUARA SAH PARTAI POLITIK DAN CALON (A1 + A2) | E91: =SUM(E81:E88) -> 2942
A93: A.1 | B93: 5. | C93: Partai NasDem | E93: =KANDANGAN!AG93+PESANGGARAN!AZ93+SARONGAN!X93+SUMBERAGUNG!AX93+SUMBERMULYO!AB93 -> 286
A94: A.2 | C94: 1. ALI MUSTOFA, A.Md. | E94: =KANDANGAN!AG94+PESANGGARAN!AZ94+SARONGAN!X94+SUMBERAGUNG!AX94+SUMBERMULYO!AB94 -> 355
C95: 2. Hj. BUAMI, S.H. | E95: =KANDANGAN!AG95+PESANGGARAN!AZ95+SARONGAN!X95+SUMBERAGUNG!AX95+SUMBERMULYO!AB95 -> 77
C96: 3. SUGIONO, S.H. | E96: =KANDANGAN!AG96+PESANGGARAN!AZ96+SARONGAN!X96+SUMBERAGUNG!AX96+SUMBERMULYO!AB96 -> 61
C97: 4. LULUK SUNARMIATININGSIH | E97: =KANDANGAN!AG97+PESANGGARAN!AZ97+SARONGAN!X97+SUMBERAGUNG!AX97+SUMBERMULYO!AB97 -> 90
C98: 5. ANTON DJULIANTO ADI | E98: =KANDANGAN!AG98+PESANGGARAN!AZ98+SARONGAN!X98+SUMBERAGUNG!AX98+SUMBERMULYO!AB98 -> 45
C99: 6. MOKHAMAD ROFI'I KHUSNAN | E99: =KANDANGAN!AG99+PESANGGARAN!AZ99+SARONGAN!X99+SUMBERAGUNG!AX99+SUMBERMULYO!AB99 -> 12
C100: 7. Rr SETYO WATI | E100: =KANDANGAN!AG100+PESANGGARAN!AZ100+SARONGAN!X100+SUMBERAGUNG!AX100+SUMBERMULYO!AB100 -> 16
C101: 8. ABD. KADIR ASSEGAFF | E101: =KANDANGAN!AG101+PESANGGARAN!AZ101+SARONGAN!X101+SUMBERAGUNG!AX101+SUMBERMULYO!AB101 -> 18
C102: 9. FATHOR ZAINULLAH | E102: =KANDANGAN!AG102+PESANGGARAN!AZ102+SARONGAN!X102+SUMBERAGUNG!AX102+SUMBERMULYO!AB102 -> 7
A103: B | B103: JUMLAH SUARA SAH PARTAI POLITIK DAN CALON (A1 + A2) | E103: =SUM(E93:E100) -> 942
A105: A.1 | B105: 6. | C105: Partai Buruh | E105: =KANDANGAN!AG105+PESANGGARAN!AZ105+SARONGAN!X105+SUMBERAGUNG!AX105+SUMBERMULYO!AB105 -> 53
A106: A.2 | C106: 1. AGUS SUPRIYADI | E106: =KANDANGAN!AG106+PESANGGARAN!AZ106+SARONGAN!X106+SUMBERAGUNG!AX106+SUMBERMULYO!AB106 -> 55
C107: 2. ENI HARIATI | E107: =KANDANGAN!AG107+PESANGGARAN!AZ107+SARONGAN!X107+SUMBERAGUNG!AX107+SUMBERMULYO!AB107 -> 22
A115: B | B115: JUMLAH SUARA SAH PARTAI POLITIK DAN CALON (A1 + A2) | E115: =SUM(E105:E112) -> 130
A117: A.1 | B117: 7. | C117: Partai Gelombang Rakyat Indonesia | E117: =KANDANGAN!AG117+PESANGGARAN!AZ117+SARONGAN!X117+SUMBERAGUNG!AX117+SUMBERMULYO!AB117 -> 305
A118: A.2 | C118: 1. MIRZA MUHROSNI AROMA | E118: =KANDANGAN!AG118+PESANGGARAN!AZ118+SARONGAN!X118+SUMBERAGUNG!AX118+SUMBERMULYO!AB118 -> 83
C119: 2. ACHMAD BAGUS SUGIARTO | E119: =KANDANGAN!AG119+PESANGGARAN!AZ119+SARONGAN!X119+SUMBERAGUNG!AX119+SUMBERMULYO!AB119 -> 18
C120: 3. ELOK FITRIYA NINGSIH | E120: =KANDANGAN!AG120+PESANGGARAN!AZ120+SARONGAN!X120+SUMBERAGUNG!AX120+SUMBERMULYO!AB120 -> 27
C121: 4. MADI | E121: =KANDANGAN!AG121+PESANGGARAN!AZ121+SARONGAN!X121+SUMBERAGUNG!AX121+SUMBERMULYO!AB121 -> 8
C122: 5. LUKY PERMANASARI | E122: =KANDANGAN!AG122+PESANGGARAN!AZ122+SARONGAN!X122+SUMBERAGUNG!AX122+SUMBERMULYO!AB122 -> 17
A127: B | B127: JUMLAH SUARA SAH PARTAI POLITIK DAN CALON (A1 + A2) | E127: =SUM(E117:E120) -> 433
A129: A.1 | B129: 8. | C129: Partai Keadilan Sejahtera | E129: =KANDANGAN!AG129+PESANGGARAN!AZ129+SARONGAN!X129+SUMBERAGUNG!AX129+SUMBERMULYO!AB129 -> 54
A130: A.2 | C130: 1. H. IRWAN SETIAWAN | E130: =KANDANGAN!AG130+PESANGGARAN!AZ130+SARONGAN!X130+SUMBERAGUNG!AX130+SUMBERMULYO!AB130 -> 83
...

Sheet PESANGGARAN
C2: Kecamatan | D2: PESANGGARAN
C3: Kabupaten | D3: BANYUWANGI
C4: Provinsi | D4: JAWA TIMUR
C9: Kelurahan | D9: PESANGGARAN
A12: I | B12: DATA PEMILIH DAN PENGGUNAAN HAK PILIH | AZ12: JUMLAH AKHIR
A13: A | B13: DATA PEMILIH | E13: TPS 001 | F13: TPS 002 | G13: TPS 003 | H13: TPS 004 | I13: TPS 005 | J13: TPS 006 | K13: TPS 007 | L13: TPS 008 | M13: TPS 009 | N13: TPS 010 | O13: TPS 011 | P13: TPS 012 | Q13: TPS 013 | R13: TPS 014 | S13: TPS 015 | T13: TPS 016 | U13: TPS 017 | V13: TPS 018 | W13: TPS 019 | X13: TPS 020 | Y13: TPS 021 | Z13: TPS 022 | AA13: TPS 023 | AB13: TPS 024 | AC13: TPS 025 | AD13: TPS 026 | AE13: TPS 027 | AF13: TPS 028 | AG13: TPS 029 | AH13: TPS 030 | AI13: TPS 031 | AJ13: TPS 032 | AK13: TPS 033 | AL13: TPS 034 | AM13: TPS 035 | AN13: TPS 036 | AO13: TPS 037 | AP13: TPS 038 | AQ13: TPS 039 | AR13: TPS 040 | AS13: TPS 041 | AT13: TPS 042 | AU13: TPS 043 | AV13: TPS 044 | AW13: TPS 045 | AX13: TPS 046 | AY13: TPS 047
B14: Jumlah Pemilih dalam Daftar Pemilih Tetap (DPT) | D14: LK | E14: 138 | F14: 150 | G14: 141 | H14: 129 | I14: 146 | J14: 133 | K14: 83 | L14: 145 | M14: 142 | N14: 150 | O14: 147 | P14: 129 | Q14: 149 | R14: 134 | S14: 132 | T14: 136 | U14: 145 | V14: 131 | W14: 152 | X14: 155 | Y14: 115 | Z14: 109 | AA14: 205 | AB14: 127 | AC14: 144 | AD14: 128 | AE14: 118 | AF14: 129 | AG14: 118 | AH14: 144 | AI14: 112 | AJ14: 141 | AK14: 144 | AL14: 148 | AM14: 144 | AN14: 135 | AO14: 120 | AP14: 144 | AQ14: 142 | AR14: 146 | AS14: 130 | AT14: 132 | AU14: 128 | AV14: 134 | AW14: 146 | AX14: 146 | AY14: 125 | AZ14: =SUM(E14:AY14) -> 6421
D15: PR | E15: 141 | F15: 138 | G15: 130 | H15: 152 | I15: 151 | J15: 161 | K15: 83 | L15: 136 | M15: 135 | N15: 144 | O15: 142 | P15: 152 | Q15: 141 | R15: 132 | S15: 128 | T15: 157 | U15: 134 | V15: 126 | W15: 145 | X15: 140 | Y15: 107 | Z15: 113 | AA15: 94 | AB15: 130 | AC15: 149 | AD15: 144 | AE15: 126 | AF15: 111 | AG15: 126 | AH15: 136 | AI15: 109 | AJ15: 148 | AK15: 148 | AL15: 138 | AM15: 134 | AN15: 115 | AO15: 119 | AP15: 147 | AQ15: 153 | AR15: 142 | AS15: 148 | AT15: 160 | AU15: 157 | AV15: 160 | AW15: 146 | AX15: 144 | AY15: 145 | AZ15: =SUM(E15:AY15) -> 6417
D16: JML | E16: =SUM(E14:E15) -> 279 | F16: =SUM(F14:F15) -> 288 | G16: =SUM(G14:G15) -> 271 | H16: =SUM(H14:H15) -> 281 | I16: =SUM(I14:I15) -> 297 | J16: =SUM(J14:J15) -> 294 | K16: =SUM(K14:K15) -> 166 | L16: =SUM(L14:L15) -> 281 | ... AY16: =SUM(AY14:AY15) -> 270 | AZ16: =SUM(E16:AY16) -> 12838
A18: B | B18: PENGGUNA HAK PILIH
B19: 1. | C19: Jumlah pengguna hak pilih dalam Daftar Pemilih Tetap (DPT) | D19: LK | E19: 104 | F19: 115 | G19: 100 | H19: 90 | I19: 103 | J19: 97 | K19: 59 | L19: 108 | M19: 97 | N19: 106 | O19: 117 | P19: 90 | Q19: 113 | R19: 100 | S19: 109 | T19: 102 | U19: 105 | V19: 99 | W19: 119 | X19: 119 | Y19: 86 | Z19: 92 | AA19: 87 | AB19: 90 | AC19: 108 | AD19: 98 | AE19: 93 | AF19: 118 | AG19: 90 | AH19: 130 | AI19: 90 | AJ19: 106 | AK19: 107 | AL19: 114 | AM19: 114 | AN19: 103 | AO19: 96 | AP19: 108 | AQ19: 106 | AR19: 110 | AS19: 85 | AT19: 97 | AU19: 100 | AV19: 90 | AW19: 94 | AX19: 90 | AY19: 100 | AZ19: =SUM(E19:AY19) -> 4754
D20: PR | E20: 112 | F20: 119 | G20: 102 | H20: 111 | I20: 115 | J20: 122 | K20: 63 | L20: 110 | M20: 95 | N20: 116 | O20: 124 | P20: 107 | Q20: 111 | R20: 100 | S20: 103 | T20: 111 | U20: 97 | V20: 101 | W20: 113 | X20: 112 | Y20: 78 | Z20: 98 | AA20: 70 | AB20: 107 | AC20: 102 | AD20: 108 | AE20: 215 | AF20: 82 | AG20: 87 | AH20: 209 | AI20: 89 | AJ20: 107 | AK20: 110 | AL20: 100 | AM20: 103 | AN20: 92 | AO20: 92 | AP20: 118 | AQ20: 119 | AR20: 112 | AS20: 106 | AT20: 120 | AU20: 114 | AV20: 110 | AW20: 100 | AX20: 101 | AY20: 108 | AZ20: =SUM(E20:AY20) -> 5101
D21: JML | E21: =SUM(E19:E20) -> 216 | F21: =SUM(F19:F20) -> 234 | G21: =SUM(G19:G20) -> 202 | H21: =SUM(H19:H20) -> 201 | I21: =SUM(I19:I20) -> 218 | J21: =SUM(J19:J20) -> 219 | K21: =SUM(K19:K20) -> 122 | L21: =SUM(L19:L20) -> 218 | ... AY21: =SUM(AY19:AY20) -> 208 | AZ21: =SUM(E21:AY21) -> 9855
B22: 2. | C22: Jumlah pengguna hak pilih dalam Daftar Pemilih Tambahan (DPTb) | D22: LK | E22: 0 | F22: 0 | G22: 0 | H22: 0 | I22: 0 | J22: 0 | K22: 0 | L22: 0 | M22: 0 | N22: 0 | O22: 0 | P22: 1 | Q22: 0 | R22: 0 | S22: 0 | T22: 0 | U22: 0 | V22: 0 | W22: 0 | X22: 0 | Y22: 0 | Z22: 0 | AA22: 0 | AB22: 0 | AC22: 0 | AD22: 0 | AE22: 0 | AF22: 0 | AG22: 0 | AH22: 0 | AI22: 0 | AJ22: 2 | AK22: 0 | AL22: 0 | AM22: 0 | AN22: 0 | AO22: 0 | AP22: 0 | AQ22: 0 | AR22: 0 | AS22: 0 | AT22: 0 | AU22: 0 | AV22: 1 | AW22: 0 | AX22: 0 | AY22: 0 | AZ22: =SUM(E22:AY22) -> 4
D23: PR | E23: 0 | F23: 0 | G23: 0 | H23: 0 | I23: 0 | J23: 0 | K23: 0 | L23: 0 | M23: 0 | N23: 0 | O23: 0 | P23: 0 | Q23: 0 | R23: 0 | S23: 0 | T23: 0 | U23: 0 | V23: 0 | W23: 0 | X23: 0 | Y23: 0 | Z23: 0 | AA23: 0 | AB23: 0 | AC23: 0 | AD23: 1 | AE23: 0 | AF23: 0 | AG23: 0 | AH23: 0 | AI23: 0 | AJ23: 0 | AK23: 0 | AL23: 0 | AM23: 0 | AN23: 0 | AO23: 0 | AP23: 1 | AQ23: 0 | AR23: 1 | AS23: 0 | AT23: 0 | AU23: 0 | AV23: 0 | AW23: 0 | AX23: 0 | AY23: 0 | AZ23: =SUM(E23:AY23) -> 3
D24: JML | E24: =SUM(E22:E23) -> 0 | F24: =SUM(F22:F23) -> 0 | G24: =SUM(G22:G23) -> 0 | H24: =SUM(H22:H23) -> 0 | I24: =SUM(I22:I23) -> 0 | J24: =SUM(J22:J23) -> 0 | K24: =SUM(K22:K23) -> 0 | L24: =SUM(L22:L23) -> 0 | ... AY24: =SUM(AY22:AY23) -> 0 | AZ24: =SUM(E24:AY24) -> 7
B25: 3. | C25: Jumlah pengguna hak pilih dalam Daftar Pemilih Khusus (DPK) | D25: LK | E25: 3 | F25: 0 | G25: 1 | H25: 0 | I25: 1 | J25: 1 | K25: 0 | L25: 5 | M25: 2 | N25: 2 | O25: 0 | P25: 1 | Q25: 3 | R25: 0 | S25: 1 | T25: 2 | U25: 2 | V25: 2 | W25: 0 | X25: 3 | Y25: 0 | Z25: 1 | AA25: 0 | AB25: 1 | AC25: 1 | AD25: 0 | AE25: 0 | AF25: 0 | AG25: 0 | AH25: 4 | AI25: 0 | AJ25: 2 | AK25: 0 | AL25: 1 | AM25: 1 | AN25: 0 | AO25: 0 | AP25: 3 | AQ25: 2 | AR25: 1 | AS25: 5 | AT25: 4 | AU25: 3 | AV25: 3 | AW25: 1 | AX25: 1 | AY25: 3 | AZ25: =SUM(E25:AY25) -> 66
D26: PR | E26: 1 | F26: 0 | G26: 1 | H26: 4 | I26: 1 | J26: 1 | K26: 0 | L26: 2 | M26: 4 | N26: 1 | O26: 0 | P26: 1 | Q26: 3 | R26: 1 | S26: 0 | T26: 1 | U26: 3 | V26: 1 | W26: 0 | X26: 2 | Y26: 0 | Z26: 0 | AA26: 1 | AB26: 1 | AC26: 0 | AD26: 2 | AE26: 0 | AF26: 3 | AG26: 0 | AH26: 2 | AI26: 1 | AJ26: 0 | AK26: 0 | AL26: 2 | AM26: 0 | AN26: 0 | AO26: 0 | AP26: 2 | AQ26: 1 | AR26: 1 | AS26: 6 | AT26: 5 | AU26: 5 | AV26: 5 | AW26: 5 | AX26: 1 | AY26: 1 | AZ26: =SUM(E26:AY26) -> 71
D27: JML | E27: =SUM(E25:E26) -> 4 | F27: =SUM(F25:F26) -> 0 | G27: =SUM(G25:G26) -> 2 | H27: =SUM(H25:H26) -> 4 | I27: =SUM(I25:I26) -> 2 | J27: =SUM(J25:J26) -> 2 | K27: =SUM(K25:K26) -> 0 | L27: =SUM(L25:L26) -> 7 | ... AY27: =SUM(AY25:AY26) -> 4 | AZ27: =SUM(E27:AY27) -> 137
B28: 4. | C28: Jumlah Pengguna Hak Pilih (B.1+B.2+B.3) | D28: LK | E28: =SUM(E19,E22,E25) -> 107 | F28: =SUM(F19,F22,F25) -> 115 | G28: =SUM(G19,G22,G25) -> 101 | H28: =SUM(H19,H22,H25) -> 90 | I28: =SUM(I19,I22,I25) -> 104 | J28: =SUM(J19,J22,J25) -> 98 | K28: =SUM(K19,K22,K25) -> 59 | L28: =SUM(L19,L22,L25) -> 113 | ... AY28: =SUM(AY19,AY22,AY25) -> 103 | AZ28: =SUM(E28:AY28) -> 4824
D29: PR | E29: =SUM(E20,E23,E26) -> 113 | F29: =SUM(F20,F23,F26) -> 119 | G29: =SUM(G20,G23,G26) -> 103 | H29: =SUM(H20,H23,H26) -> 115 | I29: =SUM(I20,I23,I26) -> 116 | J29: =SUM(J20,J23,J26) -> 123 | K29: =SUM(K20,K23,K26) -> 63 | L29: =SUM(L20,L23,L26) -> 112 | ... AY29: =SUM(AY20,AY23,AY26) -> 109 | AZ29: =SUM(E29:AY29) -> 5175
D30: JML | E30: =SUM(E28:E29) -> 220 | F30: =SUM(F28:F29) -> 234 | G30: =SUM(G28:G29) -> 204 | H30: =SUM(H28:H29) -> 205 | I30: =SUM(I28:I29) -> 220 | J30: =SUM(J28:J29) -> 221 | K30: =SUM(K28:K29) -> 122 | L30: =SUM(L28:L29) -> 225 | ... AY30: =SUM(AY28:AY29) -> 212 | AZ30: =SUM(E30:AY30) -> 9999
A32: II | B32: DATA PENGGUNAAN SURAT SUARA
A33: 1 | B33: Jumlah surat suara yang diterima, termasuk surat suara cadangan 2,5% dari DPT | E33: 285 | F33: 294 | G33: 277 | H33: 287 | I33: 303 | J33: 300 | K33: 170 | L33: 285 | M33: 283 | N33: 300 | O33: 295 | P33: 287 | Q33: 296 | R33: 272 | S33: 276 | T33: 59 | U33: 245 | V33: 253 | W33: 303 | X33: 301 | Y33: 297 | Z33: 297 | AA33: 263 | AB33: 253 | AC33: 299 | AD33: 279 | AE33: 269 | AF33: 265 | AG33: 265 | AH33: 285 | AI33: 226 | AJ33: 295 | AK33: 298 | AL33: 292 | AM33: 284 | AN33: 255 | AO33: 244 | AP33: 298 | AQ33: 301 | AR33: 294 | AS33: 284 | AT33: 298 | AU33: 291 | AV33: 300 | AW33: 298 | AX33: 296 | AY33: 276 | AZ33: =SUM(E33:AY33) -> 12973
A34: 2 | B34: Jumlah surat suara yang digunakan | E34: 220 | F34: 234 | G34: 204 | H34: 205 | I34: 220 | J34: 221 | K34: 122 | L34: 225 | M34: 198 | N34: 225 | O34: 241 | P34: 200 | Q34: 230 | R34: 201 | S34: 213 | T34: 216 | U34: 207 | V34: 203 | W34: 232 | X34: 236 | Y34: 164 | Z34: 191 | AA34: 158 | AB34: 200 | AC34: 222 | AD34: 209 | AE34: 198 | AF34: 200 | AG34: 179 | AH34: 285 | AI34: 180 | AJ34: 217 | AK34: 217 | AL34: 217 | AM34: 218 | AN34: 195 | AO34: 188 | AP34: 232 | AQ34: 228 | AR34: 225 | AS34: 202 | AT34: 226 | AU34: 222 | AV34: 209 | AW34: 200 | AX34: 193 | AY34: 212 | AZ34: =SUM(E34:AY34) -> 9840
A35: 3 | B35: Jumlah surat suara dikembalikan oleh pemilih (karena rusak atau keliru coblos) | E35: 0 | F35: 0 | G35: 1 | H35: 0 | I35: 0 | J35: 0 | K35: 0 | L35: 1 | M35: 0 | N35: 0 | O35: 0 | P35: 0 | Q35: 0 | R35: 0 | S35: 0 | T35: 0 | U35: 0 | V35: 0 | W35: 0 | X35: 4 | Y35: 0 | Z35: 0 | AA35: 0 | AB35: 0 | AC35: 0 | AD35: 1 | AE35: 0 | AF35: 1 | AG35: 0 | AH35: 0 | AI35: 0 | AJ35: 0 | AK35: 3 | AL35: 0 | AM35: 0 | AN35: 0 | AO35: 0 | AP35: 0 | AQ35: 0 | AR35: 0 | AS35: 0 | AT35: 0 | AU35: 0 | AV35: 0 | AW35: 0 | AX35: 0 | AY35: 4 | AZ35: =SUM(E35:AY35) -> 15
A36: 4 | B36: Jumlah surat suara yang tidak digunakan/tidak terpakai, termasuk sisa surat suara cadangan | E36: =E33-(E34+E35) -> 65 | F36: =F33-(F34+F35) -> 60 | G36: =G33-(G34+G35) -> 72 | H36: =H33-(H34+H35) -> 82 | I36: =I33-(I34+I35) -> 83 | J36: =J33-(J34+J35) -> 79 | K36: =K33-(K34+K35) -> 48 | L36: =L33-(L34+L35) -> 59 | ... AY36: =AY33-(AY34+AY35) -> 60 | AZ36: =SUM(E36:AY36) -> 3118
A38: III | B38: DATA PEMILIH DISABILITAS
B39: Jumlah seluruh Pemilih disabilitas yang menggunakan hak pilih | D39: LK | E39: 0 | F39: 0 | G39: 0 | H39: 0 | I39: 0 | J39: 0 | K39: 0 | L39: 0 | M39: 0 | N39: 0 | O39: 0 | P39: 0 | Q39: 0 | R39: 0 | S39: 0 | T39: 0 | U39: 1 | V39: 1 | W39: 0 | X39: 0 | Y39: 0 | Z39: 2 | AA39: 0 | AB39: 1 | AC39: 0 | AD39: 0 | AE39: 0 | AF39: 0 | AG39: 0 | AH39: 0 | AI39: 0 | AJ39: 0 | AK39: 0 | AL39: 0 | AM39: 0 | AN39: 0 | AO39: 0 | AP39: 0 | AQ39: 1 | AR39: 0 | AS39: 1 | AT39: 0 | AU39: 0 | AV39: 0 | AW39: 0 | AX39: 0 | AY39: 0 | AZ39: =SUM(E39:AY39) -> 7
D40: PR | E40: 0 | F40: 0 | G40: 0 | H40: 0 | I40: 0 | J40: 0 | K40: 0 | L40: 0 | M40: 0 | N40: 0 | O40: 0 | P40: 0 | Q40: 0 | R40: 0 | S40: 1 | T40: 0 | U40: 0 | V40: 0 | W40: 0 | X40: 0 | Y40: 0 | Z40: 1 | AA40: 0 | AB40: 1 | AC40: 0 | AD40: 0 | AE40: 0 | AF40: 0 | AG40: 0 | AH40: 0 | AI40: 0 | AJ40: 0 | AK40: 0 | AL40: 0 | AM40: 0 | AN40: 0 | AO40: 0 | AP40: 0 | AQ40: 0 | AR40: 0 | AS40: 0 | AT40: 0 | AU40: 0 | AV40: 0 | AW40: 0 | AX40: 0 | AY40: 0 | AZ40: =SUM(E40:AY40) -> 3
D41: JML | E41: =SUM(E39:E40) -> 0 | F41: =SUM(F39:F40) -> 0 | G41: =SUM(G39:G40) -> 0 | H41: =SUM(H39:H40) -> 0 | I41: =SUM(I39:I40) -> 0 | J41: =SUM(J39:J40) -> 0 | K41: =SUM(K39:K40) -> 0 | L41: =SUM(L39:L40) -> 0 | ... AY41: =SUM(AY39:AY40) -> 0 | AZ41: =SUM(E41:AY41) -> 10
A43: IV | B43: DATA RINCIAN PEROLEHAN SUARA PASANGAN CALON BUPATI DAN WAKIL BUPATI
A44: NOMOR DAN NAMA CALON
A45: A.1 | B45: 1. | C45: Partai Kebangkitan Bangsa | E45: 15 | F45: 7 | G45: 12 | H45: 6 | I45: 15 | J45: 13 | K45: 11 | L45: 9 | M45: 3 | N45: 4 | O45: 10 | P45: 10 | Q45: 7 | R45: 13 | S45: 7 | T45: 6 | U45: 7 | V45: 10 | W45: 8 | X45: 12 | Y45: 1 | Z45: 2 | AA45: 4 | AB45: 3 | AC45: 8 | AD45: 17 | AE45: 7 | AF45: 0 | AG45: 7 | AH45: 10 | AI45: 6 | AJ45: 4 | AK45: 5 | AL45: 13 | AM45: 4 | AN45: 5 | AO45: 4 | AP45: 7 | AQ45: 8 | AR45: 10 | AS45: 8 | AT45: 10 | AU45: 11 | AV45: 3 | AW45: 9 | AX45: 5 | AY45: 8 | AZ45: =SUM(E45:AY45) -> 364
A46: A.2 | C46: 1. Dra. Hj. MA`MULAH HARUN, M.Pd.I. | E46: 10 | F46: 20 | G46: 10 | H46: 20 | I46: 16 | J46: 18 | K46: 5 | L46: 13 | M46: 11 | N46: 15 | O46: 6 | P46: 31 | Q46: 11 | R46: 19 | S46: 4 | T46: 24 | U46: 19 | V46: 3 | W46: 10 | X46: 6 | Y46: 2 | Z46: 5 | AA46: 1 | AB46: 6 | AC46: 7 | AD46: 14 | AE46: 2 | AF46: 1 | AG46: 8 | AH46: 19 | AI46: 19 | AJ46: 15 | AK46: 37 | AL46: 27 | AM46: 5 | AN46: 3 | AO46: 31 | AP46: 31 | AQ46: 14 | AR46: 36 | AS46: 16 | AT46: 8 | AU46: 9 | AV46: 8 | AW46: 15 | AX46: 3 | AY46: 12 | AZ46: =SUM(E46:AY46) -> 625
C47: 2. UBAIDILLAH, S.Fil.I. | E47: 6 | F47: 1 | G47: 3 | H47: 1 | I47: 3 | J47: 24 | K47: 31 | L47: 1 | M47: 9 | N47: 2 | O47: 2 | P47: 2 | Q47: 1 | R47: 2 | S47: 1 | T47: 2 | U47: 8 | V47: 1 | W47: 1 | X47: 0 | Y47: 1 | Z47: 1 | AA47: 0 | AB47: 0 | AC47: 2 | AD47: 5 | AE47: 3 | AF47: 0 | AG47: 2 | AH47: 44 | AI47: 9 | AJ47: 4 | AK47: 3 | AL47: 2 | AM47: 2 | AN47: 0 | AO47: 4 | AP47: 5 | AQ47: 1 | AR47: 3 | AS47: 2 | AT47: 4 | AU47: 0 | AV47: 0 | AW47: 1 | AX47: 1 | AY47: 2 | AZ47: =SUM(E47:AY47) -> 202
C48: 3. Ir. H. YOYOK MULYADI, M.Si. | E48: 1 | F48: 1 | G48: 2 | H48: 1 | I48: 3 | J48: 1 | K48: 1 | L48: 1 | M48: 0 | N48: 1 | O48: 0 | P48: 1 | Q48: 1 | R48: 3 | S48: 0 | T48: 0 | U48: 1 | V48: 1 | W48: 1 | X48: 1 | Y48: 0 | Z48: 0 | AA48: 0 | AB48: 0 | AC48: 0 | AD48: 2 | AE48: 1 | AF48: 0 | AG48: 1 | AH48: 0 | AI48: 0 | AJ48: 0 | AK48: 0 | AL48: 0 | AM48: 1 | AN48: 0 | AO48: 2 | AP48: 1 | AQ48: 0 | AR48: 2 | AS48: 0 | AT48: 0 | AU48: 1 | AV48: 1 | AW48: 1 | AX48: 1 | AY48: 0 | AZ48: =SUM(E48:AY48) -> 35
C49: 4. KHOIRUL ANWAR, S.Fil.I. | E49: 0 | F49: 2 | G49: 2 | H49: 2 | I49: 1 | J49: 1 | K49: 0 | L49: 1 | M49: 0 | N49: 5 | O49: 0 | P49: 0 | Q49: 1 | R49: 2 | S49: 1 | T49: 1 | U49: 3 | V49: 1 | W49: 1 | X49: 0 | Y49: 0 | Z49: 1 | AA49: 1 | AB49: 1 | AC49: 0 | AD49: 1 | AE49: 1 | AF49: 1 | AG49: 1 | AH49: 2 | AI49: 1 | AJ49: 1 | AK49: 1 | AL49: 1 | AM49: 1 | AN49: 0 | AO49: 2 | AP49: 1 | AQ49: 2 | AR49: 4 | AS49: 1 | AT49: 1 | AU49: 1 | AV49: 2 | AW49: 1 | AX49: 1 | AY49: 0 | AZ49: =SUM(E49:AY49) -> 54
C50: 5. ARIF WIJAKSANA | E50: 0 | F50: 1 | G50: 1 | H50: 0 | I50: 2 | J50: 2 | K50: 0 | L50: 4 | M50: 0 | N50: 1 | O50: 0 | P50: 2 | Q50: 3 | R50: 2 | S50: 2 | T50: 0 | U50: 0 | V50: 1 | W50: 0 | X50: 0 | Y50: 2 | Z50: 2 | AA50: 1 | AB50: 6 | AC50: 0 | AD50: 1 | AE50: 0 | AF50: 0 | AG50: 0 | AH50: 0 | AI50: 1 | AJ50: 2 | AK50: 1 | AL50: 3 | AM50: 2 | AN50: 0 | AO50: 5 | AP50: 2 | AQ50: 0 | AR50: 0 | AS50: 1 | AT50: 0 | AU50: 0 | AV50: 0 | AW50: 3 | AX50: 0 | AY50: 0 | AZ50: =SUM(E50:AY50) -> 53
C51: 6. Dr. SITI YUMNAH | E51: 1 | F51: 5 | G51: 2 | H51: 3 | I51: 0 | J51: 0 | K51: 0 | L51: 0 | M51: 0 | N51: 0 | O51: 2 | P51: 0 | Q51: 0 | R51: 0 | S51: 0 | T51: 1 | U51: 0 | V51: 0 | W51: 1 | X51: 0 | Y51: 1 | Z51: 0 | AA51: 0 | AB51: 0 | AC51: 2 | AD51: 1 | AE51: 3 | AF51: 2 | AG51: 0 | AH51: 1 | AI51: 0 | AJ51: 0 | AK51: 1 | AL51: 2 | AM51: 1 | AN51: 1 | AO51: 0 | AP51: 0 | AQ51: 1 | AR51: 1 | AS51: 1 | AT51: 0 | AU51: 1 | AV51: 0 | AW51: 1 | AX51: 1 | AY51: 0 | AZ51: =SUM(E51:AY51) -> 36
C52: 7. MOHAMMAD ZAINI, M.Pd.I. | E52: 2 | F52: 0 | G52: 3 | H52: 2 | I52: 3 | J52: 1 | K52: 4 | L52: 5 | M52: 5 | N52: 1 | O52: 3 | P52: 2 | Q52: 4 | R52: 2 | S52: 3 | T52: 1 | U52: 3 | V52: 1 | W52: 2 | X52: 1 | Y52: 2 | Z52: 2 | AA52: 2 | AB52: 1 | AC52: 3 | AD52: 0 | AE52: 7 | AF52: 0 | AG52: 2 | AH52: 2 | AI52: 5 | AJ52: 2 | AK52: 2 | AL52: 2 | AM52: 2 | AN52: 1 | AO52: 2 | AP52: 4 | AQ52: 2 | AR52: 3 | AS52: 3 | AT52: 0 | AU52: 2 | AV52: 2 | AW52: 2 | AX52: 1 | AY52: 2 | AZ52: =SUM(E52:AY52) -> 106
C53: 8. FAWAIDUL MAKKIYAH | E53: 0 | F53: 0 | G53: 0 | H53: 0 | I53: 0 | J53: 2 | K53: 1 | L53: 0 | M53: 0 | N53: 0 | O53: 0 | P53: 1 | Q53: 0 | R53: 2 | S53: 0 | T53: 0 | U53: 0 | V53: 0 | W53: 0 | X53: 0 | Y53: 1 | Z53: 0 | AA53: 1 | AB53: 0 | AC53: 0 | AD53: 1 | AE53: 1 | AF53: 0 | AG53: 0 | AH53: 0 | AI53: 1 | AJ53: 0 | AK53: 0 | AL53: 1 | AM53: 0 | AN53: 0 | AO53: 0 | AP53: 0 | AQ53: 0 | AR53: 0 | AS53: 0 | AT53: 1 | AU53: 0 | AV53: 0 | AW53: 0 | AX53: 0 | AY53: 0 | AZ53: =SUM(E53:AY53) -> 13
C54: 9. IFFAH HIDAYATUR ROHMAH, S.Sos. | E54: 0 | F54: 3 | G54: 1 | H54: 3 | I54: 1 | J54: 1 | K54: 0 | L54: 2 | M54: 1 | N54: 0 | O54: 3 | P54: 0 | Q54: 0 | R54: 3 | S54: 0 | T54: 0 | U54: 0 | V54: 0 | W54: 1 | X54: 2 | Y54: 0 | Z54: 0 | AA54: 0 | AB54: 2 | AC54: 1 | AD54: 0 | AE54: 1 | AF54: 0 | AG54: 1 | AH54: 0 | AI54: 3 | AJ54: 1 | AK54: 2 | AL54: 1 | AM54: 3 | AN54: 1 | AO54: 3 | AP54: 5 | AQ54: 0 | AR54: 4 | AS54: 1 | AT54: 3 | AU54: 1 | AV54: 0 | AW54: 1 | AX54: 1 | AY54: 0 | AZ54: =SUM(E54:AY54) -> 56
A55: B | B55: JUMLAH SUARA SAH PARTAI POLITIK DAN CALON (A1 + A2) | E55: =SUM(E45:E54) -> 35 | F55: =SUM(F45:F54) -> 40 | G55: =SUM(G45:G54) -> 36 | H55: =SUM(H45:H54) -> 38 | I55: =SUM(I45:I54) -> 44 | J55: =SUM(J45:J54) -> 63 | K55: =SUM(K45:K54) -> 53 | L55: =SUM(L45:L54) -> 36 | ... AZ55: =SUM(AZ45:AZ54) -> 1544
A57: A.1 | B57: 2. | C57: Partai Gerakan Indonesia Raya | E57: 18 | F57: 19 | G57: 13 | H57: 14 | I57: 17 | J57: 8 | K57: 10 | L57: 9 | M57: 5 | N57: 19 | O57: 7 | P57: 11 | Q57: 21 | R57: 10 | S57: 9 | T57: 4 | U57: 18 | V57: 18 | W57: 13 | X57: 15 | Y57: 17 | Z57: 22 | AA57: 6 | AB57: 8 | AC57: 13 | AD57: 11 | AE57: 3 | AF57: 4 | AG57: 8 | AH57: 13 | AI57: 12 | AJ57: 10 | AK57: 9 | AL57: 13 | AM57: 10 | AN57: 7 | AO57: 13 | AP57: 14 | AQ57: 13 | AR57: 11 | AS57: 13 | AT57: 7 | AU57: 9 | AV57: 5 | AW57: 10 | AX57: 21 | AY57: 20 | AZ57: =SUM(E57:AY57) -> 560
A58: A.2 | C58: 1. AHMAD HADINUDDIN, S.Pd.I. | E58: 7 | F58: 9 | G58: 9 | H58: 8 | I58: 6 | J58: 4 | K58: 2 | L58: 7 | M58: 7 | N58: 9 | O58: 4 | P58: 3 | Q58: 11 | R58: 10 | S58: 5 | T58: 19 | U58: 45 | V58: 60 | W58: 14 | X58: 1 | Y58: 4 | Z58: 11 | AA58: 2 | AB58: 6 | AC58: 9 | AD58: 9 | AE58: 4 | AF58: 0 | AG58: 7 | AH58: 10 | AI58: 10 | AJ58: 18 | AK58: 7 | AL58: 6 | AM58: 9 | AN58: 8 | AO58: 5 | AP58: 14 | AQ58: 9 | AR58: 16 | AS58: 8 | AT58: 6 | AU58: 5 | AV58: 4 | AW58: 9 | AX58: 9 | AY58: 3 | AZ58: =SUM(E58:AY58) -> 448
C59: 2. BIMA RAFSANJANI RAFID | E59: 7 | F59: 8 | G59: 4 | H59: 2 | I59: 3 | J59: 2 | K59: 1 | L59: 2 | M59: 1 | N59: 8 | O59: 5 | P59: 9 | Q59: 2 | R59: 2 | S59: 7 | T59: 3 | U59: 6 | V59: 1 | W59: 4 | X59: 4 | Y59: 15 | Z59: 17 | AA59: 10 | AB59: 3 | AC59: 3 | AD59: 3 | AE59: 2 | AF59: 3 | AG59: 3 | AH59: 5 | AI59: 6 | AJ59: 3 | AK59: 9 | AL59: 5 | AM59: 2 | AN59: 5 | AO59: 8 | AP59: 13 | AQ59: 11 | AR59: 1 | AS59: 5 | AT59: 3 | AU59: 5 | AV59: 2 | AW59: 2 | AX59: 5 | AY59: 5 | AZ59: =SUM(E59:AY59) -> 235
C60: 3. IRA DAMAYANTI | E60: 6 | F60: 2 | G60: 1 | H60: 2 | I60: 2 | J60: 1 | K60: 1 | L60: 8 | M60: 6 | N60: 8 | O60: 8 | P60: 4 | Q60: 5 | R60: 1 | S60: 2 | T60: 2 | U60: 1 | V60: 2 | W60: 5 | X60: 4 | Y60: 5 | Z60: 6 | AA60: 6 | AB60: 5 | AC60: 2 | AD60: 4 | AE60: 1 | AF60: 0 | AG60: 5 | AH60: 2 | AI60: 2 | AJ60: 0 | AK60: 1 | AL60: 2 | AM60: 7 | AN60: 4 | AO60: 1 | AP60: 1 | AQ60: 5 | AR60: 1 | AS60: 3 | AT60: 1 | AU60: 3 | AV60: 0 | AW60: 5 | AX60: 1 | AY60: 5 | AZ60: =SUM(E60:AY60) -> 149
C61: 4. MAULANA MALIK IBRAHIM, S.H. | E61: 6 | F61: 7 | G61: 6 | H61: 10 | I61: 3 | J61: 6 | K61: 1 | L61: 7 | M61: 7 | N61: 14 | O61: 4 | P61: 2 | Q61: 3 | R61: 5 | S61: 3 | T61: 2 | U61: 3 | V61: 5 | W61: 4 | X61: 3 | Y61: 1 | Z61: 3 | AA61: 7 | AB61: 3 | AC61: 4 | AD61: 3 | AE61: 0 | AF61: 0 | AG61: 1 | AH61: 0 | AI61: 0 | AJ61: 2 | AK61: 2 | AL61: 2 | AM61: 6 | AN61: 0 | AO61: 1 | AP61: 8 | AQ61: 9 | AR61: 28 | AS61: 3 | AT61: 3 | AU61: 1 | AV61: 12 | AW61: 10 | AX61: 29 | AY61: 5 | AZ61: =SUM(E61:AY61) -> 244
C62: 5. LULUK ALFIATI | E62: 2 | F62: 2 | G62: 4 | H62: 1 | I62: 1 | J62: 2 | K62: 1 | L62: 2 | M62: 3 | N62: 2 | O62: 0 | P62: 2 | Q62: 1 | R62: 2 | S62: 4 | T62: 2 | U62: 0 | V62: 0 | W62: 1 | X62: 4 | Y62: 3 | Z62: 3 | AA62: 0 | AB62: 1 | AC62: 3 | AD62: 0 | AE62: 1 | AF62: 0 | AG62: 2 | AH62: 1 | AI62: 1 | AJ62: 1 | AK62: 0 | AL62: 3 | AM62: 3 | AN62: 1 | AO62: 0 | AP62: 4 | AQ62: 3 | AR62: 0 | AS62: 4 | AT62: 0 | AU62: 1 | AV62: 1 | AW62: 1 | AX62: 3 | AY62: 1 | AZ62: =SUM(E62:AY62) -> 77
C63: 6. ILHAM WAHYUDI, S.H. | E63: 0 | F63: 1 | G63: 1 | H63: 0 | I63: 2 | J63: 1 | K63: 0 | L63: 1 | M63: 0 | N63: 2 | O63: 0 | P63: 0 | Q63: 0 | R63: 0 | S63: 0 | T63: 0 | U63: 0 | V63: 3 | W63: 1 | X63: 0 | Y63: 0 | Z63: 1 | AA63: 0 | AB63: 0 | AC63: 0 | AD63: 0 | AE63: 1 | AF63: 0 | AG63: 0 | AH63: 1 | AI63: 1 | AJ63: 0 | AK63: 0 | AL63: 0 | AM63: 1 | AN63: 2 | AO63: 0 | AP63: 2 | AQ63: 0 | AR63: 0 | AS63: 1 | AT63: 1 | AU63: 0 | AV63: 2 | AW63: 0 | AX63: 0 | AY63: 1 | AZ63: =SUM(E63:AY63) -> 26
C64: 7. HAERUL ANWAR, S.Pd.I. | E64: 0 | F64: 0 | G64: 1 | H64: 0 | I64: 0 | J64: 0 | K64: 1 | L64: 0 | M64: 0 | N64: 1 | O64: 0 | P64: 0 | Q64: 0 | R64: 1 | S64: 0 | T64: 1 | U64: 0 | V64: 0 | W64: 1 | X64: 0 | Y64: 0 | Z64: 3 | AA64: 0 | AB64: 0 | AC64: 0 | AD64: 0 | AE64: 0 | AF64: 0 | AG64: 0 | AH64: 2 | AI64: 0 | AJ64: 0 | AK64: 0 | AL64: 0 | AM64: 2 | AN64: 0 | AO64: 0 | AP64: 1 | AQ64: 1 | AR64: 0 | AS64: 0 | AT64: 3 | AU64: 1 | AV64: 0 | AW64: 0 | AX64: 1 | AY64: 0 | AZ64: =SUM(E64:AY64) -> 20
C65: 8. YOVI ADHITYA WARDANI | E65: 0 | F65: 0 | G65: 1 | H65: 1 | I65: 2 | J65: 1 | K65: 0 | L65: 2 | M65: 1 | N65: 1 | O65: 1 | P65: 0 | Q65: 0 | R65: 1 | S65: 0 | T65: 0 | U65: 1 | V65: 0 | W65: 0 | X65: 0 | Y65: 1 | Z65: 0 | AA65: 0 | AB65: 0 | AC65: 2 | AD65: 0 | AE65: 0 | AF65: 0 | AG65: 1 | AH65: 0 | AI65: 0 | AJ65: 0 | AK65: 1 | AL65: 0 | AM65: 0 | AN65: 1 | AO65: 0 | AP65: 1 | AQ65: 1 | AR65: 0 | AS65: 0 | AT65: 0 | AU65: 0 | AV65: 1 | AW65: 0 | AX65: 0 | AY65: 1 | AZ65: =SUM(E65:AY65) -> 22
C66: 9. RITA AMELIA | E66: 0 | F66: 1 | G66: 0 | H66: 1 | I66: 2 | J66: 2 | K66: 0 | L66: 0 | M66: 0 | N66: 1 | O66: 3 | P66: 2 | Q66: 2 | R66: 0 | S66: 2 | T66: 1 | U66: 1 | V66: 1 | W66: 1 | X66: 0 | Y66: 0 | Z66: 3 | AA66: 1 | AB66: 2 | AC66: 2 | AD66: 0 | AE66: 0 | AF66: 0 | AG66: 1 | AH66: 0 | AI66: 1 | AJ66: 0 | AK66: 0 | AL66: 0 | AM66: 0 | AN66: 0 | AO66: 0 | AP66: 1 | AQ66: 0 | AR66: 0 | AS66: 1 | AT66: 1 | AU66: 0 | AV66: 0 | AW66: 2 | AX66: 2 | AY66: 4 | AZ66: =SUM(E66:AY66) -> 41
A67: B | B67: JUMLAH SUARA SAH PARTAI POLITIK DAN CALON (A1 + A2) | E67: =SUM(E57:E66) -> 46 | F67: =SUM(F57:F66) -> 49 | G67: =SUM(G57:G66) -> 40 | H67: =SUM(H57:H66) -> 39 | I67: =SUM(I57:I66) -> 38 | J67: =SUM(J57:J66) -> 27 | K67: =SUM(K57:K66) -> 17 | L67: =SUM(L57:L66) -> 38 | ... AZ67: =SUM(AZ57:AZ66) -> 1822
A69: A.1 | B69: 3. | C69: Partai Demokrasi Indonesia Perjuangan | E69: 8 | F69: 19 | G69: 13 | H69: 8 | I69: 16 | J69: 14 | K69: 8 | L69: 16 | M69: 19 | N69: 13 | O69: 31 | P69: 8 | Q69: 9 | R69: 7 | S69: 14 | T69: 18 | U69: 8 | V69: 8 | W69: 21 | X69: 20 | Y69: 8 | Z69: 12 | AA69: 26 | AB69: 16 | AC69: 22 | AD69: 12 | AE69: 4 | AF69: 6 | AG69: 13 | AH69: 7 | AI69: 9 | AJ69: 12 | AK69: 11 | AL69: 9 | AM69: 22 | AN69: 27 | AO69: 13 | AP69: 4 | AQ69: 6 | AR69: 15 | AS69: 17 | AT69: 12 | AU69: 3 | AV69: 15 | AW69: 6 | AX69: 20 | AY69: 19 | AZ69: =SUM(E69:AY69) -> 624
A70: A.2 | C70: 1. MARTIN H., S.H., M.H. | E70: 4 | F70: 3 | G70: 3 | H70: 9 | I70: 8 | J70: 12 | K70: 5 | L70: 13 | M70: 20 | N70: 7 | O70: 23 | P70: 5 | Q70: 6 | R70: 1 | S70: 12 | T70: 17 | U70: 10 | V70: 10 | W70: 35 | X70: 72 | Y70: 13 | Z70: 6 | AA70: 17 | AB70: 9 | AC70: 12 | AD70: 14 | AE70: 30 | AF70: 73 | AG70: 11 | AH70: 3 | AI70: 5 | AJ70: 7 | AK70: 9 | AL70: 4 | AM70: 11 | AN70: 22 | AO70: 4 | AP70: 6 | AQ70: 11 | AR70: 18 | AS70: 15 | AT70: 16 | AU70: 5 | AV70: 10 | AW70: 24 | AX70: 8 | AY70: 36 | AZ70: =SUM(E70:AY70) -> 674
C71: 2. HERMANTO, S.E. | E71: 4 | F71: 4 | G71: 0 | H71: 1 | I71: 5 | J71: 3 | K71: 7 | L71: 13 | M71: 6 | N71: 5 | O71: 2 | P71: 6 | Q71: 7 | R71: 9 | S71: 9 | T71: 3 | U71: 2 | V71: 8 | W71: 6 | X71: 9 | Y71: 0 | Z71: 8 | AA71: 4 | AB71: 13 | AC71: 5 | AD71: 3 | AE71: 7 | AF71: 2 | AG71: 6 | AH71: 4 | AI71: 4 | AJ71: 4 | AK71: 7 | AL71: 5 | AM71: 6 | AN71: 6 | AO71: 4 | AP71: 1 | AQ71: 7 | AR71: 1 | AS71: 6 | AT71: 9 | AU71: 11 | AV71: 3 | AW71: 2 | AX71: 4 | AY71: 4 | AZ71: =SUM(E71:AY71) -> 245
C72: 3. EVY SUSILAWATI, S.E., M.M. | E72: 3 | F72: 0 | G72: 1 | H72: 2 | I72: 11 | J72: 3 | K72: 2 | L72: 3 | M72: 5 | N72: 1 | O72: 4 | P72: 1 | Q72: 2 | R72: 3 | S72: 4 | T72: 6 | U72: 3 | V72: 2 | W72: 5 | X72: 4 | Y72: 2 | Z72: 3 | AA72: 2 | AB72: 3 | AC72: 2 | AD72: 2 | AE72: 2 | AF72: 2 | AG72: 4 | AH72: 2 | AI72: 3 | AJ72: 4 | AK72: 5 | AL72: 4 | AM72: 8 | AN72: 9 | AO72: 5 | AP72: 2 | AQ72: 10 | AR72: 3 | AS72: 4 | AT72: 2 | AU72: 4 | AV72: 4 | AW72: 3 | AX72: 5 | AY72: 3 | AZ72: =SUM(E72:AY72) -> 167
C73: 4. M. SIROTTUDIN | E73: 3 | F73: 1 | G73: 3 | H73: 0 | I73: 11 | J73: 1 | K73: 0 | L73: 4 | M73: 0 | N73: 2 | O73: 4 | P73: 2 | Q73: 0 | R73: 0 | S73: 6 | T73: 11 | U73: 1 | V73: 4 | W73: 1 | X73: 8 | Y73: 3 | Z73: 0 | AA73: 2 | AB73: 3 | AC73: 3 | AD73: 4 | AE73: 2 | AF73: 0 | AG73: 1 | AH73: 5 | AI73: 1 | AJ73: 12 | AK73: 6 | AL73: 5 | AM73: 10 | AN73: 20 | AO73: 8 | AP73: 3 | AQ73: 0 | AR73: 1 | AS73: 3 | AT73: 1 | AU73: 0 | AV73: 0 | AW73: 2 | AX73: 7 | AY73: 1 | AZ73: =SUM(E73:AY73) -> 165
C74: 5. ABDUL HAFID, S.H. | E74: 0 | F74: 1 | G74: 1 | H74: 0 | I74: 3 | J74: 1 | K74: 0 | L74: 1 | M74: 3 | N74: 2 | O74: 1 | P74: 0 | Q74: 0 | R74: 1 | S74: 1 | T74: 2 | U74: 2 | V74: 1 | W74: 4 | X74: 2 | Y74: 2 | Z74: 5 | AA74: 3 | AB74: 1 | AC74: 0 | AD74: 0 | AE74: 0 | AF74: 2 | AG74: 0 | AH74: 1 | AI74: 1 | AJ74: 0 | AK74: 3 | AL74: 3 | AM74: 4 | AN74: 5 | AO74: 1 | AP74: 1 | AQ74: 0 | AR74: 0 | AS74: 2 | AT74: 1 | AU74: 1 | AV74: 1 | AW74: 2 | AX74: 1 | AY74: 0 | AZ74: =SUM(E74:AY74) -> 66
C75: 6. NIKITA FORTUNA SURYANINGATI, A.Md.Keb. | E75: 2 | F75: 2 | G75: 1 | H75: 1 | I75: 2 | J75: 0 | K75: 1 | L75: 3 | M75: 4 | N75: 1 | O75: 2 | P75: 0 | Q75: 2 | R75: 1 | S75: 2 | T75: 3 | U75: 0 | V75: 0 | W75: 1 | X75: 2 | Y75: 4 | Z75: 0 | AA75: 3 | AB75: 2 | AC75: 3 | AD75: 1 | AE75: 1 | AF75: 0 | AG75: 0 | AH75: 0 | AI75: 0 | AJ75: 3 | AK75: 3 | AL75: 3 | AM75: 2 | AN75: 5 | AO75: 5 | AP75: 2 | AQ75: 1 | AR75: 1 | AS75: 0 | AT75: 2 | AU75: 0 | AV75: 6 | AW75: 1 | AX75: 0 | AY75: 3 | AZ75: =SUM(E75:AY75) -> 81
C76: 7. YUDHO ILHAM WIJAYA, S.E. | E76: 2 | F76: 0 | G76: 1 | H76: 0 | I76: 3 | J76: 0 | K76: 0 | L76: 6 | M76: 3 | N76: 0 | O76: 0 | P76: 0 | Q76: 0 | R76: 0 | S76: 5 | T76: 4 | U76: 1 | V76: 3 | W76: 0 | X76: 3 | Y76: 10 | Z76: 12 | AA76: 12 | AB76: 8 | AC76: 1 | AD76: 0 | AE76: 1 | AF76: 0 | AG76: 1 | AH76: 0 | AI76: 0 | AJ76: 0 | AK76: 6 | AL76: 9 | AM76: 16 | AN76: 3 | AO76: 5 | AP76: 0 | AQ76: 0 | AR76: 1 | AS76: 0 | AT76: 3 | AU76: 0 | AV76: 0 | AW76: 0 | AX76: 0 | AY76: 2 | AZ76: =SUM(E76:AY76) -> 121
C77: 8. SETIAWATI, S.H. | E77: 0 | F77: 2 | G77: 2 | H77: 0 | I77: 3 | J77: 0 | K77: 0 | L77: 2 | M77: 0 | N77: 2 | O77: 2 | P77: 0 | Q77: 1 | R77: 0 | S77: 1 | T77: 2 | U77: 0 | V77: 0 | W77: 1 | X77: 1 | Y77: 0 | Z77: 1 | AA77: 2 | AB77: 1 | AC77: 0 | AD77: 0 | AE77: 0 | AF77: 0 | AG77: 2 | AH77: 0 | AI77: 1 | AJ77: 2 | AK77: 3 | AL77: 0 | AM77: 1 | AN77: 1 | AO77: 2 | AP77: 1 | AQ77: 0 | AR77: 1 | AS77: 0 | AT77: 2 | AU77: 0 | AV77: 0 | AW77: 1 | AX77: 0 | AY77: 1 | AZ77: =SUM(E77:AY77) -> 41
C78: 9. EKO BUDI SANTOSO, S.H. | E78: 1 | F78: 0 | G78: 2 | H78: 2 | I78: 0 | J78: 0 | K78: 1 | L78: 1 | M78: 2 | N78: 1 | O78: 2 | P78: 0 | Q78: 1 | R78: 1 | S78: 3 | T78: 4 | U78: 0 | V78: 0 | W78: 2 | X78: 1 | Y78: 3 | Z78: 2 | AA78: 0 | AB78: 9 | AC78: 4 | AD78: 2 | AE78: 1 | AF78: 1 | AG78: 1 | AH78: 1 | AI78: 1 | AJ78: 1 | AK78: 1 | AL78: 3 | AM78: 3 | AN78: 1 | AO78: 2 | AP78: 0 | AQ78: 2 | AR78: 1 | AS78: 1 | AT78: 2 | AU78: 3 | AV78: 0 | AW78: 1 | AX78: 1 | AY78: 1 | AZ78: =SUM(E78:AY78) -> 72
A79: B | B79: JUMLAH SUARA SAH PARTAI POLITIK DAN CALON (A1 + A2) | E79: =SUM(E69:E78) -> 27 | F79: =SUM(F69:F78) -> 32 | G79: =SUM(G69:G78) -> 27 | H79: =SUM(H69:H78) -> 23 | I79: =SUM(I69:I78) -> 62 | J79: =SUM(J69:J78) -> 34 | K79: =SUM(K69:K78) -> 24 | L79: =SUM(L69:L78) -> 62 | ... AZ79: =SUM(AZ69:AZ78) -> 2256
A81: A.1 | B81: 4. | C81: Partai Golongan Karya | E81: 4 | F81: 2 | G81: 3 | H81: 5 | I81: 2 | J81: 1 | K81: 2 | L81: 4 | M81: 2 | N81: 4 | O81: 10 | P81: 3 | Q81: 7 | R81: 5 | S81: 3 | T81: 2 | U81: 3 | V81: 1 | W81: 3 | X81: 2 | Y81: 0 | Z81: 1 | AA81: 0 | AB81: 1 | AC81: 7 | AD81: 6 | AE81: 4 | AF81: 6 | AG81: 17 | AH81: 16 | AI81: 13 | AJ81: 8 | AK81: 5 | AL81: 8 | AM81: 14 | AN81: 3 | AO81: 3 | AP81: 12 | AQ81: 7 | AR81: 7 | AS81: 7 | AT81: 4 | AU81: 9 | AV81: 3 | AW81: 2 | AX81: 6 | AY81: 3 | AZ81: =SUM(E81:AY81) -> 240
A82: A.2 | C82: 1. PRANAYA YUDHA MAHARDHIKA | E82: 3 | F82: 10 | G82: 4 | H82: 9 | I82: 5 | J82: 5 | K82: 3 | L82: 8 | M82: 7 | N82: 21 | O82: 12 | P82: 30 | Q82: 4 | R82: 3 | S82: 6 | T82: 8 | U82: 3 | V82: 6 | W82: 0 | X82: 5 | Y82: 5 | Z82: 13 | AA82: 0 | AB82: 3 | AC82: 1 | AD82: 3 | AE82: 3 | AF82: 4 | AG82: 6 | AH82: 8 | AI82: 5 | AJ82: 3 | AK82: 5 | AL82: 5 | AM82: 9 | AN82: 3 | AO82: 3 | AP82: 11 | AQ82: 7 | AR82: 1 | AS82: 6 | AT82: 28 | AU82: 66 | AV82: 33 | AW82: 10 | AX82: 1 | AY82: 2 | AZ82: =SUM(E82:AY82) -> 396
C83: 2. Dra. Ec. ENDANG SULASTUTY, M.I.P. | E83: 1 | F83: 4 | G83: 2 | H83: 2 | I83: 1 | J83: 3 | K83: 0 | L83: 1 | M83: 2 | N83: 1 | O83: 2 | P83: 1 | Q83: 3 | R83: 2 | S83: 3 | T83: 3 | U83: 0 | V83: 2 | W83: 0 | X83: 1 | Y83: 0 | Z83: 0 | AA83: 0 | AB83: 0 | AC83: 0 | AD83: 4 | AE83: 11 | AF83: 6 | AG83: 9 | AH83: 10 | AI83: 4 | AJ83: 4 | AK83: 13 | AL83: 9 | AM83: 0 | AN83: 0 | AO83: 8 | AP83: 9 | AQ83: 20 | AR83: 2 | AS83: 1 | AT83: 2 | AU83: 0 | AV83: 0 | AW83: 0 | AX83: 0 | AY83: 1 | AZ83: =SUM(E83:AY83) -> 147
C84: 3. AGUS REJEKI WARTONO | E84: 1 | F84: 0 | G84: 3 | H84: 0 | I84: 3 | J84: 0 | K84: 2 | L84: 0 | M84: 0 | N84: 0 | O84: 2 | P84: 0 | Q84: 1 | R84: 0 | S84: 2 | T84: 1 | U84: 2 | V84: 0 | W84: 0 | X84: 0 | Y84: 0 | Z84: 1 | AA84: 1 | AB84: 0 | AC84: 0 | AD84: 2 | AE84: 5 | AF84: 3 | AG84: 3 | AH84: 3 | AI84: 1 | AJ84: 2 | AK84: 0 | AL84: 1 | AM84: 4 | AN84: 0 | AO84: 3 | AP84: 5 | AQ84: 4 | AR84: 1 | AS84: 1 | AT84: 0 | AU84: 0 | AV84: 1 | AW84: 1 | AX84: 2 | AY84: 1 | AZ84: =SUM(E84:AY84) -> 62
C85: 4. Hj. TUTUK ASMA'A ZUCHROH, S.T., M.T. | E85: 2 | F85: 7 | G85: 5 | H85: 2 | I85: 1 | J85: 2 | K85: 0 | L85: 2 | M85: 0 | N85: 4 | O85: 3 | P85: 0 | Q85: 1 | R85: 0 | S85: 8 | T85: 1 | U85: 3 | V85: 4 | W85: 0 | X85: 0 | Y85: 0 | Z85: 0 | AA85: 1 | AB85: 1 | AC85: 3 | AD85: 13 | AE85: 34 | AF85: 49 | AG85: 17 | AH85: 14 | AI85: 13 | AJ85: 31 | AK85: 2 | AL85: 3 | AM85: 2 | AN85: 2 | AO85: 6 | AP85: 6 | AQ85: 11 | AR85: 1 | AS85: 0 | AT85: 2 | AU85: 5 | AV85: 3 | AW85: 3 | AX85: 0 | AY85: 0 | AZ85: =SUM(E85:AY85) -> 267
C86: 5. ADE M. RIZKI, S.E. | E86: 1 | F86: 0 | G86: 0 | H86: 0 | I86: 1 | J86: 0 | K86: 0 | L86: 1 | M86: 0 | N86: 0 | O86: 0 | P86: 0 | Q86: 0 | R86: 0 | S86: 1 | T86: 1 | U86: 0 | V86: 0 | W86: 1 | X86: 0 | Y86: 0 | Z86: 0 | AA86: 0 | AB86: 0 | AC86: 0 | AD86: 0 | AE86: 0 | AF86: 2 | AG86: 2 | AH86: 4 | AI86: 1 | AJ86: 1 | AK86: 0 | AL86: 3 | AM86: 0 | AN86: 1 | AO86: 0 | AP86: 1 | AQ86: 1 | AR86: 1 | AS86: 0 | AT86: 1 | AU86: 0 | AV86: 0 | AW86: 2 | AX86: 0 | AY86: 0 | AZ86: =SUM(E86:AY86) -> 26
C87: 6. ABDURAKHMAN, Bc.Kn. | E87: 0 | F87: 0 | G87: 1 | H87: 0 | I87: 1 | J87: 0 | K87: 0 | L87: 3 | M87: 1 | N87: 1 | O87: 0 | P87: 1 | Q87: 0 | R87: 1 | S87: 1 | T87: 0 | U87: 1 | V87: 1 | W87: 1 | X87: 1 | Y87: 1 | Z87: 0 | AA87: 1 | AB87: 0 | AC87: 1 | AD87: 0 | AE87: 1 | AF87: 0 | AG87: 0 | AH87: 0 | AI87: 1 | AJ87: 2 | AK87: 0 | AL87: 0 | AM87: 1 | AN87: 0 | AO87: 2 | AP87: 2 | AQ87: 1 | AR87: 0 | AS87: 0 | AT87: 1 | AU87: 0 | AV87: 0 | AW87: 0 | AX87: 0 | AY87: 1 | AZ87: =SUM(E87:AY87) -> 29
C88: 7. CENDY RHIYAN ADI PUTRI | E88: 0 | F88: 0 | G88: 0 | H88: 0 | I88: 0 | J88: 1 | K88: 0 | L88: 1 | M88: 1 | N88: 0 | O88: 0 | P88: 0 | Q88: 0 | R88: 0 | S88: 0 | T88: 0 | U88: 0 | V88: 0 | W88: 0 | X88: 0 | Y88: 0 | Z88: 0 | AA88: 0 | AB88: 0 | AC88: 0 | AD88: 0 | AE88: 0 | AF88: 0 | AG88: 0 | AH88: 0 | AI88: 0 | AJ88: 1 | AK88: 0 | AL88: 0 | AM88: 0 | AN88: 0 | AO88: 0 | AP88: 0 | AQ88: 0 | AR88: 0 | AS88: 2 | AT88: 0 | AU88: 0 | AV88: 0 | AW88: 0 | AX88: 0 | AY88: 0 | AZ88: =SUM(E88:AY88) -> 6
C89: 8. BAKTI WIJAYANTO, S.E. | E89: 0 | F89: 1 | G89: 1 | H89: 0 | I89: 0 | J89: 0 | K89: 0 | L89: 1 | M89: 0 | N89: 0 | O89: 1 | P89: 1 | Q89: 0 | R89: 0 | S89: 0 | T89: 0 | U89: 0 | V89: 0 | W89: 0 | X89: 0 | Y89: 0 | Z89: 0 | AA89: 0 | AB89: 0 | AC89: 0 | AD89: 0 | AE89: 0 | AF89: 0 | AG89: 0 | AH89: 1 | AI89: 0 | AJ89: 0 | AK89: 0 | AL89: 0 | AM89: 0 | AN89: 0 | AO89: 0 | AP89: 1 | AQ89: 0 | AR89: 0 | AS89: 0 | AT89: 0 | AU89: 0 | AV89: 0 | AW89: 0 | AX89: 0 | AY89: 0 | AZ89: =SUM(E89:AY89) -> 7
C90: 9. AHMAD UBAIDILLAH | E90: 0 | F90: 0 | G90: 0 | H90: 0 | I90: 0 | J90: 1 | K90: 0 | L90: 1 | M90: 1 | N90: 0 | O90: 0 | P90: 0 | Q90: 1 | R90: 0 | S90: 0 | T90: 0 | U90: 3 | V90: 0 | W90: 0 | X90: 0 | Y90: 0 | Z90: 0 | AA90: 0 | AB90: 0 | AC90: 0 | AD90: 0 | AE90: 0 | AF90: 2 | AG90: 0 | AH90: 1 | AI90: 0 | AJ90: 0 | AK90: 0 | AL90: 1 | AM90: 0 | AN90: 0 | AO90: 0 | AP90: 0 | AQ90: 0 | AR90: 0 | AS90: 0 | AT90: 0 | AU90: 0 | AV90: 0 | AW90: 0 | AX90: 0 | AY90: 0 | AZ90: =SUM(E90:AY90) -> 11
A91: B | B91: JUMLAH SUARA SAH PARTAI POLITIK DAN CALON (A1 + A2) | E91: =SUM(E81:E90) -> 12 | F91: =SUM(F81:F90) -> 24 | G91: =SUM(G81:G90) -> 19 | H91: =SUM(H81:H90) -> 18 | I91: =SUM(I81:I90) -> 14 | J91: =SUM(J81:J90) -> 13 | K91: =SUM(K81:K90) -> 7 | L91: =SUM(L81:L90) -> 22 | ... AZ91: =SUM(AZ81:AZ90) -> 1191
A93: A.1 | B93: 5. | C93: Partai NasDem | E93: 4 | F93: 4 | G93: 5 | H93: 1 | I93: 0 | J93: 3 | K93: 0 | L93: 0 | M93: 2 | N93: 0 | O93: 2 | P93: 5 | Q93: 2 | R93: 1 | S93: 4 | T93: 2 | U93: 5 | V93: 0 | W93: 5 | X93: 7 | Y93: 0 | Z93: 0 | AA93: 0 | AB93: 0 | AC93: 3 | AD93: 1 | AE93: 1 | AF93: 0 | AG93: 1 | AH93: 0 | AI93: 0 | AJ93: 0 | AK93: 0 | AL93: 0 | AM93: 0 | AN93: 0 | AO93: 0 | AP93: 0 | AQ93: 0 | AR93: 2 | AS93: 5 | AT93: 1 | AU93: 5 | AV93: 4 | AW93: 1 | AX93: 1 | AY93: 2 | AZ93: =SUM(E93:AY93) -> 79
A94: A.2 | C94: 1. ALI MUSTOFA, A.Md. | E94: 18 | F94: 1 | G94: 4 | H94: 0 | I94: 3 | J94: 3 | K94: 0 | L94: 1 | M94: 2 | N94: 3 | O94: 0 | P94: 3 | Q94: 2 | R94: 3 | S94: 2 | T94: 5 | U94: 2 | V94: 0 | W94: 10 | X94: 2 | Y94: 1 | Z94: 0 | AA94: 0 | AB94: 1 | AC94: 5 | AD94: 3 | AE94: 1 | AF94: 0 | AG94: 1 | AH94: 0 | AI94: 2 | AJ94: 1 | AK94: 2 | AL94: 3 | AM94: 2 | AN94: 0 | AO94: 0 | AP94: 0 | AQ94: 1 | AR94: 2 | AS94: 2 | AT94: 1 | AU94: 9 | AV94: 7 | AW94: 1 | AX94: 0 | AY94: 4 | AZ94: =SUM(E94:AY94) -> 113
C95: 2. Hj. BUAMI, S.H. | E95: 0 | F95: 0 | G95: 2 | H95: 0 | I95: 0 | J95: 1 | K95: 0 | L95: 0 | M95: 1 | N95: 0 | O95: 0 | P95: 0 | Q95: 0 | R95: 0 | S95: 0 | T95: 0 | U95: 1 | V95: 1 | W95: 1 | X95: 0 | Y95: 0 | Z95: 0 | AA95: 0 | AB95: 0 | AC95: 0 | AD95: 1 | AE95: 0 | AF95: 1 | AG95: 1 | AH95: 0 | AI95: 1 | AJ95: 3 | AK95: 1 | AL95: 0 | AM95: 0 | AN95: 3 | AO95: 0 | AP95: 2 | AQ95: 0 | AR95: 0 | AS95: 0 | AT95: 1 | AU95: 1 | AV95: 2 | AW95: 0 | AX95: 0 | AY95: 0 | AZ95: =SUM(E95:AY95) -> 24
C96: 3. SUGIONO, S.H. | E96: 2 | F96: 1 | G96: 1 | H96: 2 | I96: 1 | J96: 0 | K96: 0 | L96: 0 | M96: 1 | N96: 1 | O96: 0 | P96: 2 | Q96: 1 | R96: 0 | S96: 0 | T96: 1 | U96: 0 | V96: 2 | W96: 1 | X96: 0 | Y96: 0 | Z96: 0 | AA96: 0 | AB96: 1 | AC96: 0 | AD96: 0 | AE96: 0 | AF96: 0 | AG96: 0 | AH96: 0 | AI96: 0 | AJ96: 0 | AK96: 2 | AL96: 0 | AM96: 0 | AN96: 0 | AO96: 0 | AP96: 0 | AQ96: 0 | AR96: 0 | AS96: 0 | AT96: 0 | AU96: 1 | AV96: 0 | AW96: 0 | AX96: 0 | AY96: 1 | AZ96: =SUM(E96:AY96) -> 21
C97: 4. LULUK SUNARMIATININGSIH | E97: 1 | F97: 1 | G97: 1 | H97: 2 | I97: 2 | J97: 0 | K97: 0 | L97: 0 | M97: 0 | N97: 1 | O97: 1 | P97: 0 | Q97: 0 | R97: 1 | S97: 1 | T97: 0 | U97: 0 | V97: 0 | W97: 0 | X97: 1 | Y97: 0 | Z97: 0 | AA97: 0 | AB97: 0 | AC97: 1 | AD97: 0 | AE97: 0 | AF97: 0 | AG97: 0 | AH97: 0 | AI97: 0 | AJ97: 0 | AK97: 1 | AL97: 1 | AM97: 0 | AN97: 0 | AO97: 2 | AP97: 0 | AQ97: 0 | AR97: 0 | AS97: 2 | AT97: 0 | AU97: 3 | AV97: 2 | AW97: 1 | AX97: 0 | AY97: 1 | AZ97: =SUM(E97:AY97) -> 26
C98: 5. ANTON DJULIANTO ADI | E98: 0 | F98: 0 | G98: 1 | H98: 0 | I98: 0 | J98: 0 | K98: 0 | L98: 0 | M98: 0 | N98: 0 | O98: 0 | P98: 2 | Q98: 0 | R98: 0 | S98: 0 | T98: 0 | U98: 0 | V98: 0 | W98: 0 | X98: 0 | Y98: 0 | Z98: 0 | AA98: 0 | AB98: 0 | AC98: 0 | AD98: 0 | AE98: 0 | AF98: 0 | AG98: 0 | AH98: 0 | AI98: 0 | AJ98: 0 | AK98: 0 | AL98: 0 | AM98: 0 | AN98: 1 | AO98: 0 | AP98: 0 | AQ98: 0 | AR98: 0 | AS98: 1 | AT98: 0 | AU98: 2 | AV98: 2 | AW98: 2 | AX98: 0 | AY98: 1 | AZ98: =SUM(E98:AY98) -> 12
C99: 6. MOKHAMAD ROFI'I KHUSNAN | E99: 0 | F99: 0 | G99: 0 | H99: 0 | I99: 0 | J99: 0 | K99: 1 | L99: 0 | M99: 0 | N99: 0 | O99: 0 | P99: 0 | Q99: 0 | R99: 0 | S99: 0 | T99: 0 | U99: 0 | V99: 0 | W99: 0 | X99: 2 | Y99: 0 | Z99: 0 | AA99: 0 | AB99: 0 | AC99: 0 | AD99: 0 | AE99: 0 | AF99: 0 | AG99: 0 | AH99: 0 | AI99: 0 | AJ99: 0 | AK99: 0 | AL99: 0 | AM99: 0 | AN99: 0 | AO99: 0 | AP99: 0 | AQ99: 0 | AR99: 1 | AS99: 0 | AT99: 0 | AU99: 0 | AV99: 0 | AW99: 0 | AX99: 0 | AY99: 1 | AZ99: =SUM(E99:AY99) -> 5
C100: 7. Rr SETYO WATI | E100: 0 | F100: 0 | G100: 0 | H100: 0 | I100: 0 | J100: 1 | K100: 0 | L100: 0 | M100: 0 | N100: 0 | O100: 0 | P100: 0 | Q100: 0 | R100: 0 | S100: 0 | T100: 0 | U100: 0 | V100: 0 | W100: 0 | X100: 0 | Y100: 0 | Z100: 1 | AA100: 0 | AB100: 0 | AC100: 0 | AD100: 0 | AE100: 0 | AF100: 0 | AG100: 0 | AH100: 0 | AI100: 0 | AJ100: 1 | AK100: 0 | AL100: 0 | AM100: 0 | AN100: 0 | AO100: 0 | AP100: 0 | AQ100: 0 | AR100: 0 | AS100: 0 | AT100: 0 | AU100: 1 | AV100: 0 | AW100: 0 | AX100: 0 | AY100: 0 | AZ100: =SUM(E100:AY100) -> 4
C101: 8. ABD. KADIR ASSEGAFF | E101: 0 | F101: 0 | G101: 0 | H101: 0 | I101: 1 | J101: 0 | K101: 0 | L101: 0 | M101: 0 | N101: 0 | O101: 0 | P101: 0 | Q101: 0 | R101: 0 | S101: 0 | T101: 0 | U101: 0 | V101: 0 | W101: 0 | X101: 0 | Y101: 0 | Z101: 0 | AA101: 0 | AB101: 0 | AC101: 0 | AD101: 0 | AE101: 0 | AF101: 0 | AG101: 0 | AH101: 0 | AI101: 0 | AJ101: 0 | AK101: 0 | AL101: 0 | AM101: 0 | AN101: 0 | AO101: 0 | AP101: 0 | AQ101: 0 | AR101: 0 | AS101: 0 | AT101: 0 | AU101: 0 | AV101: 1 | AW101: 0 | AX101: 0 | AY101: 0 | AZ101: =SUM(E101:AY101) -> 2
C102: 9. FATHOR ZAINULLAH | E102: 0 | F102: 0 | G102: 0 | H102: 0 | I102: 0 | J102: 0 | K102: 0 | L102: 0 | M102: 0 | N102: 0 | O102: 1 | P102: 0 | Q102: 0 | R102: 0 | S102: 0 | T102: 0 | U102: 0 | V102: 0 | W102: 1 | X102: 0 | Y102: 0 | Z102: 0 | AA102: 0 | AB102: 0 | AC102: 0 | AD102: 0 | AE102: 1 | AF102: 0 | AG102: 0 | AH102: 0 | AI102: 0 | AJ102: 0 | AK102: 0 | AL102: 0 | AM102: 0 | AN102: 0 | AO102: 0 | AP102: 0 | AQ102: 0 | AR102: 0 | AS102: 0 | AT102: 0 | AU102: 0 | AV102: 0 | AW102: 0 | AX102: 0 | AY102: 0 | AZ102: =SUM(E102:AY102) -> 3
A103: B | B103: JUMLAH SUARA SAH PARTAI POLITIK DAN CALON (A1 + A2) | E103: =SUM(E93:E102) -> 25 | F103: =SUM(F93:F102) -> 7 | G103: =SUM(G93:G102) -> 14 | H103: =SUM(H93:H102) -> 5 | I103: =SUM(I93:I102) -> 7 | J103: =SUM(J93:J102) -> 8 | K103: =SUM(K93:K102) -> 1 | L103: =SUM(L93:L102) -> 1 | ... AZ103: =SUM(AZ93:AZ102) -> 289
A105: A.1 | B105: 6. | C105: Partai Buruh | E105: 0 | F105: 0 | G105: 1 | H105: 0 | I105: 0 | J105: 0 | K105: 0 | L105: 1 | M105: 0 | N105: 0 | O105: 1 | P105: 0 | Q105: 0 | R105: 0 | S105: 0 | T105: 1 | U105: 0 | V105: 1 | W105: 0 | X105: 1 | Y105: 0 | Z105: 0 | AA105: 0 | AB105: 0 | AC105: 1 | AD105: 0 | AE105: 0 | AF105: 0 | AG105: 0 | AH105: 0 | AI105: 0 | AJ105: 1 | AK105: 1 | AL105: 2 | AM105: 0 | AN105: 2 | AO105: 1 | AP105: 0 | AQ105: 0 | AR105: 0 | AS105: 1 | AT105: 1 | AU105: 0 | AV105: 0 | AW105: 0 | AX105: 1 | AY105: 3 | AZ105: =SUM(E105:AY105) -> 20
A106: A.2 | C106: 1. AGUS SUPRIYADI | E106: 1 | F106: 0 | G106: 0 | H106: 0 | I106: 0 | J106: 0 | K106: 0 | L106: 0 | M106: 0 | N106: 0 | O106: 0 | P106: 0 | Q106: 1 | R106: 3 | S106: 0 | T106: 0 | U106: 0 | V106: 1 | W106: 0 | X106: 0 | Y106: 0 | Z106: 0 | AA106: 0 | AB106: 0 | AC106: 0 | AD106: 1 | AE106: 0 | AF106: 2 | AG106: 0 | AH106: 0 | AI106: 0 | AJ106: 1 | AK106: 2 | AL106: 1 | AM106: 1 | AN106: 0 | AO106: 1 | AP106: 0 | AQ106: 0 | AR106: 0 | AS106: 0 | AT106: 0 | AU106: 0 | AV106: 1 | AW106: 0 | AX106: 0 | AY106: 0 | AZ106: =SUM(E106:AY106) -> 16
C107: 2. ENI HARIATI | E107: 1 | F107: 0 | G107: 1 | H107: 0 | I107: 0 | J107: 1 | K107: 0 | L107: 0 | M107: 0 | N107: 0 | O107: 0 | P107: 0 | Q107: 0 | R107: 0 | S107: 0 | T107: 0 | U107: 0 | V107: 0 | W107: 0 | X107: 0 | Y107: 1 | Z107: 0 | AA107: 0 | AB107: 0 | AC107: 0 | AD107: 0 | AE107: 0 | AF107: 0 | AG107: 1 | AH107: 0 | AI107: 0 | AJ107: 0 | AK107: 0 | AL107: 0 | AM107: 0 | AN107: 0 | AO107: 0 | AP107: 0 | AQ107: 0 | AR107: 0 | AS107: 0 | AT107: 0 | AU107: 0 | AV107: 0 | AW107: 0 | AX107: 0 | AY107: 0 | AZ107: =SUM(E107:AY107) -> 5
A115: B | B115: JUMLAH SUARA SAH PARTAI POLITIK DAN CALON (A1 + A2) | E115: =SUM(E105:E114) -> 2 | F115: =SUM(F105:F114) -> 0 | G115: =SUM(G105:G114) -> 2 | H115: =SUM(H105:H114) -> 0 | I115: =SUM(I105:I114) -> 0 | J115: =SUM(J105:J114) -> 1 | K115: =SUM(K105:K114) -> 0 | L115: =SUM(L105:L114) -> 1 | ... AZ115: =SUM(AZ105:AZ114) -> 41
A117: A.1 | B117: 7. | C117: Partai Gelombang Rakyat Indonesia | E117: 3 | F117: 2 | G117: 5 | H117: 3 | I117: 0 | J117: 0 | K117: 1 | L117: 5 | M117: 1 | N117: 1 | O117: 0 | P117: 0 | Q117: 2 | R117: 3 | S117: 3 | T117: 5 | U117: 4 | V117: 0 | W117: 4 | X117: 3 | Y117: 3 | Z117: 4 | AA117: 3 | AB117: 2 | AC117: 7 | AD117: 1 | AE117: 2 | AF117: 1 | AG117: 1 | AH117: 3 | AI117: 3 | AJ117: 1 | AK117: 0 | AL117: 7 | AM117: 3 | AN117: 0 | AO117: 7 | AP117: 1 | AQ117: 1 | AR117: 6 | AS117: 2 | AT117: 4 | AU117: 5 | AV117: 1 | AW117: 4 | AX117: 1 | AY117: 0 | AZ117: =SUM(E117:AY117) -> 118
A118: A.2 | C118: 1. MIRZA MUHROSNI AROMA | E118: 0 | F118: 0 | G118: 2 | H118: 1 | I118: 1 | J118: 0 | K118: 0 | L118: 0 | M118: 0 | N118: 0 | O118: 1 | P118: 0 | Q118: 0 | R118: 1 | S118: 0 | T118: 1 | U118: 1 | V118: 1 | W118: 0 | X118: 1 | Y118: 0 | Z118: 0 | AA118: 0 | AB118: 0 | AC118: 1 | AD118: 1 | AE118: 0 | AF118: 1 | AG118: 0 | AH118: 0 | AI118: 0 | AJ118: 0 | AK118: 0 | AL118: 0 | AM118: 1 | AN118: 0 | AO118: 0 | AP118: 2 | AQ118: 0 | AR118: 0 | AS118: 0 | AT118: 0 | AU118: 0 | AV118: 0 | AW118: 0 | AX118: 0 | AY118: 1 | AZ118: =SUM(E118:AY118) -> 17
C119: 2. ACHMAD BAGUS SUGIARTO | E119: 0 | F119: 0 | G119: 0 | H119: 0 | I119: 0 | J119: 0 | K119: 0 | L119: 0 | M119: 0 | N119: 0 | O119: 0 | P119: 0 | Q119: 1 | R119: 0 | S119: 0 | T119: 1 | U119: 0 | V119: 0 | W119: 0 | X119: 0 | Y119: 0 | Z119: 0 | AA119: 0 | AB119: 0 | AC119: 0 | AD119: 0 | AE119: 0 | AF119: 0 | AG119: 0 | AH119: 1 | AI119: 0 | AJ119: 1 | AK119: 0 | AL119: 0 | AM119: 1 | AN119: 0 | AO119: 0 | AP119: 0 | AQ119: 1 | AR119: 0 | AS119: 0 | AT119: 0 | AU119: 0 | AV119: 0 | AW119: 1 | AX119: 0 | AY119: 0 | AZ119: =SUM(E119:AY119) -> 7
C120: 3. ELOK FITRIYA NINGSIH | E120: 0 | F120: 0 | G120: 0 | H120: 0 | I120: 0 | J120: 0 | K120: 0 | L120: 1 | M120: 0 | N120: 0 | O120: 0 | P120: 0 | Q120: 0 | R120: 0 | S120: 0 | T120: 0 | U120: 0 | V120: 0 | W120: 1 | X120: 0 | Y120: 0 | Z120: 0 | AA120: 0 | AB120: 0 | AC120: 1 | AD120: 0 | AE120: 0 | AF120: 1 | AG120: 0 | AH120: 0 | AI120: 0 | AJ120: 1 | AK120: 0 | AL120: 1 | AM120: 0 | AN120: 0 | AO120: 1 | AP120: 0 | AQ120: 0 | AR120: 0 | AS120: 1 | AT120: 0 | AU120: 0 | AV120: 1 | AW120: 1 | AX120: 1 | AY120: 0 | AZ120: =SUM(E120:AY120) -> 11
C121: 4. MADI | E121: 0 | F121: 0 | G121: 0 | H121: 0 | I121: 0 | J121: 0 | K121: 0 | L121: 0 | M121: 0 | N121: 0 | O121: 0 | P121: 0 | Q121: 0 | R121: 0 | S121: 0 | T121: 0 | U121: 0 | V121: 0 | W121: 0 | X121: 0 | Y121: 0 | Z121: 0 | AA121: 0 | AB121: 0 | AC121: 0 | AD121: 0 | AE121: 0 | AF121: 0 | AG121: 0 | AH121: 0 | AI121: 0 | AJ121: 0 | AK121: 0 | AL121: 0 | AM121: 0 | AN121: 0 | AO121: 0 | AP121: 1 | AQ121: 0 | AR121: 0 | AS121: 0 | AT121: 0 | AU121: 0 | AV121: 0 | AW121: 0 | AX121: 0 | AY121: 0 | AZ121: =SUM(E121:AY121) -> 1
C122: 5. LUKY PERMANASARI | E122: 0 | F122: 1 | G122: 0 | H122: 1 | I122: 1 | J122: 0 | K122: 0 | L122: 0 | M122: 0 | N122: 0 | O122: 0 | P122: 0 | Q122: 0 | R122: 1 | S122: 0 | T122: 0 | U122: 0 | V122: 0 | W122: 0 | X122: 0 | Y122: 0 | Z122: 0 | AA122: 0 | AB122: 0 | AC122: 0 | AD122: 0 | AE122: 0 | AF122: 0 | AG122: 0 | AH122: 1 | AI122: 0 | AJ122: 0 | AK122: 0 | AL122: 0 | AM122: 1 | AN122: 0 | AO122: 0 | AP122: 0 | AQ122: 0 | AR122: 0 | AS122: 0 | AT122: 0 | AU122: 0 | AV122: 0 | AW122: 0 | AX122: 0 | AY122: 0 | AZ122: =SUM(E122:AY122) -> 6
A127: B | B127: JUMLAH SUARA SAH PARTAI POLITIK DAN CALON (A1 + A2) | E127: =SUM(E117:E125) -> 3 | F127: =SUM(F117:F125) -> 3 | G127: =SUM(G117:G125) -> 7 | H127: =SUM(H117:H125) -> 5 | I127: =SUM(I117:I125) -> 2 | J127: =SUM(J117:J125) -> 0 | K127: =SUM(K117:K125) -> 1 | L127: =SUM(L117:L125) -> 6 | ... AZ127: =SUM(AZ117:AZ125) -> 160
A129: A.1 | B129: 8. | C129: Partai Keadilan Sejahtera | E129: 2 | F129: 0 | G129: 0 | H129: 0 | I129: 2 | J129: 1 | K129: 0 | L129: 0 | M129: 0 | N129: 0 | O129: 1 | P129: 1 | Q129: 0 | R129: 0 | S129: 0 | T129: 0 | U129: 0 | V129: 0 | W129: 0 | X129: 1 | Y129: 0 | Z129: 0 | AA129: 0 | AB129: 0 | AC129: 1 | AD129: 1 | AE129: 0 | AF129: 0 | AG129: 0 | AH129: 0 | AI129: 1 | AJ129: 0 | AK129: 0 | AL129: 1 | AM129: 0 | AN129: 0 | AO129: 0 | AP129: 0 | AQ129: 0 | AR129: 0 | AS129: 0 | AT129: 4 | AU129: 0 | AV129: 6 | AW129: 0 | AX129: 1 | AY129: 0 | AZ129: =SUM(E129:AY129) -> 23
...

Sheet SARONGAN
C2: Kecamatan | D2: PESANGGARAN
C3: Kabupaten | D3: BANYUWANGI
C4: Provinsi | D4: JAWA TIMUR
C9: Kelurahan | D9: SARONGAN
A12: I | B12: DATA PEMILIH DAN PENGGUNAAN HAK PILIH | X12: JUMLAH AKHIR
A13: A | B13: DATA PEMILIH | E13: TPS 001 | F13: TPS 002 | G13: TPS 003 | H13: TPS 004 | I13: TPS 005 | J13: TPS 006 | K13: TPS 007 | L13: TPS 008 | M13: TPS 009 | N13: TPS 010 | O13: TPS 011 | P13: TPS 012 | Q13: TPS 013 | R13: TPS 014 | S13: TPS 015 | T13: TPS 016 | U13: TPS 017 | V13: TPS 018 | W13: TPS 019
B14: Jumlah Pemilih dalam Daftar Pemilih Tetap (DPT) | D14: LK | E14: 105 | F14: 100 | G14: 119 | H14: 147 | I14: 139 | J14: 145 | K14: 140 | L14: 144 | M14: 152 | N14: 145 | O14: 140 | P14: 139 | Q14: 144 | R14: 119 | S14: 121 | T14: 142 | U14: 98 | V14: 103 | W14: 107 | X14: =SUM(E14:W14) -> 2449
D15: PR | E15: 98 | F15: 99 | G15: 114 | H15: 147 | I15: 133 | J15: 147 | K15: 147 | L15: 148 | M15: 141 | N15: 144 | O15: 146 | P15: 140 | Q15: 150 | R15: 132 | S15: 127 | T15: 140 | U15: 89 | V15: 107 | W15: 107 | X15: =SUM(E15:W15) -> 2456
D16: JML | E16: =SUM(E14:E15) -> 203 | F16: =SUM(F14:F15) -> 199 | G16: =SUM(G14:G15) -> 233 | H16: =SUM(H14:H15) -> 294 | I16: =SUM(I14:I15) -> 272 | J16: =SUM(J14:J15) -> 292 | K16: =SUM(K14:K15) -> 287 | L16: =SUM(L14:L15) -> 292 | ... W16: =SUM(W14:W15) -> 214 | X16: =SUM(E16:W16) -> 4905
A18: B | B18: PENGGUNA HAK PILIH
B19: 1. | C19: Jumlah pengguna hak pilih dalam Daftar Pemilih Tetap (DPT) | D19: LK | E19: 89 | F19: 74 | G19: 100 | H19: 110 | I19: 112 | J19: 105 | K19: 119 | L19: 102 | M19: 115 | N19: 108 | O19: 105 | P19: 95 | Q19: 117 | R19: 92 | S19: 90 | T19: 88 | U19: 72 | V19: 81 | W19: 80 | X19: =SUM(E19:W19) -> 1854
D20: PR | E20: 75 | F20: 76 | G20: 101 | H20: 117 | I20: 102 | J20: 105 | K20: 115 | L20: 115 | M20: 104 | N20: 112 | O20: 121 | P20: 106 | Q20: 122 | R20: 99 | S20: 99 | T20: 104 | U20: 73 | V20: 87 | W20: 72 | X20: =SUM(E20:W20) -> 1905
D21: JML | E21: =SUM(E19:E20) -> 164 | F21: =SUM(F19:F20) -> 150 | G21: =SUM(G19:G20) -> 201 | H21: =SUM(H19:H20) -> 227 | I21: =SUM(I19:I20) -> 214 | J21: =SUM(J19:J20) -> 210 | K21: =SUM(K19:K20) -> 234 | L21: =SUM(L19:L20) -> 217 | ... W21: =SUM(W19:W20) -> 152 | X21: =SUM(E21:W21) -> 3759
B22: 2. | C22: Jumlah pengguna hak pilih dalam Daftar Pemilih Tambahan (DPTb) | D22: LK | E22: 0 | F22: 0 | G22: 0 | H22: 0 | I22: 0 | J22: 0 | K22: 0 | L22: 0 | M22: 0 | N22: 0 | O22: 0 | P22: 0 | Q22: 0 | R22: 0 | S22: 0 | T22: 0 | U22: 0 | V22: 0 | W22: 3 | X22: =SUM(E22:W22) -> 3
D23: PR | E23: 0 | F23: 0 | G23: 0 | H23: 0 | I23: 0 | J23: 0 | K23: 0 | L23: 0 | M23: 0 | N23: 0 | O23: 0 | P23: 2 | Q23: 0 | R23: 0 | S23: 0 | T23: 0 | U23: 0 | V23: 0 | W23: 4 | X23: =SUM(E23:W23) -> 6
D24: JML | E24: =SUM(E22:E23) -> 0 | F24: =SUM(F22:F23) -> 0 | G24: =SUM(G22:G23) -> 0 | H24: =SUM(H22:H23) -> 0 | I24: =SUM(I22:I23) -> 0 | J24: =SUM(J22:J23) -> 0 | K24: =SUM(K22:K23) -> 0 | L24: =SUM(L22:L23) -> 0 | ... W24: =SUM(W22:W23) -> 7 | X24: =SUM(E24:W24) -> 9
B25: 3. | C25: Jumlah pengguna hak pilih dalam Daftar Pemilih Khusus (DPK) | D25: LK | E25: 1 | F25: 1 | G25: 0 | H25: 12 | I25: 0 | J25: 1 | K25: 1 | L25: 4 | M25: 3 | N25: 0 | O25: 2 | P25: 1 | Q25: 1 | R25: 5 | S25: 0 | T25: 0 | U25: 2 | V25: 3 | W25: 0 | X25: =SUM(E25:W25) -> 37
D26: PR | E26: 1 | F26: 1 | G26: 0 | H26: 4 | I26: 5 | J26: 0 | K26: 3 | L26: 2 | M26: 2 | N26: 2 | O26: 0 | P26: 4 | Q26: 2 | R26: 4 | S26: 1 | T26: 0 | U26: 3 | V26: 5 | W26: 0 | X26: =SUM(E26:W26) -> 39
D27: JML | E27: =SUM(E25:E26) -> 2 | F27: =SUM(F25:F26) -> 2 | G27: =SUM(G25:G26) -> 0 | H27: =SUM(H25:H26) -> 16 | I27: =SUM(I25:I26) -> 5 | J27: =SUM(J25:J26) -> 1 | K27: =SUM(K25:K26) -> 4 | L27: =SUM(L25:L26) -> 6 | ... W27: =SUM(W25:W26) -> 0 | X27: =SUM(E27:W27) -> 76
B28: 4. | C28: Jumlah Pengguna Hak Pilih (B.1+B.2+B.3) | D28: LK | E28: =SUM(E19,E22,E25) -> 90 | F28: =SUM(F19,F22,F25) -> 75 | G28: =SUM(G19,G22,G25) -> 100 | H28: =SUM(H19,H22,H25) -> 122 | I28: =SUM(I19,I22,I25) -> 112 | J28: =SUM(J19,J22,J25) -> 106 | K28: =SUM(K19,K22,K25) -> 120 | L28: =SUM(L19,L22,L25) -> 106 | M28: =SUM(M19,M22,M25) -> 118 | N28: 108 | O28: =SUM(O19,O22,O25) -> 107 | P28: =SUM(P19,P22,P25) -> 96 | Q28: =SUM(Q19,Q22,Q25) -> 118 | R28: =SUM(R19,R22,R25) -> 97 | S28: =SUM(S19,S22,S25) -> 90 | T28: =SUM(T19,T22,T25) -> 88 | U28: =SUM(U19,U22,U25) -> 74 | V28: =SUM(V19,V22,V25) -> 84 | W28: =SUM(W19,W22,W25) -> 83 | X28: =SUM(E28:W28) -> 1894
D29: PR | E29: =SUM(E20,E23,E26) -> 76 | F29: =SUM(F20,F23,F26) -> 77 | G29: =SUM(G20,G23,G26) -> 101 | H29: =SUM(H20,H23,H26) -> 121 | I29: =SUM(I20,I23,I26) -> 107 | J29: =SUM(J20,J23,J26) -> 105 | K29: =SUM(K20,K23,K26) -> 118 | L29: =SUM(L20,L23,L26) -> 117 | ... W29: =SUM(W20,W23,W26) -> 76 | X29: =SUM(E29:W29) -> 1950
D30: JML | E30: =SUM(E28:E29) -> 166 | F30: =SUM(F28:F29) -> 152 | G30: =SUM(G28:G29) -> 201 | H30: =SUM(H28:H29) -> 243 | I30: =SUM(I28:I29) -> 219 | J30: =SUM(J28:J29) -> 211 | K30: =SUM(K28:K29) -> 238 | L30: =SUM(L28:L29) -> 223 | ... W30: =SUM(W28:W29) -> 159 | X30: =SUM(E30:W30) -> 3844
A32: II | B32: DATA PENGGUNAAN SURAT SUARA
A33: 1 | B33: Jumlah surat suara yang diterima, termasuk surat suara cadangan 2,5% dari DPT | E33: 208 | F33: 203 | G33: 240 | H33: 301 | I33: 278 | J33: 296 | K33: 293 | L33: 299 | M33: 299 | N33: 295 | O33: 292 | P33: 285 | Q33: 300 | R33: 257 | S33: 253 | T33: 288 | U33: 191 | V33: 215 | W33: 219 | X33: =SUM(E33:W33) -> 5012
A34: 2 | B34: Jumlah surat suara yang digunakan | E34: 166 | F34: 152 | G34: 201 | H34: 243 | I34: 219 | J34: 211 | K34: 238 | L34: 223 | M34: 224 | N34: 222 | O34: 228 | P34: 208 | Q34: 242 | R34: 200 | S34: 190 | T34: 192 | U34: 150 | V34: 176 | W34: 159 | X34: =SUM(E34:W34) -> 3844
A35: 3 | B35: Jumlah surat suara dikembalikan oleh pemilih (karena rusak atau keliru coblos) | E35: 0 | F35: 0 | G35: 0 | H35: 2 | I35: 0 | J35: 0 | K35: 1 | L35: 0 | M35: 0 | N35: 0 | O35: 0 | P35: 0 | Q35: 0 | R35: 0 | S35: 0 | T35: 0 | U35: 0 | V35: 0 | W35: 0 | X35: =SUM(E35:W35) -> 3
A36: 4 | B36: Jumlah surat suara yang tidak digunakan/tidak terpakai, termasuk sisa surat suara cadangan | E36: =E33-(E34+E35) -> 42 | F36: =F33-(F34+F35) -> 51 | G36: =G33-(G34+G35) -> 39 | H36: =H33-(H34+H35) -> 56 | I36: =I33-(I34+I35) -> 59 | J36: =J33-(J34+J35) -> 85 | K36: =K33-(K34+K35) -> 54 | L36: =L33-(L34+L35) -> 76 | ... W36: =W33-(W34+W35) -> 60 | X36: =SUM(E36:W36) -> 1165
A38: III | B38: DATA PEMILIH DISABILITAS
B39: Jumlah seluruh Pemilih disabilitas yang menggunakan hak pilih | D39: LK | E39: 0 | F39: 0 | G39: 0 | H39: 2 | I39: 0 | J39: 0 | K39: 0 | L39: 0 | M39: 0 | N39: 0 | O39: 0 | P39: 0 | Q39: 0 | R39: 0 | S39: 0 | T39: 0 | U39: 0 | V39: 0 | W39: 0 | X39: =SUM(E39:W39) -> 2
D40: PR | E40: 0 | F40: 0 | G40: 0 | H40: 0 | I40: 1 | J40: 0 | K40: 0 | L40: 0 | M40: 0 | N40: 1 | O40: 0 | P40: 0 | Q40: 0 | R40: 1 | S40: 1 | T40: 0 | U40: 0 | V40: 0 | W40: 0 | X40: =SUM(E40:W40) -> 4
D41: JML | E41: =SUM(E39:E40) -> 0 | F41: =SUM(F39:F40) -> 0 | G41: =SUM(G39:G40) -> 0 | H41: =SUM(H39:H40) -> 2 | I41: =SUM(I39:I40) -> 1 | J41: =SUM(J39:J40) -> 0 | K41: =SUM(K39:K40) -> 0 | L41: =SUM(L39:L40) -> 0 | ... W41: =SUM(W39:W40) -> 0 | X41: =SUM(E41:W41) -> 6
A43: IV | B43: DATA RINCIAN PEROLEHAN SUARA PASANGAN CALON BUPATI DAN WAKIL BUPATI
A44: NOMOR DAN NAMA CALON
A45: A.1 | B45: 1. | C45: Partai Kebangkitan Bangsa | E45: 11 | F45: 6 | G45: 10 | H45: 10 | I45: 5 | J45: 4 | K45: 5 | L45: 6 | M45: 11 | N45: 6 | O45: 4 | P45: 4 | Q45: 13 | R45: 6 | S45: 4 | T45: 4 | U45: 9 | V45: 3 | W45: 4 | X45: =SUM(E45:W45) -> 125
A46: A.2 | C46: 1. Dra. Hj. MA`MULAH HARUN, M.Pd.I. | E46: 17 | F46: 9 | G46: 15 | H46: 34 | I46: 21 | J46: 26 | K46: 54 | L46: 43 | M46: 39 | N46: 27 | O46: 56 | P46: 36 | Q46: 13 | R46: 19 | S46: 26 | T46: 15 | U46: 9 | V46: 13 | W46: 14 | X46: =SUM(E46:W46) -> 486
C47: 2. UBAIDILLAH, S.Fil.I. | E47: 9 | F47: 3 | G47: 7 | H47: 0 | I47: 0 | J47: 2 | K47: 3 | L47: 1 | M47: 1 | N47: 4 | O47: 1 | P47: 4 | Q47: 0 | R47: 2 | S47: 2 | T47: 3 | U47: 2 | V47: 2 | W47: 3 | X47: =SUM(E47:W47) -> 49
C48: 3. Ir. H. YOYOK MULYADI, M.Si. | E48: 0 | F48: 2 | G48: 0 | H48: 1 | I48: 0 | J48: 1 | K48: 1 | L48: 0 | M48: 0 | N48: 1 | O48: 1 | P48: 0 | Q48: 0 | R48: 0 | S48: 0 | T48: 0 | U48: 0 | V48: 3 | W48: 0 | X48: =SUM(E48:W48) -> 10
C49: 4. KHOIRUL ANWAR, S.Fil.I. | E49: 1 | F49: 4 | G49: 1 | H49: 3 | I49: 0 | J49: 0 | K49: 1 | L49: 1 | M49: 2 | N49: 5 | O49: 2 | P49: 3 | Q49: 2 | R49: 0 | S49: 0 | T49: 2 | U49: 2 | V49: 2 | W49: 0 | X49: =SUM(E49:W49) -> 31
C50: 5. ARIF WIJAKSANA | E50: 0 | F50: 0 | G50: 1 | H50: 1 | I50: 0 | J50: 1 | K50: 2 | L50: 0 | M50: 2 | N50: 1 | O50: 2 | P50: 0 | Q50: 1 | R50: 2 | S50: 0 | T50: 2 | U50: 0 | V50: 1 | W50: 0 | X50: =SUM(E50:W50) -> 16
C51: 6. Dr. SITI YUMNAH | E51: 0 | F51: 0 | G51: 1 | H51: 1 | I51: 1 | J51: 0 | K51: 0 | L51: 1 | M51: 1 | N51: 0 | O51: 0 | P51: 1 | Q51: 0 | R51: 0 | S51: 0 | T51: 0 | U51: 0 | V51: 0 | W51: 0 | X51: =SUM(E51:W51) -> 6
C52: 7. MOHAMMAD ZAINI, M.Pd.I. | E52: 2 | F52: 1 | G52: 0 | H52: 2 | I52: 1 | J52: 1 | K52: 2 | L52: 0 | M52: 3 | N52: 0 | O52: 2 | P52: 0 | Q52: 3 | R52: 1 | S52: 0 | T52: 0 | U52: 0 | V52: 4 | W52: 2 | X52: =SUM(E52:W52) -> 24
C53: 8. FAWAIDUL MAKKIYAH | E53: 0 | F53: 2 | G53: 0 | H53: 0 | I53: 0 | J53: 0 | K53: 1 | L53: 0 | M53: 1 | N53: 1 | O53: 0 | P53: 0 | Q53: 0 | R53: 0 | S53: 0 | T53: 1 | U53: 0 | V53: 1 | W53: 0 | X53: =SUM(E53:W53) -> 7
C54: 9. IFFAH HIDAYATUR ROHMAH, S.Sos. | E54: 2 | F54: 0 | G54: 0 | H54: 3 | I54: 1 | J54: 0 | K54: 1 | L54: 1 | M54: 2 | N54: 2 | O54: 4 | P54: 3 | Q54: 1 | R54: 1 | S54: 0 | T54: 1 | U54: 1 | V54: 1 | W54: 1 | X54: =SUM(E54:W54) -> 25
A55: B | B55: JUMLAH SUARA SAH PARTAI POLITIK DAN CALON (A1 + A2) | E55: =SUM(E45:E54) -> 42 | F55: =SUM(F45:F54) -> 27 | G55: =SUM(G45:G54) -> 35 | H55: =SUM(H45:H54) -> 55 | I55: =SUM(I45:I54) -> 29 | J55: =SUM(J45:J54) -> 35 | K55: =SUM(K45:K54) -> 70 | L55: =SUM(L45:L54) -> 53 | ... X55: =SUM(X45:X54) -> 779
A57: A.1 | B57: 2. | C57: Partai Gerakan Indonesia Raya | E57: 12 | F57: 13 | G57: 17 | H57: 6 | I57: 6 | J57: 5 | K57: 6 | L57: 11 | M57: 4 | N57: 5 | O57: 7 | P57: 10 | Q57: 8 | R57: 12 | S57: 9 | T57: 11 | U57: 18 | V57: 12 | W57: 7 | X57: =SUM(E57:W57) -> 179
A58: A.2 | C58: 1. AHMAD HADINUDDIN, S.Pd.I. | E58: 6 | F58: 4 | G58: 12 | H58: 8 | I58: 16 | J58: 11 | K58: 32 | L58: 5 | M58: 11 | N58: 11 | O58: 7 | P58: 12 | Q58: 12 | R58: 5 | S58: 14 | T58: 39 | U58: 18 | V58: 13 | W58: 9 | X58: =SUM(E58:W58) -> 245
C59: 2. BIMA RAFSANJANI RAFID | E59: 2 | F59: 9 | G59: 2 | H59: 1 | I59: 1 | J59: 3 | K59: 4 | L59: 5 | M59: 2 | N59: 2 | O59: 3 | P59: 0 | Q59: 5 | R59: 3 | S59: 4 | T59: 6 | U59: 1 | V59: 3 | W59: 3 | X59: =SUM(E59:W59) -> 59
C60: 3. IRA DAMAYANTI | E60: 4 | F60: 3 | G60: 2 | H60: 1 | I60: 1 | J60: 4 | K60: 4 | L60: 2 | M60: 2 | N60: 1 | O60: 2 | P60: 0 | Q60: 3 | R60: 1 | S60: 1 | T60: 2 | U60: 2 | V60: 4 | W60: 3 | X60: =SUM(E60:W60) -> 42
C61: 4. MAULANA MALIK IBRAHIM, S.H. | E61: 1 | F61: 2 | G61: 2 | H61: 3 | I61: 1 | J61: 11 | K61: 11 | L61: 20 | M61: 13 | N61: 14 | O61: 21 | P61: 11 | Q61: 4 | R61: 4 | S61: 9 | T61: 2 | U61: 0 | V61: 2 | W61: 1 | X61: =SUM(E61:W61) -> 132
C62: 5. LULUK ALFIATI | E62: 1 | F62: 2 | G62: 1 | H62: 0 | I62: 2 | J62: 1 | K62: 1 | L62: 0 | M62: 0 | N62: 0 | O62: 0 | P62: 1 | Q62: 1 | R62: 1 | S62: 2 | T62: 1 | U62: 0 | V62: 1 | W62: 2 | X62: =SUM(E62:W62) -> 17
C63: 6. ILHAM WAHYUDI, S.H. | E63: 0 | F63: 0 | G63: 0 | H63: 1 | I63: 1 | J63: 0 | K63: 0 | L63: 0 | M63: 0 | N63: 0 | O63: 0 | P63: 0 | Q63: 0 | R63: 0 | S63: 1 | T63: 0 | U63: 0 | V63: 0 | W63: 1 | X63: =SUM(E63:W63) -> 4
C64: 7. HAERUL ANWAR, S.Pd.I. | E64: 0 | F64: 0 | G64: 0 | H64: 0 | I64: 0 | J64: 0 | K64: 0 | L64: 0 | M64: 0 | N64: 0 | O64: 1 | P64: 0 | Q64: 0 | R64: 0 | S64: 0 | T64: 0 | U64: 1 | V64: 0 | W64: 1 | X64: =SUM(E64:W64) -> 3
C65: 8. YOVI ADHITYA WARDANI | E65: 0 | F65: 1 | G65: 1 | H65: 0 | I65: 0 | J65: 0 | K65: 0 | L65: 0 | M65: 0 | N65: 0 | O65: 0 | P65: 0 | Q65: 0 | R65: 0 | S65: 0 | T65: 0 | U65: 0 | V65: 0 | W65: 0 | X65: =SUM(E65:W65) -> 2
C66: 9. RITA AMELIA | E66: 1 | F66: 0 | G66: 1 | H66: 0 | I66: 0 | J66: 0 | K66: 0 | L66: 0 | M66: 0 | N66: 0 | O66: 0 | P66: 0 | Q66: 0 | R66: 0 | S66: 0 | T66: 0 | U66: 0 | V66: 0 | W66: 1 | X66: =SUM(E66:W66) -> 3
A67: B | B67: JUMLAH SUARA SAH PARTAI POLITIK DAN CALON (A1 + A2) | E67: =SUM(E57:E66) -> 27 | F67: =SUM(F57:F66) -> 34 | G67: =SUM(G57:G66) -> 38 | H67: =SUM(H57:H66) -> 20 | I67: =SUM(I57:I66) -> 28 | J67: =SUM(J57:J66) -> 35 | K67: =SUM(K57:K66) -> 58 | L67: =SUM(L57:L66) -> 43 | ... X67: =SUM(X57:X66) -> 686
A69: A.1 | B69: 3. | C69: Partai Demokrasi Indonesia Perjuangan | E69: 10 | F69: 5 | G69: 5 | H69: 25 | I69: 17 | J69: 6 | K69: 6 | L69: 9 | M69: 4 | N69: 12 | O69: 4 | P69: 6 | Q69: 9 | R69: 5 | S69: 6 | T69: 12 | U69: 4 | V69: 14 | W69: 7 | X69: =SUM(E69:W69) -> 166
A70: A.2 | C70: 1. MARTIN H., S.H., M.H. | E70: 5 | F70: 4 | G70: 4 | H70: 8 | I70: 27 | J70: 7 | K70: 6 | L70: 9 | M70: 5 | N70: 9 | O70: 7 | P70: 12 | Q70: 8 | R70: 5 | S70: 5 | T70: 10 | U70: 6 | V70: 2 | W70: 3 | X70: =SUM(E70:W70) -> 142
C71: 2. HERMANTO, S.E. | E71: 3 | F71: 2 | G71: 6 | H71: 3 | I71: 2 | J71: 4 | K71: 3 | L71: 4 | M71: 2 | N71: 3 | O71: 5 | P71: 2 | Q71: 3 | R71: 3 | S71: 4 | T71: 1 | U71: 2 | V71: 1 | W71: 1 | X71: =SUM(E71:W71) -> 54
C72: 3. EVY SUSILAWATI, S.E., M.M. | E72: 0 | F72: 3 | G72: 1 | H72: 2 | I72: 5 | J72: 3 | K72: 5 | L72: 2 | M72: 0 | N72: 5 | O72: 1 | P72: 2 | Q72: 3 | R72: 2 | S72: 2 | T72: 5 | U72: 2 | V72: 3 | W72: 21 | X72: =SUM(E72:W72) -> 67
C73: 4. M. SIROTTUDIN | E73: 3 | F73: 2 | G73: 0 | H73: 1 | I73: 0 | J73: 0 | K73: 3 | L73: 2 | M73: 1 | N73: 0 | O73: 3 | P73: 1 | Q73: 1 | R73: 0 | S73: 0 | T73: 2 | U73: 1 | V73: 1 | W73: 2 | X73: =SUM(E73:W73) -> 23
C74: 5. ABDUL HAFID, S.H. | E74: 1 | F74: 1 | G74: 1 | H74: 1 | I74: 2 | J74: 1 | K74: 0 | L74: 0 | M74: 0 | N74: 2 | O74: 2 | P74: 1 | Q74: 1 | R74: 3 | S74: 1 | T74: 2 | U74: 1 | V74: 2 | W74: 2 | X74: =SUM(E74:W74) -> 24
C75: 6. NIKITA FORTUNA SURYANINGATI, A.Md.Keb. | E75: 0 | F75: 1 | G75: 1 | H75: 1 | I75: 3 | J75: 0 | K75: 2 | L75: 0 | M75: 0 | N75: 1 | O75: 0 | P75: 0 | Q75: 0 | R75: 0 | S75: 0 | T75: 0 | U75: 0 | V75: 0 | W75: 0 | X75: =SUM(E75:W75) -> 9
C76: 7. YUDHO ILHAM WIJAYA, S.E. | E76: 0 | F76: 0 | G76: 2 | H76: 1 | I76: 0 | J76: 0 | K76: 0 | L76: 1 | M76: 0 | N76: 1 | O76: 1 | P76: 0 | Q76: 1 | R76: 0 | S76: 0 | T76: 0 | U76: 0 | V76: 0 | W76: 0 | X76: =SUM(E76:W76) -> 7
C77: 8. SETIAWATI, S.H. | E77: 2 | F77: 0 | G77: 0 | H77: 1 | I77: 4 | J77: 1 | K77: 0 | L77: 1 | M77: 0 | N77: 1 | O77: 2 | P77: 1 | Q77: 1 | R77: 0 | S77: 0 | T77: 3 | U77: 0 | V77: 1 | W77: 0 | X77: =SUM(E77:W77) -> 18
C78: 9. EKO BUDI SANTOSO, S.H. | E78: 1 | F78: 0 | G78: 0 | H78: 1 | I78: 7 | J78: 0 | K78: 0 | L78: 1 | M78: 0 | N78: 1 | O78: 0 | P78: 0 | Q78: 0 | R78: 0 | S78: 0 | T78: 1 | U78: 0 | V78: 1 | W78: 0 | X78: =SUM(E78:W78) -> 13
A79: B | B79: JUMLAH SUARA SAH PARTAI POLITIK DAN CALON (A1 + A2) | E79: =SUM(E69:E78) -> 25 | F79: =SUM(F69:F78) -> 18 | G79: =SUM(G69:G78) -> 20 | H79: =SUM(H69:H78) -> 44 | I79: =SUM(I69:I78) -> 67 | J79: =SUM(J69:J78) -> 22 | K79: =SUM(K69:K78) -> 25 | L79: =SUM(L69:L78) -> 29 | ... X79: =SUM(X69:X78) -> 523
A81: A.1 | B81: 4. | C81: Partai Golongan Karya | E81: 2 | F81: 3 | G81: 2 | H81: 4 | I81: 1 | J81: 8 | K81: 2 | L81: 4 | M81: 8 | N81: 1 | O81: 0 | P81: 2 | Q81: 9 | R81: 4 | S81: 3 | T81: 0 | U81: 3 | V81: 10 | W81: 3 | X81: =SUM(E81:W81) -> 69
A82: A.2 | C82: 1. PRANAYA YUDHA MAHARDHIKA | E82: 1 | F82: 2 | G82: 2 | H82: 4 | I82: 1 | J82: 12 | K82: 9 | L82: 2 | M82: 10 | N82: 2 | O82: 5 | P82: 7 | Q82: 9 | R82: 1 | S82: 2 | T82: 0 | U82: 0 | V82: 1 | W82: 0 | X82: =SUM(E82:W82) -> 70
C83: 2. Dra. Ec. ENDANG SULASTUTY, M.I.P. | E83: 1 | F83: 5 | G83: 0 | H83: 3 | I83: 0 | J83: 2 | K83: 2 | L83: 2 | M83: 4 | N83: 0 | O83: 2 | P83: 2 | Q83: 0 | R83: 0 | S83: 0 | T83: 0 | U83: 0 | V83: 1 | W83: 2 | X83: =SUM(E83:W83) -> 26
C84: 3. AGUS REJEKI WARTONO | E84: 1 | F84: 0 | G84: 1 | H84: 0 | I84: 0 | J84: 0 | K84: 0 | L84: 0 | M84: 0 | N84: 0 | O84: 0 | P84: 1 | Q84: 2 | R84: 0 | S84: 0 | T84: 1 | U84: 2 | V84: 1 | W84: 1 | X84: =SUM(E84:W84) -> 10
C85: 4. Hj. TUTUK ASMA'A ZUCHROH, S.T., M.T. | E85: 1 | F85: 1 | G85: 0 | H85: 0 | I85: 0 | J85: 2 | K85: 0 | L85: 0 | M85: 0 | N85: 0 | O85: 0 | P85: 0 | Q85: 0 | R85: 0 | S85: 0 | T85: 2 | U85: 0 | V85: 1 | W85: 0 | X85: =SUM(E85:W85) -> 7
C86: 5. ADE M. RIZKI, S.E. | E86: 3 | F86: 0 | G86: 1 | H86: 0 | I86: 0 | J86: 0 | K86: 0 | L86: 1 | M86: 1 | N86: 0 | O86: 1 | P86: 0 | Q86: 0 | R86: 1 | S86: 0 | T86: 0 | U86: 0 | V86: 0 | W86: 0 | X86: =SUM(E86:W86) -> 8
C87: 6. ABDURAKHMAN, Bc.Kn. | E87: 0 | F87: 0 | G87: 0 | H87: 0 | I87: 1 | J87: 1 | K87: 0 | L87: 0 | M87: 1 | N87: 0 | O87: 0 | P87: 0 | Q87: 0 | R87: 0 | S87: 0 | T87: 0 | U87: 0 | V87: 1 | W87: 0 | X87: =SUM(E87:W87) -> 4
C88: 7. CENDY RHIYAN ADI PUTRI | E88: 0 | F88: 0 | G88: 0 | H88: 0 | I88: 0 | J88: 0 | K88: 0 | L88: 1 | M88: 0 | N88: 0 | O88: 0 | P88: 0 | Q88: 0 | R88: 0 | S88: 0 | T88: 0 | U88: 0 | V88: 1 | W88: 0 | X88: =SUM(E88:W88) -> 2
C89: 8. BAKTI WIJAYANTO, S.E. | E89: 0 | F89: 0 | G89: 0 | H89: 0 | I89: 1 | J89: 0 | K89: 1 | L89: 1 | M89: 0 | N89: 0 | O89: 0 | P89: 0 | Q89: 0 | R89: 0 | S89: 0 | T89: 0 | U89: 0 | V89: 0 | W89: 0 | X89: =SUM(E89:W89) -> 3
C90: 9. AHMAD UBAIDILLAH | E90: 0 | F90: 0 | G90: 0 | H90: 1 | I90: 0 | J90: 0 | K90: 0 | L90: 0 | M90: 0 | N90: 1 | O90: 0 | P90: 0 | Q90: 1 | R90: 0 | S90: 0 | T90: 0 | U90: 0 | V90: 0 | W90: 0 | X90: =SUM(E90:W90) -> 3
A91: B | B91: JUMLAH SUARA SAH PARTAI POLITIK DAN CALON (A1 + A2) | E91: =SUM(E81:E90) -> 9 | F91: =SUM(F81:F90) -> 11 | G91: =SUM(G81:G90) -> 6 | H91: =SUM(H81:H90) -> 12 | I91: =SUM(I81:I90) -> 4 | J91: =SUM(J81:J90) -> 25 | K91: =SUM(K81:K90) -> 14 | L91: =SUM(L81:L90) -> 11 | ... X91: =SUM(X81:X90) -> 202
A93: A.1 | B93: 5. | C93: Partai NasDem | E93: 0 | F93: 3 | G93: 0 | H93: 0 | I93: 2 | J93: 0 | K93: 1 | L93: 1 | M93: 2 | N93: 2 | O93: 1 | P93: 1 | Q93: 1 | R93: 0 | S93: 0 | T93: 0 | U93: 2 | V93: 1 | W93: 0 | X93: =SUM(E93:W93) -> 17
A94: A.2 | C94: 1. ALI MUSTOFA, A.Md. | E94: 1 | F94: 0 | G94: 0 | H94: 1 | I94: 1 | J94: 0 | K94: 1 | L94: 2 | M94: 0 | N94: 0 | O94: 0 | P94: 1 | Q94: 3 | R94: 0 | S94: 1 | T94: 2 | U94: 3 | V94: 2 | W94: 7 | X94: =SUM(E94:W94) -> 25
C95: 2. Hj. BUAMI, S.H. | E95: 0 | F95: 0 | G95: 0 | H95: 0 | I95: 0 | J95: 0 | K95: 0 | L95: 0 | M95: 0 | N95: 0 | O95: 0 | P95: 0 | Q95: 1 | R95: 0 | S95: 0 | T95: 0 | U95: 1 | V95: 0 | W95: 1 | X95: =SUM(E95:W95) -> 3
C96: 3. SUGIONO, S.H. | E96: 0 | F96: 0 | G96: 0 | H96: 0 | I96: 0 | J96: 0 | K96: 0 | L96: 0 | M96: 0 | N96: 0 | O96: 0 | P96: 0 | Q96: 0 | R96: 1 | S96: 0 | T96: 0 | U96: 0 | V96: 0 | W96: 2 | X96: =SUM(E96:W96) -> 3
C97: 4. LULUK SUNARMIATININGSIH | E97: 0 | F97: 0 | G97: 0 | H97: 0 | I97: 0 | J97: 0 | K97: 0 | L97: 0 | M97: 1 | N97: 1 | O97: 0 | P97: 0 | Q97: 0 | R97: 0 | S97: 0 | T97: 0 | U97: 0 | V97: 0 | W97: 1 | X97: =SUM(E97:W97) -> 3
C98: 5. ANTON DJULIANTO ADI | E98: 0 | F98: 0 | G98: 0 | H98: 0 | I98: 0 | J98: 0 | K98: 0 | L98: 0 | M98: 0 | N98: 0 | O98: 0 | P98: 0 | Q98: 0 | R98: 0 | S98: 1 | T98: 0 | U98: 0 | V98: 1 | W98: 0 | X98: =SUM(E98:W98) -> 2
C99: 6. MOKHAMAD ROFI'I KHUSNAN | E99: 0 | F99: 0 | G99: 0 | H99: 0 | I99: 0 | J99: 0 | K99: 0 | L99: 0 | M99: 0 | N99: 0 | O99: 0 | P99: 0 | Q99: 0 | R99: 0 | S99: 0 | T99: 0 | U99: 0 | V99: 0 | W99: 0 | X99: =SUM(E99:W99) -> 0
C100: 7. Rr SETYO WATI | E100: 0 | F100: 0 | G100: 0 | H100: 0 | I100: 0 | J100: 0 | K100: 0 | L100: 0 | M100: 0 | N100: 0 | O100: 0 | P100: 1 | Q100: 0 | R100: 0 | S100: 0 | T100: 0 | U100: 0 | V100: 0 | W100: 0 | X100: =SUM(E100:W100) -> 1
C101: 8. ABD. KADIR ASSEGAFF | E101: 0 | F101: 2 | G101: 0 | H101: 1 | I101: 0 | J101: 0 | K101: 0 | L101: 0 | M101: 0 | N101: 0 | O101: 0 | P101: 2 | Q101: 1 | R101: 1 | S101: 0 | T101: 0 | U101: 0 | V101: 0 | W101: 1 | X101: =SUM(E101:W101) -> 8
C102: 9. FATHOR ZAINULLAH | E102: 0 | F102: 0 | G102: 0 | H102: 0 | I102: 0 | J102: 0 | K102: 0 | L102: 0 | M102: 0 | N102: 0 | O102: 0 | P102: 0 | Q102: 0 | R102: 0 | S102: 0 | T102: 0 | U102: 0 | V102: 0 | W102: 0 | X102: =SUM(E102:W102) -> 0
A103: B | B103: JUMLAH SUARA SAH PARTAI POLITIK DAN CALON (A1 + A2) | E103: =SUM(E93:E102) -> 1 | F103: =SUM(F93:F102) -> 5 | G103: =SUM(G93:G102) -> 0 | H103: =SUM(H93:H102) -> 2 | I103: =SUM(I93:I102) -> 3 | J103: =SUM(J93:J102) -> 0 | K103: =SUM(K93:K102) -> 2 | L103: =SUM(L93:L102) -> 3 | ... X103: =SUM(X93:X102) -> 62
A105: A.1 | B105: 6. | C105: Partai Buruh | E105: 0 | F105: 0 | G105: 0 | H105: 0 | I105: 1 | J105: 0 | K105: 0 | L105: 0 | M105: 0 | N105: 0 | O105: 0 | P105: 1 | Q105: 0 | R105: 0 | S105: 0 | T105: 0 | U105: 0 | V105: 0 | W105: 0 | X105: =SUM(E105:W105) -> 2
A106: A.2 | C106: 1. AGUS SUPRIYADI | E106: 0 | F106: 0 | G106: 0 | H106: 0 | I106: 0 | J106: 0 | K106: 0 | L106: 1 | M106: 0 | N106: 0 | O106: 0 | P106: 1 | Q106: 1 | R106: 0 | S106: 0 | T106: 0 | U106: 0 | V106: 0 | W106: 0 | X106: =SUM(E106:W106) -> 3
C107: 2. ENI HARIATI | E107: 0 | F107: 1 | G107: 0 | H107: 1 | I107: 0 | J107: 0 | K107: 1 | L107: 0 | M107: 0 | N107: 2 | O107: 0 | P107: 0 | Q107: 0 | R107: 0 | S107: 0 | T107: 0 | U107: 0 | V107: 0 | W107: 0 | X107: =SUM(E107:W107) -> 5
A115: B | B115: JUMLAH SUARA SAH PARTAI POLITIK DAN CALON (A1 + A2) | E115: =SUM(E105:E112) -> 0 | F115: =SUM(F105:F112) -> 1 | G115: =SUM(G105:G112) -> 0 | H115: =SUM(H105:H112) -> 1 | I115: =SUM(I105:I112) -> 1 | J115: =SUM(J105:J112) -> 0 | K115: =SUM(K105:K112) -> 1 | L115: =SUM(L105:L112) -> 1 | ... W115: =SUM(W105:W112) -> 0 | X115: =SUM(E115:W115) -> 10
A117: A.1 | B117: 7. | C117: Partai Gelombang Rakyat Indonesia | E117: 0 | F117: 1 | G117: 1 | H117: 1 | I117: 1 | J117: 0 | K117: 0 | L117: 2 | M117: 2 | N117: 2 | O117: 3 | P117: 1 | Q117: 2 | R117: 2 | S117: 0 | T117: 0 | U117: 1 | V117: 0 | W117: 3 | X117: =SUM(E117:W117) -> 22
A118: A.2 | C118: 1. MIRZA MUHROSNI AROMA | E118: 1 | F118: 0 | G118: 1 | H118: 1 | I118: 1 | J118: 4 | K118: 0 | L118: 0 | M118: 0 | N118: 1 | O118: 1 | P118: 0 | Q118: 0 | R118: 0 | S118: 0 | T118: 0 | U118: 0 | V118: 0 | W118: 1 | X118: =SUM(E118:W118) -> 11
C119: 2. ACHMAD BAGUS SUGIARTO | E119: 0 | F119: 0 | G119: 0 | H119: 0 | I119: 0 | J119: 0 | K119: 0 | L119: 0 | M119: 0 | N119: 0 | O119: 0 | P119: 0 | Q119: 0 | R119: 0 | S119: 0 | T119: 0 | U119: 0 | V119: 0 | W119: 0 | X119: =SUM(E119:W119) -> 0
C120: 3. ELOK FITRIYA NINGSIH | E120: 0 | F120: 0 | G120: 0 | H120: 0 | I120: 1 | J120: 0 | K120: 0 | L120: 1 | M120: 1 | N120: 0 | O120: 0 | P120: 0 | Q120: 0 | R120: 0 | S120: 0 | T120: 0 | U120: 0 | V120: 0 | W120: 0 | X120: =SUM(E120:W120) -> 3
C121: 4. MADI | E121: 0 | F121: 1 | G121: 0 | H121: 0 | I121: 0 | J121: 0 | K121: 0 | L121: 0 | M121: 0 | N121: 0 | O121: 0 | P121: 0 | Q121: 0 | R121: 0 | S121: 0 | T121: 0 | U121: 0 | V121: 0 | W121: 0 | X121: =SUM(E121:W121) -> 1
C122: 5. LUKY PERMANASARI | E122: 0 | F122: 0 | G122: 0 | H122: 0 | I122: 1 | J122: 0 | K122: 0 | L122: 0 | M122: 0 | N122: 1 | O122: 0 | P122: 0 | Q122: 0 | R122: 0 | S122: 0 | T122: 0 | U122: 0 | V122: 0 | W122: 0 | X122: =SUM(E122:W122) -> 2
A127: B | B127: JUMLAH SUARA SAH PARTAI POLITIK DAN CALON (A1 + A2) | E127: =SUM(E117:E122) -> 1 | F127: =SUM(F117:F122) -> 2 | G127: =SUM(G117:G122) -> 2 | H127: =SUM(H117:H122) -> 2 | I127: =SUM(I117:I122) -> 4 | J127: =SUM(J117:J122) -> 4 | K127: =SUM(K117:K122) -> 0 | L127: =SUM(L117:L122) -> 3 | ... X127: =SUM(X117:X122) -> 39
A129: A.1 | B129: 8. | C129: Partai Keadilan Sejahtera | E129: 0 | F129: 0 | G129: 0 | H129: 0 | I129: 0 | J129: 0 | K129: 0 | L129: 0 | M129: 0 | N129: 1 | O129: 0 | P129: 1 | Q129: 0 | R129: 1 | S129: 0 | T129: 0 | U129: 1 | V129: 0 | W129: 0 | X129: =SUM(E129:W129) -> 4
...

Sheet SUMBERAGUNG
C2: Kecamatan | D2: PESANGGARAN
C3: Kabupaten | D3: BANYUWANGI
C4: Provinsi | D4: JAWA TIMUR
C9: Kelurahan | D9: SUMBERAGUNG
A12: I | B12: DATA PEMILIH DAN PENGGUNAAN HAK PILIH | AX12: JUMLAH AKHIR
A13: A | B13: DATA PEMILIH | E13: TPS 001 | F13: TPS 002 | G13: TPS 003 | H13: TPS 004 | I13: TPS 005 | J13: TPS 006 | K13: TPS 007 | L13: TPS 008 | M13: TPS 009 | N13: TPS 010 | O13: TPS 011 | P13: TPS 012 | Q13: TPS 013 | R13: TPS 014 | S13: TPS 015 | T13: TPS 016 | U13: TPS 017 | V13: TPS 018 | W13: TPS 019 | X13: TPS 020 | Y13: TPS 021 | Z13: TPS 022 | AA13: TPS 023 | AB13: TPS 024 | AC13: TPS 025 | AD13: TPS 026 | AE13: TPS 027 | AF13: TPS 028 | AG13: TPS 029 | AH13: TPS 030 | AI13: TPS 031 | AJ13: TPS 032 | AK13: TPS 033 | AL13: TPS 034 | AM13: TPS 035 | AN13: TPS 036 | AO13: TPS 037 | AP13: TPS 038 | AQ13: TPS 039 | AR13: TPS 040 | AS13: TPS 041 | AT13: TPS 042 | AU13: TPS 043 | AV13: TPS 044 | AW13: TPS 045
B14: Jumlah Pemilih dalam Daftar Pemilih Tetap (DPT) | D14: LK | E14: 137 | F14: 149 | G14: 147 | H14: 151 | I14: 145 | J14: 148 | K14: 145 | L14: 133 | M14: 129 | N14: 139 | O14: 143 | P14: 143 | Q14: 142 | R14: 131 | S14: 109 | T14: 97 | U14: 120 | V14: 123 | W14: 133 | X14: 134 | Y14: 129 | Z14: 149 | AA14: 134 | AB14: 141 | AC14: 132 | AD14: 150 | AE14: 129 | AF14: 96 | AG14: 138 | AH14: 125 | AI14: 142 | AJ14: 149 | AK14: 153 | AL14: 140 | AM14: 153 | AN14: 140 | AO14: 135 | AP14: 128 | AQ14: 149 | AR14: 114 | AS14: 114 | AT14: 120 | AU14: 127 | AV14: 140 | AW14: 144 | AX14: =SUM(E14:AW14) -> 6069
D15: PR | E15: 153 | F15: 143 | G15: 149 | H15: 144 | I15: 150 | J15: 147 | K15: 142 | L15: 146 | M15: 125 | N15: 157 | O15: 144 | P15: 145 | Q15: 146 | R15: 137 | S15: 108 | T15: 90 | U15: 102 | V15: 117 | W15: 126 | X15: 118 | Y15: 131 | Z15: 137 | AA15: 127 | AB15: 121 | AC15: 149 | AD15: 138 | AE15: 125 | AF15: 91 | AG15: 142 | AH15: 123 | AI15: 145 | AJ15: 144 | AK15: 144 | AL15: 145 | AM15: 134 | AN15: 143 | AO15: 149 | AP15: 111 | AQ15: 141 | AR15: 117 | AS15: 110 | AT15: 102 | AU15: 127 | AV15: 139 | AW15: 133 | AX15: =SUM(E15:AW15) -> 5957
D16: JML | E16: =SUM(E14:E15) -> 290 | F16: =SUM(F14:F15) -> 292 | G16: =SUM(G14:G15) -> 296 | H16: =SUM(H14:H15) -> 295 | I16: =SUM(I14:I15) -> 295 | J16: =SUM(J14:J15) -> 295 | K16: =SUM(K14:K15) -> 287 | L16: =SUM(L14:L15) -> 279 | ... AX16: =SUM(AX14:AX15) -> 12026
A18: B | B18: PENGGUNA HAK PILIH
B19: 1. | C19: Jumlah pengguna hak pilih dalam Daftar Pemilih Tetap (DPT) | D19: LK | E19: 111 | F19: 114 | G19: 117 | H19: 120 | I19: 107 | J19: 112 | K19: 111 | L19: 93 | M19: 91 | N19: 106 | O19: 108 | P19: 97 | Q19: 109 | R19: 108 | S19: 82 | T19: 73 | U19: 96 | V19: 89 | W19: 102 | X19: 112 | Y19: 104 | Z19: 112 | AA19: 106 | AB19: 114 | AC19: 104 | AD19: 120 | AE19: 92 | AF19: 87 | AG19: 109 | AH19: 98 | AI19: 108 | AJ19: 108 | AK19: 119 | AL19: 101 | AM19: 99 | AN19: 109 | AO19: 114 | AP19: 91 | AQ19: 105 | AR19: 77 | AS19: 75 | AT19: 87 | AU19: 84 | AV19: 110 | AW19: 106 | AX19: =SUM(E19:AW19) -> 4597
D20: PR | E20: 112 | F20: 118 | G20: 116 | H20: 118 | I20: 115 | J20: 114 | K20: 108 | L20: 109 | M20: 92 | N20: 142 | O20: 114 | P20: 107 | Q20: 108 | R20: 114 | S20: 81 | T20: 73 | U20: 89 | V20: 72 | W20: 101 | X20: 96 | Y20: 106 | Z20: 109 | AA20: 88 | AB20: 96 | AC20: 120 | AD20: 108 | AE20: 102 | AF20: 76 | AG20: 108 | AH20: 100 | AI20: 111 | AJ20: 113 | AK20: 115 | AL20: 114 | AM20: 95 | AN20: 114 | AO20: 117 | AP20: 84 | AQ20: 117 | AR20: 88 | AS20: 81 | AT20: 80 | AU20: 92 | AV20: 110 | AW20: 91 | AX20: =SUM(E20:AW20) -> 4634
D21: JML | E21: =SUM(E19:E20) -> 223 | F21: =SUM(F19:F20) -> 232 | G21: =SUM(G19:G20) -> 233 | H21: =SUM(H19:H20) -> 238 | I21: =SUM(I19:I20) -> 222 | J21: =SUM(J19:J20) -> 226 | K21: =SUM(K19:K20) -> 219 | L21: =SUM(L19:L20) -> 202 | ... AW21: =SUM(AW19:AW20) -> 197 | AX21: =SUM(E21:AW21) -> 9231
B22: 2. | C22: Jumlah pengguna hak pilih dalam Daftar Pemilih Tambahan (DPTb) | D22: LK | E22: 0 | F22: 0 | G22: 0 | H22: 0 | I22: 0 | J22: 0 | K22: 0 | L22: 0 | M22: 0 | N22: 0 | O22: 0 | P22: 0 | Q22: 0 | R22: 0 | S22: 0 | T22: 0 | U22: 0 | V22: 0 | W22: 0 | X22: 0 | Y22: 2 | Z22: 0 | AA22: 0 | AB22: 0 | AC22: 0 | AD22: 0 | AE22: 0 | AF22: 0 | AG22: 0 | AH22: 0 | AI22: 0 | AJ22: 10 | AK22: 0 | AL22: 0 | AM22: 0 | AN22: 0 | AO22: 0 | AP22: 0 | AQ22: 0 | AR22: 0 | AS22: 0 | AT22: 0 | AU22: 0 | AV22: 0 | AW22: 0 | AX22: =SUM(E22:AW22) -> 12
D23: PR | E23: 0 | F23: 0 | G23: 0 | H23: 0 | I23: 0 | J23: 0 | K23: 0 | L23: 0 | M23: 0 | N23: 0 | O23: 0 | P23: 0 | Q23: 0 | R23: 0 | S23: 0 | T23: 0 | U23: 0 | V23: 0 | W23: 0 | X23: 0 | Y23: 2 | Z23: 0 | AA23: 0 | AB23: 0 | AC23: 0 | AD23: 0 | AE23: 0 | AF23: 0 | AG23: 0 | AH23: 0 | AI23: 0 | AJ23: 0 | AK23: 0 | AL23: 0 | AM23: 0 | AN23: 0 | AO23: 0 | AP23: 0 | AQ23: 0 | AR23: 0 | AS23: 0 | AT23: 0 | AU23: 0 | AV23: 0 | AW23: 0 | AX23: =SUM(E23:AW23) -> 2
D24: JML | E24: =SUM(E22:E23) -> 0 | F24: =SUM(F22:F23) -> 0 | G24: =SUM(G22:G23) -> 0 | H24: =SUM(H22:H23) -> 0 | I24: =SUM(I22:I23) -> 0 | J24: =SUM(J22:J23) -> 0 | K24: =SUM(K22:K23) -> 0 | L24: =SUM(L22:L23) -> 0 | ... AW24: =SUM(AW22:AW23) -> 0 | AX24: =SUM(E24:AW24) -> 14
B25: 3. | C25: Jumlah pengguna hak pilih dalam Daftar Pemilih Khusus (DPK) | D25: LK | E25: 1 | F25: 3 | G25: 3 | H25: 2 | I25: 5 | J25: 1 | K25: 0 | L25: 1 | M25: 0 | N25: 3 | O25: 0 | P25: 1 | Q25: 4 | R25: 0 | S25: 0 | T25: 2 | U25: 1 | V25: 0 | W25: 4 | X25: 1 | Y25: 1 | Z25: 1 | AA25: 0 | AB25: 3 | AC25: 0 | AD25: 0 | AE25: 1 | AF25: 0 | AG25: 6 | AH25: 0 | AI25: 3 | AJ25: 3 | AK25: 1 | AL25: 3 | AM25: 4 | AN25: 5 | AO25: 3 | AP25: 3 | AQ25: 1 | AR25: 11 | AS25: 0 | AT25: 9 | AU25: 0 | AV25: 0 | AW25: 2 | AX25: =SUM(E25:AW25) -> 92
D26: PR | E26: 2 | F26: 0 | G26: 0 | H26: 4 | I26: 3 | J26: 1 | K26: 0 | L26: 1 | M26: 0 | N26: 0 | O26: 2 | P26: 3 | Q26: 4 | R26: 3 | S26: 1 | T26: 2 | U26: 1 | V26: 0 | W26: 5 | X26: 3 | Y26: 1 | Z26: 4 | AA26: 0 | AB26: 3 | AC26: 1 | AD26: 0 | AE26: 0 | AF26: 0 | AG26: 2 | AH26: 0 | AI26: 0 | AJ26: 1 | AK26: 0 | AL26: 0 | AM26: 6 | AN26: 1 | AO26: 2 | AP26: 4 | AQ26: 0 | AR26: 8 | AS26: 1 | AT26: 9 | AU26: 0 | AV26: 1 | AW26: 2 | AX26: =SUM(E26:AW26) -> 81
D27: JML | E27: =SUM(E25:E26) -> 3 | F27: =SUM(F25:F26) -> 3 | G27: =SUM(G25:G26) -> 3 | H27: =SUM(H25:H26) -> 6 | I27: =SUM(I25:I26) -> 8 | J27: =SUM(J25:J26) -> 2 | K27: =SUM(K25:K26) -> 0 | L27: =SUM(L25:L26) -> 2 | ... AW27: =SUM(AW25:AW26) -> 4 | AX27: =SUM(E27:AW27) -> 173
B28: 4. | C28: Jumlah Pengguna Hak Pilih (B.1+B.2+B.3) | D28: LK | E28: =SUM(E19,E22,E25) -> 112 | F28: =SUM(F19,F22,F25) -> 117 | G28: =SUM(G19,G22,G25) -> 120 | H28: =SUM(H19,H22,H25) -> 122 | I28: =SUM(I19,I22,I25) -> 112 | J28: =SUM(J19,J22,J25) -> 113 | K28: =SUM(K19,K22,K25) -> 111 | L28: =SUM(L19,L22,L25) -> 94 | ... AW28: =SUM(AW19,AW22,AW25) -> 108 | AX28: =SUM(E28:AW28) -> 4701
D29: PR | E29: =SUM(E20,E23,E26) -> 114 | F29: =SUM(F20,F23,F26) -> 118 | G29: =SUM(G20,G23,G26) -> 116 | H29: =SUM(H20,H23,H26) -> 122 | I29: =SUM(I20,I23,I26) -> 118 | J29: =SUM(J20,J23,J26) -> 115 | K29: =SUM(K20,K23,K26) -> 108 | L29: =SUM(L20,L23,L26) -> 110 | ... AW29: =SUM(AW20,AW23,AW26) -> 93 | AX29: =SUM(E29:AW29) -> 4717
D30: JML | E30: =SUM(E28:E29) -> 226 | F30: =SUM(F28:F29) -> 235 | G30: =SUM(G28:G29) -> 236 | H30: =SUM(H28:H29) -> 244 | I30: =SUM(I28:I29) -> 230 | J30: =SUM(J28:J29) -> 228 | K30: =SUM(K28:K29) -> 219 | L30: =SUM(L28:L29) -> 204 | ... AW30: =SUM(AW28:AW29) -> 201 | AX30: =SUM(E30:AW30) -> 9418
A32: II | B32: DATA PENGGUNAAN SURAT SUARA
A33: 1 | B33: Jumlah surat suara yang diterima, termasuk surat suara cadangan 2,5% dari DPT | E33: 296 | F33: 298 | G33: 302 | H33: 304 | I33: 304 | J33: 301 | K33: 293 | L33: 283 | M33: 256 | N33: 302 | O33: 293 | P33: 294 | Q33: 294 | R33: 274 | S33: 222 | T33: 191 | U33: 226 | V33: 245 | W33: 265 | X33: 258 | Y33: 266 | Z33: 292 | AA33: 267 | AB33: 268 | AC33: 287 | AD33: 294 | AE33: 258 | AF33: 191 | AG33: 286 | AH33: 253 | AI33: 294 | AJ33: 299 | AK33: 303 | AL33: 291 | AM33: 293 | AN33: 290 | AO33: 289 | AP33: 244 | AQ33: 297 | AR33: 237 | AS33: 239 | AT33: 227 | AU33: 260 | AV33: 285 | AW33: 283 | AX33: =SUM(E33:AW33) -> 12294
A34: 2 | B34: Jumlah surat suara yang digunakan | E34: 226 | F34: 235 | G34: 236 | H34: 244 | I34: 230 | J34: 228 | K34: 219 | L34: 204 | M34: 183 | N34: 251 | O34: 225 | P34: 204 | Q34: 223 | R34: 225 | S34: 164 | T34: 150 | U34: 187 | V34: 161 | W34: 212 | X34: 212 | Y34: 214 | Z34: 226 | AA34: 194 | AB34: 216 | AC34: 225 | AD34: 228 | AE34: 195 | AF34: 163 | AG34: 225 | AH34: 198 | AI34: 222 | AJ34: 235 | AK34: 235 | AL34: 218 | AM34: 204 | AN34: 229 | AO34: 236 | AP34: 182 | AQ34: 223 | AR34: 184 | AS34: 157 | AT34: 185 | AU34: 176 | AV34: 221 | AW34: 201 | AX34: =SUM(E34:AW34) -> 9411
A35: 3 | B35: Jumlah surat suara dikembalikan oleh pemilih (karena rusak atau keliru coblos) | E35: 0 | F35: 2 | G35: 2 | H35: 4 | I35: 0 | J35: 0 | K35: 0 | L35: 0 | M35: 0 | N35: 1 | O35: 0 | P35: 0 | Q35: 0 | R35: 1 | S35: 2 | T35: 0 | U35: 1 | V35: 0 | W35: 0 | X35: 0 | Y35: 0 | Z35: 0 | AA35: 0 | AB35: 2 | AC35: 0 | AD35: 7 | AE35: 0 | AF35: 0 | AG35: 0 | AH35: 0 | AI35: 0 | AJ35: 0 | AK35: 0 | AL35: 0 | AM35: 0 | AN35: 0 | AO35: 0 | AP35: 0 | AQ35: 0 | AR35: 0 | AS35: 0 | AT35: 1 | AU35: 0 | AV35: 0 | AW35: 0 | AX35: =SUM(E35:AW35) -> 23
A36: 4 | B36: Jumlah surat suara yang tidak digunakan/tidak terpakai, termasuk sisa surat suara cadangan | E36: =E33-(E34+E35) -> 70 | F36: =F33-(F34+F35) -> 61 | G36: =G33-(G34+G35) -> 64 | H36: =H33-(H34+H35) -> 56 | I36: =I33-(I34+I35) -> 74 | J36: =J33-(J34+J35) -> 73 | K36: =K33-(K34+K35) -> 74 | L36: =L33-(L34+L35) -> 79 | ... AW36: =AW33-(AW34+AW35) -> 82 | AX36: =SUM(E36:AW36) -> 2860
A38: III | B38: DATA PEMILIH DISABILITAS
B39: Jumlah seluruh Pemilih disabilitas yang menggunakan hak pilih | D39: LK | E39: 0 | F39: 0 | G39: 0 | H39: 0 | I39: 0 | J39: 0 | K39: 0 | L39: 0 | M39: 0 | N39: 0 | O39: 1 | P39: 0 | Q39: 0 | R39: 0 | S39: 0 | T39: 0 | U39: 0 | V39: 0 | W39: 0 | X39: 0 | Y39: 0 | Z39: 0 | AA39: 0 | AB39: 0 | AC39: 0 | AD39: 0 | AE39: 0 | AF39: 2 | AG39: 0 | AH39: 1 | AI39: 1 | AJ39: 0 | AK39: 0 | AL39: 0 | AM39: 0 | AN39: 0 | AO39: 0 | AP39: 0 | AQ39: 0 | AR39: 1 | AS39: 0 | AT39: 0 | AU39: 0 | AV39: 0 | AW39: 0 | AX39: =SUM(E39:AW39) -> 6
D40: PR | E40: 0 | F40: 0 | G40: 0 | H40: 0 | I40: 0 | J40: 2 | K40: 0 | L40: 0 | M40: 0 | N40: 0 | O40: 0 | P40: 1 | Q40: 0 | R40: 0 | S40: 0 | T40: 0 | U40: 0 | V40: 0 | W40: 0 | X40: 0 | Y40: 0 | Z40: 0 | AA40: 0 | AB40: 0 | AC40: 0 | AD40: 0 | AE40: 0 | AF40: 0 | AG40: 0 | AH40: 0 | AI40: 0 | AJ40: 0 | AK40: 0 | AL40: 0 | AM40: 0 | AN40: 0 | AO40: 0 | AP40: 0 | AQ40: 0 | AR40: 1 | AS40: 0 | AT40: 0 | AU40: 0 | AV40: 0 | AW40: 0 | AX40: =SUM(E40:AW40) -> 4
D41: JML | E41: =SUM(E39:E40) -> 0 | F41: =SUM(F39:F40) -> 0 | G41: =SUM(G39:G40) -> 0 | H41: =SUM(H39:H40) -> 0 | I41: =SUM(I39:I40) -> 0 | J41: =SUM(J39:J40) -> 2 | K41: =SUM(K39:K40) -> 0 | L41: =SUM(L39:L40) -> 0 | ... AW41: =SUM(AW39:AW40) -> 0 | AX41: =SUM(E41:AW41) -> 10
A43: IV | B43: DATA RINCIAN PEROLEHAN SUARA PASANGAN CALON BUPATI DAN WAKIL BUPATI
A44: NOMOR DAN NAMA CALON
A45: A.1 | B45: 1. | C45: Partai Kebangkitan Bangsa | E45: 7 | F45: 9 | G45: 12 | H45: 9 | I45: 7 | J45: 8 | K45: 13 | L45: 11 | M45: 10 | N45: 14 | O45: 6 | P45: 5 | Q45: 6 | R45: 4 | S45: 4 | T45: 7 | U45: 10 | V45: 4 | W45: 2 | X45: 3 | Y45: 2 | Z45: 8 | AA45: 2 | AB45: 8 | AC45: 13 | AD45: 2 | AE45: 12 | AF45: 6 | AG45: 12 | AH45: 7 | AI45: 8 | AJ45: 11 | AK45: 11 | AL45: 5 | AM45: 6 | AN45: 3 | AO45: 6 | AP45: 3 | AQ45: 4 | AR45: 5 | AS45: 5 | AT45: 4 | AU45: 10 | AV45: 10 | AW45: 8 | AX45: =SUM(E45:AW45) -> 322
A46: A.2 | C46: 1. Dra. Hj. MA`MULAH HARUN, M.Pd.I. | E46: 10 | F46: 21 | G46: 29 | H46: 9 | I46: 8 | J46: 10 | K46: 20 | L46: 27 | M46: 23 | N46: 34 | O46: 13 | P46: 14 | Q46: 23 | R46: 30 | S46: 7 | T46: 20 | U46: 10 | V46: 12 | W46: 6 | X46: 14 | Y46: 2 | Z46: 15 | AA46: 15 | AB46: 17 | AC46: 31 | AD46: 7 | AE46: 8 | AF46: 11 | AG46: 15 | AH46: 17 | AI46: 14 | AJ46: 12 | AK46: 1 | AL46: 5 | AM46: 3 | AN46: 3 | AO46: 3 | AP46: 4 | AQ46: 18 | AR46: 6 | AS46: 6 | AT46: 5 | AU46: 49 | AV46: 40 | AW46: 30 | AX46: =SUM(E46:AW46) -> 677
C47: 2. UBAIDILLAH, S.Fil.I. | E47: 3 | F47: 2 | G47: 1 | H47: 4 | I47: 2 | J47: 3 | K47: 2 | L47: 3 | M47: 7 | N47: 7 | O47: 3 | P47: 2 | Q47: 3 | R47: 5 | S47: 0 | T47: 3 | U47: 1 | V47: 0 | W47: 3 | X47: 1 | Y47: 2 | Z47: 3 | AA47: 0 | AB47: 1 | AC47: 4 | AD47: 2 | AE47: 0 | AF47: 0 | AG47: 3 | AH47: 1 | AI47: 1 | AJ47: 1 | AK47: 3 | AL47: 0 | AM47: 3 | AN47: 2 | AO47: 1 | AP47: 1 | AQ47: 1 | AR47: 3 | AS47: 3 | AT47: 0 | AU47: 1 | AV47: 0 | AW47: 0 | AX47: =SUM(E47:AW47) -> 91
C48: 3. Ir. H. YOYOK MULYADI, M.Si. | E48: 0 | F48: 3 | G48: 0 | H48: 1 | I48: 0 | J48: 1 | K48: 1 | L48: 0 | M48: 1 | N48: 3 | O48: 2 | P48: 0 | Q48: 0 | R48: 2 | S48: 3 | T48: 0 | U48: 3 | V48: 1 | W48: 1 | X48: 0 | Y48: 0 | Z48: 3 | AA48: 2 | AB48: 0 | AC48: 0 | AD48: 0 | AE48: 1 | AF48: 1 | AG48: 1 | AH48: 2 | AI48: 1 | AJ48: 0 | AK48: 0 | AL48: 1 | AM48: 1 | AN48: 0 | AO48: 0 | AP48: 0 | AQ48: 1 | AR48: 1 | AS48: 3 | AT48: 0 | AU48: 0 | AV48: 0 | AW48: 0 | AX48: =SUM(E48:AW48) -> 40
C49: 4. KHOIRUL ANWAR, S.Fil.I. | E49: 2 | F49: 4 | G49: 1 | H49: 1 | I49: 0 | J49: 1 | K49: 2 | L49: 2 | M49: 1 | N49: 3 | O49: 1 | P49: 2 | Q49: 3 | R49: 4 | S49: 1 | T49: 1 | U49: 2 | V49: 0 | W49: 1 | X49: 1 | Y49: 0 | Z49: 2 | AA49: 4 | AB49: 0 | AC49: 4 | AD49: 1 | AE49: 1 | AF49: 0 | AG49: 3 | AH49: 1 | AI49: 0 | AJ49: 1 | AK49: 2 | AL49: 0 | AM49: 0 | AN49: 0 | AO49: 2 | AP49: 0 | AQ49: 1 | AR49: 2 | AS49: 3 | AT49: 0 | AU49: 2 | AV49: 1 | AW49: 1 | AX49: =SUM(E49:AW49) -> 64
C50: 5. ARIF WIJAKSANA | E50: 1 | F50: 1 | G50: 4 | H50: 0 | I50: 2 | J50: 1 | K50: 2 | L50: 1 | M50: 1 | N50: 3 | O50: 1 | P50: 0 | Q50: 2 | R50: 0 | S50: 2 | T50: 0 | U50: 0 | V50: 0 | W50: 3 | X50: 0 | Y50: 0 | Z50: 0 | AA50: 1 | AB50: 0 | AC50: 2 | AD50: 1 | AE50: 0 | AF50: 0 | AG50: 0 | AH50: 2 | AI50: 0 | AJ50: 0 | AK50: 0 | AL50: 1 | AM50: 2 | AN50: 0 | AO50: 0 | AP50: 0 | AQ50: 0 | AR50: 0 | AS50: 2 | AT50: 0 | AU50: 2 | AV50: 0 | AW50: 1 | AX50: =SUM(E50:AW50) -> 38
C51: 6. Dr. SITI YUMNAH | E51: 1 | F51: 1 | G51: 1 | H51: 1 | I51: 0 | J51: 1 | K51: 0 | L51: 1 | M51: 2 | N51: 1 | O51: 0 | P51: 1 | Q51: 0 | R51: 2 | S51: 0 | T51: 0 | U51: 0 | V51: 1 | W51: 1 | X51: 0 | Y51: 0 | Z51: 0 | AA51: 1 | AB51: 1 | AC51: 0 | AD51: 0 | AE51: 0 | AF51: 1 | AG51: 1 | AH51: 0 | AI51: 0 | AJ51: 0 | AK51: 0 | AL51: 0 | AM51: 0 | AN51: 0 | AO51: 1 | AP51: 0 | AQ51: 0 | AR51: 1 | AS51: 0 | AT51: 0 | AU51: 1 | AV51: 0 | AW51: 0 | AX51: =SUM(E51:AW51) -> 21
C52: 7. MOHAMMAD ZAINI, M.Pd.I. | E52: 3 | F52: 4 | G52: 1 | H52: 1 | I52: 5 | J52: 10 | K52: 4 | L52: 1 | M52: 2 | N52: 3 | O52: 3 | P52: 5 | Q52: 5 | R52: 2 | S52: 4 | T52: 2 | U52: 4 | V52: 1 | W52: 2 | X52: 0 | Y52: 1 | Z52: 0 | AA52: 1 | AB52: 1 | AC52: 4 | AD52: 4 | AE52: 0 | AF52: 2 | AG52: 3 | AH52: 3 | AI52: 0 | AJ52: 0 | AK52: 0 | AL52: 2 | AM52: 4 | AN52: 4 | AO52: 0 | AP52: 2 | AQ52: 1 | AR52: 4 | AS52: 1 | AT52: 1 | AU52: 4 | AV52: 1 | AW52: 1 | AX52: =SUM(E52:AW52) -> 106
C53: 8. FAWAIDUL MAKKIYAH | E53: 0 | F53: 0 | G53: 0 | H53: 2 | I53: 0 | J53: 1 | K53: 1 | L53: 1 | M53: 0 | N53: 0 | O53: 0 | P53: 0 | Q53: 1 | R53: 2 | S53: 0 | T53: 0 | U53: 0 | V53: 0 | W53: 1 | X53: 1 | Y53: 0 | Z53: 0 | AA53: 0 | AB53: 0 | AC53: 1 | AD53: 0 | AE53: 0 | AF53: 0 | AG53: 0 | AH53: 0 | AI53: 0 | AJ53: 0 | AK53: 1 | AL53: 0 | AM53: 0 | AN53: 0 | AO53: 0 | AP53: 1 | AQ53: 0 | AR53: 1 | AS53: 0 | AT53: 0 | AU53: 0 | AV53: 1 | AW53: 0 | AX53: =SUM(E53:AW53) -> 15
C54: 9. IFFAH HIDAYATUR ROHMAH, S.Sos. | E54: 2 | F54: 0 | G54: 2 | H54: 0 | I54: 3 | J54: 1 | K54: 0 | L54: 4 | M54: 2 | N54: 2 | O54: 1 | P54: 0 | Q54: 0 | R54: 6 | S54: 1 | T54: 1 | U54: 2 | V54: 2 | W54: 0 | X54: 0 | Y54: 0 | Z54: 0 | AA54: 1 | AB54: 4 | AC54: 1 | AD54: 3 | AE54: 3 | AF54: 2 | AG54: 3 | AH54: 0 | AI54: 0 | AJ54: 1 | AK54: 0 | AL54: 0 | AM54: 0 | AN54: 2 | AO54: 0 | AP54: 1 | AQ54: 2 | AR54: 0 | AS54: 1 | AT54: 0 | AU54: 0 | AV54: 0 | AW54: 1 | AX54: =SUM(E54:AW54) -> 54
A55: B | B55: JUMLAH SUARA SAH PARTAI POLITIK DAN CALON (A1 + A2) | E55: =SUM(E45:E54) -> 29 | F55: =SUM(F45:F54) -> 45 | G55: =SUM(G45:G54) -> 51 | H55: =SUM(H45:H54) -> 28 | I55: =SUM(I45:I54) -> 27 | J55: =SUM(J45:J54) -> 37 | K55: =SUM(K45:K54) -> 45 | L55: =SUM(L45:L54) -> 51 | ... AX55: =SUM(AX45:AX54) -> 1428
A57: A.1 | B57: 2. | C57: Partai Gerakan Indonesia Raya | E57: 15 | F57: 24 | G57: 12 | H57: 16 | I57: 18 | J57: 18 | K57: 10 | L57: 7 | M57: 4 | N57: 16 | O57: 19 | P57: 15 | Q57: 10 | R57: 19 | S57: 8 | T57: 8 | U57: 16 | V57: 10 | W57: 20 | X57: 21 | Y57: 25 | Z57: 18 | AA57: 18 | AB57: 7 | AC57: 9 | AD57: 15 | AE57: 10 | AF57: 4 | AG57: 14 | AH57: 10 | AI57: 20 | AJ57: 20 | AK57: 25 | AL57: 14 | AM57: 23 | AN57: 26 | AO57: 31 | AP57: 21 | AQ57: 8 | AR57: 14 | AS57: 14 | AT57: 12 | AU57: 3 | AV57: 13 | AW57: 12 | AX57: =SUM(E57:AW57) -> 672
A58: A.2 | C58: 1. AHMAD HADINUDDIN, S.Pd.I. | E58: 5 | F58: 4 | G58: 9 | H58: 11 | I58: 7 | J58: 13 | K58: 3 | L58: 5 | M58: 6 | N58: 20 | O58: 14 | P58: 2 | Q58: 14 | R58: 10 | S58: 5 | T58: 8 | U58: 8 | V58: 12 | W58: 4 | X58: 5 | Y58: 13 | Z58: 8 | AA58: 1 | AB58: 13 | AC58: 9 | AD58: 5 | AE58: 9 | AF58: 4 | AG58: 6 | AH58: 8 | AI58: 6 | AJ58: 13 | AK58: 8 | AL58: 9 | AM58: 8 | AN58: 9 | AO58: 18 | AP58: 10 | AQ58: 22 | AR58: 8 | AS58: 7 | AT58: 11 | AU58: 22 | AV58: 28 | AW58: 24 | AX58: =SUM(E58:AW58) -> 444
C59: 2. BIMA RAFSANJANI RAFID | E59: 2 | F59: 8 | G59: 4 | H59: 3 | I59: 4 | J59: 7 | K59: 3 | L59: 3 | M59: 0 | N59: 1 | O59: 5 | P59: 6 | Q59: 6 | R59: 8 | S59: 3 | T59: 4 | U59: 3 | V59: 1 | W59: 5 | X59: 8 | Y59: 6 | Z59: 7 | AA59: 6 | AB59: 5 | AC59: 5 | AD59: 5 | AE59: 3 | AF59: 5 | AG59: 5 | AH59: 2 | AI59: 2 | AJ59: 3 | AK59: 3 | AL59: 18 | AM59: 20 | AN59: 27 | AO59: 38 | AP59: 19 | AQ59: 13 | AR59: 9 | AS59: 18 | AT59: 10 | AU59: 2 | AV59: 5 | AW59: 1 | AX59: =SUM(E59:AW59) -> 321
C60: 3. IRA DAMAYANTI | E60: 4 | F60: 5 | G60: 4 | H60: 3 | I60: 8 | J60: 2 | K60: 3 | L60: 1 | M60: 0 | N60: 3 | O60: 3 | P60: 3 | Q60: 3 | R60: 7 | S60: 1 | T60: 2 | U60: 4 | V60: 4 | W60: 4 | X60: 4 | Y60: 2 | Z60: 4 | AA60: 4 | AB60: 1 | AC60: 2 | AD60: 3 | AE60: 5 | AF60: 4 | AG60: 5 | AH60: 5 | AI60: 11 | AJ60: 4 | AK60: 4 | AL60: 4 | AM60: 5 | AN60: 3 | AO60: 5 | AP60: 7 | AQ60: 5 | AR60: 3 | AS60: 3 | AT60: 4 | AU60: 0 | AV60: 3 | AW60: 3 | AX60: =SUM(E60:AW60) -> 167
C61: 4. MAULANA MALIK IBRAHIM, S.H. | E61: 10 | F61: 3 | G61: 8 | H61: 12 | I61: 7 | J61: 5 | K61: 1 | L61: 3 | M61: 2 | N61: 21 | O61: 3 | P61: 4 | Q61: 2 | R61: 4 | S61: 4 | T61: 3 | U61: 2 | V61: 2 | W61: 3 | X61: 6 | Y61: 1 | Z61: 5 | AA61: 3 | AB61: 4 | AC61: 5 | AD61: 5 | AE61: 2 | AF61: 0 | AG61: 6 | AH61: 1 | AI61: 5 | AJ61: 5 | AK61: 2 | AL61: 5 | AM61: 5 | AN61: 2 | AO61: 1 | AP61: 4 | AQ61: 7 | AR61: 2 | AS61: 1 | AT61: 2 | AU61: 1 | AV61: 2 | AW61: 4 | AX61: =SUM(E61:AW61) -> 185
C62: 5. LULUK ALFIATI | E62: 0 | F62: 3 | G62: 3 | H62: 2 | I62: 4 | J62: 2 | K62: 0 | L62: 3 | M62: 2 | N62: 0 | O62: 1 | P62: 1 | Q62: 2 | R62: 1 | S62: 4 | T62: 1 | U62: 2 | V62: 2 | W62: 1 | X62: 0 | Y62: 1 | Z62: 1 | AA62: 0 | AB62: 1 | AC62: 1 | AD62: 4 | AE62: 1 | AF62: 3 | AG62: 2 | AH62: 1 | AI62: 1 | AJ62: 4 | AK62: 3 | AL62: 1 | AM62: 3 | AN62: 5 | AO62: 1 | AP62: 2 | AQ62: 2 | AR62: 1 | AS62: 0 | AT62: 2 | AU62: 2 | AV62: 0 | AW62: 0 | AX62: =SUM(E62:AW62) -> 76
C63: 6. ILHAM WAHYUDI, S.H. | E63: 2 | F63: 0 | G63: 2 | H63: 0 | I63: 1 | J63: 1 | K63: 0 | L63: 0 | M63: 2 | N63: 1 | O63: 1 | P63: 0 | Q63: 1 | R63: 1 | S63: 0 | T63: 0 | U63: 0 | V63: 2 | W63: 0 | X63: 0 | Y63: 0 | Z63: 0 | AA63: 0 | AB63: 0 | AC63: 0 | AD63: 0 | AE63: 1 | AF63: 0 | AG63: 1 | AH63: 0 | AI63: 0 | AJ63: 0 | AK63: 2 | AL63: 0 | AM63: 0 | AN63: 0 | AO63: 0 | AP63: 2 | AQ63: 1 | AR63: 0 | AS63: 1 | AT63: 0 | AU63: 0 | AV63: 0 | AW63: 1 | AX63: =SUM(E63:AW63) -> 23
C64: 7. HAERUL ANWAR, S.Pd.I. | E64: 1 | F64: 1 | G64: 2 | H64: 0 | I64: 1 | J64: 0 | K64: 0 | L64: 0 | M64: 0 | N64: 1 | O64: 0 | P64: 0 | Q64: 0 | R64: 1 | S64: 1 | T64: 1 | U64: 0 | V64: 0 | W64: 0 | X64: 0 | Y64: 0 | Z64: 0 | AA64: 0 | AB64: 0 | AC64: 2 | AD64: 0 | AE64: 0 | AF64: 0 | AG64: 0 | AH64: 0 | AI64: 2 | AJ64: 1 | AK64: 0 | AL64: 0 | AM64: 0 | AN64: 0 | AO64: 0 | AP64: 0 | AQ64: 0 | AR64: 0 | AS64: 2 | AT64: 0 | AU64: 1 | AV64: 0 | AW64: 0 | AX64: =SUM(E64:AW64) -> 17
C65: 8. YOVI ADHITYA WARDANI | E65: 1 | F65: 2 | G65: 1 | H65: 0 | I65: 1 | J65: 1 | K65: 0 | L65: 0 | M65: 0 | N65: 0 | O65: 0 | P65: 1 | Q65: 0 | R65: 0 | S65: 2 | T65: 0 | U65: 0 | V65: 0 | W65: 0 | X65: 0 | Y65: 1 | Z65: 0 | AA65: 0 | AB65: 0 | AC65: 0 | AD65: 0 | AE65: 0 | AF65: 1 | AG65: 0 | AH65: 0 | AI65: 1 | AJ65: 1 | AK65: 1 | AL65: 1 | AM65: 1 | AN65: 1 | AO65: 0 | AP65: 0 | AQ65: 0 | AR65: 0 | AS65: 1 | AT65: 0 | AU65: 1 | AV65: 1 | AW65: 0 | AX65: =SUM(E65:AW65) -> 20
C66: 9. RITA AMELIA | E66: 0 | F66: 0 | G66: 1 | H66: 0 | I66: 1 | J66: 2 | K66: 2 | L66: 1 | M66: 1 | N66: 3 | O66: 2 | P66: 1 | Q66: 0 | R66: 0 | S66: 2 | T66: 1 | U66: 2 | V66: 1 | W66: 3 | X66: 1 | Y66: 2 | Z66: 0 | AA66: 2 | AB66: 0 | AC66: 0 | AD66: 0 | AE66: 0 | AF66: 1 | AG66: 0 | AH66: 1 | AI66: 1 | AJ66: 1 | AK66: 0 | AL66: 1 | AM66: 1 | AN66: 0 | AO66: 2 | AP66: 1 | AQ66: 1 | AR66: 0 | AS66: 0 | AT66: 2 | AU66: 0 | AV66: 0 | AW66: 1 | AX66: =SUM(E66:AW66) -> 41
A67: B | B67: JUMLAH SUARA SAH PARTAI POLITIK DAN CALON (A1 + A2) | E67: =SUM(E57:E66) -> 40 | F67: =SUM(F57:F66) -> 50 | G67: =SUM(G57:G66) -> 46 | H67: =SUM(H57:H66) -> 47 | I67: =SUM(I57:I66) -> 52 | J67: =SUM(J57:J66) -> 51 | K67: =SUM(K57:K66) -> 22 | L67: =SUM(L57:L66) -> 23 | ... AX67: =SUM(AX57:AX66) -> 1966
A69: A.1 | B69: 3. | C69: Partai Demokrasi Indonesia Perjuangan | E69: 12 | F69: 11 | G69: 12 | H69: 25 | I69: 6 | J69: 13 | K69: 10 | L69: 18 | M69: 10 | N69: 10 | O69: 15 | P69: 18 | Q69: 11 | R69: 10 | S69: 14 | T69: 12 | U69: 13 | V69: 11 | W69: 29 | X69: 21 | Y69: 14 | Z69: 17 | AA69: 18 | AB69: 8 | AC69: 17 | AD69: 15 | AE69: 11 | AF69: 9 | AG69: 17 | AH69: 13 | AI69: 21 | AJ69: 10 | AK69: 35 | AL69: 18 | AM69: 9 | AN69: 5 | AO69: 13 | AP69: 0 | AQ69: 7 | AR69: 3 | AS69: 7 | AT69: 21 | AU69: 10 | AV69: 5 | AW69: 5 | AX69: =SUM(E69:AW69) -> 589
A70: A.2 | C70: 1. MARTIN H., S.H., M.H. | E70: 6 | F70: 2 | G70: 5 | H70: 4 | I70: 8 | J70: 6 | K70: 5 | L70: 6 | M70: 2 | N70: 2 | O70: 7 | P70: 2 | Q70: 18 | R70: 5 | S70: 5 | T70: 1 | U70: 10 | V70: 13 | W70: 5 | X70: 5 | Y70: 7 | Z70: 7 | AA70: 4 | AB70: 8 | AC70: 7 | AD70: 5 | AE70: 2 | AF70: 9 | AG70: 7 | AH70: 3 | AI70: 8 | AJ70: 15 | AK70: 8 | AL70: 1 | AM70: 8 | AN70: 1 | AO70: 7 | AP70: 3 | AQ70: 6 | AR70: 3 | AS70: 1 | AT70: 4 | AU70: 1 | AV70: 3 | AW70: 8 | AX70: =SUM(E70:AW70) -> 253
C71: 2. HERMANTO, S.E. | E71: 3 | F71: 0 | G71: 6 | H71: 2 | I71: 12 | J71: 6 | K71: 5 | L71: 2 | M71: 1 | N71: 3 | O71: 5 | P71: 9 | Q71: 2 | R71: 2 | S71: 4 | T71: 5 | U71: 7 | V71: 3 | W71: 8 | X71: 2 | Y71: 10 | Z71: 7 | AA71: 3 | AB71: 2 | AC71: 4 | AD71: 12 | AE71: 3 | AF71: 13 | AG71: 3 | AH71: 2 | AI71: 3 | AJ71: 5 | AK71: 7 | AL71: 3 | AM71: 5 | AN71: 3 | AO71: 3 | AP71: 3 | AQ71: 5 | AR71: 3 | AS71: 3 | AT71: 14 | AU71: 0 | AV71: 4 | AW71: 4 | AX71: =SUM(E71:AW71) -> 211
C72: 3. EVY SUSILAWATI, S.E., M.M. | E72: 1 | F72: 2 | G72: 2 | H72: 6 | I72: 4 | J72: 2 | K72: 5 | L72: 3 | M72: 5 | N72: 2 | O72: 4 | P72: 5 | Q72: 2 | R72: 6 | S72: 10 | T72: 0 | U72: 7 | V72: 6 | W72: 3 | X72: 6 | Y72: 10 | Z72: 1 | AA72: 9 | AB72: 0 | AC72: 3 | AD72: 8 | AE72: 2 | AF72: 1 | AG72: 0 | AH72: 2 | AI72: 3 | AJ72: 5 | AK72: 7 | AL72: 3 | AM72: 5 | AN72: 3 | AO72: 3 | AP72: 3 | AQ72: 4 | AR72: 2 | AS72: 3 | AT72: 5 | AU72: 1 | AV72: 1 | AW72: 4 | AX72: =SUM(E72:AW72) -> 169
C73: 4. M. SIROTTUDIN | E73: 1 | F73: 3 | G73: 0 | H73: 5 | I73: 3 | J73: 4 | K73: 1 | L73: 0 | M73: 1 | N73: 0 | O73: 1 | P73: 4 | Q73: 7 | R73: 1 | S73: 0 | T73: 3 | U73: 1 | V73: 4 | W73: 0 | X73: 1 | Y73: 1 | Z73: 2 | AA73: 0 | AB73: 0 | AC73: 2 | AD73: 0 | AE73: 4 | AF73: 1 | AG73: 1 | AH73: 2 | AI73: 4 | AJ73: 3 | AK73: 3 | AL73: 3 | AM73: 3 | AN73: 0 | AO73: 1 | AP73: 1 | AQ73: 2 | AR73: 1 | AS73: 2 | AT73: 2 | AU73: 0 | AV73: 1 | AW73: 3 | AX73: =SUM(E73:AW73) -> 82
C74: 5. ABDUL HAFID, S.H. | E74: 3 | F74: 3 | G74: 4 | H74: 2 | I74: 1 | J74: 2 | K74: 0 | L74: 0 | M74: 1 | N74: 2 | O74: 1 | P74: 0 | Q74: 1 | R74: 0 | S74: 5 | T74: 3 | U74: 1 | V74: 1 | W74: 4 | X74: 0 | Y74: 0 | Z74: 2 | AA74: 5 | AB74: 0 | AC74: 3 | AD74: 3 | AE74: 3 | AF74: 0 | AG74: 1 | AH74: 1 | AI74: 1 | AJ74: 1 | AK74: 1 | AL74: 1 | AM74: 1 | AN74: 1 | AO74: 1 | AP74: 1 | AQ74: 1 | AR74: 1 | AS74: 1 | AT74: 1 | AU74: 0 | AV74: 0 | AW74: 1 | AX74: =SUM(E74:AW74) -> 65
C75: 6. NIKITA FORTUNA SURYANINGATI, A.Md.Keb. | E75: 2 | F75: 1 | G75: 2 | H75: 3 | I75: 1 | J75: 3 | K75: 3 | L75: 1 | M75: 1 | N75: 3 | O75: 0 | P75: 1 | Q75: 1 | R75: 2 | S75: 3 | T75: 0 | U75: 3 | V75: 1 | W75: 0 | X75: 2 | Y75: 0 | Z75: 2 | AA75: 1 | AB75: 0 | AC75: 2 | AD75: 3 | AE75: 0 | AF75: 0 | AG75: 2 | AH75: 1 | AI75: 0 | AJ75: 0 | AK75: 1 | AL75: 1 | AM75: 1 | AN75: 0 | AO75: 0 | AP75: 0 | AQ75: 0 | AR75: 0 | AS75: 0 | AT75: 5 | AU75: 1 | AV75: 0 | AW75: 0 | AX75: =SUM(E75:AW75) -> 53
C76: 7. YUDHO ILHAM WIJAYA, S.E. | E76: 1 | F76: 0 | G76: 2 | H76: 1 | I76: 0 | J76: 0 | K76: 2 | L76: 1 | M76: 2 | N76: 0 | O76: 0 | P76: 1 | Q76: 0 | R76: 0 | S76: 4 | T76: 1 | U76: 0 | V76: 1 | W76: 0 | X76: 0 | Y76: 0 | Z76: 1 | AA76: 1 | AB76: 0 | AC76: 2 | AD76: 0 | AE76: 3 | AF76: 2 | AG76: 1 | AH76: 0 | AI76: 1 | AJ76: 0 | AK76: 1 | AL76: 1 | AM76: 0 | AN76: 1 | AO76: 0 | AP76: 0 | AQ76: 0 | AR76: 0 | AS76: 0 | AT76: 0 | AU76: 0 | AV76: 0 | AW76: 0 | AX76: =SUM(E76:AW76) -> 30
C77: 8. SETIAWATI, S.H. | E77: 1 | F77: 0 | G77: 0 | H77: 2 | I77: 2 | J77: 2 | K77: 1 | L77: 1 | M77: 0 | N77: 0 | O77: 1 | P77: 2 | Q77: 0 | R77: 0 | S77: 2 | T77: 0 | U77: 2 | V77: 1 | W77: 0 | X77: 1 | Y77: 0 | Z77: 0 | AA77: 1 | AB77: 0 | AC77: 1 | AD77: 1 | AE77: 0 | AF77: 0 | AG77: 1 | AH77: 2 | AI77: 2 | AJ77: 2 | AK77: 1 | AL77: 0 | AM77: 0 | AN77: 0 | AO77: 1 | AP77: 0 | AQ77: 1 | AR77: 0 | AS77: 0 | AT77: 0 | AU77: 0 | AV77: 1 | AW77: 0 | AX77: =SUM(E77:AW77) -> 32
C78: 9. EKO BUDI SANTOSO, S.H. | E78: 2 | F78: 0 | G78: 1 | H78: 2 | I78: 6 | J78: 1 | K78: 1 | L78: 1 | M78: 1 | N78: 0 | O78: 1 | P78: 4 | Q78: 3 | R78: 1 | S78: 1 | T78: 1 | U78: 2 | V78: 5 | W78: 1 | X78: 0 | Y78: 0 | Z78: 2 | AA78: 2 | AB78: 1 | AC78: 0 | AD78: 1 | AE78: 2 | AF78: 2 | AG78: 0 | AH78: 3 | AI78: 0 | AJ78: 0 | AK78: 0 | AL78: 2 | AM78: 1 | AN78: 2 | AO78: 1 | AP78: 0 | AQ78: 0 | AR78: 1 | AS78: 0 | AT78: 2 | AU78: 0 | AV78: 0 | AW78: 1 | AX78: =SUM(E78:AW78) -> 57
A79: B | B79: JUMLAH SUARA SAH PARTAI POLITIK DAN CALON (A1 + A2) | E79: =SUM(E69:E78) -> 32 | F79: =SUM(F69:F78) -> 22 | G79: =SUM(G69:G78) -> 34 | H79: =SUM(H69:H78) -> 52 | I79: =SUM(I69:I78) -> 43 | J79: =SUM(J69:J78) -> 39 | K79: =SUM(K69:K78) -> 33 | L79: =SUM(L69:L78) -> 33 | ... AX79: =SUM(AX69:AX78) -> 1541
A81: A.1 | B81: 4. | C81: Partai Golongan Karya | E81: 2 | F81: 5 | G81: 4 | H81: 9 | I81: 8 | J81: 8 | K81: 6 | L81: 3 | M81: 4 | N81: 6 | O81: 0 | P81: 3 | Q81: 2 | R81: 2 | S81: 5 | T81: 2 | U81: 6 | V81: 5 | W81: 4 | X81: 11 | Y81: 1 | Z81: 3 | AA81: 4 | AB81: 6 | AC81: 6 | AD81: 4 | AE81: 10 | AF81: 4 | AG81: 7 | AH81: 3 | AI81: 4 | AJ81: 5 | AK81: 11 | AL81: 3 | AM81: 3 | AN81: 6 | AO81: 5 | AP81: 1 | AQ81: 5 | AR81: 6 | AS81: 3 | AT81: 5 | AU81: 2 | AV81: 1 | AW81: 2 | AX81: =SUM(E81:AW81) -> 205
A82: A.2 | C82: 1. PRANAYA YUDHA MAHARDHIKA | E82: 7 | F82: 4 | G82: 7 | H82: 9 | I82: 9 | J82: 9 | K82: 25 | L82: 9 | M82: 33 | N82: 1 | O82: 1 | P82: 1 | Q82: 2 | R82: 3 | S82: 2 | T82: 5 | U82: 2 | V82: 2 | W82: 1 | X82: 24 | Y82: 29 | Z82: 16 | AA82: 3 | AB82: 9 | AC82: 6 | AD82: 12 | AE82: 6 | AF82: 5 | AG82: 7 | AH82: 4 | AI82: 5 | AJ82: 5 | AK82: 1 | AL82: 3 | AM82: 2 | AN82: 8 | AO82: 2 | AP82: 4 | AQ82: 8 | AR82: 1 | AS82: 7 | AT82: 2 | AU82: 2 | AV82: 1 | AW82: 2 | AX82: =SUM(E82:AW82) -> 306
C83: 2. Dra. Ec. ENDANG SULASTUTY, M.I.P. | E83: 0 | F83: 4 | G83: 1 | H83: 0 | I83: 1 | J83: 1 | K83: 1 | L83: 4 | M83: 0 | N83: 0 | O83: 0 | P83: 0 | Q83: 0 | R83: 2 | S83: 1 | T83: 1 | U83: 0 | V83: 0 | W83: 1 | X83: 1 | Y83: 1 | Z83: 1 | AA83: 1 | AB83: 0 | AC83: 2 | AD83: 0 | AE83: 4 | AF83: 2 | AG83: 4 | AH83: 2 | AI83: 2 | AJ83: 1 | AK83: 0 | AL83: 1 | AM83: 0 | AN83: 1 | AO83: 1 | AP83: 1 | AQ83: 4 | AR83: 1 | AS83: 3 | AT83: 0 | AU83: 0 | AV83: 1 | AW83: 1 | AX83: =SUM(E83:AW83) -> 52
C84: 3. AGUS REJEKI WARTONO | E84: 3 | F84: 2 | G84: 0 | H84: 1 | I84: 1 | J84: 0 | K84: 1 | L84: 1 | M84: 1 | N84: 0 | O84: 1 | P84: 0 | Q84: 0 | R84: 2 | S84: 0 | T84: 0 | U84: 0 | V84: 0 | W84: 0 | X84: 1 | Y84: 1 | Z84: 0 | AA84: 1 | AB84: 0 | AC84: 0 | AD84: 0 | AE84: 0 | AF84: 1 | AG84: 1 | AH84: 0 | AI84: 0 | AJ84: 1 | AK84: 0 | AL84: 2 | AM84: 0 | AN84: 0 | AO84: 0 | AP84: 1 | AQ84: 0 | AR84: 1 | AS84: 0 | AT84: 0 | AU84: 1 | AV84: 1 | AW84: 0 | AX84: =SUM(E84:AW84) -> 25
C85: 4. Hj. TUTUK ASMA'A ZUCHROH, S.T., M.T. | E85: 2 | F85: 1 | G85: 0 | H85: 1 | I85: 1 | J85: 0 | K85: 3 | L85: 0 | M85: 1 | N85: 2 | O85: 1 | P85: 1 | Q85: 1 | R85: 0 | S85: 0 | T85: 1 | U85: 5 | V85: 0 | W85: 1 | X85: 1 | Y85: 0 | Z85: 2 | AA85: 0 | AB85: 0 | AC85: 2 | AD85: 0 | AE85: 4 | AF85: 3 | AG85: 4 | AH85: 1 | AI85: 3 | AJ85: 2 | AK85: 1 | AL85: 0 | AM85: 0 | AN85: 4 | AO85: 0 | AP85: 1 | AQ85: 0 | AR85: 1 | AS85: 0 | AT85: 1 | AU85: 0 | AV85: 0 | AW85: 1 | AX85: =SUM(E85:AW85) -> 52
C86: 5. ADE M. RIZKI, S.E. | E86: 0 | F86: 1 | G86: 1 | H86: 0 | I86: 1 | J86: 1 | K86: 1 | L86: 0 | M86: 0 | N86: 0 | O86: 0 | P86: 1 | Q86: 0 | R86: 0 | S86: 1 | T86: 1 | U86: 0 | V86: 1 | W86: 1 | X86: 0 | Y86: 1 | Z86: 0 | AA86: 0 | AB86: 2 | AC86: 1 | AD86: 0 | AE86: 2 | AF86: 3 | AG86: 0 | AH86: 0 | AI86: 0 | AJ86: 0 | AK86: 0 | AL86: 1 | AM86: 0 | AN86: 0 | AO86: 0 | AP86: 0 | AQ86: 0 | AR86: 1 | AS86: 0 | AT86: 0 | AU86: 0 | AV86: 0 | AW86: 0 | AX86: =SUM(E86:AW86) -> 21
C87: 6. ABDURAKHMAN, Bc.Kn. | E87: 0 | F87: 0 | G87: 0 | H87: 0 | I87: 2 | J87: 0 | K87: 2 | L87: 0 | M87: 0 | N87: 0 | O87: 0 | P87: 0 | Q87: 0 | R87: 0 | S87: 1 | T87: 1 | U87: 0 | V87: 0 | W87: 0 | X87: 1 | Y87: 1 | Z87: 0 | AA87: 0 | AB87: 1 | AC87: 1 | AD87: 1 | AE87: 2 | AF87: 0 | AG87: 0 | AH87: 0 | AI87: 0 | AJ87: 0 | AK87: 1 | AL87: 0 | AM87: 1 | AN87: 0 | AO87: 0 | AP87: 0 | AQ87: 0 | AR87: 1 | AS87: 0 | AT87: 0 | AU87: 0 | AV87: 0 | AW87: 0 | AX87: =SUM(E87:AW87) -> 16
C88: 7. CENDY RHIYAN ADI PUTRI | E88: 0 | F88: 0 | G88: 0 | H88: 0 | I88: 0 | J88: 1 | K88: 0 | L88: 1 | M88: 0 | N88: 0 | O88: 1 | P88: 1 | Q88: 0 | R88: 0 | S88: 0 | T88: 0 | U88: 0 | V88: 0 | W88: 0 | X88: 0 | Y88: 0 | Z88: 0 | AA88: 0 | AB88: 0 | AC88: 1 | AD88: 0 | AE88: 0 | AF88: 1 | AG88: 0 | AH88: 1 | AI88: 0 | AJ88: 0 | AK88: 0 | AL88: 0 | AM88: 0 | AN88: 0 | AO88: 0 | AP88: 0 | AQ88: 1 | AR88: 0 | AS88: 0 | AT88: 0 | AU88: 0 | AV88: 0 | AW88: 1 | AX88: =SUM(E88:AW88) -> 9
C89: 8. BAKTI WIJAYANTO, S.E. | E89: 0 | F89: 0 | G89: 0 | H89: 0 | I89: 0 | J89: 0 | K89: 0 | L89: 0 | M89: 0 | N89: 0 | O89: 0 | P89: 0 | Q89: 0 | R89: 0 | S89: 0 | T89: 0 | U89: 0 | V89: 0 | W89: 0 | X89: 0 | Y89: 0 | Z89: 0 | AA89: 0 | AB89: 0 | AC89: 0 | AD89: 0 | AE89: 0 | AF89: 1 | AG89: 0 | AH89: 0 | AI89: 0 | AJ89: 0 | AK89: 0 | AL89: 0 | AM89: 0 | AN89: 0 | AO89: 0 | AP89: 0 | AQ89: 0 | AR89: 1 | AS89: 0 | AT89: 0 | AU89: 0 | AV89: 0 | AW89: 0 | AX89: =SUM(E89:AW89) -> 2
C90: 9. AHMAD UBAIDILLAH | E90: 0 | F90: 0 | G90: 0 | H90: 0 | I90: 0 | J90: 0 | K90: 2 | L90: 0 | M90: 1 | N90: 0 | O90: 0 | P90: 0 | Q90: 0 | R90: 0 | S90: 0 | T90: 0 | U90: 0 | V90: 0 | W90: 0 | X90: 0 | Y90: 1 | Z90: 0 | AA90: 0 | AB90: 0 | AC90: 0 | AD90: 0 | AE90: 1 | AF90: 1 | AG90: 0 | AH90: 1 | AI90: 0 | AJ90: 0 | AK90: 0 | AL90: 0 | AM90: 0 | AN90: 0 | AO90: 0 | AP90: 0 | AQ90: 0 | AR90: 1 | AS90: 0 | AT90: 0 | AU90: 0 | AV90: 1 | AW90: 0 | AX90: =SUM(E90:AW90) -> 9
A91: B | B91: JUMLAH SUARA SAH PARTAI POLITIK DAN CALON (A1 + A2) | E91: =SUM(E81:E90) -> 14 | F91: =SUM(F81:F90) -> 17 | G91: =SUM(G81:G90) -> 13 | H91: =SUM(H81:H90) -> 20 | I91: =SUM(I81:I90) -> 23 | J91: =SUM(J81:J90) -> 20 | K91: =SUM(K81:K90) -> 41 | L91: =SUM(L81:L90) -> 18 | ... AX91: =SUM(AX81:AX90) -> 697
A93: A.1 | B93: 5. | C93: Partai NasDem | E93: 0 | F93: 4 | G93: 6 | H93: 4 | I93: 8 | J93: 3 | K93: 4 | L93: 3 | M93: 1 | N93: 1 | O93: 4 | P93: 5 | Q93: 1 | R93: 1 | S93: 1 | T93: 0 | U93: 0 | V93: 0 | W93: 5 | X93: 7 | Y93: 3 | Z93: 7 | AA93: 3 | AB93: 3 | AC93: 2 | AD93: 3 | AE93: 6 | AF93: 0 | AG93: 2 | AH93: 3 | AI93: 3 | AJ93: 5 | AK93: 2 | AL93: 1 | AM93: 0 | AN93: 2 | AO93: 0 | AP93: 0 | AQ93: 2 | AR93: 1 | AS93: 2 | AT93: 2 | AU93: 2 | AV93: 1 | AW93: 2 | AX93: =SUM(E93:AW93) -> 115
A94: A.2 | C94: 1. ALI MUSTOFA, A.Md. | E94: 1 | F94: 33 | G94: 1 | H94: 10 | I94: 3 | J94: 3 | K94: 5 | L94: 4 | M94: 2 | N94: 1 | O94: 0 | P94: 0 | Q94: 0 | R94: 1 | S94: 1 | T94: 2 | U94: 0 | V94: 1 | W94: 2 | X94: 0 | Y94: 4 | Z94: 3 | AA94: 0 | AB94: 3 | AC94: 4 | AD94: 0 | AE94: 1 | AF94: 0 | AG94: 2 | AH94: 1 | AI94: 6 | AJ94: 2 | AK94: 3 | AL94: 1 | AM94: 3 | AN94: 1 | AO94: 1 | AP94: 3 | AQ94: 2 | AR94: 5 | AS94: 1 | AT94: 4 | AU94: 4 | AV94: 1 | AW94: 1 | AX94: =SUM(E94:AW94) -> 126
C95: 2. Hj. BUAMI, S.H. | E95: 1 | F95: 3 | G95: 0 | H95: 0 | I95: 1 | J95: 0 | K95: 1 | L95: 0 | M95: 0 | N95: 0 | O95: 2 | P95: 0 | Q95: 0 | R95: 0 | S95: 0 | T95: 0 | U95: 0 | V95: 2 | W95: 5 | X95: 0 | Y95: 8 | Z95: 2 | AA95: 3 | AB95: 0 | AC95: 0 | AD95: 0 | AE95: 0 | AF95: 0 | AG95: 1 | AH95: 0 | AI95: 0 | AJ95: 0 | AK95: 1 | AL95: 1 | AM95: 0 | AN95: 0 | AO95: 0 | AP95: 0 | AQ95: 1 | AR95: 0 | AS95: 0 | AT95: 0 | AU95: 0 | AV95: 1 | AW95: 0 | AX95: =SUM(E95:AW95) -> 33
C96: 3. SUGIONO, S.H. | E96: 0 | F96: 2 | G96: 1 | H96: 1 | I96: 0 | J96: 0 | K96: 0 | L96: 0 | M96: 0 | N96: 1 | O96: 0 | P96: 1 | Q96: 0 | R96: 0 | S96: 1 | T96: 0 | U96: 0 | V96: 0 | W96: 0 | X96: 2 | Y96: 1 | Z96: 3 | AA96: 1 | AB96: 1 | AC96: 0 | AD96: 0 | AE96: 0 | AF96: 1 | AG96: 0 | AH96: 1 | AI96: 0 | AJ96: 2 | AK96: 2 | AL96: 0 | AM96: 1 | AN96: 0 | AO96: 0 | AP96: 0 | AQ96: 0 | AR96: 0 | AS96: 1 | AT96: 0 | AU96: 0 | AV96: 0 | AW96: 0 | AX96: =SUM(E96:AW96) -> 23
C97: 4. LULUK SUNARMIATININGSIH | E97: 1 | F97: 2 | G97: 4 | H97: 1 | I97: 1 | J97: 0 | K97: 2 | L97: 1 | M97: 0 | N97: 1 | O97: 0 | P97: 0 | Q97: 0 | R97: 0 | S97: 1 | T97: 0 | U97: 1 | V97: 2 | W97: 0 | X97: 0 | Y97: 0 | Z97: 1 | AA97: 1 | AB97: 0 | AC97: 0 | AD97: 2 | AE97: 0 | AF97: 1 | AG97: 1 | AH97: 0 | AI97: 2 | AJ97: 2 | AK97: 0 | AL97: 0 | AM97: 0 | AN97: 0 | AO97: 0 | AP97: 0 | AQ97: 0 | AR97: 2 | AS97: 1 | AT97: 0 | AU97: 0 | AV97: 1 | AW97: 3 | AX97: =SUM(E97:AW97) -> 34
C98: 5. ANTON DJULIANTO ADI | E98: 0 | F98: 1 | G98: 3 | H98: 0 | I98: 1 | J98: 0 | K98: 1 | L98: 0 | M98: 0 | N98: 0 | O98: 0 | P98: 0 | Q98: 0 | R98: 0 | S98: 0 | T98: 0 | U98: 0 | V98: 0 | W98: 0 | X98: 0 | Y98: 1 | Z98: 0 | AA98: 0 | AB98: 0 | AC98: 0 | AD98: 0 | AE98: 0 | AF98: 0 | AG98: 0 | AH98: 1 | AI98: 0 | AJ98: 2 | AK98: 0 | AL98: 1 | AM98: 0 | AN98: 0 | AO98: 0 | AP98: 0 | AQ98: 0 | AR98: 0 | AS98: 0 | AT98: 0 | AU98: 0 | AV98: 0 | AW98: 0 | AX98: =SUM(E98:AW98) -> 11
C99: 6. MOKHAMAD ROFI'I KHUSNAN | E99: 0 | F99: 0 | G99: 1 | H99: 0 | I99: 2 | J99: 0 | K99: 0 | L99: 0 | M99: 0 | N99: 0 | O99: 0 | P99: 0 | Q99: 0 | R99: 1 | S99: 0 | T99: 0 | U99: 0 | V99: 0 | W99: 0 | X99: 0 | Y99: 1 | Z99: 1 | AA99: 0 | AB99: 0 | AC99: 0 | AD99: 0 | AE99: 0 | AF99: 0 | AG99: 0 | AH99: 0 | AI99: 0 | AJ99: 0 | AK99: 0 | AL99: 0 | AM99: 0 | AN99: 0 | AO99: 0 | AP99: 0 | AQ99: 0 | AR99: 0 | AS99: 0 | AT99: 0 | AU99: 0 | AV99: 0 | AW99: 0 | AX99: =SUM(E99:AW99) -> 6
C100: 7. Rr SETYO WATI | E100: 0 | F100: 0 | G100: 0 | H100: 0 | I100: 0 | J100: 0 | K100: 0 | L100: 0 | M100: 0 | N100: 0 | O100: 0 | P100: 0 | Q100: 0 | R100: 0 | S100: 0 | T100: 0 | U100: 0 | V100: 1 | W100: 0 | X100: 0 | Y100: 0 | Z100: 0 | AA100: 0 | AB100: 0 | AC100: 0 | AD100: 0 | AE100: 1 | AF100: 0 | AG100: 0 | AH100: 0 | AI100: 0 | AJ100: 0 | AK100: 0 | AL100: 1 | AM100: 1 | AN100: 0 | AO100: 0 | AP100: 0 | AQ100: 0 | AR100: 1 | AS100: 0 | AT100: 0 | AU100: 0 | AV100: 0 | AW100: 0 | AX100: =SUM(E100:AW100) -> 5
C101: 8. ABD. KADIR ASSEGAFF | E101: 0 | F101: 0 | G101: 0 | H101: 0 | I101: 0 | J101: 0 | K101: 0 | L101: 0 | M101: 0 | N101: 0 | O101: 0 | P101: 0 | Q101: 0 | R101: 0 | S101: 0 | T101: 0 | U101: 0 | V101: 0 | W101: 0 | X101: 0 | Y101: 0 | Z101: 0 | AA101: 0 | AB101: 0 | AC101: 0 | AD101: 0 | AE101: 0 | AF101: 0 | AG101: 0 | AH101: 0 | AI101: 0 | AJ101: 0 | AK101: 0 | AL101: 0 | AM101: 0 | AN101: 0 | AO101: 0 | AP101: 0 | AQ101: 0 | AR101: 0 | AS101: 0 | AT101: 0 | AU101: 0 | AV101: 0 | AW101: 0 | AX101: =SUM(E101:AW101) -> 0
C102: 9. FATHOR ZAINULLAH | E102: 0 | F102: 0 | G102: 0 | H102: 0 | I102: 0 | J102: 0 | K102: 0 | L102: 0 | M102: 0 | N102: 0 | O102: 0 | P102: 0 | Q102: 0 | R102: 0 | S102: 0 | T102: 0 | U102: 0 | V102: 0 | W102: 1 | X102: 0 | Y102: 0 | Z102: 0 | AA102: 0 | AB102: 0 | AC102: 0 | AD102: 0 | AE102: 0 | AF102: 0 | AG102: 0 | AH102: 0 | AI102: 0 | AJ102: 1 | AK102: 0 | AL102: 0 | AM102: 0 | AN102: 0 | AO102: 0 | AP102: 0 | AQ102: 0 | AR102: 0 | AS102: 0 | AT102: 0 | AU102: 0 | AV102: 0 | AW102: 1 | AX102: =SUM(E102:AW102) -> 3
A103: B | B103: JUMLAH SUARA SAH PARTAI POLITIK DAN CALON (A1 + A2) | E103: =SUM(E93:E102) -> 3 | F103: =SUM(F93:F102) -> 45 | G103: =SUM(G93:G102) -> 16 | H103: =SUM(H93:H102) -> 16 | I103: =SUM(I93:I102) -> 16 | J103: =SUM(J93:J102) -> 6 | K103: =SUM(K93:K102) -> 13 | L103: =SUM(L93:L102) -> 8 | ... AX103: =SUM(AX93:AX102) -> 356
A105: A.1 | B105: 6. | C105: Partai Buruh | E105: 1 | F105: 0 | G105: 1 | H105: 0 | I105: 2 | J105: 0 | K105: 0 | L105: 1 | M105: 0 | N105: 0 | O105: 0 | P105: 0 | Q105: 0 | R105: 0 | S105: 1 | T105: 1 | U105: 0 | V105: 1 | W105: 0 | X105: 3 | Y105: 1 | Z105: 0 | AA105: 0 | AB105: 1 | AC105: 0 | AD105: 0 | AE105: 1 | AF105: 0 | AG105: 0 | AH105: 2 | AI105: 0 | AJ105: 0 | AK105: 0 | AL105: 0 | AM105: 0 | AN105: 0 | AO105: 0 | AP105: 1 | AQ105: 0 | AR105: 0 | AS105: 0 | AT105: 0 | AU105: 0 | AV105: 0 | AW105: 0 | AX105: =SUM(E105:AW105) -> 17
A106: A.2 | C106: 1. AGUS SUPRIYADI | E106: 2 | F106: 1 | G106: 1 | H106: 1 | I106: 0 | J106: 0 | K106: 0 | L106: 0 | M106: 1 | N106: 0 | O106: 0 | P106: 1 | Q106: 1 | R106: 0 | S106: 0 | T106: 0 | U106: 0 | V106: 0 | W106: 0 | X106: 0 | Y106: 0 | Z106: 0 | AA106: 0 | AB106: 0 | AC106: 0 | AD106: 0 | AE106: 1 | AF106: 0 | AG106: 1 | AH106: 1 | AI106: 1 | AJ106: 0 | AK106: 0 | AL106: 0 | AM106: 0 | AN106: 0 | AO106: 0 | AP106: 0 | AQ106: 0 | AR106: 0 | AS106: 1 | AT106: 1 | AU106: 1 | AV106: 0 | AW106: 0 | AX106: =SUM(E106:AW106) -> 15
C107: 2. ENI HARIATI | E107: 0 | F107: 0 | G107: 0 | H107: 0 | I107: 1 | J107: 0 | K107: 2 | L107: 0 | M107: 0 | N107: 0 | O107: 0 | P107: 0 | Q107: 0 | R107: 0 | S107: 0 | T107: 1 | U107: 0 | V107: 0 | W107: 0 | X107: 1 | Y107: 0 | Z107: 0 | AA107: 0 | AB107: 0 | AC107: 1 | AD107: 0 | AE107: 0 | AF107: 0 | AG107: 0 | AH107: 0 | AI107: 0 | AJ107: 0 | AK107: 0 | AL107: 0 | AM107: 0 | AN107: 0 | AO107: 0 | AP107: 0 | AQ107: 0 | AR107: 0 | AS107: 0 | AT107: 0 | AU107: 0 | AV107: 0 | AW107: 0 | AX107: =SUM(E107:AW107) -> 6
A115: B | B115: JUMLAH SUARA SAH PARTAI POLITIK DAN CALON (A1 + A2) | E115: =SUM(E105:E114) -> 3 | F115: =SUM(F105:F114) -> 1 | G115: =SUM(G105:G114) -> 2 | H115: =SUM(H105:H114) -> 1 | I115: =SUM(I105:I114) -> 3 | J115: =SUM(J105:J114) -> 0 | K115: =SUM(K105:K114) -> 2 | L115: =SUM(L105:L114) -> 1 | ... AX115: =SUM(AX105:AX114) -> 38
A117: A.1 | B117: 7. | C117: Partai Gelombang Rakyat Indonesia | E117: 3 | F117: 3 | G117: 5 | H117: 5 | I117: 0 | J117: 7 | K117: 4 | L117: 1 | M117: 0 | N117: 0 | O117: 1 | P117: 4 | Q117: 1 | R117: 3 | S117: 1 | T117: 0 | U117: 2 | V117: 3 | W117: 1 | X117: 2 | Y117: 0 | Z117: 2 | AA117: 4 | AB117: 0 | AC117: 2 | AD117: 1 | AE117: 5 | AF117: 0 | AG117: 1 | AH117: 1 | AI117: 3 | AJ117: 0 | AK117: 1 | AL117: 2 | AM117: 2 | AN117: 0 | AO117: 2 | AP117: 1 | AQ117: 2 | AR117: 1 | AS117: 0 | AT117: 3 | AU117: 2 | AV117: 2 | AW117: 0 | AX117: =SUM(E117:AW117) -> 83
A118: A.2 | C118: 1. MIRZA MUHROSNI AROMA | E118: 2 | F118: 0 | G118: 0 | H118: 0 | I118: 0 | J118: 1 | K118: 0 | L118: 0 | M118: 0 | N118: 2 | O118: 1 | P118: 1 | Q118: 0 | R118: 1 | S118: 1 | T118: 1 | U118: 3 | V118: 0 | W118: 1 | X118: 0 | Y118: 0 | Z118: 1 | AA118: 1 | AB118: 2 | AC118: 1 | AD118: 1 | AE118: 1 | AF118: 1 | AG118: 0 | AH118: 0 | AI118: 0 | AJ118: 0 | AK118: 0 | AL118: 0 | AM118: 0 | AN118: 0 | AO118: 0 | AP118: 0 | AQ118: 0 | AR118: 1 | AS118: 0 | AT118: 1 | AU118: 0 | AV118: 2 | AW118: 1 | AX118: =SUM(E118:AW118) -> 27
C119: 2. ACHMAD BAGUS SUGIARTO | E119: 0 | F119: 0 | G119: 0 | H119: 0 | I119: 0 | J119: 1 | K119: 1 | L119: 0 | M119: 0 | N119: 0 | O119: 0 | P119: 0 | Q119: 0 | R119: 0 | S119: 0 | T119: 0 | U119: 0 | V119: 0 | W119: 0 | X119: 0 | Y119: 0 | Z119: 0 | AA119: 0 | AB119: 0 | AC119: 0 | AD119: 0 | AE119: 0 | AF119: 0 | AG119: 0 | AH119: 0 | AI119: 0 | AJ119: 0 | AK119: 0 | AL119: 0 | AM119: 0 | AN119: 0 | AO119: 0 | AP119: 0 | AQ119: 0 | AR119: 0 | AS119: 0 | AT119: 1 | AU119: 1 | AV119: 1 | AW119: 0 | AX119: =SUM(E119:AW119) -> 5
C120: 3. ELOK FITRIYA NINGSIH | E120: 1 | F120: 0 | G120: 0 | H120: 0 | I120: 0 | J120: 0 | K120: 0 | L120: 0 | M120: 0 | N120: 0 | O120: 1 | P120: 0 | Q120: 1 | R120: 0 | S120: 0 | T120: 0 | U120: 1 | V120: 0 | W120: 0 | X120: 1 | Y120: 0 | Z120: 0 | AA120: 0 | AB120: 0 | AC120: 0 | AD120: 0 | AE120: 0 | AF120: 0 | AG120: 1 | AH120: 0 | AI120: 0 | AJ120: 0 | AK120: 0 | AL120: 0 | AM120: 0 | AN120: 0 | AO120: 0 | AP120: 0 | AQ120: 0 | AR120: 0 | AS120: 0 | AT120: 0 | AU120: 0 | AV120: 1 | AW120: 0 | AX120: =SUM(E120:AW120) -> 7
C121: 4. MADI | E121: 1 | F121: 0 | G121: 0 | H121: 0 | I121: 0 | J121: 1 | K121: 0 | L121: 0 | M121: 0 | N121: 0 | O121: 0 | P121: 0 | Q121: 0 | R121: 0 | S121: 0 | T121: 0 | U121: 0 | V121: 0 | W121: 0 | X121: 0 | Y121: 0 | Z121: 0 | AA121: 0 | AB121: 0 | AC121: 0 | AD121: 0 | AE121: 0 | AF121: 0 | AG121: 0 | AH121: 0 | AI121: 0 | AJ121: 1 | AK121: 0 | AL121: 0 | AM121: 0 | AN121: 0 | AO121: 0 | AP121: 0 | AQ121: 0 | AR121: 0 | AS121: 0 | AT121: 0 | AU121: 0 | AV121: 1 | AW121: 0 | AX121: =SUM(E121:AW121) -> 4
C122: 5. LUKY PERMANASARI | E122: 0 | F122: 0 | G122: 0 | H122: 1 | I122: 0 | J122: 1 | K122: 0 | L122: 0 | M122: 0 | N122: 0 | O122: 1 | P122: 0 | Q122: 0 | R122: 0 | S122: 0 | T122: 0 | U122: 0 | V122: 0 | W122: 1 | X122: 0 | Y122: 0 | Z122: 0 | AA122: 0 | AB122: 0 | AC122: 0 | AD122: 0 | AE122: 0 | AF122: 1 | AG122: 1 | AH122: 0 | AI122: 0 | AJ122: 0 | AK122: 0 | AL122: 0 | AM122: 0 | AN122: 0 | AO122: 0 | AP122: 0 | AQ122: 0 | AR122: 1 | AS122: 0 | AT122: 0 | AU122: 0 | AV122: 0 | AW122: 0 | AX122: =SUM(E122:AW122) -> 7
A127: B | B127: JUMLAH SUARA SAH PARTAI POLITIK DAN CALON (A1 + A2) | E127: =SUM(E117:E122) -> 7 | F127: =SUM(F117:F122) -> 3 | G127: =SUM(G117:G122) -> 5 | H127: =SUM(H117:H122) -> 6 | I127: =SUM(I117:I122) -> 0 | J127: =SUM(J117:J122) -> 11 | K127: =SUM(K117:K122) -> 5 | L127: =SUM(L117:L122) -> 1 | ... AX127: =SUM(AX117:AX122) -> 133
A129: A.1 | B129: 8. | C129: Partai Keadilan Sejahtera | E129: 1 | F129: 1 | G129: 0 | H129: 2 | I129: 1 | J129: 0 | K129: 1 | L129: 0 | M129: 0 | N129: 1 | O129: 0 | P129: 2 | Q129: 0 | R129: 0 | S129: 0 | T129: 0 | U129: 0 | V129: 0 | W129: 0 | X129: 0 | Y129: 0 | Z129: 0 | AA129: 0 | AB129: 0 | AC129: 0 | AD129: 0 | AE129: 0 | AF129: 1 | AG129: 0 | AH129: 1 | AI129: 0 | AJ129: 0 | AK129: 0 | AL129: 0 | AM129: 0 | AN129: 0 | AO129: 0 | AP129: 1 | AQ129: 0 | AR129: 1 | AS129: 0 | AT129: 0 | AU129: 0 | AV129: 0 | AW129: 1 | AX129: =SUM(E129:AW129) -> 14
...

Sheet KANDANGAN
C2: Kecamatan | D2: PESANGGARAN
C3: Kabupaten | D3: BANYUWANGI
C4: Provinsi | D4: JAWA TIMUR
C9: Kelurahan | D9: KANDANGAN
A12: I | B12: DATA PEMILIH DAN PENGGUNAAN HAK PILIH | AG12: JUMLAH AKHIR
A13: A | B13: DATA PEMILIH | E13: TPS 001 | F13: TPS 002 | G13: TPS 003 | H13: TPS 004 | I13: TPS 005 | J13: TPS 006 | K13: TPS 007 | L13: TPS 008 | M13: TPS 009 | N13: TPS 010 | O13: TPS 011 | P13: TPS 012 | Q13: TPS 013 | R13: TPS 014 | S13: TPS 015 | T13: TPS 016 | U13: TPS 017 | V13: TPS 018 | W13: TPS 019 | X13: TPS 020 | Y13: TPS 021 | Z13: TPS 022 | AA13: TPS 023 | AB13: TPS 024 | AC13: TPS 025 | AD13: TPS 026 | AE13: TPS 027 | AF13: TPS 028
B14: Jumlah Pemilih dalam Daftar Pemilih Tetap (DPT) | D14: LK | E14: 118 | F14: 98 | G14: 113 | H14: 103 | I14: 144 | J14: 150 | K14: 117 | L14: 103 | M14: 112 | N14: 125 | O14: 107 | P14: 141 | Q14: 145 | R14: 131 | S14: 94 | T14: 136 | U14: 115 | V14: 138 | W14: 154 | X14: 136 | Y14: 147 | Z14: 137 | AA14: 84 | AB14: 140 | AC14: 126 | AD14: 113 | AE14: 114 | AF14: 127 | AG14: =SUM(E14:AF14) -> 3468
D15: PR | E15: 138 | F15: 89 | G15: 118 | H15: 121 | I15: 129 | J15: 141 | K15: 102 | L15: 90 | M15: 124 | N15: 123 | O15: 115 | P15: 142 | Q15: 142 | R15: 131 | S15: 115 | T15: 147 | U15: 128 | V15: 136 | W15: 129 | X15: 140 | Y15: 148 | Z15: 130 | AA15: 105 | AB15: 139 | AC15: 119 | AD15: 119 | AE15: 108 | AF15: 119 | AG15: =SUM(E15:AF15) -> 3487
D16: JML | E16: =SUM(E14:E15) -> 256 | F16: =SUM(F14:F15) -> 187 | G16: =SUM(G14:G15) -> 231 | H16: =SUM(H14:H15) -> 224 | I16: =SUM(I14:I15) -> 273 | J16: =SUM(J14:J15) -> 291 | K16: =SUM(K14:K15) -> 219 | L16: =SUM(L14:L15) -> 193 | ... AF16: =SUM(AF14:AF15) -> 246 | AG16: =SUM(E16:AF16) -> 6955
A18: B | B18: PENGGUNA HAK PILIH
B19: 1. | C19: Jumlah pengguna hak pilih dalam Daftar Pemilih Tetap (DPT) | D19: LK | E19: 95 | F19: 82 | G19: 83 | H19: 84 | I19: 118 | J19: 121 | K19: 81 | L19: 76 | M19: 89 | N19: 88 | O19: 71 | P19: 89 | Q19: 93 | R19: 81 | S19: 60 | T19: 95 | U19: 81 | V19: 93 | W19: 110 | X19: 88 | Y19: 101 | Z19: 89 | AA19: 65 | AB19: 106 | AC19: 87 | AD19: 83 | AE19: 94 | AF19: 93 | AG19: =SUM(E19:AF19) -> 2496
D20: PR | E20: 109 | F20: 82 | G20: 91 | H20: 92 | I20: 103 | J20: 109 | K20: 80 | L20: 70 | M20: 97 | N20: 87 | O20: 80 | P20: 101 | Q20: 91 | R20: 90 | S20: 83 | T20: 92 | U20: 97 | V20: 97 | W20: 94 | X20: 95 | Y20: 104 | Z20: 85 | AA20: 79 | AB20: 104 | AC20: 84 | AD20: 91 | AE20: 91 | AF20: 93 | AG20: =SUM(E20:AF20) -> 2571
D21: JML | E21: =SUM(E19:E20) -> 204 | F21: =SUM(F19:F20) -> 164 | G21: =SUM(G19:G20) -> 174 | H21: =SUM(H19:H20) -> 176 | I21: =SUM(I19:I20) -> 221 | J21: =SUM(J19:J20) -> 230 | K21: =SUM(K19:K20) -> 161 | L21: =SUM(L19:L20) -> 146 | ... AF21: =SUM(AF19:AF20) -> 186 | AG21: =SUM(E21:AF21) -> 5067
B22: 2. | C22: Jumlah pengguna hak pilih dalam Daftar Pemilih Tambahan (DPTb) | D22: LK | E22: 0 | F22: 0 | G22: 0 | H22: 0 | I22: 0 | J22: 0 | K22: 0 | L22: 0 | M22: 0 | N22: 0 | O22: 0 | P22: 0 | Q22: 0 | R22: 0 | S22: 0 | T22: 0 | U22: 0 | V22: 0 | W22: 0 | X22: 0 | Y22: 0 | Z22: 0 | AA22: 0 | AB22: 8 | AC22: 0 | AD22: 0 | AE22: 0 | AF22: 0 | AG22: =SUM(E22:AF22) -> 8
D23: PR | E23: 0 | F23: 0 | G23: 0 | H23: 0 | I23: 0 | J23: 0 | K23: 0 | L23: 0 | M23: 0 | N23: 0 | O23: 0 | P23: 0 | Q23: 0 | R23: 0 | S23: 0 | T23: 0 | U23: 0 | V23: 0 | W23: 0 | X23: 0 | Y23: 0 | Z23: 0 | AA23: 0 | AB23: 3 | AC23: 0 | AD23: 0 | AE23: 0 | AF23: 0 | AG23: =SUM(E23:AF23) -> 3
D24: JML | E24: =SUM(E22:E23) -> 0 | F24: =SUM(F22:F23) -> 0 | G24: =SUM(G22:G23) -> 0 | H24: =SUM(H22:H23) -> 0 | I24: =SUM(I22:I23) -> 0 | J24: =SUM(J22:J23) -> 0 | K24: =SUM(K22:K23) -> 0 | L24: =SUM(L22:L23) -> 0 | ... AF24: =SUM(AF22:AF23) -> 0 | AG24: =SUM(E24:AF24) -> 11
B25: 3. | C25: Jumlah pengguna hak pilih dalam Daftar Pemilih Khusus (DPK) | D25: LK | E25: 0 | F25: 0 | G25: 0 | H25: 1 | I25: 2 | J25: 2 | K25: 0 | L25: 0 | M25: 1 | N25: 0 | O25: 0 | P25: 2 | Q25: 1 | R25: 0 | S25: 4 | T25: 12 | U25: 7 | V25: 2 | W25: 3 | X25: 1 | Y25: 0 | Z25: 9 | AA25: 8 | AB25: 3 | AC25: 8 | AD25: 0 | AE25: 0 | AF25: 2 | AG25: =SUM(E25:AF25) -> 68
D26: PR | E26: 0 | F26: 0 | G26: 0 | H26: 2 | I26: 0 | J26: 4 | K26: 4 | L26: 1 | M26: 2 | N26: 0 | O26: 0 | P26: 2 | Q26: 2 | R26: 2 | S26: 3 | T26: 9 | U26: 9 | V26: 2 | W26: 3 | X26: 3 | Y26: 2 | Z26: 8 | AA26: 8 | AB26: 2 | AC26: 10 | AD26: 0 | AE26: 0 | AF26: 5 | AG26: =SUM(E26:AF26) -> 83
D27: JML | E27: =SUM(E25:E26) -> 0 | F27: =SUM(F25:F26) -> 0 | G27: =SUM(G25:G26) -> 0 | H27: =SUM(H25:H26) -> 3 | I27: =SUM(I25:I26) -> 2 | J27: =SUM(J25:J26) -> 6 | K27: =SUM(K25:K26) -> 4 | L27: =SUM(L25:L26) -> 1 | ... AF27: =SUM(AF25:AF26) -> 7 | AG27: =SUM(E27:AF27) -> 151
B28: 4. | C28: Jumlah Pengguna Hak Pilih (B.1+B.2+B.3) | D28: LK | E28: =SUM(E19,E22,E25) -> 95 | F28: =SUM(F19,F22,F25) -> 82 | G28: =SUM(G19,G22,G25) -> 83 | H28: =SUM(H19,H22,H25) -> 85 | I28: =SUM(I19,I22,I25) -> 120 | J28: =SUM(J19,J22,J25) -> 123 | K28: =SUM(K19,K22,K25) -> 81 | L28: =SUM(L19,L22,L25) -> 76 | ... AF28: =SUM(AF19,AF22,AF25) -> 95 | AG28: =SUM(E28:AF28) -> 2572
D29: PR | E29: =SUM(E20,E23,E26) -> 109 | F29: =SUM(F20,F23,F26) -> 82 | G29: =SUM(G20,G23,G26) -> 91 | H29: =SUM(H20,H23,H26) -> 94 | I29: =SUM(I20,I23,I26) -> 103 | J29: =SUM(J20,J23,J26) -> 113 | K29: =SUM(K20,K23,K26) -> 84 | L29: =SUM(L20,L23,L26) -> 71 | ... AF29: =SUM(AF20,AF23,AF26) -> 98 | AG29: =SUM(E29:AF29) -> 2657
D30: JML | E30: =SUM(E28:E29) -> 204 | F30: =SUM(F28:F29) -> 164 | G30: =SUM(G28:G29) -> 174 | H30: =SUM(H28:H29) -> 179 | I30: =SUM(I28:I29) -> 223 | J30: =SUM(J28:J29) -> 236 | K30: =SUM(K28:K29) -> 165 | L30: =SUM(L28:L29) -> 147 | ... AF30: =SUM(AF28:AF29) -> 193 | AG30: =SUM(E30:AF30) -> 5229
A32: II | B32: DATA PENGGUNAAN SURAT SUARA
A33: 1 | B33: Jumlah surat suara yang diterima, termasuk surat suara cadangan 2,5% dari DPT | E33: 262 | F33: 191 | G33: 236 | H33: 230 | I33: 279 | J33: 287 | K33: 224 | L33: 197 | M33: 241 | N33: 253 | O33: 227 | P33: 289 | Q33: 293 | R33: 268 | S33: 214 | T33: 289 | U33: 249 | V33: 280 | W33: 280 | X33: 282 | Y33: 291 | Z33: 273 | AA33: 153 | AB33: 285 | AC33: 251 | AD33: 291 | AE33: 287 | AF33: 248 | AG33: =SUM(E33:AF33) -> 7150
A34: 2 | B34: Jumlah surat suara yang digunakan | E34: 204 | F34: 164 | G34: 174 | H34: 179 | I34: 223 | J34: 236 | K34: 165 | L34: 147 | M34: 189 | N34: 175 | O34: 151 | P34: 194 | Q34: 187 | R34: 173 | S34: 150 | T34: 208 | U34: 194 | V34: 194 | W34: 210 | X34: 187 | Y34: 207 | Z34: 191 | AA34: 160 | AB34: 226 | AC34: 189 | AD34: 174 | AE34: 185 | AF34: 193 | AG34: =SUM(E34:AF34) -> 5229
A35: 3 | B35: Jumlah surat suara dikembalikan oleh pemilih (karena rusak atau keliru coblos) | E35: 0 | F35: 1 | G35: 2 | H35: 1 | I35: 0 | J35: 0 | K35: 0 | L35: 0 | M35: 0 | N35: 0 | O35: 0 | P35: 0 | Q35: 0 | R35: 0 | S35: 0 | T35: 0 | U35: 5 | V35: 0 | W35: 0 | X35: 0 | Y35: 0 | Z35: 0 | AA35: 2 | AB35: 0 | AC35: 1 | AD35: 0 | AE35: 0 | AF35: 0 | AG35: =SUM(E35:AF35) -> 12
A36: 4 | B36: Jumlah surat suara yang tidak digunakan/tidak terpakai, termasuk sisa surat suara cadangan | E36: =E33-(E34+E35) -> 58 | F36: =F33-(F34+F35) -> 26 | G36: =G33-(G34+G35) -> 60 | H36: =H33-(H34+H35) -> 50 | I36: =I33-(I34+I35) -> 56 | J36: =J33-(J34+J35) -> 51 | K36: =K33-(K34+K35) -> 59 | L36: =L33-(L34+L35) -> 50 | ... AF36: =AF33-(AF34+AF35) -> 55 | AG36: =SUM(E36:AF36) -> 1909
A38: III | B38: DATA PEMILIH DISABILITAS
B39: Jumlah seluruh Pemilih disabilitas yang menggunakan hak pilih | D39: LK | E39: 0 | F39: 0 | G39: 0 | H39: 0 | I39: 0 | J39: 0 | K39: 0 | L39: 0 | M39: 0 | N39: 0 | O39: 0 | P39: 0 | Q39: 0 | R39: 0 | S39: 0 | T39: 0 | U39: 0 | V39: 0 | W39: 0 | X39: 0 | Y39: 0 | Z39: 0 | AA39: 0 | AB39: 0 | AC39: 0 | AD39: 0 | AE39: 0 | AF39: 3 | AG39: =SUM(E39:AF39) -> 3
D40: PR | E40: 0 | F40: 0 | G40: 0 | H40: 0 | I40: 0 | J40: 0 | K40: 0 | L40: 0 | M40: 0 | N40: 0 | O40: 0 | P40: 0 | Q40: 0 | R40: 0 | S40: 0 | T40: 0 | U40: 0 | V40: 0 | W40: 0 | X40: 0 | Y40: 0 | Z40: 0 | AA40: 0 | AB40: 0 | AC40: 0 | AD40: 0 | AE40: 0 | AF40: 4 | AG40: =SUM(E40:AF40) -> 4
D41: JML | E41: =SUM(E39:E40) -> 0 | F41: =SUM(F39:F40) -> 0 | G41: =SUM(G39:G40) -> 0 | H41: =SUM(H39:H40) -> 0 | I41: =SUM(I39:I40) -> 0 | J41: =SUM(J39:J40) -> 0 | K41: =SUM(K39:K40) -> 0 | L41: =SUM(L39:L40) -> 0 | ... AF41: =SUM(AF39:AF40) -> 7 | AG41: =SUM(E41:AF41) -> 7
A43: IV | B43: DATA RINCIAN PEROLEHAN SUARA PASANGAN CALON BUPATI DAN WAKIL BUPATI
A44: NOMOR DAN NAMA CALON
A45: A.1 | B45: 1. | C45: Partai Kebangkitan Bangsa | E45: 9 | F45: 2 | G45: 6 | H45: 13 | I45: 12 | J45: 20 | K45: 5 | L45: 9 | M45: 14 | N45: 4 | O45: 4 | P45: 8 | Q45: 4 | R45: 5 | S45: 6 | T45: 6 | U45: 12 | V45: 6 | W45: 7 | X45: 6 | Y45: 7 | Z45: 3 | AA45: 8 | AB45: 1 | AC45: 11 | AD45: 4 | AE45: 1 | AF45: 4 | AG45: =SUM(E45:AF45) -> 197
A46: A.2 | C46: 1. Dra. Hj. MA`MULAH HARUN, M.Pd.I. | E46: 34 | F46: 20 | G46: 27 | H46: 35 | I46: 12 | J46: 44 | K46: 28 | L46: 7 | M46: 20 | N46: 15 | O46: 26 | P46: 14 | Q46: 25 | R46: 25 | S46: 18 | T46: 10 | U46: 20 | V46: 13 | W46: 12 | X46: 11 | Y46: 8 | Z46: 2 | AA46: 17 | AB46: 5 | AC46: 6 | AD46: 15 | AE46: 2 | AF46: 27 | AG46: =SUM(E46:AF46) -> 498
C47: 2. UBAIDILLAH, S.Fil.I. | E47: 0 | F47: 4 | G47: 3 | H47: 3 | I47: 1 | J47: 1 | K47: 1 | L47: 0 | M47: 0 | N47: 3 | O47: 1 | P47: 2 | Q47: 1 | R47: 2 | S47: 1 | T47: 1 | U47: 3 | V47: 1 | W47: 1 | X47: 4 | Y47: 1 | Z47: 0 | AA47: 2 | AB47: 1 | AC47: 0 | AD47: 6 | AE47: 0 | AF47: 3 | AG47: =SUM(E47:AF47) -> 46
C48: 3. Ir. H. YOYOK MULYADI, M.Si. | E48: 1 | F48: 0 | G48: 0 | H48: 1 | I48: 1 | J48: 1 | K48: 0 | L48: 0 | M48: 1 | N48: 1 | O48: 1 | P48: 1 | Q48: 0 | R48: 1 | S48: 3 | T48: 1 | U48: 0 | V48: 0 | W48: 0 | X48: 1 | Y48: 0 | Z48: 0 | AA48: 0 | AB48: 1 | AC48: 0 | AD48: 1 | AE48: 0 | AF48: 1 | AG48: =SUM(E48:AF48) -> 17
C49: 4. KHOIRUL ANWAR, S.Fil.I. | E49: 0 | F49: 2 | G49: 1 | H49: 1 | I49: 0 | J49: 4 | K49: 0 | L49: 2 | M49: 0 | N49: 2 | O49: 0 | P49: 1 | Q49: 2 | R49: 0 | S49: 0 | T49: 2 | U49: 0 | V49: 2 | W49: 2 | X49: 2 | Y49: 2 | Z49: 1 | AA49: 3 | AB49: 0 | AC49: 2 | AD49: 10 | AE49: 0 | AF49: 1 | AG49: =SUM(E49:AF49) -> 42
C50: 5. ARIF WIJAKSANA | E50: 0 | F50: 2 | G50: 0 | H50: 1 | I50: 0 | J50: 3 | K50: 0 | L50: 0 | M50: 1 | N50: 0 | O50: 0 | P50: 1 | Q50: 1 | R50: 0 | S50: 0 | T50: 0 | U50: 1 | V50: 0 | W50: 1 | X50: 0 | Y50: 1 | Z50: 0 | AA50: 0 | AB50: 0 | AC50: 0 | AD50: 0 | AE50: 0 | AF50: 1 | AG50: =SUM(E50:AF50) -> 13
C51: 6. Dr. SITI YUMNAH | E51: 0 | F51: 0 | G51: 0 | H51: 0 | I51: 0 | J51: 2 | K51: 1 | L51: 1 | M51: 1 | N51: 1 | O51: 2 | P51: 1 | Q51: 0 | R51: 1 | S51: 0 | T51: 1 | U51: 2 | V51: 0 | W51: 0 | X51: 0 | Y51: 0 | Z51: 0 | AA51: 0 | AB51: 0 | AC51: 0 | AD51: 1 | AE51: 0 | AF51: 1 | AG51: =SUM(E51:AF51) -> 15
C52: 7. MOHAMMAD ZAINI, M.Pd.I. | E52: 1 | F52: 1 | G52: 1 | H52: 1 | I52: 0 | J52: 2 | K52: 0 | L52: 2 | M52: 0 | N52: 1 | O52: 1 | P52: 0 | Q52: 2 | R52: 1 | S52: 1 | T52: 1 | U52: 3 | V52: 0 | W52: 1 | X52: 2 | Y52: 2 | Z52: 1 | AA52: 0 | AB52: 0 | AC52: 1 | AD52: 1 | AE52: 0 | AF52: 0 | AG52: =SUM(E52:AF52) -> 26
C53: 8. FAWAIDUL MAKKIYAH | E53: 0 | F53: 0 | G53: 0 | H53: 0 | I53: 0 | J53: 0 | K53: 0 | L53: 0 | M53: 0 | N53: 0 | O53: 0 | P53: 0 | Q53: 0 | R53: 0 | S53: 1 | T53: 0 | U53: 0 | V53: 1 | W53: 0 | X53: 0 | Y53: 0 | Z53: 0 | AA53: 0 | AB53: 0 | AC53: 0 | AD53: 0 | AE53: 0 | AF53: 0 | AG53: =SUM(E53:AF53) -> 2
C54: 9. IFFAH HIDAYATUR ROHMAH, S.Sos. | E54: 0 | F54: 2 | G54: 4 | H54: 1 | I54: 1 | J54: 5 | K54: 3 | L54: 0 | M54: 1 | N54: 2 | O54: 0 | P54: 0 | Q54: 0 | R54: 0 | S54: 3 | T54: 1 | U54: 0 | V54: 0 | W54: 0 | X54: 1 | Y54: 0 | Z54: 1 | AA54: 2 | AB54: 1 | AC54: 0 | AD54: 1 | AE54: 1 | AF54: 2 | AG54: =SUM(E54:AF54) -> 32
A55: B | B55: JUMLAH SUARA SAH PARTAI POLITIK DAN CALON (A1 + A2) | E55: =SUM(E45:E54) -> 45 | F55: =SUM(F45:F54) -> 33 | G55: =SUM(G45:G54) -> 42 | H55: =SUM(H45:H54) -> 56 | I55: =SUM(I45:I54) -> 27 | J55: =SUM(J45:J54) -> 82 | K55: =SUM(K45:K54) -> 38 | L55: =SUM(L45:L54) -> 21 | ... AG55: =SUM(AG45:AG54) -> 888
A57: A.1 | B57: 2. | C57: Partai Gerakan Indonesia Raya | E57: 6 | F57: 8 | G57: 4 | H57: 6 | I57: 11 | J57: 9 | K57: 10 | L57: 3 | M57: 10 | N57: 16 | O57: 6 | P57: 11 | Q57: 17 | R57: 9 | S57: 8 | T57: 12 | U57: 12 | V57: 15 | W57: 11 | X57: 4 | Y57: 19 | Z57: 20 | AA57: 14 | AB57: 13 | AC57: 10 | AD57: 8 | AE57: 10 | AF57: 7 | AG57: =SUM(E57:AF57) -> 289
A58: A.2 | C58: 1. AHMAD HADINUDDIN, S.Pd.I. | E58: 8 | F58: 16 | G58: 4 | H58: 10 | I58: 7 | J58: 6 | K58: 12 | L58: 12 | M58: 26 | N58: 8 | O58: 7 | P58: 7 | Q58: 12 | R58: 7 | S58: 8 | T58: 12 | U58: 7 | V58: 9 | W58: 12 | X58: 9 | Y58: 4 | Z58: 7 | AA58: 6 | AB58: 3 | AC58: 13 | AD58: 8 | AE58: 2 | AF58: 14 | AG58: =SUM(E58:AF58) -> 256
C59: 2. BIMA RAFSANJANI RAFID | E59: 3 | F59: 2 | G59: 3 | H59: 1 | I59: 4 | J59: 3 | K59: 1 | L59: 4 | M59: 0 | N59: 5 | O59: 6 | P59: 4 | Q59: 0 | R59: 1 | S59: 3 | T59: 5 | U59: 1 | V59: 3 | W59: 5 | X59: 1 | Y59: 1 | Z59: 2 | AA59: 1 | AB59: 4 | AC59: 0 | AD59: 4 | AE59: 2 | AF59: 7 | AG59: =SUM(E59:AF59) -> 76
C60: 3. IRA DAMAYANTI | E60: 0 | F60: 4 | G60: 0 | H60: 1 | I60: 5 | J60: 0 | K60: 3 | L60: 2 | M60: 0 | N60: 3 | O60: 4 | P60: 1 | Q60: 0 | R60: 0 | S60: 1 | T60: 1 | U60: 0 | V60: 1 | W60: 1 | X60: 0 | Y60: 2 | Z60: 0 | AA60: 0 | AB60: 0 | AC60: 2 | AD60: 2 | AE60: 0 | AF60: 7 | AG60: =SUM(E60:AF60) -> 40
C61: 4. MAULANA MALIK IBRAHIM, S.H. | E61: 2 | F61: 0 | G61: 1 | H61: 1 | I61: 2 | J61: 4 | K61: 10 | L61: 10 | M61: 4 | N61: 1 | O61: 2 | P61: 7 | Q61: 2 | R61: 1 | S61: 2 | T61: 4 | U61: 2 | V61: 2 | W61: 5 | X61: 0 | Y61: 3 | Z61: 0 | AA61: 4 | AB61: 16 | AC61: 7 | AD61: 0 | AE61: 0 | AF61: 1 | AG61: =SUM(E61:AF61) -> 93
C62: 5. LULUK ALFIATI | E62: 2 | F62: 0 | G62: 0 | H62: 0 | I62: 0 | J62: 0 | K62: 0 | L62: 0 | M62: 2 | N62: 0 | O62: 4 | P62: 0 | Q62: 0 | R62: 2 | S62: 4 | T62: 4 | U62: 0 | V62: 0 | W62: 1 | X62: 0 | Y62: 1 | Z62: 1 | AA62: 1 | AB62: 0 | AC62: 0 | AD62: 0 | AE62: 0 | AF62: 0 | AG62: =SUM(E62:AF62) -> 22
C63: 6. ILHAM WAHYUDI, S.H. | E63: 0 | F63: 0 | G63: 1 | H63: 0 | I63: 1 | J63: 0 | K63: 0 | L63: 0 | M63: 0 | N63: 0 | O63: 0 | P63: 2 | Q63: 0 | R63: 2 | S63: 0 | T63: 0 | U63: 0 | V63: 2 | W63: 1 | X63: 0 | Y63: 0 | Z63: 0 | AA63: 0 | AB63: 0 | AC63: 0 | AD63: 0 | AE63: 0 | AF63: 1 | AG63: =SUM(E63:AF63) -> 10
C64: 7. HAERUL ANWAR, S.Pd.I. | E64: 0 | F64: 0 | G64: 0 | H64: 0 | I64: 0 | J64: 1 | K64: 0 | L64: 0 | M64: 0 | N64: 0 | O64: 0 | P64: 0 | Q64: 0 | R64: 1 | S64: 0 | T64: 0 | U64: 0 | V64: 0 | W64: 0 | X64: 0 | Y64: 0 | Z64: 0 | AA64: 0 | AB64: 0 | AC64: 0 | AD64: 0 | AE64: 0 | AF64: 0 | AG64: =SUM(E64:AF64) -> 2
C65: 8. YOVI ADHITYA WARDANI | E65: 0 | F65: 0 | G65: 0 | H65: 0 | I65: 0 | J65: 0 | K65: 0 | L65: 0 | M65: 0 | N65: 1 | O65: 1 | P65: 1 | Q65: 0 | R65: 0 | S65: 0 | T65: 0 | U65: 0 | V65: 0 | W65: 0 | X65: 0 | Y65: 1 | Z65: 0 | AA65: 0 | AB65: 0 | AC65: 1 | AD65: 0 | AE65: 0 | AF65: 1 | AG65: =SUM(E65:AF65) -> 6
C66: 9. RITA AMELIA | E66: 0 | F66: 0 | G66: 0 | H66: 1 | I66: 0 | J66: 0 | K66: 0 | L66: 0 | M66: 0 | N66: 2 | O66: 0 | P66: 0 | Q66: 0 | R66: 0 | S66: 0 | T66: 1 | U66: 0 | V66: 1 | W66: 0 | X66: 0 | Y66: 0 | Z66: 0 | AA66: 0 | AB66: 0 | AC66: 1 | AD66: 0 | AE66: 1 | AF66: 0 | AG66: =SUM(E66:AF66) -> 7
A67: B | B67: JUMLAH SUARA SAH PARTAI POLITIK DAN CALON (A1 + A2) | E67: =SUM(E57:E66) -> 21 | F67: =SUM(F57:F66) -> 30 | G67: =SUM(G57:G66) -> 13 | H67: =SUM(H57:H66) -> 20 | I67: =SUM(I57:I66) -> 30 | J67: =SUM(J57:J66) -> 23 | K67: =SUM(K57:K66) -> 36 | L67: =SUM(L57:L66) -> 31 | ... AG67: =SUM(AG57:AG66) -> 801
A69: A.1 | B69: 3. | C69: Partai Demokrasi Indonesia Perjuangan | E69: 10 | F69: 12 | G69: 7 | H69: 8 | I69: 53 | J69: 8 | K69: 11 | L69: 3 | M69: 14 | N69: 17 | O69: 3 | P69: 16 | Q69: 14 | R69: 9 | S69: 6 | T69: 14 | U69: 8 | V69: 9 | W69: 7 | X69: 11 | Y69: 9 | Z69: 4 | AA69: 2 | AB69: 7 | AC69: 1 | AD69: 1 | AE69: 1 | AF69: 6 | AG69: =SUM(E69:AF69) -> 271
A70: A.2 | C70: 1. MARTIN H., S.H., M.H. | E70: 12 | F70: 12 | G70: 6 | H70: 4 | I70: 7 | J70: 12 | K70: 11 | L70: 5 | M70: 7 | N70: 11 | O70: 9 | P70: 6 | Q70: 10 | R70: 10 | S70: 4 | T70: 15 | U70: 6 | V70: 23 | W70: 22 | X70: 9 | Y70: 2 | Z70: 4 | AA70: 3 | AB70: 6 | AC70: 2 | AD70: 9 | AE70: 134 | AF70: 38 | AG70: =SUM(E70:AF70) -> 399
C71: 2. HERMANTO, S.E. | E71: 34 | F71: 13 | G71: 10 | H71: 2 | I71: 1 | J71: 3 | K71: 2 | L71: 9 | M71: 7 | N71: 6 | O71: 8 | P71: 3 | Q71: 2 | R71: 5 | S71: 0 | T71: 5 | U71: 2 | V71: 3 | W71: 4 | X71: 0 | Y71: 2 | Z71: 3 | AA71: 0 | AB71: 0 | AC71: 2 | AD71: 3 | AE71: 2 | AF71: 2 | AG71: =SUM(E71:AF71) -> 133
C72: 3. EVY SUSILAWATI, S.E., M.M. | E72: 1 | F72: 2 | G72: 7 | H72: 3 | I72: 1 | J72: 2 | K72: 1 | L72: 1 | M72: 4 | N72: 3 | O72: 0 | P72: 0 | Q72: 0 | R72: 3 | S72: 6 | T72: 3 | U72: 4 | V72: 5 | W72: 1 | X72: 2 | Y72: 1 | Z72: 0 | AA72: 0 | AB72: 0 | AC72: 1 | AD72: 2 | AE72: 0 | AF72: 1 | AG72: =SUM(E72:AF72) -> 54
C73: 4. M. SIROTTUDIN | E73: 0 | F73: 2 | G73: 0 | H73: 0 | I73: 0 | J73: 3 | K73: 1 | L73: 0 | M73: 1 | N73: 1 | O73: 0 | P73: 1 | Q73: 0 | R73: 1 | S73: 0 | T73: 0 | U73: 0 | V73: 1 | W73: 0 | X73: 1 | Y73: 0 | Z73: 0 | AA73: 0 | AB73: 0 | AC73: 0 | AD73: 0 | AE73: 0 | AF73: 1 | AG73: =SUM(E73:AF73) -> 13
C74: 5. ABDUL HAFID, S.H. | E74: 0 | F74: 3 | G74: 0 | H74: 0 | I74: 0 | J74: 4 | K74: 0 | L74: 0 | M74: 0 | N74: 0 | O74: 0 | P74: 2 | Q74: 0 | R74: 0 | S74: 1 | T74: 0 | U74: 0 | V74: 1 | W74: 3 | X74: 2 | Y74: 0 | Z74: 0 | AA74: 0 | AB74: 1 | AC74: 0 | AD74: 0 | AE74: 0 | AF74: 1 | AG74: =SUM(E74:AF74) -> 18
C75: 6. NIKITA FORTUNA SURYANINGATI, A.Md.Keb. | E75: 1 | F75: 0 | G75: 1 | H75: 0 | I75: 1 | J75: 0 | K75: 0 | L75: 0 | M75: 0 | N75: 2 | O75: 2 | P75: 0 | Q75: 0 | R75: 4 | S75: 1 | T75: 0 | U75: 0 | V75: 2 | W75: 1 | X75: 2 | Y75: 1 | Z75: 0 | AA75: 1 | AB75: 1 | AC75: 0 | AD75: 0 | AE75: 0 | AF75: 0 | AG75: =SUM(E75:AF75) -> 20
C76: 7. YUDHO ILHAM WIJAYA, S.E. | E76: 1 | F76: 0 | G76: 0 | H76: 0 | I76: 1 | J76: 0 | K76: 1 | L76: 0 | M76: 1 | N76: 0 | O76: 0 | P76: 0 | Q76: 0 | R76: 1 | S76: 0 | T76: 0 | U76: 0 | V76: 1 | W76: 0 | X76: 0 | Y76: 0 | Z76: 0 | AA76: 0 | AB76: 0 | AC76: 0 | AD76: 1 | AE76: 0 | AF76: 0 | AG76: =SUM(E76:AF76) -> 7
C77: 8. SETIAWATI, S.H. | E77: 0 | F77: 2 | G77: 0 | H77: 0 | I77: 1 | J77: 2 | K77: 1 | L77: 0 | M77: 0 | N77: 1 | O77: 0 | P77: 0 | Q77: 0 | R77: 1 | S77: 0 | T77: 0 | U77: 0 | V77: 0 | W77: 1 | X77: 0 | Y77: 0 | Z77: 0 | AA77: 0 | AB77: 1 | AC77: 0 | AD77: 0 | AE77: 0 | AF77: 0 | AG77: =SUM(E77:AF77) -> 10
C78: 9. EKO BUDI SANTOSO, S.H. | E78: 0 | F78: 0 | G78: 0 | H78: 0 | I78: 0 | J78: 1 | K78: 0 | L78: 0 | M78: 0 | N78: 0 | O78: 0 | P78: 0 | Q78: 0 | R78: 0 | S78: 0 | T78: 2 | U78: 0 | V78: 0 | W78: 0 | X78: 0 | Y78: 0 | Z78: 0 | AA78: 0 | AB78: 0 | AC78: 0 | AD78: 0 | AE78: 0 | AF78: 0 | AG78: =SUM(E78:AF78) -> 3
A79: B | B79: JUMLAH SUARA SAH PARTAI POLITIK DAN CALON (A1 + A2) | E79: =SUM(E69:E78) -> 59 | F79: =SUM(F69:F78) -> 46 | G79: =SUM(G69:G78) -> 31 | H79: =SUM(H69:H78) -> 17 | I79: =SUM(I69:I78) -> 65 | J79: =SUM(J69:J78) -> 35 | K79: =SUM(K69:K78) -> 28 | L79: =SUM(L69:L78) -> 18 | ... AG79: =SUM(AG69:AG78) -> 928
A81: A.1 | B81: 4. | C81: Partai Golongan Karya | E81: 4 | F81: 2 | G81: 0 | H81: 0 | I81: 1 | J81: 1 | K81: 5 | L81: 6 | M81: 3 | N81: 1 | O81: 1 | P81: 4 | Q81: 6 | R81: 5 | S81: 7 | T81: 4 | U81: 9 | V81: 7 | W81: 7 | X81: 16 | Y81: 14 | Z81: 69 | AA81: 4 | AB81: 9 | AC81: 5 | AD81: 2 | AE81: 3 | AF81: 0 | AG81: =SUM(E81:AF81) -> 195
A82: A.2 | C82: 1. PRANAYA YUDHA MAHARDHIKA | E82: 6 | F82: 8 | G82: 2 | H82: 3 | I82: 3 | J82: 2 | K82: 8 | L82: 6 | M82: 0 | N82: 4 | O82: 0 | P82: 4 | Q82: 2 | R82: 7 | S82: 4 | T82: 5 | U82: 11 | V82: 3 | W82: 7 | X82: 15 | Y82: 32 | Z82: 14 | AA82: 12 | AB82: 8 | AC82: 12 | AD82: 11 | AE82: 1 | AF82: 7 | AG82: =SUM(E82:AF82) -> 197
C83: 2. Dra. Ec. ENDANG SULASTUTY, M.I.P. | E83: 0 | F83: 2 | G83: 0 | H83: 2 | I83: 1 | J83: 0 | K83: 0 | L83: 3 | M83: 0 | N83: 0 | O83: 0 | P83: 4 | Q83: 3 | R83: 1 | S83: 0 | T83: 2 | U83: 0 | V83: 0 | W83: 2 | X83: 1 | Y83: 8 | Z83: 2 | AA83: 3 | AB83: 1 | AC83: 1 | AD83: 3 | AE83: 0 | AF83: 0 | AG83: =SUM(E83:AF83) -> 39
C84: 3. AGUS REJEKI WARTONO | E84: 3 | F84: 1 | G84: 2 | H84: 0 | I84: 1 | J84: 1 | K84: 0 | L84: 0 | M84: 1 | N84: 1 | O84: 0 | P84: 0 | Q84: 1 | R84: 1 | S84: 0 | T84: 0 | U84: 0 | V84: 0 | W84: 1 | X84: 2 | Y84: 3 | Z84: 0 | AA84: 1 | AB84: 1 | AC84: 0 | AD84: 1 | AE84: 0 | AF84: 1 | AG84: =SUM(E84:AF84) -> 22
C85: 4. Hj. TUTUK ASMA'A ZUCHROH, S.T., M.T. | E85: 0 | F85: 0 | G85: 0 | H85: 1 | I85: 4 | J85: 0 | K85: 0 | L85: 1 | M85: 0 | N85: 1 | O85: 1 | P85: 1 | Q85: 0 | R85: 1 | S85: 0 | T85: 2 | U85: 2 | V85: 1 | W85: 0 | X85: 0 | Y85: 2 | Z85: 2 | AA85: 2 | AB85: 0 | AC85: 1 | AD85: 1 | AE85: 0 | AF85: 0 | AG85: =SUM(E85:AF85) -> 23
C86: 5. ADE M. RIZKI, S.E. | E86: 0 | F86: 0 | G86: 1 | H86: 0 | I86: 0 | J86: 1 | K86: 0 | L86: 0 | M86: 1 | N86: 0 | O86: 1 | P86: 0 | Q86: 0 | R86: 0 | S86: 0 | T86: 1 | U86: 0 | V86: 0 | W86: 1 | X86: 0 | Y86: 0 | Z86: 0 | AA86: 1 | AB86: 1 | AC86: 0 | AD86: 1 | AE86: 0 | AF86: 3 | AG86: =SUM(E86:AF86) -> 12
C87: 6. ABDURAKHMAN, Bc.Kn. | E87: 0 | F87: 1 | G87: 0 | H87: 0 | I87: 0 | J87: 0 | K87: 0 | L87: 0 | M87: 0 | N87: 0 | O87: 0 | P87: 0 | Q87: 0 | R87: 1 | S87: 1 | T87: 0 | U87: 0 | V87: 1 | W87: 1 | X87: 2 | Y87: 1 | Z87: 1 | AA87: 1 | AB87: 2 | AC87: 1 | AD87: 1 | AE87: 0 | AF87: 1 | AG87: =SUM(E87:AF87) -> 15
C88: 7. CENDY RHIYAN ADI PUTRI | E88: 0 | F88: 0 | G88: 0 | H88: 0 | I88: 1 | J88: 0 | K88: 0 | L88: 0 | M88: 0 | N88: 0 | O88: 0 | P88: 0 | Q88: 0 | R88: 0 | S88: 0 | T88: 0 | U88: 0 | V88: 0 | W88: 1 | X88: 0 | Y88: 1 | Z88: 0 | AA88: 0 | AB88: 0 | AC88: 1 | AD88: 0 | AE88: 0 | AF88: 0 | AG88: =SUM(E88:AF88) -> 4
C89: 8. BAKTI WIJAYANTO, S.E. | E89: 0 | F89: 0 | G89: 0 | H89: 0 | I89: 0 | J89: 0 | K89: 0 | L89: 0 | M89: 0 | N89: 0 | O89: 0 | P89: 0 | Q89: 0 | R89: 1 | S89: 0 | T89: 0 | U89: 0 | V89: 0 | W89: 0 | X89: 0 | Y89: 1 | Z89: 0 | AA89: 0 | AB89: 0 | AC89: 1 | AD89: 0 | AE89: 0 | AF89: 0 | AG89: =SUM(E89:AF89) -> 3
C90: 9. AHMAD UBAIDILLAH | E90: 0 | F90: 0 | G90: 1 | H90: 0 | I90: 1 | J90: 0 | K90: 0 | L90: 1 | M90: 0 | N90: 0 | O90: 0 | P90: 0 | Q90: 0 | R90: 3 | S90: 0 | T90: 0 | U90: 0 | V90: 0 | W90: 0 | X90: 1 | Y90: 0 | Z90: 0 | AA90: 0 | AB90: 1 | AC90: 2 | AD90: 1 | AE90: 0 | AF90: 1 | AG90: =SUM(E90:AF90) -> 12
A91: B | B91: JUMLAH SUARA SAH PARTAI POLITIK DAN CALON (A1 + A2) | E91: =SUM(E81:E90) -> 13 | F91: =SUM(F81:F90) -> 14 | G91: =SUM(G81:G90) -> 6 | H91: =SUM(H81:H90) -> 6 | I91: =SUM(I81:I90) -> 12 | J91: =SUM(J81:J90) -> 5 | K91: =SUM(K81:K90) -> 13 | L91: =SUM(L81:L90) -> 17 | ... AG91: =SUM(AG81:AG90) -> 522
A93: A.1 | B93: 5. | C93: Partai NasDem | E93: 1 | F93: 0 | G93: 1 | H93: 0 | I93: 0 | J93: 1 | K93: 4 | L93: 0 | M93: 1 | N93: 1 | O93: 2 | P93: 2 | Q93: 4 | R93: 1 | S93: 1 | T93: 2 | U93: 0 | V93: 0 | W93: 3 | X93: 1 | Y93: 1 | Z93: 0 | AA93: 2 | AB93: 1 | AC93: 0 | AD93: 0 | AE93: 0 | AF93: 3 | AG93: =SUM(E93:AF93) -> 32
A94: A.2 | C94: 1. ALI MUSTOFA, A.Md. | E94: 4 | F94: 1 | G94: 2 | H94: 1 | I94: 4 | J94: 0 | K94: 5 | L94: 1 | M94: 0 | N94: 1 | O94: 1 | P94: 3 | Q94: 3 | R94: 3 | S94: 2 | T94: 1 | U94: 0 | V94: 3 | W94: 3 | X94: 3 | Y94: 2 | Z94: 0 | AA94: 0 | AB94: 2 | AC94: 2 | AD94: 0 | AE94: 0 | AF94: 5 | AG94: =SUM(E94:AF94) -> 52
C95: 2. Hj. BUAMI, S.H. | E95: 0 | F95: 1 | G95: 0 | H95: 0 | I95: 0 | J95: 1 | K95: 0 | L95: 0 | M95: 0 | N95: 0 | O95: 0 | P95: 1 | Q95: 0 | R95: 0 | S95: 0 | T95: 0 | U95: 0 | V95: 0 | W95: 1 | X95: 0 | Y95: 0 | Z95: 0 | AA95: 1 | AB95: 0 | AC95: 0 | AD95: 0 | AE95: 0 | AF95: 0 | AG95: =SUM(E95:AF95) -> 5
C96: 3. SUGIONO, S.H. | E96: 0 | F96: 0 | G96: 0 | H96: 0 | I96: 0 | J96: 0 | K96: 0 | L96: 0 | M96: 0 | N96: 0 | O96: 0 | P96: 1 | Q96: 0 | R96: 0 | S96: 0 | T96: 1 | U96: 0 | V96: 0 | W96: 0 | X96: 0 | Y96: 0 | Z96: 0 | AA96: 0 | AB96: 0 | AC96: 0 | AD96: 0 | AE96: 0 | AF96: 1 | AG96: =SUM(E96:AF96) -> 3
C97: 4. LULUK SUNARMIATININGSIH | E97: 0 | F97: 0 | G97: 0 | H97: 1 | I97: 1 | J97: 0 | K97: 1 | L97: 0 | M97: 1 | N97: 0 | O97: 1 | P97: 1 | Q97: 0 | R97: 0 | S97: 0 | T97: 0 | U97: 1 | V97: 0 | W97: 0 | X97: 0 | Y97: 0 | Z97: 0 | AA97: 0 | AB97: 0 | AC97: 0 | AD97: 0 | AE97: 0 | AF97: 0 | AG97: =SUM(E97:AF97) -> 7
C98: 5. ANTON DJULIANTO ADI | E98: 0 | F98: 1 | G98: 0 | H98: 0 | I98: 1 | J98: 0 | K98: 0 | L98: 0 | M98: 0 | N98: 0 | O98: 0 | P98: 1 | Q98: 0 | R98: 0 | S98: 0 | T98: 0 | U98: 0 | V98: 0 | W98: 1 | X98: 0 | Y98: 0 | Z98: 0 | AA98: 0 | AB98: 0 | AC98: 0 | AD98: 0 | AE98: 0 | AF98: 0 | AG98: =SUM(E98:AF98) -> 4
C99: 6. MOKHAMAD ROFI'I KHUSNAN | E99: 0 | F99: 0 | G99: 0 | H99: 0 | I99: 0 | J99: 0 | K99: 0 | L99: 0 | M99: 0 | N99: 0 | O99: 0 | P99: 0 | Q99: 0 | R99: 0 | S99: 0 | T99: 0 | U99: 0 | V99: 0 | W99: 0 | X99: 0 | Y99: 0 | Z99: 0 | AA99: 0 | AB99: 0 | AC99: 0 | AD99: 0 | AE99: 0 | AF99: 0 | AG99: =SUM(E99:AF99) -> 0
C100: 7. Rr SETYO WATI | E100: 0 | F100: 0 | G100: 0 | H100: 0 | I100: 0 | J100: 0 | K100: 1 | L100: 0 | M100: 0 | N100: 0 | O100: 0 | P100: 0 | Q100: 0 | R100: 0 | S100: 0 | T100: 0 | U100: 1 | V100: 0 | W100: 0 | X100: 0 | Y100: 0 | Z100: 0 | AA100: 0 | AB100: 0 | AC100: 0 | AD100: 0 | AE100: 0 | AF100: 0 | AG100: =SUM(E100:AF100) -> 2
C101: 8. ABD. KADIR ASSEGAFF | E101: 0 | F101: 0 | G101: 0 | H101: 0 | I101: 0 | J101: 2 | K101: 0 | L101: 0 | M101: 1 | N101: 0 | O101: 1 | P101: 0 | Q101: 0 | R101: 0 | S101: 0 | T101: 1 | U101: 0 | V101: 2 | W101: 0 | X101: 0 | Y101: 0 | Z101: 0 | AA101: 0 | AB101: 0 | AC101: 0 | AD101: 0 | AE101: 0 | AF101: 0 | AG101: =SUM(E101:AF101) -> 7
C102: 9. FATHOR ZAINULLAH | E102: 0 | F102: 0 | G102: 0 | H102: 0 | I102: 0 | J102: 0 | K102: 0 | L102: 0 | M102: 0 | N102: 0 | O102: 0 | P102: 0 | Q102: 0 | R102: 0 | S102: 0 | T102: 0 | U102: 0 | V102: 0 | W102: 0 | X102: 0 | Y102: 0 | Z102: 0 | AA102: 0 | AB102: 0 | AC102: 0 | AD102: 0 | AE102: 0 | AF102: 0 | AG102: =SUM(E102:AF102) -> 0
A103: B | B103: JUMLAH SUARA SAH PARTAI POLITIK DAN CALON (A1 + A2) | E103: =SUM(E93:E102) -> 5 | F103: =SUM(F93:F102) -> 3 | G103: =SUM(G93:G102) -> 3 | H103: =SUM(H93:H102) -> 2 | I103: =SUM(I93:I102) -> 6 | J103: =SUM(J93:J102) -> 4 | K103: =SUM(K93:K102) -> 11 | L103: =SUM(L93:L102) -> 1 | ... AG103: =SUM(AG93:AG102) -> 112
A105: A.1 | B105: 6. | C105: Partai Buruh | E105: 0 | F105: 0 | G105: 0 | H105: 0 | I105: 1 | J105: 1 | K105: 0 | L105: 0 | M105: 0 | N105: 0 | O105: 0 | P105: 0 | Q105: 0 | R105: 0 | S105: 1 | T105: 0 | U105: 0 | V105: 1 | W105: 0 | X105: 0 | Y105: 1 | Z105: 2 | AA105: 0 | AB105: 0 | AC105: 0 | AD105: 0 | AE105: 0 | AF105: 0 | AG105: =SUM(E105:AF105) -> 7
A106: A.2 | C106: 1. AGUS SUPRIYADI | E106: 1 | F106: 2 | G106: 0 | H106: 0 | I106: 0 | J106: 2 | K106: 1 | L106: 0 | M106: 0 | N106: 0 | O106: 0 | P106: 0 | Q106: 0 | R106: 1 | S106: 1 | T106: 1 | U106: 0 | V106: 0 | W106: 1 | X106: 1 | Y106: 0 | Z106: 0 | AA106: 0 | AB106: 1 | AC106: 0 | AD106: 2 | AE106: 0 | AF106: 0 | AG106: =SUM(E106:AF106) -> 14
C107: 2. ENI HARIATI | E107: 0 | F107: 1 | G107: 0 | H107: 1 | I107: 0 | J107: 0 | K107: 0 | L107: 0 | M107: 0 | N107: 0 | O107: 0 | P107: 0 | Q107: 1 | R107: 0 | S107: 0 | T107: 0 | U107: 0 | V107: 0 | W107: 0 | X107: 0 | Y107: 0 | Z107: 0 | AA107: 0 | AB107: 0 | AC107: 0 | AD107: 0 | AE107: 0 | AF107: 0 | AG107: =SUM(E107:AF107) -> 3
A115: B | B115: JUMLAH SUARA SAH PARTAI POLITIK DAN CALON (A1 + A2) | E115: =SUM(E105:E112) -> 1 | F115: =SUM(F105:F112) -> 3 | G115: =SUM(G105:G112) -> 0 | H115: =SUM(H105:H112) -> 1 | I115: =SUM(I105:I112) -> 1 | J115: =SUM(J105:J112) -> 3 | K115: =SUM(K105:K112) -> 1 | L115: =SUM(L105:L112) -> 0 | ... AF115: =SUM(AF105:AF112) -> 0 | AG115: =SUM(E115:AF115) -> 24
A117: A.1 | B117: 7. | C117: Partai Gelombang Rakyat Indonesia | E117: 1 | F117: 1 | G117: 1 | H117: 2 | I117: 1 | J117: 3 | K117: 1 | L117: 1 | M117: 0 | N117: 2 | O117: 3 | P117: 3 | Q117: 1 | R117: 0 | S117: 0 | T117: 3 | U117: 0 | V117: 0 | W117: 1 | X117: 1 | Y117: 0 | Z117: 0 | AA117: 2 | AB117: 0 | AC117: 4 | AD117: 1 | AE117: 0 | AF117: 0 | AG117: =SUM(E117:AF117) -> 32
A118: A.2 | C118: 1. MIRZA MUHROSNI AROMA | E118: 1 | F118: 0 | G118: 1 | H118: 0 | I118: 2 | J118: 0 | K118: 0 | L118: 2 | M118: 0 | N118: 1 | O118: 0 | P118: 1 | Q118: 1 | R118: 1 | S118: 0 | T118: 0 | U118: 1 | V118: 1 | W118: 1 | X118: 0 | Y118: 0 | Z118: 0 | AA118: 0 | AB118: 0 | AC118: 2 | AD118: 2 | AE118: 0 | AF118: 0 | AG118: =SUM(E118:AF118) -> 17
C119: 2. ACHMAD BAGUS SUGIARTO | E119: 0 | F119: 1 | G119: 1 | H119: 0 | I119: 0 | J119: 0 | K119: 0 | L119: 0 | M119: 0 | N119: 0 | O119: 0 | P119: 0 | Q119: 0 | R119: 0 | S119: 0 | T119: 0 | U119: 0 | V119: 2 | W119: 0 | X119: 0 | Y119: 0 | Z119: 0 | AA119: 0 | AB119: 0 | AC119: 0 | AD119: 0 | AE119: 0 | AF119: 0 | AG119: =SUM(E119:AF119) -> 4
C120: 3. ELOK FITRIYA NINGSIH | E120: 0 | F120: 0 | G120: 0 | H120: 0 | I120: 0 | J120: 0 | K120: 1 | L120: 0 | M120: 0 | N120: 0 | O120: 0 | P120: 0 | Q120: 0 | R120: 0 | S120: 0 | T120: 0 | U120: 0 | V120: 0 | W120: 0 | X120: 0 | Y120: 0 | Z120: 0 | AA120: 0 | AB120: 0 | AC120: 0 | AD120: 0 | AE120: 0 | AF120: 0 | AG120: =SUM(E120:AF120) -> 1
C121: 4. MADI | E121: 0 | F121: 0 | G121: 0 | H121: 0 | I121: 0 | J121: 0 | K121: 0 | L121: 0 | M121: 0 | N121: 0 | O121: 0 | P121: 0 | Q121: 0 | R121: 0 | S121: 0 | T121: 0 | U121: 0 | V121: 0 | W121: 0 | X121: 0 | Y121: 0 | Z121: 0 | AA121: 0 | AB121: 0 | AC121: 0 | AD121: 0 | AE121: 0 | AF121: 0 | AG121: =SUM(E121:AF121) -> 0
C122: 5. LUKY PERMANASARI | E122: 0 | F122: 0 | G122: 0 | H122: 0 | I122: 0 | J122: 0 | K122: 0 | L122: 0 | M122: 0 | N122: 0 | O122: 0 | P122: 0 | Q122: 0 | R122: 0 | S122: 0 | T122: 0 | U122: 0 | V122: 0 | W122: 0 | X122: 0 | Y122: 0 | Z122: 0 | AA122: 0 | AB122: 0 | AC122: 0 | AD122: 0 | AE122: 0 | AF122: 0 | AG122: =SUM(E122:AF122) -> 0
A127: B | B127: JUMLAH SUARA SAH PARTAI POLITIK DAN CALON (A1 + A2) | E127: =SUM(E117:E122) -> 2 | F127: =SUM(F117:F122) -> 2 | G127: =SUM(G117:G122) -> 3 | H127: =SUM(H117:H122) -> 2 | I127: =SUM(I117:I122) -> 3 | J127: =SUM(J117:J122) -> 3 | K127: =SUM(K117:K122) -> 2 | L127: =SUM(L117:L122) -> 3 | ... AG127: =SUM(AG117:AG122) -> 54
A129: A.1 | B129: 8. | C129: Partai Keadilan Sejahtera | E129: 0 | F129: 0 | G129: 0 | H129: 0 | I129: 0 | J129: 1 | K129: 0 | L129: 0 | M129: 0 | N129: 0 | O129: 0 | P129: 0 | Q129: 0 | R129: 1 | S129: 1 | T129: 1 | U129: 1 | V129: 1 | W129: 0 | X129: 0 | Y129: 0 | Z129: 0 | AA129: 0 | AB129: 0 | AC129: 3 | AD129: 1 | AE129: 0 | AF129: 0 | AG129: =SUM(E129:AF129) -> 10
...

Sheet SUMBERMULYO
C2: Kecamatan | D2: PESANGGARAN
C3: Kabupaten | D3: BANYUWANGI
C4: Provinsi | D4: JAWA TIMUR
C9: Kelurahan | D9: SUMBERMULYO
A12: I | B12: DATA PEMILIH DAN PENGGUNAAN HAK PILIH | AB12: JUMLAH AKHIR
A13: A | B13: DATA PEMILIH | E13: TPS 001 | F13: TPS 002 | G13: TPS 003 | H13: TPS 004 | I13: TPS 005 | J13: TPS 006 | K13: TPS 007 | L13: TPS 008 | M13: TPS 009 | N13: TPS 010 | O13: TPS 011 | P13: TPS 012 | Q13: TPS 013 | R13: TPS 014 | S13: TPS 015 | T13: TPS 016 | U13: TPS 017 | V13: TPS 018 | W13: TPS 019 | X13: TPS 020 | Y13: TPS 021 | Z13: TPS 022 | AA13: TPS 023
B14: Jumlah Pemilih dalam Daftar Pemilih Tetap (DPT) | D14: LK | E14: 156 | F14: 144 | G14: 150 | H14: 150 | I14: 137 | J14: 140 | K14: 138 | L14: 129 | M14: 106 | N14: 154 | O14: 124 | P14: 126 | Q14: 96 | R14: 146 | S14: 148 | T14: 144 | U14: 151 | V14: 120 | W14: 133 | X14: 123 | Y14: 143 | Z14: 132 | AA14: 145 | AB14: =SUM(E14:AA14) -> 3135
D15: PR | E15: 141 | F15: 148 | G15: 146 | H15: 148 | I15: 142 | J15: 149 | K15: 137 | L15: 127 | M15: 113 | N15: 136 | O15: 143 | P15: 120 | Q15: 94 | R15: 143 | S15: 144 | T15: 152 | U15: 144 | V15: 127 | W15: 131 | X15: 137 | Y15: 135 | Z15: 131 | AA15: 150 | AB15: =SUM(E15:AA15) -> 3138
D16: JML | E16: =SUM(E14:E15) -> 297 | F16: =SUM(F14:F15) -> 292 | G16: =SUM(G14:G15) -> 296 | H16: =SUM(H14:H15) -> 298 | I16: =SUM(I14:I15) -> 279 | J16: =SUM(J14:J15) -> 289 | K16: =SUM(K14:K15) -> 275 | L16: =SUM(L14:L15) -> 256 | ... AA16: =SUM(AA14:AA15) -> 295 | AB16: =SUM(E16:AA16) -> 6273
A18: B | B18: PENGGUNA HAK PILIH
B19: 1. | C19: Jumlah pengguna hak pilih dalam Daftar Pemilih Tetap (DPT) | D19: LK | E19: 125 | F19: 118 | G19: 119 | H19: 104 | I19: 100 | J19: 104 | K19: 92 | L19: 94 | M19: 81 | N19: 120 | O19: 96 | P19: 103 | Q19: 70 | R19: 118 | S19: 119 | T19: 110 | U19: 122 | V19: 88 | W19: 111 | X19: 104 | Y19: 122 | Z19: 113 | AA19: 122 | AB19: =SUM(E19:AA19) -> 2455
D20: PR | E20: 115 | F20: 116 | G20: 110 | H20: 107 | I20: 110 | J20: 109 | K20: 103 | L20: 100 | M20: 92 | N20: 102 | O20: 109 | P20: 100 | Q20: 70 | R20: 112 | S20: 112 | T20: 105 | U20: 123 | V20: 99 | W20: 106 | X20: 118 | Y20: 117 | Z20: 108 | AA20: 114 | AB20: =SUM(E20:AA20) -> 2457
D21: JML | E21: =SUM(E19:E20) -> 240 | F21: =SUM(F19:F20) -> 234 | G21: =SUM(G19:G20) -> 229 | H21: =SUM(H19:H20) -> 211 | I21: =SUM(I19:I20) -> 210 | J21: =SUM(J19:J20) -> 213 | K21: =SUM(K19:K20) -> 195 | L21: =SUM(L19:L20) -> 194 | ... AA21: =SUM(AA19:AA20) -> 236 | AB21: =SUM(E21:AA21) -> 4912
B22: 2. | C22: Jumlah pengguna hak pilih dalam Daftar Pemilih Tambahan (DPTb) | D22: LK | E22: 0 | F22: 0 | G22: 0 | H22: 0 | I22: 0 | J22: 0 | K22: 3 | L22: 0 | M22: 0 | N22: 1 | O22: 0 | P22: 0 | Q22: 0 | R22: 0 | S22: 0 | T22: 1 | U22: 0 | V22: 1 | W22: 0 | X22: 0 | Y22: 0 | Z22: 0 | AA22: 0 | AB22: =SUM(E22:AA22) -> 6
D23: PR | E23: 0 | F23: 0 | G23: 0 | H23: 0 | I23: 0 | J23: 0 | K23: 2 | L23: 1 | M23: 2 | N23: 0 | O23: 0 | P23: 0 | Q23: 0 | R23: 0 | S23: 0 | T23: 0 | U23: 0 | V23: 0 | W23: 0 | X23: 0 | Y23: 0 | Z23: 0 | AA23: 0 | AB23: =SUM(E23:AA23) -> 5
D24: JML | E24: =SUM(E22:E23) -> 0 | F24: =SUM(F22:F23) -> 0 | G24: =SUM(G22:G23) -> 0 | H24: =SUM(H22:H23) -> 0 | I24: =SUM(I22:I23) -> 0 | J24: =SUM(J22:J23) -> 0 | K24: =SUM(K22:K23) -> 5 | L24: =SUM(L22:L23) -> 1 | ... AA24: =SUM(AA22:AA23) -> 0 | AB24: =SUM(E24:AA24) -> 11
B25: 3. | C25: Jumlah pengguna hak pilih dalam Daftar Pemilih Khusus (DPK) | D25: LK | E25: 2 | F25: 1 | G25: 4 | H25: 11 | I25: 2 | J25: 1 | K25: 0 | L25: 2 | M25: 1 | N25: 2 | O25: 0 | P25: 0 | Q25: 0 | R25: 1 | S25: 0 | T25: 0 | U25: 0 | V25: 0 | W25: 1 | X25: 0 | Y25: 0 | Z25: 0 | AA25: 0 | AB25: =SUM(E25:AA25) -> 28
D26: PR | E26: 2 | F26: 1 | G26: 3 | H26: 8 | I26: 2 | J26: 3 | K26: 1 | L26: 1 | M26: 1 | N26: 3 | O26: 0 | P26: 1 | Q26: 0 | R26: 1 | S26: 1 | T26: 1 | U26: 4 | V26: 1 | W26: 0 | X26: 2 | Y26: 1 | Z26: 0 | AA26: 0 | AB26: =SUM(E26:AA26) -> 37
D27: JML | E27: =SUM(E25:E26) -> 4 | F27: =SUM(F25:F26) -> 2 | G27: =SUM(G25:G26) -> 7 | H27: =SUM(H25:H26) -> 19 | I27: =SUM(I25:I26) -> 4 | J27: =SUM(J25:J26) -> 4 | K27: =SUM(K25:K26) -> 1 | L27: =SUM(L25:L26) -> 3 | ... AA27: =SUM(AA25:AA26) -> 0 | AB27: =SUM(E27:AA27) -> 65
B28: 4. | C28: Jumlah Pengguna Hak Pilih (B.1+B.2+B.3) | D28: LK | E28: =SUM(E19,E22,E25) -> 127 | F28: =SUM(F19,F22,F25) -> 119 | G28: =SUM(G19,G22,G25) -> 123 | H28: =SUM(H19,H22,H25) -> 115 | I28: =SUM(I19,I22,I25) -> 102 | J28: =SUM(J19,J22,J25) -> 105 | K28: =SUM(K19,K22,K25) -> 95 | L28: =SUM(L19,L22,L25) -> 96 | ... AA28: =SUM(AA19,AA22,AA25) -> 122 | AB28: =SUM(E28:AA28) -> 2489
D29: PR | E29: =SUM(E20,E23,E26) -> 117 | F29: =SUM(F20,F23,F26) -> 117 | G29: =SUM(G20,G23,G26) -> 113 | H29: =SUM(H20,H23,H26) -> 115 | I29: =SUM(I20,I23,I26) -> 112 | J29: =SUM(J20,J23,J26) -> 112 | K29: =SUM(K20,K23,K26) -> 106 | L29: =SUM(L20,L23,L26) -> 102 | ... AA29: =SUM(AA20,AA23,AA26) -> 114 | AB29: =SUM(E29:AA29) -> 2499
D30: JML | E30: =SUM(E28:E29) -> 244 | F30: =SUM(F28:F29) -> 236 | G30: =SUM(G28:G29) -> 236 | H30: =SUM(H28:H29) -> 230 | I30: =SUM(I28:I29) -> 214 | J30: =SUM(J28:J29) -> 217 | K30: =SUM(K28:K29) -> 201 | L30: =SUM(L28:L29) -> 198 | ... AA30: =SUM(AA28:AA29) -> 236 | AB30: =SUM(E30:AA30) -> 4988
A32: II | B32: DATA PENGGUNAAN SURAT SUARA
A33: 1 | B33: Jumlah surat suara yang diterima, termasuk surat suara cadangan 2,5% dari DPT | E33: 304 | F33: 298 | G33: 301 | H33: 304 | I33: 285 | J33: 295 | K33: 300 | L33: 252 | M33: 224 | N33: 296 | O33: 273 | P33: 251 | Q33: 295 | R33: 295 | S33: 298 | T33: 302 | U33: 301 | V33: 252 | W33: 270 | X33: 266 | Y33: 284 | Z33: 268 | AA33: 301 | AB33: =SUM(E33:AA33) -> 6515
A34: 2 | B34: Jumlah surat suara yang digunakan | E34: 244 | F34: 236 | G34: 236 | H34: 230 | I34: 214 | J34: 217 | K34: 201 | L34: 198 | M34: 177 | N34: 228 | O34: 205 | P34: 204 | Q34: 140 | R34: 232 | S34: 232 | T34: 217 | U34: 249 | V34: 189 | W34: 218 | X34: 224 | Y34: 240 | Z34: 221 | AA34: 236 | AB34: =SUM(E34:AA34) -> 4988
A35: 3 | B35: Jumlah surat suara dikembalikan oleh pemilih (karena rusak atau keliru coblos) | E35: 0 | F35: 1 | G35: 0 | H35: 0 | I35: 0 | J35: 0 | K35: 0 | L35: 0 | M35: 0 | N35: 0 | O35: 1 | P35: 0 | Q35: 0 | R35: 0 | S35: 0 | T35: 0 | U35: 0 | V35: 0 | W35: 0 | X35: 0 | Y35: 0 | Z35: 0 | AA35: 0 | AB35: =SUM(E35:AA35) -> 2
A36: 4 | B36: Jumlah surat suara yang tidak digunakan/tidak terpakai, termasuk sisa surat suara cadangan | E36: =E33-(E34+E35) -> 60 | F36: =F33-(F34+F35) -> 61 | G36: =G33-(G34+G35) -> 65 | H36: =H33-(H34+H35) -> 74 | I36: =I33-(I34+I35) -> 71 | J36: =J33-(J34+J35) -> 78 | K36: =K33-(K34+K35) -> 99 | L36: =L33-(L34+L35) -> 54 | ... AA36: =AA33-(AA34+AA35) -> 65 | AB36: =SUM(E36:AA36) -> 1525
A38: III | B38: DATA PEMILIH DISABILITAS
B39: Jumlah seluruh Pemilih disabilitas yang menggunakan hak pilih | D39: LK | E39: 0 | F39: 0 | G39: 0 | H39: 0 | I39: 0 | J39: 0 | K39: 0 | L39: 0 | M39: 0 | N39: 2 | O39: 0 | P39: 0 | Q39: 0 | R39: 1 | S39: 0 | T39: 0 | U39: 2 | V39: 0 | W39: 0 | X39: 0 | Y39: 0 | Z39: 1 | AA39: 0 | AB39: =SUM(E39:AA39) -> 6
D40: PR | E40: 0 | F40: 0 | G40: 0 | H40: 0 | I40: 0 | J40: 0 | K40: 0 | L40: 0 | M40: 0 | N40: 3 | O40: 0 | P40: 0 | Q40: 0 | R40: 0 | S40: 0 | T40: 0 | U40: 0 | V40: 0 | W40: 1 | X40: 0 | Y40: 0 | Z40: 0 | AA40: 0 | AB40: =SUM(E40:AA40) -> 4
D41: JML | E41: =SUM(E39:E40) -> 0 | F41: =SUM(F39:F40) -> 0 | G41: =SUM(G39:G40) -> 0 | H41: =SUM(H39:H40) -> 0 | I41: =SUM(I39:I40) -> 0 | J41: =SUM(J39:J40) -> 0 | K41: =SUM(K39:K40) -> 0 | L41: =SUM(L39:L40) -> 0 | ... AA41: =SUM(AA39:AA40) -> 0 | AB41: =SUM(E41:AA41) -> 10
A43: IV | B43: DATA RINCIAN PEROLEHAN SUARA PASANGAN CALON BUPATI DAN WAKIL BUPATI
A44: NOMOR DAN NAMA CALON
A45: A.1 | B45: 1. | C45: Partai Kebangkitan Bangsa | E45: 9 | F45: 7 | G45: 8 | H45: 10 | I45: 4 | J45: 9 | K45: 9 | L45: 7 | M45: 13 | N45: 6 | O45: 7 | P45: 10 | Q45: 7 | R45: 8 | S45: 11 | T45: 8 | U45: 24 | V45: 3 | W45: 12 | X45: 12 | Y45: 18 | Z45: 14 | AA45: 11 | AB45: =SUM(E45:AA45) -> 227
A46: A.2 | C46: 1. Dra. Hj. MA`MULAH HARUN, M.Pd.I. | E46: 23 | F46: 13 | G46: 6 | H46: 9 | I46: 23 | J46: 28 | K46: 27 | L46: 21 | M46: 29 | N46: 27 | O46: 15 | P46: 10 | Q46: 4 | R46: 28 | S46: 13 | T46: 57 | U46: 62 | V46: 22 | W46: 21 | X46: 34 | Y46: 26 | Z46: 49 | AA46: 30 | AB46: =SUM(E46:AA46) -> 577
C47: 2. UBAIDILLAH, S.Fil.I. | E47: 3 | F47: 2 | G47: 3 | H47: 0 | I47: 2 | J47: 4 | K47: 3 | L47: 3 | M47: 1 | N47: 1 | O47: 3 | P47: 5 | Q47: 0 | R47: 2 | S47: 6 | T47: 3 | U47: 7 | V47: 2 | W47: 6 | X47: 2 | Y47: 2 | Z47: 6 | AA47: 4 | AB47: =SUM(E47:AA47) -> 70
C48: 3. Ir. H. YOYOK MULYADI, M.Si. | E48: 1 | F48: 0 | G48: 0 | H48: 1 | I48: 1 | J48: 3 | K48: 0 | L48: 0 | M48: 4 | N48: 0 | O48: 2 | P48: 1 | Q48: 1 | R48: 2 | S48: 1 | T48: 1 | U48: 1 | V48: 0 | W48: 1 | X48: 4 | Y48: 0 | Z48: 1 | AA48: 2 | AB48: =SUM(E48:AA48) -> 27
C49: 4. KHOIRUL ANWAR, S.Fil.I. | E49: 2 | F49: 0 | G49: 1 | H49: 0 | I49: 3 | J49: 3 | K49: 1 | L49: 0 | M49: 2 | N49: 0 | O49: 2 | P49: 1 | Q49: 1 | R49: 2 | S49: 3 | T49: 1 | U49: 1 | V49: 1 | W49: 0 | X49: 6 | Y49: 0 | Z49: 2 | AA49: 3 | AB49: =SUM(E49:AA49) -> 35
C50: 5. ARIF WIJAKSANA | E50: 1 | F50: 1 | G50: 0 | H50: 1 | I50: 0 | J50: 4 | K50: 4 | L50: 0 | M50: 0 | N50: 0 | O50: 0 | P50: 1 | Q50: 1 | R50: 2 | S50: 1 | T50: 2 | U50: 16 | V50: 3 | W50: 5 | X50: 7 | Y50: 44 | Z50: 5 | AA50: 3 | AB50: =SUM(E50:AA50) -> 101
C51: 6. Dr. SITI YUMNAH | E51: 0 | F51: 1 | G51: 0 | H51: 0 | I51: 0 | J51: 1 | K51: 1 | L51: 0 | M51: 0 | N51: 1 | O51: 0 | P51: 3 | Q51: 0 | R51: 0 | S51: 2 | T51: 0 | U51: 1 | V51: 0 | W51: 0 | X51: 1 | Y51: 0 | Z51: 2 | AA51: 2 | AB51: =SUM(E51:AA51) -> 15
C52: 7. MOHAMMAD ZAINI, M.Pd.I. | E52: 2 | F52: 2 | G52: 1 | H52: 4 | I52: 1 | J52: 2 | K52: 2 | L52: 1 | M52: 5 | N52: 1 | O52: 8 | P52: 2 | Q52: 4 | R52: 2 | S52: 0 | T52: 4 | U52: 3 | V52: 2 | W52: 5 | X52: 1 | Y52: 2 | Z52: 4 | AA52: 2 | AB52: =SUM(E52:AA52) -> 60
C53: 8. FAWAIDUL MAKKIYAH | E53: 0 | F53: 0 | G53: 0 | H53: 0 | I53: 0 | J53: 0 | K53: 0 | L53: 0 | M53: 0 | N53: 0 | O53: 0 | P53: 0 | Q53: 0 | R53: 0 | S53: 2 | T53: 0 | U53: 0 | V53: 0 | W53: 0 | X53: 0 | Y53: 0 | Z53: 0 | AA53: 0 | AB53: =SUM(E53:AA53) -> 2
C54: 9. IFFAH HIDAYATUR ROHMAH, S.Sos. | E54: 1 | F54: 0 | G54: 0 | H54: 0 | I54: 4 | J54: 1 | K54: 2 | L54: 2 | M54: 2 | N54: 0 | O54: 1 | P54: 3 | Q54: 1 | R54: 1 | S54: 2 | T54: 0 | U54: 2 | V54: 1 | W54: 1 | X54: 6 | Y54: 3 | Z54: 1 | AA54: 1 | AB54: =SUM(E54:AA54) -> 35
A55: B | B55: JUMLAH SUARA SAH PARTAI POLITIK DAN CALON (A1 + A2) | E55: =SUM(E45:E54) -> 42 | F55: =SUM(F45:F54) -> 26 | G55: =SUM(G45:G54) -> 19 | H55: =SUM(H45:H54) -> 25 | I55: =SUM(I45:I54) -> 38 | J55: =SUM(J45:J54) -> 55 | K55: =SUM(K45:K54) -> 49 | L55: =SUM(L45:L54) -> 34 | ... AB55: =SUM(AB45:AB54) -> 1149
A57: A.1 | B57: 2. | C57: Partai Gerakan Indonesia Raya | E57: 11 | F57: 15 | G57: 9 | H57: 15 | I57: 16 | J57: 11 | K57: 8 | L57: 17 | M57: 18 | N57: 12 | O57: 11 | P57: 17 | Q57: 12 | R57: 13 | S57: 15 | T57: 6 | U57: 7 | V57: 9 | W57: 26 | X57: 12 | Y57: 9 | Z57: 15 | AA57: 11 | AB57: =SUM(E57:AA57) -> 295
A58: A.2 | C58: 1. AHMAD HADINUDDIN, S.Pd.I. | E58: 8 | F58: 6 | G58: 2 | H58: 15 | I58: 9 | J58: 6 | K58: 8 | L58: 6 | M58: 10 | N58: 9 | O58: 3 | P58: 7 | Q58: 4 | R58: 5 | S58: 5 | T58: 9 | U58: 7 | V58: 8 | W58: 4 | X58: 9 | Y58: 5 | Z58: 8 | AA58: 8 | AB58: =SUM(E58:AA58) -> 161
C59: 2. BIMA RAFSANJANI RAFID | E59: 9 | F59: 8 | G59: 5 | H59: 7 | I59: 5 | J59: 4 | K59: 4 | L59: 2 | M59: 1 | N59: 4 | O59: 4 | P59: 3 | Q59: 4 | R59: 3 | S59: 3 | T59: 2 | U59: 5 | V59: 5 | W59: 5 | X59: 0 | Y59: 2 | Z59: 5 | AA59: 5 | AB59: =SUM(E59:AA59) -> 95
C60: 3. IRA DAMAYANTI | E60: 5 | F60: 1 | G60: 4 | H60: 1 | I60: 3 | J60: 4 | K60: 5 | L60: 3 | M60: 6 | N60: 2 | O60: 2 | P60: 5 | Q60: 2 | R60: 3 | S60: 2 | T60: 1 | U60: 2 | V60: 4 | W60: 1 | X60: 9 | Y60: 3 | Z60: 6 | AA60: 1 | AB60: =SUM(E60:AA60) -> 75
C61: 4. MAULANA MALIK IBRAHIM, S.H. | E61: 49 | F61: 11 | G61: 20 | H61: 8 | I61: 2 | J61: 5 | K61: 9 | L61: 18 | M61: 6 | N61: 26 | O61: 41 | P61: 10 | Q61: 4 | R61: 5 | S61: 3 | T61: 4 | U61: 3 | V61: 8 | W61: 19 | X61: 4 | Y61: 1 | Z61: 3 | AA61: 7 | AB61: =SUM(E61:AA61) -> 266
C62: 5. LULUK ALFIATI | E62: 1 | F62: 0 | G62: 0 | H62: 1 | I62: 1 | J62: 3 | K62: 1 | L62: 1 | M62: 5 | N62: 2 | O62: 4 | P62: 4 | Q62: 1 | R62: 4 | S62: 2 | T62: 2 | U62: 2 | V62: 1 | W62: 2 | X62: 0 | Y62: 1 | Z62: 2 | AA62: 2 | AB62: =SUM(E62:AA62) -> 42
C63: 6. ILHAM WAHYUDI, S.H. | E63: 0 | F63: 0 | G63: 1 | H63: 0 | I63: 1 | J63: 0 | K63: 0 | L63: 0 | M63: 1 | N63: 1 | O63: 1 | P63: 2 | Q63: 1 | R63: 0 | S63: 0 | T63: 0 | U63: 1 | V63: 3 | W63: 0 | X63: 2 | Y63: 1 | Z63: 0 | AA63: 0 | AB63: =SUM(E63:AA63) -> 15
C64: 7. HAERUL ANWAR, S.Pd.I. | E64: 1 | F64: 1 | G64: 0 | H64: 0 | I64: 0 | J64: 1 | K64: 0 | L64: 1 | M64: 0 | N64: 0 | O64: 0 | P64: 0 | Q64: 1 | R64: 0 | S64: 1 | T64: 0 | U64: 1 | V64: 0 | W64: 0 | X64: 0 | Y64: 0 | Z64: 0 | AA64: 0 | AB64: =SUM(E64:AA64) -> 7
C65: 8. YOVI ADHITYA WARDANI | E65: 0 | F65: 0 | G65: 0 | H65: 0 | I65: 0 | J65: 1 | K65: 0 | L65: 1 | M65: 0 | N65: 1 | O65: 0 | P65: 0 | Q65: 0 | R65: 1 | S65: 0 | T65: 1 | U65: 0 | V65: 0 | W65: 0 | X65: 0 | Y65: 0 | Z65: 0 | AA65: 0 | AB65: =SUM(E65:AA65) -> 5
C66: 9. RITA AMELIA | E66: 1 | F66: 1 | G66: 0 | H66: 2 | I66: 1 | J66: 3 | K66: 0 | L66: 2 | M66: 0 | N66: 1 | O66: 2 | P66: 0 | Q66: 0 | R66: 0 | S66: 0 | T66: 2 | U66: 1 | V66: 1 | W66: 2 | X66: 1 | Y66: 0 | Z66: 0 | AA66: 1 | AB66: =SUM(E66:AA66) -> 21
A67: B | B67: JUMLAH SUARA SAH PARTAI POLITIK DAN CALON (A1 + A2) | E67: =SUM(E57:E66) -> 85 | F67: =SUM(F57:F66) -> 43 | G67: =SUM(G57:G66) -> 41 | H67: =SUM(H57:H66) -> 49 | I67: =SUM(I57:I66) -> 38 | J67: =SUM(J57:J66) -> 38 | K67: =SUM(K57:K66) -> 35 | L67: =SUM(L57:L66) -> 51 | ... AB67: =SUM(AB57:AB66) -> 982
A69: A.1 | B69: 3. | C69: Partai Demokrasi Indonesia Perjuangan | E69: 15 | F69: 14 | G69: 22 | H69: 11 | I69: 21 | J69: 12 | K69: 10 | L69: 10 | M69: 5 | N69: 12 | O69: 11 | P69: 7 | Q69: 6 | R69: 15 | S69: 24 | T69: 5 | U69: 14 | V69: 14 | W69: 21 | X69: 6 | Y69: 10 | Z69: 3 | AA69: 7 | AB69: =SUM(E69:AA69) -> 275
A70: A.2 | C70: 1. MARTIN H., S.H., M.H. | E70: 12 | F70: 37 | G70: 42 | H70: 10 | I70: 30 | J70: 10 | K70: 4 | L70: 6 | M70: 2 | N70: 4 | O70: 3 | P70: 3 | Q70: 2 | R70: 3 | S70: 11 | T70: 1 | U70: 6 | V70: 6 | W70: 5 | X70: 3 | Y70: 1 | Z70: 0 | AA70: 4 | AB70: =SUM(E70:AA70) -> 205
C71: 2. HERMANTO, S.E. | E71: 14 | F71: 4 | G71: 17 | H71: 5 | I71: 6 | J71: 10 | K71: 5 | L71: 1 | M71: 3 | N71: 3 | O71: 3 | P71: 2 | Q71: 4 | R71: 13 | S71: 14 | T71: 7 | U71: 3 | V71: 2 | W71: 5 | X71: 0 | Y71: 1 | Z71: 4 | AA71: 3 | AB71: =SUM(E71:AA71) -> 129
C72: 3. EVY SUSILAWATI, S.E., M.M. | E72: 4 | F72: 6 | G72: 3 | H72: 12 | I72: 4 | J72: 5 | K72: 5 | L72: 4 | M72: 4 | N72: 1 | O72: 5 | P72: 3 | Q72: 1 | R72: 4 | S72: 5 | T72: 6 | U72: 0 | V72: 3 | W72: 3 | X72: 1 | Y72: 3 | Z72: 2 | AA72: 3 | AB72: =SUM(E72:AA72) -> 87
C73: 4. M. SIROTTUDIN | E73: 9 | F73: 11 | G73: 8 | H73: 7 | I73: 3 | J73: 2 | K73: 3 | L73: 2 | M73: 2 | N73: 1 | O73: 3 | P73: 0 | Q73: 1 | R73: 10 | S73: 10 | T73: 4 | U73: 2 | V73: 2 | W73: 0 | X73: 1 | Y73: 3 | Z73: 3 | AA73: 1 | AB73: =SUM(E73:AA73) -> 88
C74: 5. ABDUL HAFID, S.H. | E74: 2 | F74: 3 | G74: 3 | H74: 0 | I74: 2 | J74: 1 | K74: 1 | L74: 1 | M74: 1 | N74: 2 | O74: 4 | P74: 0 | Q74: 0 | R74: 2 | S74: 5 | T74: 2 | U74: 1 | V74: 0 | W74: 3 | X74: 4 | Y74: 2 | Z74: 3 | AA74: 3 | AB74: =SUM(E74:AA74) -> 45
C75: 6. NIKITA FORTUNA SURYANINGATI, A.Md.Keb. | E75: 5 | F75: 2 | G75: 0 | H75: 1 | I75: 0 | J75: 0 | K75: 1 | L75: 2 | M75: 2 | N75: 1 | O75: 0 | P75: 5 | Q75: 0 | R75: 3 | S75: 1 | T75: 3 | U75: 1 | V75: 0 | W75: 2 | X75: 2 | Y75: 2 | Z75: 0 | AA75: 1 | AB75: =SUM(E75:AA75) -> 34
C76: 7. YUDHO ILHAM WIJAYA, S.E. | E76: 2 | F76: 0 | G76: 0 | H76: 0 | I76: 1 | J76: 0 | K76: 1 | L76: 0 | M76: 0 | N76: 1 | O76: 2 | P76: 0 | Q76: 1 | R76: 1 | S76: 6 | T76: 4 | U76: 0 | V76: 0 | W76: 1 | X76: 1 | Y76: 0 | Z76: 0 | AA76: 1 | AB76: =SUM(E76:AA76) -> 22
C77: 8. SETIAWATI, S.H. | E77: 1 | F77: 1 | G77: 1 | H77: 0 | I77: 0 | J77: 1 | K77: 1 | L77: 1 | M77: 1 | N77: 2 | O77: 2 | P77: 3 | Q77: 0 | R77: 0 | S77: 2 | T77: 1 | U77: 1 | V77: 2 | W77: 0 | X77: 0 | Y77: 1 | Z77: 0 | AA77: 2 | AB77: =SUM(E77:AA77) -> 23
C78: 9. EKO BUDI SANTOSO, S.H. | E78: 0 | F78: 2 | G78: 4 | H78: 2 | I78: 1 | J78: 1 | K78: 3 | L78: 0 | M78: 0 | N78: 0 | O78: 0 | P78: 1 | Q78: 2 | R78: 1 | S78: 6 | T78: 1 | U78: 0 | V78: 0 | W78: 0 | X78: 0 | Y78: 0 | Z78: 0 | AA78: 2 | AB78: =SUM(E78:AA78) -> 26
A79: B | B79: JUMLAH SUARA SAH PARTAI POLITIK DAN CALON (A1 + A2) | E79: =SUM(E69:E78) -> 64 | F79: =SUM(F69:F78) -> 80 | G79: =SUM(G69:G78) -> 100 | H79: =SUM(H69:H78) -> 48 | I79: =SUM(I69:I78) -> 68 | J79: =SUM(J69:J78) -> 42 | K79: =SUM(K69:K78) -> 34 | L79: =SUM(L69:L78) -> 27 | ... AB79: =SUM(AB69:AB78) -> 934
A81: A.1 | B81: 4. | C81: Partai Golongan Karya | E81: 4 | F81: 3 | G81: 3 | H81: 10 | I81: 5 | J81: 4 | K81: 4 | L81: 6 | M81: 1 | N81: 3 | O81: 4 | P81: 10 | Q81: 4 | R81: 5 | S81: 2 | T81: 2 | U81: 4 | V81: 7 | W81: 5 | X81: 2 | Y81: 8 | Z81: 7 | AA81: 6 | AB81: =SUM(E81:AA81) -> 109
A82: A.2 | C82: 1. PRANAYA YUDHA MAHARDHIKA | E82: 8 | F82: 11 | G82: 7 | H82: 7 | I82: 3 | J82: 4 | K82: 4 | L82: 8 | M82: 3 | N82: 5 | O82: 3 | P82: 4 | Q82: 6 | R82: 9 | S82: 11 | T82: 13 | U82: 4 | V82: 14 | W82: 1 | X82: 2 | Y82: 7 | Z82: 7 | AA82: 8 | AB82: =SUM(E82:AA82) -> 149
C83: 2. Dra. Ec. ENDANG SULASTUTY, M.I.P. | E83: 0 | F83: 1 | G83: 0 | H83: 3 | I83: 3 | J83: 2 | K83: 1 | L83: 1 | M83: 1 | N83: 0 | O83: 3 | P83: 4 | Q83: 1 | R83: 2 | S83: 1 | T83: 0 | U83: 0 | V83: 4 | W83: 1 | X83: 0 | Y83: 0 | Z83: 0 | AA83: 1 | AB83: =SUM(E83:AA83) -> 29
C84: 3. AGUS REJEKI WARTONO | E84: 0 | F84: 0 | G84: 1 | H84: 0 | I84: 0 | J84: 0 | K84: 0 | L84: 0 | M84: 0 | N84: 0 | O84: 1 | P84: 3 | Q84: 2 | R84: 1 | S84: 2 | T84: 0 | U84: 0 | V84: 1 | W84: 2 | X84: 0 | Y84: 0 | Z84: 0 | AA84: 2 | AB84: =SUM(E84:AA84) -> 15
C85: 4. Hj. TUTUK ASMA'A ZUCHROH, S.T., M.T. | E85: 3 | F85: 1 | G85: 1 | H85: 2 | I85: 6 | J85: 4 | K85: 4 | L85: 1 | M85: 2 | N85: 2 | O85: 3 | P85: 5 | Q85: 4 | R85: 4 | S85: 2 | T85: 1 | U85: 0 | V85: 2 | W85: 1 | X85: 0 | Y85: 1 | Z85: 0 | AA85: 0 | AB85: =SUM(E85:AA85) -> 49
C86: 5. ADE M. RIZKI, S.E. | E86: 0 | F86: 1 | G86: 0 | H86: 0 | I86: 0 | J86: 0 | K86: 1 | L86: 1 | M86: 0 | N86: 1 | O86: 0 | P86: 0 | Q86: 0 | R86: 1 | S86: 0 | T86: 0 | U86: 0 | V86: 1 | W86: 1 | X86: 0 | Y86: 0 | Z86: 1 | AA86: 0 | AB86: =SUM(E86:AA86) -> 8
C87: 6. ABDURAKHMAN, Bc.Kn. | E87: 0 | F87: 1 | G87: 0 | H87: 0 | I87: 0 | J87: 1 | K87: 0 | L87: 0 | M87: 0 | N87: 1 | O87: 0 | P87: 2 | Q87: 0 | R87: 2 | S87: 1 | T87: 0 | U87: 1 | V87: 1 | W87: 0 | X87: 0 | Y87: 1 | Z87: 2 | AA87: 0 | AB87: =SUM(E87:AA87) -> 13
C88: 7. CENDY RHIYAN ADI PUTRI | E88: 0 | F88: 0 | G88: 0 | H88: 0 | I88: 1 | J88: 0 | K88: 0 | L88: 0 | M88: 0 | N88: 0 | O88: 0 | P88: 0 | Q88: 0 | R88: 1 | S88: 1 | T88: 1 | U88: 0 | V88: 0 | W88: 2 | X88: 0 | Y88: 0 | Z88: 1 | AA88: 1 | AB88: =SUM(E88:AA88) -> 8
C89: 8. BAKTI WIJAYANTO, S.E. | E89: 0 | F89: 0 | G89: 0 | H89: 0 | I89: 0 | J89: 0 | K89: 0 | L89: 0 | M89: 0 | N89: 0 | O89: 0 | P89: 1 | Q89: 1 | R89: 1 | S89: 0 | T89: 0 | U89: 0 | V89: 0 | W89: 0 | X89: 0 | Y89: 0 | Z89: 1 | AA89: 0 | AB89: =SUM(E89:AA89) -> 4
C90: 9. AHMAD UBAIDILLAH | E90: 0 | F90: 0 | G90: 0 | H90: 0 | I90: 0 | J90: 2 | K90: 0 | L90: 0 | M90: 1 | N90: 0 | O90: 1 | P90: 0 | Q90: 0 | R90: 2 | S90: 0 | T90: 0 | U90: 1 | V90: 0 | W90: 0 | X90: 0 | Y90: 0 | Z90: 0 | AA90: 0 | AB90: =SUM(E90:AA90) -> 7
A91: B | B91: JUMLAH SUARA SAH PARTAI POLITIK DAN CALON (A1 + A2) | E91: =SUM(E81:E90) -> 15 | F91: =SUM(F81:F90) -> 18 | G91: =SUM(G81:G90) -> 12 | H91: =SUM(H81:H90) -> 22 | I91: =SUM(I81:I90) -> 18 | J91: =SUM(J81:J90) -> 17 | K91: =SUM(K81:K90) -> 14 | L91: =SUM(L81:L90) -> 17 | ... AB91: =SUM(AB81:AB90) -> 391
A93: A.1 | B93: 5. | C93: Partai NasDem | E93: 3 | F93: 0 | G93: 1 | H93: 3 | I93: 1 | J93: 0 | K93: 2 | L93: 2 | M93: 2 | N93: 2 | O93: 2 | P93: 2 | Q93: 2 | R93: 2 | S93: 2 | T93: 4 | U93: 3 | V93: 6 | W93: 2 | X93: 1 | Y93: 1 | Z93: 0 | AA93: 0 | AB93: =SUM(E93:AA93) -> 43
A94: A.2 | C94: 1. ALI MUSTOFA, A.Md. | E94: 0 | F94: 0 | G94: 2 | H94: 5 | I94: 1 | J94: 1 | K94: 0 | L94: 2 | M94: 1 | N94: 1 | O94: 1 | P94: 0 | Q94: 2 | R94: 3 | S94: 1 | T94: 3 | U94: 5 | V94: 1 | W94: 0 | X94: 5 | Y94: 2 | Z94: 2 | AA94: 1 | AB94: =SUM(E94:AA94) -> 39
C95: 2. Hj. BUAMI, S.H. | E95: 0 | F95: 0 | G95: 0 | H95: 0 | I95: 1 | J95: 0 | K95: 2 | L95: 0 | M95: 0 | N95: 0 | O95: 0 | P95: 1 | Q95: 1 | R95: 0 | S95: 1 | T95: 0 | U95: 0 | V95: 2 | W95: 3 | X95: 1 | Y95: 0 | Z95: 0 | AA95: 0 | AB95: =SUM(E95:AA95) -> 12
C96: 3. SUGIONO, S.H. | E96: 0 | F96: 1 | G96: 2 | H96: 0 | I96: 0 | J96: 0 | K96: 0 | L96: 0 | M96: 0 | N96: 1 | O96: 0 | P96: 0 | Q96: 0 | R96: 1 | S96: 2 | T96: 0 | U96: 0 | V96: 2 | W96: 0 | X96: 0 | Y96: 0 | Z96: 0 | AA96: 2 | AB96: =SUM(E96:AA96) -> 11
C97: 4. LULUK SUNARMIATININGSIH | E97: 0 | F97: 1 | G97: 0 | H97: 0 | I97: 1 | J97: 0 | K97: 0 | L97: 0 | M97: 0 | N97: 1 | O97: 0 | P97: 1 | Q97: 2 | R97: 3 | S97: 2 | T97: 2 | U97: 2 | V97: 2 | W97: 1 | X97: 1 | Y97: 0 | Z97: 1 | AA97: 0 | AB97: =SUM(E97:AA97) -> 20
C98: 5. ANTON DJULIANTO ADI | E98: 0 | F98: 2 | G98: 1 | H98: 0 | I98: 0 | J98: 0 | K98: 0 | L98: 0 | M98: 0 | N98: 0 | O98: 0 | P98: 0 | Q98: 1 | R98: 2 | S98: 3 | T98: 1 | U98: 1 | V98: 3 | W98: 0 | X98: 1 | Y98: 0 | Z98: 1 | AA98: 0 | AB98: =SUM(E98:AA98) -> 16
C99: 6. MOKHAMAD ROFI'I KHUSNAN | E99: 0 | F99: 0 | G99: 0 | H99: 0 | I99: 0 | J99: 0 | K99: 0 | L99: 0 | M99: 0 | N99: 0 | O99: 0 | P99: 0 | Q99: 0 | R99: 0 | S99: 0 | T99: 1 | U99: 0 | V99: 0 | W99: 0 | X99: 0 | Y99: 0 | Z99: 0 | AA99: 0 | AB99: =SUM(E99:AA99) -> 1
C100: 7. Rr SETYO WATI | E100: 0 | F100: 1 | G100: 1 | H100: 0 | I100: 0 | J100: 0 | K100: 1 | L100: 0 | M100: 1 | N100: 0 | O100: 0 | P100: 0 | Q100: 0 | R100: 0 | S100: 0 | T100: 0 | U100: 0 | V100: 0 | W100: 0 | X100: 0 | Y100: 0 | Z100: 0 | AA100: 0 | AB100: =SUM(E100:AA100) -> 4
C101: 8. ABD. KADIR ASSEGAFF | E101: 0 | F101: 1 | G101: 0 | H101: 0 | I101: 0 | J101: 0 | K101: 0 | L101: 0 | M101: 0 | N101: 0 | O101: 0 | P101: 0 | Q101: 0 | R101: 0 | S101: 0 | T101: 0 | U101: 0 | V101: 0 | W101: 0 | X101: 0 | Y101: 0 | Z101: 0 | AA101: 0 | AB101: =SUM(E101:AA101) -> 1
C102: 9. FATHOR ZAINULLAH | E102: 0 | F102: 0 | G102: 0 | H102: 0 | I102: 0 | J102: 0 | K102: 1 | L102: 0 | M102: 0 | N102: 0 | O102: 0 | P102: 0 | Q102: 0 | R102: 0 | S102: 0 | T102: 0 | U102: 0 | V102: 0 | W102: 0 | X102: 0 | Y102: 0 | Z102: 0 | AA102: 0 | AB102: =SUM(E102:AA102) -> 1
A103: B | B103: JUMLAH SUARA SAH PARTAI POLITIK DAN CALON (A1 + A2) | E103: =SUM(E93:E102) -> 3 | F103: =SUM(F93:F102) -> 6 | G103: =SUM(G93:G102) -> 7 | H103: =SUM(H93:H102) -> 8 | I103: =SUM(I93:I102) -> 4 | J103: =SUM(J93:J102) -> 1 | K103: =SUM(K93:K102) -> 6 | L103: =SUM(L93:L102) -> 4 | ... AB103: =SUM(AB93:AB102) -> 148
A105: A.1 | B105: 6. | C105: Partai Buruh | E105: 0 | F105: 1 | G105: 0 | H105: 0 | I105: 0 | J105: 0 | K105: 1 | L105: 1 | M105: 0 | N105: 1 | O105: 0 | P105: 0 | Q105: 1 | R105: 1 | S105: 0 | T105: 0 | U105: 0 | V105: 0 | W105: 0 | X105: 0 | Y105: 0 | Z105: 0 | AA105: 1 | AB105: =SUM(E105:AA105) -> 7
A106: A.2 | C106: 1. AGUS SUPRIYADI | E106: 0 | F106: 2 | G106: 0 | H106: 0 | I106: 0 | J106: 0 | K106: 0 | L106: 0 | M106: 0 | N106: 0 | O106: 1 | P106: 0 | Q106: 0 | R106: 0 | S106: 0 | T106: 2 | U106: 0 | V106: 1 | W106: 0 | X106: 0 | Y106: 0 | Z106: 0 | AA106: 1 | AB106: =SUM(E106:AA106) -> 7
C107: 2. ENI HARIATI | E107: 0 | F107: 0 | G107: 0 | H107: 1 | I107: 0 | J107: 1 | K107: 0 | L107: 0 | M107: 0 | N107: 0 | O107: 0 | P107: 0 | Q107: 1 | R107: 0 | S107: 0 | T107: 0 | U107: 0 | V107: 0 | W107: 0 | X107: 0 | Y107: 0 | Z107: 0 | AA107: 0 | AB107: =SUM(E107:AA107) -> 3
A115: B | B115: JUMLAH SUARA SAH PARTAI POLITIK DAN CALON (A1 + A2) | E115: =SUM(E105:E112) -> 0 | F115: =SUM(F105:F112) -> 3 | G115: =SUM(G105:G112) -> 0 | H115: =SUM(H105:H112) -> 1 | I115: =SUM(I105:I112) -> 0 | J115: =SUM(J105:J112) -> 1 | K115: =SUM(K105:K112) -> 1 | L115: =SUM(L105:L112) -> 1 | ... AA115: =SUM(AA105:AA112) -> 2 | AB115: =SUM(E115:AA115) -> 17
A117: A.1 | B117: 7. | C117: Partai Gelombang Rakyat Indonesia | E117: 1 | F117: 2 | G117: 0 | H117: 3 | I117: 3 | J117: 0 | K117: 0 | L117: 4 | M117: 3 | N117: 0 | O117: 0 | P117: 5 | Q117: 2 | R117: 3 | S117: 4 | T117: 2 | U117: 3 | V117: 1 | W117: 3 | X117: 4 | Y117: 5 | Z117: 1 | AA117: 1 | AB117: =SUM(E117:AA117) -> 50
A118: A.2 | C118: 1. MIRZA MUHROSNI AROMA | E118: 1 | F118: 1 | G118: 1 | H118: 1 | I118: 0 | J118: 0 | K118: 0 | L118: 0 | M118: 1 | N118: 1 | O118: 1 | P118: 0 | Q118: 0 | R118: 0 | S118: 0 | T118: 2 | U118: 0 | V118: 0 | W118: 0 | X118: 2 | Y118: 0 | Z118: 0 | AA118: 0 | AB118: =SUM(E118:AA118) -> 11
C119: 2. ACHMAD BAGUS SUGIARTO | E119: 1 | F119: 0 | G119: 0 | H119: 0 | I119: 0 | J119: 0 | K119: 0 | L119: 0 | M119: 1 | N119: 0 | O119: 0 | P119: 0 | Q119: 0 | R119: 0 | S119: 0 | T119: 0 | U119: 0 | V119: 0 | W119: 0 | X119: 0 | Y119: 0 | Z119: 0 | AA119: 0 | AB119: =SUM(E119:AA119) -> 2
C120: 3. ELOK FITRIYA NINGSIH | E120: 0 | F120: 0 | G120: 0 | H120: 1 | I120: 0 | J120: 0 | K120: 0 | L120: 0 | M120: 0 | N120: 1 | O120: 1 | P120: 0 | Q120: 0 | R120: 2 | S120: 0 | T120: 0 | U120: 0 | V120: 0 | W120: 0 | X120: 0 | Y120: 0 | Z120: 0 | AA120: 0 | AB120: =SUM(E120:AA120) -> 5
C121: 4. MADI | E121: 0 | F121: 0 | G121: 1 | H121: 0 | I121: 0 | J121: 0 | K121: 0 | L121: 0 | M121: 0 | N121: 0 | O121: 0 | P121: 0 | Q121: 0 | R121: 0 | S121: 0 | T121: 0 | U121: 0 | V121: 0 | W121: 0 | X121: 1 | Y121: 0 | Z121: 0 | AA121: 0 | AB121: =SUM(E121:AA121) -> 2
C122: 5. LUKY PERMANASARI | E122: 0 | F122: 0 | G122: 0 | H122: 0 | I122: 0 | J122: 0 | K122: 0 | L122: 0 | M122: 0 | N122: 0 | O122: 0 | P122: 0 | Q122: 0 | R122: 1 | S122: 0 | T122: 0 | U122: 0 | V122: 0 | W122: 0 | X122: 1 | Y122: 0 | Z122: 0 | AA122: 0 | AB122: =SUM(E122:AA122) -> 2
A127: B | B127: JUMLAH SUARA SAH PARTAI POLITIK DAN CALON (A1 + A2) | E127: =SUM(E117:E122) -> 3 | F127: =SUM(F117:F122) -> 3 | G127: =SUM(G117:G122) -> 2 | H127: =SUM(H117:H122) -> 5 | I127: =SUM(I117:I122) -> 3 | J127: =SUM(J117:J122) -> 0 | K127: =SUM(K117:K122) -> 0 | L127: =SUM(L117:L122) -> 4 | ... AB127: =SUM(AB117:AB122) -> 72
A129: A.1 | B129: 8. | C129: Partai Keadilan Sejahtera | E129: 2 | F129: 0 | G129: 0 | H129: 0 | I129: 0 | J129: 0 | K129: 0 | L129: 0 | M129: 0 | N129: 0 | O129: 0 | P129: 0 | Q129: 0 | R129: 1 | S129: 0 | T129: 0 | U129: 0 | V129: 0 | W129: 0 | X129: 0 | Y129: 0 | Z129: 0 | AA129: 0 | AB129: =SUM(E129:AA129) -> 3
...
