Workbook

Sheet DPRD PROVINSI
C8: Kecamatan | D8: LICIN
C9: Kabupaten | D9: BANYUWANGI
C10: Provinsi | D10: JAWA TIMUR
A12: I | B12: DATA PEMILIH DAN PENGGUNAAN HAK PILIH | E12: JUMLAH AKHIR
A13: A | B13: DATA PEMILIH
B14: Jumlah Pemilih dalam Daftar Pemilih Tetap (DPT) | D14: LK | E14: =BANJAR!N14+GUMUK!M14+JELUN!M14+KLUNCING!O14+LICIN!T14+PAKEL!N14+SEGOBANG!W14+TAMANSARI!AD14 -> 11736
D15: PR | E15: =BANJAR!N15+GUMUK!M15+JELUN!M15+KLUNCING!O15+LICIN!T15+PAKEL!N15+SEGOBANG!W15+TAMANSARI!AD15 -> 11864
D16: JML | E16: =SUM(E14:E15) -> 23600
A18: B | B18: PENGGUNA HAK PILIH
B19: 1. | C19: Jumlah pengguna hak pilih dalam Daftar Pemilih Tetap (DPT) | D19: LK | E19: =BANJAR!N19+GUMUK!M19+JELUN!M19+KLUNCING!O19+LICIN!T19+PAKEL!N19+SEGOBANG!W19+TAMANSARI!AD19 -> 9042
D20: PR | E20: =BANJAR!N20+GUMUK!M20+JELUN!M20+KLUNCING!O20+LICIN!T20+PAKEL!N20+SEGOBANG!W20+TAMANSARI!AD20 -> 9713
D21: JML | E21: =SUM(E19:E20) -> 18755
B22: 2. | C22: Jumlah pengguna hak pilih dalam Daftar Pemilih Tambahan (DPTb) | D22: LK | E22: =BANJAR!N22+GUMUK!M22+JELUN!M22+KLUNCING!O22+LICIN!T22+PAKEL!N22+SEGOBANG!W22+TAMANSARI!AD22 -> 6
D23: PR | E23: =BANJAR!N23+GUMUK!M23+JELUN!M23+KLUNCING!O23+LICIN!T23+PAKEL!N23+SEGOBANG!W23+TAMANSARI!AD23 -> 5
D24: JML | E24: =SUM(E22:E23) -> 11
B25: 3. | C25: Jumlah pengguna hak pilih dalam Daftar Pemilih Khusus (DPK) | D25: LK | E25: =BANJAR!N25+GUMUK!M25+JELUN!M25+KLUNCING!O25+LICIN!T25+PAKEL!N25+SEGOBANG!W25+TAMANSARI!AD25 -> 78
D26: PR | E26: =BANJAR!N26+GUMUK!M26+JELUN!M26+KLUNCING!O26+LICIN!T26+PAKEL!N26+SEGOBANG!W26+TAMANSARI!AD26 -> 80
D27: JML | E27: =SUM(E25:E26) -> 158
B28: 4. | C28: Jumlah Pengguna Hak Pilih (B.1+B.2+B.3) | D28: LK | E28: =E19+E22+E25 -> 9126
D29: PR | E29: =E20+E23+E26 -> 9798
D30: JML | E30: =SUM(E28:E29) -> 18924
A32: II | B32: DATA PENGGUNAAN SURAT SUARA
A33: 1 | B33: Jumlah surat suara yang diterima, termasuk surat suara cadangan 2,5% dari DPT | E33: =BANJAR!N33+GUMUK!M33+JELUN!M33+KLUNCING!O33+LICIN!T33+PAKEL!N33+SEGOBANG!W33+TAMANSARI!AD33 -> 24090
A34: 2 | B34: Jumlah surat suara yang digunakan | E34: =BANJAR!N34+GUMUK!M34+JELUN!M34+KLUNCING!O34+LICIN!T34+PAKEL!N34+SEGOBANG!W34+TAMANSARI!AD34 -> 18922
A35: 3 | B35: Jumlah surat suara dikembalikan oleh pemilih (karena rusak atau keliru coblos) | E35: =BANJAR!N35+GUMUK!M35+JELUN!M35+KLUNCING!O35+LICIN!T35+PAKEL!N35+SEGOBANG!W35+TAMANSARI!AD35 -> 45
A36: 4 | B36: Jumlah surat suara yang tidak digunakan/tidak terpakai, termasuk sisa surat suara cadangan | E36: =E33-(E34+E35) -> 5123
A38: III | B38: DATA PEMILIH DISABILITAS
B39: Jumlah seluruh Pemilih disabilitas yang menggunakan hak pilih | D39: LK | E39: =BANJAR!N39+GUMUK!M39+JELUN!M39+KLUNCING!O39+LICIN!T39+PAKEL!N39+SEGOBANG!W39+TAMANSARI!AD39 -> 27
D40: PR | E40: =BANJAR!N40+GUMUK!M40+JELUN!M40+KLUNCING!O40+LICIN!T40+PAKEL!N40+SEGOBANG!W40+TAMANSARI!AD40 -> 19
D41: JML | E41: =SUM(E39:E40) -> 46
A43: IV | B43: DATA RINCIAN PEROLEHAN SUARA PASANGAN CALON BUPATI DAN WAKIL BUPATI
A44: NOMOR DAN NAMA CALON
A45: A.1 | B45: 1. | C45: Partai Kebangkitan Bangsa | E45: =BANJAR!N45+GUMUK!M45+JELUN!M45+KLUNCING!O45+LICIN!T45+PAKEL!N45+SEGOBANG!W45+TAMANSARI!AD45 -> 1005
A46: A.2 | C46: 1. Dra. Hj. MA`MULAH HARUN, M.Pd.I. | E46: =BANJAR!N46+GUMUK!M46+JELUN!M46+KLUNCING!O46+LICIN!T46+PAKEL!N46+SEGOBANG!W46+TAMANSARI!AD46 -> 1989
C47: 2. UBAIDILLAH, S.Fil.I. | E47: =BANJAR!N47+GUMUK!M47+JELUN!M47+KLUNCING!O47+LICIN!T47+PAKEL!N47+SEGOBANG!W47+TAMANSARI!AD47 -> 177
C48: 3. Ir. H. YOYOK MULYADI, M.Si. | E48: =BANJAR!N48+GUMUK!M48+JELUN!M48+KLUNCING!O48+LICIN!T48+PAKEL!N48+SEGOBANG!W48+TAMANSARI!AD48 -> 141
C49: 4. KHOIRUL ANWAR, S.Fil.I. | E49: =BANJAR!N49+GUMUK!M49+JELUN!M49+KLUNCING!O49+LICIN!T49+PAKEL!N49+SEGOBANG!W49+TAMANSARI!AD49 -> 116
C50: 5. ARIF WIJAKSANA | E50: =BANJAR!N50+GUMUK!M50+JELUN!M50+KLUNCING!O50+LICIN!T50+PAKEL!N50+SEGOBANG!W50+TAMANSARI!AD50 -> 48
C51: 6. Dr. SITI YUMNAH | E51: =BANJAR!N51+GUMUK!M51+JELUN!M51+KLUNCING!O51+LICIN!T51+PAKEL!N51+SEGOBANG!W51+TAMANSARI!AD51 -> 24
C52: 7. MOHAMMAD ZAINI, M.Pd.I. | E52: =BANJAR!N52+GUMUK!M52+JELUN!M52+KLUNCING!O52+LICIN!T52+PAKEL!N52+SEGOBANG!W52+TAMANSARI!AD52 -> 25
C53: 8. FAWAIDUL MAKKIYAH | E53: =BANJAR!N53+GUMUK!M53+JELUN!M53+KLUNCING!O53+LICIN!T53+PAKEL!N53+SEGOBANG!W53+TAMANSARI!AD53 -> 12
C54: 9. IFFAH HIDAYATUR ROHMAH, S.Sos. | E54: =BANJAR!N54+GUMUK!M54+JELUN!M54+KLUNCING!O54+LICIN!T54+PAKEL!N54+SEGOBANG!W54+TAMANSARI!AD54 -> 16
A55: B | B55: JUMLAH SUARA SAH PARTAI POLITIK DAN CALON (A1 + A2) | E55: =SUM(E45:E54) -> 3553
A57: A.1 | B57: 2. | C57: Partai Gerakan Indonesia Raya | E57: =BANJAR!N57+GUMUK!M57+JELUN!M57+KLUNCING!O57+LICIN!T57+PAKEL!N57+SEGOBANG!W57+TAMANSARI!AD57 -> 1393
A58: A.2 | C58: 1. AHMAD HADINUDDIN, S.Pd.I. | E58: =BANJAR!N58+GUMUK!M58+JELUN!M58+KLUNCING!O58+LICIN!T58+PAKEL!N58+SEGOBANG!W58+TAMANSARI!AD58 -> 646
C59: 2. BIMA RAFSANJANI RAFID | E59: =BANJAR!N59+GUMUK!M59+JELUN!M59+KLUNCING!O59+LICIN!T59+PAKEL!N59+SEGOBANG!W59+TAMANSARI!AD59 -> 1125
C60: 3. IRA DAMAYANTI | E60: =BANJAR!N60+GUMUK!M60+JELUN!M60+KLUNCING!O60+LICIN!T60+PAKEL!N60+SEGOBANG!W60+TAMANSARI!AD60 -> 187
C61: 4. MAULANA MALIK IBRAHIM, S.H. | E61: =BANJAR!N61+GUMUK!M61+JELUN!M61+KLUNCING!O61+LICIN!T61+PAKEL!N61+SEGOBANG!W61+TAMANSARI!AD61 -> 248
C62: 5. LULUK ALFIATI | E62: =BANJAR!N62+GUMUK!M62+JELUN!M62+KLUNCING!O62+LICIN!T62+PAKEL!N62+SEGOBANG!W62+TAMANSARI!AD62 -> 55
C63: 6. ILHAM WAHYUDI, S.H. | E63: =BANJAR!N63+GUMUK!M63+JELUN!M63+KLUNCING!O63+LICIN!T63+PAKEL!N63+SEGOBANG!W63+TAMANSARI!AD63 -> 45
C64: 7. HAERUL ANWAR, S.Pd.I. | E64: =BANJAR!N64+GUMUK!M64+JELUN!M64+KLUNCING!O64+LICIN!T64+PAKEL!N64+SEGOBANG!W64+TAMANSARI!AD64 -> 19
C65: 8. YOVI ADHITYA WARDANI | E65: =BANJAR!N65+GUMUK!M65+JELUN!M65+KLUNCING!O65+LICIN!T65+PAKEL!N65+SEGOBANG!W65+TAMANSARI!AD65 -> 17
C66: 9. RITA AMELIA | E66: =BANJAR!N66+GUMUK!M66+JELUN!M66+KLUNCING!O66+LICIN!T66+PAKEL!N66+SEGOBANG!W66+TAMANSARI!AD66 -> 29
A67: B | B67: JUMLAH SUARA SAH PARTAI POLITIK DAN CALON (A1 + A2) | E67: =SUM(E57:E66) -> 3764
A69: A.1 | B69: 3. | C69: Partai Demokrasi Indonesia Perjuangan | E69: =BANJAR!N69+GUMUK!M69+JELUN!M69+KLUNCING!O69+LICIN!T69+PAKEL!N69+SEGOBANG!W69+TAMANSARI!AD69 -> 847
A70: A.2 | C70: 1. MARTIN H., S.H., M.H. | E70: =BANJAR!N70+GUMUK!M70+JELUN!M70+KLUNCING!O70+LICIN!T70+PAKEL!N70+SEGOBANG!W70+TAMANSARI!AD70 -> 311
C71: 2. HERMANTO, S.E. | E71: =BANJAR!N71+GUMUK!M71+JELUN!M71+KLUNCING!O71+LICIN!T71+PAKEL!N71+SEGOBANG!W71+TAMANSARI!AD71 -> 370
C72: 3. EVY SUSILAWATI, S.E., M.M. | E72: =BANJAR!N72+GUMUK!M72+JELUN!M72+KLUNCING!O72+LICIN!T72+PAKEL!N72+SEGOBANG!W72+TAMANSARI!AD72 -> 257
C73: 4. M. SIROTTUDIN | E73: =BANJAR!N73+GUMUK!M73+JELUN!M73+KLUNCING!O73+LICIN!T73+PAKEL!N73+SEGOBANG!W73+TAMANSARI!AD73 -> 421
C74: 5. ABDUL HAFID, S.H. | E74: =BANJAR!N74+GUMUK!M74+JELUN!M74+KLUNCING!O74+LICIN!T74+PAKEL!N74+SEGOBANG!W74+TAMANSARI!AD74 -> 158
C75: 6. NIKITA FORTUNA SURYANINGATI, A.Md.Keb. | E75: =BANJAR!N75+GUMUK!M75+JELUN!M75+KLUNCING!O75+LICIN!T75+PAKEL!N75+SEGOBANG!W75+TAMANSARI!AD75 -> 36
C76: 7. YUDHO ILHAM WIJAYA, S.E. | E76: =BANJAR!N76+GUMUK!M76+JELUN!M76+KLUNCING!O76+LICIN!T76+PAKEL!N76+SEGOBANG!W76+TAMANSARI!AD76 -> 38
C77: 8. SETIAWATI, S.H. | E77: =BANJAR!N77+GUMUK!M77+JELUN!M77+KLUNCING!O77+LICIN!T77+PAKEL!N77+SEGOBANG!W77+TAMANSARI!AD77 -> 24
C78: 9. EKO BUDI SANTOSO, S.H. | E78: =BANJAR!N78+GUMUK!M78+JELUN!M78+KLUNCING!O78+LICIN!T78+PAKEL!N78+SEGOBANG!W78+TAMANSARI!AD78 -> 29
A79: B | B79: JUMLAH SUARA SAH PARTAI POLITIK DAN CALON (A1 + A2) | E79: =SUM(E69:E78) -> 2491
A81: A.1 | B81: 4. | C81: Partai Golongan Karya | E81: =BANJAR!N81+GUMUK!M81+JELUN!M81+KLUNCING!O81+LICIN!T81+PAKEL!N81+SEGOBANG!W81+TAMANSARI!AD81 -> 787
A82: A.2 | C82: 1. PRANAYA YUDHA MAHARDHIKA | E82: =BANJAR!N82+GUMUK!M82+JELUN!M82+KLUNCING!O82+LICIN!T82+PAKEL!N82+SEGOBANG!W82+TAMANSARI!AD82 -> 743
C83: 2. Dra. Ec. ENDANG SULASTUTY, M.I.P. | E83: =BANJAR!N83+GUMUK!M83+JELUN!M83+KLUNCING!O83+LICIN!T83+PAKEL!N83+SEGOBANG!W83+TAMANSARI!AD83 -> 330
C84: 3. AGUS REJEKI WARTONO | E84: =BANJAR!N84+GUMUK!M84+JELUN!M84+KLUNCING!O84+LICIN!T84+PAKEL!N84+SEGOBANG!W84+TAMANSARI!AD84 -> 91
C85: 4. Hj. TUTUK ASMA'A ZUCHROH, S.T., M.T. | E85: =BANJAR!N85+GUMUK!M85+JELUN!M85+KLUNCING!O85+LICIN!T85+PAKEL!N85+SEGOBANG!W85+TAMANSARI!AD85 -> 124
C86: 5. ADE M. RIZKI, S.E. | E86: =BANJAR!N86+GUMUK!M86+JELUN!M86+KLUNCING!O86+LICIN!T86+PAKEL!N86+SEGOBANG!W86+TAMANSARI!AD86 -> 48
C87: 6. ABDURAKHMAN, Bc.Kn. | E87: =BANJAR!N87+GUMUK!M87+JELUN!M87+KLUNCING!O87+LICIN!T87+PAKEL!N87+SEGOBANG!W87+TAMANSARI!AD87 -> 22
C88: 7. CENDY RHIYAN ADI PUTRI | E88: =BANJAR!N88+GUMUK!M88+JELUN!M88+KLUNCING!O88+LICIN!T88+PAKEL!N88+SEGOBANG!W88+TAMANSARI!AD88 -> 13
C89: 8. BAKTI WIJAYANTO, S.E. | E89: =BANJAR!N89+GUMUK!M89+JELUN!M89+KLUNCING!O89+LICIN!T89+PAKEL!N89+SEGOBANG!W89+TAMANSARI!AD89 -> 8
C90: 9. AHMAD UBAIDILLAH | E90: =BANJAR!N90+GUMUK!M90+JELUN!M90+KLUNCING!O90+LICIN!T90+PAKEL!N90+SEGOBANG!W90+TAMANSARI!AD90 -> 20
A91: B | B91: JUMLAH SUARA SAH PARTAI POLITIK DAN CALON (A1 + A2) | E91: =SUM(E81:E90) -> 2186
A93: A.1 | B93: 5. | C93: Partai NasDem | E93: =BANJAR!N93+GUMUK!M93+JELUN!M93+KLUNCING!O93+LICIN!T93+PAKEL!N93+SEGOBANG!W93+TAMANSARI!AD93 -> 187
A94: A.2 | C94: 1. ALI MUSTOFA, A.Md. | E94: =BANJAR!N94+GUMUK!M94+JELUN!M94+KLUNCING!O94+LICIN!T94+PAKEL!N94+SEGOBANG!W94+TAMANSARI!AD94 -> 236
C95: 2. Hj. BUAMI, S.H. | E95: =BANJAR!N95+GUMUK!M95+JELUN!M95+KLUNCING!O95+LICIN!T95+PAKEL!N95+SEGOBANG!W95+TAMANSARI!AD95 -> 33
C96: 3. SUGIONO, S.H. | E96: =BANJAR!N96+GUMUK!M96+JELUN!M96+KLUNCING!O96+LICIN!T96+PAKEL!N96+SEGOBANG!W96+TAMANSARI!AD96 -> 19
C97: 4. LULUK SUNARMIATININGSIH | E97: =BANJAR!N97+GUMUK!M97+JELUN!M97+KLUNCING!O97+LICIN!T97+PAKEL!N97+SEGOBANG!W97+TAMANSARI!AD97 -> 17
C98: 5. ANTON DJULIANTO ADI | E98: =BANJAR!N98+GUMUK!M98+JELUN!M98+KLUNCING!O98+LICIN!T98+PAKEL!N98+SEGOBANG!W98+TAMANSARI!AD98 -> 31
C99: 6. MOKHAMAD ROFI'I KHUSNAN | E99: =BANJAR!N99+GUMUK!M99+JELUN!M99+KLUNCING!O99+LICIN!T99+PAKEL!N99+SEGOBANG!W99+TAMANSARI!AD99 -> 27
C100: 7. Rr SETYO WATI | E100: =BANJAR!N100+GUMUK!M100+JELUN!M100+KLUNCING!O100+LICIN!T100+PAKEL!N100+SEGOBANG!W100+TAMANSARI!AD100 -> 4
C101: 8. ABD. KADIR ASSEGAFF | E101: =BANJAR!N101+GUMUK!M101+JELUN!M101+KLUNCING!O101+LICIN!T101+PAKEL!N101+SEGOBANG!W101+TAMANSARI!AD101 -> 7
C102: 9. FATHOR ZAINULLAH | E102: =BANJAR!N102+GUMUK!M102+JELUN!M102+KLUNCING!O102+LICIN!T102+PAKEL!N102+SEGOBANG!W102+TAMANSARI!AD102 -> 14
A103: B | B103: JUMLAH SUARA SAH PARTAI POLITIK DAN CALON (A1 + A2) | E103: =SUM(E93:E102) -> 575
A105: A.1 | B105: 6. | C105: Partai Buruh | E105: =BANJAR!N105+GUMUK!M105+JELUN!M105+KLUNCING!O105+LICIN!T105+PAKEL!N105+SEGOBANG!W105+TAMANSARI!AD105 -> 64
A106: A.2 | C106: 1. AGUS SUPRIYADI | E106: =BANJAR!N106+GUMUK!M106+JELUN!M106+KLUNCING!O106+LICIN!T106+PAKEL!N106+SEGOBANG!W106+TAMANSARI!AD106 -> 30
C107: 2. ENI HARIATI | E107: =BANJAR!N107+GUMUK!M107+JELUN!M107+KLUNCING!O107+LICIN!T107+PAKEL!N107+SEGOBANG!W107+TAMANSARI!AD107 -> 10
A115: B | B115: JUMLAH SUARA SAH PARTAI POLITIK DAN CALON (A1 + A2) | E115: =SUM(E105:E112) -> 104
A117: A.1 | B117: 7. | C117: Partai Gelombang Rakyat Indonesia | E117: =BANJAR!N117+GUMUK!M117+JELUN!M117+KLUNCING!O117+LICIN!T117+PAKEL!N117+SEGOBANG!W117+TAMANSARI!AD117 -> 89
A118: A.2 | C118: 1. MIRZA MUHROSNI AROMA | E118: =BANJAR!N118+GUMUK!M118+JELUN!M118+KLUNCING!O118+LICIN!T118+PAKEL!N118+SEGOBANG!W118+TAMANSARI!AD118 -> 30
C119: 2. ACHMAD BAGUS SUGIARTO | E119: =BANJAR!N119+GUMUK!M119+JELUN!M119+KLUNCING!O119+LICIN!T119+PAKEL!N119+SEGOBANG!W119+TAMANSARI!AD119 -> 7
C120: 3. ELOK FITRIYA NINGSIH | E120: =BANJAR!N120+GUMUK!M120+JELUN!M120+KLUNCING!O120+LICIN!T120+PAKEL!N120+SEGOBANG!W120+TAMANSARI!AD120 -> 10
C121: 4. MADI | E121: =BANJAR!N121+GUMUK!M121+JELUN!M121+KLUNCING!O121+LICIN!T121+PAKEL!N121+SEGOBANG!W121+TAMANSARI!AD121 -> 7
C122: 5. LUKY PERMANASARI | E122: =BANJAR!N122+GUMUK!M122+JELUN!M122+KLUNCING!O122+LICIN!T122+PAKEL!N122+SEGOBANG!W122+TAMANSARI!AD122 -> 12
A127: B | B127: JUMLAH SUARA SAH PARTAI POLITIK DAN CALON (A1 + A2) | E127: =SUM(E117:E122) -> 155
A129: A.1 | B129: 8. | C129: Partai Keadilan Sejahtera | E129: =BANJAR!N129+GUMUK!M129+JELUN!M129+KLUNCING!O129+LICIN!T129+PAKEL!N129+SEGOBANG!W129+TAMANSARI!AD129 -> 126
A130: A.2 | C130: 1. H. IRWAN SETIAWAN | E130: =BANJAR!N130+GUMUK!M130+JELUN!M130+KLUNCING!O130+LICIN!T130+PAKEL!N130+SEGOBANG!W130+TAMANSARI!AD130 -> 162
...

Sheet BANJAR
C2: Kecamatan | D2: LICIN
C3: Kabupaten | D3: BANYUWANGI
C4: Provinsi | D4: JAWA TIMUR
C9: Kelurahan | D9: BANJAR
A12: I | B12: DATA PEMILIH DAN PENGGUNAAN HAK PILIH | N12: JUMLAH AKHIR
A13: A | B13: DATA PEMILIH | E13: TPS 001 | F13: TPS 002 | G13: TPS 003 | H13: TPS 004 | I13: TPS 005 | J13: TPS 006 | K13: TPS 007 | L13: TPS 008 | M13: TPS 009
B14: Jumlah Pemilih dalam Daftar Pemilih Tetap (DPT) | D14: LK | E14: 123 | F14: 103 | G14: 107 | H14: 115 | I14: 81 | J14: 73 | K14: 115 | L14: 146 | M14: 132 | N14: =SUM(E14:M14) -> 995
D15: PR | E15: 120 | F15: 107 | G15: 116 | H15: 117 | I15: 83 | J15: 77 | K15: 131 | L15: 133 | M15: 128 | N15: =SUM(E15:M15) -> 1012
D16: JML | E16: =SUM(E14:E15) -> 243 | F16: =SUM(F14:F15) -> 210 | G16: =SUM(G14:G15) -> 223 | H16: =SUM(H14:H15) -> 232 | I16: =SUM(I14:I15) -> 164 | J16: =SUM(J14:J15) -> 150 | K16: =SUM(K14:K15) -> 246 | L16: =SUM(L14:L15) -> 279 | M16: =SUM(M14:M15) -> 260 | N16: =SUM(E16:M16) -> 2007
A18: B | B18: PENGGUNA HAK PILIH
B19: 1. | C19: Jumlah pengguna hak pilih dalam Daftar Pemilih Tetap (DPT) | D19: LK | E19: 82 | F19: 78 | G19: 80 | H19: 81 | I19: 55 | J19: 61 | K19: 92 | L19: 112 | M19: 111 | N19: =SUM(E19:M19) -> 752
D20: PR | E20: 96 | F20: 86 | G20: 95 | H20: 92 | I20: 71 | J20: 65 | K20: 105 | L20: 101 | M20: 111 | N20: =SUM(E20:M20) -> 822
D21: JML | E21: =SUM(E19:E20) -> 178 | F21: =SUM(F19:F20) -> 164 | G21: =SUM(G19:G20) -> 175 | H21: =SUM(H19:H20) -> 173 | I21: =SUM(I19:I20) -> 126 | J21: =SUM(J19:J20) -> 126 | K21: =SUM(K19:K20) -> 197 | L21: =SUM(L19:L20) -> 213 | M21: =SUM(M19:M20) -> 222 | N21: =SUM(E21:M21) -> 1574
B22: 2. | C22: Jumlah pengguna hak pilih dalam Daftar Pemilih Tambahan (DPTb) | D22: LK | E22: 0 | F22: 0 | G22: 0 | H22: 0 | I22: 0 | J22: 0 | K22: 0 | L22: 0 | M22: 0 | N22: =SUM(E22:M22) -> 0
D23: PR | E23: 0 | F23: 0 | G23: 0 | H23: 0 | I23: 0 | J23: 0 | K23: 0 | L23: 0 | M23: 0 | N23: =SUM(E23:M23) -> 0
D24: JML | E24: =SUM(E22:E23) -> 0 | F24: =SUM(F22:F23) -> 0 | G24: =SUM(G22:G23) -> 0 | H24: =SUM(H22:H23) -> 0 | I24: =SUM(I22:I23) -> 0 | J24: =SUM(J22:J23) -> 0 | K24: =SUM(K22:K23) -> 0 | L24: =SUM(L22:L23) -> 0 | M24: =SUM(M22:M23) -> 0 | N24: =SUM(E24:M24) -> 0
B25: 3. | C25: Jumlah pengguna hak pilih dalam Daftar Pemilih Khusus (DPK) | D25: LK | E25: 0 | F25: 0 | G25: 0 | H25: 0 | I25: 0 | J25: 0 | K25: 0 | L25: 0 | M25: 3 | N25: =SUM(E25:M25) -> 3
D26: PR | E26: 0 | F26: 0 | G26: 1 | H26: 0 | I26: 0 | J26: 0 | K26: 2 | L26: 1 | M26: 1 | N26: =SUM(E26:M26) -> 5
D27: JML | E27: =SUM(E25:E26) -> 0 | F27: =SUM(F25:F26) -> 0 | G27: =SUM(G25:G26) -> 1 | H27: =SUM(H25:H26) -> 0 | I27: =SUM(I25:I26) -> 0 | J27: =SUM(J25:J26) -> 0 | K27: =SUM(K25:K26) -> 2 | L27: =SUM(L25:L26) -> 1 | M27: =SUM(M25:M26) -> 4 | N27: =SUM(E27:M27) -> 8
B28: 4. | C28: Jumlah Pengguna Hak Pilih (B.1+B.2+B.3) | D28: LK | E28: =SUM(E19,E22,E25) -> 82 | F28: =SUM(F19,F22,F25) -> 78 | G28: =SUM(G19,G22,G25) -> 80 | H28: =SUM(H19,H22,H25) -> 81 | I28: =SUM(I19,I22,I25) -> 55 | J28: =SUM(J19,J22,J25) -> 61 | K28: =SUM(K19,K22,K25) -> 92 | L28: =SUM(L19,L22,L25) -> 112 | M28: =SUM(M19,M22,M25) -> 114 | N28: =SUM(E28:M28) -> 755
D29: PR | E29: =SUM(E20,E23,E26) -> 96 | F29: =SUM(F20,F23,F26) -> 86 | G29: =SUM(G20,G23,G26) -> 96 | H29: =SUM(H20,H23,H26) -> 92 | I29: =SUM(I20,I23,I26) -> 71 | J29: =SUM(J20,J23,J26) -> 65 | K29: =SUM(K20,K23,K26) -> 107 | L29: =SUM(L20,L23,L26) -> 102 | M29: =SUM(M20,M23,M26) -> 112 | N29: =SUM(E29:M29) -> 827
D30: JML | E30: =SUM(E28:E29) -> 178 | F30: =SUM(F28:F29) -> 164 | G30: =SUM(G28:G29) -> 176 | H30: =SUM(H28:H29) -> 173 | I30: =SUM(I28:I29) -> 126 | J30: =SUM(J28:J29) -> 126 | K30: =SUM(K28:K29) -> 199 | L30: =SUM(L28:L29) -> 214 | M30: =SUM(M28:M29) -> 226 | N30: =SUM(E30:M30) -> 1582
A32: II | B32: DATA PENGGUNAAN SURAT SUARA
A33: 1 | B33: Jumlah surat suara yang diterima, termasuk surat suara cadangan 2,5% dari DPT | E33: 254 | F33: 215 | G33: 228 | H33: 237 | I33: 168 | J33: 153 | K33: 251 | L33: 285 | M33: 267 | N33: =SUM(E33:M33) -> 2058
A34: 2 | B34: Jumlah surat suara yang digunakan | E34: 178 | F34: 164 | G34: 176 | H34: 173 | I34: 126 | J34: 126 | K34: 199 | L34: 214 | M34: 226 | N34: =SUM(E34:M34) -> 1582
A35: 3 | B35: Jumlah surat suara dikembalikan oleh pemilih (karena rusak atau keliru coblos) | E35: 0 | F35: 0 | G35: 0 | H35: 0 | I35: 0 | J35: 0 | K35: 0 | L35: 0 | M35: 0 | N35: =SUM(E35:M35) -> 0
A36: 4 | B36: Jumlah surat suara yang tidak digunakan/tidak terpakai, termasuk sisa surat suara cadangan | E36: =E33-(E34+E35) -> 76 | F36: =F33-(F34+F35) -> 51 | G36: =G33-(G34+G35) -> 52 | H36: =H33-(H34+H35) -> 64 | I36: =I33-(I34+I35) -> 42 | J36: =J33-(J34+J35) -> 27 | K36: =K33-(K34+K35) -> 52 | L36: =L33-(L34+L35) -> 71 | M36: =M33-(M34+M35) -> 41 | N36: =SUM(E36:M36) -> 476
A38: III | B38: DATA PEMILIH DISABILITAS
B39: Jumlah seluruh Pemilih disabilitas yang menggunakan hak pilih | D39: LK | E39: 1 | F39: 2 | G39: 3 | H39: 0 | I39: 0 | J39: 0 | K39: 0 | L39: 0 | M39: 1 | N39: =SUM(E39:M39) -> 7
D40: PR | E40: 0 | F40: 1 | G40: 0 | H40: 0 | I40: 1 | J40: 0 | K40: 0 | L40: 0 | M40: 0 | N40: =SUM(E40:M40) -> 2
D41: JML | E41: =SUM(E39:E40) -> 1 | F41: =SUM(F39:F40) -> 3 | G41: =SUM(G39:G40) -> 3 | H41: =SUM(H39:H40) -> 0 | I41: =SUM(I39:I40) -> 1 | J41: =SUM(J39:J40) -> 0 | K41: =SUM(K39:K40) -> 0 | L41: =SUM(L39:L40) -> 0 | M41: =SUM(M39:M40) -> 1 | N41: =SUM(E41:M41) -> 9
A43: IV | B43: DATA RINCIAN PEROLEHAN SUARA PASANGAN CALON BUPATI DAN WAKIL BUPATI
A44: NOMOR DAN NAMA CALON
A45: A.1 | B45: 1. | C45: Partai Kebangkitan Bangsa | E45: 13 | F45: 6 | G45: 5 | H45: 15 | I45: 0 | J45: 2 | K45: 22 | L45: 8 | M45: 9 | N45: =SUM(E45:M45) -> 80
A46: A.2 | C46: 1. Dra. Hj. MA`MULAH HARUN, M.Pd.I. | E46: 24 | F46: 16 | G46: 12 | H46: 12 | I46: 6 | J46: 7 | K46: 29 | L46: 21 | M46: 12 | N46: =SUM(E46:M46) -> 139
C47: 2. UBAIDILLAH, S.Fil.I. | E47: 0 | F47: 1 | G47: 0 | H47: 0 | I47: 1 | J47: 1 | K47: 2 | L47: 1 | M47: 2 | N47: =SUM(E47:M47) -> 8
C48: 3. Ir. H. YOYOK MULYADI, M.Si. | E48: 1 | F48: 0 | G48: 0 | H48: 0 | I48: 0 | J48: 0 | K48: 1 | L48: 0 | M48: 0 | N48: =SUM(E48:M48) -> 2
C49: 4. KHOIRUL ANWAR, S.Fil.I. | E49: 0 | F49: 1 | G49: 1 | H49: 2 | I49: 0 | J49: 0 | K49: 2 | L49: 3 | M49: 0 | N49: =SUM(E49:M49) -> 9
C50: 5. ARIF WIJAKSANA | E50: 1 | F50: 1 | G50: 1 | H50: 0 | I50: 0 | J50: 0 | K50: 0 | L50: 1 | M50: 3 | N50: =SUM(E50:M50) -> 7
C51: 6. Dr. SITI YUMNAH | E51: 0 | F51: 0 | G51: 0 | H51: 0 | I51: 0 | J51: 0 | K51: 0 | L51: 0 | M51: 1 | N51: =SUM(E51:M51) -> 1
C52: 7. MOHAMMAD ZAINI, M.Pd.I. | E52: 1 | F52: 0 | G52: 0 | H52: 1 | I52: 0 | J52: 0 | K52: 0 | L52: 1 | M52: 0 | N52: =SUM(E52:M52) -> 3
C53: 8. FAWAIDUL MAKKIYAH | E53: 0 | F53: 0 | G53: 0 | H53: 0 | I53: 0 | J53: 0 | K53: 0 | L53: 0 | M53: 0 | N53: =SUM(E53:M53) -> 0
C54: 9. IFFAH HIDAYATUR ROHMAH, S.Sos. | E54: 1 | F54: 1 | G54: 0 | H54: 0 | I54: 0 | J54: 0 | K54: 0 | L54: 0 | M54: 0 | N54: =SUM(E54:M54) -> 2
A55: B | B55: JUMLAH SUARA SAH PARTAI POLITIK DAN CALON (A1 + A2) | E55: =SUM(E45:E54) -> 41 | F55: =SUM(F45:F54) -> 26 | G55: =SUM(G45:G54) -> 19 | H55: =SUM(H45:H54) -> 30 | I55: =SUM(I45:I54) -> 7 | J55: =SUM(J45:J54) -> 10 | K55: =SUM(K45:K54) -> 56 | L55: =SUM(L45:L54) -> 35 | M55: =SUM(M45:M54) -> 27 | N55: =SUM(E55:M55) -> 251
A57: A.1 | B57: 2. | C57: Partai Gerakan Indonesia Raya | E57: 10 | F57: 8 | G57: 16 | H57: 11 | I57: 14 | J57: 9 | K57: 13 | L57: 17 | M57: 26 | N57: =SUM(E57:M57) -> 124
A58: A.2 | C58: 1. AHMAD HADINUDDIN, S.Pd.I. | E58: 4 | F58: 7 | G58: 7 | H58: 5 | I58: 6 | J58: 6 | K58: 7 | L58: 16 | M58: 10 | N58: =SUM(E58:M58) -> 68
C59: 2. BIMA RAFSANJANI RAFID | E59: 8 | F59: 21 | G59: 27 | H59: 6 | I59: 18 | J59: 22 | K59: 14 | L59: 33 | M59: 18 | N59: =SUM(E59:M59) -> 167
C60: 3. IRA DAMAYANTI | E60: 0 | F60: 1 | G60: 2 | H60: 1 | I60: 2 | J60: 1 | K60: 2 | L60: 2 | M60: 3 | N60: =SUM(E60:M60) -> 14
C61: 4. MAULANA MALIK IBRAHIM, S.H. | E61: 1 | F61: 1 | G61: 2 | H61: 2 | I61: 0 | J61: 2 | K61: 1 | L61: 2 | M61: 2 | N61: =SUM(E61:M61) -> 13
C62: 5. LULUK ALFIATI | E62: 2 | F62: 0 | G62: 0 | H62: 0 | I62: 0 | J62: 0 | K62: 1 | L62: 1 | M62: 0 | N62: =SUM(E62:M62) -> 4
C63: 6. ILHAM WAHYUDI, S.H. | E63: 0 | F63: 0 | G63: 0 | H63: 0 | I63: 0 | J63: 1 | K63: 0 | L63: 0 | M63: 0 | N63: =SUM(E63:M63) -> 1
C64: 7. HAERUL ANWAR, S.Pd.I. | E64: 0 | F64: 0 | G64: 0 | H64: 0 | I64: 0 | J64: 0 | K64: 1 | L64: 1 | M64: 0 | N64: =SUM(E64:M64) -> 2
C65: 8. YOVI ADHITYA WARDANI | E65: 0 | F65: 2 | G65: 0 | H65: 0 | I65: 1 | J65: 0 | K65: 0 | L65: 0 | M65: 1 | N65: =SUM(E65:M65) -> 4
C66: 9. RITA AMELIA | E66: 0 | F66: 1 | G66: 0 | H66: 0 | I66: 1 | J66: 0 | K66: 0 | L66: 0 | M66: 0 | N66: =SUM(E66:M66) -> 2
A67: B | B67: JUMLAH SUARA SAH PARTAI POLITIK DAN CALON (A1 + A2) | E67: =SUM(E57:E66) -> 25 | F67: =SUM(F57:F66) -> 41 | G67: =SUM(G57:G66) -> 54 | H67: =SUM(H57:H66) -> 25 | I67: =SUM(I57:I66) -> 42 | J67: =SUM(J57:J66) -> 41 | K67: =SUM(K57:K66) -> 39 | L67: =SUM(L57:L66) -> 72 | M67: =SUM(M57:M66) -> 60 | N67: =SUM(E67:M67) -> 399
A69: A.1 | B69: 3. | C69: Partai Demokrasi Indonesia Perjuangan | E69: 10 | F69: 6 | G69: 7 | H69: 3 | I69: 6 | J69: 5 | K69: 11 | L69: 16 | M69: 6 | N69: =SUM(E69:M69) -> 70
A70: A.2 | C70: 1. MARTIN H., S.H., M.H. | E70: 4 | F70: 3 | G70: 0 | H70: 1 | I70: 0 | J70: 2 | K70: 6 | L70: 8 | M70: 6 | N70: =SUM(E70:M70) -> 30
C71: 2. HERMANTO, S.E. | E71: 1 | F71: 2 | G71: 4 | H71: 6 | I71: 2 | J71: 2 | K71: 4 | L71: 2 | M71: 3 | N71: =SUM(E71:M71) -> 26
C72: 3. EVY SUSILAWATI, S.E., M.M. | E72: 2 | F72: 0 | G72: 1 | H72: 3 | I72: 6 | J72: 1 | K72: 2 | L72: 7 | M72: 4 | N72: =SUM(E72:M72) -> 26
C73: 4. M. SIROTTUDIN | E73: 3 | F73: 1 | G73: 6 | H73: 3 | I73: 5 | J73: 5 | K73: 8 | L73: 15 | M73: 6 | N73: =SUM(E73:M73) -> 52
C74: 5. ABDUL HAFID, S.H. | E74: 3 | F74: 1 | G74: 0 | H74: 0 | I74: 1 | J74: 1 | K74: 1 | L74: 0 | M74: 0 | N74: =SUM(E74:M74) -> 7
C75: 6. NIKITA FORTUNA SURYANINGATI, A.Md.Keb. | E75: 0 | F75: 0 | G75: 0 | H75: 0 | I75: 0 | J75: 0 | K75: 2 | L75: 1 | M75: 0 | N75: =SUM(E75:M75) -> 3
C76: 7. YUDHO ILHAM WIJAYA, S.E. | E76: 0 | F76: 0 | G76: 0 | H76: 0 | I76: 1 | J76: 0 | K76: 0 | L76: 0 | M76: 0 | N76: =SUM(E76:M76) -> 1
C77: 8. SETIAWATI, S.H. | E77: 0 | F77: 0 | G77: 0 | H77: 1 | I77: 0 | J77: 0 | K77: 1 | L77: 0 | M77: 0 | N77: =SUM(E77:M77) -> 2
C78: 9. EKO BUDI SANTOSO, S.H. | E78: 0 | F78: 1 | G78: 0 | H78: 0 | I78: 0 | J78: 0 | K78: 0 | L78: 2 | M78: 2 | N78: =SUM(E78:M78) -> 5
A79: B | B79: JUMLAH SUARA SAH PARTAI POLITIK DAN CALON (A1 + A2) | E79: =SUM(E69:E78) -> 23 | F79: =SUM(F69:F78) -> 14 | G79: =SUM(G69:G78) -> 18 | H79: =SUM(H69:H78) -> 17 | I79: =SUM(I69:I78) -> 21 | J79: =SUM(J69:J78) -> 16 | K79: =SUM(K69:K78) -> 35 | L79: =SUM(L69:L78) -> 51 | M79: =SUM(M69:M78) -> 27 | N79: =SUM(E79:M79) -> 222
A81: A.1 | B81: 4. | C81: Partai Golongan Karya | E81: 4 | F81: 5 | G81: 5 | H81: 7 | I81: 0 | J81: 5 | K81: 4 | L81: 8 | M81: 4 | N81: =SUM(E81:M81) -> 42
A82: A.2 | C82: 1. PRANAYA YUDHA MAHARDHIKA | E82: 5 | F82: 1 | G82: 6 | H82: 5 | I82: 3 | J82: 3 | K82: 2 | L82: 6 | M82: 1 | N82: =SUM(E82:M82) -> 32
C83: 2. Dra. Ec. ENDANG SULASTUTY, M.I.P. | E83: 1 | F83: 1 | G83: 2 | H83: 2 | I83: 1 | J83: 1 | K83: 4 | L83: 1 | M83: 0 | N83: =SUM(E83:M83) -> 13
C84: 3. AGUS REJEKI WARTONO | E84: 0 | F84: 0 | G84: 0 | H84: 0 | I84: 0 | J84: 2 | K84: 0 | L84: 0 | M84: 2 | N84: =SUM(E84:M84) -> 4
C85: 4. Hj. TUTUK ASMA'A ZUCHROH, S.T., M.T. | E85: 0 | F85: 0 | G85: 1 | H85: 3 | I85: 3 | J85: 0 | K85: 0 | L85: 0 | M85: 0 | N85: =SUM(E85:M85) -> 7
C86: 5. ADE M. RIZKI, S.E. | E86: 0 | F86: 0 | G86: 0 | H86: 0 | I86: 0 | J86: 0 | K86: 0 | L86: 0 | M86: 1 | N86: =SUM(E86:M86) -> 1
C87: 6. ABDURAKHMAN, Bc.Kn. | E87: 0 | F87: 0 | G87: 0 | H87: 0 | I87: 1 | J87: 1 | K87: 1 | L87: 0 | M87: 2 | N87: =SUM(E87:M87) -> 5
C88: 7. CENDY RHIYAN ADI PUTRI | E88: 0 | F88: 0 | G88: 0 | H88: 0 | I88: 0 | J88: 0 | K88: 1 | L88: 0 | M88: 0 | N88: =SUM(E88:M88) -> 1
C89: 8. BAKTI WIJAYANTO, S.E. | E89: 0 | F89: 0 | G89: 0 | H89: 0 | I89: 0 | J89: 0 | K89: 1 | L89: 1 | M89: 0 | N89: =SUM(E89:M89) -> 2
C90: 9. AHMAD UBAIDILLAH | E90: 0 | F90: 0 | G90: 0 | H90: 0 | I90: 0 | J90: 0 | K90: 0 | L90: 0 | M90: 0 | N90: =SUM(E90:M90) -> 0
A91: B | B91: JUMLAH SUARA SAH PARTAI POLITIK DAN CALON (A1 + A2) | E91: =SUM(E81:E90) -> 10 | F91: =SUM(F81:F90) -> 7 | G91: =SUM(G81:G90) -> 14 | H91: =SUM(H81:H90) -> 17 | I91: =SUM(I81:I90) -> 8 | J91: =SUM(J81:J90) -> 12 | K91: =SUM(K81:K90) -> 13 | L91: =SUM(L81:L90) -> 16 | M91: =SUM(M81:M90) -> 10 | N91: =SUM(E91:M91) -> 107
A93: A.1 | B93: 5. | C93: Partai NasDem | E93: 3 | F93: 4 | G93: 1 | H93: 2 | I93: 0 | J93: 0 | K93: 0 | L93: 1 | M93: 1 | N93: =SUM(E93:M93) -> 12
A94: A.2 | C94: 1. ALI MUSTOFA, A.Md. | E94: 3 | F94: 6 | G94: 1 | H94: 0 | I94: 0 | J94: 0 | K94: 0 | L94: 1 | M94: 0 | N94: =SUM(E94:M94) -> 11
C95: 2. Hj. BUAMI, S.H. | E95: 0 | F95: 1 | G95: 0 | H95: 0 | I95: 1 | J95: 0 | K95: 0 | L95: 0 | M95: 0 | N95: =SUM(E95:M95) -> 2
C96: 3. SUGIONO, S.H. | E96: 0 | F96: 1 | G96: 0 | H96: 0 | I96: 0 | J96: 0 | K96: 0 | L96: 0 | M96: 0 | N96: =SUM(E96:M96) -> 1
C97: 4. LULUK SUNARMIATININGSIH | E97: 0 | F97: 0 | G97: 1 | H97: 0 | I97: 0 | J97: 0 | K97: 0 | L97: 1 | M97: 0 | N97: =SUM(E97:M97) -> 2
C98: 5. ANTON DJULIANTO ADI | E98: 0 | F98: 0 | G98: 0 | H98: 0 | I98: 0 | J98: 0 | K98: 1 | L98: 0 | M98: 0 | N98: =SUM(E98:M98) -> 1
C99: 6. MOKHAMAD ROFI'I KHUSNAN | E99: 1 | F99: 0 | G99: 1 | H99: 0 | I99: 0 | J99: 0 | K99: 2 | L99: 0 | M99: 0 | N99: =SUM(E99:M99) -> 4
C100: 7. Rr SETYO WATI | E100: 0 | F100: 0 | G100: 0 | H100: 0 | I100: 0 | J100: 0 | K100: 0 | L100: 0 | M100: 0 | N100: =SUM(E100:M100) -> 0
C101: 8. ABD. KADIR ASSEGAFF | E101: 0 | F101: 0 | G101: 1 | H101: 0 | I101: 0 | J101: 0 | K101: 0 | L101: 0 | M101: 0 | N101: =SUM(E101:M101) -> 1
C102: 9. FATHOR ZAINULLAH | E102: 1 | F102: 0 | G102: 0 | H102: 0 | I102: 0 | J102: 0 | K102: 4 | L102: 0 | M102: 0 | N102: =SUM(E102:M102) -> 5
A103: B | B103: JUMLAH SUARA SAH PARTAI POLITIK DAN CALON (A1 + A2) | E103: =SUM(E93:E102) -> 8 | F103: =SUM(F93:F102) -> 12 | G103: =SUM(G93:G102) -> 5 | H103: =SUM(H93:H102) -> 2 | I103: =SUM(I93:I102) -> 1 | J103: =SUM(J93:J102) -> 0 | K103: =SUM(K93:K102) -> 7 | L103: =SUM(L93:L102) -> 3 | M103: =SUM(M93:M102) -> 1 | N103: =SUM(E103:M103) -> 39
A105: A.1 | B105: 6. | C105: Partai Buruh | E105: 1 | F105: 1 | G105: 1 | H105: 1 | I105: 1 | J105: 0 | K105: 0 | L105: 0 | M105: 0 | N105: =SUM(E105:M105) -> 5
A106: A.2 | C106: 1. AGUS SUPRIYADI | E106: 0 | F106: 0 | G106: 0 | H106: 0 | I106: 0 | J106: 0 | K106: 1 | L106: 0 | M106: 0 | N106: =SUM(E106:M106) -> 1
C107: 2. ENI HARIATI | E107: 0 | F107: 0 | G107: 0 | H107: 0 | I107: 0 | J107: 0 | K107: 0 | L107: 0 | M107: 0 | N107: =SUM(E107:M107) -> 0
A115: B | B115: JUMLAH SUARA SAH PARTAI POLITIK DAN CALON (A1 + A2) | E115: =SUM(E105:E112) -> 1 | F115: =SUM(F105:F112) -> 1 | G115: =SUM(G105:G112) -> 1 | H115: =SUM(H105:H112) -> 1 | I115: =SUM(I105:I112) -> 1 | J115: =SUM(J105:J112) -> 0 | K115: =SUM(K105:K112) -> 1 | L115: =SUM(L105:L112) -> 0 | M115: =SUM(M105:M112) -> 0 | N115: =SUM(E115:M115) -> 6
A117: A.1 | B117: 7. | C117: Partai Gelombang Rakyat Indonesia | E117: 0 | F117: 1 | G117: 0 | H117: 0 | I117: 3 | J117: 0 | K117: 0 | L117: 0 | M117: 3 | N117: =SUM(E117:M117) -> 7
A118: A.2 | C118: 1. MIRZA MUHROSNI AROMA | E118: 0 | F118: 0 | G118: 0 | H118: 0 | I118: 0 | J118: 0 | K118: 0 | L118: 0 | M118: 1 | N118: =SUM(E118:M118) -> 1
C119: 2. ACHMAD BAGUS SUGIARTO | E119: 0 | F119: 0 | G119: 0 | H119: 0 | I119: 0 | J119: 0 | K119: 0 | L119: 0 | M119: 0 | N119: =SUM(E119:M119) -> 0
C120: 3. ELOK FITRIYA NINGSIH | E120: 0 | F120: 0 | G120: 0 | H120: 0 | I120: 0 | J120: 0 | K120: 0 | L120: 0 | M120: 1 | N120: =SUM(E120:M120) -> 1
C121: 4. MADI | E121: 0 | F121: 0 | G121: 0 | H121: 1 | I121: 0 | J121: 0 | K121: 0 | L121: 0 | M121: 0 | N121: =SUM(E121:M121) -> 1
C122: 5. LUKY PERMANASARI | E122: 0 | F122: 0 | G122: 0 | H122: 1 | I122: 0 | J122: 1 | K122: 0 | L122: 0 | M122: 0 | N122: =SUM(E122:M122) -> 2
A127: B | B127: JUMLAH SUARA SAH PARTAI POLITIK DAN CALON (A1 + A2) | E127: =SUM(E117:E122) -> 0 | F127: =SUM(F117:F122) -> 1 | G127: =SUM(G117:G122) -> 0 | H127: =SUM(H117:H122) -> 2 | I127: =SUM(I117:I122) -> 3 | J127: =SUM(J117:J122) -> 1 | K127: =SUM(K117:K122) -> 0 | L127: =SUM(L117:L122) -> 0 | M127: =SUM(M117:M122) -> 5 | N127: =SUM(E127:M127) -> 12
A129: A.1 | B129: 8. | C129: Partai Keadilan Sejahtera | E129: 0 | F129: 1 | G129: 0 | H129: 0 | I129: 2 | J129: 0 | K129: 0 | L129: 1 | M129: 3 | N129: =SUM(E129:M129) -> 7
...

Sheet GUMUK
C2: Kecamatan | D2: LICIN
C3: Kabupaten | D3: BANYUWANGI
C4: Provinsi | D4: JAWA TIMUR
C9: Kelurahan | D9: GUMUK
A12: I | B12: DATA PEMILIH DAN PENGGUNAAN HAK PILIH | M12: JUMLAH AKHIR
A13: A | B13: DATA PEMILIH | E13: TPS 001 | F13: TPS 002 | G13: TPS 003 | H13: TPS 004 | I13: TPS 005 | J13: 110 | K13: TPS 007 | L13: TPS 008
B14: Jumlah Pemilih dalam Daftar Pemilih Tetap (DPT) | D14: LK | E14: 129 | F14: 145 | G14: 133 | H14: 108 | I14: 127 | J14: 110 | K14: 99 | L14: 106 | M14: =SUM(E14:L14) -> 957
D15: PR | E15: 131 | F15: 129 | G15: 139 | H15: 112 | I15: 133 | J15: 115 | K15: 111 | L15: 109 | M15: =SUM(E15:L15) -> 979
D16: JML | E16: =SUM(E14:E15) -> 260 | F16: =SUM(F14:F15) -> 274 | G16: =SUM(G14:G15) -> 272 | H16: =SUM(H14:H15) -> 220 | I16: =SUM(I14:I15) -> 260 | J16: =SUM(J14:J15) -> 225 | K16: =SUM(K14:K15) -> 210 | L16: =SUM(L14:L15) -> 215 | M16: =SUM(E16:L16) -> 1936
A18: B | B18: PENGGUNA HAK PILIH
B19: 1. | C19: Jumlah pengguna hak pilih dalam Daftar Pemilih Tetap (DPT) | D19: LK | E19: 107 | F19: 113 | G19: 102 | H19: 76 | I19: 100 | J19: 99 | K19: 79 | L19: 90 | M19: =SUM(E19:L19) -> 766
D20: PR | E20: 96 | F20: 101 | G20: 113 | H20: 86 | I20: 112 | J20: 97 | K20: 89 | L20: 98 | M20: =SUM(E20:L20) -> 792
D21: JML | E21: =SUM(E19:E20) -> 203 | F21: =SUM(F19:F20) -> 214 | G21: =SUM(G19:G20) -> 215 | H21: =SUM(H19:H20) -> 162 | I21: =SUM(I19:I20) -> 212 | J21: =SUM(J19:J20) -> 196 | K21: =SUM(K19:K20) -> 168 | L21: =SUM(L19:L20) -> 188 | M21: =SUM(E21:L21) -> 1558
B22: 2. | C22: Jumlah pengguna hak pilih dalam Daftar Pemilih Tambahan (DPTb) | D22: LK | E22: 0 | F22: 2 | G22: 0 | H22: 0 | I22: 0 | J22: 1 | K22: 0 | L22: 0 | M22: =SUM(E22:L22) -> 3
D23: PR | E23: 0 | F23: 0 | G23: 0 | H23: 0 | I23: 0 | J23: 0 | K23: 0 | L23: 0 | M23: =SUM(E23:L23) -> 0
D24: JML | E24: =SUM(E22:E23) -> 0 | F24: =SUM(F22:F23) -> 2 | G24: =SUM(G22:G23) -> 0 | H24: =SUM(H22:H23) -> 0 | I24: =SUM(I22:I23) -> 0 | J24: =SUM(J22:J23) -> 1 | K24: =SUM(K22:K23) -> 0 | L24: =SUM(L22:L23) -> 0 | M24: =SUM(E24:L24) -> 3
B25: 3. | C25: Jumlah pengguna hak pilih dalam Daftar Pemilih Khusus (DPK) | D25: LK | E25: 0 | F25: 0 | G25: 0 | H25: 0 | I25: 1 | J25: 4 | K25: 1 | L25: 2 | M25: =SUM(E25:L25) -> 8
D26: PR | E26: 0 | F26: 1 | G26: 1 | H26: 0 | I26: 2 | J26: 2 | K26: 1 | L26: 0 | M26: =SUM(E26:L26) -> 7
D27: JML | E27: =SUM(E25:E26) -> 0 | F27: =SUM(F25:F26) -> 1 | G27: =SUM(G25:G26) -> 1 | H27: =SUM(H25:H26) -> 0 | I27: =SUM(I25:I26) -> 3 | J27: =SUM(J25:J26) -> 6 | K27: =SUM(K25:K26) -> 2 | L27: =SUM(L25:L26) -> 2 | M27: =SUM(E27:L27) -> 15
B28: 4. | C28: Jumlah Pengguna Hak Pilih (B.1+B.2+B.3) | D28: LK | E28: =SUM(E19,E22,E25) -> 107 | F28: =SUM(F19,F22,F25) -> 115 | G28: =SUM(G19,G22,G25) -> 102 | H28: =SUM(H19,H22,H25) -> 76 | I28: =SUM(I19,I22,I25) -> 101 | J28: =SUM(J19,J22,J25) -> 104 | K28: =SUM(K19,K22,K25) -> 80 | L28: =SUM(L19,L22,L25) -> 92 | M28: =SUM(E28:L28) -> 777
D29: PR | E29: =SUM(E20,E23,E26) -> 96 | F29: =SUM(F20,F23,F26) -> 102 | G29: =SUM(G20,G23,G26) -> 114 | H29: =SUM(H20,H23,H26) -> 86 | I29: =SUM(I20,I23,I26) -> 114 | J29: =SUM(J20,J23,J26) -> 99 | K29: =SUM(K20,K23,K26) -> 90 | L29: =SUM(L20,L23,L26) -> 98 | M29: =SUM(E29:L29) -> 799
D30: JML | E30: =SUM(E28:E29) -> 203 | F30: =SUM(F28:F29) -> 217 | G30: =SUM(G28:G29) -> 216 | H30: =SUM(H28:H29) -> 162 | I30: =SUM(I28:I29) -> 215 | J30: =SUM(J28:J29) -> 203 | K30: =SUM(K28:K29) -> 170 | L30: =SUM(L28:L29) -> 190 | M30: =SUM(E30:L30) -> 1576
A32: II | B32: DATA PENGGUNAAN SURAT SUARA
A33: 1 | B33: Jumlah surat suara yang diterima, termasuk surat suara cadangan 2,5% dari DPT | E33: 264 | F33: 280 | G33: 278 | H33: 225 | I33: 266 | J33: 228 | K33: 205 | L33: 230 | M33: =SUM(E33:L33) -> 1976
A34: 2 | B34: Jumlah surat suara yang digunakan | E34: 203 | F34: 217 | G34: 216 | H34: 162 | I34: 215 | J34: 203 | K34: 170 | L34: 190 | M34: =SUM(E34:L34) -> 1576
A35: 3 | B35: Jumlah surat suara dikembalikan oleh pemilih (karena rusak atau keliru coblos) | E35: 1 | F35: 0 | G35: 0 | H35: 0 | I35: 0 | J35: 0 | K35: 0 | L35: 0 | M35: =SUM(E35:L35) -> 1
A36: 4 | B36: Jumlah surat suara yang tidak digunakan/tidak terpakai, termasuk sisa surat suara cadangan | E36: =E33-(E34+E35) -> 60 | F36: =F33-(F34+F35) -> 63 | G36: =G33-(G34+G35) -> 62 | H36: =H33-(H34+H35) -> 63 | I36: =I33-(I34+I35) -> 51 | J36: =J33-(J34+J35) -> 25 | K36: =K33-(K34+K35) -> 35 | L36: =L33-(L34+L35) -> 40 | M36: =SUM(E36:L36) -> 399
A38: III | B38: DATA PEMILIH DISABILITAS
B39: Jumlah seluruh Pemilih disabilitas yang menggunakan hak pilih | D39: LK | E39: 0 | F39: 0 | G39: 0 | H39: 0 | I39: 2 | J39: 0 | K39: 0 | L39: 0 | M39: =SUM(E39:L39) -> 2
D40: PR | E40: 0 | F40: 0 | G40: 0 | H40: 0 | I40: 0 | J40: 0 | K40: 0 | L40: 0 | M40: =SUM(E40:L40) -> 0
D41: JML | E41: =SUM(E39:E40) -> 0 | F41: =SUM(F39:F40) -> 0 | G41: =SUM(G39:G40) -> 0 | H41: =SUM(H39:H40) -> 0 | I41: =SUM(I39:I40) -> 2 | J41: =SUM(J39:J40) -> 0 | K41: =SUM(K39:K40) -> 0 | L41: =SUM(L39:L40) -> 0 | M41: =SUM(E41:L41) -> 2
A43: IV | B43: DATA RINCIAN PEROLEHAN SUARA PASANGAN CALON BUPATI DAN WAKIL BUPATI
A44: NOMOR DAN NAMA CALON
A45: A.1 | B45: 1. | C45: Partai Kebangkitan Bangsa | E45: 5 | F45: 8 | G45: 5 | H45: 7 | I45: 6 | J45: 8 | K45: 2 | L45: 1 | M45: =SUM(E45:L45) -> 42
A46: A.2 | C46: 1. Dra. Hj. MA`MULAH HARUN, M.Pd.I. | E46: 20 | F46: 10 | G46: 17 | H46: 8 | I46: 9 | J46: 9 | K46: 7 | L46: 16 | M46: =SUM(E46:L46) -> 96
C47: 2. UBAIDILLAH, S.Fil.I. | E47: 1 | F47: 3 | G47: 2 | H47: 0 | I47: 1 | J47: 0 | K47: 0 | L47: 0 | M47: =SUM(E47:L47) -> 7
C48: 3. Ir. H. YOYOK MULYADI, M.Si. | E48: 0 | F48: 1 | G48: 0 | H48: 1 | I48: 0 | J48: 1 | K48: 0 | L48: 0 | M48: =SUM(E48:L48) -> 3
C49: 4. KHOIRUL ANWAR, S.Fil.I. | E49: 1 | F49: 0 | G49: 0 | H49: 0 | I49: 0 | J49: 0 | K49: 0 | L49: 0 | M49: =SUM(E49:L49) -> 1
C50: 5. ARIF WIJAKSANA | E50: 0 | F50: 0 | G50: 0 | H50: 0 | I50: 0 | J50: 0 | K50: 0 | L50: 1 | M50: =SUM(E50:L50) -> 1
C51: 6. Dr. SITI YUMNAH | E51: 0 | F51: 0 | G51: 0 | H51: 0 | I51: 0 | J51: 0 | K51: 0 | L51: 0 | M51: =SUM(E51:L51) -> 0
C52: 7. MOHAMMAD ZAINI, M.Pd.I. | E52: 0 | F52: 0 | G52: 0 | H52: 0 | I52: 0 | J52: 0 | K52: 0 | L52: 0 | M52: =SUM(E52:L52) -> 0
C53: 8. FAWAIDUL MAKKIYAH | E53: 0 | F53: 0 | G53: 0 | H53: 0 | I53: 0 | J53: 0 | K53: 0 | L53: 0 | M53: =SUM(E53:L53) -> 0
C54: 9. IFFAH HIDAYATUR ROHMAH, S.Sos. | E54: 0 | F54: 0 | G54: 0 | H54: 0 | I54: 0 | J54: 0 | K54: 0 | L54: 0 | M54: =SUM(E54:L54) -> 0
A55: B | B55: JUMLAH SUARA SAH PARTAI POLITIK DAN CALON (A1 + A2) | E55: =SUM(E45:E52) -> 27 | F55: =SUM(F45:F52) -> 22 | G55: =SUM(G45:G52) -> 24 | H55: =SUM(H45:H52) -> 16 | I55: =SUM(I45:I52) -> 16 | J55: =SUM(J45:J52) -> 18 | K55: =SUM(K45:K52) -> 9 | L55: =SUM(L45:L52) -> 18 | M55: =SUM(E55:L55) -> 150
A57: A.1 | B57: 2. | C57: Partai Gerakan Indonesia Raya | E57: 20 | F57: 17 | G57: 10 | H57: 15 | I57: 26 | J57: 33 | K57: 7 | L57: 15 | M57: =SUM(E57:L57) -> 143
A58: A.2 | C58: 1. AHMAD HADINUDDIN, S.Pd.I. | E58: 4 | F58: 6 | G58: 3 | H58: 1 | I58: 8 | J58: 14 | K58: 3 | L58: 5 | M58: =SUM(E58:L58) -> 44
C59: 2. BIMA RAFSANJANI RAFID | E59: 11 | F59: 7 | G59: 7 | H59: 7 | I59: 5 | J59: 14 | K59: 4 | L59: 12 | M59: =SUM(E59:L59) -> 67
C60: 3. IRA DAMAYANTI | E60: 1 | F60: 1 | G60: 2 | H60: 1 | I60: 3 | J60: 2 | K60: 1 | L60: 0 | M60: =SUM(E60:L60) -> 11
C61: 4. MAULANA MALIK IBRAHIM, S.H. | E61: 2 | F61: 0 | G61: 2 | H61: 2 | I61: 11 | J61: 6 | K61: 32 | L61: 37 | M61: =SUM(E61:L61) -> 92
C62: 5. LULUK ALFIATI | E62: 1 | F62: 1 | G62: 1 | H62: 0 | I62: 1 | J62: 0 | K62: 0 | L62: 0 | M62: =SUM(E62:L62) -> 4
C63: 6. ILHAM WAHYUDI, S.H. | E63: 0 | F63: 0 | G63: 0 | H63: 0 | I63: 0 | J63: 0 | K63: 0 | L63: 0 | M63: =SUM(E63:L63) -> 0
C64: 7. HAERUL ANWAR, S.Pd.I. | E64: 0 | F64: 0 | G64: 0 | H64: 1 | I64: 0 | J64: 0 | K64: 0 | L64: 0 | M64: =SUM(E64:L64) -> 1
C65: 8. YOVI ADHITYA WARDANI | E65: 0 | F65: 0 | G65: 0 | H65: 0 | I65: 0 | J65: 0 | K65: 0 | L65: 0 | M65: =SUM(E65:L65) -> 0
C66: 9. RITA AMELIA | E66: 1 | F66: 0 | G66: 0 | H66: 0 | I66: 0 | J66: 0 | K66: 0 | L66: 0 | M66: =SUM(E66:L66) -> 1
A67: B | B67: JUMLAH SUARA SAH PARTAI POLITIK DAN CALON (A1 + A2) | E67: =SUM(E57:E66) -> 40 | F67: =SUM(F57:F66) -> 32 | G67: =SUM(G57:G66) -> 25 | H67: =SUM(H57:H66) -> 27 | I67: =SUM(I57:I66) -> 54 | J67: =SUM(J57:J66) -> 69 | K67: =SUM(K57:K66) -> 47 | L67: =SUM(L57:L66) -> 69 | M67: =SUM(E67:L67) -> 363
A69: A.1 | B69: 3. | C69: Partai Demokrasi Indonesia Perjuangan | E69: 15 | F69: 15 | G69: 12 | H69: 8 | I69: 12 | J69: 8 | K69: 15 | L69: 5 | M69: =SUM(E69:L69) -> 90
A70: A.2 | C70: 1. MARTIN H., S.H., M.H. | E70: 4 | F70: 2 | G70: 2 | H70: 6 | I70: 6 | J70: 1 | K70: 4 | L70: 0 | M70: =SUM(E70:L70) -> 25
C71: 2. HERMANTO, S.E. | E71: 1 | F71: 5 | G71: 2 | H71: 3 | I71: 3 | J71: 3 | K71: 3 | L71: 2 | M71: =SUM(E71:L71) -> 22
C72: 3. EVY SUSILAWATI, S.E., M.M. | E72: 4 | F72: 7 | G72: 10 | H72: 5 | I72: 2 | J72: 0 | K72: 5 | L72: 4 | M72: =SUM(E72:L72) -> 37
C73: 4. M. SIROTTUDIN | E73: 0 | F73: 2 | G73: 4 | H73: 6 | I73: 13 | J73: 0 | K73: 4 | L73: 9 | M73: =SUM(E73:L73) -> 38
C74: 5. ABDUL HAFID, S.H. | E74: 2 | F74: 2 | G74: 1 | H74: 0 | I74: 3 | J74: 1 | K74: 3 | L74: 1 | M74: =SUM(E74:L74) -> 13
C75: 6. NIKITA FORTUNA SURYANINGATI, A.Md.Keb. | E75: 0 | F75: 0 | G75: 1 | H75: 1 | I75: 0 | J75: 1 | K75: 0 | L75: 0 | M75: =SUM(E75:L75) -> 3
C76: 7. YUDHO ILHAM WIJAYA, S.E. | E76: 1 | F76: 0 | G76: 0 | H76: 1 | I76: 3 | J76: 0 | K76: 4 | L76: 2 | M76: =SUM(E76:L76) -> 11
C77: 8. SETIAWATI, S.H. | E77: 0 | F77: 0 | G77: 0 | H77: 0 | I77: 0 | J77: 0 | K77: 0 | L77: 0 | M77: =SUM(E77:L77) -> 0
C78: 9. EKO BUDI SANTOSO, S.H. | E78: 0 | F78: 1 | G78: 0 | H78: 2 | I78: 1 | J78: 0 | K78: 0 | L78: 0 | M78: =SUM(E78:L78) -> 4
A79: B | B79: JUMLAH SUARA SAH PARTAI POLITIK DAN CALON (A1 + A2) | E79: =SUM(E69:E78) -> 27 | F79: =SUM(F69:F78) -> 34 | G79: =SUM(G69:G78) -> 32 | H79: =SUM(H69:H78) -> 32 | I79: =SUM(I69:I78) -> 43 | J79: =SUM(J69:J78) -> 14 | K79: =SUM(K69:K78) -> 38 | L79: =SUM(L69:L78) -> 23 | M79: =SUM(E79:L79) -> 243
A81: A.1 | B81: 4. | C81: Partai Golongan Karya | E81: 8 | F81: 17 | G81: 10 | H81: 11 | I81: 15 | J81: 17 | K81: 16 | L81: 10 | M81: =SUM(E81:L81) -> 104
A82: A.2 | C82: 1. PRANAYA YUDHA MAHARDHIKA | E82: 8 | F82: 12 | G82: 11 | H82: 4 | I82: 17 | J82: 13 | K82: 3 | L82: 15 | M82: =SUM(E82:L82) -> 83
C83: 2. Dra. Ec. ENDANG SULASTUTY, M.I.P. | E83: 5 | F83: 5 | G83: 5 | H83: 4 | I83: 3 | J83: 6 | K83: 8 | L83: 3 | M83: =SUM(E83:L83) -> 39
C84: 3. AGUS REJEKI WARTONO | E84: 3 | F84: 0 | G84: 2 | H84: 2 | I84: 0 | J84: 1 | K84: 2 | L84: 0 | M84: =SUM(E84:L84) -> 10
C85: 4. Hj. TUTUK ASMA'A ZUCHROH, S.T., M.T. | E85: 2 | F85: 5 | G85: 2 | H85: 2 | I85: 1 | J85: 0 | K85: 1 | L85: 1 | M85: =SUM(E85:L85) -> 14
C86: 5. ADE M. RIZKI, S.E. | E86: 1 | F86: 1 | G86: 0 | H86: 0 | I86: 1 | J86: 0 | K86: 2 | L86: 0 | M86: =SUM(E86:L86) -> 5
C87: 6. ABDURAKHMAN, Bc.Kn. | E87: 0 | F87: 0 | G87: 0 | H87: 1 | I87: 0 | J87: 0 | K87: 1 | L87: 0 | M87: =SUM(E87:L87) -> 2
C88: 7. CENDY RHIYAN ADI PUTRI | E88: 0 | F88: 0 | G88: 1 | H88: 0 | I88: 0 | J88: 0 | K88: 0 | L88: 0 | M88: =SUM(E88:L88) -> 1
C89: 8. BAKTI WIJAYANTO, S.E. | E89: 0 | F89: 0 | G89: 0 | H89: 0 | I89: 0 | J89: 0 | K89: 0 | L89: 0 | M89: =SUM(E89:L89) -> 0
C90: 9. AHMAD UBAIDILLAH | E90: 0 | F90: 0 | G90: 0 | H90: 0 | I90: 0 | J90: 0 | K90: 1 | L90: 1 | M90: =SUM(E90:L90) -> 2
A91: B | B91: JUMLAH SUARA SAH PARTAI POLITIK DAN CALON (A1 + A2) | E91: =SUM(E81:E90) -> 27 | F91: =SUM(F81:F90) -> 40 | G91: =SUM(G81:G90) -> 31 | H91: =SUM(H81:H90) -> 24 | I91: =SUM(I81:I90) -> 37 | J91: =SUM(J81:J90) -> 37 | K91: =SUM(K81:K90) -> 34 | L91: =SUM(L81:L90) -> 30 | M91: =SUM(E91:L91) -> 260
A93: A.1 | B93: 5. | C93: Partai NasDem | E93: 1 | F93: 2 | G93: 0 | H93: 0 | I93: 2 | J93: 0 | K93: 0 | L93: 0 | M93: =SUM(E93:L93) -> 5
A94: A.2 | C94: 1. ALI MUSTOFA, A.Md. | E94: 0 | F94: 1 | G94: 0 | H94: 0 | I94: 0 | J94: 2 | K94: 0 | L94: 0 | M94: =SUM(E94:L94) -> 3
C95: 2. Hj. BUAMI, S.H. | E95: 0 | F95: 0 | G95: 0 | H95: 0 | I95: 0 | J95: 0 | K95: 0 | L95: 0 | M95: =SUM(E95:L95) -> 0
C96: 3. SUGIONO, S.H. | E96: 0 | F96: 0 | G96: 1 | H96: 0 | I96: 0 | J96: 0 | K96: 0 | L96: 0 | M96: =SUM(E96:L96) -> 1
C97: 4. LULUK SUNARMIATININGSIH | E97: 0 | F97: 0 | G97: 0 | H97: 0 | I97: 0 | J97: 0 | K97: 0 | L97: 0 | M97: =SUM(E97:L97) -> 0
C98: 5. ANTON DJULIANTO ADI | E98: 0 | F98: 0 | G98: 0 | H98: 0 | I98: 0 | J98: 1 | K98: 0 | L98: 0 | M98: =SUM(E98:L98) -> 1
C99: 6. MOKHAMAD ROFI'I KHUSNAN | E99: 0 | F99: 0 | G99: 0 | H99: 0 | I99: 0 | J99: 0 | K99: 0 | L99: 1 | M99: =SUM(E99:L99) -> 1
C100: 7. Rr SETYO WATI | E100: 0 | F100: 0 | G100: 0 | H100: 0 | I100: 0 | J100: 0 | K100: 0 | L100: 1 | M100: =SUM(E100:L100) -> 1
C101: 8. ABD. KADIR ASSEGAFF | E101: 0 | F101: 0 | G101: 0 | H101: 0 | I101: 0 | J101: 0 | K101: 0 | L101: 0 | M101: =SUM(E101:L101) -> 0
C102: 9. FATHOR ZAINULLAH | E102: 0 | F102: 0 | G102: 0 | H102: 0 | I102: 0 | J102: 0 | K102: 0 | L102: 0 | M102: =SUM(E102:L102) -> 0
A103: B | B103: JUMLAH SUARA SAH PARTAI POLITIK DAN CALON (A1 + A2) | E103: =SUM(E93:E102) -> 1 | F103: =SUM(F93:F102) -> 3 | G103: =SUM(G93:G102) -> 1 | H103: =SUM(H93:H102) -> 0 | I103: =SUM(I93:I102) -> 2 | J103: =SUM(J93:J102) -> 3 | K103: =SUM(K93:K102) -> 0 | L103: =SUM(L93:L102) -> 2 | M103: =SUM(E103:L103) -> 12
A105: A.1 | B105: 6. | C105: Partai Buruh | E105: 0 | F105: 0 | G105: 0 | H105: 0 | I105: 0 | J105: 1 | K105: 0 | L105: 0 | M105: =SUM(E105:L105) -> 1
A106: A.2 | C106: 1. AGUS SUPRIYADI | E106: 0 | F106: 0 | G106: 0 | H106: 1 | I106: 0 | J106: 1 | K106: 0 | L106: 1 | M106: =SUM(E106:L106) -> 3
C107: 2. ENI HARIATI | E107: 0 | F107: 0 | G107: 1 | H107: 0 | I107: 1 | J107: 0 | K107: 0 | L107: 0 | M107: =SUM(E107:L107) -> 2
A115: B | B115: JUMLAH SUARA SAH PARTAI POLITIK DAN CALON (A1 + A2) | E115: =SUM(E105:E114) -> 0 | F115: =SUM(F105:F114) -> 0 | G115: =SUM(G105:G114) -> 1 | H115: =SUM(H105:H114) -> 1 | I115: =SUM(I105:I114) -> 1 | J115: =SUM(J105:J114) -> 2 | K115: =SUM(K105:K114) -> 0 | L115: =SUM(L105:L114) -> 1 | M115: =SUM(E115:L115) -> 6
A117: A.1 | B117: 7. | C117: Partai Gelombang Rakyat Indonesia | E117: 0 | F117: 0 | G117: 0 | H117: 0 | I117: 2 | J117: 0 | K117: 0 | L117: 0 | M117: =SUM(E117:L117) -> 2
A118: A.2 | C118: 1. MIRZA MUHROSNI AROMA | E118: 1 | F118: 1 | G118: 0 | H118: 0 | I118: 1 | J118: 0 | K118: 0 | L118: 0 | M118: =SUM(E118:L118) -> 3
C119: 2. ACHMAD BAGUS SUGIARTO | E119: 0 | F119: 0 | G119: 0 | H119: 0 | I119: 0 | J119: 0 | K119: 0 | L119: 0 | M119: =SUM(E119:L119) -> 0
C120: 3. ELOK FITRIYA NINGSIH | E120: 0 | F120: 0 | G120: 0 | H120: 0 | I120: 0 | J120: 0 | K120: 0 | L120: 0 | M120: =SUM(E120:L120) -> 0
C121: 4. MADI | E121: 0 | F121: 0 | G121: 0 | H121: 0 | I121: 0 | J121: 0 | K121: 0 | L121: 0 | M121: =SUM(E121:L121) -> 0
C122: 5. LUKY PERMANASARI | E122: 0 | F122: 0 | G122: 0 | H122: 0 | I122: 0 | J122: 0 | K122: 0 | L122: 0 | M122: =SUM(E122:L122) -> 0
A127: B | B127: JUMLAH SUARA SAH PARTAI POLITIK DAN CALON (A1 + A2) | E127: =SUM(E117:E126) -> 1 | F127: =SUM(F117:F120) -> 1 | G127: =SUM(G117:G120) -> 0 | H127: =SUM(H117:H120) -> 0 | I127: =SUM(I117:I120) -> 3 | J127: =SUM(J117:J120) -> 0 | K127: =SUM(K117:K120) -> 0 | L127: =SUM(L117:L120) -> 0 | M127: =SUM(E127:L127) -> 5
A129: A.1 | B129: 8. | C129: Partai Keadilan Sejahtera | E129: 1 | F129: 0 | G129: 0 | H129: 0 | I129: 0 | J129: 1 | K129: 0 | L129: 0 | M129: =SUM(E129:L129) -> 2
...

Sheet JELUN
C2: Kecamatan | D2: LICIN
C3: Kabupaten | D3: BANYUWANGI
C4: Provinsi | D4: JAWA TIMUR
C9: Kelurahan | D9: JELUN
A12: I | B12: DATA PEMILIH DAN PENGGUNAAN HAK PILIH | M12: JUMLAH AKHIR
A13: A | B13: DATA PEMILIH | E13: TPS 001 | F13: TPS 002 | G13: TPS 003 | H13: TPS 004 | I13: TPS 005 | J13: TPS 006 | K13: TPS 007 | L13: TPS 008
B14: Jumlah Pemilih dalam Daftar Pemilih Tetap (DPT) | D14: LK | E14: 148 | F14: 107 | G14: 123 | H14: 127 | I14: 129 | J14: 119 | K14: 115 | L14: 110 | M14: =SUM(E14:L14) -> 978
D15: PR | E15: 141 | F15: 121 | G15: 105 | H15: 132 | I15: 132 | J15: 134 | K15: 115 | L15: 106 | M15: =SUM(E15:L15) -> 986
D16: JML | E16: =SUM(E14:E15) -> 289 | F16: =SUM(F14:F15) -> 228 | G16: =SUM(G14:G15) -> 228 | H16: =SUM(H14:H15) -> 259 | I16: =SUM(I14:I15) -> 261 | J16: =SUM(J14:J15) -> 253 | K16: =SUM(K14:K15) -> 230 | L16: =SUM(L14:L15) -> 216 | M16: =SUM(E16:L16) -> 1964
A18: B | B18: PENGGUNA HAK PILIH
B19: 1. | C19: Jumlah pengguna hak pilih dalam Daftar Pemilih Tetap (DPT) | D19: LK | E19: 100 | F19: 83 | G19: 101 | H19: 95 | I19: 108 | J19: 95 | K19: 78 | L19: 84 | M19: =SUM(E19:L19) -> 744
D20: PR | E20: 118 | F20: 100 | G20: 83 | H20: 101 | I20: 114 | J20: 109 | K20: 85 | L20: 78 | M20: =SUM(E20:L20) -> 788
D21: JML | E21: =SUM(E19:E20) -> 218 | F21: =SUM(F19:F20) -> 183 | G21: =SUM(G19:G20) -> 184 | H21: =SUM(H19:H20) -> 196 | I21: =SUM(I19:I20) -> 222 | J21: =SUM(J19:J20) -> 204 | K21: =SUM(K19:K20) -> 163 | L21: =SUM(L19:L20) -> 162 | M21: =SUM(E21:L21) -> 1532
B22: 2. | C22: Jumlah pengguna hak pilih dalam Daftar Pemilih Tambahan (DPTb) | D22: LK | E22: 0 | F22: 0 | G22: 0 | H22: 0 | I22: 0 | J22: 0 | K22: 0 | L22: 0 | M22: =SUM(E22:L22) -> 0
D23: PR | E23: 1 | F23: 0 | G23: 0 | H23: 0 | I23: 0 | J23: 0 | K23: 0 | L23: 0 | M23: =SUM(E23:L23) -> 1
D24: JML | E24: =SUM(E22:E23) -> 1 | F24: =SUM(F22:F23) -> 0 | G24: =SUM(G22:G23) -> 0 | H24: =SUM(H22:H23) -> 0 | I24: =SUM(I22:I23) -> 0 | J24: =SUM(J22:J23) -> 0 | K24: =SUM(K22:K23) -> 0 | L24: =SUM(L22:L23) -> 0 | M24: =SUM(E24:L24) -> 1
B25: 3. | C25: Jumlah pengguna hak pilih dalam Daftar Pemilih Khusus (DPK) | D25: LK | E25: 0 | F25: 0 | G25: 0 | H25: 0 | I25: 1 | J25: 0 | K25: 0 | L25: 0 | M25: =SUM(E25:L25) -> 1
D26: PR | E26: 2 | F26: 0 | G26: 0 | H26: 1 | I26: 0 | J26: 0 | K26: 0 | L26: 0 | M26: =SUM(E26:L26) -> 3
D27: JML | E27: =SUM(E25:E26) -> 2 | F27: =SUM(F25:F26) -> 0 | G27: =SUM(G25:G26) -> 0 | H27: =SUM(H25:H26) -> 1 | I27: =SUM(I25:I26) -> 1 | J27: =SUM(J25:J26) -> 0 | K27: =SUM(K25:K26) -> 0 | L27: =SUM(L25:L26) -> 0 | M27: =SUM(E27:L27) -> 4
B28: 4. | C28: Jumlah Pengguna Hak Pilih (B.1+B.2+B.3) | D28: LK | E28: =SUM(E19,E22,E25) -> 100 | F28: =SUM(F19,F22,F25) -> 83 | G28: =SUM(G19,G22,G25) -> 101 | H28: =SUM(H19,H22,H25) -> 95 | I28: =SUM(I19,I22,I25) -> 109 | J28: =SUM(J19,J22,J25) -> 95 | K28: =SUM(K19,K22,K25) -> 78 | L28: =SUM(L19,L22,L25) -> 84 | M28: =SUM(E28:L28) -> 745
D29: PR | E29: =SUM(E20,E23,E26) -> 121 | F29: =SUM(F20,F23,F26) -> 100 | G29: =SUM(G20,G23,G26) -> 83 | H29: =SUM(H20,H23,H26) -> 102 | I29: =SUM(I20,I23,I26) -> 114 | J29: =SUM(J20,J23,J26) -> 109 | K29: =SUM(K20,K23,K26) -> 85 | L29: =SUM(L20,L23,L26) -> 78 | M29: =SUM(E29:L29) -> 792
D30: JML | E30: =SUM(E28:E29) -> 221 | F30: =SUM(F28:F29) -> 183 | G30: =SUM(G28:G29) -> 184 | H30: =SUM(H28:H29) -> 197 | I30: =SUM(I28:I29) -> 223 | J30: =SUM(J28:J29) -> 204 | K30: =SUM(K28:K29) -> 163 | L30: =SUM(L28:L29) -> 162 | M30: =SUM(E30:L30) -> 1537
A32: II | B32: DATA PENGGUNAAN SURAT SUARA
A33: 1 | B33: Jumlah surat suara yang diterima, termasuk surat suara cadangan 2,5% dari DPT | E33: 300 | F33: 233 | G33: 233 | H33: 265 | I33: 268 | J33: 259 | K33: 230 | L33: 221 | M33: =SUM(E33:L33) -> 2009
A34: 2 | B34: Jumlah surat suara yang digunakan | E34: 221 | F34: 183 | G34: 184 | H34: 197 | I34: 223 | J34: 204 | K34: 163 | L34: 162 | M34: =SUM(E34:L34) -> 1537
A35: 3 | B35: Jumlah surat suara dikembalikan oleh pemilih (karena rusak atau keliru coblos) | E35: 0 | F35: 0 | G35: 1 | H35: 0 | J35: 0 | K35: 0 | L35: 0 | M35: =SUM(E35:L35) -> 1
A36: 4 | B36: Jumlah surat suara yang tidak digunakan/tidak terpakai, termasuk sisa surat suara cadangan | E36: =E33-(E34+E35) -> 79 | F36: =F33-(F34+F35) -> 50 | G36: =G33-(G34+G35) -> 48 | H36: =H33-(H34+H35) -> 68 | I36: =I33-(I34+I35) -> 45 | J36: =J33-(J34+J35) -> 55 | K36: =K33-(K34+K35) -> 67 | L36: =L33-(L34+L35) -> 59 | M36: =SUM(E36:L36) -> 471
A38: III | B38: DATA PEMILIH DISABILITAS
B39: Jumlah seluruh Pemilih disabilitas yang menggunakan hak pilih | D39: LK | E39: 0 | F39: 0 | G39: 0 | H39: 0 | I39: 0 | J39: 1 | K39: 1 | L39: 0 | M39: =SUM(E39:L39) -> 2
D40: PR | E40: 0 | F40: 0 | G40: 0 | H40: 0 | I40: 0 | J40: 1 | K40: 0 | L40: 0 | M40: =SUM(E40:L40) -> 1
D41: JML | E41: =SUM(E39:E40) -> 0 | F41: =SUM(F39:F40) -> 0 | G41: =SUM(G39:G40) -> 0 | H41: =SUM(H39:H40) -> 0 | I41: =SUM(I39:I40) -> 0 | J41: =SUM(J39:J40) -> 2 | K41: =SUM(K39:K40) -> 1 | L41: =SUM(L39:L40) -> 0 | M41: =SUM(E41:L41) -> 3
A43: IV | B43: DATA RINCIAN PEROLEHAN SUARA PASANGAN CALON BUPATI DAN WAKIL BUPATI
A44: NOMOR DAN NAMA CALON
A45: A.1 | B45: 1. | C45: Partai Kebangkitan Bangsa | E45: 9 | F45: 13 | G45: 10 | H45: 5 | I45: 6 | J45: 7 | K45: 10 | L45: 12 | M45: =SUM(E45:L45) -> 72
A46: A.2 | C46: 1. Dra. Hj. MA`MULAH HARUN, M.Pd.I. | E46: 16 | F46: 28 | G46: 25 | H46: 13 | I46: 15 | J46: 8 | K46: 10 | L46: 5 | M46: =SUM(E46:L46) -> 120
C47: 2. UBAIDILLAH, S.Fil.I. | E47: 2 | F47: 1 | G47: 1 | H47: 0 | I47: 2 | J47: 1 | K47: 1 | L47: 2 | M47: =SUM(E47:L47) -> 10
C48: 3. Ir. H. YOYOK MULYADI, M.Si. | E48: 0 | F48: 1 | G48: 0 | H48: 2 | I48: 1 | J48: 1 | K48: 1 | L48: 1 | M48: =SUM(E48:L48) -> 7
C49: 4. KHOIRUL ANWAR, S.Fil.I. | E49: 0 | F49: 1 | G49: 1 | H49: 1 | I49: 0 | J49: 0 | K49: 2 | L49: 0 | M49: =SUM(E49:L49) -> 5
C50: 5. ARIF WIJAKSANA | E50: 1 | F50: 2 | G50: 0 | H50: 1 | I50: 1 | J50: 1 | K50: 0 | L50: 0 | M50: =SUM(E50:L50) -> 6
C51: 6. Dr. SITI YUMNAH | E51: 1 | F51: 0 | G51: 0 | H51: 0 | I51: 0 | J51: 0 | K51: 0 | L51: 1 | M51: =SUM(E51:L51) -> 2
C52: 7. MOHAMMAD ZAINI, M.Pd.I. | E52: 1 | F52: 0 | G52: 0 | H52: 0 | I52: 1 | J52: 0 | K52: 1 | L52: 0 | M52: =SUM(E52:L52) -> 3
C53: 8. FAWAIDUL MAKKIYAH | E53: 0 | F53: 0 | G53: 0 | H53: 0 | I53: 0 | J53: 0 | K53: 0 | L53: 0 | M53: =SUM(E53:L53) -> 0
C54: 9. IFFAH HIDAYATUR ROHMAH, S.Sos. | E54: 0 | F54: 0 | G54: 0 | H54: 0 | I54: 0 | J54: 0 | K54: 0 | L54: 0 | M54: =SUM(E54:L54) -> 0
A55: B | B55: JUMLAH SUARA SAH PARTAI POLITIK DAN CALON (A1 + A2) | E55: =SUM(E45:E52) -> 30 | F55: =SUM(F45:F52) -> 46 | G55: =SUM(G45:G52) -> 37 | H55: =SUM(H45:H52) -> 22 | I55: =SUM(I45:I52) -> 26 | J55: =SUM(J45:J52) -> 18 | K55: =SUM(K45:K52) -> 25 | L55: =SUM(L45:L52) -> 21 | M55: =SUM(E55:L55) -> 225
A57: A.1 | B57: 2. | C57: Partai Gerakan Indonesia Raya | E57: 22 | F57: 12 | G57: 6 | H57: 20 | I57: 20 | J57: 28 | K57: 26 | L57: 23 | M57: =SUM(E57:L57) -> 157
A58: A.2 | C58: 1. AHMAD HADINUDDIN, S.Pd.I. | E58: 16 | F58: 8 | G58: 3 | H58: 6 | I58: 8 | J58: 4 | K58: 14 | L58: 8 | M58: =SUM(E58:L58) -> 67
C59: 2. BIMA RAFSANJANI RAFID | E59: 18 | F59: 11 | G59: 7 | H59: 2 | I59: 10 | J59: 7 | K59: 6 | L59: 3 | M59: =SUM(E59:L59) -> 64
C60: 3. IRA DAMAYANTI | E60: 4 | F60: 2 | G60: 1 | H60: 0 | I60: 1 | J60: 0 | K60: 2 | L60: 1 | M60: =SUM(E60:L60) -> 11
C61: 4. MAULANA MALIK IBRAHIM, S.H. | E61: 4 | F61: 2 | G61: 12 | H61: 14 | I61: 7 | J61: 2 | K61: 3 | L61: 3 | M61: =SUM(E61:L61) -> 47
C62: 5. LULUK ALFIATI | E62: 2 | F62: 2 | G62: 0 | H62: 0 | I62: 1 | J62: 0 | K62: 1 | L62: 0 | M62: =SUM(E62:L62) -> 6
C63: 6. ILHAM WAHYUDI, S.H. | E63: 2 | F63: 2 | G63: 0 | H63: 1 | I63: 1 | J63: 0 | K63: 0 | L63: 0 | M63: =SUM(E63:L63) -> 6
C64: 7. HAERUL ANWAR, S.Pd.I. | E64: 0 | F64: 0 | G64: 1 | H64: 0 | I64: 0 | J64: 0 | K64: 0 | L64: 1 | M64: =SUM(E64:L64) -> 2
C65: 8. YOVI ADHITYA WARDANI | E65: 0 | F65: 1 | G65: 0 | H65: 0 | I65: 0 | J65: 0 | K65: 0 | L65: 0 | M65: =SUM(E65:L65) -> 1
C66: 9. RITA AMELIA | E66: 0 | F66: 3 | G66: 1 | H66: 0 | I66: 0 | J66: 0 | K66: 0 | L66: 1 | M66: =SUM(E66:L66) -> 5
A67: B | B67: JUMLAH SUARA SAH PARTAI POLITIK DAN CALON (A1 + A2) | E67: =SUM(E57:E66) -> 68 | F67: =SUM(F57:F66) -> 43 | G67: =SUM(G57:G66) -> 31 | H67: =SUM(H57:H66) -> 43 | I67: =SUM(I57:I66) -> 48 | J67: =SUM(J57:J66) -> 41 | K67: =SUM(K57:K66) -> 52 | L67: =SUM(L57:L66) -> 40 | M67: =SUM(E67:L67) -> 366
A69: A.1 | B69: 3. | C69: Partai Demokrasi Indonesia Perjuangan | E69: 11 | F69: 5 | G69: 10 | H69: 7 | I69: 13 | J69: 16 | K69: 10 | L69: 12 | M69: =SUM(E69:L69) -> 84
A70: A.2 | C70: 1. MARTIN H., S.H., M.H. | E70: 3 | F70: 2 | G70: 2 | H70: 2 | I70: 5 | J70: 3 | K70: 3 | L70: 0 | M70: =SUM(E70:L70) -> 20
C71: 2. HERMANTO, S.E. | E71: 4 | F71: 9 | G71: 4 | H71: 3 | I71: 2 | J71: 5 | K71: 5 | L71: 7 | M71: =SUM(E71:L71) -> 39
C72: 3. EVY SUSILAWATI, S.E., M.M. | E72: 2 | F72: 0 | G72: 2 | H72: 4 | I72: 4 | J72: 1 | K72: 1 | L72: 3 | M72: =SUM(E72:L72) -> 17
C73: 4. M. SIROTTUDIN | E73: 2 | F73: 1 | G73: 3 | H73: 3 | I73: 18 | J73: 6 | K73: 4 | L73: 4 | M73: =SUM(E73:L73) -> 41
C74: 5. ABDUL HAFID, S.H. | E74: 2 | F74: 2 | G74: 2 | H74: 0 | I74: 3 | J74: 1 | K74: 1 | L74: 10 | M74: =SUM(E74:L74) -> 21
C75: 6. NIKITA FORTUNA SURYANINGATI, A.Md.Keb. | E75: 0 | F75: 1 | G75: 2 | H75: 0 | I75: 1 | J75: 1 | K75: 3 | L75: 0 | M75: =SUM(E75:L75) -> 8
C76: 7. YUDHO ILHAM WIJAYA, S.E. | E76: 1 | F76: 0 | G76: 0 | H76: 0 | I76: 0 | J76: 0 | K76: 0 | L76: 0 | M76: =SUM(E76:L76) -> 1
C77: 8. SETIAWATI, S.H. | E77: 0 | F77: 0 | G77: 0 | H77: 0 | I77: 0 | J77: 0 | K77: 1 | L77: 0 | M77: =SUM(E77:L77) -> 1
C78: 9. EKO BUDI SANTOSO, S.H. | E78: 0 | F78: 0 | G78: 2 | H78: 0 | I78: 0 | J78: 0 | K78: 0 | L78: 0 | M78: =SUM(E78:L78) -> 2
A79: B | B79: JUMLAH SUARA SAH PARTAI POLITIK DAN CALON (A1 + A2) | E79: =SUM(E69:E78) -> 25 | F79: =SUM(F69:F78) -> 20 | G79: =SUM(G69:G78) -> 27 | H79: =SUM(H69:H78) -> 19 | I79: =SUM(I69:I78) -> 46 | J79: =SUM(J69:J78) -> 33 | K79: =SUM(K69:K78) -> 28 | L79: =SUM(L69:L78) -> 36 | M79: =SUM(E79:L79) -> 234
A81: A.1 | B81: 4. | C81: Partai Golongan Karya | E81: 9 | F81: 4 | G81: 11 | H81: 0 | I81: 7 | J81: 16 | K81: 12 | L81: 9 | M81: =SUM(E81:L81) -> 68
A82: A.2 | C82: 1. PRANAYA YUDHA MAHARDHIKA | E82: 11 | F82: 3 | G82: 12 | H82: 4 | I82: 3 | J82: 2 | K82: 5 | L82: 8 | M82: =SUM(E82:L82) -> 48
C83: 2. Dra. Ec. ENDANG SULASTUTY, M.I.P. | E83: 3 | F83: 5 | G83: 3 | H83: 5 | I83: 3 | J83: 8 | K83: 2 | L83: 2 | M83: =SUM(E83:L83) -> 31
C84: 3. AGUS REJEKI WARTONO | E84: 3 | F84: 0 | G84: 0 | H84: 1 | I84: 1 | J84: 0 | K84: 2 | L84: 2 | M84: =SUM(E84:L84) -> 9
C85: 4. Hj. TUTUK ASMA'A ZUCHROH, S.T., M.T. | E85: 1 | F85: 2 | G85: 0 | H85: 0 | I85: 2 | J85: 1 | K85: 0 | L85: 1 | M85: =SUM(E85:L85) -> 7
C86: 5. ADE M. RIZKI, S.E. | E86: 0 | F86: 0 | G86: 0 | H86: 0 | I86: 0 | J86: 0 | K86: 0 | L86: 0 | M86: =SUM(E86:L86) -> 0
C87: 6. ABDURAKHMAN, Bc.Kn. | E87: 1 | F87: 1 | G87: 0 | H87: 0 | I87: 0 | J87: 0 | K87: 0 | L87: 0 | M87: =SUM(E87:L87) -> 2
C88: 7. CENDY RHIYAN ADI PUTRI | E88: 0 | F88: 0 | G88: 0 | H88: 0 | I88: 2 | J88: 0 | K88: 0 | L88: 0 | M88: =SUM(E88:L88) -> 2
C89: 8. BAKTI WIJAYANTO, S.E. | E89: 0 | F89: 0 | G89: 0 | H89: 1 | I89: 0 | J89: 0 | K89: 0 | L89: 0 | M89: =SUM(E89:L89) -> 1
C90: 9. AHMAD UBAIDILLAH | E90: 0 | F90: 0 | G90: 1 | H90: 1 | I90: 0 | J90: 0 | K90: 0 | L90: 0 | M90: =SUM(E90:L90) -> 2
A91: B | B91: JUMLAH SUARA SAH PARTAI POLITIK DAN CALON (A1 + A2) | E91: =SUM(E81:E90) -> 28 | F91: =SUM(F81:F90) -> 15 | G91: =SUM(G81:G90) -> 27 | H91: =SUM(H81:H90) -> 12 | I91: =SUM(I81:I90) -> 18 | J91: =SUM(J81:J90) -> 27 | K91: =SUM(K81:K90) -> 21 | L91: =SUM(L81:L90) -> 22 | M91: =SUM(E91:L91) -> 170
A93: A.1 | B93: 5. | C93: Partai NasDem | E93: 6 | F93: 6 | G93: 0 | H93: 2 | I93: 4 | J93: 1 | K93: 1 | L93: 0 | M93: =SUM(E93:L93) -> 20
A94: A.2 | C94: 1. ALI MUSTOFA, A.Md. | E94: 5 | F94: 9 | G94: 1 | H94: 2 | I94: 1 | J94: 1 | K94: 3 | L94: 0 | M94: =SUM(E94:L94) -> 22
C95: 2. Hj. BUAMI, S.H. | E95: 0 | F95: 0 | G95: 2 | H95: 0 | I95: 2 | J95: 0 | K95: 0 | L95: 0 | M95: =SUM(E95:L95) -> 4
C96: 3. SUGIONO, S.H. | E96: 0 | F96: 0 | G96: 0 | H96: 0 | I96: 0 | J96: 0 | K96: 0 | L96: 0 | M96: =SUM(E96:L96) -> 0
C97: 4. LULUK SUNARMIATININGSIH | E97: 0 | F97: 0 | G97: 1 | H97: 0 | I97: 0 | J97: 0 | K97: 0 | L97: 0 | M97: =SUM(E97:L97) -> 1
C98: 5. ANTON DJULIANTO ADI | E98: 0 | F98: 0 | G98: 0 | H98: 1 | I98: 0 | J98: 0 | K98: 0 | L98: 0 | M98: =SUM(E98:L98) -> 1
C99: 6. MOKHAMAD ROFI'I KHUSNAN | E99: 0 | F99: 0 | G99: 1 | H99: 0 | I99: 0 | J99: 0 | K99: 0 | L99: 0 | M99: =SUM(E99:L99) -> 1
C100: 7. Rr SETYO WATI | E100: 0 | F100: 0 | G100: 0 | H100: 0 | I100: 0 | J100: 0 | K100: 0 | L100: 0 | M100: =SUM(E100:L100) -> 0
C101: 8. ABD. KADIR ASSEGAFF | E101: 0 | F101: 0 | G101: 0 | H101: 0 | I101: 1 | J101: 0 | K101: 0 | L101: 0 | M101: =SUM(E101:L101) -> 1
C102: 9. FATHOR ZAINULLAH | E102: 0 | F102: 0 | G102: 0 | H102: 0 | I102: 0 | J102: 0 | K102: 0 | L102: 0 | M102: =SUM(E102:L102) -> 0
A103: B | B103: JUMLAH SUARA SAH PARTAI POLITIK DAN CALON (A1 + A2) | E103: =SUM(E93:E102) -> 11 | F103: =SUM(F93:F102) -> 15 | G103: =SUM(G93:G102) -> 5 | H103: =SUM(H93:H102) -> 5 | I103: =SUM(I93:I102) -> 8 | J103: =SUM(J93:J102) -> 2 | K103: =SUM(K93:K102) -> 4 | L103: =SUM(L93:L102) -> 0 | M103: =SUM(E103:L103) -> 50
A105: A.1 | B105: 6. | C105: Partai Buruh | E105: 0 | F105: 0 | G105: 1 | H105: 0 | I105: 1 | J105: 0 | K105: 4 | L105: 0 | M105: =SUM(E105:L105) -> 6
A106: A.2 | C106: 1. AGUS SUPRIYADI | E106: 1 | F106: 0 | G106: 0 | H106: 0 | I106: 0 | J106: 1 | K106: 0 | L106: 0 | M106: =SUM(E106:L106) -> 2
C107: 2. ENI HARIATI | E107: 1 | F107: 0 | G107: 0 | H107: 0 | I107: 0 | J107: 0 | K107: 0 | L107: 0 | M107: =SUM(E107:L107) -> 1
A115: B | B115: JUMLAH SUARA SAH PARTAI POLITIK DAN CALON (A1 + A2) | E115: =SUM(E105:E112) -> 2 | F115: =SUM(F105:F112) -> 0 | G115: =SUM(G105:G112) -> 1 | H115: =SUM(H105:H112) -> 0 | I115: =SUM(I105:I112) -> 1 | J115: =SUM(J105:J112) -> 1 | K115: =SUM(K105:K112) -> 4 | L115: =SUM(L105:L112) -> 0 | M115: =SUM(E115:L115) -> 9
A117: A.1 | B117: 7. | C117: Partai Gelombang Rakyat Indonesia | E117: 0 | F117: 0 | G117: 1 | H117: 5 | I117: 2 | J117: 0 | K117: 0 | L117: 1 | M117: =SUM(E117:L117) -> 9
A118: A.2 | C118: 1. MIRZA MUHROSNI AROMA | E118: 0 | F118: 1 | G118: 0 | H118: 0 | I118: 0 | J118: 0 | K118: 0 | L118: 0 | M118: =SUM(E118:L118) -> 1
C119: 2. ACHMAD BAGUS SUGIARTO | E119: 0 | F119: 0 | G119: 0 | H119: 0 | I119: 0 | J119: 1 | K119: 0 | L119: 0 | M119: =SUM(E119:L119) -> 1
C120: 3. ELOK FITRIYA NINGSIH | E120: 0 | F120: 0 | G120: 0 | H120: 0 | I120: 0 | J120: 1 | K120: 1 | L120: 0 | M120: =SUM(E120:L120) -> 2
C121: 4. MADI | E121: 0 | F121: 0 | G121: 0 | H121: 0 | I121: 0 | J121: 0 | K121: 0 | L121: 1 | M121: =SUM(E121:L121) -> 1
C122: 5. LUKY PERMANASARI | E122: 0 | F122: 0 | G122: 0 | H122: 1 | I122: 0 | J122: 0 | K122: 0 | L122: 0 | M122: =SUM(E122:L122) -> 1
A127: B | B127: JUMLAH SUARA SAH PARTAI POLITIK DAN CALON (A1 + A2) | E127: =SUM(E117:E122) -> 0 | F127: =SUM(F117:F122) -> 1 | G127: =SUM(G117:G122) -> 1 | H127: =SUM(H117:H122) -> 6 | I127: =SUM(I117:I122) -> 2 | J127: =SUM(J117:J122) -> 2 | K127: =SUM(K117:K122) -> 1 | L127: =SUM(L117:L122) -> 2 | M127: =SUM(E127:L127) -> 15
A129: A.1 | B129: 8. | C129: Partai Keadilan Sejahtera | E129: 0 | F129: 0 | G129: 0 | H129: 2 | I129: 0 | J129: 0 | K129: 0 | L129: 0 | M129: =SUM(E129:L129) -> 2
...

Sheet KLUNCING
C2: Kecamatan | D2: LICIN
C3: Kabupaten | D3: BANYUWANGI
C4: Provinsi | D4: JAWA TIMUR
C9: Kelurahan | D9: KLUNCING
A12: I | B12: DATA PEMILIH DAN PENGGUNAAN HAK PILIH | O12: JUMLAH AKHIR
A13: A | B13: DATA PEMILIH | E13: TPS 001 | F13: TPS 002 | G13: TPS 003 | H13: TPS 004 | I13: TPS 005 | J13: TPS 006 | K13: TPS 007 | L13: TPS 008 | M13: TPS 009 | N13: TPS 010
B14: Jumlah Pemilih dalam Daftar Pemilih Tetap (DPT) | D14: LK | E14: 124 | F14: 106 | G14: 134 | H14: 146 | I14: 146 | J14: 132 | K14: 138 | L14: 116 | M14: 145 | N14: 148 | O14: =SUM(E14:N14) -> 1335
D15: PR | E15: 136 | F15: 108 | G15: 147 | H15: 145 | I15: 136 | J15: 134 | K15: 144 | L15: 105 | M15: 138 | N15: 128 | O15: =SUM(E15:N15) -> 1321
D16: JML | E16: =SUM(E14:E15) -> 260 | F16: =SUM(F14:F15) -> 214 | G16: =SUM(G14:G15) -> 281 | H16: =SUM(H14:H15) -> 291 | I16: =SUM(I14:I15) -> 282 | J16: =SUM(J14:J15) -> 266 | K16: =SUM(K14:K15) -> 282 | L16: =SUM(L14:L15) -> 221 | ... N16: =SUM(N14:N15) -> 276 | O16: =SUM(E16:N16) -> 2656
A18: B | B18: PENGGUNA HAK PILIH
B19: 1. | C19: Jumlah pengguna hak pilih dalam Daftar Pemilih Tetap (DPT) | D19: LK | E19: 90 | F19: 83 | G19: 120 | H19: 112 | I19: 114 | J19: 110 | K19: 111 | L19: 96 | M19: 113 | N19: 115 | O19: =SUM(E19:N19) -> 1064
D20: PR | E20: 116 | F20: 97 | G20: 126 | H20: 125 | I20: 115 | J20: 112 | K20: 130 | L20: 93 | M20: 123 | N20: 100 | O20: =SUM(E20:N20) -> 1137
D21: JML | E21: =SUM(E19:E20) -> 206 | F21: =SUM(F19:F20) -> 180 | G21: =SUM(G19:G20) -> 246 | H21: =SUM(H19:H20) -> 237 | I21: =SUM(I19:I20) -> 229 | J21: =SUM(J19:J20) -> 222 | K21: =SUM(K19:K20) -> 241 | L21: =SUM(L19:L20) -> 189 | ... N21: =SUM(N19:N20) -> 215 | O21: =SUM(E21:N21) -> 2201
B22: 2. | C22: Jumlah pengguna hak pilih dalam Daftar Pemilih Tambahan (DPTb) | D22: LK | E22: 0 | F22: 0 | G22: 0 | H22: 0 | I22: 0 | J22: 0 | K22: 0 | L22: 0 | M22: 0 | N22: 0 | O22: =SUM(E22:N22) -> 0
D23: PR | E23: 0 | F23: 0 | G23: 0 | H23: 1 | I23: 0 | J23: 0 | K23: 0 | L23: 0 | M23: 0 | N23: 0 | O23: =SUM(E23:N23) -> 1
D24: JML | E24: =SUM(E22:E23) -> 0 | F24: =SUM(F22:F23) -> 0 | G24: =SUM(G22:G23) -> 0 | H24: =SUM(H22:H23) -> 1 | I24: =SUM(I22:I23) -> 0 | J24: =SUM(J22:J23) -> 0 | K24: =SUM(K22:K23) -> 0 | L24: =SUM(L22:L23) -> 0 | ... N24: =SUM(N22:N23) -> 0 | O24: =SUM(E24:N24) -> 1
B25: 3. | C25: Jumlah pengguna hak pilih dalam Daftar Pemilih Khusus (DPK) | D25: LK | E25: 0 | F25: 0 | G25: 0 | H25: 0 | I25: 0 | J25: 3 | K25: 0 | L25: 0 | M25: 0 | N25: 0 | O25: =SUM(E25:N25) -> 3
D26: PR | E26: 0 | F26: 0 | G26: 0 | H26: 0 | I26: 0 | J26: 1 | K26: 0 | L26: 0 | M26: 0 | N26: 0 | O26: =SUM(E26:N26) -> 1
D27: JML | E27: =SUM(E25:E26) -> 0 | F27: =SUM(F25:F26) -> 0 | G27: =SUM(G25:G26) -> 0 | H27: =SUM(H25:H26) -> 0 | I27: =SUM(I25:I26) -> 0 | J27: =SUM(J25:J26) -> 4 | K27: =SUM(K25:K26) -> 0 | L27: =SUM(L25:L26) -> 0 | ... N27: =SUM(N25:N26) -> 0 | O27: =SUM(E27:N27) -> 4
B28: 4. | C28: Jumlah Pengguna Hak Pilih (B.1+B.2+B.3) | D28: LK | E28: =SUM(E19,E22,E25) -> 90 | F28: =SUM(F19,F22,F25) -> 83 | G28: =SUM(G19,G22,G25) -> 120 | H28: =SUM(H19,H22,H25) -> 112 | I28: =SUM(I19,I22,I25) -> 114 | J28: =SUM(J19,J22,J25) -> 113 | K28: =SUM(K19,K22,K25) -> 111 | L28: =SUM(L19,L22,L25) -> 96 | ... N28: =SUM(N19,N22,N25) -> 115 | O28: =SUM(E28:N28) -> 1067
D29: PR | E29: =SUM(E20,E23,E26) -> 116 | F29: =SUM(F20,F23,F26) -> 97 | G29: =SUM(G20,G23,G26) -> 126 | H29: =SUM(H20,H23,H26) -> 126 | I29: =SUM(I20,I23,I26) -> 115 | J29: =SUM(J20,J23,J26) -> 113 | K29: =SUM(K20,K23,K26) -> 130 | L29: =SUM(L20,L23,L26) -> 93 | ... N29: =SUM(N20,N23,N26) -> 100 | O29: =SUM(E29:N29) -> 1139
D30: JML | E30: =SUM(E28:E29) -> 206 | F30: =SUM(F28:F29) -> 180 | G30: =SUM(G28:G29) -> 246 | H30: =SUM(H28:H29) -> 238 | I30: =SUM(I28:I29) -> 229 | J30: =SUM(J28:J29) -> 226 | K30: =SUM(K28:K29) -> 241 | L30: =SUM(L28:L29) -> 189 | ... N30: =SUM(N28:N29) -> 215 | O30: =SUM(E30:N30) -> 2206
A32: II | B32: DATA PENGGUNAAN SURAT SUARA
A33: 1 | B33: Jumlah surat suara yang diterima, termasuk surat suara cadangan 2,5% dari DPT | E33: 265 | F33: 218 | G33: 277 | H33: 297 | I33: 288 | J33: 272 | K33: 288 | L33: 225 | M33: 289 | N33: 282 | O33: =SUM(E33:N33) -> 2701
A34: 2 | B34: Jumlah surat suara yang digunakan | E34: 206 | F34: 180 | G34: 246 | H34: 238 | I34: 229 | J34: 226 | K34: 241 | L34: 189 | M34: 236 | N34: 215 | O34: =SUM(E34:N34) -> 2206
A35: 3 | B35: Jumlah surat suara dikembalikan oleh pemilih (karena rusak atau keliru coblos) | F35: 1 | G35: 31 | H35: 0 | I35: 0 | J35: 1 | K35: 0 | L35: 0 | M35: 0 | N35: 0 | O35: =SUM(E35:N35) -> 33
A36: 4 | B36: Jumlah surat suara yang tidak digunakan/tidak terpakai, termasuk sisa surat suara cadangan | E36: =E33-(E34+E35) -> 59 | F36: =F33-(F34+F35) -> 37 | G36: =G33-(G34+G35) -> 0 | H36: =H33-(H34+H35) -> 59 | I36: =I33-(I34+I35) -> 59 | J36: =J33-(J34+J35) -> 45 | K36: =K33-(K34+K35) -> 47 | L36: =L33-(L34+L35) -> 36 | ... N36: =N33-(N34+N35) -> 67 | O36: =SUM(E36:N36) -> 462
A38: III | B38: DATA PEMILIH DISABILITAS
B39: Jumlah seluruh Pemilih disabilitas yang menggunakan hak pilih | D39: LK | E39: 0 | F39: 0 | G39: 0 | H39: 0 | I39: 0 | J39: 0 | K39: 1 | L39: 0 | M39: 0 | N39: 0 | O39: =SUM(E39:N39) -> 1
D40: PR | E40: 0 | F40: 0 | G40: 0 | H40: 0 | I40: 0 | J40: 0 | K40: 0 | L40: 0 | M40: 0 | N40: 0 | O40: =SUM(E40:N40) -> 0
D41: JML | E41: =SUM(E39:E40) -> 0 | F41: =SUM(F39:F40) -> 0 | G41: =SUM(G39:G40) -> 0 | H41: =SUM(H39:H40) -> 0 | I41: =SUM(I39:I40) -> 0 | J41: =SUM(J39:J40) -> 0 | K41: =SUM(K39:K40) -> 1 | L41: =SUM(L39:L40) -> 0 | ... N41: =SUM(N39:N40) -> 0 | O41: =SUM(E41:N41) -> 1
A43: IV | B43: DATA RINCIAN PEROLEHAN SUARA PASANGAN CALON BUPATI DAN WAKIL BUPATI
A44: NOMOR DAN NAMA CALON
A45: A.1 | B45: 1. | C45: Partai Kebangkitan Bangsa | E45: 12 | F45: 9 | G45: 16 | H45: 10 | I45: 11 | J45: 2 | K45: 3 | L45: 8 | M45: 9 | N45: 11 | O45: =SUM(E45:N45) -> 91
A46: A.2 | C46: 1. Dra. Hj. MA`MULAH HARUN, M.Pd.I. | E46: 36 | F46: 12 | G46: 33 | H46: 21 | I46: 19 | J46: 9 | K46: 2 | L46: 26 | M46: 12 | N46: 19 | O46: =SUM(E46:N46) -> 189
C47: 2. UBAIDILLAH, S.Fil.I. | E47: 3 | F47: 1 | G47: 1 | H47: 1 | I47: 2 | J47: 3 | K47: 1 | L47: 4 | M47: 0 | N47: 2 | O47: =SUM(E47:N47) -> 18
C48: 3. Ir. H. YOYOK MULYADI, M.Si. | E48: 2 | F48: 0 | G48: 2 | H48: 1 | I48: 1 | J48: 0 | K48: 2 | L48: 0 | M48: 1 | N48: 2 | O48: =SUM(E48:N48) -> 11
C49: 4. KHOIRUL ANWAR, S.Fil.I. | E49: 0 | F49: 0 | G49: 1 | H49: 0 | I49: 3 | J49: 0 | K49: 0 | L49: 1 | M49: 2 | N49: 1 | O49: =SUM(E49:N49) -> 8
C50: 5. ARIF WIJAKSANA | E50: 1 | F50: 0 | G50: 0 | H50: 1 | I50: 0 | J50: 0 | K50: 0 | L50: 0 | M50: 0 | N50: 0 | O50: =SUM(E50:N50) -> 2
C51: 6. Dr. SITI YUMNAH | E51: 0 | F51: 0 | G51: 0 | H51: 1 | I51: 1 | J51: 0 | K51: 1 | L51: 0 | M51: 0 | N51: 1 | O51: =SUM(E51:N51) -> 4
C52: 7. MOHAMMAD ZAINI, M.Pd.I. | E52: 0 | F52: 0 | G52: 0 | H52: 0 | I52: 1 | J52: 0 | K52: 0 | L52: 1 | M52: 1 | N52: 0 | O52: =SUM(E52:N52) -> 3
C53: 8. FAWAIDUL MAKKIYAH | E53: 0 | F53: 0 | G53: 1 | H53: 0 | I53: 0 | J53: 0 | K53: 0 | L53: 0 | M53: 0 | N53: 0 | O53: =SUM(E53:N53) -> 1
C54: 9. IFFAH HIDAYATUR ROHMAH, S.Sos. | E54: 0 | F54: 0 | G54: 0 | H54: 1 | I54: 1 | J54: 0 | K54: 0 | L54: 0 | M54: 1 | N54: 0 | O54: =SUM(E54:N54) -> 3
A55: B | B55: JUMLAH SUARA SAH PARTAI POLITIK DAN CALON (A1 + A2) | E55: =SUM(E45:E54) -> 54 | F55: =SUM(F45:F54) -> 22 | G55: =SUM(G45:G54) -> 54 | H55: =SUM(H45:H54) -> 36 | I55: =SUM(I45:I54) -> 39 | J55: =SUM(J45:J54) -> 14 | K55: =SUM(K45:K54) -> 9 | L55: =SUM(L45:L54) -> 40 | ... N55: =SUM(N45:N54) -> 36 | O55: =SUM(E55:N55) -> 330
A57: A.1 | B57: 2. | C57: Partai Gerakan Indonesia Raya | E57: 11 | F57: 28 | G57: 21 | H57: 19 | I57: 8 | J57: 6 | K57: 19 | L57: 7 | M57: 34 | N57: 18 | O57: =SUM(E57:N57) -> 171
A58: A.2 | C58: 1. AHMAD HADINUDDIN, S.Pd.I. | E58: 8 | F58: 9 | G58: 7 | H58: 12 | I58: 8 | J58: 2 | K58: 6 | L58: 13 | M58: 15 | N58: 5 | O58: =SUM(E58:N58) -> 85
C59: 2. BIMA RAFSANJANI RAFID | E59: 6 | F59: 11 | G59: 15 | H59: 8 | I59: 14 | J59: 11 | K59: 16 | L59: 11 | M59: 4 | N59: 3 | O59: =SUM(E59:N59) -> 99
C60: 3. IRA DAMAYANTI | E60: 1 | F60: 1 | G60: 4 | H60: 3 | I60: 2 | J60: 2 | K60: 0 | L60: 3 | M60: 3 | N60: 1 | O60: =SUM(E60:N60) -> 20
C61: 4. MAULANA MALIK IBRAHIM, S.H. | E61: 1 | F61: 0 | G61: 1 | H61: 2 | I61: 1 | J61: 1 | K61: 3 | L61: 0 | M61: 3 | N61: 0 | O61: =SUM(E61:N61) -> 12
C62: 5. LULUK ALFIATI | E62: 2 | F62: 0 | G62: 1 | H62: 0 | I62: 0 | J62: 0 | K62: 1 | L62: 0 | M62: 1 | N62: 0 | O62: =SUM(E62:N62) -> 5
C63: 6. ILHAM WAHYUDI, S.H. | E63: 1 | F63: 0 | G63: 1 | H63: 0 | I63: 0 | J63: 0 | K63: 0 | L63: 0 | M63: 1 | N63: 0 | O63: =SUM(E63:N63) -> 3
C64: 7. HAERUL ANWAR, S.Pd.I. | E64: 1 | F64: 0 | G64: 0 | H64: 0 | I64: 0 | J64: 0 | K64: 0 | L64: 0 | M64: 1 | N64: 0 | O64: =SUM(E64:N64) -> 2
C65: 8. YOVI ADHITYA WARDANI | E65: 0 | F65: 0 | G65: 0 | H65: 0 | I65: 1 | J65: 0 | K65: 0 | L65: 0 | M65: 0 | N65: 0 | O65: =SUM(E65:N65) -> 1
C66: 9. RITA AMELIA | E66: 0 | F66: 0 | G66: 1 | H66: 0 | I66: 0 | J66: 0 | K66: 0 | L66: 0 | M66: 1 | N66: 0 | O66: =SUM(E66:N66) -> 2
A67: B | B67: JUMLAH SUARA SAH PARTAI POLITIK DAN CALON (A1 + A2) | E67: =SUM(E57:E66) -> 31 | F67: =SUM(F57:F66) -> 49 | G67: =SUM(G57:G66) -> 51 | H67: =SUM(H57:H66) -> 44 | I67: =SUM(I57:I66) -> 34 | J67: =SUM(J57:J66) -> 22 | K67: =SUM(K57:K66) -> 45 | L67: =SUM(L57:L66) -> 34 | ... N67: =SUM(N57:N66) -> 27 | O67: =SUM(E67:N67) -> 400
A69: A.1 | B69: 3. | C69: Partai Demokrasi Indonesia Perjuangan | E69: 10 | F69: 3 | G69: 8 | H69: 4 | I69: 4 | J69: 12 | K69: 14 | L69: 5 | M69: 5 | N69: 6 | O69: =SUM(E69:N69) -> 71
A70: A.2 | C70: 1. MARTIN H., S.H., M.H. | E70: 2 | F70: 2 | G70: 7 | H70: 8 | I70: 2 | J70: 11 | K70: 14 | L70: 5 | M70: 1 | N70: 3 | O70: =SUM(E70:N70) -> 55
C71: 2. HERMANTO, S.E. | E71: 11 | F71: 1 | G71: 0 | H71: 2 | I71: 1 | J71: 4 | K71: 11 | L71: 5 | M71: 0 | N71: 3 | O71: =SUM(E71:N71) -> 38
C72: 3. EVY SUSILAWATI, S.E., M.M. | E72: 1 | F72: 2 | G72: 0 | H72: 3 | I72: 2 | J72: 2 | K72: 4 | L72: 0 | M72: 4 | N72: 1 | O72: =SUM(E72:N72) -> 19
C73: 4. M. SIROTTUDIN | E73: 0 | F73: 0 | G73: 1 | H73: 11 | I73: 0 | J73: 0 | K73: 0 | L73: 1 | M73: 1 | N73: 1 | O73: =SUM(E73:N73) -> 15
C74: 5. ABDUL HAFID, S.H. | E74: 1 | F74: 0 | G74: 1 | H74: 0 | I74: 1 | J74: 0 | K74: 1 | L74: 0 | M74: 0 | N74: 0 | O74: =SUM(E74:N74) -> 4
C75: 6. NIKITA FORTUNA SURYANINGATI, A.Md.Keb. | E75: 0 | F75: 0 | G75: 0 | H75: 0 | I75: 0 | J75: 0 | K75: 0 | L75: 1 | M75: 0 | N75: 0 | O75: =SUM(E75:N75) -> 1
C76: 7. YUDHO ILHAM WIJAYA, S.E. | E76: 0 | F76: 0 | G76: 0 | H76: 0 | I76: 0 | J76: 1 | K76: 0 | L76: 0 | M76: 0 | N76: 0 | O76: =SUM(E76:N76) -> 1
C77: 8. SETIAWATI, S.H. | E77: 1 | F77: 1 | G77: 0 | H77: 0 | I77: 0 | J77: 0 | K77: 0 | L77: 0 | M77: 1 | N77: 0 | O77: =SUM(E77:N77) -> 3
C78: 9. EKO BUDI SANTOSO, S.H. | E78: 0 | F78: 0 | G78: 0 | H78: 0 | I78: 0 | J78: 0 | K78: 0 | L78: 0 | M78: 1 | N78: 1 | O78: =SUM(E78:N78) -> 2
A79: B | B79: JUMLAH SUARA SAH PARTAI POLITIK DAN CALON (A1 + A2) | E79: =SUM(E69:E78) -> 26 | F79: =SUM(F69:F78) -> 9 | G79: =SUM(G69:G78) -> 17 | H79: =SUM(H69:H78) -> 28 | I79: =SUM(I69:I78) -> 10 | J79: =SUM(J69:J78) -> 30 | K79: =SUM(K69:K78) -> 44 | L79: =SUM(L69:L78) -> 17 | ... N79: =SUM(N69:N78) -> 15 | O79: =SUM(E79:N79) -> 209
A81: A.1 | B81: 4. | C81: Partai Golongan Karya | E81: 5 | F81: 8 | G81: 9 | H81: 6 | I81: 12 | J81: 1 | K81: 9 | L81: 8 | M81: 9 | N81: 1 | O81: =SUM(E81:N81) -> 68
A82: A.2 | C82: 1. PRANAYA YUDHA MAHARDHIKA | E82: 5 | F82: 1 | G82: 13 | H82: 10 | I82: 15 | J82: 0 | K82: 13 | L82: 17 | M82: 2 | N82: 4 | O82: =SUM(E82:N82) -> 80
C83: 2. Dra. Ec. ENDANG SULASTUTY, M.I.P. | E83: 4 | F83: 4 | G83: 6 | H83: 6 | I83: 2 | J83: 2 | K83: 21 | L83: 13 | M83: 1 | N83: 2 | O83: =SUM(E83:N83) -> 61
C84: 3. AGUS REJEKI WARTONO | E84: 0 | F84: 0 | G84: 3 | H84: 2 | I84: 0 | J84: 0 | K84: 1 | L84: 1 | M84: 0 | N84: 1 | O84: =SUM(E84:N84) -> 8
C85: 4. Hj. TUTUK ASMA'A ZUCHROH, S.T., M.T. | E85: 1 | F85: 0 | G85: 3 | H85: 2 | I85: 4 | J85: 0 | K85: 1 | L85: 1 | M85: 1 | N85: 0 | O85: =SUM(E85:N85) -> 13
C86: 5. ADE M. RIZKI, S.E. | E86: 1 | F86: 0 | G86: 1 | H86: 3 | I86: 1 | J86: 0 | K86: 0 | L86: 1 | M86: 0 | N86: 0 | O86: =SUM(E86:N86) -> 7
C87: 6. ABDURAKHMAN, Bc.Kn. | E87: 0 | F87: 0 | G87: 0 | H87: 0 | I87: 0 | J87: 0 | K87: 0 | L87: 0 | M87: 0 | N87: 0 | O87: =SUM(E87:N87) -> 0
C88: 7. CENDY RHIYAN ADI PUTRI | E88: 0 | F88: 0 | G88: 0 | H88: 1 | I88: 0 | J88: 0 | K88: 0 | L88: 0 | M88: 0 | N88: 0 | O88: =SUM(E88:N88) -> 1
C89: 8. BAKTI WIJAYANTO, S.E. | E89: 0 | F89: 0 | G89: 0 | H89: 1 | I89: 0 | J89: 0 | K89: 0 | L89: 0 | M89: 0 | N89: 1 | O89: =SUM(E89:N89) -> 2
C90: 9. AHMAD UBAIDILLAH | E90: 0 | F90: 0 | G90: 0 | H90: 0 | I90: 0 | J90: 0 | K90: 1 | L90: 0 | M90: 0 | N90: 0 | O90: =SUM(E90:N90) -> 1
A91: B | B91: JUMLAH SUARA SAH PARTAI POLITIK DAN CALON (A1 + A2) | E91: =SUM(E81:E90) -> 16 | F91: =SUM(F81:F90) -> 13 | G91: =SUM(G81:G90) -> 35 | H91: =SUM(H81:H90) -> 31 | I91: =SUM(I81:I90) -> 34 | J91: =SUM(J81:J90) -> 3 | K91: =SUM(K81:K90) -> 46 | L91: =SUM(L81:L90) -> 41 | ... N91: =SUM(N81:N90) -> 9 | O91: =SUM(E91:N91) -> 241
A93: A.1 | B93: 5. | C93: Partai NasDem | E93: 3 | F93: 1 | G93: 4 | H93: 4 | I93: 12 | J93: 0 | K93: 0 | L93: 0 | M93: 1 | N93: 1 | O93: =SUM(E93:N93) -> 26
A94: A.2 | C94: 1. ALI MUSTOFA, A.Md. | E94: 5 | F94: 0 | G94: 17 | H94: 7 | I94: 14 | J94: 5 | K94: 0 | L94: 4 | M94: 0 | N94: 1 | O94: =SUM(E94:N94) -> 53
C95: 2. Hj. BUAMI, S.H. | E95: 0 | F95: 0 | G95: 2 | H95: 0 | I95: 3 | J95: 0 | K95: 0 | L95: 1 | M95: 0 | N95: 0 | O95: =SUM(E95:N95) -> 6
C96: 3. SUGIONO, S.H. | E96: 0 | F96: 0 | G96: 0 | H96: 1 | I96: 0 | J96: 0 | K96: 1 | L96: 0 | M96: 0 | N96: 0 | O96: =SUM(E96:N96) -> 2
C97: 4. LULUK SUNARMIATININGSIH | E97: 1 | F97: 0 | G97: 0 | H97: 1 | I97: 0 | J97: 0 | K97: 0 | L97: 0 | M97: 0 | N97: 0 | O97: =SUM(E97:N97) -> 2
C98: 5. ANTON DJULIANTO ADI | E98: 0 | F98: 0 | G98: 0 | H98: 1 | I98: 0 | J98: 0 | K98: 0 | L98: 0 | M98: 0 | N98: 0 | O98: =SUM(E98:N98) -> 1
C99: 6. MOKHAMAD ROFI'I KHUSNAN | E99: 0 | F99: 0 | G99: 1 | H99: 0 | I99: 0 | J99: 0 | K99: 0 | L99: 0 | M99: 0 | N99: 0 | O99: =SUM(E99:N99) -> 1
C100: 7. Rr SETYO WATI | E100: 0 | F100: 0 | G100: 1 | H100: 0 | I100: 0 | J100: 0 | K100: 0 | L100: 0 | M100: 0 | N100: 0 | O100: =SUM(E100:N100) -> 1
C101: 8. ABD. KADIR ASSEGAFF | E101: 0 | F101: 0 | G101: 0 | H101: 0 | I101: 0 | J101: 0 | K101: 0 | L101: 0 | M101: 0 | N101: 0 | O101: =SUM(E101:N101) -> 0
C102: 9. FATHOR ZAINULLAH | E102: 0 | F102: 0 | G102: 0 | H102: 0 | I102: 0 | J102: 0 | K102: 0 | L102: 0 | M102: 0 | N102: 0 | O102: =SUM(E102:N102) -> 0
A103: B | B103: JUMLAH SUARA SAH PARTAI POLITIK DAN CALON (A1 + A2) | E103: =SUM(E93:E100) -> 9 | F103: =SUM(F93:F100) -> 1 | G103: =SUM(G93:G100) -> 25 | H103: =SUM(H93:H100) -> 14 | I103: =SUM(I93:I100) -> 29 | J103: =SUM(J93:J100) -> 5 | K103: =SUM(K93:K100) -> 1 | L103: =SUM(L93:L100) -> 5 | ... N103: =SUM(N93:N100) -> 2 | O103: =SUM(E103:N103) -> 92
A105: A.1 | B105: 6. | C105: Partai Buruh | E105: 0 | F105: 1 | G105: 0 | H105: 1 | I105: 0 | J105: 0 | K105: 0 | L105: 0 | M105: 2 | N105: 6 | O105: =SUM(E105:N105) -> 10
A106: A.2 | C106: 1. AGUS SUPRIYADI | E106: 0 | F106: 1 | G106: 0 | H106: 2 | I106: 0 | J106: 1 | K106: 0 | L106: 1 | M106: 0 | N106: 0 | O106: =SUM(E106:N106) -> 5
C107: 2. ENI HARIATI | E107: 0 | F107: 0 | G107: 0 | H107: 0 | I107: 0 | J107: 0 | K107: 0 | L107: 0 | M107: 0 | N107: 0 | O107: =SUM(E107:N107) -> 0
A115: B | B115: JUMLAH SUARA SAH PARTAI POLITIK DAN CALON (A1 + A2) | E115: =SUM(E105:E112) -> 0 | F115: =SUM(F105:F112) -> 2 | G115: =SUM(G105:G112) -> 0 | H115: =SUM(H105:H112) -> 3 | I115: =SUM(I105:I112) -> 0 | J115: =SUM(J105:J112) -> 1 | K115: =SUM(K105:K112) -> 0 | L115: =SUM(L105:L112) -> 1 | ... N115: =SUM(N105:N112) -> 6 | O115: =SUM(E115:N115) -> 15
A117: A.1 | B117: 7. | C117: Partai Gelombang Rakyat Indonesia | E117: 0 | F117: 0 | G117: 0 | H117: 1 | I117: 0 | J117: 1 | K117: 0 | L117: 0 | M117: 19 | N117: 6 | O117: =SUM(E117:N117) -> 27
A118: A.2 | C118: 1. MIRZA MUHROSNI AROMA | E118: 0 | F118: 1 | G118: 0 | H118: 0 | I118: 1 | J118: 0 | K118: 1 | L118: 0 | M118: 7 | N118: 1 | O118: =SUM(E118:N118) -> 11
C119: 2. ACHMAD BAGUS SUGIARTO | E119: 0 | F119: 0 | G119: 0 | H119: 0 | I119: 0 | J119: 0 | K119: 0 | L119: 1 | M119: 3 | N119: 0 | O119: =SUM(E119:N119) -> 4
C120: 3. ELOK FITRIYA NINGSIH | E120: 0 | F120: 0 | G120: 0 | H120: 0 | I120: 0 | J120: 0 | K120: 0 | L120: 0 | M120: 5 | N120: 0 | O120: =SUM(E120:N120) -> 5
C121: 4. MADI | E121: 0 | F121: 0 | G121: 0 | H121: 0 | I121: 0 | J121: 0 | K121: 0 | L121: 0 | M121: 1 | N121: 0 | O121: =SUM(E121:N121) -> 1
C122: 5. LUKY PERMANASARI | E122: 0 | F122: 0 | G122: 0 | H122: 0 | I122: 0 | J122: 0 | K122: 0 | L122: 0 | M122: 2 | N122: 0 | O122: =SUM(E122:N122) -> 2
A127: B | B127: JUMLAH SUARA SAH PARTAI POLITIK DAN CALON (A1 + A2) | E127: =SUM(E117:E122) -> 0 | F127: =SUM(F117:F122) -> 1 | G127: =SUM(G117:G122) -> 0 | H127: =SUM(H117:H122) -> 1 | I127: =SUM(I117:I122) -> 1 | J127: =SUM(J117:J122) -> 1 | K127: =SUM(K117:K122) -> 1 | L127: =SUM(L117:L122) -> 1 | ... N127: =SUM(N117:N122) -> 7 | O127: =SUM(E127:N127) -> 50
A129: A.1 | B129: 8. | C129: Partai Keadilan Sejahtera | E129: 0 | F129: 0 | G129: 0 | H129: 1 | I129: 0 | J129: 2 | K129: 1 | L129: 0 | M129: 0 | N129: 7 | O129: =SUM(E129:N129) -> 11
...

Sheet LICIN
C2: Kecamatan | D2: LICIN
C3: Kabupaten | D3: BANYUWANGI
C4: Provinsi | D4: JAWA TIMUR
C9: Kelurahan | D9: LICIN
A12: I | B12: DATA PEMILIH DAN PENGGUNAAN HAK PILIH | T12: JUMLAH AKHIR
A13: A | B13: DATA PEMILIH | E13: TPS 001 | F13: TPS 002 | G13: TPS 003 | H13: TPS 004 | I13: TPS 005 | J13: TPS 006 | K13: TPS 007 | L13: TPS 008 | M13: TPS 009 | N13: TPS 010 | O13: TPS 011 | P13: TPS 012 | Q13: TPS 013 | R13: TPS 014 | S13: TPS 015
B14: Jumlah Pemilih dalam Daftar Pemilih Tetap (DPT) | D14: LK | E14: 104 | F14: 118 | G14: 112 | H14: 124 | I14: 139 | J14: 110 | K14: 87 | L14: 82 | M14: 117 | N14: 84 | O14: 87 | P14: 83 | Q14: 74 | R14: 124 | S14: 99 | T14: =SUM(E14:S14) -> 1544
D15: PR | E15: 104 | F15: 135 | G15: 116 | H15: 152 | I15: 131 | J15: 131 | K15: 94 | L15: 92 | M15: 111 | N15: 88 | O15: 91 | P15: 75 | Q15: 80 | R15: 122 | S15: 90 | T15: =SUM(E15:S15) -> 1612
D16: JML | E16: =SUM(E14:E15) -> 208 | F16: =SUM(F14:F15) -> 253 | G16: =SUM(G14:G15) -> 228 | H16: =SUM(H14:H15) -> 276 | I16: =SUM(I14:I15) -> 270 | J16: =SUM(J14:J15) -> 241 | K16: =SUM(K14:K15) -> 181 | L16: =SUM(L14:L15) -> 174 | ... S16: =SUM(S14:S15) -> 189 | T16: =SUM(E16:S16) -> 3156
A18: B | B18: PENGGUNA HAK PILIH
B19: 1. | C19: Jumlah pengguna hak pilih dalam Daftar Pemilih Tetap (DPT) | D19: LK | E19: 80 | F19: 86 | G19: 85 | H19: 102 | I19: 99 | J19: 85 | K19: 64 | L19: 66 | M19: 90 | N19: 67 | O19: 62 | P19: 69 | Q19: 60 | R19: 107 | S19: 86 | T19: =SUM(E19:S19) -> 1208
D20: PR | E20: 81 | F20: 102 | G20: 89 | H20: 126 | I20: 114 | J20: 102 | K20: 76 | L20: 79 | M20: 96 | N20: 76 | O20: 60 | P20: 67 | Q20: 71 | R20: 110 | S20: 80 | T20: =SUM(E20:S20) -> 1329
D21: JML | E21: =SUM(E19:E20) -> 161 | F21: =SUM(F19:F20) -> 188 | G21: =SUM(G19:G20) -> 174 | H21: =SUM(H19:H20) -> 228 | I21: =SUM(I19:I20) -> 213 | J21: =SUM(J19:J20) -> 187 | K21: =SUM(K19:K20) -> 140 | L21: =SUM(L19:L20) -> 145 | ... S21: =SUM(S19:S20) -> 166 | T21: =SUM(E21:S21) -> 2537
B22: 2. | C22: Jumlah pengguna hak pilih dalam Daftar Pemilih Tambahan (DPTb) | D22: LK | E22: 0 | F22: 0 | G22: 0 | H22: 0 | I22: 0 | J22: 0 | K22: 0 | L22: 0 | M22: 0 | N22: 0 | O22: 1 | P22: 0 | Q22: 0 | R22: 0 | S22: 0 | T22: =SUM(E22:S22) -> 1
D23: PR | E23: 0 | F23: 0 | G23: 0 | H23: 0 | I23: 0 | J23: 0 | K23: 0 | L23: 0 | M23: 0 | N23: 0 | O23: 2 | P23: 0 | Q23: 0 | R23: 0 | S23: 0 | T23: =SUM(E23:S23) -> 2
D24: JML | E24: 0 | F24: =SUM(F22:F23) -> 0 | G24: =SUM(G22:G23) -> 0 | H24: =SUM(H22:H23) -> 0 | I24: =SUM(I22:I23) -> 0 | J24: =SUM(J22:J23) -> 0 | K24: =SUM(K22:K23) -> 0 | L24: =SUM(L22:L23) -> 0 | M24: =SUM(M22:M23) -> 0 | ... S24: =SUM(S22:S23) -> 0 | T24: =SUM(E24:S24) -> 3
B25: 3. | C25: Jumlah pengguna hak pilih dalam Daftar Pemilih Khusus (DPK) | D25: LK | E25: 0 | F25: 0 | G25: 0 | H25: 0 | I25: 0 | J25: 0 | K25: 0 | L25: 1 | M25: 0 | N25: 0 | O25: 0 | P25: 0 | Q25: 0 | R25: 0 | S25: 0 | T25: =SUM(E25:S25) -> 1
D26: PR | E26: 0 | F26: 0 | G26: 0 | H26: 0 | I26: 0 | J26: 0 | K26: 3 | L26: 1 | M26: 0 | N26: 0 | O26: 0 | P26: 2 | Q26: 0 | R26: 0 | S26: 0 | T26: =SUM(E26:S26) -> 6
D27: JML | E27: =SUM(E25:E26) -> 0 | F27: =SUM(F25:F26) -> 0 | G27: =SUM(G25:G26) -> 0 | H27: =SUM(H25:H26) -> 0 | I27: =SUM(I25:I26) -> 0 | J27: =SUM(J25:J26) -> 0 | K27: =SUM(K25:K26) -> 3 | L27: =SUM(L25:L26) -> 2 | ... S27: =SUM(S25:S26) -> 0 | T27: =SUM(E27:S27) -> 7
B28: 4. | C28: Jumlah Pengguna Hak Pilih (B.1+B.2+B.3) | D28: LK | E28: =SUM(E19,E22,E25) -> 80 | F28: =SUM(F19,F22,F25) -> 86 | G28: =SUM(G19,G22,G25) -> 85 | H28: =SUM(H19,H22,H25) -> 102 | I28: =SUM(I19,I22,I25) -> 99 | J28: =SUM(J19,J22,J25) -> 85 | K28: =SUM(K19,K22,K25) -> 64 | L28: =SUM(L19,L22,L25) -> 67 | ... S28: =SUM(S19,S22,S25) -> 86 | T28: =SUM(E28:S28) -> 1210
D29: PR | E29: =SUM(E20,E23,E26) -> 81 | F29: =SUM(F20,F23,F26) -> 102 | G29: =SUM(G20,G23,G26) -> 89 | H29: =SUM(H20,H23,H26) -> 126 | I29: =SUM(I20,I23,I26) -> 114 | J29: =SUM(J20,J23,J26) -> 102 | K29: =SUM(K20,K23,K26) -> 79 | L29: =SUM(L20,L23,L26) -> 80 | ... S29: =SUM(S20,S23,S26) -> 80 | T29: =SUM(E29:S29) -> 1337
D30: JML | E30: =SUM(E28:E29) -> 161 | F30: =SUM(F28:F29) -> 188 | G30: =SUM(G28:G29) -> 174 | H30: =SUM(H28:H29) -> 228 | I30: =SUM(I28:I29) -> 213 | J30: =SUM(J28:J29) -> 187 | K30: =SUM(K28:K29) -> 143 | L30: =SUM(L28:L29) -> 147 | ... S30: =SUM(S28:S29) -> 166 | T30: =SUM(E30:S30) -> 2547
A32: II | B32: DATA PENGGUNAAN SURAT SUARA
A33: 1 | B33: Jumlah surat suara yang diterima, termasuk surat suara cadangan 2,5% dari DPT | E33: 213 | F33: 259 | G33: 233 | H33: 282 | I33: 276 | J33: 246 | K33: 185 | L33: 178 | M33: 233 | N33: 175 | O33: 182 | P33: 162 | Q33: 158 | R33: 251 | S33: 193 | T33: =SUM(E33:S33) -> 3226
A34: 2 | B34: Jumlah surat suara yang digunakan | E34: 161 | F34: 188 | G34: 174 | H34: 228 | I34: 213 | J34: 187 | K34: 143 | L34: 147 | M34: 186 | N34: 143 | O34: 125 | P34: 138 | Q34: 131 | R34: 217 | S34: 166 | T34: =SUM(E34:S34) -> 2547
A35: 3 | B35: Jumlah surat suara dikembalikan oleh pemilih (karena rusak atau keliru coblos) | E35: 0 | F35: 0 | G35: 0 | H35: 0 | I35: 0 | J35: 0 | K35: 0 | L35: 0 | M35: 0 | N35: 0 | O35: 0 | P35: 0 | Q35: 0 | R35: 1 | S35: 0 | T35: =SUM(E35:S35) -> 1
A36: 4 | B36: Jumlah surat suara yang tidak digunakan/tidak terpakai, termasuk sisa surat suara cadangan | E36: =E33-(E34+E35) -> 52 | F36: =F33-(F34+F35) -> 71 | G36: =G33-(G34+G35) -> 59 | H36: =H33-(H34+H35) -> 54 | I36: =I33-(I34+I35) -> 63 | J36: =J33-(J34+J35) -> 59 | K36: =K33-(K34+K35) -> 42 | L36: =L33-(L34+L35) -> 31 | ... S36: =S33-(S34+S35) -> 27 | T36: =SUM(E36:S36) -> 678
A38: III | B38: DATA PEMILIH DISABILITAS
B39: Jumlah seluruh Pemilih disabilitas yang menggunakan hak pilih | D39: LK | E39: 0 | F39: 0 | G39: 0 | H39: 1 | I39: 0 | J39: 0 | K39: 0 | L39: 0 | M39: 0 | N39: 0 | O39: 0 | P39: 1 | Q39: 0 | R39: 0 | S39: 1 | T39: =SUM(E39:S39) -> 3
D40: PR | E40: 0 | F40: 0 | G40: 0 | H40: 1 | I40: 0 | J40: 0 | K40: 0 | L40: 0 | M40: 0 | N40: 0 | O40: 1 | P40: 3 | Q40: 0 | R40: 3 | S40: 0 | T40: =SUM(E40:S40) -> 8
D41: JML | E41: =SUM(E39:E40) -> 0 | F41: =SUM(F39:F40) -> 0 | G41: =SUM(G39:G40) -> 0 | H41: =SUM(H39:H40) -> 2 | I41: =SUM(I39:I40) -> 0 | J41: =SUM(J39:J40) -> 0 | K41: =SUM(K39:K40) -> 0 | L41: =SUM(L39:L40) -> 0 | ... S41: =SUM(S39:S40) -> 1 | T41: =SUM(E41:S41) -> 11
A43: IV | B43: DATA RINCIAN PEROLEHAN SUARA PASANGAN CALON BUPATI DAN WAKIL BUPATI
A44: NOMOR DAN NAMA CALON
A45: A.1 | B45: 1. | C45: Partai Kebangkitan Bangsa | E45: 10 | F45: 14 | G45: 12 | H45: 17 | I45: 16 | J45: 20 | K45: 6 | L45: 9 | M45: 9 | N45: 11 | O45: 10 | P45: 3 | Q45: 9 | R45: 7 | S45: 7 | T45: =SUM(E45:S45) -> 160
A46: A.2 | C46: 1. Dra. Hj. MA`MULAH HARUN, M.Pd.I. | E46: 17 | F46: 45 | G46: 31 | H46: 77 | I46: 42 | J46: 43 | K46: 10 | L46: 23 | M46: 23 | N46: 16 | O46: 25 | P46: 15 | Q46: 7 | R46: 23 | S46: 47 | T46: =SUM(E46:S46) -> 444
C47: 2. UBAIDILLAH, S.Fil.I. | E47: 0 | F47: 1 | G47: 1 | H47: 0 | I47: 2 | J47: 0 | K47: 0 | L47: 1 | M47: 1 | N47: 1 | O47: 0 | P47: 2 | Q47: 0 | R47: 3 | S47: 2 | T47: =SUM(E47:S47) -> 14
C48: 3. Ir. H. YOYOK MULYADI, M.Si. | E48: 0 | F48: 3 | G48: 0 | H48: 0 | I48: 0 | J48: 3 | K48: 0 | L48: 0 | M48: 3 | N48: 0 | O48: 0 | P48: 1 | Q48: 1 | R48: 1 | S48: 1 | T48: =SUM(E48:S48) -> 13
C49: 4. KHOIRUL ANWAR, S.Fil.I. | E49: 0 | F49: 2 | G49: 0 | H49: 0 | I49: 1 | J49: 0 | K49: 0 | L49: 1 | M49: 1 | N49: 0 | O49: 0 | P49: 1 | Q49: 2 | R49: 0 | S49: 0 | T49: =SUM(E49:S49) -> 8
C50: 5. ARIF WIJAKSANA | E50: 0 | F50: 0 | G50: 1 | H50: 0 | I50: 0 | J50: 2 | K50: 0 | L50: 0 | M50: 0 | N50: 1 | O50: 0 | P50: 0 | Q50: 2 | R50: 0 | S50: 1 | T50: =SUM(E50:S50) -> 7
C51: 6. Dr. SITI YUMNAH | E51: 0 | F51: 0 | G51: 0 | H51: 0 | I51: 0 | J51: 0 | K51: 0 | L51: 0 | M51: 0 | N51: 0 | O51: 0 | P51: 0 | Q51: 0 | R51: 2 | S51: 0 | T51: =SUM(E51:S51) -> 2
C52: 7. MOHAMMAD ZAINI, M.Pd.I. | E52: 0 | F52: 0 | G52: 0 | H52: 0 | I52: 0 | J52: 1 | K52: 1 | L52: 0 | M52: 0 | N52: 0 | O52: 0 | P52: 0 | Q52: 0 | R52: 2 | S52: 0 | T52: =SUM(E52:S52) -> 4
C53: 8. FAWAIDUL MAKKIYAH | E53: 0 | F53: 0 | G53: 0 | H53: 0 | I53: 0 | J53: 0 | K53: 0 | L53: 0 | M53: 0 | N53: 0 | O53: 0 | P53: 0 | Q53: 0 | R53: 0 | S53: 0 | T53: =SUM(E53:S53) -> 0
C54: 9. IFFAH HIDAYATUR ROHMAH, S.Sos. | E54: 0 | F54: 0 | G54: 0 | H54: 0 | I54: 0 | J54: 0 | K54: 0 | L54: 0 | M54: 0 | N54: 0 | O54: 0 | P54: 0 | Q54: 0 | R54: 0 | S54: 0 | T54: =SUM(E54:S54) -> 0
A55: B | B55: JUMLAH SUARA SAH PARTAI POLITIK DAN CALON (A1 + A2) | E55: =SUM(E45:E52) -> 27 | F55: =SUM(F45:F52) -> 65 | G55: =SUM(G45:G52) -> 45 | H55: =SUM(H45:H52) -> 94 | I55: =SUM(I45:I52) -> 61 | J55: =SUM(J45:J52) -> 69 | K55: =SUM(K45:K52) -> 17 | L55: =SUM(L45:L52) -> 34 | ... S55: =SUM(S45:S52) -> 58 | T55: =SUM(E55:S55) -> 652
A57: A.1 | B57: 2. | C57: Partai Gerakan Indonesia Raya | E57: 11 | F57: 6 | G57: 10 | H57: 8 | I57: 19 | J57: 7 | K57: 8 | L57: 7 | M57: 17 | N57: 16 | O57: 7 | P57: 15 | Q57: 8 | R57: 18 | S57: 5 | T57: =SUM(E57:S57) -> 162
A58: A.2 | C58: 1. AHMAD HADINUDDIN, S.Pd.I. | E58: 2 | F58: 1 | G58: 3 | H58: 6 | I58: 2 | J58: 7 | K58: 3 | L58: 4 | M58: 5 | N58: 4 | O58: 2 | P58: 13 | Q58: 6 | R58: 19 | S58: 5 | T58: =SUM(E58:S58) -> 82
C59: 2. BIMA RAFSANJANI RAFID | E59: 3 | F59: 7 | G59: 15 | H59: 9 | I59: 8 | J59: 15 | K59: 16 | L59: 17 | M59: 19 | N59: 1 | O59: 5 | P59: 16 | Q59: 11 | R59: 14 | S59: 6 | T59: =SUM(E59:S59) -> 162
C60: 3. IRA DAMAYANTI | E60: 0 | F60: 2 | G60: 3 | H60: 0 | I60: 0 | J60: 0 | K60: 3 | L60: 4 | M60: 4 | N60: 0 | O60: 0 | P60: 0 | Q60: 4 | R60: 2 | S60: 2 | T60: =SUM(E60:S60) -> 24
C61: 4. MAULANA MALIK IBRAHIM, S.H. | E61: 1 | F61: 2 | G61: 3 | H61: 1 | I61: 0 | J61: 1 | K61: 0 | L61: 2 | M61: 4 | N61: 0 | O61: 1 | P61: 2 | Q61: 2 | R61: 2 | S61: 1 | T61: =SUM(E61:S61) -> 22
C62: 5. LULUK ALFIATI | E62: 1 | F62: 0 | G62: 0 | H62: 1 | I62: 0 | J62: 1 | K62: 0 | L62: 0 | M62: 2 | N62: 1 | O62: 0 | P62: 0 | Q62: 0 | R62: 0 | S62: 1 | T62: =SUM(E62:S62) -> 7
C63: 6. ILHAM WAHYUDI, S.H. | E63: 0 | F63: 1 | G63: 0 | H63: 1 | I63: 4 | J63: 1 | K63: 1 | L63: 2 | M63: 2 | N63: 1 | O63: 1 | P63: 0 | Q63: 0 | R63: 1 | S63: 0 | T63: =SUM(E63:S63) -> 15
C64: 7. HAERUL ANWAR, S.Pd.I. | E64: 0 | F64: 0 | G64: 0 | H64: 0 | I64: 1 | J64: 1 | K64: 1 | L64: 0 | M64: 0 | N64: 0 | O64: 0 | P64: 0 | Q64: 0 | R64: 1 | S64: 0 | T64: =SUM(E64:S64) -> 4
C65: 8. YOVI ADHITYA WARDANI | E65: 0 | F65: 2 | G65: 0 | H65: 0 | I65: 0 | J65: 0 | K65: 0 | L65: 0 | M65: 0 | N65: 0 | O65: 0 | P65: 0 | Q65: 0 | R65: 0 | S65: 1 | T65: =SUM(E65:S65) -> 3
C66: 9. RITA AMELIA | E66: 0 | F66: 0 | G66: 0 | H66: 0 | I66: 0 | J66: 1 | K66: 0 | L66: 0 | M66: 2 | N66: 0 | O66: 1 | P66: 0 | Q66: 2 | R66: 0 | S66: 0 | T66: =SUM(E66:S66) -> 6
A67: B | B67: JUMLAH SUARA SAH PARTAI POLITIK DAN CALON (A1 + A2) | E67: =SUM(E57:E66) -> 18 | F67: =SUM(F57:F66) -> 21 | G67: =SUM(G57:G66) -> 34 | H67: =SUM(H57:H66) -> 26 | I67: =SUM(I57:I66) -> 34 | J67: =SUM(J57:J66) -> 34 | K67: =SUM(K57:K66) -> 32 | L67: =SUM(L57:L66) -> 36 | ... S67: =SUM(S57:S66) -> 21 | T67: =SUM(E67:S67) -> 487
A69: A.1 | B69: 3. | C69: Partai Demokrasi Indonesia Perjuangan | E69: 6 | F69: 6 | G69: 13 | H69: 11 | I69: 7 | J69: 6 | K69: 10 | L69: 8 | M69: 9 | N69: 5 | O69: 8 | P69: 13 | Q69: 8 | R69: 29 | S69: 9 | T69: =SUM(E69:S69) -> 148
A70: A.2 | C70: 1. MARTIN H., S.H., M.H. | E70: 4 | F70: 3 | G70: 2 | H70: 2 | I70: 1 | J70: 2 | K70: 1 | L70: 2 | M70: 3 | N70: 0 | O70: 2 | P70: 3 | Q70: 4 | R70: 9 | S70: 3 | T70: =SUM(E70:S70) -> 41
C71: 2. HERMANTO, S.E. | E71: 5 | F71: 3 | G71: 0 | H71: 2 | I71: 6 | J71: 1 | K71: 3 | L71: 1 | M71: 1 | N71: 5 | O71: 2 | P71: 4 | Q71: 5 | R71: 8 | S71: 6 | T71: =SUM(E71:S71) -> 52
C72: 3. EVY SUSILAWATI, S.E., M.M. | E72: 1 | F72: 2 | G72: 1 | H72: 1 | I72: 1 | J72: 3 | K72: 4 | L72: 6 | M72: 3 | N72: 1 | O72: 1 | P72: 6 | Q72: 7 | R72: 8 | S72: 5 | T72: =SUM(E72:S72) -> 50
C73: 4. M. SIROTTUDIN | E73: 6 | F73: 8 | G73: 3 | H73: 3 | I73: 2 | J73: 5 | K73: 3 | L73: 3 | M73: 7 | N73: 5 | O73: 3 | P73: 8 | Q73: 4 | R73: 30 | S73: 12 | T73: =SUM(E73:S73) -> 102
C74: 5. ABDUL HAFID, S.H. | E74: 2 | F74: 1 | G74: 0 | H74: 1 | I74: 9 | J74: 1 | K74: 3 | L74: 7 | M74: 1 | N74: 1 | O74: 1 | P74: 1 | Q74: 3 | R74: 6 | S74: 6 | T74: =SUM(E74:S74) -> 43
C75: 6. NIKITA FORTUNA SURYANINGATI, A.Md.Keb. | E75: 0 | F75: 0 | G75: 0 | H75: 0 | I75: 1 | J75: 1 | K75: 0 | L75: 0 | M75: 1 | N75: 1 | O75: 0 | P75: 0 | Q75: 0 | R75: 2 | S75: 1 | T75: =SUM(E75:S75) -> 7
C76: 7. YUDHO ILHAM WIJAYA, S.E. | E76: 0 | F76: 1 | G76: 0 | H76: 0 | I76: 2 | J76: 0 | K76: 1 | L76: 0 | M76: 0 | N76: 1 | O76: 2 | P76: 0 | Q76: 0 | R76: 0 | S76: 2 | T76: =SUM(E76:S76) -> 9
C77: 8. SETIAWATI, S.H. | E77: 1 | F77: 0 | G77: 1 | H77: 1 | I77: 4 | J77: 0 | K77: 0 | L77: 0 | M77: 0 | N77: 0 | O77: 1 | P77: 1 | Q77: 0 | R77: 1 | S77: 1 | T77: =SUM(E77:S77) -> 11
C78: 9. EKO BUDI SANTOSO, S.H. | E78: 0 | F78: 0 | G78: 0 | H78: 0 | I78: 3 | J78: 0 | K78: 0 | L78: 0 | M78: 0 | N78: 0 | O78: 0 | P78: 0 | Q78: 0 | R78: 0 | S78: 0 | T78: =SUM(E78:S78) -> 3
A79: B | B79: JUMLAH SUARA SAH PARTAI POLITIK DAN CALON (A1 + A2) | E79: =SUM(E69:E78) -> 25 | F79: =SUM(F69:F78) -> 24 | G79: =SUM(G69:G78) -> 20 | H79: =SUM(H69:H78) -> 21 | I79: =SUM(I69:I78) -> 36 | J79: =SUM(J69:J78) -> 19 | K79: =SUM(K69:K78) -> 25 | L79: =SUM(L69:L78) -> 27 | ... S79: =SUM(S69:S78) -> 45 | T79: =SUM(E79:S79) -> 466
A81: A.1 | B81: 4. | C81: Partai Golongan Karya | E81: 4 | F81: 7 | G81: 5 | H81: 2 | I81: 1 | J81: 1 | K81: 5 | L81: 3 | M81: 6 | N81: 12 | O81: 1 | P81: 2 | Q81: 7 | R81: 7 | S81: 3 | T81: =SUM(E81:S81) -> 66
A82: A.2 | C82: 1. PRANAYA YUDHA MAHARDHIKA | E82: 7 | F82: 5 | G82: 8 | H82: 3 | I82: 3 | J82: 0 | K82: 3 | L82: 0 | M82: 1 | N82: 8 | O82: 6 | P82: 0 | Q82: 1 | R82: 1 | S82: 4 | T82: =SUM(E82:S82) -> 50
C83: 2. Dra. Ec. ENDANG SULASTUTY, M.I.P. | E83: 1 | F83: 5 | G83: 0 | H83: 1 | I83: 1 | J83: 3 | K83: 0 | L83: 1 | M83: 1 | N83: 3 | O83: 1 | P83: 0 | Q83: 0 | R83: 2 | S83: 2 | T83: =SUM(E83:S83) -> 21
C84: 3. AGUS REJEKI WARTONO | E84: 1 | F84: 1 | G84: 0 | H84: 0 | I84: 1 | J84: 0 | K84: 0 | L84: 2 | M84: 0 | N84: 1 | O84: 0 | P84: 0 | Q84: 1 | R84: 0 | S84: 0 | T84: =SUM(E84:S84) -> 7
C85: 4. Hj. TUTUK ASMA'A ZUCHROH, S.T., M.T. | E85: 2 | F85: 1 | G85: 0 | H85: 1 | I85: 3 | J85: 0 | K85: 0 | L85: 2 | M85: 0 | N85: 4 | O85: 0 | P85: 0 | Q85: 0 | R85: 1 | S85: 1 | T85: =SUM(E85:S85) -> 15
C86: 5. ADE M. RIZKI, S.E. | E86: 0 | F86: 1 | G86: 2 | H86: 0 | I86: 0 | J86: 2 | K86: 0 | L86: 0 | M86: 0 | N86: 0 | O86: 0 | P86: 0 | Q86: 0 | R86: 0 | S86: 0 | T86: =SUM(E86:S86) -> 5
C87: 6. ABDURAKHMAN, Bc.Kn. | E87: 0 | F87: 0 | G87: 0 | H87: 0 | I87: 1 | J87: 0 | K87: 0 | L87: 0 | M87: 0 | N87: 0 | O87: 0 | P87: 0 | Q87: 0 | R87: 0 | S87: 0 | T87: =SUM(E87:S87) -> 1
C88: 7. CENDY RHIYAN ADI PUTRI | E88: 0 | F88: 0 | G88: 0 | H88: 0 | I88: 0 | J88: 0 | K88: 0 | L88: 0 | M88: 0 | N88: 0 | O88: 0 | P88: 0 | Q88: 0 | R88: 0 | S88: 0 | T88: =SUM(E88:S88) -> 0
C89: 8. BAKTI WIJAYANTO, S.E. | E89: 0 | F89: 0 | G89: 0 | H89: 0 | I89: 0 | J89: 0 | K89: 0 | L89: 0 | M89: 0 | N89: 0 | O89: 0 | P89: 0 | Q89: 0 | R89: 0 | S89: 0 | T89: =SUM(E89:S89) -> 0
C90: 9. AHMAD UBAIDILLAH | E90: 0 | F90: 1 | G90: 0 | H90: 0 | I90: 0 | J90: 0 | K90: 0 | L90: 0 | M90: 0 | N90: 0 | O90: 1 | P90: 0 | Q90: 0 | R90: 0 | S90: 0 | T90: =SUM(E90:S90) -> 2
A91: B | B91: JUMLAH SUARA SAH PARTAI POLITIK DAN CALON (A1 + A2) | E91: =SUM(E81:E90) -> 15 | F91: =SUM(F81:F90) -> 21 | G91: =SUM(G81:G90) -> 15 | H91: =SUM(H81:H90) -> 7 | I91: =SUM(I81:I90) -> 10 | J91: =SUM(J81:J90) -> 6 | K91: =SUM(K81:K90) -> 8 | L91: =SUM(L81:L90) -> 8 | ... S91: =SUM(S81:S90) -> 10 | T91: =SUM(E91:S91) -> 167
A93: A.1 | B93: 5. | C93: Partai NasDem | E93: 3 | F93: 3 | G93: 2 | H93: 1 | I93: 0 | J93: 0 | K93: 0 | L93: 2 | M93: 2 | N93: 1 | O93: 1 | P93: 2 | Q93: 5 | R93: 0 | S93: 0 | T93: =SUM(E93:S93) -> 22
A94: A.2 | C94: 1. ALI MUSTOFA, A.Md. | E94: 0 | F94: 2 | G94: 0 | H94: 3 | I94: 0 | J94: 1 | K94: 1 | L94: 0 | M94: 0 | N94: 1 | O94: 0 | P94: 2 | Q94: 8 | R94: 0 | S94: 1 | T94: =SUM(E94:S94) -> 19
C95: 2. Hj. BUAMI, S.H. | E95: 0 | F95: 1 | G95: 0 | H95: 1 | I95: 0 | J95: 0 | K95: 1 | L95: 0 | M95: 0 | N95: 0 | O95: 0 | P95: 2 | Q95: 2 | R95: 0 | S95: 0 | T95: =SUM(E95:S95) -> 7
C96: 3. SUGIONO, S.H. | E96: 0 | F96: 0 | G96: 0 | H96: 1 | I96: 0 | J96: 0 | K96: 1 | L96: 0 | M96: 0 | N96: 0 | O96: 0 | P96: 0 | Q96: 1 | R96: 0 | S96: 0 | T96: =SUM(E96:S96) -> 3
C97: 4. LULUK SUNARMIATININGSIH | E97: 1 | F97: 0 | G97: 0 | H97: 0 | I97: 0 | J97: 0 | K97: 1 | L97: 0 | M97: 0 | N97: 0 | O97: 1 | P97: 0 | Q97: 0 | R97: 1 | S97: 0 | T97: =SUM(E97:S97) -> 4
C98: 5. ANTON DJULIANTO ADI | E98: 0 | F98: 0 | G98: 1 | H98: 0 | I98: 0 | J98: 0 | K98: 0 | L98: 0 | M98: 0 | N98: 0 | O98: 0 | P98: 0 | Q98: 0 | R98: 0 | S98: 0 | T98: =SUM(E98:S98) -> 1
C99: 6. MOKHAMAD ROFI'I KHUSNAN | E99: 0 | F99: 2 | G99: 1 | H99: 1 | I99: 0 | J99: 0 | K99: 0 | L99: 0 | M99: 2 | N99: 0 | O99: 0 | P99: 0 | Q99: 0 | R99: 0 | S99: 0 | T99: =SUM(E99:S99) -> 6
C100: 7. Rr SETYO WATI | E100: 0 | F100: 0 | G100: 0 | H100: 0 | I100: 0 | J100: 0 | K100: 0 | L100: 0 | M100: 0 | N100: 0 | O100: 0 | P100: 0 | Q100: 0 | R100: 0 | S100: 0 | T100: =SUM(E100:S100) -> 0
C101: 8. ABD. KADIR ASSEGAFF | E101: 0 | F101: 0 | G101: 0 | H101: 0 | I101: 0 | J101: 0 | K101: 0 | L101: 0 | M101: 0 | N101: 0 | O101: 0 | P101: 0 | Q101: 0 | R101: 0 | S101: 0 | T101: =SUM(E101:S101) -> 0
C102: 9. FATHOR ZAINULLAH | E102: 0 | F102: 0 | G102: 0 | H102: 0 | I102: 0 | J102: 0 | K102: 0 | L102: 0 | M102: 3 | N102: 0 | O102: 0 | P102: 1 | Q102: 0 | R102: 0 | S102: 0 | T102: =SUM(E102:S102) -> 4
A103: B | B103: JUMLAH SUARA SAH PARTAI POLITIK DAN CALON (A1 + A2) | E103: =SUM(E93:E102) -> 4 | F103: =SUM(F93:F102) -> 8 | G103: =SUM(G93:G102) -> 4 | H103: =SUM(H93:H102) -> 7 | I103: =SUM(I93:I102) -> 0 | J103: =SUM(J93:J102) -> 1 | K103: =SUM(K93:K102) -> 4 | L103: =SUM(L93:L102) -> 2 | ... S103: =SUM(S93:S102) -> 1 | T103: =SUM(E103:S103) -> 66
A105: A.1 | B105: 6. | C105: Partai Buruh | E105: 0 | F105: 0 | G105: 2 | H105: 1 | I105: 1 | J105: 0 | K105: 0 | L105: 0 | M105: 0 | N105: 0 | O105: 0 | P105: 0 | Q105: 1 | R105: 4 | S105: 0 | T105: =SUM(E105:S105) -> 9
A106: A.2 | C106: 1. AGUS SUPRIYADI | E106: 0 | F106: 0 | G106: 0 | H106: 1 | I106: 0 | J106: 0 | K106: 0 | L106: 0 | M106: 0 | N106: 0 | O106: 0 | P106: 0 | Q106: 1 | R106: 2 | S106: 1 | T106: =SUM(E106:S106) -> 5
C107: 2. ENI HARIATI | E107: 0 | F107: 1 | G107: 0 | H107: 1 | I107: 0 | J107: 0 | K107: 0 | L107: 0 | M107: 0 | N107: 0 | O107: 0 | P107: 0 | Q107: 1 | R107: 0 | S107: 0 | T107: =SUM(E107:S107) -> 3
A115: B | B115: JUMLAH SUARA SAH PARTAI POLITIK DAN CALON (A1 + A2) | E115: =SUM(E105:E107) -> 0 | F115: =SUM(F105:F107) -> 1 | G115: =SUM(G105:G107) -> 2 | H115: =SUM(H105:H107) -> 3 | I115: =SUM(I105:I107) -> 1 | J115: =SUM(J105:J107) -> 0 | K115: =SUM(K105:K107) -> 0 | L115: =SUM(L105:L107) -> 0 | ... S115: =SUM(S105:S107) -> 1 | T115: =SUM(E115:S115) -> 17
A117: A.1 | B117: 7. | C117: Partai Gelombang Rakyat Indonesia | E117: 2 | F117: 1 | G117: 0 | H117: 1 | I117: 1 | J117: 1 | K117: 0 | L117: 2 | M117: 2 | N117: 1 | O117: 0 | P117: 0 | Q117: 1 | R117: 1 | S117: 0 | T117: =SUM(E117:S117) -> 13
A118: A.2 | C118: 1. MIRZA MUHROSNI AROMA | E118: 1 | F118: 0 | G118: 0 | H118: 1 | I118: 1 | J118: 0 | K118: 0 | L118: 0 | M118: 0 | N118: 0 | O118: 0 | P118: 0 | Q118: 0 | R118: 1 | S118: 0 | T118: =SUM(E118:S118) -> 4
C119: 2. ACHMAD BAGUS SUGIARTO | E119: 0 | F119: 0 | G119: 0 | H119: 0 | I119: 1 | J119: 0 | K119: 0 | L119: 0 | M119: 0 | N119: 0 | O119: 0 | P119: 0 | Q119: 0 | R119: 0 | S119: 0 | T119: =SUM(E119:S119) -> 1
C120: 3. ELOK FITRIYA NINGSIH | E120: 1 | F120: 0 | G120: 0 | H120: 0 | I120: 0 | J120: 0 | K120: 0 | L120: 0 | M120: 0 | N120: 0 | O120: 0 | P120: 0 | Q120: 0 | R120: 0 | S120: 0 | T120: =SUM(E120:S120) -> 1
C121: 4. MADI | E121: 0 | F121: 0 | G121: 0 | H121: 0 | I121: 1 | J121: 0 | K121: 0 | L121: 0 | M121: 0 | N121: 0 | O121: 0 | P121: 0 | Q121: 0 | R121: 0 | S121: 0 | T121: =SUM(E121:S121) -> 1
C122: 5. LUKY PERMANASARI | E122: 0 | F122: 0 | G122: 0 | H122: 0 | I122: 1 | J122: 0 | K122: 0 | L122: 2 | M122: 0 | N122: 0 | O122: 0 | P122: 0 | Q122: 0 | R122: 0 | S122: 0 | T122: =SUM(E122:S122) -> 3
A127: B | B127: JUMLAH SUARA SAH PARTAI POLITIK DAN CALON (A1 + A2) | E127: =SUM(E117:E122) -> 4 | F127: =SUM(F117:F122) -> 1 | G127: =SUM(G117:G122) -> 0 | H127: =SUM(H117:H122) -> 2 | I127: =SUM(I117:I122) -> 5 | J127: =SUM(J117:J122) -> 1 | K127: =SUM(K117:K122) -> 0 | L127: =SUM(L117:L122) -> 4 | ... S127: =SUM(S117:S122) -> 0 | T127: =SUM(E127:S127) -> 23
A129: A.1 | B129: 8. | C129: Partai Keadilan Sejahtera | E129: 1 | F129: 2 | G129: 0 | H129: 4 | I129: 2 | J129: 2 | K129: 3 | L129: 0 | M129: 1 | N129: 0 | O129: 0 | P129: 0 | Q129: 2 | R129: 0 | S129: 0 | T129: =SUM(E129:S129) -> 17
...

Sheet PAKEL
C2: Kecamatan | D2: LICIN
C3: Kabupaten | D3: BANYUWANGI
C4: Provinsi | D4: JAWA TIMUR
C9: Kelurahan | D9: PAKEL
A12: I | B12: DATA PEMILIH DAN PENGGUNAAN HAK PILIH | N12: JUMLAH AKHIR
A13: A | B13: DATA PEMILIH | E13: TPS 001 | F13: TPS 002 | G13: TPS 003 | H13: TPS 004 | I13: TPS 005 | J13: TPS 006 | K13: TPS 007 | L13: TPS 008 | M13: TPS 009
B14: Jumlah Pemilih dalam Daftar Pemilih Tetap (DPT) | D14: LK | E14: 126 | F14: 128 | G14: 135 | H14: 133 | I14: 128 | J14: 97 | K14: 97 | L14: 106 | M14: 98 | N14: =SUM(E14:M14) -> 1048
D15: PR | E15: 131 | F15: 129 | G15: 133 | H15: 142 | I15: 133 | J15: 105 | K15: 103 | L15: 96 | M15: 107 | N15: =SUM(E15:M15) -> 1079
D16: JML | E16: =SUM(E14:E15) -> 257 | F16: =SUM(F14:F15) -> 257 | G16: =SUM(G14:G15) -> 268 | H16: =SUM(H14:H15) -> 275 | I16: =SUM(I14:I15) -> 261 | J16: =SUM(J14:J15) -> 202 | K16: =SUM(K14:K15) -> 200 | L16: =SUM(L14:L15) -> 202 | M16: =SUM(M14:M15) -> 205 | N16: =SUM(E16:M16) -> 2127
A18: B | B18: PENGGUNA HAK PILIH
B19: 1. | C19: Jumlah pengguna hak pilih dalam Daftar Pemilih Tetap (DPT) | D19: LK | E19: 89 | F19: 91 | G19: 102 | H19: 91 | I19: 94 | J19: 74 | K19: 72 | L19: 76 | M19: 71 | N19: =SUM(E19:M19) -> 760
D20: PR | E20: 110 | F20: 97 | G20: 104 | H20: 111 | I20: 104 | J20: 88 | K20: 82 | L20: 76 | M20: 76 | N20: =SUM(E20:M20) -> 848
D21: JML | E21: =SUM(E19:E20) -> 199 | F21: =SUM(F19:F20) -> 188 | G21: =SUM(G19:G20) -> 206 | H21: =SUM(H19:H20) -> 202 | I21: =SUM(I19:I20) -> 198 | J21: =SUM(J19:J20) -> 162 | K21: =SUM(K19:K20) -> 154 | L21: =SUM(L19:L20) -> 152 | M21: =SUM(M19:M20) -> 147 | N21: =SUM(E21:M21) -> 1608
B22: 2. | C22: Jumlah pengguna hak pilih dalam Daftar Pemilih Tambahan (DPTb) | D22: LK | E22: 0 | F22: 0 | G22: 0 | H22: 0 | I22: 0 | J22: 0 | K22: 0 | L22: 0 | M22: 0 | N22: =SUM(E22:M22) -> 0
D23: PR | E23: 0 | F23: 0 | G23: 0 | H23: 0 | I23: 0 | J23: 0 | K23: 0 | L23: 1 | M23: 0 | N23: =SUM(E23:M23) -> 1
D24: JML | E24: =SUM(E22:E23) -> 0 | F24: =SUM(F22:F23) -> 0 | G24: =SUM(G22:G23) -> 0 | H24: =SUM(H22:H23) -> 0 | I24: =SUM(I22:I23) -> 0 | J24: =SUM(J22:J23) -> 0 | K24: =SUM(K22:K23) -> 0 | L24: =SUM(L22:L23) -> 1 | M24: =SUM(M22:M23) -> 0 | N24: =SUM(E24:M24) -> 1
B25: 3. | C25: Jumlah pengguna hak pilih dalam Daftar Pemilih Khusus (DPK) | D25: LK | E25: 0 | F25: 1 | G25: 2 | H25: 0 | I25: 1 | J25: 0 | K25: 0 | L25: 0 | M25: 0 | N25: =SUM(E25:M25) -> 4
D26: PR | E26: 0 | F26: 1 | G26: 0 | H26: 0 | I26: 0 | J26: 0 | K26: 0 | L26: 0 | M26: 0 | N26: =SUM(E26:M26) -> 1
D27: JML | E27: =SUM(E25:E26) -> 0 | F27: =SUM(F25:F26) -> 2 | G27: =SUM(G25:G26) -> 2 | H27: =SUM(H25:H26) -> 0 | I27: =SUM(I25:I26) -> 1 | J27: =SUM(J25:J26) -> 0 | K27: =SUM(K25:K26) -> 0 | L27: =SUM(L25:L26) -> 0 | M27: =SUM(M25:M26) -> 0 | N27: =SUM(E27:M27) -> 5
B28: 4. | C28: Jumlah Pengguna Hak Pilih (B.1+B.2+B.3) | D28: LK | E28: =SUM(E19,E22,E25) -> 89 | F28: =SUM(F19,F22,F25) -> 92 | G28: =SUM(G19,G22,G25) -> 104 | H28: =SUM(H19,H22,H25) -> 91 | I28: =SUM(I19,I22,I25) -> 95 | J28: =SUM(J19,J22,J25) -> 74 | K28: =SUM(K19,K22,K25) -> 72 | L28: =SUM(L19,L22,L25) -> 76 | M28: =SUM(M19,M22,M25) -> 71 | N28: =SUM(E28:M28) -> 764
D29: PR | E29: =SUM(E20,E23,E26) -> 110 | F29: =SUM(F20,F23,F26) -> 98 | G29: =SUM(G20,G23,G26) -> 104 | H29: =SUM(H20,H23,H26) -> 111 | I29: =SUM(I20,I23,I26) -> 104 | J29: =SUM(J20,J23,J26) -> 88 | K29: =SUM(K20,K23,K26) -> 82 | L29: =SUM(L20,L23,L26) -> 77 | M29: =SUM(M20,M23,M26) -> 76 | N29: =SUM(E29:M29) -> 850
D30: JML | E30: =SUM(E28:E29) -> 199 | F30: =SUM(F28:F29) -> 190 | G30: =SUM(G28:G29) -> 208 | H30: =SUM(H28:H29) -> 202 | I30: =SUM(I28:I29) -> 199 | J30: =SUM(J28:J29) -> 162 | K30: =SUM(K28:K29) -> 154 | L30: =SUM(L28:L29) -> 153 | M30: =SUM(M28:M29) -> 147 | N30: =SUM(E30:M30) -> 1614
A32: II | B32: DATA PENGGUNAAN SURAT SUARA
A33: 1 | B33: Jumlah surat suara yang diterima, termasuk surat suara cadangan 2,5% dari DPT | E33: 262 | F33: 263 | G33: 272 | H33: 291 | I33: 270 | J33: 207 | K33: 204 | L33: 207 | M33: 210 | N33: =SUM(E33:M33) -> 2186
A34: 2 | B34: Jumlah surat suara yang digunakan | E34: 199 | F34: 190 | G34: 208 | H34: 202 | I34: 199 | J34: 162 | K34: 154 | L34: 153 | M34: 147 | N34: =SUM(E34:M34) -> 1614
A35: 3 | B35: Jumlah surat suara dikembalikan oleh pemilih (karena rusak atau keliru coblos) | E35: 0 | F35: 0 | G35: 0 | H35: 2 | I35: 0 | J35: 0 | K35: 0 | L35: 1 | M35: 0 | N35: =SUM(E35:M35) -> 3
A36: 4 | B36: Jumlah surat suara yang tidak digunakan/tidak terpakai, termasuk sisa surat suara cadangan | E36: =E33-(E34+E35) -> 63 | F36: =F33-(F34+F35) -> 73 | G36: =G33-(G34+G35) -> 64 | H36: =H33-(H34+H35) -> 87 | I36: =I33-(I34+I35) -> 71 | J36: =J33-(J34+J35) -> 45 | K36: =K33-(K34+K35) -> 50 | L36: =L33-(L34+L35) -> 53 | M36: =M33-(M34+M35) -> 63 | N36: =SUM(E36:M36) -> 569
A38: III | B38: DATA PEMILIH DISABILITAS
B39: Jumlah seluruh Pemilih disabilitas yang menggunakan hak pilih | D39: LK | E39: 0 | F39: 0 | G39: 0 | H39: 0 | I39: 0 | J39: 0 | K39: 0 | L39: 0 | M39: 0 | N39: =SUM(E39:M39) -> 0
D40: PR | E40: 0 | F40: 0 | G40: 0 | H40: 0 | I40: 0 | J40: 0 | K40: 0 | L40: 0 | M40: 0 | N40: =SUM(E40:M40) -> 0
D41: JML | E41: =SUM(E39:E40) -> 0 | F41: =SUM(F39:F40) -> 0 | G41: =SUM(G39:G40) -> 0 | H41: =SUM(H39:H40) -> 0 | I41: =SUM(I39:I40) -> 0 | J41: =SUM(J39:J40) -> 0 | K41: =SUM(K39:K40) -> 0 | L41: =SUM(L39:L40) -> 0 | M41: =SUM(M39:M40) -> 0 | N41: =SUM(E41:M41) -> 0
A43: IV | B43: DATA RINCIAN PEROLEHAN SUARA PASANGAN CALON BUPATI DAN WAKIL BUPATI
A44: NOMOR DAN NAMA CALON
A45: A.1 | B45: 1. | C45: Partai Kebangkitan Bangsa | E45: 6 | F45: 14 | G45: 6 | H45: 9 | I45: 12 | J45: 4 | K45: 17 | L45: 5 | M45: 12 | N45: =SUM(E45:M45) -> 85
A46: A.2 | C46: 1. Dra. Hj. MA`MULAH HARUN, M.Pd.I. | E46: 14 | F46: 9 | G46: 15 | H46: 21 | I46: 23 | J46: 12 | K46: 15 | L46: 33 | M46: 14 | N46: =SUM(E46:M46) -> 156
C47: 2. UBAIDILLAH, S.Fil.I. | E47: 2 | F47: 1 | G47: 5 | H47: 3 | I47: 7 | J47: 4 | K47: 2 | L47: 7 | M47: 1 | N47: =SUM(E47:M47) -> 32
C48: 3. Ir. H. YOYOK MULYADI, M.Si. | E48: 1 | F48: 1 | G48: 0 | H48: 1 | I48: 0 | J48: 0 | K48: 0 | L48: 0 | M48: 2 | N48: =SUM(E48:M48) -> 5
C49: 4. KHOIRUL ANWAR, S.Fil.I. | E49: 2 | F49: 9 | G49: 10 | H49: 2 | I49: 2 | J49: 8 | K49: 7 | L49: 3 | M49: 7 | N49: =SUM(E49:M49) -> 50
C50: 5. ARIF WIJAKSANA | E50: 3 | F50: 1 | G50: 1 | H50: 2 | I50: 0 | J50: 1 | K50: 0 | L50: 0 | M50: 4 | N50: =SUM(E50:M50) -> 12
C51: 6. Dr. SITI YUMNAH | E51: 1 | F51: 0 | G51: 0 | H51: 0 | I51: 0 | J51: 0 | K51: 0 | L51: 0 | M51: 1 | N51: =SUM(E51:M51) -> 2
C52: 7. MOHAMMAD ZAINI, M.Pd.I. | E52: 0 | F52: 0 | G52: 0 | H52: 1 | I52: 1 | J52: 0 | K52: 1 | L52: 0 | M52: 0 | N52: =SUM(E52:M52) -> 3
C53: 8. FAWAIDUL MAKKIYAH | E53: 0 | F53: 0 | G53: 0 | H53: 1 | I53: 1 | J53: 0 | K53: 2 | L53: 0 | M53: 0 | N53: =SUM(E53:M53) -> 4
C54: 9. IFFAH HIDAYATUR ROHMAH, S.Sos. | E54: 0 | F54: 0 | G54: 0 | H54: 0 | I54: 0 | J54: 0 | K54: 0 | L54: 0 | M54: 0 | N54: =SUM(E54:M54) -> 0
A55: B | B55: JUMLAH SUARA SAH PARTAI POLITIK DAN CALON (A1 + A2) | E55: =SUM(E45:E54) -> 29 | F55: =SUM(F45:F54) -> 35 | G55: =SUM(G45:G54) -> 37 | H55: =SUM(H45:H54) -> 40 | I55: =SUM(I45:I54) -> 46 | J55: =SUM(J45:J54) -> 29 | K55: =SUM(K45:K54) -> 44 | L55: =SUM(L45:L54) -> 48 | M55: =SUM(M45:M54) -> 41 | N55: =SUM(E55:M55) -> 349
A57: A.1 | B57: 2. | C57: Partai Gerakan Indonesia Raya | E57: 15 | F57: 6 | G57: 15 | H57: 11 | I57: 13 | J57: 10 | K57: 10 | L57: 2 | M57: 8 | N57: =SUM(E57:M57) -> 90
A58: A.2 | C58: 1. AHMAD HADINUDDIN, S.Pd.I. | E58: 8 | F58: 5 | G58: 3 | H58: 5 | I58: 3 | J58: 2 | K58: 2 | L58: 3 | M58: 5 | N58: =SUM(E58:M58) -> 36
C59: 2. BIMA RAFSANJANI RAFID | E59: 11 | F59: 4 | G59: 6 | H59: 8 | I59: 9 | J59: 14 | K59: 6 | L59: 7 | M59: 4 | N59: =SUM(E59:M59) -> 69
C60: 3. IRA DAMAYANTI | E60: 2 | F60: 3 | G60: 4 | H60: 4 | I60: 0 | J60: 1 | K60: 3 | L60: 1 | M60: 5 | N60: =SUM(E60:M60) -> 23
C61: 4. MAULANA MALIK IBRAHIM, S.H. | E61: 0 | F61: 4 | G61: 0 | H61: 2 | I61: 0 | J61: 0 | K61: 2 | L61: 2 | M61: 0 | N61: =SUM(E61:M61) -> 10
C62: 5. LULUK ALFIATI | E62: 0 | F62: 1 | G62: 0 | H62: 0 | I62: 0 | J62: 0 | K62: 0 | L62: 0 | M62: 0 | N62: =SUM(E62:M62) -> 1
C63: 6. ILHAM WAHYUDI, S.H. | E63: 0 | F63: 1 | G63: 0 | H63: 0 | I63: 0 | J63: 0 | K63: 0 | L63: 1 | M63: 2 | N63: =SUM(E63:M63) -> 4
C64: 7. HAERUL ANWAR, S.Pd.I. | E64: 0 | F64: 0 | G64: 0 | H64: 0 | I64: 0 | J64: 0 | K64: 0 | L64: 0 | M64: 0 | N64: =SUM(E64:M64) -> 0
C65: 8. YOVI ADHITYA WARDANI | E65: 0 | F65: 0 | G65: 0 | H65: 1 | I65: 1 | J65: 0 | K65: 0 | L65: 0 | M65: 0 | N65: =SUM(E65:M65) -> 2
C66: 9. RITA AMELIA | E66: 0 | F66: 0 | G66: 0 | H66: 0 | I66: 0 | J66: 0 | K66: 0 | L66: 0 | M66: 0 | N66: =SUM(E66:M66) -> 0
A67: B | B67: JUMLAH SUARA SAH PARTAI POLITIK DAN CALON (A1 + A2) | E67: =SUM(E57:E66) -> 36 | F67: =SUM(F57:F66) -> 24 | G67: =SUM(G57:G66) -> 28 | H67: =SUM(H57:H66) -> 31 | I67: =SUM(I57:I66) -> 26 | J67: =SUM(J57:J66) -> 27 | K67: =SUM(K57:K66) -> 23 | L67: =SUM(L57:L66) -> 16 | M67: =SUM(M57:M66) -> 24 | N67: =SUM(E67:M67) -> 235
A69: A.1 | B69: 3. | C69: Partai Demokrasi Indonesia Perjuangan | E69: 9 | F69: 14 | G69: 5 | H69: 7 | I69: 15 | J69: 10 | K69: 7 | L69: 4 | M69: 4 | N69: =SUM(E69:M69) -> 75
A70: A.2 | C70: 1. MARTIN H., S.H., M.H. | E70: 3 | F70: 3 | G70: 3 | H70: 3 | I70: 2 | J70: 2 | K70: 0 | L70: 2 | M70: 3 | N70: =SUM(E70:M70) -> 21
C71: 2. HERMANTO, S.E. | E71: 4 | F71: 6 | G71: 3 | H71: 12 | I71: 8 | J71: 11 | K71: 6 | L71: 2 | M71: 5 | N71: =SUM(E71:M71) -> 57
C72: 3. EVY SUSILAWATI, S.E., M.M. | E72: 3 | F72: 1 | G72: 5 | H72: 1 | I72: 2 | J72: 1 | K72: 2 | L72: 0 | M72: 3 | N72: =SUM(E72:M72) -> 18
C73: 4. M. SIROTTUDIN | E73: 1 | F73: 5 | G73: 4 | H73: 1 | I73: 4 | J73: 2 | K73: 1 | L73: 1 | M73: 4 | N73: =SUM(E73:M73) -> 23
C74: 5. ABDUL HAFID, S.H. | E74: 0 | F74: 0 | G74: 1 | H74: 1 | I74: 0 | J74: 0 | K74: 0 | L74: 0 | M74: 0 | N74: =SUM(E74:M74) -> 2
C75: 6. NIKITA FORTUNA SURYANINGATI, A.Md.Keb. | E75: 0 | F75: 0 | G75: 0 | H75: 0 | I75: 0 | J75: 0 | K75: 0 | L75: 0 | M75: 0 | N75: =SUM(E75:M75) -> 0
C76: 7. YUDHO ILHAM WIJAYA, S.E. | E76: 0 | F76: 0 | G76: 0 | H76: 0 | I76: 1 | J76: 0 | K76: 0 | L76: 0 | M76: 0 | N76: =SUM(E76:M76) -> 1
C77: 8. SETIAWATI, S.H. | E77: 0 | F77: 0 | G77: 0 | H77: 0 | I77: 0 | J77: 0 | K77: 0 | L77: 0 | M77: 0 | N77: =SUM(E77:M77) -> 0
C78: 9. EKO BUDI SANTOSO, S.H. | E78: 0 | F78: 0 | G78: 0 | H78: 0 | I78: 0 | J78: 0 | K78: 0 | L78: 0 | M78: 0 | N78: =SUM(E78:M78) -> 0
A79: B | B79: JUMLAH SUARA SAH PARTAI POLITIK DAN CALON (A1 + A2) | E79: =SUM(E69:E78) -> 20 | F79: =SUM(F69:F76) -> 29 | G79: =SUM(G69:G76) -> 21 | H79: =SUM(H69:H76) -> 25 | I79: =SUM(I69:I76) -> 32 | J79: =SUM(J69:J76) -> 26 | K79: =SUM(K69:K76) -> 16 | L79: =SUM(L69:L76) -> 9 | M79: =SUM(M69:M76) -> 19 | N79: =SUM(E79:M79) -> 197
A81: A.1 | B81: 4. | C81: Partai Golongan Karya | E81: 9 | F81: 8 | G81: 5 | H81: 3 | I81: 3 | J81: 6 | K81: 3 | L81: 5 | M81: 5 | N81: =SUM(E81:M81) -> 47
A82: A.2 | C82: 1. PRANAYA YUDHA MAHARDHIKA | E82: 9 | F82: 3 | G82: 1 | H82: 3 | I82: 4 | J82: 5 | K82: 6 | L82: 1 | M82: 0 | N82: =SUM(E82:M82) -> 32
C83: 2. Dra. Ec. ENDANG SULASTUTY, M.I.P. | E83: 1 | F83: 0 | G83: 0 | H83: 0 | I83: 1 | J83: 0 | K83: 1 | L83: 1 | M83: 2 | N83: =SUM(E83:M83) -> 6
C84: 3. AGUS REJEKI WARTONO | E84: 0 | F84: 1 | G84: 0 | H84: 0 | I84: 1 | J84: 2 | K84: 1 | L84: 0 | M84: 0 | N84: =SUM(E84:M84) -> 5
C85: 4. Hj. TUTUK ASMA'A ZUCHROH, S.T., M.T. | E85: 0 | F85: 1 | G85: 0 | H85: 0 | I85: 1 | J85: 1 | K85: 2 | L85: 1 | M85: 1 | N85: =SUM(E85:M85) -> 7
C86: 5. ADE M. RIZKI, S.E. | E86: 0 | F86: 0 | G86: 0 | H86: 0 | I86: 1 | J86: 0 | K86: 0 | L86: 0 | M86: 1 | N86: =SUM(E86:M86) -> 2
C87: 6. ABDURAKHMAN, Bc.Kn. | E87: 0 | F87: 0 | G87: 0 | H87: 0 | I87: 0 | J87: 0 | K87: 0 | L87: 0 | M87: 0 | N87: =SUM(E87:M87) -> 0
C88: 7. CENDY RHIYAN ADI PUTRI | E88: 0 | F88: 0 | G88: 0 | H88: 0 | I88: 0 | J88: 0 | K88: 0 | L88: 0 | M88: 1 | N88: =SUM(E88:M88) -> 1
C89: 8. BAKTI WIJAYANTO, S.E. | E89: 0 | F89: 0 | G89: 0 | H89: 0 | I89: 0 | J89: 0 | K89: 0 | L89: 0 | M89: 0 | N89: =SUM(E89:M89) -> 0
C90: 9. AHMAD UBAIDILLAH | E90: 0 | F90: 0 | G90: 0 | H90: 0 | I90: 0 | J90: 0 | K90: 0 | L90: 0 | M90: 0 | N90: =SUM(E90:M90) -> 0
A91: B | B91: JUMLAH SUARA SAH PARTAI POLITIK DAN CALON (A1 + A2) | E91: =SUM(E81:E88) -> 19 | F91: =SUM(F81:F88) -> 13 | G91: =SUM(G81:G88) -> 6 | H91: =SUM(H81:H88) -> 6 | I91: =SUM(I81:I88) -> 11 | J91: =SUM(J81:J88) -> 14 | K91: =SUM(K81:K88) -> 13 | L91: =SUM(L81:L88) -> 8 | M91: =SUM(M81:M88) -> 10 | N91: =SUM(E91:M91) -> 100
A93: A.1 | B93: 5. | C93: Partai NasDem | E93: 0 | F93: 0 | G93: 1 | H93: 0 | I93: 2 | J93: 0 | K93: 0 | L93: 0 | M93: 0 | N93: =SUM(E93:M93) -> 3
A94: A.2 | C94: 1. ALI MUSTOFA, A.Md. | E94: 1 | F94: 0 | G94: 1 | H94: 1 | I94: 0 | J94: 2 | K94: 0 | L94: 0 | M94: 0 | N94: =SUM(E94:M94) -> 5
C95: 2. Hj. BUAMI, S.H. | E95: 0 | F95: 0 | G95: 1 | H95: 0 | I95: 0 | J95: 0 | K95: 1 | L95: 0 | M95: 0 | N95: =SUM(E95:M95) -> 2
C96: 3. SUGIONO, S.H. | E96: 1 | F96: 0 | G96: 0 | H96: 0 | I96: 0 | J96: 0 | K96: 0 | L96: 0 | M96: 0 | N96: =SUM(E96:M96) -> 1
C97: 4. LULUK SUNARMIATININGSIH | E97: 0 | F97: 0 | G97: 1 | H97: 0 | I97: 0 | J97: 0 | K97: 0 | L97: 0 | M97: 0 | N97: =SUM(E97:M97) -> 1
C98: 5. ANTON DJULIANTO ADI | E98: 0 | F98: 0 | G98: 0 | H98: 0 | I98: 0 | J98: 0 | K98: 0 | L98: 0 | M98: 0 | N98: =SUM(E98:M98) -> 0
C99: 6. MOKHAMAD ROFI'I KHUSNAN | E99: 0 | F99: 0 | G99: 0 | H99: 0 | I99: 0 | J99: 0 | K99: 0 | L99: 0 | M99: 0 | N99: =SUM(E99:M99) -> 0
C100: 7. Rr SETYO WATI | E100: 0 | F100: 0 | G100: 0 | H100: 0 | I100: 0 | J100: 0 | K100: 0 | L100: 0 | M100: 0 | N100: =SUM(E100:M100) -> 0
C101: 8. ABD. KADIR ASSEGAFF | E101: 0 | F101: 0 | G101: 0 | H101: 0 | I101: 0 | J101: 0 | K101: 0 | L101: 0 | M101: 0 | N101: =SUM(E101:M101) -> 0
C102: 9. FATHOR ZAINULLAH | E102: 0 | F102: 0 | G102: 0 | H102: 0 | I102: 0 | J102: 0 | K102: 0 | L102: 0 | M102: 0 | N102: =SUM(E102:M102) -> 0
A103: B | B103: JUMLAH SUARA SAH PARTAI POLITIK DAN CALON (A1 + A2) | E103: =SUM(E93:E102) -> 2 | F103: =SUM(F93:F102) -> 0 | G103: =SUM(G93:G102) -> 4 | H103: =SUM(H93:H102) -> 1 | I103: =SUM(I93:I102) -> 2 | J103: =SUM(J93:J102) -> 2 | K103: =SUM(K93:K102) -> 1 | L103: =SUM(L93:L102) -> 0 | M103: =SUM(M93:M102) -> 0 | N103: =SUM(E103:M103) -> 12
A105: A.1 | B105: 6. | C105: Partai Buruh | E105: 0 | F105: 0 | G105: 0 | H105: 2 | I105: 0 | J105: 0 | K105: 0 | L105: 0 | M105: 0 | N105: =SUM(E105:M105) -> 2
A106: A.2 | C106: 1. AGUS SUPRIYADI | E106: 0 | F106: 0 | G106: 0 | H106: 0 | I106: 1 | J106: 0 | K106: 0 | L106: 0 | M106: 0 | N106: =SUM(E106:M106) -> 1
C107: 2. ENI HARIATI | E107: 0 | F107: 0 | G107: 0 | H107: 0 | I107: 0 | J107: 0 | K107: 1 | L107: 0 | M107: 0 | N107: =SUM(E107:M107) -> 1
A115: B | B115: JUMLAH SUARA SAH PARTAI POLITIK DAN CALON (A1 + A2) | E115: =SUM(E105:E112) -> 0 | F115: =SUM(F105:F112) -> 0 | G115: =SUM(G105:G112) -> 0 | H115: =SUM(H105:H112) -> 2 | I115: =SUM(I105:I112) -> 1 | J115: =SUM(J105:J112) -> 0 | K115: =SUM(K105:K112) -> 1 | L115: =SUM(L105:L112) -> 0 | M115: =SUM(M105:M112) -> 0 | N115: =SUM(E115:M115) -> 4
A117: A.1 | B117: 7. | C117: Partai Gelombang Rakyat Indonesia | E117: 1 | F117: 1 | G117: 1 | H117: 0 | I117: 1 | J117: 0 | K117: 0 | L117: 1 | M117: 0 | N117: =SUM(E117:M117) -> 5
A118: A.2 | C118: 1. MIRZA MUHROSNI AROMA | E118: 0 | F118: 0 | G118: 0 | H118: 0 | I118: 0 | J118: 0 | K118: 0 | L118: 0 | M118: 0 | N118: =SUM(E118:M118) -> 0
C119: 2. ACHMAD BAGUS SUGIARTO | E119: 0 | F119: 0 | G119: 0 | H119: 0 | I119: 0 | J119: 0 | K119: 0 | L119: 0 | M119: 0 | N119: =SUM(E119:M119) -> 0
C120: 3. ELOK FITRIYA NINGSIH | E120: 0 | F120: 0 | G120: 0 | H120: 0 | I120: 0 | J120: 0 | K120: 0 | L120: 0 | M120: 0 | N120: =SUM(E120:M120) -> 0
C121: 4. MADI | E121: 0 | F121: 0 | G121: 0 | H121: 0 | I121: 0 | J121: 0 | K121: 0 | L121: 0 | M121: 0 | N121: =SUM(E121:M121) -> 0
C122: 5. LUKY PERMANASARI | E122: 0 | F122: 0 | G122: 0 | H122: 0 | I122: 0 | J122: 0 | K122: 0 | L122: 0 | M122: 0 | N122: =SUM(E122:M122) -> 0
A127: B | B127: JUMLAH SUARA SAH PARTAI POLITIK DAN CALON (A1 + A2) | E127: =SUM(E117:E122) -> 1 | F127: =SUM(F117:F120) -> 1 | G127: =SUM(G117:G120) -> 1 | H127: =SUM(H117:H120) -> 0 | I127: =SUM(I117:I120) -> 1 | J127: =SUM(J117:J120) -> 0 | K127: =SUM(K117:K120) -> 0 | L127: =SUM(L117:L120) -> 1 | M127: =SUM(M117:M120) -> 0 | N127: =SUM(E127:M127) -> 5
A129: A.1 | B129: 8. | C129: Partai Keadilan Sejahtera | E129: 0 | F129: 4 | G129: 1 | H129: 2 | I129: 0 | J129: 1 | K129: 2 | L129: 0 | M129: 1 | N129: =SUM(E129:M129) -> 11
...

Sheet SEGOBANG
C2: Kecamatan | D2: LICIN
C3: Kabupaten | D3: BANYUWANGI
C4: Provinsi | D4: JAWA TIMUR
C9: Kelurahan | D9: SEGOBANG
A12: I | B12: DATA PEMILIH DAN PENGGUNAAN HAK PILIH | W12: JUMLAH AKHIR
A13: A | B13: DATA PEMILIH | E13: TPS 001 | F13: TPS 002 | G13: TPS 003 | H13: TPS 004 | I13: TPS 005 | J13: TPS 006 | K13: TPS 007 | L13: TPS 008 | M13: TPS 009 | N13: TPS 010 | O13: TPS 011 | P13: TPS 012 | Q13: TPS 013 | R13: TPS 014 | S13: TPS 015 | T13: TPS 016 | U13: TPS 017 | V13: TPS 018
B14: Jumlah Pemilih dalam Daftar Pemilih Tetap (DPT) | D14: LK | E14: 92 | F14: 63 | G14: 139 | H14: 138 | I14: 122 | J14: 137 | K14: 148 | L14: 125 | M14: 94 | N14: 142 | O14: 121 | P14: 119 | Q14: 128 | R14: 150 | S14: 132 | T14: 108 | U14: 132 | V14: 144 | W14: =SUM(E14:V14) -> 2234
D15: PR | E15: 84 | F15: 65 | G15: 137 | H15: 129 | I15: 118 | J15: 133 | K15: 135 | L15: 117 | M15: 105 | N15: 132 | O15: 124 | P15: 113 | Q15: 141 | R15: 135 | S15: 145 | T15: 102 | U15: 126 | V15: 143 | W15: =SUM(E15:V15) -> 2184
D16: JML | E16: =SUM(E14:E15) -> 176 | F16: =SUM(F14:F15) -> 128 | G16: =SUM(G14:G15) -> 276 | H16: =SUM(H14:H15) -> 267 | I16: =SUM(I14:I15) -> 240 | J16: =SUM(J14:J15) -> 270 | K16: =SUM(K14:K15) -> 283 | L16: =SUM(L14:L15) -> 242 | ... V16: =SUM(V14:V15) -> 287 | W16: =SUM(E16:V16) -> 4418
A18: B | B18: PENGGUNA HAK PILIH
B19: 1. | C19: Jumlah pengguna hak pilih dalam Daftar Pemilih Tetap (DPT) | D19: LK | E19: 73 | F19: 46 | G19: 100 | H19: 97 | I19: 89 | J19: 102 | K19: 97 | L19: 94 | M19: 74 | N19: 106 | O19: 90 | P19: 91 | Q19: 102 | R19: 104 | S19: 101 | T19: 80 | U19: 101 | V19: 106 | W19: =SUM(E19:V19) -> 1653
D20: PR | E20: 68 | F20: 58 | G20: 111 | H20: 111 | I20: 91 | J20: 104 | K20: 100 | L20: 97 | M20: 86 | N20: 117 | O20: 96 | P20: 90 | Q20: 115 | R20: 111 | S20: 113 | T20: 90 | U20: 108 | V20: 111 | W20: =SUM(E20:V20) -> 1777
D21: JML | E21: =SUM(E19:E20) -> 141 | F21: =SUM(F19:F20) -> 104 | G21: =SUM(G19:G20) -> 211 | H21: =SUM(H19:H20) -> 208 | I21: =SUM(I19:I20) -> 180 | J21: =SUM(J19:J20) -> 206 | K21: =SUM(K19:K20) -> 197 | L21: =SUM(L19:L20) -> 191 | ... V21: =SUM(V19:V20) -> 217 | W21: =SUM(E21:V21) -> 3430
B22: 2. | C22: Jumlah pengguna hak pilih dalam Daftar Pemilih Tambahan (DPTb) | D22: LK | E22: 0 | F22: 0 | G22: 0 | H22: 0 | I22: 0 | J22: 0 | K22: 0 | L22: 0 | M22: 0 | N22: 0 | O22: 0 | P22: 0 | Q22: 0 | R22: 0 | S22: 0 | T22: 1 | U22: 0 | V22: 0 | W22: =SUM(E22:V22) -> 1
D23: PR | E23: 0 | F23: 0 | G23: 0 | H23: 0 | I23: 0 | J23: 0 | K23: 0 | L23: 0 | M23: 0 | N23: 0 | O23: 0 | P23: 0 | Q23: 0 | R23: 0 | S23: 0 | T23: 0 | U23: 0 | V23: 0 | W23: =SUM(E23:V23) -> 0
D24: JML | E24: =SUM(E22:E23) -> 0 | F24: =SUM(F22:F23) -> 0 | G24: =SUM(G22:G23) -> 0 | H24: =SUM(H22:H23) -> 0 | I24: =SUM(I22:I23) -> 0 | J24: =SUM(J22:J23) -> 0 | K24: =SUM(K22:K23) -> 0 | L24: =SUM(L22:L23) -> 0 | ... V24: =SUM(V22:V23) -> 0 | W24: =SUM(E24:V24) -> 1
B25: 3. | C25: Jumlah pengguna hak pilih dalam Daftar Pemilih Khusus (DPK) | D25: LK | E25: 0 | F25: 0 | G25: 2 | H25: 0 | I25: 1 | J25: 0 | K25: 0 | L25: 0 | M25: 0 | N25: 2 | O25: 1 | P25: 0 | Q25: 0 | R25: 1 | S25: 3 | T25: 0 | U25: 0 | V25: 1 | W25: =SUM(E25:V25) -> 11
D26: PR | E26: 0 | F26: 0 | G26: 1 | H26: 0 | I26: 1 | J26: 0 | K26: 0 | L26: 0 | M26: 0 | N26: 1 | O26: 0 | P26: 0 | Q26: 0 | R26: 0 | S26: 1 | T26: 0 | U26: 1 | V26: 0 | W26: =SUM(E26:V26) -> 5
D27: JML | E27: =SUM(E25:E26) -> 0 | F27: =SUM(F25:F26) -> 0 | G27: =SUM(G25:G26) -> 3 | H27: =SUM(H25:H26) -> 0 | I27: =SUM(I25:I26) -> 2 | J27: =SUM(J25:J26) -> 0 | K27: =SUM(K25:K26) -> 0 | L27: =SUM(L25:L26) -> 0 | ... V27: =SUM(V25:V26) -> 1 | W27: =SUM(E27:V27) -> 16
B28: 4. | C28: Jumlah Pengguna Hak Pilih (B.1+B.2+B.3) | D28: LK | E28: =SUM(E19,E22,E25) -> 73 | F28: =SUM(F19,F22,F25) -> 46 | G28: =SUM(G19,G22,G25) -> 102 | H28: =SUM(H19,H22,H25) -> 97 | I28: =SUM(I19,I22,I25) -> 90 | J28: =SUM(J19,J22,J25) -> 102 | K28: =SUM(K19,K22,K25) -> 97 | L28: =SUM(L19,L22,L25) -> 94 | ... V28: =SUM(V19,V22,V25) -> 107 | W28: =SUM(E28:V28) -> 1665
D29: PR | E29: =SUM(E20,E23,E26) -> 68 | F29: =SUM(F20,F23,F26) -> 58 | G29: =SUM(G20,G23,G26) -> 112 | H29: =SUM(H20,H23,H26) -> 111 | I29: =SUM(I20,I23,I26) -> 92 | J29: =SUM(J20,J23,J26) -> 104 | K29: =SUM(K20,K23,K26) -> 100 | L29: =SUM(L20,L23,L26) -> 97 | ... V29: =SUM(V20,V23,V26) -> 111 | W29: =SUM(E29:V29) -> 1782
D30: JML | E30: =SUM(E28:E29) -> 141 | F30: =SUM(F28:F29) -> 104 | G30: =SUM(G28:G29) -> 214 | H30: =SUM(H28:H29) -> 208 | I30: =SUM(I28:I29) -> 182 | J30: =SUM(J28:J29) -> 206 | K30: =SUM(K28:K29) -> 197 | L30: =SUM(L28:L29) -> 191 | ... V30: =SUM(V28:V29) -> 218 | W30: =SUM(E30:V30) -> 3447
A32: II | B32: DATA PENGGUNAAN SURAT SUARA
A33: 1 | B33: Jumlah surat suara yang diterima, termasuk surat suara cadangan 2,5% dari DPT | E33: 180 | F33: 131 | G33: 282 | H33: 273 | I33: 245 | J33: 276 | K33: 289 | L33: 247 | M33: 202 | N33: 280 | O33: 250 | P33: 237 | Q33: 275 | R33: 291 | S33: 284 | T33: 216 | U33: 264 | V33: 291 | W33: =SUM(E33:V33) -> 4513
A34: 2 | B34: Jumlah surat suara yang digunakan | E34: 141 | F34: 104 | G34: 214 | H34: 208 | I34: 182 | J34: 206 | K34: 197 | L34: 191 | M34: 160 | N34: 226 | O34: 187 | P34: 181 | Q34: 217 | R34: 216 | S34: 218 | T34: 171 | U34: 210 | V34: 218 | W34: =SUM(E34:V34) -> 3447
A35: 3 | B35: Jumlah surat suara dikembalikan oleh pemilih (karena rusak atau keliru coblos) | E35: 0 | F35: 0 | G35: 0 | H35: 0 | I35: 0 | J35: 0 | K35: 1 | L35: 0 | M35: 0 | N35: 0 | O35: 0 | P35: 0 | Q35: 0 | R35: 0 | S35: 0 | T35: 0 | U35: 0 | V35: 1 | W35: =SUM(E35:V35) -> 2
A36: 4 | B36: Jumlah surat suara yang tidak digunakan/tidak terpakai, termasuk sisa surat suara cadangan | E36: =E33-(E34+E35) -> 39 | F36: =F33-(F34+F35) -> 27 | G36: =G33-(G34+G35) -> 68 | H36: =H33-(H34+H35) -> 65 | I36: =I33-(I34+I35) -> 63 | J36: =J33-(J34+J35) -> 70 | K36: =K33-(K34+K35) -> 91 | L36: =L33-(L34+L35) -> 56 | ... V36: =V33-(V34+V35) -> 72 | W36: =SUM(E36:V36) -> 1064
A38: III | B38: DATA PEMILIH DISABILITAS
B39: Jumlah seluruh Pemilih disabilitas yang menggunakan hak pilih | D39: LK | E39: 0 | F39: 1 | G39: 0 | H39: 0 | I39: 0 | J39: 0 | K39: 0 | L39: 0 | M39: 0 | N39: 1 | O39: 0 | P39: 0 | Q39: 0 | R39: 1 | S39: 1 | T39: 1 | U39: 0 | V39: 0 | W39: =SUM(E39:V39) -> 5
D40: PR | E40: 0 | F40: 2 | G40: 0 | H40: 0 | I40: 0 | J40: 0 | K40: 0 | L40: 0 | M40: 1 | N40: 0 | O40: 0 | P40: 0 | Q40: 0 | R40: 1 | S40: 0 | T40: 1 | U40: 0 | V40: 0 | W40: =SUM(E40:V40) -> 5
D41: JML | E41: =SUM(E39:E40) -> 0 | F41: =SUM(F39:F40) -> 3 | G41: =SUM(G39:G40) -> 0 | H41: =SUM(H39:H40) -> 0 | I41: =SUM(I39:I40) -> 0 | J41: =SUM(J39:J40) -> 0 | K41: =SUM(K39:K40) -> 0 | L41: =SUM(L39:L40) -> 0 | ... V41: =SUM(V39:V40) -> 0 | W41: =SUM(E41:V41) -> 10
A43: IV | B43: DATA PEROLEHAN SUARA PARTAI POLITIK DAN SUARA CALON
A44: NOMOR DAN NAMA CALON
A45: A.1 | B45: 1. | C45: Partai Kebangkitan Bangsa | E45: 4 | F45: 8 | G45: 13 | H45: 7 | I45: 9 | J45: 12 | K45: 8 | L45: 8 | M45: 8 | N45: 21 | O45: 14 | P45: 15 | Q45: 9 | R45: 12 | S45: 4 | T45: 14 | U45: 20 | V45: 11 | W45: =SUM(E45:V45) -> 197
A46: A.2 | C46: 1. Dra. Hj. MA`MULAH HARUN, M.Pd.I. | E46: 12 | F46: 25 | G46: 32 | H46: 23 | I46: 13 | J46: 14 | K46: 31 | L46: 24 | M46: 20 | N46: 37 | O46: 21 | P46: 23 | Q46: 15 | R46: 10 | S46: 28 | T46: 19 | U46: 19 | V46: 16 | W46: =SUM(E46:V46) -> 382
C47: 2. UBAIDILLAH, S.Fil.I. | E47: 0 | F47: 0 | G47: 0 | H47: 3 | I47: 0 | J47: 2 | K47: 2 | L47: 1 | M47: 1 | N47: 4 | O47: 2 | P47: 1 | Q47: 3 | R47: 2 | S47: 1 | T47: 1 | U47: 0 | V47: 1 | W47: =SUM(E47:V47) -> 24
C48: 3. Ir. H. YOYOK MULYADI, M.Si. | E48: 0 | F48: 0 | G48: 2 | H48: 1 | I48: 1 | J48: 0 | K48: 1 | L48: 0 | M48: 3 | N48: 3 | O48: 2 | P48: 1 | Q48: 1 | R48: 3 | S48: 0 | T48: 0 | U48: 3 | V48: 0 | W48: =SUM(E48:V48) -> 21
C49: 4. KHOIRUL ANWAR, S.Fil.I. | E49: 0 | F49: 0 | G49: 1 | H49: 1 | I49: 0 | J49: 0 | K49: 2 | L49: 1 | M49: 1 | N49: 1 | O49: 1 | P49: 1 | Q49: 0 | R49: 2 | S49: 0 | T49: 0 | U49: 0 | V49: 0 | W49: =SUM(E49:V49) -> 11
C50: 5. ARIF WIJAKSANA | E50: 0 | F50: 0 | G50: 0 | H50: 0 | I50: 0 | J50: 0 | K50: 1 | L50: 0 | M50: 0 | N50: 0 | O50: 0 | P50: 0 | Q50: 0 | R50: 1 | S50: 1 | T50: 0 | U50: 0 | V50: 0 | W50: =SUM(E50:V50) -> 3
C51: 6. Dr. SITI YUMNAH | E51: 0 | F51: 0 | G51: 0 | H51: 0 | I51: 0 | J51: 0 | K51: 1 | L51: 0 | M51: 1 | N51: 1 | O51: 0 | P51: 1 | Q51: 0 | R51: 0 | S51: 0 | T51: 0 | U51: 2 | V51: 0 | W51: =SUM(E51:V51) -> 6
C52: 7. MOHAMMAD ZAINI, M.Pd.I. | E52: 0 | F52: 0 | G52: 0 | H52: 0 | I52: 0 | J52: 0 | K52: 0 | L52: 0 | M52: 0 | N52: 1 | O52: 0 | P52: 0 | Q52: 0 | R52: 1 | S52: 1 | T52: 1 | U52: 0 | V52: 1 | W52: =SUM(E52:V52) -> 5
C53: 8. FAWAIDUL MAKKIYAH | E53: 0 | F53: 0 | G53: 0 | H53: 0 | I53: 0 | J53: 0 | K53: 0 | L53: 0 | M53: 0 | N53: 0 | O53: 0 | P53: 0 | Q53: 0 | R53: 0 | S53: 0 | T53: 0 | U53: 0 | V53: 0 | W53: =SUM(E53:V53) -> 0
C54: 9. IFFAH HIDAYATUR ROHMAH, S.Sos. | E54: 0 | F54: 0 | G54: 0 | H54: 1 | I54: 0 | J54: 0 | K54: 0 | L54: 0 | M54: 1 | N54: 0 | O54: 0 | P54: 0 | Q54: 0 | R54: 0 | S54: 0 | T54: 1 | U54: 2 | V54: 1 | W54: =SUM(E54:V54) -> 6
A55: B | B55: JUMLAH SUARA SAH PARTAI POLITIK DAN CALON (A1 + A2) | E55: =SUM(E45:E54) -> 16 | F55: =SUM(F45:F54) -> 33 | G55: =SUM(G45:G54) -> 48 | H55: =SUM(H45:H54) -> 36 | I55: =SUM(I45:I54) -> 23 | J55: =SUM(J45:J54) -> 28 | K55: =SUM(K45:K54) -> 46 | L55: =SUM(L45:L54) -> 34 | ... V55: =SUM(V45:V54) -> 30 | W55: =SUM(E55:V55) -> 655
A57: A.1 | B57: 2. | C57: Partai Gerakan Indonesia Raya | E57: 6 | F57: 11 | G57: 16 | H57: 25 | I57: 19 | J57: 9 | K57: 10 | L57: 11 | M57: 11 | N57: 9 | O57: 10 | P57: 11 | Q57: 18 | R57: 18 | S57: 9 | T57: 11 | U57: 14 | V57: 24 | W57: =SUM(E57:V57) -> 242
A58: A.2 | C58: 1. AHMAD HADINUDDIN, S.Pd.I. | E58: 4 | F58: 3 | G58: 3 | H58: 1 | I58: 8 | J58: 1 | K58: 5 | L58: 1 | M58: 5 | N58: 10 | O58: 7 | P58: 10 | Q58: 15 | R58: 14 | S58: 5 | T58: 5 | U58: 4 | V58: 6 | W58: =SUM(E58:V58) -> 107
C59: 2. BIMA RAFSANJANI RAFID | E59: 3 | F59: 4 | G59: 10 | H59: 13 | I59: 9 | J59: 14 | K59: 16 | L59: 8 | M59: 4 | N59: 13 | O59: 12 | P59: 32 | Q59: 20 | R59: 27 | S59: 17 | T59: 7 | U59: 16 | V59: 8 | W59: =SUM(E59:V59) -> 233
C60: 3. IRA DAMAYANTI | E60: 1 | F60: 1 | G60: 3 | H60: 1 | I60: 1 | J60: 0 | K60: 2 | L60: 0 | M60: 1 | N60: 3 | O60: 3 | P60: 4 | Q60: 2 | R60: 4 | S60: 2 | T60: 2 | U60: 1 | V60: 0 | W60: =SUM(E60:V60) -> 31
C61: 4. MAULANA MALIK IBRAHIM, S.H. | E61: 1 | F61: 0 | G61: 0 | H61: 1 | I61: 1 | J61: 2 | K61: 0 | L61: 2 | M61: 2 | N61: 1 | O61: 2 | P61: 3 | Q61: 1 | R61: 1 | S61: 1 | T61: 0 | U61: 0 | V61: 0 | W61: =SUM(E61:V61) -> 18
C62: 5. LULUK ALFIATI | E62: 1 | F62: 0 | G62: 1 | H62: 0 | I62: 1 | J62: 0 | K62: 0 | L62: 0 | M62: 1 | N62: 0 | O62: 0 | P62: 1 | Q62: 2 | R62: 1 | S62: 1 | T62: 1 | U62: 1 | V62: 2 | W62: =SUM(E62:V62) -> 13
C63: 6. ILHAM WAHYUDI, S.H. | E63: 0 | F63: 0 | G63: 1 | H63: 2 | I63: 0 | J63: 0 | K63: 0 | L63: 0 | M63: 0 | N63: 0 | O63: 1 | P63: 0 | Q63: 1 | R63: 0 | S63: 0 | T63: 0 | U63: 0 | V63: 1 | W63: =SUM(E63:V63) -> 6
C64: 7. HAERUL ANWAR, S.Pd.I. | E64: 0 | F64: 0 | G64: 0 | H64: 0 | I64: 0 | J64: 0 | K64: 0 | L64: 0 | M64: 0 | N64: 0 | O64: 0 | P64: 2 | Q64: 0 | R64: 0 | S64: 0 | T64: 1 | U64: 0 | V64: 0 | W64: =SUM(E64:V64) -> 3
C65: 8. YOVI ADHITYA WARDANI | E65: 0 | F65: 0 | G65: 0 | H65: 0 | I65: 0 | J65: 0 | K65: 0 | L65: 0 | M65: 0 | N65: 0 | O65: 0 | P65: 0 | Q65: 0 | R65: 0 | S65: 0 | T65: 0 | U65: 0 | V65: 0 | W65: =SUM(E65:V65) -> 0
C66: 9. RITA AMELIA | E66: 0 | F66: 1 | G66: 0 | H66: 0 | I66: 1 | J66: 0 | K66: 1 | L66: 0 | M66: 0 | N66: 0 | O66: 0 | P66: 0 | Q66: 1 | R66: 0 | S66: 1 | T66: 0 | U66: 1 | V66: 0 | W66: =SUM(E66:V66) -> 6
A67: B | B67: JUMLAH SUARA SAH PARTAI POLITIK DAN CALON (A1 + A2) | E67: =SUM(E57:E66) -> 16 | F67: =SUM(F57:F66) -> 20 | G67: =SUM(G57:G66) -> 34 | H67: =SUM(H57:H66) -> 43 | I67: =SUM(I57:I66) -> 40 | J67: =SUM(J57:J66) -> 26 | K67: =SUM(K57:K66) -> 34 | L67: =SUM(L57:L66) -> 22 | ... V67: =SUM(V57:V66) -> 41 | W67: =SUM(E67:V67) -> 659
A69: A.1 | B69: 3. | C69: Partai Demokrasi Indonesia Perjuangan | E69: 25 | F69: 8 | G69: 4 | H69: 8 | I69: 10 | J69: 19 | K69: 9 | L69: 8 | M69: 2 | N69: 12 | O69: 7 | P69: 5 | Q69: 12 | R69: 10 | S69: 6 | T69: 5 | U69: 10 | V69: 8 | W69: =SUM(E69:V69) -> 168
A70: A.2 | C70: 1. MARTIN H., S.H., M.H. | E70: 2 | F70: 4 | G70: 3 | H70: 5 | I70: 3 | J70: 2 | K70: 7 | L70: 2 | M70: 1 | N70: 2 | O70: 4 | P70: 1 | Q70: 1 | R70: 6 | S70: 2 | T70: 5 | U70: 3 | V70: 3 | W70: =SUM(E70:V70) -> 56
C71: 2. HERMANTO, S.E. | E71: 7 | F71: 1 | G71: 2 | H71: 3 | I71: 2 | J71: 9 | K71: 4 | L71: 5 | M71: 2 | N71: 1 | O71: 1 | P71: 1 | Q71: 1 | R71: 7 | S71: 2 | T71: 4 | U71: 5 | V71: 4 | W71: =SUM(E71:V71) -> 61
C72: 3. EVY SUSILAWATI, S.E., M.M. | E72: 3 | F72: 0 | G72: 3 | H72: 2 | I72: 3 | J72: 4 | K72: 3 | L72: 2 | M72: 2 | N72: 4 | O72: 6 | P72: 4 | Q72: 4 | R72: 3 | S72: 8 | T72: 4 | U72: 5 | V72: 2 | W72: =SUM(E72:V72) -> 62
C73: 4. M. SIROTTUDIN | E73: 36 | F73: 11 | G73: 5 | H73: 2 | I73: 4 | J73: 7 | K73: 2 | L73: 12 | M73: 2 | N73: 10 | O73: 5 | P73: 1 | Q73: 3 | R73: 1 | S73: 2 | T73: 2 | U73: 5 | V73: 10 | W73: =SUM(E73:V73) -> 120
C74: 5. ABDUL HAFID, S.H. | E74: 3 | F74: 0 | G74: 1 | H74: 0 | I74: 0 | J74: 1 | K74: 1 | L74: 1 | M74: 1 | N74: 3 | O74: 1 | P74: 0 | Q74: 1 | R74: 2 | S74: 4 | T74: 0 | U74: 2 | V74: 1 | W74: =SUM(E74:V74) -> 22
C75: 6. NIKITA FORTUNA SURYANINGATI, A.Md.Keb. | E75: 0 | F75: 1 | G75: 0 | H75: 0 | I75: 0 | J75: 0 | K75: 0 | L75: 1 | M75: 0 | N75: 0 | O75: 1 | P75: 0 | Q75: 2 | R75: 1 | S75: 0 | T75: 0 | U75: 0 | V75: 1 | W75: =SUM(E75:V75) -> 7
C76: 7. YUDHO ILHAM WIJAYA, S.E. | E76: 0 | F76: 0 | G76: 1 | H76: 1 | I76: 0 | J76: 1 | K76: 0 | L76: 0 | M76: 0 | N76: 2 | O76: 0 | P76: 1 | Q76: 1 | R76: 0 | S76: 0 | T76: 0 | U76: 0 | V76: 0 | W76: =SUM(E76:V76) -> 7
C77: 8. SETIAWATI, S.H. | E77: 0 | F77: 0 | G77: 0 | H77: 1 | I77: 0 | J77: 0 | K77: 0 | L77: 1 | M77: 0 | N77: 1 | O77: 1 | P77: 0 | Q77: 1 | R77: 0 | S77: 0 | T77: 0 | U77: 1 | V77: 0 | W77: =SUM(E77:V77) -> 6
C78: 9. EKO BUDI SANTOSO, S.H. | E78: 1 | F78: 0 | G78: 0 | H78: 1 | I78: 1 | J78: 1 | K78: 0 | L78: 0 | M78: 0 | N78: 1 | O78: 0 | P78: 0 | Q78: 1 | R78: 0 | S78: 1 | T78: 0 | U78: 0 | V78: 0 | W78: =SUM(E78:V78) -> 7
A79: B | B79: JUMLAH SUARA SAH PARTAI POLITIK DAN CALON (A1 + A2) | E79: =SUM(E69:E78) -> 77 | F79: =SUM(F69:F78) -> 25 | G79: =SUM(G69:G78) -> 19 | H79: =SUM(H69:H78) -> 23 | I79: =SUM(I69:I78) -> 23 | J79: =SUM(J69:J78) -> 44 | K79: =SUM(K69:K78) -> 26 | L79: =SUM(L69:L78) -> 32 | ... V79: =SUM(V69:V78) -> 29 | W79: =SUM(E79:V79) -> 516
A81: A.1 | B81: 4. | C81: Partai Golongan Karya | E81: 9 | F81: 3 | G81: 11 | H81: 16 | I81: 12 | J81: 24 | K81: 12 | L81: 20 | M81: 15 | N81: 9 | O81: 9 | P81: 4 | Q81: 9 | R81: 12 | S81: 11 | T81: 11 | U81: 14 | V81: 11 | W81: =SUM(E81:V81) -> 212
A82: A.2 | C82: 1. PRANAYA YUDHA MAHARDHIKA | E82: 1 | F82: 0 | G82: 31 | H82: 18 | I82: 24 | J82: 10 | K82: 9 | L82: 15 | M82: 33 | N82: 10 | O82: 3 | P82: 3 | Q82: 7 | R82: 7 | S82: 10 | T82: 10 | U82: 8 | V82: 5 | W82: =SUM(E82:V82) -> 204
C83: 2. Dra. Ec. ENDANG SULASTUTY, M.I.P. | E83: 3 | F83: 0 | G83: 11 | H83: 13 | I83: 7 | J83: 8 | K83: 13 | L83: 3 | M83: 4 | N83: 1 | O83: 7 | P83: 3 | Q83: 2 | R83: 14 | S83: 4 | T83: 4 | U83: 3 | V83: 14 | W83: =SUM(E83:V83) -> 114
C84: 3. AGUS REJEKI WARTONO | E84: 1 | F84: 0 | G84: 2 | H84: 0 | I84: 3 | J84: 1 | K84: 1 | L84: 5 | M84: 1 | N84: 2 | O84: 2 | P84: 0 | Q84: 1 | R84: 0 | S84: 1 | T84: 3 | U84: 1 | V84: 4 | W84: =SUM(E84:V84) -> 28
C85: 4. Hj. TUTUK ASMA'A ZUCHROH, S.T., M.T. | E85: 0 | F85: 1 | G85: 2 | H85: 1 | I85: 0 | J85: 3 | K85: 0 | L85: 3 | M85: 3 | N85: 2 | O85: 4 | P85: 2 | Q85: 3 | R85: 0 | S85: 2 | T85: 1 | U85: 0 | V85: 1 | W85: =SUM(E85:V85) -> 28
C86: 5. ADE M. RIZKI, S.E. | E86: 2 | F86: 0 | G86: 5 | H86: 1 | I86: 0 | J86: 0 | K86: 0 | L86: 1 | M86: 0 | N86: 0 | O86: 1 | P86: 0 | Q86: 2 | R86: 0 | S86: 0 | T86: 0 | U86: 1 | V86: 1 | W86: =SUM(E86:V86) -> 14
C87: 6. ABDURAKHMAN, Bc.Kn. | E87: 0 | F87: 1 | G87: 1 | H87: 0 | I87: 0 | J87: 0 | K87: 0 | L87: 0 | M87: 0 | N87: 1 | O87: 1 | P87: 0 | Q87: 0 | R87: 0 | S87: 0 | T87: 0 | U87: 1 | V87: 1 | W87: =SUM(E87:V87) -> 6
C88: 7. CENDY RHIYAN ADI PUTRI | E88: 0 | F88: 0 | G88: 1 | H88: 0 | I88: 0 | J88: 1 | K88: 1 | L88: 0 | M88: 0 | N88: 0 | O88: 0 | P88: 0 | Q88: 1 | R88: 0 | S88: 0 | T88: 0 | U88: 0 | V88: 0 | W88: =SUM(E88:V88) -> 4
C89: 8. BAKTI WIJAYANTO, S.E. | E89: 0 | F89: 0 | G89: 0 | H89: 0 | I89: 1 | J89: 0 | K89: 0 | L89: 0 | M89: 0 | N89: 0 | O89: 0 | P89: 0 | Q89: 0 | R89: 0 | S89: 0 | T89: 0 | U89: 0 | V89: 0 | W89: =SUM(E89:V89) -> 1
C90: 9. AHMAD UBAIDILLAH | E90: 0 | F90: 0 | G90: 0 | H90: 1 | I90: 2 | J90: 0 | K90: 2 | L90: 0 | M90: 0 | N90: 0 | O90: 1 | P90: 0 | Q90: 0 | R90: 0 | S90: 1 | T90: 0 | U90: 0 | V90: 0 | W90: =SUM(E90:V90) -> 7
A91: B | B91: JUMLAH SUARA SAH PARTAI POLITIK DAN CALON (A1 + A2) | E91: =SUM(E81:E90) -> 16 | F91: =SUM(F81:F90) -> 5 | G91: =SUM(G81:G90) -> 64 | H91: =SUM(H81:H90) -> 50 | I91: =SUM(I81:I90) -> 49 | J91: =SUM(J81:J90) -> 47 | K91: =SUM(K81:K90) -> 38 | L91: =SUM(L81:L90) -> 47 | ... V91: =SUM(V81:V90) -> 37 | W91: =SUM(E91:V91) -> 618
A93: A.1 | B93: 5. | C93: Partai NasDem | E93: 0 | F93: 0 | G93: 1 | H93: 0 | I93: 1 | J93: 0 | K93: 2 | L93: 0 | M93: 3 | N93: 0 | O93: 2 | P93: 2 | Q93: 0 | R93: 2 | S93: 8 | T93: 5 | U93: 7 | V93: 4 | W93: =SUM(E93:V93) -> 37
A94: A.2 | C94: 1. ALI MUSTOFA, A.Md. | E94: 0 | F94: 0 | G94: 0 | H94: 0 | I94: 0 | J94: 0 | K94: 2 | L94: 1 | M94: 2 | N94: 1 | O94: 0 | P94: 2 | Q94: 0 | R94: 1 | S94: 9 | T94: 1 | U94: 5 | V94: 8 | W94: =SUM(E94:V94) -> 32
C95: 2. Hj. BUAMI, S.H. | E95: 0 | F95: 0 | G95: 1 | H95: 0 | I95: 0 | J95: 1 | K95: 0 | L95: 0 | M95: 0 | N95: 0 | O95: 0 | P95: 0 | Q95: 0 | R95: 0 | S95: 1 | T95: 0 | U95: 1 | V95: 0 | W95: =SUM(E95:V95) -> 4
C96: 3. SUGIONO, S.H. | E96: 0 | F96: 0 | G96: 0 | H96: 0 | I96: 0 | J96: 0 | K96: 0 | L96: 0 | M96: 0 | N96: 0 | O96: 0 | P96: 0 | Q96: 0 | R96: 0 | S96: 2 | T96: 1 | U96: 0 | V96: 3 | W96: =SUM(E96:V96) -> 6
C97: 4. LULUK SUNARMIATININGSIH | E97: 0 | F97: 0 | G97: 0 | H97: 0 | I97: 0 | J97: 0 | K97: 1 | L97: 0 | M97: 0 | N97: 0 | O97: 0 | P97: 0 | Q97: 0 | R97: 0 | S97: 1 | T97: 0 | U97: 0 | V97: 0 | W97: =SUM(E97:V97) -> 2
C98: 5. ANTON DJULIANTO ADI | E98: 0 | F98: 0 | G98: 0 | H98: 0 | I98: 0 | J98: 0 | K98: 0 | L98: 0 | M98: 0 | N98: 2 | O98: 0 | P98: 0 | Q98: 1 | R98: 1 | S98: 3 | T98: 0 | U98: 0 | V98: 1 | W98: =SUM(E98:V98) -> 8
C99: 6. MOKHAMAD ROFI'I KHUSNAN | E99: 0 | F99: 0 | G99: 0 | H99: 1 | I99: 0 | J99: 0 | K99: 0 | L99: 0 | M99: 0 | N99: 0 | O99: 0 | P99: 0 | Q99: 0 | R99: 1 | S99: 3 | T99: 1 | U99: 1 | V99: 0 | W99: =SUM(E99:V99) -> 7
C100: 7. Rr SETYO WATI | E100: 0 | F100: 0 | G100: 0 | H100: 0 | I100: 0 | J100: 0 | K100: 0 | L100: 0 | M100: 0 | N100: 0 | O100: 0 | P100: 0 | Q100: 0 | R100: 0 | S100: 2 | T100: 0 | U100: 0 | V100: 0 | W100: =SUM(E100:V100) -> 2
C101: 8. ABD. KADIR ASSEGAFF | E101: 0 | F101: 0 | G101: 0 | H101: 0 | I101: 0 | J101: 0 | K101: 0 | L101: 0 | M101: 0 | N101: 0 | O101: 0 | P101: 1 | Q101: 0 | R101: 0 | S101: 1 | T101: 0 | U101: 0 | V101: 0 | W101: =SUM(E101:V101) -> 2
C102: 9. FATHOR ZAINULLAH | E102: 0 | F102: 0 | G102: 0 | H102: 1 | I102: 0 | J102: 0 | K102: 0 | L102: 0 | M102: 0 | N102: 0 | O102: 0 | P102: 0 | Q102: 0 | R102: 0 | S102: 3 | T102: 0 | U102: 0 | V102: 0 | W102: =SUM(E102:V102) -> 4
A103: B | B103: JUMLAH SUARA SAH PARTAI POLITIK DAN CALON (A1 + A2) | E103: =SUM(E93:E102) -> 0 | F103: =SUM(F93:F102) -> 0 | G103: =SUM(G93:G102) -> 2 | H103: =SUM(H93:H102) -> 2 | I103: =SUM(I93:I102) -> 1 | J103: =SUM(J93:J102) -> 1 | K103: =SUM(K93:K102) -> 5 | L103: =SUM(L93:L102) -> 1 | ... V103: =SUM(V93:V102) -> 16 | W103: =SUM(E103:V103) -> 104
A105: A.1 | B105: 6. | C105: Partai Buruh | E105: 0 | F105: 2 | G105: 0 | H105: 1 | I105: 0 | J105: 0 | K105: 1 | L105: 0 | M105: 0 | N105: 1 | O105: 0 | P105: 0 | Q105: 1 | R105: 0 | S105: 3 | T105: 0 | U105: 2 | V105: 2 | W105: =SUM(E105:V105) -> 13
A106: A.2 | C106: 1. AGUS SUPRIYADI | E106: 0 | F106: 0 | G106: 0 | H106: 0 | I106: 0 | J106: 1 | K106: 0 | L106: 0 | M106: 0 | N106: 0 | O106: 0 | P106: 0 | Q106: 0 | R106: 1 | S106: 1 | T106: 0 | U106: 0 | V106: 1 | W106: =SUM(E106:V106) -> 4
C107: 2. ENI HARIATI | E107: 0 | F107: 0 | G107: 0 | H107: 0 | I107: 0 | J107: 0 | K107: 0 | L107: 0 | M107: 0 | N107: 0 | O107: 0 | P107: 0 | Q107: 0 | R107: 0 | S107: 0 | T107: 0 | U107: 0 | V107: 0 | W107: =SUM(E107:V107) -> 0
A115: B | B115: JUMLAH SUARA SAH PARTAI POLITIK DAN CALON (A1 + A2) | E115: =SUM(E105:E112) -> 0 | F115: =SUM(F105:F112) -> 2 | G115: =SUM(G105:G112) -> 0 | H115: =SUM(H105:H112) -> 1 | I115: =SUM(I105:I112) -> 0 | J115: =SUM(J105:J112) -> 1 | K115: =SUM(K105:K112) -> 1 | L115: =SUM(L105:L112) -> 0 | ... V115: =SUM(V105:V112) -> 3 | W115: =SUM(E115:V115) -> 17
A117: A.1 | B117: 7. | C117: Partai Gelombang Rakyat Indonesia | E117: 0 | F117: 0 | G117: 0 | H117: 0 | I117: 2 | J117: 1 | K117: 0 | L117: 1 | M117: 0 | N117: 1 | O117: 0 | P117: 2 | Q117: 0 | R117: 0 | S117: 1 | T117: 2 | U117: 0 | V117: 3 | W117: =SUM(E117:V117) -> 13
A118: A.2 | C118: 1. MIRZA MUHROSNI AROMA | E118: 0 | F118: 0 | G118: 0 | H118: 0 | I118: 0 | J118: 0 | K118: 1 | L118: 0 | M118: 0 | N118: 0 | O118: 1 | P118: 1 | Q118: 1 | R118: 0 | S118: 0 | T118: 0 | U118: 1 | V118: 0 | W118: =SUM(E118:V118) -> 5
C119: 2. ACHMAD BAGUS SUGIARTO | E119: 0 | F119: 0 | G119: 0 | H119: 0 | I119: 0 | J119: 0 | K119: 0 | L119: 0 | M119: 0 | N119: 0 | O119: 0 | P119: 0 | Q119: 0 | R119: 0 | S119: 0 | T119: 0 | U119: 0 | V119: 0 | W119: =SUM(E119:V119) -> 0
C120: 3. ELOK FITRIYA NINGSIH | E120: 0 | F120: 0 | G120: 0 | H120: 0 | I120: 0 | J120: 0 | K120: 0 | L120: 0 | M120: 0 | N120: 0 | O120: 0 | P120: 0 | Q120: 1 | R120: 0 | S120: 0 | T120: 0 | U120: 0 | V120: 0 | W120: =SUM(E120:V120) -> 1
C121: 4. MADI | E121: 0 | F121: 0 | G121: 0 | H121: 0 | I121: 0 | J121: 0 | K121: 1 | L121: 0 | M121: 0 | N121: 0 | O121: 0 | P121: 0 | Q121: 0 | R121: 0 | S121: 0 | T121: 0 | U121: 0 | V121: 0 | W121: =SUM(E121:V121) -> 1
C122: 5. LUKY PERMANASARI | E122: 0 | F122: 0 | G122: 0 | H122: 0 | I122: 0 | J122: 0 | K122: 0 | L122: 0 | M122: 0 | N122: 0 | O122: 0 | P122: 0 | Q122: 0 | R122: 0 | S122: 0 | T122: 0 | U122: 0 | V122: 0 | W122: =SUM(E122:V122) -> 0
A127: B | B127: JUMLAH SUARA SAH PARTAI POLITIK DAN CALON (A1 + A2) | E127: =SUM(E117:E126) -> 0 | F127: =SUM(F117:F126) -> 0 | G127: =SUM(G117:G126) -> 0 | H127: =SUM(H117:H126) -> 0 | I127: =SUM(I117:I126) -> 2 | J127: =SUM(J117:J126) -> 1 | K127: =SUM(K117:K126) -> 2 | L127: =SUM(L117:L126) -> 1 | ... V127: =SUM(V117:V126) -> 3 | W127: =SUM(E127:V127) -> 20
A129: A.1 | B129: 8. | C129: Partai Keadilan Sejahtera | E129: 3 | F129: 3 | G129: 2 | H129: 0 | I129: 0 | J129: 1 | K129: 1 | L129: 1 | M129: 1 | N129: 0 | O129: 2 | P129: 1 | Q129: 11 | R129: 2 | S129: 3 | T129: 5 | U129: 2 | V129: 3 | W129: =SUM(E129:V129) -> 41
...

Sheet TAMANSARI
C2: Kecamatan | D2: LICIN
C3: Kabupaten | D3: BANYUWANGI
C4: Provinsi | D4: JAWA TIMUR
C9: Kelurahan | D9: TAMANSARI
A12: I | B12: DATA PEMILIH DAN PENGGUNAAN HAK PILIH | AD12: JUMLAH AKHIR
A13: A | B13: DATA PEMILIH | E13: TPS 001 | F13: TPS 002 | G13: TPS 003 | H13: TPS 004 | I13: TPS 005 | J13: TPS 006 | K13: TPS 007 | L13: TPS 008 | M13: TPS 009 | N13: TPS 010 | O13: TPS 011 | P13: TPS 012 | Q13: TPS 013 | R13: TPS 014 | S13: TPS 015 | T13: TPS 016 | U13: TPS 017 | V13: TPS 018 | W13: TPS 019 | X13: TPS 020 | Y13: TPS 021 | Z13: TPS 022 | AA13: TPS 023 | AB13: TPS 024 | AC13: TPS 025
B14: Jumlah Pemilih dalam Daftar Pemilih Tetap (DPT) | D14: LK | E14: 102 | F14: 102 | G14: 105 | H14: 102 | I14: 98 | J14: 96 | K14: 86 | L14: 99 | M14: 106 | N14: 147 | O14: 106 | P14: 96 | Q14: 129 | R14: 110 | S14: 88 | T14: 88 | U14: 101 | V14: 140 | W14: 124 | X14: 130 | Y14: 92 | Z14: 115 | AA14: 121 | AB14: 73 | AC14: 89 | AD14: =SUM(E14:AC14) -> 2645
D15: PR | E15: 103 | F15: 105 | G15: 114 | H15: 104 | I15: 102 | J15: 98 | K15: 90 | L15: 102 | M15: 98 | N15: 138 | O15: 105 | P15: 108 | Q15: 124 | R15: 106 | S15: 100 | T15: 83 | U15: 92 | V15: 138 | W15: 138 | X15: 135 | Y15: 92 | Z15: 115 | AA15: 126 | AB15: 79 | AC15: 96 | AD15: =SUM(E15:AC15) -> 2691
D16: JML | E16: =SUM(E14:E15) -> 205 | F16: =SUM(F14:F15) -> 207 | G16: =SUM(G14:G15) -> 219 | H16: =SUM(H14:H15) -> 206 | I16: =SUM(I14:I15) -> 200 | J16: =SUM(J14:J15) -> 194 | K16: =SUM(K14:K15) -> 176 | L16: =SUM(L14:L15) -> 201 | ... AC16: =SUM(AC14:AC15) -> 185 | AD16: =SUM(E16:AC16) -> 5336
A18: B | B18: PENGGUNA HAK PILIH
B19: 1. | C19: Jumlah pengguna hak pilih dalam Daftar Pemilih Tetap (DPT) | D19: LK | E19: 80 | F19: 70 | G19: 73 | H19: 81 | I19: 73 | J19: 72 | K19: 62 | L19: 78 | M19: 86 | N19: 108 | O19: 85 | P19: 75 | Q19: 117 | R19: 89 | S19: 71 | T19: 77 | U19: 84 | V19: 110 | W19: 94 | X19: 101 | Y19: 74 | Z19: 92 | AA19: 104 | AB19: 71 | AC19: 68 | AD19: =SUM(E19:AC19) -> 2095
D20: PR | E20: 82 | F20: 74 | G20: 92 | H20: 85 | I20: 79 | J20: 78 | K20: 73 | L20: 91 | M20: 80 | N20: 110 | O20: 85 | P20: 88 | Q20: 113 | R20: 89 | S20: 86 | T20: 76 | U20: 83 | V20: 114 | W20: 111 | X20: 122 | Y20: 78 | Z20: 92 | AA20: 102 | AB20: 61 | AC20: 76 | AD20: =SUM(E20:AC20) -> 2220
D21: JML | E21: =SUM(E19:E20) -> 162 | F21: =SUM(F19:F20) -> 144 | G21: =SUM(G19:G20) -> 165 | H21: =SUM(H19:H20) -> 166 | I21: =SUM(I19:I20) -> 152 | J21: =SUM(J19:J20) -> 150 | K21: =SUM(K19:K20) -> 135 | L21: =SUM(L19:L20) -> 169 | ... AC21: =SUM(AC19:AC20) -> 144 | AD21: =SUM(E21:AC21) -> 4315
B22: 2. | C22: Jumlah pengguna hak pilih dalam Daftar Pemilih Tambahan (DPTb) | D22: LK | E22: 0 | F22: 0 | G22: 0 | H22: 0 | I22: 0 | J22: 0 | K22: 0 | L22: 0 | M22: 0 | N22: 0 | O22: 0 | P22: 1 | Q22: 0 | R22: 0 | S22: 0 | T22: 0 | U22: 0 | V22: 0 | W22: 0 | X22: 0 | Y22: 0 | Z22: 0 | AA22: 0 | AB22: 0 | AC22: 0 | AD22: =SUM(E22:AC22) -> 1
D23: PR | E23: 0 | F23: 0 | G23: 0 | H23: 0 | I23: 0 | J23: 0 | K23: 0 | L23: 0 | M23: 0 | N23: 0 | O23: 0 | P23: 0 | Q23: 0 | R23: 0 | S23: 0 | T23: 0 | U23: 0 | V23: 0 | W23: 0 | X23: 0 | Y23: 0 | Z23: 0 | AA23: 0 | AB23: 0 | AC23: 0 | AD23: =SUM(E23:AC23) -> 0
D24: JML | E24: =SUM(E22:E23) -> 0 | F24: =SUM(F22:F23) -> 0 | G24: =SUM(G22:G23) -> 0 | H24: =SUM(H22:H23) -> 0 | I24: =SUM(I22:I23) -> 0 | J24: =SUM(J22:J23) -> 0 | K24: =SUM(K22:K23) -> 0 | L24: =SUM(L22:L23) -> 0 | ... AC24: =SUM(AC22:AC23) -> 0 | AD24: =SUM(E24:AC24) -> 1
B25: 3. | C25: Jumlah pengguna hak pilih dalam Daftar Pemilih Khusus (DPK) | D25: LK | E25: 1 | F25: 0 | G25: 1 | H25: 0 | I25: 1 | J25: 2 | K25: 0 | L25: 0 | M25: 0 | N25: 1 | O25: 1 | P25: 11 | Q25: 0 | R25: 5 | S25: 4 | T25: 3 | U25: 3 | V25: 1 | W25: 3 | X25: 0 | Y25: 3 | Z25: 3 | AA25: 1 | AB25: 2 | AC25: 1 | AD25: =SUM(E25:AC25) -> 47
D26: PR | E26: 1 | F26: 1 | G26: 2 | H26: 0 | I26: 0 | J26: 2 | K26: 0 | L26: 2 | M26: 1 | N26: 0 | O26: 2 | P26: 11 | Q26: 0 | R26: 5 | S26: 2 | T26: 4 | U26: 4 | V26: 0 | W26: 4 | X26: 0 | Y26: 3 | Z26: 0 | AA26: 2 | AB26: 4 | AC26: 2 | AD26: =SUM(E26:AC26) -> 52
D27: JML | E27: =SUM(E25:E26) -> 2 | F27: =SUM(F25:F26) -> 1 | G27: =SUM(G25:G26) -> 3 | H27: =SUM(H25:H26) -> 0 | I27: =SUM(I25:I26) -> 1 | J27: =SUM(J25:J26) -> 4 | K27: =SUM(K25:K26) -> 0 | L27: =SUM(L25:L26) -> 2 | ... AC27: =SUM(AC25:AC26) -> 3 | AD27: =SUM(E27:AC27) -> 99
B28: 4. | C28: Jumlah Pengguna Hak Pilih (B.1+B.2+B.3) | D28: LK | E28: =SUM(E19,E22,E25) -> 81 | F28: =SUM(F19,F22,F25) -> 70 | G28: =SUM(G19,G22,G25) -> 74 | H28: =SUM(H19,H22,H25) -> 81 | I28: =SUM(I19,I22,I25) -> 74 | J28: =SUM(J19,J22,J25) -> 74 | K28: =SUM(K19,K22,K25) -> 62 | L28: =SUM(L19,L22,L25) -> 78 | ... AC28: =SUM(AC19,AC22,AC25) -> 69 | AD28: =SUM(E28:AC28) -> 2143
D29: PR | E29: =SUM(E20,E23,E26) -> 83 | F29: =SUM(F20,F23,F26) -> 75 | G29: =SUM(G20,G23,G26) -> 94 | H29: =SUM(H20,H23,H26) -> 85 | I29: =SUM(I20,I23,I26) -> 79 | J29: =SUM(J20,J23,J26) -> 80 | K29: =SUM(K20,K23,K26) -> 73 | L29: =SUM(L20,L23,L26) -> 93 | ... AC29: =SUM(AC20,AC23,AC26) -> 78 | AD29: =SUM(E29:AC29) -> 2272
D30: JML | E30: =SUM(E28:E29) -> 164 | F30: =SUM(F28:F29) -> 145 | G30: =SUM(G28:G29) -> 168 | H30: =SUM(H28:H29) -> 166 | I30: =SUM(I28:I29) -> 153 | J30: =SUM(J28:J29) -> 154 | K30: =SUM(K28:K29) -> 135 | L30: =SUM(L28:L29) -> 171 | ... AC30: =SUM(AC28:AC29) -> 147 | AD30: =SUM(E30:AC30) -> 4415
A32: II | B32: DATA PENGGUNAAN SURAT SUARA
A33: 1 | B33: Jumlah surat suara yang diterima, termasuk surat suara cadangan 2,5% dari DPT | E33: 210 | F33: 212 | G33: 224 | H33: 170 | I33: 205 | J33: 199 | K33: 181 | L33: 206 | M33: 208 | N33: 291 | O33: 216 | P33: 209 | Q33: 259 | R33: 221 | S33: 195 | T33: 176 | U33: 197 | V33: 284 | W33: 267 | X33: 270 | Y33: 188 | Z33: 235 | AA33: 252 | AB33: 156 | AC33: 190 | AD33: =SUM(E33:AC33) -> 5421
A34: 2 | B34: Jumlah surat suara yang digunakan | E34: 164 | F34: 145 | G34: 168 | H34: 166 | I34: 153 | J34: 154 | K34: 135 | L34: 171 | M34: 167 | N34: 219 | O34: 173 | P34: 186 | Q34: 230 | R34: 188 | S34: 163 | T34: 160 | U34: 172 | V34: 225 | W34: 212 | X34: 223 | Y34: 158 | Z34: 187 | AA34: 209 | AB34: 138 | AC34: 147 | AD34: =SUM(E34:AC34) -> 4413
A35: 3 | B35: Jumlah surat suara dikembalikan oleh pemilih (karena rusak atau keliru coblos) | E35: 1 | F35: 0 | G35: 0 | H35: 1 | I35: 0 | J35: 0 | K35: 0 | L35: 0 | M35: 0 | N35: 0 | O35: 0 | P35: 0 | Q35: 0 | R35: 0 | S35: 0 | T35: 0 | U35: 0 | V35: 0 | W35: 0 | X35: 0 | Y35: 0 | Z35: 2 | AA35: 0 | AB35: 0 | AC35: 0 | AD35: =SUM(E35:AC35) -> 4
A36: 4 | B36: Jumlah surat suara yang tidak digunakan/tidak terpakai, termasuk sisa surat suara cadangan | E36: =E33-(E34+E35) -> 45 | F36: =F33-(F34+F35) -> 67 | G36: =G33-(G34+G35) -> 56 | H36: =H33-(H34+H35) -> 3 | I36: =I33-(I34+I35) -> 52 | J36: =J33-(J34+J35) -> 45 | K36: =K33-(K34+K35) -> 46 | L36: =L33-(L34+L35) -> 35 | ... AC36: =AC33-(AC34+AC35) -> 43 | AD36: =SUM(E36:AC36) -> 1004
A38: III | B38: DATA PEMILIH DISABILITAS
B39: Jumlah seluruh Pemilih disabilitas yang menggunakan hak pilih | D39: LK | E39: 1 | F39: 2 | G39: 0 | H39: 0 | I39: 2 | J39: 0 | K39: 0 | L39: 0 | M39: 0 | N39: 0 | O39: 0 | P39: 1 | Q39: 0 | R39: 0 | S39: 0 | T39: 0 | U39: 0 | V39: 0 | W39: 0 | X39: 1 | Y39: 0 | Z39: 0 | AA39: 0 | AB39: 0 | AC39: 0 | AD39: =SUM(E39:AC39) -> 7
D40: PR | E40: 0 | F40: 1 | G40: 0 | H40: 0 | I40: 1 | J40: 0 | K40: 0 | L40: 0 | M40: 0 | N40: 0 | O40: 0 | P40: 0 | Q40: 0 | R40: 0 | S40: 0 | T40: 0 | U40: 0 | V40: 0 | W40: 0 | X40: 1 | Y40: 0 | Z40: 0 | AA40: 0 | AB40: 0 | AC40: 0 | AD40: =SUM(E40:AC40) -> 3
D41: JML | E41: =SUM(E39:E40) -> 1 | F41: =SUM(F39:F40) -> 3 | G41: =SUM(G39:G40) -> 0 | H41: =SUM(H39:H40) -> 0 | I41: =SUM(I39:I40) -> 3 | J41: =SUM(J39:J40) -> 0 | K41: =SUM(K39:K40) -> 0 | L41: =SUM(L39:L40) -> 0 | ... AC41: =SUM(AC39:AC40) -> 0 | AD41: =SUM(E41:AC41) -> 10
A43: IV | B43: DATA RINCIAN PEROLEHAN SUARA PASANGAN CALON BUPATI DAN WAKIL BUPATI
A44: NOMOR DAN NAMA CALON
A45: A.1 | B45: 1. | C45: Partai Kebangkitan Bangsa | E45: 5 | F45: 8 | G45: 9 | H45: 6 | I45: 7 | J45: 7 | K45: 8 | L45: 23 | M45: 10 | N45: 13 | O45: 23 | P45: 5 | Q45: 16 | R45: 4 | S45: 10 | T45: 12 | U45: 10 | V45: 16 | W45: 13 | X45: 7 | Y45: 4 | Z45: 7 | AA45: 24 | AB45: 17 | AC45: 14 | AD45: =SUM(E45:AC45) -> 278
A46: A.2 | C46: 1. Dra. Hj. MA`MULAH HARUN, M.Pd.I. | E46: 7 | F46: 11 | G46: 15 | H46: 18 | I46: 24 | J46: 33 | K46: 16 | L46: 17 | M46: 21 | N46: 15 | O46: 18 | P46: 14 | Q46: 12 | R46: 6 | S46: 11 | T46: 27 | U46: 20 | V46: 22 | W46: 35 | X46: 21 | Y46: 19 | Z46: 18 | AA46: 22 | AB46: 22 | AC46: 19 | AD46: =SUM(E46:AC46) -> 463
C47: 2. UBAIDILLAH, S.Fil.I. | E47: 0 | F47: 1 | G47: 5 | H47: 1 | I47: 2 | J47: 0 | K47: 3 | L47: 1 | M47: 1 | N47: 3 | O47: 2 | P47: 2 | Q47: 7 | R47: 1 | S47: 2 | T47: 2 | U47: 3 | V47: 1 | W47: 1 | X47: 1 | Y47: 2 | Z47: 0 | AA47: 2 | AB47: 15 | AC47: 6 | AD47: =SUM(E47:AC47) -> 64
C48: 3. Ir. H. YOYOK MULYADI, M.Si. | E48: 0 | F48: 2 | G48: 2 | H48: 3 | I48: 0 | J48: 0 | K48: 1 | L48: 4 | M48: 1 | N48: 7 | O48: 1 | P48: 3 | Q48: 7 | R48: 3 | S48: 4 | T48: 1 | U48: 6 | V48: 6 | W48: 6 | X48: 0 | Y48: 4 | Z48: 1 | AA48: 2 | AB48: 13 | AC48: 2 | AD48: =SUM(E48:AC48) -> 79
C49: 4. KHOIRUL ANWAR, S.Fil.I. | E49: 1 | F49: 0 | G49: 0 | H49: 0 | I49: 1 | J49: 0 | K49: 2 | L49: 1 | M49: 0 | N49: 2 | O49: 0 | P49: 0 | Q49: 3 | R49: 1 | S49: 1 | T49: 0 | U49: 0 | V49: 1 | W49: 3 | X49: 1 | Y49: 0 | Z49: 1 | AA49: 1 | AB49: 2 | AC49: 3 | AD49: =SUM(E49:AC49) -> 24
C50: 5. ARIF WIJAKSANA | E50: 2 | F50: 0 | G50: 1 | H50: 0 | I50: 0 | J50: 0 | K50: 0 | L50: 0 | M50: 0 | N50: 0 | O50: 1 | P50: 0 | Q50: 3 | R50: 0 | S50: 0 | T50: 0 | U50: 0 | V50: 0 | W50: 0 | X50: 1 | Y50: 1 | Z50: 0 | AA50: 0 | AB50: 0 | AC50: 1 | AD50: =SUM(E50:AC50) -> 10
C51: 6. Dr. SITI YUMNAH | E51: 0 | F51: 0 | G51: 0 | H51: 0 | I51: 1 | J51: 0 | K51: 0 | L51: 0 | M51: 2 | N51: 1 | O51: 0 | P51: 0 | Q51: 0 | R51: 0 | S51: 0 | T51: 0 | U51: 1 | V51: 0 | W51: 0 | X51: 1 | Y51: 0 | Z51: 0 | AA51: 1 | AB51: 0 | AC51: 0 | AD51: =SUM(E51:AC51) -> 7
C52: 7. MOHAMMAD ZAINI, M.Pd.I. | E52: 0 | F52: 0 | G52: 0 | H52: 0 | I52: 1 | J52: 0 | K52: 0 | L52: 0 | M52: 0 | N52: 0 | O52: 0 | P52: 1 | Q52: 0 | R52: 0 | S52: 0 | T52: 0 | U52: 0 | V52: 0 | W52: 1 | X52: 0 | Y52: 0 | Z52: 0 | AA52: 0 | AB52: 0 | AC52: 1 | AD52: =SUM(E52:AC52) -> 4
C53: 8. FAWAIDUL MAKKIYAH | E53: 0 | F53: 0 | G53: 0 | H53: 0 | I53: 0 | J53: 0 | K53: 0 | L53: 1 | M53: 0 | N53: 1 | O53: 0 | P53: 0 | Q53: 0 | R53: 1 | S53: 0 | T53: 0 | U53: 0 | V53: 0 | W53: 0 | X53: 0 | Y53: 0 | Z53: 1 | AA53: 3 | AB53: 0 | AC53: 0 | AD53: =SUM(E53:AC53) -> 7
C54: 9. IFFAH HIDAYATUR ROHMAH, S.Sos. | E54: 0 | F54: 0 | G54: 1 | H54: 0 | I54: 1 | J54: 0 | K54: 0 | L54: 0 | M54: 0 | N54: 0 | O54: 0 | P54: 0 | Q54: 0 | R54: 0 | S54: 0 | T54: 1 | U54: 1 | V54: 0 | W54: 1 | X54: 0 | Y54: 0 | Z54: 0 | AA54: 0 | AB54: 0 | AC54: 0 | AD54: =SUM(E54:AC54) -> 5
A55: B | B55: JUMLAH SUARA SAH PARTAI POLITIK DAN CALON (A1 + A2) | E55: =SUM(E45:E54) -> 15 | F55: =SUM(F45:F54) -> 22 | G55: =SUM(G45:G54) -> 33 | H55: =SUM(H45:H54) -> 28 | I55: =SUM(I45:I54) -> 37 | J55: =SUM(J45:J54) -> 40 | K55: =SUM(K45:K54) -> 30 | L55: =SUM(L45:L54) -> 47 | ... AC55: =SUM(AC45:AC54) -> 46 | AD55: =SUM(E55:AC55) -> 941
A57: A.1 | B57: 2. | C57: Partai Gerakan Indonesia Raya | E57: 11 | F57: 13 | G57: 6 | H57: 9 | I57: 6 | J57: 4 | K57: 10 | L57: 7 | M57: 15 | N57: 15 | O57: 8 | P57: 14 | Q57: 19 | R57: 20 | S57: 7 | T57: 13 | U57: 9 | V57: 16 | W57: 14 | X57: 10 | Y57: 11 | Z57: 22 | AA57: 34 | AB57: 5 | AC57: 6 | AD57: =SUM(E57:AC57) -> 304
A58: A.2 | C58: 1. AHMAD HADINUDDIN, S.Pd.I. | E58: 6 | F58: 5 | G58: 8 | H58: 2 | I58: 7 | J58: 4 | K58: 6 | L58: 9 | M58: 10 | N58: 11 | O58: 5 | P58: 9 | Q58: 3 | R58: 6 | S58: 6 | T58: 11 | U58: 5 | V58: 10 | W58: 4 | X58: 6 | Y58: 3 | Z58: 7 | AA58: 10 | AB58: 1 | AC58: 3 | AD58: =SUM(E58:AC58) -> 157
C59: 2. BIMA RAFSANJANI RAFID | E59: 6 | F59: 10 | G59: 11 | H59: 13 | I59: 2 | J59: 1 | K59: 6 | L59: 8 | M59: 11 | N59: 21 | O59: 5 | P59: 19 | Q59: 19 | R59: 18 | S59: 13 | T59: 14 | U59: 4 | V59: 18 | W59: 8 | X59: 2 | Y59: 7 | Z59: 19 | AA59: 14 | AB59: 2 | AC59: 13 | AD59: =SUM(E59:AC59) -> 264
C60: 3. IRA DAMAYANTI | E60: 6 | F60: 1 | G60: 2 | H60: 0 | I60: 2 | J60: 1 | K60: 2 | L60: 0 | M60: 1 | N60: 0 | O60: 1 | P60: 2 | Q60: 3 | R60: 2 | S60: 2 | T60: 4 | U60: 4 | V60: 1 | W60: 3 | X60: 4 | Y60: 5 | Z60: 2 | AA60: 2 | AB60: 1 | AC60: 2 | AD60: =SUM(E60:AC60) -> 53
C61: 4. MAULANA MALIK IBRAHIM, S.H. | E61: 4 | F61: 6 | G61: 3 | H61: 1 | I61: 1 | J61: 2 | K61: 2 | L61: 0 | M61: 0 | N61: 1 | O61: 1 | P61: 1 | Q61: 1 | R61: 1 | S61: 1 | T61: 1 | U61: 0 | V61: 1 | W61: 1 | X61: 3 | Y61: 1 | Z61: 0 | AA61: 1 | AB61: 0 | AC61: 1 | AD61: =SUM(E61:AC61) -> 34
C62: 5. LULUK ALFIATI | E62: 2 | F62: 1 | G62: 0 | H62: 0 | I62: 0 | J62: 0 | K62: 0 | L62: 0 | M62: 0 | N62: 0 | O62: 0 | P62: 0 | Q62: 2 | R62: 0 | S62: 0 | T62: 0 | U62: 2 | V62: 0 | W62: 1 | X62: 0 | Y62: 3 | Z62: 1 | AA62: 1 | AB62: 1 | AC62: 1 | AD62: =SUM(E62:AC62) -> 15
C63: 6. ILHAM WAHYUDI, S.H. | E63: 0 | F63: 0 | G63: 0 | H63: 0 | I63: 1 | J63: 0 | K63: 0 | L63: 0 | M63: 0 | N63: 2 | O63: 1 | P63: 0 | Q63: 0 | R63: 1 | S63: 0 | T63: 0 | U63: 1 | V63: 1 | W63: 0 | X63: 1 | Y63: 1 | Z63: 0 | AA63: 1 | AB63: 0 | AC63: 0 | AD63: =SUM(E63:AC63) -> 10
C64: 7. HAERUL ANWAR, S.Pd.I. | E64: 1 | F64: 0 | G64: 0 | H64: 0 | I64: 0 | J64: 0 | K64: 0 | L64: 0 | M64: 0 | N64: 0 | O64: 0 | P64: 1 | Q64: 0 | R64: 0 | S64: 0 | T64: 0 | U64: 0 | V64: 0 | W64: 1 | X64: 2 | Y64: 0 | Z64: 0 | AA64: 0 | AB64: 0 | AC64: 0 | AD64: =SUM(E64:AC64) -> 5
C65: 8. YOVI ADHITYA WARDANI | E65: 1 | F65: 1 | G65: 0 | H65: 1 | I65: 0 | J65: 0 | K65: 0 | L65: 0 | M65: 0 | N65: 0 | O65: 0 | P65: 0 | Q65: 1 | R65: 0 | S65: 1 | T65: 0 | U65: 0 | V65: 0 | W65: 0 | X65: 0 | Y65: 0 | Z65: 1 | AA65: 0 | AB65: 0 | AC65: 0 | AD65: =SUM(E65:AC65) -> 6
C66: 9. RITA AMELIA | E66: 2 | F66: 0 | G66: 0 | H66: 1 | I66: 1 | J66: 0 | K66: 0 | L66: 0 | M66: 0 | N66: 0 | O66: 0 | P66: 0 | Q66: 0 | R66: 1 | S66: 0 | T66: 0 | U66: 0 | V66: 0 | W66: 0 | X66: 0 | Y66: 0 | Z66: 0 | AA66: 0 | AB66: 0 | AC66: 2 | AD66: =SUM(E66:AC66) -> 7
A67: B | B67: JUMLAH SUARA SAH PARTAI POLITIK DAN CALON (A1 + A2) | E67: =SUM(E57:E66) -> 39 | F67: =SUM(F57:F66) -> 37 | G67: =SUM(G57:G66) -> 30 | H67: =SUM(H57:H66) -> 27 | I67: =SUM(I57:I66) -> 20 | J67: =SUM(J57:J66) -> 12 | K67: =SUM(K57:K66) -> 26 | L67: =SUM(L57:L66) -> 24 | ... AC67: =SUM(AC57:AC66) -> 28 | AD67: =SUM(E67:AC67) -> 855
A69: A.1 | B69: 3. | C69: Partai Demokrasi Indonesia Perjuangan | E69: 6 | F69: 6 | G69: 7 | H69: 6 | I69: 4 | J69: 7 | K69: 5 | L69: 2 | M69: 3 | N69: 7 | O69: 6 | P69: 2 | Q69: 3 | R69: 15 | S69: 11 | T69: 5 | U69: 5 | V69: 7 | W69: 4 | X69: 6 | Y69: 2 | Z69: 12 | AA69: 5 | AB69: 0 | AC69: 5 | AD69: =SUM(E69:AC69) -> 141
A70: A.2 | C70: 1. MARTIN H., S.H., M.H. | E70: 3 | F70: 1 | G70: 5 | H70: 2 | I70: 2 | J70: 1 | K70: 3 | L70: 1 | M70: 4 | N70: 5 | O70: 3 | P70: 4 | Q70: 1 | R70: 5 | S70: 1 | T70: 2 | U70: 1 | V70: 1 | W70: 3 | X70: 3 | Y70: 3 | Z70: 3 | AA70: 2 | AB70: 1 | AC70: 3 | AD70: =SUM(E70:AC70) -> 63
C71: 2. HERMANTO, S.E. | E71: 4 | F71: 4 | G71: 2 | H71: 3 | I71: 1 | J71: 2 | K71: 4 | L71: 0 | M71: 0 | N71: 1 | O71: 2 | P71: 6 | Q71: 2 | R71: 7 | S71: 3 | T71: 3 | U71: 9 | V71: 5 | W71: 2 | X71: 5 | Y71: 2 | Z71: 3 | AA71: 2 | AB71: 3 | AC71: 0 | AD71: =SUM(E71:AC71) -> 75
C72: 3. EVY SUSILAWATI, S.E., M.M. | E72: 1 | F72: 3 | G72: 2 | H72: 0 | I72: 0 | J72: 0 | K72: 1 | L72: 2 | M72: 0 | N72: 1 | O72: 1 | P72: 0 | Q72: 2 | R72: 0 | S72: 0 | T72: 1 | U72: 3 | V72: 2 | W72: 1 | X72: 3 | Y72: 1 | Z72: 1 | AA72: 1 | AB72: 1 | AC72: 1 | AD72: =SUM(E72:AC72) -> 28
C73: 4. M. SIROTTUDIN | E73: 2 | F73: 0 | G73: 0 | H73: 1 | I73: 0 | J73: 0 | K73: 1 | L73: 0 | M73: 2 | N73: 1 | O73: 0 | P73: 0 | Q73: 1 | R73: 11 | S73: 0 | T73: 0 | U73: 0 | V73: 2 | W73: 5 | X73: 0 | Y73: 0 | Z73: 1 | AA73: 0 | AB73: 1 | AC73: 2 | AD73: =SUM(E73:AC73) -> 30
C74: 5. ABDUL HAFID, S.H. | E74: 1 | F74: 1 | G74: 4 | H74: 1 | I74: 3 | J74: 7 | K74: 2 | L74: 2 | M74: 4 | N74: 3 | O74: 0 | P74: 2 | Q74: 0 | R74: 0 | S74: 0 | T74: 1 | U74: 4 | V74: 1 | W74: 2 | X74: 3 | Y74: 1 | Z74: 4 | AA74: 0 | AB74: 0 | AC74: 0 | AD74: =SUM(E74:AC74) -> 46
C75: 6. NIKITA FORTUNA SURYANINGATI, A.Md.Keb. | E75: 1 | F75: 0 | G75: 2 | H75: 0 | I75: 0 | J75: 0 | K75: 0 | L75: 0 | M75: 1 | N75: 0 | O75: 0 | P75: 0 | Q75: 0 | R75: 0 | S75: 0 | T75: 0 | U75: 0 | V75: 1 | W75: 0 | X75: 1 | Y75: 0 | Z75: 1 | AA75: 0 | AB75: 0 | AC75: 0 | AD75: =SUM(E75:AC75) -> 7
C76: 7. YUDHO ILHAM WIJAYA, S.E. | E76: 0 | F76: 0 | G76: 0 | H76: 0 | I76: 0 | J76: 0 | K76: 0 | L76: 0 | M76: 0 | N76: 0 | O76: 0 | P76: 0 | Q76: 0 | R76: 2 | S76: 0 | T76: 0 | U76: 1 | V76: 0 | W76: 1 | X76: 1 | Y76: 0 | Z76: 2 | AA76: 0 | AB76: 0 | AC76: 0 | AD76: =SUM(E76:AC76) -> 7
C77: 8. SETIAWATI, S.H. | E77: 1 | F77: 0 | G77: 0 | H77: 0 | I77: 0 | J77: 0 | K77: 0 | L77: 0 | M77: 0 | N77: 0 | O77: 0 | P77: 0 | Q77: 0 | R77: 0 | S77: 0 | T77: 0 | U77: 0 | V77: 0 | W77: 0 | X77: 0 | Y77: 0 | Z77: 0 | AA77: 0 | AB77: 0 | AC77: 0 | AD77: =SUM(E77:AC77) -> 1
C78: 9. EKO BUDI SANTOSO, S.H. | E78: 0 | F78: 0 | G78: 2 | H78: 1 | I78: 0 | J78: 1 | K78: 0 | L78: 0 | M78: 0 | N78: 0 | O78: 0 | P78: 0 | Q78: 0 | R78: 0 | S78: 0 | T78: 0 | U78: 0 | V78: 0 | W78: 1 | X78: 0 | Y78: 0 | Z78: 1 | AA78: 0 | AB78: 0 | AC78: 0 | AD78: =SUM(E78:AC78) -> 6
A79: B | B79: JUMLAH SUARA SAH PARTAI POLITIK DAN CALON (A1 + A2) | E79: =SUM(E69:E78) -> 19 | F79: =SUM(F69:F78) -> 15 | G79: =SUM(G69:G78) -> 24 | H79: =SUM(H69:H78) -> 14 | I79: =SUM(I69:I78) -> 10 | J79: =SUM(J69:J78) -> 18 | K79: =SUM(K69:K78) -> 16 | L79: =SUM(L69:L78) -> 7 | ... AC79: =SUM(AC69:AC78) -> 11 | AD79: =SUM(E79:AC79) -> 404
A81: A.1 | B81: 4. | C81: Partai Golongan Karya | E81: 6 | F81: 5 | G81: 5 | H81: 10 | I81: 2 | J81: 2 | K81: 2 | L81: 5 | M81: 0 | N81: 8 | O81: 20 | P81: 9 | Q81: 10 | R81: 4 | S81: 1 | T81: 9 | U81: 5 | V81: 10 | W81: 14 | X81: 14 | Y81: 9 | Z81: 11 | AA81: 6 | AB81: 2 | AC81: 11 | AD81: =SUM(E81:AC81) -> 180
A82: A.2 | C82: 1. PRANAYA YUDHA MAHARDHIKA | E82: 5 | F82: 2 | G82: 5 | H82: 24 | I82: 8 | J82: 7 | K82: 1 | L82: 6 | M82: 0 | N82: 7 | O82: 22 | P82: 13 | Q82: 7 | R82: 5 | S82: 11 | T82: 4 | U82: 3 | V82: 8 | W82: 3 | X82: 15 | Y82: 28 | Z82: 6 | AA82: 7 | AB82: 1 | AC82: 16 | AD82: =SUM(E82:AC82) -> 214
C83: 2. Dra. Ec. ENDANG SULASTUTY, M.I.P. | E83: 0 | F83: 1 | G83: 1 | H83: 1 | I83: 0 | J83: 0 | K83: 1 | L83: 2 | M83: 1 | N83: 2 | O83: 7 | P83: 4 | Q83: 2 | R83: 2 | S83: 3 | T83: 5 | U83: 0 | V83: 1 | W83: 2 | X83: 3 | Y83: 0 | Z83: 1 | AA83: 3 | AB83: 2 | AC83: 1 | AD83: =SUM(E83:AC83) -> 45
C84: 3. AGUS REJEKI WARTONO | E84: 0 | F84: 1 | G84: 2 | H84: 0 | I84: 0 | J84: 1 | K84: 1 | L84: 0 | M84: 2 | N84: 1 | O84: 2 | P84: 1 | Q84: 0 | R84: 0 | S84: 1 | T84: 0 | U84: 2 | V84: 1 | W84: 0 | X84: 2 | Y84: 2 | Z84: 0 | AA84: 1 | AB84: 0 | AC84: 0 | AD84: =SUM(E84:AC84) -> 20
C85: 4. Hj. TUTUK ASMA'A ZUCHROH, S.T., M.T. | E85: 0 | F85: 0 | G85: 1 | H85: 2 | I85: 3 | J85: 0 | K85: 0 | L85: 2 | M85: 0 | N85: 0 | O85: 5 | P85: 0 | Q85: 1 | R85: 4 | S85: 1 | T85: 0 | U85: 1 | V85: 2 | W85: 5 | X85: 3 | Y85: 2 | Z85: 0 | AA85: 0 | AB85: 1 | AC85: 0 | AD85: =SUM(E85:AC85) -> 33
C86: 5. ADE M. RIZKI, S.E. | E86: 3 | F86: 0 | G86: 0 | H86: 0 | I86: 1 | J86: 1 | K86: 1 | L86: 0 | M86: 0 | N86: 2 | O86: 1 | P86: 0 | Q86: 0 | R86: 0 | S86: 0 | T86: 1 | U86: 0 | V86: 0 | W86: 2 | X86: 1 | Y86: 0 | Z86: 1 | AA86: 0 | AB86: 0 | AC86: 0 | AD86: =SUM(E86:AC86) -> 14
C87: 6. ABDURAKHMAN, Bc.Kn. | E87: 0 | F87: 1 | G87: 1 | H87: 0 | I87: 2 | J87: 0 | K87: 0 | L87: 1 | M87: 0 | N87: 1 | O87: 0 | P87: 0 | Q87: 0 | R87: 0 | S87: 0 | T87: 0 | U87: 0 | V87: 0 | W87: 0 | X87: 0 | Y87: 0 | Z87: 0 | AA87: 0 | AB87: 0 | AC87: 0 | AD87: =SUM(E87:AC87) -> 6
C88: 7. CENDY RHIYAN ADI PUTRI | E88: 0 | F88: 0 | G88: 1 | H88: 0 | I88: 0 | J88: 1 | K88: 0 | L88: 0 | M88: 0 | N88: 0 | O88: 0 | P88: 0 | Q88: 0 | R88: 0 | S88: 0 | T88: 1 | U88: 0 | V88: 0 | W88: 0 | X88: 0 | Y88: 0 | Z88: 0 | AA88: 0 | AB88: 0 | AC88: 0 | AD88: =SUM(E88:AC88) -> 3
C89: 8. BAKTI WIJAYANTO, S.E. | E89: 0 | F89: 0 | G89: 0 | H89: 0 | I89: 0 | J89: 1 | K89: 0 | L89: 0 | M89: 0 | N89: 1 | O89: 0 | P89: 0 | Q89: 0 | R89: 0 | S89: 0 | T89: 0 | U89: 0 | V89: 0 | W89: 0 | X89: 0 | Y89: 0 | Z89: 0 | AA89: 0 | AB89: 0 | AC89: 0 | AD89: =SUM(E89:AC89) -> 2
C90: 9. AHMAD UBAIDILLAH | E90: 0 | F90: 0 | G90: 0 | H90: 0 | I90: 5 | J90: 0 | K90: 0 | L90: 0 | M90: 0 | N90: 0 | O90: 0 | P90: 0 | Q90: 0 | R90: 0 | S90: 0 | T90: 0 | U90: 0 | V90: 0 | W90: 0 | X90: 0 | Y90: 0 | Z90: 0 | AA90: 0 | AB90: 0 | AC90: 1 | AD90: =SUM(E90:AC90) -> 6
A91: B | B91: JUMLAH SUARA SAH PARTAI POLITIK DAN CALON (A1 + A2) | E91: =SUM(E81:E90) -> 14 | F91: =SUM(F81:F90) -> 10 | G91: =SUM(G81:G90) -> 16 | H91: =SUM(H81:H90) -> 37 | I91: =SUM(I81:I90) -> 21 | J91: =SUM(J81:J90) -> 13 | K91: =SUM(K81:K90) -> 6 | L91: =SUM(L81:L90) -> 16 | ... AC91: =SUM(AC81:AC90) -> 29 | AD91: =SUM(E91:AC91) -> 523
A93: A.1 | B93: 5. | C93: Partai NasDem | E93: 1 | F93: 0 | G93: 1 | H93: 0 | I93: 2 | J93: 2 | K93: 3 | L93: 0 | M93: 6 | N93: 3 | O93: 1 | P93: 1 | Q93: 2 | R93: 0 | S93: 5 | T93: 2 | U93: 6 | V93: 13 | W93: 0 | X93: 11 | Y93: 1 | Z93: 0 | AA93: 1 | AB93: 1 | AC93: 0 | AD93: =SUM(E93:AC93) -> 62
A94: A.2 | C94: 1. ALI MUSTOFA, A.Md. | E94: 2 | F94: 0 | G94: 1 | H94: 2 | I94: 0 | J94: 4 | K94: 3 | L94: 3 | M94: 6 | N94: 0 | O94: 0 | P94: 2 | Q94: 1 | R94: 0 | S94: 7 | T94: 6 | U94: 8 | V94: 13 | W94: 1 | X94: 2 | Y94: 4 | Z94: 5 | AA94: 1 | AB94: 18 | AC94: 2 | AD94: =SUM(E94:AC94) -> 91
C95: 2. Hj. BUAMI, S.H. | E95: 0 | F95: 0 | G95: 0 | H95: 0 | I95: 1 | J95: 1 | K95: 0 | L95: 0 | M95: 0 | N95: 0 | O95: 0 | P95: 1 | Q95: 0 | R95: 0 | S95: 1 | T95: 2 | U95: 2 | V95: 0 | W95: 0 | X95: 0 | Y95: 0 | Z95: 0 | AA95: 0 | AB95: 0 | AC95: 0 | AD95: =SUM(E95:AC95) -> 8
C96: 3. SUGIONO, S.H. | E96: 0 | F96: 1 | G96: 1 | H96: 1 | I96: 0 | J96: 0 | K96: 0 | L96: 0 | M96: 0 | N96: 0 | O96: 0 | P96: 0 | Q96: 0 | R96: 0 | S96: 1 | T96: 0 | U96: 0 | V96: 0 | W96: 0 | X96: 1 | Y96: 0 | Z96: 0 | AA96: 0 | AB96: 0 | AC96: 0 | AD96: =SUM(E96:AC96) -> 5
C97: 4. LULUK SUNARMIATININGSIH | E97: 0 | F97: 0 | G97: 0 | H97: 1 | I97: 0 | J97: 0 | K97: 0 | L97: 0 | M97: 0 | N97: 0 | O97: 0 | P97: 0 | Q97: 1 | R97: 0 | S97: 0 | T97: 0 | U97: 2 | V97: 0 | W97: 0 | X97: 1 | Y97: 0 | Z97: 0 | AA97: 0 | AB97: 0 | AC97: 0 | AD97: =SUM(E97:AC97) -> 5
C98: 5. ANTON DJULIANTO ADI | E98: 0 | F98: 0 | G98: 0 | H98: 0 | I98: 0 | J98: 1 | K98: 0 | L98: 0 | M98: 1 | N98: 0 | O98: 0 | P98: 1 | Q98: 0 | R98: 0 | S98: 1 | T98: 0 | U98: 1 | V98: 1 | W98: 0 | X98: 10 | Y98: 2 | Z98: 0 | AA98: 0 | AB98: 0 | AC98: 0 | AD98: =SUM(E98:AC98) -> 18
C99: 6. MOKHAMAD ROFI'I KHUSNAN | E99: 0 | F99: 0 | G99: 0 | H99: 0 | I99: 0 | J99: 0 | K99: 0 | L99: 0 | M99: 1 | N99: 0 | O99: 0 | P99: 0 | Q99: 0 | R99: 2 | S99: 0 | T99: 0 | U99: 1 | V99: 0 | W99: 0 | X99: 0 | Y99: 0 | Z99: 0 | AA99: 2 | AB99: 0 | AC99: 1 | AD99: =SUM(E99:AC99) -> 7
C100: 7. Rr SETYO WATI | E100: 0 | F100: 0 | G100: 0 | H100: 0 | I100: 0 | J100: 0 | K100: 0 | L100: 0 | M100: 0 | N100: 0 | O100: 0 | P100: 0 | Q100: 0 | R100: 0 | S100: 0 | T100: 0 | U100: 0 | V100: 0 | W100: 0 | X100: 0 | Y100: 0 | Z100: 0 | AA100: 0 | AB100: 0 | AC100: 0 | AD100: =SUM(E100:AC100) -> 0
C101: 8. ABD. KADIR ASSEGAFF | E101: 2 | F101: 0 | G101: 0 | H101: 0 | I101: 0 | J101: 0 | K101: 0 | L101: 0 | M101: 0 | N101: 0 | O101: 0 | P101: 0 | Q101: 0 | R101: 0 | S101: 0 | T101: 0 | U101: 0 | V101: 0 | W101: 0 | X101: 1 | Y101: 0 | Z101: 0 | AA101: 0 | AB101: 0 | AC101: 0 | AD101: =SUM(E101:AC101) -> 3
C102: 9. FATHOR ZAINULLAH | E102: 0 | F102: 0 | G102: 0 | H102: 0 | I102: 0 | J102: 0 | K102: 0 | L102: 0 | M102: 0 | N102: 0 | O102: 0 | P102: 0 | Q102: 0 | R102: 1 | S102: 0 | T102: 0 | U102: 0 | V102: 0 | W102: 0 | X102: 0 | Y102: 0 | Z102: 0 | AA102: 0 | AB102: 0 | AC102: 0 | AD102: =SUM(E102:AC102) -> 1
A103: B | B103: JUMLAH SUARA SAH PARTAI POLITIK DAN CALON (A1 + A2) | E103: =SUM(E93:E102) -> 5 | F103: =SUM(F93:F102) -> 1 | G103: =SUM(G93:G102) -> 3 | H103: =SUM(H93:H102) -> 4 | I103: =SUM(I93:I102) -> 3 | J103: =SUM(J93:J102) -> 8 | K103: =SUM(K93:K102) -> 6 | L103: =SUM(L93:L102) -> 3 | ... AC103: =SUM(AC93:AC102) -> 3 | AD103: =SUM(E103:AC103) -> 200
A105: A.1 | B105: 6. | C105: Partai Buruh | E105: 2 | F105: 0 | G105: 1 | H105: 1 | I105: 0 | J105: 3 | K105: 1 | L105: 1 | M105: 3 | N105: 0 | O105: 0 | P105: 1 | Q105: 0 | R105: 0 | S105: 0 | T105: 0 | U105: 1 | V105: 0 | W105: 1 | X105: 0 | Y105: 1 | Z105: 0 | AA105: 0 | AB105: 0 | AC105: 2 | AD105: =SUM(E105:AC105) -> 18
A106: A.2 | C106: 1. AGUS SUPRIYADI | E106: 0 | F106: 0 | G106: 0 | H106: 1 | I106: 0 | J106: 2 | K106: 1 | L106: 0 | M106: 1 | N106: 0 | O106: 0 | P106: 1 | Q106: 1 | R106: 0 | S106: 0 | T106: 0 | U106: 1 | V106: 0 | W106: 0 | X106: 0 | Y106: 0 | Z106: 0 | AA106: 0 | AB106: 0 | AC106: 1 | AD106: =SUM(E106:AC106) -> 9
C107: 2. ENI HARIATI | E107: 1 | F107: 1 | G107: 0 | H107: 0 | I107: 0 | J107: 1 | K107: 0 | L107: 0 | M107: 0 | N107: 0 | O107: 0 | P107: 0 | Q107: 0 | R107: 0 | S107: 0 | T107: 0 | U107: 0 | V107: 0 | W107: 0 | X107: 0 | Y107: 0 | Z107: 0 | AA107: 0 | AB107: 0 | AC107: 0 | AD107: =SUM(E107:AC107) -> 3
A115: B | B115: JUMLAH SUARA SAH PARTAI POLITIK DAN CALON (A1 + A2) | E115: =SUM(E105:E112) -> 3 | F115: =SUM(F105:F112) -> 1 | G115: =SUM(G105:G112) -> 1 | H115: =SUM(H105:H112) -> 2 | I115: =SUM(I105:I112) -> 0 | J115: =SUM(J105:J112) -> 6 | K115: =SUM(K105:K112) -> 2 | L115: =SUM(L105:L112) -> 1 | ... AC115: =SUM(AC105:AC112) -> 3 | AD115: =SUM(E115:AC115) -> 30
A117: A.1 | B117: 7. | C117: Partai Gelombang Rakyat Indonesia | E117: 0 | F117: 0 | G117: 2 | H117: 0 | I117: 1 | J117: 0 | K117: 1 | L117: 1 | M117: 0 | N117: 1 | O117: 1 | P117: 2 | Q117: 0 | R117: 0 | S117: 0 | T117: 0 | U117: 0 | V117: 1 | W117: 0 | X117: 0 | Y117: 1 | Z117: 0 | AA117: 0 | AB117: 0 | AC117: 2 | AD117: =SUM(E117:AC117) -> 13
A118: A.2 | C118: 1. MIRZA MUHROSNI AROMA | E118: 0 | F118: 0 | G118: 0 | H118: 1 | I118: 0 | J118: 0 | K118: 0 | L118: 0 | M118: 0 | N118: 0 | O118: 1 | P118: 0 | Q118: 0 | R118: 0 | S118: 0 | T118: 0 | U118: 0 | V118: 0 | W118: 2 | X118: 0 | Y118: 0 | Z118: 1 | AA118: 0 | AB118: 0 | AC118: 0 | AD118: =SUM(E118:AC118) -> 5
C119: 2. ACHMAD BAGUS SUGIARTO | E119: 0 | F119: 0 | G119: 0 | H119: 0 | I119: 0 | J119: 0 | K119: 0 | L119: 0 | M119: 0 | N119: 0 | O119: 1 | P119: 0 | Q119: 0 | R119: 0 | S119: 0 | T119: 0 | U119: 0 | V119: 0 | W119: 0 | X119: 0 | Y119: 0 | Z119: 0 | AA119: 0 | AB119: 0 | AC119: 0 | AD119: =SUM(E119:AC119) -> 1
C120: 3. ELOK FITRIYA NINGSIH | E120: 0 | F120: 0 | G120: 0 | H120: 0 | I120: 0 | J120: 0 | K120: 0 | L120: 0 | M120: 0 | N120: 0 | O120: 0 | P120: 0 | Q120: 0 | R120: 0 | S120: 0 | T120: 0 | U120: 0 | V120: 0 | W120: 0 | X120: 0 | Y120: 0 | Z120: 0 | AA120: 0 | AB120: 0 | AC120: 0 | AD120: =SUM(E120:AC120) -> 0
C121: 4. MADI | E121: 1 | F121: 0 | G121: 0 | H121: 0 | I121: 0 | J121: 0 | K121: 0 | L121: 0 | M121: 0 | N121: 0 | O121: 0 | P121: 0 | Q121: 0 | R121: 0 | S121: 0 | T121: 0 | U121: 0 | V121: 0 | W121: 0 | X121: 1 | Y121: 0 | Z121: 0 | AA121: 0 | AB121: 0 | AC121: 0 | AD121: =SUM(E121:AC121) -> 2
C122: 5. LUKY PERMANASARI | E122: 0 | F122: 0 | G122: 0 | H122: 0 | I122: 0 | J122: 0 | K122: 0 | L122: 0 | M122: 1 | N122: 1 | O122: 0 | P122: 0 | Q122: 0 | R122: 0 | S122: 0 | T122: 1 | U122: 1 | V122: 0 | W122: 0 | X122: 0 | Y122: 0 | Z122: 0 | AA122: 0 | AB122: 0 | AC122: 0 | AD122: =SUM(E122:AC122) -> 4
A127: B | B127: JUMLAH SUARA SAH PARTAI POLITIK DAN CALON (A1 + A2) | E127: =SUM(E117:E122) -> 1 | F127: =SUM(F117:F122) -> 0 | G127: =SUM(G117:G122) -> 2 | H127: =SUM(H117:H122) -> 1 | I127: =SUM(I117:I122) -> 1 | J127: =SUM(J117:J122) -> 0 | K127: =SUM(K117:K122) -> 1 | L127: =SUM(L117:L122) -> 1 | ... AC127: =SUM(AC117:AC122) -> 2 | AD127: =SUM(E127:AC127) -> 25
A129: A.1 | B129: 8. | C129: Partai Keadilan Sejahtera | E129: 3 | F129: 3 | G129: 1 | H129: 1 | I129: 1 | J129: 0 | K129: 1 | L129: 8 | M129: 4 | N129: 5 | O129: 0 | P129: 0 | Q129: 0 | R129: 1 | S129: 0 | T129: 0 | U129: 0 | V129: 0 | W129: 1 | X129: 0 | Y129: 0 | Z129: 1 | AA129: 4 | AB129: 0 | AC129: 1 | AD129: =SUM(E129:AC129) -> 35
...
