Workbook

Sheet DPD
C8: Kecamatan | D8: GLAGAH
C9: Kabupaten | D9: BANYUWANGI
C10: Provinsi | D10: JAWA TIMUR
A12: I | B12: DATA PEMILIH DAN PENGGUNAAN HAK PILIH | E12: JUMLAH AKHIR
A13: A | B13: DATA PEMILIH
B14: Jumlah Pemilih dalam Daftar Pemilih Tetap (DPT) | D14: LK | E14: =BAKUNGAN!U14+BANJARSARI!X14+REJOSARI!N14+KEMIREN!M14+OLEHSARI!N14+GLAGAH!M14+PASPAN!P14+TAMANSURUH!S14+KENJO!K14+KAMPUNGANYAR!T14 -> 13866
D15: PR | E15: =BAKUNGAN!U15+BANJARSARI!X15+REJOSARI!N15+KEMIREN!M15+OLEHSARI!N15+GLAGAH!M15+PASPAN!P15+TAMANSURUH!S15+KENJO!K15+KAMPUNGANYAR!T15 -> 14693
D16: JML | E16: =SUM(E14:E15) -> 28559
A18: B | B18: PENGGUNA HAK PILIH
B19: 1. | C19: Jumlah pengguna hak pilih dalam Daftar Pemilih Tetap (DPT) | D19: LK | E19: =BAKUNGAN!U19+BANJARSARI!X19+REJOSARI!N19+KEMIREN!M19+OLEHSARI!N19+GLAGAH!M19+PASPAN!P19+TAMANSURUH!S19+KENJO!K19+KAMPUNGANYAR!T19 -> 11310
D20: PR | E20: =BAKUNGAN!U20+BANJARSARI!X20+REJOSARI!N20+KEMIREN!M20+OLEHSARI!N20+GLAGAH!M20+PASPAN!P20+TAMANSURUH!S20+KENJO!K20+KAMPUNGANYAR!T20 -> 12650
D21: JML | E21: =SUM(E19:E20) -> 23960
B22: 2. | C22: Jumlah pengguna hak pilih dalam Daftar Pemilih Tambahan (DPTb) | D22: LK | E22: =BAKUNGAN!U22+BANJARSARI!X22+REJOSARI!N22+KEMIREN!M22+OLEHSARI!N22+GLAGAH!M22+PASPAN!P22+TAMANSURUH!S22+KENJO!K22+KAMPUNGANYAR!T22 -> 38
D23: PR | E23: =BAKUNGAN!U23+BANJARSARI!X23+REJOSARI!N23+KEMIREN!M23+OLEHSARI!N23+GLAGAH!M23+PASPAN!P23+TAMANSURUH!S23+KENJO!K23+KAMPUNGANYAR!T23 -> 65
D24: JML | E24: =SUM(E22:E23) -> 103
B25: 3. | C25: Jumlah pengguna hak pilih dalam Daftar Pemilih Khusus (DPK) | D25: LK | E25: =BAKUNGAN!U25+BANJARSARI!X25+REJOSARI!N25+KEMIREN!M25+OLEHSARI!N25+GLAGAH!M25+PASPAN!P25+TAMANSURUH!S25+KENJO!K25+KAMPUNGANYAR!T25 -> 129
D26: PR | E26: =BAKUNGAN!U26+BANJARSARI!X26+REJOSARI!N26+KEMIREN!M26+OLEHSARI!N26+GLAGAH!M26+PASPAN!P26+TAMANSURUH!S26+KENJO!K26+KAMPUNGANYAR!T26 -> 169
D27: JML | E27: =SUM(E25:E26) -> 298
B28: 4. | C28: Jumlah Pengguna Hak Pilih (B.1+B.2+B.3) | D28: LK | E28: =E19+E22+E25 -> 11477
D29: PR | E29: =E20+E23+E26 -> 12884
D30: JML | E30: =SUM(E28:E29) -> 24361
A32: II | B32: DATA PENGGUNAAN SURAT SUARA
A33: 1 | B33: Jumlah surat suara yang diterima, termasuk surat suara cadangan 2,5% dari DPT | E33: =BAKUNGAN!U33+BANJARSARI!X33+REJOSARI!N33+KEMIREN!M33+OLEHSARI!N33+GLAGAH!M33+PASPAN!P33+TAMANSURUH!S33+KENJO!K33+KAMPUNGANYAR!T33 -> 29282
A34: 2 | B34: Jumlah surat suara yang digunakan | E34: =BAKUNGAN!U34+BANJARSARI!X34+REJOSARI!N34+KEMIREN!M34+OLEHSARI!N34+GLAGAH!M34+PASPAN!P34+TAMANSURUH!S34+KENJO!K34+KAMPUNGANYAR!T34 -> 24361
A35: 3 | B35: Jumlah surat suara dikembalikan oleh pemilih (karena rusak atau keliru coblos) | E35: =BAKUNGAN!U35+BANJARSARI!X35+REJOSARI!N35+KEMIREN!M35+OLEHSARI!N35+GLAGAH!M35+PASPAN!P35+TAMANSURUH!S35+KENJO!K35+KAMPUNGANYAR!T35 -> 19
A36: 4 | B36: Jumlah surat suara yang tidak digunakan/tidak terpakai, termasuk sisa surat suara cadangan | E36: =E33-(E34+E35) -> 4902
A38: III | B38: DATA PEMILIH DISABILITAS
B39: Jumlah seluruh Pemilih disabilitas yang menggunakan hak pilih | D39: LK | E39: =BAKUNGAN!U39+BANJARSARI!X39+REJOSARI!N39+KEMIREN!M39+OLEHSARI!N39+GLAGAH!M39+PASPAN!P39+TAMANSURUH!S39+KENJO!K39+KAMPUNGANYAR!T39 -> 29
D40: PR | E40: =BAKUNGAN!U40+BANJARSARI!X40+REJOSARI!N40+KEMIREN!M40+OLEHSARI!N40+GLAGAH!M40+PASPAN!P40+TAMANSURUH!S40+KENJO!K40+KAMPUNGANYAR!T40 -> 24
D41: JML | E41: =SUM(E39:E40) -> 53
A43: IV | B43: DATA RINCIAN PEROLEHAN SUARA PASANGAN CALON BUPATI DAN WAKIL BUPATI
A44: NOMOR DAN NAMA CALON
A45: A.2 | B45: 1. | C45: AA. AHMAD NAWARDI | E45: =BAKUNGAN!U45+BANJARSARI!X45+REJOSARI!N45+KEMIREN!M45+OLEHSARI!N45+GLAGAH!M45+PASPAN!P45+TAMANSURUH!S45+KENJO!K45+KAMPUNGANYAR!T45 -> 1994
B46: 2. | C46: Ir. H. AA LA NYALLA MAHMUD MATTALITI, M.HP. | E46: =BAKUNGAN!U46+BANJARSARI!X46+REJOSARI!N46+KEMIREN!M46+OLEHSARI!N46+GLAGAH!M46+PASPAN!P46+TAMANSURUH!S46+KENJO!K46+KAMPUNGANYAR!T46 -> 3594
B47: 3. | C47: ABDUL QADIR AMIR HARTONO, S.E., S.H., M.H. | E47: =BAKUNGAN!U47+BANJARSARI!X47+REJOSARI!N47+KEMIREN!M47+OLEHSARI!N47+GLAGAH!M47+PASPAN!P47+TAMANSURUH!S47+KENJO!K47+KAMPUNGANYAR!T47 -> 1629
B48: 4. | C48: ADILLA AZIS, S.E. | E48: =BAKUNGAN!U48+BANJARSARI!X48+REJOSARI!N48+KEMIREN!M48+OLEHSARI!N48+GLAGAH!M48+PASPAN!P48+TAMANSURUH!S48+KENJO!K48+KAMPUNGANYAR!T48 -> 2227
B49: 5. | C49: Ir. H. AGUS RAHARDJO, MSc.M. | E49: =BAKUNGAN!U49+BANJARSARI!X49+REJOSARI!N49+KEMIREN!M49+OLEHSARI!N49+GLAGAH!M49+PASPAN!P49+TAMANSURUH!S49+KENJO!K49+KAMPUNGANYAR!T49 -> 2259
B50: 6. | C50: Drs. AYUB KHAN | E50: =BAKUNGAN!U50+BANJARSARI!X50+REJOSARI!N50+KEMIREN!M50+OLEHSARI!N50+GLAGAH!M50+PASPAN!P50+TAMANSURUH!S50+KENJO!K50+KAMPUNGANYAR!T50 -> 1345
B51: 7. | C51: BAMBANG HARIANTO | E51: =BAKUNGAN!U51+BANJARSARI!X51+REJOSARI!N51+KEMIREN!M51+OLEHSARI!N51+GLAGAH!M51+PASPAN!P51+TAMANSURUH!S51+KENJO!K51+KAMPUNGANYAR!T51 -> 290
B52: 8. | C52: CATUR RUDI UTANTO, S.Sos. | E52: =BAKUNGAN!U52+BANJARSARI!X52+REJOSARI!N52+KEMIREN!M52+OLEHSARI!N52+GLAGAH!M52+PASPAN!P52+TAMANSURUH!S52+KENJO!K52+KAMPUNGANYAR!T52 -> 493
B53: 9. | C53: DODDY DWI NUGROHO | E53: =BAKUNGAN!U53+BANJARSARI!X53+REJOSARI!N53+KEMIREN!M53+OLEHSARI!N53+GLAGAH!M53+PASPAN!P53+TAMANSURUH!S53+KENJO!K53+KAMPUNGANYAR!T53 -> 101
B54: 10. | C54: KONDANG KUSUMANING AYU | E54: =BAKUNGAN!U54+BANJARSARI!X54+REJOSARI!N54+KEMIREN!M54+OLEHSARI!N54+GLAGAH!M54+PASPAN!P54+TAMANSURUH!S54+KENJO!K54+KAMPUNGANYAR!T54 -> 2773
B55: 11. | C55: KUNJUNG WAHYUDI | E55: =BAKUNGAN!U55+BANJARSARI!X55+REJOSARI!N55+KEMIREN!M55+OLEHSARI!N55+GLAGAH!M55+PASPAN!P55+TAMANSURUH!S55+KENJO!K55+KAMPUNGANYAR!T55 -> 177
B56: 12. | C56: Dr. LIA ISTIFHAMA | E56: =BAKUNGAN!U56+BANJARSARI!X56+REJOSARI!N56+KEMIREN!M56+OLEHSARI!N56+GLAGAH!M56+PASPAN!P56+TAMANSURUH!S56+KENJO!K56+KAMPUNGANYAR!T56 -> 2114
B57: 13. | C57: MOHAMMAD TRIJANTO, S.H., M.M., M.H. | E57: =BAKUNGAN!U57+BANJARSARI!X57+REJOSARI!N57+KEMIREN!M57+OLEHSARI!N57+GLAGAH!M57+PASPAN!P57+TAMANSURUH!S57+KENJO!K57+KAMPUNGANYAR!T57 -> 287
A59: V | B59: DATA SUARA SAH DAN TIDAK SAH
B60: A. | C60: JUMLAH SELURUH SUARA SAH | E60: =BAKUNGAN!U60+BANJARSARI!X60+REJOSARI!N60+KEMIREN!M60+OLEHSARI!N60+GLAGAH!M60+PASPAN!P60+TAMANSURUH!S60+KENJO!K60+KAMPUNGANYAR!T60 -> 19283
B61: B. | C61: JUMLAH SUARA TIDAK SAH | E61: =BAKUNGAN!U61+BANJARSARI!X61+REJOSARI!N61+KEMIREN!M61+OLEHSARI!N61+GLAGAH!M61+PASPAN!P61+TAMANSURUH!S61+KENJO!K61+KAMPUNGANYAR!T61 -> 5078
B62: C. | C62: JUMLAH SELURUH SUARA SAH DAN SUARA TIDAK SAH (V.A + V.B) | E62: =SUM(E60:E61) -> 24361

Sheet BAKUNGAN
C2: Kecamatan | D2: GLAGAH
C3: Kabupaten | D3: BANYUWANGI
C4: Provinsi | D4: JAWA TIMUR
C9: Kelurahan | D9: BAKUNGAN
A12: I | B12: DATA PEMILIH DAN PENGGUNAAN HAK PILIH | U12: JUMLAH AKHIR
A13: A | B13: DATA PEMILIH | E13: TPS 001 | F13: TPS 002 | G13: TPS 003 | H13: TPS 004 | I13: TPS 005 | J13: TPS 006 | K13: TPS 007 | L13: TPS 008 | M13: TPS 009 | N13: TPS 010 | O13: TPS 011 | P13: TPS 012 | Q13: TPS 013 | R13: TPS 014 | S13: TPS 015 | T13: TPS 016
B14: Jumlah Pemilih dalam Daftar Pemilih Tetap (DPT) | D14: LK | E14: 119 | F14: 137 | G14: 132 | H14: 130 | I14: 138 | J14: 132 | K14: 139 | L14: 131 | M14: 97 | N14: 134 | O14: 112 | P14: 111 | Q14: 136 | R14: 120 | S14: 140 | T14: 106 | U14: =SUM(E14:T14) -> 2014
D15: PR | E15: 147 | F15: 142 | G15: 128 | H15: 137 | I15: 156 | J15: 166 | K15: 142 | L15: 128 | M15: 93 | N15: 145 | O15: 123 | P15: 119 | Q15: 137 | R15: 111 | S15: 159 | T15: 104 | U15: =SUM(E15:T15) -> 2137
D16: JML | E16: =SUM(E14:E15) -> 266 | F16: =SUM(F14:F15) -> 279 | G16: =SUM(G14:G15) -> 260 | H16: =SUM(H14:H15) -> 267 | I16: =SUM(I14:I15) -> 294 | J16: =SUM(J14:J15) -> 298 | K16: =SUM(K14:K15) -> 281 | L16: =SUM(L14:L15) -> 259 | ... T16: =SUM(T14:T15) -> 210 | U16: =SUM(E16:T16) -> 4151
A18: B | B18: PENGGUNA HAK PILIH
B19: 1. | C19: Jumlah pengguna hak pilih dalam Daftar Pemilih Tetap (DPT) | D19: LK | E19: 93 | F19: 110 | G19: 101 | H19: 91 | I19: 95 | J19: 93 | K19: 111 | L19: 94 | M19: 75 | N19: 112 | O19: 83 | P19: 83 | Q19: 92 | R19: 92 | S19: 110 | T19: 90 | U19: =SUM(E19:T19) -> 1525
D20: PR | E20: 122 | F20: 117 | G20: 107 | H20: 129 | I20: 133 | J20: 131 | K20: 122 | L20: 113 | M20: 77 | N20: 127 | O20: 95 | P20: 99 | Q20: 105 | R20: 85 | S20: 119 | T20: 88 | U20: =SUM(E20:T20) -> 1769
D21: JML | E21: =SUM(E19:E20) -> 215 | F21: =SUM(F19:F20) -> 227 | G21: =SUM(G19:G20) -> 208 | H21: =SUM(H19:H20) -> 220 | I21: =SUM(I19:I20) -> 228 | J21: =SUM(J19:J20) -> 224 | K21: =SUM(K19:K20) -> 233 | L21: =SUM(L19:L20) -> 207 | ... T21: =SUM(T19:T20) -> 178 | U21: =SUM(E21:T21) -> 3294
B22: 2. | C22: Jumlah pengguna hak pilih dalam Daftar Pemilih Tambahan (DPTb) | D22: LK | E22: 0 | F22: 0 | G22: 1 | H22: 0 | I22: 1 | J22: 0 | K22: 0 | L22: 0 | M22: 0 | N22: 1 | O22: 0 | P22: 2 | Q22: 0 | R22: 0 | S22: 0 | T22: 0 | U22: =SUM(E22:T22) -> 5
D23: PR | E23: 0 | F23: 0 | G23: 1 | H23: 0 | I23: 1 | J23: 1 | K23: 0 | L23: 0 | M23: 0 | N23: 2 | O23: 0 | P23: 2 | Q23: 3 | R23: 0 | S23: 0 | T23: 0 | U23: =SUM(E23:T23) -> 10
D24: JML | E24: =SUM(E22:E23) -> 0 | F24: =SUM(F22:F23) -> 0 | G24: =SUM(G22:G23) -> 2 | H24: =SUM(H22:H23) -> 0 | I24: =SUM(I22:I23) -> 2 | J24: =SUM(J22:J23) -> 1 | K24: =SUM(K22:K23) -> 0 | L24: =SUM(L22:L23) -> 0 | ... T24: =SUM(T22:T23) -> 0 | U24: =SUM(E24:T24) -> 15
B25: 3. | C25: Jumlah pengguna hak pilih dalam Daftar Pemilih Khusus (DPK) | D25: LK | E25: 1 | F25: 1 | G25: 2 | H25: 1 | I25: 5 | J25: 10 | K25: 1 | L25: 0 | M25: 0 | N25: 1 | O25: 1 | P25: 3 | Q25: 5 | R25: 1 | S25: 2 | T25: 1 | U25: =SUM(E25:T25) -> 35
D26: PR | E26: 0 | F26: 0 | G26: 1 | H26: 2 | I26: 1 | J26: 8 | K26: 2 | L26: 0 | M26: 1 | N26: 0 | O26: 2 | P26: 1 | Q26: 8 | R26: 2 | S26: 4 | T26: 0 | U26: =SUM(E26:T26) -> 32
D27: JML | E27: =SUM(E25:E26) -> 1 | F27: =SUM(F25:F26) -> 1 | G27: =SUM(G25:G26) -> 3 | H27: =SUM(H25:H26) -> 3 | I27: =SUM(I25:I26) -> 6 | J27: =SUM(J25:J26) -> 18 | K27: =SUM(K25:K26) -> 3 | L27: =SUM(L25:L26) -> 0 | ... T27: =SUM(T25:T26) -> 1 | U27: =SUM(E27:T27) -> 67
B28: 4. | C28: Jumlah Pengguna Hak Pilih (B.1+B.2+B.3) | D28: LK | E28: =SUM(E19,E22,E25) -> 94 | F28: =SUM(F19,F22,F25) -> 111 | G28: =SUM(G19,G22,G25) -> 104 | H28: =SUM(H19,H22,H25) -> 92 | I28: =SUM(I19,I22,I25) -> 101 | J28: =SUM(J19,J22,J25) -> 103 | K28: =SUM(K19,K22,K25) -> 112 | L28: =SUM(L19,L22,L25) -> 94 | ... T28: =SUM(T19,T22,T25) -> 91 | U28: =SUM(E28:T28) -> 1565
D29: PR | E29: =SUM(E20,E23,E26) -> 122 | F29: =SUM(F20,F23,F26) -> 117 | G29: =SUM(G20,G23,G26) -> 109 | H29: =SUM(H20,H23,H26) -> 131 | I29: =SUM(I20,I23,I26) -> 135 | J29: =SUM(J20,J23,J26) -> 140 | K29: =SUM(K20,K23,K26) -> 124 | L29: =SUM(L20,L23,L26) -> 113 | ... T29: =SUM(T20,T23,T26) -> 88 | U29: =SUM(E29:T29) -> 1811
D30: JML | E30: =SUM(E28:E29) -> 216 | F30: =SUM(F28:F29) -> 228 | G30: =SUM(G28:G29) -> 213 | H30: =SUM(H28:H29) -> 223 | I30: =SUM(I28:I29) -> 236 | J30: =SUM(J28:J29) -> 243 | K30: =SUM(K28:K29) -> 236 | L30: =SUM(L28:L29) -> 207 | ... T30: =SUM(T28:T29) -> 179 | U30: =SUM(E30:T30) -> 3376
A32: II | B32: DATA PENGGUNAAN SURAT SUARA
A33: 1 | B33: Jumlah surat suara yang diterima, termasuk surat suara cadangan 2,5% dari DPT | E33: 272 | F33: 285 | G33: 266 | H33: 273 | I33: 300 | J33: 304 | K33: 290 | L33: 265 | M33: 194 | N33: 285 | O33: 240 | P33: 236 | Q33: 279 | R33: 236 | S33: 305 | T33: 215 | U33: =SUM(E33:T33) -> 4245
A34: 2 | B34: Jumlah surat suara yang digunakan | E34: 216 | F34: 228 | G34: 213 | H34: 223 | I34: 236 | J34: 243 | K34: 236 | L34: 207 | M34: 153 | N34: 243 | O34: 181 | P34: 190 | Q34: 213 | R34: 180 | S34: 235 | T34: 179 | U34: =SUM(E34:T34) -> 3376
A35: 3 | B35: Jumlah surat suara dikembalikan oleh pemilih (karena rusak atau keliru coblos) | E35: 0 | F35: 3 | G35: 3 | H35: 0 | I35: 0 | J35: 1 | K35: 0 | L35: 0 | M35: 0 | N35: 0 | O35: 0 | P35: 0 | Q35: 1 | R35: 0 | S35: 0 | T35: 1 | U35: =SUM(E35:T35) -> 9
A36: 4 | B36: Jumlah surat suara yang tidak digunakan/tidak terpakai, termasuk sisa surat suara cadangan | E36: =E33-(E34+E35) -> 56 | F36: =F33-(F34+F35) -> 54 | G36: =G33-(G34+G35) -> 50 | H36: =H33-(H34+H35) -> 50 | I36: =I33-(I34+I35) -> 64 | J36: =J33-(J34+J35) -> 60 | K36: =K33-(K34+K35) -> 54 | L36: =L33-(L34+L35) -> 58 | ... T36: =T33-(T34+T35) -> 35 | U36: =SUM(E36:T36) -> 860
A38: III | B38: DATA PEMILIH DISABILITAS
B39: Jumlah seluruh Pemilih disabilitas yang menggunakan hak pilih | D39: LK | F39: 1 | J39: 1 | S39: 1 | U39: =SUM(E39:T39) -> 3
D40: PR | F40: 1 | J40: 1 | S40: 1 | U40: =SUM(E40:T40) -> 3
D41: JML | E41: =SUM(E39:E40) -> 0 | F41: =SUM(F39:F40) -> 2 | G41: =SUM(G39:G40) -> 0 | H41: =SUM(H39:H40) -> 0 | I41: =SUM(I39:I40) -> 0 | J41: =SUM(J39:J40) -> 2 | K41: =SUM(K39:K40) -> 0 | L41: =SUM(L39:L40) -> 0 | ... T41: =SUM(T39:T40) -> 0 | U41: =SUM(E41:T41) -> 6
A43: IV | B43: DATA RINCIAN PEROLEHAN SUARA PASANGAN CALON BUPATI DAN WAKIL BUPATI
A44: NOMOR DAN NAMA CALON
B45: 1. | C45: AA. AHMAD NAWARDI | E45: 10 | F45: 13 | G45: 9 | H45: 11 | I45: 20 | J45: 12 | K45: 16 | L45: 21 | M45: 3 | N45: 29 | O45: 13 | P45: 10 | Q45: 7 | R45: 6 | S45: 9 | T45: 14 | U45: =SUM(E45:T45) -> 203
B46: 2. | C46: Ir. H. AA LA NYALLA MAHMUD MATTALITI, M.HP. | E46: 34 | F46: 16 | G46: 15 | H46: 33 | I46: 34 | J46: 35 | K46: 33 | L46: 21 | M46: 16 | N46: 35 | O46: 14 | P46: 21 | Q46: 26 | R46: 18 | S46: 26 | T46: 29 | U46: =SUM(E46:T46) -> 406
B47: 3. | C47: ABDUL QADIR AMIR HARTONO, S.E., S.H., M.H. | E47: 4 | F47: 13 | G47: 16 | H47: 7 | I47: 11 | J47: 13 | K47: 11 | L47: 10 | M47: 5 | N47: 14 | O47: 8 | P47: 15 | Q47: 18 | R47: 8 | S47: 13 | T47: 11 | U47: =SUM(E47:T47) -> 177
B48: 4. | C48: ADILLA AZIS, S.E. | E48: 21 | F48: 24 | G48: 15 | H48: 23 | I48: 18 | J48: 28 | K48: 26 | L48: 19 | M48: 25 | N48: 31 | O48: 20 | P48: 17 | Q48: 27 | R48: 9 | S48: 24 | T48: 14 | U48: =SUM(E48:T48) -> 341
B49: 5. | C49: Ir. H. AGUS RAHARDJO, MSc.M. | E49: 32 | F49: 19 | G49: 11 | H49: 25 | I49: 31 | J49: 15 | K49: 45 | L49: 22 | M49: 13 | N49: 23 | O49: 33 | P49: 22 | Q49: 29 | R49: 16 | S49: 28 | T49: 21 | U49: =SUM(E49:T49) -> 385
B50: 6. | C50: Drs. AYUB KHAN | E50: 23 | F50: 13 | G50: 16 | H50: 7 | I50: 18 | J50: 14 | K50: 7 | L50: 8 | M50: 13 | N50: 7 | O50: 14 | P50: 11 | Q50: 21 | R50: 14 | S50: 13 | T50: 6 | U50: =SUM(E50:T50) -> 205
B51: 7. | C51: BAMBANG HARIANTO | E51: 0 | F51: 4 | G51: 5 | H51: 0 | I51: 4 | J51: 2 | K51: 1 | L51: 0 | M51: 2 | N51: 7 | O51: 3 | P51: 1 | Q51: 4 | R51: 1 | S51: 1 | T51: 5 | U51: =SUM(E51:T51) -> 40
B52: 8. | C52: CATUR RUDI UTANTO, S.Sos. | E52: 8 | F52: 3 | G52: 8 | H52: 4 | I52: 6 | J52: 9 | K52: 1 | L52: 3 | M52: 6 | N52: 8 | O52: 5 | P52: 4 | Q52: 4 | R52: 1 | S52: 5 | T52: 3 | U52: =SUM(E52:T52) -> 78
B53: 9. | C53: DODDY DWI NUGROHO | E53: 2 | F53: 2 | G53: 0 | H53: 0 | I53: 4 | J53: 1 | K53: 1 | L53: 0 | M53: 0 | N53: 3 | O53: 0 | P53: 0 | Q53: 2 | R53: 1 | S53: 4 | T53: 1 | U53: =SUM(E53:T53) -> 21
B54: 10. | C54: KONDANG KUSUMANING AYU | E54: 21 | F54: 32 | G54: 31 | H54: 30 | I54: 24 | J54: 28 | K54: 17 | L54: 25 | M54: 26 | N54: 25 | O54: 22 | P54: 24 | Q54: 12 | R54: 10 | S54: 28 | T54: 21 | U54: =SUM(E54:T54) -> 376
B55: 11. | C55: KUNJUNG WAHYUDI | E55: 3 | F55: 3 | G55: 1 | H55: 1 | I55: 4 | J55: 5 | K55: 3 | L55: 1 | M55: 0 | N55: 3 | O55: 0 | P55: 3 | Q55: 1 | R55: 5 | S55: 2 | T55: 3 | U55: =SUM(E55:T55) -> 38
B56: 12. | C56: Dr. LIA ISTIFHAMA | E56: 13 | F56: 20 | G56: 22 | H56: 24 | I56: 20 | J56: 18 | K56: 22 | L56: 18 | M56: 14 | N56: 17 | O56: 8 | P56: 9 | Q56: 14 | R56: 6 | S56: 24 | T56: 11 | U56: =SUM(E56:T56) -> 260
B57: 13. | C57: MOHAMMAD TRIJANTO, S.H., M.M., M.H. | E57: 4 | F57: 2 | G57: 1 | H57: 3 | I57: 5 | J57: 4 | K57: 3 | L57: 0 | M57: 3 | N57: 4 | O57: 2 | P57: 5 | Q57: 3 | R57: 1 | S57: 6 | T57: 3 | U57: =SUM(E57:T57) -> 49
A59: V | B59: DATA SUARA SAH DAN TIDAK SAH
B60: A. | C60: JUMLAH SELURUH SUARA SAH | E60: =SUM(E45:E57) -> 175 | F60: =SUM(F45:F57) -> 164 | G60: =SUM(G45:G57) -> 150 | H60: =SUM(H45:H57) -> 168 | I60: =SUM(I45:I57) -> 199 | J60: =SUM(J45:J57) -> 184 | K60: =SUM(K45:K57) -> 186 | L60: =SUM(L45:L57) -> 148 | ... T60: =SUM(T45:T57) -> 142 | U60: =SUM(E60:T60) -> 2579
B61: B. | C61: JUMLAH SUARA TIDAK SAH | E61: 41 | F61: 64 | G61: 63 | H61: 55 | I61: 37 | J61: 59 | K61: 50 | L61: 59 | M61: 27 | N61: 37 | O61: 39 | P61: 48 | Q61: 45 | R61: 84 | S61: 52 | T61: 37 | U61: =SUM(E61:T61) -> 797
B62: C. | C62: JUMLAH SELURUH SUARA SAH DAN SUARA TIDAK SAH (V.A + V.B) | E62: =SUM(E60:E61) -> 216 | F62: =SUM(F60:F61) -> 228 | G62: =SUM(G60:G61) -> 213 | H62: =SUM(H60:H61) -> 223 | I62: =SUM(I60:I61) -> 236 | J62: =SUM(J60:J61) -> 243 | K62: =SUM(K60:K61) -> 236 | L62: =SUM(L60:L61) -> 207 | ... T62: =SUM(T60:T61) -> 179 | U62: =SUM(E62:T62) -> 3376

Sheet BANJARSARI
C2: Kecamatan | D2: GLAGAH
C3: Kabupaten | D3: BANYUWANGI
C4: Provinsi | D4: JAWA TIMUR
C9: Kelurahan | D9: BANJARSARI
A12: I | B12: DATA PEMILIH DAN PENGGUNAAN HAK PILIH | X12: JUMLAH AKHIR
A13: A | B13: DATA PEMILIH | E13: TPS 001 | F13: TPS 002 | G13: TPS 003 | H13: TPS 004 | I13: TPS 005 | J13: TPS 006 | K13: TPS 007 | L13: TPS 008 | M13: TPS 009 | N13: TPS 010 | O13: TPS 011 | P13: TPS 012 | Q13: TPS 013 | R13: TPS 014 | S13: TPS 015 | T13: TPS 016 | U13: TPS 017 | V13: TPS 018 | W13: TPS 019
B14: Jumlah Pemilih dalam Daftar Pemilih Tetap (DPT) | D14: LK | E14: 140 | F14: 149 | G14: 130 | H14: 134 | I14: 135 | J14: 130 | K14: 140 | L14: 132 | M14: 136 | N14: 154 | O14: 124 | P14: 111 | Q14: 113 | R14: 137 | S14: 97 | T14: 116 | U14: 119 | V14: 119 | W14: 135 | X14: =SUM(E14:W14) -> 2451
D15: PR | E15: 154 | F15: 139 | G15: 149 | H15: 149 | I15: 147 | J15: 152 | K15: 146 | L15: 155 | M15: 152 | N15: 144 | O15: 140 | P15: 118 | Q15: 120 | R15: 136 | S15: 114 | T15: 117 | U15: 113 | V15: 124 | W15: 153 | X15: =SUM(E15:W15) -> 2622
D16: JML | E16: =SUM(E14:E15) -> 294 | F16: =SUM(F14:F15) -> 288 | G16: =SUM(G14:G15) -> 279 | H16: =SUM(H14:H15) -> 283 | I16: =SUM(I14:I15) -> 282 | J16: =SUM(J14:J15) -> 282 | K16: =SUM(K14:K15) -> 286 | L16: =SUM(L14:L15) -> 287 | ... W16: =SUM(W14:W15) -> 288 | X16: =SUM(E16:W16) -> 5073
A18: B | B18: PENGGUNA HAK PILIH
B19: 1. | C19: Jumlah pengguna hak pilih dalam Daftar Pemilih Tetap (DPT) | D19: LK | E19: 110 | F19: 108 | G19: 103 | H19: 106 | I19: 108 | J19: 96 | K19: 108 | L19: 83 | M19: 115 | N19: 120 | O19: 101 | P19: 91 | Q19: 92 | R19: 99 | S19: 80 | T19: 87 | U19: 106 | V19: 94 | W19: 100 | X19: =SUM(E19:W19) -> 1907
D20: PR | E20: 125 | F20: 115 | G20: 118 | H20: 107 | I20: 120 | J20: 122 | K20: 132 | L20: 119 | M20: 125 | N20: 117 | O20: 120 | P20: 104 | Q20: 99 | R20: 115 | S20: 95 | T20: 101 | U20: 104 | V20: 105 | W20: 129 | X20: =SUM(E20:W20) -> 2172
D21: JML | E21: =SUM(E19:E20) -> 235 | F21: =SUM(F19:F20) -> 223 | G21: =SUM(G19:G20) -> 221 | H21: =SUM(H19:H20) -> 213 | I21: =SUM(I19:I20) -> 228 | J21: =SUM(J19:J20) -> 218 | K21: =SUM(K19:K20) -> 240 | L21: =SUM(L19:L20) -> 202 | ... W21: =SUM(W19:W20) -> 229 | X21: =SUM(E21:W21) -> 4079
B22: 2. | C22: Jumlah pengguna hak pilih dalam Daftar Pemilih Tambahan (DPTb) | D22: LK | E22: 0 | F22: 0 | G22: 4 | H22: 0 | I22: 0 | J22: 0 | K22: 0 | L22: 1 | M22: 0 | N22: 0 | O22: 0 | P22: 0 | Q22: 0 | R22: 0 | S22: 0 | T22: 0 | U22: 1 | V22: 0 | W22: 1 | X22: =SUM(E22:W22) -> 7
D23: PR | E23: 0 | F23: 0 | G23: 3 | H23: 0 | I23: 0 | J23: 1 | K23: 0 | L23: 2 | M23: 0 | N23: 1 | O23: 1 | P23: 0 | Q23: 1 | R23: 2 | S23: 1 | T23: 0 | U23: 1 | V23: 0 | W23: 2 | X23: =SUM(E23:W23) -> 15
D24: JML | E24: =SUM(E22:E23) -> 0 | F24: =SUM(F22:F23) -> 0 | G24: =SUM(G22:G23) -> 7 | H24: =SUM(H22:H23) -> 0 | I24: =SUM(I22:I23) -> 0 | J24: =SUM(J22:J23) -> 1 | K24: =SUM(K22:K23) -> 0 | L24: =SUM(L22:L23) -> 3 | ... W24: =SUM(W22:W23) -> 3 | X24: =SUM(E24:W24) -> 22
B25: 3. | C25: Jumlah pengguna hak pilih dalam Daftar Pemilih Khusus (DPK) | D25: LK | E25: 1 | I25: 2 | K25: 3 | L25: 2 | M25: 1 | N25: 3 | R25: 1 | S25: 2 | U25: 2 | X25: =SUM(E25:W25) -> 17
D26: PR | E26: 1 | H26: 1 | I26: 1 | J26: 3 | K26: 2 | L26: 6 | M26: 1 | N26: 2 | O26: 1 | Q26: 2 | R26: 2 | S26: 3 | U26: 5 | V26: 1 | W26: 1 | X26: =SUM(E26:W26) -> 32
D27: JML | E27: =SUM(E25:E26) -> 2 | F27: =SUM(F25:F26) -> 0 | G27: =SUM(G25:G26) -> 0 | H27: =SUM(H25:H26) -> 1 | I27: =SUM(I25:I26) -> 3 | J27: =SUM(J25:J26) -> 3 | K27: =SUM(K25:K26) -> 5 | L27: =SUM(L25:L26) -> 8 | ... W27: =SUM(W25:W26) -> 1 | X27: =SUM(E27:W27) -> 49
B28: 4. | C28: Jumlah Pengguna Hak Pilih (B.1+B.2+B.3) | D28: LK | E28: =SUM(E19,E22,E25) -> 111 | F28: =SUM(F19,F22,F25) -> 108 | G28: =SUM(G19,G22,G25) -> 107 | H28: =SUM(H19,H22,H25) -> 106 | I28: =SUM(I19,I22,I25) -> 110 | J28: =SUM(J19,J22,J25) -> 96 | K28: =SUM(K19,K22,K25) -> 111 | L28: =SUM(L19,L22,L25) -> 86 | ... W28: =SUM(W19,W22,W25) -> 101 | X28: =SUM(E28:W28) -> 1931
D29: PR | E29: =SUM(E20,E23,E26) -> 126 | F29: =SUM(F20,F23,F26) -> 115 | G29: =SUM(G20,G23,G26) -> 121 | H29: =SUM(H20,H23,H26) -> 108 | I29: =SUM(I20,I23,I26) -> 121 | J29: =SUM(J20,J23,J26) -> 126 | K29: =SUM(K20,K23,K26) -> 134 | L29: =SUM(L20,L23,L26) -> 127 | ... W29: =SUM(W20,W23,W26) -> 132 | X29: =SUM(E29:W29) -> 2219
D30: JML | E30: =SUM(E28:E29) -> 237 | F30: =SUM(F28:F29) -> 223 | G30: =SUM(G28:G29) -> 228 | H30: =SUM(H28:H29) -> 214 | I30: =SUM(I28:I29) -> 231 | J30: =SUM(J28:J29) -> 222 | K30: =SUM(K28:K29) -> 245 | L30: =SUM(L28:L29) -> 213 | ... W30: =SUM(W28:W29) -> 233 | X30: =SUM(E30:W30) -> 4150
A32: II | B32: DATA PENGGUNAAN SURAT SUARA
A33: 1 | B33: Jumlah surat suara yang diterima, termasuk surat suara cadangan 2,5% dari DPT | E33: 300 | F33: 294 | G33: 285 | H33: 289 | I33: 288 | J33: 288 | K33: 292 | L33: 293 | M33: 294 | N33: 304 | O33: 270 | P33: 234 | Q33: 258 | R33: 279 | S33: 216 | T33: 238 | U33: 237 | V33: 239 | W33: 294 | X33: =SUM(E33:W33) -> 5192
A34: 2 | B34: Jumlah surat suara yang digunakan | E34: 237 | F34: 223 | G34: 228 | H34: 214 | I34: 231 | J34: 222 | K34: 245 | L34: 213 | M34: 242 | N34: 243 | O34: 223 | P34: 195 | Q34: 194 | R34: 219 | S34: 181 | T34: 188 | U34: 219 | V34: 200 | W34: 233 | X34: =SUM(E34:W34) -> 4150
A35: 3 | B35: Jumlah surat suara dikembalikan oleh pemilih (karena rusak atau keliru coblos) | E35: 0 | F35: 1 | G35: 0 | H35: 0 | I35: 0 | J35: 0 | K35: 0 | L35: 0 | M35: 0 | N35: 0 | O35: 0 | P35: 0 | Q35: 0 | R35: 0 | S35: 0 | T35: 0 | U35: 1 | V35: 0 | W35: 0 | X35: =SUM(E35:W35) -> 2
A36: 4 | B36: Jumlah surat suara yang tidak digunakan/tidak terpakai, termasuk sisa surat suara cadangan | E36: =E33-(E34+E35) -> 63 | F36: =F33-(F34+F35) -> 70 | G36: =G33-(G34+G35) -> 57 | H36: =H33-(H34+H35) -> 75 | I36: =I33-(I34+I35) -> 57 | J36: =J33-(J34+J35) -> 66 | K36: =K33-(K34+K35) -> 47 | L36: =L33-(L34+L35) -> 80 | ... W36: =W33-(W34+W35) -> 61 | X36: =SUM(E36:W36) -> 1040
A38: III | B38: DATA PEMILIH DISABILITAS
B39: Jumlah seluruh Pemilih disabilitas yang menggunakan hak pilih | D39: LK | G39: 4 | K39: 2 | L39: 1 | M39: 1 | U39: 1 | X39: =SUM(E39:W39) -> 9
D40: PR | G40: 3 | L40: 2 | X40: =SUM(E40:W40) -> 5
D41: JML | E41: =SUM(E39:E40) -> 0 | F41: =SUM(F39:F40) -> 0 | G41: =SUM(G39:G40) -> 7 | H41: =SUM(H39:H40) -> 0 | I41: =SUM(I39:I40) -> 0 | J41: =SUM(J39:J40) -> 0 | K41: =SUM(K39:K40) -> 2 | L41: =SUM(L39:L40) -> 3 | ... W41: =SUM(W39:W40) -> 0 | X41: =SUM(E41:W41) -> 14
A43: IV | B43: DATA RINCIAN PEROLEHAN SUARA PASANGAN CALON BUPATI DAN WAKIL BUPATI
A44: NOMOR DAN NAMA CALON
B45: 1. | C45: AA. AHMAD NAWARDI | E45: 8 | F45: 7 | G45: 19 | H45: 10 | I45: 12 | J45: 7 | K45: 13 | L45: 8 | M45: 8 | N45: 12 | O45: 33 | P45: 18 | Q45: 13 | R45: 22 | S45: 7 | T45: 19 | U45: 9 | V45: 24 | W45: 15 | X45: =SUM(E45:W45) -> 264
B46: 2. | C46: Ir. H. AA LA NYALLA MAHMUD MATTALITI, M.HP. | E46: 25 | F46: 29 | G46: 25 | H46: 26 | I46: 27 | J46: 32 | K46: 38 | L46: 25 | M46: 37 | N46: 42 | O46: 17 | P46: 23 | Q46: 23 | R46: 29 | S46: 40 | T46: 36 | U46: 28 | V46: 29 | W46: 45 | X46: =SUM(E46:W46) -> 576
B47: 3. | C47: ABDUL QADIR AMIR HARTONO, S.E., S.H., M.H. | E47: 18 | F47: 14 | G47: 17 | H47: 14 | I47: 11 | J47: 12 | K47: 15 | L47: 13 | M47: 18 | N47: 19 | O47: 12 | P47: 11 | Q47: 7 | R47: 15 | S47: 19 | T47: 13 | U47: 23 | V47: 10 | W47: 24 | X47: =SUM(E47:W47) -> 285
B48: 4. | C48: ADILLA AZIS, S.E. | E48: 15 | F48: 21 | G48: 11 | H48: 17 | I48: 19 | J48: 19 | K48: 14 | L48: 13 | M48: 12 | N48: 20 | O48: 15 | P48: 21 | Q48: 13 | R48: 15 | S48: 20 | T48: 16 | U48: 30 | V48: 14 | W48: 29 | X48: =SUM(E48:W48) -> 334
B49: 5. | C49: Ir. H. AGUS RAHARDJO, MSc.M. | E49: 43 | F49: 68 | G49: 35 | H49: 21 | I49: 39 | J49: 20 | K49: 27 | L49: 26 | M49: 24 | N49: 26 | O49: 18 | P49: 20 | Q49: 14 | R49: 29 | S49: 12 | T49: 20 | U49: 20 | V49: 12 | W49: 18 | X49: =SUM(E49:W49) -> 492
B50: 6. | C50: Drs. AYUB KHAN | E50: 12 | F50: 6 | G50: 8 | H50: 7 | I50: 12 | J50: 8 | K50: 16 | L50: 7 | M50: 14 | N50: 7 | O50: 15 | P50: 4 | Q50: 7 | R50: 8 | S50: 11 | T50: 8 | U50: 6 | V50: 6 | W50: 8 | X50: =SUM(E50:W50) -> 170
B51: 7. | C51: BAMBANG HARIANTO | E51: 2 | F51: 7 | G51: 2 | H51: 2 | I51: 2 | J51: 4 | K51: 2 | L51: 2 | M51: 8 | N51: 3 | O51: 1 | P51: 4 | Q51: 0 | R51: 2 | S51: 2 | T51: 1 | U51: 0 | V51: 2 | W51: 2 | X51: =SUM(E51:W51) -> 48
B52: 8. | C52: CATUR RUDI UTANTO, S.Sos. | E52: 3 | F52: 6 | G52: 4 | H52: 3 | I52: 7 | J52: 10 | K52: 8 | L52: 7 | M52: 7 | N52: 5 | O52: 15 | P52: 4 | Q52: 4 | R52: 3 | S52: 4 | T52: 2 | U52: 4 | V52: 3 | W52: 2 | X52: =SUM(E52:W52) -> 101
B53: 9. | C53: DODDY DWI NUGROHO | E53: 4 | F53: 0 | G53: 2 | H53: 2 | I53: 1 | J53: 3 | K53: 0 | L53: 1 | M53: 0 | N53: 2 | O53: 0 | P53: 0 | Q53: 0 | R53: 1 | S53: 0 | T53: 0 | U53: 1 | V53: 0 | W53: 1 | X53: =SUM(E53:W53) -> 18
B54: 10. | C54: KONDANG KUSUMANING AYU | E54: 30 | F54: 18 | G54: 37 | H54: 32 | I54: 31 | J54: 23 | K54: 40 | L54: 26 | M54: 32 | N54: 28 | O54: 31 | P54: 24 | Q54: 24 | R54: 29 | S54: 15 | T54: 25 | U54: 17 | V54: 25 | W54: 27 | X54: =SUM(E54:W54) -> 514
B55: 11. | C55: KUNJUNG WAHYUDI | E55: 3 | F55: 1 | G55: 1 | H55: 3 | I55: 3 | J55: 3 | K55: 2 | L55: 4 | M55: 4 | N55: 1 | O55: 1 | P55: 2 | Q55: 2 | R55: 2 | S55: 0 | T55: 2 | U55: 3 | V55: 2 | W55: 0 | X55: =SUM(E55:W55) -> 39
B56: 12. | C56: Dr. LIA ISTIFHAMA | E56: 18 | F56: 7 | G56: 19 | H56: 15 | I56: 23 | J56: 13 | K56: 13 | L56: 22 | M56: 25 | N56: 26 | O56: 12 | P56: 17 | Q56: 20 | R56: 25 | S56: 9 | T56: 8 | U56: 25 | V56: 13 | W56: 18 | X56: =SUM(E56:W56) -> 328
B57: 13. | C57: MOHAMMAD TRIJANTO, S.H., M.M., M.H. | E57: 4 | F57: 4 | G57: 7 | H57: 5 | I57: 3 | J57: 2 | K57: 5 | L57: 3 | M57: 1 | N57: 2 | O57: 3 | P57: 1 | Q57: 3 | R57: 1 | S57: 2 | T57: 4 | U57: 2 | V57: 3 | W57: 2 | X57: =SUM(E57:W57) -> 57
A59: V | B59: DATA SUARA SAH DAN TIDAK SAH
B60: A. | C60: JUMLAH SELURUH SUARA SAH | E60: =SUM(E45:E57) -> 185 | F60: =SUM(F45:F57) -> 188 | G60: =SUM(G45:G57) -> 187 | H60: =SUM(H45:H57) -> 157 | I60: =SUM(I45:I57) -> 190 | J60: =SUM(J45:J57) -> 156 | K60: =SUM(K45:K57) -> 193 | L60: =SUM(L45:L57) -> 157 | ... W60: =SUM(W45:W57) -> 191 | X60: =SUM(E60:W60) -> 3226
B61: B. | C61: JUMLAH SUARA TIDAK SAH | E61: 52 | F61: 35 | G61: 41 | H61: 57 | I61: 41 | J61: 66 | K61: 52 | L61: 56 | M61: 52 | N61: 50 | O61: 50 | P61: 46 | Q61: 64 | R61: 38 | S61: 40 | T61: 34 | U61: 51 | V61: 57 | W61: 42 | X61: =SUM(E61:W61) -> 924
B62: C. | C62: JUMLAH SELURUH SUARA SAH DAN SUARA TIDAK SAH (V.A + V.B) | E62: =SUM(E60:E61) -> 237 | F62: =SUM(F60:F61) -> 223 | G62: =SUM(G60:G61) -> 228 | H62: =SUM(H60:H61) -> 214 | I62: =SUM(I60:I61) -> 231 | J62: =SUM(J60:J61) -> 222 | K62: =SUM(K60:K61) -> 245 | L62: =SUM(L60:L61) -> 213 | ... W62: =SUM(W60:W61) -> 233 | X62: =SUM(E62:W62) -> 4150

Sheet REJOSARI
C2: Kecamatan | D2: GLAGAH
C3: Kabupaten | D3: BANYUWANGI
C4: Provinsi | D4: JAWA TIMUR
C9: Kelurahan | D9: REJOSARI
A12: I | B12: DATA PEMILIH DAN PENGGUNAAN HAK PILIH | N12: JUMLAH AKHIR
A13: A | B13: DATA PEMILIH | E13: TPS 001 | F13: TPS 002 | G13: TPS 003 | H13: TPS 004 | I13: TPS 005 | J13: TPS 006 | K13: TPS 007 | L13: TPS 008 | M13: TPS 009
B14: Jumlah Pemilih dalam Daftar Pemilih Tetap (DPT) | D14: LK | E14: 149 | F14: 125 | G14: 137 | H14: 133 | I14: 133 | J14: 121 | K14: 124 | L14: 126 | M14: 131 | N14: =SUM(E14:M14) -> 1179
D15: PR | E15: 126 | F15: 135 | G15: 127 | H15: 129 | I15: 130 | J15: 145 | K15: 135 | L15: 138 | M15: 127 | N15: =SUM(E15:M15) -> 1192
D16: JML | E16: =SUM(E14:E15) -> 275 | F16: =SUM(F14:F15) -> 260 | G16: =SUM(G14:G15) -> 264 | H16: =SUM(H14:H15) -> 262 | I16: =SUM(I14:I15) -> 263 | J16: =SUM(J14:J15) -> 266 | K16: =SUM(K14:K15) -> 259 | L16: =SUM(L14:L15) -> 264 | M16: =SUM(M14:M15) -> 258 | N16: =SUM(E16:M16) -> 2371
A18: B | B18: PENGGUNA HAK PILIH
B19: 1. | C19: Jumlah pengguna hak pilih dalam Daftar Pemilih Tetap (DPT) | D19: LK | E19: 127 | F19: 108 | G19: 110 | H19: 108 | I19: 106 | J19: 95 | K19: 88 | L19: 105 | M19: 105 | N19: =SUM(E19:M19) -> 952
D20: PR | E20: 113 | F20: 116 | G20: 115 | H20: 108 | I20: 104 | J20: 122 | K20: 111 | L20: 120 | M20: 104 | N20: =SUM(E20:M20) -> 1013
D21: JML | E21: =SUM(E19:E20) -> 240 | F21: =SUM(F19:F20) -> 224 | G21: =SUM(G19:G20) -> 225 | H21: =SUM(H19:H20) -> 216 | I21: =SUM(I19:I20) -> 210 | J21: =SUM(J19:J20) -> 217 | K21: =SUM(K19:K20) -> 199 | L21: =SUM(L19:L20) -> 225 | M21: =SUM(M19:M20) -> 209 | N21: =SUM(E21:M21) -> 1965
B22: 2. | C22: Jumlah pengguna hak pilih dalam Daftar Pemilih Tambahan (DPTb) | D22: LK | E22: 1 | F22: 1 | G22: 2 | H22: 0 | I22: 1 | J22: 1 | K22: 2 | L22: 0 | M22: 1 | N22: =SUM(E22:M22) -> 9
D23: PR | E23: 4 | F23: 2 | G23: 2 | H23: 0 | I23: 2 | J23: 2 | K23: 2 | L23: 0 | M23: 1 | N23: =SUM(E23:M23) -> 15
D24: JML | E24: =SUM(E22:E23) -> 5 | F24: =SUM(F22:F23) -> 3 | G24: =SUM(G22:G23) -> 4 | H24: =SUM(H22:H23) -> 0 | I24: =SUM(I22:I23) -> 3 | J24: =SUM(J22:J23) -> 3 | K24: =SUM(K22:K23) -> 4 | L24: =SUM(L22:L23) -> 0 | M24: =SUM(M22:M23) -> 2 | N24: =SUM(E24:M24) -> 24
B25: 3. | C25: Jumlah pengguna hak pilih dalam Daftar Pemilih Khusus (DPK) | D25: LK | E25: 0 | F25: 0 | G25: 2 | H25: 0 | I25: 1 | J25: 0 | K25: 0 | L25: 0 | M25: 0 | N25: =SUM(E25:M25) -> 3
D26: PR | E26: 1 | F26: 1 | G26: 2 | H26: 0 | I26: 0 | J26: 1 | K26: 1 | L26: 1 | M26: 0 | N26: =SUM(E26:M26) -> 7
D27: JML | E27: =SUM(E25:E26) -> 1 | F27: =SUM(F25:F26) -> 1 | G27: =SUM(G25:G26) -> 4 | H27: =SUM(H25:H26) -> 0 | I27: =SUM(I25:I26) -> 1 | J27: =SUM(J25:J26) -> 1 | K27: =SUM(K25:K26) -> 1 | L27: =SUM(L25:L26) -> 1 | M27: =SUM(M25:M26) -> 0 | N27: =SUM(E27:M27) -> 10
B28: 4. | C28: Jumlah Pengguna Hak Pilih (B.1+B.2+B.3) | D28: LK | E28: =SUM(E19,E22,E25) -> 128 | F28: =SUM(F19,F22,F25) -> 109 | G28: =SUM(G19,G22,G25) -> 114 | H28: =SUM(H19,H22,H25) -> 108 | I28: =SUM(I19,I22,I25) -> 108 | J28: =SUM(J19,J22,J25) -> 96 | K28: =SUM(K19,K22,K25) -> 90 | L28: =SUM(L19,L22,L25) -> 105 | M28: =SUM(M19,M22,M25) -> 106 | N28: =SUM(E28:M28) -> 964
D29: PR | E29: =SUM(E20,E23,E26) -> 118 | F29: =SUM(F20,F23,F26) -> 119 | G29: =SUM(G20,G23,G26) -> 119 | H29: =SUM(H20,H23,H26) -> 108 | I29: =SUM(I20,I23,I26) -> 106 | J29: =SUM(J20,J23,J26) -> 125 | K29: =SUM(K20,K23,K26) -> 114 | L29: =SUM(L20,L23,L26) -> 121 | M29: =SUM(M20,M23,M26) -> 105 | N29: =SUM(E29:M29) -> 1035
D30: JML | E30: =SUM(E28:E29) -> 246 | F30: =SUM(F28:F29) -> 228 | G30: =SUM(G28:G29) -> 233 | H30: =SUM(H28:H29) -> 216 | I30: =SUM(I28:I29) -> 214 | J30: =SUM(J28:J29) -> 221 | K30: =SUM(K28:K29) -> 204 | L30: =SUM(L28:L29) -> 226 | M30: =SUM(M28:M29) -> 211 | N30: =SUM(E30:M30) -> 1999
A32: II | B32: DATA PENGGUNAAN SURAT SUARA
A33: 1 | B33: Jumlah surat suara yang diterima, termasuk surat suara cadangan 2,5% dari DPT | E33: 281 | F33: 286 | G33: 270 | H33: 268 | I33: 269 | J33: 272 | K33: 267 | L33: 270 | M33: 264 | N33: =SUM(E33:M33) -> 2447
A34: 2 | B34: Jumlah surat suara yang digunakan | E34: 246 | F34: 228 | G34: 233 | H34: 216 | I34: 214 | J34: 221 | K34: 204 | L34: 226 | M34: 211 | N34: =SUM(E34:M34) -> 1999
A35: 3 | B35: Jumlah surat suara dikembalikan oleh pemilih (karena rusak atau keliru coblos) | E35: 2 | F35: 0 | G35: 0 | H35: 0 | I35: 0 | J35: 0 | K35: 0 | L35: 0 | M35: 0 | N35: =SUM(E35:M35) -> 2
A36: 4 | B36: Jumlah surat suara yang tidak digunakan/tidak terpakai, termasuk sisa surat suara cadangan | E36: =E33-(E34+E35) -> 33 | F36: =F33-(F34+F35) -> 58 | G36: =G33-(G34+G35) -> 37 | H36: =H33-(H34+H35) -> 52 | I36: =I33-(I34+I35) -> 55 | J36: =J33-(J34+J35) -> 51 | K36: =K33-(K34+K35) -> 63 | L36: =L33-(L34+L35) -> 44 | M36: =M33-(M34+M35) -> 53 | N36: =SUM(E36:M36) -> 446
A38: III | B38: DATA PEMILIH DISABILITAS
B39: Jumlah seluruh Pemilih disabilitas yang menggunakan hak pilih | D39: LK | E39: 4 | F39: 1 | G39: 1 | K39: 1 | M39: 1 | N39: =SUM(E39:M39) -> 8
D40: PR | E40: 2 | N40: =SUM(E40:M40) -> 2
D41: JML | E41: =SUM(E39:E40) -> 6 | F41: =SUM(F39:F40) -> 1 | G41: =SUM(G39:G40) -> 1 | H41: =SUM(H39:H40) -> 0 | I41: =SUM(I39:I40) -> 0 | J41: =SUM(J39:J40) -> 0 | K41: =SUM(K39:K40) -> 1 | L41: =SUM(L39:L40) -> 0 | M41: =SUM(M39:M40) -> 1 | N41: =SUM(E41:M41) -> 10
A43: IV | B43: DATA RINCIAN PEROLEHAN SUARA PASANGAN CALON BUPATI DAN WAKIL BUPATI
A44: NOMOR DAN NAMA CALON
B45: 1. | C45: AA. AHMAD NAWARDI | E45: 17 | F45: 21 | G45: 19 | H45: 13 | I45: 15 | J45: 15 | K45: 14 | L45: 19 | M45: 31 | N45: =SUM(E45:M45) -> 164
B46: 2. | C46: Ir. H. AA LA NYALLA MAHMUD MATTALITI, M.HP. | E46: 40 | F46: 36 | G46: 50 | H46: 29 | I46: 45 | J46: 43 | K46: 21 | L46: 23 | M46: 29 | N46: =SUM(E46:M46) -> 316
B47: 3. | C47: ABDUL QADIR AMIR HARTONO, S.E., S.H., M.H. | E47: 11 | F47: 8 | G47: 14 | H47: 17 | I47: 8 | J47: 10 | K47: 13 | L47: 11 | M47: 12 | N47: =SUM(E47:M47) -> 104
B48: 4. | C48: ADILLA AZIS, S.E. | E48: 26 | F48: 13 | G48: 14 | H48: 24 | I48: 30 | J48: 20 | K48: 25 | L48: 26 | M48: 25 | N48: =SUM(E48:M48) -> 203
B49: 5. | C49: Ir. H. AGUS RAHARDJO, MSc.M. | E49: 35 | F49: 14 | G49: 18 | H49: 14 | I49: 17 | J49: 23 | K49: 13 | L49: 28 | M49: 23 | N49: =SUM(E49:M49) -> 185
B50: 6. | C50: Drs. AYUB KHAN | E50: 12 | F50: 12 | G50: 11 | H50: 9 | I50: 15 | J50: 17 | K50: 16 | L50: 11 | M50: 6 | N50: =SUM(E50:M50) -> 109
B51: 7. | C51: BAMBANG HARIANTO | E51: 1 | F51: 2 | G51: 0 | H51: 4 | I51: 2 | J51: 1 | K51: 2 | L51: 4 | M51: 0 | N51: =SUM(E51:M51) -> 16
B52: 8. | C52: CATUR RUDI UTANTO, S.Sos. | E52: 5 | F52: 5 | G52: 4 | H52: 3 | I52: 2 | J52: 5 | K52: 1 | L52: 11 | M52: 10 | N52: =SUM(E52:M52) -> 46
B53: 9. | C53: DODDY DWI NUGROHO | E53: 0 | F53: 0 | G53: 0 | H53: 1 | I53: 2 | J53: 0 | K53: 1 | L53: 1 | M53: 1 | N53: =SUM(E53:M53) -> 6
B54: 10. | C54: KONDANG KUSUMANING AYU | E54: 41 | F54: 27 | G54: 30 | H54: 29 | I54: 26 | J54: 28 | K54: 40 | L54: 22 | M54: 21 | N54: =SUM(E54:M54) -> 264
B55: 11. | C55: KUNJUNG WAHYUDI | E55: 5 | F55: 0 | G55: 0 | H55: 1 | I55: 1 | J55: 1 | K55: 2 | L55: 1 | M55: 0 | N55: =SUM(E55:M55) -> 11
B56: 12. | C56: Dr. LIA ISTIFHAMA | E56: 12 | F56: 17 | G56: 25 | H56: 34 | I56: 18 | J56: 14 | K56: 18 | L56: 26 | M56: 26 | N56: =SUM(E56:M56) -> 190
B57: 13. | C57: MOHAMMAD TRIJANTO, S.H., M.M., M.H. | E57: 3 | F57: 2 | G57: 3 | H57: 2 | I57: 10 | J57: 3 | K57: 5 | L57: 2 | M57: 4 | N57: =SUM(E57:M57) -> 34
A59: V | B59: DATA SUARA SAH DAN TIDAK SAH
B60: A. | C60: JUMLAH SELURUH SUARA SAH | E60: =SUM(E45:E57) -> 208 | F60: =SUM(F45:F57) -> 157 | G60: =SUM(G45:G57) -> 188 | H60: =SUM(H45:H57) -> 180 | I60: =SUM(I45:I57) -> 191 | J60: =SUM(J45:J57) -> 180 | K60: =SUM(K45:K57) -> 171 | L60: =SUM(L45:L57) -> 185 | M60: =SUM(M45:M57) -> 188 | N60: =SUM(E60:M60) -> 1648
B61: B. | C61: JUMLAH SUARA TIDAK SAH | E61: 38 | F61: 71 | G61: 45 | H61: 36 | I61: 23 | J61: 41 | K61: 33 | L61: 41 | M61: 23 | N61: =SUM(E61:M61) -> 351
B62: C. | C62: JUMLAH SELURUH SUARA SAH DAN SUARA TIDAK SAH (V.A + V.B) | E62: =SUM(E60:E61) -> 246 | F62: =SUM(F60:F61) -> 228 | G62: =SUM(G60:G61) -> 233 | H62: =SUM(H60:H61) -> 216 | I62: =SUM(I60:I61) -> 214 | J62: =SUM(J60:J61) -> 221 | K62: =SUM(K60:K61) -> 204 | L62: =SUM(L60:L61) -> 226 | M62: =SUM(M60:M61) -> 211 | N62: =SUM(E62:M62) -> 1999

Sheet KEMIREN
C2: Kecamatan | D2: GLAGAH
C3: Kabupaten | D3: BANYUWANGI
C4: Provinsi | D4: JAWA TIMUR
C9: Kelurahan | D9: KEMIREN
A12: I | B12: DATA PEMILIH DAN PENGGUNAAN HAK PILIH | M12: JUMLAH AKHIR
A13: A | B13: DATA PEMILIH | E13: TPS 001 | F13: TPS 002 | G13: TPS 003 | H13: TPS 004 | I13: TPS 005 | J13: TPS 006 | K13: TPS 007 | L13: TPS 008
B14: Jumlah Pemilih dalam Daftar Pemilih Tetap (DPT) | D14: LK | E14: 128 | F14: 118 | G14: 115 | H14: 119 | I14: 121 | J14: 126 | K14: 121 | L14: 133 | M14: =SUM(E14:L14) -> 981
D15: PR | E15: 141 | F15: 135 | G15: 137 | H15: 143 | I15: 133 | J15: 135 | K15: 137 | L15: 126 | M15: =SUM(E15:L15) -> 1087
D16: JML | E16: =SUM(E14:E15) -> 269 | F16: =SUM(F14:F15) -> 253 | G16: =SUM(G14:G15) -> 252 | H16: =SUM(H14:H15) -> 262 | I16: =SUM(I14:I15) -> 254 | J16: =SUM(J14:J15) -> 261 | K16: =SUM(K14:K15) -> 258 | L16: =SUM(L14:L15) -> 259 | M16: =SUM(E16:L16) -> 2068
A18: B | B18: PENGGUNA HAK PILIH
B19: 1. | C19: Jumlah pengguna hak pilih dalam Daftar Pemilih Tetap (DPT) | D19: LK | E19: 114 | F19: 106 | G19: 99 | H19: 111 | I19: 111 | J19: 116 | K19: 108 | L19: 104 | M19: =SUM(E19:L19) -> 869
D20: PR | E20: 130 | F20: 128 | G20: 123 | H20: 131 | I20: 117 | J20: 128 | K20: 123 | L20: 118 | M20: =SUM(E20:L20) -> 998
D21: JML | E21: =SUM(E19:E20) -> 244 | F21: =SUM(F19:F20) -> 234 | G21: =SUM(G19:G20) -> 222 | H21: =SUM(H19:H20) -> 242 | I21: =SUM(I19:I20) -> 228 | J21: =SUM(J19:J20) -> 244 | K21: =SUM(K19:K20) -> 231 | L21: =SUM(L19:L20) -> 222 | M21: =SUM(E21:L21) -> 1867
B22: 2. | C22: Jumlah pengguna hak pilih dalam Daftar Pemilih Tambahan (DPTb) | D22: LK | E22: 2 | F22: 1 | G22: 0 | H22: 2 | I22: 0 | J22: 0 | K22: 1 | L22: 2 | M22: =SUM(E22:L22) -> 8
D23: PR | E23: 1 | F23: 0 | G23: 2 | H23: 0 | I23: 0 | J23: 1 | K23: 1 | L23: 2 | M23: =SUM(E23:L23) -> 7
D24: JML | E24: =SUM(E22:E23) -> 3 | F24: =SUM(F22:F23) -> 1 | G24: =SUM(G22:G23) -> 2 | H24: =SUM(H22:H23) -> 2 | I24: =SUM(I22:I23) -> 0 | J24: =SUM(J22:J23) -> 1 | K24: =SUM(K22:K23) -> 2 | L24: =SUM(L22:L23) -> 4 | M24: =SUM(E24:L24) -> 15
B25: 3. | C25: Jumlah pengguna hak pilih dalam Daftar Pemilih Khusus (DPK) | D25: LK | E25: 0 | F25: 0 | G25: 0 | H25: 0 | I25: 0 | J25: 0 | K25: 0 | L25: 0 | M25: =SUM(E25:L25) -> 0
D26: PR | E26: 0 | F26: 0 | G26: 0 | H26: 0 | I26: 0 | J26: 0 | K26: 1 | L26: 0 | M26: =SUM(E26:L26) -> 1
D27: JML | E27: =SUM(E25:E26) -> 0 | F27: =SUM(F25:F26) -> 0 | G27: =SUM(G25:G26) -> 0 | H27: =SUM(H25:H26) -> 0 | I27: =SUM(I25:I26) -> 0 | J27: =SUM(J25:J26) -> 0 | K27: =SUM(K25:K26) -> 1 | L27: =SUM(L25:L26) -> 0 | M27: =SUM(E27:L27) -> 1
B28: 4. | C28: Jumlah Pengguna Hak Pilih (B.1+B.2+B.3) | D28: LK | E28: =SUM(E19,E22,E25) -> 116 | F28: =SUM(F19,F22,F25) -> 107 | G28: =SUM(G19,G22,G25) -> 99 | H28: =SUM(H19,H22,H25) -> 113 | I28: =SUM(I19,I22,I25) -> 111 | J28: =SUM(J19,J22,J25) -> 116 | K28: =SUM(K19,K22,K25) -> 109 | L28: =SUM(L19,L22,L25) -> 106 | M28: =SUM(E28:L28) -> 877
D29: PR | E29: =SUM(E20,E23,E26) -> 131 | F29: =SUM(F20,F23,F26) -> 128 | G29: =SUM(G20,G23,G26) -> 125 | H29: =SUM(H20,H23,H26) -> 131 | I29: =SUM(I20,I23,I26) -> 117 | J29: =SUM(J20,J23,J26) -> 129 | K29: =SUM(K20,K23,K26) -> 125 | L29: =SUM(L20,L23,L26) -> 120 | M29: =SUM(E29:L29) -> 1006
D30: JML | E30: =SUM(E28:E29) -> 247 | F30: =SUM(F28:F29) -> 235 | G30: =SUM(G28:G29) -> 224 | H30: =SUM(H28:H29) -> 244 | I30: =SUM(I28:I29) -> 228 | J30: =SUM(J28:J29) -> 245 | K30: =SUM(K28:K29) -> 234 | L30: =SUM(L28:L29) -> 226 | M30: =SUM(E30:L30) -> 1883
A32: II | B32: DATA PENGGUNAAN SURAT SUARA
A33: 1 | B33: Jumlah surat suara yang diterima, termasuk surat suara cadangan 2,5% dari DPT | E33: 275 | F33: 259 | G33: 258 | H33: 268 | I33: 260 | J33: 267 | K33: 264 | L33: 265 | M33: =SUM(E33:L33) -> 2116
A34: 2 | B34: Jumlah surat suara yang digunakan | E34: 247 | F34: 235 | G34: 224 | H34: 244 | I34: 228 | J34: 245 | K34: 234 | L34: 226 | M34: =SUM(E34:L34) -> 1883
A35: 3 | B35: Jumlah surat suara dikembalikan oleh pemilih (karena rusak atau keliru coblos) | E35: 0 | F35: 0 | G35: 0 | H35: 0 | I35: 0 | J35: 0 | K35: 0 | L35: 0 | M35: =SUM(E35:L35) -> 0
A36: 4 | B36: Jumlah surat suara yang tidak digunakan/tidak terpakai, termasuk sisa surat suara cadangan | E36: =E33-(E34+E35) -> 28 | F36: =F33-(F34+F35) -> 24 | G36: =G33-(G34+G35) -> 34 | H36: =H33-(H34+H35) -> 24 | I36: =I33-(I34+I35) -> 32 | J36: =J33-(J34+J35) -> 22 | K36: =K33-(K34+K35) -> 30 | L36: =L33-(L34+L35) -> 39 | M36: =SUM(E36:L36) -> 233
A38: III | B38: DATA PEMILIH DISABILITAS
B39: Jumlah seluruh Pemilih disabilitas yang menggunakan hak pilih | D39: LK | M39: =SUM(E39:L39) -> 0
D40: PR | M40: =SUM(E40:L40) -> 0
D41: JML | E41: =SUM(E39:E40) -> 0 | F41: =SUM(F39:F40) -> 0 | G41: =SUM(G39:G40) -> 0 | H41: =SUM(H39:H40) -> 0 | I41: =SUM(I39:I40) -> 0 | J41: =SUM(J39:J40) -> 0 | K41: =SUM(K39:K40) -> 0 | L41: =SUM(L39:L40) -> 0 | M41: =SUM(E41:L41) -> 0
A43: IV | B43: DATA RINCIAN PEROLEHAN SUARA PASANGAN CALON BUPATI DAN WAKIL BUPATI
A44: NOMOR DAN NAMA CALON
B45: 1. | C45: AA. AHMAD NAWARDI | E45: 14 | F45: 14 | G45: 10 | H45: 14 | I45: 27 | J45: 21 | K45: 32 | L45: 12 | M45: =SUM(E45:L45) -> 144
B46: 2. | C46: Ir. H. AA LA NYALLA MAHMUD MATTALITI, M.HP. | E46: 40 | F46: 43 | G46: 31 | H46: 33 | I46: 35 | J46: 53 | K46: 40 | L46: 36 | M46: =SUM(E46:L46) -> 311
B47: 3. | C47: ABDUL QADIR AMIR HARTONO, S.E., S.H., M.H. | E47: 30 | F47: 15 | G47: 14 | H47: 12 | I47: 21 | J47: 22 | K47: 25 | L47: 20 | M47: =SUM(E47:L47) -> 159
B48: 4. | C48: ADILLA AZIS, S.E. | E48: 24 | F48: 19 | G48: 19 | H48: 36 | I48: 33 | J48: 24 | K48: 19 | L48: 22 | M48: =SUM(E48:L48) -> 196
B49: 5. | C49: Ir. H. AGUS RAHARDJO, MSc.M. | E49: 20 | F49: 20 | G49: 16 | H49: 24 | I49: 17 | J49: 27 | K49: 22 | L49: 15 | M49: =SUM(E49:L49) -> 161
B50: 6. | C50: Drs. AYUB KHAN | E50: 6 | F50: 5 | G50: 12 | H50: 8 | I50: 13 | J50: 13 | K50: 10 | L50: 9 | M50: =SUM(E50:L50) -> 76
B51: 7. | C51: BAMBANG HARIANTO | E51: 0 | F51: 1 | G51: 2 | H51: 1 | I51: 2 | J51: 0 | K51: 3 | L51: 1 | M51: =SUM(E51:L51) -> 10
B52: 8. | C52: CATUR RUDI UTANTO, S.Sos. | E52: 4 | F52: 10 | G52: 2 | H52: 4 | I52: 8 | J52: 2 | K52: 8 | L52: 2 | M52: =SUM(E52:L52) -> 40
B53: 9. | C53: DODDY DWI NUGROHO | E53: 3 | F53: 1 | G53: 1 | H53: 1 | I53: 0 | J53: 3 | K53: 1 | L53: 1 | M53: =SUM(E53:L53) -> 11
B54: 10. | C54: KONDANG KUSUMANING AYU | E54: 40 | F54: 37 | G54: 34 | H54: 40 | I54: 20 | J54: 30 | K54: 25 | L54: 45 | M54: =SUM(E54:L54) -> 271
B55: 11. | C55: KUNJUNG WAHYUDI | E55: 0 | F55: 1 | G55: 1 | H55: 5 | I55: 0 | J55: 0 | K55: 1 | L55: 3 | M55: =SUM(E55:L55) -> 11
B56: 12. | C56: Dr. LIA ISTIFHAMA | E56: 17 | F56: 27 | G56: 28 | H56: 24 | I56: 13 | J56: 21 | K56: 26 | L56: 21 | M56: =SUM(E56:L56) -> 177
B57: 13. | C57: MOHAMMAD TRIJANTO, S.H., M.M., M.H. | E57: 2 | F57: 3 | G57: 5 | H57: 3 | I57: 5 | J57: 1 | K57: 1 | L57: 2 | M57: =SUM(E57:L57) -> 22
A59: V | B59: DATA SUARA SAH DAN TIDAK SAH
B60: A. | C60: JUMLAH SELURUH SUARA SAH | E60: =SUM(E45:E57) -> 200 | F60: =SUM(F45:F57) -> 196 | G60: =SUM(G45:G57) -> 175 | H60: =SUM(H45:H57) -> 205 | I60: =SUM(I45:I57) -> 194 | J60: =SUM(J45:J57) -> 217 | K60: =SUM(K45:K57) -> 213 | L60: =SUM(L45:L57) -> 189 | M60: =SUM(E60:L60) -> 1589
B61: B. | C61: JUMLAH SUARA TIDAK SAH | E61: 47 | F61: 39 | G61: 49 | H61: 39 | I61: 34 | J61: 28 | K61: 21 | L61: 37 | M61: =SUM(E61:L61) -> 294
B62: C. | C62: JUMLAH SELURUH SUARA SAH DAN SUARA TIDAK SAH (V.A + V.B) | E62: =SUM(E60:E61) -> 247 | F62: =SUM(F60:F61) -> 235 | G62: =SUM(G60:G61) -> 224 | H62: =SUM(H60:H61) -> 244 | I62: =SUM(I60:I61) -> 228 | J62: =SUM(J60:J61) -> 245 | K62: =SUM(K60:K61) -> 234 | L62: =SUM(L60:L61) -> 226 | M62: =SUM(E62:L62) -> 1883

Sheet OLEHSARI
C2: Kecamatan | D2: GLAGAH
C3: Kabupaten | D3: BANYUWANGI
C4: Provinsi | D4: JAWA TIMUR
C9: Kelurahan | D9: OLEHSARI
A12: I | B12: DATA PEMILIH DAN PENGGUNAAN HAK PILIH | N12: JUMLAH AKHIR
A13: A | B13: DATA PEMILIH | E13: TPS 001 | F13: TPS 002 | G13: TPS 003 | H13: TPS 004 | I13: TPS 005 | J13: TPS 006 | K13: TPS 007 | L13: TPS 008 | M13: TPS 009
B14: Jumlah Pemilih dalam Daftar Pemilih Tetap (DPT) | D14: LK | E14: 125 | F14: 102 | G14: 108 | H14: 107 | I14: 107 | J14: 101 | K14: 116 | L14: 108 | M14: 104 | N14: =SUM(E14:M14) -> 978
D15: PR | E15: 137 | F15: 112 | G15: 133 | H15: 114 | I15: 125 | J15: 119 | K15: 107 | L15: 115 | M15: 114 | N15: =SUM(E15:M15) -> 1076
D16: JML | E16: =SUM(E14:E15) -> 262 | F16: =SUM(F14:F15) -> 214 | G16: =SUM(G14:G15) -> 241 | H16: =SUM(H14:H15) -> 221 | I16: =SUM(I14:I15) -> 232 | J16: =SUM(J14:J15) -> 220 | K16: =SUM(K14:K15) -> 223 | L16: =SUM(L14:L15) -> 223 | M16: =SUM(M14:M15) -> 218 | N16: =SUM(E16:M16) -> 2054
A18: B | B18: PENGGUNA HAK PILIH
B19: 1. | C19: Jumlah pengguna hak pilih dalam Daftar Pemilih Tetap (DPT) | D19: LK | E19: 108 | F19: 78 | G19: 96 | H19: 100 | I19: 89 | J19: 90 | K19: 101 | L19: 93 | M19: 84 | N19: =SUM(E19:M19) -> 839
D20: PR | E20: 117 | F20: 92 | G20: 117 | H20: 106 | I20: 115 | J20: 110 | K20: 102 | L20: 105 | M20: 104 | N20: =SUM(E20:M20) -> 968
D21: JML | E21: =SUM(E19:E20) -> 225 | F21: =SUM(F19:F20) -> 170 | G21: =SUM(G19:G20) -> 213 | H21: =SUM(H19:H20) -> 206 | I21: =SUM(I19:I20) -> 204 | J21: =SUM(J19:J20) -> 200 | K21: =SUM(K19:K20) -> 203 | L21: =SUM(L19:L20) -> 198 | M21: =SUM(M19:M20) -> 188 | N21: =SUM(E21:M21) -> 1807
B22: 2. | C22: Jumlah pengguna hak pilih dalam Daftar Pemilih Tambahan (DPTb) | D22: LK | E22: 0 | F22: 1 | G22: 0 | H22: 0 | I22: 0 | J22: 0 | K22: 2 | L22: 1 | M22: 0 | N22: =SUM(E22:M22) -> 4
D23: PR | E23: 0 | F23: 2 | G23: 0 | H23: 0 | I23: 0 | J23: 0 | K23: 1 | L23: 1 | M23: 0 | N23: =SUM(E23:M23) -> 4
D24: JML | E24: =SUM(E22:E23) -> 0 | F24: =SUM(F22:F23) -> 3 | G24: =SUM(G22:G23) -> 0 | H24: =SUM(H22:H23) -> 0 | I24: =SUM(I22:I23) -> 0 | J24: =SUM(J22:J23) -> 0 | K24: =SUM(K22:K23) -> 3 | L24: =SUM(L22:L23) -> 2 | M24: =SUM(M22:M23) -> 0 | N24: =SUM(E24:M24) -> 8
B25: 3. | C25: Jumlah pengguna hak pilih dalam Daftar Pemilih Khusus (DPK) | D25: LK | E25: 0 | F25: 2 | G25: 0 | H25: 0 | I25: 0 | J25: 0 | K25: 0 | L25: 0 | M25: 0 | N25: =SUM(E25:M25) -> 2
D26: PR | E26: 1 | F26: 2 | G26: 0 | H26: 0 | I26: 2 | J26: 0 | K26: 0 | L26: 0 | M26: 0 | N26: =SUM(E26:M26) -> 5
D27: JML | E27: =SUM(E25:E26) -> 1 | F27: =SUM(F25:F26) -> 4 | G27: =SUM(G25:G26) -> 0 | H27: =SUM(H25:H26) -> 0 | I27: =SUM(I25:I26) -> 2 | J27: =SUM(J25:J26) -> 0 | K27: =SUM(K25:K26) -> 0 | L27: =SUM(L25:L26) -> 0 | M27: =SUM(M25:M26) -> 0 | N27: =SUM(E27:M27) -> 7
B28: 4. | C28: Jumlah Pengguna Hak Pilih (B.1+B.2+B.3) | D28: LK | E28: =SUM(E19,E22,E25) -> 108 | F28: =SUM(F19,F22,F25) -> 81 | G28: =SUM(G19,G22,G25) -> 96 | H28: =SUM(H19,H22,H25) -> 100 | I28: =SUM(I19,I22,I25) -> 89 | J28: =SUM(J19,J22,J25) -> 90 | K28: =SUM(K19,K22,K25) -> 103 | L28: =SUM(L19,L22,L25) -> 94 | M28: =SUM(M19,M22,M25) -> 84 | N28: =SUM(E28:M28) -> 845
D29: PR | E29: =SUM(E20,E23,E26) -> 118 | F29: =SUM(F20,F23,F26) -> 96 | G29: =SUM(G20,G23,G26) -> 117 | H29: =SUM(H20,H23,H26) -> 106 | I29: =SUM(I20,I23,I26) -> 117 | J29: =SUM(J20,J23,J26) -> 110 | K29: =SUM(K20,K23,K26) -> 103 | L29: =SUM(L20,L23,L26) -> 106 | M29: =SUM(M20,M23,M26) -> 104 | N29: =SUM(E29:M29) -> 977
D30: JML | E30: =SUM(E28:E29) -> 226 | F30: =SUM(F28:F29) -> 177 | G30: =SUM(G28:G29) -> 213 | H30: =SUM(H28:H29) -> 206 | I30: =SUM(I28:I29) -> 206 | J30: =SUM(J28:J29) -> 200 | K30: =SUM(K28:K29) -> 206 | L30: =SUM(L28:L29) -> 200 | M30: =SUM(M28:M29) -> 188 | N30: =SUM(E30:M30) -> 1822
A32: II | B32: DATA PENGGUNAAN SURAT SUARA
A33: 1 | B33: Jumlah surat suara yang diterima, termasuk surat suara cadangan 2,5% dari DPT | E33: 268 | F33: 219 | G33: 246 | H33: 226 | I33: 237 | J33: 225 | K33: 228 | L33: 228 | M33: 228 | N33: =SUM(E33:M33) -> 2105
A34: 2 | B34: Jumlah surat suara yang digunakan | E34: 226 | F34: 177 | G34: 213 | H34: 206 | I34: 206 | J34: 200 | K34: 206 | L34: 200 | M34: 188 | N34: =SUM(E34:M34) -> 1822
A35: 3 | B35: Jumlah surat suara dikembalikan oleh pemilih (karena rusak atau keliru coblos) | E35: 0 | F35: 0 | G35: 0 | H35: 0 | I35: 0 | J35: 0 | K35: 0 | L35: 0 | M35: 0 | N35: =SUM(E35:M35) -> 0
A36: 4 | B36: Jumlah surat suara yang tidak digunakan/tidak terpakai, termasuk sisa surat suara cadangan | E36: =E33-(E34+E35) -> 42 | F36: =F33-(F34+F35) -> 42 | G36: =G33-(G34+G35) -> 33 | H36: =H33-(H34+H35) -> 20 | I36: =I33-(I34+I35) -> 31 | J36: =J33-(J34+J35) -> 25 | K36: =K33-(K34+K35) -> 22 | L36: =L33-(L34+L35) -> 28 | M36: =M33-(M34+M35) -> 40 | N36: =SUM(E36:M36) -> 283
A38: III | B38: DATA PEMILIH DISABILITAS
B39: Jumlah seluruh Pemilih disabilitas yang menggunakan hak pilih | D39: LK | E39: 1 | I39: 1 | N39: =SUM(E39:M39) -> 2
D40: PR | K40: 2 | M40: 2 | N40: =SUM(E40:M40) -> 4
D41: JML | E41: =SUM(E39:E40) -> 1 | F41: =SUM(F39:F40) -> 0 | G41: =SUM(G39:G40) -> 0 | H41: =SUM(H39:H40) -> 0 | I41: =SUM(I39:I40) -> 1 | J41: =SUM(J39:J40) -> 0 | K41: =SUM(K39:K40) -> 2 | L41: =SUM(L39:L40) -> 0 | M41: =SUM(M39:M40) -> 2 | N41: =SUM(E41:M41) -> 6
A43: IV | B43: DATA RINCIAN PEROLEHAN SUARA PASANGAN CALON BUPATI DAN WAKIL BUPATI
A44: NOMOR DAN NAMA CALON
B45: 1. | C45: AA. AHMAD NAWARDI | E45: 20 | F45: 9 | G45: 12 | H45: 10 | I45: 12 | J45: 8 | K45: 20 | L45: 12 | M45: 16 | N45: =SUM(E45:M45) -> 119
B46: 2. | C46: Ir. H. AA LA NYALLA MAHMUD MATTALITI, M.HP. | E46: 33 | F46: 25 | G46: 36 | H46: 26 | I46: 38 | J46: 42 | K46: 31 | L46: 26 | M46: 22 | N46: =SUM(E46:M46) -> 279
B47: 3. | C47: ABDUL QADIR AMIR HARTONO, S.E., S.H., M.H. | E47: 24 | F47: 17 | G47: 9 | H47: 24 | I47: 17 | J47: 14 | K47: 22 | L47: 10 | M47: 12 | N47: =SUM(E47:M47) -> 149
B48: 4. | C48: ADILLA AZIS, S.E. | E48: 19 | F48: 16 | G48: 16 | H48: 17 | I48: 27 | J48: 14 | K48: 22 | L48: 17 | M48: 21 | N48: =SUM(E48:M48) -> 169
B49: 5. | C49: Ir. H. AGUS RAHARDJO, MSc.M. | E49: 17 | F49: 16 | G49: 24 | H49: 9 | I49: 18 | J49: 19 | K49: 18 | L49: 18 | M49: 18 | N49: =SUM(E49:M49) -> 157
B50: 6. | C50: Drs. AYUB KHAN | E50: 18 | F50: 3 | G50: 12 | H50: 8 | I50: 4 | J50: 5 | K50: 10 | L50: 15 | M50: 5 | N50: =SUM(E50:M50) -> 80
B51: 7. | C51: BAMBANG HARIANTO | E51: 0 | F51: 3 | G51: 2 | H51: 1 | I51: 2 | J51: 2 | K51: 3 | L51: 1 | M51: 1 | N51: =SUM(E51:M51) -> 15
B52: 8. | C52: CATUR RUDI UTANTO, S.Sos. | E52: 5 | F52: 0 | G52: 4 | H52: 2 | I52: 2 | J52: 2 | K52: 3 | L52: 4 | M52: 2 | N52: =SUM(E52:M52) -> 24
B53: 9. | C53: DODDY DWI NUGROHO | E53: 1 | F53: 1 | G53: 2 | H53: 1 | I53: 0 | J53: 0 | K53: 1 | L53: 0 | M53: 0 | N53: =SUM(E53:M53) -> 6
B54: 10. | C54: KONDANG KUSUMANING AYU | E54: 21 | F54: 22 | G54: 34 | H54: 24 | I54: 30 | J54: 19 | K54: 14 | L54: 19 | M54: 16 | N54: =SUM(E54:M54) -> 199
B55: 11. | C55: KUNJUNG WAHYUDI | E55: 5 | F55: 1 | G55: 1 | H55: 4 | I55: 0 | J55: 0 | K55: 5 | L55: 2 | M55: 0 | N55: =SUM(E55:M55) -> 18
B56: 12. | C56: Dr. LIA ISTIFHAMA | E56: 22 | F56: 19 | G56: 18 | H56: 20 | I56: 20 | J56: 26 | K56: 16 | L56: 21 | M56: 23 | N56: =SUM(E56:M56) -> 185
B57: 13. | C57: MOHAMMAD TRIJANTO, S.H., M.M., M.H. | E57: 7 | F57: 0 | G57: 5 | H57: 3 | I57: 4 | J57: 1 | K57: 2 | L57: 0 | M57: 0 | N57: =SUM(E57:M57) -> 22
N58: =SUM(E58:M58) -> 0
A59: V | B59: DATA SUARA SAH DAN TIDAK SAH | N59: =SUM(E59:M59) -> 0
B60: A. | C60: JUMLAH SELURUH SUARA SAH | E60: =SUM(E45:E57) -> 192 | F60: =SUM(F45:F57) -> 132 | G60: =SUM(G45:G57) -> 175 | H60: =SUM(H45:H57) -> 149 | I60: =SUM(I45:I57) -> 174 | J60: =SUM(J45:J57) -> 152 | K60: =SUM(K45:K57) -> 167 | L60: =SUM(L45:L57) -> 145 | M60: =SUM(M45:M57) -> 136 | N60: =SUM(E60:M60) -> 1422
B61: B. | C61: JUMLAH SUARA TIDAK SAH | E61: 34 | F61: 45 | G61: 38 | H61: 57 | I61: 32 | J61: 48 | K61: 39 | L61: 55 | M61: 52 | N61: =SUM(E61:M61) -> 400
B62: C. | C62: JUMLAH SELURUH SUARA SAH DAN SUARA TIDAK SAH (V.A + V.B) | E62: =SUM(E60:E61) -> 226 | F62: =SUM(F60:F61) -> 177 | G62: =SUM(G60:G61) -> 213 | H62: =SUM(H60:H61) -> 206 | I62: =SUM(I60:I61) -> 206 | J62: =SUM(J60:J61) -> 200 | K62: =SUM(K60:K61) -> 206 | L62: =SUM(L60:L61) -> 200 | M62: =SUM(M60:M61) -> 188 | N62: =SUM(E62:M62) -> 1822

Sheet GLAGAH
C2: Kecamatan | D2: GLAGAH
C3: Kabupaten | D3: BANYUWANGI
C4: Provinsi | D4: JAWA TIMUR
C9: Kelurahan | D9: GLAGAH
A12: I | B12: DATA PEMILIH DAN PENGGUNAAN HAK PILIH | M12: JUMLAH AKHIR
A13: A | B13: DATA PEMILIH | E13: TPS 001 | F13: TPS 002 | G13: TPS 003 | H13: TPS 004 | I13: TPS 005 | J13: TPS 006 | K13: TPS 007 | L13: TPS 008
B14: Jumlah Pemilih dalam Daftar Pemilih Tetap (DPT) | D14: LK | E14: 129 | F14: 118 | G14: 128 | H14: 113 | I14: 131 | J14: 112 | K14: 123 | L14: 88 | M14: =SUM(E14:L14) -> 942
D15: PR | E15: 126 | F15: 117 | G15: 116 | H15: 129 | I15: 138 | J15: 128 | K15: 163 | L15: 106 | M15: =SUM(E15:L15) -> 1023
D16: JML | E16: =SUM(E14:E15) -> 255 | F16: =SUM(F14:F15) -> 235 | G16: =SUM(G14:G15) -> 244 | H16: =SUM(H14:H15) -> 242 | I16: =SUM(I14:I15) -> 269 | J16: =SUM(J14:J15) -> 240 | K16: =SUM(K14:K15) -> 286 | L16: =SUM(L14:L15) -> 194 | M16: =SUM(E16:L16) -> 1965
A18: B | B18: PENGGUNA HAK PILIH
B19: 1. | C19: Jumlah pengguna hak pilih dalam Daftar Pemilih Tetap (DPT) | D19: LK | E19: 106 | F19: 99 | G19: 105 | H19: 97 | I19: 112 | J19: 98 | K19: 99 | L19: 72 | M19: =SUM(E19:L19) -> 788
D20: PR | E20: 101 | F20: 105 | G20: 96 | H20: 120 | I20: 115 | J20: 116 | K20: 131 | L20: 90 | M20: =SUM(E20:L20) -> 874
D21: JML | E21: =SUM(E19:E20) -> 207 | F21: =SUM(F19:F20) -> 204 | G21: =SUM(G19:G20) -> 201 | H21: =SUM(H19:H20) -> 217 | I21: =SUM(I19:I20) -> 227 | J21: =SUM(J19:J20) -> 214 | K21: =SUM(K19:K20) -> 230 | L21: =SUM(L19:L20) -> 162 | M21: =SUM(E21:L21) -> 1662
B22: 2. | C22: Jumlah pengguna hak pilih dalam Daftar Pemilih Tambahan (DPTb) | D22: LK | E22: 0 | F22: 0 | G22: 1 | H22: 0 | I22: 0 | J22: 1 | K22: 0 | L22: 0 | M22: =SUM(E22:L22) -> 2
D23: PR | E23: 1 | F23: 0 | G23: 1 | H23: 1 | I23: 0 | J23: 1 | K23: 0 | L23: 0 | M23: =SUM(E23:L23) -> 4
D24: JML | E24: =SUM(E22:E23) -> 1 | F24: =SUM(F22:F23) -> 0 | G24: =SUM(G22:G23) -> 2 | H24: =SUM(H22:H23) -> 1 | I24: =SUM(I22:I23) -> 0 | J24: =SUM(J22:J23) -> 2 | K24: =SUM(K22:K23) -> 0 | L24: =SUM(L22:L23) -> 0 | M24: =SUM(E24:L24) -> 6
B25: 3. | C25: Jumlah pengguna hak pilih dalam Daftar Pemilih Khusus (DPK) | D25: LK | E25: 1 | F25: 1 | G25: 1 | H25: 2 | I25: 2 | J25: 0 | K25: 2 | L25: 0 | M25: =SUM(E25:L25) -> 9
D26: PR | E26: 2 | F26: 0 | G26: 6 | H26: 1 | I26: 1 | J26: 1 | K26: 7 | L26: 1 | M26: =SUM(E26:L26) -> 19
D27: JML | E27: =SUM(E25:E26) -> 3 | F27: =SUM(F25:F26) -> 1 | G27: =SUM(G25:G26) -> 7 | H27: =SUM(H25:H26) -> 3 | I27: =SUM(I25:I26) -> 3 | J27: =SUM(J25:J26) -> 1 | K27: =SUM(K25:K26) -> 9 | L27: =SUM(L25:L26) -> 1 | M27: =SUM(E27:L27) -> 28
B28: 4. | C28: Jumlah Pengguna Hak Pilih (B.1+B.2+B.3) | D28: LK | E28: =SUM(E19,E22,E25) -> 107 | F28: =SUM(F19,F22,F25) -> 100 | G28: =SUM(G19,G22,G25) -> 107 | H28: =SUM(H19,H22,H25) -> 99 | I28: =SUM(I19,I22,I25) -> 114 | J28: =SUM(J19,J22,J25) -> 99 | K28: =SUM(K19,K22,K25) -> 101 | L28: =SUM(L19,L22,L25) -> 72 | M28: =SUM(E28:L28) -> 799
D29: PR | E29: =SUM(E20,E23,E26) -> 104 | F29: =SUM(F20,F23,F26) -> 105 | G29: =SUM(G20,G23,G26) -> 103 | H29: =SUM(H20,H23,H26) -> 122 | I29: =SUM(I20,I23,I26) -> 116 | J29: =SUM(J20,J23,J26) -> 118 | K29: =SUM(K20,K23,K26) -> 138 | L29: =SUM(L20,L23,L26) -> 91 | M29: =SUM(E29:L29) -> 897
D30: JML | E30: =SUM(E28:E29) -> 211 | F30: =SUM(F28:F29) -> 205 | G30: =SUM(G28:G29) -> 210 | H30: =SUM(H28:H29) -> 221 | I30: =SUM(I28:I29) -> 230 | J30: =SUM(J28:J29) -> 217 | K30: =SUM(K28:K29) -> 239 | L30: =SUM(L28:L29) -> 163 | M30: =SUM(E30:L30) -> 1696
A32: II | B32: DATA PENGGUNAAN SURAT SUARA
A33: 1 | B33: Jumlah surat suara yang diterima, termasuk surat suara cadangan 2,5% dari DPT | E33: 261 | F33: 240 | G33: 250 | H33: 247 | I33: 275 | J33: 245 | K33: 294 | L33: 199 | M33: =SUM(E33:L33) -> 2011
A34: 2 | B34: Jumlah surat suara yang digunakan | E34: 211 | F34: 205 | G34: 210 | H34: 221 | I34: 230 | J34: 217 | K34: 239 | L34: 163 | M34: =SUM(E34:L34) -> 1696
A35: 3 | B35: Jumlah surat suara dikembalikan oleh pemilih (karena rusak atau keliru coblos) | E35: 0 | F35: 0 | G35: 0 | H35: 0 | I35: 0 | J35: 0 | K35: 0 | L35: 0 | M35: =SUM(E35:L35) -> 0
A36: 4 | B36: Jumlah surat suara yang tidak digunakan/tidak terpakai, termasuk sisa surat suara cadangan | E36: =E33-(E34+E35) -> 50 | F36: =F33-(F34+F35) -> 35 | G36: =G33-(G34+G35) -> 40 | H36: =H33-(H34+H35) -> 26 | I36: =I33-(I34+I35) -> 45 | J36: =J33-(J34+J35) -> 28 | K36: =K33-(K34+K35) -> 55 | L36: =L33-(L34+L35) -> 36 | M36: =SUM(E36:L36) -> 315
A38: III | B38: DATA PEMILIH DISABILITAS
B39: Jumlah seluruh Pemilih disabilitas yang menggunakan hak pilih | D39: LK | G39: 1 | M39: =SUM(E39:L39) -> 1
D40: PR | G40: 3 | L40: 1 | M40: =SUM(E40:L40) -> 4
D41: JML | E41: =SUM(E39:E40) -> 0 | F41: =SUM(F39:F40) -> 0 | G41: =SUM(G39:G40) -> 4 | H41: =SUM(H39:H40) -> 0 | I41: =SUM(I39:I40) -> 0 | J41: =SUM(J39:J40) -> 0 | K41: =SUM(K39:K40) -> 0 | L41: =SUM(L39:L40) -> 1 | M41: =SUM(E41:L41) -> 5
A43: IV | B43: DATA RINCIAN PEROLEHAN SUARA PASANGAN CALON BUPATI DAN WAKIL BUPATI
A44: NOMOR DAN NAMA CALON
B45: 1. | C45: AA. AHMAD NAWARDI | E45: 12 | F45: 18 | G45: 10 | H45: 17 | I45: 15 | J45: 6 | K45: 16 | L45: 15 | M45: =SUM(E45:L45) -> 109
B46: 2. | C46: Ir. H. AA LA NYALLA MAHMUD MATTALITI, M.HP. | E46: 18 | F46: 37 | G46: 26 | H46: 18 | I46: 29 | J46: 30 | K46: 30 | L46: 36 | M46: =SUM(E46:L46) -> 224
B47: 3. | C47: ABDUL QADIR AMIR HARTONO, S.E., S.H., M.H. | E47: 16 | F47: 12 | G47: 16 | H47: 10 | I47: 18 | J47: 16 | K47: 15 | L47: 14 | M47: =SUM(E47:L47) -> 117
B48: 4. | C48: ADILLA AZIS, S.E. | E48: 15 | F48: 14 | G48: 13 | H48: 13 | I48: 27 | J48: 15 | K48: 15 | L48: 16 | M48: =SUM(E48:L48) -> 128
B49: 5. | C49: Ir. H. AGUS RAHARDJO, MSc.M. | E49: 8 | F49: 17 | G49: 17 | H49: 24 | I49: 28 | J49: 26 | K49: 25 | L49: 10 | M49: =SUM(E49:L49) -> 155
B50: 6. | C50: Drs. AYUB KHAN | E50: 8 | F50: 10 | G50: 7 | H50: 14 | I50: 11 | J50: 11 | K50: 13 | L50: 4 | M50: =SUM(E50:L50) -> 78
B51: 7. | C51: BAMBANG HARIANTO | E51: 5 | F51: 0 | G51: 2 | H51: 1 | I51: 1 | J51: 1 | K51: 1 | L51: 1 | M51: =SUM(E51:L51) -> 12
B52: 8. | C52: CATUR RUDI UTANTO, S.Sos. | E52: 5 | F52: 2 | G52: 0 | H52: 7 | I52: 6 | J52: 1 | K52: 7 | L52: 3 | M52: =SUM(E52:L52) -> 31
B53: 9. | C53: DODDY DWI NUGROHO | E53: 0 | F53: 1 | G53: 1 | H53: 0 | I53: 0 | J53: 0 | K53: 0 | L53: 0 | M53: =SUM(E53:L53) -> 2
B54: 10. | C54: KONDANG KUSUMANING AYU | E54: 20 | F54: 26 | G54: 24 | H54: 30 | I54: 24 | J54: 22 | K54: 33 | L54: 26 | M54: =SUM(E54:L54) -> 205
B55: 11. | C55: KUNJUNG WAHYUDI | E55: 1 | F55: 1 | G55: 2 | H55: 0 | I55: 0 | J55: 4 | K55: 1 | L55: 1 | M55: =SUM(E55:L55) -> 10
B56: 12. | C56: Dr. LIA ISTIFHAMA | E56: 8 | F56: 11 | G56: 16 | H56: 20 | I56: 25 | J56: 19 | K56: 22 | L56: 0 | M56: =SUM(E56:L56) -> 121
B57: 13. | C57: MOHAMMAD TRIJANTO, S.H., M.M., M.H. | E57: 4 | F57: 1 | G57: 4 | H57: 3 | I57: 4 | J57: 2 | K57: 1 | L57: 2 | M57: =SUM(E57:L57) -> 21
A59: V | B59: DATA SUARA SAH DAN TIDAK SAH
B60: A. | C60: JUMLAH SELURUH SUARA SAH | E60: =SUM(E45:E57) -> 120 | F60: =SUM(F45:F57) -> 150 | G60: =SUM(G45:G57) -> 138 | H60: =SUM(H45:H57) -> 157 | I60: =SUM(I45:I57) -> 188 | J60: =SUM(J45:J57) -> 153 | K60: =SUM(K45:K57) -> 179 | L60: =SUM(L45:L57) -> 128 | M60: =SUM(E60:L60) -> 1213
B61: B. | C61: JUMLAH SUARA TIDAK SAH | E61: 91 | F61: 55 | G61: 72 | H61: 64 | I61: 42 | J61: 64 | K61: 60 | L61: 35 | M61: =SUM(E61:L61) -> 483
B62: C. | C62: JUMLAH SELURUH SUARA SAH DAN SUARA TIDAK SAH (V.A + V.B) | E62: =SUM(E60:E61) -> 211 | F62: =SUM(F60:F61) -> 205 | G62: =SUM(G60:G61) -> 210 | H62: =SUM(H60:H61) -> 221 | I62: =SUM(I60:I61) -> 230 | J62: =SUM(J60:J61) -> 217 | K62: =SUM(K60:K61) -> 239 | L62: =SUM(L60:L61) -> 163 | M62: =SUM(E62:L62) -> 1696

Sheet PASPAN
C2: Kecamatan | D2: GLAGAH
C3: Kabupaten | D3: BANYUWANGI
C4: Provinsi | D4: JAWA TIMUR
C9: Kelurahan | D9: PASPAN
A12: I | B12: DATA PEMILIH DAN PENGGUNAAN HAK PILIH | P12: JUMLAH AKHIR
A13: A | B13: DATA PEMILIH | E13: TPS 001 | F13: TPS 002 | G13: TPS 003 | H13: TPS 004 | I13: TPS 005 | J13: TPS 006 | K13: TPS 007 | L13: TPS 008 | M13: TPS 009 | N13: TPS 010 | O13: TPS 011
B14: Jumlah Pemilih dalam Daftar Pemilih Tetap (DPT) | D14: LK | E14: 113 | F14: 114 | G14: 111 | H14: 115 | I14: 110 | J14: 116 | K14: 124 | L14: 125 | M14: 124 | N14: 122 | O14: 129 | P14: =SUM(E14:O14) -> 1303
D15: PR | E15: 109 | F15: 113 | G15: 111 | H15: 112 | I15: 112 | J15: 113 | K15: 112 | L15: 128 | M15: 102 | N15: 112 | O15: 129 | P15: =SUM(E15:O15) -> 1253
D16: JML | E16: =SUM(E14:E15) -> 222 | F16: =SUM(F14:F15) -> 227 | G16: =SUM(G14:G15) -> 222 | H16: =SUM(H14:H15) -> 227 | I16: =SUM(I14:I15) -> 222 | J16: =SUM(J14:J15) -> 229 | K16: =SUM(K14:K15) -> 236 | L16: =SUM(L14:L15) -> 253 | ... O16: =SUM(O14:O15) -> 258 | P16: =SUM(E16:O16) -> 2556
A18: B | B18: PENGGUNA HAK PILIH
B19: 1. | C19: Jumlah pengguna hak pilih dalam Daftar Pemilih Tetap (DPT) | D19: LK | E19: 90 | F19: 100 | G19: 93 | H19: 97 | I19: 97 | J19: 97 | K19: 112 | L19: 105 | M19: 102 | N19: 97 | O19: 117 | P19: =SUM(E19:O19) -> 1107
D20: PR | E20: 99 | F20: 108 | G20: 99 | H20: 103 | I20: 110 | J20: 109 | K20: 103 | L20: 118 | M20: 88 | N20: 95 | O20: 117 | P20: =SUM(E20:O20) -> 1149
D21: JML | E21: =SUM(E19:E20) -> 189 | F21: =SUM(F19:F20) -> 208 | G21: =SUM(G19:G20) -> 192 | H21: =SUM(H19:H20) -> 200 | I21: =SUM(I19:I20) -> 207 | J21: =SUM(J19:J20) -> 206 | K21: =SUM(K19:K20) -> 215 | L21: =SUM(L19:L20) -> 223 | ... O21: =SUM(O19:O20) -> 234 | P21: =SUM(E21:O21) -> 2256
B22: 2. | C22: Jumlah pengguna hak pilih dalam Daftar Pemilih Tambahan (DPTb) | D22: LK | E22: 0 | F22: 0 | G22: 0 | H22: 0 | I22: 0 | J22: 0 | K22: 0 | L22: 0 | M22: 0 | N22: 0 | O22: 0 | P22: =SUM(E22:O22) -> 0
D23: PR | E23: 1 | F23: 0 | G23: 0 | H23: 0 | I23: 0 | J23: 0 | K23: 0 | L23: 0 | M23: 0 | N23: 1 | O23: 1 | P23: =SUM(E23:O23) -> 3
D24: JML | E24: =SUM(E22:E23) -> 1 | F24: =SUM(F22:F23) -> 0 | G24: =SUM(G22:G23) -> 0 | H24: =SUM(H22:H23) -> 0 | I24: =SUM(I22:I23) -> 0 | J24: =SUM(J22:J23) -> 0 | K24: =SUM(K22:K23) -> 0 | L24: =SUM(L22:L23) -> 0 | ... O24: =SUM(O22:O23) -> 1 | P24: =SUM(E24:O24) -> 3
B25: 3. | C25: Jumlah pengguna hak pilih dalam Daftar Pemilih Khusus (DPK) | D25: LK | E25: 0 | F25: 0 | G25: 0 | H25: 2 | I25: 0 | J25: 0 | K25: 0 | L25: 0 | M25: 0 | N25: 0 | O25: 1 | P25: =SUM(E25:O25) -> 3
D26: PR | E26: 0 | F26: 0 | G26: 0 | H26: 3 | I26: 2 | J26: 0 | K26: 0 | L26: 2 | M26: 0 | N26: 0 | O26: 1 | P26: =SUM(E26:O26) -> 8
D27: JML | E27: =SUM(E25:E26) -> 0 | F27: =SUM(F25:F26) -> 0 | G27: =SUM(G25:G26) -> 0 | H27: =SUM(H25:H26) -> 5 | I27: =SUM(I25:I26) -> 2 | J27: =SUM(J25:J26) -> 0 | K27: =SUM(K25:K26) -> 0 | L27: =SUM(L25:L26) -> 2 | ... O27: =SUM(O25:O26) -> 2 | P27: =SUM(E27:O27) -> 11
B28: 4. | C28: Jumlah Pengguna Hak Pilih (B.1+B.2+B.3) | D28: LK | E28: =SUM(E19,E22,E25) -> 90 | F28: =SUM(F19,F22,F25) -> 100 | G28: =SUM(G19,G22,G25) -> 93 | H28: =SUM(H19,H22,H25) -> 99 | I28: =SUM(I19,I22,I25) -> 97 | J28: =SUM(J19,J22,J25) -> 97 | K28: =SUM(K19,K22,K25) -> 112 | L28: =SUM(L19,L22,L25) -> 105 | ... O28: =SUM(O19,O22,O25) -> 118 | P28: =SUM(E28:O28) -> 1110
D29: PR | E29: =SUM(E20,E23,E26) -> 100 | F29: =SUM(F20,F23,F26) -> 108 | G29: =SUM(G20,G23,G26) -> 99 | H29: =SUM(H20,H23,H26) -> 106 | I29: =SUM(I20,I23,I26) -> 112 | J29: =SUM(J20,J23,J26) -> 109 | K29: =SUM(K20,K23,K26) -> 103 | L29: =SUM(L20,L23,L26) -> 120 | ... O29: =SUM(O20,O23,O26) -> 119 | P29: =SUM(E29:O29) -> 1160
D30: JML | E30: =SUM(E28:E29) -> 190 | F30: =SUM(F28:F29) -> 208 | G30: =SUM(G28:G29) -> 192 | H30: =SUM(H28:H29) -> 205 | I30: =SUM(I28:I29) -> 209 | J30: =SUM(J28:J29) -> 206 | K30: =SUM(K28:K29) -> 215 | L30: =SUM(L28:L29) -> 225 | ... O30: =SUM(O28:O29) -> 237 | P30: =SUM(E30:O30) -> 2270
A32: II | B32: DATA PENGGUNAAN SURAT SUARA
A33: 1 | B33: Jumlah surat suara yang diterima, termasuk surat suara cadangan 2,5% dari DPT | E33: 227 | F33: 232 | G33: 227 | H33: 232 | I33: 227 | J33: 234 | K33: 264 | L33: 259 | M33: 231 | N33: 239 | O33: 264 | P33: =SUM(E33:O33) -> 2636
A34: 2 | B34: Jumlah surat suara yang digunakan | E34: 190 | F34: 208 | G34: 192 | H34: 205 | I34: 209 | J34: 206 | K34: 215 | L34: 225 | M34: 190 | N34: 193 | O34: 237 | P34: =SUM(E34:O34) -> 2270
A35: 3 | B35: Jumlah surat suara dikembalikan oleh pemilih (karena rusak atau keliru coblos) | E35: 5 | F35: 0 | G35: 0 | H35: 0 | I35: 0 | J35: 0 | K35: 0 | L35: 0 | M35: 0 | N35: 0 | O35: 0 | P35: =SUM(E35:O35) -> 5
A36: 4 | B36: Jumlah surat suara yang tidak digunakan/tidak terpakai, termasuk sisa surat suara cadangan | E36: =E33-(E34+E35) -> 32 | F36: =F33-(F34+F35) -> 24 | G36: =G33-(G34+G35) -> 35 | H36: =H33-(H34+H35) -> 27 | I36: =I33-(I34+I35) -> 18 | J36: =J33-(J34+J35) -> 28 | K36: =K33-(K34+K35) -> 49 | L36: =L33-(L34+L35) -> 34 | ... O36: =O33-(O34+O35) -> 27 | P36: =SUM(E36:O36) -> 361
A38: III | B38: DATA PEMILIH DISABILITAS
B39: Jumlah seluruh Pemilih disabilitas yang menggunakan hak pilih | D39: LK | P39: =SUM(E39:O39) -> 0
D40: PR | P40: =SUM(E40:O40) -> 0
D41: JML | E41: =SUM(E39:E40) -> 0 | F41: =SUM(F39:F40) -> 0 | G41: =SUM(G39:G40) -> 0 | H41: =SUM(H39:H40) -> 0 | I41: =SUM(I39:I40) -> 0 | J41: =SUM(J39:J40) -> 0 | K41: =SUM(K39:K40) -> 0 | L41: =SUM(L39:L40) -> 0 | ... O41: =SUM(O39:O40) -> 0 | P41: =SUM(E41:O41) -> 0
A43: IV | B43: DATA RINCIAN PEROLEHAN SUARA PASANGAN CALON BUPATI DAN WAKIL BUPATI
A44: NOMOR DAN NAMA CALON
B45: 1. | C45: AA. AHMAD NAWARDI | E45: 11 | F45: 18 | G45: 19 | H45: 19 | I45: 19 | J45: 23 | K45: 8 | L45: 20 | M45: 13 | N45: 17 | O45: 34 | P45: =SUM(E45:O45) -> 201
B46: 2. | C46: Ir. H. AA LA NYALLA MAHMUD MATTALITI, M.HP. | E46: 27 | F46: 38 | G46: 35 | H46: 43 | I46: 28 | J46: 38 | K46: 28 | L46: 29 | M46: 20 | N46: 20 | O46: 22 | P46: =SUM(E46:O46) -> 328
B47: 3. | C47: ABDUL QADIR AMIR HARTONO, S.E., S.H., M.H. | E47: 12 | F47: 16 | G47: 10 | H47: 14 | I47: 15 | J47: 13 | K47: 24 | L47: 20 | M47: 15 | N47: 18 | O47: 12 | P47: =SUM(E47:O47) -> 169
B48: 4. | C48: ADILLA AZIS, S.E. | E48: 18 | F48: 16 | G48: 13 | H48: 16 | I48: 28 | J48: 19 | K48: 17 | L48: 27 | M48: 17 | N48: 17 | O48: 27 | P48: =SUM(E48:O48) -> 215
B49: 5. | C49: Ir. H. AGUS RAHARDJO, MSc.M. | E49: 19 | F49: 12 | G49: 13 | H49: 25 | I49: 21 | J49: 18 | K49: 26 | L49: 23 | M49: 15 | N49: 19 | O49: 19 | P49: =SUM(E49:O49) -> 210
B50: 6. | C50: Drs. AYUB KHAN | E50: 21 | F50: 16 | G50: 14 | H50: 16 | I50: 11 | J50: 8 | K50: 16 | L50: 13 | M50: 9 | N50: 11 | O50: 19 | P50: =SUM(E50:O50) -> 154
B51: 7. | C51: BAMBANG HARIANTO | E51: 0 | F51: 0 | G51: 3 | H51: 6 | I51: 4 | J51: 1 | K51: 5 | L51: 4 | M51: 5 | N51: 2 | O51: 3 | P51: =SUM(E51:O51) -> 33
B52: 8. | C52: CATUR RUDI UTANTO, S.Sos. | E52: 0 | F52: 1 | G52: 5 | H52: 3 | I52: 3 | J52: 2 | K52: 2 | L52: 1 | M52: 1 | N52: 8 | O52: 1 | P52: =SUM(E52:O52) -> 27
B53: 9. | C53: DODDY DWI NUGROHO | E53: 0 | F53: 0 | G53: 0 | H53: 2 | I53: 1 | J53: 0 | K53: 0 | L53: 1 | M53: 0 | N53: 1 | O53: 1 | P53: =SUM(E53:O53) -> 6
B54: 10. | C54: KONDANG KUSUMANING AYU | E54: 14 | F54: 18 | G54: 18 | H54: 14 | I54: 22 | J54: 24 | K54: 12 | L54: 10 | M54: 20 | N54: 8 | O54: 18 | P54: =SUM(E54:O54) -> 178
B55: 11. | C55: KUNJUNG WAHYUDI | E55: 0 | F55: 2 | G55: 3 | H55: 1 | I55: 1 | J55: 2 | K55: 0 | L55: 2 | M55: 2 | N55: 0 | O55: 0 | P55: =SUM(E55:O55) -> 13
B56: 12. | C56: Dr. LIA ISTIFHAMA | E56: 20 | F56: 13 | G56: 19 | H56: 13 | I56: 8 | J56: 16 | K56: 18 | L56: 18 | M56: 18 | N56: 16 | O56: 20 | P56: =SUM(E56:O56) -> 179
B57: 13. | C57: MOHAMMAD TRIJANTO, S.H., M.M., M.H. | E57: 2 | F57: 2 | G57: 0 | H57: 1 | I57: 5 | J57: 2 | K57: 0 | L57: 0 | M57: 0 | N57: 2 | O57: 0 | P57: =SUM(E57:O57) -> 14
A59: V | B59: DATA SUARA SAH DAN TIDAK SAH
B60: A. | C60: JUMLAH SELURUH SUARA SAH | E60: =SUM(E45:E57) -> 144 | F60: =SUM(F45:F57) -> 152 | G60: =SUM(G45:G57) -> 152 | H60: =SUM(H45:H57) -> 173 | I60: =SUM(I45:I57) -> 166 | J60: =SUM(J45:J57) -> 166 | K60: =SUM(K45:K57) -> 156 | L60: =SUM(L45:L57) -> 168 | ... O60: =SUM(O45:O57) -> 176 | P60: =SUM(E60:O60) -> 1727
B61: B. | C61: JUMLAH SUARA TIDAK SAH | E61: 46 | F61: 56 | G61: 40 | H61: 32 | I61: 43 | J61: 40 | K61: 59 | L61: 57 | M61: 55 | N61: 54 | O61: 61 | P61: =SUM(E61:O61) -> 543
B62: C. | C62: JUMLAH SELURUH SUARA SAH DAN SUARA TIDAK SAH (V.A + V.B) | E62: =SUM(E60:E61) -> 190 | F62: =SUM(F60:F61) -> 208 | G62: =SUM(G60:G61) -> 192 | H62: =SUM(H60:H61) -> 205 | I62: =SUM(I60:I61) -> 209 | J62: =SUM(J60:J61) -> 206 | K62: =SUM(K60:K61) -> 215 | L62: =SUM(L60:L61) -> 225 | ... O62: =SUM(O60:O61) -> 237 | P62: =SUM(E62:O62) -> 2270

Sheet TAMANSURUH
C2: Kecamatan | D2: GLAGAH
C3: Kabupaten | D3: BANYUWANGI
C4: Provinsi | D4: JAWA TIMUR
C9: Kelurahan | D9: TAMANSURUH
A12: I | B12: DATA PEMILIH DAN PENGGUNAAN HAK PILIH | S12: JUMLAH AKHIR
A13: A | B13: DATA PEMILIH | E13: TPS 001 | F13: TPS 002 | G13: TPS 003 | H13: TPS 004 | I13: TPS 005 | J13: TPS 006 | K13: TPS 007 | L13: TPS 008 | M13: TPS 009 | N13: TPS 010 | O13: TPS 011 | P13: TPS 012 | Q13: TPS 013 | R13: TPS 014
B14: Jumlah Pemilih dalam Daftar Pemilih Tetap (DPT) | D14: LK | E14: 101 | F14: 113 | G14: 135 | H14: 101 | I14: 113 | J14: 120 | K14: 126 | L14: 142 | M14: 130 | N14: 136 | O14: 120 | P14: 135 | Q14: 102 | R14: 105 | S14: =SUM(E14:R14) -> 1679
D15: PR | E15: 113 | F15: 124 | G15: 140 | H15: 124 | I15: 132 | J15: 121 | K15: 143 | L15: 143 | M15: 153 | N15: 141 | O15: 123 | P15: 158 | Q15: 96 | R15: 106 | S15: =SUM(E15:R15) -> 1817
D16: JML | E16: =SUM(E14:E15) -> 214 | F16: =SUM(F14:F15) -> 237 | G16: =SUM(G14:G15) -> 275 | H16: =SUM(H14:H15) -> 225 | I16: =SUM(I14:I15) -> 245 | J16: =SUM(J14:J15) -> 241 | K16: =SUM(K14:K15) -> 269 | L16: =SUM(L14:L15) -> 285 | ... R16: =SUM(R14:R15) -> 211 | S16: =SUM(E16:R16) -> 3496
A18: B | B18: PENGGUNA HAK PILIH
B19: 1. | C19: Jumlah pengguna hak pilih dalam Daftar Pemilih Tetap (DPT) | D19: LK | E19: 97 | F19: 101 | G19: 113 | H19: 85 | I19: 92 | J19: 102 | K19: 91 | L19: 107 | M19: 102 | N19: 112 | O19: 91 | P19: 121 | Q19: 92 | R19: 83 | S19: =SUM(E19:R19) -> 1389
D20: PR | E20: 105 | F20: 103 | G20: 125 | H20: 107 | I20: 113 | J20: 103 | K20: 113 | L20: 115 | M20: 128 | N20: 122 | O20: 105 | P20: 138 | Q20: 90 | R20: 93 | S20: =SUM(E20:R20) -> 1560
D21: JML | E21: =SUM(E19:E20) -> 202 | F21: =SUM(F19:F20) -> 204 | G21: =SUM(G19:G20) -> 238 | H21: =SUM(H19:H20) -> 192 | I21: =SUM(I19:I20) -> 205 | J21: =SUM(J19:J20) -> 205 | K21: =SUM(K19:K20) -> 204 | L21: =SUM(L19:L20) -> 222 | ... R21: =SUM(R19:R20) -> 176 | S21: =SUM(E21:R21) -> 2949
B22: 2. | C22: Jumlah pengguna hak pilih dalam Daftar Pemilih Tambahan (DPTb) | D22: LK | E22: 0 | F22: 0 | G22: 0 | H22: 0 | I22: 1 | J22: 0 | K22: 0 | L22: 0 | M22: 0 | N22: 0 | O22: 0 | P22: 0 | Q22: 0 | R22: 1 | S22: =SUM(E22:R22) -> 2
D23: PR | E23: 0 | F23: 0 | G23: 0 | H23: 0 | I23: 1 | J23: 0 | K23: 3 | L23: 0 | M23: 0 | N23: 0 | O23: 0 | P23: 0 | Q23: 0 | R23: 0 | S23: =SUM(E23:R23) -> 4
D24: JML | E24: =SUM(E22:E23) -> 0 | F24: =SUM(F22:F23) -> 0 | G24: =SUM(G22:G23) -> 0 | H24: =SUM(H22:H23) -> 0 | I24: =SUM(I22:I23) -> 2 | J24: =SUM(J22:J23) -> 0 | K24: =SUM(K22:K23) -> 3 | L24: =SUM(L22:L23) -> 0 | ... R24: =SUM(R22:R23) -> 1 | S24: =SUM(E24:R24) -> 6
B25: 3. | C25: Jumlah pengguna hak pilih dalam Daftar Pemilih Khusus (DPK) | D25: LK | E25: 0 | F25: 0 | G25: 0 | H25: 0 | I25: 0 | J25: 1 | K25: 1 | L25: 0 | M25: 1 | N25: 0 | O25: 0 | P25: 0 | Q25: 0 | R25: 0 | S25: =SUM(E25:R25) -> 3
D26: PR | E26: 0 | F26: 0 | G26: 0 | H26: 0 | I26: 0 | J26: 2 | K26: 2 | L26: 0 | M26: 4 | N26: 0 | O26: 0 | P26: 0 | Q26: 0 | R26: 0 | S26: =SUM(E26:R26) -> 8
D27: JML | E27: =SUM(E25:E26) -> 0 | F27: =SUM(F25:F26) -> 0 | G27: =SUM(G25:G26) -> 0 | H27: =SUM(H25:H26) -> 0 | I27: =SUM(I25:I26) -> 0 | J27: =SUM(J25:J26) -> 3 | K27: =SUM(K25:K26) -> 3 | L27: =SUM(L25:L26) -> 0 | ... R27: =SUM(R25:R26) -> 0 | S27: =SUM(E27:R27) -> 11
B28: 4. | C28: Jumlah Pengguna Hak Pilih (B.1+B.2+B.3) | D28: LK | E28: =SUM(E19,E22,E25) -> 97 | F28: =SUM(F19,F22,F25) -> 101 | G28: =SUM(G19,G22,G25) -> 113 | H28: =SUM(H19,H22,H25) -> 85 | I28: =SUM(I19,I22,I25) -> 93 | J28: =SUM(J19,J22,J25) -> 103 | K28: =SUM(K19,K22,K25) -> 92 | L28: =SUM(L19,L22,L25) -> 107 | ... R28: =SUM(R19,R22,R25) -> 84 | S28: =SUM(E28:R28) -> 1394
D29: PR | E29: =SUM(E20,E23,E26) -> 105 | F29: =SUM(F20,F23,F26) -> 103 | G29: =SUM(G20,G23,G26) -> 125 | H29: =SUM(H20,H23,H26) -> 107 | I29: =SUM(I20,I23,I26) -> 114 | J29: =SUM(J20,J23,J26) -> 105 | K29: =SUM(K20,K23,K26) -> 118 | L29: =SUM(L20,L23,L26) -> 115 | ... R29: =SUM(R20,R23,R26) -> 93 | S29: =SUM(E29:R29) -> 1572
D30: JML | E30: =SUM(E28:E29) -> 202 | F30: =SUM(F28:F29) -> 204 | G30: =SUM(G28:G29) -> 238 | H30: =SUM(H28:H29) -> 192 | I30: =SUM(I28:I29) -> 207 | J30: =SUM(J28:J29) -> 208 | K30: =SUM(K28:K29) -> 210 | L30: =SUM(L28:L29) -> 222 | ... R30: =SUM(R28:R29) -> 177 | S30: =SUM(E30:R30) -> 2966
A32: II | B32: DATA PENGGUNAAN SURAT SUARA
A33: 1 | B33: Jumlah surat suara yang diterima, termasuk surat suara cadangan 2,5% dari DPT | E33: 219 | F33: 240 | G33: 281 | H33: 230 | I33: 251 | J33: 245 | K33: 276 | L33: 311 | M33: 289 | N33: 283 | O33: 248 | P33: 299 | Q33: 202 | R33: 216 | S33: =SUM(E33:R33) -> 3590
A34: 2 | B34: Jumlah surat suara yang digunakan | E34: 202 | F34: 204 | G34: 238 | H34: 192 | I34: 207 | J34: 208 | K34: 210 | L34: 222 | M34: 235 | N34: 234 | O34: 196 | P34: 259 | Q34: 182 | R34: 177 | S34: =SUM(E34:R34) -> 2966
A35: 3 | B35: Jumlah surat suara dikembalikan oleh pemilih (karena rusak atau keliru coblos) | E35: 0 | F35: 0 | G35: 0 | H35: 1 | I35: 0 | J35: 0 | K35: 0 | L35: 0 | M35: 0 | N35: 0 | O35: 0 | P35: 0 | Q35: 0 | R35: 0 | S35: =SUM(E35:R35) -> 1
A36: 4 | B36: Jumlah surat suara yang tidak digunakan/tidak terpakai, termasuk sisa surat suara cadangan | E36: =E33-(E34+E35) -> 17 | F36: =F33-(F34+F35) -> 36 | G36: =G33-(G34+G35) -> 43 | H36: =H33-(H34+H35) -> 37 | I36: =I33-(I34+I35) -> 44 | J36: =J33-(J34+J35) -> 37 | K36: =K33-(K34+K35) -> 66 | L36: =L33-(L34+L35) -> 89 | ... R36: =R33-(R34+R35) -> 39 | S36: =SUM(E36:R36) -> 623
A38: III | B38: DATA PEMILIH DISABILITAS
B39: Jumlah seluruh Pemilih disabilitas yang menggunakan hak pilih | D39: LK | S39: =SUM(E39:R39) -> 0
D40: PR | S40: =SUM(E40:R40) -> 0
D41: JML | E41: =SUM(E39:E40) -> 0 | F41: =SUM(F39:F40) -> 0 | G41: =SUM(G39:G40) -> 0 | H41: =SUM(H39:H40) -> 0 | I41: =SUM(I39:I40) -> 0 | J41: =SUM(J39:J40) -> 0 | K41: =SUM(K39:K40) -> 0 | L41: =SUM(L39:L40) -> 0 | ... R41: =SUM(R39:R40) -> 0 | S41: =SUM(E41:R41) -> 0
A43: IV | B43: DATA RINCIAN PEROLEHAN SUARA PASANGAN CALON BUPATI DAN WAKIL BUPATI
A44: NOMOR DAN NAMA CALON
B45: 1. | C45: AA. AHMAD NAWARDI | E45: 39 | F45: 42 | G45: 38 | H45: 33 | I45: 12 | J45: 21 | K45: 21 | L45: 16 | M45: 25 | N45: 35 | O45: 22 | P45: 18 | Q45: 18 | R45: 28 | S45: =SUM(E45:R45) -> 368
B46: 2. | C46: Ir. H. AA LA NYALLA MAHMUD MATTALITI, M.HP. | E46: 24 | F46: 26 | G46: 38 | H46: 27 | I46: 41 | J46: 44 | K46: 33 | L46: 27 | M46: 33 | N46: 29 | O46: 22 | P46: 41 | Q46: 33 | R46: 25 | S46: =SUM(E46:R46) -> 443
B47: 3. | C47: ABDUL QADIR AMIR HARTONO, S.E., S.H., M.H. | E47: 17 | F47: 7 | G47: 13 | H47: 7 | I47: 10 | J47: 29 | K47: 14 | L47: 9 | M47: 17 | N47: 21 | O47: 20 | P47: 17 | Q47: 13 | R47: 16 | S47: =SUM(E47:R47) -> 210
B48: 4. | C48: ADILLA AZIS, S.E. | E48: 14 | F48: 14 | G48: 23 | H48: 15 | I48: 15 | J48: 15 | K48: 21 | L48: 19 | M48: 21 | N48: 22 | O48: 26 | P48: 11 | Q48: 11 | R48: 10 | S48: =SUM(E48:R48) -> 237
B49: 5. | C49: Ir. H. AGUS RAHARDJO, MSc.M. | E49: 12 | F49: 8 | G49: 19 | H49: 14 | I49: 14 | J49: 17 | K49: 20 | L49: 27 | M49: 13 | N49: 17 | O49: 16 | P49: 15 | Q49: 15 | R49: 12 | S49: =SUM(E49:R49) -> 219
B50: 6. | C50: Drs. AYUB KHAN | E50: 11 | F50: 16 | G50: 15 | H50: 14 | I50: 15 | J50: 13 | K50: 15 | L50: 16 | M50: 15 | N50: 14 | O50: 12 | P50: 27 | Q50: 17 | R50: 19 | S50: =SUM(E50:R50) -> 219
B51: 7. | C51: BAMBANG HARIANTO | E51: 2 | F51: 3 | G51: 4 | H51: 4 | I51: 5 | J51: 3 | K51: 6 | L51: 1 | M51: 1 | N51: 5 | O51: 1 | P51: 6 | Q51: 7 | R51: 8 | S51: =SUM(E51:R51) -> 56
B52: 8. | C52: CATUR RUDI UTANTO, S.Sos. | E52: 1 | F52: 1 | G52: 3 | H52: 1 | I52: 2 | J52: 5 | K52: 1 | L52: 3 | M52: 3 | N52: 2 | O52: 2 | P52: 4 | Q52: 0 | R52: 1 | S52: =SUM(E52:R52) -> 29
B53: 9. | C53: DODDY DWI NUGROHO | E53: 0 | F53: 0 | G53: 1 | H53: 0 | I53: 0 | J53: 0 | K53: 0 | L53: 0 | M53: 1 | N53: 2 | O53: 0 | P53: 2 | Q53: 2 | R53: 0 | S53: =SUM(E53:R53) -> 8
B54: 10. | C54: KONDANG KUSUMANING AYU | E54: 23 | F54: 19 | G54: 21 | H54: 31 | I54: 19 | J54: 31 | K54: 15 | L54: 30 | M54: 30 | N54: 21 | O54: 20 | P54: 30 | Q54: 23 | R54: 15 | S54: =SUM(E54:R54) -> 328
B55: 11. | C55: KUNJUNG WAHYUDI | E55: 0 | F55: 0 | G55: 0 | H55: 2 | I55: 2 | J55: 1 | K55: 2 | L55: 3 | M55: 2 | N55: 0 | O55: 0 | P55: 1 | Q55: 0 | R55: 1 | S55: =SUM(E55:R55) -> 14
B56: 12. | C56: Dr. LIA ISTIFHAMA | E56: 23 | F56: 27 | G56: 25 | H56: 17 | I56: 31 | J56: 15 | K56: 20 | L56: 18 | M56: 33 | N56: 27 | O56: 19 | P56: 27 | Q56: 11 | R56: 12 | S56: =SUM(E56:R56) -> 305
B57: 13. | C57: MOHAMMAD TRIJANTO, S.H., M.M., M.H. | E57: 0 | F57: 1 | G57: 4 | H57: 0 | I57: 3 | J57: 1 | K57: 2 | L57: 1 | M57: 1 | N57: 3 | O57: 4 | P57: 1 | Q57: 2 | R57: 1 | S57: =SUM(E57:R57) -> 24
A59: V | B59: DATA SUARA SAH DAN TIDAK SAH
B60: A. | C60: JUMLAH SELURUH SUARA SAH | E60: =SUM(E45:E57) -> 166 | F60: =SUM(F45:F57) -> 164 | G60: =SUM(G45:G57) -> 204 | H60: =SUM(H45:H57) -> 165 | I60: =SUM(I45:I57) -> 169 | J60: =SUM(J45:J57) -> 195 | K60: =SUM(K45:K57) -> 170 | L60: =SUM(L45:L57) -> 170 | ... R60: =SUM(R45:R57) -> 148 | S60: =SUM(E60:R60) -> 2460
B61: B. | C61: JUMLAH SUARA TIDAK SAH | E61: 36 | F61: 40 | G61: 34 | H61: 27 | I61: 38 | J61: 13 | K61: 40 | L61: 52 | M61: 40 | N61: 36 | O61: 32 | P61: 59 | Q61: 30 | R61: 29 | S61: =SUM(E61:R61) -> 506
B62: C. | C62: JUMLAH SELURUH SUARA SAH DAN SUARA TIDAK SAH (V.A + V.B) | E62: =SUM(E60:E61) -> 202 | F62: =SUM(F60:F61) -> 204 | G62: =SUM(G60:G61) -> 238 | H62: =SUM(H60:H61) -> 192 | I62: =SUM(I60:I61) -> 207 | J62: =SUM(J60:J61) -> 208 | K62: =SUM(K60:K61) -> 210 | L62: =SUM(L60:L61) -> 222 | ... R62: =SUM(R60:R61) -> 177 | S62: =SUM(E62:R62) -> 2966

Sheet KENJO
C2: Kecamatan | D2: GLAGAH
C3: Kabupaten | D3: BANYUWANGI
C4: Provinsi | D4: JAWA TIMUR
C9: Kelurahan | D9: KENJO
A12: I | B12: DATA PEMILIH DAN PENGGUNAAN HAK PILIH | K12: JUMLAH AKHIR
A13: A | B13: DATA PEMILIH | E13: TPS 001 | F13: TPS 002 | G13: TPS 003 | H13: TPS 004 | I13: TPS 005 | J13: TPS 006
B14: Jumlah Pemilih dalam Daftar Pemilih Tetap (DPT) | D14: LK | E14: 110 | F14: 94 | G14: 129 | H14: 104 | I14: 134 | J14: 128 | K14: =SUM(E14:J14) -> 699
D15: PR | E15: 114 | F15: 105 | G15: 131 | H15: 105 | I15: 133 | J15: 139 | K15: =SUM(E15:J15) -> 727
D16: JML | E16: =SUM(E14:E15) -> 224 | F16: =SUM(F14:F15) -> 199 | G16: =SUM(G14:G15) -> 260 | H16: =SUM(H14:H15) -> 209 | I16: =SUM(I14:I15) -> 267 | J16: =SUM(J14:J15) -> 267 | K16: =SUM(E16:J16) -> 1426
A18: B | B18: PENGGUNA HAK PILIH
B19: 1. | C19: Jumlah pengguna hak pilih dalam Daftar Pemilih Tetap (DPT) | D19: LK | E19: 100 | F19: 84 | G19: 107 | H19: 90 | I19: 115 | J19: 107 | K19: =SUM(E19:J19) -> 603
D20: PR | E20: 110 | F20: 95 | G20: 120 | H20: 95 | I20: 114 | J20: 112 | K20: =SUM(E20:J20) -> 646
D21: JML | E21: =SUM(E19:E20) -> 210 | F21: =SUM(F19:F20) -> 179 | G21: =SUM(G19:G20) -> 227 | H21: =SUM(H19:H20) -> 185 | I21: =SUM(I19:I20) -> 229 | J21: =SUM(J19:J20) -> 219 | K21: =SUM(E21:J21) -> 1249
B22: 2. | C22: Jumlah pengguna hak pilih dalam Daftar Pemilih Tambahan (DPTb) | D22: LK | E22: 0 | F22: 0 | G22: 0 | H22: 1 | I22: 0 | J22: 0 | K22: =SUM(E22:J22) -> 1
D23: PR | E23: 0 | F23: 0 | G23: 0 | H23: 1 | I23: 1 | J23: 1 | K23: =SUM(E23:J23) -> 3
D24: JML | E24: =SUM(E22:E23) -> 0 | F24: =SUM(F22:F23) -> 0 | G24: =SUM(G22:G23) -> 0 | H24: =SUM(H22:H23) -> 2 | I24: =SUM(I22:I23) -> 1 | J24: =SUM(J22:J23) -> 1 | K24: =SUM(E24:J24) -> 4
B25: 3. | C25: Jumlah pengguna hak pilih dalam Daftar Pemilih Khusus (DPK) | D25: LK | E25: 0 | F25: 0 | G25: 0 | H25: 0 | I25: 0 | J25: 0 | K25: =SUM(E25:J25) -> 0
D26: PR | E26: 0 | F26: 0 | G26: 0 | H26: 0 | I26: 0 | J26: 0 | K26: =SUM(E26:J26) -> 0
D27: JML | E27: =SUM(E25:E26) -> 0 | F27: =SUM(F25:F26) -> 0 | G27: =SUM(G25:G26) -> 0 | H27: =SUM(H25:H26) -> 0 | I27: =SUM(I25:I26) -> 0 | J27: =SUM(J25:J26) -> 0 | K27: =SUM(E27:J27) -> 0
B28: 4. | C28: Jumlah Pengguna Hak Pilih (B.1+B.2+B.3) | D28: LK | E28: =SUM(E19,E22,E25) -> 100 | F28: =SUM(F19,F22,F25) -> 84 | G28: =SUM(G19,G22,G25) -> 107 | H28: =SUM(H19,H22,H25) -> 91 | I28: =SUM(I19,I22,I25) -> 115 | J28: =SUM(J19,J22,J25) -> 107 | K28: =SUM(E28:J28) -> 604
D29: PR | E29: =SUM(E20,E23,E26) -> 110 | F29: =SUM(F20,F23,F26) -> 95 | G29: =SUM(G20,G23,G26) -> 120 | H29: =SUM(H20,H23,H26) -> 96 | I29: =SUM(I20,I23,I26) -> 115 | J29: =SUM(J20,J23,J26) -> 113 | K29: =SUM(E29:J29) -> 649
D30: JML | E30: =SUM(E28:E29) -> 210 | F30: =SUM(F28:F29) -> 179 | G30: =SUM(G28:G29) -> 227 | H30: =SUM(H28:H29) -> 187 | I30: =SUM(I28:I29) -> 230 | J30: =SUM(J28:J29) -> 220 | K30: =SUM(E30:J30) -> 1253
A32: II | B32: DATA PENGGUNAAN SURAT SUARA
A33: 1 | B33: Jumlah surat suara yang diterima, termasuk surat suara cadangan 2,5% dari DPT | E33: 239 | F33: 203 | G33: 265 | H33: 213 | I33: 272 | J33: 273 | K33: =SUM(E33:J33) -> 1465
A34: 2 | B34: Jumlah surat suara yang digunakan | E34: 210 | F34: 179 | G34: 227 | H34: 187 | I34: 230 | J34: 220 | K34: =SUM(E34:J34) -> 1253
A35: 3 | B35: Jumlah surat suara dikembalikan oleh pemilih (karena rusak atau keliru coblos) | E35: 0 | F35: 0 | G35: 0 | H35: 0 | I35: 0 | J35: 0 | K35: =SUM(E35:J35) -> 0
A36: 4 | B36: Jumlah surat suara yang tidak digunakan/tidak terpakai, termasuk sisa surat suara cadangan | E36: =E33-(E34+E35) -> 29 | F36: =F33-(F34+F35) -> 24 | G36: =G33-(G34+G35) -> 38 | H36: =H33-(H34+H35) -> 26 | I36: =I33-(I34+I35) -> 42 | J36: =J33-(J34+J35) -> 53 | K36: =SUM(E36:J36) -> 212
A38: III | B38: DATA PEMILIH DISABILITAS
B39: Jumlah seluruh Pemilih disabilitas yang menggunakan hak pilih | D39: LK | F39: 1 | G39: 4 | K39: =SUM(E39:J39) -> 5
D40: PR | F40: 4 | K40: =SUM(E40:J40) -> 4
D41: JML | E41: =SUM(E39:E40) -> 0 | F41: =SUM(F39:F40) -> 5 | G41: =SUM(G39:G40) -> 4 | H41: =SUM(H39:H40) -> 0 | I41: =SUM(I39:I40) -> 0 | J41: =SUM(J39:J40) -> 0 | K41: =SUM(E41:J41) -> 9
A43: IV | B43: DATA RINCIAN PEROLEHAN SUARA PASANGAN CALON BUPATI DAN WAKIL BUPATI
A44: NOMOR DAN NAMA CALON
B45: 1. | C45: AA. AHMAD NAWARDI | E45: 19 | F45: 10 | G45: 16 | H45: 11 | I45: 20 | J45: 9 | K45: =SUM(E45:J45) -> 85
B46: 2. | C46: Ir. H. AA LA NYALLA MAHMUD MATTALITI, M.HP. | E46: 32 | F46: 30 | G46: 45 | H46: 29 | I46: 37 | J46: 34 | K46: =SUM(E46:J46) -> 207
B47: 3. | C47: ABDUL QADIR AMIR HARTONO, S.E., S.H., M.H. | E47: 8 | F47: 10 | G47: 17 | H47: 9 | I47: 11 | J47: 11 | K47: =SUM(E47:J47) -> 66
B48: 4. | C48: ADILLA AZIS, S.E. | E48: 14 | F48: 14 | G48: 20 | H48: 15 | I48: 21 | J48: 25 | K48: =SUM(E48:J48) -> 109
B49: 5. | C49: Ir. H. AGUS RAHARDJO, MSc.M. | E49: 11 | F49: 13 | G49: 24 | H49: 15 | I49: 14 | J49: 15 | K49: =SUM(E49:J49) -> 92
B50: 6. | C50: Drs. AYUB KHAN | E50: 9 | F50: 9 | G50: 13 | H50: 10 | I50: 17 | J50: 13 | K50: =SUM(E50:J50) -> 71
B51: 7. | C51: BAMBANG HARIANTO | E51: 0 | F51: 2 | G51: 4 | H51: 0 | I51: 4 | J51: 4 | K51: =SUM(E51:J51) -> 14
B52: 8. | C52: CATUR RUDI UTANTO, S.Sos. | E52: 5 | F52: 3 | G52: 3 | H52: 4 | I52: 4 | J52: 4 | K52: =SUM(E52:J52) -> 23
B53: 9. | C53: DODDY DWI NUGROHO | E53: 1 | F53: 0 | G53: 1 | H53: 1 | I53: 4 | J53: 0 | K53: =SUM(E53:J53) -> 7
B54: 10. | C54: KONDANG KUSUMANING AYU | E54: 20 | F54: 9 | G54: 11 | H54: 11 | I54: 22 | J54: 25 | K54: =SUM(E54:J54) -> 98
B55: 11. | C55: KUNJUNG WAHYUDI | E55: 1 | F55: 2 | G55: 2 | H55: 1 | I55: 4 | J55: 2 | K55: =SUM(E55:J55) -> 12
B56: 12. | C56: Dr. LIA ISTIFHAMA | E56: 27 | F56: 9 | G56: 8 | H56: 19 | I56: 12 | J56: 26 | K56: =SUM(E56:J56) -> 101
B57: 13. | C57: MOHAMMAD TRIJANTO, S.H., M.M., M.H. | E57: 2 | F57: 3 | G57: 0 | H57: 2 | I57: 2 | J57: 1 | K57: =SUM(E57:J57) -> 10
A59: V | B59: DATA SUARA SAH DAN TIDAK SAH
B60: A. | C60: JUMLAH SELURUH SUARA SAH | E60: =SUM(E45:E57) -> 149 | F60: =SUM(F45:F57) -> 114 | G60: =SUM(G45:G57) -> 164 | H60: =SUM(H45:H57) -> 127 | I60: =SUM(I45:I57) -> 172 | J60: =SUM(J45:J57) -> 169 | K60: =SUM(E60:J60) -> 895
B61: B. | C61: JUMLAH SUARA TIDAK SAH | E61: 61 | F61: 65 | G61: 63 | H61: 60 | I61: 58 | J61: 51 | K61: =SUM(E61:J61) -> 358
B62: C. | C62: JUMLAH SELURUH SUARA SAH DAN SUARA TIDAK SAH (V.A + V.B) | E62: =SUM(E60:E61) -> 210 | F62: =SUM(F60:F61) -> 179 | G62: =SUM(G60:G61) -> 227 | H62: =SUM(H60:H61) -> 187 | I62: =SUM(I60:I61) -> 230 | J62: =SUM(J60:J61) -> 220 | K62: =SUM(E62:J62) -> 1253

Sheet KAMPUNGANYAR
C2: Kecamatan | D2: GLAGAH
C3: Kabupaten | D3: BANYUWANGI
C4: Provinsi | D4: JAWA TIMUR
C9: Kelurahan | D9: KAMPUNGANYAR
A12: I | B12: DATA PEMILIH DAN PENGGUNAAN HAK PILIH | T12: JUMLAH AKHIR
A13: A | B13: DATA PEMILIH | E13: TPS 001 | F13: TPS 002 | G13: TPS 003 | H13: TPS 004 | I13: TPS 005 | J13: TPS 006 | K13: TPS 007 | L13: TPS 008 | M13: TPS 009 | N13: TPS 010 | O13: TPS 011 | P13: TPS 012 | Q13: TPS 013 | R13: TPS 014 | S13: TPS 015
B14: Jumlah Pemilih dalam Daftar Pemilih Tetap (DPT) | D14: LK | E14: 115 | F14: 129 | G14: 141 | H14: 82 | I14: 105 | J14: 114 | K14: 103 | L14: 110 | M14: 109 | N14: 132 | O14: 132 | P14: 92 | Q14: 122 | R14: 100 | S14: 54 | T14: =SUM(E14:S14) -> 1640
D15: PR | E15: 124 | F15: 148 | G15: 144 | H15: 91 | I15: 103 | J15: 135 | K15: 106 | L15: 119 | M15: 102 | N15: 139 | O15: 135 | P15: 102 | Q15: 142 | R15: 104 | S15: 65 | T15: =SUM(E15:S15) -> 1759
D16: JML | E16: =SUM(E14:E15) -> 239 | F16: =SUM(F14:F15) -> 277 | G16: =SUM(G14:G15) -> 285 | H16: =SUM(H14:H15) -> 173 | I16: =SUM(I14:I15) -> 208 | J16: =SUM(J14:J15) -> 249 | K16: =SUM(K14:K15) -> 209 | L16: =SUM(L14:L15) -> 229 | ... S16: =SUM(S14:S15) -> 119 | T16: =SUM(E16:S16) -> 3399
A18: B | B18: PENGGUNA HAK PILIH
B19: 1. | C19: Jumlah pengguna hak pilih dalam Daftar Pemilih Tetap (DPT) | D19: LK | E19: 101 | F19: 105 | G19: 110 | H19: 71 | I19: 85 | J19: 91 | K19: 90 | L19: 88 | M19: 87 | N19: 104 | O19: 105 | P19: 69 | Q19: 101 | R19: 77 | S19: 47 | T19: =SUM(E19:S19) -> 1331
D20: PR | E20: 109 | F20: 125 | G20: 128 | H20: 77 | I20: 91 | J20: 108 | K20: 90 | L20: 98 | M20: 86 | N20: 117 | O20: 121 | P20: 86 | Q20: 119 | R20: 87 | S20: 59 | T20: =SUM(E20:S20) -> 1501
D21: JML | E21: =SUM(E19:E20) -> 210 | F21: =SUM(F19:F20) -> 230 | G21: =SUM(G19:G20) -> 238 | H21: =SUM(H19:H20) -> 148 | I21: =SUM(I19:I20) -> 176 | J21: =SUM(J19:J20) -> 199 | K21: =SUM(K19:K20) -> 180 | L21: =SUM(L19:L20) -> 186 | ... S21: =SUM(S19:S20) -> 106 | T21: =SUM(E21:S21) -> 2832
B22: 2. | C22: Jumlah pengguna hak pilih dalam Daftar Pemilih Tambahan (DPTb) | D22: LK | E22: 0 | F22: 0 | G22: 0 | H22: 0 | I22: 0 | J22: 0 | K22: 0 | L22: 0 | M22: 0 | N22: 0 | O22: 0 | P22: 0 | Q22: 0 | R22: 0 | S22: 0 | T22: =SUM(E22:S22) -> 0
D23: PR | E23: 0 | F23: 0 | G23: 0 | H23: 0 | I23: 0 | J23: 0 | K23: 0 | L23: 0 | M23: 0 | N23: 0 | O23: 0 | P23: 0 | Q23: 0 | R23: 0 | S23: 0 | T23: =SUM(E23:S23) -> 0
D24: JML | E24: =SUM(E22:E23) -> 0 | F24: =SUM(F22:F23) -> 0 | G24: =SUM(G22:G23) -> 0 | H24: =SUM(H22:H23) -> 0 | I24: =SUM(I22:I23) -> 0 | J24: =SUM(J22:J23) -> 0 | K24: =SUM(K22:K23) -> 0 | L24: =SUM(L22:L23) -> 0 | ... S24: =SUM(S22:S23) -> 0 | T24: =SUM(E24:S24) -> 0
B25: 3. | C25: Jumlah pengguna hak pilih dalam Daftar Pemilih Khusus (DPK) | D25: LK | E25: 0 | F25: 4 | G25: 4 | H25: 2 | I25: 0 | J25: 7 | K25: 0 | L25: 0 | M25: 1 | N25: 3 | O25: 0 | P25: 6 | Q25: 21 | R25: 9 | S25: 0 | T25: =SUM(E25:S25) -> 57
D26: PR | E26: 1 | F26: 2 | G26: 0 | H26: 0 | I26: 1 | J26: 4 | K26: 0 | L26: 0 | M26: 2 | N26: 2 | O26: 0 | P26: 6 | Q26: 29 | R26: 9 | S26: 1 | T26: =SUM(E26:S26) -> 57
D27: JML | E27: =SUM(E25:E26) -> 1 | F27: =SUM(F25:F26) -> 6 | G27: =SUM(G25:G26) -> 4 | H27: =SUM(H25:H26) -> 2 | I27: =SUM(I25:I26) -> 1 | J27: =SUM(J25:J26) -> 11 | K27: =SUM(K25:K26) -> 0 | L27: =SUM(L25:L26) -> 0 | ... S27: =SUM(S25:S26) -> 1 | T27: =SUM(E27:S27) -> 114
B28: 4. | C28: Jumlah Pengguna Hak Pilih (B.1+B.2+B.3) | D28: LK | E28: =SUM(E19,E22,E25) -> 101 | F28: =SUM(F19,F22,F25) -> 109 | G28: =SUM(G19,G22,G25) -> 114 | H28: =SUM(H19,H22,H25) -> 73 | I28: =SUM(I19,I22,I25) -> 85 | J28: =SUM(J19,J22,J25) -> 98 | K28: =SUM(K19,K22,K25) -> 90 | L28: =SUM(L19,L22,L25) -> 88 | ... S28: =SUM(S19,S22,S25) -> 47 | T28: =SUM(E28:S28) -> 1388
D29: PR | E29: =SUM(E20,E23,E26) -> 110 | F29: =SUM(F20,F23,F26) -> 127 | G29: =SUM(G20,G23,G26) -> 128 | H29: =SUM(H20,H23,H26) -> 77 | I29: =SUM(I20,I23,I26) -> 92 | J29: =SUM(J20,J23,J26) -> 112 | K29: =SUM(K20,K23,K26) -> 90 | L29: =SUM(L20,L23,L26) -> 98 | ... S29: =SUM(S20,S23,S26) -> 60 | T29: =SUM(E29:S29) -> 1558
D30: JML | E30: =SUM(E28:E29) -> 211 | F30: =SUM(F28:F29) -> 236 | G30: =SUM(G28:G29) -> 242 | H30: =SUM(H28:H29) -> 150 | I30: =SUM(I28:I29) -> 177 | J30: =SUM(J28:J29) -> 210 | K30: =SUM(K28:K29) -> 180 | L30: =SUM(L28:L29) -> 186 | ... S30: =SUM(S28:S29) -> 107 | T30: =SUM(E30:S30) -> 2946
A32: II | B32: DATA PENGGUNAAN SURAT SUARA
A33: 1 | B33: Jumlah surat suara yang diterima, termasuk surat suara cadangan 2,5% dari DPT | E33: 244 | F33: 283 | G33: 291 | H33: 177 | I33: 213 | J33: 254 | K33: 214 | L33: 234 | M33: 216 | N33: 277 | O33: 273 | P33: 198 | Q33: 270 | R33: 209 | S33: 122 | T33: =SUM(E33:S33) -> 3475
A34: 2 | B34: Jumlah surat suara yang digunakan | E34: 211 | F34: 236 | G34: 242 | H34: 150 | I34: 177 | J34: 210 | K34: 180 | L34: 186 | M34: 176 | N34: 226 | O34: 226 | P34: 167 | Q34: 270 | R34: 182 | S34: 107 | T34: =SUM(E34:S34) -> 2946
A35: 3 | B35: Jumlah surat suara dikembalikan oleh pemilih (karena rusak atau keliru coblos) | E35: 0 | F35: 0 | G35: 0 | H35: 0 | I35: 0 | J35: 0 | K35: 0 | L35: 0 | M35: 0 | N35: 0 | O35: 0 | P35: 0 | Q35: 0 | R35: 0 | S35: 0 | T35: =SUM(E35:S35) -> 0
A36: 4 | B36: Jumlah surat suara yang tidak digunakan/tidak terpakai, termasuk sisa surat suara cadangan | E36: =E33-(E34+E35) -> 33 | F36: =F33-(F34+F35) -> 47 | G36: =G33-(G34+G35) -> 49 | H36: =H33-(H34+H35) -> 27 | I36: =I33-(I34+I35) -> 36 | J36: =J33-(J34+J35) -> 44 | K36: =K33-(K34+K35) -> 34 | L36: =L33-(L34+L35) -> 48 | ... S36: =S33-(S34+S35) -> 15 | T36: =SUM(E36:S36) -> 529
A38: III | B38: DATA PEMILIH DISABILITAS
B39: Jumlah seluruh Pemilih disabilitas yang menggunakan hak pilih | D39: LK | G39: 1 | T39: =SUM(E39:S39) -> 1
D40: PR | I40: 2 | T40: =SUM(E40:S40) -> 2
D41: JML | E41: =SUM(E39:E40) -> 0 | F41: =SUM(F39:F40) -> 0 | G41: =SUM(G39:G40) -> 1 | H41: =SUM(H39:H40) -> 0 | I41: =SUM(I39:I40) -> 2 | J41: =SUM(J39:J40) -> 0 | K41: =SUM(K39:K40) -> 0 | L41: =SUM(L39:L40) -> 0 | ... S41: =SUM(S39:S40) -> 0 | T41: =SUM(E41:S41) -> 3
A43: IV | B43: DATA RINCIAN PEROLEHAN SUARA PASANGAN CALON BUPATI DAN WAKIL BUPATI
A44: NOMOR DAN NAMA CALON
B45: 1. | C45: AA. AHMAD NAWARDI | E45: 12 | F45: 18 | G45: 32 | H45: 21 | I45: 21 | J45: 22 | K45: 29 | L45: 25 | M45: 12 | N45: 35 | O45: 23 | P45: 17 | Q45: 47 | R45: 14 | S45: 9 | T45: =SUM(E45:S45) -> 337
B46: 2. | C46: Ir. H. AA LA NYALLA MAHMUD MATTALITI, M.HP. | E46: 29 | F46: 49 | G46: 37 | H46: 20 | I46: 27 | J46: 29 | K46: 37 | L46: 21 | M46: 33 | N46: 45 | O46: 55 | P46: 28 | Q46: 38 | R46: 37 | S46: 19 | T46: =SUM(E46:S46) -> 504
B47: 3. | C47: ABDUL QADIR AMIR HARTONO, S.E., S.H., M.H. | E47: 16 | F47: 9 | G47: 17 | H47: 12 | I47: 16 | J47: 22 | K47: 7 | L47: 10 | M47: 13 | N47: 16 | O47: 14 | P47: 10 | Q47: 18 | R47: 9 | S47: 4 | T47: =SUM(E47:S47) -> 193
B48: 4. | C48: ADILLA AZIS, S.E. | E48: 21 | F48: 26 | G48: 18 | H48: 13 | I48: 13 | J48: 17 | K48: 8 | L48: 20 | M48: 19 | N48: 18 | O48: 33 | P48: 27 | Q48: 30 | R48: 19 | S48: 13 | T48: =SUM(E48:S48) -> 295
B49: 5. | C49: Ir. H. AGUS RAHARDJO, MSc.M. | E49: 25 | F49: 17 | G49: 18 | H49: 8 | I49: 13 | J49: 14 | K49: 12 | L49: 16 | M49: 11 | N49: 18 | O49: 12 | P49: 6 | Q49: 17 | R49: 7 | S49: 9 | T49: =SUM(E49:S49) -> 203
B50: 6. | C50: Drs. AYUB KHAN | E50: 20 | F50: 14 | G50: 18 | H50: 4 | I50: 11 | J50: 6 | K50: 9 | L50: 13 | M50: 9 | N50: 16 | O50: 12 | P50: 15 | Q50: 16 | R50: 13 | S50: 7 | T50: =SUM(E50:S50) -> 183
B51: 7. | C51: BAMBANG HARIANTO | E51: 1 | F51: 4 | G51: 1 | H51: 6 | I51: 3 | J51: 1 | K51: 2 | L51: 6 | M51: 4 | N51: 9 | O51: 5 | P51: 0 | Q51: 2 | R51: 2 | S51: 0 | T51: =SUM(E51:S51) -> 46
B52: 8. | C52: CATUR RUDI UTANTO, S.Sos. | E52: 6 | F52: 11 | G52: 11 | H52: 6 | I52: 2 | J52: 6 | K52: 12 | L52: 11 | M52: 8 | N52: 10 | O52: 1 | P52: 0 | Q52: 3 | R52: 3 | S52: 4 | T52: =SUM(E52:S52) -> 94
B53: 9. | C53: DODDY DWI NUGROHO | E53: 0 | F53: 1 | G53: 2 | H53: 2 | I53: 1 | J53: 1 | K53: 2 | L53: 1 | M53: 1 | N53: 0 | O53: 2 | P53: 0 | Q53: 1 | R53: 1 | S53: 1 | T53: =SUM(E53:S53) -> 16
B54: 10. | C54: KONDANG KUSUMANING AYU | E54: 30 | F54: 26 | G54: 29 | H54: 18 | I54: 19 | J54: 37 | K54: 15 | L54: 26 | M54: 25 | N54: 15 | O54: 18 | P54: 22 | Q54: 20 | R54: 26 | S54: 14 | T54: =SUM(E54:S54) -> 340
B55: 11. | C55: KUNJUNG WAHYUDI | E55: 0 | F55: 1 | G55: 1 | H55: 2 | I55: 1 | J55: 1 | K55: 0 | L55: 1 | M55: 0 | N55: 0 | O55: 1 | P55: 0 | Q55: 1 | R55: 2 | S55: 0 | T55: =SUM(E55:S55) -> 11
B56: 12. | C56: Dr. LIA ISTIFHAMA | E56: 11 | F56: 16 | G56: 16 | H56: 15 | I56: 27 | J56: 19 | K56: 18 | L56: 20 | M56: 7 | N56: 17 | O56: 27 | P56: 13 | Q56: 26 | R56: 22 | S56: 14 | T56: =SUM(E56:S56) -> 268
B57: 13. | C57: MOHAMMAD TRIJANTO, S.H., M.M., M.H. | E57: 3 | F57: 3 | G57: 5 | H57: 1 | I57: 2 | J57: 2 | K57: 4 | L57: 0 | M57: 0 | N57: 6 | O57: 0 | P57: 2 | Q57: 3 | R57: 2 | S57: 1 | T57: =SUM(E57:S57) -> 34
A59: V | B59: DATA SUARA SAH DAN TIDAK SAH
B60: A. | C60: JUMLAH SELURUH SUARA SAH | E60: =SUM(E45:E57) -> 174 | F60: =SUM(F45:F57) -> 195 | G60: =SUM(G45:G57) -> 205 | H60: =SUM(H45:H57) -> 128 | I60: =SUM(I45:I57) -> 156 | J60: =SUM(J45:J57) -> 177 | K60: =SUM(K45:K57) -> 155 | L60: =SUM(L45:L57) -> 170 | ... S60: =SUM(S45:S57) -> 95 | T60: =SUM(E60:S60) -> 2524
B61: B. | C61: JUMLAH SUARA TIDAK SAH | E61: 37 | F61: 41 | G61: 37 | H61: 22 | I61: 21 | J61: 33 | K61: 25 | L61: 16 | M61: 34 | N61: 21 | O61: 23 | P61: 27 | Q61: 48 | R61: 25 | S61: 12 | T61: =SUM(E61:S61) -> 422
B62: C. | C62: JUMLAH SELURUH SUARA SAH DAN SUARA TIDAK SAH (V.A + V.B) | E62: =SUM(E60:E61) -> 211 | F62: =SUM(F60:F61) -> 236 | G62: =SUM(G60:G61) -> 242 | H62: =SUM(H60:H61) -> 150 | I62: =SUM(I60:I61) -> 177 | J62: =SUM(J60:J61) -> 210 | K62: =SUM(K60:K61) -> 180 | L62: =SUM(L60:L61) -> 186 | ... S62: =SUM(S60:S61) -> 107 | T62: =SUM(E62:S62) -> 2946
