Workbook

Sheet DPD
C8: Kecamatan | D8: SRONO
C9: Kabupaten | D9: BANYUWANGI
C10: Provinsi | D10: JAWA TIMUR
A12: I | B12: DATA PEMILIH DAN PENGGUNAAN HAK PILIH | E12: JUMLAH AKHIR
A13: A | B13: DATA PEMILIH
B14: Jumlah Pemilih dalam Daftar Pemilih Tetap (DPT) | D14: LK | E14: =BAGOREJO!AM14+KEBAMAN!AW14+KEPUNDUNGAN!W14+'PARIJATAH KULON'!Y14+'PARIJATAH WETAN'!AC14+REJOAGUNG!AF14+SUKOMAJU!AC14+SUKONATAR!T14+SUMBERSARI!AH14+WONOSOBO!AS14 -> 37686
D15: PR | E15: =BAGOREJO!AM15+KEBAMAN!AW15+KEPUNDUNGAN!W15+'PARIJATAH KULON'!Y15+'PARIJATAH WETAN'!AC15+REJOAGUNG!AF15+SUKOMAJU!AC15+SUKONATAR!T15+SUMBERSARI!AH15+WONOSOBO!AS15 -> 37815
D16: JML | E16: =SUM(E14:E15) -> 75501
A18: B | B18: PENGGUNA HAK PILIH
B19: 1. | C19: Jumlah pengguna hak pilih dalam Daftar Pemilih Tetap (DPT) | D19: LK | E19: =BAGOREJO!AM19+KEBAMAN!AW19+KEPUNDUNGAN!W19+'PARIJATAH KULON'!Y19+'PARIJATAH WETAN'!AC19+REJOAGUNG!AF19+SUKOMAJU!AC19+SUKONATAR!T19+SUMBERSARI!AH19+WONOSOBO!AS19 -> 27897
D20: PR | E20: =BAGOREJO!AM20+KEBAMAN!AW20+KEPUNDUNGAN!W20+'PARIJATAH KULON'!Y20+'PARIJATAH WETAN'!AC20+REJOAGUNG!AF20+SUKOMAJU!AC20+SUKONATAR!T20+SUMBERSARI!AH20+WONOSOBO!AS20 -> 30154
D21: JML | E21: =SUM(E19:E20) -> 58051
B22: 2. | C22: Jumlah pengguna hak pilih dalam Daftar Pemilih Tambahan (DPTb) | D22: LK | E22: =BAGOREJO!AM22+KEBAMAN!AW22+KEPUNDUNGAN!W22+'PARIJATAH KULON'!Y22+'PARIJATAH WETAN'!AC22+REJOAGUNG!AF22+SUKOMAJU!AC22+SUKONATAR!T22+SUMBERSARI!AH22+WONOSOBO!AS22 -> 23
D23: PR | E23: =BAGOREJO!AM23+KEBAMAN!AW23+KEPUNDUNGAN!W23+'PARIJATAH KULON'!Y23+'PARIJATAH WETAN'!AC23+REJOAGUNG!AF23+SUKOMAJU!AC23+SUKONATAR!T23+SUMBERSARI!AH23+WONOSOBO!AS23 -> 25
D24: JML | E24: =SUM(E22:E23) -> 48
B25: 3. | C25: Jumlah pengguna hak pilih dalam Daftar Pemilih Khusus (DPK) | D25: LK | E25: =BAGOREJO!AM25+KEBAMAN!AW25+KEPUNDUNGAN!W25+'PARIJATAH KULON'!Y25+'PARIJATAH WETAN'!AC25+REJOAGUNG!AF25+SUKOMAJU!AC25+SUKONATAR!T25+SUMBERSARI!AH25+WONOSOBO!AS25 -> 405
D26: PR | E26: =BAGOREJO!AM26+KEBAMAN!AW26+KEPUNDUNGAN!W26+'PARIJATAH KULON'!Y26+'PARIJATAH WETAN'!AC26+REJOAGUNG!AF26+SUKOMAJU!AC26+SUKONATAR!T26+SUMBERSARI!AH26+WONOSOBO!AS26 -> 510
D27: JML | E27: =SUM(E25:E26) -> 915
B28: 4. | C28: Jumlah Pengguna Hak Pilih (B.1+B.2+B.3) | D28: LK | E28: =E19+E22+E25 -> 28325
D29: PR | E29: =E20+E23+E26 -> 30689
D30: JML | E30: =SUM(E28:E29) -> 59014
A32: II | B32: DATA PENGGUNAAN SURAT SUARA
A33: 1 | B33: Jumlah surat suara yang diterima, termasuk surat suara cadangan 2,5% dari DPT | E33: =BAGOREJO!AM33+KEBAMAN!AW33+KEPUNDUNGAN!W33+'PARIJATAH KULON'!Y33+'PARIJATAH WETAN'!AC33+REJOAGUNG!AF33+SUKOMAJU!AC33+SUKONATAR!T33+SUMBERSARI!AH33+WONOSOBO!AS33 -> 76923
A34: 2 | B34: Jumlah surat suara yang digunakan | E34: =BAGOREJO!AM34+KEBAMAN!AW34+KEPUNDUNGAN!W34+'PARIJATAH KULON'!Y34+'PARIJATAH WETAN'!AC34+REJOAGUNG!AF34+SUKOMAJU!AC34+SUKONATAR!T34+SUMBERSARI!AH34+WONOSOBO!AS34 -> 58997
A35: 3 | B35: Jumlah surat suara dikembalikan oleh pemilih (karena rusak atau keliru coblos) | E35: =BAGOREJO!AM35+KEBAMAN!AW35+KEPUNDUNGAN!W35+'PARIJATAH KULON'!Y35+'PARIJATAH WETAN'!AC35+REJOAGUNG!AF35+SUKOMAJU!AC35+SUKONATAR!T35+SUMBERSARI!AH35+WONOSOBO!AS35 -> 59
A36: 4 | B36: Jumlah surat suara yang tidak digunakan/tidak terpakai, termasuk sisa surat suara cadangan | E36: =E33-(E34+E35) -> 17867
A38: III | B38: DATA PEMILIH DISABILITAS
B39: Jumlah seluruh Pemilih disabilitas yang menggunakan hak pilih | D39: LK | E39: =BAGOREJO!AM39+KEBAMAN!AW39+KEPUNDUNGAN!W39+'PARIJATAH KULON'!Y39+'PARIJATAH WETAN'!AC39+REJOAGUNG!AF39+SUKOMAJU!AC39+SUKONATAR!T39+SUMBERSARI!AH39+WONOSOBO!AS39 -> 20
D40: PR | E40: =BAGOREJO!AM40+KEBAMAN!AW40+KEPUNDUNGAN!W40+'PARIJATAH KULON'!Y40+'PARIJATAH WETAN'!AC40+REJOAGUNG!AF40+SUKOMAJU!AC40+SUKONATAR!T40+SUMBERSARI!AH40+WONOSOBO!AS40 -> 23
D41: JML | E41: =SUM(E39:E40) -> 43
A43: IV | B43: DATA RINCIAN PEROLEHAN SUARA PASANGAN CALON BUPATI DAN WAKIL BUPATI
A44: NOMOR DAN NAMA CALON
B45: 1. | C45: AA. AHMAD NAWARDI | E45: =BAGOREJO!AM45+KEBAMAN!AW45+KEPUNDUNGAN!W45+'PARIJATAH KULON'!Y45+'PARIJATAH WETAN'!AC45+REJOAGUNG!AF45+SUKOMAJU!AC45+SUKONATAR!T45+SUMBERSARI!AH45+WONOSOBO!AS45 -> 4345
B46: 2. | C46: Ir. H. AA LA NYALLA MAHMUD MATTALITI, M.HP. | E46: =BAGOREJO!AM46+KEBAMAN!AW46+KEPUNDUNGAN!W46+'PARIJATAH KULON'!Y46+'PARIJATAH WETAN'!AC46+REJOAGUNG!AF46+SUKOMAJU!AC46+SUKONATAR!T46+SUMBERSARI!AH46+WONOSOBO!AS46 -> 8914
B47: 3. | C47: ABDUL QADIR AMIR HARTONO, S.E., S.H., M.H. | E47: =BAGOREJO!AM47+KEBAMAN!AW47+KEPUNDUNGAN!W47+'PARIJATAH KULON'!Y47+'PARIJATAH WETAN'!AC47+REJOAGUNG!AF47+SUKOMAJU!AC47+SUKONATAR!T47+SUMBERSARI!AH47+WONOSOBO!AS47 -> 3777
B48: 4. | C48: ADILLA AZIS, S.E. | E48: =BAGOREJO!AM48+KEBAMAN!AW48+KEPUNDUNGAN!W48+'PARIJATAH KULON'!Y48+'PARIJATAH WETAN'!AC48+REJOAGUNG!AF48+SUKOMAJU!AC48+SUKONATAR!T48+SUMBERSARI!AH48+WONOSOBO!AS48 -> 6512
B49: 5. | C49: Ir. H. AGUS RAHARDJO, MSc.M. | E49: =BAGOREJO!AM49+KEBAMAN!AW49+KEPUNDUNGAN!W49+'PARIJATAH KULON'!Y49+'PARIJATAH WETAN'!AC49+REJOAGUNG!AF49+SUKOMAJU!AC49+SUKONATAR!T49+SUMBERSARI!AH49+WONOSOBO!AS49 -> 5019
B50: 6. | C50: Drs. AYUB KHAN | E50: =BAGOREJO!AM50+KEBAMAN!AW50+KEPUNDUNGAN!W50+'PARIJATAH KULON'!Y50+'PARIJATAH WETAN'!AC50+REJOAGUNG!AF50+SUKOMAJU!AC50+SUKONATAR!T50+SUMBERSARI!AH50+WONOSOBO!AS50 -> 3117
B51: 7. | C51: BAMBANG HARIANTO | E51: =BAGOREJO!AM51+KEBAMAN!AW51+KEPUNDUNGAN!W51+'PARIJATAH KULON'!Y51+'PARIJATAH WETAN'!AC51+REJOAGUNG!AF51+SUKOMAJU!AC51+SUKONATAR!T51+SUMBERSARI!AH51+WONOSOBO!AS51 -> 785
B52: 8. | C52: CATUR RUDI UTANTO, S.Sos. | E52: =BAGOREJO!AM52+KEBAMAN!AW52+KEPUNDUNGAN!W52+'PARIJATAH KULON'!Y52+'PARIJATAH WETAN'!AC52+REJOAGUNG!AF52+SUKOMAJU!AC52+SUKONATAR!T52+SUMBERSARI!AH52+WONOSOBO!AS52 -> 1045
B53: 9. | C53: DODDY DWI NUGROHO | E53: =BAGOREJO!AM53+KEBAMAN!AW53+KEPUNDUNGAN!W53+'PARIJATAH KULON'!Y53+'PARIJATAH WETAN'!AC53+REJOAGUNG!AF53+SUKOMAJU!AC53+SUKONATAR!T53+SUMBERSARI!AH53+WONOSOBO!AS53 -> 234
B54: 10. | C54: KONDANG KUSUMANING AYU | E54: =BAGOREJO!AM54+KEBAMAN!AW54+KEPUNDUNGAN!W54+'PARIJATAH KULON'!Y54+'PARIJATAH WETAN'!AC54+REJOAGUNG!AF54+SUKOMAJU!AC54+SUKONATAR!T54+SUMBERSARI!AH54+WONOSOBO!AS54 -> 6788
B55: 11. | C55: KUNJUNG WAHYUDI | E55: =BAGOREJO!AM55+KEBAMAN!AW55+KEPUNDUNGAN!W55+'PARIJATAH KULON'!Y55+'PARIJATAH WETAN'!AC55+REJOAGUNG!AF55+SUKOMAJU!AC55+SUKONATAR!T55+SUMBERSARI!AH55+WONOSOBO!AS55 -> 344
B56: 12. | C56: Dr. LIA ISTIFHAMA | E56: =BAGOREJO!AM56+KEBAMAN!AW56+KEPUNDUNGAN!W56+'PARIJATAH KULON'!Y56+'PARIJATAH WETAN'!AC56+REJOAGUNG!AF56+SUKOMAJU!AC56+SUKONATAR!T56+SUMBERSARI!AH56+WONOSOBO!AS56 -> 6420
B57: 13. | C57: MOHAMMAD TRIJANTO, S.H., M.M., M.H. | E57: =BAGOREJO!AM57+KEBAMAN!AW57+KEPUNDUNGAN!W57+'PARIJATAH KULON'!Y57+'PARIJATAH WETAN'!AC57+REJOAGUNG!AF57+SUKOMAJU!AC57+SUKONATAR!T57+SUMBERSARI!AH57+WONOSOBO!AS57 -> 624
A59: V | B59: DATA SUARA SAH DAN TIDAK SAH
B60: A. | C60: JUMLAH SELURUH SUARA SAH | E60: =BAGOREJO!AM60+KEBAMAN!AW60+KEPUNDUNGAN!W60+'PARIJATAH KULON'!Y60+'PARIJATAH WETAN'!AC60+REJOAGUNG!AF60+SUKOMAJU!AC60+SUKONATAR!T60+SUMBERSARI!AH60+WONOSOBO!AS60 -> 47924
B61: B. | C61: JUMLAH SUARA TIDAK SAH | E61: =BAGOREJO!AM61+KEBAMAN!AW61+KEPUNDUNGAN!W61+'PARIJATAH KULON'!Y61+'PARIJATAH WETAN'!AC61+REJOAGUNG!AF61+SUKOMAJU!AC61+SUKONATAR!T61+SUMBERSARI!AH61+WONOSOBO!AS61 -> 9212
B62: C. | C62: JUMLAH SELURUH SUARA SAH DAN SUARA TIDAK SAH (V.A + V.B) | E62: =SUM(E60:E61) -> 57136

Sheet BAGOREJO
C2: Kecamatan | D2: SRONO
C3: Kabupaten | D3: BANYUWANGI
C4: Provinsi | D4: JAWA TIMUR
C9: Kelurahan | D9: BAGOREJO
A12: I | B12: DATA PEMILIH DAN PENGGUNAAN HAK PILIH | AM12: JUMLAH AKHIR
A13: A | B13: DATA PEMILIH | E13: TPS 001 | F13: TPS 002 | G13: TPS 003 | H13: TPS 004 | I13: TPS 005 | J13: TPS 006 | K13: TPS 007 | L13: TPS 008 | M13: TPS 009 | N13: TPS 010 | O13: TPS 011 | P13: TPS 012 | Q13: TPS 013 | R13: TPS 014 | S13: TPS 015 | T13: TPS 016 | U13: TPS 017 | V13: TPS 018 | W13: TPS 019 | X13: TPS 020 | Y13: TPS 021 | Z13: TPS 022 | AA13: TPS 023 | AB13: TPS 024 | AC13: TPS 025 | AD13: TPS 026 | AE13: TPS 027 | AF13: TPS 028 | AG13: TPS 029 | AH13: TPS 030 | AI13: TPS 031 | AJ13: TPS 032 | AK13: TPS 033 | AL13: TPS 034
B14: Jumlah Pemilih dalam Daftar Pemilih Tetap (DPT) | D14: LK | E14: 156 | F14: 142 | G14: 136 | H14: 143 | I14: 141 | J14: 140 | K14: 150 | L14: 142 | M14: 134 | N14: 148 | O14: 150 | P14: 132 | Q14: 132 | R14: 141 | S14: 148 | T14: 144 | U14: 148 | V14: 141 | W14: 144 | X14: 137 | Y14: 153 | Z14: 149 | AA14: 139 | AB14: 127 | AC14: 138 | AD14: 133 | AE14: 137 | AF14: 142 | AG14: 149 | AH14: 142 | AI14: 153 | AJ14: 134 | AK14: 142 | AL14: 125 | AM14: =SUM(E14:AL14) -> 4812
D15: PR | E15: 132 | F15: 147 | G15: 147 | H15: 138 | I15: 140 | J15: 139 | K15: 142 | L15: 143 | M15: 149 | N15: 139 | O15: 130 | P15: 147 | Q15: 140 | R15: 143 | S15: 137 | T15: 144 | U15: 137 | V15: 150 | W15: 144 | X15: 138 | Y15: 129 | Z15: 132 | AA15: 145 | AB15: 149 | AC15: 149 | AD15: 153 | AE15: 147 | AF15: 146 | AG15: 146 | AH15: 140 | AI15: 130 | AJ15: 142 | AK15: 133 | AL15: 145 | AM15: =SUM(E15:AL15) -> 4812
D16: JML | E16: =SUM(E14:E15) -> 288 | F16: =SUM(F14:F15) -> 289 | G16: =SUM(G14:G15) -> 283 | H16: =SUM(H14:H15) -> 281 | I16: =SUM(I14:I15) -> 281 | J16: =SUM(J14:J15) -> 279 | K16: =SUM(K14:K15) -> 292 | L16: =SUM(L14:L15) -> 285 | ... AL16: =SUM(AL14:AL15) -> 270 | AM16: =SUM(E16:AL16) -> 9624
A18: B | B18: PENGGUNA HAK PILIH
B19: 1. | C19: Jumlah pengguna hak pilih dalam Daftar Pemilih Tetap (DPT) | D19: LK | E19: 103 | F19: 94 | G19: 98 | H19: 91 | I19: 102 | J19: 101 | K19: 90 | L19: 90 | M19: 98 | N19: 106 | O19: 109 | P19: 90 | Q19: 93 | R19: 100 | S19: 102 | T19: 104 | U19: 108 | V19: 107 | W19: 99 | X19: 114 | Y19: 113 | Z19: 120 | AA19: 115 | AB19: 87 | AC19: 100 | AD19: 102 | AE19: 108 | AF19: 103 | AG19: 110 | AH19: 98 | AI19: 109 | AJ19: 93 | AK19: 101 | AL19: 97 | AM19: =SUM(E19:AL19) -> 3455
D20: PR | E20: 103 | F20: 113 | G20: 119 | H20: 93 | I20: 111 | J20: 114 | K20: 109 | L20: 120 | M20: 129 | N20: 111 | O20: 107 | P20: 112 | Q20: 101 | R20: 112 | S20: 103 | T20: 120 | U20: 101 | V20: 120 | W20: 115 | X20: 109 | Y20: 102 | Z20: 117 | AA20: 108 | AB20: 111 | AC20: 114 | AD20: 122 | AE20: 126 | AF20: 114 | AG20: 115 | AH20: 108 | AI20: 103 | AJ20: 109 | AK20: 102 | AL20: 102 | AM20: =SUM(E20:AL20) -> 3775
D21: JML | E21: =SUM(E19:E20) -> 206 | F21: =SUM(F19:F20) -> 207 | G21: =SUM(G19:G20) -> 217 | H21: =SUM(H19:H20) -> 184 | I21: =SUM(I19:I20) -> 213 | J21: =SUM(J19:J20) -> 215 | K21: =SUM(K19:K20) -> 199 | L21: =SUM(L19:L20) -> 210 | ... AL21: =SUM(AL19:AL20) -> 199 | AM21: =SUM(E21:AL21) -> 7230
B22: 2. | C22: Jumlah pengguna hak pilih dalam Daftar Pemilih Tambahan (DPTb) | D22: LK | E22: 0 | F22: 0 | G22: 0 | H22: 0 | I22: 1 | J22: 1 | K22: 0 | L22: 0 | M22: 0 | N22: 0 | O22: 0 | P22: 0 | Q22: 0 | R22: 0 | S22: 0 | T22: 0 | U22: 0 | V22: 0 | W22: 0 | X22: 0 | Y22: 0 | Z22: 0 | AA22: 0 | AB22: 0 | AC22: 0 | AD22: 0 | AE22: 0 | AF22: 0 | AG22: 0 | AH22: 0 | AI22: 0 | AJ22: 0 | AK22: 0 | AL22: 0 | AM22: =SUM(E22:AL22) -> 2
D23: PR | E23: 0 | F23: 0 | G23: 0 | H23: 0 | I23: 0 | J23: 2 | K23: 0 | L23: 0 | M23: 0 | N23: 0 | O23: 1 | P23: 0 | Q23: 0 | R23: 0 | S23: 0 | T23: 0 | U23: 0 | V23: 0 | W23: 0 | X23: 0 | Y23: 0 | Z23: 0 | AA23: 0 | AB23: 0 | AC23: 0 | AD23: 0 | AE23: 0 | AF23: 0 | AG23: 0 | AH23: 0 | AI23: 0 | AJ23: 0 | AK23: 0 | AL23: 0 | AM23: =SUM(E23:AL23) -> 3
D24: JML | E24: =SUM(E22:E23) -> 0 | F24: =SUM(F22:F23) -> 0 | G24: =SUM(G22:G23) -> 0 | H24: =SUM(H22:H23) -> 0 | I24: =SUM(I22:I23) -> 1 | J24: =SUM(J22:J23) -> 3 | K24: =SUM(K22:K23) -> 0 | L24: =SUM(L22:L23) -> 0 | ... AL24: =SUM(AL22:AL23) -> 0 | AM24: =SUM(E24:AL24) -> 5
B25: 3. | C25: Jumlah pengguna hak pilih dalam Daftar Pemilih Khusus (DPK) | D25: LK | E25: 1 | F25: 4 | G25: 1 | H25: 0 | I25: 1 | J25: 4 | K25: 3 | L25: 1 | M25: 1 | N25: 1 | O25: 0 | P25: 1 | Q25: 1 | R25: 1 | S25: 3 | T25: 1 | U25: 1 | V25: 3 | W25: 0 | X25: 2 | Y25: 4 | Z25: 0 | AA25: 2 | AB25: 2 | AC25: 2 | AD25: 0 | AE25: 1 | AF25: 0 | AG25: 0 | AH25: 0 | AI25: 0 | AJ25: 0 | AK25: 0 | AL25: 0 | AM25: =SUM(E25:AL25) -> 41
D26: PR | E26: 1 | F26: 6 | G26: 1 | H26: 0 | I26: 3 | J26: 0 | K26: 3 | L26: 0 | M26: 1 | N26: 2 | O26: 2 | P26: 2 | Q26: 2 | R26: 1 | S26: 5 | T26: 2 | U26: 2 | V26: 2 | W26: 1 | X26: 3 | Y26: 3 | Z26: 2 | AA26: 2 | AB26: 5 | AC26: 1 | AD26: 0 | AE26: 1 | AF26: 0 | AG26: 1 | AH26: 1 | AI26: 2 | AJ26: 0 | AK26: 0 | AL26: 1 | AM26: =SUM(E26:AL26) -> 58
D27: JML | E27: =SUM(E25:E26) -> 2 | F27: =SUM(F25:F26) -> 10 | G27: =SUM(G25:G26) -> 2 | H27: =SUM(H25:H26) -> 0 | I27: =SUM(I25:I26) -> 4 | J27: =SUM(J25:J26) -> 4 | K27: =SUM(K25:K26) -> 6 | L27: =SUM(L25:L26) -> 1 | ... AL27: =SUM(AL25:AL26) -> 1 | AM27: =SUM(E27:AL27) -> 99
B28: 4. | C28: Jumlah Pengguna Hak Pilih (B.1+B.2+B.3) | D28: LK | E28: =SUM(E19,E22,E25) -> 104 | F28: =SUM(F19,F22,F25) -> 98 | G28: =SUM(G19,G22,G25) -> 99 | H28: =SUM(H19,H22,H25) -> 91 | I28: =SUM(I19,I22,I25) -> 104 | J28: =SUM(J19,J22,J25) -> 106 | K28: =SUM(K19,K22,K25) -> 93 | L28: =SUM(L19,L22,L25) -> 91 | ... AL28: =SUM(AL19,AL22,AL25) -> 97 | AM28: =SUM(E28:AL28) -> 3498
D29: PR | E29: =SUM(E20,E23,E26) -> 104 | F29: =SUM(F20,F23,F26) -> 119 | G29: =SUM(G20,G23,G26) -> 120 | H29: =SUM(H20,H23,H26) -> 93 | I29: =SUM(I20,I23,I26) -> 114 | J29: =SUM(J20,J23,J26) -> 116 | K29: =SUM(K20,K23,K26) -> 112 | L29: =SUM(L20,L23,L26) -> 120 | ... AL29: =SUM(AL20,AL23,AL26) -> 103 | AM29: =SUM(E29:AL29) -> 3836
D30: JML | E30: =SUM(E28:E29) -> 208 | F30: =SUM(F28:F29) -> 217 | G30: =SUM(G28:G29) -> 219 | H30: =SUM(H28:H29) -> 184 | I30: =SUM(I28:I29) -> 218 | J30: =SUM(J28:J29) -> 222 | K30: =SUM(K28:K29) -> 205 | L30: =SUM(L28:L29) -> 211 | ... AL30: =SUM(AL28:AL29) -> 200 | AM30: =SUM(E30:AL30) -> 7334
A32: II | B32: DATA PENGGUNAAN SURAT SUARA
A33: 1 | B33: Jumlah surat suara yang diterima, termasuk surat suara cadangan 2,5% dari DPT | E33: 293 | F33: 265 | G33: 289 | H33: 287 | I33: 287 | J33: 285 | K33: 298 | L33: 291 | M33: 289 | N33: 293 | O33: 286 | P33: 285 | Q33: 278 | R33: 290 | S33: 292 | T33: 296 | U33: 291 | V33: 297 | W33: 294 | X33: 291 | Y33: 288 | Z33: 286 | AA33: 290 | AB33: 282 | AC33: 293 | AD33: 292 | AE33: 290 | AF33: 292 | AG33: 301 | AH33: 288 | AI33: 289 | AJ33: 282 | AK33: 281 | AL33: 276 | AM33: =SUM(E33:AL33) -> 9807
A34: 2 | B34: Jumlah surat suara yang digunakan | E34: 208 | F34: 217 | G34: 219 | H34: 184 | I34: 218 | J34: 222 | K34: 205 | L34: 211 | M34: 229 | N34: 220 | O34: 218 | P34: 205 | Q34: 197 | R34: 214 | S34: 213 | T34: 227 | U34: 212 | V34: 232 | W34: 215 | X34: 228 | Y34: 222 | Z34: 239 | AA34: 225 | AB34: 205 | AC34: 217 | AD34: 224 | AE34: 236 | AF34: 217 | AG34: 226 | AH34: 209 | AI34: 214 | AJ34: 202 | AK34: 203 | AL34: 200 | AM34: =SUM(E34:AL34) -> 7333
A35: 3 | B35: Jumlah surat suara dikembalikan oleh pemilih (karena rusak atau keliru coblos) | E35: 0 | F35: 0 | G35: 0 | H35: 0 | I35: 1 | J35: 0 | K35: 2 | L35: 0 | M35: 0 | N35: 0 | O35: 1 | P35: 0 | Q35: 0 | R35: 0 | S35: 0 | T35: 0 | U35: 0 | V35: 0 | W35: 1 | X35: 0 | Y35: 0 | Z35: 0 | AA35: 0 | AB35: 0 | AC35: 0 | AD35: 0 | AE35: 0 | AF35: 0 | AG35: 0 | AH35: 0 | AI35: 0 | AJ35: 0 | AK35: 0 | AL35: 0 | AM35: =SUM(E35:AL35) -> 5
A36: 4 | B36: Jumlah surat suara yang tidak digunakan/tidak terpakai, termasuk sisa surat suara cadangan | E36: =E33-(E34+E35) -> 85 | F36: =F33-(F34+F35) -> 48 | G36: =G33-(G34+G35) -> 70 | H36: =H33-(H34+H35) -> 103 | I36: =I33-(I34+I35) -> 68 | J36: =J33-(J34+J35) -> 63 | K36: =K33-(K34+K35) -> 91 | L36: =L33-(L34+L35) -> 80 | ... AL36: =AL33-(AL34+AL35) -> 76 | AM36: =SUM(E36:AL36) -> 2469
A38: III | B38: DATA PEMILIH DISABILITAS
B39: Jumlah seluruh Pemilih disabilitas yang menggunakan hak pilih | D39: LK | AM39: =SUM(E39:AL39) -> 0
D40: PR | AM40: =SUM(E40:AL40) -> 0
D41: JML | E41: =SUM(E39:E40) -> 0 | F41: =SUM(F39:F40) -> 0 | G41: =SUM(G39:G40) -> 0 | H41: =SUM(H39:H40) -> 0 | I41: =SUM(I39:I40) -> 0 | J41: =SUM(J39:J40) -> 0 | K41: =SUM(K39:K40) -> 0 | L41: =SUM(L39:L40) -> 0 | ... AL41: =SUM(AL39:AL40) -> 0 | AM41: =SUM(E41:AL41) -> 0
A43: IV | B43: DATA RINCIAN PEROLEHAN SUARA PASANGAN CALON BUPATI DAN WAKIL BUPATI
A44: NOMOR DAN NAMA CALON
B45: 1. | C45: AA. AHMAD NAWARDI | E45: 29 | F45: 22 | G45: 27 | H45: 38 | I45: 36 | J45: 29 | K45: 20 | L45: 21 | M45: 18 | N45: 20 | O45: 30 | P45: 20 | Q45: 17 | R45: 25 | S45: 17 | T45: 15 | U45: 13 | V45: 17 | W45: 25 | X45: 12 | Y45: 20 | Z45: 17 | AA45: 22 | AB45: 4 | AC45: 13 | AD45: 22 | AE45: 34 | AF45: 20 | AG45: 22 | AH45: 18 | AI45: 11 | AJ45: 10 | AK45: 11 | AL45: 7 | AM45: =SUM(E45:AL45) -> 682
B46: 2. | C46: Ir. H. AA LA NYALLA MAHMUD MATTALITI, M.HP. | E46: 30 | F46: 35 | G46: 39 | H46: 41 | I46: 48 | J46: 26 | K46: 39 | L46: 32 | M46: 35 | N46: 32 | O46: 31 | P46: 45 | Q46: 27 | R46: 25 | S46: 31 | T46: 33 | U46: 24 | V46: 41 | W46: 22 | X46: 23 | Y46: 31 | Z46: 27 | AA46: 19 | AB46: 29 | AC46: 20 | AD46: 17 | AE46: 35 | AF46: 30 | AG46: 42 | AH46: 23 | AI46: 23 | AJ46: 27 | AK46: 35 | AL46: 35 | AM46: =SUM(E46:AL46) -> 1052
B47: 3. | C47: ABDUL QADIR AMIR HARTONO, S.E., S.H., M.H. | E47: 12 | F47: 15 | G47: 13 | H47: 9 | I47: 11 | J47: 14 | K47: 17 | L47: 12 | M47: 14 | N47: 18 | O47: 11 | P47: 13 | Q47: 17 | R47: 19 | S47: 11 | T47: 17 | U47: 11 | V47: 13 | W47: 10 | X47: 15 | Y47: 20 | Z47: 12 | AA47: 18 | AB47: 11 | AC47: 10 | AD47: 14 | AE47: 12 | AF47: 18 | AG47: 10 | AH47: 11 | AI47: 13 | AJ47: 14 | AK47: 14 | AL47: 18 | AM47: =SUM(E47:AL47) -> 467
B48: 4. | C48: ADILLA AZIS, S.E. | E48: 18 | F48: 20 | G48: 21 | H48: 13 | I48: 19 | J48: 28 | K48: 15 | L48: 23 | M48: 26 | N48: 19 | O48: 16 | P48: 14 | Q48: 14 | R48: 22 | S48: 23 | T48: 20 | U48: 17 | V48: 25 | W48: 21 | X48: 26 | Y48: 25 | Z48: 23 | AA48: 28 | AB48: 25 | AC48: 18 | AD48: 17 | AE48: 16 | AF48: 13 | AG48: 10 | AH48: 19 | AI48: 13 | AJ48: 18 | AK48: 29 | AL48: 19 | AM48: =SUM(E48:AL48) -> 673
B49: 5. | C49: Ir. H. AGUS RAHARDJO, MSc.M. | E49: 18 | F49: 22 | G49: 14 | H49: 18 | I49: 27 | J49: 18 | K49: 20 | L49: 13 | M49: 16 | N49: 13 | O49: 15 | P49: 14 | Q49: 15 | R49: 19 | S49: 11 | T49: 34 | U49: 36 | V49: 17 | W49: 22 | X49: 25 | Y49: 20 | Z49: 25 | AA49: 31 | AB49: 19 | AC49: 28 | AD49: 18 | AE49: 17 | AF49: 13 | AG49: 15 | AH49: 31 | AI49: 30 | AJ49: 36 | AK49: 22 | AL49: 23 | AM49: =SUM(E49:AL49) -> 715
B50: 6. | C50: Drs. AYUB KHAN | E50: 10 | F50: 5 | G50: 16 | H50: 7 | I50: 12 | J50: 20 | K50: 17 | L50: 12 | M50: 7 | N50: 19 | O50: 10 | P50: 16 | Q50: 15 | R50: 11 | S50: 11 | T50: 8 | U50: 8 | V50: 12 | W50: 16 | X50: 12 | Y50: 11 | Z50: 10 | AA50: 10 | AB50: 18 | AC50: 8 | AD50: 9 | AE50: 10 | AF50: 13 | AG50: 11 | AH50: 10 | AI50: 7 | AJ50: 10 | AK50: 12 | AL50: 8 | AM50: =SUM(E50:AL50) -> 391
B51: 7. | C51: BAMBANG HARIANTO | E51: 2 | F51: 4 | G51: 3 | H51: 1 | I51: 2 | J51: 2 | K51: 4 | L51: 2 | M51: 3 | N51: 2 | O51: 4 | P51: 3 | Q51: 0 | R51: 0 | S51: 6 | T51: 4 | U51: 2 | V51: 1 | W51: 3 | X51: 3 | Y51: 5 | Z51: 2 | AA51: 1 | AB51: 4 | AC51: 2 | AD51: 3 | AE51: 1 | AF51: 1 | AG51: 2 | AH51: 3 | AI51: 4 | AJ51: 2 | AK51: 3 | AL51: 4 | AM51: =SUM(E51:AL51) -> 88
B52: 8. | C52: CATUR RUDI UTANTO, S.Sos. | E52: 7 | F52: 2 | G52: 7 | H52: 0 | I52: 2 | J52: 1 | K52: 4 | L52: 1 | M52: 1 | N52: 3 | O52: 3 | P52: 3 | Q52: 3 | R52: 3 | S52: 4 | T52: 5 | U52: 4 | V52: 2 | W52: 1 | X52: 4 | Y52: 0 | Z52: 10 | AA52: 2 | AB52: 6 | AC52: 3 | AD52: 13 | AE52: 13 | AF52: 3 | AG52: 6 | AH52: 6 | AI52: 5 | AJ52: 4 | AK52: 3 | AL52: 6 | AM52: =SUM(E52:AL52) -> 140
B53: 9. | C53: DODDY DWI NUGROHO | E53: 0 | F53: 0 | G53: 0 | H53: 2 | I53: 4 | J53: 2 | K53: 1 | L53: 0 | M53: 0 | N53: 0 | O53: 1 | P53: 0 | Q53: 2 | R53: 0 | S53: 1 | T53: 2 | U53: 0 | V53: 5 | W53: 0 | X53: 0 | Y53: 1 | Z53: 1 | AA53: 1 | AB53: 1 | AC53: 0 | AD53: 1 | AE53: 1 | AF53: 2 | AG53: 1 | AH53: 0 | AI53: 1 | AJ53: 0 | AK53: 0 | AL53: 0 | AM53: =SUM(E53:AL53) -> 30
B54: 10. | C54: KONDANG KUSUMANING AYU | E54: 23 | F54: 34 | G54: 23 | H54: 14 | I54: 8 | J54: 24 | K54: 24 | L54: 17 | M54: 30 | N54: 24 | O54: 32 | P54: 16 | Q54: 22 | R54: 30 | S54: 37 | T54: 20 | U54: 29 | V54: 30 | W54: 22 | X54: 35 | Y54: 27 | Z54: 23 | AA54: 26 | AB54: 23 | AC54: 22 | AD54: 26 | AE54: 23 | AF54: 35 | AG54: 23 | AH54: 21 | AI54: 22 | AJ54: 17 | AK54: 27 | AL54: 20 | AM54: =SUM(E54:AL54) -> 829
B55: 11. | C55: KUNJUNG WAHYUDI | E55: 5 | F55: 2 | G55: 1 | H55: 1 | I55: 0 | J55: 1 | K55: 2 | L55: 2 | M55: 3 | N55: 1 | O55: 1 | P55: 0 | Q55: 1 | R55: 2 | S55: 0 | T55: 2 | U55: 2 | V55: 0 | W55: 0 | X55: 1 | Y55: 0 | Z55: 5 | AA55: 1 | AB55: 2 | AC55: 3 | AD55: 8 | AE55: 7 | AF55: 1 | AG55: 0 | AH55: 1 | AI55: 3 | AJ55: 1 | AK55: 0 | AL55: 0 | AM55: =SUM(E55:AL55) -> 59
B56: 12. | C56: Dr. LIA ISTIFHAMA | E56: 17 | F56: 19 | G56: 17 | H56: 18 | I56: 20 | J56: 25 | K56: 16 | L56: 21 | M56: 29 | N56: 33 | O56: 27 | P56: 20 | Q56: 17 | R56: 29 | S56: 22 | T56: 25 | U56: 28 | V56: 38 | W56: 28 | X56: 29 | Y56: 28 | Z56: 27 | AA56: 30 | AB56: 21 | AC56: 26 | AD56: 30 | AE56: 17 | AF56: 27 | AG56: 16 | AH56: 17 | AI56: 18 | AJ56: 23 | AK56: 15 | AL56: 19 | AM56: =SUM(E56:AL56) -> 792
B57: 13. | C57: MOHAMMAD TRIJANTO, S.H., M.M., M.H. | E57: 2 | F57: 2 | G57: 2 | H57: 0 | I57: 1 | J57: 1 | K57: 2 | L57: 5 | M57: 5 | N57: 3 | O57: 2 | P57: 4 | Q57: 2 | R57: 2 | S57: 5 | T57: 2 | U57: 3 | V57: 0 | W57: 2 | X57: 1 | Y57: 2 | Z57: 2 | AA57: 1 | AB57: 0 | AC57: 4 | AD57: 0 | AE57: 5 | AF57: 3 | AG57: 1 | AH57: 3 | AI57: 3 | AJ57: 2 | AK57: 3 | AL57: 3 | AM57: =SUM(E57:AL57) -> 78
A59: V | B59: DATA SUARA SAH DAN TIDAK SAH
B60: A. | C60: JUMLAH SELURUH SUARA SAH | E60: =SUM(E45:E57) -> 173 | F60: =SUM(F45:F57) -> 182 | G60: =SUM(G45:G57) -> 183 | H60: =SUM(H45:H57) -> 162 | I60: =SUM(I45:I57) -> 190 | J60: =SUM(J45:J57) -> 191 | K60: =SUM(K45:K57) -> 181 | L60: =SUM(L45:L57) -> 161 | ... AL60: =SUM(AL45:AL57) -> 162 | AM60: =SUM(E60:AL60) -> 5996
B61: B. | C61: JUMLAH SUARA TIDAK SAH | AM61: =SUM(E61:AL61) -> 0
B62: C. | C62: JUMLAH SELURUH SUARA SAH DAN SUARA TIDAK SAH (V.A + V.B) | E62: =SUM(E60:E61) -> 173 | F62: =SUM(F60:F61) -> 182 | G62: =SUM(G60:G61) -> 183 | H62: =SUM(H60:H61) -> 162 | I62: =SUM(I60:I61) -> 190 | J62: =SUM(J60:J61) -> 191 | K62: =SUM(K60:K61) -> 181 | L62: =SUM(L60:L61) -> 161 | ... AL62: =SUM(AL60:AL61) -> 162 | AM62: =SUM(E62:AL62) -> 5996

Sheet WONOSOBO
C2: Kecamatan | D2: SRONO
C3: Kabupaten | D3: BANYUWANGI
C4: Provinsi | D4: JAWA TIMUR
C9: Kelurahan | D9: WONOSOBO
A12: I | B12: DATA PEMILIH DAN PENGGUNAAN HAK PILIH | AS12: JUMLAH AKHIR
A13: A | B13: DATA PEMILIH | E13: TPS 001 | F13: TPS 002 | G13: TPS 003 | H13: TPS 004 | I13: TPS 005 | J13: TPS 006 | K13: TPS 007 | L13: TPS 008 | M13: TPS 009 | N13: TPS 010 | O13: TPS 011 | P13: TPS 012 | Q13: TPS 013 | R13: TPS 014 | S13: TPS 015 | T13: TPS 016 | U13: TPS 017 | V13: TPS 018 | W13: TPS 019 | X13: TPS 020 | Y13: TPS 021 | Z13: TPS 022 | AA13: TPS 023 | AB13: TPS 024 | AC13: TPS 025 | AD13: TPS 026 | AE13: TPS 027 | AF13: TPS 028 | AG13: TPS 029 | AH13: TPS 030 | AI13: TPS 031 | AJ13: TPS 032 | AK13: TPS 033 | AL13: TPS 034 | AM13: TPS 035 | AN13: TPS 036 | AO13: TPS 037 | AP13: TPS 038 | AQ13: TPS 039 | AR13: TPS 040
B14: Jumlah Pemilih dalam Daftar Pemilih Tetap (DPT) | D14: LK | E14: 133 | F14: 143 | G14: 134 | H14: 136 | I14: 129 | J14: 132 | K14: 130 | L14: 132 | M14: 142 | N14: 143 | O14: 149 | P14: 136 | Q14: 145 | R14: 149 | S14: 140 | T14: 136 | U14: 143 | V14: 142 | W14: 126 | X14: 134 | Y14: 144 | Z14: 123 | AA14: 136 | AB14: 131 | AC14: 129 | AD14: 142 | AE14: 135 | AF14: 135 | AG14: 134 | AH14: 144 | AI14: 140 | AJ14: 140 | AK14: 146 | AL14: 124 | AM14: 142 | AN14: 144 | AO14: 138 | AP14: 150 | AQ14: 153 | AR14: 145 | AS14: =SUM(E14:AR14) -> 5529
D15: PR | E15: 134 | F15: 134 | G15: 129 | H15: 127 | I15: 143 | J15: 135 | K15: 123 | L15: 127 | M15: 140 | N15: 147 | O15: 139 | P15: 122 | Q15: 131 | R15: 146 | S15: 150 | T15: 132 | U15: 139 | V15: 137 | W15: 118 | X15: 140 | Y15: 136 | Z15: 143 | AA15: 137 | AB15: 128 | AC15: 128 | AD15: 137 | AE15: 133 | AF15: 126 | AG15: 130 | AH15: 139 | AI15: 144 | AJ15: 144 | AK15: 146 | AL15: 118 | AM15: 145 | AN15: 137 | AO15: 137 | AP15: 147 | AQ15: 142 | AR15: 145 | AS15: =SUM(E15:AR15) -> 5435
D16: JML | E16: =SUM(E14:E15) -> 267 | F16: =SUM(F14:F15) -> 277 | G16: =SUM(G14:G15) -> 263 | H16: =SUM(H14:H15) -> 263 | I16: =SUM(I14:I15) -> 272 | J16: =SUM(J14:J15) -> 267 | K16: =SUM(K14:K15) -> 253 | L16: =SUM(L14:L15) -> 259 | ... AR16: =SUM(AR14:AR15) -> 290 | AS16: =SUM(E16:AR16) -> 10964
A18: B | B18: PENGGUNA HAK PILIH
B19: 1. | C19: Jumlah pengguna hak pilih dalam Daftar Pemilih Tetap (DPT) | D19: LK | E19: 98 | F19: 108 | G19: 94 | H19: 81 | I19: 92 | J19: 87 | K19: 99 | L19: 98 | M19: 112 | N19: 85 | O19: 99 | P19: 98 | Q19: 83 | R19: 100 | S19: 107 | T19: 96 | U19: 111 | V19: 99 | W19: 97 | X19: 92 | Y19: 105 | Z19: 100 | AA19: 109 | AB19: 99 | AC19: 105 | AD19: 94 | AE19: 103 | AF19: 103 | AG19: 99 | AH19: 107 | AI19: 113 | AJ19: 113 | AK19: 116 | AL19: 105 | AM19: 112 | AN19: 106 | AO19: 111 | AP19: 128 | AQ19: 119 | AR19: 103 | AS19: =SUM(E19:AR19) -> 4086
D20: PR | E20: 113 | F20: 111 | G20: 99 | H20: 90 | I20: 107 | J20: 105 | K20: 98 | L20: 97 | M20: 99 | N20: 101 | O20: 110 | P20: 82 | Q20: 89 | R20: 103 | S20: 124 | T20: 109 | U20: 107 | V20: 109 | W20: 86 | X20: 101 | Y20: 92 | Z20: 113 | AA20: 117 | AB20: 102 | AC20: 107 | AD20: 101 | AE20: 109 | AF20: 105 | AG20: 102 | AH20: 116 | AI20: 121 | AJ20: 126 | AK20: 119 | AL20: 100 | AM20: 114 | AN20: 115 | AO20: 110 | AP20: 123 | AQ20: 122 | AR20: 111 | AS20: =SUM(E20:AR20) -> 4265
D21: JML | E21: =SUM(E19:E20) -> 211 | F21: =SUM(F19:F20) -> 219 | G21: =SUM(G19:G20) -> 193 | H21: =SUM(H19:H20) -> 171 | I21: =SUM(I19:I20) -> 199 | J21: =SUM(J19:J20) -> 192 | K21: =SUM(K19:K20) -> 197 | L21: =SUM(L19:L20) -> 195 | ... AR21: =SUM(AR19:AR20) -> 214 | AS21: =SUM(E21:AR21) -> 8351
B22: 2. | C22: Jumlah pengguna hak pilih dalam Daftar Pemilih Tambahan (DPTb) | D22: LK | E22: 0 | F22: 0 | G22: 0 | H22: 0 | I22: 0 | J22: 0 | K22: 0 | L22: 0 | M22: 0 | N22: 1 | O22: 0 | P22: 0 | Q22: 0 | R22: 0 | S22: 0 | T22: 0 | U22: 1 | V22: 1 | W22: 0 | X22: 0 | Y22: 0 | Z22: 0 | AA22: 0 | AB22: 0 | AC22: 0 | AD22: 0 | AE22: 0 | AF22: 1 | AG22: 0 | AH22: 0 | AI22: 0 | AJ22: 0 | AK22: 0 | AL22: 0 | AM22: 0 | AN22: 0 | AO22: 0 | AP22: 0 | AQ22: 0 | AR22: 1 | AS22: =SUM(E22:AR22) -> 5
D23: PR | E23: 0 | F23: 0 | G23: 0 | H23: 0 | I23: 0 | J23: 0 | K23: 0 | L23: 0 | M23: 0 | N23: 2 | O23: 0 | P23: 0 | Q23: 0 | R23: 0 | S23: 0 | T23: 0 | U23: 1 | V23: 1 | W23: 0 | X23: 0 | Y23: 0 | Z23: 0 | AA23: 0 | AB23: 0 | AC23: 0 | AD23: 0 | AE23: 0 | AF23: 0 | AG23: 0 | AH23: 0 | AI23: 0 | AJ23: 0 | AK23: 0 | AL23: 0 | AM23: 0 | AN23: 0 | AO23: 0 | AP23: 0 | AQ23: 0 | AR23: 0 | AS23: =SUM(E23:AR23) -> 4
D24: JML | E24: =SUM(E22:E23) -> 0 | F24: =SUM(F22:F23) -> 0 | G24: =SUM(G22:G23) -> 0 | H24: =SUM(H22:H23) -> 0 | I24: =SUM(I22:I23) -> 0 | J24: =SUM(J22:J23) -> 0 | K24: =SUM(K22:K23) -> 0 | L24: =SUM(L22:L23) -> 0 | ... AR24: =SUM(AR22:AR23) -> 1 | AS24: =SUM(E24:AR24) -> 9
B25: 3. | C25: Jumlah pengguna hak pilih dalam Daftar Pemilih Khusus (DPK) | D25: LK | E25: 1 | F25: 0 | G25: 2 | H25: 2 | I25: 0 | J25: 0 | K25: 0 | L25: 0 | M25: 0 | N25: 0 | O25: 0 | P25: 0 | Q25: 1 | R25: 2 | S25: 2 | T25: 3 | U25: 3 | V25: 3 | W25: 0 | X25: 0 | Y25: 0 | Z25: 0 | AA25: 0 | AB25: 6 | AC25: 3 | AD25: 1 | AE25: 0 | AF25: 5 | AG25: 0 | AH25: 2 | AI25: 1 | AJ25: 3 | AK25: 2 | AL25: 1 | AM25: 4 | AN25: 0 | AO25: 0 | AP25: 0 | AQ25: 3 | AR25: 0 | AS25: =SUM(E25:AR25) -> 50
D26: PR | E26: 1 | F26: 0 | G26: 5 | H26: 2 | I26: 0 | J26: 1 | K26: 1 | L26: 0 | M26: 0 | N26: 0 | O26: 0 | P26: 0 | Q26: 9 | R26: 0 | S26: 1 | T26: 0 | U26: 5 | V26: 1 | W26: 0 | X26: 1 | Y26: 0 | Z26: 0 | AA26: 1 | AB26: 6 | AC26: 2 | AD26: 1 | AE26: 0 | AF26: 1 | AG26: 0 | AH26: 1 | AI26: 1 | AJ26: 1 | AK26: 2 | AL26: 3 | AM26: 1 | AN26: 0 | AO26: 0 | AP26: 0 | AQ26: 3 | AR26: 0 | AS26: =SUM(E26:AR26) -> 50
D27: JML | E27: =SUM(E25:E26) -> 2 | F27: =SUM(F25:F26) -> 0 | G27: =SUM(G25:G26) -> 7 | H27: =SUM(H25:H26) -> 4 | I27: =SUM(I25:I26) -> 0 | J27: =SUM(J25:J26) -> 1 | K27: =SUM(K25:K26) -> 1 | L27: =SUM(L25:L26) -> 0 | ... AR27: =SUM(AR25:AR26) -> 0 | AS27: =SUM(E27:AR27) -> 100
B28: 4. | C28: Jumlah Pengguna Hak Pilih (B.1+B.2+B.3) | D28: LK | E28: =SUM(E19,E22,E25) -> 99 | F28: =SUM(F19,F22,F25) -> 108 | G28: =SUM(G19,G22,G25) -> 96 | H28: =SUM(H19,H22,H25) -> 83 | I28: =SUM(I19,I22,I25) -> 92 | J28: =SUM(J19,J22,J25) -> 87 | K28: =SUM(K19,K22,K25) -> 99 | L28: =SUM(L19,L22,L25) -> 98 | ... AR28: =SUM(AR19,AR22,AR25) -> 104 | AS28: =SUM(E28:AR28) -> 4141
D29: PR | E29: =SUM(E20,E23,E26) -> 114 | F29: =SUM(F20,F23,F26) -> 111 | G29: =SUM(G20,G23,G26) -> 104 | H29: =SUM(H20,H23,H26) -> 92 | I29: =SUM(I20,I23,I26) -> 107 | J29: =SUM(J20,J23,J26) -> 106 | K29: =SUM(K20,K23,K26) -> 99 | L29: =SUM(L20,L23,L26) -> 97 | ... AR29: =SUM(AR20,AR23,AR26) -> 111 | AS29: =SUM(E29:AR29) -> 4319
D30: JML | E30: =SUM(E28:E29) -> 213 | F30: =SUM(F28:F29) -> 219 | G30: =SUM(G28:G29) -> 200 | H30: =SUM(H28:H29) -> 175 | I30: =SUM(I28:I29) -> 199 | J30: =SUM(J28:J29) -> 193 | K30: =SUM(K28:K29) -> 198 | L30: =SUM(L28:L29) -> 195 | ... AR30: =SUM(AR28:AR29) -> 215 | AS30: =SUM(E30:AR30) -> 8460
A32: II | B32: DATA PENGGUNAAN SURAT SUARA
A33: 1 | B33: Jumlah surat suara yang diterima, termasuk surat suara cadangan 2,5% dari DPT | E33: 273 | F33: 283 | G33: 269 | H33: 269 | I33: 277 | J33: 273 | K33: 259 | L33: 265 | M33: 288 | N33: 296 | O33: 294 | P33: 264 | Q33: 282 | R33: 301 | S33: 298 | T33: 274 | U33: 288 | V33: 285 | W33: 249 | X33: 280 | Y33: 287 | Z33: 263 | AA33: 277 | AB33: 263 | AC33: 263 | AD33: 285 | AE33: 274 | AF33: 288 | AG33: 270 | AH33: 289 | AI33: 290 | AJ33: 289 | AK33: 298 | AL33: 247 | AM33: 293 | AN33: 287 | AO33: 281 | AP33: 302 | AQ33: 303 | AR33: 296 | AS33: =SUM(E33:AR33) -> 11212
A34: 2 | B34: Jumlah surat suara yang digunakan | E34: 213 | F34: 219 | G34: 200 | H34: 175 | I34: 199 | J34: 193 | K34: 198 | L34: 195 | M34: 211 | N34: 189 | O34: 209 | P34: 180 | Q34: 182 | R34: 205 | S34: 234 | T34: 208 | U34: 228 | V34: 213 | W34: 183 | X34: 194 | Y34: 197 | Z34: 213 | AA34: 227 | AB34: 213 | AC34: 217 | AD34: 197 | AE34: 212 | AF34: 216 | AG34: 201 | AH34: 226 | AI34: 236 | AJ34: 243 | AK34: 239 | AL34: 209 | AM34: 231 | AN34: 221 | AO34: 221 | AP34: 251 | AQ34: 247 | AR34: 215 | AS34: =SUM(E34:AR34) -> 8460
A35: 3 | B35: Jumlah surat suara dikembalikan oleh pemilih (karena rusak atau keliru coblos) | E35: 0 | F35: 0 | G35: 0 | H35: 0 | I35: 0 | J35: 0 | K35: 0 | L35: 0 | M35: 1 | N35: 0 | O35: 0 | P35: 0 | Q35: 1 | R35: 0 | S35: 0 | T35: 0 | U35: 0 | V35: 0 | W35: 0 | X35: 0 | Y35: 0 | Z35: 0 | AA35: 1 | AB35: 0 | AC35: 0 | AD35: 0 | AE35: 0 | AF35: 0 | AG35: 3 | AH35: 0 | AI35: 0 | AJ35: 0 | AK35: 0 | AL35: 0 | AM35: 0 | AN35: 0 | AO35: 0 | AP35: 0 | AQ35: 0 | AR35: 0 | AS35: =SUM(E35:AR35) -> 6
A36: 4 | B36: Jumlah surat suara yang tidak digunakan/tidak terpakai, termasuk sisa surat suara cadangan | E36: =E33-(E34+E35) -> 60 | F36: =F33-(F34+F35) -> 64 | G36: =G33-(G34+G35) -> 69 | H36: =H33-(H34+H35) -> 94 | I36: =I33-(I34+I35) -> 78 | J36: =J33-(J34+J35) -> 80 | K36: =K33-(K34+K35) -> 61 | L36: =L33-(L34+L35) -> 70 | ... AR36: =AR33-(AR34+AR35) -> 81 | AS36: =SUM(E36:AR36) -> 2746
A38: III | B38: DATA PEMILIH DISABILITAS
B39: Jumlah seluruh Pemilih disabilitas yang menggunakan hak pilih | D39: LK | E39: 0 | F39: 0 | G39: 0 | H39: 0 | I39: 0 | J39: 0 | K39: 0 | L39: 0 | M39: 0 | N39: 0 | O39: 0 | P39: 0 | Q39: 0 | R39: 0 | S39: 0 | T39: 0 | U39: 2 | V39: 0 | W39: 0 | X39: 0 | Y39: 0 | Z39: 1 | AA39: 0 | AB39: 0 | AC39: 0 | AD39: 0 | AE39: 0 | AF39: 2 | AG39: 0 | AH39: 0 | AI39: 0 | AJ39: 1 | AK39: 0 | AL39: 0 | AM39: 1 | AN39: 0 | AO39: 0 | AP39: 0 | AQ39: 0 | AR39: 0 | AS39: =SUM(E39:AR39) -> 7
D40: PR | E40: 0 | F40: 0 | G40: 0 | H40: 0 | I40: 0 | J40: 1 | K40: 0 | L40: 0 | M40: 0 | N40: 0 | O40: 0 | P40: 0 | Q40: 0 | R40: 0 | S40: 0 | T40: 0 | U40: 1 | V40: 1 | W40: 0 | X40: 0 | Y40: 1 | Z40: 0 | AA40: 0 | AB40: 0 | AC40: 0 | AD40: 0 | AE40: 0 | AF40: 3 | AG40: 0 | AH40: 0 | AI40: 0 | AJ40: 1 | AK40: 0 | AL40: 0 | AM40: 0 | AN40: 0 | AO40: 0 | AP40: 0 | AQ40: 0 | AR40: 0 | AS40: =SUM(E40:AR40) -> 8
D41: JML | E41: =SUM(E39:E40) -> 0 | F41: =SUM(F39:F40) -> 0 | G41: =SUM(G39:G40) -> 0 | H41: =SUM(H39:H40) -> 0 | I41: =SUM(I39:I40) -> 0 | J41: =SUM(J39:J40) -> 1 | K41: =SUM(K39:K40) -> 0 | L41: =SUM(L39:L40) -> 0 | ... AR41: =SUM(AR39:AR40) -> 0 | AS41: =SUM(E41:AR41) -> 15
A43: IV | B43: DATA RINCIAN PEROLEHAN SUARA PASANGAN CALON BUPATI DAN WAKIL BUPATI
A44: NOMOR DAN NAMA CALON
B45: 1. | C45: AA. AHMAD NAWARDI | E45: 6 | F45: 12 | G45: 6 | H45: 5 | I45: 3 | J45: 5 | K45: 5 | L45: 6 | M45: 13 | N45: 10 | O45: 15 | P45: 8 | Q45: 10 | R45: 6 | S45: 15 | T45: 9 | U45: 3 | V45: 13 | W45: 7 | X45: 10 | Y45: 5 | Z45: 11 | AA45: 13 | AB45: 11 | AC45: 9 | AD45: 12 | AE45: 9 | AF45: 10 | AG45: 14 | AH45: 12 | AI45: 11 | AJ45: 15 | AK45: 21 | AL45: 17 | AM45: 21 | AN45: 10 | AO45: 12 | AP45: 12 | AQ45: 11 | AR45: 15 | AS45: =SUM(E45:AR45) -> 418
B46: 2. | C46: Ir. H. AA LA NYALLA MAHMUD MATTALITI, M.HP. | E46: 50 | F46: 53 | G46: 43 | H46: 39 | I46: 35 | J46: 41 | K46: 41 | L46: 36 | M46: 35 | N46: 21 | O46: 42 | P46: 39 | Q46: 25 | R46: 38 | S46: 52 | T46: 30 | U46: 32 | V46: 42 | W46: 43 | X46: 26 | Y46: 41 | Z46: 51 | AA46: 38 | AB46: 43 | AC46: 41 | AD46: 42 | AE46: 30 | AF46: 30 | AG46: 30 | AH46: 33 | AI46: 43 | AJ46: 34 | AK46: 34 | AL46: 29 | AM46: 33 | AN46: 35 | AO46: 19 | AP46: 38 | AQ46: 24 | AR46: 50 | AS46: =SUM(E46:AR46) -> 1481
B47: 3. | C47: ABDUL QADIR AMIR HARTONO, S.E., S.H., M.H. | E47: 9 | F47: 14 | G47: 21 | H47: 18 | I47: 8 | J47: 12 | K47: 15 | L47: 12 | M47: 16 | N47: 13 | O47: 18 | P47: 13 | Q47: 8 | R47: 19 | S47: 16 | T47: 35 | U47: 7 | V47: 12 | W47: 16 | X47: 9 | Y47: 6 | Z47: 17 | AA47: 15 | AB47: 11 | AC47: 6 | AD47: 16 | AE47: 14 | AF47: 11 | AG47: 13 | AH47: 10 | AI47: 14 | AJ47: 21 | AK47: 26 | AL47: 17 | AM47: 27 | AN47: 15 | AO47: 21 | AP47: 14 | AQ47: 18 | AR47: 6 | AS47: =SUM(E47:AR47) -> 589
B48: 4. | C48: ADILLA AZIS, S.E. | E48: 29 | F48: 40 | G48: 18 | H48: 24 | I48: 22 | J48: 34 | K48: 20 | L48: 28 | M48: 22 | N48: 15 | O48: 12 | P48: 21 | Q48: 17 | R48: 25 | S48: 29 | T48: 21 | U48: 28 | V48: 27 | W48: 25 | X48: 20 | Y48: 26 | Z48: 32 | AA48: 23 | AB48: 22 | AC48: 22 | AD48: 20 | AE48: 30 | AF48: 25 | AG48: 22 | AH48: 39 | AI48: 40 | AJ48: 43 | AK48: 26 | AL48: 24 | AM48: 27 | AN48: 25 | AO48: 31 | AP48: 40 | AQ48: 22 | AR48: 17 | AS48: =SUM(E48:AR48) -> 1033
B49: 5. | C49: Ir. H. AGUS RAHARDJO, MSc.M. | E49: 14 | F49: 17 | G49: 17 | H49: 14 | I49: 12 | J49: 15 | K49: 20 | L49: 12 | M49: 18 | N49: 19 | O49: 26 | P49: 18 | Q49: 13 | R49: 20 | S49: 23 | T49: 9 | U49: 17 | V49: 15 | W49: 14 | X49: 6 | Y49: 5 | Z49: 17 | AA49: 22 | AB49: 18 | AC49: 29 | AD49: 9 | AE49: 15 | AF49: 17 | AG49: 18 | AH49: 23 | AI49: 17 | AJ49: 24 | AK49: 18 | AL49: 18 | AM49: 24 | AN49: 14 | AO49: 24 | AP49: 13 | AQ49: 16 | AR49: 16 | AS49: =SUM(E49:AR49) -> 676
B50: 6. | C50: Drs. AYUB KHAN | E50: 10 | F50: 7 | G50: 13 | H50: 15 | I50: 13 | J50: 11 | K50: 2 | L50: 7 | M50: 10 | N50: 6 | O50: 17 | P50: 8 | Q50: 13 | R50: 6 | S50: 10 | T50: 8 | U50: 8 | V50: 8 | W50: 8 | X50: 15 | Y50: 9 | Z50: 11 | AA50: 18 | AB50: 16 | AC50: 15 | AD50: 6 | AE50: 9 | AF50: 11 | AG50: 12 | AH50: 5 | AI50: 6 | AJ50: 13 | AK50: 8 | AL50: 7 | AM50: 8 | AN50: 13 | AO50: 8 | AP50: 10 | AQ50: 12 | AR50: 3 | AS50: =SUM(E50:AR50) -> 395
B51: 7. | C51: BAMBANG HARIANTO | E51: 2 | F51: 4 | G51: 6 | H51: 2 | I51: 2 | J51: 2 | K51: 5 | L51: 2 | M51: 1 | N51: 7 | O51: 2 | P51: 3 | Q51: 6 | R51: 3 | S51: 2 | T51: 4 | U51: 5 | V51: 1 | W51: 5 | X51: 1 | Y51: 6 | Z51: 1 | AA51: 3 | AB51: 1 | AC51: 3 | AD51: 0 | AE51: 3 | AF51: 5 | AG51: 0 | AH51: 3 | AI51: 2 | AJ51: 0 | AK51: 1 | AL51: 3 | AM51: 4 | AN51: 5 | AO51: 6 | AP51: 7 | AQ51: 4 | AR51: 8 | AS51: =SUM(E51:AR51) -> 130
B52: 8. | C52: CATUR RUDI UTANTO, S.Sos. | E52: 3 | F52: 0 | G52: 3 | H52: 0 | I52: 3 | J52: 2 | K52: 1 | L52: 1 | M52: 2 | N52: 5 | O52: 3 | P52: 5 | Q52: 5 | R52: 4 | S52: 4 | T52: 3 | U52: 2 | V52: 0 | W52: 3 | X52: 2 | Y52: 2 | Z52: 3 | AA52: 6 | AB52: 5 | AC52: 4 | AD52: 7 | AE52: 4 | AF52: 10 | AG52: 5 | AH52: 9 | AI52: 3 | AJ52: 5 | AK52: 6 | AL52: 3 | AM52: 4 | AN52: 2 | AO52: 3 | AP52: 4 | AQ52: 3 | AR52: 5 | AS52: =SUM(E52:AR52) -> 144
B53: 9. | C53: DODDY DWI NUGROHO | E53: 1 | F53: 1 | G53: 1 | H53: 0 | I53: 1 | J53: 0 | K53: 0 | L53: 3 | M53: 1 | N53: 2 | O53: 1 | P53: 0 | Q53: 1 | R53: 1 | S53: 0 | T53: 1 | U53: 3 | V53: 1 | W53: 1 | X53: 0 | Y53: 1 | Z53: 1 | AA53: 1 | AB53: 1 | AC53: 0 | AD53: 2 | AE53: 1 | AF53: 3 | AG53: 0 | AH53: 0 | AI53: 0 | AJ53: 2 | AK53: 2 | AL53: 2 | AM53: 0 | AN53: 0 | AO53: 0 | AP53: 0 | AQ53: 0 | AR53: 0 | AS53: =SUM(E53:AR53) -> 35
B54: 10. | C54: KONDANG KUSUMANING AYU | E54: 25 | F54: 15 | G54: 15 | H54: 18 | I54: 18 | J54: 28 | K54: 17 | L54: 24 | M54: 28 | N54: 24 | O54: 27 | P54: 11 | Q54: 24 | R54: 25 | S54: 22 | T54: 17 | U54: 29 | V54: 30 | W54: 16 | X54: 26 | Y54: 14 | Z54: 18 | AA54: 31 | AB54: 24 | AC54: 19 | AD54: 28 | AE54: 31 | AF54: 19 | AG54: 22 | AH54: 20 | AI54: 18 | AJ54: 19 | AK54: 25 | AL54: 13 | AM54: 24 | AN54: 14 | AO54: 24 | AP54: 22 | AQ54: 26 | AR54: 13 | AS54: =SUM(E54:AR54) -> 863
B55: 11. | C55: KUNJUNG WAHYUDI | E55: 1 | F55: 0 | G55: 4 | H55: 0 | I55: 3 | J55: 0 | K55: 1 | L55: 2 | M55: 3 | N55: 2 | O55: 1 | P55: 2 | Q55: 2 | R55: 1 | S55: 0 | T55: 1 | U55: 1 | V55: 1 | W55: 0 | X55: 1 | Y55: 2 | Z55: 3 | AA55: 2 | AB55: 4 | AC55: 1 | AD55: 1 | AE55: 1 | AF55: 4 | AG55: 0 | AH55: 2 | AI55: 0 | AJ55: 0 | AK55: 2 | AL55: 0 | AM55: 2 | AN55: 1 | AO55: 3 | AP55: 1 | AQ55: 2 | AR55: 1 | AS55: =SUM(E55:AR55) -> 58
B56: 12. | C56: Dr. LIA ISTIFHAMA | E56: 17 | F56: 19 | G56: 16 | H56: 23 | I56: 17 | J56: 23 | K56: 26 | L56: 22 | M56: 30 | N56: 27 | O56: 20 | P56: 20 | Q56: 22 | R56: 14 | S56: 25 | T56: 20 | U56: 16 | V56: 20 | W56: 17 | X56: 27 | Y56: 20 | Z56: 29 | AA56: 22 | AB56: 21 | AC56: 16 | AD56: 20 | AE56: 21 | AF56: 37 | AG56: 23 | AH56: 25 | AI56: 34 | AJ56: 32 | AK56: 33 | AL56: 19 | AM56: 18 | AN56: 20 | AO56: 17 | AP56: 22 | AQ56: 15 | AR56: 15 | AS56: =SUM(E56:AR56) -> 880
B57: 13. | C57: MOHAMMAD TRIJANTO, S.H., M.M., M.H. | E57: 7 | F57: 4 | G57: 0 | H57: 1 | I57: 3 | J57: 5 | K57: 7 | L57: 1 | M57: 3 | N57: 4 | O57: 2 | P57: 3 | Q57: 1 | R57: 4 | S57: 3 | T57: 5 | U57: 1 | V57: 2 | W57: 2 | X57: 0 | Y57: 0 | Z57: 2 | AA57: 3 | AB57: 1 | AC57: 3 | AD57: 4 | AE57: 2 | AF57: 4 | AG57: 5 | AH57: 2 | AI57: 4 | AJ57: 2 | AK57: 6 | AL57: 2 | AM57: 1 | AN57: 2 | AO57: 3 | AP57: 3 | AQ57: 3 | AR57: 0 | AS57: =SUM(E57:AR57) -> 110
A59: V | B59: DATA SUARA SAH DAN TIDAK SAH
B60: A. | C60: JUMLAH SELURUH SUARA SAH | E60: =SUM(E45:E57) -> 174 | F60: =SUM(F45:F57) -> 186 | G60: =SUM(G45:G57) -> 163 | H60: =SUM(H45:H57) -> 159 | I60: =SUM(I45:I57) -> 140 | J60: =SUM(J45:J57) -> 178 | K60: =SUM(K45:K57) -> 160 | L60: =SUM(L45:L57) -> 156 | ... AR60: =SUM(AR45:AR57) -> 149 | AS60: =SUM(E60:AR60) -> 6812
B61: B. | C61: JUMLAH SUARA TIDAK SAH | E61: 39 | F61: 33 | G61: 37 | H61: 16 | I61: 59 | J61: 15 | K61: 38 | L61: 39 | M61: 29 | N61: 34 | O61: 23 | P61: 29 | Q61: 35 | R61: 39 | S61: 33 | T61: 45 | U61: 76 | V61: 41 | W61: 26 | X61: 51 | Y61: 60 | Z61: 17 | AA61: 30 | AB61: 36 | AC61: 49 | AD61: 30 | AE61: 42 | AF61: 30 | AG61: 37 | AH61: 42 | AI61: 44 | AJ61: 33 | AK61: 31 | AL61: 55 | AM61: 38 | AN61: 65 | AO61: 50 | AP61: 65 | AQ61: 91 | AR61: 66 | AS61: =SUM(E61:AR61) -> 1648
B62: C. | C62: JUMLAH SELURUH SUARA SAH DAN SUARA TIDAK SAH (V.A + V.B) | E62: =SUM(E60:E61) -> 213 | F62: =SUM(F60:F61) -> 219 | G62: =SUM(G60:G61) -> 200 | H62: =SUM(H60:H61) -> 175 | I62: =SUM(I60:I61) -> 199 | J62: =SUM(J60:J61) -> 193 | K62: =SUM(K60:K61) -> 198 | L62: =SUM(L60:L61) -> 195 | ... AR62: =SUM(AR60:AR61) -> 215 | AS62: =SUM(E62:AR62) -> 8460

Sheet SUKONATAR
C2: Kecamatan | D2: SRONO
C3: Kabupaten | D3: BANYUWANGI
C4: Provinsi | D4: JAWA TIMUR
C9: Kelurahan | D9: SUKONATAR
A12: I | B12: DATA PEMILIH DAN PENGGUNAAN HAK PILIH | T12: JUMLAH AKHIR
A13: A | B13: DATA PEMILIH | E13: TPS 001 | F13: TPS 002 | G13: TPS 003 | H13: TPS 004 | I13: TPS 005 | J13: TPS 006 | K13: TPS 007 | L13: TPS 008 | M13: TPS 009 | N13: TPS 010 | O13: TPS 011 | P13: TPS 012 | Q13: TPS 013 | R13: TPS 014 | S13: TPS 015
B14: Jumlah Pemilih dalam Daftar Pemilih Tetap (DPT) | D14: LK | E14: 142 | F14: 143 | G14: 145 | H14: 130 | I14: 120 | J14: 146 | K14: 134 | L14: 155 | M14: 125 | N14: 127 | O14: 119 | P14: 145 | Q14: 128 | R14: 139 | S14: 136 | T14: =SUM(E14:S14) -> 2034
D15: PR | E15: 138 | F15: 138 | G15: 141 | H15: 118 | I15: 145 | J15: 140 | K15: 132 | L15: 130 | M15: 148 | N15: 124 | O15: 124 | P15: 141 | Q15: 145 | R15: 143 | S15: 137 | T15: =SUM(E15:S15) -> 2044
D16: JML | E16: =SUM(E14:E15) -> 280 | F16: =SUM(F14:F15) -> 281 | G16: =SUM(G14:G15) -> 286 | H16: =SUM(H14:H15) -> 248 | I16: =SUM(I14:I15) -> 265 | J16: =SUM(J14:J15) -> 286 | K16: =SUM(K14:K15) -> 266 | L16: =SUM(L14:L15) -> 285 | ... S16: =SUM(S14:S15) -> 273 | T16: =SUM(E16:S16) -> 4078
A18: B | B18: PENGGUNA HAK PILIH
B19: 1. | C19: Jumlah pengguna hak pilih dalam Daftar Pemilih Tetap (DPT) | D19: LK | E19: 103 | F19: 97 | G19: 92 | H19: 90 | I19: 88 | J19: 116 | K19: 109 | L19: 109 | M19: 94 | N19: 90 | O19: 90 | P19: 114 | Q19: 102 | R19: 105 | S19: 94 | T19: =SUM(E19:S19) -> 1493
D20: PR | E20: 118 | F20: 111 | G20: 110 | H20: 80 | I20: 117 | J20: 112 | K20: 107 | L20: 106 | M20: 113 | N20: 102 | O20: 94 | P20: 122 | Q20: 125 | R20: 118 | S20: 107 | T20: =SUM(E20:S20) -> 1642
D21: JML | E21: =SUM(E19:E20) -> 221 | F21: =SUM(F19:F20) -> 208 | G21: =SUM(G19:G20) -> 202 | H21: =SUM(H19:H20) -> 170 | I21: =SUM(I19:I20) -> 205 | J21: =SUM(J19:J20) -> 228 | K21: =SUM(K19:K20) -> 216 | L21: =SUM(L19:L20) -> 215 | ... S21: =SUM(S19:S20) -> 201 | T21: =SUM(E21:S21) -> 3135
B22: 2. | C22: Jumlah pengguna hak pilih dalam Daftar Pemilih Tambahan (DPTb) | D22: LK | E22: 0 | F22: 0 | G22: 0 | H22: 0 | I22: 0 | J22: 0 | K22: 0 | L22: 0 | M22: 0 | N22: 0 | O22: 0 | P22: 0 | Q22: 0 | R22: 1 | S22: 0 | T22: =SUM(E22:S22) -> 1
D23: PR | E23: 0 | F23: 0 | G23: 0 | H23: 0 | I23: 0 | J23: 0 | K23: 0 | L23: 0 | M23: 0 | N23: 0 | O23: 0 | P23: 0 | Q23: 1 | R23: 1 | S23: 0 | T23: =SUM(E23:S23) -> 2
D24: JML | E24: =SUM(E22:E23) -> 0 | F24: =SUM(F22:F23) -> 0 | G24: =SUM(G22:G23) -> 0 | H24: =SUM(H22:H23) -> 0 | I24: =SUM(I22:I23) -> 0 | J24: =SUM(J22:J23) -> 0 | K24: =SUM(K22:K23) -> 0 | L24: =SUM(L22:L23) -> 0 | ... S24: =SUM(S22:S23) -> 0 | T24: =SUM(E24:S24) -> 3
B25: 3. | C25: Jumlah pengguna hak pilih dalam Daftar Pemilih Khusus (DPK) | D25: LK | E25: 2 | F25: 0 | G25: 1 | H25: 0 | I25: 0 | J25: 0 | K25: 1 | L25: 0 | M25: 2 | N25: 0 | O25: 0 | P25: 0 | Q25: 0 | R25: 0 | S25: 1 | T25: =SUM(E25:S25) -> 7
D26: PR | E26: 3 | F26: 0 | G26: 1 | H26: 1 | I26: 0 | J26: 0 | K26: 1 | L26: 0 | M26: 2 | N26: 0 | O26: 0 | P26: 0 | Q26: 0 | R26: 1 | S26: 1 | T26: =SUM(E26:S26) -> 10
D27: JML | E27: =SUM(E25:E26) -> 5 | F27: =SUM(F25:F26) -> 0 | G27: =SUM(G25:G26) -> 2 | H27: =SUM(H25:H26) -> 1 | I27: =SUM(I25:I26) -> 0 | J27: =SUM(J25:J26) -> 0 | K27: =SUM(K25:K26) -> 2 | L27: =SUM(L25:L26) -> 0 | ... S27: =SUM(S25:S26) -> 2 | T27: =SUM(E27:S27) -> 17
B28: 4. | C28: Jumlah Pengguna Hak Pilih (B.1+B.2+B.3) | D28: LK | E28: =SUM(E19,E22,E25) -> 105 | F28: =SUM(F19,F22,F25) -> 97 | G28: =SUM(G19,G22,G25) -> 93 | H28: =SUM(H19,H22,H25) -> 90 | I28: =SUM(I19,I22,I25) -> 88 | J28: =SUM(J19,J22,J25) -> 116 | K28: =SUM(K19,K22,K25) -> 110 | L28: =SUM(L19,L22,L25) -> 109 | ... S28: =SUM(S19,S22,S25) -> 95 | T28: =SUM(E28:S28) -> 1501
D29: PR | E29: =SUM(E20,E23,E26) -> 121 | F29: =SUM(F20,F23,F26) -> 111 | G29: =SUM(G20,G23,G26) -> 111 | H29: =SUM(H20,H23,H26) -> 81 | I29: =SUM(I20,I23,I26) -> 117 | J29: =SUM(J20,J23,J26) -> 112 | K29: =SUM(K20,K23,K26) -> 108 | L29: =SUM(L20,L23,L26) -> 106 | ... S29: =SUM(S20,S23,S26) -> 108 | T29: =SUM(E29:S29) -> 1654
D30: JML | E30: =SUM(E28:E29) -> 226 | F30: =SUM(F28:F29) -> 208 | G30: =SUM(G28:G29) -> 204 | H30: =SUM(H28:H29) -> 171 | I30: =SUM(I28:I29) -> 205 | J30: =SUM(J28:J29) -> 228 | K30: =SUM(K28:K29) -> 218 | L30: =SUM(L28:L29) -> 215 | ... S30: =SUM(S28:S29) -> 203 | T30: =SUM(E30:S30) -> 3155
A32: II | B32: DATA PENGGUNAAN SURAT SUARA
A33: 1 | B33: Jumlah surat suara yang diterima, termasuk surat suara cadangan 2,5% dari DPT | E33: 286 | F33: 287 | G33: 292 | H33: 253 | I33: 271 | J33: 292 | K33: 272 | L33: 291 | M33: 284 | N33: 257 | O33: 248 | P33: 292 | Q33: 279 | R33: 288 | S33: 279 | T33: =SUM(E33:S33) -> 4171
A34: 2 | B34: Jumlah surat suara yang digunakan | E34: 226 | F34: 208 | G34: 204 | H34: 171 | I34: 205 | J34: 228 | K34: 218 | L34: 215 | M34: 211 | N34: 192 | O34: 184 | P34: 236 | Q34: 227 | R34: 225 | S34: 202 | T34: =SUM(E34:S34) -> 3152
A35: 3 | B35: Jumlah surat suara dikembalikan oleh pemilih (karena rusak atau keliru coblos) | E35: 1 | F35: 0 | G35: 0 | H35: 0 | I35: 0 | J35: 0 | K35: 0 | L35: 0 | M35: 0 | N35: 0 | O35: 0 | P35: 0 | Q35: 0 | R35: 0 | S35: 0 | T35: =SUM(E35:S35) -> 1
A36: 4 | B36: Jumlah surat suara yang tidak digunakan/tidak terpakai, termasuk sisa surat suara cadangan | E36: =E33-(E34+E35) -> 59 | F36: =F33-(F34+F35) -> 79 | G36: =G33-(G34+G35) -> 88 | H36: =H33-(H34+H35) -> 82 | I36: =I33-(I34+I35) -> 66 | J36: =J33-(J34+J35) -> 64 | K36: =K33-(K34+K35) -> 54 | L36: =L33-(L34+L35) -> 76 | ... S36: =S33-(S34+S35) -> 77 | T36: =SUM(E36:S36) -> 1018
A38: III | B38: DATA PEMILIH DISABILITAS
B39: Jumlah seluruh Pemilih disabilitas yang menggunakan hak pilih | D39: LK | E39: 0 | F39: 0 | G39: 0 | H39: 0 | I39: 0 | J39: 0 | K39: 0 | L39: 0 | M39: 0 | N39: 2 | O39: 0 | P39: 0 | Q39: 0 | R39: 0 | S39: 0 | T39: =SUM(E39:S39) -> 2
D40: PR | E40: 0 | F40: 0 | G40: 0 | H40: 0 | I40: 0 | J40: 0 | K40: 0 | L40: 0 | M40: 0 | N40: 2 | O40: 0 | P40: 0 | Q40: 0 | R40: 0 | S40: 0 | T40: =SUM(E40:S40) -> 2
D41: JML | E41: =SUM(E39:E40) -> 0 | F41: =SUM(F39:F40) -> 0 | G41: =SUM(G39:G40) -> 0 | H41: =SUM(H39:H40) -> 0 | I41: =SUM(I39:I40) -> 0 | J41: =SUM(J39:J40) -> 0 | K41: =SUM(K39:K40) -> 0 | L41: =SUM(L39:L40) -> 0 | ... S41: =SUM(S39:S40) -> 0 | T41: =SUM(E41:S41) -> 4
A43: IV | B43: DATA RINCIAN PEROLEHAN SUARA PASANGAN CALON BUPATI DAN WAKIL BUPATI
A44: NOMOR DAN NAMA CALON
B45: 1. | C45: AA. AHMAD NAWARDI | E45: 21 | F45: 8 | G45: 8 | H45: 5 | I45: 10 | J45: 13 | K45: 6 | L45: 14 | M45: 7 | N45: 17 | O45: 30 | P45: 23 | Q45: 25 | R45: 33 | S45: 15 | T45: =SUM(E45:S45) -> 235
B46: 2. | C46: Ir. H. AA LA NYALLA MAHMUD MATTALITI, M.HP. | E46: 66 | F46: 22 | G46: 42 | H46: 37 | I46: 31 | J46: 29 | K46: 40 | L46: 37 | M46: 40 | N46: 38 | O46: 42 | P46: 48 | Q46: 31 | R46: 53 | S46: 35 | T46: =SUM(E46:S46) -> 591
B47: 3. | C47: ABDUL QADIR AMIR HARTONO, S.E., S.H., M.H. | E47: 18 | F47: 12 | G47: 8 | H47: 9 | I47: 5 | J47: 6 | K47: 11 | L47: 14 | M47: 13 | N47: 10 | O47: 8 | P47: 14 | Q47: 9 | R47: 7 | S47: 10 | T47: =SUM(E47:S47) -> 154
B48: 4. | C48: ADILLA AZIS, S.E. | E48: 16 | F48: 25 | G48: 30 | H48: 16 | I48: 26 | J48: 29 | K48: 26 | L48: 17 | M48: 22 | N48: 17 | O48: 14 | P48: 17 | Q48: 22 | R48: 14 | S48: 22 | T48: =SUM(E48:S48) -> 313
B49: 5. | C49: Ir. H. AGUS RAHARDJO, MSc.M. | E49: 17 | F49: 13 | G49: 13 | H49: 12 | I49: 19 | J49: 22 | K49: 18 | L49: 18 | M49: 11 | N49: 14 | O49: 11 | P49: 13 | Q49: 13 | R49: 17 | S49: 10 | T49: =SUM(E49:S49) -> 221
B50: 6. | C50: Drs. AYUB KHAN | E50: 13 | F50: 10 | G50: 14 | H50: 10 | I50: 15 | J50: 9 | K50: 7 | L50: 9 | M50: 5 | N50: 13 | O50: 14 | P50: 14 | Q50: 16 | R50: 14 | S50: 10 | T50: =SUM(E50:S50) -> 173
B51: 7. | C51: BAMBANG HARIANTO | E51: 1 | F51: 0 | G51: 3 | H51: 3 | I51: 2 | J51: 2 | K51: 6 | L51: 3 | M51: 2 | N51: 3 | O51: 4 | P51: 2 | Q51: 6 | R51: 2 | S51: 8 | T51: =SUM(E51:S51) -> 47
B52: 8. | C52: CATUR RUDI UTANTO, S.Sos. | E52: 4 | F52: 2 | G52: 4 | H52: 2 | I52: 3 | J52: 8 | K52: 8 | L52: 5 | M52: 3 | N52: 1 | O52: 5 | P52: 1 | Q52: 8 | R52: 2 | S52: 5 | T52: =SUM(E52:S52) -> 61
B53: 9. | C53: DODDY DWI NUGROHO | E53: 1 | F53: 0 | G53: 2 | H53: 1 | I53: 2 | J53: 1 | K53: 1 | L53: 0 | M53: 2 | N53: 1 | O53: 1 | P53: 1 | Q53: 0 | R53: 1 | S53: 0 | T53: =SUM(E53:S53) -> 14
B54: 10. | C54: KONDANG KUSUMANING AYU | E54: 14 | F54: 13 | G54: 26 | H54: 18 | I54: 27 | J54: 34 | K54: 23 | L54: 25 | M54: 40 | N54: 22 | O54: 12 | P54: 27 | Q54: 19 | R54: 19 | S54: 22 | T54: =SUM(E54:S54) -> 341
B55: 11. | C55: KUNJUNG WAHYUDI | E55: 0 | F55: 0 | G55: 0 | H55: 1 | I55: 2 | J55: 3 | K55: 2 | L55: 0 | M55: 5 | N55: 1 | O55: 1 | P55: 0 | Q55: 0 | R55: 3 | S55: 0 | T55: =SUM(E55:S55) -> 18
B56: 12. | C56: Dr. LIA ISTIFHAMA | E56: 12 | F56: 15 | G56: 16 | H56: 13 | I56: 28 | J56: 20 | K56: 21 | L56: 23 | M56: 27 | N56: 22 | O56: 23 | P56: 40 | Q56: 48 | R56: 25 | S56: 27 | T56: =SUM(E56:S56) -> 360
B57: 13. | C57: MOHAMMAD TRIJANTO, S.H., M.M., M.H. | E57: 2 | F57: 2 | G57: 5 | H57: 2 | I57: 4 | J57: 3 | K57: 4 | L57: 1 | M57: 1 | N57: 4 | O57: 2 | P57: 3 | Q57: 1 | R57: 5 | S57: 2 | T57: =SUM(E57:S57) -> 41
A59: V | B59: DATA SUARA SAH DAN TIDAK SAH
B60: A. | C60: JUMLAH SELURUH SUARA SAH | E60: =SUM(E45:E57) -> 185 | F60: =SUM(F45:F57) -> 122 | G60: =SUM(G45:G57) -> 171 | H60: =SUM(H45:H57) -> 129 | I60: =SUM(I45:I57) -> 174 | J60: =SUM(J45:J57) -> 179 | K60: =SUM(K45:K57) -> 173 | L60: =SUM(L45:L57) -> 166 | ... S60: =SUM(S45:S57) -> 166 | T60: =SUM(E60:S60) -> 2569
B61: B. | C61: JUMLAH SUARA TIDAK SAH | E61: 41 | F61: 86 | G61: 33 | H61: 42 | I61: 31 | J61: 49 | K61: 46 | L61: 47 | M61: 35 | N61: 29 | O61: 17 | P61: 34 | Q61: 28 | R61: 33 | S61: 33 | T61: =SUM(E61:S61) -> 584
B62: C. | C62: JUMLAH SELURUH SUARA SAH DAN SUARA TIDAK SAH (V.A + V.B) | E62: =SUM(E60:E61) -> 226 | F62: =SUM(F60:F61) -> 208 | G62: =SUM(G60:G61) -> 204 | H62: =SUM(H60:H61) -> 171 | I62: =SUM(I60:I61) -> 205 | J62: =SUM(J60:J61) -> 228 | K62: =SUM(K60:K61) -> 219 | L62: =SUM(L60:L61) -> 213 | ... S62: =SUM(S60:S61) -> 199 | T62: =SUM(E62:S62) -> 3153

Sheet KEBAMAN
C2: Kecamatan | D2: SRONO
C3: Kabupaten | D3: BANYUWANGI
C4: Provinsi | D4: JAWA TIMUR
C9: Kelurahan | D9: KEBAMAN
A12: I | B12: DATA PEMILIH DAN PENGGUNAAN HAK PILIH | AW12: JUMLAH AKHIR
A13: A | B13: DATA PEMILIH | E13: TPS 001 | F13: TPS 002 | G13: TPS 003 | H13: TPS 004 | I13: TPS 005 | J13: TPS 006 | K13: TPS 007 | L13: TPS 008 | M13: TPS 009 | N13: TPS 010 | O13: TPS 011 | P13: TPS 012 | Q13: TPS 013 | R13: TPS 014 | S13: TPS 015 | T13: TPS 016 | U13: TPS 017 | V13: TPS 018 | W13: TPS 019 | X13: TPS 020 | Y13: TPS 021 | Z13: TPS 022 | AA13: TPS 023 | AB13: TPS 024 | AC13: TPS 025 | AD13: TPS 026 | AE13: TPS 027 | AF13: TPS 028 | AG13: TPS 029 | AH13: TPS 030 | AI13: TPS 031 | AJ13: TPS 032 | AK13: TPS 033 | AL13: TPS 034 | AM13: TPS 035 | AN13: TPS 036 | AO13: TPS 037 | AP13: TPS 038 | AQ13: TPS 039 | AR13: TPS 040 | AS13: TPS 041 | AT13: TPS 042 | AU13: TPS 043 | AV13: TPS 044
B14: Jumlah Pemilih dalam Daftar Pemilih Tetap (DPT) | D14: LK | E14: 122 | F14: 134 | G14: 140 | H14: 123 | I14: 120 | J14: 138 | K14: 136 | L14: 141 | M14: 141 | N14: 117 | O14: 136 | P14: 133 | Q14: 126 | R14: 138 | S14: 134 | T14: 129 | U14: 148 | V14: 127 | W14: 122 | X14: 135 | Y14: 108 | Z14: 124 | AA14: 109 | AB14: 133 | AC14: 129 | AD14: 135 | AE14: 141 | AF14: 127 | AG14: 123 | AH14: 146 | AI14: 111 | AJ14: 117 | AK14: 128 | AL14: 131 | AM14: 138 | AN14: 128 | AO14: 142 | AP14: 140 | AQ14: 141 | AR14: 130 | AS14: 127 | AT14: 131 | AU14: 147 | AV14: 147 | AW14: =SUM(E14:AV14) -> 5773
D15: PR | E15: 129 | F15: 138 | G15: 133 | H15: 132 | I15: 152 | J15: 135 | K15: 129 | L15: 137 | M15: 138 | N15: 144 | O15: 134 | P15: 132 | Q15: 139 | R15: 149 | S15: 131 | T15: 134 | U15: 139 | V15: 141 | W15: 133 | X15: 141 | Y15: 129 | Z15: 133 | AA15: 131 | AB15: 139 | AC15: 138 | AD15: 140 | AE15: 123 | AF15: 145 | AG15: 133 | AH15: 140 | AI15: 102 | AJ15: 131 | AK15: 141 | AL15: 148 | AM15: 136 | AN15: 137 | AO15: 145 | AP15: 147 | AQ15: 138 | AR15: 143 | AS15: 133 | AT15: 133 | AU15: 139 | AV15: 127 | AW15: =SUM(E15:AV15) -> 5991
D16: JML | E16: =SUM(E14:E15) -> 251 | F16: =SUM(F14:F15) -> 272 | G16: =SUM(G14:G15) -> 273 | H16: =SUM(H14:H15) -> 255 | I16: =SUM(I14:I15) -> 272 | J16: =SUM(J14:J15) -> 273 | K16: =SUM(K14:K15) -> 265 | L16: =SUM(L14:L15) -> 278 | ... AV16: =SUM(AV14:AV15) -> 274 | AW16: =SUM(E16:AV16) -> 11764
A18: B | B18: PENGGUNA HAK PILIH
B19: 1. | C19: Jumlah pengguna hak pilih dalam Daftar Pemilih Tetap (DPT) | D19: LK | E19: 87 | F19: 95 | G19: 99 | H19: 89 | I19: 83 | J19: 106 | K19: 95 | L19: 96 | M19: 92 | N19: 87 | O19: 92 | P19: 104 | Q19: 93 | R19: 102 | S19: 96 | T19: 85 | U19: 110 | V19: 104 | W19: 97 | X19: 95 | Y19: 80 | Z19: 97 | AA19: 71 | AB19: 93 | AC19: 104 | AD19: 83 | AE19: 89 | AF19: 90 | AG19: 89 | AH19: 98 | AI19: 83 | AJ19: 87 | AK19: 88 | AL19: 96 | AM19: 91 | AN19: 99 | AO19: 111 | AP19: 108 | AQ19: 114 | AR19: 93 | AS19: 93 | AT19: 110 | AU19: 96 | AV19: 105 | AW19: =SUM(E19:AV19) -> 4175
D20: PR | E20: 105 | F20: 117 | G20: 113 | H20: 112 | I20: 110 | J20: 110 | K20: 99 | L20: 116 | M20: 104 | N20: 105 | O20: 101 | P20: 107 | Q20: 108 | R20: 133 | S20: 102 | T20: 102 | U20: 118 | V20: 121 | W20: 113 | X20: 112 | Y20: 100 | Z20: 103 | AA20: 105 | AB20: 107 | AC20: 113 | AD20: 106 | AE20: 116 | AF20: 116 | AG20: 104 | AH20: 112 | AI20: 81 | AJ20: 98 | AK20: 103 | AL20: 116 | AM20: 111 | AN20: 106 | AO20: 118 | AP20: 110 | AQ20: 111 | AR20: 107 | AS20: 115 | AT20: 107 | AU20: 101 | AV20: 108 | AW20: =SUM(E20:AV20) -> 4782
D21: JML | E21: =SUM(E19:E20) -> 192 | F21: =SUM(F19:F20) -> 212 | G21: =SUM(G19:G20) -> 212 | H21: =SUM(H19:H20) -> 201 | I21: =SUM(I19:I20) -> 193 | J21: =SUM(J19:J20) -> 216 | K21: =SUM(K19:K20) -> 194 | L21: =SUM(L19:L20) -> 212 | ... AV21: =SUM(AV19:AV20) -> 213 | AW21: =SUM(E21:AV21) -> 8957
B22: 2. | C22: Jumlah pengguna hak pilih dalam Daftar Pemilih Tambahan (DPTb) | D22: LK | E22: 0 | F22: 0 | G22: 0 | H22: 0 | I22: 0 | J22: 0 | K22: 0 | L22: 0 | M22: 0 | N22: 0 | O22: 0 | P22: 0 | Q22: 0 | R22: 0 | S22: 0 | T22: 0 | U22: 0 | V22: 0 | W22: 0 | X22: 0 | Y22: 0 | Z22: 0 | AA22: 0 | AB22: 0 | AC22: 1 | AD22: 0 | AE22: 0 | AF22: 0 | AG22: 0 | AH22: 0 | AI22: 0 | AJ22: 0 | AK22: 0 | AL22: 0 | AM22: 1 | AN22: 0 | AO22: 0 | AP22: 0 | AQ22: 0 | AR22: 0 | AS22: 0 | AT22: 0 | AU22: 0 | AV22: 0 | AW22: =SUM(E22:AV22) -> 2
D23: PR | E23: 0 | F23: 0 | G23: 0 | H23: 0 | I23: 0 | J23: 1 | K23: 0 | L23: 0 | M23: 0 | N23: 0 | O23: 0 | P23: 0 | Q23: 0 | R23: 0 | S23: 0 | T23: 0 | U23: 0 | V23: 0 | W23: 0 | X23: 0 | Y23: 0 | Z23: 0 | AA23: 0 | AB23: 0 | AC23: 0 | AD23: 2 | AE23: 0 | AF23: 0 | AG23: 0 | AH23: 0 | AI23: 0 | AJ23: 0 | AK23: 0 | AL23: 0 | AM23: 0 | AN23: 0 | AO23: 0 | AP23: 0 | AQ23: 0 | AR23: 0 | AS23: 0 | AT23: 0 | AU23: 0 | AV23: 0 | AW23: =SUM(E23:AV23) -> 3
D24: JML | E24: =SUM(E22:E23) -> 0 | F24: =SUM(F22:F23) -> 0 | G24: =SUM(G22:G23) -> 0 | H24: =SUM(H22:H23) -> 0 | I24: =SUM(I22:I23) -> 0 | J24: =SUM(J22:J23) -> 1 | K24: =SUM(K22:K23) -> 0 | L24: =SUM(L22:L23) -> 0 | ... AV24: =SUM(AV22:AV23) -> 0 | AW24: =SUM(E24:AV24) -> 5
B25: 3. | C25: Jumlah pengguna hak pilih dalam Daftar Pemilih Khusus (DPK) | D25: LK | E25: 0 | F25: 2 | G25: 0 | H25: 3 | I25: 3 | J25: 1 | K25: 1 | L25: 1 | M25: 1 | N25: 2 | O25: 3 | P25: 0 | Q25: 1 | R25: 1 | S25: 5 | T25: 2 | U25: 2 | V25: 0 | W25: 4 | X25: 4 | Y25: 3 | Z25: 5 | AA25: 4 | AB25: 0 | AC25: 1 | AD25: 3 | AE25: 4 | AF25: 2 | AG25: 7 | AH25: 5 | AI25: 1 | AJ25: 3 | AK25: 0 | AL25: 3 | AM25: 6 | AN25: 3 | AO25: 3 | AP25: 1 | AQ25: 1 | AR25: 1 | AS25: 0 | AT25: 2 | AU25: 1 | AV25: 8 | AW25: =SUM(E25:AV25) -> 103
D26: PR | E26: 0 | F26: 2 | G26: 1 | H26: 4 | I26: 2 | J26: 0 | K26: 1 | L26: 1 | M26: 0 | N26: 5 | O26: 4 | P26: 0 | Q26: 4 | R26: 4 | S26: 3 | T26: 1 | U26: 2 | V26: 3 | W26: 2 | X26: 3 | Y26: 0 | Z26: 3 | AA26: 6 | AB26: 2 | AC26: 3 | AD26: 2 | AE26: 10 | AF26: 3 | AG26: 5 | AH26: 5 | AI26: 1 | AJ26: 4 | AK26: 0 | AL26: 9 | AM26: 3 | AN26: 5 | AO26: 1 | AP26: 2 | AQ26: 3 | AR26: 1 | AS26: 0 | AT26: 2 | AU26: 1 | AV26: 24 | AW26: =SUM(E26:AV26) -> 137
D27: JML | E27: =SUM(E25:E26) -> 0 | F27: =SUM(F25:F26) -> 4 | G27: =SUM(G25:G26) -> 1 | H27: =SUM(H25:H26) -> 7 | I27: =SUM(I25:I26) -> 5 | J27: =SUM(J25:J26) -> 1 | K27: =SUM(K25:K26) -> 2 | L27: =SUM(L25:L26) -> 2 | ... AV27: =SUM(AV25:AV26) -> 32 | AW27: =SUM(E27:AV27) -> 240
B28: 4. | C28: Jumlah Pengguna Hak Pilih (B.1+B.2+B.3) | D28: LK | E28: =SUM(E19,E22,E25) -> 87 | F28: =SUM(F19,F22,F25) -> 97 | G28: =SUM(G19,G22,G25) -> 99 | H28: =SUM(H19,H22,H25) -> 92 | I28: =SUM(I19,I22,I25) -> 86 | J28: =SUM(J19,J22,J25) -> 107 | K28: =SUM(K19,K22,K25) -> 96 | L28: =SUM(L19,L22,L25) -> 97 | ... AV28: =SUM(AV19,AV22,AV25) -> 113 | AW28: =SUM(E28:AV28) -> 4280
D29: PR | E29: =SUM(E20,E23,E26) -> 105 | F29: =SUM(F20,F23,F26) -> 119 | G29: =SUM(G20,G23,G26) -> 114 | H29: =SUM(H20,H23,H26) -> 116 | I29: =SUM(I20,I23,I26) -> 112 | J29: =SUM(J20,J23,J26) -> 111 | K29: =SUM(K20,K23,K26) -> 100 | L29: =SUM(L20,L23,L26) -> 117 | ... AV29: =SUM(AV20,AV23,AV26) -> 132 | AW29: =SUM(E29:AV29) -> 4922
D30: JML | E30: =SUM(E28:E29) -> 192 | F30: =SUM(F28:F29) -> 216 | G30: =SUM(G28:G29) -> 213 | H30: =SUM(H28:H29) -> 208 | I30: =SUM(I28:I29) -> 198 | J30: =SUM(J28:J29) -> 218 | K30: =SUM(K28:K29) -> 196 | L30: =SUM(L28:L29) -> 214 | ... AV30: =SUM(AV28:AV29) -> 245 | AW30: =SUM(E30:AV30) -> 9202
A32: II | B32: DATA PENGGUNAAN SURAT SUARA
A33: 1 | B33: Jumlah surat suara yang diterima, termasuk surat suara cadangan 2,5% dari DPT | E33: 259 | F33: 279 | G33: 277 | H33: 261 | I33: 276 | J33: 278 | K33: 271 | L33: 284 | M33: 285 | N33: 267 | O33: 276 | P33: 271 | Q33: 271 | R33: 293 | S33: 271 | T33: 269 | U33: 293 | V33: 275 | W33: 261 | X33: 281 | Y33: 242 | Z33: 263 | AA33: 245 | AB33: 279 | AC33: 274 | AD33: 256 | AE33: 265 | AF33: 278 | AG33: 262 | AH33: 282 | AI33: 218 | AJ33: 253 | AK33: 275 | AL33: 285 | AM33: 251 | AN33: 272 | AO33: 293 | AP33: 293 | AQ33: 285 | AR33: 289 | AS33: 261 | AT33: 271 | AU33: 292 | AV33: 281 | AW33: =SUM(E33:AV33) -> 11963
A34: 2 | B34: Jumlah surat suara yang digunakan | E34: 192 | F34: 216 | G34: 213 | H34: 208 | I34: 198 | J34: 218 | K34: 196 | L34: 214 | M34: 197 | N34: 199 | O34: 201 | P34: 211 | Q34: 206 | R34: 240 | S34: 206 | T34: 190 | U34: 232 | V34: 228 | W34: 216 | X34: 214 | Y34: 183 | Z34: 208 | AA34: 186 | AB34: 202 | AC34: 220 | AD34: 196 | AE34: 207 | AF34: 211 | AG34: 205 | AH34: 220 | AI34: 166 | AJ34: 192 | AK34: 191 | AL34: 224 | AM34: 211 | AN34: 213 | AO34: 233 | AP34: 222 | AQ34: 225 | AR34: 210 | AS34: 200 | AT34: 215 | AU34: 206 | AV34: 232 | AW34: =SUM(E34:AV34) -> 9173
A35: 3 | B35: Jumlah surat suara dikembalikan oleh pemilih (karena rusak atau keliru coblos) | E35: 0 | F35: 0 | G35: 0 | H35: 0 | I35: 0 | J35: 0 | K35: 1 | L35: 0 | M35: 0 | N35: 0 | O35: 0 | P35: 0 | Q35: 3 | R35: 0 | S35: 0 | T35: 0 | U35: 1 | V35: 0 | W35: 0 | X35: 0 | Y35: 0 | Z35: 0 | AA35: 0 | AB35: 0 | AC35: 0 | AD35: 0 | AE35: 0 | AF35: 1 | AG35: 1 | AH35: 0 | AI35: 0 | AJ35: 0 | AK35: 0 | AL35: 1 | AM35: 0 | AN35: 0 | AO35: 1 | AP35: 0 | AQ35: 8 | AR35: 0 | AS35: 0 | AT35: 0 | AU35: 0 | AV35: 0 | AW35: =SUM(E35:AV35) -> 17
A36: 4 | B36: Jumlah surat suara yang tidak digunakan/tidak terpakai, termasuk sisa surat suara cadangan | E36: =E33-(E34+E35) -> 67 | F36: =F33-(F34+F35) -> 63 | G36: =G33-(G34+G35) -> 64 | H36: =H33-(H34+H35) -> 53 | I36: =I33-(I34+I35) -> 78 | J36: =J33-(J34+J35) -> 60 | K36: =K33-(K34+K35) -> 74 | L36: =L33-(L34+L35) -> 70 | ... AV36: =AV33-(AV34+AV35) -> 49 | AW36: =SUM(E36:AV36) -> 2773
A38: III | B38: DATA PEMILIH DISABILITAS
B39: Jumlah seluruh Pemilih disabilitas yang menggunakan hak pilih | D39: LK | T39: 0 | U39: 0 | V39: 0 | W39: 0 | X39: 0 | Y39: 0 | Z39: 0 | AA39: 0 | AB39: 0 | AC39: 0 | AD39: 0 | AE39: 0 | AF39: 0 | AG39: 0 | AH39: 0 | AI39: 0 | AJ39: 0 | AK39: 0 | AL39: 0 | AM39: 0 | AN39: 0 | AO39: 0 | AP39: 0 | AQ39: 0 | AR39: 0 | AS39: 0 | AT39: 0 | AU39: 0 | AV39: 0 | AW39: =SUM(E39:AV39) -> 0
D40: PR | E40: 3 | P40: 2 | T40: 0 | U40: 0 | V40: 0 | W40: 0 | X40: 0 | Y40: 0 | Z40: 0 | AA40: 0 | AB40: 0 | AC40: 0 | AD40: 0 | AE40: 0 | AF40: 0 | AG40: 3 | AH40: 0 | AI40: 0 | AJ40: 0 | AK40: 0 | AL40: 0 | AM40: 0 | AN40: 0 | AO40: 0 | AP40: 0 | AQ40: 0 | AR40: 0 | AS40: 0 | AT40: 0 | AU40: 0 | AV40: 0 | AW40: =SUM(E40:AV40) -> 8
D41: JML | E41: =SUM(E39:E40) -> 3 | F41: =SUM(F39:F40) -> 0 | G41: =SUM(G39:G40) -> 0 | H41: =SUM(H39:H40) -> 0 | I41: =SUM(I39:I40) -> 0 | J41: =SUM(J39:J40) -> 0 | K41: =SUM(K39:K40) -> 0 | L41: =SUM(L39:L40) -> 0 | ... AV41: =SUM(AV39:AV40) -> 0 | AW41: =SUM(E41:AV41) -> 8
A43: IV | B43: DATA RINCIAN PEROLEHAN SUARA PASANGAN CALON BUPATI DAN WAKIL BUPATI
A44: NOMOR DAN NAMA CALON
B45: 1. | C45: AA. AHMAD NAWARDI | E45: 10 | F45: 12 | G45: 14 | H45: 10 | I45: 29 | J45: 26 | K45: 7 | L45: 10 | M45: 11 | N45: 6 | O45: 7 | P45: 14 | Q45: 12 | R45: 6 | S45: 16 | T45: 4 | U45: 20 | V45: 19 | W45: 21 | X45: 14 | Y45: 10 | Z45: 3 | AA45: 12 | AB45: 14 | AC45: 22 | AD45: 6 | AE45: 8 | AF45: 15 | AG45: 9 | AH45: 13 | AI45: 15 | AJ45: 11 | AK45: 13 | AL45: 19 | AM45: 22 | AN45: 16 | AO45: 13 | AP45: 8 | AQ45: 25 | AR45: 15 | AS45: 13 | AT45: 10 | AU45: 5 | AV45: 13 | AW45: =SUM(E45:AV45) -> 578
B46: 2. | C46: Ir. H. AA LA NYALLA MAHMUD MATTALITI, M.HP. | E46: 36 | F46: 41 | G46: 41 | H46: 47 | I46: 34 | J46: 38 | K46: 43 | L46: 41 | M46: 59 | N46: 42 | O46: 30 | P46: 48 | Q46: 36 | R46: 41 | S46: 27 | T46: 22 | U46: 27 | V46: 34 | W46: 32 | X46: 27 | Y46: 25 | Z46: 25 | AA46: 25 | AB46: 33 | AC46: 23 | AD46: 39 | AE46: 27 | AF46: 20 | AG46: 40 | AH46: 34 | AI46: 28 | AJ46: 37 | AK46: 35 | AL46: 43 | AM46: 36 | AN46: 34 | AO46: 30 | AP46: 36 | AQ46: 19 | AR46: 32 | AS46: 25 | AT46: 37 | AU46: 28 | AV46: 37 | AW46: =SUM(E46:AV46) -> 1494
B47: 3. | C47: ABDUL QADIR AMIR HARTONO, S.E., S.H., M.H. | E47: 17 | F47: 10 | G47: 14 | H47: 15 | I47: 8 | J47: 12 | K47: 6 | L47: 13 | M47: 11 | N47: 10 | O47: 5 | P47: 13 | Q47: 6 | R47: 19 | S47: 15 | T47: 16 | U47: 10 | V47: 7 | W47: 19 | X47: 13 | Y47: 9 | Z47: 7 | AA47: 11 | AB47: 7 | AC47: 14 | AD47: 6 | AE47: 14 | AF47: 12 | AG47: 9 | AH47: 10 | AI47: 14 | AJ47: 12 | AK47: 8 | AL47: 16 | AM47: 11 | AN47: 11 | AO47: 30 | AP47: 14 | AQ47: 16 | AR47: 12 | AS47: 7 | AT47: 16 | AU47: 7 | AV47: 9 | AW47: =SUM(E47:AV47) -> 521
B48: 4. | C48: ADILLA AZIS, S.E. | E48: 23 | F48: 21 | G48: 20 | H48: 25 | I48: 18 | J48: 18 | K48: 16 | L48: 20 | M48: 18 | N48: 14 | O48: 20 | P48: 18 | Q48: 23 | R48: 22 | S48: 26 | T48: 20 | U48: 32 | V48: 22 | W48: 18 | X48: 21 | Y48: 13 | Z48: 21 | AA48: 18 | AB48: 16 | AC48: 16 | AD48: 19 | AE48: 20 | AF48: 25 | AG48: 19 | AH48: 24 | AI48: 20 | AJ48: 26 | AK48: 17 | AL48: 18 | AM48: 26 | AN48: 24 | AO48: 19 | AP48: 15 | AQ48: 18 | AR48: 19 | AS48: 27 | AT48: 17 | AU48: 16 | AV48: 32 | AW48: =SUM(E48:AV48) -> 900
B49: 5. | C49: Ir. H. AGUS RAHARDJO, MSc.M. | E49: 13 | F49: 19 | G49: 19 | H49: 25 | I49: 10 | J49: 14 | K49: 34 | L49: 14 | M49: 7 | N49: 12 | O49: 15 | P49: 20 | Q49: 11 | R49: 20 | S49: 17 | T49: 25 | U49: 19 | V49: 21 | W49: 17 | X49: 12 | Y49: 25 | Z49: 30 | AA49: 13 | AB49: 17 | AC49: 17 | AD49: 23 | AE49: 9 | AF49: 16 | AG49: 13 | AH49: 24 | AI49: 13 | AJ49: 24 | AK49: 11 | AL49: 17 | AM49: 17 | AN49: 20 | AO49: 21 | AP49: 10 | AQ49: 21 | AR49: 17 | AS49: 15 | AT49: 8 | AU49: 16 | AV49: 21 | AW49: =SUM(E49:AV49) -> 762
B50: 6. | C50: Drs. AYUB KHAN | E50: 13 | F50: 6 | G50: 12 | H50: 13 | I50: 13 | J50: 9 | K50: 13 | L50: 13 | M50: 13 | N50: 6 | O50: 9 | P50: 3 | Q50: 7 | R50: 12 | S50: 12 | T50: 8 | U50: 15 | V50: 24 | W50: 14 | X50: 12 | Y50: 14 | Z50: 13 | AA50: 11 | AB50: 19 | AC50: 19 | AD50: 8 | AE50: 9 | AF50: 14 | AG50: 9 | AH50: 10 | AI50: 6 | AJ50: 9 | AK50: 5 | AL50: 20 | AM50: 11 | AN50: 9 | AO50: 23 | AP50: 12 | AQ50: 19 | AR50: 11 | AS50: 10 | AT50: 5 | AU50: 4 | AV50: 11 | AW50: =SUM(E50:AV50) -> 508
B51: 7. | C51: BAMBANG HARIANTO | E51: 3 | F51: 2 | G51: 1 | H51: 1 | I51: 3 | J51: 1 | K51: 3 | L51: 3 | M51: 1 | N51: 5 | O51: 5 | P51: 4 | Q51: 4 | R51: 3 | S51: 1 | T51: 2 | U51: 1 | V51: 0 | W51: 2 | X51: 1 | Y51: 1 | Z51: 2 | AA51: 5 | AB51: 3 | AC51: 2 | AD51: 3 | AE51: 4 | AF51: 2 | AG51: 4 | AH51: 1 | AI51: 2 | AJ51: 4 | AK51: 1 | AL51: 2 | AM51: 0 | AN51: 3 | AO51: 7 | AP51: 6 | AQ51: 2 | AR51: 6 | AS51: 2 | AT51: 2 | AU51: 2 | AV51: 4 | AW51: =SUM(E51:AV51) -> 116
B52: 8. | C52: CATUR RUDI UTANTO, S.Sos. | E52: 3 | F52: 2 | G52: 6 | H52: 3 | I52: 4 | J52: 2 | K52: 1 | L52: 4 | M52: 3 | N52: 4 | O52: 2 | P52: 3 | Q52: 3 | R52: 2 | S52: 1 | T52: 1 | U52: 3 | V52: 2 | W52: 2 | X52: 2 | Y52: 4 | Z52: 5 | AA52: 3 | AB52: 9 | AC52: 3 | AD52: 6 | AE52: 4 | AF52: 1 | AG52: 1 | AH52: 2 | AI52: 2 | AJ52: 3 | AK52: 4 | AL52: 5 | AM52: 5 | AN52: 6 | AO52: 1 | AP52: 5 | AQ52: 4 | AR52: 1 | AS52: 3 | AT52: 7 | AU52: 5 | AV52: 4 | AW52: =SUM(E52:AV52) -> 146
B53: 9. | C53: DODDY DWI NUGROHO | E53: 1 | F53: 2 | G53: 3 | H53: 1 | I53: 0 | J53: 1 | K53: 1 | L53: 1 | M53: 1 | N53: 0 | O53: 2 | P53: 0 | Q53: 0 | R53: 1 | S53: 0 | T53: 1 | U53: 2 | V53: 0 | W53: 0 | X53: 1 | Y53: 1 | Z53: 3 | AA53: 2 | AB53: 1 | AC53: 1 | AD53: 1 | AE53: 1 | AF53: 0 | AG53: 1 | AH53: 2 | AI53: 0 | AJ53: 1 | AK53: 0 | AL53: 1 | AM53: 0 | AN53: 1 | AO53: 1 | AP53: 2 | AQ53: 1 | AR53: 0 | AS53: 1 | AT53: 1 | AU53: 1 | AV53: 0 | AW53: =SUM(E53:AV53) -> 41
B54: 10. | C54: KONDANG KUSUMANING AYU | E54: 24 | F54: 36 | G54: 26 | H54: 28 | I54: 17 | J54: 24 | K54: 19 | L54: 31 | M54: 22 | N54: 34 | O54: 37 | P54: 26 | Q54: 38 | R54: 29 | S54: 37 | T54: 32 | U54: 36 | V54: 20 | W54: 26 | X54: 20 | Y54: 23 | Z54: 24 | AA54: 26 | AB54: 25 | AC54: 28 | AD54: 33 | AE54: 25 | AF54: 36 | AG54: 32 | AH54: 25 | AI54: 16 | AJ54: 23 | AK54: 42 | AL54: 23 | AM54: 19 | AN54: 27 | AO54: 25 | AP54: 35 | AQ54: 39 | AR54: 25 | AS54: 37 | AT54: 26 | AU54: 33 | AV54: 32 | AW54: =SUM(E54:AV54) -> 1241
B55: 11. | C55: KUNJUNG WAHYUDI | E55: 0 | F55: 0 | G55: 1 | H55: 2 | I55: 0 | J55: 1 | K55: 3 | L55: 0 | M55: 1 | N55: 1 | O55: 2 | P55: 0 | Q55: 1 | R55: 1 | S55: 0 | T55: 2 | U55: 3 | V55: 2 | W55: 0 | X55: 1 | Y55: 2 | Z55: 0 | AA55: 1 | AB55: 0 | AC55: 1 | AD55: 1 | AE55: 4 | AF55: 0 | AG55: 1 | AH55: 1 | AI55: 0 | AJ55: 1 | AK55: 0 | AL55: 3 | AM55: 0 | AN55: 5 | AO55: 3 | AP55: 4 | AQ55: 1 | AR55: 2 | AS55: 0 | AT55: 0 | AU55: 0 | AV55: 0 | AW55: =SUM(E55:AV55) -> 51
B56: 12. | C56: Dr. LIA ISTIFHAMA | E56: 26 | F56: 34 | G56: 28 | H56: 16 | I56: 16 | J56: 20 | K56: 14 | L56: 24 | M56: 18 | N56: 25 | O56: 18 | P56: 13 | Q56: 17 | R56: 34 | S56: 21 | T56: 15 | U56: 33 | V56: 46 | W56: 28 | X56: 12 | Y56: 17 | Z56: 18 | AA56: 21 | AB56: 17 | AC56: 28 | AD56: 18 | AE56: 17 | AF56: 13 | AG56: 24 | AH56: 28 | AI56: 27 | AJ56: 10 | AK56: 16 | AL56: 26 | AM56: 17 | AN56: 34 | AO56: 26 | AP56: 17 | AQ56: 43 | AR56: 22 | AS56: 20 | AT56: 18 | AU56: 35 | AV56: 22 | AW56: =SUM(E56:AV56) -> 992
B57: 13. | C57: MOHAMMAD TRIJANTO, S.H., M.M., M.H. | E57: 2 | F57: 4 | G57: 2 | H57: 1 | I57: 1 | J57: 3 | K57: 1 | L57: 1 | M57: 0 | N57: 2 | O57: 6 | P57: 3 | Q57: 3 | R57: 2 | S57: 2 | T57: 2 | U57: 0 | V57: 4 | W57: 1 | X57: 3 | Y57: 4 | Z57: 3 | AA57: 1 | AB57: 3 | AC57: 1 | AD57: 0 | AE57: 3 | AF57: 2 | AG57: 4 | AH57: 1 | AI57: 1 | AJ57: 2 | AK57: 3 | AL57: 1 | AM57: 0 | AN57: 4 | AO57: 4 | AP57: 1 | AQ57: 1 | AR57: 5 | AS57: 2 | AT57: 1 | AU57: 0 | AV57: 1 | AW57: =SUM(E57:AV57) -> 91
A59: V | B59: DATA SUARA SAH DAN TIDAK SAH
B60: A. | C60: JUMLAH SELURUH SUARA SAH | E60: =SUM(E45:E57) -> 171 | F60: =SUM(F45:F57) -> 189 | G60: =SUM(G45:G57) -> 187 | H60: =SUM(H45:H57) -> 187 | I60: =SUM(I45:I57) -> 153 | J60: =SUM(J45:J57) -> 169 | K60: =SUM(K45:K57) -> 161 | L60: =SUM(L45:L57) -> 175 | ... AV60: =SUM(AV45:AV57) -> 186 | AW60: =SUM(E60:AV60) -> 7441
B61: B. | C61: JUMLAH SUARA TIDAK SAH | E61: 21 | F61: 27 | G61: 26 | H61: 21 | I61: 45 | J61: 46 | K61: 39 | L61: 39 | M61: 32 | N61: 38 | O61: 43 | P61: 46 | Q61: 45 | R61: 48 | S61: 31 | T61: 40 | U61: 31 | V61: 27 | W61: 37 | X61: 75 | Y61: 35 | Z61: 54 | AA61: 37 | AB61: 38 | AC61: 45 | AD61: 33 | AE61: 60 | AF61: 55 | AG61: 39 | AH61: 45 | AI61: 22 | AJ61: 29 | AK61: 36 | AL61: 30 | AM61: 47 | AN61: 19 | AO61: 29 | AP61: 58 | AQ61: 16 | AR61: 43 | AS61: 38 | AT61: 67 | AU61: 55 | AV61: 46 | AW61: =SUM(E61:AV61) -> 1733
B62: C. | C62: JUMLAH SELURUH SUARA SAH DAN SUARA TIDAK SAH (V.A + V.B) | E62: =SUM(E60:E61) -> 192 | F62: =SUM(F60:F61) -> 216 | G62: =SUM(G60:G61) -> 213 | H62: =SUM(H60:H61) -> 208 | I62: =SUM(I60:I61) -> 198 | J62: =SUM(J60:J61) -> 215 | K62: =SUM(K60:K61) -> 200 | L62: =SUM(L60:L61) -> 214 | ... AV62: =SUM(AV60:AV61) -> 232 | AW62: =SUM(E62:AV62) -> 9174

Sheet SUMBERSARI
C2: Kecamatan | D2: SRONO
C3: Kabupaten | D3: BANYUWANGI
C4: Provinsi | D4: JAWA TIMUR
C9: Kelurahan | D9: SUMBERSARI
A12: I | B12: DATA PEMILIH DAN PENGGUNAAN HAK PILIH | AH12: JUMLAH AKHIR
A13: A | B13: DATA PEMILIH | E13: TPS 001 | F13: TPS 002 | G13: TPS 003 | H13: TPS 004 | I13: TPS 005 | J13: TPS 006 | K13: TPS 007 | L13: TPS 008 | M13: TPS 009 | N13: TPS 010 | O13: TPS 011 | P13: TPS 012 | Q13: TPS 013 | R13: TPS 014 | S13: TPS 015 | T13: TPS 016 | U13: TPS 017 | V13: TPS 018 | W13: TPS 019 | X13: TPS 020 | Y13: TPS 021 | Z13: TPS 022 | AA13: TPS 023 | AB13: TPS 024 | AC13: TPS 025 | AD13: TPS 026 | AE13: TPS 027 | AF13: TPS 028 | AG13: TPS 029
B14: Jumlah Pemilih dalam Daftar Pemilih Tetap (DPT) | D14: LK | E14: 147 | F14: 147 | G14: 148 | H14: 148 | I14: 133 | J14: 145 | K14: 143 | L14: 127 | M14: 135 | N14: 137 | O14: 145 | P14: 148 | Q14: 151 | R14: 147 | S14: 151 | T14: 141 | U14: 129 | V14: 143 | W14: 141 | X14: 134 | Y14: 144 | Z14: 147 | AA14: 131 | AB14: 140 | AC14: 146 | AD14: 137 | AE14: 137 | AF14: 117 | AG14: 71 | AH14: =SUM(E14:AG14) -> 4010
D15: PR | E15: 132 | F15: 131 | G15: 143 | H15: 148 | I15: 146 | J15: 137 | K15: 138 | L15: 130 | M15: 149 | N15: 137 | O15: 153 | P15: 149 | Q15: 139 | R15: 150 | S15: 139 | T15: 152 | U15: 145 | V15: 127 | W15: 132 | X15: 139 | Y15: 148 | Z15: 135 | AA15: 141 | AB15: 136 | AC15: 140 | AD15: 133 | AE15: 139 | AF15: 94 | AG15: 75 | AH15: =SUM(E15:AG15) -> 3957
D16: JML | E16: =SUM(E14:E15) -> 279 | F16: =SUM(F14:F15) -> 278 | G16: =SUM(G14:G15) -> 291 | H16: =SUM(H14:H15) -> 296 | I16: =SUM(I14:I15) -> 279 | J16: =SUM(J14:J15) -> 282 | K16: =SUM(K14:K15) -> 281 | L16: =SUM(L14:L15) -> 257 | ... AG16: =SUM(AG14:AG15) -> 146 | AH16: =SUM(E16:AG16) -> 7967
A18: B | B18: PENGGUNA HAK PILIH
B19: 1. | C19: Jumlah pengguna hak pilih dalam Daftar Pemilih Tetap (DPT) | D19: LK | E19: 115 | F19: 109 | G19: 124 | H19: 112 | I19: 102 | J19: 101 | K19: 107 | L19: 87 | M19: 104 | N19: 101 | O19: 104 | P19: 95 | Q19: 95 | R19: 113 | S19: 103 | T19: 107 | U19: 94 | V19: 110 | W19: 113 | X19: 102 | Y19: 107 | Z19: 108 | AA19: 96 | AB19: 104 | AC19: 113 | AD19: 101 | AE19: 102 | AF19: 88 | AG19: 53 | AH19: =SUM(E19:AG19) -> 2970
D20: PR | E20: 109 | F20: 104 | G20: 120 | H20: 123 | I20: 116 | J20: 106 | K20: 109 | L20: 106 | M20: 121 | N20: 108 | O20: 122 | P20: 122 | Q20: 106 | R20: 130 | S20: 106 | T20: 117 | U20: 122 | V20: 108 | W20: 111 | X20: 112 | Y20: 124 | Z20: 102 | AA20: 104 | AB20: 113 | AC20: 115 | AD20: 105 | AE20: 117 | AF20: 71 | AG20: 60 | AH20: =SUM(E20:AG20) -> 3189
D21: JML | E21: =SUM(E19:E20) -> 224 | F21: =SUM(F19:F20) -> 213 | G21: =SUM(G19:G20) -> 244 | H21: =SUM(H19:H20) -> 235 | I21: =SUM(I19:I20) -> 218 | J21: =SUM(J19:J20) -> 207 | K21: =SUM(K19:K20) -> 216 | L21: =SUM(L19:L20) -> 193 | ... AG21: =SUM(AG19:AG20) -> 113 | AH21: =SUM(E21:AG21) -> 6159
B22: 2. | C22: Jumlah pengguna hak pilih dalam Daftar Pemilih Tambahan (DPTb) | D22: LK | E22: 0 | F22: 0 | G22: 0 | H22: 0 | I22: 0 | J22: 0 | K22: 0 | L22: 0 | M22: 0 | N22: 0 | O22: 0 | P22: 0 | Q22: 0 | R22: 0 | S22: 0 | T22: 0 | U22: 0 | V22: 0 | W22: 0 | X22: 0 | Y22: 0 | Z22: 1 | AA22: 0 | AB22: 0 | AC22: 0 | AD22: 0 | AE22: 0 | AF22: 0 | AG22: 0 | AH22: =SUM(E22:AG22) -> 1
D23: PR | E23: 0 | F23: 0 | G23: 0 | H23: 0 | I23: 0 | J23: 0 | K23: 0 | L23: 0 | M23: 0 | N23: 0 | O23: 1 | P23: 0 | Q23: 3 | R23: 0 | S23: 0 | T23: 0 | U23: 0 | V23: 0 | W23: 0 | X23: 0 | Y23: 0 | Z23: 0 | AA23: 0 | AB23: 0 | AC23: 0 | AD23: 0 | AE23: 0 | AF23: 0 | AG23: 0 | AH23: =SUM(E23:AG23) -> 4
D24: JML | E24: =SUM(E22:E23) -> 0 | F24: =SUM(F22:F23) -> 0 | G24: =SUM(G22:G23) -> 0 | H24: =SUM(H22:H23) -> 0 | I24: =SUM(I22:I23) -> 0 | J24: =SUM(J22:J23) -> 0 | K24: =SUM(K22:K23) -> 0 | L24: =SUM(L22:L23) -> 0 | ... AG24: =SUM(AG22:AG23) -> 0 | AH24: =SUM(E24:AG24) -> 5
B25: 3. | C25: Jumlah pengguna hak pilih dalam Daftar Pemilih Khusus (DPK) | D25: LK | E25: 1 | F25: 1 | G25: 0 | H25: 5 | I25: 0 | J25: 5 | K25: 1 | L25: 2 | M25: 0 | N25: 1 | O25: 0 | P25: 0 | Q25: 1 | R25: 0 | S25: 1 | T25: 5 | U25: 6 | V25: 1 | W25: 0 | X25: 2 | Y25: 0 | Z25: 1 | AA25: 1 | AB25: 2 | AC25: 0 | AD25: 2 | AE25: 2 | AF25: 2 | AG25: 0 | AH25: =SUM(E25:AG25) -> 42
D26: PR | E26: 4 | F26: 1 | G26: 3 | H26: 1 | I26: 1 | J26: 2 | K26: 0 | L26: 1 | M26: 3 | N26: 2 | O26: 0 | P26: 0 | Q26: 8 | R26: 0 | S26: 5 | T26: 7 | U26: 2 | V26: 5 | W26: 2 | X26: 5 | Y26: 0 | Z26: 3 | AA26: 5 | AB26: 3 | AC26: 0 | AD26: 4 | AE26: 3 | AF26: 1 | AG26: 0 | AH26: =SUM(E26:AG26) -> 71
D27: JML | E27: =SUM(E25:E26) -> 5 | F27: =SUM(F25:F26) -> 2 | G27: =SUM(G25:G26) -> 3 | H27: =SUM(H25:H26) -> 6 | I27: =SUM(I25:I26) -> 1 | J27: =SUM(J25:J26) -> 7 | K27: =SUM(K25:K26) -> 1 | L27: =SUM(L25:L26) -> 3 | ... AG27: =SUM(AG25:AG26) -> 0 | AH27: =SUM(E27:AG27) -> 113
B28: 4. | C28: Jumlah Pengguna Hak Pilih (B.1+B.2+B.3) | D28: LK | E28: =SUM(E19,E22,E25) -> 116 | F28: =SUM(F19,F22,F25) -> 110 | G28: =SUM(G19,G22,G25) -> 124 | H28: =SUM(H19,H22,H25) -> 117 | I28: =SUM(I19,I22,I25) -> 102 | J28: =SUM(J19,J22,J25) -> 106 | K28: =SUM(K19,K22,K25) -> 108 | L28: =SUM(L19,L22,L25) -> 89 | ... AG28: =SUM(AG19,AG22,AG25) -> 53 | AH28: =SUM(E28:AG28) -> 3013
D29: PR | E29: =SUM(E20,E23,E26) -> 113 | F29: =SUM(F20,F23,F26) -> 105 | G29: =SUM(G20,G23,G26) -> 123 | H29: =SUM(H20,H23,H26) -> 124 | I29: =SUM(I20,I23,I26) -> 117 | J29: =SUM(J20,J23,J26) -> 108 | K29: =SUM(K20,K23,K26) -> 109 | L29: =SUM(L20,L23,L26) -> 107 | ... V29: =SUM(V20,V23,V26) -> 113 | W29: 113 | X29: 117 | Y29: 124 | Z29: 105 | AA29: 109 | AB29: 116 | AC29: 115 | AD29: 109 | AE29: 120 | AF29: 72 | AG29: 60 | AH29: =SUM(E29:AG29) -> 3264
D30: JML | E30: =SUM(E28:E29) -> 229 | F30: =SUM(F28:F29) -> 215 | G30: =SUM(G28:G29) -> 247 | H30: =SUM(H28:H29) -> 241 | I30: =SUM(I28:I29) -> 219 | J30: =SUM(J28:J29) -> 214 | K30: =SUM(K28:K29) -> 217 | L30: =SUM(L28:L29) -> 196 | ... AG30: =SUM(AG28:AG29) -> 113 | AH30: =SUM(E30:AG30) -> 6277
A32: II | B32: DATA PENGGUNAAN SURAT SUARA
A33: 1 | B33: Jumlah surat suara yang diterima, termasuk surat suara cadangan 2,5% dari DPT | E33: 285 | F33: 284 | G33: 297 | H33: 303 | I33: 285 | J33: 288 | K33: 288 | L33: 263 | M33: 290 | N33: 280 | O33: 304 | P33: 303 | Q33: 296 | R33: 293 | S33: 286 | T33: 299 | U33: 280 | V33: 276 | W33: 279 | X33: 279 | Y33: 298 | Z33: 288 | AA33: 278 | AB33: 282 | AC33: 292 | AD33: 276 | AE33: 282 | AF33: 216 | AG33: 139 | AH33: =SUM(E33:AG33) -> 8109
A34: 2 | B34: Jumlah surat suara yang digunakan | E34: 229 | F34: 215 | G34: 247 | H34: 241 | I34: 219 | J34: 214 | K34: 217 | L34: 196 | M34: 228 | N34: 212 | O34: 227 | P34: 217 | Q34: 212 | R34: 244 | S34: 215 | T34: 236 | U34: 224 | V34: 224 | W34: 226 | X34: 221 | Y34: 231 | Z34: 215 | AA34: 206 | AB34: 222 | AC34: 228 | AD34: 212 | AE34: 224 | AF34: 162 | AG34: 113 | AH34: =SUM(E34:AG34) -> 6277
A35: 3 | B35: Jumlah surat suara dikembalikan oleh pemilih (karena rusak atau keliru coblos) | E35: 0 | F35: 1 | G35: 1 | H35: 1 | I35: 0 | J35: 0 | K35: 0 | L35: 0 | M35: 0 | N35: 0 | O35: 0 | P35: 0 | Q35: 0 | R35: 0 | S35: 1 | T35: 0 | U35: 1 | V35: 0 | W35: 0 | X35: 0 | Y35: 0 | Z35: 0 | AA35: 0 | AB35: 0 | AC35: 0 | AD35: 0 | AE35: 0 | AF35: 0 | AG35: 0 | AH35: =SUM(E35:AG35) -> 5
A36: 4 | B36: Jumlah surat suara yang tidak digunakan/tidak terpakai, termasuk sisa surat suara cadangan | E36: =E33-(E34+E35) -> 56 | F36: =F33-(F34+F35) -> 68 | G36: =G33-(G34+G35) -> 49 | H36: =H33-(H34+H35) -> 61 | I36: =I33-(I34+I35) -> 66 | J36: =J33-(J34+J35) -> 74 | K36: =K33-(K34+K35) -> 71 | L36: =L33-(L34+L35) -> 67 | ... AG36: =AG33-(AG34+AG35) -> 26 | AH36: =SUM(E36:AG36) -> 1827
A38: III | B38: DATA PEMILIH DISABILITAS
B39: Jumlah seluruh Pemilih disabilitas yang menggunakan hak pilih | D39: LK | E39: 0 | F39: 1 | G39: 0 | H39: 1 | I39: 0 | J39: 0 | K39: 0 | L39: 0 | M39: 1 | N39: 0 | O39: 0 | P39: 0 | Q39: 0 | R39: 0 | S39: 0 | T39: 0 | U39: 0 | V39: 0 | W39: 0 | X39: 0 | Y39: 4 | Z39: 0 | AA39: 0 | AB39: 0 | AC39: 0 | AD39: 0 | AE39: 0 | AF39: 0 | AG39: 0 | AH39: =SUM(E39:AG39) -> 7
D40: PR | E40: 0 | F40: 0 | G40: 0 | H40: 0 | I40: 0 | J40: 0 | K40: 0 | L40: 0 | M40: 0 | N40: 0 | O40: 0 | P40: 0 | Q40: 0 | R40: 0 | S40: 0 | T40: 0 | U40: 0 | V40: 0 | W40: 0 | X40: 0 | Y40: 0 | Z40: 0 | AA40: 0 | AB40: 0 | AC40: 0 | AD40: 0 | AE40: 0 | AF40: 0 | AG40: 0 | AH40: =SUM(E40:AG40) -> 0
D41: JML | E41: =SUM(E39:E40) -> 0 | F41: =SUM(F39:F40) -> 1 | G41: =SUM(G39:G40) -> 0 | H41: =SUM(H39:H40) -> 1 | I41: =SUM(I39:I40) -> 0 | J41: =SUM(J39:J40) -> 0 | K41: =SUM(K39:K40) -> 0 | L41: =SUM(L39:L40) -> 0 | ... AG41: =SUM(AG39:AG40) -> 0 | AH41: =SUM(E41:AG41) -> 7
A43: IV | B43: DATA RINCIAN PEROLEHAN SUARA PASANGAN CALON BUPATI DAN WAKIL BUPATI
A44: NOMOR DAN NAMA CALON
B45: 1. | C45: AA. AHMAD NAWARDI | E45: 10 | F45: 22 | G45: 28 | H45: 10 | I45: 16 | J45: 16 | K45: 20 | L45: 9 | M45: 15 | N45: 21 | O45: 17 | P45: 25 | Q45: 20 | R45: 27 | S45: 15 | T45: 13 | U45: 13 | V45: 23 | W45: 8 | X45: 17 | Y45: 23 | Z45: 17 | AA45: 15 | AB45: 16 | AC45: 8 | AD45: 10 | AE45: 10 | AF45: 26 | AG45: 7 | AH45: =SUM(E45:AG45) -> 477
B46: 2. | C46: Ir. H. AA LA NYALLA MAHMUD MATTALITI, M.HP. | E46: 45 | F46: 33 | G46: 32 | H46: 39 | I46: 33 | J46: 29 | K46: 38 | L46: 18 | M46: 28 | N46: 21 | O46: 26 | P46: 33 | Q46: 33 | R46: 43 | S46: 25 | T46: 24 | U46: 20 | V46: 22 | W46: 24 | X46: 19 | Y46: 26 | Z46: 25 | AA46: 19 | AB46: 19 | AC46: 36 | AD46: 31 | AE46: 18 | AF46: 29 | AG46: 10 | AH46: =SUM(E46:AG46) -> 798
B47: 3. | C47: ABDUL QADIR AMIR HARTONO, S.E., S.H., M.H. | E47: 10 | F47: 15 | G47: 20 | H47: 10 | I47: 16 | J47: 5 | K47: 10 | L47: 10 | M47: 28 | N47: 6 | O47: 8 | P47: 19 | Q47: 12 | R47: 11 | S47: 17 | T47: 12 | U47: 15 | V47: 13 | W47: 15 | X47: 14 | Y47: 12 | Z47: 14 | AA47: 9 | AB47: 14 | AC47: 12 | AD47: 13 | AE47: 10 | AF47: 8 | AG47: 6 | AH47: =SUM(E47:AG47) -> 364
B48: 4. | C48: ADILLA AZIS, S.E. | E48: 39 | F48: 38 | G48: 28 | H48: 36 | I48: 26 | J48: 32 | K48: 27 | L48: 18 | M48: 30 | N48: 28 | O48: 22 | P48: 24 | Q48: 15 | R48: 22 | S48: 24 | T48: 27 | U48: 36 | V48: 16 | W48: 22 | X48: 28 | Y48: 34 | Z48: 22 | AA48: 26 | AB48: 29 | AC48: 24 | AD48: 26 | AE48: 34 | AF48: 28 | AG48: 11 | AH48: =SUM(E48:AG48) -> 772
B49: 5. | C49: Ir. H. AGUS RAHARDJO, MSc.M. | E49: 19 | F49: 22 | G49: 19 | H49: 17 | I49: 15 | J49: 18 | K49: 18 | L49: 19 | M49: 16 | N49: 23 | O49: 24 | P49: 14 | Q49: 21 | R49: 29 | S49: 45 | T49: 18 | U49: 22 | V49: 18 | W49: 9 | X49: 50 | Y49: 26 | Z49: 21 | AA49: 10 | AB49: 27 | AC49: 23 | AD49: 16 | AE49: 19 | AF49: 15 | AG49: 5 | AH49: =SUM(E49:AG49) -> 598
B50: 6. | C50: Drs. AYUB KHAN | E50: 12 | F50: 11 | G50: 7 | H50: 9 | I50: 7 | J50: 8 | K50: 9 | L50: 13 | M50: 11 | N50: 9 | O50: 6 | P50: 13 | Q50: 16 | R50: 8 | S50: 7 | T50: 9 | U50: 13 | V50: 15 | W50: 7 | X50: 12 | Y50: 15 | Z50: 13 | AA50: 11 | AB50: 12 | AC50: 16 | AD50: 23 | AE50: 11 | AF50: 7 | AG50: 3 | AH50: =SUM(E50:AG50) -> 313
B51: 7. | C51: BAMBANG HARIANTO | E51: 1 | F51: 0 | G51: 2 | H51: 4 | I51: 2 | J51: 3 | K51: 3 | L51: 0 | M51: 7 | N51: 1 | O51: 10 | P51: 3 | Q51: 3 | R51: 2 | S51: 1 | T51: 4 | U51: 1 | V51: 5 | W51: 6 | X51: 4 | Y51: 1 | Z51: 3 | AA51: 1 | AB51: 1 | AC51: 3 | AD51: 2 | AE51: 3 | AF51: 0 | AG51: 2 | AH51: =SUM(E51:AG51) -> 78
B52: 8. | C52: CATUR RUDI UTANTO, S.Sos. | E52: 2 | F52: 2 | G52: 2 | H52: 3 | I52: 3 | J52: 4 | K52: 3 | L52: 0 | M52: 7 | N52: 1 | O52: 10 | P52: 3 | Q52: 2 | R52: 7 | S52: 11 | T52: 4 | U52: 3 | V52: 3 | W52: 2 | X52: 3 | Y52: 0 | Z52: 4 | AA52: 1 | AB52: 2 | AC52: 3 | AD52: 0 | AE52: 1 | AF52: 7 | AG52: 4 | AH52: =SUM(E52:AG52) -> 97
B53: 9. | C53: DODDY DWI NUGROHO | E53: 1 | F53: 1 | G53: 0 | H53: 2 | I53: 1 | J53: 1 | K53: 1 | L53: 0 | M53: 0 | N53: 0 | O53: 5 | P53: 0 | Q53: 0 | R53: 1 | S53: 1 | T53: 2 | U53: 3 | V53: 1 | W53: 0 | X53: 0 | Y53: 2 | Z53: 0 | AA53: 1 | AB53: 3 | AC53: 1 | AD53: 0 | AE53: 2 | AF53: 0 | AG53: 1 | AH53: =SUM(E53:AG53) -> 30
B54: 10. | C54: KONDANG KUSUMANING AYU | E54: 23 | F54: 15 | G54: 31 | H54: 41 | I54: 28 | J54: 18 | K54: 24 | L54: 33 | M54: 27 | N54: 32 | O54: 23 | P54: 20 | Q54: 17 | R54: 16 | S54: 13 | T54: 29 | U54: 24 | V54: 21 | W54: 24 | X54: 14 | Y54: 16 | Z54: 27 | AA54: 28 | AB54: 31 | AC54: 37 | AD54: 20 | AE54: 33 | AF54: 20 | AG54: 19 | AH54: =SUM(E54:AG54) -> 704
B55: 11. | C55: KUNJUNG WAHYUDI | E55: 2 | F55: 1 | G55: 0 | H55: 3 | I55: 1 | J55: 1 | K55: 3 | L55: 0 | M55: 3 | N55: 0 | O55: 0 | P55: 0 | Q55: 2 | R55: 1 | S55: 0 | T55: 0 | U55: 1 | V55: 0 | W55: 3 | X55: 0 | Y55: 4 | Z55: 0 | AA55: 1 | AB55: 0 | AC55: 1 | AD55: 0 | AE55: 2 | AF55: 1 | AG55: 3 | AH55: =SUM(E55:AG55) -> 33
B56: 12. | C56: Dr. LIA ISTIFHAMA | E56: 30 | F56: 34 | G56: 37 | H56: 35 | I56: 19 | J56: 32 | K56: 18 | L56: 29 | M56: 35 | N56: 33 | O56: 39 | P56: 29 | Q56: 21 | R56: 32 | S56: 20 | T56: 49 | U56: 24 | V56: 38 | W56: 28 | X56: 15 | Y56: 30 | Z56: 34 | AA56: 26 | AB56: 25 | AC56: 38 | AD56: 37 | AE56: 33 | AF56: 16 | AG56: 18 | AH56: =SUM(E56:AG56) -> 854
B57: 13. | C57: MOHAMMAD TRIJANTO, S.H., M.M., M.H. | E57: 5 | F57: 1 | G57: 3 | H57: 3 | I57: 1 | J57: 3 | K57: 3 | L57: 1 | M57: 2 | N57: 2 | O57: 0 | P57: 1 | Q57: 2 | R57: 2 | S57: 1 | T57: 6 | U57: 2 | V57: 5 | W57: 5 | X57: 2 | Y57: 1 | Z57: 4 | AA57: 3 | AB57: 1 | AC57: 4 | AD57: 1 | AE57: 1 | AF57: 2 | AG57: 2 | AH57: =SUM(E57:AG57) -> 69
A59: V | B59: DATA SUARA SAH DAN TIDAK SAH
B60: A. | C60: JUMLAH SELURUH SUARA SAH | E60: =SUM(E45:E57) -> 199 | F60: =SUM(F45:F57) -> 195 | G60: =SUM(G45:G57) -> 209 | H60: =SUM(H45:H57) -> 212 | I60: =SUM(I45:I57) -> 168 | J60: =SUM(J45:J57) -> 170 | K60: =SUM(K45:K57) -> 177 | L60: =SUM(L45:L57) -> 150 | ... AG60: =SUM(AG45:AG57) -> 91 | AH60: =SUM(E60:AG60) -> 5187
B61: B. | C61: JUMLAH SUARA TIDAK SAH | E61: 30 | F61: 20 | G61: 38 | H61: 29 | I61: 51 | J61: 44 | K61: 40 | L61: 43 | M61: 24 | N61: 36 | O61: 43 | P61: 33 | Q61: 48 | R61: 40 | S61: 29 | T61: 39 | U61: 47 | V61: 44 | W61: 73 | X61: 43 | Y61: 41 | Z61: 31 | AA61: 55 | AB61: 42 | AC61: 22 | AD61: 33 | AE61: 46 | AF61: 4 | AG61: 22 | AH61: =SUM(E61:AG61) -> 1090
B62: C. | C62: JUMLAH SELURUH SUARA SAH DAN SUARA TIDAK SAH (V.A + V.B) | E62: =SUM(E60:E61) -> 229 | F62: =SUM(F60:F61) -> 215 | G62: =SUM(G60:G61) -> 247 | H62: =SUM(H60:H61) -> 241 | I62: =SUM(I60:I61) -> 219 | J62: =SUM(J60:J61) -> 214 | K62: =SUM(K60:K61) -> 217 | L62: =SUM(L60:L61) -> 193 | ... AG62: =SUM(AG60:AG61) -> 113 | AH62: =SUM(E62:AG62) -> 6277

Sheet PARIJATAH WETAN
C2: Kecamatan | D2: SRONO
C3: Kabupaten | D3: BANYUWANGI
C4: Provinsi | D4: JAWA TIMUR
C9: Kelurahan | D9: PARIJATAH WETAN
A12: I | B12: DATA PEMILIH DAN PENGGUNAAN HAK PILIH | AC12: JUMLAH AKHIR
A13: A | B13: DATA PEMILIH | E13: TPS 001 | F13: TPS 002 | G13: TPS 003 | H13: TPS 004 | I13: TPS 005 | J13: TPS 006 | K13: TPS 007 | L13: TPS 008 | M13: TPS 009 | N13: TPS 010 | O13: TPS 011 | P13: TPS 012 | Q13: TPS 013 | R13: TPS 014 | S13: TPS 015 | T13: TPS 016 | U13: TPS 017 | V13: TPS 018 | W13: TPS 019 | X13: TPS 020 | Y13: TPS 021 | Z13: TPS 022 | AA13: TPS 023 | AB13: TPS 024
B14: Jumlah Pemilih dalam Daftar Pemilih Tetap (DPT) | D14: LK | E14: 130 | F14: 147 | G14: 137 | H14: 136 | I14: 141 | J14: 133 | K14: 135 | L14: 142 | M14: 131 | N14: 137 | O14: 140 | P14: 140 | Q14: 134 | R14: 135 | S14: 130 | T14: 132 | U14: 137 | V14: 124 | W14: 139 | X14: 143 | Y14: 141 | Z14: 134 | AA14: 141 | AB14: 141 | AC14: =SUM(E14:AB14) -> 3280
D15: PR | E15: 142 | F15: 142 | G15: 147 | H15: 141 | I15: 134 | J15: 126 | K15: 139 | L15: 143 | M15: 146 | N15: 139 | O15: 137 | P15: 145 | Q15: 144 | R15: 141 | S15: 134 | T15: 138 | U15: 139 | V15: 126 | W15: 138 | X15: 146 | Y15: 135 | Z15: 138 | AA15: 141 | AB15: 134 | AC15: =SUM(E15:AB15) -> 3335
D16: JML | E16: =SUM(E14:E15) -> 272 | F16: =SUM(F14:F15) -> 289 | G16: =SUM(G14:G15) -> 284 | H16: =SUM(H14:H15) -> 277 | I16: =SUM(I14:I15) -> 275 | J16: =SUM(J14:J15) -> 259 | K16: =SUM(K14:K15) -> 274 | L16: =SUM(L14:L15) -> 285 | ... AB16: =SUM(AB14:AB15) -> 275 | AC16: =SUM(E16:AB16) -> 6615
A18: B | B18: PENGGUNA HAK PILIH
B19: 1. | C19: Jumlah pengguna hak pilih dalam Daftar Pemilih Tetap (DPT) | D19: LK | E19: 94 | F19: 114 | G19: 100 | H19: 100 | I19: 87 | J19: 92 | K19: 96 | L19: 101 | M19: 110 | N19: 110 | O19: 113 | P19: 111 | Q19: 101 | R19: 107 | S19: 99 | T19: 112 | U19: 102 | V19: 102 | W19: 110 | X19: 122 | Y19: 113 | Z19: 110 | AA19: 115 | AB19: 107 | AC19: =SUM(E19:AB19) -> 2528
D20: PR | E20: 109 | F20: 107 | G20: 114 | H20: 104 | I20: 97 | J20: 91 | K20: 106 | L20: 109 | M20: 118 | N20: 113 | O20: 121 | P20: 120 | Q20: 118 | R20: 103 | S20: 105 | T20: 114 | U20: 108 | V20: 108 | W20: 114 | X20: 132 | Y20: 108 | Z20: 117 | AA20: 117 | AB20: 108 | AC20: =SUM(E20:AB20) -> 2661
D21: JML | E21: =SUM(E19:E20) -> 203 | F21: =SUM(F19:F20) -> 221 | G21: =SUM(G19:G20) -> 214 | H21: =SUM(H19:H20) -> 204 | I21: =SUM(I19:I20) -> 184 | J21: =SUM(J19:J20) -> 183 | K21: =SUM(K19:K20) -> 202 | L21: =SUM(L19:L20) -> 210 | ... AB21: =SUM(AB19:AB20) -> 215 | AC21: =SUM(E21:AB21) -> 5189
B22: 2. | C22: Jumlah pengguna hak pilih dalam Daftar Pemilih Tambahan (DPTb) | D22: LK | E22: 0 | F22: 0 | G22: 0 | H22: 0 | I22: 0 | J22: 0 | K22: 0 | L22: 0 | M22: 1 | N22: 0 | O22: 1 | P22: 0 | Q22: 0 | R22: 0 | S22: 0 | T22: 0 | U22: 0 | V22: 0 | W22: 0 | X22: 0 | Y22: 0 | Z22: 0 | AA22: 0 | AB22: 0 | AC22: =SUM(E22:AB22) -> 2
D23: PR | E23: 0 | F23: 0 | G23: 0 | H23: 0 | I23: 0 | J23: 0 | K23: 0 | L23: 0 | M23: 0 | N23: 0 | O23: 0 | P23: 0 | Q23: 0 | R23: 0 | S23: 1 | T23: 0 | U23: 0 | V23: 0 | W23: 0 | X23: 0 | Y23: 0 | Z23: 0 | AA23: 0 | AB23: 0 | AC23: =SUM(E23:AB23) -> 1
D24: JML | E24: =SUM(E22:E23) -> 0 | F24: =SUM(F22:F23) -> 0 | G24: =SUM(G22:G23) -> 0 | H24: =SUM(H22:H23) -> 0 | I24: =SUM(I22:I23) -> 0 | J24: =SUM(J22:J23) -> 0 | K24: =SUM(K22:K23) -> 0 | L24: =SUM(L22:L23) -> 0 | ... AB24: =SUM(AB22:AB23) -> 0 | AC24: =SUM(E24:AB24) -> 3
B25: 3. | C25: Jumlah pengguna hak pilih dalam Daftar Pemilih Khusus (DPK) | D25: LK | E25: 4 | F25: 3 | G25: 4 | H25: 3 | I25: 2 | J25: 0 | K25: 2 | L25: 4 | M25: 4 | N25: 0 | O25: 0 | P25: 0 | Q25: 0 | R25: 2 | S25: 1 | T25: 0 | U25: 0 | V25: 0 | W25: 0 | X25: 0 | Y25: 0 | Z25: 0 | AA25: 0 | AB25: 0 | AC25: =SUM(E25:AB25) -> 29
D26: PR | E26: 1 | F26: 3 | G26: 4 | H26: 2 | I26: 1 | J26: 0 | K26: 5 | L26: 2 | M26: 1 | N26: 0 | O26: 0 | P26: 0 | Q26: 0 | R26: 1 | S26: 2 | T26: 0 | U26: 0 | V26: 0 | W26: 0 | X26: 0 | Y26: 0 | Z26: 0 | AA26: 0 | AB26: 0 | AC26: =SUM(E26:AB26) -> 22
D27: JML | E27: =SUM(E25:E26) -> 5 | F27: =SUM(F25:F26) -> 6 | G27: =SUM(G25:G26) -> 8 | H27: =SUM(H25:H26) -> 5 | I27: =SUM(I25:I26) -> 3 | J27: =SUM(J25:J26) -> 0 | K27: =SUM(K25:K26) -> 7 | L27: =SUM(L25:L26) -> 6 | ... AB27: =SUM(AB25:AB26) -> 0 | AC27: =SUM(E27:AB27) -> 51
B28: 4. | C28: Jumlah Pengguna Hak Pilih (B.1+B.2+B.3) | D28: LK | E28: =SUM(E19,E22,E25) -> 98 | F28: =SUM(F19,F22,F25) -> 117 | G28: =SUM(G19,G22,G25) -> 104 | H28: =SUM(H19,H22,H25) -> 103 | I28: =SUM(I19,I22,I25) -> 89 | J28: =SUM(J19,J22,J25) -> 92 | K28: =SUM(K19,K22,K25) -> 98 | L28: =SUM(L19,L22,L25) -> 105 | ... AB28: =SUM(AB19,AB22,AB25) -> 107 | AC28: =SUM(E28:AB28) -> 2559
D29: PR | E29: =SUM(E20,E23,E26) -> 110 | F29: =SUM(F20,F23,F26) -> 110 | G29: =SUM(G20,G23,G26) -> 118 | H29: =SUM(H20,H23,H26) -> 106 | I29: =SUM(I20,I23,I26) -> 98 | J29: =SUM(J20,J23,J26) -> 91 | K29: =SUM(K20,K23,K26) -> 111 | L29: =SUM(L20,L23,L26) -> 111 | ... AB29: =SUM(AB20,AB23,AB26) -> 108 | AC29: =SUM(E29:AB29) -> 2684
D30: JML | E30: =SUM(E28:E29) -> 208 | F30: =SUM(F28:F29) -> 227 | G30: =SUM(G28:G29) -> 222 | H30: =SUM(H28:H29) -> 209 | I30: =SUM(I28:I29) -> 187 | J30: =SUM(J28:J29) -> 183 | K30: =SUM(K28:K29) -> 209 | L30: =SUM(L28:L29) -> 216 | ... AB30: =SUM(AB28:AB29) -> 215 | AC30: =SUM(E30:AB30) -> 5243
A32: II | B32: DATA PENGGUNAAN SURAT SUARA
A33: 1 | B33: Jumlah surat suara yang diterima, termasuk surat suara cadangan 2,5% dari DPT | E33: 278 | F33: 276 | G33: 290 | H33: 283 | I33: 281 | J33: 265 | K33: 280 | L33: 292 | M33: 283 | N33: 282 | O33: 283 | P33: 292 | Q33: 284 | R33: 280 | S33: 270 | T33: 276 | U33: 282 | V33: 255 | W33: 281 | X33: 295 | Y33: 282 | Z33: 278 | AA33: 288 | AB33: 261 | AC33: =SUM(E33:AB33) -> 6717
A34: 2 | B34: Jumlah surat suara yang digunakan | E34: 208 | F34: 227 | G34: 222 | H34: 209 | I34: 187 | J34: 183 | K34: 209 | L34: 216 | M34: 234 | N34: 223 | O34: 235 | P34: 232 | Q34: 219 | R34: 213 | S34: 207 | T34: 226 | U34: 210 | V34: 219 | W34: 224 | X34: 254 | Y34: 221 | Z34: 227 | AA34: 232 | AB34: 223 | AC34: =SUM(E34:AB34) -> 5260
A35: 3 | B35: Jumlah surat suara dikembalikan oleh pemilih (karena rusak atau keliru coblos) | E35: 0 | F35: 0 | G35: 0 | H35: 0 | I35: 0 | J35: 0 | K35: 0 | L35: 0 | M35: 0 | N35: 0 | O35: 0 | P35: 5 | Q35: 0 | R35: 0 | S35: 0 | T35: 0 | U35: 0 | V35: 0 | W35: 0 | X35: 0 | Y35: 0 | Z35: 0 | AA35: 0 | AB35: 0 | AC35: =SUM(E35:AB35) -> 5
A36: 4 | B36: Jumlah surat suara yang tidak digunakan/tidak terpakai, termasuk sisa surat suara cadangan | E36: =E33-(E34+E35) -> 70 | F36: =F33-(F34+F35) -> 49 | G36: =G33-(G34+G35) -> 68 | H36: =H33-(H34+H35) -> 74 | I36: =I33-(I34+I35) -> 94 | J36: =J33-(J34+J35) -> 82 | K36: =K33-(K34+K35) -> 71 | L36: =L33-(L34+L35) -> 76 | ... AB36: =AB33-(AB34+AB35) -> 38 | AC36: =SUM(E36:AB36) -> 1452
A38: III | B38: DATA PEMILIH DISABILITAS
B39: Jumlah seluruh Pemilih disabilitas yang menggunakan hak pilih | D39: LK | AC39: =SUM(E39:AB39) -> 0
D40: PR | AC40: =SUM(E40:AB40) -> 0
D41: JML | E41: =SUM(E39:E40) -> 0 | F41: =SUM(F39:F40) -> 0 | G41: =SUM(G39:G40) -> 0 | H41: =SUM(H39:H40) -> 0 | I41: =SUM(I39:I40) -> 0 | J41: =SUM(J39:J40) -> 0 | K41: =SUM(K39:K40) -> 0 | L41: =SUM(L39:L40) -> 0 | ... AB41: =SUM(AB39:AB40) -> 0 | AC41: =SUM(E41:AB41) -> 0
A43: IV | B43: DATA RINCIAN PEROLEHAN SUARA PASANGAN CALON BUPATI DAN WAKIL BUPATI
A44: NOMOR DAN NAMA CALON
B45: 1. | C45: AA. AHMAD NAWARDI | E45: 23 | F45: 16 | G45: 10 | H45: 13 | I45: 15 | J45: 17 | K45: 13 | L45: 14 | M45: 15 | N45: 33 | O45: 24 | P45: 25 | Q45: 19 | R45: 15 | S45: 21 | T45: 21 | U45: 20 | V45: 27 | W45: 17 | X45: 22 | Y45: 16 | Z45: 18 | AA45: 16 | AB45: 15 | AC45: =SUM(E45:AB45) -> 445
B46: 2. | C46: Ir. H. AA LA NYALLA MAHMUD MATTALITI, M.HP. | E46: 34 | F46: 22 | G46: 32 | H46: 32 | I46: 26 | J46: 37 | K46: 30 | L46: 29 | M46: 36 | N46: 51 | O46: 32 | P46: 30 | Q46: 44 | R46: 34 | S46: 25 | T46: 25 | U46: 23 | V46: 20 | W46: 28 | X46: 21 | Y46: 21 | Z46: 26 | AA46: 19 | AB46: 29 | AC46: =SUM(E46:AB46) -> 706
B47: 3. | C47: ABDUL QADIR AMIR HARTONO, S.E., S.H., M.H. | E47: 16 | F47: 20 | G47: 16 | H47: 17 | I47: 14 | J47: 12 | K47: 17 | L47: 19 | M47: 18 | N47: 19 | O47: 23 | P47: 16 | Q47: 7 | R47: 14 | S47: 11 | T47: 21 | U47: 19 | V47: 12 | W47: 11 | X47: 10 | Y47: 10 | Z47: 13 | AA47: 7 | AB47: 14 | AC47: =SUM(E47:AB47) -> 356
B48: 4. | C48: ADILLA AZIS, S.E. | E48: 27 | F48: 37 | G48: 32 | H48: 23 | I48: 18 | J48: 15 | K48: 30 | L48: 22 | M48: 27 | N48: 40 | O48: 41 | P48: 30 | Q48: 34 | R48: 19 | S48: 27 | T48: 29 | U48: 32 | V48: 40 | W48: 36 | X48: 37 | Y48: 33 | Z48: 41 | AA48: 57 | AB48: 39 | AC48: =SUM(E48:AB48) -> 766
B49: 5. | C49: Ir. H. AGUS RAHARDJO, MSc.M. | E49: 24 | F49: 15 | G49: 21 | H49: 22 | I49: 14 | J49: 20 | K49: 22 | L49: 27 | M49: 22 | N49: 13 | O49: 18 | P49: 30 | Q49: 17 | R49: 21 | S49: 24 | T49: 18 | U49: 13 | V49: 14 | W49: 19 | X49: 25 | Y49: 24 | Z49: 25 | AA49: 12 | AB49: 8 | AC49: =SUM(E49:AB49) -> 468
B50: 6. | C50: Drs. AYUB KHAN | E50: 14 | F50: 6 | G50: 9 | H50: 5 | I50: 8 | J50: 10 | K50: 5 | L50: 16 | M50: 18 | N50: 13 | O50: 8 | P50: 9 | Q50: 16 | R50: 11 | S50: 12 | T50: 9 | U50: 18 | V50: 25 | W50: 25 | X50: 16 | Y50: 15 | Z50: 10 | AA50: 8 | AB50: 4 | AC50: =SUM(E50:AB50) -> 290
B51: 7. | C51: BAMBANG HARIANTO | E51: 3 | F51: 1 | G51: 5 | H51: 3 | I51: 3 | J51: 3 | K51: 0 | L51: 1 | M51: 5 | N51: 1 | O51: 2 | P51: 0 | Q51: 3 | R51: 6 | S51: 2 | T51: 4 | U51: 4 | V51: 4 | W51: 3 | X51: 1 | Y51: 2 | Z51: 5 | AA51: 3 | AB51: 3 | AC51: =SUM(E51:AB51) -> 67
B52: 8. | C52: CATUR RUDI UTANTO, S.Sos. | E52: 3 | F52: 4 | G52: 6 | H52: 9 | I52: 6 | J52: 2 | K52: 4 | L52: 2 | M52: 2 | N52: 1 | O52: 2 | P52: 3 | Q52: 4 | R52: 3 | S52: 3 | T52: 6 | U52: 2 | V52: 2 | W52: 2 | X52: 3 | Y52: 6 | Z52: 7 | AA52: 1 | AB52: 3 | AC52: =SUM(E52:AB52) -> 86
B53: 9. | C53: DODDY DWI NUGROHO | E53: 0 | F53: 1 | G53: 0 | H53: 0 | I53: 1 | J53: 0 | K53: 2 | L53: 1 | M53: 5 | N53: 1 | O53: 0 | P53: 2 | Q53: 1 | R53: 1 | S53: 0 | T53: 1 | U53: 0 | V53: 0 | W53: 1 | X53: 3 | Y53: 0 | Z53: 0 | AA53: 1 | AB53: 1 | AC53: =SUM(E53:AB53) -> 22
B54: 10. | C54: KONDANG KUSUMANING AYU | E54: 11 | F54: 13 | G54: 16 | H54: 15 | I54: 6 | J54: 8 | K54: 18 | L54: 15 | M54: 18 | N54: 13 | O54: 29 | P54: 35 | Q54: 16 | R54: 21 | S54: 15 | T54: 31 | U54: 25 | V54: 18 | W54: 19 | X54: 27 | Y54: 22 | Z54: 27 | AA54: 26 | AB54: 27 | AC54: =SUM(E54:AB54) -> 471
B55: 11. | C55: KUNJUNG WAHYUDI | E55: 1 | F55: 3 | G55: 0 | H55: 2 | I55: 0 | J55: 1 | K55: 1 | L55: 0 | M55: 0 | N55: 2 | O55: 1 | P55: 0 | Q55: 3 | R55: 1 | S55: 5 | T55: 0 | U55: 1 | V55: 0 | W55: 1 | X55: 0 | Y55: 0 | Z55: 3 | AA55: 1 | AB55: 0 | AC55: =SUM(E55:AB55) -> 26
B56: 12. | C56: Dr. LIA ISTIFHAMA | E56: 31 | F56: 13 | G56: 15 | H56: 10 | I56: 21 | J56: 11 | K56: 15 | L56: 29 | M56: 23 | N56: 13 | O56: 23 | P56: 24 | Q56: 17 | R56: 24 | S56: 27 | T56: 21 | U56: 20 | V56: 14 | W56: 16 | X56: 23 | Y56: 25 | Z56: 24 | AA56: 22 | AB56: 22 | AC56: =SUM(E56:AB56) -> 483
B57: 13. | C57: MOHAMMAD TRIJANTO, S.H., M.M., M.H. | E57: 2 | F57: 3 | G57: 3 | H57: 1 | I57: 3 | J57: 2 | K57: 1 | L57: 2 | M57: 1 | N57: 0 | O57: 4 | P57: 3 | Q57: 0 | R57: 1 | S57: 1 | T57: 2 | U57: 2 | V57: 2 | W57: 1 | X57: 2 | Y57: 4 | Z57: 1 | AA57: 1 | AB57: 2 | AC57: =SUM(E57:AB57) -> 44
A59: V | B59: DATA SUARA SAH DAN TIDAK SAH
B60: A. | C60: JUMLAH SELURUH SUARA SAH | E60: =SUM(E45:E57) -> 189 | F60: =SUM(F45:F57) -> 154 | G60: =SUM(G45:G57) -> 165 | H60: =SUM(H45:H57) -> 152 | I60: =SUM(I45:I57) -> 135 | J60: =SUM(J45:J57) -> 138 | K60: =SUM(K45:K57) -> 158 | L60: =SUM(L45:L57) -> 177 | ... AB60: =SUM(AB45:AB57) -> 167 | AC60: =SUM(E60:AB60) -> 4230
B61: B. | C61: JUMLAH SUARA TIDAK SAH | E61: 19 | F61: 73 | G61: 55 | H61: 59 | I61: 51 | J61: 45 | K61: 52 | L61: 39 | M61: 42 | N61: 25 | O61: 28 | P61: 25 | Q61: 38 | R61: 42 | S61: 34 | T61: 38 | U61: 31 | V61: 41 | W61: 45 | X61: 64 | Y61: 43 | Z61: 27 | AA61: 58 | AB61: 56 | AC61: =SUM(E61:AB61) -> 1030
B62: C. | C62: JUMLAH SELURUH SUARA SAH DAN SUARA TIDAK SAH (V.A + V.B) | E62: =SUM(E60:E61) -> 208 | F62: =SUM(F60:F61) -> 227 | G62: =SUM(G60:G61) -> 220 | H62: =SUM(H60:H61) -> 211 | I62: =SUM(I60:I61) -> 186 | J62: =SUM(J60:J61) -> 183 | K62: =SUM(K60:K61) -> 210 | L62: =SUM(L60:L61) -> 216 | ... AB62: =SUM(AB60:AB61) -> 223 | AC62: =SUM(E62:AB62) -> 5260

Sheet PARIJATAH KULON
C2: Kecamatan | D2: SRONO
C3: Kabupaten | D3: BANYUWANGI
C4: Provinsi | D4: JAWA TIMUR
C9: Kelurahan | D9: PARIJATAH KULON
A12: I | B12: DATA PEMILIH DAN PENGGUNAAN HAK PILIH | Y12: JUMLAH AKHIR
A13: A | B13: DATA PEMILIH | E13: TPS 001 | F13: TPS 002 | G13: TPS 003 | H13: TPS 004 | I13: TPS 005 | J13: TPS 006 | K13: TPS 007 | L13: TPS 008 | M13: TPS 009 | N13: TPS 010 | O13: TPS 011 | P13: TPS 012 | Q13: TPS 013 | R13: TPS 014 | S13: TPS 015 | T13: TPS 016 | U13: TPS 017 | V13: TPS 018 | W13: TPS 019 | X13: TPS 020
B14: Jumlah Pemilih dalam Daftar Pemilih Tetap (DPT) | D14: LK | E14: 152 | F14: 138 | G14: 145 | H14: 149 | I14: 142 | J14: 148 | K14: 142 | L14: 147 | M14: 149 | N14: 126 | O14: 121 | P14: 133 | Q14: 131 | R14: 112 | S14: 133 | T14: 143 | U14: 137 | V14: 118 | W14: 128 | X14: 128 | Y14: =SUM(E14:X14) -> 2722
D15: PR | E15: 118 | F15: 140 | G15: 138 | H15: 145 | I15: 128 | J15: 133 | K15: 146 | L15: 142 | M15: 141 | N15: 137 | O15: 125 | P15: 131 | Q15: 132 | R15: 108 | S15: 143 | T15: 139 | U15: 151 | V15: 126 | W15: 134 | X15: 131 | Y15: =SUM(E15:X15) -> 2688
D16: JML | E16: =SUM(E14:E15) -> 270 | F16: =SUM(F14:F15) -> 278 | G16: =SUM(G14:G15) -> 283 | H16: =SUM(H14:H15) -> 294 | I16: =SUM(I14:I15) -> 270 | J16: =SUM(J14:J15) -> 281 | K16: =SUM(K14:K15) -> 288 | L16: =SUM(L14:L15) -> 289 | ... X16: =SUM(X14:X15) -> 259 | Y16: =SUM(E16:X16) -> 5410
A18: B | B18: PENGGUNA HAK PILIH
B19: 1. | C19: Jumlah pengguna hak pilih dalam Daftar Pemilih Tetap (DPT) | D19: LK | E19: 90 | F19: 81 | G19: 90 | H19: 98 | I19: 97 | J19: 101 | K19: 114 | L19: 104 | M19: 103 | N19: 99 | O19: 99 | P19: 90 | Q19: 104 | R19: 85 | S19: 107 | T19: 121 | U19: 103 | V19: 86 | W19: 105 | X19: 107 | Y19: =SUM(E19:X19) -> 1984
D20: PR | E20: 103 | F20: 106 | G20: 89 | H20: 102 | I20: 109 | J20: 104 | K20: 94 | L20: 111 | M20: 116 | N20: 113 | O20: 102 | P20: 100 | Q20: 107 | R20: 91 | S20: 127 | T20: 122 | U20: 127 | V20: 97 | W20: 118 | X20: 109 | Y20: =SUM(E20:X20) -> 2147
D21: JML | E21: =SUM(E19:E20) -> 193 | F21: =SUM(F19:F20) -> 187 | G21: =SUM(G19:G20) -> 179 | H21: =SUM(H19:H20) -> 200 | I21: =SUM(I19:I20) -> 206 | J21: =SUM(J19:J20) -> 205 | K21: =SUM(K19:K20) -> 208 | L21: =SUM(L19:L20) -> 215 | ... X21: =SUM(X19:X20) -> 216 | Y21: =SUM(E21:X21) -> 4131
B22: 2. | C22: Jumlah pengguna hak pilih dalam Daftar Pemilih Tambahan (DPTb) | D22: LK | E22: 0 | F22: 0 | G22: 0 | H22: 0 | I22: 0 | J22: 0 | K22: 0 | L22: 0 | M22: 0 | N22: 1 | O22: 0 | P22: 0 | Q22: 0 | R22: 0 | S22: 0 | T22: 0 | U22: 0 | V22: 0 | W22: 0 | Y22: =SUM(E22:X22) -> 1
D23: PR | E23: 0 | F23: 0 | G23: 0 | H23: 0 | I23: 0 | J23: 0 | K23: 0 | L23: 0 | M23: 0 | N23: 0 | O23: 0 | P23: 0 | Q23: 0 | R23: 0 | S23: 0 | T23: 0 | U23: 0 | V23: 0 | W23: 0 | Y23: =SUM(E23:X23) -> 0
D24: JML | E24: =SUM(E22:E23) -> 0 | F24: =SUM(F22:F23) -> 0 | G24: =SUM(G22:G23) -> 0 | H24: =SUM(H22:H23) -> 0 | I24: =SUM(I22:I23) -> 0 | J24: =SUM(J22:J23) -> 0 | K24: =SUM(K22:K23) -> 0 | L24: =SUM(L22:L23) -> 0 | ... X24: =SUM(X22:X23) -> 0 | Y24: =SUM(E24:X24) -> 1
B25: 3. | C25: Jumlah pengguna hak pilih dalam Daftar Pemilih Khusus (DPK) | D25: LK | E25: 1 | F25: 0 | G25: 2 | H25: 2 | I25: 2 | J25: 0 | K25: 0 | L25: 3 | M25: 2 | N25: 4 | O25: 2 | P25: 4 | Q25: 5 | R25: 18 | S25: 0 | T25: 2 | U25: 1 | V25: 0 | W25: 0 | X25: 3 | Y25: =SUM(E25:X25) -> 51
D26: PR | E26: 6 | F26: 1 | G26: 4 | H26: 1 | I26: 3 | J26: 1 | K26: 0 | L26: 4 | M26: 1 | N26: 3 | O26: 3 | P26: 7 | Q26: 7 | R26: 22 | S26: 0 | T26: 1 | U26: 2 | V26: 4 | W26: 0 | X26: 3 | Y26: =SUM(E26:X26) -> 73
D27: JML | E27: =SUM(E25:E26) -> 7 | F27: =SUM(F25:F26) -> 1 | G27: =SUM(G25:G26) -> 6 | H27: =SUM(H25:H26) -> 3 | I27: =SUM(I25:I26) -> 5 | J27: =SUM(J25:J26) -> 1 | K27: =SUM(K25:K26) -> 0 | L27: =SUM(L25:L26) -> 7 | ... X27: =SUM(X25:X26) -> 6 | Y27: =SUM(E27:X27) -> 124
B28: 4. | C28: Jumlah Pengguna Hak Pilih (B.1+B.2+B.3) | D28: LK | E28: =SUM(E19,E22,E25) -> 91 | F28: =SUM(F19,F22,F25) -> 81 | G28: =SUM(G19,G22,G25) -> 92 | H28: =SUM(H19,H22,H25) -> 100 | I28: =SUM(I19,I22,I25) -> 99 | J28: =SUM(J19,J22,J25) -> 101 | K28: =SUM(K19,K22,K25) -> 114 | L28: =SUM(L19,L22,L25) -> 107 | ... X28: =SUM(X19,X22,X25) -> 110 | Y28: =SUM(E28:X28) -> 2036
D29: PR | E29: =SUM(E20,E23,E26) -> 109 | F29: =SUM(F20,F23,F26) -> 107 | G29: =SUM(G20,G23,G26) -> 93 | H29: =SUM(H20,H23,H26) -> 103 | I29: =SUM(I20,I23,I26) -> 112 | J29: =SUM(J20,J23,J26) -> 105 | K29: =SUM(K20,K23,K26) -> 94 | L29: =SUM(L20,L23,L26) -> 115 | ... X29: =SUM(X20,X23,X26) -> 112 | Y29: =SUM(E29:X29) -> 2220
D30: JML | E30: =SUM(E28:E29) -> 200 | F30: =SUM(F28:F29) -> 188 | G30: =SUM(G28:G29) -> 185 | H30: =SUM(H28:H29) -> 203 | I30: =SUM(I28:I29) -> 211 | J30: =SUM(J28:J29) -> 206 | K30: =SUM(K28:K29) -> 208 | L30: =SUM(L28:L29) -> 222 | ... X30: =SUM(X28:X29) -> 222 | Y30: =SUM(E30:X30) -> 4256
A32: II | B32: DATA PENGGUNAAN SURAT SUARA
A33: 1 | B33: Jumlah surat suara yang diterima, termasuk surat suara cadangan 2,5% dari DPT | E33: 276 | F33: 284 | G33: 289 | H33: 296 | I33: 270 | J33: 283 | K33: 274 | L33: 295 | M33: 296 | N33: 269 | O33: 251 | P33: 270 | Q33: 266 | R33: 225 | S33: 282 | T33: 288 | U33: 294 | V33: 250 | W33: 268 | X33: 264 | Y33: =SUM(E33:X33) -> 5490
A34: 2 | B34: Jumlah surat suara yang digunakan | E34: 200 | F34: 188 | G34: 185 | H34: 203 | I34: 211 | J34: 206 | K34: 208 | L34: 222 | M34: 222 | N34: 219 | O34: 206 | P34: 201 | Q34: 223 | R34: 216 | S34: 234 | T34: 246 | U34: 233 | V34: 187 | W34: 223 | X34: 222 | Y34: =SUM(E34:X34) -> 4255
A35: 3 | B35: Jumlah surat suara dikembalikan oleh pemilih (karena rusak atau keliru coblos) | E35: 0 | F35: 1 | G35: 1 | H35: 0 | I35: 4 | J35: 4 | K35: 0 | L35: 0 | M35: 0 | N35: 0 | O35: 0 | P35: 0 | Q35: 0 | R35: 0 | S35: 0 | T35: 0 | U35: 0 | V35: 0 | W35: 0 | X35: 0 | Y35: =SUM(E35:X35) -> 10
A36: 4 | B36: Jumlah surat suara yang tidak digunakan/tidak terpakai, termasuk sisa surat suara cadangan | E36: =E33-(E34+E35) -> 76 | F36: =F33-(F34+F35) -> 95 | G36: =G33-(G34+G35) -> 103 | H36: =H33-(H34+H35) -> 93 | I36: =I33-(I34+I35) -> 55 | J36: =J33-(J34+J35) -> 73 | K36: =K33-(K34+K35) -> 66 | L36: =L33-(L34+L35) -> 73 | ... X36: =X33-(X34+X35) -> 42 | Y36: =SUM(E36:X36) -> 1225
A38: III | B38: DATA PEMILIH DISABILITAS
B39: Jumlah seluruh Pemilih disabilitas yang menggunakan hak pilih | D39: LK | E39: 0 | F39: 0 | G39: 0 | H39: 0 | I39: 0 | J39: 0 | K39: 0 | L39: 0 | M39: 0 | N39: 1 | O39: 0 | P39: 0 | Q39: 0 | R39: 0 | S39: 0 | T39: 0 | U39: 0 | V39: 0 | W39: 0 | X39: 0 | Y39: =SUM(E39:X39) -> 1
D40: PR | E40: 0 | F40: 0 | G40: 0 | H40: 0 | I40: 0 | J40: 0 | K40: 0 | L40: 0 | M40: 0 | N40: 0 | O40: 1 | P40: 0 | Q40: 1 | R40: 0 | S40: 0 | T40: 0 | U40: 0 | V40: 0 | W40: 0 | X40: 0 | Y40: =SUM(E40:X40) -> 2
D41: JML | E41: =SUM(E39:E40) -> 0 | F41: =SUM(F39:F40) -> 0 | G41: =SUM(G39:G40) -> 0 | H41: =SUM(H39:H40) -> 0 | I41: =SUM(I39:I40) -> 0 | J41: =SUM(J39:J40) -> 0 | K41: =SUM(K39:K40) -> 0 | L41: =SUM(L39:L40) -> 0 | ... X41: =SUM(X39:X40) -> 0 | Y41: =SUM(E41:X41) -> 3
A43: IV | B43: DATA RINCIAN PEROLEHAN SUARA PASANGAN CALON BUPATI DAN WAKIL BUPATI
A44: NOMOR DAN NAMA CALON
B45: 1. | C45: AA. AHMAD NAWARDI | E45: 19 | F45: 21 | G45: 18 | H45: 14 | I45: 14 | J45: 17 | K45: 27 | L45: 26 | M45: 17 | N45: 7 | O45: 18 | P45: 18 | Q45: 17 | R45: 21 | S45: 25 | T45: 21 | U45: 26 | V45: 20 | W45: 21 | X45: 18 | Y45: =SUM(E45:X45) -> 385
B46: 2. | C46: Ir. H. AA LA NYALLA MAHMUD MATTALITI, M.HP. | E46: 27 | F46: 43 | G46: 27 | H46: 28 | I46: 37 | J46: 30 | K46: 33 | L46: 39 | M46: 13 | N46: 27 | O46: 21 | P46: 24 | Q46: 29 | R46: 32 | S46: 31 | T46: 33 | U46: 33 | V46: 29 | W46: 35 | X46: 34 | Y46: =SUM(E46:X46) -> 605
B47: 3. | C47: ABDUL QADIR AMIR HARTONO, S.E., S.H., M.H. | E47: 18 | F47: 15 | G47: 15 | H47: 15 | I47: 18 | J47: 15 | K47: 15 | L47: 12 | M47: 21 | N47: 24 | O47: 14 | P47: 8 | Q47: 11 | R47: 15 | S47: 14 | T47: 18 | U47: 20 | V47: 20 | W47: 17 | X47: 14 | Y47: =SUM(E47:X47) -> 319
B48: 4. | C48: ADILLA AZIS, S.E. | E48: 18 | F48: 10 | G48: 19 | H48: 19 | I48: 16 | J48: 12 | K48: 22 | L48: 16 | M48: 28 | N48: 19 | O48: 16 | P48: 17 | Q48: 20 | R48: 15 | S48: 14 | T48: 28 | U48: 27 | V48: 21 | W48: 26 | X48: 15 | Y48: =SUM(E48:X48) -> 378
B49: 5. | C49: Ir. H. AGUS RAHARDJO, MSc.M. | E49: 24 | F49: 10 | G49: 13 | H49: 16 | I49: 23 | J49: 15 | K49: 12 | L49: 14 | M49: 14 | N49: 19 | O49: 14 | P49: 20 | Q49: 21 | R49: 14 | S49: 39 | T49: 19 | U49: 20 | V49: 17 | W49: 19 | X49: 25 | Y49: =SUM(E49:X49) -> 368
B50: 6. | C50: Drs. AYUB KHAN | E50: 17 | F50: 12 | G50: 16 | H50: 15 | I50: 12 | J50: 22 | K50: 12 | L50: 8 | M50: 15 | N50: 20 | O50: 17 | P50: 12 | Q50: 14 | R50: 17 | S50: 11 | T50: 22 | U50: 17 | V50: 12 | W50: 16 | X50: 19 | Y50: =SUM(E50:X50) -> 306
B51: 7. | C51: BAMBANG HARIANTO | E51: 1 | F51: 2 | G51: 0 | H51: 2 | I51: 1 | J51: 1 | K51: 2 | L51: 5 | M51: 6 | N51: 2 | O51: 1 | P51: 1 | Q51: 3 | R51: 1 | S51: 1 | T51: 3 | U51: 0 | V51: 1 | W51: 5 | X51: 7 | Y51: =SUM(E51:X51) -> 45
B52: 8. | C52: CATUR RUDI UTANTO, S.Sos. | E52: 1 | F52: 3 | G52: 0 | H52: 3 | I52: 1 | J52: 4 | K52: 3 | L52: 4 | M52: 5 | N52: 2 | O52: 6 | P52: 1 | Q52: 3 | R52: 8 | S52: 5 | T52: 4 | U52: 4 | V52: 4 | W52: 4 | X52: 5 | Y52: =SUM(E52:X52) -> 70
B53: 9. | C53: DODDY DWI NUGROHO | E53: 3 | F53: 0 | G53: 1 | H53: 0 | I53: 0 | J53: 0 | K53: 1 | L53: 0 | M53: 2 | N53: 0 | O53: 0 | P53: 2 | Q53: 0 | R53: 2 | S53: 0 | T53: 0 | U53: 0 | V53: 1 | W53: 0 | X53: 1 | Y53: =SUM(E53:X53) -> 13
B54: 10. | C54: KONDANG KUSUMANING AYU | E54: 13 | F54: 19 | G54: 18 | H54: 20 | I54: 32 | J54: 26 | K54: 25 | L54: 32 | M54: 33 | N54: 21 | O54: 20 | P54: 22 | Q54: 28 | R54: 23 | S54: 34 | T54: 23 | U54: 19 | V54: 16 | W54: 21 | X54: 28 | Y54: =SUM(E54:X54) -> 473
B55: 11. | C55: KUNJUNG WAHYUDI | E55: 2 | F55: 1 | G55: 1 | H55: 2 | I55: 0 | J55: 0 | K55: 2 | L55: 3 | M55: 0 | N55: 0 | O55: 0 | P55: 3 | Q55: 1 | R55: 1 | S55: 1 | T55: 0 | U55: 0 | V55: 0 | W55: 0 | X55: 0 | Y55: =SUM(E55:X55) -> 17
B56: 12. | C56: Dr. LIA ISTIFHAMA | E56: 15 | F56: 14 | G56: 18 | H56: 17 | I56: 23 | J56: 11 | K56: 25 | L56: 10 | M56: 14 | N56: 27 | O56: 30 | P56: 11 | Q56: 21 | R56: 31 | S56: 18 | T56: 16 | U56: 23 | V56: 12 | W56: 15 | X56: 17 | Y56: =SUM(E56:X56) -> 368
B57: 13. | C57: MOHAMMAD TRIJANTO, S.H., M.M., M.H. | E57: 1 | F57: 3 | G57: 1 | H57: 2 | I57: 1 | J57: 2 | K57: 1 | L57: 0 | M57: 1 | N57: 1 | O57: 2 | P57: 1 | Q57: 1 | R57: 1 | S57: 3 | T57: 3 | U57: 2 | V57: 0 | W57: 3 | X57: 2 | Y57: =SUM(E57:X57) -> 31
A59: V | B59: DATA SUARA SAH DAN TIDAK SAH
B60: A. | C60: JUMLAH SELURUH SUARA SAH | E60: =SUM(E45:E57) -> 159 | F60: =SUM(F45:F57) -> 153 | G60: =SUM(G45:G57) -> 147 | H60: =SUM(H45:H57) -> 153 | I60: =SUM(I45:I57) -> 178 | J60: =SUM(J45:J57) -> 155 | K60: =SUM(K45:K57) -> 180 | L60: =SUM(L45:L57) -> 169 | ... X60: =SUM(X45:X57) -> 185 | Y60: =SUM(E60:X60) -> 3378
B61: B. | C61: JUMLAH SUARA TIDAK SAH | E61: 41 | F61: 35 | G61: 38 | H61: 52 | I61: 31 | J61: 51 | K61: 28 | L61: 53 | M61: 53 | N61: 50 | O61: 46 | P61: 61 | Q61: 54 | R61: 35 | S61: 39 | T61: 56 | U61: 42 | V61: 34 | W61: 41 | X61: 37 | Y61: =SUM(E61:X61) -> 877
B62: C. | C62: JUMLAH SELURUH SUARA SAH DAN SUARA TIDAK SAH (V.A + V.B) | E62: =SUM(E60:E61) -> 200 | F62: =SUM(F60:F61) -> 188 | G62: =SUM(G60:G61) -> 185 | H62: =SUM(H60:H61) -> 205 | I62: =SUM(I60:I61) -> 209 | J62: =SUM(J60:J61) -> 206 | K62: =SUM(K60:K61) -> 208 | L62: =SUM(L60:L61) -> 222 | ... X62: =SUM(X60:X61) -> 222 | Y62: =SUM(E62:X62) -> 4255

Sheet REJOAGUNG
C2: Kecamatan | D2: SRONO
C3: Kabupaten | D3: BANYUWANGI
C4: Provinsi | D4: JAWA TIMUR
C9: Kelurahan | D9: REJOAGUNG
A12: I | B12: DATA PEMILIH DAN PENGGUNAAN HAK PILIH | AF12: JUMLAH AKHIR
A13: A | B13: DATA PEMILIH | E13: TPS 001 | F13: TPS 002 | G13: TPS 003 | H13: TPS 004 | I13: TPS 005 | J13: TPS 006 | K13: TPS 007 | L13: TPS 008 | M13: TPS 009 | N13: TPS 010 | O13: TPS 011 | P13: TPS 012 | Q13: TPS 013 | R13: TPS 014 | S13: TPS 015 | T13: TPS 016 | U13: TPS 017 | V13: TPS 018 | W13: TPS 019 | X13: TPS 020 | Y13: TPS 021 | Z13: TPS 022 | AA13: TPS 023 | AB13: TPS 024 | AC13: TPS 025 | AD13: TPS 026 | AE13: TPS 027
B14: Jumlah Pemilih dalam Daftar Pemilih Tetap (DPT) | D14: LK | E14: 143 | F14: 141 | G14: 142 | H14: 154 | I14: 129 | J14: 129 | K14: 142 | L14: 139 | M14: 142 | N14: 134 | O14: 143 | P14: 151 | Q14: 150 | R14: 125 | S14: 142 | T14: 140 | U14: 150 | V14: 140 | W14: 136 | X14: 153 | Y14: 137 | Z14: 138 | AA14: 135 | AB14: 141 | AC14: 130 | AD14: 129 | AE14: 114 | AF14: =SUM(E14:AE14) -> 3749
D15: PR | E15: 124 | F15: 144 | G15: 129 | H15: 131 | I15: 130 | J15: 129 | K15: 130 | L15: 143 | M15: 144 | N15: 146 | O15: 134 | P15: 135 | Q15: 138 | R15: 148 | S15: 138 | T15: 138 | U15: 124 | V15: 134 | W15: 134 | X15: 137 | Y15: 145 | Z15: 142 | AA15: 146 | AB15: 154 | AC15: 146 | AD15: 142 | AE15: 124 | AF15: =SUM(E15:AE15) -> 3709
D16: JML | E16: =SUM(E14:E15) -> 267 | F16: =SUM(F14:F15) -> 285 | G16: =SUM(G14:G15) -> 271 | H16: =SUM(H14:H15) -> 285 | I16: =SUM(I14:I15) -> 259 | J16: =SUM(J14:J15) -> 258 | K16: =SUM(K14:K15) -> 272 | L16: =SUM(L14:L15) -> 282 | ... AE16: =SUM(AE14:AE15) -> 238 | AF16: =SUM(E16:AE16) -> 7458
A18: B | B18: PENGGUNA HAK PILIH
B19: 1. | C19: Jumlah pengguna hak pilih dalam Daftar Pemilih Tetap (DPT) | D19: LK | E19: 102 | F19: 105 | G19: 112 | H19: 113 | I19: 103 | J19: 95 | K19: 89 | L19: 112 | M19: 105 | N19: 97 | O19: 113 | P19: 114 | Q19: 116 | R19: 103 | S19: 111 | T19: 109 | U19: 112 | V19: 98 | W19: 103 | X19: 126 | Y19: 120 | Z19: 108 | AA19: 117 | AB19: 106 | AC19: 101 | AD19: 106 | AE19: 86 | AF19: =SUM(E19:AE19) -> 2882
D20: PR | E20: 90 | F20: 122 | G20: 104 | H20: 111 | I20: 117 | J20: 106 | K20: 98 | L20: 122 | M20: 112 | N20: 117 | O20: 105 | P20: 114 | Q20: 111 | R20: 117 | S20: 112 | T20: 114 | U20: 94 | V20: 117 | W20: 102 | X20: 118 | Y20: 122 | Z20: 124 | AA20: 104 | AB20: 127 | AC20: 118 | AD20: 120 | AE20: 98 | AF20: =SUM(E20:AE20) -> 3016
D21: JML | E21: =SUM(E19:E20) -> 192 | F21: =SUM(F19:F20) -> 227 | G21: =SUM(G19:G20) -> 216 | H21: =SUM(H19:H20) -> 224 | I21: =SUM(I19:I20) -> 220 | J21: =SUM(J19:J20) -> 201 | K21: =SUM(K19:K20) -> 187 | L21: =SUM(L19:L20) -> 234 | ... AE21: =SUM(AE19:AE20) -> 184 | AF21: =SUM(E21:AE21) -> 5898
B22: 2. | C22: Jumlah pengguna hak pilih dalam Daftar Pemilih Tambahan (DPTb) | D22: LK | E22: 0 | F22: 0 | G22: 0 | H22: 0 | I22: 1 | J22: 0 | K22: 0 | L22: 0 | M22: 0 | N22: 0 | O22: 0 | P22: 0 | Q22: 0 | R22: 0 | S22: 0 | T22: 0 | U22: 0 | V22: 0 | W22: 0 | X22: 0 | Y22: 0 | Z22: 0 | AA22: 0 | AB22: 0 | AC22: 0 | AD22: 0 | AE22: 0 | AF22: =SUM(E22:AE22) -> 1
D23: PR | E23: 0 | F23: 0 | G23: 0 | H23: 0 | I23: 2 | J23: 0 | K23: 0 | L23: 0 | M23: 0 | N23: 0 | O23: 0 | P23: 0 | Q23: 0 | R23: 0 | S23: 0 | T23: 0 | U23: 0 | V23: 0 | W23: 0 | X23: 0 | Y23: 0 | Z23: 0 | AA23: 0 | AB23: 0 | AC23: 0 | AD23: 0 | AE23: 0 | AF23: =SUM(E23:AE23) -> 2
D24: JML | E24: =SUM(E22:E23) -> 0 | F24: =SUM(F22:F23) -> 0 | G24: =SUM(G22:G23) -> 0 | H24: =SUM(H22:H23) -> 0 | I24: =SUM(I22:I23) -> 3 | J24: =SUM(J22:J23) -> 0 | K24: =SUM(K22:K23) -> 0 | L24: =SUM(L22:L23) -> 0 | ... AE24: =SUM(AE22:AE23) -> 0 | AF24: =SUM(E24:AE24) -> 3
B25: 3. | C25: Jumlah pengguna hak pilih dalam Daftar Pemilih Khusus (DPK) | D25: LK | E25: 2 | F25: 2 | G25: 5 | H25: 5 | I25: 2 | J25: 4 | K25: 4 | L25: 0 | M25: 0 | N25: 3 | O25: 1 | P25: 2 | Q25: 1 | R25: 0 | S25: 4 | T25: 0 | U25: 0 | V25: 0 | W25: 3 | X25: 2 | Y25: 1 | Z25: 1 | AA25: 2 | AB25: 2 | AC25: 0 | AD25: 0 | AE25: 0 | AF25: =SUM(E25:AE25) -> 46
D26: PR | E26: 3 | F26: 3 | G26: 3 | H26: 7 | I26: 0 | J26: 1 | K26: 6 | L26: 0 | M26: 0 | N26: 0 | O26: 4 | P26: 0 | Q26: 0 | R26: 0 | S26: 2 | T26: 0 | U26: 3 | V26: 0 | W26: 4 | X26: 2 | Y26: 1 | Z26: 4 | AA26: 2 | AB26: 0 | AC26: 1 | AD26: 0 | AE26: 1 | AF26: =SUM(E26:AE26) -> 47
D27: JML | E27: =SUM(E25:E26) -> 5 | F27: =SUM(F25:F26) -> 5 | G27: =SUM(G25:G26) -> 8 | H27: =SUM(H25:H26) -> 12 | I27: =SUM(I25:I26) -> 2 | J27: =SUM(J25:J26) -> 5 | K27: =SUM(K25:K26) -> 10 | L27: =SUM(L25:L26) -> 0 | ... AE27: =SUM(AE25:AE26) -> 1 | AF27: =SUM(E27:AE27) -> 93
B28: 4. | C28: Jumlah Pengguna Hak Pilih (B.1+B.2+B.3) | D28: LK | E28: =SUM(E19,E22,E25) -> 104 | F28: =SUM(F19,F22,F25) -> 107 | G28: =SUM(G19,G22,G25) -> 117 | H28: =SUM(H19,H22,H25) -> 118 | I28: =SUM(I19,I22,I25) -> 106 | J28: =SUM(J19,J22,J25) -> 99 | K28: =SUM(K19,K22,K25) -> 93 | L28: =SUM(L19,L22,L25) -> 112 | ... AE28: =SUM(AE19,AE22,AE25) -> 86 | AF28: =SUM(E28:AE28) -> 2929
D29: PR | E29: =SUM(E20,E23,E26) -> 93 | F29: =SUM(F20,F23,F26) -> 125 | G29: =SUM(G20,G23,G26) -> 107 | H29: =SUM(H20,H23,H26) -> 118 | I29: =SUM(I20,I23,I26) -> 119 | J29: =SUM(J20,J23,J26) -> 107 | K29: =SUM(K20,K23,K26) -> 104 | L29: =SUM(L20,L23,L26) -> 122 | ... AE29: =SUM(AE20,AE23,AE26) -> 99 | AF29: =SUM(E29:AE29) -> 3065
D30: JML | E30: =SUM(E28:E29) -> 197 | F30: =SUM(F28:F29) -> 232 | G30: =SUM(G28:G29) -> 224 | H30: =SUM(H28:H29) -> 236 | I30: =SUM(I28:I29) -> 225 | J30: =SUM(J28:J29) -> 206 | K30: =SUM(K28:K29) -> 197 | L30: =SUM(L28:L29) -> 234 | ... AE30: =SUM(AE28:AE29) -> 185 | AF30: =SUM(E30:AE30) -> 5994
A32: II | B32: DATA PENGGUNAAN SURAT SUARA
A33: 1 | B33: Jumlah surat suara yang diterima, termasuk surat suara cadangan 2,5% dari DPT | E33: 273 | F33: 291 | G33: 279 | H33: 291 | I33: 266 | J33: 265 | K33: 278 | L33: 288 | M33: 292 | N33: 287 | O33: 283 | P33: 292 | Q33: 294 | R33: 279 | S33: 286 | T33: 283 | U33: 280 | V33: 280 | W33: 276 | X33: 296 | Y33: 288 | Z33: 286 | AA33: 287 | AB33: 300 | AC33: 283 | AD33: 277 | AE33: 243 | AF33: =SUM(E33:AE33) -> 7623
A34: 2 | B34: Jumlah surat suara yang digunakan | E34: 197 | F34: 232 | G34: 224 | H34: 236 | I34: 225 | J34: 206 | K34: 197 | L34: 234 | M34: 217 | N34: 217 | O34: 219 | P34: 234 | Q34: 228 | R34: 220 | S34: 229 | T34: 223 | U34: 209 | V34: 215 | W34: 212 | X34: 248 | Y34: 244 | Z34: 237 | AA34: 225 | AB34: 235 | AC34: 220 | AD34: 226 | AE34: 185 | AF34: =SUM(E34:AE34) -> 5994
A35: 3 | B35: Jumlah surat suara dikembalikan oleh pemilih (karena rusak atau keliru coblos) | E35: 1 | F35: 0 | G35: 0 | H35: 0 | I35: 0 | J35: 2 | K35: 0 | L35: 0 | M35: 0 | N35: 1 | O35: 0 | P35: 0 | Q35: 0 | R35: 1 | S35: 0 | T35: 0 | U35: 0 | V35: 0 | W35: 0 | X35: 0 | Y35: 0 | Z35: 0 | AA35: 0 | AB35: 0 | AC35: 0 | AD35: 0 | AE35: 0 | AF35: =SUM(E35:AE35) -> 5
A36: 4 | B36: Jumlah surat suara yang tidak digunakan/tidak terpakai, termasuk sisa surat suara cadangan | E36: =E33-(E34+E35) -> 75 | F36: =F33-(F34+F35) -> 59 | G36: =G33-(G34+G35) -> 55 | H36: =H33-(H34+H35) -> 55 | I36: =I33-(I34+I35) -> 41 | J36: =J33-(J34+J35) -> 57 | K36: =K33-(K34+K35) -> 81 | L36: =L33-(L34+L35) -> 54 | ... AE36: =AE33-(AE34+AE35) -> 58 | AF36: =SUM(E36:AE36) -> 1624
A38: III | B38: DATA PEMILIH DISABILITAS
B39: Jumlah seluruh Pemilih disabilitas yang menggunakan hak pilih | D39: LK | AF39: =SUM(E39:AE39) -> 0
D40: PR | AF40: =SUM(E40:AE40) -> 0
D41: JML | E41: =SUM(E39:E40) -> 0 | F41: =SUM(F39:F40) -> 0 | G41: =SUM(G39:G40) -> 0 | H41: =SUM(H39:H40) -> 0 | I41: =SUM(I39:I40) -> 0 | J41: =SUM(J39:J40) -> 0 | K41: =SUM(K39:K40) -> 0 | L41: =SUM(L39:L40) -> 0 | ... AE41: =SUM(AE39:AE40) -> 0 | AF41: =SUM(E41:AE41) -> 0
A43: IV | B43: DATA RINCIAN PEROLEHAN SUARA PASANGAN CALON BUPATI DAN WAKIL BUPATI
A44: NOMOR DAN NAMA CALON
B45: 1. | C45: AA. AHMAD NAWARDI | E45: 15 | F45: 16 | G45: 20 | H45: 30 | I45: 23 | J45: 12 | K45: 21 | L45: 19 | M45: 15 | N45: 24 | O45: 25 | P45: 21 | Q45: 12 | R45: 18 | S45: 22 | T45: 26 | U45: 19 | V45: 25 | W45: 31 | X45: 24 | Y45: 36 | Z45: 21 | AA45: 19 | AB45: 28 | AC45: 19 | AD45: 18 | AE45: 5 | AF45: =SUM(E45:AE45) -> 564
B46: 2. | C46: Ir. H. AA LA NYALLA MAHMUD MATTALITI, M.HP. | E46: 14 | F46: 37 | G46: 33 | H46: 32 | I46: 28 | J46: 40 | K46: 30 | L46: 27 | M46: 45 | N46: 31 | O46: 28 | P46: 39 | Q46: 22 | R46: 50 | S46: 29 | T46: 45 | U46: 40 | V46: 28 | W46: 22 | X46: 33 | Y46: 35 | Z46: 38 | AA46: 29 | AB46: 31 | AC46: 45 | AD46: 32 | AE46: 32 | AF46: =SUM(E46:AE46) -> 895
B47: 3. | C47: ABDUL QADIR AMIR HARTONO, S.E., S.H., M.H. | E47: 16 | F47: 17 | G47: 12 | H47: 13 | I47: 21 | J47: 12 | K47: 14 | L47: 17 | M47: 10 | N47: 8 | O47: 19 | P47: 18 | Q47: 20 | R47: 15 | S47: 15 | T47: 11 | U47: 14 | V47: 18 | W47: 15 | X47: 17 | Y47: 9 | Z47: 24 | AA47: 23 | AB47: 18 | AC47: 15 | AD47: 26 | AE47: 11 | AF47: =SUM(E47:AE47) -> 428
B48: 4. | C48: ADILLA AZIS, S.E. | E48: 13 | F48: 23 | G48: 18 | H48: 35 | I48: 27 | J48: 15 | K48: 20 | L48: 31 | M48: 24 | N48: 20 | O48: 16 | P48: 25 | Q48: 34 | R48: 29 | S48: 26 | T48: 16 | U48: 22 | V48: 32 | W48: 34 | X48: 23 | Y48: 23 | Z48: 25 | AA48: 26 | AB48: 24 | AC48: 31 | AD48: 31 | AE48: 32 | AF48: =SUM(E48:AE48) -> 675
B49: 5. | C49: Ir. H. AGUS RAHARDJO, MSc.M. | E49: 18 | F49: 17 | G49: 15 | H49: 27 | I49: 16 | J49: 21 | K49: 10 | L49: 23 | M49: 21 | N49: 15 | O49: 12 | P49: 17 | Q49: 29 | R49: 11 | S49: 17 | T49: 18 | U49: 22 | V49: 33 | W49: 16 | X49: 24 | Y49: 17 | Z49: 15 | AA49: 19 | AB49: 12 | AC49: 12 | AD49: 11 | AE49: 7 | AF49: =SUM(E49:AE49) -> 475
B50: 6. | C50: Drs. AYUB KHAN | E50: 10 | F50: 16 | G50: 17 | H50: 4 | I50: 10 | J50: 10 | K50: 13 | L50: 9 | M50: 16 | N50: 10 | O50: 16 | P50: 16 | Q50: 11 | R50: 4 | S50: 4 | T50: 14 | U50: 11 | V50: 14 | W50: 12 | X50: 12 | Y50: 16 | Z50: 8 | AA50: 19 | AB50: 10 | AC50: 4 | AD50: 2 | AE50: 6 | AF50: =SUM(E50:AE50) -> 294
B51: 7. | C51: BAMBANG HARIANTO | E51: 3 | F51: 3 | G51: 7 | H51: 2 | I51: 6 | J51: 1 | K51: 4 | L51: 11 | M51: 3 | N51: 4 | O51: 3 | P51: 1 | Q51: 4 | R51: 7 | S51: 4 | T51: 3 | U51: 5 | V51: 3 | W51: 4 | X51: 6 | Y51: 0 | Z51: 3 | AA51: 4 | AB51: 3 | AC51: 4 | AD51: 0 | AE51: 3 | AF51: =SUM(E51:AE51) -> 101
B52: 8. | C52: CATUR RUDI UTANTO, S.Sos. | E52: 4 | F52: 3 | G52: 3 | H52: 7 | I52: 3 | J52: 5 | K52: 8 | L52: 4 | M52: 6 | N52: 2 | O52: 4 | P52: 7 | Q52: 4 | R52: 5 | S52: 5 | T52: 5 | U52: 2 | V52: 6 | W52: 4 | X52: 9 | Y52: 2 | Z52: 8 | AA52: 3 | AB52: 4 | AC52: 2 | AD52: 6 | AE52: 3 | AF52: =SUM(E52:AE52) -> 124
B53: 9. | C53: DODDY DWI NUGROHO | E53: 0 | F53: 2 | G53: 0 | H53: 0 | I53: 0 | J53: 1 | K53: 1 | L53: 1 | M53: 1 | N53: 1 | O53: 0 | P53: 1 | Q53: 3 | R53: 0 | S53: 0 | T53: 1 | U53: 0 | V53: 0 | W53: 5 | X53: 1 | Y53: 0 | Z53: 0 | AA53: 0 | AB53: 0 | AC53: 1 | AD53: 1 | AE53: 0 | AF53: =SUM(E53:AE53) -> 20
B54: 10. | C54: KONDANG KUSUMANING AYU | E54: 18 | F54: 33 | G54: 17 | H54: 31 | I54: 22 | J54: 25 | K54: 22 | L54: 33 | M54: 31 | N54: 32 | O54: 35 | P54: 33 | Q54: 38 | R54: 23 | S54: 33 | T54: 34 | U54: 25 | V54: 18 | W54: 11 | X54: 30 | Y54: 35 | Z54: 32 | AA54: 29 | AB54: 26 | AC54: 28 | AD54: 40 | AE54: 33 | AF54: =SUM(E54:AE54) -> 767
B55: 11. | C55: KUNJUNG WAHYUDI | E55: 0 | F55: 0 | G55: 1 | H55: 1 | I55: 3 | J55: 1 | K55: 2 | L55: 3 | M55: 3 | N55: 2 | O55: 0 | P55: 1 | Q55: 1 | R55: 0 | S55: 5 | T55: 1 | U55: 1 | V55: 2 | W55: 3 | X55: 3 | Y55: 1 | Z55: 2 | AA55: 3 | AB55: 1 | AC55: 1 | AD55: 1 | AE55: 2 | AF55: =SUM(E55:AE55) -> 44
B56: 12. | C56: Dr. LIA ISTIFHAMA | E56: 30 | F56: 44 | G56: 41 | H56: 15 | I56: 21 | J56: 32 | K56: 25 | L56: 26 | M56: 12 | N56: 29 | O56: 22 | P56: 16 | Q56: 18 | R56: 16 | S56: 25 | T56: 28 | U56: 18 | V56: 19 | W56: 20 | X56: 28 | Y56: 39 | Z56: 27 | AA56: 28 | AB56: 18 | AC56: 31 | AD56: 22 | AE56: 31 | AF56: =SUM(E56:AE56) -> 681
B57: 13. | C57: MOHAMMAD TRIJANTO, S.H., M.M., M.H. | E57: 1 | F57: 1 | G57: 2 | H57: 3 | I57: 1 | J57: 0 | K57: 2 | L57: 0 | M57: 0 | N57: 1 | O57: 2 | P57: 4 | Q57: 3 | R57: 3 | S57: 5 | T57: 1 | U57: 5 | V57: 3 | W57: 2 | X57: 2 | Y57: 2 | Z57: 2 | AA57: 0 | AB57: 3 | AC57: 0 | AD57: 3 | AE57: 1 | AF57: =SUM(E57:AE57) -> 52
A59: V | B59: DATA SUARA SAH DAN TIDAK SAH
B60: A. | C60: JUMLAH SELURUH SUARA SAH | E60: =SUM(E45:E57) -> 142 | F60: =SUM(F45:F57) -> 212 | G60: =SUM(G45:G57) -> 186 | H60: =SUM(H45:H57) -> 200 | I60: =SUM(I45:I57) -> 181 | J60: =SUM(J45:J57) -> 175 | K60: =SUM(K45:K57) -> 172 | L60: =SUM(L45:L57) -> 204 | ... AE60: =SUM(AE45:AE57) -> 166 | AF60: =SUM(E60:AE60) -> 5120
B61: B. | C61: JUMLAH SUARA TIDAK SAH | T61: 20 | U61: 25 | V61: 14 | W61: 33 | X61: 36 | Y61: 29 | Z61: 32 | AA61: 23 | AB61: 57 | AC61: 28 | AD61: 33 | AE61: 18 | AF61: =SUM(E61:AE61) -> 348
B62: C. | C62: JUMLAH SELURUH SUARA SAH DAN SUARA TIDAK SAH (V.A + V.B) | E62: =SUM(E60:E61) -> 142 | F62: =SUM(F60:F61) -> 212 | G62: =SUM(G60:G61) -> 186 | H62: =SUM(H60:H61) -> 200 | I62: =SUM(I60:I61) -> 181 | J62: =SUM(J60:J61) -> 175 | K62: =SUM(K60:K61) -> 172 | L62: =SUM(L60:L61) -> 204 | ... AE62: =SUM(AE60:AE61) -> 184 | AF62: =SUM(E62:AE62) -> 5468

Sheet KEPUNDUNGAN
C2: Kecamatan | D2: SRONO
C3: Kabupaten | D3: BANYUWANGI
C4: Provinsi | D4: JAWA TIMUR
C9: Kelurahan | D9: KEPUNDUNGAN
A12: I | B12: DATA PEMILIH DAN PENGGUNAAN HAK PILIH | W12: JUMLAH AKHIR
A13: A | B13: DATA PEMILIH | E13: TPS 001 | F13: TPS 002 | G13: TPS 003 | H13: TPS 004 | I13: TPS 005 | J13: TPS 006 | K13: TPS 007 | L13: TPS 008 | M13: TPS 009 | N13: TPS 010 | O13: TPS 011 | P13: TPS 012 | Q13: TPS 013 | R13: TPS 014 | S13: TPS 015 | T13: TPS 016 | U13: TPS 017 | V13: TPS 018
B14: Jumlah Pemilih dalam Daftar Pemilih Tetap (DPT) | D14: LK | E14: 151 | F14: 146 | G14: 141 | H14: 141 | I14: 141 | J14: 152 | K14: 135 | L14: 144 | M14: 136 | N14: 137 | O14: 136 | P14: 127 | Q14: 144 | R14: 140 | S14: 138 | T14: 140 | U14: 134 | V14: 150 | W14: =SUM(E14:V14) -> 2533
D15: PR | E15: 133 | F15: 135 | G15: 139 | H15: 146 | I15: 145 | J15: 141 | K15: 142 | L15: 144 | M15: 135 | N15: 149 | O15: 148 | P15: 157 | Q15: 133 | R15: 133 | S15: 147 | T15: 146 | U15: 147 | V15: 132 | W15: =SUM(E15:V15) -> 2552
D16: JML | E16: =SUM(E14:E15) -> 284 | F16: =SUM(F14:F15) -> 281 | G16: =SUM(G14:G15) -> 280 | H16: =SUM(H14:H15) -> 287 | I16: =SUM(I14:I15) -> 286 | J16: =SUM(J14:J15) -> 293 | K16: =SUM(K14:K15) -> 277 | L16: =SUM(L14:L15) -> 288 | ... V16: =SUM(V14:V15) -> 282 | W16: =SUM(E16:V16) -> 5085
A18: B | B18: PENGGUNA HAK PILIH
B19: 1. | C19: Jumlah pengguna hak pilih dalam Daftar Pemilih Tetap (DPT) | D19: LK | E19: 111 | F19: 108 | G19: 106 | H19: 109 | I19: 112 | J19: 117 | K19: 112 | L19: 108 | M19: 108 | N19: 104 | O19: 109 | P19: 100 | Q19: 102 | R19: 103 | S19: 103 | T19: 90 | U19: 92 | V19: 117 | W19: =SUM(E19:V19) -> 1911
D20: PR | E20: 109 | F20: 101 | G20: 112 | H20: 119 | I20: 118 | J20: 110 | K20: 124 | L20: 120 | M20: 116 | N20: 114 | O20: 120 | P20: 124 | Q20: 107 | R20: 106 | S20: 113 | T20: 104 | U20: 111 | V20: 104 | W20: =SUM(E20:V20) -> 2032
D21: JML | E21: =SUM(E19:E20) -> 220 | F21: =SUM(F19:F20) -> 209 | G21: =SUM(G19:G20) -> 218 | H21: =SUM(H19:H20) -> 228 | I21: =SUM(I19:I20) -> 230 | J21: =SUM(J19:J20) -> 227 | K21: =SUM(K19:K20) -> 236 | L21: =SUM(L19:L20) -> 228 | ... V21: =SUM(V19:V20) -> 221 | W21: =SUM(E21:V21) -> 3943
B22: 2. | C22: Jumlah pengguna hak pilih dalam Daftar Pemilih Tambahan (DPTb) | D22: LK | E22: 0 | F22: 0 | G22: 0 | H22: 0 | I22: 0 | J22: 0 | K22: 0 | L22: 0 | M22: 0 | N22: 0 | O22: 0 | P22: 0 | Q22: 0 | R22: 0 | S22: 0 | T22: 0 | U22: 0 | V22: 0 | W22: =SUM(E22:V22) -> 0
D23: PR | E23: 0 | F23: 0 | G23: 0 | H23: 0 | I23: 0 | J23: 0 | K23: 0 | L23: 0 | M23: 1 | N23: 0 | O23: 0 | P23: 0 | Q23: 0 | R23: 0 | S23: 0 | T23: 0 | U23: 0 | V23: 0 | W23: =SUM(E23:V23) -> 1
D24: JML | E24: =SUM(E22:E23) -> 0 | F24: =SUM(F22:F23) -> 0 | G24: =SUM(G22:G23) -> 0 | H24: =SUM(H22:H23) -> 0 | I24: =SUM(I22:I23) -> 0 | J24: =SUM(J22:J23) -> 0 | K24: =SUM(K22:K23) -> 0 | L24: =SUM(L22:L23) -> 0 | ... V24: =SUM(V22:V23) -> 0 | W24: =SUM(E24:V24) -> 1
B25: 3. | C25: Jumlah pengguna hak pilih dalam Daftar Pemilih Khusus (DPK) | D25: LK | E25: 1 | F25: 1 | G25: 1 | H25: 2 | I25: 0 | J25: 4 | K25: 1 | L25: 1 | M25: 1 | N25: 0 | O25: 0 | P25: 1 | Q25: 2 | R25: 3 | S25: 1 | T25: 1 | U25: 0 | V25: 0 | W25: =SUM(E25:V25) -> 20
D26: PR | E26: 0 | F26: 1 | G26: 5 | H26: 0 | I26: 0 | J26: 2 | K26: 0 | L26: 1 | M26: 2 | N26: 0 | O26: 3 | P26: 1 | Q26: 1 | R26: 4 | S26: 0 | T26: 0 | U26: 1 | V26: 2 | W26: =SUM(E26:V26) -> 23
D27: JML | E27: =SUM(E25:E26) -> 1 | F27: =SUM(F25:F26) -> 2 | G27: =SUM(G25:G26) -> 6 | H27: =SUM(H25:H26) -> 2 | I27: =SUM(I25:I26) -> 0 | J27: =SUM(J25:J26) -> 6 | K27: =SUM(K25:K26) -> 1 | L27: =SUM(L25:L26) -> 2 | ... V27: =SUM(V25:V26) -> 2 | W27: =SUM(E27:V27) -> 43
B28: 4. | C28: Jumlah Pengguna Hak Pilih (B.1+B.2+B.3) | D28: LK | E28: =SUM(E19,E22,E25) -> 112 | F28: =SUM(F19,F22,F25) -> 109 | G28: =SUM(G19,G22,G25) -> 107 | H28: =SUM(H19,H22,H25) -> 111 | I28: =SUM(I19,I22,I25) -> 112 | J28: =SUM(J19,J22,J25) -> 121 | K28: =SUM(K19,K22,K25) -> 113 | L28: =SUM(L19,L22,L25) -> 109 | ... V28: =SUM(V19,V22,V25) -> 117 | W28: =SUM(E28:V28) -> 1931
D29: PR | E29: =SUM(E20,E23,E26) -> 109 | F29: =SUM(F20,F23,F26) -> 102 | G29: =SUM(G20,G23,G26) -> 117 | H29: =SUM(H20,H23,H26) -> 119 | I29: =SUM(I20,I23,I26) -> 118 | J29: =SUM(J20,J23,J26) -> 112 | K29: =SUM(K20,K23,K26) -> 124 | L29: =SUM(L20,L23,L26) -> 121 | ... V29: =SUM(V20,V23,V26) -> 106 | W29: =SUM(E29:V29) -> 2056
D30: JML | E30: =SUM(E28:E29) -> 221 | F30: =SUM(F28:F29) -> 211 | G30: =SUM(G28:G29) -> 224 | H30: =SUM(H28:H29) -> 230 | I30: =SUM(I28:I29) -> 230 | J30: =SUM(J28:J29) -> 233 | K30: =SUM(K28:K29) -> 237 | L30: =SUM(L28:L29) -> 230 | ... V30: =SUM(V28:V29) -> 223 | W30: =SUM(E30:V30) -> 3987
A32: II | B32: DATA PENGGUNAAN SURAT SUARA
A33: 1 | B33: Jumlah surat suara yang diterima, termasuk surat suara cadangan 2,5% dari DPT | E33: 288 | F33: 283 | G33: 282 | H33: 292 | I33: 288 | J33: 309 | K33: 279 | L33: 294 | M33: 284 | N33: 289 | O33: 284 | P33: 288 | Q33: 279 | R33: 275 | S33: 287 | T33: 288 | U33: 287 | V33: 284 | W33: =SUM(E33:V33) -> 5160
A34: 2 | B34: Jumlah surat suara yang digunakan | E34: 221 | F34: 211 | G34: 224 | H34: 230 | I34: 230 | J34: 233 | K34: 237 | L34: 231 | M34: 227 | N34: 218 | O34: 232 | P34: 226 | Q34: 212 | R34: 216 | S34: 217 | T34: 195 | U34: 204 | V34: 223 | W34: =SUM(E34:V34) -> 3987
A35: 3 | B35: Jumlah surat suara dikembalikan oleh pemilih (karena rusak atau keliru coblos) | E35: 1 | F35: 0 | G35: 0 | H35: 0 | I35: 0 | J35: 1 | K35: 0 | L35: 0 | M35: 0 | N35: 1 | O35: 0 | P35: 0 | Q35: 0 | R35: 0 | S35: 0 | T35: 0 | U35: 0 | V35: 0 | W35: =SUM(E35:V35) -> 3
A36: 4 | B36: Jumlah surat suara yang tidak digunakan/tidak terpakai, termasuk sisa surat suara cadangan | E36: =E33-(E34+E35) -> 66 | F36: =F33-(F34+F35) -> 72 | G36: =G33-(G34+G35) -> 58 | H36: =H33-(H34+H35) -> 62 | I36: =I33-(I34+I35) -> 58 | J36: =J33-(J34+J35) -> 75 | K36: =K33-(K34+K35) -> 42 | L36: =L33-(L34+L35) -> 63 | ... V36: =V33-(V34+V35) -> 61 | W36: =SUM(E36:V36) -> 1170
A38: III | B38: DATA PEMILIH DISABILITAS
B39: Jumlah seluruh Pemilih disabilitas yang menggunakan hak pilih | D39: LK | W39: =SUM(E39:V39) -> 0
D40: PR | W40: =SUM(E40:V40) -> 0
D41: JML | E41: =SUM(E39:E40) -> 0 | F41: =SUM(F39:F40) -> 0 | G41: =SUM(G39:G40) -> 0 | H41: =SUM(H39:H40) -> 0 | I41: =SUM(I39:I40) -> 0 | J41: =SUM(J39:J40) -> 0 | K41: =SUM(K39:K40) -> 0 | L41: =SUM(L39:L40) -> 0 | ... V41: =SUM(V39:V40) -> 0 | W41: =SUM(E41:V41) -> 0
A43: IV | B43: DATA RINCIAN PEROLEHAN SUARA PASANGAN CALON BUPATI DAN WAKIL BUPATI
A44: NOMOR DAN NAMA CALON
B45: 1. | C45: AA. AHMAD NAWARDI | E45: 13 | F45: 8 | G45: 6 | H45: 13 | I45: 9 | J45: 10 | K45: 13 | L45: 20 | M45: 9 | N45: 7 | O45: 10 | P45: 5 | Q45: 8 | R45: 13 | S45: 21 | T45: 15 | U45: 11 | V45: 19 | W45: =SUM(E45:V45) -> 210
B46: 2. | C46: Ir. H. AA LA NYALLA MAHMUD MATTALITI, M.HP. | E46: 39 | F46: 16 | G46: 39 | H46: 24 | I46: 45 | J46: 46 | K46: 47 | L46: 25 | M46: 36 | N46: 43 | O46: 29 | P46: 14 | Q46: 26 | R46: 29 | S46: 26 | T46: 29 | U46: 25 | V46: 24 | W46: =SUM(E46:V46) -> 562
B47: 3. | C47: ABDUL QADIR AMIR HARTONO, S.E., S.H., M.H. | E47: 13 | F47: 20 | G47: 9 | H47: 20 | I47: 18 | J47: 14 | K47: 10 | L47: 12 | M47: 11 | N47: 12 | O47: 16 | P47: 14 | Q47: 7 | R47: 4 | S47: 7 | T47: 10 | U47: 11 | V47: 12 | W47: =SUM(E47:V47) -> 220
B48: 4. | C48: ADILLA AZIS, S.E. | E48: 22 | F48: 25 | G48: 34 | H48: 30 | I48: 23 | J48: 32 | K48: 21 | L48: 29 | M48: 19 | N48: 13 | O48: 26 | P48: 24 | Q48: 21 | R48: 23 | S48: 22 | T48: 17 | U48: 25 | V48: 35 | W48: =SUM(E48:V48) -> 441
B49: 5. | C49: Ir. H. AGUS RAHARDJO, MSc.M. | E49: 9 | F49: 22 | G49: 16 | H49: 21 | I49: 16 | J49: 14 | K49: 22 | L49: 21 | M49: 15 | N49: 16 | O49: 25 | P49: 19 | Q49: 21 | R49: 18 | S49: 20 | T49: 14 | U49: 11 | V49: 18 | W49: =SUM(E49:V49) -> 318
B50: 6. | C50: Drs. AYUB KHAN | E50: 10 | F50: 5 | G50: 8 | H50: 8 | I50: 12 | J50: 11 | K50: 7 | L50: 14 | M50: 11 | N50: 11 | O50: 7 | P50: 11 | Q50: 10 | R50: 12 | S50: 7 | T50: 17 | U50: 10 | V50: 7 | W50: =SUM(E50:V50) -> 178
B51: 7. | C51: BAMBANG HARIANTO | E51: 11 | F51: 7 | G51: 3 | H51: 2 | I51: 0 | J51: 1 | K51: 8 | L51: 1 | M51: 3 | N51: 6 | O51: 3 | P51: 0 | Q51: 1 | R51: 3 | S51: 3 | T51: 2 | U51: 1 | V51: 5 | W51: =SUM(E51:V51) -> 60
B52: 8. | C52: CATUR RUDI UTANTO, S.Sos. | E52: 9 | F52: 5 | G52: 9 | H52: 8 | I52: 4 | J52: 2 | K52: 2 | L52: 7 | M52: 6 | N52: 5 | O52: 10 | P52: 3 | Q52: 5 | R52: 2 | S52: 6 | T52: 5 | U52: 4 | V52: 4 | W52: =SUM(E52:V52) -> 96
B53: 9. | C53: DODDY DWI NUGROHO | E53: 0 | F53: 0 | G53: 0 | H53: 1 | I53: 0 | J53: 2 | K53: 0 | L53: 1 | M53: 1 | N53: 0 | O53: 0 | P53: 0 | Q53: 1 | R53: 0 | S53: 0 | T53: 1 | U53: 0 | V53: 1 | W53: =SUM(E53:V53) -> 8
B54: 10. | C54: KONDANG KUSUMANING AYU | E54: 29 | F54: 36 | G54: 23 | H54: 29 | I54: 40 | J54: 34 | K54: 41 | L54: 33 | M54: 22 | N54: 32 | O54: 22 | P54: 25 | Q54: 29 | R54: 16 | S54: 12 | T54: 23 | U54: 23 | V54: 19 | W54: =SUM(E54:V54) -> 488
B55: 11. | C55: KUNJUNG WAHYUDI | E55: 0 | F55: 3 | G55: 2 | H55: 2 | I55: 0 | J55: 1 | K55: 2 | L55: 2 | M55: 0 | N55: 0 | O55: 2 | P55: 2 | Q55: 2 | R55: 3 | S55: 3 | T55: 1 | U55: 1 | V55: 0 | W55: =SUM(E55:V55) -> 26
B56: 12. | C56: Dr. LIA ISTIFHAMA | E56: 27 | F56: 32 | G56: 32 | H56: 30 | I56: 30 | J56: 30 | K56: 35 | L56: 20 | M56: 31 | N56: 19 | O56: 15 | P56: 23 | Q56: 22 | R56: 18 | S56: 20 | T56: 16 | U56: 20 | V56: 24 | W56: =SUM(E56:V56) -> 444
B57: 13. | C57: MOHAMMAD TRIJANTO, S.H., M.M., M.H. | E57: 2 | F57: 4 | G57: 1 | H57: 3 | I57: 4 | J57: 5 | K57: 2 | L57: 3 | M57: 5 | N57: 0 | O57: 2 | P57: 1 | Q57: 0 | R57: 3 | S57: 1 | T57: 0 | U57: 3 | V57: 4 | W57: =SUM(E57:V57) -> 43
A59: V | B59: DATA SUARA SAH DAN TIDAK SAH
B60: A. | C60: JUMLAH SELURUH SUARA SAH | E60: =SUM(E45:E57) -> 184 | F60: =SUM(F45:F57) -> 183 | G60: =SUM(G45:G57) -> 182 | H60: =SUM(H45:H57) -> 191 | I60: =SUM(I45:I57) -> 201 | J60: =SUM(J45:J57) -> 202 | K60: =SUM(K45:K57) -> 210 | L60: =SUM(L45:L57) -> 188 | ... V60: =SUM(V45:V57) -> 172 | W60: =SUM(E60:V60) -> 3094
B61: B. | C61: JUMLAH SUARA TIDAK SAH | E61: 37 | F61: 28 | G61: 42 | H61: 39 | I61: 26 | J61: 29 | K61: 29 | L61: 44 | M61: 58 | N61: 54 | O61: 67 | P61: 85 | Q61: 59 | R61: 72 | S61: 69 | T61: 45 | U61: 59 | V61: 51 | W61: =SUM(E61:V61) -> 893
B62: C. | C62: JUMLAH SELURUH SUARA SAH DAN SUARA TIDAK SAH (V.A + V.B) | E62: =SUM(E60:E61) -> 221 | F62: =SUM(F60:F61) -> 211 | G62: =SUM(G60:G61) -> 224 | H62: =SUM(H60:H61) -> 230 | I62: =SUM(I60:I61) -> 227 | J62: =SUM(J60:J61) -> 231 | K62: =SUM(K60:K61) -> 239 | L62: =SUM(L60:L61) -> 232 | ... V62: =SUM(V60:V61) -> 223 | W62: =SUM(E62:V62) -> 3987

Sheet SUKOMAJU
C2: Kecamatan | D2: SRONO
C3: Kabupaten | D3: BANYUWANGI
C4: Provinsi | D4: JAWA TIMUR
C9: Kelurahan | D9: SUKOMAJU
A12: I | B12: DATA PEMILIH DAN PENGGUNAAN HAK PILIH | AC12: JUMLAH AKHIR
A13: A | B13: DATA PEMILIH | E13: TPS 001 | F13: TPS 002 | G13: TPS 003 | H13: TPS 004 | I13: TPS 005 | J13: TPS 006 | K13: TPS 007 | L13: TPS 008 | M13: TPS 009 | N13: TPS 010 | O13: TPS 011 | P13: TPS 012 | Q13: TPS 013 | R13: TPS 014 | S13: TPS 015 | T13: TPS 016 | U13: TPS 017 | V13: TPS 018 | W13: TPS 019 | X13: TPS 020 | Y13: TPS 021 | Z13: TPS 022 | AA13: TPS 023 | AB13: TPS 024
B14: Jumlah Pemilih dalam Daftar Pemilih Tetap (DPT) | D14: LK | E14: 140 | F14: 136 | G14: 136 | H14: 135 | I14: 138 | J14: 134 | K14: 124 | L14: 141 | M14: 137 | N14: 149 | O14: 125 | P14: 137 | Q14: 134 | R14: 129 | S14: 134 | T14: 147 | U14: 119 | V14: 144 | W14: 123 | X14: 142 | Y14: 136 | Z14: 132 | AA14: 129 | AB14: 143 | AC14: =SUM(E14:AB14) -> 3244
D15: PR | E15: 138 | F15: 141 | G15: 137 | H15: 141 | I15: 140 | J15: 138 | K15: 147 | L15: 137 | M15: 127 | N15: 136 | O15: 141 | P15: 140 | Q15: 130 | R15: 129 | S15: 149 | T15: 148 | U15: 121 | V15: 137 | W15: 141 | X15: 127 | Y15: 139 | Z15: 139 | AA15: 138 | AB15: 131 | AC15: =SUM(E15:AB15) -> 3292
D16: JML | E16: =SUM(E14:E15) -> 278 | F16: =SUM(F14:F15) -> 277 | G16: =SUM(G14:G15) -> 273 | H16: =SUM(H14:H15) -> 276 | I16: =SUM(I14:I15) -> 278 | J16: =SUM(J14:J15) -> 272 | K16: =SUM(K14:K15) -> 271 | L16: =SUM(L14:L15) -> 278 | ... AB16: =SUM(AB14:AB15) -> 274 | AC16: =SUM(E16:AB16) -> 6536
A18: B | B18: PENGGUNA HAK PILIH
B19: 1. | C19: Jumlah pengguna hak pilih dalam Daftar Pemilih Tetap (DPT) | D19: LK | E19: 93 | F19: 111 | G19: 103 | H19: 99 | I19: 98 | J19: 99 | K19: 78 | L19: 95 | M19: 106 | N19: 114 | O19: 100 | P19: 115 | Q19: 106 | R19: 107 | S19: 106 | T19: 106 | U19: 90 | V19: 99 | W19: 88 | X19: 103 | Y19: 97 | Z19: 94 | AA19: 92 | AB19: 114 | AC19: =SUM(E19:AB19) -> 2413
D20: PR | E20: 104 | F20: 120 | G20: 98 | H20: 119 | I20: 108 | J20: 106 | K20: 109 | L20: 105 | M20: 100 | N20: 108 | O20: 119 | P20: 121 | Q20: 106 | R20: 112 | S20: 124 | T20: 132 | U20: 93 | V20: 109 | W20: 108 | X20: 105 | Y20: 116 | Z20: 109 | AA20: 101 | AB20: 113 | AC20: =SUM(E20:AB20) -> 2645
D21: JML | E21: =SUM(E19:E20) -> 197 | F21: =SUM(F19:F20) -> 231 | G21: =SUM(G19:G20) -> 201 | H21: =SUM(H19:H20) -> 218 | I21: =SUM(I19:I20) -> 206 | J21: =SUM(J19:J20) -> 205 | K21: =SUM(K19:K20) -> 187 | L21: =SUM(L19:L20) -> 200 | ... AB21: =SUM(AB19:AB20) -> 227 | AC21: =SUM(E21:AB21) -> 5058
B22: 2. | C22: Jumlah pengguna hak pilih dalam Daftar Pemilih Tambahan (DPTb) | D22: LK | E22: 1 | F22: 0 | G22: 0 | H22: 0 | I22: 0 | J22: 1 | K22: 0 | L22: 0 | M22: 0 | N22: 0 | O22: 0 | P22: 0 | Q22: 1 | R22: 0 | S22: 0 | T22: 2 | U22: 1 | V22: 0 | W22: 0 | X22: 0 | Y22: 0 | Z22: 0 | AA22: 0 | AB22: 2 | AC22: =SUM(E22:AB22) -> 8
D23: PR | E23: 0 | F23: 0 | G23: 0 | H23: 0 | I23: 0 | J23: 0 | K23: 1 | L23: 0 | M23: 0 | N23: 0 | O23: 0 | P23: 0 | Q23: 0 | R23: 1 | S23: 0 | T23: 1 | U23: 0 | V23: 0 | W23: 0 | X23: 1 | Y23: 0 | Z23: 0 | AA23: 0 | AB23: 1 | AC23: =SUM(E23:AB23) -> 5
D24: JML | E24: =SUM(E22:E23) -> 1 | F24: =SUM(F22:F23) -> 0 | G24: =SUM(G22:G23) -> 0 | H24: =SUM(H22:H23) -> 0 | I24: =SUM(I22:I23) -> 0 | J24: =SUM(J22:J23) -> 1 | K24: =SUM(K22:K23) -> 1 | L24: =SUM(L22:L23) -> 0 | ... AB24: =SUM(AB22:AB23) -> 3 | AC24: =SUM(E24:AB24) -> 13
B25: 3. | C25: Jumlah pengguna hak pilih dalam Daftar Pemilih Khusus (DPK) | D25: LK | E25: 1 | F25: 0 | G25: 0 | H25: 0 | I25: 0 | J25: 2 | K25: 2 | L25: 0 | M25: 1 | N25: 0 | O25: 0 | P25: 1 | Q25: 1 | R25: 1 | S25: 0 | T25: 2 | U25: 1 | V25: 0 | W25: 4 | X25: 0 | Y25: 0 | Z25: 0 | AA25: 0 | AB25: 0 | AC25: =SUM(E25:AB25) -> 16
D26: PR | E26: 1 | F26: 2 | G26: 0 | H26: 0 | I26: 0 | J26: 2 | K26: 1 | L26: 4 | M26: 0 | N26: 0 | O26: 2 | P26: 1 | Q26: 1 | R26: 0 | S26: 3 | T26: 2 | U26: 0 | V26: 0 | W26: 0 | X26: 0 | Y26: 0 | Z26: 0 | AA26: 0 | AB26: 0 | AC26: =SUM(E26:AB26) -> 19
D27: JML | E27: =SUM(E25:E26) -> 2 | F27: =SUM(F25:F26) -> 2 | G27: =SUM(G25:G26) -> 0 | H27: =SUM(H25:H26) -> 0 | I27: =SUM(I25:I26) -> 0 | J27: =SUM(J25:J26) -> 4 | K27: =SUM(K25:K26) -> 3 | L27: =SUM(L25:L26) -> 4 | ... AB27: =SUM(AB25:AB26) -> 0 | AC27: =SUM(E27:AB27) -> 35
B28: 4. | C28: Jumlah Pengguna Hak Pilih (B.1+B.2+B.3) | D28: LK | E28: =SUM(E19,E22,E25) -> 95 | F28: =SUM(F19,F22,F25) -> 111 | G28: =SUM(G19,G22,G25) -> 103 | H28: =SUM(H19,H22,H25) -> 99 | I28: =SUM(I19,I22,I25) -> 98 | J28: =SUM(J19,J22,J25) -> 102 | K28: =SUM(K19,K22,K25) -> 80 | L28: =SUM(L19,L22,L25) -> 95 | ... AB28: =SUM(AB19,AB22,AB25) -> 116 | AC28: =SUM(E28:AB28) -> 2437
D29: PR | E29: =SUM(E20,E23,E26) -> 105 | F29: =SUM(F20,F23,F26) -> 122 | G29: =SUM(G20,G23,G26) -> 98 | H29: =SUM(H20,H23,H26) -> 119 | I29: =SUM(I20,I23,I26) -> 108 | J29: =SUM(J20,J23,J26) -> 108 | K29: =SUM(K20,K23,K26) -> 111 | L29: =SUM(L20,L23,L26) -> 109 | ... AB29: =SUM(AB20,AB23,AB26) -> 114 | AC29: =SUM(E29:AB29) -> 2669
D30: JML | E30: =SUM(E28:E29) -> 200 | F30: =SUM(F28:F29) -> 233 | G30: =SUM(G28:G29) -> 201 | H30: =SUM(H28:H29) -> 218 | I30: =SUM(I28:I29) -> 206 | J30: =SUM(J28:J29) -> 210 | K30: =SUM(K28:K29) -> 191 | L30: =SUM(L28:L29) -> 204 | ... AB30: =SUM(AB28:AB29) -> 230 | AC30: =SUM(E30:AB30) -> 5106
A32: II | B32: DATA PENGGUNAAN SURAT SUARA
A33: 1 | B33: Jumlah surat suara yang diterima, termasuk surat suara cadangan 2,5% dari DPT | E33: 284 | F33: 283 | G33: 279 | H33: 282 | I33: 284 | J33: 278 | K33: 277 | L33: 284 | M33: 270 | N33: 281 | O33: 272 | P33: 282 | Q33: 271 | R33: 264 | S33: 289 | T33: 302 | U33: 245 | V33: 287 | W33: 270 | X33: 275 | Y33: 281 | Z33: 278 | AA33: 273 | AB33: 280 | AC33: =SUM(E33:AB33) -> 6671
A34: 2 | B34: Jumlah surat suara yang digunakan | E34: 200 | F34: 233 | G34: 201 | H34: 218 | I34: 206 | J34: 210 | K34: 191 | L34: 204 | M34: 207 | N34: 214 | O34: 235 | P34: 223 | Q34: 224 | R34: 220 | S34: 234 | T34: 245 | U34: 185 | V34: 208 | W34: 200 | X34: 209 | Y34: 213 | Z34: 203 | AA34: 193 | AB34: 230 | AC34: =SUM(E34:AB34) -> 5106
A35: 3 | B35: Jumlah surat suara dikembalikan oleh pemilih (karena rusak atau keliru coblos) | E35: 0 | F35: 0 | G35: 0 | H35: 0 | I35: 0 | J35: 1 | K35: 0 | L35: 0 | M35: 0 | N35: 1 | O35: 0 | P35: 0 | Q35: 0 | R35: 0 | S35: 0 | T35: 0 | U35: 0 | V35: 0 | W35: 0 | X35: 0 | Y35: 0 | Z35: 0 | AA35: 0 | AB35: 0 | AC35: =SUM(E35:AB35) -> 2
A36: 4 | B36: Jumlah surat suara yang tidak digunakan/tidak terpakai, termasuk sisa surat suara cadangan | E36: =E33-(E34+E35) -> 84 | F36: =F33-(F34+F35) -> 50 | G36: =G33-(G34+G35) -> 78 | H36: =H33-(H34+H35) -> 64 | I36: =I33-(I34+I35) -> 78 | J36: =J33-(J34+J35) -> 67 | K36: =K33-(K34+K35) -> 86 | L36: =L33-(L34+L35) -> 80 | ... AB36: =AB33-(AB34+AB35) -> 50 | AC36: =SUM(E36:AB36) -> 1563
A38: III | B38: DATA PEMILIH DISABILITAS
B39: Jumlah seluruh Pemilih disabilitas yang menggunakan hak pilih | D39: LK | E39: 1 | F39: 0 | G39: 0 | H39: 0 | I39: 0 | J39: 0 | K39: 0 | L39: 0 | M39: 0 | N39: 0 | O39: 0 | P39: 0 | Q39: 0 | R39: 0 | S39: 0 | T39: 0 | U39: 0 | V39: 0 | W39: 0 | X39: 2 | Y39: 0 | Z39: 0 | AA39: 0 | AB39: 0 | AC39: =SUM(E39:AB39) -> 3
D40: PR | E40: 0 | F40: 1 | G40: 0 | H40: 0 | I40: 0 | J40: 0 | K40: 0 | L40: 0 | M40: 0 | N40: 0 | O40: 0 | P40: 0 | Q40: 0 | R40: 0 | S40: 0 | T40: 0 | U40: 0 | V40: 0 | W40: 0 | X40: 1 | Y40: 0 | Z40: 0 | AA40: 0 | AB40: 1 | AC40: =SUM(E40:AB40) -> 3
D41: JML | E41: =SUM(E39:E40) -> 1 | F41: =SUM(F39:F40) -> 1 | G41: =SUM(G39:G40) -> 0 | H41: =SUM(H39:H40) -> 0 | I41: =SUM(I39:I40) -> 0 | J41: =SUM(J39:J40) -> 0 | K41: =SUM(K39:K40) -> 0 | L41: =SUM(L39:L40) -> 0 | ... AB41: =SUM(AB39:AB40) -> 1 | AC41: =SUM(E41:AB41) -> 6
A43: IV | B43: DATA RINCIAN PEROLEHAN SUARA PASANGAN CALON BUPATI DAN WAKIL BUPATI
A44: NOMOR DAN NAMA CALON
B45: 1. | C45: AA. AHMAD NAWARDI | E45: 4 | F45: 8 | G45: 8 | H45: 7 | I45: 15 | J45: 13 | K45: 6 | L45: 6 | M45: 20 | N45: 12 | O45: 9 | P45: 15 | Q45: 24 | R45: 18 | S45: 49 | T45: 41 | U45: 8 | V45: 5 | W45: 12 | X45: 17 | Y45: 16 | Z45: 14 | AA45: 11 | AB45: 13 | AC45: =SUM(E45:AB45) -> 351
B46: 2. | C46: Ir. H. AA LA NYALLA MAHMUD MATTALITI, M.HP. | E46: 28 | F46: 32 | G46: 24 | H46: 41 | I46: 32 | J46: 43 | K46: 27 | L46: 24 | M46: 29 | N46: 20 | O46: 22 | P46: 36 | Q46: 25 | R46: 44 | S46: 22 | T46: 29 | U46: 24 | V46: 40 | W46: 28 | X46: 23 | Y46: 30 | Z46: 33 | AA46: 42 | AB46: 32 | AC46: =SUM(E46:AB46) -> 730
B47: 3. | C47: ABDUL QADIR AMIR HARTONO, S.E., S.H., M.H. | E47: 27 | F47: 15 | G47: 19 | H47: 11 | I47: 12 | J47: 20 | K47: 12 | L47: 17 | M47: 16 | N47: 28 | O47: 23 | P47: 8 | Q47: 14 | R47: 11 | S47: 16 | T47: 16 | U47: 7 | V47: 11 | W47: 10 | X47: 14 | Y47: 20 | Z47: 5 | AA47: 13 | AB47: 14 | AC47: =SUM(E47:AB47) -> 359
B48: 4. | C48: ADILLA AZIS, S.E. | E48: 19 | F48: 24 | G48: 25 | H48: 20 | I48: 31 | J48: 24 | K48: 29 | L48: 25 | M48: 17 | N48: 26 | O48: 33 | P48: 44 | Q48: 22 | R48: 18 | S48: 27 | T48: 24 | U48: 16 | V48: 15 | W48: 23 | X48: 28 | Y48: 22 | Z48: 19 | AA48: 10 | AB48: 20 | AC48: =SUM(E48:AB48) -> 561
B49: 5. | C49: Ir. H. AGUS RAHARDJO, MSc.M. | E49: 17 | F49: 13 | G49: 12 | H49: 21 | I49: 18 | J49: 17 | K49: 16 | L49: 29 | M49: 25 | N49: 16 | O49: 24 | P49: 17 | Q49: 13 | R49: 14 | S49: 16 | T49: 22 | U49: 11 | V49: 14 | W49: 14 | X49: 13 | Y49: 25 | Z49: 21 | AA49: 11 | AB49: 19 | AC49: =SUM(E49:AB49) -> 418
B50: 6. | C50: Drs. AYUB KHAN | E50: 9 | F50: 10 | G50: 15 | H50: 17 | I50: 6 | J50: 4 | K50: 11 | L50: 14 | M50: 13 | N50: 9 | O50: 16 | P50: 7 | Q50: 7 | R50: 14 | S50: 11 | T50: 17 | U50: 18 | V50: 8 | W50: 10 | X50: 9 | Y50: 10 | Z50: 9 | AA50: 7 | AB50: 18 | AC50: =SUM(E50:AB50) -> 269
B51: 7. | C51: BAMBANG HARIANTO | E51: 1 | F51: 2 | G51: 4 | H51: 2 | I51: 1 | J51: 0 | K51: 1 | L51: 3 | M51: 6 | N51: 2 | O51: 1 | P51: 2 | Q51: 0 | R51: 2 | S51: 1 | T51: 0 | U51: 1 | V51: 3 | W51: 4 | X51: 2 | Y51: 4 | Z51: 6 | AA51: 0 | AB51: 5 | AC51: =SUM(E51:AB51) -> 53
B52: 8. | C52: CATUR RUDI UTANTO, S.Sos. | E52: 8 | F52: 4 | G52: 3 | H52: 6 | I52: 5 | J52: 3 | K52: 3 | L52: 5 | M52: 1 | N52: 5 | O52: 0 | P52: 4 | Q52: 4 | R52: 3 | S52: 3 | T52: 1 | U52: 0 | V52: 5 | W52: 3 | X52: 5 | Y52: 3 | Z52: 3 | AA52: 2 | AB52: 2 | AC52: =SUM(E52:AB52) -> 81
B53: 9. | C53: DODDY DWI NUGROHO | E53: 1 | F53: 2 | G53: 0 | H53: 3 | I53: 1 | J53: 1 | K53: 0 | L53: 0 | M53: 1 | N53: 2 | O53: 1 | P53: 1 | Q53: 0 | R53: 1 | S53: 0 | T53: 0 | U53: 0 | V53: 1 | W53: 2 | X53: 2 | Y53: 1 | Z53: 1 | AA53: 0 | AB53: 0 | AC53: =SUM(E53:AB53) -> 21
B54: 10. | C54: KONDANG KUSUMANING AYU | E54: 15 | F54: 21 | G54: 14 | H54: 24 | I54: 18 | J54: 23 | K54: 28 | L54: 11 | M54: 21 | N54: 25 | O54: 20 | P54: 19 | Q54: 23 | R54: 30 | S54: 33 | T54: 36 | U54: 32 | V54: 30 | W54: 35 | X54: 38 | Y54: 17 | Z54: 31 | AA54: 28 | AB54: 39 | AC54: =SUM(E54:AB54) -> 611
B55: 11. | C55: KUNJUNG WAHYUDI | E55: 1 | F55: 0 | G55: 0 | H55: 2 | I55: 1 | J55: 0 | K55: 1 | L55: 0 | M55: 0 | N55: 0 | O55: 1 | P55: 1 | Q55: 0 | R55: 0 | S55: 1 | T55: 0 | U55: 0 | V55: 1 | W55: 1 | X55: 0 | Y55: 2 | Z55: 0 | AA55: 0 | AB55: 0 | AC55: =SUM(E55:AB55) -> 12
B56: 12. | C56: Dr. LIA ISTIFHAMA | E56: 21 | F56: 11 | G56: 28 | H56: 26 | I56: 15 | J56: 14 | K56: 17 | L56: 24 | M56: 21 | N56: 22 | O56: 25 | P56: 30 | Q56: 31 | R56: 30 | S56: 26 | T56: 29 | U56: 23 | V56: 31 | W56: 35 | X56: 24 | Y56: 23 | Z56: 18 | AA56: 16 | AB56: 26 | AC56: =SUM(E56:AB56) -> 566
B57: 13. | C57: MOHAMMAD TRIJANTO, S.H., M.M., M.H. | E57: 2 | F57: 1 | G57: 1 | H57: 3 | I57: 6 | J57: 1 | K57: 3 | L57: 2 | M57: 6 | N57: 4 | O57: 4 | P57: 4 | Q57: 3 | R57: 0 | S57: 1 | T57: 2 | U57: 1 | V57: 1 | W57: 1 | X57: 1 | Y57: 4 | Z57: 5 | AA57: 4 | AB57: 5 | AC57: =SUM(E57:AB57) -> 65
A59: V | B59: DATA SUARA SAH DAN TIDAK SAH
B60: A. | C60: JUMLAH SELURUH SUARA SAH | E60: =SUM(E45:E57) -> 153 | F60: =SUM(F45:F57) -> 143 | G60: =SUM(G45:G57) -> 153 | H60: =SUM(H45:H57) -> 183 | I60: =SUM(I45:I57) -> 161 | J60: =SUM(J45:J57) -> 163 | K60: =SUM(K45:K57) -> 154 | L60: =SUM(L45:L57) -> 160 | ... AB60: =SUM(AB45:AB57) -> 193 | AC60: =SUM(E60:AB60) -> 4097
B61: B. | C61: JUMLAH SUARA TIDAK SAH | E61: 47 | F61: 90 | G61: 48 | H61: 35 | I61: 48 | J61: 45 | K61: 41 | L61: 40 | M61: 31 | N61: 51 | O61: 43 | P61: 48 | Q61: 48 | R61: 36 | S61: 28 | T61: 27 | U61: 44 | V61: 44 | W61: 24 | X61: 33 | Y61: 35 | Z61: 38 | AA61: 40 | AB61: 45 | AC61: =SUM(E61:AB61) -> 1009
B62: C. | C62: JUMLAH SELURUH SUARA SAH DAN SUARA TIDAK SAH (V.A + V.B) | E62: =SUM(E60:E61) -> 200 | F62: =SUM(F60:F61) -> 233 | G62: =SUM(G60:G61) -> 201 | H62: =SUM(H60:H61) -> 218 | I62: =SUM(I60:I61) -> 209 | J62: =SUM(J60:J61) -> 208 | K62: =SUM(K60:K61) -> 195 | L62: =SUM(L60:L61) -> 200 | ... AB62: =SUM(AB60:AB61) -> 238 | AC62: =SUM(E62:AB62) -> 5106
