Workbook

Sheet DPD
C8: Kecamatan | D8: BANGOREJO
C9: Kabupaten | D9: BANYUWANGI
C10: Provinsi | D10: JAWA TIMUR
A12: I | B12: DATA PEMILIH DAN PENGGUNAAN HAK PILIH | E12: JUMLAH AKHIR
A13: A | B13: DATA PEMILIH
B14: Jumlah Pemilih dalam Daftar Pemilih Tetap (DPT) | D14: LK | E14: =BENCULUK!AS14+CLURING!AL14+KALIPLOSO!Q14+PLAMPANGREJO!AE14+SARIMULYO!AA14+SEMBULUNG!AC14+SRATEN!AB14 -> 23919
D15: PR | E15: =BENCULUK!AS15+CLURING!AL15+KALIPLOSO!Q15+PLAMPANGREJO!AE15+SARIMULYO!AA15+SEMBULUNG!AC15+SRATEN!AB15 -> 24124
D16: JML | E16: =SUM(E14:E15) -> 48043
A18: B | B18: PENGGUNA HAK PILIH
B19: 1. | C19: Jumlah pengguna hak pilih dalam Daftar Pemilih Tetap (DPT) | D19: LK | E19: =BENCULUK!AS19+CLURING!AL19+KALIPLOSO!Q19+PLAMPANGREJO!AE19+SARIMULYO!AA19+SEMBULUNG!AC19+SRATEN!AB19+TAMANAGUNG!AH19+TAMPO!AB19 -> 22885
D20: PR | E20: =BENCULUK!AS20+CLURING!AL20+KALIPLOSO!Q20+PLAMPANGREJO!AE20+SARIMULYO!AA20+SEMBULUNG!AC20+SRATEN!AB20+TAMANAGUNG!AH20+TAMPO!AB20 -> 24362
D21: JML | E21: =SUM(E19:E20) -> 47247
B22: 2. | C22: Jumlah pengguna hak pilih dalam Daftar Pemilih Tambahan (DPTb) | D22: LK | E22: =BENCULUK!AS22+CLURING!AL22+KALIPLOSO!Q22+PLAMPANGREJO!AE22+SARIMULYO!AA22+SEMBULUNG!AC22+SRATEN!AB22+TAMANAGUNG!AH22+TAMPO!AB22 -> 31
D23: PR | E23: =BENCULUK!AS23+CLURING!AL23+KALIPLOSO!Q23+PLAMPANGREJO!AE23+SARIMULYO!AA23+SEMBULUNG!AC23+SRATEN!AB23+TAMANAGUNG!AH23+TAMPO!AB23 -> 30
D24: JML | E24: =SUM(E22:E23) -> 61
B25: 3. | C25: Jumlah pengguna hak pilih dalam Daftar Pemilih Khusus (DPK) | D25: LK | E25: =BENCULUK!AS25+CLURING!AL25+KALIPLOSO!Q25+PLAMPANGREJO!AE25+SARIMULYO!AA25+SEMBULUNG!AC25+SRATEN!AB25+TAMANAGUNG!AH25+TAMPO!AB25 -> 228
D26: PR | E26: =BENCULUK!AS26+CLURING!AL26+KALIPLOSO!Q26+PLAMPANGREJO!AE26+SARIMULYO!AA26+SEMBULUNG!AC26+SRATEN!AB26+TAMANAGUNG!AH26+TAMPO!AB26 -> 287
D27: JML | E27: =SUM(E25:E26) -> 515
B28: 4. | C28: Jumlah Pengguna Hak Pilih (B.1+B.2+B.3) | D28: LK | E28: =E19+E22+E25 -> 23144
D29: PR | E29: =E20+E23+E26 -> 24679
D30: JML | E30: =SUM(E28:E29) -> 47823
A32: II | B32: DATA PENGGUNAAN SURAT SUARA
A33: 1 | B33: Jumlah surat suara yang diterima, termasuk surat suara cadangan 2,5% dari DPT | E33: =BENCULUK!AS33+CLURING!AL33+KALIPLOSO!Q33+PLAMPANGREJO!AE33+SARIMULYO!AA33+SEMBULUNG!AC33+SRATEN!AB33+TAMANAGUNG!AH33+TAMPO!AB33 -> 62718
A34: 2 | B34: Jumlah surat suara yang digunakan | E34: =BENCULUK!AS34+CLURING!AL34+KALIPLOSO!Q34+PLAMPANGREJO!AE34+SARIMULYO!AA34+SEMBULUNG!AC34+SRATEN!AB34+TAMANAGUNG!AH34+TAMPO!AB34 -> 47825
A35: 3 | B35: Jumlah surat suara dikembalikan oleh pemilih (karena rusak atau keliru coblos) | E35: =BENCULUK!AS35+CLURING!AL35+KALIPLOSO!Q35+PLAMPANGREJO!AE35+SARIMULYO!AA35+SEMBULUNG!AC35+SRATEN!AB35+TAMANAGUNG!AH35+TAMPO!AB35 -> 70
A36: 4 | B36: Jumlah surat suara yang tidak digunakan/tidak terpakai, termasuk sisa surat suara cadangan | E36: =E33-(E34+E35) -> 14823
A38: III | B38: DATA PEMILIH DISABILITAS
B39: Jumlah seluruh Pemilih disabilitas yang menggunakan hak pilih | D39: LK | E39: =BENCULUK!AS39+CLURING!AL39+KALIPLOSO!Q39+PLAMPANGREJO!AE39+SARIMULYO!AA39+SEMBULUNG!AC39+SRATEN!AB39+TAMANAGUNG!AH39+TAMPO!AB39 -> 125
D40: PR | E40: =BENCULUK!AS40+CLURING!AL40+KALIPLOSO!Q40+PLAMPANGREJO!AE40+SARIMULYO!AA40+SEMBULUNG!AC40+SRATEN!AB40+TAMANAGUNG!AH40+TAMPO!AB40 -> 149
D41: JML | E41: =SUM(E39:E40) -> 274
A43: IV | B43: DATA RINCIAN PEROLEHAN SUARA PASANGAN CALON BUPATI DAN WAKIL BUPATI
A44: NOMOR DAN NAMA CALON
A45: A.2 | B45: 1. | C45: AA. AHMAD NAWARDI | E45: =BENCULUK!AS45+CLURING!AL45+KALIPLOSO!Q45+PLAMPANGREJO!AE45+SARIMULYO!AA45+SEMBULUNG!AC45+SRATEN!AB45+TAMANAGUNG!AH45+TAMPO!AB45 -> 2454
B46: 2. | C46: Ir. H. AA LA NYALLA MAHMUD MATTALITI, M.HP. | E46: =BENCULUK!AS46+CLURING!AL46+KALIPLOSO!Q46+PLAMPANGREJO!AE46+SARIMULYO!AA46+SEMBULUNG!AC46+SRATEN!AB46+TAMANAGUNG!AH46+TAMPO!AB46 -> 5011
B47: 3. | C47: ABDUL QADIR AMIR HARTONO, S.E., S.H., M.H. | E47: =BENCULUK!AS47+CLURING!AL47+KALIPLOSO!Q47+PLAMPANGREJO!AE47+SARIMULYO!AA47+SEMBULUNG!AC47+SRATEN!AB47+TAMANAGUNG!AH47+TAMPO!AB47 -> 2339
B48: 4. | C48: ADILLA AZIS, S.E. | E48: =BENCULUK!AS48+CLURING!AL48+KALIPLOSO!Q48+PLAMPANGREJO!AE48+SARIMULYO!AA48+SEMBULUNG!AC48+SRATEN!AB48+TAMANAGUNG!AH48+TAMPO!AB48 -> 3932
B49: 5. | C49: Ir. H. AGUS RAHARDJO, MSc.M. | E49: =BENCULUK!AS49+CLURING!AL49+KALIPLOSO!Q49+PLAMPANGREJO!AE49+SARIMULYO!AA49+SEMBULUNG!AC49+SRATEN!AB49+TAMANAGUNG!AH49+TAMPO!AB49 -> 3091
B50: 6. | C50: Drs. AYUB KHAN | E50: =BENCULUK!AS50+CLURING!AL50+KALIPLOSO!Q50+PLAMPANGREJO!AE50+SARIMULYO!AA50+SEMBULUNG!AC50+SRATEN!AB50+TAMANAGUNG!AH50+TAMPO!AB50 -> 2433
B51: 7. | C51: BAMBANG HARIANTO | E51: =BENCULUK!AS51+CLURING!AL51+KALIPLOSO!Q51+PLAMPANGREJO!AE51+SARIMULYO!AA51+SEMBULUNG!AC51+SRATEN!AB51+TAMANAGUNG!AH51+TAMPO!AB51 -> 472
B52: 8. | C52: CATUR RUDI UTANTO, S.Sos. | E52: =BENCULUK!AS52+CLURING!AL52+KALIPLOSO!Q52+PLAMPANGREJO!AE52+SARIMULYO!AA52+SEMBULUNG!AC52+SRATEN!AB52+TAMANAGUNG!AH52+TAMPO!AB52 -> 583
B53: 9. | C53: DODDY DWI NUGROHO | E53: =BENCULUK!AS53+CLURING!AL53+KALIPLOSO!Q53+PLAMPANGREJO!AE53+SARIMULYO!AA53+SEMBULUNG!AC53+SRATEN!AB53+TAMANAGUNG!AH53+TAMPO!AB53 -> 152
B54: 10. | C54: KONDANG KUSUMANING AYU | E54: =BENCULUK!AS54+CLURING!AL54+KALIPLOSO!Q54+PLAMPANGREJO!AE54+SARIMULYO!AA54+SEMBULUNG!AC54+SRATEN!AB54+TAMANAGUNG!AH54+TAMPO!AB54 -> 4826
B55: 11. | C55: KUNJUNG WAHYUDI | E55: =BENCULUK!AS55+CLURING!AL55+KALIPLOSO!Q55+PLAMPANGREJO!AE55+SARIMULYO!AA55+SEMBULUNG!AC55+SRATEN!AB55+TAMANAGUNG!AH55+TAMPO!AB55 -> 202
B56: 12. | C56: Dr. LIA ISTIFHAMA | E56: =BENCULUK!AS56+CLURING!AL56+KALIPLOSO!Q56+PLAMPANGREJO!AE56+SARIMULYO!AA56+SEMBULUNG!AC56+SRATEN!AB56+TAMANAGUNG!AH56+TAMPO!AB56 -> 4854
B57: 13. | C57: MOHAMMAD TRIJANTO, S.H., M.M., M.H. | E57: =BENCULUK!AS57+CLURING!AL57+KALIPLOSO!Q57+PLAMPANGREJO!AE57+SARIMULYO!AA57+SEMBULUNG!AC57+SRATEN!AB57+TAMANAGUNG!AH57+TAMPO!AB57 -> 373
A59: V | B59: DATA SUARA SAH DAN TIDAK SAH
B60: A. | C60: JUMLAH SELURUH SUARA SAH | E60: =BENCULUK!AS60+CLURING!AL60+KALIPLOSO!Q60+PLAMPANGREJO!AE60+SARIMULYO!AA60+SEMBULUNG!AC60+SRATEN!AB60+TAMANAGUNG!AH60+TAMPO!AB60 -> 39991
B61: B. | C61: JUMLAH SUARA TIDAK SAH | E61: =BENCULUK!AS61+CLURING!AL61+KALIPLOSO!Q61+PLAMPANGREJO!AE61+SARIMULYO!AA61+SEMBULUNG!AC61+SRATEN!AB61+TAMANAGUNG!AH61+TAMPO!AB61 -> 7506
B62: C. | C62: JUMLAH SELURUH SUARA SAH DAN SUARA TIDAK SAH (V.A + V.B) | E62: =SUM(E60:E61) -> 47497

Sheet BENCULUK
C2: Kecamatan | D2: CLURING
C3: Kabupaten | D3: BANYUWANGI
C4: Provinsi | D4: JAWA TIMUR
C9: Kelurahan | D9: BENCULUK
A12: I | B12: DATA PEMILIH DAN PENGGUNAAN HAK PILIH | AS12: JUMLAH AKHIR
A13: A | B13: DATA PEMILIH | E13: TPS 001 | F13: TPS 002 | G13: TPS 003 | H13: TPS 004 | I13: TPS 005 | J13: TPS 006 | K13: TPS 007 | L13: TPS 008 | M13: TPS 009 | N13: TPS 010 | O13: TPS 011 | P13: TPS 012 | Q13: TPS 013 | R13: TPS 014 | S13: TPS 015 | T13: TPS 016 | U13: TPS 017 | V13: TPS 018 | W13: TPS 019 | X13: TPS 020 | Y13: TPS 021 | Z13: TPS 022 | AA13: TPS 023 | AB13: TPS 024 | AC13: TPS 025 | AD13: TPS 026 | AE13: TPS 027 | AF13: TPS 028 | AG13: TPS 029 | AH13: TPS 030 | AI13: TPS 031 | AJ13: TPS 032 | AK13: TPS 033 | AL13: TPS 034 | AM13: TPS 035 | AN13: TPS 036 | AO13: TPS 037 | AP13: TPS 038 | AQ13: TPS 039 | AR13: TPS 040
B14: Jumlah Pemilih dalam Daftar Pemilih Tetap (DPT) | D14: LK | E14: 136 | F14: 122 | G14: 131 | H14: 114 | I14: 125 | J14: 123 | K14: 119 | L14: 115 | M14: 138 | N14: 121 | O14: 126 | P14: 124 | Q14: 141 | R14: 144 | S14: 139 | T14: 124 | U14: 123 | V14: 119 | W14: 123 | X14: 134 | Y14: 129 | Z14: 139 | AA14: 138 | AB14: 118 | AC14: 140 | AD14: 136 | AE14: 153 | AF14: 141 | AG14: 133 | AH14: 131 | AI14: 135 | AJ14: 127 | AK14: 141 | AL14: 127 | AM14: 130 | AN14: 132 | AO14: 125 | AP14: 143 | AQ14: 146 | AR14: 130 | AS14: =SUM(E14:AR14) -> 5235
D15: PR | E15: 123 | F15: 131 | G15: 122 | H15: 141 | I15: 121 | J15: 120 | K15: 126 | L15: 120 | M15: 134 | N15: 138 | O15: 125 | P15: 144 | Q15: 142 | R15: 133 | S15: 141 | T15: 137 | U15: 129 | V15: 113 | W15: 146 | X15: 131 | Y15: 146 | Z15: 145 | AA15: 142 | AB15: 132 | AC15: 123 | AD15: 136 | AE15: 136 | AF15: 143 | AG15: 137 | AH15: 122 | AI15: 131 | AJ15: 123 | AK15: 125 | AL15: 130 | AM15: 135 | AN15: 133 | AO15: 132 | AP15: 147 | AQ15: 126 | AR15: 140 | AS15: =SUM(E15:AR15) -> 5301
D16: JML | E16: 259 | F16: 253 | G16: 253 | H16: 255 | I16: 246 | J16: 243 | K16: 245 | L16: 235 | M16: 272 | N16: 259 | O16: 251 | P16: 268 | Q16: 283 | R16: 277 | S16: 280 | T16: 261 | U16: 252 | V16: 232 | W16: 269 | X16: 265 | Y16: 275 | Z16: 284 | AA16: 280 | AB16: 250 | AC16: 263 | AD16: 272 | AE16: 289 | AF16: 284 | AG16: 270 | AH16: 253 | AI16: 266 | AJ16: 250 | AK16: 266 | AL16: 257 | AM16: 265 | AN16: 265 | AO16: 257 | AP16: 290 | AQ16: 272 | AR16: 270 | AS16: =SUM(E16:AR16) -> 10536
A18: B | B18: PENGGUNA HAK PILIH
B19: 1. | C19: Jumlah pengguna hak pilih dalam Daftar Pemilih Tetap (DPT) | D19: LK | E19: 106 | F19: 98 | G19: 88 | H19: 84 | I19: 89 | J19: 83 | K19: 79 | L19: 92 | M19: 94 | N19: 87 | O19: 92 | P19: 81 | Q19: 98 | R19: 91 | S19: 102 | T19: 99 | U19: 85 | V19: 77 | W19: 97 | X19: 100 | Y19: 86 | Z19: 106 | AA19: 104 | AB19: 89 | AC19: 103 | AD19: 120 | AE19: 118 | AF19: 112 | AG19: 110 | AH19: 92 | AI19: 109 | AJ19: 92 | AK19: 108 | AL19: 99 | AM19: 93 | AN19: 113 | AO19: 96 | AP19: 111 | AQ19: 92 | AR19: 90 | AS19: =SUM(E19:AR19) -> 3865
D20: PR | E20: 92 | F20: 93 | G20: 89 | H20: 114 | I20: 98 | J20: 82 | K20: 86 | L20: 87 | M20: 104 | N20: 103 | O20: 97 | P20: 92 | Q20: 99 | R20: 85 | S20: 119 | T20: 108 | U20: 103 | V20: 79 | W20: 118 | X20: 108 | Y20: 115 | Z20: 116 | AA20: 124 | AB20: 101 | AC20: 94 | AD20: 118 | AE20: 113 | AF20: 117 | AG20: 112 | AH20: 91 | AI20: 111 | AJ20: 105 | AK20: 109 | AL20: 105 | AM20: 105 | AN20: 120 | AO20: 104 | AP20: 120 | AQ20: 101 | AR20: 106 | AS20: =SUM(E20:AR20) -> 4143
D21: JML | E21: 198 | F21: 191 | G21: 177 | H21: 198 | I21: 187 | J21: 165 | K21: 165 | L21: 179 | M21: 198 | N21: 190 | O21: 189 | P21: 173 | Q21: 197 | R21: 176 | S21: 221 | T21: 207 | U21: 188 | V21: 156 | W21: 215 | X21: 208 | Y21: 201 | Z21: 222 | AA21: 228 | AB21: 190 | AC21: 197 | AD21: 238 | AE21: 231 | AF21: 229 | AG21: 222 | AH21: 183 | AI21: 220 | AJ21: 197 | AK21: 217 | AL21: 204 | AM21: 198 | AN21: 233 | AO21: 200 | AP21: 231 | AQ21: 193 | AR21: 196 | AS21: =SUM(E21:AR21) -> 8008
B22: 2. | C22: Jumlah pengguna hak pilih dalam Daftar Pemilih Tambahan (DPTb) | D22: LK | E22: 1 | F22: 0 | G22: 1 | H22: 0 | I22: 0 | J22: 0 | K22: 0 | L22: 0 | M22: 0 | N22: 0 | O22: 1 | P22: 0 | Q22: 0 | R22: 0 | S22: 0 | T22: 0 | U22: 0 | V22: 0 | W22: 0 | X22: 1 | Y22: 0 | Z22: 1 | AA22: 0 | AB22: 0 | AC22: 0 | AD22: 0 | AE22: 0 | AF22: 0 | AG22: 0 | AH22: 0 | AI22: 0 | AJ22: 0 | AK22: 0 | AL22: 0 | AM22: 0 | AN22: 0 | AO22: 0 | AP22: 0 | AQ22: 0 | AR22: 0 | AS22: =SUM(E22:AR22) -> 5
D23: PR | E23: 1 | F23: 0 | G23: 0 | H23: 0 | I23: 0 | J23: 0 | K23: 0 | L23: 0 | M23: 0 | N23: 0 | O23: 3 | P23: 0 | Q23: 0 | R23: 0 | S23: 0 | T23: 0 | U23: 0 | V23: 0 | W23: 0 | X23: 0 | Y23: 0 | Z23: 0 | AA23: 0 | AB23: 0 | AC23: 0 | AD23: 0 | AE23: 0 | AF23: 0 | AG23: 0 | AH23: 0 | AI23: 0 | AJ23: 0 | AK23: 0 | AL23: 0 | AM23: 0 | AN23: 0 | AO23: 0 | AP23: 0 | AQ23: 0 | AR23: 0 | AS23: =SUM(E23:AR23) -> 4
D24: JML | E24: 2 | F24: 0 | G24: 1 | H24: 0 | I24: 0 | J24: 0 | K24: 0 | L24: 0 | M24: 0 | N24: 0 | O24: 4 | P24: 0 | Q24: 0 | R24: 0 | S24: 0 | T24: 0 | U24: 0 | V24: 0 | W24: 0 | X24: 1 | Y24: 0 | Z24: 1 | AA24: 0 | AB24: 0 | AC24: 0 | AD24: 0 | AE24: 0 | AF24: 0 | AG24: 0 | AH24: 0 | AI24: 0 | AJ24: 0 | AK24: 0 | AL24: 0 | AM24: 0 | AN24: 0 | AO24: 0 | AP24: 0 | AQ24: 0 | AR24: 0 | AS24: =SUM(E24:AR24) -> 9
B25: 3. | C25: Jumlah pengguna hak pilih dalam Daftar Pemilih Khusus (DPK) | D25: LK | E25: 3 | F25: 0 | G25: 0 | H25: 1 | I25: 0 | J25: 1 | K25: 0 | L25: 0 | M25: 0 | N25: 0 | O25: 1 | P25: 0 | Q25: 2 | R25: 0 | S25: 0 | T25: 5 | U25: 0 | V25: 0 | W25: 0 | X25: 0 | Y25: 2 | Z25: 1 | AA25: 4 | AB25: 1 | AC25: 0 | AD25: 0 | AE25: 0 | AF25: 0 | AG25: 0 | AH25: 3 | AI25: 0 | AJ25: 0 | AK25: 0 | AL25: 1 | AM25: 1 | AN25: 1 | AO25: 0 | AP25: 1 | AQ25: 1 | AR25: 0 | AS25: =SUM(E25:AR25) -> 29
D26: PR | E26: 3 | F26: 0 | G26: 0 | H26: 1 | I26: 0 | J26: 0 | K26: 1 | L26: 0 | M26: 0 | N26: 0 | O26: 1 | P26: 1 | Q26: 3 | R26: 0 | S26: 0 | T26: 0 | U26: 0 | V26: 0 | W26: 0 | X26: 0 | Y26: 3 | Z26: 0 | AA26: 1 | AB26: 2 | AC26: 2 | AD26: 0 | AE26: 0 | AF26: 0 | AG26: 0 | AH26: 1 | AI26: 1 | AJ26: 0 | AK26: 0 | AL26: 0 | AM26: 1 | AN26: 2 | AO26: 0 | AP26: 1 | AQ26: 3 | AR26: 0 | AS26: =SUM(E26:AR26) -> 27
D27: JML | E27: 6 | F27: 0 | G27: 0 | H27: 2 | I27: 0 | J27: 1 | K27: 1 | L27: 0 | M27: 0 | N27: 0 | O27: 2 | P27: 1 | Q27: 5 | R27: 0 | S27: 0 | T27: 5 | U27: 0 | V27: 0 | W27: 0 | X27: 0 | Y27: 5 | Z27: 1 | AA27: 5 | AB27: 3 | AC27: 2 | AD27: 0 | AE27: 0 | AF27: 0 | AG27: 0 | AH27: 4 | AI27: 1 | AJ27: 0 | AK27: 0 | AL27: 1 | AM27: 2 | AN27: 3 | AO27: 0 | AP27: 2 | AQ27: 4 | AR27: 0 | AS27: =SUM(E27:AR27) -> 56
B28: 4. | C28: Jumlah Pengguna Hak Pilih (B.1+B.2+B.3) | D28: LK | E28: 110 | F28: 98 | G28: 89 | H28: 85 | I28: 89 | J28: 84 | K28: 79 | L28: 92 | M28: 94 | N28: 87 | O28: 94 | P28: 81 | Q28: 100 | R28: 91 | S28: 102 | T28: 104 | U28: 85 | V28: 77 | W28: 97 | X28: 101 | Y28: 88 | Z28: 108 | AA28: 108 | AB28: 90 | AC28: 103 | AD28: 120 | AE28: 118 | AF28: 112 | AG28: 110 | AH28: 95 | AI28: 109 | AJ28: 92 | AK28: 108 | AL28: 100 | AM28: 94 | AN28: 114 | AO28: 96 | AP28: 112 | AQ28: 93 | AR28: 90 | AS28: =SUM(E28:AR28) -> 3899
D29: PR | E29: 96 | F29: 93 | G29: 89 | H29: 115 | I29: 98 | J29: 82 | K29: 87 | L29: 87 | M29: 104 | N29: 103 | O29: 101 | P29: 93 | Q29: 102 | R29: 85 | S29: 119 | T29: 108 | U29: 103 | V29: 79 | W29: 118 | X29: 108 | Y29: 118 | Z29: 116 | AA29: 125 | AB29: 103 | AC29: 96 | AD29: 118 | AE29: 113 | AF29: 117 | AG29: 112 | AH29: 92 | AI29: 112 | AJ29: 105 | AK29: 109 | AL29: 105 | AM29: 106 | AN29: 122 | AO29: 104 | AP29: 121 | AQ29: 104 | AR29: 106 | AS29: =SUM(E29:AR29) -> 4174
D30: JML | E30: 206 | F30: 191 | G30: 178 | H30: 200 | I30: 187 | J30: 166 | K30: 166 | L30: 179 | M30: 198 | N30: 190 | O30: 195 | P30: 174 | Q30: 202 | R30: 176 | S30: 221 | T30: =SUM(T28:T29) -> 212 | U30: =SUM(U28:U29) -> 188 | V30: =SUM(V28:V29) -> 156 | W30: =SUM(W28:W29) -> 215 | X30: =SUM(X28:X29) -> 209 | Y30: =SUM(Y28:Y29) -> 206 | Z30: =SUM(Z28:Z29) -> 224 | AA30: =SUM(AA28:AA29) -> 233 | ... AR30: =SUM(AR28:AR29) -> 196 | AS30: =SUM(E30:AR30) -> 8073
A32: II | B32: DATA PENGGUNAAN SURAT SUARA
A33: 1 | B33: Jumlah surat suara yang diterima, termasuk surat suara cadangan 2,5% dari DPT | E33: 265 | F33: 259 | G33: 259 | H33: 261 | I33: 251 | J33: 248 | K33: 250 | L33: 240 | M33: 278 | N33: 265 | O33: 257 | P33: 274 | Q33: 289 | R33: 283 | S33: 286 | T33: 267 | U33: 258 | V33: 237 | W33: 277 | X33: 272 | Y33: 281 | Z33: 290 | AA33: 287 | AB33: 255 | AC33: 271 | AD33: 278 | AE33: 295 | AF33: 291 | AG33: 277 | AH33: 259 | AI33: 276 | AJ33: 255 | AK33: 272 | AL33: 265 | AM33: 271 | AN33: 271 | AO33: 253 | AP33: 296 | AQ33: 282 | AR33: 275 | AS33: =SUM(E33:AR33) -> 10776
A34: 2 | B34: Jumlah surat suara yang digunakan | E34: 206 | F34: 191 | G34: 178 | H34: 200 | I34: 187 | J34: 166 | K34: 166 | L34: 179 | M34: 198 | N34: 190 | O34: 195 | P34: 174 | Q34: 202 | R34: 176 | S34: 221 | T34: 212 | U34: 188 | V34: 156 | W34: 215 | X34: 209 | Y34: 206 | Z34: 224 | AA34: 233 | AB34: 193 | AC34: 199 | AD34: 238 | AE34: 231 | AF34: 229 | AG34: 222 | AH34: 187 | AI34: 221 | AJ34: 197 | AK34: 217 | AL34: 205 | AM34: 200 | AN34: 236 | AO34: 200 | AP34: 233 | AQ34: 197 | AR34: 196 | AS34: =SUM(E34:AR34) -> 8073
A35: 3 | B35: Jumlah surat suara dikembalikan oleh pemilih (karena rusak atau keliru coblos) | E35: 1 | F35: 0 | G35: 0 | H35: 0 | I35: 0 | J35: 0 | K35: 0 | L35: 0 | M35: 0 | N35: 0 | O35: 0 | P35: 1 | Q35: 0 | R35: 0 | S35: 0 | T35: 1 | U35: 0 | V35: 0 | W35: 0 | X35: 1 | Y35: 0 | Z35: 1 | AA35: 0 | AB35: 0 | AC35: 0 | AD35: 0 | AE35: 0 | AF35: 0 | AG35: 0 | AH35: 1 | AI35: 0 | AJ35: 0 | AK35: 0 | AL35: 0 | AM35: 0 | AN35: 0 | AO35: 0 | AP35: 0 | AQ35: 1 | AR35: 0 | AS35: =SUM(E35:AR35) -> 7
A36: 4 | B36: Jumlah surat suara yang tidak digunakan/tidak terpakai, termasuk sisa surat suara cadangan | E36: 58 | F36: 68 | G36: 81 | H36: 61 | I36: 64 | J36: 82 | K36: 84 | L36: 61 | M36: 80 | N36: 75 | O36: 62 | P36: 99 | Q36: 87 | R36: 107 | S36: 65 | T36: 54 | U36: 70 | V36: 81 | W36: 62 | X36: 62 | Y36: 75 | Z36: 65 | AA36: 54 | AB36: 62 | AC36: 72 | AD36: 40 | AE36: 64 | AF36: 62 | AG36: 55 | AH36: 71 | AI36: 55 | AJ36: 58 | AK36: 55 | AL36: 60 | AM36: 71 | AN36: 35 | AO36: 53 | AP36: 63 | AQ36: 84 | AR36: 79 | AS36: =SUM(E36:AR36) -> 2696
A38: III | B38: DATA PEMILIH DISABILITAS
B39: Jumlah seluruh Pemilih disabilitas yang menggunakan hak pilih | D39: LK | E39: 0 | F39: 1 | G39: 0 | H39: 0 | I39: 0 | J39: 0 | K39: 0 | L39: 0 | M39: 0 | N39: 0 | O39: 0 | P39: 0 | Q39: 0 | R39: 0 | S39: 0 | T39: 0 | U39: 0 | V39: 0 | W39: 0 | X39: 1 | Y39: 0 | Z39: 1 | AA39: 0 | AB39: 1 | AC39: 1 | AD39: 0 | AE39: 0 | AF39: 0 | AG39: 1 | AH39: 0 | AI39: 0 | AJ39: 0 | AK39: 0 | AL39: 1 | AM39: 0 | AN39: 3 | AO39: 0 | AP39: 0 | AQ39: 0 | AR39: 0 | AS39: =SUM(E39:AR39) -> 10
D40: PR | E40: 0 | F40: 0 | G40: 0 | H40: 0 | I40: 0 | J40: 0 | K40: 0 | L40: 0 | M40: 0 | N40: 0 | O40: 0 | P40: 1 | Q40: 0 | R40: 0 | S40: 0 | T40: 0 | U40: 0 | V40: 0 | W40: 0 | X40: 1 | Y40: 0 | Z40: 4 | AA40: 0 | AB40: 1 | AC40: 0 | AD40: 0 | AE40: 0 | AF40: 0 | AG40: 0 | AH40: 0 | AI40: 0 | AJ40: 0 | AK40: 0 | AL40: 1 | AM40: 0 | AN40: 9 | AO40: 0 | AP40: 0 | AQ40: 0 | AR40: 0 | AS40: =SUM(E40:AR40) -> 17
D41: JML | E41: 0 | F41: 1 | G41: 0 | H41: 0 | I41: 0 | J41: 0 | K41: 0 | L41: 0 | M41: 0 | N41: 0 | O41: 0 | P41: 1 | Q41: 0 | R41: 0 | S41: 0 | T41: 0 | U41: 0 | V41: 0 | W41: 0 | X41: 2 | Y41: 0 | Z41: 5 | AA41: 0 | AB41: 2 | AC41: 1 | AD41: 0 | AE41: 0 | AF41: 0 | AG41: 1 | AH41: 0 | AI41: 0 | AJ41: 0 | AK41: 0 | AL41: 2 | AM41: 0 | AN41: 12 | AO41: 0 | AP41: 0 | AQ41: 0 | AR41: 0 | AS41: =SUM(E41:AR41) -> 27
A43: IV | B43: DATA RINCIAN PEROLEHAN SUARA PASANGAN CALON BUPATI DAN WAKIL BUPATI
A44: NOMOR DAN NAMA CALON
B45: 1. | C45: AA. AHMAD NAWARDI | E45: 11 | F45: 11 | G45: 11 | H45: 14 | I45: 6 | J45: 11 | K45: 10 | L45: 5 | M45: 8 | N45: 6 | O45: 8 | P45: 14 | Q45: 18 | R45: 18 | S45: 8 | T45: 13 | U45: 9 | V45: 7 | W45: 10 | X45: 9 | Y45: 13 | Z45: 7 | AA45: 11 | AB45: 11 | AC45: 19 | AD45: 19 | AE45: 17 | AF45: 19 | AG45: 20 | AH45: 19 | AI45: 12 | AJ45: 7 | AK45: 31 | AL45: 13 | AM45: 22 | AN45: 25 | AO45: 21 | AP45: 19 | AQ45: 21 | AR45: 7 | AS45: =SUM(E45:AR45) -> 540
B46: 2. | C46: Ir. H. AA LA NYALLA MAHMUD MATTALITI, M.HP. | E46: 19 | F46: 27 | G46: 23 | H46: 26 | I46: 25 | J46: 12 | K46: 23 | L46: 23 | M46: 15 | N46: 19 | O46: 31 | P46: 21 | Q46: 28 | R46: 27 | S46: 23 | T46: 28 | U46: 24 | V46: 25 | W46: 23 | X46: 34 | Y46: 34 | Z46: 38 | AA46: 41 | AB46: 19 | AC46: 24 | AD46: 25 | AE46: 30 | AF46: 31 | AG46: 24 | AH46: 24 | AI46: 25 | AJ46: 28 | AK46: 23 | AL46: 21 | AM46: 21 | AN46: 21 | AO46: 31 | AP46: 27 | AQ46: 27 | AR46: 22 | AS46: =SUM(E46:AR46) -> 1012
B47: 3. | C47: ABDUL QADIR AMIR HARTONO, S.E., S.H., M.H. | E47: 14 | F47: 14 | G47: 11 | H47: 12 | I47: 11 | J47: 8 | K47: 12 | L47: 14 | M47: 10 | N47: 13 | O47: 3 | P47: 15 | Q47: 12 | R47: 10 | S47: 8 | T47: 17 | U47: 13 | V47: 8 | W47: 11 | X47: 7 | Y47: 14 | Z47: 14 | AA47: 16 | AB47: 10 | AC47: 15 | AD47: 12 | AE47: 17 | AF47: 8 | AG47: 26 | AH47: 18 | AI47: 18 | AJ47: 26 | AK47: 16 | AL47: 17 | AM47: 21 | AN47: 13 | AO47: 5 | AP47: 16 | AQ47: 27 | AR47: 10 | AS47: =SUM(E47:AR47) -> 542
B48: 4. | C48: ADILLA AZIS, S.E. | E48: 20 | F48: 18 | G48: 23 | H48: 22 | I48: 19 | J48: 16 | K48: 21 | L48: 27 | M48: 19 | N48: 25 | O48: 21 | P48: 17 | Q48: 14 | R48: 13 | S48: 22 | T48: 27 | U48: 24 | V48: 16 | W48: 25 | X48: 18 | Y48: 18 | Z48: 17 | AA48: 17 | AB48: 16 | AC48: 19 | AD48: 34 | AE48: 22 | AF48: 16 | AG48: 32 | AH48: 13 | AI48: 41 | AJ48: 21 | AK48: 25 | AL48: 26 | AM48: 21 | AN48: 30 | AO48: 22 | AP48: 25 | AQ48: 22 | AR48: 16 | AS48: =SUM(E48:AR48) -> 860
B49: 5. | C49: Ir. H. AGUS RAHARDJO, MSc.M. | E49: 19 | F49: 18 | G49: 28 | H49: 20 | I49: 17 | J49: 11 | K49: 12 | L49: 8 | M49: 16 | N49: 15 | O49: 21 | P49: 7 | Q49: 14 | R49: 15 | S49: 20 | T49: 15 | U49: 22 | V49: 10 | W49: 14 | X49: 27 | Y49: 22 | Z49: 22 | AA49: 21 | AB49: 20 | AC49: 11 | AD49: 16 | AE49: 18 | AF49: 23 | AG49: 11 | AH49: 16 | AI49: 16 | AJ49: 11 | AK49: 20 | AL49: 15 | AM49: 13 | AN49: 12 | AO49: 17 | AP49: 25 | AQ49: 32 | AR49: 23 | AS49: =SUM(E49:AR49) -> 693
B50: 6. | C50: Drs. AYUB KHAN | E50: 14 | F50: 8 | G50: 7 | H50: 10 | I50: 8 | J50: 9 | K50: 12 | L50: 17 | M50: 18 | N50: 10 | O50: 11 | P50: 9 | Q50: 11 | R50: 11 | S50: 15 | T50: 11 | U50: 11 | V50: 9 | W50: 11 | X50: 17 | Y50: 17 | Z50: 20 | AA50: 19 | AB50: 20 | AC50: 14 | AD50: 24 | AE50: 26 | AF50: 27 | AG50: 24 | AH50: 13 | AI50: 8 | AJ50: 22 | AK50: 7 | AL50: 11 | AM50: 10 | AN50: 9 | AO50: 10 | AP50: 17 | AQ50: 8 | AR50: 10 | AS50: =SUM(E50:AR50) -> 545
B51: 7. | C51: BAMBANG HARIANTO | E51: 3 | F51: 1 | G51: 0 | H51: 7 | I51: 2 | J51: 4 | K51: 1 | L51: 1 | M51: 1 | N51: 3 | O51: 5 | P51: 5 | Q51: 2 | R51: 2 | S51: 2 | T51: 0 | U51: 2 | V51: 3 | W51: 3 | X51: 2 | Y51: 0 | Z51: 3 | AA51: 4 | AB51: 4 | AC51: 1 | AD51: 4 | AE51: 3 | AF51: 1 | AG51: 0 | AH51: 1 | AI51: 0 | AJ51: 4 | AK51: 0 | AL51: 1 | AM51: 2 | AN51: 2 | AO51: 9 | AP51: 3 | AQ51: 1 | AR51: 3 | AS51: =SUM(E51:AR51) -> 95
B52: 8. | C52: CATUR RUDI UTANTO, S.Sos. | E52: 8 | F52: 3 | G52: 1 | H52: 6 | I52: 3 | J52: 4 | K52: 1 | L52: 1 | M52: 6 | N52: 4 | O52: 4 | P52: 4 | Q52: 3 | R52: 2 | S52: 1 | T52: 5 | U52: 5 | V52: 2 | W52: 3 | X52: 5 | Y52: 4 | Z52: 0 | AA52: 7 | AB52: 1 | AC52: 3 | AD52: 4 | AE52: 3 | AF52: 3 | AG52: 2 | AH52: 0 | AI52: 1 | AJ52: 1 | AK52: 2 | AL52: 2 | AM52: 0 | AN52: 4 | AO52: 3 | AP52: 3 | AQ52: 1 | AR52: 2 | AS52: =SUM(E52:AR52) -> 117
B53: 9. | C53: DODDY DWI NUGROHO | E53: 0 | F53: 1 | G53: 1 | H53: 0 | I53: 1 | J53: 0 | K53: 1 | L53: 2 | M53: 1 | N53: 3 | O53: 0 | P53: 2 | Q53: 1 | R53: 0 | S53: 2 | T53: 1 | U53: 2 | V53: 1 | W53: 0 | X53: 1 | Y53: 0 | Z53: 2 | AA53: 3 | AB53: 0 | AC53: 0 | AD53: 0 | AE53: 0 | AF53: 1 | AG53: 0 | AH53: 0 | AI53: 1 | AJ53: 0 | AK53: 1 | AL53: 2 | AM53: 1 | AN53: 1 | AO53: 2 | AP53: 1 | AQ53: 1 | AR53: 1 | AS53: =SUM(E53:AR53) -> 37
B54: 10. | C54: KONDANG KUSUMANING AYU | E54: 26 | F54: 29 | G54: 17 | H54: 29 | I54: 13 | J54: 22 | K54: 20 | L54: 15 | M54: 28 | N54: 16 | O54: 21 | P54: 27 | Q54: 17 | R54: 22 | S54: 31 | T54: 19 | U54: 14 | V54: 18 | W54: 31 | X54: 32 | Y54: 25 | Z54: 26 | AA54: 33 | AB54: 25 | AC54: 37 | AD54: 38 | AE54: 28 | AF54: 21 | AG54: 23 | AH54: 21 | AI54: 28 | AJ54: 23 | AK54: 30 | AL54: 31 | AM54: 35 | AN54: 44 | AO54: 33 | AP54: 30 | AQ54: 18 | AR54: 28 | AS54: =SUM(E54:AR54) -> 1024
B55: 11. | C55: KUNJUNG WAHYUDI | E55: 0 | F55: 2 | G55: 2 | H55: 3 | I55: 1 | J55: 0 | K55: 0 | L55: 1 | M55: 4 | N55: 0 | O55: 1 | P55: 3 | Q55: 1 | R55: 2 | S55: 1 | T55: 3 | U55: 4 | V55: 1 | W55: 1 | X55: 3 | Y55: 1 | Z55: 2 | AA55: 1 | AB55: 0 | AC55: 1 | AD55: 1 | AE55: 1 | AF55: 1 | AG55: 1 | AH55: 1 | AI55: 2 | AJ55: 1 | AK55: 1 | AL55: 0 | AM55: 1 | AN55: 1 | AO55: 0 | AP55: 2 | AQ55: 0 | AR55: 2 | AS55: =SUM(E55:AR55) -> 53
B56: 12. | C56: Dr. LIA ISTIFHAMA | E56: 16 | F56: 24 | G56: 23 | H56: 20 | I56: 17 | J56: 21 | K56: 18 | L56: 19 | M56: 24 | N56: 20 | O56: 13 | P56: 16 | Q56: 12 | R56: 16 | S56: 27 | T56: 26 | U56: 19 | V56: 20 | W56: 32 | X56: 18 | Y56: 19 | Z56: 34 | AA56: 22 | AB56: 34 | AC56: 27 | AD56: 29 | AE56: 31 | AF56: 46 | AG56: 39 | AH56: 41 | AI56: 33 | AJ56: 38 | AK56: 40 | AL56: 49 | AM56: 36 | AN56: 45 | AO56: 27 | AP56: 36 | AQ56: 17 | AR56: 32 | AS56: =SUM(E56:AR56) -> 1076
B57: 13. | C57: MOHAMMAD TRIJANTO, S.H., M.M., M.H. | E57: 5 | F57: 1 | G57: 0 | H57: 3 | I57: 1 | J57: 2 | K57: 4 | L57: 1 | M57: 1 | N57: 1 | O57: 3 | P57: 2 | Q57: 7 | R57: 0 | S57: 0 | T57: 1 | U57: 1 | V57: 1 | W57: 6 | X57: 2 | Y57: 4 | Z57: 3 | AA57: 1 | AB57: 0 | AC57: 3 | AD57: 2 | AE57: 1 | AF57: 0 | AG57: 0 | AH57: 2 | AI57: 6 | AJ57: 0 | AK57: 2 | AL57: 3 | AM57: 4 | AN57: 1 | AO57: 0 | AP57: 4 | AQ57: 4 | AR57: 4 | AS57: =SUM(E57:AR57) -> 86
A59: V | B59: DATA SUARA SAH DAN TIDAK SAH
B60: A. | C60: JUMLAH SELURUH SUARA SAH | E60: 155 | F60: 157 | G60: 147 | H60: 172 | I60: 124 | J60: 120 | K60: 135 | L60: 134 | M60: 151 | N60: 135 | O60: 142 | P60: 142 | Q60: 140 | R60: 138 | S60: 160 | T60: 166 | U60: 150 | V60: 121 | W60: 170 | X60: 175 | Y60: 171 | Z60: 188 | AA60: 196 | AB60: 160 | AC60: 174 | AD60: 208 | AE60: 197 | AF60: 197 | AG60: 202 | AH60: 169 | AI60: 191 | AJ60: 182 | AK60: 198 | AL60: 191 | AM60: 187 | AN60: 208 | AO60: 180 | AP60: 208 | AQ60: 179 | AR60: 160 | AS60: =SUM(E60:AR60) -> 6680
B61: B. | C61: JUMLAH SUARA TIDAK SAH | E61: 51 | F61: 34 | G61: 31 | H61: 28 | I61: 63 | J61: 46 | K61: 31 | L61: 45 | M61: 47 | N61: 55 | O61: 53 | P61: 32 | Q61: 62 | R61: 38 | S61: 61 | T61: 46 | U61: 38 | V61: 35 | W61: 45 | X61: 34 | Y61: 35 | Z61: 36 | AA61: 37 | AB61: 33 | AC61: 25 | AD61: 30 | AE61: 34 | AF61: 32 | AG61: 20 | AH61: 18 | AI61: 30 | AJ61: 15 | AK61: 19 | AL61: 14 | AM61: 13 | AN61: 28 | AO61: 20 | AP61: 25 | AQ61: 18 | AR61: 36 | AS61: =SUM(E61:AR61) -> 1393
B62: C. | C62: JUMLAH SELURUH SUARA SAH DAN SUARA TIDAK SAH (V.A + V.B) | E62: 206 | F62: 191 | G62: 178 | H62: 200 | I62: 187 | J62: 166 | K62: 166 | L62: 179 | M62: 198 | N62: 190 | O62: 195 | P62: 174 | Q62: 202 | R62: 176 | S62: 221 | T62: 212 | U62: 188 | V62: 156 | W62: 215 | X62: 209 | Y62: 206 | Z62: 224 | AA62: 233 | AB62: 193 | AC62: 199 | AD62: 238 | AE62: 231 | AF62: 229 | AG62: 222 | AH62: 187 | AI62: 221 | AJ62: 197 | AK62: 217 | AL62: 205 | AM62: 200 | AN62: 236 | AO62: 200 | AP62: 233 | AQ62: 197 | AR62: 196 | AS62: =SUM(E62:AR62) -> 8073

Sheet CLURING
C2: Kecamatan | D2: CLURING
C3: Kabupaten | D3: BANYUWANGI
C4: Provinsi | D4: JAWA TIMUR
C9: Kelurahan | D9: CLURING
A12: I | B12: DATA PEMILIH DAN PENGGUNAAN HAK PILIH | AL12: JUMLAH AKHIR
A13: A | B13: DATA PEMILIH | E13: TPS 001 | F13: TPS 002 | G13: TPS 003 | H13: TPS 004 | I13: TPS 005 | J13: TPS 006 | K13: TPS 007 | L13: TPS 008 | M13: TPS 009 | N13: TPS 010 | O13: TPS 011 | P13: TPS 012 | Q13: TPS 013 | R13: TPS 014 | S13: TPS 015 | T13: TPS 016 | U13: TPS 017 | V13: TPS 018 | W13: TPS 019 | X13: TPS 020 | Y13: TPS 021 | Z13: TPS 022 | AA13: TPS 023 | AB13: TPS 024 | AC13: TPS 025 | AD13: TPS 026 | AE13: TPS 027 | AF13: TPS 028 | AG13: TPS 029 | AH13: TPS 030 | AI13: TPS 031 | AJ13: TPS 032 | AK13: TPS 033
B14: Jumlah Pemilih dalam Daftar Pemilih Tetap (DPT) | D14: LK | E14: 136 | F14: 136 | G14: 145 | H14: 148 | I14: 114 | J14: 134 | K14: 130 | L14: 136 | M14: 132 | N14: 123 | O14: 117 | P14: 133 | Q14: 130 | R14: 132 | S14: 145 | T14: 128 | U14: 136 | V14: 122 | W14: 135 | X14: 135 | Y14: 141 | Z14: 133 | AA14: 142 | AB14: 158 | AC14: 141 | AD14: 146 | AE14: 131 | AF14: 140 | AG14: 134 | AH14: 133 | AI14: 121 | AJ14: 131 | AK14: 134 | AL14: =SUM(E14:AK14) -> 4432
D15: PR | E15: 138 | F15: 128 | G15: 154 | H15: 150 | I15: 139 | J15: 132 | K15: 136 | L15: 129 | M15: 126 | N15: 136 | O15: 124 | P15: 141 | Q15: 129 | R15: 122 | S15: 141 | T15: 122 | U15: 132 | V15: 129 | W15: 134 | X15: 137 | Y15: 131 | Z15: 129 | AA15: 150 | AB15: 132 | AC15: 146 | AD15: 146 | AE15: 146 | AF15: 131 | AG15: 136 | AH15: 138 | AI15: 146 | AJ15: 140 | AK15: 132 | AL15: =SUM(E15:AK15) -> 4482
D16: JML | E16: 274 | F16: 264 | G16: 299 | H16: 298 | I16: 253 | J16: 266 | K16: 266 | L16: 265 | M16: 258 | N16: 259 | O16: 241 | P16: 274 | Q16: 259 | R16: 254 | S16: 286 | T16: 250 | U16: 268 | V16: 251 | W16: 269 | X16: 272 | Y16: 272 | Z16: 262 | AA16: 292 | AB16: 290 | AC16: 287 | AD16: 292 | AE16: 277 | AF16: 271 | AG16: 270 | AH16: 271 | AI16: 267 | AJ16: =SUM(AJ14:AJ15) -> 271 | AK16: =SUM(AK14:AK15) -> 266 | AL16: =SUM(E16:AK16) -> 8914
A18: B | B18: PENGGUNA HAK PILIH
B19: 1. | C19: Jumlah pengguna hak pilih dalam Daftar Pemilih Tetap (DPT) | D19: LK | E19: 98 | F19: 91 | G19: 115 | H19: 156 | I19: 75 | J19: 99 | K19: 86 | L19: 95 | M19: 93 | N19: 101 | O19: 68 | P19: 101 | Q19: 76 | R19: 101 | S19: 96 | T19: 92 | U19: 106 | V19: 95 | W19: 98 | X19: 102 | Y19: 104 | Z19: 102 | AA19: 107 | AB19: 109 | AC19: 107 | AD19: 104 | AE19: 112 | AF19: 111 | AG19: 108 | AH19: 104 | AI19: 100 | AJ19: 97 | AK19: 105 | AL19: =SUM(E19:AK19) -> 3314
D20: PR | E20: 102 | F20: 103 | G20: 123 | H20: 90 | I20: 92 | J20: 103 | K20: 98 | L20: 101 | M20: 98 | N20: 118 | O20: 86 | P20: 115 | Q20: 92 | R20: 98 | S20: 103 | T20: 95 | U20: 108 | V20: 108 | W20: 101 | X20: 108 | Y20: 102 | Z20: 103 | AA20: 112 | AB20: 104 | AC20: 109 | AD20: 117 | AE20: 120 | AF20: 107 | AG20: 106 | AH20: 108 | AI20: 119 | AJ20: 118 | AK20: 106 | AL20: =SUM(E20:AK20) -> 3473
D21: JML | E21: 200 | F21: 194 | G21: 238 | H21: 246 | I21: 167 | J21: 202 | K21: 184 | L21: 196 | M21: 191 | N21: 219 | O21: 154 | P21: 216 | Q21: 168 | R21: 199 | S21: 199 | T21: 187 | U21: 214 | V21: 203 | W21: 199 | X21: 210 | Y21: 206 | Z21: 205 | AA21: 219 | AB21: 213 | AC21: 216 | AD21: 221 | AE21: 232 | AF21: 218 | AG21: 214 | AH21: 212 | AI21: =SUM(AI19:AI20) -> 219 | AJ21: =SUM(AJ19:AJ20) -> 215 | AK21: =SUM(AK19:AK20) -> 211 | AL21: =SUM(E21:AK21) -> 6787
B22: 2. | C22: Jumlah pengguna hak pilih dalam Daftar Pemilih Tambahan (DPTb) | D22: LK | E22: 0 | F22: 1 | G22: 0 | H22: 0 | I22: 0 | J22: 0 | K22: 0 | L22: 0 | M22: 1 | N22: 1 | O22: 2 | P22: 0 | Q22: 0 | R22: 0 | S22: 0 | T22: 1 | U22: 0 | V22: 0 | W22: 0 | X22: 0 | Y22: 0 | Z22: 0 | AA22: 0 | AB22: 0 | AC22: 0 | AD22: 0 | AE22: 0 | AF22: 0 | AG22: 0 | AH22: 0 | AI22: 0 | AJ22: 0 | AK22: 0 | AL22: =SUM(E22:AK22) -> 6
D23: PR | E23: 0 | F23: 1 | G23: 0 | H23: 0 | I23: 0 | J23: 0 | K23: 0 | L23: 1 | M23: 0 | N23: 1 | O23: 2 | P23: 0 | Q23: 0 | R23: 0 | S23: 0 | T23: 1 | U23: 0 | V23: 0 | W23: 0 | X23: 0 | Y23: 0 | Z23: 0 | AA23: 0 | AB23: 0 | AC23: 0 | AD23: 0 | AE23: 0 | AF23: 0 | AG23: 0 | AH23: 0 | AI23: 0 | AJ23: 0 | AK23: 0 | AL23: =SUM(E23:AK23) -> 6
D24: JML | E24: 0 | F24: 2 | G24: 0 | H24: 0 | I24: 0 | J24: 0 | K24: 0 | L24: 1 | M24: 1 | N24: 2 | O24: 4 | P24: 0 | Q24: 0 | R24: 0 | S24: 0 | T24: 2 | U24: 0 | V24: 0 | W24: 0 | X24: 0 | Y24: 0 | Z24: 0 | AA24: 0 | AB24: 0 | AC24: 0 | AD24: 0 | AE24: 0 | AF24: 0 | AG24: 0 | AH24: 0 | AI24: =SUM(AI22:AI23) -> 0 | AJ24: =SUM(AJ22:AJ23) -> 0 | AK24: =SUM(AK22:AK23) -> 0 | AL24: =SUM(E24:AK24) -> 12
B25: 3. | C25: Jumlah pengguna hak pilih dalam Daftar Pemilih Khusus (DPK) | D25: LK | E25: 0 | F25: 0 | G25: 2 | H25: 3 | I25: 0 | J25: 4 | K25: 1 | L25: 1 | M25: 0 | N25: 3 | O25: 1 | P25: 2 | Q25: 1 | R25: 4 | S25: 2 | T25: 1 | U25: 0 | V25: 1 | W25: 0 | X25: 0 | Y25: 1 | Z25: 1 | AA25: 0 | AB25: 1 | AC25: 2 | AD25: 1 | AE25: 2 | AF25: 5 | AG25: 3 | AH25: 0 | AI25: 3 | AJ25: 2 | AK25: 3 | AL25: =SUM(E25:AK25) -> 50
D26: PR | E26: 2 | F26: 1 | G26: 0 | H26: 3 | I26: 1 | J26: 2 | K26: 2 | L26: 3 | M26: 1 | N26: 3 | O26: 2 | P26: 3 | Q26: 4 | R26: 1 | S26: 0 | T26: 0 | U26: 2 | V26: 1 | W26: 0 | X26: 0 | Y26: 1 | Z26: 5 | AA26: 1 | AB26: 3 | AC26: 1 | AD26: 4 | AE26: 3 | AF26: 3 | AG26: 2 | AH26: 0 | AI26: 3 | AJ26: 4 | AK26: 5 | AL26: =SUM(E26:AK26) -> 66
D27: JML | E27: 2 | F27: 1 | G27: 2 | H27: 6 | I27: 1 | J27: 6 | K27: 3 | L27: 4 | M27: 1 | N27: 6 | O27: 3 | P27: 5 | Q27: 5 | R27: 5 | S27: 2 | T27: 1 | U27: 2 | V27: 2 | W27: 0 | X27: 0 | Y27: 2 | Z27: 6 | AA27: 1 | AB27: 4 | AC27: 3 | AD27: 5 | AE27: 5 | AF27: 8 | AG27: 5 | AH27: 0 | AI27: =SUM(AI25:AI26) -> 6 | AJ27: =SUM(AJ25:AJ26) -> 6 | AK27: =SUM(AK25:AK26) -> 8 | AL27: =SUM(E27:AK27) -> 116
B28: 4. | C28: Jumlah Pengguna Hak Pilih (B.1+B.2+B.3) | D28: LK | E28: 98 | F28: 92 | G28: 117 | H28: 159 | I28: 75 | J28: 103 | K28: 87 | L28: 96 | M28: 94 | N28: 105 | O28: 71 | P28: 103 | Q28: 77 | R28: 105 | S28: 98 | T28: 94 | U28: 106 | V28: 96 | W28: 98 | X28: 102 | Y28: 105 | Z28: 103 | AA28: 107 | AB28: 110 | AC28: 109 | AD28: 105 | AE28: 114 | AF28: 116 | AG28: 111 | AH28: 104 | AI28: =SUM(AI19,AI22,AI25) -> 103 | AJ28: =SUM(AJ19,AJ22,AJ25) -> 99 | AK28: =SUM(AK19,AK22,AK25) -> 108 | AL28: =SUM(E28:AK28) -> 3370
D29: PR | E29: 104 | F29: 105 | G29: 123 | H29: 93 | I29: 93 | J29: 105 | K29: 100 | L29: 105 | M29: 99 | N29: 122 | O29: 90 | P29: 118 | Q29: 96 | R29: 99 | S29: 103 | T29: 96 | U29: 110 | V29: 109 | W29: 101 | X29: 108 | Y29: 103 | Z29: 108 | AA29: 113 | AB29: 107 | AC29: 110 | AD29: 121 | AE29: 123 | AF29: 110 | AG29: 108 | AH29: 108 | AI29: =SUM(AI20,AI23,AI26) -> 122 | AJ29: =SUM(AJ20,AJ23,AJ26) -> 122 | AK29: =SUM(AK20,AK23,AK26) -> 111 | AL29: =SUM(E29:AK29) -> 3545
D30: JML | E30: 202 | F30: 197 | G30: 240 | H30: 252 | I30: 168 | J30: 208 | K30: 187 | L30: 201 | M30: 193 | N30: 227 | O30: 161 | P30: 221 | Q30: 173 | R30: 204 | S30: 201 | T30: 190 | U30: 216 | V30: 205 | W30: 199 | X30: 210 | Y30: 208 | Z30: 211 | AA30: 220 | AB30: 217 | AC30: 219 | AD30: 226 | AE30: 237 | AF30: 226 | AG30: 219 | AH30: 212 | AI30: =SUM(AI28:AI29) -> 225 | AJ30: =SUM(AJ28:AJ29) -> 221 | AK30: =SUM(AK28:AK29) -> 219 | AL30: =SUM(E30:AK30) -> 6915
A32: II | B32: DATA PENGGUNAAN SURAT SUARA
A33: 1 | B33: Jumlah surat suara yang diterima, termasuk surat suara cadangan 2,5% dari DPT | E33: 280 | F33: 270 | G33: 305 | H33: 305 | I33: 259 | J33: 271 | K33: 272 | L33: 271 | M33: 266 | N33: 262 | O33: 246 | P33: 270 | Q33: 265 | R33: 261 | S33: 292 | T33: 255 | U33: 274 | V33: 258 | W33: 265 | X33: 278 | Y33: 278 | Z33: 270 | AA33: 298 | AB33: 296 | AC33: 293 | AD33: 298 | AE33: 283 | AF33: 278 | AG33: 277 | AH33: 277 | AI33: 263 | AJ33: 277 | AK33: 272 | AL33: =SUM(E33:AK33) -> 9085
A34: 2 | B34: Jumlah surat suara yang digunakan | E34: 202 | F34: 197 | G34: 240 | H34: 252 | I34: 168 | J34: 208 | K34: 187 | L34: 201 | M34: 193 | N34: 227 | O34: 161 | P34: 221 | Q34: 173 | R34: 204 | S34: 201 | T34: 190 | U34: 216 | V34: 205 | W34: 199 | X34: 210 | Y34: 208 | Z34: 211 | AA34: 220 | AB34: 217 | AC34: 219 | AD34: 226 | AE34: 237 | AF34: 226 | AG34: 219 | AH34: 212 | AI34: 225 | AJ34: 221 | AK34: 219 | AL34: =SUM(E34:AK34) -> 6915
A35: 3 | B35: Jumlah surat suara dikembalikan oleh pemilih (karena rusak atau keliru coblos) | E35: 1 | F35: 0 | G35: 0 | H35: 0 | I35: 0 | J35: 1 | K35: 0 | L35: 0 | M35: 3 | N35: 0 | O35: 0 | P35: 0 | Q35: 0 | R35: 0 | S35: 2 | T35: 0 | U35: 0 | V35: 0 | W35: 0 | X35: 0 | Y35: 0 | Z35: 1 | AA35: 0 | AB35: 0 | AC35: 1 | AD35: 0 | AE35: 1 | AF35: 0 | AG35: 0 | AH35: 0 | AI35: 1 | AJ35: 0 | AK35: 0 | AL35: =SUM(E35:AK35) -> 11
A36: 4 | B36: Jumlah surat suara yang tidak digunakan/tidak terpakai, termasuk sisa surat suara cadangan | E36: 77 | F36: 73 | G36: 65 | H36: 53 | I36: 91 | J36: 62 | K36: 85 | L36: 70 | M36: 70 | N36: 35 | O36: 85 | P36: 49 | Q36: 92 | R36: 57 | S36: 89 | T36: 65 | U36: 58 | V36: 53 | W36: 66 | X36: 68 | Y36: 70 | Z36: 58 | AA36: 78 | AB36: 79 | AC36: 73 | AD36: 72 | AE36: 45 | AF36: 52 | AG36: 58 | AH36: 65 | AI36: =AI33-(AI34+AI35) -> 37 | AJ36: =AJ33-(AJ34+AJ35) -> 56 | AK36: =AK33-(AK34+AK35) -> 53 | AL36: =SUM(E36:AK36) -> 2159
A38: III | B38: DATA PEMILIH DISABILITAS
B39: Jumlah seluruh Pemilih disabilitas yang menggunakan hak pilih | D39: LK | E39: 0 | F39: 0 | G39: 1 | H39: 0 | I39: 0 | J39: 2 | K39: 0 | L39: 0 | M39: 0 | N39: 0 | O39: 0 | P39: 0 | Q39: 0 | R39: 0 | S39: 0 | T39: 0 | U39: 0 | V39: 0 | W39: 0 | X39: 0 | Y39: 0 | Z39: 2 | AA39: 0 | AB39: 0 | AC39: 0 | AD39: 0 | AE39: 0 | AF39: 0 | AG39: 0 | AH39: 0 | AI39: 0 | AJ39: 0 | AK39: 0 | AL39: =SUM(E39:AK39) -> 5
D40: PR | E40: 0 | F40: 0 | G40: 1 | H40: 0 | I40: 0 | J40: 1 | K40: 0 | L40: 0 | M40: 1 | N40: 0 | O40: 0 | P40: 0 | Q40: 0 | R40: 0 | S40: 0 | T40: 0 | U40: 0 | V40: 0 | W40: 1 | X40: 0 | Y40: 0 | Z40: 1 | AA40: 0 | AB40: 0 | AC40: 0 | AD40: 0 | AE40: 0 | AF40: 1 | AG40: 0 | AH40: 0 | AI40: 0 | AJ40: 0 | AK40: 0 | AL40: =SUM(E40:AK40) -> 6
D41: JML | E41: 0 | F41: 0 | G41: 2 | H41: 0 | I41: 0 | J41: 3 | K41: 0 | L41: 0 | M41: 1 | N41: 0 | O41: 0 | P41: 0 | Q41: 0 | R41: 0 | S41: 0 | T41: 0 | U41: 0 | V41: 0 | W41: 1 | X41: 0 | Y41: 0 | Z41: 3 | AA41: 0 | AB41: 0 | AC41: 0 | AD41: 0 | AE41: 0 | AF41: 1 | AG41: 0 | AH41: 0 | AI41: =SUM(AI39:AI40) -> 0 | AJ41: =SUM(AJ39:AJ40) -> 0 | AK41: =SUM(AK39:AK40) -> 0 | AL41: =SUM(E41:AK41) -> 11
A43: IV | B43: DATA RINCIAN PEROLEHAN SUARA PASANGAN CALON BUPATI DAN WAKIL BUPATI
A44: NOMOR DAN NAMA CALON
B45: 1. | C45: AA. AHMAD NAWARDI | E45: 12 | F45: 9 | G45: 13 | H45: 18 | I45: 10 | J45: 14 | K45: 9 | L45: 23 | M45: 14 | N45: 22 | O45: 10 | P45: 23 | Q45: 18 | R45: 5 | S45: 22 | T45: 14 | U45: 10 | V45: 18 | W45: 14 | X45: 21 | Y45: 8 | Z45: 32 | AA45: 18 | AB45: 19 | AC45: 6 | AD45: 10 | AE45: 13 | AF45: 9 | AG45: 10 | AH45: 8 | AI45: 15 | AJ45: 18 | AK45: 45 | AL45: =SUM(E45:AK45) -> 510
B46: 2. | C46: Ir. H. AA LA NYALLA MAHMUD MATTALITI, M.HP. | E46: 25 | F46: 39 | G46: 33 | H46: 28 | I46: 18 | J46: 37 | K46: 24 | L46: 30 | M46: 16 | N46: 20 | O46: 14 | P46: 23 | Q46: 23 | R46: 32 | S46: 20 | T46: 38 | U46: 23 | V46: 30 | W46: 18 | X46: 18 | Y46: 23 | Z46: 19 | AA46: 32 | AB46: 30 | AC46: 26 | AD46: 35 | AE46: 34 | AF46: 21 | AG46: 25 | AH46: 30 | AI46: 38 | AJ46: 30 | AK46: 27 | AL46: =SUM(E46:AK46) -> 879
B47: 3. | C47: ABDUL QADIR AMIR HARTONO, S.E., S.H., M.H. | E47: 12 | F47: 13 | G47: 12 | H47: 19 | I47: 9 | J47: 10 | K47: 11 | L47: 11 | M47: 5 | N47: 6 | O47: 10 | P47: 14 | Q47: 7 | R47: 26 | S47: 16 | T47: 8 | U47: 16 | V47: 15 | W47: 15 | X47: 26 | Y47: 24 | Z47: 25 | AA47: 18 | AB47: 11 | AC47: 20 | AD47: 22 | AE47: 15 | AF47: 19 | AG47: 14 | AH47: 15 | AI47: 11 | AJ47: 20 | AK47: 14 | AL47: =SUM(E47:AK47) -> 489
B48: 4. | C48: ADILLA AZIS, S.E. | E48: 26 | F48: 22 | G48: 29 | H48: 26 | I48: 19 | J48: 24 | K48: 20 | L48: 21 | M48: 19 | N48: 15 | O48: 13 | P48: 24 | Q48: 19 | R48: 13 | S48: 27 | T48: 22 | U48: 23 | V48: 32 | W48: 22 | X48: 19 | Y48: 29 | Z48: 31 | AA48: 25 | AB48: 38 | AC48: 26 | AD48: 21 | AE48: 22 | AF48: 25 | AG48: 20 | AH48: 31 | AI48: 28 | AJ48: 25 | AK48: 15 | AL48: =SUM(E48:AK48) -> 771
B49: 5. | C49: Ir. H. AGUS RAHARDJO, MSc.M. | E49: 20 | F49: 25 | G49: 26 | H49: 34 | I49: 15 | J49: 24 | K49: 17 | L49: 14 | M49: 31 | N49: 69 | O49: 22 | P49: 24 | Q49: 15 | R49: 18 | S49: 15 | T49: 10 | U49: 9 | V49: 15 | W49: 17 | X49: 16 | Y49: 19 | Z49: 12 | AA49: 15 | AB49: 22 | AC49: 15 | AD49: 13 | AE49: 16 | AF49: 16 | AG49: 13 | AH49: 9 | AI49: 23 | AJ49: 17 | AK49: 13 | AL49: =SUM(E49:AK49) -> 639
B50: 6. | C50: Drs. AYUB KHAN | E50: 6 | F50: 7 | G50: 5 | H50: 14 | I50: 10 | J50: 8 | K50: 8 | L50: 7 | M50: 12 | N50: 7 | O50: 9 | P50: 10 | Q50: 10 | R50: 12 | S50: 10 | T50: 15 | U50: 7 | V50: 11 | W50: 10 | X50: 7 | Y50: 8 | Z50: 4 | AA50: 7 | AB50: 9 | AC50: 11 | AD50: 11 | AE50: 9 | AF50: 5 | AG50: 13 | AH50: 7 | AI50: 10 | AJ50: 5 | AK50: 7 | AL50: =SUM(E50:AK50) -> 291
B51: 7. | C51: BAMBANG HARIANTO | E51: 5 | F51: 3 | G51: 1 | H51: 2 | I51: 2 | J51: 2 | K51: 3 | L51: 1 | M51: 2 | N51: 3 | O51: 3 | P51: 1 | Q51: 4 | R51: 3 | S51: 0 | T51: 2 | U51: 2 | V51: 0 | W51: 2 | X51: 4 | Y51: 3 | Z51: 3 | AA51: 9 | AB51: 3 | AC51: 2 | AD51: 6 | AE51: 1 | AF51: 2 | AG51: 2 | AH51: 2 | AI51: 4 | AJ51: 4 | AK51: 7 | AL51: =SUM(E51:AK51) -> 93
B52: 8. | C52: CATUR RUDI UTANTO, S.Sos. | E52: 9 | F52: 4 | G52: 11 | H52: 2 | I52: 1 | J52: 4 | K52: 3 | L52: 0 | M52: 2 | N52: 2 | O52: 3 | P52: 3 | Q52: 2 | R52: 4 | S52: 2 | T52: 0 | U52: 3 | V52: 6 | W52: 13 | X52: 6 | Y52: 8 | Z52: 3 | AA52: 2 | AB52: 9 | AC52: 4 | AD52: 5 | AE52: 3 | AF52: 1 | AG52: 7 | AH52: 1 | AI52: 5 | AJ52: 7 | AK52: 2 | AL52: =SUM(E52:AK52) -> 137
B53: 9. | C53: DODDY DWI NUGROHO | E53: 2 | F53: 2 | G53: 2 | H53: 1 | I53: 0 | J53: 1 | K53: 1 | L53: 1 | M53: 3 | N53: 0 | O53: 4 | P53: 0 | Q53: 0 | R53: 0 | S53: 1 | T53: 0 | U53: 0 | V53: 1 | W53: 1 | X53: 1 | Y53: 0 | Z53: 0 | AA53: 2 | AB53: 3 | AC53: 1 | AD53: 3 | AE53: 0 | AF53: 0 | AG53: 1 | AH53: 2 | AI53: 0 | AJ53: 3 | AK53: 0 | AL53: =SUM(E53:AK53) -> 36
B54: 10. | C54: KONDANG KUSUMANING AYU | E54: 23 | F54: 23 | G54: 27 | H54: 32 | I54: 17 | J54: 24 | K54: 14 | L54: 35 | M54: 20 | N54: 22 | O54: 24 | P54: 40 | Q54: 22 | R54: 25 | S54: 26 | T54: 31 | U54: 38 | V54: 36 | W54: 23 | X54: 36 | Y54: 38 | Z54: 28 | AA54: 30 | AB54: 19 | AC54: 34 | AD54: 38 | AE54: 48 | AF54: 41 | AG54: 29 | AH54: 34 | AI54: 30 | AJ54: 38 | AK54: 34 | AL54: =SUM(E54:AK54) -> 979
B55: 11. | C55: KUNJUNG WAHYUDI | E55: 2 | F55: 2 | G55: 0 | H55: 4 | I55: 0 | J55: 2 | K55: 0 | L55: 3 | M55: 0 | N55: 1 | O55: 2 | P55: 2 | Q55: 1 | R55: 3 | S55: 0 | T55: 1 | U55: 1 | V55: 1 | W55: 0 | X55: 2 | Y55: 6 | Z55: 0 | AA55: 4 | AB55: 2 | AC55: 3 | AD55: 1 | AE55: 1 | AF55: 0 | AG55: 1 | AH55: 0 | AI55: 3 | AJ55: 1 | AK55: 0 | AL55: =SUM(E55:AK55) -> 49
B56: 12. | C56: Dr. LIA ISTIFHAMA | E56: 24 | F56: 11 | G56: 25 | H56: 31 | I56: 28 | J56: 19 | K56: 29 | L56: 26 | M56: 22 | N56: 17 | O56: 13 | P56: 28 | Q56: 21 | R56: 27 | S56: 24 | T56: 24 | U56: 23 | V56: 26 | W56: 23 | X56: 17 | Y56: 17 | Z56: 33 | AA56: 31 | AB56: 21 | AC56: 34 | AD56: 27 | AE56: 41 | AF56: 37 | AG56: 36 | AH56: 37 | AI56: 25 | AJ56: 17 | AK56: 34 | AL56: =SUM(E56:AK56) -> 848
B57: 13. | C57: MOHAMMAD TRIJANTO, S.H., M.M., M.H. | E57: 0 | F57: 2 | G57: 8 | H57: 2 | I57: 2 | J57: 2 | K57: 6 | L57: 2 | M57: 1 | N57: 0 | O57: 4 | P57: 4 | Q57: 3 | R57: 1 | S57: 4 | T57: 1 | U57: 2 | V57: 1 | W57: 3 | X57: 5 | Y57: 2 | Z57: 0 | AA57: 2 | AB57: 5 | AC57: 2 | AD57: 3 | AE57: 4 | AF57: 3 | AG57: 4 | AH57: 0 | AI57: 4 | AJ57: 1 | AK57: 1 | AL57: =SUM(E57:AK57) -> 84
A59: V | B59: DATA SUARA SAH DAN TIDAK SAH
B60: A. | C60: JUMLAH SELURUH SUARA SAH | E60: 166 | F60: 162 | G60: 192 | H60: 213 | I60: 131 | J60: 171 | K60: 145 | L60: 174 | M60: 147 | N60: 184 | O60: 131 | P60: 196 | Q60: 145 | R60: 169 | S60: 167 | T60: 166 | U60: 157 | V60: 192 | W60: 161 | X60: 178 | Y60: 185 | Z60: 190 | AA60: 195 | AB60: 191 | AC60: 184 | AD60: 195 | AE60: 207 | AF60: 179 | AG60: 175 | AH60: 176 | AI60: =SUM(AI45:AI57) -> 196 | AJ60: =SUM(AJ45:AJ57) -> 186 | AK60: =SUM(AK45:AK57) -> 199 | AL60: =SUM(E60:AK60) -> 5805
B61: B. | C61: JUMLAH SUARA TIDAK SAH | E61: 36 | F61: 35 | G61: 48 | H61: 39 | I61: 37 | J61: 37 | K61: 42 | L61: 27 | M61: 46 | N61: 43 | O61: 30 | P61: 25 | Q61: 28 | R61: 35 | S61: 34 | T61: 24 | U61: 59 | V61: 13 | W61: 38 | X61: 32 | Y61: 23 | Z61: 21 | AA61: 25 | AB61: 26 | AC61: 35 | AD61: 31 | AE61: 30 | AF61: 47 | AG61: 44 | AH61: 36 | AI61: 29 | AJ61: 35 | AK61: 20 | AL61: =SUM(E61:AK61) -> 1110
B62: C. | C62: JUMLAH SELURUH SUARA SAH DAN SUARA TIDAK SAH (V.A + V.B) | E62: 202 | F62: 197 | G62: 240 | H62: 252 | I62: 168 | J62: 208 | K62: 187 | L62: 201 | M62: 193 | N62: 227 | O62: 161 | P62: 221 | Q62: 173 | R62: 204 | S62: 201 | T62: 190 | U62: 216 | V62: 205 | W62: 199 | X62: 210 | Y62: 208 | Z62: 211 | AA62: 220 | AB62: 217 | AC62: 219 | AD62: 226 | AE62: 237 | AF62: 226 | AG62: 219 | AH62: 212 | AI62: =SUM(AI60:AI61) -> 225 | AJ62: =SUM(AJ60:AJ61) -> 221 | AK62: =SUM(AK60:AK61) -> 219 | AL62: =SUM(E62:AK62) -> 6915

Sheet KALIPLOSO
C2: Kecamatan | D2: CLURING
C3: Kabupaten | D3: BANYUWANGI
C4: Provinsi | D4: JAWA TIMUR
C9: Kelurahan | D9: KALIPLOSO
A12: I | B12: DATA PEMILIH DAN PENGGUNAAN HAK PILIH | Q12: JUMLAH AKHIR
A13: A | B13: DATA PEMILIH | E13: TPS 001 | F13: TPS 002 | G13: TPS 003 | H13: TPS 004 | I13: TPS 005 | J13: TPS 006 | K13: TPS 007 | L13: TPS 008 | M13: TPS 009 | N13: TPS 010 | O13: TPS 011 | P13: TPS 012
B14: Jumlah Pemilih dalam Daftar Pemilih Tetap (DPT) | D14: LK | E14: 137 | F14: 152 | G14: 135 | H14: 160 | I14: 142 | J14: 143 | K14: 128 | L14: 122 | M14: 107 | N14: 132 | O14: 142 | P14: 144 | Q14: =SUM(E14:P14) -> 1644
D15: PR | E15: 149 | F15: 144 | G15: 156 | H15: 137 | I15: 149 | J15: 143 | K15: 117 | L15: 122 | M15: 98 | N15: 124 | O15: 147 | P15: 150 | Q15: =SUM(E15:P15) -> 1636
D16: JML | E16: =SUM(E14:E15) -> 286 | F16: =SUM(F14:F15) -> 296 | G16: =SUM(G14:G15) -> 291 | H16: =SUM(H14:H15) -> 297 | I16: =SUM(I14:I15) -> 291 | J16: =SUM(J14:J15) -> 286 | K16: =SUM(K14:K15) -> 245 | L16: =SUM(L14:L15) -> 244 | ... P16: =SUM(P14:P15) -> 294 | Q16: =SUM(E16:P16) -> 3280
A18: B | B18: PENGGUNA HAK PILIH
B19: 1. | C19: Jumlah pengguna hak pilih dalam Daftar Pemilih Tetap (DPT) | D19: LK | E19: 81 | F19: 107 | G19: 100 | H19: 113 | I19: 121 | J19: 113 | K19: 103 | L19: 97 | M19: 75 | N19: 114 | O19: 116 | P19: 112 | Q19: =SUM(E19:P19) -> 1252
D20: PR | E20: 112 | F20: 117 | G20: 124 | H20: 127 | I20: 121 | J20: 117 | K20: 94 | L20: 95 | M20: 71 | N20: 87 | O20: 127 | P20: 123 | Q20: =SUM(E20:P20) -> 1315
D21: JML | E21: 193 | F21: 224 | G21: 224 | H21: 240 | I21: 242 | J21: 230 | K21: 197 | L21: 192 | M21: 146 | N21: 201 | O21: 243 | P21: 235 | Q21: =SUM(E21:P21) -> 2567
B22: 2. | C22: Jumlah pengguna hak pilih dalam Daftar Pemilih Tambahan (DPTb) | D22: LK | E22: 0 | F22: 1 | G22: 0 | H22: 0 | I22: 0 | J22: 0 | K22: 0 | L22: 0 | M22: 0 | N22: 0 | O22: 0 | P22: 0 | Q22: =SUM(E22:P22) -> 1
D23: PR | E23: 0 | F23: 2 | G23: 0 | H23: 0 | I23: 1 | J23: 0 | K23: 0 | L23: 0 | M23: 0 | N23: 0 | O23: 0 | P23: 1 | Q23: =SUM(E23:P23) -> 4
D24: JML | E24: 0 | F24: 3 | G24: 0 | H24: 0 | I24: 1 | J24: 0 | K24: 0 | L24: 0 | M24: 0 | N24: 0 | O24: 0 | P24: 1 | Q24: =SUM(E24:P24) -> 5
B25: 3. | C25: Jumlah pengguna hak pilih dalam Daftar Pemilih Khusus (DPK) | D25: LK | E25: 1 | F25: 1 | G25: 0 | H25: 0 | I25: 1 | J25: 1 | K25: 1 | L25: 0 | M25: 1 | N25: 0 | O25: 0 | P25: 0 | Q25: =SUM(E25:P25) -> 6
D26: PR | E26: 2 | F26: 1 | G26: 2 | H26: 0 | I26: 2 | J26: 3 | K26: 2 | L26: 0 | M26: 2 | N26: 0 | O26: 0 | P26: 0 | Q26: =SUM(E26:P26) -> 14
D27: JML | E27: 3 | F27: 2 | G27: 2 | H27: 0 | I27: 3 | J27: 4 | K27: 3 | L27: 0 | M27: 3 | N27: 0 | O27: 0 | P27: 0 | Q27: =SUM(E27:P27) -> 20
B28: 4. | C28: Jumlah Pengguna Hak Pilih (B.1+B.2+B.3) | D28: LK | E28: 82 | F28: 109 | G28: 100 | H28: 113 | I28: 122 | J28: 114 | K28: 104 | L28: 97 | M28: 76 | N28: 114 | O28: 116 | P28: 112 | Q28: =SUM(E28:P28) -> 1259
D29: PR | E29: 114 | F29: 120 | G29: 126 | H29: 127 | I29: 124 | J29: 120 | K29: 96 | L29: 95 | M29: 73 | N29: 87 | O29: 127 | P29: 124 | Q29: =SUM(E29:P29) -> 1333
D30: JML | E30: =SUM(E28:E29) -> 196 | F30: =SUM(F28:F29) -> 229 | G30: =SUM(G28:G29) -> 226 | H30: =SUM(H28:H29) -> 240 | I30: =SUM(I28:I29) -> 246 | J30: =SUM(J28:J29) -> 234 | K30: =SUM(K28:K29) -> 200 | L30: =SUM(L28:L29) -> 192 | ... P30: =SUM(P28:P29) -> 236 | Q30: =SUM(E30:P30) -> 2592
A32: II | B32: DATA PENGGUNAAN SURAT SUARA
A33: 1 | B33: Jumlah surat suara yang diterima, termasuk surat suara cadangan 2,5% dari DPT | E33: 303 | F33: 294 | G33: 300 | H33: 301 | I33: 290 | J33: 292 | K33: 254 | L33: 249 | M33: 211 | N33: 262 | O33: 295 | P33: 300 | Q33: =SUM(E33:P33) -> 3351
A34: 2 | B34: Jumlah surat suara yang digunakan | E34: 196 | F34: 229 | G34: 226 | H34: 240 | I34: 246 | J34: 234 | K34: 200 | L34: 192 | M34: 149 | N34: 201 | O34: 243 | P34: 236 | Q34: =SUM(E34:P34) -> 2592
A35: 3 | B35: Jumlah surat suara dikembalikan oleh pemilih (karena rusak atau keliru coblos) | E35: 0 | F35: 0 | G35: 0 | H35: 0 | I35: 0 | J35: 0 | K35: 0 | L35: 0 | M35: 1 | N35: 0 | O35: 0 | P35: 0 | Q35: =SUM(E35:P35) -> 1
A36: 4 | B36: Jumlah surat suara yang tidak digunakan/tidak terpakai, termasuk sisa surat suara cadangan | E36: 107 | F36: 65 | G36: 74 | H36: 61 | I36: 44 | J36: 58 | K36: 54 | L36: 57 | M36: 61 | N36: 61 | O36: 52 | P36: 64 | Q36: =SUM(E36:P36) -> 758
A38: III | B38: DATA PEMILIH DISABILITAS
B39: Jumlah seluruh Pemilih disabilitas yang menggunakan hak pilih | D39: LK | E39: 0 | F39: 0 | G39: 0 | H39: 0 | I39: 0 | J39: 0 | K39: 0 | L39: 0 | M39: 0 | N39: 0 | O39: 0 | P39: 0 | Q39: =SUM(E39:P39) -> 0
D40: PR | E40: 0 | F40: 0 | G40: 0 | H40: 0 | I40: 0 | J40: 0 | K40: 0 | L40: 0 | M40: 0 | N40: 0 | O40: 0 | P40: 0 | Q40: =SUM(E40:P40) -> 0
D41: JML | E41: =SUM(E39:E40) -> 0 | F41: =SUM(F39:F40) -> 0 | G41: =SUM(G39:G40) -> 0 | H41: =SUM(H39:H40) -> 0 | I41: =SUM(I39:I40) -> 0 | J41: =SUM(J39:J40) -> 0 | K41: =SUM(K39:K40) -> 0 | L41: =SUM(L39:L40) -> 0 | ... P41: =SUM(P39:P40) -> 0 | Q41: =SUM(E41:P41) -> 0
A43: IV | B43: DATA RINCIAN PEROLEHAN SUARA PASANGAN CALON BUPATI DAN WAKIL BUPATI
A44: NOMOR DAN NAMA CALON
B45: 1. | C45: AA. AHMAD NAWARDI | E45: 29 | F45: 9 | G45: 37 | H45: 20 | I45: 24 | J45: 19 | K45: 15 | L45: 20 | M45: 10 | N45: 21 | O45: 19 | P45: 16 | Q45: =SUM(E45:P45) -> 239
B46: 2. | C46: Ir. H. AA LA NYALLA MAHMUD MATTALITI, M.HP. | E46: 28 | F46: 85 | G46: 37 | H46: 41 | I46: 40 | J46: 28 | K46: 13 | L46: 23 | M46: 16 | N46: 30 | O46: 41 | P46: 22 | Q46: =SUM(E46:P46) -> 404
B47: 3. | C47: ABDUL QADIR AMIR HARTONO, S.E., S.H., M.H. | E47: 13 | F47: 9 | G47: 14 | H47: 10 | I47: 13 | J47: 12 | K47: 6 | L47: 4 | M47: 7 | N47: 18 | O47: 23 | P47: 37 | Q47: =SUM(E47:P47) -> 166
B48: 4. | C48: ADILLA AZIS, S.E. | E48: 26 | F48: 26 | G48: 25 | H48: 27 | I48: 22 | J48: 25 | K48: 18 | L48: 18 | M48: 9 | N48: 23 | O48: 29 | P48: 21 | Q48: =SUM(E48:P48) -> 269
B49: 5. | C49: Ir. H. AGUS RAHARDJO, MSc.M. | E49: 15 | F49: 17 | G49: 19 | H49: 9 | I49: 24 | J49: 23 | K49: 83 | L49: 68 | M49: 51 | N49: 17 | O49: 11 | P49: 9 | Q49: =SUM(E49:P49) -> 346
B50: 6. | C50: Drs. AYUB KHAN | E50: 11 | F50: 6 | G50: 13 | H50: 4 | I50: 12 | J50: 14 | K50: 2 | L50: 3 | M50: 3 | N50: 6 | O50: 15 | P50: 18 | Q50: =SUM(E50:P50) -> 107
B51: 7. | C51: BAMBANG HARIANTO | E51: 6 | F51: 3 | G51: 3 | H51: 3 | I51: 5 | J51: 4 | K51: 2 | L51: 4 | M51: 1 | N51: 3 | O51: 8 | P51: 3 | Q51: =SUM(E51:P51) -> 45
B52: 8. | C52: CATUR RUDI UTANTO, S.Sos. | E52: 10 | F52: 3 | G52: 3 | H52: 3 | I52: 1 | J52: 3 | K52: 3 | L52: 5 | M52: 4 | N52: 0 | O52: 1 | P52: 2 | Q52: =SUM(E52:P52) -> 38
B53: 9. | C53: DODDY DWI NUGROHO | E53: 1 | F53: 1 | G53: 0 | H53: 3 | I53: 1 | J53: 2 | K53: 0 | L53: 0 | M53: 0 | N53: 0 | O53: 0 | P53: 0 | Q53: =SUM(E53:P53) -> 8
B54: 10. | C54: KONDANG KUSUMANING AYU | E54: 19 | F54: 22 | G54: 13 | H54: 39 | I54: 41 | J54: 38 | K54: 25 | L54: 10 | M54: 14 | N54: 15 | O54: 32 | P54: 29 | Q54: =SUM(E54:P54) -> 297
B55: 11. | C55: KUNJUNG WAHYUDI | E55: 0 | F55: 2 | G55: 0 | H55: 2 | I55: 1 | J55: 1 | K55: 1 | L55: 1 | M55: 2 | N55: 0 | O55: 2 | P55: 2 | Q55: =SUM(E55:P55) -> 14
B56: 12. | C56: Dr. LIA ISTIFHAMA | E56: 23 | F56: 19 | G56: 22 | H56: 30 | I56: 34 | J56: 43 | K56: 24 | L56: 20 | M56: 11 | N56: 12 | O56: 29 | P56: 35 | Q56: =SUM(E56:P56) -> 302
B57: 13. | C57: MOHAMMAD TRIJANTO, S.H., M.M., M.H. | E57: 1 | F57: 2 | G57: 4 | H57: 5 | I57: 1 | J57: 1 | K57: 2 | L57: 0 | M57: 0 | N57: 2 | O57: 4 | P57: 3 | Q57: =SUM(E57:P57) -> 25
A59: V | B59: DATA SUARA SAH DAN TIDAK SAH
B60: A. | C60: JUMLAH SELURUH SUARA SAH | E60: =SUM(E45:E57) -> 182 | F60: =SUM(F45:F57) -> 204 | G60: =SUM(G45:G57) -> 190 | H60: =SUM(H45:H57) -> 196 | I60: =SUM(I45:I57) -> 219 | J60: =SUM(J45:J57) -> 213 | K60: =SUM(K45:K57) -> 194 | L60: =SUM(L45:L57) -> 176 | ... P60: =SUM(P45:P57) -> 197 | Q60: =SUM(E60:P60) -> 2260
B61: B. | C61: JUMLAH SUARA TIDAK SAH | E61: 14 | F61: 25 | G61: 36 | H61: 44 | I61: 27 | J61: 21 | K61: 6 | L61: 16 | M61: 21 | N61: 54 | O61: 29 | P61: 39 | Q61: =SUM(E61:P61) -> 332
B62: C. | C62: JUMLAH SELURUH SUARA SAH DAN SUARA TIDAK SAH (V.A + V.B) | E62: =SUM(E60:E61) -> 196 | F62: =SUM(F60:F61) -> 229 | G62: =SUM(G60:G61) -> 226 | H62: =SUM(H60:H61) -> 240 | I62: =SUM(I60:I61) -> 246 | J62: =SUM(J60:J61) -> 234 | K62: =SUM(K60:K61) -> 200 | L62: =SUM(L60:L61) -> 192 | ... P62: =SUM(P60:P61) -> 236 | Q62: =SUM(E62:P62) -> 2592

Sheet PLAMPANGREJO
C2: Kecamatan | D2: CLURING
C3: Kabupaten | D3: BANYUWANGI
C4: Provinsi | D4: JAWA TIMUR
C9: Kelurahan | D9: PLAMPANGREJO
A12: I | B12: DATA PEMILIH DAN PENGGUNAAN HAK PILIH | AE12: JUMLAH AKHIR
A13: A | B13: DATA PEMILIH | E13: TPS 001 | F13: TPS 002 | G13: TPS 003 | H13: TPS 004 | I13: TPS 005 | J13: TPS 006 | K13: TPS 007 | L13: TPS 008 | M13: TPS 009 | N13: TPS 010 | O13: TPS 011 | P13: TPS 012 | Q13: TPS 013 | R13: TPS 014 | S13: TPS 015 | T13: TPS 016 | U13: TPS 017 | V13: TPS 018 | W13: TPS 019 | X13: TPS 020 | Y13: TPS 021 | Z13: TPS 022 | AA13: TPS 023 | AB13: TPS 024 | AC13: TPS 025 | AD13: TPS 026
B14: Jumlah Pemilih dalam Daftar Pemilih Tetap (DPT) | D14: LK | E14: 128 | F14: 141 | G14: 138 | H14: 130 | I14: 137 | J14: 101 | K14: 144 | L14: 119 | M14: 133 | N14: 116 | O14: 121 | P14: 145 | Q14: 148 | R14: 147 | S14: 130 | T14: 136 | U14: 150 | V14: 157 | W14: 148 | X14: 143 | Y14: 152 | Z14: 138 | AA14: 120 | AB14: 109 | AC14: 130 | AD14: 107 | AE14: =SUM(E14:AD14) -> 3468
D15: PR | E15: 130 | F15: 137 | G15: 148 | H15: 121 | I15: 128 | J15: 105 | K15: 140 | L15: 128 | M15: 134 | N15: 125 | O15: 122 | P15: 133 | Q15: 150 | R15: 145 | S15: 134 | T15: 141 | U15: 134 | V15: 141 | W15: 143 | X15: 151 | Y15: 143 | Z15: 150 | AA15: 128 | AB15: 109 | AC15: 139 | AD15: 119 | AE15: =SUM(E15:AD15) -> 3478
D16: JML | E16: =SUM(E14:E15) -> 258 | F16: =SUM(F14:F15) -> 278 | G16: =SUM(G14:G15) -> 286 | H16: =SUM(H14:H15) -> 251 | I16: =SUM(I14:I15) -> 265 | J16: =SUM(J14:J15) -> 206 | K16: =SUM(K14:K15) -> 284 | L16: =SUM(L14:L15) -> 247 | ... AD16: =SUM(AD14:AD15) -> 226 | AE16: =SUM(E16:AD16) -> 6946
A18: B | B18: PENGGUNA HAK PILIH
B19: 1. | C19: Jumlah pengguna hak pilih dalam Daftar Pemilih Tetap (DPT) | D19: LK | E19: 100 | F19: 106 | G19: 117 | H19: 94 | I19: 103 | J19: 80 | K19: 116 | L19: 89 | M19: 90 | N19: 93 | O19: 93 | P19: 109 | Q19: 114 | R19: 118 | S19: 96 | T19: 102 | U19: 106 | V19: 125 | W19: 119 | X19: 113 | Y19: 112 | Z19: 96 | AA19: 91 | AB19: 88 | AC19: 107 | AD19: 84 | AE19: =SUM(E19:AD19) -> 2661
D20: PR | E20: 108 | F20: 106 | G20: 117 | H20: 98 | I20: 105 | J20: 85 | K20: 119 | L20: 107 | M20: 110 | N20: 98 | O20: 100 | P20: 102 | Q20: 126 | R20: 114 | S20: 106 | T20: 106 | U20: 116 | V20: 110 | W20: 113 | X20: 107 | Y20: 101 | Z20: 113 | AA20: 97 | AB20: 87 | AC20: 112 | AD20: 96 | AE20: =SUM(E20:AD20) -> 2759
D21: JML | E21: 208 | F21: 212 | G21: 234 | H21: 192 | I21: 208 | J21: 165 | K21: 235 | L21: 196 | M21: 200 | N21: 191 | O21: 193 | P21: 211 | Q21: 240 | R21: 232 | S21: 202 | T21: =SUM(T19:T20) -> 208 | U21: =SUM(U19:U20) -> 222 | V21: =SUM(V19:V20) -> 235 | W21: =SUM(W19:W20) -> 232 | X21: =SUM(X19:X20) -> 220 | Y21: =SUM(Y19:Y20) -> 213 | Z21: =SUM(Z19:Z20) -> 209 | AA21: =SUM(AA19:AA20) -> 188 | ... AD21: =SUM(AD19:AD20) -> 180 | AE21: =SUM(E21:AD21) -> 5420
B22: 2. | C22: Jumlah pengguna hak pilih dalam Daftar Pemilih Tambahan (DPTb) | D22: LK | E22: 0 | F22: 0 | G22: 0 | H22: 0 | I22: 0 | J22: 1 | K22: 1 | L22: 0 | M22: 0 | N22: 0 | O22: 0 | P22: 0 | Q22: 0 | R22: 1 | S22: 1 | T22: 0 | U22: 2 | V22: 0 | W22: 0 | X22: 0 | Y22: 0 | Z22: 0 | AA22: 0 | AB22: 0 | AC22: 0 | AD22: 0 | AE22: =SUM(E22:AD22) -> 6
D23: PR | E23: 0 | F23: 0 | G23: 0 | H23: 0 | I23: 0 | J23: 0 | K23: 1 | L23: 0 | M23: 0 | N23: 1 | O23: 1 | P23: 0 | Q23: 0 | R23: 1 | S23: 0 | T23: 0 | U23: 0 | V23: 1 | W23: 1 | X23: 0 | Y23: 0 | Z23: 0 | AA23: 0 | AB23: 0 | AC23: 0 | AD23: 0 | AE23: =SUM(E23:AD23) -> 6
D24: JML | E24: 0 | F24: 0 | G24: 0 | H24: 0 | I24: 0 | J24: 1 | K24: 2 | L24: 0 | M24: 0 | N24: 1 | O24: 1 | P24: 0 | Q24: 0 | R24: 2 | S24: 1 | T24: =SUM(T22:T23) -> 0 | U24: =SUM(U22:U23) -> 2 | V24: =SUM(V22:V23) -> 1 | W24: =SUM(W22:W23) -> 1 | X24: =SUM(X22:X23) -> 0 | Y24: =SUM(Y22:Y23) -> 0 | Z24: =SUM(Z22:Z23) -> 0 | AA24: =SUM(AA22:AA23) -> 0 | ... AD24: =SUM(AD22:AD23) -> 0 | AE24: =SUM(E24:AD24) -> 12
B25: 3. | C25: Jumlah pengguna hak pilih dalam Daftar Pemilih Khusus (DPK) | D25: LK | E25: 1 | F25: 1 | G25: 1 | H25: 0 | I25: 1 | J25: 0 | K25: 0 | L25: 0 | M25: 4 | N25: 1 | O25: 0 | P25: 1 | Q25: 0 | R25: 2 | S25: 2 | T25: 0 | U25: 0 | V25: 0 | W25: 1 | X25: 0 | Y25: 0 | Z25: 2 | AA25: 0 | AB25: 0 | AC25: 1 | AD25: 0 | AE25: =SUM(E25:AD25) -> 18
D26: PR | E26: 1 | F26: 1 | G26: 1 | H26: 0 | I26: 2 | J26: 0 | K26: 0 | L26: 0 | M26: 1 | N26: 0 | O26: 1 | P26: 0 | Q26: 0 | R26: 0 | S26: 4 | T26: 1 | U26: 0 | V26: 1 | W26: 0 | X26: 0 | Y26: 1 | Z26: 2 | AA26: 0 | AB26: 0 | AC26: 0 | AD26: 1 | AE26: =SUM(E26:AD26) -> 17
D27: JML | E27: 2 | F27: 2 | G27: 2 | H27: 0 | I27: 3 | J27: 0 | K27: 0 | L27: 0 | M27: 5 | N27: 1 | O27: 1 | P27: 1 | Q27: 0 | R27: 2 | S27: 6 | T27: =SUM(T25:T26) -> 1 | U27: =SUM(U25:U26) -> 0 | V27: =SUM(V25:V26) -> 1 | W27: =SUM(W25:W26) -> 1 | X27: =SUM(X25:X26) -> 0 | Y27: =SUM(Y25:Y26) -> 1 | Z27: =SUM(Z25:Z26) -> 4 | AA27: =SUM(AA25:AA26) -> 0 | ... AD27: =SUM(AD25:AD26) -> 1 | AE27: =SUM(E27:AD27) -> 35
B28: 4. | C28: Jumlah Pengguna Hak Pilih (B.1+B.2+B.3) | D28: LK | E28: 101 | F28: 107 | G28: 118 | H28: 94 | I28: 104 | J28: 81 | K28: 117 | L28: 89 | M28: 94 | N28: 94 | O28: 93 | P28: 110 | Q28: 114 | R28: 121 | S28: 99 | T28: =SUM(T19,T22,T25) -> 102 | U28: =SUM(U19,U22,U25) -> 108 | V28: =SUM(V19,V22,V25) -> 125 | W28: =SUM(W19,W22,W25) -> 120 | X28: =SUM(X19,X22,X25) -> 113 | Y28: =SUM(Y19,Y22,Y25) -> 112 | Z28: =SUM(Z19,Z22,Z25) -> 98 | AA28: =SUM(AA19,AA22,AA25) -> 91 | ... AD28: =SUM(AD19,AD22,AD25) -> 84 | AE28: =SUM(E28:AD28) -> 2685
D29: PR | E29: 109 | F29: 107 | G29: 118 | H29: 98 | I29: 107 | J29: 85 | K29: 120 | L29: 107 | M29: 111 | N29: 99 | O29: 102 | P29: 102 | Q29: 126 | R29: 115 | S29: 110 | T29: =SUM(T20,T23,T26) -> 107 | U29: =SUM(U20,U23,U26) -> 116 | V29: =SUM(V20,V23,V26) -> 112 | W29: =SUM(W20,W23,W26) -> 114 | X29: =SUM(X20,X23,X26) -> 107 | Y29: =SUM(Y20,Y23,Y26) -> 102 | Z29: =SUM(Z20,Z23,Z26) -> 115 | AA29: =SUM(AA20,AA23,AA26) -> 97 | ... AD29: =SUM(AD20,AD23,AD26) -> 97 | AE29: =SUM(E29:AD29) -> 2782
D30: JML | E30: =SUM(E28:E29) -> 210 | F30: =SUM(F28:F29) -> 214 | G30: =SUM(G28:G29) -> 236 | H30: =SUM(H28:H29) -> 192 | I30: =SUM(I28:I29) -> 211 | J30: =SUM(J28:J29) -> 166 | K30: =SUM(K28:K29) -> 237 | L30: =SUM(L28:L29) -> 196 | ... AD30: =SUM(AD28:AD29) -> 181 | AE30: =SUM(E30:AD30) -> 5467
A32: II | B32: DATA PENGGUNAAN SURAT SUARA
A33: 1 | B33: Jumlah surat suara yang diterima, termasuk surat suara cadangan 2,5% dari DPT | E33: 261 | F33: 284 | G33: 292 | H33: 259 | I33: 271 | J33: 211 | K33: 290 | L33: 252 | M33: 273 | N33: 246 | O33: 249 | P33: 284 | Q33: 305 | R33: 299 | S33: 270 | T33: 283 | U33: 290 | V33: 304 | W33: 297 | X33: 300 | Y33: 301 | Z33: 299 | AA33: 253 | AB33: 223 | AC33: 275 | AD33: 231 | AE33: =SUM(E33:AD33) -> 7102
A34: 2 | B34: Jumlah surat suara yang digunakan | E34: 210 | F34: 214 | G34: 236 | H34: 192 | I34: 211 | J34: 166 | K34: 237 | L34: 196 | M34: 205 | N34: 193 | O34: 195 | P34: 212 | Q34: 240 | R34: 236 | S34: 209 | T34: 209 | U34: 224 | V34: 237 | W34: 234 | X34: 220 | Y34: 214 | Z34: 213 | AA34: 188 | AB34: 175 | AC34: 220 | AD34: 181 | AE34: =SUM(E34:AD34) -> 5467
A35: 3 | B35: Jumlah surat suara dikembalikan oleh pemilih (karena rusak atau keliru coblos) | E35: 0 | F35: 0 | G35: 0 | H35: 0 | I35: 0 | J35: 0 | K35: 1 | L35: 0 | M35: 0 | N35: 2 | O35: 0 | P35: 3 | Q35: 0 | R35: 0 | S35: 0 | T35: 0 | U35: 0 | V35: 0 | W35: 0 | X35: 0 | Y35: 16 | Z35: 0 | AA35: 0 | AB35: 3 | AC35: 0 | AD35: 0 | AE35: =SUM(E35:AD35) -> 25
A36: 4 | B36: Jumlah surat suara yang tidak digunakan/tidak terpakai, termasuk sisa surat suara cadangan | E36: 51 | F36: 70 | G36: 56 | H36: 67 | I36: 60 | J36: 45 | K36: 52 | L36: 56 | M36: 68 | N36: 51 | O36: 54 | P36: 69 | Q36: 65 | R36: 63 | S36: 61 | T36: =T33-(T34+T35) -> 74 | U36: =U33-(U34+U35) -> 66 | V36: =V33-(V34+V35) -> 67 | W36: =W33-(W34+W35) -> 63 | X36: =X33-(X34+X35) -> 80 | Y36: =Y33-(Y34+Y35) -> 71 | Z36: =Z33-(Z34+Z35) -> 86 | AA36: =AA33-(AA34+AA35) -> 65 | ... AD36: =AD33-(AD34+AD35) -> 50 | AE36: =SUM(E36:AD36) -> 1610
A38: III | B38: DATA PEMILIH DISABILITAS
B39: Jumlah seluruh Pemilih disabilitas yang menggunakan hak pilih | D39: LK | E39: 1 | F39: 0 | G39: 0 | H39: 0 | I39: 0 | J39: 0 | K39: 0 | L39: 0 | M39: 0 | N39: 0 | O39: 0 | P39: 5 | Q39: 0 | R39: 0 | S39: 0 | T39: 0 | U39: 0 | V39: 0 | W39: 0 | X39: 0 | Y39: 0 | Z39: 0 | AA39: 0 | AB39: 0 | AC39: 0 | AD39: 0 | AE39: =SUM(E39:AD39) -> 6
D40: PR | E40: 0 | F40: 0 | G40: 0 | H40: 0 | I40: 0 | J40: 0 | K40: 0 | L40: 0 | M40: 0 | N40: 0 | O40: 0 | P40: 4 | Q40: 0 | R40: 0 | S40: 0 | T40: 0 | U40: 0 | V40: 0 | W40: 0 | X40: 0 | Y40: 0 | Z40: 0 | AA40: 0 | AB40: 0 | AC40: 0 | AD40: 0 | AE40: =SUM(E40:AD40) -> 4
D41: JML | E41: =SUM(E39:E40) -> 1 | F41: =SUM(F39:F40) -> 0 | G41: =SUM(G39:G40) -> 0 | H41: =SUM(H39:H40) -> 0 | I41: =SUM(I39:I40) -> 0 | J41: =SUM(J39:J40) -> 0 | K41: =SUM(K39:K40) -> 0 | L41: =SUM(L39:L40) -> 0 | ... AD41: =SUM(AD39:AD40) -> 0 | AE41: =SUM(E41:AD41) -> 10
A43: IV | B43: DATA RINCIAN PEROLEHAN SUARA PASANGAN CALON BUPATI DAN WAKIL BUPATI
A44: NOMOR DAN NAMA CALON
B45: 1. | C45: AA. AHMAD NAWARDI | E45: 19 | F45: 10 | G45: 13 | H45: 10 | I45: 12 | J45: 11 | K45: 17 | L45: 7 | M45: 24 | N45: 16 | O45: 18 | P45: 19 | Q45: 19 | R45: 23 | S45: 17 | T45: 16 | U45: 19 | V45: 14 | W45: 5 | X45: 14 | Y45: 9 | Z45: 12 | AA45: 15 | AB45: 7 | AC45: 17 | AD45: 9 | AE45: 24
B46: 2. | C46: Ir. H. AA LA NYALLA MAHMUD MATTALITI, M.HP. | E46: 31 | F46: 14 | G46: 31 | H46: 9 | I46: 18 | J46: 13 | K46: 61 | L46: 31 | M46: 27 | N46: 19 | O46: 19 | P46: 51 | Q46: 43 | R46: 26 | S46: 25 | T46: 30 | U46: 27 | V46: 34 | W46: 45 | X46: 30 | Y46: 23 | Z46: 28 | AA46: 27 | AB46: 22 | AC46: 30 | AD46: 28 | AE46: 32
B47: 3. | C47: ABDUL QADIR AMIR HARTONO, S.E., S.H., M.H. | E47: 21 | F47: 14 | G47: 15 | H47: 20 | I47: 13 | J47: 17 | K47: 12 | L47: 7 | M47: 18 | N47: 10 | O47: 11 | P47: 20 | Q47: 21 | R47: 19 | S47: 16 | T47: 16 | U47: 14 | V47: 12 | W47: 9 | X47: 7 | Y47: 23 | Z47: 15 | AA47: 9 | AB47: 17 | AC47: 18 | AD47: 8 | AE47: 15
B48: 4. | C48: ADILLA AZIS, S.E. | E48: 24 | F48: 29 | G48: 27 | H48: 23 | I48: 24 | J48: 32 | K48: 30 | L48: 21 | M48: 23 | N48: 21 | O48: 21 | P48: 19 | Q48: 34 | R48: 25 | S48: 25 | T48: 22 | U48: 27 | V48: 34 | W48: 28 | X48: 33 | Y48: 25 | Z48: 32 | AA48: 22 | AB48: 26 | AC48: 27 | AD48: 16 | AE48: 21
B49: 5. | C49: Ir. H. AGUS RAHARDJO, MSc.M. | E49: 15 | F49: 17 | G49: 18 | H49: 14 | I49: 20 | J49: 26 | K49: 22 | L49: 21 | M49: 15 | N49: 21 | O49: 17 | P49: 10 | Q49: 17 | R49: 26 | S49: 24 | T49: 18 | U49: 24 | V49: 12 | W49: 19 | X49: 10 | Y49: 14 | Z49: 11 | AA49: 16 | AB49: 5 | AC49: 11 | AD49: 39 | AE49: 31
B50: 6. | C50: Drs. AYUB KHAN | E50: 10 | F50: 10 | G50: 8 | H50: 5 | I50: 15 | J50: 4 | K50: 7 | L50: 17 | M50: 14 | N50: 11 | O50: 11 | P50: 5 | Q50: 8 | R50: 15 | S50: 9 | T50: 24 | U50: 8 | V50: 5 | W50: 11 | X50: 11 | Y50: 5 | Z50: 9 | AA50: 20 | AB50: 3 | AC50: 11 | AD50: 8 | AE50: 11
B51: 7. | C51: BAMBANG HARIANTO | E51: 3 | F51: 5 | G51: 3 | H51: 1 | I51: 3 | J51: 3 | K51: 7 | L51: 3 | M51: 0 | N51: 3 | O51: 2 | P51: 0 | Q51: 8 | R51: 3 | S51: 5 | T51: 1 | U51: 1 | V51: 4 | W51: 2 | X51: 2 | Y51: 2 | Z51: 4 | AA51: 1 | AB51: 0 | AC51: 4 | AD51: 1 | AE51: 1
B52: 8. | C52: CATUR RUDI UTANTO, S.Sos. | E52: 4 | F52: 5 | G52: 7 | H52: 7 | I52: 5 | J52: 2 | K52: 5 | L52: 2 | M52: 1 | N52: 1 | O52: 5 | P52: 1 | Q52: 9 | R52: 5 | S52: 1 | T52: 3 | U52: 2 | V52: 1 | W52: 2 | X52: 3 | Y52: 7 | Z52: 0 | AA52: 0 | AB52: 3 | AC52: 3 | AD52: 1 | AE52: 3
B53: 9. | C53: DODDY DWI NUGROHO | E53: 0 | F53: 0 | G53: 1 | H53: 1 | I53: 2 | J53: 1 | K53: 2 | L53: 6 | M53: 0 | N53: 1 | O53: 1 | P53: 0 | Q53: 2 | R53: 0 | S53: 1 | T53: 0 | U53: 1 | V53: 0 | W53: 1 | X53: 0 | Y53: 0 | Z53: 0 | AA53: 0 | AB53: 0 | AC53: 2 | AD53: 1 | AE53: 0
B54: 10. | C54: KONDANG KUSUMANING AYU | E54: 34 | F54: 37 | G54: 47 | H54: 27 | I54: 37 | J54: 26 | K54: 30 | L54: 29 | M54: 25 | N54: 31 | O54: 31 | P54: 26 | Q54: 24 | R54: 14 | S54: 26 | T54: 28 | U54: 35 | V54: 62 | W54: 34 | X54: 40 | Y54: 27 | Z54: 39 | AA54: 25 | AB54: 27 | AC54: 28 | AD54: 30 | AE54: 34
B55: 11. | C55: KUNJUNG WAHYUDI | E55: 4 | F55: 3 | G55: 3 | H55: 2 | I55: 6 | J55: 1 | K55: 2 | L55: 2 | M55: 1 | N55: 1 | O55: 1 | P55: 1 | Q55: 0 | R55: 1 | S55: 1 | T55: 0 | U55: 0 | V55: 5 | W55: 0 | X55: 2 | Y55: 1 | Z55: 1 | AA55: 1 | AB55: 1 | AC55: 1 | AD55: 0 | AE55: 1
B56: 12. | C56: Dr. LIA ISTIFHAMA | E56: 25 | F56: 45 | G56: 45 | H56: 27 | I56: 45 | J56: 23 | K56: 25 | L56: 32 | M56: 39 | N56: 36 | O56: 39 | P56: 27 | Q56: 23 | R56: 39 | S56: 33 | T56: 24 | U56: 32 | V56: 24 | W56: 37 | X56: 31 | Y56: 29 | Z56: 35 | AA56: 36 | AB56: 19 | AC56: 52 | AD56: 21 | AE56: 27
B57: 13. | C57: MOHAMMAD TRIJANTO, S.H., M.M., M.H. | E57: 2 | F57: 3 | G57: 1 | H57: 2 | I57: 0 | J57: 1 | K57: 2 | L57: 1 | M57: 2 | N57: 0 | O57: 2 | P57: 3 | Q57: 1 | R57: 1 | S57: 1 | T57: 3 | U57: 3 | V57: 4 | W57: 3 | X57: 2 | Y57: 5 | Z57: 1 | AA57: 1 | AB57: 0 | AC57: 2 | AD57: 0 | AE57: 3
A59: V | B59: DATA SUARA SAH DAN TIDAK SAH
B60: A. | C60: JUMLAH SELURUH SUARA SAH | E60: =SUM(E45:E57) -> 192 | F60: =SUM(F45:F57) -> 192 | G60: =SUM(G45:G57) -> 219 | H60: =SUM(H45:H57) -> 148 | I60: =SUM(I45:I57) -> 200 | J60: =SUM(J45:J57) -> 160 | K60: =SUM(K45:K57) -> 222 | L60: =SUM(L45:L57) -> 179 | ... AD60: =SUM(AD45:AD57) -> 162 | AE60: =SUM(E60:AD60) -> 4820
B61: B. | C61: JUMLAH SUARA TIDAK SAH | E61: 18 | F61: 22 | G61: 17 | H61: 44 | I61: 11 | J61: 6 | K61: 15 | L61: 17 | M61: 16 | N61: 22 | O61: 17 | P61: 30 | Q61: 31 | R61: 39 | S61: 25 | AE61: =SUM(E61:AD61) -> 330
B62: C. | C62: JUMLAH SELURUH SUARA SAH DAN SUARA TIDAK SAH (V.A + V.B) | E62: =SUM(E60:E61) -> 210 | F62: =SUM(F60:F61) -> 214 | G62: =SUM(G60:G61) -> 236 | H62: =SUM(H60:H61) -> 192 | I62: =SUM(I60:I61) -> 211 | J62: =SUM(J60:J61) -> 166 | K62: =SUM(K60:K61) -> 237 | L62: =SUM(L60:L61) -> 196 | ... AD62: =SUM(AD60:AD61) -> 162 | AE62: =SUM(E62:AD62) -> 5150

Sheet SARIMULYO
C2: Kecamatan | D2: CLURING
C3: Kabupaten | D3: BANYUWANGI
C4: Provinsi | D4: JAWA TIMUR
C9: Kelurahan | D9: SARIMULYO
A12: I | B12: DATA PEMILIH DAN PENGGUNAAN HAK PILIH | AA12: JUMLAH AKHIR
A13: A | B13: DATA PEMILIH | E13: TPS 001 | F13: TPS 002 | G13: TPS 003 | H13: TPS 004 | I13: TPS 005 | J13: TPS 006 | K13: TPS 007 | L13: TPS 008 | M13: TPS 009 | N13: TPS 010 | O13: TPS 011 | P13: TPS 012 | Q13: TPS 013 | R13: TPS 014 | S13: TPS 015 | T13: TPS 016 | U13: TPS 017 | V13: TPS 018 | W13: TPS 019 | X13: TPS 020 | Y13: TPS 021 | Z13: TPS 022
B14: Jumlah Pemilih dalam Daftar Pemilih Tetap (DPT) | D14: LK | E14: 143 | F14: 119 | G14: 113 | H14: 127 | I14: 135 | J14: 129 | K14: 128 | L14: 102 | M14: 122 | N14: 114 | O14: 136 | P14: 113 | Q14: 124 | R14: 135 | S14: 125 | T14: 110 | U14: 115 | V14: 126 | W14: 143 | X14: 155 | Y14: 143 | Z14: 137 | AA14: =SUM(E14:Z14) -> 2794
D15: PR | E15: 125 | F15: 134 | G15: 114 | H15: 133 | I15: 137 | J15: 152 | K15: 136 | L15: 110 | M15: 120 | N15: 117 | O15: 129 | P15: 135 | Q15: 118 | R15: 137 | S15: 122 | T15: 115 | U15: 114 | V15: 139 | W15: 137 | X15: 142 | Y15: 149 | Z15: 132 | AA15: =SUM(E15:Z15) -> 2847
D16: JML | E16: =SUM(E14:E15) -> 268 | F16: =SUM(F14:F15) -> 253 | G16: =SUM(G14:G15) -> 227 | H16: =SUM(H14:H15) -> 260 | I16: =SUM(I14:I15) -> 272 | J16: =SUM(J14:J15) -> 281 | K16: =SUM(K14:K15) -> 264 | L16: =SUM(L14:L15) -> 212 | ... Z16: =SUM(Z14:Z15) -> 269 | AA16: =SUM(E16:Z16) -> 5641
A18: B | B18: PENGGUNA HAK PILIH
B19: 1. | C19: Jumlah pengguna hak pilih dalam Daftar Pemilih Tetap (DPT) | D19: LK | E19: 103 | F19: 93 | G19: 79 | H19: 82 | I19: 98 | J19: 95 | K19: 91 | L19: 71 | M19: 92 | N19: 78 | O19: 103 | P19: 94 | Q19: 96 | R19: 96 | S19: 88 | T19: 78 | U19: 94 | V19: 85 | W19: 96 | X19: 119 | Y19: 103 | Z19: 115 | AA19: =SUM(E19:Z19) -> 2049
D20: PR | E20: 104 | F20: 113 | G20: 88 | H20: 106 | I20: 104 | J20: 124 | K20: 107 | L20: 74 | M20: 101 | N20: 84 | O20: 103 | P20: 113 | Q20: 97 | R20: 111 | S20: 94 | T20: 87 | U20: 87 | V20: 118 | W20: 104 | X20: 122 | Y20: 122 | Z20: 113 | AA20: =SUM(E20:Z20) -> 2276
D21: JML | E21: 207 | F21: 206 | G21: 167 | H21: 188 | I21: 202 | J21: 219 | K21: 198 | L21: 145 | M21: 193 | N21: 162 | O21: 206 | P21: 207 | Q21: 193 | R21: 207 | S21: 182 | T21: 165 | U21: 181 | V21: 203 | W21: 200 | X21: 241 | Y21: 225 | Z21: 228 | AA21: =SUM(E21:Z21) -> 4325
B22: 2. | C22: Jumlah pengguna hak pilih dalam Daftar Pemilih Tambahan (DPTb) | D22: LK | E22: 0 | F22: 0 | G22: 0 | H22: 0 | I22: 0 | J22: 0 | K22: 1 | L22: 0 | M22: 0 | N22: 0 | O22: 0 | P22: 0 | Q22: 0 | R22: 0 | S22: 0 | T22: 0 | U22: 0 | V22: 0 | W22: 0 | X22: 0 | Y22: 0 | Z22: 0 | AA22: =SUM(E22:Z22) -> 1
D23: PR | E23: 0 | F23: 0 | G23: 0 | H23: 0 | I23: 0 | J23: 0 | K23: 0 | L23: 0 | M23: 0 | N23: 0 | O23: 0 | P23: 0 | Q23: 0 | R23: 0 | S23: 0 | T23: 0 | U23: 0 | V23: 0 | W23: 0 | X23: 0 | Y23: 0 | Z23: 0 | AA23: =SUM(E23:Z23) -> 0
D24: JML | E24: 0 | F24: 0 | G24: 0 | H24: 0 | I24: 0 | J24: 0 | K24: 1 | L24: 0 | M24: 0 | N24: 0 | O24: 0 | P24: 0 | Q24: 0 | R24: 0 | S24: 0 | T24: 0 | U24: 0 | V24: 0 | W24: 0 | X24: 0 | Y24: 0 | Z24: 0 | AA24: =SUM(E24:Z24) -> 1
B25: 3. | C25: Jumlah pengguna hak pilih dalam Daftar Pemilih Khusus (DPK) | D25: LK | E25: 3 | F25: 1 | G25: 2 | H25: 0 | I25: 2 | J25: 3 | K25: 1 | L25: 1 | M25: 1 | N25: 2 | O25: 0 | P25: 0 | Q25: 2 | R25: 3 | S25: 2 | T25: 0 | U25: 1 | V25: 2 | W25: 0 | X25: 0 | Y25: 0 | Z25: 0 | AA25: =SUM(E25:Z25) -> 26
D26: PR | E26: 2 | F26: 3 | G26: 2 | H26: 1 | I26: 2 | J26: 2 | K26: 0 | L26: 3 | M26: 4 | N26: 3 | O26: 3 | P26: 3 | Q26: 2 | R26: 3 | S26: 4 | T26: 0 | U26: 4 | V26: 2 | W26: 0 | X26: 0 | Y26: 0 | Z26: 0 | AA26: =SUM(E26:Z26) -> 43
D27: JML | E27: 5 | F27: 4 | G27: 4 | H27: 1 | I27: 4 | J27: 5 | K27: 1 | L27: 4 | M27: 5 | N27: 5 | O27: 3 | P27: 3 | Q27: 4 | R27: 6 | S27: 6 | T27: 0 | U27: 5 | V27: 4 | W27: 0 | X27: 0 | Y27: 0 | Z27: 0 | AA27: =SUM(E27:Z27) -> 69
B28: 4. | C28: Jumlah Pengguna Hak Pilih (B.1+B.2+B.3) | D28: LK | E28: 106 | F28: 94 | G28: 81 | H28: 82 | I28: 100 | J28: 98 | K28: 93 | L28: 72 | M28: 93 | N28: 80 | O28: 103 | P28: 94 | Q28: 98 | R28: 99 | S28: 90 | T28: 78 | U28: 95 | V28: 87 | W28: 98 | X28: 119 | Y28: 103 | Z28: 115 | AA28: =SUM(E28:Z28) -> 2078
D29: PR | E29: 106 | F29: 116 | G29: 90 | H29: 107 | I29: 106 | J29: 126 | K29: 107 | L29: 77 | M29: 105 | N29: 87 | O29: 106 | P29: 116 | Q29: 99 | R29: 114 | S29: 98 | T29: 87 | U29: 91 | V29: 120 | W29: 104 | X29: 122 | Y29: 122 | Z29: 113 | AA29: =SUM(E29:Z29) -> 2319
D30: JML | E30: 212 | F30: 210 | G30: 171 | H30: 189 | I30: 206 | J30: 224 | K30: 200 | L30: 149 | M30: 198 | N30: 167 | O30: 209 | P30: 210 | Q30: 197 | R30: 213 | S30: 188 | T30: =SUM(T28:T29) -> 165 | U30: =SUM(U28:U29) -> 186 | V30: =SUM(V28:V29) -> 207 | W30: =SUM(W28:W29) -> 202 | X30: =SUM(X28:X29) -> 241 | Y30: =SUM(Y28:Y29) -> 225 | Z30: =SUM(Z28:Z29) -> 228 | AA30: =SUM(E30:Z30) -> 4397
A32: II | B32: DATA PENGGUNAAN SURAT SUARA
A33: 1 | B33: Jumlah surat suara yang diterima, termasuk surat suara cadangan 2,5% dari DPT | E33: 274 | F33: 259 | G33: 232 | H33: 261 | I33: 275 | J33: 288 | K33: 291 | L33: 217 | M33: 247 | N33: 248 | O33: 272 | P33: 256 | Q33: 247 | R33: 280 | S33: 242 | T33: 230 | U33: 234 | V33: 273 | W33: 286 | X33: 304 | Y33: 298 | Z33: 275 | AA33: =SUM(E33:Z33) -> 5789
A34: 2 | B34: Jumlah surat suara yang digunakan | E34: 212 | F34: 210 | G34: 171 | H34: 189 | I34: 206 | J34: 224 | K34: 200 | L34: 149 | M34: 198 | N34: 167 | O34: 209 | P34: 210 | Q34: 197 | R34: 213 | S34: 188 | T34: 165 | U34: 186 | V34: 207 | W34: 202 | X34: 241 | Y34: 225 | Z34: 228 | AA34: =SUM(E34:Z34) -> 4397
A35: 3 | B35: Jumlah surat suara dikembalikan oleh pemilih (karena rusak atau keliru coblos) | E35: 0 | F35: 0 | G35: 0 | H35: 0 | I35: 0 | J35: 0 | K35: 0 | L35: 0 | M35: 0 | N35: 0 | O35: 0 | P35: 0 | Q35: 0 | R35: 0 | S35: 0 | T35: 0 | U35: 0 | V35: 0 | W35: 0 | X35: 0 | Y35: 0 | Z35: 0 | AA35: =SUM(E35:Z35) -> 0
A36: 4 | B36: Jumlah surat suara yang tidak digunakan/tidak terpakai, termasuk sisa surat suara cadangan | E36: 62 | F36: 49 | G36: 61 | H36: 72 | I36: 69 | J36: 64 | K36: 91 | L36: 68 | M36: 49 | N36: 81 | O36: 63 | P36: 46 | Q36: 50 | R36: 67 | S36: 54 | T36: 65 | U36: 48 | V36: 66 | W36: 84 | X36: 63 | Y36: 73 | Z36: 47 | AA36: =SUM(E36:Z36) -> 1392
A38: III | B38: DATA PEMILIH DISABILITAS
B39: Jumlah seluruh Pemilih disabilitas yang menggunakan hak pilih | D39: LK | E39: 0 | F39: 0 | G39: 0 | H39: 0 | I39: 0 | J39: 0 | K39: 0 | L39: 0 | M39: 0 | N39: 0 | O39: 0 | P39: 0 | Q39: 0 | R39: 0 | S39: 0 | T39: 0 | U39: 0 | V39: 0 | W39: 0 | X39: 0 | Y39: 0 | Z39: 0 | AA39: =SUM(E39:Z39) -> 0
D40: PR | E40: 0 | F40: 0 | G40: 0 | H40: 0 | I40: 0 | J40: 0 | K40: 0 | L40: 0 | M40: 0 | N40: 0 | O40: 0 | P40: 0 | Q40: 0 | R40: 2 | S40: 0 | T40: 0 | U40: 0 | V40: 0 | W40: 0 | X40: 0 | Y40: 0 | Z40: 0 | AA40: =SUM(E40:Z40) -> 2
D41: JML | E41: =SUM(E39:E40) -> 0 | F41: =SUM(F39:F40) -> 0 | G41: =SUM(G39:G40) -> 0 | H41: =SUM(H39:H40) -> 0 | I41: =SUM(I39:I40) -> 0 | J41: =SUM(J39:J40) -> 0 | K41: =SUM(K39:K40) -> 0 | L41: =SUM(L39:L40) -> 0 | ... Z41: =SUM(Z39:Z40) -> 0 | AA41: =SUM(E41:Z41) -> 2
A43: IV | B43: DATA RINCIAN PEROLEHAN SUARA PASANGAN CALON BUPATI DAN WAKIL BUPATI
A44: NOMOR DAN NAMA CALON
B45: 1. | C45: AA. AHMAD NAWARDI | E45: 12 | F45: 13 | G45: 20 | H45: 19 | I45: 11 | J45: 5 | K45: 8 | L45: 6 | M45: 10 | N45: 11 | O45: 10 | P45: 10 | Q45: 6 | R45: 20 | S45: 15 | T45: 5 | U45: 8 | V45: 13 | W45: 12 | X45: 15 | Y45: 23 | Z45: 14 | AA45: =SUM(E45:Z45) -> 266
B46: 2. | C46: Ir. H. AA LA NYALLA MAHMUD MATTALITI, M.HP. | E46: 30 | F46: 21 | G46: 32 | H46: 24 | I46: 35 | J46: 37 | K46: 30 | L46: 20 | M46: 22 | N46: 38 | O46: 28 | P46: 22 | Q46: 31 | R46: 29 | S46: 23 | T46: 37 | U46: 38 | V46: 49 | W46: 71 | X46: 40 | Y46: 41 | Z46: 36 | AA46: =SUM(E46:Z46) -> 734
B47: 3. | C47: ABDUL QADIR AMIR HARTONO, S.E., S.H., M.H. | E47: 15 | F47: 11 | G47: 9 | H47: 22 | I47: 9 | J47: 10 | K47: 11 | L47: 6 | M47: 14 | N47: 4 | O47: 19 | P47: 10 | Q47: 23 | R47: 19 | S47: 13 | T47: 5 | U47: 9 | V47: 11 | W47: 10 | X47: 17 | Y47: 20 | Z47: 11 | AA47: =SUM(E47:Z47) -> 278
B48: 4. | C48: ADILLA AZIS, S.E. | E48: 20 | F48: 31 | G48: 29 | H48: 33 | I48: 23 | J48: 25 | K48: 27 | L48: 20 | M48: 19 | N48: 19 | O48: 24 | P48: 22 | Q48: 22 | R48: 29 | S48: 13 | T48: 11 | U48: 14 | V48: 18 | W48: 11 | X48: 31 | Y48: 22 | Z48: 26 | AA48: =SUM(E48:Z48) -> 489
B49: 5. | C49: Ir. H. AGUS RAHARDJO, MSc.M. | E49: 11 | F49: 23 | G49: 10 | H49: 10 | I49: 10 | J49: 25 | K49: 14 | L49: 8 | M49: 17 | N49: 12 | O49: 18 | P49: 21 | Q49: 26 | R49: 11 | S49: 11 | T49: 6 | U49: 14 | V49: 11 | W49: 8 | X49: 16 | Y49: 15 | Z49: 14 | AA49: =SUM(E49:Z49) -> 311
B50: 6. | C50: Drs. AYUB KHAN | E50: 22 | F50: 17 | G50: 12 | H50: 13 | I50: 17 | J50: 15 | K50: 15 | L50: 5 | M50: 8 | N50: 6 | O50: 12 | P50: 5 | Q50: 11 | R50: 6 | S50: 9 | T50: 4 | U50: 10 | V50: 19 | W50: 7 | X50: 19 | Y50: 8 | Z50: 10 | AA50: =SUM(E50:Z50) -> 250
B51: 7. | C51: BAMBANG HARIANTO | E51: 1 | F51: 5 | G51: 3 | H51: 2 | I51: 0 | J51: 3 | K51: 2 | L51: 2 | M51: 0 | N51: 4 | O51: 1 | P51: 2 | Q51: 2 | R51: 6 | S51: 12 | T51: 1 | U51: 1 | V51: 1 | W51: 3 | X51: 1 | Y51: 5 | Z51: 1 | AA51: =SUM(E51:Z51) -> 58
B52: 8. | C52: CATUR RUDI UTANTO, S.Sos. | E52: 4 | F52: 2 | G52: 0 | H52: 0 | I52: 0 | J52: 3 | K52: 1 | L52: 2 | M52: 0 | N52: 1 | O52: 6 | P52: 5 | Q52: 2 | R52: 5 | S52: 1 | T52: 4 | U52: 4 | V52: 4 | W52: 3 | X52: 3 | Y52: 2 | Z52: 2 | AA52: =SUM(E52:Z52) -> 54
B53: 9. | C53: DODDY DWI NUGROHO | E53: 2 | F53: 1 | G53: 0 | H53: 1 | I53: 2 | J53: 2 | K53: 0 | L53: 0 | M53: 1 | N53: 1 | O53: 2 | P53: 0 | Q53: 0 | R53: 1 | S53: 0 | T53: 0 | U53: 2 | V53: 4 | W53: 3 | X53: 0 | Y53: 0 | Z53: 3 | AA53: =SUM(E53:Z53) -> 25
B54: 10. | C54: KONDANG KUSUMANING AYU | E54: 28 | F54: 21 | G54: 18 | H54: 18 | I54: 29 | J54: 34 | K54: 37 | L54: 26 | M54: 26 | N54: 24 | O54: 15 | P54: 22 | Q54: 20 | R54: 29 | S54: 25 | T54: 23 | U54: 26 | V54: 24 | W54: 26 | X54: 25 | Y54: 26 | Z54: 33 | AA54: =SUM(E54:Z54) -> 555
B55: 11. | C55: KUNJUNG WAHYUDI | E55: 0 | F55: 2 | G55: 0 | H55: 0 | I55: 2 | J55: 0 | K55: 0 | L55: 1 | M55: 1 | N55: 1 | O55: 2 | P55: 1 | Q55: 1 | R55: 3 | S55: 2 | T55: 1 | U55: 2 | V55: 0 | W55: 1 | X55: 0 | Y55: 1 | Z55: 0 | AA55: =SUM(E55:Z55) -> 21
B56: 12. | C56: Dr. LIA ISTIFHAMA | E56: 38 | F56: 36 | G56: 25 | H56: 23 | I56: 29 | J56: 19 | K56: 18 | L56: 38 | M56: 24 | N56: 21 | O56: 33 | P56: 25 | Q56: 20 | R56: 33 | S56: 23 | T56: 15 | U56: 19 | V56: 26 | W56: 30 | X56: 38 | Y56: 37 | Z56: 29 | AA56: =SUM(E56:Z56) -> 599
B57: 13. | C57: MOHAMMAD TRIJANTO, S.H., M.M., M.H. | E57: 1 | F57: 6 | G57: 0 | H57: 1 | I57: 3 | J57: 4 | K57: 3 | L57: 1 | M57: 3 | N57: 2 | O57: 2 | P57: 2 | Q57: 3 | R57: 3 | S57: 0 | T57: 6 | U57: 1 | V57: 3 | W57: 0 | X57: 0 | Y57: 0 | Z57: 2 | AA57: =SUM(E57:Z57) -> 46
A59: V | B59: DATA SUARA SAH DAN TIDAK SAH
B60: A. | C60: JUMLAH SELURUH SUARA SAH | E60: =SUM(E45:E57) -> 184 | F60: =SUM(F45:F57) -> 189 | G60: =SUM(G45:G57) -> 158 | H60: =SUM(H45:H57) -> 166 | I60: =SUM(I45:I57) -> 170 | J60: =SUM(J45:J57) -> 182 | K60: =SUM(K45:K57) -> 166 | L60: =SUM(L45:L57) -> 135 | ... Z60: =SUM(Z45:Z57) -> 181 | AA60: =SUM(E60:Z60) -> 3686
B61: B. | C61: JUMLAH SUARA TIDAK SAH | E61: 28 | F61: 21 | G61: 13 | H61: 23 | I61: 36 | J61: 42 | K61: 34 | L61: 14 | M61: 53 | N61: 23 | O61: 37 | P61: 63 | Q61: 30 | R61: 19 | S61: 41 | T61: 47 | U61: 38 | V61: 24 | W61: 17 | X61: 36 | Y61: 25 | Z61: 47 | AA61: =SUM(E61:Z61) -> 711
B62: C. | C62: JUMLAH SELURUH SUARA SAH DAN SUARA TIDAK SAH (V.A + V.B) | E62: =SUM(E60:E61) -> 212 | F62: =SUM(F60:F61) -> 210 | G62: =SUM(G60:G61) -> 171 | H62: =SUM(H60:H61) -> 189 | I62: =SUM(I60:I61) -> 206 | J62: =SUM(J60:J61) -> 224 | K62: =SUM(K60:K61) -> 200 | L62: =SUM(L60:L61) -> 149 | ... Z62: =SUM(Z60:Z61) -> 228 | AA62: =SUM(E62:Z62) -> 4397

Sheet SEMBULUNG
C2: Kecamatan | D2: CLURING
C3: Kabupaten | D3: BANYUWANGI
C4: Provinsi | D4: JAWA TIMUR
C9: Kelurahan | D9: SEMBULUNG
A12: I | B12: DATA PEMILIH DAN PENGGUNAAN HAK PILIH | AC12: JUMLAH AKHIR
A13: A | B13: DATA PEMILIH | E13: TPS 001 | F13: TPS 002 | G13: TPS 003 | H13: TPS 004 | I13: TPS 005 | J13: TPS 006 | K13: TPS 007 | L13: TPS 008 | M13: TPS 009 | N13: TPS 010 | O13: TPS 011 | P13: TPS 012 | Q13: TPS 013 | R13: TPS 014 | S13: TPS 015 | T13: TPS 016 | U13: TPS 017 | V13: TPS 018 | W13: TPS 019 | X13: TPS 020 | Y13: TPS 021 | Z13: TPS 022 | AA13: TPS 023 | AB13: TPS 024
B14: Jumlah Pemilih dalam Daftar Pemilih Tetap (DPT) | D14: LK | E14: 123 | F14: 126 | G14: 140 | H14: 149 | I14: 141 | J14: 133 | K14: 140 | L14: 143 | M14: 128 | N14: 131 | O14: 126 | P14: 120 | Q14: 133 | R14: 139 | S14: 136 | T14: 139 | U14: 134 | V14: 136 | W14: 146 | X14: 127 | Y14: 128 | Z14: 132 | AA14: 133 | AB14: 122 | AC14: =SUM(E14:AB14) -> 3205
D15: PR | E15: 146 | F15: 131 | G15: 129 | H15: 138 | I15: 132 | J15: 144 | K15: 136 | L15: 148 | M15: 127 | N15: 123 | O15: 129 | P15: 117 | Q15: 120 | R15: 153 | S15: 135 | T15: 142 | U15: 130 | V15: 157 | W15: 133 | X15: 162 | Y15: 127 | Z15: 145 | AA15: 124 | AB15: 112 | AC15: =SUM(E15:AB15) -> 3240
D16: JML | E16: =SUM(E14:E15) -> 269 | F16: =SUM(F14:F15) -> 257 | G16: =SUM(G14:G15) -> 269 | H16: =SUM(H14:H15) -> 287 | I16: =SUM(I14:I15) -> 273 | J16: =SUM(J14:J15) -> 277 | K16: =SUM(K14:K15) -> 276 | L16: =SUM(L14:L15) -> 291 | ... AB16: =SUM(AB14:AB15) -> 234 | AC16: =SUM(E16:AB16) -> 6445
A18: B | B18: PENGGUNA HAK PILIH
B19: 1. | C19: Jumlah pengguna hak pilih dalam Daftar Pemilih Tetap (DPT) | D19: LK | E19: 89 | F19: 100 | G19: 104 | H19: 110 | I19: 120 | J19: 101 | K19: 105 | L19: 112 | M19: 104 | N19: 99 | O19: 95 | P19: 92 | Q19: 91 | R19: 106 | S19: 91 | T19: 100 | U19: 102 | V19: 104 | W19: 116 | X19: 106 | Y19: 93 | Z19: 102 | AA19: 101 | AB19: 97 | AC19: =SUM(E19:AB19) -> 2440
D20: PR | E20: 115 | F20: 107 | G20: 103 | H20: 110 | I20: 114 | J20: 116 | K20: 112 | L20: 123 | M20: 110 | N20: 98 | O20: 102 | P20: 93 | Q20: 86 | R20: 121 | S20: 107 | T20: 109 | U20: 106 | V20: 119 | W20: 110 | X20: 133 | Y20: 99 | Z20: 107 | AA20: 110 | AB20: 87 | AC20: =SUM(E20:AB20) -> 2597
D21: JML | E21: 204 | F21: 207 | G21: 207 | H21: 220 | I21: 234 | J21: 217 | K21: 217 | L21: 235 | M21: 214 | N21: 197 | O21: 197 | P21: 185 | Q21: 177 | R21: 227 | S21: 198 | T21: 209 | U21: 208 | V21: 223 | W21: 226 | X21: 239 | Y21: 192 | Z21: 209 | AA21: 211 | AB21: 184 | AC21: =SUM(E21:AB21) -> 5037
B22: 2. | C22: Jumlah pengguna hak pilih dalam Daftar Pemilih Tambahan (DPTb) | D22: LK | E22: 0 | F22: 0 | G22: 0 | H22: 0 | I22: 0 | J22: 0 | K22: 0 | L22: 0 | M22: 0 | N22: 0 | O22: 0 | P22: 0 | Q22: 0 | R22: 0 | S22: 0 | T22: 0 | U22: 0 | V22: 0 | W22: 0 | X22: 0 | Y22: 0 | Z22: 0 | AA22: 0 | AB22: 1 | AC22: =SUM(E22:AB22) -> 1
D23: PR | E23: 0 | F23: 1 | G23: 0 | H23: 0 | I23: 0 | J23: 0 | K23: 0 | L23: 0 | M23: 0 | N23: 0 | O23: 0 | P23: 0 | Q23: 0 | R23: 1 | S23: 0 | T23: 0 | U23: 0 | V23: 0 | W23: 0 | X23: 0 | Y23: 0 | Z23: 0 | AA23: 0 | AB23: 0 | AC23: =SUM(E23:AB23) -> 2
D24: JML | E24: 0 | F24: 1 | G24: 0 | H24: 0 | I24: 0 | J24: 0 | K24: 0 | L24: 0 | M24: 0 | N24: 0 | O24: 0 | P24: 0 | Q24: 0 | R24: 1 | S24: 0 | T24: 0 | U24: 0 | V24: 0 | W24: 0 | X24: 0 | Y24: 0 | Z24: 0 | AA24: 0 | AB24: 1 | AC24: =SUM(E24:AB24) -> 3
B25: 3. | C25: Jumlah pengguna hak pilih dalam Daftar Pemilih Khusus (DPK) | D25: LK | E25: 0 | F25: 1 | G25: 1 | H25: 1 | I25: 0 | J25: 0 | K25: 0 | L25: 1 | M25: 0 | N25: 0 | O25: 3 | P25: 1 | Q25: 2 | R25: 3 | S25: 0 | T25: 0 | U25: 0 | V25: 1 | W25: 0 | X25: 0 | Y25: 0 | Z25: 0 | AA25: 1 | AB25: 0 | AC25: =SUM(E25:AB25) -> 15
D26: PR | E26: 0 | F26: 1 | G26: 0 | H26: 1 | I26: 0 | J26: 2 | K26: 0 | L26: 0 | M26: 0 | N26: 0 | O26: 1 | P26: 0 | Q26: 1 | R26: 0 | S26: 0 | T26: 1 | U26: 0 | V26: 0 | W26: 1 | X26: 0 | Y26: 0 | Z26: 1 | AA26: 1 | AB26: 2 | AC26: =SUM(E26:AB26) -> 12
D27: JML | E27: 0 | F27: 2 | G27: 1 | H27: 2 | I27: 0 | J27: 2 | K27: 0 | L27: 1 | M27: 0 | N27: 0 | O27: 4 | P27: 1 | Q27: 3 | R27: 3 | S27: 0 | T27: 1 | U27: 0 | V27: 1 | W27: 1 | X27: 0 | Y27: 0 | Z27: 1 | AA27: 2 | AB27: 2 | AC27: =SUM(E27:AB27) -> 27
B28: 4. | C28: Jumlah Pengguna Hak Pilih (B.1+B.2+B.3) | D28: LK | E28: 89 | F28: 101 | G28: 105 | H28: 111 | I28: 120 | J28: 101 | K28: 105 | L28: 113 | M28: 104 | N28: 99 | O28: 98 | P28: 93 | Q28: 93 | R28: 109 | S28: 91 | T28: 100 | U28: 102 | V28: 105 | W28: 116 | X28: 106 | Y28: 93 | Z28: 102 | AA28: 102 | AB28: 98 | AC28: =SUM(E28:AB28) -> 2456
D29: PR | E29: 115 | F29: 109 | G29: 103 | H29: 111 | I29: 114 | J29: 118 | K29: 112 | L29: 123 | M29: 110 | N29: 98 | O29: 103 | P29: 93 | Q29: 87 | R29: 122 | S29: 107 | T29: 110 | U29: 106 | V29: 119 | W29: 111 | X29: 133 | Y29: 99 | Z29: 108 | AA29: 111 | AB29: 89 | AC29: =SUM(E29:AB29) -> 2611
D30: JML | E30: =SUM(E28:E29) -> 204 | F30: =SUM(F28:F29) -> 210 | G30: =SUM(G28:G29) -> 208 | H30: =SUM(H28:H29) -> 222 | I30: =SUM(I28:I29) -> 234 | J30: =SUM(J28:J29) -> 219 | K30: =SUM(K28:K29) -> 217 | L30: =SUM(L28:L29) -> 236 | ... AB30: =SUM(AB28:AB29) -> 187 | AC30: =SUM(E30:AB30) -> 5067
A32: II | B32: DATA PENGGUNAAN SURAT SUARA
A33: 1 | B33: Jumlah surat suara yang diterima, termasuk surat suara cadangan 2,5% dari DPT | E33: 275 | F33: 263 | G33: 275 | H33: 294 | I33: 279 | J33: 283 | K33: 283 | L33: 297 | M33: 241 | N33: 261 | O33: 261 | P33: 241 | Q33: 258 | R33: 299 | S33: 277 | T33: 287 | U33: 269 | V33: 301 | W33: 286 | X33: 295 | Y33: 261 | Z33: 283 | AA33: 263 | AB33: 240 | AC33: =SUM(E33:AB33) -> 6572
A34: 2 | B34: Jumlah surat suara yang digunakan | E34: 204 | F34: 210 | G34: 208 | H34: 222 | I34: 234 | J34: 219 | K34: 217 | L34: 236 | M34: 214 | N34: 197 | O34: 201 | P34: 186 | Q34: 180 | R34: 231 | S34: 198 | T34: 210 | U34: 208 | V34: 224 | W34: 227 | X34: 239 | Y34: 192 | Z34: 210 | AA34: 213 | AB34: 187 | AC34: =SUM(E34:AB34) -> 5067
A35: 3 | B35: Jumlah surat suara dikembalikan oleh pemilih (karena rusak atau keliru coblos) | E35: 0 | F35: 0 | G35: 0 | H35: 1 | I35: 0 | J35: 0 | K35: 0 | L35: 0 | M35: 0 | N35: 1 | O35: 0 | P35: 0 | Q35: 0 | R35: 0 | S35: 0 | T35: 0 | U35: 0 | V35: 0 | W35: 0 | X35: 0 | Y35: 0 | Z35: 0 | AA35: 0 | AB35: 0 | AC35: =SUM(E35:AB35) -> 2
A36: 4 | B36: Jumlah surat suara yang tidak digunakan/tidak terpakai, termasuk sisa surat suara cadangan | E36: 71 | F36: 53 | G36: 67 | H36: 71 | I36: 45 | J36: 64 | K36: 66 | L36: 61 | M36: 27 | N36: 63 | O36: 60 | P36: 55 | Q36: 78 | R36: 68 | S36: 79 | T36: 77 | U36: 61 | V36: 77 | W36: 59 | X36: 56 | Y36: 69 | Z36: 73 | AA36: 50 | AB36: 53 | AC36: =SUM(E36:AB36) -> 1503
A38: III | B38: DATA PEMILIH DISABILITAS
B39: Jumlah seluruh Pemilih disabilitas yang menggunakan hak pilih | D39: LK | E39: 0 | F39: 0 | G39: 0 | H39: 0 | I39: 0 | J39: 0 | K39: 0 | L39: 0 | M39: 0 | N39: 0 | O39: 0 | P39: 0 | Q39: 0 | R39: 0 | S39: 0 | T39: 0 | U39: 0 | V39: 0 | W39: 2 | X39: 0 | Y39: 1 | Z39: 0 | AA39: 0 | AB39: 0 | AC39: =SUM(E39:AB39) -> 3
D40: PR | E40: 0 | F40: 0 | G40: 0 | H40: 0 | I40: 0 | J40: 0 | K40: 0 | L40: 0 | M40: 0 | N40: 0 | O40: 0 | P40: 0 | Q40: 0 | R40: 0 | S40: 1 | T40: 0 | U40: 0 | V40: 1 | W40: 1 | X40: 0 | Y40: 0 | Z40: 0 | AA40: 0 | AB40: 0 | AC40: =SUM(E40:AB40) -> 3
D41: JML | E41: =SUM(E39:E40) -> 0 | F41: =SUM(F39:F40) -> 0 | G41: =SUM(G39:G40) -> 0 | H41: =SUM(H39:H40) -> 0 | I41: =SUM(I39:I40) -> 0 | J41: =SUM(J39:J40) -> 0 | K41: =SUM(K39:K40) -> 0 | L41: =SUM(L39:L40) -> 0 | ... AB41: =SUM(AB39:AB40) -> 0 | AC41: =SUM(E41:AB41) -> 6
A43: IV | B43: DATA RINCIAN PEROLEHAN SUARA PASANGAN CALON BUPATI DAN WAKIL BUPATI
A44: NOMOR DAN NAMA CALON
B45: 1. | C45: AA. AHMAD NAWARDI | E45: 17 | F45: 13 | G45: 13 | H45: 14 | I45: 12 | J45: 12 | K45: 19 | L45: 14 | M45: 12 | N45: 5 | O45: 5 | P45: 12 | Q45: 8 | R45: 5 | S45: 21 | T45: 7 | U45: 10 | V45: 13 | W45: 9 | X45: 10 | Y45: 8 | Z45: 16 | AA45: 8 | AB45: 6 | AC45: =SUM(E45:AB45) -> 269
B46: 2. | C46: Ir. H. AA LA NYALLA MAHMUD MATTALITI, M.HP. | E46: 20 | F46: 20 | G46: 14 | H46: 13 | I46: 28 | J46: 20 | K46: 21 | L46: 24 | M46: 26 | N46: 19 | O46: 16 | P46: 26 | Q46: 12 | R46: 28 | S46: 30 | T46: 20 | U46: 32 | V46: 30 | W46: 33 | X46: 25 | Y46: 21 | Z46: 20 | AA46: 7 | AB46: 32 | AC46: =SUM(E46:AB46) -> 537
B47: 3. | C47: ABDUL QADIR AMIR HARTONO, S.E., S.H., M.H. | E47: 11 | F47: 4 | G47: 17 | H47: 12 | I47: 11 | J47: 15 | K47: 8 | L47: 9 | M47: 10 | N47: 11 | O47: 10 | P47: 12 | Q47: 5 | R47: 13 | S47: 8 | T47: 14 | U47: 14 | V47: 12 | W47: 8 | X47: 9 | Y47: 11 | Z47: 12 | AA47: 17 | AB47: 10 | AC47: =SUM(E47:AB47) -> 263
B48: 4. | C48: ADILLA AZIS, S.E. | E48: 21 | F48: 18 | G48: 27 | H48: 20 | I48: 42 | J48: 28 | K48: 19 | L48: 33 | M48: 20 | N48: 28 | O48: 16 | P48: 18 | Q48: 11 | R48: 19 | S48: 17 | T48: 23 | U48: 26 | V48: 30 | W48: 33 | X48: 37 | Y48: 13 | Z48: 21 | AA48: 26 | AB48: 17 | AC48: =SUM(E48:AB48) -> 563
B49: 5. | C49: Ir. H. AGUS RAHARDJO, MSc.M. | E49: 11 | F49: 13 | G49: 15 | H49: 16 | I49: 19 | J49: 12 | K49: 21 | L49: 25 | M49: 16 | N49: 18 | O49: 7 | P49: 5 | Q49: 5 | R49: 13 | S49: 30 | T49: 37 | U49: 22 | V49: 18 | W49: 21 | X49: 16 | Y49: 18 | Z49: 17 | AA49: 10 | AB49: 10 | AC49: =SUM(E49:AB49) -> 395
B50: 6. | C50: Drs. AYUB KHAN | E50: 14 | F50: 14 | G50: 12 | H50: 24 | I50: 21 | J50: 22 | K50: 17 | L50: 12 | M50: 8 | N50: 7 | O50: 7 | P50: 23 | Q50: 8 | R50: 6 | S50: 9 | T50: 12 | U50: 11 | V50: 8 | W50: 12 | X50: 8 | Y50: 5 | Z50: 10 | AA50: 8 | AB50: 19 | AC50: =SUM(E50:AB50) -> 297
B51: 7. | C51: BAMBANG HARIANTO | E51: 3 | F51: 2 | G51: 3 | H51: 3 | I51: 0 | J51: 6 | K51: 3 | L51: 4 | M51: 4 | N51: 5 | O51: 4 | P51: 1 | Q51: 6 | R51: 3 | S51: 1 | T51: 0 | U51: 2 | V51: 0 | W51: 0 | X51: 3 | Y51: 4 | Z51: 5 | AA51: 5 | AB51: 5 | AC51: =SUM(E51:AB51) -> 72
B52: 8. | C52: CATUR RUDI UTANTO, S.Sos. | E52: 3 | F52: 2 | G52: 5 | H52: 3 | I52: 3 | J52: 4 | K52: 6 | L52: 5 | M52: 4 | N52: 4 | O52: 7 | P52: 3 | Q52: 15 | R52: 14 | S52: 3 | T52: 5 | U52: 3 | V52: 2 | W52: 1 | X52: 5 | Y52: 4 | Z52: 3 | AA52: 4 | AB52: 3 | AC52: =SUM(E52:AB52) -> 111
B53: 9. | C53: DODDY DWI NUGROHO | E53: 1 | F53: 2 | G53: 2 | H53: 2 | I53: 1 | J53: 0 | K53: 0 | L53: 0 | M53: 1 | N53: 0 | O53: 3 | P53: 0 | Q53: 0 | R53: 1 | S53: 0 | T53: 0 | U53: 2 | V53: 1 | W53: 0 | X53: 0 | Y53: 1 | Z53: 1 | AA53: 5 | AB53: 1 | AC53: =SUM(E53:AB53) -> 24
B54: 10. | C54: KONDANG KUSUMANING AYU | E54: 27 | F54: 29 | G54: 35 | H54: 25 | I54: 28 | J54: 23 | K54: 32 | L54: 21 | M54: 52 | N54: 32 | O54: 44 | P54: 25 | Q54: 27 | R54: 32 | S54: 23 | T54: 29 | U54: 23 | V54: 39 | W54: 30 | X54: 44 | Y54: 25 | Z54: 31 | AA54: 33 | AB54: 27 | AC54: =SUM(E54:AB54) -> 736
B55: 11. | C55: KUNJUNG WAHYUDI | E55: 0 | F55: 0 | G55: 1 | H55: 1 | I55: 0 | J55: 1 | K55: 2 | L55: 1 | M55: 0 | N55: 1 | O55: 3 | P55: 1 | Q55: 3 | R55: 7 | S55: 0 | T55: 2 | U55: 2 | V55: 0 | W55: 1 | X55: 1 | Y55: 0 | Z55: 1 | AA55: 0 | AB55: 1 | AC55: =SUM(E55:AB55) -> 29
B56: 12. | C56: Dr. LIA ISTIFHAMA | E56: 21 | F56: 27 | G56: 43 | H56: 38 | I56: 42 | J56: 34 | K56: 37 | L56: 36 | M56: 30 | N56: 36 | O56: 23 | P56: 21 | Q56: 23 | R56: 29 | S56: 13 | T56: 29 | U56: 34 | V56: 40 | W56: 30 | X56: 40 | Y56: 25 | Z56: 35 | AA56: 21 | AB56: 34 | AC56: =SUM(E56:AB56) -> 741
B57: 13. | C57: MOHAMMAD TRIJANTO, S.H., M.M., M.H. | E57: 1 | F57: 6 | G57: 1 | H57: 0 | I57: 0 | J57: 1 | K57: 3 | L57: 2 | M57: 1 | N57: 1 | O57: 4 | P57: 1 | Q57: 3 | R57: 2 | S57: 3 | T57: 1 | U57: 1 | V57: 4 | W57: 1 | X57: 1 | Y57: 3 | Z57: 2 | AA57: 4 | AB57: 1 | AC57: =SUM(E57:AB57) -> 47
A59: V | B59: DATA SUARA SAH DAN TIDAK SAH
B60: A. | C60: JUMLAH SELURUH SUARA SAH | E60: =SUM(E45:E57) -> 150 | F60: =SUM(F45:F57) -> 150 | G60: =SUM(G45:G57) -> 188 | H60: =SUM(H45:H57) -> 171 | I60: =SUM(I45:I57) -> 207 | J60: =SUM(J45:J57) -> 178 | K60: =SUM(K45:K57) -> 188 | L60: =SUM(L45:L57) -> 186 | ... AB60: =SUM(AB45:AB57) -> 166 | AC60: =SUM(E60:AB60) -> 4084
B61: B. | C61: JUMLAH SUARA TIDAK SAH | E61: 54 | F61: 60 | G61: 20 | H61: 51 | I61: 27 | J61: 41 | K61: 29 | L61: 50 | M61: 30 | N61: 30 | O61: 52 | P61: 38 | Q61: 54 | R61: 59 | S61: 40 | T61: 31 | U61: 26 | V61: 27 | W61: 48 | X61: 40 | Y61: 54 | Z61: 36 | AA61: 65 | AB61: 21 | AC61: =SUM(E61:AB61) -> 983
B62: C. | C62: JUMLAH SELURUH SUARA SAH DAN SUARA TIDAK SAH (V.A + V.B) | E62: =SUM(E60:E61) -> 204 | F62: =SUM(F60:F61) -> 210 | G62: =SUM(G60:G61) -> 208 | H62: =SUM(H60:H61) -> 222 | I62: =SUM(I60:I61) -> 234 | J62: =SUM(J60:J61) -> 219 | K62: =SUM(K60:K61) -> 217 | L62: =SUM(L60:L61) -> 236 | ... AB62: =SUM(AB60:AB61) -> 187 | AC62: =SUM(E62:AB62) -> 5067

Sheet SRATEN
C2: Kecamatan | D2: CLURING
C3: Kabupaten | D3: BANYUWANGI
C4: Provinsi | D4: JAWA TIMUR
C9: Kelurahan | D9: SRATEN
A12: I | B12: DATA PEMILIH DAN PENGGUNAAN HAK PILIH | AB12: JUMLAH AKHIR
A13: A | B13: DATA PEMILIH | E13: TPS 001 | F13: TPS 002 | G13: TPS 003 | H13: TPS 004 | I13: TPS 005 | J13: TPS 006 | K13: TPS 007 | L13: TPS 008 | M13: TPS 009 | N13: TPS 010 | O13: TPS 011 | P13: TPS 012 | Q13: TPS 013 | R13: TPS 014 | S13: TPS 015 | T13: TPS 016 | U13: TPS 017 | V13: TPS 018 | W13: TPS 019 | X13: TPS 020 | Y13: TPS 021 | Z13: TPS 022 | AA13: TPS 023
B14: Jumlah Pemilih dalam Daftar Pemilih Tetap (DPT) | D14: LK | E14: 135 | F14: 130 | G14: 151 | H14: 136 | I14: 149 | J14: 146 | K14: 143 | L14: 132 | M14: 144 | N14: 119 | O14: 124 | P14: 100 | Q14: 136 | R14: 142 | S14: 139 | T14: 156 | U14: 104 | V14: 146 | W14: 124 | X14: 153 | Y14: 155 | Z14: 136 | AA14: 141 | AB14: =SUM(E14:AA14) -> 3141
D15: PR | E15: 150 | F15: 148 | G15: 128 | H15: 141 | I15: 138 | J15: 142 | K15: 152 | L15: 164 | M15: 128 | N15: 111 | O15: 123 | P15: 96 | Q15: 121 | R15: 153 | S15: 152 | T15: 138 | U15: 108 | V15: 137 | W15: 130 | X15: 143 | Y15: 134 | Z15: 153 | AA15: 150 | AB15: =SUM(E15:AA15) -> 3140
D16: JML | E16: =SUM(E14:E15) -> 285 | F16: =SUM(F14:F15) -> 278 | G16: =SUM(G14:G15) -> 279 | H16: =SUM(H14:H15) -> 277 | I16: =SUM(I14:I15) -> 287 | J16: =SUM(J14:J15) -> 288 | K16: =SUM(K14:K15) -> 295 | L16: =SUM(L14:L15) -> 296 | ... AA16: =SUM(AA14:AA15) -> 291 | AB16: =SUM(E16:AA16) -> 6281
A18: B | B18: PENGGUNA HAK PILIH
B19: 1. | C19: Jumlah pengguna hak pilih dalam Daftar Pemilih Tetap (DPT) | D19: LK | E19: 108 | F19: 96 | G19: 113 | H19: 97 | I19: 109 | J19: 95 | K19: 94 | L19: 88 | M19: 99 | N19: 87 | O19: 90 | P19: 68 | Q19: 100 | R19: 110 | S19: 106 | T19: 108 | U19: 86 | V19: 119 | W19: 94 | X19: 113 | Y19: 113 | Z19: 101 | AA19: 100 | AB19: =SUM(E19:AA19) -> 2294
D20: PR | E20: 123 | F20: 122 | G20: 97 | H20: 113 | I20: 116 | J20: 111 | K20: 115 | L20: 125 | M20: 90 | N20: 81 | O20: 105 | P20: 73 | Q20: 101 | R20: 126 | S20: 127 | T20: 113 | U20: 90 | V20: 119 | W20: 112 | X20: 124 | Y20: 103 | Z20: 110 | AA20: 121 | AB20: =SUM(E20:AA20) -> 2517
D21: JML | E21: 231 | F21: 218 | G21: 210 | H21: 210 | I21: 225 | J21: 206 | K21: 209 | L21: 213 | M21: 189 | N21: 168 | O21: 195 | P21: 141 | Q21: 201 | R21: 236 | S21: 233 | T21: 221 | U21: 176 | V21: 238 | W21: 206 | X21: 237 | Y21: 216 | Z21: 211 | AA21: 221 | AB21: =SUM(E21:AA21) -> 4811
B22: 2. | C22: Jumlah pengguna hak pilih dalam Daftar Pemilih Tambahan (DPTb) | D22: LK | E22: 1 | F22: 0 | G22: 0 | H22: 1 | I22: 2 | J22: 0 | K22: 0 | L22: 0 | M22: 0 | N22: 0 | O22: 0 | P22: 0 | Q22: 0 | R22: 1 | S22: 0 | T22: 0 | U22: 0 | V22: 0 | W22: 0 | X22: 0 | Y22: 0 | Z22: 0 | AA22: 0 | AB22: =SUM(E22:AA22) -> 5
D23: PR | E23: 0 | F23: 0 | G23: 0 | H23: 0 | I23: 0 | J23: 0 | K23: 0 | L23: 0 | M23: 1 | N23: 0 | O23: 0 | P23: 0 | Q23: 0 | R23: 1 | S23: 0 | T23: 0 | U23: 0 | V23: 0 | W23: 0 | X23: 0 | Y23: 0 | Z23: 0 | AA23: 0 | AB23: =SUM(E23:AA23) -> 2
D24: JML | E24: 1 | F24: 0 | G24: 0 | H24: 1 | I24: 2 | J24: 0 | K24: 0 | L24: 0 | M24: 1 | N24: 0 | O24: 0 | P24: 0 | Q24: 0 | R24: 2 | S24: 0 | T24: 0 | U24: 0 | V24: 0 | W24: 0 | X24: 0 | Y24: 0 | Z24: 0 | AA24: 0 | AB24: =SUM(E24:AA24) -> 7
B25: 3. | C25: Jumlah pengguna hak pilih dalam Daftar Pemilih Khusus (DPK) | D25: LK | E25: 5 | F25: 2 | G25: 2 | H25: 4 | I25: 0 | J25: 2 | K25: 0 | L25: 1 | M25: 1 | N25: 1 | O25: 0 | P25: 0 | Q25: 0 | R25: 1 | S25: 0 | T25: 3 | U25: 0 | V25: 2 | W25: 0 | X25: 1 | Y25: 0 | Z25: 0 | AA25: 0 | AB25: =SUM(E25:AA25) -> 25
D26: PR | E26: 4 | F26: 5 | G26: 4 | H26: 4 | I26: 4 | J26: 2 | K26: 0 | L26: 0 | M26: 1 | N26: 4 | O26: 0 | P26: 0 | Q26: 1 | R26: 0 | S26: 0 | T26: 3 | U26: 0 | V26: 1 | W26: 1 | X26: 0 | Y26: 0 | Z26: 0 | AA26: 0 | AB26: =SUM(E26:AA26) -> 34
D27: JML | E27: 9 | F27: 7 | G27: 6 | H27: 8 | I27: 4 | J27: 4 | K27: 0 | L27: 1 | M27: 2 | N27: 5 | O27: 0 | P27: 0 | Q27: 1 | R27: 1 | S27: 0 | T27: 6 | U27: 0 | V27: 3 | W27: 1 | X27: 1 | Y27: 0 | Z27: 0 | AA27: 0 | AB27: =SUM(E27:AA27) -> 59
B28: 4. | C28: Jumlah Pengguna Hak Pilih (B.1+B.2+B.3) | D28: LK | E28: 114 | F28: 98 | G28: 115 | H28: 102 | I28: 111 | J28: 97 | K28: 94 | L28: 89 | M28: 100 | N28: 88 | O28: 90 | P28: 68 | Q28: 100 | R28: 112 | S28: 106 | T28: 111 | U28: 86 | V28: 121 | W28: 94 | X28: 114 | Y28: 113 | Z28: 101 | AA28: 100 | AB28: =SUM(E28:AA28) -> 2324
D29: PR | E29: 127 | F29: 127 | G29: 101 | H29: 117 | I29: 120 | J29: 113 | K29: 115 | L29: 125 | M29: 92 | N29: 85 | O29: 105 | P29: 73 | Q29: 102 | R29: 127 | S29: 127 | T29: 116 | U29: 90 | V29: 120 | W29: 113 | X29: 124 | Y29: 103 | Z29: 110 | AA29: 121 | AB29: =SUM(E29:AA29) -> 2553
D30: JML | E30: 241 | F30: 225 | G30: 216 | H30: 219 | I30: 231 | J30: 210 | K30: 209 | L30: 214 | M30: 192 | N30: 173 | O30: 195 | P30: 141 | Q30: 202 | R30: 239 | S30: 233 | T30: 227 | U30: 176 | V30: 241 | W30: 207 | X30: 238 | Y30: 216 | Z30: 211 | AA30: 221 | AB30: =SUM(E30:AA30) -> 4877
A32: II | B32: DATA PENGGUNAAN SURAT SUARA
A33: 1 | B33: Jumlah surat suara yang diterima, termasuk surat suara cadangan 2,5% dari DPT | E33: 291 | F33: 284 | G33: 284 | H33: 285 | I33: 293 | J33: 295 | K33: 301 | L33: 302 | M33: 278 | N33: 225 | O33: 252 | P33: 200 | Q33: 264 | R33: 301 | S33: 298 | T33: 301 | U33: 217 | V33: 289 | W33: 263 | X33: 302 | Y33: 301 | Z33: 297 | AA33: 287 | AB33: =SUM(E33:AA33) -> 6410
A34: 2 | B34: Jumlah surat suara yang digunakan | E34: 241 | F34: 225 | G34: 216 | H34: 219 | I34: 231 | J34: 210 | K34: 209 | L34: 214 | M34: 192 | N34: 173 | O34: 195 | P34: 141 | Q34: 202 | R34: 239 | S34: 233 | T34: 227 | U34: 176 | V34: 241 | W34: 207 | X34: 238 | Y34: 216 | Z34: 211 | AA34: 221 | AB34: =SUM(E34:AA34) -> 4877
A35: 3 | B35: Jumlah surat suara dikembalikan oleh pemilih (karena rusak atau keliru coblos) | E35: 0 | F35: 0 | G35: 0 | H35: 0 | I35: 0 | J35: 0 | K35: 0 | L35: 0 | M35: 1 | N35: 0 | O35: 0 | P35: 0 | Q35: 0 | R35: 0 | S35: 2 | T35: 0 | U35: 0 | V35: 0 | W35: 0 | X35: 0 | Y35: 0 | Z35: 0 | AA35: 0 | AB35: =SUM(E35:AA35) -> 3
A36: 4 | B36: Jumlah surat suara yang tidak digunakan/tidak terpakai, termasuk sisa surat suara cadangan | E36: 50 | F36: 59 | G36: 68 | H36: 66 | I36: 62 | J36: 85 | K36: 92 | L36: 88 | M36: 86 | N36: 52 | O36: 57 | P36: 59 | Q36: 62 | R36: 62 | S36: 63 | T36: 74 | U36: 41 | V36: 48 | W36: 56 | X36: 64 | Y36: 85 | Z36: 86 | AA36: 66 | AB36: =SUM(E36:AA36) -> 1531
A38: III | B38: DATA PEMILIH DISABILITAS
B39: Jumlah seluruh Pemilih disabilitas yang menggunakan hak pilih | D39: LK | E39: 0 | F39: 0 | G39: 0 | H39: 0 | I39: 0 | J39: 0 | K39: 1 | L39: 0 | M39: 1 | N39: 0 | O39: 0 | P39: 0 | Q39: 0 | R39: 0 | S39: 0 | T39: 0 | U39: 0 | V39: 1 | W39: 0 | X39: 0 | Y39: 0 | Z39: 0 | AA39: 0 | AB39: =SUM(E39:AA39) -> 3
D40: PR | E40: 0 | F40: 0 | G40: 0 | H40: 0 | I40: 0 | J40: 1 | K40: 4 | L40: 0 | M40: 0 | N40: 0 | O40: 0 | P40: 0 | Q40: 0 | R40: 0 | S40: 0 | T40: 0 | U40: 0 | V40: 0 | W40: 0 | X40: 0 | Y40: 0 | Z40: 0 | AA40: 0 | AB40: =SUM(E40:AA40) -> 5
D41: JML | E41: =SUM(E39:E40) -> 0 | F41: =SUM(F39:F40) -> 0 | G41: =SUM(G39:G40) -> 0 | H41: =SUM(H39:H40) -> 0 | I41: =SUM(I39:I40) -> 0 | J41: =SUM(J39:J40) -> 1 | K41: =SUM(K39:K40) -> 5 | L41: =SUM(L39:L40) -> 0 | ... AA41: =SUM(AA39:AA40) -> 0 | AB41: =SUM(E41:AA41) -> 8
A43: IV | B43: DATA RINCIAN PEROLEHAN SUARA PASANGAN CALON BUPATI DAN WAKIL BUPATI
A44: NOMOR DAN NAMA CALON
B45: 1. | C45: AA. AHMAD NAWARDI | E45: 15 | F45: 9 | G45: 13 | H45: 14 | I45: 7 | J45: 5 | K45: 10 | L45: 16 | M45: 19 | N45: 15 | O45: 15 | P45: 6 | Q45: 12 | R45: 5 | S45: 7 | T45: 8 | U45: 8 | V45: 12 | W45: 14 | X45: 10 | Y45: 12 | Z45: 20 | AA45: 20 | AB45: =SUM(E45:AA45) -> 272
B46: 2. | C46: Ir. H. AA LA NYALLA MAHMUD MATTALITI, M.HP. | E46: 41 | F46: 43 | G46: 31 | H46: 42 | I46: 33 | J46: 17 | K46: 46 | L46: 49 | M46: 31 | N46: 32 | O46: 39 | P46: 27 | Q46: 24 | R46: 38 | S46: 29 | T46: 35 | U46: 46 | V46: 29 | W46: 28 | X46: 52 | Y46: 35 | Z46: 32 | AA46: 32 | AB46: =SUM(E46:AA46) -> 811
B47: 3. | C47: ABDUL QADIR AMIR HARTONO, S.E., S.H., M.H. | E47: 15 | F47: 10 | G47: 13 | H47: 7 | I47: 8 | J47: 9 | K47: 13 | L47: 12 | M47: 4 | N47: 8 | O47: 13 | P47: 8 | Q47: 12 | R47: 19 | S47: 23 | T47: 15 | U47: 8 | V47: 15 | W47: 11 | X47: 18 | Y47: 8 | Z47: 5 | AA47: 12 | AB47: =SUM(E47:AA47) -> 266
B48: 4. | C48: ADILLA AZIS, S.E. | E48: 23 | F48: 23 | G48: 17 | H48: 23 | I48: 6 | J48: 21 | K48: 14 | L48: 15 | M48: 13 | N48: 12 | O48: 20 | P48: 15 | Q48: 24 | R48: 27 | S48: 20 | T48: 22 | U48: 23 | V48: 33 | W48: 23 | X48: 23 | Y48: 16 | Z48: 18 | AA48: 27 | AB48: =SUM(E48:AA48) -> 458
B49: 5. | C49: Ir. H. AGUS RAHARDJO, MSc.M. | E49: 12 | F49: 8 | G49: 16 | H49: 8 | I49: 8 | J49: 5 | K49: 14 | L49: 16 | M49: 19 | N49: 14 | O49: 9 | P49: 12 | Q49: 14 | R49: 13 | S49: 13 | T49: 8 | U49: 14 | V49: 7 | W49: 17 | X49: 12 | Y49: 13 | Z49: 14 | AA49: 15 | AB49: =SUM(E49:AA49) -> 281
B50: 6. | C50: Drs. AYUB KHAN | E50: 22 | F50: 32 | G50: 41 | H50: 39 | I50: 102 | J50: 105 | K50: 19 | L50: 16 | M50: 15 | N50: 14 | O50: 12 | P50: 11 | Q50: 17 | R50: 20 | S50: 16 | T50: 10 | U50: 12 | V50: 10 | W50: 37 | X50: 18 | Y50: 17 | Z50: 20 | AA50: 21 | AB50: =SUM(E50:AA50) -> 626
B51: 7. | C51: BAMBANG HARIANTO | E51: 3 | F51: 2 | G51: 1 | H51: 0 | I51: 0 | J51: 1 | K51: 1 | L51: 1 | M51: 4 | N51: 3 | O51: 3 | P51: 3 | Q51: 1 | R51: 3 | S51: 0 | T51: 4 | U51: 2 | V51: 1 | W51: 2 | X51: 1 | Y51: 1 | Z51: 2 | AA51: 0 | AB51: =SUM(E51:AA51) -> 39
B52: 8. | C52: CATUR RUDI UTANTO, S.Sos. | E52: 1 | F52: 5 | G52: 7 | H52: 1 | I52: 1 | J52: 3 | K52: 2 | L52: 0 | M52: 0 | N52: 1 | O52: 2 | P52: 0 | Q52: 0 | R52: 0 | S52: 1 | T52: 3 | U52: 1 | V52: 2 | W52: 0 | X52: 5 | Y52: 4 | Z52: 0 | AA52: 1 | AB52: =SUM(E52:AA52) -> 40
B53: 9. | C53: DODDY DWI NUGROHO | E53: 0 | F53: 0 | G53: 0 | H53: 1 | I53: 1 | J53: 0 | K53: 0 | L53: 0 | M53: 0 | N53: 0 | O53: 1 | P53: 1 | Q53: 0 | R53: 1 | S53: 0 | T53: 0 | U53: 0 | V53: 1 | W53: 0 | X53: 0 | Y53: 0 | Z53: 1 | AA53: 2 | AB53: =SUM(E53:AA53) -> 9
B54: 10. | C54: KONDANG KUSUMANING AYU | E54: 29 | F54: 25 | G54: 20 | H54: 20 | I54: 17 | J54: 8 | K54: 24 | L54: 19 | M54: 23 | N54: 25 | O54: 33 | P54: 18 | Q54: 29 | R54: 28 | S54: 17 | T54: 15 | U54: 17 | V54: 27 | W54: 32 | X54: 26 | Y54: 38 | Z54: 28 | AA54: 27 | AB54: =SUM(E54:AA54) -> 545
B55: 11. | C55: KUNJUNG WAHYUDI | E55: 2 | F55: 2 | G55: 0 | H55: 0 | I55: 0 | J55: 1 | K55: 0 | L55: 0 | M55: 1 | N55: 0 | O55: 0 | P55: 0 | Q55: 1 | R55: 2 | S55: 0 | T55: 0 | U55: 0 | V55: 0 | W55: 2 | X55: 0 | Y55: 2 | Z55: 0 | AA55: 0 | AB55: =SUM(E55:AA55) -> 13
B56: 12. | C56: Dr. LIA ISTIFHAMA | E56: 40 | F56: 28 | G56: 16 | H56: 17 | I56: 16 | J56: 5 | K56: 28 | L56: 33 | M56: 15 | N56: 13 | O56: 20 | P56: 18 | Q56: 46 | R56: 18 | S56: 27 | T56: 20 | U56: 24 | V56: 34 | W56: 21 | X56: 35 | Y56: 34 | Z56: 25 | AA56: 13 | AB56: =SUM(E56:AA56) -> 546
B57: 13. | C57: MOHAMMAD TRIJANTO, S.H., M.M., M.H. | E57: 1 | F57: 1 | G57: 0 | H57: 1 | I57: 2 | J57: 2 | K57: 0 | L57: 0 | M57: 2 | N57: 1 | O57: 1 | P57: 0 | Q57: 2 | R57: 0 | S57: 0 | T57: 0 | U57: 1 | V57: 2 | W57: 1 | X57: 2 | Y57: 1 | Z57: 1 | AA57: 0 | AB57: =SUM(E57:AA57) -> 21
A59: V | B59: DATA SUARA SAH DAN TIDAK SAH
B60: A. | C60: JUMLAH SELURUH SUARA SAH | E60: =SUM(E45:E57) -> 204 | F60: =SUM(F45:F57) -> 188 | G60: =SUM(G45:G57) -> 175 | H60: =SUM(H45:H57) -> 173 | I60: =SUM(I45:I57) -> 201 | J60: =SUM(J45:J57) -> 182 | K60: =SUM(K45:K57) -> 171 | L60: =SUM(L45:L57) -> 177 | ... AA60: =SUM(AA45:AA57) -> 170 | AB60: =SUM(E60:AA60) -> 3927
B61: B. | C61: JUMLAH SUARA TIDAK SAH | E61: 37 | F61: 37 | G61: 41 | H61: 46 | I61: 30 | J61: 28 | K61: 38 | L61: 37 | M61: 45 | N61: 35 | O61: 27 | P61: 22 | Q61: 20 | R61: 65 | S61: 80 | T61: 87 | U61: 20 | V61: 68 | W61: 19 | X61: 36 | Y61: 35 | Z61: 45 | AA61: 51 | AB61: =SUM(E61:AA61) -> 949
B62: C. | C62: JUMLAH SELURUH SUARA SAH DAN SUARA TIDAK SAH (V.A + V.B) | E62: =SUM(E60:E61) -> 241 | F62: =SUM(F60:F61) -> 225 | G62: =SUM(G60:G61) -> 216 | H62: =SUM(H60:H61) -> 219 | I62: =SUM(I60:I61) -> 231 | J62: =SUM(J60:J61) -> 210 | K62: =SUM(K60:K61) -> 209 | L62: =SUM(L60:L61) -> 214 | ... AA62: =SUM(AA60:AA61) -> 221 | AB62: =SUM(E62:AA62) -> 4876

Sheet TAMANAGUNG
C2: Kecamatan | D2: CLURING
C3: Kabupaten | D3: BANYUWANGI
C4: Provinsi | D4: JAWA TIMUR
C9: Kelurahan | D9: TAMANAGUNG
A12: I | B12: DATA PEMILIH DAN PENGGUNAAN HAK PILIH | AH12: JUMLAH AKHIR
A13: A | B13: DATA PEMILIH | E13: TPS 001 | F13: TPS 002 | G13: TPS 003 | H13: TPS 004 | I13: TPS 005 | J13: TPS 006 | K13: TPS 007 | L13: TPS 008 | M13: TPS 009 | N13: TPS 010 | O13: TPS 011 | P13: TPS 012 | Q13: TPS 013 | R13: TPS 014 | S13: TPS 015 | T13: TPS 016 | U13: TPS 017 | V13: TPS 018 | W13: TPS 019 | X13: TPS 020 | Y13: TPS 021 | Z13: TPS 022 | AA13: TPS 023 | AB13: TPS 024 | AC13: TPS 025 | AD13: TPS 026 | AE13: TPS 027 | AF13: TPS 028 | AG13: TPS 029
B14: Jumlah Pemilih dalam Daftar Pemilih Tetap (DPT) | D14: LK | E14: 141 | F14: 121 | G14: 111 | H14: 147 | I14: 125 | J14: 124 | K14: 120 | L14: 97 | M14: 131 | N14: 140 | O14: 147 | P14: 135 | Q14: 129 | R14: 118 | S14: 116 | T14: 130 | U14: 151 | V14: 135 | W14: 105 | X14: 115 | Y14: 81 | Z14: 154 | AA14: 135 | AB14: 139 | AC14: 135 | AD14: 143 | AE14: 119 | AF14: 111 | AG14: 122 | AH14: =SUM(E14:AG14) -> 3677
D15: PR | E15: 133 | F15: 109 | G15: 110 | H15: 146 | I15: 122 | J15: 136 | K15: 117 | L15: 104 | M15: 137 | N15: 146 | O15: 144 | P15: 149 | Q15: 139 | R15: 118 | S15: 118 | T15: 131 | U15: 145 | V15: 134 | W15: 108 | X15: 117 | Y15: 74 | Z15: 137 | AA15: 120 | AB15: 132 | AC15: 123 | AD15: 152 | AE15: 125 | AF15: 98 | AG15: 124 | AH15: =SUM(E15:AG15) -> 3648
D16: JML | E16: 274 | F16: 230 | G16: 221 | H16: 293 | I16: 247 | J16: 260 | K16: 237 | L16: 201 | M16: 268 | N16: 286 | O16: 291 | P16: 284 | Q16: 268 | R16: 236 | S16: 234 | T16: 261 | U16: 296 | V16: 269 | W16: 213 | X16: 232 | Y16: 155 | Z16: 291 | AA16: 255 | AB16: 271 | AC16: 258 | AD16: 295 | AE16: 244 | AF16: 209 | AG16: 246 | AH16: =SUM(E16:AG16) -> 7325
A18: B | B18: PENGGUNA HAK PILIH
B19: 1. | C19: Jumlah pengguna hak pilih dalam Daftar Pemilih Tetap (DPT) | D19: LK | E19: 115 | F19: 92 | G19: 80 | H19: 126 | I19: 97 | J19: 94 | K19: 83 | L19: 73 | M19: 99 | N19: 110 | O19: 113 | P19: 114 | Q19: 96 | R19: 90 | S19: 84 | T19: 96 | U19: 107 | V19: 84 | W19: 78 | X19: 81 | Y19: 57 | Z19: 106 | AA19: 107 | AB19: 103 | AC19: 105 | AD19: 118 | AE19: 92 | AF19: 77 | AG19: 92 | AH19: =SUM(E19:AG19) -> 2769
D20: PR | E20: 112 | F20: 87 | G20: 81 | H20: 122 | I20: 96 | J20: 90 | K20: 96 | L20: 79 | M20: 102 | N20: 126 | O20: 117 | P20: 126 | Q20: 100 | R20: 92 | S20: 99 | T20: 102 | U20: 122 | V20: 90 | W20: 90 | X20: 84 | Y20: 55 | Z20: 110 | AA20: 100 | AB20: 112 | AC20: 100 | AD20: 98 | AE20: 89 | AF20: 78 | AG20: 104 | AH20: =SUM(E20:AG20) -> 2859
D21: JML | E21: 227 | F21: 179 | G21: 161 | H21: 248 | I21: 193 | J21: 184 | K21: 179 | L21: 152 | M21: 201 | N21: 236 | O21: 230 | P21: 240 | Q21: 196 | R21: 182 | S21: 183 | T21: 198 | U21: 229 | V21: 174 | W21: 168 | X21: 165 | Y21: 112 | Z21: 216 | AA21: 207 | AB21: 215 | AC21: 205 | AD21: 216 | AE21: 181 | AF21: 155 | AG21: 196 | AH21: =SUM(E21:AG21) -> 5628
B22: 2. | C22: Jumlah pengguna hak pilih dalam Daftar Pemilih Tambahan (DPTb) | D22: LK | E22: 0 | F22: 0 | G22: 0 | H22: 0 | I22: 0 | J22: 0 | K22: 0 | L22: 0 | M22: 1 | N22: 0 | O22: 0 | P22: 0 | Q22: 0 | R22: 0 | S22: 0 | T22: 0 | U22: 1 | V22: 1 | W22: 0 | X22: 0 | Y22: 0 | Z22: 0 | AA22: 0 | AB22: 0 | AC22: 0 | AD22: 0 | AE22: 0 | AF22: 0 | AG22: 0 | AH22: =SUM(E22:AG22) -> 3
D23: PR | E23: 0 | F23: 0 | G23: 0 | H23: 0 | I23: 1 | J23: 0 | K23: 0 | L23: 0 | M23: 1 | N23: 0 | O23: 0 | P23: 0 | Q23: 0 | R23: 0 | S23: 1 | T23: 0 | U23: 0 | V23: 0 | W23: 0 | X23: 0 | Y23: 0 | Z23: 0 | AA23: 0 | AB23: 0 | AC23: 0 | AD23: 0 | AE23: 0 | AF23: 0 | AG23: 0 | AH23: =SUM(E23:AG23) -> 3
D24: JML | E24: 0 | F24: 0 | G24: 0 | H24: 0 | I24: 1 | J24: 0 | K24: 0 | L24: 0 | M24: 2 | N24: 0 | O24: 0 | P24: 0 | Q24: 0 | R24: 0 | S24: 1 | T24: 0 | U24: 1 | V24: 1 | W24: 0 | X24: 0 | Y24: 0 | Z24: 0 | AA24: 0 | AB24: 0 | AC24: 0 | AD24: 0 | AE24: 0 | AF24: 0 | AG24: 0 | AH24: =SUM(E24:AG24) -> 6
B25: 3. | C25: Jumlah pengguna hak pilih dalam Daftar Pemilih Khusus (DPK) | D25: LK | E25: 0 | F25: 0 | G25: 1 | H25: 3 | I25: 1 | J25: 0 | K25: 0 | L25: 1 | M25: 1 | N25: 1 | O25: 0 | P25: 4 | Q25: 1 | R25: 4 | S25: 1 | T25: 2 | U25: 2 | V25: 1 | W25: 0 | X25: 6 | Y25: 1 | Z25: 0 | AA25: 0 | AB25: 2 | AC25: 1 | AD25: 1 | AE25: 0 | AF25: 0 | AG25: 0 | AH25: =SUM(E25:AG25) -> 34
D26: PR | E26: 0 | F26: 0 | G26: 0 | H26: 4 | I26: 1 | J26: 0 | K26: 1 | L26: 3 | M26: 1 | N26: 2 | O26: 0 | P26: 4 | Q26: 0 | R26: 1 | S26: 0 | T26: 1 | U26: 1 | V26: 0 | W26: 1 | X26: 2 | Y26: 5 | Z26: 0 | AA26: 0 | AB26: 0 | AC26: 0 | AD26: 3 | AE26: 0 | AF26: 3 | AG26: 0 | AH26: =SUM(E26:AG26) -> 33
D27: JML | E27: 0 | F27: 0 | G27: 1 | H27: 7 | I27: 2 | J27: 0 | K27: 1 | L27: 4 | M27: 2 | N27: 3 | O27: 0 | P27: 8 | Q27: 1 | R27: 5 | S27: 1 | T27: 3 | U27: 3 | V27: 1 | W27: 1 | X27: 8 | Y27: 6 | Z27: 0 | AA27: 0 | AB27: 2 | AC27: 1 | AD27: 4 | AE27: 0 | AF27: 3 | AG27: 0 | AH27: =SUM(E27:AG27) -> 67
B28: 4. | C28: Jumlah Pengguna Hak Pilih (B.1+B.2+B.3) | D28: LK | E28: 115 | F28: 92 | G28: 81 | H28: 129 | I28: 98 | J28: 94 | K28: 83 | L28: 74 | M28: 101 | N28: 111 | O28: 113 | P28: 118 | Q28: 97 | R28: 94 | S28: 85 | T28: 98 | U28: 110 | V28: 86 | W28: 78 | X28: 87 | Y28: 58 | Z28: 106 | AA28: 107 | AB28: 105 | AC28: 106 | AD28: 119 | AE28: 92 | AF28: 77 | AG28: 92 | AH28: =SUM(E28:AG28) -> 2806
D29: PR | E29: 112 | F29: 87 | G29: 81 | H29: 126 | I29: 98 | J29: 90 | K29: 97 | L29: 82 | M29: 104 | N29: 128 | O29: 117 | P29: 130 | Q29: 100 | R29: 93 | S29: 100 | T29: 103 | U29: 123 | V29: 90 | W29: 91 | X29: 86 | Y29: 60 | Z29: 110 | AA29: 100 | AB29: 112 | AC29: 100 | AD29: 101 | AE29: 89 | AF29: 81 | AG29: 104 | AH29: =SUM(E29:AG29) -> 2895
D30: JML | E30: =SUM(E28:E29) -> 227 | F30: =SUM(F28:F29) -> 179 | G30: =SUM(G28:G29) -> 162 | H30: =SUM(H28:H29) -> 255 | I30: =SUM(I28:I29) -> 196 | J30: =SUM(J28:J29) -> 184 | K30: =SUM(K28:K29) -> 180 | L30: =SUM(L28:L29) -> 156 | ... AG30: =SUM(AG28:AG29) -> 196 | AH30: =SUM(E30:AG30) -> 5701
A32: II | B32: DATA PENGGUNAAN SURAT SUARA
A33: 1 | B33: Jumlah surat suara yang diterima, termasuk surat suara cadangan 2,5% dari DPT | E33: 280 | F33: 235 | G33: 226 | H33: 299 | I33: 252 | J33: 264 | K33: 242 | L33: 206 | M33: 274 | N33: 292 | O33: 297 | P33: 290 | Q33: 274 | R33: 242 | S33: 239 | T33: 267 | U33: 302 | V33: 275 | W33: 218 | X33: 237 | Y33: 159 | Z33: 308 | AA33: 260 | AB33: 267 | AC33: 263 | AD33: 301 | AE33: 248 | AF33: 214 | AG33: 251 | AH33: =SUM(E33:AG33) -> 7482
A34: 2 | B34: Jumlah surat suara yang digunakan | E34: 227 | F34: 179 | G34: 162 | H34: 255 | I34: 196 | J34: 184 | K34: 180 | L34: 156 | M34: 205 | N34: 239 | O34: 230 | P34: 248 | Q34: 197 | R34: 187 | S34: 185 | T34: 201 | U34: 233 | V34: 176 | W34: 169 | X34: 173 | Y34: 118 | Z34: 216 | AA34: 207 | AB34: 217 | AC34: 206 | AD34: 220 | AE34: 181 | AF34: 158 | AG34: 196 | AH34: =SUM(E34:AG34) -> 5701
A35: 3 | B35: Jumlah surat suara dikembalikan oleh pemilih (karena rusak atau keliru coblos) | E35: 0 | F35: 0 | G35: 0 | H35: 3 | I35: 0 | J35: 0 | K35: 0 | L35: 0 | M35: 0 | N35: 0 | O35: 0 | P35: 0 | Q35: 0 | R35: 0 | S35: 0 | T35: 2 | U35: 0 | V35: 0 | W35: 0 | X35: 0 | Y35: 0 | Z35: 0 | AA35: 0 | AB35: 0 | AC35: 0 | AD35: 1 | AE35: 0 | AF35: 8 | AG35: 0 | AH35: =SUM(E35:AG35) -> 14
A36: 4 | B36: Jumlah surat suara yang tidak digunakan/tidak terpakai, termasuk sisa surat suara cadangan | E36: 53 | F36: 56 | G36: 64 | H36: 41 | I36: 56 | J36: 82 | K36: 62 | L36: 50 | M36: 71 | N36: 53 | O36: 67 | P36: 42 | Q36: 77 | R36: 54 | S36: 54 | T36: 59 | U36: 69 | V36: 99 | W36: 49 | X36: 64 | Y36: 41 | Z36: 81 | AA36: 52 | AB36: 60 | AC36: 57 | AD36: 80 | AE36: 67 | AF36: 48 | AG36: 55 | AH36: =SUM(E36:AG36) -> 1763
A38: III | B38: DATA PEMILIH DISABILITAS
B39: Jumlah seluruh Pemilih disabilitas yang menggunakan hak pilih | D39: LK | E39: 0 | F39: 0 | G39: 0 | H39: 0 | I39: 0 | J39: 1 | K39: 0 | L39: 0 | M39: 0 | N39: 0 | O39: 0 | P39: 0 | Q39: 0 | R39: 0 | S39: 0 | T39: 0 | U39: 0 | V39: 0 | W39: 0 | X39: 0 | Y39: 2 | Z39: 1 | AA39: 0 | AB39: 0 | AC39: 0 | AD39: 0 | AE39: 0 | AF39: 0 | AG39: 92 | AH39: =SUM(E39:AG39) -> 96
D40: PR | E40: 0 | F40: 0 | G40: 0 | H40: 0 | I40: 0 | J40: 1 | K40: 0 | L40: 0 | M40: 0 | N40: 0 | O40: 0 | P40: 0 | Q40: 1 | R40: 0 | S40: 0 | T40: 0 | U40: 0 | V40: 0 | W40: 0 | X40: 0 | Y40: 1 | Z40: 1 | AA40: 0 | AB40: 0 | AC40: 0 | AD40: 0 | AE40: 0 | AF40: 0 | AG40: 104 | AH40: =SUM(E40:AG40) -> 108
D41: JML | E41: =SUM(E39:E40) -> 0 | F41: =SUM(F39:F40) -> 0 | G41: =SUM(G39:G40) -> 0 | H41: =SUM(H39:H40) -> 0 | I41: =SUM(I39:I40) -> 0 | J41: =SUM(J39:J40) -> 2 | K41: =SUM(K39:K40) -> 0 | L41: =SUM(L39:L40) -> 0 | ... AG41: =SUM(AG39:AG40) -> 196 | AH41: =SUM(E41:AG41) -> 204
A43: IV | B43: DATA RINCIAN PEROLEHAN SUARA PASANGAN CALON BUPATI DAN WAKIL BUPATI
A44: NOMOR DAN NAMA CALON
B45: 1. | C45: AA. AHMAD NAWARDI | E45: 14 | F45: 14 | G45: 13 | H45: 12 | I45: 7 | J45: 6 | K45: 24 | L45: 15 | M45: 26 | N45: 12 | O45: 24 | P45: 14 | Q45: 5 | R45: 11 | S45: 15 | T45: 14 | U45: 21 | V45: 12 | W45: 15 | X45: 8 | Y45: 4 | Z45: 15 | AA45: 17 | AB45: 7 | AC45: 7 | AD45: 11 | AE45: 8 | AF45: 4 | AG45: 18 | AH45: 15
B46: 2. | C46: Ir. H. AA LA NYALLA MAHMUD MATTALITI, M.HP. | E46: 37 | F46: 30 | G46: 18 | H46: 47 | I46: 30 | J46: 30 | K46: 15 | L46: 20 | M46: 20 | N46: 33 | O46: 26 | P46: 37 | Q46: 36 | R46: 20 | S46: 27 | T46: 21 | U46: 37 | V46: 28 | W46: 25 | X46: 33 | Y46: 12 | Z46: 26 | AA46: 27 | AB46: 34 | AC46: 26 | AD46: 21 | AE46: 28 | AF46: 17 | AG46: 32 | AH46: 16
B47: 3. | C47: ABDUL QADIR AMIR HARTONO, S.E., S.H., M.H. | E47: 11 | F47: 10 | G47: 18 | H47: 16 | I47: 10 | J47: 10 | K47: 6 | L47: 8 | M47: 15 | N47: 10 | O47: 15 | P47: 22 | Q47: 3 | R47: 13 | S47: 13 | T47: 15 | U47: 9 | V47: 8 | W47: 10 | X47: 9 | Y47: 6 | Z47: 14 | AA47: 13 | AB47: 11 | AC47: 9 | AD47: 13 | AE47: 6 | AF47: 10 | AG47: 6 | AH47: 11
B48: 4. | C48: ADILLA AZIS, S.E. | E48: 26 | F48: 17 | G48: 16 | H48: 28 | I48: 18 | J48: 25 | K48: 36 | L48: 13 | M48: 20 | N48: 25 | O48: 27 | P48: 28 | Q48: 18 | R48: 27 | S48: 11 | T48: 20 | U48: 15 | V48: 23 | W48: 18 | X48: 27 | Y48: 13 | Z48: 28 | AA48: 23 | AB48: 24 | AC48: 30 | AD48: 17 | AE48: 28 | AF48: 19 | AG48: 21 | AH48: 12
B49: 5. | C49: Ir. H. AGUS RAHARDJO, MSc.M. | E49: 17 | F49: 11 | G49: 10 | H49: 21 | I49: 18 | J49: 11 | K49: 16 | L49: 14 | M49: 24 | N49: 13 | O49: 18 | P49: 17 | Q49: 26 | R49: 10 | S49: 10 | T49: 20 | U49: 26 | V49: 6 | W49: 5 | X49: 9 | Y49: 6 | Z49: 9 | AA49: 13 | AB49: 7 | AC49: 14 | AD49: 8 | AE49: 13 | AF49: 9 | AG49: 19 | AH49: 13
B50: 6. | C50: Drs. AYUB KHAN | E50: 12 | F50: 10 | G50: 10 | H50: 10 | I50: 5 | J50: 4 | K50: 9 | L50: 8 | M50: 9 | N50: 10 | O50: 12 | P50: 12 | Q50: 12 | R50: 10 | S50: 19 | T50: 15 | U50: 37 | V50: 8 | W50: 20 | X50: 4 | Y50: 8 | Z50: 6 | AA50: 18 | AB50: 13 | AC50: 9 | AD50: 9 | AE50: 7 | AF50: 4 | AG50: 16 | AH50: 10
B51: 7. | C51: BAMBANG HARIANTO | E51: 1 | F51: 1 | G51: 5 | H51: 1 | I51: 1 | J51: 4 | K51: 1 | L51: 0 | M51: 2 | N51: 4 | O51: 2 | P51: 4 | Q51: 2 | R51: 4 | S51: 2 | T51: 5 | U51: 3 | V51: 2 | W51: 2 | X51: 1 | Y51: 0 | Z51: 2 | AA51: 0 | AB51: 7 | AC51: 2 | AD51: 0 | AE51: 0 | AF51: 1 | AG51: 2 | AH51: 2
B52: 8. | C52: CATUR RUDI UTANTO, S.Sos. | E52: 7 | F52: 3 | G52: 7 | H52: 3 | I52: 3 | J52: 6 | K52: 0 | L52: 0 | M52: 4 | N52: 2 | O52: 8 | P52: 6 | Q52: 2 | R52: 2 | S52: 2 | T52: 1 | U52: 1 | V52: 2 | W52: 4 | X52: 1 | Y52: 0 | Z52: 3 | AA52: 0 | AB52: 4 | AC52: 1 | AD52: 1 | AE52: 7 | AF52: 0 | AG52: 0 | AH52: 2
B53: 9. | C53: DODDY DWI NUGROHO | E53: 1 | F53: 2 | G53: 1 | H53: 0 | I53: 0 | J53: 2 | K53: 0 | L53: 0 | M53: 2 | N53: 0 | O53: 0 | P53: 2 | Q53: 0 | R53: 0 | S53: 1 | T53: 1 | U53: 1 | V53: 0 | W53: 0 | X53: 0 | Y53: 1 | Z53: 1 | AA53: 0 | AB53: 2 | AC53: 8 | AD53: 2 | AE53: 1 | AF53: 0 | AG53: 0 | AH53: 1
B54: 10. | C54: KONDANG KUSUMANING AYU | E54: 35 | F54: 31 | G54: 17 | H54: 38 | I54: 25 | J54: 31 | K54: 26 | L54: 33 | M54: 26 | N54: 49 | O54: 40 | P54: 33 | Q54: 26 | R54: 18 | S54: 20 | T54: 26 | U54: 31 | V54: 31 | W54: 22 | X54: 24 | Y54: 20 | Z54: 32 | AA54: 26 | AB54: 39 | AC54: 26 | AD54: 35 | AE54: 31 | AF54: 39 | AG54: 31 | AH54: 20
B55: 11. | C55: KUNJUNG WAHYUDI | E55: 0 | F55: 4 | G55: 1 | H55: 0 | I55: 0 | J55: 0 | K55: 1 | L55: 1 | M55: 1 | N55: 1 | O55: 3 | P55: 3 | Q55: 3 | R55: 0 | S55: 0 | T55: 2 | U55: 2 | V55: 1 | W55: 0 | X55: 0 | Y55: 0 | Z55: 3 | AA55: 1 | AB55: 0 | AC55: 0 | AD55: 2 | AE55: 0 | AF55: 1 | AG55: 1 | AH55: 1
B56: 12. | C56: Dr. LIA ISTIFHAMA | E56: 30 | F56: 26 | G56: 17 | H56: 35 | I56: 24 | J56: 24 | K56: 19 | L56: 19 | M56: 20 | N56: 28 | O56: 42 | P56: 31 | Q56: 16 | R56: 34 | S56: 35 | T56: 31 | U56: 21 | V56: 39 | W56: 28 | X56: 26 | Y56: 26 | Z56: 34 | AA56: 38 | AB56: 31 | AC56: 35 | AD56: 27 | AE56: 28 | AF56: 25 | AG56: 30 | AH56: 35
B57: 13. | C57: MOHAMMAD TRIJANTO, S.H., M.M., M.H. | E57: 1 | F57: 4 | G57: 1 | H57: 1 | I57: 1 | J57: 0 | K57: 0 | L57: 0 | M57: 2 | N57: 3 | O57: 3 | P57: 5 | Q57: 1 | R57: 1 | S57: 2 | T57: 3 | U57: 1 | V57: 3 | W57: 2 | X57: 2 | Y57: 2 | Z57: 2 | AA57: 1 | AB57: 2 | AC57: 5 | AD57: 2 | AE57: 2 | AF57: 5 | AG57: 3 | AH57: 2
A59: V | B59: DATA SUARA SAH DAN TIDAK SAH
B60: A. | C60: JUMLAH SELURUH SUARA SAH | E60: =SUM(E45:E57) -> 192 | F60: =SUM(F45:F57) -> 163 | G60: =SUM(G45:G57) -> 134 | H60: =SUM(H45:H57) -> 212 | I60: =SUM(I45:I57) -> 142 | J60: =SUM(J45:J57) -> 153 | K60: =SUM(K45:K57) -> 153 | L60: =SUM(L45:L57) -> 131 | ... AG60: =SUM(AG45:AG57) -> 179 | AH60: =SUM(E60:AG60) -> 4792
B61: B. | C61: JUMLAH SUARA TIDAK SAH | E61: 35 | F61: 16 | G61: 28 | H61: 43 | I61: 54 | J61: 31 | K61: 27 | L61: 25 | M61: 34 | N61: 49 | O61: 10 | P61: 34 | Q61: 47 | R61: 35 | S61: 27 | T61: 27 | U61: 28 | V61: 13 | W61: 18 | X61: 29 | Y61: 20 | Z61: 41 | AA61: 30 | AB61: 36 | AC61: 34 | AD61: 72 | AE61: 22 | AF61: 24 | AG61: 17 | AH61: =SUM(E61:AG61) -> 906
B62: C. | C62: JUMLAH SELURUH SUARA SAH DAN SUARA TIDAK SAH (V.A + V.B) | E62: =SUM(E60:E61) -> 227 | F62: =SUM(F60:F61) -> 179 | G62: =SUM(G60:G61) -> 162 | H62: =SUM(H60:H61) -> 255 | I62: =SUM(I60:I61) -> 196 | J62: =SUM(J60:J61) -> 184 | K62: =SUM(K60:K61) -> 180 | L62: =SUM(L60:L61) -> 156 | ... AG62: =SUM(AG60:AG61) -> 196 | AH62: =SUM(E62:AG62) -> 5698

Sheet TAMPO
C2: Kecamatan | D2: CLURING
C3: Kabupaten | D3: BANYUWANGI
C4: Provinsi | D4: JAWA TIMUR
C9: Kelurahan | D9: TAMPO
A12: I | B12: DATA PEMILIH DAN PENGGUNAAN HAK PILIH | AB12: JUMLAH AKHIR
A13: A | B13: DATA PEMILIH | E13: TPS 001 | F13: TPS 002 | G13: TPS 003 | H13: TPS 004 | I13: TPS 005 | J13: TPS 006 | K13: TPS 007 | L13: TPS 008 | M13: TPS 009 | N13: TPS 010 | O13: TPS 011 | P13: TPS 012 | Q13: TPS 013 | R13: TPS 014 | S13: TPS 015 | T13: TPS 016 | U13: TPS 017 | V13: TPS 018 | W13: TPS 019 | X13: TPS 020 | Y13: TPS 021 | Z13: TPS 022 | AA13: TPS 023
B14: Jumlah Pemilih dalam Daftar Pemilih Tetap (DPT) | D14: LK | E14: 140 | F14: 127 | G14: 131 | H14: 132 | I14: 132 | J14: 142 | K14: 143 | L14: 147 | M14: 148 | N14: 147 | O14: 134 | P14: 114 | Q14: 142 | R14: 144 | S14: 115 | T14: 120 | U14: 122 | V14: 119 | W14: 125 | X14: 133 | Y14: 129 | Z14: 109 | AA14: 119 | AB14: =SUM(E14:AA14) -> 3014
D15: PR | E15: 129 | F15: 125 | G15: 139 | H15: 132 | I15: 138 | J15: 147 | K15: 148 | L15: 150 | M15: 140 | N15: 138 | O15: 134 | P15: 117 | Q15: 151 | R15: 147 | S15: 108 | T15: 120 | U15: 131 | V15: 122 | W15: 113 | X15: 122 | Y15: 121 | Z15: 126 | AA15: 126 | AB15: =SUM(E15:AA15) -> 3024
D16: JML | E16: =SUM(E14:E15) -> 269 | F16: =SUM(F14:F15) -> 252 | G16: =SUM(G14:G15) -> 270 | H16: =SUM(H14:H15) -> 264 | I16: =SUM(I14:I15) -> 270 | J16: =SUM(J14:J15) -> 289 | K16: =SUM(K14:K15) -> 291 | L16: =SUM(L14:L15) -> 297 | ... AA16: =SUM(AA14:AA15) -> 245 | AB16: =SUM(E16:AA16) -> 6038
A18: B | B18: PENGGUNA HAK PILIH
B19: 1. | C19: Jumlah pengguna hak pilih dalam Daftar Pemilih Tetap (DPT) | D19: LK | E19: 101 | F19: 87 | G19: 88 | H19: 90 | I19: 97 | J19: 108 | K19: 111 | L19: 108 | M19: 112 | N19: 112 | O19: 90 | P19: 83 | Q19: 113 | R19: 110 | S19: 97 | T19: 95 | U19: 99 | V19: 91 | W19: 93 | X19: 91 | Y19: 105 | Z19: 79 | AA19: 81 | AB19: =SUM(E19:AA19) -> 2241
D20: PR | E20: 102 | F20: 96 | G20: 107 | H20: 105 | I20: 123 | J20: 115 | K20: 123 | L20: 118 | M20: 117 | N20: 119 | O20: 99 | P20: 91 | Q20: 129 | R20: 119 | S20: 90 | T20: 95 | U20: 108 | V20: 97 | W20: 92 | X20: 95 | Y20: 99 | Z20: 96 | AA20: 88 | AB20: =SUM(E20:AA20) -> 2423
D21: JML | E21: =SUM(E19:E20) -> 203 | F21: =SUM(F19:F20) -> 183 | G21: =SUM(G19:G20) -> 195 | H21: =SUM(H19:H20) -> 195 | I21: =SUM(I19:I20) -> 220 | J21: =SUM(J19:J20) -> 223 | K21: =SUM(K19:K20) -> 234 | L21: =SUM(L19:L20) -> 226 | ... AA21: =SUM(AA19:AA20) -> 169 | AB21: =SUM(E21:AA21) -> 4664
B22: 2. | C22: Jumlah pengguna hak pilih dalam Daftar Pemilih Tambahan (DPTb) | D22: LK | E22: 0 | F22: 0 | G22: 0 | H22: 0 | I22: 0 | J22: 1 | K22: 0 | L22: 0 | M22: 0 | N22: 0 | O22: 0 | P22: 1 | Q22: 0 | R22: 0 | S22: 0 | T22: 0 | U22: 0 | V22: 0 | W22: 0 | X22: 0 | Y22: 0 | Z22: 0 | AA22: 1 | AB22: =SUM(E22:AA22) -> 3
D23: PR | E23: 0 | F23: 0 | G23: 0 | H23: 0 | I23: 0 | J23: 1 | K23: 0 | L23: 0 | M23: 0 | N23: 0 | O23: 0 | P23: 1 | Q23: 0 | R23: 0 | S23: 0 | T23: 0 | U23: 0 | V23: 0 | W23: 0 | X23: 0 | Y23: 0 | Z23: 0 | AA23: 1 | AB23: =SUM(E23:AA23) -> 3
D24: JML | E24: =SUM(E22:E23) -> 0 | F24: =SUM(F22:F23) -> 0 | G24: =SUM(G22:G23) -> 0 | H24: =SUM(H22:H23) -> 0 | I24: =SUM(I22:I23) -> 0 | J24: =SUM(J22:J23) -> 2 | K24: =SUM(K22:K23) -> 0 | L24: =SUM(L22:L23) -> 0 | ... AA24: =SUM(AA22:AA23) -> 2 | AB24: =SUM(E24:AA24) -> 6
B25: 3. | C25: Jumlah pengguna hak pilih dalam Daftar Pemilih Khusus (DPK) | D25: LK | E25: 2 | F25: 2 | G25: 2 | H25: 1 | I25: 0 | J25: 1 | K25: 0 | L25: 2 | M25: 0 | N25: 0 | O25: 0 | P25: 4 | Q25: 2 | R25: 2 | S25: 0 | T25: 2 | U25: 1 | V25: 0 | W25: 2 | X25: 1 | Y25: 0 | Z25: 1 | AA25: 0 | AB25: =SUM(E25:AA25) -> 25
D26: PR | E26: 2 | F26: 1 | G26: 1 | H26: 1 | I26: 2 | J26: 2 | K26: 1 | L26: 1 | M26: 2 | N26: 0 | O26: 3 | P26: 4 | Q26: 5 | R26: 3 | S26: 0 | T26: 4 | U26: 4 | V26: 0 | W26: 3 | X26: 0 | Y26: 1 | Z26: 1 | AA26: 0 | AB26: =SUM(E26:AA26) -> 41
D27: JML | E27: =SUM(E25:E26) -> 4 | F27: =SUM(F25:F26) -> 3 | G27: =SUM(G25:G26) -> 3 | H27: =SUM(H25:H26) -> 2 | I27: =SUM(I25:I26) -> 2 | J27: =SUM(J25:J26) -> 3 | K27: =SUM(K25:K26) -> 1 | L27: =SUM(L25:L26) -> 3 | ... AA27: =SUM(AA25:AA26) -> 0 | AB27: =SUM(E27:AA27) -> 66
B28: 4. | C28: Jumlah Pengguna Hak Pilih (B.1+B.2+B.3) | D28: LK | E28: =SUM(E19,E22,E25) -> 103 | F28: =SUM(F19,F22,F25) -> 89 | G28: =SUM(G19,G22,G25) -> 90 | H28: =SUM(H19,H22,H25) -> 91 | I28: =SUM(I19,I22,I25) -> 97 | J28: =SUM(J19,J22,J25) -> 110 | K28: =SUM(K19,K22,K25) -> 111 | L28: =SUM(L19,L22,L25) -> 110 | ... AA28: =SUM(AA19,AA22,AA25) -> 82 | AB28: =SUM(E28:AA28) -> 2269
D29: PR | E29: =SUM(E20,E23,E26) -> 104 | F29: =SUM(F20,F23,F26) -> 97 | G29: =SUM(G20,G23,G26) -> 108 | H29: =SUM(H20,H23,H26) -> 106 | I29: =SUM(I20,I23,I26) -> 125 | J29: =SUM(J20,J23,J26) -> 118 | K29: =SUM(K20,K23,K26) -> 124 | L29: =SUM(L20,L23,L26) -> 119 | ... AA29: =SUM(AA20,AA23,AA26) -> 89 | AB29: =SUM(E29:AA29) -> 2467
D30: JML | E30: =SUM(E28:E29) -> 207 | F30: =SUM(F28:F29) -> 186 | G30: =SUM(G28:G29) -> 198 | H30: =SUM(H28:H29) -> 197 | I30: =SUM(I28:I29) -> 222 | J30: =SUM(J28:J29) -> 228 | K30: =SUM(K28:K29) -> 235 | L30: =SUM(L28:L29) -> 229 | ... AA30: =SUM(AA28:AA29) -> 171 | AB30: =SUM(E30:AA30) -> 4736
A32: II | B32: DATA PENGGUNAAN SURAT SUARA
A33: 1 | B33: Jumlah surat suara yang diterima, termasuk surat suara cadangan 2,5% dari DPT | E33: 275 | F33: 258 | G33: 276 | H33: 269 | I33: 276 | J33: 294 | K33: 299 | L33: 303 | M33: 294 | N33: 291 | O33: 269 | P33: 236 | Q33: 299 | R33: 297 | S33: 227 | T33: 235 | U33: 259 | V33: 245 | W33: 243 | X33: 261 | Y33: 255 | Z33: 240 | AA33: 250 | AB33: =SUM(E33:AA33) -> 6151
A34: 2 | B34: Jumlah surat suara yang digunakan | E34: 207 | F34: 186 | G34: 198 | H34: 197 | I34: 222 | J34: 228 | K34: 235 | L34: 229 | M34: 231 | N34: 231 | O34: 192 | P34: 184 | Q34: 249 | R34: 234 | S34: 187 | T34: 196 | U34: 212 | V34: 188 | W34: 190 | X34: 187 | Y34: 205 | Z34: 177 | AA34: 171 | AB34: =SUM(E34:AA34) -> 4736
A35: 3 | B35: Jumlah surat suara dikembalikan oleh pemilih (karena rusak atau keliru coblos) | E35: 0 | F35: 0 | G35: 0 | H35: 0 | I35: 1 | J35: 0 | K35: 0 | L35: 3 | M35: 1 | N35: 0 | O35: 0 | P35: 0 | Q35: 0 | R35: 0 | S35: 0 | T35: 0 | U35: 1 | V35: 0 | W35: 0 | X35: 1 | Y35: 0 | Z35: 0 | AA35: 0 | AB35: =SUM(E35:AA35) -> 7
A36: 4 | B36: Jumlah surat suara yang tidak digunakan/tidak terpakai, termasuk sisa surat suara cadangan | E36: =E33-(E34+E35) -> 68 | F36: =F33-(F34+F35) -> 72 | G36: =G33-(G34+G35) -> 78 | H36: =H33-(H34+H35) -> 72 | I36: =I33-(I34+I35) -> 53 | J36: =J33-(J34+J35) -> 66 | K36: =K33-(K34+K35) -> 64 | L36: =L33-(L34+L35) -> 71 | ... AA36: =AA33-(AA34+AA35) -> 79 | AB36: =SUM(E36:AA36) -> 1408
A38: III | B38: DATA PEMILIH DISABILITAS
B39: Jumlah seluruh Pemilih disabilitas yang menggunakan hak pilih | D39: LK | E39: 0 | F39: 0 | G39: 0 | H39: 0 | I39: 0 | J39: 0 | K39: 0 | L39: 0 | M39: 0 | N39: 0 | O39: 0 | P39: 0 | Q39: 0 | R39: 0 | S39: 0 | T39: 0 | U39: 0 | V39: 0 | W39: 0 | X39: 0 | Y39: 1 | Z39: 1 | AA39: 0 | AB39: =SUM(E39:AA39) -> 2
D40: PR | E40: 0 | F40: 0 | G40: 0 | H40: 1 | I40: 0 | J40: 0 | K40: 0 | L40: 0 | M40: 0 | N40: 0 | O40: 0 | P40: 0 | Q40: 0 | R40: 0 | S40: 0 | T40: 0 | U40: 0 | V40: 0 | W40: 0 | X40: 0 | Y40: 1 | Z40: 2 | AA40: 0 | AB40: =SUM(E40:AA40) -> 4
D41: JML | E41: =SUM(E39:E40) -> 0 | F41: =SUM(F39:F40) -> 0 | G41: =SUM(G39:G40) -> 0 | H41: =SUM(H39:H40) -> 1 | I41: =SUM(I39:I40) -> 0 | J41: =SUM(J39:J40) -> 0 | K41: =SUM(K39:K40) -> 0 | L41: =SUM(L39:L40) -> 0 | ... AA41: =SUM(AA39:AA40) -> 0 | AB41: =SUM(E41:AA41) -> 6
A43: IV | B43: DATA RINCIAN PEROLEHAN SUARA PASANGAN CALON BUPATI DAN WAKIL BUPATI
A44: NOMOR DAN NAMA CALON
B45: 1. | C45: AA. AHMAD NAWARDI | E45: 11 | F45: 17 | G45: 15 | H45: 8 | I45: 13 | J45: 30 | K45: 27 | L45: 10 | M45: 20 | N45: 17 | O45: 9 | P45: 6 | Q45: 12 | R45: 14 | S45: 14 | T45: 6 | U45: 12 | V45: 18 | W45: 13 | X45: 8 | Y45: 13 | Z45: 20 | AA45: 6 | AB45: =SUM(E45:AA45) -> 319
B46: 2. | C46: Ir. H. AA LA NYALLA MAHMUD MATTALITI, M.HP. | E46: 24 | F46: 29 | G46: 19 | H46: 26 | I46: 31 | J46: 24 | K46: 36 | L46: 26 | M46: 24 | N46: 19 | O46: 21 | P46: 22 | Q46: 31 | R46: 22 | S46: 16 | T46: 20 | U46: 25 | V46: 29 | W46: 34 | X46: 35 | Y46: 30 | Z46: 23 | AA46: 20 | AB46: =SUM(E46:AA46) -> 586
B47: 3. | C47: ABDUL QADIR AMIR HARTONO, S.E., S.H., M.H. | E47: 19 | F47: 8 | G47: 10 | H47: 10 | I47: 11 | J47: 11 | K47: 14 | L47: 21 | M47: 18 | N47: 12 | O47: 16 | P47: 13 | Q47: 21 | R47: 19 | S47: 12 | T47: 13 | U47: 9 | V47: 14 | W47: 14 | X47: 14 | Y47: 9 | Z47: 10 | AA47: 11 | AB47: =SUM(E47:AA47) -> 309
B48: 4. | C48: ADILLA AZIS, S.E. | E48: 14 | F48: 21 | G48: 17 | H48: 25 | I48: 24 | J48: 20 | K48: 17 | L48: 20 | M48: 33 | N48: 20 | O48: 19 | P48: 17 | Q48: 22 | R48: 27 | S48: 24 | T48: 21 | U48: 28 | V48: 20 | W48: 18 | X48: 23 | Y48: 20 | Z48: 17 | AA48: 22 | AB48: =SUM(E48:AA48) -> 489
B49: 5. | C49: Ir. H. AGUS RAHARDJO, MSc.M. | E49: 22 | F49: 16 | G49: 26 | H49: 17 | I49: 14 | J49: 30 | K49: 31 | L49: 21 | M49: 13 | N49: 14 | O49: 13 | P49: 21 | Q49: 23 | R49: 16 | S49: 7 | T49: 9 | U49: 13 | V49: 8 | W49: 15 | X49: 15 | Y49: 14 | Z49: 9 | AA49: 15 | AB49: =SUM(E49:AA49) -> 382
B50: 6. | C50: Drs. AYUB KHAN | E50: 21 | F50: 11 | G50: 18 | H50: 7 | I50: 19 | J50: 13 | K50: 12 | L50: 12 | M50: 19 | N50: 23 | O50: 6 | P50: 8 | Q50: 11 | R50: 18 | S50: 6 | T50: 13 | U50: 16 | V50: 17 | W50: 9 | X50: 13 | Y50: 9 | Z50: 4 | AA50: 11 | AB50: =SUM(E50:AA50) -> 296
B51: 7. | C51: BAMBANG HARIANTO | E51: 3 | F51: 0 | G51: 2 | H51: 2 | I51: 1 | J51: 2 | K51: 3 | L51: 7 | M51: 2 | N51: 2 | O51: 3 | P51: 7 | Q51: 6 | R51: 2 | S51: 3 | T51: 0 | U51: 3 | V51: 3 | W51: 3 | X51: 1 | Y51: 4 | Z51: 3 | AA51: 5 | AB51: =SUM(E51:AA51) -> 67
B52: 8. | C52: CATUR RUDI UTANTO, S.Sos. | E52: 3 | F52: 1 | G52: 2 | H52: 3 | I52: 7 | J52: 2 | K52: 2 | L52: 2 | M52: 5 | N52: 2 | O52: 3 | P52: 6 | Q52: 4 | R52: 8 | S52: 5 | T52: 5 | U52: 2 | V52: 4 | W52: 3 | X52: 2 | Y52: 5 | Z52: 3 | AA52: 2 | AB52: =SUM(E52:AA52) -> 81
B53: 9. | C53: DODDY DWI NUGROHO | E53: 0 | F53: 0 | G53: 0 | H53: 1 | I53: 0 | J53: 0 | K53: 0 | L53: 2 | M53: 2 | N53: 1 | O53: 0 | P53: 0 | Q53: 1 | R53: 0 | S53: 1 | T53: 0 | U53: 0 | V53: 0 | W53: 1 | X53: 0 | Y53: 3 | Z53: 0 | AA53: 0 | AB53: =SUM(E53:AA53) -> 12
B54: 10. | C54: KONDANG KUSUMANING AYU | E54: 25 | F54: 17 | G54: 22 | H54: 18 | I54: 27 | J54: 33 | K54: 37 | L54: 38 | M54: 31 | N54: 34 | O54: 39 | P54: 19 | Q54: 32 | R54: 25 | S54: 38 | T54: 25 | U54: 31 | V54: 21 | W54: 26 | X54: 26 | Y54: 28 | Z54: 23 | AA54: 21 | AB54: =SUM(E54:AA54) -> 636
B55: 11. | C55: KUNJUNG WAHYUDI | E55: 1 | F55: 1 | G55: 0 | H55: 1 | I55: 0 | J55: 1 | K55: 1 | L55: 1 | M55: 0 | N55: 1 | O55: 2 | P55: 2 | Q55: 3 | R55: 3 | S55: 1 | T55: 1 | U55: 0 | V55: 0 | W55: 0 | X55: 1 | Y55: 0 | Z55: 1 | AA55: 0 | AB55: =SUM(E55:AA55) -> 21
B56: 12. | C56: Dr. LIA ISTIFHAMA | E56: 27 | F56: 19 | G56: 12 | H56: 17 | I56: 28 | J56: 23 | K56: 27 | L56: 42 | M56: 33 | N56: 36 | O56: 33 | P56: 35 | Q56: 39 | R56: 36 | S56: 32 | T56: 37 | U56: 32 | V56: 26 | W56: 30 | X56: 26 | Y56: 33 | Z56: 29 | AA56: 28 | AB56: =SUM(E56:AA56) -> 680
B57: 13. | C57: MOHAMMAD TRIJANTO, S.H., M.M., M.H. | E57: 1 | F57: 2 | G57: 1 | H57: 3 | I57: 4 | J57: 3 | K57: 1 | L57: 2 | M57: 4 | N57: 4 | O57: 3 | P57: 2 | Q57: 5 | R57: 2 | S57: 3 | T57: 1 | U57: 1 | V57: 1 | W57: 2 | X57: 2 | Y57: 2 | Z57: 4 | AA57: 6 | AB57: =SUM(E57:AA57) -> 59
A59: V | B59: DATA SUARA SAH DAN TIDAK SAH
B60: A. | C60: JUMLAH SELURUH SUARA SAH | E60: =SUM(E45:E57) -> 171 | F60: =SUM(F45:F57) -> 142 | G60: =SUM(G45:G57) -> 144 | H60: =SUM(H45:H57) -> 138 | I60: =SUM(I45:I57) -> 179 | J60: =SUM(J45:J57) -> 192 | K60: =SUM(K45:K57) -> 208 | L60: =SUM(L45:L57) -> 204 | ... AA60: =SUM(AA45:AA57) -> 147 | AB60: =SUM(E60:AA60) -> 3937
B61: B. | C61: JUMLAH SUARA TIDAK SAH | E61: 33 | F61: 44 | G61: 54 | H61: 59 | I61: 43 | J61: 34 | K61: 27 | L61: 25 | M61: 27 | N61: 46 | O61: 25 | P61: 25 | Q61: 39 | R61: 42 | S61: 25 | T61: 44 | U61: 40 | V61: 27 | W61: 22 | X61: 21 | Y61: 35 | Z61: 31 | AA61: 24 | AB61: =SUM(E61:AA61) -> 792
B62: C. | C62: JUMLAH SELURUH SUARA SAH DAN SUARA TIDAK SAH (V.A + V.B) | E62: =SUM(E60:E61) -> 204 | F62: =SUM(F60:F61) -> 186 | G62: =SUM(G60:G61) -> 198 | H62: =SUM(H60:H61) -> 197 | I62: =SUM(I60:I61) -> 222 | J62: =SUM(J60:J61) -> 226 | K62: =SUM(K60:K61) -> 235 | L62: =SUM(L60:L61) -> 229 | ... AA62: =SUM(AA60:AA61) -> 171 | AB62: =SUM(E62:AA62) -> 4729
