Workbook

Sheet DPD
C8: Kecamatan | D8: KALIPURO
C9: Kabupaten | D9: BANYUWANGI
C10: Provinsi | D10: JAWA TIMUR
A12: I | B12: DATA PEMILIH DAN PENGGUNAAN HAK PILIH | E12: JUMLAH AKHIR
A13: A | B13: DATA PEMILIH
B14: Jumlah Pemilih dalam Daftar Pemilih Tetap (DPT) | D14: LK | E14: =KETAPANG!BE14+BULUSAN!AC14+KLATAK!AV14+KALIPURO!AR14+GOMBENGSARI!AC14+KELIR!W14+PESUCEN!R14+TELEMUNG!T14+BULUSARI!R14 -> 31987
D15: PR | E15: =KETAPANG!BE15+BULUSAN!AC15+KLATAK!AV15+KALIPURO!AR15+GOMBENGSARI!AC15+KELIR!W15+PESUCEN!R15+TELEMUNG!T15+BULUSARI!R15 -> 33057
D16: JML | E16: =SUM(E14:E15) -> 65044
A18: B | B18: PENGGUNA HAK PILIH
B19: 1. | C19: Jumlah pengguna hak pilih dalam Daftar Pemilih Tetap (DPT) | D19: LK | E19: =KETAPANG!BE19+BULUSAN!AC19+KLATAK!AV19+KALIPURO!AR19+GOMBENGSARI!AC19+KELIR!W19+PESUCEN!R19+TELEMUNG!T19+BULUSARI!R19 -> 24074
D20: PR | E20: =KETAPANG!BE20+BULUSAN!AC20+KLATAK!AV20+KALIPURO!AR20+GOMBENGSARI!AC20+KELIR!W20+PESUCEN!R20+TELEMUNG!T20+BULUSARI!R20 -> 26769
D21: JML | E21: =SUM(E19:E20) -> 50843
B22: 2. | C22: Jumlah pengguna hak pilih dalam Daftar Pemilih Tambahan (DPTb) | D22: LK | E22: =KETAPANG!BE22+BULUSAN!AC22+KLATAK!AV22+KALIPURO!AR22+GOMBENGSARI!AC22+KELIR!W22+PESUCEN!R22+TELEMUNG!T22+BULUSARI!R22 -> 142
D23: PR | E23: =KETAPANG!BE23+BULUSAN!AC23+KLATAK!AV23+KALIPURO!AR23+GOMBENGSARI!AC23+KELIR!W23+PESUCEN!R23+TELEMUNG!T23+BULUSARI!R23 -> 113
D24: JML | E24: =SUM(E22:E23) -> 255
B25: 3. | C25: Jumlah pengguna hak pilih dalam Daftar Pemilih Khusus (DPK) | D25: LK | E25: =KETAPANG!BE25+BULUSAN!AC25+KLATAK!AV25+KALIPURO!AR25+GOMBENGSARI!AC25+KELIR!W25+PESUCEN!R25+TELEMUNG!T25+BULUSARI!R25 -> 351
D26: PR | E26: =KETAPANG!BE26+BULUSAN!AC26+KLATAK!AV26+KALIPURO!AR26+GOMBENGSARI!AC26+KELIR!W26+PESUCEN!R26+TELEMUNG!T26+BULUSARI!R26 -> 423
D27: JML | E27: =SUM(E25:E26) -> 774
B28: 4. | C28: Jumlah Pengguna Hak Pilih (B.1+B.2+B.3) | D28: LK | E28: =E19+E22+E25 -> 24567
D29: PR | E29: =E20+E23+E26 -> 27305
D30: JML | E30: =SUM(E28:E29) -> 51872
A32: II | B32: DATA PENGGUNAAN SURAT SUARA
A33: 1 | B33: Jumlah surat suara yang diterima, termasuk surat suara cadangan 2,5% dari DPT | E33: =KETAPANG!BE33+BULUSAN!AC33+KLATAK!AV33+KALIPURO!AR33+GOMBENGSARI!AC33+KELIR!W33+PESUCEN!R33+TELEMUNG!T33+BULUSARI!R33 -> 64880
A34: 2 | B34: Jumlah surat suara yang digunakan | E34: =KETAPANG!BE34+BULUSAN!AC34+KLATAK!AV34+KALIPURO!AR34+GOMBENGSARI!AC34+KELIR!W34+PESUCEN!R34+TELEMUNG!T34+BULUSARI!R34 -> 51872
A35: 3 | B35: Jumlah surat suara dikembalikan oleh pemilih (karena rusak atau keliru coblos) | E35: =KETAPANG!BE35+BULUSAN!AC35+KLATAK!AV35+KALIPURO!AR35+GOMBENGSARI!AC35+KELIR!W35+PESUCEN!R35+TELEMUNG!T35+BULUSARI!R35 -> 55
A36: 4 | B36: Jumlah surat suara yang tidak digunakan/tidak terpakai, termasuk sisa surat suara cadangan | E36: =E33-(E34+E35) -> 12953
A38: III | B38: DATA PEMILIH DISABILITAS
B39: Jumlah seluruh Pemilih disabilitas yang menggunakan hak pilih | D39: LK | E39: =KETAPANG!BE39+BULUSAN!AC39+KLATAK!AV39+KALIPURO!AR39+GOMBENGSARI!AC39+KELIR!W39+PESUCEN!R39+TELEMUNG!T39+BULUSARI!R39 -> 64
D40: PR | E40: =KETAPANG!BE40+BULUSAN!AC40+KLATAK!AV40+KALIPURO!AR40+GOMBENGSARI!AC40+KELIR!W40+PESUCEN!R40+TELEMUNG!T40+BULUSARI!R40 -> 85
D41: JML | E41: =SUM(E39:E40) -> 149
A43: IV | B43: DATA RINCIAN PEROLEHAN SUARA PASANGAN CALON BUPATI DAN WAKIL BUPATI
B44: NOMOR DAN NAMA CALON | E44: =KETAPANG!BE44+BULUSAN!AC44+KLATAK!AV44+KALIPURO!AR44+GOMBENGSARI!AC44+KELIR!W44+PESUCEN!R44+TELEMUNG!T44+BULUSARI!R44 -> 0
B45: 1. | C45: AA. AHMAD NAWARDI | E45: =KETAPANG!BE45+BULUSAN!AC45+KLATAK!AV45+KALIPURO!AR45+GOMBENGSARI!AC45+KELIR!W45+PESUCEN!R45+TELEMUNG!T45+BULUSARI!R45 -> 5150
B46: 2. | C46: Ir. H. AA LA NYALLA MAHMUD MATTALITI, M.HP. | E46: =KETAPANG!BE46+BULUSAN!AC46+KLATAK!AV46+KALIPURO!AR46+GOMBENGSARI!AC46+KELIR!W46+PESUCEN!R46+TELEMUNG!T46+BULUSARI!R46 -> 7942
B47: 3. | C47: ABDUL QADIR AMIR HARTONO, S.E., S.H., M.H. | E47: =KETAPANG!BE47+BULUSAN!AC47+KLATAK!AV47+KALIPURO!AR47+GOMBENGSARI!AC47+KELIR!W47+PESUCEN!R47+TELEMUNG!T47+BULUSARI!R47 -> 3316
B48: 4. | C48: ADILLA AZIS, S.E. | E48: =KETAPANG!BE48+BULUSAN!AC48+KLATAK!AV48+KALIPURO!AR48+GOMBENGSARI!AC48+KELIR!W48+PESUCEN!R48+TELEMUNG!T48+BULUSARI!R48 -> 4517
B49: 5. | C49: Ir. H. AGUS RAHARDJO, MSc.M. | E49: =KETAPANG!BE49+BULUSAN!AC49+KLATAK!AV49+KALIPURO!AR49+GOMBENGSARI!AC49+KELIR!W49+PESUCEN!R49+TELEMUNG!T49+BULUSARI!R49 -> 4440
B50: 6. | C50: Drs. AYUB KHAN | E50: =KETAPANG!BE50+BULUSAN!AC50+KLATAK!AV50+KALIPURO!AR50+GOMBENGSARI!AC50+KELIR!W50+PESUCEN!R50+TELEMUNG!T50+BULUSARI!R50 -> 3948
B51: 7. | C51: BAMBANG HARIANTO | E51: =KETAPANG!BE51+BULUSAN!AC51+KLATAK!AV51+KALIPURO!AR51+GOMBENGSARI!AC51+KELIR!W51+PESUCEN!R51+TELEMUNG!T51+BULUSARI!R51 -> 550
B52: 8. | C52: CATUR RUDI UTANTO, S.Sos. | E52: =KETAPANG!BE52+BULUSAN!AC52+KLATAK!AV52+KALIPURO!AR52+GOMBENGSARI!AC52+KELIR!W52+PESUCEN!R52+TELEMUNG!T52+BULUSARI!R52 -> 933
B53: 9. | C53: DODDY DWI NUGROHO | E53: =KETAPANG!BE53+BULUSAN!AC53+KLATAK!AV53+KALIPURO!AR53+GOMBENGSARI!AC53+KELIR!W53+PESUCEN!R53+TELEMUNG!T53+BULUSARI!R53 -> 214
B54: 10. | C54: KONDANG KUSUMANING AYU | E54: =KETAPANG!BE54+BULUSAN!AC54+KLATAK!AV54+KALIPURO!AR54+GOMBENGSARI!AC54+KELIR!W54+PESUCEN!R54+TELEMUNG!T54+BULUSARI!R54 -> 5370
B55: 11. | C55: KUNJUNG WAHYUDI | E55: =KETAPANG!BE55+BULUSAN!AC55+KLATAK!AV55+KALIPURO!AR55+GOMBENGSARI!AC55+KELIR!W55+PESUCEN!R55+TELEMUNG!T55+BULUSARI!R55 -> 328
B56: 12. | C56: Dr. LIA ISTIFHAMA | E56: =KETAPANG!BE56+BULUSAN!AC56+KLATAK!AV56+KALIPURO!AR56+GOMBENGSARI!AC56+KELIR!W56+PESUCEN!R56+TELEMUNG!T56+BULUSARI!R56 -> 5674
B57: 13. | C57: MOHAMMAD TRIJANTO, S.H., M.M., M.H. | E57: =KETAPANG!BE57+BULUSAN!AC57+KLATAK!AV57+KALIPURO!AR57+GOMBENGSARI!AC57+KELIR!W57+PESUCEN!R57+TELEMUNG!T57+BULUSARI!R57 -> 455
A59: V | B59: DATA SUARA SAH DAN TIDAK SAH
B60: A. | C60: JUMLAH SELURUH SUARA SAH | E60: =KETAPANG!BE60+BULUSAN!AC60+KLATAK!AV60+KALIPURO!AR60+GOMBENGSARI!AC60+KELIR!W60+PESUCEN!R60+TELEMUNG!T60+BULUSARI!R60 -> 42837
B61: B. | C61: JUMLAH SUARA TIDAK SAH | E61: =KETAPANG!BE61+BULUSAN!AC61+KLATAK!AV61+KALIPURO!AR61+GOMBENGSARI!AC61+KELIR!W61+PESUCEN!R61+TELEMUNG!T61+BULUSARI!R61 -> 9035
B62: C. | C62: JUMLAH SELURUH SUARA SAH DAN SUARA TIDAK SAH (V.A + V.B) | E62: =SUM(E60:E61) -> 51872

Sheet KETAPANG
C2: Kecamatan | D2: KALIPURO
C3: Kabupaten | D3: BANYUWANGI
C4: Provinsi | D4: JAWA TIMUR
C9: Kelurahan | D9: KETAPANG
A12: I | B12: DATA PEMILIH DAN PENGGUNAAN HAK PILIH | BE12: JUMLAH AKHIR
A13: A | B13: DATA PEMILIH | E13: TPS 001 | F13: TPS 002 | G13: TPS 003 | H13: TPS 004 | I13: TPS 005 | J13: TPS 006 | K13: TPS 007 | L13: TPS 008 | M13: TPS 009 | N13: TPS 010 | O13: TPS 011 | P13: TPS 012 | Q13: TPS 013 | R13: TPS 014 | S13: TPS 015 | T13: TPS 016 | U13: TPS 017 | V13: TPS 018 | W13: TPS 019 | X13: TPS 020 | Y13: TPS 021 | Z13: TPS 022 | AA13: TPS 023 | AB13: TPS 024 | AC13: TPS 025 | AD13: TPS 026 | AE13: TPS 027 | AF13: TPS 028 | AG13: TPS 029 | AH13: TPS 030 | AI13: TPS 031 | AJ13: TPS 032 | AK13: TPS 033 | AL13: TPS 034 | AM13: TPS 035 | AN13: TPS 036 | AO13: TPS 037 | AP13: TPS 038 | AQ13: TPS 039 | AR13: TPS 040 | AS13: TPS 041 | AT13: TPS 042 | AU13: TPS 043 | AV13: TPS 044 | AW13: TPS 045 | AX13: TPS 046 | AY13: TPS 047 | AZ13: TPS 048 | BA13: TPS 049 | BB13: TPS 050 | BC13: TPS 051 | BD13: TPS 052
B14: Jumlah Pemilih dalam Daftar Pemilih Tetap (DPT) | D14: LK | E14: 138 | F14: 139 | G14: 141 | H14: 142 | I14: 141 | J14: 101 | K14: 124 | L14: 133 | M14: 108 | N14: 93 | O14: 138 | P14: 122 | Q14: 138 | R14: 144 | S14: 140 | T14: 125 | U14: 124 | V14: 128 | W14: 112 | X14: 95 | Y14: 140 | Z14: 128 | AA14: 139 | AB14: 146 | AC14: 149 | AD14: 140 | AE14: 107 | AF14: 142 | AG14: 142 | AH14: 141 | AI14: 133 | AJ14: 135 | AK14: 132 | AL14: 146 | AM14: 127 | AN14: 148 | AO14: 143 | AP14: 131 | AQ14: 98 | AR14: 143 | AS14: 135 | AT14: 136 | AU14: 137 | AV14: 139 | AW14: 123 | AX14: 125 | AY14: 91 | AZ14: 137 | BA14: 121 | BB14: 125 | BC14: 121 | BD14: 116 | BE14: =SUM(E14:BD14) -> 6742
D15: PR | E15: 128 | F15: 132 | G15: 148 | H15: 139 | I15: 142 | J15: 125 | K15: 155 | L15: 131 | M15: 107 | N15: 94 | O15: 156 | P15: 129 | Q15: 148 | R15: 139 | S15: 136 | T15: 132 | U15: 139 | V15: 141 | W15: 123 | X15: 100 | Y15: 142 | Z15: 146 | AA15: 146 | AB15: 154 | AC15: 150 | AD15: 157 | AE15: 105 | AF15: 153 | AG15: 145 | AH15: 147 | AI15: 140 | AJ15: 155 | AK15: 124 | AL15: 150 | AM15: 142 | AN15: 148 | AO15: 154 | AP15: 135 | AQ15: 120 | AR15: 147 | AS15: 149 | AT15: 134 | AU15: 133 | AV15: 133 | AW15: 129 | AX15: 137 | AY15: 102 | AZ15: 147 | BA15: 126 | BB15: 126 | BC15: 134 | BD15: 104 | BE15: =SUM(E15:BD15) -> 7058
D16: JML | E16: =SUM(E14:E15) -> 266 | F16: =SUM(F14:F15) -> 271 | G16: =SUM(G14:G15) -> 289 | H16: =SUM(H14:H15) -> 281 | I16: =SUM(I14:I15) -> 283 | J16: =SUM(J14:J15) -> 226 | K16: =SUM(K14:K15) -> 279 | L16: =SUM(L14:L15) -> 264 | ... BD16: =SUM(BD14:BD15) -> 220 | BE16: =SUM(E16:BD16) -> 13800
A18: B | B18: PENGGUNA HAK PILIH
B19: 1. | C19: Jumlah pengguna hak pilih dalam Daftar Pemilih Tetap (DPT) | D19: LK | E19: 98 | F19: 98 | G19: 96 | H19: 100 | I19: 100 | J19: 70 | K19: 81 | L19: 85 | M19: 75 | N19: 71 | O19: 77 | P19: 74 | Q19: 94 | R19: 97 | S19: 83 | T19: 91 | U19: 72 | V19: 92 | W19: 68 | X19: 78 | Y19: 104 | Z19: 99 | AA19: 129 | AB19: 116 | AC19: 114 | AD19: 110 | AE19: 90 | AF19: 118 | AG19: 102 | AH19: 120 | AI19: 105 | AJ19: 100 | AK19: 97 | AL19: 96 | AM19: 90 | AN19: 101 | AO19: 97 | AP19: 96 | AQ19: 67 | AR19: 97 | AS19: 95 | AT19: 100 | AU19: 103 | AV19: 110 | AW19: 104 | AX19: 83 | AY19: 65 | AZ19: 103 | BA19: 94 | BB19: 92 | BC19: 94 | BD19: 77 | BE19: =SUM(E19:BD19) -> 4868
D20: PR | E20: 100 | F20: 97 | G20: 117 | H20: 112 | I20: 118 | J20: 97 | K20: 115 | L20: 106 | M20: 84 | N20: 76 | O20: 98 | P20: 92 | Q20: 117 | R20: 108 | S20: 107 | T20: 106 | U20: 100 | V20: 110 | W20: 90 | X20: 88 | Y20: 113 | Z20: 119 | AA20: 137 | AB20: 127 | AC20: 151 | AD20: 152 | AE20: 97 | AF20: 118 | AG20: 121 | AH20: 127 | AI20: 114 | AJ20: 120 | AK20: 104 | AL20: 117 | AM20: 105 | AN20: 118 | AO20: 118 | AP20: 104 | AQ20: 94 | AR20: 114 | AS20: 122 | AT20: 104 | AU20: 101 | AV20: 110 | AW20: 106 | AX20: 116 | AY20: 84 | AZ20: 114 | BA20: 97 | BB20: 83 | BC20: 102 | BD20: 83 | BE20: =SUM(E20:BD20) -> 5630
D21: JML | E21: =SUM(E19:E20) -> 198 | F21: =SUM(F19:F20) -> 195 | G21: =SUM(G19:G20) -> 213 | H21: =SUM(H19:H20) -> 212 | I21: =SUM(I19:I20) -> 218 | J21: =SUM(J19:J20) -> 167 | K21: =SUM(K19:K20) -> 196 | L21: =SUM(L19:L20) -> 191 | ... BD21: =SUM(BD19:BD20) -> 160 | BE21: =SUM(E21:BD21) -> 10498
B22: 2. | C22: Jumlah pengguna hak pilih dalam Daftar Pemilih Tambahan (DPTb) | D22: LK | E22: 2 | F22: 2 | G22: 1 | H22: 0 | I22: 0 | J22: 0 | K22: 1 | L22: 2 | M22: 0 | N22: 2 | O22: 2 | P22: 0 | Q22: 2 | R22: 0 | S22: 0 | T22: 1 | U22: 1 | W22: 2 | X22: 1 | AA22: 1 | AB22: 2 | AC22: 1 | AD22: 1 | AI22: 1 | AJ22: 0 | AK22: 0 | AL22: 1 | AM22: 1 | AN22: 0 | AO22: 0 | AP22: 1 | AQ22: 0 | AR22: 1 | AS22: 1 | AT22: 1 | AU22: 1 | AV22: 2 | AW22: 1 | AX22: 0 | AY22: 1 | AZ22: 3 | BA22: 3 | BB22: 0 | BC22: 1 | BD22: 3 | BE22: =SUM(E22:BD22) -> 46
D23: PR | E23: 0 | F23: 1 | G23: 0 | H23: 1 | I23: 1 | J23: 1 | K23: 0 | L23: 0 | M23: 1 | N23: 1 | O23: 1 | P23: 0 | Q23: 1 | R23: 1 | S23: 0 | V23: 1 | W23: 2 | Y23: 1 | AE23: 1 | AH23: 1 | AI23: 0 | AJ23: 1 | AK23: 2 | AL23: 1 | AM23: 0 | AN23: 0 | AO23: 1 | AP23: 0 | AQ23: 0 | AR23: 2 | AS23: 0 | AT23: 0 | AU23: 0 | AV23: 2 | AW23: 0 | AX23: 0 | AY23: 0 | AZ23: 2 | BA23: 0 | BB23: 0 | BC23: 0 | BD23: 0 | BE23: =SUM(E23:BD23) -> 26
D24: JML | E24: =SUM(E22:E23) -> 2 | F24: =SUM(F22:F23) -> 3 | G24: =SUM(G22:G23) -> 1 | H24: =SUM(H22:H23) -> 1 | I24: =SUM(I22:I23) -> 1 | J24: =SUM(J22:J23) -> 1 | K24: =SUM(K22:K23) -> 1 | L24: =SUM(L22:L23) -> 2 | ... BD24: =SUM(BD22:BD23) -> 3 | BE24: =SUM(E24:BD24) -> 72
B25: 3. | C25: Jumlah pengguna hak pilih dalam Daftar Pemilih Khusus (DPK) | D25: LK | E25: 1 | F25: 0 | G25: 0 | H25: 0 | I25: 0 | J25: 1 | K25: 1 | L25: 0 | M25: 0 | N25: 0 | O25: 0 | P25: 4 | Q25: 7 | R25: 2 | S25: 1 | U25: 2 | V25: 1 | W25: 3 | X25: 2 | Y25: 1 | Z25: 2 | AB25: 3 | AC25: 1 | AD25: 7 | AE25: 2 | AH25: 1 | AI25: 1 | AJ25: 3 | AK25: 0 | AL25: 2 | AM25: 0 | AN25: 0 | AO25: 2 | AP25: 1 | AQ25: 1 | AR25: 2 | AS25: 0 | AT25: 0 | AU25: 0 | AV25: 1 | AW25: 0 | AX25: 1 | AY25: 1 | AZ25: 0 | BA25: 1 | BB25: 0 | BC25: 1 | BD25: 1 | BE25: =SUM(E25:BD25) -> 60
D26: PR | E26: 2 | F26: 0 | G26: 2 | H26: 0 | I26: 0 | J26: 2 | K26: 2 | L26: 0 | M26: 0 | N26: 2 | O26: 2 | P26: 3 | Q26: 3 | R26: 2 | S26: 1 | V26: 2 | W26: 1 | X26: 4 | Y26: 2 | AA26: 1 | AB26: 2 | AC26: 2 | AD26: 6 | AH26: 4 | AI26: 7 | AJ26: 1 | AK26: 1 | AL26: 3 | AM26: 0 | AN26: 0 | AO26: 4 | AP26: 0 | AQ26: 1 | AR26: 5 | AS26: 1 | AT26: 0 | AU26: 0 | AV26: 4 | AW26: 0 | AX26: 1 | AY26: 0 | AZ26: 0 | BA26: 1 | BB26: 0 | BC26: 2 | BD26: 1 | BE26: =SUM(E26:BD26) -> 77
D27: JML | E27: =SUM(E25:E26) -> 3 | F27: =SUM(F25:F26) -> 0 | G27: =SUM(G25:G26) -> 2 | H27: =SUM(H25:H26) -> 0 | I27: =SUM(I25:I26) -> 0 | J27: =SUM(J25:J26) -> 3 | K27: =SUM(K25:K26) -> 3 | L27: =SUM(L25:L26) -> 0 | ... BD27: =SUM(BD25:BD26) -> 2 | BE27: =SUM(E27:BD27) -> 137
B28: 4. | C28: Jumlah Pengguna Hak Pilih (B.1+B.2+B.3) | D28: LK | E28: =SUM(E19,E22,E25) -> 101 | F28: =SUM(F19,F22,F25) -> 100 | G28: =SUM(G19,G22,G25) -> 97 | H28: =SUM(H19,H22,H25) -> 100 | I28: =SUM(I19,I22,I25) -> 100 | J28: =SUM(J19,J22,J25) -> 71 | K28: =SUM(K19,K22,K25) -> 83 | L28: =SUM(L19,L22,L25) -> 87 | ... BD28: =SUM(BD19,BD22,BD25) -> 81 | BE28: =SUM(E28:BD28) -> 4974
D29: PR | E29: =SUM(E20,E23,E26) -> 102 | F29: =SUM(F20,F23,F26) -> 98 | G29: =SUM(G20,G23,G26) -> 119 | H29: =SUM(H20,H23,H26) -> 113 | I29: =SUM(I20,I23,I26) -> 119 | J29: =SUM(J20,J23,J26) -> 100 | K29: =SUM(K20,K23,K26) -> 117 | L29: =SUM(L20,L23,L26) -> 106 | ... BD29: =SUM(BD20,BD23,BD26) -> 84 | BE29: =SUM(E29:BD29) -> 5733
D30: JML | E30: =SUM(E28:E29) -> 203 | F30: =SUM(F28:F29) -> 198 | G30: =SUM(G28:G29) -> 216 | H30: =SUM(H28:H29) -> 213 | I30: =SUM(I28:I29) -> 219 | J30: =SUM(J28:J29) -> 171 | K30: =SUM(K28:K29) -> 200 | L30: =SUM(L28:L29) -> 193 | ... BD30: =SUM(BD28:BD29) -> 165 | BE30: =SUM(E30:BD30) -> 10707
A32: II | B32: DATA PENGGUNAAN SURAT SUARA
A33: 1 | B33: Jumlah surat suara yang diterima, termasuk surat suara cadangan 2% dari DPT | E33: 261 | F33: 267 | G33: 284 | H33: 275 | I33: 276 | J33: 220 | K33: 269 | L33: 261 | M33: 209 | N33: 180 | O33: 291 | P33: 247 | Q33: 281 | R33: 278 | S33: 266 | T33: 262 | U33: 258 | V33: 265 | W33: 230 | X33: 188 | Y33: 281 | Z33: 269 | AA33: 279 | AB33: 295 | AC33: 305 | AD33: 305 | AE33: 207 | AF33: 290 | AG33: 282 | AH33: 283 | AI33: 268 | AJ33: 287 | AK33: 262 | AL33: 293 | AM33: 265 | AN33: 291 | AO33: 296 | AP33: 261 | AQ33: 212 | AR33: 286 | AS33: 279 | AT33: 276 | AU33: 264 | AV33: 267 | AW33: 247 | AX33: 211 | AY33: 183 | AZ33: 279 | BA33: 241 | BB33: 257 | BC33: 249 | BD33: 214 | BE33: =SUM(E33:BD33) -> 13552
A34: 2 | B34: Jumlah surat suara yang digunakan | E34: 203 | F34: 198 | G34: 216 | H34: 213 | I34: 219 | J34: 171 | K34: 200 | L34: 193 | M34: 160 | N34: 152 | O34: 180 | P34: 173 | Q34: 224 | R34: 210 | S34: 192 | T34: 198 | U34: 175 | V34: 206 | W34: 166 | X34: 173 | Y34: 221 | Z34: 220 | AA34: 268 | AB34: 250 | AC34: 269 | AD34: 276 | AE34: 190 | AF34: 236 | AG34: 223 | AH34: 253 | AI34: 228 | AJ34: 225 | AK34: 204 | AL34: 220 | AM34: 196 | AN34: 219 | AO34: 222 | AP34: 202 | AQ34: 163 | AR34: 221 | AS34: 219 | AT34: 205 | AU34: 205 | AV34: 229 | AW34: 211 | AX34: 201 | AY34: 151 | AZ34: 222 | BA34: 196 | BB34: 175 | BC34: 200 | BD34: 165 | BE34: =SUM(E34:BD34) -> 10707
A35: 3 | B35: Jumlah surat suara dikembalikan oleh pemilih (karena rusak atau keliru coblos) | E35: 0 | F35: 0 | G35: 0 | H35: 0 | I35: 0 | J35: 0 | K35: 1 | L35: 3 | M35: 0 | N35: 0 | O35: 0 | P35: 0 | Q35: 0 | R35: 0 | S35: 0 | T35: 0 | U35: 0 | V35: 0 | W35: 0 | X35: 0 | Y35: 0 | Z35: 0 | AA35: 0 | AB35: 0 | AC35: 0 | AD35: 0 | AE35: 0 | AF35: 0 | AG35: 0 | AH35: 0 | AI35: 1 | AJ35: 2 | AK35: 0 | AL35: 0 | AM35: 0 | AN35: 2 | AO35: 0 | AP35: 0 | AQ35: 0 | AR35: 0 | AS35: 0 | AT35: 1 | AU35: 0 | AV35: 0 | AW35: 1 | AX35: 0 | AY35: 0 | AZ35: 0 | BA35: 0 | BB35: 1 | BC35: 0 | BD35: 0 | BE35: =SUM(E35:BD35) -> 12
A36: 4 | B36: Jumlah surat suara yang tidak digunakan/tidak terpakai, termasuk sisa surat suara cadangan | E36: =E33-(E34+E35) -> 58 | F36: =F33-(F34+F35) -> 69 | G36: =G33-(G34+G35) -> 68 | H36: =H33-(H34+H35) -> 62 | I36: =I33-(I34+I35) -> 57 | J36: =J33-(J34+J35) -> 49 | K36: =K33-(K34+K35) -> 68 | L36: =L33-(L34+L35) -> 65 | ... BD36: =BD33-(BD34+BD35) -> 49 | BE36: =SUM(E36:BD36) -> 2833
A38: III | B38: DATA PEMILIH DISABILITAS
B39: Jumlah seluruh Pemilih disabilitas yang menggunakan hak pilih | D39: LK | G39: 1 | H39: 1 | K39: 1 | N39: 1 | S39: 1 | AB39: 1 | AC39: 1 | AD39: 2 | AE39: 1 | AL39: 1 | AO39: 3 | AR39: 2 | AS39: 1 | AX39: 1 | BE39: =SUM(E39:BD39) -> 18
D40: PR | F40: 1 | G40: 4 | H40: 1 | I40: 1 | K40: 1 | N40: 1 | S40: 5 | AB40: 4 | AC40: 5 | AD40: 5 | AE40: 2 | AL40: 4 | AO40: 5 | AQ40: 1 | AR40: 1 | AX40: 1 | BE40: =SUM(E40:BD40) -> 42
D41: JML | E41: =SUM(E39:E40) -> 0 | F41: =SUM(F39:F40) -> 1 | G41: =SUM(G39:G40) -> 5 | H41: =SUM(H39:H40) -> 2 | I41: =SUM(I39:I40) -> 1 | J41: =SUM(J39:J40) -> 0 | K41: =SUM(K39:K40) -> 2 | L41: =SUM(L39:L40) -> 0 | ... BD41: =SUM(BD39:BD40) -> 0 | BE41: =SUM(E41:BD41) -> 60
A43: IV | B43: DATA RINCIAN PEROLEHAN SUARA PASANGAN CALON BUPATI DAN WAKIL BUPATI
B44: NOMOR DAN NAMA CALON
B45: 1. | C45: AA. AHMAD NAWARDI | E45: 8 | F45: 11 | G45: 7 | H45: 8 | I45: 9 | J45: 6 | K45: 21 | L45: 11 | M45: 14 | N45: 12 | O45: 11 | P45: 11 | Q45: 13 | R45: 6 | S45: 8 | T45: 7 | U45: 10 | V45: 19 | W45: 6 | X45: 29 | Y45: 29 | Z45: 29 | AA45: 22 | AB45: 30 | AC45: 36 | AD45: 14 | AE45: 11 | AF45: 16 | AG45: 22 | AH45: 17 | AI45: 30 | AJ45: 15 | AK45: 16 | AL45: 19 | AM45: 11 | AN45: 13 | AO45: 28 | AP45: 17 | AQ45: 5 | AR45: 24 | AS45: 10 | AT45: 10 | AU45: 16 | AV45: 20 | AW45: 16 | AX45: 10 | AY45: 15 | AZ45: 29 | BA45: 20 | BB45: 22 | BC45: 28 | BD45: 14 | BE45: =SUM(E45:BD45) -> 841
B46: 2. | C46: Ir. H. AA LA NYALLA MAHMUD MATTALITI, M.HP. | E46: 40 | F46: 35 | G46: 22 | H46: 41 | I46: 36 | J46: 23 | K46: 35 | L46: 30 | M46: 20 | N46: 23 | O46: 40 | P46: 26 | Q46: 39 | R46: 27 | S46: 30 | T46: 29 | U46: 25 | V46: 20 | W46: 25 | X46: 25 | Y46: 25 | Z46: 34 | AA46: 31 | AB46: 19 | AC46: 35 | AD46: 12 | AE46: 27 | AF46: 44 | AG46: 27 | AH46: 33 | AI46: 39 | AJ46: 39 | AK46: 32 | AL46: 30 | AM46: 20 | AN46: 45 | AO46: 30 | AP46: 32 | AQ46: 31 | AR46: 41 | AS46: 42 | AT46: 36 | AU46: 44 | AV46: 50 | AW46: 54 | AX46: 37 | AY46: 37 | AZ46: 39 | BA46: 34 | BB46: 36 | BC46: 30 | BD46: 19 | BE46: =SUM(E46:BD46) -> 1675
B47: 3. | C47: ABDUL QADIR AMIR HARTONO, S.E., S.H., M.H. | E47: 11 | F47: 19 | G47: 12 | H47: 16 | I47: 14 | J47: 16 | K47: 12 | L47: 14 | M47: 12 | N47: 14 | O47: 13 | P47: 13 | Q47: 9 | R47: 23 | S47: 13 | T47: 17 | U47: 19 | V47: 23 | W47: 18 | X47: 23 | Y47: 16 | Z47: 20 | AA47: 20 | AB47: 26 | AC47: 14 | AD47: 3 | AE47: 16 | AF47: 13 | AG47: 14 | AH47: 17 | AI47: 16 | AJ47: 9 | AK47: 15 | AL47: 17 | AM47: 16 | AN47: 10 | AO47: 8 | AP47: 13 | AQ47: 7 | AR47: 12 | AS47: 9 | AT47: 10 | AU47: 14 | AV47: 6 | AW47: 10 | AX47: 15 | AY47: 5 | AZ47: 16 | BA47: 8 | BB47: 17 | BC47: 20 | BD47: 15 | BE47: =SUM(E47:BD47) -> 738
B48: 4. | C48: ADILLA AZIS, S.E. | E48: 14 | F48: 16 | G48: 14 | H48: 17 | I48: 16 | J48: 16 | K48: 11 | L48: 15 | M48: 18 | N48: 14 | O48: 11 | P48: 28 | Q48: 23 | R48: 21 | S48: 17 | T48: 19 | U48: 13 | V48: 14 | W48: 9 | X48: 9 | Y48: 19 | Z48: 19 | AA48: 37 | AB48: 13 | AC48: 27 | AD48: 9 | AE48: 18 | AF48: 24 | AG48: 11 | AH48: 28 | AI48: 13 | AJ48: 16 | AK48: 15 | AL48: 21 | AM48: 10 | AN48: 20 | AO48: 19 | AP48: 21 | AQ48: 7 | AR48: 11 | AS48: 13 | AT48: 25 | AU48: 15 | AV48: 14 | AW48: 13 | AX48: 18 | AY48: 10 | AZ48: 21 | BA48: 10 | BB48: 17 | BC48: 23 | BD48: 20 | BE48: =SUM(E48:BD48) -> 872
B49: 5. | C49: Ir. H. AGUS RAHARDJO, MSc.M. | E49: 27 | F49: 15 | G49: 27 | H49: 27 | I49: 29 | J49: 19 | K49: 12 | L49: 19 | M49: 17 | N49: 22 | O49: 18 | P49: 15 | Q49: 26 | R49: 26 | S49: 22 | T49: 24 | U49: 19 | V49: 16 | W49: 14 | X49: 13 | Y49: 17 | Z49: 29 | AA49: 29 | AB49: 24 | AC49: 17 | AD49: 10 | AE49: 19 | AF49: 31 | AG49: 24 | AH49: 27 | AI49: 14 | AJ49: 23 | AK49: 26 | AL49: 12 | AM49: 16 | AN49: 15 | AO49: 19 | AP49: 22 | AQ49: 15 | AR49: 26 | AS49: 19 | AT49: 19 | AU49: 14 | AV49: 10 | AW49: 13 | AX49: 20 | AY49: 11 | AZ49: 20 | BA49: 14 | BB49: 16 | BC49: 28 | BD49: 22 | BE49: =SUM(E49:BD49) -> 1028
B50: 6. | C50: Drs. AYUB KHAN | E50: 14 | F50: 12 | G50: 20 | H50: 18 | I50: 16 | J50: 8 | K50: 28 | L50: 17 | M50: 12 | N50: 11 | O50: 8 | P50: 11 | Q50: 29 | R50: 16 | S50: 15 | T50: 10 | U50: 7 | V50: 26 | W50: 14 | X50: 18 | Y50: 23 | Z50: 20 | AA50: 41 | AB50: 26 | AC50: 20 | AD50: 25 | AE50: 11 | AF50: 15 | AG50: 33 | AH50: 18 | AI50: 39 | AJ50: 12 | AK50: 13 | AL50: 19 | AM50: 11 | AN50: 14 | AO50: 14 | AP50: 9 | AQ50: 12 | AR50: 19 | AS50: 24 | AT50: 19 | AU50: 24 | AV50: 31 | AW50: 37 | AX50: 23 | AY50: 15 | AZ50: 29 | BA50: 25 | BB50: 8 | BC50: 22 | BD50: 21 | BE50: =SUM(E50:BD50) -> 982
B51: 7. | C51: BAMBANG HARIANTO | E51: 1 | F51: 4 | G51: 3 | H51: 4 | I51: 0 | J51: 2 | K51: 1 | L51: 3 | M51: 2 | N51: 2 | O51: 3 | P51: 2 | Q51: 3 | R51: 2 | S51: 2 | T51: 6 | U51: 3 | V51: 5 | W51: 3 | X51: 1 | Y51: 3 | Z51: 1 | AA51: 4 | AB51: 1 | AC51: 3 | AD51: 2 | AE51: 1 | AF51: 4 | AG51: 0 | AH51: 0 | AI51: 3 | AJ51: 4 | AK51: 8 | AL51: 4 | AM51: 7 | AN51: 1 | AO51: 3 | AP51: 2 | AQ51: 1 | AR51: 1 | AS51: 1 | AT51: 2 | AU51: 4 | AV51: 2 | AW51: 1 | AX51: 1 | AY51: 0 | AZ51: 1 | BA51: 0 | BB51: 7 | BC51: 4 | BD51: 3 | BE51: =SUM(E51:BD51) -> 131
B52: 8. | C52: CATUR RUDI UTANTO, S.Sos. | E52: 5 | F52: 3 | G52: 3 | H52: 2 | I52: 12 | J52: 8 | K52: 5 | L52: 10 | M52: 5 | N52: 4 | O52: 9 | P52: 4 | Q52: 6 | R52: 7 | S52: 6 | T52: 1 | U52: 6 | V52: 2 | W52: 3 | X52: 3 | Y52: 2 | Z52: 1 | AA52: 3 | AB52: 0 | AC52: 6 | AD52: 3 | AE52: 4 | AF52: 6 | AG52: 2 | AH52: 2 | AI52: 2 | AJ52: 4 | AK52: 4 | AL52: 12 | AM52: 5 | AN52: 2 | AO52: 18 | AP52: 4 | AQ52: 3 | AR52: 2 | AS52: 1 | AT52: 6 | AU52: 2 | AV52: 2 | AW52: 1 | AX52: 4 | AY52: 1 | AZ52: 1 | BA52: 1 | BB52: 3 | BC52: 2 | BD52: 2 | BE52: =SUM(E52:BD52) -> 215
B53: 9. | C53: DODDY DWI NUGROHO | E53: 1 | F53: 1 | G53: 1 | H53: 2 | I53: 0 | J53: 1 | K53: 1 | L53: 0 | M53: 3 | N53: 2 | O53: 2 | P53: 1 | Q53: 1 | R53: 1 | S53: 0 | T53: 1 | U53: 0 | V53: 1 | W53: 0 | X53: 0 | Y53: 2 | Z53: 0 | AA53: 0 | AB53: 0 | AC53: 0 | AD53: 2 | AE53: 0 | AF53: 0 | AG53: 1 | AH53: 0 | AI53: 3 | AJ53: 0 | AK53: 1 | AL53: 0 | AM53: 4 | AN53: 1 | AO53: 0 | AP53: 1 | AQ53: 0 | AR53: 1 | AS53: 0 | AT53: 0 | AU53: 1 | AV53: 1 | AW53: 1 | AX53: 2 | AY53: 0 | AZ53: 2 | BA53: 0 | BB53: 0 | BC53: 0 | BD53: 0 | BE53: =SUM(E53:BD53) -> 42
B54: 10. | C54: KONDANG KUSUMANING AYU | E54: 21 | F54: 17 | G54: 32 | H54: 19 | I54: 25 | J54: 21 | K54: 13 | L54: 27 | M54: 17 | N54: 6 | O54: 20 | P54: 18 | Q54: 28 | R54: 19 | S54: 22 | T54: 12 | U54: 25 | V54: 23 | W54: 25 | X54: 16 | Y54: 20 | Z54: 0 | AA54: 26 | AB54: 26 | AC54: 19 | AD54: 13 | AE54: 14 | AF54: 18 | AG54: 24 | AH54: 22 | AI54: 17 | AJ54: 24 | AK54: 31 | AL54: 22 | AM54: 34 | AN54: 27 | AO54: 21 | AP54: 22 | AQ54: 15 | AR54: 28 | AS54: 28 | AT54: 15 | AU54: 19 | AV54: 28 | AW54: 17 | AX54: 24 | AY54: 17 | AZ54: 20 | BA54: 26 | BB54: 18 | BC54: 6 | BD54: 12 | BE54: =SUM(E54:BD54) -> 1059
B55: 11. | C55: KUNJUNG WAHYUDI | E55: 3 | F55: 2 | G55: 2 | H55: 0 | I55: 2 | J55: 3 | K55: 2 | L55: 0 | M55: 3 | N55: 2 | O55: 0 | P55: 2 | Q55: 2 | R55: 3 | S55: 2 | T55: 0 | U55: 1 | V55: 0 | W55: 0 | X55: 0 | Y55: 1 | Z55: 14 | AA55: 0 | AB55: 1 | AC55: 1 | AD55: 0 | AE55: 1 | AF55: 3 | AG55: 0 | AH55: 1 | AI55: 0 | AJ55: 2 | AK55: 3 | AL55: 3 | AM55: 2 | AN55: 1 | AO55: 1 | AP55: 0 | AQ55: 5 | AR55: 2 | AS55: 1 | AT55: 0 | AU55: 0 | AV55: 3 | AW55: 1 | AX55: 0 | AY55: 0 | AZ55: 2 | BA55: 1 | BB55: 0 | BC55: 2 | BD55: 0 | BE55: =SUM(E55:BD55) -> 80
B56: 12. | C56: Dr. LIA ISTIFHAMA | E56: 21 | F56: 22 | G56: 28 | H56: 28 | I56: 14 | J56: 19 | K56: 21 | L56: 21 | M56: 13 | N56: 21 | O56: 12 | P56: 14 | Q56: 21 | R56: 24 | S56: 17 | T56: 23 | U56: 24 | V56: 15 | W56: 21 | X56: 10 | Y56: 25 | Z56: 17 | AA56: 21 | AB56: 19 | AC56: 25 | AD56: 24 | AE56: 16 | AF56: 35 | AG56: 15 | AH56: 20 | AI56: 22 | AJ56: 30 | AK56: 21 | AL56: 27 | AM56: 19 | AN56: 20 | AO56: 20 | AP56: 21 | AQ56: 6 | AR56: 26 | AS56: 44 | AT56: 35 | AU56: 20 | AV56: 28 | AW56: 23 | AX56: 29 | AY56: 16 | AZ56: 16 | BA56: 28 | BB56: 12 | BC56: 17 | BD56: 21 | BE56: =SUM(E56:BD56) -> 1107
B57: 13. | C57: MOHAMMAD TRIJANTO, S.H., M.M., M.H. | E57: 0 | F57: 4 | G57: 1 | H57: 3 | I57: 2 | J57: 3 | K57: 3 | L57: 5 | M57: 1 | N57: 2 | O57: 3 | P57: 0 | Q57: 1 | R57: 4 | S57: 8 | T57: 3 | U57: 0 | V57: 3 | W57: 7 | X57: 2 | Y57: 2 | Z57: 1 | AA57: 1 | AB57: 5 | AC57: 1 | AD57: 0 | AE57: 1 | AF57: 0 | AG57: 2 | AH57: 4 | AI57: 2 | AJ57: 4 | AK57: 2 | AL57: 2 | AM57: 1 | AN57: 2 | AO57: 1 | AP57: 1 | AQ57: 2 | AR57: 0 | AS57: 0 | AT57: 0 | AU57: 2 | AV57: 1 | AW57: 2 | AX57: 2 | AY57: 0 | AZ57: 4 | BA57: 3 | BB57: 1 | BC57: 2 | BD57: 0 | BE57: =SUM(E57:BD57) -> 106
A59: V | B59: DATA SUARA SAH DAN TIDAK SAH
B60: A. | C60: JUMLAH SELURUH SUARA SAH | E60: =SUM(E45:E57) -> 166 | F60: =SUM(F45:F57) -> 161 | G60: =SUM(G45:G57) -> 172 | H60: =SUM(H45:H57) -> 185 | I60: =SUM(I45:I57) -> 175 | J60: =SUM(J45:J57) -> 145 | K60: =SUM(K45:K57) -> 165 | L60: =SUM(L45:L57) -> 172 | ... BD60: =SUM(BD45:BD57) -> 149 | BE60: =SUM(E60:BD60) -> 8876
B61: B. | C61: JUMLAH SUARA TIDAK SAH | E61: 37 | F61: 37 | G61: 44 | H61: 28 | I61: 44 | J61: 26 | K61: 35 | L61: 21 | M61: 23 | N61: 17 | O61: 30 | P61: 28 | Q61: 23 | R61: 31 | S61: 30 | T61: 46 | U61: 23 | V61: 39 | W61: 21 | X61: 24 | Y61: 37 | Z61: 35 | AA61: 33 | AB61: 60 | AC61: 65 | AD61: 159 | AE61: 51 | AF61: 27 | AG61: 48 | AH61: 64 | AI61: 28 | AJ61: 43 | AK61: 17 | AL61: 32 | AM61: 40 | AN61: 48 | AO61: 40 | AP61: 37 | AQ61: 54 | AR61: 28 | AS61: 27 | AT61: 28 | AU61: 30 | AV61: 33 | AW61: 22 | AX61: 16 | AY61: 24 | AZ61: 22 | BA61: 26 | BB61: 18 | BC61: 16 | BD61: 16 | BE61: =SUM(E61:BD61) -> 1831
B62: C. | C62: JUMLAH SELURUH SUARA SAH DAN SUARA TIDAK SAH (V.A + V.B) | E62: =SUM(E60:E61) -> 203 | F62: =SUM(F60:F61) -> 198 | G62: =SUM(G60:G61) -> 216 | H62: =SUM(H60:H61) -> 213 | I62: =SUM(I60:I61) -> 219 | J62: =SUM(J60:J61) -> 171 | K62: =SUM(K60:K61) -> 200 | L62: =SUM(L60:L61) -> 193 | ... BD62: =SUM(BD60:BD61) -> 165 | BE62: =SUM(E62:BD62) -> 10707

Sheet BULUSAN
C2: Kecamatan | D2: KALIPURO
C3: Kabupaten | D3: BANYUWANGI
C4: Provinsi | D4: JAWA TIMUR
C9: Kelurahan | D9: BULUSAN
A12: I | B12: DATA PEMILIH DAN PENGGUNAAN HAK PILIH | AC12: JUMLAH AKHIR
A13: A | B13: DATA PEMILIH | E13: TPS 001 | F13: TPS 002 | G13: TPS 003 | H13: TPS 004 | I13: TPS 005 | J13: TPS 006 | K13: TPS 007 | L13: TPS 008 | M13: TPS 009 | N13: TPS 010 | O13: TPS 011 | P13: TPS 012 | Q13: TPS 013 | R13: TPS 014 | S13: TPS 015 | T13: TPS 016 | U13: TPS 017 | V13: TPS 018 | W13: TPS 019 | X13: TPS 020 | Y13: TPS 021 | Z13: TPS 022 | AA13: TPS 023 | AB13: TPS 024
B14: Jumlah Pemilih dalam Daftar Pemilih Tetap (DPT) | D14: LK | E14: 148 | F14: 140 | G14: 133 | H14: 145 | I14: 130 | J14: 136 | K14: 147 | L14: 130 | M14: 139 | N14: 140 | O14: 129 | P14: 109 | Q14: 148 | R14: 138 | S14: 139 | T14: 143 | U14: 140 | V14: 131 | W14: 132 | X14: 144 | Y14: 104 | Z14: 86 | AA14: 146 | AB14: 116 | AC14: =SUM(E14:AB14) -> 3193
D15: PR | E15: 146 | F15: 139 | G15: 139 | H15: 150 | I15: 136 | J15: 144 | K15: 133 | L15: 153 | M15: 145 | N15: 134 | O15: 144 | P15: 118 | Q15: 140 | R15: 146 | S15: 139 | T15: 142 | U15: 137 | V15: 134 | W15: 149 | X15: 148 | Y15: 122 | Z15: 110 | AA15: 142 | AB15: 124 | AC15: =SUM(E15:AB15) -> 3314
D16: JML | E16: =SUM(E14:E15) -> 294 | F16: =SUM(F14:F15) -> 279 | G16: =SUM(G14:G15) -> 272 | H16: =SUM(H14:H15) -> 295 | I16: =SUM(I14:I15) -> 266 | J16: =SUM(J14:J15) -> 280 | K16: =SUM(K14:K15) -> 280 | L16: =SUM(L14:L15) -> 283 | ... AB16: =SUM(AB14:AB15) -> 240 | AC16: =SUM(E16:AB16) -> 6507
A18: B | B18: PENGGUNA HAK PILIH
B19: 1. | C19: Jumlah pengguna hak pilih dalam Daftar Pemilih Tetap (DPT) | D19: LK | E19: 101 | F19: 102 | G19: 101 | H19: 122 | I19: 82 | J19: 102 | K19: 111 | L19: 98 | M19: 95 | N19: 102 | O19: 88 | P19: 68 | Q19: 92 | R19: 92 | S19: 86 | T19: 117 | U19: 122 | V19: 108 | W19: 106 | X19: 104 | Y19: 89 | Z19: 65 | AA19: 92 | AB19: 94 | AC19: =SUM(E19:AB19) -> 2339
D20: PR | E20: 117 | F20: 115 | G20: 119 | H20: 125 | I20: 107 | J20: 119 | K20: 107 | L20: 121 | M20: 119 | N20: 111 | O20: 116 | P20: 100 | Q20: 97 | R20: 109 | S20: 111 | T20: 121 | U20: 121 | V20: 121 | W20: 118 | X20: 116 | Y20: 101 | Z20: 91 | AA20: 110 | AB20: 108 | AC20: =SUM(E20:AB20) -> 2700
D21: JML | E21: =SUM(E19:E20) -> 218 | F21: =SUM(F19:F20) -> 217 | G21: =SUM(G19:G20) -> 220 | H21: =SUM(H19:H20) -> 247 | I21: =SUM(I19:I20) -> 189 | J21: =SUM(J19:J20) -> 221 | K21: =SUM(K19:K20) -> 218 | L21: =SUM(L19:L20) -> 219 | ... AB21: =SUM(AB19:AB20) -> 202 | AC21: =SUM(E21:AB21) -> 5039
B22: 2. | C22: Jumlah pengguna hak pilih dalam Daftar Pemilih Tambahan (DPTb) | D22: LK | E22: 1 | F22: 0 | G22: 1 | H22: 1 | I22: 0 | J22: 0 | K22: 0 | L22: 0 | M22: 1 | N22: 0 | O22: 0 | P22: 0 | Q22: 1 | R22: 1 | S22: 0 | T22: 0 | U22: 1 | V22: 0 | W22: 1 | X22: 0 | Y22: 0 | Z22: 0 | AA22: 0 | AB22: 0 | AC22: =SUM(E22:AB22) -> 8
D23: PR | E23: 1 | F23: 1 | G23: 0 | H23: 0 | I23: 0 | J23: 1 | K23: 1 | L23: 1 | M23: 0 | N23: 0 | O23: 0 | P23: 1 | Q23: 0 | R23: 0 | S23: 1 | T23: 2 | U23: 1 | V23: 1 | W23: 0 | X23: 1 | Y23: 1 | Z23: 1 | AA23: 1 | AB23: 1 | AC23: =SUM(E23:AB23) -> 16
D24: JML | E24: =SUM(E22:E23) -> 2 | F24: =SUM(F22:F23) -> 1 | G24: =SUM(G22:G23) -> 1 | H24: =SUM(H22:H23) -> 1 | I24: =SUM(I22:I23) -> 0 | J24: =SUM(J22:J23) -> 1 | K24: =SUM(K22:K23) -> 1 | L24: =SUM(L22:L23) -> 1 | ... AB24: =SUM(AB22:AB23) -> 1 | AC24: =SUM(E24:AB24) -> 24
B25: 3. | C25: Jumlah pengguna hak pilih dalam Daftar Pemilih Khusus (DPK) | D25: LK | E25: 2 | F25: 1 | G25: 0 | H25: 0 | I25: 0 | J25: 0 | K25: 2 | L25: 4 | M25: 0 | N25: 0 | O25: 0 | P25: 3 | Q25: 1 | R25: 0 | S25: 1 | T25: 0 | U25: 3 | V25: 1 | W25: 0 | X25: 1 | Y25: 0 | Z25: 0 | AA25: 0 | AB25: 3 | AC25: =SUM(E25:AB25) -> 22
D26: PR | E26: 4 | F26: 3 | G26: 0 | H26: 0 | I26: 1 | J26: 1 | K26: 0 | L26: 4 | M26: 0 | N26: 1 | O26: 1 | P26: 4 | Q26: 1 | R26: 0 | S26: 2 | T26: 0 | U26: 1 | V26: 1 | W26: 0 | X26: 3 | Y26: 0 | Z26: 0 | AA26: 0 | AB26: 4 | AC26: =SUM(E26:AB26) -> 31
D27: JML | E27: =SUM(E25:E26) -> 6 | F27: =SUM(F25:F26) -> 4 | G27: =SUM(G25:G26) -> 0 | H27: =SUM(H25:H26) -> 0 | I27: =SUM(I25:I26) -> 1 | J27: =SUM(J25:J26) -> 1 | K27: =SUM(K25:K26) -> 2 | L27: =SUM(L25:L26) -> 8 | ... AB27: =SUM(AB25:AB26) -> 7 | AC27: =SUM(E27:AB27) -> 53
B28: 4. | C28: Jumlah Pengguna Hak Pilih (B.1+B.2+B.3) | D28: LK | E28: =SUM(E19,E22,E25) -> 104 | F28: =SUM(F19,F22,F25) -> 103 | G28: =SUM(G19,G22,G25) -> 102 | H28: =SUM(H19,H22,H25) -> 123 | I28: =SUM(I19,I22,I25) -> 82 | J28: =SUM(J19,J22,J25) -> 102 | K28: =SUM(K19,K22,K25) -> 113 | L28: =SUM(L19,L22,L25) -> 102 | ... AB28: =SUM(AB19,AB22,AB25) -> 97 | AC28: =SUM(E28:AB28) -> 2369
D29: PR | E29: =SUM(E20,E23,E26) -> 122 | F29: =SUM(F20,F23,F26) -> 119 | G29: =SUM(G20,G23,G26) -> 119 | H29: =SUM(H20,H23,H26) -> 125 | I29: =SUM(I20,I23,I26) -> 108 | J29: =SUM(J20,J23,J26) -> 121 | K29: =SUM(K20,K23,K26) -> 108 | L29: =SUM(L20,L23,L26) -> 126 | ... AB29: =SUM(AB20,AB23,AB26) -> 113 | AC29: =SUM(E29:AB29) -> 2747
D30: JML | E30: =SUM(E28:E29) -> 226 | F30: =SUM(F28:F29) -> 222 | G30: =SUM(G28:G29) -> 221 | H30: =SUM(H28:H29) -> 248 | I30: =SUM(I28:I29) -> 190 | J30: =SUM(J28:J29) -> 223 | K30: =SUM(K28:K29) -> 221 | L30: =SUM(L28:L29) -> 228 | ... AB30: =SUM(AB28:AB29) -> 210 | AC30: =SUM(E30:AB30) -> 5116
A32: II | B32: DATA PENGGUNAAN SURAT SUARA
A33: 1 | B33: Jumlah surat suara yang diterima, termasuk surat suara cadangan 2% dari DPT | E33: 300 | F33: 286 | G33: 278 | H33: 301 | I33: 272 | J33: 286 | K33: 286 | L33: 289 | M33: 281 | N33: 280 | O33: 279 | P33: 232 | Q33: 294 | R33: 290 | S33: 284 | T33: 291 | U33: 283 | V33: 270 | W33: 286 | X33: 291 | Y33: 233 | Z33: 200 | AA33: 296 | AB33: 245 | AC33: =SUM(E33:AB33) -> 6633
A34: 2 | B34: Jumlah surat suara yang digunakan | E34: 226 | F34: 222 | G34: 221 | H34: 248 | I34: 190 | J34: 223 | K34: 221 | L34: 228 | M34: 215 | N34: 214 | O34: 205 | P34: 176 | Q34: 192 | R34: 202 | S34: 201 | T34: 240 | U34: 249 | V34: 232 | W34: 225 | X34: 225 | Y34: 191 | Z34: 157 | AA34: 203 | AB34: 210 | AC34: =SUM(E34:AB34) -> 5116
A35: 3 | B35: Jumlah surat suara dikembalikan oleh pemilih (karena rusak atau keliru coblos) | E35: 1 | F35: 1 | G35: 1 | H35: 0 | I35: 0 | J35: 0 | K35: 2 | L35: 0 | M35: 0 | N35: 0 | O35: 0 | P35: 4 | Q35: 0 | R35: 0 | S35: 0 | T35: 0 | U35: 0 | V35: 0 | W35: 0 | X35: 0 | Y35: 0 | Z35: 0 | AA35: 0 | AB35: 0 | AC35: =SUM(E35:AB35) -> 9
A36: 4 | B36: Jumlah surat suara yang tidak digunakan/tidak terpakai, termasuk sisa surat suara cadangan | E36: =E33-(E34+E35) -> 73 | F36: =F33-(F34+F35) -> 63 | G36: =G33-(G34+G35) -> 56 | H36: =H33-(H34+H35) -> 53 | I36: =I33-(I34+I35) -> 82 | J36: =J33-(J34+J35) -> 63 | K36: =K33-(K34+K35) -> 63 | L36: =L33-(L34+L35) -> 61 | ... AB36: =AB33-(AB34+AB35) -> 35 | AC36: =SUM(E36:AB36) -> 1508
A38: III | B38: DATA PEMILIH DISABILITAS
B39: Jumlah seluruh Pemilih disabilitas yang menggunakan hak pilih | D39: LK | I39: 1 | K39: 3 | AC39: =SUM(E39:AB39) -> 4
D40: PR | K40: 6 | AC40: =SUM(E40:AB40) -> 6
D41: JML | E41: =SUM(E39:E40) -> 0 | F41: =SUM(F39:F40) -> 0 | G41: =SUM(G39:G40) -> 0 | H41: =SUM(H39:H40) -> 0 | I41: =SUM(I39:I40) -> 1 | J41: =SUM(J39:J40) -> 0 | K41: =SUM(K39:K40) -> 9 | L41: =SUM(L39:L40) -> 0 | ... AB41: =SUM(AB39:AB40) -> 0 | AC41: =SUM(E41:AB41) -> 10
A43: IV | B43: DATA RINCIAN PEROLEHAN SUARA PASANGAN CALON BUPATI DAN WAKIL BUPATI
B44: NOMOR DAN NAMA CALON
B45: 1. | C45: AA. AHMAD NAWARDI | E45: 28 | F45: 36 | G45: 23 | H45: 28 | I45: 18 | J45: 12 | K45: 14 | L45: 31 | M45: 21 | N45: 18 | O45: 9 | P45: 8 | Q45: 4 | R45: 12 | S45: 14 | T45: 31 | U45: 24 | V45: 24 | W45: 23 | X45: 20 | Y45: 25 | Z45: 16 | AA45: 28 | AB45: 32 | AC45: =SUM(E45:AB45) -> 499
B46: 2. | C46: Ir. H. AA LA NYALLA MAHMUD MATTALITI, M.HP. | E46: 42 | F46: 28 | G46: 26 | H46: 37 | I46: 24 | J46: 24 | K46: 31 | L46: 31 | M46: 32 | N46: 35 | O46: 29 | P46: 19 | Q46: 44 | R46: 31 | S46: 35 | T46: 43 | U46: 30 | V46: 35 | W46: 34 | X46: 23 | Y46: 30 | Z46: 22 | AA46: 23 | AB46: 17 | AC46: =SUM(E46:AB46) -> 725
B47: 3. | C47: ABDUL QADIR AMIR HARTONO, S.E., S.H., M.H. | E47: 11 | F47: 9 | G47: 14 | H47: 12 | I47: 17 | J47: 21 | K47: 14 | L47: 16 | M47: 14 | N47: 13 | O47: 20 | P47: 16 | Q47: 12 | R47: 11 | S47: 14 | T47: 20 | U47: 18 | V47: 13 | W47: 20 | X47: 26 | Y47: 18 | Z47: 13 | AA47: 17 | AB47: 21 | AC47: =SUM(E47:AB47) -> 380
B48: 4. | C48: ADILLA AZIS, S.E. | E48: 18 | F48: 15 | G48: 16 | H48: 22 | I48: 17 | J48: 12 | K48: 20 | L48: 14 | M48: 18 | N48: 13 | O48: 14 | P48: 12 | Q48: 11 | R48: 16 | S48: 18 | T48: 25 | U48: 30 | V48: 28 | W48: 14 | X48: 32 | Y48: 10 | Z48: 11 | AA48: 8 | AB48: 17 | AC48: =SUM(E48:AB48) -> 411
B49: 5. | C49: Ir. H. AGUS RAHARDJO, MSc.M. | E49: 19 | F49: 18 | G49: 17 | H49: 26 | I49: 16 | J49: 19 | K49: 19 | L49: 18 | M49: 17 | N49: 22 | O49: 16 | P49: 12 | Q49: 23 | R49: 19 | S49: 19 | T49: 17 | U49: 20 | V49: 14 | W49: 17 | X49: 14 | Y49: 14 | Z49: 8 | AA49: 19 | AB49: 15 | AC49: =SUM(E49:AB49) -> 418
B50: 6. | C50: Drs. AYUB KHAN | E50: 19 | F50: 15 | G50: 16 | H50: 14 | I50: 7 | J50: 20 | K50: 25 | L50: 17 | M50: 14 | N50: 9 | O50: 17 | P50: 18 | Q50: 24 | R50: 19 | S50: 7 | T50: 40 | U50: 41 | V50: 38 | W50: 29 | X50: 30 | Y50: 21 | Z50: 13 | AA50: 20 | AB50: 30 | AC50: =SUM(E50:AB50) -> 503
B51: 7. | C51: BAMBANG HARIANTO | E51: 3 | F51: 3 | G51: 5 | H51: 2 | I51: 1 | J51: 4 | K51: 2 | L51: 1 | M51: 0 | N51: 0 | O51: 5 | P51: 0 | Q51: 4 | R51: 5 | S51: 5 | T51: 3 | U51: 3 | V51: 2 | W51: 3 | X51: 2 | Y51: 3 | Z51: 2 | AA51: 5 | AB51: 8 | AC51: =SUM(E51:AB51) -> 71
B52: 8. | C52: CATUR RUDI UTANTO, S.Sos. | E52: 6 | F52: 4 | G52: 10 | H52: 4 | I52: 3 | J52: 1 | K52: 2 | L52: 9 | M52: 9 | N52: 3 | O52: 4 | P52: 3 | Q52: 3 | R52: 5 | S52: 4 | T52: 2 | U52: 1 | V52: 1 | W52: 2 | X52: 5 | Y52: 3 | Z52: 5 | AA52: 10 | AB52: 7 | AC52: =SUM(E52:AB52) -> 106
B53: 9. | C53: DODDY DWI NUGROHO | E53: 1 | F53: 1 | G53: 1 | H53: 3 | I53: 0 | J53: 0 | K53: 3 | L53: 0 | M53: 1 | N53: 0 | O53: 2 | P53: 0 | Q53: 1 | R53: 0 | S53: 2 | T53: 1 | U53: 0 | V53: 0 | W53: 0 | X53: 0 | Y53: 0 | Z53: 0 | AA53: 1 | AB53: 0 | AC53: =SUM(E53:AB53) -> 17
B54: 10. | C54: KONDANG KUSUMANING AYU | E54: 23 | F54: 37 | G54: 18 | H54: 27 | I54: 26 | J54: 32 | K54: 29 | L54: 16 | M54: 23 | N54: 23 | O54: 29 | P54: 34 | Q54: 22 | R54: 22 | S54: 16 | T54: 18 | U54: 28 | V54: 27 | W54: 25 | X54: 18 | Y54: 7 | Z54: 12 | AA54: 10 | AB54: 15 | AC54: =SUM(E54:AB54) -> 537
B55: 11. | C55: KUNJUNG WAHYUDI | E55: 0 | F55: 0 | G55: 1 | H55: 1 | I55: 2 | J55: 1 | K55: 0 | L55: 2 | M55: 0 | N55: 2 | O55: 5 | P55: 1 | Q55: 0 | R55: 1 | S55: 1 | T55: 0 | U55: 1 | V55: 1 | W55: 1 | X55: 0 | Y55: 1 | Z55: 1 | AA55: 3 | AB55: 2 | AC55: =SUM(E55:AB55) -> 27
B56: 12. | C56: Dr. LIA ISTIFHAMA | E56: 22 | F56: 25 | G56: 34 | H56: 31 | I56: 30 | J56: 46 | K56: 34 | L56: 36 | M56: 30 | N56: 33 | O56: 32 | P56: 15 | Q56: 16 | R56: 15 | S56: 9 | T56: 24 | U56: 41 | V56: 18 | W56: 28 | X56: 35 | Y56: 20 | Z56: 19 | AA56: 18 | AB56: 12 | AC56: =SUM(E56:AB56) -> 623
B57: 13. | C57: MOHAMMAD TRIJANTO, S.H., M.M., M.H. | E57: 1 | F57: 3 | G57: 3 | H57: 2 | I57: 0 | J57: 1 | K57: 0 | L57: 2 | M57: 3 | N57: 3 | O57: 1 | P57: 3 | Q57: 3 | R57: 2 | S57: 4 | T57: 0 | U57: 0 | V57: 0 | W57: 0 | X57: 2 | Y57: 1 | Z57: 2 | AA57: 4 | AB57: 1 | AC57: =SUM(E57:AB57) -> 41
A59: V | B59: DATA SUARA SAH DAN TIDAK SAH
B60: A. | C60: JUMLAH SELURUH SUARA SAH | E60: =SUM(E45:E57) -> 193 | F60: =SUM(F45:F57) -> 194 | G60: =SUM(G45:G57) -> 184 | H60: =SUM(H45:H57) -> 209 | I60: =SUM(I45:I57) -> 161 | J60: =SUM(J45:J57) -> 193 | K60: =SUM(K45:K57) -> 193 | L60: =SUM(L45:L57) -> 193 | ... AB60: =SUM(AB45:AB57) -> 177 | AC60: =SUM(E60:AB60) -> 4358
B61: B. | C61: JUMLAH SUARA TIDAK SAH | E61: 33 | F61: 28 | G61: 37 | H61: 39 | I61: 29 | J61: 30 | K61: 28 | L61: 35 | M61: 33 | N61: 40 | O61: 22 | P61: 35 | Q61: 25 | R61: 44 | S61: 53 | T61: 16 | U61: 12 | V61: 31 | W61: 29 | X61: 18 | Y61: 38 | Z61: 33 | AA61: 37 | AB61: 33 | AC61: =SUM(E61:AB61) -> 758
B62: C. | C62: JUMLAH SELURUH SUARA SAH DAN SUARA TIDAK SAH (V.A + V.B) | E62: =SUM(E60:E61) -> 226 | F62: =SUM(F60:F61) -> 222 | G62: =SUM(G60:G61) -> 221 | H62: =SUM(H60:H61) -> 248 | I62: =SUM(I60:I61) -> 190 | J62: =SUM(J60:J61) -> 223 | K62: =SUM(K60:K61) -> 221 | L62: =SUM(L60:L61) -> 228 | ... AB62: =SUM(AB60:AB61) -> 210 | AC62: =SUM(E62:AB62) -> 5116

Sheet KLATAK
C2: Kecamatan | D2: KALIPURO
C3: Kabupaten | D3: BANYUWANGI
C4: Provinsi | D4: JAWA TIMUR
C9: Kelurahan | D9: KLATAK
A12: I | B12: DATA PEMILIH DAN PENGGUNAAN HAK PILIH | AV12: JUMLAH AKHIR
A13: A | B13: DATA PEMILIH | E13: TPS 001 | F13: TPS 002 | G13: TPS 003 | H13: TPS 004 | I13: TPS 005 | J13: TPS 006 | K13: TPS 007 | L13: TPS 008 | M13: TPS 009 | N13: TPS 010 | O13: TPS 011 | P13: TPS 012 | Q13: TPS 013 | R13: TPS 014 | S13: TPS 015 | T13: TPS 016 | U13: TPS 017 | V13: TPS 018 | W13: TPS 019 | X13: TPS 020 | Y13: TPS 021 | Z13: TPS 022 | AA13: TPS 023 | AB13: TPS 024 | AC13: TPS 025 | AD13: TPS 026 | AE13: TPS 027 | AF13: TPS 028 | AG13: TPS 029 | AH13: TPS 030 | AI13: TPS 031 | AJ13: TPS 032 | AK13: TPS 033 | AL13: TPS 034 | AM13: TPS 035 | AN13: TPS 036 | AO13: TPS 037 | AP13: TPS 038 | AQ13: TPS 039 | AR13: TPS 040 | AS13: TPS 041 | AT13: TPS 042 | AU13: TPS 043
B14: Jumlah Pemilih dalam Daftar Pemilih Tetap (DPT) | D14: LK | E14: 142 | F14: 137 | G14: 103 | H14: 135 | I14: 134 | J14: 137 | K14: 139 | L14: 142 | M14: 126 | N14: 153 | O14: 140 | P14: 133 | Q14: 133 | R14: 144 | S14: 133 | T14: 140 | U14: 147 | V14: 140 | W14: 152 | X14: 143 | Y14: 141 | Z14: 133 | AA14: 139 | AB14: 134 | AC14: 144 | AD14: 131 | AE14: 150 | AF14: 155 | AG14: 132 | AH14: 148 | AI14: 139 | AJ14: 148 | AK14: 137 | AL14: 106 | AM14: 131 | AN14: 128 | AO14: 123 | AP14: 134 | AQ14: 152 | AR14: 119 | AS14: 145 | AT14: 137 | AU14: 145 | AV14: =SUM(E14:AU14) -> 5904
D15: PR | E15: 141 | F15: 151 | G15: 117 | H15: 138 | I15: 161 | J15: 148 | K15: 154 | L15: 143 | M15: 163 | N15: 142 | O15: 152 | P15: 158 | Q15: 150 | R15: 138 | S15: 148 | T15: 147 | U15: 147 | V15: 148 | W15: 141 | X15: 146 | Y15: 141 | Z15: 148 | AA15: 151 | AB15: 148 | AC15: 146 | AD15: 135 | AE15: 142 | AF15: 140 | AG15: 146 | AH15: 150 | AI15: 151 | AJ15: 145 | AK15: 150 | AL15: 112 | AM15: 136 | AN15: 143 | AO15: 140 | AP15: 155 | AQ15: 143 | AR15: 123 | AS15: 144 | AT15: 158 | AU15: 146 | AV15: =SUM(E15:AU15) -> 6226
D16: JML | E16: =SUM(E14:E15) -> 283 | F16: =SUM(F14:F15) -> 288 | G16: =SUM(G14:G15) -> 220 | H16: =SUM(H14:H15) -> 273 | I16: =SUM(I14:I15) -> 295 | J16: =SUM(J14:J15) -> 285 | K16: =SUM(K14:K15) -> 293 | L16: =SUM(L14:L15) -> 285 | ... AU16: =SUM(AU14:AU15) -> 291 | AV16: =SUM(E16:AU16) -> 12130
A18: B | B18: PENGGUNA HAK PILIH
B19: 1. | C19: Jumlah pengguna hak pilih dalam Daftar Pemilih Tetap (DPT) | D19: LK | E19: 114 | F19: 77 | G19: 75 | H19: 104 | I19: 97 | J19: 101 | K19: 98 | L19: 98 | M19: 85 | N19: 108 | O19: 87 | P19: 92 | Q19: 89 | R19: 106 | S19: 83 | T19: 102 | U19: 97 | V19: 87 | W19: 112 | X19: 98 | Y19: 102 | Z19: 99 | AA19: 106 | AB19: 100 | AC19: 98 | AD19: 92 | AE19: 106 | AF19: 113 | AG19: 95 | AH19: 88 | AI19: 89 | AJ19: 110 | AK19: 105 | AL19: 68 | AM19: 85 | AN19: 93 | AO19: 83 | AP19: 89 | AQ19: 95 | AR19: 77 | AS19: 92 | AT19: 121 | AU19: 79 | AV19: =SUM(E19:AU19) -> 4095
D20: PR | E20: 126 | F20: 107 | G20: 93 | H20: 108 | I20: 124 | J20: 109 | K20: 124 | L20: 116 | M20: 122 | N20: 116 | O20: 117 | P20: 120 | Q20: 118 | R20: 99 | S20: 119 | T20: 112 | U20: 110 | V20: 108 | W20: 109 | X20: 125 | Y20: 113 | Z20: 123 | AA20: 119 | AB20: 127 | AC20: 120 | AD20: 111 | AE20: 113 | AF20: 108 | AG20: 109 | AH20: 109 | AI20: 126 | AJ20: 109 | AK20: 126 | AL20: 74 | AM20: 101 | AN20: 111 | AO20: 105 | AP20: 113 | AQ20: 109 | AR20: 94 | AS20: 110 | AT20: 87 | AU20: 100 | AV20: =SUM(E20:AU20) -> 4799
D21: JML | E21: =SUM(E19:E20) -> 240 | F21: =SUM(F19:F20) -> 184 | G21: =SUM(G19:G20) -> 168 | H21: =SUM(H19:H20) -> 212 | I21: =SUM(I19:I20) -> 221 | J21: =SUM(J19:J20) -> 210 | K21: =SUM(K19:K20) -> 222 | L21: =SUM(L19:L20) -> 214 | ... AU21: =SUM(AU19:AU20) -> 179 | AV21: =SUM(E21:AU21) -> 8894
B22: 2. | C22: Jumlah pengguna hak pilih dalam Daftar Pemilih Tambahan (DPTb) | D22: LK | E22: 0 | F22: 3 | G22: 3 | H22: 1 | I22: 0 | J22: 0 | K22: 0 | L22: 0 | M22: 1 | N22: 1 | O22: 3 | P22: 0 | Q22: 0 | R22: 1 | S22: 1 | T22: 1 | U22: 2 | V22: 0 | W22: 2 | X22: 0 | Y22: 0 | Z22: 0 | AA22: 1 | AB22: 0 | AC22: 0 | AD22: 1 | AE22: 0 | AF22: 1 | AG22: 1 | AH22: 0 | AI22: 0 | AJ22: 0 | AK22: 0 | AL22: 1 | AM22: 1 | AN22: 0 | AO22: 0 | AP22: 2 | AQ22: 2 | AR22: 1 | AS22: 1 | AT22: 1 | AU22: 1 | AV22: =SUM(E22:AU22) -> 33
D23: PR | E23: 0 | F23: 1 | G23: 2 | H23: 1 | I23: 0 | J23: 0 | K23: 0 | L23: 0 | M23: 0 | N23: 2 | O23: 1 | P23: 1 | Q23: 0 | R23: 0 | S23: 0 | T23: 1 | U23: 1 | V23: 1 | W23: 1 | X23: 2 | Y23: 0 | Z23: 1 | AA23: 0 | AB23: 0 | AC23: 1 | AD23: 0 | AE23: 1 | AF23: 2 | AG23: 0 | AH23: 1 | AI23: 0 | AJ23: 0 | AK23: 1 | AL23: 0 | AM23: 0 | AN23: 1 | AO23: 1 | AP23: 3 | AQ23: 0 | AR23: 0 | AS23: 1 | AT23: 0 | AU23: 1 | AV23: =SUM(E23:AU23) -> 28
D24: JML | E24: =SUM(E22:E23) -> 0 | F24: =SUM(F22:F23) -> 4 | G24: =SUM(G22:G23) -> 5 | H24: =SUM(H22:H23) -> 2 | I24: =SUM(I22:I23) -> 0 | J24: =SUM(J22:J23) -> 0 | K24: =SUM(K22:K23) -> 0 | L24: =SUM(L22:L23) -> 0 | ... AU24: =SUM(AU22:AU23) -> 2 | AV24: =SUM(E24:AU24) -> 61
B25: 3. | C25: Jumlah pengguna hak pilih dalam Daftar Pemilih Khusus (DPK) | D25: LK | E25: 5 | F25: 1 | G25: 2 | H25: 8 | I25: 4 | J25: 2 | K25: 3 | L25: 0 | M25: 1 | N25: 0 | O25: 0 | P25: 0 | Q25: 1 | R25: 2 | S25: 0 | T25: 0 | U25: 0 | V25: 8 | W25: 2 | X25: 2 | Y25: 1 | Z25: 1 | AA25: 0 | AB25: 0 | AC25: 0 | AD25: 5 | AE25: 1 | AF25: 3 | AG25: 0 | AH25: 7 | AI25: 0 | AJ25: 5 | AK25: 2 | AL25: 1 | AM25: 1 | AN25: 2 | AO25: 1 | AP25: 5 | AQ25: 0 | AR25: 0 | AS25: 1 | AT25: 2 | AU25: 2 | AV25: =SUM(E25:AU25) -> 81
D26: PR | E26: 6 | F26: 0 | G26: 3 | H26: 10 | I26: 1 | J26: 1 | K26: 3 | L26: 0 | M26: 2 | N26: 0 | O26: 1 | P26: 0 | Q26: 1 | R26: 1 | S26: 0 | T26: 0 | U26: 1 | V26: 9 | W26: 2 | X26: 0 | Y26: 1 | Z26: 2 | AA26: 0 | AB26: 0 | AC26: 0 | AD26: 5 | AE26: 0 | AF26: 3 | AG26: 1 | AH26: 3 | AI26: 0 | AJ26: 6 | AK26: 0 | AL26: 1 | AM26: 1 | AN26: 1 | AO26: 0 | AP26: 5 | AQ26: 1 | AR26: 0 | AS26: 2 | AT26: 2 | AU26: 2 | AV26: =SUM(E26:AU26) -> 77
D27: JML | E27: =SUM(E25:E26) -> 11 | F27: =SUM(F25:F26) -> 1 | G27: =SUM(G25:G26) -> 5 | H27: =SUM(H25:H26) -> 18 | I27: =SUM(I25:I26) -> 5 | J27: =SUM(J25:J26) -> 3 | K27: =SUM(K25:K26) -> 6 | L27: =SUM(L25:L26) -> 0 | ... AU27: =SUM(AU25:AU26) -> 4 | AV27: =SUM(E27:AU27) -> 158
B28: 4. | C28: Jumlah Pengguna Hak Pilih (B.1+B.2+B.3) | D28: LK | E28: =SUM(E19,E22,E25) -> 119 | F28: =SUM(F19,F22,F25) -> 81 | G28: =SUM(G19,G22,G25) -> 80 | H28: =SUM(H19,H22,H25) -> 113 | I28: =SUM(I19,I22,I25) -> 101 | J28: =SUM(J19,J22,J25) -> 103 | K28: =SUM(K19,K22,K25) -> 101 | L28: =SUM(L19,L22,L25) -> 98 | ... AU28: =SUM(AU19,AU22,AU25) -> 82 | AV28: =SUM(E28:AU28) -> 4209
D29: PR | E29: =SUM(E20,E23,E26) -> 132 | F29: =SUM(F20,F23,F26) -> 108 | G29: =SUM(G20,G23,G26) -> 98 | H29: =SUM(H20,H23,H26) -> 119 | I29: =SUM(I20,I23,I26) -> 125 | J29: =SUM(J20,J23,J26) -> 110 | K29: =SUM(K20,K23,K26) -> 127 | L29: =SUM(L20,L23,L26) -> 116 | ... AU29: =SUM(AU20,AU23,AU26) -> 103 | AV29: =SUM(E29:AU29) -> 4904
D30: JML | E30: =SUM(E28:E29) -> 251 | F30: =SUM(F28:F29) -> 189 | G30: =SUM(G28:G29) -> 178 | H30: =SUM(H28:H29) -> 232 | I30: =SUM(I28:I29) -> 226 | J30: =SUM(J28:J29) -> 213 | K30: =SUM(K28:K29) -> 228 | L30: =SUM(L28:L29) -> 214 | ... AU30: =SUM(AU28:AU29) -> 185 | AV30: =SUM(E30:AU30) -> 9113
A32: II | B32: DATA PENGGUNAAN SURAT SUARA
A33: 1 | B33: Jumlah surat suara yang diterima, termasuk surat suara cadangan 2% dari DPT | E33: 276 | F33: 283 | G33: 205 | H33: 265 | I33: 279 | J33: 281 | K33: 290 | L33: 280 | M33: 285 | N33: 279 | O33: 236 | P33: 287 | Q33: 278 | R33: 278 | S33: 276 | T33: 283 | U33: 289 | V33: 273 | W33: 278 | X33: 284 | Y33: 277 | Z33: 275 | AA33: 285 | AB33: 277 | AC33: 285 | AD33: 253 | AE33: 277 | AF33: 290 | AG33: 252 | AH33: 301 | AI33: 285 | AJ33: 290 | AK33: 270 | AL33: 211 | AM33: 262 | AN33: 266 | AO33: 269 | AP33: 283 | AQ33: 290 | AR33: 225 | AS33: 295 | AT33: 291 | AU33: 275 | AV33: =SUM(E33:AU33) -> 11769
A34: 2 | B34: Jumlah surat suara yang digunakan | E34: 251 | F34: 189 | G34: 178 | H34: 232 | I34: 226 | J34: 213 | K34: 228 | L34: 214 | M34: 211 | N34: 227 | O34: 209 | P34: 213 | Q34: 209 | R34: 209 | S34: 203 | T34: 216 | U34: 211 | V34: 213 | W34: 228 | X34: 227 | Y34: 217 | Z34: 226 | AA34: 226 | AB34: 227 | AC34: 219 | AD34: 214 | AE34: 221 | AF34: 230 | AG34: 206 | AH34: 208 | AI34: 215 | AJ34: 230 | AK34: 234 | AL34: 145 | AM34: 189 | AN34: 208 | AO34: 190 | AP34: 217 | AQ34: 207 | AR34: 172 | AS34: 207 | AT34: 213 | AU34: 185 | AV34: =SUM(E34:AU34) -> 9113
A35: 3 | B35: Jumlah surat suara dikembalikan oleh pemilih (karena rusak atau keliru coblos) | E35: 0 | F35: 0 | G35: 0 | H35: 0 | I35: 0 | J35: 0 | K35: 1 | L35: 0 | M35: 0 | N35: 0 | O35: 0 | P35: 0 | Q35: 0 | R35: 1 | S35: 1 | T35: 0 | U35: 0 | V35: 0 | W35: 0 | X35: 0 | Y35: 0 | Z35: 0 | AA35: 0 | AB35: 0 | AC35: 0 | AD35: 0 | AE35: 0 | AF35: 0 | AG35: 0 | AH35: 0 | AI35: 0 | AJ35: 0 | AK35: 0 | AL35: 0 | AM35: 0 | AN35: 1 | AO35: 0 | AP35: 2 | AQ35: 0 | AR35: 0 | AS35: 0 | AT35: 0 | AU35: 0 | AV35: =SUM(E35:AU35) -> 6
A36: 4 | B36: Jumlah surat suara yang tidak digunakan/tidak terpakai, termasuk sisa surat suara cadangan | E36: =E33-(E34+E35) -> 25 | F36: =F33-(F34+F35) -> 94 | G36: =G33-(G34+G35) -> 27 | H36: =H33-(H34+H35) -> 33 | I36: =I33-(I34+I35) -> 53 | J36: =J33-(J34+J35) -> 68 | K36: =K33-(K34+K35) -> 61 | L36: =L33-(L34+L35) -> 66 | ... AU36: =AU33-(AU34+AU35) -> 90 | AV36: =SUM(E36:AU36) -> 2650
A38: III | B38: DATA PEMILIH DISABILITAS
B39: Jumlah seluruh Pemilih disabilitas yang menggunakan hak pilih | D39: LK | E39: 1 | G39: 1 | J39: 2 | M39: 1 | X39: 3 | AA39: 1 | AF39: 1 | AI39: 1 | AO39: 1 | AU39: 1 | AV39: =SUM(E39:AU39) -> 13
D40: PR | E40: 1 | P40: 2 | U40: 1 | X40: 2 | AA40: 2 | AF40: 1 | AH40: 1 | AI40: 1 | AM40: 1 | AU40: 1 | AV40: =SUM(E40:AU40) -> 13
D41: JML | E41: =SUM(E39:E40) -> 2 | F41: =SUM(F39:F40) -> 0 | G41: =SUM(G39:G40) -> 1 | H41: =SUM(H39:H40) -> 0 | I41: =SUM(I39:I40) -> 0 | J41: =SUM(J39:J40) -> 2 | K41: =SUM(K39:K40) -> 0 | L41: =SUM(L39:L40) -> 0 | ... AU41: =SUM(AU39:AU40) -> 2 | AV41: =SUM(E41:AU41) -> 26
A43: IV | B43: DATA RINCIAN PEROLEHAN SUARA PASANGAN CALON BUPATI DAN WAKIL BUPATI
B44: NOMOR DAN NAMA CALON
B45: 1. | C45: AA. AHMAD NAWARDI | E45: 13 | F45: 9 | G45: 10 | H45: 13 | I45: 17 | J45: 14 | K45: 20 | L45: 16 | M45: 12 | N45: 24 | O45: 7 | P45: 5 | Q45: 7 | R45: 12 | S45: 7 | T45: 10 | U45: 3 | V45: 27 | W45: 13 | X45: 18 | Y45: 12 | Z45: 30 | AA45: 16 | AB45: 22 | AC45: 9 | AD45: 15 | AE45: 20 | AF45: 20 | AG45: 14 | AH45: 11 | AI45: 14 | AJ45: 24 | AK45: 30 | AL45: 5 | AM45: 7 | AN45: 5 | AO45: 6 | AP45: 4 | AQ45: 4 | AR45: 8 | AS45: 11 | AT45: 7 | AU45: 10 | AV45: =SUM(E45:AU45) -> 561
B46: 2. | C46: Ir. H. AA LA NYALLA MAHMUD MATTALITI, M.HP. | E46: 43 | F46: 34 | G46: 23 | H46: 39 | I46: 41 | J46: 29 | K46: 30 | L46: 25 | M46: 34 | N46: 37 | O46: 27 | P46: 23 | Q46: 34 | R46: 25 | S46: 29 | T46: 23 | U46: 30 | V46: 16 | W46: 38 | X46: 33 | Y46: 44 | Z46: 47 | AA46: 57 | AB46: 47 | AC46: 37 | AD46: 30 | AE46: 33 | AF46: 36 | AG46: 30 | AH46: 47 | AI46: 35 | AJ46: 36 | AK46: 57 | AL46: 25 | AM46: 36 | AN46: 30 | AO46: 28 | AP46: 30 | AQ46: 39 | AR46: 23 | AS46: 42 | AT46: 40 | AU46: 29 | AV46: =SUM(E46:AU46) -> 1471
B47: 3. | C47: ABDUL QADIR AMIR HARTONO, S.E., S.H., M.H. | E47: 32 | F47: 10 | G47: 14 | H47: 21 | I47: 23 | J47: 12 | K47: 17 | L47: 11 | M47: 17 | N47: 14 | O47: 8 | P47: 8 | Q47: 18 | R47: 11 | S47: 13 | T47: 11 | U47: 10 | V47: 16 | W47: 8 | X47: 17 | Y47: 16 | Z47: 8 | AA47: 11 | AB47: 12 | AC47: 17 | AD47: 13 | AE47: 12 | AF47: 29 | AG47: 13 | AH47: 8 | AI47: 19 | AJ47: 25 | AK47: 9 | AL47: 12 | AM47: 14 | AN47: 11 | AO47: 6 | AP47: 9 | AQ47: 8 | AR47: 9 | AS47: 14 | AT47: 13 | AU47: 17 | AV47: =SUM(E47:AU47) -> 596
B48: 4. | C48: ADILLA AZIS, S.E. | E48: 37 | F48: 17 | G48: 11 | H48: 24 | I48: 12 | J48: 19 | K48: 17 | L48: 22 | M48: 19 | N48: 21 | O48: 11 | P48: 14 | Q48: 22 | R48: 17 | S48: 23 | T48: 23 | U48: 21 | V48: 21 | W48: 12 | X48: 19 | Y48: 26 | Z48: 12 | AA48: 16 | AB48: 21 | AC48: 16 | AD48: 16 | AE48: 17 | AF48: 14 | AG48: 16 | AH48: 13 | AI48: 24 | AJ48: 22 | AK48: 31 | AL48: 15 | AM48: 15 | AN48: 16 | AO48: 13 | AP48: 15 | AQ48: 23 | AR48: 16 | AS48: 10 | AT48: 21 | AU48: 15 | AV48: =SUM(E48:AU48) -> 785
B49: 5. | C49: Ir. H. AGUS RAHARDJO, MSc.M. | E49: 20 | F49: 19 | G49: 27 | H49: 22 | I49: 26 | J49: 22 | K49: 15 | L49: 20 | M49: 17 | N49: 18 | O49: 28 | P49: 27 | Q49: 26 | R49: 17 | S49: 19 | T49: 24 | U49: 18 | V49: 23 | W49: 31 | X49: 18 | Y49: 16 | Z49: 23 | AA49: 32 | AB49: 29 | AC49: 21 | AD49: 28 | AE49: 17 | AF49: 17 | AG49: 27 | AH49: 17 | AI49: 27 | AJ49: 17 | AK49: 17 | AL49: 15 | AM49: 29 | AN49: 26 | AO49: 25 | AP49: 30 | AQ49: 19 | AR49: 24 | AS49: 21 | AT49: 27 | AU49: 20 | AV49: =SUM(E49:AU49) -> 961
B50: 6. | C50: Drs. AYUB KHAN | E50: 13 | F50: 10 | G50: 9 | H50: 7 | I50: 15 | J50: 11 | K50: 20 | L50: 8 | M50: 10 | N50: 11 | O50: 12 | P50: 12 | Q50: 8 | R50: 17 | S50: 10 | T50: 5 | U50: 17 | V50: 13 | W50: 21 | X50: 18 | Y50: 9 | Z50: 22 | AA50: 17 | AB50: 14 | AC50: 27 | AD50: 16 | AE50: 23 | AF50: 14 | AG50: 17 | AH50: 21 | AI50: 14 | AJ50: 21 | AK50: 10 | AL50: 8 | AM50: 8 | AN50: 16 | AO50: 7 | AP50: 13 | AQ50: 13 | AR50: 10 | AS50: 9 | AT50: 11 | AU50: 13 | AV50: =SUM(E50:AU50) -> 580
B51: 7. | C51: BAMBANG HARIANTO | E51: 1 | F51: 0 | G51: 2 | H51: 3 | I51: 2 | J51: 2 | K51: 2 | L51: 1 | M51: 3 | N51: 0 | O51: 4 | P51: 5 | Q51: 4 | R51: 3 | S51: 3 | T51: 2 | U51: 5 | V51: 1 | W51: 2 | X51: 2 | Y51: 2 | Z51: 4 | AA51: 3 | AB51: 0 | AC51: 4 | AD51: 1 | AE51: 2 | AF51: 0 | AG51: 0 | AH51: 2 | AI51: 3 | AJ51: 1 | AK51: 0 | AL51: 2 | AM51: 0 | AN51: 5 | AO51: 4 | AP51: 4 | AQ51: 2 | AR51: 0 | AS51: 4 | AT51: 1 | AU51: 1 | AV51: =SUM(E51:AU51) -> 92
B52: 8. | C52: CATUR RUDI UTANTO, S.Sos. | E52: 5 | F52: 3 | G52: 4 | H52: 2 | I52: 5 | J52: 3 | K52: 3 | L52: 4 | M52: 2 | N52: 4 | O52: 9 | P52: 9 | Q52: 2 | R52: 9 | S52: 3 | T52: 5 | U52: 4 | V52: 3 | W52: 6 | X52: 9 | Y52: 3 | Z52: 5 | AA52: 3 | AB52: 7 | AC52: 4 | AD52: 7 | AE52: 7 | AF52: 5 | AG52: 2 | AH52: 3 | AI52: 8 | AJ52: 6 | AK52: 3 | AL52: 4 | AM52: 7 | AN52: 7 | AO52: 5 | AP52: 5 | AQ52: 6 | AR52: 4 | AS52: 5 | AT52: 3 | AU52: 4 | AV52: =SUM(E52:AU52) -> 207
B53: 9. | C53: DODDY DWI NUGROHO | E53: 0 | F53: 1 | G53: 0 | H53: 1 | I53: 0 | J53: 1 | K53: 0 | L53: 2 | M53: 1 | N53: 3 | O53: 2 | P53: 2 | Q53: 2 | R53: 0 | S53: 1 | T53: 0 | U53: 2 | V53: 1 | W53: 1 | X53: 0 | Y53: 0 | Z53: 1 | AA53: 1 | AB53: 1 | AC53: 0 | AD53: 1 | AE53: 0 | AF53: 0 | AG53: 3 | AH53: 0 | AI53: 1 | AJ53: 2 | AK53: 0 | AL53: 1 | AM53: 1 | AN53: 7 | AO53: 2 | AP53: 3 | AQ53: 3 | AR53: 1 | AS53: 1 | AT53: 3 | AU53: 1 | AV53: =SUM(E53:AU53) -> 53
B54: 10. | C54: KONDANG KUSUMANING AYU | E54: 32 | F54: 24 | G54: 34 | H54: 29 | I54: 38 | J54: 27 | K54: 32 | L54: 24 | M54: 27 | N54: 26 | O54: 40 | P54: 41 | Q54: 30 | R54: 29 | S54: 31 | T54: 29 | U54: 31 | V54: 30 | W54: 20 | X54: 25 | Y54: 29 | Z54: 25 | AA54: 20 | AB54: 27 | AC54: 21 | AD54: 24 | AE54: 27 | AF54: 22 | AG54: 26 | AH54: 29 | AI54: 26 | AJ54: 25 | AK54: 21 | AL54: 19 | AM54: 26 | AN54: 34 | AO54: 25 | AP54: 38 | AQ54: 27 | AR54: 27 | AS54: 23 | AT54: 29 | AU54: 22 | AV54: =SUM(E54:AU54) -> 1191
B55: 11. | C55: KUNJUNG WAHYUDI | E55: 1 | F55: 2 | G55: 0 | H55: 0 | I55: 1 | J55: 7 | K55: 0 | L55: 2 | M55: 4 | N55: 0 | O55: 4 | P55: 2 | Q55: 1 | R55: 0 | S55: 4 | T55: 1 | U55: 3 | V55: 2 | W55: 2 | X55: 0 | Y55: 0 | Z55: 2 | AA55: 0 | AB55: 0 | AC55: 0 | AD55: 0 | AE55: 0 | AF55: 1 | AG55: 2 | AH55: 1 | AI55: 5 | AJ55: 1 | AK55: 2 | AL55: 3 | AM55: 2 | AN55: 4 | AO55: 1 | AP55: 3 | AQ55: 3 | AR55: 3 | AS55: 3 | AT55: 3 | AU55: 3 | AV55: =SUM(E55:AU55) -> 78
B56: 12. | C56: Dr. LIA ISTIFHAMA | E56: 32 | F56: 17 | G56: 11 | H56: 43 | I56: 16 | J56: 24 | K56: 27 | L56: 30 | M56: 22 | N56: 24 | O56: 19 | P56: 11 | Q56: 25 | R56: 13 | S56: 24 | T56: 26 | U56: 20 | V56: 22 | W56: 32 | X56: 22 | Y56: 20 | Z56: 19 | AA56: 13 | AB56: 13 | AC56: 24 | AD56: 22 | AE56: 20 | AF56: 26 | AG56: 27 | AH56: 14 | AI56: 20 | AJ56: 26 | AK56: 15 | AL56: 13 | AM56: 14 | AN56: 21 | AO56: 16 | AP56: 14 | AQ56: 22 | AR56: 18 | AS56: 25 | AT56: 18 | AU56: 22 | AV56: =SUM(E56:AU56) -> 902
B57: 13. | C57: MOHAMMAD TRIJANTO, S.H., M.M., M.H. | E57: 1 | F57: 1 | G57: 3 | H57: 1 | I57: 3 | J57: 4 | K57: 2 | L57: 1 | M57: 4 | N57: 1 | O57: 7 | P57: 4 | Q57: 4 | R57: 6 | S57: 0 | T57: 0 | U57: 2 | V57: 3 | W57: 3 | X57: 3 | Y57: 1 | Z57: 3 | AA57: 3 | AB57: 0 | AC57: 1 | AD57: 3 | AE57: 2 | AF57: 2 | AG57: 3 | AH57: 2 | AI57: 2 | AJ57: 3 | AK57: 0 | AL57: 0 | AM57: 3 | AN57: 2 | AO57: 7 | AP57: 3 | AQ57: 6 | AR57: 4 | AS57: 2 | AT57: 2 | AU57: 4 | AV57: =SUM(E57:AU57) -> 111
A59: V | B59: DATA SUARA SAH DAN TIDAK SAH
B60: A. | C60: JUMLAH SELURUH SUARA SAH | E60: =SUM(E45:E57) -> 230 | F60: =SUM(F45:F57) -> 147 | G60: =SUM(G45:G57) -> 148 | H60: =SUM(H45:H57) -> 205 | I60: =SUM(I45:I57) -> 199 | J60: =SUM(J45:J57) -> 175 | K60: =SUM(K45:K57) -> 185 | L60: =SUM(L45:L57) -> 166 | ... AU60: =SUM(AU45:AU57) -> 161 | AV60: =SUM(E60:AU60) -> 7588
B61: B. | C61: JUMLAH SUARA TIDAK SAH | E61: 21 | F61: 42 | G61: 30 | H61: 27 | I61: 27 | J61: 38 | K61: 43 | L61: 48 | M61: 39 | N61: 44 | O61: 31 | P61: 50 | Q61: 26 | R61: 50 | S61: 36 | T61: 57 | U61: 45 | V61: 35 | W61: 39 | X61: 43 | Y61: 39 | Z61: 25 | AA61: 34 | AB61: 34 | AC61: 38 | AD61: 38 | AE61: 41 | AF61: 44 | AG61: 26 | AH61: 40 | AI61: 17 | AJ61: 21 | AK61: 39 | AL61: 23 | AM61: 27 | AN61: 24 | AO61: 45 | AP61: 46 | AQ61: 32 | AR61: 25 | AS61: 37 | AT61: 35 | AU61: 24 | AV61: =SUM(E61:AU61) -> 1525
B62: C. | C62: JUMLAH SELURUH SUARA SAH DAN SUARA TIDAK SAH (V.A + V.B) | E62: =SUM(E60:E61) -> 251 | F62: =SUM(F60:F61) -> 189 | G62: =SUM(G60:G61) -> 178 | H62: =SUM(H60:H61) -> 232 | I62: =SUM(I60:I61) -> 226 | J62: =SUM(J60:J61) -> 213 | K62: =SUM(K60:K61) -> 228 | L62: =SUM(L60:L61) -> 214 | ... AU62: =SUM(AU60:AU61) -> 185 | AV62: =SUM(E62:AU62) -> 9113

Sheet KALIPURO
C2: Kecamatan | D2: KALIPURO
C3: Kabupaten | D3: BANYUWANGI
C4: Provinsi | D4: JAWA TIMUR
C9: Kelurahan
A12: I | B12: DATA PEMILIH DAN PENGGUNAAN HAK PILIH | AR12: JUMLAH AKHIR
A13: A | B13: DATA PEMILIH | E13: TPS 001 | F13: TPS 002 | G13: TPS 003 | H13: TPS 004 | I13: TPS 005 | J13: TPS 006 | K13: TPS 007 | L13: TPS 008 | M13: TPS 009 | N13: TPS 010 | O13: TPS 011 | P13: TPS 012 | Q13: TPS 013 | R13: TPS 014 | S13: TPS 015 | T13: TPS 016 | U13: TPS 017 | V13: TPS 018 | W13: TPS 019 | X13: TPS 020 | Y13: TPS 021 | Z13: TPS 022 | AA13: TPS 023 | AB13: TPS 024 | AC13: TPS 025 | AD13: TPS 026 | AE13: TPS 027 | AF13: TPS 028 | AG13: TPS 029 | AH13: TPS 030 | AI13: TPS 031 | AJ13: TPS 032 | AK13: TPS 033 | AL13: TPS 034 | AM13: TPS 035 | AN13: TPS 036 | AO13: TPS 037 | AP13: TPS 038 | AQ13: TPS 039
B14: Jumlah Pemilih dalam Daftar Pemilih Tetap (DPT) | D14: LK | E14: 137 | F14: 141 | G14: 136 | H14: 135 | I14: 156 | J14: 147 | K14: 145 | L14: 147 | M14: 140 | N14: 141 | O14: 145 | P14: 134 | Q14: 148 | R14: 147 | S14: 139 | T14: 147 | U14: 138 | V14: 143 | W14: 133 | X14: 141 | Y14: 122 | Z14: 145 | AA14: 126 | AB14: 144 | AC14: 145 | AD14: 155 | AE14: 155 | AF14: 149 | AG14: 145 | AH14: 141 | AI14: 143 | AJ14: 135 | AK14: 145 | AL14: 147 | AM14: 132 | AN14: 147 | AO14: 136 | AP14: 150 | AQ14: 134 | AR14: =SUM(E14:AQ14) -> 5536
D15: PR | E15: 157 | F15: 146 | G15: 131 | H15: 154 | I15: 140 | J15: 146 | K15: 148 | L15: 151 | M15: 135 | N15: 158 | O15: 154 | P15: 124 | Q15: 150 | R15: 149 | S15: 156 | T15: 151 | U15: 158 | V15: 153 | W15: 158 | X15: 157 | Y15: 143 | Z15: 142 | AA15: 156 | AB15: 154 | AC15: 149 | AD15: 143 | AE15: 144 | AF15: 143 | AG15: 142 | AH15: 137 | AI15: 150 | AJ15: 157 | AK15: 149 | AL15: 147 | AM15: 123 | AN15: 147 | AO15: 143 | AP15: 147 | AQ15: 149 | AR15: =SUM(E15:AQ15) -> 5741
D16: JML | E16: =SUM(E14:E15) -> 294 | F16: =SUM(F14:F15) -> 287 | G16: =SUM(G14:G15) -> 267 | H16: =SUM(H14:H15) -> 289 | I16: =SUM(I14:I15) -> 296 | J16: =SUM(J14:J15) -> 293 | K16: =SUM(K14:K15) -> 293 | L16: =SUM(L14:L15) -> 298 | ... AQ16: =SUM(AQ14:AQ15) -> 283 | AR16: =SUM(E16:AQ16) -> 11277
A18: B | B18: PENGGUNA HAK PILIH
B19: 1. | C19: Jumlah pengguna hak pilih dalam Daftar Pemilih Tetap (DPT) | D19: LK | E19: 107 | F19: 105 | G19: 71 | H19: 91 | I19: 100 | J19: 84 | K19: 104 | L19: 108 | M19: 106 | N19: 101 | O19: 104 | P19: 103 | Q19: 113 | R19: 108 | S19: 105 | T19: 122 | U19: 89 | V19: 122 | W19: 95 | X19: 96 | Y19: 98 | Z19: 104 | AA19: 94 | AB19: 132 | AC19: 109 | AD19: 138 | AE19: 116 | AF19: 131 | AG19: 109 | AH19: 107 | AI19: 114 | AJ19: 110 | AK19: 111 | AL19: 127 | AM19: 107 | AN19: 123 | AO19: 101 | AP19: 131 | AQ19: 101 | AR19: =SUM(E19:AQ19) -> 4197
D20: PR | E20: 128 | F20: 117 | G20: 90 | H20: 101 | I20: 104 | J20: 99 | K20: 108 | L20: 126 | M20: 102 | N20: 116 | O20: 132 | P20: 109 | Q20: 122 | R20: 125 | S20: 120 | T20: 130 | U20: 111 | V20: 116 | W20: 125 | X20: 126 | Y20: 102 | Z20: 107 | AA20: 121 | AB20: 124 | AC20: 127 | AD20: 127 | AE20: 117 | AF20: 134 | AG20: 114 | AH20: 103 | AI20: 120 | AJ20: 123 | AK20: 109 | AL20: 126 | AM20: 107 | AN20: 116 | AO20: 96 | AP20: 122 | AQ20: 99 | AR20: =SUM(E20:AQ20) -> 4501
D21: JML | E21: =SUM(E19:E20) -> 235 | F21: =SUM(F19:F20) -> 222 | G21: =SUM(G19:G20) -> 161 | H21: =SUM(H19:H20) -> 192 | I21: =SUM(I19:I20) -> 204 | J21: =SUM(J19:J20) -> 183 | K21: =SUM(K19:K20) -> 212 | L21: =SUM(L19:L20) -> 234 | ... AQ21: =SUM(AQ19:AQ20) -> 200 | AR21: =SUM(E21:AQ21) -> 8698
B22: 2. | C22: Jumlah pengguna hak pilih dalam Daftar Pemilih Tambahan (DPTb) | D22: LK | E22: 0 | F22: 0 | G22: 3 | H22: 0 | I22: 1 | J22: 2 | K22: 0 | L22: 1 | M22: 0 | N22: 0 | O22: 0 | P22: 0 | Q22: 2 | R22: 2 | S22: 0 | T22: 1 | U22: 1 | V22: 0 | W22: 1 | X22: 0 | Y22: 0 | Z22: 1 | AA22: 0 | AB22: 1 | AC22: 0 | AD22: 0 | AE22: 0 | AF22: 0 | AG22: 0 | AH22: 0 | AI22: 0 | AJ22: 0 | AK22: 1 | AL22: 1 | AM22: 0 | AN22: 0 | AO22: 0 | AP22: 0 | AQ22: 1 | AR22: =SUM(E22:AQ22) -> 19
D23: PR | E23: 0 | F23: 1 | G23: 1 | H23: 0 | I23: 0 | J23: 0 | K23: 1 | L23: 1 | M23: 0 | N23: 0 | O23: 0 | P23: 0 | Q23: 0 | R23: 1 | S23: 1 | T23: 1 | U23: 0 | V23: 1 | W23: 0 | X23: 1 | Y23: 0 | Z23: 0 | AA23: 1 | AB23: 1 | AC23: 0 | AD23: 0 | AE23: 0 | AF23: 0 | AG23: 0 | AH23: 0 | AI23: 1 | AJ23: 0 | AK23: 0 | AL23: 0 | AM23: 1 | AN23: 0 | AO23: 0 | AP23: 0 | AQ23: 0 | AR23: =SUM(E23:AQ23) -> 13
D24: JML | E24: =SUM(E22:E23) -> 0 | F24: =SUM(F22:F23) -> 1 | G24: =SUM(G22:G23) -> 4 | H24: =SUM(H22:H23) -> 0 | I24: =SUM(I22:I23) -> 1 | J24: =SUM(J22:J23) -> 2 | K24: =SUM(K22:K23) -> 1 | L24: =SUM(L22:L23) -> 2 | ... AQ24: =SUM(AQ22:AQ23) -> 1 | AR24: =SUM(E24:AQ24) -> 32
B25: 3. | C25: Jumlah pengguna hak pilih dalam Daftar Pemilih Khusus (DPK) | D25: LK | E25: 1 | F25: 7 | G25: 1 | H25: 0 | I25: 2 | J25: 2 | K25: 4 | L25: 3 | M25: 2 | N25: 2 | O25: 2 | P25: 2 | Q25: 1 | R25: 0 | S25: 0 | T25: 3 | U25: 0 | V25: 9 | W25: 1 | X25: 7 | Y25: 1 | Z25: 1 | AA25: 0 | AB25: 2 | AC25: 1 | AD25: 3 | AE25: 3 | AF25: 0 | AG25: 2 | AH25: 6 | AI25: 4 | AJ25: 5 | AK25: 5 | AL25: 1 | AM25: 6 | AN25: 15 | AO25: 4 | AP25: 0 | AQ25: 0 | AR25: =SUM(E25:AQ25) -> 108
D26: PR | E26: 0 | F26: 0 | G26: 1 | H26: 1 | I26: 3 | J26: 8 | K26: 2 | L26: 2 | M26: 3 | N26: 1 | O26: 3 | P26: 2 | Q26: 2 | R26: 1 | S26: 5 | T26: 4 | U26: 0 | V26: 10 | W26: 0 | X26: 6 | Y26: 1 | Z26: 4 | AA26: 0 | AB26: 0 | AC26: 2 | AD26: 6 | AE26: 6 | AF26: 1 | AG26: 3 | AH26: 3 | AI26: 7 | AJ26: 6 | AK26: 8 | AL26: 2 | AM26: 5 | AN26: 15 | AO26: 4 | AP26: 0 | AQ26: 1 | AR26: =SUM(E26:AQ26) -> 128
D27: JML | E27: =SUM(E25:E26) -> 1 | F27: =SUM(F25:F26) -> 7 | G27: =SUM(G25:G26) -> 2 | H27: =SUM(H25:H26) -> 1 | I27: =SUM(I25:I26) -> 5 | J27: =SUM(J25:J26) -> 10 | K27: =SUM(K25:K26) -> 6 | L27: =SUM(L25:L26) -> 5 | ... AQ27: =SUM(AQ25:AQ26) -> 1 | AR27: =SUM(E27:AQ27) -> 236
B28: 4. | C28: Jumlah Pengguna Hak Pilih (B.1+B.2+B.3) | D28: LK | E28: =SUM(E19,E22,E25) -> 108 | F28: =SUM(F19,F22,F25) -> 112 | G28: =SUM(G19,G22,G25) -> 75 | H28: =SUM(H19,H22,H25) -> 91 | I28: =SUM(I19,I22,I25) -> 103 | J28: =SUM(J19,J22,J25) -> 88 | K28: =SUM(K19,K22,K25) -> 108 | L28: =SUM(L19,L22,L25) -> 112 | ... AQ28: =SUM(AQ19,AQ22,AQ25) -> 102 | AR28: =SUM(E28:AQ28) -> 4324
D29: PR | E29: =SUM(E20,E23,E26) -> 128 | F29: =SUM(F20,F23,F26) -> 118 | G29: =SUM(G20,G23,G26) -> 92 | H29: =SUM(H20,H23,H26) -> 102 | I29: =SUM(I20,I23,I26) -> 107 | J29: =SUM(J20,J23,J26) -> 107 | K29: =SUM(K20,K23,K26) -> 111 | L29: =SUM(L20,L23,L26) -> 129 | ... AQ29: =SUM(AQ20,AQ23,AQ26) -> 100 | AR29: =SUM(E29:AQ29) -> 4642
D30: JML | E30: =SUM(E28:E29) -> 236 | F30: =SUM(F28:F29) -> 230 | G30: =SUM(G28:G29) -> 167 | H30: =SUM(H28:H29) -> 193 | I30: =SUM(I28:I29) -> 210 | J30: =SUM(J28:J29) -> 195 | K30: =SUM(K28:K29) -> 219 | L30: =SUM(L28:L29) -> 241 | ... AQ30: =SUM(AQ28:AQ29) -> 202 | AR30: =SUM(E30:AQ30) -> 8966
A32: II | B32: DATA PENGGUNAAN SURAT SUARA
A33: 1 | B33: Jumlah surat suara yang diterima, termasuk surat suara cadangan 2% dari DPT | E33: 292 | F33: 285 | G33: 266 | H33: 285 | I33: 289 | J33: 292 | K33: 290 | L33: 293 | M33: 281 | N33: 296 | O33: 288 | P33: 264 | Q33: 270 | R33: 292 | S33: 304 | T33: 294 | U33: 293 | V33: 302 | W33: 289 | X33: 293 | Y33: 262 | Z33: 285 | AA33: 279 | AB33: 294 | AC33: 283 | AD33: 293 | AE33: 296 | AF33: 291 | AG33: 274 | AH33: 274 | AI33: 328 | AJ33: 279 | AK33: 292 | AL33: 292 | AM33: 251 | AN33: 294 | AO33: 269 | AP33: 303 | AQ33: 280 | AR33: =SUM(E33:AQ33) -> 11177
A34: 2 | B34: Jumlah surat suara yang digunakan | E34: 236 | F34: 230 | G34: 167 | H34: 193 | I34: 210 | J34: 195 | K34: 219 | L34: 241 | M34: 213 | N34: 220 | O34: 241 | P34: 216 | Q34: 240 | R34: 237 | S34: 231 | T34: 261 | U34: 201 | V34: 258 | W34: 222 | X34: 236 | Y34: 202 | Z34: 217 | AA34: 216 | AB34: 260 | AC34: 239 | AD34: 274 | AE34: 242 | AF34: 266 | AG34: 228 | AH34: 219 | AI34: 246 | AJ34: 244 | AK34: 234 | AL34: 257 | AM34: 226 | AN34: 269 | AO34: 205 | AP34: 253 | AQ34: 202 | AR34: =SUM(E34:AQ34) -> 8966
A35: 3 | B35: Jumlah surat suara dikembalikan oleh pemilih (karena rusak atau keliru coblos) | E35: 0 | F35: 0 | G35: 0 | H35: 0 | I35: 2 | J35: 4 | K35: 0 | L35: 0 | M35: 0 | N35: 0 | O35: 0 | P35: 0 | Q35: 0 | R35: 0 | S35: 0 | T35: 0 | U35: 1 | V35: 0 | W35: 0 | X35: 0 | Y35: 0 | Z35: 0 | AA35: 0 | AB35: 0 | AC35: 0 | AD35: 2 | AE35: 0 | AF35: 0 | AG35: 1 | AH35: 0 | AI35: 0 | AJ35: 0 | AK35: 0 | AL35: 2 | AM35: 0 | AN35: 0 | AO35: 2 | AP35: 0 | AQ35: 0 | AR35: =SUM(E35:AQ35) -> 14
A36: 4 | B36: Jumlah surat suara yang tidak digunakan/tidak terpakai, termasuk sisa surat suara cadangan | E36: =E33-(E34+E35) -> 56 | F36: =F33-(F34+F35) -> 55 | G36: =G33-(G34+G35) -> 99 | H36: =H33-(H34+H35) -> 92 | I36: =I33-(I34+I35) -> 77 | J36: =J33-(J34+J35) -> 93 | K36: =K33-(K34+K35) -> 71 | L36: =L33-(L34+L35) -> 52 | ... AQ36: =AQ33-(AQ34+AQ35) -> 78 | AR36: =SUM(E36:AQ36) -> 2197
A38: III | B38: DATA PEMILIH DISABILITAS
B39: Jumlah seluruh Pemilih disabilitas yang menggunakan hak pilih | D39: LK | E39: 1 | F39: 1 | M39: 1 | S39: 2 | T39: 1 | W39: 2 | AC39: 3 | AD39: 3 | AH39: 1 | AQ39: 1 | AR39: =SUM(E39:AQ39) -> 16
D40: PR | E40: 2 | S40: 3 | U40: 2 | W40: 1 | AC40: 4 | AD40: 1 | AG40: 1 | AR40: =SUM(E40:AQ40) -> 14
D41: JML | E41: =SUM(E39:E40) -> 3 | F41: =SUM(F39:F40) -> 1 | G41: =SUM(G39:G40) -> 0 | H41: =SUM(H39:H40) -> 0 | I41: =SUM(I39:I40) -> 0 | J41: =SUM(J39:J40) -> 0 | K41: =SUM(K39:K40) -> 0 | L41: =SUM(L39:L40) -> 0 | ... AQ41: =SUM(AQ39:AQ40) -> 1 | AR41: =SUM(E41:AQ41) -> 30
A43: IV | B43: DATA RINCIAN PEROLEHAN SUARA PASANGAN CALON BUPATI DAN WAKIL BUPATI
B44: NOMOR DAN NAMA CALON
B45: 1. | C45: AA. AHMAD NAWARDI | E45: 5 | F45: 14 | G45: 8 | H45: 4 | I45: 11 | J45: 20 | K45: 16 | L45: 18 | M45: 18 | N45: 21 | O45: 17 | P45: 21 | Q45: 24 | R45: 27 | S45: 21 | T45: 32 | U45: 14 | V45: 53 | W45: 10 | X45: 26 | Y45: 20 | Z45: 26 | AA45: 34 | AB45: 51 | AC45: 52 | AD45: 48 | AE45: 34 | AF45: 34 | AG45: 50 | AH45: 31 | AI45: 47 | AJ45: 50 | AK45: 34 | AL45: 39 | AM45: 32 | AN45: 44 | AO45: 29 | AP45: 31 | AQ45: 7 | AR45: =SUM(E45:AQ45) -> 1073
B46: 2. | C46: Ir. H. AA LA NYALLA MAHMUD MATTALITI, M.HP. | E46: 35 | F46: 28 | G46: 21 | H46: 18 | I46: 30 | J46: 29 | K46: 32 | L46: 45 | M46: 34 | N46: 27 | O46: 44 | P46: 25 | Q46: 34 | R46: 29 | S46: 36 | T46: 24 | U46: 26 | V46: 37 | W46: 22 | X46: 39 | Y46: 23 | Z46: 23 | AA46: 31 | AB46: 24 | AC46: 33 | AD46: 37 | AE46: 54 | AF46: 22 | AG46: 26 | AH46: 25 | AI46: 38 | AJ46: 40 | AK46: 48 | AL46: 26 | AM46: 30 | AN46: 35 | AO46: 19 | AP46: 26 | AQ46: 30 | AR46: =SUM(E46:AQ46) -> 1205
B47: 3. | C47: ABDUL QADIR AMIR HARTONO, S.E., S.H., M.H. | E47: 19 | F47: 16 | G47: 6 | H47: 16 | I47: 10 | J47: 10 | K47: 17 | L47: 9 | M47: 8 | N47: 13 | O47: 11 | P47: 12 | Q47: 17 | R47: 10 | S47: 13 | T47: 13 | U47: 17 | V47: 13 | W47: 14 | X47: 9 | Y47: 21 | Z47: 12 | AA47: 8 | AB47: 8 | AC47: 21 | AD47: 18 | AE47: 16 | AF47: 17 | AG47: 9 | AH47: 14 | AI47: 17 | AJ47: 10 | AK47: 14 | AL47: 15 | AM47: 20 | AN47: 8 | AO47: 13 | AP47: 9 | AQ47: 12 | AR47: =SUM(E47:AQ47) -> 515
B48: 4. | C48: ADILLA AZIS, S.E. | E48: 29 | F48: 22 | G48: 12 | H48: 14 | I48: 16 | J48: 15 | K48: 20 | L48: 32 | M48: 37 | N48: 19 | O48: 28 | P48: 26 | Q48: 30 | R48: 26 | S48: 18 | T48: 28 | U48: 20 | V48: 20 | W48: 33 | X48: 18 | Y48: 23 | Z48: 24 | AA48: 29 | AB48: 15 | AC48: 15 | AD48: 36 | AE48: 21 | AF48: 28 | AG48: 12 | AH48: 19 | AI48: 20 | AJ48: 18 | AK48: 25 | AL48: 16 | AM48: 18 | AN48: 19 | AO48: 20 | AP48: 19 | AQ48: 27 | AR48: =SUM(E48:AQ48) -> 867
B49: 5. | C49: Ir. H. AGUS RAHARDJO, MSc.M. | E49: 22 | F49: 24 | G49: 24 | H49: 25 | I49: 23 | J49: 15 | K49: 19 | L49: 15 | M49: 12 | N49: 16 | O49: 29 | P49: 12 | Q49: 16 | R49: 31 | S49: 24 | T49: 10 | U49: 22 | V49: 14 | W49: 14 | X49: 20 | Y49: 30 | Z49: 27 | AA49: 11 | AB49: 15 | AC49: 17 | AD49: 11 | AE49: 15 | AF49: 24 | AG49: 13 | AH49: 24 | AI49: 17 | AJ49: 15 | AK49: 22 | AL49: 24 | AM49: 23 | AN49: 20 | AO49: 11 | AP49: 21 | AQ49: 7 | AR49: =SUM(E49:AQ49) -> 734
B50: 6. | C50: Drs. AYUB KHAN | E50: 18 | F50: 17 | G50: 12 | H50: 13 | I50: 8 | J50: 10 | K50: 11 | L50: 22 | M50: 11 | N50: 11 | O50: 14 | P50: 14 | Q50: 17 | R50: 14 | S50: 13 | T50: 12 | U50: 14 | V50: 27 | W50: 9 | X50: 14 | Y50: 10 | Z50: 23 | AA50: 20 | AB50: 27 | AC50: 21 | AD50: 7 | AE50: 23 | AF50: 17 | AG50: 38 | AH50: 14 | AI50: 21 | AJ50: 31 | AK50: 13 | AL50: 24 | AM50: 18 | AN50: 24 | AO50: 29 | AP50: 14 | AQ50: 9 | AR50: =SUM(E50:AQ50) -> 664
B51: 7. | C51: BAMBANG HARIANTO | E51: 3 | F51: 2 | G51: 2 | H51: 1 | I51: 1 | J51: 2 | K51: 4 | L51: 2 | M51: 1 | N51: 3 | O51: 0 | P51: 2 | Q51: 3 | R51: 4 | S51: 0 | T51: 2 | U51: 2 | V51: 5 | W51: 1 | X51: 3 | Y51: 1 | Z51: 1 | AA51: 2 | AB51: 0 | AC51: 1 | AD51: 3 | AE51: 5 | AF51: 2 | AG51: 1 | AH51: 3 | AI51: 2 | AJ51: 2 | AK51: 4 | AL51: 0 | AM51: 0 | AN51: 5 | AO51: 1 | AP51: 2 | AQ51: 2 | AR51: =SUM(E51:AQ51) -> 80
B52: 8. | C52: CATUR RUDI UTANTO, S.Sos. | E52: 7 | F52: 8 | G52: 2 | H52: 3 | I52: 15 | J52: 4 | K52: 8 | L52: 2 | M52: 1 | N52: 0 | O52: 3 | P52: 6 | Q52: 5 | R52: 3 | S52: 1 | T52: 2 | U52: 3 | V52: 7 | W52: 0 | X52: 4 | Y52: 1 | Z52: 2 | AA52: 3 | AB52: 5 | AC52: 5 | AD52: 0 | AE52: 4 | AF52: 7 | AG52: 3 | AH52: 5 | AI52: 2 | AJ52: 3 | AK52: 4 | AL52: 3 | AM52: 11 | AN52: 8 | AO52: 10 | AP52: 5 | AQ52: 0 | AR52: =SUM(E52:AQ52) -> 165
B53: 9. | C53: DODDY DWI NUGROHO | E53: 1 | F53: 1 | G53: 0 | H53: 2 | I53: 1 | J53: 0 | K53: 2 | L53: 0 | M53: 2 | N53: 2 | O53: 2 | P53: 3 | Q53: 0 | R53: 4 | S53: 0 | T53: 1 | U53: 0 | V53: 2 | W53: 1 | X53: 1 | Y53: 0 | Z53: 0 | AA53: 0 | AB53: 0 | AC53: 2 | AD53: 1 | AE53: 0 | AF53: 1 | AG53: 0 | AH53: 0 | AI53: 1 | AJ53: 1 | AK53: 0 | AL53: 1 | AM53: 0 | AN53: 0 | AO53: 1 | AP53: 1 | AQ53: 0 | AR53: =SUM(E53:AQ53) -> 34
B54: 10. | C54: KONDANG KUSUMANING AYU | E54: 31 | F54: 28 | G54: 34 | H54: 30 | I54: 23 | J54: 18 | K54: 25 | L54: 27 | M54: 23 | N54: 27 | O54: 29 | P54: 24 | Q54: 14 | R54: 15 | S54: 29 | T54: 31 | U54: 25 | V54: 22 | W54: 40 | X54: 29 | Y54: 23 | Z54: 20 | AA54: 20 | AB54: 33 | AC54: 24 | AD54: 27 | AE54: 12 | AF54: 23 | AG54: 18 | AH54: 27 | AI54: 16 | AJ54: 22 | AK54: 20 | AL54: 38 | AM54: 11 | AN54: 21 | AO54: 19 | AP54: 38 | AQ54: 31 | AR54: =SUM(E54:AQ54) -> 967
B55: 11. | C55: KUNJUNG WAHYUDI | E55: 3 | F55: 1 | G55: 2 | H55: 5 | I55: 2 | J55: 1 | K55: 2 | L55: 2 | M55: 0 | N55: 1 | O55: 0 | P55: 1 | Q55: 2 | R55: 1 | S55: 3 | T55: 0 | U55: 3 | V55: 3 | W55: 6 | X55: 1 | Y55: 2 | Z55: 0 | AA55: 1 | AB55: 2 | AC55: 1 | AD55: 3 | AE55: 0 | AF55: 2 | AG55: 1 | AH55: 1 | AI55: 1 | AJ55: 2 | AK55: 0 | AL55: 2 | AM55: 2 | AN55: 0 | AO55: 3 | AP55: 4 | AQ55: 1 | AR55: =SUM(E55:AQ55) -> 67
B56: 12. | C56: Dr. LIA ISTIFHAMA | E56: 27 | F56: 26 | G56: 11 | H56: 19 | I56: 27 | J56: 22 | K56: 26 | L56: 28 | M56: 35 | N56: 34 | O56: 18 | P56: 28 | Q56: 32 | R56: 21 | S56: 28 | T56: 34 | U56: 17 | V56: 18 | W56: 34 | X56: 27 | Y56: 19 | Z56: 44 | AA56: 29 | AB56: 46 | AC56: 30 | AD56: 21 | AE56: 21 | AF56: 42 | AG56: 24 | AH56: 34 | AI56: 34 | AJ56: 21 | AK56: 30 | AL56: 48 | AM56: 17 | AN56: 15 | AO56: 17 | AP56: 39 | AQ56: 39 | AR56: =SUM(E56:AQ56) -> 1082
B57: 13. | C57: MOHAMMAD TRIJANTO, S.H., M.M., M.H. | E57: 2 | F57: 3 | G57: 4 | H57: 2 | I57: 5 | J57: 2 | K57: 2 | L57: 2 | M57: 2 | N57: 2 | O57: 3 | P57: 2 | Q57: 2 | R57: 4 | S57: 2 | T57: 4 | U57: 5 | V57: 0 | W57: 7 | X57: 3 | Y57: 0 | Z57: 0 | AA57: 1 | AB57: 3 | AC57: 0 | AD57: 1 | AE57: 3 | AF57: 3 | AG57: 2 | AH57: 0 | AI57: 2 | AJ57: 0 | AK57: 1 | AL57: 0 | AM57: 2 | AN57: 2 | AO57: 1 | AP57: 1 | AQ57: 3 | AR57: =SUM(E57:AQ57) -> 83
A59: V | B59: DATA SUARA SAH DAN TIDAK SAH
B60: A. | C60: JUMLAH SELURUH SUARA SAH | E60: =SUM(E45:E57) -> 202 | F60: =SUM(F45:F57) -> 190 | G60: =SUM(G45:G57) -> 138 | H60: =SUM(H45:H57) -> 152 | I60: =SUM(I45:I57) -> 172 | J60: =SUM(J45:J57) -> 148 | K60: =SUM(K45:K57) -> 184 | L60: =SUM(L45:L57) -> 204 | ... AQ60: =SUM(AQ45:AQ57) -> 168 | AR60: =SUM(E60:AQ60) -> 7536
B61: B. | C61: JUMLAH SUARA TIDAK SAH | E61: 34 | F61: 40 | G61: 29 | H61: 41 | I61: 38 | J61: 47 | K61: 35 | L61: 37 | M61: 29 | N61: 44 | O61: 43 | P61: 40 | Q61: 44 | R61: 48 | S61: 43 | T61: 68 | U61: 33 | V61: 37 | W61: 31 | X61: 42 | Y61: 29 | Z61: 15 | AA61: 27 | AB61: 31 | AC61: 17 | AD61: 61 | AE61: 34 | AF61: 44 | AG61: 31 | AH61: 22 | AI61: 28 | AJ61: 29 | AK61: 19 | AL61: 21 | AM61: 42 | AN61: 68 | AO61: 32 | AP61: 43 | AQ61: 34 | AR61: =SUM(E61:AQ61) -> 1430
B62: C. | C62: JUMLAH SELURUH SUARA SAH DAN SUARA TIDAK SAH (V.A + V.B) | E62: =SUM(E60:E61) -> 236 | F62: =SUM(F60:F61) -> 230 | G62: =SUM(G60:G61) -> 167 | H62: =SUM(H60:H61) -> 193 | I62: =SUM(I60:I61) -> 210 | J62: =SUM(J60:J61) -> 195 | K62: =SUM(K60:K61) -> 219 | L62: =SUM(L60:L61) -> 241 | ... AQ62: =SUM(AQ60:AQ61) -> 202 | AR62: =SUM(E62:AQ62) -> 8966

Sheet GOMBENGSARI
C2: Kecamatan | D2: KALIPURO
C3: Kabupaten | D3: BANYUWANGI
C4: Provinsi | D4: JAWA TIMUR
C9: Kelurahan
A12: I | B12: DATA PEMILIH DAN PENGGUNAAN HAK PILIH | AC12: JUMLAH AKHIR
A13: A | B13: DATA PEMILIH | E13: TPS 001 | F13: TPS 002 | G13: TPS 003 | H13: TPS 004 | I13: TPS 005 | J13: TPS 006 | K13: TPS 007 | L13: TPS 008 | M13: TPS 009 | N13: TPS 010 | O13: TPS 011 | P13: TPS 012 | Q13: TPS 013 | R13: TPS 014 | S13: TPS 015 | T13: TPS 016 | U13: TPS 017 | V13: TPS 018 | W13: TPS 019 | X13: TPS 020 | Y13: TPS 021 | Z13: TPS 022 | AA13: TPS 023 | AB13: TPS 024
B14: Jumlah Pemilih dalam Daftar Pemilih Tetap (DPT) | D14: LK | E14: 88 | F14: 112 | G14: 144 | H14: 112 | I14: 130 | J14: 147 | K14: 145 | L14: 148 | M14: 125 | N14: 122 | O14: 120 | P14: 148 | Q14: 148 | R14: 139 | S14: 100 | T14: 141 | U14: 139 | V14: 139 | W14: 139 | X14: 137 | Y14: 122 | Z14: 109 | AA14: 124 | AB14: 127 | AC14: =SUM(E14:AB14) -> 3105
D15: PR | E15: 84 | F15: 119 | G15: 147 | H15: 118 | I15: 144 | J15: 150 | K15: 150 | L15: 143 | M15: 136 | N15: 125 | O15: 132 | P15: 146 | Q15: 140 | R15: 146 | S15: 100 | T15: 143 | U15: 142 | V15: 139 | W15: 145 | X15: 130 | Y15: 130 | Z15: 108 | AA15: 132 | AB15: 123 | AC15: =SUM(E15:AB15) -> 3172
D16: JML | E16: =SUM(E14:E15) -> 172 | F16: =SUM(F14:F15) -> 231 | G16: =SUM(G14:G15) -> 291 | H16: =SUM(H14:H15) -> 230 | I16: =SUM(I14:I15) -> 274 | J16: =SUM(J14:J15) -> 297 | K16: =SUM(K14:K15) -> 295 | L16: =SUM(L14:L15) -> 291 | ... AB16: =SUM(AB14:AB15) -> 250 | AC16: =SUM(E16:AB16) -> 6277
A18: B | B18: PENGGUNA HAK PILIH
B19: 1. | C19: Jumlah pengguna hak pilih dalam Daftar Pemilih Tetap (DPT) | D19: LK | E19: 63 | F19: 88 | G19: 101 | H19: 80 | I19: 104 | J19: 117 | K19: 117 | L19: 124 | M19: 96 | N19: 98 | O19: 106 | P19: 124 | Q19: 111 | R19: 115 | S19: 94 | T19: 121 | U19: 120 | V19: 123 | W19: 112 | X19: 114 | Y19: 105 | Z19: 87 | AA19: 99 | AB19: 97 | AC19: =SUM(E19:AB19) -> 2516
D20: PR | E20: 73 | F20: 104 | G20: 118 | H20: 97 | I20: 133 | J20: 129 | K20: 128 | L20: 127 | M20: 107 | N20: 106 | O20: 122 | P20: 125 | Q20: 116 | R20: 123 | S20: 94 | T20: 122 | U20: 121 | V20: 120 | W20: 122 | X20: 108 | Y20: 107 | Z20: 89 | AA20: 118 | AB20: 96 | AC20: =SUM(E20:AB20) -> 2705
D21: JML | E21: =SUM(E19:E20) -> 136 | F21: =SUM(F19:F20) -> 192 | G21: =SUM(G19:G20) -> 219 | H21: =SUM(H19:H20) -> 177 | I21: =SUM(I19:I20) -> 237 | J21: =SUM(J19:J20) -> 246 | K21: =SUM(K19:K20) -> 245 | L21: =SUM(L19:L20) -> 251 | ... AB21: =SUM(AB19:AB20) -> 193 | AC21: =SUM(E21:AB21) -> 5221
B22: 2. | C22: Jumlah pengguna hak pilih dalam Daftar Pemilih Tambahan (DPTb) | D22: LK | E22: 0 | F22: 0 | G22: 0 | H22: 0 | I22: 0 | J22: 0 | K22: 0 | L22: 0 | M22: 1 | N22: 0 | O22: 0 | P22: 0 | Q22: 1 | R22: 0 | S22: 0 | T22: 1 | U22: 0 | V22: 0 | W22: 0 | X22: 0 | Y22: 0 | Z22: 0 | AA22: 1 | AB22: 0 | AC22: =SUM(E22:AB22) -> 4
D23: PR | E23: 1 | F23: 0 | G23: 1 | H23: 0 | I23: 1 | J23: 0 | K23: 1 | L23: 0 | M23: 0 | N23: 0 | O23: 0 | P23: 0 | Q23: 2 | R23: 0 | S23: 1 | T23: 0 | U23: 0 | V23: 0 | W23: 1 | X23: 0 | Y23: 0 | Z23: 0 | AA23: 1 | AB23: 1 | AC23: =SUM(E23:AB23) -> 10
D24: JML | E24: =SUM(E22:E23) -> 1 | F24: =SUM(F22:F23) -> 0 | G24: =SUM(G22:G23) -> 1 | H24: =SUM(H22:H23) -> 0 | I24: =SUM(I22:I23) -> 1 | J24: =SUM(J22:J23) -> 0 | K24: =SUM(K22:K23) -> 1 | L24: =SUM(L22:L23) -> 0 | ... AB24: =SUM(AB22:AB23) -> 1 | AC24: =SUM(E24:AB24) -> 14
B25: 3. | C25: Jumlah pengguna hak pilih dalam Daftar Pemilih Khusus (DPK) | D25: LK | E25: 0 | F25: 1 | G25: 0 | H25: 0 | I25: 1 | J25: 0 | K25: 1 | L25: 1 | M25: 0 | N25: 0 | O25: 0 | P25: 0 | Q25: 0 | R25: 0 | S25: 0 | T25: 0 | U25: 0 | V25: 3 | W25: 1 | X25: 3 | Y25: 3 | Z25: 0 | AA25: 0 | AB25: 1 | AC25: =SUM(E25:AB25) -> 15
D26: PR | E26: 1 | F26: 3 | G26: 1 | H26: 1 | I26: 0 | J26: 0 | K26: 2 | L26: 1 | M26: 1 | N26: 0 | O26: 0 | P26: 0 | Q26: 0 | R26: 0 | S26: 0 | T26: 0 | U26: 1 | V26: 0 | W26: 1 | X26: 2 | Y26: 2 | Z26: 0 | AA26: 0 | AB26: 1 | AC26: =SUM(E26:AB26) -> 17
D27: JML | E27: =SUM(E25:E26) -> 1 | F27: =SUM(F25:F26) -> 4 | G27: =SUM(G25:G26) -> 1 | H27: =SUM(H25:H26) -> 1 | I27: =SUM(I25:I26) -> 1 | J27: =SUM(J25:J26) -> 0 | K27: =SUM(K25:K26) -> 3 | L27: =SUM(L25:L26) -> 2 | ... AB27: =SUM(AB25:AB26) -> 2 | AC27: =SUM(E27:AB27) -> 32
B28: 4. | C28: Jumlah Pengguna Hak Pilih (B.1+B.2+B.3) | D28: LK | E28: =SUM(E19,E22,E25) -> 63 | F28: =SUM(F19,F22,F25) -> 89 | G28: =SUM(G19,G22,G25) -> 101 | H28: =SUM(H19,H22,H25) -> 80 | I28: =SUM(I19,I22,I25) -> 105 | J28: =SUM(J19,J22,J25) -> 117 | K28: =SUM(K19,K22,K25) -> 118 | L28: =SUM(L19,L22,L25) -> 125 | ... AB28: =SUM(AB19,AB22,AB25) -> 98 | AC28: =SUM(E28:AB28) -> 2535
D29: PR | E29: =SUM(E20,E23,E26) -> 75 | F29: =SUM(F20,F23,F26) -> 107 | G29: =SUM(G20,G23,G26) -> 120 | H29: =SUM(H20,H23,H26) -> 98 | I29: =SUM(I20,I23,I26) -> 134 | J29: =SUM(J20,J23,J26) -> 129 | K29: =SUM(K20,K23,K26) -> 131 | L29: =SUM(L20,L23,L26) -> 128 | ... AB29: =SUM(AB20,AB23,AB26) -> 98 | AC29: =SUM(E29:AB29) -> 2732
D30: JML | E30: =SUM(E28:E29) -> 138 | F30: =SUM(F28:F29) -> 196 | G30: =SUM(G28:G29) -> 221 | H30: =SUM(H28:H29) -> 178 | I30: =SUM(I28:I29) -> 239 | J30: =SUM(J28:J29) -> 246 | K30: =SUM(K28:K29) -> 249 | L30: =SUM(L28:L29) -> 253 | ... AB30: =SUM(AB28:AB29) -> 196 | AC30: =SUM(E30:AB30) -> 5267
A32: II | B32: DATA PENGGUNAAN SURAT SUARA
A33: 1 | B33: Jumlah surat suara yang diterima, termasuk surat suara cadangan 2% dari DPT | E33: 175 | F33: 236 | G33: 255 | H33: 235 | I33: 279 | J33: 303 | K33: 289 | L33: 297 | M33: 266 | N33: 252 | O33: 257 | P33: 300 | Q33: 294 | R33: 291 | S33: 204 | T33: 290 | U33: 287 | V33: 264 | W33: 292 | X33: 272 | Y33: 257 | Z33: 221 | AA33: 261 | AB33: 247 | AC33: =SUM(E33:AB33) -> 6324
A34: 2 | B34: Jumlah surat suara yang digunakan | E34: 138 | F34: 196 | G34: 221 | H34: 178 | I34: 239 | J34: 246 | K34: 249 | L34: 253 | M34: 205 | N34: 204 | O34: 228 | P34: 249 | Q34: 230 | R34: 238 | S34: 189 | T34: 244 | U34: 242 | V34: 246 | W34: 237 | X34: 227 | Y34: 217 | Z34: 176 | AA34: 219 | AB34: 196 | AC34: =SUM(E34:AB34) -> 5267
A35: 3 | B35: Jumlah surat suara dikembalikan oleh pemilih (karena rusak atau keliru coblos) | E35: 0 | F35: 0 | G35: 0 | H35: 0 | I35: 0 | J35: 0 | K35: 2 | L35: 2 | M35: 0 | N35: 0 | O35: 0 | P35: 0 | Q35: 0 | R35: 0 | S35: 0 | T35: 3 | U35: 0 | V35: 0 | W35: 0 | X35: 1 | Y35: 0 | Z35: 0 | AA35: 0 | AB35: 0 | AC35: =SUM(E35:AB35) -> 8
A36: 4 | B36: Jumlah surat suara yang tidak digunakan/tidak terpakai, termasuk sisa surat suara cadangan | E36: =E33-(E34+E35) -> 37 | F36: =F33-(F34+F35) -> 40 | G36: =G33-(G34+G35) -> 34 | H36: =H33-(H34+H35) -> 57 | I36: =I33-(I34+I35) -> 40 | J36: =J33-(J34+J35) -> 57 | K36: =K33-(K34+K35) -> 38 | L36: =L33-(L34+L35) -> 42 | ... AB36: =AB33-(AB34+AB35) -> 51 | AC36: =SUM(E36:AB36) -> 1049
A38: III | B38: DATA PEMILIH DISABILITAS
B39: Jumlah seluruh Pemilih disabilitas yang menggunakan hak pilih | D39: LK | J39: 1 | W39: 1 | AA39: 2 | AB39: 1 | AC39: =SUM(E39:AB39) -> 5
D40: PR | E40: 1 | M40: 1 | AA40: 2 | AC40: =SUM(E40:AB40) -> 4
D41: JML | E41: =SUM(E39:E40) -> 1 | F41: =SUM(F39:F40) -> 0 | G41: =SUM(G39:G40) -> 0 | H41: =SUM(H39:H40) -> 0 | I41: =SUM(I39:I40) -> 0 | J41: =SUM(J39:J40) -> 1 | K41: =SUM(K39:K40) -> 0 | L41: =SUM(L39:L40) -> 0 | ... AB41: =SUM(AB39:AB40) -> 1 | AC41: =SUM(E41:AB41) -> 9
A43: IV | B43: DATA RINCIAN PEROLEHAN SUARA PASANGAN CALON BUPATI DAN WAKIL BUPATI
B44: NOMOR DAN NAMA CALON
B45: 1. | C45: AA. AHMAD NAWARDI | E45: 13 | F45: 11 | G45: 21 | H45: 14 | I45: 23 | J45: 28 | K45: 45 | L45: 37 | M45: 37 | N45: 46 | O45: 35 | P45: 15 | Q45: 15 | R45: 29 | S45: 30 | T45: 42 | U45: 26 | V45: 38 | W45: 24 | X45: 23 | Y45: 22 | Z45: 7 | AA45: 14 | AB45: 17 | AC45: =SUM(E45:AB45) -> 612
B46: 2. | C46: Ir. H. AA LA NYALLA MAHMUD MATTALITI, M.HP. | E46: 23 | F46: 24 | G46: 40 | H46: 17 | I46: 50 | J46: 42 | K46: 29 | L46: 45 | M46: 37 | N46: 29 | O46: 36 | P46: 45 | Q46: 57 | R46: 45 | S46: 49 | T46: 37 | U46: 43 | V46: 41 | W46: 39 | X46: 30 | Y46: 15 | Z46: 22 | AA46: 20 | AB46: 23 | AC46: =SUM(E46:AB46) -> 838
B47: 3. | C47: ABDUL QADIR AMIR HARTONO, S.E., S.H., M.H. | E47: 9 | F47: 4 | G47: 12 | H47: 8 | I47: 9 | J47: 12 | K47: 7 | L47: 5 | M47: 17 | N47: 13 | O47: 6 | P47: 13 | Q47: 14 | R47: 11 | S47: 6 | T47: 15 | U47: 18 | V47: 18 | W47: 13 | X47: 9 | Y47: 8 | Z47: 10 | AA47: 13 | AB47: 8 | AC47: =SUM(E47:AB47) -> 258
B48: 4. | C48: ADILLA AZIS, S.E. | E48: 7 | F48: 20 | G48: 15 | H48: 13 | I48: 27 | J48: 24 | K48: 22 | L48: 25 | M48: 19 | N48: 17 | O48: 22 | P48: 23 | Q48: 21 | R48: 18 | S48: 25 | T48: 18 | U48: 31 | V48: 23 | W48: 24 | X48: 23 | Y48: 23 | Z48: 11 | AA48: 25 | AB48: 18 | AC48: =SUM(E48:AB48) -> 494
B49: 5. | C49: Ir. H. AGUS RAHARDJO, MSc.M. | E49: 11 | F49: 20 | G49: 13 | H49: 14 | I49: 22 | J49: 20 | K49: 14 | L49: 14 | M49: 18 | N49: 9 | O49: 9 | P49: 25 | Q49: 23 | R49: 20 | S49: 5 | T49: 20 | U49: 13 | V49: 13 | W49: 15 | X49: 16 | Y49: 16 | Z49: 10 | AA49: 17 | AB49: 22 | AC49: =SUM(E49:AB49) -> 379
B50: 6. | C50: Drs. AYUB KHAN | E50: 17 | F50: 13 | G50: 10 | H50: 7 | I50: 16 | J50: 13 | K50: 5 | L50: 13 | M50: 3 | N50: 10 | O50: 7 | P50: 9 | Q50: 9 | R50: 15 | S50: 16 | T50: 13 | U50: 11 | V50: 19 | W50: 24 | X50: 14 | Y50: 23 | Z50: 7 | AA50: 16 | AB50: 10 | AC50: =SUM(E50:AB50) -> 300
B51: 7. | C51: BAMBANG HARIANTO | E51: 2 | F51: 2 | G51: 2 | H51: 1 | I51: 1 | J51: 4 | K51: 3 | L51: 0 | M51: 1 | N51: 1 | O51: 2 | P51: 1 | Q51: 2 | R51: 4 | S51: 5 | T51: 4 | U51: 3 | V51: 1 | W51: 5 | X51: 0 | Y51: 3 | Z51: 0 | AA51: 1 | AB51: 3 | AC51: =SUM(E51:AB51) -> 51
B52: 8. | C52: CATUR RUDI UTANTO, S.Sos. | E52: 0 | F52: 2 | G52: 3 | H52: 3 | I52: 1 | J52: 6 | K52: 4 | L52: 8 | M52: 2 | N52: 8 | O52: 4 | P52: 8 | Q52: 5 | R52: 6 | S52: 2 | T52: 4 | U52: 2 | V52: 4 | W52: 0 | X52: 4 | Y52: 1 | Z52: 6 | AA52: 5 | AB52: 6 | AC52: =SUM(E52:AB52) -> 94
B53: 9. | C53: DODDY DWI NUGROHO | E53: 1 | F53: 2 | G53: 1 | H53: 0 | I53: 2 | J53: 0 | K53: 0 | L53: 3 | M53: 2 | N53: 0 | O53: 1 | P53: 1 | Q53: 0 | R53: 0 | S53: 1 | T53: 1 | U53: 0 | V53: 0 | W53: 1 | X53: 0 | Y53: 2 | Z53: 1 | AA53: 0 | AB53: 0 | AC53: =SUM(E53:AB53) -> 19
B54: 10. | C54: KONDANG KUSUMANING AYU | E54: 12 | F54: 24 | G54: 25 | H54: 14 | I54: 45 | J54: 17 | K54: 18 | L54: 18 | M54: 13 | N54: 20 | O54: 20 | P54: 22 | Q54: 20 | R54: 35 | S54: 8 | T54: 16 | U54: 24 | V54: 26 | W54: 15 | X54: 20 | Y54: 19 | Z54: 26 | AA54: 21 | AB54: 16 | AC54: =SUM(E54:AB54) -> 494
B55: 11. | C55: KUNJUNG WAHYUDI | E55: 0 | F55: 1 | G55: 1 | H55: 3 | I55: 2 | J55: 5 | K55: 2 | L55: 0 | M55: 1 | N55: 0 | O55: 0 | P55: 1 | Q55: 0 | R55: 1 | S55: 0 | T55: 1 | U55: 2 | V55: 2 | W55: 1 | X55: 2 | Y55: 0 | Z55: 1 | AA55: 0 | AB55: 2 | AC55: =SUM(E55:AB55) -> 28
B56: 12. | C56: Dr. LIA ISTIFHAMA | E56: 19 | F56: 24 | G56: 47 | H56: 10 | I56: 20 | J56: 15 | K56: 36 | L56: 35 | M56: 27 | N56: 23 | O56: 29 | P56: 9 | Q56: 9 | R56: 13 | S56: 13 | T56: 22 | U56: 26 | V56: 26 | W56: 21 | X56: 22 | Y56: 28 | Z56: 26 | AA56: 27 | AB56: 34 | AC56: =SUM(E56:AB56) -> 561
B57: 13. | C57: MOHAMMAD TRIJANTO, S.H., M.M., M.H. | E57: 1 | F57: 0 | G57: 4 | H57: 0 | I57: 1 | J57: 2 | K57: 1 | L57: 2 | M57: 1 | N57: 1 | O57: 1 | P57: 1 | Q57: 5 | R57: 0 | S57: 0 | T57: 1 | U57: 2 | V57: 3 | W57: 2 | X57: 3 | Y57: 2 | Z57: 1 | AA57: 1 | AB57: 6 | AC57: =SUM(E57:AB57) -> 41
A59: V | B59: DATA SUARA SAH DAN TIDAK SAH
B60: A. | C60: JUMLAH SELURUH SUARA SAH | E60: =SUM(E45:E57) -> 115 | F60: =SUM(F45:F57) -> 147 | G60: =SUM(G45:G57) -> 194 | H60: =SUM(H45:H57) -> 104 | I60: =SUM(I45:I57) -> 219 | J60: =SUM(J45:J57) -> 188 | K60: =SUM(K45:K57) -> 186 | L60: =SUM(L45:L57) -> 205 | ... AB60: =SUM(AB45:AB57) -> 165 | AC60: =SUM(E60:AB60) -> 4169
B61: B. | C61: JUMLAH SUARA TIDAK SAH | E61: 23 | F61: 49 | G61: 27 | H61: 74 | I61: 20 | J61: 58 | K61: 63 | L61: 48 | M61: 27 | N61: 27 | O61: 56 | P61: 76 | Q61: 50 | R61: 41 | S61: 29 | T61: 50 | U61: 41 | V61: 32 | W61: 53 | X61: 61 | Y61: 55 | Z61: 48 | AA61: 59 | AB61: 31 | AC61: =SUM(E61:AB61) -> 1098
B62: C. | C62: JUMLAH SELURUH SUARA SAH DAN SUARA TIDAK SAH (V.A + V.B) | E62: =SUM(E60:E61) -> 138 | F62: =SUM(F60:F61) -> 196 | G62: =SUM(G60:G61) -> 221 | H62: =SUM(H60:H61) -> 178 | I62: =SUM(I60:I61) -> 239 | J62: =SUM(J60:J61) -> 246 | K62: =SUM(K60:K61) -> 249 | L62: =SUM(L60:L61) -> 253 | ... AB62: =SUM(AB60:AB61) -> 196 | AC62: =SUM(E62:AB62) -> 5267

Sheet KELIR
C2: Kecamatan | D2: KALIPURO
C3: Kabupaten | D3: BANYUWANGI
C4: Provinsi | D4: JAWA TIMUR
C9: Kelurahan
A12: I | B12: DATA PEMILIH DAN PENGGUNAAN HAK PILIH | W12: JUMLAH AKHIR
A13: A | B13: DATA PEMILIH | E13: TPS 001 | F13: TPS 002 | G13: TPS 003 | H13: TPS 004 | I13: TPS 005 | J13: TPS 006 | K13: TPS 007 | L13: TPS 008 | M13: TPS 009 | N13: TPS 010 | O13: TPS 011 | P13: TPS 012 | Q13: TPS 013 | R13: TPS 014 | S13: TPS 015 | T13: TPS 016 | U13: TPS 017 | V13: TPS 018
B14: Jumlah Pemilih dalam Daftar Pemilih Tetap (DPT) | D14: LK | E14: 124 | F14: 130 | G14: 115 | H14: 131 | I14: 128 | J14: 128 | K14: 73 | L14: 128 | M14: 117 | N14: 117 | O14: 93 | P14: 139 | Q14: 152 | R14: 142 | S14: 132 | T14: 122 | U14: 115 | V14: 117 | W14: =SUM(E14:V14) -> 2203
D15: PR | E15: 141 | F15: 140 | G15: 124 | H15: 131 | I15: 131 | J15: 141 | K15: 85 | L15: 136 | M15: 113 | N15: 133 | O15: 83 | P15: 148 | Q15: 136 | R15: 134 | S15: 139 | T15: 136 | U15: 122 | V15: 125 | W15: =SUM(E15:V15) -> 2298
D16: JML | E16: =SUM(E14:E15) -> 265 | F16: =SUM(F14:F15) -> 270 | G16: =SUM(G14:G15) -> 239 | H16: =SUM(H14:H15) -> 262 | I16: =SUM(I14:I15) -> 259 | J16: =SUM(J14:J15) -> 269 | K16: =SUM(K14:K15) -> 158 | L16: =SUM(L14:L15) -> 264 | ... V16: =SUM(V14:V15) -> 242 | W16: =SUM(E16:V16) -> 4501
A18: B | B18: PENGGUNA HAK PILIH
B19: 1. | C19: Jumlah pengguna hak pilih dalam Daftar Pemilih Tetap (DPT) | D19: LK | E19: 106 | F19: 108 | G19: 96 | H19: 104 | I19: 100 | J19: 106 | K19: 52 | L19: 112 | M19: 92 | N19: 96 | O19: 72 | P19: 108 | Q19: 117 | R19: 108 | S19: 109 | T19: 104 | U19: 100 | V19: 82 | W19: =SUM(E19:V19) -> 1772
D20: PR | E20: 119 | F20: 120 | G20: 108 | H20: 108 | I20: 106 | J20: 119 | K20: 70 | L20: 115 | M20: 101 | N20: 121 | O20: 63 | P20: 130 | Q20: 111 | R20: 119 | S20: 118 | T20: 117 | U20: 103 | V20: 93 | W20: =SUM(E20:V20) -> 1941
D21: JML | E21: =SUM(E19:E20) -> 225 | F21: =SUM(F19:F20) -> 228 | G21: =SUM(G19:G20) -> 204 | H21: =SUM(H19:H20) -> 212 | I21: =SUM(I19:I20) -> 206 | J21: =SUM(J19:J20) -> 225 | K21: =SUM(K19:K20) -> 122 | L21: =SUM(L19:L20) -> 227 | ... V21: =SUM(V19:V20) -> 175 | W21: =SUM(E21:V21) -> 3713
B22: 2. | C22: Jumlah pengguna hak pilih dalam Daftar Pemilih Tambahan (DPTb) | D22: LK | E22: 0 | F22: 0 | G22: 1 | H22: 0 | I22: 1 | J22: 0 | K22: 1 | L22: 1 | M22: 0 | N22: 0 | O22: 1 | P22: 0 | Q22: 0 | R22: 0 | S22: 1 | T22: 0 | U22: 1 | V22: 0 | W22: =SUM(E22:V22) -> 7
D23: PR | E23: 0 | F23: 1 | G23: 0 | H23: 1 | I23: 0 | J23: 1 | K23: 0 | L23: 0 | M23: 0 | N23: 2 | O23: 0 | P23: 1 | Q23: 0 | R23: 1 | S23: 0 | T23: 1 | U23: 2 | V23: 0 | W23: =SUM(E23:V23) -> 10
D24: JML | E24: =SUM(E22:E23) -> 0 | F24: =SUM(F22:F23) -> 1 | G24: =SUM(G22:G23) -> 1 | H24: =SUM(H22:H23) -> 1 | I24: =SUM(I22:I23) -> 1 | J24: =SUM(J22:J23) -> 1 | K24: =SUM(K22:K23) -> 1 | L24: =SUM(L22:L23) -> 1 | ... V24: =SUM(V22:V23) -> 0 | W24: =SUM(E24:V24) -> 17
B25: 3. | C25: Jumlah pengguna hak pilih dalam Daftar Pemilih Khusus (DPK) | D25: LK | E25: 1 | F25: 1 | G25: 1 | H25: 1 | I25: 0 | J25: 2 | K25: 4 | L25: 0 | M25: 0 | N25: 1 | O25: 2 | P25: 4 | Q25: 0 | R25: 0 | S25: 0 | T25: 0 | U25: 1 | V25: 7 | W25: =SUM(E25:V25) -> 25
D26: PR | E26: 2 | F26: 2 | G26: 1 | H26: 1 | I26: 0 | J26: 1 | K26: 3 | L26: 0 | M26: 0 | N26: 1 | O26: 2 | P26: 7 | Q26: 1 | R26: 0 | S26: 1 | T26: 2 | U26: 3 | V26: 6 | W26: =SUM(E26:V26) -> 33
D27: JML | E27: =SUM(E25:E26) -> 3 | F27: =SUM(F25:F26) -> 3 | G27: =SUM(G25:G26) -> 2 | H27: =SUM(H25:H26) -> 2 | I27: =SUM(I25:I26) -> 0 | J27: =SUM(J25:J26) -> 3 | K27: =SUM(K25:K26) -> 7 | L27: =SUM(L25:L26) -> 0 | ... V27: =SUM(V25:V26) -> 13 | W27: =SUM(E27:V27) -> 58
B28: 4. | C28: Jumlah Pengguna Hak Pilih (B.1+B.2+B.3) | D28: LK | E28: =SUM(E19,E22,E25) -> 107 | F28: =SUM(F19,F22,F25) -> 109 | G28: =SUM(G19,G22,G25) -> 98 | H28: =SUM(H19,H22,H25) -> 105 | I28: =SUM(I19,I22,I25) -> 101 | J28: =SUM(J19,J22,J25) -> 108 | K28: =SUM(K19,K22,K25) -> 57 | L28: =SUM(L19,L22,L25) -> 113 | ... V28: =SUM(V19,V22,V25) -> 89 | W28: =SUM(E28:V28) -> 1804
D29: PR | E29: =SUM(E20,E23,E26) -> 121 | F29: =SUM(F20,F23,F26) -> 123 | G29: =SUM(G20,G23,G26) -> 109 | H29: =SUM(H20,H23,H26) -> 110 | I29: =SUM(I20,I23,I26) -> 106 | J29: =SUM(J20,J23,J26) -> 121 | K29: =SUM(K20,K23,K26) -> 73 | L29: =SUM(L20,L23,L26) -> 115 | ... V29: =SUM(V20,V23,V26) -> 99 | W29: =SUM(E29:V29) -> 1984
D30: JML | E30: =SUM(E28:E29) -> 228 | F30: =SUM(F28:F29) -> 232 | G30: =SUM(G28:G29) -> 207 | H30: =SUM(H28:H29) -> 215 | I30: =SUM(I28:I29) -> 207 | J30: =SUM(J28:J29) -> 229 | K30: =SUM(K28:K29) -> 130 | L30: =SUM(L28:L29) -> 228 | ... V30: =SUM(V28:V29) -> 188 | W30: =SUM(E30:V30) -> 3788
A32: II | B32: DATA PENGGUNAAN SURAT SUARA
A33: 1 | B33: Jumlah surat suara yang diterima, termasuk surat suara cadangan 2% dari DPT | E33: 271 | F33: 276 | G33: 245 | H33: 268 | I33: 264 | J33: 275 | K33: 162 | L33: 271 | M33: 235 | N33: 254 | O33: 180 | P33: 293 | Q33: 294 | R33: 282 | S33: 288 | T33: 266 | U33: 240 | V33: 251 | W33: =SUM(E33:V33) -> 4615
A34: 2 | B34: Jumlah surat suara yang digunakan | E34: 228 | F34: 232 | G34: 207 | H34: 215 | I34: 207 | J34: 229 | K34: 130 | L34: 228 | M34: 193 | N34: 221 | O34: 140 | P34: 250 | Q34: 229 | R34: 228 | S34: 229 | T34: 224 | U34: 210 | V34: 188 | W34: =SUM(E34:V34) -> 3788
A35: 3 | B35: Jumlah surat suara dikembalikan oleh pemilih (karena rusak atau keliru coblos) | E35: 0 | F35: 0 | G35: 0 | H35: 0 | I35: 0 | J35: 0 | K35: 0 | L35: 0 | M35: 0 | N35: 0 | O35: 0 | P35: 0 | Q35: 0 | R35: 0 | S35: 0 | T35: 0 | U35: 0 | V35: 1 | W35: =SUM(E35:V35) -> 1
A36: 4 | B36: Jumlah surat suara yang tidak digunakan/tidak terpakai, termasuk sisa surat suara cadangan | E36: =E33-(E34+E35) -> 43 | F36: =F33-(F34+F35) -> 44 | G36: =G33-(G34+G35) -> 38 | H36: =H33-(H34+H35) -> 53 | I36: =I33-(I34+I35) -> 57 | J36: =J33-(J34+J35) -> 46 | K36: =K33-(K34+K35) -> 32 | L36: =L33-(L34+L35) -> 43 | ... V36: =V33-(V34+V35) -> 62 | W36: =SUM(E36:V36) -> 826
A38: III | B38: DATA PEMILIH DISABILITAS
B39: Jumlah seluruh Pemilih disabilitas yang menggunakan hak pilih | D39: LK | O39: 1 | W39: =SUM(E39:V39) -> 1
D40: PR | V40: 1 | W40: =SUM(E40:V40) -> 1
D41: JML | E41: =SUM(E39:E40) -> 0 | F41: =SUM(F39:F40) -> 0 | G41: =SUM(G39:G40) -> 0 | H41: =SUM(H39:H40) -> 0 | I41: =SUM(I39:I40) -> 0 | J41: =SUM(J39:J40) -> 0 | K41: =SUM(K39:K40) -> 0 | L41: =SUM(L39:L40) -> 0 | ... V41: =SUM(V39:V40) -> 1 | W41: =SUM(E41:V41) -> 2
A43: IV | B43: DATA RINCIAN PEROLEHAN SUARA PASANGAN CALON BUPATI DAN WAKIL BUPATI
B44: NOMOR DAN NAMA CALON
B45: 1. | C45: AA. AHMAD NAWARDI | E45: 19 | F45: 12 | G45: 10 | H45: 9 | I45: 20 | J45: 29 | K45: 6 | L45: 26 | M45: 21 | N45: 25 | O45: 24 | P45: 29 | Q45: 41 | R45: 29 | S45: 14 | T45: 14 | U45: 12 | V45: 21 | W45: =SUM(E45:V45) -> 361
B46: 2. | C46: Ir. H. AA LA NYALLA MAHMUD MATTALITI, M.HP. | E46: 23 | F46: 28 | G46: 20 | H46: 28 | I46: 29 | J46: 29 | K46: 18 | L46: 28 | M46: 28 | N46: 33 | O46: 16 | P46: 17 | Q46: 30 | R46: 28 | S46: 32 | T46: 34 | U46: 24 | V46: 27 | W46: =SUM(E46:V46) -> 472
B47: 3. | C47: ABDUL QADIR AMIR HARTONO, S.E., S.H., M.H. | E47: 12 | F47: 15 | G47: 14 | H47: 10 | I47: 7 | J47: 15 | K47: 12 | L47: 12 | M47: 8 | N47: 16 | O47: 14 | P47: 25 | Q47: 15 | R47: 14 | S47: 16 | T47: 16 | U47: 14 | V47: 10 | W47: =SUM(E47:V47) -> 245
B48: 4. | C48: ADILLA AZIS, S.E. | E48: 20 | F48: 20 | G48: 18 | H48: 22 | I48: 24 | J48: 18 | K48: 8 | L48: 17 | M48: 12 | N48: 17 | O48: 12 | P48: 30 | Q48: 14 | R48: 29 | S48: 24 | T48: 24 | U48: 11 | V48: 25 | W48: =SUM(E48:V48) -> 345
B49: 5. | C49: Ir. H. AGUS RAHARDJO, MSc.M. | E49: 22 | F49: 12 | G49: 15 | H49: 18 | I49: 17 | J49: 23 | K49: 12 | L49: 10 | M49: 16 | N49: 17 | O49: 16 | P49: 14 | Q49: 16 | R49: 12 | S49: 20 | T49: 14 | U49: 22 | V49: 23 | W49: =SUM(E49:V49) -> 299
B50: 6. | C50: Drs. AYUB KHAN | E50: 21 | F50: 19 | G50: 19 | H50: 15 | I50: 12 | J50: 12 | K50: 8 | L50: 9 | M50: 12 | N50: 16 | O50: 8 | P50: 23 | Q50: 21 | R50: 10 | S50: 17 | T50: 9 | U50: 23 | V50: 9 | W50: =SUM(E50:V50) -> 263
B51: 7. | C51: BAMBANG HARIANTO | E51: 2 | F51: 3 | G51: 2 | H51: 4 | I51: 8 | J51: 3 | K51: 0 | L51: 5 | M51: 2 | N51: 7 | O51: 1 | P51: 3 | Q51: 2 | R51: 2 | S51: 4 | T51: 7 | U51: 3 | V51: 2 | W51: =SUM(E51:V51) -> 60
B52: 8. | C52: CATUR RUDI UTANTO, S.Sos. | E52: 4 | F52: 4 | G52: 2 | H52: 3 | I52: 2 | J52: 3 | K52: 4 | L52: 2 | M52: 1 | N52: 6 | O52: 1 | P52: 2 | Q52: 5 | R52: 3 | S52: 2 | T52: 4 | U52: 2 | V52: 3 | W52: =SUM(E52:V52) -> 53
B53: 9. | C53: DODDY DWI NUGROHO | E53: 2 | F53: 2 | G53: 0 | H53: 1 | I53: 2 | J53: 1 | K53: 1 | L53: 0 | M53: 1 | N53: 2 | O53: 1 | P53: 1 | Q53: 3 | R53: 1 | S53: 0 | T53: 0 | U53: 0 | V53: 2 | W53: =SUM(E53:V53) -> 20
B54: 10. | C54: KONDANG KUSUMANING AYU | E54: 12 | F54: 39 | G54: 31 | H54: 16 | I54: 11 | J54: 25 | K54: 12 | L54: 16 | M54: 13 | N54: 17 | O54: 9 | P54: 18 | Q54: 12 | R54: 24 | S54: 27 | T54: 20 | U54: 21 | V54: 23 | W54: =SUM(E54:V54) -> 346
B55: 11. | C55: KUNJUNG WAHYUDI | E55: 1 | F55: 1 | G55: 1 | H55: 0 | I55: 0 | J55: 1 | K55: 0 | L55: 2 | M55: 0 | N55: 0 | O55: 0 | P55: 0 | Q55: 1 | R55: 1 | S55: 1 | T55: 0 | U55: 2 | V55: 1 | W55: =SUM(E55:V55) -> 12
B56: 12. | C56: Dr. LIA ISTIFHAMA | E56: 31 | F56: 25 | G56: 28 | H56: 26 | I56: 20 | J56: 19 | K56: 7 | L56: 19 | M56: 31 | N56: 21 | O56: 18 | P56: 27 | Q56: 21 | R56: 28 | S56: 34 | T56: 22 | U56: 44 | V56: 13 | W56: =SUM(E56:V56) -> 434
B57: 13. | C57: MOHAMMAD TRIJANTO, S.H., M.M., M.H. | E57: 1 | F57: 1 | G57: 1 | H57: 1 | I57: 2 | J57: 0 | K57: 1 | L57: 0 | M57: 1 | N57: 0 | O57: 2 | P57: 0 | Q57: 0 | R57: 0 | S57: 1 | T57: 2 | U57: 2 | V57: 2 | W57: =SUM(E57:V57) -> 17
A59: V | B59: DATA SUARA SAH DAN TIDAK SAH
B60: A. | C60: JUMLAH SELURUH SUARA SAH | E60: =SUM(E45:E57) -> 170 | F60: =SUM(F45:F57) -> 181 | G60: =SUM(G45:G57) -> 161 | H60: =SUM(H45:H57) -> 153 | I60: =SUM(I45:I57) -> 154 | J60: =SUM(J45:J57) -> 178 | K60: =SUM(K45:K57) -> 89 | L60: =SUM(L45:L57) -> 146 | ... V60: =SUM(V45:V57) -> 161 | W60: =SUM(E60:V60) -> 2927
B61: B. | C61: JUMLAH SUARA TIDAK SAH | E61: 58 | F61: 51 | G61: 46 | H61: 62 | I61: 53 | J61: 51 | K61: 41 | L61: 82 | M61: 47 | N61: 44 | O61: 18 | P61: 61 | Q61: 48 | R61: 47 | S61: 37 | T61: 58 | U61: 30 | V61: 27 | W61: =SUM(E61:V61) -> 861
B62: C. | C62: JUMLAH SELURUH SUARA SAH DAN SUARA TIDAK SAH (V.A + V.B) | E62: =SUM(E60:E61) -> 228 | F62: =SUM(F60:F61) -> 232 | G62: =SUM(G60:G61) -> 207 | H62: =SUM(H60:H61) -> 215 | I62: =SUM(I60:I61) -> 207 | J62: =SUM(J60:J61) -> 229 | K62: =SUM(K60:K61) -> 130 | L62: =SUM(L60:L61) -> 228 | ... V62: =SUM(V60:V61) -> 188 | W62: =SUM(E62:V62) -> 3788

Sheet PESUCEN
C2: Kecamatan | D2: KALIPURO
C3: Kabupaten | D3: BANYUWANGI
C4: Provinsi | D4: JAWA TIMUR
C9: Kelurahan | D9: PESUCEN
A12: I | B12: DATA PEMILIH DAN PENGGUNAAN HAK PILIH | R12: JUMLAH AKHIR
A13: A | B13: DATA PEMILIH | E13: TPS 001 | F13: TPS 002 | G13: TPS 003 | H13: TPS 004 | I13: TPS 005 | J13: TPS 006 | K13: TPS 007 | L13: TPS 008 | M13: TPS 009 | N13: TPS 010 | O13: TPS 011 | P13: TPS 012 | Q13: TPS 013
B14: Jumlah Pemilih dalam Daftar Pemilih Tetap (DPT) | D14: LK | E14: 130 | F14: 128 | G14: 120 | H14: 102 | I14: 109 | J14: 127 | K14: 138 | L14: 139 | M14: 142 | N14: 146 | O14: 142 | P14: 137 | Q14: 129 | R14: =SUM(E14:Q14) -> 1689
D15: PR | E15: 119 | F15: 135 | G15: 117 | H15: 111 | I15: 109 | J15: 121 | K15: 137 | L15: 143 | M15: 146 | N15: 140 | O15: 144 | P15: 138 | Q15: 147 | R15: =SUM(E15:Q15) -> 1707
D16: JML | E16: =SUM(E14:E15) -> 249 | F16: =SUM(F14:F15) -> 263 | G16: =SUM(G14:G15) -> 237 | H16: =SUM(H14:H15) -> 213 | I16: =SUM(I14:I15) -> 218 | J16: =SUM(J14:J15) -> 248 | K16: =SUM(K14:K15) -> 275 | L16: =SUM(L14:L15) -> 282 | ... Q16: =SUM(Q14:Q15) -> 276 | R16: =SUM(E16:Q16) -> 3396
A18: B | B18: PENGGUNA HAK PILIH
B19: 1. | C19: Jumlah pengguna hak pilih dalam Daftar Pemilih Tetap (DPT) | D19: LK | E19: 97 | F19: 88 | G19: 92 | H19: 76 | I19: 87 | J19: 104 | K19: 114 | L19: 109 | M19: 118 | N19: 102 | O19: 110 | P19: 103 | Q19: 113 | R19: =SUM(E19:Q19) -> 1313
D20: PR | E20: 102 | F20: 111 | G20: 102 | H20: 88 | I20: 88 | J20: 93 | K20: 109 | L20: 120 | M20: 132 | N20: 120 | O20: 121 | P20: 115 | Q20: 129 | R20: =SUM(E20:Q20) -> 1430
D21: JML | E21: =SUM(E19:E20) -> 199 | F21: =SUM(F19:F20) -> 199 | G21: =SUM(G19:G20) -> 194 | H21: =SUM(H19:H20) -> 164 | I21: =SUM(I19:I20) -> 175 | J21: =SUM(J19:J20) -> 197 | K21: =SUM(K19:K20) -> 223 | L21: =SUM(L19:L20) -> 229 | ... Q21: =SUM(Q19:Q20) -> 242 | R21: =SUM(E21:Q21) -> 2743
B22: 2. | C22: Jumlah pengguna hak pilih dalam Daftar Pemilih Tambahan (DPTb) | D22: LK | E22: 0 | F22: 1 | G22: 0 | H22: 1 | I22: 0 | J22: 1 | K22: 0 | L22: 1 | M22: 1 | N22: 1 | O22: 1 | P22: 0 | Q22: 1 | R22: =SUM(E22:Q22) -> 8
D23: PR | E23: 0 | F23: 0 | G23: 1 | H23: 0 | I23: 1 | J23: 0 | K23: 0 | L23: 0 | M23: 0 | N23: 0 | O23: 0 | P23: 0 | Q23: 0 | R23: =SUM(E23:Q23) -> 2
D24: JML | E24: =SUM(E22:E23) -> 0 | F24: =SUM(F22:F23) -> 1 | G24: =SUM(G22:G23) -> 1 | H24: =SUM(H22:H23) -> 1 | I24: =SUM(I22:I23) -> 1 | J24: =SUM(J22:J23) -> 1 | K24: =SUM(K22:K23) -> 0 | L24: =SUM(L22:L23) -> 1 | ... Q24: =SUM(Q22:Q23) -> 1 | R24: =SUM(E24:Q24) -> 10
B25: 3. | C25: Jumlah pengguna hak pilih dalam Daftar Pemilih Khusus (DPK) | D25: LK | E25: 0 | F25: 1 | G25: 1 | H25: 0 | I25: 0 | J25: 1 | K25: 2 | L25: 3 | M25: 0 | N25: 1 | O25: 2 | P25: 1 | Q25: 3 | R25: =SUM(E25:Q25) -> 15
D26: PR | E26: 2 | F26: 1 | G26: 4 | H26: 1 | I26: 1 | J26: 3 | K26: 4 | L26: 2 | M26: 1 | N26: 0 | O26: 1 | P26: 4 | Q26: 1 | R26: =SUM(E26:Q26) -> 25
D27: JML | E27: =SUM(E25:E26) -> 2 | F27: =SUM(F25:F26) -> 2 | G27: =SUM(G25:G26) -> 5 | H27: =SUM(H25:H26) -> 1 | I27: =SUM(I25:I26) -> 1 | J27: =SUM(J25:J26) -> 4 | K27: =SUM(K25:K26) -> 6 | L27: =SUM(L25:L26) -> 5 | ... Q27: =SUM(Q25:Q26) -> 4 | R27: =SUM(E27:Q27) -> 40
B28: 4. | C28: Jumlah Pengguna Hak Pilih (B.1+B.2+B.3) | D28: LK | E28: =SUM(E19,E22,E25) -> 97 | F28: =SUM(F19,F22,F25) -> 90 | G28: =SUM(G19,G22,G25) -> 93 | H28: =SUM(H19,H22,H25) -> 77 | I28: =SUM(I19,I22,I25) -> 87 | J28: =SUM(J19,J22,J25) -> 106 | K28: =SUM(K19,K22,K25) -> 116 | L28: =SUM(L19,L22,L25) -> 113 | ... Q28: =SUM(Q19,Q22,Q25) -> 117 | R28: =SUM(E28:Q28) -> 1336
D29: PR | E29: =SUM(E20,E23,E26) -> 104 | F29: =SUM(F20,F23,F26) -> 112 | G29: =SUM(G20,G23,G26) -> 107 | H29: =SUM(H20,H23,H26) -> 89 | I29: =SUM(I20,I23,I26) -> 90 | J29: =SUM(J20,J23,J26) -> 96 | K29: =SUM(K20,K23,K26) -> 113 | L29: =SUM(L20,L23,L26) -> 122 | ... Q29: =SUM(Q20,Q23,Q26) -> 130 | R29: =SUM(E29:Q29) -> 1457
D30: JML | E30: =SUM(E28:E29) -> 201 | F30: =SUM(F28:F29) -> 202 | G30: =SUM(G28:G29) -> 200 | H30: =SUM(H28:H29) -> 166 | I30: =SUM(I28:I29) -> 177 | J30: =SUM(J28:J29) -> 202 | K30: =SUM(K28:K29) -> 229 | L30: =SUM(L28:L29) -> 235 | ... Q30: =SUM(Q28:Q29) -> 247 | R30: =SUM(E30:Q30) -> 2793
A32: II | B32: DATA PENGGUNAAN SURAT SUARA
A33: 1 | B33: Jumlah surat suara yang diterima, termasuk surat suara cadangan 2% dari DPT | E33: 260 | F33: 269 | G33: 242 | H33: 219 | I33: 223 | J33: 253 | K33: 282 | L33: 279 | M33: 291 | N33: 286 | O33: 310 | P33: 279 | Q33: 282 | R33: =SUM(E33:Q33) -> 3475
A34: 2 | B34: Jumlah surat suara yang digunakan | E34: 201 | F34: 202 | G34: 200 | H34: 166 | I34: 177 | J34: 202 | K34: 229 | L34: 235 | M34: 252 | N34: 224 | O34: 235 | P34: 223 | Q34: 247 | R34: =SUM(E34:Q34) -> 2793
A35: 3 | B35: Jumlah surat suara dikembalikan oleh pemilih (karena rusak atau keliru coblos) | E35: 0 | F35: 0 | G35: 0 | H35: 3 | I35: 0 | J35: 0 | K35: 0 | L35: 0 | M35: 0 | N35: 0 | O35: 0 | P35: 0 | Q35: 0 | R35: =SUM(E35:Q35) -> 3
A36: 4 | B36: Jumlah surat suara yang tidak digunakan/tidak terpakai, termasuk sisa surat suara cadangan | E36: =E33-(E34+E35) -> 59 | F36: =F33-(F34+F35) -> 67 | G36: =G33-(G34+G35) -> 42 | H36: =H33-(H34+H35) -> 50 | I36: =I33-(I34+I35) -> 46 | J36: =J33-(J34+J35) -> 51 | K36: =K33-(K34+K35) -> 53 | L36: =L33-(L34+L35) -> 44 | ... Q36: =Q33-(Q34+Q35) -> 35 | R36: =SUM(E36:Q36) -> 679
A38: III | B38: DATA PEMILIH DISABILITAS
B39: Jumlah seluruh Pemilih disabilitas yang menggunakan hak pilih | D39: LK | F39: 2 | K39: 1 | Q39: 2 | R39: =SUM(E39:Q39) -> 5
D40: PR | Q40: 3 | R40: =SUM(E40:Q40) -> 3
D41: JML | E41: =SUM(E39:E40) -> 0 | F41: =SUM(F39:F40) -> 2 | G41: =SUM(G39:G40) -> 0 | H41: =SUM(H39:H40) -> 0 | I41: =SUM(I39:I40) -> 0 | J41: =SUM(J39:J40) -> 0 | K41: =SUM(K39:K40) -> 1 | L41: =SUM(L39:L40) -> 0 | ... Q41: =SUM(Q39:Q40) -> 5 | R41: =SUM(E41:Q41) -> 8
A43: IV | B43: DATA RINCIAN PEROLEHAN SUARA PASANGAN CALON BUPATI DAN WAKIL BUPATI
B44: NOMOR DAN NAMA CALON
B45: 1. | C45: AA. AHMAD NAWARDI | E45: 27 | F45: 32 | G45: 16 | H45: 12 | I45: 14 | J45: 15 | K45: 36 | L45: 31 | M45: 22 | N45: 29 | O45: 21 | P45: 18 | Q45: 36 | R45: =SUM(E45:Q45) -> 309
B46: 2. | C46: Ir. H. AA LA NYALLA MAHMUD MATTALITI, M.HP. | E46: 23 | F46: 24 | G46: 41 | H46: 21 | I46: 33 | J46: 42 | K46: 36 | L46: 31 | M46: 45 | N46: 56 | O46: 46 | P46: 40 | Q46: 31 | R46: =SUM(E46:Q46) -> 469
B47: 3. | C47: ABDUL QADIR AMIR HARTONO, S.E., S.H., M.H. | E47: 13 | F47: 6 | G47: 17 | H47: 15 | I47: 15 | J47: 6 | K47: 20 | L47: 16 | M47: 12 | N47: 9 | O47: 18 | P47: 13 | Q47: 18 | R47: =SUM(E47:Q47) -> 178
B48: 4. | C48: ADILLA AZIS, S.E. | E48: 13 | F48: 13 | G48: 16 | H48: 15 | I48: 13 | J48: 8 | K48: 19 | L48: 21 | M48: 27 | N48: 15 | O48: 16 | P48: 19 | Q48: 24 | R48: =SUM(E48:Q48) -> 219
B49: 5. | C49: Ir. H. AGUS RAHARDJO, MSc.M. | E49: 25 | F49: 13 | G49: 24 | H49: 13 | I49: 10 | J49: 14 | K49: 15 | L49: 15 | M49: 16 | N49: 15 | O49: 17 | P49: 12 | Q49: 19 | R49: =SUM(E49:Q49) -> 208
B50: 6. | C50: Drs. AYUB KHAN | E50: 14 | F50: 9 | G50: 13 | H50: 7 | I50: 5 | J50: 9 | K50: 21 | L50: 25 | M50: 26 | N50: 13 | O50: 17 | P50: 25 | Q50: 15 | R50: =SUM(E50:Q50) -> 199
B51: 7. | C51: BAMBANG HARIANTO | E51: 2 | F51: 0 | G51: 3 | H51: 2 | I51: 1 | J51: 1 | K51: 1 | L51: 3 | M51: 1 | N51: 0 | O51: 3 | P51: 3 | Q51: 4 | R51: =SUM(E51:Q51) -> 24
B52: 8. | C52: CATUR RUDI UTANTO, S.Sos. | E52: 6 | F52: 4 | G52: 0 | H52: 5 | I52: 0 | J52: 1 | K52: 5 | L52: 0 | M52: 3 | N52: 2 | O52: 4 | P52: 1 | Q52: 4 | R52: =SUM(E52:Q52) -> 35
B53: 9. | C53: DODDY DWI NUGROHO | E53: 0 | F53: 0 | G53: 1 | H53: 2 | I53: 1 | J53: 0 | K53: 0 | L53: 2 | M53: 2 | N53: 1 | O53: 0 | P53: 3 | Q53: 0 | R53: =SUM(E53:Q53) -> 12
B54: 10. | C54: KONDANG KUSUMANING AYU | E54: 15 | F54: 24 | G54: 20 | H54: 17 | I54: 18 | J54: 19 | K54: 16 | L54: 18 | M54: 25 | N54: 21 | O54: 21 | P54: 18 | Q54: 21 | R54: =SUM(E54:Q54) -> 253
B55: 11. | C55: KUNJUNG WAHYUDI | E55: 2 | F55: 1 | G55: 0 | H55: 2 | I55: 1 | J55: 2 | K55: 1 | L55: 0 | M55: 3 | N55: 2 | O55: 0 | P55: 1 | Q55: 1 | R55: =SUM(E55:Q55) -> 16
B56: 12. | C56: Dr. LIA ISTIFHAMA | E56: 17 | F56: 14 | G56: 12 | H56: 14 | I56: 16 | J56: 15 | K56: 23 | L56: 19 | M56: 29 | N56: 32 | O56: 37 | P56: 19 | Q56: 27 | R56: =SUM(E56:Q56) -> 274
B57: 13. | C57: MOHAMMAD TRIJANTO, S.H., M.M., M.H. | E57: 1 | F57: 3 | G57: 1 | H57: 1 | I57: 0 | J57: 1 | K57: 3 | L57: 5 | M57: 0 | N57: 1 | O57: 0 | P57: 0 | Q57: 0 | R57: =SUM(E57:Q57) -> 16
A59: V | B59: DATA SUARA SAH DAN TIDAK SAH
B60: A. | C60: JUMLAH SELURUH SUARA SAH | E60: =SUM(E45:E57) -> 158 | F60: =SUM(F45:F57) -> 143 | G60: =SUM(G45:G57) -> 164 | H60: =SUM(H45:H57) -> 126 | I60: =SUM(I45:I57) -> 127 | J60: =SUM(J45:J57) -> 133 | K60: =SUM(K45:K57) -> 196 | L60: =SUM(L45:L57) -> 186 | ... Q60: =SUM(Q45:Q57) -> 200 | R60: =SUM(E60:Q60) -> 2212
B61: B. | C61: JUMLAH SUARA TIDAK SAH | E61: 43 | F61: 59 | G61: 36 | H61: 40 | I61: 50 | J61: 69 | K61: 33 | L61: 49 | M61: 41 | N61: 28 | O61: 35 | P61: 51 | Q61: 47 | R61: =SUM(E61:Q61) -> 581
B62: C. | C62: JUMLAH SELURUH SUARA SAH DAN SUARA TIDAK SAH (V.A + V.B) | E62: =SUM(E60:E61) -> 201 | F62: =SUM(F60:F61) -> 202 | G62: =SUM(G60:G61) -> 200 | H62: =SUM(H60:H61) -> 166 | I62: =SUM(I60:I61) -> 177 | J62: =SUM(J60:J61) -> 202 | K62: =SUM(K60:K61) -> 229 | L62: =SUM(L60:L61) -> 235 | ... Q62: =SUM(Q60:Q61) -> 247 | R62: =SUM(E62:Q62) -> 2793

Sheet TELEMUNG
C2: Kecamatan | D2: KALIPURO
C3: Kabupaten | D3: BANYUWANGI
C4: Provinsi | D4: JAWA TIMUR
C9: Kelurahan | D9: TELEMUNG
A12: I | B12: DATA PEMILIH DAN PENGGUNAAN HAK PILIH | T12: JUMLAH AKHIR
A13: A | B13: DATA PEMILIH | E13: TPS 001 | F13: TPS 002 | G13: TPS 003 | H13: TPS 004 | I13: TPS 005 | J13: TPS 006 | K13: TPS 007 | L13: TPS 008 | M13: TPS 009 | N13: TPS 010 | O13: TPS 011 | P13: TPS 012 | Q13: TPS 013 | R13: TPS 014 | S13: TPS 015
B14: Jumlah Pemilih dalam Daftar Pemilih Tetap (DPT) | D14: LK | E14: 150 | F14: 126 | G14: 151 | H14: 146 | I14: 147 | J14: 147 | K14: 134 | L14: 115 | M14: 105 | N14: 127 | O14: 113 | P14: 124 | Q14: 140 | R14: 138 | S14: 121 | T14: =SUM(E14:S14) -> 1984
D15: PR | E15: 145 | F15: 109 | G15: 135 | H15: 151 | I15: 143 | J15: 147 | K15: 124 | L15: 105 | M15: 103 | N15: 116 | O15: 115 | P15: 111 | Q15: 145 | R15: 158 | S15: 137 | T15: =SUM(E15:S15) -> 1944
D16: JML | E16: =SUM(E14:E15) -> 295 | F16: =SUM(F14:F15) -> 235 | G16: =SUM(G14:G15) -> 286 | H16: =SUM(H14:H15) -> 297 | I16: =SUM(I14:I15) -> 290 | J16: =SUM(J14:J15) -> 294 | K16: =SUM(K14:K15) -> 258 | L16: =SUM(L14:L15) -> 220 | ... S16: =SUM(S14:S15) -> 258 | T16: =SUM(E16:S16) -> 3928
A18: B | B18: PENGGUNA HAK PILIH
B19: 1. | C19: Jumlah pengguna hak pilih dalam Daftar Pemilih Tetap (DPT) | D19: LK | E19: 117 | F19: 104 | G19: 116 | H19: 116 | I19: 116 | J19: 116 | K19: 111 | L19: 83 | M19: 85 | N19: 113 | O19: 100 | P19: 102 | Q19: 121 | R19: 134 | S19: 96 | T19: =SUM(E19:S19) -> 1630
D20: PR | E20: 124 | F20: 96 | G20: 108 | H20: 122 | I20: 119 | J20: 118 | K20: 106 | L20: 88 | M20: 89 | N20: 105 | O20: 103 | P20: 96 | Q20: 115 | R20: 148 | S20: 98 | T20: =SUM(E20:S20) -> 1635
D21: JML | E21: =SUM(E19:E20) -> 241 | F21: =SUM(F19:F20) -> 200 | G21: =SUM(G19:G20) -> 224 | H21: =SUM(H19:H20) -> 238 | I21: =SUM(I19:I20) -> 235 | J21: =SUM(J19:J20) -> 234 | K21: =SUM(K19:K20) -> 217 | L21: =SUM(L19:L20) -> 171 | ... S21: =SUM(S19:S20) -> 194 | T21: =SUM(E21:S21) -> 3265
B22: 2. | C22: Jumlah pengguna hak pilih dalam Daftar Pemilih Tambahan (DPTb) | D22: LK | E22: 0 | F22: 0 | G22: 0 | H22: 0 | I22: 1 | J22: 1 | K22: 1 | L22: 2 | M22: 1 | N22: 1 | O22: 1 | P22: 0 | Q22: 1 | R22: 0 | S22: 1 | T22: =SUM(E22:S22) -> 10
D23: PR | E23: 0 | F23: 0 | G23: 1 | H23: 0 | I23: 0 | J23: 0 | K23: 0 | L23: 0 | M23: 0 | N23: 0 | O23: 0 | P23: 1 | Q23: 0 | R23: 0 | S23: 0 | T23: =SUM(E23:S23) -> 2
D24: JML | E24: =SUM(E22:E23) -> 0 | F24: =SUM(F22:F23) -> 0 | G24: =SUM(G22:G23) -> 1 | H24: =SUM(H22:H23) -> 0 | I24: =SUM(I22:I23) -> 1 | J24: =SUM(J22:J23) -> 1 | K24: =SUM(K22:K23) -> 1 | L24: =SUM(L22:L23) -> 2 | ... S24: =SUM(S22:S23) -> 1 | T24: =SUM(E24:S24) -> 12
B25: 3. | C25: Jumlah pengguna hak pilih dalam Daftar Pemilih Khusus (DPK) | D25: LK | E25: 0 | F25: 0 | G25: 2 | H25: 1 | I25: 0 | J25: 0 | K25: 1 | L25: 1 | M25: 0 | N25: 1 | O25: 1 | P25: 0 | Q25: 1 | R25: 2 | S25: 0 | T25: =SUM(E25:S25) -> 10
D26: PR | E26: 2 | F26: 1 | G26: 1 | H26: 1 | I26: 2 | J26: 1 | K26: 1 | L26: 2 | M26: 1 | N26: 2 | O26: 1 | P26: 1 | Q26: 0 | R26: 0 | S26: 1 | T26: =SUM(E26:S26) -> 17
D27: JML | E27: =SUM(E25:E26) -> 2 | F27: =SUM(F25:F26) -> 1 | G27: =SUM(G25:G26) -> 3 | H27: =SUM(H25:H26) -> 2 | I27: =SUM(I25:I26) -> 2 | J27: =SUM(J25:J26) -> 1 | K27: =SUM(K25:K26) -> 2 | L27: =SUM(L25:L26) -> 3 | ... S27: =SUM(S25:S26) -> 1 | T27: =SUM(E27:S27) -> 27
B28: 4. | C28: Jumlah Pengguna Hak Pilih (B.1+B.2+B.3) | D28: LK | E28: =SUM(E19,E22,E25) -> 117 | F28: =SUM(F19,F22,F25) -> 104 | G28: =SUM(G19,G22,G25) -> 118 | H28: =SUM(H19,H22,H25) -> 117 | I28: =SUM(I19,I22,I25) -> 117 | J28: =SUM(J19,J22,J25) -> 117 | K28: =SUM(K19,K22,K25) -> 113 | L28: =SUM(L19,L22,L25) -> 86 | ... S28: =SUM(S19,S22,S25) -> 97 | T28: =SUM(E28:S28) -> 1650
D29: PR | E29: =SUM(E20,E23,E26) -> 126 | F29: =SUM(F20,F23,F26) -> 97 | G29: =SUM(G20,G23,G26) -> 110 | H29: =SUM(H20,H23,H26) -> 123 | I29: =SUM(I20,I23,I26) -> 121 | J29: =SUM(J20,J23,J26) -> 119 | K29: =SUM(K20,K23,K26) -> 107 | L29: =SUM(L20,L23,L26) -> 90 | ... S29: =SUM(S20,S23,S26) -> 99 | T29: =SUM(E29:S29) -> 1654
D30: JML | E30: =SUM(E28:E29) -> 243 | F30: =SUM(F28:F29) -> 201 | G30: =SUM(G28:G29) -> 228 | H30: =SUM(H28:H29) -> 240 | I30: =SUM(I28:I29) -> 238 | J30: =SUM(J28:J29) -> 236 | K30: =SUM(K28:K29) -> 220 | L30: =SUM(L28:L29) -> 176 | ... S30: =SUM(S28:S29) -> 196 | T30: =SUM(E30:S30) -> 3304
A32: II | B32: DATA PENGGUNAAN SURAT SUARA
A33: 1 | B33: Jumlah surat suara yang diterima, termasuk surat suara cadangan 2% dari DPT | E33: 301 | F33: 240 | G33: 287 | H33: 303 | I33: 300 | J33: 300 | K33: 264 | L33: 225 | M33: 213 | N33: 248 | O33: 233 | P33: 240 | Q33: 291 | R33: 302 | S33: 262 | T33: =SUM(E33:S33) -> 4009
A34: 2 | B34: Jumlah surat suara yang digunakan | E34: 243 | F34: 201 | G34: 228 | H34: 240 | I34: 238 | J34: 236 | K34: 220 | L34: 176 | M34: 176 | N34: 222 | O34: 206 | P34: 200 | Q34: 238 | R34: 284 | S34: 196 | T34: =SUM(E34:S34) -> 3304
A35: 3 | B35: Jumlah surat suara dikembalikan oleh pemilih (karena rusak atau keliru coblos) | E35: 0 | F35: 0 | G35: 0 | H35: 0 | I35: 0 | J35: 2 | K35: 0 | L35: 0 | M35: 0 | N35: 0 | O35: 0 | P35: 0 | Q35: 0 | R35: 0 | S35: 0 | T35: =SUM(E35:S35) -> 2
A36: 4 | B36: Jumlah surat suara yang tidak digunakan/tidak terpakai, termasuk sisa surat suara cadangan | E36: =E33-(E34+E35) -> 58 | F36: =F33-(F34+F35) -> 39 | G36: =G33-(G34+G35) -> 59 | H36: =H33-(H34+H35) -> 63 | I36: =I33-(I34+I35) -> 62 | J36: =J33-(J34+J35) -> 62 | K36: =K33-(K34+K35) -> 44 | L36: =L33-(L34+L35) -> 49 | ... S36: =S33-(S34+S35) -> 66 | T36: =SUM(E36:S36) -> 703
A38: III | B38: DATA PEMILIH DISABILITAS
B39: Jumlah seluruh Pemilih disabilitas yang menggunakan hak pilih | D39: LK | S39: 1 | T39: =SUM(E39:S39) -> 1
D40: PR | O40: 1 | S40: 1 | T40: =SUM(E40:S40) -> 2
D41: JML | E41: =SUM(E39:E40) -> 0 | F41: =SUM(F39:F40) -> 0 | G41: =SUM(G39:G40) -> 0 | H41: =SUM(H39:H40) -> 0 | I41: =SUM(I39:I40) -> 0 | J41: =SUM(J39:J40) -> 0 | K41: =SUM(K39:K40) -> 0 | L41: =SUM(L39:L40) -> 0 | ... S41: =SUM(S39:S40) -> 2 | T41: =SUM(E41:S41) -> 3
A43: IV | B43: DATA RINCIAN PEROLEHAN SUARA PASANGAN CALON BUPATI DAN WAKIL BUPATI
B44: NOMOR DAN NAMA CALON
B45: 1. | C45: AA. AHMAD NAWARDI | E45: 9 | F45: 12 | G45: 15 | H45: 38 | I45: 38 | J45: 20 | K45: 23 | L45: 23 | M45: 18 | N45: 24 | O45: 28 | P45: 16 | Q45: 40 | R45: 52 | S45: 11 | T45: =SUM(E45:S45) -> 367
B46: 2. | C46: Ir. H. AA LA NYALLA MAHMUD MATTALITI, M.HP. | E46: 35 | F46: 22 | G46: 41 | H46: 32 | I46: 27 | J46: 35 | K46: 33 | L46: 26 | M46: 24 | N46: 38 | O46: 38 | P46: 38 | Q46: 42 | R46: 50 | S46: 40 | T46: =SUM(E46:S46) -> 521
B47: 3. | C47: ABDUL QADIR AMIR HARTONO, S.E., S.H., M.H. | E47: 13 | F47: 9 | G47: 11 | H47: 10 | I47: 20 | J47: 23 | K47: 13 | L47: 11 | M47: 13 | N47: 28 | O47: 20 | P47: 15 | Q47: 16 | R47: 19 | S47: 26 | T47: =SUM(E47:S47) -> 247
B48: 4. | C48: ADILLA AZIS, S.E. | E48: 22 | F48: 14 | G48: 23 | H48: 26 | I48: 19 | J48: 23 | K48: 26 | L48: 14 | M48: 19 | N48: 19 | O48: 18 | P48: 17 | Q48: 15 | R48: 26 | S48: 17 | T48: =SUM(E48:S48) -> 298
B49: 5. | C49: Ir. H. AGUS RAHARDJO, MSc.M. | E49: 16 | F49: 13 | G49: 13 | H49: 19 | I49: 14 | J49: 16 | K49: 13 | L49: 10 | M49: 13 | N49: 13 | O49: 16 | P49: 12 | Q49: 15 | R49: 17 | S49: 25 | T49: =SUM(E49:S49) -> 225
B50: 6. | C50: Drs. AYUB KHAN | E50: 12 | F50: 8 | G50: 16 | H50: 20 | I50: 11 | J50: 20 | K50: 14 | L50: 13 | M50: 19 | N50: 17 | O50: 26 | P50: 18 | Q50: 12 | R50: 36 | S50: 10 | T50: =SUM(E50:S50) -> 252
B51: 7. | C51: BAMBANG HARIANTO | E51: 3 | F51: 0 | G51: 0 | H51: 0 | I51: 0 | J51: 0 | K51: 0 | L51: 1 | M51: 1 | N51: 2 | O51: 2 | P51: 0 | Q51: 1 | R51: 2 | S51: 3 | T51: =SUM(E51:S51) -> 15
B52: 8. | C52: CATUR RUDI UTANTO, S.Sos. | E52: 4 | F52: 1 | G52: 0 | H52: 3 | I52: 8 | J52: 2 | K52: 2 | L52: 2 | M52: 1 | N52: 2 | O52: 1 | P52: 0 | Q52: 3 | R52: 1 | S52: 2 | T52: =SUM(E52:S52) -> 32
B53: 9. | C53: DODDY DWI NUGROHO | E53: 1 | F53: 1 | G53: 0 | H53: 0 | I53: 0 | J53: 1 | K53: 1 | L53: 0 | M53: 1 | N53: 2 | O53: 0 | P53: 0 | Q53: 1 | R53: 1 | S53: 1 | T53: =SUM(E53:S53) -> 10
B54: 10. | C54: KONDANG KUSUMANING AYU | E54: 33 | F54: 16 | G54: 18 | H54: 1 | I54: 20 | J54: 20 | K54: 19 | L54: 16 | M54: 23 | N54: 14 | O54: 17 | P54: 10 | Q54: 24 | R54: 27 | S54: 20 | T54: =SUM(E54:S54) -> 278
B55: 11. | C55: KUNJUNG WAHYUDI | E55: 0 | F55: 0 | G55: 0 | H55: 1 | I55: 1 | J55: 0 | K55: 1 | L55: 0 | M55: 0 | N55: 0 | O55: 0 | P55: 0 | Q55: 2 | R55: 0 | S55: 2 | T55: =SUM(E55:S55) -> 7
B56: 12. | C56: Dr. LIA ISTIFHAMA | E56: 29 | F56: 20 | G56: 41 | H56: 21 | I56: 29 | J56: 38 | K56: 38 | L56: 44 | M56: 21 | N56: 15 | O56: 10 | P56: 24 | Q56: 37 | R56: 39 | S56: 15 | T56: =SUM(E56:S56) -> 421
B57: 13. | C57: MOHAMMAD TRIJANTO, S.H., M.M., M.H. | E57: 1 | F57: 2 | G57: 0 | H57: 0 | I57: 1 | J57: 5 | K57: 2 | L57: 0 | M57: 0 | N57: 2 | O57: 4 | P57: 0 | Q57: 2 | R57: 0 | S57: 2 | T57: =SUM(E57:S57) -> 21
A59: V | B59: DATA SUARA SAH DAN TIDAK SAH
B60: A. | C60: JUMLAH SELURUH SUARA SAH | E60: =SUM(E45:E57) -> 178 | F60: =SUM(F45:F57) -> 118 | G60: =SUM(G45:G57) -> 178 | H60: =SUM(H45:H57) -> 171 | I60: =SUM(I45:I57) -> 188 | J60: =SUM(J45:J57) -> 203 | K60: =SUM(K45:K57) -> 185 | L60: =SUM(L45:L57) -> 160 | ... S60: =SUM(S45:S57) -> 174 | T60: =SUM(E60:S60) -> 2694
B61: B. | C61: JUMLAH SUARA TIDAK SAH | E61: 65 | F61: 83 | G61: 50 | H61: 69 | I61: 50 | J61: 33 | K61: 35 | L61: 16 | M61: 23 | N61: 46 | O61: 26 | P61: 50 | Q61: 28 | R61: 14 | S61: 22 | T61: =SUM(E61:S61) -> 610
B62: C. | C62: JUMLAH SELURUH SUARA SAH DAN SUARA TIDAK SAH (V.A + V.B) | E62: =SUM(E60:E61) -> 243 | F62: =SUM(F60:F61) -> 201 | G62: =SUM(G60:G61) -> 228 | H62: =SUM(H60:H61) -> 240 | I62: =SUM(I60:I61) -> 238 | J62: =SUM(J60:J61) -> 236 | K62: =SUM(K60:K61) -> 220 | L62: =SUM(L60:L61) -> 176 | ... S62: =SUM(S60:S61) -> 196 | T62: =SUM(E62:S62) -> 3304

Sheet BULUSARI
C2: Kecamatan | D2: KALIPURO
C3: Kabupaten | D3: BANYUWANGI
C4: Provinsi | D4: JAWA TIMUR
C9: Kelurahan
A12: I | B12: DATA PEMILIH DAN PENGGUNAAN HAK PILIH | R12: JUMLAH AKHIR
A13: A | B13: DATA PEMILIH | E13: TPS 001 | F13: TPS 002 | G13: TPS 003 | H13: TPS 004 | I13: TPS 005 | J13: TPS 006 | K13: TPS 007 | L13: TPS 008 | M13: TPS 009 | N13: TPS 010 | O13: TPS 011 | P13: TPS 012 | Q13: TPS 013
B14: Jumlah Pemilih dalam Daftar Pemilih Tetap (DPT) | D14: LK | E14: 135 | F14: 127 | G14: 141 | H14: 142 | I14: 122 | J14: 103 | K14: 120 | L14: 109 | M14: 129 | N14: 137 | O14: 111 | P14: 114 | Q14: 141 | R14: =SUM(E14:Q14) -> 1631
D15: PR | E15: 135 | F15: 125 | G15: 117 | H15: 141 | I15: 117 | J15: 108 | K15: 118 | L15: 128 | M15: 136 | N15: 122 | O15: 110 | P15: 112 | Q15: 128 | R15: =SUM(E15:Q15) -> 1597
D16: JML | E16: =SUM(E14:E15) -> 270 | F16: =SUM(F14:F15) -> 252 | G16: =SUM(G14:G15) -> 258 | H16: =SUM(H14:H15) -> 283 | I16: =SUM(I14:I15) -> 239 | J16: =SUM(J14:J15) -> 211 | K16: =SUM(K14:K15) -> 238 | L16: =SUM(L14:L15) -> 237 | ... Q16: =SUM(Q14:Q15) -> 269 | R16: =SUM(E16:Q16) -> 3228
A18: B | B18: PENGGUNA HAK PILIH
B19: 1. | C19: Jumlah pengguna hak pilih dalam Daftar Pemilih Tetap (DPT) | D19: LK | E19: 114 | F19: 89 | G19: 119 | H19: 120 | I19: 109 | J19: 98 | K19: 93 | L19: 99 | M19: 101 | N19: 115 | O19: 93 | P19: 93 | Q19: 101 | R19: =SUM(E19:Q19) -> 1344
D20: PR | E20: 120 | F20: 120 | G20: 97 | H20: 127 | I20: 112 | J20: 95 | K20: 102 | L20: 117 | M20: 116 | N20: 109 | O20: 100 | P20: 100 | Q20: 113 | R20: =SUM(E20:Q20) -> 1428
D21: JML | E21: =SUM(E19:E20) -> 234 | F21: =SUM(F19:F20) -> 209 | G21: =SUM(G19:G20) -> 216 | H21: =SUM(H19:H20) -> 247 | I21: =SUM(I19:I20) -> 221 | J21: =SUM(J19:J20) -> 193 | K21: =SUM(K19:K20) -> 195 | L21: =SUM(L19:L20) -> 216 | ... Q21: =SUM(Q19:Q20) -> 214 | R21: =SUM(E21:Q21) -> 2772
B22: 2. | C22: Jumlah pengguna hak pilih dalam Daftar Pemilih Tambahan (DPTb) | D22: LK | E22: 3 | F22: 0 | G22: 0 | H22: 2 | I22: 0 | J22: 0 | K22: 0 | L22: 0 | M22: 0 | N22: 0 | O22: 1 | P22: 0 | Q22: 1 | R22: =SUM(E22:Q22) -> 7
D23: PR | E23: 0 | F23: 3 | G23: 0 | H23: 0 | I23: 1 | J23: 1 | K23: 0 | L23: 1 | M23: 0 | N23: 0 | O23: 0 | P23: 0 | Q23: 0 | R23: =SUM(E23:Q23) -> 6
D24: JML | E24: =SUM(E22:E23) -> 3 | F24: =SUM(F22:F23) -> 3 | G24: =SUM(G22:G23) -> 0 | H24: =SUM(H22:H23) -> 2 | I24: =SUM(I22:I23) -> 1 | J24: =SUM(J22:J23) -> 1 | K24: =SUM(K22:K23) -> 0 | L24: =SUM(L22:L23) -> 1 | ... Q24: =SUM(Q22:Q23) -> 1 | R24: =SUM(E24:Q24) -> 13
B25: 3. | C25: Jumlah pengguna hak pilih dalam Daftar Pemilih Khusus (DPK) | D25: LK | E25: 0 | F25: 1 | G25: 0 | H25: 0 | I25: 1 | J25: 3 | K25: 1 | L25: 0 | M25: 0 | N25: 5 | O25: 2 | P25: 0 | Q25: 2 | R25: =SUM(E25:Q25) -> 15
D26: PR | E26: 0 | F26: 2 | G26: 0 | H26: 0 | I26: 3 | J26: 4 | K26: 2 | L26: 0 | M26: 0 | N26: 5 | O26: 0 | P26: 1 | Q26: 1 | R26: =SUM(E26:Q26) -> 18
D27: JML | E27: =SUM(E25:E26) -> 0 | F27: =SUM(F25:F26) -> 3 | G27: =SUM(G25:G26) -> 0 | H27: =SUM(H25:H26) -> 0 | I27: =SUM(I25:I26) -> 4 | J27: =SUM(J25:J26) -> 7 | K27: =SUM(K25:K26) -> 3 | L27: =SUM(L25:L26) -> 0 | ... Q27: =SUM(Q25:Q26) -> 3 | R27: =SUM(E27:Q27) -> 33
B28: 4. | C28: Jumlah Pengguna Hak Pilih (B.1+B.2+B.3) | D28: LK | E28: =SUM(E19,E22,E25) -> 117 | F28: =SUM(F19,F22,F25) -> 90 | G28: =SUM(G19,G22,G25) -> 119 | H28: =SUM(H19,H22,H25) -> 122 | I28: =SUM(I19,I22,I25) -> 110 | J28: =SUM(J19,J22,J25) -> 101 | K28: =SUM(K19,K22,K25) -> 94 | L28: =SUM(L19,L22,L25) -> 99 | ... Q28: =SUM(Q19,Q22,Q25) -> 104 | R28: =SUM(E28:Q28) -> 1366
D29: PR | E29: =SUM(E20,E23,E26) -> 120 | F29: =SUM(F20,F23,F26) -> 125 | G29: =SUM(G20,G23,G26) -> 97 | H29: =SUM(H20,H23,H26) -> 127 | I29: =SUM(I20,I23,I26) -> 116 | J29: =SUM(J20,J23,J26) -> 100 | K29: =SUM(K20,K23,K26) -> 104 | L29: =SUM(L20,L23,L26) -> 118 | ... Q29: =SUM(Q20,Q23,Q26) -> 114 | R29: =SUM(E29:Q29) -> 1452
D30: JML | E30: =SUM(E28:E29) -> 237 | F30: =SUM(F28:F29) -> 215 | G30: =SUM(G28:G29) -> 216 | H30: =SUM(H28:H29) -> 249 | I30: =SUM(I28:I29) -> 226 | J30: =SUM(J28:J29) -> 201 | K30: =SUM(K28:K29) -> 198 | L30: =SUM(L28:L29) -> 217 | ... Q30: =SUM(Q28:Q29) -> 218 | R30: =SUM(E30:Q30) -> 2818
A32: II | B32: DATA PENGGUNAAN SURAT SUARA
A33: 1 | B33: Jumlah surat suara yang diterima, termasuk surat suara cadangan 2% dari DPT | E33: 276 | F33: 257 | G33: 264 | H33: 290 | I33: 245 | J33: 243 | K33: 243 | L33: 243 | M33: 271 | N33: 262 | O33: 226 | P33: 231 | Q33: 275 | R33: =SUM(E33:Q33) -> 3326
A34: 2 | B34: Jumlah surat suara yang digunakan | E34: 237 | F34: 215 | G34: 216 | H34: 249 | I34: 226 | J34: 201 | K34: 198 | L34: 217 | M34: 217 | N34: 234 | O34: 196 | P34: 194 | Q34: 218 | R34: =SUM(E34:Q34) -> 2818
A35: 3 | B35: Jumlah surat suara dikembalikan oleh pemilih (karena rusak atau keliru coblos) | E35: 0 | F35: 0 | G35: 0 | H35: 0 | I35: 0 | J35: 0 | K35: 0 | L35: 0 | M35: 0 | N35: 0 | O35: 0 | P35: 0 | Q35: 0 | R35: =SUM(E35:Q35) -> 0
A36: 4 | B36: Jumlah surat suara yang tidak digunakan/tidak terpakai, termasuk sisa surat suara cadangan | E36: =E33-(E34+E35) -> 39 | F36: =F33-(F34+F35) -> 42 | G36: =G33-(G34+G35) -> 48 | H36: =H33-(H34+H35) -> 41 | I36: =I33-(I34+I35) -> 19 | J36: =J33-(J34+J35) -> 42 | K36: =K33-(K34+K35) -> 45 | L36: =L33-(L34+L35) -> 26 | ... Q36: =Q33-(Q34+Q35) -> 57 | R36: =SUM(E36:Q36) -> 508
A38: III | B38: DATA PEMILIH DISABILITAS
B39: Jumlah seluruh Pemilih disabilitas yang menggunakan hak pilih | D39: LK | F39: 1 | R39: =SUM(E39:Q39) -> 1
D40: PR | R40: =SUM(E40:Q40) -> 0
D41: JML | E41: =SUM(E39:E40) -> 0 | F41: =SUM(F39:F40) -> 1 | G41: =SUM(G39:G40) -> 0 | H41: =SUM(H39:H40) -> 0 | I41: =SUM(I39:I40) -> 0 | J41: =SUM(J39:J40) -> 0 | K41: =SUM(K39:K40) -> 0 | L41: =SUM(L39:L40) -> 0 | ... Q41: =SUM(Q39:Q40) -> 0 | R41: =SUM(E41:Q41) -> 1
A43: IV | B43: DATA RINCIAN PEROLEHAN SUARA PASANGAN CALON BUPATI DAN WAKIL BUPATI
B44: NOMOR DAN NAMA CALON
B45: 1. | C45: AA. AHMAD NAWARDI | E45: 31 | F45: 39 | G45: 34 | H45: 50 | I45: 32 | J45: 23 | K45: 39 | L45: 51 | M45: 54 | N45: 28 | O45: 59 | P45: 54 | Q45: 33 | R45: =SUM(E45:Q45) -> 527
B46: 2. | C46: Ir. H. AA LA NYALLA MAHMUD MATTALITI, M.HP. | E46: 52 | F46: 49 | G46: 43 | H46: 48 | I46: 37 | J46: 44 | K46: 38 | L46: 47 | M46: 42 | N46: 57 | O46: 33 | P46: 36 | Q46: 40 | R46: =SUM(E46:Q46) -> 566
B47: 3. | C47: ABDUL QADIR AMIR HARTONO, S.E., S.H., M.H. | E47: 11 | F47: 15 | G47: 15 | H47: 25 | I47: 12 | J47: 5 | K47: 11 | L47: 14 | M47: 8 | N47: 10 | O47: 13 | P47: 7 | Q47: 13 | R47: =SUM(E47:Q47) -> 159
B48: 4. | C48: ADILLA AZIS, S.E. | E48: 28 | F48: 20 | G48: 17 | H48: 22 | I48: 13 | J48: 9 | K48: 16 | L48: 13 | M48: 16 | N48: 22 | O48: 13 | P48: 14 | Q48: 23 | R48: =SUM(E48:Q48) -> 226
B49: 5. | C49: Ir. H. AGUS RAHARDJO, MSc.M. | E49: 9 | F49: 17 | G49: 16 | H49: 11 | I49: 15 | J49: 16 | K49: 13 | L49: 22 | M49: 11 | N49: 14 | O49: 17 | P49: 13 | Q49: 14 | R49: =SUM(E49:Q49) -> 188
B50: 6. | C50: Drs. AYUB KHAN | E50: 25 | F50: 14 | G50: 17 | H50: 11 | I50: 12 | J50: 21 | K50: 13 | L50: 9 | M50: 16 | N50: 14 | O50: 18 | P50: 13 | Q50: 22 | R50: =SUM(E50:Q50) -> 205
B51: 7. | C51: BAMBANG HARIANTO | E51: 2 | F51: 0 | G51: 5 | H51: 2 | I51: 1 | J51: 1 | K51: 3 | L51: 2 | M51: 1 | N51: 3 | O51: 3 | P51: 0 | Q51: 3 | R51: =SUM(E51:Q51) -> 26
B52: 8. | C52: CATUR RUDI UTANTO, S.Sos. | E52: 2 | F52: 4 | G52: 5 | H52: 1 | I52: 7 | J52: 2 | K52: 2 | L52: 0 | M52: 0 | N52: 1 | O52: 1 | P52: 0 | Q52: 1 | R52: =SUM(E52:Q52) -> 26
B53: 9. | C53: DODDY DWI NUGROHO | E53: 1 | F53: 0 | G53: 0 | H53: 0 | I53: 0 | J53: 1 | K53: 0 | L53: 0 | M53: 4 | N53: 0 | O53: 0 | P53: 0 | Q53: 1 | R53: =SUM(E53:Q53) -> 7
B54: 10. | C54: KONDANG KUSUMANING AYU | E54: 26 | F54: 18 | G54: 17 | H54: 25 | I54: 25 | J54: 14 | K54: 20 | L54: 21 | M54: 21 | N54: 19 | O54: 8 | P54: 13 | Q54: 18 | R54: =SUM(E54:Q54) -> 245
B55: 11. | C55: KUNJUNG WAHYUDI | E55: 3 | F55: 0 | G55: 2 | H55: 2 | I55: 0 | J55: 1 | K55: 1 | L55: 0 | M55: 1 | N55: 1 | O55: 0 | P55: 0 | Q55: 2 | R55: =SUM(E55:Q55) -> 13
B56: 12. | C56: Dr. LIA ISTIFHAMA | E56: 22 | F56: 12 | G56: 16 | H56: 28 | I56: 30 | J56: 20 | K56: 20 | L56: 16 | M56: 24 | N56: 21 | O56: 20 | P56: 20 | Q56: 21 | R56: =SUM(E56:Q56) -> 270
B57: 13. | C57: MOHAMMAD TRIJANTO, S.H., M.M., M.H. | E57: 2 | F57: 1 | G57: 2 | H57: 2 | I57: 2 | J57: 1 | K57: 1 | L57: 0 | M57: 2 | N57: 3 | O57: 0 | P57: 1 | Q57: 2 | R57: =SUM(E57:Q57) -> 19
A59: V | B59: DATA SUARA SAH DAN TIDAK SAH
B60: A. | C60: JUMLAH SELURUH SUARA SAH | E60: =SUM(E45:E57) -> 214 | F60: =SUM(F45:F57) -> 189 | G60: =SUM(G45:G57) -> 189 | H60: =SUM(H45:H57) -> 227 | I60: =SUM(I45:I57) -> 186 | J60: =SUM(J45:J57) -> 158 | K60: =SUM(K45:K57) -> 177 | L60: =SUM(L45:L57) -> 195 | ... Q60: =SUM(Q45:Q57) -> 193 | R60: =SUM(E60:Q60) -> 2477
B61: B. | C61: JUMLAH SUARA TIDAK SAH | E61: 23 | F61: 26 | G61: 27 | H61: 22 | I61: 40 | J61: 43 | K61: 21 | L61: 22 | M61: 17 | N61: 41 | O61: 11 | P61: 23 | Q61: 25 | R61: =SUM(E61:Q61) -> 341
B62: C. | C62: JUMLAH SELURUH SUARA SAH DAN SUARA TIDAK SAH (V.A + V.B) | E62: =SUM(E60:E61) -> 237 | F62: =SUM(F60:F61) -> 215 | G62: =SUM(G60:G61) -> 216 | H62: =SUM(H60:H61) -> 249 | I62: =SUM(I60:I61) -> 226 | J62: =SUM(J60:J61) -> 201 | K62: =SUM(K60:K61) -> 198 | L62: =SUM(L60:L61) -> 217 | ... Q62: =SUM(Q60:Q61) -> 218 | R62: =SUM(E62:Q62) -> 2818
