Workbook

Sheet DPD
C8: Kecamatan | D8: BANGOREJO
C9: Kabupaten | D9: BANYUWANGI
C10: Provinsi | D10: JAWA TIMUR
A12: I | B12: DATA PEMILIH DAN PENGGUNAAN HAK PILIH | E12: JUMLAH AKHIR
A13: A | B13: DATA PEMILIH
B14: Jumlah Pemilih dalam Daftar Pemilih Tetap (DPT) | D14: LK | E14: =PAKIS!T14+SOBO!AB14+KEBALENAN!AH14+PENGANJURAN!T14+TUKANGKAYU!AD14+KERTOSARI!AB14+KARANGREJO!AI14+KEPATIHAN!S14+PANDEREJO!R14+SINGONEGARAN!U14+TEMENGGUNGAN!L14+KAMPUNGMELAYU!M14+KAMPUNGMANDAR!P14+LATENG!AD14+SINGOTRUNAN!AE14+PENGANTIGAN!X14+TAMANBARU!Z14+SUMBERREJO!U14 -> 43114
D15: PR | E15: =PAKIS!T15+SOBO!AB15+KEBALENAN!AH15+PENGANJURAN!T15+TUKANGKAYU!AD15+KERTOSARI!AB15+KARANGREJO!AI15+KEPATIHAN!S15+PANDEREJO!R15+SINGONEGARAN!U15+TEMENGGUNGAN!L15+KAMPUNGMELAYU!M15+KAMPUNGMANDAR!P15+LATENG!AD15+SINGOTRUNAN!AE15+PENGANTIGAN!X15+TAMANBARU!Z15+SUMBERREJO!U15 -> 45912
D16: JML | E16: =SUM(E14:E15) -> 89026
A18: B | B18: PENGGUNA HAK PILIH
B19: 1. | C19: Jumlah pengguna hak pilih dalam Daftar Pemilih Tetap (DPT) | D19: LK | E19: =PAKIS!T19+SOBO!AB19+KEBALENAN!AH19+PENGANJURAN!T19+TUKANGKAYU!AD19+KERTOSARI!AB19+KARANGREJO!AI19+KEPATIHAN!S19+PANDEREJO!R19+SINGONEGARAN!U19+TEMENGGUNGAN!L19+KAMPUNGMELAYU!M19+KAMPUNGMANDAR!P19+LATENG!AD19+SINGOTRUNAN!AE19+PENGANTIGAN!X19+TAMANBARU!Z19+SUMBERREJO!U19 -> 31081
D20: PR | E20: =PAKIS!T20+SOBO!AB20+KEBALENAN!AH20+PENGANJURAN!T20+TUKANGKAYU!AD20+KERTOSARI!AB20+KARANGREJO!AI20+KEPATIHAN!S20+PANDEREJO!R20+SINGONEGARAN!U20+TEMENGGUNGAN!L20+KAMPUNGMELAYU!M20+KAMPUNGMANDAR!P20+LATENG!AD20+SINGOTRUNAN!AE20+PENGANTIGAN!X20+TAMANBARU!Z20+SUMBERREJO!U20 -> 36200
D21: JML | E21: =SUM(E19:E20) -> 67281
B22: 2. | C22: Jumlah pengguna hak pilih dalam Daftar Pemilih Tambahan (DPTb) | D22: LK | E22: =PAKIS!T22+SOBO!AB22+KEBALENAN!AH22+PENGANJURAN!T22+TUKANGKAYU!AD22+KERTOSARI!AB22+KARANGREJO!AI22+KEPATIHAN!S22+PANDEREJO!R22+SINGONEGARAN!U22+TEMENGGUNGAN!L22+KAMPUNGMELAYU!M22+KAMPUNGMANDAR!P22+LATENG!AD22+SINGOTRUNAN!AE22+PENGANTIGAN!X22+TAMANBARU!Z22+SUMBERREJO!U22 -> 154
D23: PR | E23: =PAKIS!T23+SOBO!AB23+KEBALENAN!AH23+PENGANJURAN!T23+TUKANGKAYU!AD23+KERTOSARI!AB23+KARANGREJO!AI23+KEPATIHAN!S23+PANDEREJO!R23+SINGONEGARAN!U23+TEMENGGUNGAN!L23+KAMPUNGMELAYU!M23+KAMPUNGMANDAR!P23+LATENG!AD23+SINGOTRUNAN!AE23+PENGANTIGAN!X23+TAMANBARU!Z23+SUMBERREJO!U23 -> 146
D24: JML | E24: =SUM(E22:E23) -> 300
B25: 3. | C25: Jumlah pengguna hak pilih dalam Daftar Pemilih Khusus (DPK) | D25: LK | E25: =PAKIS!T25+SOBO!AB25+KEBALENAN!AH25+PENGANJURAN!T25+TUKANGKAYU!AD25+KERTOSARI!AB25+KARANGREJO!AI25+KEPATIHAN!S25+PANDEREJO!R25+SINGONEGARAN!U25+TEMENGGUNGAN!L25+KAMPUNGMELAYU!M25+KAMPUNGMANDAR!P25+LATENG!AD25+SINGOTRUNAN!AE25+PENGANTIGAN!X25+TAMANBARU!Z25+SUMBERREJO!U25 -> 533
D26: PR | E26: =PAKIS!T26+SOBO!AB26+KEBALENAN!AH26+PENGANJURAN!T26+TUKANGKAYU!AD26+KERTOSARI!AB26+KARANGREJO!AI26+KEPATIHAN!S26+PANDEREJO!R26+SINGONEGARAN!U26+TEMENGGUNGAN!L26+KAMPUNGMELAYU!M26+KAMPUNGMANDAR!P26+LATENG!AD26+SINGOTRUNAN!AE26+PENGANTIGAN!X26+TAMANBARU!Z26+SUMBERREJO!U26 -> 703
D27: JML | E27: =SUM(E25:E26) -> 1236
B28: 4. | C28: Jumlah Pengguna Hak Pilih (B.1+B.2+B.3) | D28: LK | E28: =E19+E22+E25 -> 31768
D29: PR | E29: =E20+E23+E26 -> 37049
D30: JML | E30: =SUM(E28:E29) -> 68817
A32: II | B32: DATA PENGGUNAAN SURAT SUARA
A33: 1 | B33: Jumlah surat suara yang diterima, termasuk surat suara cadangan 2,5% dari DPT | E33: =PAKIS!T33+SOBO!AB33+KEBALENAN!AH33+PENGANJURAN!T33+TUKANGKAYU!AD33+KERTOSARI!AB33+KARANGREJO!AI33+KEPATIHAN!S33+PANDEREJO!R33+SINGONEGARAN!U33+TEMENGGUNGAN!L33+KAMPUNGMELAYU!M33+KAMPUNGMANDAR!P33+LATENG!AD33+SINGOTRUNAN!AE33+PENGANTIGAN!X33+TAMANBARU!Z33+SUMBERREJO!U33 -> 91208
A34: 2 | B34: Jumlah surat suara yang digunakan | E34: =PAKIS!T34+SOBO!AB34+KEBALENAN!AH34+PENGANJURAN!T34+TUKANGKAYU!AD34+KERTOSARI!AB34+KARANGREJO!AI34+KEPATIHAN!S34+PANDEREJO!R34+SINGONEGARAN!U34+TEMENGGUNGAN!L34+KAMPUNGMELAYU!M34+KAMPUNGMANDAR!P34+LATENG!AD34+SINGOTRUNAN!AE34+PENGANTIGAN!X34+TAMANBARU!Z34+SUMBERREJO!U34 -> 68817
A35: 3 | B35: Jumlah surat suara dikembalikan oleh pemilih (karena rusak atau keliru coblos) | E35: =PAKIS!T35+SOBO!AB35+KEBALENAN!AH35+PENGANJURAN!T35+TUKANGKAYU!AD35+KERTOSARI!AB35+KARANGREJO!AI35+KEPATIHAN!S35+PANDEREJO!R35+SINGONEGARAN!U35+TEMENGGUNGAN!L35+KAMPUNGMELAYU!M35+KAMPUNGMANDAR!P35+LATENG!AD35+SINGOTRUNAN!AE35+PENGANTIGAN!X35+TAMANBARU!Z35+SUMBERREJO!U35 -> 135
A36: 4 | B36: Jumlah surat suara yang tidak digunakan/tidak terpakai, termasuk sisa surat suara cadangan | E36: =E33-(E34+E35) -> 22256
A38: III | B38: DATA PEMILIH DISABILITAS
B39: Jumlah seluruh Pemilih disabilitas yang menggunakan hak pilih | D39: LK | E39: =PAKIS!T39+SOBO!AB39+KEBALENAN!AH39+PENGANJURAN!T39+TUKANGKAYU!AD39+KERTOSARI!AB39+KARANGREJO!AI39+KEPATIHAN!S39+PANDEREJO!R39+SINGONEGARAN!U39+TEMENGGUNGAN!L39+KAMPUNGMELAYU!M39+KAMPUNGMANDAR!P39+LATENG!AD39+SINGOTRUNAN!AE39+PENGANTIGAN!X39+TAMANBARU!Z39+SUMBERREJO!U39 -> 88
D40: PR | E40: =PAKIS!T40+SOBO!AB40+KEBALENAN!AH40+PENGANJURAN!T40+TUKANGKAYU!AD40+KERTOSARI!AB40+KARANGREJO!AI40+KEPATIHAN!S40+PANDEREJO!R40+SINGONEGARAN!U40+TEMENGGUNGAN!L40+KAMPUNGMELAYU!M40+KAMPUNGMANDAR!P40+LATENG!AD40+SINGOTRUNAN!AE40+PENGANTIGAN!X40+TAMANBARU!Z40+SUMBERREJO!U40 -> 77
D41: JML | E41: =SUM(E39:E40) -> 165
A43: IV | B43: DATA RINCIAN PEROLEHAN SUARA PASANGAN CALON BUPATI DAN WAKIL BUPATI
A44: NOMOR DAN NAMA CALON
A45: A.2 | B45: 1. | C45: AA. AHMAD NAWARDI | E45: =PAKIS!T45+SOBO!AB45+KEBALENAN!AH45+PENGANJURAN!T45+TUKANGKAYU!AD45+KERTOSARI!AB45+KARANGREJO!AI45+KEPATIHAN!S45+PANDEREJO!R45+SINGONEGARAN!U45+TEMENGGUNGAN!L45+KAMPUNGMELAYU!M45+KAMPUNGMANDAR!P45+LATENG!AD45+SINGOTRUNAN!AE45+PENGANTIGAN!X45+TAMANBARU!Z45+SUMBERREJO!U45 -> 4038
B46: 2. | C46: Ir. H. AA LA NYALLA MAHMUD MATTALITI, M.HP. | E46: =PAKIS!T46+SOBO!AB46+KEBALENAN!AH46+PENGANJURAN!T46+TUKANGKAYU!AD46+KERTOSARI!AB46+KARANGREJO!AI46+KEPATIHAN!S46+PANDEREJO!R46+SINGONEGARAN!U46+TEMENGGUNGAN!L46+KAMPUNGMELAYU!M46+KAMPUNGMANDAR!P46+LATENG!AD46+SINGOTRUNAN!AE46+PENGANTIGAN!X46+TAMANBARU!Z46+SUMBERREJO!U46 -> 9710
B47: 3. | C47: ABDUL QADIR AMIR HARTONO, S.E., S.H., M.H. | E47: =PAKIS!T47+SOBO!AB47+KEBALENAN!AH47+PENGANJURAN!T47+TUKANGKAYU!AD47+KERTOSARI!AB47+KARANGREJO!AI47+KEPATIHAN!S47+PANDEREJO!R47+SINGONEGARAN!U47+TEMENGGUNGAN!L47+KAMPUNGMELAYU!M47+KAMPUNGMANDAR!P47+LATENG!AD47+SINGOTRUNAN!AE47+PENGANTIGAN!X47+TAMANBARU!Z47+SUMBERREJO!U47 -> 3966
B48: 4. | C48: ADILLA AZIS, S.E. | E48: =PAKIS!T48+SOBO!AB48+KEBALENAN!AH48+PENGANJURAN!T48+TUKANGKAYU!AD48+KERTOSARI!AB48+KARANGREJO!AI48+KEPATIHAN!S48+PANDEREJO!R48+SINGONEGARAN!U48+TEMENGGUNGAN!L48+KAMPUNGMELAYU!M48+KAMPUNGMANDAR!P48+LATENG!AD48+SINGOTRUNAN!AE48+PENGANTIGAN!X48+TAMANBARU!Z48+SUMBERREJO!U48 -> 6802
B49: 5. | C49: Ir. H. AGUS RAHARDJO, MSc.M. | E49: =PAKIS!T49+SOBO!AB49+KEBALENAN!AH49+PENGANJURAN!T49+TUKANGKAYU!AD49+KERTOSARI!AB49+KARANGREJO!AI49+KEPATIHAN!S49+PANDEREJO!R49+SINGONEGARAN!U49+TEMENGGUNGAN!L49+KAMPUNGMELAYU!M49+KAMPUNGMANDAR!P49+LATENG!AD49+SINGOTRUNAN!AE49+PENGANTIGAN!X49+TAMANBARU!Z49+SUMBERREJO!U49 -> 8277
B50: 6. | C50: Drs. AYUB KHAN | E50: =PAKIS!T50+SOBO!AB50+KEBALENAN!AH50+PENGANJURAN!T50+TUKANGKAYU!AD50+KERTOSARI!AB50+KARANGREJO!AI50+KEPATIHAN!S50+PANDEREJO!R50+SINGONEGARAN!U50+TEMENGGUNGAN!L50+KAMPUNGMELAYU!M50+KAMPUNGMANDAR!P50+LATENG!AD50+SINGOTRUNAN!AE50+PENGANTIGAN!X50+TAMANBARU!Z50+SUMBERREJO!U50 -> 3882
B51: 7. | C51: BAMBANG HARIANTO | E51: =PAKIS!T51+SOBO!AB51+KEBALENAN!AH51+PENGANJURAN!T51+TUKANGKAYU!AD51+KERTOSARI!AB51+KARANGREJO!AI51+KEPATIHAN!S51+PANDEREJO!R51+SINGONEGARAN!U51+TEMENGGUNGAN!L51+KAMPUNGMELAYU!M51+KAMPUNGMANDAR!P51+LATENG!AD51+SINGOTRUNAN!AE51+PENGANTIGAN!X51+TAMANBARU!Z51+SUMBERREJO!U51 -> 777
B52: 8. | C52: CATUR RUDI UTANTO, S.Sos. | E52: =PAKIS!T52+SOBO!AB52+KEBALENAN!AH52+PENGANJURAN!T52+TUKANGKAYU!AD52+KERTOSARI!AB52+KARANGREJO!AI52+KEPATIHAN!S52+PANDEREJO!R52+SINGONEGARAN!U52+TEMENGGUNGAN!L52+KAMPUNGMELAYU!M52+KAMPUNGMANDAR!P52+LATENG!AD52+SINGOTRUNAN!AE52+PENGANTIGAN!X52+TAMANBARU!Z52+SUMBERREJO!U52 -> 1339
B53: 9. | C53: DODDY DWI NUGROHO | E53: =PAKIS!T53+SOBO!AB53+KEBALENAN!AH53+PENGANJURAN!T53+TUKANGKAYU!AD53+KERTOSARI!AB53+KARANGREJO!AI53+KEPATIHAN!S53+PANDEREJO!R53+SINGONEGARAN!U53+TEMENGGUNGAN!L53+KAMPUNGMELAYU!M53+KAMPUNGMANDAR!P53+LATENG!AD53+SINGOTRUNAN!AE53+PENGANTIGAN!X53+TAMANBARU!Z53+SUMBERREJO!U53 -> 417
B54: 10. | C54: KONDANG KUSUMANING AYU | E54: =PAKIS!T54+SOBO!AB54+KEBALENAN!AH54+PENGANJURAN!T54+TUKANGKAYU!AD54+KERTOSARI!AB54+KARANGREJO!AI54+KEPATIHAN!S54+PANDEREJO!R54+SINGONEGARAN!U54+TEMENGGUNGAN!L54+KAMPUNGMELAYU!M54+KAMPUNGMANDAR!P54+LATENG!AD54+SINGOTRUNAN!AE54+PENGANTIGAN!X54+TAMANBARU!Z54+SUMBERREJO!U54 -> 8022
B55: 11. | C55: KUNJUNG WAHYUDI | E55: =PAKIS!T55+SOBO!AB55+KEBALENAN!AH55+PENGANJURAN!T55+TUKANGKAYU!AD55+KERTOSARI!AB55+KARANGREJO!AI55+KEPATIHAN!S55+PANDEREJO!R55+SINGONEGARAN!U55+TEMENGGUNGAN!L55+KAMPUNGMELAYU!M55+KAMPUNGMANDAR!P55+LATENG!AD55+SINGOTRUNAN!AE55+PENGANTIGAN!X55+TAMANBARU!Z55+SUMBERREJO!U55 -> 659
B56: 12. | C56: Dr. LIA ISTIFHAMA | E56: =PAKIS!T56+SOBO!AB56+KEBALENAN!AH56+PENGANJURAN!T56+TUKANGKAYU!AD56+KERTOSARI!AB56+KARANGREJO!AI56+KEPATIHAN!S56+PANDEREJO!R56+SINGONEGARAN!U56+TEMENGGUNGAN!L56+KAMPUNGMELAYU!M56+KAMPUNGMANDAR!P56+LATENG!AD56+SINGOTRUNAN!AE56+PENGANTIGAN!X56+TAMANBARU!Z56+SUMBERREJO!U56 -> 5986
B57: 13. | C57: MOHAMMAD TRIJANTO, S.H., M.M., M.H. | E57: =PAKIS!T57+SOBO!AB57+KEBALENAN!AH57+PENGANJURAN!T57+TUKANGKAYU!AD57+KERTOSARI!AB57+KARANGREJO!AI57+KEPATIHAN!S57+PANDEREJO!R57+SINGONEGARAN!U57+TEMENGGUNGAN!L57+KAMPUNGMELAYU!M57+KAMPUNGMANDAR!P57+LATENG!AD57+SINGOTRUNAN!AE57+PENGANTIGAN!X57+TAMANBARU!Z57+SUMBERREJO!U57 -> 930
A59: V | B59: DATA SUARA SAH DAN TIDAK SAH
B60: A. | C60: JUMLAH SELURUH SUARA SAH | E60: =PAKIS!T60+SOBO!AB60+KEBALENAN!AH60+PENGANJURAN!T60+TUKANGKAYU!AD60+KERTOSARI!AB60+KARANGREJO!AI60+KEPATIHAN!S60+PANDEREJO!R60+SINGONEGARAN!U60+TEMENGGUNGAN!L60+KAMPUNGMELAYU!M60+KAMPUNGMANDAR!P60+LATENG!AD60+SINGOTRUNAN!AE60+PENGANTIGAN!X60+TAMANBARU!Z60+SUMBERREJO!U60 -> 54805
B61: B. | C61: JUMLAH SUARA TIDAK SAH | E61: =PAKIS!T61+SOBO!AB61+KEBALENAN!AH61+PENGANJURAN!T61+TUKANGKAYU!AD61+KERTOSARI!AB61+KARANGREJO!AI61+KEPATIHAN!S61+PANDEREJO!R61+SINGONEGARAN!U61+TEMENGGUNGAN!L61+KAMPUNGMELAYU!M61+KAMPUNGMANDAR!P61+LATENG!AD61+SINGOTRUNAN!AE61+PENGANTIGAN!X61+TAMANBARU!Z61+SUMBERREJO!U61 -> 14012
B62: C. | C62: JUMLAH SELURUH SUARA SAH DAN SUARA TIDAK SAH (V.A + V.B) | E62: =SUM(E60:E61) -> 68817

Sheet PAKIS
C2: Kecamatan | D2: BANYUWANGI
C3: Kabupaten | D3: BANYUWANGI
C4: Provinsi | D4: JAWA TIMUR
C9: Kelurahan | D9: PAKIS
A12: I | B12: DATA PEMILIH DAN PENGGUNAAN HAK PILIH | T12: JUMLAH AKHIR
A13: A | B13: DATA PEMILIH | E13: TPS 001 | F13: TPS 002 | G13: TPS 003 | H13: TPS 004 | I13: TPS 005 | J13: TPS 006 | K13: TPS 007 | L13: TPS 008 | M13: TPS 009 | N13: TPS 010 | O13: TPS 011 | P13: TPS 012 | Q13: TPS 013 | R13: TPS 014 | S13: TPS 015
B14: Jumlah Pemilih dalam Daftar Pemilih Tetap (DPT) | D14: LK | E14: 129 | F14: 123 | G14: 107 | H14: 122 | I14: 121 | J14: 131 | K14: 124 | L14: 137 | M14: 122 | N14: 115 | O14: 134 | P14: 127 | Q14: 116 | R14: 131 | S14: 125 | T14: =SUM(E14:S14) -> 1864
D15: PR | E15: 134 | F15: 135 | G15: 138 | H15: 132 | I15: 137 | J15: 128 | K15: 129 | L15: 125 | M15: 128 | N15: 130 | O15: 119 | P15: 127 | Q15: 133 | R15: 124 | S15: 129 | T15: =SUM(E15:S15) -> 1948
D16: JML | E16: =SUM(E14:E15) -> 263 | F16: =SUM(F14:F15) -> 258 | G16: =SUM(G14:G15) -> 245 | H16: =SUM(H14:H15) -> 254 | I16: =SUM(I14:I15) -> 258 | J16: =SUM(J14:J15) -> 259 | K16: =SUM(K14:K15) -> 253 | L16: =SUM(L14:L15) -> 262 | ... S16: =SUM(S14:S15) -> 254 | T16: =SUM(E16:S16) -> 3812
A18: B | B18: PENGGUNA HAK PILIH
B19: 1. | C19: Jumlah pengguna hak pilih dalam Daftar Pemilih Tetap (DPT) | D19: LK | E19: 98 | F19: 96 | G19: 85 | H19: 95 | I19: 87 | J19: 101 | K19: 92 | L19: 109 | M19: 97 | N19: 88 | O19: 93 | P19: 80 | Q19: 83 | R19: 105 | S19: 92 | T19: =SUM(E19:S19) -> 1401
D20: PR | E20: 106 | F20: 108 | G20: 105 | H20: 104 | I20: 115 | J20: 101 | K20: 116 | L20: 109 | M20: 115 | N20: 113 | O20: 97 | P20: 96 | Q20: 106 | R20: 111 | S20: 101 | T20: =SUM(E20:S20) -> 1603
D21: JML | E21: =SUM(E19:E20) -> 204 | F21: =SUM(F19:F20) -> 204 | G21: =SUM(G19:G20) -> 190 | H21: =SUM(H19:H20) -> 199 | I21: =SUM(I19:I20) -> 202 | J21: =SUM(J19:J20) -> 202 | K21: =SUM(K19:K20) -> 208 | L21: =SUM(L19:L20) -> 218 | ... S21: =SUM(S19:S20) -> 193 | T21: =SUM(E21:S21) -> 3004
B22: 2. | C22: Jumlah pengguna hak pilih dalam Daftar Pemilih Tambahan (DPTb) | D22: LK | E22: 1 | F22: 0 | G22: 2 | H22: 0 | I22: 2 | J22: 0 | K22: 0 | L22: 0 | M22: 0 | N22: 0 | O22: 0 | P22: 0 | Q22: 0 | R22: 0 | S22: 2 | T22: =SUM(E22:S22) -> 7
D23: PR | E23: 1 | F23: 0 | G23: 2 | H23: 0 | I23: 0 | J23: 0 | K23: 0 | L23: 0 | M23: 3 | N23: 1 | O23: 0 | P23: 0 | Q23: 0 | R23: 0 | S23: 3 | T23: =SUM(E23:S23) -> 10
D24: JML | E24: =SUM(E22:E23) -> 2 | F24: =SUM(F22:F23) -> 0 | G24: =SUM(G22:G23) -> 4 | H24: =SUM(H22:H23) -> 0 | I24: =SUM(I22:I23) -> 2 | J24: =SUM(J22:J23) -> 0 | K24: =SUM(K22:K23) -> 0 | L24: =SUM(L22:L23) -> 0 | ... S24: =SUM(S22:S23) -> 5 | T24: =SUM(E24:S24) -> 17
B25: 3. | C25: Jumlah pengguna hak pilih dalam Daftar Pemilih Khusus (DPK) | D25: LK | E25: 2 | F25: 0 | G25: 2 | H25: 2 | I25: 0 | J25: 0 | K25: 3 | L25: 2 | M25: 2 | N25: 0 | O25: 2 | P25: 3 | Q25: 2 | R25: 0 | S25: 1 | T25: =SUM(E25:S25) -> 21
D26: PR | E26: 2 | F26: 0 | G26: 0 | H26: 2 | I26: 5 | J26: 1 | K26: 1 | L26: 0 | M26: 1 | N26: 0 | O26: 7 | P26: 3 | Q26: 0 | R26: 0 | S26: 1 | T26: =SUM(E26:S26) -> 23
D27: JML | E27: =SUM(E25:E26) -> 4 | F27: =SUM(F25:F26) -> 0 | G27: =SUM(G25:G26) -> 2 | H27: =SUM(H25:H26) -> 4 | I27: =SUM(I25:I26) -> 5 | J27: =SUM(J25:J26) -> 1 | K27: =SUM(K25:K26) -> 4 | L27: =SUM(L25:L26) -> 2 | ... S27: =SUM(S25:S26) -> 2 | T27: =SUM(E27:S27) -> 44
B28: 4. | C28: Jumlah Pengguna Hak Pilih (B.1+B.2+B.3) | D28: LK | E28: =SUM(E19,E22,E25) -> 101 | F28: =SUM(F19,F22,F25) -> 96 | G28: =SUM(G19,G22,G25) -> 89 | H28: =SUM(H19,H22,H25) -> 97 | I28: =SUM(I19,I22,I25) -> 89 | J28: =SUM(J19,J22,J25) -> 101 | K28: =SUM(K19,K22,K25) -> 95 | L28: =SUM(L19,L22,L25) -> 111 | ... S28: =SUM(S19,S22,S25) -> 95 | T28: =SUM(E28:S28) -> 1429
D29: PR | E29: =SUM(E20,E23,E26) -> 109 | F29: =SUM(F20,F23,F26) -> 108 | G29: =SUM(G20,G23,G26) -> 107 | H29: =SUM(H20,H23,H26) -> 106 | I29: =SUM(I20,I23,I26) -> 120 | J29: =SUM(J20,J23,J26) -> 102 | K29: =SUM(K20,K23,K26) -> 117 | L29: =SUM(L20,L23,L26) -> 109 | ... S29: =SUM(S20,S23,S26) -> 105 | T29: =SUM(E29:S29) -> 1636
D30: JML | E30: =SUM(E28:E29) -> 210 | F30: =SUM(F28:F29) -> 204 | G30: =SUM(G28:G29) -> 196 | H30: =SUM(H28:H29) -> 203 | I30: =SUM(I28:I29) -> 209 | J30: =SUM(J28:J29) -> 203 | K30: =SUM(K28:K29) -> 212 | L30: =SUM(L28:L29) -> 220 | ... S30: =SUM(S28:S29) -> 200 | T30: =SUM(E30:S30) -> 3065
A32: II | B32: DATA PENGGUNAAN SURAT SUARA
A33: 1 | B33: Jumlah surat suara yang diterima, termasuk surat suara cadangan 2% dari DPT | E33: 269 | F33: 263 | G33: 250 | H33: 260 | I33: 263 | J33: 265 | K33: 259 | L33: 268 | M33: 255 | N33: 250 | O33: 257 | P33: 260 | Q33: 244 | R33: 259 | S33: 260 | T33: =SUM(E33:S33) -> 3882
A34: 2 | B34: Jumlah surat suara yang digunakan | E34: 210 | F34: 204 | G34: 196 | H34: 203 | I34: 209 | J34: 203 | K34: 212 | L34: 220 | M34: 218 | N34: 202 | O34: 199 | P34: 182 | Q34: 191 | R34: 216 | S34: 200 | T34: =SUM(E34:S34) -> 3065
A35: 3 | B35: Jumlah surat suara dikembalikan oleh pemilih (karena rusak atau keliru coblos) | E35: 0 | F35: 0 | G35: 0 | H35: 0 | I35: 0 | J35: 1 | K35: 1 | L35: 0 | M35: 0 | N35: 0 | O35: 1 | P35: 0 | Q35: 0 | R35: 1 | S35: 0 | T35: =SUM(E35:S35) -> 4
A36: 4 | B36: Jumlah surat suara yang tidak digunakan/tidak terpakai, termasuk sisa surat suara cadangan | E36: =E33-(E34+E35) -> 59 | F36: =F33-(F34+F35) -> 59 | G36: =G33-(G34+G35) -> 54 | H36: =H33-(H34+H35) -> 57 | I36: =I33-(I34+I35) -> 54 | J36: =J33-(J34+J35) -> 61 | K36: =K33-(K34+K35) -> 46 | L36: =L33-(L34+L35) -> 48 | ... S36: =S33-(S34+S35) -> 60 | T36: =SUM(E36:S36) -> 813
A38: III | B38: DATA PEMILIH DISABILITAS
B39: Jumlah seluruh Pemilih disabilitas yang menggunakan hak pilih | D39: LK | E39: 2 | G39: 1 | S39: 4 | T39: =SUM(E39:S39) -> 7
D40: PR | G40: 3 | S40: 3 | T40: =SUM(E40:S40) -> 6
D41: JML | E41: =SUM(E39:E40) -> 2 | F41: =SUM(F39:F40) -> 0 | G41: =SUM(G39:G40) -> 4 | H41: =SUM(H39:H40) -> 0 | I41: =SUM(I39:I40) -> 0 | J41: =SUM(J39:J40) -> 0 | K41: =SUM(K39:K40) -> 0 | L41: =SUM(L39:L40) -> 0 | ... S41: =SUM(S39:S40) -> 7 | T41: =SUM(E41:S41) -> 13
A43: IV | B43: DATA RINCIAN PEROLEHAN SUARA PASANGAN CALON BUPATI DAN WAKIL BUPATI
A44: NOMOR DAN NAMA CALON
B45: 1. | C45: AA. AHMAD NAWARDI | E45: 17 | F45: 13 | G45: 13 | H45: 20 | I45: 19 | J45: 18 | K45: 20 | L45: 20 | M45: 22 | N45: 26 | O45: 20 | P45: 23 | Q45: 26 | R45: 12 | S45: 23 | T45: =SUM(E45:S45) -> 292
B46: 2. | C46: Ir. H. AA LA NYALLA MAHMUD MATTALITI, M.HP. | E46: 30 | F46: 34 | G46: 26 | H46: 21 | I46: 40 | J46: 41 | K46: 34 | L46: 34 | M46: 42 | N46: 33 | O46: 29 | P46: 31 | Q46: 28 | R46: 35 | S46: 22 | T46: =SUM(E46:S46) -> 480
B47: 3. | C47: ABDUL QADIR AMIR HARTONO, S.E., S.H., M.H. | E47: 15 | F47: 8 | G47: 7 | H47: 10 | I47: 7 | J47: 13 | K47: 17 | L47: 27 | M47: 12 | N47: 13 | O47: 20 | P47: 13 | Q47: 17 | R47: 12 | S47: 13 | T47: =SUM(E47:S47) -> 204
B48: 4. | C48: ADILLA AZIS, S.E. | E48: 23 | F48: 23 | G48: 26 | H48: 21 | I48: 20 | J48: 14 | K48: 13 | L48: 19 | M48: 17 | N48: 7 | O48: 18 | P48: 11 | Q48: 15 | R48: 33 | S48: 18 | T48: =SUM(E48:S48) -> 278
B49: 5. | C49: Ir. H. AGUS RAHARDJO, MSc.M. | E49: 29 | F49: 21 | G49: 22 | H49: 22 | I49: 29 | J49: 18 | K49: 43 | L49: 35 | M49: 42 | N49: 38 | O49: 34 | P49: 18 | Q49: 19 | R49: 14 | S49: 15 | T49: =SUM(E49:S49) -> 399
B50: 6. | C50: Drs. AYUB KHAN | E50: 11 | F50: 9 | G50: 16 | H50: 19 | I50: 8 | J50: 4 | K50: 11 | L50: 10 | M50: 12 | N50: 12 | O50: 17 | P50: 6 | Q50: 16 | R50: 15 | S50: 8 | T50: =SUM(E50:S50) -> 174
B51: 7. | C51: BAMBANG HARIANTO | E51: 0 | F51: 1 | G51: 0 | H51: 2 | I51: 4 | J51: 1 | K51: 3 | L51: 1 | M51: 2 | N51: 0 | O51: 2 | P51: 7 | Q51: 0 | R51: 0 | S51: 1 | T51: =SUM(E51:S51) -> 24
B52: 8. | C52: CATUR RUDI UTANTO, S.Sos. | E52: 4 | F52: 1 | G52: 2 | H52: 1 | I52: 7 | J52: 4 | K52: 2 | L52: 1 | M52: 3 | N52: 1 | O52: 3 | P52: 4 | Q52: 2 | R52: 1 | S52: 3 | T52: =SUM(E52:S52) -> 39
B53: 9. | C53: DODDY DWI NUGROHO | E53: 0 | F53: 3 | G53: 3 | H53: 0 | I53: 1 | J53: 1 | K53: 1 | L53: 1 | M53: 1 | N53: 1 | O53: 0 | P53: 1 | Q53: 2 | R53: 0 | S53: 0 | T53: =SUM(E53:S53) -> 15
B54: 10. | C54: KONDANG KUSUMANING AYU | E54: 25 | F54: 22 | G54: 21 | H54: 24 | I54: 17 | J54: 15 | K54: 11 | L54: 15 | M54: 21 | N54: 20 | O54: 15 | P54: 16 | Q54: 20 | R54: 25 | S54: 34 | T54: =SUM(E54:S54) -> 301
B55: 11. | C55: KUNJUNG WAHYUDI | E55: 1 | F55: 0 | G55: 2 | H55: 3 | I55: 3 | J55: 1 | K55: 1 | L55: 2 | M55: 3 | N55: 2 | O55: 0 | P55: 0 | Q55: 1 | R55: 2 | S55: 0 | T55: =SUM(E55:S55) -> 21
B56: 12. | C56: Dr. LIA ISTIFHAMA | E56: 10 | F56: 15 | G56: 16 | H56: 19 | I56: 9 | J56: 17 | K56: 21 | L56: 13 | M56: 13 | N56: 9 | O56: 12 | P56: 14 | Q56: 10 | R56: 21 | S56: 15 | T56: =SUM(E56:S56) -> 214
B57: 13. | C57: MOHAMMAD TRIJANTO, S.H., M.M., M.H. | E57: 2 | F57: 1 | G57: 5 | H57: 3 | I57: 1 | J57: 2 | K57: 1 | L57: 0 | M57: 0 | N57: 2 | O57: 0 | P57: 0 | Q57: 0 | R57: 2 | S57: 3 | T57: =SUM(E57:S57) -> 22
A59: V | B59: DATA SUARA SAH DAN TIDAK SAH
B60: A. | C60: JUMLAH SELURUH SUARA SAH | E60: =SUM(E45:E57) -> 167 | F60: =SUM(F45:F57) -> 151 | G60: =SUM(G45:G57) -> 159 | H60: =SUM(H45:H57) -> 165 | I60: =SUM(I45:I57) -> 165 | J60: =SUM(J45:J57) -> 149 | K60: =SUM(K45:K57) -> 178 | L60: =SUM(L45:L57) -> 178 | ... S60: =SUM(S45:S57) -> 155 | T60: =SUM(E60:S60) -> 2463
B61: B. | C61: JUMLAH SUARA TIDAK SAH | E61: 43 | F61: 53 | G61: 37 | H61: 38 | I61: 44 | J61: 54 | K61: 34 | L61: 42 | M61: 28 | N61: 38 | O61: 29 | P61: 38 | Q61: 35 | R61: 44 | S61: 45 | T61: =SUM(E61:S61) -> 602
B62: C. | C62: JUMLAH SELURUH SUARA SAH DAN SUARA TIDAK SAH (V.A + V.B) | E62: =SUM(E60:E61) -> 210 | F62: =SUM(F60:F61) -> 204 | G62: =SUM(G60:G61) -> 196 | H62: =SUM(H60:H61) -> 203 | I62: =SUM(I60:I61) -> 209 | J62: =SUM(J60:J61) -> 203 | K62: =SUM(K60:K61) -> 212 | L62: =SUM(L60:L61) -> 220 | ... S62: =SUM(S60:S61) -> 200 | T62: =SUM(E62:S62) -> 3065

Sheet SOBO
C2: Kecamatan | D2: BANYUWANGI
C3: Kabupaten | D3: BANYUWANGI
C4: Provinsi | D4: JAWA TIMUR
C9: Kelurahan | D9: SOBO
A12: I | B12: DATA PEMILIH DAN PENGGUNAAN HAK PILIH | AB12: JUMLAH AKHIR
A13: A | B13: DATA PEMILIH | E13: TPS 001 | F13: TPS 002 | G13: TPS 003 | H13: TPS 004 | I13: TPS 005 | J13: TPS 006 | K13: TPS 007 | L13: TPS 008 | M13: TPS 009 | N13: TPS 010 | O13: TPS 011 | P13: TPS 012 | Q13: TPS 013 | R13: TPS 014 | S13: TPS 015 | T13: TPS 016 | U13: TPS 017 | V13: TPS 018 | W13: TPS 019 | X13: TPS 020 | Y13: TPS 021 | Z13: TPS 022 | AA13: TPS 023
B14: Jumlah Pemilih dalam Daftar Pemilih Tetap (DPT) | D14: LK | E14: 144 | F14: 127 | G14: 126 | H14: 136 | I14: 127 | J14: 137 | K14: 143 | L14: 135 | M14: 139 | N14: 141 | O14: 125 | P14: 134 | Q14: 148 | R14: 127 | S14: 138 | T14: 131 | U14: 123 | V14: 132 | W14: 142 | X14: 140 | Y14: 142 | Z14: 142 | AA14: 131 | AB14: =SUM(E14:AA14) -> 3110
D15: PR | E15: 146 | F15: 159 | G15: 162 | H15: 147 | I15: 147 | J15: 145 | K15: 142 | L15: 146 | M15: 156 | N15: 149 | O15: 162 | P15: 164 | Q15: 142 | R15: 147 | S15: 156 | T15: 147 | U15: 155 | V15: 149 | W15: 147 | X15: 147 | Y15: 144 | Z15: 152 | AA15: 152 | AB15: =SUM(E15:AA15) -> 3463
D16: JML | E16: =SUM(E14:E15) -> 290 | F16: =SUM(F14:F15) -> 286 | G16: =SUM(G14:G15) -> 288 | H16: =SUM(H14:H15) -> 283 | I16: =SUM(I14:I15) -> 274 | J16: =SUM(J14:J15) -> 282 | K16: =SUM(K14:K15) -> 285 | L16: =SUM(L14:L15) -> 281 | ... AA16: =SUM(AA14:AA15) -> 283 | AB16: =SUM(E16:AA16) -> 6573
A18: B | B18: PENGGUNA HAK PILIH
B19: 1. | C19: Jumlah pengguna hak pilih dalam Daftar Pemilih Tetap (DPT) | D19: LK | E19: 102 | F19: 93 | G19: 89 | H19: 85 | I19: 87 | J19: 102 | K19: 109 | L19: 108 | M19: 97 | N19: 100 | O19: 90 | P19: 104 | Q19: 116 | R19: 95 | S19: 95 | T19: 84 | U19: 99 | V19: 91 | W19: 104 | X19: 101 | Y19: 91 | Z19: 95 | AA19: 87 | AB19: =SUM(E19:AA19) -> 2224
D20: PR | E20: 104 | F20: 132 | G20: 117 | H20: 104 | I20: 100 | J20: 117 | K20: 105 | L20: 121 | M20: 129 | N20: 118 | O20: 129 | P20: 119 | Q20: 110 | R20: 115 | S20: 123 | T20: 112 | U20: 129 | V20: 120 | W20: 128 | X20: 122 | Y20: 107 | Z20: 123 | AA20: 124 | AB20: =SUM(E20:AA20) -> 2708
D21: JML | E21: =SUM(E19:E20) -> 206 | F21: =SUM(F19:F20) -> 225 | G21: =SUM(G19:G20) -> 206 | H21: =SUM(H19:H20) -> 189 | I21: =SUM(I19:I20) -> 187 | J21: =SUM(J19:J20) -> 219 | K21: =SUM(K19:K20) -> 214 | L21: =SUM(L19:L20) -> 229 | ... AA21: =SUM(AA19:AA20) -> 211 | AB21: =SUM(E21:AA21) -> 4932
B22: 2. | C22: Jumlah pengguna hak pilih dalam Daftar Pemilih Tambahan (DPTb) | D22: LK | E22: 2 | F22: 1 | G22: 0 | H22: 1 | I22: 4 | J22: 0 | K22: 0 | L22: 1 | M22: 0 | N22: 0 | O22: 3 | P22: 0 | Q22: 1 | R22: 0 | S22: 0 | T22: 0 | U22: 0 | V22: 0 | W22: 0 | X22: 0 | Y22: 2 | Z22: 0 | AA22: 0 | AB22: =SUM(E22:AA22) -> 15
D23: PR | E23: 2 | F23: 0 | G23: 0 | H23: 0 | I23: 2 | J23: 0 | K23: 0 | L23: 2 | M23: 0 | N23: 0 | O23: 2 | P23: 0 | Q23: 1 | R23: 0 | S23: 1 | T23: 0 | U23: 0 | V23: 0 | W23: 0 | X23: 0 | Y23: 2 | Z23: 0 | AA23: 0 | AB23: =SUM(E23:AA23) -> 12
D24: JML | E24: =SUM(E22:E23) -> 4 | F24: =SUM(F22:F23) -> 1 | G24: =SUM(G22:G23) -> 0 | H24: =SUM(H22:H23) -> 1 | I24: =SUM(I22:I23) -> 6 | J24: =SUM(J22:J23) -> 0 | K24: =SUM(K22:K23) -> 0 | L24: =SUM(L22:L23) -> 3 | ... AA24: =SUM(AA22:AA23) -> 0 | AB24: =SUM(E24:AA24) -> 27
B25: 3. | C25: Jumlah pengguna hak pilih dalam Daftar Pemilih Khusus (DPK) | D25: LK | E25: 0 | F25: 0 | G25: 0 | H25: 0 | I25: 0 | J25: 1 | K25: 1 | L25: 0 | M25: 0 | N25: 3 | O25: 0 | P25: 2 | Q25: 5 | R25: 1 | S25: 1 | T25: 2 | U25: 0 | V25: 3 | W25: 1 | X25: 1 | Y25: 2 | Z25: 1 | AA25: 2 | AB25: =SUM(E25:AA25) -> 26
D26: PR | E26: 1 | F26: 3 | G26: 0 | H26: 1 | I26: 1 | J26: 2 | K26: 3 | L26: 0 | M26: 0 | N26: 4 | O26: 1 | P26: 2 | Q26: 9 | R26: 0 | S26: 5 | T26: 3 | U26: 1 | V26: 3 | W26: 0 | X26: 0 | Y26: 2 | Z26: 0 | AA26: 0 | AB26: =SUM(E26:AA26) -> 41
D27: JML | E27: =SUM(E25:E26) -> 1 | F27: =SUM(F25:F26) -> 3 | G27: =SUM(G25:G26) -> 0 | H27: =SUM(H25:H26) -> 1 | I27: =SUM(I25:I26) -> 1 | J27: =SUM(J25:J26) -> 3 | K27: =SUM(K25:K26) -> 4 | L27: =SUM(L25:L26) -> 0 | ... AA27: =SUM(AA25:AA26) -> 2 | AB27: =SUM(E27:AA27) -> 67
B28: 4. | C28: Jumlah Pengguna Hak Pilih (B.1+B.2+B.3) | D28: LK | E28: =SUM(E19,E22,E25) -> 104 | F28: =SUM(F19,F22,F25) -> 94 | G28: =SUM(G19,G22,G25) -> 89 | H28: =SUM(H19,H22,H25) -> 86 | I28: =SUM(I19,I22,I25) -> 91 | J28: =SUM(J19,J22,J25) -> 103 | K28: =SUM(K19,K22,K25) -> 110 | L28: =SUM(L19,L22,L25) -> 109 | ... AA28: =SUM(AA19,AA22,AA25) -> 89 | AB28: =SUM(E28:AA28) -> 2265
D29: PR | E29: =SUM(E20,E23,E26) -> 107 | F29: =SUM(F20,F23,F26) -> 135 | G29: =SUM(G20,G23,G26) -> 117 | H29: =SUM(H20,H23,H26) -> 105 | I29: =SUM(I20,I23,I26) -> 103 | J29: =SUM(J20,J23,J26) -> 119 | K29: =SUM(K20,K23,K26) -> 108 | L29: =SUM(L20,L23,L26) -> 123 | ... AA29: =SUM(AA20,AA23,AA26) -> 124 | AB29: =SUM(E29:AA29) -> 2761
D30: JML | E30: =SUM(E28:E29) -> 211 | F30: =SUM(F28:F29) -> 229 | G30: =SUM(G28:G29) -> 206 | H30: =SUM(H28:H29) -> 191 | I30: =SUM(I28:I29) -> 194 | J30: =SUM(J28:J29) -> 222 | K30: =SUM(K28:K29) -> 218 | L30: =SUM(L28:L29) -> 232 | ... AA30: =SUM(AA28:AA29) -> 213 | AB30: =SUM(E30:AA30) -> 5026
A32: II | B32: DATA PENGGUNAAN SURAT SUARA
A33: 1 | B33: Jumlah surat suara yang diterima, termasuk surat suara cadangan 2% dari DPT | E33: 296 | F33: 295 | G33: 294 | H33: 289 | I33: 280 | J33: 286 | K33: 291 | L33: 287 | M33: 300 | N33: 296 | O33: 293 | P33: 304 | Q33: 296 | R33: 280 | S33: 300 | T33: 284 | U33: 284 | V33: 287 | W33: 293 | X33: 293 | Y33: 292 | Z33: 320 | AA33: 279 | AB33: =SUM(E33:AA33) -> 6719
A34: 2 | B34: Jumlah surat suara yang digunakan | E34: 211 | F34: 229 | G34: 206 | H34: 191 | I34: 194 | J34: 222 | K34: 218 | L34: 232 | M34: 226 | N34: 225 | O34: 225 | P34: 227 | Q34: 242 | R34: 211 | S34: 225 | T34: 201 | U34: 229 | V34: 217 | W34: 233 | X34: 224 | Y34: 206 | Z34: 219 | AA34: 213 | AB34: =SUM(E34:AA34) -> 5026
A35: 3 | B35: Jumlah surat suara dikembalikan oleh pemilih (karena rusak atau keliru coblos) | E35: 0 | F35: 0 | G35: 0 | H35: 0 | I35: 0 | J35: 0 | K35: 0 | L35: 0 | M35: 0 | N35: 0 | O35: 0 | P35: 0 | Q35: 0 | R35: 0 | S35: 2 | T35: 0 | U35: 0 | V35: 0 | W35: 0 | X35: 1 | Y35: 0 | Z35: 0 | AA35: 0 | AB35: =SUM(E35:AA35) -> 3
A36: 4 | B36: Jumlah surat suara yang tidak digunakan/tidak terpakai, termasuk sisa surat suara cadangan | E36: =E33-(E34+E35) -> 85 | F36: =F33-(F34+F35) -> 66 | G36: =G33-(G34+G35) -> 88 | H36: =H33-(H34+H35) -> 98 | I36: =I33-(I34+I35) -> 86 | J36: =J33-(J34+J35) -> 64 | K36: =K33-(K34+K35) -> 73 | L36: =L33-(L34+L35) -> 55 | ... AA36: =AA33-(AA34+AA35) -> 66 | AB36: =SUM(E36:AA36) -> 1690
A38: III | B38: DATA PEMILIH DISABILITAS
B39: Jumlah seluruh Pemilih disabilitas yang menggunakan hak pilih | D39: LK | E39: 2 | W39: 1 | AB39: =SUM(E39:AA39) -> 3
D40: PR | E40: 1 | Z40: 1 | AB40: =SUM(E40:AA40) -> 2
D41: JML | E41: =SUM(E39:E40) -> 3 | F41: =SUM(F39:F40) -> 0 | G41: =SUM(G39:G40) -> 0 | H41: =SUM(H39:H40) -> 0 | I41: =SUM(I39:I40) -> 0 | J41: =SUM(J39:J40) -> 0 | K41: =SUM(K39:K40) -> 0 | L41: =SUM(L39:L40) -> 0 | ... AA41: =SUM(AA39:AA40) -> 0 | AB41: =SUM(E41:AA41) -> 5
A43: IV | B43: DATA RINCIAN PEROLEHAN SUARA PASANGAN CALON BUPATI DAN WAKIL BUPATI
A44: NOMOR DAN NAMA CALON
B45: 1. | C45: AA. AHMAD NAWARDI | E45: 12 | F45: 12 | G45: 11 | H45: 17 | I45: 7 | J45: 31 | K45: 22 | L45: 6 | M45: 16 | N45: 18 | O45: 11 | P45: 16 | Q45: 14 | R45: 9 | S45: 6 | T45: 10 | U45: 11 | V45: 17 | W45: 6 | X45: 18 | Y45: 17 | Z45: 15 | AA45: 11 | AB45: =SUM(E45:AA45) -> 313
B46: 2. | C46: Ir. H. AA LA NYALLA MAHMUD MATTALITI, M.HP. | E46: 31 | F46: 30 | G46: 26 | H46: 41 | I46: 21 | J46: 30 | K46: 32 | L46: 23 | M46: 30 | N46: 34 | O46: 33 | P46: 25 | Q46: 36 | R46: 26 | S46: 31 | T46: 28 | U46: 35 | V46: 33 | W46: 29 | X46: 34 | Y46: 37 | Z46: 32 | AA46: 39 | AB46: =SUM(E46:AA46) -> 716
B47: 3. | C47: ABDUL QADIR AMIR HARTONO, S.E., S.H., M.H. | E47: 11 | F47: 13 | G47: 13 | H47: 14 | I47: 21 | J47: 15 | K47: 13 | L47: 4 | M47: 15 | N47: 14 | O47: 11 | P47: 12 | Q47: 14 | R47: 15 | S47: 10 | T47: 10 | U47: 17 | V47: 12 | W47: 20 | X47: 11 | Y47: 14 | Z47: 13 | AA47: 7 | AB47: =SUM(E47:AA47) -> 299
B48: 4. | C48: ADILLA AZIS, S.E. | E48: 20 | F48: 25 | G48: 19 | H48: 19 | I48: 20 | J48: 11 | K48: 14 | L48: 15 | M48: 26 | N48: 14 | O48: 20 | P48: 18 | Q48: 18 | R48: 15 | S48: 26 | T48: 23 | U48: 23 | V48: 15 | W48: 25 | X48: 15 | Y48: 13 | Z48: 28 | AA48: 23 | AB48: =SUM(E48:AA48) -> 445
B49: 5. | C49: Ir. H. AGUS RAHARDJO, MSc.M. | E49: 31 | F49: 33 | G49: 33 | H49: 19 | I49: 26 | J49: 19 | K49: 33 | L49: 14 | M49: 15 | N49: 21 | O49: 27 | P49: 20 | Q49: 18 | R49: 35 | S49: 42 | T49: 20 | U49: 19 | V49: 18 | W49: 32 | X49: 29 | Y49: 17 | Z49: 23 | AA49: 26 | AB49: =SUM(E49:AA49) -> 570
B50: 6. | C50: Drs. AYUB KHAN | E50: 14 | F50: 17 | G50: 11 | H50: 15 | I50: 8 | J50: 14 | K50: 8 | L50: 5 | M50: 21 | N50: 16 | O50: 5 | P50: 14 | Q50: 12 | R50: 10 | S50: 15 | T50: 10 | U50: 22 | V50: 11 | W50: 16 | X50: 11 | Y50: 9 | Z50: 13 | AA50: 11 | AB50: =SUM(E50:AA50) -> 288
B51: 7. | C51: BAMBANG HARIANTO | E51: 5 | F51: 1 | G51: 3 | H51: 1 | I51: 2 | J51: 2 | K51: 1 | L51: 1 | M51: 1 | N51: 2 | O51: 5 | P51: 7 | Q51: 1 | R51: 4 | S51: 4 | T51: 1 | U51: 1 | V51: 3 | W51: 4 | X51: 2 | Y51: 1 | Z51: 4 | AA51: 2 | AB51: =SUM(E51:AA51) -> 58
B52: 8. | C52: CATUR RUDI UTANTO, S.Sos. | E52: 7 | F52: 4 | G52: 2 | H52: 2 | I52: 5 | J52: 1 | K52: 5 | L52: 1 | M52: 3 | N52: 5 | O52: 5 | P52: 6 | Q52: 2 | R52: 1 | S52: 1 | T52: 6 | U52: 3 | V52: 4 | W52: 0 | X52: 3 | Y52: 10 | Z52: 1 | AA52: 6 | AB52: =SUM(E52:AA52) -> 83
B53: 9. | C53: DODDY DWI NUGROHO | E53: 1 | F53: 1 | G53: 2 | H53: 0 | I53: 2 | J53: 1 | K53: 3 | L53: 1 | M53: 1 | N53: 2 | O53: 3 | P53: 0 | Q53: 1 | R53: 0 | S53: 1 | T53: 0 | U53: 2 | V53: 1 | W53: 2 | X53: 0 | Y53: 1 | Z53: 0 | AA53: 2 | AB53: =SUM(E53:AA53) -> 27
B54: 10. | C54: KONDANG KUSUMANING AYU | E54: 28 | F54: 31 | G54: 21 | H54: 24 | I54: 15 | J54: 24 | K54: 28 | L54: 15 | M54: 26 | N54: 28 | O54: 44 | P54: 40 | Q54: 17 | R54: 33 | S54: 30 | T54: 37 | U54: 37 | V54: 25 | W54: 28 | X54: 29 | Y54: 19 | Z54: 28 | AA54: 35 | AB54: =SUM(E54:AA54) -> 642
B55: 11. | C55: KUNJUNG WAHYUDI | E55: 4 | F55: 1 | G55: 1 | H55: 1 | I55: 3 | J55: 2 | K55: 3 | L55: 1 | M55: 2 | N55: 0 | O55: 13 | P55: 3 | Q55: 3 | R55: 3 | S55: 2 | T55: 1 | U55: 1 | V55: 0 | W55: 1 | X55: 2 | Y55: 1 | Z55: 0 | AA55: 3 | AB55: =SUM(E55:AA55) -> 51
B56: 12. | C56: Dr. LIA ISTIFHAMA | E56: 22 | F56: 18 | G56: 30 | H56: 19 | I56: 21 | J56: 18 | K56: 15 | L56: 11 | M56: 18 | N56: 25 | O56: 11 | P56: 28 | Q56: 13 | R56: 20 | S56: 18 | T56: 17 | U56: 20 | V56: 20 | W56: 23 | X56: 15 | Y56: 17 | Z56: 19 | AA56: 17 | AB56: =SUM(E56:AA56) -> 435
B57: 13. | C57: MOHAMMAD TRIJANTO, S.H., M.M., M.H. | E57: 1 | F57: 3 | G57: 4 | H57: 2 | I57: 5 | J57: 2 | K57: 1 | L57: 0 | M57: 4 | N57: 3 | O57: 5 | P57: 2 | Q57: 0 | R57: 1 | S57: 7 | T57: 3 | U57: 2 | V57: 2 | W57: 1 | X57: 2 | Y57: 2 | Z57: 3 | AA57: 3 | AB57: =SUM(E57:AA57) -> 58
A59: V | B59: DATA SUARA SAH DAN TIDAK SAH
B60: A. | C60: JUMLAH SELURUH SUARA SAH | E60: =SUM(E45:E57) -> 187 | F60: =SUM(F45:F57) -> 189 | G60: =SUM(G45:G57) -> 176 | H60: =SUM(H45:H57) -> 174 | I60: =SUM(I45:I57) -> 156 | J60: =SUM(J45:J57) -> 170 | K60: =SUM(K45:K57) -> 178 | L60: =SUM(L45:L57) -> 97 | ... AA60: =SUM(AA45:AA57) -> 185 | AB60: =SUM(E60:AA60) -> 3985
B61: B. | C61: JUMLAH SUARA TIDAK SAH | E61: 24 | F61: 40 | G61: 30 | H61: 17 | I61: 38 | J61: 52 | K61: 40 | L61: 135 | M61: 48 | N61: 43 | O61: 32 | P61: 36 | Q61: 93 | R61: 39 | S61: 32 | T61: 35 | U61: 36 | V61: 56 | W61: 46 | X61: 53 | Y61: 48 | Z61: 40 | AA61: 28 | AB61: =SUM(E61:AA61) -> 1041
B62: C. | C62: JUMLAH SELURUH SUARA SAH DAN SUARA TIDAK SAH (V.A + V.B) | E62: =SUM(E60:E61) -> 211 | F62: =SUM(F60:F61) -> 229 | G62: =SUM(G60:G61) -> 206 | H62: =SUM(H60:H61) -> 191 | I62: =SUM(I60:I61) -> 194 | J62: =SUM(J60:J61) -> 222 | K62: =SUM(K60:K61) -> 218 | L62: =SUM(L60:L61) -> 232 | ... AA62: =SUM(AA60:AA61) -> 213 | AB62: =SUM(E62:AA62) -> 5026

Sheet KEBALENAN
C2: Kecamatan | D2: BANYUWANGI
C3: Kabupaten | D3: BANYUWANGI
C4: Provinsi | D4: JAWA TIMUR
C9: Kelurahan | D9: KEBALENAN
A12: I | B12: DATA PEMILIH DAN PENGGUNAAN HAK PILIH | AH12: JUMLAH AKHIR
A13: A | B13: DATA PEMILIH | E13: TPS 001 | F13: TPS 002 | G13: TPS 003 | H13: TPS 004 | I13: TPS 005 | J13: TPS 006 | K13: TPS 007 | L13: TPS 008 | M13: TPS 009 | N13: TPS 010 | O13: TPS 011 | P13: TPS 012 | Q13: TPS 013 | R13: TPS 014 | S13: TPS 015 | T13: TPS 016 | U13: TPS 017 | V13: TPS 018 | W13: TPS 019 | X13: TPS 020 | Y13: TPS 021 | Z13: TPS 022 | AA13: TPS 023 | AB13: TPS 024 | AC13: TPS 025 | AD13: TPS 026 | AE13: TPS 027 | AF13: TPS 028 | AG13: TPS 029
B14: Jumlah Pemilih dalam Daftar Pemilih Tetap (DPT) | D14: LK | E14: 135 | F14: 150 | G14: 140 | H14: 130 | I14: 145 | J14: 139 | K14: 138 | L14: 138 | M14: 146 | N14: 141 | O14: 134 | P14: 136 | Q14: 135 | R14: 127 | S14: 124 | T14: 127 | U14: 138 | V14: 147 | W14: 129 | X14: 120 | Y14: 130 | Z14: 135 | AA14: 136 | AB14: 125 | AC14: 136 | AD14: 135 | AE14: 82 | AF14: 74 | AG14: 148 | AH14: =SUM(E14:AG14) -> 3820
D15: PR | E15: 155 | F15: 142 | G15: 154 | H15: 159 | I15: 146 | J15: 140 | K15: 149 | L15: 154 | M15: 144 | N15: 155 | O15: 162 | P15: 143 | Q15: 129 | R15: 147 | S15: 144 | T15: 143 | U15: 153 | V15: 146 | W15: 146 | X15: 150 | Y15: 153 | Z15: 149 | AA15: 154 | AB15: 152 | AC15: 160 | AD15: 148 | AE15: 96 | AF15: 83 | AG15: 150 | AH15: =SUM(E15:AG15) -> 4206
D16: JML | E16: =SUM(E14:E15) -> 290 | F16: =SUM(F14:F15) -> 292 | G16: =SUM(G14:G15) -> 294 | H16: =SUM(H14:H15) -> 289 | I16: =SUM(I14:I15) -> 291 | J16: =SUM(J14:J15) -> 279 | K16: =SUM(K14:K15) -> 287 | L16: =SUM(L14:L15) -> 292 | ... AG16: =SUM(AG14:AG15) -> 298 | AH16: =SUM(E16:AG16) -> 8026
A18: B | B18: PENGGUNA HAK PILIH
B19: 1. | C19: Jumlah pengguna hak pilih dalam Daftar Pemilih Tetap (DPT) | D19: LK | E19: 94 | F19: 111 | G19: 95 | H19: 95 | I19: 112 | J19: 109 | K19: 103 | L19: 99 | M19: 113 | N19: 91 | O19: 101 | P19: 92 | Q19: 97 | R19: 92 | S19: 89 | T19: 92 | U19: 96 | V19: 118 | W19: 100 | X19: 88 | Y19: 93 | Z19: 94 | AA19: 101 | AB19: 87 | AC19: 102 | AD19: 96 | AE19: 56 | AF19: 53 | AG19: 123 | AH19: =SUM(E19:AG19) -> 2792
D20: PR | E20: 121 | F20: 112 | G20: 112 | H20: 127 | I20: 127 | J20: 104 | K20: 116 | L20: 126 | M20: 120 | N20: 111 | O20: 122 | P20: 116 | Q20: 112 | R20: 111 | S20: 117 | T20: 107 | U20: 124 | V20: 128 | W20: 120 | X20: 123 | Y20: 127 | Z20: 118 | AA20: 121 | AB20: 113 | AC20: 128 | AD20: 126 | AE20: 70 | AF20: 67 | AG20: 128 | AH20: =SUM(E20:AG20) -> 3354
D21: JML | E21: =SUM(E19:E20) -> 215 | F21: =SUM(F19:F20) -> 223 | G21: =SUM(G19:G20) -> 207 | H21: =SUM(H19:H20) -> 222 | I21: =SUM(I19:I20) -> 239 | J21: =SUM(J19:J20) -> 213 | K21: =SUM(K19:K20) -> 219 | L21: =SUM(L19:L20) -> 225 | ... AG21: =SUM(AG19:AG20) -> 251 | AH21: =SUM(E21:AG21) -> 6146
B22: 2. | C22: Jumlah pengguna hak pilih dalam Daftar Pemilih Tambahan (DPTb) | D22: LK | E22: 0 | F22: 1 | G22: 2 | H22: 0 | I22: 0 | J22: 0 | K22: 1 | L22: 2 | M22: 1 | N22: 0 | O22: 0 | P22: 4 | Q22: 0 | R22: 0 | S22: 3 | T22: 9 | U22: 2 | V22: 0 | W22: 0 | X22: 0 | Y22: 0 | Z22: 1 | AA22: 0 | AB22: 1 | AC22: 0 | AD22: 11 | AE22: 8 | AF22: 0 | AG22: 0 | AH22: =SUM(E22:AG22) -> 46
D23: PR | E23: 2 | F23: 2 | G23: 0 | H23: 0 | I23: 0 | J23: 0 | K23: 1 | L23: 3 | M23: 0 | N23: 0 | O23: 0 | P23: 4 | Q23: 0 | R23: 0 | S23: 3 | T23: 3 | U23: 3 | V23: 0 | W23: 0 | X23: 0 | Y23: 2 | Z23: 3 | AA23: 1 | AB23: 2 | AC23: 0 | AD23: 1 | AE23: 0 | AF23: 0 | AG23: 0 | AH23: =SUM(E23:AG23) -> 30
D24: JML | E24: =SUM(E22:E23) -> 2 | F24: =SUM(F22:F23) -> 3 | G24: =SUM(G22:G23) -> 2 | H24: =SUM(H22:H23) -> 0 | I24: =SUM(I22:I23) -> 0 | J24: =SUM(J22:J23) -> 0 | K24: =SUM(K22:K23) -> 2 | L24: =SUM(L22:L23) -> 5 | ... AG24: =SUM(AG22:AG23) -> 0 | AH24: =SUM(E24:AG24) -> 76
B25: 3. | C25: Jumlah pengguna hak pilih dalam Daftar Pemilih Khusus (DPK) | D25: LK | E25: 1 | F25: 0 | G25: 2 | H25: 1 | I25: 0 | J25: 0 | K25: 3 | L25: 2 | M25: 1 | N25: 1 | O25: 1 | P25: 0 | Q25: 4 | R25: 4 | S25: 4 | T25: 0 | U25: 0 | V25: 1 | W25: 0 | X25: 0 | Y25: 1 | Z25: 0 | AA25: 0 | AB25: 0 | AC25: 2 | AD25: 1 | AE25: 2 | AF25: 2 | AG25: 0 | AH25: =SUM(E25:AG25) -> 33
D26: PR | E26: 0 | F26: 3 | G26: 2 | H26: 2 | I26: 0 | J26: 1 | K26: 4 | L26: 1 | M26: 5 | N26: 1 | O26: 1 | P26: 1 | Q26: 2 | R26: 2 | S26: 5 | T26: 2 | U26: 0 | V26: 1 | W26: 2 | X26: 4 | Y26: 2 | Z26: 2 | AA26: 0 | AB26: 0 | AC26: 0 | AD26: 2 | AE26: 3 | AF26: 5 | AG26: 0 | AH26: =SUM(E26:AG26) -> 53
D27: JML | E27: =SUM(E25:E26) -> 1 | F27: =SUM(F25:F26) -> 3 | G27: =SUM(G25:G26) -> 4 | H27: =SUM(H25:H26) -> 3 | I27: =SUM(I25:I26) -> 0 | J27: =SUM(J25:J26) -> 1 | K27: =SUM(K25:K26) -> 7 | L27: =SUM(L25:L26) -> 3 | ... AG27: =SUM(AG25:AG26) -> 0 | AH27: =SUM(E27:AG27) -> 86
B28: 4. | C28: Jumlah Pengguna Hak Pilih (B.1+B.2+B.3) | D28: LK | E28: =SUM(E19,E22,E25) -> 95 | F28: =SUM(F19,F22,F25) -> 112 | G28: =SUM(G19,G22,G25) -> 99 | H28: =SUM(H19,H22,H25) -> 96 | I28: =SUM(I19,I22,I25) -> 112 | J28: =SUM(J19,J22,J25) -> 109 | K28: =SUM(K19,K22,K25) -> 107 | L28: =SUM(L19,L22,L25) -> 103 | ... AG28: =SUM(AG19,AG22,AG25) -> 123 | AH28: =SUM(E28:AG28) -> 2871
D29: PR | E29: =SUM(E20,E23,E26) -> 123 | F29: =SUM(F20,F23,F26) -> 117 | G29: =SUM(G20,G23,G26) -> 114 | H29: =SUM(H20,H23,H26) -> 129 | I29: =SUM(I20,I23,I26) -> 127 | J29: =SUM(J20,J23,J26) -> 105 | K29: =SUM(K20,K23,K26) -> 121 | L29: =SUM(L20,L23,L26) -> 130 | ... AG29: =SUM(AG20,AG23,AG26) -> 128 | AH29: =SUM(E29:AG29) -> 3437
D30: JML | E30: =SUM(E28:E29) -> 218 | F30: =SUM(F28:F29) -> 229 | G30: =SUM(G28:G29) -> 213 | H30: =SUM(H28:H29) -> 225 | I30: =SUM(I28:I29) -> 239 | J30: =SUM(J28:J29) -> 214 | K30: =SUM(K28:K29) -> 228 | L30: =SUM(L28:L29) -> 233 | ... AG30: =SUM(AG28:AG29) -> 251 | AH30: =SUM(E30:AG30) -> 6308
A32: II | B32: DATA PENGGUNAAN SURAT SUARA
A33: 1 | B33: Jumlah surat suara yang diterima, termasuk surat suara cadangan 2% dari DPT | E33: 296 | F33: 318 | G33: 301 | H33: 295 | I33: 297 | J33: 286 | K33: 293 | L33: 289 | M33: 297 | N33: 303 | O33: 302 | P33: 285 | Q33: 270 | R33: 280 | S33: 275 | T33: 276 | U33: 296 | V33: 299 | W33: 282 | X33: 274 | Y33: 289 | Z33: 290 | AA33: 296 | AB33: 283 | AC33: 302 | AD33: 291 | AE33: 272 | AF33: 161 | AG33: 306 | AH33: =SUM(E33:AG33) -> 8304
A34: 2 | B34: Jumlah surat suara yang digunakan | E34: 218 | F34: 229 | G34: 213 | H34: 225 | I34: 239 | J34: 214 | K34: 228 | L34: 233 | M34: 240 | N34: 204 | O34: 225 | P34: 217 | Q34: 215 | R34: 209 | S34: 221 | T34: 213 | U34: 225 | V34: 248 | W34: 222 | X34: 215 | Y34: 225 | Z34: 218 | AA34: 223 | AB34: 203 | AC34: 232 | AD34: 237 | AE34: 139 | AF34: 127 | AG34: 251 | AH34: =SUM(E34:AG34) -> 6308
A35: 3 | B35: Jumlah surat suara dikembalikan oleh pemilih (karena rusak atau keliru coblos) | E35: 32 | F35: 0 | G35: 0 | H35: 0 | I35: 0 | J35: 0 | K35: 1 | L35: 0 | M35: 0 | N35: 0 | O35: 0 | P35: 1 | Q35: 0 | R35: 1 | S35: 0 | T35: 0 | U35: 0 | V35: 0 | W35: 0 | X35: 0 | Y35: 0 | Z35: 0 | AA35: 0 | AB35: 0 | AC35: 0 | AD35: 0 | AE35: 0 | AF35: 0 | AG35: 0 | AH35: =SUM(E35:AG35) -> 35
A36: 4 | B36: Jumlah surat suara yang tidak digunakan/tidak terpakai, termasuk sisa surat suara cadangan | E36: =E33-(E34+E35) -> 46 | F36: =F33-(F34+F35) -> 89 | G36: =G33-(G34+G35) -> 88 | H36: =H33-(H34+H35) -> 70 | I36: =I33-(I34+I35) -> 58 | J36: =J33-(J34+J35) -> 72 | K36: =K33-(K34+K35) -> 64 | L36: =L33-(L34+L35) -> 56 | ... AG36: =AG33-(AG34+AG35) -> 55 | AH36: =SUM(E36:AG36) -> 1961
A38: III | B38: DATA PEMILIH DISABILITAS
B39: Jumlah seluruh Pemilih disabilitas yang menggunakan hak pilih | D39: LK | O39: 1 | R39: 2 | X39: 1 | AC39: 1 | AE39: 1 | AH39: =SUM(E39:AG39) -> 6
D40: PR | L40: 1 | R40: 1 | U40: 1 | X40: 1 | Z40: 1 | AH40: =SUM(E40:AG40) -> 5
D41: JML | E41: =SUM(E39:E40) -> 0 | F41: =SUM(F39:F40) -> 0 | G41: =SUM(G39:G40) -> 0 | H41: =SUM(H39:H40) -> 0 | I41: =SUM(I39:I40) -> 0 | J41: =SUM(J39:J40) -> 0 | K41: =SUM(K39:K40) -> 0 | L41: =SUM(L39:L40) -> 1 | ... AG41: =SUM(AG39:AG40) -> 0 | AH41: =SUM(E41:AG41) -> 11
A43: IV | B43: DATA RINCIAN PEROLEHAN SUARA PASANGAN CALON BUPATI DAN WAKIL BUPATI
A44: NOMOR DAN NAMA CALON
B45: 1. | C45: AA. AHMAD NAWARDI | E45: 9 | F45: 18 | G45: 14 | H45: 17 | I45: 27 | J45: 16 | K45: 17 | L45: 10 | M45: 15 | N45: 13 | O45: 14 | P45: 6 | Q45: 8 | R45: 12 | S45: 8 | T45: 10 | U45: 16 | V45: 8 | W45: 17 | X45: 9 | Y45: 5 | Z45: 10 | AA45: 11 | AB45: 9 | AC45: 11 | AD45: 21 | AE45: 2 | AF45: 12 | AG45: 35 | AH45: =SUM(E45:AG45) -> 380
B46: 2. | C46: Ir. H. AA LA NYALLA MAHMUD MATTALITI, M.HP. | E46: 34 | F46: 26 | G46: 37 | H46: 39 | I46: 30 | J46: 25 | K46: 37 | L46: 30 | M46: 36 | N46: 29 | O46: 36 | P46: 27 | Q46: 25 | R46: 42 | S46: 36 | T46: 30 | U46: 26 | V46: 30 | W46: 33 | X46: 41 | Y46: 32 | Z46: 36 | AA46: 32 | AB46: 34 | AC46: 39 | AD46: 37 | AE46: 21 | AF46: 13 | AG46: 28 | AH46: =SUM(E46:AG46) -> 921
B47: 3. | C47: ABDUL QADIR AMIR HARTONO, S.E., S.H., M.H. | E47: 7 | F47: 8 | G47: 9 | H47: 21 | I47: 18 | J47: 16 | K47: 15 | L47: 12 | M47: 9 | N47: 8 | O47: 8 | P47: 13 | Q47: 14 | R47: 8 | S47: 6 | T47: 9 | U47: 35 | V47: 12 | W47: 42 | X47: 12 | Y47: 5 | Z47: 7 | AA47: 27 | AB47: 6 | AC47: 12 | AD47: 10 | AE47: 6 | AF47: 5 | AG47: 9 | AH47: =SUM(E47:AG47) -> 369
B48: 4. | C48: ADILLA AZIS, S.E. | E48: 23 | F48: 30 | G48: 16 | H48: 18 | I48: 24 | J48: 26 | K48: 23 | L48: 34 | M48: 25 | N48: 19 | O48: 14 | P48: 26 | Q48: 17 | R48: 20 | S48: 37 | T48: 25 | U48: 19 | V48: 25 | W48: 13 | X48: 15 | Y48: 22 | Z48: 13 | AA48: 24 | AB48: 30 | AC48: 37 | AD48: 33 | AE48: 18 | AF48: 19 | AG48: 37 | AH48: =SUM(E48:AG48) -> 682
B49: 5. | C49: Ir. H. AGUS RAHARDJO, MSc.M. | E49: 35 | F49: 25 | G49: 36 | H49: 17 | I49: 29 | J49: 30 | K49: 26 | L49: 36 | M49: 31 | N49: 21 | O49: 27 | P49: 25 | Q49: 29 | R49: 19 | S49: 19 | T49: 31 | U49: 29 | V49: 44 | W49: 27 | X49: 15 | Y49: 30 | Z49: 29 | AA49: 23 | AB49: 30 | AC49: 32 | AD49: 31 | AE49: 21 | AF49: 17 | AG49: 39 | AH49: =SUM(E49:AG49) -> 803
B50: 6. | C50: Drs. AYUB KHAN | E50: 8 | F50: 11 | G50: 3 | H50: 11 | I50: 12 | J50: 10 | K50: 8 | L50: 18 | M50: 15 | N50: 10 | O50: 26 | P50: 11 | Q50: 11 | R50: 10 | S50: 12 | T50: 7 | U50: 11 | V50: 7 | W50: 10 | X50: 16 | Y50: 9 | Z50: 8 | AA50: 7 | AB50: 9 | AC50: 16 | AD50: 9 | AE50: 8 | AF50: 12 | AG50: 8 | AH50: =SUM(E50:AG50) -> 313
B51: 7. | C51: BAMBANG HARIANTO | E51: 5 | F51: 3 | G51: 4 | H51: 4 | I51: 0 | J51: 3 | K51: 2 | L51: 2 | M51: 1 | N51: 1 | O51: 4 | P51: 3 | Q51: 2 | R51: 1 | S51: 0 | T51: 2 | U51: 1 | V51: 3 | W51: 2 | X51: 4 | Y51: 3 | Z51: 7 | AA51: 3 | AB51: 0 | AC51: 2 | AD51: 0 | AE51: 1 | AF51: 2 | AG51: 5 | AH51: =SUM(E51:AG51) -> 70
B52: 8. | C52: CATUR RUDI UTANTO, S.Sos. | E52: 2 | F52: 3 | G52: 7 | H52: 4 | I52: 7 | J52: 2 | K52: 9 | L52: 6 | M52: 2 | N52: 3 | O52: 6 | P52: 7 | Q52: 8 | R52: 7 | S52: 6 | T52: 6 | U52: 3 | V52: 5 | W52: 2 | X52: 3 | Y52: 4 | Z52: 4 | AA52: 4 | AB52: 6 | AC52: 3 | AD52: 7 | AE52: 3 | AF52: 4 | AG52: 12 | AH52: =SUM(E52:AG52) -> 145
B53: 9. | C53: DODDY DWI NUGROHO | E53: 2 | F53: 4 | G53: 1 | H53: 2 | I53: 3 | J53: 0 | K53: 2 | L53: 2 | M53: 1 | N53: 1 | O53: 0 | P53: 6 | Q53: 0 | R53: 3 | S53: 1 | T53: 1 | U53: 0 | V53: 2 | W53: 0 | X53: 1 | Y53: 0 | Z53: 2 | AA53: 0 | AB53: 2 | AC53: 1 | AD53: 2 | AE53: 0 | AF53: 0 | AG53: 3 | AH53: =SUM(E53:AG53) -> 42
B54: 10. | C54: KONDANG KUSUMANING AYU | E54: 32 | F54: 26 | G54: 21 | H54: 28 | I54: 24 | J54: 21 | K54: 30 | L54: 26 | M54: 30 | N54: 31 | O54: 21 | P54: 33 | Q54: 32 | R54: 27 | S54: 38 | T54: 18 | U54: 23 | V54: 35 | W54: 32 | X54: 23 | Y54: 43 | Z54: 21 | AA54: 30 | AB54: 27 | AC54: 24 | AD54: 22 | AE54: 22 | AF54: 16 | AG54: 25 | AH54: =SUM(E54:AG54) -> 781
B55: 11. | C55: KUNJUNG WAHYUDI | E55: 5 | F55: 1 | G55: 7 | H55: 5 | I55: 3 | J55: 7 | K55: 3 | L55: 5 | M55: 4 | N55: 5 | O55: 2 | P55: 6 | Q55: 2 | R55: 1 | S55: 2 | T55: 13 | U55: 8 | V55: 9 | W55: 3 | X55: 8 | Y55: 6 | Z55: 4 | AA55: 2 | AB55: 2 | AC55: 1 | AD55: 3 | AE55: 0 | AF55: 1 | AG55: 1 | AH55: =SUM(E55:AG55) -> 119
B56: 12. | C56: Dr. LIA ISTIFHAMA | E56: 18 | F56: 17 | G56: 18 | H56: 17 | I56: 21 | J56: 26 | K56: 17 | L56: 21 | M56: 16 | N56: 19 | O56: 23 | P56: 18 | Q56: 17 | R56: 16 | S56: 18 | T56: 24 | U56: 11 | V56: 17 | W56: 14 | X56: 31 | Y56: 14 | Z56: 16 | AA56: 17 | AB56: 11 | AC56: 21 | AD56: 23 | AE56: 16 | AF56: 8 | AG56: 24 | AH56: =SUM(E56:AG56) -> 529
B57: 13. | C57: MOHAMMAD TRIJANTO, S.H., M.M., M.H. | E57: 6 | F57: 1 | G57: 2 | H57: 2 | I57: 0 | J57: 0 | K57: 2 | L57: 3 | M57: 2 | N57: 0 | O57: 8 | P57: 3 | Q57: 3 | R57: 8 | S57: 2 | T57: 3 | U57: 5 | V57: 4 | W57: 2 | X57: 3 | Y57: 8 | Z57: 3 | AA57: 2 | AB57: 3 | AC57: 2 | AD57: 3 | AE57: 2 | AF57: 2 | AG57: 1 | AH57: =SUM(E57:AG57) -> 85
A59: V | B59: DATA SUARA SAH DAN TIDAK SAH
B60: A. | C60: JUMLAH SELURUH SUARA SAH | E60: =SUM(E45:E57) -> 186 | F60: =SUM(F45:F57) -> 173 | G60: =SUM(G45:G57) -> 175 | H60: =SUM(H45:H57) -> 185 | I60: =SUM(I45:I57) -> 198 | J60: =SUM(J45:J57) -> 182 | K60: =SUM(K45:K57) -> 191 | L60: =SUM(L45:L57) -> 205 | ... AG60: =SUM(AG45:AG57) -> 227 | AH60: =SUM(E60:AG60) -> 5239
B61: B. | C61: JUMLAH SUARA TIDAK SAH | E61: 32 | F61: 56 | G61: 38 | H61: 40 | I61: 41 | J61: 32 | K61: 37 | L61: 28 | M61: 53 | N61: 44 | O61: 36 | P61: 33 | Q61: 47 | R61: 35 | S61: 36 | T61: 34 | U61: 38 | V61: 47 | W61: 25 | X61: 34 | Y61: 44 | Z61: 58 | AA61: 41 | AB61: 34 | AC61: 31 | AD61: 36 | AE61: 19 | AF61: 16 | AG61: 24 | AH61: =SUM(E61:AG61) -> 1069
B62: C. | C62: JUMLAH SELURUH SUARA SAH DAN SUARA TIDAK SAH (V.A + V.B) | E62: =SUM(E60:E61) -> 218 | F62: =SUM(F60:F61) -> 229 | G62: =SUM(G60:G61) -> 213 | H62: =SUM(H60:H61) -> 225 | I62: =SUM(I60:I61) -> 239 | J62: =SUM(J60:J61) -> 214 | K62: =SUM(K60:K61) -> 228 | L62: =SUM(L60:L61) -> 233 | ... AG62: =SUM(AG60:AG61) -> 251 | AH62: =SUM(E62:AG62) -> 6308

Sheet PENGANJURAN
C2: Kecamatan | D2: BANYUWANGI
C3: Kabupaten | D3: BANYUWANGI
C4: Provinsi | D4: JAWA TIMUR
C9: Kelurahan
D10: PENGANJURAN
A12: I | B12: DATA PEMILIH DAN PENGGUNAAN HAK PILIH | T12: JUMLAH AKHIR
A13: A | B13: DATA PEMILIH | E13: TPS 001 | F13: TPS 002 | G13: TPS 003 | H13: TPS 004 | I13: TPS 005 | J13: TPS 006 | K13: TPS 007 | L13: TPS 008 | M13: TPS 009 | N13: TPS 010 | O13: TPS 011 | P13: TPS 012 | Q13: TPS 013 | R13: TPS 014 | S13: TPS 015
B14: Jumlah Pemilih dalam Daftar Pemilih Tetap (DPT) | D14: LK | E14: 136 | F14: 149 | G14: 144 | H14: 143 | I14: 141 | J14: 130 | K14: 140 | L14: 131 | M14: 129 | N14: 143 | O14: 148 | P14: 122 | Q14: 140 | R14: 140 | S14: 129 | T14: =SUM(E14:S14) -> 2065
D15: PR | E15: 157 | F15: 146 | G15: 131 | H15: 153 | I15: 147 | J15: 159 | K15: 147 | L15: 150 | M15: 159 | N15: 156 | O15: 140 | P15: 145 | Q15: 154 | R15: 140 | S15: 161 | T15: =SUM(E15:S15) -> 2245
D16: JML | E16: =SUM(E14:E15) -> 293 | F16: =SUM(F14:F15) -> 295 | G16: =SUM(G14:G15) -> 275 | H16: =SUM(H14:H15) -> 296 | I16: =SUM(I14:I15) -> 288 | J16: =SUM(J14:J15) -> 289 | K16: =SUM(K14:K15) -> 287 | L16: =SUM(L14:L15) -> 281 | ... S16: =SUM(S14:S15) -> 290 | T16: =SUM(E16:S16) -> 4310
A18: B | B18: PENGGUNA HAK PILIH
B19: 1. | C19: Jumlah pengguna hak pilih dalam Daftar Pemilih Tetap (DPT) | D19: LK | E19: 96 | F19: 105 | G19: 100 | H19: 106 | I19: 95 | J19: 93 | K19: 106 | L19: 83 | M19: 98 | N19: 90 | O19: 110 | P19: 89 | Q19: 105 | R19: 92 | S19: 90 | T19: =SUM(E19:S19) -> 1458
D20: PR | E20: 118 | F20: 114 | G20: 101 | H20: 131 | I20: 109 | J20: 126 | K20: 115 | L20: 114 | M20: 121 | N20: 115 | O20: 112 | P20: 116 | Q20: 126 | R20: 113 | S20: 123 | T20: =SUM(E20:S20) -> 1754
D21: JML | E21: =SUM(E19:E20) -> 214 | F21: =SUM(F19:F20) -> 219 | G21: =SUM(G19:G20) -> 201 | H21: =SUM(H19:H20) -> 237 | I21: =SUM(I19:I20) -> 204 | J21: =SUM(J19:J20) -> 219 | K21: =SUM(K19:K20) -> 221 | L21: =SUM(L19:L20) -> 197 | ... S21: =SUM(S19:S20) -> 213 | T21: =SUM(E21:S21) -> 3212
B22: 2. | C22: Jumlah pengguna hak pilih dalam Daftar Pemilih Tambahan (DPTb) | D22: LK | E22: 0 | F22: 0 | G22: 0 | H22: 0 | I22: 3 | J22: 1 | K22: 3 | L22: 0 | M22: 0 | N22: 8 | O22: 0 | P22: 0 | Q22: 1 | R22: 1 | S22: 2 | T22: =SUM(E22:S22) -> 19
D23: PR | E23: 0 | F23: 1 | G23: 0 | H23: 0 | I23: 1 | J23: 1 | K23: 0 | L23: 0 | M23: 0 | N23: 5 | O23: 0 | P23: 1 | Q23: 1 | R23: 0 | S23: 0 | T23: =SUM(E23:S23) -> 10
D24: JML | E24: =SUM(E22:E23) -> 0 | F24: =SUM(F22:F23) -> 1 | G24: =SUM(G22:G23) -> 0 | H24: =SUM(H22:H23) -> 0 | I24: =SUM(I22:I23) -> 4 | J24: =SUM(J22:J23) -> 2 | K24: =SUM(K22:K23) -> 3 | L24: =SUM(L22:L23) -> 0 | ... S24: =SUM(S22:S23) -> 2 | T24: =SUM(E24:S24) -> 29
B25: 3. | C25: Jumlah pengguna hak pilih dalam Daftar Pemilih Khusus (DPK) | D25: LK | E25: 3 | F25: 0 | G25: 1 | H25: 0 | I25: 1 | J25: 0 | K25: 0 | L25: 1 | M25: 1 | N25: 1 | O25: 4 | P25: 0 | Q25: 1 | R25: 3 | S25: 2 | T25: =SUM(E25:S25) -> 18
D26: PR | E26: 2 | F26: 1 | G26: 1 | H26: 0 | I26: 3 | J26: 2 | K26: 1 | L26: 1 | M26: 1 | N26: 0 | O26: 6 | P26: 4 | Q26: 1 | R26: 2 | S26: 2 | T26: =SUM(E26:S26) -> 27
D27: JML | E27: =SUM(E25:E26) -> 5 | F27: =SUM(F25:F26) -> 1 | G27: =SUM(G25:G26) -> 2 | H27: =SUM(H25:H26) -> 0 | I27: =SUM(I25:I26) -> 4 | J27: =SUM(J25:J26) -> 2 | K27: =SUM(K25:K26) -> 1 | L27: =SUM(L25:L26) -> 2 | ... S27: =SUM(S25:S26) -> 4 | T27: =SUM(E27:S27) -> 45
B28: 4. | C28: Jumlah Pengguna Hak Pilih (B.1+B.2+B.3) | D28: LK | E28: =SUM(E19,E22,E25) -> 99 | F28: =SUM(F19,F22,F25) -> 105 | G28: =SUM(G19,G22,G25) -> 101 | H28: =SUM(H19,H22,H25) -> 106 | I28: =SUM(I19,I22,I25) -> 99 | J28: =SUM(J19,J22,J25) -> 94 | K28: =SUM(K19,K22,K25) -> 109 | L28: =SUM(L19,L22,L25) -> 84 | ... S28: =SUM(S19,S22,S25) -> 94 | T28: =SUM(E28:S28) -> 1495
D29: PR | E29: =SUM(E20,E23,E26) -> 120 | F29: =SUM(F20,F23,F26) -> 116 | G29: =SUM(G20,G23,G26) -> 102 | H29: =SUM(H20,H23,H26) -> 131 | I29: =SUM(I20,I23,I26) -> 113 | J29: =SUM(J20,J23,J26) -> 129 | K29: =SUM(K20,K23,K26) -> 116 | L29: =SUM(L20,L23,L26) -> 115 | ... S29: =SUM(S20,S23,S26) -> 125 | T29: =SUM(E29:S29) -> 1791
D30: JML | E30: =SUM(E28:E29) -> 219 | F30: =SUM(F28:F29) -> 221 | G30: =SUM(G28:G29) -> 203 | H30: =SUM(H28:H29) -> 237 | I30: =SUM(I28:I29) -> 212 | J30: =SUM(J28:J29) -> 223 | K30: =SUM(K28:K29) -> 225 | L30: =SUM(L28:L29) -> 199 | ... S30: =SUM(S28:S29) -> 219 | T30: =SUM(E30:S30) -> 3286
A32: II | B32: DATA PENGGUNAAN SURAT SUARA
A33: 1 | B33: Jumlah surat suara yang diterima, termasuk surat suara cadangan 2% dari DPT | E33: 299 | F33: 301 | G33: 281 | H33: 292 | I33: 294 | J33: 296 | K33: 294 | L33: 277 | M33: 292 | N33: 305 | O33: 295 | P33: 271 | Q33: 300 | R33: 286 | S33: 294 | T33: =SUM(E33:S33) -> 4377
A34: 2 | B34: Jumlah surat suara yang digunakan | E34: 219 | F34: 221 | G34: 203 | H34: 237 | I34: 212 | J34: 223 | K34: 225 | L34: 199 | M34: 221 | N34: 219 | O34: 232 | P34: 210 | Q34: 235 | R34: 211 | S34: 219 | T34: =SUM(E34:S34) -> 3286
A35: 3 | B35: Jumlah surat suara dikembalikan oleh pemilih (karena rusak atau keliru coblos) | E35: 0 | F35: 0 | G35: 0 | H35: 0 | I35: 3 | J35: 0 | K35: 0 | L35: 0 | M35: 0 | N35: 0 | O35: 0 | P35: 0 | Q35: 0 | R35: 0 | S35: 0 | T35: =SUM(E35:S35) -> 3
A36: 4 | B36: Jumlah surat suara yang tidak digunakan/tidak terpakai, termasuk sisa surat suara cadangan | E36: =E33-(E34+E35) -> 80 | F36: =F33-(F34+F35) -> 80 | G36: =G33-(G34+G35) -> 78 | H36: =H33-(H34+H35) -> 55 | I36: =I33-(I34+I35) -> 79 | J36: =J33-(J34+J35) -> 73 | K36: =K33-(K34+K35) -> 69 | L36: =L33-(L34+L35) -> 78 | ... S36: =S33-(S34+S35) -> 75 | T36: =SUM(E36:S36) -> 1088
A38: III | B38: DATA PEMILIH DISABILITAS
B39: Jumlah seluruh Pemilih disabilitas yang menggunakan hak pilih | D39: LK | M39: 1 | T39: =SUM(E39:S39) -> 1
D40: PR | T40: =SUM(E40:S40) -> 0
D41: JML | E41: =SUM(E39:E40) -> 0 | F41: =SUM(F39:F40) -> 0 | G41: =SUM(G39:G40) -> 0 | H41: =SUM(H39:H40) -> 0 | I41: =SUM(I39:I40) -> 0 | J41: =SUM(J39:J40) -> 0 | K41: =SUM(K39:K40) -> 0 | L41: =SUM(L39:L40) -> 0 | ... S41: =SUM(S39:S40) -> 0 | T41: =SUM(E41:S41) -> 1
A43: IV | B43: DATA RINCIAN PEROLEHAN SUARA PASANGAN CALON BUPATI DAN WAKIL BUPATI
A44: NOMOR DAN NAMA CALON
B45: 1. | C45: AA. AHMAD NAWARDI | E45: 7 | F45: 15 | G45: 16 | H45: 12 | I45: 5 | J45: 14 | K45: 12 | L45: 7 | M45: 9 | N45: 8 | O45: 14 | P45: 5 | Q45: 6 | R45: 13 | S45: 4 | T45: =SUM(E45:S45) -> 147
B46: 2. | C46: Ir. H. AA LA NYALLA MAHMUD MATTALITI, M.HP. | E46: 28 | F46: 18 | G46: 24 | H46: 27 | I46: 32 | J46: 32 | K46: 31 | L46: 30 | M46: 35 | N46: 32 | O46: 31 | P46: 25 | Q46: 36 | R46: 38 | S46: 29 | T46: =SUM(E46:S46) -> 448
B47: 3. | C47: ABDUL QADIR AMIR HARTONO, S.E., S.H., M.H. | E47: 17 | F47: 11 | G47: 7 | H47: 19 | I47: 14 | J47: 8 | K47: 6 | L47: 10 | M47: 12 | N47: 13 | O47: 15 | P47: 17 | Q47: 13 | R47: 13 | S47: 14 | T47: =SUM(E47:S47) -> 189
B48: 4. | C48: ADILLA AZIS, S.E. | E48: 17 | F48: 30 | G48: 15 | H48: 17 | I48: 18 | J48: 13 | K48: 17 | L48: 15 | M48: 13 | N48: 13 | O48: 17 | P48: 24 | Q48: 18 | R48: 15 | S48: 16 | T48: =SUM(E48:S48) -> 258
B49: 5. | C49: Ir. H. AGUS RAHARDJO, MSc.M. | E49: 26 | F49: 25 | G49: 15 | H49: 28 | I49: 28 | J49: 34 | K49: 25 | L49: 26 | M49: 25 | N49: 39 | O49: 23 | P49: 26 | Q49: 21 | R49: 21 | S49: 29 | T49: =SUM(E49:S49) -> 391
B50: 6. | C50: Drs. AYUB KHAN | E50: 7 | F50: 11 | G50: 8 | H50: 12 | I50: 10 | J50: 6 | K50: 7 | L50: 5 | M50: 10 | N50: 10 | O50: 23 | P50: 12 | Q50: 20 | R50: 11 | S50: 7 | T50: =SUM(E50:S50) -> 159
B51: 7. | C51: BAMBANG HARIANTO | E51: 1 | F51: 2 | G51: 2 | H51: 5 | I51: 2 | J51: 4 | K51: 4 | L51: 1 | M51: 6 | N51: 7 | O51: 4 | P51: 2 | Q51: 2 | R51: 0 | S51: 1 | T51: =SUM(E51:S51) -> 43
B52: 8. | C52: CATUR RUDI UTANTO, S.Sos. | E52: 1 | F52: 1 | G52: 8 | H52: 7 | I52: 4 | J52: 5 | K52: 10 | L52: 5 | M52: 9 | N52: 5 | O52: 3 | P52: 4 | Q52: 3 | R52: 6 | S52: 13 | T52: =SUM(E52:S52) -> 84
B53: 9. | C53: DODDY DWI NUGROHO | E53: 1 | F53: 0 | G53: 1 | H53: 3 | I53: 1 | J53: 1 | K53: 1 | L53: 3 | M53: 3 | N53: 2 | O53: 3 | P53: 0 | Q53: 2 | R53: 2 | S53: 1 | T53: =SUM(E53:S53) -> 24
B54: 10. | C54: KONDANG KUSUMANING AYU | E54: 33 | F54: 31 | G54: 19 | H54: 27 | I54: 26 | J54: 31 | K54: 30 | L54: 34 | M54: 36 | N54: 27 | O54: 23 | P54: 32 | Q54: 25 | R54: 22 | S54: 24 | T54: =SUM(E54:S54) -> 420
B55: 11. | C55: KUNJUNG WAHYUDI | E55: 1 | F55: 2 | G55: 4 | H55: 6 | I55: 1 | J55: 2 | K55: 5 | L55: 6 | M55: 4 | N55: 1 | O55: 0 | P55: 0 | Q55: 5 | R55: 0 | S55: 3 | T55: =SUM(E55:S55) -> 40
B56: 12. | C56: Dr. LIA ISTIFHAMA | E56: 21 | F56: 28 | G56: 25 | H56: 21 | I56: 18 | J56: 29 | K56: 21 | L56: 24 | M56: 21 | N56: 13 | O56: 20 | P56: 21 | Q56: 23 | R56: 14 | S56: 10 | T56: =SUM(E56:S56) -> 309
B57: 13. | C57: MOHAMMAD TRIJANTO, S.H., M.M., M.H. | E57: 5 | F57: 3 | G57: 2 | H57: 2 | I57: 2 | J57: 3 | K57: 2 | L57: 3 | M57: 2 | N57: 3 | O57: 7 | P57: 5 | Q57: 6 | R57: 2 | S57: 3 | T57: =SUM(E57:S57) -> 50
A59: V | B59: DATA SUARA SAH DAN TIDAK SAH
B60: A. | C60: JUMLAH SELURUH SUARA SAH | E60: =SUM(E45:E57) -> 165 | F60: =SUM(F45:F57) -> 177 | G60: =SUM(G45:G57) -> 146 | H60: =SUM(H45:H57) -> 186 | I60: =SUM(I45:I57) -> 161 | J60: =SUM(J45:J57) -> 182 | K60: =SUM(K45:K57) -> 171 | L60: =SUM(L45:L57) -> 169 | ... S60: =SUM(S45:S57) -> 154 | T60: =SUM(E60:S60) -> 2562
B61: B. | C61: JUMLAH SUARA TIDAK SAH | E61: 54 | F61: 44 | G61: 57 | H61: 51 | I61: 51 | J61: 41 | K61: 54 | L61: 30 | M61: 36 | N61: 46 | O61: 49 | P61: 37 | Q61: 55 | R61: 54 | S61: 65 | T61: =SUM(E61:S61) -> 724
B62: C. | C62: JUMLAH SELURUH SUARA SAH DAN SUARA TIDAK SAH (V.A + V.B) | E62: =SUM(E60:E61) -> 219 | F62: =SUM(F60:F61) -> 221 | G62: =SUM(G60:G61) -> 203 | H62: =SUM(H60:H61) -> 237 | I62: =SUM(I60:I61) -> 212 | J62: =SUM(J60:J61) -> 223 | K62: =SUM(K60:K61) -> 225 | L62: =SUM(L60:L61) -> 199 | ... S62: =SUM(S60:S61) -> 219 | T62: =SUM(E62:S62) -> 3286

Sheet TUKANGKAYU
C2: Kecamatan | D2: BANYUWANGI
C3: Kabupaten | D3: BANYUWANGI
C4: Provinsi | D4: JAWA TIMUR
C9: Kelurahan | D9: TUKANGKAYU
A12: I | B12: DATA PEMILIH DAN PENGGUNAAN HAK PILIH | AD12: JUMLAH AKHIR
A13: A | B13: DATA PEMILIH | E13: TPS 001 | F13: TPS 002 | G13: TPS 003 | H13: TPS 004 | I13: TPS 005 | J13: TPS 006 | K13: TPS 007 | L13: TPS 008 | M13: TPS 009 | N13: TPS 010 | O13: TPS 011 | P13: TPS 012 | Q13: TPS 013 | R13: TPS 014 | S13: TPS 015 | T13: TPS 016 | U13: TPS 017 | V13: TPS 018 | W13: TPS 019 | X13: TPS 020 | Y13: TPS 021 | Z13: TPS 022 | AA13: TPS 023 | AB13: TPS 024 | AC13: TPS 025
B14: Jumlah Pemilih dalam Daftar Pemilih Tetap (DPT) | D14: LK | E14: 136 | F14: 143 | G14: 115 | H14: 142 | I14: 126 | J14: 133 | K14: 129 | L14: 113 | M14: 130 | N14: 111 | O14: 120 | P14: 120 | Q14: 132 | R14: 129 | S14: 134 | T14: 136 | U14: 132 | V14: 133 | W14: 124 | X14: 135 | Y14: 127 | Z14: 142 | AA14: 120 | AB14: 148 | AC14: 126 | AD14: =SUM(E14:AC14) -> 3236
D15: PR | E15: 151 | F15: 147 | G15: 121 | H15: 138 | I15: 142 | J15: 138 | K15: 125 | L15: 127 | M15: 137 | N15: 125 | O15: 128 | P15: 147 | Q15: 129 | R15: 140 | S15: 149 | T15: 143 | U15: 148 | V15: 143 | W15: 144 | X15: 145 | Y15: 133 | Z15: 153 | AA15: 126 | AB15: 129 | AC15: 139 | AD15: =SUM(E15:AC15) -> 3447
D16: JML | E16: =SUM(E14:E15) -> 287 | F16: =SUM(F14:F15) -> 290 | G16: =SUM(G14:G15) -> 236 | H16: =SUM(H14:H15) -> 280 | I16: =SUM(I14:I15) -> 268 | J16: =SUM(J14:J15) -> 271 | K16: =SUM(K14:K15) -> 254 | L16: =SUM(L14:L15) -> 240 | ... AC16: =SUM(AC14:AC15) -> 265 | AD16: =SUM(E16:AC16) -> 6683
A18: B | B18: PENGGUNA HAK PILIH
B19: 1. | C19: Jumlah pengguna hak pilih dalam Daftar Pemilih Tetap (DPT) | D19: LK | E19: 108 | F19: 93 | G19: 78 | H19: 105 | I19: 97 | J19: 105 | K19: 107 | L19: 80 | M19: 95 | N19: 71 | O19: 95 | P19: 93 | Q19: 97 | R19: 100 | S19: 93 | T19: 106 | U19: 96 | V19: 98 | W19: 87 | X19: 94 | Y19: 86 | Z19: 100 | AA19: 86 | AB19: 111 | AC19: 94 | AD19: =SUM(E19:AC19) -> 2375
D20: PR | E20: 125 | F20: 118 | G20: 96 | H20: 113 | I20: 112 | J20: 116 | K20: 112 | L20: 102 | M20: 109 | N20: 94 | O20: 102 | P20: 109 | Q20: 107 | R20: 115 | S20: 107 | T20: 123 | U20: 121 | V20: 115 | W20: 108 | X20: 112 | Y20: 102 | Z20: 123 | AA20: 97 | AB20: 109 | AC20: 108 | AD20: =SUM(E20:AC20) -> 2755
D21: JML | E21: =SUM(E19:E20) -> 233 | F21: =SUM(F19:F20) -> 211 | G21: =SUM(G19:G20) -> 174 | H21: =SUM(H19:H20) -> 218 | I21: =SUM(I19:I20) -> 209 | J21: =SUM(J19:J20) -> 221 | K21: =SUM(K19:K20) -> 219 | L21: =SUM(L19:L20) -> 182 | ... AC21: =SUM(AC19:AC20) -> 202 | AD21: =SUM(E21:AC21) -> 5130
B22: 2. | C22: Jumlah pengguna hak pilih dalam Daftar Pemilih Tambahan (DPTb) | D22: LK | E22: 0 | F22: 0 | G22: 1 | H22: 0 | I22: 1 | J22: 0 | K22: 0 | L22: 0 | M22: 0 | N22: 1 | O22: 0 | P22: 0 | Q22: 0 | R22: 0 | S22: 0 | T22: 0 | U22: 0 | V22: 0 | W22: 2 | X22: 0 | Y22: 1 | Z22: 0 | AA22: 0 | AB22: 0 | AC22: 0 | AD22: =SUM(E22:AC22) -> 6
D23: PR | E23: 0 | F23: 0 | G23: 0 | H23: 0 | I23: 1 | J23: 0 | K23: 0 | L23: 0 | M23: 0 | N23: 0 | O23: 0 | P23: 0 | Q23: 0 | R23: 0 | S23: 0 | T23: 2 | U23: 0 | V23: 0 | W23: 6 | X23: 0 | Y23: 1 | Z23: 1 | AA23: 1 | AB23: 0 | AC23: 0 | AD23: =SUM(E23:AC23) -> 12
D24: JML | E24: =SUM(E22:E23) -> 0 | F24: =SUM(F22:F23) -> 0 | G24: =SUM(G22:G23) -> 1 | H24: =SUM(H22:H23) -> 0 | I24: =SUM(I22:I23) -> 2 | J24: =SUM(J22:J23) -> 0 | K24: =SUM(K22:K23) -> 0 | L24: =SUM(L22:L23) -> 0 | ... AC24: =SUM(AC22:AC23) -> 0 | AD24: =SUM(E24:AC24) -> 18
B25: 3. | C25: Jumlah pengguna hak pilih dalam Daftar Pemilih Khusus (DPK) | D25: LK | E25: 1 | F25: 2 | G25: 6 | H25: 1 | I25: 3 | J25: 0 | K25: 2 | L25: 0 | M25: 2 | N25: 0 | O25: 2 | P25: 6 | Q25: 1 | R25: 0 | S25: 0 | T25: 2 | U25: 3 | V25: 1 | W25: 4 | X25: 1 | Y25: 1 | Z25: 8 | AA25: 2 | AB25: 3 | AC25: 2 | AD25: =SUM(E25:AC25) -> 53
D26: PR | E26: 5 | F26: 3 | G26: 4 | H26: 0 | I26: 1 | J26: 1 | K26: 2 | L26: 2 | M26: 1 | N26: 0 | O26: 3 | P26: 4 | Q26: 2 | R26: 1 | S26: 2 | T26: 2 | U26: 7 | V26: 1 | W26: 6 | X26: 3 | Y26: 1 | Z26: 10 | AA26: 3 | AB26: 1 | AC26: 1 | AD26: =SUM(E26:AC26) -> 66
D27: JML | E27: =SUM(E25:E26) -> 6 | F27: =SUM(F25:F26) -> 5 | G27: =SUM(G25:G26) -> 10 | H27: =SUM(H25:H26) -> 1 | I27: =SUM(I25:I26) -> 4 | J27: =SUM(J25:J26) -> 1 | K27: =SUM(K25:K26) -> 4 | L27: =SUM(L25:L26) -> 2 | ... AC27: =SUM(AC25:AC26) -> 3 | AD27: =SUM(E27:AC27) -> 119
B28: 4. | C28: Jumlah Pengguna Hak Pilih (B.1+B.2+B.3) | D28: LK | E28: =SUM(E19,E22,E25) -> 109 | F28: =SUM(F19,F22,F25) -> 95 | G28: =SUM(G19,G22,G25) -> 85 | H28: =SUM(H19,H22,H25) -> 106 | I28: =SUM(I19,I22,I25) -> 101 | J28: =SUM(J19,J22,J25) -> 105 | K28: =SUM(K19,K22,K25) -> 109 | L28: =SUM(L19,L22,L25) -> 80 | ... AC28: =SUM(AC19,AC22,AC25) -> 96 | AD28: =SUM(E28:AC28) -> 2434
D29: PR | E29: =SUM(E20,E23,E26) -> 130 | F29: =SUM(F20,F23,F26) -> 121 | G29: =SUM(G20,G23,G26) -> 100 | H29: =SUM(H20,H23,H26) -> 113 | I29: =SUM(I20,I23,I26) -> 114 | J29: =SUM(J20,J23,J26) -> 117 | K29: =SUM(K20,K23,K26) -> 114 | L29: =SUM(L20,L23,L26) -> 104 | ... AC29: =SUM(AC20,AC23,AC26) -> 109 | AD29: =SUM(E29:AC29) -> 2833
D30: JML | E30: =SUM(E28:E29) -> 239 | F30: =SUM(F28:F29) -> 216 | G30: =SUM(G28:G29) -> 185 | H30: =SUM(H28:H29) -> 219 | I30: =SUM(I28:I29) -> 215 | J30: =SUM(J28:J29) -> 222 | K30: =SUM(K28:K29) -> 223 | L30: =SUM(L28:L29) -> 184 | ... AC30: =SUM(AC28:AC29) -> 205 | AD30: =SUM(E30:AC30) -> 5267
A32: II | B32: DATA PENGGUNAAN SURAT SUARA
A33: 1 | B33: Jumlah surat suara yang diterima, termasuk surat suara cadangan 2% dari DPT | E33: 294 | F33: 296 | G33: 241 | H33: 286 | I33: 274 | J33: 277 | K33: 260 | L33: 245 | M33: 273 | N33: 241 | O33: 253 | P33: 273 | Q33: 267 | R33: 271 | S33: 289 | T33: 285 | U33: 286 | V33: 282 | W33: 274 | X33: 287 | Y33: 266 | Z33: 301 | AA33: 254 | AB33: 283 | AC33: 262 | AD33: =SUM(E33:AC33) -> 6820
A34: 2 | B34: Jumlah surat suara yang digunakan | E34: 239 | F34: 216 | G34: 185 | H34: 219 | I34: 215 | J34: 222 | K34: 223 | L34: 184 | M34: 207 | N34: 166 | O34: 202 | P34: 212 | Q34: 207 | R34: 216 | S34: 202 | T34: 235 | U34: 227 | V34: 215 | W34: 213 | X34: 210 | Y34: 192 | Z34: 242 | AA34: 189 | AB34: 224 | AC34: 205 | AD34: =SUM(E34:AC34) -> 5267
A35: 3 | B35: Jumlah surat suara dikembalikan oleh pemilih (karena rusak atau keliru coblos) | E35: 0 | F35: 0 | G35: 1 | H35: 0 | I35: 0 | J35: 1 | K35: 2 | L35: 0 | M35: 0 | N35: 0 | O35: 0 | P35: 0 | Q35: 1 | R35: 0 | S35: 0 | T35: 0 | U35: 0 | V35: 2 | W35: 0 | X35: 1 | Y35: 0 | Z35: 0 | AA35: 0 | AB35: 6 | AC35: 0 | AD35: =SUM(E35:AC35) -> 14
A36: 4 | B36: Jumlah surat suara yang tidak digunakan/tidak terpakai, termasuk sisa surat suara cadangan | E36: =E33-(E34+E35) -> 55 | F36: =F33-(F34+F35) -> 80 | G36: =G33-(G34+G35) -> 55 | H36: =H33-(H34+H35) -> 67 | I36: =I33-(I34+I35) -> 59 | J36: =J33-(J34+J35) -> 54 | K36: =K33-(K34+K35) -> 35 | L36: =L33-(L34+L35) -> 61 | ... AC36: =AC33-(AC34+AC35) -> 57 | AD36: =SUM(E36:AC36) -> 1539
A38: III | B38: DATA PEMILIH DISABILITAS
B39: Jumlah seluruh Pemilih disabilitas yang menggunakan hak pilih | D39: LK | G39: 1 | H39: 1 | J39: 1 | M39: 3 | P39: 1 | Q39: 5 | V39: 1 | W39: 1 | AD39: =SUM(E39:AC39) -> 14
D40: PR | M40: 4 | P40: 1 | Q40: 2 | R40: 1 | W40: 4 | AD40: =SUM(E40:AC40) -> 12
D41: JML | E41: =SUM(E39:E40) -> 0 | F41: =SUM(F39:F40) -> 0 | G41: =SUM(G39:G40) -> 1 | H41: =SUM(H39:H40) -> 1 | I41: =SUM(I39:I40) -> 0 | J41: =SUM(J39:J40) -> 1 | K41: =SUM(K39:K40) -> 0 | L41: =SUM(L39:L40) -> 0 | ... AC41: =SUM(AC39:AC40) -> 0 | AD41: =SUM(E41:AC41) -> 26
A43: IV | B43: DATA RINCIAN PEROLEHAN SUARA PASANGAN CALON BUPATI DAN WAKIL BUPATI
A44: NOMOR DAN NAMA CALON
B45: 1. | C45: AA. AHMAD NAWARDI | E45: 16 | F45: 8 | G45: 24 | H45: 7 | I45: 15 | J45: 12 | K45: 23 | L45: 24 | M45: 30 | N45: 32 | O45: 10 | P45: 10 | Q45: 10 | R45: 6 | S45: 6 | T45: 10 | U45: 15 | V45: 6 | W45: 7 | X45: 10 | Y45: 4 | Z45: 10 | AA45: 14 | AB45: 17 | AC45: 4 | AD45: =SUM(E45:AC45) -> 330
B46: 2. | C46: Ir. H. AA LA NYALLA MAHMUD MATTALITI, M.HP. | E46: 18 | F46: 30 | G46: 28 | H46: 36 | I46: 37 | J46: 43 | K46: 32 | L46: 24 | M46: 26 | N46: 10 | O46: 29 | P46: 24 | Q46: 33 | R46: 28 | S46: 25 | T46: 24 | U46: 21 | V46: 34 | W46: 33 | X46: 30 | Y46: 25 | Z46: 28 | AA46: 26 | AB46: 27 | AC46: 21 | AD46: =SUM(E46:AC46) -> 692
B47: 3. | C47: ABDUL QADIR AMIR HARTONO, S.E., S.H., M.H. | E47: 11 | F47: 14 | G47: 8 | H47: 8 | I47: 5 | J47: 10 | K47: 11 | L47: 5 | M47: 5 | N47: 12 | O47: 9 | P47: 11 | Q47: 15 | R47: 5 | S47: 15 | T47: 11 | U47: 11 | V47: 15 | W47: 4 | X47: 7 | Y47: 8 | Z47: 22 | AA47: 9 | AB47: 13 | AC47: 7 | AD47: =SUM(E47:AC47) -> 251
B48: 4. | C48: ADILLA AZIS, S.E. | E48: 23 | F48: 23 | G48: 15 | H48: 25 | I48: 23 | J48: 23 | K48: 25 | L48: 25 | M48: 25 | N48: 15 | O48: 10 | P48: 16 | Q48: 13 | R48: 22 | S48: 11 | T48: 25 | U48: 25 | V48: 19 | W48: 14 | X48: 11 | Y48: 16 | Z48: 24 | AA48: 17 | AB48: 24 | AC48: 18 | AD48: =SUM(E48:AC48) -> 487
B49: 5. | C49: Ir. H. AGUS RAHARDJO, MSc.M. | E49: 20 | F49: 21 | G49: 17 | H49: 24 | I49: 20 | J49: 25 | K49: 16 | L49: 19 | M49: 19 | N49: 13 | O49: 32 | P49: 36 | Q49: 33 | R49: 45 | S49: 28 | T49: 20 | U49: 36 | V49: 38 | W49: 50 | X49: 33 | Y49: 35 | Z49: 39 | AA49: 25 | AB49: 20 | AC49: 34 | AD49: =SUM(E49:AC49) -> 698
B50: 6. | C50: Drs. AYUB KHAN | E50: 14 | F50: 7 | G50: 11 | H50: 13 | I50: 8 | J50: 9 | K50: 5 | L50: 14 | M50: 8 | N50: 5 | O50: 14 | P50: 10 | Q50: 10 | R50: 3 | S50: 13 | T50: 15 | U50: 10 | V50: 14 | W50: 13 | X50: 10 | Y50: 14 | Z50: 14 | AA50: 12 | AB50: 11 | AC50: 13 | AD50: =SUM(E50:AC50) -> 270
B51: 7. | C51: BAMBANG HARIANTO | E51: 1 | F51: 6 | G51: 2 | H51: 0 | I51: 3 | J51: 5 | K51: 1 | L51: 3 | M51: 0 | N51: 2 | O51: 2 | P51: 4 | Q51: 3 | R51: 6 | S51: 3 | T51: 1 | U51: 2 | V51: 2 | W51: 5 | X51: 3 | Y51: 1 | Z51: 3 | AA51: 3 | AB51: 3 | AC51: 5 | AD51: =SUM(E51:AC51) -> 69
B52: 8. | C52: CATUR RUDI UTANTO, S.Sos. | E52: 5 | F52: 2 | G52: 7 | H52: 5 | I52: 4 | J52: 3 | K52: 1 | L52: 2 | M52: 6 | N52: 3 | O52: 6 | P52: 4 | Q52: 4 | R52: 5 | S52: 7 | T52: 4 | U52: 7 | V52: 6 | W52: 5 | X52: 10 | Y52: 6 | Z52: 4 | AA52: 6 | AB52: 9 | AC52: 5 | AD52: =SUM(E52:AC52) -> 126
B53: 9. | C53: DODDY DWI NUGROHO | E53: 0 | F53: 3 | G53: 2 | H53: 2 | I53: 1 | J53: 2 | K53: 2 | L53: 0 | M53: 1 | N53: 2 | O53: 4 | P53: 4 | Q53: 2 | R53: 3 | S53: 1 | T53: 3 | U53: 3 | V53: 0 | W53: 1 | X53: 0 | Y53: 1 | Z53: 1 | AA53: 1 | AB53: 3 | AC53: 1 | AD53: =SUM(E53:AC53) -> 43
B54: 10. | C54: KONDANG KUSUMANING AYU | E54: 47 | F54: 27 | G54: 19 | H54: 33 | I54: 22 | J54: 24 | K54: 17 | L54: 16 | M54: 11 | N54: 33 | O54: 26 | P54: 35 | Q54: 23 | R54: 28 | S54: 15 | T54: 35 | U54: 27 | V54: 19 | W54: 25 | X54: 25 | Y54: 27 | Z54: 31 | AA54: 16 | AB54: 21 | AC54: 27 | AD54: =SUM(E54:AC54) -> 629
B55: 11. | C55: KUNJUNG WAHYUDI | E55: 1 | F55: 0 | G55: 0 | H55: 1 | I55: 1 | J55: 1 | K55: 1 | L55: 4 | M55: 0 | N55: 0 | O55: 1 | P55: 1 | Q55: 3 | R55: 2 | S55: 2 | T55: 2 | U55: 3 | V55: 0 | W55: 1 | X55: 1 | Y55: 3 | Z55: 1 | AA55: 1 | AB55: 2 | AC55: 3 | AD55: =SUM(E55:AC55) -> 35
B56: 12. | C56: Dr. LIA ISTIFHAMA | E56: 26 | F56: 24 | G56: 15 | H56: 19 | I56: 17 | J56: 25 | K56: 38 | L56: 12 | M56: 25 | N56: 13 | O56: 19 | P56: 19 | Q56: 11 | R56: 17 | S56: 23 | T56: 21 | U56: 15 | V56: 17 | W56: 18 | X56: 24 | Y56: 18 | Z56: 17 | AA56: 24 | AB56: 19 | AC56: 23 | AD56: =SUM(E56:AC56) -> 499
B57: 13. | C57: MOHAMMAD TRIJANTO, S.H., M.M., M.H. | E57: 3 | F57: 1 | G57: 1 | H57: 4 | I57: 3 | J57: 4 | K57: 1 | L57: 0 | M57: 3 | N57: 1 | O57: 2 | P57: 4 | Q57: 3 | R57: 3 | S57: 1 | T57: 1 | U57: 2 | V57: 3 | W57: 5 | X57: 3 | Y57: 5 | Z57: 6 | AA57: 3 | AB57: 3 | AC57: 3 | AD57: =SUM(E57:AC57) -> 68
A59: V | B59: DATA SUARA SAH DAN TIDAK SAH
B60: A. | C60: JUMLAH SELURUH SUARA SAH | E60: =SUM(E45:E57) -> 185 | F60: =SUM(F45:F57) -> 166 | G60: =SUM(G45:G57) -> 149 | H60: =SUM(H45:H57) -> 177 | I60: =SUM(I45:I57) -> 159 | J60: =SUM(J45:J57) -> 186 | K60: =SUM(K45:K57) -> 173 | L60: =SUM(L45:L57) -> 148 | ... AC60: =SUM(AC45:AC57) -> 164 | AD60: =SUM(E60:AC60) -> 4197
B61: B. | C61: JUMLAH SUARA TIDAK SAH | E61: 54 | F61: 50 | G61: 36 | H61: 42 | I61: 56 | J61: 36 | K61: 50 | L61: 36 | M61: 48 | N61: 25 | O61: 38 | P61: 34 | Q61: 44 | R61: 43 | S61: 52 | T61: 63 | U61: 50 | V61: 42 | W61: 32 | X61: 43 | Y61: 29 | Z61: 42 | AA61: 32 | AB61: 52 | AC61: 41 | AD61: =SUM(E61:AC61) -> 1070
B62: C. | C62: JUMLAH SELURUH SUARA SAH DAN SUARA TIDAK SAH (V.A + V.B) | E62: =SUM(E60:E61) -> 239 | F62: =SUM(F60:F61) -> 216 | G62: =SUM(G60:G61) -> 185 | H62: =SUM(H60:H61) -> 219 | I62: =SUM(I60:I61) -> 215 | J62: =SUM(J60:J61) -> 222 | K62: =SUM(K60:K61) -> 223 | L62: =SUM(L60:L61) -> 184 | ... AC62: =SUM(AC60:AC61) -> 205 | AD62: =SUM(E62:AC62) -> 5267

Sheet KERTOSARI
C2: Kecamatan | D2: BANYUWANGI
C3: Kabupaten | D3: BANYUWANGI
C4: Provinsi | D4: JAWA TIMUR
C9: Kelurahan | D9: KERTOSARI
A12: I | B12: DATA PEMILIH DAN PENGGUNAAN HAK PILIH | AB12: JUMLAH AKHIR
A13: A | B13: DATA PEMILIH | E13: TPS 001 | F13: TPS 002 | G13: TPS 003 | H13: TPS 004 | I13: TPS 005 | J13: TPS 006 | K13: TPS 007 | L13: TPS 008 | M13: TPS 009 | N13: TPS 010 | O13: TPS 011 | P13: TPS 012 | Q13: TPS 013 | R13: TPS 014 | S13: TPS 015 | T13: TPS 016 | U13: TPS 017 | V13: TPS 018 | W13: TPS 019 | X13: TPS 020 | Y13: TPS 021 | Z13: TPS 022 | AA13: TPS 023
B14: Jumlah Pemilih dalam Daftar Pemilih Tetap (DPT) | D14: LK | E14: 135 | F14: 141 | G14: 138 | H14: 132 | I14: 126 | J14: 129 | K14: 113 | L14: 147 | M14: 142 | N14: 130 | O14: 120 | P14: 129 | Q14: 140 | R14: 142 | S14: 142 | T14: 142 | U14: 144 | V14: 125 | W14: 141 | X14: 135 | Y14: 138 | Z14: 130 | AA14: 101 | AB14: =SUM(E14:AA14) -> 3062
D15: PR | E15: 146 | F15: 143 | G15: 145 | H15: 150 | I15: 142 | J15: 132 | K15: 117 | L15: 131 | M15: 136 | N15: 137 | O15: 134 | P15: 138 | Q15: 140 | R15: 148 | S15: 146 | T15: 144 | U15: 134 | V15: 115 | W15: 142 | X15: 124 | Y15: 136 | Z15: 140 | AA15: 106 | AB15: =SUM(E15:AA15) -> 3126
D16: JML | E16: =SUM(E14:E15) -> 281 | F16: =SUM(F14:F15) -> 284 | G16: =SUM(G14:G15) -> 283 | H16: =SUM(H14:H15) -> 282 | I16: =SUM(I14:I15) -> 268 | J16: =SUM(J14:J15) -> 261 | K16: =SUM(K14:K15) -> 230 | L16: =SUM(L14:L15) -> 278 | ... AA16: =SUM(AA14:AA15) -> 207 | AB16: =SUM(E16:AA16) -> 6188
A18: B | B18: PENGGUNA HAK PILIH
B19: 1. | C19: Jumlah pengguna hak pilih dalam Daftar Pemilih Tetap (DPT) | D19: LK | E19: 95 | F19: 118 | G19: 103 | H19: 100 | I19: 97 | J19: 96 | K19: 90 | L19: 86 | M19: 85 | N19: 98 | O19: 80 | P19: 79 | Q19: 96 | R19: 105 | S19: 97 | T19: 97 | U19: 99 | V19: 105 | W19: 97 | X19: 91 | Y19: 95 | Z19: 94 | AA19: 67 | AB19: =SUM(E19:AA19) -> 2170
D20: PR | E20: 117 | F20: 122 | G20: 106 | H20: 122 | I20: 114 | J20: 113 | K20: 93 | L20: 124 | M20: 96 | N20: 102 | O20: 98 | P20: 108 | Q20: 114 | R20: 122 | S20: 116 | T20: 108 | U20: 98 | V20: 96 | W20: 117 | X20: 96 | Y20: 106 | Z20: 103 | AA20: 80 | AB20: =SUM(E20:AA20) -> 2471
D21: JML | E21: =SUM(E19:E20) -> 212 | F21: =SUM(F19:F20) -> 240 | G21: =SUM(G19:G20) -> 209 | H21: =SUM(H19:H20) -> 222 | I21: =SUM(I19:I20) -> 211 | J21: =SUM(J19:J20) -> 209 | K21: =SUM(K19:K20) -> 183 | L21: =SUM(L19:L20) -> 210 | ... AA21: =SUM(AA19:AA20) -> 147 | AB21: =SUM(E21:AA21) -> 4641
B22: 2. | C22: Jumlah pengguna hak pilih dalam Daftar Pemilih Tambahan (DPTb) | D22: LK | E22: 0 | F22: 0 | G22: 0 | H22: 0 | I22: 0 | J22: 0 | K22: 0 | L22: 0 | M22: 2 | N22: 0 | O22: 0 | P22: 1 | Q22: 0 | R22: 1 | S22: 0 | T22: 0 | U22: 0 | V22: 1 | W22: 0 | X22: 0 | Y22: 0 | Z22: 0 | AA22: 0 | AB22: =SUM(E22:AA22) -> 5
D23: PR | E23: 0 | F23: 0 | G23: 0 | H23: 0 | I23: 2 | J23: 0 | K23: 0 | L23: 0 | M23: 6 | N23: 0 | O23: 0 | P23: 1 | Q23: 0 | R23: 0 | S23: 0 | T23: 0 | U23: 0 | V23: 1 | W23: 0 | X23: 0 | Y23: 0 | Z23: 0 | AA23: 0 | AB23: =SUM(E23:AA23) -> 10
D24: JML | E24: =SUM(E22:E23) -> 0 | F24: =SUM(F22:F23) -> 0 | G24: =SUM(G22:G23) -> 0 | H24: =SUM(H22:H23) -> 0 | I24: =SUM(I22:I23) -> 2 | J24: =SUM(J22:J23) -> 0 | K24: =SUM(K22:K23) -> 0 | L24: =SUM(L22:L23) -> 0 | ... AA24: =SUM(AA22:AA23) -> 0 | AB24: =SUM(E24:AA24) -> 15
B25: 3. | C25: Jumlah pengguna hak pilih dalam Daftar Pemilih Khusus (DPK) | D25: LK | E25: 1 | F25: 0 | G25: 0 | H25: 1 | I25: 1 | J25: 1 | K25: 0 | L25: 1 | M25: 0 | N25: 2 | O25: 6 | P25: 0 | Q25: 0 | R25: 7 | S25: 1 | T25: 1 | U25: 3 | V25: 3 | W25: 0 | X25: 3 | Y25: 0 | Z25: 4 | AA25: 0 | AB25: =SUM(E25:AA25) -> 35
D26: PR | E26: 0 | F26: 1 | G26: 1 | H26: 1 | I26: 0 | J26: 2 | K26: 0 | L26: 2 | M26: 0 | N26: 2 | O26: 3 | P26: 0 | Q26: 0 | R26: 6 | S26: 3 | T26: 1 | U26: 4 | V26: 6 | W26: 0 | X26: 2 | Y26: 0 | Z26: 5 | AA26: 1 | AB26: =SUM(E26:AA26) -> 40
D27: JML | E27: =SUM(E25:E26) -> 1 | F27: =SUM(F25:F26) -> 1 | G27: =SUM(G25:G26) -> 1 | H27: =SUM(H25:H26) -> 2 | I27: =SUM(I25:I26) -> 1 | J27: =SUM(J25:J26) -> 3 | K27: =SUM(K25:K26) -> 0 | L27: =SUM(L25:L26) -> 3 | ... AA27: =SUM(AA25:AA26) -> 1 | AB27: =SUM(E27:AA27) -> 75
B28: 4. | C28: Jumlah Pengguna Hak Pilih (B.1+B.2+B.3) | D28: LK | E28: =SUM(E19,E22,E25) -> 96 | F28: =SUM(F19,F22,F25) -> 118 | G28: =SUM(G19,G22,G25) -> 103 | H28: =SUM(H19,H22,H25) -> 101 | I28: =SUM(I19,I22,I25) -> 98 | J28: =SUM(J19,J22,J25) -> 97 | K28: =SUM(K19,K22,K25) -> 90 | L28: =SUM(L19,L22,L25) -> 87 | ... AA28: =SUM(AA19,AA22,AA25) -> 67 | AB28: =SUM(E28:AA28) -> 2210
D29: PR | E29: =SUM(E20,E23,E26) -> 117 | F29: =SUM(F20,F23,F26) -> 123 | G29: =SUM(G20,G23,G26) -> 107 | H29: =SUM(H20,H23,H26) -> 123 | I29: =SUM(I20,I23,I26) -> 116 | J29: =SUM(J20,J23,J26) -> 115 | K29: =SUM(K20,K23,K26) -> 93 | L29: =SUM(L20,L23,L26) -> 126 | ... AA29: =SUM(AA20,AA23,AA26) -> 81 | AB29: =SUM(E29:AA29) -> 2521
D30: JML | E30: =SUM(E28:E29) -> 213 | F30: =SUM(F28:F29) -> 241 | G30: =SUM(G28:G29) -> 210 | H30: =SUM(H28:H29) -> 224 | I30: =SUM(I28:I29) -> 214 | J30: =SUM(J28:J29) -> 212 | K30: =SUM(K28:K29) -> 183 | L30: =SUM(L28:L29) -> 213 | ... AA30: =SUM(AA28:AA29) -> 148 | AB30: =SUM(E30:AA30) -> 4731
A32: II | B32: DATA PENGGUNAAN SURAT SUARA
A33: 1 | B33: Jumlah surat suara yang diterima, termasuk surat suara cadangan 2% dari DPT | E33: 287 | F33: 290 | G33: 282 | H33: 288 | I33: 263 | J33: 267 | K33: 234 | L33: 284 | M33: 284 | N33: 273 | O33: 258 | P33: 273 | Q33: 286 | R33: 297 | S33: 294 | T33: 292 | U33: 285 | V33: 245 | W33: 289 | X33: 265 | Y33: 290 | Z33: 276 | AA33: 212 | AB33: =SUM(E33:AA33) -> 6314
A34: 2 | B34: Jumlah surat suara yang digunakan | E34: 213 | F34: 241 | G34: 210 | H34: 224 | I34: 214 | J34: 212 | K34: 183 | L34: 213 | M34: 189 | N34: 204 | O34: 187 | P34: 189 | Q34: 210 | R34: 241 | S34: 217 | T34: 207 | U34: 204 | V34: 212 | W34: 214 | X34: 192 | Y34: 201 | Z34: 206 | AA34: 148 | AB34: =SUM(E34:AA34) -> 4731
A35: 3 | B35: Jumlah surat suara dikembalikan oleh pemilih (karena rusak atau keliru coblos) | E35: 0 | F35: 1 | G35: 0 | H35: 0 | I35: 0 | J35: 0 | K35: 0 | L35: 0 | M35: 1 | N35: 0 | O35: 0 | P35: 0 | Q35: 0 | R35: 0 | S35: 0 | T35: 0 | U35: 0 | V35: 0 | W35: 0 | X35: 0 | Y35: 0 | Z35: 0 | AA35: 1 | AB35: =SUM(E35:AA35) -> 3
A36: 4 | B36: Jumlah surat suara yang tidak digunakan/tidak terpakai, termasuk sisa surat suara cadangan | E36: =E33-(E34+E35) -> 74 | F36: =F33-(F34+F35) -> 48 | G36: =G33-(G34+G35) -> 72 | H36: =H33-(H34+H35) -> 64 | I36: =I33-(I34+I35) -> 49 | J36: =J33-(J34+J35) -> 55 | K36: =K33-(K34+K35) -> 51 | L36: =L33-(L34+L35) -> 71 | ... AA36: =AA33-(AA34+AA35) -> 63 | AB36: =SUM(E36:AA36) -> 1580
A38: III | B38: DATA PEMILIH DISABILITAS
B39: Jumlah seluruh Pemilih disabilitas yang menggunakan hak pilih | D39: LK | Q39: 1 | V39: 2 | AB39: =SUM(E39:AA39) -> 3
D40: PR | V40: 1 | AB40: =SUM(E40:AA40) -> 1
D41: JML | E41: =SUM(E39:E40) -> 0 | F41: =SUM(F39:F40) -> 0 | G41: =SUM(G39:G40) -> 0 | H41: =SUM(H39:H40) -> 0 | I41: =SUM(I39:I40) -> 0 | J41: =SUM(J39:J40) -> 0 | K41: =SUM(K39:K40) -> 0 | L41: =SUM(L39:L40) -> 0 | ... AA41: =SUM(AA39:AA40) -> 0 | AB41: =SUM(E41:AA41) -> 4
A43: IV | B43: DATA RINCIAN PEROLEHAN SUARA PASANGAN CALON BUPATI DAN WAKIL BUPATI
A44: NOMOR DAN NAMA CALON
B45: 1. | C45: AA. AHMAD NAWARDI | E45: 11 | F45: 9 | G45: 13 | H45: 9 | I45: 16 | J45: 14 | K45: 13 | L45: 16 | M45: 16 | N45: 12 | O45: 7 | P45: 15 | Q45: 6 | R45: 10 | S45: 5 | T45: 13 | U45: 15 | V45: 9 | W45: 21 | X45: 14 | Y45: 26 | Z45: 29 | AA45: 8 | AB45: =SUM(E45:AA45) -> 307
B46: 2. | C46: Ir. H. AA LA NYALLA MAHMUD MATTALITI, M.HP. | E46: 28 | F46: 30 | G46: 41 | H46: 40 | I46: 39 | J46: 32 | K46: 21 | L46: 35 | M46: 32 | N46: 31 | O46: 32 | P46: 23 | Q46: 35 | R46: 28 | S46: 32 | T46: 35 | U46: 28 | V46: 43 | W46: 43 | X46: 25 | Y46: 28 | Z46: 43 | AA46: 25 | AB46: =SUM(E46:AA46) -> 749
B47: 3. | C47: ABDUL QADIR AMIR HARTONO, S.E., S.H., M.H. | E47: 9 | F47: 8 | G47: 22 | H47: 5 | I47: 8 | J47: 13 | K47: 11 | L47: 9 | M47: 16 | N47: 9 | O47: 12 | P47: 12 | Q47: 12 | R47: 13 | S47: 13 | T47: 16 | U47: 10 | V47: 17 | W47: 8 | X47: 10 | Y47: 12 | Z47: 12 | AA47: 19 | AB47: =SUM(E47:AA47) -> 276
B48: 4. | C48: ADILLA AZIS, S.E. | E48: 23 | F48: 28 | G48: 14 | H48: 17 | I48: 16 | J48: 17 | K48: 14 | L48: 16 | M48: 12 | N48: 16 | O48: 16 | P48: 14 | Q48: 16 | R48: 26 | S48: 17 | T48: 22 | U48: 21 | V48: 22 | W48: 12 | X48: 13 | Y48: 11 | Z48: 16 | AA48: 16 | AB48: =SUM(E48:AA48) -> 395
B49: 5. | C49: Ir. H. AGUS RAHARDJO, MSc.M. | E49: 21 | F49: 26 | G49: 17 | H49: 32 | I49: 18 | J49: 24 | K49: 24 | L49: 27 | M49: 19 | N49: 21 | O49: 33 | P49: 22 | Q49: 30 | R49: 34 | S49: 22 | T49: 20 | U49: 26 | V49: 25 | W49: 27 | X49: 17 | Y49: 24 | Z49: 24 | AA49: 25 | AB49: =SUM(E49:AA49) -> 558
B50: 6. | C50: Drs. AYUB KHAN | E50: 16 | F50: 12 | G50: 9 | H50: 18 | I50: 7 | J50: 16 | K50: 12 | L50: 21 | M50: 9 | N50: 8 | O50: 10 | P50: 14 | Q50: 13 | R50: 8 | S50: 20 | T50: 12 | U50: 7 | V50: 10 | W50: 9 | X50: 13 | Y50: 9 | Z50: 10 | AA50: 9 | AB50: =SUM(E50:AA50) -> 272
B51: 7. | C51: BAMBANG HARIANTO | E51: 4 | F51: 3 | G51: 0 | H51: 0 | I51: 4 | J51: 1 | K51: 1 | L51: 1 | M51: 0 | N51: 3 | O51: 3 | P51: 0 | Q51: 3 | R51: 1 | S51: 3 | T51: 3 | U51: 4 | V51: 5 | W51: 1 | X51: 2 | Y51: 3 | Z51: 1 | AA51: 2 | AB51: =SUM(E51:AA51) -> 48
B52: 8. | C52: CATUR RUDI UTANTO, S.Sos. | E52: 9 | F52: 9 | G52: 7 | H52: 4 | I52: 1 | J52: 5 | K52: 3 | L52: 5 | M52: 4 | N52: 10 | O52: 5 | P52: 8 | Q52: 11 | R52: 2 | S52: 5 | T52: 4 | U52: 2 | V52: 3 | W52: 0 | X52: 1 | Y52: 1 | Z52: 2 | AA52: 0 | AB52: =SUM(E52:AA52) -> 101
B53: 9. | C53: DODDY DWI NUGROHO | E53: 1 | F53: 2 | G53: 0 | H53: 2 | I53: 1 | J53: 3 | K53: 0 | L53: 0 | M53: 1 | N53: 1 | O53: 2 | P53: 2 | Q53: 2 | R53: 3 | S53: 1 | T53: 0 | U53: 2 | V53: 0 | W53: 2 | X53: 0 | Y53: 0 | Z53: 0 | AA53: 1 | AB53: =SUM(E53:AA53) -> 26
B54: 10. | C54: KONDANG KUSUMANING AYU | E54: 14 | F54: 21 | G54: 27 | H54: 30 | I54: 20 | J54: 15 | K54: 16 | L54: 21 | M54: 15 | N54: 24 | O54: 27 | P54: 38 | Q54: 19 | R54: 32 | S54: 34 | T54: 18 | U54: 17 | V54: 8 | W54: 22 | X54: 25 | Y54: 24 | Z54: 13 | AA54: 13 | AB54: =SUM(E54:AA54) -> 493
B55: 11. | C55: KUNJUNG WAHYUDI | E55: 2 | F55: 3 | G55: 1 | H55: 0 | I55: 3 | J55: 0 | K55: 1 | L55: 1 | M55: 0 | N55: 2 | O55: 2 | P55: 7 | Q55: 1 | R55: 3 | S55: 2 | T55: 0 | U55: 0 | V55: 1 | W55: 4 | X55: 1 | Y55: 1 | Z55: 0 | AA55: 0 | AB55: =SUM(E55:AA55) -> 35
B56: 12. | C56: Dr. LIA ISTIFHAMA | E56: 26 | F56: 18 | G56: 15 | H56: 33 | I56: 25 | J56: 35 | K56: 17 | L56: 22 | M56: 20 | N56: 24 | O56: 12 | P56: 20 | Q56: 11 | R56: 34 | S56: 27 | T56: 24 | U56: 25 | V56: 22 | W56: 16 | X56: 17 | Y56: 20 | Z56: 17 | AA56: 7 | AB56: =SUM(E56:AA56) -> 487
B57: 13. | C57: MOHAMMAD TRIJANTO, S.H., M.M., M.H. | E57: 1 | F57: 1 | G57: 3 | H57: 4 | I57: 5 | J57: 2 | K57: 2 | L57: 6 | M57: 3 | N57: 1 | O57: 4 | P57: 1 | Q57: 4 | R57: 5 | S57: 3 | T57: 3 | U57: 0 | V57: 2 | W57: 4 | X57: 2 | Y57: 1 | Z57: 2 | AA57: 1 | AB57: =SUM(E57:AA57) -> 60
A59: V | B59: DATA SUARA SAH DAN TIDAK SAH
B60: A. | C60: JUMLAH SELURUH SUARA SAH | E60: =SUM(E45:E57) -> 165 | F60: =SUM(F45:F57) -> 170 | G60: =SUM(G45:G57) -> 169 | H60: =SUM(H45:H57) -> 194 | I60: =SUM(I45:I57) -> 163 | J60: =SUM(J45:J57) -> 177 | K60: =SUM(K45:K57) -> 135 | L60: =SUM(L45:L57) -> 180 | ... AA60: =SUM(AA45:AA57) -> 126 | AB60: =SUM(E60:AA60) -> 3807
B61: B. | C61: JUMLAH SUARA TIDAK SAH | E61: 48 | F61: 71 | G61: 41 | H61: 30 | I61: 51 | J61: 35 | K61: 48 | L61: 33 | M61: 42 | N61: 42 | O61: 22 | P61: 13 | Q61: 47 | R61: 42 | S61: 33 | T61: 37 | U61: 47 | V61: 45 | W61: 45 | X61: 52 | Y61: 41 | Z61: 37 | AA61: 22 | AB61: =SUM(E61:AA61) -> 924
B62: C. | C62: JUMLAH SELURUH SUARA SAH DAN SUARA TIDAK SAH (V.A + V.B) | E62: =SUM(E60:E61) -> 213 | F62: =SUM(F60:F61) -> 241 | G62: =SUM(G60:G61) -> 210 | H62: =SUM(H60:H61) -> 224 | I62: =SUM(I60:I61) -> 214 | J62: =SUM(J60:J61) -> 212 | K62: =SUM(K60:K61) -> 183 | L62: =SUM(L60:L61) -> 213 | ... AA62: =SUM(AA60:AA61) -> 148 | AB62: =SUM(E62:AA62) -> 4731

Sheet KARANGREJO
C2: Kecamatan | D2: BANYUWANGI
C3: Kabupaten | D3: BANYUWANGI
C4: Provinsi | D4: JAWA TIMUR
C9: Kelurahan | D9: KARANGREJO
A12: I | B12: DATA PEMILIH DAN PENGGUNAAN HAK PILIH | AI12: JUMLAH AKHIR
A13: A | B13: DATA PEMILIH | E13: TPS 001 | F13: TPS 002 | G13: TPS 003 | H13: TPS 004 | I13: TPS 005 | J13: TPS 006 | K13: TPS 007 | L13: TPS 008 | M13: TPS 009 | N13: TPS 010 | O13: TPS 011 | P13: TPS 012 | Q13: TPS 013 | R13: TPS 014 | S13: TPS 015 | T13: TPS 016 | U13: TPS 017 | V13: TPS 018 | W13: TPS 019 | X13: TPS 020 | Y13: TPS 021 | Z13: TPS 022 | AA13: TPS 023 | AB13: TPS 024 | AC13: TPS 025 | AD13: TPS 026 | AE13: TPS 027 | AF13: TPS 028 | AG13: TPS 029 | AH13: TPS 030
B14: Jumlah Pemilih dalam Daftar Pemilih Tetap (DPT) | D14: LK | E14: 130 | F14: 93 | G14: 137 | H14: 140 | I14: 135 | J14: 140 | K14: 146 | L14: 133 | M14: 126 | N14: 142 | O14: 106 | P14: 141 | Q14: 132 | R14: 141 | S14: 144 | T14: 132 | U14: 128 | V14: 140 | W14: 122 | X14: 140 | Y14: 144 | Z14: 149 | AA14: 145 | AB14: 145 | AC14: 140 | AD14: 138 | AE14: 145 | AF14: 148 | AG14: 143 | AH14: 138 | AI14: =SUM(E14:AH14) -> 4083
D15: PR | E15: 124 | F15: 89 | G15: 151 | H15: 142 | I15: 143 | J15: 135 | K15: 150 | L15: 156 | M15: 149 | N15: 134 | O15: 120 | P15: 133 | Q15: 134 | R15: 135 | S15: 147 | T15: 137 | U15: 149 | V15: 141 | W15: 137 | X15: 133 | Y15: 146 | Z15: 141 | AA15: 145 | AB15: 144 | AC15: 148 | AD15: 152 | AE15: 145 | AF15: 140 | AG15: 147 | AH15: 152 | AI15: =SUM(E15:AH15) -> 4199
D16: JML | E16: =SUM(E14:E15) -> 254 | F16: =SUM(F14:F15) -> 182 | G16: =SUM(G14:G15) -> 288 | H16: =SUM(H14:H15) -> 282 | I16: =SUM(I14:I15) -> 278 | J16: =SUM(J14:J15) -> 275 | K16: =SUM(K14:K15) -> 296 | L16: =SUM(L14:L15) -> 289 | ... AH16: =SUM(AH14:AH15) -> 290 | AI16: =SUM(E16:AH16) -> 8282
A18: B | B18: PENGGUNA HAK PILIH
B19: 1. | C19: Jumlah pengguna hak pilih dalam Daftar Pemilih Tetap (DPT) | D19: LK | E19: 84 | F19: 65 | G19: 95 | H19: 94 | I19: 99 | J19: 96 | K19: 110 | L19: 84 | M19: 86 | N19: 96 | O19: 76 | P19: 96 | Q19: 99 | R19: 90 | S19: 103 | T19: 86 | U19: 92 | V19: 102 | W19: 86 | X19: 101 | Y19: 85 | Z19: 95 | AA19: 102 | AB19: 109 | AC19: 82 | AD19: 89 | AE19: 117 | AF19: 104 | AG19: 91 | AH19: 108 | AI19: =SUM(E19:AH19) -> 2822
D20: PR | E20: 94 | F20: 61 | G20: 112 | H20: 104 | I20: 111 | J20: 108 | K20: 121 | L20: 114 | M20: 105 | N20: 102 | O20: 95 | P20: 98 | Q20: 116 | R20: 108 | S20: 117 | T20: 99 | U20: 107 | V20: 110 | W20: 98 | X20: 101 | Y20: 104 | Z20: 107 | AA20: 104 | AB20: 111 | AC20: 100 | AD20: 116 | AE20: 120 | AF20: 101 | AG20: 121 | AH20: 112 | AI20: =SUM(E20:AH20) -> 3177
D21: JML | E21: =SUM(E19:E20) -> 178 | F21: =SUM(F19:F20) -> 126 | G21: =SUM(G19:G20) -> 207 | H21: =SUM(H19:H20) -> 198 | I21: =SUM(I19:I20) -> 210 | J21: =SUM(J19:J20) -> 204 | K21: =SUM(K19:K20) -> 231 | L21: =SUM(L19:L20) -> 198 | ... AH21: =SUM(AH19:AH20) -> 220 | AI21: =SUM(E21:AH21) -> 5999
B22: 2. | C22: Jumlah pengguna hak pilih dalam Daftar Pemilih Tambahan (DPTb) | D22: LK | E22: 0 | F22: 0 | G22: 0 | H22: 0 | I22: 0 | J22: 0 | K22: 0 | L22: 0 | M22: 1 | N22: 0 | O22: 0 | P22: 0 | Q22: 0 | R22: 0 | S22: 0 | T22: 0 | U22: 0 | V22: 0 | W22: 0 | X22: 0 | Y22: 0 | Z22: 0 | AA22: 0 | AB22: 0 | AC22: 1 | AD22: 0 | AE22: 0 | AF22: 0 | AG22: 0 | AH22: 0 | AI22: =SUM(E22:AH22) -> 2
D23: PR | E23: 0 | F23: 0 | G23: 0 | H23: 0 | I23: 0 | J23: 0 | K23: 0 | L23: 0 | M23: 1 | N23: 0 | O23: 0 | P23: 0 | Q23: 0 | R23: 0 | S23: 0 | T23: 0 | U23: 0 | V23: 0 | W23: 0 | X23: 0 | Y23: 0 | Z23: 0 | AA23: 0 | AB23: 0 | AC23: 2 | AD23: 0 | AE23: 0 | AF23: 0 | AG23: 1 | AH23: 0 | AI23: =SUM(E23:AH23) -> 4
D24: JML | E24: =SUM(E22:E23) -> 0 | F24: =SUM(F22:F23) -> 0 | G24: =SUM(G22:G23) -> 0 | H24: =SUM(H22:H23) -> 0 | I24: =SUM(I22:I23) -> 0 | J24: =SUM(J22:J23) -> 0 | K24: =SUM(K22:K23) -> 0 | L24: =SUM(L22:L23) -> 0 | ... AH24: =SUM(AH22:AH23) -> 0 | AI24: =SUM(E24:AH24) -> 6
B25: 3. | C25: Jumlah pengguna hak pilih dalam Daftar Pemilih Khusus (DPK) | D25: LK | E25: 0 | F25: 0 | G25: 1 | H25: 1 | I25: 0 | J25: 0 | K25: 1 | L25: 0 | M25: 1 | N25: 2 | O25: 4 | P25: 3 | Q25: 2 | R25: 1 | S25: 1 | T25: 1 | U25: 3 | V25: 2 | W25: 0 | X25: 0 | Y25: 1 | Z25: 4 | AA25: 0 | AB25: 1 | AC25: 0 | AD25: 4 | AE25: 2 | AF25: 1 | AG25: 2 | AH25: 9 | AI25: =SUM(E25:AH25) -> 47
D26: PR | E26: 4 | F26: 1 | G26: 1 | H26: 4 | I26: 0 | J26: 1 | K26: 3 | L26: 0 | M26: 4 | N26: 1 | O26: 2 | P26: 1 | Q26: 2 | R26: 4 | S26: 5 | T26: 3 | U26: 7 | V26: 2 | W26: 2 | X26: 0 | Y26: 0 | Z26: 6 | AA26: 0 | AB26: 1 | AC26: 2 | AD26: 11 | AE26: 4 | AF26: 1 | AG26: 4 | AH26: 9 | AI26: =SUM(E26:AH26) -> 85
D27: JML | E27: =SUM(E25:E26) -> 4 | F27: =SUM(F25:F26) -> 1 | G27: =SUM(G25:G26) -> 2 | H27: =SUM(H25:H26) -> 5 | I27: =SUM(I25:I26) -> 0 | J27: =SUM(J25:J26) -> 1 | K27: =SUM(K25:K26) -> 4 | L27: =SUM(L25:L26) -> 0 | ... AH27: =SUM(AH25:AH26) -> 18 | AI27: =SUM(E27:AH27) -> 132
B28: 4. | C28: Jumlah Pengguna Hak Pilih (B.1+B.2+B.3) | D28: LK | E28: =SUM(E19,E22,E25) -> 84 | F28: =SUM(F19,F22,F25) -> 65 | G28: =SUM(G19,G22,G25) -> 96 | H28: =SUM(H19,H22,H25) -> 95 | I28: =SUM(I19,I22,I25) -> 99 | J28: =SUM(J19,J22,J25) -> 96 | K28: =SUM(K19,K22,K25) -> 111 | L28: =SUM(L19,L22,L25) -> 84 | ... AH28: =SUM(AH19,AH22,AH25) -> 117 | AI28: =SUM(E28:AH28) -> 2871
D29: PR | E29: =SUM(E20,E23,E26) -> 98 | F29: =SUM(F20,F23,F26) -> 62 | G29: =SUM(G20,G23,G26) -> 113 | H29: =SUM(H20,H23,H26) -> 108 | I29: =SUM(I20,I23,I26) -> 111 | J29: =SUM(J20,J23,J26) -> 109 | K29: =SUM(K20,K23,K26) -> 124 | L29: =SUM(L20,L23,L26) -> 114 | ... AH29: =SUM(AH20,AH23,AH26) -> 121 | AI29: =SUM(E29:AH29) -> 3266
D30: JML | E30: =SUM(E28:E29) -> 182 | F30: =SUM(F28:F29) -> 127 | G30: =SUM(G28:G29) -> 209 | H30: =SUM(H28:H29) -> 203 | I30: =SUM(I28:I29) -> 210 | J30: =SUM(J28:J29) -> 205 | K30: =SUM(K28:K29) -> 235 | L30: =SUM(L28:L29) -> 198 | ... AH30: =SUM(AH28:AH29) -> 238 | AI30: =SUM(E30:AH30) -> 6137
A32: II | B32: DATA PENGGUNAAN SURAT SUARA
A33: 1 | B33: Jumlah surat suara yang diterima, termasuk surat suara cadangan 2% dari DPT | E33: 260 | F33: 186 | G33: 314 | H33: 290 | I33: 284 | J33: 281 | K33: 302 | L33: 295 | M33: 281 | N33: 282 | O33: 231 | P33: 280 | Q33: 272 | R33: 282 | S33: 297 | T33: 275 | U33: 288 | V33: 287 | W33: 265 | X33: 280 | Y33: 296 | Z33: 297 | AA33: 296 | AB33: 296 | AC33: 294 | AD33: 296 | AE33: 296 | AF33: 294 | AG33: 295 | AH33: 296 | AI33: =SUM(E33:AH33) -> 8488
A34: 2 | B34: Jumlah surat suara yang digunakan | E34: 182 | F34: 127 | G34: 209 | H34: 203 | I34: 210 | J34: 205 | K34: 235 | L34: 198 | M34: 198 | N34: 201 | O34: 177 | P34: 198 | Q34: 219 | R34: 203 | S34: 226 | T34: 189 | U34: 209 | V34: 216 | W34: 186 | X34: 202 | Y34: 190 | Z34: 212 | AA34: 206 | AB34: 222 | AC34: 187 | AD34: 220 | AE34: 243 | AF34: 207 | AG34: 219 | AH34: 238 | AI34: =SUM(E34:AH34) -> 6137
A35: 3 | B35: Jumlah surat suara dikembalikan oleh pemilih (karena rusak atau keliru coblos) | E35: 0 | F35: 0 | G35: 0 | H35: 0 | I35: 1 | J35: 1 | K35: 2 | L35: 0 | M35: 0 | N35: 0 | O35: 1 | P35: 0 | Q35: 0 | R35: 0 | S35: 0 | T35: 0 | U35: 0 | V35: 0 | W35: 0 | X35: 3 | Y35: 0 | Z35: 0 | AA35: 1 | AB35: 0 | AC35: 0 | AD35: 0 | AE35: 0 | AF35: 0 | AG35: 0 | AH35: 0 | AI35: =SUM(E35:AH35) -> 9
A36: 4 | B36: Jumlah surat suara yang tidak digunakan/tidak terpakai, termasuk sisa surat suara cadangan | E36: =E33-(E34+E35) -> 78 | F36: =F33-(F34+F35) -> 59 | G36: =G33-(G34+G35) -> 105 | H36: =H33-(H34+H35) -> 87 | I36: =I33-(I34+I35) -> 73 | J36: =J33-(J34+J35) -> 75 | K36: =K33-(K34+K35) -> 65 | L36: =L33-(L34+L35) -> 97 | ... AH36: =AH33-(AH34+AH35) -> 58 | AI36: =SUM(E36:AH36) -> 2342
A38: III | B38: DATA PEMILIH DISABILITAS
B39: Jumlah seluruh Pemilih disabilitas yang menggunakan hak pilih | D39: LK | G39: 1 | J39: 1 | L39: 1 | O39: 1 | Q39: 1 | W39: 1 | AG39: 1 | AI39: =SUM(E39:AH39) -> 7
D40: PR | E40: 1 | F40: 2 | G40: 3 | H40: 1 | L40: 1 | Y40: 2 | AI40: =SUM(E40:AH40) -> 10
D41: JML | E41: =SUM(E39:E40) -> 1 | F41: =SUM(F39:F40) -> 2 | G41: =SUM(G39:G40) -> 4 | H41: =SUM(H39:H40) -> 1 | I41: =SUM(I39:I40) -> 0 | J41: =SUM(J39:J40) -> 1 | K41: =SUM(K39:K40) -> 0 | L41: =SUM(L39:L40) -> 2 | ... AH41: =SUM(AH39:AH40) -> 0 | AI41: =SUM(E41:AH41) -> 17
A43: IV | B43: DATA RINCIAN PEROLEHAN SUARA PASANGAN CALON BUPATI DAN WAKIL BUPATI
A44: NOMOR DAN NAMA CALON
B45: 1. | C45: AA. AHMAD NAWARDI | E45: 16 | F45: 4 | G45: 6 | H45: 12 | I45: 14 | J45: 11 | K45: 13 | L45: 6 | M45: 7 | N45: 6 | O45: 9 | P45: 7 | Q45: 16 | R45: 9 | S45: 27 | T45: 14 | U45: 9 | V45: 11 | W45: 5 | X45: 9 | Y45: 9 | Z45: 11 | AA45: 12 | AB45: 9 | AC45: 13 | AD45: 4 | AE45: 9 | AF45: 12 | AG45: 8 | AH45: 6 | AI45: =SUM(E45:AH45) -> 304
B46: 2. | C46: Ir. H. AA LA NYALLA MAHMUD MATTALITI, M.HP. | E46: 20 | F46: 14 | G46: 30 | H46: 25 | I46: 34 | J46: 33 | K46: 32 | L46: 22 | M46: 24 | N46: 20 | O46: 25 | P46: 24 | Q46: 29 | R46: 21 | S46: 26 | T46: 27 | U46: 38 | V46: 36 | W46: 27 | X46: 37 | Y46: 31 | Z46: 32 | AA46: 27 | AB46: 31 | AC46: 22 | AD46: 21 | AE46: 32 | AF46: 19 | AG46: 26 | AH46: 42 | AI46: =SUM(E46:AH46) -> 827
B47: 3. | C47: ABDUL QADIR AMIR HARTONO, S.E., S.H., M.H. | E47: 10 | F47: 9 | G47: 13 | H47: 8 | I47: 13 | J47: 10 | K47: 13 | L47: 3 | M47: 11 | N47: 10 | O47: 14 | P47: 11 | Q47: 15 | R47: 18 | S47: 11 | T47: 8 | U47: 13 | V47: 17 | W47: 13 | X47: 16 | Y47: 10 | Z47: 16 | AA47: 13 | AB47: 14 | AC47: 13 | AD47: 9 | AE47: 11 | AF47: 12 | AG47: 11 | AH47: 13 | AI47: =SUM(E47:AH47) -> 358
B48: 4. | C48: ADILLA AZIS, S.E. | E48: 18 | F48: 6 | G48: 13 | H48: 26 | I48: 13 | J48: 20 | K48: 19 | L48: 6 | M48: 16 | N48: 21 | O48: 19 | P48: 19 | Q48: 18 | R48: 26 | S48: 17 | T48: 14 | U48: 10 | V48: 13 | W48: 8 | X48: 11 | Y48: 9 | Z48: 14 | AA48: 17 | AB48: 17 | AC48: 16 | AD48: 16 | AE48: 34 | AF48: 32 | AG48: 18 | AH48: 16 | AI48: =SUM(E48:AH48) -> 502
B49: 5. | C49: Ir. H. AGUS RAHARDJO, MSc.M. | E49: 10 | F49: 15 | G49: 27 | H49: 20 | I49: 27 | J49: 23 | K49: 22 | L49: 82 | M49: 18 | N49: 13 | O49: 18 | P49: 15 | Q49: 28 | R49: 23 | S49: 27 | T49: 23 | U49: 25 | V49: 20 | W49: 17 | X49: 21 | Y49: 18 | Z49: 12 | AA49: 22 | AB49: 35 | AC49: 18 | AD49: 30 | AE49: 35 | AF49: 41 | AG49: 35 | AH49: 28 | AI49: =SUM(E49:AH49) -> 748
B50: 6. | C50: Drs. AYUB KHAN | E50: 13 | F50: 5 | G50: 13 | H50: 12 | I50: 7 | J50: 15 | K50: 12 | L50: 5 | M50: 16 | N50: 15 | O50: 12 | P50: 19 | Q50: 7 | R50: 12 | S50: 19 | T50: 11 | U50: 9 | V50: 15 | W50: 10 | X50: 11 | Y50: 9 | Z50: 6 | AA50: 11 | AB50: 10 | AC50: 5 | AD50: 17 | AE50: 19 | AF50: 9 | AG50: 5 | AH50: 11 | AI50: =SUM(E50:AH50) -> 340
B51: 7. | C51: BAMBANG HARIANTO | E51: 1 | F51: 1 | G51: 1 | H51: 4 | I51: 6 | J51: 3 | K51: 4 | L51: 5 | M51: 5 | N51: 1 | O51: 0 | P51: 2 | Q51: 4 | R51: 1 | S51: 1 | T51: 1 | U51: 3 | V51: 3 | W51: 3 | X51: 6 | Y51: 2 | Z51: 2 | AA51: 3 | AB51: 2 | AC51: 3 | AD51: 3 | AE51: 1 | AF51: 5 | AG51: 0 | AH51: 1 | AI51: =SUM(E51:AH51) -> 77
B52: 8. | C52: CATUR RUDI UTANTO, S.Sos. | E52: 4 | F52: 2 | G52: 1 | H52: 10 | I52: 3 | J52: 3 | K52: 4 | L52: 3 | M52: 4 | N52: 7 | O52: 2 | P52: 2 | Q52: 5 | R52: 5 | S52: 1 | T52: 4 | U52: 4 | V52: 2 | W52: 6 | X52: 7 | Y52: 5 | Z52: 3 | AA52: 8 | AB52: 1 | AC52: 0 | AD52: 3 | AE52: 2 | AF52: 2 | AG52: 3 | AH52: 6 | AI52: =SUM(E52:AH52) -> 112
B53: 9. | C53: DODDY DWI NUGROHO | E53: 1 | F53: 0 | G53: 1 | H53: 0 | I53: 0 | J53: 1 | K53: 2 | L53: 1 | M53: 0 | N53: 1 | O53: 0 | P53: 1 | Q53: 3 | R53: 1 | S53: 4 | T53: 3 | U53: 0 | V53: 3 | W53: 4 | X53: 7 | Y53: 1 | Z53: 1 | AA53: 1 | AB53: 0 | AC53: 4 | AD53: 1 | AE53: 0 | AF53: 0 | AG53: 1 | AH53: 1 | AI53: =SUM(E53:AH53) -> 43
B54: 10. | C54: KONDANG KUSUMANING AYU | E54: 22 | F54: 15 | G54: 29 | H54: 21 | I54: 26 | J54: 24 | K54: 25 | L54: 17 | M54: 29 | N54: 20 | O54: 21 | P54: 28 | Q54: 13 | R54: 19 | S54: 24 | T54: 29 | U54: 24 | V54: 27 | W54: 29 | X54: 23 | Y54: 28 | Z54: 20 | AA54: 24 | AB54: 30 | AC54: 29 | AD54: 32 | AE54: 20 | AF54: 15 | AG54: 23 | AH54: 30 | AI54: =SUM(E54:AH54) -> 716
B55: 11. | C55: KUNJUNG WAHYUDI | E55: 1 | F55: 5 | G55: 1 | H55: 3 | I55: 2 | J55: 0 | K55: 2 | L55: 1 | M55: 1 | N55: 2 | O55: 5 | P55: 0 | Q55: 2 | R55: 2 | S55: 0 | T55: 2 | U55: 3 | V55: 3 | W55: 4 | X55: 1 | Y55: 4 | Z55: 4 | AA55: 3 | AB55: 2 | AC55: 1 | AD55: 2 | AE55: 4 | AF55: 0 | AG55: 2 | AH55: 3 | AI55: =SUM(E55:AH55) -> 65
B56: 12. | C56: Dr. LIA ISTIFHAMA | E56: 12 | F56: 9 | G56: 15 | H56: 22 | I56: 16 | J56: 23 | K56: 29 | L56: 11 | M56: 22 | N56: 24 | O56: 19 | P56: 19 | Q56: 21 | R56: 23 | S56: 23 | T56: 26 | U56: 27 | V56: 21 | W56: 23 | X56: 18 | Y56: 16 | Z56: 22 | AA56: 17 | AB56: 28 | AC56: 19 | AD56: 24 | AE56: 19 | AF56: 16 | AG56: 24 | AH56: 25 | AI56: =SUM(E56:AH56) -> 613
B57: 13. | C57: MOHAMMAD TRIJANTO, S.H., M.M., M.H. | E57: 2 | F57: 2 | G57: 7 | H57: 3 | I57: 2 | J57: 5 | K57: 1 | L57: 2 | M57: 6 | N57: 1 | O57: 1 | P57: 6 | Q57: 3 | R57: 3 | S57: 2 | T57: 2 | U57: 5 | V57: 0 | W57: 5 | X57: 0 | Y57: 2 | Z57: 5 | AA57: 1 | AB57: 4 | AC57: 1 | AD57: 5 | AE57: 4 | AF57: 1 | AG57: 2 | AH57: 0 | AI57: =SUM(E57:AH57) -> 83
A59: V | B59: DATA SUARA SAH DAN TIDAK SAH
B60: A. | C60: JUMLAH SELURUH SUARA SAH | E60: =SUM(E45:E57) -> 130 | F60: =SUM(F45:F57) -> 87 | G60: =SUM(G45:G57) -> 157 | H60: =SUM(H45:H57) -> 166 | I60: =SUM(I45:I57) -> 163 | J60: =SUM(J45:J57) -> 171 | K60: =SUM(K45:K57) -> 178 | L60: =SUM(L45:L57) -> 164 | ... AH60: =SUM(AH45:AH57) -> 182 | AI60: =SUM(E60:AH60) -> 4788
B61: B. | C61: JUMLAH SUARA TIDAK SAH | E61: 52 | F61: 40 | G61: 52 | H61: 37 | I61: 47 | J61: 34 | K61: 57 | L61: 34 | M61: 39 | N61: 60 | O61: 32 | P61: 45 | Q61: 55 | R61: 40 | S61: 44 | T61: 25 | U61: 39 | V61: 45 | W61: 32 | X61: 35 | Y61: 46 | Z61: 64 | AA61: 47 | AB61: 39 | AC61: 43 | AD61: 53 | AE61: 53 | AF61: 43 | AG61: 61 | AH61: 56 | AI61: =SUM(E61:AH61) -> 1349
B62: C. | C62: JUMLAH SELURUH SUARA SAH DAN SUARA TIDAK SAH (V.A + V.B) | E62: =SUM(E60:E61) -> 182 | F62: =SUM(F60:F61) -> 127 | G62: =SUM(G60:G61) -> 209 | H62: =SUM(H60:H61) -> 203 | I62: =SUM(I60:I61) -> 210 | J62: =SUM(J60:J61) -> 205 | K62: =SUM(K60:K61) -> 235 | L62: =SUM(L60:L61) -> 198 | ... AH62: =SUM(AH60:AH61) -> 238 | AI62: =SUM(E62:AH62) -> 6137

Sheet KEPATIHAN
C2: Kecamatan | D2: BANYUWANGI
C3: Kabupaten | D3: BANYUWANGI
C4: Provinsi | D4: JAWA TIMUR
C9: Kelurahan | D9: KEPATIHAN
A12: I | B12: DATA PEMILIH DAN PENGGUNAAN HAK PILIH | S12: JUMLAH AKHIR
A13: A | B13: DATA PEMILIH | E13: TPS 001 | F13: TPS 002 | G13: TPS 003 | H13: TPS 004 | I13: TPS 005 | J13: TPS 006 | K13: TPS 007 | L13: TPS 008 | M13: TPS 009 | N13: TPS 010 | O13: TPS 011 | P13: TPS 012 | Q13: TPS 013 | R13: TPS 014
B14: Jumlah Pemilih dalam Daftar Pemilih Tetap (DPT) | D14: LK | E14: 99 | F14: 85 | G14: 115 | H14: 126 | I14: 128 | J14: 122 | K14: 134 | L14: 141 | M14: 129 | N14: 99 | O14: 72 | P14: 132 | Q14: 136 | R14: 131 | S14: =SUM(E14:R14) -> 1649
D15: PR | E15: 104 | F15: 87 | G15: 106 | H15: 148 | I15: 147 | J15: 148 | K15: 162 | L15: 152 | M15: 122 | N15: 106 | O15: 75 | P15: 131 | Q15: 141 | R15: 140 | S15: =SUM(E15:R15) -> 1769
D16: JML | E16: =SUM(E14:E15) -> 203 | F16: =SUM(F14:F15) -> 172 | G16: =SUM(G14:G15) -> 221 | H16: =SUM(H14:H15) -> 274 | I16: =SUM(I14:I15) -> 275 | J16: =SUM(J14:J15) -> 270 | K16: =SUM(K14:K15) -> 296 | L16: =SUM(L14:L15) -> 293 | ... R16: =SUM(R14:R15) -> 271 | S16: =SUM(E16:R16) -> 3418
A18: B | B18: PENGGUNA HAK PILIH
B19: 1. | C19: Jumlah pengguna hak pilih dalam Daftar Pemilih Tetap (DPT) | D19: LK | E19: 69 | F19: 61 | G19: 73 | H19: 116 | I19: 84 | J19: 111 | K19: 90 | L19: 105 | M19: 78 | N19: 64 | O19: 51 | P19: 91 | Q19: 96 | R19: 90 | S19: =SUM(E19:R19) -> 1179
D20: PR | E20: 81 | F20: 66 | G20: 82 | H20: 95 | I20: 114 | J20: 85 | K20: 126 | L20: 117 | M20: 88 | N20: 76 | O20: 54 | P20: 103 | Q20: 117 | R20: 100 | S20: =SUM(E20:R20) -> 1304
D21: JML | E21: =SUM(E19:E20) -> 150 | F21: =SUM(F19:F20) -> 127 | G21: =SUM(G19:G20) -> 155 | H21: =SUM(H19:H20) -> 211 | I21: =SUM(I19:I20) -> 198 | J21: =SUM(J19:J20) -> 196 | K21: =SUM(K19:K20) -> 216 | L21: =SUM(L19:L20) -> 222 | ... R21: =SUM(R19:R20) -> 190 | S21: =SUM(E21:R21) -> 2483
B22: 2. | C22: Jumlah pengguna hak pilih dalam Daftar Pemilih Tambahan (DPTb) | D22: LK | E22: 0 | F22: 0 | G22: 0 | H22: 1 | I22: 1 | J22: 1 | K22: 0 | L22: 0 | M22: 0 | N22: 0 | O22: 0 | P22: 1 | Q22: 0 | R22: 0 | S22: =SUM(E22:R22) -> 4
D23: PR | E23: 0 | F23: 0 | G23: 0 | H23: 1 | I23: 1 | J23: 1 | K23: 0 | L23: 0 | M23: 0 | N23: 0 | O23: 0 | P23: 0 | Q23: 0 | R23: 0 | S23: =SUM(E23:R23) -> 3
D24: JML | E24: =SUM(E22:E23) -> 0 | F24: =SUM(F22:F23) -> 0 | G24: =SUM(G22:G23) -> 0 | H24: =SUM(H22:H23) -> 2 | I24: =SUM(I22:I23) -> 2 | J24: =SUM(J22:J23) -> 2 | K24: =SUM(K22:K23) -> 0 | L24: =SUM(L22:L23) -> 0 | ... R24: =SUM(R22:R23) -> 0 | S24: =SUM(E24:R24) -> 7
B25: 3. | C25: Jumlah pengguna hak pilih dalam Daftar Pemilih Khusus (DPK) | D25: LK | E25: 0 | F25: 4 | G25: 3 | H25: 0 | I25: 0 | J25: 0 | K25: 3 | L25: 4 | M25: 0 | N25: 2 | O25: 1 | P25: 2 | Q25: 0 | R25: 0 | S25: =SUM(E25:R25) -> 19
D26: PR | E26: 1 | F26: 2 | G26: 3 | H26: 0 | I26: 0 | J26: 1 | K26: 3 | L26: 3 | M26: 0 | N26: 6 | O26: 0 | P26: 1 | Q26: 0 | R26: 1 | S26: =SUM(E26:R26) -> 21
D27: JML | E27: =SUM(E25:E26) -> 1 | F27: =SUM(F25:F26) -> 6 | G27: =SUM(G25:G26) -> 6 | H27: =SUM(H25:H26) -> 0 | I27: =SUM(I25:I26) -> 0 | J27: =SUM(J25:J26) -> 1 | K27: =SUM(K25:K26) -> 6 | L27: =SUM(L25:L26) -> 7 | ... R27: =SUM(R25:R26) -> 1 | S27: =SUM(E27:R27) -> 40
B28: 4. | C28: Jumlah Pengguna Hak Pilih (B.1+B.2+B.3) | D28: LK | E28: =SUM(E19,E22,E25) -> 69 | F28: =SUM(F19,F22,F25) -> 65 | G28: =SUM(G19,G22,G25) -> 76 | H28: =SUM(H19,H22,H25) -> 117 | I28: =SUM(I19,I22,I25) -> 85 | J28: =SUM(J19,J22,J25) -> 112 | K28: =SUM(K19,K22,K25) -> 93 | L28: =SUM(L19,L22,L25) -> 109 | ... R28: =SUM(R19,R22,R25) -> 90 | S28: =SUM(E28:R28) -> 1202
D29: PR | E29: =SUM(E20,E23,E26) -> 82 | F29: =SUM(F20,F23,F26) -> 68 | G29: =SUM(G20,G23,G26) -> 85 | H29: =SUM(H20,H23,H26) -> 96 | I29: =SUM(I20,I23,I26) -> 115 | J29: =SUM(J20,J23,J26) -> 87 | K29: =SUM(K20,K23,K26) -> 129 | L29: =SUM(L20,L23,L26) -> 120 | ... R29: =SUM(R20,R23,R26) -> 101 | S29: =SUM(E29:R29) -> 1328
D30: JML | E30: =SUM(E28:E29) -> 151 | F30: =SUM(F28:F29) -> 133 | G30: =SUM(G28:G29) -> 161 | H30: =SUM(H28:H29) -> 213 | I30: =SUM(I28:I29) -> 200 | J30: =SUM(J28:J29) -> 199 | K30: =SUM(K28:K29) -> 222 | L30: =SUM(L28:L29) -> 229 | ... R30: =SUM(R28:R29) -> 191 | S30: =SUM(E30:R30) -> 2530
A32: II | B32: DATA PENGGUNAAN SURAT SUARA
A33: 1 | B33: Jumlah surat suara yang diterima, termasuk surat suara cadangan 2% dari DPT | E33: 208 | F33: 176 | G33: 226 | H33: 280 | I33: 281 | J33: 276 | K33: 302 | L33: 299 | M33: 258 | N33: 209 | O33: 150 | P33: 269 | Q33: 283 | R33: 277 | S33: =SUM(E33:R33) -> 3494
A34: 2 | B34: Jumlah surat suara yang digunakan | E34: 151 | F34: 133 | G34: 161 | H34: 213 | I34: 200 | J34: 199 | K34: 222 | L34: 229 | M34: 166 | N34: 148 | O34: 106 | P34: 198 | Q34: 213 | R34: 191 | S34: =SUM(E34:R34) -> 2530
A35: 3 | B35: Jumlah surat suara dikembalikan oleh pemilih (karena rusak atau keliru coblos) | E35: 0 | F35: 0 | G35: 0 | H35: 1 | I35: 0 | J35: 1 | K35: 0 | L35: 0 | M35: 0 | N35: 1 | O35: 0 | P35: 0 | Q35: 0 | R35: 0 | S35: =SUM(E35:R35) -> 3
A36: 4 | B36: Jumlah surat suara yang tidak digunakan/tidak terpakai, termasuk sisa surat suara cadangan | E36: =E33-(E34+E35) -> 57 | F36: =F33-(F34+F35) -> 43 | G36: =G33-(G34+G35) -> 65 | H36: =H33-(H34+H35) -> 66 | I36: =I33-(I34+I35) -> 81 | J36: =J33-(J34+J35) -> 76 | K36: =K33-(K34+K35) -> 80 | L36: =L33-(L34+L35) -> 70 | ... R36: =R33-(R34+R35) -> 86 | S36: =SUM(E36:R36) -> 961
A38: III | B38: DATA PEMILIH DISABILITAS
B39: Jumlah seluruh Pemilih disabilitas yang menggunakan hak pilih | D39: LK | K39: 2 | N39: 1 | S39: =SUM(E39:R39) -> 3
D40: PR | G40: 1 | S40: =SUM(E40:R40) -> 1
D41: JML | E41: =SUM(E39:E40) -> 0 | F41: =SUM(F39:F40) -> 0 | G41: =SUM(G39:G40) -> 1 | H41: =SUM(H39:H40) -> 0 | I41: =SUM(I39:I40) -> 0 | J41: =SUM(J39:J40) -> 0 | K41: =SUM(K39:K40) -> 2 | L41: =SUM(L39:L40) -> 0 | ... R41: =SUM(R39:R40) -> 0 | S41: =SUM(E41:R41) -> 4
A43: IV | B43: DATA RINCIAN PEROLEHAN SUARA PASANGAN CALON BUPATI DAN WAKIL BUPATI
A44: NOMOR DAN NAMA CALON
B45: 1. | C45: AA. AHMAD NAWARDI | E45: 2 | F45: 2 | G45: 3 | H45: 14 | I45: 10 | J45: 7 | K45: 11 | L45: 18 | M45: 10 | N45: 11 | O45: 7 | P45: 4 | Q45: 9 | R45: 13 | S45: =SUM(E45:R45) -> 121
B46: 2. | C46: Ir. H. AA LA NYALLA MAHMUD MATTALITI, M.HP. | E46: 31 | F46: 25 | G46: 39 | H46: 28 | I46: 26 | J46: 26 | K46: 35 | L46: 31 | M46: 27 | N46: 27 | O46: 13 | P46: 35 | Q46: 27 | R46: 24 | S46: =SUM(E46:R46) -> 394
B47: 3. | C47: ABDUL QADIR AMIR HARTONO, S.E., S.H., M.H. | E47: 5 | F47: 9 | G47: 7 | H47: 10 | I47: 14 | J47: 5 | K47: 14 | L47: 13 | M47: 11 | N47: 9 | O47: 4 | P47: 6 | Q47: 13 | R47: 13 | S47: =SUM(E47:R47) -> 133
B48: 4. | C48: ADILLA AZIS, S.E. | E48: 18 | F48: 11 | G48: 17 | H48: 9 | I48: 16 | J48: 15 | K48: 17 | L48: 21 | M48: 14 | N48: 22 | O48: 8 | P48: 17 | Q48: 22 | R48: 16 | S48: =SUM(E48:R48) -> 223
B49: 5. | C49: Ir. H. AGUS RAHARDJO, MSc.M. | E49: 15 | F49: 21 | G49: 13 | H49: 19 | I49: 21 | J49: 23 | K49: 23 | L49: 17 | M49: 14 | N49: 10 | O49: 9 | P49: 18 | Q49: 21 | R49: 16 | S49: =SUM(E49:R49) -> 240
B50: 6. | C50: Drs. AYUB KHAN | E50: 10 | F50: 17 | G50: 9 | H50: 13 | I50: 15 | J50: 10 | K50: 9 | L50: 16 | M50: 7 | N50: 3 | O50: 6 | P50: 6 | Q50: 10 | R50: 9 | S50: =SUM(E50:R50) -> 140
B51: 7. | C51: BAMBANG HARIANTO | E51: 1 | F51: 0 | G51: 3 | H51: 2 | I51: 0 | J51: 4 | K51: 4 | L51: 1 | M51: 6 | N51: 2 | O51: 2 | P51: 2 | Q51: 2 | R51: 5 | S51: =SUM(E51:R51) -> 34
B52: 8. | C52: CATUR RUDI UTANTO, S.Sos. | E52: 1 | F52: 0 | G52: 3 | H52: 5 | I52: 3 | J52: 3 | K52: 2 | L52: 1 | M52: 4 | N52: 3 | O52: 1 | P52: 6 | Q52: 3 | R52: 2 | S52: =SUM(E52:R52) -> 37
B53: 9. | C53: DODDY DWI NUGROHO | E53: 2 | F53: 0 | G53: 3 | H53: 3 | I53: 1 | J53: 2 | K53: 4 | L53: 2 | M53: 2 | N53: 1 | O53: 1 | P53: 0 | Q53: 1 | R53: 1 | S53: =SUM(E53:R53) -> 23
B54: 10. | C54: KONDANG KUSUMANING AYU | E54: 21 | F54: 13 | G54: 13 | H54: 23 | I54: 26 | J54: 34 | K54: 33 | L54: 27 | M54: 19 | N54: 13 | O54: 10 | P54: 32 | Q54: 20 | R54: 17 | S54: =SUM(E54:R54) -> 301
B55: 11. | C55: KUNJUNG WAHYUDI | E55: 1 | F55: 1 | G55: 0 | H55: 1 | I55: 3 | J55: 0 | K55: 2 | L55: 1 | M55: 1 | N55: 1 | O55: 1 | P55: 3 | Q55: 1 | R55: 1 | S55: =SUM(E55:R55) -> 17
B56: 12. | C56: Dr. LIA ISTIFHAMA | E56: 14 | F56: 13 | G56: 14 | H56: 25 | I56: 23 | J56: 16 | K56: 9 | L56: 21 | M56: 8 | N56: 6 | O56: 7 | P56: 25 | Q56: 14 | R56: 14 | S56: =SUM(E56:R56) -> 209
B57: 13. | C57: MOHAMMAD TRIJANTO, S.H., M.M., M.H. | E57: 1 | F57: 1 | G57: 4 | H57: 2 | I57: 2 | J57: 3 | K57: 5 | L57: 9 | M57: 3 | N57: 4 | O57: 2 | P57: 2 | Q57: 4 | R57: 4 | S57: =SUM(E57:R57) -> 46
A59: V | B59: DATA SUARA SAH DAN TIDAK SAH
B60: A. | C60: JUMLAH SELURUH SUARA SAH | E60: =SUM(E45:E57) -> 122 | F60: =SUM(F45:F57) -> 113 | G60: =SUM(G45:G57) -> 128 | H60: =SUM(H45:H57) -> 154 | I60: =SUM(I45:I57) -> 160 | J60: =SUM(J45:J57) -> 148 | K60: =SUM(K45:K57) -> 168 | L60: =SUM(L45:L57) -> 178 | ... R60: =SUM(R45:R57) -> 135 | S60: =SUM(E60:R60) -> 1918
B61: B. | C61: JUMLAH SUARA TIDAK SAH | E61: 29 | F61: 20 | G61: 33 | H61: 59 | I61: 40 | J61: 51 | K61: 54 | L61: 51 | M61: 40 | N61: 36 | O61: 35 | P61: 42 | Q61: 66 | R61: 56 | S61: =SUM(E61:R61) -> 612
B62: C. | C62: JUMLAH SELURUH SUARA SAH DAN SUARA TIDAK SAH (V.A + V.B) | E62: =SUM(E60:E61) -> 151 | F62: =SUM(F60:F61) -> 133 | G62: =SUM(G60:G61) -> 161 | H62: =SUM(H60:H61) -> 213 | I62: =SUM(I60:I61) -> 200 | J62: =SUM(J60:J61) -> 199 | K62: =SUM(K60:K61) -> 222 | L62: =SUM(L60:L61) -> 229 | ... R62: =SUM(R60:R61) -> 191 | S62: =SUM(E62:R62) -> 2530

Sheet PANDEREJO
C2: Kecamatan | D2: BANYUWANGI
C3: Kabupaten | D3: BANYUWANGI
C4: Provinsi | D4: JAWA TIMUR
C9: Kelurahan | D9: PANDEREJO
A12: I | B12: DATA PEMILIH DAN PENGGUNAAN HAK PILIH | R12: JUMLAH AKHIR
A13: A | B13: DATA PEMILIH | E13: TPS 001 | F13: TPS 002 | G13: TPS 003 | H13: TPS 004 | I13: TPS 005 | J13: TPS 006 | K13: TPS 007 | L13: TPS 008 | M13: TPS 009 | N13: TPS 010 | O13: TPS 011 | P13: TPS 012 | Q13: TPS 013
B14: Jumlah Pemilih dalam Daftar Pemilih Tetap (DPT) | D14: LK | E14: 141 | F14: 119 | G14: 124 | H14: 130 | I14: 134 | J14: 137 | K14: 100 | L14: 114 | M14: 134 | N14: 120 | O14: 81 | P14: 92 | Q14: 78 | R14: =SUM(E14:Q14) -> 1504
D15: PR | E15: 149 | F15: 116 | G15: 143 | H15: 157 | I15: 129 | J15: 138 | K15: 107 | L15: 125 | M15: 144 | N15: 126 | O15: 87 | P15: 105 | Q15: 84 | R15: =SUM(E15:Q15) -> 1610
D16: JML | E16: =SUM(E14:E15) -> 290 | F16: =SUM(F14:F15) -> 235 | G16: =SUM(G14:G15) -> 267 | H16: =SUM(H14:H15) -> 287 | I16: =SUM(I14:I15) -> 263 | J16: =SUM(J14:J15) -> 275 | K16: =SUM(K14:K15) -> 207 | L16: =SUM(L14:L15) -> 239 | ... Q16: =SUM(Q14:Q15) -> 162 | R16: =SUM(E16:Q16) -> 3114
A18: B | B18: PENGGUNA HAK PILIH
B19: 1. | C19: Jumlah pengguna hak pilih dalam Daftar Pemilih Tetap (DPT) | D19: LK | E19: 93 | F19: 95 | G19: 83 | H19: 91 | I19: 103 | J19: 90 | K19: 62 | L19: 95 | M19: 100 | N19: 96 | O19: 59 | P19: 74 | Q19: 58 | R19: =SUM(E19:Q19) -> 1099
D20: PR | E20: 109 | F20: 94 | G20: 106 | H20: 111 | I20: 104 | J20: 112 | K20: 80 | L20: 105 | M20: 108 | N20: 107 | O20: 75 | P20: 84 | Q20: 60 | R20: =SUM(E20:Q20) -> 1255
D21: JML | E21: =SUM(E19:E20) -> 202 | F21: =SUM(F19:F20) -> 189 | G21: =SUM(G19:G20) -> 189 | H21: =SUM(H19:H20) -> 202 | I21: =SUM(I19:I20) -> 207 | J21: =SUM(J19:J20) -> 202 | K21: =SUM(K19:K20) -> 142 | L21: =SUM(L19:L20) -> 200 | ... Q21: =SUM(Q19:Q20) -> 118 | R21: =SUM(E21:Q21) -> 2354
B22: 2. | C22: Jumlah pengguna hak pilih dalam Daftar Pemilih Tambahan (DPTb) | D22: LK | E22: 0 | F22: 0 | G22: 0 | H22: 0 | I22: 2 | J22: 0 | K22: 0 | L22: 0 | M22: 0 | N22: 1 | O22: 1 | P22: 0 | Q22: 0 | R22: =SUM(E22:Q22) -> 4
D23: PR | E23: 0 | F23: 2 | G23: 0 | H23: 0 | I23: 3 | J23: 0 | K23: 0 | L23: 0 | M23: 2 | N23: 0 | O23: 1 | P23: 0 | Q23: 0 | R23: =SUM(E23:Q23) -> 8
D24: JML | E24: =SUM(E22:E23) -> 0 | F24: =SUM(F22:F23) -> 2 | G24: =SUM(G22:G23) -> 0 | H24: =SUM(H22:H23) -> 0 | I24: =SUM(I22:I23) -> 5 | J24: =SUM(J22:J23) -> 0 | K24: =SUM(K22:K23) -> 0 | L24: =SUM(L22:L23) -> 0 | ... Q24: =SUM(Q22:Q23) -> 0 | R24: =SUM(E24:Q24) -> 12
B25: 3. | C25: Jumlah pengguna hak pilih dalam Daftar Pemilih Khusus (DPK) | D25: LK | E25: 1 | F25: 1 | G25: 0 | H25: 2 | I25: 0 | J25: 1 | K25: 2 | L25: 0 | M25: 3 | N25: 3 | O25: 0 | P25: 0 | Q25: 3 | R25: =SUM(E25:Q25) -> 16
D26: PR | E26: 2 | F26: 0 | G26: 0 | H26: 1 | I26: 0 | J26: 1 | K26: 0 | L26: 1 | M26: 4 | N26: 1 | O26: 3 | P26: 0 | Q26: 3 | R26: =SUM(E26:Q26) -> 16
D27: JML | E27: =SUM(E25:E26) -> 3 | F27: =SUM(F25:F26) -> 1 | G27: =SUM(G25:G26) -> 0 | H27: =SUM(H25:H26) -> 3 | I27: =SUM(I25:I26) -> 0 | J27: =SUM(J25:J26) -> 2 | K27: =SUM(K25:K26) -> 2 | L27: =SUM(L25:L26) -> 1 | ... Q27: =SUM(Q25:Q26) -> 6 | R27: =SUM(E27:Q27) -> 32
B28: 4. | C28: Jumlah Pengguna Hak Pilih (B.1+B.2+B.3) | D28: LK | E28: =SUM(E19,E22,E25) -> 94 | F28: =SUM(F19,F22,F25) -> 96 | G28: =SUM(G19,G22,G25) -> 83 | H28: =SUM(H19,H22,H25) -> 93 | I28: =SUM(I19,I22,I25) -> 105 | J28: =SUM(J19,J22,J25) -> 91 | K28: =SUM(K19,K22,K25) -> 64 | L28: =SUM(L19,L22,L25) -> 95 | ... Q28: =SUM(Q19,Q22,Q25) -> 61 | R28: =SUM(E28:Q28) -> 1119
D29: PR | E29: =SUM(E20,E23,E26) -> 111 | F29: =SUM(F20,F23,F26) -> 96 | G29: =SUM(G20,G23,G26) -> 106 | H29: =SUM(H20,H23,H26) -> 112 | I29: =SUM(I20,I23,I26) -> 107 | J29: =SUM(J20,J23,J26) -> 113 | K29: =SUM(K20,K23,K26) -> 80 | L29: =SUM(L20,L23,L26) -> 106 | ... Q29: =SUM(Q20,Q23,Q26) -> 63 | R29: =SUM(E29:Q29) -> 1279
D30: JML | E30: =SUM(E28:E29) -> 205 | F30: =SUM(F28:F29) -> 192 | G30: =SUM(G28:G29) -> 189 | H30: =SUM(H28:H29) -> 205 | I30: =SUM(I28:I29) -> 212 | J30: =SUM(J28:J29) -> 204 | K30: =SUM(K28:K29) -> 144 | L30: =SUM(L28:L29) -> 201 | ... Q30: =SUM(Q28:Q29) -> 124 | R30: =SUM(E30:Q30) -> 2398
A32: II | B32: DATA PENGGUNAAN SURAT SUARA
A33: 1 | B33: Jumlah surat suara yang diterima, termasuk surat suara cadangan 2% dari DPT | E33: 296 | F33: 240 | G33: 273 | H33: 282 | I33: 269 | J33: 281 | K33: 212 | L33: 244 | M33: 283 | N33: 251 | O33: 172 | P33: 201 | Q33: 166 | R33: =SUM(E33:Q33) -> 3170
A34: 2 | B34: Jumlah surat suara yang digunakan | E34: 205 | F34: 192 | G34: 189 | H34: 205 | I34: 212 | J34: 204 | K34: 144 | L34: 201 | M34: 217 | N34: 208 | O34: 139 | P34: 158 | Q34: 124 | R34: =SUM(E34:Q34) -> 2398
A35: 3 | B35: Jumlah surat suara dikembalikan oleh pemilih (karena rusak atau keliru coblos) | E35: 0 | F35: 0 | G35: 0 | H35: 1 | I35: 0 | J35: 0 | K35: 0 | L35: 0 | M35: 1 | N35: 0 | O35: 1 | P35: 0 | Q35: 0 | R35: =SUM(E35:Q35) -> 3
A36: 4 | B36: Jumlah surat suara yang tidak digunakan/tidak terpakai, termasuk sisa surat suara cadangan | E36: =E33-(E34+E35) -> 91 | F36: =F33-(F34+F35) -> 48 | G36: =G33-(G34+G35) -> 84 | H36: =H33-(H34+H35) -> 76 | I36: =I33-(I34+I35) -> 57 | J36: =J33-(J34+J35) -> 77 | K36: =K33-(K34+K35) -> 68 | L36: =L33-(L34+L35) -> 43 | ... Q36: =Q33-(Q34+Q35) -> 42 | R36: =SUM(E36:Q36) -> 769
A38: III | B38: DATA PEMILIH DISABILITAS
B39: Jumlah seluruh Pemilih disabilitas yang menggunakan hak pilih | D39: LK | I39: 1 | J39: 2 | R39: =SUM(E39:Q39) -> 3
D40: PR | M40: 1 | O40: 1 | R40: =SUM(E40:Q40) -> 2
D41: JML | E41: =SUM(E39:E40) -> 0 | F41: =SUM(F39:F40) -> 0 | G41: =SUM(G39:G40) -> 0 | H41: =SUM(H39:H40) -> 0 | I41: =SUM(I39:I40) -> 1 | J41: =SUM(J39:J40) -> 2 | K41: =SUM(K39:K40) -> 0 | L41: =SUM(L39:L40) -> 0 | ... Q41: =SUM(Q39:Q40) -> 0 | R41: =SUM(E41:Q41) -> 5
A43: IV | B43: DATA RINCIAN PEROLEHAN SUARA PASANGAN CALON BUPATI DAN WAKIL BUPATI
A44: NOMOR DAN NAMA CALON
B45: 1. | C45: AA. AHMAD NAWARDI | E45: 4 | F45: 7 | G45: 17 | H45: 6 | I45: 23 | J45: 16 | K45: 9 | L45: 11 | M45: 9 | N45: 7 | O45: 3 | P45: 11 | Q45: 7 | R45: =SUM(E45:Q45) -> 130
B46: 2. | C46: Ir. H. AA LA NYALLA MAHMUD MATTALITI, M.HP. | E46: 31 | F46: 23 | G46: 26 | H46: 36 | I46: 25 | J46: 30 | K46: 22 | L46: 36 | M46: 27 | N46: 30 | O46: 21 | P46: 23 | Q46: 12 | R46: =SUM(E46:Q46) -> 342
B47: 3. | C47: ABDUL QADIR AMIR HARTONO, S.E., S.H., M.H. | E47: 13 | F47: 17 | G47: 10 | H47: 14 | I47: 11 | J47: 19 | K47: 10 | L47: 9 | M47: 12 | N47: 8 | O47: 6 | P47: 3 | Q47: 3 | R47: =SUM(E47:Q47) -> 135
B48: 4. | C48: ADILLA AZIS, S.E. | E48: 18 | F48: 18 | G48: 14 | H48: 23 | I48: 15 | J48: 14 | K48: 16 | L48: 19 | M48: 14 | N48: 20 | O48: 11 | P48: 14 | Q48: 7 | R48: =SUM(E48:Q48) -> 203
B49: 5. | C49: Ir. H. AGUS RAHARDJO, MSc.M. | E49: 33 | F49: 24 | G49: 26 | H49: 36 | I49: 22 | J49: 29 | K49: 16 | L49: 15 | M49: 23 | N49: 34 | O49: 11 | P49: 13 | Q49: 13 | R49: =SUM(E49:Q49) -> 295
B50: 6. | C50: Drs. AYUB KHAN | E50: 14 | F50: 5 | G50: 8 | H50: 8 | I50: 16 | J50: 7 | K50: 11 | L50: 6 | M50: 15 | N50: 17 | O50: 5 | P50: 16 | Q50: 7 | R50: =SUM(E50:Q50) -> 135
B51: 7. | C51: BAMBANG HARIANTO | E51: 2 | F51: 2 | G51: 3 | H51: 3 | I51: 1 | J51: 1 | K51: 1 | L51: 1 | M51: 1 | N51: 5 | O51: 1 | P51: 3 | Q51: 0 | R51: =SUM(E51:Q51) -> 24
B52: 8. | C52: CATUR RUDI UTANTO, S.Sos. | E52: 2 | F52: 0 | G52: 2 | H52: 0 | I52: 3 | J52: 4 | K52: 0 | L52: 1 | M52: 0 | N52: 2 | O52: 2 | P52: 1 | Q52: 2 | R52: =SUM(E52:Q52) -> 19
B53: 9. | C53: DODDY DWI NUGROHO | E53: 0 | F53: 1 | G53: 0 | H53: 1 | I53: 0 | J53: 0 | K53: 2 | L53: 0 | M53: 1 | N53: 2 | O53: 2 | P53: 1 | Q53: 0 | R53: =SUM(E53:Q53) -> 10
B54: 10. | C54: KONDANG KUSUMANING AYU | E54: 21 | F54: 21 | G54: 27 | H54: 27 | I54: 34 | J54: 25 | K54: 12 | L54: 22 | M54: 29 | N54: 16 | O54: 26 | P54: 22 | Q54: 19 | R54: =SUM(E54:Q54) -> 301
B55: 11. | C55: KUNJUNG WAHYUDI | E55: 2 | F55: 3 | G55: 0 | H55: 2 | I55: 2 | J55: 3 | K55: 0 | L55: 0 | M55: 2 | N55: 2 | O55: 2 | P55: 2 | Q55: 1 | R55: =SUM(E55:Q55) -> 21
B56: 12. | C56: Dr. LIA ISTIFHAMA | E56: 20 | F56: 19 | G56: 18 | H56: 13 | I56: 30 | J56: 13 | K56: 10 | L56: 25 | M56: 25 | N56: 19 | O56: 11 | P56: 10 | Q56: 13 | R56: =SUM(E56:Q56) -> 226
B57: 13. | C57: MOHAMMAD TRIJANTO, S.H., M.M., M.H. | E57: 3 | F57: 3 | G57: 2 | H57: 4 | I57: 1 | J57: 3 | K57: 2 | L57: 1 | M57: 3 | N57: 2 | O57: 2 | P57: 3 | Q57: 4 | R57: =SUM(E57:Q57) -> 33
A59: V | B59: DATA SUARA SAH DAN TIDAK SAH
B60: A. | C60: JUMLAH SELURUH SUARA SAH | E60: =SUM(E45:E57) -> 163 | F60: =SUM(F45:F57) -> 143 | G60: =SUM(G45:G57) -> 153 | H60: =SUM(H45:H57) -> 173 | I60: =SUM(I45:I57) -> 183 | J60: =SUM(J45:J57) -> 164 | K60: =SUM(K45:K57) -> 111 | L60: =SUM(L45:L57) -> 146 | ... Q60: =SUM(Q45:Q57) -> 88 | R60: =SUM(E60:Q60) -> 1874
B61: B. | C61: JUMLAH SUARA TIDAK SAH | E61: 42 | F61: 49 | G61: 36 | H61: 32 | I61: 29 | J61: 40 | K61: 33 | L61: 55 | M61: 56 | N61: 44 | O61: 36 | P61: 36 | Q61: 36 | R61: =SUM(E61:Q61) -> 524
B62: C. | C62: JUMLAH SELURUH SUARA SAH DAN SUARA TIDAK SAH (V.A + V.B) | E62: =SUM(E60:E61) -> 205 | F62: =SUM(F60:F61) -> 192 | G62: =SUM(G60:G61) -> 189 | H62: =SUM(H60:H61) -> 205 | I62: =SUM(I60:I61) -> 212 | J62: =SUM(J60:J61) -> 204 | K62: =SUM(K60:K61) -> 144 | L62: =SUM(L60:L61) -> 201 | ... Q62: =SUM(Q60:Q61) -> 124 | R62: =SUM(E62:Q62) -> 2398

Sheet SINGONEGARAN
C2: Kecamatan | D2: BANYUWANGI
C3: Kabupaten | D3: BANYUWANGI
C4: Provinsi | D4: JAWA TIMUR
C9: Kelurahan | D9: SINGONEGARAN
A12: I | B12: DATA PEMILIH DAN PENGGUNAAN HAK PILIH | U12: JUMLAH AKHIR
A13: A | B13: DATA PEMILIH | E13: TPS 001 | F13: TPS 002 | G13: TPS 003 | H13: TPS 004 | I13: TPS 005 | J13: TPS 006 | K13: TPS 007 | L13: TPS 008 | M13: TPS 009 | N13: TPS 010 | O13: TPS 011 | P13: TPS 012 | Q13: TPS 013 | R13: TPS 014 | S13: TPS 015 | T13: TPS 016
B14: Jumlah Pemilih dalam Daftar Pemilih Tetap (DPT) | D14: LK | E14: 132 | F14: 94 | G14: 99 | H14: 138 | I14: 146 | J14: 118 | K14: 114 | L14: 139 | M14: 141 | N14: 117 | O14: 130 | P14: 121 | Q14: 116 | R14: 132 | S14: 125 | T14: 108 | U14: =SUM(E14:T14) -> 1970
D15: PR | E15: 157 | F15: 109 | G15: 102 | H15: 146 | I15: 144 | J15: 117 | K15: 110 | L15: 151 | M15: 141 | N15: 119 | O15: 143 | P15: 132 | Q15: 114 | R15: 135 | S15: 128 | T15: 117 | U15: =SUM(E15:T15) -> 2065
D16: JML | E16: =SUM(E14:E15) -> 289 | F16: =SUM(F14:F15) -> 203 | G16: =SUM(G14:G15) -> 201 | H16: =SUM(H14:H15) -> 284 | I16: =SUM(I14:I15) -> 290 | J16: =SUM(J14:J15) -> 235 | K16: =SUM(K14:K15) -> 224 | L16: =SUM(L14:L15) -> 290 | ... T16: =SUM(T14:T15) -> 225 | U16: =SUM(E16:T16) -> 4035
A18: B | B18: PENGGUNA HAK PILIH
B19: 1. | C19: Jumlah pengguna hak pilih dalam Daftar Pemilih Tetap (DPT) | D19: LK | E19: 122 | F19: 73 | G19: 72 | H19: 103 | I19: 100 | J19: 99 | K19: 78 | L19: 106 | M19: 107 | N19: 82 | O19: 100 | P19: 85 | Q19: 89 | R19: 99 | S19: 79 | T19: 87 | U19: =SUM(E19:T19) -> 1481
D20: PR | E20: 104 | F20: 90 | G20: 84 | H20: 114 | I20: 117 | J20: 105 | K20: 91 | L20: 116 | M20: 117 | N20: 93 | O20: 116 | P20: 107 | Q20: 94 | R20: 113 | S20: 94 | T20: 96 | U20: =SUM(E20:T20) -> 1651
D21: JML | E21: =SUM(E19:E20) -> 226 | F21: =SUM(F19:F20) -> 163 | G21: =SUM(G19:G20) -> 156 | H21: =SUM(H19:H20) -> 217 | I21: =SUM(I19:I20) -> 217 | J21: =SUM(J19:J20) -> 204 | K21: =SUM(K19:K20) -> 169 | L21: =SUM(L19:L20) -> 222 | ... T21: =SUM(T19:T20) -> 183 | U21: =SUM(E21:T21) -> 3132
B22: 2. | C22: Jumlah pengguna hak pilih dalam Daftar Pemilih Tambahan (DPTb) | D22: LK | E22: 0 | F22: 0 | G22: 0 | H22: 0 | I22: 0 | J22: 0 | K22: 0 | L22: 0 | M22: 0 | N22: 3 | O22: 0 | P22: 0 | Q22: 0 | R22: 0 | S22: 0 | U22: =SUM(E22:T22) -> 3
D23: PR | E23: 0 | F23: 0 | G23: 0 | H23: 0 | I23: 0 | J23: 0 | K23: 0 | L23: 0 | M23: 0 | N23: 4 | O23: 0 | P23: 0 | Q23: 1 | R23: 0 | S23: 0 | U23: =SUM(E23:T23) -> 5
D24: JML | E24: =SUM(E22:E23) -> 0 | F24: =SUM(F22:F23) -> 0 | G24: =SUM(G22:G23) -> 0 | H24: =SUM(H22:H23) -> 0 | I24: =SUM(I22:I23) -> 0 | J24: =SUM(J22:J23) -> 0 | K24: =SUM(K22:K23) -> 0 | L24: =SUM(L22:L23) -> 0 | ... T24: =SUM(T22:T23) -> 0 | U24: =SUM(E24:T24) -> 8
B25: 3. | C25: Jumlah pengguna hak pilih dalam Daftar Pemilih Khusus (DPK) | D25: LK | E25: 2 | F25: 2 | G25: 0 | H25: 4 | I25: 3 | J25: 1 | K25: 4 | L25: 3 | M25: 3 | N25: 2 | O25: 5 | P25: 3 | Q25: 0 | R25: 1 | S25: 10 | T25: 7 | U25: =SUM(E25:T25) -> 50
D26: PR | E26: 5 | F26: 3 | G26: 1 | H26: 7 | I26: 6 | J26: 4 | K26: 4 | L26: 1 | M26: 3 | N26: 1 | O26: 4 | P26: 3 | Q26: 1 | R26: 2 | S26: 12 | T26: 9 | U26: =SUM(E26:T26) -> 66
D27: JML | E27: =SUM(E25:E26) -> 7 | F27: =SUM(F25:F26) -> 5 | G27: =SUM(G25:G26) -> 1 | H27: =SUM(H25:H26) -> 11 | I27: =SUM(I25:I26) -> 9 | J27: =SUM(J25:J26) -> 5 | K27: =SUM(K25:K26) -> 8 | L27: =SUM(L25:L26) -> 4 | ... T27: =SUM(T25:T26) -> 16 | U27: =SUM(E27:T27) -> 116
B28: 4. | C28: Jumlah Pengguna Hak Pilih (B.1+B.2+B.3) | D28: LK | E28: =SUM(E19,E22,E25) -> 124 | F28: =SUM(F19,F22,F25) -> 75 | G28: =SUM(G19,G22,G25) -> 72 | H28: =SUM(H19,H22,H25) -> 107 | I28: =SUM(I19,I22,I25) -> 103 | J28: =SUM(J19,J22,J25) -> 100 | K28: =SUM(K19,K22,K25) -> 82 | L28: =SUM(L19,L22,L25) -> 109 | ... T28: =SUM(T19,T22,T25) -> 94 | U28: =SUM(E28:T28) -> 1534
D29: PR | E29: =SUM(E20,E23,E26) -> 109 | F29: =SUM(F20,F23,F26) -> 93 | G29: =SUM(G20,G23,G26) -> 85 | H29: =SUM(H20,H23,H26) -> 121 | I29: =SUM(I20,I23,I26) -> 123 | J29: =SUM(J20,J23,J26) -> 109 | K29: =SUM(K20,K23,K26) -> 95 | L29: =SUM(L20,L23,L26) -> 117 | ... T29: =SUM(T20,T23,T26) -> 105 | U29: =SUM(E29:T29) -> 1722
D30: JML | E30: =SUM(E28:E29) -> 233 | F30: =SUM(F28:F29) -> 168 | G30: =SUM(G28:G29) -> 157 | H30: =SUM(H28:H29) -> 228 | I30: =SUM(I28:I29) -> 226 | J30: =SUM(J28:J29) -> 209 | K30: =SUM(K28:K29) -> 177 | L30: =SUM(L28:L29) -> 226 | ... T30: =SUM(T28:T29) -> 199 | U30: =SUM(E30:T30) -> 3256
A32: II | B32: DATA PENGGUNAAN SURAT SUARA
A33: 1 | B33: Jumlah surat suara yang diterima, termasuk surat suara cadangan 2% dari DPT | E33: 293 | F33: 205 | G33: 206 | H33: 287 | I33: 296 | J33: 238 | K33: 227 | L33: 291 | M33: 281 | N33: 238 | O33: 275 | P33: 254 | Q33: 233 | R33: 271 | S33: 256 | T33: 228 | U33: =SUM(E33:T33) -> 4079
A34: 2 | B34: Jumlah surat suara yang digunakan | E34: 233 | F34: 168 | G34: 157 | H34: 228 | I34: 226 | J34: 209 | K34: 177 | L34: 226 | M34: 230 | N34: 185 | O34: 225 | P34: 198 | Q34: 185 | R34: 215 | S34: 195 | T34: 199 | U34: =SUM(E34:T34) -> 3256
A35: 3 | B35: Jumlah surat suara dikembalikan oleh pemilih (karena rusak atau keliru coblos) | E35: 0 | F35: 0 | G35: 0 | H35: 0 | I35: 1 | J35: 0 | K35: 0 | L35: 0 | M35: 0 | N35: 0 | O35: 0 | P35: 1 | Q35: 0 | R35: 0 | S35: 0 | T35: 0 | U35: =SUM(E35:T35) -> 2
A36: 4 | B36: Jumlah surat suara yang tidak digunakan/tidak terpakai, termasuk sisa surat suara cadangan | E36: =E33-(E34+E35) -> 60 | F36: =F33-(F34+F35) -> 37 | G36: =G33-(G34+G35) -> 49 | H36: =H33-(H34+H35) -> 59 | I36: =I33-(I34+I35) -> 69 | J36: =J33-(J34+J35) -> 29 | K36: =K33-(K34+K35) -> 50 | L36: =L33-(L34+L35) -> 65 | ... T36: =T33-(T34+T35) -> 29 | U36: =SUM(E36:T36) -> 821
A38: III | B38: DATA PEMILIH DISABILITAS
B39: Jumlah seluruh Pemilih disabilitas yang menggunakan hak pilih | D39: LK | E39: 2 | F39: 1 | L39: 1 | U39: =SUM(E39:T39) -> 4
D40: PR | E40: 1 | S40: 2 | U40: =SUM(E40:T40) -> 3
D41: JML | E41: =SUM(E39:E40) -> 3 | F41: =SUM(F39:F40) -> 1 | G41: =SUM(G39:G40) -> 0 | H41: =SUM(H39:H40) -> 0 | I41: =SUM(I39:I40) -> 0 | J41: =SUM(J39:J40) -> 0 | K41: =SUM(K39:K40) -> 0 | L41: =SUM(L39:L40) -> 1 | ... T41: =SUM(T39:T40) -> 0 | U41: =SUM(E41:T41) -> 7
A43: IV | B43: DATA RINCIAN PEROLEHAN SUARA PASANGAN CALON BUPATI DAN WAKIL BUPATI
A44: NOMOR DAN NAMA CALON
B45: 1. | C45: AA. AHMAD NAWARDI | E45: 13 | F45: 12 | G45: 7 | H45: 3 | I45: 10 | J45: 7 | K45: 12 | L45: 14 | M45: 10 | N45: 8 | O45: 11 | P45: 10 | Q45: 17 | R45: 14 | S45: 12 | T45: 4 | U45: =SUM(E45:T45) -> 164
B46: 2. | C46: Ir. H. AA LA NYALLA MAHMUD MATTALITI, M.HP. | E46: 26 | F46: 26 | G46: 29 | H46: 32 | I46: 32 | J46: 23 | K46: 30 | L46: 39 | M46: 37 | N46: 23 | O46: 36 | P46: 41 | Q46: 30 | R46: 36 | S46: 36 | T46: 38 | U46: =SUM(E46:T46) -> 514
B47: 3. | C47: ABDUL QADIR AMIR HARTONO, S.E., S.H., M.H. | E47: 20 | F47: 7 | G47: 7 | H47: 8 | I47: 18 | J47: 10 | K47: 6 | L47: 7 | M47: 12 | N47: 9 | O47: 11 | P47: 11 | Q47: 8 | R47: 18 | S47: 7 | T47: 13 | U47: =SUM(E47:T47) -> 172
B48: 4. | C48: ADILLA AZIS, S.E. | E48: 28 | F48: 17 | G48: 15 | H48: 30 | I48: 20 | J48: 29 | K48: 19 | L48: 29 | M48: 17 | N48: 28 | O48: 26 | P48: 16 | Q48: 13 | R48: 21 | S48: 18 | T48: 16 | U48: =SUM(E48:T48) -> 342
B49: 5. | C49: Ir. H. AGUS RAHARDJO, MSc.M. | E49: 24 | F49: 20 | G49: 11 | H49: 17 | I49: 27 | J49: 23 | K49: 20 | L49: 29 | M49: 19 | N49: 21 | O49: 18 | P49: 17 | Q49: 22 | R49: 19 | S49: 15 | T49: 23 | U49: =SUM(E49:T49) -> 325
B50: 6. | C50: Drs. AYUB KHAN | E50: 7 | F50: 16 | G50: 10 | H50: 19 | I50: 8 | J50: 18 | K50: 10 | L50: 14 | M50: 14 | N50: 10 | O50: 10 | P50: 6 | Q50: 7 | R50: 9 | S50: 8 | T50: 16 | U50: =SUM(E50:T50) -> 182
B51: 7. | C51: BAMBANG HARIANTO | E51: 6 | F51: 1 | G51: 3 | H51: 5 | I51: 1 | J51: 5 | K51: 1 | L51: 2 | M51: 2 | N51: 0 | O51: 3 | P51: 1 | Q51: 2 | R51: 0 | S51: 1 | T51: 1 | U51: =SUM(E51:T51) -> 34
B52: 8. | C52: CATUR RUDI UTANTO, S.Sos. | E52: 8 | F52: 5 | G52: 5 | H52: 3 | I52: 4 | J52: 2 | K52: 5 | L52: 4 | M52: 3 | N52: 8 | O52: 5 | P52: 1 | Q52: 1 | R52: 3 | S52: 7 | T52: 2 | U52: =SUM(E52:T52) -> 66
B53: 9. | C53: DODDY DWI NUGROHO | E53: 3 | F53: 2 | G53: 0 | H53: 0 | I53: 1 | J53: 0 | K53: 0 | L53: 1 | M53: 1 | N53: 1 | O53: 3 | P53: 3 | Q53: 1 | R53: 3 | S53: 0 | T53: 1 | U53: =SUM(E53:T53) -> 20
B54: 10. | C54: KONDANG KUSUMANING AYU | E54: 22 | F54: 14 | G54: 17 | H54: 30 | I54: 24 | J54: 23 | K54: 17 | L54: 25 | M54: 35 | N54: 27 | O54: 28 | P54: 31 | Q54: 20 | R54: 28 | S54: 25 | T54: 20 | U54: =SUM(E54:T54) -> 386
B55: 11. | C55: KUNJUNG WAHYUDI | E55: 2 | F55: 1 | G55: 4 | H55: 2 | I55: 5 | J55: 0 | K55: 2 | L55: 0 | M55: 0 | N55: 1 | O55: 4 | P55: 0 | Q55: 1 | R55: 5 | S55: 3 | T55: 0 | U55: =SUM(E55:T55) -> 30
B56: 12. | C56: Dr. LIA ISTIFHAMA | E56: 14 | F56: 10 | G56: 16 | H56: 30 | I56: 15 | J56: 23 | K56: 11 | L56: 14 | M56: 21 | N56: 15 | O56: 19 | P56: 13 | Q56: 19 | R56: 23 | S56: 21 | T56: 15 | U56: =SUM(E56:T56) -> 279
B57: 13. | C57: MOHAMMAD TRIJANTO, S.H., M.M., M.H. | E57: 0 | F57: 3 | G57: 3 | H57: 2 | I57: 3 | J57: 3 | K57: 1 | L57: 1 | M57: 7 | N57: 4 | O57: 0 | P57: 6 | Q57: 5 | R57: 1 | S57: 4 | T57: 3 | U57: =SUM(E57:T57) -> 46
A59: V | B59: DATA SUARA SAH DAN TIDAK SAH
B60: A. | C60: JUMLAH SELURUH SUARA SAH | E60: =SUM(E45:E57) -> 173 | F60: =SUM(F45:F57) -> 134 | G60: =SUM(G45:G57) -> 127 | H60: =SUM(H45:H57) -> 181 | I60: =SUM(I45:I57) -> 168 | J60: =SUM(J45:J57) -> 166 | K60: =SUM(K45:K57) -> 134 | L60: =SUM(L45:L57) -> 179 | ... T60: =SUM(T45:T57) -> 152 | U60: =SUM(E60:T60) -> 2560
B61: B. | C61: JUMLAH SUARA TIDAK SAH | E61: 60 | F61: 34 | G61: 30 | H61: 47 | I61: 58 | J61: 43 | K61: 43 | L61: 47 | M61: 52 | N61: 30 | O61: 51 | P61: 42 | Q61: 39 | R61: 35 | S61: 38 | T61: 47 | U61: =SUM(E61:T61) -> 696
B62: C. | C62: JUMLAH SELURUH SUARA SAH DAN SUARA TIDAK SAH (V.A + V.B) | E62: =SUM(E60:E61) -> 233 | F62: =SUM(F60:F61) -> 168 | G62: =SUM(G60:G61) -> 157 | H62: =SUM(H60:H61) -> 228 | I62: =SUM(I60:I61) -> 226 | J62: =SUM(J60:J61) -> 209 | K62: =SUM(K60:K61) -> 177 | L62: =SUM(L60:L61) -> 226 | ... T62: =SUM(T60:T61) -> 199 | U62: =SUM(E62:T62) -> 3256

Sheet TEMENGGUNGAN
C2: Kecamatan | D2: BANYUWANGI
C3: Kabupaten | D3: BANYUWANGI
C4: Provinsi | D4: JAWA TIMUR
C9: Kelurahan | D9: TEMENGGUNGAN
A12: I | B12: DATA PEMILIH DAN PENGGUNAAN HAK PILIH | L12: JUMLAH AKHIR
A13: A | B13: DATA PEMILIH | E13: TPS 001 | F13: TPS 002 | G13: TPS 003 | H13: TPS 004 | I13: TPS 005 | J13: TPS 006 | K13: TPS 007
B14: Jumlah Pemilih dalam Daftar Pemilih Tetap (DPT) | D14: LK | E14: 127 | F14: 92 | G14: 112 | H14: 127 | I14: 102 | J14: 109 | K14: 135 | L14: =SUM(E14:K14) -> 804
D15: PR | E15: 127 | F15: 99 | G15: 98 | H15: 129 | I15: 106 | J15: 117 | K15: 130 | L15: =SUM(E15:K15) -> 806
D16: JML | E16: =SUM(E14:E15) -> 254 | F16: =SUM(F14:F15) -> 191 | G16: =SUM(G14:G15) -> 210 | H16: =SUM(H14:H15) -> 256 | I16: =SUM(I14:I15) -> 208 | J16: =SUM(J14:J15) -> 226 | K16: =SUM(K14:K15) -> 265 | L16: =SUM(E16:K16) -> 1610
A18: B | B18: PENGGUNA HAK PILIH
B19: 1. | C19: Jumlah pengguna hak pilih dalam Daftar Pemilih Tetap (DPT) | D19: LK | E19: 99 | F19: 70 | G19: 78 | H19: 86 | I19: 77 | J19: 81 | K19: 97 | L19: =SUM(E19:K19) -> 588
D20: PR | E20: 104 | F20: 86 | G20: 77 | H20: 104 | I20: 90 | J20: 92 | K20: 112 | L20: =SUM(E20:K20) -> 665
D21: JML | E21: =SUM(E19:E20) -> 203 | F21: =SUM(F19:F20) -> 156 | G21: =SUM(G19:G20) -> 155 | H21: =SUM(H19:H20) -> 190 | I21: =SUM(I19:I20) -> 167 | J21: =SUM(J19:J20) -> 173 | K21: =SUM(K19:K20) -> 209 | L21: =SUM(E21:K21) -> 1253
B22: 2. | C22: Jumlah pengguna hak pilih dalam Daftar Pemilih Tambahan (DPTb) | D22: LK | E22: 0 | F22: 0 | G22: 0 | H22: 0 | I22: 0 | J22: 0 | K22: 0 | L22: =SUM(E22:K22) -> 0
D23: PR | E23: 0 | F23: 0 | G23: 0 | H23: 0 | I23: 0 | J23: 0 | K23: 0 | L23: =SUM(E23:K23) -> 0
D24: JML | E24: =SUM(E22:E23) -> 0 | F24: =SUM(F22:F23) -> 0 | G24: =SUM(G22:G23) -> 0 | H24: =SUM(H22:H23) -> 0 | I24: =SUM(I22:I23) -> 0 | J24: =SUM(J22:J23) -> 0 | K24: =SUM(K22:K23) -> 0 | L24: =SUM(E24:K24) -> 0
B25: 3. | C25: Jumlah pengguna hak pilih dalam Daftar Pemilih Khusus (DPK) | D25: LK | E25: 4 | F25: 2 | G25: 3 | H25: 6 | I25: 1 | J25: 2 | K25: 1 | L25: =SUM(E25:K25) -> 19
D26: PR | E26: 6 | F26: 3 | G26: 4 | H26: 6 | I26: 1 | J26: 1 | K26: 1 | L26: =SUM(E26:K26) -> 22
D27: JML | E27: =SUM(E25:E26) -> 10 | F27: =SUM(F25:F26) -> 5 | G27: =SUM(G25:G26) -> 7 | H27: =SUM(H25:H26) -> 12 | I27: =SUM(I25:I26) -> 2 | J27: =SUM(J25:J26) -> 3 | K27: =SUM(K25:K26) -> 2 | L27: =SUM(E27:K27) -> 41
B28: 4. | C28: Jumlah Pengguna Hak Pilih (B.1+B.2+B.3) | D28: LK | E28: =SUM(E19,E22,E25) -> 103 | F28: =SUM(F19,F22,F25) -> 72 | G28: =SUM(G19,G22,G25) -> 81 | H28: =SUM(H19,H22,H25) -> 92 | I28: =SUM(I19,I22,I25) -> 78 | J28: =SUM(J19,J22,J25) -> 83 | K28: =SUM(K19,K22,K25) -> 98 | L28: =SUM(E28:K28) -> 607
D29: PR | E29: =SUM(E20,E23,E26) -> 110 | F29: =SUM(F20,F23,F26) -> 89 | G29: =SUM(G20,G23,G26) -> 81 | H29: =SUM(H20,H23,H26) -> 110 | I29: =SUM(I20,I23,I26) -> 91 | J29: =SUM(J20,J23,J26) -> 93 | K29: =SUM(K20,K23,K26) -> 113 | L29: =SUM(E29:K29) -> 687
D30: JML | E30: =SUM(E28:E29) -> 213 | F30: =SUM(F28:F29) -> 161 | G30: =SUM(G28:G29) -> 162 | H30: =SUM(H28:H29) -> 202 | I30: =SUM(I28:I29) -> 169 | J30: =SUM(J28:J29) -> 176 | K30: =SUM(K28:K29) -> 211 | L30: =SUM(E30:K30) -> 1294
A32: II | B32: DATA PENGGUNAAN SURAT SUARA
A33: 1 | B33: Jumlah surat suara yang diterima, termasuk surat suara cadangan 2% dari DPT | E33: 260 | F33: 326 | G33: 215 | H33: 262 | I33: 213 | J33: 261 | K33: 271 | L33: =SUM(E33:K33) -> 1808
A34: 2 | B34: Jumlah surat suara yang digunakan | E34: 213 | F34: 161 | G34: 162 | H34: 202 | I34: 169 | J34: 176 | K34: 211 | L34: =SUM(E34:K34) -> 1294
A35: 3 | B35: Jumlah surat suara dikembalikan oleh pemilih (karena rusak atau keliru coblos) | E35: 0 | F35: 2 | G35: 0 | H35: 0 | I35: 0 | J35: 2 | K35: 0 | L35: =SUM(E35:K35) -> 4
A36: 4 | B36: Jumlah surat suara yang tidak digunakan/tidak terpakai, termasuk sisa surat suara cadangan | E36: =E33-(E34+E35) -> 47 | F36: =F33-(F34+F35) -> 163 | G36: =G33-(G34+G35) -> 53 | H36: =H33-(H34+H35) -> 60 | I36: =I33-(I34+I35) -> 44 | J36: =J33-(J34+J35) -> 83 | K36: =K33-(K34+K35) -> 60 | L36: =SUM(E36:K36) -> 510
A38: III | B38: DATA PEMILIH DISABILITAS
B39: Jumlah seluruh Pemilih disabilitas yang menggunakan hak pilih | D39: LK | L39: =SUM(E39:K39) -> 0
D40: PR | L40: =SUM(E40:K40) -> 0
D41: JML | E41: =SUM(E39:E40) -> 0 | F41: =SUM(F39:F40) -> 0 | G41: =SUM(G39:G40) -> 0 | H41: =SUM(H39:H40) -> 0 | I41: =SUM(I39:I40) -> 0 | J41: =SUM(J39:J40) -> 0 | K41: =SUM(K39:K40) -> 0 | L41: =SUM(E41:K41) -> 0
A43: IV | B43: DATA RINCIAN PEROLEHAN SUARA PASANGAN CALON BUPATI DAN WAKIL BUPATI
A44: NOMOR DAN NAMA CALON
B45: 1. | C45: AA. AHMAD NAWARDI | E45: 24 | F45: 12 | G45: 9 | H45: 9 | I45: 9 | J45: 5 | K45: 12 | L45: =SUM(E45:K45) -> 80
B46: 2. | C46: Ir. H. AA LA NYALLA MAHMUD MATTALITI, M.HP. | E46: 24 | F46: 19 | G46: 23 | H46: 25 | I46: 26 | J46: 21 | K46: 25 | L46: =SUM(E46:K46) -> 163
B47: 3. | C47: ABDUL QADIR AMIR HARTONO, S.E., S.H., M.H. | E47: 12 | F47: 8 | G47: 15 | H47: 9 | I47: 9 | J47: 11 | K47: 9 | L47: =SUM(E47:K47) -> 73
B48: 4. | C48: ADILLA AZIS, S.E. | E48: 15 | F48: 9 | G48: 16 | H48: 19 | I48: 17 | J48: 17 | K48: 14 | L48: =SUM(E48:K48) -> 107
B49: 5. | C49: Ir. H. AGUS RAHARDJO, MSc.M. | E49: 15 | F49: 20 | G49: 9 | H49: 21 | I49: 22 | J49: 13 | K49: 21 | L49: =SUM(E49:K49) -> 121
B50: 6. | C50: Drs. AYUB KHAN | E50: 14 | F50: 8 | G50: 12 | H50: 7 | I50: 14 | J50: 5 | K50: 17 | L50: =SUM(E50:K50) -> 77
B51: 7. | C51: BAMBANG HARIANTO | E51: 3 | F51: 2 | G51: 3 | H51: 3 | I51: 2 | J51: 2 | K51: 2 | L51: =SUM(E51:K51) -> 17
B52: 8. | C52: CATUR RUDI UTANTO, S.Sos. | E52: 7 | F52: 3 | G52: 5 | H52: 9 | I52: 2 | J52: 3 | K52: 8 | L52: =SUM(E52:K52) -> 37
B53: 9. | C53: DODDY DWI NUGROHO | E53: 3 | F53: 1 | G53: 0 | H53: 1 | I53: 1 | J53: 0 | K53: 0 | L53: =SUM(E53:K53) -> 6
B54: 10. | C54: KONDANG KUSUMANING AYU | E54: 30 | F54: 18 | G54: 22 | H54: 23 | I54: 16 | J54: 20 | K54: 26 | L54: =SUM(E54:K54) -> 155
B55: 11. | C55: KUNJUNG WAHYUDI | E55: 0 | F55: 3 | G55: 1 | H55: 3 | I55: 1 | J55: 0 | K55: 0 | L55: =SUM(E55:K55) -> 8
B56: 12. | C56: Dr. LIA ISTIFHAMA | E56: 18 | F56: 13 | G56: 10 | H56: 17 | I56: 9 | J56: 15 | K56: 24 | L56: =SUM(E56:K56) -> 106
B57: 13. | C57: MOHAMMAD TRIJANTO, S.H., M.M., M.H. | E57: 7 | F57: 5 | G57: 5 | H57: 2 | I57: 5 | J57: 5 | K57: 3 | L57: =SUM(E57:K57) -> 32
A59: V | B59: DATA SUARA SAH DAN TIDAK SAH
B60: A. | C60: JUMLAH SELURUH SUARA SAH | E60: =SUM(E45:E57) -> 172 | F60: =SUM(F45:F57) -> 121 | G60: =SUM(G45:G57) -> 130 | H60: =SUM(H45:H57) -> 148 | I60: =SUM(I45:I57) -> 133 | J60: =SUM(J45:J57) -> 117 | K60: =SUM(K45:K57) -> 161 | L60: =SUM(E60:K60) -> 982
B61: B. | C61: JUMLAH SUARA TIDAK SAH | E61: 41 | F61: 40 | G61: 32 | H61: 54 | I61: 36 | J61: 59 | K61: 50 | L61: =SUM(E61:K61) -> 312
B62: C. | C62: JUMLAH SELURUH SUARA SAH DAN SUARA TIDAK SAH (V.A + V.B) | E62: =SUM(E60:E61) -> 213 | F62: =SUM(F60:F61) -> 161 | G62: =SUM(G60:G61) -> 162 | H62: =SUM(H60:H61) -> 202 | I62: =SUM(I60:I61) -> 169 | J62: =SUM(J60:J61) -> 176 | K62: =SUM(K60:K61) -> 211 | L62: =SUM(E62:K62) -> 1294

Sheet KAMPUNGMELAYU
C2: Kecamatan | D2: BANYUWANGI
C3: Kabupaten | D3: BANYUWANGI
C4: Provinsi | D4: JAWA TIMUR
C9: Kelurahan | D9: KAMPUNGMELAYU
A12: I | B12: DATA PEMILIH DAN PENGGUNAAN HAK PILIH | M12: JUMLAH AKHIR
A13: A | B13: DATA PEMILIH | E13: TPS 001 | F13: TPS 002 | G13: TPS 003 | H13: TPS 004 | I13: TPS 005 | J13: TPS 006 | K13: TPS 007 | L13: TPS 008
B14: Jumlah Pemilih dalam Daftar Pemilih Tetap (DPT) | D14: LK | E14: 129 | F14: 143 | G14: 148 | H14: 139 | I14: 130 | J14: 128 | K14: 147 | L14: 119 | M14: =SUM(E14:L14) -> 1083
D15: PR | E15: 136 | F15: 151 | G15: 146 | H15: 151 | I15: 159 | J15: 136 | K15: 146 | L15: 130 | M15: =SUM(E15:L15) -> 1155
D16: JML | E16: =SUM(E14:E15) -> 265 | F16: =SUM(F14:F15) -> 294 | G16: =SUM(G14:G15) -> 294 | H16: =SUM(H14:H15) -> 290 | I16: =SUM(I14:I15) -> 289 | J16: =SUM(J14:J15) -> 264 | K16: =SUM(K14:K15) -> 293 | L16: =SUM(L14:L15) -> 249 | M16: =SUM(E16:L16) -> 2238
A18: B | B18: PENGGUNA HAK PILIH
B19: 1. | C19: Jumlah pengguna hak pilih dalam Daftar Pemilih Tetap (DPT) | D19: LK | E19: 85 | F19: 103 | G19: 108 | H19: 113 | I19: 100 | J19: 85 | K19: 98 | L19: 83 | M19: =SUM(E19:L19) -> 775
D20: PR | E20: 94 | F20: 122 | G20: 120 | H20: 126 | I20: 137 | J20: 102 | K20: 108 | L20: 105 | M20: =SUM(E20:L20) -> 914
D21: JML | E21: =SUM(E19:E20) -> 179 | F21: =SUM(F19:F20) -> 225 | G21: =SUM(G19:G20) -> 228 | H21: =SUM(H19:H20) -> 239 | I21: =SUM(I19:I20) -> 237 | J21: =SUM(J19:J20) -> 187 | K21: =SUM(K19:K20) -> 206 | L21: =SUM(L19:L20) -> 188 | M21: =SUM(E21:L21) -> 1689
B22: 2. | C22: Jumlah pengguna hak pilih dalam Daftar Pemilih Tambahan (DPTb) | D22: LK | E22: 0 | F22: 1 | G22: 0 | H22: 0 | I22: 0 | J22: 0 | K22: 0 | L22: 0 | M22: =SUM(E22:L22) -> 1
D23: PR | E23: 0 | F23: 0 | G23: 0 | H23: 0 | I23: 0 | J23: 0 | K23: 0 | L23: 0 | M23: =SUM(E23:L23) -> 0
D24: JML | E24: =SUM(E22:E23) -> 0 | F24: =SUM(F22:F23) -> 1 | G24: =SUM(G22:G23) -> 0 | H24: =SUM(H22:H23) -> 0 | I24: =SUM(I22:I23) -> 0 | J24: =SUM(J22:J23) -> 0 | K24: =SUM(K22:K23) -> 0 | L24: =SUM(L22:L23) -> 0 | M24: =SUM(E24:L24) -> 1
B25: 3. | C25: Jumlah pengguna hak pilih dalam Daftar Pemilih Khusus (DPK) | D25: LK | E25: 0 | F25: 0 | G25: 0 | H25: 2 | I25: 0 | J25: 0 | K25: 2 | L25: 0 | M25: =SUM(E25:L25) -> 4
D26: PR | E26: 1 | F26: 4 | G26: 0 | H26: 1 | I26: 2 | J26: 1 | K26: 1 | L26: 2 | M26: =SUM(E26:L26) -> 12
D27: JML | E27: =SUM(E25:E26) -> 1 | F27: =SUM(F25:F26) -> 4 | G27: =SUM(G25:G26) -> 0 | H27: =SUM(H25:H26) -> 3 | I27: =SUM(I25:I26) -> 2 | J27: =SUM(J25:J26) -> 1 | K27: =SUM(K25:K26) -> 3 | L27: =SUM(L25:L26) -> 2 | M27: =SUM(E27:L27) -> 16
B28: 4. | C28: Jumlah Pengguna Hak Pilih (B.1+B.2+B.3) | D28: LK | E28: =SUM(E19,E22,E25) -> 85 | F28: =SUM(F19,F22,F25) -> 104 | G28: =SUM(G19,G22,G25) -> 108 | H28: =SUM(H19,H22,H25) -> 115 | I28: =SUM(I19,I22,I25) -> 100 | J28: =SUM(J19,J22,J25) -> 85 | K28: =SUM(K19,K22,K25) -> 100 | L28: =SUM(L19,L22,L25) -> 83 | M28: =SUM(E28:L28) -> 780
D29: PR | E29: =SUM(E20,E23,E26) -> 95 | F29: =SUM(F20,F23,F26) -> 126 | G29: =SUM(G20,G23,G26) -> 120 | H29: =SUM(H20,H23,H26) -> 127 | I29: =SUM(I20,I23,I26) -> 139 | J29: =SUM(J20,J23,J26) -> 103 | K29: =SUM(K20,K23,K26) -> 109 | L29: =SUM(L20,L23,L26) -> 107 | M29: =SUM(E29:L29) -> 926
D30: JML | E30: =SUM(E28:E29) -> 180 | F30: =SUM(F28:F29) -> 230 | G30: =SUM(G28:G29) -> 228 | H30: =SUM(H28:H29) -> 242 | I30: =SUM(I28:I29) -> 239 | J30: =SUM(J28:J29) -> 188 | K30: =SUM(K28:K29) -> 209 | L30: =SUM(L28:L29) -> 190 | M30: =SUM(E30:L30) -> 1706
A32: II | B32: DATA PENGGUNAAN SURAT SUARA
A33: 1 | B33: Jumlah surat suara yang diterima, termasuk surat suara cadangan 2% dari DPT | E33: 271 | F33: 300 | G33: 300 | H33: 296 | I33: 295 | J33: 272 | K33: 299 | L33: 255 | M33: =SUM(E33:L33) -> 2288
A34: 2 | B34: Jumlah surat suara yang digunakan | E34: 180 | F34: 230 | G34: 228 | H34: 242 | I34: 239 | J34: 188 | K34: 209 | L34: 190 | M34: =SUM(E34:L34) -> 1706
A35: 3 | B35: Jumlah surat suara dikembalikan oleh pemilih (karena rusak atau keliru coblos) | E35: 0 | F35: 0 | G35: 0 | H35: 1 | I35: 0 | J35: 0 | K35: 0 | L35: 0 | M35: =SUM(E35:L35) -> 1
A36: 4 | B36: Jumlah surat suara yang tidak digunakan/tidak terpakai, termasuk sisa surat suara cadangan | E36: =E33-(E34+E35) -> 91 | F36: =F33-(F34+F35) -> 70 | G36: =G33-(G34+G35) -> 72 | H36: =H33-(H34+H35) -> 53 | I36: =I33-(I34+I35) -> 56 | J36: =J33-(J34+J35) -> 84 | K36: =K33-(K34+K35) -> 90 | L36: =L33-(L34+L35) -> 65 | M36: =SUM(E36:L36) -> 581
A38: III | B38: DATA PEMILIH DISABILITAS
B39: Jumlah seluruh Pemilih disabilitas yang menggunakan hak pilih | D39: LK | E39: 1 | F39: 0 | G39: 1 | H39: 1 | I39: 1 | J39: 0 | K39: 3 | L39: 1 | M39: =SUM(E39:L39) -> 8
D40: PR | E40: 2 | F40: 0 | G40: 0 | H40: 0 | I40: 0 | J40: 0 | K40: 1 | L40: 0 | M40: =SUM(E40:L40) -> 3
D41: JML | E41: =SUM(E39:E40) -> 3 | F41: =SUM(F39:F40) -> 0 | G41: =SUM(G39:G40) -> 1 | H41: =SUM(H39:H40) -> 1 | I41: =SUM(I39:I40) -> 1 | J41: =SUM(J39:J40) -> 0 | K41: =SUM(K39:K40) -> 4 | L41: =SUM(L39:L40) -> 1 | M41: =SUM(E41:L41) -> 11
A43: IV | B43: DATA RINCIAN PEROLEHAN SUARA PASANGAN CALON BUPATI DAN WAKIL BUPATI
A44: NOMOR DAN NAMA CALON
B45: 1. | C45: AA. AHMAD NAWARDI | E45: 12 | F45: 12 | G45: 16 | H45: 18 | I45: 12 | J45: 14 | K45: 17 | L45: 9 | M45: =SUM(E45:L45) -> 110
B46: 2. | C46: Ir. H. AA LA NYALLA MAHMUD MATTALITI, M.HP. | E46: 27 | F46: 34 | G46: 24 | H46: 34 | I46: 31 | J46: 22 | K46: 32 | L46: 41 | M46: =SUM(E46:L46) -> 245
B47: 3. | C47: ABDUL QADIR AMIR HARTONO, S.E., S.H., M.H. | E47: 6 | F47: 11 | G47: 11 | H47: 10 | I47: 16 | J47: 13 | K47: 5 | L47: 12 | M47: =SUM(E47:L47) -> 84
B48: 4. | C48: ADILLA AZIS, S.E. | E48: 23 | F48: 27 | G48: 27 | H48: 40 | I48: 29 | J48: 22 | K48: 28 | L48: 25 | M48: =SUM(E48:L48) -> 221
B49: 5. | C49: Ir. H. AGUS RAHARDJO, MSc.M. | E49: 23 | F49: 21 | G49: 14 | H49: 21 | I49: 16 | J49: 17 | K49: 14 | L49: 14 | M49: =SUM(E49:L49) -> 140
B50: 6. | C50: Drs. AYUB KHAN | E50: 12 | F50: 13 | G50: 12 | H50: 11 | I50: 18 | J50: 5 | K50: 9 | L50: 10 | M50: =SUM(E50:L50) -> 90
B51: 7. | C51: BAMBANG HARIANTO | E51: 4 | F51: 3 | G51: 2 | H51: 2 | I51: 3 | J51: 0 | K51: 1 | L51: 1 | M51: =SUM(E51:L51) -> 16
B52: 8. | C52: CATUR RUDI UTANTO, S.Sos. | E52: 2 | F52: 7 | G52: 3 | H52: 4 | I52: 3 | J52: 1 | K52: 5 | L52: 2 | M52: =SUM(E52:L52) -> 27
B53: 9. | C53: DODDY DWI NUGROHO | E53: 0 | F53: 6 | G53: 1 | H53: 0 | I53: 1 | J53: 0 | K53: 1 | L53: 0 | M53: =SUM(E53:L53) -> 9
B54: 10. | C54: KONDANG KUSUMANING AYU | E54: 25 | F54: 32 | G54: 29 | H54: 34 | I54: 29 | J54: 20 | K54: 29 | L54: 17 | M54: =SUM(E54:L54) -> 215
B55: 11. | C55: KUNJUNG WAHYUDI | E55: 2 | F55: 0 | G55: 2 | H55: 1 | I55: 1 | J55: 0 | K55: 2 | L55: 0 | M55: =SUM(E55:L55) -> 8
B56: 12. | C56: Dr. LIA ISTIFHAMA | E56: 17 | F56: 15 | G56: 27 | H56: 9 | I56: 24 | J56: 29 | K56: 12 | L56: 16 | M56: =SUM(E56:L56) -> 149
B57: 13. | C57: MOHAMMAD TRIJANTO, S.H., M.M., M.H. | E57: 0 | F57: 3 | G57: 3 | H57: 2 | I57: 4 | J57: 4 | K57: 0 | L57: 1 | M57: =SUM(E57:L57) -> 17
A59: V | B59: DATA SUARA SAH DAN TIDAK SAH
B60: A. | C60: JUMLAH SELURUH SUARA SAH | E60: =SUM(E45:E57) -> 153 | F60: =SUM(F45:F57) -> 184 | G60: =SUM(G45:G57) -> 171 | H60: =SUM(H45:H57) -> 186 | I60: =SUM(I45:I57) -> 187 | J60: =SUM(J45:J57) -> 147 | K60: =SUM(K45:K57) -> 155 | L60: =SUM(L45:L57) -> 148 | M60: =SUM(E60:L60) -> 1331
B61: B. | C61: JUMLAH SUARA TIDAK SAH | E61: 27 | F61: 46 | G61: 57 | H61: 56 | I61: 52 | J61: 41 | K61: 54 | L61: 42 | M61: =SUM(E61:L61) -> 375
B62: C. | C62: JUMLAH SELURUH SUARA SAH DAN SUARA TIDAK SAH (V.A + V.B) | E62: =SUM(E60:E61) -> 180 | F62: =SUM(F60:F61) -> 230 | G62: =SUM(G60:G61) -> 228 | H62: =SUM(H60:H61) -> 242 | I62: =SUM(I60:I61) -> 239 | J62: =SUM(J60:J61) -> 188 | K62: =SUM(K60:K61) -> 209 | L62: =SUM(L60:L61) -> 190 | M62: =SUM(E62:L62) -> 1706

Sheet KAMPUNGMANDAR
C2: Kecamatan | D2: BANYUWANGI
C3: Kabupaten | D3: BANYUWANGI
C4: Provinsi | D4: JAWA TIMUR
C9: Kelurahan | D9: KAMPUNGMANDAR
A12: I | B12: DATA PEMILIH DAN PENGGUNAAN HAK PILIH | P12: JUMLAH AKHIR
A13: A | B13: DATA PEMILIH | E13: TPS 001 | F13: TPS 002 | G13: TPS 003 | H13: TPS 004 | I13: TPS 005 | J13: TPS 006 | K13: TPS 007 | L13: TPS 008 | M13: TPS 009 | N13: TPS 010 | O13: TPS 011
B14: Jumlah Pemilih dalam Daftar Pemilih Tetap (DPT) | D14: LK | E14: 136 | F14: 117 | G14: 134 | H14: 137 | I14: 136 | J14: 103 | K14: 131 | L14: 126 | M14: 100 | N14: 130 | O14: 146 | P14: =SUM(E14:O14) -> 1396
D15: PR | E15: 136 | F15: 131 | G15: 135 | H15: 131 | I15: 142 | J15: 98 | K15: 148 | L15: 98 | M15: 122 | N15: 151 | O15: 142 | P15: =SUM(E15:O15) -> 1434
D16: JML | E16: =SUM(E14:E15) -> 272 | F16: =SUM(F14:F15) -> 248 | G16: =SUM(G14:G15) -> 269 | H16: =SUM(H14:H15) -> 268 | I16: =SUM(I14:I15) -> 278 | J16: =SUM(J14:J15) -> 201 | K16: =SUM(K14:K15) -> 279 | L16: =SUM(L14:L15) -> 224 | ... O16: =SUM(O14:O15) -> 288 | P16: =SUM(E16:O16) -> 2830
A18: B | B18: PENGGUNA HAK PILIH
B19: 1. | C19: Jumlah pengguna hak pilih dalam Daftar Pemilih Tetap (DPT) | D19: LK | E19: 82 | F19: 79 | G19: 87 | H19: 101 | I19: 98 | J19: 86 | K19: 99 | L19: 93 | M19: 76 | N19: 88 | O19: 106 | P19: =SUM(E19:O19) -> 995
D20: PR | E20: 90 | F20: 102 | G20: 111 | H20: 102 | I20: 105 | J20: 85 | K20: 122 | L20: 80 | M20: 95 | N20: 122 | O20: 114 | P20: =SUM(E20:O20) -> 1128
D21: JML | E21: =SUM(E19:E20) -> 172 | F21: =SUM(F19:F20) -> 181 | G21: =SUM(G19:G20) -> 198 | H21: =SUM(H19:H20) -> 203 | I21: =SUM(I19:I20) -> 203 | J21: =SUM(J19:J20) -> 171 | K21: =SUM(K19:K20) -> 221 | L21: =SUM(L19:L20) -> 173 | ... O21: =SUM(O19:O20) -> 220 | P21: =SUM(E21:O21) -> 2123
B22: 2. | C22: Jumlah pengguna hak pilih dalam Daftar Pemilih Tambahan (DPTb) | D22: LK | E22: 0 | F22: 0 | G22: 0 | H22: 0 | I22: 0 | J22: 0 | K22: 0 | L22: 0 | M22: 0 | N22: 0 | O22: 0 | P22: =SUM(E22:O22) -> 0
D23: PR | E23: 0 | F23: 0 | G23: 0 | H23: 0 | I23: 0 | J23: 0 | K23: 0 | L23: 0 | M23: 0 | N23: 0 | O23: 0 | P23: =SUM(E23:O23) -> 0
D24: JML | E24: =SUM(E22:E23) -> 0 | F24: =SUM(F22:F23) -> 0 | G24: =SUM(G22:G23) -> 0 | H24: =SUM(H22:H23) -> 0 | I24: =SUM(I22:I23) -> 0 | J24: =SUM(J22:J23) -> 0 | K24: =SUM(K22:K23) -> 0 | L24: =SUM(L22:L23) -> 0 | ... O24: =SUM(O22:O23) -> 0 | P24: =SUM(E24:O24) -> 0
B25: 3. | C25: Jumlah pengguna hak pilih dalam Daftar Pemilih Khusus (DPK) | D25: LK | E25: 3 | F25: 1 | G25: 2 | H25: 1 | I25: 3 | J25: 0 | K25: 2 | L25: 0 | M25: 6 | N25: 5 | O25: 6 | P25: =SUM(E25:O25) -> 29
D26: PR | E26: 1 | F26: 1 | G26: 2 | H26: 1 | I26: 4 | J26: 0 | K26: 1 | L26: 0 | M26: 3 | N26: 8 | O26: 2 | P26: =SUM(E26:O26) -> 23
D27: JML | E27: =SUM(E25:E26) -> 4 | F27: =SUM(F25:F26) -> 2 | G27: =SUM(G25:G26) -> 4 | H27: =SUM(H25:H26) -> 2 | I27: =SUM(I25:I26) -> 7 | J27: =SUM(J25:J26) -> 0 | K27: =SUM(K25:K26) -> 3 | L27: =SUM(L25:L26) -> 0 | ... O27: =SUM(O25:O26) -> 8 | P27: =SUM(E27:O27) -> 52
B28: 4. | C28: Jumlah Pengguna Hak Pilih (B.1+B.2+B.3) | D28: LK | E28: =SUM(E19,E22,E25) -> 85 | F28: =SUM(F19,F22,F25) -> 80 | G28: =SUM(G19,G22,G25) -> 89 | H28: =SUM(H19,H22,H25) -> 102 | I28: =SUM(I19,I22,I25) -> 101 | J28: =SUM(J19,J22,J25) -> 86 | K28: =SUM(K19,K22,K25) -> 101 | L28: =SUM(L19,L22,L25) -> 93 | ... O28: =SUM(O19,O22,O25) -> 112 | P28: =SUM(E28:O28) -> 1024
D29: PR | E29: =SUM(E20,E23,E26) -> 91 | F29: =SUM(F20,F23,F26) -> 103 | G29: =SUM(G20,G23,G26) -> 113 | H29: =SUM(H20,H23,H26) -> 103 | I29: =SUM(I20,I23,I26) -> 109 | J29: =SUM(J20,J23,J26) -> 85 | K29: =SUM(K20,K23,K26) -> 123 | L29: =SUM(L20,L23,L26) -> 80 | ... O29: =SUM(O20,O23,O26) -> 116 | P29: =SUM(E29:O29) -> 1151
D30: JML | E30: =SUM(E28:E29) -> 176 | F30: =SUM(F28:F29) -> 183 | G30: =SUM(G28:G29) -> 202 | H30: =SUM(H28:H29) -> 205 | I30: =SUM(I28:I29) -> 210 | J30: =SUM(J28:J29) -> 171 | K30: =SUM(K28:K29) -> 224 | L30: =SUM(L28:L29) -> 173 | ... O30: =SUM(O28:O29) -> 228 | P30: =SUM(E30:O30) -> 2175
A32: II | B32: DATA PENGGUNAAN SURAT SUARA
A33: 1 | B33: Jumlah surat suara yang diterima, termasuk surat suara cadangan 2% dari DPT | E33: 278 | F33: 255 | G33: 271 | H33: 274 | I33: 284 | J33: 284 | K33: 283 | L33: 229 | M33: 286 | N33: 287 | O33: 300 | P33: =SUM(E33:O33) -> 3031
A34: 2 | B34: Jumlah surat suara yang digunakan | E34: 176 | F34: 183 | G34: 202 | H34: 205 | I34: 210 | J34: 171 | K34: 224 | L34: 173 | M34: 180 | N34: 223 | O34: 228 | P34: =SUM(E34:O34) -> 2175
A35: 3 | B35: Jumlah surat suara dikembalikan oleh pemilih (karena rusak atau keliru coblos) | E35: 1 | F35: 0 | G35: 0 | H35: 0 | I35: 1 | J35: 0 | K35: 0 | L35: 0 | M35: 1 | N35: 0 | O35: 0 | P35: =SUM(E35:O35) -> 3
A36: 4 | B36: Jumlah surat suara yang tidak digunakan/tidak terpakai, termasuk sisa surat suara cadangan | E36: =E33-(E34+E35) -> 101 | F36: =F33-(F34+F35) -> 72 | G36: =G33-(G34+G35) -> 69 | H36: =H33-(H34+H35) -> 69 | I36: =I33-(I34+I35) -> 73 | J36: =J33-(J34+J35) -> 113 | K36: =K33-(K34+K35) -> 59 | L36: =L33-(L34+L35) -> 56 | ... O36: =O33-(O34+O35) -> 72 | P36: =SUM(E36:O36) -> 853
A38: III | B38: DATA PEMILIH DISABILITAS
B39: Jumlah seluruh Pemilih disabilitas yang menggunakan hak pilih | D39: LK | K39: 1 | P39: =SUM(E39:O39) -> 1
D40: PR | E40: 1 | G40: 1 | K40: 1 | P40: =SUM(E40:O40) -> 3
D41: JML | E41: =SUM(E39:E40) -> 1 | F41: =SUM(F39:F40) -> 0 | G41: =SUM(G39:G40) -> 1 | H41: =SUM(H39:H40) -> 0 | I41: =SUM(I39:I40) -> 0 | J41: =SUM(J39:J40) -> 0 | K41: =SUM(K39:K40) -> 2 | L41: =SUM(L39:L40) -> 0 | ... O41: =SUM(O39:O40) -> 0 | P41: =SUM(E41:O41) -> 4
A43: IV | B43: DATA RINCIAN PEROLEHAN SUARA PASANGAN CALON BUPATI DAN WAKIL BUPATI
A44: NOMOR DAN NAMA CALON
B45: 1. | C45: AA. AHMAD NAWARDI | E45: 10 | F45: 8 | G45: 12 | H45: 10 | I45: 9 | J45: 11 | K45: 17 | L45: 8 | M45: 12 | N45: 13 | O45: 16 | P45: =SUM(E45:O45) -> 126
B46: 2. | C46: Ir. H. AA LA NYALLA MAHMUD MATTALITI, M.HP. | E46: 32 | F46: 21 | G46: 29 | H46: 22 | I46: 26 | J46: 25 | K46: 21 | L46: 19 | M46: 23 | N46: 36 | O46: 32 | P46: =SUM(E46:O46) -> 286
B47: 3. | C47: ABDUL QADIR AMIR HARTONO, S.E., S.H., M.H. | E47: 9 | F47: 7 | G47: 9 | H47: 17 | I47: 16 | J47: 9 | K47: 16 | L47: 22 | M47: 11 | N47: 9 | O47: 17 | P47: =SUM(E47:O47) -> 142
B48: 4. | C48: ADILLA AZIS, S.E. | E48: 13 | F48: 17 | G48: 18 | H48: 18 | I48: 18 | J48: 22 | K48: 21 | L48: 18 | M48: 16 | N48: 24 | O48: 22 | P48: =SUM(E48:O48) -> 207
B49: 5. | C49: Ir. H. AGUS RAHARDJO, MSc.M. | E49: 19 | F49: 23 | G49: 18 | H49: 28 | I49: 19 | J49: 10 | K49: 22 | L49: 17 | M49: 21 | N49: 16 | O49: 22 | P49: =SUM(E49:O49) -> 215
B50: 6. | C50: Drs. AYUB KHAN | E50: 8 | F50: 9 | G50: 11 | H50: 9 | I50: 19 | J50: 13 | K50: 6 | L50: 13 | M50: 16 | N50: 8 | O50: 10 | P50: =SUM(E50:O50) -> 122
B51: 7. | C51: BAMBANG HARIANTO | E51: 1 | F51: 3 | G51: 2 | H51: 5 | I51: 4 | J51: 3 | K51: 1 | L51: 0 | M51: 2 | N51: 0 | O51: 2 | P51: =SUM(E51:O51) -> 23
B52: 8. | C52: CATUR RUDI UTANTO, S.Sos. | E52: 4 | F52: 2 | G52: 2 | H52: 5 | I52: 2 | J52: 1 | K52: 2 | L52: 4 | M52: 9 | N52: 5 | O52: 1 | P52: =SUM(E52:O52) -> 37
B53: 9. | C53: DODDY DWI NUGROHO | E53: 2 | F53: 0 | G53: 1 | H53: 0 | I53: 3 | J53: 1 | K53: 1 | L53: 0 | M53: 2 | N53: 2 | O53: 2 | P53: =SUM(E53:O53) -> 14
B54: 10. | C54: KONDANG KUSUMANING AYU | E54: 23 | F54: 22 | G54: 20 | H54: 20 | I54: 17 | J54: 12 | K54: 21 | L54: 18 | M54: 17 | N54: 34 | O54: 31 | P54: =SUM(E54:O54) -> 235
B55: 11. | C55: KUNJUNG WAHYUDI | E55: 1 | F55: 0 | G55: 0 | H55: 2 | I55: 1 | J55: 2 | K55: 3 | L55: 0 | M55: 0 | N55: 1 | O55: 0 | P55: =SUM(E55:O55) -> 10
B56: 12. | C56: Dr. LIA ISTIFHAMA | E56: 12 | F56: 13 | G56: 13 | H56: 8 | I56: 22 | J56: 15 | K56: 14 | L56: 11 | M56: 9 | N56: 19 | O56: 18 | P56: =SUM(E56:O56) -> 154
B57: 13. | C57: MOHAMMAD TRIJANTO, S.H., M.M., M.H. | E57: 3 | F57: 4 | G57: 2 | H57: 2 | I57: 3 | J57: 3 | K57: 2 | L57: 2 | M57: 2 | N57: 4 | O57: 4 | P57: =SUM(E57:O57) -> 31
A59: V | B59: DATA SUARA SAH DAN TIDAK SAH
B60: A. | C60: JUMLAH SELURUH SUARA SAH | E60: =SUM(E45:E57) -> 137 | F60: =SUM(F45:F57) -> 129 | G60: =SUM(G45:G57) -> 137 | H60: =SUM(H45:H57) -> 146 | I60: =SUM(I45:I57) -> 159 | J60: =SUM(J45:J57) -> 127 | K60: =SUM(K45:K57) -> 147 | L60: =SUM(L45:L57) -> 132 | ... O60: =SUM(O45:O57) -> 177 | P60: =SUM(E60:O60) -> 1602
B61: B. | C61: JUMLAH SUARA TIDAK SAH | E61: 39 | F61: 54 | G61: 65 | H61: 59 | I61: 51 | J61: 44 | K61: 77 | L61: 41 | M61: 40 | N61: 52 | O61: 51 | P61: =SUM(E61:O61) -> 573
B62: C. | C62: JUMLAH SELURUH SUARA SAH DAN SUARA TIDAK SAH (V.A + V.B) | E62: =SUM(E60:E61) -> 176 | F62: =SUM(F60:F61) -> 183 | G62: =SUM(G60:G61) -> 202 | H62: =SUM(H60:H61) -> 205 | I62: =SUM(I60:I61) -> 210 | J62: =SUM(J60:J61) -> 171 | K62: =SUM(K60:K61) -> 224 | L62: =SUM(L60:L61) -> 173 | ... O62: =SUM(O60:O61) -> 228 | P62: =SUM(E62:O62) -> 2175

Sheet LATENG
C2: Kecamatan | D2: BANYUWANGI
C3: Kabupaten | D3: BANYUWANGI
C4: Provinsi | D4: JAWA TIMUR
C9: Kelurahan | D9: LATENG
A12: I | B12: DATA PEMILIH DAN PENGGUNAAN HAK PILIH | AD12: JUMLAH AKHIR
A13: A | B13: DATA PEMILIH | E13: TPS 001 | F13: TPS 002 | G13: TPS 003 | H13: TPS 004 | I13: TPS 005 | J13: TPS 006 | K13: TPS 007 | L13: TPS 008 | M13: TPS 009 | N13: TPS 010 | O13: TPS 011 | P13: TPS 012 | Q13: TPS 013 | R13: TPS 014 | S13: TPS 015 | T13: TPS 016 | U13: TPS 017 | V13: TPS 018 | W13: TPS 019 | X13: TPS 020 | Y13: TPS 021 | Z13: TPS 022 | AA13: TPS 023 | AB13: TPS 024 | AC13: TPS 025
B14: Jumlah Pemilih dalam Daftar Pemilih Tetap (DPT) | D14: LK | E14: 139 | F14: 140 | G14: 136 | H14: 118 | I14: 125 | J14: 145 | K14: 127 | L14: 112 | M14: 128 | N14: 109 | O14: 138 | P14: 143 | Q14: 141 | R14: 128 | S14: 134 | T14: 129 | U14: 112 | V14: 114 | W14: 117 | X14: 114 | Y14: 119 | Z14: 127 | AA14: 134 | AB14: 135 | AC14: 133 | AD14: =SUM(E14:AC14) -> 3197
D15: PR | E15: 133 | F15: 144 | G15: 148 | H15: 129 | I15: 136 | J15: 127 | K15: 121 | L15: 118 | M15: 134 | N15: 132 | O15: 142 | P15: 138 | Q15: 140 | R15: 133 | S15: 131 | T15: 135 | U15: 127 | V15: 117 | W15: 134 | X15: 128 | Y15: 136 | Z15: 130 | AA15: 146 | AB15: 124 | AC15: 138 | AD15: =SUM(E15:AC15) -> 3321
D16: JML | E16: =SUM(E14:E15) -> 272 | F16: =SUM(F14:F15) -> 284 | G16: =SUM(G14:G15) -> 284 | H16: =SUM(H14:H15) -> 247 | I16: =SUM(I14:I15) -> 261 | J16: =SUM(J14:J15) -> 272 | K16: =SUM(K14:K15) -> 248 | L16: =SUM(L14:L15) -> 230 | ... AC16: =SUM(AC14:AC15) -> 271 | AD16: =SUM(E16:AC16) -> 6518
A18: B | B18: PENGGUNA HAK PILIH
B19: 1. | C19: Jumlah pengguna hak pilih dalam Daftar Pemilih Tetap (DPT) | D19: LK | E19: 97 | F19: 98 | G19: 96 | H19: 85 | I19: 101 | J19: 118 | K19: 90 | L19: 79 | M19: 101 | N19: 77 | O19: 93 | P19: 104 | Q19: 117 | R19: 93 | S19: 105 | T19: 94 | U19: 77 | V19: 91 | W19: 90 | X19: 91 | Y19: 94 | Z19: 97 | AA19: 107 | AB19: 106 | AC19: 105 | AD19: =SUM(E19:AC19) -> 2406
D20: PR | E20: 104 | F20: 119 | G20: 119 | H20: 94 | I20: 111 | J20: 101 | K20: 92 | L20: 98 | M20: 115 | N20: 102 | O20: 108 | P20: 118 | Q20: 123 | R20: 100 | S20: 106 | T20: 104 | U20: 110 | V20: 90 | W20: 114 | X20: 108 | Y20: 101 | Z20: 112 | AA20: 114 | AB20: 106 | AC20: 99 | AD20: =SUM(E20:AC20) -> 2668
D21: JML | E21: =SUM(E19:E20) -> 201 | F21: =SUM(F19:F20) -> 217 | G21: =SUM(G19:G20) -> 215 | H21: =SUM(H19:H20) -> 179 | I21: =SUM(I19:I20) -> 212 | J21: =SUM(J19:J20) -> 219 | K21: =SUM(K19:K20) -> 182 | L21: =SUM(L19:L20) -> 177 | ... AC21: =SUM(AC19:AC20) -> 204 | AD21: =SUM(E21:AC21) -> 5074
B22: 2. | C22: Jumlah pengguna hak pilih dalam Daftar Pemilih Tambahan (DPTb) | D22: LK | E22: 0 | F22: 0 | G22: 0 | H22: 0 | I22: 1 | J22: 0 | K22: 0 | L22: 0 | M22: 0 | N22: 0 | O22: 0 | P22: 0 | Q22: 0 | R22: 0 | S22: 0 | T22: 1 | U22: 0 | V22: 0 | W22: 0 | X22: 0 | Y22: 0 | Z22: 0 | AA22: 0 | AB22: 2 | AC22: 0 | AD22: =SUM(E22:AC22) -> 4
D23: PR | E23: 0 | F23: 0 | G23: 0 | H23: 0 | I23: 1 | J23: 0 | K23: 1 | L23: 0 | M23: 0 | N23: 0 | O23: 1 | P23: 1 | Q23: 0 | R23: 0 | S23: 0 | T23: 0 | U23: 0 | V23: 0 | W23: 0 | X23: 0 | Y23: 0 | Z23: 1 | AA23: 0 | AB23: 1 | AC23: 0 | AD23: =SUM(E23:AC23) -> 6
D24: JML | E24: =SUM(E22:E23) -> 0 | F24: =SUM(F22:F23) -> 0 | G24: =SUM(G22:G23) -> 0 | H24: =SUM(H22:H23) -> 0 | I24: =SUM(I22:I23) -> 2 | J24: =SUM(J22:J23) -> 0 | K24: =SUM(K22:K23) -> 1 | L24: =SUM(L22:L23) -> 0 | ... AC24: =SUM(AC22:AC23) -> 0 | AD24: =SUM(E24:AC24) -> 10
B25: 3. | C25: Jumlah pengguna hak pilih dalam Daftar Pemilih Khusus (DPK) | D25: LK | E25: 2 | F25: 2 | G25: 0 | H25: 2 | I25: 0 | J25: 0 | K25: 1 | L25: 0 | M25: 0 | N25: 0 | O25: 1 | P25: 0 | Q25: 0 | R25: 0 | S25: 2 | T25: 0 | U25: 0 | V25: 0 | W25: 3 | X25: 2 | Y25: 1 | Z25: 4 | AA25: 2 | AB25: 2 | AC25: 0 | AD25: =SUM(E25:AC25) -> 24
D26: PR | E26: 3 | F26: 1 | G26: 0 | H26: 3 | I26: 2 | J26: 0 | K26: 2 | L26: 1 | M26: 3 | N26: 0 | O26: 1 | P26: 0 | Q26: 0 | R26: 3 | S26: 2 | T26: 3 | U26: 2 | V26: 0 | W26: 1 | X26: 1 | Y26: 0 | Z26: 1 | AA26: 4 | AB26: 3 | AC26: 3 | AD26: =SUM(E26:AC26) -> 39
D27: JML | E27: =SUM(E25:E26) -> 5 | F27: =SUM(F25:F26) -> 3 | G27: =SUM(G25:G26) -> 0 | H27: =SUM(H25:H26) -> 5 | I27: =SUM(I25:I26) -> 2 | J27: =SUM(J25:J26) -> 0 | K27: =SUM(K25:K26) -> 3 | L27: =SUM(L25:L26) -> 1 | ... AC27: =SUM(AC25:AC26) -> 3 | AD27: =SUM(E27:AC27) -> 63
B28: 4. | C28: Jumlah Pengguna Hak Pilih (B.1+B.2+B.3) | D28: LK | E28: =SUM(E19,E22,E25) -> 99 | F28: =SUM(F19,F22,F25) -> 100 | G28: =SUM(G19,G22,G25) -> 96 | H28: =SUM(H19,H22,H25) -> 87 | I28: =SUM(I19,I22,I25) -> 102 | J28: =SUM(J19,J22,J25) -> 118 | K28: =SUM(K19,K22,K25) -> 91 | L28: =SUM(L19,L22,L25) -> 79 | ... AC28: =SUM(AC19,AC22,AC25) -> 105 | AD28: =SUM(E28:AC28) -> 2434
D29: PR | E29: =SUM(E20,E23,E26) -> 107 | F29: =SUM(F20,F23,F26) -> 120 | G29: =SUM(G20,G23,G26) -> 119 | H29: =SUM(H20,H23,H26) -> 97 | I29: =SUM(I20,I23,I26) -> 114 | J29: =SUM(J20,J23,J26) -> 101 | K29: =SUM(K20,K23,K26) -> 95 | L29: =SUM(L20,L23,L26) -> 99 | ... AC29: =SUM(AC20,AC23,AC26) -> 102 | AD29: =SUM(E29:AC29) -> 2713
D30: JML | E30: =SUM(E28:E29) -> 206 | F30: =SUM(F28:F29) -> 220 | G30: =SUM(G28:G29) -> 215 | H30: =SUM(H28:H29) -> 184 | I30: =SUM(I28:I29) -> 216 | J30: =SUM(J28:J29) -> 219 | K30: =SUM(K28:K29) -> 186 | L30: =SUM(L28:L29) -> 178 | ... AC30: =SUM(AC28:AC29) -> 207 | AD30: =SUM(E30:AC30) -> 5147
A32: II | B32: DATA PENGGUNAAN SURAT SUARA
A33: 1 | B33: Jumlah surat suara yang diterima, termasuk surat suara cadangan 2% dari DPT | E33: 278 | F33: 290 | G33: 290 | H33: 252 | I33: 267 | J33: 279 | K33: 253 | L33: 235 | M33: 268 | N33: 246 | O33: 286 | P33: 287 | Q33: 288 | R33: 267 | S33: 271 | T33: 270 | U33: 246 | V33: 236 | W33: 256 | X33: 251 | Y33: 261 | Z33: 263 | AA33: 286 | AB33: 265 | AC33: 276 | AD33: =SUM(E33:AC33) -> 6667
A34: 2 | B34: Jumlah surat suara yang digunakan | E34: 206 | F34: 220 | G34: 215 | H34: 184 | I34: 216 | J34: 219 | K34: 186 | L34: 178 | M34: 219 | N34: 179 | O34: 204 | P34: 223 | Q34: 240 | R34: 196 | S34: 215 | T34: 202 | U34: 189 | V34: 181 | W34: 208 | X34: 202 | Y34: 196 | Z34: 215 | AA34: 227 | AB34: 220 | AC34: 207 | AD34: =SUM(E34:AC34) -> 5147
A35: 3 | B35: Jumlah surat suara dikembalikan oleh pemilih (karena rusak atau keliru coblos) | E35: 0 | F35: 0 | G35: 0 | H35: 0 | I35: 2 | J35: 0 | K35: 0 | L35: 0 | M35: 0 | N35: 0 | O35: 0 | P35: 0 | Q35: 0 | R35: 0 | S35: 1 | T35: 0 | U35: 0 | V35: 0 | W35: 0 | X35: 0 | Y35: 0 | Z35: 1 | AA35: 1 | AB35: 0 | AC35: 0 | AD35: =SUM(E35:AC35) -> 5
A36: 4 | B36: Jumlah surat suara yang tidak digunakan/tidak terpakai, termasuk sisa surat suara cadangan | E36: =E33-(E34+E35) -> 72 | F36: =F33-(F34+F35) -> 70 | G36: =G33-(G34+G35) -> 75 | H36: =H33-(H34+H35) -> 68 | I36: =I33-(I34+I35) -> 49 | J36: =J33-(J34+J35) -> 60 | K36: =K33-(K34+K35) -> 67 | L36: =L33-(L34+L35) -> 57 | ... AC36: =AC33-(AC34+AC35) -> 69 | AD36: =SUM(E36:AC36) -> 1515
A38: III | B38: DATA PEMILIH DISABILITAS
B39: Jumlah seluruh Pemilih disabilitas yang menggunakan hak pilih | D39: LK | E39: 1 | N39: 1 | R39: 2 | Y39: 1 | AA39: 2 | AB39: 2 | AD39: =SUM(E39:AC39) -> 9
D40: PR | E40: 1 | L40: 2 | R40: 2 | AA40: 1 | AB40: 1 | AD40: =SUM(E40:AC40) -> 7
D41: JML | E41: =SUM(E39:E40) -> 2 | F41: =SUM(F39:F40) -> 0 | G41: =SUM(G39:G40) -> 0 | H41: =SUM(H39:H40) -> 0 | I41: =SUM(I39:I40) -> 0 | J41: =SUM(J39:J40) -> 0 | K41: =SUM(K39:K40) -> 0 | L41: =SUM(L39:L40) -> 2 | ... AC41: =SUM(AC39:AC40) -> 0 | AD41: =SUM(E41:AC41) -> 16
A43: IV | B43: DATA RINCIAN PEROLEHAN SUARA PASANGAN CALON BUPATI DAN WAKIL BUPATI
A44: NOMOR DAN NAMA CALON
B45: 1. | C45: AA. AHMAD NAWARDI | E45: 10 | F45: 14 | G45: 9 | H45: 5 | I45: 18 | J45: 9 | K45: 13 | L45: 13 | M45: 11 | N45: 13 | O45: 11 | P45: 12 | Q45: 15 | R45: 5 | S45: 10 | T45: 6 | U45: 5 | V45: 9 | W45: 13 | X45: 10 | Y45: 5 | Z45: 11 | AA45: 11 | AB45: 25 | AC45: 17 | AD45: =SUM(E45:AC45) -> 280
B46: 2. | C46: Ir. H. AA LA NYALLA MAHMUD MATTALITI, M.HP. | E46: 24 | F46: 19 | G46: 31 | H46: 31 | I46: 28 | J46: 33 | K46: 22 | L46: 16 | M46: 24 | N46: 15 | O46: 12 | P46: 26 | Q46: 45 | R46: 31 | S46: 33 | T46: 15 | U46: 22 | V46: 22 | W46: 28 | X46: 32 | Y46: 43 | Z46: 26 | AA46: 38 | AB46: 28 | AC46: 36 | AD46: =SUM(E46:AC46) -> 680
B47: 3. | C47: ABDUL QADIR AMIR HARTONO, S.E., S.H., M.H. | E47: 17 | F47: 14 | G47: 20 | H47: 8 | I47: 14 | J47: 14 | K47: 13 | L47: 14 | M47: 12 | N47: 4 | O47: 8 | P47: 9 | Q47: 13 | R47: 8 | S47: 12 | T47: 8 | U47: 2 | V47: 3 | W47: 7 | X47: 8 | Y47: 8 | Z47: 5 | AA47: 10 | AB47: 13 | AC47: 11 | AD47: =SUM(E47:AC47) -> 255
B48: 4. | C48: ADILLA AZIS, S.E. | E48: 21 | F48: 25 | G48: 22 | H48: 30 | I48: 31 | J48: 39 | K48: 30 | L48: 29 | M48: 35 | N48: 53 | O48: 73 | P48: 47 | Q48: 46 | R48: 40 | S48: 46 | T48: 44 | U48: 61 | V48: 38 | W48: 20 | X48: 25 | Y48: 10 | Z48: 32 | AA48: 29 | AB48: 19 | AC48: 21 | AD48: =SUM(E48:AC48) -> 866
B49: 5. | C49: Ir. H. AGUS RAHARDJO, MSc.M. | E49: 28 | F49: 21 | G49: 18 | H49: 14 | I49: 21 | J49: 19 | K49: 19 | L49: 15 | M49: 26 | N49: 42 | O49: 38 | P49: 53 | Q49: 23 | R49: 25 | S49: 31 | T49: 52 | U49: 48 | V49: 46 | W49: 14 | X49: 16 | Y49: 18 | Z49: 27 | AA49: 19 | AB49: 28 | AC49: 22 | AD49: =SUM(E49:AC49) -> 683
B50: 6. | C50: Drs. AYUB KHAN | E50: 6 | F50: 10 | G50: 13 | H50: 4 | I50: 14 | J50: 5 | K50: 10 | L50: 10 | M50: 12 | N50: 19 | O50: 11 | P50: 14 | Q50: 15 | R50: 16 | S50: 13 | T50: 18 | U50: 20 | V50: 13 | W50: 11 | X50: 10 | Y50: 7 | Z50: 17 | AA50: 13 | AB50: 14 | AC50: 6 | AD50: =SUM(E50:AC50) -> 301
B51: 7. | C51: BAMBANG HARIANTO | E51: 2 | F51: 0 | G51: 0 | H51: 1 | I51: 3 | J51: 0 | K51: 2 | L51: 3 | M51: 2 | N51: 0 | O51: 0 | P51: 1 | Q51: 1 | R51: 1 | S51: 3 | T51: 0 | U51: 0 | V51: 1 | W51: 1 | X51: 5 | Y51: 2 | Z51: 2 | AA51: 6 | AB51: 3 | AC51: 3 | AD51: =SUM(E51:AC51) -> 42
B52: 8. | C52: CATUR RUDI UTANTO, S.Sos. | E52: 7 | F52: 1 | G52: 2 | H52: 5 | I52: 2 | J52: 3 | K52: 4 | L52: 3 | M52: 9 | N52: 3 | O52: 4 | P52: 3 | Q52: 1 | R52: 2 | S52: 3 | T52: 2 | U52: 1 | V52: 3 | W52: 1 | X52: 5 | Y52: 0 | Z52: 1 | AA52: 1 | AB52: 4 | AC52: 2 | AD52: =SUM(E52:AC52) -> 72
B53: 9. | C53: DODDY DWI NUGROHO | E53: 1 | F53: 0 | G53: 1 | H53: 0 | I53: 1 | J53: 0 | K53: 1 | L53: 0 | M53: 1 | N53: 0 | O53: 0 | P53: 0 | Q53: 2 | R53: 0 | S53: 2 | T53: 1 | U53: 1 | V53: 1 | W53: 1 | X53: 1 | Y53: 1 | Z53: 0 | AA53: 0 | AB53: 0 | AC53: 1 | AD53: =SUM(E53:AC53) -> 16
B54: 10. | C54: KONDANG KUSUMANING AYU | E54: 27 | F54: 33 | G54: 30 | H54: 24 | I54: 23 | J54: 26 | K54: 16 | L54: 17 | M54: 27 | N54: 9 | O54: 7 | P54: 12 | Q54: 14 | R54: 25 | S54: 15 | T54: 10 | U54: 10 | V54: 11 | W54: 32 | X54: 21 | Y54: 21 | Z54: 25 | AA54: 31 | AB54: 28 | AC54: 25 | AD54: =SUM(E54:AC54) -> 519
B55: 11. | C55: KUNJUNG WAHYUDI | E55: 2 | F55: 1 | G55: 3 | H55: 1 | I55: 2 | J55: 0 | K55: 5 | L55: 1 | M55: 4 | N55: 0 | O55: 0 | P55: 1 | Q55: 1 | R55: 1 | S55: 1 | T55: 0 | U55: 0 | V55: 0 | W55: 2 | X55: 1 | Y55: 1 | Z55: 2 | AA55: 3 | AB55: 1 | AC55: 2 | AD55: =SUM(E55:AC55) -> 35
B56: 12. | C56: Dr. LIA ISTIFHAMA | E56: 23 | F56: 26 | G56: 18 | H56: 16 | I56: 12 | J56: 15 | K56: 12 | L56: 23 | M56: 13 | N56: 2 | O56: 8 | P56: 10 | Q56: 11 | R56: 11 | S56: 14 | T56: 11 | U56: 1 | V56: 5 | W56: 14 | X56: 11 | Y56: 18 | Z56: 15 | AA56: 12 | AB56: 17 | AC56: 14 | AD56: =SUM(E56:AC56) -> 332
B57: 13. | C57: MOHAMMAD TRIJANTO, S.H., M.M., M.H. | E57: 3 | F57: 5 | G57: 7 | H57: 4 | I57: 4 | J57: 6 | K57: 3 | L57: 3 | M57: 1 | N57: 3 | O57: 2 | P57: 4 | Q57: 1 | R57: 2 | S57: 1 | T57: 0 | U57: 1 | V57: 3 | W57: 0 | X57: 2 | Y57: 2 | Z57: 0 | AA57: 3 | AB57: 3 | AC57: 5 | AD57: =SUM(E57:AC57) -> 68
A59: V | B59: DATA SUARA SAH DAN TIDAK SAH
B60: A. | C60: JUMLAH SELURUH SUARA SAH | E60: =SUM(E45:E57) -> 171 | F60: =SUM(F45:F57) -> 169 | G60: =SUM(G45:G57) -> 174 | H60: =SUM(H45:H57) -> 143 | I60: =SUM(I45:I57) -> 173 | J60: =SUM(J45:J57) -> 169 | K60: =SUM(K45:K57) -> 150 | L60: =SUM(L45:L57) -> 147 | ... AC60: =SUM(AC45:AC57) -> 165 | AD60: =SUM(E60:AC60) -> 4149
B61: B. | C61: JUMLAH SUARA TIDAK SAH | E61: 35 | F61: 51 | G61: 41 | H61: 41 | I61: 43 | J61: 50 | K61: 36 | L61: 31 | M61: 42 | N61: 16 | O61: 30 | P61: 31 | Q61: 52 | R61: 29 | S61: 31 | T61: 35 | U61: 17 | V61: 26 | W61: 64 | X61: 55 | Y61: 60 | Z61: 52 | AA61: 51 | AB61: 37 | AC61: 42 | AD61: =SUM(E61:AC61) -> 998
B62: C. | C62: JUMLAH SELURUH SUARA SAH DAN SUARA TIDAK SAH (V.A + V.B) | E62: =SUM(E60:E61) -> 206 | F62: =SUM(F60:F61) -> 220 | G62: =SUM(G60:G61) -> 215 | H62: =SUM(H60:H61) -> 184 | I62: =SUM(I60:I61) -> 216 | J62: =SUM(J60:J61) -> 219 | K62: =SUM(K60:K61) -> 186 | L62: =SUM(L60:L61) -> 178 | ... AC62: =SUM(AC60:AC61) -> 207 | AD62: =SUM(E62:AC62) -> 5147

Sheet SINGOTRUNAN
C2: Kecamatan | D2: BANYUWANGI
C3: Kabupaten | D3: BANYUWANGI
C4: Provinsi | D4: JAWA TIMUR
C9: Kelurahan | D9: SINGOTRUNAN
A12: I | B12: DATA PEMILIH DAN PENGGUNAAN HAK PILIH | AE12: JUMLAH AKHIR
A13: A | B13: DATA PEMILIH | E13: TPS 001 | F13: TPS 002 | G13: TPS 003 | H13: TPS 004 | I13: TPS 005 | J13: TPS 006 | K13: TPS 007 | L13: TPS 008 | M13: TPS 009 | N13: TPS 010 | O13: TPS 011 | P13: TPS 012 | Q13: TPS 013 | R13: TPS 014 | S13: TPS 015 | T13: TPS 016 | U13: TPS 017 | V13: TPS 018 | W13: TPS 019 | X13: TPS 020 | Y13: TPS 021 | Z13: TPS 022 | AA13: TPS 023 | AB13: TPS 024 | AC13: TPS 025 | AD13: TPS 026
B14: Jumlah Pemilih dalam Daftar Pemilih Tetap (DPT) | D14: LK | E14: 120 | F14: 125 | G14: 128 | H14: 138 | I14: 105 | J14: 88 | K14: 151 | L14: 139 | M14: 114 | N14: 140 | O14: 131 | P14: 120 | Q14: 128 | R14: 137 | S14: 141 | T14: 121 | U14: 118 | V14: 125 | W14: 101 | X14: 128 | Y14: 127 | Z14: 104 | AA14: 110 | AB14: 136 | AC14: 119 | AD14: 129 | AE14: =SUM(E14:AD14) -> 3223
D15: PR | E15: 152 | F15: 148 | G15: 130 | H15: 154 | I15: 117 | J15: 100 | K15: 137 | L15: 154 | M15: 142 | N15: 151 | O15: 144 | P15: 111 | Q15: 124 | R15: 143 | S15: 145 | T15: 127 | U15: 150 | V15: 129 | W15: 103 | X15: 158 | Y15: 151 | Z15: 126 | AA15: 112 | AB15: 149 | AC15: 138 | AD15: 137 | AE15: =SUM(E15:AD15) -> 3532
D16: JML | E16: =SUM(E14:E15) -> 272 | F16: =SUM(F14:F15) -> 273 | G16: =SUM(G14:G15) -> 258 | H16: =SUM(H14:H15) -> 292 | I16: =SUM(I14:I15) -> 222 | J16: =SUM(J14:J15) -> 188 | K16: =SUM(K14:K15) -> 288 | L16: =SUM(L14:L15) -> 293 | ... AD16: =SUM(AD14:AD15) -> 266 | AE16: =SUM(E16:AD16) -> 6755
A18: B | B18: PENGGUNA HAK PILIH
B19: 1. | C19: Jumlah pengguna hak pilih dalam Daftar Pemilih Tetap (DPT) | D19: LK | E19: 78 | F19: 83 | G19: 96 | H19: 94 | I19: 77 | J19: 62 | K19: 117 | L19: 91 | M19: 78 | N19: 100 | O19: 91 | P19: 86 | Q19: 93 | R19: 102 | S19: 102 | T19: 81 | U19: 72 | V19: 87 | W19: 69 | X19: 102 | Y19: 93 | Z19: 83 | AA19: 79 | AB19: 91 | AC19: 83 | AD19: 108 | AE19: =SUM(E19:AD19) -> 2298
D20: PR | E20: 108 | F20: 110 | G20: 99 | H20: 116 | I20: 84 | J20: 78 | K20: 113 | L20: 118 | M20: 113 | N20: 115 | O20: 115 | P20: 91 | Q20: 104 | R20: 112 | S20: 125 | T20: 97 | U20: 108 | V20: 109 | W20: 78 | X20: 129 | Y20: 120 | Z20: 106 | AA20: 87 | AB20: 116 | AC20: 106 | AD20: 118 | AE20: =SUM(E20:AD20) -> 2775
D21: JML | E21: =SUM(E19:E20) -> 186 | F21: =SUM(F19:F20) -> 193 | G21: =SUM(G19:G20) -> 195 | H21: =SUM(H19:H20) -> 210 | I21: =SUM(I19:I20) -> 161 | J21: =SUM(J19:J20) -> 140 | K21: =SUM(K19:K20) -> 230 | L21: =SUM(L19:L20) -> 209 | ... AB21: =SUM(AB19:AB20) -> 207 | AD21: =SUM(AD19:AD20) -> 226 | AE21: =SUM(E21:AD21) -> 4884
B22: 2. | C22: Jumlah pengguna hak pilih dalam Daftar Pemilih Tambahan (DPTb) | D22: LK | E22: 0 | F22: 0 | G22: 1 | H22: 0 | I22: 0 | J22: 2 | K22: 0 | L22: 0 | M22: 0 | N22: 0 | O22: 0 | P22: 0 | Q22: 0 | R22: 0 | S22: 0 | T22: 0 | U22: 0 | V22: 0 | W22: 0 | X22: 0 | Y22: 0 | Z22: 0 | AA22: 0 | AB22: 0 | AC22: 0 | AD22: 0 | AE22: =SUM(E22:AD22) -> 3
D23: PR | E23: 0 | F23: 0 | G23: 0 | H23: 0 | I23: 0 | J23: 2 | K23: 0 | L23: 0 | M23: 0 | N23: 0 | O23: 0 | P23: 0 | Q23: 0 | R23: 0 | S23: 0 | T23: 0 | U23: 0 | V23: 0 | W23: 0 | X23: 0 | Y23: 0 | Z23: 0 | AA23: 1 | AB23: 0 | AC23: 0 | AD23: 0 | AE23: =SUM(E23:AD23) -> 3
D24: JML | E24: =SUM(E22:E23) -> 0 | F24: =SUM(F22:F23) -> 0 | G24: =SUM(G22:G23) -> 1 | H24: =SUM(H22:H23) -> 0 | I24: =SUM(I22:I23) -> 0 | J24: =SUM(J22:J23) -> 4 | K24: =SUM(K22:K23) -> 0 | L24: =SUM(L22:L23) -> 0 | ... AD24: =SUM(AD22:AD23) -> 0 | AE24: =SUM(E24:AD24) -> 6
B25: 3. | C25: Jumlah pengguna hak pilih dalam Daftar Pemilih Khusus (DPK) | D25: LK | E25: 4 | F25: 0 | G25: 0 | H25: 4 | I25: 2 | J25: 1 | K25: 5 | L25: 3 | M25: 0 | N25: 3 | O25: 0 | P25: 0 | Q25: 0 | R25: 5 | S25: 3 | T25: 0 | U25: 2 | V25: 0 | W25: 1 | X25: 3 | Y25: 0 | Z25: 2 | AA25: 5 | AB25: 0 | AC25: 1 | AD25: 0 | AE25: =SUM(E25:AD25) -> 44
D26: PR | E26: 2 | F26: 0 | G26: 1 | H26: 1 | I26: 0 | J26: 2 | K26: 6 | L26: 2 | M26: 2 | N26: 10 | O26: 2 | P26: 3 | Q26: 0 | R26: 3 | S26: 6 | T26: 0 | U26: 3 | V26: 0 | W26: 2 | X26: 1 | Y26: 2 | Z26: 2 | AA26: 4 | AB26: 0 | AC26: 1 | AD26: 0 | AE26: =SUM(E26:AD26) -> 55
D27: JML | E27: =SUM(E25:E26) -> 6 | F27: =SUM(F25:F26) -> 0 | G27: =SUM(G25:G26) -> 1 | H27: =SUM(H25:H26) -> 5 | I27: =SUM(I25:I26) -> 2 | J27: =SUM(J25:J26) -> 3 | K27: =SUM(K25:K26) -> 11 | L27: =SUM(L25:L26) -> 5 | ... AD27: =SUM(AD25:AD26) -> 0 | AE27: =SUM(E27:AD27) -> 99
B28: 4. | C28: Jumlah Pengguna Hak Pilih (B.1+B.2+B.3) | D28: LK | E28: =SUM(E19,E22,E25) -> 82 | F28: =SUM(F19,F22,F25) -> 83 | G28: =SUM(G19,G22,G25) -> 97 | H28: =SUM(H19,H22,H25) -> 98 | I28: =SUM(I19,I22,I25) -> 79 | J28: =SUM(J19,J22,J25) -> 65 | K28: =SUM(K19,K22,K25) -> 122 | L28: =SUM(L19,L22,L25) -> 94 | ... AD28: =SUM(AD19,AD22,AD25) -> 108 | AE28: =SUM(E28:AD28) -> 2345
D29: PR | E29: =SUM(E20,E23,E26) -> 110 | F29: =SUM(F20,F23,F26) -> 110 | G29: =SUM(G20,G23,G26) -> 100 | H29: =SUM(H20,H23,H26) -> 117 | I29: =SUM(I20,I23,I26) -> 84 | J29: =SUM(J20,J23,J26) -> 82 | K29: =SUM(K20,K23,K26) -> 119 | L29: =SUM(L20,L23,L26) -> 120 | ... AD29: =SUM(AD20,AD23,AD26) -> 118 | AE29: =SUM(E29:AD29) -> 2833
D30: JML | E30: =SUM(E28:E29) -> 192 | F30: =SUM(F28:F29) -> 193 | G30: =SUM(G28:G29) -> 197 | H30: =SUM(H28:H29) -> 215 | I30: =SUM(I28:I29) -> 163 | J30: =SUM(J28:J29) -> 147 | K30: =SUM(K28:K29) -> 241 | L30: =SUM(L28:L29) -> 214 | ... AD30: =SUM(AD28:AD29) -> 226 | AE30: =SUM(E30:AD30) -> 5178
A32: II | B32: DATA PENGGUNAAN SURAT SUARA
A33: 1 | B33: Jumlah surat suara yang diterima, termasuk surat suara cadangan 2% dari DPT | E33: 278 | F33: 278 | G33: 264 | H33: 298 | I33: 227 | J33: 192 | K33: 294 | L33: 299 | M33: 262 | N33: 257 | O33: 281 | P33: 236 | Q33: 258 | R33: 286 | S33: 292 | T33: 253 | U33: 275 | V33: 260 | W33: 209 | X33: 292 | Y33: 284 | Z33: 235 | AA33: 227 | AB33: 291 | AC33: 263 | AD33: 272 | AE33: =SUM(E33:AD33) -> 6863
A34: 2 | B34: Jumlah surat suara yang digunakan | E34: 192 | F34: 193 | G34: 197 | H34: 215 | I34: 163 | J34: 147 | K34: 241 | L34: 214 | M34: 193 | N34: 228 | O34: 208 | P34: 180 | Q34: 197 | R34: 222 | S34: 236 | T34: 178 | U34: 185 | V34: 196 | W34: 150 | X34: 235 | Y34: 215 | Z34: 193 | AA34: 176 | AB34: 207 | AC34: 191 | AD34: 226 | AE34: =SUM(E34:AD34) -> 5178
A35: 3 | B35: Jumlah surat suara dikembalikan oleh pemilih (karena rusak atau keliru coblos) | E35: 0 | F35: 0 | G35: 1 | H35: 0 | I35: 0 | J35: 0 | K35: 0 | L35: 0 | M35: 0 | N35: 0 | O35: 0 | P35: 0 | Q35: 0 | R35: 0 | S35: 0 | T35: 0 | U35: 0 | V35: 0 | W35: 0 | X35: 0 | Y35: 0 | Z35: 1 | AA35: 0 | AB35: 0 | AC35: 0 | AD35: 0 | AE35: =SUM(E35:AD35) -> 2
A36: 4 | B36: Jumlah surat suara yang tidak digunakan/tidak terpakai, termasuk sisa surat suara cadangan | E36: =E33-(E34+E35) -> 86 | F36: =F33-(F34+F35) -> 85 | G36: =G33-(G34+G35) -> 66 | H36: =H33-(H34+H35) -> 83 | I36: =I33-(I34+I35) -> 64 | J36: =J33-(J34+J35) -> 45 | K36: =K33-(K34+K35) -> 53 | L36: =L33-(L34+L35) -> 85 | ... AD36: =AD33-(AD34+AD35) -> 46 | AE36: =SUM(E36:AD36) -> 1683
A38: III | B38: DATA PEMILIH DISABILITAS
B39: Jumlah seluruh Pemilih disabilitas yang menggunakan hak pilih | D39: LK | O39: 1 | S39: 2 | W39: 1 | AB39: 1 | AE39: =SUM(E39:AD39) -> 5
D40: PR | S40: 4 | AB40: 1 | AE40: =SUM(E40:AD40) -> 5
D41: JML | E41: =SUM(E39:E40) -> 0 | F41: =SUM(F39:F40) -> 0 | G41: =SUM(G39:G40) -> 0 | H41: =SUM(H39:H40) -> 0 | I41: =SUM(I39:I40) -> 0 | J41: =SUM(J39:J40) -> 0 | K41: =SUM(K39:K40) -> 0 | L41: =SUM(L39:L40) -> 0 | ... AB41: =SUM(AB39:AB40) -> 2 | AD41: =SUM(AD39:AD40) -> 0 | AE41: =SUM(E41:AD41) -> 10
A43: IV | B43: DATA RINCIAN PEROLEHAN SUARA PASANGAN CALON BUPATI DAN WAKIL BUPATI
A44: NOMOR DAN NAMA CALON
B45: 1. | C45: AA. AHMAD NAWARDI | E45: 8 | F45: 16 | G45: 15 | H45: 40 | I45: 7 | J45: 10 | K45: 19 | L45: 13 | M45: 9 | N45: 14 | O45: 12 | P45: 28 | Q45: 10 | R45: 17 | S45: 23 | T45: 7 | U45: 14 | V45: 14 | W45: 4 | X45: 12 | Y45: 6 | Z45: 12 | AA45: 7 | AB45: 7 | AC45: 14 | AD45: 22 | AE45: =SUM(E45:AD45) -> 360
B46: 2. | C46: Ir. H. AA LA NYALLA MAHMUD MATTALITI, M.HP. | E46: 24 | F46: 27 | G46: 21 | H46: 18 | I46: 13 | J46: 19 | K46: 30 | L46: 27 | M46: 23 | N46: 26 | O46: 36 | P46: 23 | Q46: 35 | R46: 38 | S46: 37 | T46: 21 | U46: 19 | V46: 20 | W46: 31 | X46: 44 | Y46: 43 | Z46: 19 | AA46: 26 | AB46: 28 | AC46: 25 | AD46: 13 | AE46: =SUM(E46:AD46) -> 686
B47: 3. | C47: ABDUL QADIR AMIR HARTONO, S.E., S.H., M.H. | E47: 16 | F47: 9 | G47: 13 | H47: 7 | I47: 7 | J47: 5 | K47: 12 | L47: 17 | M47: 11 | N47: 16 | O47: 10 | P47: 12 | Q47: 12 | R47: 10 | S47: 15 | T47: 15 | U47: 16 | V47: 16 | W47: 10 | X47: 16 | Y47: 16 | Z47: 11 | AA47: 11 | AB47: 9 | AC47: 9 | AD47: 10 | AE47: =SUM(E47:AD47) -> 311
B48: 4. | C48: ADILLA AZIS, S.E. | E48: 9 | F48: 20 | G48: 20 | H48: 29 | I48: 36 | J48: 22 | K48: 27 | L48: 14 | M48: 11 | N48: 27 | O48: 33 | P48: 8 | Q48: 27 | R48: 43 | S48: 22 | T48: 12 | U48: 34 | V48: 20 | W48: 8 | X48: 28 | Y48: 20 | Z48: 20 | AA48: 17 | AB48: 21 | AC48: 25 | AD48: 19 | AE48: =SUM(E48:AD48) -> 572
B49: 5. | C49: Ir. H. AGUS RAHARDJO, MSc.M. | E49: 30 | F49: 21 | G49: 22 | H49: 21 | I49: 29 | J49: 26 | K49: 28 | L49: 26 | M49: 25 | N49: 49 | O49: 27 | P49: 28 | Q49: 24 | R49: 21 | S49: 26 | T49: 15 | U49: 21 | V49: 33 | W49: 21 | X49: 14 | Y49: 20 | Z49: 39 | AA49: 33 | AB49: 32 | AC49: 25 | AD49: 30 | AE49: =SUM(E49:AD49) -> 686
B50: 6. | C50: Drs. AYUB KHAN | E50: 12 | F50: 12 | G50: 12 | H50: 11 | I50: 14 | J50: 10 | K50: 11 | L50: 9 | M50: 25 | N50: 14 | O50: 12 | P50: 14 | Q50: 12 | R50: 14 | S50: 10 | T50: 15 | U50: 17 | V50: 10 | W50: 14 | X50: 17 | Y50: 13 | Z50: 11 | AA50: 8 | AB50: 12 | AC50: 20 | AD50: 22 | AE50: =SUM(E50:AD50) -> 351
B51: 7. | C51: BAMBANG HARIANTO | E51: 0 | F51: 2 | G51: 4 | H51: 5 | I51: 1 | J51: 3 | K51: 1 | L51: 1 | M51: 3 | N51: 2 | O51: 3 | P51: 2 | Q51: 1 | R51: 2 | S51: 3 | T51: 1 | U51: 3 | V51: 1 | W51: 2 | X51: 5 | Y51: 4 | Z51: 2 | AA51: 3 | AB51: 4 | AC51: 1 | AD51: 3 | AE51: =SUM(E51:AD51) -> 62
B52: 8. | C52: CATUR RUDI UTANTO, S.Sos. | E52: 5 | F52: 3 | G52: 0 | H52: 5 | I52: 3 | J52: 0 | K52: 4 | L52: 1 | M52: 9 | N52: 5 | O52: 4 | P52: 4 | Q52: 0 | R52: 7 | S52: 5 | T52: 0 | U52: 0 | V52: 6 | W52: 3 | X52: 5 | Y52: 1 | Z52: 7 | AA52: 5 | AB52: 4 | AC52: 5 | AD52: 3 | AE52: =SUM(E52:AD52) -> 94
B53: 9. | C53: DODDY DWI NUGROHO | E53: 1 | F53: 1 | G53: 1 | H53: 1 | I53: 0 | J53: 1 | K53: 0 | L53: 2 | M53: 0 | N53: 0 | O53: 1 | P53: 3 | Q53: 0 | R53: 0 | S53: 0 | T53: 0 | U53: 1 | V53: 2 | W53: 0 | X53: 1 | Y53: 0 | Z53: 1 | AA53: 1 | AB53: 2 | AC53: 4 | AD53: 1 | AE53: =SUM(E53:AD53) -> 24
B54: 10. | C54: KONDANG KUSUMANING AYU | E54: 16 | F54: 23 | G54: 21 | H54: 26 | I54: 15 | J54: 18 | K54: 31 | L54: 25 | M54: 22 | N54: 25 | O54: 20 | P54: 18 | Q54: 20 | R54: 24 | S54: 19 | T54: 23 | U54: 11 | V54: 18 | W54: 15 | X54: 32 | Y54: 15 | Z54: 23 | AA54: 14 | AB54: 25 | AC54: 22 | AD54: 23 | AE54: =SUM(E54:AD54) -> 544
B55: 11. | C55: KUNJUNG WAHYUDI | E55: 1 | F55: 2 | G55: 2 | H55: 0 | I55: 1 | J55: 0 | K55: 1 | L55: 0 | M55: 0 | N55: 2 | O55: 2 | P55: 0 | Q55: 0 | R55: 5 | S55: 5 | T55: 3 | U55: 0 | V55: 0 | W55: 0 | X55: 4 | Y55: 2 | Z55: 4 | AA55: 4 | AB55: 2 | AC55: 2 | AD55: 0 | AE55: =SUM(E55:AD55) -> 42
B56: 12. | C56: Dr. LIA ISTIFHAMA | E56: 19 | F56: 19 | G56: 17 | H56: 15 | I56: 10 | J56: 15 | K56: 16 | L56: 21 | M56: 15 | N56: 18 | O56: 13 | P56: 7 | Q56: 16 | R56: 15 | S56: 18 | T56: 18 | U56: 16 | V56: 16 | W56: 8 | X56: 21 | Y56: 20 | Z56: 9 | AA56: 7 | AB56: 28 | AC56: 17 | AD56: 25 | AE56: =SUM(E56:AD56) -> 419
B57: 13. | C57: MOHAMMAD TRIJANTO, S.H., M.M., M.H. | E57: 1 | F57: 4 | G57: 4 | H57: 2 | I57: 1 | J57: 1 | K57: 2 | L57: 4 | M57: 2 | N57: 2 | O57: 0 | P57: 0 | Q57: 5 | R57: 2 | S57: 2 | T57: 3 | U57: 4 | V57: 2 | W57: 2 | X57: 4 | Y57: 7 | Z57: 3 | AA57: 3 | AB57: 1 | AC57: 2 | AD57: 4 | AE57: =SUM(E57:AD57) -> 67
A59: V | B59: DATA SUARA SAH DAN TIDAK SAH
B60: A. | C60: JUMLAH SELURUH SUARA SAH | E60: =SUM(E45:E57) -> 142 | F60: =SUM(F45:F57) -> 159 | G60: =SUM(G45:G57) -> 152 | H60: =SUM(H45:H57) -> 180 | I60: =SUM(I45:I57) -> 137 | J60: =SUM(J45:J57) -> 130 | K60: =SUM(K45:K57) -> 182 | L60: =SUM(L45:L57) -> 160 | ... AD60: =SUM(AD45:AD57) -> 175 | AE60: =SUM(E60:AD60) -> 4218
B61: B. | C61: JUMLAH SUARA TIDAK SAH | E61: 50 | F61: 34 | G61: 45 | H61: 35 | I61: 26 | J61: 17 | K61: 59 | L61: 54 | M61: 38 | N61: 28 | O61: 35 | P61: 33 | Q61: 35 | R61: 24 | S61: 51 | T61: 45 | U61: 29 | V61: 38 | W61: 32 | X61: 32 | Y61: 48 | Z61: 32 | AA61: 37 | AB61: 32 | AC61: 20 | AD61: 51 | AE61: =SUM(E61:AD61) -> 960
B62: C. | C62: JUMLAH SELURUH SUARA SAH DAN SUARA TIDAK SAH (V.A + V.B) | E62: =SUM(E60:E61) -> 192 | F62: =SUM(F60:F61) -> 193 | G62: =SUM(G60:G61) -> 197 | H62: =SUM(H60:H61) -> 215 | I62: =SUM(I60:I61) -> 163 | J62: =SUM(J60:J61) -> 147 | K62: =SUM(K60:K61) -> 241 | L62: =SUM(L60:L61) -> 214 | ... AD62: =SUM(AD60:AD61) -> 226 | AE62: =SUM(E62:AD62) -> 5178

Sheet PENGANTIGAN
C2: Kecamatan | D2: BANYUWANGI
C3: Kabupaten | D3: BANYUWANGI
C4: Provinsi | D4: JAWA TIMUR
C9: Kelurahan | D9: PENGANTIGAN
A12: I | B12: DATA PEMILIH DAN PENGGUNAAN HAK PILIH | X12: JUMLAH AKHIR
A13: A | B13: DATA PEMILIH | E13: TPS 001 | F13: TPS 002 | G13: TPS 003 | H13: TPS 004 | I13: TPS 005 | J13: TPS 006 | K13: TPS 007 | L13: TPS 008 | M13: TPS 009 | N13: TPS 010 | O13: TPS 011 | P13: TPS 012 | Q13: TPS 013 | R13: TPS 014 | S13: TPS 015 | T13: TPS 016 | U13: TPS 017 | V13: TPS 018 | W13: TPS 019
B14: Jumlah Pemilih dalam Daftar Pemilih Tetap (DPT) | D14: LK | E14: 138 | F14: 132 | G14: 110 | H14: 144 | I14: 130 | J14: 133 | K14: 127 | L14: 113 | M14: 126 | N14: 124 | O14: 120 | P14: 113 | Q14: 106 | R14: 106 | S14: 96 | T14: 130 | U14: 123 | V14: 98 | W14: 102 | X14: =SUM(E14:W14) -> 2271
D15: PR | E15: 150 | F15: 151 | G15: 134 | H15: 128 | I15: 136 | J15: 124 | K15: 130 | L15: 131 | M15: 137 | N15: 139 | O15: 141 | P15: 112 | Q15: 119 | R15: 110 | S15: 105 | T15: 134 | U15: 125 | V15: 102 | W15: 91 | X15: =SUM(E15:W15) -> 2399
D16: JML | E16: =SUM(E14:E15) -> 288 | F16: =SUM(F14:F15) -> 283 | G16: =SUM(G14:G15) -> 244 | H16: =SUM(H14:H15) -> 272 | I16: =SUM(I14:I15) -> 266 | J16: =SUM(J14:J15) -> 257 | K16: =SUM(K14:K15) -> 257 | L16: =SUM(L14:L15) -> 244 | ... W16: =SUM(W14:W15) -> 193 | X16: =SUM(E16:W16) -> 4670
A18: B | B18: PENGGUNA HAK PILIH
B19: 1. | C19: Jumlah pengguna hak pilih dalam Daftar Pemilih Tetap (DPT) | D19: LK | E19: 98 | F19: 100 | G19: 86 | H19: 100 | I19: 92 | J19: 97 | K19: 95 | L19: 81 | M19: 84 | N19: 93 | O19: 89 | P19: 73 | Q19: 68 | R19: 75 | S19: 68 | T19: 103 | U19: 87 | V19: 81 | W19: 76 | X19: =SUM(E19:W19) -> 1646
D20: PR | E20: 128 | F20: 126 | G20: 114 | H20: 110 | I20: 102 | J20: 99 | K20: 112 | L20: 97 | M20: 113 | N20: 116 | O20: 110 | P20: 86 | Q20: 92 | R20: 86 | S20: 83 | T20: 101 | U20: 96 | V20: 94 | W20: 77 | X20: =SUM(E20:W20) -> 1942
D21: JML | E21: =SUM(E19:E20) -> 226 | F21: =SUM(F19:F20) -> 226 | G21: =SUM(G19:G20) -> 200 | H21: =SUM(H19:H20) -> 210 | I21: =SUM(I19:I20) -> 194 | J21: =SUM(J19:J20) -> 196 | K21: =SUM(K19:K20) -> 207 | L21: =SUM(L19:L20) -> 178 | ... W21: =SUM(W19:W20) -> 153 | X21: =SUM(E21:W21) -> 3588
B22: 2. | C22: Jumlah pengguna hak pilih dalam Daftar Pemilih Tambahan (DPTb) | D22: LK | E22: 0 | F22: 0 | G22: 0 | H22: 0 | I22: 0 | J22: 1 | K22: 0 | L22: 0 | M22: 0 | N22: 2 | O22: 0 | P22: 0 | Q22: 0 | R22: 0 | S22: 0 | T22: 1 | U22: 0 | V22: 0 | W22: 1 | X22: =SUM(E22:W22) -> 5
D23: PR | E23: 0 | F23: 1 | G23: 0 | H23: 0 | I23: 0 | J23: 0 | K23: 0 | L23: 0 | M23: 0 | N23: 0 | O23: 1 | P23: 0 | Q23: 0 | R23: 0 | S23: 0 | T23: 2 | U23: 0 | V23: 0 | W23: 1 | X23: =SUM(E23:W23) -> 5
D24: JML | E24: =SUM(E22:E23) -> 0 | F24: =SUM(F22:F23) -> 1 | G24: =SUM(G22:G23) -> 0 | H24: =SUM(H22:H23) -> 0 | I24: =SUM(I22:I23) -> 0 | J24: =SUM(J22:J23) -> 1 | K24: =SUM(K22:K23) -> 0 | L24: =SUM(L22:L23) -> 0 | ... W24: =SUM(W22:W23) -> 2 | X24: =SUM(E24:W24) -> 10
B25: 3. | C25: Jumlah pengguna hak pilih dalam Daftar Pemilih Khusus (DPK) | D25: LK | E25: 0 | F25: 0 | G25: 2 | H25: 0 | I25: 0 | J25: 1 | K25: 0 | L25: 1 | M25: 0 | N25: 1 | O25: 2 | P25: 1 | Q25: 0 | R25: 0 | S25: 0 | T25: 0 | U25: 2 | V25: 4 | W25: 2 | X25: =SUM(E25:W25) -> 16
D26: PR | E26: 1 | F26: 0 | G26: 3 | H26: 0 | I26: 0 | J26: 4 | K26: 1 | L26: 2 | M26: 0 | N26: 1 | O26: 0 | P26: 0 | Q26: 0 | R26: 0 | S26: 0 | T26: 0 | U26: 3 | V26: 2 | W26: 4 | X26: =SUM(E26:W26) -> 21
D27: JML | E27: =SUM(E25:E26) -> 1 | F27: =SUM(F25:F26) -> 0 | G27: =SUM(G25:G26) -> 5 | H27: =SUM(H25:H26) -> 0 | I27: =SUM(I25:I26) -> 0 | J27: =SUM(J25:J26) -> 5 | K27: =SUM(K25:K26) -> 1 | L27: =SUM(L25:L26) -> 3 | ... W27: =SUM(W25:W26) -> 6 | X27: =SUM(E27:W27) -> 37
B28: 4. | C28: Jumlah Pengguna Hak Pilih (B.1+B.2+B.3) | D28: LK | E28: =SUM(E19,E22,E25) -> 98 | F28: =SUM(F19,F22,F25) -> 100 | G28: =SUM(G19,G22,G25) -> 88 | H28: =SUM(H19,H22,H25) -> 100 | I28: =SUM(I19,I22,I25) -> 92 | J28: =SUM(J19,J22,J25) -> 99 | K28: =SUM(K19,K22,K25) -> 95 | L28: =SUM(L19,L22,L25) -> 82 | ... W28: =SUM(W19,W22,W25) -> 79 | X28: =SUM(E28:W28) -> 1667
D29: PR | E29: =SUM(E20,E23,E26) -> 129 | F29: =SUM(F20,F23,F26) -> 127 | G29: =SUM(G20,G23,G26) -> 117 | H29: =SUM(H20,H23,H26) -> 110 | I29: =SUM(I20,I23,I26) -> 102 | J29: =SUM(J20,J23,J26) -> 103 | K29: =SUM(K20,K23,K26) -> 113 | L29: =SUM(L20,L23,L26) -> 99 | ... W29: =SUM(W20,W23,W26) -> 82 | X29: =SUM(E29:W29) -> 1968
D30: JML | E30: =SUM(E28:E29) -> 227 | F30: =SUM(F28:F29) -> 227 | G30: =SUM(G28:G29) -> 205 | H30: =SUM(H28:H29) -> 210 | I30: =SUM(I28:I29) -> 194 | J30: =SUM(J28:J29) -> 202 | K30: =SUM(K28:K29) -> 208 | L30: =SUM(L28:L29) -> 181 | ... W30: =SUM(W28:W29) -> 161 | X30: =SUM(E30:W30) -> 3635
A32: II | B32: DATA PENGGUNAAN SURAT SUARA
A33: 1 | B33: Jumlah surat suara yang diterima, termasuk surat suara cadangan 2% dari DPT | E33: 294 | F33: 289 | G33: 249 | H33: 279 | I33: 272 | J33: 263 | K33: 263 | L33: 249 | M33: 269 | N33: 269 | O33: 267 | P33: 230 | Q33: 229 | R33: 221 | S33: 206 | T33: 270 | U33: 253 | V33: 204 | W33: 197 | X33: =SUM(E33:W33) -> 4773
A34: 2 | B34: Jumlah surat suara yang digunakan | E34: 227 | F34: 227 | G34: 205 | H34: 210 | I34: 194 | J34: 202 | K34: 208 | L34: 181 | M34: 197 | N34: 213 | O34: 202 | P34: 160 | Q34: 160 | R34: 161 | S34: 151 | T34: 207 | U34: 188 | V34: 181 | W34: 161 | X34: =SUM(E34:W34) -> 3635
A35: 3 | B35: Jumlah surat suara dikembalikan oleh pemilih (karena rusak atau keliru coblos) | E35: 0 | F35: 0 | G35: 0 | H35: 0 | I35: 2 | J35: 0 | K35: 0 | L35: 1 | M35: 0 | N35: 0 | O35: 0 | P35: 0 | Q35: 0 | R35: 0 | S35: 0 | T35: 0 | U35: 0 | V35: 0 | W35: 0 | X35: =SUM(E35:W35) -> 3
A36: 4 | B36: Jumlah surat suara yang tidak digunakan/tidak terpakai, termasuk sisa surat suara cadangan | E36: =E33-(E34+E35) -> 67 | F36: =F33-(F34+F35) -> 62 | G36: =G33-(G34+G35) -> 44 | H36: =H33-(H34+H35) -> 69 | I36: =I33-(I34+I35) -> 76 | J36: =J33-(J34+J35) -> 61 | K36: =K33-(K34+K35) -> 55 | L36: =L33-(L34+L35) -> 67 | ... W36: =W33-(W34+W35) -> 36 | X36: =SUM(E36:W36) -> 1135
A38: III | B38: DATA PEMILIH DISABILITAS
B39: Jumlah seluruh Pemilih disabilitas yang menggunakan hak pilih | D39: LK | K39: 2 | S39: 1 | V39: 3 | X39: =SUM(E39:W39) -> 6
D40: PR | K40: 1 | R40: 1 | V40: 3 | X40: =SUM(E40:W40) -> 5
D41: JML | E41: =SUM(E39:E40) -> 0 | F41: =SUM(F39:F40) -> 0 | G41: =SUM(G39:G40) -> 0 | H41: =SUM(H39:H40) -> 0 | I41: =SUM(I39:I40) -> 0 | J41: =SUM(J39:J40) -> 0 | K41: =SUM(K39:K40) -> 3 | L41: =SUM(L39:L40) -> 0 | ... W41: =SUM(W39:W40) -> 0 | X41: =SUM(E41:W41) -> 11
A43: IV | B43: DATA RINCIAN PEROLEHAN SUARA PASANGAN CALON BUPATI DAN WAKIL BUPATI
A44: NOMOR DAN NAMA CALON
B45: 1. | C45: AA. AHMAD NAWARDI | E45: 11 | F45: 4 | G45: 12 | H45: 7 | I45: 13 | J45: 15 | K45: 12 | L45: 12 | M45: 6 | N45: 11 | O45: 5 | P45: 7 | Q45: 6 | R45: 8 | S45: 7 | T45: 13 | U45: 3 | V45: 9 | W45: 3 | X45: =SUM(E45:W45) -> 164
B46: 2. | C46: Ir. H. AA LA NYALLA MAHMUD MATTALITI, M.HP. | E46: 25 | F46: 34 | G46: 23 | H46: 29 | I46: 33 | J46: 15 | K46: 18 | L46: 28 | M46: 26 | N46: 28 | O46: 31 | P46: 25 | Q46: 21 | R46: 17 | S46: 11 | T46: 25 | U46: 25 | V46: 37 | W46: 33 | X46: =SUM(E46:W46) -> 484
B47: 3. | C47: ABDUL QADIR AMIR HARTONO, S.E., S.H., M.H. | E47: 30 | F47: 27 | G47: 9 | H47: 23 | I47: 8 | J47: 13 | K47: 21 | L47: 12 | M47: 16 | N47: 7 | O47: 11 | P47: 10 | Q47: 8 | R47: 12 | S47: 10 | T47: 10 | U47: 7 | V47: 14 | W47: 6 | X47: =SUM(E47:W47) -> 254
B48: 4. | C48: ADILLA AZIS, S.E. | E48: 26 | F48: 14 | G48: 16 | H48: 19 | I48: 13 | J48: 15 | K48: 19 | L48: 18 | M48: 23 | N48: 18 | O48: 21 | P48: 13 | Q48: 12 | R48: 12 | S48: 13 | T48: 22 | U48: 20 | V48: 12 | W48: 11 | X48: =SUM(E48:W48) -> 317
B49: 5. | C49: Ir. H. AGUS RAHARDJO, MSc.M. | E49: 24 | F49: 24 | G49: 25 | H49: 18 | I49: 24 | J49: 14 | K49: 21 | L49: 21 | M49: 18 | N49: 30 | O49: 28 | P49: 11 | Q49: 23 | R49: 22 | S49: 18 | T49: 18 | U49: 36 | V49: 13 | W49: 12 | X49: =SUM(E49:W49) -> 400
B50: 6. | C50: Drs. AYUB KHAN | E50: 11 | F50: 7 | G50: 14 | H50: 16 | I50: 15 | J50: 23 | K50: 13 | L50: 8 | M50: 20 | N50: 10 | O50: 10 | P50: 4 | Q50: 11 | R50: 12 | S50: 23 | T50: 8 | U50: 8 | V50: 8 | W50: 15 | X50: =SUM(E50:W50) -> 236
B51: 7. | C51: BAMBANG HARIANTO | E51: 0 | F51: 4 | G51: 3 | H51: 2 | I51: 2 | J51: 1 | K51: 1 | L51: 2 | M51: 0 | N51: 3 | O51: 6 | P51: 1 | Q51: 0 | R51: 1 | S51: 2 | T51: 2 | U51: 0 | V51: 2 | W51: 0 | X51: =SUM(E51:W51) -> 32
B52: 8. | C52: CATUR RUDI UTANTO, S.Sos. | E52: 0 | F52: 2 | G52: 3 | H52: 4 | I52: 7 | J52: 4 | K52: 5 | L52: 1 | M52: 2 | N52: 3 | O52: 3 | P52: 5 | Q52: 6 | R52: 3 | S52: 3 | T52: 3 | U52: 6 | V52: 1 | W52: 1 | X52: =SUM(E52:W52) -> 62
B53: 9. | C53: DODDY DWI NUGROHO | E53: 0 | F53: 1 | G53: 2 | H53: 2 | I53: 2 | J53: 2 | K53: 0 | L53: 0 | M53: 0 | N53: 1 | O53: 2 | P53: 1 | Q53: 0 | R53: 0 | S53: 0 | T53: 0 | U53: 1 | V53: 2 | W53: 1 | X53: =SUM(E53:W53) -> 17
B54: 10. | C54: KONDANG KUSUMANING AYU | E54: 34 | F54: 27 | G54: 30 | H54: 40 | I54: 23 | J54: 26 | K54: 29 | L54: 17 | M54: 16 | N54: 34 | O54: 23 | P54: 19 | Q54: 21 | R54: 21 | S54: 24 | T54: 32 | U54: 21 | V54: 21 | W54: 24 | X54: =SUM(E54:W54) -> 482
B55: 11. | C55: KUNJUNG WAHYUDI | E55: 1 | F55: 1 | G55: 1 | H55: 2 | I55: 1 | J55: 0 | K55: 3 | L55: 0 | M55: 0 | N55: 1 | O55: 1 | P55: 2 | Q55: 1 | R55: 1 | S55: 2 | T55: 5 | U55: 3 | V55: 0 | W55: 1 | X55: =SUM(E55:W55) -> 26
B56: 12. | C56: Dr. LIA ISTIFHAMA | E56: 30 | F56: 30 | G56: 24 | H56: 16 | I56: 16 | J56: 31 | K56: 25 | L56: 15 | M56: 9 | N56: 23 | O56: 12 | P56: 13 | Q56: 17 | R56: 10 | S56: 9 | T56: 28 | U56: 18 | V56: 16 | W56: 18 | X56: =SUM(E56:W56) -> 360
B57: 13. | C57: MOHAMMAD TRIJANTO, S.H., M.M., M.H. | E57: 1 | F57: 4 | G57: 2 | H57: 1 | I57: 2 | J57: 3 | K57: 2 | L57: 0 | M57: 1 | N57: 4 | O57: 3 | P57: 2 | Q57: 1 | R57: 1 | S57: 5 | T57: 2 | U57: 3 | V57: 1 | W57: 2 | X57: =SUM(E57:W57) -> 40
A59: V | B59: DATA SUARA SAH DAN TIDAK SAH
B60: A. | C60: JUMLAH SELURUH SUARA SAH | E60: =SUM(E45:E57) -> 193 | F60: =SUM(F45:F57) -> 179 | G60: =SUM(G45:G57) -> 164 | H60: =SUM(H45:H57) -> 179 | I60: =SUM(I45:I57) -> 159 | J60: =SUM(J45:J57) -> 162 | K60: =SUM(K45:K57) -> 169 | L60: =SUM(L45:L57) -> 134 | ... W60: =SUM(W45:W57) -> 127 | X60: =SUM(E60:W60) -> 2874
B61: B. | C61: JUMLAH SUARA TIDAK SAH | E61: 34 | F61: 48 | G61: 41 | H61: 31 | I61: 35 | J61: 40 | K61: 39 | L61: 47 | M61: 60 | N61: 40 | O61: 46 | P61: 47 | Q61: 33 | R61: 41 | S61: 24 | T61: 39 | U61: 37 | V61: 45 | W61: 34 | X61: =SUM(E61:W61) -> 761
B62: C. | C62: JUMLAH SELURUH SUARA SAH DAN SUARA TIDAK SAH (V.A + V.B) | E62: =SUM(E60:E61) -> 227 | F62: =SUM(F60:F61) -> 227 | G62: =SUM(G60:G61) -> 205 | H62: =SUM(H60:H61) -> 210 | I62: =SUM(I60:I61) -> 194 | J62: =SUM(J60:J61) -> 202 | K62: =SUM(K60:K61) -> 208 | L62: =SUM(L60:L61) -> 181 | ... W62: =SUM(W60:W61) -> 161 | X62: =SUM(E62:W62) -> 3635

Sheet TAMANBARU
C2: Kecamatan | D2: BANYUWANGI
C3: Kabupaten | D3: BANYUWANGI
C4: Provinsi | D4: JAWA TIMUR
C9: Kelurahan | D9: TAMANBARU
A12: I | B12: DATA PEMILIH DAN PENGGUNAAN HAK PILIH | Z12: JUMLAH AKHIR
A13: A | B13: DATA PEMILIH | E13: TPS 001 | F13: TPS 002 | G13: TPS 003 | H13: TPS 004 | I13: TPS 005 | J13: TPS 006 | K13: TPS 007 | L13: TPS 008 | M13: TPS 009 | N13: TPS 010 | O13: TPS 011 | P13: TPS 012 | Q13: TPS 013 | R13: TPS 014 | S13: TPS 015 | T13: TPS 016 | U13: TPS 017 | V13: TPS 018 | W13: TPS 019 | X13: TPS 020 | Y13: TPS 021
B14: Jumlah Pemilih dalam Daftar Pemilih Tetap (DPT) | D14: LK | E14: 124 | F14: 127 | G14: 113 | H14: 117 | I14: 117 | J14: 146 | K14: 142 | L14: 125 | M14: 117 | N14: 115 | O14: 133 | P14: 145 | Q14: 139 | R14: 124 | S14: 142 | T14: 138 | U14: 134 | V14: 133 | W14: 124 | X14: 126 | Y14: 131 | Z14: =SUM(E14:Y14) -> 2712
D15: PR | E15: 150 | F15: 138 | G15: 145 | H15: 131 | I15: 133 | J15: 145 | K15: 154 | L15: 150 | M15: 130 | N15: 144 | O15: 156 | P15: 147 | Q15: 146 | R15: 133 | S15: 150 | T15: 156 | U15: 161 | V15: 152 | W15: 145 | X15: 134 | Y15: 167 | Z15: =SUM(E15:Y15) -> 3067
D16: JML | E16: =SUM(E14:E15) -> 274 | F16: =SUM(F14:F15) -> 265 | G16: =SUM(G14:G15) -> 258 | H16: =SUM(H14:H15) -> 248 | I16: =SUM(I14:I15) -> 250 | J16: =SUM(J14:J15) -> 291 | K16: =SUM(K14:K15) -> 296 | L16: =SUM(L14:L15) -> 275 | ... Y16: =SUM(Y14:Y15) -> 298 | Z16: =SUM(E16:Y16) -> 5779
A18: B | B18: PENGGUNA HAK PILIH
B19: 1. | C19: Jumlah pengguna hak pilih dalam Daftar Pemilih Tetap (DPT) | D19: LK | E19: 83 | F19: 74 | G19: 82 | H19: 85 | I19: 89 | J19: 108 | K19: 100 | L19: 96 | M19: 80 | N19: 82 | O19: 100 | P19: 99 | Q19: 97 | R19: 86 | S19: 87 | T19: 96 | U19: 103 | V19: 103 | W19: 83 | X19: 71 | Y19: 86 | Z19: =SUM(E19:Y19) -> 1890
D20: PR | E20: 118 | F20: 104 | G20: 123 | H20: 104 | I20: 98 | J20: 112 | K20: 120 | L20: 107 | M20: 99 | N20: 112 | O20: 124 | P20: 121 | Q20: 117 | R20: 99 | S20: 109 | T20: 122 | U20: 129 | V20: 126 | W20: 110 | X20: 84 | Y20: 113 | Z20: =SUM(E20:Y20) -> 2351
D21: JML | E21: =SUM(E19:E20) -> 201 | F21: =SUM(F19:F20) -> 178 | G21: =SUM(G19:G20) -> 205 | H21: =SUM(H19:H20) -> 189 | I21: =SUM(I19:I20) -> 187 | J21: =SUM(J19:J20) -> 220 | K21: =SUM(K19:K20) -> 220 | L21: =SUM(L19:L20) -> 203 | ... Y21: =SUM(Y19:Y20) -> 199 | Z21: =SUM(E21:Y21) -> 4241
B22: 2. | C22: Jumlah pengguna hak pilih dalam Daftar Pemilih Tambahan (DPTb) | D22: LK | E22: 1 | F22: 0 | G22: 2 | H22: 0 | I22: 2 | J22: 1 | K22: 0 | L22: 0 | M22: 0 | N22: 4 | O22: 1 | P22: 3 | Q22: 3 | R22: 1 | S22: 3 | T22: 3 | U22: 0 | V22: 0 | W22: 1 | X22: 1 | Y22: 0 | Z22: =SUM(E22:Y22) -> 26
D23: PR | E23: 0 | F23: 0 | G23: 4 | H23: 0 | I23: 1 | J23: 1 | K23: 0 | L23: 1 | M23: 0 | N23: 3 | O23: 3 | P23: 4 | Q23: 1 | R23: 1 | S23: 2 | T23: 0 | U23: 0 | V23: 0 | W23: 1 | X23: 1 | Y23: 0 | Z23: =SUM(E23:Y23) -> 23
D24: JML | E24: =SUM(E22:E23) -> 1 | F24: =SUM(F22:F23) -> 0 | G24: =SUM(G22:G23) -> 6 | H24: =SUM(H22:H23) -> 0 | I24: =SUM(I22:I23) -> 3 | J24: =SUM(J22:J23) -> 2 | K24: =SUM(K22:K23) -> 0 | L24: =SUM(L22:L23) -> 1 | ... Y24: =SUM(Y22:Y23) -> 0 | Z24: =SUM(E24:Y24) -> 49
B25: 3. | C25: Jumlah pengguna hak pilih dalam Daftar Pemilih Khusus (DPK) | D25: LK | E25: 0 | F25: 4 | G25: 5 | H25: 2 | I25: 1 | J25: 1 | K25: 1 | L25: 3 | M25: 2 | N25: 3 | O25: 2 | P25: 5 | Q25: 1 | R25: 2 | S25: 2 | T25: 0 | U25: 3 | V25: 3 | W25: 6 | X25: 11 | Y25: 3 | Z25: =SUM(E25:Y25) -> 60
D26: PR | E26: 1 | F26: 4 | G26: 1 | H26: 1 | I26: 1 | J26: 4 | K26: 1 | L26: 2 | M26: 5 | N26: 2 | O26: 1 | P26: 5 | Q26: 4 | R26: 2 | S26: 5 | T26: 0 | U26: 3 | V26: 1 | W26: 4 | X26: 8 | Y26: 4 | Z26: =SUM(E26:Y26) -> 59
D27: JML | E27: =SUM(E25:E26) -> 1 | F27: =SUM(F25:F26) -> 8 | G27: =SUM(G25:G26) -> 6 | H27: =SUM(H25:H26) -> 3 | I27: =SUM(I25:I26) -> 2 | J27: =SUM(J25:J26) -> 5 | K27: =SUM(K25:K26) -> 2 | L27: =SUM(L25:L26) -> 5 | ... Y27: =SUM(Y25:Y26) -> 7 | Z27: =SUM(E27:Y27) -> 119
B28: 4. | C28: Jumlah Pengguna Hak Pilih (B.1+B.2+B.3) | D28: LK | E28: =SUM(E19,E22,E25) -> 84 | F28: =SUM(F19,F22,F25) -> 78 | G28: =SUM(G19,G22,G25) -> 89 | H28: =SUM(H19,H22,H25) -> 87 | I28: =SUM(I19,I22,I25) -> 92 | J28: =SUM(J19,J22,J25) -> 110 | K28: =SUM(K19,K22,K25) -> 101 | L28: =SUM(L19,L22,L25) -> 99 | ... Y28: =SUM(Y19,Y22,Y25) -> 89 | Z28: =SUM(E28:Y28) -> 1976
D29: PR | E29: =SUM(E20,E23,E26) -> 119 | F29: =SUM(F20,F23,F26) -> 108 | G29: =SUM(G20,G23,G26) -> 128 | H29: =SUM(H20,H23,H26) -> 105 | I29: =SUM(I20,I23,I26) -> 100 | J29: =SUM(J20,J23,J26) -> 117 | K29: =SUM(K20,K23,K26) -> 121 | L29: =SUM(L20,L23,L26) -> 110 | ... Y29: =SUM(Y20,Y23,Y26) -> 117 | Z29: =SUM(E29:Y29) -> 2433
D30: JML | E30: =SUM(E28:E29) -> 203 | F30: =SUM(F28:F29) -> 186 | G30: =SUM(G28:G29) -> 217 | H30: =SUM(H28:H29) -> 192 | I30: =SUM(I28:I29) -> 192 | J30: =SUM(J28:J29) -> 227 | K30: =SUM(K28:K29) -> 222 | L30: =SUM(L28:L29) -> 209 | ... Y30: =SUM(Y28:Y29) -> 206 | Z30: =SUM(E30:Y30) -> 4409
A32: II | B32: DATA PENGGUNAAN SURAT SUARA
A33: 1 | B33: Jumlah surat suara yang diterima, termasuk surat suara cadangan 2% dari DPT | E33: 280 | F33: 271 | G33: 244 | H33: 253 | I33: 255 | J33: 297 | K33: 302 | L33: 282 | M33: 252 | N33: 265 | O33: 295 | P33: 298 | Q33: 293 | R33: 263 | S33: 299 | T33: 300 | U33: 291 | V33: 290 | W33: 275 | X33: 245 | Y33: 304 | Z33: =SUM(E33:Y33) -> 5854
A34: 2 | B34: Jumlah surat suara yang digunakan | E34: 203 | F34: 186 | G34: 217 | H34: 192 | I34: 192 | J34: 227 | K34: 222 | L34: 209 | M34: 186 | N34: 206 | O34: 231 | P34: 237 | Q34: 223 | R34: 191 | S34: 208 | T34: 221 | U34: 238 | V34: 233 | W34: 205 | X34: 176 | Y34: 206 | Z34: =SUM(E34:Y34) -> 4409
A35: 3 | B35: Jumlah surat suara dikembalikan oleh pemilih (karena rusak atau keliru coblos) | E35: 0 | F35: 0 | G35: 0 | H35: 2 | I35: 0 | J35: 0 | K35: 0 | L35: 2 | M35: 0 | N35: 0 | O35: 0 | P35: 0 | Q35: 0 | R35: 0 | S35: 0 | T35: 31 | U35: 0 | V35: 2 | W35: 0 | X35: 0 | Y35: 0 | Z35: =SUM(E35:Y35) -> 37
A36: 4 | B36: Jumlah surat suara yang tidak digunakan/tidak terpakai, termasuk sisa surat suara cadangan | E36: =E33-(E34+E35) -> 77 | F36: =F33-(F34+F35) -> 85 | G36: =G33-(G34+G35) -> 27 | H36: =H33-(H34+H35) -> 59 | I36: =I33-(I34+I35) -> 63 | J36: =J33-(J34+J35) -> 70 | K36: =K33-(K34+K35) -> 80 | L36: =L33-(L34+L35) -> 71 | ... Y36: =Y33-(Y34+Y35) -> 98 | Z36: =SUM(E36:Y36) -> 1408
A38: III | B38: DATA PEMILIH DISABILITAS
B39: Jumlah seluruh Pemilih disabilitas yang menggunakan hak pilih | D39: LK | Y39: 2 | Z39: =SUM(E39:Y39) -> 2
D40: PR | N40: 1 | Z40: =SUM(E40:Y40) -> 1
D41: JML | E41: =SUM(E39:E40) -> 0 | F41: =SUM(F39:F40) -> 0 | G41: =SUM(G39:G40) -> 0 | H41: =SUM(H39:H40) -> 0 | I41: =SUM(I39:I40) -> 0 | J41: =SUM(J39:J40) -> 0 | K41: =SUM(K39:K40) -> 0 | L41: =SUM(L39:L40) -> 0 | ... Y41: =SUM(Y39:Y40) -> 2 | Z41: =SUM(E41:Y41) -> 3
A43: IV | B43: DATA RINCIAN PEROLEHAN SUARA PASANGAN CALON BUPATI DAN WAKIL BUPATI
A44: NOMOR DAN NAMA CALON
B45: 1. | C45: AA. AHMAD NAWARDI | E45: 7 | F45: 5 | G45: 26 | H45: 10 | I45: 5 | J45: 12 | K45: 11 | L45: 5 | M45: 5 | N45: 12 | O45: 10 | P45: 17 | Q45: 9 | R45: 8 | S45: 9 | T45: 8 | U45: 6 | V45: 7 | W45: 10 | X45: 3 | Y45: 17 | Z45: =SUM(E45:Y45) -> 202
B46: 2. | C46: Ir. H. AA LA NYALLA MAHMUD MATTALITI, M.HP. | E46: 31 | F46: 25 | G46: 29 | H46: 30 | I46: 36 | J46: 34 | K46: 19 | L46: 35 | M46: 22 | N46: 31 | O46: 35 | P46: 30 | Q46: 28 | R46: 29 | S46: 33 | T46: 24 | U46: 27 | V46: 33 | W46: 40 | X46: 31 | Y46: 39 | Z46: =SUM(E46:Y46) -> 641
B47: 3. | C47: ABDUL QADIR AMIR HARTONO, S.E., S.H., M.H. | E47: 16 | F47: 6 | G47: 11 | H47: 11 | I47: 12 | J47: 10 | K47: 15 | L47: 16 | M47: 12 | N47: 13 | O47: 15 | P47: 11 | Q47: 20 | R47: 7 | S47: 15 | T47: 13 | U47: 16 | V47: 26 | W47: 11 | X47: 10 | Y47: 7 | Z47: =SUM(E47:Y47) -> 273
B48: 4. | C48: ADILLA AZIS, S.E. | E48: 26 | F48: 18 | G48: 25 | H48: 17 | I48: 21 | J48: 16 | K48: 14 | L48: 8 | M48: 18 | N48: 25 | O48: 18 | P48: 16 | Q48: 28 | R48: 6 | S48: 15 | T48: 15 | U48: 19 | V48: 17 | W48: 17 | X48: 10 | Y48: 10 | Z48: =SUM(E48:Y48) -> 359
B49: 5. | C49: Ir. H. AGUS RAHARDJO, MSc.M. | E49: 27 | F49: 23 | G49: 17 | H49: 23 | I49: 13 | J49: 25 | K49: 44 | L49: 29 | M49: 29 | N49: 25 | O49: 50 | P49: 46 | Q49: 39 | R49: 30 | S49: 40 | T49: 54 | U49: 37 | V49: 46 | W49: 21 | X49: 37 | Y49: 35 | Z49: =SUM(E49:Y49) -> 690
B50: 6. | C50: Drs. AYUB KHAN | E50: 13 | F50: 12 | G50: 11 | H50: 10 | I50: 11 | J50: 18 | K50: 12 | L50: 10 | M50: 13 | N50: 10 | O50: 13 | P50: 12 | Q50: 12 | R50: 12 | S50: 13 | T50: 13 | U50: 12 | V50: 10 | W50: 2 | X50: 7 | Y50: 11 | Z50: =SUM(E50:Y50) -> 237
B51: 7. | C51: BAMBANG HARIANTO | E51: 1 | F51: 2 | G51: 5 | H51: 4 | I51: 4 | J51: 0 | K51: 2 | L51: 2 | M51: 3 | N51: 4 | O51: 2 | P51: 3 | Q51: 1 | R51: 3 | S51: 6 | T51: 5 | U51: 2 | V51: 2 | W51: 5 | X51: 1 | Y51: 2 | Z51: =SUM(E51:Y51) -> 59
B52: 8. | C52: CATUR RUDI UTANTO, S.Sos. | E52: 4 | F52: 8 | G52: 4 | H52: 5 | I52: 4 | J52: 8 | K52: 8 | L52: 2 | M52: 3 | N52: 6 | O52: 4 | P52: 5 | Q52: 8 | R52: 11 | S52: 12 | T52: 3 | U52: 8 | V52: 6 | W52: 9 | X52: 6 | Y52: 9 | Z52: =SUM(E52:Y52) -> 133
B53: 9. | C53: DODDY DWI NUGROHO | E53: 0 | F53: 2 | G53: 0 | H53: 1 | I53: 2 | J53: 1 | K53: 3 | L53: 1 | M53: 1 | N53: 3 | O53: 1 | P53: 0 | Q53: 4 | R53: 6 | S53: 4 | T53: 1 | U53: 2 | V53: 1 | W53: 1 | X53: 4 | Y53: 3 | Z53: =SUM(E53:Y53) -> 41
B54: 10. | C54: KONDANG KUSUMANING AYU | E54: 25 | F54: 28 | G54: 26 | H54: 22 | I54: 23 | J54: 43 | K54: 34 | L54: 28 | M54: 22 | N54: 19 | O54: 27 | P54: 42 | Q54: 23 | R54: 25 | S54: 14 | T54: 32 | U54: 28 | V54: 21 | W54: 31 | X54: 16 | Y54: 17 | Z54: =SUM(E54:Y54) -> 546
B55: 11. | C55: KUNJUNG WAHYUDI | E55: 2 | F55: 6 | G55: 7 | H55: 2 | I55: 0 | J55: 1 | K55: 1 | L55: 1 | M55: 3 | N55: 1 | O55: 2 | P55: 3 | Q55: 6 | R55: 3 | S55: 4 | T55: 3 | U55: 9 | V55: 4 | W55: 7 | X55: 4 | Y55: 0 | Z55: =SUM(E55:Y55) -> 69
B56: 12. | C56: Dr. LIA ISTIFHAMA | E56: 17 | F56: 15 | G56: 17 | H56: 13 | I56: 16 | J56: 11 | K56: 14 | L56: 23 | M56: 15 | N56: 18 | O56: 12 | P56: 18 | Q56: 15 | R56: 16 | S56: 11 | T56: 14 | U56: 17 | V56: 18 | W56: 18 | X56: 6 | Y56: 23 | Z56: =SUM(E56:Y56) -> 327
B57: 13. | C57: MOHAMMAD TRIJANTO, S.H., M.M., M.H. | E57: 6 | F57: 3 | G57: 1 | H57: 2 | I57: 3 | J57: 6 | K57: 3 | L57: 6 | M57: 6 | N57: 2 | O57: 5 | P57: 3 | Q57: 3 | R57: 1 | S57: 8 | T57: 3 | U57: 7 | V57: 2 | W57: 4 | X57: 9 | Y57: 3 | Z57: =SUM(E57:Y57) -> 86
A59: V | B59: DATA SUARA SAH DAN TIDAK SAH
B60: A. | C60: JUMLAH SELURUH SUARA SAH | E60: =SUM(E45:E57) -> 175 | F60: =SUM(F45:F57) -> 153 | G60: =SUM(G45:G57) -> 179 | H60: =SUM(H45:H57) -> 150 | I60: =SUM(I45:I57) -> 150 | J60: =SUM(J45:J57) -> 185 | K60: =SUM(K45:K57) -> 180 | L60: =SUM(L45:L57) -> 166 | ... Y60: =SUM(Y45:Y57) -> 176 | Z60: =SUM(E60:Y60) -> 3663
B61: B. | C61: JUMLAH SUARA TIDAK SAH | E61: 28 | F61: 33 | G61: 38 | H61: 42 | I61: 42 | J61: 42 | K61: 42 | L61: 43 | M61: 34 | N61: 37 | O61: 37 | P61: 31 | Q61: 27 | R61: 34 | S61: 24 | T61: 33 | U61: 48 | V61: 40 | W61: 29 | X61: 32 | Y61: 30 | Z61: =SUM(E61:Y61) -> 746
B62: C. | C62: JUMLAH SELURUH SUARA SAH DAN SUARA TIDAK SAH (V.A + V.B) | E62: =SUM(E60:E61) -> 203 | F62: =SUM(F60:F61) -> 186 | G62: =SUM(G60:G61) -> 217 | H62: =SUM(H60:H61) -> 192 | I62: =SUM(I60:I61) -> 192 | J62: =SUM(J60:J61) -> 227 | K62: =SUM(K60:K61) -> 222 | L62: =SUM(L60:L61) -> 209 | ... Y62: =SUM(Y60:Y61) -> 206 | Z62: =SUM(E62:Y62) -> 4409

Sheet SUMBERREJO
C2: Kecamatan | D2: BANYUWANGI
C3: Kabupaten | D3: BANYUWANGI
C4: Provinsi | D4: JAWA TIMUR
C9: Kelurahan | D9: LATENG
A12: I | B12: DATA PEMILIH DAN PENGGUNAAN HAK PILIH | U12: JUMLAH AKHIR
A13: A | B13: DATA PEMILIH | E13: TPS 001 | F13: TPS 002 | G13: TPS 003 | H13: TPS 004 | I13: TPS 005 | J13: TPS 006 | K13: TPS 007 | L13: TPS 008 | M13: TPS 009 | N13: TPS 010 | O13: TPS 011 | P13: TPS 012 | Q13: TPS 013 | R13: TPS 014 | S13: TPS 015 | T13: TPS 016
B14: Jumlah Pemilih dalam Daftar Pemilih Tetap (DPT) | D14: LK | E14: 146 | F14: 111 | G14: 121 | H14: 146 | I14: 125 | J14: 129 | K14: 136 | L14: 138 | M14: 138 | N14: 154 | O14: 130 | P14: 131 | Q14: 103 | R14: 140 | S14: 99 | T14: 118 | U14: =SUM(E14:T14) -> 2065
D15: PR | E15: 130 | F15: 104 | G15: 115 | H15: 139 | I15: 138 | J15: 136 | K15: 151 | L15: 146 | M15: 146 | N15: 137 | O15: 148 | P15: 146 | Q15: 114 | R15: 139 | S15: 106 | T15: 125 | U15: =SUM(E15:T15) -> 2120
D16: JML | E16: =SUM(E14:E15) -> 276 | F16: =SUM(F14:F15) -> 215 | G16: =SUM(G14:G15) -> 236 | H16: =SUM(H14:H15) -> 285 | I16: =SUM(I14:I15) -> 263 | J16: =SUM(J14:J15) -> 265 | K16: =SUM(K14:K15) -> 287 | L16: =SUM(L14:L15) -> 284 | ... T16: =SUM(T14:T15) -> 243 | U16: =SUM(E16:T16) -> 4185
A18: B | B18: PENGGUNA HAK PILIH
B19: 1. | C19: Jumlah pengguna hak pilih dalam Daftar Pemilih Tetap (DPT) | D19: LK | E19: 99 | F19: 80 | G19: 85 | H19: 96 | I19: 89 | J19: 100 | K19: 95 | L19: 89 | M19: 91 | N19: 120 | O19: 89 | P19: 93 | Q19: 82 | R19: 105 | S19: 71 | T19: 98 | U19: =SUM(E19:T19) -> 1482
D20: PR | E20: 110 | F20: 87 | G20: 90 | H20: 109 | I20: 107 | J20: 106 | K20: 119 | L20: 114 | M20: 109 | N20: 129 | O20: 105 | P20: 129 | Q20: 100 | R20: 118 | S20: 90 | T20: 103 | U20: =SUM(E20:T20) -> 1725
D21: JML | E21: =SUM(E19:E20) -> 209 | F21: =SUM(F19:F20) -> 167 | G21: =SUM(G19:G20) -> 175 | H21: =SUM(H19:H20) -> 205 | I21: =SUM(I19:I20) -> 196 | J21: =SUM(J19:J20) -> 206 | K21: =SUM(K19:K20) -> 214 | L21: =SUM(L19:L20) -> 203 | ... T21: =SUM(T19:T20) -> 201 | U21: =SUM(E21:T21) -> 3207
B22: 2. | C22: Jumlah pengguna hak pilih dalam Daftar Pemilih Tambahan (DPTb) | D22: LK | E22: 0 | F22: 2 | G22: 0 | H22: 0 | I22: 0 | J22: 0 | K22: 0 | L22: 0 | M22: 0 | N22: 0 | O22: 0 | P22: 0 | Q22: 0 | R22: 0 | S22: 2 | T22: 0 | U22: =SUM(E22:T22) -> 4
D23: PR | E23: 0 | F23: 0 | G23: 0 | H23: 0 | I23: 0 | J23: 0 | K23: 0 | L23: 0 | M23: 0 | N23: 2 | O23: 0 | P23: 0 | Q23: 1 | R23: 0 | S23: 2 | T23: 0 | U23: =SUM(E23:T23) -> 5
D24: JML | E24: =SUM(E22:E23) -> 0 | F24: =SUM(F22:F23) -> 2 | G24: =SUM(G22:G23) -> 0 | H24: =SUM(H22:H23) -> 0 | I24: =SUM(I22:I23) -> 0 | J24: =SUM(J22:J23) -> 0 | K24: =SUM(K22:K23) -> 0 | L24: =SUM(L22:L23) -> 0 | ... T24: =SUM(T22:T23) -> 0 | U24: =SUM(E24:T24) -> 9
B25: 3. | C25: Jumlah pengguna hak pilih dalam Daftar Pemilih Khusus (DPK) | D25: LK | E25: 1 | F25: 0 | G25: 0 | H25: 0 | I25: 0 | J25: 2 | K25: 2 | L25: 0 | M25: 1 | N25: 3 | O25: 1 | P25: 0 | Q25: 0 | R25: 4 | S25: 2 | T25: 3 | U25: =SUM(E25:T25) -> 19
D26: PR | E26: 1 | F26: 0 | G26: 0 | H26: 1 | I26: 4 | J26: 2 | K26: 1 | L26: 2 | M26: 5 | N26: 2 | O26: 0 | P26: 1 | Q26: 4 | R26: 6 | S26: 3 | T26: 2 | U26: =SUM(E26:T26) -> 34
D27: JML | E27: =SUM(E25:E26) -> 2 | F27: =SUM(F25:F26) -> 0 | G27: =SUM(G25:G26) -> 0 | H27: =SUM(H25:H26) -> 1 | I27: =SUM(I25:I26) -> 4 | J27: =SUM(J25:J26) -> 4 | K27: =SUM(K25:K26) -> 3 | L27: =SUM(L25:L26) -> 2 | ... T27: =SUM(T25:T26) -> 5 | U27: =SUM(E27:T27) -> 53
B28: 4. | C28: Jumlah Pengguna Hak Pilih (B.1+B.2+B.3) | D28: LK | E28: =SUM(E19,E22,E25) -> 100 | F28: =SUM(F19,F22,F25) -> 82 | G28: =SUM(G19,G22,G25) -> 85 | H28: =SUM(H19,H22,H25) -> 96 | I28: =SUM(I19,I22,I25) -> 89 | J28: =SUM(J19,J22,J25) -> 102 | K28: =SUM(K19,K22,K25) -> 97 | L28: =SUM(L19,L22,L25) -> 89 | ... T28: =SUM(T19,T22,T25) -> 101 | U28: =SUM(E28:T28) -> 1505
