Workbook

Sheet DPD
C8: Kecamatan | D8: BLIMBINGSARI
C9: Kabupaten | D9: BANYUWANGI
C10: Provinsi | D10: JAWA TIMUR
A12: I | B12: DATA PEMILIH DAN PENGGUNAAN HAK PILIH | E12: JUMLAH AKHIR
A13: A | B13: DATA PEMILIH
B14: Jumlah Pemilih dalam Daftar Pemilih Tetap (DPT) | D14: LK | E14: =BADEAN!AB14+BLIMBINGSARI!U14+BOMO!W14+GINTANGAN!Z14+KALIGUNG!R14+KAOTAN!M14+KARANGREJO!P14+PATOMAN!T14+SUKOJATI!P14+WATUKEBO!AK14 -> 21865
D15: PR | E15: =BADEAN!AB15+BLIMBINGSARI!U15+BOMO!W15+GINTANGAN!Z15+KALIGUNG!R15+KAOTAN!M15+KARANGREJO!P15+PATOMAN!T15+SUKOJATI!P15+WATUKEBO!AK15 -> 21891
D16: JML | E16: =SUM(E14:E15) -> 43756
A18: B | B18: PENGGUNA HAK PILIH
B19: 1. | C19: Jumlah pengguna hak pilih dalam Daftar Pemilih Tetap (DPT) | D19: LK | E19: =BADEAN!AB19+BLIMBINGSARI!U19+BOMO!W19+GINTANGAN!Z19+KALIGUNG!R19+KAOTAN!M19+KARANGREJO!P19+PATOMAN!T19+SUKOJATI!P19+WATUKEBO!AK19 -> 16413
D20: PR | E20: =BADEAN!AB20+BLIMBINGSARI!U20+BOMO!W20+GINTANGAN!Z20+KALIGUNG!R20+KAOTAN!M20+KARANGREJO!P20+PATOMAN!T20+SUKOJATI!P20+WATUKEBO!AK20 -> 17835
D21: JML | E21: =SUM(E19:E20) -> 34248
B22: 2. | C22: Jumlah pengguna hak pilih dalam Daftar Pemilih Tambahan (DPTb) | D22: LK | E22: =BADEAN!AB22+BLIMBINGSARI!U22+BOMO!W22+GINTANGAN!Z22+KALIGUNG!R22+KAOTAN!M22+KARANGREJO!P22+PATOMAN!T22+SUKOJATI!P22+WATUKEBO!AK22 -> 101
D23: PR | E23: =BADEAN!AB23+BLIMBINGSARI!U23+BOMO!W23+GINTANGAN!Z23+KALIGUNG!R23+KAOTAN!M23+KARANGREJO!P23+PATOMAN!T23+SUKOJATI!P23+WATUKEBO!AK23 -> 27
D24: JML | E24: =SUM(E22:E23) -> 128
B25: 3. | C25: Jumlah pengguna hak pilih dalam Daftar Pemilih Khusus (DPK) | D25: LK | E25: =BADEAN!AB25+BLIMBINGSARI!U25+BOMO!W25+GINTANGAN!Z25+KALIGUNG!R25+KAOTAN!M25+KARANGREJO!P25+PATOMAN!T25+SUKOJATI!P25+WATUKEBO!AK25 -> 100
D26: PR | E26: =BADEAN!AB26+BLIMBINGSARI!U26+BOMO!W26+GINTANGAN!Z26+KALIGUNG!R26+KAOTAN!M26+KARANGREJO!P26+PATOMAN!T26+SUKOJATI!P26+WATUKEBO!AK26 -> 140
D27: JML | E27: =SUM(E25:E26) -> 240
B28: 4. | C28: Jumlah Pengguna Hak Pilih (B.1+B.2+B.3) | D28: LK | E28: =E19+E22+E25 -> 16614
D29: PR | E29: =E20+E23+E26 -> 18002
D30: JML | E30: =SUM(E28:E29) -> 34616
A32: II | B32: DATA PENGGUNAAN SURAT SUARA
A33: 1 | B33: Jumlah surat suara yang diterima, termasuk surat suara cadangan 2,5% dari DPT | E33: =BADEAN!AB33+BLIMBINGSARI!U33+BOMO!W33+GINTANGAN!Z33+KALIGUNG!R33+KAOTAN!M33+KARANGREJO!P33+PATOMAN!T33+SUKOJATI!P33+WATUKEBO!AK33 -> 44739
A34: 2 | B34: Jumlah surat suara yang digunakan | E34: =BADEAN!AB34+BLIMBINGSARI!U34+BOMO!W34+GINTANGAN!Z34+KALIGUNG!R34+KAOTAN!M34+KARANGREJO!P34+PATOMAN!T34+SUKOJATI!P34+WATUKEBO!AK34 -> 34616
A35: 3 | B35: Jumlah surat suara dikembalikan oleh pemilih (karena rusak atau keliru coblos) | E35: =BADEAN!AB35+BLIMBINGSARI!U35+BOMO!W35+GINTANGAN!Z35+KALIGUNG!R35+KAOTAN!M35+KARANGREJO!P35+PATOMAN!T35+SUKOJATI!P35+WATUKEBO!AK35 -> 131
A36: 4 | B36: Jumlah surat suara yang tidak digunakan/tidak terpakai, termasuk sisa surat suara cadangan | E36: =E33-(E34+E35) -> 9992
A38: III | B38: DATA PEMILIH DISABILITAS
B39: Jumlah seluruh Pemilih disabilitas yang menggunakan hak pilih | D39: LK | E39: =BADEAN!AB39+BLIMBINGSARI!U39+BOMO!W39+GINTANGAN!Z39+KALIGUNG!R39+KAOTAN!M39+KARANGREJO!P39+PATOMAN!T39+SUKOJATI!P39+WATUKEBO!AK39 -> 46
D40: PR | E40: =BADEAN!AB40+BLIMBINGSARI!U40+BOMO!W40+GINTANGAN!Z40+KALIGUNG!R40+KAOTAN!M40+KARANGREJO!P40+PATOMAN!T40+SUKOJATI!P40+WATUKEBO!AK40 -> 48
D41: JML | E41: =SUM(E39:E40) -> 94
A43: IV | B43: DATA RINCIAN PEROLEHAN SUARA PASANGAN CALON BUPATI DAN WAKIL BUPATI
A44: NOMOR DAN NAMA CALON
A45: A.2 | B45: 1. | C45: AA. AHMAD NAWARDI | E45: =BADEAN!AB45+BLIMBINGSARI!U45+BOMO!W45+GINTANGAN!Z45+KALIGUNG!R45+KAOTAN!M45+KARANGREJO!P45+PATOMAN!T45+SUKOJATI!P45+WATUKEBO!AK45 -> 2452
B46: 2. | C46: Ir. H. AA LA NYALLA MAHMUD MATTALITI, M.HP. | E46: =BADEAN!AB46+BLIMBINGSARI!U46+BOMO!W46+GINTANGAN!Z46+KALIGUNG!R46+KAOTAN!M46+KARANGREJO!P46+PATOMAN!T46+SUKOJATI!P46+WATUKEBO!AK46 -> 5449
B47: 3. | C47: ABDUL QADIR AMIR HARTONO, S.E., S.H., M.H. | E47: =BADEAN!AB47+BLIMBINGSARI!U47+BOMO!W47+GINTANGAN!Z47+KALIGUNG!R47+KAOTAN!M47+KARANGREJO!P47+PATOMAN!T47+SUKOJATI!P47+WATUKEBO!AK47 -> 2152
B48: 4. | C48: ADILLA AZIS, S.E. | E48: =BADEAN!AB48+BLIMBINGSARI!U48+BOMO!W48+GINTANGAN!Z48+KALIGUNG!R48+KAOTAN!M48+KARANGREJO!P48+PATOMAN!T48+SUKOJATI!P48+WATUKEBO!AK48 -> 4551
B49: 5. | C49: Ir. H. AGUS RAHARDJO, MSc.M. | E49: =BADEAN!AB49+BLIMBINGSARI!U49+BOMO!W49+GINTANGAN!Z49+KALIGUNG!R49+KAOTAN!M49+KARANGREJO!P49+PATOMAN!T49+SUKOJATI!P49+WATUKEBO!AK49 -> 2250
B50: 6. | C50: Drs. AYUB KHAN | E50: =BADEAN!AB50+BLIMBINGSARI!U50+BOMO!W50+GINTANGAN!Z50+KALIGUNG!R50+KAOTAN!M50+KARANGREJO!P50+PATOMAN!T50+SUKOJATI!P50+WATUKEBO!AK50 -> 2020
B51: 7. | C51: BAMBANG HARIANTO | E51: =BADEAN!AB51+BLIMBINGSARI!U51+BOMO!W51+GINTANGAN!Z51+KALIGUNG!R51+KAOTAN!M51+KARANGREJO!P51+PATOMAN!T51+SUKOJATI!P51+WATUKEBO!AK51 -> 332
B52: 8. | C52: CATUR RUDI UTANTO, S.Sos. | E52: =BADEAN!AB52+BLIMBINGSARI!U52+BOMO!W52+GINTANGAN!Z52+KALIGUNG!R52+KAOTAN!M52+KARANGREJO!P52+PATOMAN!T52+SUKOJATI!P52+WATUKEBO!AK52 -> 544
B53: 9. | C53: DODDY DWI NUGROHO | E53: =BADEAN!AB53+BLIMBINGSARI!U53+BOMO!W53+GINTANGAN!Z53+KALIGUNG!R53+KAOTAN!M53+KARANGREJO!P53+PATOMAN!T53+SUKOJATI!P53+WATUKEBO!AK53 -> 119
B54: 10. | C54: KONDANG KUSUMANING AYU | E54: =BADEAN!AB54+BLIMBINGSARI!U54+BOMO!W54+GINTANGAN!Z54+KALIGUNG!R54+KAOTAN!M54+KARANGREJO!P54+PATOMAN!T54+SUKOJATI!P54+WATUKEBO!AK54 -> 2645
B55: 11. | C55: KUNJUNG WAHYUDI | E55: =BADEAN!AB55+BLIMBINGSARI!U55+BOMO!W55+GINTANGAN!Z55+KALIGUNG!R55+KAOTAN!M55+KARANGREJO!P55+PATOMAN!T55+SUKOJATI!P55+WATUKEBO!AK55 -> 214
B56: 12. | C56: Dr. LIA ISTIFHAMA | E56: =BADEAN!AB56+BLIMBINGSARI!U56+BOMO!W56+GINTANGAN!Z56+KALIGUNG!R56+KAOTAN!M56+KARANGREJO!P56+PATOMAN!T56+SUKOJATI!P56+WATUKEBO!AK56 -> 3135
B57: 13. | C57: MOHAMMAD TRIJANTO, S.H., M.M., M.H. | E57: =BADEAN!AB57+BLIMBINGSARI!U57+BOMO!W57+GINTANGAN!Z57+KALIGUNG!R57+KAOTAN!M57+KARANGREJO!P57+PATOMAN!T57+SUKOJATI!P57+WATUKEBO!AK57 -> 331
A59: V | B59: DATA SUARA SAH DAN TIDAK SAH
B60: A. | C60: JUMLAH SELURUH SUARA SAH | E60: =BADEAN!AB60+BLIMBINGSARI!U60+BOMO!W60+GINTANGAN!Z60+KALIGUNG!R60+KAOTAN!M60+KARANGREJO!P60+PATOMAN!T60+SUKOJATI!P60+WATUKEBO!AK60 -> 26194
B61: B. | C61: JUMLAH SUARA TIDAK SAH | E61: =BADEAN!AB61+BLIMBINGSARI!U61+BOMO!W61+GINTANGAN!Z61+KALIGUNG!R61+KAOTAN!M61+KARANGREJO!P61+PATOMAN!T61+SUKOJATI!P61+WATUKEBO!AK61 -> 8187
B62: C. | C62: JUMLAH SELURUH SUARA SAH DAN SUARA TIDAK SAH (V.A + V.B) | E62: =SUM(E60:E61) -> 34381

Sheet BADEAN
C2: Kecamatan | D2: BLIMBINGSARI
C3: Kabupaten | D3: BANYUWANGI
C4: Provinsi | D4: JAWA TIMUR
C9: Kelurahan | D9: BADEAN
A12: I | B12: DATA PEMILIH DAN PENGGUNAAN HAK PILIH | AB12: JUMLAH AKHIR
A13: A | B13: DATA PEMILIH | E13: TPS 001 | F13: TPS 002 | G13: TPS 003 | H13: TPS 004 | I13: TPS 005 | J13: TPS 006 | K13: TPS 007 | L13: TPS 008 | M13: TPS 009 | N13: TPS 010 | O13: TPS 011 | P13: TPS 012 | Q13: TPS 013 | R13: TPS 014 | S13: TPS 015 | T13: TPS 016 | U13: TPS 017 | V13: TPS 018 | W13: TPS 019 | X13: TPS 020 | Y13: TPS 021 | Z13: TPS 022 | AA13: TPS 023
B14: Jumlah Pemilih dalam Daftar Pemilih Tetap (DPT) | D14: LK | E14: 135 | F14: 117 | G14: 109 | H14: 108 | I14: 137 | J14: 145 | K14: 122 | L14: 119 | M14: 144 | N14: 134 | O14: 146 | P14: 128 | Q14: 141 | R14: 115 | S14: 85 | T14: 89 | U14: 124 | V14: 120 | W14: 134 | X14: 136 | Y14: 131 | Z14: 125 | AA14: 125 | AB14: =SUM(E14:AA14) -> 2869
D15: PR | E15: 130 | F15: 129 | G15: 141 | H15: 122 | I15: 129 | J15: 134 | K15: 132 | L15: 151 | M15: 131 | N15: 143 | O15: 129 | P15: 126 | Q15: 125 | R15: 114 | S15: 102 | T15: 101 | U15: 129 | V15: 131 | W15: 126 | X15: 122 | Y15: 124 | Z15: 116 | AA15: 114 | AB15: =SUM(E15:AA15) -> 2901
D16: JML | E16: =SUM(E14:E15) -> 265 | F16: =SUM(F14:F15) -> 246 | G16: =SUM(G14:G15) -> 250 | H16: =SUM(H14:H15) -> 230 | I16: =SUM(I14:I15) -> 266 | J16: =SUM(J14:J15) -> 279 | K16: =SUM(K14:K15) -> 254 | L16: =SUM(L14:L15) -> 270 | ... AA16: =SUM(AA14:AA15) -> 239 | AB16: =SUM(E16:AA16) -> 5770
A18: B | B18: PENGGUNA HAK PILIH
B19: 1. | C19: Jumlah pengguna hak pilih dalam Daftar Pemilih Tetap (DPT) | D19: LK | E19: 111 | F19: 99 | G19: 84 | H19: 86 | I19: 104 | J19: 102 | K19: 85 | L19: 72 | M19: 104 | N19: 93 | O19: 106 | P19: 104 | Q19: 93 | R19: 67 | S19: 64 | T19: 55 | U19: 92 | V19: 91 | W19: 100 | X19: 98 | Y19: 100 | Z19: 104 | AA19: 95 | AB19: =SUM(E19:AA19) -> 2109
D20: PR | E20: 114 | F20: 104 | G20: 115 | H20: 98 | I20: 108 | J20: 102 | K20: 120 | L20: 108 | M20: 111 | N20: 110 | O20: 102 | P20: 107 | Q20: 97 | R20: 81 | S20: 81 | T20: 71 | U20: 107 | V20: 112 | W20: 98 | X20: 104 | Y20: 92 | Z20: 101 | AA20: 94 | AB20: =SUM(E20:AA20) -> 2337
D21: JML | E21: 225 | F21: 203 | G21: 199 | H21: 184 | I21: 212 | J21: 204 | K21: 205 | L21: 180 | M21: 215 | N21: 203 | O21: 208 | P21: 211 | Q21: 190 | R21: 148 | S21: 145 | T21: 126 | U21: 199 | V21: 203 | W21: 198 | X21: 202 | Y21: 192 | Z21: 205 | AA21: 189 | AB21: =SUM(E21:AA21) -> 4446
B22: 2. | C22: Jumlah pengguna hak pilih dalam Daftar Pemilih Tambahan (DPTb) | D22: LK | E22: 0 | F22: 0 | G22: 0 | H22: 0 | I22: 0 | J22: 0 | K22: 0 | L22: 0 | M22: 0 | N22: 0 | O22: 1 | P22: 0 | Q22: 0 | R22: 0 | S22: 0 | T22: 0 | U22: 0 | V22: 0 | W22: 0 | X22: 0 | Y22: 0 | Z22: 0 | AA22: 0 | AB22: =SUM(E22:AA22) -> 1
D23: PR | E23: 0 | F23: 0 | G23: 0 | H23: 0 | I23: 0 | J23: 0 | K23: 0 | L23: 0 | M23: 0 | N23: 0 | O23: 0 | P23: 0 | Q23: 0 | R23: 0 | S23: 0 | T23: 0 | U23: 0 | V23: 0 | W23: 0 | X23: 0 | Y23: 0 | Z23: 0 | AA23: 0 | AB23: =SUM(E23:AA23) -> 0
D24: JML | E24: 0 | F24: 0 | G24: 0 | H24: 0 | I24: 0 | J24: 0 | K24: 0 | L24: 0 | M24: 0 | N24: 0 | O24: 1 | P24: 0 | Q24: 0 | R24: 0 | S24: 0 | T24: 0 | U24: 0 | V24: 0 | W24: 0 | X24: 0 | Y24: 0 | Z24: 0 | AA24: 0 | AB24: =SUM(E24:AA24) -> 1
B25: 3. | C25: Jumlah pengguna hak pilih dalam Daftar Pemilih Khusus (DPK) | D25: LK | E25: 0 | F25: 0 | G25: 4 | H25: 0 | I25: 1 | J25: 3 | K25: 1 | L25: 1 | M25: 0 | N25: 3 | O25: 1 | P25: 2 | Q25: 4 | R25: 3 | S25: 0 | T25: 6 | U25: 0 | V25: 4 | W25: 1 | X25: 0 | Y25: 3 | Z25: 3 | AA25: 1 | AB25: =SUM(E25:AA25) -> 41
D26: PR | E26: 0 | F26: 0 | G26: 2 | H26: 0 | I26: 3 | J26: 6 | K26: 0 | L26: 2 | M26: 2 | N26: 1 | O26: 3 | P26: 4 | Q26: 3 | R26: 3 | S26: 0 | T26: 6 | U26: 0 | V26: 2 | W26: 2 | X26: 0 | Y26: 1 | Z26: 0 | AA26: 0 | AB26: =SUM(E26:AA26) -> 40
D27: JML | E27: 0 | F27: 0 | G27: 6 | H27: 0 | I27: 4 | J27: 9 | K27: 1 | L27: 3 | M27: 2 | N27: 4 | O27: 4 | P27: 6 | Q27: 7 | R27: 6 | S27: 0 | T27: 12 | U27: 0 | V27: 6 | W27: 3 | X27: 0 | Y27: 4 | Z27: 3 | AA27: 1 | AB27: =SUM(E27:AA27) -> 81
B28: 4. | C28: Jumlah Pengguna Hak Pilih (B.1+B.2+B.3) | D28: LK | E28: 111 | F28: 99 | G28: 88 | H28: 86 | I28: 105 | J28: 105 | K28: 86 | L28: 73 | M28: 104 | N28: 96 | O28: 108 | P28: 106 | Q28: 97 | R28: 70 | S28: 64 | T28: 61 | U28: 92 | V28: 97 | W28: 101 | X28: 98 | Y28: 104 | Z28: 107 | AA28: 96 | AB28: =SUM(E28:AA28) -> 2154
D29: PR | E29: 114 | F29: 104 | G29: 117 | H29: 98 | I29: 111 | J29: 108 | K29: 120 | L29: 110 | M29: 113 | N29: 111 | O29: 105 | P29: 111 | Q29: 100 | R29: 84 | S29: 81 | T29: 77 | U29: 107 | V29: 114 | W29: 100 | X29: 104 | Y29: 93 | Z29: 101 | AA29: 94 | AB29: =SUM(E29:AA29) -> 2377
D30: JML | E30: =SUM(E28:E29) -> 225 | F30: =SUM(F28:F29) -> 203 | G30: =SUM(G28:G29) -> 205 | H30: =SUM(H28:H29) -> 184 | I30: =SUM(I28:I29) -> 216 | J30: =SUM(J28:J29) -> 213 | K30: =SUM(K28:K29) -> 206 | L30: =SUM(L28:L29) -> 183 | ... AA30: =SUM(AA28:AA29) -> 190 | AB30: =SUM(E30:AA30) -> 4531
A32: II | B32: DATA PENGGUNAAN SURAT SUARA
A33: 1 | B33: Jumlah surat suara yang diterima, termasuk surat suara cadangan 2,5% dari DPT | E33: 271 | F33: 251 | G33: 255 | H33: 235 | I33: 272 | J33: 285 | K33: 260 | L33: 276 | M33: 281 | N33: 283 | O33: 281 | P33: 260 | Q33: 272 | R33: 234 | S33: 191 | T33: 194 | U33: 259 | V33: 257 | W33: 266 | X33: 264 | Y33: 261 | Z33: 246 | AA33: 244 | AB33: =SUM(E33:AA33) -> 5898
A34: 2 | B34: Jumlah surat suara yang digunakan | E34: 225 | F34: 203 | G34: 205 | H34: 184 | I34: 216 | J34: 213 | K34: 206 | L34: 183 | M34: 217 | N34: 207 | O34: 213 | P34: 217 | Q34: 197 | R34: 154 | S34: 145 | T34: 138 | U34: 199 | V34: 209 | W34: 201 | X34: 202 | Y34: 196 | Z34: 208 | AA34: 190 | AB34: =SUM(E34:AA34) -> 4528
A35: 3 | B35: Jumlah surat suara dikembalikan oleh pemilih (karena rusak atau keliru coblos) | E35: 0 | F35: 1 | G35: 0 | H35: 0 | I35: 0 | J35: 6 | K35: 0 | L35: 0 | M35: 0 | N35: 0 | O35: 0 | P35: 1 | Q35: 0 | R35: 0 | S35: 0 | T35: 0 | U35: 0 | V35: 0 | W35: 0 | X35: 0 | Y35: 0 | Z35: 0 | AA35: 0 | AB35: =SUM(E35:AA35) -> 8
A36: 4 | B36: Jumlah surat suara yang tidak digunakan/tidak terpakai, termasuk sisa surat suara cadangan | E36: 46 | F36: 47 | G36: 50 | H36: 51 | I36: 56 | J36: 66 | K36: 54 | L36: 93 | M36: 64 | N36: 76 | O36: 68 | P36: 42 | Q36: 75 | R36: 80 | S36: 46 | T36: 56 | U36: 60 | V36: 48 | W36: 65 | X36: 62 | Y36: 65 | Z36: 38 | AA36: 54 | AB36: =SUM(E36:AA36) -> 1362
A38: III | B38: DATA PEMILIH DISABILITAS
B39: Jumlah seluruh Pemilih disabilitas yang menggunakan hak pilih | D39: LK | E39: 0 | F39: 0 | G39: 0 | H39: 0 | I39: 1 | J39: 0 | K39: 0 | L39: 0 | M39: 0 | N39: 0 | O39: 0 | P39: 0 | Q39: 0 | R39: 1 | S39: 0 | T39: 0 | U39: 0 | V39: 0 | W39: 0 | X39: 0 | Y39: 0 | Z39: 0 | AA39: 1 | AB39: =SUM(E39:AA39) -> 3
D40: PR | E40: 0 | F40: 0 | G40: 0 | H40: 0 | I40: 1 | J40: 0 | K40: 0 | L40: 0 | M40: 0 | N40: 0 | O40: 0 | P40: 0 | Q40: 0 | R40: 3 | S40: 0 | T40: 0 | U40: 0 | V40: 0 | W40: 0 | X40: 0 | Y40: 0 | Z40: 0 | AA40: 2 | AB40: =SUM(E40:AA40) -> 6
D41: JML | E41: =SUM(E39:E40) -> 0 | F41: =SUM(F39:F40) -> 0 | G41: =SUM(G39:G40) -> 0 | H41: =SUM(H39:H40) -> 0 | I41: =SUM(I39:I40) -> 2 | J41: =SUM(J39:J40) -> 0 | K41: =SUM(K39:K40) -> 0 | L41: =SUM(L39:L40) -> 0 | ... AA41: =SUM(AA39:AA40) -> 3 | AB41: =SUM(E41:AA41) -> 9
A43: IV | B43: DATA RINCIAN PEROLEHAN SUARA PASANGAN CALON BUPATI DAN WAKIL BUPATI
A44: NOMOR DAN NAMA CALON
B45: 1. | C45: AA. AHMAD NAWARDI | E45: 9 | F45: 19 | G45: 10 | H45: 10 | I45: 18 | J45: 17 | K45: 5 | L45: 9 | M45: 22 | N45: 13 | O45: 8 | P45: 27 | Q45: 25 | R45: 19 | S45: 11 | T45: 20 | U45: 17 | V45: 18 | W45: 18 | X45: 20 | Y45: 20 | Z45: 32 | AA45: 17 | AB45: =SUM(E45:AA45) -> 384
B46: 2. | C46: Ir. H. AA LA NYALLA MAHMUD MATTALITI, M.HP. | E46: 34 | F46: 39 | G46: 28 | H46: 37 | I46: 48 | J46: 48 | K46: 47 | L46: 44 | M46: 36 | N46: 49 | O46: 51 | P46: 48 | Q46: 41 | R46: 29 | S46: 37 | T46: 28 | U46: 53 | V46: 44 | W46: 47 | X46: 53 | Y46: 35 | Z46: 65 | AA46: 28 | AB46: =SUM(E46:AA46) -> 969
B47: 3. | C47: ABDUL QADIR AMIR HARTONO, S.E., S.H., M.H. | E47: 14 | F47: 9 | G47: 11 | H47: 6 | I47: 4 | J47: 12 | K47: 9 | L47: 17 | M47: 9 | N47: 15 | O47: 13 | P47: 15 | Q47: 13 | R47: 6 | S47: 8 | T47: 3 | U47: 10 | V47: 16 | W47: 12 | X47: 4 | Y47: 14 | Z47: 10 | AA47: 18 | AB47: =SUM(E47:AA47) -> 248
B48: 4. | C48: ADILLA AZIS, S.E. | E48: 33 | F48: 27 | G48: 42 | H48: 19 | I48: 15 | J48: 21 | K48: 25 | L48: 34 | M48: 30 | N48: 21 | O48: 55 | P48: 24 | Q48: 24 | R48: 21 | S48: 11 | T48: 14 | U48: 19 | V48: 19 | W48: 20 | X48: 23 | Y48: 36 | Z48: 14 | AA48: 13 | AB48: =SUM(E48:AA48) -> 560
B49: 5. | C49: Ir. H. AGUS RAHARDJO, MSc.M. | E49: 12 | F49: 17 | G49: 17 | H49: 14 | I49: 16 | J49: 14 | K49: 8 | L49: 10 | M49: 21 | N49: 16 | O49: 20 | P49: 9 | Q49: 11 | R49: 9 | S49: 8 | T49: 11 | U49: 12 | V49: 15 | W49: 15 | X49: 7 | Y49: 15 | Z49: 8 | AA49: 6 | AB49: =SUM(E49:AA49) -> 291
B50: 6. | C50: Drs. AYUB KHAN | E50: 25 | F50: 17 | G50: 17 | H50: 16 | I50: 10 | J50: 14 | K50: 16 | L50: 7 | M50: 14 | N50: 17 | O50: 13 | P50: 16 | Q50: 16 | R50: 12 | S50: 9 | T50: 8 | U50: 14 | V50: 18 | W50: 16 | X50: 10 | Y50: 11 | Z50: 13 | AA50: 14 | AB50: =SUM(E50:AA50) -> 323
B51: 7. | C51: BAMBANG HARIANTO | E51: 1 | F51: 2 | G51: 2 | H51: 2 | I51: 1 | J51: 1 | K51: 0 | L51: 1 | M51: 2 | N51: 1 | O51: 0 | P51: 1 | Q51: 3 | R51: 0 | S51: 2 | T51: 1 | U51: 1 | V51: 3 | W51: 3 | X51: 5 | Y51: 3 | Z51: 1 | AA51: 1 | AB51: =SUM(E51:AA51) -> 37
B52: 8. | C52: CATUR RUDI UTANTO, S.Sos. | E52: 1 | F52: 3 | G52: 1 | H52: 0 | I52: 2 | J52: 1 | K52: 1 | L52: 1 | M52: 0 | N52: 1 | O52: 0 | P52: 1 | Q52: 1 | R52: 1 | S52: 0 | T52: 0 | U52: 5 | V52: 3 | W52: 0 | X52: 3 | Y52: 3 | Z52: 2 | AA52: 4 | AB52: =SUM(E52:AA52) -> 34
B53: 9. | C53: DODDY DWI NUGROHO | E53: 0 | F53: 1 | G53: 2 | H53: 1 | I53: 0 | J53: 0 | K53: 0 | L53: 0 | M53: 1 | N53: 0 | O53: 1 | P53: 0 | Q53: 1 | R53: 1 | S53: 0 | T53: 1 | U53: 0 | V53: 4 | W53: 1 | X53: 0 | Y53: 1 | Z53: 0 | AA53: 0 | AB53: =SUM(E53:AA53) -> 15
B54: 10. | C54: KONDANG KUSUMANING AYU | E54: 14 | F54: 12 | G54: 15 | H54: 5 | I54: 12 | J54: 12 | K54: 12 | L54: 12 | M54: 16 | N54: 15 | O54: 7 | P54: 16 | Q54: 17 | R54: 6 | S54: 6 | T54: 8 | U54: 13 | V54: 19 | W54: 18 | X54: 12 | Y54: 19 | Z54: 14 | AA54: 18 | AB54: =SUM(E54:AA54) -> 298
B55: 11. | C55: KUNJUNG WAHYUDI | E55: 0 | F55: 0 | G55: 3 | H55: 0 | I55: 2 | J55: 2 | K55: 0 | L55: 1 | M55: 1 | N55: 1 | O55: 1 | P55: 2 | Q55: 1 | R55: 0 | S55: 0 | T55: 1 | U55: 3 | V55: 0 | W55: 1 | X55: 0 | Y55: 0 | Z55: 1 | AA55: 1 | AB55: =SUM(E55:AA55) -> 21
B56: 12. | C56: Dr. LIA ISTIFHAMA | E56: 16 | F56: 17 | G56: 15 | H56: 15 | I56: 16 | J56: 25 | K56: 14 | L56: 14 | M56: 15 | N56: 24 | O56: 15 | P56: 20 | Q56: 9 | R56: 15 | S56: 13 | T56: 17 | U56: 24 | V56: 20 | W56: 19 | X56: 46 | Y56: 17 | Z56: 14 | AA56: 19 | AB56: =SUM(E56:AA56) -> 419
B57: 13. | C57: MOHAMMAD TRIJANTO, S.H., M.M., M.H. | E57: 2 | F57: 4 | G57: 2 | H57: 2 | I57: 1 | J57: 1 | K57: 0 | L57: 4 | M57: 3 | N57: 0 | O57: 1 | P57: 0 | Q57: 1 | R57: 0 | S57: 0 | T57: 1 | U57: 4 | V57: 1 | W57: 1 | X57: 2 | Y57: 1 | Z57: 1 | AA57: 3 | AB57: =SUM(E57:AA57) -> 35
A59: V | B59: DATA SUARA SAH DAN TIDAK SAH
B60: A. | C60: JUMLAH SELURUH SUARA SAH | E60: =SUM(E45:E57) -> 161 | F60: =SUM(F45:F57) -> 167 | G60: =SUM(G45:G57) -> 165 | H60: =SUM(H45:H57) -> 127 | I60: =SUM(I45:I57) -> 145 | J60: =SUM(J45:J57) -> 168 | K60: =SUM(K45:K57) -> 137 | L60: =SUM(L45:L57) -> 154 | ... AA60: =SUM(AA45:AA57) -> 142 | AB60: =SUM(E60:AA60) -> 3634
B61: B. | C61: JUMLAH SUARA TIDAK SAH | E61: 64 | F61: 36 | G61: 40 | H61: 57 | I61: 71 | J61: 45 | K61: 69 | L61: 29 | M61: 47 | N61: 34 | O61: 28 | P61: 38 | Q61: 34 | R61: 35 | S61: 40 | T61: 25 | U61: 24 | V61: 29 | W61: 30 | X61: 17 | Y61: 21 | Z61: 33 | AA61: 48 | AB61: =SUM(E61:AA61) -> 894
B62: C. | C62: JUMLAH SELURUH SUARA SAH DAN SUARA TIDAK SAH (V.A + V.B) | E62: =SUM(E60:E61) -> 225 | F62: =SUM(F60:F61) -> 203 | G62: =SUM(G60:G61) -> 205 | H62: =SUM(H60:H61) -> 184 | I62: =SUM(I60:I61) -> 216 | J62: =SUM(J60:J61) -> 213 | K62: =SUM(K60:K61) -> 206 | L62: =SUM(L60:L61) -> 183 | ... AA62: =SUM(AA60:AA61) -> 190 | AB62: =SUM(E62:AA62) -> 4528

Sheet BLIMBINGSARI
C2: Kecamatan | D2: BLIMBINGSARI
C3: Kabupaten | D3: BANYUWANGI
C4: Provinsi | D4: JAWA TIMUR
C9: Kelurahan | D9: BLIMBINGSARI
A12: I | B12: DATA PEMILIH DAN PENGGUNAAN HAK PILIH | U12: JUMLAH AKHIR
A13: A | B13: DATA PEMILIH | E13: TPS 001 | F13: TPS 002 | G13: TPS 003 | H13: TPS 004 | I13: TPS 005 | J13: TPS 006 | K13: TPS 007 | L13: TPS 008 | M13: TPS 009 | N13: TPS 010 | O13: TPS 011 | P13: TPS 012 | Q13: TPS 013 | R13: TPS 014 | S13: TPS 015 | T13: TPS 016
B14: Jumlah Pemilih dalam Daftar Pemilih Tetap (DPT) | D14: LK | E14: 131 | F14: 147 | G14: 117 | H14: 106 | I14: 134 | J14: 135 | K14: 123 | L14: 110 | M14: 101 | N14: 126 | O14: 86 | P14: 122 | Q14: 144 | R14: 131 | S14: 112 | T14: 143 | U14: =SUM(E14:T14) -> 1968
D15: PR | E15: 131 | F15: 139 | G15: 132 | H15: 111 | I15: 139 | J15: 140 | K15: 143 | L15: 118 | M15: 116 | N15: 139 | O15: 95 | P15: 114 | Q15: 144 | R15: 141 | S15: 107 | T15: 145 | U15: =SUM(E15:T15) -> 2054
D16: JML | E16: =SUM(E14:E15) -> 262 | F16: =SUM(F14:F15) -> 286 | G16: =SUM(G14:G15) -> 249 | H16: =SUM(H14:H15) -> 217 | I16: =SUM(I14:I15) -> 273 | J16: =SUM(J14:J15) -> 275 | K16: =SUM(K14:K15) -> 266 | L16: =SUM(L14:L15) -> 228 | ... T16: =SUM(T14:T15) -> 288 | U16: =SUM(E16:T16) -> 4022
A18: B | B18: PENGGUNA HAK PILIH
B19: 1. | C19: Jumlah pengguna hak pilih dalam Daftar Pemilih Tetap (DPT) | D19: LK | E19: 101 | F19: 117 | G19: 86 | H19: 84 | I19: 107 | J19: 108 | K19: 94 | L19: 77 | M19: 87 | N19: 98 | O19: 62 | P19: 92 | Q19: 106 | R19: 93 | S19: 84 | T19: 114 | U19: =SUM(E19:T19) -> 1510
D20: PR | E20: 116 | F20: 122 | G20: 109 | H20: 91 | I20: 112 | J20: 110 | K20: 118 | L20: 89 | M20: 99 | N20: 115 | O20: 79 | P20: 102 | Q20: 108 | R20: 97 | S20: 90 | T20: 125 | U20: =SUM(E20:T20) -> 1682
D21: JML | E21: 217 | F21: 239 | G21: 195 | H21: 175 | I21: 219 | J21: 218 | K21: 212 | L21: 166 | M21: 186 | N21: 213 | O21: 141 | P21: 194 | Q21: 214 | R21: 190 | S21: 174 | T21: =SUM(T19:T20) -> 239 | U21: =SUM(E21:T21) -> 3192
B22: 2. | C22: Jumlah pengguna hak pilih dalam Daftar Pemilih Tambahan (DPTb) | D22: LK | E22: 1 | F22: 0 | G22: 0 | H22: 0 | I22: 0 | J22: 1 | K22: 2 | L22: 1 | M22: 2 | N22: 2 | O22: 0 | P22: 0 | Q22: 0 | R22: 0 | S22: 0 | T22: 0 | U22: =SUM(E22:T22) -> 9
D23: PR | E23: 0 | F23: 0 | G23: 0 | H23: 0 | I23: 0 | J23: 1 | K23: 1 | L23: 1 | M23: 4 | N23: 0 | O23: 0 | P23: 0 | Q23: 0 | R23: 0 | S23: 0 | T23: 0 | U23: =SUM(E23:T23) -> 7
D24: JML | E24: 1 | F24: 0 | G24: 0 | H24: 0 | I24: 0 | J24: 2 | K24: 3 | L24: 2 | M24: 6 | N24: 2 | O24: 0 | P24: 0 | Q24: 0 | R24: 0 | S24: 0 | T24: =SUM(T22:T23) -> 0 | U24: =SUM(E24:T24) -> 16
B25: 3. | C25: Jumlah pengguna hak pilih dalam Daftar Pemilih Khusus (DPK) | D25: LK | E25: 1 | F25: 1 | G25: 1 | H25: 3 | I25: 0 | J25: 0 | K25: 1 | L25: 0 | M25: 0 | N25: 2 | O25: 0 | P25: 1 | Q25: 1 | R25: 1 | S25: 4 | T25: 0 | U25: =SUM(E25:T25) -> 16
D26: PR | E26: 2 | F26: 1 | G26: 0 | H26: 1 | I26: 2 | J26: 1 | K26: 1 | L26: 1 | M26: 1 | N26: 2 | O26: 1 | P26: 1 | Q26: 0 | R26: 1 | S26: 3 | T26: 1 | U26: =SUM(E26:T26) -> 19
D27: JML | E27: 3 | F27: 2 | G27: 1 | H27: 4 | I27: 2 | J27: 1 | K27: 2 | L27: 1 | M27: 1 | N27: 4 | O27: 1 | P27: 2 | Q27: 1 | R27: 2 | S27: 7 | T27: =SUM(T25:T26) -> 1 | U27: =SUM(E27:T27) -> 35
B28: 4. | C28: Jumlah Pengguna Hak Pilih (B.1+B.2+B.3) | D28: LK | E28: 103 | F28: 118 | G28: 87 | H28: 87 | I28: 107 | J28: 109 | K28: 97 | L28: 78 | M28: 89 | N28: 102 | O28: 62 | P28: 93 | Q28: 107 | R28: 94 | S28: 88 | T28: =SUM(T19,T22,T25) -> 114 | U28: =SUM(E28:T28) -> 1535
D29: PR | E29: 118 | F29: 123 | G29: 109 | H29: 92 | I29: 114 | J29: 112 | K29: 120 | L29: 91 | M29: 104 | N29: 117 | O29: 80 | P29: 103 | Q29: 108 | R29: 98 | S29: 93 | T29: =SUM(T20,T23,T26) -> 126 | U29: =SUM(E29:T29) -> 1708
D30: JML | E30: =SUM(E28:E29) -> 221 | F30: =SUM(F28:F29) -> 241 | G30: =SUM(G28:G29) -> 196 | H30: =SUM(H28:H29) -> 179 | I30: =SUM(I28:I29) -> 221 | J30: =SUM(J28:J29) -> 221 | K30: =SUM(K28:K29) -> 217 | L30: =SUM(L28:L29) -> 169 | ... T30: =SUM(T28:T29) -> 240 | U30: =SUM(E30:T30) -> 3243
A32: II | B32: DATA PENGGUNAAN SURAT SUARA
A33: 1 | B33: Jumlah surat suara yang diterima, termasuk surat suara cadangan 2,5% dari DPT | E33: 268 | F33: 292 | G33: 254 | H33: 222 | I33: 279 | J33: 281 | K33: 272 | L33: 233 | M33: 222 | N33: 271 | O33: 186 | P33: 241 | Q33: 295 | R33: 278 | S33: 224 | T33: 294 | U33: =SUM(E33:T33) -> 4112
A34: 2 | B34: Jumlah surat suara yang digunakan | E34: 221 | F34: 241 | G34: 196 | H34: 179 | I34: 221 | J34: 221 | K34: 217 | L34: 169 | M34: 193 | N34: 219 | O34: 142 | P34: 196 | Q34: 215 | R34: 192 | S34: 181 | T34: 240 | U34: =SUM(E34:T34) -> 3243
A35: 3 | B35: Jumlah surat suara dikembalikan oleh pemilih (karena rusak atau keliru coblos) | E35: 1 | F35: 0 | G35: 0 | H35: 0 | I35: 1 | J35: 0 | K35: 0 | L35: 0 | M35: 0 | N35: 2 | O35: 1 | P35: 1 | Q35: 0 | R35: 0 | S35: 6 | T35: 0 | U35: =SUM(E35:T35) -> 12
A36: 4 | B36: Jumlah surat suara yang tidak digunakan/tidak terpakai, termasuk sisa surat suara cadangan | E36: 46 | F36: 51 | G36: 58 | H36: 43 | I36: 57 | J36: 60 | K36: 55 | L36: 64 | M36: 29 | N36: 50 | O36: 43 | P36: 44 | Q36: 80 | R36: 86 | S36: 37 | T36: =T33-(T34+T35) -> 54 | U36: =SUM(E36:T36) -> 857
A38: III | B38: DATA PEMILIH DISABILITAS
B39: Jumlah seluruh Pemilih disabilitas yang menggunakan hak pilih | D39: LK | E39: 0 | F39: 0 | G39: 0 | H39: 1 | I39: 0 | J39: 0 | K39: 0 | L39: 0 | M39: 0 | N39: 0 | O39: 2 | P39: 0 | Q39: 1 | R39: 0 | S39: 0 | T39: 0 | U39: =SUM(E39:T39) -> 4
D40: PR | E40: 0 | F40: 0 | G40: 0 | H40: 1 | I40: 0 | J40: 0 | K40: 0 | L40: 1 | M40: 1 | N40: 0 | O40: 1 | P40: 0 | Q40: 1 | R40: 0 | S40: 0 | T40: 0 | U40: =SUM(E40:T40) -> 5
D41: JML | E41: =SUM(E39:E40) -> 0 | F41: =SUM(F39:F40) -> 0 | G41: =SUM(G39:G40) -> 0 | H41: =SUM(H39:H40) -> 2 | I41: =SUM(I39:I40) -> 0 | J41: =SUM(J39:J40) -> 0 | K41: =SUM(K39:K40) -> 0 | L41: =SUM(L39:L40) -> 1 | ... T41: =SUM(T39:T40) -> 0 | U41: =SUM(E41:T41) -> 9
A43: IV | B43: DATA RINCIAN PEROLEHAN SUARA PASANGAN CALON BUPATI DAN WAKIL BUPATI
A44: NOMOR DAN NAMA CALON
B45: 1. | C45: AA. AHMAD NAWARDI | E45: 24 | F45: 18 | G45: 16 | H45: 22 | I45: 12 | J45: 14 | K45: 6 | L45: 20 | M45: 14 | N45: 15 | O45: 12 | P45: 23 | Q45: 18 | R45: 8 | S45: 8 | T45: 4 | U45: =SUM(E45:T45) -> 234
B46: 2. | C46: Ir. H. AA LA NYALLA MAHMUD MATTALITI, M.HP. | E46: 31 | F46: 39 | G46: 38 | H46: 30 | I46: 42 | J46: 38 | K46: 23 | L46: 12 | M46: 25 | N46: 32 | O46: 14 | P46: 32 | Q46: 47 | R46: 26 | S46: 15 | T46: 21 | U46: =SUM(E46:T46) -> 465
B47: 3. | C47: ABDUL QADIR AMIR HARTONO, S.E., S.H., M.H. | E47: 19 | F47: 15 | G47: 12 | H47: 16 | I47: 12 | J47: 16 | K47: 4 | L47: 5 | M47: 5 | N47: 6 | O47: 15 | P47: 13 | Q47: 14 | R47: 11 | S47: 9 | T47: 7 | U47: =SUM(E47:T47) -> 179
B48: 4. | C48: ADILLA AZIS, S.E. | E48: 26 | F48: 31 | G48: 23 | H48: 28 | I48: 22 | J48: 30 | K48: 19 | L48: 37 | M48: 39 | N48: 54 | O48: 19 | P48: 42 | Q48: 27 | R48: 17 | S48: 25 | T48: 19 | U48: =SUM(E48:T48) -> 458
B49: 5. | C49: Ir. H. AGUS RAHARDJO, MSc.M. | E49: 15 | F49: 7 | G49: 12 | H49: 8 | I49: 12 | J49: 14 | K49: 8 | L49: 7 | M49: 9 | N49: 15 | O49: 9 | P49: 5 | Q49: 8 | R49: 9 | S49: 5 | T49: 7 | U49: =SUM(E49:T49) -> 150
B50: 6. | C50: Drs. AYUB KHAN | E50: 11 | F50: 9 | G50: 10 | H50: 7 | I50: 17 | J50: 12 | K50: 10 | L50: 7 | M50: 10 | N50: 19 | O50: 13 | P50: 9 | Q50: 12 | R50: 4 | S50: 4 | T50: 12 | U50: =SUM(E50:T50) -> 166
B51: 7. | C51: BAMBANG HARIANTO | E51: 1 | F51: 2 | G51: 0 | H51: 3 | I51: 4 | J51: 1 | K51: 2 | L51: 2 | M51: 3 | N51: 0 | O51: 0 | P51: 1 | Q51: 1 | R51: 1 | S51: 1 | T51: 1 | U51: =SUM(E51:T51) -> 23
B52: 8. | C52: CATUR RUDI UTANTO, S.Sos. | E52: 0 | F52: 3 | G52: 0 | H52: 1 | I52: 1 | J52: 2 | K52: 3 | L52: 0 | M52: 1 | N52: 0 | O52: 0 | P52: 2 | Q52: 1 | R52: 1 | S52: 2 | T52: 2 | U52: =SUM(E52:T52) -> 19
B53: 9. | C53: DODDY DWI NUGROHO | E53: 0 | F53: 1 | G53: 1 | H53: 1 | I53: 2 | J53: 0 | K53: 0 | L53: 0 | M53: 1 | N53: 0 | O53: 0 | P53: 0 | Q53: 0 | R53: 1 | S53: 0 | T53: 0 | U53: =SUM(E53:T53) -> 7
B54: 10. | C54: KONDANG KUSUMANING AYU | E54: 19 | F54: 15 | G54: 18 | H54: 13 | I54: 10 | J54: 11 | K54: 12 | L54: 6 | M54: 9 | N54: 7 | O54: 9 | P54: 17 | Q54: 10 | R54: 3 | S54: 12 | T54: 16 | U54: =SUM(E54:T54) -> 187
B55: 11. | C55: KUNJUNG WAHYUDI | E55: 3 | F55: 0 | G55: 2 | H55: 1 | I55: 8 | J55: 0 | K55: 1 | L55: 0 | M55: 0 | N55: 0 | O55: 2 | P55: 1 | Q55: 2 | R55: 0 | S55: 0 | T55: 1 | U55: =SUM(E55:T55) -> 21
B56: 12. | C56: Dr. LIA ISTIFHAMA | E56: 14 | F56: 24 | G56: 16 | H56: 14 | I56: 21 | J56: 16 | K56: 24 | L56: 31 | M56: 13 | N56: 35 | O56: 10 | P56: 16 | Q56: 17 | R56: 7 | S56: 12 | T56: 11 | U56: =SUM(E56:T56) -> 281
B57: 13. | C57: MOHAMMAD TRIJANTO, S.H., M.M., M.H. | E57: 2 | F57: 2 | G57: 3 | H57: 4 | I57: 3 | J57: 2 | K57: 5 | L57: 3 | M57: 0 | N57: 1 | O57: 3 | P57: 2 | Q57: 2 | R57: 2 | S57: 1 | T57: 0 | U57: =SUM(E57:T57) -> 35
A59: V | B59: DATA SUARA SAH DAN TIDAK SAH
B60: A. | C60: JUMLAH SELURUH SUARA SAH | E60: =SUM(E45:E57) -> 165 | F60: =SUM(F45:F57) -> 166 | G60: =SUM(G45:G57) -> 151 | H60: =SUM(H45:H57) -> 148 | I60: =SUM(I45:I57) -> 166 | J60: =SUM(J45:J57) -> 156 | K60: =SUM(K45:K57) -> 117 | L60: =SUM(L45:L57) -> 130 | ... T60: =SUM(T45:T57) -> 101 | U60: =SUM(E60:T60) -> 2225
B61: B. | C61: JUMLAH SUARA TIDAK SAH | E61: 56 | F61: 75 | G61: 45 | H61: 31 | I61: 55 | J61: 65 | K61: 100 | L61: 39 | M61: 64 | N61: 35 | O61: 36 | P61: 33 | Q61: 56 | R61: 10 | S61: 87 | T61: 139 | U61: =SUM(E61:T61) -> 926
B62: C. | C62: JUMLAH SELURUH SUARA SAH DAN SUARA TIDAK SAH (V.A + V.B) | E62: =SUM(E60:E61) -> 221 | F62: =SUM(F60:F61) -> 241 | G62: =SUM(G60:G61) -> 196 | H62: =SUM(H60:H61) -> 179 | I62: =SUM(I60:I61) -> 221 | J62: =SUM(J60:J61) -> 221 | K62: =SUM(K60:K61) -> 217 | L62: =SUM(L60:L61) -> 169 | ... T62: =SUM(T60:T61) -> 240 | U62: =SUM(E62:T62) -> 3151

Sheet BOMO
C2: Kecamatan | D2: BLIMBINGSARI
C3: Kabupaten | D3: BANYUWANGI
C4: Provinsi | D4: JAWA TIMUR
C9: Kelurahan | D9: BOMO
A12: I | B12: DATA PEMILIH DAN PENGGUNAAN HAK PILIH | W12: JUMLAH AKHIR
A13: A | B13: DATA PEMILIH | E13: TPS 001 | F13: TPS 002 | G13: TPS 003 | H13: TPS 004 | I13: TPS 005 | J13: TPS 006 | K13: TPS 007 | L13: TPS 008 | M13: TPS 009 | N13: TPS 010 | O13: TPS 011 | P13: TPS 012 | Q13: TPS 013 | R13: TPS 014 | S13: TPS 015 | T13: TPS 016 | U13: TPS 017 | V13: TPS 018
B14: Jumlah Pemilih dalam Daftar Pemilih Tetap (DPT) | D14: LK | E14: 142 | F14: 123 | G14: 144 | H14: 139 | I14: 133 | J14: 151 | K14: 136 | L14: 141 | M14: 150 | N14: 113 | O14: 133 | P14: 121 | Q14: 121 | R14: 133 | S14: 130 | T14: 121 | U14: 127 | V14: 123 | W14: =SUM(E14:V14) -> 2381
D15: PR | E15: 143 | F15: 143 | G15: 150 | H15: 146 | I15: 133 | J15: 145 | K15: 138 | L15: 156 | M15: 141 | N15: 121 | O15: 140 | P15: 132 | Q15: 131 | R15: 129 | S15: 136 | T15: 122 | U15: 128 | V15: 119 | W15: =SUM(E15:V15) -> 2453
D16: JML | E16: =SUM(E14:E15) -> 285 | F16: =SUM(F14:F15) -> 266 | G16: =SUM(G14:G15) -> 294 | H16: =SUM(H14:H15) -> 285 | I16: =SUM(I14:I15) -> 266 | J16: =SUM(J14:J15) -> 296 | K16: =SUM(K14:K15) -> 274 | L16: =SUM(L14:L15) -> 297 | ... V16: =SUM(V14:V15) -> 242 | W16: =SUM(E16:V16) -> 4834
A18: B | B18: PENGGUNA HAK PILIH
B19: 1. | C19: Jumlah pengguna hak pilih dalam Daftar Pemilih Tetap (DPT) | D19: LK | E19: 117 | F19: 88 | G19: 96 | H19: 104 | I19: 96 | J19: 109 | K19: 105 | L19: 105 | M19: 113 | N19: 96 | O19: 102 | P19: 96 | Q19: 67 | R19: 89 | S19: 95 | T19: 99 | U19: 93 | V19: 83 | W19: =SUM(E19:V19) -> 1753
D20: PR | E20: 122 | F20: 111 | G20: 116 | H20: 118 | I20: 100 | J20: 109 | K20: 112 | L20: 127 | M20: 117 | N20: 99 | O20: 122 | P20: 102 | Q20: 87 | R20: 92 | S20: 106 | T20: 99 | U20: 109 | V20: 88 | W20: =SUM(E20:V20) -> 1936
D21: JML | E21: 239 | F21: 199 | G21: 212 | H21: 222 | I21: 196 | J21: 218 | K21: 217 | L21: 232 | M21: 230 | N21: 195 | O21: 224 | P21: 198 | Q21: 154 | R21: 181 | S21: 201 | T21: 198 | U21: 202 | V21: 171 | W21: =SUM(E21:V21) -> 3689
B22: 2. | C22: Jumlah pengguna hak pilih dalam Daftar Pemilih Tambahan (DPTb) | D22: LK | E22: 0 | F22: 0 | G22: 0 | H22: 0 | I22: 0 | J22: 2 | K22: 0 | L22: 0 | M22: 0 | N22: 0 | O22: 0 | P22: 0 | Q22: 0 | R22: 0 | S22: 0 | T22: 1 | U22: 3 | V22: 0 | W22: =SUM(E22:V22) -> 6
D23: PR | E23: 0 | F23: 0 | G23: 0 | H23: 0 | I23: 0 | J23: 0 | K23: 0 | L23: 0 | M23: 0 | N23: 0 | O23: 0 | P23: 0 | Q23: 0 | R23: 0 | S23: 0 | T23: 0 | U23: 1 | V23: 0 | W23: =SUM(E23:V23) -> 1
D24: JML | E24: 0 | F24: 0 | G24: 0 | H24: 0 | I24: 0 | J24: 2 | K24: 0 | L24: 0 | M24: 0 | N24: 0 | O24: 0 | P24: 0 | Q24: 0 | R24: 0 | S24: 0 | T24: 1 | U24: 4 | V24: 0 | W24: =SUM(E24:V24) -> 7
B25: 3. | C25: Jumlah pengguna hak pilih dalam Daftar Pemilih Khusus (DPK) | D25: LK | E25: 1 | F25: 0 | G25: 2 | H25: 0 | I25: 0 | J25: 0 | K25: 0 | L25: 1 | M25: 1 | N25: 0 | O25: 0 | P25: 1 | Q25: 1 | R25: 0 | S25: 0 | T25: 0 | U25: 1 | V25: 1 | W25: =SUM(E25:V25) -> 9
D26: PR | E26: 2 | F26: 0 | G26: 1 | H26: 0 | I26: 0 | J26: 0 | K26: 0 | L26: 0 | M26: 3 | N26: 0 | O26: 0 | P26: 1 | Q26: 0 | R26: 0 | S26: 1 | T26: 0 | U26: 0 | V26: 1 | W26: =SUM(E26:V26) -> 9
D27: JML | E27: 3 | F27: 0 | G27: 3 | H27: 0 | I27: 0 | J27: 0 | K27: 0 | L27: 1 | M27: 4 | N27: 0 | O27: 0 | P27: 2 | Q27: 1 | R27: 0 | S27: 1 | T27: 0 | U27: 1 | V27: 2 | W27: =SUM(E27:V27) -> 18
B28: 4. | C28: Jumlah Pengguna Hak Pilih (B.1+B.2+B.3) | D28: LK | E28: 118 | F28: 88 | G28: 98 | H28: 104 | I28: 96 | J28: 111 | K28: 105 | L28: 106 | M28: 114 | N28: 96 | O28: 102 | P28: 97 | Q28: 68 | R28: 89 | S28: 95 | T28: 100 | U28: 97 | V28: 84 | W28: =SUM(E28:V28) -> 1768
D29: PR | E29: 124 | F29: 111 | G29: 117 | H29: 118 | I29: 100 | J29: 109 | K29: 112 | L29: 127 | M29: 120 | N29: 99 | O29: 122 | P29: 103 | Q29: 87 | R29: 92 | S29: 107 | T29: 99 | U29: 110 | V29: 89 | W29: =SUM(E29:V29) -> 1946
D30: JML | E30: =SUM(E28:E29) -> 242 | F30: =SUM(F28:F29) -> 199 | G30: =SUM(G28:G29) -> 215 | H30: =SUM(H28:H29) -> 222 | I30: =SUM(I28:I29) -> 196 | J30: =SUM(J28:J29) -> 220 | K30: =SUM(K28:K29) -> 217 | L30: =SUM(L28:L29) -> 233 | ... S30: =SUM(S28:S29) -> 202 | T30: 199 | U30: 207 | V30: 173 | W30: =SUM(E30:V30) -> 3714
A32: II | B32: DATA PENGGUNAAN SURAT SUARA
A33: 1 | B33: Jumlah surat suara yang diterima, termasuk surat suara cadangan 2,5% dari DPT | E33: 291 | F33: 272 | G33: 300 | H33: 291 | I33: 272 | J33: 302 | K33: 280 | L33: 303 | M33: 297 | N33: 239 | O33: 279 | P33: 259 | Q33: 258 | R33: 268 | S33: 272 | T33: 248 | U33: 261 | V33: 248 | W33: =SUM(E33:V33) -> 4940
A34: 2 | B34: Jumlah surat suara yang digunakan | E34: 242 | F34: 199 | G34: 215 | H34: 222 | I34: 196 | J34: 220 | K34: 217 | L34: 233 | M34: 234 | N34: 195 | O34: 224 | P34: 200 | Q34: 155 | R34: 181 | S34: 202 | T34: 199 | U34: 207 | V34: 173 | W34: =SUM(E34:V34) -> 3714
A35: 3 | B35: Jumlah surat suara dikembalikan oleh pemilih (karena rusak atau keliru coblos) | E35: 0 | F35: 0 | G35: 0 | H35: 0 | I35: 0 | J35: 0 | K35: 0 | L35: 0 | M35: 0 | N35: 0 | O35: 0 | P35: 0 | Q35: 0 | R35: 0 | S35: 0 | T35: 0 | U35: 0 | V35: 0 | W35: =SUM(E35:V35) -> 0
A36: 4 | B36: Jumlah surat suara yang tidak digunakan/tidak terpakai, termasuk sisa surat suara cadangan | E36: 49 | F36: 73 | G36: 85 | H36: 69 | I36: 76 | J36: 82 | K36: 63 | L36: 70 | M36: 63 | N36: 44 | O36: 55 | P36: 59 | Q36: 103 | R36: 87 | S36: 70 | T36: =T33-(T34+T35) -> 49 | U36: =U33-(U34+U35) -> 54 | V36: =V33-(V34+V35) -> 75 | W36: =SUM(E36:V36) -> 1226
A38: III | B38: DATA PEMILIH DISABILITAS
B39: Jumlah seluruh Pemilih disabilitas yang menggunakan hak pilih | D39: LK | E39: 0 | F39: 0 | G39: 0 | H39: 0 | I39: 0 | J39: 0 | K39: 0 | L39: 0 | M39: 0 | N39: 0 | O39: 1 | P39: 1 | Q39: 0 | R39: 0 | S39: 0 | T39: 1 | U39: 0 | V39: 1 | W39: =SUM(E39:V39) -> 4
D40: PR | E40: 0 | F40: 0 | G40: 0 | H40: 0 | I40: 0 | J40: 0 | K40: 0 | L40: 0 | M40: 0 | N40: 0 | O40: 0 | P40: 0 | Q40: 0 | R40: 0 | S40: 0 | T40: 0 | U40: 0 | V40: 0 | W40: =SUM(E40:V40) -> 0
D41: JML | E41: =SUM(E39:E40) -> 0 | F41: =SUM(F39:F40) -> 0 | G41: =SUM(G39:G40) -> 0 | H41: =SUM(H39:H40) -> 0 | I41: =SUM(I39:I40) -> 0 | J41: =SUM(J39:J40) -> 0 | K41: =SUM(K39:K40) -> 0 | L41: =SUM(L39:L40) -> 0 | ... V41: =SUM(V39:V40) -> 1 | W41: =SUM(E41:V41) -> 4
A43: IV | B43: DATA RINCIAN PEROLEHAN SUARA PASANGAN CALON BUPATI DAN WAKIL BUPATI
A44: NOMOR DAN NAMA CALON
B45: 1. | C45: AA. AHMAD NAWARDI | E45: 12 | F45: 12 | G45: 13 | H45: 14 | I45: 19 | J45: 3 | K45: 15 | L45: 5 | M45: 1 | N45: 2 | O45: 18 | P45: 6 | Q45: 9 | R45: 8 | S45: 15 | T45: 3 | U45: 3 | V45: 8 | W45: =SUM(E45:V45) -> 166
B46: 2. | C46: Ir. H. AA LA NYALLA MAHMUD MATTALITI, M.HP. | E46: 47 | F46: 36 | G46: 45 | H46: 20 | I46: 29 | J46: 28 | K46: 17 | L46: 26 | M46: 25 | N46: 16 | O46: 25 | P46: 13 | Q46: 15 | R46: 18 | S46: 34 | T46: 24 | U46: 19 | V46: 10 | W46: =SUM(E46:V46) -> 447
B47: 3. | C47: ABDUL QADIR AMIR HARTONO, S.E., S.H., M.H. | E47: 17 | F47: 7 | G47: 15 | H47: 20 | I47: 19 | J47: 17 | K47: 19 | L47: 12 | M47: 17 | N47: 9 | O47: 11 | P47: 7 | Q47: 14 | R47: 19 | S47: 21 | T47: 14 | U47: 14 | V47: 11 | W47: =SUM(E47:V47) -> 263
B48: 4. | C48: ADILLA AZIS, S.E. | E48: 21 | F48: 16 | G48: 34 | H48: 29 | I48: 25 | J48: 32 | K48: 15 | L48: 27 | M48: 21 | N48: 20 | O48: 21 | P48: 19 | Q48: 27 | R48: 22 | S48: 22 | T48: 34 | U48: 28 | V48: 24 | W48: =SUM(E48:V48) -> 437
B49: 5. | C49: Ir. H. AGUS RAHARDJO, MSc.M. | E49: 6 | F49: 14 | G49: 15 | H49: 17 | I49: 21 | J49: 10 | K49: 14 | L49: 14 | M49: 10 | N49: 17 | O49: 13 | P49: 12 | Q49: 7 | R49: 16 | S49: 8 | T49: 13 | U49: 16 | V49: 4 | W49: =SUM(E49:V49) -> 227
B50: 6. | C50: Drs. AYUB KHAN | E50: 7 | F50: 5 | G50: 1 | H50: 4 | I50: 15 | J50: 19 | K50: 13 | L50: 9 | M50: 6 | N50: 7 | O50: 6 | P50: 5 | Q50: 4 | R50: 12 | S50: 5 | T50: 9 | U50: 9 | V50: 7 | W50: =SUM(E50:V50) -> 143
B51: 7. | C51: BAMBANG HARIANTO | E51: 2 | F51: 0 | G51: 0 | H51: 3 | I51: 5 | J51: 0 | K51: 0 | L51: 4 | M51: 1 | N51: 1 | O51: 4 | P51: 5 | Q51: 4 | R51: 3 | S51: 2 | T51: 7 | U51: 0 | V51: 6 | W51: =SUM(E51:V51) -> 47
B52: 8. | C52: CATUR RUDI UTANTO, S.Sos. | E52: 1 | F52: 2 | G52: 5 | H52: 5 | I52: 5 | J52: 5 | K52: 11 | L52: 2 | M52: 2 | N52: 5 | O52: 1 | P52: 16 | Q52: 5 | R52: 8 | S52: 4 | T52: 3 | U52: 1 | V52: 12 | W52: =SUM(E52:V52) -> 93
B53: 9. | C53: DODDY DWI NUGROHO | E53: 1 | F53: 1 | G53: 1 | H53: 0 | I53: 1 | J53: 1 | K53: 0 | L53: 0 | M53: 0 | N53: 3 | O53: 1 | P53: 0 | Q53: 0 | R53: 0 | S53: 1 | T53: 0 | U53: 0 | V53: 1 | W53: =SUM(E53:V53) -> 11
B54: 10. | C54: KONDANG KUSUMANING AYU | E54: 13 | F54: 12 | G54: 13 | H54: 18 | I54: 11 | J54: 19 | K54: 18 | L54: 17 | M54: 23 | N54: 13 | O54: 25 | P54: 10 | Q54: 15 | R54: 19 | S54: 20 | T54: 25 | U54: 18 | V54: 17 | W54: =SUM(E54:V54) -> 306
B55: 11. | C55: KUNJUNG WAHYUDI | E55: 1 | F55: 1 | G55: 1 | H55: 2 | I55: 3 | J55: 1 | K55: 3 | L55: 0 | M55: 0 | N55: 0 | O55: 0 | P55: 7 | Q55: 3 | R55: 2 | S55: 1 | T55: 2 | U55: 0 | V55: 5 | W55: =SUM(E55:V55) -> 32
B56: 12. | C56: Dr. LIA ISTIFHAMA | E56: 16 | F56: 18 | G56: 15 | H56: 14 | I56: 15 | J56: 18 | K56: 22 | L56: 25 | M56: 18 | N56: 9 | O56: 24 | P56: 9 | Q56: 14 | R56: 13 | S56: 15 | T56: 23 | U56: 32 | V56: 11 | W56: =SUM(E56:V56) -> 311
B57: 13. | C57: MOHAMMAD TRIJANTO, S.H., M.M., M.H. | E57: 2 | F57: 2 | G57: 3 | H57: 1 | I57: 3 | J57: 6 | K57: 3 | L57: 3 | M57: 0 | N57: 3 | O57: 4 | P57: 3 | Q57: 2 | R57: 1 | S57: 1 | T57: 4 | U57: 4 | V57: 4 | W57: =SUM(E57:V57) -> 49
A59: V | B59: DATA SUARA SAH DAN TIDAK SAH
B60: A. | C60: JUMLAH SELURUH SUARA SAH | E60: =SUM(E45:E57) -> 146 | F60: =SUM(F45:F57) -> 126 | G60: =SUM(G45:G57) -> 161 | H60: =SUM(H45:H57) -> 147 | I60: =SUM(I45:I57) -> 171 | J60: =SUM(J45:J57) -> 159 | K60: =SUM(K45:K57) -> 150 | L60: =SUM(L45:L57) -> 144 | ... V60: =SUM(V45:V57) -> 120 | W60: =SUM(E60:V60) -> 2532
B61: B. | C61: JUMLAH SUARA TIDAK SAH | E61: 96 | F61: 73 | G61: 54 | H61: 75 | I61: 25 | J61: 61 | K61: 67 | L61: 89 | M61: 110 | N61: 90 | O61: 71 | P61: 88 | Q61: 36 | R61: 40 | S61: 53 | T61: 38 | U61: 63 | V61: 53 | W61: =SUM(E61:V61) -> 1182
B62: C. | C62: JUMLAH SELURUH SUARA SAH DAN SUARA TIDAK SAH (V.A + V.B) | E62: =SUM(E60:E61) -> 242 | F62: =SUM(F60:F61) -> 199 | G62: =SUM(G60:G61) -> 215 | H62: =SUM(H60:H61) -> 222 | I62: =SUM(I60:I61) -> 196 | J62: =SUM(J60:J61) -> 220 | K62: =SUM(K60:K61) -> 217 | L62: =SUM(L60:L61) -> 233 | ... V62: =SUM(V60:V61) -> 173 | W62: =SUM(E62:V62) -> 3714

Sheet GINTANGAN
C2: Kecamatan | D2: BLIMBINGSARI
C3: Kabupaten | D3: BANYUWANGI
C4: Provinsi | D4: JAWA TIMUR
C9: Kelurahan | D9: GINTANGAN
A12: I | B12: DATA PEMILIH DAN PENGGUNAAN HAK PILIH | Z12: JUMLAH AKHIR
A13: A | B13: DATA PEMILIH | E13: TPS 001 | F13: TPS 002 | G13: TPS 003 | H13: TPS 004 | I13: TPS 005 | J13: TPS 006 | K13: TPS 007 | L13: TPS 008 | M13: TPS 009 | N13: TPS 010 | O13: TPS 011 | P13: TPS 012 | Q13: TPS 013 | R13: TPS 014 | S13: TPS 015 | T13: TPS 016 | U13: TPS 017 | V13: TPS 018 | W13: TPS 019 | X13: TPS 020 | Y13: TPS 021
B14: Jumlah Pemilih dalam Daftar Pemilih Tetap (DPT) | D14: LK | E14: 131 | F14: 144 | G14: 132 | H14: 135 | I14: 130 | J14: 127 | K14: 139 | L14: 150 | M14: 143 | N14: 116 | O14: 128 | P14: 110 | Q14: 120 | R14: 112 | S14: 110 | T14: 139 | U14: 131 | V14: 125 | W14: 127 | X14: 126 | Y14: 133 | Z14: =SUM(E14:Y14) -> 2708
D15: PR | E15: 133 | F15: 142 | G15: 152 | H15: 150 | I15: 140 | J15: 133 | K15: 145 | L15: 139 | M15: 141 | N15: 125 | O15: 107 | P15: 133 | Q15: 124 | R15: 117 | S15: 115 | T15: 138 | U15: 144 | V15: 137 | W15: 140 | X15: 148 | Y15: 136 | Z15: =SUM(E15:Y15) -> 2839
D16: JML | E16: =SUM(E14:E15) -> 264 | F16: =SUM(F14:F15) -> 286 | G16: =SUM(G14:G15) -> 284 | H16: =SUM(H14:H15) -> 285 | I16: =SUM(I14:I15) -> 270 | J16: =SUM(J14:J15) -> 260 | K16: =SUM(K14:K15) -> 284 | L16: =SUM(L14:L15) -> 289 | ... Y16: =SUM(Y14:Y15) -> 269 | Z16: =SUM(E16:Y16) -> 5547
A18: B | B18: PENGGUNA HAK PILIH
B19: 1. | C19: Jumlah pengguna hak pilih dalam Daftar Pemilih Tetap (DPT) | D19: LK | E19: 95 | F19: 101 | G19: 106 | H19: 92 | I19: 99 | J19: 97 | K19: 96 | L19: 125 | M19: 112 | N19: 81 | O19: 88 | P19: 88 | Q19: 104 | R19: 95 | S19: 86 | T19: 98 | U19: 102 | V19: 100 | W19: 91 | X19: 105 | Y19: 90 | Z19: =SUM(E19:Y19) -> 2051
D20: PR | E20: 105 | F20: 108 | G20: 128 | H20: 117 | I20: 119 | J20: 110 | K20: 128 | L20: 116 | M20: 122 | N20: 102 | O20: 88 | P20: 111 | Q20: 106 | R20: 93 | S20: 91 | T20: 113 | U20: 113 | V20: 112 | W20: 105 | X20: 127 | Y20: 107 | Z20: =SUM(E20:Y20) -> 2321
D21: JML | E21: 200 | F21: 209 | G21: 234 | H21: 209 | I21: 218 | J21: 207 | K21: 224 | L21: 241 | M21: 234 | N21: 183 | O21: 176 | P21: 199 | Q21: 210 | R21: 188 | S21: 177 | T21: 211 | U21: 215 | V21: 212 | W21: 196 | X21: 232 | Y21: 197 | Z21: =SUM(E21:Y21) -> 4372
B22: 2. | C22: Jumlah pengguna hak pilih dalam Daftar Pemilih Tambahan (DPTb) | D22: LK | E22: 0 | F22: 0 | G22: 0 | H22: 0 | I22: 1 | J22: 0 | K22: 0 | L22: 0 | M22: 0 | N22: 0 | O22: 0 | P22: 0 | Q22: 1 | R22: 0 | S22: 0 | T22: 0 | U22: 0 | V22: 0 | W22: 0 | X22: 0 | Y22: 0 | Z22: =SUM(E22:Y22) -> 2
D23: PR | E23: 0 | F23: 0 | G23: 0 | H23: 0 | I23: 0 | J23: 1 | K23: 0 | L23: 0 | M23: 0 | N23: 0 | O23: 0 | P23: 1 | Q23: 1 | R23: 0 | S23: 0 | T23: 0 | U23: 0 | V23: 0 | W23: 0 | X23: 0 | Y23: 1 | Z23: =SUM(E23:Y23) -> 4
D24: JML | E24: 0 | F24: 0 | G24: 0 | H24: 0 | I24: 1 | J24: 1 | K24: 0 | L24: 0 | M24: 0 | N24: 0 | O24: 0 | P24: 1 | Q24: 2 | R24: 0 | S24: 0 | T24: 0 | U24: 0 | V24: 0 | W24: 0 | X24: 0 | Y24: 1 | Z24: =SUM(E24:Y24) -> 6
B25: 3. | C25: Jumlah pengguna hak pilih dalam Daftar Pemilih Khusus (DPK) | D25: LK | E25: 0 | F25: 1 | G25: 0 | H25: 0 | I25: 0 | J25: 0 | K25: 1 | L25: 0 | M25: 1 | N25: 0 | O25: 0 | P25: 0 | Q25: 1 | R25: 0 | S25: 0 | T25: 0 | U25: 0 | V25: 0 | W25: 0 | X25: 1 | Y25: 0 | Z25: =SUM(E25:Y25) -> 5
D26: PR | E26: 0 | F26: 0 | G26: 0 | H26: 1 | I26: 1 | J26: 3 | K26: 2 | L26: 2 | M26: 0 | N26: 0 | O26: 0 | P26: 0 | Q26: 1 | R26: 0 | S26: 0 | T26: 0 | U26: 0 | V26: 0 | W26: 0 | X26: 0 | Y26: 0 | Z26: =SUM(E26:Y26) -> 10
D27: JML | E27: 0 | F27: 1 | G27: 0 | H27: 1 | I27: 1 | J27: 3 | K27: 3 | L27: 2 | M27: 1 | N27: 0 | O27: 0 | P27: 0 | Q27: 2 | R27: 0 | S27: 0 | T27: 0 | U27: 0 | V27: 0 | W27: 0 | X27: 1 | Y27: 0 | Z27: =SUM(E27:Y27) -> 15
B28: 4. | C28: Jumlah Pengguna Hak Pilih (B.1+B.2+B.3) | D28: LK | E28: 95 | F28: 102 | G28: 106 | H28: 92 | I28: 100 | J28: 97 | K28: 97 | L28: 125 | M28: 113 | N28: 81 | O28: 88 | P28: 88 | Q28: 106 | R28: 95 | S28: 86 | T28: 98 | U28: 102 | V28: 100 | W28: 91 | X28: 106 | Y28: 90 | Z28: =SUM(E28:Y28) -> 2058
D29: PR | E29: 105 | F29: 108 | G29: 128 | H29: 118 | I29: 120 | J29: 114 | K29: 130 | L29: 118 | M29: 122 | N29: 102 | O29: 88 | P29: 112 | Q29: 108 | R29: 93 | S29: 91 | T29: 113 | U29: 113 | V29: 112 | W29: 105 | X29: 127 | Y29: 108 | Z29: =SUM(E29:Y29) -> 2335
D30: JML | E30: =SUM(E28:E29) -> 200 | F30: =SUM(F28:F29) -> 210 | G30: =SUM(G28:G29) -> 234 | H30: =SUM(H28:H29) -> 210 | I30: =SUM(I28:I29) -> 220 | J30: =SUM(J28:J29) -> 211 | K30: =SUM(K28:K29) -> 227 | L30: =SUM(L28:L29) -> 243 | ... Y30: =SUM(Y28:Y29) -> 198 | Z30: =SUM(E30:Y30) -> 4393
A32: II | B32: DATA PENGGUNAAN SURAT SUARA
A33: 1 | B33: Jumlah surat suara yang diterima, termasuk surat suara cadangan 2,5% dari DPT | E33: 270 | F33: 292 | G33: 290 | H33: 291 | I33: 276 | J33: 266 | K33: 290 | L33: 294 | M33: 290 | N33: 246 | O33: 240 | P33: 248 | Q33: 249 | R33: 234 | S33: 230 | T33: 283 | U33: 281 | V33: 268 | W33: 273 | X33: 280 | Y33: 275 | Z33: =SUM(E33:Y33) -> 5666
A34: 2 | B34: Jumlah surat suara yang digunakan | E34: 200 | F34: 210 | G34: 234 | H34: 210 | I34: 220 | J34: 211 | K34: 227 | L34: 243 | M34: 235 | N34: 183 | O34: 176 | P34: 200 | Q34: 214 | R34: 188 | S34: 177 | T34: 211 | U34: 215 | V34: 212 | W34: 196 | X34: 233 | Y34: 198 | Z34: =SUM(E34:Y34) -> 4393
A35: 3 | B35: Jumlah surat suara dikembalikan oleh pemilih (karena rusak atau keliru coblos) | E35: 0 | F35: 1 | G35: 0 | H35: 0 | I35: 1 | J35: 0 | K35: 2 | L35: 0 | M35: 0 | N35: 0 | O35: 0 | P35: 0 | Q35: 0 | R35: 0 | S35: 0 | T35: 0 | U35: 0 | V35: 1 | W35: 0 | X35: 0 | Y35: 0 | Z35: =SUM(E35:Y35) -> 5
A36: 4 | B36: Jumlah surat suara yang tidak digunakan/tidak terpakai, termasuk sisa surat suara cadangan | E36: 70 | F36: 81 | G36: 56 | H36: 81 | I36: 55 | J36: 55 | K36: 61 | L36: 51 | M36: 55 | N36: 63 | O36: 64 | P36: 48 | Q36: 35 | R36: 46 | S36: 53 | T36: 72 | U36: 66 | V36: 55 | W36: 77 | X36: 47 | Y36: 77 | Z36: =SUM(E36:Y36) -> 1268
A38: III | B38: DATA PEMILIH DISABILITAS
B39: Jumlah seluruh Pemilih disabilitas yang menggunakan hak pilih | D39: LK | E39: 0 | F39: 0 | G39: 1 | H39: 0 | I39: 0 | J39: 0 | K39: 0 | L39: 2 | M39: 0 | N39: 0 | O39: 0 | P39: 0 | Q39: 0 | R39: 0 | S39: 1 | T39: 0 | U39: 0 | V39: 0 | W39: 0 | X39: 0 | Y39: 0 | Z39: =SUM(E39:Y39) -> 4
D40: PR | E40: 0 | F40: 1 | G40: 0 | H40: 0 | I40: 0 | J40: 0 | K40: 2 | L40: 1 | M40: 0 | N40: 1 | O40: 0 | P40: 0 | Q40: 0 | R40: 0 | S40: 0 | T40: 0 | U40: 0 | V40: 0 | W40: 0 | X40: 1 | Y40: 0 | Z40: =SUM(E40:Y40) -> 6
D41: JML | E41: =SUM(E39:E40) -> 0 | F41: =SUM(F39:F40) -> 1 | G41: =SUM(G39:G40) -> 1 | H41: =SUM(H39:H40) -> 0 | I41: =SUM(I39:I40) -> 0 | J41: =SUM(J39:J40) -> 0 | K41: =SUM(K39:K40) -> 2 | L41: =SUM(L39:L40) -> 3 | ... Y41: =SUM(Y39:Y40) -> 0 | Z41: =SUM(E41:Y41) -> 10
A43: IV | B43: DATA RINCIAN PEROLEHAN SUARA PASANGAN CALON BUPATI DAN WAKIL BUPATI
A44: NOMOR DAN NAMA CALON
B45: 1. | C45: AA. AHMAD NAWARDI | E45: 10 | F45: 11 | G45: 10 | H45: 15 | I45: 11 | J45: 10 | K45: 16 | L45: 7 | M45: 15 | N45: 14 | O45: 12 | P45: 6 | Q45: 8 | R45: 15 | S45: 12 | T45: 15 | U45: 15 | V45: 13 | W45: 17 | X45: 17 | Y45: 16 | Z45: =SUM(E45:Y45) -> 265
B46: 2. | C46: Ir. H. AA LA NYALLA MAHMUD MATTALITI, M.HP. | E46: 22 | F46: 36 | G46: 55 | H46: 83 | I46: 78 | J46: 26 | K46: 33 | L46: 45 | M46: 58 | N46: 29 | O46: 22 | P46: 33 | Q46: 44 | R46: 38 | S46: 30 | T46: 30 | U46: 33 | V46: 29 | W46: 20 | X46: 22 | Y46: 40 | Z46: =SUM(E46:Y46) -> 806
B47: 3. | C47: ABDUL QADIR AMIR HARTONO, S.E., S.H., M.H. | E47: 12 | F47: 12 | G47: 13 | H47: 10 | I47: 16 | J47: 14 | K47: 11 | L47: 15 | M47: 8 | N47: 11 | O47: 11 | P47: 8 | Q47: 15 | R47: 15 | S47: 12 | T47: 8 | U47: 22 | V47: 15 | W47: 10 | X47: 15 | Y47: 9 | Z47: =SUM(E47:Y47) -> 262
B48: 4. | C48: ADILLA AZIS, S.E. | E48: 25 | F48: 29 | G48: 16 | H48: 26 | I48: 21 | J48: 30 | K48: 30 | L48: 54 | M48: 33 | N48: 23 | O48: 49 | P48: 64 | Q48: 26 | R48: 28 | S48: 31 | T48: 32 | U48: 44 | V48: 55 | W48: 51 | X48: 37 | Y48: 35 | Z48: =SUM(E48:Y48) -> 739
B49: 5. | C49: Ir. H. AGUS RAHARDJO, MSc.M. | E49: 9 | F49: 12 | G49: 12 | H49: 18 | I49: 15 | J49: 12 | K49: 14 | L49: 18 | M49: 13 | N49: 8 | O49: 9 | P49: 9 | Q49: 23 | R49: 14 | S49: 10 | T49: 9 | U49: 13 | V49: 16 | W49: 11 | X49: 14 | Y49: 18 | Z49: =SUM(E49:Y49) -> 277
B50: 6. | C50: Drs. AYUB KHAN | E50: 14 | F50: 11 | G50: 15 | H50: 10 | I50: 7 | J50: 10 | K50: 9 | L50: 10 | M50: 13 | N50: 13 | O50: 13 | P50: 5 | Q50: 16 | R50: 12 | S50: 7 | T50: 10 | U50: 12 | V50: 13 | W50: 11 | X50: 26 | Y50: 14 | Z50: =SUM(E50:Y50) -> 251
B51: 7. | C51: BAMBANG HARIANTO | E51: 3 | F51: 0 | G51: 1 | H51: 0 | I51: 0 | J51: 3 | K51: 3 | L51: 0 | M51: 4 | N51: 1 | O51: 1 | P51: 0 | Q51: 1 | R51: 2 | S51: 1 | T51: 8 | U51: 2 | V51: 2 | W51: 1 | X51: 0 | Y51: 3 | Z51: =SUM(E51:Y51) -> 36
B52: 8. | C52: CATUR RUDI UTANTO, S.Sos. | E52: 0 | F52: 3 | G52: 3 | H52: 1 | I52: 2 | J52: 1 | K52: 1 | L52: 5 | M52: 1 | N52: 1 | O52: 2 | P52: 0 | Q52: 2 | R52: 2 | S52: 1 | T52: 2 | U52: 1 | V52: 2 | W52: 1 | X52: 3 | Y52: 0 | Z52: =SUM(E52:Y52) -> 34
B53: 9. | C53: DODDY DWI NUGROHO | E53: 2 | F53: 0 | G53: 0 | H53: 0 | I53: 2 | J53: 2 | K53: 0 | L53: 0 | M53: 0 | N53: 0 | O53: 0 | P53: 0 | Q53: 0 | R53: 0 | S53: 1 | T53: 0 | U53: 1 | V53: 0 | W53: 0 | X53: 1 | Y53: 1 | Z53: =SUM(E53:Y53) -> 10
B54: 10. | C54: KONDANG KUSUMANING AYU | E54: 16 | F54: 9 | G54: 12 | H54: 6 | I54: 7 | J54: 15 | K54: 17 | L54: 9 | M54: 21 | N54: 26 | O54: 6 | P54: 14 | Q54: 21 | R54: 18 | S54: 24 | T54: 15 | U54: 12 | V54: 13 | W54: 16 | X54: 26 | Y54: 15 | Z54: =SUM(E54:Y54) -> 318
B55: 11. | C55: KUNJUNG WAHYUDI | E55: 2 | F55: 0 | G55: 0 | H55: 1 | I55: 1 | J55: 1 | K55: 1 | L55: 0 | M55: 0 | N55: 0 | O55: 0 | P55: 1 | Q55: 1 | R55: 1 | S55: 0 | T55: 1 | U55: 0 | V55: 0 | W55: 3 | X55: 0 | Y55: 0 | Z55: =SUM(E55:Y55) -> 13
B56: 12. | C56: Dr. LIA ISTIFHAMA | E56: 23 | F56: 7 | G56: 25 | H56: 9 | I56: 22 | J56: 28 | K56: 16 | L56: 13 | M56: 19 | N56: 13 | O56: 11 | P56: 19 | Q56: 12 | R56: 11 | S56: 9 | T56: 27 | U56: 34 | V56: 13 | W56: 21 | X56: 28 | Y56: 20 | Z56: =SUM(E56:Y56) -> 380
B57: 13. | C57: MOHAMMAD TRIJANTO, S.H., M.M., M.H. | E57: 1 | F57: 1 | G57: 2 | H57: 0 | I57: 3 | J57: 3 | K57: 5 | L57: 3 | M57: 2 | N57: 0 | O57: 4 | P57: 2 | Q57: 2 | R57: 1 | S57: 3 | T57: 1 | U57: 2 | V57: 3 | W57: 2 | X57: 2 | Y57: 1 | Z57: =SUM(E57:Y57) -> 43
A59: V | B59: DATA SUARA SAH DAN TIDAK SAH
B60: A. | C60: JUMLAH SELURUH SUARA SAH | E60: =SUM(E45:E57) -> 139 | F60: =SUM(F45:F57) -> 131 | G60: =SUM(G45:G57) -> 164 | H60: =SUM(H45:H57) -> 179 | I60: =SUM(I45:I57) -> 185 | J60: =SUM(J45:J57) -> 155 | K60: =SUM(K45:K57) -> 156 | L60: =SUM(L45:L57) -> 179 | ... Y60: =SUM(Y45:Y57) -> 172 | Z60: =SUM(E60:Y60) -> 3434
B61: B. | C61: JUMLAH SUARA TIDAK SAH | E61: 61 | F61: 79 | G61: 70 | H61: 31 | I61: 35 | J61: 56 | K61: 71 | L61: 64 | M61: 48 | N61: 44 | O61: 36 | P61: 39 | Q61: 43 | R61: 31 | S61: 36 | T61: 53 | U61: 24 | V61: 38 | W61: 32 | X61: 42 | Y61: 26 | Z61: =SUM(E61:Y61) -> 959
B62: C. | C62: JUMLAH SELURUH SUARA SAH DAN SUARA TIDAK SAH (V.A + V.B) | E62: =SUM(E60:E61) -> 200 | F62: =SUM(F60:F61) -> 210 | G62: =SUM(G60:G61) -> 234 | H62: =SUM(H60:H61) -> 210 | I62: =SUM(I60:I61) -> 220 | J62: =SUM(J60:J61) -> 211 | K62: =SUM(K60:K61) -> 227 | L62: =SUM(L60:L61) -> 243 | ... Y62: =SUM(Y60:Y61) -> 198 | Z62: =SUM(E62:Y62) -> 4393

Sheet KALIGUNG
C2: Kecamatan | D2: BLIMBINGSARI
C3: Kabupaten | D3: BANYUWANGI
C4: Provinsi | D4: JAWA TIMUR
C9: Kelurahan | D9: KALIGUNG
A12: I | B12: DATA PEMILIH DAN PENGGUNAAN HAK PILIH | R12: JUMLAH AKHIR
A13: A | B13: DATA PEMILIH | E13: TPS 001 | F13: TPS 002 | G13: TPS 003 | H13: TPS 004 | I13: TPS 005 | J13: TPS 006 | K13: TPS 007 | L13: TPS 008 | M13: TPS 009 | N13: TPS 010 | O13: TPS 011 | P13: TPS 901 | Q13: TPS 902
B14: Jumlah Pemilih dalam Daftar Pemilih Tetap (DPT) | D14: LK | E14: 116 | F14: 123 | G14: 135 | H14: 136 | I14: 146 | J14: 140 | K14: 127 | L14: 122 | M14: 134 | N14: 143 | O14: 140 | P14: 267 | Q14: 223 | R14: =SUM(E14:Q14) -> 1952
D15: PR | E15: 119 | F15: 131 | G15: 117 | H15: 138 | I15: 149 | J15: 135 | K15: 123 | L15: 140 | M15: 148 | N15: 139 | O15: 137 | P15: 0 | Q15: 0 | R15: =SUM(E15:Q15) -> 1476
D16: JML | E16: =SUM(E14:E15) -> 235 | F16: =SUM(F14:F15) -> 254 | G16: =SUM(G14:G15) -> 252 | H16: =SUM(H14:H15) -> 274 | I16: =SUM(I14:I15) -> 295 | J16: =SUM(J14:J15) -> 275 | K16: =SUM(K14:K15) -> 250 | L16: =SUM(L14:L15) -> 262 | ... Q16: =SUM(Q14:Q15) -> 223 | R16: =SUM(E16:Q16) -> 3428
A18: B | B18: PENGGUNA HAK PILIH
B19: 1. | C19: Jumlah pengguna hak pilih dalam Daftar Pemilih Tetap (DPT) | D19: LK | E19: 83 | F19: 81 | G19: 95 | H19: 103 | I19: 116 | J19: 101 | K19: 85 | L19: 89 | M19: 97 | N19: 113 | O19: 104 | P19: 125 | Q19: 97 | R19: =SUM(E19:Q19) -> 1289
D20: PR | E20: 91 | F20: 108 | G20: 95 | H20: 115 | I20: 128 | J20: 114 | K20: 100 | L20: 115 | M20: 128 | N20: 104 | O20: 105 | P20: 0 | Q20: 0 | R20: =SUM(E20:Q20) -> 1203
D21: JML | E21: =SUM(E19:E20) -> 174 | F21: =SUM(F19:F20) -> 189 | G21: =SUM(G19:G20) -> 190 | H21: =SUM(H19:H20) -> 218 | I21: =SUM(I19:I20) -> 244 | J21: =SUM(J19:J20) -> 215 | K21: =SUM(K19:K20) -> 185 | L21: =SUM(L19:L20) -> 204 | ... Q21: =SUM(Q19:Q20) -> 97 | R21: =SUM(E21:Q21) -> 2492
B22: 2. | C22: Jumlah pengguna hak pilih dalam Daftar Pemilih Tambahan (DPTb) | D22: LK | E22: 4 | F22: 5 | G22: 1 | H22: 2 | I22: 1 | J22: 1 | K22: 0 | L22: 1 | M22: 4 | N22: 1 | O22: 0 | P22: 9 | Q22: 32 | R22: =SUM(E22:Q22) -> 61
D23: PR | E23: 0 | F23: 0 | G23: 0 | H23: 0 | I23: 0 | J23: 0 | K23: 0 | L23: 1 | M23: 0 | N23: 0 | O23: 0 | P23: 0 | Q23: 0 | R23: =SUM(E23:Q23) -> 1
D24: JML | E24: =SUM(E22:E23) -> 4 | F24: =SUM(F22:F23) -> 5 | G24: =SUM(G22:G23) -> 1 | H24: =SUM(H22:H23) -> 2 | I24: =SUM(I22:I23) -> 1 | J24: =SUM(J22:J23) -> 1 | K24: =SUM(K22:K23) -> 0 | L24: =SUM(L22:L23) -> 2 | ... Q24: =SUM(Q22:Q23) -> 32 | R24: =SUM(E24:Q24) -> 62
B25: 3. | C25: Jumlah pengguna hak pilih dalam Daftar Pemilih Khusus (DPK) | D25: LK | E25: 0 | F25: 0 | G25: 1 | H25: 0 | I25: 0 | J25: 0 | K25: 0 | L25: 0 | M25: 0 | N25: 0 | O25: 1 | P25: 0 | Q25: 0 | R25: =SUM(E25:Q25) -> 2
D26: PR | E26: 1 | F26: 0 | G26: 3 | H26: 0 | I26: 0 | J26: 0 | K26: 0 | L26: 2 | M26: 0 | N26: 0 | O26: 2 | P26: 0 | Q26: 0 | R26: =SUM(E26:Q26) -> 8
D27: JML | E27: =SUM(E25:E26) -> 1 | F27: =SUM(F25:F26) -> 0 | G27: =SUM(G25:G26) -> 4 | H27: =SUM(H25:H26) -> 0 | I27: =SUM(I25:I26) -> 0 | J27: =SUM(J25:J26) -> 0 | K27: =SUM(K25:K26) -> 0 | L27: =SUM(L25:L26) -> 2 | ... Q27: =SUM(Q25:Q26) -> 0 | R27: =SUM(E27:Q27) -> 10
B28: 4. | C28: Jumlah Pengguna Hak Pilih (B.1+B.2+B.3) | D28: LK | E28: =SUM(E19,E22,E25) -> 87 | F28: =SUM(F19,F22,F25) -> 86 | G28: =SUM(G19,G22,G25) -> 97 | H28: =SUM(H19,H22,H25) -> 105 | I28: =SUM(I19,I22,I25) -> 117 | J28: =SUM(J19,J22,J25) -> 102 | K28: =SUM(K19,K22,K25) -> 85 | L28: =SUM(L19,L22,L25) -> 90 | ... Q28: =SUM(Q19,Q22,Q25) -> 129 | R28: =SUM(E28:Q28) -> 1352
D29: PR | E29: =SUM(E20,E23,E26) -> 92 | F29: =SUM(F20,F23,F26) -> 108 | G29: =SUM(G20,G23,G26) -> 98 | H29: =SUM(H20,H23,H26) -> 115 | I29: =SUM(I20,I23,I26) -> 128 | J29: =SUM(J20,J23,J26) -> 114 | K29: =SUM(K20,K23,K26) -> 100 | L29: =SUM(L20,L23,L26) -> 118 | ... Q29: =SUM(Q20,Q23,Q26) -> 0 | R29: =SUM(E29:Q29) -> 1212
D30: JML | E30: =SUM(E28:E29) -> 179 | F30: =SUM(F28:F29) -> 194 | G30: =SUM(G28:G29) -> 195 | H30: =SUM(H28:H29) -> 220 | I30: =SUM(I28:I29) -> 245 | J30: =SUM(J28:J29) -> 216 | K30: =SUM(K28:K29) -> 185 | L30: =SUM(L28:L29) -> 208 | ... Q30: =SUM(Q28:Q29) -> 129 | R30: =SUM(E30:Q30) -> 2564
A32: II | B32: DATA PENGGUNAAN SURAT SUARA
A33: 1 | B33: Jumlah surat suara yang diterima, termasuk surat suara cadangan 2,5% dari DPT | E33: 240 | F33: 260 | G33: 259 | H33: 290 | I33: 311 | J33: 283 | K33: 255 | L33: 269 | M33: 288 | N33: 288 | O33: 283 | P33: 273 | Q33: 229 | R33: =SUM(E33:Q33) -> 3528
A34: 2 | B34: Jumlah surat suara yang digunakan | E34: 179 | F34: 194 | G34: 195 | H34: 220 | I34: 245 | J34: 216 | K34: 185 | L34: 208 | M34: 229 | N34: 218 | O34: 212 | P34: 134 | Q34: 129 | R34: =SUM(E34:Q34) -> 2564
A35: 3 | B35: Jumlah surat suara dikembalikan oleh pemilih (karena rusak atau keliru coblos) | E35: 0 | F35: 0 | G35: 0 | H35: 0 | I35: 0 | J35: 1 | K35: 0 | L35: 0 | M35: 0 | N35: 2 | O35: 1 | P35: 0 | Q35: 0 | R35: =SUM(E35:Q35) -> 4
A36: 4 | B36: Jumlah surat suara yang tidak digunakan/tidak terpakai, termasuk sisa surat suara cadangan | E36: =E33-(E34+E35) -> 61 | F36: =F33-(F34+F35) -> 66 | G36: =G33-(G34+G35) -> 64 | H36: =H33-(H34+H35) -> 70 | I36: =I33-(I34+I35) -> 66 | J36: =J33-(J34+J35) -> 66 | K36: =K33-(K34+K35) -> 70 | L36: =L33-(L34+L35) -> 61 | ... Q36: =Q33-(Q34+Q35) -> 100 | R36: =SUM(E36:Q36) -> 960
A38: III | B38: DATA PEMILIH DISABILITAS
B39: Jumlah seluruh Pemilih disabilitas yang menggunakan hak pilih | D39: LK | E39: 0 | F39: 0 | G39: 0 | H39: 0 | I39: 3 | J39: 0 | K39: 0 | L39: 0 | M39: 0 | N39: 0 | O39: 0 | P39: 0 | Q39: 0 | R39: =SUM(E39:Q39) -> 3
D40: PR | E40: 0 | F40: 0 | G40: 0 | H40: 0 | I40: 0 | J40: 0 | K40: 0 | L40: 0 | M40: 0 | N40: 0 | O40: 1 | P40: 0 | Q40: 0 | R40: =SUM(E40:Q40) -> 1
D41: JML | E41: =SUM(E39:E40) -> 0 | F41: =SUM(F39:F40) -> 0 | G41: =SUM(G39:G40) -> 0 | H41: =SUM(H39:H40) -> 0 | I41: =SUM(I39:I40) -> 3 | J41: =SUM(J39:J40) -> 0 | K41: =SUM(K39:K40) -> 0 | L41: =SUM(L39:L40) -> 0 | ... Q41: =SUM(Q39:Q40) -> 0 | R41: =SUM(E41:Q41) -> 4
A43: IV | B43: DATA RINCIAN PEROLEHAN SUARA PASANGAN CALON BUPATI DAN WAKIL BUPATI
A44: NOMOR DAN NAMA CALON
B45: 1. | C45: AA. AHMAD NAWARDI | E45: 17 | F45: 11 | G45: 11 | H45: 10 | I45: 23 | J45: 11 | K45: 21 | L45: 6 | M45: 14 | N45: 15 | O45: 12 | P45: 3 | Q45: 6 | R45: =SUM(E45:Q45) -> 160
B46: 2. | C46: Ir. H. AA LA NYALLA MAHMUD MATTALITI, M.HP. | E46: 28 | F46: 25 | G46: 19 | H46: 20 | I46: 30 | J46: 23 | K46: 27 | L46: 35 | M46: 34 | N46: 35 | O46: 36 | P46: 1 | Q46: 6 | R46: =SUM(E46:Q46) -> 319
B47: 3. | C47: ABDUL QADIR AMIR HARTONO, S.E., S.H., M.H. | E47: 10 | F47: 12 | G47: 10 | H47: 14 | I47: 15 | J47: 17 | K47: 6 | L47: 9 | M47: 13 | N47: 16 | O47: 13 | P47: 4 | Q47: 7 | R47: =SUM(E47:Q47) -> 146
B48: 4. | C48: ADILLA AZIS, S.E. | E48: 17 | F48: 32 | G48: 22 | H48: 30 | I48: 38 | J48: 28 | K48: 28 | L48: 17 | M48: 32 | N48: 29 | O48: 26 | P48: 0 | Q48: 0 | R48: =SUM(E48:Q48) -> 299
B49: 5. | C49: Ir. H. AGUS RAHARDJO, MSc.M. | E49: 9 | F49: 16 | G49: 20 | H49: 11 | I49: 10 | J49: 14 | K49: 12 | L49: 16 | M49: 12 | N49: 16 | O49: 14 | P49: 8 | Q49: 17 | R49: =SUM(E49:Q49) -> 175
B50: 6. | C50: Drs. AYUB KHAN | E50: 11 | F50: 9 | G50: 12 | H50: 18 | I50: 11 | J50: 22 | K50: 12 | L50: 11 | M50: 13 | N50: 10 | O50: 13 | P50: 3 | Q50: 20 | R50: =SUM(E50:Q50) -> 165
B51: 7. | C51: BAMBANG HARIANTO | E51: 0 | F51: 2 | G51: 0 | H51: 0 | I51: 5 | J51: 3 | K51: 4 | L51: 0 | M51: 1 | N51: 2 | O51: 2 | P51: 0 | Q51: 0 | R51: =SUM(E51:Q51) -> 19
B52: 8. | C52: CATUR RUDI UTANTO, S.Sos. | E52: 3 | F52: 5 | G52: 2 | H52: 7 | I52: 1 | J52: 1 | K52: 4 | L52: 3 | M52: 3 | N52: 4 | O52: 3 | P52: 0 | Q52: 2 | R52: =SUM(E52:Q52) -> 38
B53: 9. | C53: DODDY DWI NUGROHO | E53: 0 | F53: 1 | G53: 0 | H53: 2 | I53: 0 | J53: 0 | K53: 1 | L53: 4 | M53: 1 | N53: 0 | O53: 0 | P53: 0 | Q53: 1 | R53: =SUM(E53:Q53) -> 10
B54: 10. | C54: KONDANG KUSUMANING AYU | E54: 12 | F54: 17 | G54: 15 | H54: 16 | I54: 15 | J54: 21 | K54: 10 | L54: 19 | M54: 23 | N54: 22 | O54: 15 | P54: 6 | Q54: 13 | R54: =SUM(E54:Q54) -> 204
B55: 11. | C55: KUNJUNG WAHYUDI | E55: 0 | F55: 1 | G55: 0 | H55: 2 | I55: 0 | J55: 1 | K55: 0 | L55: 0 | M55: 1 | N55: 2 | O55: 2 | P55: 1 | Q55: 0 | R55: =SUM(E55:Q55) -> 10
B56: 12. | C56: Dr. LIA ISTIFHAMA | E56: 27 | F56: 22 | G56: 17 | H56: 11 | I56: 40 | J56: 32 | K56: 19 | L56: 20 | M56: 14 | N56: 25 | O56: 30 | P56: 1 | Q56: 5 | R56: =SUM(E56:Q56) -> 263
B57: 13. | C57: MOHAMMAD TRIJANTO, S.H., M.M., M.H. | E57: 1 | F57: 3 | G57: 0 | H57: 1 | I57: 1 | J57: 1 | K57: 2 | L57: 2 | M57: 3 | N57: 1 | O57: 2 | P57: 3 | Q57: 4 | R57: =SUM(E57:Q57) -> 24
A59: V | B59: DATA SUARA SAH DAN TIDAK SAH
B60: A. | C60: JUMLAH SELURUH SUARA SAH | E60: =SUM(E45:E57) -> 135 | F60: =SUM(F45:F57) -> 156 | G60: =SUM(G45:G57) -> 128 | H60: =SUM(H45:H57) -> 142 | I60: =SUM(I45:I57) -> 189 | J60: =SUM(J45:J57) -> 174 | K60: =SUM(K45:K57) -> 146 | L60: =SUM(L45:L57) -> 142 | ... Q60: =SUM(Q45:Q57) -> 81 | R60: =SUM(E60:Q60) -> 1832
B61: B. | C61: JUMLAH SUARA TIDAK SAH | E61: 44 | F61: 38 | G61: 67 | H61: 78 | I61: 56 | J61: 42 | K61: 39 | L61: 66 | M61: 65 | N61: 41 | O61: 44 | P61: 6 | Q61: 7 | R61: =SUM(E61:Q61) -> 593
B62: C. | C62: JUMLAH SELURUH SUARA SAH DAN SUARA TIDAK SAH (V.A + V.B) | E62: =SUM(E60:E61) -> 179 | F62: =SUM(F60:F61) -> 194 | G62: =SUM(G60:G61) -> 195 | H62: =SUM(H60:H61) -> 220 | I62: =SUM(I60:I61) -> 245 | J62: =SUM(J60:J61) -> 216 | K62: =SUM(K60:K61) -> 185 | L62: =SUM(L60:L61) -> 208 | ... Q62: =SUM(Q60:Q61) -> 88 | R62: =SUM(E62:Q62) -> 2425

Sheet KAOTAN
C2: Kecamatan | D2: BLIMBINGSARI
C3: Kabupaten | D3: BANYUWANGI
C4: Provinsi | D4: JAWA TIMUR
C9: Kelurahan | D9: KAOTAN
A12: I | B12: DATA PEMILIH DAN PENGGUNAAN HAK PILIH | M12: JUMLAH AKHIR
A13: A | B13: DATA PEMILIH | E13: TPS 001 | F13: TPS 002 | G13: TPS 003 | H13: TPS 004 | I13: TPS 005 | J13: TPS 006 | K13: TPS 007 | L13: TPS 008
B14: Jumlah Pemilih dalam Daftar Pemilih Tetap (DPT) | D14: LK | E14: 143 | F14: 142 | G14: 147 | H14: 115 | I14: 127 | J14: 132 | K14: 135 | L14: 139 | M14: =SUM(E14:L14) -> 1080
D15: PR | E15: 147 | F15: 139 | G15: 121 | H15: 123 | I15: 130 | J15: 136 | K15: 141 | L15: 148 | M15: =SUM(E15:L15) -> 1085
D16: JML | E16: =SUM(E14:E15) -> 290 | F16: =SUM(F14:F15) -> 281 | G16: =SUM(G14:G15) -> 268 | H16: =SUM(H14:H15) -> 238 | I16: =SUM(I14:I15) -> 257 | J16: =SUM(J14:J15) -> 268 | K16: =SUM(K14:K15) -> 276 | L16: =SUM(L14:L15) -> 287 | M16: =SUM(E16:L16) -> 2165
A18: B | B18: PENGGUNA HAK PILIH
B19: 1. | C19: Jumlah pengguna hak pilih dalam Daftar Pemilih Tetap (DPT) | D19: LK | E19: 117 | F19: 103 | G19: 125 | H19: 102 | I19: 110 | J19: 119 | K19: 109 | L19: 115 | M19: =SUM(E19:L19) -> 900
D20: PR | E20: 123 | F20: 111 | G20: 108 | H20: 102 | I20: 117 | J20: 99 | K20: 119 | L20: 127 | M20: =SUM(E20:L20) -> 906
D21: JML | E21: =SUM(E19:E20) -> 240 | F21: =SUM(F19:F20) -> 214 | G21: =SUM(G19:G20) -> 233 | H21: =SUM(H19:H20) -> 204 | I21: =SUM(I19:I20) -> 227 | J21: =SUM(J19:J20) -> 218 | K21: =SUM(K19:K20) -> 228 | L21: =SUM(L19:L20) -> 242 | M21: =SUM(E21:L21) -> 1806
B22: 2. | C22: Jumlah pengguna hak pilih dalam Daftar Pemilih Tambahan (DPTb) | D22: LK | E22: 0 | F22: 1 | G22: 0 | H22: 0 | I22: 0 | J22: 1 | K22: 1 | L22: 2 | M22: =SUM(E22:L22) -> 5
D23: PR | E23: 0 | F23: 1 | G23: 1 | H23: 0 | I23: 0 | J23: 0 | K23: 1 | L23: 1 | M23: =SUM(E23:L23) -> 4
D24: JML | E24: =SUM(E22:E23) -> 0 | F24: =SUM(F22:F23) -> 2 | G24: =SUM(G22:G23) -> 1 | H24: =SUM(H22:H23) -> 0 | I24: =SUM(I22:I23) -> 0 | J24: =SUM(J22:J23) -> 1 | K24: =SUM(K22:K23) -> 2 | L24: =SUM(L22:L23) -> 3 | M24: =SUM(E24:L24) -> 9
B25: 3. | C25: Jumlah pengguna hak pilih dalam Daftar Pemilih Khusus (DPK) | D25: LK | E25: 0 | F25: 1 | G25: 0 | H25: 0 | I25: 0 | J25: 0 | K25: 0 | L25: 0 | M25: =SUM(E25:L25) -> 1
D26: PR | E26: 0 | F26: 2 | G26: 0 | H26: 0 | I26: 0 | J26: 2 | K26: 0 | L26: 0 | M26: =SUM(E26:L26) -> 4
D27: JML | E27: =SUM(E25:E26) -> 0 | F27: =SUM(F25:F26) -> 3 | G27: =SUM(G25:G26) -> 0 | H27: =SUM(H25:H26) -> 0 | I27: =SUM(I25:I26) -> 0 | J27: =SUM(J25:J26) -> 2 | K27: =SUM(K25:K26) -> 0 | L27: =SUM(L25:L26) -> 0 | M27: =SUM(E27:L27) -> 5
B28: 4. | C28: Jumlah Pengguna Hak Pilih (B.1+B.2+B.3) | D28: LK | E28: =SUM(E19,E22,E25) -> 117 | F28: =SUM(F19,F22,F25) -> 105 | G28: =SUM(G19,G22,G25) -> 125 | H28: =SUM(H19,H22,H25) -> 102 | I28: =SUM(I19,I22,I25) -> 110 | J28: =SUM(J19,J22,J25) -> 120 | K28: =SUM(K19,K22,K25) -> 110 | L28: =SUM(L19,L22,L25) -> 117 | M28: =SUM(E28:L28) -> 906
D29: PR | E29: =SUM(E20,E23,E26) -> 123 | F29: =SUM(F20,F23,F26) -> 114 | G29: =SUM(G20,G23,G26) -> 109 | H29: =SUM(H20,H23,H26) -> 102 | I29: =SUM(I20,I23,I26) -> 117 | J29: =SUM(J20,J23,J26) -> 101 | K29: =SUM(K20,K23,K26) -> 120 | L29: =SUM(L20,L23,L26) -> 128 | M29: =SUM(E29:L29) -> 914
D30: JML | E30: =SUM(E28:E29) -> 240 | F30: =SUM(F28:F29) -> 219 | G30: =SUM(G28:G29) -> 234 | H30: =SUM(H28:H29) -> 204 | I30: =SUM(I28:I29) -> 227 | J30: =SUM(J28:J29) -> 221 | K30: =SUM(K28:K29) -> 230 | L30: =SUM(L28:L29) -> 245 | M30: =SUM(E30:L30) -> 1820
A32: II | B32: DATA PENGGUNAAN SURAT SUARA
A33: 1 | B33: Jumlah surat suara yang diterima, termasuk surat suara cadangan 2,5% dari DPT | E33: 296 | F33: 287 | G33: 274 | H33: 243 | I33: 263 | J33: 274 | K33: 282 | L33: 293 | M33: =SUM(E33:L33) -> 2212
A34: 2 | B34: Jumlah surat suara yang digunakan | E34: 240 | F34: 219 | G34: 234 | H34: 204 | I34: 227 | J34: 221 | K34: 230 | L34: 245 | M34: =SUM(E34:L34) -> 1820
A35: 3 | B35: Jumlah surat suara dikembalikan oleh pemilih (karena rusak atau keliru coblos) | E35: 1 | F35: 1 | G35: 2 | H35: 0 | I35: 0 | J35: 1 | K35: 0 | L35: 0 | M35: =SUM(E35:L35) -> 5
A36: 4 | B36: Jumlah surat suara yang tidak digunakan/tidak terpakai, termasuk sisa surat suara cadangan | E36: =E33-(E34+E35) -> 55 | F36: =F33-(F34+F35) -> 67 | G36: =G33-(G34+G35) -> 38 | H36: =H33-(H34+H35) -> 39 | I36: =I33-(I34+I35) -> 36 | J36: =J33-(J34+J35) -> 52 | K36: =K33-(K34+K35) -> 52 | L36: =L33-(L34+L35) -> 48 | M36: =SUM(E36:L36) -> 387
A38: III | B38: DATA PEMILIH DISABILITAS
B39: Jumlah seluruh Pemilih disabilitas yang menggunakan hak pilih | D39: LK | E39: 1 | F39: 0 | G39: 0 | H39: 1 | I39: 0 | J39: 0 | K39: 0 | L39: 1 | M39: =SUM(E39:L39) -> 3
D40: PR | E40: 0 | F40: 0 | G40: 0 | H40: 3 | I40: 0 | J40: 2 | K40: 1 | L40: 4 | M40: =SUM(E40:L40) -> 10
D41: JML | E41: =SUM(E39:E40) -> 1 | F41: =SUM(F39:F40) -> 0 | G41: =SUM(G39:G40) -> 0 | H41: =SUM(H39:H40) -> 4 | I41: =SUM(I39:I40) -> 0 | J41: =SUM(J39:J40) -> 2 | K41: =SUM(K39:K40) -> 1 | L41: =SUM(L39:L40) -> 5 | M41: =SUM(E41:L41) -> 13
A43: IV | B43: DATA RINCIAN PEROLEHAN SUARA PASANGAN CALON BUPATI DAN WAKIL BUPATI
A44: NOMOR DAN NAMA CALON
B45: 1. | C45: AA. AHMAD NAWARDI | E45: 10 | F45: 17 | G45: 14 | H45: 13 | I45: 12 | J45: 15 | K45: 13 | L45: 11 | M45: =SUM(E45:L45) -> 105
B46: 2. | C46: Ir. H. AA LA NYALLA MAHMUD MATTALITI, M.HP. | E46: 35 | F46: 29 | G46: 39 | H46: 33 | I46: 17 | J46: 25 | K46: 25 | L46: 39 | M46: =SUM(E46:L46) -> 242
B47: 3. | C47: ABDUL QADIR AMIR HARTONO, S.E., S.H., M.H. | E47: 12 | F47: 15 | G47: 13 | H47: 11 | I47: 15 | J47: 16 | K47: 21 | L47: 21 | M47: =SUM(E47:L47) -> 124
B48: 4. | C48: ADILLA AZIS, S.E. | E48: 45 | F48: 34 | G48: 29 | H48: 38 | I48: 42 | J48: 32 | K48: 26 | L48: 26 | M48: =SUM(E48:L48) -> 272
B49: 5. | C49: Ir. H. AGUS RAHARDJO, MSc.M. | E49: 21 | F49: 13 | G49: 21 | H49: 15 | I49: 24 | J49: 19 | K49: 20 | L49: 12 | M49: =SUM(E49:L49) -> 145
B50: 6. | C50: Drs. AYUB KHAN | E50: 17 | F50: 14 | G50: 7 | H50: 6 | I50: 10 | J50: 16 | K50: 12 | L50: 12 | M50: =SUM(E50:L50) -> 94
B51: 7. | C51: BAMBANG HARIANTO | E51: 1 | F51: 3 | G51: 0 | H51: 1 | I51: 2 | J51: 0 | K51: 3 | L51: 1 | M51: =SUM(E51:L51) -> 11
B52: 8. | C52: CATUR RUDI UTANTO, S.Sos. | E52: 6 | F52: 4 | G52: 0 | H52: 0 | I52: 3 | J52: 2 | K52: 4 | L52: 4 | M52: =SUM(E52:L52) -> 23
B53: 9. | C53: DODDY DWI NUGROHO | E53: 2 | F53: 1 | G53: 1 | H53: 2 | I53: 1 | J53: 1 | K53: 1 | L53: 5 | M53: =SUM(E53:L53) -> 14
B54: 10. | C54: KONDANG KUSUMANING AYU | E54: 15 | F54: 29 | G54: 25 | H54: 32 | I54: 25 | J54: 22 | K54: 19 | L54: 24 | M54: =SUM(E54:L54) -> 191
B55: 11. | C55: KUNJUNG WAHYUDI | E55: 1 | F55: 3 | G55: 1 | H55: 1 | I55: 1 | J55: 2 | K55: 0 | L55: 2 | M55: =SUM(E55:L55) -> 11
B56: 12. | C56: Dr. LIA ISTIFHAMA | E56: 21 | F56: 20 | G56: 24 | H56: 20 | I56: 10 | J56: 22 | K56: 18 | L56: 22 | M56: =SUM(E56:L56) -> 157
B57: 13. | C57: MOHAMMAD TRIJANTO, S.H., M.M., M.H. | E57: 6 | F57: 3 | G57: 3 | H57: 1 | I57: 1 | J57: 0 | K57: 2 | L57: 3 | M57: =SUM(E57:L57) -> 19
A59: V | B59: DATA SUARA SAH DAN TIDAK SAH
B60: A. | C60: JUMLAH SELURUH SUARA SAH | E60: =SUM(E45:E57) -> 192 | F60: =SUM(F45:F57) -> 185 | G60: =SUM(G45:G57) -> 177 | H60: =SUM(H45:H57) -> 173 | I60: =SUM(I45:I57) -> 163 | J60: =SUM(J45:J57) -> 172 | K60: =SUM(K45:K57) -> 164 | L60: =SUM(L45:L57) -> 182 | M60: =SUM(E60:L60) -> 1408
B61: B. | C61: JUMLAH SUARA TIDAK SAH | E61: 48 | F61: 34 | G61: 57 | H61: 31 | I61: 64 | J61: 48 | K61: 66 | L61: 60 | M61: =SUM(E61:L61) -> 408
B62: C. | C62: JUMLAH SELURUH SUARA SAH DAN SUARA TIDAK SAH (V.A + V.B) | E62: =SUM(E60:E61) -> 240 | F62: =SUM(F60:F61) -> 219 | G62: =SUM(G60:G61) -> 234 | H62: =SUM(H60:H61) -> 204 | I62: =SUM(I60:I61) -> 227 | J62: =SUM(J60:J61) -> 220 | K62: =SUM(K60:K61) -> 230 | L62: =SUM(L60:L61) -> 242 | M62: =SUM(E62:L62) -> 1816

Sheet KARANGREJO
C2: Kecamatan | D2: BLIMBINGSARI
C3: Kabupaten | D3: BANYUWANGI
C4: Provinsi | D4: JAWA TIMUR
C9: Kelurahan | D9: KARANGREJO
A12: I | B12: DATA PEMILIH DAN PENGGUNAAN HAK PILIH | P12: JUMLAH AKHIR
A13: A | B13: DATA PEMILIH | E13: TPS 001 | F13: TPS 002 | G13: TPS 003 | H13: TPS 004 | I13: TPS 005 | J13: TPS 006 | K13: TPS 007 | L13: TPS 008 | M13: TPS 009 | N13: TPS 010 | O13: TPS 011
B14: Jumlah Pemilih dalam Daftar Pemilih Tetap (DPT) | D14: LK | E14: 116 | F14: 118 | G14: 141 | H14: 136 | I14: 143 | J14: 130 | K14: 131 | L14: 127 | M14: 127 | N14: 121 | O14: 116 | P14: =SUM(E14:O14) -> 1406
D15: PR | E15: 112 | F15: 113 | G15: 122 | H15: 150 | I15: 134 | J15: 139 | K15: 128 | L15: 133 | M15: 124 | N15: 131 | O15: 126 | P15: =SUM(E15:O15) -> 1412
D16: JML | E16: =SUM(E14:E15) -> 228 | F16: =SUM(F14:F15) -> 231 | G16: =SUM(G14:G15) -> 263 | H16: =SUM(H14:H15) -> 286 | I16: =SUM(I14:I15) -> 277 | J16: =SUM(J14:J15) -> 269 | K16: =SUM(K14:K15) -> 259 | L16: =SUM(L14:L15) -> 260 | ... O16: =SUM(O14:O15) -> 242 | P16: =SUM(E16:O16) -> 2818
A18: B | B18: PENGGUNA HAK PILIH
B19: 1. | C19: Jumlah pengguna hak pilih dalam Daftar Pemilih Tetap (DPT) | D19: LK | E19: 79 | F19: 73 | G19: 108 | H19: 104 | I19: 113 | J19: 99 | K19: 100 | L19: 103 | M19: 85 | N19: 79 | O19: 81 | P19: =SUM(E19:O19) -> 1024
D20: PR | E20: 85 | F20: 88 | G20: 105 | H20: 120 | I20: 114 | J20: 112 | K20: 101 | L20: 116 | M20: 101 | N20: 94 | O20: 97 | P20: =SUM(E20:O20) -> 1133
D21: JML | E21: =SUM(E19:E20) -> 164 | F21: =SUM(F19:F20) -> 161 | G21: =SUM(G19:G20) -> 213 | H21: =SUM(H19:H20) -> 224 | I21: =SUM(I19:I20) -> 227 | J21: =SUM(J19:J20) -> 211 | K21: =SUM(K19:K20) -> 201 | L21: =SUM(L19:L20) -> 219 | ... O21: =SUM(O19:O20) -> 178 | P21: =SUM(E21:O21) -> 2157
B22: 2. | C22: Jumlah pengguna hak pilih dalam Daftar Pemilih Tambahan (DPTb) | D22: LK | E22: 0 | F22: 6 | G22: 0 | H22: 2 | I22: 0 | J22: 0 | K22: 0 | L22: 0 | M22: 1 | N22: 0 | O22: 0 | P22: =SUM(E22:O22) -> 9
D23: PR | E23: 0 | F23: 0 | G23: 1 | H23: 1 | I23: 0 | J23: 0 | K23: 0 | L23: 0 | M23: 0 | N23: 0 | O23: 1 | P23: =SUM(E23:O23) -> 3
D24: JML | E24: =SUM(E22:E23) -> 0 | F24: =SUM(F22:F23) -> 6 | G24: =SUM(G22:G23) -> 1 | H24: =SUM(H22:H23) -> 3 | I24: =SUM(I22:I23) -> 0 | J24: =SUM(J22:J23) -> 0 | K24: =SUM(K22:K23) -> 0 | L24: =SUM(L22:L23) -> 0 | ... O24: =SUM(O22:O23) -> 1 | P24: =SUM(E24:O24) -> 12
B25: 3. | C25: Jumlah pengguna hak pilih dalam Daftar Pemilih Khusus (DPK) | D25: LK | E25: 0 | F25: 0 | G25: 0 | H25: 1 | I25: 0 | J25: 0 | K25: 1 | L25: 1 | M25: 0 | N25: 0 | O25: 0 | P25: =SUM(E25:O25) -> 3
D26: PR | E26: 0 | F26: 0 | G26: 1 | H26: 1 | I26: 0 | J26: 0 | K26: 1 | L26: 2 | M26: 0 | N26: 1 | O26: 1 | P26: =SUM(E26:O26) -> 7
D27: JML | E27: =SUM(E25:E26) -> 0 | F27: =SUM(F25:F26) -> 0 | G27: =SUM(G25:G26) -> 1 | H27: =SUM(H25:H26) -> 2 | I27: =SUM(I25:I26) -> 0 | J27: =SUM(J25:J26) -> 0 | K27: =SUM(K25:K26) -> 2 | L27: =SUM(L25:L26) -> 3 | ... O27: =SUM(O25:O26) -> 1 | P27: =SUM(E27:O27) -> 10
B28: 4. | C28: Jumlah Pengguna Hak Pilih (B.1+B.2+B.3) | D28: LK | E28: =SUM(E19,E22,E25) -> 79 | F28: =SUM(F19,F22,F25) -> 79 | G28: =SUM(G19,G22,G25) -> 108 | H28: =SUM(H19,H22,H25) -> 107 | I28: =SUM(I19,I22,I25) -> 113 | J28: =SUM(J19,J22,J25) -> 99 | K28: =SUM(K19,K22,K25) -> 101 | L28: =SUM(L19,L22,L25) -> 104 | ... O28: =SUM(O19,O22,O25) -> 81 | P28: =SUM(E28:O28) -> 1036
D29: PR | E29: =SUM(E20,E23,E26) -> 85 | F29: =SUM(F20,F23,F26) -> 88 | G29: =SUM(G20,G23,G26) -> 107 | H29: =SUM(H20,H23,H26) -> 122 | I29: =SUM(I20,I23,I26) -> 114 | J29: =SUM(J20,J23,J26) -> 112 | K29: =SUM(K20,K23,K26) -> 102 | L29: =SUM(L20,L23,L26) -> 118 | ... O29: =SUM(O20,O23,O26) -> 99 | P29: =SUM(E29:O29) -> 1143
D30: JML | E30: =SUM(E28:E29) -> 164 | F30: =SUM(F28:F29) -> 167 | G30: =SUM(G28:G29) -> 215 | H30: =SUM(H28:H29) -> 229 | I30: =SUM(I28:I29) -> 227 | J30: =SUM(J28:J29) -> 211 | K30: =SUM(K28:K29) -> 203 | L30: =SUM(L28:L29) -> 222 | ... O30: =SUM(O28:O29) -> 180 | P30: =SUM(E30:O30) -> 2179
A32: II | B32: DATA PENGGUNAAN SURAT SUARA
A33: 1 | B33: Jumlah surat suara yang diterima, termasuk surat suara cadangan 2,5% dari DPT | E33: 233 | F33: 236 | G33: 269 | H33: 293 | I33: 283 | J33: 275 | K33: 265 | L33: 266 | M33: 257 | N33: 258 | O33: 247 | P33: =SUM(E33:O33) -> 2882
A34: 2 | B34: Jumlah surat suara yang digunakan | E34: 164 | F34: 167 | G34: 215 | H34: 229 | I34: 227 | J34: 211 | K34: 203 | L34: 222 | M34: 187 | N34: 174 | O34: 180 | P34: =SUM(E34:O34) -> 2179
A35: 3 | B35: Jumlah surat suara dikembalikan oleh pemilih (karena rusak atau keliru coblos) | E35: 16 | F35: 0 | G35: 0 | H35: 39 | I35: 0 | J35: 19 | K35: 1 | L35: 2 | M35: 3 | N35: 1 | O35: 0 | P35: =SUM(E35:O35) -> 81
A36: 4 | B36: Jumlah surat suara yang tidak digunakan/tidak terpakai, termasuk sisa surat suara cadangan | E36: =E33-(E34+E35) -> 53 | F36: =F33-(F34+F35) -> 69 | G36: =G33-(G34+G35) -> 54 | H36: =H33-(H34+H35) -> 25 | I36: =I33-(I34+I35) -> 56 | J36: =J33-(J34+J35) -> 45 | K36: =K33-(K34+K35) -> 61 | L36: =L33-(L34+L35) -> 42 | ... O36: =O33-(O34+O35) -> 67 | P36: =SUM(E36:O36) -> 622
A38: III | B38: DATA PEMILIH DISABILITAS
B39: Jumlah seluruh Pemilih disabilitas yang menggunakan hak pilih | D39: LK | E39: 0 | F39: 1 | G39: 1 | H39: 3 | I39: 0 | J39: 0 | K39: 1 | L39: 1 | M39: 0 | N39: 0 | O39: 0 | P39: =SUM(E39:O39) -> 7
D40: PR | E40: 1 | F40: 1 | G40: 0 | H40: 1 | I40: 0 | J40: 0 | K40: 1 | L40: 1 | M40: 0 | N40: 0 | O40: 0 | P40: =SUM(E40:O40) -> 5
D41: JML | E41: =SUM(E39:E40) -> 1 | F41: =SUM(F39:F40) -> 2 | G41: =SUM(G39:G40) -> 1 | H41: =SUM(H39:H40) -> 4 | I41: =SUM(I39:I40) -> 0 | J41: =SUM(J39:J40) -> 0 | K41: =SUM(K39:K40) -> 2 | L41: =SUM(L39:L40) -> 2 | ... O41: =SUM(O39:O40) -> 0 | P41: =SUM(E41:O41) -> 12
A43: IV | B43: DATA RINCIAN PEROLEHAN SUARA PASANGAN CALON BUPATI DAN WAKIL BUPATI
A44: NOMOR DAN NAMA CALON
B45: 1. | C45: AA. AHMAD NAWARDI | E45: 25 | F45: 13 | G45: 17 | H45: 8 | I45: 17 | J45: 15 | K45: 9 | L45: 19 | M45: 7 | N45: 14 | O45: 12 | P45: =SUM(E45:O45) -> 156
B46: 2. | C46: Ir. H. AA LA NYALLA MAHMUD MATTALITI, M.HP. | E46: 27 | F46: 26 | G46: 19 | H46: 38 | I46: 20 | J46: 22 | K46: 28 | L46: 43 | M46: 30 | N46: 36 | O46: 37 | P46: =SUM(E46:O46) -> 326
B47: 3. | C47: ABDUL QADIR AMIR HARTONO, S.E., S.H., M.H. | E47: 12 | F47: 12 | G47: 20 | H47: 21 | I47: 9 | J47: 17 | K47: 15 | L47: 14 | M47: 8 | N47: 19 | O47: 13 | P47: =SUM(E47:O47) -> 160
B48: 4. | C48: ADILLA AZIS, S.E. | E48: 14 | F48: 25 | G48: 28 | H48: 20 | I48: 26 | J48: 20 | K48: 18 | L48: 21 | M48: 17 | N48: 21 | O48: 24 | P48: =SUM(E48:O48) -> 234
B49: 5. | C49: Ir. H. AGUS RAHARDJO, MSc.M. | E49: 13 | F49: 10 | G49: 15 | H49: 15 | I49: 25 | J49: 15 | K49: 14 | L49: 11 | M49: 18 | N49: 11 | O49: 13 | P49: =SUM(E49:O49) -> 160
B50: 6. | C50: Drs. AYUB KHAN | E50: 11 | F50: 13 | G50: 15 | H50: 10 | I50: 9 | J50: 9 | K50: 7 | L50: 27 | M50: 9 | N50: 9 | O50: 11 | P50: =SUM(E50:O50) -> 130
B51: 7. | C51: BAMBANG HARIANTO | E51: 2 | F51: 2 | G51: 3 | H51: 1 | I51: 2 | J51: 4 | K51: 4 | L51: 1 | M51: 1 | N51: 3 | O51: 1 | P51: =SUM(E51:O51) -> 24
B52: 8. | C52: CATUR RUDI UTANTO, S.Sos. | E52: 1 | F52: 1 | G52: 4 | H52: 7 | I52: 1 | J52: 3 | K52: 6 | L52: 1 | M52: 3 | N52: 3 | O52: 1 | P52: =SUM(E52:O52) -> 31
B53: 9. | C53: DODDY DWI NUGROHO | E53: 1 | F53: 0 | G53: 1 | H53: 0 | I53: 1 | J53: 0 | K53: 0 | L53: 0 | M53: 0 | N53: 1 | O53: 0 | P53: =SUM(E53:O53) -> 4
B54: 10. | C54: KONDANG KUSUMANING AYU | E54: 14 | F54: 20 | G54: 18 | H54: 34 | I54: 14 | J54: 8 | K54: 20 | L54: 10 | M54: 14 | N54: 10 | O54: 14 | P54: =SUM(E54:O54) -> 176
B55: 11. | C55: KUNJUNG WAHYUDI | E55: 1 | F55: 2 | G55: 1 | H55: 0 | I55: 2 | J55: 1 | K55: 1 | L55: 0 | M55: 0 | N55: 2 | O55: 2 | P55: =SUM(E55:O55) -> 12
B56: 12. | C56: Dr. LIA ISTIFHAMA | E56: 22 | F56: 15 | G56: 17 | H56: 35 | I56: 18 | J56: 21 | K56: 15 | L56: 26 | M56: 14 | N56: 13 | O56: 14 | P56: =SUM(E56:O56) -> 210
B57: 13. | C57: MOHAMMAD TRIJANTO, S.H., M.M., M.H. | E57: 0 | F57: 1 | G57: 3 | H57: 2 | I57: 0 | J57: 1 | K57: 3 | L57: 2 | M57: 1 | N57: 1 | O57: 0 | P57: =SUM(E57:O57) -> 14
A59: V | B59: DATA SUARA SAH DAN TIDAK SAH
B60: A. | C60: JUMLAH SELURUH SUARA SAH | E60: =SUM(E45:E57) -> 143 | F60: =SUM(F45:F57) -> 140 | G60: =SUM(G45:G57) -> 161 | H60: =SUM(H45:H57) -> 191 | I60: =SUM(I45:I57) -> 144 | J60: =SUM(J45:J57) -> 136 | K60: =SUM(K45:K57) -> 140 | L60: =SUM(L45:L57) -> 175 | ... O60: =SUM(O45:O57) -> 142 | P60: =SUM(E60:O60) -> 1637
B61: B. | C61: JUMLAH SUARA TIDAK SAH | E61: 21 | F61: 27 | G61: 54 | H61: 38 | I61: 83 | J61: 75 | K61: 63 | L61: 47 | M61: 65 | N61: 31 | O61: 38 | P61: =SUM(E61:O61) -> 542
B62: C. | C62: JUMLAH SELURUH SUARA SAH DAN SUARA TIDAK SAH (V.A + V.B) | E62: =SUM(E60:E61) -> 164 | F62: =SUM(F60:F61) -> 167 | G62: =SUM(G60:G61) -> 215 | H62: =SUM(H60:H61) -> 229 | I62: =SUM(I60:I61) -> 227 | J62: =SUM(J60:J61) -> 211 | K62: =SUM(K60:K61) -> 203 | L62: =SUM(L60:L61) -> 222 | ... O62: =SUM(O60:O61) -> 180 | P62: =SUM(E62:O62) -> 2179

Sheet PATOMAN
C2: Kecamatan | D2: BLIMBINGSARI
C3: Kabupaten | D3: BANYUWANGI
C4: Provinsi | D4: JAWA TIMUR
C9: Kelurahan | D9: PATOMAN
A12: I | B12: DATA PEMILIH DAN PENGGUNAAN HAK PILIH | T12: JUMLAH AKHIR
A13: A | B13: DATA PEMILIH | E13: TPS 001 | F13: TPS 002 | G13: TPS 003 | H13: TPS 004 | I13: TPS 005 | J13: TPS 006 | K13: TPS 007 | L13: TPS 008 | M13: TPS 009 | N13: TPS 010 | O13: TPS 011 | P13: TPS 012 | Q13: TPS 013 | R13: TPS 014 | S13: TPS 015
B14: Jumlah Pemilih dalam Daftar Pemilih Tetap (DPT) | D14: LK | E14: 128 | F14: 137 | G14: 126 | H14: 121 | I14: 118 | J14: 134 | K14: 114 | L14: 126 | M14: 150 | N14: 147 | O14: 145 | P14: 123 | Q14: 137 | R14: 138 | S14: 144 | T14: =SUM(E14:S14) -> 1988
D15: PR | E15: 161 | F15: 147 | G15: 125 | H15: 118 | I15: 123 | J15: 133 | K15: 137 | L15: 132 | M15: 138 | N15: 147 | O15: 136 | P15: 125 | Q15: 147 | R15: 146 | S15: 147 | T15: =SUM(E15:S15) -> 2062
D16: JML | E16: =SUM(E14:E15) -> 289 | F16: =SUM(F14:F15) -> 284 | G16: =SUM(G14:G15) -> 251 | H16: =SUM(H14:H15) -> 239 | I16: =SUM(I14:I15) -> 241 | J16: =SUM(J14:J15) -> 267 | K16: =SUM(K14:K15) -> 251 | L16: =SUM(L14:L15) -> 258 | ... S16: =SUM(S14:S15) -> 291 | T16: =SUM(E16:S16) -> 4050
A18: B | B18: PENGGUNA HAK PILIH
B19: 1. | C19: Jumlah pengguna hak pilih dalam Daftar Pemilih Tetap (DPT) | D19: LK | E19: 109 | F19: 111 | G19: 98 | H19: 109 | I19: 97 | J19: 95 | K19: 91 | L19: 94 | M19: 120 | N19: 111 | O19: 112 | P19: 92 | Q19: 107 | R19: 106 | S19: 107 | T19: =SUM(E19:S19) -> 1559
D20: PR | E20: 146 | F20: 120 | G20: 101 | H20: 104 | I20: 107 | J20: 110 | K20: 109 | L20: 105 | M20: 116 | N20: 118 | O20: 113 | P20: 98 | Q20: 121 | R20: 116 | S20: 109 | T20: =SUM(E20:S20) -> 1693
D21: JML | E21: =SUM(E19:E20) -> 255 | F21: =SUM(F19:F20) -> 231 | G21: =SUM(G19:G20) -> 199 | H21: =SUM(H19:H20) -> 213 | I21: =SUM(I19:I20) -> 204 | J21: =SUM(J19:J20) -> 205 | K21: =SUM(K19:K20) -> 200 | L21: =SUM(L19:L20) -> 199 | ... S21: =SUM(S19:S20) -> 216 | T21: =SUM(E21:S21) -> 3252
B22: 2. | C22: Jumlah pengguna hak pilih dalam Daftar Pemilih Tambahan (DPTb) | D22: LK | E22: 0 | F22: 0 | G22: 1 | H22: 2 | I22: 1 | J22: 0 | K22: 0 | L22: 0 | M22: 0 | N22: 0 | O22: 0 | P22: 0 | Q22: 0 | R22: 0 | S22: 1 | T22: =SUM(E22:S22) -> 5
D23: PR | E23: 0 | F23: 0 | G23: 0 | H23: 1 | I23: 0 | J23: 0 | K23: 0 | L23: 0 | M23: 0 | N23: 0 | O23: 0 | P23: 0 | Q23: 0 | R23: 0 | S23: 3 | T23: =SUM(E23:S23) -> 4
D24: JML | E24: 0 | F24: =SUM(F22:F23) -> 0 | G24: =SUM(G22:G23) -> 1 | H24: =SUM(H22:H23) -> 3 | I24: =SUM(I22:I23) -> 1 | J24: =SUM(J22:J23) -> 0 | K24: =SUM(K22:K23) -> 0 | L24: =SUM(L22:L23) -> 0 | M24: =SUM(M22:M23) -> 0 | ... S24: =SUM(S22:S23) -> 4 | T24: =SUM(E24:S24) -> 9
B25: 3. | C25: Jumlah pengguna hak pilih dalam Daftar Pemilih Khusus (DPK) | D25: LK | E25: 0 | F25: 2 | G25: 1 | H25: 0 | I25: 0 | J25: 0 | K25: 0 | L25: 0 | M25: 1 | N25: 1 | O25: 0 | P25: 0 | Q25: 1 | R25: 0 | S25: 0 | T25: =SUM(E25:S25) -> 6
D26: PR | E26: 0 | F26: 4 | G26: 1 | H26: 0 | I26: 0 | J26: 1 | K26: 0 | L26: 0 | M26: 1 | N26: 2 | O26: 0 | P26: 0 | Q26: 2 | R26: 0 | S26: 0 | T26: =SUM(E26:S26) -> 11
D27: JML | E27: =SUM(E25:E26) -> 0 | F27: =SUM(F25:F26) -> 6 | G27: =SUM(G25:G26) -> 2 | H27: =SUM(H25:H26) -> 0 | I27: =SUM(I25:I26) -> 0 | J27: =SUM(J25:J26) -> 1 | K27: =SUM(K25:K26) -> 0 | L27: =SUM(L25:L26) -> 0 | ... S27: =SUM(S25:S26) -> 0 | T27: =SUM(E27:S27) -> 17
B28: 4. | C28: Jumlah Pengguna Hak Pilih (B.1+B.2+B.3) | D28: LK | E28: =SUM(E19,E22,E25) -> 109 | F28: =SUM(F19,F22,F25) -> 113 | G28: =SUM(G19,G22,G25) -> 100 | H28: =SUM(H19,H22,H25) -> 111 | I28: =SUM(I19,I22,I25) -> 98 | J28: =SUM(J19,J22,J25) -> 95 | K28: =SUM(K19,K22,K25) -> 91 | L28: =SUM(L19,L22,L25) -> 94 | ... S28: =SUM(S19,S22,S25) -> 108 | T28: =SUM(E28:S28) -> 1570
D29: PR | E29: =SUM(E20,E23,E26) -> 146 | F29: =SUM(F20,F23,F26) -> 124 | G29: =SUM(G20,G23,G26) -> 102 | H29: =SUM(H20,H23,H26) -> 105 | I29: =SUM(I20,I23,I26) -> 107 | J29: =SUM(J20,J23,J26) -> 111 | K29: =SUM(K20,K23,K26) -> 109 | L29: =SUM(L20,L23,L26) -> 105 | ... S29: =SUM(S20,S23,S26) -> 112 | T29: =SUM(E29:S29) -> 1708
D30: JML | E30: =SUM(E28:E29) -> 255 | F30: =SUM(F28:F29) -> 237 | G30: =SUM(G28:G29) -> 202 | H30: =SUM(H28:H29) -> 216 | I30: =SUM(I28:I29) -> 205 | J30: =SUM(J28:J29) -> 206 | K30: =SUM(K28:K29) -> 200 | L30: =SUM(L28:L29) -> 199 | ... S30: =SUM(S28:S29) -> 220 | T30: =SUM(E30:S30) -> 3278
A32: II | B32: DATA PENGGUNAAN SURAT SUARA
A33: 1 | B33: Jumlah surat suara yang diterima, termasuk surat suara cadangan 2,5% dari DPT | E33: 295 | F33: 290 | G33: 257 | H33: 244 | I33: 246 | J33: 273 | K33: 257 | L33: 264 | M33: 294 | N33: 300 | O33: 287 | P33: 253 | Q33: 290 | R33: 290 | S33: 297 | T33: =SUM(E33:S33) -> 4137
A34: 2 | B34: Jumlah surat suara yang digunakan | E34: 255 | F34: 237 | G34: 202 | H34: 216 | I34: 205 | J34: 206 | K34: 200 | L34: 199 | M34: 238 | N34: 232 | O34: 225 | P34: 190 | Q34: 231 | R34: 222 | S34: 220 | T34: =SUM(E34:S34) -> 3278
A35: 3 | B35: Jumlah surat suara dikembalikan oleh pemilih (karena rusak atau keliru coblos) | E35: 0 | F35: 1 | G35: 0 | H35: 0 | I35: 0 | J35: 0 | K35: 0 | L35: 0 | M35: 0 | N35: 0 | O35: 2 | P35: 0 | Q35: 1 | R35: 0 | S35: 0 | T35: =SUM(E35:S35) -> 4
A36: 4 | B36: Jumlah surat suara yang tidak digunakan/tidak terpakai, termasuk sisa surat suara cadangan | E36: =E33-(E34+E35) -> 40 | F36: =F33-(F34+F35) -> 52 | G36: =G33-(G34+G35) -> 55 | H36: =H33-(H34+H35) -> 28 | I36: =I33-(I34+I35) -> 41 | J36: =J33-(J34+J35) -> 67 | K36: =K33-(K34+K35) -> 57 | L36: =L33-(L34+L35) -> 65 | ... S36: =S33-(S34+S35) -> 77 | T36: =SUM(E36:S36) -> 855
A38: III | B38: DATA PEMILIH DISABILITAS
B39: Jumlah seluruh Pemilih disabilitas yang menggunakan hak pilih | D39: LK | E39: 0 | F39: 0 | G39: 0 | H39: 0 | I39: 1 | J39: 0 | K39: 0 | L39: 0 | M39: 0 | N39: 0 | O39: 0 | P39: 0 | Q39: 0 | R39: 0 | S39: 0 | T39: =SUM(E39:S39) -> 1
D40: PR | E40: 0 | F40: 0 | G40: 0 | H40: 0 | I40: 3 | J40: 0 | K40: 0 | L40: 0 | M40: 0 | N40: 0 | O40: 0 | P40: 0 | Q40: 0 | R40: 0 | S40: 0 | T40: =SUM(E40:S40) -> 3
D41: JML | E41: =SUM(E39:E40) -> 0 | F41: =SUM(F39:F40) -> 0 | G41: =SUM(G39:G40) -> 0 | H41: =SUM(H39:H40) -> 0 | I41: =SUM(I39:I40) -> 4 | J41: =SUM(J39:J40) -> 0 | K41: =SUM(K39:K40) -> 0 | L41: =SUM(L39:L40) -> 0 | ... S41: =SUM(S39:S40) -> 0 | T41: =SUM(E41:S41) -> 4
A43: IV | B43: DATA RINCIAN PEROLEHAN SUARA PASANGAN CALON BUPATI DAN WAKIL BUPATI
A44: NOMOR DAN NAMA CALON
B45: 1. | C45: AA. AHMAD NAWARDI | E45: 14 | F45: 19 | G45: 10 | H45: 10 | I45: 3 | J45: 17 | K45: 14 | L45: 13 | M45: 22 | N45: 14 | O45: 9 | P45: 8 | Q45: 9 | R45: 15 | S45: 12 | T45: =SUM(E45:S45) -> 189
B46: 2. | C46: Ir. H. AA LA NYALLA MAHMUD MATTALITI, M.HP. | E46: 29 | F46: 22 | G46: 33 | H46: 46 | I46: 41 | J46: 33 | K46: 42 | L46: 24 | M46: 20 | N46: 28 | O46: 11 | P46: 6 | Q46: 28 | R46: 36 | S46: 30 | T46: =SUM(E46:S46) -> 429
B47: 3. | C47: ABDUL QADIR AMIR HARTONO, S.E., S.H., M.H. | E47: 16 | F47: 22 | G47: 16 | H47: 12 | I47: 10 | J47: 16 | K47: 25 | L47: 17 | M47: 9 | N47: 19 | O47: 12 | P47: 13 | Q47: 11 | R47: 12 | S47: 18 | T47: =SUM(E47:S47) -> 228
B48: 4. | C48: ADILLA AZIS, S.E. | E48: 35 | F48: 27 | G48: 36 | H48: 37 | I48: 33 | J48: 38 | K48: 29 | L48: 44 | M48: 27 | N48: 37 | O48: 17 | P48: 9 | Q48: 36 | R48: 34 | S48: 17 | T48: =SUM(E48:S48) -> 456
B49: 5. | C49: Ir. H. AGUS RAHARDJO, MSc.M. | E49: 20 | F49: 16 | G49: 12 | H49: 16 | I49: 8 | J49: 10 | K49: 9 | L49: 11 | M49: 11 | N49: 17 | O49: 9 | P49: 7 | Q49: 21 | R49: 8 | S49: 15 | T49: =SUM(E49:S49) -> 190
B50: 6. | C50: Drs. AYUB KHAN | E50: 17 | F50: 20 | G50: 9 | H50: 12 | I50: 19 | J50: 13 | K50: 17 | L50: 13 | M50: 18 | N50: 12 | O50: 3 | P50: 2 | Q50: 16 | R50: 9 | S50: 29 | T50: =SUM(E50:S50) -> 209
B51: 7. | C51: BAMBANG HARIANTO | E51: 11 | F51: 3 | G51: 2 | H51: 0 | I51: 4 | J51: 5 | K51: 0 | L51: 3 | M51: 3 | N51: 4 | O51: 7 | P51: 11 | Q51: 1 | R51: 4 | S51: 1 | T51: =SUM(E51:S51) -> 59
B52: 8. | C52: CATUR RUDI UTANTO, S.Sos. | E52: 0 | F52: 1 | G52: 2 | H52: 0 | I52: 0 | J52: 3 | K52: 1 | L52: 1 | M52: 3 | N52: 4 | O52: 43 | P52: 29 | Q52: 5 | R52: 13 | S52: 1 | T52: =SUM(E52:S52) -> 106
B53: 9. | C53: DODDY DWI NUGROHO | E53: 1 | F53: 0 | G53: 1 | H53: 1 | I53: 0 | J53: 1 | K53: 2 | L53: 2 | M53: 0 | N53: 1 | O53: 1 | P53: 1 | Q53: 0 | R53: 0 | S53: 2 | T53: =SUM(E53:S53) -> 13
B54: 10. | C54: KONDANG KUSUMANING AYU | E54: 31 | F54: 24 | G54: 26 | H54: 22 | I54: 12 | J54: 11 | K54: 13 | L54: 13 | M54: 18 | N54: 18 | O54: 14 | P54: 9 | Q54: 17 | R54: 6 | S54: 15 | T54: =SUM(E54:S54) -> 249
B55: 11. | C55: KUNJUNG WAHYUDI | E55: 3 | F55: 1 | G55: 1 | H55: 0 | I55: 0 | J55: 1 | K55: 0 | L55: 0 | M55: 1 | N55: 1 | O55: 15 | P55: 10 | Q55: 3 | R55: 3 | S55: 0 | T55: =SUM(E55:S55) -> 39
B56: 12. | C56: Dr. LIA ISTIFHAMA | E56: 33 | F56: 21 | G56: 23 | H56: 21 | I56: 26 | J56: 17 | K56: 16 | L56: 24 | M56: 7 | N56: 22 | O56: 4 | P56: 3 | Q56: 24 | R56: 13 | S56: 10 | T56: =SUM(E56:S56) -> 264
B57: 13. | C57: MOHAMMAD TRIJANTO, S.H., M.M., M.H. | E57: 3 | F57: 3 | G57: 5 | H57: 3 | I57: 3 | J57: 0 | K57: 1 | L57: 0 | M57: 1 | N57: 2 | O57: 3 | P57: 0 | Q57: 3 | R57: 2 | S57: 0 | T57: =SUM(E57:S57) -> 29
A59: V | B59: DATA SUARA SAH DAN TIDAK SAH
B60: A. | C60: JUMLAH SELURUH SUARA SAH | E60: =SUM(E45:E57) -> 213 | F60: =SUM(F45:F57) -> 179 | G60: =SUM(G45:G57) -> 176 | H60: =SUM(H45:H57) -> 180 | I60: =SUM(I45:I57) -> 159 | J60: =SUM(J45:J57) -> 165 | K60: =SUM(K45:K57) -> 169 | L60: =SUM(L45:L57) -> 165 | ... S60: =SUM(S45:S57) -> 150 | T60: =SUM(E60:S60) -> 2460
B61: B. | C61: JUMLAH SUARA TIDAK SAH | E61: 42 | F61: 58 | G61: 26 | H61: 36 | I61: 46 | J61: 41 | K61: 31 | L61: 34 | M61: 98 | N61: 53 | O61: 77 | P61: 82 | Q61: 57 | R61: 67 | S61: 70 | T61: =SUM(E61:S61) -> 818
B62: C. | C62: JUMLAH SELURUH SUARA SAH DAN SUARA TIDAK SAH (V.A + V.B) | E62: =SUM(E60:E61) -> 255 | F62: =SUM(F60:F61) -> 237 | G62: =SUM(G60:G61) -> 202 | H62: =SUM(H60:H61) -> 216 | I62: =SUM(I60:I61) -> 205 | J62: =SUM(J60:J61) -> 206 | K62: =SUM(K60:K61) -> 200 | L62: =SUM(L60:L61) -> 199 | ... S62: =SUM(S60:S61) -> 220 | T62: =SUM(E62:S62) -> 3278

Sheet SUKOJATI
C2: Kecamatan | D2: BLIMBINGSARI
C3: Kabupaten | D3: BANYUWANGI
C4: Provinsi | D4: JAWA TIMUR
C9: Kelurahan | D9: SUKOJATI
A12: I | B12: DATA PEMILIH DAN PENGGUNAAN HAK PILIH | P12: JUMLAH AKHIR
A13: A | B13: DATA PEMILIH | E13: TPS 001 | F13: TPS 002 | G13: TPS 003 | H13: TPS 004 | I13: TPS 005 | J13: TPS 006 | K13: TPS 007 | L13: TPS 008 | M13: TPS 009 | N13: TPS 010 | O13: TPS 011
B14: Jumlah Pemilih dalam Daftar Pemilih Tetap (DPT) | D14: LK | E14: 144 | F14: 103 | G14: 108 | H14: 112 | I14: 127 | J14: 153 | K14: 123 | L14: 145 | M14: 135 | N14: 118 | O14: 109 | P14: =SUM(E14:O14) -> 1377
D15: PR | E15: 130 | F15: 96 | G15: 103 | H15: 110 | I15: 120 | J15: 143 | K15: 123 | L15: 144 | M15: 137 | N15: 111 | O15: 116 | P15: =SUM(E15:O15) -> 1333
D16: JML | E16: =SUM(E14:E15) -> 274 | F16: =SUM(F14:F15) -> 199 | G16: =SUM(G14:G15) -> 211 | H16: =SUM(H14:H15) -> 222 | I16: =SUM(I14:I15) -> 247 | J16: =SUM(J14:J15) -> 296 | K16: =SUM(K14:K15) -> 246 | L16: =SUM(L14:L15) -> 289 | ... O16: =SUM(O14:O15) -> 225 | P16: =SUM(E16:O16) -> 2710
A18: B | B18: PENGGUNA HAK PILIH
B19: 1. | C19: Jumlah pengguna hak pilih dalam Daftar Pemilih Tetap (DPT) | D19: LK | E19: 117 | F19: 75 | G19: 75 | H19: 85 | I19: 98 | J19: 115 | K19: 92 | L19: 101 | M19: 89 | N19: 95 | O19: 81 | P19: =SUM(E19:O19) -> 1023
D20: PR | E20: 112 | F20: 79 | G20: 89 | H20: 92 | I20: 99 | J20: 118 | K20: 103 | L20: 120 | M20: 110 | N20: 93 | O20: 104 | P20: =SUM(E20:O20) -> 1119
D21: JML | E21: =SUM(E19:E20) -> 229 | F21: =SUM(F19:F20) -> 154 | G21: =SUM(G19:G20) -> 164 | H21: =SUM(H19:H20) -> 177 | I21: =SUM(I19:I20) -> 197 | J21: =SUM(J19:J20) -> 233 | K21: =SUM(K19:K20) -> 195 | L21: =SUM(L19:L20) -> 221 | ... O21: =SUM(O19:O20) -> 185 | P21: =SUM(E21:O21) -> 2142
B22: 2. | C22: Jumlah pengguna hak pilih dalam Daftar Pemilih Tambahan (DPTb) | D22: LK | E22: 1 | F22: 1 | G22: 0 | H22: 1 | I22: 0 | J22: 0 | K22: 0 | L22: 0 | M22: 0 | N22: 0 | O22: 0 | P22: =SUM(E22:O22) -> 3
D23: PR | E23: 0 | F23: 1 | G23: 0 | H23: 0 | I23: 0 | J23: 1 | K23: 0 | L23: 0 | M23: 0 | N23: 0 | O23: 0 | P23: =SUM(E23:O23) -> 2
D24: JML | E24: =SUM(E22:E23) -> 1 | F24: =SUM(F22:F23) -> 2 | G24: =SUM(G22:G23) -> 0 | H24: =SUM(H22:H23) -> 1 | I24: =SUM(I22:I23) -> 0 | J24: =SUM(J22:J23) -> 1 | K24: =SUM(K22:K23) -> 0 | L24: =SUM(L22:L23) -> 0 | ... O24: =SUM(O22:O23) -> 0 | P24: =SUM(E24:O24) -> 5
B25: 3. | C25: Jumlah pengguna hak pilih dalam Daftar Pemilih Khusus (DPK) | D25: LK | E25: 0 | F25: 0 | G25: 0 | H25: 1 | I25: 0 | J25: 1 | K25: 0 | L25: 0 | M25: 0 | N25: 0 | O25: 0 | P25: =SUM(E25:O25) -> 2
D26: PR | E26: 0 | F26: 0 | G26: 1 | H26: 0 | I26: 1 | J26: 1 | K26: 0 | L26: 0 | M26: 1 | N26: 2 | O26: 0 | P26: =SUM(E26:O26) -> 6
D27: JML | E27: =SUM(E25:E26) -> 0 | F27: =SUM(F25:F26) -> 0 | G27: =SUM(G25:G26) -> 1 | H27: =SUM(H25:H26) -> 1 | I27: =SUM(I25:I26) -> 1 | J27: =SUM(J25:J26) -> 2 | K27: =SUM(K25:K26) -> 0 | L27: =SUM(L25:L26) -> 0 | ... O27: =SUM(O25:O26) -> 0 | P27: =SUM(E27:O27) -> 8
B28: 4. | C28: Jumlah Pengguna Hak Pilih (B.1+B.2+B.3) | D28: LK | E28: =SUM(E19,E22,E25) -> 118 | F28: =SUM(F19,F22,F25) -> 76 | G28: =SUM(G19,G22,G25) -> 75 | H28: =SUM(H19,H22,H25) -> 87 | I28: =SUM(I19,I22,I25) -> 98 | J28: =SUM(J19,J22,J25) -> 116 | K28: =SUM(K19,K22,K25) -> 92 | L28: =SUM(L19,L22,L25) -> 101 | ... O28: =SUM(O19,O22,O25) -> 81 | P28: =SUM(E28:O28) -> 1028
D29: PR | E29: =SUM(E20,E23,E26) -> 112 | F29: =SUM(F20,F23,F26) -> 80 | G29: =SUM(G20,G23,G26) -> 90 | H29: =SUM(H20,H23,H26) -> 92 | I29: =SUM(I20,I23,I26) -> 100 | J29: =SUM(J20,J23,J26) -> 120 | K29: =SUM(K20,K23,K26) -> 103 | L29: =SUM(L20,L23,L26) -> 120 | ... O29: =SUM(O20,O23,O26) -> 104 | P29: =SUM(E29:O29) -> 1127
D30: JML | E30: =SUM(E28:E29) -> 230 | F30: =SUM(F28:F29) -> 156 | G30: =SUM(G28:G29) -> 165 | H30: =SUM(H28:H29) -> 179 | I30: =SUM(I28:I29) -> 198 | J30: =SUM(J28:J29) -> 236 | K30: =SUM(K28:K29) -> 195 | L30: =SUM(L28:L29) -> 221 | ... O30: =SUM(O28:O29) -> 185 | P30: =SUM(E30:O30) -> 2155
A32: II | B32: DATA PENGGUNAAN SURAT SUARA
A33: 1 | B33: Jumlah surat suara yang diterima, termasuk surat suara cadangan 2,5% dari DPT | E33: 280 | F33: 203 | G33: 216 | H33: 227 | I33: 252 | J33: 302 | K33: 251 | L33: 295 | M33: 279 | N33: 234 | O33: 230 | P33: =SUM(E33:O33) -> 2769
A34: 2 | B34: Jumlah surat suara yang digunakan | E34: 230 | F34: 156 | G34: 165 | H34: 179 | I34: 198 | J34: 236 | K34: 195 | L34: 221 | M34: 200 | N34: 190 | O34: 185 | P34: =SUM(E34:O34) -> 2155
A35: 3 | B35: Jumlah surat suara dikembalikan oleh pemilih (karena rusak atau keliru coblos) | E35: 1 | F35: 1 | G35: 0 | H35: 0 | I35: 0 | J35: 0 | K35: 0 | L35: 2 | M35: 0 | N35: 0 | O35: 0 | P35: =SUM(E35:O35) -> 4
A36: 4 | B36: Jumlah surat suara yang tidak digunakan/tidak terpakai, termasuk sisa surat suara cadangan | E36: =E33-(E34+E35) -> 49 | F36: =F33-(F34+F35) -> 46 | G36: =G33-(G34+G35) -> 51 | H36: =H33-(H34+H35) -> 48 | I36: =I33-(I34+I35) -> 54 | J36: =J33-(J34+J35) -> 66 | K36: =K33-(K34+K35) -> 56 | L36: =L33-(L34+L35) -> 72 | ... O36: =O33-(O34+O35) -> 45 | P36: =SUM(E36:O36) -> 610
A38: III | B38: DATA PEMILIH DISABILITAS
B39: Jumlah seluruh Pemilih disabilitas yang menggunakan hak pilih | D39: LK | E39: 0 | F39: 0 | G39: 0 | H39: 0 | I39: 1 | J39: 0 | K39: 0 | L39: 0 | M39: 0 | N39: 1 | O39: 1 | P39: =SUM(E39:O39) -> 3
D40: PR | E40: 1 | F40: 0 | G40: 0 | H40: 0 | I40: 0 | J40: 0 | K40: 0 | L40: 0 | M40: 0 | N40: 0 | O40: 1 | P40: =SUM(E40:O40) -> 2
D41: JML | E41: =SUM(E39:E40) -> 1 | F41: =SUM(F39:F40) -> 0 | G41: =SUM(G39:G40) -> 0 | H41: =SUM(H39:H40) -> 0 | I41: =SUM(I39:I40) -> 1 | J41: =SUM(J39:J40) -> 0 | K41: =SUM(K39:K40) -> 0 | L41: =SUM(L39:L40) -> 0 | ... O41: =SUM(O39:O40) -> 2 | P41: =SUM(E41:O41) -> 5
A43: IV | B43: DATA RINCIAN PEROLEHAN SUARA PASANGAN CALON BUPATI DAN WAKIL BUPATI
A44: NOMOR DAN NAMA CALON
B45: 1. | C45: AA. AHMAD NAWARDI | E45: 41 | F45: 13 | G45: 12 | H45: 17 | I45: 22 | J45: 16 | K45: 22 | L45: 19 | M45: 17 | N45: 21 | O45: 16 | P45: =SUM(E45:O45) -> 216
B46: 2. | C46: Ir. H. AA LA NYALLA MAHMUD MATTALITI, M.HP. | E46: 50 | F46: 42 | G46: 37 | H46: 47 | I46: 34 | J46: 46 | K46: 52 | L46: 54 | M46: 50 | N46: 90 | O46: 54 | P46: =SUM(E46:O46) -> 556
B47: 3. | C47: ABDUL QADIR AMIR HARTONO, S.E., S.H., M.H. | E47: 6 | F47: 13 | G47: 10 | H47: 15 | I47: 16 | J47: 19 | K47: 17 | L47: 13 | M47: 14 | N47: 10 | O47: 12 | P47: =SUM(E47:O47) -> 145
B48: 4. | C48: ADILLA AZIS, S.E. | E48: 21 | F48: 11 | G48: 15 | H48: 16 | I48: 19 | J48: 24 | K48: 15 | L48: 21 | M48: 16 | N48: 10 | O48: 16 | P48: =SUM(E48:O48) -> 184
B49: 5. | C49: Ir. H. AGUS RAHARDJO, MSc.M. | E49: 13 | F49: 7 | G49: 13 | H49: 9 | I49: 11 | J49: 12 | K49: 19 | L49: 15 | M49: 9 | N49: 7 | O49: 8 | P49: =SUM(E49:O49) -> 123
B50: 6. | C50: Drs. AYUB KHAN | E50: 11 | F50: 5 | G50: 18 | H50: 10 | I50: 15 | J50: 14 | K50: 9 | L50: 8 | M50: 7 | N50: 7 | O50: 11 | P50: =SUM(E50:O50) -> 115
B51: 7. | C51: BAMBANG HARIANTO | E51: 2 | F51: 2 | G51: 0 | H51: 1 | I51: 1 | J51: 1 | K51: 0 | L51: 1 | M51: 2 | N51: 0 | O51: 0 | P51: =SUM(E51:O51) -> 10
B52: 8. | C52: CATUR RUDI UTANTO, S.Sos. | E52: 1 | F52: 1 | G52: 0 | H52: 0 | I52: 1 | J52: 1 | K52: 0 | L52: 2 | M52: 3 | N52: 0 | O52: 0 | P52: =SUM(E52:O52) -> 9
B53: 9. | C53: DODDY DWI NUGROHO | E53: 1 | F53: 1 | G53: 0 | H53: 2 | I53: 0 | J53: 0 | K53: 0 | L53: 0 | M53: 2 | N53: 0 | O53: 7 | P53: =SUM(E53:O53) -> 13
B54: 10. | C54: KONDANG KUSUMANING AYU | E54: 10 | F54: 17 | G54: 16 | H54: 20 | I54: 15 | J54: 18 | K54: 11 | L54: 15 | M54: 24 | N54: 12 | O54: 10 | P54: =SUM(E54:O54) -> 168
B55: 11. | C55: KUNJUNG WAHYUDI | E55: 1 | F55: 2 | G55: 2 | H55: 0 | I55: 0 | J55: 3 | K55: 2 | L55: 0 | M55: 0 | N55: 0 | O55: 0 | P55: =SUM(E55:O55) -> 10
B56: 12. | C56: Dr. LIA ISTIFHAMA | E56: 18 | F56: 13 | G56: 15 | H56: 13 | I56: 24 | J56: 23 | K56: 20 | L56: 23 | M56: 20 | N56: 20 | O56: 25 | P56: =SUM(E56:O56) -> 214
B57: 13. | C57: MOHAMMAD TRIJANTO, S.H., M.M., M.H. | E57: 0 | F57: 4 | G57: 1 | H57: 1 | I57: 2 | J57: 0 | K57: 1 | L57: 4 | M57: 3 | N57: 0 | O57: 4 | P57: =SUM(E57:O57) -> 20
A59: V | B59: DATA SUARA SAH DAN TIDAK SAH
B60: A. | C60: JUMLAH SELURUH SUARA SAH | E60: =SUM(E45:E57) -> 175 | F60: =SUM(F45:F57) -> 131 | G60: =SUM(G45:G57) -> 139 | H60: =SUM(H45:H57) -> 151 | I60: =SUM(I45:I57) -> 160 | J60: =SUM(J45:J57) -> 177 | K60: =SUM(K45:K57) -> 168 | L60: =SUM(L45:L57) -> 175 | ... O60: =SUM(O45:O57) -> 163 | P60: =SUM(E60:O60) -> 1783
B61: B. | C61: JUMLAH SUARA TIDAK SAH | E61: 55 | F61: 25 | G61: 26 | H61: 28 | I61: 38 | J61: 59 | K61: 27 | L61: 46 | M61: 33 | N61: 13 | O61: 22 | P61: =SUM(E61:O61) -> 372
B62: C. | C62: JUMLAH SELURUH SUARA SAH DAN SUARA TIDAK SAH (V.A + V.B) | E62: =SUM(E60:E61) -> 230 | F62: =SUM(F60:F61) -> 156 | G62: =SUM(G60:G61) -> 165 | H62: =SUM(H60:H61) -> 179 | I62: =SUM(I60:I61) -> 198 | J62: =SUM(J60:J61) -> 236 | K62: =SUM(K60:K61) -> 195 | L62: =SUM(L60:L61) -> 221 | ... O62: =SUM(O60:O61) -> 185 | P62: =SUM(E62:O62) -> 2155

Sheet WATUKEBO
C2: Kecamatan | D2: BLIMBINGSARI
C3: Kabupaten | D3: BANYUWANGI
C4: Provinsi | D4: JAWA TIMUR
C9: Kelurahan | D9: WATUKEBO
A12: I | B12: DATA PEMILIH DAN PENGGUNAAN HAK PILIH | AK12: JUMLAH AKHIR
A13: A | B13: DATA PEMILIH | E13: TPS 001 | F13: TPS 002 | G13: TPS 003 | H13: TPS 004 | I13: TPS 005 | J13: TPS 006 | K13: TPS 007 | L13: TPS 008 | M13: TPS 009 | N13: TPS 010 | O13: TPS 011 | P13: TPS 012 | Q13: TPS 013 | R13: TPS 014 | S13: TPS 015 | T13: TPS 016 | U13: TPS 017 | V13: TPS 018 | W13: TPS 019 | X13: TPS 020 | Y13: TPS 021 | Z13: TPS 022 | AA13: TPS 023 | AB13: TPS 024 | AC13: TPS 025 | AD13: TPS 026 | AE13: TPS 027 | AF13: TPS 028 | AG13: TPS 029 | AH13: TPS 030 | AI13: TPS 031 | AJ13: TPS 032
B14: Jumlah Pemilih dalam Daftar Pemilih Tetap (DPT) | D14: LK | E14: 138 | F14: 123 | G14: 119 | H14: 144 | I14: 128 | J14: 138 | K14: 117 | L14: 143 | M14: 141 | N14: 141 | O14: 116 | P14: 135 | Q14: 122 | R14: 117 | S14: 136 | T14: 147 | U14: 112 | V14: 95 | W14: 116 | X14: 146 | Y14: 132 | Z14: 129 | AA14: 144 | AB14: 151 | AC14: 117 | AD14: 109 | AE14: 149 | AF14: 131 | AG14: 147 | AH14: 118 | AI14: 127 | AJ14: 108 | AK14: =SUM(E14:AJ14) -> 4136
D15: PR | E15: 139 | F15: 128 | G15: 134 | H15: 150 | I15: 132 | J15: 141 | K15: 132 | L15: 150 | M15: 151 | N15: 153 | O15: 117 | P15: 138 | Q15: 146 | R15: 148 | S15: 137 | T15: 143 | U15: 103 | V15: 90 | W15: 116 | X15: 141 | Y15: 134 | Z15: 138 | AA15: 144 | AB15: 137 | AC15: 112 | AD15: 136 | AE15: 140 | AF15: 130 | AG15: 149 | AH15: 128 | AI15: 124 | AJ15: 115 | AK15: =SUM(E15:AJ15) -> 4276
D16: JML | E16: =SUM(E14:E15) -> 277 | F16: =SUM(F14:F15) -> 251 | G16: =SUM(G14:G15) -> 253 | H16: =SUM(H14:H15) -> 294 | I16: =SUM(I14:I15) -> 260 | J16: =SUM(J14:J15) -> 279 | K16: =SUM(K14:K15) -> 249 | L16: =SUM(L14:L15) -> 293 | ... AJ16: =SUM(AJ14:AJ15) -> 223 | AK16: =SUM(E16:AJ16) -> 8412
A18: B | B18: PENGGUNA HAK PILIH
B19: 1. | C19: Jumlah pengguna hak pilih dalam Daftar Pemilih Tetap (DPT) | D19: LK | E19: 117 | F19: 103 | G19: 100 | H19: 113 | I19: 109 | J19: 112 | K19: 90 | L19: 101 | M19: 114 | N19: 110 | O19: 82 | P19: 100 | Q19: 84 | R19: 85 | S19: 101 | T19: 106 | U19: 81 | V19: 76 | W19: 85 | X19: 115 | Y19: 90 | Z19: 101 | AA19: 115 | AB19: 125 | AC19: 86 | AD19: 93 | AE19: 108 | AF19: 93 | AG19: 120 | AH19: 94 | AI19: 96 | AJ19: 90 | AK19: =SUM(E19:AJ19) -> 3195
D20: PR | E20: 111 | F20: 106 | G20: 110 | H20: 126 | I20: 115 | J20: 116 | K20: 107 | L20: 120 | M20: 129 | N20: 132 | O20: 95 | P20: 117 | Q20: 109 | R20: 129 | S20: 124 | T20: 115 | U20: 74 | V20: 65 | W20: 85 | X20: 108 | Y20: 99 | Z20: 111 | AA20: 104 | AB20: 115 | AC20: 89 | AD20: 118 | AE20: 118 | AF20: 113 | AG20: 128 | AH20: 112 | AI20: 110 | AJ20: 95 | AK20: =SUM(E20:AJ20) -> 3505
D21: JML | E21: =SUM(E19:E20) -> 228 | F21: =SUM(F19:F20) -> 209 | G21: =SUM(G19:G20) -> 210 | H21: =SUM(H19:H20) -> 239 | I21: =SUM(I19:I20) -> 224 | J21: =SUM(J19:J20) -> 228 | K21: =SUM(K19:K20) -> 197 | L21: =SUM(L19:L20) -> 221 | ... AJ21: =SUM(AJ19:AJ20) -> 185 | AK21: =SUM(E21:AJ21) -> 6700
B22: 2. | C22: Jumlah pengguna hak pilih dalam Daftar Pemilih Tambahan (DPTb) | D22: LK | E22: 0 | F22: 0 | G22: 0 | H22: 0 | I22: 0 | J22: 0 | K22: 0 | L22: 0 | M22: 0 | N22: 0 | O22: 0 | P22: 0 | Q22: 0 | R22: 0 | S22: 0 | T22: 0 | U22: 0 | V22: 0 | W22: 0 | X22: 0 | Y22: 0 | Z22: 0 | AA22: 0 | AB22: 0 | AC22: 0 | AD22: 0 | AE22: 0 | AF22: 0 | AG22: 0 | AH22: 0 | AI22: 0 | AJ22: 0 | AK22: =SUM(E22:AJ22) -> 0
D23: PR | E23: 0 | F23: 0 | G23: 0 | H23: 0 | I23: 1 | J23: 0 | K23: 0 | L23: 0 | M23: 0 | N23: 0 | O23: 0 | P23: 0 | Q23: 0 | R23: 0 | S23: 0 | T23: 0 | U23: 0 | V23: 0 | W23: 0 | X23: 0 | Y23: 0 | Z23: 0 | AA23: 0 | AB23: 0 | AC23: 0 | AD23: 0 | AE23: 0 | AF23: 0 | AG23: 0 | AH23: 0 | AI23: 0 | AJ23: 0 | AK23: =SUM(E23:AJ23) -> 1
D24: JML | E24: =SUM(E22:E23) -> 0 | F24: =SUM(F22:F23) -> 0 | G24: =SUM(G22:G23) -> 0 | H24: =SUM(H22:H23) -> 0 | I24: =SUM(I22:I23) -> 1 | J24: =SUM(J22:J23) -> 0 | K24: =SUM(K22:K23) -> 0 | L24: =SUM(L22:L23) -> 0 | ... AJ24: =SUM(AJ22:AJ23) -> 0 | AK24: =SUM(E24:AJ24) -> 1
B25: 3. | C25: Jumlah pengguna hak pilih dalam Daftar Pemilih Khusus (DPK) | D25: LK | E25: 0 | F25: 0 | G25: 0 | H25: 0 | I25: 0 | J25: 0 | K25: 3 | L25: 0 | M25: 0 | N25: 0 | O25: 0 | P25: 0 | Q25: 0 | R25: 0 | S25: 0 | T25: 0 | U25: 1 | V25: 0 | W25: 1 | X25: 2 | Y25: 1 | Z25: 2 | AA25: 0 | AB25: 0 | AC25: 1 | AD25: 0 | AE25: 1 | AF25: 1 | AG25: 1 | AH25: 1 | AI25: 0 | AJ25: 0 | AK25: =SUM(E25:AJ25) -> 15
D26: PR | E26: 0 | F26: 1 | G26: 0 | H26: 1 | I26: 0 | J26: 0 | K26: 0 | L26: 0 | M26: 0 | N26: 0 | O26: 1 | P26: 1 | Q26: 0 | R26: 0 | S26: 2 | T26: 1 | U26: 0 | V26: 0 | W26: 1 | X26: 7 | Y26: 2 | Z26: 4 | AA26: 0 | AB26: 0 | AC26: 2 | AD26: 0 | AE26: 2 | AF26: 0 | AG26: 1 | AH26: 0 | AI26: 0 | AJ26: 0 | AK26: =SUM(E26:AJ26) -> 26
D27: JML | E27: =SUM(E25:E26) -> 0 | F27: =SUM(F25:F26) -> 1 | G27: =SUM(G25:G26) -> 0 | H27: =SUM(H25:H26) -> 1 | I27: =SUM(I25:I26) -> 0 | J27: =SUM(J25:J26) -> 0 | K27: =SUM(K25:K26) -> 3 | L27: =SUM(L25:L26) -> 0 | ... AJ27: =SUM(AJ25:AJ26) -> 0 | AK27: =SUM(E27:AJ27) -> 41
B28: 4. | C28: Jumlah Pengguna Hak Pilih (B.1+B.2+B.3) | D28: LK | E28: =SUM(E19,E22,E25) -> 117 | F28: =SUM(F19,F22,F25) -> 103 | G28: =SUM(G19,G22,G25) -> 100 | H28: =SUM(H19,H22,H25) -> 113 | I28: =SUM(I19,I22,I25) -> 109 | J28: =SUM(J19,J22,J25) -> 112 | K28: =SUM(K19,K22,K25) -> 93 | L28: =SUM(L19,L22,L25) -> 101 | ... AJ28: =SUM(AJ19,AJ22,AJ25) -> 90 | AK28: =SUM(E28:AJ28) -> 3210
D29: PR | E29: =SUM(E20,E23,E26) -> 111 | F29: =SUM(F20,F23,F26) -> 107 | G29: =SUM(G20,G23,G26) -> 110 | H29: =SUM(H20,H23,H26) -> 127 | I29: =SUM(I20,I23,I26) -> 116 | J29: =SUM(J20,J23,J26) -> 116 | K29: =SUM(K20,K23,K26) -> 107 | L29: =SUM(L20,L23,L26) -> 120 | ... AJ29: =SUM(AJ20,AJ23,AJ26) -> 95 | AK29: =SUM(E29:AJ29) -> 3532
D30: JML | E30: =SUM(E28:E29) -> 228 | F30: =SUM(F28:F29) -> 210 | G30: =SUM(G28:G29) -> 210 | H30: =SUM(H28:H29) -> 240 | I30: =SUM(I28:I29) -> 225 | J30: =SUM(J28:J29) -> 228 | K30: =SUM(K28:K29) -> 200 | L30: =SUM(L28:L29) -> 221 | ... AJ30: =SUM(AJ28:AJ29) -> 185 | AK30: =SUM(E30:AJ30) -> 6742
A32: II | B32: DATA PENGGUNAAN SURAT SUARA
A33: 1 | B33: Jumlah surat suara yang diterima, termasuk surat suara cadangan 2,5% dari DPT | E33: 283 | F33: 257 | G33: 259 | H33: 300 | I33: 266 | J33: 285 | K33: 254 | L33: 299 | M33: 298 | N33: 300 | O33: 238 | P33: 279 | Q33: 275 | R33: 271 | S33: 279 | T33: 296 | U33: 220 | V33: 189 | W33: 237 | X33: 293 | Y33: 272 | Z33: 273 | AA33: 294 | AB33: 294 | AC33: 234 | AD33: 250 | AE33: 295 | AF33: 267 | AG33: 302 | AH33: 251 | AI33: 257 | AJ33: 228 | AK33: =SUM(E33:AJ33) -> 8595
A34: 2 | B34: Jumlah surat suara yang digunakan | E34: 228 | F34: 210 | G34: 210 | H34: 240 | I34: 225 | J34: 228 | K34: 200 | L34: 221 | M34: 243 | N34: 242 | O34: 178 | P34: 218 | Q34: 193 | R34: 214 | S34: 227 | T34: 222 | U34: 156 | V34: 141 | W34: 172 | X34: 232 | Y34: 192 | Z34: 218 | AA34: 219 | AB34: 240 | AC34: 178 | AD34: 211 | AE34: 229 | AF34: 207 | AG34: 250 | AH34: 207 | AI34: 206 | AJ34: 185 | AK34: =SUM(E34:AJ34) -> 6742
A35: 3 | B35: Jumlah surat suara dikembalikan oleh pemilih (karena rusak atau keliru coblos) | E35: 0 | F35: 0 | G35: 0 | H35: 0 | I35: 0 | J35: 0 | K35: 1 | L35: 0 | M35: 0 | N35: 0 | O35: 0 | P35: 0 | Q35: 0 | R35: 0 | S35: 0 | T35: 0 | U35: 0 | V35: 0 | W35: 0 | X35: 0 | Y35: 0 | Z35: 1 | AA35: 0 | AB35: 0 | AC35: 0 | AD35: 1 | AE35: 1 | AF35: 0 | AG35: 0 | AH35: 4 | AI35: 0 | AJ35: 0 | AK35: =SUM(E35:AJ35) -> 8
A36: 4 | B36: Jumlah surat suara yang tidak digunakan/tidak terpakai, termasuk sisa surat suara cadangan | E36: =E33-(E34+E35) -> 55 | F36: =F33-(F34+F35) -> 47 | G36: =G33-(G34+G35) -> 49 | H36: =H33-(H34+H35) -> 60 | I36: =I33-(I34+I35) -> 41 | J36: =J33-(J34+J35) -> 57 | K36: =K33-(K34+K35) -> 53 | L36: =L33-(L34+L35) -> 78 | ... AJ36: =AJ33-(AJ34+AJ35) -> 43 | AK36: =SUM(E36:AJ36) -> 1845
A38: III | B38: DATA PEMILIH DISABILITAS
B39: Jumlah seluruh Pemilih disabilitas yang menggunakan hak pilih | D39: LK | E39: 1 | F39: 0 | G39: 0 | H39: 0 | I39: 0 | J39: 0 | K39: 0 | L39: 0 | M39: 0 | N39: 0 | O39: 0 | P39: 0 | Q39: 0 | R39: 0 | S39: 1 | T39: 0 | U39: 2 | V39: 0 | W39: 0 | X39: 1 | Y39: 0 | Z39: 0 | AA39: 0 | AB39: 0 | AC39: 0 | AD39: 0 | AE39: 0 | AF39: 2 | AG39: 1 | AH39: 5 | AI39: 1 | AJ39: 0 | AK39: =SUM(E39:AJ39) -> 14
D40: PR | E40: 0 | F40: 0 | G40: 0 | H40: 0 | I40: 1 | J40: 0 | K40: 0 | L40: 0 | M40: 0 | N40: 0 | O40: 0 | P40: 0 | Q40: 0 | R40: 4 | S40: 0 | T40: 0 | U40: 0 | V40: 0 | W40: 0 | X40: 0 | Y40: 0 | Z40: 0 | AA40: 1 | AB40: 0 | AC40: 0 | AD40: 0 | AE40: 0 | AF40: 0 | AG40: 1 | AH40: 3 | AI40: 0 | AJ40: 0 | AK40: =SUM(E40:AJ40) -> 10
D41: JML | E41: =SUM(E39:E40) -> 1 | F41: =SUM(F39:F40) -> 0 | G41: =SUM(G39:G40) -> 0 | H41: =SUM(H39:H40) -> 0 | I41: =SUM(I39:I40) -> 1 | J41: =SUM(J39:J40) -> 0 | K41: =SUM(K39:K40) -> 0 | L41: =SUM(L39:L40) -> 0 | ... AJ41: =SUM(AJ39:AJ40) -> 0 | AK41: =SUM(E41:AJ41) -> 24
A43: IV | B43: DATA RINCIAN PEROLEHAN SUARA PASANGAN CALON BUPATI DAN WAKIL BUPATI
A44: NOMOR DAN NAMA CALON
B45: 1. | C45: AA. AHMAD NAWARDI | E45: 11 | F45: 22 | G45: 22 | H45: 19 | I45: 24 | J45: 19 | K45: 16 | L45: 30 | M45: 41 | N45: 23 | O45: 28 | P45: 13 | Q45: 17 | R45: 11 | S45: 15 | T45: 25 | U45: 23 | V45: 5 | W45: 1 | X45: 13 | Y45: 21 | Z45: 18 | AA45: 22 | AB45: 12 | AC45: 14 | AD45: 16 | AE45: 15 | AF45: 12 | AG45: 15 | AH45: 16 | AI45: 24 | AJ45: 14 | AK45: =SUM(E45:AJ45) -> 577
B46: 2. | C46: Ir. H. AA LA NYALLA MAHMUD MATTALITI, M.HP. | E46: 43 | F46: 34 | G46: 29 | H46: 27 | I46: 34 | J46: 30 | K46: 25 | L46: 35 | M46: 37 | N46: 55 | O46: 25 | P46: 33 | Q46: 21 | R46: 17 | S46: 38 | T46: 50 | U46: 24 | V46: 8 | W46: 8 | X46: 25 | Y46: 23 | Z46: 26 | AA46: 23 | AB46: 16 | AC46: 23 | AD46: 31 | AE46: 26 | AF46: 23 | AG46: 20 | AH46: 33 | AI46: 26 | AJ46: 22 | AK46: =SUM(E46:AJ46) -> 890
B47: 3. | C47: ABDUL QADIR AMIR HARTONO, S.E., S.H., M.H. | E47: 7 | F47: 8 | G47: 9 | H47: 6 | I47: 10 | J47: 9 | K47: 13 | L47: 11 | M47: 9 | N47: 12 | O47: 9 | P47: 21 | Q47: 9 | R47: 16 | S47: 9 | T47: 19 | U47: 17 | V47: 6 | W47: 7 | X47: 15 | Y47: 16 | Z47: 13 | AA47: 17 | AB47: 19 | AC47: 18 | AD47: 5 | AE47: 13 | AF47: 20 | AG47: 16 | AH47: 13 | AI47: 10 | AJ47: 15 | AK47: =SUM(E47:AJ47) -> 397
B48: 4. | C48: ADILLA AZIS, S.E. | E48: 17 | F48: 25 | G48: 24 | H48: 22 | I48: 24 | J48: 32 | K48: 37 | L48: 32 | M48: 25 | N48: 31 | O48: 18 | P48: 27 | Q48: 29 | R48: 23 | S48: 27 | T48: 36 | U48: 21 | V48: 8 | W48: 13 | X48: 43 | Y48: 27 | Z48: 32 | AA48: 39 | AB48: 35 | AC48: 20 | AD48: 28 | AE48: 36 | AF48: 28 | AG48: 49 | AH48: 40 | AI48: 34 | AJ48: 30 | AK48: =SUM(E48:AJ48) -> 912
B49: 5. | C49: Ir. H. AGUS RAHARDJO, MSc.M. | E49: 10 | F49: 15 | G49: 16 | H49: 77 | I49: 20 | J49: 21 | K49: 13 | L49: 13 | M49: 15 | N49: 19 | O49: 13 | P49: 15 | Q49: 9 | R49: 18 | S49: 4 | T49: 7 | U49: 8 | V49: 12 | W49: 6 | X49: 16 | Y49: 17 | Z49: 10 | AA49: 17 | AB49: 25 | AC49: 19 | AD49: 12 | AE49: 13 | AF49: 14 | AG49: 18 | AH49: 10 | AI49: 14 | AJ49: 16 | AK49: =SUM(E49:AJ49) -> 512
B50: 6. | C50: Drs. AYUB KHAN | E50: 23 | F50: 16 | G50: 20 | H50: 10 | I50: 18 | J50: 18 | K50: 19 | L50: 15 | M50: 10 | N50: 20 | O50: 11 | P50: 21 | Q50: 11 | R50: 14 | S50: 11 | T50: 13 | U50: 16 | V50: 0 | W50: 3 | X50: 8 | Y50: 8 | Z50: 13 | AA50: 18 | AB50: 15 | AC50: 14 | AD50: 7 | AE50: 14 | AF50: 5 | AG50: 13 | AH50: 13 | AI50: 12 | AJ50: 15 | AK50: =SUM(E50:AJ50) -> 424
B51: 7. | C51: BAMBANG HARIANTO | E51: 0 | F51: 1 | G51: 1 | H51: 2 | I51: 1 | J51: 9 | K51: 3 | L51: 0 | M51: 0 | N51: 1 | O51: 4 | P51: 2 | Q51: 2 | R51: 2 | S51: 1 | T51: 0 | U51: 3 | V51: 4 | W51: 6 | X51: 0 | Y51: 2 | Z51: 1 | AA51: 2 | AB51: 2 | AC51: 3 | AD51: 1 | AE51: 2 | AF51: 0 | AG51: 1 | AH51: 5 | AI51: 3 | AJ51: 2 | AK51: =SUM(E51:AJ51) -> 66
B52: 8. | C52: CATUR RUDI UTANTO, S.Sos. | E52: 0 | F52: 1 | G52: 1 | H52: 3 | I52: 0 | J52: 1 | K52: 3 | L52: 3 | M52: 2 | N52: 1 | O52: 4 | P52: 1 | Q52: 6 | R52: 7 | S52: 0 | T52: 0 | U52: 1 | V52: 52 | W52: 24 | X52: 4 | Y52: 4 | Z52: 4 | AA52: 0 | AB52: 4 | AC52: 2 | AD52: 6 | AE52: 4 | AF52: 3 | AG52: 3 | AH52: 4 | AI52: 3 | AJ52: 6 | AK52: =SUM(E52:AJ52) -> 157
B53: 9. | C53: DODDY DWI NUGROHO | E53: 0 | F53: 0 | G53: 1 | H53: 1 | I53: 0 | J53: 0 | K53: 0 | L53: 0 | M53: 0 | N53: 1 | O53: 0 | P53: 1 | Q53: 2 | R53: 1 | S53: 1 | T53: 2 | U53: 0 | V53: 0 | W53: 2 | X53: 2 | Y53: 2 | Z53: 1 | AA53: 0 | AB53: 0 | AC53: 0 | AD53: 1 | AE53: 1 | AF53: 0 | AG53: 1 | AH53: 2 | AI53: 0 | AJ53: 0 | AK53: =SUM(E53:AJ53) -> 22
B54: 10. | C54: KONDANG KUSUMANING AYU | E54: 17 | F54: 19 | G54: 17 | H54: 18 | I54: 19 | J54: 19 | K54: 21 | L54: 12 | M54: 21 | N54: 17 | O54: 14 | P54: 21 | Q54: 24 | R54: 24 | S54: 13 | T54: 15 | U54: 6 | V54: 4 | W54: 8 | X54: 28 | Y54: 14 | Z54: 15 | AA54: 14 | AB54: 16 | AC54: 21 | AD54: 23 | AE54: 20 | AF54: 23 | AG54: 22 | AH54: 20 | AI54: 13 | AJ54: 10 | AK54: =SUM(E54:AJ54) -> 548
B55: 11. | C55: KUNJUNG WAHYUDI | E55: 1 | F55: 1 | G55: 1 | H55: 0 | I55: 0 | J55: 1 | K55: 2 | L55: 2 | M55: 1 | N55: 0 | O55: 0 | P55: 1 | Q55: 1 | R55: 1 | S55: 0 | T55: 1 | U55: 0 | V55: 5 | W55: 14 | X55: 0 | Y55: 1 | Z55: 1 | AA55: 0 | AB55: 1 | AC55: 1 | AD55: 3 | AE55: 1 | AF55: 3 | AG55: 1 | AH55: 0 | AI55: 1 | AJ55: 0 | AK55: =SUM(E55:AJ55) -> 45
B56: 12. | C56: Dr. LIA ISTIFHAMA | E56: 12 | F56: 12 | G56: 19 | H56: 13 | I56: 18 | J56: 31 | K56: 13 | L56: 21 | M56: 29 | N56: 21 | O56: 15 | P56: 22 | Q56: 29 | R56: 15 | S56: 11 | T56: 23 | U56: 10 | V56: 2 | W56: 6 | X56: 32 | Y56: 15 | Z56: 21 | AA56: 24 | AB56: 28 | AC56: 16 | AD56: 22 | AE56: 14 | AF56: 20 | AG56: 34 | AH56: 34 | AI56: 22 | AJ56: 32 | AK56: =SUM(E56:AJ56) -> 636
B57: 13. | C57: MOHAMMAD TRIJANTO, S.H., M.M., M.H. | E57: 1 | F57: 1 | G57: 2 | H57: 0 | I57: 1 | J57: 1 | K57: 3 | L57: 1 | M57: 1 | N57: 5 | O57: 1 | P57: 3 | Q57: 0 | R57: 1 | S57: 2 | T57: 3 | U57: 0 | V57: 6 | W57: 2 | X57: 3 | Y57: 1 | Z57: 2 | AA57: 0 | AB57: 2 | AC57: 0 | AD57: 3 | AE57: 4 | AF57: 4 | AG57: 1 | AH57: 0 | AI57: 7 | AJ57: 2 | AK57: =SUM(E57:AJ57) -> 63
A59: V | B59: DATA SUARA SAH DAN TIDAK SAH
B60: A. | C60: JUMLAH SELURUH SUARA SAH | E60: =SUM(E45:E57) -> 142 | F60: =SUM(F45:F57) -> 155 | G60: =SUM(G45:G57) -> 162 | H60: =SUM(H45:H57) -> 198 | I60: =SUM(I45:I57) -> 169 | J60: =SUM(J45:J57) -> 191 | K60: =SUM(K45:K57) -> 168 | L60: =SUM(L45:L57) -> 175 | ... AJ60: =SUM(AJ45:AJ57) -> 164 | AK60: =SUM(E60:AJ60) -> 5249
B61: B. | C61: JUMLAH SUARA TIDAK SAH | E61: 86 | F61: 55 | G61: 48 | H61: 42 | I61: 56 | J61: 37 | K61: 32 | L61: 46 | M61: 52 | N61: 36 | O61: 36 | P61: 37 | Q61: 33 | R61: 64 | S61: 95 | T61: 28 | U61: 27 | V61: 29 | W61: 72 | X61: 43 | Y61: 41 | Z61: 61 | AA61: 43 | AB61: 65 | AC61: 27 | AD61: 53 | AE61: 66 | AF61: 52 | AG61: 56 | AH61: 17 | AI61: 37 | AJ61: 21 | AK61: =SUM(E61:AJ61) -> 1493
B62: C. | C62: JUMLAH SELURUH SUARA SAH DAN SUARA TIDAK SAH (V.A + V.B) | E62: =SUM(E60:E61) -> 228 | F62: =SUM(F60:F61) -> 210 | G62: =SUM(G60:G61) -> 210 | H62: =SUM(H60:H61) -> 240 | I62: =SUM(I60:I61) -> 225 | J62: =SUM(J60:J61) -> 228 | K62: =SUM(K60:K61) -> 200 | L62: =SUM(L60:L61) -> 221 | ... AJ62: =SUM(AJ60:AJ61) -> 185 | AK62: =SUM(E62:AJ62) -> 6742
