Workbook

Sheet DPD
C8: Kecamatan | D8: WONGSOREJO
C9: Kabupaten | D9: BANYUWANGI
C10: Provinsi | D10: JAWA TIMUR
A12: I | B12: DATA PEMILIH DAN PENGGUNAAN HAK PILIH | E12: JUMLAH AKHIR
A13: A | B13: DATA PEMILIH
B14: Jumlah Pemilih dalam Daftar Pemilih Tetap (DPT) | D14: LK | E14: =ALASBULUH!AG14+ALASREJO!U14+BAJULMATI!AD14+BANGSRING!W14+BENGKAK!Y14+BIMOREJO!R14+SIDODADI!U14+SIDOWANGI!P14+SUMBERANYAR!N14+SUMBERKENCONO!T14+WATUKEBO!Y14+WONGSOREJO!AM14 -> 29810
D15: PR | E15: =ALASBULUH!AG15+ALASREJO!U15+BAJULMATI!AD15+BANGSRING!W15+BENGKAK!Y15+BIMOREJO!R15+SIDODADI!U15+SIDOWANGI!P15+SUMBERANYAR!N15+SUMBERKENCONO!T15+WATUKEBO!Y15+WONGSOREJO!AM15 -> 30473
D16: JML | E16: =SUM(E14:E15) -> 60283
A18: B | B18: PENGGUNA HAK PILIH
B19: 1. | C19: Jumlah pengguna hak pilih dalam Daftar Pemilih Tetap (DPT) | D19: LK | E19: =ALASBULUH!AG19+ALASREJO!U19+BAJULMATI!AD19+BANGSRING!W19+BENGKAK!Y19+BIMOREJO!R19+SIDODADI!U19+SIDOWANGI!P19+SUMBERANYAR!N19+SUMBERKENCONO!T19+WATUKEBO!Y19+WONGSOREJO!AM19 -> 22279
D20: PR | E20: =ALASBULUH!AG20+ALASREJO!U20+BAJULMATI!AD20+BANGSRING!W20+BENGKAK!Y20+BIMOREJO!R20+SIDODADI!U20+SIDOWANGI!P20+SUMBERANYAR!N20+SUMBERKENCONO!T20+WATUKEBO!Y20+WONGSOREJO!AM20 -> 24259
D21: JML | E21: =SUM(E19:E20) -> 46538
B22: 2. | C22: Jumlah pengguna hak pilih dalam Daftar Pemilih Tambahan (DPTb) | D22: LK | E22: =ALASBULUH!AG22+ALASREJO!U22+BAJULMATI!AD22+BANGSRING!W22+BENGKAK!Y22+BIMOREJO!R22+SIDODADI!U22+SIDOWANGI!P22+SUMBERANYAR!N22+SUMBERKENCONO!T22+WATUKEBO!Y22+WONGSOREJO!AM22 -> 43
D23: PR | E23: =ALASBULUH!AG23+ALASREJO!U23+BAJULMATI!AD23+BANGSRING!W23+BENGKAK!Y23+BIMOREJO!R23+SIDODADI!U23+SIDOWANGI!P23+SUMBERANYAR!N23+SUMBERKENCONO!T23+WATUKEBO!Y23+WONGSOREJO!AM23 -> 31
D24: JML | E24: =SUM(E22:E23) -> 74
B25: 3. | C25: Jumlah pengguna hak pilih dalam Daftar Pemilih Khusus (DPK) | D25: LK | E25: =ALASBULUH!AG25+ALASREJO!U25+BAJULMATI!AD25+BANGSRING!W25+BENGKAK!Y25+BIMOREJO!R25+SIDODADI!U25+SIDOWANGI!P25+SUMBERANYAR!N25+SUMBERKENCONO!T25+WATUKEBO!Y25+WONGSOREJO!AM25 -> 162
D26: PR | E26: =ALASBULUH!AG26+ALASREJO!U26+BAJULMATI!AD26+BANGSRING!W26+BENGKAK!Y26+BIMOREJO!R26+SIDODADI!U26+SIDOWANGI!P26+SUMBERANYAR!N26+SUMBERKENCONO!T26+WATUKEBO!Y26+WONGSOREJO!AM26 -> 198
D27: JML | E27: =SUM(E25:E26) -> 360
B28: 4. | C28: Jumlah Pengguna Hak Pilih (B.1+B.2+B.3) | D28: LK | E28: =E19+E22+E25 -> 22484
D29: PR | E29: =E20+E23+E26 -> 24488
D30: JML | E30: =SUM(E28:E29) -> 46972
A32: II | B32: DATA PENGGUNAAN SURAT SUARA
A33: 1 | B33: Jumlah surat suara yang diterima, termasuk surat suara cadangan 2,5% dari DPT | E33: =ALASBULUH!AG33+ALASREJO!U33+BAJULMATI!AD33+BANGSRING!W33+BENGKAK!Y33+BIMOREJO!R33+SIDODADI!U33+SIDOWANGI!P33+SUMBERANYAR!N33+SUMBERKENCONO!T33+WATUKEBO!Y33+WONGSOREJO!AM33 -> 61525
A34: 2 | B34: Jumlah surat suara yang digunakan | E34: =ALASBULUH!AG34+ALASREJO!U34+BAJULMATI!AD34+BANGSRING!W34+BENGKAK!Y34+BIMOREJO!R34+SIDODADI!U34+SIDOWANGI!P34+SUMBERANYAR!N34+SUMBERKENCONO!T34+WATUKEBO!Y34+WONGSOREJO!AM34 -> 46972
A35: 3 | B35: Jumlah surat suara dikembalikan oleh pemilih (karena rusak atau keliru coblos) | E35: =ALASBULUH!AG35+ALASREJO!U35+BAJULMATI!AD35+BANGSRING!W35+BENGKAK!Y35+BIMOREJO!R35+SIDODADI!U35+SIDOWANGI!P35+SUMBERANYAR!N35+SUMBERKENCONO!T35+WATUKEBO!Y35+WONGSOREJO!AM35 -> 72
A36: 4 | B36: Jumlah surat suara yang tidak digunakan/tidak terpakai, termasuk sisa surat suara cadangan | E36: =E33-(E34+E35) -> 14481
A38: III | B38: DATA PEMILIH DISABILITAS
B39: Jumlah seluruh Pemilih disabilitas yang menggunakan hak pilih | D39: LK | E39: =ALASBULUH!AG39+ALASREJO!U39+BAJULMATI!AD39+BANGSRING!W39+BENGKAK!Y39+BIMOREJO!R39+SIDODADI!U39+SIDOWANGI!P39+SUMBERANYAR!N39+SUMBERKENCONO!T39+WATUKEBO!Y39+WONGSOREJO!AM39 -> 11
D40: PR | E40: =ALASBULUH!AG40+ALASREJO!U40+BAJULMATI!AD40+BANGSRING!W40+BENGKAK!Y40+BIMOREJO!R40+SIDODADI!U40+SIDOWANGI!P40+SUMBERANYAR!N40+SUMBERKENCONO!T40+WATUKEBO!Y40+WONGSOREJO!AM40 -> 27
D41: JML | E41: =SUM(E39:E40) -> 38
A43: IV | B43: DATA RINCIAN PEROLEHAN SUARA PASANGAN CALON BUPATI DAN WAKIL BUPATI
A44: NOMOR DAN NAMA CALON
B45: 1. | C45: AA. AHMAD NAWARDI | E45: =ALASBULUH!AG45+ALASREJO!U45+BAJULMATI!AD45+BANGSRING!W45+BENGKAK!Y45+BIMOREJO!R45+SIDODADI!U45+SIDOWANGI!P45+SUMBERANYAR!N45+SUMBERKENCONO!T45+WATUKEBO!Y45+WONGSOREJO!AM45 -> 4169
B46: 2. | C46: Ir. H. AA LA NYALLA MAHMUD MATTALITI, M.HP. | E46: =ALASBULUH!AG46+ALASREJO!U46+BAJULMATI!AD46+BANGSRING!W46+BENGKAK!Y46+BIMOREJO!R46+SIDODADI!U46+SIDOWANGI!P46+SUMBERANYAR!N46+SUMBERKENCONO!T46+WATUKEBO!Y46+WONGSOREJO!AM46 -> 8109
B47: 3. | C47: ABDUL QADIR AMIR HARTONO, S.E., S.H., M.H. | E47: =ALASBULUH!AG47+ALASREJO!U47+BAJULMATI!AD47+BANGSRING!W47+BENGKAK!Y47+BIMOREJO!R47+SIDODADI!U47+SIDOWANGI!P47+SUMBERANYAR!N47+SUMBERKENCONO!T47+WATUKEBO!Y47+WONGSOREJO!AM47 -> 3480
B48: 4. | C48: ADILLA AZIS, S.E. | E48: =ALASBULUH!AG48+ALASREJO!U48+BAJULMATI!AD48+BANGSRING!W48+BENGKAK!Y48+BIMOREJO!R48+SIDODADI!U48+SIDOWANGI!P48+SUMBERANYAR!N48+SUMBERKENCONO!T48+WATUKEBO!Y48+WONGSOREJO!AM48 -> 4593
B49: 5. | C49: Ir. H. AGUS RAHARDJO, MSc.M. | E49: =ALASBULUH!AG49+ALASREJO!U49+BAJULMATI!AD49+BANGSRING!W49+BENGKAK!Y49+BIMOREJO!R49+SIDODADI!U49+SIDOWANGI!P49+SUMBERANYAR!N49+SUMBERKENCONO!T49+WATUKEBO!Y49+WONGSOREJO!AM49 -> 2775
B50: 6. | C50: Drs. AYUB KHAN | E50: =ALASBULUH!AG50+ALASREJO!U50+BAJULMATI!AD50+BANGSRING!W50+BENGKAK!Y50+BIMOREJO!R50+SIDODADI!U50+SIDOWANGI!P50+SUMBERANYAR!N50+SUMBERKENCONO!T50+WATUKEBO!Y50+WONGSOREJO!AM50 -> 4783
B51: 7. | C51: BAMBANG HARIANTO | E51: =ALASBULUH!AG51+ALASREJO!U51+BAJULMATI!AD51+BANGSRING!W51+BENGKAK!Y51+BIMOREJO!R51+SIDODADI!U51+SIDOWANGI!P51+SUMBERANYAR!N51+SUMBERKENCONO!T51+WATUKEBO!Y51+WONGSOREJO!AM51 -> 452
B52: 8. | C52: CATUR RUDI UTANTO, S.Sos. | E52: =ALASBULUH!AG52+ALASREJO!U52+BAJULMATI!AD52+BANGSRING!W52+BENGKAK!Y52+BIMOREJO!R52+SIDODADI!U52+SIDOWANGI!P52+SUMBERANYAR!N52+SUMBERKENCONO!T52+WATUKEBO!Y52+WONGSOREJO!AM52 -> 514
B53: 9. | C53: DODDY DWI NUGROHO | E53: =ALASBULUH!AG53+ALASREJO!U53+BAJULMATI!AD53+BANGSRING!W53+BENGKAK!Y53+BIMOREJO!R53+SIDODADI!U53+SIDOWANGI!P53+SUMBERANYAR!N53+SUMBERKENCONO!T53+WATUKEBO!Y53+WONGSOREJO!AM53 -> 161
B54: 10. | C54: KONDANG KUSUMANING AYU | E54: =ALASBULUH!AG54+ALASREJO!U54+BAJULMATI!AD54+BANGSRING!W54+BENGKAK!Y54+BIMOREJO!R54+SIDODADI!U54+SIDOWANGI!P54+SUMBERANYAR!N54+SUMBERKENCONO!T54+WATUKEBO!Y54+WONGSOREJO!AM54 -> 5741
B55: 11. | C55: KUNJUNG WAHYUDI | E55: =ALASBULUH!AG55+ALASREJO!U55+BAJULMATI!AD55+BANGSRING!W55+BENGKAK!Y55+BIMOREJO!R55+SIDODADI!U55+SIDOWANGI!P55+SUMBERANYAR!N55+SUMBERKENCONO!T55+WATUKEBO!Y55+WONGSOREJO!AM55 -> 235
B56: 12. | C56: Dr. LIA ISTIFHAMA | E56: =ALASBULUH!AG56+ALASREJO!U56+BAJULMATI!AD56+BANGSRING!W56+BENGKAK!Y56+BIMOREJO!R56+SIDODADI!U56+SIDOWANGI!P56+SUMBERANYAR!N56+SUMBERKENCONO!T56+WATUKEBO!Y56+WONGSOREJO!AM56 -> 5766
B57: 13. | C57: MOHAMMAD TRIJANTO, S.H., M.M., M.H. | E57: =ALASBULUH!AG57+ALASREJO!U57+BAJULMATI!AD57+BANGSRING!W57+BENGKAK!Y57+BIMOREJO!R57+SIDODADI!U57+SIDOWANGI!P57+SUMBERANYAR!N57+SUMBERKENCONO!T57+WATUKEBO!Y57+WONGSOREJO!AM57 -> 347
A59: V | B59: DATA SUARA SAH DAN TIDAK SAH
B60: A. | C60: JUMLAH SELURUH SUARA SAH | E60: =ALASBULUH!AG60+ALASREJO!U60+BAJULMATI!AD60+BANGSRING!W60+BENGKAK!Y60+BIMOREJO!R60+SIDODADI!U60+SIDOWANGI!P60+SUMBERANYAR!N60+SUMBERKENCONO!T60+WATUKEBO!Y60+WONGSOREJO!AM60 -> 41125
B61: B. | C61: JUMLAH SUARA TIDAK SAH | E61: =ALASBULUH!AG61+ALASREJO!U61+BAJULMATI!AD61+BANGSRING!W61+BENGKAK!Y61+BIMOREJO!R61+SIDODADI!U61+SIDOWANGI!P61+SUMBERANYAR!N61+SUMBERKENCONO!T61+WATUKEBO!Y61+WONGSOREJO!AM61 -> 5847
B62: C. | C62: JUMLAH SELURUH SUARA SAH DAN SUARA TIDAK SAH (V.A + V.B) | E62: =SUM(E60:E61) -> 46972

Sheet BANGSRING
C2: Kecamatan | D2: WONGSOREJO
C3: Kabupaten | D3: BANYUWANGI
C4: Provinsi | D4: JAWA TIMUR
C9: Kelurahan | D9: BANGSRING
A12: I | B12: DATA PEMILIH DAN PENGGUNAAN HAK PILIH | W12: JUMLAH AKHIR
A13: A | B13: DATA PEMILIH | E13: TPS 001 | F13: TPS 002 | G13: TPS 003 | H13: TPS 004 | I13: TPS 005 | J13: TPS 006 | K13: TPS 007 | L13: TPS 008 | M13: TPS 009 | N13: TPS 010 | O13: TPS 011 | P13: TPS 012 | Q13: TPS 013 | R13: TPS 014 | S13: TPS 015 | T13: TPS 016 | U13: TPS 017 | V13: TPS 018
B14: Jumlah Pemilih dalam Daftar Pemilih Tetap (DPT) | D14: LK | E14: 142 | F14: 135 | G14: 133 | H14: 137 | I14: 142 | J14: 148 | K14: 143 | L14: 147 | M14: 143 | N14: 61 | O14: 150 | P14: 143 | Q14: 122 | R14: 136 | S14: 147 | T14: 115 | U14: 122 | V14: 126 | W14: =SUM(E14:V14) -> 2392
D15: PR | E15: 138 | F15: 131 | G15: 149 | H15: 140 | I15: 150 | J15: 149 | K15: 143 | L15: 151 | M15: 140 | N15: 64 | O15: 142 | P15: 149 | Q15: 134 | R15: 152 | S15: 146 | T15: 121 | U15: 131 | V15: 125 | W15: =SUM(E15:V15) -> 2455
D16: JML | E16: =SUM(E14:E15) -> 280 | F16: =SUM(F14:F15) -> 266 | G16: =SUM(G14:G15) -> 282 | H16: =SUM(H14:H15) -> 277 | I16: =SUM(I14:I15) -> 292 | J16: =SUM(J14:J15) -> 297 | K16: =SUM(K14:K15) -> 286 | L16: =SUM(L14:L15) -> 298 | ... V16: =SUM(V14:V15) -> 251 | W16: =SUM(E16:V16) -> 4847
A18: B | B18: PENGGUNA HAK PILIH
B19: 1. | C19: Jumlah pengguna hak pilih dalam Daftar Pemilih Tetap (DPT) | D19: LK | E19: 107 | F19: 95 | G19: 93 | H19: 91 | I19: 106 | J19: 111 | K19: 108 | L19: 107 | M19: 121 | N19: 50 | O19: 123 | P19: 121 | Q19: 95 | R19: 96 | S19: 113 | T19: 96 | U19: 98 | V19: 100 | W19: =SUM(E19:V19) -> 1831
D20: PR | E20: 112 | F20: 100 | G20: 132 | H20: 113 | I20: 120 | J20: 127 | K20: 119 | L20: 129 | M20: 118 | N20: 56 | O20: 113 | P20: 113 | Q20: 110 | R20: 116 | S20: 120 | T20: 88 | U20: 112 | V20: 106 | W20: =SUM(E20:V20) -> 2004
D21: JML | E21: =SUM(E19:E20) -> 219 | F21: =SUM(F19:F20) -> 195 | G21: =SUM(G19:G20) -> 225 | H21: =SUM(H19:H20) -> 204 | I21: =SUM(I19:I20) -> 226 | J21: =SUM(J19:J20) -> 238 | K21: =SUM(K19:K20) -> 227 | L21: =SUM(L19:L20) -> 236 | ... V21: =SUM(V19:V20) -> 206 | W21: =SUM(E21:V21) -> 3835
B22: 2. | C22: Jumlah pengguna hak pilih dalam Daftar Pemilih Tambahan (DPTb) | D22: LK | E22: 0 | F22: 0 | G22: 0 | H22: 0 | I22: 0 | J22: 0 | K22: 0 | L22: 0 | M22: 0 | N22: 0 | O22: 0 | P22: 0 | Q22: 0 | R22: 0 | S22: 0 | T22: 0 | U22: 0 | V22: 0 | W22: =SUM(E22:V22) -> 0
D23: PR | E23: 0 | F23: 0 | G23: 0 | H23: 0 | I23: 0 | J23: 0 | K23: 0 | L23: 0 | M23: 0 | N23: 0 | O23: 0 | P23: 0 | Q23: 0 | R23: 0 | S23: 3 | T23: 0 | U23: 0 | V23: 0 | W23: =SUM(E23:V23) -> 3
D24: JML | E24: =SUM(E22:E23) -> 0 | F24: =SUM(F22:F23) -> 0 | G24: =SUM(G22:G23) -> 0 | H24: =SUM(H22:H23) -> 0 | I24: =SUM(I22:I23) -> 0 | J24: =SUM(J22:J23) -> 0 | K24: =SUM(K22:K23) -> 0 | L24: =SUM(L22:L23) -> 0 | ... V24: =SUM(V22:V23) -> 0 | W24: =SUM(E24:V24) -> 3
B25: 3. | C25: Jumlah pengguna hak pilih dalam Daftar Pemilih Khusus (DPK) | D25: LK | E25: 3 | F25: 3 | G25: 0 | H25: 4 | I25: 2 | J25: 0 | K25: 3 | L25: 0 | M25: 0 | N25: 1 | O25: 0 | P25: 3 | Q25: 6 | R25: 0 | S25: 0 | T25: 1 | U25: 3 | V25: 0 | W25: =SUM(E25:V25) -> 29
D26: PR | E26: 5 | F26: 7 | G26: 1 | H26: 4 | I26: 0 | J26: 1 | K26: 3 | L26: 0 | M26: 1 | N26: 1 | O26: 0 | P26: 9 | Q26: 2 | R26: 1 | S26: 0 | T26: 2 | U26: 6 | V26: 0 | W26: =SUM(E26:V26) -> 43
D27: JML | E27: =SUM(E25:E26) -> 8 | F27: =SUM(F25:F26) -> 10 | G27: =SUM(G25:G26) -> 1 | H27: =SUM(H25:H26) -> 8 | I27: =SUM(I25:I26) -> 2 | J27: =SUM(J25:J26) -> 1 | K27: =SUM(K25:K26) -> 6 | L27: =SUM(L25:L26) -> 0 | ... V27: =SUM(V25:V26) -> 0 | W27: =SUM(E27:V27) -> 72
B28: 4. | C28: Jumlah Pengguna Hak Pilih (B.1+B.2+B.3) | D28: LK | E28: =SUM(E19,E22,E25) -> 110 | F28: =SUM(F19,F22,F25) -> 98 | G28: =SUM(G19,G22,G25) -> 93 | H28: =SUM(H19,H22,H25) -> 95 | I28: =SUM(I19,I22,I25) -> 108 | J28: =SUM(J19,J22,J25) -> 111 | K28: =SUM(K19,K22,K25) -> 111 | L28: =SUM(L19,L22,L25) -> 107 | ... V28: =SUM(V19,V22,V25) -> 100 | W28: =SUM(E28:V28) -> 1860
D29: PR | E29: =SUM(E20,E23,E26) -> 117 | F29: =SUM(F20,F23,F26) -> 107 | G29: =SUM(G20,G23,G26) -> 133 | H29: =SUM(H20,H23,H26) -> 117 | I29: =SUM(I20,I23,I26) -> 120 | J29: =SUM(J20,J23,J26) -> 128 | K29: =SUM(K20,K23,K26) -> 122 | L29: =SUM(L20,L23,L26) -> 129 | ... V29: =SUM(V20,V23,V26) -> 106 | W29: =SUM(E29:V29) -> 2050
D30: JML | E30: =SUM(E28:E29) -> 227 | F30: =SUM(F28:F29) -> 205 | G30: =SUM(G28:G29) -> 226 | H30: =SUM(H28:H29) -> 212 | I30: =SUM(I28:I29) -> 228 | J30: =SUM(J28:J29) -> 239 | K30: =SUM(K28:K29) -> 233 | L30: =SUM(L28:L29) -> 236 | ... V30: =SUM(V28:V29) -> 206 | W30: =SUM(E30:V30) -> 3910
A32: II | B32: DATA PENGGUNAAN SURAT SUARA
A33: 1 | B33: Jumlah surat suara yang diterima, termasuk surat suara cadangan 2,5% dari DPT | E33: 286 | F33: 272 | G33: 288 | H33: 280 | I33: 300 | J33: 303 | K33: 288 | L33: 304 | M33: 289 | N33: 128 | O33: 298 | P33: 298 | Q33: 262 | R33: 294 | S33: 299 | T33: 237 | U33: 263 | V33: 256 | W33: =SUM(E33:V33) -> 4945
A34: 2 | B34: Jumlah surat suara yang digunakan | E34: 227 | F34: 205 | G34: 226 | H34: 212 | I34: 228 | J34: 239 | K34: 233 | L34: 236 | M34: 240 | N34: 108 | O34: 236 | P34: 246 | Q34: 213 | R34: 213 | S34: 236 | T34: 187 | U34: 219 | V34: 206 | W34: =SUM(E34:V34) -> 3910
A35: 3 | B35: Jumlah surat suara dikembalikan oleh pemilih (karena rusak atau keliru coblos) | E35: 0 | F35: 0 | G35: 0 | H35: 0 | I35: 0 | J35: 0 | K35: 0 | L35: 0 | M35: 0 | N35: 0 | O35: 0 | P35: 0 | Q35: 0 | R35: 0 | S35: 0 | T35: 9 | U35: 0 | V35: 0 | W35: =SUM(E35:V35) -> 9
A36: 4 | B36: Jumlah surat suara yang tidak digunakan/tidak terpakai, termasuk sisa surat suara cadangan | E36: =E33-(E34+E35) -> 59 | F36: =F33-(F34+F35) -> 67 | G36: =G33-(G34+G35) -> 62 | H36: =H33-(H34+H35) -> 68 | I36: =I33-(I34+I35) -> 72 | J36: =J33-(J34+J35) -> 64 | K36: =K33-(K34+K35) -> 55 | L36: =L33-(L34+L35) -> 68 | ... V36: =V33-(V34+V35) -> 50 | W36: =SUM(E36:V36) -> 1026
A38: III | B38: DATA PEMILIH DISABILITAS
B39: Jumlah seluruh Pemilih disabilitas yang menggunakan hak pilih | D39: LK | E39: 0 | F39: 2 | G39: 1 | H39: 0 | I39: 0 | J39: 0 | K39: 0 | L39: 0 | M39: 0 | N39: 0 | O39: 0 | P39: 0 | Q39: 0 | R39: 0 | S39: 0 | T39: 0 | U39: 0 | V39: 0 | W39: =SUM(E39:V39) -> 3
D40: PR | E40: 0 | F40: 2 | G40: 0 | H40: 0 | I40: 0 | J40: 0 | K40: 0 | L40: 0 | M40: 0 | N40: 0 | O40: 0 | P40: 0 | Q40: 0 | R40: 2 | S40: 0 | T40: 0 | U40: 0 | V40: 0 | W40: =SUM(E40:V40) -> 4
D41: JML | E41: =SUM(E39:E40) -> 0 | F41: =SUM(F39:F40) -> 4 | G41: =SUM(G39:G40) -> 1 | H41: =SUM(H39:H40) -> 0 | I41: =SUM(I39:I40) -> 0 | J41: =SUM(J39:J40) -> 0 | K41: =SUM(K39:K40) -> 0 | L41: =SUM(L39:L40) -> 0 | ... V41: =SUM(V39:V40) -> 0 | W41: =SUM(E41:V41) -> 7
A43: IV | B43: DATA RINCIAN PEROLEHAN SUARA PASANGAN CALON BUPATI DAN WAKIL BUPATI
A44: NOMOR DAN NAMA CALON
B45: 1. | C45: AA. AHMAD NAWARDI | E45: 21 | F45: 25 | G45: 20 | H45: 22 | I45: 12 | J45: 21 | K45: 11 | L45: 17 | M45: 12 | N45: 5 | O45: 19 | P45: 26 | Q45: 11 | R45: 21 | S45: 24 | T45: 15 | U45: 20 | V45: 10 | W45: =SUM(E45:V45) -> 312
B46: 2. | C46: Ir. H. AA LA NYALLA MAHMUD MATTALITI, M.HP. | E46: 34 | F46: 33 | G46: 38 | H46: 36 | I46: 41 | J46: 35 | K46: 48 | L46: 43 | M46: 36 | N46: 11 | O46: 31 | P46: 36 | Q46: 41 | R46: 35 | S46: 41 | T46: 39 | U46: 29 | V46: 28 | W46: =SUM(E46:V46) -> 635
B47: 3. | C47: ABDUL QADIR AMIR HARTONO, S.E., S.H., M.H. | E47: 21 | F47: 26 | G47: 19 | H47: 15 | I47: 19 | J47: 26 | K47: 27 | L47: 11 | M47: 23 | N47: 7 | O47: 34 | P47: 33 | Q47: 23 | R47: 17 | S47: 26 | T47: 16 | U47: 22 | V47: 27 | W47: =SUM(E47:V47) -> 392
B48: 4. | C48: ADILLA AZIS, S.E. | E48: 12 | F48: 22 | G48: 21 | H48: 8 | I48: 21 | J48: 27 | K48: 23 | L48: 17 | M48: 22 | N48: 19 | O48: 18 | P48: 21 | Q48: 21 | R48: 25 | S48: 34 | T48: 15 | U48: 19 | V48: 17 | W48: =SUM(E48:V48) -> 362
B49: 5. | C49: Ir. H. AGUS RAHARDJO, MSc.M. | E49: 14 | F49: 10 | G49: 10 | H49: 12 | I49: 15 | J49: 12 | K49: 15 | L49: 23 | M49: 11 | N49: 12 | O49: 11 | P49: 6 | Q49: 9 | R49: 9 | S49: 15 | T49: 11 | U49: 10 | V49: 10 | W49: =SUM(E49:V49) -> 215
B50: 6. | C50: Drs. AYUB KHAN | E50: 47 | F50: 26 | G50: 30 | H50: 25 | I50: 16 | J50: 36 | K50: 15 | L50: 33 | M50: 24 | N50: 5 | O50: 31 | P50: 30 | Q50: 12 | R50: 21 | S50: 23 | T50: 21 | U50: 24 | V50: 15 | W50: =SUM(E50:V50) -> 434
B51: 7. | C51: BAMBANG HARIANTO | E51: 0 | F51: 4 | G51: 3 | H51: 1 | I51: 2 | J51: 0 | K51: 3 | L51: 1 | M51: 4 | N51: 6 | O51: 3 | P51: 3 | Q51: 1 | R51: 4 | S51: 0 | T51: 1 | U51: 2 | V51: 2 | W51: =SUM(E51:V51) -> 40
B52: 8. | C52: CATUR RUDI UTANTO, S.Sos. | E52: 1 | F52: 0 | G52: 2 | H52: 1 | I52: 1 | J52: 3 | K52: 1 | L52: 1 | M52: 0 | N52: 2 | O52: 1 | P52: 1 | Q52: 2 | R52: 7 | S52: 2 | T52: 2 | U52: 1 | V52: 3 | W52: =SUM(E52:V52) -> 31
B53: 9. | C53: DODDY DWI NUGROHO | E53: 0 | F53: 0 | G53: 1 | H53: 6 | I53: 1 | J53: 1 | K53: 0 | L53: 4 | M53: 2 | N53: 1 | O53: 0 | P53: 0 | Q53: 0 | R53: 0 | S53: 3 | T53: 1 | U53: 2 | V53: 3 | W53: =SUM(E53:V53) -> 25
B54: 10. | C54: KONDANG KUSUMANING AYU | E54: 28 | F54: 18 | G54: 22 | H54: 12 | I54: 28 | J54: 23 | K54: 26 | L54: 23 | M54: 22 | N54: 13 | O54: 13 | P54: 15 | Q54: 22 | R54: 16 | S54: 21 | T54: 18 | U54: 38 | V54: 33 | W54: =SUM(E54:V54) -> 391
B55: 11. | C55: KUNJUNG WAHYUDI | E55: 0 | F55: 3 | G55: 0 | H55: 1 | I55: 3 | J55: 1 | K55: 2 | L55: 1 | M55: 1 | N55: 3 | O55: 5 | P55: 1 | Q55: 0 | R55: 1 | S55: 0 | T55: 0 | U55: 1 | V55: 0 | W55: =SUM(E55:V55) -> 23
B56: 12. | C56: Dr. LIA ISTIFHAMA | E56: 26 | F56: 13 | G56: 20 | H56: 29 | I56: 31 | J56: 19 | K56: 40 | L56: 42 | M56: 33 | N56: 13 | O56: 19 | P56: 20 | Q56: 24 | R56: 13 | S56: 25 | T56: 31 | U56: 28 | V56: 42 | W56: =SUM(E56:V56) -> 468
B57: 13. | C57: MOHAMMAD TRIJANTO, S.H., M.M., M.H. | E57: 1 | F57: 1 | G57: 0 | H57: 2 | I57: 3 | J57: 0 | K57: 0 | L57: 3 | M57: 0 | N57: 0 | O57: 1 | P57: 3 | Q57: 4 | R57: 1 | S57: 0 | T57: 1 | U57: 1 | V57: 1 | W57: =SUM(E57:V57) -> 22
A59: V | B59: DATA SUARA SAH DAN TIDAK SAH
B60: A. | C60: JUMLAH SELURUH SUARA SAH | E60: =SUM(E45:E57) -> 205 | F60: =SUM(F45:F57) -> 181 | G60: =SUM(G45:G57) -> 186 | H60: =SUM(H45:H57) -> 170 | I60: =SUM(I45:I57) -> 193 | J60: =SUM(J45:J57) -> 204 | K60: =SUM(K45:K57) -> 211 | L60: =SUM(L45:L57) -> 219 | ... V60: =SUM(V45:V57) -> 191 | W60: =SUM(E60:V60) -> 3350
B61: B. | C61: JUMLAH SUARA TIDAK SAH | E61: 22 | F61: 24 | G61: 40 | H61: 42 | I61: 35 | J61: 35 | K61: 22 | L61: 17 | M61: 50 | N61: 11 | O61: 50 | P61: 51 | Q61: 43 | R61: 43 | S61: 22 | T61: 16 | U61: 22 | V61: 15 | W61: =SUM(E61:V61) -> 560
B62: C. | C62: JUMLAH SELURUH SUARA SAH DAN SUARA TIDAK SAH (V.A + V.B) | E62: =SUM(E60:E61) -> 227 | F62: =SUM(F60:F61) -> 205 | G62: =SUM(G60:G61) -> 226 | H62: =SUM(H60:H61) -> 212 | I62: =SUM(I60:I61) -> 228 | J62: =SUM(J60:J61) -> 239 | K62: =SUM(K60:K61) -> 233 | L62: =SUM(L60:L61) -> 236 | ... V62: =SUM(V60:V61) -> 206 | W62: =SUM(E62:V62) -> 3910

Sheet BENGKAK
C2: Kecamatan | D2: WONGSOREJO
C3: Kabupaten | D3: BANYUWANGI
C4: Provinsi | D4: JAWA TIMUR
C9: Kelurahan | D9: BENGKAK
A12: I | B12: DATA PEMILIH DAN PENGGUNAAN HAK PILIH | Y12: JUMLAH AKHIR
A13: A | B13: DATA PEMILIH | E13: TPS 001 | F13: TPS 002 | G13: TPS 003 | H13: TPS 004 | I13: TPS 005 | J13: TPS 006 | K13: TPS 007 | L13: TPS 008 | M13: TPS 009 | N13: TPS 010 | O13: TPS 011 | P13: TPS 012 | Q13: TPS 013 | R13: TPS 014 | S13: TPS 015 | T13: TPS 016 | U13: TPS 017 | V13: TPS 018 | W13: TPS 019 | X13: TPS 020
B14: Jumlah Pemilih dalam Daftar Pemilih Tetap (DPT) | D14: LK | E14: 121 | F14: 137 | G14: 150 | H14: 141 | I14: 129 | J14: 142 | K14: 142 | L14: 142 | M14: 132 | N14: 111 | O14: 121 | P14: 140 | Q14: 115 | R14: 135 | S14: 139 | T14: 110 | U14: 151 | V14: 139 | W14: 133 | X14: 132 | Y14: =SUM(E14:X14) -> 2662
D15: PR | E15: 114 | F15: 156 | G15: 148 | H15: 137 | I15: 143 | J15: 151 | K15: 148 | L15: 141 | M15: 135 | N15: 129 | O15: 129 | P15: 121 | Q15: 115 | R15: 147 | S15: 152 | T15: 132 | U15: 146 | V15: 149 | W15: 147 | X15: 144 | Y15: =SUM(E15:X15) -> 2784
D16: JML | E16: =SUM(E14:E15) -> 235 | F16: =SUM(F14:F15) -> 293 | G16: =SUM(G14:G15) -> 298 | H16: =SUM(H14:H15) -> 278 | I16: =SUM(I14:I15) -> 272 | J16: =SUM(J14:J15) -> 293 | K16: =SUM(K14:K15) -> 290 | L16: =SUM(L14:L15) -> 283 | ... X16: =SUM(X14:X15) -> 276 | Y16: =SUM(E16:X16) -> 5446
A18: B | B18: PENGGUNA HAK PILIH
B19: 1. | C19: Jumlah pengguna hak pilih dalam Daftar Pemilih Tetap (DPT) | D19: LK | E19: 98 | F19: 99 | G19: 122 | H19: 107 | I19: 94 | J19: 114 | K19: 107 | L19: 116 | M19: 97 | N19: 83 | O19: 89 | P19: 107 | Q19: 93 | R19: 96 | S19: 99 | T19: 75 | U19: 137 | V19: 107 | W19: 109 | X19: 101 | Y19: =SUM(E19:X19) -> 2050
D20: PR | E20: 102 | F20: 117 | G20: 109 | H20: 100 | I20: 110 | J20: 129 | K20: 123 | L20: 110 | M20: 112 | N20: 110 | O20: 116 | P20: 106 | Q20: 100 | R20: 118 | S20: 123 | T20: 94 | U20: 138 | V20: 124 | W20: 116 | X20: 114 | Y20: =SUM(E20:X20) -> 2271
D21: JML | E21: =SUM(E19:E20) -> 200 | F21: =SUM(F19:F20) -> 216 | G21: =SUM(G19:G20) -> 231 | H21: =SUM(H19:H20) -> 207 | I21: =SUM(I19:I20) -> 204 | J21: =SUM(J19:J20) -> 243 | K21: =SUM(K19:K20) -> 230 | L21: =SUM(L19:L20) -> 226 | ... X21: =SUM(X19:X20) -> 215 | Y21: =SUM(E21:X21) -> 4321
B22: 2. | C22: Jumlah pengguna hak pilih dalam Daftar Pemilih Tambahan (DPTb) | D22: LK | E22: 0 | F22: 0 | G22: 0 | H22: 0 | I22: 0 | J22: 0 | K22: 0 | L22: 0 | M22: 0 | N22: 0 | O22: 0 | P22: 0 | Q22: 0 | R22: 0 | S22: 0 | T22: 0 | U22: 0 | V22: 0 | W22: 0 | X22: 0 | Y22: =SUM(E22:X22) -> 0
D23: PR | E23: 0 | F23: 0 | G23: 0 | H23: 0 | I23: 0 | J23: 0 | K23: 0 | L23: 0 | M23: 0 | N23: 0 | O23: 0 | P23: 0 | Q23: 0 | R23: 0 | S23: 0 | T23: 0 | U23: 0 | V23: 0 | W23: 0 | X23: 0 | Y23: =SUM(E23:X23) -> 0
D24: JML | E24: =SUM(E22:E23) -> 0 | F24: =SUM(F22:F23) -> 0 | G24: =SUM(G22:G23) -> 0 | H24: =SUM(H22:H23) -> 0 | I24: =SUM(I22:I23) -> 0 | J24: =SUM(J22:J23) -> 0 | K24: =SUM(K22:K23) -> 0 | L24: =SUM(L22:L23) -> 0 | ... X24: =SUM(X22:X23) -> 0 | Y24: =SUM(E24:X24) -> 0
B25: 3. | C25: Jumlah pengguna hak pilih dalam Daftar Pemilih Khusus (DPK) | D25: LK | E25: 0 | F25: 0 | G25: 0 | H25: 0 | I25: 0 | J25: 0 | K25: 0 | L25: 0 | M25: 0 | N25: 0 | O25: 0 | P25: 0 | Q25: 0 | R25: 0 | S25: 0 | T25: 0 | U25: 1 | V25: 0 | W25: 0 | X25: 1 | Y25: =SUM(E25:X25) -> 2
D26: PR | E26: 0 | F26: 0 | G26: 0 | H26: 0 | I26: 0 | J26: 0 | K26: 0 | L26: 0 | M26: 0 | N26: 0 | O26: 0 | P26: 0 | Q26: 0 | R26: 0 | S26: 0 | T26: 0 | U26: 0 | V26: 0 | W26: 0 | X26: 1 | Y26: =SUM(E26:X26) -> 1
D27: JML | E27: =SUM(E25:E26) -> 0 | F27: =SUM(F25:F26) -> 0 | G27: =SUM(G25:G26) -> 0 | H27: =SUM(H25:H26) -> 0 | I27: =SUM(I25:I26) -> 0 | J27: =SUM(J25:J26) -> 0 | K27: =SUM(K25:K26) -> 0 | L27: =SUM(L25:L26) -> 0 | ... X27: =SUM(X25:X26) -> 2 | Y27: =SUM(E27:X27) -> 3
B28: 4. | C28: Jumlah Pengguna Hak Pilih (B.1+B.2+B.3) | D28: LK | E28: =SUM(E19,E22,E25) -> 98 | F28: =SUM(F19,F22,F25) -> 99 | G28: =SUM(G19,G22,G25) -> 122 | H28: =SUM(H19,H22,H25) -> 107 | I28: =SUM(I19,I22,I25) -> 94 | J28: =SUM(J19,J22,J25) -> 114 | K28: =SUM(K19,K22,K25) -> 107 | L28: =SUM(L19,L22,L25) -> 116 | ... X28: =SUM(X19,X22,X25) -> 102 | Y28: =SUM(E28:X28) -> 2052
D29: PR | E29: =SUM(E20,E23,E26) -> 102 | F29: =SUM(F20,F23,F26) -> 117 | G29: =SUM(G20,G23,G26) -> 109 | H29: =SUM(H20,H23,H26) -> 100 | I29: =SUM(I20,I23,I26) -> 110 | J29: =SUM(J20,J23,J26) -> 129 | K29: =SUM(K20,K23,K26) -> 123 | L29: =SUM(L20,L23,L26) -> 110 | ... X29: =SUM(X20,X23,X26) -> 115 | Y29: =SUM(E29:X29) -> 2272
D30: JML | E30: =SUM(E28:E29) -> 200 | F30: =SUM(F28:F29) -> 216 | G30: =SUM(G28:G29) -> 231 | H30: =SUM(H28:H29) -> 207 | I30: =SUM(I28:I29) -> 204 | J30: =SUM(J28:J29) -> 243 | K30: =SUM(K28:K29) -> 230 | L30: =SUM(L28:L29) -> 226 | ... X30: =SUM(X28:X29) -> 217 | Y30: =SUM(E30:X30) -> 4324
A32: II | B32: DATA PENGGUNAAN SURAT SUARA
A33: 1 | B33: Jumlah surat suara yang diterima, termasuk surat suara cadangan 2,5% dari DPT | E33: 240 | F33: 299 | G33: 304 | H33: 284 | I33: 277 | J33: 298 | K33: 296 | L33: 289 | M33: 273 | N33: 245 | O33: 255 | P33: 267 | Q33: 235 | R33: 287 | S33: 297 | T33: 247 | U33: 304 | V33: 294 | W33: 286 | X33: 283 | Y33: =SUM(E33:X33) -> 5560
A34: 2 | B34: Jumlah surat suara yang digunakan | E34: 200 | F34: 216 | G34: 231 | H34: 207 | I34: 204 | J34: 243 | K34: 230 | L34: 226 | M34: 209 | N34: 193 | O34: 205 | P34: 213 | Q34: 193 | R34: 214 | S34: 222 | T34: 169 | U34: 276 | V34: 231 | W34: 225 | X34: 217 | Y34: =SUM(E34:X34) -> 4324
A35: 3 | B35: Jumlah surat suara dikembalikan oleh pemilih (karena rusak atau keliru coblos) | E35: 0 | F35: 0 | G35: 0 | H35: 0 | I35: 0 | J35: 0 | K35: 0 | L35: 0 | M35: 0 | N35: 1 | O35: 0 | P35: 0 | Q35: 0 | R35: 0 | S35: 0 | T35: 0 | U35: 1 | V35: 0 | W35: 0 | X35: 0 | Y35: =SUM(E35:X35) -> 2
A36: 4 | B36: Jumlah surat suara yang tidak digunakan/tidak terpakai, termasuk sisa surat suara cadangan | E36: =E33-(E34+E35) -> 40 | F36: =F33-(F34+F35) -> 83 | G36: =G33-(G34+G35) -> 73 | H36: =H33-(H34+H35) -> 77 | I36: =I33-(I34+I35) -> 73 | J36: =J33-(J34+J35) -> 55 | K36: =K33-(K34+K35) -> 66 | L36: =L33-(L34+L35) -> 63 | ... X36: =X33-(X34+X35) -> 66 | Y36: =SUM(E36:X36) -> 1234
A38: III | B38: DATA PEMILIH DISABILITAS
B39: Jumlah seluruh Pemilih disabilitas yang menggunakan hak pilih | D39: LK | E39: 0 | F39: 0 | G39: 0 | H39: 0 | I39: 0 | J39: 0 | K39: 0 | L39: 0 | M39: 0 | N39: 0 | O39: 0 | P39: 0 | Q39: 0 | R39: 0 | S39: 0 | T39: 0 | U39: 0 | V39: 0 | W39: 0 | X39: 0 | Y39: =SUM(E39:X39) -> 0
D40: PR | E40: 0 | F40: 0 | G40: 0 | H40: 0 | I40: 0 | J40: 0 | K40: 0 | L40: 0 | M40: 0 | N40: 0 | O40: 1 | P40: 0 | Q40: 0 | R40: 0 | S40: 0 | T40: 0 | U40: 0 | V40: 0 | W40: 0 | X40: 0 | Y40: =SUM(E40:X40) -> 1
D41: JML | E41: =SUM(E39:E40) -> 0 | F41: =SUM(F39:F40) -> 0 | G41: =SUM(G39:G40) -> 0 | H41: =SUM(H39:H40) -> 0 | I41: =SUM(I39:I40) -> 0 | J41: =SUM(J39:J40) -> 0 | K41: =SUM(K39:K40) -> 0 | L41: =SUM(L39:L40) -> 0 | ... X41: =SUM(X39:X40) -> 0 | Y41: =SUM(E41:X41) -> 1
A43: IV | B43: DATA RINCIAN PEROLEHAN SUARA PASANGAN CALON BUPATI DAN WAKIL BUPATI
A44: NOMOR DAN NAMA CALON
B45: 1. | C45: AA. AHMAD NAWARDI | E45: 10 | F45: 22 | G45: 19 | H45: 6 | I45: 7 | J45: 14 | K45: 12 | L45: 17 | M45: 26 | N45: 19 | O45: 22 | P45: 12 | Q45: 14 | R45: 28 | S45: 16 | T45: 5 | U45: 21 | V45: 20 | W45: 18 | X45: 27 | Y45: =SUM(E45:X45) -> 335
B46: 2. | C46: Ir. H. AA LA NYALLA MAHMUD MATTALITI, M.HP. | E46: 51 | F46: 30 | G46: 52 | H46: 31 | I46: 30 | J46: 32 | K46: 27 | L46: 28 | M46: 38 | N46: 36 | O46: 29 | P46: 36 | Q46: 23 | R46: 44 | S46: 54 | T46: 32 | U46: 29 | V46: 23 | W46: 47 | X46: 50 | Y46: =SUM(E46:X46) -> 722
B47: 3. | C47: ABDUL QADIR AMIR HARTONO, S.E., S.H., M.H. | E47: 16 | F47: 17 | G47: 23 | H47: 22 | I47: 9 | J47: 20 | K47: 21 | L47: 16 | M47: 11 | N47: 19 | O47: 12 | P47: 19 | Q47: 20 | R47: 13 | S47: 9 | T47: 22 | U47: 22 | V47: 8 | W47: 11 | X47: 20 | Y47: =SUM(E47:X47) -> 330
B48: 4. | C48: ADILLA AZIS, S.E. | E48: 15 | F48: 23 | G48: 16 | H48: 20 | I48: 17 | J48: 34 | K48: 26 | L48: 35 | M48: 20 | N48: 13 | O48: 21 | P48: 19 | Q48: 10 | R48: 17 | S48: 15 | T48: 20 | U48: 22 | V48: 19 | W48: 21 | X48: 20 | Y48: =SUM(E48:X48) -> 403
B49: 5. | C49: Ir. H. AGUS RAHARDJO, MSc.M. | E49: 12 | F49: 14 | G49: 15 | H49: 12 | I49: 11 | J49: 17 | K49: 11 | L49: 11 | M49: 10 | N49: 11 | O49: 11 | P49: 19 | Q49: 19 | R49: 13 | S49: 18 | T49: 13 | U49: 24 | V49: 12 | W49: 17 | X49: 10 | Y49: =SUM(E49:X49) -> 280
B50: 6. | C50: Drs. AYUB KHAN | E50: 16 | F50: 16 | G50: 25 | H50: 24 | I50: 14 | J50: 14 | K50: 34 | L50: 13 | M50: 21 | N50: 22 | O50: 46 | P50: 28 | Q50: 19 | R50: 15 | S50: 20 | T50: 9 | U50: 31 | V50: 27 | W50: 13 | X50: 13 | Y50: =SUM(E50:X50) -> 420
B51: 7. | C51: BAMBANG HARIANTO | E51: 0 | F51: 4 | G51: 0 | H51: 1 | I51: 2 | J51: 2 | K51: 1 | L51: 2 | M51: 1 | N51: 0 | O51: 1 | P51: 1 | Q51: 0 | R51: 2 | S51: 2 | T51: 2 | U51: 5 | V51: 0 | W51: 3 | X51: 4 | Y51: =SUM(E51:X51) -> 33
B52: 8. | C52: CATUR RUDI UTANTO, S.Sos. | E52: 0 | F52: 3 | G52: 6 | H52: 2 | I52: 1 | J52: 4 | K52: 1 | L52: 0 | M52: 1 | N52: 2 | O52: 0 | P52: 1 | Q52: 1 | R52: 2 | S52: 4 | T52: 2 | U52: 3 | V52: 1 | W52: 4 | X52: 3 | Y52: =SUM(E52:X52) -> 41
B53: 9. | C53: DODDY DWI NUGROHO | E53: 1 | F53: 2 | G53: 0 | H53: 0 | I53: 1 | J53: 1 | K53: 3 | L53: 3 | M53: 1 | N53: 0 | O53: 0 | P53: 0 | Q53: 0 | R53: 0 | S53: 0 | T53: 0 | U53: 1 | V53: 1 | W53: 2 | X53: 0 | Y53: =SUM(E53:X53) -> 16
B54: 10. | C54: KONDANG KUSUMANING AYU | E54: 21 | F54: 30 | G54: 34 | H54: 42 | I54: 33 | J54: 36 | K54: 24 | L54: 35 | M54: 22 | N54: 32 | O54: 27 | P54: 23 | Q54: 28 | R54: 15 | S54: 26 | T54: 17 | U54: 30 | V54: 51 | W54: 22 | X54: 19 | Y54: =SUM(E54:X54) -> 567
B55: 11. | C55: KUNJUNG WAHYUDI | E55: 3 | F55: 0 | G55: 0 | H55: 2 | I55: 1 | J55: 1 | K55: 0 | L55: 2 | M55: 2 | N55: 0 | O55: 0 | P55: 3 | Q55: 1 | R55: 1 | S55: 0 | T55: 1 | U55: 1 | V55: 1 | W55: 1 | X55: 2 | Y55: =SUM(E55:X55) -> 22
B56: 12. | C56: Dr. LIA ISTIFHAMA | E56: 29 | F56: 23 | G56: 21 | H56: 26 | I56: 27 | J56: 39 | K56: 34 | L56: 41 | M56: 31 | N56: 17 | O56: 18 | P56: 28 | Q56: 24 | R56: 34 | S56: 22 | T56: 17 | U56: 23 | V56: 39 | W56: 22 | X56: 17 | Y56: =SUM(E56:X56) -> 532
B57: 13. | C57: MOHAMMAD TRIJANTO, S.H., M.M., M.H. | E57: 1 | F57: 0 | G57: 1 | H57: 2 | I57: 0 | J57: 0 | K57: 0 | L57: 2 | M57: 3 | N57: 1 | O57: 1 | P57: 1 | Q57: 2 | R57: 1 | S57: 3 | T57: 0 | U57: 1 | V57: 0 | W57: 1 | X57: 1 | Y57: =SUM(E57:X57) -> 21
A59: V | B59: DATA SUARA SAH DAN TIDAK SAH
B60: A. | C60: JUMLAH SELURUH SUARA SAH | E60: =SUM(E45:E57) -> 175 | F60: =SUM(F45:F57) -> 184 | G60: =SUM(G45:G57) -> 212 | H60: =SUM(H45:H57) -> 190 | I60: =SUM(I45:I57) -> 153 | J60: =SUM(J45:J57) -> 214 | K60: =SUM(K45:K57) -> 194 | L60: =SUM(L45:L57) -> 205 | ... X60: =SUM(X45:X57) -> 186 | Y60: =SUM(E60:X60) -> 3722
B61: B. | C61: JUMLAH SUARA TIDAK SAH | E61: 25 | F61: 32 | G61: 19 | H61: 17 | I61: 51 | J61: 29 | K61: 36 | L61: 21 | M61: 22 | N61: 21 | O61: 17 | P61: 23 | Q61: 32 | R61: 29 | S61: 33 | T61: 29 | U61: 63 | V61: 29 | W61: 43 | X61: 31 | Y61: =SUM(E61:X61) -> 602
B62: C. | C62: JUMLAH SELURUH SUARA SAH DAN SUARA TIDAK SAH (V.A + V.B) | E62: =SUM(E60:E61) -> 200 | F62: =SUM(F60:F61) -> 216 | G62: =SUM(G60:G61) -> 231 | H62: =SUM(H60:H61) -> 207 | I62: =SUM(I60:I61) -> 204 | J62: =SUM(J60:J61) -> 243 | K62: =SUM(K60:K61) -> 230 | L62: =SUM(L60:L61) -> 226 | ... X62: =SUM(X60:X61) -> 217 | Y62: =SUM(E62:X62) -> 4324

Sheet ALASBULUH
C2: Kecamatan | D2: WONGSOREJO
C3: Kabupaten | D3: BANYUWANGI
C4: Provinsi | D4: JAWA TIMUR
C9: Kelurahan | D9: ALASBULUH
A12: I | B12: DATA PEMILIH DAN PENGGUNAAN HAK PILIH | AG12: JUMLAH AKHIR
A13: A | B13: DATA PEMILIH | E13: TPS 001 | F13: TPS 002 | G13: TPS 003 | H13: TPS 004 | I13: TPS 005 | J13: TPS 006 | K13: TPS 007 | L13: TPS 008 | M13: TPS 009 | N13: TPS 010 | O13: TPS 011 | P13: TPS 012 | Q13: TPS 013 | R13: TPS 014 | S13: TPS 015 | T13: TPS 016 | U13: TPS 017 | V13: TPS 018 | W13: TPS 019 | X13: TPS 020 | Y13: TPS 021 | Z13: TPS 022 | AA13: TPS 023 | AB13: TPS 024 | AC13: TPS 025 | AD13: TPS 026 | AE13: TPS 027 | AF13: TPS 028
B14: Jumlah Pemilih dalam Daftar Pemilih Tetap (DPT) | D14: LK | E14: 152 | F14: 132 | G14: 152 | H14: 172 | I14: 136 | J14: 167 | K14: 143 | L14: 151 | M14: 160 | N14: 142 | O14: 147 | P14: 140 | Q14: 116 | R14: 134 | S14: 135 | T14: 154 | U14: 129 | V14: 155 | W14: 147 | X14: 147 | Y14: 128 | Z14: 123 | AA14: 151 | AB14: 115 | AC14: 135 | AD14: 141 | AE14: 118 | AF14: 124 | AG14: =SUM(E14:AF14) -> 3946
D15: PR | E15: 145 | F15: 168 | G15: 145 | H15: 127 | I15: 163 | J15: 130 | K15: 156 | L15: 148 | M15: 139 | N15: 157 | O15: 139 | P15: 154 | Q15: 126 | R15: 151 | S15: 145 | T15: 143 | U15: 133 | V15: 142 | W15: 152 | X15: 153 | Y15: 141 | Z15: 120 | AA15: 149 | AB15: 100 | AC15: 145 | AD15: 137 | AE15: 120 | AF15: 141 | AG15: =SUM(E15:AF15) -> 3969
D16: JML | E16: =SUM(E14:E15) -> 297 | F16: =SUM(F14:F15) -> 300 | G16: =SUM(G14:G15) -> 297 | H16: =SUM(H14:H15) -> 299 | I16: =SUM(I14:I15) -> 299 | J16: =SUM(J14:J15) -> 297 | K16: =SUM(K14:K15) -> 299 | L16: =SUM(L14:L15) -> 299 | ... AF16: =SUM(AF14:AF15) -> 265 | AG16: =SUM(E16:AF16) -> 7915
A18: B | B18: PENGGUNA HAK PILIH
B19: 1. | C19: Jumlah pengguna hak pilih dalam Daftar Pemilih Tetap (DPT) | D19: LK | E19: 109 | F19: 86 | G19: 113 | H19: 126 | I19: 83 | J19: 116 | K19: 93 | L19: 97 | M19: 125 | N19: 109 | O19: 111 | P19: 118 | Q19: 85 | R19: 101 | S19: 97 | T19: 98 | U19: 99 | V19: 104 | W19: 93 | X19: 124 | Y19: 104 | Z19: 89 | AA19: 101 | AB19: 92 | AC19: 113 | AD19: 104 | AE19: 101 | AF19: 85 | AG19: =SUM(E19:AF19) -> 2876
D20: PR | E20: 106 | F20: 120 | G20: 99 | H20: 104 | I20: 137 | J20: 101 | K20: 110 | L20: 127 | M20: 122 | N20: 137 | O20: 109 | P20: 126 | Q20: 94 | R20: 115 | S20: 101 | T20: 92 | U20: 98 | V20: 98 | W20: 117 | X20: 124 | Y20: 110 | Z20: 92 | AA20: 115 | AB20: 87 | AC20: 120 | AD20: 122 | AE20: 97 | AF20: 102 | AG20: =SUM(E20:AF20) -> 3082
D21: JML | E21: =SUM(E19:E20) -> 215 | F21: =SUM(F19:F20) -> 206 | G21: =SUM(G19:G20) -> 212 | H21: =SUM(H19:H20) -> 230 | I21: =SUM(I19:I20) -> 220 | J21: =SUM(J19:J20) -> 217 | K21: =SUM(K19:K20) -> 203 | L21: =SUM(L19:L20) -> 224 | ... AF21: =SUM(AF19:AF20) -> 187 | AG21: =SUM(E21:AF21) -> 5958
B22: 2. | C22: Jumlah pengguna hak pilih dalam Daftar Pemilih Tambahan (DPTb) | D22: LK | E22: 0 | F22: 1 | G22: 0 | H22: 0 | I22: 0 | J22: 0 | K22: 1 | L22: 0 | M22: 0 | N22: 0 | O22: 0 | P22: 0 | Q22: 0 | R22: 0 | S22: 0 | T22: 0 | U22: 0 | V22: 0 | W22: 0 | X22: 0 | Y22: 0 | Z22: 0 | AA22: 0 | AB22: 0 | AC22: 0 | AD22: 0 | AE22: 1 | AF22: 0 | AG22: =SUM(E22:AF22) -> 3
D23: PR | E23: 0 | F23: 1 | G23: 0 | H23: 0 | I23: 0 | J23: 0 | K23: 0 | L23: 0 | M23: 0 | N23: 0 | O23: 0 | P23: 0 | Q23: 0 | R23: 0 | S23: 0 | T23: 0 | U23: 0 | V23: 0 | W23: 0 | X23: 0 | Y23: 0 | Z23: 0 | AA23: 0 | AB23: 0 | AC23: 0 | AD23: 0 | AE23: 0 | AF23: 0 | AG23: =SUM(E23:AF23) -> 1
D24: JML | E24: =SUM(E22:E23) -> 0 | F24: =SUM(F22:F23) -> 2 | G24: =SUM(G22:G23) -> 0 | H24: =SUM(H22:H23) -> 0 | I24: =SUM(I22:I23) -> 0 | J24: =SUM(J22:J23) -> 0 | K24: =SUM(K22:K23) -> 1 | L24: =SUM(L22:L23) -> 0 | ... AF24: =SUM(AF22:AF23) -> 0 | AG24: =SUM(E24:AF24) -> 4
B25: 3. | C25: Jumlah pengguna hak pilih dalam Daftar Pemilih Khusus (DPK) | D25: LK | E25: 0 | F25: 0 | G25: 0 | H25: 0 | I25: 0 | J25: 0 | K25: 0 | L25: 0 | M25: 0 | N25: 0 | O25: 0 | P25: 0 | Q25: 1 | R25: 0 | S25: 0 | T25: 0 | U25: 0 | V25: 0 | W25: 0 | X25: 0 | Y25: 6 | Z25: 0 | AA25: 0 | AB25: 0 | AC25: 0 | AD25: 0 | AE25: 0 | AF25: 8 | AG25: =SUM(E25:AF25) -> 15
D26: PR | E26: 0 | F26: 0 | G26: 0 | H26: 0 | I26: 0 | J26: 0 | K26: 0 | L26: 0 | M26: 0 | N26: 0 | O26: 0 | P26: 0 | Q26: 2 | R26: 0 | S26: 0 | T26: 0 | U26: 0 | V26: 0 | W26: 0 | X26: 0 | Y26: 10 | Z26: 0 | AA26: 0 | AB26: 0 | AC26: 0 | AD26: 0 | AE26: 0 | AF26: 6 | AG26: =SUM(E26:AF26) -> 18
D27: JML | E27: =SUM(E25:E26) -> 0 | F27: =SUM(F25:F26) -> 0 | G27: =SUM(G25:G26) -> 0 | H27: =SUM(H25:H26) -> 0 | I27: =SUM(I25:I26) -> 0 | J27: =SUM(J25:J26) -> 0 | K27: =SUM(K25:K26) -> 0 | L27: =SUM(L25:L26) -> 0 | ... AF27: =SUM(AF25:AF26) -> 14 | AG27: =SUM(E27:AF27) -> 33
B28: 4. | C28: Jumlah Pengguna Hak Pilih (B.1+B.2+B.3) | D28: LK | E28: =SUM(E19,E22,E25) -> 109 | F28: =SUM(F19,F22,F25) -> 87 | G28: =SUM(G19,G22,G25) -> 113 | H28: =SUM(H19,H22,H25) -> 126 | I28: =SUM(I19,I22,I25) -> 83 | J28: =SUM(J19,J22,J25) -> 116 | K28: =SUM(K19,K22,K25) -> 94 | L28: =SUM(L19,L22,L25) -> 97 | ... AF28: =SUM(AF19,AF22,AF25) -> 93 | AG28: =SUM(E28:AF28) -> 2894
D29: PR | E29: =SUM(E20,E23,E26) -> 106 | F29: =SUM(F20,F23,F26) -> 121 | G29: =SUM(G20,G23,G26) -> 99 | H29: =SUM(H20,H23,H26) -> 104 | I29: =SUM(I20,I23,I26) -> 137 | J29: =SUM(J20,J23,J26) -> 101 | K29: =SUM(K20,K23,K26) -> 110 | L29: =SUM(L20,L23,L26) -> 127 | ... AF29: =SUM(AF20,AF23,AF26) -> 108 | AG29: =SUM(E29:AF29) -> 3101
D30: JML | E30: =SUM(E28:E29) -> 215 | F30: =SUM(F28:F29) -> 208 | G30: =SUM(G28:G29) -> 212 | H30: =SUM(H28:H29) -> 230 | I30: =SUM(I28:I29) -> 220 | J30: =SUM(J28:J29) -> 217 | K30: =SUM(K28:K29) -> 204 | L30: =SUM(L28:L29) -> 224 | ... AF30: =SUM(AF28:AF29) -> 201 | AG30: =SUM(E30:AF30) -> 5995
A32: II | B32: DATA PENGGUNAAN SURAT SUARA
A33: 1 | B33: Jumlah surat suara yang diterima, termasuk surat suara cadangan 2,5% dari DPT | E33: 303 | F33: 306 | G33: 304 | H33: 305 | I33: 305 | J33: 303 | K33: 305 | L33: 305 | M33: 305 | N33: 305 | O33: 292 | P33: 300 | Q33: 247 | R33: 291 | S33: 286 | T33: 303 | U33: 268 | V33: 303 | W33: 305 | X33: 306 | Y33: 275 | Z33: 248 | AA33: 306 | AB33: 220 | AC33: 286 | AD33: 281 | AE33: 243 | AF33: 271 | AG33: =SUM(E33:AF33) -> 8077
A34: 2 | B34: Jumlah surat suara yang digunakan | E34: 215 | F34: 208 | G34: 212 | H34: 230 | I34: 220 | J34: 217 | K34: 204 | L34: 224 | M34: 247 | N34: 246 | O34: 220 | P34: 244 | Q34: 182 | R34: 216 | S34: 198 | T34: 190 | U34: 197 | V34: 202 | W34: 210 | X34: 248 | Y34: 230 | Z34: 181 | AA34: 216 | AB34: 179 | AC34: 233 | AD34: 226 | AE34: 199 | AF34: 201 | AG34: =SUM(E34:AF34) -> 5995
A35: 3 | B35: Jumlah surat suara dikembalikan oleh pemilih (karena rusak atau keliru coblos) | E35: 1 | F35: 0 | G35: 0 | H35: 0 | I35: 0 | J35: 1 | K35: 3 | L35: 0 | M35: 0 | N35: 0 | O35: 0 | P35: 0 | Q35: 0 | R35: 0 | S35: 0 | T35: 0 | U35: 0 | V35: 0 | W35: 0 | X35: 0 | Y35: 0 | Z35: 0 | AA35: 0 | AB35: 0 | AC35: 21 | AD35: 0 | AE35: 0 | AF35: 0 | AG35: =SUM(E35:AF35) -> 26
A36: 4 | B36: Jumlah surat suara yang tidak digunakan/tidak terpakai, termasuk sisa surat suara cadangan | E36: =E33-(E34+E35) -> 87 | F36: =F33-(F34+F35) -> 98 | G36: =G33-(G34+G35) -> 92 | H36: =H33-(H34+H35) -> 75 | I36: =I33-(I34+I35) -> 85 | J36: =J33-(J34+J35) -> 85 | K36: =K33-(K34+K35) -> 98 | L36: =L33-(L34+L35) -> 81 | ... AF36: =AF33-(AF34+AF35) -> 70 | AG36: =SUM(E36:AF36) -> 2056
A38: III | B38: DATA PEMILIH DISABILITAS
B39: Jumlah seluruh Pemilih disabilitas yang menggunakan hak pilih | D39: LK | E39: 0 | F39: 0 | G39: 0 | H39: 0 | I39: 0 | J39: 0 | K39: 0 | L39: 0 | M39: 0 | N39: 0 | O39: 0 | P39: 0 | Q39: 0 | R39: 0 | S39: 0 | T39: 0 | U39: 0 | V39: 0 | W39: 0 | X39: 0 | Y39: 0 | Z39: 0 | AA39: 0 | AB39: 0 | AC39: 0 | AD39: 0 | AE39: 0 | AF39: 0 | AG39: =SUM(E39:AF39) -> 0
D40: PR | E40: 0 | F40: 0 | G40: 0 | H40: 0 | I40: 0 | J40: 0 | K40: 0 | L40: 0 | M40: 0 | N40: 0 | O40: 0 | P40: 0 | Q40: 0 | R40: 0 | S40: 0 | T40: 0 | U40: 0 | V40: 0 | W40: 0 | X40: 0 | Y40: 0 | Z40: 0 | AA40: 2 | AB40: 0 | AC40: 0 | AD40: 0 | AE40: 0 | AF40: 0 | AG40: =SUM(E40:AF40) -> 2
D41: JML | E41: =SUM(E39:E40) -> 0 | F41: =SUM(F39:F40) -> 0 | G41: =SUM(G39:G40) -> 0 | H41: =SUM(H39:H40) -> 0 | I41: =SUM(I39:I40) -> 0 | J41: =SUM(J39:J40) -> 0 | K41: =SUM(K39:K40) -> 0 | L41: =SUM(L39:L40) -> 0 | ... AF41: =SUM(AF39:AF40) -> 0 | AG41: =SUM(E41:AF41) -> 2
A43: IV | B43: DATA RINCIAN PEROLEHAN SUARA PASANGAN CALON BUPATI DAN WAKIL BUPATI
A44: NOMOR DAN NAMA CALON
B45: 1. | C45: AA. AHMAD NAWARDI | E45: 33 | F45: 11 | G45: 14 | H45: 23 | I45: 22 | J45: 20 | K45: 26 | L45: 48 | M45: 40 | N45: 19 | O45: 12 | P45: 38 | Q45: 44 | R45: 28 | S45: 18 | T45: 16 | U45: 19 | V45: 33 | W45: 30 | X45: 23 | Y45: 18 | Z45: 28 | AA45: 17 | AB45: 15 | AC45: 28 | AD45: 24 | AE45: 24 | AF45: 25 | AG45: =SUM(E45:AF45) -> 696
B46: 2. | C46: Ir. H. AA LA NYALLA MAHMUD MATTALITI, M.HP. | E46: 41 | F46: 60 | G46: 44 | H46: 47 | I46: 41 | J46: 35 | K46: 32 | L46: 33 | M46: 63 | N46: 33 | O46: 37 | P46: 35 | Q46: 29 | R46: 47 | S46: 30 | T46: 27 | U46: 41 | V46: 25 | W46: 41 | X46: 36 | Y46: 52 | Z46: 38 | AA46: 37 | AB46: 20 | AC46: 41 | AD46: 33 | AE46: 44 | AF46: 37 | AG46: =SUM(E46:AF46) -> 1079
B47: 3. | C47: ABDUL QADIR AMIR HARTONO, S.E., S.H., M.H. | E47: 21 | F47: 21 | G47: 26 | H47: 22 | I47: 28 | J47: 21 | K47: 22 | L47: 23 | M47: 23 | N47: 22 | O47: 27 | P47: 26 | Q47: 17 | R47: 10 | S47: 8 | T47: 29 | U47: 32 | V47: 18 | W47: 17 | X47: 23 | Y47: 13 | Z47: 16 | AA47: 16 | AB47: 13 | AC47: 10 | AD47: 23 | AE47: 16 | AF47: 17 | AG47: =SUM(E47:AF47) -> 560
B48: 4. | C48: ADILLA AZIS, S.E. | E48: 23 | F48: 26 | G48: 19 | H48: 29 | I48: 24 | J48: 31 | K48: 13 | L48: 17 | M48: 17 | N48: 25 | O48: 21 | P48: 17 | Q48: 12 | R48: 24 | S48: 17 | T48: 16 | U48: 19 | V48: 17 | W48: 16 | X48: 26 | Y48: 22 | Z48: 13 | AA48: 12 | AB48: 10 | AC48: 13 | AD48: 27 | AE48: 19 | AF48: 20 | AG48: =SUM(E48:AF48) -> 545
B49: 5. | C49: Ir. H. AGUS RAHARDJO, MSc.M. | E49: 9 | F49: 11 | G49: 14 | H49: 20 | I49: 13 | J49: 18 | K49: 12 | L49: 14 | M49: 19 | N49: 15 | O49: 13 | P49: 28 | Q49: 6 | R49: 12 | S49: 4 | T49: 11 | U49: 11 | V49: 13 | W49: 7 | X49: 15 | Y49: 16 | Z49: 17 | AA49: 12 | AB49: 13 | AC49: 18 | AD49: 19 | AE49: 15 | AF49: 18 | AG49: =SUM(E49:AF49) -> 393
B50: 6. | C50: Drs. AYUB KHAN | E50: 22 | F50: 14 | G50: 16 | H50: 14 | I50: 28 | J50: 33 | K50: 44 | L50: 38 | M50: 20 | N50: 18 | O50: 36 | P50: 26 | Q50: 13 | R50: 12 | S50: 23 | T50: 32 | U50: 19 | V50: 29 | W50: 26 | X50: 24 | Y50: 20 | Z50: 10 | AA50: 30 | AB50: 21 | AC50: 55 | AD50: 31 | AE50: 26 | AF50: 16 | AG50: =SUM(E50:AF50) -> 696
B51: 7. | C51: BAMBANG HARIANTO | E51: 5 | F51: 2 | G51: 3 | H51: 3 | I51: 3 | J51: 3 | K51: 1 | L51: 2 | M51: 3 | N51: 1 | O51: 1 | P51: 3 | Q51: 1 | R51: 0 | S51: 2 | T51: 0 | U51: 1 | V51: 4 | W51: 0 | X51: 4 | Y51: 2 | Z51: 2 | AA51: 1 | AB51: 6 | AC51: 3 | AD51: 2 | AE51: 1 | AF51: 0 | AG51: =SUM(E51:AF51) -> 59
B52: 8. | C52: CATUR RUDI UTANTO, S.Sos. | E52: 4 | F52: 2 | G52: 4 | H52: 6 | I52: 5 | J52: 0 | K52: 3 | L52: 1 | M52: 1 | N52: 1 | O52: 1 | P52: 0 | Q52: 8 | R52: 1 | S52: 1 | T52: 8 | U52: 1 | V52: 1 | W52: 3 | X52: 3 | Y52: 3 | Z52: 0 | AA52: 3 | AB52: 2 | AC52: 1 | AD52: 1 | AE52: 5 | AF52: 3 | AG52: =SUM(E52:AF52) -> 72
B53: 9. | C53: DODDY DWI NUGROHO | E53: 0 | F53: 2 | G53: 1 | H53: 0 | I53: 0 | J53: 1 | K53: 0 | L53: 0 | M53: 0 | N53: 1 | O53: 0 | P53: 1 | Q53: 1 | R53: 2 | S53: 1 | T53: 0 | U53: 0 | V53: 1 | W53: 0 | X53: 1 | Y53: 3 | Z53: 0 | AA53: 1 | AB53: 1 | AC53: 1 | AD53: 0 | AE53: 2 | AF53: 2 | AG53: =SUM(E53:AF53) -> 22
B54: 10. | C54: KONDANG KUSUMANING AYU | E54: 13 | F54: 15 | G54: 17 | H54: 18 | I54: 16 | J54: 13 | K54: 12 | L54: 13 | M54: 23 | N54: 34 | O54: 24 | P54: 22 | Q54: 17 | R54: 30 | S54: 35 | T54: 27 | U54: 18 | V54: 11 | W54: 29 | X54: 28 | Y54: 19 | Z54: 12 | AA54: 21 | AB54: 26 | AC54: 21 | AD54: 24 | AE54: 12 | AF54: 22 | AG54: =SUM(E54:AF54) -> 572
B55: 11. | C55: KUNJUNG WAHYUDI | E55: 0 | F55: 0 | G55: 3 | H55: 1 | I55: 2 | J55: 0 | K55: 0 | L55: 0 | M55: 0 | N55: 0 | O55: 0 | P55: 1 | Q55: 1 | R55: 0 | S55: 0 | T55: 0 | U55: 1 | V55: 0 | W55: 1 | X55: 0 | Y55: 2 | Z55: 1 | AA55: 1 | AB55: 3 | AC55: 3 | AD55: 0 | AE55: 3 | AF55: 0 | AG55: =SUM(E55:AF55) -> 23
B56: 12. | C56: Dr. LIA ISTIFHAMA | E56: 21 | F56: 24 | G56: 13 | H56: 22 | I56: 22 | J56: 18 | K56: 17 | L56: 7 | M56: 25 | N56: 48 | O56: 16 | P56: 21 | Q56: 12 | R56: 22 | S56: 31 | T56: 11 | U56: 14 | V56: 17 | W56: 17 | X56: 25 | Y56: 40 | Z56: 28 | AA56: 43 | AB56: 34 | AC56: 18 | AD56: 27 | AE56: 23 | AF56: 14 | AG56: =SUM(E56:AF56) -> 630
B57: 13. | C57: MOHAMMAD TRIJANTO, S.H., M.M., M.H. | E57: 2 | F57: 5 | G57: 1 | H57: 2 | I57: 3 | J57: 1 | K57: 0 | L57: 0 | M57: 0 | N57: 2 | O57: 3 | P57: 1 | Q57: 1 | R57: 1 | S57: 4 | T57: 0 | U57: 0 | V57: 1 | W57: 4 | X57: 2 | Y57: 1 | Z57: 1 | AA57: 1 | AB57: 1 | AC57: 1 | AD57: 3 | AE57: 1 | AF57: 1 | AG57: =SUM(E57:AF57) -> 43
A59: V | B59: DATA SUARA SAH DAN TIDAK SAH
B60: A. | C60: JUMLAH SELURUH SUARA SAH | E60: =SUM(E45:E57) -> 194 | F60: =SUM(F45:F57) -> 193 | G60: =SUM(G45:G57) -> 175 | H60: =SUM(H45:H57) -> 207 | I60: =SUM(I45:I57) -> 207 | J60: =SUM(J45:J57) -> 194 | K60: =SUM(K45:K57) -> 182 | L60: =SUM(L45:L57) -> 196 | ... AF60: =SUM(AF45:AF57) -> 175 | AG60: =SUM(E60:AF60) -> 5390
B61: B. | C61: JUMLAH SUARA TIDAK SAH | E61: 21 | F61: 15 | G61: 37 | H61: 23 | I61: 13 | J61: 23 | K61: 22 | L61: 28 | M61: 13 | N61: 27 | O61: 29 | P61: 25 | Q61: 20 | R61: 27 | S61: 24 | T61: 13 | U61: 21 | V61: 32 | W61: 19 | X61: 38 | Y61: 19 | Z61: 15 | AA61: 21 | AB61: 14 | AC61: 20 | AD61: 12 | AE61: 8 | AF61: 26 | AG61: =SUM(E61:AF61) -> 605
B62: C. | C62: JUMLAH SELURUH SUARA SAH DAN SUARA TIDAK SAH (V.A + V.B) | E62: =SUM(E60:E61) -> 215 | F62: =SUM(F60:F61) -> 208 | G62: =SUM(G60:G61) -> 212 | H62: =SUM(H60:H61) -> 230 | I62: =SUM(I60:I61) -> 220 | J62: =SUM(J60:J61) -> 217 | K62: =SUM(K60:K61) -> 204 | L62: =SUM(L60:L61) -> 224 | ... AF62: =SUM(AF60:AF61) -> 201 | AG62: =SUM(E62:AF62) -> 5995

Sheet WONGSOREJO
C2: Kecamatan | D2: WONGSOREJO
C3: Kabupaten | D3: BANYUWANGI
C4: Provinsi | D4: JAWA TIMUR
C9: Kelurahan | D9: WONGSOREJO
A12: I | B12: DATA PEMILIH DAN PENGGUNAAN HAK PILIH | AM12: JUMLAH AKHIR
A13: A | B13: DATA PEMILIH | E13: TPS 001 | F13: TPS 002 | G13: TPS 003 | H13: TPS 004 | I13: TPS 005 | J13: TPS 006 | K13: TPS 007 | L13: TPS 008 | M13: TPS 009 | N13: TPS 010 | O13: TPS 011 | P13: TPS 012 | Q13: TPS 013 | R13: TPS 014 | S13: TPS 015 | T13: TPS 016 | U13: TPS 017 | V13: TPS 018 | W13: TPS 019 | X13: TPS 020 | Y13: TPS 021 | Z13: TPS 022 | AA13: TPS 023 | AB13: TPS 024 | AC13: TPS 025 | AD13: TPS 026 | AE13: TPS 027 | AF13: TPS 028 | AG13: TPS 029 | AH13: TPS 030 | AI13: TPS 031 | AJ13: TPS 032 | AK13: TPS 033 | AL13: TPS 034
B14: Jumlah Pemilih dalam Daftar Pemilih Tetap (DPT) | D14: LK | E14: 119 | F14: 124 | G14: 138 | H14: 131 | I14: 132 | J14: 132 | K14: 122 | L14: 113 | M14: 135 | N14: 124 | O14: 121 | P14: 123 | Q14: 132 | R14: 132 | S14: 144 | T14: 130 | U14: 123 | V14: 132 | W14: 120 | X14: 125 | Y14: 90 | Z14: 116 | AA14: 127 | AB14: 120 | AC14: 118 | AD14: 139 | AE14: 119 | AF14: 114 | AG14: 137 | AH14: 116 | AI14: 141 | AJ14: 117 | AK14: 101 | AL14: 106 | AM14: =SUM(E14:AL14) -> 4213
D15: PR | E15: 124 | F15: 149 | G15: 136 | H15: 131 | I15: 132 | J15: 139 | K15: 148 | L15: 115 | M15: 134 | N15: 119 | O15: 130 | P15: 131 | Q15: 138 | R15: 128 | S15: 142 | T15: 134 | U15: 125 | V15: 146 | W15: 131 | X15: 124 | Y15: 107 | Z15: 146 | AA15: 142 | AB15: 138 | AC15: 130 | AD15: 138 | AE15: 122 | AF15: 115 | AG15: 138 | AH15: 110 | AI15: 135 | AJ15: 115 | AK15: 111 | AL15: 101 | AM15: =SUM(E15:AL15) -> 4404
D16: JML | E16: =SUM(E14:E15) -> 243 | F16: =SUM(F14:F15) -> 273 | G16: =SUM(G14:G15) -> 274 | H16: =SUM(H14:H15) -> 262 | I16: =SUM(I14:I15) -> 264 | J16: =SUM(J14:J15) -> 271 | K16: =SUM(K14:K15) -> 270 | L16: =SUM(L14:L15) -> 228 | ... AL16: =SUM(AL14:AL15) -> 207 | AM16: =SUM(E16:AL16) -> 8617
A18: B | B18: PENGGUNA HAK PILIH
B19: 1. | C19: Jumlah pengguna hak pilih dalam Daftar Pemilih Tetap (DPT) | D19: LK | E19: 82 | F19: 86 | G19: 111 | H19: 92 | I19: 98 | J19: 93 | K19: 94 | L19: 90 | M19: 94 | N19: 97 | O19: 90 | P19: 97 | Q19: 109 | R19: 97 | S19: 118 | T19: 100 | U19: 89 | V19: 105 | W19: 81 | X19: 88 | Y19: 58 | Z19: 85 | AA19: 99 | AB19: 105 | AC19: 88 | AD19: 100 | AE19: 83 | AF19: 89 | AG19: 96 | AH19: 81 | AI19: 92 | AJ19: 103 | AK19: 74 | AL19: 79 | AM19: =SUM(E19:AL19) -> 3143
D20: PR | E20: 93 | F20: 102 | G20: 111 | H20: 123 | I20: 112 | J20: 118 | K20: 117 | L20: 96 | M20: 107 | N20: 100 | O20: 102 | P20: 102 | Q20: 118 | R20: 106 | S20: 121 | T20: 106 | U20: 93 | V20: 116 | W20: 94 | X20: 91 | Y20: 79 | Z20: 109 | AA20: 105 | AB20: 118 | AC20: 99 | AD20: 113 | AE20: 84 | AF20: 87 | AG20: 109 | AH20: 76 | AI20: 80 | AJ20: 100 | AK20: 83 | AL20: 73 | AM20: =SUM(E20:AL20) -> 3443
D21: JML | E21: =SUM(E19:E20) -> 175 | F21: =SUM(F19:F20) -> 188 | G21: =SUM(G19:G20) -> 222 | H21: =SUM(H19:H20) -> 215 | I21: =SUM(I19:I20) -> 210 | J21: =SUM(J19:J20) -> 211 | K21: =SUM(K19:K20) -> 211 | L21: =SUM(L19:L20) -> 186 | ... AL21: =SUM(AL19:AL20) -> 152 | AM21: =SUM(E21:AL21) -> 6586
B22: 2. | C22: Jumlah pengguna hak pilih dalam Daftar Pemilih Tambahan (DPTb) | D22: LK | E22: 0 | F22: 0 | G22: 0 | H22: 0 | I22: 0 | J22: 0 | K22: 0 | L22: 0 | M22: 0 | N22: 0 | O22: 0 | P22: 1 | Q22: 0 | R22: 0 | S22: 0 | T22: 0 | U22: 0 | V22: 0 | W22: 0 | X22: 0 | Y22: 0 | Z22: 0 | AA22: 0 | AB22: 0 | AC22: 0 | AD22: 0 | AE22: 1 | AF22: 1 | AG22: 4 | AH22: 3 | AI22: 0 | AJ22: 1 | AK22: 4 | AL22: 0 | AM22: =SUM(E22:AL22) -> 15
D23: PR | E23: 0 | F23: 0 | G23: 0 | H23: 0 | I23: 0 | J23: 0 | K23: 0 | L23: 0 | M23: 0 | N23: 1 | O23: 0 | P23: 1 | Q23: 0 | R23: 0 | S23: 0 | T23: 0 | U23: 0 | V23: 0 | W23: 0 | X23: 0 | Y23: 0 | Z23: 1 | AA23: 1 | AB23: 0 | AC23: 1 | AD23: 1 | AE23: 2 | AF23: 0 | AG23: 0 | AH23: 2 | AI23: 0 | AJ23: 0 | AK23: 1 | AL23: 0 | AM23: =SUM(E23:AL23) -> 11
D24: JML | E24: =SUM(E22:E23) -> 0 | F24: =SUM(F22:F23) -> 0 | G24: =SUM(G22:G23) -> 0 | H24: =SUM(H22:H23) -> 0 | I24: =SUM(I22:I23) -> 0 | J24: =SUM(J22:J23) -> 0 | K24: =SUM(K22:K23) -> 0 | L24: =SUM(L22:L23) -> 0 | ... AL24: =SUM(AL22:AL23) -> 0 | AM24: =SUM(E24:AL24) -> 26
B25: 3. | C25: Jumlah pengguna hak pilih dalam Daftar Pemilih Khusus (DPK) | D25: LK | E25: 1 | F25: 2 | G25: 0 | H25: 5 | I25: 0 | J25: 0 | K25: 0 | L25: 0 | M25: 0 | N25: 0 | O25: 0 | P25: 2 | Q25: 0 | R25: 0 | S25: 0 | T25: 0 | U25: 0 | V25: 1 | W25: 0 | X25: 1 | Y25: 0 | Z25: 1 | AA25: 1 | AB25: 2 | AC25: 3 | AD25: 1 | AE25: 0 | AF25: 0 | AG25: 1 | AH25: 0 | AI25: 4 | AJ25: 1 | AK25: 0 | AL25: 0 | AM25: =SUM(E25:AL25) -> 26
D26: PR | E26: 2 | F26: 1 | G26: 0 | H26: 4 | I26: 0 | J26: 3 | K26: 0 | L26: 0 | M26: 0 | N26: 0 | O26: 0 | P26: 0 | Q26: 0 | R26: 0 | S26: 0 | T26: 0 | U26: 0 | V26: 3 | W26: 0 | X26: 2 | Y26: 1 | Z26: 1 | AA26: 1 | AB26: 1 | AC26: 1 | AD26: 3 | AE26: 0 | AF26: 0 | AG26: 1 | AH26: 0 | AI26: 2 | AJ26: 1 | AK26: 0 | AL26: 0 | AM26: =SUM(E26:AL26) -> 27
D27: JML | E27: =SUM(E25:E26) -> 3 | F27: =SUM(F25:F26) -> 3 | G27: =SUM(G25:G26) -> 0 | H27: =SUM(H25:H26) -> 9 | I27: =SUM(I25:I26) -> 0 | J27: =SUM(J25:J26) -> 3 | K27: =SUM(K25:K26) -> 0 | L27: =SUM(L25:L26) -> 0 | ... AL27: =SUM(AL25:AL26) -> 0 | AM27: =SUM(E27:AL27) -> 53
B28: 4. | C28: Jumlah Pengguna Hak Pilih (B.1+B.2+B.3) | D28: LK | E28: =SUM(E19,E22,E25) -> 83 | F28: =SUM(F19,F22,F25) -> 88 | G28: =SUM(G19,G22,G25) -> 111 | H28: =SUM(H19,H22,H25) -> 97 | I28: =SUM(I19,I22,I25) -> 98 | J28: =SUM(J19,J22,J25) -> 93 | K28: =SUM(K19,K22,K25) -> 94 | L28: =SUM(L19,L22,L25) -> 90 | ... AL28: =SUM(AL19,AL22,AL25) -> 79 | AM28: =SUM(E28:AL28) -> 3184
D29: PR | E29: =SUM(E20,E23,E26) -> 95 | F29: =SUM(F20,F23,F26) -> 103 | G29: =SUM(G20,G23,G26) -> 111 | H29: =SUM(H20,H23,H26) -> 127 | I29: =SUM(I20,I23,I26) -> 112 | J29: =SUM(J20,J23,J26) -> 121 | K29: =SUM(K20,K23,K26) -> 117 | L29: =SUM(L20,L23,L26) -> 96 | ... AL29: =SUM(AL20,AL23,AL26) -> 73 | AM29: =SUM(E29:AL29) -> 3481
D30: JML | E30: =SUM(E28:E29) -> 178 | F30: =SUM(F28:F29) -> 191 | G30: =SUM(G28:G29) -> 222 | H30: =SUM(H28:H29) -> 224 | I30: =SUM(I28:I29) -> 210 | J30: =SUM(J28:J29) -> 214 | K30: =SUM(K28:K29) -> 211 | L30: =SUM(L28:L29) -> 186 | ... AL30: =SUM(AL28:AL29) -> 152 | AM30: =SUM(E30:AL30) -> 6665
A32: II | B32: DATA PENGGUNAAN SURAT SUARA
A33: 1 | B33: Jumlah surat suara yang diterima, termasuk surat suara cadangan 2,5% dari DPT | E33: 248 | F33: 279 | G33: 280 | H33: 268 | I33: 270 | J33: 277 | K33: 276 | L33: 233 | M33: 275 | N33: 248 | O33: 257 | P33: 260 | Q33: 276 | R33: 266 | S33: 292 | T33: 271 | U33: 253 | V33: 284 | W33: 257 | X33: 254 | Y33: 197 | Z33: 268 | AA33: 275 | AB33: 264 | AC33: 253 | AD33: 283 | AE33: 246 | AF33: 234 | AG33: 281 | AH33: 231 | AI33: 282 | AJ33: 237 | AK33: 217 | AL33: 212 | AM33: =SUM(E33:AL33) -> 8804
A34: 2 | B34: Jumlah surat suara yang digunakan | E34: 178 | F34: 191 | G34: 222 | H34: 224 | I34: 210 | J34: 214 | K34: 211 | L34: 186 | M34: 201 | N34: 198 | O34: 192 | P34: 203 | Q34: 227 | R34: 203 | S34: 239 | T34: 206 | U34: 182 | V34: 225 | W34: 175 | X34: 182 | Y34: 138 | Z34: 197 | AA34: 207 | AB34: 226 | AC34: 192 | AD34: 218 | AE34: 170 | AF34: 177 | AG34: 211 | AH34: 162 | AI34: 178 | AJ34: 206 | AK34: 162 | AL34: 152 | AM34: =SUM(E34:AL34) -> 6665
A35: 3 | B35: Jumlah surat suara dikembalikan oleh pemilih (karena rusak atau keliru coblos) | E35: 0 | F35: 2 | G35: 0 | H35: 0 | I35: 0 | J35: 0 | K35: 0 | L35: 0 | M35: 0 | N35: 0 | O35: 0 | P35: 0 | Q35: 0 | R35: 0 | S35: 0 | T35: 0 | U35: 1 | V35: 0 | W35: 0 | X35: 0 | Y35: 1 | Z35: 0 | AA35: 1 | AB35: 0 | AC35: 0 | AD35: 0 | AE35: 0 | AF35: 0 | AG35: 0 | AH35: 0 | AI35: 0 | AJ35: 0 | AK35: 1 | AL35: 0 | AM35: =SUM(E35:AL35) -> 6
A36: 4 | B36: Jumlah surat suara yang tidak digunakan/tidak terpakai, termasuk sisa surat suara cadangan | E36: =E33-(E34+E35) -> 70 | F36: =F33-(F34+F35) -> 86 | G36: =G33-(G34+G35) -> 58 | H36: =H33-(H34+H35) -> 44 | I36: =I33-(I34+I35) -> 60 | J36: =J33-(J34+J35) -> 63 | K36: =K33-(K34+K35) -> 65 | L36: =L33-(L34+L35) -> 47 | ... AL36: =AL33-(AL34+AL35) -> 60 | AM36: =SUM(E36:AL36) -> 2133
A38: III | B38: DATA PEMILIH DISABILITAS
B39: Jumlah seluruh Pemilih disabilitas yang menggunakan hak pilih | D39: LK | E39: 0 | F39: 0 | G39: 0 | H39: 2 | I39: 0 | J39: 0 | K39: 0 | L39: 0 | M39: 0 | N39: 0 | O39: 0 | P39: 0 | Q39: 0 | R39: 0 | S39: 0 | T39: 0 | U39: 0 | V39: 0 | W39: 0 | X39: 0 | Y39: 0 | Z39: 0 | AA39: 0 | AB39: 0 | AC39: 0 | AD39: 0 | AE39: 0 | AF39: 0 | AG39: 0 | AH39: 0 | AI39: 0 | AJ39: 0 | AK39: 0 | AL39: 0 | AM39: =SUM(E39:AL39) -> 2
D40: PR | E40: 0 | F40: 0 | G40: 0 | H40: 0 | I40: 0 | J40: 0 | K40: 0 | L40: 0 | M40: 0 | N40: 0 | O40: 0 | P40: 0 | Q40: 0 | R40: 0 | S40: 0 | T40: 0 | U40: 0 | V40: 0 | W40: 0 | X40: 0 | Y40: 0 | Z40: 0 | AA40: 1 | AB40: 0 | AC40: 0 | AD40: 0 | AE40: 0 | AF40: 0 | AG40: 1 | AH40: 0 | AI40: 0 | AJ40: 0 | AK40: 0 | AL40: 0 | AM40: =SUM(E40:AL40) -> 2
D41: JML | E41: =SUM(E39:E40) -> 0 | F41: =SUM(F39:F40) -> 0 | G41: =SUM(G39:G40) -> 0 | H41: =SUM(H39:H40) -> 2 | I41: =SUM(I39:I40) -> 0 | J41: =SUM(J39:J40) -> 0 | K41: =SUM(K39:K40) -> 0 | L41: =SUM(L39:L40) -> 0 | ... AL41: =SUM(AL39:AL40) -> 0 | AM41: =SUM(E41:AL41) -> 4
A43: IV | B43: DATA RINCIAN PEROLEHAN SUARA PASANGAN CALON BUPATI DAN WAKIL BUPATI
A44: NOMOR DAN NAMA CALON
B45: 1. | C45: AA. AHMAD NAWARDI | E45: 30 | F45: 11 | G45: 13 | H45: 32 | I45: 19 | J45: 10 | K45: 6 | L45: 19 | M45: 11 | N45: 21 | O45: 17 | P45: 20 | Q45: 17 | R45: 24 | S45: 13 | T45: 20 | U45: 10 | V45: 13 | W45: 13 | X45: 9 | Y45: 13 | Z45: 26 | AA45: 15 | AB45: 15 | AC45: 10 | AD45: 23 | AE45: 26 | AF45: 15 | AG45: 30 | AH45: 15 | AI45: 21 | AJ45: 27 | AK45: 16 | AL45: 22 | AM45: =SUM(E45:AL45) -> 602
B46: 2. | C46: Ir. H. AA LA NYALLA MAHMUD MATTALITI, M.HP. | E46: 41 | F46: 27 | G46: 26 | H46: 43 | I46: 34 | J46: 28 | K46: 30 | L46: 35 | M46: 36 | N46: 25 | O46: 32 | P46: 35 | Q46: 36 | R46: 48 | S46: 21 | T46: 27 | U46: 36 | V46: 37 | W46: 14 | X46: 32 | Y46: 18 | Z46: 49 | AA46: 32 | AB46: 27 | AC46: 39 | AD46: 34 | AE46: 37 | AF46: 39 | AG46: 38 | AH46: 41 | AI46: 51 | AJ46: 26 | AK46: 32 | AL46: 18 | AM46: =SUM(E46:AL46) -> 1124
B47: 3. | C47: ABDUL QADIR AMIR HARTONO, S.E., S.H., M.H. | E47: 14 | F47: 20 | G47: 24 | H47: 14 | I47: 14 | J47: 14 | K47: 12 | L47: 14 | M47: 10 | N47: 19 | O47: 10 | P47: 27 | Q47: 17 | R47: 20 | S47: 13 | T47: 9 | U47: 11 | V47: 15 | W47: 12 | X47: 8 | Y47: 5 | Z47: 16 | AA47: 10 | AB47: 11 | AC47: 6 | AD47: 12 | AE47: 8 | AF47: 14 | AG47: 16 | AH47: 11 | AI47: 15 | AJ47: 15 | AK47: 15 | AL47: 12 | AM47: =SUM(E47:AL47) -> 463
B48: 4. | C48: ADILLA AZIS, S.E. | E48: 13 | F48: 23 | G48: 25 | H48: 21 | I48: 15 | J48: 27 | K48: 24 | L48: 18 | M48: 15 | N48: 20 | O48: 10 | P48: 16 | Q48: 22 | R48: 18 | S48: 38 | T48: 20 | U48: 24 | V48: 30 | W48: 21 | X48: 16 | Y48: 14 | Z48: 16 | AA48: 17 | AB48: 26 | AC48: 22 | AD48: 23 | AE48: 12 | AF48: 21 | AG48: 14 | AH48: 8 | AI48: 16 | AJ48: 13 | AK48: 21 | AL48: 18 | AM48: =SUM(E48:AL48) -> 657
B49: 5. | C49: Ir. H. AGUS RAHARDJO, MSc.M. | E49: 8 | F49: 10 | G49: 14 | H49: 13 | I49: 14 | J49: 23 | K49: 20 | L49: 6 | M49: 12 | N49: 12 | O49: 11 | P49: 10 | Q49: 11 | R49: 9 | S49: 11 | T49: 9 | U49: 7 | V49: 10 | W49: 6 | X49: 10 | Y49: 6 | Z49: 7 | AA49: 15 | AB49: 20 | AC49: 11 | AD49: 20 | AE49: 5 | AF49: 8 | AG49: 13 | AH49: 7 | AI49: 16 | AJ49: 9 | AK49: 13 | AL49: 14 | AM49: =SUM(E49:AL49) -> 390
B50: 6. | C50: Drs. AYUB KHAN | E50: 19 | F50: 23 | G50: 16 | H50: 33 | I50: 21 | J50: 35 | K50: 33 | L50: 22 | M50: 14 | N50: 24 | O50: 31 | P50: 31 | Q50: 15 | R50: 24 | S50: 41 | T50: 40 | U50: 22 | V50: 23 | W50: 25 | X50: 22 | Y50: 13 | Z50: 20 | AA50: 49 | AB50: 29 | AC50: 17 | AD50: 8 | AE50: 13 | AF50: 15 | AG50: 13 | AH50: 17 | AI50: 5 | AJ50: 29 | AK50: 16 | AL50: 13 | AM50: =SUM(E50:AL50) -> 771
B51: 7. | C51: BAMBANG HARIANTO | E51: 1 | F51: 0 | G51: 2 | H51: 0 | I51: 5 | J51: 2 | K51: 0 | L51: 2 | M51: 0 | N51: 0 | O51: 0 | P51: 3 | Q51: 1 | R51: 1 | S51: 0 | T51: 0 | U51: 0 | V51: 3 | W51: 3 | X51: 3 | Y51: 1 | Z51: 2 | AA51: 1 | AB51: 0 | AC51: 0 | AD51: 2 | AE51: 1 | AF51: 0 | AG51: 1 | AH51: 3 | AI51: 2 | AJ51: 1 | AK51: 2 | AL51: 5 | AM51: =SUM(E51:AL51) -> 47
B52: 8. | C52: CATUR RUDI UTANTO, S.Sos. | E52: 0 | F52: 3 | G52: 4 | H52: 3 | I52: 1 | J52: 1 | K52: 2 | L52: 2 | M52: 1 | N52: 3 | O52: 5 | P52: 2 | Q52: 1 | R52: 6 | S52: 2 | T52: 5 | U52: 1 | V52: 5 | W52: 2 | X52: 2 | Y52: 2 | Z52: 2 | AA52: 1 | AB52: 2 | AC52: 3 | AD52: 1 | AE52: 3 | AF52: 0 | AG52: 1 | AH52: 2 | AI52: 0 | AJ52: 0 | AK52: 2 | AL52: 3 | AM52: =SUM(E52:AL52) -> 73
B53: 9. | C53: DODDY DWI NUGROHO | E53: 1 | F53: 1 | G53: 0 | H53: 2 | I53: 3 | J53: 0 | K53: 0 | L53: 0 | M53: 0 | N53: 0 | O53: 0 | P53: 1 | Q53: 2 | R53: 0 | S53: 0 | T53: 0 | U53: 1 | V53: 0 | W53: 0 | X53: 1 | Y53: 2 | Z53: 1 | AA53: 0 | AB53: 6 | AC53: 0 | AD53: 1 | AE53: 1 | AF53: 0 | AG53: 0 | AH53: 0 | AI53: 0 | AJ53: 1 | AK53: 0 | AL53: 1 | AM53: =SUM(E53:AL53) -> 25
B54: 10. | C54: KONDANG KUSUMANING AYU | E54: 17 | F54: 27 | G54: 35 | H54: 22 | I54: 20 | J54: 31 | K54: 28 | L54: 22 | M54: 27 | N54: 24 | O54: 19 | P54: 21 | Q54: 34 | R54: 14 | S54: 29 | T54: 24 | U54: 27 | V54: 24 | W54: 23 | X54: 23 | Y54: 13 | Z54: 20 | AA54: 20 | AB54: 35 | AC54: 28 | AD54: 38 | AE54: 17 | AF54: 30 | AG54: 34 | AH54: 19 | AI54: 30 | AJ54: 21 | AK54: 19 | AL54: 22 | AM54: =SUM(E54:AL54) -> 837
B55: 11. | C55: KUNJUNG WAHYUDI | E55: 0 | F55: 1 | G55: 0 | H55: 1 | I55: 2 | J55: 1 | K55: 0 | L55: 0 | M55: 0 | N55: 2 | O55: 1 | P55: 0 | Q55: 2 | R55: 0 | S55: 1 | T55: 2 | U55: 0 | V55: 1 | W55: 2 | X55: 0 | Y55: 0 | Z55: 3 | AA55: 0 | AB55: 0 | AC55: 0 | AD55: 1 | AE55: 0 | AF55: 3 | AG55: 0 | AH55: 2 | AI55: 0 | AJ55: 1 | AK55: 1 | AL55: 2 | AM55: =SUM(E55:AL55) -> 29
B56: 12. | C56: Dr. LIA ISTIFHAMA | E56: 16 | F56: 27 | G56: 23 | H56: 24 | I56: 23 | J56: 24 | K56: 33 | L56: 19 | M56: 19 | N56: 25 | O56: 26 | P56: 17 | Q56: 28 | R56: 19 | S56: 32 | T56: 21 | U56: 17 | V56: 25 | W56: 19 | X56: 18 | Y56: 15 | Z56: 20 | AA56: 19 | AB56: 23 | AC56: 23 | AD56: 34 | AE56: 22 | AF56: 21 | AG56: 19 | AH56: 20 | AI56: 11 | AJ56: 37 | AK56: 19 | AL56: 14 | AM56: =SUM(E56:AL56) -> 752
B57: 13. | C57: MOHAMMAD TRIJANTO, S.H., M.M., M.H. | E57: 2 | F57: 0 | G57: 2 | H57: 2 | I57: 5 | J57: 1 | K57: 4 | L57: 2 | M57: 2 | N57: 3 | O57: 1 | P57: 2 | Q57: 2 | R57: 3 | S57: 1 | T57: 3 | U57: 0 | V57: 1 | W57: 1 | X57: 2 | Y57: 2 | Z57: 0 | AA57: 1 | AB57: 3 | AC57: 1 | AD57: 1 | AE57: 1 | AF57: 0 | AG57: 0 | AH57: 1 | AI57: 3 | AJ57: 0 | AK57: 4 | AL57: 3 | AM57: =SUM(E57:AL57) -> 59
A59: V | B59: DATA SUARA SAH DAN TIDAK SAH
B60: A. | C60: JUMLAH SELURUH SUARA SAH | E60: =SUM(E45:E57) -> 162 | F60: =SUM(F45:F57) -> 173 | G60: =SUM(G45:G57) -> 184 | H60: =SUM(H45:H57) -> 210 | I60: =SUM(I45:I57) -> 176 | J60: =SUM(J45:J57) -> 197 | K60: =SUM(K45:K57) -> 192 | L60: =SUM(L45:L57) -> 161 | ... AL60: =SUM(AL45:AL57) -> 147 | AM60: =SUM(E60:AL60) -> 5829
B61: B. | C61: JUMLAH SUARA TIDAK SAH | E61: 16 | F61: 18 | G61: 38 | H61: 14 | I61: 34 | J61: 17 | K61: 19 | L61: 25 | M61: 54 | N61: 20 | O61: 29 | P61: 18 | Q61: 39 | R61: 17 | S61: 37 | T61: 26 | U61: 26 | V61: 38 | W61: 34 | X61: 36 | Y61: 34 | Z61: 15 | AA61: 27 | AB61: 29 | AC61: 32 | AD61: 20 | AE61: 24 | AF61: 11 | AG61: 32 | AH61: 16 | AI61: 8 | AJ61: 26 | AK61: 2 | AL61: 5 | AM61: =SUM(E61:AL61) -> 836
B62: C. | C62: JUMLAH SELURUH SUARA SAH DAN SUARA TIDAK SAH (V.A + V.B) | E62: =SUM(E60:E61) -> 178 | F62: =SUM(F60:F61) -> 191 | G62: =SUM(G60:G61) -> 222 | H62: =SUM(H60:H61) -> 224 | I62: =SUM(I60:I61) -> 210 | J62: =SUM(J60:J61) -> 214 | K62: =SUM(K60:K61) -> 211 | L62: =SUM(L60:L61) -> 186 | ... AL62: =SUM(AL60:AL61) -> 152 | AM62: =SUM(E62:AL62) -> 6665

Sheet SUMBERKENCONO
C2: Kecamatan | D2: WONGSOREJO
C3: Kabupaten | D3: BANYUWANGI
C4: Provinsi | D4: JAWA TIMUR
C9: Kelurahan | D9: SUMBERKENCONO
A12: I | B12: DATA PEMILIH DAN PENGGUNAAN HAK PILIH | T12: JUMLAH AKHIR
A13: A | B13: DATA PEMILIH | E13: TPS 001 | F13: TPS 002 | G13: TPS 003 | H13: TPS 004 | I13: TPS 005 | J13: TPS 006 | K13: TPS 007 | L13: TPS 008 | M13: TPS 009 | N13: TPS 010 | O13: TPS 011 | P13: TPS 012 | Q13: TPS 013 | R13: TPS 014 | S13: TPS 015
B14: Jumlah Pemilih dalam Daftar Pemilih Tetap (DPT) | D14: LK | E14: 140 | F14: 147 | G14: 125 | H14: 131 | I14: 134 | J14: 149 | K14: 141 | L14: 143 | M14: 154 | N14: 131 | O14: 140 | P14: 148 | Q14: 146 | R14: 131 | S14: 141 | T14: =SUM(E14:S14) -> 2101
D15: PR | E15: 127 | F15: 140 | G15: 123 | H15: 145 | I15: 129 | J15: 145 | K15: 149 | L15: 149 | M15: 144 | N15: 150 | O15: 146 | P15: 138 | Q15: 150 | R15: 156 | S15: 152 | T15: =SUM(E15:S15) -> 2143
D16: JML | E16: =SUM(E14:E15) -> 267 | F16: =SUM(F14:F15) -> 287 | G16: =SUM(G14:G15) -> 248 | H16: =SUM(H14:H15) -> 276 | I16: =SUM(I14:I15) -> 263 | J16: =SUM(J14:J15) -> 294 | K16: =SUM(K14:K15) -> 290 | L16: =SUM(L14:L15) -> 292 | ... S16: =SUM(S14:S15) -> 293 | T16: =SUM(E16:S16) -> 4244
A18: B | B18: PENGGUNA HAK PILIH
B19: 1. | C19: Jumlah pengguna hak pilih dalam Daftar Pemilih Tetap (DPT) | D19: LK | E19: 99 | F19: 108 | G19: 94 | H19: 91 | I19: 106 | J19: 109 | K19: 118 | L19: 101 | M19: 108 | N19: 97 | O19: 104 | P19: 117 | Q19: 105 | R19: 105 | S19: 111 | T19: =SUM(E19:S19) -> 1573
D20: PR | E20: 112 | F20: 111 | G20: 98 | H20: 110 | I20: 114 | J20: 111 | K20: 125 | L20: 111 | M20: 107 | N20: 121 | O20: 118 | P20: 114 | Q20: 121 | R20: 120 | S20: 132 | T20: =SUM(E20:S20) -> 1725
D21: JML | E21: =SUM(E19:E20) -> 211 | F21: =SUM(F19:F20) -> 219 | G21: =SUM(G19:G20) -> 192 | H21: =SUM(H19:H20) -> 201 | I21: =SUM(I19:I20) -> 220 | J21: =SUM(J19:J20) -> 220 | K21: =SUM(K19:K20) -> 243 | L21: =SUM(L19:L20) -> 212 | ... S21: =SUM(S19:S20) -> 243 | T21: =SUM(E21:S21) -> 3298
B22: 2. | C22: Jumlah pengguna hak pilih dalam Daftar Pemilih Tambahan (DPTb) | D22: LK | E22: 0 | F22: 0 | G22: 3 | H22: 2 | I22: 1 | J22: 0 | K22: 0 | L22: 0 | M22: 0 | N22: 0 | O22: 0 | P22: 0 | Q22: 0 | R22: 0 | S22: 0 | T22: =SUM(E22:S22) -> 6
D23: PR | E23: 0 | F23: 0 | G23: 0 | H23: 2 | I23: 1 | J23: 0 | K23: 0 | L23: 0 | M23: 0 | N23: 0 | O23: 0 | P23: 0 | Q23: 0 | R23: 0 | S23: 0 | T23: =SUM(E23:S23) -> 3
D24: JML | E24: =SUM(E22:E23) -> 0 | F24: =SUM(F22:F23) -> 0 | G24: =SUM(G22:G23) -> 3 | H24: =SUM(H22:H23) -> 4 | I24: =SUM(I22:I23) -> 2 | J24: =SUM(J22:J23) -> 0 | K24: =SUM(K22:K23) -> 0 | L24: =SUM(L22:L23) -> 0 | ... S24: =SUM(S22:S23) -> 0 | T24: =SUM(E24:S24) -> 9
B25: 3. | C25: Jumlah pengguna hak pilih dalam Daftar Pemilih Khusus (DPK) | D25: LK | E25: 0 | F25: 0 | G25: 0 | H25: 0 | I25: 0 | J25: 0 | K25: 0 | L25: 0 | M25: 0 | N25: 0 | O25: 0 | P25: 0 | Q25: 0 | R25: 1 | S25: 2 | T25: =SUM(E25:S25) -> 3
D26: PR | E26: 0 | F26: 0 | G26: 0 | H26: 0 | I26: 0 | J26: 0 | K26: 0 | L26: 0 | M26: 2 | N26: 0 | O26: 0 | P26: 0 | Q26: 0 | R26: 0 | S26: 1 | T26: =SUM(E26:S26) -> 3
D27: JML | E27: =SUM(E25:E26) -> 0 | F27: =SUM(F25:F26) -> 0 | G27: =SUM(G25:G26) -> 0 | H27: =SUM(H25:H26) -> 0 | I27: =SUM(I25:I26) -> 0 | J27: =SUM(J25:J26) -> 0 | K27: =SUM(K25:K26) -> 0 | L27: =SUM(L25:L26) -> 0 | ... S27: =SUM(S25:S26) -> 3 | T27: =SUM(E27:S27) -> 6
B28: 4. | C28: Jumlah Pengguna Hak Pilih (B.1+B.2+B.3) | D28: LK | E28: =SUM(E19,E22,E25) -> 99 | F28: =SUM(F19,F22,F25) -> 108 | G28: =SUM(G19,G22,G25) -> 97 | H28: =SUM(H19,H22,H25) -> 93 | I28: =SUM(I19,I22,I25) -> 107 | J28: =SUM(J19,J22,J25) -> 109 | K28: =SUM(K19,K22,K25) -> 118 | L28: =SUM(L19,L22,L25) -> 101 | ... S28: =SUM(S19,S22,S25) -> 113 | T28: =SUM(E28:S28) -> 1582
D29: PR | E29: =SUM(E20,E23,E26) -> 112 | F29: =SUM(F20,F23,F26) -> 111 | G29: =SUM(G20,G23,G26) -> 98 | H29: =SUM(H20,H23,H26) -> 112 | I29: =SUM(I20,I23,I26) -> 115 | J29: =SUM(J20,J23,J26) -> 111 | K29: =SUM(K20,K23,K26) -> 125 | L29: =SUM(L20,L23,L26) -> 111 | ... S29: =SUM(S20,S23,S26) -> 133 | T29: =SUM(E29:S29) -> 1731
D30: JML | E30: =SUM(E28:E29) -> 211 | F30: =SUM(F28:F29) -> 219 | G30: =SUM(G28:G29) -> 195 | H30: =SUM(H28:H29) -> 205 | I30: =SUM(I28:I29) -> 222 | J30: =SUM(J28:J29) -> 220 | K30: =SUM(K28:K29) -> 243 | L30: =SUM(L28:L29) -> 212 | ... S30: =SUM(S28:S29) -> 246 | T30: =SUM(E30:S30) -> 3313
A32: II | B32: DATA PENGGUNAAN SURAT SUARA
A33: 1 | B33: Jumlah surat suara yang diterima, termasuk surat suara cadangan 2,5% dari DPT | E33: 273 | F33: 293 | G33: 253 | H33: 282 | I33: 269 | J33: 301 | K33: 296 | L33: 296 | M33: 304 | N33: 287 | O33: 292 | P33: 292 | Q33: 302 | R33: 293 | S33: 299 | T33: =SUM(E33:S33) -> 4332
A34: 2 | B34: Jumlah surat suara yang digunakan | E34: 211 | F34: 219 | G34: 195 | H34: 205 | I34: 222 | J34: 220 | K34: 243 | L34: 212 | M34: 217 | N34: 218 | O34: 222 | P34: 231 | Q34: 226 | R34: 226 | S34: 246 | T34: =SUM(E34:S34) -> 3313
A35: 3 | B35: Jumlah surat suara dikembalikan oleh pemilih (karena rusak atau keliru coblos) | E35: 0 | F35: 0 | G35: 0 | H35: 0 | I35: 0 | J35: 0 | K35: 0 | L35: 0 | M35: 0 | N35: 0 | O35: 0 | P35: 1 | Q35: 0 | R35: 0 | S35: 0 | T35: =SUM(E35:S35) -> 1
A36: 4 | B36: Jumlah surat suara yang tidak digunakan/tidak terpakai, termasuk sisa surat suara cadangan | E36: =E33-(E34+E35) -> 62 | F36: =F33-(F34+F35) -> 74 | G36: =G33-(G34+G35) -> 58 | H36: =H33-(H34+H35) -> 77 | I36: =I33-(I34+I35) -> 47 | J36: =J33-(J34+J35) -> 81 | K36: =K33-(K34+K35) -> 53 | L36: =L33-(L34+L35) -> 84 | ... S36: =S33-(S34+S35) -> 53 | T36: =SUM(E36:S36) -> 1018
A38: III | B38: DATA PEMILIH DISABILITAS
B39: Jumlah seluruh Pemilih disabilitas yang menggunakan hak pilih | D39: LK | E39: 0 | F39: 0 | G39: 0 | H39: 0 | I39: 0 | J39: 0 | K39: 1 | L39: 0 | M39: 0 | N39: 0 | O39: 0 | P39: 0 | Q39: 0 | R39: 0 | S39: 0 | T39: =SUM(E39:S39) -> 1
D40: PR | E40: 0 | F40: 0 | G40: 0 | H40: 0 | I40: 0 | J40: 0 | K40: 0 | L40: 0 | M40: 0 | N40: 0 | O40: 0 | P40: 0 | Q40: 0 | R40: 0 | S40: 0 | T40: =SUM(E40:S40) -> 0
D41: JML | E41: =SUM(E39:E40) -> 0 | F41: =SUM(F39:F40) -> 0 | G41: =SUM(G39:G40) -> 0 | H41: =SUM(H39:H40) -> 0 | I41: =SUM(I39:I40) -> 0 | J41: =SUM(J39:J40) -> 0 | K41: =SUM(K39:K40) -> 1 | L41: =SUM(L39:L40) -> 0 | ... S41: =SUM(S39:S40) -> 0 | T41: =SUM(E41:S41) -> 1
A43: IV | B43: DATA RINCIAN PEROLEHAN SUARA PASANGAN CALON BUPATI DAN WAKIL BUPATI
A44: NOMOR DAN NAMA CALON
B45: 1. | C45: AA. AHMAD NAWARDI | E45: 18 | F45: 17 | G45: 24 | H45: 13 | I45: 23 | J45: 15 | K45: 9 | L45: 14 | M45: 11 | N45: 18 | O45: 16 | P45: 18 | Q45: 28 | R45: 25 | S45: 14 | T45: =SUM(E45:S45) -> 263
B46: 2. | C46: Ir. H. AA LA NYALLA MAHMUD MATTALITI, M.HP. | E46: 48 | F46: 42 | G46: 34 | H46: 47 | I46: 40 | J46: 45 | K46: 32 | L46: 47 | M46: 58 | N46: 30 | O46: 57 | P46: 33 | Q46: 42 | R46: 32 | S46: 34 | T46: =SUM(E46:S46) -> 621
B47: 3. | C47: ABDUL QADIR AMIR HARTONO, S.E., S.H., M.H. | E47: 14 | F47: 9 | G47: 9 | H47: 20 | I47: 15 | J47: 12 | K47: 33 | L47: 14 | M47: 15 | N47: 17 | O47: 9 | P47: 23 | Q47: 11 | R47: 17 | S47: 17 | T47: =SUM(E47:S47) -> 235
B48: 4. | C48: ADILLA AZIS, S.E. | E48: 25 | F48: 24 | G48: 24 | H48: 9 | I48: 29 | J48: 29 | K48: 21 | L48: 18 | M48: 19 | N48: 19 | O48: 29 | P48: 19 | Q48: 30 | R48: 27 | S48: 12 | T48: =SUM(E48:S48) -> 334
B49: 5. | C49: Ir. H. AGUS RAHARDJO, MSc.M. | E49: 5 | F49: 13 | G49: 7 | H49: 13 | I49: 9 | J49: 14 | K49: 14 | L49: 14 | M49: 19 | N49: 17 | O49: 10 | P49: 10 | Q49: 7 | R49: 26 | S49: 15 | T49: =SUM(E49:S49) -> 193
B50: 6. | C50: Drs. AYUB KHAN | E50: 16 | F50: 19 | G50: 20 | H50: 7 | I50: 12 | J50: 8 | K50: 56 | L50: 17 | M50: 11 | N50: 10 | O50: 17 | P50: 22 | Q50: 25 | R50: 18 | S50: 74 | T50: =SUM(E50:S50) -> 332
B51: 7. | C51: BAMBANG HARIANTO | E51: 0 | F51: 3 | G51: 5 | H51: 5 | I51: 3 | J51: 3 | K51: 1 | L51: 2 | M51: 1 | N51: 2 | O51: 2 | P51: 6 | Q51: 7 | R51: 6 | S51: 2 | T51: =SUM(E51:S51) -> 48
B52: 8. | C52: CATUR RUDI UTANTO, S.Sos. | E52: 2 | F52: 7 | G52: 0 | H52: 3 | I52: 0 | J52: 4 | K52: 1 | L52: 4 | M52: 3 | N52: 3 | O52: 0 | P52: 3 | Q52: 1 | R52: 4 | S52: 2 | T52: =SUM(E52:S52) -> 37
B53: 9. | C53: DODDY DWI NUGROHO | E53: 0 | F53: 0 | G53: 0 | H53: 0 | I53: 1 | J53: 0 | K53: 1 | L53: 0 | M53: 0 | N53: 0 | O53: 0 | P53: 0 | Q53: 0 | R53: 0 | S53: 1 | T53: =SUM(E53:S53) -> 3
B54: 10. | C54: KONDANG KUSUMANING AYU | E54: 28 | F54: 35 | G54: 25 | H54: 33 | I54: 33 | J54: 28 | K54: 21 | L54: 22 | M54: 39 | N54: 36 | O54: 28 | P54: 28 | Q54: 33 | R54: 19 | S54: 21 | T54: =SUM(E54:S54) -> 429
B55: 11. | C55: KUNJUNG WAHYUDI | E55: 0 | F55: 0 | G55: 0 | H55: 0 | I55: 2 | J55: 2 | K55: 2 | L55: 1 | M55: 0 | N55: 1 | O55: 1 | P55: 1 | Q55: 0 | R55: 1 | S55: 0 | T55: =SUM(E55:S55) -> 11
B56: 12. | C56: Dr. LIA ISTIFHAMA | E56: 32 | F56: 24 | G56: 26 | H56: 26 | I56: 37 | J56: 30 | K56: 32 | L56: 18 | M56: 25 | N56: 19 | O56: 33 | P56: 38 | Q56: 30 | R56: 26 | S56: 30 | T56: =SUM(E56:S56) -> 426
B57: 13. | C57: MOHAMMAD TRIJANTO, S.H., M.M., M.H. | E57: 0 | F57: 3 | G57: 0 | H57: 1 | I57: 1 | J57: 2 | K57: 2 | L57: 3 | M57: 3 | N57: 3 | O57: 0 | P57: 3 | Q57: 0 | R57: 3 | S57: 3 | T57: =SUM(E57:S57) -> 27
A59: V | B59: DATA SUARA SAH DAN TIDAK SAH
B60: A. | C60: JUMLAH SELURUH SUARA SAH | E60: =SUM(E45:E57) -> 188 | F60: =SUM(F45:F57) -> 196 | G60: =SUM(G45:G57) -> 174 | H60: =SUM(H45:H57) -> 177 | I60: =SUM(I45:I57) -> 205 | J60: =SUM(J45:J57) -> 192 | K60: =SUM(K45:K57) -> 225 | L60: =SUM(L45:L57) -> 174 | ... S60: =SUM(S45:S57) -> 225 | T60: =SUM(E60:S60) -> 2959
B61: B. | C61: JUMLAH SUARA TIDAK SAH | E61: 23 | F61: 23 | G61: 21 | H61: 28 | I61: 17 | J61: 28 | K61: 18 | L61: 38 | M61: 13 | N61: 43 | O61: 20 | P61: 27 | Q61: 12 | R61: 22 | S61: 21 | T61: =SUM(E61:S61) -> 354
B62: C. | C62: JUMLAH SELURUH SUARA SAH DAN SUARA TIDAK SAH (V.A + V.B) | E62: =SUM(E60:E61) -> 211 | F62: =SUM(F60:F61) -> 219 | G62: =SUM(G60:G61) -> 195 | H62: =SUM(H60:H61) -> 205 | I62: =SUM(I60:I61) -> 222 | J62: =SUM(J60:J61) -> 220 | K62: =SUM(K60:K61) -> 243 | L62: =SUM(L60:L61) -> 212 | ... S62: =SUM(S60:S61) -> 246 | T62: =SUM(E62:S62) -> 3313

Sheet SIDODADI
C2: Kecamatan | D2: WONGSOREJO
C3: Kabupaten | D3: BANYUWANGI
C4: Provinsi | D4: JAWA TIMUR
C9: Kelurahan | D9: SIDODADI
A12: I | B12: DATA PEMILIH DAN PENGGUNAAN HAK PILIH | U12: JUMLAH AKHIR
A13: A | B13: DATA PEMILIH | E13: TPS 001 | F13: TPS 002 | G13: TPS 003 | H13: TPS 004 | I13: TPS 005 | J13: TPS 006 | K13: TPS 007 | L13: TPS 008 | M13: TPS 009 | N13: TPS 010 | O13: TPS 011 | P13: TPS 012 | Q13: TPS 013 | R13: TPS 014 | S13: TPS 015 | T13: TPS 016
B14: Jumlah Pemilih dalam Daftar Pemilih Tetap (DPT) | D14: LK | E14: 137 | F14: 130 | G14: 151 | H14: 129 | I14: 134 | J14: 151 | K14: 141 | L14: 120 | M14: 133 | N14: 121 | O14: 141 | P14: 144 | Q14: 148 | R14: 149 | S14: 130 | T14: 94 | U14: =SUM(E14:T14) -> 2153
D15: PR | E15: 138 | F15: 132 | G15: 139 | H15: 125 | I15: 157 | J15: 135 | K15: 134 | L15: 113 | M15: 136 | N15: 126 | O15: 146 | P15: 143 | Q15: 138 | R15: 146 | S15: 122 | T15: 89 | U15: =SUM(E15:T15) -> 2119
D16: JML | E16: =SUM(E14:E15) -> 275 | F16: =SUM(F14:F15) -> 262 | G16: =SUM(G14:G15) -> 290 | H16: =SUM(H14:H15) -> 254 | I16: =SUM(I14:I15) -> 291 | J16: =SUM(J14:J15) -> 286 | K16: =SUM(K14:K15) -> 275 | L16: =SUM(L14:L15) -> 233 | ... T16: =SUM(T14:T15) -> 183 | U16: =SUM(E16:T16) -> 4272
A18: B | B18: PENGGUNA HAK PILIH
B19: 1. | C19: Jumlah pengguna hak pilih dalam Daftar Pemilih Tetap (DPT) | D19: LK | E19: 111 | F19: 98 | G19: 131 | H19: 96 | I19: 95 | J19: 122 | K19: 103 | L19: 85 | M19: 92 | N19: 85 | O19: 89 | P19: 107 | Q19: 106 | R19: 109 | S19: 93 | T19: 73 | U19: =SUM(E19:T19) -> 1595
D20: PR | E20: 114 | F20: 112 | G20: 123 | H20: 94 | I20: 115 | J20: 118 | K20: 109 | L20: 94 | M20: 104 | N20: 103 | O20: 117 | P20: 126 | Q20: 97 | R20: 120 | S20: 103 | T20: 72 | U20: =SUM(E20:T20) -> 1721
D21: JML | E21: =SUM(E19:E20) -> 225 | F21: =SUM(F19:F20) -> 210 | G21: =SUM(G19:G20) -> 254 | H21: =SUM(H19:H20) -> 190 | I21: =SUM(I19:I20) -> 210 | J21: =SUM(J19:J20) -> 240 | K21: =SUM(K19:K20) -> 212 | L21: =SUM(L19:L20) -> 179 | ... T21: =SUM(T19:T20) -> 145 | U21: =SUM(E21:T21) -> 3316
B22: 2. | C22: Jumlah pengguna hak pilih dalam Daftar Pemilih Tambahan (DPTb) | D22: LK | E22: 0 | F22: 0 | G22: 0 | H22: 0 | I22: 1 | J22: 0 | K22: 0 | L22: 0 | M22: 0 | N22: 0 | O22: 0 | P22: 0 | Q22: 0 | R22: 1 | S22: 0 | T22: 0 | U22: =SUM(E22:T22) -> 2
D23: PR | E23: 0 | F23: 0 | G23: 0 | H23: 0 | I23: 0 | J23: 0 | K23: 0 | L23: 0 | M23: 0 | N23: 0 | O23: 0 | P23: 0 | Q23: 0 | R23: 0 | S23: 1 | T23: 1 | U23: =SUM(E23:T23) -> 2
D24: JML | E24: =SUM(E22:E23) -> 0 | F24: =SUM(F22:F23) -> 0 | G24: =SUM(G22:G23) -> 0 | H24: =SUM(H22:H23) -> 0 | I24: =SUM(I22:I23) -> 1 | J24: =SUM(J22:J23) -> 0 | K24: =SUM(K22:K23) -> 0 | L24: =SUM(L22:L23) -> 0 | ... T24: =SUM(T22:T23) -> 1 | U24: =SUM(E24:T24) -> 4
B25: 3. | C25: Jumlah pengguna hak pilih dalam Daftar Pemilih Khusus (DPK) | D25: LK | E25: 0 | F25: 3 | G25: 0 | H25: 1 | I25: 1 | J25: 0 | K25: 2 | L25: 1 | M25: 0 | N25: 1 | O25: 0 | P25: 0 | Q25: 0 | R25: 0 | S25: 1 | T25: 0 | U25: =SUM(E25:T25) -> 10
D26: PR | E26: 0 | F26: 2 | G26: 0 | H26: 2 | I26: 3 | J26: 0 | K26: 3 | L26: 0 | M26: 0 | N26: 1 | O26: 0 | P26: 0 | Q26: 0 | R26: 0 | S26: 2 | T26: 0 | U26: =SUM(E26:T26) -> 13
D27: JML | E27: =SUM(E25:E26) -> 0 | F27: =SUM(F25:F26) -> 5 | G27: =SUM(G25:G26) -> 0 | H27: =SUM(H25:H26) -> 3 | I27: =SUM(I25:I26) -> 4 | J27: =SUM(J25:J26) -> 0 | K27: =SUM(K25:K26) -> 5 | L27: =SUM(L25:L26) -> 1 | ... T27: =SUM(T25:T26) -> 0 | U27: =SUM(E27:T27) -> 23
B28: 4. | C28: Jumlah Pengguna Hak Pilih (B.1+B.2+B.3) | D28: LK | E28: =SUM(E19,E22,E25) -> 111 | F28: =SUM(F19,F22,F25) -> 101 | G28: =SUM(G19,G22,G25) -> 131 | H28: =SUM(H19,H22,H25) -> 97 | I28: =SUM(I19,I22,I25) -> 97 | J28: =SUM(J19,J22,J25) -> 122 | K28: =SUM(K19,K22,K25) -> 105 | L28: =SUM(L19,L22,L25) -> 86 | ... T28: =SUM(T19,T22,T25) -> 73 | U28: =SUM(E28:T28) -> 1607
D29: PR | E29: =SUM(E20,E23,E26) -> 114 | F29: =SUM(F20,F23,F26) -> 114 | G29: =SUM(G20,G23,G26) -> 123 | H29: =SUM(H20,H23,H26) -> 96 | I29: =SUM(I20,I23,I26) -> 118 | J29: =SUM(J20,J23,J26) -> 118 | K29: =SUM(K20,K23,K26) -> 112 | L29: =SUM(L20,L23,L26) -> 94 | ... T29: =SUM(T20,T23,T26) -> 73 | U29: =SUM(E29:T29) -> 1736
D30: JML | E30: =SUM(E28:E29) -> 225 | F30: =SUM(F28:F29) -> 215 | G30: =SUM(G28:G29) -> 254 | H30: =SUM(H28:H29) -> 193 | I30: =SUM(I28:I29) -> 215 | J30: =SUM(J28:J29) -> 240 | K30: =SUM(K28:K29) -> 217 | L30: =SUM(L28:L29) -> 180 | ... T30: =SUM(T28:T29) -> 146 | U30: =SUM(E30:T30) -> 3343
A32: II | B32: DATA PENGGUNAAN SURAT SUARA
A33: 1 | B33: Jumlah surat suara yang diterima, termasuk surat suara cadangan 2,5% dari DPT | E33: 280 | F33: 267 | G33: 295 | H33: 259 | I33: 297 | J33: 291 | K33: 279 | L33: 237 | M33: 272 | N33: 252 | O33: 281 | P33: 292 | Q33: 291 | R33: 301 | S33: 257 | T33: 186 | U33: =SUM(E33:T33) -> 4337
A34: 2 | B34: Jumlah surat suara yang digunakan | E34: 225 | F34: 215 | G34: 254 | H34: 193 | I34: 215 | J34: 240 | K34: 217 | L34: 180 | M34: 196 | N34: 190 | O34: 206 | P34: 233 | Q34: 203 | R34: 230 | S34: 200 | T34: 146 | U34: =SUM(E34:T34) -> 3343
A35: 3 | B35: Jumlah surat suara dikembalikan oleh pemilih (karena rusak atau keliru coblos) | E35: 0 | F35: 0 | G35: 0 | H35: 0 | I35: 0 | J35: 0 | K35: 0 | L35: 0 | M35: 0 | N35: 0 | O35: 1 | P35: 0 | Q35: 0 | R35: 0 | S35: 0 | T35: 0 | U35: =SUM(E35:T35) -> 1
A36: 4 | B36: Jumlah surat suara yang tidak digunakan/tidak terpakai, termasuk sisa surat suara cadangan | E36: =E33-(E34+E35) -> 55 | F36: =F33-(F34+F35) -> 52 | G36: =G33-(G34+G35) -> 41 | H36: =H33-(H34+H35) -> 66 | I36: =I33-(I34+I35) -> 82 | J36: =J33-(J34+J35) -> 51 | K36: =K33-(K34+K35) -> 62 | L36: =L33-(L34+L35) -> 57 | ... T36: =T33-(T34+T35) -> 40 | U36: =SUM(E36:T36) -> 993
A38: III | B38: DATA PEMILIH DISABILITAS
B39: Jumlah seluruh Pemilih disabilitas yang menggunakan hak pilih | D39: LK | E39: 0 | F39: 0 | G39: 0 | H39: 0 | I39: 0 | J39: 0 | K39: 0 | L39: 0 | M39: 0 | N39: 0 | O39: 0 | P39: 0 | Q39: 0 | R39: 0 | S39: 1 | T39: 0 | U39: =SUM(E39:T39) -> 1
D40: PR | E40: 0 | F40: 0 | G40: 0 | H40: 0 | I40: 0 | J40: 0 | K40: 0 | L40: 0 | M40: 1 | N40: 0 | O40: 0 | P40: 0 | Q40: 0 | R40: 0 | S40: 0 | T40: 0 | U40: =SUM(E40:T40) -> 1
D41: JML | E41: =SUM(E39:E40) -> 0 | F41: =SUM(F39:F40) -> 0 | G41: =SUM(G39:G40) -> 0 | H41: =SUM(H39:H40) -> 0 | I41: =SUM(I39:I40) -> 0 | J41: =SUM(J39:J40) -> 0 | K41: =SUM(K39:K40) -> 0 | L41: =SUM(L39:L40) -> 0 | ... T41: =SUM(T39:T40) -> 0 | U41: =SUM(E41:T41) -> 2
A43: IV | B43: DATA RINCIAN PEROLEHAN SUARA PASANGAN CALON BUPATI DAN WAKIL BUPATI
A44: NOMOR DAN NAMA CALON
B45: 1. | C45: AA. AHMAD NAWARDI | E45: 10 | F45: 19 | G45: 15 | H45: 16 | I45: 15 | J45: 15 | K45: 16 | L45: 8 | M45: 31 | N45: 12 | O45: 12 | P45: 21 | Q45: 19 | R45: 11 | S45: 15 | T45: 13 | U45: =SUM(E45:T45) -> 248
B46: 2. | C46: Ir. H. AA LA NYALLA MAHMUD MATTALITI, M.HP. | E46: 45 | F46: 36 | G46: 45 | H46: 33 | I46: 24 | J46: 35 | K46: 50 | L46: 22 | M46: 46 | N46: 30 | O46: 34 | P46: 45 | Q46: 33 | R46: 35 | S46: 22 | T46: 18 | U46: =SUM(E46:T46) -> 553
B47: 3. | C47: ABDUL QADIR AMIR HARTONO, S.E., S.H., M.H. | E47: 10 | F47: 10 | G47: 13 | H47: 8 | I47: 16 | J47: 9 | K47: 12 | L47: 10 | M47: 8 | N47: 17 | O47: 14 | P47: 24 | Q47: 21 | R47: 20 | S47: 23 | T47: 11 | U47: =SUM(E47:T47) -> 226
B48: 4. | C48: ADILLA AZIS, S.E. | E48: 29 | F48: 17 | G48: 17 | H48: 18 | I48: 26 | J48: 16 | K48: 21 | L48: 13 | M48: 26 | N48: 25 | O48: 23 | P48: 16 | Q48: 20 | R48: 24 | S48: 18 | T48: 20 | U48: =SUM(E48:T48) -> 329
B49: 5. | C49: Ir. H. AGUS RAHARDJO, MSc.M. | E49: 15 | F49: 12 | G49: 15 | H49: 14 | I49: 17 | J49: 15 | K49: 12 | L49: 25 | M49: 7 | N49: 11 | O49: 15 | P49: 12 | Q49: 16 | R49: 10 | S49: 12 | T49: 4 | U49: =SUM(E49:T49) -> 212
B50: 6. | C50: Drs. AYUB KHAN | E50: 13 | F50: 6 | G50: 11 | H50: 20 | I50: 14 | J50: 34 | K50: 23 | L50: 21 | M50: 3 | N50: 10 | O50: 13 | P50: 17 | Q50: 17 | R50: 12 | S50: 14 | T50: 16 | U50: =SUM(E50:T50) -> 244
B51: 7. | C51: BAMBANG HARIANTO | E51: 3 | F51: 3 | G51: 0 | H51: 2 | I51: 4 | J51: 2 | K51: 2 | L51: 2 | M51: 3 | N51: 0 | O51: 2 | P51: 3 | Q51: 1 | R51: 4 | S51: 4 | T51: 1 | U51: =SUM(E51:T51) -> 36
B52: 8. | C52: CATUR RUDI UTANTO, S.Sos. | E52: 5 | F52: 3 | G52: 3 | H52: 1 | I52: 2 | J52: 2 | K52: 5 | L52: 3 | M52: 1 | N52: 0 | O52: 2 | P52: 3 | Q52: 5 | R52: 5 | S52: 4 | T52: 5 | U52: =SUM(E52:T52) -> 49
B53: 9. | C53: DODDY DWI NUGROHO | E53: 1 | F53: 0 | G53: 0 | H53: 0 | I53: 0 | J53: 1 | K53: 0 | L53: 0 | M53: 0 | N53: 1 | O53: 0 | P53: 1 | Q53: 0 | R53: 1 | S53: 0 | T53: 0 | U53: =SUM(E53:T53) -> 5
B54: 10. | C54: KONDANG KUSUMANING AYU | E54: 32 | F54: 29 | G54: 43 | H54: 25 | I54: 30 | J54: 22 | K54: 17 | L54: 24 | M54: 25 | N54: 37 | O54: 30 | P54: 19 | Q54: 27 | R54: 29 | S54: 23 | T54: 5 | U54: =SUM(E54:T54) -> 417
B55: 11. | C55: KUNJUNG WAHYUDI | E55: 2 | F55: 4 | G55: 3 | H55: 2 | I55: 1 | J55: 2 | K55: 1 | L55: 1 | M55: 0 | N55: 4 | O55: 1 | P55: 4 | Q55: 0 | R55: 0 | S55: 3 | T55: 2 | U55: =SUM(E55:T55) -> 30
B56: 12. | C56: Dr. LIA ISTIFHAMA | E56: 30 | F56: 19 | G56: 27 | H56: 30 | I56: 18 | J56: 29 | K56: 29 | L56: 17 | M56: 25 | N56: 25 | O56: 20 | P56: 21 | Q56: 18 | R56: 33 | S56: 17 | T56: 14 | U56: =SUM(E56:T56) -> 372
B57: 13. | C57: MOHAMMAD TRIJANTO, S.H., M.M., M.H. | E57: 2 | F57: 2 | G57: 3 | H57: 0 | I57: 3 | J57: 2 | K57: 1 | L57: 2 | M57: 0 | N57: 1 | O57: 5 | P57: 2 | Q57: 5 | R57: 2 | S57: 3 | T57: 0 | U57: =SUM(E57:T57) -> 33
A59: V | B59: DATA SUARA SAH DAN TIDAK SAH
B60: A. | C60: JUMLAH SELURUH SUARA SAH | E60: =SUM(E45:E57) -> 197 | F60: =SUM(F45:F57) -> 160 | G60: =SUM(G45:G57) -> 195 | H60: =SUM(H45:H57) -> 169 | I60: =SUM(I45:I57) -> 170 | J60: =SUM(J45:J57) -> 184 | K60: =SUM(K45:K57) -> 189 | L60: =SUM(L45:L57) -> 148 | ... T60: =SUM(T45:T57) -> 109 | U60: =SUM(E60:T60) -> 2754
B61: B. | C61: JUMLAH SUARA TIDAK SAH | E61: 28 | F61: 55 | G61: 59 | H61: 24 | I61: 45 | J61: 56 | K61: 28 | L61: 32 | M61: 21 | N61: 17 | O61: 35 | P61: 45 | Q61: 21 | R61: 44 | S61: 42 | T61: 37 | U61: =SUM(E61:T61) -> 589
B62: C. | C62: JUMLAH SELURUH SUARA SAH DAN SUARA TIDAK SAH (V.A + V.B) | E62: =SUM(E60:E61) -> 225 | F62: =SUM(F60:F61) -> 215 | G62: =SUM(G60:G61) -> 254 | H62: =SUM(H60:H61) -> 193 | I62: =SUM(I60:I61) -> 215 | J62: =SUM(J60:J61) -> 240 | K62: =SUM(K60:K61) -> 217 | L62: =SUM(L60:L61) -> 180 | ... T62: =SUM(T60:T61) -> 146 | U62: =SUM(E62:T62) -> 3343

Sheet BAJULMATI
C2: Kecamatan | D2: WONGSOREJO
C3: Kabupaten | D3: BANYUWANGI
C4: Provinsi | D4: JAWA TIMUR
C9: Kelurahan | D9: BAJULMATI
A12: I | B12: DATA PEMILIH DAN PENGGUNAAN HAK PILIH | AD12: JUMLAH AKHIR
A13: A | B13: DATA PEMILIH | E13: TPS 001 | F13: TPS 002 | G13: TPS 003 | H13: TPS 004 | I13: TPS 005 | J13: TPS 006 | K13: TPS 007 | L13: TPS 008 | M13: TPS 009 | N13: TPS 010 | O13: TPS 011 | P13: TPS 012 | Q13: TPS 013 | R13: TPS 014 | S13: TPS 015 | T13: TPS 016 | U13: TPS 017 | V13: TPS 018 | W13: TPS 019 | X13: TPS 020 | Y13: TPS 021 | Z13: TPS 022 | AA13: TPS 023 | AB13: TPS 024 | AC13: TPS 025
B14: Jumlah Pemilih dalam Daftar Pemilih Tetap (DPT) | D14: LK | E14: 135 | F14: 140 | G14: 137 | H14: 147 | I14: 154 | J14: 129 | K14: 124 | L14: 140 | M14: 144 | N14: 125 | O14: 113 | P14: 137 | Q14: 104 | R14: 126 | S14: 131 | T14: 125 | U14: 131 | V14: 149 | W14: 142 | X14: 134 | Y14: 131 | Z14: 115 | AA14: 141 | AB14: 130 | AC14: 114 | AD14: =SUM(E14:AC14) -> 3298
D15: PR | E15: 145 | F15: 132 | G15: 135 | H15: 140 | I15: 134 | J15: 131 | K15: 136 | L15: 152 | M15: 148 | N15: 129 | O15: 125 | P15: 138 | Q15: 147 | R15: 118 | S15: 153 | T15: 116 | U15: 151 | V15: 145 | W15: 136 | X15: 147 | Y15: 141 | Z15: 113 | AA15: 140 | AB15: 127 | AC15: 131 | AD15: =SUM(E15:AC15) -> 3410
D16: JML | E16: =SUM(E14:E15) -> 280 | F16: =SUM(F14:F15) -> 272 | G16: =SUM(G14:G15) -> 272 | H16: =SUM(H14:H15) -> 287 | I16: =SUM(I14:I15) -> 288 | J16: =SUM(J14:J15) -> 260 | K16: =SUM(K14:K15) -> 260 | L16: =SUM(L14:L15) -> 292 | ... AC16: =SUM(AC14:AC15) -> 245 | AD16: =SUM(E16:AC16) -> 6708
A18: B | B18: PENGGUNA HAK PILIH
B19: 1. | C19: Jumlah pengguna hak pilih dalam Daftar Pemilih Tetap (DPT) | D19: LK | E19: 111 | F19: 99 | G19: 97 | H19: 93 | I19: 112 | J19: 91 | K19: 85 | L19: 98 | M19: 79 | N19: 99 | O19: 85 | P19: 93 | Q19: 66 | R19: 88 | S19: 82 | T19: 96 | U19: 89 | V19: 115 | W19: 99 | X19: 102 | Y19: 93 | Z19: 73 | AA19: 96 | AB19: 88 | AC19: 102 | AD19: =SUM(E19:AC19) -> 2331
D20: PR | E20: 117 | F20: 96 | G20: 107 | H20: 95 | I20: 111 | J20: 88 | K20: 99 | L20: 117 | M20: 95 | N20: 104 | O20: 103 | P20: 106 | Q20: 106 | R20: 91 | S20: 113 | T20: 86 | U20: 108 | V20: 110 | W20: 106 | X20: 123 | Y20: 113 | Z20: 72 | AA20: 104 | AB20: 95 | AC20: 98 | AD20: =SUM(E20:AC20) -> 2563
D21: JML | E21: =SUM(E19:E20) -> 228 | F21: =SUM(F19:F20) -> 195 | G21: =SUM(G19:G20) -> 204 | H21: =SUM(H19:H20) -> 188 | I21: =SUM(I19:I20) -> 223 | J21: =SUM(J19:J20) -> 179 | K21: =SUM(K19:K20) -> 184 | L21: =SUM(L19:L20) -> 215 | ... AC21: =SUM(AC19:AC20) -> 200 | AD21: =SUM(E21:AC21) -> 4894
B22: 2. | C22: Jumlah pengguna hak pilih dalam Daftar Pemilih Tambahan (DPTb) | D22: LK | E22: 0 | F22: 0 | G22: 0 | H22: 0 | I22: 0 | J22: 1 | K22: 1 | L22: 0 | M22: 0 | N22: 0 | O22: 2 | P22: 1 | Q22: 0 | R22: 0 | S22: 0 | T22: 0 | U22: 0 | V22: 0 | W22: 0 | X22: 0 | Y22: 0 | Z22: 0 | AA22: 0 | AB22: 0 | AC22: 0 | AD22: =SUM(E22:AC22) -> 5
D23: PR | E23: 0 | F23: 0 | G23: 0 | H23: 0 | I23: 0 | J23: 0 | K23: 0 | L23: 1 | M23: 0 | N23: 0 | O23: 1 | P23: 0 | Q23: 0 | R23: 0 | S23: 0 | T23: 0 | U23: 0 | V23: 0 | W23: 0 | X23: 0 | Y23: 0 | Z23: 1 | AA23: 0 | AB23: 0 | AC23: 1 | AD23: =SUM(E23:AC23) -> 4
D24: JML | E24: =SUM(E22:E23) -> 0 | F24: =SUM(F22:F23) -> 0 | G24: =SUM(G22:G23) -> 0 | H24: =SUM(H22:H23) -> 0 | I24: =SUM(I22:I23) -> 0 | J24: =SUM(J22:J23) -> 1 | K24: =SUM(K22:K23) -> 1 | L24: =SUM(L22:L23) -> 1 | ... AC24: =SUM(AC22:AC23) -> 1 | AD24: =SUM(E24:AC24) -> 9
B25: 3. | C25: Jumlah pengguna hak pilih dalam Daftar Pemilih Khusus (DPK) | D25: LK | E25: 0 | F25: 1 | G25: 0 | H25: 0 | I25: 0 | J25: 3 | K25: 3 | L25: 0 | M25: 0 | N25: 0 | O25: 4 | P25: 0 | Q25: 2 | R25: 2 | S25: 1 | T25: 2 | U25: 4 | V25: 1 | W25: 1 | X25: 0 | Y25: 0 | Z25: 0 | AA25: 5 | AB25: 4 | AC25: 3 | AD25: =SUM(E25:AC25) -> 36
D26: PR | E26: 0 | F26: 3 | G26: 0 | H26: 1 | I26: 0 | J26: 7 | K26: 2 | L26: 0 | M26: 3 | N26: 0 | O26: 2 | P26: 3 | Q26: 3 | R26: 2 | S26: 1 | T26: 5 | U26: 2 | V26: 1 | W26: 2 | X26: 0 | Y26: 0 | Z26: 0 | AA26: 6 | AB26: 3 | AC26: 6 | AD26: =SUM(E26:AC26) -> 52
D27: JML | E27: =SUM(E25:E26) -> 0 | F27: =SUM(F25:F26) -> 4 | G27: =SUM(G25:G26) -> 0 | H27: =SUM(H25:H26) -> 1 | I27: =SUM(I25:I26) -> 0 | J27: =SUM(J25:J26) -> 10 | K27: =SUM(K25:K26) -> 5 | L27: =SUM(L25:L26) -> 0 | ... AC27: =SUM(AC25:AC26) -> 9 | AD27: =SUM(E27:AC27) -> 88
B28: 4. | C28: Jumlah Pengguna Hak Pilih (B.1+B.2+B.3) | D28: LK | E28: =SUM(E19,E22,E25) -> 111 | F28: =SUM(F19,F22,F25) -> 100 | G28: =SUM(G19,G22,G25) -> 97 | H28: =SUM(H19,H22,H25) -> 93 | I28: =SUM(I19,I22,I25) -> 112 | J28: =SUM(J19,J22,J25) -> 95 | K28: =SUM(K19,K22,K25) -> 89 | L28: =SUM(L19,L22,L25) -> 98 | ... AC28: =SUM(AC19,AC22,AC25) -> 105 | AD28: =SUM(E28:AC28) -> 2372
D29: PR | E29: =SUM(E20,E23,E26) -> 117 | F29: =SUM(F20,F23,F26) -> 99 | G29: =SUM(G20,G23,G26) -> 107 | H29: =SUM(H20,H23,H26) -> 96 | I29: =SUM(I20,I23,I26) -> 111 | J29: =SUM(J20,J23,J26) -> 95 | K29: =SUM(K20,K23,K26) -> 101 | L29: =SUM(L20,L23,L26) -> 118 | ... AC29: =SUM(AC20,AC23,AC26) -> 105 | AD29: =SUM(E29:AC29) -> 2619
D30: JML | E30: =SUM(E28:E29) -> 228 | F30: =SUM(F28:F29) -> 199 | G30: =SUM(G28:G29) -> 204 | H30: =SUM(H28:H29) -> 189 | I30: =SUM(I28:I29) -> 223 | J30: =SUM(J28:J29) -> 190 | K30: =SUM(K28:K29) -> 190 | L30: =SUM(L28:L29) -> 216 | ... AC30: =SUM(AC28:AC29) -> 210 | AD30: =SUM(E30:AC30) -> 4991
A32: II | B32: DATA PENGGUNAAN SURAT SUARA
A33: 1 | B33: Jumlah surat suara yang diterima, termasuk surat suara cadangan 2,5% dari DPT | E33: 286 | F33: 278 | G33: 278 | H33: 293 | I33: 294 | J33: 266 | K33: 266 | L33: 298 | M33: 298 | N33: 260 | O33: 242 | P33: 281 | Q33: 258 | R33: 246 | S33: 290 | T33: 241 | U33: 288 | V33: 300 | W33: 284 | X33: 287 | Y33: 278 | Z33: 232 | AA33: 287 | AB33: 263 | AC33: 250 | AD33: =SUM(E33:AC33) -> 6844
A34: 2 | B34: Jumlah surat suara yang digunakan | E34: 228 | F34: 199 | G34: 204 | H34: 189 | I34: 223 | J34: 190 | K34: 190 | L34: 216 | M34: 177 | N34: 203 | O34: 197 | P34: 203 | Q34: 177 | R34: 183 | S34: 197 | T34: 189 | U34: 203 | V34: 227 | W34: 208 | X34: 225 | Y34: 206 | Z34: 146 | AA34: 211 | AB34: 190 | AC34: 210 | AD34: =SUM(E34:AC34) -> 4991
A35: 3 | B35: Jumlah surat suara dikembalikan oleh pemilih (karena rusak atau keliru coblos) | E35: 0 | F35: 0 | G35: 0 | H35: 0 | I35: 0 | J35: 0 | K35: 0 | L35: 0 | M35: 0 | N35: 0 | O35: 0 | P35: 0 | Q35: 1 | R35: 0 | S35: 0 | T35: 0 | U35: 0 | V35: 0 | W35: 0 | X35: 0 | Y35: 0 | Z35: 0 | AA35: 0 | AB35: 0 | AC35: 0 | AD35: =SUM(E35:AC35) -> 1
A36: 4 | B36: Jumlah surat suara yang tidak digunakan/tidak terpakai, termasuk sisa surat suara cadangan | E36: =E33-(E34+E35) -> 58 | F36: =F33-(F34+F35) -> 79 | G36: =G33-(G34+G35) -> 74 | H36: =H33-(H34+H35) -> 104 | I36: =I33-(I34+I35) -> 71 | J36: =J33-(J34+J35) -> 76 | K36: =K33-(K34+K35) -> 76 | L36: =L33-(L34+L35) -> 82 | ... AC36: =AC33-(AC34+AC35) -> 40 | AD36: =SUM(E36:AC36) -> 1852
A38: III | B38: DATA PEMILIH DISABILITAS
B39: Jumlah seluruh Pemilih disabilitas yang menggunakan hak pilih | D39: LK | E39: 0 | F39: 0 | G39: 0 | H39: 0 | I39: 0 | J39: 0 | K39: 0 | L39: 1 | M39: 0 | N39: 0 | O39: 0 | P39: 0 | Q39: 0 | R39: 0 | S39: 0 | T39: 0 | U39: 0 | V39: 0 | W39: 0 | X39: 0 | Y39: 0 | Z39: 0 | AA39: 0 | AB39: 0 | AC39: 0 | AD39: =SUM(E39:AC39) -> 1
D40: PR | E40: 0 | F40: 0 | G40: 0 | H40: 1 | I40: 0 | J40: 0 | K40: 0 | L40: 11 | M40: 0 | N40: 0 | O40: 0 | P40: 0 | Q40: 0 | R40: 0 | S40: 0 | T40: 0 | U40: 0 | V40: 0 | W40: 0 | X40: 0 | Y40: 0 | Z40: 0 | AA40: 2 | AB40: 0 | AC40: 0 | AD40: =SUM(E40:AC40) -> 14
D41: JML | E41: =SUM(E39:E40) -> 0 | F41: =SUM(F39:F40) -> 0 | G41: =SUM(G39:G40) -> 0 | H41: =SUM(H39:H40) -> 1 | I41: =SUM(I39:I40) -> 0 | J41: =SUM(J39:J40) -> 0 | K41: =SUM(K39:K40) -> 0 | L41: =SUM(L39:L40) -> 12 | ... AC41: =SUM(AC39:AC40) -> 0 | AD41: =SUM(E41:AC41) -> 15
A43: IV | B43: DATA RINCIAN PEROLEHAN SUARA PASANGAN CALON BUPATI DAN WAKIL BUPATI
A44: NOMOR DAN NAMA CALON
B45: 1. | C45: AA. AHMAD NAWARDI | E45: 11 | F45: 16 | G45: 15 | H45: 30 | I45: 20 | J45: 13 | K45: 14 | L45: 16 | M45: 11 | N45: 9 | O45: 4 | P45: 12 | Q45: 12 | R45: 9 | S45: 9 | T45: 21 | U45: 12 | V45: 11 | W45: 17 | X45: 24 | Y45: 19 | Z45: 13 | AA45: 13 | AB45: 13 | AC45: 10 | AD45: =SUM(E45:AC45) -> 354
B46: 2. | C46: Ir. H. AA LA NYALLA MAHMUD MATTALITI, M.HP. | E46: 36 | F46: 32 | G46: 35 | H46: 25 | I46: 28 | J46: 40 | K46: 34 | L46: 42 | M46: 31 | N46: 29 | O46: 38 | P46: 31 | Q46: 19 | R46: 40 | S46: 30 | T46: 21 | U46: 27 | V46: 46 | W46: 32 | X46: 34 | Y46: 23 | Z46: 31 | AA46: 35 | AB46: 39 | AC46: 28 | AD46: =SUM(E46:AC46) -> 806
B47: 3. | C47: ABDUL QADIR AMIR HARTONO, S.E., S.H., M.H. | E47: 17 | F47: 11 | G47: 12 | H47: 10 | I47: 13 | J47: 10 | K47: 13 | L47: 14 | M47: 13 | N47: 15 | O47: 19 | P47: 15 | Q47: 7 | R47: 13 | S47: 11 | T47: 13 | U47: 19 | V47: 19 | W47: 17 | X47: 23 | Y47: 16 | Z47: 10 | AA47: 17 | AB47: 13 | AC47: 12 | AD47: =SUM(E47:AC47) -> 352
B48: 4. | C48: ADILLA AZIS, S.E. | E48: 41 | F48: 25 | G48: 16 | H48: 18 | I48: 25 | J48: 18 | K48: 17 | L48: 28 | M48: 21 | N48: 22 | O48: 22 | P48: 13 | Q48: 18 | R48: 22 | S48: 6 | T48: 26 | U48: 18 | V48: 16 | W48: 19 | X48: 21 | Y48: 18 | Z48: 18 | AA48: 25 | AB48: 14 | AC48: 13 | AD48: =SUM(E48:AC48) -> 500
B49: 5. | C49: Ir. H. AGUS RAHARDJO, MSc.M. | E49: 12 | F49: 10 | G49: 9 | H49: 7 | I49: 8 | J49: 13 | K49: 13 | L49: 9 | M49: 9 | N49: 10 | O49: 12 | P49: 14 | Q49: 12 | R49: 10 | S49: 7 | T49: 8 | U49: 13 | V49: 15 | W49: 13 | X49: 10 | Y49: 8 | Z49: 5 | AA49: 12 | AB49: 6 | AC49: 8 | AD49: =SUM(E49:AC49) -> 253
B50: 6. | C50: Drs. AYUB KHAN | E50: 17 | F50: 13 | G50: 27 | H50: 21 | I50: 35 | J50: 12 | K50: 18 | L50: 21 | M50: 20 | N50: 24 | O50: 11 | P50: 11 | Q50: 13 | R50: 5 | S50: 16 | T50: 18 | U50: 21 | V50: 18 | W50: 9 | X50: 30 | Y50: 17 | Z50: 18 | AA50: 20 | AB50: 10 | AC50: 18 | AD50: =SUM(E50:AC50) -> 443
B51: 7. | C51: BAMBANG HARIANTO | E51: 3 | F51: 5 | G51: 1 | H51: 0 | I51: 3 | J51: 3 | K51: 3 | L51: 3 | M51: 0 | N51: 3 | O51: 1 | P51: 3 | Q51: 4 | R51: 1 | S51: 3 | T51: 3 | U51: 3 | V51: 6 | W51: 2 | X51: 1 | Y51: 1 | Z51: 1 | AA51: 3 | AB51: 2 | AC51: 7 | AD51: =SUM(E51:AC51) -> 65
B52: 8. | C52: CATUR RUDI UTANTO, S.Sos. | E52: 3 | F52: 2 | G52: 5 | H52: 5 | I52: 1 | J52: 4 | K52: 2 | L52: 3 | M52: 3 | N52: 4 | O52: 3 | P52: 3 | Q52: 12 | R52: 6 | S52: 3 | T52: 2 | U52: 2 | V52: 4 | W52: 5 | X52: 2 | Y52: 0 | Z52: 3 | AA52: 2 | AB52: 4 | AC52: 3 | AD52: =SUM(E52:AC52) -> 86
B53: 9. | C53: DODDY DWI NUGROHO | E53: 0 | F53: 2 | G53: 3 | H53: 1 | I53: 1 | J53: 1 | K53: 0 | L53: 0 | M53: 0 | N53: 0 | O53: 1 | P53: 1 | Q53: 0 | R53: 0 | S53: 4 | T53: 2 | U53: 3 | V53: 2 | W53: 2 | X53: 0 | Y53: 0 | Z53: 0 | AA53: 0 | AB53: 0 | AC53: 0 | AD53: =SUM(E53:AC53) -> 23
B54: 10. | C54: KONDANG KUSUMANING AYU | E54: 25 | F54: 32 | G54: 24 | H54: 17 | I54: 23 | J54: 19 | K54: 26 | L54: 16 | M54: 28 | N54: 20 | O54: 29 | P54: 38 | Q54: 24 | R54: 21 | S54: 37 | T54: 26 | U54: 24 | V54: 24 | W54: 21 | X54: 28 | Y54: 36 | Z54: 17 | AA54: 31 | AB54: 31 | AC54: 39 | AD54: =SUM(E54:AC54) -> 656
B55: 11. | C55: KUNJUNG WAHYUDI | E55: 0 | F55: 0 | G55: 1 | H55: 1 | I55: 1 | J55: 2 | K55: 1 | L55: 1 | M55: 2 | N55: 4 | O55: 1 | P55: 0 | Q55: 0 | R55: 1 | S55: 3 | T55: 0 | U55: 2 | V55: 3 | W55: 2 | X55: 0 | Y55: 3 | Z55: 0 | AA55: 1 | AB55: 2 | AC55: 2 | AD55: =SUM(E55:AC55) -> 33
B56: 12. | C56: Dr. LIA ISTIFHAMA | E56: 57 | F56: 33 | G56: 27 | H56: 21 | I56: 43 | J56: 24 | K56: 16 | L56: 33 | M56: 18 | N56: 23 | O56: 28 | P56: 32 | Q56: 27 | R56: 25 | S56: 27 | T56: 22 | U56: 22 | V56: 29 | W56: 21 | X56: 27 | Y56: 37 | Z56: 14 | AA56: 31 | AB56: 22 | AC56: 25 | AD56: =SUM(E56:AC56) -> 684
B57: 13. | C57: MOHAMMAD TRIJANTO, S.H., M.M., M.H. | E57: 1 | F57: 2 | G57: 1 | H57: 1 | I57: 0 | J57: 1 | K57: 2 | L57: 0 | M57: 3 | N57: 7 | O57: 9 | P57: 1 | Q57: 1 | R57: 0 | S57: 3 | T57: 1 | U57: 1 | V57: 4 | W57: 2 | X57: 1 | Y57: 3 | Z57: 1 | AA57: 0 | AB57: 3 | AC57: 3 | AD57: =SUM(E57:AC57) -> 51
A59: V | B59: DATA SUARA SAH DAN TIDAK SAH
B60: A. | C60: JUMLAH SELURUH SUARA SAH | E60: =SUM(E45:E57) -> 223 | F60: =SUM(F45:F57) -> 183 | G60: =SUM(G45:G57) -> 176 | H60: =SUM(H45:H57) -> 157 | I60: =SUM(I45:I57) -> 201 | J60: =SUM(J45:J57) -> 160 | K60: =SUM(K45:K57) -> 159 | L60: =SUM(L45:L57) -> 186 | ... AC60: =SUM(AC45:AC57) -> 168 | AD60: =SUM(E60:AC60) -> 4306
B61: B. | C61: JUMLAH SUARA TIDAK SAH | E61: 5 | F61: 16 | G61: 28 | H61: 32 | I61: 22 | J61: 30 | K61: 31 | L61: 30 | M61: 18 | N61: 33 | O61: 19 | P61: 29 | Q61: 28 | R61: 30 | S61: 38 | T61: 26 | U61: 36 | V61: 30 | W61: 46 | X61: 24 | Y61: 25 | Z61: 15 | AA61: 21 | AB61: 31 | AC61: 42 | AD61: =SUM(E61:AC61) -> 685
B62: C. | C62: JUMLAH SELURUH SUARA SAH DAN SUARA TIDAK SAH (V.A + V.B) | E62: =SUM(E60:E61) -> 228 | F62: =SUM(F60:F61) -> 199 | G62: =SUM(G60:G61) -> 204 | H62: =SUM(H60:H61) -> 189 | I62: =SUM(I60:I61) -> 223 | J62: =SUM(J60:J61) -> 190 | K62: =SUM(K60:K61) -> 190 | L62: =SUM(L60:L61) -> 216 | ... AC62: =SUM(AC60:AC61) -> 210 | AD62: =SUM(E62:AC62) -> 4991

Sheet WATUKEBO
C2: Kecamatan | D2: WONGSOREJO
C3: Kabupaten | D3: BANYUWANGI
C4: Provinsi | D4: JAWA TIMUR
C9: Kelurahan | D9: WATUKEBO
A12: I | B12: DATA PEMILIH DAN PENGGUNAAN HAK PILIH | Y12: JUMLAH AKHIR
A13: A | B13: DATA PEMILIH | E13: TPS 001 | F13: TPS 002 | G13: TPS 003 | H13: TPS 004 | I13: TPS 005 | J13: TPS 006 | K13: TPS 007 | L13: TPS 008 | M13: TPS 009 | N13: TPS 010 | O13: TPS 011 | P13: TPS 012 | Q13: TPS 013 | R13: TPS 014 | S13: TPS 015 | T13: TPS 016 | U13: TPS 017 | V13: TPS 018 | W13: TPS 019 | X13: TPS 020
B14: Jumlah Pemilih dalam Daftar Pemilih Tetap (DPT) | D14: LK | E14: 115 | F14: 120 | G14: 132 | H14: 144 | I14: 136 | J14: 136 | K14: 143 | L14: 95 | M14: 108 | N14: 143 | O14: 135 | P14: 150 | Q14: 145 | R14: 131 | S14: 143 | T14: 136 | U14: 151 | V14: 134 | W14: 143 | X14: 110 | Y14: =SUM(E14:X14) -> 2650
D15: PR | E15: 117 | F15: 129 | G15: 134 | H15: 145 | I15: 146 | J15: 151 | K15: 141 | L15: 106 | M15: 115 | N15: 151 | O15: 150 | P15: 139 | Q15: 146 | R15: 144 | S15: 152 | T15: 152 | U15: 133 | V15: 137 | W15: 151 | X15: 111 | Y15: =SUM(E15:X15) -> 2750
D16: JML | E16: =SUM(E14:E15) -> 232 | F16: =SUM(F14:F15) -> 249 | G16: =SUM(G14:G15) -> 266 | H16: =SUM(H14:H15) -> 289 | I16: =SUM(I14:I15) -> 282 | J16: =SUM(J14:J15) -> 287 | K16: =SUM(K14:K15) -> 284 | L16: =SUM(L14:L15) -> 201 | ... X16: =SUM(X14:X15) -> 221 | Y16: =SUM(E16:X16) -> 5400
A18: B | B18: PENGGUNA HAK PILIH
B19: 1. | C19: Jumlah pengguna hak pilih dalam Daftar Pemilih Tetap (DPT) | D19: LK | E19: 97 | F19: 92 | G19: 100 | H19: 122 | I19: 119 | J19: 110 | K19: 112 | L19: 86 | M19: 92 | N19: 117 | O19: 119 | P19: 111 | Q19: 110 | R19: 106 | S19: 115 | T19: 106 | U19: 122 | V19: 108 | W19: 124 | X19: 101 | Y19: =SUM(E19:X19) -> 2169
D20: PR | E20: 100 | F20: 110 | G20: 121 | H20: 129 | I20: 132 | J20: 117 | K20: 107 | L20: 92 | M20: 95 | N20: 127 | O20: 118 | P20: 115 | Q20: 107 | R20: 126 | S20: 124 | T20: 124 | U20: 119 | V20: 107 | W20: 137 | X20: 100 | Y20: =SUM(E20:X20) -> 2307
D21: JML | E21: =SUM(E19:E20) -> 197 | F21: =SUM(F19:F20) -> 202 | G21: =SUM(G19:G20) -> 221 | H21: =SUM(H19:H20) -> 251 | I21: =SUM(I19:I20) -> 251 | J21: =SUM(J19:J20) -> 227 | K21: =SUM(K19:K20) -> 219 | L21: =SUM(L19:L20) -> 178 | ... X21: =SUM(X19:X20) -> 201 | Y21: =SUM(E21:X21) -> 4476
B22: 2. | C22: Jumlah pengguna hak pilih dalam Daftar Pemilih Tambahan (DPTb) | D22: LK | E22: 0 | F22: 1 | G22: 1 | H22: 0 | I22: 0 | J22: 0 | K22: 0 | L22: 0 | M22: 0 | N22: 0 | O22: 0 | P22: 0 | Q22: 0 | R22: 0 | S22: 0 | T22: 0 | U22: 0 | V22: 1 | W22: 0 | X22: 0 | Y22: =SUM(E22:X22) -> 3
D23: PR | E23: 0 | F23: 0 | G23: 0 | H23: 0 | I23: 0 | J23: 0 | K23: 0 | L23: 0 | M23: 0 | N23: 0 | O23: 0 | P23: 0 | Q23: 0 | R23: 0 | S23: 0 | T23: 0 | U23: 0 | V23: 0 | W23: 0 | X23: 0 | Y23: =SUM(E23:X23) -> 0
D24: JML | E24: =SUM(E22:E23) -> 0 | F24: =SUM(F22:F23) -> 1 | G24: =SUM(G22:G23) -> 1 | H24: =SUM(H22:H23) -> 0 | I24: =SUM(I22:I23) -> 0 | J24: =SUM(J22:J23) -> 0 | K24: =SUM(K22:K23) -> 0 | L24: =SUM(L22:L23) -> 0 | ... X24: =SUM(X22:X23) -> 0 | Y24: =SUM(E24:X24) -> 3
B25: 3. | C25: Jumlah pengguna hak pilih dalam Daftar Pemilih Khusus (DPK) | D25: LK | E25: 1 | F25: 3 | G25: 0 | H25: 0 | I25: 0 | J25: 0 | K25: 0 | L25: 0 | M25: 0 | N25: 0 | O25: 0 | P25: 0 | Q25: 11 | R25: 0 | S25: 0 | T25: 0 | U25: 0 | V25: 0 | W25: 0 | X25: 0 | Y25: =SUM(E25:X25) -> 15
D26: PR | E26: 0 | F26: 2 | G26: 0 | H26: 0 | I26: 0 | J26: 0 | K26: 0 | L26: 0 | M26: 0 | N26: 0 | O26: 0 | P26: 0 | Q26: 9 | R26: 0 | S26: 0 | T26: 0 | U26: 1 | V26: 0 | W26: 0 | X26: 0 | Y26: =SUM(E26:X26) -> 12
D27: JML | E27: =SUM(E25:E26) -> 1 | F27: =SUM(F25:F26) -> 5 | G27: =SUM(G25:G26) -> 0 | H27: =SUM(H25:H26) -> 0 | I27: =SUM(I25:I26) -> 0 | J27: =SUM(J25:J26) -> 0 | K27: =SUM(K25:K26) -> 0 | L27: =SUM(L25:L26) -> 0 | ... X27: =SUM(X25:X26) -> 0 | Y27: =SUM(E27:X27) -> 27
B28: 4. | C28: Jumlah Pengguna Hak Pilih (B.1+B.2+B.3) | D28: LK | E28: =SUM(E19,E22,E25) -> 98 | F28: =SUM(F19,F22,F25) -> 96 | G28: =SUM(G19,G22,G25) -> 101 | H28: =SUM(H19,H22,H25) -> 122 | I28: =SUM(I19,I22,I25) -> 119 | J28: =SUM(J19,J22,J25) -> 110 | K28: =SUM(K19,K22,K25) -> 112 | L28: =SUM(L19,L22,L25) -> 86 | ... X28: =SUM(X19,X22,X25) -> 101 | Y28: =SUM(E28:X28) -> 2187
D29: PR | E29: =SUM(E20,E23,E26) -> 100 | F29: =SUM(F20,F23,F26) -> 112 | G29: =SUM(G20,G23,G26) -> 121 | H29: =SUM(H20,H23,H26) -> 129 | I29: =SUM(I20,I23,I26) -> 132 | J29: =SUM(J20,J23,J26) -> 117 | K29: =SUM(K20,K23,K26) -> 107 | L29: =SUM(L20,L23,L26) -> 92 | ... X29: =SUM(X20,X23,X26) -> 100 | Y29: =SUM(E29:X29) -> 2319
D30: JML | E30: =SUM(E28:E29) -> 198 | F30: =SUM(F28:F29) -> 208 | G30: =SUM(G28:G29) -> 222 | H30: =SUM(H28:H29) -> 251 | I30: =SUM(I28:I29) -> 251 | J30: =SUM(J28:J29) -> 227 | K30: =SUM(K28:K29) -> 219 | L30: =SUM(L28:L29) -> 178 | ... X30: =SUM(X28:X29) -> 201 | Y30: =SUM(E30:X30) -> 4506
A32: II | B32: DATA PENGGUNAAN SURAT SUARA
A33: 1 | B33: Jumlah surat suara yang diterima, termasuk surat suara cadangan 2,5% dari DPT | E33: 237 | F33: 254 | G33: 272 | H33: 295 | I33: 288 | J33: 293 | K33: 290 | L33: 206 | M33: 227 | N33: 300 | O33: 291 | P33: 295 | Q33: 297 | R33: 281 | S33: 301 | T33: 294 | U33: 290 | V33: 271 | W33: 300 | X33: 226 | Y33: =SUM(E33:X33) -> 5508
A34: 2 | B34: Jumlah surat suara yang digunakan | E34: 198 | F34: 208 | G34: 222 | H34: 251 | I34: 251 | J34: 227 | K34: 219 | L34: 178 | M34: 187 | N34: 244 | O34: 237 | P34: 226 | Q34: 237 | R34: 232 | S34: 239 | T34: 230 | U34: 242 | V34: 216 | W34: 261 | X34: 201 | Y34: =SUM(E34:X34) -> 4506
A35: 3 | B35: Jumlah surat suara dikembalikan oleh pemilih (karena rusak atau keliru coblos) | E35: 0 | F35: 0 | G35: 0 | H35: 0 | I35: 0 | J35: 0 | K35: 0 | L35: 0 | M35: 0 | N35: 0 | O35: 0 | P35: 0 | Q35: 0 | R35: 0 | S35: 0 | T35: 0 | U35: 0 | V35: 11 | W35: 0 | X35: 1 | Y35: =SUM(E35:X35) -> 12
A36: 4 | B36: Jumlah surat suara yang tidak digunakan/tidak terpakai, termasuk sisa surat suara cadangan | E36: =E33-(E34+E35) -> 39 | F36: =F33-(F34+F35) -> 46 | G36: =G33-(G34+G35) -> 50 | H36: =H33-(H34+H35) -> 44 | I36: =I33-(I34+I35) -> 37 | J36: =J33-(J34+J35) -> 66 | K36: =K33-(K34+K35) -> 71 | L36: =L33-(L34+L35) -> 28 | ... X36: =X33-(X34+X35) -> 24 | Y36: =SUM(E36:X36) -> 990
A38: III | B38: DATA PEMILIH DISABILITAS
B39: Jumlah seluruh Pemilih disabilitas yang menggunakan hak pilih | D39: LK | E39: 0 | F39: 0 | G39: 0 | H39: 0 | I39: 0 | J39: 0 | K39: 0 | L39: 0 | M39: 0 | N39: 0 | O39: 0 | P39: 0 | Q39: 0 | R39: 0 | S39: 0 | T39: 0 | U39: 0 | V39: 0 | W39: 0 | X39: 0 | Y39: =SUM(E39:X39) -> 0
D40: PR | E40: 0 | F40: 0 | G40: 0 | H40: 0 | I40: 0 | J40: 0 | K40: 0 | L40: 0 | M40: 0 | N40: 0 | O40: 0 | P40: 0 | Q40: 0 | R40: 0 | S40: 0 | T40: 0 | U40: 0 | V40: 0 | W40: 0 | X40: 0 | Y40: =SUM(E40:X40) -> 0
D41: JML | E41: =SUM(E39:E40) -> 0 | F41: =SUM(F39:F40) -> 0 | G41: =SUM(G39:G40) -> 0 | H41: =SUM(H39:H40) -> 0 | I41: =SUM(I39:I40) -> 0 | J41: =SUM(J39:J40) -> 0 | K41: =SUM(K39:K40) -> 0 | L41: =SUM(L39:L40) -> 0 | ... X41: =SUM(X39:X40) -> 0 | Y41: =SUM(E41:X41) -> 0
A43: IV | B43: DATA RINCIAN PEROLEHAN SUARA PASANGAN CALON BUPATI DAN WAKIL BUPATI
A44: NOMOR DAN NAMA CALON
B45: 1. | C45: AA. AHMAD NAWARDI | E45: 31 | F45: 15 | G45: 19 | H45: 29 | I45: 18 | J45: 27 | K45: 26 | L45: 10 | M45: 13 | N45: 21 | O45: 21 | P45: 16 | Q45: 15 | R45: 30 | S45: 36 | T45: 15 | U45: 20 | V45: 19 | W45: 12 | X45: 33 | Y45: =SUM(E45:X45) -> 426
B46: 2. | C46: Ir. H. AA LA NYALLA MAHMUD MATTALITI, M.HP. | E46: 40 | F46: 47 | G46: 32 | H46: 37 | I46: 67 | J46: 35 | K46: 41 | L46: 34 | M46: 19 | N46: 61 | O46: 45 | P46: 48 | Q46: 70 | R46: 46 | S46: 55 | T46: 66 | U46: 43 | V46: 50 | W46: 46 | X46: 45 | Y46: =SUM(E46:X46) -> 927
B47: 3. | C47: ABDUL QADIR AMIR HARTONO, S.E., S.H., M.H. | E47: 7 | F47: 12 | G47: 12 | H47: 12 | I47: 9 | J47: 13 | K47: 11 | L47: 8 | M47: 12 | N47: 15 | O47: 14 | P47: 8 | Q47: 19 | R47: 16 | S47: 15 | T47: 11 | U47: 22 | V47: 19 | W47: 27 | X47: 18 | Y47: =SUM(E47:X47) -> 280
B48: 4. | C48: ADILLA AZIS, S.E. | E48: 21 | F48: 29 | G48: 24 | H48: 26 | I48: 31 | J48: 28 | K48: 31 | L48: 30 | M48: 20 | N48: 33 | O48: 24 | P48: 15 | Q48: 25 | R48: 34 | S48: 18 | T48: 30 | U48: 35 | V48: 33 | W48: 40 | X48: 20 | Y48: =SUM(E48:X48) -> 547
B49: 5. | C49: Ir. H. AGUS RAHARDJO, MSc.M. | E49: 17 | F49: 16 | G49: 12 | H49: 14 | I49: 13 | J49: 13 | K49: 6 | L49: 7 | M49: 5 | N49: 11 | O49: 10 | P49: 7 | Q49: 20 | R49: 13 | S49: 12 | T49: 13 | U49: 13 | V49: 17 | W49: 16 | X49: 22 | Y49: =SUM(E49:X49) -> 257
B50: 6. | C50: Drs. AYUB KHAN | E50: 28 | F50: 21 | G50: 29 | H50: 62 | I50: 48 | J50: 33 | K50: 23 | L50: 18 | M50: 43 | N50: 13 | O50: 19 | P50: 15 | Q50: 8 | R50: 32 | S50: 19 | T50: 9 | U50: 21 | V50: 17 | W50: 18 | X50: 13 | Y50: =SUM(E50:X50) -> 489
B51: 7. | C51: BAMBANG HARIANTO | E51: 2 | F51: 0 | G51: 4 | H51: 2 | I51: 3 | J51: 3 | K51: 1 | L51: 2 | M51: 2 | N51: 0 | O51: 2 | P51: 2 | Q51: 2 | R51: 1 | S51: 2 | T51: 2 | U51: 4 | V51: 1 | W51: 9 | X51: 0 | Y51: =SUM(E51:X51) -> 44
B52: 8. | C52: CATUR RUDI UTANTO, S.Sos. | E52: 1 | F52: 0 | G52: 1 | H52: 0 | I52: 0 | J52: 0 | K52: 2 | L52: 0 | M52: 0 | N52: 2 | O52: 1 | P52: 2 | Q52: 0 | R52: 3 | S52: 4 | T52: 1 | U52: 3 | V52: 2 | W52: 4 | X52: 8 | Y52: =SUM(E52:X52) -> 34
B53: 9. | C53: DODDY DWI NUGROHO | E53: 0 | F53: 1 | G53: 3 | H53: 0 | I53: 0 | J53: 2 | K53: 0 | L53: 1 | M53: 1 | N53: 1 | O53: 0 | P53: 0 | Q53: 1 | R53: 1 | S53: 1 | T53: 0 | U53: 1 | V53: 0 | W53: 4 | X53: 3 | Y53: =SUM(E53:X53) -> 20
B54: 10. | C54: KONDANG KUSUMANING AYU | E54: 22 | F54: 26 | G54: 39 | H54: 23 | I54: 22 | J54: 25 | K54: 26 | L54: 39 | M54: 34 | N54: 22 | O54: 32 | P54: 65 | Q54: 36 | R54: 19 | S54: 33 | T54: 36 | U54: 37 | V54: 24 | W54: 37 | X54: 24 | Y54: =SUM(E54:X54) -> 621
B55: 11. | C55: KUNJUNG WAHYUDI | E55: 0 | F55: 0 | G55: 0 | H55: 0 | I55: 1 | J55: 0 | K55: 5 | L55: 0 | M55: 1 | N55: 0 | O55: 3 | P55: 2 | Q55: 0 | R55: 0 | S55: 0 | T55: 1 | U55: 1 | V55: 3 | W55: 1 | X55: 1 | Y55: =SUM(E55:X55) -> 19
B56: 12. | C56: Dr. LIA ISTIFHAMA | E56: 21 | F56: 23 | G56: 33 | H56: 32 | I56: 24 | J56: 28 | K56: 37 | L56: 19 | M56: 29 | N56: 24 | O56: 26 | P56: 31 | Q56: 35 | R56: 25 | S56: 25 | T56: 35 | U56: 23 | V56: 20 | W56: 36 | X56: 9 | Y56: =SUM(E56:X56) -> 535
B57: 13. | C57: MOHAMMAD TRIJANTO, S.H., M.M., M.H. | E57: 0 | F57: 4 | G57: 1 | H57: 1 | I57: 2 | J57: 0 | K57: 1 | L57: 0 | M57: 2 | N57: 1 | O57: 2 | P57: 1 | Q57: 0 | R57: 0 | S57: 2 | T57: 1 | U57: 1 | V57: 0 | W57: 4 | X57: 2 | Y57: =SUM(E57:X57) -> 25
A59: V | B59: DATA SUARA SAH DAN TIDAK SAH
B60: A. | C60: JUMLAH SELURUH SUARA SAH | E60: =SUM(E45:E57) -> 190 | F60: =SUM(F45:F57) -> 194 | G60: =SUM(G45:G57) -> 209 | H60: =SUM(H45:H57) -> 238 | I60: =SUM(I45:I57) -> 238 | J60: =SUM(J45:J57) -> 207 | K60: =SUM(K45:K57) -> 210 | L60: =SUM(L45:L57) -> 168 | ... X60: =SUM(X45:X57) -> 198 | Y60: =SUM(E60:X60) -> 4224
B61: B. | C61: JUMLAH SUARA TIDAK SAH | E61: 8 | F61: 14 | G61: 13 | H61: 13 | I61: 13 | J61: 20 | K61: 9 | L61: 10 | M61: 6 | N61: 40 | O61: 38 | P61: 14 | Q61: 6 | R61: 12 | S61: 17 | T61: 10 | U61: 18 | V61: 11 | W61: 7 | X61: 3 | Y61: =SUM(E61:X61) -> 282
B62: C. | C62: JUMLAH SELURUH SUARA SAH DAN SUARA TIDAK SAH (V.A + V.B) | E62: =SUM(E60:E61) -> 198 | F62: =SUM(F60:F61) -> 208 | G62: =SUM(G60:G61) -> 222 | H62: =SUM(H60:H61) -> 251 | I62: =SUM(I60:I61) -> 251 | J62: =SUM(J60:J61) -> 227 | K62: =SUM(K60:K61) -> 219 | L62: =SUM(L60:L61) -> 178 | ... X62: =SUM(X60:X61) -> 201 | Y62: =SUM(E62:X62) -> 4506

Sheet ALASREJO
C2: Kecamatan | D2: WONGSOREJO
C3: Kabupaten | D3: BANYUWANGI
C4: Provinsi | D4: JAWA TIMUR
C9: Kelurahan | D9: ALASREJO
A12: I | B12: DATA PEMILIH DAN PENGGUNAAN HAK PILIH | U12: JUMLAH AKHIR
A13: A | B13: DATA PEMILIH | E13: TPS 001 | F13: TPS 002 | G13: TPS 003 | H13: TPS 004 | I13: TPS 005 | J13: TPS 006 | K13: TPS 007 | L13: TPS 008 | M13: TPS 009 | N13: TPS 010 | O13: TPS 011 | P13: TPS 012 | Q13: TPS 013 | R13: TPS 014 | S13: TPS 015 | T13: TPS 016
B14: Jumlah Pemilih dalam Daftar Pemilih Tetap (DPT) | D14: LK | E14: 99 | F14: 128 | G14: 131 | H14: 141 | I14: 140 | J14: 136 | K14: 148 | L14: 132 | M14: 136 | N14: 142 | O14: 130 | P14: 139 | Q14: 123 | R14: 142 | S14: 144 | T14: 138 | U14: =SUM(E14:T14) -> 2149
D15: PR | E15: 114 | F15: 141 | G15: 138 | H15: 135 | I15: 144 | J15: 137 | K15: 135 | L15: 150 | M15: 148 | N15: 138 | O15: 147 | P15: 144 | Q15: 148 | R15: 146 | S15: 147 | T15: 146 | U15: =SUM(E15:T15) -> 2258
D16: JML | E16: =SUM(E14:E15) -> 213 | F16: =SUM(F14:F15) -> 269 | G16: =SUM(G14:G15) -> 269 | H16: =SUM(H14:H15) -> 276 | I16: =SUM(I14:I15) -> 284 | J16: =SUM(J14:J15) -> 273 | K16: =SUM(K14:K15) -> 283 | L16: =SUM(L14:L15) -> 282 | ... T16: =SUM(T14:T15) -> 284 | U16: =SUM(E16:T16) -> 4407
A18: B | B18: PENGGUNA HAK PILIH
B19: 1. | C19: Jumlah pengguna hak pilih dalam Daftar Pemilih Tetap (DPT) | D19: LK | E19: 75 | F19: 109 | G19: 98 | H19: 107 | I19: 104 | J19: 94 | K19: 108 | L19: 98 | M19: 109 | N19: 104 | O19: 107 | P19: 111 | Q19: 106 | R19: 106 | S19: 105 | T19: 103 | U19: =SUM(E19:T19) -> 1644
D20: PR | E20: 92 | F20: 113 | G20: 107 | H20: 110 | I20: 125 | J20: 98 | K20: 110 | L20: 113 | M20: 123 | N20: 107 | O20: 114 | P20: 110 | Q20: 126 | R20: 115 | S20: 119 | T20: 112 | U20: =SUM(E20:T20) -> 1794
D21: JML | E21: =SUM(E19:E20) -> 167 | F21: =SUM(F19:F20) -> 222 | G21: =SUM(G19:G20) -> 205 | H21: =SUM(H19:H20) -> 217 | I21: =SUM(I19:I20) -> 229 | J21: =SUM(J19:J20) -> 192 | K21: =SUM(K19:K20) -> 218 | L21: =SUM(L19:L20) -> 211 | ... T21: =SUM(T19:T20) -> 215 | U21: =SUM(E21:T21) -> 3438
B22: 2. | C22: Jumlah pengguna hak pilih dalam Daftar Pemilih Tambahan (DPTb) | D22: LK | E22: 0 | F22: 0 | G22: 0 | H22: 0 | I22: 0 | J22: 0 | K22: 2 | L22: 0 | M22: 0 | N22: 1 | O22: 1 | P22: 0 | Q22: 0 | R22: 1 | S22: 1 | T22: 0 | U22: =SUM(E22:T22) -> 6
D23: PR | E23: 0 | F23: 0 | G23: 0 | H23: 0 | I23: 0 | J23: 0 | K23: 0 | L23: 0 | M23: 1 | N23: 0 | O23: 0 | P23: 0 | Q23: 0 | R23: 1 | S23: 2 | T23: 0 | U23: =SUM(E23:T23) -> 4
D24: JML | E24: =SUM(E22:E23) -> 0 | F24: =SUM(F22:F23) -> 0 | G24: =SUM(G22:G23) -> 0 | H24: =SUM(H22:H23) -> 0 | I24: =SUM(I22:I23) -> 0 | J24: =SUM(J22:J23) -> 0 | K24: =SUM(K22:K23) -> 2 | L24: =SUM(L22:L23) -> 0 | ... T24: =SUM(T22:T23) -> 0 | U24: =SUM(E24:T24) -> 10
B25: 3. | C25: Jumlah pengguna hak pilih dalam Daftar Pemilih Khusus (DPK) | D25: LK | E25: 6 | F25: 0 | G25: 0 | H25: 0 | I25: 0 | J25: 0 | K25: 0 | L25: 0 | M25: 1 | N25: 0 | O25: 5 | P25: 1 | Q25: 0 | R25: 0 | S25: 0 | T25: 0 | U25: =SUM(E25:T25) -> 13
D26: PR | E26: 4 | F26: 0 | G26: 0 | H26: 0 | I26: 0 | J26: 0 | K26: 0 | L26: 0 | M26: 3 | N26: 0 | O26: 8 | P26: 0 | Q26: 0 | R26: 0 | S26: 0 | T26: 0 | U26: =SUM(E26:T26) -> 15
D27: JML | E27: =SUM(E25:E26) -> 10 | F27: =SUM(F25:F26) -> 0 | G27: =SUM(G25:G26) -> 0 | H27: =SUM(H25:H26) -> 0 | I27: =SUM(I25:I26) -> 0 | J27: =SUM(J25:J26) -> 0 | K27: =SUM(K25:K26) -> 0 | L27: =SUM(L25:L26) -> 0 | ... T27: =SUM(T25:T26) -> 0 | U27: =SUM(E27:T27) -> 28
B28: 4. | C28: Jumlah Pengguna Hak Pilih (B.1+B.2+B.3) | D28: LK | E28: =SUM(E19,E22,E25) -> 81 | F28: =SUM(F19,F22,F25) -> 109 | G28: =SUM(G19,G22,G25) -> 98 | H28: =SUM(H19,H22,H25) -> 107 | I28: =SUM(I19,I22,I25) -> 104 | J28: =SUM(J19,J22,J25) -> 94 | K28: =SUM(K19,K22,K25) -> 110 | L28: =SUM(L19,L22,L25) -> 98 | ... T28: =SUM(T19,T22,T25) -> 103 | U28: =SUM(E28:T28) -> 1663
D29: PR | E29: =SUM(E20,E23,E26) -> 96 | F29: =SUM(F20,F23,F26) -> 113 | G29: =SUM(G20,G23,G26) -> 107 | H29: =SUM(H20,H23,H26) -> 110 | I29: =SUM(I20,I23,I26) -> 125 | J29: =SUM(J20,J23,J26) -> 98 | K29: =SUM(K20,K23,K26) -> 110 | L29: =SUM(L20,L23,L26) -> 113 | ... T29: =SUM(T20,T23,T26) -> 112 | U29: =SUM(E29:T29) -> 1813
D30: JML | E30: =SUM(E28:E29) -> 177 | F30: =SUM(F28:F29) -> 222 | G30: =SUM(G28:G29) -> 205 | H30: =SUM(H28:H29) -> 217 | I30: =SUM(I28:I29) -> 229 | J30: =SUM(J28:J29) -> 192 | K30: =SUM(K28:K29) -> 220 | L30: =SUM(L28:L29) -> 211 | ... T30: =SUM(T28:T29) -> 215 | U30: =SUM(E30:T30) -> 3476
A32: II | B32: DATA PENGGUNAAN SURAT SUARA
A33: 1 | B33: Jumlah surat suara yang diterima, termasuk surat suara cadangan 2,5% dari DPT | E33: 218 | F33: 275 | G33: 275 | H33: 282 | I33: 290 | J33: 279 | K33: 289 | L33: 288 | M33: 290 | N33: 286 | O33: 283 | P33: 289 | Q33: 278 | R33: 294 | S33: 297 | T33: 290 | U33: =SUM(E33:T33) -> 4503
A34: 2 | B34: Jumlah surat suara yang digunakan | E34: 177 | F34: 222 | G34: 205 | H34: 217 | I34: 229 | J34: 192 | K34: 220 | L34: 211 | M34: 237 | N34: 212 | O34: 235 | P34: 222 | Q34: 232 | R34: 223 | S34: 227 | T34: 215 | U34: =SUM(E34:T34) -> 3476
A35: 3 | B35: Jumlah surat suara dikembalikan oleh pemilih (karena rusak atau keliru coblos) | E35: 0 | F35: 1 | G35: 0 | H35: 0 | I35: 0 | J35: 0 | K35: 0 | L35: 1 | M35: 0 | N35: 0 | O35: 1 | P35: 2 | Q35: 0 | R35: 2 | S35: 0 | T35: 0 | U35: =SUM(E35:T35) -> 7
A36: 4 | B36: Jumlah surat suara yang tidak digunakan/tidak terpakai, termasuk sisa surat suara cadangan | E36: =E33-(E34+E35) -> 41 | F36: =F33-(F34+F35) -> 52 | G36: =G33-(G34+G35) -> 70 | H36: =H33-(H34+H35) -> 65 | I36: =I33-(I34+I35) -> 61 | J36: =J33-(J34+J35) -> 87 | K36: =K33-(K34+K35) -> 69 | L36: =L33-(L34+L35) -> 76 | ... T36: =T33-(T34+T35) -> 75 | U36: =SUM(E36:T36) -> 1020
A38: III | B38: DATA PEMILIH DISABILITAS
B39: Jumlah seluruh Pemilih disabilitas yang menggunakan hak pilih | D39: LK | E39: 0 | F39: 0 | G39: 0 | H39: 0 | I39: 0 | J39: 0 | K39: 0 | L39: 0 | M39: 0 | N39: 0 | O39: 0 | P39: 0 | Q39: 0 | R39: 0 | S39: 0 | T39: 0 | U39: =SUM(E39:T39) -> 0
D40: PR | E40: 0 | F40: 0 | G40: 0 | H40: 0 | I40: 0 | J40: 0 | K40: 0 | L40: 0 | M40: 0 | N40: 0 | O40: 0 | P40: 0 | Q40: 0 | R40: 0 | S40: 0 | T40: 0 | U40: =SUM(E40:T40) -> 0
D41: JML | E41: =SUM(E39:E40) -> 0 | F41: =SUM(F39:F40) -> 0 | G41: =SUM(G39:G40) -> 0 | H41: =SUM(H39:H40) -> 0 | I41: =SUM(I39:I40) -> 0 | J41: =SUM(J39:J40) -> 0 | K41: =SUM(K39:K40) -> 0 | L41: =SUM(L39:L40) -> 0 | ... T41: =SUM(T39:T40) -> 0 | U41: =SUM(E41:T41) -> 0
A43: IV | B43: DATA RINCIAN PEROLEHAN SUARA PASANGAN CALON BUPATI DAN WAKIL BUPATI
A44: NOMOR DAN NAMA CALON
B45: 1. | C45: AA. AHMAD NAWARDI | E45: 35 | F45: 23 | G45: 16 | H45: 16 | I45: 23 | J45: 27 | K45: 21 | L45: 13 | M45: 14 | N45: 15 | O45: 26 | P45: 6 | Q45: 11 | R45: 23 | S45: 22 | T45: 29 | U45: =SUM(E45:T45) -> 320
B46: 2. | C46: Ir. H. AA LA NYALLA MAHMUD MATTALITI, M.HP. | E46: 37 | F46: 30 | G46: 28 | H46: 34 | I46: 35 | J46: 29 | K46: 38 | L46: 42 | M46: 40 | N46: 44 | O46: 40 | P46: 32 | Q46: 33 | R46: 39 | S46: 38 | T46: 40 | U46: =SUM(E46:T46) -> 579
B47: 3. | C47: ABDUL QADIR AMIR HARTONO, S.E., S.H., M.H. | E47: 14 | F47: 20 | G47: 11 | H47: 16 | I47: 11 | J47: 10 | K47: 14 | L47: 11 | M47: 13 | N47: 7 | O47: 14 | P47: 7 | Q47: 8 | R47: 13 | S47: 12 | T47: 5 | U47: =SUM(E47:T47) -> 186
B48: 4. | C48: ADILLA AZIS, S.E. | E48: 6 | F48: 24 | G48: 18 | H48: 27 | I48: 23 | J48: 19 | K48: 27 | L48: 21 | M48: 26 | N48: 19 | O48: 18 | P48: 25 | Q48: 18 | R48: 22 | S48: 20 | T48: 18 | U48: =SUM(E48:T48) -> 331
B49: 5. | C49: Ir. H. AGUS RAHARDJO, MSc.M. | E49: 7 | F49: 8 | G49: 8 | H49: 10 | I49: 6 | J49: 10 | K49: 17 | L49: 18 | M49: 16 | N49: 23 | O49: 13 | P49: 15 | Q49: 12 | R49: 21 | S49: 14 | T49: 10 | U49: =SUM(E49:T49) -> 208
B50: 6. | C50: Drs. AYUB KHAN | E50: 26 | F50: 17 | G50: 34 | H50: 29 | I50: 30 | J50: 13 | K50: 22 | L50: 20 | M50: 19 | N50: 21 | O50: 25 | P50: 29 | Q50: 27 | R50: 32 | S50: 28 | T50: 30 | U50: =SUM(E50:T50) -> 402
B51: 7. | C51: BAMBANG HARIANTO | E51: 1 | F51: 4 | G51: 1 | H51: 4 | I51: 2 | J51: 3 | K51: 2 | L51: 3 | M51: 3 | N51: 1 | O51: 2 | P51: 1 | Q51: 1 | R51: 2 | S51: 3 | T51: 0 | U51: =SUM(E51:T51) -> 33
B52: 8. | C52: CATUR RUDI UTANTO, S.Sos. | E52: 1 | F52: 2 | G52: 2 | H52: 0 | I52: 0 | J52: 1 | K52: 3 | L52: 3 | M52: 2 | N52: 2 | O52: 2 | P52: 1 | Q52: 2 | R52: 3 | S52: 4 | T52: 2 | U52: =SUM(E52:T52) -> 30
B53: 9. | C53: DODDY DWI NUGROHO | E53: 0 | F53: 1 | G53: 1 | H53: 0 | I53: 0 | J53: 1 | K53: 0 | L53: 0 | M53: 2 | N53: 1 | O53: 1 | P53: 0 | Q53: 0 | R53: 1 | S53: 0 | T53: 0 | U53: =SUM(E53:T53) -> 8
B54: 10. | C54: KONDANG KUSUMANING AYU | E54: 18 | F54: 28 | G54: 31 | H54: 19 | I54: 30 | J54: 25 | K54: 24 | L54: 22 | M54: 37 | N54: 24 | O54: 34 | P54: 38 | Q54: 34 | R54: 25 | S54: 25 | T54: 32 | U54: =SUM(E54:T54) -> 446
B55: 11. | C55: KUNJUNG WAHYUDI | E55: 0 | F55: 1 | G55: 0 | H55: 1 | I55: 1 | J55: 1 | K55: 2 | L55: 1 | M55: 4 | N55: 1 | O55: 1 | P55: 0 | Q55: 0 | R55: 0 | S55: 0 | T55: 1 | U55: =SUM(E55:T55) -> 14
B56: 12. | C56: Dr. LIA ISTIFHAMA | E56: 25 | F56: 35 | G56: 23 | H56: 22 | I56: 33 | J56: 24 | K56: 29 | L56: 32 | M56: 43 | N56: 29 | O56: 40 | P56: 46 | Q56: 52 | R56: 21 | S56: 39 | T56: 30 | U56: =SUM(E56:T56) -> 523
B57: 13. | C57: MOHAMMAD TRIJANTO, S.H., M.M., M.H. | E57: 0 | F57: 3 | G57: 0 | H57: 1 | I57: 2 | J57: 0 | K57: 1 | L57: 3 | M57: 1 | N57: 1 | O57: 5 | P57: 0 | Q57: 0 | R57: 1 | S57: 3 | T57: 1 | U57: =SUM(E57:T57) -> 22
A59: V | B59: DATA SUARA SAH DAN TIDAK SAH
B60: A. | C60: JUMLAH SELURUH SUARA SAH | E60: =SUM(E45:E57) -> 170 | F60: =SUM(F45:F57) -> 196 | G60: =SUM(G45:G57) -> 173 | H60: =SUM(H45:H57) -> 179 | I60: =SUM(I45:I57) -> 196 | J60: =SUM(J45:J57) -> 163 | K60: =SUM(K45:K57) -> 200 | L60: =SUM(L45:L57) -> 189 | ... T60: =SUM(T45:T57) -> 198 | U60: =SUM(E60:T60) -> 3102
B61: B. | C61: JUMLAH SUARA TIDAK SAH | E61: 7 | F61: 26 | G61: 32 | H61: 38 | I61: 33 | J61: 29 | K61: 20 | L61: 22 | M61: 17 | N61: 24 | O61: 14 | P61: 22 | Q61: 34 | R61: 20 | S61: 19 | T61: 17 | U61: =SUM(E61:T61) -> 374
B62: C. | C62: JUMLAH SELURUH SUARA SAH DAN SUARA TIDAK SAH (V.A + V.B) | E62: =SUM(E60:E61) -> 177 | F62: =SUM(F60:F61) -> 222 | G62: =SUM(G60:G61) -> 205 | H62: =SUM(H60:H61) -> 217 | I62: =SUM(I60:I61) -> 229 | J62: =SUM(J60:J61) -> 192 | K62: =SUM(K60:K61) -> 220 | L62: =SUM(L60:L61) -> 211 | ... T62: =SUM(T60:T61) -> 215 | U62: =SUM(E62:T62) -> 3476

Sheet SIDOWANGI
C2: Kecamatan | D2: WONGSOREJO
C3: Kabupaten | D3: BANYUWANGI
C4: Provinsi | D4: JAWA TIMUR
C9: Kelurahan | D9: SIDOWANGI
A12: I | B12: DATA PEMILIH DAN PENGGUNAAN HAK PILIH | P12: JUMLAH AKHIR
A13: A | B13: DATA PEMILIH | E13: TPS 001 | F13: TPS 002 | G13: TPS 003 | H13: TPS 004 | I13: TPS 005 | J13: TPS 006 | K13: TPS 007 | L13: TPS 008 | M13: TPS 009 | N13: TPS 010 | O13: TPS 011
B14: Jumlah Pemilih dalam Daftar Pemilih Tetap (DPT) | D14: LK | E14: 149 | F14: 133 | G14: 133 | H14: 110 | I14: 129 | J14: 135 | K14: 117 | L14: 145 | M14: 132 | N14: 146 | O14: 124 | P14: =SUM(E14:O14) -> 1453
D15: PR | E15: 139 | F15: 136 | G15: 139 | H15: 105 | I15: 128 | J15: 146 | K15: 110 | L15: 137 | M15: 149 | N15: 141 | O15: 112 | P15: =SUM(E15:O15) -> 1442
D16: JML | E16: =SUM(E14:E15) -> 288 | F16: =SUM(F14:F15) -> 269 | G16: =SUM(G14:G15) -> 272 | H16: =SUM(H14:H15) -> 215 | I16: =SUM(I14:I15) -> 257 | J16: =SUM(J14:J15) -> 281 | K16: =SUM(K14:K15) -> 227 | L16: =SUM(L14:L15) -> 282 | ... O16: =SUM(O14:O15) -> 236 | P16: =SUM(E16:O16) -> 2895
A18: B | B18: PENGGUNA HAK PILIH
B19: 1. | C19: Jumlah pengguna hak pilih dalam Daftar Pemilih Tetap (DPT) | D19: LK | E19: 111 | F19: 87 | G19: 107 | H19: 82 | I19: 102 | J19: 95 | K19: 76 | L19: 88 | M19: 97 | N19: 108 | O19: 95 | P19: =SUM(E19:O19) -> 1048
D20: PR | E20: 124 | F20: 110 | G20: 121 | H20: 84 | I20: 94 | J20: 112 | K20: 88 | L20: 89 | M20: 111 | N20: 116 | O20: 90 | P20: =SUM(E20:O20) -> 1139
D21: JML | E21: =SUM(E19:E20) -> 235 | F21: =SUM(F19:F20) -> 197 | G21: =SUM(G19:G20) -> 228 | H21: =SUM(H19:H20) -> 166 | I21: =SUM(I19:I20) -> 196 | J21: =SUM(J19:J20) -> 207 | K21: =SUM(K19:K20) -> 164 | L21: =SUM(L19:L20) -> 177 | ... O21: =SUM(O19:O20) -> 185 | P21: =SUM(E21:O21) -> 2187
B22: 2. | C22: Jumlah pengguna hak pilih dalam Daftar Pemilih Tambahan (DPTb) | D22: LK | E22: 0 | F22: 0 | G22: 0 | H22: 0 | I22: 0 | J22: 0 | K22: 0 | L22: 0 | M22: 0 | N22: 0 | O22: 0 | P22: =SUM(E22:O22) -> 0
D23: PR | E23: 0 | F23: 0 | G23: 0 | H23: 0 | I23: 0 | J23: 0 | K23: 0 | L23: 0 | M23: 0 | N23: 0 | O23: 1 | P23: =SUM(E23:O23) -> 1
D24: JML | E24: =SUM(E22:E23) -> 0 | F24: =SUM(F22:F23) -> 0 | G24: =SUM(G22:G23) -> 0 | H24: =SUM(H22:H23) -> 0 | I24: =SUM(I22:I23) -> 0 | J24: =SUM(J22:J23) -> 0 | K24: =SUM(K22:K23) -> 0 | L24: =SUM(L22:L23) -> 0 | ... O24: =SUM(O22:O23) -> 1 | P24: =SUM(E24:O24) -> 1
B25: 3. | C25: Jumlah pengguna hak pilih dalam Daftar Pemilih Khusus (DPK) | D25: LK | E25: 0 | F25: 0 | G25: 0 | H25: 0 | I25: 0 | J25: 0 | K25: 2 | L25: 2 | M25: 0 | N25: 0 | O25: 3 | P25: =SUM(E25:O25) -> 7
D26: PR | E26: 0 | F26: 0 | G26: 0 | H26: 0 | I26: 0 | J26: 0 | K26: 1 | L26: 2 | M26: 0 | N26: 0 | O26: 0 | P26: =SUM(E26:O26) -> 3
D27: JML | E27: =SUM(E25:E26) -> 0 | F27: =SUM(F25:F26) -> 0 | G27: =SUM(G25:G26) -> 0 | H27: =SUM(H25:H26) -> 0 | I27: =SUM(I25:I26) -> 0 | J27: =SUM(J25:J26) -> 0 | K27: =SUM(K25:K26) -> 3 | L27: =SUM(L25:L26) -> 4 | ... O27: =SUM(O25:O26) -> 3 | P27: =SUM(E27:O27) -> 10
B28: 4. | C28: Jumlah Pengguna Hak Pilih (B.1+B.2+B.3) | D28: LK | E28: =SUM(E19,E22,E25) -> 111 | F28: =SUM(F19,F22,F25) -> 87 | G28: =SUM(G19,G22,G25) -> 107 | H28: =SUM(H19,H22,H25) -> 82 | I28: =SUM(I19,I22,I25) -> 102 | J28: =SUM(J19,J22,J25) -> 95 | K28: =SUM(K19,K22,K25) -> 78 | L28: =SUM(L19,L22,L25) -> 90 | ... O28: =SUM(O19,O22,O25) -> 98 | P28: =SUM(E28:O28) -> 1055
D29: PR | E29: =SUM(E20,E23,E26) -> 124 | F29: =SUM(F20,F23,F26) -> 110 | G29: =SUM(G20,G23,G26) -> 121 | H29: =SUM(H20,H23,H26) -> 84 | I29: =SUM(I20,I23,I26) -> 94 | J29: =SUM(J20,J23,J26) -> 112 | K29: =SUM(K20,K23,K26) -> 89 | L29: =SUM(L20,L23,L26) -> 91 | ... O29: =SUM(O20,O23,O26) -> 91 | P29: =SUM(E29:O29) -> 1143
D30: JML | E30: =SUM(E28:E29) -> 235 | F30: =SUM(F28:F29) -> 197 | G30: =SUM(G28:G29) -> 228 | H30: =SUM(H28:H29) -> 166 | I30: =SUM(I28:I29) -> 196 | J30: =SUM(J28:J29) -> 207 | K30: =SUM(K28:K29) -> 167 | L30: =SUM(L28:L29) -> 181 | ... O30: =SUM(O28:O29) -> 189 | P30: =SUM(E30:O30) -> 2198
A32: II | B32: DATA PENGGUNAAN SURAT SUARA
A33: 1 | B33: Jumlah surat suara yang diterima, termasuk surat suara cadangan 2,5% dari DPT | E33: 294 | F33: 275 | G33: 280 | H33: 220 | I33: 263 | J33: 287 | K33: 232 | L33: 287 | M33: 287 | N33: 293 | O33: 241 | P33: =SUM(E33:O33) -> 2959
A34: 2 | B34: Jumlah surat suara yang digunakan | E34: 235 | F34: 197 | G34: 228 | H34: 166 | I34: 196 | J34: 207 | K34: 167 | L34: 181 | M34: 208 | N34: 224 | O34: 189 | P34: =SUM(E34:O34) -> 2198
A35: 3 | B35: Jumlah surat suara dikembalikan oleh pemilih (karena rusak atau keliru coblos) | E35: 0 | F35: 1 | G35: 0 | H35: 0 | I35: 0 | J35: 0 | K35: 0 | L35: 0 | M35: 1 | N35: 0 | O35: 0 | P35: =SUM(E35:O35) -> 2
A36: 4 | B36: Jumlah surat suara yang tidak digunakan/tidak terpakai, termasuk sisa surat suara cadangan | E36: =E33-(E34+E35) -> 59 | F36: =F33-(F34+F35) -> 77 | G36: =G33-(G34+G35) -> 52 | H36: =H33-(H34+H35) -> 54 | I36: =I33-(I34+I35) -> 67 | J36: =J33-(J34+J35) -> 80 | K36: =K33-(K34+K35) -> 65 | L36: =L33-(L34+L35) -> 106 | ... O36: =O33-(O34+O35) -> 52 | P36: =SUM(E36:O36) -> 759
A38: III | B38: DATA PEMILIH DISABILITAS
B39: Jumlah seluruh Pemilih disabilitas yang menggunakan hak pilih | D39: LK | P39: =SUM(E39:O39) -> 0
D40: PR | P40: =SUM(E40:O40) -> 0
D41: JML | E41: =SUM(E39:E40) -> 0 | F41: =SUM(F39:F40) -> 0 | G41: =SUM(G39:G40) -> 0 | H41: =SUM(H39:H40) -> 0 | I41: =SUM(I39:I40) -> 0 | J41: =SUM(J39:J40) -> 0 | K41: =SUM(K39:K40) -> 0 | L41: =SUM(L39:L40) -> 0 | ... O41: =SUM(O39:O40) -> 0 | P41: =SUM(E41:O41) -> 0
A43: IV | B43: DATA RINCIAN PEROLEHAN SUARA PASANGAN CALON BUPATI DAN WAKIL BUPATI
A44: NOMOR DAN NAMA CALON
B45: 1. | C45: AA. AHMAD NAWARDI | E45: 31 | F45: 21 | G45: 19 | H45: 18 | I45: 14 | J45: 23 | K45: 8 | L45: 21 | M45: 30 | N45: 20 | O45: 20 | P45: =SUM(E45:O45) -> 225
B46: 2. | C46: Ir. H. AA LA NYALLA MAHMUD MATTALITI, M.HP. | E46: 14 | F46: 23 | G46: 16 | H46: 17 | I46: 19 | J46: 24 | K46: 30 | L46: 53 | M46: 51 | N46: 56 | O46: 59 | P46: =SUM(E46:O46) -> 362
B47: 3. | C47: ABDUL QADIR AMIR HARTONO, S.E., S.H., M.H. | E47: 17 | F47: 15 | G47: 9 | H47: 14 | I47: 4 | J47: 22 | K47: 12 | L47: 5 | M47: 17 | N47: 16 | O47: 14 | P47: =SUM(E47:O47) -> 145
B48: 4. | C48: ADILLA AZIS, S.E. | E48: 15 | F48: 10 | G48: 10 | H48: 15 | I48: 26 | J48: 13 | K48: 4 | L48: 7 | M48: 13 | N48: 13 | O48: 15 | P48: =SUM(E48:O48) -> 141
B49: 5. | C49: Ir. H. AGUS RAHARDJO, MSc.M. | E49: 6 | F49: 14 | G49: 13 | H49: 15 | I49: 10 | J49: 5 | K49: 7 | L49: 10 | M49: 14 | N49: 14 | O49: 7 | P49: =SUM(E49:O49) -> 115
B50: 6. | C50: Drs. AYUB KHAN | E50: 47 | F50: 37 | G50: 26 | H50: 23 | I50: 17 | J50: 19 | K50: 13 | L50: 23 | M50: 16 | N50: 13 | O50: 6 | P50: =SUM(E50:O50) -> 240
B51: 7. | C51: BAMBANG HARIANTO | E51: 0 | F51: 0 | G51: 0 | H51: 2 | I51: 0 | J51: 2 | K51: 3 | L51: 1 | M51: 1 | N51: 1 | O51: 1 | P51: =SUM(E51:O51) -> 11
B52: 8. | C52: CATUR RUDI UTANTO, S.Sos. | E52: 0 | F52: 1 | G52: 0 | H52: 0 | I52: 1 | J52: 0 | K52: 3 | L52: 0 | M52: 3 | N52: 1 | O52: 1 | P52: =SUM(E52:O52) -> 10
B53: 9. | C53: DODDY DWI NUGROHO | E53: 0 | F53: 0 | G53: 0 | H53: 1 | I53: 0 | J53: 0 | K53: 2 | L53: 0 | M53: 3 | N53: 1 | O53: 0 | P53: =SUM(E53:O53) -> 7
B54: 10. | C54: KONDANG KUSUMANING AYU | E54: 35 | F54: 36 | G54: 33 | H54: 16 | I54: 26 | J54: 31 | K54: 11 | L54: 16 | M54: 10 | N54: 27 | O54: 19 | P54: =SUM(E54:O54) -> 260
B55: 11. | C55: KUNJUNG WAHYUDI | E55: 1 | F55: 2 | G55: 2 | H55: 0 | I55: 0 | J55: 0 | K55: 2 | L55: 0 | M55: 3 | N55: 0 | O55: 0 | P55: =SUM(E55:O55) -> 10
B56: 12. | C56: Dr. LIA ISTIFHAMA | E56: 27 | F56: 23 | G56: 32 | H56: 29 | I56: 34 | J56: 25 | K56: 15 | L56: 21 | M56: 22 | N56: 21 | O56: 21 | P56: =SUM(E56:O56) -> 270
B57: 13. | C57: MOHAMMAD TRIJANTO, S.H., M.M., M.H. | E57: 2 | F57: 0 | G57: 1 | H57: 1 | I57: 0 | J57: 1 | K57: 1 | L57: 2 | M57: 4 | N57: 2 | O57: 1 | P57: =SUM(E57:O57) -> 15
A59: V | B59: DATA SUARA SAH DAN TIDAK SAH
B60: A. | C60: JUMLAH SELURUH SUARA SAH | E60: =SUM(E45:E57) -> 195 | F60: =SUM(F45:F57) -> 182 | G60: =SUM(G45:G57) -> 161 | H60: =SUM(H45:H57) -> 151 | I60: =SUM(I45:I57) -> 151 | J60: =SUM(J45:J57) -> 165 | K60: =SUM(K45:K57) -> 111 | L60: =SUM(L45:L57) -> 159 | ... O60: =SUM(O45:O57) -> 164 | P60: =SUM(E60:O60) -> 1811
B61: B. | C61: JUMLAH SUARA TIDAK SAH | E61: 40 | F61: 15 | G61: 67 | H61: 15 | I61: 45 | J61: 42 | K61: 56 | L61: 22 | M61: 21 | N61: 39 | O61: 25 | P61: =SUM(E61:O61) -> 387
B62: C. | C62: JUMLAH SELURUH SUARA SAH DAN SUARA TIDAK SAH (V.A + V.B) | E62: =SUM(E60:E61) -> 235 | F62: =SUM(F60:F61) -> 197 | G62: =SUM(G60:G61) -> 228 | H62: =SUM(H60:H61) -> 166 | I62: =SUM(I60:I61) -> 196 | J62: =SUM(J60:J61) -> 207 | K62: =SUM(K60:K61) -> 167 | L62: =SUM(L60:L61) -> 181 | ... O62: =SUM(O60:O61) -> 189 | P62: =SUM(E62:O62) -> 2198

Sheet SUMBERANYAR
C2: Kecamatan | D2: WONGSOREJO
C3: Kabupaten | D3: BANYUWANGI
C4: Provinsi | D4: JAWA TIMUR
C9: Kelurahan | D9: SUMBERANYAR
A12: I | B12: DATA PEMILIH DAN PENGGUNAAN HAK PILIH | N12: JUMLAH AKHIR
A13: A | B13: DATA PEMILIH | E13: TPS 001 | F13: TPS 002 | G13: TPS 003 | H13: TPS 004 | I13: TPS 005 | J13: TPS 006 | K13: TPS 007 | L13: TPS 008 | M13: TPS 009
B14: Jumlah Pemilih dalam Daftar Pemilih Tetap (DPT) | D14: LK | E14: 97 | F14: 146 | G14: 123 | H14: 104 | I14: 122 | J14: 138 | K14: 129 | L14: 99 | M14: 134 | N14: =SUM(E14:M14) -> 1092
D15: PR | E15: 93 | F15: 147 | G15: 130 | H15: 114 | I15: 129 | J15: 124 | K15: 124 | L15: 97 | M15: 129 | N15: =SUM(E15:M15) -> 1087
D16: JML | E16: =SUM(E14:E15) -> 190 | F16: =SUM(F14:F15) -> 293 | G16: =SUM(G14:G15) -> 253 | H16: =SUM(H14:H15) -> 218 | I16: =SUM(I14:I15) -> 251 | J16: =SUM(J14:J15) -> 262 | K16: =SUM(K14:K15) -> 253 | L16: =SUM(L14:L15) -> 196 | M16: =SUM(M14:M15) -> 263 | N16: =SUM(E16:M16) -> 2179
A18: B | B18: PENGGUNA HAK PILIH
B19: 1. | C19: Jumlah pengguna hak pilih dalam Daftar Pemilih Tetap (DPT) | D19: LK | E19: 74 | F19: 115 | G19: 102 | H19: 81 | I19: 90 | J19: 113 | K19: 94 | L19: 79 | M19: 97 | N19: =SUM(E19:M19) -> 845
D20: PR | E20: 74 | F20: 120 | G20: 110 | H20: 89 | I20: 106 | J20: 98 | K20: 91 | L20: 81 | M20: 112 | N20: =SUM(E20:M20) -> 881
D21: JML | E21: =SUM(E19:E20) -> 148 | F21: =SUM(F19:F20) -> 235 | G21: =SUM(G19:G20) -> 212 | H21: =SUM(H19:H20) -> 170 | I21: =SUM(I19:I20) -> 196 | J21: =SUM(J19:J20) -> 211 | K21: =SUM(K19:K20) -> 185 | L21: =SUM(L19:L20) -> 160 | M21: =SUM(M19:M20) -> 209 | N21: =SUM(E21:M21) -> 1726
B22: 2. | C22: Jumlah pengguna hak pilih dalam Daftar Pemilih Tambahan (DPTb) | D22: LK | N22: =SUM(E22:M22) -> 0
D23: PR | N23: =SUM(E23:M23) -> 0
D24: JML | E24: =SUM(E22:E23) -> 0 | F24: =SUM(F22:F23) -> 0 | G24: =SUM(G22:G23) -> 0 | H24: =SUM(H22:H23) -> 0 | I24: =SUM(I22:I23) -> 0 | J24: =SUM(J22:J23) -> 0 | K24: =SUM(K22:K23) -> 0 | L24: =SUM(L22:L23) -> 0 | M24: =SUM(M22:M23) -> 0 | N24: =SUM(E24:M24) -> 0
B25: 3. | C25: Jumlah pengguna hak pilih dalam Daftar Pemilih Khusus (DPK) | D25: LK | E25: 0 | F25: 0 | G25: 0 | H25: 0 | I25: 0 | J25: 0 | K25: 1 | L25: 0 | M25: 0 | N25: =SUM(E25:M25) -> 1
D26: PR | E26: 0 | F26: 0 | G26: 0 | H26: 0 | I26: 0 | J26: 0 | K26: 1 | L26: 0 | M26: 0 | N26: =SUM(E26:M26) -> 1
D27: JML | E27: =SUM(E25:E26) -> 0 | F27: =SUM(F25:F26) -> 0 | G27: =SUM(G25:G26) -> 0 | H27: =SUM(H25:H26) -> 0 | I27: =SUM(I25:I26) -> 0 | J27: =SUM(J25:J26) -> 0 | K27: =SUM(K25:K26) -> 2 | L27: =SUM(L25:L26) -> 0 | M27: =SUM(M25:M26) -> 0 | N27: =SUM(E27:M27) -> 2
B28: 4. | C28: Jumlah Pengguna Hak Pilih (B.1+B.2+B.3) | D28: LK | E28: =SUM(E19,E22,E25) -> 74 | F28: =SUM(F19,F22,F25) -> 115 | G28: =SUM(G19,G22,G25) -> 102 | H28: =SUM(H19,H22,H25) -> 81 | I28: =SUM(I19,I22,I25) -> 90 | J28: =SUM(J19,J22,J25) -> 113 | K28: =SUM(K19,K22,K25) -> 95 | L28: =SUM(L19,L22,L25) -> 79 | M28: =SUM(M19,M22,M25) -> 97 | N28: =SUM(E28:M28) -> 846
D29: PR | E29: =SUM(E20,E23,E26) -> 74 | F29: =SUM(F20,F23,F26) -> 120 | G29: =SUM(G20,G23,G26) -> 110 | H29: =SUM(H20,H23,H26) -> 89 | I29: =SUM(I20,I23,I26) -> 106 | J29: =SUM(J20,J23,J26) -> 98 | K29: =SUM(K20,K23,K26) -> 92 | L29: =SUM(L20,L23,L26) -> 81 | M29: =SUM(M20,M23,M26) -> 112 | N29: =SUM(E29:M29) -> 882
D30: JML | E30: =SUM(E28:E29) -> 148 | F30: =SUM(F28:F29) -> 235 | G30: =SUM(G28:G29) -> 212 | H30: =SUM(H28:H29) -> 170 | I30: =SUM(I28:I29) -> 196 | J30: =SUM(J28:J29) -> 211 | K30: =SUM(K28:K29) -> 187 | L30: =SUM(L28:L29) -> 160 | M30: =SUM(M28:M29) -> 209 | N30: =SUM(E30:M30) -> 1728
A32: II | B32: DATA PENGGUNAAN SURAT SUARA
A33: 1 | B33: Jumlah surat suara yang diterima, termasuk surat suara cadangan 2,5% dari DPT | E33: 194 | F33: 299 | G33: 259 | H33: 223 | I33: 257 | J33: 268 | K33: 259 | L33: 200 | M33: 269 | N33: =SUM(E33:M33) -> 2228
A34: 2 | B34: Jumlah surat suara yang digunakan | E34: 148 | F34: 235 | G34: 212 | H34: 170 | I34: 196 | J34: 211 | K34: 187 | L34: 160 | M34: 209 | N34: =SUM(E34:M34) -> 1728
A35: 3 | B35: Jumlah surat suara dikembalikan oleh pemilih (karena rusak atau keliru coblos) | E35: 0 | F35: 0 | G35: 0 | H35: 0 | I35: 0 | J35: 0 | K35: 0 | L35: 0 | M35: 1 | N35: =SUM(E35:M35) -> 1
A36: 4 | B36: Jumlah surat suara yang tidak digunakan/tidak terpakai, termasuk sisa surat suara cadangan | E36: =E33-(E34+E35) -> 46 | F36: =F33-(F34+F35) -> 64 | G36: =G33-(G34+G35) -> 47 | H36: =H33-(H34+H35) -> 53 | I36: =I33-(I34+I35) -> 61 | J36: =J33-(J34+J35) -> 57 | K36: =K33-(K34+K35) -> 72 | L36: =L33-(L34+L35) -> 40 | M36: =M33-(M34+M35) -> 59 | N36: =SUM(E36:M36) -> 499
A38: III | B38: DATA PEMILIH DISABILITAS
B39: Jumlah seluruh Pemilih disabilitas yang menggunakan hak pilih | D39: LK | E39: 0 | F39: 0 | G39: 0 | H39: 0 | I39: 0 | J39: 0 | K39: 0 | L39: 0 | M39: 1 | N39: =SUM(E39:M39) -> 1
D40: PR | E40: 0 | F40: 0 | G40: 0 | H40: 0 | I40: 0 | J40: 0 | K40: 1 | L40: 0 | M40: 0 | N40: =SUM(E40:M40) -> 1
D41: JML | E41: =SUM(E39:E40) -> 0 | F41: =SUM(F39:F40) -> 0 | G41: =SUM(G39:G40) -> 0 | H41: =SUM(H39:H40) -> 0 | I41: =SUM(I39:I40) -> 0 | J41: =SUM(J39:J40) -> 0 | K41: =SUM(K39:K40) -> 1 | L41: =SUM(L39:L40) -> 0 | M41: =SUM(M39:M40) -> 1 | N41: =SUM(E41:M41) -> 2
A43: IV | B43: DATA RINCIAN PEROLEHAN SUARA PASANGAN CALON BUPATI DAN WAKIL BUPATI
A44: NOMOR DAN NAMA CALON
B45: 1. | C45: AA. AHMAD NAWARDI | E45: 10 | F45: 20 | G45: 7 | H45: 14 | I45: 16 | J45: 18 | K45: 19 | L45: 20 | M45: 18 | N45: =SUM(E45:M45) -> 142
B46: 2. | C46: Ir. H. AA LA NYALLA MAHMUD MATTALITI, M.HP. | E46: 20 | F46: 26 | G46: 38 | H46: 12 | I46: 23 | J46: 29 | K46: 39 | L46: 24 | M46: 45 | N46: =SUM(E46:M46) -> 256
B47: 3. | C47: ABDUL QADIR AMIR HARTONO, S.E., S.H., M.H. | E47: 8 | F47: 29 | G47: 18 | H47: 16 | I47: 12 | J47: 16 | K47: 21 | L47: 19 | M47: 14 | N47: =SUM(E47:M47) -> 153
B48: 4. | C48: ADILLA AZIS, S.E. | E48: 14 | F48: 26 | G48: 26 | H48: 24 | I48: 28 | J48: 26 | K48: 19 | L48: 13 | M48: 27 | N48: =SUM(E48:M48) -> 203
B49: 5. | C49: Ir. H. AGUS RAHARDJO, MSc.M. | E49: 4 | F49: 16 | G49: 10 | H49: 7 | I49: 10 | J49: 10 | K49: 11 | L49: 20 | M49: 16 | N49: =SUM(E49:M49) -> 104
B50: 6. | C50: Drs. AYUB KHAN | E50: 9 | F50: 22 | G50: 14 | H50: 24 | I50: 18 | J50: 24 | K50: 19 | L50: 26 | M50: 13 | N50: =SUM(E50:M50) -> 169
B51: 7. | C51: BAMBANG HARIANTO | E51: 2 | F51: 4 | G51: 0 | H51: 1 | I51: 0 | J51: 2 | K51: 0 | L51: 0 | M51: 0 | N51: =SUM(E51:M51) -> 9
B52: 8. | C52: CATUR RUDI UTANTO, S.Sos. | E52: 0 | F52: 1 | G52: 1 | H52: 3 | I52: 2 | J52: 0 | K52: 1 | L52: 4 | M52: 4 | N52: =SUM(E52:M52) -> 16
B53: 9. | C53: DODDY DWI NUGROHO | E53: 0 | F53: 0 | G53: 0 | H53: 1 | I53: 0 | J53: 0 | K53: 0 | L53: 1 | M53: 0 | N53: =SUM(E53:M53) -> 2
B54: 10. | C54: KONDANG KUSUMANING AYU | E54: 27 | F54: 33 | G54: 27 | H54: 29 | I54: 26 | J54: 28 | K54: 21 | L54: 16 | M54: 19 | N54: =SUM(E54:M54) -> 226
B55: 11. | C55: KUNJUNG WAHYUDI | E55: 1 | F55: 0 | G55: 2 | H55: 2 | I55: 1 | J55: 0 | K55: 2 | L55: 0 | M55: 0 | N55: =SUM(E55:M55) -> 8
B56: 12. | C56: Dr. LIA ISTIFHAMA | E56: 19 | F56: 27 | G56: 36 | H56: 22 | I56: 27 | J56: 35 | K56: 21 | L56: 8 | M56: 25 | N56: =SUM(E56:M56) -> 220
B57: 13. | C57: MOHAMMAD TRIJANTO, S.H., M.M., M.H. | E57: 1 | F57: 0 | G57: 2 | H57: 1 | I57: 2 | J57: 5 | K57: 0 | L57: 0 | M57: 0 | N57: =SUM(E57:M57) -> 11
A59: V | B59: DATA SUARA SAH DAN TIDAK SAH
B60: A. | C60: JUMLAH SELURUH SUARA SAH | E60: =SUM(E45:E57) -> 115 | F60: =SUM(F45:F57) -> 204 | G60: =SUM(G45:G57) -> 181 | H60: =SUM(H45:H57) -> 156 | I60: =SUM(I45:I57) -> 165 | J60: =SUM(J45:J57) -> 193 | K60: =SUM(K45:K57) -> 173 | L60: =SUM(L45:L57) -> 151 | M60: =SUM(M45:M57) -> 181 | N60: =SUM(E60:M60) -> 1519
B61: B. | C61: JUMLAH SUARA TIDAK SAH | E61: 33 | F61: 31 | G61: 31 | H61: 14 | I61: 31 | J61: 18 | K61: 14 | L61: 9 | M61: 28 | N61: =SUM(E61:M61) -> 209
B62: C. | C62: JUMLAH SELURUH SUARA SAH DAN SUARA TIDAK SAH (V.A + V.B) | E62: =SUM(E60:E61) -> 148 | F62: =SUM(F60:F61) -> 235 | G62: =SUM(G60:G61) -> 212 | H62: =SUM(H60:H61) -> 170 | I62: =SUM(I60:I61) -> 196 | J62: =SUM(J60:J61) -> 211 | K62: =SUM(K60:K61) -> 187 | L62: =SUM(L60:L61) -> 160 | M62: =SUM(M60:M61) -> 209 | N62: =SUM(E62:M62) -> 1728

Sheet BIMOREJO
C2: Kecamatan | D2: WONGSOREJO
C3: Kabupaten | D3: BANYUWANGI
C4: Provinsi | D4: JAWA TIMUR
C9: Kelurahan | D9: BIMOREJO
A12: I | B12: DATA PEMILIH DAN PENGGUNAAN HAK PILIH | R12: JUMLAH AKHIR
A13: A | B13: DATA PEMILIH | E13: TPS 001 | F13: TPS 002 | G13: TPS 003 | H13: TPS 004 | I13: TPS 005 | J13: TPS 006 | K13: TPS 007 | L13: TPS 008 | M13: TPS 009 | N13: TPS 010 | O13: TPS 011 | P13: TPS 012 | Q13: TPS 013
B14: Jumlah Pemilih dalam Daftar Pemilih Tetap (DPT) | D14: LK | E14: 126 | F14: 132 | G14: 125 | H14: 131 | I14: 111 | J14: 132 | K14: 130 | L14: 143 | M14: 130 | N14: 128 | O14: 144 | P14: 134 | Q14: 135 | R14: =SUM(E14:Q14) -> 1701
D15: PR | E15: 135 | F15: 127 | G15: 129 | H15: 130 | I15: 110 | J15: 124 | K15: 130 | L15: 117 | M15: 142 | N15: 134 | O15: 123 | P15: 126 | Q15: 125 | R15: =SUM(E15:Q15) -> 1652
D16: JML | E16: =SUM(E14:E15) -> 261 | F16: =SUM(F14:F15) -> 259 | G16: =SUM(G14:G15) -> 254 | H16: =SUM(H14:H15) -> 261 | I16: =SUM(I14:I15) -> 221 | J16: =SUM(J14:J15) -> 256 | K16: =SUM(K14:K15) -> 260 | L16: =SUM(L14:L15) -> 260 | ... Q16: =SUM(Q14:Q15) -> 260 | R16: =SUM(E16:Q16) -> 3353
A18: B | B18: PENGGUNA HAK PILIH
B19: 1. | C19: Jumlah pengguna hak pilih dalam Daftar Pemilih Tetap (DPT) | D19: LK | E19: 102 | F19: 98 | G19: 88 | H19: 90 | I19: 73 | J19: 81 | K19: 90 | L19: 95 | M19: 92 | N19: 88 | O19: 100 | P19: 88 | Q19: 89 | R19: =SUM(E19:Q19) -> 1174
D20: PR | E20: 115 | F20: 98 | G20: 107 | H20: 107 | I20: 90 | J20: 104 | K20: 110 | L20: 100 | M20: 106 | N20: 108 | O20: 99 | P20: 93 | Q20: 92 | R20: =SUM(E20:Q20) -> 1329
D21: JML | E21: =SUM(E19:E20) -> 217 | F21: =SUM(F19:F20) -> 196 | G21: =SUM(G19:G20) -> 195 | H21: =SUM(H19:H20) -> 197 | I21: =SUM(I19:I20) -> 163 | J21: =SUM(J19:J20) -> 185 | K21: =SUM(K19:K20) -> 200 | L21: =SUM(L19:L20) -> 195 | ... Q21: =SUM(Q19:Q20) -> 181 | R21: =SUM(E21:Q21) -> 2503
B22: 2. | C22: Jumlah pengguna hak pilih dalam Daftar Pemilih Tambahan (DPTb) | D22: LK | E22: 1 | F22: 0 | G22: 0 | H22: 0 | I22: 0 | J22: 1 | K22: 1 | L22: 0 | M22: 0 | N22: 0 | O22: 0 | P22: 0 | Q22: 0 | R22: =SUM(E22:Q22) -> 3
D23: PR | E23: 0 | F23: 0 | G23: 0 | H23: 0 | I23: 1 | J23: 1 | K23: 0 | L23: 0 | M23: 0 | N23: 0 | O23: 0 | P23: 0 | Q23: 0 | R23: =SUM(E23:Q23) -> 2
D24: JML | E24: =SUM(E22:E23) -> 1 | F24: =SUM(F22:F23) -> 0 | G24: =SUM(G22:G23) -> 0 | H24: =SUM(H22:H23) -> 0 | I24: =SUM(I22:I23) -> 1 | J24: =SUM(J22:J23) -> 2 | K24: =SUM(K22:K23) -> 1 | L24: =SUM(L22:L23) -> 0 | ... Q24: =SUM(Q22:Q23) -> 0 | R24: =SUM(E24:Q24) -> 5
B25: 3. | C25: Jumlah pengguna hak pilih dalam Daftar Pemilih Khusus (DPK) | D25: LK | E25: 0 | F25: 1 | G25: 0 | H25: 0 | I25: 1 | J25: 0 | K25: 1 | L25: 0 | M25: 0 | N25: 1 | O25: 1 | P25: 0 | Q25: 0 | R25: =SUM(E25:Q25) -> 5
D26: PR | E26: 3 | F26: 0 | G26: 0 | H26: 0 | I26: 2 | J26: 0 | K26: 1 | L26: 0 | M26: 0 | N26: 1 | O26: 3 | P26: 0 | Q26: 0 | R26: =SUM(E26:Q26) -> 10
D27: JML | E27: =SUM(E25:E26) -> 3 | F27: =SUM(F25:F26) -> 1 | G27: =SUM(G25:G26) -> 0 | H27: =SUM(H25:H26) -> 0 | I27: =SUM(I25:I26) -> 3 | J27: =SUM(J25:J26) -> 0 | K27: =SUM(K25:K26) -> 2 | L27: =SUM(L25:L26) -> 0 | ... Q27: =SUM(Q25:Q26) -> 0 | R27: =SUM(E27:Q27) -> 15
B28: 4. | C28: Jumlah Pengguna Hak Pilih (B.1+B.2+B.3) | D28: LK | E28: =SUM(E19,E22,E25) -> 103 | F28: =SUM(F19,F22,F25) -> 99 | G28: =SUM(G19,G22,G25) -> 88 | H28: =SUM(H19,H22,H25) -> 90 | I28: =SUM(I19,I22,I25) -> 74 | J28: =SUM(J19,J22,J25) -> 82 | K28: =SUM(K19,K22,K25) -> 92 | L28: =SUM(L19,L22,L25) -> 95 | ... Q28: =SUM(Q19,Q22,Q25) -> 89 | R28: =SUM(E28:Q28) -> 1182
D29: PR | E29: =SUM(E20,E23,E26) -> 118 | F29: =SUM(F20,F23,F26) -> 98 | G29: =SUM(G20,G23,G26) -> 107 | H29: =SUM(H20,H23,H26) -> 107 | I29: =SUM(I20,I23,I26) -> 93 | J29: =SUM(J20,J23,J26) -> 105 | K29: =SUM(K20,K23,K26) -> 111 | L29: =SUM(L20,L23,L26) -> 100 | ... Q29: =SUM(Q20,Q23,Q26) -> 92 | R29: =SUM(E29:Q29) -> 1341
D30: JML | E30: =SUM(E28:E29) -> 221 | F30: =SUM(F28:F29) -> 197 | G30: =SUM(G28:G29) -> 195 | H30: =SUM(H28:H29) -> 197 | I30: =SUM(I28:I29) -> 167 | J30: =SUM(J28:J29) -> 187 | K30: =SUM(K28:K29) -> 203 | L30: =SUM(L28:L29) -> 195 | ... Q30: =SUM(Q28:Q29) -> 181 | R30: =SUM(E30:Q30) -> 2523
A32: II | B32: DATA PENGGUNAAN SURAT SUARA
A33: 1 | B33: Jumlah surat suara yang diterima, termasuk surat suara cadangan 2,5% dari DPT | E33: 266 | F33: 265 | G33: 258 | H33: 267 | I33: 226 | J33: 262 | K33: 266 | L33: 266 | M33: 278 | N33: 268 | O33: 273 | P33: 266 | Q33: 267 | R33: =SUM(E33:Q33) -> 3428
A34: 2 | B34: Jumlah surat suara yang digunakan | E34: 221 | F34: 197 | G34: 195 | H34: 197 | I34: 167 | J34: 187 | K34: 203 | L34: 195 | M34: 198 | N34: 198 | O34: 203 | P34: 181 | Q34: 181 | R34: =SUM(E34:Q34) -> 2523
A35: 3 | B35: Jumlah surat suara dikembalikan oleh pemilih (karena rusak atau keliru coblos) | E35: 0 | F35: 1 | G35: 0 | H35: 0 | I35: 0 | J35: 0 | K35: 0 | L35: 0 | M35: 3 | N35: 0 | O35: 0 | P35: 0 | Q35: 0 | R35: =SUM(E35:Q35) -> 4
A36: 4 | B36: Jumlah surat suara yang tidak digunakan/tidak terpakai, termasuk sisa surat suara cadangan | E36: =E33-(E34+E35) -> 45 | F36: =F33-(F34+F35) -> 67 | G36: =G33-(G34+G35) -> 63 | H36: =H33-(H34+H35) -> 70 | I36: =I33-(I34+I35) -> 59 | J36: =J33-(J34+J35) -> 75 | K36: =K33-(K34+K35) -> 63 | L36: =L33-(L34+L35) -> 71 | ... Q36: =Q33-(Q34+Q35) -> 86 | R36: =SUM(E36:Q36) -> 901
A38: III | B38: DATA PEMILIH DISABILITAS
B39: Jumlah seluruh Pemilih disabilitas yang menggunakan hak pilih | D39: LK | E39: 1 | F39: 0 | G39: 0 | H39: 0 | I39: 0 | J39: 0 | K39: 0 | L39: 0 | M39: 0 | N39: 0 | O39: 1 | P39: 0 | Q39: 0 | R39: =SUM(E39:Q39) -> 2
D40: PR | E40: 2 | F40: 0 | G40: 0 | H40: 0 | I40: 0 | J40: 0 | K40: 0 | L40: 0 | M40: 0 | N40: 0 | O40: 0 | P40: 0 | Q40: 0 | R40: =SUM(E40:Q40) -> 2
D41: JML | E41: =SUM(E39:E40) -> 3 | F41: =SUM(F39:F40) -> 0 | G41: =SUM(G39:G40) -> 0 | H41: =SUM(H39:H40) -> 0 | I41: =SUM(I39:I40) -> 0 | J41: =SUM(J39:J40) -> 0 | K41: =SUM(K39:K40) -> 0 | L41: =SUM(L39:L40) -> 0 | ... Q41: =SUM(Q39:Q40) -> 0 | R41: =SUM(E41:Q41) -> 4
A43: IV | B43: DATA RINCIAN PEROLEHAN SUARA PASANGAN CALON BUPATI DAN WAKIL BUPATI
A44: NOMOR DAN NAMA CALON
B45: 1. | C45: AA. AHMAD NAWARDI | E45: 16 | F45: 18 | G45: 23 | H45: 20 | I45: 13 | J45: 23 | K45: 22 | L45: 26 | M45: 21 | N45: 16 | O45: 19 | P45: 14 | Q45: 15 | R45: =SUM(E45:Q45) -> 246
B46: 2. | C46: Ir. H. AA LA NYALLA MAHMUD MATTALITI, M.HP. | E46: 35 | F46: 29 | G46: 35 | H46: 34 | I46: 25 | J46: 39 | K46: 43 | L46: 39 | M46: 29 | N46: 31 | O46: 49 | P46: 34 | Q46: 23 | R46: =SUM(E46:Q46) -> 445
B47: 3. | C47: ABDUL QADIR AMIR HARTONO, S.E., S.H., M.H. | E47: 16 | F47: 14 | G47: 15 | H47: 17 | I47: 6 | J47: 6 | K47: 5 | L47: 14 | M47: 13 | N47: 15 | O47: 13 | P47: 12 | Q47: 12 | R47: =SUM(E47:Q47) -> 158
B48: 4. | C48: ADILLA AZIS, S.E. | E48: 17 | F48: 20 | G48: 18 | H48: 19 | I48: 20 | J48: 10 | K48: 19 | L48: 19 | M48: 20 | N48: 16 | O48: 21 | P48: 16 | Q48: 26 | R48: =SUM(E48:Q48) -> 241
B49: 5. | C49: Ir. H. AGUS RAHARDJO, MSc.M. | E49: 17 | F49: 15 | G49: 12 | H49: 7 | I49: 10 | J49: 14 | K49: 8 | L49: 17 | M49: 12 | N49: 19 | O49: 4 | P49: 10 | Q49: 10 | R49: =SUM(E49:Q49) -> 155
B50: 6. | C50: Drs. AYUB KHAN | E50: 18 | F50: 14 | G50: 11 | H50: 9 | I50: 13 | J50: 9 | K50: 9 | L50: 8 | M50: 13 | N50: 13 | O50: 10 | P50: 10 | Q50: 6 | R50: =SUM(E50:Q50) -> 143
B51: 7. | C51: BAMBANG HARIANTO | E51: 2 | F51: 6 | G51: 4 | H51: 5 | I51: 1 | J51: 1 | K51: 0 | L51: 1 | M51: 0 | N51: 4 | O51: 0 | P51: 3 | Q51: 0 | R51: =SUM(E51:Q51) -> 27
B52: 8. | C52: CATUR RUDI UTANTO, S.Sos. | E52: 1 | F52: 1 | G52: 3 | H52: 5 | I52: 2 | J52: 5 | K52: 2 | L52: 0 | M52: 5 | N52: 3 | O52: 3 | P52: 4 | Q52: 1 | R52: =SUM(E52:Q52) -> 35
B53: 9. | C53: DODDY DWI NUGROHO | E53: 0 | F53: 0 | G53: 1 | H53: 1 | I53: 0 | J53: 0 | K53: 0 | L53: 1 | M53: 0 | N53: 1 | O53: 0 | P53: 1 | Q53: 0 | R53: =SUM(E53:Q53) -> 5
B54: 10. | C54: KONDANG KUSUMANING AYU | E54: 23 | F54: 22 | G54: 27 | H54: 28 | I54: 28 | J54: 20 | K54: 20 | L54: 19 | M54: 29 | N54: 27 | O54: 28 | P54: 23 | Q54: 25 | R54: =SUM(E54:Q54) -> 319
B55: 11. | C55: KUNJUNG WAHYUDI | E55: 0 | F55: 2 | G55: 1 | H55: 2 | I55: 1 | J55: 0 | K55: 2 | L55: 0 | M55: 0 | N55: 3 | O55: 0 | P55: 2 | Q55: 0 | R55: =SUM(E55:Q55) -> 13
B56: 12. | C56: Dr. LIA ISTIFHAMA | E56: 19 | F56: 21 | G56: 30 | H56: 21 | I56: 23 | J56: 22 | K56: 33 | L56: 32 | M56: 37 | N56: 27 | O56: 25 | P56: 32 | Q56: 32 | R56: =SUM(E56:Q56) -> 354
B57: 13. | C57: MOHAMMAD TRIJANTO, S.H., M.M., M.H. | E57: 1 | F57: 0 | G57: 1 | H57: 2 | I57: 5 | J57: 0 | K57: 2 | L57: 1 | M57: 2 | N57: 2 | O57: 0 | P57: 2 | Q57: 0 | R57: =SUM(E57:Q57) -> 18
A59: V | B59: DATA SUARA SAH DAN TIDAK SAH
B60: A. | C60: JUMLAH SELURUH SUARA SAH | E60: =SUM(E45:E57) -> 165 | F60: =SUM(F45:F57) -> 162 | G60: =SUM(G45:G57) -> 181 | H60: =SUM(H45:H57) -> 170 | I60: =SUM(I45:I57) -> 147 | J60: =SUM(J45:J57) -> 149 | K60: =SUM(K45:K57) -> 165 | L60: =SUM(L45:L57) -> 177 | ... Q60: =SUM(Q45:Q57) -> 150 | R60: =SUM(E60:Q60) -> 2159
B61: B. | C61: JUMLAH SUARA TIDAK SAH | E61: 56 | F61: 35 | G61: 14 | H61: 27 | I61: 20 | J61: 38 | K61: 38 | L61: 18 | M61: 17 | N61: 21 | O61: 31 | P61: 18 | Q61: 31 | R61: =SUM(E61:Q61) -> 364
B62: C. | C62: JUMLAH SELURUH SUARA SAH DAN SUARA TIDAK SAH (V.A + V.B) | E62: =SUM(E60:E61) -> 221 | F62: =SUM(F60:F61) -> 197 | G62: =SUM(G60:G61) -> 195 | H62: =SUM(H60:H61) -> 197 | I62: =SUM(I60:I61) -> 167 | J62: =SUM(J60:J61) -> 187 | K62: =SUM(K60:K61) -> 203 | L62: =SUM(L60:L61) -> 195 | ... Q62: =SUM(Q60:Q61) -> 181 | R62: =SUM(E62:Q62) -> 2523
