Workbook

Sheet DPR
C8: Kecamatan | D8: ROGOJAMPI
C9: Kabupaten | D9: BANYUWANGI
C10: Provinsi | D10: JAWA TIMUR
A12: I | B12: DATA PEMILIH DAN PENGGUNAAN HAK PILIH | E12: JUMLAH AKHIR
A13: A | B13: DATA PEMILIH
B14: Jumlah Pemilih dalam Daftar Pemilih Tetap (DPT) | D14: LK | E14: =ALIYAN!V14+BUBUK!T14+GITIK!N14+GLADAG!W14+KARANGBENDO!Z14+KEDALEMAN!S14+LEMAHBANGDEWO!O14+MANGIR!S14+PENGATIGAN!Y14+ROGOJAMPI!AM14 -> 21540
D15: PR | E15: =ALIYAN!V15+BUBUK!T15+GITIK!N15+GLADAG!W15+KARANGBENDO!Z15+KEDALEMAN!S15+LEMAHBANGDEWO!O15+MANGIR!S15+PENGATIGAN!Y15+ROGOJAMPI!AM15 -> 22247
D16: JML | E16: =SUM(E14:E15) -> 43787
A18: B | B18: PENGGUNA HAK PILIH
B19: 1. | C19: Jumlah pengguna hak pilih dalam Daftar Pemilih Tetap (DPT) | D19: LK | E19: =ALIYAN!V19+BUBUK!T19+GITIK!N19+GLADAG!W19+KARANGBENDO!Z19+KEDALEMAN!S19+LEMAHBANGDEWO!O19+MANGIR!S19+PENGATIGAN!Y19+ROGOJAMPI!AM19 -> 16685
D20: PR | E20: =ALIYAN!V20+BUBUK!T20+GITIK!N20+GLADAG!W20+KARANGBENDO!Z20+KEDALEMAN!S20+LEMAHBANGDEWO!O20+MANGIR!S20+PENGATIGAN!Y20+ROGOJAMPI!AM20 -> 18273
D21: JML | E21: =SUM(E19:E20) -> 34958
B22: 2. | C22: Jumlah pengguna hak pilih dalam Daftar Pemilih Tambahan (DPTb) | D22: LK | E22: =ALIYAN!V22+BUBUK!T22+GITIK!N22+GLADAG!W22+KARANGBENDO!Z22+KEDALEMAN!S22+LEMAHBANGDEWO!O22+MANGIR!S22+PENGATIGAN!Y22+ROGOJAMPI!AM22 -> 66
D23: PR | E23: =ALIYAN!V23+BUBUK!T23+GITIK!N23+GLADAG!W23+KARANGBENDO!Z23+KEDALEMAN!S23+LEMAHBANGDEWO!O23+MANGIR!S23+PENGATIGAN!Y23+ROGOJAMPI!AM23 -> 94
D24: JML | E24: =SUM(E22:E23) -> 160
B25: 3. | C25: Jumlah pengguna hak pilih dalam Daftar Pemilih Khusus (DPK) | D25: LK | E25: =ALIYAN!V25+BUBUK!T25+GITIK!N25+GLADAG!W25+KARANGBENDO!Z25+KEDALEMAN!S25+LEMAHBANGDEWO!O25+MANGIR!S25+PENGATIGAN!Y25+ROGOJAMPI!AM25 -> 174
D26: PR | E26: =ALIYAN!V26+BUBUK!T26+GITIK!N26+GLADAG!W26+KARANGBENDO!Z26+KEDALEMAN!S26+LEMAHBANGDEWO!O26+MANGIR!S26+PENGATIGAN!Y26+ROGOJAMPI!AM26 -> 223
D27: JML | E27: =SUM(E25:E26) -> 397
B28: 4. | C28: Jumlah Pengguna Hak Pilih (B.1+B.2+B.3) | D28: LK | E28: =E19+E22+E25 -> 16925
D29: PR | E29: =E20+E23+E26 -> 18590
D30: JML | E30: =SUM(E28:E29) -> 35515
A32: II | B32: DATA PENGGUNAAN SURAT SUARA
A33: 1 | B33: Jumlah surat suara yang diterima, termasuk surat suara cadangan 2,5% dari DPT | E33: =ALIYAN!V33+BUBUK!T33+GITIK!N33+GLADAG!W33+KARANGBENDO!Z33+KEDALEMAN!S33+LEMAHBANGDEWO!O33+MANGIR!S33+PENGATIGAN!Y33+ROGOJAMPI!AM33 -> 44639
A34: 2 | B34: Jumlah surat suara yang digunakan | E34: =ALIYAN!V34+BUBUK!T34+GITIK!N34+GLADAG!W34+KARANGBENDO!Z34+KEDALEMAN!S34+LEMAHBANGDEWO!O34+MANGIR!S34+PENGATIGAN!Y34+ROGOJAMPI!AM34 -> 35515
A35: 3 | B35: Jumlah surat suara dikembalikan oleh pemilih (karena rusak atau keliru coblos) | E35: =ALIYAN!V35+BUBUK!T35+GITIK!N35+GLADAG!W35+KARANGBENDO!Z35+KEDALEMAN!S35+LEMAHBANGDEWO!O35+MANGIR!S35+PENGATIGAN!Y35+ROGOJAMPI!AM35 -> 81
A36: 4 | B36: Jumlah surat suara yang tidak digunakan/tidak terpakai, termasuk sisa surat suara cadangan | E36: =E33-(E34+E35) -> 9043
A38: III | B38: DATA PEMILIH DISABILITAS
B39: Jumlah seluruh Pemilih disabilitas yang menggunakan hak pilih | D39: LK | E39: =ALIYAN!V39+BUBUK!T39+GITIK!N39+GLADAG!W39+KARANGBENDO!Z39+KEDALEMAN!S39+LEMAHBANGDEWO!O39+MANGIR!S39+PENGATIGAN!Y39+ROGOJAMPI!AM39 -> 46
D40: PR | E40: =ALIYAN!V40+BUBUK!T40+GITIK!N40+GLADAG!W40+KARANGBENDO!Z40+KEDALEMAN!S40+LEMAHBANGDEWO!O40+MANGIR!S40+PENGATIGAN!Y40+ROGOJAMPI!AM40 -> 51
D41: JML | E41: =SUM(E39:E40) -> 97
A43: IV | B43: DATA RINCIAN PEROLEHAN SUARA PASANGAN CALON BUPATI DAN WAKIL BUPATI
A44: NOMOR DAN NAMA CALON
A45: A.1 | B45: 1. | C45: Partai Kebangkitan Bangsa | E45: 851
A46: A.2 | B46: 1 | C46: 1. Dr. Hj. NIHAYATUL WAFIROH, M.A. | E46: 2167
B47: 2 | C47: 2. H. M. NASIM KHAN | E47: 804
B48: 3 | C48: 3. Dr. H. AKIK ZAMAN, M.Pd.I. | E48: 142
B49: 4 | C49: 4. AHMAD RIFA'I, S.H. | E49: 126
B50: 5 | C50: 5. Drs. H. MAHFUD M.N. | E50: 83
B51: 6 | C51: 6. NURHAYATI, S.Pd. | E51: 34
B52: 7 | C52: 7. MAFTUHA KISWAH | E52: 27
A55: B | B55: JUMLAH SUARA SAH PARTAI POLITIK DAN CALON (A1 + A2) | E55: =SUM(E45:E54) -> 4234
A57: A.1 | B57: 2. | C57: Partai Gerakan Indonesia Raya | E57: 1419
A58: A.2 | B58: 1 | C58: 1. SUMAIL ABDULLAH | E58: 2184
B59: 2 | C59: 2. MUHAMMAD ALI ADRIAN SALEH | E59: 1176
B60: 3 | C60: 3. DURROTUN NAFISAH | E60: 151
B61: 4 | C61: 4. H. EKO SUSILO NURHIDAYAT | E61: 304
B62: 5 | C62: 5. KARNADI HARIJANTO, S.S. | E62: 46
B63: 6 | C63: 6. NURHAYATI | E63: 98
B64: 7 | C64: 7. MASHUDI | E64: 27
A67: B | B67: JUMLAH SUARA SAH PARTAI POLITIK DAN CALON (A1 + A2) | E67: =SUM(E57:E66) -> 5405
A69: A.1 | B69: 3. | C69: Partai Demokrasi Indonesia Perjuangan | E69: 1196
A70: A.2 | B70: 1 | C70: 1. SONNY TRI DANAPARAMITA, S.H., M.H. | E70: 1727
B71: 2 | C71: 2. H. MOHAMAD GUNTUR ROMLI | E71: 1167
B72: 3 | C72: 3. INA AMMANIA | E72: 1061
B73: 4 | C73: 4. IRWAN BACHTIAR RACHMAT, M.Si. | E73: 103
B74: 5 | C74: 5. LUCKY PERDANA | E74: 1148
B75: 6 | C75: 6. WIWIK PUJIYATI | E75: 76
B76: 7 | C76: 7. CHANDRA ASTAN, S.T. | E76: 198
A79: B | B79: JUMLAH SUARA SAH PARTAI POLITIK DAN CALON (A1 + A2) | E79: =SUM(E69:E78) -> 6676
A81: A.1 | B81: 4. | C81: Partai Golongan Karya | E81: 550
A82: A.2 | B82: 1 | C82: 1. ZULFIKAR ARSE SADIKIN, S.I.P., M.Si. | E82: 1900
B83: 2 | C83: 2. HANDOKO | E83: 765
B84: 3 | C84: 3. Hj. OVI DEWI YANTI | E84: 73
B85: 4 | C85: 4. Ir. AZAM AZMAN NATAWIJANA | E85: 118
B86: 5 | C86: 5. UBAIDILLAH AMIN, S.Kom. | E86: 329
B87: 6 | C87: 6. DENNY YUNIANDARI, S.H., M.Kn. | E87: 57
B88: 7 | C88: 7. ERNADI, S.H.I. | E88: 9
A91: B | B91: JUMLAH SUARA SAH PARTAI POLITIK DAN CALON (A1 + A2) | E91: =SUM(E81:E90) -> 3801
A93: A.1 | B93: 5. | C93: Partai NasDem | E93: 240
A94: A.2 | B94: 1 | C94: 1. ACH. FADIL MUZAKKI SYAH | E94: 548
B95: 2 | C95: 2. BENY | E95: 119
B96: 3 | C96: 3. VINA VERONIKA | E96: 12
B97: 4 | C97: 4. TEDDY ANUGRIANTO | E97: 465
B98: 5 | C98: 5. INSAN KAMIL | E98: 29
B99: 6 | C99: 6. LILIK LINDARWATI | E99: 10
B100: 7 | C100: 7. YULI ANITA | E100: 3
A103: B | B103: JUMLAH SUARA SAH PARTAI POLITIK DAN CALON (A1 + A2) | E103: =SUM(E93:E102) -> 1426
A105: A.1 | B105: 6. | C105: Partai Buruh | E105: 66
A106: A.2 | B106: 1 | C106: 1. KHOIRUL ANAM | E106: 31
B107: 2 | C107: 2. INA KURNIA | E107: 17
B108: 3 | C108: 3. JIBRAL TAROUK | E108: 8
B109: 4 | C109: 4. ASTUTI DAENG PUJI | E109: 10
B110: 5 | C110: 5. ASDARMAWAN | E110: 7
B111: 6 | C111: 6. RIFQI MUBAROK | E111: 10
B112: 7 | C112: 7. FIRNANDA ALTA MEGA | E112: 4
A115: B | B115: JUMLAH SUARA SAH PARTAI POLITIK DAN CALON (A1 + A2) | E115: =SUM(E105:E114) -> 153
A117: A.1 | B117: 7. | C117: Partai Gelombang Rakyat Indonesia | E117: 54
A118: A.2 | B118: 1 | C118: 1. TITI WIDORETNO WARISMAN | E118: 55
B119: 2 | C119: 2. MAMIEK SETYANINGSIH | E119: 13
B120: 3 | C120: 3. ROMIL AZIZEN | E120: 10
A127: B | B127: JUMLAH SUARA SAH PARTAI POLITIK DAN CALON (A1 + A2) | E127: =SUM(E117:E126) -> 132
A129: A.1 | B129: 8. | C129: Partai Keadilan Sejahtera | E129: 146
A130: A.2 | B130: 1 | C130: 1. H. SAIMI SALEH, S.E., M.M. | E130: 208
B131: 2 | C131: 2. Prof. Dr. H. EGGI SUDJANA, S.H., M.Si. | E131: 208
B132: 3 | C132: 3. NURUL KHOTIMAH | E132: 25
B133: 4 | C133: 4. AKHMAD SUYANTO, S.T., M.T. | E133: 14
B134: 5 | C134: 5. PUJIYATNI | E134: 90
B135: 6 | C135: 6. HENI PURWATININGSIH | E135: 18
B136: 7 | C136: 7. MUHADI | E136: 4
A139: B | B139: JUMLAH SUARA SAH PARTAI POLITIK DAN CALON (A1 + A2) | E139: =SUM(E129:E138) -> 713
...

Sheet ALIYAN
C2: Kecamatan | D2: ROGOJAMPI
C3: Kabupaten | D3: BANYUWANGI
C4: Provinsi | D4: JAWA TIMUR
C9: Kelurahan | D9: ALIYAN
A12: I | B12: DATA PEMILIH DAN PENGGUNAAN HAK PILIH | V12: JUMLAH AKHIR
A13: A | B13: DATA PEMILIH | E13: TPS 001 | F13: TPS 002 | G13: TPS 003 | H13: TPS 004 | I13: TPS 005 | J13: TPS 006 | K13: TPS 007 | L13: TPS 008 | M13: TPS 009 | N13: TPS 010 | O13: TPS 011 | P13: TPS 012 | Q13: TPS 013 | R13: TPS 014 | S13: TPS 015 | T13: TPS 016 | U13: TPS 017
B14: Jumlah Pemilih dalam Daftar Pemilih Tetap (DPT) | D14: LK | E14: 76 | F14: 101 | G14: 67 | H14: 144 | I14: 143 | J14: 119 | K14: 147 | L14: 105 | M14: 114 | N14: 118 | O14: 132 | P14: 116 | Q14: 115 | R14: 137 | S14: 126 | T14: 119 | U14: 121 | V14: =SUM(E14:U14) -> 2000
D15: PR | E15: 78 | F15: 98 | G15: 73 | H15: 137 | I15: 121 | J15: 108 | K15: 145 | L15: 117 | M15: 114 | N15: 130 | O15: 138 | P15: 115 | Q15: 127 | R15: 134 | S15: 126 | T15: 123 | U15: 140 | V15: =SUM(E15:U15) -> 2024
D16: JML | E16: =SUM(E14:E15) -> 154 | F16: =SUM(F14:F15) -> 199 | G16: =SUM(G14:G15) -> 140 | H16: =SUM(H14:H15) -> 281 | I16: =SUM(I14:I15) -> 264 | J16: =SUM(J14:J15) -> 227 | K16: =SUM(K14:K15) -> 292 | L16: =SUM(L14:L15) -> 222 | ... U16: =SUM(U14:U15) -> 261 | V16: =SUM(E16:U16) -> 4024
A18: B | B18: PENGGUNA HAK PILIH
B19: 1. | C19: Jumlah pengguna hak pilih dalam Daftar Pemilih Tetap (DPT) | D19: LK | E19: 62 | F19: 87 | G19: 55 | H19: 112 | I19: 104 | J19: 91 | K19: 118 | L19: 82 | M19: 97 | N19: 93 | O19: 114 | P19: 97 | Q19: 105 | R19: 111 | S19: 96 | T19: 100 | U19: 100 | V19: =SUM(E19:U19) -> 1624
D20: PR | E20: 67 | F20: 86 | G20: 61 | H20: 118 | I20: 101 | J20: 94 | K20: 134 | L20: 97 | M20: 95 | N20: 110 | O20: 119 | P20: 106 | Q20: 116 | R20: 111 | S20: 104 | T20: 110 | U20: 122 | V20: =SUM(E20:U20) -> 1751
D21: JML | E21: =SUM(E19:E20) -> 129 | F21: =SUM(F19:F20) -> 173 | G21: =SUM(G19:G20) -> 116 | H21: =SUM(H19:H20) -> 230 | I21: =SUM(I19:I20) -> 205 | J21: =SUM(J19:J20) -> 185 | K21: =SUM(K19:K20) -> 252 | L21: =SUM(L19:L20) -> 179 | ... U21: =SUM(U19:U20) -> 222 | V21: =SUM(E21:U21) -> 3375
B22: 2. | C22: Jumlah pengguna hak pilih dalam Daftar Pemilih Tambahan (DPTb) | D22: LK | E22: 0 | F22: 0 | G22: 0 | H22: 0 | I22: 1 | J22: 1 | K22: 0 | L22: 2 | M22: 0 | N22: 2 | O22: 3 | P22: 1 | Q22: 1 | R22: 1 | S22: 0 | T22: 0 | U22: 0 | V22: =SUM(E22:U22) -> 12
D23: PR | E23: 0 | F23: 0 | G23: 0 | H23: 0 | I23: 3 | J23: 0 | K23: 3 | L23: 1 | M23: 1 | N23: 1 | O23: 2 | P23: 1 | Q23: 2 | R23: 0 | S23: 0 | T23: 1 | U23: 0 | V23: =SUM(E23:U23) -> 15
D24: JML | E24: =SUM(E22:E23) -> 0 | F24: =SUM(F22:F23) -> 0 | G24: =SUM(G22:G23) -> 0 | H24: =SUM(H22:H23) -> 0 | I24: =SUM(I22:I23) -> 4 | J24: =SUM(J22:J23) -> 1 | K24: =SUM(K22:K23) -> 3 | L24: =SUM(L22:L23) -> 3 | ... U24: =SUM(U22:U23) -> 0 | V24: =SUM(E24:U24) -> 27
B25: 3. | C25: Jumlah pengguna hak pilih dalam Daftar Pemilih Khusus (DPK) | D25: LK | E25: 0 | F25: 1 | G25: 0 | H25: 0 | I25: 0 | J25: 0 | K25: 0 | L25: 2 | M25: 0 | N25: 0 | O25: 0 | P25: 0 | Q25: 0 | R25: 0 | S25: 0 | T25: 0 | U25: 0 | V25: =SUM(E25:U25) -> 3
D26: PR | E26: 1 | F26: 0 | G26: 0 | H26: 0 | I26: 1 | J26: 0 | K26: 0 | L26: 1 | M26: 2 | N26: 0 | O26: 0 | P26: 0 | Q26: 2 | R26: 2 | S26: 3 | T26: 0 | U26: 0 | V26: =SUM(E26:U26) -> 12
D27: JML | E27: =SUM(E25:E26) -> 1 | F27: =SUM(F25:F26) -> 1 | G27: =SUM(G25:G26) -> 0 | H27: =SUM(H25:H26) -> 0 | I27: =SUM(I25:I26) -> 1 | J27: =SUM(J25:J26) -> 0 | K27: =SUM(K25:K26) -> 0 | L27: =SUM(L25:L26) -> 3 | ... U27: =SUM(U25:U26) -> 0 | V27: =SUM(E27:U27) -> 15
B28: 4. | C28: Jumlah Pengguna Hak Pilih (B.1+B.2+B.3) | D28: LK | E28: =SUM(E19,E22,E25) -> 62 | F28: =SUM(F19,F22,F25) -> 88 | G28: =SUM(G19,G22,G25) -> 55 | H28: =SUM(H19,H22,H25) -> 112 | I28: =SUM(I19,I22,I25) -> 105 | J28: =SUM(J19,J22,J25) -> 92 | K28: =SUM(K19,K22,K25) -> 118 | L28: =SUM(L19,L22,L25) -> 86 | ... U28: =SUM(U19,U22,U25) -> 100 | V28: =SUM(E28:U28) -> 1639
D29: PR | E29: =SUM(E20,E23,E26) -> 68 | F29: =SUM(F20,F23,F26) -> 86 | G29: =SUM(G20,G23,G26) -> 61 | H29: =SUM(H20,H23,H26) -> 118 | I29: =SUM(I20,I23,I26) -> 105 | J29: =SUM(J20,J23,J26) -> 94 | K29: =SUM(K20,K23,K26) -> 137 | L29: =SUM(L20,L23,L26) -> 99 | ... U29: =SUM(U20,U23,U26) -> 122 | V29: =SUM(E29:U29) -> 1778
D30: JML | E30: =SUM(E28:E29) -> 130 | F30: =SUM(F28:F29) -> 174 | G30: =SUM(G28:G29) -> 116 | H30: =SUM(H28:H29) -> 230 | I30: =SUM(I28:I29) -> 210 | J30: =SUM(J28:J29) -> 186 | K30: =SUM(K28:K29) -> 255 | L30: =SUM(L28:L29) -> 185 | ... U30: =SUM(U28:U29) -> 222 | V30: =SUM(E30:U30) -> 3417
A32: II | B32: DATA PENGGUNAAN SURAT SUARA
A33: 1 | B33: Jumlah surat suara yang diterima, termasuk surat suara cadangan 2,5% dari DPT | E33: 158 | F33: 203 | G33: 143 | H33: 287 | I33: 270 | J33: 232 | K33: 298 | L33: 227 | M33: 233 | N33: 253 | O33: 276 | P33: 236 | Q33: 247 | R33: 277 | S33: 258 | T33: 247 | U33: 267 | V33: =SUM(E33:U33) -> 4112
A34: 2 | B34: Jumlah surat suara yang digunakan | E34: 130 | F34: 174 | G34: 116 | H34: 230 | I34: 210 | J34: 186 | K34: 255 | L34: 185 | M34: 195 | N34: 206 | O34: 238 | P34: 205 | Q34: 226 | R34: 225 | S34: 203 | T34: 211 | U34: 222 | V34: =SUM(E34:U34) -> 3417
A35: 3 | B35: Jumlah surat suara dikembalikan oleh pemilih (karena rusak atau keliru coblos) | E35: 0 | F35: 0 | G35: 1 | H35: 0 | I35: 0 | J35: 1 | K35: 0 | L35: 0 | M35: 1 | N35: 2 | O35: 1 | P35: 0 | Q35: 1 | R35: 0 | S35: 0 | T35: 1 | U35: 2 | V35: =SUM(E35:U35) -> 10
A36: 4 | B36: Jumlah surat suara yang tidak digunakan/tidak terpakai, termasuk sisa surat suara cadangan | E36: =E33-(E34+E35) -> 28 | F36: =F33-(F34+F35) -> 29 | G36: =G33-(G34+G35) -> 26 | H36: =H33-(H34+H35) -> 57 | I36: =I33-(I34+I35) -> 60 | J36: =J33-(J34+J35) -> 45 | K36: =K33-(K34+K35) -> 43 | L36: =L33-(L34+L35) -> 42 | ... U36: =U33-(U34+U35) -> 43 | V36: =SUM(E36:U36) -> 685
A38: III | B38: DATA PEMILIH DISABILITAS
B39: Jumlah seluruh Pemilih disabilitas yang menggunakan hak pilih | D39: LK | E39: 0 | F39: 0 | G39: 0 | H39: 0 | I39: 2 | J39: 0 | K39: 0 | L39: 1 | M39: 0 | N39: 0 | O39: 0 | P39: 0 | Q39: 1 | R39: 0 | S39: 0 | T39: 0 | U39: 0 | V39: =SUM(E39:U39) -> 4
D40: PR | E40: 0 | F40: 0 | G40: 0 | H40: 0 | I40: 2 | J40: 0 | K40: 0 | L40: 0 | M40: 0 | N40: 3 | O40: 0 | P40: 0 | Q40: 0 | R40: 0 | S40: 0 | T40: 0 | U40: 0 | V40: =SUM(E40:U40) -> 5
D41: JML | E41: =SUM(E39:E40) -> 0 | F41: =SUM(F39:F40) -> 0 | G41: =SUM(G39:G40) -> 0 | H41: =SUM(H39:H40) -> 0 | I41: =SUM(I39:I40) -> 4 | J41: =SUM(J39:J40) -> 0 | K41: =SUM(K39:K40) -> 0 | L41: =SUM(L39:L40) -> 1 | ... U41: =SUM(U39:U40) -> 0 | V41: =SUM(E41:U41) -> 9
A43: IV | B43: DATA RINCIAN PEROLEHAN SUARA PASANGAN CALON BUPATI DAN WAKIL BUPATI
A44: NOMOR DAN NAMA CALON
A45: A.1 | B45: 1. | C45: Partai Kebangkitan Bangsa | E45: 4 | F45: 5 | G45: 11 | H45: 2 | I45: 4 | J45: 3 | K45: 1 | L45: 2 | M45: 4 | N45: 0 | O45: 0 | P45: 6 | Q45: 2 | R45: 7 | S45: 1 | T45: 4 | U45: 2 | V45: =SUM(E45:U45) -> 58
A46: A.2 | B46: 1 | C46: 1. Dr. Hj. NIHAYATUL WAFIROH, M.A. | E46: 3 | F46: 2 | G46: 7 | H46: 1 | I46: 4 | J46: 5 | K46: 9 | L46: 4 | M46: 2 | N46: 1 | O46: 8 | P46: 19 | Q46: 14 | R46: 12 | S46: 15 | T46: 16 | U46: 10 | V46: =SUM(E46:U46) -> 132
B47: 2 | C47: 2. H. M. NASIM KHAN | E47: 10 | F47: 10 | G47: 2 | H47: 2 | I47: 6 | J47: 4 | K47: 14 | L47: 9 | M47: 0 | N47: 1 | O47: 3 | P47: 4 | Q47: 5 | R47: 4 | S47: 5 | T47: 11 | U47: 5 | V47: =SUM(E47:U47) -> 95
B48: 3 | C48: 3. Dr. H. AKIK ZAMAN, M.Pd.I. | E48: 0 | F48: 0 | G48: 0 | H48: 0 | I48: 0 | J48: 0 | K48: 1 | L48: 0 | M48: 1 | N48: 0 | O48: 1 | P48: 2 | Q48: 0 | R48: 1 | S48: 0 | T48: 0 | U48: 0 | V48: =SUM(E48:U48) -> 6
B49: 4 | C49: 4. AHMAD RIFA'I, S.H. | E49: 0 | F49: 1 | G49: 0 | H49: 0 | I49: 0 | J49: 0 | K49: 0 | L49: 0 | M49: 0 | N49: 0 | O49: 1 | P49: 1 | Q49: 1 | R49: 0 | S49: 0 | T49: 0 | U49: 0 | V49: =SUM(E49:U49) -> 4
B50: 5 | C50: 5. Drs. H. MAHFUD M.N. | E50: 0 | F50: 1 | G50: 1 | H50: 1 | I50: 0 | J50: 0 | K50: 0 | L50: 0 | M50: 0 | N50: 0 | O50: 2 | P50: 0 | Q50: 0 | R50: 0 | S50: 0 | T50: 0 | U50: 0 | V50: =SUM(E50:U50) -> 5
B51: 6 | C51: 6. NURHAYATI, S.Pd. | E51: 0 | F51: 0 | G51: 0 | H51: 0 | I51: 0 | J51: 0 | K51: 0 | L51: 0 | M51: 0 | N51: 0 | O51: 0 | P51: 0 | Q51: 1 | R51: 1 | S51: 0 | T51: 0 | U51: 0 | V51: =SUM(E51:U51) -> 2
B52: 7 | C52: 7. MAFTUHA KISWAH | E52: 0 | F52: 0 | G52: 0 | H52: 0 | I52: 0 | J52: 0 | K52: 0 | L52: 0 | M52: 0 | N52: 0 | O52: 0 | P52: 0 | Q52: 0 | R52: 0 | S52: 0 | T52: 0 | U52: 0 | V52: =SUM(E52:U52) -> 0
V53: =SUM(E53:U53) -> 0
V54: =SUM(E54:U54) -> 0
A55: B | B55: JUMLAH SUARA SAH PARTAI POLITIK DAN CALON (A1 + A2) | E55: =SUM(E45:E54) -> 17 | F55: =SUM(F45:F54) -> 19 | G55: =SUM(G45:G54) -> 21 | H55: =SUM(H45:H54) -> 6 | I55: =SUM(I45:I54) -> 14 | J55: =SUM(J45:J54) -> 12 | K55: =SUM(K45:K54) -> 25 | L55: =SUM(L45:L54) -> 15 | ... V55: =SUM(V45:V54) -> 302
A57: A.1 | B57: 2. | C57: Partai Gerakan Indonesia Raya | E57: 12 | F57: 13 | G57: 4 | H57: 7 | I57: 10 | J57: 4 | K57: 11 | L57: 7 | M57: 6 | N57: 7 | O57: 4 | P57: 5 | Q57: 11 | R57: 7 | S57: 5 | T57: 2 | U57: 6 | V57: =SUM(E57:U57) -> 121
A58: A.2 | B58: 1 | C58: 1. SUMAIL ABDULLAH | E58: 1 | F58: 2 | G58: 5 | H58: 6 | I58: 5 | J58: 10 | K58: 5 | L58: 6 | M58: 2 | N58: 3 | O58: 17 | P58: 9 | Q58: 8 | R58: 8 | S58: 6 | T58: 8 | U58: 11 | V58: =SUM(E58:U58) -> 112
B59: 2 | C59: 2. MUHAMMAD ALI ADRIAN SALEH | E59: 8 | F59: 16 | G59: 1 | H59: 12 | I59: 13 | J59: 4 | K59: 6 | L59: 25 | M59: 20 | N59: 34 | O59: 42 | P59: 24 | Q59: 14 | R59: 11 | S59: 27 | T59: 20 | U59: 9 | V59: =SUM(E59:U59) -> 286
B60: 3 | C60: 3. DURROTUN NAFISAH | E60: 0 | F60: 0 | G60: 0 | H60: 0 | I60: 0 | J60: 5 | K60: 1 | L60: 5 | M60: 0 | N60: 0 | O60: 1 | P60: 1 | Q60: 1 | R60: 0 | S60: 1 | T60: 0 | U60: 1 | V60: =SUM(E60:U60) -> 16
B61: 4 | C61: 4. H. EKO SUSILO NURHIDAYAT | E61: 2 | F61: 0 | G61: 0 | H61: 1 | I61: 1 | J61: 0 | K61: 0 | L61: 3 | M61: 2 | N61: 1 | O61: 0 | P61: 0 | Q61: 0 | R61: 0 | S61: 0 | T61: 1 | U61: 0 | V61: =SUM(E61:U61) -> 11
B62: 5 | C62: 5. KARNADI HARIJANTO, S.S. | E62: 1 | F62: 0 | G62: 1 | H62: 0 | I62: 0 | J62: 0 | K62: 0 | L62: 0 | M62: 0 | N62: 0 | O62: 0 | P62: 0 | Q62: 0 | R62: 0 | S62: 0 | T62: 0 | U62: 0 | V62: =SUM(E62:U62) -> 2
B63: 6 | C63: 6. NURHAYATI | E63: 0 | F63: 0 | G63: 0 | H63: 1 | I63: 1 | J63: 0 | K63: 0 | L63: 0 | M63: 1 | N63: 1 | O63: 1 | P63: 0 | Q63: 1 | R63: 1 | S63: 0 | T63: 0 | U63: 1 | V63: =SUM(E63:U63) -> 8
B64: 7 | C64: 7. MASHUDI | E64: 0 | F64: 0 | G64: 1 | H64: 0 | I64: 0 | J64: 0 | K64: 0 | L64: 0 | M64: 0 | N64: 0 | O64: 0 | P64: 0 | Q64: 0 | R64: 0 | S64: 0 | T64: 0 | U64: 0 | V64: =SUM(E64:U64) -> 1
V65: =SUM(E65:U65) -> 0
V66: =SUM(E66:U66) -> 0
A67: B | B67: JUMLAH SUARA SAH PARTAI POLITIK DAN CALON (A1 + A2) | E67: =SUM(E57:E66) -> 24 | F67: =SUM(F57:F66) -> 31 | G67: =SUM(G57:G66) -> 12 | H67: =SUM(H57:H66) -> 27 | I67: =SUM(I57:I66) -> 30 | J67: =SUM(J57:J66) -> 23 | K67: =SUM(K57:K66) -> 23 | L67: =SUM(L57:L66) -> 46 | ... V67: =SUM(V57:V66) -> 557
A69: A.1 | B69: 3. | C69: Partai Demokrasi Indonesia Perjuangan | E69: 8 | F69: 4 | G69: 5 | H69: 22 | I69: 27 | J69: 15 | K69: 16 | L69: 9 | M69: 4 | N69: 11 | O69: 5 | P69: 9 | Q69: 13 | R69: 4 | S69: 8 | T69: 14 | U69: 8 | V69: =SUM(E69:U69) -> 182
A70: A.2 | B70: 1 | C70: 1. SONNY TRI DANAPARAMITA, S.H., M.H. | E70: 3 | F70: 2 | G70: 4 | H70: 5 | I70: 12 | J70: 3 | K70: 2 | L70: 9 | M70: 1 | N70: 1 | O70: 23 | P70: 7 | Q70: 18 | R70: 26 | S70: 16 | T70: 16 | U70: 25 | V70: =SUM(E70:U70) -> 173
B71: 2 | C71: 2. H. MOHAMAD GUNTUR ROMLI | E71: 1 | F71: 5 | G71: 0 | H71: 5 | I71: 6 | J71: 3 | K71: 3 | L71: 3 | M71: 13 | N71: 7 | O71: 9 | P71: 5 | Q71: 2 | R71: 14 | S71: 4 | T71: 8 | U71: 11 | V71: =SUM(E71:U71) -> 99
B72: 3 | C72: 3. INA AMMANIA | E72: 0 | F72: 6 | G72: 1 | H72: 70 | I72: 49 | J72: 43 | K72: 44 | L72: 18 | M72: 18 | N72: 41 | O72: 4 | P72: 7 | Q72: 15 | R72: 8 | S72: 6 | T72: 14 | U72: 3 | V72: =SUM(E72:U72) -> 347
B73: 4 | C73: 4. IRWAN BACHTIAR RACHMAT, M.Si. | E73: 1 | F73: 0 | G73: 0 | H73: 1 | I73: 2 | J73: 0 | K73: 0 | L73: 1 | M73: 0 | N73: 1 | O73: 0 | P73: 0 | Q73: 1 | R73: 2 | S73: 0 | T73: 4 | U73: 0 | V73: =SUM(E73:U73) -> 13
B74: 5 | C74: 5. LUCKY PERDANA | E74: 13 | F74: 14 | G74: 14 | H74: 9 | I74: 14 | J74: 23 | K74: 38 | L74: 9 | M74: 16 | N74: 1 | O74: 17 | P74: 11 | Q74: 14 | R74: 9 | S74: 3 | T74: 27 | U74: 17 | V74: =SUM(E74:U74) -> 249
B75: 6 | C75: 6. WIWIK PUJIYATI | E75: 1 | F75: 0 | G75: 0 | H75: 2 | I75: 1 | J75: 0 | K75: 1 | L75: 0 | M75: 0 | N75: 0 | O75: 1 | P75: 0 | Q75: 0 | R75: 0 | S75: 0 | T75: 0 | U75: 0 | V75: =SUM(E75:U75) -> 6
B76: 7 | C76: 7. CHANDRA ASTAN, S.T. | E76: 0 | F76: 0 | G76: 0 | H76: 0 | I76: 0 | J76: 0 | K76: 1 | L76: 1 | M76: 48 | N76: 12 | O76: 0 | P76: 0 | Q76: 0 | R76: 2 | S76: 0 | T76: 0 | U76: 0 | V76: =SUM(E76:U76) -> 64
V77: =SUM(E77:U77) -> 0
V78: =SUM(E78:U78) -> 0
A79: B | B79: JUMLAH SUARA SAH PARTAI POLITIK DAN CALON (A1 + A2) | E79: =SUM(E69:E78) -> 27 | F79: =SUM(F69:F78) -> 31 | G79: =SUM(G69:G78) -> 24 | H79: =SUM(H69:H78) -> 114 | I79: =SUM(I69:I78) -> 111 | J79: =SUM(J69:J78) -> 87 | K79: =SUM(K69:K78) -> 105 | L79: =SUM(L69:L78) -> 50 | ... V79: =SUM(V69:V78) -> 1133
A81: A.1 | B81: 4. | C81: Partai Golongan Karya | E81: 12 | F81: 13 | G81: 6 | H81: 3 | I81: 6 | J81: 4 | K81: 5 | L81: 3 | M81: 0 | N81: 1 | O81: 2 | P81: 5 | Q81: 5 | R81: 4 | S81: 8 | T81: 1 | U81: 3 | V81: =SUM(E81:U81) -> 81
A82: A.2 | B82: 1 | C82: 1. ZULFIKAR ARSE SADIKIN, S.I.P., M.Si. | E82: 3 | F82: 18 | G82: 21 | H82: 6 | I82: 8 | J82: 8 | K82: 36 | L82: 14 | M82: 3 | N82: 16 | O82: 2 | P82: 4 | Q82: 7 | R82: 10 | S82: 23 | T82: 7 | U82: 27 | V82: =SUM(E82:U82) -> 213
B83: 2 | C83: 2. HANDOKO | E83: 4 | F83: 2 | G83: 1 | H83: 3 | I83: 1 | J83: 0 | K83: 0 | L83: 0 | M83: 3 | N83: 1 | O83: 1 | P83: 5 | Q83: 3 | R83: 5 | S83: 8 | T83: 0 | U83: 5 | V83: =SUM(E83:U83) -> 42
B84: 3 | C84: 3. Hj. OVI DEWI YANTI | E84: 1 | F84: 0 | G84: 1 | H84: 1 | I84: 0 | J84: 0 | K84: 1 | L84: 0 | M84: 1 | N84: 0 | O84: 1 | P84: 0 | Q84: 1 | R84: 0 | S84: 2 | T84: 1 | U84: 0 | V84: =SUM(E84:U84) -> 10
B85: 4 | C85: 4. Ir. AZAM AZMAN NATAWIJANA | E85: 0 | F85: 2 | G85: 1 | H85: 0 | I85: 0 | J85: 0 | K85: 2 | L85: 1 | M85: 0 | N85: 0 | O85: 0 | P85: 0 | Q85: 1 | R85: 0 | S85: 1 | T85: 0 | U85: 4 | V85: =SUM(E85:U85) -> 12
B86: 5 | C86: 5. UBAIDILLAH AMIN, S.Kom. | E86: 1 | F86: 13 | G86: 0 | H86: 2 | I86: 0 | J86: 0 | K86: 0 | L86: 1 | M86: 1 | N86: 1 | O86: 4 | P86: 2 | Q86: 1 | R86: 3 | S86: 3 | T86: 0 | U86: 8 | V86: =SUM(E86:U86) -> 40
B87: 6 | C87: 6. DENNY YUNIANDARI, S.H., M.Kn. | E87: 1 | F87: 0 | G87: 3 | H87: 0 | I87: 0 | J87: 0 | K87: 0 | L87: 0 | M87: 0 | N87: 0 | O87: 3 | P87: 0 | Q87: 2 | R87: 2 | S87: 2 | T87: 0 | U87: 0 | V87: =SUM(E87:U87) -> 13
B88: 7 | C88: 7. ERNADI, S.H.I. | E88: 0 | F88: 1 | G88: 0 | H88: 0 | I88: 0 | J88: 0 | K88: 0 | L88: 0 | M88: 0 | N88: 0 | O88: 0 | P88: 0 | Q88: 0 | R88: 0 | S88: 0 | T88: 0 | U88: 0 | V88: =SUM(E88:U88) -> 1
V89: =SUM(E89:U89) -> 0
V90: =SUM(E90:U90) -> 0
A91: B | B91: JUMLAH SUARA SAH PARTAI POLITIK DAN CALON (A1 + A2) | E91: =SUM(E81:E90) -> 22 | F91: =SUM(F81:F90) -> 49 | G91: =SUM(G81:G90) -> 33 | H91: =SUM(H81:H90) -> 15 | I91: =SUM(I81:I90) -> 15 | J91: =SUM(J81:J90) -> 12 | K91: =SUM(K81:K90) -> 44 | L91: =SUM(L81:L90) -> 19 | ... V91: =SUM(V81:V90) -> 412
A93: A.1 | B93: 5. | C93: Partai NasDem | E93: 2 | F93: 1 | G93: 1 | H93: 2 | I93: 0 | J93: 1 | K93: 1 | L93: 0 | M93: 0 | N93: 0 | O93: 0 | P93: 0 | Q93: 4 | R93: 0 | S93: 0 | T93: 2 | U93: 0 | V93: =SUM(E93:U93) -> 14
A94: A.2 | B94: 1 | C94: 1. ACH. FADIL MUZAKKI SYAH | E94: 1 | F94: 3 | G94: 0 | H94: 0 | I94: 0 | J94: 0 | K94: 0 | L94: 1 | M94: 3 | N94: 0 | O94: 1 | P94: 3 | Q94: 0 | R94: 4 | S94: 0 | T94: 0 | U94: 0 | V94: =SUM(E94:U94) -> 16
B95: 2 | C95: 2. BENY | E95: 0 | F95: 0 | G95: 0 | H95: 0 | I95: 0 | J95: 0 | K95: 0 | L95: 0 | M95: 0 | N95: 0 | O95: 0 | P95: 0 | Q95: 1 | R95: 2 | S95: 0 | T95: 1 | U95: 0 | V95: =SUM(E95:U95) -> 4
B96: 3 | C96: 3. VINA VERONIKA | E96: 0 | F96: 0 | G96: 0 | H96: 0 | I96: 0 | J96: 0 | K96: 0 | L96: 0 | M96: 0 | N96: 0 | O96: 0 | P96: 0 | Q96: 1 | R96: 0 | S96: 0 | T96: 0 | U96: 0 | V96: =SUM(E96:U96) -> 1
B97: 4 | C97: 4. TEDDY ANUGRIANTO | E97: 1 | F97: 0 | G97: 2 | H97: 13 | I97: 0 | J97: 2 | K97: 0 | L97: 2 | M97: 0 | N97: 0 | O97: 0 | P97: 0 | Q97: 3 | R97: 3 | S97: 6 | T97: 4 | U97: 1 | V97: =SUM(E97:U97) -> 37
B98: 5 | C98: 5. INSAN KAMIL | E98: 1 | F98: 0 | G98: 0 | H98: 0 | I98: 0 | J98: 0 | K98: 2 | L98: 0 | M98: 0 | N98: 0 | O98: 0 | P98: 0 | Q98: 0 | R98: 0 | S98: 1 | T98: 0 | U98: 0 | V98: =SUM(E98:U98) -> 4
B99: 6 | C99: 6. LILIK LINDARWATI | E99: 0 | F99: 0 | G99: 0 | H99: 0 | I99: 0 | J99: 0 | K99: 0 | L99: 0 | M99: 0 | N99: 0 | O99: 0 | P99: 0 | Q99: 0 | R99: 1 | S99: 0 | T99: 0 | U99: 0 | V99: =SUM(E99:U99) -> 1
B100: 7 | C100: 7. YULI ANITA | E100: 0 | F100: 0 | G100: 0 | H100: 0 | I100: 0 | J100: 0 | K100: 0 | L100: 0 | M100: 0 | N100: 0 | O100: 0 | P100: 0 | Q100: 0 | R100: 0 | S100: 0 | T100: 0 | U100: 0 | V100: =SUM(E100:U100) -> 0
V101: =SUM(E101:U101) -> 0
V102: =SUM(E102:U102) -> 0
A103: B | B103: JUMLAH SUARA SAH PARTAI POLITIK DAN CALON (A1 + A2) | E103: =SUM(E93:E102) -> 5 | F103: =SUM(F93:F102) -> 4 | G103: =SUM(G93:G102) -> 3 | H103: =SUM(H93:H102) -> 15 | I103: =SUM(I93:I102) -> 0 | J103: =SUM(J93:J102) -> 3 | K103: =SUM(K93:K102) -> 3 | L103: =SUM(L93:L102) -> 3 | ... V103: =SUM(V93:V102) -> 77
A105: A.1 | B105: 6. | C105: Partai Buruh | E105: 0 | F105: 1 | G105: 0 | H105: 0 | I105: 1 | J105: 1 | K105: 0 | L105: 0 | M105: 0 | N105: 0 | O105: 0 | P105: 0 | Q105: 0 | R105: 0 | S105: 0 | T105: 0 | U105: 0 | V105: =SUM(E105:U105) -> 3
A106: A.2 | B106: 1 | C106: 1. KHOIRUL ANAM | E106: 0 | F106: 0 | G106: 0 | H106: 0 | I106: 1 | J106: 0 | K106: 0 | L106: 0 | M106: 0 | N106: 0 | O106: 0 | P106: 0 | Q106: 0 | R106: 0 | S106: 0 | T106: 0 | U106: 0 | V106: =SUM(E106:U106) -> 1
B107: 2 | C107: 2. INA KURNIA | E107: 0 | F107: 0 | G107: 0 | H107: 0 | I107: 0 | J107: 1 | K107: 0 | L107: 0 | M107: 0 | N107: 0 | O107: 0 | P107: 0 | Q107: 0 | R107: 0 | S107: 0 | T107: 0 | U107: 1 | V107: =SUM(E107:U107) -> 2
B108: 3 | C108: 3. JIBRAL TAROUK | E108: 0 | F108: 0 | G108: 0 | H108: 0 | I108: 0 | J108: 0 | K108: 0 | L108: 0 | M108: 0 | N108: 0 | O108: 0 | P108: 0 | Q108: 0 | R108: 0 | S108: 0 | T108: 0 | U108: 0 | V108: =SUM(E108:U108) -> 0
B109: 4 | C109: 4. ASTUTI DAENG PUJI | E109: 0 | F109: 0 | G109: 0 | H109: 1 | I109: 0 | J109: 0 | K109: 0 | L109: 0 | M109: 0 | N109: 0 | O109: 0 | P109: 0 | Q109: 0 | R109: 0 | S109: 0 | T109: 0 | U109: 0 | V109: =SUM(E109:U109) -> 1
B110: 5 | C110: 5. ASDARMAWAN | E110: 0 | F110: 0 | G110: 0 | H110: 0 | I110: 0 | J110: 0 | K110: 2 | L110: 0 | M110: 0 | N110: 0 | O110: 0 | P110: 0 | Q110: 0 | R110: 1 | S110: 0 | T110: 0 | U110: 0 | V110: =SUM(E110:U110) -> 3
B111: 6 | C111: 6. RIFQI MUBAROK | E111: 0 | F111: 0 | G111: 0 | H111: 0 | I111: 0 | J111: 0 | K111: 1 | L111: 0 | M111: 0 | N111: 0 | O111: 0 | P111: 0 | Q111: 0 | R111: 0 | S111: 0 | T111: 0 | U111: 0 | V111: =SUM(E111:U111) -> 1
B112: 7 | C112: 7. FIRNANDA ALTA MEGA | E112: 0 | F112: 0 | G112: 1 | H112: 0 | I112: 0 | J112: 0 | K112: 0 | L112: 0 | M112: 0 | N112: 0 | O112: 0 | P112: 0 | Q112: 0 | R112: 0 | S112: 0 | T112: 0 | U112: 0 | V112: =SUM(E112:U112) -> 1
V113: =SUM(E113:U113) -> 0
V114: =SUM(E114:U114) -> 0
A115: B | B115: JUMLAH SUARA SAH PARTAI POLITIK DAN CALON (A1 + A2) | E115: =SUM(E105:E114) -> 0 | F115: =SUM(F105:F114) -> 1 | G115: =SUM(G105:G114) -> 1 | H115: =SUM(H105:H114) -> 1 | I115: =SUM(I105:I114) -> 2 | J115: =SUM(J105:J114) -> 2 | K115: =SUM(K105:K114) -> 3 | L115: =SUM(L105:L114) -> 0 | ... V115: =SUM(V105:V114) -> 12
A117: A.1 | B117: 7. | C117: Partai Gelombang Rakyat Indonesia | E117: 0 | F117: 2 | G117: 0 | H117: 1 | I117: 0 | J117: 1 | K117: 0 | L117: 0 | M117: 0 | N117: 1 | O117: 1 | P117: 0 | Q117: 0 | R117: 0 | S117: 0 | T117: 0 | U117: 0 | V117: =SUM(E117:U117) -> 6
...

Sheet BUBUK
C2: Kecamatan | D2: ROGOJAMPI
C3: Kabupaten | D3: BANYUWANGI
C4: Provinsi | D4: JAWA TIMUR
C9: Kelurahan | D9: BUBUK
A12: I | B12: DATA PEMILIH DAN PENGGUNAAN HAK PILIH | T12: JUMLAH AKHIR
A13: A | B13: DATA PEMILIH | E13: TPS 001 | F13: TPS 002 | G13: TPS 003 | H13: TPS 004 | I13: TPS 005 | J13: TPS 006 | K13: TPS 007 | L13: TPS 008 | M13: TPS 009 | N13: TPS 010 | O13: TPS 011 | P13: TPS 012 | Q13: TPS 013 | R13: TPS 014 | S13: TPS 015
B14: Jumlah Pemilih dalam Daftar Pemilih Tetap (DPT) | D14: LK | E14: 133 | F14: 134 | G14: 113 | H14: 131 | I14: 63 | J14: 107 | K14: 122 | L14: 112 | M14: 141 | N14: 149 | O14: 127 | P14: 137 | Q14: 132 | R14: 107 | S14: 144 | T14: =SUM(E14:S14) -> 1852
D15: PR | E15: 139 | F15: 128 | G15: 111 | H15: 134 | I15: 75 | J15: 130 | K15: 117 | L15: 115 | M15: 117 | N15: 138 | O15: 141 | P15: 130 | Q15: 136 | R15: 99 | S15: 129 | T15: =SUM(E15:S15) -> 1839
D16: JML | E16: =SUM(E14:E15) -> 272 | F16: =SUM(F14:F15) -> 262 | G16: =SUM(G14:G15) -> 224 | H16: =SUM(H14:H15) -> 265 | I16: =SUM(I14:I15) -> 138 | J16: =SUM(J14:J15) -> 237 | K16: =SUM(K14:K15) -> 239 | L16: =SUM(L14:L15) -> 227 | ... S16: =SUM(S14:S15) -> 273 | T16: =SUM(E16:S16) -> 3691
A18: B | B18: PENGGUNA HAK PILIH
B19: 1. | C19: Jumlah pengguna hak pilih dalam Daftar Pemilih Tetap (DPT) | D19: LK | E19: 108 | F19: 88 | G19: 82 | H19: 102 | I19: 46 | J19: 90 | K19: 94 | L19: 78 | M19: 87 | N19: 113 | O19: 101 | P19: 103 | Q19: 101 | R19: 94 | S19: 122 | T19: =SUM(E19:S19) -> 1409
D20: PR | E20: 119 | F20: 92 | G20: 77 | H20: 111 | I20: 58 | J20: 113 | K20: 105 | L20: 93 | M20: 86 | N20: 117 | O20: 120 | P20: 115 | Q20: 124 | R20: 91 | S20: 113 | T20: =SUM(E20:S20) -> 1534
D21: JML | E21: =SUM(E19:E20) -> 227 | F21: =SUM(F19:F20) -> 180 | G21: =SUM(G19:G20) -> 159 | H21: =SUM(H19:H20) -> 213 | I21: =SUM(I19:I20) -> 104 | J21: =SUM(J19:J20) -> 203 | K21: =SUM(K19:K20) -> 199 | L21: =SUM(L19:L20) -> 171 | ... S21: =SUM(S19:S20) -> 235 | T21: =SUM(E21:S21) -> 2943
B22: 2. | C22: Jumlah pengguna hak pilih dalam Daftar Pemilih Tambahan (DPTb) | D22: LK | E22: 1 | F22: 2 | G22: 0 | H22: 0 | I22: 0 | J22: 1 | K22: 0 | L22: 1 | M22: 0 | N22: 0 | O22: 0 | P22: 0 | Q22: 0 | R22: 1 | S22: 0 | T22: =SUM(E22:S22) -> 6
D23: PR | E23: 1 | F23: 3 | G23: 0 | H23: 1 | I23: 0 | J23: 1 | K23: 0 | L23: 0 | M23: 0 | N23: 0 | O23: 0 | P23: 0 | Q23: 0 | R23: 1 | S23: 0 | T23: =SUM(E23:S23) -> 7
D24: JML | E24: =SUM(E22:E23) -> 2 | F24: =SUM(F22:F23) -> 5 | G24: =SUM(G22:G23) -> 0 | H24: =SUM(H22:H23) -> 1 | I24: =SUM(I22:I23) -> 0 | J24: =SUM(J22:J23) -> 2 | K24: =SUM(K22:K23) -> 0 | L24: =SUM(L22:L23) -> 1 | ... S24: =SUM(S22:S23) -> 0 | T24: =SUM(E24:S24) -> 13
B25: 3. | C25: Jumlah pengguna hak pilih dalam Daftar Pemilih Khusus (DPK) | D25: LK | E25: 1 | F25: 0 | G25: 1 | H25: 0 | I25: 0 | J25: 2 | K25: 0 | L25: 1 | M25: 1 | N25: 0 | O25: 1 | P25: 0 | Q25: 8 | R25: 1 | S25: 2 | T25: =SUM(E25:S25) -> 18
D26: PR | E26: 0 | F26: 1 | G26: 0 | H26: 0 | I26: 0 | J26: 2 | K26: 0 | L26: 2 | M26: 0 | N26: 0 | O26: 3 | P26: 0 | Q26: 8 | R26: 2 | S26: 5 | T26: =SUM(E26:S26) -> 23
D27: JML | E27: =SUM(E25:E26) -> 1 | F27: =SUM(F25:F26) -> 1 | G27: =SUM(G25:G26) -> 1 | H27: =SUM(H25:H26) -> 0 | I27: =SUM(I25:I26) -> 0 | J27: =SUM(J25:J26) -> 4 | K27: =SUM(K25:K26) -> 0 | L27: =SUM(L25:L26) -> 3 | ... S27: =SUM(S25:S26) -> 7 | T27: =SUM(E27:S27) -> 41
B28: 4. | C28: Jumlah Pengguna Hak Pilih (B.1+B.2+B.3) | D28: LK | E28: =SUM(E19,E22,E25) -> 110 | F28: =SUM(F19,F22,F25) -> 90 | G28: =SUM(G19,G22,G25) -> 83 | H28: =SUM(H19,H22,H25) -> 102 | I28: =SUM(I19,I22,I25) -> 46 | J28: =SUM(J19,J22,J25) -> 93 | K28: =SUM(K19,K22,K25) -> 94 | L28: =SUM(L19,L22,L25) -> 80 | ... S28: =SUM(S19,S22,S25) -> 124 | T28: =SUM(E28:S28) -> 1433
D29: PR | E29: =SUM(E20,E23,E26) -> 120 | F29: =SUM(F20,F23,F26) -> 96 | G29: =SUM(G20,G23,G26) -> 77 | H29: =SUM(H20,H23,H26) -> 112 | I29: =SUM(I20,I23,I26) -> 58 | J29: =SUM(J20,J23,J26) -> 116 | K29: =SUM(K20,K23,K26) -> 105 | L29: =SUM(L20,L23,L26) -> 95 | ... S29: =SUM(S20,S23,S26) -> 118 | T29: =SUM(E29:S29) -> 1564
D30: JML | E30: =SUM(E28:E29) -> 230 | F30: =SUM(F28:F29) -> 186 | G30: =SUM(G28:G29) -> 160 | H30: =SUM(H28:H29) -> 214 | I30: =SUM(I28:I29) -> 104 | J30: =SUM(J28:J29) -> 209 | K30: =SUM(K28:K29) -> 199 | L30: =SUM(L28:L29) -> 175 | ... S30: =SUM(S28:S29) -> 242 | T30: =SUM(E30:S30) -> 2997
A32: II | B32: DATA PENGGUNAAN SURAT SUARA
A33: 1 | B33: Jumlah surat suara yang diterima, termasuk surat suara cadangan 2,5% dari DPT | E33: 277 | F33: 267 | G33: 229 | H33: 270 | I33: 140 | J33: 241 | K33: 245 | L33: 231 | M33: 264 | N33: 293 | O33: 274 | P33: 273 | Q33: 274 | R33: 211 | S33: 279 | T33: =SUM(E33:S33) -> 3768
A34: 2 | B34: Jumlah surat suara yang digunakan | E34: 230 | F34: 186 | G34: 160 | H34: 214 | I34: 104 | J34: 209 | K34: 199 | L34: 175 | M34: 174 | N34: 230 | O34: 225 | P34: 218 | Q34: 241 | R34: 190 | S34: 242 | T34: =SUM(E34:S34) -> 2997
A35: 3 | B35: Jumlah surat suara dikembalikan oleh pemilih (karena rusak atau keliru coblos) | E35: 0 | F35: 0 | G35: 0 | H35: 0 | I35: 0 | J35: 1 | K35: 0 | L35: 0 | M35: 4 | N35: 0 | O35: 0 | P35: 1 | Q35: 0 | R35: 0 | S35: 1 | T35: =SUM(E35:S35) -> 7
A36: 4 | B36: Jumlah surat suara yang tidak digunakan/tidak terpakai, termasuk sisa surat suara cadangan | E36: =E33-(E34+E35) -> 47 | F36: =F33-(F34+F35) -> 81 | G36: =G33-(G34+G35) -> 69 | H36: =H33-(H34+H35) -> 56 | I36: =I33-(I34+I35) -> 36 | J36: =J33-(J34+J35) -> 31 | K36: =K33-(K34+K35) -> 46 | L36: =L33-(L34+L35) -> 56 | ... S36: =S33-(S34+S35) -> 36 | T36: =SUM(E36:S36) -> 764
A38: III | B38: DATA PEMILIH DISABILITAS
B39: Jumlah seluruh Pemilih disabilitas yang menggunakan hak pilih | D39: LK | E39: 0 | F39: 0 | G39: 2 | H39: 1 | I39: 0 | J39: 1 | K39: 0 | L39: 0 | M39: 0 | N39: 0 | O39: 0 | P39: 0 | Q39: 0 | R39: 0 | S39: 0 | T39: =SUM(E39:S39) -> 4
D40: PR | E40: 0 | F40: 0 | G40: 1 | H40: 0 | I40: 0 | J40: 0 | K40: 0 | L40: 0 | M40: 0 | N40: 0 | O40: 0 | P40: 0 | Q40: 0 | R40: 0 | S40: 1 | T40: =SUM(E40:S40) -> 2
D41: JML | E41: =SUM(E39:E40) -> 0 | F41: =SUM(F39:F40) -> 0 | G41: =SUM(G39:G40) -> 3 | H41: =SUM(H39:H40) -> 1 | I41: =SUM(I39:I40) -> 0 | J41: =SUM(J39:J40) -> 1 | K41: =SUM(K39:K40) -> 0 | L41: =SUM(L39:L40) -> 0 | ... S41: =SUM(S39:S40) -> 1 | T41: =SUM(E41:S41) -> 6
A43: IV | B43: DATA RINCIAN PEROLEHAN SUARA PASANGAN CALON BUPATI DAN WAKIL BUPATI
A44: NOMOR DAN NAMA CALON
A45: A.1 | B45: 1. | C45: Partai Kebangkitan Bangsa | E45: 8 | F45: 5 | G45: 1 | H45: 4 | I45: 1 | J45: 1 | K45: 1 | L45: 5 | M45: 3 | N45: 14 | O45: 11 | P45: 7 | Q45: 5 | R45: 7 | S45: 4 | T45: =SUM(E45:S45) -> 77
A46: A.2 | B46: 1 | C46: 1. Dr. Hj. NIHAYATUL WAFIROH, M.A. | E46: 6 | F46: 3 | G46: 2 | H46: 4 | I46: 2 | J46: 7 | K46: 5 | L46: 2 | M46: 4 | N46: 12 | O46: 27 | P46: 15 | Q46: 18 | R46: 27 | S46: 19 | T46: =SUM(E46:S46) -> 153
B47: 2 | C47: 2. H. M. NASIM KHAN | E47: 1 | F47: 3 | G47: 12 | H47: 4 | I47: 1 | J47: 2 | K47: 2 | L47: 1 | M47: 1 | N47: 1 | O47: 3 | P47: 0 | Q47: 5 | R47: 6 | S47: 1 | T47: =SUM(E47:S47) -> 43
B48: 3 | C48: 3. Dr. H. AKIK ZAMAN, M.Pd.I. | E48: 0 | F48: 1 | G48: 0 | H48: 0 | I48: 0 | J48: 0 | K48: 0 | L48: 0 | M48: 0 | N48: 0 | O48: 0 | P48: 1 | Q48: 3 | R48: 0 | S48: 0 | T48: =SUM(E48:S48) -> 5
B49: 4 | C49: 4. AHMAD RIFA'I, S.H. | E49: 0 | F49: 0 | G49: 0 | H49: 0 | I49: 0 | J49: 0 | K49: 4 | L49: 0 | M49: 2 | N49: 0 | O49: 4 | P49: 2 | Q49: 0 | R49: 1 | S49: 0 | T49: =SUM(E49:S49) -> 13
B50: 5 | C50: 5. Drs. H. MAHFUD M.N. | E50: 0 | F50: 2 | G50: 0 | H50: 0 | I50: 0 | J50: 0 | K50: 2 | L50: 0 | M50: 0 | N50: 0 | O50: 0 | P50: 0 | Q50: 0 | R50: 0 | S50: 0 | T50: =SUM(E50:S50) -> 4
B51: 6 | C51: 6. NURHAYATI, S.Pd. | E51: 0 | F51: 0 | G51: 0 | H51: 0 | I51: 0 | J51: 0 | K51: 1 | L51: 0 | M51: 0 | N51: 0 | O51: 0 | P51: 0 | Q51: 0 | R51: 0 | S51: 0 | T51: =SUM(E51:S51) -> 1
B52: 7 | C52: 7. MAFTUHA KISWAH | E52: 0 | F52: 0 | G52: 1 | H52: 0 | I52: 0 | J52: 0 | K52: 0 | L52: 0 | M52: 0 | N52: 0 | O52: 0 | P52: 0 | Q52: 0 | R52: 0 | S52: 0 | T52: =SUM(E52:S52) -> 1
T53: =SUM(E53:S53) -> 0
T54: =SUM(E54:S54) -> 0
A55: B | B55: JUMLAH SUARA SAH PARTAI POLITIK DAN CALON (A1 + A2) | E55: =SUM(E45:E54) -> 15 | F55: =SUM(F45:F54) -> 14 | G55: =SUM(G45:G54) -> 16 | H55: =SUM(H45:H54) -> 12 | I55: =SUM(I45:I54) -> 4 | J55: =SUM(J45:J54) -> 10 | K55: =SUM(K45:K54) -> 15 | L55: =SUM(L45:L54) -> 8 | ... T55: =SUM(T45:T54) -> 297
A57: A.1 | B57: 2. | C57: Partai Gerakan Indonesia Raya | E57: 4 | F57: 8 | G57: 5 | H57: 5 | I57: 4 | J57: 2 | K57: 6 | L57: 4 | M57: 6 | N57: 12 | O57: 4 | P57: 0 | Q57: 6 | R57: 7 | S57: 9 | T57: =SUM(E57:S57) -> 82
A58: A.2 | B58: 1 | C58: 1. SUMAIL ABDULLAH | E58: 21 | F58: 17 | G58: 28 | H58: 62 | I58: 31 | J58: 16 | K58: 7 | L58: 5 | M58: 11 | N58: 17 | O58: 4 | P58: 0 | Q58: 8 | R58: 8 | S58: 7 | T58: =SUM(E58:S58) -> 242
B59: 2 | C59: 2. MUHAMMAD ALI ADRIAN SALEH | E59: 0 | F59: 1 | G59: 4 | H59: 1 | I59: 0 | J59: 1 | K59: 0 | L59: 1 | M59: 1 | N59: 1 | O59: 6 | P59: 1 | Q59: 1 | R59: 2 | S59: 2 | T59: =SUM(E59:S59) -> 22
B60: 3 | C60: 3. DURROTUN NAFISAH | E60: 1 | F60: 0 | G60: 0 | H60: 0 | I60: 0 | J60: 1 | K60: 0 | L60: 0 | M60: 0 | N60: 0 | O60: 1 | P60: 1 | Q60: 4 | R60: 2 | S60: 0 | T60: =SUM(E60:S60) -> 10
B61: 4 | C61: 4. H. EKO SUSILO NURHIDAYAT | E61: 1 | F61: 2 | G61: 0 | H61: 1 | I61: 0 | J61: 0 | K61: 1 | L61: 0 | M61: 0 | N61: 0 | O61: 1 | P61: 0 | Q61: 0 | R61: 0 | S61: 1 | T61: =SUM(E61:S61) -> 7
B62: 5 | C62: 5. KARNADI HARIJANTO, S.S. | E62: 0 | F62: 0 | G62: 0 | H62: 0 | I62: 0 | J62: 0 | K62: 0 | L62: 0 | M62: 0 | N62: 0 | O62: 0 | P62: 0 | Q62: 0 | R62: 0 | S62: 1 | T62: =SUM(E62:S62) -> 1
B63: 6 | C63: 6. NURHAYATI | E63: 0 | F63: 0 | G63: 1 | H63: 1 | I63: 0 | J63: 1 | K63: 0 | L63: 0 | M63: 1 | N63: 0 | O63: 0 | P63: 2 | Q63: 0 | R63: 0 | S63: 0 | T63: =SUM(E63:S63) -> 6
B64: 7 | C64: 7. MASHUDI | E64: 0 | F64: 0 | G64: 0 | H64: 0 | I64: 0 | J64: 0 | K64: 0 | L64: 1 | M64: 0 | N64: 0 | O64: 0 | P64: 0 | Q64: 0 | R64: 0 | S64: 0 | T64: =SUM(E64:S64) -> 1
T65: =SUM(E65:S65) -> 0
T66: =SUM(E66:S66) -> 0
A67: B | B67: JUMLAH SUARA SAH PARTAI POLITIK DAN CALON (A1 + A2) | E67: =SUM(E57:E66) -> 27 | F67: =SUM(F57:F66) -> 28 | G67: =SUM(G57:G66) -> 38 | H67: =SUM(H57:H66) -> 70 | I67: =SUM(I57:I66) -> 35 | J67: =SUM(J57:J66) -> 21 | K67: =SUM(K57:K66) -> 14 | L67: =SUM(L57:L66) -> 11 | ... T67: =SUM(T57:T66) -> 371
A69: A.1 | B69: 3. | C69: Partai Demokrasi Indonesia Perjuangan | E69: 7 | F69: 5 | G69: 8 | H69: 11 | I69: 6 | J69: 9 | K69: 2 | L69: 2 | M69: 8 | N69: 14 | O69: 1 | P69: 5 | Q69: 2 | R69: 6 | S69: 5 | T69: =SUM(E69:S69) -> 91
A70: A.2 | B70: 1 | C70: 1. SONNY TRI DANAPARAMITA, S.H., M.H. | E70: 8 | F70: 5 | G70: 8 | H70: 5 | I70: 2 | J70: 24 | K70: 6 | L70: 8 | M70: 4 | N70: 15 | O70: 1 | P70: 7 | Q70: 4 | R70: 11 | S70: 4 | T70: =SUM(E70:S70) -> 112
B71: 2 | C71: 2. H. MOHAMAD GUNTUR ROMLI | E71: 30 | F71: 25 | G71: 28 | H71: 50 | I71: 32 | J71: 11 | K71: 5 | L71: 5 | M71: 15 | N71: 21 | O71: 10 | P71: 9 | Q71: 17 | R71: 21 | S71: 22 | T71: =SUM(E71:S71) -> 301
B72: 3 | C72: 3. INA AMMANIA | E72: 0 | F72: 1 | G72: 0 | H72: 1 | I72: 0 | J72: 20 | K72: 13 | L72: 84 | M72: 26 | N72: 15 | O72: 1 | P72: 1 | Q72: 1 | R72: 0 | S72: 1 | T72: =SUM(E72:S72) -> 164
B73: 4 | C73: 4. IRWAN BACHTIAR RACHMAT, M.Si. | E73: 0 | F73: 0 | G73: 0 | H73: 1 | I73: 0 | J73: 0 | K73: 0 | L73: 0 | M73: 1 | N73: 1 | O73: 1 | P73: 0 | Q73: 1 | R73: 0 | S73: 0 | T73: =SUM(E73:S73) -> 5
B74: 5 | C74: 5. LUCKY PERDANA | E74: 2 | F74: 1 | G74: 1 | H74: 1 | I74: 2 | J74: 0 | K74: 2 | L74: 1 | M74: 8 | N74: 2 | O74: 0 | P74: 0 | Q74: 7 | R74: 7 | S74: 1 | T74: =SUM(E74:S74) -> 35
B75: 6 | C75: 6. WIWIK PUJIYATI | E75: 0 | F75: 1 | G75: 0 | H75: 0 | I75: 1 | J75: 0 | K75: 0 | L75: 0 | M75: 1 | N75: 0 | O75: 0 | P75: 1 | Q75: 1 | R75: 0 | S75: 0 | T75: =SUM(E75:S75) -> 5
B76: 7 | C76: 7. CHANDRA ASTAN, S.T. | E76: 0 | F76: 0 | G76: 0 | H76: 0 | I76: 0 | J76: 0 | K76: 0 | L76: 0 | M76: 0 | N76: 0 | O76: 0 | P76: 0 | Q76: 1 | R76: 0 | S76: 0 | T76: =SUM(E76:S76) -> 1
T77: =SUM(E77:S77) -> 0
T78: =SUM(E78:S78) -> 0
A79: B | B79: JUMLAH SUARA SAH PARTAI POLITIK DAN CALON (A1 + A2) | E79: =SUM(E69:E78) -> 47 | F79: =SUM(F69:F78) -> 38 | G79: =SUM(G69:G78) -> 45 | H79: =SUM(H69:H78) -> 69 | I79: =SUM(I69:I78) -> 43 | J79: =SUM(J69:J78) -> 64 | K79: =SUM(K69:K78) -> 28 | L79: =SUM(L69:L78) -> 100 | ... T79: =SUM(T69:T78) -> 714
A81: A.1 | B81: 4. | C81: Partai Golongan Karya | E81: 6 | F81: 6 | G81: 0 | H81: 2 | I81: 0 | J81: 0 | K81: 5 | L81: 0 | M81: 3 | N81: 1 | O81: 1 | P81: 3 | Q81: 0 | R81: 0 | S81: 1 | T81: =SUM(E81:S81) -> 28
A82: A.2 | B82: 1 | C82: 1. ZULFIKAR ARSE SADIKIN, S.I.P., M.Si. | E82: 60 | F82: 25 | G82: 1 | H82: 4 | I82: 1 | J82: 38 | K82: 62 | L82: 6 | M82: 7 | N82: 15 | O82: 2 | P82: 3 | Q82: 4 | R82: 1 | S82: 2 | T82: =SUM(E82:S82) -> 231
B83: 2 | C83: 2. HANDOKO | E83: 3 | F83: 4 | G83: 4 | H83: 3 | I83: 0 | J83: 0 | K83: 0 | L83: 1 | M83: 1 | N83: 1 | O83: 0 | P83: 1 | Q83: 4 | R83: 1 | S83: 0 | T83: =SUM(E83:S83) -> 23
B84: 3 | C84: 3. Hj. OVI DEWI YANTI | E84: 1 | F84: 2 | G84: 0 | H84: 0 | I84: 0 | J84: 0 | K84: 0 | L84: 0 | M84: 0 | N84: 0 | O84: 1 | P84: 1 | Q84: 1 | R84: 0 | S84: 0 | T84: =SUM(E84:S84) -> 6
B85: 4 | C85: 4. Ir. AZAM AZMAN NATAWIJANA | E85: 0 | F85: 0 | G85: 0 | H85: 0 | I85: 0 | J85: 0 | K85: 1 | L85: 0 | M85: 0 | N85: 1 | O85: 0 | P85: 1 | Q85: 0 | R85: 0 | S85: 0 | T85: =SUM(E85:S85) -> 3
B86: 5 | C86: 5. UBAIDILLAH AMIN, S.Kom. | E86: 1 | F86: 0 | G86: 0 | H86: 0 | I86: 0 | J86: 0 | K86: 0 | L86: 0 | M86: 0 | N86: 0 | O86: 0 | P86: 0 | Q86: 1 | R86: 4 | S86: 0 | T86: =SUM(E86:S86) -> 6
B87: 6 | C87: 6. DENNY YUNIANDARI, S.H., M.Kn. | E87: 1 | F87: 0 | G87: 0 | H87: 0 | I87: 0 | J87: 0 | K87: 0 | L87: 0 | M87: 0 | N87: 0 | O87: 1 | P87: 0 | Q87: 0 | R87: 0 | S87: 0 | T87: =SUM(E87:S87) -> 2
B88: 7 | C88: 7. ERNADI, S.H.I. | E88: 0 | F88: 0 | G88: 0 | H88: 0 | I88: 0 | J88: 0 | K88: 0 | L88: 0 | M88: 0 | N88: 0 | O88: 0 | P88: 0 | Q88: 1 | R88: 0 | S88: 0 | T88: =SUM(E88:S88) -> 1
T89: =SUM(E89:S89) -> 0
T90: =SUM(E90:S90) -> 0
A91: B | B91: JUMLAH SUARA SAH PARTAI POLITIK DAN CALON (A1 + A2) | E91: =SUM(E81:E90) -> 72 | F91: =SUM(F81:F90) -> 37 | G91: =SUM(G81:G90) -> 5 | H91: =SUM(H81:H90) -> 9 | I91: =SUM(I81:I90) -> 1 | J91: =SUM(J81:J90) -> 38 | K91: =SUM(K81:K90) -> 68 | L91: =SUM(L81:L90) -> 7 | ... T91: =SUM(T81:T90) -> 300
A93: A.1 | B93: 5. | C93: Partai NasDem | E93: 0 | F93: 2 | G93: 4 | H93: 5 | I93: 0 | J93: 3 | K93: 3 | L93: 2 | M93: 2 | N93: 1 | O93: 1 | P93: 3 | Q93: 0 | R93: 0 | S93: 2 | T93: =SUM(E93:S93) -> 28
A94: A.2 | B94: 1 | C94: 1. ACH. FADIL MUZAKKI SYAH | E94: 2 | F94: 0 | G94: 2 | H94: 1 | I94: 0 | J94: 2 | K94: 4 | L94: 1 | M94: 0 | N94: 0 | O94: 0 | P94: 2 | Q94: 1 | R94: 1 | S94: 2 | T94: =SUM(E94:S94) -> 18
B95: 2 | C95: 2. BENY | E95: 0 | F95: 0 | G95: 1 | H95: 0 | I95: 0 | J95: 3 | K95: 0 | L95: 0 | M95: 0 | N95: 3 | O95: 0 | P95: 0 | Q95: 0 | R95: 0 | S95: 0 | T95: =SUM(E95:S95) -> 7
B96: 3 | C96: 3. VINA VERONIKA | E96: 0 | F96: 0 | G96: 0 | H96: 0 | I96: 0 | J96: 0 | K96: 0 | L96: 0 | M96: 0 | N96: 0 | O96: 0 | P96: 0 | Q96: 0 | R96: 0 | S96: 0 | T96: =SUM(E96:S96) -> 0
B97: 4 | C97: 4. TEDDY ANUGRIANTO | E97: 0 | F97: 3 | G97: 7 | H97: 1 | I97: 0 | J97: 15 | K97: 2 | L97: 2 | M97: 0 | N97: 0 | O97: 5 | P97: 6 | Q97: 5 | R97: 3 | S97: 14 | T97: =SUM(E97:S97) -> 63
B98: 5 | C98: 5. INSAN KAMIL | E98: 0 | F98: 0 | G98: 1 | H98: 1 | I98: 0 | J98: 0 | K98: 0 | L98: 0 | M98: 2 | N98: 0 | O98: 0 | P98: 0 | Q98: 0 | R98: 0 | S98: 1 | T98: =SUM(E98:S98) -> 5
B99: 6 | C99: 6. LILIK LINDARWATI | E99: 0 | F99: 0 | G99: 0 | H99: 0 | I99: 0 | J99: 0 | K99: 0 | L99: 0 | M99: 0 | N99: 0 | O99: 0 | P99: 1 | Q99: 0 | R99: 0 | S99: 0 | T99: =SUM(E99:S99) -> 1
B100: 7 | C100: 7. YULI ANITA | E100: 0 | F100: 0 | G100: 0 | H100: 0 | I100: 0 | J100: 0 | K100: 0 | L100: 0 | M100: 0 | N100: 0 | O100: 0 | P100: 0 | Q100: 0 | R100: 0 | S100: 0 | T100: =SUM(E100:S100) -> 0
T101: =SUM(E101:S101) -> 0
T102: =SUM(E102:S102) -> 0
A103: B | B103: JUMLAH SUARA SAH PARTAI POLITIK DAN CALON (A1 + A2) | E103: =SUM(E93:E102) -> 2 | F103: =SUM(F93:F102) -> 5 | G103: =SUM(G93:G102) -> 15 | H103: =SUM(H93:H102) -> 8 | I103: =SUM(I93:I102) -> 0 | J103: =SUM(J93:J102) -> 23 | K103: =SUM(K93:K102) -> 9 | L103: =SUM(L93:L102) -> 5 | ... T103: =SUM(T93:T102) -> 122
A105: A.1 | B105: 6. | C105: Partai Buruh | E105: 0 | F105: 0 | G105: 0 | H105: 0 | I105: 0 | J105: 0 | K105: 0 | L105: 0 | M105: 0 | N105: 1 | O105: 0 | P105: 0 | Q105: 0 | R105: 0 | S105: 1 | T105: =SUM(E105:S105) -> 2
A106: A.2 | B106: 1 | C106: 1. KHOIRUL ANAM | E106: 0 | F106: 0 | G106: 0 | H106: 0 | I106: 0 | J106: 0 | K106: 0 | L106: 0 | M106: 0 | N106: 0 | O106: 0 | P106: 0 | Q106: 0 | R106: 0 | S106: 1 | T106: =SUM(E106:S106) -> 1
B107: 2 | C107: 2. INA KURNIA | E107: 0 | F107: 0 | G107: 0 | H107: 0 | I107: 0 | J107: 0 | K107: 0 | L107: 0 | M107: 0 | N107: 0 | O107: 0 | P107: 0 | Q107: 1 | R107: 0 | S107: 0 | T107: =SUM(E107:S107) -> 1
B108: 3 | C108: 3. JIBRAL TAROUK | E108: 0 | F108: 0 | G108: 0 | H108: 0 | I108: 0 | J108: 0 | K108: 0 | L108: 0 | M108: 0 | N108: 0 | O108: 0 | P108: 0 | Q108: 0 | R108: 0 | S108: 0 | T108: =SUM(E108:S108) -> 0
B109: 4 | C109: 4. ASTUTI DAENG PUJI | E109: 0 | F109: 0 | G109: 0 | H109: 0 | I109: 0 | J109: 0 | K109: 0 | L109: 0 | M109: 0 | N109: 0 | O109: 0 | P109: 0 | Q109: 0 | R109: 0 | S109: 0 | T109: =SUM(E109:S109) -> 0
B110: 5 | C110: 5. ASDARMAWAN | E110: 0 | F110: 0 | G110: 0 | H110: 0 | I110: 0 | J110: 0 | K110: 0 | L110: 0 | M110: 1 | N110: 0 | O110: 0 | P110: 0 | Q110: 0 | R110: 0 | S110: 0 | T110: =SUM(E110:S110) -> 1
B111: 6 | C111: 6. RIFQI MUBAROK | E111: 0 | F111: 0 | G111: 0 | H111: 0 | I111: 0 | J111: 0 | K111: 0 | L111: 0 | M111: 0 | N111: 0 | O111: 0 | P111: 0 | Q111: 0 | R111: 0 | S111: 0 | T111: =SUM(E111:S111) -> 0
B112: 7 | C112: 7. FIRNANDA ALTA MEGA | E112: 0 | F112: 0 | G112: 0 | H112: 0 | I112: 0 | J112: 0 | K112: 0 | L112: 0 | M112: 0 | N112: 0 | O112: 0 | P112: 0 | Q112: 0 | R112: 0 | S112: 0 | T112: =SUM(E112:S112) -> 0
T113: =SUM(E113:S113) -> 0
T114: =SUM(E114:S114) -> 0
A115: B | B115: JUMLAH SUARA SAH PARTAI POLITIK DAN CALON (A1 + A2) | E115: =SUM(E105:E114) -> 0 | F115: =SUM(F105:F114) -> 0 | G115: =SUM(G105:G114) -> 0 | H115: =SUM(H105:H114) -> 0 | I115: =SUM(I105:I114) -> 0 | J115: =SUM(J105:J114) -> 0 | K115: =SUM(K105:K114) -> 0 | L115: =SUM(L105:L114) -> 0 | ... T115: =SUM(T105:T114) -> 5
A117: A.1 | B117: 7. | C117: Partai Gelombang Rakyat Indonesia | E117: 0 | F117: 0 | G117: 0 | H117: 0 | I117: 0 | J117: 0 | K117: 4 | L117: 0 | M117: 0 | N117: 0 | O117: 1 | P117: 0 | Q117: 0 | R117: 0 | S117: 0 | T117: =SUM(E117:S117) -> 5
...

Sheet GITIK
C2: Kecamatan | D2: ROGOJAMPI
C3: Kabupaten | D3: BANYUWANGI
C4: Provinsi | D4: JAWA TIMUR
C9: Kelurahan | D9: GITIK
A12: I | B12: DATA PEMILIH DAN PENGGUNAAN HAK PILIH | N12: JUMLAH AKHIR
A13: A | B13: DATA PEMILIH | E13: TPS 001 | F13: TPS 002 | G13: TPS 003 | H13: TPS 004 | I13: TPS 005 | J13: TPS 006 | K13: TPS 007 | L13: TPS 008 | M13: TPS 009
B14: Jumlah Pemilih dalam Daftar Pemilih Tetap (DPT) | D14: LK | E14: 125 | F14: 119 | G14: 113 | H14: 136 | I14: 139 | J14: 128 | K14: 139 | L14: 138 | M14: 91 | N14: =SUM(E14:M14) -> 1128
D15: PR | E15: 115 | F15: 118 | G15: 131 | H15: 138 | I15: 149 | J15: 144 | K15: 143 | L15: 140 | M15: 92 | N15: =SUM(E15:M15) -> 1170
D16: JML | E16: =SUM(E14:E15) -> 240 | F16: =SUM(F14:F15) -> 237 | G16: =SUM(G14:G15) -> 244 | H16: =SUM(H14:H15) -> 274 | I16: =SUM(I14:I15) -> 288 | J16: =SUM(J14:J15) -> 272 | K16: =SUM(K14:K15) -> 282 | L16: =SUM(L14:L15) -> 278 | M16: =SUM(M14:M15) -> 183 | N16: =SUM(E16:M16) -> 2298
A18: B | B18: PENGGUNA HAK PILIH
B19: 1. | C19: Jumlah pengguna hak pilih dalam Daftar Pemilih Tetap (DPT) | D19: LK | E19: 104 | F19: 93 | G19: 88 | H19: 109 | I19: 103 | J19: 107 | K19: 103 | L19: 93 | M19: 65 | N19: =SUM(E19:M19) -> 865
D20: PR | E20: 103 | F20: 96 | G20: 109 | H20: 117 | I20: 114 | J20: 119 | K20: 111 | L20: 101 | M20: 74 | N20: =SUM(E20:M20) -> 944
D21: JML | E21: =SUM(E19:E20) -> 207 | F21: =SUM(F19:F20) -> 189 | G21: =SUM(G19:G20) -> 197 | H21: =SUM(H19:H20) -> 226 | I21: =SUM(I19:I20) -> 217 | J21: =SUM(J19:J20) -> 226 | K21: =SUM(K19:K20) -> 214 | L21: =SUM(L19:L20) -> 194 | M21: =SUM(M19:M20) -> 139 | N21: =SUM(E21:M21) -> 1809
B22: 2. | C22: Jumlah pengguna hak pilih dalam Daftar Pemilih Tambahan (DPTb) | D22: LK | E22: 0 | F22: 0 | G22: 1 | H22: 0 | I22: 0 | J22: 1 | K22: 0 | L22: 0 | M22: 0 | N22: =SUM(E22:M22) -> 2
D23: PR | E23: 1 | F23: 0 | G23: 1 | H23: 0 | I23: 0 | J23: 1 | K23: 0 | L23: 2 | M23: 0 | N23: =SUM(E23:M23) -> 5
D24: JML | E24: =SUM(E22:E23) -> 1 | F24: =SUM(F22:F23) -> 0 | G24: =SUM(G22:G23) -> 2 | H24: =SUM(H22:H23) -> 0 | I24: =SUM(I22:I23) -> 0 | J24: =SUM(J22:J23) -> 2 | K24: =SUM(K22:K23) -> 0 | L24: =SUM(L22:L23) -> 2 | M24: =SUM(M22:M23) -> 0 | N24: =SUM(E24:M24) -> 7
B25: 3. | C25: Jumlah pengguna hak pilih dalam Daftar Pemilih Khusus (DPK) | D25: LK | E25: 3 | F25: 3 | G25: 0 | H25: 0 | I25: 1 | J25: 1 | K25: 0 | L25: 2 | M25: 1 | N25: =SUM(E25:M25) -> 11
D26: PR | E26: 0 | F26: 4 | G26: 0 | H26: 0 | I26: 1 | J26: 4 | K26: 0 | L26: 0 | M26: 1 | N26: =SUM(E26:M26) -> 10
D27: JML | E27: =SUM(E25:E26) -> 3 | F27: =SUM(F25:F26) -> 7 | G27: =SUM(G25:G26) -> 0 | H27: =SUM(H25:H26) -> 0 | I27: =SUM(I25:I26) -> 2 | J27: =SUM(J25:J26) -> 5 | K27: =SUM(K25:K26) -> 0 | L27: =SUM(L25:L26) -> 2 | M27: =SUM(M25:M26) -> 2 | N27: =SUM(E27:M27) -> 21
B28: 4. | C28: Jumlah Pengguna Hak Pilih (B.1+B.2+B.3) | D28: LK | E28: =SUM(E19,E22,E25) -> 107 | F28: =SUM(F19,F22,F25) -> 96 | G28: =SUM(G19,G22,G25) -> 89 | H28: =SUM(H19,H22,H25) -> 109 | I28: =SUM(I19,I22,I25) -> 104 | J28: =SUM(J19,J22,J25) -> 109 | K28: =SUM(K19,K22,K25) -> 103 | L28: =SUM(L19,L22,L25) -> 95 | M28: =SUM(M19,M22,M25) -> 66 | N28: =SUM(E28:M28) -> 878
D29: PR | E29: =SUM(E20,E23,E26) -> 104 | F29: =SUM(F20,F23,F26) -> 100 | G29: =SUM(G20,G23,G26) -> 110 | H29: =SUM(H20,H23,H26) -> 117 | I29: =SUM(I20,I23,I26) -> 115 | J29: =SUM(J20,J23,J26) -> 124 | K29: =SUM(K20,K23,K26) -> 111 | L29: =SUM(L20,L23,L26) -> 103 | M29: =SUM(M20,M23,M26) -> 75 | N29: =SUM(E29:M29) -> 959
D30: JML | E30: =SUM(E28:E29) -> 211 | F30: =SUM(F28:F29) -> 196 | G30: =SUM(G28:G29) -> 199 | H30: =SUM(H28:H29) -> 226 | I30: =SUM(I28:I29) -> 219 | J30: =SUM(J28:J29) -> 233 | K30: =SUM(K28:K29) -> 214 | L30: =SUM(L28:L29) -> 198 | M30: =SUM(M28:M29) -> 141 | N30: =SUM(E30:M30) -> 1837
A32: II | B32: DATA PENGGUNAAN SURAT SUARA
A33: 1 | B33: Jumlah surat suara yang diterima, termasuk surat suara cadangan 2,5% dari DPT | E33: 245 | F33: 242 | G33: 249 | H33: 280 | I33: 294 | J33: 278 | K33: 283 | L33: 284 | M33: 187 | N33: =SUM(E33:M33) -> 2342
A34: 2 | B34: Jumlah surat suara yang digunakan | E34: 211 | F34: 196 | G34: 199 | H34: 226 | I34: 219 | J34: 233 | K34: 214 | L34: 198 | M34: 141 | N34: =SUM(E34:M34) -> 1837
A35: 3 | B35: Jumlah surat suara dikembalikan oleh pemilih (karena rusak atau keliru coblos) | E35: 1 | F35: 1 | G35: 3 | H35: 0 | I35: 0 | J35: 0 | K35: 0 | L35: 0 | M35: 0 | N35: =SUM(E35:M35) -> 5
A36: 4 | B36: Jumlah surat suara yang tidak digunakan/tidak terpakai, termasuk sisa surat suara cadangan | E36: =E33-(E34+E35) -> 33 | F36: =F33-(F34+F35) -> 45 | G36: =G33-(G34+G35) -> 47 | H36: =H33-(H34+H35) -> 54 | I36: =I33-(I34+I35) -> 75 | J36: =J33-(J34+J35) -> 45 | K36: =K33-(K34+K35) -> 69 | L36: =L33-(L34+L35) -> 86 | M36: =M33-(M34+M35) -> 46 | N36: =SUM(E36:M36) -> 500
A38: III | B38: DATA PEMILIH DISABILITAS
B39: Jumlah seluruh Pemilih disabilitas yang menggunakan hak pilih | D39: LK | N39: =SUM(E39:M39) -> 0
D40: PR | N40: =SUM(E40:M40) -> 0
D41: JML | E41: =SUM(E39:E40) -> 0 | F41: =SUM(F39:F40) -> 0 | G41: =SUM(G39:G40) -> 0 | H41: =SUM(H39:H40) -> 0 | I41: =SUM(I39:I40) -> 0 | J41: =SUM(J39:J40) -> 0 | K41: =SUM(K39:K40) -> 0 | L41: =SUM(L39:L40) -> 0 | M41: =SUM(M39:M40) -> 0 | N41: =SUM(E41:M41) -> 0
A43: IV | B43: DATA RINCIAN PEROLEHAN SUARA PASANGAN CALON BUPATI DAN WAKIL BUPATI
A44: NOMOR DAN NAMA CALON
A45: A.1 | B45: 1. | C45: Partai Kebangkitan Bangsa | E45: 8 | F45: 11 | G45: 3 | H45: 6 | I45: 8 | J45: 5 | K45: 3 | L45: 4 | M45: 11 | N45: =SUM(E45:M45) -> 59
A46: A.2 | B46: 1 | C46: 1. Dr. Hj. NIHAYATUL WAFIROH, M.A. | E46: 20 | F46: 25 | G46: 6 | H46: 9 | I46: 6 | J46: 16 | K46: 12 | L46: 13 | M46: 11 | N46: =SUM(E46:M46) -> 118
B47: 2 | C47: 2. H. M. NASIM KHAN | E47: 0 | F47: 1 | G47: 0 | H47: 1 | I47: 0 | J47: 2 | K47: 2 | L47: 9 | M47: 4 | N47: =SUM(E47:M47) -> 19
B48: 3 | C48: 3. Dr. H. AKIK ZAMAN, M.Pd.I. | E48: 0 | F48: 1 | G48: 0 | H48: 3 | I48: 1 | J48: 1 | K48: 0 | L48: 0 | M48: 0 | N48: =SUM(E48:M48) -> 6
B49: 4 | C49: 4. AHMAD RIFA'I, S.H. | E49: 0 | F49: 0 | G49: 0 | H49: 0 | I49: 1 | J49: 0 | K49: 1 | L49: 0 | M49: 0 | N49: =SUM(E49:M49) -> 2
B50: 5 | C50: 5. Drs. H. MAHFUD M.N. | E50: 1 | F50: 1 | G50: 2 | H50: 1 | I50: 1 | J50: 0 | K50: 0 | L50: 2 | M50: 1 | N50: =SUM(E50:M50) -> 9
B51: 6 | C51: 6. NURHAYATI, S.Pd. | E51: 0 | F51: 0 | G51: 0 | H51: 0 | I51: 0 | J51: 0 | K51: 0 | L51: 0 | M51: 0 | N51: =SUM(E51:M51) -> 0
B52: 7 | C52: 7. MAFTUHA KISWAH | E52: 0 | F52: 0 | G52: 0 | H52: 0 | I52: 0 | J52: 0 | K52: 0 | L52: 0 | M52: 0 | N52: =SUM(E52:M52) -> 0
N53: =SUM(E53:M53) -> 0
N54: =SUM(E54:M54) -> 0
A55: B | B55: JUMLAH SUARA SAH PARTAI POLITIK DAN CALON (A1 + A2) | E55: =SUM(E45:E54) -> 29 | F55: =SUM(F45:F54) -> 39 | G55: =SUM(G45:G54) -> 11 | H55: =SUM(H45:H54) -> 20 | I55: =SUM(I45:I54) -> 17 | J55: =SUM(J45:J54) -> 24 | K55: =SUM(K45:K54) -> 18 | L55: =SUM(L45:L54) -> 28 | ... N55: =SUM(N45:N54) -> 213
A57: A.1 | B57: 2. | C57: Partai Gerakan Indonesia Raya | E57: 9 | F57: 8 | G57: 8 | H57: 13 | I57: 8 | J57: 15 | K57: 18 | L57: 9 | M57: 2 | N57: =SUM(E57:M57) -> 90
A58: A.2 | B58: 1 | C58: 1. SUMAIL ABDULLAH | E58: 4 | F58: 10 | G58: 8 | H58: 9 | I58: 8 | J58: 17 | K58: 11 | L58: 8 | M58: 5 | N58: =SUM(E58:M58) -> 80
B59: 2 | C59: 2. MUHAMMAD ALI ADRIAN SALEH | E59: 43 | F59: 32 | G59: 7 | H59: 12 | I59: 13 | J59: 23 | K59: 8 | L59: 16 | M59: 2 | N59: =SUM(E59:M59) -> 156
B60: 3 | C60: 3. DURROTUN NAFISAH | E60: 1 | F60: 3 | G60: 1 | H60: 0 | I60: 1 | J60: 0 | K60: 2 | L60: 0 | M60: 0 | N60: =SUM(E60:M60) -> 8
B61: 4 | C61: 4. H. EKO SUSILO NURHIDAYAT | E61: 0 | F61: 0 | G61: 3 | H61: 3 | I61: 1 | J61: 0 | K61: 0 | L61: 1 | M61: 2 | N61: =SUM(E61:M61) -> 10
B62: 5 | C62: 5. KARNADI HARIJANTO, S.S. | E62: 1 | F62: 0 | G62: 1 | H62: 1 | I62: 0 | J62: 0 | K62: 1 | L62: 1 | M62: 1 | N62: =SUM(E62:M62) -> 6
B63: 6 | C63: 6. NURHAYATI | E63: 0 | F63: 0 | G63: 0 | H63: 0 | I63: 0 | J63: 0 | K63: 1 | L63: 1 | M63: 1 | N63: =SUM(E63:M63) -> 3
B64: 7 | C64: 7. MASHUDI | E64: 0 | F64: 0 | G64: 0 | H64: 0 | I64: 0 | J64: 0 | K64: 1 | L64: 0 | M64: 0 | N64: =SUM(E64:M64) -> 1
N65: =SUM(E65:M65) -> 0
N66: =SUM(E66:M66) -> 0
A67: B | B67: JUMLAH SUARA SAH PARTAI POLITIK DAN CALON (A1 + A2) | E67: =SUM(E57:E66) -> 58 | F67: =SUM(F57:F66) -> 53 | G67: =SUM(G57:G66) -> 28 | H67: =SUM(H57:H66) -> 38 | I67: =SUM(I57:I66) -> 31 | J67: =SUM(J57:J66) -> 55 | K67: =SUM(K57:K66) -> 42 | L67: =SUM(L57:L66) -> 36 | ... N67: =SUM(N57:N66) -> 354
A69: A.1 | B69: 3. | C69: Partai Demokrasi Indonesia Perjuangan | E69: 7 | F69: 8 | G69: 11 | H69: 6 | I69: 11 | J69: 9 | K69: 8 | L69: 5 | M69: 7 | N69: =SUM(E69:M69) -> 72
A70: A.2 | B70: 1 | C70: 1. SONNY TRI DANAPARAMITA, S.H., M.H. | E70: 18 | F70: 18 | G70: 13 | H70: 10 | I70: 47 | J70: 44 | K70: 6 | L70: 6 | M70: 11 | N70: =SUM(E70:M70) -> 173
B71: 2 | C71: 2. H. MOHAMAD GUNTUR ROMLI | E71: 0 | F71: 1 | G71: 3 | H71: 4 | I71: 2 | J71: 0 | K71: 4 | L71: 0 | M71: 5 | N71: =SUM(E71:M71) -> 19
B72: 3 | C72: 3. INA AMMANIA | E72: 1 | F72: 2 | G72: 34 | H72: 1 | I72: 2 | J72: 1 | K72: 4 | L72: 2 | M72: 0 | N72: =SUM(E72:M72) -> 47
B73: 4 | C73: 4. IRWAN BACHTIAR RACHMAT, M.Si. | E73: 2 | F73: 0 | G73: 0 | H73: 1 | I73: 1 | J73: 0 | K73: 0 | L73: 0 | M73: 0 | N73: =SUM(E73:M73) -> 4
B74: 5 | C74: 5. LUCKY PERDANA | E74: 18 | F74: 12 | G74: 2 | H74: 3 | I74: 17 | J74: 17 | K74: 3 | L74: 5 | M74: 7 | N74: =SUM(E74:M74) -> 84
B75: 6 | C75: 6. WIWIK PUJIYATI | E75: 0 | F75: 0 | G75: 1 | H75: 1 | I75: 0 | J75: 0 | K75: 1 | L75: 0 | M75: 1 | N75: =SUM(E75:M75) -> 4
B76: 7 | C76: 7. CHANDRA ASTAN, S.T. | E76: 0 | F76: 5 | G76: 0 | H76: 0 | I76: 2 | J76: 0 | K76: 1 | L76: 0 | M76: 0 | N76: =SUM(E76:M76) -> 8
N77: =SUM(E77:M77) -> 0
N78: =SUM(E78:M78) -> 0
A79: B | B79: JUMLAH SUARA SAH PARTAI POLITIK DAN CALON (A1 + A2) | E79: =SUM(E69:E78) -> 46 | F79: =SUM(F69:F78) -> 46 | G79: =SUM(G69:G78) -> 64 | H79: =SUM(H69:H78) -> 26 | I79: =SUM(I69:I78) -> 82 | J79: =SUM(J69:J78) -> 71 | K79: =SUM(K69:K78) -> 27 | L79: =SUM(L69:L78) -> 18 | ... N79: =SUM(N69:N78) -> 411
A81: A.1 | B81: 4. | C81: Partai Golongan Karya | E81: 1 | F81: 1 | G81: 1 | H81: 5 | I81: 4 | J81: 1 | K81: 6 | L81: 4 | M81: 3 | N81: =SUM(E81:M81) -> 26
A82: A.2 | B82: 1 | C82: 1. ZULFIKAR ARSE SADIKIN, S.I.P., M.Si. | E82: 8 | F82: 3 | G82: 2 | H82: 8 | I82: 2 | J82: 1 | K82: 17 | L82: 12 | M82: 9 | N82: =SUM(E82:M82) -> 62
B83: 2 | C83: 2. HANDOKO | E83: 1 | F83: 1 | G83: 4 | H83: 25 | I83: 1 | J83: 2 | K83: 6 | L83: 4 | M83: 4 | N83: =SUM(E83:M83) -> 48
B84: 3 | C84: 3. Hj. OVI DEWI YANTI | E84: 0 | F84: 0 | G84: 0 | H84: 0 | I84: 1 | J84: 1 | K84: 0 | L84: 0 | M84: 0 | N84: =SUM(E84:M84) -> 2
B85: 4 | C85: 4. Ir. AZAM AZMAN NATAWIJANA | E85: 1 | F85: 0 | G85: 1 | H85: 1 | I85: 2 | J85: 0 | K85: 0 | L85: 4 | M85: 19 | N85: =SUM(E85:M85) -> 28
B86: 5 | C86: 5. UBAIDILLAH AMIN, S.Kom. | E86: 5 | F86: 2 | G86: 0 | H86: 0 | I86: 5 | J86: 5 | K86: 1 | L86: 1 | M86: 1 | N86: =SUM(E86:M86) -> 20
B87: 6 | C87: 6. DENNY YUNIANDARI, S.H., M.Kn. | E87: 0 | F87: 0 | G87: 0 | H87: 0 | I87: 0 | J87: 0 | K87: 1 | L87: 0 | M87: 0 | N87: =SUM(E87:M87) -> 1
B88: 7 | C88: 7. ERNADI, S.H.I. | E88: 0 | F88: 0 | G88: 0 | H88: 0 | I88: 0 | J88: 0 | K88: 0 | L88: 0 | M88: 0 | N88: =SUM(E88:M88) -> 0
N89: =SUM(E89:M89) -> 0
N90: =SUM(E90:M90) -> 0
A91: B | B91: JUMLAH SUARA SAH PARTAI POLITIK DAN CALON (A1 + A2) | E91: =SUM(E81:E90) -> 16 | F91: =SUM(F81:F90) -> 7 | G91: =SUM(G81:G90) -> 8 | H91: =SUM(H81:H90) -> 39 | I91: =SUM(I81:I90) -> 15 | J91: =SUM(J81:J90) -> 10 | K91: =SUM(K81:K90) -> 31 | L91: =SUM(L81:L90) -> 25 | ... N91: =SUM(N81:N90) -> 187
A93: A.1 | B93: 5. | C93: Partai NasDem | E93: 0 | F93: 0 | G93: 0 | H93: 1 | I93: 1 | J93: 2 | K93: 0 | L93: 0 | M93: 0 | N93: =SUM(E93:M93) -> 4
A94: A.2 | B94: 1 | C94: 1. ACH. FADIL MUZAKKI SYAH | E94: 6 | F94: 1 | G94: 0 | H94: 1 | I94: 8 | J94: 4 | K94: 0 | L94: 0 | M94: 0 | N94: =SUM(E94:M94) -> 20
B95: 2 | C95: 2. BENY | E95: 0 | F95: 1 | G95: 0 | H95: 1 | I95: 0 | J95: 0 | K95: 0 | L95: 0 | M95: 0 | N95: =SUM(E95:M95) -> 2
B96: 3 | C96: 3. VINA VERONIKA | E96: 0 | F96: 0 | G96: 0 | H96: 0 | I96: 0 | J96: 0 | K96: 0 | L96: 0 | M96: 0 | N96: =SUM(E96:M96) -> 0
B97: 4 | C97: 4. TEDDY ANUGRIANTO | E97: 0 | F97: 0 | G97: 0 | H97: 2 | I97: 2 | J97: 1 | K97: 1 | L97: 0 | M97: 0 | N97: =SUM(E97:M97) -> 6
B98: 5 | C98: 5. INSAN KAMIL | E98: 0 | F98: 1 | G98: 0 | H98: 0 | I98: 0 | J98: 0 | K98: 0 | L98: 0 | M98: 0 | N98: =SUM(E98:M98) -> 1
B99: 6 | C99: 6. LILIK LINDARWATI | E99: 0 | F99: 0 | G99: 0 | H99: 0 | I99: 0 | J99: 0 | K99: 0 | L99: 0 | M99: 0 | N99: =SUM(E99:M99) -> 0
B100: 7 | C100: 7. YULI ANITA | E100: 0 | F100: 0 | G100: 0 | H100: 0 | I100: 0 | J100: 0 | K100: 0 | L100: 0 | M100: 0 | N100: =SUM(E100:M100) -> 0
N101: =SUM(E101:M101) -> 0
N102: =SUM(E102:M102) -> 0
A103: B | B103: JUMLAH SUARA SAH PARTAI POLITIK DAN CALON (A1 + A2) | E103: =SUM(E93:E102) -> 6 | F103: =SUM(F93:F102) -> 3 | G103: =SUM(G93:G102) -> 0 | H103: =SUM(H93:H102) -> 5 | I103: =SUM(I93:I102) -> 11 | J103: =SUM(J93:J102) -> 7 | K103: =SUM(K93:K102) -> 1 | L103: =SUM(L93:L102) -> 0 | ... N103: =SUM(N93:N102) -> 33
A105: A.1 | B105: 6. | C105: Partai Buruh | N105: =SUM(E105:M105) -> 0
A106: A.2 | B106: 1 | C106: 1. KHOIRUL ANAM | N106: =SUM(E106:M106) -> 0
B107: 2 | C107: 2. INA KURNIA | H107: 1 | N107: =SUM(E107:M107) -> 1
B108: 3 | C108: 3. JIBRAL TAROUK | N108: =SUM(E108:M108) -> 0
B109: 4 | C109: 4. ASTUTI DAENG PUJI | N109: =SUM(E109:M109) -> 0
B110: 5 | C110: 5. ASDARMAWAN | N110: =SUM(E110:M110) -> 0
B111: 6 | C111: 6. RIFQI MUBAROK | N111: =SUM(E111:M111) -> 0
B112: 7 | C112: 7. FIRNANDA ALTA MEGA | N112: =SUM(E112:M112) -> 0
N113: =SUM(E113:M113) -> 0
N114: =SUM(E114:M114) -> 0
A115: B | B115: JUMLAH SUARA SAH PARTAI POLITIK DAN CALON (A1 + A2) | E115: =SUM(E105:E114) -> 0 | F115: =SUM(F105:F114) -> 0 | G115: =SUM(G105:G114) -> 0 | H115: =SUM(H105:H114) -> 1 | I115: =SUM(I105:I114) -> 0 | J115: =SUM(J105:J114) -> 0 | K115: =SUM(K105:K114) -> 0 | L115: =SUM(L105:L114) -> 0 | ... N115: =SUM(N105:N114) -> 1
A117: A.1 | B117: 7. | C117: Partai Gelombang Rakyat Indonesia | E117: 0 | F117: 0 | G117: 0 | H117: 0 | I117: 0 | J117: 0 | K117: 0 | L117: 1 | M117: 0 | N117: =SUM(E117:M117) -> 1
...

Sheet GLADAG
C2: Kecamatan | D2: ROGOJAMPI
C3: Kabupaten | D3: BANYUWANGI
C4: Provinsi | D4: JAWA TIMUR
C9: Kelurahan | D9: GLADAG
A12: I | B12: DATA PEMILIH DAN PENGGUNAAN HAK PILIH | W12: JUMLAH AKHIR
A13: A | B13: DATA PEMILIH | E13: TPS 001 | F13: TPS 002 | G13: TPS 003 | H13: TPS 004 | I13: TPS 005 | J13: TPS 006 | K13: TPS 007 | L13: TPS 008 | M13: TPS 009 | N13: TPS 010 | O13: TPS 011 | P13: TPS 012 | Q13: TPS 013 | R13: TPS 014 | S13: TPS 015 | T13: TPS 016 | U13: TPS 017 | V13: TPS 018
B14: Jumlah Pemilih dalam Daftar Pemilih Tetap (DPT) | D14: LK | E14: 96 | F14: 116 | G14: 127 | H14: 102 | I14: 112 | J14: 126 | K14: 127 | L14: 140 | M14: 133 | N14: 124 | O14: 132 | P14: 136 | Q14: 131 | R14: 133 | S14: 140 | T14: 84 | U14: 110 | V14: 69 | W14: =SUM(E14:V14) -> 2138
D15: PR | E15: 123 | F15: 132 | G15: 127 | H15: 130 | I15: 125 | J15: 146 | K15: 131 | L15: 139 | M15: 137 | N15: 131 | O15: 130 | P15: 133 | Q15: 128 | R15: 140 | S15: 136 | T15: 80 | U15: 116 | V15: 74 | W15: =SUM(E15:V15) -> 2258
D16: JML | E16: =SUM(E14:E15) -> 219 | F16: =SUM(F14:F15) -> 248 | G16: =SUM(G14:G15) -> 254 | H16: =SUM(H14:H15) -> 232 | I16: =SUM(I14:I15) -> 237 | J16: =SUM(J14:J15) -> 272 | K16: =SUM(K14:K15) -> 258 | L16: =SUM(L14:L15) -> 279 | ... V16: =SUM(V14:V15) -> 143 | W16: =SUM(E16:V16) -> 4396
A18: B | B18: PENGGUNA HAK PILIH
B19: 1. | C19: Jumlah pengguna hak pilih dalam Daftar Pemilih Tetap (DPT) | D19: LK | E19: 75 | F19: 91 | G19: 90 | H19: 87 | I19: 89 | J19: 93 | K19: 92 | L19: 111 | M19: 102 | N19: 83 | O19: 89 | P19: 94 | Q19: 86 | R19: 103 | S19: 108 | T19: 56 | U19: 88 | V19: 60 | W19: =SUM(E19:V19) -> 1597
D20: PR | E20: 104 | F20: 115 | G20: 107 | H20: 115 | I20: 108 | J20: 127 | K20: 105 | L20: 120 | M20: 111 | N20: 104 | O20: 113 | P20: 114 | Q20: 105 | R20: 119 | S20: 106 | T20: 67 | U20: 100 | V20: 68 | W20: =SUM(E20:V20) -> 1908
D21: JML | E21: =SUM(E19:E20) -> 179 | F21: =SUM(F19:F20) -> 206 | G21: =SUM(G19:G20) -> 197 | H21: =SUM(H19:H20) -> 202 | I21: =SUM(I19:I20) -> 197 | J21: =SUM(J19:J20) -> 220 | K21: =SUM(K19:K20) -> 197 | L21: =SUM(L19:L20) -> 231 | ... V21: =SUM(V19:V20) -> 128 | W21: =SUM(E21:V21) -> 3505
B22: 2. | C22: Jumlah pengguna hak pilih dalam Daftar Pemilih Tambahan (DPTb) | D22: LK | E22: 3 | F22: 0 | G22: 0 | H22: 0 | I22: 0 | J22: 1 | K22: 0 | L22: 0 | M22: 1 | N22: 0 | O22: 0 | P22: 2 | Q22: 0 | R22: 0 | S22: 0 | T22: 0 | U22: 0 | V22: 0 | W22: =SUM(E22:V22) -> 7
D23: PR | E23: 2 | F23: 1 | G23: 0 | H23: 1 | I23: 0 | J23: 2 | K23: 1 | L23: 1 | M23: 0 | N23: 1 | O23: 0 | P23: 1 | Q23: 1 | R23: 0 | S23: 0 | T23: 0 | U23: 2 | V23: 0 | W23: =SUM(E23:V23) -> 13
D24: JML | E24: =SUM(E22:E23) -> 5 | F24: =SUM(F22:F23) -> 1 | G24: =SUM(G22:G23) -> 0 | H24: =SUM(H22:H23) -> 1 | I24: =SUM(I22:I23) -> 0 | J24: =SUM(J22:J23) -> 3 | K24: =SUM(K22:K23) -> 1 | L24: =SUM(L22:L23) -> 1 | ... V24: =SUM(V22:V23) -> 0 | W24: =SUM(E24:V24) -> 20
B25: 3. | C25: Jumlah pengguna hak pilih dalam Daftar Pemilih Khusus (DPK) | D25: LK | E25: 4 | F25: 2 | G25: 0 | H25: 1 | I25: 2 | J25: 2 | K25: 1 | L25: 1 | M25: 0 | N25: 0 | O25: 0 | P25: 2 | Q25: 1 | R25: 0 | S25: 0 | T25: 1 | U25: 2 | V25: 1 | W25: =SUM(E25:V25) -> 20
D26: PR | E26: 0 | F26: 0 | G26: 1 | H26: 1 | I26: 0 | J26: 0 | K26: 2 | L26: 2 | M26: 0 | N26: 3 | O26: 0 | P26: 1 | Q26: 2 | R26: 0 | S26: 0 | T26: 0 | U26: 2 | V26: 1 | W26: =SUM(E26:V26) -> 15
D27: JML | E27: =SUM(E25:E26) -> 4 | F27: =SUM(F25:F26) -> 2 | G27: =SUM(G25:G26) -> 1 | H27: =SUM(H25:H26) -> 2 | I27: =SUM(I25:I26) -> 2 | J27: =SUM(J25:J26) -> 2 | K27: =SUM(K25:K26) -> 3 | L27: =SUM(L25:L26) -> 3 | ... V27: =SUM(V25:V26) -> 2 | W27: =SUM(E27:V27) -> 35
B28: 4. | C28: Jumlah Pengguna Hak Pilih (B.1+B.2+B.3) | D28: LK | E28: =SUM(E19,E22,E25) -> 82 | F28: =SUM(F19,F22,F25) -> 93 | G28: =SUM(G19,G22,G25) -> 90 | H28: =SUM(H19,H22,H25) -> 88 | I28: =SUM(I19,I22,I25) -> 91 | J28: =SUM(J19,J22,J25) -> 96 | K28: =SUM(K19,K22,K25) -> 93 | L28: =SUM(L19,L22,L25) -> 112 | ... V28: =SUM(V19,V22,V25) -> 61 | W28: =SUM(E28:V28) -> 1624
D29: PR | E29: =SUM(E20,E23,E26) -> 106 | F29: =SUM(F20,F23,F26) -> 116 | G29: =SUM(G20,G23,G26) -> 108 | H29: =SUM(H20,H23,H26) -> 117 | I29: =SUM(I20,I23,I26) -> 108 | J29: =SUM(J20,J23,J26) -> 129 | K29: =SUM(K20,K23,K26) -> 108 | L29: =SUM(L20,L23,L26) -> 123 | ... V29: =SUM(V20,V23,V26) -> 69 | W29: =SUM(E29:V29) -> 1936
D30: JML | E30: =SUM(E28:E29) -> 188 | F30: =SUM(F28:F29) -> 209 | G30: =SUM(G28:G29) -> 198 | H30: =SUM(H28:H29) -> 205 | I30: =SUM(I28:I29) -> 199 | J30: =SUM(J28:J29) -> 225 | K30: =SUM(K28:K29) -> 201 | L30: =SUM(L28:L29) -> 235 | ... V30: =SUM(V28:V29) -> 130 | W30: =SUM(E30:V30) -> 3560
A32: II | B32: DATA PENGGUNAAN SURAT SUARA
A33: 1 | B33: Jumlah surat suara yang diterima, termasuk surat suara cadangan 2,5% dari DPT | E33: 224 | F33: 253 | G33: 260 | H33: 237 | I33: 242 | J33: 278 | K33: 264 | L33: 285 | M33: 276 | N33: 261 | O33: 268 | P33: 275 | Q33: 265 | R33: 279 | S33: 282 | T33: 179 | U33: 231 | V33: 146 | W33: =SUM(E33:V33) -> 4505
A34: 2 | B34: Jumlah surat suara yang digunakan | E34: 188 | F34: 209 | G34: 198 | H34: 205 | I34: 199 | J34: 225 | K34: 201 | L34: 235 | M34: 214 | N34: 191 | O34: 202 | P34: 214 | Q34: 195 | R34: 222 | S34: 214 | T34: 124 | U34: 194 | V34: 130 | W34: =SUM(E34:V34) -> 3560
A35: 3 | B35: Jumlah surat suara dikembalikan oleh pemilih (karena rusak atau keliru coblos) | E35: 0 | F35: 0 | G35: 1 | H35: 2 | I35: 2 | J35: 0 | K35: 1 | L35: 0 | M35: 0 | N35: 0 | O35: 0 | P35: 0 | Q35: 2 | R35: 0 | S35: 1 | T35: 0 | U35: 0 | V35: 1 | W35: =SUM(E35:V35) -> 10
A36: 4 | B36: Jumlah surat suara yang tidak digunakan/tidak terpakai, termasuk sisa surat suara cadangan | E36: =E33-(E34+E35) -> 36 | F36: =F33-(F34+F35) -> 44 | G36: =G33-(G34+G35) -> 61 | H36: =H33-(H34+H35) -> 30 | I36: =I33-(I34+I35) -> 41 | J36: =J33-(J34+J35) -> 53 | K36: =K33-(K34+K35) -> 62 | L36: =L33-(L34+L35) -> 50 | ... V36: =V33-(V34+V35) -> 15 | W36: =SUM(E36:V36) -> 935
A38: III | B38: DATA PEMILIH DISABILITAS
B39: Jumlah seluruh Pemilih disabilitas yang menggunakan hak pilih | D39: LK | E39: 0 | F39: 1 | G39: 0 | H39: 0 | I39: 0 | J39: 0 | K39: 0 | L39: 3 | M39: 0 | N39: 3 | O39: 0 | P39: 0 | Q39: 0 | R39: 0 | S39: 0 | T39: 0 | U39: 0 | V39: 0 | W39: =SUM(E39:V39) -> 7
D40: PR | E40: 0 | F40: 1 | G40: 0 | H40: 0 | I40: 0 | J40: 5 | K40: 1 | L40: 1 | M40: 0 | N40: 4 | O40: 3 | P40: 0 | Q40: 0 | R40: 0 | S40: 0 | T40: 0 | U40: 0 | V40: 0 | W40: =SUM(E40:V40) -> 15
D41: JML | E41: =SUM(E39:E40) -> 0 | F41: =SUM(F39:F40) -> 2 | G41: =SUM(G39:G40) -> 0 | H41: =SUM(H39:H40) -> 0 | I41: =SUM(I39:I40) -> 0 | J41: =SUM(J39:J40) -> 5 | K41: =SUM(K39:K40) -> 1 | L41: =SUM(L39:L40) -> 4 | ... V41: =SUM(V39:V40) -> 0 | W41: =SUM(E41:V41) -> 22
A43: IV | B43: DATA RINCIAN PEROLEHAN SUARA PASANGAN CALON BUPATI DAN WAKIL BUPATI
A44: NOMOR DAN NAMA CALON
A45: A.1 | B45: 1. | C45: Partai Kebangkitan Bangsa | E45: 5 | F45: 1 | G45: 1 | H45: 0 | I45: 4 | J45: 4 | K45: 4 | L45: 4 | M45: 6 | N45: 3 | O45: 5 | P45: 3 | Q45: 3 | R45: 1 | S45: 7 | T45: 3 | U45: 3 | V45: 3 | W45: =SUM(E45:V45) -> 60
A46: A.2 | B46: 1 | C46: 1. Dr. Hj. NIHAYATUL WAFIROH, M.A. | E46: 19 | F46: 5 | G46: 4 | H46: 18 | I46: 37 | J46: 17 | K46: 15 | L46: 20 | M46: 35 | N46: 15 | O46: 16 | P46: 15 | Q46: 6 | R46: 5 | S46: 9 | T46: 10 | U46: 0 | V46: 0 | W46: =SUM(E46:V46) -> 246
B47: 2 | C47: 2. H. M. NASIM KHAN | E47: 1 | F47: 2 | G47: 0 | H47: 0 | I47: 0 | J47: 1 | K47: 1 | L47: 1 | M47: 0 | N47: 3 | O47: 0 | P47: 2 | Q47: 0 | R47: 0 | S47: 1 | T47: 0 | U47: 0 | V47: 1 | W47: =SUM(E47:V47) -> 13
B48: 3 | C48: 3. Dr. H. AKIK ZAMAN, M.Pd.I. | E48: 0 | F48: 0 | G48: 0 | H48: 2 | I48: 1 | J48: 1 | K48: 1 | L48: 0 | M48: 3 | N48: 3 | O48: 2 | P48: 0 | Q48: 0 | R48: 0 | S48: 1 | T48: 0 | U48: 3 | V48: 0 | W48: =SUM(E48:V48) -> 17
B49: 4 | C49: 4. AHMAD RIFA'I, S.H. | E49: 0 | F49: 1 | G49: 0 | H49: 0 | I49: 0 | J49: 0 | K49: 0 | L49: 0 | M49: 1 | N49: 0 | O49: 2 | P49: 0 | Q49: 0 | R49: 0 | S49: 0 | T49: 0 | U49: 0 | V49: 0 | W49: =SUM(E49:V49) -> 4
B50: 5 | C50: 5. Drs. H. MAHFUD M.N. | E50: 0 | F50: 0 | G50: 0 | H50: 0 | I50: 0 | J50: 2 | K50: 0 | L50: 0 | M50: 0 | N50: 1 | O50: 1 | P50: 0 | Q50: 0 | R50: 0 | S50: 0 | T50: 0 | U50: 0 | V50: 0 | W50: =SUM(E50:V50) -> 4
B51: 6 | C51: 6. NURHAYATI, S.Pd. | E51: 0 | F51: 0 | G51: 1 | H51: 1 | I51: 0 | J51: 0 | K51: 0 | L51: 1 | M51: 1 | N51: 0 | O51: 0 | P51: 0 | Q51: 0 | R51: 0 | S51: 0 | T51: 0 | U51: 0 | V51: 0 | W51: =SUM(E51:V51) -> 4
B52: 7 | C52: 7. MAFTUHA KISWAH | E52: 0 | F52: 0 | G52: 0 | H52: 0 | I52: 0 | J52: 0 | K52: 0 | L52: 0 | M52: 0 | N52: 0 | O52: 0 | P52: 0 | Q52: 0 | R52: 0 | S52: 0 | T52: 0 | U52: 0 | V52: 0 | W52: =SUM(E52:V52) -> 0
W53: =SUM(E53:V53) -> 0
W54: =SUM(E54:V54) -> 0
A55: B | B55: JUMLAH SUARA SAH PARTAI POLITIK DAN CALON (A1 + A2) | E55: =SUM(E45:E54) -> 25 | F55: =SUM(F45:F54) -> 9 | G55: =SUM(G45:G54) -> 6 | H55: =SUM(H45:H54) -> 21 | I55: =SUM(I45:I54) -> 42 | J55: =SUM(J45:J54) -> 25 | K55: =SUM(K45:K54) -> 21 | L55: =SUM(L45:L54) -> 26 | ... W55: =SUM(W45:W54) -> 348
A57: A.1 | B57: 2. | C57: Partai Gerakan Indonesia Raya | E57: 9 | F57: 1 | G57: 9 | H57: 5 | I57: 4 | J57: 2 | K57: 3 | L57: 7 | M57: 6 | N57: 7 | O57: 8 | P57: 9 | Q57: 6 | R57: 1 | S57: 4 | T57: 6 | U57: 13 | V57: 3 | W57: =SUM(E57:V57) -> 103
A58: A.2 | B58: 1 | C58: 1. SUMAIL ABDULLAH | E58: 5 | F58: 6 | G58: 11 | H58: 14 | I58: 5 | J58: 7 | K58: 9 | L58: 1 | M58: 6 | N58: 4 | O58: 12 | P58: 8 | Q58: 1 | R58: 1 | S58: 2 | T58: 10 | U58: 2 | V58: 6 | W58: =SUM(E58:V58) -> 110
B59: 2 | C59: 2. MUHAMMAD ALI ADRIAN SALEH | E59: 36 | F59: 74 | G59: 28 | H59: 39 | I59: 51 | J59: 17 | K59: 33 | L59: 66 | M59: 6 | N59: 3 | O59: 2 | P59: 1 | Q59: 1 | R59: 0 | S59: 3 | T59: 2 | U59: 1 | V59: 2 | W59: =SUM(E59:V59) -> 365
B60: 3 | C60: 3. DURROTUN NAFISAH | E60: 1 | F60: 1 | G60: 0 | H60: 0 | I60: 1 | J60: 0 | K60: 3 | L60: 0 | M60: 0 | N60: 1 | O60: 0 | P60: 0 | Q60: 1 | R60: 1 | S60: 0 | T60: 0 | U60: 0 | V60: 1 | W60: =SUM(E60:V60) -> 10
B61: 4 | C61: 4. H. EKO SUSILO NURHIDAYAT | E61: 1 | F61: 0 | G61: 1 | H61: 2 | I61: 1 | J61: 1 | K61: 0 | L61: 0 | M61: 2 | N61: 1 | O61: 0 | P61: 1 | Q61: 0 | R61: 0 | S61: 0 | T61: 0 | U61: 0 | V61: 1 | W61: =SUM(E61:V61) -> 11
B62: 5 | C62: 5. KARNADI HARIJANTO, S.S. | E62: 0 | F62: 0 | G62: 0 | H62: 0 | I62: 1 | J62: 0 | K62: 1 | L62: 0 | M62: 0 | N62: 0 | O62: 0 | P62: 0 | Q62: 0 | R62: 0 | S62: 0 | T62: 1 | U62: 0 | V62: 0 | W62: =SUM(E62:V62) -> 3
B63: 6 | C63: 6. NURHAYATI | E63: 0 | F63: 0 | G63: 1 | H63: 2 | I63: 0 | J63: 0 | K63: 0 | L63: 1 | M63: 0 | N63: 0 | O63: 0 | P63: 2 | Q63: 0 | R63: 0 | S63: 0 | T63: 1 | U63: 0 | V63: 1 | W63: =SUM(E63:V63) -> 8
B64: 7 | C64: 7. MASHUDI | E64: 0 | F64: 0 | G64: 0 | H64: 0 | I64: 0 | J64: 0 | K64: 0 | L64: 0 | M64: 1 | N64: 0 | O64: 0 | P64: 0 | Q64: 0 | R64: 0 | S64: 0 | T64: 0 | U64: 0 | V64: 0 | W64: =SUM(E64:V64) -> 1
W65: =SUM(E65:V65) -> 0
W66: =SUM(E66:V66) -> 0
A67: B | B67: JUMLAH SUARA SAH PARTAI POLITIK DAN CALON (A1 + A2) | E67: =SUM(E57:E66) -> 52 | F67: =SUM(F57:F66) -> 82 | G67: =SUM(G57:G66) -> 50 | H67: =SUM(H57:H66) -> 62 | I67: =SUM(I57:I66) -> 63 | J67: =SUM(J57:J66) -> 27 | K67: =SUM(K57:K66) -> 49 | L67: =SUM(L57:L66) -> 75 | ... W67: =SUM(W57:W66) -> 611
A69: A.1 | B69: 3. | C69: Partai Demokrasi Indonesia Perjuangan | E69: 8 | F69: 6 | G69: 13 | H69: 14 | I69: 2 | J69: 12 | K69: 5 | L69: 16 | M69: 4 | N69: 6 | O69: 11 | P69: 3 | Q69: 0 | R69: 2 | S69: 13 | T69: 4 | U69: 7 | V69: 7 | W69: =SUM(E69:V69) -> 133
A70: A.2 | B70: 1 | C70: 1. SONNY TRI DANAPARAMITA, S.H., M.H. | E70: 19 | F70: 5 | G70: 20 | H70: 19 | I70: 4 | J70: 18 | K70: 7 | L70: 6 | M70: 4 | N70: 14 | O70: 41 | P70: 14 | Q70: 7 | R70: 13 | S70: 8 | T70: 7 | U70: 5 | V70: 53 | W70: =SUM(E70:V70) -> 264
B71: 2 | C71: 2. H. MOHAMAD GUNTUR ROMLI | E71: 7 | F71: 9 | G71: 4 | H71: 14 | I71: 7 | J71: 32 | K71: 26 | L71: 20 | M71: 10 | N71: 2 | O71: 2 | P71: 2 | Q71: 4 | R71: 3 | S71: 12 | T71: 1 | U71: 4 | V71: 1 | W71: =SUM(E71:V71) -> 160
B72: 3 | C72: 3. INA AMMANIA | E72: 2 | F72: 1 | G72: 1 | H72: 2 | I72: 1 | J72: 1 | K72: 2 | L72: 0 | M72: 0 | N72: 0 | O72: 2 | P72: 0 | Q72: 0 | R72: 2 | S72: 0 | T72: 0 | U72: 1 | V72: 0 | W72: =SUM(E72:V72) -> 15
B73: 4 | C73: 4. IRWAN BACHTIAR RACHMAT, M.Si. | E73: 0 | F73: 0 | G73: 0 | H73: 1 | I73: 0 | J73: 1 | K73: 1 | L73: 0 | M73: 0 | N73: 0 | O73: 0 | P73: 1 | Q73: 1 | R73: 1 | S73: 0 | T73: 0 | U73: 2 | V73: 0 | W73: =SUM(E73:V73) -> 8
B74: 5 | C74: 5. LUCKY PERDANA | E74: 8 | F74: 8 | G74: 6 | H74: 7 | I74: 1 | J74: 19 | K74: 5 | L74: 16 | M74: 9 | N74: 0 | O74: 3 | P74: 4 | Q74: 0 | R74: 2 | S74: 4 | T74: 3 | U74: 4 | V74: 0 | W74: =SUM(E74:V74) -> 99
B75: 6 | C75: 6. WIWIK PUJIYATI | E75: 0 | F75: 0 | G75: 0 | H75: 0 | I75: 0 | J75: 0 | K75: 0 | L75: 0 | M75: 0 | N75: 0 | O75: 0 | P75: 0 | Q75: 0 | R75: 0 | S75: 0 | T75: 0 | U75: 1 | V75: 0 | W75: =SUM(E75:V75) -> 1
B76: 7 | C76: 7. CHANDRA ASTAN, S.T. | E76: 2 | F76: 0 | G76: 0 | H76: 0 | I76: 0 | J76: 1 | K76: 2 | L76: 1 | M76: 1 | N76: 1 | O76: 0 | P76: 1 | Q76: 1 | R76: 0 | S76: 1 | T76: 0 | U76: 0 | V76: 1 | W76: =SUM(E76:V76) -> 12
W77: =SUM(E77:V77) -> 0
W78: =SUM(E78:V78) -> 0
A79: B | B79: JUMLAH SUARA SAH PARTAI POLITIK DAN CALON (A1 + A2) | E79: =SUM(E69:E78) -> 46 | F79: =SUM(F69:F78) -> 29 | G79: =SUM(G69:G78) -> 44 | H79: =SUM(H69:H78) -> 57 | I79: =SUM(I69:I78) -> 15 | J79: =SUM(J69:J78) -> 84 | K79: =SUM(K69:K78) -> 48 | L79: =SUM(L69:L78) -> 59 | ... W79: =SUM(W69:W78) -> 692
A81: A.1 | B81: 4. | C81: Partai Golongan Karya | E81: 4 | F81: 3 | G81: 6 | H81: 11 | I81: 3 | J81: 1 | K81: 2 | L81: 5 | M81: 3 | N81: 2 | O81: 1 | P81: 1 | Q81: 8 | R81: 5 | S81: 11 | T81: 8 | U81: 4 | V81: 1 | W81: =SUM(E81:V81) -> 79
A82: A.2 | B82: 1 | C82: 1. ZULFIKAR ARSE SADIKIN, S.I.P., M.Si. | E82: 4 | F82: 11 | G82: 10 | H82: 15 | I82: 14 | J82: 9 | K82: 10 | L82: 8 | M82: 1 | N82: 1 | O82: 0 | P82: 2 | Q82: 58 | R82: 63 | S82: 15 | T82: 23 | U82: 62 | V82: 1 | W82: =SUM(E82:V82) -> 307
B83: 2 | C83: 2. HANDOKO | E83: 1 | F83: 5 | G83: 2 | H83: 3 | I83: 3 | J83: 1 | K83: 3 | L83: 3 | M83: 4 | N83: 4 | O83: 1 | P83: 1 | Q83: 13 | R83: 9 | S83: 22 | T83: 6 | U83: 9 | V83: 7 | W83: =SUM(E83:V83) -> 97
B84: 3 | C84: 3. Hj. OVI DEWI YANTI | E84: 0 | F84: 1 | G84: 1 | H84: 1 | I84: 0 | J84: 0 | K84: 0 | L84: 0 | M84: 2 | N84: 2 | O84: 0 | P84: 0 | Q84: 0 | R84: 0 | S84: 1 | T84: 2 | U84: 0 | V84: 0 | W84: =SUM(E84:V84) -> 10
B85: 4 | C85: 4. Ir. AZAM AZMAN NATAWIJANA | E85: 3 | F85: 0 | G85: 1 | H85: 0 | I85: 0 | J85: 0 | K85: 1 | L85: 3 | M85: 0 | N85: 1 | O85: 0 | P85: 1 | Q85: 0 | R85: 0 | S85: 0 | T85: 0 | U85: 1 | V85: 1 | W85: =SUM(E85:V85) -> 12
B86: 5 | C86: 5. UBAIDILLAH AMIN, S.Kom. | E86: 0 | F86: 1 | G86: 0 | H86: 2 | I86: 13 | J86: 2 | K86: 1 | L86: 0 | M86: 1 | N86: 2 | O86: 1 | P86: 2 | Q86: 0 | R86: 0 | S86: 0 | T86: 0 | U86: 0 | V86: 0 | W86: =SUM(E86:V86) -> 25
B87: 6 | C87: 6. DENNY YUNIANDARI, S.H., M.Kn. | E87: 1 | F87: 0 | G87: 0 | H87: 1 | I87: 0 | J87: 2 | K87: 1 | L87: 0 | M87: 0 | N87: 0 | O87: 0 | P87: 0 | Q87: 0 | R87: 0 | S87: 0 | T87: 1 | U87: 1 | V87: 0 | W87: =SUM(E87:V87) -> 7
B88: 7 | C88: 7. ERNADI, S.H.I. | E88: 0 | F88: 1 | G88: 0 | H88: 0 | I88: 0 | J88: 0 | K88: 0 | L88: 0 | M88: 0 | N88: 0 | O88: 0 | P88: 0 | Q88: 0 | R88: 0 | S88: 0 | T88: 0 | U88: 1 | V88: 0 | W88: =SUM(E88:V88) -> 2
W89: =SUM(E89:V89) -> 0
W90: =SUM(E90:V90) -> 0
A91: B | B91: JUMLAH SUARA SAH PARTAI POLITIK DAN CALON (A1 + A2) | E91: =SUM(E81:E90) -> 13 | F91: =SUM(F81:F90) -> 22 | G91: =SUM(G81:G90) -> 20 | H91: =SUM(H81:H90) -> 33 | I91: =SUM(I81:I90) -> 33 | J91: =SUM(J81:J90) -> 15 | K91: =SUM(K81:K90) -> 18 | L91: =SUM(L81:L90) -> 19 | ... W91: =SUM(W81:W90) -> 539
A93: A.1 | B93: 5. | C93: Partai NasDem | E93: 0 | F93: 0 | G93: 1 | H93: 0 | I93: 0 | J93: 0 | K93: 1 | L93: 8 | M93: 3 | N93: 3 | O93: 11 | P93: 3 | Q93: 2 | R93: 0 | S93: 6 | T93: 0 | U93: 2 | V93: 0 | W93: =SUM(E93:V93) -> 40
A94: A.2 | B94: 1 | C94: 1. ACH. FADIL MUZAKKI SYAH | E94: 0 | F94: 0 | G94: 1 | H94: 2 | I94: 0 | J94: 2 | K94: 0 | L94: 1 | M94: 0 | N94: 4 | O94: 7 | P94: 1 | Q94: 0 | R94: 1 | S94: 3 | T94: 2 | U94: 2 | V94: 21 | W94: =SUM(E94:V94) -> 47
B95: 2 | C95: 2. BENY | E95: 0 | F95: 0 | G95: 0 | H95: 0 | I95: 0 | J95: 0 | K95: 0 | L95: 0 | M95: 3 | N95: 3 | O95: 4 | P95: 0 | Q95: 0 | R95: 0 | S95: 1 | T95: 1 | U95: 0 | V95: 0 | W95: =SUM(E95:V95) -> 12
B96: 3 | C96: 3. VINA VERONIKA | E96: 0 | F96: 0 | G96: 0 | H96: 0 | I96: 0 | J96: 0 | K96: 0 | L96: 0 | M96: 1 | N96: 1 | O96: 0 | P96: 0 | Q96: 0 | R96: 0 | S96: 0 | T96: 0 | U96: 0 | V96: 0 | W96: =SUM(E96:V96) -> 2
B97: 4 | C97: 4. TEDDY ANUGRIANTO | E97: 5 | F97: 6 | G97: 16 | H97: 1 | I97: 0 | J97: 2 | K97: 4 | L97: 3 | M97: 5 | N97: 5 | O97: 3 | P97: 12 | Q97: 0 | R97: 0 | S97: 4 | T97: 0 | U97: 0 | V97: 0 | W97: =SUM(E97:V97) -> 66
B98: 5 | C98: 5. INSAN KAMIL | E98: 0 | F98: 0 | G98: 0 | H98: 0 | I98: 0 | J98: 0 | K98: 0 | L98: 1 | M98: 0 | N98: 0 | O98: 0 | P98: 0 | Q98: 0 | R98: 0 | S98: 0 | T98: 0 | U98: 0 | V98: 0 | W98: =SUM(E98:V98) -> 1
B99: 6 | C99: 6. LILIK LINDARWATI | E99: 0 | F99: 0 | G99: 0 | H99: 0 | I99: 0 | J99: 0 | K99: 0 | L99: 0 | M99: 0 | N99: 0 | O99: 0 | P99: 0 | Q99: 0 | R99: 0 | S99: 0 | T99: 0 | U99: 0 | V99: 0 | W99: =SUM(E99:V99) -> 0
B100: 7 | C100: 7. YULI ANITA | E100: 0 | F100: 0 | G100: 0 | H100: 0 | I100: 0 | J100: 0 | K100: 0 | L100: 0 | M100: 0 | N100: 0 | O100: 0 | P100: 0 | Q100: 0 | R100: 0 | S100: 0 | T100: 0 | U100: 0 | V100: 0 | W100: =SUM(E100:V100) -> 0
W101: =SUM(E101:V101) -> 0
W102: =SUM(E102:V102) -> 0
A103: B | B103: JUMLAH SUARA SAH PARTAI POLITIK DAN CALON (A1 + A2) | E103: =SUM(E93:E102) -> 5 | F103: =SUM(F93:F102) -> 6 | G103: =SUM(G93:G102) -> 18 | H103: =SUM(H93:H102) -> 3 | I103: =SUM(I93:I102) -> 0 | J103: =SUM(J93:J102) -> 4 | K103: =SUM(K93:K102) -> 5 | L103: =SUM(L93:L102) -> 13 | ... W103: =SUM(W93:W102) -> 168
A105: A.1 | B105: 6. | C105: Partai Buruh | E105: 0 | F105: 0 | G105: 1 | H105: 0 | I105: 0 | J105: 0 | K105: 2 | L105: 2 | M105: 0 | N105: 2 | O105: 0 | P105: 0 | Q105: 0 | R105: 0 | S105: 2 | T105: 1 | U105: 0 | V105: 0 | W105: =SUM(E105:V105) -> 10
A106: A.2 | B106: 1 | C106: 1. KHOIRUL ANAM | E106: 0 | F106: 0 | G106: 0 | H106: 0 | I106: 0 | J106: 0 | K106: 0 | L106: 0 | M106: 0 | N106: 0 | O106: 0 | P106: 0 | Q106: 0 | R106: 3 | S106: 1 | T106: 0 | U106: 0 | V106: 0 | W106: =SUM(E106:V106) -> 4
B107: 2 | C107: 2. INA KURNIA | E107: 0 | F107: 0 | G107: 0 | H107: 0 | I107: 0 | J107: 0 | K107: 0 | L107: 0 | M107: 0 | N107: 0 | O107: 1 | P107: 0 | Q107: 0 | R107: 0 | S107: 0 | T107: 0 | U107: 0 | V107: 0 | W107: =SUM(E107:V107) -> 1
B108: 3 | C108: 3. JIBRAL TAROUK | E108: 0 | F108: 0 | G108: 1 | H108: 0 | I108: 0 | J108: 0 | K108: 0 | L108: 0 | M108: 0 | N108: 0 | O108: 0 | P108: 0 | Q108: 0 | R108: 0 | S108: 0 | T108: 0 | U108: 0 | V108: 0 | W108: =SUM(E108:V108) -> 1
B109: 4 | C109: 4. ASTUTI DAENG PUJI | E109: 0 | F109: 0 | G109: 0 | H109: 0 | I109: 0 | J109: 0 | K109: 0 | L109: 0 | M109: 0 | N109: 0 | O109: 0 | P109: 0 | Q109: 0 | R109: 0 | S109: 0 | T109: 0 | U109: 0 | V109: 0 | W109: =SUM(E109:V109) -> 0
B110: 5 | C110: 5. ASDARMAWAN | E110: 0 | F110: 0 | G110: 0 | H110: 0 | I110: 0 | J110: 0 | K110: 0 | L110: 0 | M110: 0 | N110: 0 | O110: 0 | P110: 0 | Q110: 0 | R110: 0 | S110: 0 | T110: 0 | U110: 0 | V110: 0 | W110: =SUM(E110:V110) -> 0
B111: 6 | C111: 6. RIFQI MUBAROK | E111: 0 | F111: 0 | G111: 0 | H111: 0 | I111: 0 | J111: 0 | K111: 0 | L111: 0 | M111: 0 | N111: 0 | O111: 0 | P111: 0 | Q111: 0 | R111: 0 | S111: 0 | T111: 0 | U111: 0 | V111: 0 | W111: =SUM(E111:V111) -> 0
B112: 7 | C112: 7. FIRNANDA ALTA MEGA | E112: 0 | F112: 0 | G112: 0 | H112: 0 | I112: 0 | J112: 0 | K112: 0 | L112: 0 | M112: 0 | N112: 0 | O112: 0 | P112: 0 | Q112: 0 | R112: 1 | S112: 0 | T112: 0 | U112: 0 | V112: 0 | W112: =SUM(E112:V112) -> 1
W113: =SUM(E113:V113) -> 0
W114: =SUM(E114:V114) -> 0
A115: B | B115: JUMLAH SUARA SAH PARTAI POLITIK DAN CALON (A1 + A2) | E115: =SUM(E105:E114) -> 0 | F115: =SUM(F105:F114) -> 0 | G115: =SUM(G105:G114) -> 2 | H115: =SUM(H105:H114) -> 0 | I115: =SUM(I105:I114) -> 0 | J115: =SUM(J105:J114) -> 0 | K115: =SUM(K105:K114) -> 2 | L115: =SUM(L105:L114) -> 2 | ... W115: =SUM(W105:W114) -> 17
A117: A.1 | B117: 7. | C117: Partai Gelombang Rakyat Indonesia | E117: 0 | F117: 0 | G117: 0 | H117: 2 | I117: 0 | J117: 0 | K117: 0 | L117: 0 | M117: 0 | N117: 0 | O117: 1 | P117: 0 | Q117: 0 | R117: 1 | S117: 0 | T117: 0 | U117: 0 | V117: 0 | W117: =SUM(E117:V117) -> 4
...

Sheet KARANGBENDO
C2: Kecamatan | D2: ROGOJAMPI
C3: Kabupaten | D3: BANYUWANGI
C4: Provinsi | D4: JAWA TIMUR
C9: Kelurahan | D9: KARANGBENDO
A12: I | B12: DATA PEMILIH DAN PENGGUNAAN HAK PILIH | Z12: JUMLAH AKHIR
A13: A | B13: DATA PEMILIH | E13: TPS 001 | F13: TPS 002 | G13: TPS 003 | H13: TPS 004 | I13: TPS 005 | J13: TPS 006 | K13: TPS 007 | L13: TPS 008 | M13: TPS 009 | N13: TPS 010 | O13: TPS 011 | P13: TPS 012 | Q13: TPS 013 | R13: TPS 014 | S13: TPS 015 | T13: TPS 016 | U13: TPS 017 | V13: TPS 018 | W13: TPS 019 | X13: TPS 020 | Y13: TPS 021
B14: Jumlah Pemilih dalam Daftar Pemilih Tetap (DPT) | D14: LK | E14: 127 | F14: 132 | G14: 138 | H14: 128 | I14: 130 | J14: 122 | K14: 140 | L14: 124 | M14: 135 | N14: 118 | O14: 144 | P14: 109 | Q14: 145 | R14: 127 | S14: 135 | T14: 138 | U14: 140 | V14: 138 | W14: 135 | X14: 132 | Y14: 115 | Z14: =SUM(E14:Y14) -> 2752
D15: PR | E15: 142 | F15: 136 | G15: 150 | H15: 149 | I15: 140 | J15: 117 | K15: 150 | L15: 129 | M15: 152 | N15: 125 | O15: 143 | P15: 118 | Q15: 140 | R15: 121 | S15: 135 | T15: 145 | U15: 147 | V15: 137 | W15: 129 | X15: 149 | Y15: 101 | Z15: =SUM(E15:Y15) -> 2855
D16: JML | E16: =SUM(E14:E15) -> 269 | F16: =SUM(F14:F15) -> 268 | G16: =SUM(G14:G15) -> 288 | H16: =SUM(H14:H15) -> 277 | I16: =SUM(I14:I15) -> 270 | J16: =SUM(J14:J15) -> 239 | K16: =SUM(K14:K15) -> 290 | L16: =SUM(L14:L15) -> 253 | ... Y16: =SUM(Y14:Y15) -> 216 | Z16: =SUM(E16:Y16) -> 5607
A18: B | B18: PENGGUNA HAK PILIH
B19: 1. | C19: Jumlah pengguna hak pilih dalam Daftar Pemilih Tetap (DPT) | D19: LK | E19: 103 | F19: 98 | G19: 122 | H19: 105 | I19: 96 | J19: 101 | K19: 118 | L19: 101 | M19: 105 | N19: 96 | O19: 119 | P19: 85 | Q19: 107 | R19: 102 | S19: 101 | T19: 111 | U19: 108 | V19: 103 | W19: 102 | X19: 109 | Y19: 91 | Z19: =SUM(E19:Y19) -> 2183
D20: PR | E20: 111 | F20: 108 | G20: 104 | H20: 119 | I20: 121 | J20: 87 | K20: 133 | L20: 110 | M20: 123 | N20: 106 | O20: 117 | P20: 98 | Q20: 116 | R20: 106 | S20: 114 | T20: 120 | U20: 112 | V20: 104 | W20: 92 | X20: 128 | Y20: 85 | Z20: =SUM(E20:Y20) -> 2314
D21: JML | E21: =SUM(E19:E20) -> 214 | F21: =SUM(F19:F20) -> 206 | G21: =SUM(G19:G20) -> 226 | H21: =SUM(H19:H20) -> 224 | I21: =SUM(I19:I20) -> 217 | J21: =SUM(J19:J20) -> 188 | K21: =SUM(K19:K20) -> 251 | L21: =SUM(L19:L20) -> 211 | ... Y21: =SUM(Y19:Y20) -> 176 | Z21: =SUM(E21:Y21) -> 4497
B22: 2. | C22: Jumlah pengguna hak pilih dalam Daftar Pemilih Tambahan (DPTb) | D22: LK | E22: 0 | F22: 0 | G22: 0 | H22: 0 | I22: 0 | J22: 0 | K22: 0 | L22: 0 | M22: 0 | N22: 0 | O22: 0 | P22: 1 | Q22: 1 | R22: 1 | S22: 1 | T22: 0 | U22: 0 | V22: 0 | W22: 1 | X22: 0 | Y22: 1 | Z22: =SUM(E22:Y22) -> 6
D23: PR | E23: 0 | F23: 0 | G23: 0 | H23: 1 | I23: 0 | J23: 0 | K23: 0 | L23: 0 | M23: 0 | N23: 0 | O23: 0 | P23: 0 | Q23: 1 | R23: 0 | S23: 2 | T23: 0 | U23: 0 | V23: 0 | W23: 1 | X23: 0 | Y23: 0 | Z23: =SUM(E23:Y23) -> 5
D24: JML | E24: =SUM(E22:E23) -> 0 | F24: =SUM(F22:F23) -> 0 | G24: =SUM(G22:G23) -> 0 | H24: =SUM(H22:H23) -> 1 | I24: =SUM(I22:I23) -> 0 | J24: =SUM(J22:J23) -> 0 | K24: =SUM(K22:K23) -> 0 | L24: =SUM(L22:L23) -> 0 | ... Y24: =SUM(Y22:Y23) -> 1 | Z24: =SUM(E24:Y24) -> 11
B25: 3. | C25: Jumlah pengguna hak pilih dalam Daftar Pemilih Khusus (DPK) | D25: LK | E25: 1 | F25: 0 | G25: 0 | H25: 0 | I25: 1 | J25: 2 | K25: 2 | L25: 0 | M25: 1 | N25: 3 | O25: 1 | P25: 2 | Q25: 0 | R25: 1 | S25: 4 | T25: 4 | U25: 0 | V25: 1 | W25: 1 | X25: 1 | Y25: 2 | Z25: =SUM(E25:Y25) -> 27
D26: PR | E26: 1 | F26: 1 | G26: 1 | H26: 0 | I26: 2 | J26: 1 | K26: 4 | L26: 0 | M26: 4 | N26: 4 | O26: 3 | P26: 4 | Q26: 0 | R26: 3 | S26: 7 | T26: 6 | U26: 3 | V26: 0 | W26: 1 | X26: 1 | Y26: 0 | Z26: =SUM(E26:Y26) -> 46
D27: JML | E27: =SUM(E25:E26) -> 2 | F27: =SUM(F25:F26) -> 1 | G27: =SUM(G25:G26) -> 1 | H27: =SUM(H25:H26) -> 0 | I27: =SUM(I25:I26) -> 3 | J27: =SUM(J25:J26) -> 3 | K27: =SUM(K25:K26) -> 6 | L27: =SUM(L25:L26) -> 0 | ... Y27: =SUM(Y25:Y26) -> 2 | Z27: =SUM(E27:Y27) -> 73
B28: 4. | C28: Jumlah Pengguna Hak Pilih (B.1+B.2+B.3) | D28: LK | E28: =SUM(E19,E22,E25) -> 104 | F28: =SUM(F19,F22,F25) -> 98 | G28: =SUM(G19,G22,G25) -> 122 | H28: =SUM(H19,H22,H25) -> 105 | I28: =SUM(I19,I22,I25) -> 97 | J28: =SUM(J19,J22,J25) -> 103 | K28: =SUM(K19,K22,K25) -> 120 | L28: =SUM(L19,L22,L25) -> 101 | ... Y28: =SUM(Y19,Y22,Y25) -> 94 | Z28: =SUM(E28:Y28) -> 2216
D29: PR | E29: =SUM(E20,E23,E26) -> 112 | F29: =SUM(F20,F23,F26) -> 109 | G29: =SUM(G20,G23,G26) -> 105 | H29: =SUM(H20,H23,H26) -> 120 | I29: =SUM(I20,I23,I26) -> 123 | J29: =SUM(J20,J23,J26) -> 88 | K29: =SUM(K20,K23,K26) -> 137 | L29: =SUM(L20,L23,L26) -> 110 | ... Y29: =SUM(Y20,Y23,Y26) -> 85 | Z29: =SUM(E29:Y29) -> 2365
D30: JML | E30: =SUM(E28:E29) -> 216 | F30: =SUM(F28:F29) -> 207 | G30: =SUM(G28:G29) -> 227 | H30: =SUM(H28:H29) -> 225 | I30: =SUM(I28:I29) -> 220 | J30: =SUM(J28:J29) -> 191 | K30: =SUM(K28:K29) -> 257 | L30: =SUM(L28:L29) -> 211 | ... Y30: =SUM(Y28:Y29) -> 179 | Z30: =SUM(E30:Y30) -> 4581
A32: II | B32: DATA PENGGUNAAN SURAT SUARA
A33: 1 | B33: Jumlah surat suara yang diterima, termasuk surat suara cadangan 2,5% dari DPT | E33: 275 | F33: 274 | G33: 294 | H33: 283 | I33: 276 | J33: 244 | K33: 296 | L33: 259 | M33: 293 | N33: 248 | O33: 293 | P33: 232 | Q33: 291 | R33: 253 | S33: 276 | T33: 289 | U33: 293 | V33: 281 | W33: 270 | X33: 286 | Y33: 221 | Z33: =SUM(E33:Y33) -> 5727
A34: 2 | B34: Jumlah surat suara yang digunakan | E34: 216 | F34: 207 | G34: 227 | H34: 225 | I34: 220 | J34: 191 | K34: 257 | L34: 211 | M34: 233 | N34: 209 | O34: 240 | P34: 190 | Q34: 225 | R34: 213 | S34: 229 | T34: 241 | U34: 223 | V34: 208 | W34: 198 | X34: 239 | Y34: 179 | Z34: =SUM(E34:Y34) -> 4581
A35: 3 | B35: Jumlah surat suara dikembalikan oleh pemilih (karena rusak atau keliru coblos) | E35: 2 | F35: 0 | G35: 0 | H35: 0 | I35: 0 | J35: 0 | K35: 0 | L35: 0 | M35: 2 | N35: 1 | O35: 0 | P35: 0 | Q35: 1 | R35: 0 | S35: 0 | T35: 0 | U35: 0 | V35: 11 | W35: 0 | X35: 0 | Y35: 0 | Z35: =SUM(E35:Y35) -> 17
A36: 4 | B36: Jumlah surat suara yang tidak digunakan/tidak terpakai, termasuk sisa surat suara cadangan | E36: =E33-(E34+E35) -> 57 | F36: =F33-(F34+F35) -> 67 | G36: =G33-(G34+G35) -> 67 | H36: =H33-(H34+H35) -> 58 | I36: =I33-(I34+I35) -> 56 | J36: =J33-(J34+J35) -> 53 | K36: =K33-(K34+K35) -> 39 | L36: =L33-(L34+L35) -> 48 | ... Y36: =Y33-(Y34+Y35) -> 42 | Z36: =SUM(E36:Y36) -> 1129
A38: III | B38: DATA PEMILIH DISABILITAS
B39: Jumlah seluruh Pemilih disabilitas yang menggunakan hak pilih | D39: LK | E39: 0 | F39: 0 | G39: 0 | H39: 0 | I39: 0 | J39: 0 | K39: 0 | L39: 0 | M39: 0 | N39: 0 | O39: 0 | P39: 1 | Q39: 0 | R39: 1 | S39: 0 | T39: 0 | U39: 1 | V39: 0 | W39: 1 | X39: 0 | Y39: 0 | Z39: =SUM(E39:Y39) -> 4
D40: PR | E40: 0 | F40: 0 | G40: 0 | H40: 0 | I40: 0 | J40: 0 | K40: 0 | L40: 0 | M40: 0 | N40: 0 | O40: 0 | P40: 2 | Q40: 0 | R40: 2 | S40: 0 | T40: 0 | U40: 0 | V40: 0 | W40: 0 | X40: 0 | Y40: 0 | Z40: =SUM(E40:Y40) -> 4
D41: JML | E41: =SUM(E39:E40) -> 0 | F41: =SUM(F39:F40) -> 0 | G41: =SUM(G39:G40) -> 0 | H41: =SUM(H39:H40) -> 0 | I41: =SUM(I39:I40) -> 0 | J41: =SUM(J39:J40) -> 0 | K41: =SUM(K39:K40) -> 0 | L41: =SUM(L39:L40) -> 0 | ... Y41: =SUM(Y39:Y40) -> 0 | Z41: =SUM(E41:Y41) -> 8
A43: IV | B43: DATA RINCIAN PEROLEHAN SUARA PASANGAN CALON BUPATI DAN WAKIL BUPATI
A44: NOMOR DAN NAMA CALON
A45: A.1 | B45: 1. | C45: Partai Kebangkitan Bangsa | E45: 3 | F45: 3 | G45: 5 | H45: 6 | I45: 7 | J45: 13 | K45: 1 | L45: 0 | M45: 4 | N45: 3 | O45: 1 | P45: 3 | Q45: 4 | R45: 3 | S45: 1 | T45: 4 | U45: 8 | V45: 3 | W45: 1 | X45: 3 | Y45: 3 | Z45: =SUM(E45:Y45) -> 79
A46: A.2 | B46: 1 | C46: 1. Dr. Hj. NIHAYATUL WAFIROH, M.A. | E46: 15 | F46: 31 | G46: 28 | H46: 10 | I46: 18 | J46: 14 | K46: 0 | L46: 10 | M46: 19 | N46: 15 | O46: 14 | P46: 11 | Q46: 9 | R46: 4 | S46: 17 | T46: 1 | U46: 11 | V46: 4 | W46: 6 | X46: 8 | Y46: 14 | Z46: =SUM(E46:Y46) -> 259
B47: 2 | C47: 2. H. M. NASIM KHAN | E47: 2 | F47: 0 | G47: 1 | H47: 2 | I47: 4 | J47: 1 | K47: 1 | L47: 43 | M47: 4 | N47: 1 | O47: 0 | P47: 2 | Q47: 0 | R47: 2 | S47: 3 | T47: 1 | U47: 0 | V47: 1 | W47: 0 | X47: 1 | Y47: 2 | Z47: =SUM(E47:Y47) -> 71
B48: 3 | C48: 3. Dr. H. AKIK ZAMAN, M.Pd.I. | E48: 1 | F48: 0 | G48: 0 | H48: 0 | I48: 2 | J48: 0 | K48: 1 | L48: 0 | M48: 0 | N48: 2 | O48: 3 | P48: 2 | Q48: 0 | R48: 1 | S48: 0 | T48: 1 | U48: 1 | V48: 0 | W48: 1 | X48: 1 | Y48: 0 | Z48: =SUM(E48:Y48) -> 16
B49: 4 | C49: 4. AHMAD RIFA'I, S.H. | E49: 0 | F49: 0 | G49: 1 | H49: 1 | I49: 1 | J49: 0 | K49: 0 | L49: 1 | M49: 0 | N49: 0 | O49: 0 | P49: 0 | Q49: 1 | R49: 0 | S49: 1 | T49: 0 | U49: 1 | V49: 2 | W49: 0 | X49: 0 | Y49: 1 | Z49: =SUM(E49:Y49) -> 10
B50: 5 | C50: 5. Drs. H. MAHFUD M.N. | E50: 0 | F50: 0 | G50: 0 | H50: 0 | I50: 0 | J50: 0 | K50: 0 | L50: 0 | M50: 0 | N50: 1 | O50: 0 | P50: 1 | Q50: 3 | R50: 0 | S50: 0 | T50: 0 | U50: 0 | V50: 1 | W50: 0 | X50: 0 | Y50: 1 | Z50: =SUM(E50:Y50) -> 7
B51: 6 | C51: 6. NURHAYATI, S.Pd. | E51: 1 | F51: 0 | G51: 0 | H51: 0 | I51: 0 | J51: 0 | K51: 0 | L51: 0 | M51: 1 | N51: 0 | O51: 0 | P51: 0 | Q51: 0 | R51: 0 | S51: 0 | T51: 0 | U51: 0 | V51: 0 | W51: 0 | X51: 0 | Y51: 0 | Z51: =SUM(E51:Y51) -> 2
B52: 7 | C52: 7. MAFTUHA KISWAH | E52: 0 | F52: 0 | G52: 3 | H52: 3 | I52: 0 | J52: 0 | K52: 0 | L52: 0 | M52: 0 | N52: 0 | O52: 0 | P52: 0 | Q52: 0 | R52: 0 | S52: 0 | T52: 0 | U52: 0 | V52: 1 | W52: 0 | X52: 0 | Y52: 0 | Z52: =SUM(E52:Y52) -> 7
Z53: =SUM(E53:Y53) -> 0
Z54: =SUM(E54:Y54) -> 0
A55: B | B55: JUMLAH SUARA SAH PARTAI POLITIK DAN CALON (A1 + A2) | E55: =SUM(E45:E54) -> 22 | F55: =SUM(F45:F54) -> 34 | G55: =SUM(G45:G54) -> 38 | H55: =SUM(H45:H54) -> 22 | I55: =SUM(I45:I54) -> 32 | J55: =SUM(J45:J54) -> 28 | K55: =SUM(K45:K54) -> 3 | L55: =SUM(L45:L54) -> 54 | ... Z55: =SUM(Z45:Z54) -> 451
A57: A.1 | B57: 2. | C57: Partai Gerakan Indonesia Raya | E57: 8 | F57: 14 | G57: 12 | H57: 13 | I57: 25 | J57: 19 | K57: 7 | L57: 7 | M57: 15 | N57: 9 | O57: 7 | P57: 7 | Q57: 7 | R57: 2 | S57: 5 | T57: 5 | U57: 6 | V57: 11 | W57: 7 | X57: 14 | Y57: 7 | Z57: =SUM(E57:Y57) -> 207
A58: A.2 | B58: 1 | C58: 1. SUMAIL ABDULLAH | E58: 28 | F58: 16 | G58: 17 | H58: 12 | I58: 7 | J58: 13 | K58: 13 | L58: 9 | M58: 42 | N58: 19 | O58: 11 | P58: 28 | Q58: 28 | R58: 3 | S58: 5 | T58: 11 | U58: 12 | V58: 3 | W58: 3 | X58: 2 | Y58: 7 | Z58: =SUM(E58:Y58) -> 289
B59: 2 | C59: 2. MUHAMMAD ALI ADRIAN SALEH | E59: 4 | F59: 1 | G59: 0 | H59: 3 | I59: 5 | J59: 8 | K59: 4 | L59: 1 | M59: 4 | N59: 1 | O59: 3 | P59: 4 | Q59: 3 | R59: 1 | S59: 4 | T59: 1 | U59: 2 | V59: 5 | W59: 2 | X59: 6 | Y59: 1 | Z59: =SUM(E59:Y59) -> 63
B60: 3 | C60: 3. DURROTUN NAFISAH | E60: 0 | F60: 0 | G60: 1 | H60: 3 | I60: 2 | J60: 0 | K60: 0 | L60: 0 | M60: 1 | N60: 1 | O60: 3 | P60: 2 | Q60: 3 | R60: 1 | S60: 1 | T60: 0 | U60: 0 | V60: 0 | W60: 0 | X60: 4 | Y60: 0 | Z60: =SUM(E60:Y60) -> 22
B61: 4 | C61: 4. H. EKO SUSILO NURHIDAYAT | E61: 10 | F61: 0 | G61: 0 | H61: 1 | I61: 0 | J61: 0 | K61: 2 | L61: 0 | M61: 2 | N61: 4 | O61: 0 | P61: 0 | Q61: 1 | R61: 1 | S61: 1 | T61: 0 | U61: 0 | V61: 3 | W61: 2 | X61: 2 | Y61: 1 | Z61: =SUM(E61:Y61) -> 30
B62: 5 | C62: 5. KARNADI HARIJANTO, S.S. | E62: 1 | F62: 1 | G62: 0 | H62: 0 | I62: 0 | J62: 0 | K62: 0 | L62: 2 | M62: 0 | N62: 1 | O62: 0 | P62: 1 | Q62: 0 | R62: 0 | S62: 0 | T62: 0 | U62: 0 | V62: 0 | W62: 1 | X62: 1 | Y62: 0 | Z62: =SUM(E62:Y62) -> 8
B63: 6 | C63: 6. NURHAYATI | E63: 0 | F63: 0 | G63: 1 | H63: 0 | I63: 0 | J63: 1 | K63: 1 | L63: 1 | M63: 1 | N63: 0 | O63: 0 | P63: 0 | Q63: 1 | R63: 0 | S63: 0 | T63: 0 | U63: 0 | V63: 0 | W63: 0 | X63: 1 | Y63: 0 | Z63: =SUM(E63:Y63) -> 7
B64: 7 | C64: 7. MASHUDI | E64: 0 | F64: 0 | G64: 0 | H64: 1 | I64: 0 | J64: 0 | K64: 0 | L64: 0 | M64: 0 | N64: 0 | O64: 1 | P64: 0 | Q64: 0 | R64: 0 | S64: 0 | T64: 1 | U64: 0 | V64: 0 | W64: 0 | X64: 0 | Y64: 0 | Z64: =SUM(E64:Y64) -> 3
Z65: =SUM(E65:Y65) -> 0
Z66: =SUM(E66:Y66) -> 0
A67: B | B67: JUMLAH SUARA SAH PARTAI POLITIK DAN CALON (A1 + A2) | E67: =SUM(E57:E66) -> 51 | F67: =SUM(F57:F66) -> 32 | G67: =SUM(G57:G66) -> 31 | H67: =SUM(H57:H66) -> 33 | I67: =SUM(I57:I66) -> 39 | J67: =SUM(J57:J66) -> 41 | K67: =SUM(K57:K66) -> 27 | L67: =SUM(L57:L66) -> 20 | ... Z67: =SUM(Z57:Z66) -> 629
A69: A.1 | B69: 3. | C69: Partai Demokrasi Indonesia Perjuangan | E69: 2 | F69: 4 | G69: 4 | H69: 6 | I69: 2 | J69: 1 | K69: 2 | L69: 1 | M69: 1 | N69: 2 | O69: 4 | P69: 1 | Q69: 3 | R69: 2 | S69: 4 | T69: 5 | U69: 6 | V69: 10 | W69: 9 | X69: 9 | Y69: 3 | Z69: =SUM(E69:Y69) -> 81
A70: A.2 | B70: 1 | C70: 1. SONNY TRI DANAPARAMITA, S.H., M.H. | E70: 13 | F70: 24 | G70: 14 | H70: 3 | I70: 1 | J70: 1 | K70: 5 | L70: 2 | M70: 3 | N70: 1 | O70: 17 | P70: 1 | Q70: 2 | R70: 2 | S70: 5 | T70: 3 | U70: 0 | V70: 4 | W70: 11 | X70: 3 | Y70: 4 | Z70: =SUM(E70:Y70) -> 119
B71: 2 | C71: 2. H. MOHAMAD GUNTUR ROMLI | E71: 2 | F71: 4 | G71: 0 | H71: 3 | I71: 3 | J71: 2 | K71: 2 | L71: 0 | M71: 3 | N71: 3 | O71: 1 | P71: 3 | Q71: 2 | R71: 0 | S71: 2 | T71: 2 | U71: 2 | V71: 10 | W71: 5 | X71: 30 | Y71: 5 | Z71: =SUM(E71:Y71) -> 84
B72: 3 | C72: 3. INA AMMANIA | E72: 0 | F72: 1 | G72: 2 | H72: 0 | I72: 0 | J72: 1 | K72: 1 | L72: 0 | M72: 0 | N72: 1 | O72: 1 | P72: 0 | Q72: 1 | R72: 0 | S72: 1 | T72: 2 | U72: 0 | V72: 7 | W72: 2 | X72: 3 | Y72: 0 | Z72: =SUM(E72:Y72) -> 23
B73: 4 | C73: 4. IRWAN BACHTIAR RACHMAT, M.Si. | E73: 1 | F73: 1 | G73: 0 | H73: 0 | I73: 0 | J73: 0 | K73: 0 | L73: 0 | M73: 0 | N73: 0 | O73: 0 | P73: 0 | Q73: 1 | R73: 2 | S73: 0 | T73: 0 | U73: 1 | V73: 2 | W73: 0 | X73: 2 | Y73: 0 | Z73: =SUM(E73:Y73) -> 10
B74: 5 | C74: 5. LUCKY PERDANA | E74: 1 | F74: 2 | G74: 1 | H74: 0 | I74: 2 | J74: 4 | K74: 12 | L74: 2 | M74: 9 | N74: 16 | O74: 2 | P74: 3 | Q74: 1 | R74: 0 | S74: 2 | T74: 2 | U74: 3 | V74: 4 | W74: 4 | X74: 2 | Y74: 0 | Z74: =SUM(E74:Y74) -> 72
B75: 6 | C75: 6. WIWIK PUJIYATI | E75: 0 | F75: 0 | G75: 0 | H75: 3 | I75: 0 | J75: 0 | K75: 0 | L75: 0 | M75: 0 | N75: 0 | O75: 1 | P75: 0 | Q75: 0 | R75: 0 | S75: 1 | T75: 0 | U75: 0 | V75: 2 | W75: 0 | X75: 1 | Y75: 1 | Z75: =SUM(E75:Y75) -> 9
B76: 7 | C76: 7. CHANDRA ASTAN, S.T. | E76: 0 | F76: 0 | G76: 2 | H76: 1 | I76: 0 | J76: 1 | K76: 3 | L76: 0 | M76: 3 | N76: 0 | O76: 1 | P76: 0 | Q76: 0 | R76: 0 | S76: 0 | T76: 0 | U76: 1 | V76: 0 | W76: 1 | X76: 0 | Y76: 0 | Z76: =SUM(E76:Y76) -> 13
Z77: =SUM(E77:Y77) -> 0
Z78: =SUM(E78:Y78) -> 0
A79: B | B79: JUMLAH SUARA SAH PARTAI POLITIK DAN CALON (A1 + A2) | E79: =SUM(E69:E78) -> 19 | F79: =SUM(F69:F78) -> 36 | G79: =SUM(G69:G78) -> 23 | H79: =SUM(H69:H78) -> 16 | I79: =SUM(I69:I78) -> 8 | J79: =SUM(J69:J78) -> 10 | K79: =SUM(K69:K78) -> 25 | L79: =SUM(L69:L78) -> 5 | ... Z79: =SUM(Z69:Z78) -> 411
A81: A.1 | B81: 4. | C81: Partai Golongan Karya | E81: 0 | F81: 3 | G81: 2 | H81: 3 | I81: 4 | J81: 0 | K81: 0 | L81: 0 | M81: 1 | N81: 2 | O81: 3 | P81: 1 | Q81: 1 | R81: 2 | S81: 3 | T81: 3 | U81: 2 | V81: 2 | W81: 3 | X81: 4 | Y81: 1 | Z81: =SUM(E81:Y81) -> 40
A82: A.2 | B82: 1 | C82: 1. ZULFIKAR ARSE SADIKIN, S.I.P., M.Si. | E82: 1 | F82: 7 | G82: 6 | H82: 0 | I82: 1 | J82: 0 | K82: 1 | L82: 0 | M82: 1 | N82: 2 | O82: 7 | P82: 3 | Q82: 4 | R82: 6 | S82: 15 | T82: 24 | U82: 25 | V82: 8 | W82: 9 | X82: 0 | Y82: 1 | Z82: =SUM(E82:Y82) -> 121
B83: 2 | C83: 2. HANDOKO | E83: 2 | F83: 4 | G83: 10 | H83: 8 | I83: 1 | J83: 0 | K83: 0 | L83: 1 | M83: 0 | N83: 0 | O83: 2 | P83: 5 | Q83: 4 | R83: 2 | S83: 9 | T83: 23 | U83: 7 | V83: 6 | W83: 5 | X83: 5 | Y83: 9 | Z83: =SUM(E83:Y83) -> 103
B84: 3 | C84: 3. Hj. OVI DEWI YANTI | E84: 0 | F84: 1 | G84: 0 | H84: 0 | I84: 1 | J84: 0 | K84: 1 | L84: 0 | M84: 0 | N84: 0 | O84: 1 | P84: 0 | Q84: 0 | R84: 0 | S84: 0 | T84: 0 | U84: 1 | V84: 1 | W84: 0 | X84: 0 | Y84: 1 | Z84: =SUM(E84:Y84) -> 7
B85: 4 | C85: 4. Ir. AZAM AZMAN NATAWIJANA | E85: 0 | F85: 0 | G85: 0 | H85: 0 | I85: 0 | J85: 0 | K85: 1 | L85: 0 | M85: 0 | N85: 0 | O85: 0 | P85: 1 | Q85: 0 | R85: 0 | S85: 0 | T85: 0 | U85: 0 | V85: 0 | W85: 1 | X85: 0 | Y85: 0 | Z85: =SUM(E85:Y85) -> 3
B86: 5 | C86: 5. UBAIDILLAH AMIN, S.Kom. | E86: 1 | F86: 1 | G86: 5 | H86: 0 | I86: 2 | J86: 3 | K86: 1 | L86: 0 | M86: 1 | N86: 1 | O86: 2 | P86: 2 | Q86: 0 | R86: 0 | S86: 1 | T86: 3 | U86: 0 | V86: 0 | W86: 0 | X86: 1 | Y86: 7 | Z86: =SUM(E86:Y86) -> 31
B87: 6 | C87: 6. DENNY YUNIANDARI, S.H., M.Kn. | E87: 0 | F87: 0 | G87: 0 | H87: 2 | I87: 2 | J87: 0 | K87: 0 | L87: 0 | M87: 0 | N87: 0 | O87: 0 | P87: 0 | Q87: 0 | R87: 0 | S87: 0 | T87: 0 | U87: 0 | V87: 0 | W87: 0 | X87: 0 | Y87: 0 | Z87: =SUM(E87:Y87) -> 4
B88: 7 | C88: 7. ERNADI, S.H.I. | E88: 0 | F88: 0 | G88: 0 | H88: 0 | I88: 0 | J88: 0 | K88: 0 | L88: 0 | M88: 0 | N88: 0 | O88: 0 | P88: 0 | Q88: 0 | R88: 0 | S88: 0 | T88: 0 | U88: 0 | V88: 0 | W88: 0 | X88: 0 | Y88: 0 | Z88: =SUM(E88:Y88) -> 0
Z89: =SUM(E89:Y89) -> 0
Z90: =SUM(E90:Y90) -> 0
A91: B | B91: JUMLAH SUARA SAH PARTAI POLITIK DAN CALON (A1 + A2) | E91: =SUM(E81:E90) -> 4 | F91: =SUM(F81:F90) -> 16 | G91: =SUM(G81:G90) -> 23 | H91: =SUM(H81:H90) -> 13 | I91: =SUM(I81:I90) -> 11 | J91: =SUM(J81:J90) -> 3 | K91: =SUM(K81:K90) -> 4 | L91: =SUM(L81:L90) -> 1 | ... Z91: =SUM(Z81:Z90) -> 309
A93: A.1 | B93: 5. | C93: Partai NasDem | E93: 3 | F93: 2 | G93: 0 | H93: 0 | I93: 0 | J93: 1 | K93: 4 | L93: 0 | M93: 0 | N93: 0 | O93: 0 | P93: 0 | Q93: 3 | R93: 0 | S93: 4 | T93: 2 | U93: 7 | V93: 0 | W93: 2 | X93: 0 | Y93: 0 | Z93: =SUM(E93:Y93) -> 28
A94: A.2 | B94: 1 | C94: 1. ACH. FADIL MUZAKKI SYAH | E94: 4 | F94: 3 | G94: 1 | H94: 0 | I94: 0 | J94: 0 | K94: 6 | L94: 0 | M94: 0 | N94: 2 | O94: 6 | P94: 4 | Q94: 1 | R94: 0 | S94: 4 | T94: 3 | U94: 9 | V94: 0 | W94: 1 | X94: 0 | Y94: 1 | Z94: =SUM(E94:Y94) -> 45
B95: 2 | C95: 2. BENY | E95: 0 | F95: 0 | G95: 0 | H95: 0 | I95: 1 | J95: 0 | K95: 0 | L95: 0 | M95: 0 | N95: 0 | O95: 0 | P95: 1 | Q95: 2 | R95: 2 | S95: 2 | T95: 0 | U95: 3 | V95: 4 | W95: 2 | X95: 0 | Y95: 1 | Z95: =SUM(E95:Y95) -> 18
B96: 3 | C96: 3. VINA VERONIKA | E96: 0 | F96: 0 | G96: 0 | H96: 0 | I96: 0 | J96: 0 | K96: 0 | L96: 0 | M96: 0 | N96: 0 | O96: 0 | P96: 0 | Q96: 1 | R96: 0 | S96: 0 | T96: 0 | U96: 0 | V96: 0 | W96: 1 | X96: 0 | Y96: 0 | Z96: =SUM(E96:Y96) -> 2
B97: 4 | C97: 4. TEDDY ANUGRIANTO | E97: 3 | F97: 1 | G97: 4 | H97: 0 | I97: 0 | J97: 0 | K97: 8 | L97: 16 | M97: 3 | N97: 0 | O97: 1 | P97: 1 | Q97: 5 | R97: 3 | S97: 36 | T97: 3 | U97: 14 | V97: 1 | W97: 6 | X97: 9 | Y97: 0 | Z97: =SUM(E97:Y97) -> 114
B98: 5 | C98: 5. INSAN KAMIL | E98: 0 | F98: 0 | G98: 0 | H98: 0 | I98: 0 | J98: 0 | K98: 1 | L98: 0 | M98: 0 | N98: 0 | O98: 1 | P98: 0 | Q98: 0 | R98: 0 | S98: 0 | T98: 0 | U98: 1 | V98: 1 | W98: 0 | X98: 0 | Y98: 0 | Z98: =SUM(E98:Y98) -> 4
B99: 6 | C99: 6. LILIK LINDARWATI | E99: 0 | F99: 0 | G99: 0 | H99: 0 | I99: 0 | J99: 0 | K99: 0 | L99: 0 | M99: 0 | N99: 0 | O99: 0 | P99: 0 | Q99: 0 | R99: 0 | S99: 0 | T99: 0 | U99: 0 | V99: 0 | W99: 0 | X99: 0 | Y99: 0 | Z99: =SUM(E99:Y99) -> 0
B100: 7 | C100: 7. YULI ANITA | E100: 0 | F100: 0 | G100: 0 | H100: 0 | I100: 0 | J100: 0 | K100: 1 | L100: 0 | M100: 0 | N100: 0 | O100: 0 | P100: 0 | Q100: 0 | R100: 0 | S100: 0 | T100: 0 | U100: 0 | V100: 0 | W100: 0 | X100: 0 | Y100: 0 | Z100: =SUM(E100:Y100) -> 1
Z101: =SUM(E101:Y101) -> 0
Z102: =SUM(E102:Y102) -> 0
A103: B | B103: JUMLAH SUARA SAH PARTAI POLITIK DAN CALON (A1 + A2) | E103: =SUM(E93:E102) -> 10 | F103: =SUM(F93:F102) -> 6 | G103: =SUM(G93:G102) -> 5 | H103: =SUM(H93:H102) -> 0 | I103: =SUM(I93:I102) -> 1 | J103: =SUM(J93:J102) -> 1 | K103: =SUM(K93:K102) -> 20 | L103: =SUM(L93:L102) -> 16 | ... Z103: =SUM(Z93:Z102) -> 212
A105: A.1 | B105: 6. | C105: Partai Buruh | E105: 0 | F105: 0 | G105: 1 | H105: 0 | I105: 0 | J105: 1 | K105: 0 | L105: 0 | M105: 0 | N105: 0 | O105: 1 | P105: 0 | Q105: 0 | R105: 0 | S105: 1 | T105: 0 | U105: 0 | V105: 0 | W105: 0 | X105: 0 | Y105: 0 | Z105: =SUM(E105:Y105) -> 4
A106: A.2 | B106: 1 | C106: 1. KHOIRUL ANAM | E106: 0 | F106: 0 | G106: 0 | H106: 0 | I106: 0 | J106: 1 | K106: 0 | L106: 0 | M106: 0 | N106: 0 | O106: 0 | P106: 0 | Q106: 0 | R106: 0 | S106: 0 | T106: 0 | U106: 0 | V106: 0 | W106: 0 | X106: 1 | Y106: 0 | Z106: =SUM(E106:Y106) -> 2
B107: 2 | C107: 2. INA KURNIA | E107: 0 | F107: 0 | G107: 0 | H107: 0 | I107: 0 | J107: 0 | K107: 0 | L107: 0 | M107: 0 | N107: 0 | O107: 0 | P107: 0 | Q107: 0 | R107: 0 | S107: 0 | T107: 0 | U107: 0 | V107: 0 | W107: 0 | X107: 0 | Y107: 0 | Z107: =SUM(E107:Y107) -> 0
B108: 3 | C108: 3. JIBRAL TAROUK | E108: 0 | F108: 0 | G108: 0 | H108: 0 | I108: 0 | J108: 0 | K108: 0 | L108: 0 | M108: 0 | N108: 0 | O108: 0 | P108: 0 | Q108: 0 | R108: 0 | S108: 0 | T108: 0 | U108: 0 | V108: 0 | W108: 0 | X108: 0 | Y108: 0 | Z108: =SUM(E108:Y108) -> 0
B109: 4 | C109: 4. ASTUTI DAENG PUJI | E109: 0 | F109: 0 | G109: 0 | H109: 0 | I109: 0 | J109: 0 | K109: 0 | L109: 0 | M109: 0 | N109: 0 | O109: 0 | P109: 0 | Q109: 0 | R109: 0 | S109: 0 | T109: 0 | U109: 0 | V109: 0 | W109: 0 | X109: 0 | Y109: 0 | Z109: =SUM(E109:Y109) -> 0
B110: 5 | C110: 5. ASDARMAWAN | E110: 0 | F110: 0 | G110: 0 | H110: 0 | I110: 0 | J110: 0 | K110: 0 | L110: 0 | M110: 0 | N110: 0 | O110: 0 | P110: 0 | Q110: 0 | R110: 0 | S110: 0 | T110: 0 | U110: 0 | V110: 0 | W110: 0 | X110: 0 | Y110: 0 | Z110: =SUM(E110:Y110) -> 0
B111: 6 | C111: 6. RIFQI MUBAROK | E111: 0 | F111: 0 | G111: 0 | H111: 0 | I111: 0 | J111: 0 | K111: 0 | L111: 0 | M111: 0 | N111: 0 | O111: 0 | P111: 0 | Q111: 0 | R111: 0 | S111: 0 | T111: 0 | U111: 0 | V111: 0 | W111: 1 | X111: 0 | Y111: 0 | Z111: =SUM(E111:Y111) -> 1
B112: 7 | C112: 7. FIRNANDA ALTA MEGA | E112: 0 | F112: 0 | G112: 0 | H112: 0 | I112: 0 | J112: 0 | K112: 0 | L112: 0 | M112: 0 | N112: 0 | O112: 1 | P112: 0 | Q112: 0 | R112: 0 | S112: 0 | T112: 0 | U112: 0 | V112: 0 | W112: 0 | X112: 0 | Y112: 0 | Z112: =SUM(E112:Y112) -> 1
Z113: =SUM(E113:Y113) -> 0
Z114: =SUM(E114:Y114) -> 0
A115: B | B115: JUMLAH SUARA SAH PARTAI POLITIK DAN CALON (A1 + A2) | E115: =SUM(E105:E114) -> 0 | F115: =SUM(F105:F114) -> 0 | G115: =SUM(G105:G114) -> 1 | H115: =SUM(H105:H114) -> 0 | I115: =SUM(I105:I114) -> 0 | J115: =SUM(J105:J114) -> 2 | K115: =SUM(K105:K114) -> 0 | L115: =SUM(L105:L114) -> 0 | ... Z115: =SUM(Z105:Z114) -> 8
A117: A.1 | B117: 7. | C117: Partai Gelombang Rakyat Indonesia | E117: 0 | F117: 0 | G117: 0 | H117: 1 | I117: 0 | J117: 0 | K117: 0 | L117: 0 | M117: 0 | N117: 1 | O117: 0 | P117: 0 | Q117: 0 | R117: 0 | S117: 1 | T117: 0 | U117: 0 | V117: 1 | W117: 1 | X117: 0 | Y117: 0 | Z117: =SUM(E117:Y117) -> 5
...

Sheet KEDALEMAN
C2: Kecamatan | D2: ROGOJAMPI
C3: Kabupaten | D3: BANYUWANGI
C4: Provinsi | D4: JAWA TIMUR
C9: Kelurahan | D9: KEDALEMAN
A12: I | B12: DATA PEMILIH DAN PENGGUNAAN HAK PILIH | S12: JUMLAH AKHIR
A13: A | B13: DATA PEMILIH | E13: TPS 001 | F13: TPS 002 | G13: TPS 003 | H13: TPS 004 | I13: TPS 005 | J13: TPS 006 | K13: TPS 007 | L13: TPS 008 | M13: TPS 009 | N13: TPS 010 | O13: TPS 011 | P13: TPS 012 | Q13: TPS 013 | R13: TPS 014
B14: Jumlah Pemilih dalam Daftar Pemilih Tetap (DPT) | D14: LK | E14: 130 | F14: 111 | G14: 108 | H14: 125 | I14: 145 | J14: 140 | K14: 136 | L14: 138 | M14: 131 | N14: 127 | O14: 145 | P14: 136 | Q14: 130 | R14: 144 | S14: =SUM(E14:R14) -> 1846
D15: PR | E15: 123 | F15: 102 | G15: 130 | H15: 130 | I15: 143 | J15: 139 | K15: 143 | L15: 148 | M15: 114 | N15: 123 | O15: 144 | P15: 129 | Q15: 132 | R15: 127 | S15: =SUM(E15:R15) -> 1827
D16: JML | E16: =SUM(E14:E15) -> 253 | F16: =SUM(F14:F15) -> 213 | G16: =SUM(G14:G15) -> 238 | H16: =SUM(H14:H15) -> 255 | I16: =SUM(I14:I15) -> 288 | J16: =SUM(J14:J15) -> 279 | K16: =SUM(K14:K15) -> 279 | L16: =SUM(L14:L15) -> 286 | ... R16: =SUM(R14:R15) -> 271 | S16: =SUM(E16:R16) -> 3673
A18: B | B18: PENGGUNA HAK PILIH
B19: 1. | C19: Jumlah pengguna hak pilih dalam Daftar Pemilih Tetap (DPT) | D19: LK | E19: 106 | F19: 77 | G19: 91 | H19: 95 | I19: 117 | J19: 114 | K19: 102 | L19: 109 | M19: 101 | N19: 104 | O19: 119 | P19: 122 | Q19: 112 | R19: 122 | S19: =SUM(E19:R19) -> 1491
D20: PR | E20: 107 | F20: 69 | G20: 103 | H20: 110 | I20: 93 | J20: 117 | K20: 120 | L20: 120 | M20: 94 | N20: 106 | O20: 117 | P20: 116 | Q20: 119 | R20: 111 | S20: =SUM(E20:R20) -> 1502
D21: JML | E21: =SUM(E19:E20) -> 213 | F21: =SUM(F19:F20) -> 146 | G21: =SUM(G19:G20) -> 194 | H21: =SUM(H19:H20) -> 205 | I21: =SUM(I19:I20) -> 210 | J21: =SUM(J19:J20) -> 231 | K21: =SUM(K19:K20) -> 222 | L21: =SUM(L19:L20) -> 229 | ... R21: =SUM(R19:R20) -> 233 | S21: =SUM(E21:R21) -> 2993
B22: 2. | C22: Jumlah pengguna hak pilih dalam Daftar Pemilih Tambahan (DPTb) | D22: LK | E22: 2 | F22: 0 | G22: 0 | H22: 0 | I22: 2 | J22: 0 | K22: 0 | L22: 1 | M22: 0 | N22: 0 | O22: 0 | P22: 1 | Q22: 1 | R22: 0 | S22: =SUM(E22:R22) -> 7
D23: PR | E23: 3 | F23: 0 | G23: 0 | H23: 0 | I23: 1 | J23: 0 | K23: 1 | L23: 0 | M23: 0 | N23: 1 | O23: 2 | P23: 2 | Q23: 0 | R23: 0 | S23: =SUM(E23:R23) -> 10
D24: JML | E24: =SUM(E22:E23) -> 5 | F24: =SUM(F22:F23) -> 0 | G24: =SUM(G22:G23) -> 0 | H24: =SUM(H22:H23) -> 0 | I24: =SUM(I22:I23) -> 3 | J24: =SUM(J22:J23) -> 0 | K24: =SUM(K22:K23) -> 1 | L24: =SUM(L22:L23) -> 1 | ... R24: =SUM(R22:R23) -> 0 | S24: =SUM(E24:R24) -> 17
B25: 3. | C25: Jumlah pengguna hak pilih dalam Daftar Pemilih Khusus (DPK) | D25: LK | E25: 3 | F25: 0 | G25: 1 | H25: 0 | I25: 0 | J25: 1 | K25: 0 | L25: 0 | M25: 1 | N25: 0 | O25: 1 | P25: 2 | Q25: 0 | R25: 0 | S25: =SUM(E25:R25) -> 9
D26: PR | E26: 1 | F26: 1 | G26: 4 | H26: 3 | I26: 0 | J26: 2 | K26: 0 | L26: 4 | M26: 2 | N26: 1 | O26: 1 | P26: 3 | Q26: 0 | R26: 0 | S26: =SUM(E26:R26) -> 22
D27: JML | E27: =SUM(E25:E26) -> 4 | F27: =SUM(F25:F26) -> 1 | G27: =SUM(G25:G26) -> 5 | H27: =SUM(H25:H26) -> 3 | I27: =SUM(I25:I26) -> 0 | J27: =SUM(J25:J26) -> 3 | K27: =SUM(K25:K26) -> 0 | L27: =SUM(L25:L26) -> 4 | ... R27: =SUM(R25:R26) -> 0 | S27: =SUM(E27:R27) -> 31
B28: 4. | C28: Jumlah Pengguna Hak Pilih (B.1+B.2+B.3) | D28: LK | E28: =SUM(E19,E22,E25) -> 111 | F28: =SUM(F19,F22,F25) -> 77 | G28: =SUM(G19,G22,G25) -> 92 | H28: =SUM(H19,H22,H25) -> 95 | I28: =SUM(I19,I22,I25) -> 119 | J28: =SUM(J19,J22,J25) -> 115 | K28: =SUM(K19,K22,K25) -> 102 | L28: =SUM(L19,L22,L25) -> 110 | ... R28: =SUM(R19,R22,R25) -> 122 | S28: =SUM(E28:R28) -> 1507
D29: PR | E29: =SUM(E20,E23,E26) -> 111 | F29: =SUM(F20,F23,F26) -> 70 | G29: =SUM(G20,G23,G26) -> 107 | H29: =SUM(H20,H23,H26) -> 113 | I29: =SUM(I20,I23,I26) -> 94 | J29: =SUM(J20,J23,J26) -> 119 | K29: =SUM(K20,K23,K26) -> 121 | L29: =SUM(L20,L23,L26) -> 124 | ... R29: =SUM(R20,R23,R26) -> 111 | S29: =SUM(E29:R29) -> 1534
D30: JML | E30: =SUM(E28:E29) -> 222 | F30: =SUM(F28:F29) -> 147 | G30: =SUM(G28:G29) -> 199 | H30: =SUM(H28:H29) -> 208 | I30: =SUM(I28:I29) -> 213 | J30: =SUM(J28:J29) -> 234 | K30: =SUM(K28:K29) -> 223 | L30: =SUM(L28:L29) -> 234 | ... R30: =SUM(R28:R29) -> 233 | S30: =SUM(E30:R30) -> 3041
A32: II | B32: DATA PENGGUNAAN SURAT SUARA
A33: 1 | B33: Jumlah surat suara yang diterima, termasuk surat suara cadangan 2,5% dari DPT | E33: 259 | F33: 218 | G33: 244 | H33: 261 | I33: 294 | J33: 284 | K33: 285 | L33: 292 | M33: 250 | N33: 255 | O33: 295 | P33: 271 | Q33: 268 | R33: 278 | S33: =SUM(E33:R33) -> 3754
A34: 2 | B34: Jumlah surat suara yang digunakan | E34: 222 | F34: 147 | G34: 199 | H34: 208 | I34: 213 | J34: 234 | K34: 223 | L34: 234 | M34: 198 | N34: 212 | O34: 240 | P34: 246 | Q34: 232 | R34: 233 | S34: =SUM(E34:R34) -> 3041
A35: 3 | B35: Jumlah surat suara dikembalikan oleh pemilih (karena rusak atau keliru coblos) | E35: 1 | F35: 0 | G35: 1 | H35: 1 | I35: 0 | J35: 0 | K35: 0 | L35: 0 | M35: 0 | N35: 0 | O35: 2 | P35: 0 | Q35: 0 | R35: 1 | S35: =SUM(E35:R35) -> 6
A36: 4 | B36: Jumlah surat suara yang tidak digunakan/tidak terpakai, termasuk sisa surat suara cadangan | E36: =E33-(E34+E35) -> 36 | F36: =F33-(F34+F35) -> 71 | G36: =G33-(G34+G35) -> 44 | H36: =H33-(H34+H35) -> 52 | I36: =I33-(I34+I35) -> 81 | J36: =J33-(J34+J35) -> 50 | K36: =K33-(K34+K35) -> 62 | L36: =L33-(L34+L35) -> 58 | ... R36: =R33-(R34+R35) -> 44 | S36: =SUM(E36:R36) -> 707
A38: III | B38: DATA PEMILIH DISABILITAS
B39: Jumlah seluruh Pemilih disabilitas yang menggunakan hak pilih | D39: LK | E39: 0 | F39: 0 | G39: 0 | H39: 0 | I39: 1 | J39: 0 | K39: 1 | L39: 0 | M39: 0 | N39: 0 | O39: 1 | P39: 0 | Q39: 0 | R39: 0 | S39: =SUM(E39:R39) -> 3
D40: PR | E40: 0 | F40: 0 | G40: 0 | H40: 0 | I40: 0 | J40: 1 | K40: 0 | L40: 0 | M40: 0 | N40: 0 | O40: 3 | P40: 0 | Q40: 0 | R40: 0 | S40: =SUM(E40:R40) -> 4
D41: JML | E41: =SUM(E39:E40) -> 0 | F41: =SUM(F39:F40) -> 0 | G41: =SUM(G39:G40) -> 0 | H41: =SUM(H39:H40) -> 0 | I41: =SUM(I39:I40) -> 1 | J41: =SUM(J39:J40) -> 1 | K41: =SUM(K39:K40) -> 1 | L41: =SUM(L39:L40) -> 0 | ... R41: =SUM(R39:R40) -> 0 | S41: =SUM(E41:R41) -> 7
A43: IV | B43: DATA RINCIAN PEROLEHAN SUARA PASANGAN CALON BUPATI DAN WAKIL BUPATI
A44: NOMOR DAN NAMA CALON
A45: A.1 | B45: 1. | C45: Partai Kebangkitan Bangsa | E45: 9 | F45: 11 | G45: 2 | H45: 1 | I45: 6 | J45: 8 | K45: 3 | L45: 7 | M45: 10 | N45: 4 | O45: 3 | P45: 4 | Q45: 7 | R45: 13 | S45: =SUM(E45:R45) -> 88
A46: A.2 | B46: 1 | C46: 1. Dr. Hj. NIHAYATUL WAFIROH, M.A. | E46: 50 | F46: 22 | G46: 8 | H46: 2 | I46: 5 | J46: 11 | K46: 7 | L46: 4 | M46: 14 | N46: 15 | O46: 4 | P46: 11 | Q46: 9 | R46: 15 | S46: =SUM(E46:R46) -> 177
B47: 2 | C47: 2. H. M. NASIM KHAN | E47: 3 | F47: 8 | G47: 1 | H47: 1 | I47: 6 | J47: 6 | K47: 15 | L47: 26 | M47: 20 | N47: 11 | O47: 8 | P47: 2 | Q47: 9 | R47: 17 | S47: =SUM(E47:R47) -> 133
B48: 3 | C48: 3. Dr. H. AKIK ZAMAN, M.Pd.I. | E48: 0 | F48: 2 | G48: 1 | H48: 0 | I48: 2 | J48: 0 | K48: 1 | L48: 1 | M48: 0 | N48: 0 | O48: 1 | P48: 1 | Q48: 0 | R48: 0 | S48: =SUM(E48:R48) -> 9
B49: 4 | C49: 4. AHMAD RIFA'I, S.H. | E49: 0 | F49: 1 | G49: 3 | H49: 0 | I49: 1 | J49: 1 | K49: 0 | L49: 0 | M49: 1 | N49: 0 | O49: 1 | P49: 1 | Q49: 0 | R49: 3 | S49: =SUM(E49:R49) -> 12
B50: 5 | C50: 5. Drs. H. MAHFUD M.N. | E50: 1 | F50: 1 | G50: 0 | H50: 0 | I50: 0 | J50: 1 | K50: 4 | L50: 1 | M50: 1 | N50: 1 | O50: 0 | P50: 0 | Q50: 0 | R50: 1 | S50: =SUM(E50:R50) -> 11
B51: 6 | C51: 6. NURHAYATI, S.Pd. | E51: 1 | F51: 0 | G51: 0 | H51: 0 | I51: 1 | J51: 1 | K51: 1 | L51: 0 | M51: 0 | N51: 0 | O51: 0 | P51: 0 | Q51: 0 | R51: 0 | S51: =SUM(E51:R51) -> 4
B52: 7 | C52: 7. MAFTUHA KISWAH | E52: 1 | F52: 0 | G52: 0 | H52: 0 | I52: 0 | J52: 0 | K52: 0 | L52: 0 | M52: 0 | N52: 0 | O52: 0 | P52: 0 | Q52: 0 | R52: 0 | S52: =SUM(E52:R52) -> 1
S53: =SUM(E53:R53) -> 0
S54: =SUM(E54:R54) -> 0
A55: B | B55: JUMLAH SUARA SAH PARTAI POLITIK DAN CALON (A1 + A2) | E55: =SUM(E45:E54) -> 65 | F55: =SUM(F45:F54) -> 45 | G55: =SUM(G45:G54) -> 15 | H55: =SUM(H45:H54) -> 4 | I55: =SUM(I45:I54) -> 21 | J55: =SUM(J45:J54) -> 28 | K55: =SUM(K45:K54) -> 31 | L55: =SUM(L45:L54) -> 39 | ... S55: =SUM(S45:S54) -> 435
A57: A.1 | B57: 2. | C57: Partai Gerakan Indonesia Raya | E57: 5 | F57: 4 | G57: 10 | H57: 12 | I57: 3 | J57: 8 | K57: 14 | L57: 9 | M57: 10 | N57: 10 | O57: 7 | P57: 13 | Q57: 12 | R57: 7 | S57: =SUM(E57:R57) -> 124
A58: A.2 | B58: 1 | C58: 1. SUMAIL ABDULLAH | E58: 7 | F58: 6 | G58: 5 | H58: 13 | I58: 8 | J58: 12 | K58: 7 | L58: 4 | M58: 9 | N58: 10 | O58: 10 | P58: 15 | Q58: 10 | R58: 7 | S58: =SUM(E58:R58) -> 123
B59: 2 | C59: 2. MUHAMMAD ALI ADRIAN SALEH | E59: 1 | F59: 1 | G59: 4 | H59: 5 | I59: 4 | J59: 1 | K59: 4 | L59: 2 | M59: 4 | N59: 3 | O59: 4 | P59: 2 | Q59: 2 | R59: 5 | S59: =SUM(E59:R59) -> 42
B60: 3 | C60: 3. DURROTUN NAFISAH | E60: 1 | F60: 0 | G60: 3 | H60: 1 | I60: 0 | J60: 1 | K60: 1 | L60: 1 | M60: 2 | N60: 1 | O60: 1 | P60: 0 | Q60: 2 | R60: 0 | S60: =SUM(E60:R60) -> 14
B61: 4 | C61: 4. H. EKO SUSILO NURHIDAYAT | E61: 1 | F61: 1 | G61: 1 | H61: 1 | I61: 2 | J61: 1 | K61: 4 | L61: 0 | M61: 2 | N61: 1 | O61: 2 | P61: 0 | Q61: 1 | R61: 1 | S61: =SUM(E61:R61) -> 18
B62: 5 | C62: 5. KARNADI HARIJANTO, S.S. | E62: 0 | F62: 0 | G62: 0 | H62: 0 | I62: 0 | J62: 2 | K62: 0 | L62: 0 | M62: 1 | N62: 0 | O62: 0 | P62: 0 | Q62: 0 | R62: 0 | S62: =SUM(E62:R62) -> 3
B63: 6 | C63: 6. NURHAYATI | E63: 0 | F63: 1 | G63: 0 | H63: 1 | I63: 0 | J63: 0 | K63: 0 | L63: 0 | M63: 0 | N63: 0 | O63: 1 | P63: 0 | Q63: 1 | R63: 0 | S63: =SUM(E63:R63) -> 4
B64: 7 | C64: 7. MASHUDI | E64: 0 | F64: 1 | G64: 1 | H64: 0 | I64: 1 | J64: 1 | K64: 0 | L64: 0 | M64: 0 | N64: 0 | O64: 0 | P64: 0 | Q64: 0 | R64: 0 | S64: =SUM(E64:R64) -> 4
S65: =SUM(E65:R65) -> 0
S66: =SUM(E66:R66) -> 0
A67: B | B67: JUMLAH SUARA SAH PARTAI POLITIK DAN CALON (A1 + A2) | E67: =SUM(E57:E66) -> 15 | F67: =SUM(F57:F66) -> 14 | G67: =SUM(G57:G66) -> 24 | H67: =SUM(H57:H66) -> 33 | I67: =SUM(I57:I66) -> 18 | J67: =SUM(J57:J66) -> 26 | K67: =SUM(K57:K66) -> 30 | L67: =SUM(L57:L66) -> 16 | ... S67: =SUM(S57:S66) -> 332
A69: A.1 | B69: 3. | C69: Partai Demokrasi Indonesia Perjuangan | E69: 4 | F69: 5 | G69: 5 | H69: 6 | I69: 5 | J69: 11 | K69: 12 | L69: 12 | M69: 2 | N69: 4 | O69: 4 | P69: 3 | Q69: 2 | R69: 7 | S69: =SUM(E69:R69) -> 82
A70: A.2 | B70: 1 | C70: 1. SONNY TRI DANAPARAMITA, S.H., M.H. | E70: 3 | F70: 5 | G70: 18 | H70: 11 | I70: 6 | J70: 12 | K70: 7 | L70: 2 | M70: 1 | N70: 7 | O70: 13 | P70: 5 | Q70: 6 | R70: 6 | S70: =SUM(E70:R70) -> 102
B71: 2 | C71: 2. H. MOHAMAD GUNTUR ROMLI | E71: 1 | F71: 3 | G71: 4 | H71: 5 | I71: 14 | J71: 10 | K71: 11 | L71: 18 | M71: 8 | N71: 7 | O71: 16 | P71: 31 | Q71: 21 | R71: 19 | S71: =SUM(E71:R71) -> 168
B72: 3 | C72: 3. INA AMMANIA | E72: 1 | F72: 1 | G72: 1 | H72: 4 | I72: 35 | J72: 15 | K72: 5 | L72: 6 | M72: 8 | N72: 5 | O72: 8 | P72: 3 | Q72: 0 | R72: 4 | S72: =SUM(E72:R72) -> 96
B73: 4 | C73: 4. IRWAN BACHTIAR RACHMAT, M.Si. | E73: 1 | F73: 0 | G73: 0 | H73: 0 | I73: 0 | J73: 0 | K73: 0 | L73: 0 | M73: 0 | N73: 0 | O73: 1 | P73: 0 | Q73: 1 | R73: 2 | S73: =SUM(E73:R73) -> 5
B74: 5 | C74: 5. LUCKY PERDANA | E74: 6 | F74: 0 | G74: 2 | H74: 5 | I74: 9 | J74: 4 | K74: 3 | L74: 6 | M74: 3 | N74: 3 | O74: 3 | P74: 1 | Q74: 9 | R74: 7 | S74: =SUM(E74:R74) -> 61
B75: 6 | C75: 6. WIWIK PUJIYATI | E75: 0 | F75: 0 | G75: 0 | H75: 0 | I75: 0 | J75: 1 | K75: 1 | L75: 0 | M75: 0 | N75: 0 | O75: 0 | P75: 1 | Q75: 0 | R75: 0 | S75: =SUM(E75:R75) -> 3
B76: 7 | C76: 7. CHANDRA ASTAN, S.T. | E76: 1 | F76: 0 | G76: 1 | H76: 0 | I76: 6 | J76: 0 | K76: 0 | L76: 0 | M76: 0 | N76: 0 | O76: 0 | P76: 0 | Q76: 0 | R76: 0 | S76: =SUM(E76:R76) -> 8
S77: =SUM(E77:R77) -> 0
S78: =SUM(E78:R78) -> 0
A79: B | B79: JUMLAH SUARA SAH PARTAI POLITIK DAN CALON (A1 + A2) | E79: =SUM(E69:E78) -> 17 | F79: =SUM(F69:F78) -> 14 | G79: =SUM(G69:G78) -> 31 | H79: =SUM(H69:H78) -> 31 | I79: =SUM(I69:I78) -> 75 | J79: =SUM(J69:J78) -> 53 | K79: =SUM(K69:K78) -> 39 | L79: =SUM(L69:L78) -> 44 | ... S79: =SUM(S69:S78) -> 525
A81: A.1 | B81: 4. | C81: Partai Golongan Karya | E81: 7 | F81: 1 | G81: 3 | H81: 3 | I81: 3 | J81: 1 | K81: 3 | L81: 1 | M81: 5 | N81: 3 | O81: 6 | P81: 2 | Q81: 3 | R81: 2 | S81: =SUM(E81:R81) -> 43
A82: A.2 | B82: 1 | C82: 1. ZULFIKAR ARSE SADIKIN, S.I.P., M.Si. | E82: 4 | F82: 0 | G82: 5 | H82: 3 | I82: 4 | J82: 8 | K82: 16 | L82: 3 | M82: 1 | N82: 22 | O82: 58 | P82: 40 | Q82: 23 | R82: 12 | S82: =SUM(E82:R82) -> 199
B83: 2 | C83: 2. HANDOKO | E83: 4 | F83: 0 | G83: 4 | H83: 2 | I83: 7 | J83: 4 | K83: 4 | L83: 4 | M83: 0 | N83: 1 | O83: 3 | P83: 2 | Q83: 2 | R83: 11 | S83: =SUM(E83:R83) -> 48
B84: 3 | C84: 3. Hj. OVI DEWI YANTI | E84: 0 | F84: 0 | G84: 1 | H84: 0 | I84: 0 | J84: 1 | K84: 0 | L84: 1 | M84: 0 | N84: 0 | O84: 0 | P84: 0 | Q84: 0 | R84: 0 | S84: =SUM(E84:R84) -> 3
B85: 4 | C85: 4. Ir. AZAM AZMAN NATAWIJANA | E85: 8 | F85: 4 | G85: 0 | H85: 1 | I85: 1 | J85: 1 | K85: 2 | L85: 0 | M85: 2 | N85: 0 | O85: 2 | P85: 1 | Q85: 2 | R85: 0 | S85: =SUM(E85:R85) -> 24
B86: 5 | C86: 5. UBAIDILLAH AMIN, S.Kom. | E86: 0 | F86: 6 | G86: 0 | H86: 3 | I86: 0 | J86: 2 | K86: 0 | L86: 3 | M86: 4 | N86: 4 | O86: 3 | P86: 2 | Q86: 0 | R86: 6 | S86: =SUM(E86:R86) -> 33
B87: 6 | C87: 6. DENNY YUNIANDARI, S.H., M.Kn. | E87: 0 | F87: 0 | G87: 0 | H87: 0 | I87: 1 | J87: 0 | K87: 1 | L87: 0 | M87: 0 | N87: 0 | O87: 0 | P87: 0 | Q87: 1 | R87: 0 | S87: =SUM(E87:R87) -> 3
B88: 7 | C88: 7. ERNADI, S.H.I. | E88: 0 | F88: 0 | G88: 0 | H88: 0 | I88: 0 | J88: 0 | K88: 0 | L88: 0 | M88: 0 | N88: 0 | O88: 0 | P88: 0 | Q88: 0 | R88: 0 | S88: =SUM(E88:R88) -> 0
S89: =SUM(E89:R89) -> 0
S90: =SUM(E90:R90) -> 0
A91: B | B91: JUMLAH SUARA SAH PARTAI POLITIK DAN CALON (A1 + A2) | E91: =SUM(E81:E90) -> 23 | F91: =SUM(F81:F90) -> 11 | G91: =SUM(G81:G90) -> 13 | H91: =SUM(H81:H90) -> 12 | I91: =SUM(I81:I90) -> 16 | J91: =SUM(J81:J90) -> 17 | K91: =SUM(K81:K90) -> 26 | L91: =SUM(L81:L90) -> 12 | ... S91: =SUM(S81:S90) -> 353
A93: A.1 | B93: 5. | C93: Partai NasDem | E93: 0 | F93: 1 | G93: 0 | H93: 0 | I93: 0 | J93: 1 | K93: 1 | L93: 0 | M93: 0 | N93: 3 | O93: 0 | P93: 4 | Q93: 8 | R93: 3 | S93: =SUM(E93:R93) -> 21
A94: A.2 | B94: 1 | C94: 1. ACH. FADIL MUZAKKI SYAH | E94: 1 | F94: 0 | G94: 0 | H94: 1 | I94: 0 | J94: 1 | K94: 3 | L94: 0 | M94: 3 | N94: 0 | O94: 2 | P94: 3 | Q94: 1 | R94: 0 | S94: =SUM(E94:R94) -> 15
B95: 2 | C95: 2. BENY | E95: 1 | F95: 0 | G95: 2 | H95: 0 | I95: 0 | J95: 2 | K95: 0 | L95: 0 | M95: 0 | N95: 2 | O95: 3 | P95: 2 | Q95: 9 | R95: 6 | S95: =SUM(E95:R95) -> 27
B96: 3 | C96: 3. VINA VERONIKA | E96: 0 | F96: 0 | G96: 1 | H96: 1 | I96: 0 | J96: 0 | K96: 0 | L96: 1 | M96: 0 | N96: 0 | O96: 0 | P96: 0 | Q96: 0 | R96: 0 | S96: =SUM(E96:R96) -> 3
B97: 4 | C97: 4. TEDDY ANUGRIANTO | E97: 14 | F97: 2 | G97: 8 | H97: 11 | I97: 2 | J97: 2 | K97: 1 | L97: 0 | M97: 0 | N97: 4 | O97: 1 | P97: 11 | Q97: 2 | R97: 2 | S97: =SUM(E97:R97) -> 60
B98: 5 | C98: 5. INSAN KAMIL | E98: 0 | F98: 0 | G98: 1 | H98: 0 | I98: 1 | J98: 0 | K98: 0 | L98: 0 | M98: 1 | N98: 0 | O98: 0 | P98: 0 | Q98: 1 | R98: 0 | S98: =SUM(E98:R98) -> 4
B99: 6 | C99: 6. LILIK LINDARWATI | E99: 0 | F99: 0 | G99: 0 | H99: 0 | I99: 1 | J99: 0 | K99: 1 | L99: 0 | M99: 0 | N99: 0 | O99: 0 | P99: 0 | Q99: 0 | R99: 0 | S99: =SUM(E99:R99) -> 2
B100: 7 | C100: 7. YULI ANITA | E100: 0 | F100: 0 | G100: 0 | H100: 0 | I100: 0 | J100: 1 | K100: 0 | L100: 0 | M100: 0 | N100: 0 | O100: 0 | P100: 0 | Q100: 0 | R100: 0 | S100: =SUM(E100:R100) -> 1
S101: =SUM(E101:R101) -> 0
S102: =SUM(E102:R102) -> 0
A103: B | B103: JUMLAH SUARA SAH PARTAI POLITIK DAN CALON (A1 + A2) | E103: =SUM(E93:E102) -> 16 | F103: =SUM(F93:F102) -> 3 | G103: =SUM(G93:G102) -> 12 | H103: =SUM(H93:H102) -> 13 | I103: =SUM(I93:I102) -> 4 | J103: =SUM(J93:J102) -> 7 | K103: =SUM(K93:K102) -> 6 | L103: =SUM(L93:L102) -> 1 | ... S103: =SUM(S93:S102) -> 133
A105: A.1 | B105: 6. | C105: Partai Buruh | E105: 0 | F105: 0 | G105: 0 | H105: 0 | I105: 0 | J105: 0 | K105: 1 | L105: 1 | M105: 1 | N105: 2 | O105: 0 | P105: 0 | Q105: 0 | R105: 1 | S105: =SUM(E105:R105) -> 6
A106: A.2 | B106: 1 | C106: 1. KHOIRUL ANAM | E106: 0 | F106: 0 | G106: 1 | H106: 0 | I106: 0 | J106: 1 | K106: 0 | L106: 1 | M106: 0 | N106: 0 | O106: 1 | P106: 0 | Q106: 1 | R106: 0 | S106: =SUM(E106:R106) -> 5
B107: 2 | C107: 2. INA KURNIA | E107: 0 | F107: 0 | G107: 0 | H107: 0 | I107: 0 | J107: 2 | K107: 0 | L107: 1 | M107: 1 | N107: 0 | O107: 0 | P107: 0 | Q107: 0 | R107: 0 | S107: =SUM(E107:R107) -> 4
B108: 3 | C108: 3. JIBRAL TAROUK | E108: 0 | F108: 0 | G108: 0 | H108: 0 | I108: 0 | J108: 1 | K108: 0 | L108: 1 | M108: 0 | N108: 0 | O108: 0 | P108: 0 | Q108: 0 | R108: 0 | S108: =SUM(E108:R108) -> 2
B109: 4 | C109: 4. ASTUTI DAENG PUJI | E109: 1 | F109: 0 | G109: 0 | H109: 0 | I109: 0 | J109: 1 | K109: 0 | L109: 1 | M109: 0 | N109: 1 | O109: 0 | P109: 0 | Q109: 0 | R109: 0 | S109: =SUM(E109:R109) -> 4
B110: 5 | C110: 5. ASDARMAWAN | E110: 0 | F110: 0 | G110: 0 | H110: 0 | I110: 0 | J110: 0 | K110: 0 | L110: 0 | M110: 0 | N110: 0 | O110: 1 | P110: 0 | Q110: 0 | R110: 0 | S110: =SUM(E110:R110) -> 1
B111: 6 | C111: 6. RIFQI MUBAROK | E111: 0 | F111: 0 | G111: 0 | H111: 0 | I111: 0 | J111: 0 | K111: 0 | L111: 0 | M111: 0 | N111: 0 | O111: 0 | P111: 0 | Q111: 0 | R111: 0 | S111: =SUM(E111:R111) -> 0
B112: 7 | C112: 7. FIRNANDA ALTA MEGA | E112: 0 | F112: 0 | G112: 0 | H112: 0 | I112: 0 | J112: 0 | K112: 0 | L112: 0 | M112: 0 | N112: 0 | O112: 0 | P112: 0 | Q112: 0 | R112: 0 | S112: =SUM(E112:R112) -> 0
S113: =SUM(E113:R113) -> 0
S114: =SUM(E114:R114) -> 0
A115: B | B115: JUMLAH SUARA SAH PARTAI POLITIK DAN CALON (A1 + A2) | E115: =SUM(E105:E114) -> 1 | F115: =SUM(F105:F114) -> 0 | G115: =SUM(G105:G114) -> 1 | H115: =SUM(H105:H114) -> 0 | I115: =SUM(I105:I114) -> 0 | J115: =SUM(J105:J114) -> 5 | K115: =SUM(K105:K114) -> 1 | L115: =SUM(L105:L114) -> 5 | ... S115: =SUM(S105:S114) -> 22
A117: A.1 | B117: 7. | C117: Partai Gelombang Rakyat Indonesia | E117: 0 | F117: 0 | G117: 0 | H117: 0 | I117: 0 | J117: 1 | K117: 2 | L117: 1 | M117: 0 | N117: 2 | O117: 0 | P117: 1 | Q117: 0 | R117: 0 | S117: =SUM(E117:R117) -> 7
...

Sheet LEMAHBANGDEWO
C2: Kecamatan | D2: ROGOJAMPI
C3: Kabupaten | D3: BANYUWANGI
C4: Provinsi | D4: JAWA TIMUR
C9: Kelurahan | D9: LEMAHBANGDEWO
A12: I | B12: DATA PEMILIH DAN PENGGUNAAN HAK PILIH | O12: JUMLAH AKHIR
A13: A | B13: DATA PEMILIH | E13: TPS 001 | F13: TPS 002 | G13: TPS 003 | H13: TPS 004 | I13: TPS 005 | J13: TPS 006 | K13: TPS 007 | L13: TPS 008 | M13: TPS 009 | N13: TPS 010
B14: Jumlah Pemilih dalam Daftar Pemilih Tetap (DPT) | D14: LK | E14: 142 | F14: 114 | G14: 96 | H14: 133 | I14: 104 | J14: 133 | K14: 134 | L14: 141 | M14: 119 | N14: 75 | O14: =SUM(E14:N14) -> 1191
D15: PR | E15: 143 | F15: 142 | G15: 99 | H15: 146 | I15: 109 | J15: 133 | K15: 137 | L15: 152 | M15: 122 | N15: 77 | O15: =SUM(E15:N15) -> 1260
D16: JML | E16: =SUM(E14:E15) -> 285 | F16: =SUM(F14:F15) -> 256 | G16: =SUM(G14:G15) -> 195 | H16: =SUM(H14:H15) -> 279 | I16: =SUM(I14:I15) -> 213 | J16: =SUM(J14:J15) -> 266 | K16: =SUM(K14:K15) -> 271 | L16: =SUM(L14:L15) -> 293 | ... N16: =SUM(N14:N15) -> 152 | O16: =SUM(E16:N16) -> 2451
A18: B | B18: PENGGUNA HAK PILIH
B19: 1. | C19: Jumlah pengguna hak pilih dalam Daftar Pemilih Tetap (DPT) | D19: LK | E19: 115 | F19: 86 | G19: 79 | H19: 95 | I19: 70 | J19: 104 | K19: 96 | L19: 105 | M19: 90 | N19: 58 | O19: =SUM(E19:N19) -> 898
D20: PR | E20: 112 | F20: 114 | G20: 83 | H20: 115 | I20: 83 | J20: 111 | K20: 103 | L20: 115 | M20: 98 | N20: 67 | O20: =SUM(E20:N20) -> 1001
D21: JML | E21: =SUM(E19:E20) -> 227 | F21: =SUM(F19:F20) -> 200 | G21: =SUM(G19:G20) -> 162 | H21: =SUM(H19:H20) -> 210 | I21: =SUM(I19:I20) -> 153 | J21: =SUM(J19:J20) -> 215 | K21: =SUM(K19:K20) -> 199 | L21: =SUM(L19:L20) -> 220 | ... N21: =SUM(N19:N20) -> 125 | O21: =SUM(E21:N21) -> 1899
B22: 2. | C22: Jumlah pengguna hak pilih dalam Daftar Pemilih Tambahan (DPTb) | D22: LK | E22: 0 | F22: 1 | G22: 2 | H22: 1 | I22: 0 | J22: 1 | K22: 0 | L22: 0 | M22: 1 | N22: 3 | O22: =SUM(E22:N22) -> 9
D23: PR | E23: 0 | F23: 2 | G23: 0 | H23: 1 | I23: 2 | J23: 1 | K23: 2 | L23: 1 | M23: 1 | N23: 0 | O23: =SUM(E23:N23) -> 10
D24: JML | E24: =SUM(E22:E23) -> 0 | F24: =SUM(F22:F23) -> 3 | G24: =SUM(G22:G23) -> 2 | H24: =SUM(H22:H23) -> 2 | I24: =SUM(I22:I23) -> 2 | J24: =SUM(J22:J23) -> 2 | K24: =SUM(K22:K23) -> 2 | L24: =SUM(L22:L23) -> 1 | ... N24: =SUM(N22:N23) -> 3 | O24: =SUM(E24:N24) -> 19
B25: 3. | C25: Jumlah pengguna hak pilih dalam Daftar Pemilih Khusus (DPK) | D25: LK | E25: 0 | F25: 1 | G25: 3 | H25: 2 | I25: 0 | J25: 1 | K25: 2 | L25: 0 | M25: 0 | N25: 0 | O25: =SUM(E25:N25) -> 9
D26: PR | E26: 0 | F26: 0 | G26: 1 | H26: 2 | I26: 2 | J26: 0 | K26: 0 | L26: 0 | M26: 0 | N26: 2 | O26: =SUM(E26:N26) -> 7
D27: JML | E27: =SUM(E25:E26) -> 0 | F27: =SUM(F25:F26) -> 1 | G27: =SUM(G25:G26) -> 4 | H27: =SUM(H25:H26) -> 4 | I27: =SUM(I25:I26) -> 2 | J27: =SUM(J25:J26) -> 1 | K27: =SUM(K25:K26) -> 2 | L27: =SUM(L25:L26) -> 0 | ... N27: =SUM(N25:N26) -> 2 | O27: =SUM(E27:N27) -> 16
B28: 4. | C28: Jumlah Pengguna Hak Pilih (B.1+B.2+B.3) | D28: LK | E28: =SUM(E19,E22,E25) -> 115 | F28: =SUM(F19,F22,F25) -> 88 | G28: =SUM(G19,G22,G25) -> 84 | H28: =SUM(H19,H22,H25) -> 98 | I28: =SUM(I19,I22,I25) -> 70 | J28: =SUM(J19,J22,J25) -> 106 | K28: =SUM(K19,K22,K25) -> 98 | L28: =SUM(L19,L22,L25) -> 105 | ... N28: =SUM(N19,N22,N25) -> 61 | O28: =SUM(E28:N28) -> 916
D29: PR | E29: =SUM(E20,E23,E26) -> 112 | F29: =SUM(F20,F23,F26) -> 116 | G29: =SUM(G20,G23,G26) -> 84 | H29: =SUM(H20,H23,H26) -> 118 | I29: =SUM(I20,I23,I26) -> 87 | J29: =SUM(J20,J23,J26) -> 112 | K29: =SUM(K20,K23,K26) -> 105 | L29: =SUM(L20,L23,L26) -> 116 | ... N29: =SUM(N20,N23,N26) -> 69 | O29: =SUM(E29:N29) -> 1018
D30: JML | E30: =SUM(E28:E29) -> 227 | F30: =SUM(F28:F29) -> 204 | G30: =SUM(G28:G29) -> 168 | H30: =SUM(H28:H29) -> 216 | I30: =SUM(I28:I29) -> 157 | J30: =SUM(J28:J29) -> 218 | K30: =SUM(K28:K29) -> 203 | L30: =SUM(L28:L29) -> 221 | ... N30: =SUM(N28:N29) -> 130 | O30: =SUM(E30:N30) -> 1934
A32: II | B32: DATA PENGGUNAAN SURAT SUARA
A33: 1 | B33: Jumlah surat suara yang diterima, termasuk surat suara cadangan 2,5% dari DPT | E33: 291 | F33: 262 | G33: 200 | H33: 285 | I33: 218 | J33: 272 | K33: 277 | L33: 299 | M33: 246 | N33: 156 | O33: =SUM(E33:N33) -> 2506
A34: 2 | B34: Jumlah surat suara yang digunakan | E34: 227 | F34: 204 | G34: 168 | H34: 216 | I34: 157 | J34: 218 | K34: 203 | L34: 221 | M34: 190 | N34: 130 | O34: =SUM(E34:N34) -> 1934
A35: 3 | B35: Jumlah surat suara dikembalikan oleh pemilih (karena rusak atau keliru coblos) | E35: 0 | F35: 0 | G35: 0 | H35: 0 | I35: 0 | J35: 1 | K35: 2 | L35: 0 | M35: 0 | N35: 2 | O35: =SUM(E35:N35) -> 5
A36: 4 | B36: Jumlah surat suara yang tidak digunakan/tidak terpakai, termasuk sisa surat suara cadangan | E36: =E33-(E34+E35) -> 64 | F36: =F33-(F34+F35) -> 58 | G36: =G33-(G34+G35) -> 32 | H36: =H33-(H34+H35) -> 69 | I36: =I33-(I34+I35) -> 61 | J36: =J33-(J34+J35) -> 53 | K36: =K33-(K34+K35) -> 72 | L36: =L33-(L34+L35) -> 78 | ... N36: =N33-(N34+N35) -> 24 | O36: =SUM(E36:N36) -> 567
A38: III | B38: DATA PEMILIH DISABILITAS
B39: Jumlah seluruh Pemilih disabilitas yang menggunakan hak pilih | D39: LK | E39: 1 | F39: 0 | G39: 0 | H39: 5 | I39: 0 | J39: 0 | K39: 0 | L39: 3 | M39: 0 | N39: 0 | O39: =SUM(E39:N39) -> 9
D40: PR | E40: 0 | F40: 0 | G40: 1 | H40: 0 | I40: 0 | J40: 0 | K40: 0 | L40: 1 | M40: 0 | N40: 0 | O40: =SUM(E40:N40) -> 2
D41: JML | E41: =SUM(E39:E40) -> 1 | F41: =SUM(F39:F40) -> 0 | G41: =SUM(G39:G40) -> 1 | H41: =SUM(H39:H40) -> 5 | I41: =SUM(I39:I40) -> 0 | J41: =SUM(J39:J40) -> 0 | K41: =SUM(K39:K40) -> 0 | L41: =SUM(L39:L40) -> 4 | ... N41: =SUM(N39:N40) -> 0 | O41: =SUM(E41:N41) -> 11
A43: IV | B43: DATA RINCIAN PEROLEHAN SUARA PASANGAN CALON BUPATI DAN WAKIL BUPATI
A44: NOMOR DAN NAMA CALON
A45: A.1 | B45: 1. | C45: Partai Kebangkitan Bangsa | E45: 5 | F45: 1 | G45: 1 | H45: 0 | I45: 2 | J45: 3 | K45: 6 | L45: 4 | M45: 11 | N45: 10 | O45: =SUM(E45:N45) -> 43
A46: A.2 | B46: 1 | C46: 1. Dr. Hj. NIHAYATUL WAFIROH, M.A. | E46: 4 | F46: 6 | G46: 3 | H46: 9 | I46: 5 | J46: 8 | K46: 30 | L46: 12 | M46: 26 | N46: 21 | O46: =SUM(E46:N46) -> 124
B47: 2 | C47: 2. H. M. NASIM KHAN | E47: 1 | F47: 0 | G47: 0 | H47: 3 | I47: 2 | J47: 2 | K47: 9 | L47: 1 | M47: 1 | N47: 0 | O47: =SUM(E47:N47) -> 19
B48: 3 | C48: 3. Dr. H. AKIK ZAMAN, M.Pd.I. | E48: 1 | F48: 0 | G48: 1 | H48: 1 | I48: 0 | J48: 2 | K48: 2 | L48: 2 | M48: 1 | N48: 0 | O48: =SUM(E48:N48) -> 10
B49: 4 | C49: 4. AHMAD RIFA'I, S.H. | E49: 3 | F49: 1 | G49: 0 | H49: 0 | I49: 0 | J49: 0 | K49: 0 | L49: 0 | M49: 2 | N49: 0 | O49: =SUM(E49:N49) -> 6
B50: 5 | C50: 5. Drs. H. MAHFUD M.N. | E50: 0 | F50: 0 | G50: 0 | H50: 0 | I50: 0 | J50: 1 | K50: 0 | L50: 0 | M50: 0 | N50: 0 | O50: =SUM(E50:N50) -> 1
B51: 6 | C51: 6. NURHAYATI, S.Pd. | E51: 0 | F51: 0 | G51: 0 | H51: 0 | I51: 0 | J51: 0 | K51: 1 | L51: 0 | M51: 0 | N51: 1 | O51: =SUM(E51:N51) -> 2
B52: 7 | C52: 7. MAFTUHA KISWAH | E52: 0 | F52: 0 | G52: 0 | H52: 1 | I52: 0 | J52: 0 | K52: 0 | L52: 0 | M52: 0 | N52: 0 | O52: =SUM(E52:N52) -> 1
O53: =SUM(E53:N53) -> 0
O54: =SUM(E54:N54) -> 0
A55: B | B55: JUMLAH SUARA SAH PARTAI POLITIK DAN CALON (A1 + A2) | E55: =SUM(E45:E54) -> 14 | F55: =SUM(F45:F54) -> 8 | G55: =SUM(G45:G54) -> 5 | H55: =SUM(H45:H54) -> 14 | I55: =SUM(I45:I54) -> 9 | J55: =SUM(J45:J54) -> 16 | K55: =SUM(K45:K54) -> 48 | L55: =SUM(L45:L54) -> 19 | ... O55: =SUM(O45:O54) -> 206
A57: A.1 | B57: 2. | C57: Partai Gerakan Indonesia Raya | E57: 13 | F57: 6 | G57: 6 | H57: 5 | I57: 4 | J57: 6 | K57: 5 | L57: 14 | M57: 6 | N57: 6 | O57: =SUM(E57:N57) -> 71
A58: A.2 | B58: 1 | C58: 1. SUMAIL ABDULLAH | E58: 7 | F58: 3 | G58: 22 | H58: 7 | I58: 2 | J58: 2 | K58: 0 | L58: 12 | M58: 6 | N58: 0 | O58: =SUM(E58:N58) -> 61
B59: 2 | C59: 2. MUHAMMAD ALI ADRIAN SALEH | E59: 3 | F59: 2 | G59: 2 | H59: 4 | I59: 0 | J59: 4 | K59: 4 | L59: 2 | M59: 0 | N59: 5 | O59: =SUM(E59:N59) -> 26
B60: 3 | C60: 3. DURROTUN NAFISAH | E60: 1 | F60: 0 | G60: 1 | H60: 0 | I60: 0 | J60: 2 | K60: 0 | L60: 0 | M60: 1 | N60: 0 | O60: =SUM(E60:N60) -> 5
B61: 4 | C61: 4. H. EKO SUSILO NURHIDAYAT | E61: 2 | F61: 1 | G61: 7 | H61: 5 | I61: 4 | J61: 3 | K61: 40 | L61: 1 | M61: 29 | N61: 9 | O61: =SUM(E61:N61) -> 101
B62: 5 | C62: 5. KARNADI HARIJANTO, S.S. | E62: 0 | F62: 0 | G62: 1 | H62: 0 | I62: 1 | J62: 1 | K62: 0 | L62: 0 | M62: 0 | N62: 1 | O62: =SUM(E62:N62) -> 4
B63: 6 | C63: 6. NURHAYATI | E63: 1 | F63: 1 | G63: 1 | H63: 1 | I63: 0 | J63: 0 | K63: 0 | L63: 0 | M63: 2 | N63: 0 | O63: =SUM(E63:N63) -> 6
B64: 7 | C64: 7. MASHUDI | E64: 0 | F64: 0 | G64: 0 | H64: 1 | I64: 0 | J64: 0 | K64: 0 | L64: 0 | M64: 1 | N64: 0 | O64: =SUM(E64:N64) -> 2
O65: =SUM(E65:N65) -> 0
O66: =SUM(E66:N66) -> 0
A67: B | B67: JUMLAH SUARA SAH PARTAI POLITIK DAN CALON (A1 + A2) | E67: =SUM(E57:E66) -> 27 | F67: =SUM(F57:F66) -> 13 | G67: =SUM(G57:G66) -> 40 | H67: =SUM(H57:H66) -> 23 | I67: =SUM(I57:I66) -> 11 | J67: =SUM(J57:J66) -> 18 | K67: =SUM(K57:K66) -> 49 | L67: =SUM(L57:L66) -> 29 | ... O67: =SUM(O57:O66) -> 276
A69: A.1 | B69: 3. | C69: Partai Demokrasi Indonesia Perjuangan | E69: 9 | F69: 14 | G69: 5 | H69: 4 | I69: 5 | J69: 4 | K69: 2 | L69: 7 | M69: 4 | N69: 5 | O69: =SUM(E69:N69) -> 59
A70: A.2 | B70: 1 | C70: 1. SONNY TRI DANAPARAMITA, S.H., M.H. | E70: 8 | F70: 7 | G70: 6 | H70: 2 | I70: 5 | J70: 12 | K70: 3 | L70: 13 | M70: 4 | N70: 3 | O70: =SUM(E70:N70) -> 63
B71: 2 | C71: 2. H. MOHAMAD GUNTUR ROMLI | E71: 1 | F71: 7 | G71: 2 | H71: 6 | I71: 2 | J71: 1 | K71: 2 | L71: 5 | M71: 3 | N71: 1 | O71: =SUM(E71:N71) -> 30
B72: 3 | C72: 3. INA AMMANIA | E72: 3 | F72: 0 | G72: 2 | H72: 4 | I72: 0 | J72: 1 | K72: 0 | L72: 3 | M72: 0 | N72: 0 | O72: =SUM(E72:N72) -> 13
B73: 4 | C73: 4. IRWAN BACHTIAR RACHMAT, M.Si. | E73: 0 | F73: 1 | G73: 0 | H73: 2 | I73: 0 | J73: 2 | K73: 1 | L73: 0 | M73: 1 | N73: 0 | O73: =SUM(E73:N73) -> 7
B74: 5 | C74: 5. LUCKY PERDANA | E74: 11 | F74: 23 | G74: 3 | H74: 1 | I74: 7 | J74: 21 | K74: 12 | L74: 9 | M74: 3 | N74: 5 | O74: =SUM(E74:N74) -> 95
B75: 6 | C75: 6. WIWIK PUJIYATI | E75: 1 | F75: 0 | G75: 0 | H75: 1 | I75: 0 | J75: 0 | K75: 1 | L75: 0 | M75: 0 | N75: 0 | O75: =SUM(E75:N75) -> 3
B76: 7 | C76: 7. CHANDRA ASTAN, S.T. | E76: 1 | F76: 0 | G76: 0 | H76: 1 | I76: 9 | J76: 2 | K76: 0 | L76: 1 | M76: 0 | N76: 0 | O76: =SUM(E76:N76) -> 14
O77: =SUM(E77:N77) -> 0
O78: =SUM(E78:N78) -> 0
A79: B | B79: JUMLAH SUARA SAH PARTAI POLITIK DAN CALON (A1 + A2) | E79: =SUM(E69:E78) -> 34 | F79: =SUM(F69:F78) -> 52 | G79: =SUM(G69:G78) -> 18 | H79: =SUM(H69:H78) -> 21 | I79: =SUM(I69:I78) -> 28 | J79: =SUM(J69:J78) -> 43 | K79: =SUM(K69:K78) -> 21 | L79: =SUM(L69:L78) -> 38 | ... O79: =SUM(O69:O78) -> 284
A81: A.1 | B81: 4. | C81: Partai Golongan Karya | E81: 5 | F81: 8 | G81: 2 | H81: 6 | I81: 4 | J81: 5 | K81: 6 | L81: 5 | M81: 6 | N81: 2 | O81: =SUM(E81:N81) -> 49
A82: A.2 | B82: 1 | C82: 1. ZULFIKAR ARSE SADIKIN, S.I.P., M.Si. | E82: 24 | F82: 17 | G82: 6 | H82: 44 | I82: 34 | J82: 60 | K82: 30 | L82: 9 | M82: 6 | N82: 5 | O82: =SUM(E82:N82) -> 235
B83: 2 | C83: 2. HANDOKO | E83: 13 | F83: 14 | G83: 12 | H83: 9 | I83: 7 | J83: 7 | K83: 9 | L83: 4 | M83: 21 | N83: 5 | O83: =SUM(E83:N83) -> 101
B84: 3 | C84: 3. Hj. OVI DEWI YANTI | E84: 0 | F84: 0 | G84: 0 | H84: 0 | I84: 1 | J84: 0 | K84: 2 | L84: 0 | M84: 0 | N84: 0 | O84: =SUM(E84:N84) -> 3
B85: 4 | C85: 4. Ir. AZAM AZMAN NATAWIJANA | E85: 2 | F85: 2 | G85: 0 | H85: 0 | I85: 0 | J85: 1 | K85: 0 | L85: 1 | M85: 2 | N85: 0 | O85: =SUM(E85:N85) -> 8
B86: 5 | C86: 5. UBAIDILLAH AMIN, S.Kom. | E86: 4 | F86: 2 | G86: 0 | H86: 7 | I86: 1 | J86: 3 | K86: 0 | L86: 2 | M86: 2 | N86: 0 | O86: =SUM(E86:N86) -> 21
B87: 6 | C87: 6. DENNY YUNIANDARI, S.H., M.Kn. | E87: 4 | F87: 0 | G87: 2 | H87: 0 | I87: 1 | J87: 0 | K87: 1 | L87: 2 | M87: 1 | N87: 0 | O87: =SUM(E87:N87) -> 11
B88: 7 | C88: 7. ERNADI, S.H.I. | E88: 0 | F88: 0 | G88: 0 | H88: 0 | I88: 0 | J88: 0 | K88: 0 | L88: 0 | M88: 0 | N88: 0 | O88: =SUM(E88:N88) -> 0
O89: =SUM(E89:N89) -> 0
O90: =SUM(E90:N90) -> 0
A91: B | B91: JUMLAH SUARA SAH PARTAI POLITIK DAN CALON (A1 + A2) | E91: =SUM(E81:E90) -> 52 | F91: =SUM(F81:F90) -> 43 | G91: =SUM(G81:G90) -> 22 | H91: =SUM(H81:H90) -> 66 | I91: =SUM(I81:I90) -> 48 | J91: =SUM(J81:J90) -> 76 | K91: =SUM(K81:K90) -> 48 | L91: =SUM(L81:L90) -> 23 | ... O91: =SUM(O81:O90) -> 428
A93: A.1 | B93: 5. | C93: Partai NasDem | E93: 2 | F93: 2 | G93: 0 | H93: 3 | I93: 2 | J93: 0 | K93: 1 | L93: 1 | M93: 1 | N93: 0 | O93: =SUM(E93:N93) -> 12
A94: A.2 | B94: 1 | C94: 1. ACH. FADIL MUZAKKI SYAH | E94: 2 | F94: 2 | G94: 1 | H94: 18 | I94: 6 | J94: 0 | K94: 0 | L94: 1 | M94: 0 | N94: 1 | O94: =SUM(E94:N94) -> 31
B95: 2 | C95: 2. BENY | E95: 0 | F95: 0 | G95: 0 | H95: 0 | I95: 0 | J95: 0 | K95: 0 | L95: 0 | M95: 0 | N95: 0 | O95: =SUM(E95:N95) -> 0
B96: 3 | C96: 3. VINA VERONIKA | E96: 0 | F96: 0 | G96: 0 | H96: 0 | I96: 0 | J96: 0 | K96: 0 | L96: 0 | M96: 0 | N96: 0 | O96: =SUM(E96:N96) -> 0
B97: 4 | C97: 4. TEDDY ANUGRIANTO | E97: 0 | F97: 0 | G97: 0 | H97: 0 | I97: 0 | J97: 1 | K97: 2 | L97: 6 | M97: 1 | N97: 0 | O97: =SUM(E97:N97) -> 10
B98: 5 | C98: 5. INSAN KAMIL | E98: 0 | F98: 0 | G98: 0 | H98: 0 | I98: 0 | J98: 1 | K98: 0 | L98: 0 | M98: 0 | N98: 0 | O98: =SUM(E98:N98) -> 1
B99: 6 | C99: 6. LILIK LINDARWATI | E99: 0 | F99: 0 | G99: 0 | H99: 0 | I99: 0 | J99: 0 | K99: 0 | L99: 0 | M99: 0 | N99: 0 | O99: =SUM(E99:N99) -> 0
B100: 7 | C100: 7. YULI ANITA | E100: 0 | F100: 0 | G100: 0 | H100: 0 | I100: 0 | J100: 0 | K100: 0 | L100: 0 | M100: 0 | N100: 0 | O100: =SUM(E100:N100) -> 0
O101: =SUM(E101:N101) -> 0
O102: =SUM(E102:N102) -> 0
A103: B | B103: JUMLAH SUARA SAH PARTAI POLITIK DAN CALON (A1 + A2) | E103: =SUM(E93:E102) -> 4 | F103: =SUM(F93:F102) -> 4 | G103: =SUM(G93:G102) -> 1 | H103: =SUM(H93:H102) -> 21 | I103: =SUM(I93:I102) -> 8 | J103: =SUM(J93:J102) -> 2 | K103: =SUM(K93:K102) -> 3 | L103: =SUM(L93:L102) -> 8 | ... O103: =SUM(O93:O102) -> 54
A105: A.1 | B105: 6. | C105: Partai Buruh | E105: 0 | F105: 3 | G105: 1 | H105: 1 | I105: 0 | J105: 1 | K105: 2 | L105: 0 | M105: 2 | N105: 1 | O105: =SUM(E105:N105) -> 11
A106: A.2 | B106: 1 | C106: 1. KHOIRUL ANAM | E106: 0 | F106: 0 | G106: 0 | H106: 1 | I106: 1 | J106: 0 | K106: 0 | L106: 0 | M106: 0 | N106: 0 | O106: =SUM(E106:N106) -> 2
B107: 2 | C107: 2. INA KURNIA | E107: 1 | F107: 0 | G107: 0 | H107: 1 | I107: 0 | J107: 0 | K107: 0 | L107: 1 | M107: 0 | N107: 0 | O107: =SUM(E107:N107) -> 3
B108: 3 | C108: 3. JIBRAL TAROUK | E108: 0 | F108: 0 | G108: 0 | H108: 0 | I108: 0 | J108: 0 | K108: 0 | L108: 0 | M108: 0 | N108: 0 | O108: =SUM(E108:N108) -> 0
B109: 4 | C109: 4. ASTUTI DAENG PUJI | E109: 1 | F109: 0 | G109: 0 | H109: 0 | I109: 0 | J109: 0 | K109: 0 | L109: 0 | M109: 0 | N109: 0 | O109: =SUM(E109:N109) -> 1
B110: 5 | C110: 5. ASDARMAWAN | E110: 0 | F110: 0 | G110: 0 | H110: 0 | I110: 0 | J110: 0 | K110: 0 | L110: 0 | M110: 0 | N110: 0 | O110: =SUM(E110:N110) -> 0
B111: 6 | C111: 6. RIFQI MUBAROK | E111: 0 | F111: 0 | G111: 0 | H111: 1 | I111: 0 | J111: 0 | K111: 0 | L111: 0 | M111: 0 | N111: 0 | O111: =SUM(E111:N111) -> 1
B112: 7 | C112: 7. FIRNANDA ALTA MEGA | E112: 0 | F112: 0 | G112: 0 | H112: 0 | I112: 0 | J112: 0 | K112: 0 | L112: 0 | M112: 0 | N112: 0 | O112: =SUM(E112:N112) -> 0
O113: =SUM(E113:N113) -> 0
O114: =SUM(E114:N114) -> 0
A115: B | B115: JUMLAH SUARA SAH PARTAI POLITIK DAN CALON (A1 + A2) | E115: =SUM(E105:E114) -> 2 | F115: =SUM(F105:F114) -> 3 | G115: =SUM(G105:G114) -> 1 | H115: =SUM(H105:H114) -> 4 | I115: =SUM(I105:I114) -> 1 | J115: =SUM(J105:J114) -> 1 | K115: =SUM(K105:K114) -> 2 | L115: =SUM(L105:L114) -> 1 | ... O115: =SUM(O105:O114) -> 18
A117: A.1 | B117: 7. | C117: Partai Gelombang Rakyat Indonesia | E117: 0 | F117: 1 | G117: 0 | H117: 0 | I117: 0 | J117: 0 | K117: 0 | L117: 0 | M117: 1 | N117: 1 | O117: =SUM(E117:N117) -> 3
...

Sheet MANGIR
C2: Kecamatan | D2: ROGOJAMPI
C3: Kabupaten | D3: BANYUWANGI
C4: Provinsi | D4: JAWA TIMUR
C9: Kelurahan | D9: MANGIR
A12: I | B12: DATA PEMILIH DAN PENGGUNAAN HAK PILIH | S12: JUMLAH AKHIR
A13: A | B13: DATA PEMILIH | E13: TPS 001 | F13: TPS 002 | G13: TPS 003 | H13: TPS 004 | I13: TPS 005 | J13: TPS 006 | K13: TPS 007 | L13: TPS 008 | M13: TPS 009 | N13: TPS 010 | O13: TPS 011 | P13: TPS 012 | Q13: TPS 013 | R13: TPS 014
B14: Jumlah Pemilih dalam Daftar Pemilih Tetap (DPT) | D14: LK | E14: 146 | F14: 121 | G14: 131 | H14: 119 | I14: 136 | J14: 114 | K14: 105 | L14: 122 | M14: 115 | N14: 128 | O14: 139 | P14: 134 | Q14: 116 | R14: 120 | S14: =SUM(E14:R14) -> 1746
D15: PR | E15: 137 | F15: 124 | G15: 144 | H15: 121 | I15: 152 | J15: 97 | K15: 93 | L15: 123 | M15: 111 | N15: 114 | O15: 143 | P15: 143 | Q15: 108 | R15: 130 | S15: =SUM(E15:R15) -> 1740
D16: JML | E16: =SUM(E14:E15) -> 283 | F16: =SUM(F14:F15) -> 245 | G16: =SUM(G14:G15) -> 275 | H16: =SUM(H14:H15) -> 240 | I16: =SUM(I14:I15) -> 288 | J16: =SUM(J14:J15) -> 211 | K16: =SUM(K14:K15) -> 198 | L16: =SUM(L14:L15) -> 245 | ... R16: =SUM(R14:R15) -> 250 | S16: =SUM(E16:R16) -> 3486
A18: B | B18: PENGGUNA HAK PILIH
B19: 1. | C19: Jumlah pengguna hak pilih dalam Daftar Pemilih Tetap (DPT) | D19: LK | E19: 110 | F19: 100 | G19: 112 | H19: 95 | I19: 98 | J19: 90 | K19: 89 | L19: 96 | M19: 85 | N19: 95 | O19: 117 | P19: 111 | Q19: 82 | R19: 100 | S19: =SUM(E19:R19) -> 1380
D20: PR | E20: 110 | F20: 106 | G20: 126 | H20: 99 | I20: 116 | J20: 81 | K20: 82 | L20: 103 | M20: 91 | N20: 93 | O20: 124 | P20: 125 | Q20: 82 | R20: 115 | S20: =SUM(E20:R20) -> 1453
D21: JML | E21: =SUM(E19:E20) -> 220 | F21: =SUM(F19:F20) -> 206 | G21: =SUM(G19:G20) -> 238 | H21: =SUM(H19:H20) -> 194 | I21: =SUM(I19:I20) -> 214 | J21: =SUM(J19:J20) -> 171 | K21: =SUM(K19:K20) -> 171 | L21: =SUM(L19:L20) -> 199 | ... R21: =SUM(R19:R20) -> 215 | S21: =SUM(E21:R21) -> 2833
B22: 2. | C22: Jumlah pengguna hak pilih dalam Daftar Pemilih Tambahan (DPTb) | D22: LK | E22: 0 | F22: 0 | G22: 0 | H22: 3 | I22: 0 | J22: 1 | K22: 0 | L22: 1 | M22: 0 | N22: 0 | O22: 0 | P22: 1 | Q22: 0 | R22: 0 | S22: =SUM(E22:R22) -> 6
D23: PR | E23: 0 | F23: 0 | G23: 0 | H23: 2 | I23: 2 | J23: 1 | K23: 1 | L23: 0 | M23: 1 | N23: 0 | O23: 0 | P23: 1 | Q23: 1 | R23: 0 | S23: =SUM(E23:R23) -> 9
D24: JML | E24: =SUM(E22:E23) -> 0 | F24: =SUM(F22:F23) -> 0 | G24: =SUM(G22:G23) -> 0 | H24: =SUM(H22:H23) -> 5 | I24: =SUM(I22:I23) -> 2 | J24: =SUM(J22:J23) -> 2 | K24: =SUM(K22:K23) -> 1 | L24: =SUM(L22:L23) -> 1 | ... R24: =SUM(R22:R23) -> 0 | S24: =SUM(E24:R24) -> 15
B25: 3. | C25: Jumlah pengguna hak pilih dalam Daftar Pemilih Khusus (DPK) | D25: LK | E25: 2 | F25: 1 | G25: 0 | H25: 1 | I25: 0 | J25: 0 | K25: 0 | L25: 2 | M25: 0 | N25: 3 | O25: 0 | P25: 2 | Q25: 4 | R25: 0 | S25: =SUM(E25:R25) -> 15
D26: PR | E26: 4 | F26: 1 | G26: 0 | H26: 0 | I26: 1 | J26: 0 | K26: 2 | L26: 3 | M26: 3 | N26: 3 | O26: 3 | P26: 1 | Q26: 2 | R26: 0 | S26: =SUM(E26:R26) -> 23
D27: JML | E27: =SUM(E25:E26) -> 6 | F27: =SUM(F25:F26) -> 2 | G27: =SUM(G25:G26) -> 0 | H27: =SUM(H25:H26) -> 1 | I27: =SUM(I25:I26) -> 1 | J27: =SUM(J25:J26) -> 0 | K27: =SUM(K25:K26) -> 2 | L27: =SUM(L25:L26) -> 5 | ... R27: =SUM(R25:R26) -> 0 | S27: =SUM(E27:R27) -> 38
B28: 4. | C28: Jumlah Pengguna Hak Pilih (B.1+B.2+B.3) | D28: LK | E28: =SUM(E19,E22,E25) -> 112 | F28: =SUM(F19,F22,F25) -> 101 | G28: =SUM(G19,G22,G25) -> 112 | H28: =SUM(H19,H22,H25) -> 99 | I28: =SUM(I19,I22,I25) -> 98 | J28: =SUM(J19,J22,J25) -> 91 | K28: =SUM(K19,K22,K25) -> 89 | L28: =SUM(L19,L22,L25) -> 99 | ... R28: =SUM(R19,R22,R25) -> 100 | S28: =SUM(E28:R28) -> 1401
D29: PR | E29: =SUM(E20,E23,E26) -> 114 | F29: =SUM(F20,F23,F26) -> 107 | G29: =SUM(G20,G23,G26) -> 126 | H29: =SUM(H20,H23,H26) -> 101 | I29: =SUM(I20,I23,I26) -> 119 | J29: =SUM(J20,J23,J26) -> 82 | K29: =SUM(K20,K23,K26) -> 85 | L29: =SUM(L20,L23,L26) -> 106 | ... R29: =SUM(R20,R23,R26) -> 115 | S29: =SUM(E29:R29) -> 1485
D30: JML | E30: =SUM(E28:E29) -> 226 | F30: =SUM(F28:F29) -> 208 | G30: =SUM(G28:G29) -> 238 | H30: =SUM(H28:H29) -> 200 | I30: =SUM(I28:I29) -> 217 | J30: =SUM(J28:J29) -> 173 | K30: =SUM(K28:K29) -> 174 | L30: =SUM(L28:L29) -> 205 | ... R30: =SUM(R28:R29) -> 215 | S30: =SUM(E30:R30) -> 2886
A32: II | B32: DATA PENGGUNAAN SURAT SUARA
A33: 1 | B33: Jumlah surat suara yang diterima, termasuk surat suara cadangan 2,5% dari DPT | E33: 289 | F33: 250 | G33: 281 | H33: 245 | I33: 294 | J33: 216 | K33: 201 | L33: 250 | M33: 231 | N33: 247 | O33: 288 | P33: 283 | Q33: 229 | R33: 255 | S33: =SUM(E33:R33) -> 3559
A34: 2 | B34: Jumlah surat suara yang digunakan | E34: 226 | F34: 208 | G34: 238 | H34: 200 | I34: 217 | J34: 173 | K34: 174 | L34: 205 | M34: 180 | N34: 194 | O34: 244 | P34: 241 | Q34: 171 | R34: 215 | S34: =SUM(E34:R34) -> 2886
A35: 3 | B35: Jumlah surat suara dikembalikan oleh pemilih (karena rusak atau keliru coblos) | E35: 0 | F35: 0 | G35: 0 | H35: 1 | I35: 0 | J35: 0 | K35: 0 | L35: 0 | M35: 0 | N35: 0 | O35: 0 | P35: 0 | Q35: 0 | R35: 0 | S35: =SUM(E35:R35) -> 1
A36: 4 | B36: Jumlah surat suara yang tidak digunakan/tidak terpakai, termasuk sisa surat suara cadangan | E36: =E33-(E34+E35) -> 63 | F36: =F33-(F34+F35) -> 42 | G36: =G33-(G34+G35) -> 43 | H36: =H33-(H34+H35) -> 44 | I36: =I33-(I34+I35) -> 77 | J36: =J33-(J34+J35) -> 43 | K36: =K33-(K34+K35) -> 27 | L36: =L33-(L34+L35) -> 45 | ... R36: =R33-(R34+R35) -> 40 | S36: =SUM(E36:R36) -> 672
A38: III | B38: DATA PEMILIH DISABILITAS
B39: Jumlah seluruh Pemilih disabilitas yang menggunakan hak pilih | D39: LK | E39: 0 | F39: 0 | G39: 0 | H39: 0 | I39: 0 | J39: 0 | K39: 0 | L39: 2 | M39: 2 | N39: 0 | O39: 0 | P39: 0 | Q39: 1 | R39: 0 | S39: =SUM(E39:R39) -> 5
D40: PR | E40: 0 | F40: 6 | G40: 0 | H40: 0 | I40: 0 | J40: 0 | K40: 0 | L40: 0 | M40: 2 | N40: 0 | O40: 0 | P40: 0 | Q40: 0 | R40: 0 | S40: =SUM(E40:R40) -> 8
D41: JML | E41: =SUM(E39:E40) -> 0 | F41: =SUM(F39:F40) -> 6 | G41: =SUM(G39:G40) -> 0 | H41: =SUM(H39:H40) -> 0 | I41: =SUM(I39:I40) -> 0 | J41: =SUM(J39:J40) -> 0 | K41: =SUM(K39:K40) -> 0 | L41: =SUM(L39:L40) -> 2 | ... R41: =SUM(R39:R40) -> 0 | S41: =SUM(E41:R41) -> 13
A43: IV | B43: DATA RINCIAN PEROLEHAN SUARA PASANGAN CALON BUPATI DAN WAKIL BUPATI
A44: NOMOR DAN NAMA CALON
A45: A.1 | B45: 1. | C45: Partai Kebangkitan Bangsa | E45: 6 | F45: 1 | G45: 2 | H45: 4 | I45: 3 | J45: 4 | K45: 3 | L45: 1 | M45: 8 | N45: 1 | O45: 7 | P45: 8 | Q45: 3 | R45: 3 | S45: =SUM(E45:R45) -> 54
A46: A.2 | B46: 1 | C46: 1. Dr. Hj. NIHAYATUL WAFIROH, M.A. | E46: 7 | F46: 6 | G46: 17 | H46: 10 | I46: 14 | J46: 9 | K46: 2 | L46: 1 | M46: 6 | N46: 2 | O46: 29 | P46: 39 | Q46: 11 | R46: 11 | S46: =SUM(E46:R46) -> 164
B47: 2 | C47: 2. H. M. NASIM KHAN | E47: 1 | F47: 22 | G47: 1 | H47: 0 | I47: 2 | J47: 1 | K47: 1 | L47: 0 | M47: 3 | N47: 1 | O47: 1 | P47: 1 | Q47: 0 | R47: 0 | S47: =SUM(E47:R47) -> 34
B48: 3 | C48: 3. Dr. H. AKIK ZAMAN, M.Pd.I. | E48: 0 | F48: 0 | G48: 1 | H48: 3 | I48: 0 | J48: 0 | K48: 0 | L48: 0 | M48: 0 | N48: 0 | O48: 0 | P48: 1 | Q48: 0 | R48: 0 | S48: =SUM(E48:R48) -> 5
B49: 4 | C49: 4. AHMAD RIFA'I, S.H. | E49: 0 | F49: 1 | G49: 1 | H49: 5 | I49: 0 | J49: 0 | K49: 0 | L49: 0 | M49: 1 | N49: 1 | O49: 0 | P49: 0 | Q49: 0 | R49: 0 | S49: =SUM(E49:R49) -> 9
B50: 5 | C50: 5. Drs. H. MAHFUD M.N. | E50: 0 | F50: 0 | G50: 0 | H50: 1 | I50: 0 | J50: 0 | K50: 0 | L50: 0 | M50: 0 | N50: 0 | O50: 1 | P50: 0 | Q50: 0 | R50: 0 | S50: =SUM(E50:R50) -> 2
B51: 6 | C51: 6. NURHAYATI, S.Pd. | E51: 0 | F51: 0 | G51: 0 | H51: 0 | I51: 0 | J51: 0 | K51: 0 | L51: 0 | M51: 0 | N51: 0 | O51: 1 | P51: 0 | Q51: 0 | R51: 0 | S51: =SUM(E51:R51) -> 1
B52: 7 | C52: 7. MAFTUHA KISWAH | E52: 0 | F52: 0 | G52: 0 | H52: 0 | I52: 0 | J52: 0 | K52: 0 | L52: 0 | M52: 0 | N52: 0 | O52: 0 | P52: 0 | Q52: 0 | R52: 0 | S52: =SUM(E52:R52) -> 0
S53: =SUM(E53:R53) -> 0
S54: =SUM(E54:R54) -> 0
A55: B | B55: JUMLAH SUARA SAH PARTAI POLITIK DAN CALON (A1 + A2) | E55: =SUM(E45:E54) -> 14 | F55: =SUM(F45:F54) -> 30 | G55: =SUM(G45:G54) -> 22 | H55: =SUM(H45:H54) -> 23 | I55: =SUM(I45:I54) -> 19 | J55: =SUM(J45:J54) -> 14 | K55: =SUM(K45:K54) -> 6 | L55: =SUM(L45:L54) -> 2 | ... S55: =SUM(S45:S54) -> 269
A57: A.1 | B57: 2. | C57: Partai Gerakan Indonesia Raya | E57: 18 | F57: 17 | G57: 10 | H57: 6 | I57: 21 | J57: 17 | K57: 8 | L57: 4 | M57: 8 | N57: 14 | O57: 12 | P57: 12 | Q57: 5 | R57: 7 | S57: =SUM(E57:R57) -> 159
A58: A.2 | B58: 1 | C58: 1. SUMAIL ABDULLAH | E58: 101 | F58: 65 | G58: 100 | H58: 40 | I58: 61 | J58: 41 | K58: 49 | L58: 16 | M58: 36 | N58: 50 | O58: 46 | P58: 54 | Q58: 9 | R58: 45 | S58: =SUM(E58:R58) -> 713
B59: 2 | C59: 2. MUHAMMAD ALI ADRIAN SALEH | E59: 3 | F59: 5 | G59: 13 | H59: 7 | I59: 7 | J59: 3 | K59: 4 | L59: 2 | M59: 4 | N59: 5 | O59: 9 | P59: 10 | Q59: 1 | R59: 7 | S59: =SUM(E59:R59) -> 80
B60: 3 | C60: 3. DURROTUN NAFISAH | E60: 0 | F60: 0 | G60: 1 | H60: 1 | I60: 0 | J60: 5 | K60: 2 | L60: 0 | M60: 0 | N60: 0 | O60: 0 | P60: 1 | Q60: 0 | R60: 0 | S60: =SUM(E60:R60) -> 10
B61: 4 | C61: 4. H. EKO SUSILO NURHIDAYAT | E61: 1 | F61: 0 | G61: 1 | H61: 0 | I61: 2 | J61: 0 | K61: 0 | L61: 0 | M61: 3 | N61: 1 | O61: 2 | P61: 0 | Q61: 0 | R61: 0 | S61: =SUM(E61:R61) -> 10
B62: 5 | C62: 5. KARNADI HARIJANTO, S.S. | E62: 0 | F62: 0 | G62: 0 | H62: 2 | I62: 0 | J62: 0 | K62: 1 | L62: 0 | M62: 1 | N62: 0 | O62: 0 | P62: 0 | Q62: 0 | R62: 1 | S62: =SUM(E62:R62) -> 5
B63: 6 | C63: 6. NURHAYATI | E63: 1 | F63: 2 | G63: 1 | H63: 0 | I63: 0 | J63: 1 | K63: 0 | L63: 0 | M63: 1 | N63: 2 | O63: 0 | P63: 0 | Q63: 0 | R63: 0 | S63: =SUM(E63:R63) -> 8
B64: 7 | C64: 7. MASHUDI | E64: 0 | F64: 0 | G64: 0 | H64: 0 | I64: 2 | J64: 0 | K64: 0 | L64: 0 | M64: 0 | N64: 0 | O64: 0 | P64: 0 | Q64: 0 | R64: 0 | S64: =SUM(E64:R64) -> 2
S65: =SUM(E65:R65) -> 0
S66: =SUM(E66:R66) -> 0
A67: B | B67: JUMLAH SUARA SAH PARTAI POLITIK DAN CALON (A1 + A2) | E67: =SUM(E57:E66) -> 124 | F67: =SUM(F57:F66) -> 89 | G67: =SUM(G57:G66) -> 126 | H67: =SUM(H57:H66) -> 56 | I67: =SUM(I57:I66) -> 93 | J67: =SUM(J57:J66) -> 67 | K67: =SUM(K57:K66) -> 64 | L67: =SUM(L57:L66) -> 22 | ... S67: =SUM(S57:S66) -> 987
A69: A.1 | B69: 3. | C69: Partai Demokrasi Indonesia Perjuangan | E69: 4 | F69: 3 | G69: 4 | H69: 4 | I69: 11 | J69: 4 | K69: 12 | L69: 1 | M69: 4 | N69: 16 | O69: 11 | P69: 8 | Q69: 0 | R69: 2 | S69: =SUM(E69:R69) -> 84
A70: A.2 | B70: 1 | C70: 1. SONNY TRI DANAPARAMITA, S.H., M.H. | E70: 1 | F70: 4 | G70: 5 | H70: 3 | I70: 12 | J70: 4 | K70: 2 | L70: 2 | M70: 9 | N70: 8 | O70: 6 | P70: 1 | Q70: 0 | R70: 0 | S70: =SUM(E70:R70) -> 57
B71: 2 | C71: 2. H. MOHAMAD GUNTUR ROMLI | E71: 0 | F71: 3 | G71: 3 | H71: 4 | I71: 7 | J71: 3 | K71: 7 | L71: 2 | M71: 14 | N71: 11 | O71: 4 | P71: 2 | Q71: 1 | R71: 1 | S71: =SUM(E71:R71) -> 62
B72: 3 | C72: 3. INA AMMANIA | E72: 1 | F72: 1 | G72: 1 | H72: 1 | I72: 1 | J72: 1 | K72: 2 | L72: 0 | M72: 4 | N72: 6 | O72: 14 | P72: 3 | Q72: 0 | R72: 0 | S72: =SUM(E72:R72) -> 35
B73: 4 | C73: 4. IRWAN BACHTIAR RACHMAT, M.Si. | E73: 1 | F73: 0 | G73: 0 | H73: 0 | I73: 0 | J73: 0 | K73: 2 | L73: 0 | M73: 1 | N73: 1 | O73: 2 | P73: 1 | Q73: 0 | R73: 0 | S73: =SUM(E73:R73) -> 8
B74: 5 | C74: 5. LUCKY PERDANA | E74: 4 | F74: 0 | G74: 5 | H74: 1 | I74: 4 | J74: 2 | K74: 4 | L74: 0 | M74: 4 | N74: 3 | O74: 2 | P74: 1 | Q74: 2 | R74: 0 | S74: =SUM(E74:R74) -> 32
B75: 6 | C75: 6. WIWIK PUJIYATI | E75: 1 | F75: 1 | G75: 1 | H75: 0 | I75: 0 | J75: 0 | K75: 1 | L75: 0 | M75: 3 | N75: 1 | O75: 2 | P75: 0 | Q75: 0 | R75: 0 | S75: =SUM(E75:R75) -> 10
B76: 7 | C76: 7. CHANDRA ASTAN, S.T. | E76: 1 | F76: 0 | G76: 2 | H76: 0 | I76: 0 | J76: 1 | K76: 0 | L76: 0 | M76: 0 | N76: 0 | O76: 0 | P76: 2 | Q76: 0 | R76: 0 | S76: =SUM(E76:R76) -> 6
S77: =SUM(E77:R77) -> 0
S78: =SUM(E78:R78) -> 0
A79: B | B79: JUMLAH SUARA SAH PARTAI POLITIK DAN CALON (A1 + A2) | E79: =SUM(E69:E78) -> 13 | F79: =SUM(F69:F78) -> 12 | G79: =SUM(G69:G78) -> 21 | H79: =SUM(H69:H78) -> 13 | I79: =SUM(I69:I78) -> 35 | J79: =SUM(J69:J78) -> 15 | K79: =SUM(K69:K78) -> 30 | L79: =SUM(L69:L78) -> 5 | ... S79: =SUM(S69:S78) -> 294
A81: A.1 | B81: 4. | C81: Partai Golongan Karya | E81: 0 | F81: 4 | G81: 0 | H81: 6 | I81: 0 | J81: 0 | K81: 4 | L81: 8 | M81: 0 | N81: 2 | O81: 1 | P81: 2 | Q81: 1 | R81: 0 | S81: =SUM(E81:R81) -> 28
A82: A.2 | B82: 1 | C82: 1. ZULFIKAR ARSE SADIKIN, S.I.P., M.Si. | E82: 0 | F82: 0 | G82: 1 | H82: 3 | I82: 4 | J82: 6 | K82: 25 | L82: 118 | M82: 5 | N82: 0 | O82: 4 | P82: 1 | Q82: 0 | R82: 0 | S82: =SUM(E82:R82) -> 167
B83: 2 | C83: 2. HANDOKO | E83: 0 | F83: 3 | G83: 2 | H83: 3 | I83: 4 | J83: 0 | K83: 1 | L83: 1 | M83: 2 | N83: 0 | O83: 1 | P83: 4 | Q83: 0 | R83: 0 | S83: =SUM(E83:R83) -> 21
B84: 3 | C84: 3. Hj. OVI DEWI YANTI | E84: 2 | F84: 0 | G84: 0 | H84: 0 | I84: 1 | J84: 0 | K84: 2 | L84: 0 | M84: 1 | N84: 0 | O84: 0 | P84: 0 | Q84: 0 | R84: 0 | S84: =SUM(E84:R84) -> 6
B85: 4 | C85: 4. Ir. AZAM AZMAN NATAWIJANA | E85: 0 | F85: 0 | G85: 0 | H85: 1 | I85: 0 | J85: 0 | K85: 0 | L85: 0 | M85: 0 | N85: 0 | O85: 0 | P85: 0 | Q85: 0 | R85: 0 | S85: =SUM(E85:R85) -> 1
B86: 5 | C86: 5. UBAIDILLAH AMIN, S.Kom. | E86: 1 | F86: 2 | G86: 1 | H86: 3 | I86: 0 | J86: 2 | K86: 0 | L86: 6 | M86: 1 | N86: 1 | O86: 3 | P86: 1 | Q86: 1 | R86: 0 | S86: =SUM(E86:R86) -> 22
B87: 6 | C87: 6. DENNY YUNIANDARI, S.H., M.Kn. | E87: 0 | F87: 2 | G87: 0 | H87: 1 | I87: 0 | J87: 0 | K87: 0 | L87: 0 | M87: 1 | N87: 0 | O87: 0 | P87: 0 | Q87: 0 | R87: 0 | S87: =SUM(E87:R87) -> 4
B88: 7 | C88: 7. ERNADI, S.H.I. | E88: 0 | F88: 0 | G88: 0 | H88: 0 | I88: 0 | J88: 0 | K88: 0 | L88: 0 | M88: 0 | N88: 0 | O88: 0 | P88: 0 | Q88: 0 | R88: 0 | S88: =SUM(E88:R88) -> 0
S89: =SUM(E89:R89) -> 0
S90: =SUM(E90:R90) -> 0
A91: B | B91: JUMLAH SUARA SAH PARTAI POLITIK DAN CALON (A1 + A2) | E91: =SUM(E81:E90) -> 3 | F91: =SUM(F81:F90) -> 11 | G91: =SUM(G81:G90) -> 4 | H91: =SUM(H81:H90) -> 17 | I91: =SUM(I81:I90) -> 9 | J91: =SUM(J81:J90) -> 8 | K91: =SUM(K81:K90) -> 32 | L91: =SUM(L81:L90) -> 133 | ... S91: =SUM(S81:S90) -> 249
A93: A.1 | B93: 5. | C93: Partai NasDem | E93: 0 | F93: 0 | G93: 0 | H93: 0 | I93: 1 | J93: 0 | K93: 0 | L93: 0 | M93: 1 | N93: 0 | O93: 3 | P93: 1 | Q93: 2 | R93: 0 | S93: =SUM(E93:R93) -> 8
A94: A.2 | B94: 1 | C94: 1. ACH. FADIL MUZAKKI SYAH | E94: 5 | F94: 3 | G94: 2 | H94: 0 | I94: 3 | J94: 8 | K94: 3 | L94: 3 | M94: 4 | N94: 7 | O94: 6 | P94: 4 | Q94: 49 | R94: 18 | S94: =SUM(E94:R94) -> 115
B95: 2 | C95: 2. BENY | E95: 0 | F95: 1 | G95: 0 | H95: 0 | I95: 1 | J95: 0 | K95: 0 | L95: 0 | M95: 0 | N95: 0 | O95: 1 | P95: 0 | Q95: 2 | R95: 1 | S95: =SUM(E95:R95) -> 6
B96: 3 | C96: 3. VINA VERONIKA | E96: 0 | F96: 0 | G96: 0 | H96: 0 | I96: 0 | J96: 0 | K96: 0 | L96: 0 | M96: 0 | N96: 0 | O96: 0 | P96: 0 | Q96: 0 | R96: 0 | S96: =SUM(E96:R96) -> 0
B97: 4 | C97: 4. TEDDY ANUGRIANTO | E97: 1 | F97: 1 | G97: 0 | H97: 0 | I97: 0 | J97: 0 | K97: 0 | L97: 1 | M97: 1 | N97: 0 | O97: 1 | P97: 0 | Q97: 0 | R97: 0 | S97: =SUM(E97:R97) -> 5
B98: 5 | C98: 5. INSAN KAMIL | E98: 0 | F98: 0 | G98: 0 | H98: 0 | I98: 0 | J98: 0 | K98: 0 | L98: 0 | M98: 0 | N98: 0 | O98: 0 | P98: 0 | Q98: 0 | R98: 0 | S98: =SUM(E98:R98) -> 0
B99: 6 | C99: 6. LILIK LINDARWATI | E99: 0 | F99: 0 | G99: 0 | H99: 0 | I99: 0 | J99: 0 | K99: 0 | L99: 0 | M99: 0 | N99: 1 | O99: 0 | P99: 0 | Q99: 0 | R99: 0 | S99: =SUM(E99:R99) -> 1
B100: 7 | C100: 7. YULI ANITA | E100: 0 | F100: 0 | G100: 0 | H100: 0 | I100: 0 | J100: 0 | K100: 0 | L100: 0 | M100: 0 | N100: 0 | O100: 0 | P100: 0 | Q100: 0 | R100: 0 | S100: =SUM(E100:R100) -> 0
S101: =SUM(E101:R101) -> 0
S102: =SUM(E102:R102) -> 0
A103: B | B103: JUMLAH SUARA SAH PARTAI POLITIK DAN CALON (A1 + A2) | E103: =SUM(E93:E102) -> 6 | F103: =SUM(F93:F102) -> 5 | G103: =SUM(G93:G102) -> 2 | H103: =SUM(H93:H102) -> 0 | I103: =SUM(I93:I102) -> 5 | J103: =SUM(J93:J102) -> 8 | K103: =SUM(K93:K102) -> 3 | L103: =SUM(L93:L102) -> 4 | ... S103: =SUM(S93:S102) -> 135
A105: A.1 | B105: 6. | C105: Partai Buruh | E105: 1 | F105: 0 | G105: 0 | H105: 0 | I105: 1 | J105: 3 | K105: 0 | L105: 0 | M105: 1 | N105: 2 | O105: 0 | P105: 0 | Q105: 0 | R105: 0 | S105: =SUM(E105:R105) -> 8
A106: A.2 | B106: 1 | C106: 1. KHOIRUL ANAM | E106: 0 | F106: 0 | G106: 0 | H106: 0 | I106: 0 | J106: 0 | K106: 0 | L106: 0 | M106: 0 | N106: 0 | O106: 0 | P106: 0 | Q106: 0 | R106: 0 | S106: =SUM(E106:R106) -> 0
B107: 2 | C107: 2. INA KURNIA | E107: 0 | F107: 0 | G107: 0 | H107: 0 | I107: 0 | J107: 0 | K107: 0 | L107: 0 | M107: 0 | N107: 1 | O107: 0 | P107: 0 | Q107: 1 | R107: 0 | S107: =SUM(E107:R107) -> 2
B108: 3 | C108: 3. JIBRAL TAROUK | E108: 0 | F108: 0 | G108: 0 | H108: 0 | I108: 0 | J108: 0 | K108: 0 | L108: 0 | M108: 1 | N108: 0 | O108: 0 | P108: 0 | Q108: 0 | R108: 0 | S108: =SUM(E108:R108) -> 1
B109: 4 | C109: 4. ASTUTI DAENG PUJI | E109: 0 | F109: 0 | G109: 0 | H109: 0 | I109: 0 | J109: 1 | K109: 0 | L109: 0 | M109: 0 | N109: 0 | O109: 0 | P109: 0 | Q109: 0 | R109: 0 | S109: =SUM(E109:R109) -> 1
B110: 5 | C110: 5. ASDARMAWAN | E110: 0 | F110: 0 | G110: 0 | H110: 0 | I110: 0 | J110: 0 | K110: 0 | L110: 0 | M110: 1 | N110: 0 | O110: 0 | P110: 0 | Q110: 0 | R110: 0 | S110: =SUM(E110:R110) -> 1
B111: 6 | C111: 6. RIFQI MUBAROK | E111: 0 | F111: 0 | G111: 0 | H111: 0 | I111: 1 | J111: 0 | K111: 1 | L111: 0 | M111: 1 | N111: 0 | O111: 0 | P111: 0 | Q111: 0 | R111: 0 | S111: =SUM(E111:R111) -> 3
B112: 7 | C112: 7. FIRNANDA ALTA MEGA | E112: 0 | F112: 0 | G112: 0 | H112: 0 | I112: 0 | J112: 0 | K112: 0 | L112: 0 | M112: 0 | N112: 0 | O112: 0 | P112: 0 | Q112: 0 | R112: 0 | S112: =SUM(E112:R112) -> 0
S113: =SUM(E113:R113) -> 0
S114: =SUM(E114:R114) -> 0
A115: B | B115: JUMLAH SUARA SAH PARTAI POLITIK DAN CALON (A1 + A2) | E115: =SUM(E105:E114) -> 1 | F115: =SUM(F105:F114) -> 0 | G115: =SUM(G105:G114) -> 0 | H115: =SUM(H105:H114) -> 0 | I115: =SUM(I105:I114) -> 2 | J115: =SUM(J105:J114) -> 4 | K115: =SUM(K105:K114) -> 1 | L115: =SUM(L105:L114) -> 0 | ... S115: =SUM(S105:S114) -> 16
A117: A.1 | B117: 7. | C117: Partai Gelombang Rakyat Indonesia | E117: 1 | F117: 0 | G117: 0 | H117: 1 | I117: 1 | J117: 2 | K117: 0 | L117: 0 | M117: 0 | N117: 0 | O117: 0 | P117: 0 | Q117: 1 | R117: 0 | S117: =SUM(E117:R117) -> 6
...

Sheet PENGATIGAN
C2: Kecamatan | D2: ROGOJAMPI
C3: Kabupaten | D3: BANYUWANGI
C4: Provinsi | D4: JAWA TIMUR
C9: Kelurahan | D9: PENGATIGAN
A12: I | B12: DATA PEMILIH DAN PENGGUNAAN HAK PILIH | Y12: JUMLAH AKHIR
A13: A | B13: DATA PEMILIH | E13: TPS 001 | F13: TPS 002 | G13: TPS 003 | H13: TPS 004 | I13: TPS 005 | J13: TPS 006 | K13: TPS 007 | L13: TPS 008 | M13: TPS 009 | N13: TPS 010 | O13: TPS 011 | P13: TPS 012 | Q13: TPS 013 | R13: TPS 014 | S13: TPS 015 | T13: TPS 016 | U13: TPS 017 | V13: TPS 018 | W13: TPS 019 | X13: TPS 020
B14: Jumlah Pemilih dalam Daftar Pemilih Tetap (DPT) | D14: LK | E14: 139 | F14: 141 | G14: 132 | H14: 92 | I14: 127 | J14: 149 | K14: 145 | L14: 134 | M14: 146 | N14: 142 | O14: 103 | P14: 113 | Q14: 126 | R14: 127 | S14: 124 | T14: 135 | U14: 146 | V14: 135 | W14: 133 | X14: 126 | Y14: =SUM(E14:X14) -> 2615
D15: PR | E15: 142 | F15: 137 | G15: 141 | H15: 104 | I15: 140 | J15: 135 | K15: 141 | L15: 151 | M15: 131 | N15: 134 | O15: 119 | P15: 129 | Q15: 148 | R15: 119 | S15: 121 | T15: 152 | U15: 143 | V15: 146 | W15: 144 | X15: 147 | Y15: =SUM(E15:X15) -> 2724
D16: JML | E16: =SUM(E14:E15) -> 281 | F16: =SUM(F14:F15) -> 278 | G16: =SUM(G14:G15) -> 273 | H16: =SUM(H14:H15) -> 196 | I16: =SUM(I14:I15) -> 267 | J16: =SUM(J14:J15) -> 284 | K16: =SUM(K14:K15) -> 286 | L16: =SUM(L14:L15) -> 285 | ... X16: =SUM(X14:X15) -> 273 | Y16: =SUM(E16:X16) -> 5339
A18: B | B18: PENGGUNA HAK PILIH
B19: 1. | C19: Jumlah pengguna hak pilih dalam Daftar Pemilih Tetap (DPT) | D19: LK | E19: 108 | F19: 118 | G19: 107 | H19: 67 | I19: 102 | J19: 119 | K19: 118 | L19: 92 | M19: 118 | N19: 111 | O19: 81 | P19: 82 | Q19: 97 | R19: 104 | S19: 97 | T19: 82 | U19: 113 | V19: 97 | W19: 96 | X19: 102 | Y19: =SUM(E19:X19) -> 2011
D20: PR | E20: 121 | F20: 123 | G20: 116 | H20: 81 | I20: 130 | J20: 116 | K20: 114 | L20: 113 | M20: 113 | N20: 109 | O20: 101 | P20: 105 | Q20: 122 | R20: 102 | S20: 101 | T20: 118 | U20: 122 | V20: 122 | W20: 120 | X20: 130 | Y20: =SUM(E20:X20) -> 2279
D21: JML | E21: =SUM(E19:E20) -> 229 | F21: =SUM(F19:F20) -> 241 | G21: =SUM(G19:G20) -> 223 | H21: =SUM(H19:H20) -> 148 | I21: =SUM(I19:I20) -> 232 | J21: =SUM(J19:J20) -> 235 | K21: =SUM(K19:K20) -> 232 | L21: =SUM(L19:L20) -> 205 | ... X21: =SUM(X19:X20) -> 232 | Y21: =SUM(E21:X21) -> 4290
B22: 2. | C22: Jumlah pengguna hak pilih dalam Daftar Pemilih Tambahan (DPTb) | D22: LK | E22: 0 | F22: 0 | G22: 1 | H22: 2 | I22: 0 | J22: 0 | K22: 0 | L22: 0 | M22: 0 | N22: 0 | O22: 0 | P22: 0 | Q22: 0 | R22: 0 | S22: 0 | T22: 1 | U22: 0 | V22: 1 | W22: 1 | X22: 0 | Y22: =SUM(E22:X22) -> 6
D23: PR | E23: 0 | F23: 0 | G23: 0 | H23: 2 | I23: 0 | J23: 0 | K23: 0 | L23: 0 | M23: 2 | N23: 1 | O23: 0 | P23: 0 | Q23: 0 | R23: 0 | S23: 1 | T23: 5 | U23: 0 | V23: 0 | W23: 1 | X23: 0 | Y23: =SUM(E23:X23) -> 12
D24: JML | E24: =SUM(E22:E23) -> 0 | F24: =SUM(F22:F23) -> 0 | G24: =SUM(G22:G23) -> 1 | H24: =SUM(H22:H23) -> 4 | I24: =SUM(I22:I23) -> 0 | J24: =SUM(J22:J23) -> 0 | K24: =SUM(K22:K23) -> 0 | L24: =SUM(L22:L23) -> 0 | ... X24: =SUM(X22:X23) -> 0 | Y24: =SUM(E24:X24) -> 18
B25: 3. | C25: Jumlah pengguna hak pilih dalam Daftar Pemilih Khusus (DPK) | D25: LK | E25: 2 | F25: 1 | G25: 0 | H25: 1 | I25: 0 | J25: 1 | K25: 1 | L25: 0 | M25: 0 | N25: 1 | O25: 1 | P25: 1 | Q25: 0 | R25: 1 | S25: 5 | T25: 3 | U25: 1 | V25: 1 | W25: 4 | X25: 2 | Y25: =SUM(E25:X25) -> 26
D26: PR | E26: 0 | F26: 1 | G26: 4 | H26: 1 | I26: 0 | J26: 2 | K26: 1 | L26: 0 | M26: 1 | N26: 2 | O26: 1 | P26: 3 | Q26: 0 | R26: 2 | S26: 3 | T26: 3 | U26: 0 | V26: 0 | W26: 2 | X26: 3 | Y26: =SUM(E26:X26) -> 29
D27: JML | E27: =SUM(E25:E26) -> 2 | F27: =SUM(F25:F26) -> 2 | G27: =SUM(G25:G26) -> 4 | H27: =SUM(H25:H26) -> 2 | I27: =SUM(I25:I26) -> 0 | J27: =SUM(J25:J26) -> 3 | K27: =SUM(K25:K26) -> 2 | L27: =SUM(L25:L26) -> 0 | ... X27: =SUM(X25:X26) -> 5 | Y27: =SUM(E27:X27) -> 55
B28: 4. | C28: Jumlah Pengguna Hak Pilih (B.1+B.2+B.3) | D28: LK | E28: =SUM(E19,E22,E25) -> 110 | F28: =SUM(F19,F22,F25) -> 119 | G28: =SUM(G19,G22,G25) -> 108 | H28: =SUM(H19,H22,H25) -> 70 | I28: =SUM(I19,I22,I25) -> 102 | J28: =SUM(J19,J22,J25) -> 120 | K28: =SUM(K19,K22,K25) -> 119 | L28: =SUM(L19,L22,L25) -> 92 | ... X28: =SUM(X19,X22,X25) -> 104 | Y28: =SUM(E28:X28) -> 2043
D29: PR | E29: =SUM(E20,E23,E26) -> 121 | F29: =SUM(F20,F23,F26) -> 124 | G29: =SUM(G20,G23,G26) -> 120 | H29: =SUM(H20,H23,H26) -> 84 | I29: =SUM(I20,I23,I26) -> 130 | J29: =SUM(J20,J23,J26) -> 118 | K29: =SUM(K20,K23,K26) -> 115 | L29: =SUM(L20,L23,L26) -> 113 | ... X29: =SUM(X20,X23,X26) -> 133 | Y29: =SUM(E29:X29) -> 2320
D30: JML | E30: =SUM(E28:E29) -> 231 | F30: =SUM(F28:F29) -> 243 | G30: =SUM(G28:G29) -> 228 | H30: =SUM(H28:H29) -> 154 | I30: =SUM(I28:I29) -> 232 | J30: =SUM(J28:J29) -> 238 | K30: =SUM(K28:K29) -> 234 | L30: =SUM(L28:L29) -> 205 | ... X30: =SUM(X28:X29) -> 237 | Y30: =SUM(E30:X30) -> 4363
A32: II | B32: DATA PENGGUNAAN SURAT SUARA
A33: 1 | B33: Jumlah surat suara yang diterima, termasuk surat suara cadangan 2,5% dari DPT | E33: 282 | F33: 280 | G33: 275 | H33: 198 | I33: 269 | J33: 286 | K33: 288 | L33: 287 | M33: 283 | N33: 283 | O33: 227 | P33: 246 | Q33: 276 | R33: 248 | S33: 248 | T33: 289 | U33: 291 | V33: 283 | W33: 279 | X33: 275 | Y33: =SUM(E33:X33) -> 5393
A34: 2 | B34: Jumlah surat suara yang digunakan | E34: 231 | F34: 243 | G34: 228 | H34: 154 | I34: 232 | J34: 238 | K34: 234 | L34: 205 | M34: 234 | N34: 224 | O34: 184 | P34: 191 | Q34: 219 | R34: 209 | S34: 207 | T34: 212 | U34: 236 | V34: 221 | W34: 224 | X34: 237 | Y34: =SUM(E34:X34) -> 4363
A35: 3 | B35: Jumlah surat suara dikembalikan oleh pemilih (karena rusak atau keliru coblos) | E35: 2 | F35: 0 | G35: 1 | H35: 0 | I35: 0 | J35: 0 | K35: 1 | L35: 1 | M35: 1 | N35: 0 | O35: 1 | P35: 0 | Q35: 1 | R35: 0 | S35: 3 | T35: 0 | U35: 1 | V35: 1 | W35: 0 | X35: 0 | Y35: =SUM(E35:X35) -> 13
A36: 4 | B36: Jumlah surat suara yang tidak digunakan/tidak terpakai, termasuk sisa surat suara cadangan | E36: =E33-(E34+E35) -> 49 | F36: =F33-(F34+F35) -> 37 | G36: =G33-(G34+G35) -> 46 | H36: =H33-(H34+H35) -> 44 | I36: =I33-(I34+I35) -> 37 | J36: =J33-(J34+J35) -> 48 | K36: =K33-(K34+K35) -> 53 | L36: =L33-(L34+L35) -> 81 | ... X36: =X33-(X34+X35) -> 38 | Y36: =SUM(E36:X36) -> 1017
A38: III | B38: DATA PEMILIH DISABILITAS
B39: Jumlah seluruh Pemilih disabilitas yang menggunakan hak pilih | D39: LK | E39: 0 | F39: 0 | G39: 0 | H39: 0 | I39: 0 | J39: 0 | K39: 0 | L39: 0 | M39: 0 | N39: 0 | O39: 0 | P39: 0 | Q39: 0 | R39: 0 | S39: 0 | T39: 0 | U39: 3 | V39: 0 | W39: 1 | X39: 0 | Y39: =SUM(E39:X39) -> 4
D40: PR | E40: 0 | F40: 0 | G40: 0 | H40: 0 | I40: 0 | J40: 0 | K40: 0 | L40: 0 | M40: 1 | N40: 0 | O40: 0 | P40: 0 | Q40: 0 | R40: 0 | S40: 0 | T40: 0 | U40: 2 | V40: 0 | W40: 0 | X40: 0 | Y40: =SUM(E40:X40) -> 3
D41: JML | E41: =SUM(E39:E40) -> 0 | F41: =SUM(F39:F40) -> 0 | G41: =SUM(G39:G40) -> 0 | H41: =SUM(H39:H40) -> 0 | I41: =SUM(I39:I40) -> 0 | J41: =SUM(J39:J40) -> 0 | K41: =SUM(K39:K40) -> 0 | L41: =SUM(L39:L40) -> 0 | ... X41: =SUM(X39:X40) -> 0 | Y41: =SUM(E41:X41) -> 7
A43: IV | B43: DATA RINCIAN PEROLEHAN SUARA PASANGAN CALON BUPATI DAN WAKIL BUPATI
A44: NOMOR DAN NAMA CALON
A45: A.1 | B45: 1. | C45: Partai Kebangkitan Bangsa | E45: 1 | F45: 5 | G45: 5 | H45: 4 | I45: 23 | J45: 17 | K45: 8 | L45: 2 | M45: 5 | N45: 3 | O45: 3 | P45: 4 | Q45: 3 | R45: 3 | S45: 2 | T45: 1 | U45: 3 | V45: 8 | W45: 9 | X45: 4 | Y45: =SUM(E45:X45) -> 113
A46: A.2 | B46: 1 | C46: 1. Dr. Hj. NIHAYATUL WAFIROH, M.A. | E46: 19 | F46: 15 | G46: 11 | H46: 20 | I46: 50 | J46: 28 | K46: 27 | L46: 22 | M46: 19 | N46: 7 | O46: 6 | P46: 12 | Q46: 21 | R46: 5 | S46: 4 | T46: 10 | U46: 13 | V46: 20 | W46: 27 | X46: 19 | Y46: =SUM(E46:X46) -> 355
B47: 2 | C47: 2. H. M. NASIM KHAN | E47: 2 | F47: 2 | G47: 2 | H47: 1 | I47: 4 | J47: 9 | K47: 3 | L47: 2 | M47: 5 | N47: 1 | O47: 0 | P47: 1 | Q47: 4 | R47: 1 | S47: 3 | T47: 1 | U47: 10 | V47: 3 | W47: 0 | X47: 5 | Y47: =SUM(E47:X47) -> 59
B48: 3 | C48: 3. Dr. H. AKIK ZAMAN, M.Pd.I. | E48: 0 | F48: 1 | G48: 1 | H48: 1 | I48: 2 | J48: 2 | K48: 0 | L48: 3 | M48: 0 | N48: 2 | O48: 0 | P48: 0 | Q48: 0 | R48: 0 | S48: 0 | T48: 0 | U48: 0 | V48: 0 | W48: 2 | X48: 4 | Y48: =SUM(E48:X48) -> 18
B49: 4 | C49: 4. AHMAD RIFA'I, S.H. | E49: 1 | F49: 1 | G49: 0 | H49: 3 | I49: 1 | J49: 0 | K49: 2 | L49: 2 | M49: 11 | N49: 1 | O49: 0 | P49: 0 | Q49: 1 | R49: 1 | S49: 0 | T49: 0 | U49: 0 | V49: 0 | W49: 1 | X49: 11 | Y49: =SUM(E49:X49) -> 36
B50: 5 | C50: 5. Drs. H. MAHFUD M.N. | E50: 0 | F50: 0 | G50: 2 | H50: 1 | I50: 2 | J50: 1 | K50: 1 | L50: 0 | M50: 1 | N50: 0 | O50: 0 | P50: 1 | Q50: 1 | R50: 0 | S50: 1 | T50: 0 | U50: 3 | V50: 3 | W50: 2 | X50: 1 | Y50: =SUM(E50:X50) -> 20
B51: 6 | C51: 6. NURHAYATI, S.Pd. | E51: 0 | F51: 2 | G51: 0 | H51: 0 | I51: 0 | J51: 0 | K51: 0 | L51: 1 | M51: 1 | N51: 0 | O51: 0 | P51: 0 | Q51: 0 | R51: 0 | S51: 0 | T51: 0 | U51: 0 | V51: 0 | W51: 0 | X51: 1 | Y51: =SUM(E51:X51) -> 5
B52: 7 | C52: 7. MAFTUHA KISWAH | E52: 1 | F52: 0 | G52: 0 | H52: 0 | I52: 0 | J52: 1 | K52: 0 | L52: 0 | M52: 0 | N52: 1 | O52: 0 | P52: 0 | Q52: 1 | R52: 0 | S52: 0 | T52: 0 | U52: 0 | V52: 0 | W52: 1 | X52: 1 | Y52: =SUM(E52:X52) -> 6
Y53: =SUM(E53:X53) -> 0
Y54: =SUM(E54:X54) -> 0
A55: B | B55: JUMLAH SUARA SAH PARTAI POLITIK DAN CALON (A1 + A2) | E55: =SUM(E45:E54) -> 24 | F55: =SUM(F45:F54) -> 26 | G55: =SUM(G45:G54) -> 21 | H55: =SUM(H45:H54) -> 30 | I55: =SUM(I45:I54) -> 82 | J55: =SUM(J45:J54) -> 58 | K55: =SUM(K45:K54) -> 41 | L55: =SUM(L45:L54) -> 32 | ... Y55: =SUM(Y45:Y54) -> 612
A57: A.1 | B57: 2. | C57: Partai Gerakan Indonesia Raya | E57: 4 | F57: 10 | G57: 8 | H57: 7 | I57: 2 | J57: 14 | K57: 5 | L57: 11 | M57: 3 | N57: 5 | O57: 8 | P57: 6 | Q57: 9 | R57: 8 | S57: 9 | T57: 11 | U57: 5 | V57: 15 | W57: 6 | X57: 8 | Y57: =SUM(E57:X57) -> 154
A58: A.2 | B58: 1 | C58: 1. SUMAIL ABDULLAH | E58: 8 | F58: 6 | G58: 5 | H58: 7 | I58: 6 | J58: 19 | K58: 16 | L58: 17 | M58: 3 | N58: 10 | O58: 3 | P58: 3 | Q58: 1 | R58: 6 | S58: 4 | T58: 24 | U58: 22 | V58: 8 | W58: 7 | X58: 9 | Y58: =SUM(E58:X58) -> 184
B59: 2 | C59: 2. MUHAMMAD ALI ADRIAN SALEH | E59: 4 | F59: 0 | G59: 2 | H59: 3 | I59: 4 | J59: 7 | K59: 9 | L59: 2 | M59: 1 | N59: 0 | O59: 1 | P59: 0 | Q59: 3 | R59: 0 | S59: 6 | T59: 6 | U59: 1 | V59: 2 | W59: 0 | X59: 1 | Y59: =SUM(E59:X59) -> 52
B60: 3 | C60: 3. DURROTUN NAFISAH | E60: 0 | F60: 1 | G60: 0 | H60: 0 | I60: 0 | J60: 1 | K60: 0 | L60: 1 | M60: 1 | N60: 0 | O60: 0 | P60: 0 | Q60: 3 | R60: 1 | S60: 0 | T60: 1 | U60: 0 | V60: 3 | W60: 0 | X60: 1 | Y60: =SUM(E60:X60) -> 13
B61: 4 | C61: 4. H. EKO SUSILO NURHIDAYAT | E61: 4 | F61: 1 | G61: 1 | H61: 1 | I61: 0 | J61: 6 | K61: 0 | L61: 3 | M61: 4 | N61: 0 | O61: 1 | P61: 2 | Q61: 0 | R61: 0 | S61: 2 | T61: 3 | U61: 3 | V61: 4 | W61: 4 | X61: 3 | Y61: =SUM(E61:X61) -> 42
B62: 5 | C62: 5. KARNADI HARIJANTO, S.S. | E62: 0 | F62: 0 | G62: 0 | H62: 0 | I62: 0 | J62: 1 | K62: 0 | L62: 0 | M62: 0 | N62: 1 | O62: 0 | P62: 0 | Q62: 0 | R62: 1 | S62: 1 | T62: 4 | U62: 0 | V62: 0 | W62: 0 | X62: 0 | Y62: =SUM(E62:X62) -> 8
B63: 6 | C63: 6. NURHAYATI | E63: 0 | F63: 0 | G63: 0 | H63: 1 | I63: 0 | J63: 1 | K63: 1 | L63: 1 | M63: 2 | N63: 1 | O63: 0 | P63: 1 | Q63: 2 | R63: 0 | S63: 1 | T63: 1 | U63: 2 | V63: 1 | W63: 1 | X63: 2 | Y63: =SUM(E63:X63) -> 18
B64: 7 | C64: 7. MASHUDI | E64: 1 | F64: 0 | G64: 0 | H64: 0 | I64: 0 | J64: 0 | K64: 0 | L64: 0 | M64: 0 | N64: 0 | O64: 0 | P64: 0 | Q64: 1 | R64: 0 | S64: 0 | T64: 1 | U64: 0 | V64: 1 | W64: 2 | X64: 1 | Y64: =SUM(E64:X64) -> 7
Y65: =SUM(E65:X65) -> 0
Y66: =SUM(E66:X66) -> 0
A67: B | B67: JUMLAH SUARA SAH PARTAI POLITIK DAN CALON (A1 + A2) | E67: =SUM(E57:E66) -> 21 | F67: =SUM(F57:F66) -> 18 | G67: =SUM(G57:G66) -> 16 | H67: =SUM(H57:H66) -> 19 | I67: =SUM(I57:I66) -> 12 | J67: =SUM(J57:J66) -> 49 | K67: =SUM(K57:K66) -> 31 | L67: =SUM(L57:L66) -> 35 | ... Y67: =SUM(Y57:Y66) -> 478
A69: A.1 | B69: 3. | C69: Partai Demokrasi Indonesia Perjuangan | E69: 2 | F69: 5 | G69: 5 | H69: 1 | I69: 3 | J69: 1 | K69: 5 | L69: 3 | M69: 7 | N69: 9 | O69: 3 | P69: 3 | Q69: 4 | R69: 12 | S69: 7 | T69: 8 | U69: 12 | V69: 5 | W69: 10 | X69: 4 | Y69: =SUM(E69:X69) -> 109
A70: A.2 | B70: 1 | C70: 1. SONNY TRI DANAPARAMITA, S.H., M.H. | E70: 2 | F70: 4 | G70: 3 | H70: 6 | I70: 15 | J70: 10 | K70: 23 | L70: 5 | M70: 12 | N70: 33 | O70: 6 | P70: 6 | Q70: 18 | R70: 7 | S70: 11 | T70: 8 | U70: 19 | V70: 15 | W70: 11 | X70: 6 | Y70: =SUM(E70:X70) -> 220
B71: 2 | C71: 2. H. MOHAMAD GUNTUR ROMLI | E71: 2 | F71: 5 | G71: 1 | H71: 0 | I71: 0 | J71: 0 | K71: 3 | L71: 1 | M71: 6 | N71: 16 | O71: 2 | P71: 6 | Q71: 5 | R71: 3 | S71: 1 | T71: 1 | U71: 4 | V71: 1 | W71: 4 | X71: 1 | Y71: =SUM(E71:X71) -> 62
B72: 3 | C72: 3. INA AMMANIA | E72: 1 | F72: 3 | G72: 0 | H72: 0 | I72: 1 | J72: 0 | K72: 1 | L72: 3 | M72: 2 | N72: 0 | O72: 1 | P72: 0 | Q72: 8 | R72: 56 | S72: 8 | T72: 3 | U72: 17 | V72: 1 | W72: 4 | X72: 19 | Y72: =SUM(E72:X72) -> 128
B73: 4 | C73: 4. IRWAN BACHTIAR RACHMAT, M.Si. | E73: 0 | F73: 1 | G73: 0 | H73: 0 | I73: 0 | J73: 0 | K73: 1 | L73: 1 | M73: 1 | N73: 4 | O73: 0 | P73: 1 | Q73: 1 | R73: 1 | S73: 0 | T73: 0 | U73: 0 | V73: 0 | W73: 0 | X73: 0 | Y73: =SUM(E73:X73) -> 11
B74: 5 | C74: 5. LUCKY PERDANA | E74: 1 | F74: 14 | G74: 1 | H74: 5 | I74: 4 | J74: 38 | K74: 9 | L74: 5 | M74: 32 | N74: 44 | O74: 4 | P74: 2 | Q74: 9 | R74: 7 | S74: 11 | T74: 9 | U74: 4 | V74: 16 | W74: 7 | X74: 5 | Y74: =SUM(E74:X74) -> 227
B75: 6 | C75: 6. WIWIK PUJIYATI | E75: 1 | F75: 0 | G75: 0 | H75: 0 | I75: 1 | J75: 1 | K75: 0 | L75: 0 | M75: 0 | N75: 0 | O75: 0 | P75: 1 | Q75: 0 | R75: 1 | S75: 0 | T75: 0 | U75: 2 | V75: 0 | W75: 1 | X75: 0 | Y75: =SUM(E75:X75) -> 8
B76: 7 | C76: 7. CHANDRA ASTAN, S.T. | E76: 0 | F76: 0 | G76: 0 | H76: 0 | I76: 0 | J76: 0 | K76: 0 | L76: 3 | M76: 0 | N76: 0 | O76: 0 | P76: 0 | Q76: 0 | R76: 0 | S76: 0 | T76: 0 | U76: 1 | V76: 2 | W76: 1 | X76: 0 | Y76: =SUM(E76:X76) -> 7
Y77: =SUM(E77:X77) -> 0
Y78: =SUM(E78:X78) -> 0
A79: B | B79: JUMLAH SUARA SAH PARTAI POLITIK DAN CALON (A1 + A2) | E79: =SUM(E69:E78) -> 9 | F79: =SUM(F69:F78) -> 32 | G79: =SUM(G69:G78) -> 10 | H79: =SUM(H69:H78) -> 12 | I79: =SUM(I69:I78) -> 24 | J79: =SUM(J69:J78) -> 50 | K79: =SUM(K69:K78) -> 42 | L79: =SUM(L69:L78) -> 21 | ... Y79: =SUM(Y69:Y78) -> 772
A81: A.1 | B81: 4. | C81: Partai Golongan Karya | E81: 6 | F81: 4 | G81: 2 | H81: 4 | I81: 13 | J81: 3 | K81: 6 | L81: 2 | M81: 4 | N81: 4 | O81: 2 | P81: 7 | Q81: 5 | R81: 3 | S81: 1 | T81: 3 | U81: 5 | V81: 6 | W81: 10 | X81: 2 | Y81: =SUM(E81:X81) -> 92
A82: A.2 | B82: 1 | C82: 1. ZULFIKAR ARSE SADIKIN, S.I.P., M.Si. | E82: 6 | F82: 3 | G82: 10 | H82: 14 | I82: 22 | J82: 3 | K82: 13 | L82: 7 | M82: 5 | N82: 13 | O82: 2 | P82: 3 | Q82: 1 | R82: 5 | S82: 20 | T82: 13 | U82: 15 | V82: 6 | W82: 15 | X82: 3 | Y82: =SUM(E82:X82) -> 179
B83: 2 | C83: 2. HANDOKO | E83: 9 | F83: 5 | G83: 12 | H83: 8 | I83: 10 | J83: 4 | K83: 7 | L83: 11 | M83: 27 | N83: 9 | O83: 18 | P83: 12 | Q83: 5 | R83: 2 | S83: 13 | T83: 5 | U83: 3 | V83: 5 | W83: 11 | X83: 4 | Y83: =SUM(E83:X83) -> 180
B84: 3 | C84: 3. Hj. OVI DEWI YANTI | E84: 0 | F84: 0 | G84: 1 | H84: 1 | I84: 1 | J84: 0 | K84: 0 | L84: 1 | M84: 1 | N84: 0 | O84: 0 | P84: 0 | Q84: 0 | R84: 2 | S84: 0 | T84: 0 | U84: 0 | V84: 2 | W84: 0 | X84: 2 | Y84: =SUM(E84:X84) -> 11
B85: 4 | C85: 4. Ir. AZAM AZMAN NATAWIJANA | E85: 0 | F85: 1 | G85: 2 | H85: 1 | I85: 1 | J85: 0 | K85: 0 | L85: 0 | M85: 1 | N85: 0 | O85: 0 | P85: 1 | Q85: 1 | R85: 1 | S85: 1 | T85: 0 | U85: 0 | V85: 0 | W85: 0 | X85: 2 | Y85: =SUM(E85:X85) -> 12
B86: 5 | C86: 5. UBAIDILLAH AMIN, S.Kom. | E86: 0 | F86: 4 | G86: 6 | H86: 2 | I86: 6 | J86: 12 | K86: 17 | L86: 4 | M86: 0 | N86: 0 | O86: 1 | P86: 3 | Q86: 1 | R86: 4 | S86: 0 | T86: 4 | U86: 0 | V86: 0 | W86: 0 | X86: 0 | Y86: =SUM(E86:X86) -> 64
B87: 6 | C87: 6. DENNY YUNIANDARI, S.H., M.Kn. | E87: 0 | F87: 0 | G87: 1 | H87: 0 | I87: 0 | J87: 0 | K87: 0 | L87: 0 | M87: 0 | N87: 0 | O87: 0 | P87: 0 | Q87: 2 | R87: 1 | S87: 0 | T87: 1 | U87: 0 | V87: 1 | W87: 0 | X87: 2 | Y87: =SUM(E87:X87) -> 8
B88: 7 | C88: 7. ERNADI, S.H.I. | E88: 0 | F88: 0 | G88: 1 | H88: 0 | I88: 1 | J88: 0 | K88: 0 | L88: 1 | M88: 0 | N88: 0 | O88: 0 | P88: 0 | Q88: 0 | R88: 0 | S88: 0 | T88: 0 | U88: 0 | V88: 0 | W88: 0 | X88: 0 | Y88: =SUM(E88:X88) -> 3
Y89: =SUM(E89:X89) -> 0
Y90: =SUM(E90:X90) -> 0
A91: B | B91: JUMLAH SUARA SAH PARTAI POLITIK DAN CALON (A1 + A2) | E91: =SUM(E81:E90) -> 21 | F91: =SUM(F81:F90) -> 17 | G91: =SUM(G81:G90) -> 35 | H91: =SUM(H81:H90) -> 30 | I91: =SUM(I81:I90) -> 54 | J91: =SUM(J81:J90) -> 22 | K91: =SUM(K81:K90) -> 43 | L91: =SUM(L81:L90) -> 26 | ... Y91: =SUM(Y81:Y90) -> 549
A93: A.1 | B93: 5. | C93: Partai NasDem | E93: 4 | F93: 4 | G93: 2 | H93: 4 | I93: 1 | J93: 0 | K93: 2 | L93: 2 | M93: 0 | N93: 3 | O93: 0 | P93: 7 | Q93: 2 | R93: 0 | S93: 0 | T93: 5 | U93: 0 | V93: 3 | W93: 1 | X93: 0 | Y93: =SUM(E93:X93) -> 40
A94: A.2 | B94: 1 | C94: 1. ACH. FADIL MUZAKKI SYAH | E94: 1 | F94: 0 | G94: 3 | H94: 0 | I94: 3 | J94: 11 | K94: 7 | L94: 15 | M94: 15 | N94: 9 | O94: 38 | P94: 65 | Q94: 2 | R94: 0 | S94: 2 | T94: 2 | U94: 2 | V94: 2 | W94: 3 | X94: 2 | Y94: =SUM(E94:X94) -> 182
B95: 2 | C95: 2. BENY | E95: 3 | F95: 6 | G95: 6 | H95: 0 | I95: 1 | J95: 0 | K95: 0 | L95: 0 | M95: 0 | N95: 0 | O95: 0 | P95: 0 | Q95: 0 | R95: 0 | S95: 0 | T95: 1 | U95: 0 | V95: 2 | W95: 1 | X95: 0 | Y95: =SUM(E95:X95) -> 20
B96: 3 | C96: 3. VINA VERONIKA | E96: 1 | F96: 0 | G96: 0 | H96: 0 | I96: 0 | J96: 0 | K96: 0 | L96: 0 | M96: 0 | N96: 0 | O96: 0 | P96: 0 | Q96: 0 | R96: 0 | S96: 0 | T96: 2 | U96: 0 | V96: 0 | W96: 0 | X96: 0 | Y96: =SUM(E96:X96) -> 3
B97: 4 | C97: 4. TEDDY ANUGRIANTO | E97: 1 | F97: 0 | G97: 1 | H97: 1 | I97: 0 | J97: 0 | K97: 0 | L97: 2 | M97: 0 | N97: 2 | O97: 4 | P97: 0 | Q97: 1 | R97: 1 | S97: 2 | T97: 5 | U97: 1 | V97: 1 | W97: 1 | X97: 4 | Y97: =SUM(E97:X97) -> 27
B98: 5 | C98: 5. INSAN KAMIL | E98: 1 | F98: 0 | G98: 0 | H98: 0 | I98: 0 | J98: 0 | K98: 0 | L98: 0 | M98: 0 | N98: 0 | O98: 0 | P98: 0 | Q98: 0 | R98: 0 | S98: 0 | T98: 1 | U98: 0 | V98: 1 | W98: 0 | X98: 0 | Y98: =SUM(E98:X98) -> 3
B99: 6 | C99: 6. LILIK LINDARWATI | E99: 0 | F99: 0 | G99: 0 | H99: 0 | I99: 0 | J99: 0 | K99: 0 | L99: 0 | M99: 1 | N99: 0 | O99: 1 | P99: 0 | Q99: 0 | R99: 0 | S99: 0 | T99: 1 | U99: 0 | V99: 0 | W99: 0 | X99: 0 | Y99: =SUM(E99:X99) -> 3
B100: 7 | C100: 7. YULI ANITA | E100: 0 | F100: 0 | G100: 0 | H100: 0 | I100: 0 | J100: 0 | K100: 0 | L100: 0 | M100: 0 | N100: 0 | O100: 0 | P100: 0 | Q100: 0 | R100: 0 | S100: 0 | T100: 0 | U100: 0 | V100: 0 | W100: 0 | X100: 0 | Y100: =SUM(E100:X100) -> 0
Y101: =SUM(E101:X101) -> 0
Y102: =SUM(E102:X102) -> 0
A103: B | B103: JUMLAH SUARA SAH PARTAI POLITIK DAN CALON (A1 + A2) | E103: =SUM(E93:E102) -> 11 | F103: =SUM(F93:F102) -> 10 | G103: =SUM(G93:G102) -> 12 | H103: =SUM(H93:H102) -> 5 | I103: =SUM(I93:I102) -> 5 | J103: =SUM(J93:J102) -> 11 | K103: =SUM(K93:K102) -> 9 | L103: =SUM(L93:L102) -> 19 | ... Y103: =SUM(Y93:Y102) -> 278
A105: A.1 | B105: 6. | C105: Partai Buruh | E105: 0 | F105: 0 | G105: 0 | H105: 1 | I105: 1 | J105: 0 | K105: 0 | L105: 0 | M105: 0 | N105: 0 | O105: 0 | P105: 1 | Q105: 0 | R105: 0 | S105: 0 | T105: 1 | U105: 1 | V105: 1 | W105: 1 | X105: 1 | Y105: =SUM(E105:X105) -> 8
A106: A.2 | B106: 1 | C106: 1. KHOIRUL ANAM | E106: 0 | F106: 0 | G106: 0 | H106: 0 | I106: 0 | J106: 0 | K106: 1 | L106: 1 | M106: 0 | N106: 0 | O106: 0 | P106: 0 | Q106: 3 | R106: 0 | S106: 0 | T106: 1 | U106: 0 | V106: 0 | W106: 1 | X106: 0 | Y106: =SUM(E106:X106) -> 7
B107: 2 | C107: 2. INA KURNIA | E107: 0 | F107: 0 | G107: 0 | H107: 0 | I107: 0 | J107: 0 | K107: 0 | L107: 0 | M107: 0 | N107: 0 | O107: 0 | P107: 0 | Q107: 0 | R107: 0 | S107: 0 | T107: 0 | U107: 0 | V107: 0 | W107: 0 | X107: 0 | Y107: =SUM(E107:X107) -> 0
B108: 3 | C108: 3. JIBRAL TAROUK | E108: 0 | F108: 0 | G108: 0 | H108: 0 | I108: 0 | J108: 0 | K108: 0 | L108: 0 | M108: 0 | N108: 1 | O108: 0 | P108: 0 | Q108: 0 | R108: 0 | S108: 0 | T108: 0 | U108: 2 | V108: 0 | W108: 0 | X108: 0 | Y108: =SUM(E108:X108) -> 3
B109: 4 | C109: 4. ASTUTI DAENG PUJI | E109: 0 | F109: 0 | G109: 0 | H109: 0 | I109: 0 | J109: 0 | K109: 0 | L109: 0 | M109: 0 | N109: 0 | O109: 0 | P109: 0 | Q109: 0 | R109: 0 | S109: 0 | T109: 0 | U109: 0 | V109: 0 | W109: 0 | X109: 0 | Y109: =SUM(E109:X109) -> 0
B110: 5 | C110: 5. ASDARMAWAN | E110: 0 | F110: 0 | G110: 0 | H110: 0 | I110: 0 | J110: 0 | K110: 0 | L110: 0 | M110: 0 | N110: 0 | O110: 0 | P110: 0 | Q110: 0 | R110: 0 | S110: 0 | T110: 0 | U110: 0 | V110: 0 | W110: 0 | X110: 0 | Y110: =SUM(E110:X110) -> 0
B111: 6 | C111: 6. RIFQI MUBAROK | E111: 0 | F111: 0 | G111: 1 | H111: 0 | I111: 0 | J111: 0 | K111: 0 | L111: 0 | M111: 0 | N111: 0 | O111: 1 | P111: 0 | Q111: 0 | R111: 0 | S111: 0 | T111: 0 | U111: 0 | V111: 0 | W111: 0 | X111: 0 | Y111: =SUM(E111:X111) -> 2
B112: 7 | C112: 7. FIRNANDA ALTA MEGA | E112: 0 | F112: 0 | G112: 0 | H112: 0 | I112: 0 | J112: 0 | K112: 0 | L112: 0 | M112: 0 | N112: 0 | O112: 0 | P112: 0 | Q112: 0 | R112: 0 | S112: 0 | T112: 0 | U112: 0 | V112: 0 | W112: 0 | X112: 0 | Y112: =SUM(E112:X112) -> 0
Y113: =SUM(E113:X113) -> 0
Y114: =SUM(E114:X114) -> 0
A115: B | B115: JUMLAH SUARA SAH PARTAI POLITIK DAN CALON (A1 + A2) | E115: =SUM(E105:E114) -> 0 | F115: =SUM(F105:F114) -> 0 | G115: =SUM(G105:G114) -> 1 | H115: =SUM(H105:H114) -> 1 | I115: =SUM(I105:I114) -> 1 | J115: =SUM(J105:J114) -> 0 | K115: =SUM(K105:K114) -> 1 | L115: =SUM(L105:L114) -> 1 | ... Y115: =SUM(Y105:Y114) -> 20
A117: A.1 | B117: 7. | C117: Partai Gelombang Rakyat Indonesia | E117: 0 | F117: 0 | G117: 0 | H117: 0 | I117: 0 | J117: 1 | K117: 1 | L117: 1 | M117: 0 | N117: 0 | O117: 1 | P117: 0 | Q117: 1 | R117: 0 | S117: 0 | T117: 0 | U117: 0 | V117: 0 | W117: 0 | X117: 0 | Y117: =SUM(E117:X117) -> 5
...

Sheet ROGOJAMPI
C2: Kecamatan | D2: ROGOJAMPI
C3: Kabupaten | D3: BANYUWANGI
C4: Provinsi | D4: JAWA TIMUR
C9: Kelurahan | D9: ROGOJAMPI
A12: I | B12: DATA PEMILIH DAN PENGGUNAAN HAK PILIH | AM12: JUMLAH AKHIR
A13: A | B13: DATA PEMILIH | E13: TPS 001 | F13: TPS 002 | G13: TPS 003 | H13: TPS 004 | I13: TPS 005 | J13: TPS 006 | K13: TPS 007 | L13: TPS 008 | M13: TPS 009 | N13: TPS 010 | O13: TPS 011 | P13: TPS 012 | Q13: TPS 013 | R13: TPS 014 | S13: TPS 015 | T13: TPS 016 | U13: TPS 017 | V13: TPS 018 | W13: TPS 019 | X13: TPS 020 | Y13: TPS 021 | Z13: TPS 022 | AA13: TPS 023 | AB13: TPS 024 | AC13: TPS 025 | AD13: TPS 026 | AE13: TPS 027 | AF13: TPS 028 | AG13: TPS 029 | AH13: TPS 030 | AI13: TPS 031 | AJ13: TPS 032 | AK13: TPS 033 | AL13: TPS 034
B14: Jumlah Pemilih dalam Daftar Pemilih Tetap (DPT) | D14: LK | E14: 135 | F14: 140 | G14: 111 | H14: 115 | I14: 132 | J14: 112 | K14: 130 | L14: 127 | M14: 130 | N14: 141 | O14: 131 | P14: 122 | Q14: 124 | R14: 124 | S14: 127 | T14: 133 | U14: 127 | V14: 118 | W14: 117 | X14: 119 | Y14: 140 | Z14: 78 | AA14: 133 | AB14: 125 | AC14: 137 | AD14: 146 | AE14: 141 | AF14: 138 | AG14: 119 | AH14: 101 | AI14: 119 | AJ14: 127 | AK14: 129 | AL14: 124 | AM14: =SUM(E14:AL14) -> 4272
D15: PR | E15: 146 | F15: 146 | G15: 121 | H15: 125 | I15: 134 | J15: 125 | K15: 120 | L15: 123 | M15: 149 | N15: 141 | O15: 134 | P15: 121 | Q15: 126 | R15: 127 | S15: 131 | T15: 136 | U15: 136 | V15: 135 | W15: 135 | X15: 144 | Y15: 140 | Z15: 76 | AA15: 141 | AB15: 143 | AC15: 156 | AD15: 142 | AE15: 152 | AF15: 153 | AG15: 114 | AH15: 128 | AI15: 135 | AJ15: 142 | AK15: 131 | AL15: 142 | AM15: =SUM(E15:AL15) -> 4550
D16: JML | E16: =SUM(E14:E15) -> 281 | F16: =SUM(F14:F15) -> 286 | G16: =SUM(G14:G15) -> 232 | H16: =SUM(H14:H15) -> 240 | I16: =SUM(I14:I15) -> 266 | J16: =SUM(J14:J15) -> 237 | K16: =SUM(K14:K15) -> 250 | L16: =SUM(L14:L15) -> 250 | ... AL16: =SUM(AL14:AL15) -> 266 | AM16: =SUM(E16:AL16) -> 8822
A18: B | B18: PENGGUNA HAK PILIH
B19: 1. | C19: Jumlah pengguna hak pilih dalam Daftar Pemilih Tetap (DPT) | D19: LK | E19: 88 | F19: 100 | G19: 79 | H19: 92 | I19: 110 | J19: 81 | K19: 96 | L19: 93 | M19: 95 | N19: 103 | O19: 92 | P19: 96 | Q19: 100 | R19: 93 | S19: 98 | T19: 106 | U19: 100 | V19: 88 | W19: 99 | X19: 95 | Y19: 101 | Z19: 54 | AA19: 98 | AB19: 100 | AC19: 102 | AD19: 104 | AE19: 104 | AF19: 120 | AG19: 91 | AH19: 77 | AI19: 84 | AJ19: 97 | AK19: 98 | AL19: 93 | AM19: =SUM(E19:AL19) -> 3227
D20: PR | E20: 103 | F20: 111 | G20: 98 | H20: 100 | I20: 109 | J20: 99 | K20: 105 | L20: 100 | M20: 112 | N20: 113 | O20: 101 | P20: 99 | Q20: 111 | R20: 104 | S20: 103 | T20: 109 | U20: 113 | V20: 108 | W20: 86 | X20: 110 | Y20: 118 | Z20: 57 | AA20: 115 | AB20: 102 | AC20: 122 | AD20: 115 | AE20: 112 | AF20: 120 | AG20: 78 | AH20: 102 | AI20: 112 | AJ20: 123 | AK20: 111 | AL20: 106 | AM20: =SUM(E20:AL20) -> 3587
D21: JML | E21: =SUM(E19:E20) -> 191 | F21: =SUM(F19:F20) -> 211 | G21: =SUM(G19:G20) -> 177 | H21: =SUM(H19:H20) -> 192 | I21: =SUM(I19:I20) -> 219 | J21: =SUM(J19:J20) -> 180 | K21: =SUM(K19:K20) -> 201 | L21: =SUM(L19:L20) -> 193 | ... AL21: =SUM(AL19:AL20) -> 199 | AM21: =SUM(E21:AL21) -> 6814
B22: 2. | C22: Jumlah pengguna hak pilih dalam Daftar Pemilih Tambahan (DPTb) | D22: LK | E22: 0 | F22: 0 | G22: 0 | H22: 0 | I22: 0 | J22: 1 | K22: 0 | L22: 0 | M22: 0 | N22: 1 | O22: 0 | P22: 0 | Q22: 0 | R22: 0 | S22: 1 | T22: 1 | U22: 0 | V22: 0 | W22: 0 | X22: 0 | Y22: 0 | Z22: 0 | AA22: 0 | AB22: 0 | AC22: 0 | AD22: 0 | AE22: 0 | AF22: 0 | AG22: 1 | AH22: 0 | AI22: 0 | AJ22: 0 | AK22: 0 | AL22: 0 | AM22: =SUM(E22:AL22) -> 5
D23: PR | E23: 0 | F23: 1 | G23: 0 | H23: 0 | I23: 0 | J23: 1 | K23: 0 | L23: 0 | M23: 0 | N23: 1 | O23: 1 | P23: 0 | Q23: 0 | R23: 0 | S23: 0 | T23: 1 | U23: 0 | V23: 0 | W23: 0 | X23: 1 | Y23: 0 | Z23: 0 | AA23: 0 | AB23: 0 | AC23: 0 | AD23: 0 | AE23: 0 | AF23: 0 | AG23: 2 | AH23: 0 | AI23: 0 | AJ23: 0 | AK23: 0 | AL23: 0 | AM23: =SUM(E23:AL23) -> 8
D24: JML | E24: =SUM(E22:E23) -> 0 | F24: =SUM(F22:F23) -> 1 | G24: =SUM(G22:G23) -> 0 | H24: =SUM(H22:H23) -> 0 | I24: =SUM(I22:I23) -> 0 | J24: =SUM(J22:J23) -> 2 | K24: =SUM(K22:K23) -> 0 | L24: =SUM(L22:L23) -> 0 | ... AL24: =SUM(AL22:AL23) -> 0 | AM24: =SUM(E24:AL24) -> 13
B25: 3. | C25: Jumlah pengguna hak pilih dalam Daftar Pemilih Khusus (DPK) | D25: LK | E25: 4 | F25: 1 | G25: 1 | H25: 0 | I25: 0 | J25: 0 | K25: 1 | L25: 0 | M25: 1 | N25: 2 | O25: 1 | P25: 2 | Q25: 1 | R25: 2 | S25: 0 | T25: 0 | U25: 0 | V25: 0 | W25: 1 | X25: 0 | Y25: 0 | Z25: 1 | AA25: 2 | AB25: 1 | AC25: 4 | AD25: 0 | AE25: 0 | AF25: 0 | AG25: 7 | AH25: 2 | AI25: 1 | AJ25: 1 | AK25: 0 | AL25: 0 | AM25: =SUM(E25:AL25) -> 36
D26: PR | E26: 0 | F26: 0 | G26: 0 | H26: 1 | I26: 0 | J26: 0 | K26: 2 | L26: 0 | M26: 1 | N26: 1 | O26: 3 | P26: 1 | Q26: 1 | R26: 1 | S26: 0 | T26: 0 | U26: 0 | V26: 4 | W26: 1 | X26: 2 | Y26: 3 | Z26: 2 | AA26: 0 | AB26: 2 | AC26: 3 | AD26: 0 | AE26: 0 | AF26: 0 | AG26: 6 | AH26: 1 | AI26: 0 | AJ26: 1 | AK26: 0 | AL26: 0 | AM26: =SUM(E26:AL26) -> 36
D27: JML | E27: =SUM(E25:E26) -> 4 | F27: =SUM(F25:F26) -> 1 | G27: =SUM(G25:G26) -> 1 | H27: =SUM(H25:H26) -> 1 | I27: =SUM(I25:I26) -> 0 | J27: =SUM(J25:J26) -> 0 | K27: =SUM(K25:K26) -> 3 | L27: =SUM(L25:L26) -> 0 | ... AL27: =SUM(AL25:AL26) -> 0 | AM27: =SUM(E27:AL27) -> 72
B28: 4. | C28: Jumlah Pengguna Hak Pilih (B.1+B.2+B.3) | D28: LK | E28: =SUM(E19,E22,E25) -> 92 | F28: =SUM(F19,F22,F25) -> 101 | G28: =SUM(G19,G22,G25) -> 80 | H28: =SUM(H19,H22,H25) -> 92 | I28: =SUM(I19,I22,I25) -> 110 | J28: =SUM(J19,J22,J25) -> 82 | K28: =SUM(K19,K22,K25) -> 97 | L28: =SUM(L19,L22,L25) -> 93 | ... AL28: =SUM(AL19,AL22,AL25) -> 93 | AM28: =SUM(E28:AL28) -> 3268
D29: PR | E29: =SUM(E20,E23,E26) -> 103 | F29: =SUM(F20,F23,F26) -> 112 | G29: =SUM(G20,G23,G26) -> 98 | H29: =SUM(H20,H23,H26) -> 101 | I29: =SUM(I20,I23,I26) -> 109 | J29: =SUM(J20,J23,J26) -> 100 | K29: =SUM(K20,K23,K26) -> 107 | L29: =SUM(L20,L23,L26) -> 100 | ... AL29: =SUM(AL20,AL23,AL26) -> 106 | AM29: =SUM(E29:AL29) -> 3631
D30: JML | E30: =SUM(E28:E29) -> 195 | F30: =SUM(F28:F29) -> 213 | G30: =SUM(G28:G29) -> 178 | H30: =SUM(H28:H29) -> 193 | I30: =SUM(I28:I29) -> 219 | J30: =SUM(J28:J29) -> 182 | K30: =SUM(K28:K29) -> 204 | L30: =SUM(L28:L29) -> 193 | ... AL30: =SUM(AL28:AL29) -> 199 | AM30: =SUM(E30:AL30) -> 6899
A32: II | B32: DATA PENGGUNAAN SURAT SUARA
A33: 1 | B33: Jumlah surat suara yang diterima, termasuk surat suara cadangan 2,5% dari DPT | E33: 285 | F33: 290 | G33: 235 | H33: 243 | I33: 270 | J33: 240 | K33: 255 | L33: 253 | M33: 285 | N33: 286 | O33: 268 | P33: 246 | Q33: 254 | R33: 257 | S33: 264 | T33: 273 | U33: 267 | V33: 257 | W33: 256 | X33: 267 | Y33: 286 | Z33: 157 | AA33: 280 | AB33: 275 | AC33: 298 | AD33: 293 | AE33: 298 | AF33: 296 | AG33: 237 | AH33: 234 | AI33: 259 | AJ33: 275 | AK33: 264 | AL33: 270 | AM33: =SUM(E33:AL33) -> 8973
A34: 2 | B34: Jumlah surat suara yang digunakan | E34: 195 | F34: 213 | G34: 178 | H34: 193 | I34: 219 | J34: 182 | K34: 204 | L34: 193 | M34: 209 | N34: 221 | O34: 198 | P34: 198 | Q34: 213 | R34: 200 | S34: 202 | T34: 217 | U34: 213 | V34: 200 | W34: 187 | X34: 208 | Y34: 222 | Z34: 114 | AA34: 215 | AB34: 205 | AC34: 231 | AD34: 219 | AE34: 216 | AF34: 240 | AG34: 185 | AH34: 182 | AI34: 197 | AJ34: 222 | AK34: 209 | AL34: 199 | AM34: =SUM(E34:AL34) -> 6899
A35: 3 | B35: Jumlah surat suara dikembalikan oleh pemilih (karena rusak atau keliru coblos) | E35: 0 | F35: 0 | G35: 0 | H35: 0 | I35: 0 | J35: 0 | K35: 0 | L35: 1 | M35: 0 | N35: 0 | O35: 0 | P35: 0 | Q35: 0 | R35: 0 | S35: 0 | T35: 0 | U35: 1 | V35: 0 | W35: 0 | X35: 0 | Y35: 1 | Z35: 0 | AA35: 1 | AB35: 1 | AC35: 1 | AD35: 0 | AE35: 0 | AF35: 0 | AG35: 0 | AH35: 0 | AI35: 0 | AJ35: 0 | AK35: 0 | AL35: 1 | AM35: =SUM(E35:AL35) -> 7
A36: 4 | B36: Jumlah surat suara yang tidak digunakan/tidak terpakai, termasuk sisa surat suara cadangan | E36: =E33-(E34+E35) -> 90 | F36: =F33-(F34+F35) -> 77 | G36: =G33-(G34+G35) -> 57 | H36: =H33-(H34+H35) -> 50 | I36: =I33-(I34+I35) -> 51 | J36: =J33-(J34+J35) -> 58 | K36: =K33-(K34+K35) -> 51 | L36: =L33-(L34+L35) -> 59 | ... AL36: =AL33-(AL34+AL35) -> 70 | AM36: =SUM(E36:AL36) -> 2067
A38: III | B38: DATA PEMILIH DISABILITAS
B39: Jumlah seluruh Pemilih disabilitas yang menggunakan hak pilih | D39: LK | E39: 1 | F39: 1 | G39: 0 | H39: 0 | I39: 0 | J39: 0 | K39: 1 | L39: 0 | M39: 1 | N39: 0 | O39: 0 | P39: 0 | Q39: 0 | R39: 1 | S39: 0 | T39: 0 | U39: 0 | V39: 0 | W39: 0 | X39: 0 | Y39: 0 | Z39: 0 | AA39: 1 | AB39: 0 | AC39: 0 | AD39: 0 | AE39: 0 | AF39: 0 | AG39: 0 | AH39: 0 | AI39: 0 | AJ39: 0 | AK39: 0 | AL39: 0 | AM39: =SUM(E39:AL39) -> 6
D40: PR | E40: 1 | F40: 0 | G40: 0 | H40: 0 | I40: 0 | J40: 0 | K40: 0 | L40: 0 | M40: 4 | N40: 0 | O40: 0 | P40: 0 | Q40: 0 | R40: 0 | S40: 0 | T40: 0 | U40: 0 | V40: 0 | W40: 0 | X40: 0 | Y40: 0 | Z40: 0 | AA40: 0 | AB40: 0 | AC40: 0 | AD40: 0 | AE40: 0 | AF40: 0 | AG40: 0 | AH40: 0 | AI40: 0 | AJ40: 0 | AK40: 0 | AL40: 3 | AM40: =SUM(E40:AL40) -> 8
D41: JML | E41: =SUM(E39:E40) -> 2 | F41: =SUM(F39:F40) -> 1 | G41: =SUM(G39:G40) -> 0 | H41: =SUM(H39:H40) -> 0 | I41: =SUM(I39:I40) -> 0 | J41: =SUM(J39:J40) -> 0 | K41: =SUM(K39:K40) -> 1 | L41: =SUM(L39:L40) -> 0 | ... AL41: =SUM(AL39:AL40) -> 3 | AM41: =SUM(E41:AL41) -> 14
A43: IV | B43: DATA RINCIAN PEROLEHAN SUARA PASANGAN CALON BUPATI DAN WAKIL BUPATI
A44: NOMOR DAN NAMA CALON
A45: A.1 | B45: 1. | C45: Partai Kebangkitan Bangsa | E45: 8 | F45: 5 | G45: 9 | H45: 3 | I45: 10 | J45: 18 | K45: 4 | L45: 7 | M45: 13 | N45: 5 | O45: 7 | P45: 9 | Q45: 15 | R45: 9 | S45: 3 | T45: 4 | U45: 6 | V45: 8 | W45: 12 | X45: 9 | Y45: 3 | Z45: 5 | AA45: 3 | AB45: 10 | AC45: 7 | AD45: 6 | AE45: 4 | AF45: 0 | AG45: 2 | AH45: 7 | AI45: 2 | AJ45: 1 | AK45: 2 | AL45: 4 | AM45: =SUM(E45:AL45) -> 220
A46: A.2 | B46: 1 | C46: 1. Dr. Hj. NIHAYATUL WAFIROH, M.A. | E46: 20 | F46: 30 | G46: 15 | H46: 22 | I46: 12 | J46: 17 | K46: 8 | L46: 13 | M46: 17 | N46: 9 | O46: 15 | P46: 10 | Q46: 33 | R46: 20 | S46: 8 | T46: 14 | U46: 6 | V46: 7 | W46: 7 | X46: 27 | Y46: 9 | Z46: 8 | AA46: 13 | AB46: 26 | AC46: 18 | AD46: 14 | AE46: 5 | AF46: 2 | AG46: 8 | AH46: 4 | AI46: 6 | AJ46: 2 | AK46: 7 | AL46: 7 | AM46: =SUM(E46:AL46) -> 439
B47: 2 | C47: 2. H. M. NASIM KHAN | E47: 6 | F47: 3 | G47: 14 | H47: 9 | I47: 20 | J47: 5 | K47: 9 | L47: 7 | M47: 9 | N47: 2 | O47: 12 | P47: 9 | Q47: 16 | R47: 5 | S47: 3 | T47: 1 | U47: 3 | V47: 0 | W47: 5 | X47: 14 | Y47: 2 | Z47: 4 | AA47: 32 | AB47: 61 | AC47: 22 | AD47: 15 | AE47: 2 | AF47: 0 | AG47: 8 | AH47: 0 | AI47: 3 | AJ47: 4 | AK47: 11 | AL47: 2 | AM47: =SUM(E47:AL47) -> 318
B48: 3 | C48: 3. Dr. H. AKIK ZAMAN, M.Pd.I. | E48: 2 | F48: 2 | G48: 2 | H48: 1 | I48: 3 | J48: 3 | K48: 1 | L48: 1 | M48: 0 | N48: 0 | O48: 0 | P48: 5 | Q48: 5 | R48: 1 | S48: 0 | T48: 0 | U48: 1 | V48: 0 | W48: 1 | X48: 0 | Y48: 3 | Z48: 0 | AA48: 6 | AB48: 5 | AC48: 5 | AD48: 2 | AE48: 0 | AF48: 0 | AG48: 1 | AH48: 0 | AI48: 0 | AJ48: 0 | AK48: 0 | AL48: 0 | AM48: =SUM(E48:AL48) -> 50
B49: 4 | C49: 4. AHMAD RIFA'I, S.H. | E49: 0 | F49: 2 | G49: 4 | H49: 0 | I49: 0 | J49: 1 | K49: 1 | L49: 0 | M49: 2 | N49: 2 | O49: 0 | P49: 2 | Q49: 2 | R49: 0 | S49: 0 | T49: 1 | U49: 0 | V49: 0 | W49: 0 | X49: 4 | Y49: 1 | Z49: 1 | AA49: 2 | AB49: 0 | AC49: 1 | AD49: 0 | AE49: 1 | AF49: 0 | AG49: 1 | AH49: 0 | AI49: 0 | AJ49: 1 | AK49: 1 | AL49: 0 | AM49: =SUM(E49:AL49) -> 30
B50: 5 | C50: 5. Drs. H. MAHFUD M.N. | E50: 1 | F50: 1 | G50: 0 | H50: 2 | I50: 0 | J50: 1 | K50: 0 | L50: 0 | M50: 1 | N50: 1 | O50: 3 | P50: 0 | Q50: 1 | R50: 1 | S50: 3 | T50: 0 | U50: 1 | V50: 0 | W50: 0 | X50: 0 | Y50: 1 | Z50: 0 | AA50: 0 | AB50: 0 | AC50: 0 | AD50: 2 | AE50: 0 | AF50: 1 | AG50: 0 | AH50: 0 | AI50: 0 | AJ50: 0 | AK50: 0 | AL50: 0 | AM50: =SUM(E50:AL50) -> 20
B51: 6 | C51: 6. NURHAYATI, S.Pd. | E51: 1 | F51: 1 | G51: 1 | H51: 0 | I51: 1 | J51: 0 | K51: 0 | L51: 1 | M51: 0 | N51: 0 | O51: 0 | P51: 0 | Q51: 1 | R51: 1 | S51: 0 | T51: 0 | U51: 0 | V51: 1 | W51: 0 | X51: 0 | Y51: 0 | Z51: 0 | AA51: 1 | AB51: 0 | AC51: 0 | AD51: 1 | AE51: 1 | AF51: 1 | AG51: 0 | AH51: 0 | AI51: 0 | AJ51: 0 | AK51: 1 | AL51: 0 | AM51: =SUM(E51:AL51) -> 13
B52: 7 | C52: 7. MAFTUHA KISWAH | E52: 0 | F52: 0 | G52: 0 | H52: 2 | I52: 0 | J52: 0 | K52: 0 | L52: 0 | M52: 0 | N52: 1 | O52: 0 | P52: 0 | Q52: 0 | R52: 0 | S52: 0 | T52: 2 | U52: 3 | V52: 0 | W52: 0 | X52: 0 | Y52: 0 | Z52: 0 | AA52: 0 | AB52: 0 | AC52: 1 | AD52: 0 | AE52: 0 | AF52: 0 | AG52: 0 | AH52: 0 | AI52: 0 | AJ52: 1 | AK52: 1 | AL52: 0 | AM52: =SUM(E52:AL52) -> 11
AM53: =SUM(E53:AL53) -> 0
AM54: =SUM(E54:AL54) -> 0
A55: B | B55: JUMLAH SUARA SAH PARTAI POLITIK DAN CALON (A1 + A2) | E55: =SUM(E45:E54) -> 38 | F55: =SUM(F45:F54) -> 44 | G55: =SUM(G45:G54) -> 45 | H55: =SUM(H45:H54) -> 39 | I55: =SUM(I45:I54) -> 46 | J55: =SUM(J45:J54) -> 45 | K55: =SUM(K45:K54) -> 23 | L55: =SUM(L45:L54) -> 29 | ... AM55: =SUM(AM45:AM54) -> 1101
A57: A.1 | B57: 2. | C57: Partai Gerakan Indonesia Raya | E57: 8 | F57: 7 | G57: 9 | H57: 10 | I57: 4 | J57: 4 | K57: 13 | L57: 7 | M57: 13 | N57: 11 | O57: 14 | P57: 7 | Q57: 9 | R57: 12 | S57: 6 | T57: 10 | U57: 13 | V57: 11 | W57: 21 | X57: 11 | Y57: 7 | Z57: 4 | AA57: 6 | AB57: 1 | AC57: 12 | AD57: 9 | AE57: 10 | AF57: 10 | AG57: 9 | AH57: 9 | AI57: 7 | AJ57: 13 | AK57: 4 | AL57: 7 | AM57: =SUM(E57:AL57) -> 308
A58: A.2 | B58: 1 | C58: 1. SUMAIL ABDULLAH | E58: 13 | F58: 10 | G58: 2 | H58: 9 | I58: 4 | J58: 3 | K58: 11 | L58: 7 | M58: 10 | N58: 15 | O58: 8 | P58: 5 | Q58: 6 | R58: 6 | S58: 9 | T58: 7 | U58: 15 | V58: 1 | W58: 3 | X58: 5 | Y58: 10 | Z58: 5 | AA58: 8 | AB58: 12 | AC58: 13 | AD58: 8 | AE58: 7 | AF58: 8 | AG58: 5 | AH58: 14 | AI58: 6 | AJ58: 18 | AK58: 3 | AL58: 4 | AM58: =SUM(E58:AL58) -> 270
B59: 2 | C59: 2. MUHAMMAD ALI ADRIAN SALEH | E59: 2 | F59: 3 | G59: 0 | H59: 1 | I59: 2 | J59: 1 | K59: 3 | L59: 0 | M59: 1 | N59: 7 | O59: 1 | P59: 2 | Q59: 0 | R59: 2 | S59: 5 | T59: 8 | U59: 0 | V59: 3 | W59: 0 | X59: 2 | Y59: 3 | Z59: 2 | AA59: 3 | AB59: 2 | AC59: 4 | AD59: 2 | AE59: 3 | AF59: 1 | AG59: 2 | AH59: 5 | AI59: 3 | AJ59: 6 | AK59: 5 | AL59: 0 | AM59: =SUM(E59:AL59) -> 84
B60: 3 | C60: 3. DURROTUN NAFISAH | E60: 2 | F60: 5 | G60: 0 | H60: 0 | I60: 0 | J60: 1 | K60: 1 | L60: 0 | M60: 1 | N60: 0 | O60: 1 | P60: 3 | Q60: 1 | R60: 1 | S60: 0 | T60: 0 | U60: 1 | V60: 3 | W60: 2 | X60: 1 | Y60: 5 | Z60: 0 | AA60: 3 | AB60: 0 | AC60: 4 | AD60: 1 | AE60: 1 | AF60: 4 | AG60: 1 | AH60: 1 | AI60: 0 | AJ60: 0 | AK60: 0 | AL60: 0 | AM60: =SUM(E60:AL60) -> 43
B61: 4 | C61: 4. H. EKO SUSILO NURHIDAYAT | E61: 0 | F61: 0 | G61: 2 | H61: 1 | I61: 1 | J61: 3 | K61: 4 | L61: 2 | M61: 1 | N61: 2 | O61: 0 | P61: 0 | Q61: 1 | R61: 0 | S61: 2 | T61: 10 | U61: 3 | V61: 1 | W61: 1 | X61: 2 | Y61: 1 | Z61: 1 | AA61: 2 | AB61: 1 | AC61: 10 | AD61: 1 | AE61: 4 | AF61: 2 | AG61: 0 | AH61: 3 | AI61: 0 | AJ61: 2 | AK61: 1 | AL61: 0 | AM61: =SUM(E61:AL61) -> 64
B62: 5 | C62: 5. KARNADI HARIJANTO, S.S. | E62: 0 | F62: 0 | G62: 0 | H62: 1 | I62: 0 | J62: 0 | K62: 0 | L62: 0 | M62: 0 | N62: 0 | O62: 2 | P62: 0 | Q62: 0 | R62: 0 | S62: 0 | T62: 0 | U62: 0 | V62: 0 | W62: 0 | X62: 0 | Y62: 1 | Z62: 0 | AA62: 0 | AB62: 0 | AC62: 1 | AD62: 0 | AE62: 0 | AF62: 1 | AG62: 0 | AH62: 0 | AI62: 0 | AJ62: 0 | AK62: 0 | AL62: 0 | AM62: =SUM(E62:AL62) -> 6
B63: 6 | C63: 6. NURHAYATI | E63: 2 | F63: 0 | G63: 1 | H63: 0 | I63: 0 | J63: 0 | K63: 2 | L63: 0 | M63: 1 | N63: 1 | O63: 0 | P63: 1 | Q63: 1 | R63: 2 | S63: 1 | T63: 1 | U63: 0 | V63: 2 | W63: 1 | X63: 3 | Y63: 2 | Z63: 0 | AA63: 2 | AB63: 0 | AC63: 4 | AD63: 2 | AE63: 0 | AF63: 0 | AG63: 0 | AH63: 0 | AI63: 0 | AJ63: 0 | AK63: 0 | AL63: 1 | AM63: =SUM(E63:AL63) -> 30
B64: 7 | C64: 7. MASHUDI | E64: 0 | F64: 0 | G64: 0 | H64: 0 | I64: 0 | J64: 0 | K64: 0 | L64: 0 | M64: 0 | N64: 0 | O64: 0 | P64: 0 | Q64: 0 | R64: 0 | S64: 0 | T64: 0 | U64: 1 | V64: 0 | W64: 0 | X64: 0 | Y64: 0 | Z64: 0 | AA64: 2 | AB64: 0 | AC64: 0 | AD64: 0 | AE64: 0 | AF64: 0 | AG64: 0 | AH64: 0 | AI64: 0 | AJ64: 1 | AK64: 0 | AL64: 1 | AM64: =SUM(E64:AL64) -> 5
AM65: =SUM(E65:AL65) -> 0
AM66: =SUM(E66:AL66) -> 0
A67: B | B67: JUMLAH SUARA SAH PARTAI POLITIK DAN CALON (A1 + A2) | E67: =SUM(E57:E66) -> 27 | F67: =SUM(F57:F66) -> 25 | G67: =SUM(G57:G66) -> 14 | H67: =SUM(H57:H66) -> 22 | I67: =SUM(I57:I66) -> 11 | J67: =SUM(J57:J66) -> 12 | K67: =SUM(K57:K66) -> 34 | L67: =SUM(L57:L66) -> 16 | ... AM67: =SUM(AM57:AM66) -> 810
A69: A.1 | B69: 3. | C69: Partai Demokrasi Indonesia Perjuangan | E69: 2 | F69: 4 | G69: 11 | H69: 6 | I69: 14 | J69: 13 | K69: 11 | L69: 8 | M69: 11 | N69: 1 | O69: 6 | P69: 4 | Q69: 10 | R69: 14 | S69: 7 | T69: 7 | U69: 12 | V69: 12 | W69: 23 | X69: 8 | Y69: 16 | Z69: 9 | AA69: 6 | AB69: 6 | AC69: 8 | AD69: 4 | AE69: 16 | AF69: 21 | AG69: 4 | AH69: 3 | AI69: 6 | AJ69: 3 | AK69: 2 | AL69: 15 | AM69: =SUM(E69:AL69) -> 303
A70: A.2 | B70: 1 | C70: 1. SONNY TRI DANAPARAMITA, S.H., M.H. | E70: 16 | F70: 5 | G70: 9 | H70: 28 | I70: 21 | J70: 25 | K70: 28 | L70: 13 | M70: 6 | N70: 10 | O70: 16 | P70: 15 | Q70: 22 | R70: 13 | S70: 11 | T70: 15 | U70: 18 | V70: 8 | W70: 8 | X70: 4 | Y70: 7 | Z70: 6 | AA70: 4 | AB70: 3 | AC70: 11 | AD70: 38 | AE70: 29 | AF70: 15 | AG70: 9 | AH70: 6 | AI70: 4 | AJ70: 6 | AK70: 6 | AL70: 9 | AM70: =SUM(E70:AL70) -> 444
B71: 2 | C71: 2. H. MOHAMAD GUNTUR ROMLI | E71: 1 | F71: 4 | G71: 0 | H71: 1 | I71: 10 | J71: 3 | K71: 10 | L71: 7 | M71: 3 | N71: 9 | O71: 3 | P71: 6 | Q71: 3 | R71: 30 | S71: 20 | T71: 5 | U71: 3 | V71: 3 | W71: 4 | X71: 6 | Y71: 5 | Z71: 9 | AA71: 3 | AB71: 2 | AC71: 1 | AD71: 2 | AE71: 1 | AF71: 5 | AG71: 2 | AH71: 5 | AI71: 8 | AJ71: 7 | AK71: 1 | AL71: 0 | AM71: =SUM(E71:AL71) -> 182
B72: 3 | C72: 3. INA AMMANIA | E72: 0 | F72: 1 | G72: 5 | H72: 22 | I72: 16 | J72: 2 | K72: 4 | L72: 34 | M72: 1 | N72: 1 | O72: 2 | P72: 1 | Q72: 2 | R72: 0 | S72: 1 | T72: 7 | U72: 2 | V72: 2 | W72: 2 | X72: 0 | Y72: 3 | Z72: 2 | AA72: 4 | AB72: 1 | AC72: 2 | AD72: 1 | AE72: 2 | AF72: 62 | AG72: 4 | AH72: 1 | AI72: 2 | AJ72: 1 | AK72: 2 | AL72: 1 | AM72: =SUM(E72:AL72) -> 193
B73: 4 | C73: 4. IRWAN BACHTIAR RACHMAT, M.Si. | E73: 0 | F73: 2 | G73: 0 | H73: 0 | I73: 2 | J73: 1 | K73: 1 | L73: 2 | M73: 1 | N73: 2 | O73: 0 | P73: 1 | Q73: 1 | R73: 1 | S73: 2 | T73: 0 | U73: 1 | V73: 1 | W73: 0 | X73: 0 | Y73: 1 | Z73: 3 | AA73: 3 | AB73: 0 | AC73: 0 | AD73: 0 | AE73: 0 | AF73: 2 | AG73: 2 | AH73: 0 | AI73: 1 | AJ73: 1 | AK73: 0 | AL73: 1 | AM73: =SUM(E73:AL73) -> 32
B74: 5 | C74: 5. LUCKY PERDANA | E74: 5 | F74: 6 | G74: 4 | H74: 2 | I74: 8 | J74: 14 | K74: 12 | L74: 7 | M74: 1 | N74: 4 | O74: 6 | P74: 10 | Q74: 4 | R74: 4 | S74: 6 | T74: 4 | U74: 5 | V74: 7 | W74: 6 | X74: 6 | Y74: 6 | Z74: 3 | AA74: 7 | AB74: 5 | AC74: 6 | AD74: 9 | AE74: 6 | AF74: 3 | AG74: 5 | AH74: 4 | AI74: 8 | AJ74: 1 | AK74: 5 | AL74: 5 | AM74: =SUM(E74:AL74) -> 194
B75: 6 | C75: 6. WIWIK PUJIYATI | E75: 0 | F75: 0 | G75: 1 | H75: 1 | I75: 1 | J75: 1 | K75: 0 | L75: 0 | M75: 0 | N75: 1 | O75: 0 | P75: 1 | Q75: 1 | R75: 3 | S75: 0 | T75: 0 | U75: 0 | V75: 7 | W75: 2 | X75: 2 | Y75: 0 | Z75: 0 | AA75: 0 | AB75: 0 | AC75: 1 | AD75: 0 | AE75: 1 | AF75: 2 | AG75: 0 | AH75: 0 | AI75: 2 | AJ75: 0 | AK75: 0 | AL75: 0 | AM75: =SUM(E75:AL75) -> 27
B76: 7 | C76: 7. CHANDRA ASTAN, S.T. | E76: 3 | F76: 1 | G76: 0 | H76: 3 | I76: 3 | J76: 0 | K76: 0 | L76: 8 | M76: 1 | N76: 0 | O76: 0 | P76: 0 | Q76: 0 | R76: 1 | S76: 0 | T76: 0 | U76: 4 | V76: 0 | W76: 5 | X76: 5 | Y76: 1 | Z76: 0 | AA76: 0 | AB76: 3 | AC76: 1 | AD76: 0 | AE76: 3 | AF76: 1 | AG76: 7 | AH76: 3 | AI76: 4 | AJ76: 0 | AK76: 0 | AL76: 8 | AM76: =SUM(E76:AL76) -> 65
AM77: =SUM(E77:AL77) -> 0
AM78: =SUM(E78:AL78) -> 0
A79: B | B79: JUMLAH SUARA SAH PARTAI POLITIK DAN CALON (A1 + A2) | E79: =SUM(E69:E78) -> 27 | F79: =SUM(F69:F78) -> 23 | G79: =SUM(G69:G78) -> 30 | H79: =SUM(H69:H78) -> 63 | I79: =SUM(I69:I78) -> 75 | J79: =SUM(J69:J78) -> 59 | K79: =SUM(K69:K78) -> 66 | L79: =SUM(L69:L78) -> 79 | ... AM79: =SUM(AM69:AM78) -> 1440
A81: A.1 | B81: 4. | C81: Partai Golongan Karya | E81: 2 | F81: 1 | G81: 8 | H81: 0 | I81: 4 | J81: 2 | K81: 3 | L81: 4 | M81: 4 | N81: 4 | O81: 4 | P81: 3 | Q81: 1 | R81: 1 | S81: 1 | T81: 2 | U81: 1 | V81: 2 | W81: 3 | X81: 0 | Y81: 1 | Z81: 1 | AA81: 4 | AB81: 1 | AC81: 2 | AD81: 5 | AE81: 2 | AF81: 5 | AG81: 3 | AH81: 3 | AI81: 2 | AJ81: 5 | AK81: 0 | AL81: 0 | AM81: =SUM(E81:AL81) -> 84
A82: A.2 | B82: 1 | C82: 1. ZULFIKAR ARSE SADIKIN, S.I.P., M.Si. | E82: 3 | F82: 6 | G82: 5 | H82: 2 | I82: 8 | J82: 3 | K82: 4 | L82: 4 | M82: 1 | N82: 2 | O82: 2 | P82: 2 | Q82: 2 | R82: 2 | S82: 8 | T82: 2 | U82: 1 | V82: 3 | W82: 3 | X82: 1 | Y82: 1 | Z82: 1 | AA82: 2 | AB82: 2 | AC82: 5 | AD82: 9 | AE82: 2 | AF82: 0 | AG82: 12 | AH82: 22 | AI82: 23 | AJ82: 32 | AK82: 6 | AL82: 5 | AM82: =SUM(E82:AL82) -> 186
B83: 2 | C83: 2. HANDOKO | E83: 2 | F83: 7 | G83: 4 | H83: 3 | I83: 2 | J83: 4 | K83: 2 | L83: 3 | M83: 1 | N83: 3 | O83: 0 | P83: 2 | Q83: 1 | R83: 3 | S83: 0 | T83: 1 | U83: 5 | V83: 0 | W83: 0 | X83: 3 | Y83: 7 | Z83: 2 | AA83: 5 | AB83: 9 | AC83: 5 | AD83: 2 | AE83: 5 | AF83: 2 | AG83: 3 | AH83: 2 | AI83: 2 | AJ83: 5 | AK83: 3 | AL83: 4 | AM83: =SUM(E83:AL83) -> 102
B84: 3 | C84: 3. Hj. OVI DEWI YANTI | E84: 1 | F84: 1 | G84: 0 | H84: 1 | I84: 0 | J84: 0 | K84: 1 | L84: 0 | M84: 1 | N84: 1 | O84: 0 | P84: 0 | Q84: 0 | R84: 1 | S84: 1 | T84: 1 | U84: 0 | V84: 0 | W84: 0 | X84: 1 | Y84: 2 | Z84: 0 | AA84: 0 | AB84: 0 | AC84: 0 | AD84: 0 | AE84: 0 | AF84: 1 | AG84: 1 | AH84: 0 | AI84: 0 | AJ84: 0 | AK84: 1 | AL84: 0 | AM84: =SUM(E84:AL84) -> 15
B85: 4 | C85: 4. Ir. AZAM AZMAN NATAWIJANA | E85: 0 | F85: 0 | G85: 1 | H85: 2 | I85: 0 | J85: 3 | K85: 0 | L85: 0 | M85: 0 | N85: 1 | O85: 1 | P85: 0 | Q85: 0 | R85: 0 | S85: 0 | T85: 0 | U85: 0 | V85: 1 | W85: 0 | X85: 0 | Y85: 1 | Z85: 0 | AA85: 0 | AB85: 1 | AC85: 1 | AD85: 0 | AE85: 0 | AF85: 0 | AG85: 0 | AH85: 0 | AI85: 0 | AJ85: 3 | AK85: 0 | AL85: 0 | AM85: =SUM(E85:AL85) -> 15
B86: 5 | C86: 5. UBAIDILLAH AMIN, S.Kom. | E86: 1 | F86: 1 | G86: 5 | H86: 2 | I86: 3 | J86: 2 | K86: 4 | L86: 2 | M86: 3 | N86: 4 | O86: 1 | P86: 1 | Q86: 0 | R86: 0 | S86: 3 | T86: 1 | U86: 2 | V86: 1 | W86: 1 | X86: 0 | Y86: 8 | Z86: 0 | AA86: 0 | AB86: 0 | AC86: 2 | AD86: 5 | AE86: 4 | AF86: 2 | AG86: 0 | AH86: 1 | AI86: 0 | AJ86: 3 | AK86: 1 | AL86: 4 | AM86: =SUM(E86:AL86) -> 67
B87: 6 | C87: 6. DENNY YUNIANDARI, S.H., M.Kn. | E87: 0 | F87: 0 | G87: 0 | H87: 0 | I87: 1 | J87: 0 | K87: 0 | L87: 0 | M87: 0 | N87: 0 | O87: 0 | P87: 0 | Q87: 0 | R87: 0 | S87: 0 | T87: 0 | U87: 1 | V87: 0 | W87: 0 | X87: 0 | Y87: 1 | Z87: 0 | AA87: 0 | AB87: 0 | AC87: 1 | AD87: 0 | AE87: 0 | AF87: 0 | AG87: 0 | AH87: 0 | AI87: 0 | AJ87: 0 | AK87: 0 | AL87: 0 | AM87: =SUM(E87:AL87) -> 4
