Workbook

Sheet DPR RI
C8: Kecamatan | D8: GAMBIRAN
C9: Kabupaten | D9: BANYUWANGI
C10: Provinsi | D10: JAWA TIMUR
A12: I | B12: DATA PEMILIH DAN PENGGUNAAN HAK PILIH | E12: JUMLAH AKHIR
A13: A | B13: DATA PEMILIH
B14: Jumlah Pemilih dalam Daftar Pemilih Tetap (DPT) | D14: LK | E14: =GAMBIRAN!AY14+JAJAG!BA14+PURWODADI!AC14+WRINGINAGUNG!AB14+WRINGINREJO!X14+YOSOMULYO!AP14 -> 25710
D15: PR | E15: =GAMBIRAN!AY15+JAJAG!BA15+PURWODADI!AC15+WRINGINAGUNG!AB15+WRINGINREJO!X15+YOSOMULYO!AP15 -> 26323
D16: JML | E16: =SUM(E14:E15) -> 52033
A18: B | B18: PENGGUNA HAK PILIH
B19: 1. | C19: Jumlah pengguna hak pilih dalam Daftar Pemilih Tetap (DPT) | D19: LK | E19: =GAMBIRAN!AY19+JAJAG!BA19+PURWODADI!AC19+WRINGINAGUNG!AB19+WRINGINREJO!X19+YOSOMULYO!AP19 -> 19014
D20: PR | E20: =GAMBIRAN!AY20+JAJAG!BA20+PURWODADI!AC20+WRINGINAGUNG!AB20+WRINGINREJO!X20+YOSOMULYO!AP20 -> 20748
D21: JML | E21: =SUM(E19:E20) -> 39762
B22: 2. | C22: Jumlah pengguna hak pilih dalam Daftar Pemilih Tambahan (DPTb) | D22: LK | E22: =GAMBIRAN!AY22+JAJAG!BA22+PURWODADI!AC22+WRINGINAGUNG!AB22+WRINGINREJO!X22+YOSOMULYO!AP22 -> 28
D23: PR | E23: =GAMBIRAN!AY23+JAJAG!BA23+PURWODADI!AC23+WRINGINAGUNG!AB23+WRINGINREJO!X23+YOSOMULYO!AP23 -> 24
D24: JML | E24: =SUM(E22:E23) -> 52
B25: 3. | C25: Jumlah pengguna hak pilih dalam Daftar Pemilih Khusus (DPK) | D25: LK | E25: =GAMBIRAN!AY25+JAJAG!BA25+PURWODADI!AC25+WRINGINAGUNG!AB25+WRINGINREJO!X25+YOSOMULYO!AP25 -> 200
D26: PR | E26: =GAMBIRAN!AY26+JAJAG!BA26+PURWODADI!AC26+WRINGINAGUNG!AB26+WRINGINREJO!X26+YOSOMULYO!AP26 -> 230
D27: JML | E27: =SUM(E25:E26) -> 430
B28: 4. | C28: Jumlah Pengguna Hak Pilih (B.1+B.2+B.3) | D28: LK | E28: =E19+E22+E25 -> 19242
D29: PR | E29: =E20+E23+E26 -> 21002
D30: JML | E30: =SUM(E28:E29) -> 40244
A32: II | B32: DATA PENGGUNAAN SURAT SUARA
A33: 1 | B33: Jumlah surat suara yang diterima, termasuk surat suara cadangan 2,5% dari DPT | E33: =GAMBIRAN!AY33+JAJAG!BA33+PURWODADI!AC33+WRINGINAGUNG!AB33+WRINGINREJO!X33+YOSOMULYO!AP33 -> 53221
A34: 2 | B34: Jumlah surat suara yang digunakan | E34: =GAMBIRAN!AY34+JAJAG!BA34+PURWODADI!AC34+WRINGINAGUNG!AB34+WRINGINREJO!X34+YOSOMULYO!AP34 -> 40244
A35: 3 | B35: Jumlah surat suara dikembalikan oleh pemilih (karena rusak atau keliru coblos) | E35: =GAMBIRAN!AY35+JAJAG!BA35+PURWODADI!AC35+WRINGINAGUNG!AB35+WRINGINREJO!X35+YOSOMULYO!AP35 -> 72
A36: 4 | B36: Jumlah surat suara yang tidak digunakan/tidak terpakai, termasuk sisa surat suara cadangan | E36: =E33-(E34+E35) -> 12905
A38: III | B38: DATA PEMILIH DISABILITAS
B39: Jumlah seluruh Pemilih disabilitas yang menggunakan hak pilih | D39: LK | E39: =GAMBIRAN!AY39+JAJAG!BA39+PURWODADI!AC39+WRINGINAGUNG!AB39+WRINGINREJO!X39+YOSOMULYO!AP39 -> 35
D40: PR | E40: =GAMBIRAN!AY40+JAJAG!BA40+PURWODADI!AC40+WRINGINAGUNG!AB40+WRINGINREJO!X40+YOSOMULYO!AP40 -> 43
D41: JML | E41: =SUM(E39:E40) -> 78
A43: IV | B43: DATA RINCIAN PEROLEHAN SUARA PASANGAN CALON BUPATI DAN WAKIL BUPATI
A44: NOMOR DAN NAMA CALON
A45: A.1 | B45: 1. | C45: Partai Kebangkitan Bangsa | E45: =GAMBIRAN!AY45+JAJAG!BA45+PURWODADI!AC45+WRINGINAGUNG!AB45+WRINGINREJO!X45+YOSOMULYO!AP45 -> 1123
A46: A.2 | B46: 1 | C46: 1. Dr. Hj. NIHAYATUL WAFIROH, M.A. | E46: =GAMBIRAN!AY46+JAJAG!BA46+PURWODADI!AC46+WRINGINAGUNG!AB46+WRINGINREJO!X46+YOSOMULYO!AP46 -> 3216
B47: 2 | C47: 2. H. M. NASIM KHAN | E47: =GAMBIRAN!AY47+JAJAG!BA47+PURWODADI!AC47+WRINGINAGUNG!AB47+WRINGINREJO!X47+YOSOMULYO!AP47 -> 228
B48: 3 | C48: 3. Dr. H. AKIK ZAMAN, M.Pd.I. | E48: =GAMBIRAN!AY48+JAJAG!BA48+PURWODADI!AC48+WRINGINAGUNG!AB48+WRINGINREJO!X48+YOSOMULYO!AP48 -> 154
B49: 4 | C49: 4. AHMAD RIFA'I, S.H. | E49: =GAMBIRAN!AY49+JAJAG!BA49+PURWODADI!AC49+WRINGINAGUNG!AB49+WRINGINREJO!X49+YOSOMULYO!AP49 -> 227
B50: 5 | C50: 5. Drs. H. MAHFUD M.N. | E50: =GAMBIRAN!AY50+JAJAG!BA50+PURWODADI!AC50+WRINGINAGUNG!AB50+WRINGINREJO!X50+YOSOMULYO!AP50 -> 87
B51: 6 | C51: 6. NURHAYATI, S.Pd. | E51: =GAMBIRAN!AY51+JAJAG!BA51+PURWODADI!AC51+WRINGINAGUNG!AB51+WRINGINREJO!X51+YOSOMULYO!AP51 -> 148
B52: 7 | C52: 7. MAFTUHA KISWAH | E52: =GAMBIRAN!AY52+JAJAG!BA52+PURWODADI!AC52+WRINGINAGUNG!AB52+WRINGINREJO!X52+YOSOMULYO!AP52 -> 41
A55: B | B55: JUMLAH SUARA SAH PARTAI POLITIK DAN CALON (A1 + A2) | E55: =SUM(E45:E52) -> 5224
A57: A.1 | B57: 2. | C57: Partai Gerakan Indonesia Raya | E57: =GAMBIRAN!AY57+JAJAG!BA57+PURWODADI!AC57+WRINGINAGUNG!AB57+WRINGINREJO!X57+YOSOMULYO!AP57 -> 1653
A58: A.2 | B58: 1 | C58: 1. SUMAIL ABDULLAH | E58: =GAMBIRAN!AY58+JAJAG!BA58+PURWODADI!AC58+WRINGINAGUNG!AB58+WRINGINREJO!X58+YOSOMULYO!AP58 -> 1910
B59: 2 | C59: 2. MUHAMMAD ALI ADRIAN SALEH | E59: =GAMBIRAN!AY59+JAJAG!BA59+PURWODADI!AC59+WRINGINAGUNG!AB59+WRINGINREJO!X59+YOSOMULYO!AP59 -> 481
B60: 3 | C60: 3. DURROTUN NAFISAH | E60: =GAMBIRAN!AY60+JAJAG!BA60+PURWODADI!AC60+WRINGINAGUNG!AB60+WRINGINREJO!X60+YOSOMULYO!AP60 -> 178
B61: 4 | C61: 4. H. EKO SUSILO NURHIDAYAT | E61: =GAMBIRAN!AY61+JAJAG!BA61+PURWODADI!AC61+WRINGINAGUNG!AB61+WRINGINREJO!X61+YOSOMULYO!AP61 -> 374
B62: 5 | C62: 5. KARNADI HARIJANTO, S.S. | E62: =GAMBIRAN!AY62+JAJAG!BA62+PURWODADI!AC62+WRINGINAGUNG!AB62+WRINGINREJO!X62+YOSOMULYO!AP62 -> 66
B63: 6 | C63: 6. NURHAYATI | E63: =GAMBIRAN!AY63+JAJAG!BA63+PURWODADI!AC63+WRINGINAGUNG!AB63+WRINGINREJO!X63+YOSOMULYO!AP63 -> 146
B64: 7 | C64: 7. MASHUDI | E64: =GAMBIRAN!AY64+JAJAG!BA64+PURWODADI!AC64+WRINGINAGUNG!AB64+WRINGINREJO!X64+YOSOMULYO!AP64 -> 68
A67: B | B67: JUMLAH SUARA SAH PARTAI POLITIK DAN CALON (A1 + A2) | E67: =SUM(E57:E64) -> 4876
A69: A.1 | B69: 3. | C69: Partai Demokrasi Indonesia Perjuangan | E69: =GAMBIRAN!AY69+JAJAG!BA69+PURWODADI!AC69+WRINGINAGUNG!AB69+WRINGINREJO!X69+YOSOMULYO!AP69 -> 2437
A70: A.2 | B70: 1 | C70: 1. SONNY TRI DANAPARAMITA, S.H., M.H. | E70: =GAMBIRAN!AY70+JAJAG!BA70+PURWODADI!AC70+WRINGINAGUNG!AB70+WRINGINREJO!X70+YOSOMULYO!AP70 -> 3457
B71: 2 | C71: 2. H. MOHAMAD GUNTUR ROMLI | E71: =GAMBIRAN!AY71+JAJAG!BA71+PURWODADI!AC71+WRINGINAGUNG!AB71+WRINGINREJO!X71+YOSOMULYO!AP71 -> 664
B72: 3 | C72: 3. INA AMMANIA | E72: =GAMBIRAN!AY72+JAJAG!BA72+PURWODADI!AC72+WRINGINAGUNG!AB72+WRINGINREJO!X72+YOSOMULYO!AP72 -> 1948
B73: 4 | C73: 4. IRWAN BACHTIAR RACHMAT, M.Si. | E73: =GAMBIRAN!AY73+JAJAG!BA73+PURWODADI!AC73+WRINGINAGUNG!AB73+WRINGINREJO!X73+YOSOMULYO!AP73 -> 159
B74: 5 | C74: 5. LUCKY PERDANA | E74: =GAMBIRAN!AY74+JAJAG!BA74+PURWODADI!AC74+WRINGINAGUNG!AB74+WRINGINREJO!X74+YOSOMULYO!AP74 -> 926
B75: 6 | C75: 6. WIWIK PUJIYATI | E75: =GAMBIRAN!AY75+JAJAG!BA75+PURWODADI!AC75+WRINGINAGUNG!AB75+WRINGINREJO!X75+YOSOMULYO!AP75 -> 281
B76: 7 | C76: 7. CHANDRA ASTAN, S.T. | E76: =GAMBIRAN!AY76+JAJAG!BA76+PURWODADI!AC76+WRINGINAGUNG!AB76+WRINGINREJO!X76+YOSOMULYO!AP76 -> 470
A79: B | B79: JUMLAH SUARA SAH PARTAI POLITIK DAN CALON (A1 + A2) | E79: =SUM(E69:E76) -> 10342
A81: A.1 | B81: 4. | C81: Partai Golongan Karya | E81: =GAMBIRAN!AY81+JAJAG!BA81+PURWODADI!AC81+WRINGINAGUNG!AB81+WRINGINREJO!X81+YOSOMULYO!AP81 -> 642
A82: A.2 | B82: 1 | C82: 1. ZULFIKAR ARSE SADIKIN, S.I.P., M.Si. | E82: =GAMBIRAN!AY82+JAJAG!BA82+PURWODADI!AC82+WRINGINAGUNG!AB82+WRINGINREJO!X82+YOSOMULYO!AP82 -> 2175
B83: 2 | C83: 2. HANDOKO | E83: =GAMBIRAN!AY83+JAJAG!BA83+PURWODADI!AC83+WRINGINAGUNG!AB83+WRINGINREJO!X83+YOSOMULYO!AP83 -> 1457
B84: 3 | C84: 3. Hj. OVI DEWI YANTI | E84: =GAMBIRAN!AY84+JAJAG!BA84+PURWODADI!AC84+WRINGINAGUNG!AB84+WRINGINREJO!X84+YOSOMULYO!AP84 -> 77
B85: 4 | C85: 4. Ir. AZAM AZMAN NATAWIJANA | E85: =GAMBIRAN!AY85+JAJAG!BA85+PURWODADI!AC85+WRINGINAGUNG!AB85+WRINGINREJO!X85+YOSOMULYO!AP85 -> 81
B86: 5 | C86: 5. UBAIDILLAH AMIN, S.Kom. | E86: =GAMBIRAN!AY86+JAJAG!BA86+PURWODADI!AC86+WRINGINAGUNG!AB86+WRINGINREJO!X86+YOSOMULYO!AP86 -> 137
B87: 6 | C87: 6. DENNY YUNIANDARI, S.H., M.Kn. | E87: =GAMBIRAN!AY87+JAJAG!BA87+PURWODADI!AC87+WRINGINAGUNG!AB87+WRINGINREJO!X87+YOSOMULYO!AP87 -> 43
B88: 7 | C88: 7. ERNADI, S.H.I. | E88: =GAMBIRAN!AY88+JAJAG!BA88+PURWODADI!AC88+WRINGINAGUNG!AB88+WRINGINREJO!X88+YOSOMULYO!AP88 -> 12
A91: B | B91: JUMLAH SUARA SAH PARTAI POLITIK DAN CALON (A1 + A2) | E91: =SUM(E81:E88) -> 4624
A93: A.1 | B93: 5. | C93: Partai NasDem | E93: =GAMBIRAN!AY93+JAJAG!BA93+PURWODADI!AC93+WRINGINAGUNG!AB93+WRINGINREJO!X93+YOSOMULYO!AP93 -> 253
A94: A.2 | B94: 1 | C94: 1. ACH. FADIL MUZAKKI SYAH | E94: =GAMBIRAN!AY94+JAJAG!BA94+PURWODADI!AC94+WRINGINAGUNG!AB94+WRINGINREJO!X94+YOSOMULYO!AP94 -> 226
B95: 2 | C95: 2. BENY | E95: =GAMBIRAN!AY95+JAJAG!BA95+PURWODADI!AC95+WRINGINAGUNG!AB95+WRINGINREJO!X95+YOSOMULYO!AP95 -> 538
B96: 3 | C96: 3. VINA VERONIKA | E96: =GAMBIRAN!AY96+JAJAG!BA96+PURWODADI!AC96+WRINGINAGUNG!AB96+WRINGINREJO!X96+YOSOMULYO!AP96 -> 29
B97: 4 | C97: 4. TEDDY ANUGRIANTO | E97: =GAMBIRAN!AY97+JAJAG!BA97+PURWODADI!AC97+WRINGINAGUNG!AB97+WRINGINREJO!X97+YOSOMULYO!AP97 -> 95
B98: 5 | C98: 5. INSAN KAMIL | E98: =GAMBIRAN!AY98+JAJAG!BA98+PURWODADI!AC98+WRINGINAGUNG!AB98+WRINGINREJO!X98+YOSOMULYO!AP98 -> 27
B99: 6 | C99: 6. LILIK LINDARWATI | E99: =GAMBIRAN!AY99+JAJAG!BA99+PURWODADI!AC99+WRINGINAGUNG!AB99+WRINGINREJO!X99+YOSOMULYO!AP99 -> 18
B100: 7 | C100: 7. YULI ANITA | E100: =GAMBIRAN!AY100+JAJAG!BA100+PURWODADI!AC100+WRINGINAGUNG!AB100+WRINGINREJO!X100+YOSOMULYO!AP100 -> 10
A103: B | B103: JUMLAH SUARA SAH PARTAI POLITIK DAN CALON (A1 + A2) | E103: =SUM(E93:E100) -> 1196
A105: A.1 | B105: 6. | C105: Partai Buruh | E105: =GAMBIRAN!AY105+JAJAG!BA105+PURWODADI!AC105+WRINGINAGUNG!AB105+WRINGINREJO!X105+YOSOMULYO!AP105 -> 173
A106: A.2 | B106: 1 | C106: 1. KHOIRUL ANAM | E106: =GAMBIRAN!AY106+JAJAG!BA106+PURWODADI!AC106+WRINGINAGUNG!AB106+WRINGINREJO!X106+YOSOMULYO!AP106 -> 61
B107: 2 | C107: 2. INA KURNIA | E107: =GAMBIRAN!AY107+JAJAG!BA107+PURWODADI!AC107+WRINGINAGUNG!AB107+WRINGINREJO!X107+YOSOMULYO!AP107 -> 27
B108: 3 | C108: 3. JIBRAL TAROUK | E108: =GAMBIRAN!AY108+JAJAG!BA108+PURWODADI!AC108+WRINGINAGUNG!AB108+WRINGINREJO!X108+YOSOMULYO!AP108 -> 7
B109: 4 | C109: 4. ASTUTI DAENG PUJI | E109: =GAMBIRAN!AY109+JAJAG!BA109+PURWODADI!AC109+WRINGINAGUNG!AB109+WRINGINREJO!X109+YOSOMULYO!AP109 -> 7
B110: 5 | C110: 5. ASDARMAWAN | E110: =GAMBIRAN!AY110+JAJAG!BA110+PURWODADI!AC110+WRINGINAGUNG!AB110+WRINGINREJO!X110+YOSOMULYO!AP110 -> 7
B111: 6 | C111: 6. RIFQI MUBAROK | E111: =GAMBIRAN!AY111+JAJAG!BA111+PURWODADI!AC111+WRINGINAGUNG!AB111+WRINGINREJO!X111+YOSOMULYO!AP111 -> 13
B112: 7 | C112: 7. FIRNANDA ALTA MEGA | E112: =GAMBIRAN!AY112+JAJAG!BA112+PURWODADI!AC112+WRINGINAGUNG!AB112+WRINGINREJO!X112+YOSOMULYO!AP112 -> 3
A115: B | B115: JUMLAH SUARA SAH PARTAI POLITIK DAN CALON (A1 + A2) | E115: =SUM(E105:E112) -> 298
A117: A.1 | B117: 7. | C117: Partai Gelombang Rakyat Indonesia | E117: =GAMBIRAN!AY117+JAJAG!BA117+PURWODADI!AC117+WRINGINAGUNG!AB117+WRINGINREJO!X117+YOSOMULYO!AP117 -> 110
A118: A.2 | B118: 1 | C118: 1. TITI WIDORETNO WARISMAN | E118: =GAMBIRAN!AY118+JAJAG!BA118+PURWODADI!AC118+WRINGINAGUNG!AB118+WRINGINREJO!X118+YOSOMULYO!AP118 -> 43
B119: 2 | C119: 2. MAMIEK SETYANINGSIH | E119: =GAMBIRAN!AY119+JAJAG!BA119+PURWODADI!AC119+WRINGINAGUNG!AB119+WRINGINREJO!X119+YOSOMULYO!AP119 -> 19
B120: 3 | C120: 3. ROMIL AZIZEN | E120: =GAMBIRAN!AY120+JAJAG!BA120+PURWODADI!AC120+WRINGINAGUNG!AB120+WRINGINREJO!X120+YOSOMULYO!AP120 -> 12
A127: B | B127: JUMLAH SUARA SAH PARTAI POLITIK DAN CALON (A1 + A2) | E127: =SUM(E117:E120) -> 184
A129: A.1 | B129: 8. | C129: Partai Keadilan Sejahtera | E129: =GAMBIRAN!AY129+JAJAG!BA129+PURWODADI!AC129+WRINGINAGUNG!AB129+WRINGINREJO!X129+YOSOMULYO!AP129 -> 132
A130: A.2 | B130: 1 | C130: 1. H. SAIMI SALEH, S.E., M.M. | E130: =GAMBIRAN!AY130+JAJAG!BA130+PURWODADI!AC130+WRINGINAGUNG!AB130+WRINGINREJO!X130+YOSOMULYO!AP130 -> 152
B131: 2 | C131: 2. Prof. Dr. H. EGGI SUDJANA, S.H., M.Si. | E131: =GAMBIRAN!AY131+JAJAG!BA131+PURWODADI!AC131+WRINGINAGUNG!AB131+WRINGINREJO!X131+YOSOMULYO!AP131 -> 121
B132: 3 | C132: 3. NURUL KHOTIMAH | E132: =GAMBIRAN!AY132+JAJAG!BA132+PURWODADI!AC132+WRINGINAGUNG!AB132+WRINGINREJO!X132+YOSOMULYO!AP132 -> 22
B133: 4 | C133: 4. AKHMAD SUYANTO, S.T., M.T. | E133: =GAMBIRAN!AY133+JAJAG!BA133+PURWODADI!AC133+WRINGINAGUNG!AB133+WRINGINREJO!X133+YOSOMULYO!AP133 -> 10
B134: 5 | C134: 5. PUJIYATNI | E134: =GAMBIRAN!AY134+JAJAG!BA134+PURWODADI!AC134+WRINGINAGUNG!AB134+WRINGINREJO!X134+YOSOMULYO!AP134 -> 10
B135: 6 | C135: 6. HENI PURWATININGSIH | E135: =GAMBIRAN!AY135+JAJAG!BA135+PURWODADI!AC135+WRINGINAGUNG!AB135+WRINGINREJO!X135+YOSOMULYO!AP135 -> 6
B136: 7 | C136: 7. MUHADI | E136: =GAMBIRAN!AY136+JAJAG!BA136+PURWODADI!AC136+WRINGINAGUNG!AB136+WRINGINREJO!X136+YOSOMULYO!AP136 -> 3
A139: B | B139: JUMLAH SUARA SAH PARTAI POLITIK DAN CALON (A1 + A2) | E139: =SUM(E129:E136) -> 456
...

Sheet GAMBIRAN
C2: Kecamatan | D2: GAMBIRAN
C3: Kabupaten | D3: BANYUWANGI
C4: Provinsi | D4: JAWA TIMUR
C9: Kelurahan | D9: GAMBIRAN
A12: I | B12: DATA PEMILIH DAN PENGGUNAAN HAK PILIH | AY12: JUMLAH AKHIR
A13: A | B13: DATA PEMILIH | E13: TPS 001 | F13: TPS 002 | G13: TPS 003 | H13: TPS 004 | I13: TPS 005 | J13: TPS 006 | K13: TPS 007 | L13: TPS 008 | M13: TPS 009 | N13: TPS 010 | O13: TPS 011 | P13: TPS 012 | Q13: TPS 013 | R13: TPS 014 | S13: TPS 015 | T13: TPS 016 | U13: TPS 017 | V13: TPS 018 | W13: TPS 019 | X13: TPS 020 | Y13: TPS 021 | Z13: TPS 022 | AA13: TPS 023 | AB13: TPS 024 | AC13: TPS 025 | AD13: TPS 026 | AE13: TPS 027 | AF13: TPS 028 | AG13: TPS 029 | AH13: TPS 030 | AI13: TPS 031 | AJ13: TPS 032 | AK13: TPS 033 | AL13: TPS 034 | AM13: TPS 035 | AN13: TPS 036 | AO13: TPS 037 | AP13: TPS 038 | AQ13: TPS 039 | AR13: TPS 040 | AS13: TPS 041 | AT13: TPS 042 | AU13: TPS 043 | AV13: TPS 044 | AW13: TPS 045 | AX13: TPS 046
B14: Jumlah Pemilih dalam Daftar Pemilih Tetap (DPT) | D14: LK | E14: 123 | F14: 140 | G14: 122 | H14: 121 | I14: 142 | J14: 124 | K14: 123 | L14: 132 | M14: 104 | N14: 142 | O14: 149 | P14: 134 | Q14: 113 | R14: 101 | S14: 103 | T14: 128 | U14: 135 | V14: 137 | W14: 145 | X14: 137 | Y14: 131 | Z14: 133 | AA14: 122 | AB14: 121 | AC14: 132 | AD14: 131 | AE14: 113 | AF14: 95 | AG14: 141 | AH14: 80 | AI14: 134 | AJ14: 134 | AK14: 148 | AL14: 149 | AM14: 137 | AN14: 139 | AO14: 144 | AP14: 130 | AQ14: 148 | AR14: 132 | AS14: 145 | AT14: 134 | AU14: 145 | AV14: 136 | AW14: 131 | AX14: 154 | AY14: =SUM(E14:AX14) -> 5994
D15: PR | E15: 112 | F15: 126 | G15: 132 | H15: 134 | I15: 139 | J15: 142 | K15: 109 | L15: 126 | M15: 130 | N15: 153 | O15: 140 | P15: 127 | Q15: 109 | R15: 121 | S15: 117 | T15: 151 | U15: 149 | V15: 137 | W15: 143 | X15: 140 | Y15: 145 | Z15: 135 | AA15: 120 | AB15: 102 | AC15: 145 | AD15: 133 | AE15: 116 | AF15: 109 | AG15: 130 | AH15: 71 | AI15: 134 | AJ15: 143 | AK15: 142 | AL15: 144 | AM15: 148 | AN15: 136 | AO15: 146 | AP15: 143 | AQ15: 136 | AR15: 127 | AS15: 140 | AT15: 126 | AU15: 135 | AV15: 136 | AW15: 139 | AX15: 124 | AY15: =SUM(E15:AX15) -> 6042
D16: JML | E16: =SUM(E14:E15) -> 235 | F16: =SUM(F14:F15) -> 266 | G16: =SUM(G14:G15) -> 254 | H16: =SUM(H14:H15) -> 255 | I16: =SUM(I14:I15) -> 281 | J16: =SUM(J14:J15) -> 266 | K16: =SUM(K14:K15) -> 232 | L16: =SUM(L14:L15) -> 258 | ... AX16: =SUM(AX14:AX15) -> 278 | AY16: =SUM(E16:AX16) -> 12036
A18: B | B18: PENGGUNA HAK PILIH
B19: 1. | C19: Jumlah pengguna hak pilih dalam Daftar Pemilih Tetap (DPT) | D19: LK | E19: 85 | F19: 106 | G19: 76 | H19: 77 | I19: 96 | J19: 88 | K19: 88 | L19: 94 | M19: 65 | N19: 103 | O19: 94 | P19: 99 | Q19: 82 | R19: 71 | S19: 83 | T19: 91 | U19: 102 | V19: 102 | W19: 96 | X19: 116 | Y19: 95 | Z19: 100 | AA19: 90 | AB19: 90 | AC19: 85 | AD19: 94 | AE19: 89 | AF19: 68 | AG19: 114 | AH19: 63 | AI19: 98 | AJ19: 101 | AK19: 106 | AL19: 111 | AM19: 117 | AN19: 99 | AO19: 107 | AP19: 94 | AQ19: 103 | AR19: 91 | AS19: 103 | AT19: 106 | AU19: 118 | AV19: 97 | AW19: 85 | AX19: 98 | AY19: =SUM(E19:AX19) -> 4336
D20: PR | E20: 95 | F20: 98 | G20: 95 | H20: 91 | I20: 110 | J20: 108 | K20: 79 | L20: 100 | M20: 101 | N20: 112 | O20: 90 | P20: 108 | Q20: 93 | R20: 82 | S20: 96 | T20: 107 | U20: 122 | V20: 118 | W20: 104 | X20: 115 | Y20: 120 | Z20: 104 | AA20: 103 | AB20: 89 | AC20: 110 | AD20: 109 | AE20: 99 | AF20: 92 | AG20: 109 | AH20: 59 | AI20: 104 | AJ20: 105 | AK20: 118 | AL20: 126 | AM20: 129 | AN20: 103 | AO20: 122 | AP20: 110 | AQ20: 93 | AR20: 103 | AS20: 107 | AT20: 103 | AU20: 112 | AV20: 105 | AW20: 98 | AX20: 102 | AY20: =SUM(E20:AX20) -> 4758
D21: JML | E21: =SUM(E19:E20) -> 180 | F21: =SUM(F19:F20) -> 204 | G21: =SUM(G19:G20) -> 171 | H21: =SUM(H19:H20) -> 168 | I21: =SUM(I19:I20) -> 206 | J21: =SUM(J19:J20) -> 196 | K21: =SUM(K19:K20) -> 167 | L21: =SUM(L19:L20) -> 194 | ... AX21: =SUM(AX19:AX20) -> 200 | AY21: =SUM(E21:AX21) -> 9094
B22: 2. | C22: Jumlah pengguna hak pilih dalam Daftar Pemilih Tambahan (DPTb) | D22: LK | E22: 0 | F22: 1 | G22: 0 | H22: 0 | I22: 0 | J22: 0 | K22: 0 | L22: 0 | M22: 0 | N22: 0 | O22: 3 | P22: 1 | Q22: 1 | R22: 0 | S22: 0 | AI22: 0 | AJ22: 2 | AK22: 0 | AL22: 0 | AM22: 0 | AN22: 0 | AO22: 0 | AP22: 0 | AQ22: 0 | AR22: 1 | AS22: 0 | AT22: 0 | AU22: 0 | AV22: 0 | AW22: 0 | AY22: =SUM(E22:AX22) -> 9
D23: PR | E23: 0 | F23: 0 | G23: 0 | H23: 0 | I23: 0 | J23: 0 | K23: 0 | L23: 0 | M23: 0 | N23: 0 | O23: 5 | P23: 2 | Q23: 1 | R23: 0 | S23: 0 | AI23: 0 | AJ23: 1 | AK23: 0 | AL23: 0 | AM23: 0 | AN23: 0 | AO23: 0 | AP23: 0 | AQ23: 0 | AR23: 0 | AS23: 0 | AT23: 0 | AU23: 0 | AV23: 0 | AW23: 0 | AY23: =SUM(E23:AX23) -> 9
D24: JML | E24: =SUM(E22:E23) -> 0 | F24: =SUM(F22:F23) -> 1 | G24: =SUM(G22:G23) -> 0 | H24: =SUM(H22:H23) -> 0 | I24: =SUM(I22:I23) -> 0 | J24: =SUM(J22:J23) -> 0 | K24: =SUM(K22:K23) -> 0 | L24: =SUM(L22:L23) -> 0 | ... AX24: =SUM(AX22:AX23) -> 0 | AY24: =SUM(E24:AX24) -> 18
B25: 3. | C25: Jumlah pengguna hak pilih dalam Daftar Pemilih Khusus (DPK) | D25: LK | E25: 1 | F25: 0 | G25: 0 | H25: 1 | I25: 1 | J25: 1 | K25: 0 | L25: 0 | M25: 0 | N25: 2 | O25: 0 | P25: 0 | Q25: 2 | R25: 0 | S25: 0 | T25: 1 | U25: 0 | V25: 0 | W25: 2 | X25: 0 | Y25: 0 | Z25: 0 | AA25: 0 | AB25: 1 | AC25: 1 | AD25: 0 | AE25: 1 | AF25: 0 | AG25: 0 | AH25: 0 | AI25: 0 | AJ25: 0 | AK25: 0 | AL25: 0 | AM25: 4 | AN25: 4 | AO25: 0 | AP25: 0 | AQ25: 0 | AR25: 1 | AS25: 0 | AT25: 1 | AU25: 0 | AV25: 1 | AW25: 4 | AY25: =SUM(E25:AX25) -> 29
D26: PR | E26: 1 | F26: 0 | G26: 0 | H26: 0 | I26: 1 | J26: 2 | K26: 0 | L26: 0 | M26: 0 | N26: 1 | O26: 0 | P26: 0 | Q26: 1 | R26: 0 | S26: 0 | T26: 2 | U26: 0 | V26: 0 | W26: 5 | X26: 0 | Y26: 0 | Z26: 0 | AA26: 0 | AB26: 2 | AC26: 3 | AD26: 0 | AE26: 2 | AF26: 1 | AG26: 0 | AH26: 0 | AI26: 0 | AJ26: 0 | AK26: 0 | AL26: 0 | AM26: 5 | AN26: 4 | AO26: 0 | AP26: 0 | AQ26: 0 | AR26: 2 | AS26: 0 | AT26: 0 | AU26: 0 | AV26: 2 | AW26: 4 | AY26: =SUM(E26:AX26) -> 38
D27: JML | E27: =SUM(E25:E26) -> 2 | F27: =SUM(F25:F26) -> 0 | G27: =SUM(G25:G26) -> 0 | H27: =SUM(H25:H26) -> 1 | I27: =SUM(I25:I26) -> 2 | J27: =SUM(J25:J26) -> 3 | K27: =SUM(K25:K26) -> 0 | L27: =SUM(L25:L26) -> 0 | ... AX27: =SUM(AX25:AX26) -> 0 | AY27: =SUM(E27:AX27) -> 67
B28: 4. | C28: Jumlah Pengguna Hak Pilih (B.1+B.2+B.3) | D28: LK | E28: =SUM(E19,E22,E25) -> 86 | F28: =SUM(F19,F22,F25) -> 107 | G28: =SUM(G19,G22,G25) -> 76 | H28: =SUM(H19,H22,H25) -> 78 | I28: =SUM(I19,I22,I25) -> 97 | J28: =SUM(J19,J22,J25) -> 89 | K28: =SUM(K19,K22,K25) -> 88 | L28: =SUM(L19,L22,L25) -> 94 | ... AX28: =SUM(AX19,AX22,AX25) -> 98 | AY28: =SUM(E28:AX28) -> 4374
D29: PR | E29: =SUM(E20,E23,E26) -> 96 | F29: =SUM(F20,F23,F26) -> 98 | G29: =SUM(G20,G23,G26) -> 95 | H29: =SUM(H20,H23,H26) -> 91 | I29: =SUM(I20,I23,I26) -> 111 | J29: =SUM(J20,J23,J26) -> 110 | K29: =SUM(K20,K23,K26) -> 79 | L29: =SUM(L20,L23,L26) -> 100 | ... AX29: =SUM(AX20,AX23,AX26) -> 102 | AY29: =SUM(E29:AX29) -> 4805
D30: JML | E30: =SUM(E28:E29) -> 182 | F30: =SUM(F28:F29) -> 205 | G30: =SUM(G28:G29) -> 171 | H30: =SUM(H28:H29) -> 169 | I30: =SUM(I28:I29) -> 208 | J30: =SUM(J28:J29) -> 199 | K30: =SUM(K28:K29) -> 167 | L30: =SUM(L28:L29) -> 194 | ... AX30: =SUM(AX28:AX29) -> 200 | AY30: =SUM(E30:AX30) -> 9179
A32: II | B32: DATA PENGGUNAAN SURAT SUARA
A33: 1 | B33: Jumlah surat suara yang diterima, termasuk surat suara cadangan 2,5% dari DPT | E33: 240 | F33: 272 | G33: 260 | H33: 260 | I33: 277 | J33: 271 | K33: 227 | L33: 254 | M33: 240 | N33: 301 | O33: 293 | P33: 266 | Q33: 247 | R33: 226 | S33: 224 | T33: 294 | U33: 290 | V33: 274 | W33: 295 | X33: 283 | Y33: 282 | Z33: 274 | AA33: 247 | AB33: 209 | AC33: 283 | AD33: 270 | AE33: 225 | AF33: 209 | AG33: 267 | AH33: 154 | AI33: 274 | AJ33: 285 | AK33: 276 | AL33: 299 | AM33: 282 | AN33: 281 | AO33: 296 | AP33: 279 | AQ33: 290 | AR33: 265 | AS33: 281 | AT33: 266 | AU33: 285 | AV33: 288 | AW33: 275 | AX33: 274 | AY33: =SUM(E33:AX33) -> 12210
A34: 2 | B34: Jumlah surat suara yang digunakan | E34: 182 | F34: 205 | G34: 171 | H34: 169 | I34: 208 | J34: 199 | K34: 167 | L34: 194 | M34: 166 | N34: 218 | O34: 192 | P34: 210 | Q34: 180 | R34: 153 | S34: 179 | T34: 201 | U34: 224 | V34: 220 | W34: 207 | X34: 231 | Y34: 215 | Z34: 204 | AA34: 193 | AB34: 182 | AC34: 199 | AD34: 203 | AE34: 191 | AF34: 161 | AG34: 223 | AH34: 122 | AI34: 202 | AJ34: 209 | AK34: 224 | AL34: 237 | AM34: 255 | AN34: 210 | AO34: 229 | AP34: 204 | AQ34: 196 | AR34: 198 | AS34: 210 | AT34: 210 | AU34: 230 | AV34: 205 | AW34: 191 | AX34: 200 | AY34: =SUM(E34:AX34) -> 9179
A35: 3 | B35: Jumlah surat suara dikembalikan oleh pemilih (karena rusak atau keliru coblos) | E35: 4 | F35: 0 | G35: 2 | H35: 0 | I35: 0 | J35: 0 | K35: 3 | L35: 1 | M35: 1 | N35: 1 | O35: 0 | P35: 1 | Q35: 0 | R35: 0 | S35: 0 | T35: 1 | U35: 0 | V35: 1 | W35: 3 | X35: 0 | Y35: 0 | Z35: 0 | AA35: 1 | AB35: 0 | AC35: 0 | AD35: 0 | AE35: 0 | AF35: 0 | AG35: 2 | AH35: 0 | AI35: 0 | AJ35: 1 | AK35: 0 | AL35: 0 | AM35: 0 | AN35: 1 | AO35: 0 | AP35: 0 | AQ35: 2 | AR35: 0 | AS35: 0 | AT35: 0 | AU35: 4 | AV35: 0 | AW35: 1 | AY35: =SUM(E35:AX35) -> 30
A36: 4 | B36: Jumlah surat suara yang tidak digunakan/tidak terpakai, termasuk sisa surat suara cadangan | E36: =E33-(E34+E35) -> 54 | F36: =F33-(F34+F35) -> 67 | G36: =G33-(G34+G35) -> 87 | H36: =H33-(H34+H35) -> 91 | I36: =I33-(I34+I35) -> 69 | J36: =J33-(J34+J35) -> 72 | K36: =K33-(K34+K35) -> 57 | L36: =L33-(L34+L35) -> 59 | ... AX36: =AX33-(AX34+AX35) -> 74 | AY36: =SUM(E36:AX36) -> 3001
AY37: =SUM(E37:AX37) -> 0
A38: III | B38: DATA PEMILIH DISABILITAS | AY38: =SUM(E38:AX38) -> 0
B39: Jumlah seluruh Pemilih disabilitas yang menggunakan hak pilih | D39: LK | E39: 0 | F39: 0 | G39: 1 | H39: 0 | I39: 0 | J39: 0 | K39: 1 | L39: 0 | M39: 0 | N39: 0 | O39: 0 | P39: 1 | Q39: 0 | R39: 0 | S39: 0 | T39: 0 | U39: 0 | V39: 0 | W39: 0 | X39: 0 | Y39: 0 | Z39: 0 | AA39: 1 | AB39: 0 | AC39: 1 | AD39: 0 | AE39: 0 | AF39: 0 | AG39: 0 | AH39: 0 | AI39: 0 | AJ39: 0 | AK39: 0 | AL39: 0 | AM39: 0 | AN39: 0 | AO39: 0 | AP39: 0 | AQ39: 0 | AR39: 0 | AS39: 0 | AT39: 0 | AU39: 0 | AV39: 0 | AW39: 0 | AY39: =SUM(E39:AX39) -> 5
D40: PR | E40: 0 | F40: 0 | G40: 0 | H40: 1 | I40: 0 | J40: 1 | K40: 0 | L40: 0 | M40: 0 | N40: 0 | O40: 0 | P40: 0 | Q40: 0 | R40: 0 | S40: 0 | T40: 0 | U40: 0 | V40: 0 | W40: 0 | X40: 0 | Y40: 0 | Z40: 0 | AA40: 0 | AB40: 0 | AC40: 1 | AD40: 0 | AE40: 0 | AF40: 1 | AG40: 0 | AH40: 0 | AI40: 0 | AJ40: 0 | AK40: 1 | AL40: 0 | AM40: 0 | AN40: 0 | AO40: 0 | AP40: 0 | AQ40: 0 | AR40: 0 | AS40: 0 | AT40: 0 | AU40: 0 | AV40: 0 | AW40: 0 | AY40: =SUM(E40:AX40) -> 5
D41: JML | E41: =SUM(E39:E40) -> 0 | F41: =SUM(F39:F40) -> 0 | G41: =SUM(G39:G40) -> 1 | H41: =SUM(H39:H40) -> 1 | I41: =SUM(I39:I40) -> 0 | J41: =SUM(J39:J40) -> 1 | K41: =SUM(K39:K40) -> 1 | L41: =SUM(L39:L40) -> 0 | ... AX41: =SUM(AX39:AX40) -> 0 | AY41: =SUM(E41:AX41) -> 10
AY42: =SUM(E42:AX42) -> 0
A43: IV | B43: DATA RINCIAN PEROLEHAN SUARA PASANGAN CALON BUPATI DAN WAKIL BUPATI | AY43: =SUM(E43:AX43) -> 0
A44: NOMOR DAN NAMA CALON | AY44: =SUM(E44:AX44) -> 0
A45: A.1 | B45: 1. | C45: Partai Kebangkitan Bangsa | E45: 6 | F45: 1 | G45: 2 | H45: 1 | I45: 10 | J45: 1 | K45: 2 | L45: 6 | M45: 9 | N45: 11 | O45: 5 | P45: 1 | Q45: 5 | R45: 1 | S45: 1 | T45: 4 | U45: 4 | V45: 4 | W45: 5 | X45: 4 | Y45: 5 | Z45: 6 | AA45: 3 | AB45: 4 | AC45: 7 | AD45: 1 | AE45: 10 | AF45: 4 | AG45: 14 | AH45: 1 | AI45: 0 | AJ45: 7 | AK45: 15 | AL45: 10 | AM45: 14 | AN45: 12 | AO45: 17 | AP45: 7 | AQ45: 17 | AR45: 8 | AS45: 14 | AT45: 13 | AU45: 14 | AV45: 5 | AW45: 6 | AX45: 2 | AY45: =SUM(E45:AX45) -> 299
A46: A.2 | B46: 1 | C46: 1. Dr. Hj. NIHAYATUL WAFIROH, M.A. | E46: 7 | F46: 13 | G46: 5 | H46: 4 | I46: 10 | J46: 9 | K46: 0 | L46: 10 | M46: 4 | N46: 13 | O46: 20 | P46: 14 | Q46: 7 | R46: 2 | S46: 3 | T46: 5 | U46: 4 | V46: 10 | W46: 5 | X46: 12 | Y46: 5 | Z46: 20 | AA46: 8 | AB46: 10 | AC46: 17 | AD46: 10 | AE46: 15 | AF46: 34 | AG46: 34 | AH46: 1 | AI46: 1 | AJ46: 24 | AK46: 37 | AL46: 30 | AM46: 16 | AN46: 4 | AO46: 43 | AP46: 16 | AQ46: 28 | AR46: 35 | AS46: 25 | AT46: 33 | AU46: 49 | AV46: 8 | AW46: 15 | AX46: 11 | AY46: =SUM(E46:AX46) -> 686
B47: 2 | C47: 2. H. M. NASIM KHAN | E47: 1 | F47: 1 | G47: 0 | H47: 1 | I47: 0 | J47: 2 | K47: 0 | L47: 3 | M47: 0 | N47: 2 | O47: 1 | P47: 0 | Q47: 1 | R47: 2 | S47: 0 | T47: 2 | U47: 0 | V47: 1 | W47: 4 | X47: 5 | Y47: 1 | Z47: 2 | AA47: 0 | AB47: 0 | AC47: 1 | AD47: 0 | AE47: 1 | AF47: 0 | AG47: 1 | AH47: 0 | AI47: 0 | AJ47: 1 | AK47: 1 | AL47: 0 | AM47: 3 | AN47: 2 | AO47: 0 | AP47: 0 | AQ47: 2 | AR47: 1 | AS47: 3 | AT47: 0 | AU47: 0 | AV47: 1 | AW47: 0 | AX47: 1 | AY47: =SUM(E47:AX47) -> 47
B48: 3 | C48: 3. Dr. H. AKIK ZAMAN, M.Pd.I. | E48: 0 | F48: 1 | G48: 1 | H48: 0 | I48: 0 | J48: 0 | K48: 0 | L48: 0 | M48: 0 | N48: 0 | O48: 0 | P48: 1 | Q48: 1 | R48: 1 | S48: 0 | T48: 0 | U48: 0 | V48: 0 | W48: 0 | X48: 1 | Y48: 1 | Z48: 0 | AA48: 0 | AB48: 0 | AC48: 1 | AD48: 0 | AE48: 0 | AF48: 0 | AG48: 5 | AH48: 0 | AI48: 0 | AJ48: 1 | AK48: 1 | AL48: 3 | AM48: 0 | AN48: 0 | AO48: 5 | AP48: 2 | AQ48: 0 | AR48: 3 | AS48: 6 | AT48: 2 | AU48: 4 | AV48: 4 | AW48: 2 | AX48: 1 | AY48: =SUM(E48:AX48) -> 47
B49: 4 | C49: 4. AHMAD RIFA'I, S.H. | E49: 1 | F49: 1 | G49: 0 | H49: 0 | I49: 0 | J49: 0 | K49: 0 | L49: 0 | M49: 0 | N49: 1 | O49: 2 | P49: 2 | Q49: 0 | R49: 0 | S49: 2 | T49: 0 | U49: 0 | V49: 0 | W49: 5 | X49: 0 | Y49: 0 | Z49: 3 | AA49: 2 | AB49: 0 | AC49: 1 | AD49: 0 | AE49: 1 | AF49: 1 | AG49: 1 | AH49: 0 | AI49: 0 | AJ49: 0 | AK49: 2 | AL49: 1 | AM49: 0 | AN49: 0 | AO49: 2 | AP49: 1 | AQ49: 2 | AR49: 4 | AS49: 6 | AT49: 13 | AU49: 0 | AV49: 0 | AW49: 1 | AX49: 1 | AY49: =SUM(E49:AX49) -> 56
B50: 5 | C50: 5. Drs. H. MAHFUD M.N. | E50: 0 | F50: 0 | G50: 0 | H50: 0 | I50: 0 | J50: 0 | K50: 0 | L50: 0 | M50: 0 | N50: 0 | O50: 0 | P50: 0 | Q50: 1 | R50: 0 | S50: 0 | T50: 0 | U50: 0 | V50: 0 | W50: 0 | X50: 0 | Y50: 0 | Z50: 0 | AA50: 0 | AB50: 0 | AC50: 1 | AD50: 1 | AE50: 0 | AF50: 1 | AG50: 1 | AH50: 1 | AI50: 0 | AJ50: 0 | AK50: 0 | AL50: 0 | AM50: 0 | AN50: 1 | AO50: 2 | AP50: 1 | AQ50: 0 | AR50: 1 | AS50: 2 | AT50: 0 | AU50: 1 | AV50: 0 | AW50: 1 | AX50: 2 | AY50: =SUM(E50:AX50) -> 17
B51: 6 | C51: 6. NURHAYATI, S.Pd. | E51: 1 | F51: 0 | G51: 1 | H51: 0 | I51: 0 | J51: 0 | K51: 0 | L51: 0 | M51: 1 | N51: 0 | O51: 1 | P51: 0 | Q51: 0 | R51: 0 | S51: 0 | T51: 0 | U51: 0 | V51: 0 | W51: 0 | X51: 1 | Y51: 0 | Z51: 0 | AA51: 0 | AB51: 1 | AC51: 0 | AD51: 0 | AE51: 0 | AF51: 0 | AG51: 7 | AH51: 0 | AI51: 0 | AJ51: 0 | AK51: 3 | AL51: 1 | AM51: 1 | AN51: 1 | AO51: 3 | AP51: 1 | AQ51: 1 | AR51: 0 | AS51: 3 | AT51: 5 | AU51: 2 | AV51: 0 | AW51: 1 | AX51: 1 | AY51: =SUM(E51:AX51) -> 36
B52: 7 | C52: 7. MAFTUHA KISWAH | E52: 1 | F52: 0 | G52: 0 | H52: 0 | I52: 0 | J52: 0 | K52: 0 | L52: 0 | M52: 0 | N52: 0 | O52: 0 | P52: 0 | Q52: 0 | R52: 0 | S52: 0 | T52: 0 | U52: 0 | V52: 0 | W52: 0 | X52: 2 | Y52: 0 | Z52: 0 | AA52: 0 | AB52: 0 | AC52: 0 | AD52: 0 | AE52: 1 | AF52: 0 | AG52: 0 | AH52: 0 | AI52: 0 | AJ52: 0 | AK52: 0 | AL52: 1 | AM52: 0 | AN52: 1 | AO52: 0 | AP52: 0 | AQ52: 0 | AR52: 2 | AS52: 0 | AT52: 0 | AU52: 0 | AV52: 0 | AW52: 0 | AX52: 0 | AY52: =SUM(E52:AX52) -> 8
AY53: =SUM(E53:AX53) -> 0
AY54: =SUM(E54:AX54) -> 0
A55: B | B55: JUMLAH SUARA SAH PARTAI POLITIK DAN CALON (A1 + A2) | E55: =SUM(E45:E54) -> 17 | F55: =SUM(F45:F54) -> 17 | G55: =SUM(G45:G54) -> 9 | H55: =SUM(H45:H54) -> 6 | I55: =SUM(I45:I54) -> 20 | J55: =SUM(J45:J54) -> 12 | K55: =SUM(K45:K54) -> 2 | L55: =SUM(L45:L54) -> 19 | ... AY55: =SUM(AY45:AY54) -> 1196
AY56: =SUM(E56:AX56) -> 0
A57: A.1 | B57: 2. | C57: Partai Gerakan Indonesia Raya | E57: 12 | F57: 6 | G57: 5 | H57: 14 | I57: 9 | J57: 5 | K57: 7 | L57: 11 | M57: 7 | N57: 13 | O57: 19 | P57: 4 | Q57: 7 | R57: 9 | S57: 3 | T57: 8 | U57: 15 | V57: 20 | W57: 5 | X57: 8 | Y57: 4 | Z57: 9 | AA57: 6 | AB57: 4 | AC57: 3 | AD57: 4 | AE57: 6 | AF57: 4 | AG57: 7 | AH57: 13 | AI57: 3 | AJ57: 5 | AK57: 16 | AL57: 11 | AM57: 6 | AN57: 9 | AO57: 7 | AP57: 6 | AQ57: 7 | AR57: 9 | AS57: 10 | AT57: 8 | AU57: 17 | AV57: 13 | AW57: 9 | AX57: 5 | AY57: =SUM(E57:AX57) -> 388
A58: A.2 | B58: 1 | C58: 1. SUMAIL ABDULLAH | E58: 4 | F58: 3 | G58: 4 | H58: 8 | I58: 7 | J58: 8 | K58: 10 | L58: 2 | M58: 8 | N58: 8 | O58: 19 | P58: 20 | Q58: 12 | R58: 4 | S58: 0 | T58: 2 | U58: 2 | V58: 5 | W58: 3 | X58: 3 | Y58: 4 | Z58: 4 | AA58: 4 | AB58: 4 | AC58: 2 | AD58: 3 | AE58: 6 | AF58: 2 | AG58: 8 | AH58: 7 | AI58: 4 | AJ58: 16 | AK58: 4 | AL58: 10 | AM58: 6 | AN58: 5 | AO58: 9 | AP58: 10 | AQ58: 3 | AR58: 9 | AS58: 16 | AT58: 11 | AU58: 3 | AV58: 9 | AW58: 6 | AX58: 0 | AY58: =SUM(E58:AX58) -> 297
B59: 2 | C59: 2. MUHAMMAD ALI ADRIAN SALEH | E59: 1 | F59: 2 | G59: 2 | H59: 1 | I59: 1 | J59: 2 | K59: 2 | L59: 2 | M59: 1 | N59: 3 | O59: 3 | P59: 0 | Q59: 2 | R59: 1 | S59: 2 | T59: 1 | U59: 3 | V59: 3 | W59: 1 | X59: 1 | Y59: 2 | Z59: 4 | AA59: 2 | AB59: 4 | AC59: 3 | AD59: 2 | AE59: 2 | AF59: 3 | AG59: 2 | AH59: 2 | AI59: 3 | AJ59: 1 | AK59: 2 | AL59: 3 | AM59: 4 | AN59: 1 | AO59: 1 | AP59: 1 | AQ59: 1 | AR59: 0 | AS59: 2 | AT59: 3 | AU59: 2 | AV59: 7 | AW59: 1 | AX59: 4 | AY59: =SUM(E59:AX59) -> 96
B60: 3 | C60: 3. DURROTUN NAFISAH | E60: 2 | F60: 1 | G60: 2 | H60: 2 | I60: 0 | J60: 0 | K60: 0 | L60: 0 | M60: 0 | N60: 1 | O60: 0 | P60: 0 | Q60: 1 | R60: 1 | S60: 0 | T60: 0 | U60: 0 | V60: 0 | W60: 1 | X60: 0 | Y60: 0 | Z60: 0 | AA60: 1 | AB60: 1 | AC60: 0 | AD60: 0 | AE60: 0 | AF60: 1 | AG60: 0 | AH60: 0 | AI60: 0 | AJ60: 0 | AK60: 1 | AL60: 3 | AM60: 7 | AN60: 1 | AO60: 0 | AP60: 1 | AQ60: 1 | AR60: 3 | AS60: 2 | AT60: 1 | AU60: 0 | AV60: 3 | AW60: 0 | AX60: 0 | AY60: =SUM(E60:AX60) -> 37
B61: 4 | C61: 4. H. EKO SUSILO NURHIDAYAT | E61: 0 | F61: 1 | G61: 2 | H61: 1 | I61: 3 | J61: 1 | K61: 2 | L61: 4 | M61: 1 | N61: 2 | O61: 1 | P61: 1 | Q61: 1 | R61: 3 | S61: 4 | T61: 1 | U61: 3 | V61: 2 | W61: 2 | X61: 2 | Y61: 1 | Z61: 0 | AA61: 0 | AB61: 0 | AC61: 2 | AD61: 1 | AE61: 0 | AF61: 2 | AG61: 7 | AH61: 0 | AI61: 1 | AJ61: 1 | AK61: 3 | AL61: 1 | AM61: 4 | AN61: 2 | AO61: 2 | AP61: 1 | AQ61: 0 | AR61: 0 | AS61: 2 | AT61: 3 | AU61: 5 | AV61: 3 | AW61: 1 | AX61: 5 | AY61: =SUM(E61:AX61) -> 84
B62: 5 | C62: 5. KARNADI HARIJANTO, S.S. | E62: 0 | F62: 0 | G62: 0 | H62: 0 | I62: 0 | J62: 0 | K62: 0 | L62: 0 | M62: 0 | N62: 0 | O62: 1 | P62: 0 | Q62: 0 | R62: 0 | S62: 0 | T62: 0 | U62: 0 | V62: 0 | W62: 0 | X62: 0 | Y62: 0 | Z62: 0 | AA62: 0 | AB62: 0 | AC62: 0 | AD62: 0 | AE62: 0 | AF62: 0 | AG62: 0 | AH62: 0 | AI62: 1 | AJ62: 0 | AK62: 1 | AL62: 0 | AM62: 1 | AN62: 1 | AO62: 0 | AP62: 0 | AQ62: 0 | AR62: 0 | AS62: 0 | AT62: 0 | AU62: 0 | AV62: 0 | AW62: 0 | AX62: 0 | AY62: =SUM(E62:AX62) -> 5
B63: 6 | C63: 6. NURHAYATI | E63: 0 | F63: 1 | G63: 2 | H63: 0 | I63: 0 | J63: 1 | K63: 1 | L63: 0 | M63: 1 | N63: 0 | O63: 1 | P63: 0 | Q63: 0 | R63: 1 | S63: 0 | T63: 1 | U63: 0 | V63: 0 | W63: 1 | X63: 0 | Y63: 0 | Z63: 0 | AA63: 0 | AB63: 1 | AC63: 1 | AD63: 2 | AE63: 0 | AF63: 0 | AG63: 0 | AH63: 1 | AI63: 0 | AJ63: 1 | AK63: 0 | AL63: 0 | AM63: 1 | AN63: 1 | AO63: 0 | AP63: 2 | AQ63: 1 | AR63: 1 | AS63: 2 | AT63: 0 | AU63: 3 | AV63: 1 | AW63: 0 | AX63: 0 | AY63: =SUM(E63:AX63) -> 28
B64: 7 | C64: 7. MASHUDI | E64: 0 | F64: 0 | G64: 0 | H64: 0 | I64: 0 | J64: 0 | K64: 0 | L64: 3 | M64: 1 | N64: 0 | O64: 0 | P64: 0 | Q64: 1 | R64: 2 | S64: 0 | T64: 3 | U64: 0 | V64: 0 | W64: 0 | X64: 0 | Y64: 0 | Z64: 1 | AA64: 0 | AB64: 0 | AC64: 0 | AD64: 0 | AE64: 1 | AF64: 1 | AG64: 0 | AH64: 0 | AI64: 0 | AJ64: 1 | AK64: 0 | AL64: 0 | AM64: 0 | AN64: 0 | AO64: 1 | AP64: 1 | AQ64: 0 | AR64: 0 | AS64: 0 | AT64: 0 | AU64: 0 | AV64: 0 | AW64: 0 | AX64: 0 | AY64: =SUM(E64:AX64) -> 16
AY65: =SUM(E65:AX65) -> 0
AY66: =SUM(E66:AX66) -> 0
A67: B | B67: JUMLAH SUARA SAH PARTAI POLITIK DAN CALON (A1 + A2) | E67: =SUM(E57:E66) -> 19 | F67: =SUM(F57:F66) -> 14 | G67: =SUM(G57:G66) -> 17 | H67: =SUM(H57:H66) -> 26 | I67: =SUM(I57:I66) -> 20 | J67: =SUM(J57:J66) -> 17 | K67: =SUM(K57:K66) -> 22 | L67: =SUM(L57:L66) -> 22 | ... AY67: =SUM(AY57:AY66) -> 951
AY68: =SUM(E68:AX68) -> 0
A69: A.1 | B69: 3. | C69: Partai Demokrasi Indonesia Perjuangan | E69: 9 | F69: 7 | G69: 11 | H69: 10 | I69: 15 | J69: 14 | K69: 4 | L69: 13 | M69: 11 | N69: 11 | O69: 8 | P69: 14 | Q69: 3 | R69: 4 | S69: 6 | T69: 10 | U69: 11 | V69: 13 | W69: 10 | X69: 9 | Y69: 18 | Z69: 9 | AA69: 7 | AB69: 5 | AC69: 23 | AD69: 10 | AE69: 7 | AF69: 1 | AG69: 3 | AH69: 5 | AI69: 15 | AJ69: 15 | AK69: 14 | AL69: 10 | AM69: 5 | AN69: 18 | AO69: 9 | AP69: 17 | AQ69: 4 | AR69: 2 | AS69: 5 | AT69: 5 | AU69: 9 | AV69: 10 | AW69: 17 | AX69: 5 | AY69: =SUM(E69:AX69) -> 441
A70: A.2 | B70: 1 | C70: 1. SONNY TRI DANAPARAMITA, S.H., M.H. | E70: 10 | F70: 13 | G70: 7 | H70: 10 | I70: 39 | J70: 23 | K70: 15 | L70: 16 | M70: 17 | N70: 52 | O70: 19 | P70: 41 | Q70: 15 | R70: 10 | S70: 72 | T70: 15 | U70: 12 | V70: 16 | W70: 20 | X70: 27 | Y70: 25 | Z70: 21 | AA70: 20 | AB70: 30 | AC70: 25 | AD70: 19 | AE70: 3 | AF70: 5 | AG70: 12 | AH70: 7 | AI70: 23 | AJ70: 19 | AK70: 13 | AL70: 22 | AM70: 22 | AN70: 22 | AO70: 13 | AP70: 28 | AQ70: 24 | AR70: 20 | AS70: 13 | AT70: 13 | AU70: 28 | AV70: 23 | AW70: 43 | AX70: 67 | AY70: =SUM(E70:AX70) -> 1009
B71: 2 | C71: 2. H. MOHAMAD GUNTUR ROMLI | E71: 5 | F71: 1 | G71: 0 | H71: 0 | I71: 10 | J71: 1 | K71: 0 | L71: 2 | M71: 1 | N71: 0 | O71: 2 | P71: 2 | Q71: 2 | R71: 1 | S71: 2 | T71: 5 | U71: 3 | V71: 3 | W71: 1 | X71: 4 | Y71: 2 | Z71: 0 | AA71: 1 | AB71: 0 | AC71: 1 | AD71: 1 | AE71: 3 | AF71: 0 | AG71: 0 | AH71: 2 | AI71: 1 | AJ71: 3 | AK71: 5 | AL71: 2 | AM71: 1 | AN71: 0 | AO71: 1 | AP71: 1 | AQ71: 0 | AR71: 1 | AS71: 1 | AT71: 0 | AU71: 0 | AV71: 2 | AW71: 4 | AX71: 2 | AY71: =SUM(E71:AX71) -> 79
B72: 3 | C72: 3. INA AMMANIA | E72: 5 | F72: 5 | G72: 2 | H72: 2 | I72: 1 | J72: 2 | K72: 0 | L72: 2 | M72: 0 | N72: 2 | O72: 1 | P72: 3 | Q72: 2 | R72: 1 | S72: 14 | T72: 6 | U72: 4 | V72: 13 | W72: 0 | X72: 6 | Y72: 7 | Z72: 19 | AA72: 13 | AB72: 35 | AC72: 9 | AD72: 5 | AE72: 2 | AF72: 5 | AG72: 2 | AH72: 0 | AI72: 2 | AJ72: 3 | AK72: 3 | AL72: 6 | AM72: 43 | AN72: 43 | AO72: 6 | AP72: 2 | AQ72: 3 | AR72: 4 | AS72: 2 | AT72: 0 | AU72: 9 | AV72: 15 | AW72: 8 | AX72: 1 | AY72: =SUM(E72:AX72) -> 318
B73: 4 | C73: 4. IRWAN BACHTIAR RACHMAT, M.Si. | E73: 1 | F73: 0 | G73: 1 | H73: 0 | I73: 0 | J73: 0 | K73: 0 | L73: 0 | M73: 0 | N73: 0 | O73: 0 | P73: 2 | Q73: 0 | R73: 0 | S73: 0 | T73: 1 | U73: 1 | V73: 0 | W73: 0 | X73: 2 | Y73: 0 | Z73: 2 | AA73: 0 | AB73: 3 | AC73: 1 | AD73: 0 | AE73: 0 | AF73: 0 | AG73: 1 | AH73: 0 | AI73: 0 | AJ73: 4 | AK73: 5 | AL73: 4 | AM73: 1 | AN73: 0 | AO73: 0 | AP73: 2 | AQ73: 1 | AR73: 0 | AS73: 0 | AT73: 0 | AU73: 0 | AV73: 2 | AW73: 1 | AX73: 0 | AY73: =SUM(E73:AX73) -> 35
B74: 5 | C74: 5. LUCKY PERDANA | E74: 16 | F74: 42 | G74: 3 | H74: 8 | I74: 10 | J74: 16 | K74: 5 | L74: 4 | M74: 2 | N74: 3 | O74: 9 | P74: 13 | Q74: 4 | R74: 9 | S74: 1 | T74: 3 | U74: 34 | V74: 43 | W74: 2 | X74: 5 | Y74: 0 | Z74: 1 | AA74: 7 | AB74: 9 | AC74: 2 | AD74: 1 | AE74: 6 | AF74: 1 | AG74: 12 | AH74: 11 | AI74: 6 | AJ74: 0 | AK74: 13 | AL74: 3 | AM74: 2 | AN74: 5 | AO74: 13 | AP74: 14 | AQ74: 16 | AR74: 3 | AS74: 0 | AT74: 8 | AU74: 13 | AV74: 26 | AW74: 2 | AX74: 1 | AY74: =SUM(E74:AX74) -> 407
B75: 6 | C75: 6. WIWIK PUJIYATI | E75: 0 | F75: 0 | G75: 0 | H75: 0 | I75: 1 | J75: 1 | K75: 0 | L75: 1 | M75: 1 | N75: 0 | O75: 0 | P75: 0 | Q75: 1 | R75: 0 | S75: 1 | T75: 1 | U75: 0 | V75: 2 | W75: 0 | X75: 2 | Y75: 0 | Z75: 2 | AA75: 1 | AB75: 1 | AC75: 0 | AD75: 0 | AE75: 0 | AF75: 1 | AG75: 1 | AH75: 1 | AI75: 0 | AJ75: 0 | AK75: 2 | AL75: 0 | AM75: 0 | AN75: 0 | AO75: 2 | AP75: 0 | AQ75: 0 | AR75: 0 | AS75: 0 | AT75: 0 | AU75: 1 | AV75: 0 | AW75: 1 | AX75: 0 | AY75: =SUM(E75:AX75) -> 24
B76: 7 | C76: 7. CHANDRA ASTAN, S.T. | E76: 0 | F76: 0 | G76: 0 | H76: 0 | I76: 1 | J76: 2 | K76: 1 | L76: 4 | M76: 1 | N76: 10 | O76: 0 | P76: 1 | Q76: 1 | R76: 4 | S76: 0 | T76: 4 | U76: 0 | V76: 3 | W76: 9 | X76: 17 | Y76: 19 | Z76: 6 | AA76: 35 | AB76: 13 | AC76: 33 | AD76: 46 | AE76: 13 | AF76: 12 | AG76: 2 | AH76: 3 | AI76: 80 | AJ76: 2 | AK76: 4 | AL76: 2 | AM76: 1 | AN76: 0 | AO76: 0 | AP76: 3 | AQ76: 2 | AR76: 0 | AS76: 0 | AT76: 1 | AU76: 0 | AV76: 0 | AW76: 1 | AX76: 0 | AY76: =SUM(E76:AX76) -> 336
AY77: =SUM(E77:AX77) -> 0
AY78: =SUM(E78:AX78) -> 0
A79: B | B79: JUMLAH SUARA SAH PARTAI POLITIK DAN CALON (A1 + A2) | E79: =SUM(E69:E78) -> 46 | F79: =SUM(F69:F78) -> 68 | G79: =SUM(G69:G78) -> 24 | H79: =SUM(H69:H78) -> 30 | I79: =SUM(I69:I78) -> 77 | J79: =SUM(J69:J78) -> 59 | K79: =SUM(K69:K78) -> 25 | L79: =SUM(L69:L78) -> 42 | ... AY79: =SUM(AY69:AY78) -> 2649
AY80: =SUM(E80:AX80) -> 0
A81: A.1 | B81: 4. | C81: Partai Golongan Karya | E81: 3 | F81: 2 | G81: 2 | H81: 7 | I81: 5 | J81: 2 | K81: 1 | L81: 4 | M81: 2 | N81: 0 | O81: 0 | P81: 2 | Q81: 1 | R81: 1 | S81: 0 | T81: 2 | U81: 0 | V81: 2 | W81: 5 | X81: 1 | Y81: 1 | Z81: 1 | AA81: 0 | AB81: 1 | AC81: 4 | AD81: 2 | AE81: 3 | AF81: 1 | AG81: 0 | AH81: 3 | AI81: 2 | AJ81: 9 | AK81: 3 | AL81: 8 | AM81: 6 | AN81: 3 | AO81: 0 | AP81: 0 | AQ81: 2 | AR81: 2 | AS81: 3 | AT81: 2 | AU81: 5 | AV81: 2 | AW81: 4 | AX81: 1 | AY81: =SUM(E81:AX81) -> 110
A82: A.2 | B82: 1 | C82: 1. ZULFIKAR ARSE SADIKIN, S.I.P., M.Si. | E82: 1 | F82: 7 | G82: 6 | H82: 1 | I82: 2 | J82: 2 | K82: 0 | L82: 3 | M82: 4 | N82: 1 | O82: 2 | P82: 1 | Q82: 1 | R82: 1 | S82: 4 | T82: 1 | U82: 2 | V82: 2 | W82: 29 | X82: 7 | Y82: 31 | Z82: 17 | AA82: 0 | AB82: 3 | AC82: 6 | AD82: 2 | AE82: 0 | AF82: 3 | AG82: 3 | AH82: 16 | AI82: 4 | AJ82: 32 | AK82: 13 | AL82: 4 | AM82: 8 | AN82: 5 | AO82: 1 | AP82: 1 | AQ82: 0 | AR82: 3 | AS82: 4 | AT82: 4 | AU82: 2 | AV82: 13 | AW82: 5 | AX82: 35 | AY82: =SUM(E82:AX82) -> 292
B83: 2 | C83: 2. HANDOKO | E83: 3 | F83: 5 | G83: 10 | H83: 6 | I83: 1 | J83: 3 | K83: 0 | L83: 1 | M83: 1 | N83: 5 | O83: 2 | P83: 4 | Q83: 5 | R83: 6 | S83: 9 | T83: 6 | U83: 3 | V83: 4 | W83: 32 | X83: 37 | Y83: 27 | Z83: 15 | AA83: 2 | AB83: 4 | AC83: 4 | AD83: 4 | AE83: 7 | AF83: 5 | AG83: 15 | AH83: 2 | AI83: 2 | AJ83: 7 | AK83: 7 | AL83: 6 | AM83: 5 | AN83: 2 | AO83: 0 | AP83: 3 | AQ83: 2 | AR83: 3 | AS83: 5 | AT83: 5 | AU83: 3 | AV83: 15 | AW83: 5 | AX83: 4 | AY83: =SUM(E83:AX83) -> 302
B84: 3 | C84: 3. Hj. OVI DEWI YANTI | E84: 0 | F84: 0 | G84: 0 | H84: 0 | I84: 0 | J84: 0 | K84: 0 | L84: 0 | M84: 2 | N84: 1 | O84: 0 | P84: 0 | Q84: 0 | R84: 0 | S84: 0 | T84: 0 | U84: 0 | V84: 0 | W84: 1 | X84: 1 | Y84: 0 | Z84: 1 | AA84: 0 | AB84: 0 | AC84: 1 | AD84: 0 | AE84: 0 | AF84: 1 | AG84: 0 | AH84: 0 | AI84: 0 | AJ84: 1 | AK84: 0 | AL84: 0 | AM84: 0 | AN84: 0 | AO84: 0 | AP84: 1 | AQ84: 1 | AR84: 0 | AS84: 0 | AT84: 0 | AU84: 0 | AV84: 1 | AW84: 1 | AX84: 0 | AY84: =SUM(E84:AX84) -> 13
B85: 4 | C85: 4. Ir. AZAM AZMAN NATAWIJANA | E85: 0 | F85: 1 | G85: 0 | H85: 0 | I85: 1 | J85: 0 | K85: 0 | L85: 0 | M85: 0 | N85: 2 | O85: 1 | P85: 0 | Q85: 0 | R85: 0 | S85: 0 | T85: 0 | U85: 1 | V85: 1 | W85: 0 | X85: 0 | Y85: 1 | Z85: 1 | AA85: 1 | AB85: 1 | AC85: 0 | AD85: 0 | AE85: 0 | AF85: 0 | AG85: 1 | AH85: 0 | AI85: 0 | AJ85: 0 | AK85: 0 | AL85: 2 | AM85: 0 | AN85: 1 | AO85: 0 | AP85: 0 | AQ85: 0 | AR85: 0 | AS85: 0 | AT85: 0 | AU85: 0 | AV85: 1 | AW85: 1 | AX85: 1 | AY85: =SUM(E85:AX85) -> 18
B86: 5 | C86: 5. UBAIDILLAH AMIN, S.Kom. | E86: 0 | F86: 0 | G86: 0 | H86: 0 | I86: 0 | J86: 0 | K86: 0 | L86: 0 | M86: 0 | N86: 0 | O86: 0 | P86: 0 | Q86: 3 | R86: 0 | S86: 0 | T86: 0 | U86: 0 | V86: 1 | W86: 0 | X86: 1 | Y86: 5 | Z86: 0 | AA86: 2 | AB86: 0 | AC86: 0 | AD86: 21 | AE86: 19 | AF86: 1 | AG86: 3 | AH86: 0 | AI86: 0 | AJ86: 1 | AK86: 0 | AL86: 0 | AM86: 0 | AN86: 0 | AO86: 0 | AP86: 0 | AQ86: 0 | AR86: 1 | AS86: 0 | AT86: 0 | AU86: 0 | AV86: 0 | AW86: 0 | AX86: 0 | AY86: =SUM(E86:AX86) -> 58
B87: 6 | C87: 6. DENNY YUNIANDARI, S.H., M.Kn. | E87: 0 | F87: 0 | G87: 0 | H87: 0 | I87: 0 | J87: 0 | K87: 0 | L87: 0 | M87: 1 | N87: 0 | O87: 0 | P87: 0 | Q87: 0 | R87: 0 | S87: 0 | T87: 0 | U87: 0 | V87: 0 | W87: 0 | X87: 1 | Y87: 0 | Z87: 0 | AA87: 0 | AB87: 0 | AC87: 0 | AD87: 0 | AE87: 0 | AF87: 0 | AG87: 0 | AH87: 0 | AI87: 0 | AJ87: 0 | AK87: 0 | AL87: 0 | AM87: 0 | AN87: 0 | AO87: 0 | AP87: 0 | AQ87: 0 | AR87: 0 | AS87: 0 | AT87: 0 | AU87: 0 | AV87: 0 | AW87: 0 | AX87: 1 | AY87: =SUM(E87:AX87) -> 3
B88: 7 | C88: 7. ERNADI, S.H.I. | E88: 0 | F88: 0 | G88: 0 | H88: 0 | I88: 0 | J88: 0 | K88: 0 | L88: 1 | M88: 0 | N88: 0 | O88: 1 | P88: 0 | Q88: 0 | R88: 0 | S88: 0 | T88: 0 | U88: 0 | V88: 0 | W88: 0 | X88: 0 | Y88: 0 | Z88: 1 | AA88: 0 | AB88: 0 | AC88: 0 | AD88: 0 | AE88: 0 | AF88: 0 | AG88: 0 | AH88: 0 | AI88: 0 | AJ88: 1 | AK88: 0 | AL88: 0 | AM88: 0 | AN88: 0 | AO88: 0 | AP88: 0 | AQ88: 0 | AR88: 0 | AS88: 0 | AT88: 0 | AU88: 0 | AV88: 0 | AW88: 0 | AX88: 0 | AY88: =SUM(E88:AX88) -> 4
AY89: =SUM(E89:AX89) -> 0
AY90: =SUM(E90:AX90) -> 0
A91: B | B91: JUMLAH SUARA SAH PARTAI POLITIK DAN CALON (A1 + A2) | E91: =SUM(E81:E90) -> 7 | F91: =SUM(F81:F90) -> 15 | G91: =SUM(G81:G90) -> 18 | H91: =SUM(H81:H90) -> 14 | I91: =SUM(I81:I90) -> 9 | J91: =SUM(J81:J90) -> 7 | K91: =SUM(K81:K90) -> 1 | L91: =SUM(L81:L90) -> 9 | ... AY91: =SUM(AY81:AY90) -> 800
AY92: =SUM(E92:AX92) -> 0
A93: A.1 | B93: 5. | C93: Partai NasDem | E93: 1 | F93: 0 | G93: 0 | H93: 1 | I93: 1 | J93: 0 | K93: 0 | L93: 0 | M93: 0 | N93: 1 | O93: 2 | P93: 0 | Q93: 2 | R93: 0 | S93: 0 | T93: 2 | U93: 1 | V93: 0 | W93: 2 | X93: 0 | Y93: 0 | Z93: 2 | AA93: 0 | AB93: 1 | AC93: 1 | AD93: 0 | AE93: 2 | AF93: 0 | AG93: 0 | AH93: 0 | AI93: 0 | AJ93: 1 | AK93: 0 | AL93: 0 | AM93: 0 | AN93: 0 | AO93: 8 | AP93: 14 | AQ93: 10 | AR93: 7 | AS93: 15 | AT93: 9 | AU93: 4 | AV93: 1 | AW93: 0 | AX93: 1 | AY93: =SUM(E93:AX93) -> 89
A94: A.2 | B94: 1 | C94: 1. ACH. FADIL MUZAKKI SYAH | E94: 4 | F94: 0 | G94: 0 | H94: 0 | I94: 1 | J94: 0 | K94: 3 | L94: 0 | M94: 0 | N94: 0 | O94: 1 | P94: 1 | Q94: 3 | R94: 1 | S94: 0 | T94: 2 | U94: 0 | V94: 0 | W94: 2 | X94: 0 | Y94: 2 | Z94: 0 | AA94: 0 | AB94: 0 | AC94: 1 | AD94: 0 | AE94: 0 | AF94: 4 | AG94: 1 | AH94: 0 | AI94: 0 | AJ94: 1 | AK94: 0 | AL94: 1 | AM94: 0 | AN94: 0 | AO94: 7 | AP94: 15 | AQ94: 2 | AR94: 3 | AS94: 6 | AT94: 8 | AU94: 8 | AV94: 0 | AW94: 0 | AX94: 1 | AY94: =SUM(E94:AX94) -> 78
B95: 2 | C95: 2. BENY | E95: 1 | F95: 0 | G95: 0 | H95: 0 | I95: 0 | J95: 0 | K95: 0 | L95: 0 | M95: 1 | N95: 0 | O95: 0 | P95: 0 | Q95: 2 | R95: 0 | S95: 0 | T95: 2 | U95: 3 | V95: 2 | W95: 0 | X95: 0 | Y95: 0 | Z95: 0 | AA95: 0 | AB95: 0 | AC95: 0 | AD95: 0 | AE95: 0 | AF95: 0 | AG95: 0 | AH95: 0 | AI95: 0 | AJ95: 0 | AK95: 0 | AL95: 1 | AM95: 0 | AN95: 0 | AO95: 0 | AP95: 0 | AQ95: 0 | AR95: 0 | AS95: 0 | AT95: 2 | AU95: 2 | AV95: 2 | AW95: 0 | AY95: =SUM(E95:AX95) -> 18
B96: 3 | C96: 3. VINA VERONIKA | E96: 1 | F96: 0 | G96: 0 | H96: 0 | I96: 0 | J96: 0 | K96: 0 | L96: 1 | M96: 0 | N96: 0 | O96: 0 | P96: 0 | Q96: 0 | R96: 0 | S96: 0 | T96: 0 | U96: 0 | V96: 0 | W96: 0 | X96: 1 | Y96: 0 | Z96: 0 | AA96: 0 | AB96: 0 | AC96: 0 | AD96: 0 | AE96: 0 | AF96: 0 | AG96: 0 | AH96: 0 | AI96: 0 | AJ96: 0 | AK96: 0 | AL96: 0 | AM96: 0 | AN96: 0 | AO96: 0 | AP96: 0 | AQ96: 0 | AR96: 1 | AS96: 3 | AT96: 0 | AU96: 1 | AV96: 0 | AW96: 0 | AY96: =SUM(E96:AX96) -> 8
B97: 4 | C97: 4. TEDDY ANUGRIANTO | E97: 1 | F97: 0 | G97: 0 | H97: 0 | I97: 0 | J97: 0 | K97: 0 | L97: 0 | M97: 0 | N97: 0 | O97: 0 | P97: 0 | Q97: 0 | R97: 0 | S97: 1 | T97: 0 | U97: 0 | V97: 0 | W97: 0 | X97: 0 | Y97: 1 | Z97: 0 | AA97: 0 | AB97: 0 | AC97: 0 | AD97: 0 | AE97: 0 | AF97: 0 | AG97: 0 | AH97: 0 | AI97: 0 | AJ97: 2 | AK97: 0 | AL97: 0 | AM97: 0 | AN97: 2 | AO97: 3 | AP97: 2 | AQ97: 3 | AR97: 1 | AS97: 2 | AT97: 1 | AU97: 1 | AV97: 0 | AW97: 0 | AY97: =SUM(E97:AX97) -> 20
B98: 5 | C98: 5. INSAN KAMIL | E98: 0 | F98: 0 | G98: 0 | H98: 0 | I98: 0 | J98: 0 | K98: 0 | L98: 0 | M98: 0 | N98: 0 | O98: 0 | P98: 0 | Q98: 0 | R98: 0 | S98: 0 | T98: 0 | U98: 0 | V98: 0 | W98: 0 | X98: 0 | Y98: 0 | Z98: 0 | AA98: 0 | AB98: 0 | AC98: 0 | AD98: 0 | AE98: 0 | AF98: 0 | AG98: 0 | AH98: 0 | AI98: 0 | AJ98: 0 | AK98: 0 | AL98: 0 | AM98: 0 | AN98: 0 | AO98: 0 | AP98: 0 | AQ98: 0 | AR98: 0 | AS98: 0 | AT98: 0 | AU98: 1 | AV98: 0 | AW98: 0 | AY98: =SUM(E98:AX98) -> 1
B99: 6 | C99: 6. LILIK LINDARWATI | E99: 0 | F99: 1 | G99: 0 | H99: 0 | I99: 0 | J99: 0 | K99: 0 | L99: 0 | M99: 0 | N99: 0 | O99: 0 | P99: 0 | Q99: 0 | R99: 0 | S99: 0 | T99: 0 | U99: 0 | V99: 1 | W99: 0 | X99: 0 | Y99: 1 | Z99: 0 | AA99: 0 | AB99: 0 | AC99: 0 | AD99: 0 | AE99: 0 | AF99: 0 | AG99: 0 | AH99: 0 | AI99: 0 | AJ99: 0 | AK99: 0 | AL99: 0 | AM99: 0 | AN99: 0 | AO99: 0 | AP99: 0 | AQ99: 0 | AR99: 0 | AS99: 0 | AT99: 0 | AU99: 0 | AV99: 0 | AW99: 0 | AY99: =SUM(E99:AX99) -> 3
B100: 7 | C100: 7. YULI ANITA | E100: 0 | F100: 0 | G100: 0 | H100: 0 | I100: 0 | J100: 0 | K100: 0 | L100: 0 | M100: 0 | N100: 0 | O100: 0 | P100: 0 | Q100: 0 | R100: 0 | S100: 0 | T100: 0 | U100: 0 | V100: 0 | W100: 0 | X100: 0 | Y100: 0 | Z100: 0 | AA100: 0 | AB100: 0 | AC100: 0 | AD100: 0 | AE100: 0 | AF100: 0 | AG100: 1 | AH100: 0 | AI100: 0 | AJ100: 0 | AK100: 0 | AL100: 0 | AM100: 0 | AN100: 0 | AO100: 1 | AP100: 0 | AQ100: 0 | AR100: 0 | AS100: 0 | AT100: 0 | AU100: 1 | AV100: 0 | AW100: 0 | AY100: =SUM(E100:AX100) -> 3
AY101: =SUM(E101:AX101) -> 0
AY102: =SUM(E102:AX102) -> 0
A103: B | B103: JUMLAH SUARA SAH PARTAI POLITIK DAN CALON (A1 + A2) | E103: =SUM(E93:E102) -> 8 | F103: =SUM(F93:F102) -> 1 | G103: =SUM(G93:G102) -> 0 | H103: =SUM(H93:H102) -> 1 | I103: =SUM(I93:I102) -> 2 | J103: =SUM(J93:J102) -> 0 | K103: =SUM(K93:K102) -> 3 | L103: =SUM(L93:L102) -> 1 | ... AY103: =SUM(AY93:AY102) -> 220
AY104: =SUM(E104:AX104) -> 0
A105: A.1 | B105: 6. | C105: Partai Buruh | E105: 0 | F105: 0 | G105: 1 | H105: 0 | I105: 0 | J105: 0 | K105: 3 | L105: 1 | M105: 1 | N105: 1 | O105: 2 | P105: 1 | Q105: 0 | R105: 0 | S105: 1 | T105: 1 | U105: 0 | V105: 0 | W105: 0 | X105: 0 | Y105: 0 | Z105: 1 | AA105: 0 | AB105: 0 | AC105: 0 | AD105: 1 | AE105: 0 | AF105: 0 | AG105: 2 | AH105: 0 | AI105: 3 | AJ105: 2 | AK105: 0 | AL105: 3 | AM105: 3 | AN105: 2 | AO105: 1 | AP105: 0 | AQ105: 2 | AR105: 1 | AS105: 2 | AT105: 2 | AU105: 0 | AV105: 1 | AW105: 0 | AY105: =SUM(E105:AX105) -> 38
A106: A.2 | B106: 1 | C106: 1. KHOIRUL ANAM | E106: 0 | F106: 0 | G106: 0 | H106: 0 | I106: 0 | J106: 0 | K106: 2 | L106: 0 | M106: 0 | N106: 0 | O106: 1 | P106: 0 | Q106: 0 | R106: 1 | S106: 0 | T106: 0 | U106: 0 | V106: 0 | W106: 0 | X106: 0 | Y106: 0 | Z106: 0 | AA106: 1 | AB106: 0 | AC106: 0 | AD106: 0 | AE106: 1 | AF106: 0 | AG106: 0 | AH106: 0 | AI106: 0 | AJ106: 0 | AK106: 0 | AL106: 0 | AM106: 0 | AN106: 2 | AO106: 0 | AP106: 0 | AQ106: 0 | AR106: 1 | AS106: 0 | AT106: 1 | AU106: 1 | AV106: 0 | AW106: 0 | AY106: =SUM(E106:AX106) -> 11
B107: 2 | C107: 2. INA KURNIA | E107: 0 | F107: 0 | G107: 0 | H107: 0 | I107: 0 | J107: 0 | K107: 0 | L107: 0 | M107: 0 | N107: 0 | O107: 0 | P107: 0 | Q107: 0 | R107: 0 | S107: 0 | T107: 0 | U107: 0 | V107: 0 | W107: 0 | X107: 0 | Y107: 0 | Z107: 0 | AA107: 0 | AB107: 1 | AC107: 0 | AD107: 0 | AE107: 0 | AF107: 0 | AG107: 0 | AH107: 0 | AI107: 2 | AJ107: 0 | AK107: 1 | AL107: 0 | AM107: 0 | AN107: 0 | AO107: 0 | AP107: 0 | AQ107: 0 | AR107: 0 | AS107: 1 | AT107: 0 | AU107: 0 | AV107: 0 | AW107: 0 | AY107: =SUM(E107:AX107) -> 5
B108: 3 | C108: 3. JIBRAL TAROUK | E108: 0 | F108: 0 | G108: 0 | H108: 0 | I108: 0 | J108: 0 | K108: 0 | L108: 0 | M108: 0 | N108: 1 | O108: 0 | P108: 0 | Q108: 0 | R108: 0 | S108: 0 | T108: 0 | U108: 0 | V108: 0 | W108: 0 | X108: 0 | Y108: 0 | Z108: 0 | AA108: 0 | AB108: 0 | AC108: 0 | AD108: 0 | AE108: 0 | AF108: 0 | AG108: 0 | AH108: 0 | AI108: 0 | AJ108: 0 | AK108: 0 | AL108: 0 | AM108: 0 | AN108: 0 | AO108: 0 | AP108: 0 | AQ108: 0 | AR108: 0 | AS108: 0 | AT108: 0 | AU108: 0 | AV108: 0 | AW108: 0 | AY108: =SUM(E108:AX108) -> 1
B109: 4 | C109: 4. ASTUTI DAENG PUJI | E109: 0 | F109: 0 | G109: 0 | H109: 0 | I109: 0 | J109: 0 | K109: 0 | L109: 0 | M109: 0 | N109: 0 | O109: 0 | P109: 0 | Q109: 0 | R109: 0 | S109: 0 | T109: 0 | U109: 0 | V109: 0 | W109: 0 | X109: 0 | Y109: 0 | Z109: 0 | AA109: 0 | AB109: 0 | AC109: 0 | AD109: 0 | AE109: 1 | AF109: 0 | AG109: 0 | AH109: 0 | AI109: 0 | AJ109: 0 | AK109: 0 | AL109: 0 | AM109: 0 | AN109: 0 | AO109: 0 | AP109: 0 | AQ109: 1 | AR109: 0 | AS109: 0 | AT109: 0 | AU109: 0 | AV109: 0 | AW109: 0 | AY109: =SUM(E109:AX109) -> 2
...

Sheet JAJAG
C2: Kecamatan | D2: GAMBIRAN
C3: Kabupaten | D3: BANYUWANGI
C4: Provinsi | D4: JAWA TIMUR
C9: Kelurahan | D9: JAJAG
A12: I | B12: DATA PEMILIH DAN PENGGUNAAN HAK PILIH | BA12: JUMLAH AKHIR
A13: A | B13: DATA PEMILIH | E13: TPS 001 | F13: TPS 002 | G13: TPS 003 | H13: TPS 004 | I13: TPS 005 | J13: TPS 006 | K13: TPS 007 | L13: TPS 008 | M13: TPS 009 | N13: TPS 010 | O13: TPS 011 | P13: TPS 012 | Q13: TPS 013 | R13: TPS 014 | S13: TPS 015 | T13: TPS 016 | U13: TPS 017 | V13: TPS 018 | W13: TPS 019 | X13: TPS 020 | Y13: TPS 021 | Z13: TPS 022 | AA13: TPS 023 | AB13: TPS 024 | AC13: TPS 025 | AD13: TPS 026 | AE13: TPS 027 | AF13: TPS 028 | AG13: TPS 029 | AH13: TPS 030 | AI13: TPS 031 | AJ13: TPS 032 | AK13: TPS 033 | AL13: TPS 034 | AM13: TPS 035 | AN13: TPS 036 | AO13: TPS 037 | AP13: TPS 038 | AQ13: TPS 039 | AR13: TPS 040 | AS13: TPS 041 | AT13: TPS 042 | AU13: TPS 043 | AV13: TPS 044 | AW13: TPS 045 | AX13: TPS 046 | AY13: TPS 047 | AZ13: TPS 048
B14: Jumlah Pemilih dalam Daftar Pemilih Tetap (DPT) | D14: LK | E14: 136 | F14: 136 | G14: 104 | H14: 123 | I14: 142 | J14: 128 | K14: 118 | L14: 116 | M14: 106 | N14: 127 | O14: 131 | P14: 111 | Q14: 96 | R14: 146 | S14: 136 | T14: 148 | U14: 99 | V14: 145 | W14: 152 | X14: 139 | Y14: 143 | Z14: 77 | AA14: 149 | AB14: 131 | AC14: 128 | AD14: 129 | AE14: 117 | AF14: 141 | AG14: 136 | AH14: 146 | AI14: 70 | AJ14: 141 | AK14: 134 | AL14: 142 | AM14: 125 | AN14: 132 | AO14: 133 | AP14: 141 | AQ14: 125 | AR14: 129 | AS14: 114 | AT14: 131 | AU14: 138 | AV14: 134 | AW14: 143 | AX14: 121 | AY14: 111 | AZ14: 88 | BA14: =SUM(E14:AZ14) -> 6088
D15: PR | E15: 155 | F15: 158 | G15: 104 | H15: 155 | I15: 146 | J15: 149 | K15: 126 | L15: 128 | M15: 119 | N15: 134 | O15: 131 | P15: 123 | Q15: 114 | R15: 141 | S15: 158 | T15: 149 | U15: 113 | V15: 145 | W15: 147 | X15: 140 | Y15: 132 | Z15: 79 | AA15: 144 | AB15: 129 | AC15: 142 | AD15: 159 | AE15: 128 | AF15: 137 | AG15: 133 | AH15: 136 | AI15: 76 | AJ15: 143 | AK15: 135 | AL15: 145 | AM15: 117 | AN15: 141 | AO15: 140 | AP15: 152 | AQ15: 108 | AR15: 125 | AS15: 116 | AT15: 159 | AU15: 134 | AV15: 149 | AW15: 154 | AX15: 117 | AY15: 123 | AZ15: 99 | BA15: =SUM(E15:AZ15) -> 6387
D16: JML | E16: =SUM(E14:E15) -> 291 | F16: =SUM(F14:F15) -> 294 | G16: =SUM(G14:G15) -> 208 | H16: =SUM(H14:H15) -> 278 | I16: =SUM(I14:I15) -> 288 | J16: =SUM(J14:J15) -> 277 | K16: =SUM(K14:K15) -> 244 | L16: =SUM(L14:L15) -> 244 | ... AZ16: =SUM(AZ14:AZ15) -> 187 | BA16: =SUM(E16:AZ16) -> 12475
A18: B | B18: PENGGUNA HAK PILIH
B19: 1. | C19: Jumlah pengguna hak pilih dalam Daftar Pemilih Tetap (DPT) | D19: LK | E19: 98 | F19: 109 | G19: 87 | H19: 90 | I19: 105 | J19: 101 | K19: 86 | L19: 89 | M19: 76 | N19: 85 | O19: 98 | P19: 89 | Q19: 79 | R19: 115 | S19: 106 | T19: 113 | U19: 73 | V19: 100 | W19: 109 | X19: 106 | Y19: 103 | Z19: 58 | AA19: 110 | AB19: 98 | AC19: 92 | AD19: 88 | AE19: 97 | AF19: 109 | AG19: 103 | AH19: 100 | AI19: 43 | AJ19: 104 | AK19: 93 | AL19: 93 | AM19: 88 | AN19: 103 | AO19: 92 | AP19: 99 | AQ19: 81 | AR19: 93 | AS19: 79 | AT19: 104 | AU19: 104 | AV19: 107 | AW19: 107 | AX19: 99 | AY19: 77 | AZ19: 67 | BA19: =SUM(E19:AZ19) -> 4505
D20: PR | E20: 115 | F20: 122 | G20: 86 | H20: 120 | I20: 115 | J20: 118 | K20: 107 | L20: 98 | M20: 92 | N20: 104 | O20: 100 | P20: 97 | Q20: 94 | R20: 108 | S20: 113 | T20: 119 | U20: 87 | V20: 109 | W20: 119 | X20: 127 | Y20: 109 | Z20: 68 | AA20: 113 | AB20: 105 | AC20: 104 | AD20: 119 | AE20: 103 | AF20: 109 | AG20: 95 | AH20: 102 | AI20: 57 | AJ20: 115 | AK20: 105 | AL20: 103 | AM20: 99 | AN20: 96 | AO20: 98 | AP20: 111 | AQ20: 82 | AR20: 97 | AS20: 92 | AT20: 139 | AU20: 96 | AV20: 123 | AW20: 105 | AX20: 93 | AY20: 96 | AZ20: 77 | BA20: =SUM(E20:AZ20) -> 4961
D21: JML | E21: =SUM(E19:E20) -> 213 | F21: =SUM(F19:F20) -> 231 | G21: =SUM(G19:G20) -> 173 | H21: =SUM(H19:H20) -> 210 | I21: =SUM(I19:I20) -> 220 | J21: =SUM(J19:J20) -> 219 | K21: =SUM(K19:K20) -> 193 | L21: =SUM(L19:L20) -> 187 | ... AZ21: =SUM(AZ19:AZ20) -> 144 | BA21: =SUM(E21:AZ21) -> 9466
B22: 2. | C22: Jumlah pengguna hak pilih dalam Daftar Pemilih Tambahan (DPTb) | D22: LK | E22: 0 | F22: 7 | G22: 3 | H22: 0 | I22: 0 | J22: 0 | K22: 1 | L22: 0 | M22: 0 | N22: 0 | O22: 0 | P22: 0 | Q22: 0 | R22: 1 | S22: 0 | T22: 0 | U22: 0 | V22: 0 | W22: 0 | X22: 0 | Y22: 0 | Z22: 0 | AA22: 0 | AB22: 0 | AC22: 0 | AD22: 0 | AE22: 1 | AF22: 0 | AG22: 0 | AH22: 0 | AX22: 0 | AY22: 0 | AZ22: 1 | BA22: =SUM(E22:AZ22) -> 14
D23: PR | E23: 0 | F23: 7 | G23: 1 | H23: 0 | I23: 0 | J23: 0 | K23: 0 | L23: 0 | M23: 0 | N23: 0 | O23: 0 | P23: 0 | Q23: 0 | R23: 0 | S23: 0 | T23: 0 | U23: 0 | V23: 0 | W23: 0 | X23: 0 | Y23: 0 | Z23: 0 | AA23: 0 | AB23: 0 | AC23: 0 | AD23: 0 | AE23: 1 | AF23: 0 | AG23: 0 | AH23: 0 | AX23: 0 | AY23: 0 | AZ23: 0 | BA23: =SUM(E23:AZ23) -> 9
D24: JML | E24: =SUM(E22:E23) -> 0 | F24: =SUM(F22:F23) -> 14 | G24: =SUM(G22:G23) -> 4 | H24: =SUM(H22:H23) -> 0 | I24: =SUM(I22:I23) -> 0 | J24: =SUM(J22:J23) -> 0 | K24: =SUM(K22:K23) -> 1 | L24: =SUM(L22:L23) -> 0 | ... AZ24: =SUM(AZ22:AZ23) -> 1 | BA24: =SUM(E24:AZ24) -> 23
B25: 3. | C25: Jumlah pengguna hak pilih dalam Daftar Pemilih Khusus (DPK) | D25: LK | E25: 0 | F25: 1 | G25: 0 | H25: 0 | I25: 1 | J25: 4 | K25: 1 | L25: 3 | M25: 1 | N25: 0 | O25: 10 | P25: 0 | Q25: 2 | R25: 6 | S25: 2 | T25: 1 | U25: 0 | V25: 3 | W25: 1 | X25: 0 | Y25: 0 | Z25: 0 | AA25: 1 | AB25: 0 | AC25: 4 | AD25: 4 | AE25: 0 | AF25: 1 | AG25: 4 | AH25: 0 | AI25: 0 | AJ25: 0 | AK25: 2 | AL25: 0 | AM25: 0 | AN25: 0 | AO25: 3 | AP25: 1 | AQ25: 1 | AR25: 2 | AS25: 1 | AT25: 4 | AU25: 0 | AV25: 3 | AW25: 0 | AX25: 0 | AY25: 0 | AZ25: 0 | BA25: =SUM(E25:AZ25) -> 67
D26: PR | E26: 1 | F26: 3 | G26: 0 | H26: 0 | I26: 2 | J26: 3 | K26: 1 | L26: 2 | M26: 2 | N26: 2 | O26: 6 | P26: 0 | Q26: 0 | R26: 3 | S26: 1 | T26: 0 | U26: 0 | V26: 1 | W26: 0 | X26: 0 | Y26: 0 | Z26: 0 | AA26: 0 | AB26: 0 | AC26: 6 | AD26: 4 | AE26: 0 | AF26: 1 | AG26: 2 | AH26: 1 | AI26: 1 | AJ26: 0 | AK26: 1 | AL26: 0 | AM26: 1 | AN26: 0 | AO26: 3 | AP26: 3 | AQ26: 2 | AR26: 2 | AS26: 6 | AT26: 3 | AU26: 0 | AV26: 4 | AW26: 2 | AX26: 2 | AY26: 3 | AZ26: 0 | BA26: =SUM(E26:AZ26) -> 74
D27: JML | E27: =SUM(E25:E26) -> 1 | F27: =SUM(F25:F26) -> 4 | G27: =SUM(G25:G26) -> 0 | H27: =SUM(H25:H26) -> 0 | I27: =SUM(I25:I26) -> 3 | J27: =SUM(J25:J26) -> 7 | K27: =SUM(K25:K26) -> 2 | L27: =SUM(L25:L26) -> 5 | ... AZ27: =SUM(AZ25:AZ26) -> 0 | BA27: =SUM(E27:AZ27) -> 141
B28: 4. | C28: Jumlah Pengguna Hak Pilih (B.1+B.2+B.3) | D28: LK | E28: =SUM(E19,E22,E25) -> 98 | F28: =SUM(F19,F22,F25) -> 117 | G28: =SUM(G19,G22,G25) -> 90 | H28: =SUM(H19,H22,H25) -> 90 | I28: =SUM(I19,I22,I25) -> 106 | J28: =SUM(J19,J22,J25) -> 105 | K28: =SUM(K19,K22,K25) -> 88 | L28: =SUM(L19,L22,L25) -> 92 | ... AZ28: =SUM(AZ19,AZ22,AZ25) -> 68 | BA28: =SUM(E28:AZ28) -> 4586
D29: PR | E29: =SUM(E20,E23,E26) -> 116 | F29: =SUM(F20,F23,F26) -> 132 | G29: =SUM(G20,G23,G26) -> 87 | H29: =SUM(H20,H23,H26) -> 120 | I29: =SUM(I20,I23,I26) -> 117 | J29: =SUM(J20,J23,J26) -> 121 | K29: =SUM(K20,K23,K26) -> 108 | L29: =SUM(L20,L23,L26) -> 100 | ... AZ29: =SUM(AZ20,AZ23,AZ26) -> 77 | BA29: =SUM(E29:AZ29) -> 5044
D30: JML | E30: =SUM(E28:E29) -> 214 | F30: =SUM(F28:F29) -> 249 | G30: =SUM(G28:G29) -> 177 | H30: =SUM(H28:H29) -> 210 | I30: =SUM(I28:I29) -> 223 | J30: =SUM(J28:J29) -> 226 | K30: =SUM(K28:K29) -> 196 | L30: =SUM(L28:L29) -> 192 | ... AZ30: =SUM(AZ28:AZ29) -> 145 | BA30: =SUM(E30:AZ30) -> 9630
A32: II | B32: DATA PENGGUNAAN SURAT SUARA
A33: 1 | B33: Jumlah surat suara yang diterima, termasuk surat suara cadangan 2,5% dari DPT | E33: 295 | F33: 291 | G33: 213 | H33: 284 | I33: 304 | J33: 283 | K33: 249 | L33: 249 | M33: 300 | N33: 237 | O33: 277 | P33: 229 | Q33: 215 | R33: 303 | S33: 300 | T33: 303 | U33: 218 | V33: 296 | W33: 306 | X33: 275 | Y33: 281 | Z33: 159 | AA33: 300 | AB33: 266 | AC33: 276 | AD33: 294 | AE33: 254 | AF33: 284 | AG33: 275 | AH33: 298 | AI33: 249 | AJ33: 289 | AK33: 274 | AL33: 299 | AM33: 247 | AN33: 278 | AO33: 275 | AP33: 299 | AQ33: 238 | AR33: 260 | AS33: 235 | AT33: 297 | AU33: 278 | AV33: 289 | AW33: 303 | AX33: 243 | AY33: 239 | AZ33: 191 | BA33: =SUM(E33:AZ33) -> 12897
A34: 2 | B34: Jumlah surat suara yang digunakan | E34: 214 | F34: 249 | G34: 177 | H34: 210 | I34: 223 | J34: 226 | K34: 196 | L34: 192 | M34: 171 | N34: 191 | O34: 214 | P34: 186 | Q34: 175 | R34: 233 | S34: 222 | T34: 233 | U34: 160 | V34: 213 | W34: 229 | X34: 233 | Y34: 212 | Z34: 126 | AA34: 224 | AB34: 203 | AC34: 206 | AD34: 215 | AE34: 202 | AF34: 220 | AG34: 204 | AH34: 203 | AI34: 101 | AJ34: 219 | AK34: 201 | AL34: 196 | AM34: 188 | AN34: 199 | AO34: 196 | AP34: 214 | AQ34: 166 | AR34: 194 | AS34: 178 | AT34: 250 | AU34: 200 | AV34: 237 | AW34: 214 | AX34: 194 | AY34: 176 | AZ34: 145 | BA34: =SUM(E34:AZ34) -> 9630
A35: 3 | B35: Jumlah surat suara dikembalikan oleh pemilih (karena rusak atau keliru coblos) | E35: 0 | F35: 0 | G35: 0 | H35: 0 | I35: 0 | J35: 0 | K35: 2 | L35: 0 | M35: 0 | N35: 0 | O35: 0 | P35: 0 | Q35: 0 | R35: 1 | S35: 0 | T35: 0 | U35: 1 | V35: 1 | W35: 0 | X35: 0 | Y35: 1 | Z35: 0 | AA35: 0 | AB35: 0 | AC35: 0 | AD35: 0 | AE35: 2 | AF35: 0 | AG35: 2 | AH35: 1 | AI35: 0 | AJ35: 0 | AK35: 1 | AL35: 0 | AM35: 0 | AN35: 0 | AO35: 0 | AP35: 0 | AQ35: 0 | AR35: 0 | AS35: 0 | AT35: 0 | AU35: 0 | AV35: 0 | AW35: 1 | BA35: =SUM(E35:AZ35) -> 13
A36: 4 | B36: Jumlah surat suara yang tidak digunakan/tidak terpakai, termasuk sisa surat suara cadangan | E36: =E33-(E34+E35) -> 81 | F36: =F33-(F34+F35) -> 42 | G36: =G33-(G34+G35) -> 36 | H36: =H33-(H34+H35) -> 74 | I36: =I33-(I34+I35) -> 81 | J36: =J33-(J34+J35) -> 57 | K36: =K33-(K34+K35) -> 51 | L36: =L33-(L34+L35) -> 57 | ... AZ36: =AZ33-(AZ34+AZ35) -> 46 | BA36: =SUM(E36:AZ36) -> 3254
A38: III | B38: DATA PEMILIH DISABILITAS
B39: Jumlah seluruh Pemilih disabilitas yang menggunakan hak pilih | D39: LK | E39: 0 | F39: 0 | G39: 0 | H39: 0 | I39: 1 | J39: 0 | K39: 0 | L39: 0 | M39: 0 | N39: 0 | O39: 0 | P39: 1 | Q39: 0 | R39: 0 | S39: 0 | T39: 0 | U39: 1 | V39: 0 | W39: 0 | X39: 2 | Y39: 0 | Z39: 1 | AA39: 0 | AB39: 0 | AC39: 0 | AD39: 0 | AE39: 0 | AF39: 0 | AG39: 0 | AH39: 0 | AI39: 0 | AJ39: 0 | AK39: 0 | AL39: 0 | AM39: 0 | AN39: 0 | AO39: 0 | AP39: 1 | AQ39: 0 | AR39: 1 | AS39: 1 | AT39: 0 | AU39: 0 | AV39: 0 | AW39: 0 | AX39: 0 | AY39: 0 | AZ39: 0 | BA39: =SUM(E39:AZ39) -> 9
D40: PR | E40: 0 | F40: 0 | G40: 0 | H40: 0 | I40: 0 | J40: 0 | K40: 1 | L40: 0 | M40: 0 | N40: 0 | O40: 0 | P40: 0 | Q40: 0 | R40: 1 | S40: 0 | T40: 0 | U40: 1 | V40: 0 | W40: 0 | X40: 1 | Y40: 0 | Z40: 3 | AA40: 0 | AB40: 0 | AC40: 0 | AD40: 0 | AE40: 0 | AF40: 0 | AG40: 0 | AH40: 0 | AI40: 0 | AJ40: 0 | AK40: 0 | AL40: 0 | AM40: 0 | AN40: 0 | AO40: 2 | AP40: 1 | AQ40: 0 | AR40: 0 | AS40: 0 | AT40: 0 | AU40: 0 | AV40: 0 | AW40: 0 | AX40: 0 | AY40: 0 | AZ40: 1 | BA40: =SUM(E40:AZ40) -> 11
D41: JML | E41: =SUM(E39:E40) -> 0 | F41: =SUM(F39:F40) -> 0 | G41: =SUM(G39:G40) -> 0 | H41: =SUM(H39:H40) -> 0 | I41: =SUM(I39:I40) -> 1 | J41: =SUM(J39:J40) -> 0 | K41: =SUM(K39:K40) -> 1 | L41: =SUM(L39:L40) -> 0 | ... AZ41: =SUM(AZ39:AZ40) -> 1 | BA41: =SUM(E41:AZ41) -> 20
A43: IV | B43: DATA RINCIAN PEROLEHAN SUARA PASANGAN CALON BUPATI DAN WAKIL BUPATI
A44: NOMOR DAN NAMA CALON
A45: A.1 | B45: 1. | C45: Partai Kebangkitan Bangsa | E45: 4 | F45: 6 | G45: 0 | H45: 1 | I45: 3 | J45: 2 | K45: 3 | L45: 7 | M45: 7 | N45: 6 | O45: 2 | P45: 9 | Q45: 2 | R45: 9 | S45: 10 | T45: 8 | U45: 4 | V45: 6 | W45: 6 | X45: 3 | Y45: 4 | Z45: 5 | AA45: 7 | AB45: 5 | AC45: 4 | AD45: 11 | AE45: 1 | AF45: 4 | AG45: 8 | AH45: 7 | AI45: 1 | AJ45: 4 | AK45: 3 | AL45: 1 | AM45: 1 | AN45: 4 | AO45: 5 | AP45: 11 | AQ45: 4 | AR45: 3 | AS45: 3 | AT45: 8 | AU45: 5 | AV45: 4 | AW45: 2 | AX45: 3 | AY45: 2 | AZ45: 1 | BA45: =SUM(E45:AZ45) -> 219
A46: A.2 | B46: 1 | C46: 1. Dr. Hj. NIHAYATUL WAFIROH, M.A. | E46: 2 | F46: 16 | G46: 9 | H46: 8 | I46: 16 | J46: 12 | K46: 13 | L46: 31 | M46: 16 | N46: 15 | O46: 1 | P46: 0 | Q46: 5 | R46: 5 | S46: 29 | T46: 23 | U46: 18 | V46: 15 | W46: 4 | X46: 3 | Y46: 31 | Z46: 10 | AA46: 17 | AB46: 13 | AC46: 6 | AD46: 12 | AE46: 4 | AF46: 21 | AG46: 33 | AH46: 18 | AI46: 7 | AJ46: 9 | AK46: 6 | AL46: 10 | AM46: 3 | AN46: 9 | AO46: 10 | AP46: 12 | AQ46: 10 | AR46: 4 | AS46: 4 | AT46: 4 | AU46: 12 | AV46: 4 | AW46: 17 | AX46: 6 | AY46: 11 | AZ46: 1 | BA46: =SUM(E46:AZ46) -> 545
B47: 2 | C47: 2. H. M. NASIM KHAN | E47: 0 | F47: 0 | G47: 0 | H47: 1 | I47: 0 | J47: 4 | K47: 0 | L47: 0 | M47: 1 | N47: 0 | O47: 0 | P47: 0 | Q47: 1 | R47: 3 | S47: 0 | T47: 1 | U47: 0 | V47: 1 | W47: 3 | X47: 0 | Y47: 0 | Z47: 1 | AA47: 0 | AB47: 1 | AC47: 0 | AD47: 2 | AE47: 0 | AF47: 0 | AG47: 1 | AH47: 2 | AI47: 0 | AJ47: 2 | AK47: 1 | AL47: 1 | AM47: 0 | AN47: 0 | AO47: 0 | AP47: 0 | AQ47: 1 | AR47: 0 | AS47: 2 | AT47: 0 | AU47: 0 | AV47: 0 | AW47: 0 | AX47: 1 | AY47: 2 | AZ47: 0 | BA47: =SUM(E47:AZ47) -> 32
B48: 3 | C48: 3. Dr. H. AKIK ZAMAN, M.Pd.I. | E48: 0 | F48: 0 | G48: 1 | H48: 0 | I48: 1 | J48: 0 | K48: 1 | L48: 2 | M48: 0 | N48: 2 | O48: 1 | P48: 0 | Q48: 0 | R48: 2 | S48: 0 | T48: 0 | U48: 2 | V48: 0 | W48: 0 | X48: 0 | Y48: 0 | Z48: 0 | AA48: 0 | AB48: 0 | AC48: 0 | AD48: 0 | AE48: 0 | AF48: 1 | AG48: 1 | AH48: 0 | AI48: 0 | AJ48: 0 | AK48: 0 | AL48: 1 | AM48: 0 | AN48: 0 | AO48: 0 | AP48: 1 | AQ48: 0 | AR48: 0 | AS48: 1 | AT48: 2 | AU48: 0 | AV48: 1 | AW48: 0 | AX48: 0 | AY48: 0 | AZ48: 0 | BA48: =SUM(E48:AZ48) -> 20
B49: 4 | C49: 4. AHMAD RIFA'I, S.H. | E49: 0 | F49: 0 | G49: 2 | H49: 0 | I49: 0 | J49: 2 | K49: 0 | L49: 0 | M49: 0 | N49: 0 | O49: 1 | P49: 0 | Q49: 0 | R49: 3 | S49: 0 | T49: 0 | U49: 0 | V49: 4 | W49: 1 | X49: 0 | Y49: 0 | Z49: 0 | AA49: 0 | AB49: 1 | AC49: 1 | AD49: 1 | AE49: 0 | AF49: 1 | AG49: 0 | AH49: 0 | AI49: 0 | AJ49: 1 | AK49: 1 | AL49: 0 | AM49: 3 | AN49: 1 | AO49: 0 | AP49: 3 | AQ49: 2 | AR49: 1 | AS49: 0 | AT49: 1 | AU49: 0 | AV49: 0 | AW49: 0 | AX49: 0 | AY49: 3 | AZ49: 0 | BA49: =SUM(E49:AZ49) -> 33
B50: 5 | C50: 5. Drs. H. MAHFUD M.N. | E50: 0 | F50: 1 | G50: 1 | H50: 0 | I50: 0 | J50: 0 | K50: 0 | L50: 0 | M50: 1 | N50: 1 | O50: 0 | P50: 0 | Q50: 1 | R50: 2 | S50: 2 | T50: 0 | U50: 0 | V50: 1 | W50: 1 | X50: 0 | Y50: 1 | Z50: 0 | AA50: 1 | AB50: 1 | AC50: 0 | AD50: 0 | AE50: 1 | AF50: 0 | AG50: 0 | AH50: 0 | AI50: 0 | AJ50: 0 | AK50: 0 | AL50: 0 | AM50: 0 | AN50: 0 | AO50: 0 | AP50: 1 | AQ50: 0 | AR50: 0 | AS50: 0 | AT50: 0 | AU50: 0 | AV50: 0 | AW50: 0 | AX50: 1 | AY50: 0 | AZ50: 0 | BA50: =SUM(E50:AZ50) -> 17
B51: 6 | C51: 6. NURHAYATI, S.Pd. | E51: 1 | F51: 1 | G51: 0 | H51: 0 | I51: 0 | J51: 0 | K51: 0 | L51: 0 | M51: 0 | N51: 0 | O51: 0 | P51: 0 | Q51: 0 | R51: 0 | S51: 0 | T51: 2 | U51: 0 | V51: 0 | W51: 0 | X51: 0 | Y51: 1 | Z51: 1 | AA51: 0 | AB51: 0 | AC51: 3 | AD51: 1 | AE51: 0 | AF51: 0 | AG51: 0 | AH51: 1 | AI51: 0 | AJ51: 0 | AK51: 0 | AL51: 0 | AM51: 1 | AN51: 0 | AO51: 0 | AP51: 1 | AQ51: 0 | AR51: 0 | AS51: 0 | AT51: 0 | AU51: 1 | AV51: 0 | AW51: 0 | AX51: 3 | AY51: 0 | AZ51: 0 | BA51: =SUM(E51:AZ51) -> 17
B52: 7 | C52: 7. MAFTUHA KISWAH | E52: 0 | F52: 0 | G52: 2 | H52: 0 | I52: 0 | J52: 0 | K52: 0 | L52: 0 | M52: 0 | N52: 0 | O52: 0 | P52: 0 | Q52: 0 | R52: 0 | S52: 0 | T52: 0 | U52: 0 | V52: 0 | W52: 0 | X52: 0 | Y52: 0 | Z52: 0 | AA52: 0 | AB52: 0 | AC52: 0 | AD52: 0 | AE52: 0 | AF52: 0 | AG52: 0 | AH52: 0 | AI52: 0 | AJ52: 0 | AK52: 0 | AL52: 0 | AM52: 0 | AN52: 0 | AO52: 0 | AP52: 0 | AQ52: 0 | AR52: 1 | AS52: 0 | AT52: 0 | AU52: 1 | AV52: 0 | AW52: 0 | AX52: 0 | AY52: 1 | AZ52: 0 | BA52: =SUM(E52:AZ52) -> 5
A55: B | B55: JUMLAH SUARA SAH PARTAI POLITIK DAN CALON (A1 + A2) | E55: =SUM(E45:E54) -> 7 | F55: =SUM(F45:F54) -> 24 | G55: =SUM(G45:G54) -> 15 | H55: =SUM(H45:H54) -> 10 | I55: =SUM(I45:I54) -> 20 | J55: =SUM(J45:J54) -> 20 | K55: =SUM(K45:K54) -> 17 | L55: =SUM(L45:L54) -> 40 | ... BA55: =SUM(BA45:BA54) -> 888
A57: A.1 | B57: 2. | C57: Partai Gerakan Indonesia Raya | E57: 2 | F57: 12 | G57: 5 | H57: 2 | I57: 11 | J57: 3 | K57: 7 | L57: 7 | M57: 6 | N57: 7 | O57: 3 | P57: 4 | Q57: 4 | R57: 5 | S57: 9 | T57: 6 | U57: 4 | V57: 2 | W57: 5 | X57: 6 | Y57: 5 | Z57: 1 | AA57: 5 | AB57: 3 | AC57: 10 | AD57: 16 | AE57: 7 | AF57: 3 | AG57: 9 | AH57: 20 | AI57: 4 | AJ57: 3 | AK57: 7 | AL57: 2 | AM57: 11 | AN57: 11 | AO57: 6 | AP57: 10 | AQ57: 7 | AR57: 5 | AS57: 6 | AT57: 20 | AU57: 6 | AV57: 6 | AW57: 5 | AX57: 10 | AY57: 12 | AZ57: 10 | BA57: =SUM(E57:AZ57) -> 330
A58: A.2 | B58: 1 | C58: 1. SUMAIL ABDULLAH | E58: 3 | F58: 7 | G58: 9 | H58: 6 | I58: 2 | J58: 15 | K58: 10 | L58: 6 | M58: 4 | N58: 5 | O58: 0 | P58: 2 | Q58: 5 | R58: 37 | S58: 3 | T58: 2 | U58: 1 | V58: 8 | W58: 5 | X58: 2 | Y58: 3 | Z58: 2 | AA58: 0 | AB58: 1 | AC58: 4 | AD58: 8 | AE58: 4 | AF58: 10 | AG58: 21 | AH58: 12 | AI58: 4 | AJ58: 3 | AK58: 4 | AL58: 5 | AM58: 14 | AN58: 6 | AO58: 10 | AP58: 3 | AQ58: 3 | AR58: 4 | AS58: 5 | AT58: 48 | AU58: 4 | AV58: 6 | AW58: 4 | AX58: 34 | AY58: 10 | AZ58: 19 | BA58: =SUM(E58:AZ58) -> 383
B59: 2 | C59: 2. MUHAMMAD ALI ADRIAN SALEH | E59: 1 | F59: 1 | G59: 2 | H59: 1 | I59: 3 | J59: 3 | K59: 2 | L59: 0 | M59: 1 | N59: 5 | O59: 2 | P59: 2 | Q59: 4 | R59: 8 | S59: 2 | T59: 2 | U59: 1 | V59: 2 | W59: 0 | X59: 1 | Y59: 1 | Z59: 2 | AA59: 0 | AB59: 0 | AC59: 4 | AD59: 5 | AE59: 1 | AF59: 0 | AG59: 4 | AH59: 8 | AI59: 3 | AJ59: 2 | AK59: 1 | AL59: 3 | AM59: 4 | AN59: 3 | AO59: 2 | AP59: 3 | AQ59: 2 | AR59: 4 | AS59: 4 | AT59: 8 | AU59: 1 | AV59: 5 | AW59: 2 | AX59: 2 | AY59: 6 | AZ59: 0 | BA59: =SUM(E59:AZ59) -> 123
B60: 3 | C60: 3. DURROTUN NAFISAH | E60: 1 | F60: 0 | G60: 0 | H60: 0 | I60: 0 | J60: 3 | K60: 1 | L60: 0 | M60: 0 | N60: 0 | O60: 0 | P60: 1 | Q60: 0 | R60: 1 | S60: 1 | T60: 1 | U60: 0 | V60: 0 | W60: 1 | X60: 0 | Y60: 0 | Z60: 0 | AA60: 0 | AB60: 0 | AC60: 2 | AD60: 1 | AE60: 0 | AF60: 0 | AG60: 1 | AH60: 2 | AI60: 0 | AJ60: 0 | AK60: 0 | AL60: 0 | AM60: 0 | AN60: 0 | AO60: 2 | AP60: 2 | AQ60: 0 | AR60: 3 | AS60: 1 | AT60: 2 | AU60: 2 | AV60: 1 | AW60: 0 | AX60: 2 | AY60: 1 | AZ60: 1 | BA60: =SUM(E60:AZ60) -> 33
B61: 4 | C61: 4. H. EKO SUSILO NURHIDAYAT | E61: 5 | F61: 5 | G61: 1 | H61: 1 | I61: 2 | J61: 0 | K61: 1 | L61: 0 | M61: 1 | N61: 1 | O61: 1 | P61: 1 | Q61: 1 | R61: 0 | S61: 1 | T61: 3 | U61: 0 | V61: 2 | W61: 0 | X61: 0 | Y61: 0 | Z61: 1 | AA61: 1 | AB61: 1 | AC61: 4 | AD61: 1 | AE61: 3 | AF61: 5 | AG61: 1 | AH61: 0 | AI61: 1 | AJ61: 1 | AK61: 0 | AL61: 0 | AM61: 2 | AN61: 2 | AO61: 2 | AP61: 1 | AQ61: 1 | AR61: 1 | AS61: 2 | AT61: 1 | AU61: 2 | AV61: 1 | AW61: 4 | AX61: 0 | AY61: 4 | AZ61: 2 | BA61: =SUM(E61:AZ61) -> 70
B62: 5 | C62: 5. KARNADI HARIJANTO, S.S. | E62: 0 | F62: 3 | G62: 1 | H62: 0 | I62: 0 | J62: 0 | K62: 0 | L62: 0 | M62: 0 | N62: 0 | O62: 0 | P62: 2 | Q62: 0 | R62: 0 | S62: 0 | T62: 0 | U62: 0 | V62: 1 | W62: 0 | X62: 1 | Y62: 2 | Z62: 0 | AA62: 1 | AB62: 1 | AC62: 0 | AD62: 0 | AE62: 1 | AF62: 0 | AG62: 0 | AH62: 0 | AI62: 1 | AJ62: 1 | AK62: 0 | AL62: 1 | AM62: 1 | AN62: 1 | AO62: 0 | AP62: 1 | AQ62: 0 | AR62: 0 | AS62: 2 | AT62: 0 | AU62: 1 | AV62: 0 | AW62: 0 | AX62: 1 | AY62: 0 | AZ62: 0 | BA62: =SUM(E62:AZ62) -> 23
B63: 6 | C63: 6. NURHAYATI | E63: 0 | F63: 0 | G63: 0 | H63: 2 | I63: 0 | J63: 0 | K63: 2 | L63: 0 | M63: 1 | N63: 0 | O63: 0 | P63: 0 | Q63: 0 | R63: 0 | S63: 0 | T63: 0 | U63: 0 | V63: 0 | W63: 1 | X63: 0 | Y63: 0 | Z63: 0 | AA63: 0 | AB63: 2 | AC63: 0 | AD63: 2 | AE63: 0 | AF63: 0 | AG63: 1 | AH63: 2 | AI63: 0 | AJ63: 1 | AK63: 0 | AL63: 1 | AM63: 1 | AN63: 0 | AO63: 0 | AP63: 2 | AQ63: 0 | AR63: 1 | AS63: 0 | AT63: 1 | AU63: 1 | AV63: 3 | AW63: 1 | AX63: 0 | AY63: 0 | AZ63: 0 | BA63: =SUM(E63:AZ63) -> 25
B64: 7 | C64: 7. MASHUDI | E64: 0 | F64: 1 | G64: 1 | H64: 0 | I64: 1 | J64: 1 | K64: 0 | L64: 0 | M64: 0 | N64: 2 | O64: 0 | P64: 0 | Q64: 0 | R64: 0 | S64: 0 | T64: 0 | U64: 1 | V64: 0 | W64: 0 | X64: 0 | Y64: 0 | Z64: 0 | AA64: 0 | AB64: 0 | AC64: 1 | AD64: 1 | AE64: 0 | AF64: 0 | AG64: 0 | AH64: 0 | AI64: 0 | AJ64: 0 | AK64: 0 | AL64: 1 | AM64: 0 | AN64: 0 | AO64: 0 | AP64: 1 | AQ64: 0 | AR64: 0 | AS64: 0 | AT64: 0 | AU64: 0 | AV64: 1 | AW64: 1 | AX64: 0 | AY64: 0 | AZ64: 2 | BA64: =SUM(E64:AZ64) -> 15
A67: B | B67: JUMLAH SUARA SAH PARTAI POLITIK DAN CALON (A1 + A2) | E67: =SUM(E57:E66) -> 12 | F67: =SUM(F57:F66) -> 29 | G67: =SUM(G57:G66) -> 19 | H67: =SUM(H57:H66) -> 12 | I67: =SUM(I57:I66) -> 19 | J67: =SUM(J57:J66) -> 25 | K67: =SUM(K57:K66) -> 23 | L67: =SUM(L57:L66) -> 13 | ... BA67: =SUM(BA57:BA66) -> 1002
A69: A.1 | B69: 3. | C69: Partai Demokrasi Indonesia Perjuangan | E69: 4 | F69: 17 | G69: 17 | H69: 27 | I69: 11 | J69: 9 | K69: 15 | L69: 9 | M69: 15 | N69: 14 | O69: 13 | P69: 5 | Q69: 4 | R69: 9 | S69: 18 | T69: 14 | U69: 15 | V69: 11 | W69: 8 | X69: 2 | Y69: 9 | Z69: 8 | AA69: 10 | AB69: 5 | AC69: 23 | AD69: 21 | AE69: 13 | AF69: 9 | AG69: 8 | AH69: 11 | AI69: 11 | AJ69: 19 | AK69: 25 | AL69: 15 | AM69: 13 | AN69: 15 | AO69: 16 | AP69: 23 | AQ69: 16 | AR69: 16 | AS69: 11 | AT69: 13 | AU69: 17 | AV69: 31 | AW69: 16 | AX69: 16 | AY69: 12 | AZ69: 6 | BA69: =SUM(E69:AZ69) -> 645
A70: A.2 | B70: 1 | C70: 1. SONNY TRI DANAPARAMITA, S.H., M.H. | E70: 11 | F70: 22 | G70: 19 | H70: 35 | I70: 17 | J70: 23 | K70: 5 | L70: 6 | M70: 12 | N70: 17 | O70: 9 | P70: 10 | Q70: 20 | R70: 41 | S70: 19 | T70: 21 | U70: 15 | V70: 19 | W70: 2 | X70: 1 | Y70: 9 | Z70: 10 | AA70: 8 | AB70: 4 | AC70: 17 | AD70: 12 | AE70: 59 | AF70: 8 | AG70: 20 | AH70: 31 | AI70: 17 | AJ70: 77 | AK70: 57 | AL70: 40 | AM70: 10 | AN70: 34 | AO70: 27 | AP70: 31 | AQ70: 16 | AR70: 22 | AS70: 16 | AT70: 22 | AU70: 25 | AV70: 50 | AW70: 43 | AX70: 12 | AY70: 13 | AZ70: 1 | BA70: =SUM(E70:AZ70) -> 1015
B71: 2 | C71: 2. H. MOHAMAD GUNTUR ROMLI | E71: 3 | F71: 5 | G71: 2 | H71: 15 | I71: 5 | J71: 9 | K71: 5 | L71: 0 | M71: 8 | N71: 2 | O71: 0 | P71: 1 | Q71: 4 | R71: 7 | S71: 2 | T71: 1 | U71: 3 | V71: 6 | W71: 0 | X71: 0 | Y71: 28 | Z71: 12 | AA71: 16 | AB71: 12 | AC71: 1 | AD71: 17 | AE71: 23 | AF71: 30 | AG71: 1 | AH71: 2 | AI71: 6 | AJ71: 2 | AK71: 2 | AL71: 5 | AM71: 6 | AN71: 7 | AO71: 4 | AP71: 6 | AQ71: 2 | AR71: 6 | AS71: 2 | AT71: 1 | AU71: 4 | AV71: 2 | AW71: 0 | AX71: 5 | AY71: 4 | AZ71: 0 | BA71: =SUM(E71:AZ71) -> 284
B72: 3 | C72: 3. INA AMMANIA | E72: 20 | F72: 18 | G72: 2 | H72: 4 | I72: 10 | J72: 12 | K72: 2 | L72: 0 | M72: 4 | N72: 0 | O72: 3 | P72: 2 | Q72: 2 | R72: 7 | S72: 3 | T72: 1 | U72: 14 | V72: 9 | W72: 5 | X72: 40 | Y72: 6 | Z72: 6 | AA72: 1 | AB72: 1 | AC72: 4 | AD72: 0 | AE72: 1 | AF72: 1 | AG72: 1 | AH72: 11 | AI72: 2 | AJ72: 7 | AK72: 8 | AL72: 7 | AM72: 7 | AN72: 3 | AO72: 4 | AP72: 6 | AQ72: 0 | AR72: 13 | AS72: 9 | AT72: 19 | AU72: 11 | AV72: 6 | AW72: 2 | AX72: 5 | AY72: 3 | AZ72: 5 | BA72: =SUM(E72:AZ72) -> 307
B73: 4 | C73: 4. IRWAN BACHTIAR RACHMAT, M.Si. | E73: 0 | F73: 1 | G73: 1 | H73: 0 | I73: 1 | J73: 0 | K73: 1 | L73: 0 | M73: 1 | N73: 0 | O73: 1 | P73: 0 | Q73: 1 | R73: 0 | S73: 1 | T73: 2 | U73: 0 | V73: 3 | W73: 2 | X73: 0 | Y73: 0 | Z73: 1 | AA73: 0 | AB73: 0 | AC73: 2 | AD73: 2 | AE73: 0 | AF73: 0 | AG73: 0 | AH73: 1 | AI73: 0 | AJ73: 1 | AK73: 2 | AL73: 1 | AM73: 0 | AN73: 2 | AO73: 1 | AP73: 2 | AQ73: 1 | AR73: 1 | AS73: 2 | AT73: 4 | AU73: 1 | AV73: 2 | AW73: 1 | AX73: 2 | AY73: 0 | AZ73: 0 | BA73: =SUM(E73:AZ73) -> 44
B74: 5 | C74: 5. LUCKY PERDANA | E74: 0 | F74: 4 | G74: 7 | H74: 9 | I74: 6 | J74: 5 | K74: 2 | L74: 4 | M74: 7 | N74: 5 | O74: 4 | P74: 1 | Q74: 1 | R74: 5 | S74: 5 | T74: 4 | U74: 5 | V74: 7 | W74: 1 | X74: 1 | Y74: 3 | Z74: 0 | AA74: 6 | AB74: 0 | AC74: 5 | AD74: 5 | AE74: 0 | AF74: 2 | AG74: 0 | AH74: 4 | AI74: 1 | AJ74: 1 | AK74: 0 | AL74: 2 | AM74: 3 | AN74: 5 | AO74: 6 | AP74: 6 | AQ74: 6 | AR74: 3 | AS74: 5 | AT74: 6 | AU74: 6 | AV74: 4 | AW74: 0 | AX74: 2 | AY74: 5 | AZ74: 3 | BA74: =SUM(E74:AZ74) -> 172
B75: 6 | C75: 6. WIWIK PUJIYATI | E75: 0 | F75: 1 | G75: 1 | H75: 2 | I75: 2 | J75: 1 | K75: 1 | L75: 2 | M75: 2 | N75: 2 | O75: 1 | P75: 0 | Q75: 1 | R75: 3 | S75: 1 | T75: 0 | U75: 1 | V75: 2 | W75: 0 | X75: 1 | Y75: 1 | Z75: 1 | AA75: 1 | AB75: 0 | AC75: 3 | AD75: 2 | AE75: 2 | AF75: 0 | AG75: 0 | AH75: 1 | AI75: 0 | AJ75: 0 | AK75: 1 | AL75: 3 | AM75: 2 | AN75: 1 | AO75: 0 | AP75: 4 | AQ75: 0 | AR75: 0 | AS75: 1 | AT75: 0 | AU75: 0 | AV75: 2 | AW75: 2 | AX75: 1 | AY75: 6 | AZ75: 0 | BA75: =SUM(E75:AZ75) -> 58
B76: 7 | C76: 7. CHANDRA ASTAN, S.T. | E76: 0 | F76: 2 | G76: 0 | H76: 1 | I76: 0 | J76: 1 | K76: 3 | L76: 1 | M76: 2 | N76: 1 | O76: 0 | P76: 1 | Q76: 0 | R76: 1 | S76: 2 | T76: 2 | U76: 0 | V76: 4 | W76: 0 | X76: 0 | Y76: 0 | Z76: 1 | AA76: 1 | AB76: 0 | AC76: 1 | AD76: 5 | AE76: 2 | AF76: 0 | AG76: 0 | AH76: 0 | AI76: 0 | AJ76: 1 | AK76: 0 | AL76: 1 | AM76: 2 | AN76: 0 | AO76: 1 | AP76: 1 | AQ76: 0 | AR76: 5 | AS76: 0 | AT76: 0 | AU76: 0 | AV76: 2 | AW76: 0 | AX76: 0 | AY76: 1 | AZ76: 0 | BA76: =SUM(E76:AZ76) -> 45
A79: B | B79: JUMLAH SUARA SAH PARTAI POLITIK DAN CALON (A1 + A2) | E79: =SUM(E69:E78) -> 38 | F79: =SUM(F69:F78) -> 70 | G79: =SUM(G69:G78) -> 49 | H79: =SUM(H69:H78) -> 93 | I79: =SUM(I69:I78) -> 52 | J79: =SUM(J69:J78) -> 60 | K79: =SUM(K69:K78) -> 34 | L79: =SUM(L69:L78) -> 22 | ... BA79: =SUM(BA69:BA78) -> 2570
A81: A.1 | B81: 4. | C81: Partai Golongan Karya | E81: 3 | F81: 6 | G81: 4 | H81: 4 | I81: 7 | J81: 0 | K81: 4 | L81: 3 | M81: 2 | N81: 1 | O81: 7 | P81: 2 | Q81: 1 | R81: 1 | S81: 2 | T81: 1 | U81: 0 | V81: 4 | W81: 7 | X81: 8 | Y81: 4 | Z81: 4 | AA81: 5 | AB81: 0 | AC81: 3 | AD81: 3 | AE81: 3 | AF81: 4 | AG81: 4 | AH81: 2 | AI81: 2 | AJ81: 5 | AK81: 7 | AL81: 8 | AM81: 6 | AN81: 5 | AO81: 7 | AP81: 5 | AQ81: 5 | AR81: 8 | AS81: 7 | AT81: 4 | AU81: 3 | AV81: 4 | AW81: 4 | AX81: 1 | AY81: 2 | AZ81: 3 | BA81: =SUM(E81:AZ81) -> 185
A82: A.2 | B82: 1 | C82: 1. ZULFIKAR ARSE SADIKIN, S.I.P., M.Si. | E82: 79 | F82: 26 | G82: 24 | H82: 17 | I82: 27 | J82: 0 | K82: 0 | L82: 11 | M82: 9 | N82: 5 | O82: 67 | P82: 22 | Q82: 33 | R82: 3 | S82: 1 | T82: 3 | U82: 5 | V82: 27 | W82: 107 | X82: 148 | Y82: 11 | Z82: 9 | AA82: 27 | AB82: 7 | AC82: 5 | AD82: 17 | AE82: 2 | AF82: 4 | AG82: 14 | AH82: 7 | AI82: 3 | AJ82: 15 | AK82: 6 | AL82: 5 | AM82: 15 | AN82: 3 | AO82: 12 | AP82: 8 | AQ82: 24 | AR82: 7 | AS82: 8 | AT82: 2 | AU82: 9 | AV82: 11 | AW82: 40 | AX82: 2 | AY82: 4 | AZ82: 4 | BA82: =SUM(E82:AZ82) -> 895
B83: 2 | C83: 2. HANDOKO | E83: 8 | F83: 7 | G83: 2 | H83: 5 | I83: 1 | J83: 2 | K83: 19 | L83: 11 | M83: 5 | N83: 3 | O83: 0 | P83: 1 | Q83: 5 | R83: 4 | S83: 8 | T83: 0 | U83: 2 | V83: 2 | W83: 1 | X83: 1 | Y83: 1 | Z83: 3 | AA83: 1 | AB83: 0 | AC83: 4 | AD83: 3 | AE83: 4 | AF83: 9 | AG83: 4 | AH83: 4 | AI83: 2 | AJ83: 10 | AK83: 7 | AL83: 2 | AM83: 5 | AN83: 16 | AO83: 23 | AP83: 7 | AQ83: 8 | AR83: 11 | AS83: 9 | AT83: 15 | AU83: 10 | AV83: 4 | AW83: 3 | AX83: 6 | AY83: 1 | AZ83: 5 | BA83: =SUM(E83:AZ83) -> 264
B84: 3 | C84: 3. Hj. OVI DEWI YANTI | E84: 1 | F84: 1 | G84: 1 | H84: 1 | I84: 4 | J84: 1 | K84: 1 | L84: 0 | M84: 0 | N84: 0 | O84: 1 | P84: 1 | Q84: 0 | R84: 1 | S84: 0 | T84: 1 | U84: 0 | V84: 0 | W84: 1 | X84: 1 | Y84: 0 | Z84: 1 | AA84: 0 | AB84: 0 | AC84: 1 | AD84: 0 | AE84: 1 | AF84: 1 | AG84: 1 | AH84: 0 | AI84: 1 | AJ84: 0 | AK84: 1 | AL84: 0 | AM84: 0 | AN84: 0 | AO84: 0 | AP84: 0 | AQ84: 0 | AR84: 2 | AS84: 0 | AT84: 1 | AU84: 1 | AV84: 0 | AW84: 0 | AX84: 0 | AY84: 0 | AZ84: 0 | BA84: =SUM(E84:AZ84) -> 27
B85: 4 | C85: 4. Ir. AZAM AZMAN NATAWIJANA | E85: 1 | F85: 1 | G85: 1 | H85: 0 | I85: 0 | J85: 0 | K85: 1 | L85: 0 | M85: 0 | N85: 0 | O85: 0 | P85: 0 | Q85: 1 | R85: 1 | S85: 0 | T85: 0 | U85: 0 | V85: 0 | W85: 0 | X85: 2 | Y85: 0 | Z85: 1 | AA85: 1 | AB85: 0 | AC85: 1 | AD85: 0 | AE85: 1 | AF85: 0 | AG85: 0 | AH85: 0 | AI85: 1 | AJ85: 0 | AK85: 1 | AL85: 0 | AM85: 2 | AN85: 1 | AO85: 0 | AP85: 0 | AQ85: 0 | AR85: 0 | AS85: 0 | AT85: 0 | AU85: 1 | AV85: 0 | AW85: 0 | AX85: 0 | AY85: 0 | AZ85: 0 | BA85: =SUM(E85:AZ85) -> 18
B86: 5 | C86: 5. UBAIDILLAH AMIN, S.Kom. | E86: 1 | F86: 0 | G86: 0 | H86: 0 | I86: 0 | J86: 0 | K86: 0 | L86: 2 | M86: 0 | N86: 3 | O86: 1 | P86: 0 | Q86: 1 | R86: 0 | S86: 0 | T86: 2 | U86: 0 | V86: 0 | W86: 0 | X86: 0 | Y86: 0 | Z86: 0 | AA86: 0 | AB86: 0 | AC86: 0 | AD86: 0 | AE86: 0 | AF86: 0 | AG86: 1 | AH86: 0 | AI86: 0 | AJ86: 0 | AK86: 0 | AL86: 1 | AM86: 1 | AN86: 0 | AO86: 1 | AP86: 1 | AQ86: 2 | AR86: 0 | AS86: 0 | AT86: 0 | AU86: 1 | AV86: 0 | AW86: 0 | AX86: 0 | AY86: 0 | AZ86: 0 | BA86: =SUM(E86:AZ86) -> 18
B87: 6 | C87: 6. DENNY YUNIANDARI, S.H., M.Kn. | E87: 0 | F87: 0 | G87: 0 | H87: 0 | I87: 0 | J87: 0 | K87: 0 | L87: 0 | M87: 0 | N87: 0 | O87: 0 | P87: 1 | Q87: 1 | R87: 0 | S87: 0 | T87: 0 | U87: 2 | V87: 1 | W87: 1 | X87: 0 | Y87: 1 | Z87: 0 | AA87: 0 | AB87: 0 | AC87: 0 | AD87: 0 | AE87: 1 | AF87: 0 | AG87: 1 | AH87: 1 | AI87: 0 | AJ87: 6 | AK87: 0 | AL87: 0 | AM87: 0 | AN87: 0 | AO87: 0 | AP87: 0 | AQ87: 0 | AR87: 0 | AS87: 0 | AT87: 0 | AU87: 1 | AV87: 0 | AW87: 0 | AX87: 0 | AY87: 0 | AZ87: 0 | BA87: =SUM(E87:AZ87) -> 17
B88: 7 | C88: 7. ERNADI, S.H.I. | E88: 0 | F88: 0 | G88: 0 | H88: 0 | I88: 0 | J88: 0 | K88: 0 | L88: 1 | M88: 0 | N88: 0 | O88: 0 | P88: 0 | Q88: 0 | R88: 1 | S88: 0 | T88: 0 | U88: 0 | V88: 0 | W88: 0 | X88: 0 | Y88: 0 | Z88: 0 | AA88: 0 | AB88: 0 | AC88: 0 | AD88: 0 | AE88: 0 | AF88: 1 | AG88: 0 | AH88: 1 | AI88: 0 | AJ88: 0 | AK88: 0 | AL88: 0 | AM88: 0 | AN88: 0 | AO88: 0 | AP88: 0 | AQ88: 0 | AR88: 0 | AS88: 0 | AT88: 0 | AU88: 0 | AV88: 0 | AW88: 0 | AX88: 0 | AY88: 0 | AZ88: 0 | BA88: =SUM(E88:AZ88) -> 4
A91: B | B91: JUMLAH SUARA SAH PARTAI POLITIK DAN CALON (A1 + A2) | E91: =SUM(E81:E90) -> 93 | F91: =SUM(F81:F90) -> 41 | G91: =SUM(G81:G90) -> 32 | H91: =SUM(H81:H90) -> 27 | I91: =SUM(I81:I90) -> 39 | J91: =SUM(J81:J90) -> 3 | K91: =SUM(K81:K90) -> 25 | L91: =SUM(L81:L90) -> 28 | ... BA91: =SUM(BA81:BA90) -> 1428
A93: A.1 | B93: 5. | C93: Partai NasDem | E93: 2 | F93: 0 | G93: 0 | H93: 1 | I93: 1 | J93: 6 | K93: 3 | L93: 0 | M93: 0 | N93: 0 | O93: 1 | P93: 0 | Q93: 1 | R93: 3 | S93: 0 | T93: 3 | U93: 2 | V93: 0 | W93: 5 | X93: 1 | Y93: 1 | Z93: 1 | AA93: 3 | AB93: 0 | AC93: 0 | AD93: 3 | AE93: 4 | AF93: 0 | AG93: 0 | AH93: 1 | AI93: 0 | AJ93: 0 | AK93: 1 | AL93: 0 | AM93: 1 | AN93: 1 | AO93: 0 | AP93: 0 | AQ93: 1 | AR93: 1 | AS93: 1 | AT93: 0 | AU93: 0 | AV93: 0 | AW93: 0 | AX93: 0 | AY93: 2 | AZ93: 2 | BA93: =SUM(E93:AZ93) -> 52
A94: A.2 | B94: 1 | C94: 1. ACH. FADIL MUZAKKI SYAH | E94: 1 | F94: 0 | G94: 2 | H94: 0 | I94: 0 | J94: 4 | K94: 1 | L94: 0 | M94: 0 | N94: 0 | O94: 0 | P94: 1 | Q94: 0 | R94: 4 | S94: 1 | T94: 0 | U94: 2 | V94: 1 | W94: 1 | X94: 0 | Y94: 0 | Z94: 0 | AA94: 0 | AB94: 2 | AC94: 2 | AD94: 4 | AE94: 1 | AF94: 1 | AG94: 0 | AH94: 1 | AI94: 0 | AJ94: 0 | AK94: 3 | AL94: 1 | AM94: 1 | AN94: 3 | AO94: 3 | AP94: 1 | AQ94: 1 | AR94: 2 | AS94: 1 | AT94: 0 | AU94: 0 | AV94: 0 | AW94: 0 | AX94: 0 | AY94: 0 | AZ94: 1 | BA94: =SUM(E94:AZ94) -> 46
B95: 2 | C95: 2. BENY | E95: 2 | F95: 0 | G95: 0 | H95: 4 | I95: 6 | J95: 1 | K95: 6 | L95: 11 | M95: 1 | N95: 0 | O95: 7 | P95: 0 | Q95: 0 | R95: 18 | S95: 40 | T95: 50 | U95: 3 | V95: 1 | W95: 1 | X95: 0 | Y95: 0 | Z95: 0 | AA95: 0 | AB95: 0 | AC95: 15 | AD95: 0 | AE95: 0 | AF95: 0 | AG95: 0 | AH95: 8 | AI95: 0 | AJ95: 2 | AK95: 8 | AL95: 3 | AM95: 9 | AN95: 0 | AO95: 2 | AP95: 1 | AQ95: 0 | AR95: 6 | AS95: 6 | AT95: 0 | AU95: 0 | AV95: 0 | AW95: 7 | AX95: 0 | AY95: 0 | AZ95: 28 | BA95: =SUM(E95:AZ95) -> 246
B96: 3 | C96: 3. VINA VERONIKA | E96: 0 | F96: 1 | G96: 0 | H96: 0 | I96: 0 | J96: 0 | K96: 1 | L96: 0 | M96: 0 | N96: 0 | O96: 0 | P96: 0 | Q96: 0 | R96: 0 | S96: 0 | T96: 1 | U96: 0 | V96: 0 | W96: 1 | X96: 0 | Y96: 0 | Z96: 0 | AA96: 0 | AB96: 0 | AC96: 0 | AD96: 0 | AE96: 0 | AF96: 0 | AG96: 0 | AH96: 0 | AI96: 0 | AJ96: 0 | AK96: 0 | AL96: 1 | AM96: 0 | AN96: 0 | AO96: 0 | AP96: 0 | AQ96: 0 | AR96: 1 | AS96: 0 | AT96: 0 | AU96: 0 | AV96: 0 | AW96: 0 | AX96: 1 | AY96: 0 | AZ96: 1 | BA96: =SUM(E96:AZ96) -> 8
B97: 4 | C97: 4. TEDDY ANUGRIANTO | E97: 1 | F97: 1 | G97: 0 | H97: 0 | I97: 2 | J97: 0 | K97: 0 | L97: 0 | M97: 1 | N97: 0 | O97: 0 | P97: 1 | Q97: 0 | R97: 1 | S97: 2 | T97: 0 | U97: 1 | V97: 1 | W97: 1 | X97: 0 | Y97: 0 | Z97: 0 | AA97: 0 | AB97: 0 | AC97: 0 | AD97: 0 | AE97: 0 | AF97: 1 | AG97: 0 | AH97: 0 | AI97: 0 | AJ97: 1 | AK97: 0 | AL97: 1 | AM97: 0 | AN97: 0 | AO97: 1 | AP97: 1 | AQ97: 0 | AR97: 2 | AS97: 1 | AT97: 0 | AU97: 0 | AV97: 0 | AW97: 0 | AX97: 0 | AY97: 0 | AZ97: 0 | BA97: =SUM(E97:AZ97) -> 20
B98: 5 | C98: 5. INSAN KAMIL | E98: 0 | F98: 0 | G98: 0 | H98: 1 | I98: 1 | J98: 0 | K98: 0 | L98: 0 | M98: 0 | N98: 0 | O98: 0 | P98: 0 | Q98: 0 | R98: 0 | S98: 0 | T98: 0 | U98: 0 | V98: 0 | W98: 0 | X98: 0 | Y98: 0 | Z98: 0 | AA98: 0 | AB98: 0 | AC98: 0 | AD98: 0 | AE98: 0 | AF98: 1 | AG98: 1 | AH98: 0 | AI98: 0 | AJ98: 0 | AK98: 0 | AL98: 0 | AM98: 0 | AN98: 0 | AO98: 0 | AP98: 0 | AQ98: 0 | AR98: 0 | AS98: 0 | AT98: 0 | AU98: 0 | AV98: 0 | AW98: 0 | AX98: 1 | AY98: 0 | AZ98: 0 | BA98: =SUM(E98:AZ98) -> 5
B99: 6 | C99: 6. LILIK LINDARWATI | E99: 0 | F99: 0 | G99: 0 | H99: 0 | I99: 0 | J99: 0 | K99: 0 | L99: 0 | M99: 0 | N99: 0 | O99: 0 | P99: 0 | Q99: 0 | R99: 0 | S99: 0 | T99: 1 | U99: 0 | V99: 0 | W99: 0 | X99: 0 | Y99: 0 | Z99: 0 | AA99: 0 | AB99: 0 | AC99: 0 | AD99: 0 | AE99: 0 | AF99: 1 | AG99: 0 | AH99: 0 | AI99: 0 | AJ99: 0 | AK99: 0 | AL99: 0 | AM99: 1 | AN99: 1 | AO99: 1 | AP99: 0 | AQ99: 0 | AR99: 0 | AS99: 0 | AT99: 0 | AU99: 1 | AV99: 0 | AW99: 0 | AX99: 0 | AY99: 0 | AZ99: 0 | BA99: =SUM(E99:AZ99) -> 6
B100: 7 | C100: 7. YULI ANITA | E100: 0 | F100: 0 | G100: 0 | H100: 0 | I100: 0 | J100: 0 | K100: 0 | L100: 0 | M100: 0 | N100: 0 | O100: 0 | P100: 0 | Q100: 0 | R100: 0 | S100: 0 | T100: 0 | U100: 0 | V100: 0 | W100: 1 | X100: 0 | Y100: 0 | Z100: 0 | AA100: 0 | AB100: 0 | AC100: 0 | AD100: 0 | AE100: 0 | AF100: 0 | AG100: 0 | AH100: 0 | AI100: 0 | AJ100: 0 | AK100: 0 | AL100: 0 | AM100: 0 | AN100: 0 | AO100: 0 | AP100: 0 | AQ100: 0 | AR100: 0 | AS100: 0 | AT100: 0 | AU100: 1 | AV100: 1 | AW100: 0 | AX100: 0 | AY100: 0 | AZ100: 0 | BA100: =SUM(E100:AZ100) -> 3
A103: B | B103: JUMLAH SUARA SAH PARTAI POLITIK DAN CALON (A1 + A2) | E103: =SUM(E93:E102) -> 6 | F103: =SUM(F93:F102) -> 2 | G103: =SUM(G93:G102) -> 2 | H103: =SUM(H93:H102) -> 6 | I103: =SUM(I93:I102) -> 10 | J103: =SUM(J93:J102) -> 11 | K103: =SUM(K93:K102) -> 11 | L103: =SUM(L93:L102) -> 11 | ... BA103: =SUM(BA93:BA102) -> 386
A105: A.1 | B105: 6. | C105: Partai Buruh | E105: 1 | F105: 0 | G105: 0 | H105: 1 | I105: 1 | J105: 1 | K105: 1 | L105: 0 | M105: 0 | N105: 0 | O105: 0 | P105: 1 | Q105: 0 | R105: 1 | S105: 0 | T105: 0 | U105: 1 | V105: 1 | W105: 0 | X105: 0 | Y105: 1 | Z105: 0 | AA105: 1 | AB105: 1 | AC105: 0 | AD105: 0 | AE105: 1 | AF105: 3 | AG105: 1 | AH105: 0 | AI105: 1 | AJ105: 0 | AK105: 0 | AL105: 3 | AM105: 0 | AN105: 1 | AO105: 0 | AP105: 0 | AQ105: 0 | AR105: 1 | AS105: 2 | AT105: 4 | AU105: 1 | AV105: 1 | AW105: 3 | AX105: 1 | AY105: 4 | AZ105: 1 | BA105: =SUM(E105:AZ105) -> 40
A106: A.2 | B106: 1 | C106: 1. KHOIRUL ANAM | E106: 1 | F106: 0 | G106: 0 | H106: 1 | I106: 0 | J106: 0 | K106: 0 | L106: 0 | M106: 0 | N106: 2 | O106: 0 | P106: 1 | Q106: 0 | R106: 0 | S106: 0 | T106: 0 | U106: 1 | V106: 0 | W106: 1 | X106: 1 | Y106: 0 | Z106: 0 | AA106: 0 | AB106: 0 | AC106: 1 | AD106: 1 | AE106: 1 | AF106: 1 | AG106: 0 | AH106: 0 | AI106: 0 | AJ106: 0 | AK106: 0 | AL106: 0 | AM106: 0 | AN106: 0 | AO106: 0 | AP106: 1 | AQ106: 0 | AR106: 0 | AS106: 0 | AT106: 1 | AU106: 0 | AV106: 1 | AW106: 0 | AX106: 0 | AY106: 1 | AZ106: 0 | BA106: =SUM(E106:AZ106) -> 16
B107: 2 | C107: 2. INA KURNIA | E107: 0 | F107: 0 | G107: 1 | H107: 0 | I107: 0 | J107: 0 | K107: 0 | L107: 0 | M107: 0 | N107: 0 | O107: 0 | P107: 0 | Q107: 0 | R107: 0 | S107: 0 | T107: 0 | U107: 0 | V107: 0 | W107: 0 | X107: 1 | Y107: 0 | Z107: 0 | AA107: 0 | AB107: 0 | AC107: 0 | AD107: 0 | AE107: 0 | AF107: 0 | AG107: 1 | AH107: 0 | AI107: 0 | AJ107: 0 | AK107: 0 | AL107: 1 | AM107: 0 | AN107: 0 | AO107: 1 | AP107: 0 | AQ107: 0 | AR107: 0 | AS107: 0 | AT107: 0 | AU107: 1 | AV107: 1 | AW107: 0 | AX107: 1 | AY107: 2 | AZ107: 0 | BA107: =SUM(E107:AZ107) -> 10
B108: 3 | C108: 3. JIBRAL TAROUK | E108: 0 | F108: 0 | G108: 0 | H108: 0 | I108: 0 | J108: 0 | K108: 0 | L108: 0 | M108: 0 | N108: 0 | O108: 0 | P108: 0 | Q108: 0 | R108: 0 | S108: 0 | T108: 0 | U108: 0 | V108: 0 | W108: 0 | X108: 0 | Y108: 0 | Z108: 0 | AA108: 0 | AB108: 0 | AC108: 0 | AD108: 0 | AE108: 0 | AF108: 0 | AG108: 0 | AH108: 0 | AI108: 0 | AJ108: 0 | AK108: 0 | AL108: 0 | AM108: 0 | AN108: 0 | AO108: 1 | AP108: 0 | AQ108: 0 | AR108: 0 | AS108: 0 | AT108: 0 | AU108: 0 | AV108: 0 | AW108: 0 | AX108: 0 | AY108: 0 | AZ108: 0 | BA108: =SUM(E108:AZ108) -> 1
B109: 4 | C109: 4. ASTUTI DAENG PUJI | E109: 0 | F109: 0 | G109: 0 | H109: 0 | I109: 0 | J109: 0 | K109: 0 | L109: 0 | M109: 0 | N109: 0 | O109: 0 | P109: 0 | Q109: 0 | R109: 0 | S109: 0 | T109: 0 | U109: 0 | V109: 0 | W109: 0 | X109: 0 | Y109: 0 | Z109: 0 | AA109: 0 | AB109: 0 | AC109: 0 | AD109: 0 | AE109: 0 | AF109: 0 | AG109: 0 | AH109: 0 | AI109: 0 | AJ109: 0 | AK109: 0 | AL109: 0 | AM109: 0 | AN109: 0 | AO109: 0 | AP109: 0 | AQ109: 0 | AR109: 0 | AS109: 1 | AT109: 0 | AU109: 0 | AV109: 0 | AW109: 0 | AX109: 0 | AY109: 0 | AZ109: 0 | BA109: =SUM(E109:AZ109) -> 1
B110: 5 | C110: 5. ASDARMAWAN | E110: 0 | F110: 0 | G110: 0 | H110: 0 | I110: 0 | J110: 1 | K110: 0 | L110: 0 | M110: 0 | N110: 0 | O110: 0 | P110: 0 | Q110: 0 | R110: 0 | S110: 0 | T110: 0 | U110: 0 | V110: 0 | W110: 0 | X110: 0 | Y110: 0 | Z110: 0 | AA110: 0 | AB110: 0 | AC110: 0 | AD110: 0 | AE110: 0 | AF110: 0 | AG110: 0 | AH110: 0 | AI110: 0 | AJ110: 0 | AK110: 0 | AL110: 0 | AM110: 1 | AN110: 0 | AO110: 0 | AP110: 0 | AQ110: 0 | AR110: 0 | AS110: 0 | AT110: 0 | AU110: 1 | AV110: 0 | AW110: 0 | AX110: 0 | AY110: 0 | AZ110: 0 | BA110: =SUM(E110:AZ110) -> 3
B111: 6 | C111: 6. RIFQI MUBAROK | E111: 0 | F111: 0 | G111: 0 | H111: 0 | I111: 0 | J111: 0 | K111: 0 | L111: 0 | M111: 0 | N111: 1 | O111: 0 | P111: 0 | Q111: 0 | R111: 0 | S111: 0 | T111: 0 | U111: 0 | V111: 0 | W111: 0 | X111: 0 | Y111: 0 | Z111: 0 | AA111: 0 | AB111: 0 | AC111: 0 | AD111: 0 | AE111: 0 | AF111: 0 | AG111: 0 | AH111: 0 | AI111: 0 | AJ111: 0 | AK111: 0 | AL111: 0 | AM111: 0 | AN111: 0 | AO111: 0 | AP111: 0 | AQ111: 0 | AR111: 0 | AS111: 0 | AT111: 0 | AU111: 0 | AV111: 0 | AW111: 0 | AX111: 0 | AY111: 1 | AZ111: 0 | BA111: =SUM(E111:AZ111) -> 2
B112: 7 | C112: 7. FIRNANDA ALTA MEGA | E112: 0 | F112: 0 | G112: 0 | H112: 0 | I112: 0 | J112: 0 | K112: 0 | L112: 0 | M112: 0 | N112: 0 | O112: 0 | P112: 0 | Q112: 0 | R112: 0 | S112: 0 | T112: 0 | U112: 0 | V112: 0 | W112: 0 | X112: 0 | Y112: 0 | Z112: 0 | AA112: 0 | AB112: 0 | AC112: 0 | AD112: 0 | AE112: 0 | AF112: 0 | AG112: 0 | AH112: 0 | AI112: 0 | AJ112: 0 | AK112: 0 | AL112: 0 | AM112: 0 | AN112: 0 | AO112: 0 | AP112: 0 | AQ112: 0 | AR112: 0 | AS112: 0 | AT112: 0 | AU112: 0 | AV112: 0 | AW112: 0 | AX112: 0 | AY112: 0 | AZ112: 0 | BA112: =SUM(E112:AZ112) -> 0
A115: B | B115: JUMLAH SUARA SAH PARTAI POLITIK DAN CALON (A1 + A2) | E115: =SUM(E105:E114) -> 2 | F115: =SUM(F105:F114) -> 0 | G115: =SUM(G105:G114) -> 1 | H115: =SUM(H105:H114) -> 2 | I115: =SUM(I105:I114) -> 1 | J115: =SUM(J105:J114) -> 2 | K115: =SUM(K105:K114) -> 1 | L115: =SUM(L105:L114) -> 0 | ... BA115: =SUM(BA105:BA114) -> 73
A117: A.1 | B117: 7. | C117: Partai Gelombang Rakyat Indonesia | E117: 0 | F117: 0 | G117: 0 | H117: 0 | I117: 0 | J117: 1 | K117: 0 | L117: 0 | M117: 0 | N117: 3 | O117: 0 | P117: 1 | Q117: 0 | R117: 1 | S117: 1 | T117: 2 | U117: 0 | V117: 0 | W117: 0 | X117: 0 | Y117: 0 | Z117: 2 | AA117: 1 | AB117: 1 | AC117: 0 | AD117: 2 | AE117: 0 | AF117: 2 | AG117: 0 | AH117: 1 | AI117: 0 | AJ117: 0 | AK117: 0 | AL117: 0 | AM117: 0 | AN117: 1 | AO117: 1 | AP117: 1 | AQ117: 0 | AR117: 0 | AS117: 0 | AT117: 0 | AU117: 2 | AV117: 0 | AW117: 0 | AX117: 0 | AY117: 1 | AZ117: 0 | BA117: =SUM(E117:AZ117) -> 24
A118: A.2 | B118: 1 | C118: 1. TITI WIDORETNO WARISMAN | E118: 0 | F118: 0 | G118: 0 | H118: 0 | I118: 0 | J118: 1 | K118: 1 | L118: 0 | M118: 0 | N118: 0 | O118: 0 | P118: 1 | Q118: 0 | R118: 0 | S118: 0 | T118: 0 | U118: 0 | V118: 0 | W118: 0 | X118: 0 | Y118: 0 | Z118: 0 | AA118: 0 | AB118: 1 | AC118: 0 | AD118: 0 | AE118: 0 | AF118: 0 | AG118: 0 | AH118: 1 | AI118: 0 | AJ118: 1 | AK118: 0 | AL118: 0 | AM118: 0 | AN118: 0 | AO118: 0 | AP118: 0 | AQ118: 0 | AR118: 0 | AS118: 0 | AT118: 0 | AU118: 0 | AV118: 1 | AW118: 0 | AX118: 0 | AY118: 0 | AZ118: 0 | BA118: =SUM(E118:AZ118) -> 7
B119: 2 | C119: 2. MAMIEK SETYANINGSIH | E119: 0 | F119: 0 | G119: 0 | H119: 0 | I119: 0 | J119: 0 | K119: 1 | L119: 0 | M119: 0 | N119: 0 | O119: 0 | P119: 0 | Q119: 0 | R119: 0 | S119: 0 | T119: 0 | U119: 0 | V119: 0 | W119: 0 | X119: 0 | Y119: 1 | Z119: 0 | AA119: 0 | AB119: 0 | AC119: 0 | AD119: 0 | AE119: 0 | AF119: 0 | AG119: 0 | AH119: 0 | AI119: 0 | AJ119: 0 | AK119: 0 | AL119: 1 | AM119: 0 | AN119: 0 | AO119: 0 | AP119: 0 | AQ119: 0 | AR119: 0 | AS119: 0 | AT119: 0 | AU119: 0 | AV119: 1 | AW119: 0 | AX119: 0 | AY119: 0 | AZ119: 0 | BA119: =SUM(E119:AZ119) -> 4
B120: 3 | C120: 3. ROMIL AZIZEN | E120: 0 | F120: 0 | G120: 0 | H120: 0 | I120: 0 | J120: 0 | K120: 0 | L120: 1 | M120: 0 | N120: 0 | O120: 0 | P120: 0 | Q120: 0 | R120: 0 | S120: 0 | T120: 0 | U120: 0 | V120: 0 | W120: 0 | X120: 0 | Y120: 0 | Z120: 0 | AA120: 0 | AB120: 0 | AC120: 0 | AD120: 0 | AE120: 0 | AF120: 0 | AG120: 0 | AH120: 0 | AI120: 0 | AJ120: 0 | AK120: 0 | AL120: 0 | AM120: 0 | AN120: 0 | AO120: 0 | AP120: 0 | AQ120: 0 | AR120: 0 | AS120: 0 | AT120: 0 | AU120: 0 | AV120: 0 | AW120: 0 | AX120: 0 | AY120: 0 | AZ120: 0 | BA120: =SUM(E120:AZ120) -> 1
A127: B | B127: JUMLAH SUARA SAH PARTAI POLITIK DAN CALON (A1 + A2) | E127: =SUM(E117:E126) -> 0 | F127: =SUM(F117:F126) -> 0 | G127: =SUM(G117:G126) -> 0 | H127: =SUM(H117:H126) -> 0 | I127: =SUM(I117:I126) -> 0 | J127: =SUM(J117:J126) -> 2 | K127: =SUM(K117:K126) -> 2 | L127: =SUM(L117:L126) -> 1 | ... BA127: =SUM(BA117:BA126) -> 36
A129: A.1 | B129: 8. | C129: Partai Keadilan Sejahtera | E129: 1 | F129: 0 | G129: 0 | H129: 0 | I129: 2 | J129: 0 | K129: 3 | L129: 0 | M129: 1 | N129: 0 | O129: 0 | P129: 1 | Q129: 0 | R129: 0 | S129: 1 | T129: 3 | U129: 1 | V129: 0 | W129: 0 | X129: 0 | Y129: 0 | Z129: 1 | AA129: 0 | AB129: 0 | AC129: 1 | AD129: 0 | AE129: 1 | AF129: 0 | AG129: 1 | AH129: 0 | AI129: 0 | AJ129: 2 | AK129: 0 | AL129: 0 | AM129: 4 | AN129: 0 | AO129: 1 | AP129: 3 | AQ129: 0 | AR129: 0 | AS129: 1 | AT129: 1 | AU129: 0 | AV129: 1 | AW129: 0 | AX129: 3 | AY129: 0 | AZ129: 1 | BA129: =SUM(E129:AZ129) -> 34
A130: A.2 | B130: 1 | C130: 1. H. SAIMI SALEH, S.E., M.M. | E130: 1 | F130: 0 | G130: 1 | H130: 1 | I130: 0 | J130: 1 | K130: 2 | L130: 1 | M130: 2 | N130: 0 | O130: 0 | P130: 1 | Q130: 0 | R130: 0 | S130: 1 | T130: 2 | U130: 0 | V130: 1 | W130: 0 | X130: 0 | Y130: 1 | Z130: 0 | AA130: 3 | AB130: 1 | AC130: 0 | AD130: 0 | AE130: 0 | AF130: 1 | AG130: 2 | AH130: 0 | AI130: 1 | AJ130: 1 | AK130: 0 | AL130: 0 | AM130: 3 | AN130: 0 | AO130: 1 | AP130: 1 | AQ130: 0 | AR130: 0 | AS130: 1 | AT130: 0 | AU130: 0 | AV130: 0 | AW130: 0 | AX130: 3 | AY130: 0 | AZ130: 1 | BA130: =SUM(E130:AZ130) -> 34
B131: 2 | C131: 2. Prof. Dr. H. EGGI SUDJANA, S.H., M.Si. | E131: 5 | F131: 2 | G131: 2 | H131: 0 | I131: 0 | J131: 0 | K131: 0 | L131: 1 | M131: 0 | N131: 2 | O131: 0 | P131: 0 | Q131: 0 | R131: 0 | S131: 0 | T131: 0 | U131: 0 | V131: 2 | W131: 2 | X131: 0 | Y131: 3 | Z131: 0 | AA131: 0 | AB131: 1 | AC131: 2 | AD131: 0 | AE131: 0 | AF131: 0 | AG131: 2 | AH131: 0 | AI131: 2 | AJ131: 0 | AK131: 0 | AL131: 0 | AM131: 4 | AN131: 0 | AO131: 0 | AP131: 0 | AQ131: 0 | AR131: 1 | AS131: 1 | AT131: 0 | AU131: 0 | AV131: 0 | AW131: 0 | AX131: 1 | AY131: 0 | AZ131: 0 | BA131: =SUM(E131:AZ131) -> 33
B132: 3 | C132: 3. NURUL KHOTIMAH | E132: 0 | F132: 0 | G132: 0 | H132: 0 | I132: 0 | J132: 0 | K132: 0 | L132: 1 | M132: 0 | N132: 0 | O132: 0 | P132: 0 | Q132: 0 | R132: 0 | S132: 0 | T132: 0 | U132: 0 | V132: 1 | W132: 2 | X132: 0 | Y132: 0 | Z132: 0 | AA132: 0 | AB132: 0 | AC132: 0 | AD132: 0 | AE132: 0 | AF132: 0 | AG132: 0 | AH132: 0 | AI132: 0 | AJ132: 0 | AK132: 0 | AL132: 0 | AM132: 0 | AN132: 0 | AO132: 1 | AP132: 0 | AQ132: 0 | AR132: 0 | AS132: 0 | AT132: 0 | AU132: 0 | AV132: 0 | AW132: 0 | AX132: 0 | AY132: 0 | AZ132: 0 | BA132: =SUM(E132:AZ132) -> 5
B133: 4 | C133: 4. AKHMAD SUYANTO, S.T., M.T. | E133: 0 | F133: 0 | G133: 0 | H133: 0 | I133: 0 | J133: 0 | K133: 0 | L133: 0 | M133: 1 | N133: 0 | O133: 0 | P133: 0 | Q133: 0 | R133: 0 | S133: 0 | T133: 0 | U133: 0 | V133: 0 | W133: 0 | X133: 0 | Y133: 0 | Z133: 0 | AA133: 0 | AB133: 0 | AC133: 0 | AD133: 0 | AE133: 0 | AF133: 0 | AG133: 0 | AH133: 0 | AI133: 0 | AJ133: 0 | AK133: 0 | AL133: 0 | AM133: 0 | AN133: 0 | AO133: 0 | AP133: 0 | AQ133: 0 | AR133: 0 | AS133: 0 | AT133: 0 | AU133: 0 | AV133: 0 | AW133: 0 | AX133: 0 | AY133: 0 | AZ133: 0 | BA133: =SUM(E133:AZ133) -> 1
B134: 5 | C134: 5. PUJIYATNI | E134: 0 | F134: 0 | G134: 0 | H134: 0 | I134: 0 | J134: 0 | K134: 0 | L134: 0 | M134: 0 | N134: 0 | O134: 0 | P134: 0 | Q134: 0 | R134: 0 | S134: 0 | T134: 0 | U134: 0 | V134: 0 | W134: 0 | X134: 0 | Y134: 0 | Z134: 0 | AA134: 0 | AB134: 0 | AC134: 0 | AD134: 0 | AE134: 0 | AF134: 0 | AG134: 0 | AH134: 1 | AI134: 0 | AJ134: 0 | AK134: 0 | AL134: 1 | AM134: 0 | AN134: 0 | AO134: 0 | AP134: 0 | AQ134: 0 | AR134: 0 | AS134: 0 | AT134: 0 | AU134: 0 | AV134: 0 | AW134: 0 | AX134: 0 | AY134: 0 | AZ134: 0 | BA134: =SUM(E134:AZ134) -> 2
B135: 6 | C135: 6. HENI PURWATININGSIH | E135: 0 | F135: 0 | G135: 0 | H135: 0 | I135: 0 | J135: 0 | K135: 0 | L135: 0 | M135: 0 | N135: 0 | O135: 0 | P135: 0 | Q135: 0 | R135: 0 | S135: 0 | T135: 0 | U135: 0 | V135: 0 | W135: 0 | X135: 0 | Y135: 0 | Z135: 0 | AA135: 0 | AB135: 0 | AC135: 0 | AD135: 0 | AE135: 0 | AF135: 0 | AG135: 0 | AH135: 0 | AI135: 0 | AJ135: 0 | AK135: 0 | AL135: 0 | AM135: 0 | AN135: 0 | AO135: 0 | AP135: 0 | AQ135: 0 | AR135: 0 | AS135: 0 | AT135: 1 | AU135: 0 | AV135: 0 | AW135: 0 | AX135: 0 | AY135: 0 | AZ135: 1 | BA135: =SUM(E135:AZ135) -> 2
B136: 7 | C136: 7. MUHADI | E136: 0 | F136: 0 | G136: 0 | H136: 0 | I136: 0 | J136: 0 | K136: 0 | L136: 0 | M136: 0 | N136: 0 | O136: 0 | P136: 0 | Q136: 0 | R136: 0 | S136: 0 | T136: 0 | U136: 0 | V136: 0 | W136: 0 | X136: 0 | Y136: 0 | Z136: 0 | AA136: 0 | AB136: 0 | AC136: 0 | AD136: 0 | AE136: 0 | AF136: 0 | AG136: 0 | AH136: 0 | AI136: 0 | AJ136: 0 | AK136: 0 | AL136: 0 | AM136: 0 | AN136: 0 | AO136: 0 | AP136: 0 | AQ136: 0 | AR136: 0 | AS136: 0 | AT136: 0 | AU136: 0 | AV136: 0 | AW136: 0 | AX136: 0 | AY136: 0 | AZ136: 0 | BA136: =SUM(E136:AZ136) -> 0
...

Sheet PURWODADI
C2: Kecamatan | D2: GAMBIRAN
C3: Kabupaten | D3: BANYUWANGI
C4: Provinsi | D4: JAWA TIMUR
C9: Kelurahan | D9: PURWODADI
A12: I | B12: DATA PEMILIH DAN PENGGUNAAN HAK PILIH | AC12: JUMLAH AKHIR
A13: A | B13: DATA PEMILIH | E13: TPS 001 | F13: TPS 002 | G13: TPS 003 | H13: TPS 004 | I13: TPS 005 | J13: TPS 006 | K13: TPS 007 | L13: TPS 008 | M13: TPS 009 | N13: TPS 010 | O13: TPS 011 | P13: TPS 012 | Q13: TPS 013 | R13: TPS 014 | S13: TPS 015 | T13: TPS 016 | U13: TPS 017 | V13: TPS 018 | W13: TPS 019 | X13: TPS 020 | Y13: TPS 021 | Z13: TPS 022 | AA13: TPS 023 | AB13: TPS 024
B14: Jumlah Pemilih dalam Daftar Pemilih Tetap (DPT) | D14: LK | E14: 125 | F14: 98 | G14: 127 | H14: 127 | I14: 137 | J14: 137 | K14: 140 | L14: 117 | M14: 133 | N14: 133 | O14: 147 | P14: 136 | Q14: 160 | R14: 148 | S14: 110 | T14: 124 | U14: 129 | V14: 135 | W14: 108 | X14: 121 | Y14: 151 | Z14: 141 | AA14: 103 | AB14: 135 | AC14: =SUM(E14:AB14) -> 3122
D15: PR | E15: 131 | F15: 104 | G15: 131 | H15: 144 | I15: 136 | J15: 142 | K15: 142 | L15: 103 | M15: 123 | N15: 152 | O15: 141 | P15: 155 | Q15: 134 | R15: 138 | S15: 113 | T15: 152 | U15: 136 | V15: 134 | W15: 121 | X15: 115 | Y15: 133 | Z15: 141 | AA15: 140 | AB15: 135 | AC15: =SUM(E15:AB15) -> 3196
D16: JML | E16: =SUM(E14:E15) -> 256 | F16: =SUM(F14:F15) -> 202 | G16: =SUM(G14:G15) -> 258 | H16: =SUM(H14:H15) -> 271 | I16: =SUM(I14:I15) -> 273 | J16: =SUM(J14:J15) -> 279 | K16: =SUM(K14:K15) -> 282 | L16: =SUM(L14:L15) -> 220 | ... AB16: =SUM(AB14:AB15) -> 270 | AC16: =SUM(E16:AB16) -> 6318
A18: B | B18: PENGGUNA HAK PILIH
B19: 1. | C19: Jumlah pengguna hak pilih dalam Daftar Pemilih Tetap (DPT) | D19: LK | E19: 83 | F19: 76 | G19: 107 | H19: 80 | I19: 101 | J19: 100 | K19: 102 | L19: 86 | M19: 111 | N19: 104 | O19: 112 | P19: 99 | Q19: 122 | R19: 121 | S19: 85 | T19: 88 | U19: 85 | V19: 104 | W19: 83 | X19: 87 | Y19: 122 | Z19: 110 | AA19: 82 | AB19: 110 | AC19: =SUM(E19:AB19) -> 2360
D20: PR | E20: 96 | F20: 87 | G20: 110 | H20: 111 | I20: 109 | J20: 115 | K20: 111 | L20: 83 | M20: 98 | N20: 132 | O20: 116 | P20: 137 | Q20: 109 | R20: 103 | S20: 96 | T20: 112 | U20: 104 | V20: 106 | W20: 102 | X20: 92 | Y20: 107 | Z20: 115 | AA20: 119 | AB20: 122 | AC20: =SUM(E20:AB20) -> 2592
D21: JML | E21: =SUM(E19:E20) -> 179 | F21: =SUM(F19:F20) -> 163 | G21: =SUM(G19:G20) -> 217 | H21: =SUM(H19:H20) -> 191 | I21: =SUM(I19:I20) -> 210 | J21: =SUM(J19:J20) -> 215 | K21: =SUM(K19:K20) -> 213 | L21: =SUM(L19:L20) -> 169 | ... AB21: =SUM(AB19:AB20) -> 232 | AC21: =SUM(E21:AB21) -> 4952
B22: 2. | C22: Jumlah pengguna hak pilih dalam Daftar Pemilih Tambahan (DPTb) | D22: LK | E22: 0 | F22: 0 | G22: 1 | H22: 1 | I22: 0 | J22: 0 | K22: 0 | L22: 0 | M22: 0 | N22: 0 | O22: 0 | P22: 0 | Q22: 0 | R22: 0 | S22: 0 | AC22: =SUM(E22:AB22) -> 2
D23: PR | E23: 0 | F23: 0 | G23: 1 | H23: 1 | I23: 0 | J23: 0 | K23: 0 | L23: 0 | M23: 0 | N23: 0 | O23: 0 | P23: 0 | Q23: 0 | R23: 0 | S23: 0 | AC23: =SUM(E23:AB23) -> 2
D24: JML | E24: =SUM(E22:E23) -> 0 | F24: =SUM(F22:F23) -> 0 | G24: =SUM(G22:G23) -> 2 | H24: =SUM(H22:H23) -> 2 | I24: =SUM(I22:I23) -> 0 | J24: =SUM(J22:J23) -> 0 | K24: =SUM(K22:K23) -> 0 | L24: =SUM(L22:L23) -> 0 | ... AB24: =SUM(AB22:AB23) -> 0 | AC24: =SUM(E24:AB24) -> 4
B25: 3. | C25: Jumlah pengguna hak pilih dalam Daftar Pemilih Khusus (DPK) | D25: LK | E25: 1 | F25: 0 | G25: 2 | H25: 0 | I25: 0 | J25: 0 | K25: 2 | L25: 2 | M25: 0 | N25: 0 | O25: 0 | P25: 0 | Q25: 2 | R25: 0 | S25: 0 | T25: 1 | U25: 1 | V25: 0 | W25: 1 | X25: 0 | Y25: 0 | Z25: 0 | AA25: 0 | AB25: 0 | AC25: =SUM(E25:AB25) -> 12
D26: PR | E26: 1 | F26: 0 | G26: 2 | H26: 0 | I26: 0 | J26: 3 | K26: 2 | L26: 0 | M26: 1 | N26: 2 | O26: 1 | P26: 0 | Q26: 2 | R26: 1 | S26: 3 | T26: 1 | U26: 1 | V26: 0 | W26: 0 | X26: 0 | Y26: 0 | Z26: 0 | AA26: 0 | AB26: 0 | AC26: =SUM(E26:AB26) -> 20
D27: JML | E27: =SUM(E25:E26) -> 2 | F27: =SUM(F25:F26) -> 0 | G27: =SUM(G25:G26) -> 4 | H27: =SUM(H25:H26) -> 0 | I27: =SUM(I25:I26) -> 0 | J27: =SUM(J25:J26) -> 3 | K27: =SUM(K25:K26) -> 4 | L27: =SUM(L25:L26) -> 2 | ... AB27: =SUM(AB25:AB26) -> 0 | AC27: =SUM(E27:AB27) -> 32
B28: 4. | C28: Jumlah Pengguna Hak Pilih (B.1+B.2+B.3) | D28: LK | E28: =SUM(E19,E22,E25) -> 84 | F28: =SUM(F19,F22,F25) -> 76 | G28: =SUM(G19,G22,G25) -> 110 | H28: =SUM(H19,H22,H25) -> 81 | I28: =SUM(I19,I22,I25) -> 101 | J28: =SUM(J19,J22,J25) -> 100 | K28: =SUM(K19,K22,K25) -> 104 | L28: =SUM(L19,L22,L25) -> 88 | ... AB28: =SUM(AB19,AB22,AB25) -> 110 | AC28: =SUM(E28:AB28) -> 2374
D29: PR | E29: =SUM(E20,E23,E26) -> 97 | F29: =SUM(F20,F23,F26) -> 87 | G29: =SUM(G20,G23,G26) -> 113 | H29: =SUM(H20,H23,H26) -> 112 | I29: =SUM(I20,I23,I26) -> 109 | J29: =SUM(J20,J23,J26) -> 118 | K29: =SUM(K20,K23,K26) -> 113 | L29: =SUM(L20,L23,L26) -> 83 | ... AB29: =SUM(AB20,AB23,AB26) -> 122 | AC29: =SUM(E29:AB29) -> 2614
D30: JML | E30: =SUM(E28:E29) -> 181 | F30: =SUM(F28:F29) -> 163 | G30: =SUM(G28:G29) -> 223 | H30: =SUM(H28:H29) -> 193 | I30: =SUM(I28:I29) -> 210 | J30: =SUM(J28:J29) -> 218 | K30: =SUM(K28:K29) -> 217 | L30: =SUM(L28:L29) -> 171 | ... AB30: =SUM(AB28:AB29) -> 232 | AC30: =SUM(E30:AB30) -> 4988
A32: II | B32: DATA PENGGUNAAN SURAT SUARA
A33: 1 | B33: Jumlah surat suara yang diterima, termasuk surat suara cadangan 2,5% dari DPT | E33: 262 | F33: 208 | G33: 264 | H33: 277 | I33: 279 | J33: 285 | K33: 288 | L33: 226 | M33: 262 | N33: 292 | O33: 294 | P33: 297 | Q33: 300 | R33: 292 | S33: 248 | T33: 282 | U33: 272 | V33: 275 | W33: 234 | X33: 241 | Y33: 290 | Z33: 288 | AA33: 248 | AB33: 276 | AC33: =SUM(E33:AB33) -> 6480
A34: 2 | B34: Jumlah surat suara yang digunakan | E34: 181 | F34: 163 | G34: 223 | H34: 193 | I34: 210 | J34: 218 | K34: 217 | L34: 171 | M34: 210 | N34: 238 | O34: 229 | P34: 236 | Q34: 235 | R34: 225 | S34: 184 | T34: 202 | U34: 191 | V34: 210 | W34: 186 | X34: 179 | Y34: 229 | Z34: 225 | AA34: 201 | AB34: 232 | AC34: =SUM(E34:AB34) -> 4988
A35: 3 | B35: Jumlah surat suara dikembalikan oleh pemilih (karena rusak atau keliru coblos) | E35: 0 | F35: 0 | G35: 0 | H35: 0 | I35: 0 | J35: 0 | K35: 0 | L35: 2 | M35: 0 | N35: 0 | O35: 0 | P35: 0 | Q35: 0 | R35: 0 | S35: 1 | T35: 0 | U35: 0 | V35: 0 | W35: 2 | X35: 0 | Y35: 0 | Z35: 1 | AA35: 0 | AB35: 0 | AC35: =SUM(E35:AB35) -> 6
A36: 4 | B36: Jumlah surat suara yang tidak digunakan/tidak terpakai, termasuk sisa surat suara cadangan | E36: =E33-(E34+E35) -> 81 | F36: =F33-(F34+F35) -> 45 | G36: =G33-(G34+G35) -> 41 | H36: =H33-(H34+H35) -> 84 | I36: =I33-(I34+I35) -> 69 | J36: =J33-(J34+J35) -> 67 | K36: =K33-(K34+K35) -> 71 | L36: =L33-(L34+L35) -> 53 | ... AB36: =AB33-(AB34+AB35) -> 44 | AC36: =SUM(E36:AB36) -> 1486
A38: III | B38: DATA PEMILIH DISABILITAS
B39: Jumlah seluruh Pemilih disabilitas yang menggunakan hak pilih | D39: LK | E39: 1 | F39: 0 | G39: 0 | H39: 0 | I39: 0 | J39: 0 | K39: 0 | L39: 0 | M39: 0 | N39: 0 | O39: 0 | P39: 0 | Q39: 2 | R39: 0 | S39: 0 | T39: 0 | U39: 1 | V39: 0 | W39: 1 | X39: 0 | Y39: 0 | Z39: 0 | AA39: 1 | AB39: 0 | AC39: =SUM(E39:AB39) -> 6
D40: PR | E40: 0 | F40: 0 | G40: 0 | H40: 0 | I40: 0 | J40: 0 | K40: 0 | L40: 0 | M40: 1 | N40: 1 | O40: 0 | P40: 0 | Q40: 0 | R40: 0 | S40: 0 | T40: 0 | U40: 4 | V40: 0 | W40: 2 | X40: 0 | Y40: 0 | Z40: 0 | AA40: 1 | AB40: 0 | AC40: =SUM(E40:AB40) -> 9
D41: JML | E41: =SUM(E39:E40) -> 1 | F41: =SUM(F39:F40) -> 0 | G41: =SUM(G39:G40) -> 0 | H41: =SUM(H39:H40) -> 0 | I41: =SUM(I39:I40) -> 0 | J41: =SUM(J39:J40) -> 0 | K41: =SUM(K39:K40) -> 0 | L41: =SUM(L39:L40) -> 0 | ... AB41: =SUM(AB39:AB40) -> 0 | AC41: =SUM(E41:AB41) -> 15
A43: IV | B43: DATA RINCIAN PEROLEHAN SUARA PASANGAN CALON BUPATI DAN WAKIL BUPATI
A44: NOMOR DAN NAMA CALON
A45: A.1 | B45: 1. | C45: Partai Kebangkitan Bangsa | E45: 10 | F45: 3 | G45: 10 | H45: 8 | I45: 5 | J45: 6 | K45: 2 | L45: 7 | M45: 5 | N45: 10 | O45: 7 | P45: 7 | Q45: 9 | R45: 5 | S45: 5 | T45: 1 | U45: 2 | V45: 3 | W45: 11 | X45: 4 | Y45: 19 | Z45: 10 | AA45: 2 | AB45: 7 | AC45: =SUM(E45:AB45) -> 158
A46: A.2 | B46: 1 | C46: 1. Dr. Hj. NIHAYATUL WAFIROH, M.A. | E46: 17 | F46: 12 | G46: 28 | H46: 84 | I46: 16 | J46: 14 | K46: 24 | L46: 33 | M46: 13 | N46: 24 | O46: 27 | P46: 24 | Q46: 12 | R46: 17 | S46: 27 | T46: 1 | U46: 2 | V46: 13 | W46: 12 | X46: 7 | Y46: 62 | Z46: 21 | AA46: 43 | AB46: 35 | AC46: =SUM(E46:AB46) -> 568
B47: 2 | C47: 2. H. M. NASIM KHAN | E47: 3 | F47: 0 | G47: 3 | H47: 0 | I47: 3 | J47: 0 | K47: 0 | L47: 1 | M47: 1 | N47: 0 | O47: 6 | P47: 4 | Q47: 1 | R47: 0 | S47: 0 | T47: 0 | U47: 0 | V47: 0 | W47: 0 | X47: 0 | Y47: 3 | Z47: 2 | AA47: 0 | AB47: 2 | AC47: =SUM(E47:AB47) -> 29
B48: 3 | C48: 3. Dr. H. AKIK ZAMAN, M.Pd.I. | E48: 1 | F48: 1 | G48: 3 | H48: 0 | I48: 0 | J48: 1 | K48: 1 | L48: 0 | M48: 0 | N48: 0 | O48: 0 | P48: 1 | Q48: 2 | R48: 1 | S48: 0 | T48: 0 | U48: 0 | V48: 2 | W48: 2 | X48: 0 | Y48: 0 | Z48: 0 | AA48: 0 | AB48: 1 | AC48: =SUM(E48:AB48) -> 16
B49: 4 | C49: 4. AHMAD RIFA'I, S.H. | E49: 1 | F49: 0 | G49: 0 | H49: 1 | I49: 1 | J49: 0 | K49: 0 | L49: 1 | M49: 0 | N49: 0 | O49: 2 | P49: 2 | Q49: 4 | R49: 1 | S49: 6 | T49: 1 | U49: 0 | V49: 0 | W49: 2 | X49: 0 | Y49: 1 | Z49: 1 | AA49: 0 | AB49: 1 | AC49: =SUM(E49:AB49) -> 25
B50: 5 | C50: 5. Drs. H. MAHFUD M.N. | E50: 1 | F50: 0 | G50: 3 | H50: 0 | I50: 1 | J50: 1 | K50: 0 | L50: 1 | M50: 2 | N50: 1 | O50: 1 | P50: 1 | Q50: 0 | R50: 0 | S50: 2 | T50: 0 | U50: 0 | V50: 0 | W50: 0 | X50: 0 | Y50: 0 | Z50: 0 | AA50: 0 | AB50: 0 | AC50: =SUM(E50:AB50) -> 14
B51: 6 | C51: 6. NURHAYATI, S.Pd. | E51: 2 | F51: 1 | G51: 0 | H51: 1 | I51: 2 | J51: 0 | K51: 0 | L51: 0 | M51: 1 | N51: 1 | O51: 0 | P51: 0 | Q51: 0 | R51: 0 | S51: 0 | T51: 0 | U51: 0 | V51: 0 | W51: 0 | X51: 0 | Y51: 5 | Z51: 0 | AA51: 0 | AB51: 1 | AC51: =SUM(E51:AB51) -> 14
B52: 7 | C52: 7. MAFTUHA KISWAH | E52: 0 | F52: 1 | G52: 0 | H52: 0 | I52: 0 | J52: 0 | K52: 0 | L52: 0 | M52: 0 | N52: 0 | O52: 0 | P52: 1 | Q52: 0 | R52: 0 | S52: 0 | T52: 0 | U52: 0 | V52: 0 | W52: 0 | X52: 1 | Y52: 0 | Z52: 0 | AA52: 0 | AB52: 0 | AC52: =SUM(E52:AB52) -> 3
A55: B | B55: JUMLAH SUARA SAH PARTAI POLITIK DAN CALON (A1 + A2) | E55: =SUM(E45:E54) -> 35 | F55: =SUM(F45:F54) -> 18 | G55: =SUM(G45:G54) -> 47 | H55: =SUM(H45:H54) -> 94 | I55: =SUM(I45:I54) -> 28 | J55: =SUM(J45:J54) -> 22 | K55: =SUM(K45:K54) -> 27 | L55: =SUM(L45:L54) -> 43 | ... AC55: =SUM(AC45:AC54) -> 827
A57: A.1 | B57: 2. | C57: Partai Gerakan Indonesia Raya | E57: 7 | F57: 7 | G57: 2 | H57: 2 | I57: 3 | J57: 9 | K57: 8 | L57: 8 | M57: 4 | N57: 7 | O57: 7 | P57: 4 | Q57: 20 | R57: 14 | S57: 6 | T57: 18 | U57: 25 | V57: 1 | W57: 15 | X57: 5 | Y57: 9 | Z57: 30 | AA57: 9 | AB57: 10 | AC57: =SUM(E57:AB57) -> 230
A58: A.2 | B58: 1 | C58: 1. SUMAIL ABDULLAH | E58: 9 | F58: 23 | G58: 2 | H58: 4 | I58: 20 | J58: 33 | K58: 5 | L58: 1 | M58: 8 | N58: 6 | O58: 10 | P58: 18 | Q58: 13 | R58: 21 | S58: 4 | T58: 20 | U58: 12 | V58: 8 | W58: 29 | X58: 14 | Y58: 8 | Z58: 5 | AA58: 19 | AB58: 4 | AC58: =SUM(E58:AB58) -> 296
B59: 2 | C59: 2. MUHAMMAD ALI ADRIAN SALEH | E59: 3 | F59: 1 | G59: 4 | H59: 2 | I59: 2 | J59: 1 | K59: 1 | L59: 1 | M59: 2 | N59: 1 | O59: 3 | P59: 7 | Q59: 7 | R59: 6 | S59: 0 | T59: 9 | U59: 3 | V59: 1 | W59: 2 | X59: 3 | Y59: 7 | Z59: 1 | AA59: 2 | AB59: 4 | AC59: =SUM(E59:AB59) -> 73
B60: 3 | C60: 3. DURROTUN NAFISAH | E60: 1 | F60: 0 | G60: 1 | H60: 0 | I60: 1 | J60: 0 | K60: 0 | L60: 0 | M60: 0 | N60: 2 | O60: 2 | P60: 6 | Q60: 1 | R60: 0 | S60: 1 | T60: 1 | U60: 2 | V60: 1 | W60: 1 | X60: 0 | Y60: 4 | Z60: 1 | AA60: 1 | AB60: 1 | AC60: =SUM(E60:AB60) -> 27
B61: 4 | C61: 4. H. EKO SUSILO NURHIDAYAT | E61: 1 | F61: 4 | G61: 3 | H61: 0 | I61: 4 | J61: 1 | K61: 1 | L61: 2 | M61: 0 | N61: 1 | O61: 2 | P61: 1 | Q61: 1 | R61: 2 | S61: 4 | T61: 3 | U61: 3 | V61: 3 | W61: 3 | X61: 0 | Y61: 3 | Z61: 0 | AA61: 0 | AB61: 3 | AC61: =SUM(E61:AB61) -> 45
B62: 5 | C62: 5. KARNADI HARIJANTO, S.S. | E62: 0 | F62: 0 | G62: 1 | H62: 0 | I62: 0 | J62: 0 | K62: 0 | L62: 1 | M62: 0 | N62: 1 | O62: 1 | P62: 0 | Q62: 0 | R62: 1 | S62: 2 | T62: 0 | U62: 1 | V62: 1 | W62: 0 | X62: 0 | Y62: 0 | Z62: 2 | AA62: 0 | AB62: 0 | AC62: =SUM(E62:AB62) -> 11
B63: 6 | C63: 6. NURHAYATI | E63: 0 | F63: 0 | G63: 2 | H63: 0 | I63: 0 | J63: 0 | K63: 1 | L63: 1 | M63: 0 | N63: 1 | O63: 1 | P63: 1 | Q63: 1 | R63: 0 | S63: 0 | T63: 3 | U63: 2 | V63: 0 | W63: 1 | X63: 0 | Y63: 2 | Z63: 2 | AA63: 5 | AB63: 0 | AC63: =SUM(E63:AB63) -> 23
B64: 7 | C64: 7. MASHUDI | E64: 0 | F64: 2 | G64: 0 | H64: 1 | I64: 0 | J64: 0 | K64: 0 | L64: 0 | M64: 1 | N64: 0 | O64: 0 | P64: 1 | Q64: 0 | R64: 0 | S64: 0 | T64: 0 | U64: 0 | V64: 0 | W64: 0 | X64: 0 | Y64: 0 | Z64: 2 | AA64: 1 | AB64: 3 | AC64: =SUM(E64:AB64) -> 11
A67: B | B67: JUMLAH SUARA SAH PARTAI POLITIK DAN CALON (A1 + A2) | E67: =SUM(E57:E66) -> 21 | F67: =SUM(F57:F66) -> 37 | G67: =SUM(G57:G66) -> 15 | H67: =SUM(H57:H66) -> 9 | I67: =SUM(I57:I66) -> 30 | J67: =SUM(J57:J66) -> 44 | K67: =SUM(K57:K66) -> 16 | L67: =SUM(L57:L66) -> 14 | ... AC67: =SUM(AC57:AC66) -> 716
A69: A.1 | B69: 3. | C69: Partai Demokrasi Indonesia Perjuangan | E69: 7 | F69: 7 | G69: 5 | H69: 1 | I69: 13 | J69: 17 | K69: 29 | L69: 5 | M69: 8 | N69: 9 | O69: 13 | P69: 11 | Q69: 12 | R69: 9 | S69: 6 | T69: 9 | U69: 11 | V69: 9 | W69: 11 | X69: 20 | Y69: 15 | Z69: 23 | AA69: 6 | AB69: 6 | AC69: =SUM(E69:AB69) -> 262
A70: A.2 | B70: 1 | C70: 1. SONNY TRI DANAPARAMITA, S.H., M.H. | E70: 6 | F70: 11 | G70: 3 | H70: 2 | I70: 7 | J70: 37 | K70: 77 | L70: 8 | M70: 6 | N70: 13 | O70: 11 | P70: 7 | Q70: 5 | R70: 12 | S70: 2 | T70: 21 | U70: 12 | V70: 12 | W70: 10 | X70: 60 | Y70: 11 | Z70: 57 | AA70: 5 | AB70: 7 | AC70: =SUM(E70:AB70) -> 402
B71: 2 | C71: 2. H. MOHAMAD GUNTUR ROMLI | E71: 7 | F71: 3 | G71: 1 | H71: 2 | I71: 1 | J71: 2 | K71: 0 | L71: 1 | M71: 0 | N71: 4 | O71: 6 | P71: 2 | Q71: 5 | R71: 2 | S71: 2 | T71: 8 | U71: 4 | V71: 6 | W71: 2 | X71: 4 | Y71: 1 | Z71: 2 | AA71: 2 | AB71: 1 | AC71: =SUM(E71:AB71) -> 68
B72: 3 | C72: 3. INA AMMANIA | E72: 1 | F72: 1 | G72: 3 | H72: 1 | I72: 6 | J72: 10 | K72: 3 | L72: 1 | M72: 11 | N72: 6 | O72: 2 | P72: 6 | Q72: 9 | R72: 5 | S72: 2 | T72: 1 | U72: 5 | V72: 1 | W72: 2 | X72: 4 | Y72: 1 | Z72: 1 | AA72: 2 | AB72: 4 | AC72: =SUM(E72:AB72) -> 88
B73: 4 | C73: 4. IRWAN BACHTIAR RACHMAT, M.Si. | E73: 3 | F73: 0 | G73: 0 | H73: 1 | I73: 0 | J73: 0 | K73: 0 | L73: 0 | M73: 1 | N73: 0 | O73: 1 | P73: 1 | Q73: 1 | R73: 0 | S73: 1 | T73: 1 | U73: 2 | V73: 0 | W73: 0 | X73: 1 | Y73: 2 | Z73: 0 | AA73: 0 | AB73: 0 | AC73: =SUM(E73:AB73) -> 15
B74: 5 | C74: 5. LUCKY PERDANA | E74: 1 | F74: 7 | G74: 4 | H74: 2 | I74: 4 | J74: 4 | K74: 2 | L74: 2 | M74: 8 | N74: 6 | O74: 1 | P74: 1 | Q74: 1 | R74: 1 | S74: 6 | T74: 4 | U74: 3 | V74: 4 | W74: 1 | X74: 1 | Y74: 2 | Z74: 6 | AA74: 4 | AB74: 5 | AC74: =SUM(E74:AB74) -> 80
B75: 6 | C75: 6. WIWIK PUJIYATI | E75: 6 | F75: 1 | G75: 0 | H75: 2 | I75: 1 | J75: 3 | K75: 0 | L75: 2 | M75: 1 | N75: 2 | O75: 2 | P75: 3 | Q75: 1 | R75: 2 | S75: 2 | T75: 2 | U75: 5 | V75: 1 | W75: 1 | X75: 1 | Y75: 1 | Z75: 0 | AA75: 0 | AB75: 0 | AC75: =SUM(E75:AB75) -> 39
B76: 7 | C76: 7. CHANDRA ASTAN, S.T. | E76: 0 | F76: 0 | G76: 1 | H76: 0 | I76: 1 | J76: 0 | K76: 1 | L76: 0 | M76: 1 | N76: 1 | O76: 1 | P76: 0 | Q76: 0 | R76: 0 | S76: 0 | T76: 0 | U76: 0 | V76: 1 | W76: 0 | X76: 0 | Y76: 0 | Z76: 2 | AA76: 1 | AB76: 0 | AC76: =SUM(E76:AB76) -> 10
A79: B | B79: JUMLAH SUARA SAH PARTAI POLITIK DAN CALON (A1 + A2) | E79: =SUM(E69:E78) -> 31 | F79: =SUM(F69:F78) -> 30 | G79: =SUM(G69:G78) -> 17 | H79: =SUM(H69:H78) -> 11 | I79: =SUM(I69:I78) -> 33 | J79: =SUM(J69:J78) -> 73 | K79: =SUM(K69:K78) -> 112 | L79: =SUM(L69:L78) -> 19 | ... AC79: =SUM(AC69:AC78) -> 964
A81: A.1 | B81: 4. | C81: Partai Golongan Karya | E81: 2 | F81: 3 | G81: 0 | H81: 3 | I81: 2 | J81: 1 | K81: 4 | L81: 0 | M81: 1 | N81: 9 | O81: 5 | P81: 5 | Q81: 1 | R81: 1 | S81: 2 | T81: 5 | U81: 4 | V81: 1 | W81: 2 | X81: 2 | Y81: 1 | Z81: 0 | AA81: 0 | AB81: 1 | AC81: =SUM(E81:AB81) -> 55
A82: A.2 | B82: 1 | C82: 1. ZULFIKAR ARSE SADIKIN, S.I.P., M.Si. | E82: 9 | F82: 0 | G82: 2 | H82: 21 | I82: 19 | J82: 1 | K82: 2 | L82: 11 | M82: 18 | N82: 19 | O82: 16 | P82: 17 | Q82: 5 | R82: 4 | S82: 5 | T82: 2 | U82: 4 | V82: 3 | W82: 5 | X82: 1 | Y82: 2 | Z82: 4 | AA82: 4 | AB82: 10 | AC82: =SUM(E82:AB82) -> 184
B83: 2 | C83: 2. HANDOKO | E83: 5 | F83: 11 | G83: 4 | H83: 1 | I83: 1 | J83: 1 | K83: 4 | L83: 3 | M83: 9 | N83: 3 | O83: 7 | P83: 5 | Q83: 5 | R83: 1 | S83: 6 | T83: 0 | U83: 2 | V83: 5 | W83: 5 | X83: 4 | Y83: 0 | Z83: 0 | AA83: 3 | AB83: 3 | AC83: =SUM(E83:AB83) -> 88
B84: 3 | C84: 3. Hj. OVI DEWI YANTI | E84: 0 | F84: 0 | G84: 0 | H84: 0 | I84: 0 | J84: 0 | K84: 0 | L84: 0 | M84: 0 | N84: 0 | O84: 1 | P84: 0 | Q84: 0 | R84: 0 | S84: 0 | T84: 0 | U84: 0 | V84: 0 | W84: 0 | X84: 1 | Y84: 0 | Z84: 0 | AA84: 0 | AB84: 0 | AC84: =SUM(E84:AB84) -> 2
B85: 4 | C85: 4. Ir. AZAM AZMAN NATAWIJANA | E85: 0 | F85: 0 | G85: 0 | H85: 3 | I85: 2 | J85: 0 | K85: 0 | L85: 1 | M85: 0 | N85: 0 | O85: 1 | P85: 1 | Q85: 0 | R85: 0 | S85: 0 | T85: 0 | U85: 1 | V85: 0 | W85: 0 | X85: 1 | Y85: 0 | Z85: 1 | AA85: 2 | AB85: 2 | AC85: =SUM(E85:AB85) -> 15
B86: 5 | C86: 5. UBAIDILLAH AMIN, S.Kom. | E86: 0 | F86: 0 | G86: 0 | H86: 0 | I86: 0 | J86: 0 | K86: 0 | L86: 1 | M86: 3 | N86: 0 | O86: 0 | P86: 3 | Q86: 0 | R86: 0 | S86: 0 | T86: 0 | U86: 0 | V86: 1 | W86: 0 | X86: 0 | Y86: 0 | Z86: 0 | AA86: 1 | AB86: 1 | AC86: =SUM(E86:AB86) -> 10
B87: 6 | C87: 6. DENNY YUNIANDARI, S.H., M.Kn. | E87: 0 | F87: 1 | G87: 0 | H87: 0 | I87: 1 | J87: 0 | K87: 0 | L87: 0 | M87: 0 | N87: 0 | O87: 0 | P87: 0 | Q87: 0 | R87: 0 | S87: 2 | T87: 0 | U87: 0 | V87: 1 | W87: 0 | X87: 0 | Y87: 0 | Z87: 0 | AA87: 0 | AB87: 0 | AC87: =SUM(E87:AB87) -> 5
B88: 7 | C88: 7. ERNADI, S.H.I. | E88: 0 | F88: 0 | G88: 0 | H88: 0 | I88: 0 | J88: 0 | K88: 0 | L88: 0 | M88: 0 | N88: 0 | O88: 0 | P88: 0 | Q88: 1 | R88: 0 | S88: 0 | T88: 0 | U88: 0 | V88: 0 | W88: 0 | X88: 0 | Y88: 0 | Z88: 0 | AA88: 0 | AB88: 0 | AC88: =SUM(E88:AB88) -> 1
A91: B | B91: JUMLAH SUARA SAH PARTAI POLITIK DAN CALON (A1 + A2) | E91: =SUM(E81:E90) -> 16 | F91: =SUM(F81:F90) -> 15 | G91: =SUM(G81:G90) -> 6 | H91: =SUM(H81:H90) -> 28 | I91: =SUM(I81:I90) -> 25 | J91: =SUM(J81:J90) -> 3 | K91: =SUM(K81:K90) -> 10 | L91: =SUM(L81:L90) -> 16 | ... AC91: =SUM(AC81:AC90) -> 360
A93: A.1 | B93: 5. | C93: Partai NasDem | E93: 0 | F93: 1 | G93: 1 | H93: 0 | I93: 0 | J93: 2 | K93: 1 | L93: 0 | M93: 3 | N93: 5 | O93: 0 | P93: 0 | Q93: 2 | R93: 3 | S93: 1 | T93: 0 | U93: 1 | V93: 0 | W93: 1 | X93: 0 | Y93: 1 | Z93: 0 | AA93: 0 | AB93: 0 | AC93: =SUM(E93:AB93) -> 22
A94: A.2 | B94: 1 | C94: 1. ACH. FADIL MUZAKKI SYAH | E94: 0 | F94: 0 | G94: 1 | H94: 0 | I94: 0 | J94: 0 | K94: 2 | L94: 0 | M94: 1 | N94: 2 | O94: 0 | P94: 2 | Q94: 0 | R94: 3 | S94: 0 | T94: 0 | U94: 6 | V94: 1 | W94: 0 | X94: 0 | Y94: 0 | Z94: 0 | AA94: 0 | AB94: 0 | AC94: =SUM(E94:AB94) -> 18
B95: 2 | C95: 2. BENY | E95: 0 | F95: 0 | G95: 9 | H95: 0 | I95: 0 | J95: 0 | K95: 2 | L95: 0 | M95: 6 | N95: 6 | O95: 22 | P95: 9 | Q95: 14 | R95: 45 | S95: 0 | T95: 13 | U95: 0 | V95: 0 | W95: 2 | X95: 1 | Y95: 0 | Z95: 0 | AA95: 0 | AB95: 1 | AC95: =SUM(E95:AB95) -> 130
B96: 3 | C96: 3. VINA VERONIKA | E96: 0 | F96: 0 | G96: 1 | H96: 0 | I96: 0 | J96: 0 | K96: 0 | L96: 0 | M96: 0 | N96: 0 | O96: 0 | P96: 0 | Q96: 1 | R96: 0 | S96: 0 | T96: 1 | U96: 1 | V96: 0 | W96: 0 | X96: 1 | Y96: 0 | Z96: 0 | AA96: 0 | AB96: 0 | AC96: =SUM(E96:AB96) -> 5
B97: 4 | C97: 4. TEDDY ANUGRIANTO | E97: 0 | F97: 0 | G97: 0 | H97: 0 | I97: 0 | J97: 0 | K97: 2 | L97: 0 | M97: 0 | N97: 10 | O97: 0 | P97: 2 | Q97: 0 | R97: 0 | S97: 0 | T97: 0 | U97: 0 | V97: 1 | W97: 0 | X97: 0 | Y97: 1 | Z97: 0 | AA97: 0 | AB97: 0 | AC97: =SUM(E97:AB97) -> 16
B98: 5 | C98: 5. INSAN KAMIL | E98: 0 | F98: 0 | G98: 1 | H98: 0 | I98: 0 | J98: 0 | K98: 0 | L98: 0 | M98: 0 | N98: 0 | O98: 0 | P98: 1 | Q98: 0 | R98: 1 | S98: 1 | T98: 0 | U98: 0 | V98: 0 | W98: 0 | X98: 0 | Y98: 0 | Z98: 0 | AA98: 0 | AB98: 0 | AC98: =SUM(E98:AB98) -> 4
B99: 6 | C99: 6. LILIK LINDARWATI | E99: 0 | F99: 0 | G99: 0 | H99: 0 | I99: 1 | J99: 0 | K99: 0 | L99: 0 | M99: 0 | N99: 0 | O99: 0 | P99: 0 | Q99: 0 | R99: 0 | S99: 0 | T99: 0 | U99: 0 | V99: 0 | W99: 0 | X99: 0 | Y99: 0 | Z99: 0 | AA99: 0 | AB99: 0 | AC99: =SUM(E99:AB99) -> 1
B100: 7 | C100: 7. YULI ANITA | E100: 0 | F100: 0 | G100: 0 | H100: 0 | I100: 0 | J100: 0 | K100: 0 | L100: 0 | M100: 0 | N100: 0 | O100: 0 | P100: 0 | Q100: 0 | R100: 0 | S100: 0 | T100: 0 | U100: 0 | V100: 0 | W100: 0 | X100: 0 | Y100: 0 | Z100: 0 | AA100: 0 | AB100: 0 | AC100: =SUM(E100:AB100) -> 0
A103: B | B103: JUMLAH SUARA SAH PARTAI POLITIK DAN CALON (A1 + A2) | E103: =SUM(E93:E102) -> 0 | F103: =SUM(F93:F102) -> 1 | G103: =SUM(G93:G102) -> 13 | H103: =SUM(H93:H102) -> 0 | I103: =SUM(I93:I102) -> 1 | J103: =SUM(J93:J102) -> 2 | K103: =SUM(K93:K102) -> 7 | L103: =SUM(L93:L102) -> 0 | ... AC103: =SUM(AC93:AC102) -> 196
A105: A.1 | B105: 6. | C105: Partai Buruh | E105: 1 | F105: 0 | G105: 1 | H105: 1 | I105: 1 | J105: 1 | K105: 1 | L105: 2 | M105: 4 | N105: 3 | O105: 0 | P105: 2 | Q105: 3 | R105: 1 | S105: 2 | T105: 0 | U105: 2 | V105: 0 | W105: 3 | X105: 0 | Y105: 1 | Z105: 1 | AA105: 1 | AB105: 5 | AC105: =SUM(E105:AB105) -> 36
A106: A.2 | B106: 1 | C106: 1. KHOIRUL ANAM | E106: 0 | F106: 0 | G106: 0 | H106: 3 | I106: 0 | J106: 0 | K106: 2 | L106: 1 | M106: 0 | N106: 0 | O106: 0 | P106: 2 | Q106: 0 | R106: 0 | S106: 0 | T106: 1 | U106: 0 | V106: 1 | W106: 0 | X106: 1 | Y106: 0 | Z106: 0 | AA106: 1 | AB106: 0 | AC106: =SUM(E106:AB106) -> 12
B107: 2 | C107: 2. INA KURNIA | E107: 0 | F107: 0 | G107: 0 | H107: 0 | I107: 0 | J107: 0 | K107: 0 | L107: 0 | M107: 0 | N107: 1 | O107: 0 | P107: 0 | Q107: 1 | R107: 0 | S107: 0 | T107: 0 | U107: 0 | V107: 0 | W107: 0 | X107: 0 | Y107: 0 | Z107: 0 | AA107: 0 | AB107: 1 | AC107: =SUM(E107:AB107) -> 3
B108: 3 | C108: 3. JIBRAL TAROUK | E108: 0 | F108: 0 | G108: 0 | H108: 0 | I108: 1 | J108: 0 | K108: 0 | L108: 0 | M108: 0 | N108: 0 | O108: 0 | P108: 0 | Q108: 0 | R108: 0 | S108: 0 | T108: 0 | U108: 0 | V108: 0 | W108: 0 | X108: 0 | Y108: 0 | Z108: 0 | AA108: 1 | AB108: 0 | AC108: =SUM(E108:AB108) -> 2
B109: 4 | C109: 4. ASTUTI DAENG PUJI | E109: 0 | F109: 0 | G109: 0 | H109: 0 | I109: 0 | J109: 0 | K109: 0 | L109: 0 | M109: 0 | N109: 1 | O109: 0 | P109: 0 | Q109: 0 | R109: 0 | S109: 0 | T109: 1 | U109: 0 | V109: 0 | W109: 0 | X109: 0 | Y109: 0 | Z109: 0 | AA109: 0 | AB109: 1 | AC109: =SUM(E109:AB109) -> 3
B110: 5 | C110: 5. ASDARMAWAN | E110: 0 | F110: 0 | G110: 0 | H110: 0 | I110: 0 | J110: 0 | K110: 0 | L110: 0 | M110: 0 | N110: 0 | O110: 1 | P110: 0 | Q110: 0 | R110: 0 | S110: 0 | T110: 0 | U110: 0 | V110: 0 | W110: 0 | X110: 0 | Y110: 0 | Z110: 0 | AA110: 1 | AB110: 0 | AC110: =SUM(E110:AB110) -> 2
B111: 6 | C111: 6. RIFQI MUBAROK | E111: 0 | F111: 0 | G111: 1 | H111: 0 | I111: 0 | J111: 0 | K111: 1 | L111: 0 | M111: 0 | N111: 0 | O111: 0 | P111: 0 | Q111: 0 | R111: 0 | S111: 0 | T111: 0 | U111: 0 | V111: 0 | W111: 0 | X111: 1 | Y111: 0 | Z111: 0 | AA111: 0 | AB111: 0 | AC111: =SUM(E111:AB111) -> 3
B112: 7 | C112: 7. FIRNANDA ALTA MEGA | E112: 0 | F112: 0 | G112: 0 | H112: 0 | I112: 0 | J112: 0 | K112: 0 | L112: 0 | M112: 0 | N112: 0 | O112: 0 | P112: 0 | Q112: 0 | R112: 0 | S112: 0 | T112: 0 | U112: 0 | V112: 0 | W112: 0 | X112: 0 | Y112: 0 | Z112: 0 | AA112: 0 | AB112: 0 | AC112: =SUM(E112:AB112) -> 0
A115: B | B115: JUMLAH SUARA SAH PARTAI POLITIK DAN CALON (A1 + A2) | E115: =SUM(E105:E114) -> 1 | F115: =SUM(F105:F114) -> 0 | G115: =SUM(G105:G114) -> 2 | H115: =SUM(H105:H114) -> 4 | I115: =SUM(I105:I114) -> 2 | J115: =SUM(J105:J114) -> 1 | K115: =SUM(K105:K114) -> 4 | L115: =SUM(L105:L114) -> 3 | ... AC115: =SUM(AC105:AC114) -> 61
A117: A.1 | B117: 7. | C117: Partai Gelombang Rakyat Indonesia | E117: 1 | F117: 1 | G117: 0 | H117: 1 | I117: 1 | J117: 0 | K117: 0 | L117: 0 | M117: 1 | N117: 0 | O117: 0 | P117: 0 | Q117: 1 | R117: 1 | S117: 1 | T117: 0 | U117: 0 | V117: 2 | W117: 0 | X117: 0 | Y117: 2 | Z117: 0 | AA117: 1 | AB117: 0 | AC117: =SUM(E117:AB117) -> 13
A118: A.2 | B118: 1 | C118: 1. TITI WIDORETNO WARISMAN | E118: 0 | F118: 0 | G118: 0 | H118: 0 | I118: 0 | J118: 0 | K118: 0 | L118: 0 | M118: 0 | N118: 0 | O118: 1 | P118: 0 | Q118: 0 | R118: 0 | S118: 0 | T118: 0 | U118: 0 | V118: 0 | W118: 0 | X118: 0 | Y118: 0 | Z118: 0 | AA118: 0 | AB118: 0 | AC118: =SUM(E118:AB118) -> 1
B119: 2 | C119: 2. MAMIEK SETYANINGSIH | E119: 0 | F119: 0 | G119: 1 | H119: 0 | I119: 0 | J119: 0 | K119: 0 | L119: 0 | M119: 0 | N119: 0 | O119: 0 | P119: 0 | Q119: 0 | R119: 0 | S119: 0 | T119: 0 | U119: 0 | V119: 0 | W119: 0 | X119: 0 | Y119: 0 | Z119: 0 | AA119: 0 | AB119: 0 | AC119: =SUM(E119:AB119) -> 1
B120: 3 | C120: 3. ROMIL AZIZEN | E120: 0 | F120: 0 | G120: 0 | H120: 0 | I120: 1 | J120: 0 | K120: 0 | L120: 0 | M120: 0 | N120: 0 | O120: 0 | P120: 0 | Q120: 0 | R120: 0 | S120: 0 | T120: 0 | U120: 0 | V120: 0 | W120: 0 | X120: 0 | Y120: 0 | Z120: 0 | AA120: 1 | AB120: 0 | AC120: =SUM(E120:AB120) -> 2
A127: B | B127: JUMLAH SUARA SAH PARTAI POLITIK DAN CALON (A1 + A2) | E127: =SUM(E117:E126) -> 1 | F127: =SUM(F117:F126) -> 1 | G127: =SUM(G117:G126) -> 1 | H127: =SUM(H117:H126) -> 1 | I127: =SUM(I117:I126) -> 2 | J127: =SUM(J117:J126) -> 0 | K127: =SUM(K117:K126) -> 0 | L127: =SUM(L117:L126) -> 0 | ... AC127: =SUM(AC117:AC126) -> 17
A129: A.1 | B129: 8. | C129: Partai Keadilan Sejahtera | E129: 1 | F129: 3 | G129: 0 | H129: 0 | I129: 0 | J129: 1 | K129: 1 | L129: 2 | M129: 1 | N129: 5 | O129: 3 | P129: 2 | Q129: 1 | R129: 1 | S129: 1 | T129: 0 | U129: 1 | V129: 2 | W129: 0 | X129: 0 | Y129: 1 | Z129: 0 | AA129: 0 | AB129: 0 | AC129: =SUM(E129:AB129) -> 26
A130: A.2 | B130: 1 | C130: 1. H. SAIMI SALEH, S.E., M.M. | E130: 0 | F130: 2 | G130: 0 | H130: 0 | I130: 0 | J130: 0 | K130: 1 | L130: 0 | M130: 3 | N130: 2 | O130: 7 | P130: 2 | Q130: 0 | R130: 2 | S130: 0 | T130: 0 | U130: 0 | V130: 0 | W130: 0 | X130: 0 | Y130: 0 | Z130: 0 | AA130: 0 | AB130: 0 | AC130: =SUM(E130:AB130) -> 19
B131: 2 | C131: 2. Prof. Dr. H. EGGI SUDJANA, S.H., M.Si. | E131: 0 | F131: 0 | G131: 0 | H131: 0 | I131: 1 | J131: 0 | K131: 0 | L131: 0 | M131: 1 | N131: 2 | O131: 5 | P131: 0 | Q131: 0 | R131: 2 | S131: 0 | T131: 0 | U131: 0 | V131: 0 | W131: 0 | X131: 0 | Y131: 0 | Z131: 0 | AA131: 1 | AB131: 0 | AC131: =SUM(E131:AB131) -> 12
B132: 3 | C132: 3. NURUL KHOTIMAH | E132: 0 | F132: 1 | G132: 0 | H132: 0 | I132: 1 | J132: 0 | K132: 0 | L132: 0 | M132: 0 | N132: 0 | O132: 0 | P132: 0 | Q132: 0 | R132: 0 | S132: 0 | T132: 0 | U132: 0 | V132: 0 | W132: 0 | X132: 0 | Y132: 0 | Z132: 0 | AA132: 0 | AB132: 0 | AC132: =SUM(E132:AB132) -> 2
B133: 4 | C133: 4. AKHMAD SUYANTO, S.T., M.T. | E133: 0 | F133: 0 | G133: 0 | H133: 0 | I133: 0 | J133: 0 | K133: 0 | L133: 0 | M133: 0 | N133: 0 | O133: 0 | P133: 0 | Q133: 0 | R133: 0 | S133: 1 | T133: 0 | U133: 0 | V133: 0 | W133: 0 | X133: 0 | Y133: 0 | Z133: 0 | AA133: 0 | AB133: 0 | AC133: =SUM(E133:AB133) -> 1
B134: 5 | C134: 5. PUJIYATNI | E134: 0 | F134: 0 | G134: 0 | H134: 0 | I134: 0 | J134: 0 | K134: 0 | L134: 0 | M134: 0 | N134: 0 | O134: 0 | P134: 2 | Q134: 0 | R134: 0 | S134: 0 | T134: 0 | U134: 0 | V134: 0 | W134: 0 | X134: 0 | Y134: 0 | Z134: 0 | AA134: 0 | AB134: 0 | AC134: =SUM(E134:AB134) -> 2
B135: 6 | C135: 6. HENI PURWATININGSIH | E135: 0 | F135: 0 | G135: 0 | H135: 0 | I135: 0 | J135: 0 | K135: 0 | L135: 1 | M135: 0 | N135: 0 | O135: 0 | P135: 0 | Q135: 0 | R135: 0 | S135: 0 | T135: 0 | U135: 0 | V135: 0 | W135: 0 | X135: 0 | Y135: 0 | Z135: 0 | AA135: 0 | AB135: 0 | AC135: =SUM(E135:AB135) -> 1
B136: 7 | C136: 7. MUHADI | E136: 0 | F136: 0 | G136: 0 | H136: 0 | I136: 0 | J136: 0 | K136: 0 | L136: 0 | M136: 0 | N136: 0 | O136: 0 | P136: 0 | Q136: 0 | R136: 0 | S136: 0 | T136: 0 | U136: 0 | V136: 0 | W136: 0 | X136: 0 | Y136: 0 | Z136: 0 | AA136: 0 | AB136: 0 | AC136: =SUM(E136:AB136) -> 0
...

Sheet WRINGINAGUNG
C2: Kecamatan | D2: GAMBIRAN
C3: Kabupaten | D3: BANYUWANGI
C4: Provinsi | D4: JAWA TIMUR
C9: Kelurahan | D9: WRINGINAGUNG
A12: I | B12: DATA PEMILIH DAN PENGGUNAAN HAK PILIH | AB12: JUMLAH AKHIR
A13: A | B13: DATA PEMILIH | E13: TPS 001 | F13: TPS 002 | G13: TPS 003 | H13: TPS 004 | I13: TPS 005 | J13: TPS 006 | K13: TPS 007 | L13: TPS 008 | M13: TPS 009 | N13: TPS 010 | O13: TPS 011 | P13: TPS 012 | Q13: TPS 013 | R13: TPS 014 | S13: TPS 015 | T13: TPS 016 | U13: TPS 017 | V13: TPS 018 | W13: TPS 019 | X13: TPS 020 | Y13: TPS 021 | Z13: TPS 022 | AA13: TPS 023
B14: Jumlah Pemilih dalam Daftar Pemilih Tetap (DPT) | D14: LK | E14: 139 | F14: 131 | G14: 139 | H14: 147 | I14: 121 | J14: 145 | K14: 129 | L14: 152 | M14: 140 | N14: 130 | O14: 146 | P14: 129 | Q14: 122 | R14: 147 | S14: 147 | T14: 143 | U14: 120 | V14: 121 | W14: 113 | X14: 132 | Y14: 133 | Z14: 145 | AA14: 135 | AB14: =SUM(E14:AA14) -> 3106
D15: PR | E15: 143 | F15: 156 | G15: 137 | H15: 150 | I15: 147 | J15: 148 | K15: 125 | L15: 136 | M15: 153 | N15: 136 | O15: 137 | P15: 143 | Q15: 131 | R15: 140 | S15: 144 | T15: 133 | U15: 130 | V15: 115 | W15: 115 | X15: 138 | Y15: 129 | Z15: 142 | AA15: 145 | AB15: =SUM(E15:AA15) -> 3173
D16: JML | E16: =SUM(E14:E15) -> 282 | F16: =SUM(F14:F15) -> 287 | G16: =SUM(G14:G15) -> 276 | H16: =SUM(H14:H15) -> 297 | I16: =SUM(I14:I15) -> 268 | J16: =SUM(J14:J15) -> 293 | K16: =SUM(K14:K15) -> 254 | L16: =SUM(L14:L15) -> 288 | ... AA16: =SUM(AA14:AA15) -> 280 | AB16: =SUM(E16:AA16) -> 6279
A18: B | B18: PENGGUNA HAK PILIH
B19: 1. | C19: Jumlah pengguna hak pilih dalam Daftar Pemilih Tetap (DPT) | D19: LK | E19: 96 | F19: 104 | G19: 101 | H19: 128 | I19: 93 | J19: 103 | K19: 92 | L19: 105 | M19: 99 | N19: 86 | O19: 113 | P19: 104 | Q19: 94 | R19: 96 | S19: 110 | T19: 108 | U19: 91 | V19: 85 | W19: 78 | X19: 88 | Y19: 105 | Z19: 112 | AA19: 100 | AB19: =SUM(E19:AA19) -> 2291
D20: PR | E20: 111 | F20: 126 | G20: 110 | H20: 134 | I20: 122 | J20: 122 | K20: 94 | L20: 103 | M20: 115 | N20: 105 | O20: 108 | P20: 105 | Q20: 108 | R20: 108 | S20: 115 | T20: 110 | U20: 104 | V20: 88 | W20: 101 | X20: 114 | Y20: 114 | Z20: 118 | AA20: 107 | AB20: =SUM(E20:AA20) -> 2542
D21: JML | E21: =SUM(E19:E20) -> 207 | F21: =SUM(F19:F20) -> 230 | G21: =SUM(G19:G20) -> 211 | H21: =SUM(H19:H20) -> 262 | I21: =SUM(I19:I20) -> 215 | J21: =SUM(J19:J20) -> 225 | K21: =SUM(K19:K20) -> 186 | L21: =SUM(L19:L20) -> 208 | ... AA21: =SUM(AA19:AA20) -> 207 | AB21: =SUM(E21:AA21) -> 4833
B22: 2. | C22: Jumlah pengguna hak pilih dalam Daftar Pemilih Tambahan (DPTb) | D22: LK | E22: 0 | F22: 0 | G22: 0 | H22: 0 | I22: 0 | J22: 0 | K22: 0 | L22: 0 | M22: 0 | N22: 0 | O22: 0 | P22: 0 | Q22: 0 | R22: 0 | S22: 0 | AB22: =SUM(E22:AA22) -> 0
D23: PR | E23: 0 | F23: 3 | G23: 0 | H23: 0 | I23: 0 | J23: 0 | K23: 0 | L23: 0 | M23: 0 | N23: 0 | O23: 0 | P23: 0 | Q23: 0 | R23: 0 | S23: 0 | AB23: =SUM(E23:AA23) -> 3
D24: JML | E24: =SUM(E22:E23) -> 0 | F24: =SUM(F22:F23) -> 3 | G24: =SUM(G22:G23) -> 0 | H24: =SUM(H22:H23) -> 0 | I24: =SUM(I22:I23) -> 0 | J24: =SUM(J22:J23) -> 0 | K24: =SUM(K22:K23) -> 0 | L24: =SUM(L22:L23) -> 0 | ... AA24: =SUM(AA22:AA23) -> 0 | AB24: =SUM(E24:AA24) -> 3
B25: 3. | C25: Jumlah pengguna hak pilih dalam Daftar Pemilih Khusus (DPK) | D25: LK | E25: 0 | F25: 0 | G25: 2 | H25: 0 | I25: 5 | J25: 0 | K25: 0 | L25: 1 | M25: 1 | N25: 1 | O25: 2 | P25: 0 | Q25: 1 | R25: 1 | S25: 2 | T25: 0 | U25: 0 | V25: 1 | W25: 0 | X25: 1 | Y25: 2 | Z25: 0 | AA25: 4 | AB25: =SUM(E25:AA25) -> 24
D26: PR | E26: 0 | F26: 0 | G26: 1 | H26: 0 | I26: 6 | J26: 0 | K26: 0 | L26: 1 | M26: 0 | N26: 3 | O26: 3 | P26: 1 | Q26: 0 | R26: 0 | S26: 4 | T26: 0 | U26: 0 | V26: 1 | W26: 0 | X26: 1 | Y26: 2 | Z26: 0 | AA26: 3 | AB26: =SUM(E26:AA26) -> 26
D27: JML | E27: =SUM(E25:E26) -> 0 | F27: =SUM(F25:F26) -> 0 | G27: =SUM(G25:G26) -> 3 | H27: =SUM(H25:H26) -> 0 | I27: =SUM(I25:I26) -> 11 | J27: =SUM(J25:J26) -> 0 | K27: =SUM(K25:K26) -> 0 | L27: =SUM(L25:L26) -> 2 | ... AA27: =SUM(AA25:AA26) -> 7 | AB27: =SUM(E27:AA27) -> 50
B28: 4. | C28: Jumlah Pengguna Hak Pilih (B.1+B.2+B.3) | D28: LK | E28: =SUM(E19,E22,E25) -> 96 | F28: =SUM(F19,F22,F25) -> 104 | G28: =SUM(G19,G22,G25) -> 103 | H28: =SUM(H19,H22,H25) -> 128 | I28: =SUM(I19,I22,I25) -> 98 | J28: =SUM(J19,J22,J25) -> 103 | K28: =SUM(K19,K22,K25) -> 92 | L28: =SUM(L19,L22,L25) -> 106 | ... AA28: =SUM(AA19,AA22,AA25) -> 104 | AB28: =SUM(E28:AA28) -> 2315
D29: PR | E29: =SUM(E20,E23,E26) -> 111 | F29: =SUM(F20,F23,F26) -> 129 | G29: =SUM(G20,G23,G26) -> 111 | H29: =SUM(H20,H23,H26) -> 134 | I29: =SUM(I20,I23,I26) -> 128 | J29: =SUM(J20,J23,J26) -> 122 | K29: =SUM(K20,K23,K26) -> 94 | L29: =SUM(L20,L23,L26) -> 104 | ... AA29: =SUM(AA20,AA23,AA26) -> 110 | AB29: =SUM(E29:AA29) -> 2571
D30: JML | E30: =SUM(E28:E29) -> 207 | F30: =SUM(F28:F29) -> 233 | G30: =SUM(G28:G29) -> 214 | H30: =SUM(H28:H29) -> 262 | I30: =SUM(I28:I29) -> 226 | J30: =SUM(J28:J29) -> 225 | K30: =SUM(K28:K29) -> 186 | L30: =SUM(L28:L29) -> 210 | ... AA30: =SUM(AA28:AA29) -> 214 | AB30: =SUM(E30:AA30) -> 4886
A32: II | B32: DATA PENGGUNAAN SURAT SUARA
A33: 1 | B33: Jumlah surat suara yang diterima, termasuk surat suara cadangan 2,5% dari DPT | E33: 288 | F33: 283 | G33: 282 | H33: 303 | I33: 274 | J33: 299 | K33: 260 | L33: 294 | M33: 309 | N33: 272 | O33: 289 | P33: 278 | Q33: 259 | R33: 293 | S33: 298 | T33: 282 | U33: 255 | V33: 241 | W33: 243 | X33: 276 | Y33: 268 | Z33: 293 | AA33: 255 | AB33: =SUM(E33:AA33) -> 6394
A34: 2 | B34: Jumlah surat suara yang digunakan | E34: 207 | F34: 233 | G34: 214 | H34: 262 | I34: 226 | J34: 225 | K34: 186 | L34: 210 | M34: 215 | N34: 195 | O34: 226 | P34: 210 | Q34: 203 | R34: 205 | S34: 231 | T34: 218 | U34: 195 | V34: 175 | W34: 179 | X34: 204 | Y34: 223 | Z34: 230 | AA34: 214 | AB34: =SUM(E34:AA34) -> 4886
A35: 3 | B35: Jumlah surat suara dikembalikan oleh pemilih (karena rusak atau keliru coblos) | E35: 0 | F35: 0 | G35: 0 | H35: 0 | I35: 0 | J35: 0 | K35: 1 | L35: 0 | M35: 0 | N35: 0 | O35: 0 | P35: 0 | Q35: 0 | R35: 0 | S35: 0 | T35: 0 | U35: 2 | V35: 0 | W35: 1 | X35: 0 | Y35: 0 | Z35: 0 | AA35: 0 | AB35: =SUM(E35:AA35) -> 4
A36: 4 | B36: Jumlah surat suara yang tidak digunakan/tidak terpakai, termasuk sisa surat suara cadangan | E36: =E33-(E34+E35) -> 81 | F36: =F33-(F34+F35) -> 50 | G36: =G33-(G34+G35) -> 68 | H36: =H33-(H34+H35) -> 41 | I36: =I33-(I34+I35) -> 48 | J36: =J33-(J34+J35) -> 74 | K36: =K33-(K34+K35) -> 73 | L36: =L33-(L34+L35) -> 84 | ... AA36: =AA33-(AA34+AA35) -> 41 | AB36: =SUM(E36:AA36) -> 1504
A38: III | B38: DATA PEMILIH DISABILITAS
B39: Jumlah seluruh Pemilih disabilitas yang menggunakan hak pilih | D39: LK | Q39: 1 | T39: 0 | U39: 0 | V39: 1 | W39: 0 | X39: 0 | Y39: 0 | Z39: 0 | AA39: 1 | AB39: =SUM(E39:AA39) -> 3
D40: PR | T40: 0 | U40: 0 | V40: 1 | W40: 0 | X40: 0 | Y40: 0 | Z40: 0 | AA40: 0 | AB40: =SUM(E40:AA40) -> 1
D41: JML | E41: =SUM(E39:E40) -> 0 | F41: =SUM(F39:F40) -> 0 | G41: =SUM(G39:G40) -> 0 | H41: =SUM(H39:H40) -> 0 | I41: =SUM(I39:I40) -> 0 | J41: =SUM(J39:J40) -> 0 | K41: =SUM(K39:K40) -> 0 | L41: =SUM(L39:L40) -> 0 | ... AA41: =SUM(AA39:AA40) -> 1 | AB41: =SUM(E41:AA41) -> 4
A43: IV | B43: DATA RINCIAN PEROLEHAN SUARA PASANGAN CALON BUPATI DAN WAKIL BUPATI
A44: NOMOR DAN NAMA CALON
A45: A.1 | B45: 1. | C45: Partai Kebangkitan Bangsa | E45: 20 | F45: 2 | G45: 10 | H45: 9 | I45: 3 | J45: 7 | K45: 3 | L45: 6 | M45: 10 | N45: 10 | O45: 2 | P45: 0 | Q45: 4 | R45: 11 | S45: 5 | T45: 7 | U45: 4 | V45: 1 | W45: 3 | X45: 6 | Y45: 6 | Z45: 4 | AA45: 2 | AB45: =SUM(E45:AA45) -> 135
A46: A.2 | B46: 1 | C46: 1. Dr. Hj. NIHAYATUL WAFIROH, M.A. | E46: 41 | F46: 21 | G46: 27 | H46: 29 | I46: 16 | J46: 22 | K46: 15 | L46: 20 | M46: 15 | N46: 32 | O46: 15 | P46: 10 | Q46: 3 | R46: 28 | S46: 40 | T46: 32 | U46: 17 | V46: 6 | W46: 10 | X46: 19 | Y46: 11 | Z46: 20 | AA46: 16 | AB46: =SUM(E46:AA46) -> 465
B47: 2 | C47: 2. H. M. NASIM KHAN | E47: 0 | F47: 3 | G47: 1 | H47: 1 | I47: 0 | J47: 0 | K47: 3 | L47: 1 | M47: 4 | N47: 6 | O47: 0 | P47: 0 | Q47: 1 | R47: 3 | S47: 1 | T47: 0 | U47: 0 | V47: 1 | W47: 1 | X47: 0 | Y47: 0 | Z47: 2 | AA47: 2 | AB47: =SUM(E47:AA47) -> 30
B48: 3 | C48: 3. Dr. H. AKIK ZAMAN, M.Pd.I. | E48: 1 | F48: 0 | G48: 0 | H48: 0 | I48: 0 | J48: 4 | K48: 2 | L48: 2 | M48: 0 | N48: 1 | O48: 0 | P48: 1 | Q48: 1 | R48: 4 | S48: 0 | T48: 2 | U48: 1 | V48: 0 | W48: 2 | X48: 0 | Y48: 0 | Z48: 1 | AA48: 1 | AB48: =SUM(E48:AA48) -> 23
B49: 4 | C49: 4. AHMAD RIFA'I, S.H. | E49: 0 | F49: 0 | G49: 0 | H49: 0 | I49: 0 | J49: 0 | K49: 2 | L49: 3 | M49: 4 | N49: 2 | O49: 0 | P49: 1 | Q49: 1 | R49: 3 | S49: 2 | T49: 2 | U49: 2 | V49: 3 | W49: 1 | X49: 0 | Y49: 7 | Z49: 4 | AA49: 0 | AB49: =SUM(E49:AA49) -> 37
B50: 5 | C50: 5. Drs. H. MAHFUD M.N. | E50: 1 | F50: 0 | G50: 0 | H50: 0 | I50: 0 | J50: 1 | K50: 0 | L50: 2 | M50: 1 | N50: 2 | O50: 0 | P50: 0 | Q50: 0 | R50: 0 | S50: 0 | T50: 0 | U50: 1 | V50: 0 | W50: 0 | X50: 1 | Y50: 1 | Z50: 1 | AA50: 1 | AB50: =SUM(E50:AA50) -> 12
B51: 6 | C51: 6. NURHAYATI, S.Pd. | E51: 2 | F51: 1 | G51: 4 | H51: 3 | I51: 0 | J51: 0 | K51: 1 | L51: 2 | M51: 4 | N51: 4 | O51: 0 | P51: 0 | Q51: 0 | R51: 3 | S51: 1 | T51: 0 | U51: 0 | V51: 0 | W51: 0 | X51: 1 | Y51: 2 | Z51: 2 | AA51: 2 | AB51: =SUM(E51:AA51) -> 32
B52: 7 | C52: 7. MAFTUHA KISWAH | E52: 0 | F52: 0 | G52: 0 | H52: 3 | I52: 1 | J52: 0 | K52: 0 | L52: 1 | M52: 1 | N52: 1 | O52: 0 | P52: 0 | Q52: 0 | R52: 0 | S52: 2 | T52: 0 | U52: 0 | V52: 0 | W52: 0 | X52: 0 | Y52: 0 | Z52: 0 | AA52: 1 | AB52: =SUM(E52:AA52) -> 10
A55: B | B55: JUMLAH SUARA SAH PARTAI POLITIK DAN CALON (A1 + A2) | E55: =SUM(E45:E54) -> 65 | F55: =SUM(F45:F54) -> 27 | G55: =SUM(G45:G54) -> 42 | H55: =SUM(H45:H54) -> 45 | I55: =SUM(I45:I54) -> 20 | J55: =SUM(J45:J54) -> 34 | K55: =SUM(K45:K54) -> 26 | L55: =SUM(L45:L54) -> 37 | ... AB55: =SUM(AB45:AB54) -> 744
A57: A.1 | B57: 2. | C57: Partai Gerakan Indonesia Raya | E57: 11 | F57: 0 | G57: 6 | H57: 10 | I57: 11 | J57: 15 | K57: 9 | L57: 5 | M57: 7 | N57: 7 | O57: 13 | P57: 4 | Q57: 5 | R57: 10 | S57: 5 | T57: 4 | U57: 4 | V57: 1 | W57: 4 | X57: 10 | Y57: 6 | Z57: 3 | AA57: 6 | AB57: =SUM(E57:AA57) -> 156
A58: A.2 | B58: 1 | C58: 1. SUMAIL ABDULLAH | E58: 4 | F58: 7 | G58: 2 | H58: 4 | I58: 11 | J58: 7 | K58: 5 | L58: 36 | M58: 15 | N58: 12 | O58: 22 | P58: 11 | Q58: 4 | R58: 27 | S58: 2 | T58: 4 | U58: 0 | V58: 12 | W58: 28 | X58: 21 | Y58: 18 | Z58: 1 | AA58: 9 | AB58: =SUM(E58:AA58) -> 262
B59: 2 | C59: 2. MUHAMMAD ALI ADRIAN SALEH | E59: 1 | F59: 1 | G59: 0 | H59: 0 | I59: 1 | J59: 3 | K59: 2 | L59: 6 | M59: 3 | N59: 1 | O59: 2 | P59: 2 | Q59: 0 | R59: 2 | S59: 0 | T59: 1 | U59: 0 | V59: 1 | W59: 1 | X59: 2 | Y59: 3 | Z59: 6 | AA59: 1 | AB59: =SUM(E59:AA59) -> 39
B60: 3 | C60: 3. DURROTUN NAFISAH | E60: 0 | F60: 0 | G60: 1 | H60: 0 | I60: 0 | J60: 1 | K60: 1 | L60: 0 | M60: 0 | N60: 1 | O60: 0 | P60: 0 | Q60: 0 | R60: 2 | S60: 0 | T60: 0 | U60: 2 | V60: 1 | W60: 1 | X60: 1 | Y60: 2 | Z60: 1 | AA60: 1 | AB60: =SUM(E60:AA60) -> 15
B61: 4 | C61: 4. H. EKO SUSILO NURHIDAYAT | E61: 9 | F61: 0 | G61: 7 | H61: 3 | I61: 2 | J61: 3 | K61: 0 | L61: 0 | M61: 1 | N61: 0 | O61: 1 | P61: 2 | Q61: 1 | R61: 1 | S61: 3 | T61: 3 | U61: 2 | V61: 2 | W61: 2 | X61: 4 | Y61: 0 | Z61: 2 | AA61: 4 | AB61: =SUM(E61:AA61) -> 52
B62: 5 | C62: 5. KARNADI HARIJANTO, S.S. | E62: 0 | F62: 0 | G62: 1 | H62: 1 | I62: 0 | J62: 1 | K62: 0 | L62: 3 | M62: 0 | N62: 0 | O62: 0 | P62: 0 | Q62: 0 | R62: 1 | S62: 0 | T62: 0 | U62: 1 | V62: 0 | W62: 0 | X62: 0 | Y62: 0 | Z62: 2 | AA62: 3 | AB62: =SUM(E62:AA62) -> 13
B63: 6 | C63: 6. NURHAYATI | E63: 0 | F63: 2 | G63: 0 | H63: 1 | I63: 0 | J63: 3 | K63: 0 | L63: 2 | M63: 2 | N63: 2 | O63: 1 | P63: 0 | Q63: 1 | R63: 0 | S63: 1 | T63: 0 | U63: 3 | V63: 1 | W63: 1 | X63: 1 | Y63: 0 | Z63: 1 | AA63: 1 | AB63: =SUM(E63:AA63) -> 23
B64: 7 | C64: 7. MASHUDI | E64: 0 | F64: 0 | G64: 0 | H64: 3 | I64: 0 | J64: 0 | K64: 1 | L64: 0 | M64: 0 | N64: 0 | O64: 0 | P64: 0 | Q64: 0 | R64: 0 | S64: 0 | T64: 0 | U64: 0 | V64: 0 | W64: 0 | X64: 0 | Y64: 0 | Z64: 0 | AA64: 0 | AB64: =SUM(E64:AA64) -> 4
A67: B | B67: JUMLAH SUARA SAH PARTAI POLITIK DAN CALON (A1 + A2) | E67: =SUM(E57:E66) -> 25 | F67: =SUM(F57:F66) -> 10 | G67: =SUM(G57:G66) -> 17 | H67: =SUM(H57:H66) -> 22 | I67: =SUM(I57:I66) -> 25 | J67: =SUM(J57:J66) -> 33 | K67: =SUM(K57:K66) -> 18 | L67: =SUM(L57:L66) -> 52 | ... AB67: =SUM(AB57:AB66) -> 564
A69: A.1 | B69: 3. | C69: Partai Demokrasi Indonesia Perjuangan | E69: 14 | F69: 1 | G69: 13 | H69: 17 | I69: 21 | J69: 11 | K69: 13 | L69: 9 | M69: 15 | N69: 10 | O69: 30 | P69: 19 | Q69: 18 | R69: 17 | S69: 8 | T69: 10 | U69: 10 | V69: 20 | W69: 9 | X69: 9 | Y69: 16 | Z69: 23 | AA69: 16 | AB69: =SUM(E69:AA69) -> 329
A70: A.2 | B70: 1 | C70: 1. SONNY TRI DANAPARAMITA, S.H., M.H. | E70: 14 | F70: 8 | G70: 3 | H70: 11 | I70: 15 | J70: 9 | K70: 9 | L70: 8 | M70: 12 | N70: 8 | O70: 23 | P70: 19 | Q70: 19 | R70: 5 | S70: 14 | T70: 8 | U70: 8 | V70: 22 | W70: 26 | X70: 29 | Y70: 60 | Z70: 30 | AA70: 36 | AB70: =SUM(E70:AA70) -> 396
B71: 2 | C71: 2. H. MOHAMAD GUNTUR ROMLI | E71: 6 | F71: 1 | G71: 4 | H71: 4 | I71: 5 | J71: 4 | K71: 4 | L71: 4 | M71: 1 | N71: 4 | O71: 4 | P71: 5 | Q71: 2 | R71: 3 | S71: 2 | T71: 6 | U71: 3 | V71: 3 | W71: 2 | X71: 2 | Y71: 0 | Z71: 2 | AA71: 6 | AB71: =SUM(E71:AA71) -> 77
B72: 3 | C72: 3. INA AMMANIA | E72: 1 | F72: 5 | G72: 3 | H72: 3 | I72: 4 | J72: 4 | K72: 2 | L72: 1 | M72: 3 | N72: 5 | O72: 8 | P72: 7 | Q72: 4 | R72: 3 | S72: 6 | T72: 6 | U72: 2 | V72: 2 | W72: 3 | X72: 5 | Y72: 3 | Z72: 11 | AA72: 5 | AB72: =SUM(E72:AA72) -> 96
B73: 4 | C73: 4. IRWAN BACHTIAR RACHMAT, M.Si. | E73: 0 | F73: 1 | G73: 1 | H73: 0 | I73: 1 | J73: 0 | K73: 1 | L73: 1 | M73: 0 | N73: 0 | O73: 0 | P73: 1 | Q73: 0 | R73: 1 | S73: 0 | T73: 1 | U73: 4 | V73: 1 | W73: 0 | X73: 0 | Y73: 1 | Z73: 1 | AA73: 1 | AB73: =SUM(E73:AA73) -> 16
B74: 5 | C74: 5. LUCKY PERDANA | E74: 5 | F74: 2 | G74: 6 | H74: 11 | I74: 7 | J74: 4 | K74: 8 | L74: 4 | M74: 10 | N74: 2 | O74: 4 | P74: 6 | Q74: 2 | R74: 0 | S74: 4 | T74: 1 | U74: 4 | V74: 0 | W74: 2 | X74: 6 | Y74: 3 | Z74: 3 | AA74: 6 | AB74: =SUM(E74:AA74) -> 100
B75: 6 | C75: 6. WIWIK PUJIYATI | E75: 2 | F75: 2 | G75: 4 | H75: 11 | I75: 6 | J75: 1 | K75: 5 | L75: 0 | M75: 1 | N75: 1 | O75: 17 | P75: 3 | Q75: 2 | R75: 0 | S75: 2 | T75: 1 | U75: 5 | V75: 0 | W75: 2 | X75: 1 | Y75: 1 | Z75: 3 | AA75: 4 | AB75: =SUM(E75:AA75) -> 74
B76: 7 | C76: 7. CHANDRA ASTAN, S.T. | E76: 0 | F76: 0 | G76: 0 | H76: 1 | I76: 1 | J76: 1 | K76: 2 | L76: 0 | M76: 1 | N76: 0 | O76: 0 | P76: 1 | Q76: 0 | R76: 1 | S76: 0 | T76: 0 | U76: 0 | V76: 0 | W76: 0 | X76: 0 | Y76: 0 | Z76: 0 | AA76: 4 | AB76: =SUM(E76:AA76) -> 12
A79: B | B79: JUMLAH SUARA SAH PARTAI POLITIK DAN CALON (A1 + A2) | E79: =SUM(E69:E78) -> 42 | F79: =SUM(F69:F78) -> 20 | G79: =SUM(G69:G78) -> 34 | H79: =SUM(H69:H78) -> 58 | I79: =SUM(I69:I78) -> 60 | J79: =SUM(J69:J78) -> 34 | K79: =SUM(K69:K78) -> 44 | L79: =SUM(L69:L78) -> 27 | ... AB79: =SUM(AB69:AB78) -> 1100
A81: A.1 | B81: 4. | C81: Partai Golongan Karya | E81: 2 | F81: 9 | G81: 5 | H81: 2 | I81: 5 | J81: 2 | K81: 0 | L81: 5 | M81: 3 | N81: 2 | O81: 4 | P81: 4 | Q81: 3 | R81: 2 | S81: 1 | T81: 2 | U81: 1 | V81: 2 | W81: 5 | X81: 3 | Y81: 4 | Z81: 1 | AA81: 3 | AB81: =SUM(E81:AA81) -> 70
A82: A.2 | B82: 1 | C82: 1. ZULFIKAR ARSE SADIKIN, S.I.P., M.Si. | E82: 8 | F82: 133 | G82: 49 | H82: 2 | I82: 9 | J82: 3 | K82: 13 | L82: 7 | M82: 2 | N82: 7 | O82: 4 | P82: 11 | Q82: 2 | R82: 2 | S82: 3 | T82: 3 | U82: 0 | V82: 1 | W82: 17 | X82: 2 | Y82: 2 | Z82: 3 | AA82: 7 | AB82: =SUM(E82:AA82) -> 290
B83: 2 | C83: 2. HANDOKO | E83: 3 | F83: 1 | G83: 7 | H83: 14 | I83: 7 | J83: 5 | K83: 14 | L83: 9 | M83: 12 | N83: 3 | O83: 4 | P83: 21 | Q83: 40 | R83: 4 | S83: 3 | T83: 3 | U83: 3 | V83: 1 | W83: 2 | X83: 7 | Y83: 7 | Z83: 2 | AA83: 9 | AB83: =SUM(E83:AA83) -> 181
B84: 3 | C84: 3. Hj. OVI DEWI YANTI | E84: 0 | F84: 0 | G84: 3 | H84: 1 | I84: 0 | J84: 0 | K84: 1 | L84: 1 | M84: 0 | N84: 0 | O84: 0 | P84: 0 | Q84: 1 | R84: 0 | S84: 0 | T84: 0 | U84: 0 | V84: 0 | W84: 0 | X84: 0 | Y84: 0 | Z84: 0 | AA84: 2 | AB84: =SUM(E84:AA84) -> 9
B85: 4 | C85: 4. Ir. AZAM AZMAN NATAWIJANA | E85: 1 | F85: 0 | G85: 0 | H85: 1 | I85: 1 | J85: 1 | K85: 2 | L85: 0 | M85: 0 | N85: 0 | O85: 0 | P85: 1 | Q85: 1 | R85: 0 | S85: 0 | T85: 0 | U85: 1 | V85: 0 | W85: 0 | X85: 0 | Y85: 0 | Z85: 0 | AA85: 0 | AB85: =SUM(E85:AA85) -> 9
B86: 5 | C86: 5. UBAIDILLAH AMIN, S.Kom. | E86: 0 | F86: 0 | G86: 0 | H86: 4 | I86: 0 | J86: 1 | K86: 1 | L86: 1 | M86: 0 | N86: 1 | O86: 0 | P86: 0 | Q86: 0 | R86: 0 | S86: 0 | T86: 0 | U86: 0 | V86: 0 | W86: 0 | X86: 1 | Y86: 0 | Z86: 0 | AA86: 1 | AB86: =SUM(E86:AA86) -> 10
B87: 6 | C87: 6. DENNY YUNIANDARI, S.H., M.Kn. | E87: 0 | F87: 1 | G87: 0 | H87: 0 | I87: 0 | J87: 0 | K87: 0 | L87: 0 | M87: 0 | N87: 0 | O87: 0 | P87: 0 | Q87: 0 | R87: 0 | S87: 0 | T87: 0 | U87: 0 | V87: 0 | W87: 0 | X87: 0 | Y87: 1 | Z87: 0 | AA87: 0 | AB87: =SUM(E87:AA87) -> 2
B88: 7 | C88: 7. ERNADI, S.H.I. | E88: 0 | F88: 0 | G88: 0 | H88: 0 | I88: 0 | J88: 0 | K88: 0 | L88: 0 | M88: 0 | N88: 0 | O88: 0 | P88: 1 | Q88: 0 | R88: 0 | S88: 0 | T88: 0 | U88: 0 | V88: 0 | W88: 0 | X88: 0 | Y88: 0 | Z88: 0 | AA88: 0 | AB88: =SUM(E88:AA88) -> 1
A91: B | B91: JUMLAH SUARA SAH PARTAI POLITIK DAN CALON (A1 + A2) | E91: =SUM(E81:E90) -> 14 | F91: =SUM(F81:F90) -> 144 | G91: =SUM(G81:G90) -> 64 | H91: =SUM(H81:H90) -> 24 | I91: =SUM(I81:I90) -> 22 | J91: =SUM(J81:J90) -> 12 | K91: =SUM(K81:K90) -> 31 | L91: =SUM(L81:L90) -> 23 | ... AB91: =SUM(AB81:AB90) -> 572
A93: A.1 | B93: 5. | C93: Partai NasDem | E93: 1 | F93: 0 | G93: 1 | H93: 1 | I93: 0 | J93: 0 | K93: 2 | L93: 7 | M93: 11 | N93: 10 | O93: 0 | P93: 6 | Q93: 0 | R93: 1 | S93: 0 | T93: 0 | U93: 1 | V93: 2 | W93: 1 | X93: 1 | Y93: 0 | Z93: 1 | AA93: 0 | AB93: =SUM(E93:AA93) -> 46
A94: A.2 | B94: 1 | C94: 1. ACH. FADIL MUZAKKI SYAH | E94: 2 | F94: 1 | G94: 3 | H94: 1 | I94: 0 | J94: 1 | K94: 1 | L94: 1 | M94: 2 | N94: 4 | O94: 0 | P94: 3 | Q94: 5 | R94: 0 | S94: 11 | T94: 5 | U94: 1 | V94: 3 | W94: 1 | X94: 1 | Y94: 0 | Z94: 0 | AA94: 1 | AB94: =SUM(E94:AA94) -> 47
B95: 2 | C95: 2. BENY | E95: 3 | F95: 0 | G95: 0 | H95: 1 | I95: 3 | J95: 0 | K95: 3 | L95: 0 | M95: 0 | N95: 1 | O95: 16 | P95: 0 | Q95: 0 | R95: 1 | S95: 0 | T95: 1 | U95: 4 | V95: 22 | W95: 15 | X95: 8 | Y95: 5 | Z95: 34 | AA95: 16 | AB95: =SUM(E95:AA95) -> 133
B96: 3 | C96: 3. VINA VERONIKA | E96: 0 | F96: 0 | G96: 1 | H96: 0 | I96: 1 | J96: 0 | K96: 0 | L96: 0 | M96: 0 | N96: 0 | O96: 0 | P96: 1 | Q96: 0 | R96: 0 | S96: 0 | T96: 0 | U96: 0 | V96: 0 | W96: 1 | X96: 0 | Y96: 0 | Z96: 1 | AA96: 0 | AB96: =SUM(E96:AA96) -> 5
B97: 4 | C97: 4. TEDDY ANUGRIANTO | E97: 0 | F97: 0 | G97: 0 | H97: 1 | I97: 0 | J97: 1 | K97: 2 | L97: 0 | M97: 1 | N97: 1 | O97: 0 | P97: 5 | Q97: 0 | R97: 0 | S97: 0 | T97: 1 | U97: 0 | V97: 1 | W97: 0 | X97: 0 | Y97: 2 | Z97: 0 | AA97: 1 | AB97: =SUM(E97:AA97) -> 16
B98: 5 | C98: 5. INSAN KAMIL | E98: 0 | F98: 0 | G98: 0 | H98: 0 | I98: 0 | J98: 0 | K98: 1 | L98: 1 | M98: 1 | N98: 1 | O98: 0 | P98: 0 | Q98: 0 | R98: 0 | S98: 0 | T98: 0 | U98: 0 | V98: 0 | W98: 0 | X98: 0 | Y98: 0 | Z98: 0 | AA98: 0 | AB98: =SUM(E98:AA98) -> 4
B99: 6 | C99: 6. LILIK LINDARWATI | E99: 0 | F99: 1 | G99: 0 | H99: 0 | I99: 0 | J99: 0 | K99: 0 | L99: 0 | M99: 0 | N99: 0 | O99: 0 | P99: 1 | Q99: 0 | R99: 0 | S99: 0 | T99: 0 | U99: 0 | V99: 0 | W99: 0 | X99: 1 | Y99: 0 | Z99: 0 | AA99: 0 | AB99: =SUM(E99:AA99) -> 3
B100: 7 | C100: 7. YULI ANITA | E100: 0 | F100: 0 | G100: 0 | H100: 1 | I100: 0 | J100: 0 | K100: 0 | L100: 0 | M100: 0 | N100: 0 | O100: 0 | P100: 0 | Q100: 0 | R100: 0 | S100: 1 | T100: 0 | U100: 0 | V100: 0 | W100: 0 | X100: 0 | Y100: 0 | Z100: 0 | AA100: 0 | AB100: =SUM(E100:AA100) -> 2
A103: B | B103: JUMLAH SUARA SAH PARTAI POLITIK DAN CALON (A1 + A2) | E103: =SUM(E93:E102) -> 6 | F103: =SUM(F93:F102) -> 2 | G103: =SUM(G93:G102) -> 5 | H103: =SUM(H93:H102) -> 5 | I103: =SUM(I93:I102) -> 4 | J103: =SUM(J93:J102) -> 2 | K103: =SUM(K93:K102) -> 9 | L103: =SUM(L93:L102) -> 9 | ... AB103: =SUM(AB93:AB102) -> 256
A105: A.1 | B105: 6. | C105: Partai Buruh | E105: 0 | F105: 0 | G105: 3 | H105: 2 | I105: 2 | J105: 3 | K105: 1 | L105: 1 | M105: 3 | N105: 2 | O105: 0 | P105: 1 | Q105: 1 | R105: 0 | S105: 0 | T105: 1 | U105: 1 | V105: 0 | W105: 0 | X105: 1 | Y105: 1 | Z105: 0 | AA105: 2 | AB105: =SUM(E105:AA105) -> 25
A106: A.2 | B106: 1 | C106: 1. KHOIRUL ANAM | E106: 0 | F106: 0 | G106: 1 | H106: 1 | I106: 1 | J106: 1 | K106: 0 | L106: 0 | M106: 0 | N106: 0 | O106: 1 | P106: 0 | Q106: 0 | R106: 0 | S106: 0 | T106: 0 | U106: 0 | V106: 0 | W106: 0 | X106: 0 | Y106: 0 | Z106: 0 | AA106: 0 | AB106: =SUM(E106:AA106) -> 5
B107: 2 | C107: 2. INA KURNIA | E107: 0 | F107: 0 | G107: 0 | H107: 0 | I107: 1 | J107: 0 | K107: 0 | L107: 0 | M107: 0 | N107: 0 | O107: 0 | P107: 0 | Q107: 0 | R107: 0 | S107: 0 | T107: 0 | U107: 0 | V107: 0 | W107: 0 | X107: 0 | Y107: 0 | Z107: 0 | AA107: 0 | AB107: =SUM(E107:AA107) -> 1
B108: 3 | C108: 3. JIBRAL TAROUK | E108: 0 | F108: 0 | G108: 0 | H108: 0 | I108: 0 | J108: 0 | K108: 0 | L108: 0 | M108: 0 | N108: 0 | O108: 0 | P108: 0 | Q108: 0 | R108: 0 | S108: 0 | T108: 0 | U108: 0 | V108: 0 | W108: 0 | X108: 0 | Y108: 0 | Z108: 0 | AA108: 0 | AB108: =SUM(E108:AA108) -> 0
B109: 4 | C109: 4. ASTUTI DAENG PUJI | E109: 0 | F109: 0 | G109: 0 | H109: 0 | I109: 0 | J109: 0 | K109: 0 | L109: 0 | M109: 0 | N109: 0 | O109: 0 | P109: 0 | Q109: 0 | R109: 0 | S109: 0 | T109: 0 | U109: 0 | V109: 0 | W109: 0 | X109: 0 | Y109: 0 | Z109: 0 | AA109: 0 | AB109: =SUM(E109:AA109) -> 0
B110: 5 | C110: 5. ASDARMAWAN | E110: 0 | F110: 0 | G110: 0 | H110: 0 | I110: 0 | J110: 0 | K110: 0 | L110: 0 | M110: 0 | N110: 0 | O110: 0 | P110: 0 | Q110: 0 | R110: 0 | S110: 0 | T110: 0 | U110: 0 | V110: 0 | W110: 0 | X110: 0 | Y110: 0 | Z110: 0 | AA110: 0 | AB110: =SUM(E110:AA110) -> 0
B111: 6 | C111: 6. RIFQI MUBAROK | E111: 0 | F111: 0 | G111: 0 | H111: 0 | I111: 0 | J111: 0 | K111: 0 | L111: 0 | M111: 0 | N111: 0 | O111: 0 | P111: 0 | Q111: 0 | R111: 0 | S111: 0 | T111: 0 | U111: 0 | V111: 0 | W111: 0 | X111: 0 | Y111: 0 | Z111: 0 | AA111: 0 | AB111: =SUM(E111:AA111) -> 0
B112: 7 | C112: 7. FIRNANDA ALTA MEGA | E112: 0 | F112: 0 | G112: 0 | H112: 0 | I112: 0 | J112: 0 | K112: 0 | L112: 0 | M112: 0 | N112: 0 | O112: 0 | P112: 0 | Q112: 0 | R112: 0 | S112: 0 | T112: 0 | U112: 0 | V112: 0 | W112: 0 | X112: 0 | Y112: 0 | Z112: 0 | AA112: 0 | AB112: =SUM(E112:AA112) -> 0
A115: B | B115: JUMLAH SUARA SAH PARTAI POLITIK DAN CALON (A1 + A2) | E115: =SUM(E105:E114) -> 0 | F115: =SUM(F105:F114) -> 0 | G115: =SUM(G105:G114) -> 4 | H115: =SUM(H105:H114) -> 3 | I115: =SUM(I105:I114) -> 4 | J115: =SUM(J105:J114) -> 4 | K115: =SUM(K105:K114) -> 1 | L115: =SUM(L105:L114) -> 1 | ... AB115: =SUM(AB105:AB114) -> 31
A117: A.1 | B117: 7. | C117: Partai Gelombang Rakyat Indonesia | E117: 1 | F117: 0 | G117: 0 | H117: 1 | I117: 0 | J117: 1 | K117: 0 | L117: 1 | M117: 0 | N117: 0 | O117: 1 | P117: 1 | Q117: 0 | R117: 1 | S117: 1 | T117: 4 | U117: 1 | V117: 2 | W117: 1 | X117: 0 | Y117: 0 | Z117: 0 | AA117: 0 | AB117: =SUM(E117:AA117) -> 16
A118: A.2 | B118: 1 | C118: 1. TITI WIDORETNO WARISMAN | E118: 1 | F118: 1 | G118: 1 | H118: 0 | I118: 0 | J118: 2 | K118: 0 | L118: 0 | M118: 0 | N118: 0 | O118: 0 | P118: 0 | Q118: 1 | R118: 0 | S118: 1 | T118: 0 | U118: 0 | V118: 0 | W118: 0 | X118: 0 | Y118: 0 | Z118: 0 | AA118: 0 | AB118: =SUM(E118:AA118) -> 7
B119: 2 | C119: 2. MAMIEK SETYANINGSIH | E119: 0 | F119: 0 | G119: 0 | H119: 0 | I119: 0 | J119: 0 | K119: 0 | L119: 1 | M119: 1 | N119: 0 | O119: 0 | P119: 0 | Q119: 0 | R119: 1 | S119: 0 | T119: 0 | U119: 0 | V119: 0 | W119: 0 | X119: 0 | Y119: 0 | Z119: 0 | AA119: 0 | AB119: =SUM(E119:AA119) -> 3
B120: 3 | C120: 3. ROMIL AZIZEN | E120: 0 | F120: 0 | G120: 1 | H120: 0 | I120: 0 | J120: 1 | K120: 0 | L120: 0 | M120: 0 | N120: 0 | O120: 0 | P120: 0 | Q120: 0 | R120: 0 | S120: 0 | T120: 0 | U120: 0 | V120: 0 | W120: 0 | X120: 0 | Y120: 0 | Z120: 0 | AA120: 1 | AB120: =SUM(E120:AA120) -> 3
A127: B | B127: JUMLAH SUARA SAH PARTAI POLITIK DAN CALON (A1 + A2) | E127: =SUM(E117:E126) -> 2 | F127: =SUM(F117:F126) -> 1 | G127: =SUM(G117:G126) -> 2 | H127: =SUM(H117:H126) -> 1 | I127: =SUM(I117:I126) -> 0 | J127: =SUM(J117:J126) -> 4 | K127: =SUM(K117:K126) -> 0 | L127: =SUM(L117:L126) -> 2 | ... AB127: =SUM(AB117:AB126) -> 29
A129: A.1 | B129: 8. | C129: Partai Keadilan Sejahtera | E129: 0 | F129: 0 | G129: 0 | H129: 0 | I129: 0 | J129: 1 | K129: 1 | L129: 0 | M129: 1 | N129: 0 | O129: 0 | P129: 0 | Q129: 0 | R129: 1 | S129: 0 | T129: 1 | U129: 0 | V129: 0 | W129: 0 | X129: 1 | Y129: 0 | Z129: 0 | AA129: 1 | AB129: =SUM(E129:AA129) -> 7
A130: A.2 | B130: 1 | C130: 1. H. SAIMI SALEH, S.E., M.M. | E130: 2 | F130: 1 | G130: 0 | H130: 0 | I130: 3 | J130: 0 | K130: 0 | L130: 1 | M130: 0 | N130: 1 | O130: 0 | P130: 1 | Q130: 0 | R130: 0 | S130: 1 | T130: 0 | U130: 0 | V130: 0 | W130: 0 | X130: 3 | Y130: 9 | Z130: 3 | AA130: 3 | AB130: =SUM(E130:AA130) -> 28
B131: 2 | C131: 2. Prof. Dr. H. EGGI SUDJANA, S.H., M.Si. | E131: 1 | F131: 0 | G131: 1 | H131: 0 | I131: 1 | J131: 1 | K131: 2 | L131: 2 | M131: 0 | N131: 0 | O131: 1 | P131: 0 | Q131: 0 | R131: 1 | S131: 0 | T131: 0 | U131: 0 | V131: 1 | W131: 0 | X131: 0 | Y131: 0 | Z131: 1 | AA131: 1 | AB131: =SUM(E131:AA131) -> 13
B132: 3 | C132: 3. NURUL KHOTIMAH | E132: 0 | F132: 0 | G132: 0 | H132: 0 | I132: 0 | J132: 0 | K132: 0 | L132: 0 | M132: 0 | N132: 0 | O132: 0 | P132: 0 | Q132: 0 | R132: 1 | S132: 0 | T132: 0 | U132: 0 | V132: 0 | W132: 1 | X132: 0 | Y132: 0 | Z132: 0 | AA132: 0 | AB132: =SUM(E132:AA132) -> 2
B133: 4 | C133: 4. AKHMAD SUYANTO, S.T., M.T. | E133: 0 | F133: 0 | G133: 0 | H133: 0 | I133: 0 | J133: 0 | K133: 0 | L133: 0 | M133: 0 | N133: 0 | O133: 0 | P133: 0 | Q133: 0 | R133: 0 | S133: 0 | T133: 0 | U133: 0 | V133: 0 | W133: 0 | X133: 2 | Y133: 0 | Z133: 0 | AA133: 0 | AB133: =SUM(E133:AA133) -> 2
B134: 5 | C134: 5. PUJIYATNI | E134: 0 | F134: 1 | G134: 0 | H134: 0 | I134: 0 | J134: 0 | K134: 0 | L134: 0 | M134: 0 | N134: 0 | O134: 0 | P134: 0 | Q134: 0 | R134: 0 | S134: 0 | T134: 0 | U134: 0 | V134: 0 | W134: 0 | X134: 0 | Y134: 0 | Z134: 0 | AA134: 0 | AB134: =SUM(E134:AA134) -> 1
B135: 6 | C135: 6. HENI PURWATININGSIH | E135: 0 | F135: 0 | G135: 0 | H135: 0 | I135: 0 | J135: 0 | K135: 0 | L135: 0 | M135: 0 | N135: 0 | O135: 0 | P135: 0 | Q135: 0 | R135: 0 | S135: 0 | T135: 0 | U135: 0 | V135: 0 | W135: 0 | X135: 0 | Y135: 0 | Z135: 0 | AA135: 0 | AB135: =SUM(E135:AA135) -> 0
B136: 7 | C136: 7. MUHADI | E136: 0 | F136: 0 | G136: 0 | H136: 0 | I136: 0 | J136: 0 | K136: 0 | L136: 0 | M136: 0 | N136: 0 | O136: 0 | P136: 0 | Q136: 0 | R136: 0 | S136: 0 | T136: 0 | U136: 0 | V136: 0 | W136: 0 | X136: 1 | Y136: 0 | Z136: 0 | AA136: 0 | AB136: =SUM(E136:AA136) -> 1
...

Sheet WRINGINREJO
C2: Kecamatan | D2: GAMBIRAN
C3: Kabupaten | D3: BANYUWANGI
C4: Provinsi | D4: JAWA TIMUR
C9: Kelurahan | D9: WRINGINREJO
A12: I | B12: DATA PEMILIH DAN PENGGUNAAN HAK PILIH | X12: JUMLAH AKHIR
A13: A | B13: DATA PEMILIH | E13: TPS 001 | F13: TPS 002 | G13: TPS 003 | H13: TPS 004 | I13: TPS 005 | J13: TPS 006 | K13: TPS 007 | L13: TPS 008 | M13: TPS 009 | N13: TPS 010 | O13: TPS 011 | P13: TPS 012 | Q13: TPS 013 | R13: TPS 014 | S13: TPS 015 | T13: TPS 016 | U13: TPS 017 | V13: TPS 018 | W13: TPS 019
B14: Jumlah Pemilih dalam Daftar Pemilih Tetap (DPT) | D14: LK | E14: 151 | F14: 137 | G14: 138 | H14: 147 | I14: 148 | J14: 147 | K14: 144 | L14: 126 | M14: 145 | N14: 153 | O14: 152 | P14: 108 | Q14: 139 | R14: 106 | S14: 135 | T14: 127 | U14: 101 | V14: 119 | W14: 119 | X14: =SUM(E14:W14) -> 2542
D15: PR | E15: 142 | F15: 156 | G15: 150 | H15: 146 | I15: 136 | J15: 150 | K15: 151 | L15: 126 | M15: 148 | N15: 143 | O15: 134 | P15: 106 | Q15: 141 | R15: 110 | S15: 135 | T15: 140 | U15: 108 | V15: 110 | W15: 124 | X15: =SUM(E15:W15) -> 2556
D16: JML | E16: =SUM(E14:E15) -> 293 | F16: =SUM(F14:F15) -> 293 | G16: =SUM(G14:G15) -> 288 | H16: =SUM(H14:H15) -> 293 | I16: =SUM(I14:I15) -> 284 | J16: =SUM(J14:J15) -> 297 | K16: =SUM(K14:K15) -> 295 | L16: =SUM(L14:L15) -> 252 | ... W16: =SUM(W14:W15) -> 243 | X16: =SUM(E16:W16) -> 5098
A18: B | B18: PENGGUNA HAK PILIH
B19: 1. | C19: Jumlah pengguna hak pilih dalam Daftar Pemilih Tetap (DPT) | D19: LK | E19: 112 | F19: 126 | G19: 106 | H19: 112 | I19: 104 | J19: 100 | K19: 104 | L19: 91 | M19: 119 | N19: 105 | O19: 108 | P19: 97 | Q19: 106 | R19: 74 | S19: 97 | T19: 98 | U19: 84 | V19: 89 | W19: 95 | X19: =SUM(E19:W19) -> 1927
D20: PR | E20: 106 | F20: 105 | G20: 126 | H20: 119 | I20: 106 | J20: 124 | K20: 119 | L20: 104 | M20: 111 | N20: 109 | O20: 95 | P20: 86 | Q20: 112 | R20: 77 | S20: 110 | T20: 107 | U20: 89 | V20: 87 | W20: 87 | X20: =SUM(E20:W20) -> 1979
D21: JML | E21: =SUM(E19:E20) -> 218 | F21: =SUM(F19:F20) -> 231 | G21: =SUM(G19:G20) -> 232 | H21: =SUM(H19:H20) -> 231 | I21: =SUM(I19:I20) -> 210 | J21: =SUM(J19:J20) -> 224 | K21: =SUM(K19:K20) -> 223 | L21: =SUM(L19:L20) -> 195 | ... W21: =SUM(W19:W20) -> 182 | X21: =SUM(E21:W21) -> 3906
B22: 2. | C22: Jumlah pengguna hak pilih dalam Daftar Pemilih Tambahan (DPTb) | D22: LK | X22: =SUM(E22:W22) -> 0
D23: PR | X23: =SUM(E23:W23) -> 0
D24: JML | E24: =SUM(E22:E23) -> 0 | F24: =SUM(F22:F23) -> 0 | G24: =SUM(G22:G23) -> 0 | H24: =SUM(H22:H23) -> 0 | I24: =SUM(I22:I23) -> 0 | J24: =SUM(J22:J23) -> 0 | K24: =SUM(K22:K23) -> 0 | L24: =SUM(L22:L23) -> 0 | ... W24: =SUM(W22:W23) -> 0 | X24: =SUM(E24:W24) -> 0
B25: 3. | C25: Jumlah pengguna hak pilih dalam Daftar Pemilih Khusus (DPK) | D25: LK | E25: 1 | F25: 0 | G25: 0 | H25: 0 | I25: 1 | J25: 2 | K25: 1 | L25: 0 | M25: 2 | N25: 1 | O25: 3 | P25: 0 | Q25: 1 | R25: 12 | S25: 2 | T25: 0 | U25: 11 | V25: 3 | W25: 1 | X25: =SUM(E25:W25) -> 41
D26: PR | E26: 1 | F26: 0 | G26: 0 | H26: 5 | I26: 0 | J26: 1 | K26: 1 | L26: 0 | M26: 1 | N26: 3 | O26: 2 | P26: 2 | Q26: 1 | R26: 12 | S26: 1 | T26: 0 | U26: 14 | V26: 2 | W26: 3 | X26: =SUM(E26:W26) -> 49
D27: JML | E27: =SUM(E25:E26) -> 2 | F27: =SUM(F25:F26) -> 0 | G27: =SUM(G25:G26) -> 0 | H27: =SUM(H25:H26) -> 5 | I27: =SUM(I25:I26) -> 1 | J27: =SUM(J25:J26) -> 3 | K27: =SUM(K25:K26) -> 2 | L27: =SUM(L25:L26) -> 0 | ... W27: =SUM(W25:W26) -> 4 | X27: =SUM(E27:W27) -> 90
B28: 4. | C28: Jumlah Pengguna Hak Pilih (B.1+B.2+B.3) | D28: LK | E28: =SUM(E19,E22,E25) -> 113 | F28: =SUM(F19,F22,F25) -> 126 | G28: =SUM(G19,G22,G25) -> 106 | H28: =SUM(H19,H22,H25) -> 112 | I28: =SUM(I19,I22,I25) -> 105 | J28: =SUM(J19,J22,J25) -> 102 | K28: =SUM(K19,K22,K25) -> 105 | L28: =SUM(L19,L22,L25) -> 91 | ... W28: =SUM(W19,W22,W25) -> 96 | X28: =SUM(E28:W28) -> 1968
D29: PR | E29: =SUM(E20,E23,E26) -> 107 | F29: =SUM(F20,F23,F26) -> 105 | G29: =SUM(G20,G23,G26) -> 126 | H29: =SUM(H20,H23,H26) -> 124 | I29: =SUM(I20,I23,I26) -> 106 | J29: =SUM(J20,J23,J26) -> 125 | K29: =SUM(K20,K23,K26) -> 120 | L29: =SUM(L20,L23,L26) -> 104 | ... W29: =SUM(W20,W23,W26) -> 90 | X29: =SUM(E29:W29) -> 2028
D30: JML | E30: =SUM(E28:E29) -> 220 | F30: =SUM(F28:F29) -> 231 | G30: =SUM(G28:G29) -> 232 | H30: =SUM(H28:H29) -> 236 | I30: =SUM(I28:I29) -> 211 | J30: =SUM(J28:J29) -> 227 | K30: =SUM(K28:K29) -> 225 | L30: =SUM(L28:L29) -> 195 | ... W30: =SUM(W28:W29) -> 186 | X30: =SUM(E30:W30) -> 3996
A32: II | B32: DATA PENGGUNAAN SURAT SUARA
A33: 1 | B33: Jumlah surat suara yang diterima, termasuk surat suara cadangan 2,5% dari DPT | E33: 300 | F33: 299 | G33: 295 | H33: 299 | I33: 290 | J33: 303 | K33: 301 | L33: 258 | M33: 299 | N33: 302 | O33: 292 | P33: 219 | Q33: 286 | R33: 221 | S33: 276 | T33: 273 | U33: 214 | V33: 244 | W33: 248 | X33: =SUM(E33:W33) -> 5219
A34: 2 | B34: Jumlah surat suara yang digunakan | E34: 220 | F34: 231 | G34: 232 | H34: 236 | I34: 211 | J34: 227 | K34: 225 | L34: 195 | M34: 233 | N34: 218 | O34: 208 | P34: 185 | Q34: 220 | R34: 175 | S34: 210 | T34: 205 | U34: 198 | V34: 181 | W34: 186 | X34: =SUM(E34:W34) -> 3996
A35: 3 | B35: Jumlah surat suara dikembalikan oleh pemilih (karena rusak atau keliru coblos) | E35: 0 | F35: 1 | G35: 0 | H35: 1 | I35: 0 | J35: 0 | K35: 0 | L35: 0 | M35: 4 | N35: 0 | O35: 1 | P35: 0 | Q35: 0 | R35: 0 | S35: 0 | X35: =SUM(E35:W35) -> 7
A36: 4 | B36: Jumlah surat suara yang tidak digunakan/tidak terpakai, termasuk sisa surat suara cadangan | E36: =E33-(E34+E35) -> 80 | F36: =F33-(F34+F35) -> 67 | G36: =G33-(G34+G35) -> 63 | H36: =H33-(H34+H35) -> 62 | I36: =I33-(I34+I35) -> 79 | J36: =J33-(J34+J35) -> 76 | K36: =K33-(K34+K35) -> 76 | L36: =L33-(L34+L35) -> 63 | ... W36: =W33-(W34+W35) -> 62 | X36: =SUM(E36:W36) -> 1216
A38: III | B38: DATA PEMILIH DISABILITAS
B39: Jumlah seluruh Pemilih disabilitas yang menggunakan hak pilih | D39: LK | E39: 0 | F39: 0 | G39: 5 | H39: 0 | I39: 0 | J39: 0 | K39: 0 | L39: 0 | M39: 0 | N39: 0 | O39: 0 | P39: 0 | Q39: 0 | R39: 0 | S39: 0 | V39: 4 | X39: =SUM(E39:W39) -> 9
D40: PR | E40: 0 | F40: 0 | G40: 5 | H40: 5 | I40: 0 | J40: 0 | K40: 0 | L40: 0 | M40: 0 | N40: 0 | O40: 0 | P40: 2 | Q40: 0 | R40: 2 | S40: 0 | V40: 2 | X40: =SUM(E40:W40) -> 16
D41: JML | E41: =SUM(E39:E40) -> 0 | F41: =SUM(F39:F40) -> 0 | G41: =SUM(G39:G40) -> 10 | H41: =SUM(H39:H40) -> 5 | I41: =SUM(I39:I40) -> 0 | J41: =SUM(J39:J40) -> 0 | K41: =SUM(K39:K40) -> 0 | L41: =SUM(L39:L40) -> 0 | ... W41: =SUM(W39:W40) -> 0 | X41: =SUM(E41:W41) -> 25
A43: IV | B43: DATA RINCIAN PEROLEHAN SUARA PASANGAN CALON BUPATI DAN WAKIL BUPATI
A44: NOMOR DAN NAMA CALON
A45: A.1 | B45: 1. | C45: Partai Kebangkitan Bangsa | E45: 6 | F45: 11 | G45: 8 | H45: 9 | I45: 6 | J45: 6 | K45: 4 | L45: 9 | M45: 12 | N45: 8 | O45: 10 | P45: 0 | Q45: 13 | R45: 2 | S45: 13 | T45: 3 | U45: 3 | V45: 2 | W45: 2 | X45: =SUM(E45:W45) -> 127
A46: A.2 | B46: 1 | C46: 1. Dr. Hj. NIHAYATUL WAFIROH, M.A. | E46: 22 | F46: 44 | G46: 39 | H46: 23 | I46: 16 | J46: 34 | K46: 14 | L46: 30 | M46: 32 | N46: 35 | O46: 26 | P46: 3 | Q46: 26 | R46: 20 | S46: 21 | T46: 31 | U46: 7 | V46: 17 | W46: 7 | X46: =SUM(E46:W46) -> 447
B47: 2 | C47: 2. H. M. NASIM KHAN | E47: 4 | F47: 1 | G47: 1 | H47: 4 | I47: 2 | J47: 6 | K47: 1 | L47: 3 | M47: 3 | N47: 1 | O47: 2 | P47: 0 | Q47: 3 | R47: 1 | S47: 7 | T47: 2 | U47: 0 | V47: 1 | W47: 0 | X47: =SUM(E47:W47) -> 42
B48: 3 | C48: 3. Dr. H. AKIK ZAMAN, M.Pd.I. | E48: 1 | F48: 12 | G48: 2 | H48: 0 | I48: 1 | J48: 1 | K48: 0 | L48: 1 | M48: 2 | N48: 0 | O48: 3 | P48: 0 | Q48: 1 | R48: 1 | S48: 1 | T48: 1 | U48: 0 | V48: 1 | W48: 0 | X48: =SUM(E48:W48) -> 28
B49: 4 | C49: 4. AHMAD RIFA'I, S.H. | E49: 0 | F49: 0 | G49: 1 | H49: 1 | I49: 0 | J49: 0 | K49: 1 | L49: 1 | M49: 3 | N49: 1 | O49: 2 | P49: 0 | Q49: 1 | R49: 1 | S49: 0 | T49: 4 | U49: 0 | V49: 0 | W49: 1 | X49: =SUM(E49:W49) -> 17
B50: 5 | C50: 5. Drs. H. MAHFUD M.N. | E50: 0 | F50: 0 | G50: 0 | H50: 2 | I50: 1 | J50: 0 | K50: 2 | L50: 0 | M50: 3 | N50: 1 | O50: 1 | P50: 0 | Q50: 1 | R50: 0 | S50: 0 | T50: 1 | U50: 0 | V50: 0 | W50: 1 | X50: =SUM(E50:W50) -> 13
B51: 6 | C51: 6. NURHAYATI, S.Pd. | E51: 1 | F51: 1 | G51: 0 | H51: 1 | I51: 1 | J51: 1 | K51: 0 | L51: 0 | M51: 0 | N51: 2 | O51: 3 | P51: 0 | Q51: 3 | R51: 4 | S51: 1 | T51: 2 | U51: 0 | V51: 1 | W51: 0 | X51: =SUM(E51:W51) -> 21
B52: 7 | C52: 7. MAFTUHA KISWAH | E52: 0 | F52: 0 | G52: 0 | H52: 1 | I52: 1 | J52: 0 | K52: 1 | L52: 1 | M52: 0 | N52: 1 | O52: 0 | P52: 0 | Q52: 1 | R52: 0 | S52: 0 | T52: 0 | U52: 0 | V52: 1 | W52: 0 | X52: =SUM(E52:W52) -> 7
A55: B | B55: JUMLAH SUARA SAH PARTAI POLITIK DAN CALON (A1 + A2) | E55: =SUM(E45:E54) -> 34 | F55: =SUM(F45:F54) -> 69 | G55: =SUM(G45:G54) -> 51 | H55: =SUM(H45:H54) -> 41 | I55: =SUM(I45:I54) -> 28 | J55: =SUM(J45:J54) -> 48 | K55: =SUM(K45:K54) -> 23 | L55: =SUM(L45:L54) -> 45 | ... X55: =SUM(X45:X54) -> 702
A57: A.1 | B57: 2. | C57: Partai Gerakan Indonesia Raya | E57: 6 | F57: 13 | G57: 16 | H57: 7 | I57: 10 | J57: 16 | K57: 15 | L57: 16 | M57: 19 | N57: 8 | O57: 16 | P57: 9 | Q57: 9 | R57: 7 | S57: 13 | T57: 17 | U57: 13 | V57: 12 | W57: 8 | X57: =SUM(E57:W57) -> 230
A58: A.2 | B58: 1 | C58: 1. SUMAIL ABDULLAH | E58: 17 | F58: 23 | G58: 15 | H58: 11 | I58: 15 | J58: 24 | K58: 34 | L58: 4 | M58: 18 | N58: 21 | O58: 16 | P58: 6 | Q58: 7 | R58: 6 | S58: 5 | T58: 8 | U58: 19 | V58: 7 | W58: 7 | X58: =SUM(E58:W58) -> 263
B59: 2 | C59: 2. MUHAMMAD ALI ADRIAN SALEH | E59: 3 | F59: 3 | G59: 3 | H59: 3 | I59: 6 | J59: 5 | K59: 7 | L59: 6 | M59: 9 | N59: 3 | O59: 6 | P59: 0 | Q59: 4 | R59: 3 | S59: 3 | T59: 3 | U59: 4 | V59: 3 | W59: 3 | X59: =SUM(E59:W59) -> 77
B60: 3 | C60: 3. DURROTUN NAFISAH | E60: 0 | F60: 6 | G60: 2 | H60: 1 | I60: 0 | J60: 2 | K60: 2 | L60: 1 | M60: 3 | N60: 2 | O60: 2 | P60: 0 | Q60: 4 | R60: 0 | S60: 1 | T60: 1 | U60: 2 | V60: 0 | W60: 1 | X60: =SUM(E60:W60) -> 30
B61: 4 | C61: 4. H. EKO SUSILO NURHIDAYAT | E61: 4 | F61: 3 | G61: 1 | H61: 3 | I61: 2 | J61: 2 | K61: 3 | L61: 3 | M61: 1 | N61: 1 | O61: 1 | P61: 0 | Q61: 3 | R61: 1 | S61: 3 | T61: 1 | U61: 1 | V61: 0 | W61: 0 | X61: =SUM(E61:W61) -> 33
B62: 5 | C62: 5. KARNADI HARIJANTO, S.S. | E62: 0 | F62: 0 | G62: 0 | H62: 0 | I62: 0 | J62: 0 | K62: 0 | L62: 0 | M62: 0 | N62: 1 | O62: 0 | P62: 0 | Q62: 1 | R62: 0 | S62: 0 | T62: 0 | U62: 0 | V62: 1 | W62: 0 | X62: =SUM(E62:W62) -> 3
B63: 6 | C63: 6. NURHAYATI | E63: 2 | F63: 2 | G63: 2 | H63: 2 | I63: 0 | J63: 1 | K63: 1 | L63: 5 | M63: 0 | N63: 0 | O63: 1 | P63: 1 | Q63: 2 | R63: 0 | S63: 1 | T63: 2 | U63: 1 | V63: 0 | W63: 0 | X63: =SUM(E63:W63) -> 23
B64: 7 | C64: 7. MASHUDI | E64: 0 | F64: 0 | G64: 0 | H64: 1 | I64: 0 | J64: 0 | K64: 1 | L64: 0 | M64: 1 | N64: 1 | O64: 1 | P64: 0 | Q64: 1 | R64: 0 | S64: 0 | T64: 0 | U64: 0 | V64: 0 | W64: 1 | X64: =SUM(E64:W64) -> 7
A67: B | B67: JUMLAH SUARA SAH PARTAI POLITIK DAN CALON (A1 + A2) | E67: =SUM(E57:E66) -> 32 | F67: =SUM(F57:F66) -> 50 | G67: =SUM(G57:G66) -> 39 | H67: =SUM(H57:H66) -> 28 | I67: =SUM(I57:I66) -> 33 | J67: =SUM(J57:J66) -> 50 | K67: =SUM(K57:K66) -> 63 | L67: =SUM(L57:L66) -> 35 | ... X67: =SUM(X57:X66) -> 666
A69: A.1 | B69: 3. | C69: Partai Demokrasi Indonesia Perjuangan | E69: 9 | F69: 6 | G69: 9 | H69: 6 | I69: 23 | J69: 10 | K69: 10 | L69: 15 | M69: 12 | N69: 10 | O69: 9 | P69: 38 | Q69: 12 | R69: 11 | S69: 13 | T69: 7 | U69: 18 | V69: 11 | W69: 9 | X69: =SUM(E69:W69) -> 238
A70: A.2 | B70: 1 | C70: 1. SONNY TRI DANAPARAMITA, S.H., M.H. | E70: 9 | F70: 7 | G70: 7 | H70: 5 | I70: 25 | J70: 23 | K70: 12 | L70: 8 | M70: 11 | N70: 5 | O70: 4 | P70: 11 | Q70: 9 | R70: 19 | S70: 10 | T70: 4 | U70: 7 | V70: 3 | W70: 3 | X70: =SUM(E70:W70) -> 182
B71: 2 | C71: 2. H. MOHAMAD GUNTUR ROMLI | E71: 0 | F71: 1 | G71: 2 | H71: 2 | I71: 1 | J71: 4 | K71: 3 | L71: 4 | M71: 0 | N71: 1 | O71: 2 | P71: 3 | Q71: 1 | R71: 2 | S71: 3 | T71: 1 | U71: 4 | V71: 1 | W71: 5 | X71: =SUM(E71:W71) -> 40
B72: 3 | C72: 3. INA AMMANIA | E72: 16 | F72: 30 | G72: 35 | H72: 2 | I72: 24 | J72: 18 | K72: 15 | L72: 18 | M72: 19 | N72: 50 | O72: 31 | P72: 79 | Q72: 42 | R72: 32 | S72: 38 | T72: 25 | U72: 36 | V72: 33 | W72: 30 | X72: =SUM(E72:W72) -> 573
B73: 4 | C73: 4. IRWAN BACHTIAR RACHMAT, M.Si. | E73: 1 | F73: 0 | G73: 0 | H73: 1 | I73: 0 | J73: 4 | K73: 3 | L73: 0 | M73: 0 | N73: 1 | O73: 0 | P73: 1 | Q73: 0 | R73: 1 | S73: 1 | T73: 1 | U73: 0 | V73: 2 | W73: 1 | X73: =SUM(E73:W73) -> 17
B74: 5 | C74: 5. LUCKY PERDANA | E74: 5 | F74: 3 | G74: 3 | H74: 7 | I74: 8 | J74: 7 | K74: 3 | L74: 5 | M74: 5 | N74: 5 | O74: 5 | P74: 2 | Q74: 8 | R74: 1 | S74: 4 | T74: 3 | U74: 3 | V74: 0 | W74: 2 | X74: =SUM(E74:W74) -> 79
B75: 6 | C75: 6. WIWIK PUJIYATI | E75: 1 | F75: 1 | G75: 0 | H75: 1 | I75: 2 | J75: 4 | K75: 3 | L75: 1 | M75: 0 | N75: 1 | O75: 1 | P75: 0 | Q75: 2 | R75: 0 | S75: 2 | T75: 1 | U75: 1 | V75: 3 | W75: 1 | X75: =SUM(E75:W75) -> 25
B76: 7 | C76: 7. CHANDRA ASTAN, S.T. | E76: 0 | F76: 1 | G76: 2 | H76: 2 | I76: 3 | J76: 0 | K76: 22 | L76: 1 | M76: 0 | N76: 0 | O76: 1 | P76: 0 | Q76: 1 | R76: 0 | S76: 0 | T76: 1 | U76: 1 | V76: 1 | W76: 0 | X76: =SUM(E76:W76) -> 36
A79: B | B79: JUMLAH SUARA SAH PARTAI POLITIK DAN CALON (A1 + A2) | E79: =SUM(E69:E78) -> 41 | F79: =SUM(F69:F78) -> 49 | G79: =SUM(G69:G78) -> 58 | H79: =SUM(H69:H78) -> 26 | I79: =SUM(I69:I78) -> 86 | J79: =SUM(J69:J78) -> 70 | K79: =SUM(K69:K78) -> 71 | L79: =SUM(L69:L78) -> 52 | ... X79: =SUM(X69:X78) -> 1190
A81: A.1 | B81: 4. | C81: Partai Golongan Karya | E81: 4 | F81: 0 | G81: 2 | H81: 2 | I81: 1 | J81: 1 | K81: 3 | L81: 4 | M81: 1 | N81: 1 | O81: 2 | P81: 3 | Q81: 5 | R81: 3 | S81: 2 | T81: 3 | U81: 2 | V81: 2 | W81: 5 | X81: =SUM(E81:W81) -> 46
A82: A.2 | B82: 1 | C82: 1. ZULFIKAR ARSE SADIKIN, S.I.P., M.Si. | E82: 13 | F82: 7 | G82: 3 | H82: 4 | I82: 3 | J82: 0 | K82: 1 | L82: 0 | M82: 2 | N82: 4 | O82: 2 | P82: 0 | Q82: 4 | R82: 4 | S82: 3 | T82: 6 | U82: 25 | V82: 48 | W82: 27 | X82: =SUM(E82:W82) -> 156
B83: 2 | C83: 2. HANDOKO | E83: 5 | F83: 2 | G83: 3 | H83: 1 | I83: 3 | J83: 2 | K83: 3 | L83: 3 | M83: 5 | N83: 3 | O83: 1 | P83: 0 | Q83: 3 | R83: 4 | S83: 4 | T83: 7 | U83: 5 | V83: 5 | W83: 1 | X83: =SUM(E83:W83) -> 60
B84: 3 | C84: 3. Hj. OVI DEWI YANTI | E84: 0 | F84: 0 | G84: 0 | H84: 0 | I84: 0 | J84: 0 | K84: 0 | L84: 2 | M84: 0 | N84: 0 | O84: 1 | P84: 0 | Q84: 2 | R84: 0 | S84: 0 | T84: 0 | U84: 0 | V84: 0 | W84: 3 | X84: =SUM(E84:W84) -> 8
B85: 4 | C85: 4. Ir. AZAM AZMAN NATAWIJANA | E85: 1 | F85: 0 | G85: 0 | H85: 0 | I85: 0 | J85: 0 | K85: 0 | L85: 0 | M85: 0 | N85: 0 | O85: 0 | P85: 0 | Q85: 0 | R85: 2 | S85: 0 | T85: 0 | U85: 2 | V85: 1 | W85: 0 | X85: =SUM(E85:W85) -> 6
B86: 5 | C86: 5. UBAIDILLAH AMIN, S.Kom. | E86: 1 | F86: 0 | G86: 0 | H86: 1 | I86: 0 | J86: 0 | K86: 0 | L86: 0 | M86: 0 | N86: 1 | O86: 0 | P86: 0 | Q86: 1 | R86: 0 | S86: 1 | T86: 2 | U86: 1 | V86: 1 | W86: 1 | X86: =SUM(E86:W86) -> 10
B87: 6 | C87: 6. DENNY YUNIANDARI, S.H., M.Kn. | E87: 0 | F87: 0 | G87: 0 | H87: 0 | I87: 0 | J87: 0 | K87: 1 | L87: 0 | M87: 0 | N87: 0 | O87: 0 | P87: 0 | Q87: 0 | R87: 0 | S87: 0 | T87: 0 | U87: 0 | V87: 0 | W87: 0 | X87: =SUM(E87:W87) -> 1
B88: 7 | C88: 7. ERNADI, S.H.I. | E88: 0 | F88: 0 | G88: 0 | H88: 0 | I88: 0 | J88: 0 | K88: 0 | L88: 0 | M88: 0 | N88: 0 | O88: 0 | P88: 0 | Q88: 0 | R88: 0 | S88: 0 | T88: 0 | U88: 0 | V88: 0 | W88: 0 | X88: =SUM(E88:W88) -> 0
A91: B | B91: JUMLAH SUARA SAH PARTAI POLITIK DAN CALON (A1 + A2) | E91: =SUM(E81:E90) -> 24 | F91: =SUM(F81:F90) -> 9 | G91: =SUM(G81:G90) -> 8 | H91: =SUM(H81:H90) -> 8 | I91: =SUM(I81:I90) -> 7 | J91: =SUM(J81:J90) -> 3 | K91: =SUM(K81:K90) -> 8 | L91: =SUM(L81:L90) -> 9 | ... X91: =SUM(X81:X90) -> 287
A93: A.1 | B93: 5. | C93: Partai NasDem | E93: 1 | F93: 0 | G93: 2 | H93: 0 | I93: 0 | J93: 1 | K93: 0 | L93: 4 | M93: 1 | N93: 0 | O93: 0 | P93: 0 | Q93: 1 | R93: 0 | S93: 2 | T93: 0 | U93: 0 | V93: 0 | W93: 0 | X93: =SUM(E93:W93) -> 12
A94: A.2 | B94: 1 | C94: 1. ACH. FADIL MUZAKKI SYAH | E94: 1 | F94: 1 | G94: 0 | H94: 1 | I94: 0 | J94: 3 | K94: 0 | L94: 0 | M94: 0 | N94: 0 | O94: 0 | P94: 0 | Q94: 0 | R94: 1 | S94: 1 | T94: 1 | U94: 0 | V94: 0 | W94: 0 | X94: =SUM(E94:W94) -> 9
B95: 2 | C95: 2. BENY | E95: 0 | F95: 0 | G95: 0 | H95: 0 | I95: 0 | J95: 0 | K95: 0 | L95: 0 | M95: 0 | N95: 0 | O95: 0 | P95: 0 | Q95: 0 | R95: 0 | S95: 0 | T95: 0 | U95: 0 | V95: 0 | W95: 0 | X95: =SUM(E95:W95) -> 0
B96: 3 | C96: 3. VINA VERONIKA | E96: 0 | F96: 0 | G96: 0 | H96: 0 | I96: 0 | J96: 0 | K96: 0 | L96: 0 | M96: 0 | N96: 0 | O96: 0 | P96: 0 | Q96: 0 | R96: 0 | S96: 0 | T96: 0 | U96: 0 | V96: 0 | W96: 0 | X96: =SUM(E96:W96) -> 0
B97: 4 | C97: 4. TEDDY ANUGRIANTO | E97: 4 | F97: 1 | G97: 0 | H97: 4 | I97: 0 | J97: 0 | K97: 2 | L97: 0 | M97: 1 | N97: 1 | O97: 0 | P97: 1 | Q97: 0 | R97: 0 | S97: 1 | T97: 0 | U97: 0 | V97: 0 | W97: 0 | X97: =SUM(E97:W97) -> 15
B98: 5 | C98: 5. INSAN KAMIL | E98: 0 | F98: 1 | G98: 0 | H98: 0 | I98: 0 | J98: 0 | K98: 1 | L98: 0 | M98: 4 | N98: 2 | O98: 0 | P98: 0 | Q98: 0 | R98: 0 | S98: 0 | T98: 1 | U98: 0 | V98: 0 | W98: 0 | X98: =SUM(E98:W98) -> 9
B99: 6 | C99: 6. LILIK LINDARWATI | E99: 0 | F99: 0 | G99: 1 | H99: 0 | I99: 0 | J99: 1 | K99: 0 | L99: 0 | M99: 1 | N99: 0 | O99: 0 | P99: 0 | Q99: 0 | R99: 0 | S99: 0 | T99: 0 | U99: 0 | V99: 0 | W99: 0 | X99: =SUM(E99:W99) -> 3
B100: 7 | C100: 7. YULI ANITA | E100: 0 | F100: 0 | G100: 1 | H100: 0 | I100: 0 | J100: 0 | K100: 0 | L100: 0 | M100: 0 | N100: 0 | O100: 0 | P100: 0 | Q100: 0 | R100: 0 | S100: 0 | T100: 0 | U100: 0 | V100: 0 | W100: 0 | X100: =SUM(E100:W100) -> 1
A103: B | B103: JUMLAH SUARA SAH PARTAI POLITIK DAN CALON (A1 + A2) | E103: =SUM(E93:E102) -> 6 | F103: =SUM(F93:F102) -> 3 | G103: =SUM(G93:G102) -> 4 | H103: =SUM(H93:H102) -> 5 | I103: =SUM(I93:I102) -> 0 | J103: =SUM(J93:J102) -> 5 | K103: =SUM(K93:K102) -> 3 | L103: =SUM(L93:L102) -> 4 | ... X103: =SUM(X93:X102) -> 49
A105: A.1 | B105: 6. | C105: Partai Buruh | E105: 0 | F105: 0 | G105: 0 | H105: 0 | I105: 0 | J105: 0 | K105: 0 | L105: 0 | M105: 0 | N105: 0 | O105: 1 | P105: 1 | Q105: 0 | R105: 0 | S105: 0 | T105: 0 | U105: 0 | V105: 0 | W105: 0 | X105: =SUM(E105:W105) -> 2
A106: A.2 | B106: 1 | C106: 1. KHOIRUL ANAM | E106: 0 | F106: 0 | G106: 0 | H106: 0 | I106: 1 | J106: 1 | K106: 0 | L106: 0 | M106: 0 | N106: 2 | O106: 0 | P106: 0 | Q106: 0 | R106: 0 | S106: 0 | T106: 0 | U106: 0 | V106: 0 | W106: 0 | X106: =SUM(E106:W106) -> 4
B107: 2 | C107: 2. INA KURNIA | E107: 0 | F107: 0 | G107: 0 | H107: 0 | I107: 0 | J107: 0 | K107: 0 | L107: 0 | M107: 0 | N107: 0 | O107: 0 | P107: 0 | Q107: 0 | R107: 0 | S107: 0 | T107: 1 | U107: 0 | V107: 0 | W107: 0 | X107: =SUM(E107:W107) -> 1
B108: 3 | C108: 3. JIBRAL TAROUK | E108: 0 | F108: 0 | G108: 0 | H108: 0 | I108: 0 | J108: 0 | K108: 0 | L108: 0 | M108: 0 | N108: 0 | O108: 0 | P108: 0 | Q108: 0 | R108: 0 | S108: 0 | T108: 0 | U108: 0 | V108: 0 | W108: 0 | X108: =SUM(E108:W108) -> 0
B109: 4 | C109: 4. ASTUTI DAENG PUJI | E109: 0 | F109: 0 | G109: 0 | H109: 0 | I109: 0 | J109: 0 | K109: 0 | L109: 0 | M109: 0 | N109: 0 | O109: 0 | P109: 0 | Q109: 0 | R109: 0 | S109: 0 | T109: 0 | U109: 0 | V109: 0 | W109: 0 | X109: =SUM(E109:W109) -> 0
B110: 5 | C110: 5. ASDARMAWAN | E110: 0 | F110: 0 | G110: 0 | H110: 0 | I110: 0 | J110: 0 | K110: 0 | L110: 0 | M110: 0 | N110: 0 | O110: 0 | P110: 0 | Q110: 0 | R110: 0 | S110: 0 | T110: 0 | U110: 0 | V110: 0 | W110: 0 | X110: =SUM(E110:W110) -> 0
B111: 6 | C111: 6. RIFQI MUBAROK | E111: 0 | F111: 0 | G111: 0 | H111: 0 | I111: 0 | J111: 0 | K111: 0 | L111: 0 | M111: 0 | N111: 0 | O111: 1 | P111: 0 | Q111: 1 | R111: 0 | S111: 0 | T111: 0 | U111: 0 | V111: 0 | W111: 0 | X111: =SUM(E111:W111) -> 2
B112: 7 | C112: 7. FIRNANDA ALTA MEGA | E112: 0 | F112: 1 | G112: 0 | H112: 0 | I112: 0 | J112: 0 | K112: 0 | L112: 0 | M112: 0 | N112: 0 | O112: 0 | P112: 0 | Q112: 0 | R112: 0 | S112: 0 | T112: 0 | U112: 0 | V112: 0 | W112: 0 | X112: =SUM(E112:W112) -> 1
A115: B | B115: JUMLAH SUARA SAH PARTAI POLITIK DAN CALON (A1 + A2) | E115: =SUM(E105:E114) -> 0 | F115: =SUM(F105:F114) -> 1 | G115: =SUM(G105:G114) -> 0 | H115: =SUM(H105:H114) -> 0 | I115: =SUM(I105:I114) -> 1 | J115: =SUM(J105:J114) -> 1 | K115: =SUM(K105:K114) -> 0 | L115: =SUM(L105:L114) -> 0 | ... X115: =SUM(X105:X114) -> 10
A117: A.1 | B117: 7. | C117: Partai Gelombang Rakyat Indonesia | E117: 0 | F117: 1 | G117: 0 | H117: 1 | I117: 0 | J117: 1 | K117: 2 | L117: 1 | M117: 0 | N117: 0 | O117: 0 | P117: 2 | Q117: 1 | R117: 0 | S117: 1 | T117: 1 | U117: 2 | V117: 0 | W117: 1 | X117: =SUM(E117:W117) -> 14
A118: A.2 | B118: 1 | C118: 1. TITI WIDORETNO WARISMAN | E118: 1 | F118: 1 | G118: 0 | H118: 0 | I118: 0 | J118: 0 | K118: 0 | L118: 0 | M118: 0 | N118: 0 | O118: 0 | P118: 0 | Q118: 0 | R118: 0 | S118: 0 | T118: 0 | U118: 0 | V118: 0 | W118: 0 | X118: =SUM(E118:W118) -> 2
B119: 2 | C119: 2. MAMIEK SETYANINGSIH | E119: 0 | F119: 0 | G119: 0 | H119: 0 | I119: 0 | J119: 0 | K119: 0 | L119: 0 | M119: 0 | N119: 0 | O119: 0 | P119: 1 | Q119: 0 | R119: 0 | S119: 0 | T119: 1 | U119: 0 | V119: 0 | W119: 0 | X119: =SUM(E119:W119) -> 2
B120: 3 | C120: 3. ROMIL AZIZEN | E120: 0 | F120: 0 | G120: 1 | H120: 0 | I120: 0 | J120: 0 | K120: 0 | L120: 0 | M120: 0 | N120: 0 | O120: 0 | P120: 0 | Q120: 0 | R120: 0 | S120: 0 | T120: 0 | U120: 0 | V120: 0 | W120: 0 | X120: =SUM(E120:W120) -> 1
A127: B | B127: JUMLAH SUARA SAH PARTAI POLITIK DAN CALON (A1 + A2) | E127: =SUM(E117:E126) -> 1 | F127: =SUM(F117:F126) -> 2 | G127: =SUM(G117:G126) -> 1 | H127: =SUM(H117:H126) -> 1 | I127: =SUM(I117:I126) -> 0 | J127: =SUM(J117:J126) -> 1 | K127: =SUM(K117:K126) -> 2 | L127: =SUM(L117:L126) -> 1 | ... X127: =SUM(X117:X126) -> 19
A129: A.1 | B129: 8. | C129: Partai Keadilan Sejahtera | E129: 1 | F129: 3 | G129: 0 | H129: 0 | I129: 0 | J129: 0 | K129: 0 | L129: 3 | M129: 0 | N129: 1 | O129: 0 | P129: 0 | Q129: 1 | R129: 0 | S129: 0 | T129: 0 | U129: 0 | V129: 0 | W129: 0 | X129: =SUM(E129:W129) -> 9
A130: A.2 | B130: 1 | C130: 1. H. SAIMI SALEH, S.E., M.M. | E130: 2 | F130: 0 | G130: 0 | H130: 0 | I130: 1 | J130: 1 | K130: 0 | L130: 2 | M130: 1 | N130: 1 | O130: 0 | P130: 0 | Q130: 1 | R130: 2 | S130: 0 | T130: 0 | U130: 0 | V130: 0 | W130: 1 | X130: =SUM(E130:W130) -> 12
B131: 2 | C131: 2. Prof. Dr. H. EGGI SUDJANA, S.H., M.Si. | E131: 0 | F131: 0 | G131: 0 | H131: 0 | I131: 0 | J131: 0 | K131: 0 | L131: 0 | M131: 0 | N131: 0 | O131: 1 | P131: 0 | Q131: 0 | R131: 0 | S131: 0 | T131: 0 | U131: 0 | V131: 0 | W131: 0 | X131: =SUM(E131:W131) -> 1
B132: 3 | C132: 3. NURUL KHOTIMAH | E132: 1 | F132: 0 | G132: 0 | H132: 0 | I132: 0 | J132: 0 | K132: 0 | L132: 0 | M132: 0 | N132: 0 | O132: 0 | P132: 0 | Q132: 0 | R132: 0 | S132: 0 | T132: 0 | U132: 0 | V132: 0 | W132: 0 | X132: =SUM(E132:W132) -> 1
B133: 4 | C133: 4. AKHMAD SUYANTO, S.T., M.T. | E133: 0 | F133: 0 | G133: 0 | H133: 0 | I133: 0 | J133: 0 | K133: 0 | L133: 0 | M133: 0 | N133: 0 | O133: 0 | P133: 0 | Q133: 0 | R133: 0 | S133: 0 | T133: 0 | U133: 0 | V133: 0 | W133: 0 | X133: =SUM(E133:W133) -> 0
B134: 5 | C134: 5. PUJIYATNI | E134: 0 | F134: 0 | G134: 0 | H134: 0 | I134: 0 | J134: 0 | K134: 0 | L134: 0 | M134: 0 | N134: 0 | O134: 0 | P134: 0 | Q134: 0 | R134: 0 | S134: 0 | T134: 0 | U134: 0 | V134: 0 | W134: 0 | X134: =SUM(E134:W134) -> 0
B135: 6 | C135: 6. HENI PURWATININGSIH | E135: 0 | F135: 0 | G135: 0 | H135: 0 | I135: 0 | J135: 0 | K135: 0 | L135: 0 | M135: 0 | N135: 0 | O135: 0 | P135: 0 | Q135: 0 | R135: 0 | S135: 0 | T135: 1 | U135: 0 | V135: 0 | W135: 0 | X135: =SUM(E135:W135) -> 1
B136: 7 | C136: 7. MUHADI | E136: 0 | F136: 0 | G136: 0 | H136: 0 | I136: 0 | J136: 0 | K136: 0 | L136: 0 | M136: 0 | N136: 0 | O136: 0 | P136: 0 | Q136: 0 | R136: 0 | S136: 0 | T136: 0 | U136: 0 | V136: 0 | W136: 0 | X136: =SUM(E136:W136) -> 0
...

Sheet YOSOMULYO
C2: Kecamatan | D2: GAMBIRAN
C3: Kabupaten | D3: BANYUWANGI
C4: Provinsi | D4: JAWA TIMUR
C9: Kelurahan | D9: YOSOMULYO
A12: I | B12: DATA PEMILIH DAN PENGGUNAAN HAK PILIH | AP12: JUMLAH AKHIR
A13: A | B13: DATA PEMILIH | E13: TPS 001 | F13: TPS 002 | G13: TPS 003 | H13: TPS 004 | I13: TPS 005 | J13: TPS 006 | K13: TPS 007 | L13: TPS 008 | M13: TPS 009 | N13: TPS 010 | O13: TPS 011 | P13: TPS 012 | Q13: TPS 013 | R13: TPS 014 | S13: TPS 015 | T13: TPS 016 | U13: TPS 017 | V13: TPS 018 | W13: TPS 019 | X13: TPS 020 | Y13: TPS 021 | Z13: TPS 022 | AA13: TPS 023 | AB13: TPS 024 | AC13: TPS 025 | AD13: TPS 026 | AE13: TPS 027 | AF13: TPS 028 | AG13: TPS 029 | AH13: TPS 030 | AI13: TPS 031 | AJ13: TPS 032 | AK13: TPS 033 | AL13: TPS 034 | AM13: TPS 035 | AN13: TPS 036 | AO13: TPS 037
B14: Jumlah Pemilih dalam Daftar Pemilih Tetap (DPT) | D14: LK | E14: 140 | F14: 142 | G14: 114 | H14: 129 | I14: 133 | J14: 103 | K14: 111 | L14: 97 | M14: 146 | N14: 140 | O14: 143 | P14: 89 | Q14: 139 | R14: 117 | S14: 137 | T14: 122 | U14: 123 | V14: 143 | W14: 142 | X14: 147 | Y14: 133 | Z14: 143 | AA14: 142 | AB14: 140 | AC14: 138 | AD14: 136 | AE14: 136 | AF14: 152 | AG14: 123 | AH14: 133 | AI14: 134 | AJ14: 143 | AK14: 135 | AL14: 127 | AM14: 143 | AN14: 119 | AO14: 124 | AP14: =SUM(E14:AO14) -> 4858
D15: PR | E15: 138 | F15: 140 | G15: 121 | H15: 126 | I15: 147 | J15: 118 | K15: 110 | L15: 103 | M15: 152 | N15: 153 | O15: 147 | P15: 113 | Q15: 137 | R15: 135 | S15: 134 | T15: 119 | U15: 133 | V15: 140 | W15: 138 | X15: 143 | Y15: 144 | Z15: 132 | AA15: 127 | AB15: 137 | AC15: 137 | AD15: 143 | AE15: 134 | AF15: 137 | AG15: 141 | AH15: 144 | AI15: 150 | AJ15: 143 | AK15: 132 | AL15: 117 | AM15: 154 | AN15: 129 | AO15: 121 | AP15: =SUM(E15:AO15) -> 4969
D16: JML | E16: =SUM(E14:E15) -> 278 | F16: =SUM(F14:F15) -> 282 | G16: =SUM(G14:G15) -> 235 | H16: =SUM(H14:H15) -> 255 | I16: =SUM(I14:I15) -> 280 | J16: =SUM(J14:J15) -> 221 | K16: =SUM(K14:K15) -> 221 | L16: =SUM(L14:L15) -> 200 | ... AO16: =SUM(AO14:AO15) -> 245 | AP16: =SUM(E16:AO16) -> 9827
A18: B | B18: PENGGUNA HAK PILIH
B19: 1. | C19: Jumlah pengguna hak pilih dalam Daftar Pemilih Tetap (DPT) | D19: LK | E19: 106 | F19: 100 | G19: 86 | H19: 104 | I19: 102 | J19: 79 | K19: 90 | L19: 74 | M19: 105 | N19: 109 | O19: 89 | P19: 75 | Q19: 107 | R19: 87 | S19: 110 | T19: 85 | U19: 91 | V19: 108 | W19: 95 | X19: 112 | Y19: 87 | Z19: 99 | AA19: 97 | AB19: 101 | AC19: 102 | AD19: 104 | AE19: 93 | AF19: 117 | AG19: 64 | AH19: 98 | AI19: 107 | AJ19: 113 | AK19: 105 | AL19: 89 | AM19: 103 | AN19: 98 | AO19: 104 | AP19: =SUM(E19:AO19) -> 3595
D20: PR | E20: 113 | F20: 107 | G20: 93 | H20: 104 | I20: 114 | J20: 94 | K20: 91 | L20: 83 | M20: 122 | N20: 121 | O20: 115 | P20: 101 | Q20: 113 | R20: 99 | S20: 102 | T20: 94 | U20: 95 | V20: 108 | W20: 109 | X20: 113 | Y20: 116 | Z20: 99 | AA20: 98 | AB20: 103 | AC20: 110 | AD20: 108 | AE20: 95 | AF20: 112 | AG20: 140 | AH20: 112 | AI20: 114 | AJ20: 117 | AK20: 92 | AL20: 92 | AM20: 107 | AN20: 106 | AO20: 104 | AP20: =SUM(E20:AO20) -> 3916
D21: JML | E21: =SUM(E19:E20) -> 219 | F21: =SUM(F19:F20) -> 207 | G21: =SUM(G19:G20) -> 179 | H21: =SUM(H19:H20) -> 208 | I21: =SUM(I19:I20) -> 216 | J21: =SUM(J19:J20) -> 173 | K21: =SUM(K19:K20) -> 181 | L21: =SUM(L19:L20) -> 157 | ... AO21: =SUM(AO19:AO20) -> 208 | AP21: =SUM(E21:AO21) -> 7511
B22: 2. | C22: Jumlah pengguna hak pilih dalam Daftar Pemilih Tambahan (DPTb) | D22: LK | E22: 0 | F22: 0 | G22: 0 | H22: 0 | I22: 0 | J22: 0 | K22: 0 | L22: 1 | M22: 0 | N22: 0 | O22: 0 | P22: 0 | Q22: 0 | R22: 0 | S22: 0 | T22: 0 | U22: 1 | V22: 0 | W22: 1 | X22: 0 | Y22: 0 | Z22: 0 | AA22: 0 | AB22: 0 | AC22: 0 | AD22: 0 | AE22: 0 | AF22: 0 | AG22: 0 | AH22: 0 | AP22: =SUM(E22:AO22) -> 3
D23: PR | E23: 0 | F23: 0 | G23: 0 | H23: 0 | I23: 0 | J23: 0 | K23: 0 | L23: 0 | M23: 0 | N23: 0 | O23: 0 | P23: 0 | Q23: 0 | R23: 0 | S23: 0 | T23: 0 | U23: 1 | V23: 0 | W23: 0 | X23: 0 | Y23: 0 | Z23: 0 | AA23: 0 | AB23: 0 | AC23: 0 | AD23: 0 | AE23: 0 | AF23: 0 | AG23: 0 | AH23: 0 | AP23: =SUM(E23:AO23) -> 1
D24: JML | E24: =SUM(E22:E23) -> 0 | F24: =SUM(F22:F23) -> 0 | G24: =SUM(G22:G23) -> 0 | H24: =SUM(H22:H23) -> 0 | I24: =SUM(I22:I23) -> 0 | J24: =SUM(J22:J23) -> 0 | K24: =SUM(K22:K23) -> 0 | L24: =SUM(L22:L23) -> 1 | ... AO24: =SUM(AO22:AO23) -> 0 | AP24: =SUM(E24:AO24) -> 4
B25: 3. | C25: Jumlah pengguna hak pilih dalam Daftar Pemilih Khusus (DPK) | D25: LK | E25: 0 | F25: 0 | G25: 0 | H25: 2 | I25: 1 | J25: 1 | K25: 0 | L25: 1 | M25: 1 | N25: 1 | O25: 1 | P25: 0 | Q25: 1 | R25: 0 | S25: 0 | T25: 1 | U25: 0 | V25: 3 | W25: 0 | X25: 1 | Y25: 0 | Z25: 1 | AA25: 5 | AB25: 2 | AC25: 0 | AD25: 1 | AE25: 1 | AF25: 0 | AG25: 0 | AH25: 1 | AI25: 0 | AJ25: 2 | AK25: 0 | AL25: 0 | AM25: 0 | AN25: 0 | AO25: 0 | AP25: =SUM(E25:AO25) -> 27
D26: PR | E26: 0 | F26: 0 | G26: 0 | H26: 0 | I26: 1 | J26: 0 | K26: 0 | L26: 0 | M26: 2 | N26: 3 | O26: 0 | P26: 0 | Q26: 1 | R26: 0 | S26: 2 | T26: 2 | U26: 0 | V26: 0 | W26: 1 | X26: 0 | Y26: 0 | Z26: 1 | AA26: 1 | AB26: 3 | AC26: 0 | AD26: 1 | AE26: 0 | AF26: 0 | AG26: 0 | AH26: 0 | AI26: 0 | AJ26: 1 | AK26: 1 | AL26: 0 | AM26: 3 | AN26: 0 | AO26: 0 | AP26: =SUM(E26:AO26) -> 23
D27: JML | E27: =SUM(E25:E26) -> 0 | F27: =SUM(F25:F26) -> 0 | G27: =SUM(G25:G26) -> 0 | H27: =SUM(H25:H26) -> 2 | I27: =SUM(I25:I26) -> 2 | J27: =SUM(J25:J26) -> 1 | K27: =SUM(K25:K26) -> 0 | L27: =SUM(L25:L26) -> 1 | ... AO27: =SUM(AO25:AO26) -> 0 | AP27: =SUM(E27:AO27) -> 50
B28: 4. | C28: Jumlah Pengguna Hak Pilih (B.1+B.2+B.3) | D28: LK | E28: =SUM(E19,E22,E25) -> 106 | F28: =SUM(F19,F22,F25) -> 100 | G28: =SUM(G19,G22,G25) -> 86 | H28: =SUM(H19,H22,H25) -> 106 | I28: =SUM(I19,I22,I25) -> 103 | J28: =SUM(J19,J22,J25) -> 80 | K28: =SUM(K19,K22,K25) -> 90 | L28: =SUM(L19,L22,L25) -> 76 | ... AO28: =SUM(AO19,AO22,AO25) -> 104 | AP28: =SUM(E28:AO28) -> 3625
D29: PR | E29: =SUM(E20,E23,E26) -> 113 | F29: =SUM(F20,F23,F26) -> 107 | G29: =SUM(G20,G23,G26) -> 93 | H29: =SUM(H20,H23,H26) -> 104 | I29: =SUM(I20,I23,I26) -> 115 | J29: =SUM(J20,J23,J26) -> 94 | K29: =SUM(K20,K23,K26) -> 91 | L29: =SUM(L20,L23,L26) -> 83 | ... AO29: =SUM(AO20,AO23,AO26) -> 104 | AP29: =SUM(E29:AO29) -> 3940
D30: JML | E30: =SUM(E28:E29) -> 219 | F30: =SUM(F28:F29) -> 207 | G30: =SUM(G28:G29) -> 179 | H30: =SUM(H28:H29) -> 210 | I30: =SUM(I28:I29) -> 218 | J30: =SUM(J28:J29) -> 174 | K30: =SUM(K28:K29) -> 181 | L30: =SUM(L28:L29) -> 159 | ... AO30: =SUM(AO28:AO29) -> 208 | AP30: =SUM(E30:AO30) -> 7565
A32: II | B32: DATA PENGGUNAAN SURAT SUARA
A33: 1 | B33: Jumlah surat suara yang diterima, termasuk surat suara cadangan 2,5% dari DPT | E33: 274 | F33: 288 | G33: 240 | H33: 261 | I33: 287 | J33: 226 | K33: 226 | L33: 205 | M33: 302 | N33: 299 | O33: 296 | P33: 208 | Q33: 282 | R33: 258 | S33: 277 | T33: 246 | U33: 252 | V33: 287 | W33: 286 | X33: 297 | Y33: 283 | Z33: 282 | AA33: 275 | AB33: 283 | AC33: 281 | AD33: 285 | AE33: 276 | AF33: 295 | AG33: 270 | AH33: 283 | AI33: 290 | AJ33: 293 | AK33: 273 | AL33: 249 | AM33: 303 | AN33: 253 | AO33: 250 | AP33: =SUM(E33:AO33) -> 10021
A34: 2 | B34: Jumlah surat suara yang digunakan | E34: 219 | F34: 207 | G34: 179 | H34: 210 | I34: 218 | J34: 174 | K34: 181 | L34: 159 | M34: 230 | N34: 234 | O34: 205 | P34: 176 | Q34: 222 | R34: 186 | S34: 214 | T34: 182 | U34: 188 | V34: 219 | W34: 206 | X34: 226 | Y34: 203 | Z34: 200 | AA34: 201 | AB34: 209 | AC34: 212 | AD34: 214 | AE34: 189 | AF34: 229 | AG34: 204 | AH34: 211 | AI34: 221 | AJ34: 233 | AK34: 198 | AL34: 181 | AM34: 213 | AN34: 204 | AO34: 208 | AP34: =SUM(E34:AO34) -> 7565
A35: 3 | B35: Jumlah surat suara dikembalikan oleh pemilih (karena rusak atau keliru coblos) | E35: 0 | F35: 0 | G35: 0 | H35: 0 | I35: 0 | J35: 0 | K35: 0 | L35: 0 | M35: 0 | N35: 0 | O35: 0 | P35: 0 | Q35: 0 | R35: 0 | S35: 2 | T35: 0 | U35: 2 | V35: 0 | W35: 2 | X35: 0 | Y35: 1 | Z35: 0 | AA35: 0 | AB35: 0 | AC35: 0 | AD35: 0 | AE35: 1 | AF35: 0 | AG35: 1 | AH35: 1 | AI35: 0 | AJ35: 1 | AK35: 0 | AL35: 1 | AM35: 0 | AN35: 0 | AO35: 0 | AP35: =SUM(E35:AO35) -> 12
A36: 4 | B36: Jumlah surat suara yang tidak digunakan/tidak terpakai, termasuk sisa surat suara cadangan | E36: =E33-(E34+E35) -> 55 | F36: =F33-(F34+F35) -> 81 | G36: =G33-(G34+G35) -> 61 | H36: =H33-(H34+H35) -> 51 | I36: =I33-(I34+I35) -> 69 | J36: =J33-(J34+J35) -> 52 | K36: =K33-(K34+K35) -> 45 | L36: =L33-(L34+L35) -> 46 | ... AO36: =AO33-(AO34+AO35) -> 42 | AP36: =SUM(E36:AO36) -> 2444
A38: III | B38: DATA PEMILIH DISABILITAS
B39: Jumlah seluruh Pemilih disabilitas yang menggunakan hak pilih | D39: LK | E39: 0 | F39: 0 | G39: 0 | H39: 0 | I39: 0 | J39: 0 | K39: 1 | L39: 0 | M39: 0 | N39: 0 | O39: 0 | P39: 0 | Q39: 0 | R39: 0 | S39: 0 | T39: 0 | U39: 0 | V39: 0 | W39: 0 | X39: 0 | Y39: 0 | Z39: 0 | AA39: 1 | AB39: 0 | AC39: 0 | AD39: 0 | AE39: 0 | AF39: 0 | AG39: 0 | AH39: 0 | AI39: 0 | AJ39: 0 | AK39: 1 | AL39: 0 | AM39: 0 | AN39: 0 | AO39: 0 | AP39: =SUM(E39:AO39) -> 3
D40: PR | E40: 0 | F40: 0 | G40: 0 | H40: 0 | I40: 0 | J40: 0 | K40: 0 | L40: 0 | M40: 0 | N40: 0 | O40: 0 | P40: 0 | Q40: 0 | R40: 0 | S40: 0 | T40: 0 | U40: 0 | V40: 0 | W40: 0 | X40: 0 | Y40: 0 | Z40: 0 | AA40: 0 | AB40: 0 | AC40: 0 | AD40: 1 | AE40: 0 | AF40: 0 | AG40: 0 | AH40: 0 | AI40: 0 | AJ40: 0 | AK40: 0 | AL40: 0 | AM40: 0 | AN40: 0 | AO40: 0 | AP40: =SUM(E40:AO40) -> 1
D41: JML | E41: =SUM(E39:E40) -> 0 | F41: =SUM(F39:F40) -> 0 | G41: =SUM(G39:G40) -> 0 | H41: =SUM(H39:H40) -> 0 | I41: =SUM(I39:I40) -> 0 | J41: =SUM(J39:J40) -> 0 | K41: =SUM(K39:K40) -> 1 | L41: =SUM(L39:L40) -> 0 | ... AO41: =SUM(AO39:AO40) -> 0 | AP41: =SUM(E41:AO41) -> 4
A43: IV | B43: DATA RINCIAN PEROLEHAN SUARA PASANGAN CALON BUPATI DAN WAKIL BUPATI
A44: NOMOR DAN NAMA CALON
A45: A.1 | B45: 1. | C45: Partai Kebangkitan Bangsa | E45: 8 | F45: 4 | G45: 9 | H45: 4 | I45: 14 | J45: 8 | K45: 4 | L45: 9 | M45: 3 | N45: 4 | O45: 2 | P45: 3 | Q45: 4 | R45: 5 | S45: 2 | T45: 1 | U45: 3 | V45: 2 | W45: 2 | X45: 13 | Y45: 12 | Z45: 8 | AA45: 5 | AB45: 7 | AC45: 8 | AD45: 7 | AE45: 3 | AF45: 2 | AG45: 1 | AH45: 0 | AI45: 8 | AJ45: 4 | AK45: 1 | AL45: 3 | AM45: 4 | AN45: 3 | AO45: 5 | AP45: =SUM(E45:AO45) -> 185
A46: A.2 | B46: 1 | C46: 1. Dr. Hj. NIHAYATUL WAFIROH, M.A. | E46: 36 | F46: 28 | G46: 10 | H46: 30 | I46: 29 | J46: 16 | K46: 21 | L46: 30 | M46: 5 | N46: 14 | O46: 7 | P46: 10 | Q46: 10 | R46: 10 | S46: 8 | T46: 5 | U46: 3 | V46: 3 | W46: 7 | X46: 9 | Y46: 21 | Z46: 10 | AA46: 9 | AB46: 17 | AC46: 11 | AD46: 17 | AE46: 10 | AF46: 20 | AG46: 17 | AH46: 3 | AI46: 41 | AJ46: 12 | AK46: 6 | AL46: 7 | AM46: 6 | AN46: 2 | AO46: 5 | AP46: =SUM(E46:AO46) -> 505
B47: 2 | C47: 2. H. M. NASIM KHAN | E47: 5 | F47: 8 | G47: 1 | H47: 2 | I47: 0 | J47: 0 | K47: 1 | L47: 0 | M47: 0 | N47: 1 | O47: 0 | P47: 0 | Q47: 1 | R47: 0 | S47: 1 | T47: 2 | U47: 0 | V47: 0 | W47: 2 | X47: 0 | Y47: 1 | Z47: 1 | AA47: 0 | AB47: 1 | AC47: 2 | AD47: 2 | AE47: 12 | AF47: 1 | AG47: 0 | AH47: 1 | AI47: 1 | AJ47: 1 | AK47: 0 | AL47: 0 | AM47: 0 | AN47: 1 | AO47: 0 | AP47: =SUM(E47:AO47) -> 48
B48: 3 | C48: 3. Dr. H. AKIK ZAMAN, M.Pd.I. | E48: 1 | F48: 0 | G48: 0 | H48: 1 | I48: 1 | J48: 0 | K48: 1 | L48: 0 | M48: 0 | N48: 1 | O48: 0 | P48: 1 | Q48: 0 | R48: 1 | S48: 0 | T48: 0 | U48: 0 | V48: 2 | W48: 0 | X48: 0 | Y48: 2 | Z48: 0 | AA48: 1 | AB48: 1 | AC48: 0 | AD48: 0 | AE48: 0 | AF48: 3 | AG48: 0 | AH48: 0 | AI48: 0 | AJ48: 0 | AK48: 2 | AL48: 1 | AM48: 0 | AN48: 1 | AO48: 0 | AP48: =SUM(E48:AO48) -> 20
B49: 4 | C49: 4. AHMAD RIFA'I, S.H. | E49: 0 | F49: 0 | G49: 1 | H49: 1 | I49: 0 | J49: 0 | K49: 1 | L49: 2 | M49: 0 | N49: 1 | O49: 0 | P49: 1 | Q49: 0 | R49: 1 | S49: 0 | T49: 0 | U49: 0 | V49: 0 | W49: 1 | X49: 2 | Y49: 1 | Z49: 15 | AA49: 16 | AB49: 1 | AC49: 4 | AD49: 1 | AE49: 0 | AF49: 0 | AG49: 2 | AH49: 1 | AI49: 1 | AJ49: 4 | AK49: 1 | AL49: 0 | AM49: 0 | AN49: 0 | AO49: 1 | AP49: =SUM(E49:AO49) -> 59
B50: 5 | C50: 5. Drs. H. MAHFUD M.N. | E50: 0 | F50: 0 | G50: 0 | H50: 0 | I50: 0 | J50: 0 | K50: 2 | L50: 0 | M50: 0 | N50: 0 | O50: 1 | P50: 0 | Q50: 0 | R50: 0 | S50: 1 | T50: 0 | U50: 0 | V50: 0 | W50: 1 | X50: 1 | Y50: 0 | Z50: 2 | AA50: 0 | AB50: 2 | AC50: 0 | AD50: 1 | AE50: 0 | AF50: 1 | AG50: 0 | AH50: 0 | AI50: 0 | AJ50: 0 | AK50: 0 | AL50: 0 | AM50: 1 | AN50: 1 | AO50: 0 | AP50: =SUM(E50:AO50) -> 14
B51: 6 | C51: 6. NURHAYATI, S.Pd. | E51: 1 | F51: 1 | G51: 0 | H51: 0 | I51: 1 | J51: 0 | K51: 0 | L51: 1 | M51: 0 | N51: 3 | O51: 0 | P51: 0 | Q51: 0 | R51: 0 | S51: 1 | T51: 1 | U51: 0 | V51: 0 | W51: 0 | X51: 7 | Y51: 3 | Z51: 1 | AA51: 0 | AB51: 1 | AC51: 1 | AD51: 0 | AE51: 1 | AF51: 0 | AG51: 0 | AH51: 0 | AI51: 0 | AJ51: 0 | AK51: 4 | AL51: 1 | AM51: 0 | AN51: 0 | AO51: 0 | AP51: =SUM(E51:AO51) -> 28
B52: 7 | C52: 7. MAFTUHA KISWAH | E52: 0 | F52: 0 | G52: 0 | H52: 0 | I52: 0 | J52: 0 | K52: 0 | L52: 0 | M52: 1 | N52: 0 | O52: 0 | P52: 0 | Q52: 0 | R52: 0 | S52: 0 | T52: 0 | U52: 0 | V52: 0 | W52: 0 | X52: 3 | Y52: 0 | Z52: 0 | AA52: 1 | AB52: 0 | AC52: 1 | AD52: 1 | AE52: 0 | AF52: 0 | AG52: 0 | AH52: 0 | AI52: 0 | AJ52: 0 | AK52: 0 | AL52: 1 | AM52: 0 | AN52: 0 | AO52: 0 | AP52: =SUM(E52:AO52) -> 8
A55: B | B55: JUMLAH SUARA SAH PARTAI POLITIK DAN CALON (A1 + A2) | E55: =SUM(E45:E54) -> 51 | F55: =SUM(F45:F54) -> 41 | G55: =SUM(G45:G54) -> 21 | H55: =SUM(H45:H54) -> 38 | I55: =SUM(I45:I54) -> 45 | J55: =SUM(J45:J54) -> 24 | K55: =SUM(K45:K54) -> 30 | L55: =SUM(L45:L54) -> 42 | ... AP55: =SUM(AP45:AP54) -> 867
A57: A.1 | B57: 2. | C57: Partai Gerakan Indonesia Raya | E57: 11 | F57: 6 | G57: 8 | H57: 5 | I57: 7 | J57: 7 | K57: 9 | L57: 9 | M57: 6 | N57: 8 | O57: 17 | P57: 4 | Q57: 11 | R57: 3 | S57: 3 | T57: 10 | U57: 6 | V57: 7 | W57: 8 | X57: 12 | Y57: 8 | Z57: 14 | AA57: 14 | AB57: 7 | AC57: 9 | AD57: 13 | AE57: 8 | AF57: 11 | AG57: 7 | AH57: 1 | AI57: 4 | AJ57: 12 | AK57: 12 | AL57: 9 | AM57: 13 | AN57: 9 | AO57: 11 | AP57: =SUM(E57:AO57) -> 319
A58: A.2 | B58: 1 | C58: 1. SUMAIL ABDULLAH | E58: 13 | F58: 11 | G58: 5 | H58: 9 | I58: 7 | J58: 19 | K58: 22 | L58: 36 | M58: 1 | N58: 7 | O58: 6 | P58: 9 | Q58: 104 | R58: 7 | S58: 3 | T58: 3 | U58: 3 | V58: 4 | W58: 13 | X58: 2 | Y58: 16 | Z58: 4 | AA58: 6 | AB58: 11 | AC58: 11 | AD58: 5 | AE58: 5 | AF58: 12 | AG58: 17 | AH58: 5 | AI58: 2 | AJ58: 8 | AK58: 9 | AL58: 4 | AM58: 2 | AN58: 2 | AO58: 6 | AP58: =SUM(E58:AO58) -> 409
B59: 2 | C59: 2. MUHAMMAD ALI ADRIAN SALEH | E59: 2 | F59: 2 | G59: 2 | H59: 2 | I59: 1 | J59: 2 | K59: 0 | L59: 1 | M59: 5 | N59: 2 | O59: 2 | P59: 2 | Q59: 2 | R59: 0 | S59: 1 | T59: 1 | U59: 0 | V59: 1 | W59: 2 | X59: 3 | Y59: 5 | Z59: 2 | AA59: 2 | AB59: 1 | AC59: 4 | AD59: 3 | AE59: 4 | AF59: 6 | AG59: 2 | AH59: 0 | AI59: 1 | AJ59: 1 | AK59: 2 | AL59: 2 | AM59: 2 | AN59: 0 | AO59: 3 | AP59: =SUM(E59:AO59) -> 73
B60: 3 | C60: 3. DURROTUN NAFISAH | E60: 1 | F60: 0 | G60: 0 | H60: 1 | I60: 1 | J60: 1 | K60: 0 | L60: 1 | M60: 1 | N60: 1 | O60: 2 | P60: 0 | Q60: 2 | R60: 0 | S60: 2 | T60: 0 | U60: 1 | V60: 2 | W60: 0 | X60: 1 | Y60: 0 | Z60: 0 | AA60: 3 | AB60: 0 | AC60: 4 | AD60: 0 | AE60: 2 | AF60: 0 | AG60: 3 | AH60: 0 | AI60: 0 | AJ60: 2 | AK60: 2 | AL60: 2 | AM60: 1 | AN60: 0 | AO60: 0 | AP60: =SUM(E60:AO60) -> 36
B61: 4 | C61: 4. H. EKO SUSILO NURHIDAYAT | E61: 1 | F61: 1 | G61: 0 | H61: 1 | I61: 2 | J61: 7 | K61: 0 | L61: 2 | M61: 1 | N61: 5 | O61: 2 | P61: 0 | Q61: 1 | R61: 4 | S61: 1 | T61: 0 | U61: 3 | V61: 0 | W61: 3 | X61: 1 | Y61: 0 | Z61: 1 | AA61: 1 | AB61: 4 | AC61: 3 | AD61: 2 | AE61: 7 | AF61: 4 | AG61: 2 | AH61: 1 | AI61: 3 | AJ61: 7 | AK61: 6 | AL61: 2 | AM61: 5 | AN61: 5 | AO61: 2 | AP61: =SUM(E61:AO61) -> 90
B62: 5 | C62: 5. KARNADI HARIJANTO, S.S. | E62: 1 | F62: 0 | G62: 1 | H62: 0 | I62: 1 | J62: 0 | K62: 1 | L62: 0 | M62: 0 | N62: 0 | O62: 0 | P62: 0 | Q62: 0 | R62: 1 | S62: 0 | T62: 0 | U62: 0 | V62: 0 | W62: 0 | X62: 2 | Y62: 0 | Z62: 0 | AA62: 0 | AB62: 1 | AC62: 0 | AD62: 0 | AE62: 0 | AF62: 0 | AG62: 2 | AH62: 0 | AI62: 0 | AJ62: 0 | AK62: 0 | AL62: 0 | AM62: 0 | AN62: 1 | AO62: 0 | AP62: =SUM(E62:AO62) -> 11
B63: 6 | C63: 6. NURHAYATI | E63: 0 | F63: 0 | G63: 1 | H63: 0 | I63: 0 | J63: 1 | K63: 0 | L63: 0 | M63: 1 | N63: 3 | O63: 2 | P63: 2 | Q63: 0 | R63: 0 | S63: 0 | T63: 0 | U63: 0 | V63: 1 | W63: 1 | X63: 2 | Y63: 1 | Z63: 0 | AA63: 1 | AB63: 1 | AC63: 1 | AD63: 0 | AE63: 0 | AF63: 1 | AG63: 0 | AH63: 1 | AI63: 0 | AJ63: 0 | AK63: 1 | AL63: 1 | AM63: 1 | AN63: 0 | AO63: 1 | AP63: =SUM(E63:AO63) -> 24
B64: 7 | C64: 7. MASHUDI | E64: 0 | F64: 0 | G64: 0 | H64: 0 | I64: 0 | J64: 0 | K64: 0 | L64: 0 | M64: 0 | N64: 0 | O64: 0 | P64: 1 | Q64: 0 | R64: 1 | S64: 0 | T64: 1 | U64: 0 | V64: 0 | W64: 2 | X64: 0 | Y64: 0 | Z64: 0 | AA64: 0 | AB64: 0 | AC64: 0 | AD64: 0 | AE64: 0 | AF64: 0 | AG64: 0 | AH64: 1 | AI64: 3 | AJ64: 1 | AK64: 1 | AL64: 2 | AM64: 0 | AN64: 1 | AO64: 1 | AP64: =SUM(E64:AO64) -> 15
A67: B | B67: JUMLAH SUARA SAH PARTAI POLITIK DAN CALON (A1 + A2) | E67: =SUM(E57:E66) -> 29 | F67: =SUM(F57:F66) -> 20 | G67: =SUM(G57:G66) -> 17 | H67: =SUM(H57:H66) -> 18 | I67: =SUM(I57:I66) -> 19 | J67: =SUM(J57:J66) -> 37 | K67: =SUM(K57:K66) -> 32 | L67: =SUM(L57:L66) -> 49 | ... AP67: =SUM(AP57:AP66) -> 977
A69: A.1 | B69: 3. | C69: Partai Demokrasi Indonesia Perjuangan | E69: 13 | F69: 10 | G69: 7 | H69: 10 | I69: 11 | J69: 7 | K69: 5 | L69: 9 | M69: 28 | N69: 20 | O69: 19 | P69: 13 | Q69: 6 | R69: 16 | S69: 9 | T69: 11 | U69: 16 | V69: 19 | W69: 5 | X69: 8 | Y69: 12 | Z69: 13 | AA69: 16 | AB69: 11 | AC69: 5 | AD69: 19 | AE69: 9 | AF69: 33 | AG69: 33 | AH69: 4 | AI69: 6 | AJ69: 14 | AK69: 20 | AL69: 11 | AM69: 25 | AN69: 27 | AO69: 22 | AP69: =SUM(E69:AO69) -> 522
A70: A.2 | B70: 1 | C70: 1. SONNY TRI DANAPARAMITA, S.H., M.H. | E70: 8 | F70: 5 | G70: 7 | H70: 13 | I70: 11 | J70: 11 | K70: 5 | L70: 3 | M70: 10 | N70: 23 | O70: 12 | P70: 11 | Q70: 18 | R70: 18 | S70: 27 | T70: 20 | U70: 29 | V70: 16 | W70: 7 | X70: 9 | Y70: 5 | Z70: 4 | AA70: 8 | AB70: 9 | AC70: 7 | AD70: 7 | AE70: 13 | AF70: 24 | AG70: 25 | AH70: 11 | AI70: 5 | AJ70: 16 | AK70: 13 | AL70: 12 | AM70: 8 | AN70: 13 | AO70: 10 | AP70: =SUM(E70:AO70) -> 453
B71: 2 | C71: 2. H. MOHAMAD GUNTUR ROMLI | E71: 6 | F71: 2 | G71: 0 | H71: 2 | I71: 6 | J71: 3 | K71: 5 | L71: 7 | M71: 2 | N71: 9 | O71: 11 | P71: 5 | Q71: 2 | R71: 1 | S71: 3 | T71: 1 | U71: 2 | V71: 1 | W71: 3 | X71: 1 | Y71: 2 | Z71: 1 | AA71: 1 | AB71: 3 | AC71: 0 | AD71: 3 | AE71: 2 | AF71: 4 | AG71: 4 | AH71: 5 | AI71: 6 | AJ71: 4 | AK71: 1 | AL71: 1 | AM71: 2 | AN71: 1 | AO71: 4 | AP71: =SUM(E71:AO71) -> 116
B72: 3 | C72: 3. INA AMMANIA | E72: 24 | F72: 6 | G72: 4 | H72: 9 | I72: 7 | J72: 1 | K72: 23 | L72: 6 | M72: 59 | N72: 20 | O72: 5 | P72: 6 | Q72: 3 | R72: 3 | S72: 4 | T72: 4 | U72: 15 | V72: 10 | W72: 56 | X72: 8 | Y72: 12 | Z72: 29 | AA72: 11 | AB72: 4 | AC72: 10 | AD72: 50 | AE72: 18 | AF72: 13 | AG72: 6 | AH72: 1 | AI72: 9 | AJ72: 9 | AK72: 14 | AL72: 36 | AM72: 31 | AN72: 13 | AO72: 27 | AP72: =SUM(E72:AO72) -> 566
B73: 4 | C73: 4. IRWAN BACHTIAR RACHMAT, M.Si. | E73: 1 | F73: 0 | G73: 0 | H73: 0 | I73: 0 | J73: 0 | K73: 2 | L73: 0 | M73: 4 | N73: 3 | O73: 2 | P73: 1 | Q73: 1 | R73: 0 | S73: 0 | T73: 1 | U73: 1 | V73: 1 | W73: 0 | X73: 1 | Y73: 1 | Z73: 0 | AA73: 1 | AB73: 1 | AC73: 0 | AD73: 2 | AE73: 0 | AF73: 0 | AG73: 2 | AH73: 0 | AI73: 0 | AJ73: 0 | AK73: 2 | AL73: 1 | AM73: 2 | AN73: 0 | AO73: 2 | AP73: =SUM(E73:AO73) -> 32
B74: 5 | C74: 5. LUCKY PERDANA | E74: 3 | F74: 5 | G74: 0 | H74: 1 | I74: 2 | J74: 4 | K74: 0 | L74: 0 | M74: 9 | N74: 2 | O74: 1 | P74: 0 | Q74: 3 | R74: 4 | S74: 0 | T74: 4 | U74: 1 | V74: 1 | W74: 2 | X74: 2 | Y74: 3 | Z74: 1 | AA74: 1 | AB74: 5 | AC74: 2 | AD74: 5 | AE74: 3 | AF74: 7 | AG74: 0 | AH74: 4 | AI74: 4 | AJ74: 3 | AK74: 1 | AL74: 1 | AM74: 3 | AN74: 1 | AO74: 0 | AP74: =SUM(E74:AO74) -> 88
B75: 6 | C75: 6. WIWIK PUJIYATI | E75: 0 | F75: 1 | G75: 0 | H75: 0 | I75: 2 | J75: 1 | K75: 2 | L75: 0 | M75: 1 | N75: 1 | O75: 0 | P75: 1 | Q75: 1 | R75: 0 | S75: 0 | T75: 2 | U75: 1 | V75: 1 | W75: 0 | X75: 2 | Y75: 0 | Z75: 0 | AA75: 0 | AB75: 3 | AC75: 3 | AD75: 0 | AE75: 2 | AF75: 9 | AG75: 1 | AH75: 4 | AI75: 5 | AJ75: 4 | AK75: 1 | AL75: 1 | AM75: 5 | AN75: 2 | AO75: 5 | AP75: =SUM(E75:AO75) -> 61
B76: 7 | C76: 7. CHANDRA ASTAN, S.T. | E76: 0 | F76: 0 | G76: 0 | H76: 0 | I76: 0 | J76: 0 | K76: 0 | L76: 0 | M76: 1 | N76: 3 | O76: 3 | P76: 0 | Q76: 1 | R76: 0 | S76: 2 | T76: 1 | U76: 1 | V76: 6 | W76: 0 | X76: 1 | Y76: 0 | Z76: 0 | AA76: 2 | AB76: 1 | AC76: 1 | AD76: 3 | AE76: 0 | AF76: 1 | AG76: 0 | AH76: 0 | AI76: 1 | AJ76: 0 | AK76: 0 | AL76: 1 | AM76: 1 | AN76: 1 | AO76: 0 | AP76: =SUM(E76:AO76) -> 31
A79: B | B79: JUMLAH SUARA SAH PARTAI POLITIK DAN CALON (A1 + A2) | E79: =SUM(E69:E78) -> 55 | F79: =SUM(F69:F78) -> 29 | G79: =SUM(G69:G78) -> 18 | H79: =SUM(H69:H78) -> 35 | I79: =SUM(I69:I78) -> 39 | J79: =SUM(J69:J78) -> 27 | K79: =SUM(K69:K78) -> 42 | L79: =SUM(L69:L78) -> 25 | ... AP79: =SUM(AP69:AP78) -> 1869
A81: A.1 | B81: 4. | C81: Partai Golongan Karya | E81: 0 | F81: 6 | G81: 7 | H81: 4 | I81: 2 | J81: 5 | K81: 2 | L81: 3 | M81: 9 | N81: 7 | O81: 2 | P81: 7 | Q81: 2 | R81: 1 | S81: 7 | T81: 2 | U81: 0 | V81: 6 | W81: 1 | X81: 7 | Y81: 4 | Z81: 2 | AA81: 6 | AB81: 4 | AC81: 4 | AD81: 2 | AE81: 2 | AF81: 2 | AG81: 12 | AH81: 8 | AI81: 5 | AJ81: 14 | AK81: 3 | AL81: 9 | AM81: 8 | AN81: 9 | AO81: 2 | AP81: =SUM(E81:AO81) -> 176
A82: A.2 | B82: 1 | C82: 1. ZULFIKAR ARSE SADIKIN, S.I.P., M.Si. | E82: 5 | F82: 13 | G82: 70 | H82: 68 | I82: 42 | J82: 3 | K82: 6 | L82: 2 | M82: 4 | N82: 3 | O82: 2 | P82: 3 | Q82: 5 | R82: 4 | S82: 3 | T82: 3 | U82: 1 | V82: 2 | W82: 2 | X82: 1 | Y82: 2 | Z82: 0 | AA82: 1 | AB82: 8 | AC82: 31 | AD82: 4 | AE82: 3 | AF82: 6 | AG82: 11 | AH82: 11 | AI82: 12 | AJ82: 11 | AK82: 5 | AL82: 3 | AM82: 4 | AN82: 4 | AO82: 0 | AP82: =SUM(E82:AO82) -> 358
B83: 2 | C83: 2. HANDOKO | E83: 9 | F83: 5 | G83: 6 | H83: 9 | I83: 6 | J83: 8 | K83: 4 | L83: 0 | M83: 8 | N83: 15 | O83: 8 | P83: 11 | Q83: 4 | R83: 12 | S83: 27 | T83: 16 | U83: 7 | V83: 17 | W83: 3 | X83: 20 | Y83: 13 | Z83: 9 | AA83: 20 | AB83: 10 | AC83: 8 | AD83: 8 | AE83: 19 | AF83: 9 | AG83: 11 | AH83: 49 | AI83: 30 | AJ83: 19 | AK83: 47 | AL83: 21 | AM83: 38 | AN83: 34 | AO83: 22 | AP83: =SUM(E83:AO83) -> 562
B84: 3 | C84: 3. Hj. OVI DEWI YANTI | E84: 1 | F84: 0 | G84: 1 | H84: 0 | I84: 1 | J84: 0 | K84: 0 | L84: 0 | M84: 0 | N84: 0 | O84: 0 | P84: 1 | Q84: 0 | R84: 0 | S84: 0 | T84: 0 | U84: 0 | V84: 0 | W84: 0 | X84: 0 | Y84: 1 | Z84: 0 | AA84: 0 | AB84: 1 | AC84: 1 | AD84: 0 | AE84: 0 | AF84: 1 | AG84: 3 | AH84: 2 | AI84: 1 | AJ84: 1 | AK84: 1 | AL84: 0 | AM84: 1 | AN84: 1 | AO84: 0 | AP84: =SUM(E84:AO84) -> 18
B85: 4 | C85: 4. Ir. AZAM AZMAN NATAWIJANA | E85: 1 | F85: 0 | G85: 1 | H85: 2 | I85: 0 | J85: 0 | K85: 1 | L85: 0 | M85: 0 | N85: 0 | O85: 1 | P85: 0 | Q85: 0 | R85: 0 | S85: 0 | T85: 0 | U85: 0 | V85: 0 | W85: 0 | X85: 0 | Y85: 0 | Z85: 0 | AA85: 0 | AB85: 0 | AC85: 1 | AD85: 1 | AE85: 0 | AF85: 1 | AG85: 1 | AH85: 1 | AI85: 0 | AJ85: 1 | AK85: 0 | AL85: 0 | AM85: 0 | AN85: 1 | AO85: 2 | AP85: =SUM(E85:AO85) -> 15
B86: 5 | C86: 5. UBAIDILLAH AMIN, S.Kom. | E86: 0 | F86: 0 | G86: 0 | H86: 0 | I86: 0 | J86: 1 | K86: 0 | L86: 1 | M86: 0 | N86: 1 | O86: 1 | P86: 3 | Q86: 0 | R86: 0 | S86: 1 | T86: 4 | U86: 2 | V86: 0 | W86: 0 | X86: 4 | Y86: 0 | Z86: 0 | AA86: 1 | AB86: 0 | AC86: 1 | AD86: 1 | AE86: 0 | AF86: 0 | AG86: 1 | AH86: 1 | AI86: 3 | AJ86: 1 | AK86: 0 | AL86: 0 | AM86: 0 | AN86: 4 | AO86: 0 | AP86: =SUM(E86:AO86) -> 31
B87: 6 | C87: 6. DENNY YUNIANDARI, S.H., M.Kn. | E87: 0 | F87: 0 | G87: 1 | H87: 0 | I87: 1 | J87: 0 | K87: 0 | L87: 0 | M87: 0 | N87: 1 | O87: 0 | P87: 0 | Q87: 0 | R87: 0 | S87: 0 | T87: 0 | U87: 0 | V87: 0 | W87: 0 | X87: 5 | Y87: 0 | Z87: 1 | AA87: 0 | AB87: 0 | AC87: 0 | AD87: 1 | AE87: 0 | AF87: 0 | AG87: 0 | AH87: 0 | AI87: 0 | AJ87: 0 | AK87: 0 | AL87: 1 | AM87: 1 | AN87: 2 | AO87: 1 | AP87: =SUM(E87:AO87) -> 15
B88: 7 | C88: 7. ERNADI, S.H.I. | E88: 0 | F88: 0 | G88: 0 | H88: 0 | I88: 1 | J88: 0 | K88: 0 | L88: 0 | M88: 0 | N88: 0 | O88: 0 | P88: 0 | Q88: 0 | R88: 0 | S88: 1 | T88: 0 | U88: 0 | V88: 0 | W88: 0 | X88: 0 | Y88: 0 | Z88: 0 | AA88: 0 | AB88: 0 | AC88: 0 | AD88: 0 | AE88: 0 | AF88: 0 | AG88: 0 | AH88: 0 | AI88: 0 | AJ88: 0 | AK88: 0 | AL88: 0 | AM88: 0 | AN88: 0 | AO88: 0 | AP88: =SUM(E88:AO88) -> 2
A91: B | B91: JUMLAH SUARA SAH PARTAI POLITIK DAN CALON (A1 + A2) | E91: =SUM(E81:E90) -> 16 | F91: =SUM(F81:F90) -> 24 | G91: =SUM(G81:G90) -> 86 | H91: =SUM(H81:H90) -> 83 | I91: =SUM(I81:I90) -> 53 | J91: =SUM(J81:J90) -> 17 | K91: =SUM(K81:K90) -> 13 | L91: =SUM(L81:L90) -> 6 | ... AP91: =SUM(AP81:AP90) -> 1177
A93: A.1 | B93: 5. | C93: Partai NasDem | E93: 1 | F93: 2 | G93: 0 | H93: 0 | I93: 1 | J93: 1 | K93: 0 | L93: 1 | M93: 0 | N93: 2 | O93: 1 | P93: 1 | Q93: 0 | R93: 0 | S93: 0 | T93: 0 | U93: 0 | V93: 0 | W93: 0 | X93: 2 | Y93: 2 | Z93: 1 | AA93: 1 | AB93: 1 | AC93: 1 | AD93: 2 | AE93: 3 | AF93: 4 | AG93: 1 | AH93: 0 | AI93: 0 | AJ93: 0 | AK93: 1 | AL93: 3 | AM93: 0 | AN93: 0 | AO93: 0 | AP93: =SUM(E93:AO93) -> 32
A94: A.2 | B94: 1 | C94: 1. ACH. FADIL MUZAKKI SYAH | E94: 0 | F94: 2 | G94: 1 | H94: 0 | I94: 0 | J94: 2 | K94: 0 | L94: 1 | M94: 0 | N94: 0 | O94: 1 | P94: 0 | Q94: 0 | R94: 0 | S94: 1 | T94: 0 | U94: 0 | V94: 0 | W94: 0 | X94: 0 | Y94: 0 | Z94: 1 | AA94: 2 | AB94: 3 | AC94: 0 | AD94: 3 | AE94: 3 | AF94: 6 | AG94: 0 | AH94: 0 | AI94: 1 | AJ94: 0 | AK94: 0 | AL94: 0 | AM94: 0 | AN94: 1 | AO94: 0 | AP94: =SUM(E94:AO94) -> 28
B95: 2 | C95: 2. BENY | E95: 0 | F95: 0 | G95: 0 | H95: 0 | I95: 0 | J95: 0 | K95: 0 | L95: 0 | M95: 6 | N95: 0 | O95: 0 | P95: 0 | Q95: 0 | R95: 0 | S95: 0 | T95: 1 | U95: 0 | V95: 0 | W95: 0 | X95: 0 | Y95: 0 | Z95: 0 | AA95: 0 | AB95: 0 | AC95: 0 | AD95: 1 | AE95: 0 | AF95: 0 | AG95: 0 | AH95: 1 | AI95: 0 | AJ95: 0 | AK95: 0 | AL95: 0 | AM95: 1 | AN95: 1 | AO95: 0 | AP95: =SUM(E95:AO95) -> 11
B96: 3 | C96: 3. VINA VERONIKA | E96: 1 | F96: 0 | G96: 0 | H96: 0 | I96: 0 | J96: 0 | K96: 0 | L96: 0 | M96: 0 | N96: 0 | O96: 0 | P96: 0 | Q96: 0 | R96: 0 | S96: 0 | T96: 1 | U96: 0 | V96: 0 | W96: 0 | X96: 0 | Y96: 0 | Z96: 0 | AA96: 0 | AB96: 0 | AC96: 0 | AD96: 0 | AE96: 1 | AF96: 0 | AG96: 0 | AH96: 0 | AI96: 0 | AJ96: 0 | AK96: 0 | AL96: 0 | AM96: 0 | AN96: 0 | AO96: 0 | AP96: =SUM(E96:AO96) -> 3
