Workbook

Sheet DPR RI
C8: Kecamatan
C9: Kabupaten | D9: BANYUWANGI
C10: Provinsi | D10: JAWA TIMUR
A12: I | B12: DATA PEMILIH DAN PENGGUNAAN HAK PILIH | E12: JUMLAH AKHIR
A13: A | B13: DATA PEMILIH
B14: Jumlah Pemilih dalam Daftar Pemilih Tetap (DPT) | D14: LK | E14: =SONGGON!AF14+BALAK!X14+SRAGI!AG14+PARANGHARJO!S14+BEDEWANG!W14+BAYU!AB14+SUMBERARUM!X14+SUMBERBULU!Q14 -> 19458
D15: PR | E15: =SONGGON!AF15+BALAK!X15+SRAGI!AG15+PARANGHARJO!S15+BEDEWANG!W15+BAYU!AB15+SUMBERARUM!X15 -> 18057
D16: JML | E16: =SUM(E14:E15) -> 37515
A18: B | B18: PENGGUNA HAK PILIH
B19: 1. | C19: Jumlah pengguna hak pilih dalam Daftar Pemilih Tetap (DPT) | D19: LK | E19: =SONGGON!AF19+BALAK!X19+SRAGI!AG19+PARANGHARJO!S19+BEDEWANG!W19+BAYU!AB19+SUMBERARUM!X19 -> 13272
D20: PR | E20: =SONGGON!AF20+BALAK!X20+SRAGI!AG20+PARANGHARJO!S20+BEDEWANG!W20+BAYU!AB20+SUMBERARUM!X20 -> 14392
D21: JML | E21: =SUM(E19:E20) -> 27664
B22: 2. | C22: Jumlah pengguna hak pilih dalam Daftar Pemilih Tambahan (DPTb) | D22: LK | E22: =SONGGON!AF22+BALAK!X22+SRAGI!AG22+PARANGHARJO!S22+BEDEWANG!W22+BAYU!AB22+SUMBERARUM!X22 -> 3
D23: PR | E23: =SONGGON!AF23+BALAK!X23+SRAGI!AG23+PARANGHARJO!S23+BEDEWANG!W23+BAYU!AB23+SUMBERARUM!X23 -> 3
D24: JML | E24: =SUM(E22:E23) -> 6
B25: 3. | C25: Jumlah pengguna hak pilih dalam Daftar Pemilih Khusus (DPK) | D25: LK | E25: =SONGGON!AF25+BALAK!X25+SRAGI!AG25+PARANGHARJO!S25+BEDEWANG!W25+BAYU!AB25+SUMBERARUM!X25 -> 84
D26: PR | E26: =SONGGON!AF26+BALAK!X26+SRAGI!AG26+PARANGHARJO!S26+BEDEWANG!W26+BAYU!AB26+SUMBERARUM!X26 -> 72
D27: JML | E27: =SUM(E25:E26) -> 156
B28: 4. | C28: Jumlah Pengguna Hak Pilih (B.1+B.2+B.3) | D28: LK | E28: =E19+E22+E25 -> 13359
D29: PR | E29: =E20+E23+E26 -> 14467
D30: JML | E30: =SUM(E28:E29) -> 27826
A32: II | B32: DATA PENGGUNAAN SURAT SUARA
A33: 1 | B33: Jumlah surat suara yang diterima, termasuk surat suara cadangan 2,5% dari DPT | E33: =SONGGON!AF33+BALAK!X33+SRAGI!AG33+PARANGHARJO!S33+BEDEWANG!W33+BAYU!AB33+SUMBERARUM!X33 -> 36328
A34: 2 | B34: Jumlah surat suara yang digunakan | E34: =SONGGON!AF34+BALAK!X34+SRAGI!AG34+PARANGHARJO!S34+BEDEWANG!W34+BAYU!AB34+SUMBERARUM!X34 -> 27826
A35: 3 | B35: Jumlah surat suara dikembalikan oleh pemilih (karena rusak atau keliru coblos) | E35: =SONGGON!AF35+BALAK!X35+SRAGI!AG35+PARANGHARJO!S35+BEDEWANG!W35+BAYU!AB35+SUMBERARUM!X35 -> 43
A36: 4 | B36: Jumlah surat suara yang tidak digunakan/tidak terpakai, termasuk sisa surat suara cadangan | E36: =E33-(E34+E35) -> 8459
A38: III | B38: DATA PEMILIH DISABILITAS
B39: Jumlah seluruh Pemilih disabilitas yang menggunakan hak pilih | D39: LK | E39: =SONGGON!AF39+BALAK!X39+SRAGI!AG39+PARANGHARJO!S39+BEDEWANG!W39+BAYU!AB39+SUMBERARUM!X39 -> 21
D40: PR | E40: =SONGGON!AF40+BALAK!X40+SRAGI!AG40+PARANGHARJO!S40+BEDEWANG!W40+BAYU!AB40+SUMBERARUM!X40 -> 22
D41: JML | E41: =SUM(E39:E40) -> 43
A43: IV | B43: DATA RINCIAN PEROLEHAN SUARA PASANGAN CALON BUPATI DAN WAKIL BUPATI
A44: NOMOR DAN NAMA CALON
A45: A.1 | B45: 1. | C45: Partai Kebangkitan Bangsa | E45: =SONGGON!AF45+BALAK!X45+SRAGI!AG45+PARANGHARJO!S45+BEDEWANG!W45+BAYU!AB45+SUMBERARUM!X45 -> 1196
A46: A.2 | B46: 1 | C46: 1. Dr. Hj. NIHAYATUL WAFIROH, M.A. | E46: =SONGGON!AF46+BALAK!X46+SRAGI!AG46+PARANGHARJO!S46+BEDEWANG!W46+BAYU!AB46+SUMBERARUM!X46 -> 2371
B47: 2 | C47: 2. H. M. NASIM KHAN | E47: =SONGGON!AF47+BALAK!X47+SRAGI!AG47+PARANGHARJO!S47+BEDEWANG!W47+BAYU!AB47+SUMBERARUM!X47 -> 592
B48: 3 | C48: 3. Dr. H. AKIK ZAMAN, M.Pd.I. | E48: =SONGGON!AF48+BALAK!X48+SRAGI!AG48+PARANGHARJO!S48+BEDEWANG!W48+BAYU!AB48+SUMBERARUM!X48 -> 113
B49: 4 | C49: 4. AHMAD RIFA'I, S.H. | E49: =SONGGON!AF49+BALAK!X49+SRAGI!AG49+PARANGHARJO!S49+BEDEWANG!W49+BAYU!AB49+SUMBERARUM!X49 -> 116
B50: 5 | C50: 5. Drs. H. MAHFUD M.N. | E50: =SONGGON!AF50+BALAK!X50+SRAGI!AG50+PARANGHARJO!S50+BEDEWANG!W50+BAYU!AB50+SUMBERARUM!X50 -> 70
B51: 6 | C51: 6. NURHAYATI, S.Pd. | E51: =SONGGON!AF51+BALAK!X51+SRAGI!AG51+PARANGHARJO!S51+BEDEWANG!W51+BAYU!AB51+SUMBERARUM!X51 -> 36
B52: 7 | C52: 7. MAFTUHA KISWAH | E52: =SONGGON!AF52+BALAK!X52+SRAGI!AG52+PARANGHARJO!S52+BEDEWANG!W52+BAYU!AB52+SUMBERARUM!X52 -> 18
A55: B | B55: JUMLAH SUARA SAH PARTAI POLITIK DAN CALON (A1 + A2) | E55: =SUM(E45:E52) -> 4512
A57: A.1 | B57: 2. | C57: Partai Gerakan Indonesia Raya | E57: =SONGGON!AF57+BALAK!X57+SRAGI!AG57+PARANGHARJO!S57+BEDEWANG!W57+BAYU!AB57+SUMBERARUM!X57 -> 1378
A58: A.2 | B58: 1 | C58: 1. SUMAIL ABDULLAH | E58: =SONGGON!AF58+BALAK!X58+SRAGI!AG58+PARANGHARJO!S58+BEDEWANG!W58+BAYU!AB58+SUMBERARUM!X58 -> 1332
B59: 2 | C59: 2. MUHAMMAD ALI ADRIAN SALEH | E59: =SONGGON!AF59+BALAK!X59+SRAGI!AG59+PARANGHARJO!S59+BEDEWANG!W59+BAYU!AB59+SUMBERARUM!X59 -> 1782
B60: 3 | C60: 3. DURROTUN NAFISAH | E60: =SONGGON!AF60+BALAK!X60+SRAGI!AG60+PARANGHARJO!S60+BEDEWANG!W60+BAYU!AB60+SUMBERARUM!X60 -> 148
B61: 4 | C61: 4. H. EKO SUSILO NURHIDAYAT | E61: =SONGGON!AF61+BALAK!X61+SRAGI!AG61+PARANGHARJO!S61+BEDEWANG!W61+BAYU!AB61+SUMBERARUM!X61 -> 167
B62: 5 | C62: 5. KARNADI HARIJANTO, S.S. | E62: =SONGGON!AF62+BALAK!X62+SRAGI!AG62+PARANGHARJO!S62+BEDEWANG!W62+BAYU!AB62+SUMBERARUM!X62 -> 28
B63: 6 | C63: 6. NURHAYATI | E63: =SONGGON!AF63+BALAK!X63+SRAGI!AG63+PARANGHARJO!S63+BEDEWANG!W63+BAYU!AB63+SUMBERARUM!X63 -> 86
B64: 7 | C64: 7. MASHUDI | E64: =SONGGON!AF64+BALAK!X64+SRAGI!AG64+PARANGHARJO!S64+BEDEWANG!W64+BAYU!AB64+SUMBERARUM!X64 -> 42
A67: B | B67: JUMLAH SUARA SAH PARTAI POLITIK DAN CALON (A1 + A2) | E67: =SUM(E57:E64) -> 4963
A69: A.1 | B69: 3. | C69: Partai Demokrasi Indonesia Perjuangan | E69: =SONGGON!AF69+BALAK!X69+SRAGI!AG69+PARANGHARJO!S69+BEDEWANG!W69+BAYU!AB69+SUMBERARUM!X69 -> 1522
A70: A.2 | B70: 1 | C70: 1. SONNY TRI DANAPARAMITA, S.H., M.H. | E70: =SONGGON!AF70+BALAK!X70+SRAGI!AG70+PARANGHARJO!S70+BEDEWANG!W70+BAYU!AB70+SUMBERARUM!X70 -> 2661
B71: 2 | C71: 2. H. MOHAMAD GUNTUR ROMLI | E71: =SONGGON!AF71+BALAK!X71+SRAGI!AG71+PARANGHARJO!S71+BEDEWANG!W71+BAYU!AB71+SUMBERARUM!X71 -> 335
B72: 3 | C72: 3. INA AMMANIA | E72: =SONGGON!AF72+BALAK!X72+SRAGI!AG72+PARANGHARJO!S72+BEDEWANG!W72+BAYU!AB72+SUMBERARUM!X72 -> 1420
B73: 4 | C73: 4. IRWAN BACHTIAR RACHMAT, M.Si. | E73: =SONGGON!AF73+BALAK!X73+SRAGI!AG73+PARANGHARJO!S73+BEDEWANG!W73+BAYU!AB73+SUMBERARUM!X73 -> 276
B74: 5 | C74: 5. LUCKY PERDANA | E74: =SONGGON!AF74+BALAK!X74+SRAGI!AG74+PARANGHARJO!S74+BEDEWANG!W74+BAYU!AB74+SUMBERARUM!X74 -> 376
B75: 6 | C75: 6. WIWIK PUJIYATI | E75: =SONGGON!AF75+BALAK!X75+SRAGI!AG75+PARANGHARJO!S75+BEDEWANG!W75+BAYU!AB75+SUMBERARUM!X75 -> 181
B76: 7 | C76: 7. CHANDRA ASTAN, S.T. | E76: =SONGGON!AF76+BALAK!X76+SRAGI!AG76+PARANGHARJO!S76+BEDEWANG!W76+BAYU!AB76+SUMBERARUM!X76 -> 172
A79: B | B79: JUMLAH SUARA SAH PARTAI POLITIK DAN CALON (A1 + A2) | E79: =SUM(E69:E76) -> 6943
A81: A.1 | B81: 4. | C81: Partai Golongan Karya | E81: =SONGGON!AF81+BALAK!X81+SRAGI!AG81+PARANGHARJO!S81+BEDEWANG!W81+BAYU!AB81+SUMBERARUM!X81 -> 560
A82: A.2 | B82: 1 | C82: 1. ZULFIKAR ARSE SADIKIN, S.I.P., M.Si. | E82: =SONGGON!AF82+BALAK!X82+SRAGI!AG82+PARANGHARJO!S82+BEDEWANG!W82+BAYU!AB82+SUMBERARUM!X82 -> 1232
B83: 2 | C83: 2. HANDOKO | E83: =SONGGON!AF83+BALAK!X83+SRAGI!AG83+PARANGHARJO!S83+BEDEWANG!W83+BAYU!AB83+SUMBERARUM!X83 -> 1107
B84: 3 | C84: 3. Hj. OVI DEWI YANTI | E84: =SONGGON!AF84+BALAK!X84+SRAGI!AG84+PARANGHARJO!S84+BEDEWANG!W84+BAYU!AB84+SUMBERARUM!X84 -> 78
B85: 4 | C85: 4. Ir. AZAM AZMAN NATAWIJANA | E85: =SONGGON!AF85+BALAK!X85+SRAGI!AG85+PARANGHARJO!S85+BEDEWANG!W85+BAYU!AB85+SUMBERARUM!X85 -> 131
B86: 5 | C86: 5. UBAIDILLAH AMIN, S.Kom. | E86: =SONGGON!AF86+BALAK!X86+SRAGI!AG86+PARANGHARJO!S86+BEDEWANG!W86+BAYU!AB86+SUMBERARUM!X86 -> 167
B87: 6 | C87: 6. DENNY YUNIANDARI, S.H., M.Kn. | E87: =SONGGON!AF87+BALAK!X87+SRAGI!AG87+PARANGHARJO!S87+BEDEWANG!W87+BAYU!AB87+SUMBERARUM!X87 -> 16
B88: 7 | C88: 7. ERNADI, S.H.I. | E88: =SONGGON!AF88+BALAK!X88+SRAGI!AG88+PARANGHARJO!S88+BEDEWANG!W88+BAYU!AB88+SUMBERARUM!X88 -> 9
A91: B | B91: JUMLAH SUARA SAH PARTAI POLITIK DAN CALON (A1 + A2) | E91: =SUM(E81:E88) -> 3300
A93: A.1 | B93: 5. | C93: Partai NasDem | E93: =SONGGON!AF93+BALAK!X93+SRAGI!AG93+PARANGHARJO!S93+BEDEWANG!W93+BAYU!AB93+SUMBERARUM!X93 -> 178
A94: A.2 | B94: 1 | C94: 1. ACH. FADIL MUZAKKI SYAH | E94: =SONGGON!AF94+BALAK!X94+SRAGI!AG94+PARANGHARJO!S94+BEDEWANG!W94+BAYU!AB94+SUMBERARUM!X94 -> 145
B95: 2 | C95: 2. BENY | E95: =SONGGON!AF95+BALAK!X95+SRAGI!AG95+PARANGHARJO!S95+BEDEWANG!W95+BAYU!AB95+SUMBERARUM!X95 -> 229
B96: 3 | C96: 3. VINA VERONIKA | E96: =SONGGON!AF96+BALAK!X96+SRAGI!AG96+PARANGHARJO!S96+BEDEWANG!W96+BAYU!AB96+SUMBERARUM!X96 -> 22
B97: 4 | C97: 4. TEDDY ANUGRIANTO | E97: =SONGGON!AF97+BALAK!X97+SRAGI!AG97+PARANGHARJO!S97+BEDEWANG!W97+BAYU!AB97+SUMBERARUM!X97 -> 150
B98: 5 | C98: 5. INSAN KAMIL | E98: =SONGGON!AF98+BALAK!X98+SRAGI!AG98+PARANGHARJO!S98+BEDEWANG!W98+BAYU!AB98+SUMBERARUM!X98 -> 18
B99: 6 | C99: 6. LILIK LINDARWATI | E99: =SONGGON!AF99+BALAK!X99+SRAGI!AG99+PARANGHARJO!S99+BEDEWANG!W99+BAYU!AB99+SUMBERARUM!X99 -> 19
B100: 7 | C100: 7. YULI ANITA | E100: =SONGGON!AF100+BALAK!X100+SRAGI!AG100+PARANGHARJO!S100+BEDEWANG!W100+BAYU!AB100+SUMBERARUM!X100 -> 12
A103: B | B103: JUMLAH SUARA SAH PARTAI POLITIK DAN CALON (A1 + A2) | E103: =SUM(E93:E100) -> 773
A105: A.1 | B105: 6. | C105: Partai Buruh | E105: =SONGGON!AF105+BALAK!X105+SRAGI!AG105+PARANGHARJO!S105+BEDEWANG!W105+BAYU!AB105+SUMBERARUM!X105 -> 112
A106: A.2 | B106: 1 | C106: 1. KHOIRUL ANAM | E106: =SONGGON!AF106+BALAK!X106+SRAGI!AG106+PARANGHARJO!S106+BEDEWANG!W106+BAYU!AB106+SUMBERARUM!X106 -> 30
B107: 2 | C107: 2. INA KURNIA | E107: =SONGGON!AF107+BALAK!X107+SRAGI!AG107+PARANGHARJO!S107+BEDEWANG!W107+BAYU!AB107+SUMBERARUM!X107 -> 17
B108: 3 | C108: 3. JIBRAL TAROUK | E108: =SONGGON!AF108+BALAK!X108+SRAGI!AG108+PARANGHARJO!S108+BEDEWANG!W108+BAYU!AB108+SUMBERARUM!X108 -> 10
B109: 4 | C109: 4. ASTUTI DAENG PUJI | E109: =SONGGON!AF109+BALAK!X109+SRAGI!AG109+PARANGHARJO!S109+BEDEWANG!W109+BAYU!AB109+SUMBERARUM!X109 -> 3
B110: 5 | C110: 5. ASDARMAWAN | E110: =SONGGON!AF110+BALAK!X110+SRAGI!AG110+PARANGHARJO!S110+BEDEWANG!W110+BAYU!AB110+SUMBERARUM!X110 -> 1
B111: 6 | C111: 6. RIFQI MUBAROK | E111: =SONGGON!AF111+BALAK!X111+SRAGI!AG111+PARANGHARJO!S111+BEDEWANG!W111+BAYU!AB111+SUMBERARUM!X111 -> 6
B112: 7 | C112: 7. FIRNANDA ALTA MEGA | E112: =SONGGON!AF112+BALAK!X112+SRAGI!AG112+PARANGHARJO!S112+BEDEWANG!W112+BAYU!AB112+SUMBERARUM!X112 -> 3
A115: B | B115: JUMLAH SUARA SAH PARTAI POLITIK DAN CALON (A1 + A2) | E115: =SUM(E105:E112) -> 182
A117: A.1 | B117: 7. | C117: Partai Gelombang Rakyat Indonesia | E117: =SONGGON!AF117+BALAK!X117+SRAGI!AG117+PARANGHARJO!S117+BEDEWANG!W117+BAYU!AB117+SUMBERARUM!X117 -> 85
A118: A.2 | B118: 1 | C118: 1. TITI WIDORETNO WARISMAN | E118: =SONGGON!AF118+BALAK!X118+SRAGI!AG118+PARANGHARJO!S118+BEDEWANG!W118+BAYU!AB118+SUMBERARUM!X118 -> 31
B119: 2 | C119: 2. MAMIEK SETYANINGSIH | E119: =SONGGON!AF119+BALAK!X119+SRAGI!AG119+PARANGHARJO!S119+BEDEWANG!W119+BAYU!AB119+SUMBERARUM!X119 -> 11
B120: 3 | C120: 3. ROMIL AZIZEN | E120: =SONGGON!AF120+BALAK!X120+SRAGI!AG120+PARANGHARJO!S120+BEDEWANG!W120+BAYU!AB120+SUMBERARUM!X120 -> 8
A127: B | B127: JUMLAH SUARA SAH PARTAI POLITIK DAN CALON (A1 + A2) | E127: =SUM(E117:E120) -> 135
A129: A.1 | B129: 8. | C129: Partai Keadilan Sejahtera | E129: =SONGGON!AF129+BALAK!X129+SRAGI!AG129+PARANGHARJO!S129+BEDEWANG!W129+BAYU!AB129+SUMBERARUM!X129 -> 197
A130: A.2 | B130: 1 | C130: 1. H. SAIMI SALEH, S.E., M.M. | E130: =SONGGON!AF130+BALAK!X130+SRAGI!AG130+PARANGHARJO!S130+BEDEWANG!W130+BAYU!AB130+SUMBERARUM!X130 -> 410
B131: 2 | C131: 2. Prof. Dr. H. EGGI SUDJANA, S.H., M.Si. | E131: =SONGGON!AF131+BALAK!X131+SRAGI!AG131+PARANGHARJO!S131+BEDEWANG!W131+BAYU!AB131+SUMBERARUM!X131 -> 74
B132: 3 | C132: 3. NURUL KHOTIMAH | E132: =SONGGON!AF132+BALAK!X132+SRAGI!AG132+PARANGHARJO!S132+BEDEWANG!W132+BAYU!AB132+SUMBERARUM!X132 -> 24
B133: 4 | C133: 4. AKHMAD SUYANTO, S.T., M.T. | E133: =SONGGON!AF133+BALAK!X133+SRAGI!AG133+PARANGHARJO!S133+BEDEWANG!W133+BAYU!AB133+SUMBERARUM!X133 -> 10
B134: 5 | C134: 5. PUJIYATNI | E134: =SONGGON!AF134+BALAK!X134+SRAGI!AG134+PARANGHARJO!S134+BEDEWANG!W134+BAYU!AB134+SUMBERARUM!X134 -> 47
B135: 6 | C135: 6. HENI PURWATININGSIH | E135: =SONGGON!AF135+BALAK!X135+SRAGI!AG135+PARANGHARJO!S135+BEDEWANG!W135+BAYU!AB135+SUMBERARUM!X135 -> 22
B136: 7 | C136: 7. MUHADI | E136: =SONGGON!AF136+BALAK!X136+SRAGI!AG136+PARANGHARJO!S136+BEDEWANG!W136+BAYU!AB136+SUMBERARUM!X136 -> 2
A139: B | B139: JUMLAH SUARA SAH PARTAI POLITIK DAN CALON (A1 + A2) | E139: =SUM(E129:E136) -> 786
...

Sheet SONGGON
C2: Kecamatan
C3: Kabupaten | D3: BANYUWANGI
C4: Provinsi | D4: JAWA TIMUR
C9: Kelurahan
A12: I | B12: DATA PEMILIH DAN PENGGUNAAN HAK PILIH | AF12: JUMLAH AKHIR
A13: A | B13: DATA PEMILIH | E13: TPS 001 | F13: TPS 002 | G13: TPS 003 | H13: TPS 004 | I13: TPS 005 | J13: TPS 006 | K13: TPS 007 | L13: TPS 008 | M13: TPS 009 | N13: TPS 010 | O13: TPS 011 | P13: TPS 012 | Q13: TPS 013 | R13: TPS 014 | S13: TPS 015 | T13: TPS 016 | U13: TPS 017 | V13: TPS 018 | W13: TPS 019 | X13: TPS 020 | Y13: TPS 021 | Z13: TPS 022 | AA13: TPS 023 | AB13: TPS 024 | AC13: TPS 025 | AD13: TPS 026 | AE13: TPS 027
B14: Jumlah Pemilih dalam Daftar Pemilih Tetap (DPT) | D14: LK | E14: 105 | F14: 135 | G14: 112 | H14: 110 | I14: 120 | J14: 136 | K14: 146 | L14: 92 | M14: 81 | N14: 119 | O14: 140 | P14: 140 | Q14: 140 | R14: 145 | S14: 139 | T14: 94 | U14: 127 | V14: 157 | W14: 149 | X14: 127 | Y14: 140 | Z14: 127 | AA14: 122 | AB14: 147 | AC14: 150 | AD14: 148 | AE14: 136 | AF14: =SUM(E14:AE14) -> 3484
D15: PR | E15: 127 | F15: 134 | G15: 128 | H15: 110 | I15: 127 | J15: 130 | K15: 142 | L15: 98 | M15: 97 | N15: 129 | O15: 140 | P15: 136 | Q15: 134 | R15: 139 | S15: 141 | T15: 103 | U15: 127 | V15: 142 | W15: 148 | X15: 131 | Y15: 150 | Z15: 137 | AA15: 110 | AB15: 132 | AC15: 148 | AD15: 151 | AE15: 144 | AF15: =SUM(E15:AE15) -> 3535
D16: JML | E16: =SUM(E14:E15) -> 232 | F16: =SUM(F14:F15) -> 269 | G16: =SUM(G14:G15) -> 240 | H16: =SUM(H14:H15) -> 220 | I16: =SUM(I14:I15) -> 247 | J16: =SUM(J14:J15) -> 266 | K16: =SUM(K14:K15) -> 288 | L16: =SUM(L14:L15) -> 190 | ... AE16: =SUM(AE14:AE15) -> 280 | AF16: =SUM(E16:AE16) -> 7019
A18: B | B18: PENGGUNA HAK PILIH
B19: 1. | C19: Jumlah pengguna hak pilih dalam Daftar Pemilih Tetap (DPT) | D19: LK | E19: 77 | F19: 95 | G19: 67 | H19: 84 | I19: 101 | J19: 95 | K19: 104 | L19: 65 | M19: 59 | N19: 80 | O19: 108 | P19: 103 | Q19: 109 | R19: 105 | S19: 101 | T19: 76 | U19: 95 | V19: 119 | W19: 110 | X19: 95 | Y19: 99 | Z19: 98 | AA19: 95 | AB19: 110 | AC19: 115 | AD19: 127 | AE19: 112 | AF19: =SUM(E19:AE19) -> 2604
D20: PR | E20: 107 | F20: 106 | G20: 88 | H20: 90 | I20: 104 | J20: 104 | K20: 108 | L20: 69 | M20: 68 | N20: 100 | O20: 108 | P20: 115 | Q20: 103 | R20: 115 | S20: 115 | T20: 81 | U20: 105 | V20: 120 | W20: 128 | X20: 110 | Y20: 116 | Z20: 116 | AA20: 93 | AB20: 109 | AC20: 114 | AD20: 132 | AE20: 127 | AF20: =SUM(E20:AE20) -> 2851
D21: JML | E21: =SUM(E19:E20) -> 184 | F21: =SUM(F19:F20) -> 201 | G21: =SUM(G19:G20) -> 155 | H21: =SUM(H19:H20) -> 174 | I21: =SUM(I19:I20) -> 205 | J21: =SUM(J19:J20) -> 199 | K21: =SUM(K19:K20) -> 212 | L21: =SUM(L19:L20) -> 134 | ... AE21: =SUM(AE19:AE20) -> 239 | AF21: =SUM(E21:AE21) -> 5455
B22: 2. | C22: Jumlah pengguna hak pilih dalam Daftar Pemilih Tambahan (DPTb) | D22: LK | E22: 0 | F22: 0 | G22: 0 | H22: 0 | I22: 0 | J22: 0 | K22: 0 | L22: 0 | M22: 0 | N22: 0 | O22: 0 | P22: 0 | Q22: 0 | R22: 0 | S22: 0 | T22: 0 | U22: 0 | V22: 0 | W22: 1 | X22: 0 | Y22: 0 | Z22: 0 | AA22: 0 | AB22: 0 | AC22: 0 | AD22: 0 | AE22: 0 | AF22: =SUM(E22:AE22) -> 1
D23: PR | E23: 0 | F23: 0 | G23: 0 | H23: 0 | I23: 0 | J23: 0 | K23: 0 | L23: 0 | M23: 0 | N23: 0 | O23: 0 | P23: 0 | Q23: 0 | R23: 0 | S23: 0 | T23: 0 | U23: 0 | V23: 0 | W23: 1 | X23: 0 | Y23: 1 | Z23: 0 | AA23: 0 | AB23: 0 | AC23: 0 | AD23: 0 | AE23: 0 | AF23: =SUM(E23:AE23) -> 2
D24: JML | E24: =SUM(E22:E23) -> 0 | F24: =SUM(F22:F23) -> 0 | G24: =SUM(G22:G23) -> 0 | H24: =SUM(H22:H23) -> 0 | I24: =SUM(I22:I23) -> 0 | J24: =SUM(J22:J23) -> 0 | K24: =SUM(K22:K23) -> 0 | L24: =SUM(L22:L23) -> 0 | ... AE24: =SUM(AE22:AE23) -> 0 | AF24: =SUM(E24:AE24) -> 3
B25: 3. | C25: Jumlah pengguna hak pilih dalam Daftar Pemilih Khusus (DPK) | D25: LK | E25: 0 | F25: 2 | G25: 1 | H25: 1 | I25: 3 | J25: 0 | K25: 0 | L25: 0 | M25: 0 | N25: 1 | O25: 1 | P25: 2 | Q25: 1 | R25: 1 | S25: 0 | T25: 1 | U25: 0 | V25: 0 | W25: 5 | X25: 0 | Y25: 0 | Z25: 1 | AA25: 1 | AB25: 0 | AC25: 0 | AD25: 0 | AE25: 0 | AF25: =SUM(E25:AE25) -> 21
D26: PR | E26: 1 | F26: 0 | G26: 0 | H26: 0 | I26: 1 | J26: 0 | K26: 0 | L26: 0 | M26: 0 | N26: 0 | O26: 0 | P26: 0 | Q26: 1 | R26: 1 | S26: 0 | T26: 0 | U26: 0 | V26: 0 | W26: 4 | X26: 1 | Y26: 1 | Z26: 0 | AA26: 2 | AB26: 0 | AC26: 0 | AD26: 0 | AE26: 0 | AF26: =SUM(E26:AE26) -> 12
D27: JML | E27: =SUM(E25:E26) -> 1 | F27: =SUM(F25:F26) -> 2 | G27: =SUM(G25:G26) -> 1 | H27: =SUM(H25:H26) -> 1 | I27: =SUM(I25:I26) -> 4 | J27: =SUM(J25:J26) -> 0 | K27: =SUM(K25:K26) -> 0 | L27: =SUM(L25:L26) -> 0 | ... AE27: =SUM(AE25:AE26) -> 0 | AF27: =SUM(E27:AE27) -> 33
B28: 4. | C28: Jumlah Pengguna Hak Pilih (B.1+B.2+B.3) | D28: LK | E28: =SUM(E19,E22,E25) -> 77 | F28: =SUM(F19,F22,F25) -> 97 | G28: =SUM(G19,G22,G25) -> 68 | H28: =SUM(H19,H22,H25) -> 85 | I28: =SUM(I19,I22,I25) -> 104 | J28: =SUM(J19,J22,J25) -> 95 | K28: =SUM(K19,K22,K25) -> 104 | L28: =SUM(L19,L22,L25) -> 65 | ... AE28: =SUM(AE19,AE22,AE25) -> 112 | AF28: =SUM(E28:AE28) -> 2626
D29: PR | E29: =SUM(E20,E23,E26) -> 108 | F29: =SUM(F20,F23,F26) -> 106 | G29: =SUM(G20,G23,G26) -> 88 | H29: =SUM(H20,H23,H26) -> 90 | I29: =SUM(I20,I23,I26) -> 105 | J29: =SUM(J20,J23,J26) -> 104 | K29: =SUM(K20,K23,K26) -> 108 | L29: =SUM(L20,L23,L26) -> 69 | ... AE29: =SUM(AE20,AE23,AE26) -> 127 | AF29: =SUM(E29:AE29) -> 2865
D30: JML | E30: =SUM(E28:E29) -> 185 | F30: =SUM(F28:F29) -> 203 | G30: =SUM(G28:G29) -> 156 | H30: =SUM(H28:H29) -> 175 | I30: =SUM(I28:I29) -> 209 | J30: =SUM(J28:J29) -> 199 | K30: =SUM(K28:K29) -> 212 | L30: =SUM(L28:L29) -> 134 | ... AE30: =SUM(AE28:AE29) -> 239 | AF30: =SUM(E30:AE30) -> 5491
A32: II | B32: DATA PENGGUNAAN SURAT SUARA
A33: 1 | B33: Jumlah surat suara yang diterima, termasuk surat suara cadangan 2,5% dari DPT | E33: 227 | F33: 275 | G33: 245 | H33: 225 | I33: 252 | J33: 272 | K33: 294 | L33: 194 | M33: 216 | N33: 253 | O33: 275 | P33: 272 | Q33: 292 | R33: 290 | S33: 286 | T33: 198 | U33: 259 | V33: 305 | W33: 303 | X33: 264 | Y33: 297 | Z33: 270 | AA33: 237 | AB33: 275 | AC33: 274 | AD33: 305 | AE33: 276 | AF33: =SUM(E33:AE33) -> 7131
A34: 2 | B34: Jumlah surat suara yang digunakan | E34: 185 | F34: 203 | G34: 156 | H34: 175 | I34: 209 | J34: 199 | K34: 212 | L34: 134 | M34: 127 | N34: 181 | O34: 217 | P34: 220 | Q34: 214 | R34: 222 | S34: 216 | T34: 158 | U34: 200 | V34: 239 | W34: 249 | X34: 206 | Y34: 217 | Z34: 215 | AA34: 191 | AB34: 219 | AC34: 229 | AD34: 259 | AE34: 239 | AF34: =SUM(E34:AE34) -> 5491
A35: 3 | B35: Jumlah surat suara dikembalikan oleh pemilih (karena rusak atau keliru coblos) | E35: 0 | F35: 1 | G35: 0 | H35: 0 | I35: 1 | J35: 0 | K35: 0 | L35: 1 | M35: 0 | N35: 0 | O35: 0 | P35: 0 | Q35: 1 | R35: 0 | S35: 0 | T35: 0 | U35: 0 | V35: 0 | W35: 0 | X35: 1 | Y35: 2 | Z35: 0 | AA35: 0 | AB35: 0 | AC35: 0 | AD35: 0 | AE35: 0 | AF35: =SUM(E35:AE35) -> 7
A36: 4 | B36: Jumlah surat suara yang tidak digunakan/tidak terpakai, termasuk sisa surat suara cadangan | E36: =E33-(E34+E35) -> 42 | F36: =F33-(F34+F35) -> 71 | G36: =G33-(G34+G35) -> 89 | H36: =H33-(H34+H35) -> 50 | I36: =I33-(I34+I35) -> 42 | J36: =J33-(J34+J35) -> 73 | K36: =K33-(K34+K35) -> 82 | L36: =L33-(L34+L35) -> 59 | ... AE36: =AE33-(AE34+AE35) -> 37 | AF36: =SUM(E36:AE36) -> 1633
A38: III | B38: DATA PEMILIH DISABILITAS
B39: Jumlah seluruh Pemilih disabilitas yang menggunakan hak pilih | D39: LK | E39: 0 | F39: 0 | G39: 0 | H39: 0 | I39: 0 | J39: 0 | K39: 1 | L39: 0 | M39: 1 | N39: 0 | O39: 0 | P39: 0 | Q39: 0 | R39: 2 | S39: 0 | T39: 0 | U39: 0 | V39: 2 | W39: 0 | X39: 0 | Y39: 0 | Z39: 0 | AA39: 0 | AB39: 0 | AC39: 0 | AD39: 0 | AE39: 0 | AF39: =SUM(E39:AE39) -> 6
D40: PR | E40: 0 | F40: 0 | G40: 0 | H40: 0 | I40: 1 | J40: 0 | K40: 0 | L40: 0 | M40: 2 | N40: 2 | O40: 0 | P40: 0 | Q40: 0 | R40: 4 | S40: 0 | T40: 0 | U40: 0 | V40: 2 | W40: 0 | X40: 0 | Y40: 2 | Z40: 0 | AA40: 0 | AB40: 0 | AC40: 0 | AD40: 0 | AE40: 0 | AF40: =SUM(E40:AE40) -> 13
D41: JML | E41: =SUM(E39:E40) -> 0 | F41: =SUM(F39:F40) -> 0 | G41: =SUM(G39:G40) -> 0 | H41: =SUM(H39:H40) -> 0 | I41: =SUM(I39:I40) -> 1 | J41: =SUM(J39:J40) -> 0 | K41: =SUM(K39:K40) -> 1 | L41: =SUM(L39:L40) -> 0 | ... AE41: =SUM(AE39:AE40) -> 0 | AF41: =SUM(E41:AE41) -> 19
A43: IV | B43: DATA RINCIAN PEROLEHAN SUARA PASANGAN CALON BUPATI DAN WAKIL BUPATI
A44: NOMOR DAN NAMA CALON
A45: A.1 | B45: 1. | C45: Partai Kebangkitan Bangsa | E45: 8 | F45: 12 | G45: 9 | H45: 7 | I45: 6 | J45: 9 | K45: 7 | L45: 3 | M45: 11 | N45: 5 | O45: 9 | P45: 8 | Q45: 4 | R45: 10 | S45: 12 | T45: 5 | U45: 3 | V45: 11 | W45: 7 | X45: 14 | Y45: 7 | Z45: 8 | AA45: 7 | AB45: 13 | AC45: 13 | AD45: 6 | AE45: 2 | AF45: =SUM(E45:AE45) -> 216
A46: A.2 | B46: 1 | C46: 1. Dr. Hj. NIHAYATUL WAFIROH, M.A. | E46: 8 | F46: 11 | G46: 10 | H46: 12 | I46: 15 | J46: 14 | K46: 7 | L46: 4 | M46: 14 | N46: 14 | O46: 11 | P46: 5 | Q46: 8 | R46: 8 | S46: 20 | T46: 5 | U46: 3 | V46: 27 | W46: 27 | X46: 16 | Y46: 21 | Z46: 8 | AA46: 8 | AB46: 5 | AC46: 20 | AD46: 9 | AE46: 4 | AF46: =SUM(E46:AE46) -> 314
B47: 2 | C47: 2. H. M. NASIM KHAN | E47: 4 | F47: 6 | G47: 3 | H47: 2 | I47: 4 | J47: 6 | K47: 1 | L47: 0 | M47: 2 | N47: 1 | O47: 11 | P47: 6 | Q47: 6 | R47: 2 | S47: 6 | T47: 2 | U47: 2 | V47: 14 | W47: 6 | X47: 11 | Y47: 5 | Z47: 4 | AA47: 3 | AB47: 5 | AC47: 9 | AD47: 7 | AE47: 4 | AF47: =SUM(E47:AE47) -> 132
B48: 3 | C48: 3. Dr. H. AKIK ZAMAN, M.Pd.I. | E48: 1 | F48: 0 | G48: 3 | H48: 3 | I48: 1 | J48: 3 | K48: 0 | L48: 0 | M48: 1 | N48: 0 | O48: 1 | P48: 0 | Q48: 0 | R48: 1 | S48: 2 | T48: 0 | U48: 0 | V48: 1 | W48: 3 | X48: 0 | Y48: 1 | AA48: 0 | AB48: 2 | AC48: 1 | AD48: 1 | AE48: 0 | AF48: =SUM(E48:AE48) -> 25
B49: 4 | C49: 4. AHMAD RIFA'I, S.H. | F49: 1 | G49: 1 | H49: 2 | I49: 0 | K49: 0 | L49: 0 | N49: 0 | O49: 0 | P49: 1 | Q49: 0 | R49: 0 | S49: 3 | T49: 0 | U49: 0 | V49: 1 | W49: 1 | X49: 0 | Y49: 1 | Z49: 1 | AA49: 0 | AB49: 2 | AC49: 1 | AD49: 0 | AE49: 5 | AF49: =SUM(E49:AE49) -> 20
B50: 5 | C50: 5. Drs. H. MAHFUD M.N. | F50: 0 | G50: 1 | H50: 0 | I50: 0 | J50: 1 | K50: 3 | L50: 0 | N50: 1 | O50: 1 | P50: 3 | Q50: 0 | R50: 2 | S50: 1 | T50: 0 | U50: 1 | V50: 0 | W50: 2 | X50: 2 | Y50: 1 | Z50: 1 | AA50: 2 | AB50: 1 | AC50: 3 | AE50: 0 | AF50: =SUM(E50:AE50) -> 26
B51: 6 | C51: 6. NURHAYATI, S.Pd. | F51: 0 | G51: 1 | H51: 0 | I51: 1 | J51: 0 | K51: 0 | L51: 0 | N51: 0 | O51: 1 | P51: 0 | Q51: 0 | R51: 0 | S51: 0 | T51: 0 | U51: 1 | V51: 0 | W51: 1 | X51: 0 | Y51: 0 | Z51: 1 | AA51: 1 | AB51: 0 | AC51: 0 | AE51: 0 | AF51: =SUM(E51:AE51) -> 7
B52: 7 | C52: 7. MAFTUHA KISWAH | F52: 1 | G52: 0 | H52: 0 | I52: 0 | K52: 0 | L52: 0 | N52: 0 | O52: 0 | P52: 1 | Q52: 0 | R52: 1 | S52: 0 | T52: 0 | U52: 0 | V52: 0 | W52: 0 | X52: 0 | Y52: 0 | AA52: 0 | AB52: 0 | AC52: 0 | AE52: 0 | AF52: =SUM(E52:AE52) -> 3
A55: B | B55: JUMLAH SUARA SAH PARTAI POLITIK DAN CALON (A1 + A2) | E55: =SUM(E45:E52) -> 21 | F55: =SUM(F45:F52) -> 31 | G55: =SUM(G45:G52) -> 28 | H55: =SUM(H45:H52) -> 26 | I55: =SUM(I45:I52) -> 27 | J55: =SUM(J45:J52) -> 33 | K55: =SUM(K45:K52) -> 18 | L55: =SUM(L45:L52) -> 7 | ... AE55: =SUM(AE45:AE52) -> 15 | AF55: =SUM(E55:AE55) -> 743
A57: A.1 | B57: 2. | C57: Partai Gerakan Indonesia Raya | E57: 14 | F57: 14 | G57: 8 | H57: 3 | I57: 10 | J57: 12 | K57: 11 | L57: 5 | M57: 7 | N57: 7 | O57: 7 | P57: 13 | Q57: 13 | R57: 14 | S57: 10 | T57: 8 | U57: 12 | V57: 13 | W57: 4 | X57: 9 | Y57: 11 | Z57: 9 | AA57: 8 | AB57: 9 | AC57: 14 | AD57: 6 | AE57: 11 | AF57: =SUM(E57:AE57) -> 262
A58: A.2 | B58: 1 | C58: 1. SUMAIL ABDULLAH | E58: 2 | F58: 11 | G58: 8 | H58: 1 | I58: 1 | J58: 4 | K58: 2 | L58: 2 | M58: 1 | N58: 2 | O58: 8 | P58: 8 | Q58: 8 | R58: 5 | S58: 15 | T58: 7 | U58: 5 | V58: 6 | W58: 26 | X58: 7 | Y58: 9 | Z58: 2 | AA58: 4 | AB58: 6 | AC58: 2 | AD58: 1 | AE58: 10 | AF58: =SUM(E58:AE58) -> 163
B59: 2 | C59: 2. MUHAMMAD ALI ADRIAN SALEH | E59: 41 | F59: 45 | G59: 6 | H59: 5 | I59: 1 | J59: 4 | K59: 3 | L59: 1 | N59: 3 | O59: 13 | P59: 49 | Q59: 3 | R59: 8 | S59: 6 | T59: 9 | U59: 24 | V59: 4 | W59: 3 | X59: 2 | Y59: 12 | Z59: 24 | AA59: 8 | AB59: 2 | AC59: 6 | AD59: 3 | AE59: 28 | AF59: =SUM(E59:AE59) -> 313
B60: 3 | C60: 3. DURROTUN NAFISAH | E60: 0 | F60: 0 | G60: 1 | H60: 0 | I60: 0 | J60: 1 | K60: 1 | L60: 0 | N60: 0 | O60: 0 | P60: 4 | Q60: 1 | R60: 0 | S60: 1 | T60: 1 | U60: 8 | V60: 0 | W60: 0 | X60: 1 | Y60: 1 | Z60: 3 | AA60: 0 | AB60: 0 | AC60: 0 | AD60: 0 | AE60: 2 | AF60: =SUM(E60:AE60) -> 25
B61: 4 | C61: 4. H. EKO SUSILO NURHIDAYAT | F61: 1 | G61: 1 | H61: 1 | I61: 1 | J61: 1 | K61: 1 | L61: 0 | N61: 1 | O61: 3 | P61: 1 | Q61: 0 | R61: 1 | S61: 1 | T61: 2 | U61: 1 | V61: 1 | W61: 1 | X61: 1 | Y61: 3 | Z61: 1 | AA61: 3 | AB61: 0 | AC61: 1 | AD61: 1 | AE61: 3 | AF61: =SUM(E61:AE61) -> 31
B62: 5 | C62: 5. KARNADI HARIJANTO, S.S. | F62: 0 | G62: 0 | H62: 0 | I62: 0 | J62: 1 | K62: 0 | L62: 0 | N62: 0 | O62: 0 | P62: 1 | Q62: 0 | R62: 0 | S62: 0 | T62: 1 | U62: 1 | V62: 1 | W62: 1 | X62: 1 | Y62: 0 | Z62: 1 | AA62: 0 | AB62: 0 | AC62: 0 | AD62: 0 | AF62: =SUM(E62:AE62) -> 8
B63: 6 | C63: 6. NURHAYATI | E63: 1 | F63: 1 | G63: 0 | H63: 0 | I63: 2 | J63: 1 | K63: 0 | L63: 1 | M63: 1 | N63: 3 | O63: 0 | P63: 2 | Q63: 1 | R63: 0 | S63: 1 | T63: 1 | U63: 0 | V63: 0 | W63: 0 | X63: 0 | Y63: 0 | Z63: 1 | AA63: 1 | AB63: 0 | AC63: 0 | AD63: 0 | AF63: =SUM(E63:AE63) -> 17
B64: 7 | C64: 7. MASHUDI | F64: 0 | G64: 0 | H64: 0 | I64: 1 | J64: 2 | K64: 0 | L64: 0 | N64: 1 | O64: 0 | P64: 1 | Q64: 0 | R64: 0 | S64: 0 | T64: 0 | U64: 0 | V64: 0 | W64: 2 | X64: 0 | Y64: 0 | AA64: 0 | AB64: 0 | AC64: 0 | AD64: 0 | AF64: =SUM(E64:AE64) -> 7
A67: B | B67: JUMLAH SUARA SAH PARTAI POLITIK DAN CALON (A1 + A2) | E67: =SUM(E57:E64) -> 58 | F67: =SUM(F57:F64) -> 72 | G67: =SUM(G57:G64) -> 24 | H67: =SUM(H57:H64) -> 10 | I67: =SUM(I57:I64) -> 16 | J67: =SUM(J57:J64) -> 26 | K67: =SUM(K57:K64) -> 18 | L67: =SUM(L57:L64) -> 9 | ... AE67: =SUM(AE57:AE64) -> 54 | AF67: =SUM(E67:AE67) -> 826
A69: A.1 | B69: 3. | C69: Partai Demokrasi Indonesia Perjuangan | E69: 11 | F69: 13 | G69: 11 | H69: 17 | I69: 17 | J69: 5 | K69: 14 | L69: 12 | M69: 11 | N69: 9 | O69: 16 | P69: 14 | Q69: 11 | R69: 16 | S69: 13 | T69: 18 | U69: 17 | V69: 6 | W69: 6 | X69: 8 | Y69: 20 | Z69: 11 | AA69: 20 | AB69: 19 | AC69: 18 | AD69: 15 | AE69: 15 | AF69: =SUM(E69:AE69) -> 363
A70: A.2 | B70: 1 | C70: 1. SONNY TRI DANAPARAMITA, S.H., M.H. | E70: 8 | F70: 6 | G70: 7 | H70: 26 | I70: 19 | J70: 12 | K70: 4 | L70: 3 | M70: 4 | N70: 28 | O70: 20 | P70: 22 | Q70: 16 | R70: 13 | S70: 21 | T70: 22 | U70: 13 | V70: 4 | W70: 10 | X70: 16 | Y70: 16 | Z70: 26 | AA70: 15 | AB70: 12 | AC70: 7 | AD70: 11 | AE70: 21 | AF70: =SUM(E70:AE70) -> 382
B71: 2 | C71: 2. H. MOHAMAD GUNTUR ROMLI | E71: 1 | F71: 2 | G71: 4 | H71: 0 | I71: 0 | J71: 0 | K71: 1 | L71: 2 | M71: 1 | N71: 0 | O71: 0 | P71: 4 | Q71: 12 | R71: 7 | S71: 4 | T71: 2 | U71: 4 | V71: 0 | W71: 1 | X71: 2 | Y71: 1 | Z71: 2 | AA71: 1 | AB71: 10 | AC71: 5 | AD71: 5 | AE71: 5 | AF71: =SUM(E71:AE71) -> 76
B72: 3 | C72: 3. INA AMMANIA | E72: 1 | F72: 1 | G72: 1 | H72: 7 | I72: 18 | J72: 0 | K72: 2 | L72: 12 | M72: 1 | N72: 1 | O72: 4 | P72: 3 | Q72: 36 | R72: 36 | S72: 8 | T72: 27 | U72: 24 | V72: 2 | W72: 2 | X72: 1 | Y72: 2 | Z72: 30 | AA72: 32 | AB72: 56 | AC72: 8 | AD72: 7 | AE72: 5 | AF72: =SUM(E72:AE72) -> 327
B73: 4 | C73: 4. IRWAN BACHTIAR RACHMAT, M.Si. | E73: 6 | F73: 3 | G73: 3 | H73: 1 | I73: 1 | J73: 0 | K73: 1 | L73: 3 | M73: 0 | N73: 0 | O73: 4 | P73: 2 | Q73: 1 | R73: 1 | S73: 2 | T73: 1 | U73: 8 | V73: 0 | W73: 1 | X73: 3 | Y73: 3 | AA73: 4 | AB73: 1 | AC73: 7 | AD73: 3 | AE73: 3 | AF73: =SUM(E73:AE73) -> 62
B74: 5 | C74: 5. LUCKY PERDANA | E74: 3 | F74: 2 | G74: 2 | H74: 2 | I74: 5 | J74: 2 | K74: 5 | L74: 3 | M74: 0 | N74: 2 | O74: 4 | P74: 4 | Q74: 4 | R74: 3 | S74: 4 | T74: 5 | U74: 4 | V74: 7 | W74: 21 | X74: 5 | Y74: 10 | Z74: 6 | AA74: 1 | AB74: 2 | AC74: 4 | AD74: 4 | AE74: 2 | AF74: =SUM(E74:AE74) -> 116
B75: 6 | C75: 6. WIWIK PUJIYATI | E75: 1 | F75: 1 | G75: 0 | H75: 1 | I75: 1 | J75: 1 | K75: 3 | L75: 0 | M75: 1 | N75: 2 | O75: 1 | P75: 2 | Q75: 2 | R75: 3 | S75: 2 | T75: 1 | U75: 2 | V75: 1 | W75: 2 | X75: 1 | Y75: 8 | Z75: 3 | AA75: 2 | AB75: 2 | AC75: 8 | AD75: 3 | AE75: 1 | AF75: =SUM(E75:AE75) -> 55
B76: 7 | C76: 7. CHANDRA ASTAN, S.T. | E76: 2 | F76: 1 | G76: 1 | H76: 10 | I76: 1 | K76: 0 | L76: 3 | M76: 1 | N76: 0 | O76: 12 | P76: 1 | Q76: 1 | R76: 2 | S76: 2 | T76: 0 | U76: 0 | V76: 0 | W76: 1 | X76: 2 | Y76: 3 | Z76: 1 | AA76: 0 | AB76: 1 | AC76: 3 | AD76: 0 | AE76: 3 | AF76: =SUM(E76:AE76) -> 51
A79: B | B79: JUMLAH SUARA SAH PARTAI POLITIK DAN CALON (A1 + A2) | E79: =SUM(E69:E76) -> 33 | F79: =SUM(F69:F76) -> 29 | G79: =SUM(G69:G76) -> 29 | H79: =SUM(H69:H76) -> 64 | I79: =SUM(I69:I76) -> 62 | J79: =SUM(J69:J76) -> 20 | K79: =SUM(K69:K76) -> 30 | L79: =SUM(L69:L76) -> 38 | ... AE79: =SUM(AE69:AE76) -> 55 | AF79: =SUM(E79:AE79) -> 1432
A81: A.1 | B81: 4. | C81: Partai Golongan Karya | E81: 3 | F81: 4 | G81: 5 | H81: 4 | I81: 2 | J81: 5 | K81: 5 | L81: 0 | M81: 1 | N81: 2 | O81: 2 | P81: 1 | Q81: 6 | R81: 2 | S81: 3 | T81: 2 | U81: 2 | V81: 2 | W81: 0 | X81: 2 | Y81: 3 | Z81: 7 | AA81: 5 | AB81: 1 | AC81: 3 | AD81: 3 | AE81: 5 | AF81: =SUM(E81:AE81) -> 80
A82: A.2 | B82: 1 | C82: 1. ZULFIKAR ARSE SADIKIN, S.I.P., M.Si. | E82: 1 | F82: 3 | G82: 1 | H82: 0 | I82: 5 | J82: 3 | K82: 30 | L82: 1 | M82: 2 | N82: 4 | O82: 1 | P82: 1 | Q82: 0 | R82: 1 | S82: 0 | T82: 5 | U82: 2 | V82: 18 | W82: 24 | X82: 17 | Y82: 3 | Z82: 6 | AA82: 16 | AB82: 1 | AC82: 0 | AD82: 2 | AE82: 1 | AF82: =SUM(E82:AE82) -> 148
B83: 2 | C83: 2. HANDOKO | E83: 5 | F83: 6 | G83: 4 | H83: 4 | I83: 36 | J83: 6 | K83: 4 | L83: 3 | M83: 4 | N83: 11 | O83: 6 | P83: 2 | Q83: 8 | R83: 2 | S83: 3 | T83: 6 | U83: 5 | V83: 15 | W83: 3 | X83: 5 | Y83: 2 | Z83: 0 | AA83: 4 | AB83: 4 | AC83: 9 | AD83: 4 | AE83: 6 | AF83: =SUM(E83:AE83) -> 167
B84: 3 | C84: 3. Hj. OVI DEWI YANTI | F84: 1 | G84: 1 | H84: 0 | I84: 1 | J84: 0 | K84: 4 | L84: 0 | M84: 0 | N84: 0 | O84: 0 | P84: 0 | Q84: 0 | R84: 0 | S84: 0 | T84: 0 | U84: 0 | V84: 2 | W84: 0 | X84: 0 | Y84: 0 | AA84: 1 | AB84: 4 | AC84: 0 | AD84: 0 | AF84: =SUM(E84:AE84) -> 14
B85: 4 | C85: 4. Ir. AZAM AZMAN NATAWIJANA | F85: 0 | G85: 0 | H85: 1 | I85: 0 | K85: 0 | L85: 0 | M85: 0 | N85: 1 | O85: 1 | P85: 0 | Q85: 0 | R85: 0 | S85: 0 | T85: 0 | U85: 0 | V85: 1 | W85: 0 | X85: 2 | Y85: 1 | AA85: 1 | AB85: 0 | AC85: 0 | AD85: 0 | AF85: =SUM(E85:AE85) -> 8
B86: 5 | C86: 5. UBAIDILLAH AMIN, S.Kom. | F86: 1 | G86: 0 | H86: 0 | I86: 0 | K86: 0 | L86: 0 | M86: 0 | N86: 2 | O86: 0 | P86: 0 | Q86: 0 | R86: 0 | S86: 0 | T86: 0 | U86: 0 | V86: 1 | W86: 3 | X86: 2 | Y86: 0 | Z86: 1 | AA86: 1 | AB86: 0 | AC86: 0 | AD86: 0 | AE86: 1 | AF86: =SUM(E86:AE86) -> 12
B87: 6 | C87: 6. DENNY YUNIANDARI, S.H., M.Kn. | F87: 0 | G87: 0 | H87: 0 | I87: 0 | K87: 0 | L87: 0 | M87: 0 | N87: 0 | O87: 0 | P87: 1 | Q87: 0 | R87: 0 | S87: 0 | T87: 0 | U87: 0 | V87: 0 | W87: 0 | X87: 0 | Y87: 0 | AA87: 0 | AB87: 0 | AC87: 0 | AD87: 0 | AF87: =SUM(E87:AE87) -> 1
B88: 7 | C88: 7. ERNADI, S.H.I. | F88: 0 | G88: 0 | H88: 1 | I88: 0 | K88: 0 | L88: 0 | M88: 0 | N88: 0 | O88: 0 | P88: 0 | Q88: 0 | R88: 1 | S88: 0 | T88: 0 | U88: 0 | V88: 0 | W88: 0 | X88: 0 | Y88: 0 | AA88: 0 | AB88: 0 | AC88: 0 | AD88: 0 | AF88: =SUM(E88:AE88) -> 2
A91: B | B91: JUMLAH SUARA SAH PARTAI POLITIK DAN CALON (A1 + A2) | E91: =SUM(E81:E88) -> 9 | F91: =SUM(F81:F88) -> 15 | G91: =SUM(G81:G88) -> 11 | H91: =SUM(H81:H88) -> 10 | I91: =SUM(I81:I88) -> 44 | J91: =SUM(J81:J88) -> 14 | K91: =SUM(K81:K88) -> 43 | L91: =SUM(L81:L88) -> 4 | ... AE91: =SUM(AE81:AE88) -> 13 | AF91: =SUM(E91:AE91) -> 432
A93: A.1 | B93: 5. | C93: Partai NasDem | E93: 1 | F93: 0 | G93: 1 | H93: 4 | I93: 0 | K93: 2 | L93: 0 | M93: 0 | N93: 0 | O93: 5 | P93: 0 | Q93: 1 | R93: 0 | S93: 0 | T93: 1 | U93: 2 | V93: 1 | W93: 3 | X93: 0 | Y93: 3 | Z93: 1 | AA93: 0 | AB93: 3 | AC93: 1 | AD93: 0 | AE93: 1 | AF93: =SUM(E93:AE93) -> 30
A94: A.2 | B94: 1 | C94: 1. ACH. FADIL MUZAKKI SYAH | E94: 1 | F94: 7 | G94: 1 | H94: 3 | I94: 0 | K94: 0 | L94: 0 | M94: 0 | N94: 3 | O94: 0 | P94: 0 | Q94: 0 | R94: 0 | S94: 0 | T94: 0 | U94: 0 | V94: 0 | W94: 0 | X94: 0 | Y94: 0 | AA94: 0 | AB94: 1 | AC94: 0 | AD94: 0 | AF94: =SUM(E94:AE94) -> 16
B95: 2 | C95: 2. BENY | F95: 0 | G95: 0 | H95: 0 | I95: 1 | K95: 1 | L95: 0 | M95: 0 | N95: 0 | O95: 0 | P95: 0 | Q95: 0 | R95: 1 | S95: 0 | T95: 0 | U95: 1 | V95: 0 | W95: 0 | X95: 1 | Y95: 0 | AA95: 0 | AB95: 0 | AC95: 0 | AD95: 0 | AF95: =SUM(E95:AE95) -> 5
B96: 3 | C96: 3. VINA VERONIKA | F96: 0 | G96: 0 | H96: 0 | I96: 0 | K96: 0 | L96: 0 | M96: 0 | N96: 0 | O96: 0 | P96: 0 | Q96: 0 | R96: 2 | S96: 0 | T96: 0 | U96: 0 | V96: 0 | W96: 0 | X96: 0 | Y96: 0 | Z96: 1 | AA96: 0 | AB96: 0 | AC96: 0 | AD96: 0 | AF96: =SUM(E96:AE96) -> 3
B97: 4 | C97: 4. TEDDY ANUGRIANTO | E97: 1 | F97: 0 | G97: 1 | H97: 4 | I97: 0 | K97: 2 | L97: 0 | M97: 0 | N97: 0 | O97: 4 | P97: 1 | Q97: 8 | R97: 16 | S97: 0 | T97: 0 | U97: 2 | V97: 0 | W97: 0 | X97: 0 | Y97: 1 | Z97: 2 | AA97: 0 | AB97: 2 | AC97: 1 | AD97: 0 | AF97: =SUM(E97:AE97) -> 45
B98: 5 | C98: 5. INSAN KAMIL | F98: 0 | G98: 0 | H98: 0 | I98: 0 | K98: 0 | L98: 0 | M98: 0 | N98: 0 | O98: 0 | P98: 0 | Q98: 0 | R98: 0 | S98: 1 | T98: 0 | U98: 0 | V98: 0 | W98: 0 | X98: 0 | Y98: 0 | AA98: 0 | AB98: 0 | AC98: 0 | AD98: 0 | AF98: =SUM(E98:AE98) -> 1
B99: 6 | C99: 6. LILIK LINDARWATI | F99: 0 | G99: 0 | H99: 0 | I99: 0 | K99: 0 | L99: 0 | M99: 0 | N99: 0 | O99: 0 | P99: 0 | Q99: 0 | R99: 0 | S99: 1 | T99: 0 | U99: 0 | V99: 0 | W99: 0 | X99: 0 | Y99: 0 | Z99: 1 | AA99: 1 | AB99: 0 | AC99: 1 | AD99: 0 | AF99: =SUM(E99:AE99) -> 4
B100: 7 | C100: 7. YULI ANITA | F100: 1 | G100: 0 | H100: 0 | I100: 0 | K100: 0 | L100: 0 | M100: 0 | N100: 0 | O100: 0 | P100: 0 | Q100: 0 | R100: 0 | S100: 0 | T100: 0 | U100: 1 | V100: 0 | W100: 0 | X100: 0 | Y100: 0 | AA100: 0 | AB100: 0 | AC100: 0 | AD100: 0 | AF100: =SUM(E100:AE100) -> 2
A103: B | B103: JUMLAH SUARA SAH PARTAI POLITIK DAN CALON (A1 + A2) | E103: =SUM(E93:E100) -> 3 | F103: =SUM(F93:F100) -> 8 | G103: =SUM(G93:G100) -> 3 | H103: =SUM(H93:H100) -> 11 | I103: =SUM(I93:I100) -> 1 | J103: =SUM(J93:J100) -> 0 | K103: =SUM(K93:K100) -> 5 | L103: =SUM(L93:L100) -> 0 | ... AE103: =SUM(AE93:AE100) -> 1 | AF103: =SUM(E103:AE103) -> 106
A105: A.1 | B105: 6. | C105: Partai Buruh | F105: 1 | G105: 0 | H105: 0 | I105: 0 | J105: 2 | K105: 1 | L105: 0 | M105: 0 | N105: 2 | O105: 0 | P105: 0 | Q105: 1 | R105: 0 | S105: 0 | T105: 0 | U105: 1 | V105: 0 | W105: 0 | X105: 2 | Y105: 1 | AA105: 1 | AB105: 0 | AC105: 0 | AD105: 3 | AE105: 3 | AF105: =SUM(E105:AE105) -> 18
A106: A.2 | B106: 1 | C106: 1. KHOIRUL ANAM | F106: 0 | G106: 0 | H106: 0 | I106: 1 | K106: 0 | L106: 0 | M106: 0 | N106: 0 | O106: 0 | P106: 0 | Q106: 0 | R106: 0 | S106: 0 | T106: 0 | U106: 0 | V106: 1 | W106: 0 | X106: 0 | Y106: 0 | Z106: 1 | AA106: 0 | AB106: 0 | AC106: 1 | AD106: 1 | AE106: 1 | AF106: =SUM(E106:AE106) -> 6
B107: 2 | C107: 2. INA KURNIA | F107: 0 | G107: 0 | H107: 0 | I107: 0 | K107: 0 | L107: 0 | M107: 0 | N107: 0 | O107: 0 | P107: 1 | Q107: 1 | R107: 0 | S107: 0 | T107: 0 | U107: 0 | V107: 1 | W107: 0 | X107: 1 | Y107: 1 | AA107: 0 | AB107: 0 | AC107: 0 | AD107: 0 | AF107: =SUM(E107:AE107) -> 5
B108: 3 | C108: 3. JIBRAL TAROUK | F108: 0 | G108: 0 | H108: 0 | I108: 0 | K108: 0 | L108: 0 | M108: 0 | N108: 1 | O108: 0 | P108: 0 | Q108: 0 | R108: 0 | S108: 0 | T108: 0 | U108: 0 | V108: 1 | W108: 0 | X108: 0 | Y108: 1 | AA108: 0 | AB108: 0 | AC108: 0 | AD108: 0 | AF108: =SUM(E108:AE108) -> 3
B109: 4 | C109: 4. ASTUTI DAENG PUJI | F109: 0 | G109: 0 | H109: 0 | I109: 0 | K109: 1 | L109: 0 | M109: 0 | N109: 0 | O109: 0 | P109: 0 | Q109: 0 | R109: 0 | S109: 0 | T109: 0 | U109: 0 | V109: 0 | W109: 0 | X109: 0 | Y109: 0 | AA109: 0 | AB109: 0 | AC109: 0 | AD109: 0 | AF109: =SUM(E109:AE109) -> 1
B110: 5 | C110: 5. ASDARMAWAN | F110: 0 | G110: 0 | H110: 0 | I110: 0 | K110: 0 | L110: 0 | M110: 0 | N110: 0 | O110: 0 | P110: 0 | Q110: 0 | R110: 0 | S110: 0 | T110: 0 | U110: 0 | V110: 0 | W110: 0 | X110: 0 | Y110: 0 | AA110: 0 | AB110: 0 | AC110: 0 | AD110: 0 | AF110: =SUM(E110:AE110) -> 0
B111: 6 | C111: 6. RIFQI MUBAROK | F111: 0 | G111: 0 | H111: 0 | I111: 0 | K111: 0 | L111: 0 | M111: 0 | N111: 0 | O111: 0 | P111: 0 | Q111: 0 | R111: 0 | S111: 0 | T111: 0 | U111: 0 | V111: 0 | W111: 0 | X111: 0 | Y111: 0 | AA111: 0 | AB111: 0 | AC111: 0 | AD111: 0 | AF111: =SUM(E111:AE111) -> 0
B112: 7 | C112: 7. FIRNANDA ALTA MEGA | F112: 0 | G112: 0 | H112: 0 | I112: 0 | K112: 0 | L112: 0 | M112: 0 | N112: 0 | O112: 0 | P112: 0 | Q112: 0 | R112: 0 | S112: 0 | T112: 0 | U112: 0 | V112: 0 | W112: 0 | X112: 0 | Y112: 0 | AA112: 0 | AB112: 0 | AC112: 0 | AD112: 0 | AF112: =SUM(E112:AE112) -> 0
A115: B | B115: JUMLAH SUARA SAH PARTAI POLITIK DAN CALON (A1 + A2) | E115: =SUM(E105:E112) -> 0 | F115: =SUM(F105:F112) -> 1 | G115: =SUM(G105:G112) -> 0 | H115: =SUM(H105:H112) -> 0 | I115: =SUM(I105:I112) -> 1 | J115: =SUM(J105:J112) -> 2 | K115: =SUM(K105:K112) -> 2 | L115: =SUM(L105:L112) -> 0 | ... AE115: =SUM(AE105:AE112) -> 4 | AF115: =SUM(E115:AE115) -> 33
A117: A.1 | B117: 7. | C117: Partai Gelombang Rakyat Indonesia | F117: 0 | H117: 2 | I117: 0 | J117: 1 | K117: 0 | L117: 0 | M117: 0 | N117: 0 | O117: 0 | P117: 0 | Q117: 0 | R117: 1 | S117: 0 | T117: 2 | U117: 2 | V117: 0 | W117: 0 | X117: 3 | Y117: 1 | Z117: 1 | AA117: 1 | AB117: 1 | AC117: 0 | AD117: 1 | AF117: =SUM(E117:AE117) -> 16
A118: A.2 | B118: 1 | C118: 1. TITI WIDORETNO WARISMAN | F118: 0 | H118: 0 | I118: 0 | J118: 1 | K118: 0 | L118: 0 | M118: 0 | N118: 0 | O118: 0 | P118: 0 | Q118: 0 | R118: 0 | S118: 0 | T118: 1 | U118: 0 | V118: 0 | W118: 0 | X118: 0 | Y118: 1 | Z118: 2 | AA118: 1 | AB118: 0 | AC118: 0 | AD118: 1 | AE118: 2 | AF118: =SUM(E118:AE118) -> 9
B119: 2 | C119: 2. MAMIEK SETYANINGSIH | F119: 0 | H119: 0 | I119: 0 | K119: 0 | L119: 0 | M119: 0 | N119: 0 | O119: 0 | P119: 0 | Q119: 1 | R119: 1 | S119: 0 | T119: 0 | U119: 0 | V119: 0 | W119: 0 | X119: 0 | Y119: 1 | AA119: 0 | AB119: 0 | AC119: 0 | AD119: 0 | AF119: =SUM(E119:AE119) -> 3
B120: 3 | C120: 3. ROMIL AZIZEN | F120: 0 | H120: 0 | I120: 0 | K120: 0 | L120: 0 | M120: 0 | N120: 0 | O120: 0 | P120: 0 | Q120: 0 | R120: 0 | S120: 0 | T120: 0 | U120: 0 | V120: 0 | W120: 0 | X120: 0 | Y120: 0 | AA120: 0 | AB120: 0 | AC120: 0 | AD120: 1 | AF120: =SUM(E120:AE120) -> 1
A127: B | B127: JUMLAH SUARA SAH PARTAI POLITIK DAN CALON (A1 + A2) | E127: =SUM(E117:E120) -> 0 | F127: =SUM(F117:F120) -> 0 | G127: =SUM(G117:G120) -> 0 | H127: =SUM(H117:H120) -> 2 | I127: =SUM(I117:I120) -> 0 | J127: =SUM(J117:J120) -> 2 | K127: =SUM(K117:K120) -> 0 | L127: =SUM(L117:L120) -> 0 | ... AE127: =SUM(AE117:AE120) -> 2 | AF127: =SUM(E127:AE127) -> 29
A129: A.1 | B129: 8. | C129: Partai Keadilan Sejahtera | E129: 3 | F129: 4 | G129: 5 | H129: 3 | I129: 1 | J129: 9 | K129: 0 | L129: 0 | M129: 1 | N129: 4 | O129: 5 | P129: 1 | Q129: 2 | R129: 2 | S129: 0 | T129: 0 | U129: 0 | V129: 13 | W129: 14 | X129: 5 | Y129: 5 | Z129: 0 | AA129: 4 | AB129: 1 | AC129: 0 | AD129: 2 | AF129: =SUM(E129:AE129) -> 84
A130: A.2 | B130: 1 | C130: 1. H. SAIMI SALEH, S.E., M.M. | E130: 19 | F130: 7 | G130: 3 | H130: 3 | I130: 2 | J130: 21 | K130: 0 | L130: 2 | M130: 11 | N130: 4 | O130: 6 | P130: 1 | Q130: 1 | R130: 1 | S130: 1 | T130: 0 | U130: 1 | V130: 18 | W130: 16 | X130: 0 | Y130: 6 | Z130: 2 | AA130: 1 | AB130: 0 | AC130: 2 | AD130: 3 | AE130: 3 | AF130: =SUM(E130:AE130) -> 134
B131: 2 | C131: 2. Prof. Dr. H. EGGI SUDJANA, S.H., M.Si. | F131: 0 | G131: 2 | H131: 0 | I131: 0 | J131: 1 | K131: 0 | L131: 0 | M131: 0 | N131: 2 | O131: 0 | P131: 1 | Q131: 1 | R131: 0 | S131: 0 | T131: 1 | U131: 0 | V131: 1 | W131: 2 | X131: 3 | Y131: 0 | AA131: 0 | AB131: 1 | AC131: 0 | AD131: 0 | AE131: 1 | AF131: =SUM(E131:AE131) -> 16
B132: 3 | C132: 3. NURUL KHOTIMAH | F132: 2 | G132: 0 | H132: 1 | I132: 0 | J132: 0 | K132: 0 | L132: 0 | M132: 0 | N132: 0 | O132: 0 | P132: 0 | Q132: 0 | R132: 0 | S132: 0 | T132: 0 | U132: 0 | V132: 0 | W132: 0 | X132: 1 | Y132: 0 | AA132: 0 | AB132: 0 | AC132: 0 | AD132: 0 | AF132: =SUM(E132:AE132) -> 4
B133: 4 | C133: 4. AKHMAD SUYANTO, S.T., M.T. | F133: 0 | H133: 1 | I133: 0 | J133: 0 | K133: 0 | L133: 1 | M133: 0 | N133: 0 | O133: 0 | P133: 0 | Q133: 0 | R133: 1 | S133: 0 | T133: 0 | U133: 0 | V133: 0 | W133: 0 | X133: 2 | Y133: 0 | AA133: 0 | AB133: 0 | AC133: 0 | AD133: 0 | AF133: =SUM(E133:AE133) -> 5
B134: 5 | C134: 5. PUJIYATNI | F134: 0 | H134: 0 | I134: 0 | J134: 0 | K134: 0 | L134: 0 | M134: 0 | N134: 0 | O134: 1 | P134: 0 | Q134: 0 | R134: 1 | S134: 0 | T134: 0 | U134: 0 | V134: 6 | W134: 0 | X134: 0 | Y134: 0 | AA134: 0 | AB134: 0 | AC134: 0 | AD134: 0 | AF134: =SUM(E134:AE134) -> 8
B135: 6 | C135: 6. HENI PURWATININGSIH | E135: 1 | F135: 0 | H135: 0 | I135: 0 | J135: 0 | K135: 0 | L135: 3 | M135: 0 | N135: 0 | O135: 0 | P135: 0 | Q135: 0 | R135: 0 | S135: 0 | T135: 0 | U135: 0 | V135: 0 | W135: 1 | X135: 0 | Y135: 0 | AA135: 0 | AB135: 0 | AC135: 0 | AD135: 0 | AF135: =SUM(E135:AE135) -> 5
B136: 7 | C136: 7. MUHADI | E136: 1 | F136: 0 | H136: 0 | I136: 0 | J136: 0 | K136: 0 | L136: 0 | M136: 0 | N136: 0 | O136: 0 | P136: 0 | Q136: 0 | R136: 0 | S136: 0 | T136: 0 | U136: 0 | V136: 0 | W136: 0 | X136: 0 | Y136: 0 | AA136: 0 | AB136: 0 | AC136: 0 | AD136: 0 | AF136: =SUM(E136:AE136) -> 1
...

Sheet BALAK
C2: Kecamatan
C3: Kabupaten | D3: BANYUWANGI
C4: Provinsi | D4: JAWA TIMUR
C9: Kelurahan
A12: I | B12: DATA PEMILIH DAN PENGGUNAAN HAK PILIH | X12: JUMLAH AKHIR
A13: A | B13: DATA PEMILIH | E13: TPS 001 | F13: TPS 002 | G13: TPS 003 | H13: TPS 004 | I13: TPS 005 | J13: TPS 006 | K13: TPS 007 | L13: TPS 008 | M13: TPS 009 | N13: TPS 010 | O13: TPS 011 | P13: TPS 012 | Q13: TPS 013 | R13: TPS 014 | S13: TPS 015 | T13: TPS 016 | U13: TPS 017 | V13: TPS 018 | W13: TPS 019
B14: Jumlah Pemilih dalam Daftar Pemilih Tetap (DPT) | D14: LK | E14: 138 | F14: 141 | G14: 136 | H14: 140 | I14: 129 | J14: 138 | K14: 139 | L14: 139 | M14: 137 | N14: 138 | O14: 132 | P14: 140 | Q14: 134 | R14: 141 | S14: 131 | T14: 125 | U14: 136 | V14: 136 | W14: 141 | X14: =SUM(E14:W14) -> 2591
D15: PR | E15: 128 | F15: 135 | G15: 145 | H15: 126 | I15: 124 | J15: 136 | K15: 142 | L15: 143 | M15: 147 | N15: 137 | O15: 143 | P15: 150 | Q15: 149 | R15: 145 | S15: 150 | T15: 137 | U15: 141 | V15: 144 | W15: 140 | X15: =SUM(E15:W15) -> 2662
D16: JML | E16: =SUM(E14:E15) -> 266 | F16: =SUM(F14:F15) -> 276 | G16: =SUM(G14:G15) -> 281 | H16: =SUM(H14:H15) -> 266 | I16: =SUM(I14:I15) -> 253 | J16: =SUM(J14:J15) -> 274 | K16: =SUM(K14:K15) -> 281 | L16: =SUM(L14:L15) -> 282 | ... W16: =SUM(W14:W15) -> 281 | X16: =SUM(E16:W16) -> 5253
A18: B | B18: PENGGUNA HAK PILIH
B19: 1. | C19: Jumlah pengguna hak pilih dalam Daftar Pemilih Tetap (DPT) | D19: LK | E19: 73 | F19: 109 | G19: 112 | H19: 93 | I19: 95 | J19: 104 | K19: 96 | L19: 110 | M19: 98 | N19: 104 | O19: 102 | P19: 107 | Q19: 109 | R19: 97 | S19: 93 | T19: 98 | U19: 113 | V19: 104 | W19: 123 | X19: =SUM(E19:W19) -> 1940
D20: PR | E20: 90 | F20: 112 | G20: 118 | H20: 97 | I20: 88 | J20: 110 | K20: 115 | L20: 117 | M20: 127 | N20: 106 | O20: 119 | P20: 122 | Q20: 113 | R20: 122 | S20: 120 | T20: 108 | U20: 116 | V20: 119 | W20: 123 | X20: =SUM(E20:W20) -> 2142
D21: JML | E21: =SUM(E19:E20) -> 163 | F21: =SUM(F19:F20) -> 221 | G21: =SUM(G19:G20) -> 230 | H21: =SUM(H19:H20) -> 190 | I21: =SUM(I19:I20) -> 183 | J21: =SUM(J19:J20) -> 214 | K21: =SUM(K19:K20) -> 211 | L21: =SUM(L19:L20) -> 227 | ... W21: =SUM(W19:W20) -> 246 | X21: =SUM(E21:W21) -> 4082
B22: 2. | C22: Jumlah pengguna hak pilih dalam Daftar Pemilih Tambahan (DPTb) | D22: LK | E22: 0 | F22: 0 | G22: 0 | H22: 0 | I22: 0 | J22: 0 | K22: 0 | L22: 0 | M22: 0 | N22: 0 | O22: 0 | P22: 0 | Q22: 0 | R22: 0 | S22: 0 | T22: 0 | U22: 0 | V22: 0 | W22: 0 | X22: =SUM(E22:W22) -> 0
D23: PR | E23: 0 | F23: 0 | G23: 0 | H23: 0 | I23: 0 | J23: 0 | K23: 0 | L23: 0 | M23: 0 | N23: 0 | O23: 0 | P23: 0 | Q23: 0 | R23: 0 | S23: 0 | T23: 0 | U23: 0 | V23: 0 | W23: 0 | X23: =SUM(E23:W23) -> 0
D24: JML | E24: =SUM(E22:E23) -> 0 | F24: =SUM(F22:F23) -> 0 | G24: =SUM(G22:G23) -> 0 | H24: =SUM(H22:H23) -> 0 | I24: =SUM(I22:I23) -> 0 | J24: =SUM(J22:J23) -> 0 | K24: =SUM(K22:K23) -> 0 | L24: =SUM(L22:L23) -> 0 | ... W24: =SUM(W22:W23) -> 0 | X24: =SUM(E24:W24) -> 0
B25: 3. | C25: Jumlah pengguna hak pilih dalam Daftar Pemilih Khusus (DPK) | D25: LK | E25: 0 | F25: 0 | G25: 2 | H25: 3 | I25: 1 | J25: 0 | K25: 0 | L25: 3 | M25: 0 | N25: 0 | O25: 0 | P25: 0 | Q25: 0 | R25: 2 | S25: 2 | T25: 0 | U25: 2 | V25: 1 | W25: 0 | X25: =SUM(E25:W25) -> 16
D26: PR | E26: 1 | F26: 0 | G26: 1 | H26: 3 | I26: 3 | J26: 1 | K26: 0 | L26: 1 | M26: 0 | N26: 0 | O26: 1 | P26: 0 | Q26: 0 | R26: 3 | S26: 2 | T26: 0 | U26: 0 | V26: 0 | W26: 1 | X26: =SUM(E26:W26) -> 17
D27: JML | E27: =SUM(E25:E26) -> 1 | F27: =SUM(F25:F26) -> 0 | G27: =SUM(G25:G26) -> 3 | H27: =SUM(H25:H26) -> 6 | I27: =SUM(I25:I26) -> 4 | J27: =SUM(J25:J26) -> 1 | K27: =SUM(K25:K26) -> 0 | L27: =SUM(L25:L26) -> 4 | ... W27: =SUM(W25:W26) -> 1 | X27: =SUM(E27:W27) -> 33
B28: 4. | C28: Jumlah Pengguna Hak Pilih (B.1+B.2+B.3) | D28: LK | E28: =SUM(E19,E22,E25) -> 73 | F28: =SUM(F19,F22,F25) -> 109 | G28: =SUM(G19,G22,G25) -> 114 | H28: =SUM(H19,H22,H25) -> 96 | I28: =SUM(I19,I22,I25) -> 96 | J28: =SUM(J19,J22,J25) -> 104 | K28: =SUM(K19,K22,K25) -> 96 | L28: =SUM(L19,L22,L25) -> 113 | ... W28: =SUM(W19,W22,W25) -> 123 | X28: =SUM(E28:W28) -> 1956
D29: PR | E29: =SUM(E20,E23,E26) -> 91 | F29: =SUM(F20,F23,F26) -> 112 | G29: =SUM(G20,G23,G26) -> 119 | H29: =SUM(H20,H23,H26) -> 100 | I29: =SUM(I20,I23,I26) -> 91 | J29: =SUM(J20,J23,J26) -> 111 | K29: =SUM(K20,K23,K26) -> 115 | L29: =SUM(L20,L23,L26) -> 118 | ... W29: =SUM(W20,W23,W26) -> 124 | X29: =SUM(E29:W29) -> 2159
D30: JML | E30: =SUM(E28:E29) -> 164 | F30: =SUM(F28:F29) -> 221 | G30: =SUM(G28:G29) -> 233 | H30: =SUM(H28:H29) -> 196 | I30: =SUM(I28:I29) -> 187 | J30: =SUM(J28:J29) -> 215 | K30: =SUM(K28:K29) -> 211 | L30: =SUM(L28:L29) -> 231 | ... W30: =SUM(W28:W29) -> 247 | X30: =SUM(E30:W30) -> 4115
A32: II | B32: DATA PENGGUNAAN SURAT SUARA
A33: 1 | B33: Jumlah surat suara yang diterima, termasuk surat suara cadangan 2,5% dari DPT | E33: 282 | F33: 294 | G33: 277 | H33: 272 | I33: 259 | J33: 279 | K33: 287 | L33: 298 | M33: 270 | N33: 261 | O33: 271 | P33: 257 | Q33: 279 | R33: 287 | S33: 305 | T33: 269 | U33: 283 | V33: 286 | W33: 297 | X33: =SUM(E33:W33) -> 5313
A34: 2 | B34: Jumlah surat suara yang digunakan | E34: 164 | F34: 221 | G34: 233 | H34: 196 | I34: 187 | J34: 215 | K34: 211 | L34: 231 | M34: 225 | N34: 210 | O34: 222 | P34: 229 | Q34: 222 | R34: 224 | S34: 217 | T34: 206 | U34: 231 | V34: 224 | W34: 247 | X34: =SUM(E34:W34) -> 4115
A35: 3 | B35: Jumlah surat suara dikembalikan oleh pemilih (karena rusak atau keliru coblos) | E35: 0 | F35: 0 | G35: 0 | H35: 1 | I35: 0 | J35: 1 | K35: 0 | L35: 0 | M35: 1 | N35: 0 | O35: 0 | P35: 0 | Q35: 1 | R35: 0 | S35: 0 | T35: 0 | U35: 0 | V35: 1 | W35: 1 | X35: =SUM(E35:W35) -> 6
A36: 4 | B36: Jumlah surat suara yang tidak digunakan/tidak terpakai, termasuk sisa surat suara cadangan | E36: =E33-(E34+E35) -> 118 | F36: =F33-(F34+F35) -> 73 | G36: =G33-(G34+G35) -> 44 | H36: =H33-(H34+H35) -> 75 | I36: =I33-(I34+I35) -> 72 | J36: =J33-(J34+J35) -> 63 | K36: =K33-(K34+K35) -> 76 | L36: =L33-(L34+L35) -> 67 | ... W36: =W33-(W34+W35) -> 49 | X36: =SUM(E36:W36) -> 1192
A38: III | B38: DATA PEMILIH DISABILITAS
B39: Jumlah seluruh Pemilih disabilitas yang menggunakan hak pilih | D39: LK | E39: 0 | F39: 0 | G39: 0 | H39: 0 | I39: 0 | J39: 0 | K39: 0 | L39: 0 | M39: 1 | N39: 0 | O39: 0 | P39: 0 | Q39: 0 | R39: 0 | S39: 0 | T39: 0 | U39: 0 | V39: 0 | W39: 0 | X39: =SUM(E39:W39) -> 1
D40: PR | E40: 0 | F40: 0 | G40: 0 | H40: 0 | I40: 0 | J40: 0 | K40: 0 | L40: 0 | M40: 1 | N40: 0 | O40: 0 | P40: 0 | Q40: 0 | R40: 0 | S40: 0 | T40: 0 | U40: 0 | V40: 0 | W40: 0 | X40: =SUM(E40:W40) -> 1
D41: JML | E41: =SUM(E39:E40) -> 0 | F41: =SUM(F39:F40) -> 0 | G41: =SUM(G39:G40) -> 0 | H41: =SUM(H39:H40) -> 0 | I41: =SUM(I39:I40) -> 0 | J41: =SUM(J39:J40) -> 0 | K41: =SUM(K39:K40) -> 0 | L41: =SUM(L39:L40) -> 0 | ... W41: =SUM(W39:W40) -> 0 | X41: =SUM(E41:W41) -> 2
A43: IV | B43: DATA RINCIAN PEROLEHAN SUARA PASANGAN CALON BUPATI DAN WAKIL BUPATI
A44: NOMOR DAN NAMA CALON
A45: A.1 | B45: 1. | C45: Partai Kebangkitan Bangsa | E45: 15 | F45: 9 | G45: 10 | H45: 8 | I45: 10 | J45: 10 | K45: 7 | L45: 3 | M45: 3 | N45: 5 | O45: 10 | P45: 5 | Q45: 11 | R45: 10 | S45: 24 | T45: 6 | U45: 8 | V45: 10 | X45: =SUM(E45:W45) -> 164
A46: A.2 | B46: 1 | C46: 1. Dr. Hj. NIHAYATUL WAFIROH, M.A. | E46: 5 | F46: 10 | G46: 14 | H46: 19 | I46: 9 | J46: 19 | K46: 12 | L46: 19 | M46: 4 | N46: 1 | O46: 5 | P46: 8 | Q46: 42 | R46: 28 | S46: 22 | T46: 30 | U46: 32 | V46: 25 | W46: 6 | X46: =SUM(E46:W46) -> 310
B47: 2 | C47: 2. H. M. NASIM KHAN | E47: 2 | F47: 7 | G47: 5 | H47: 4 | I47: 5 | J47: 6 | K47: 8 | L47: 6 | M47: 1 | N47: 2 | O47: 7 | P47: 4 | Q47: 11 | R47: 10 | S47: 1 | T47: 13 | U47: 7 | V47: 27 | W47: 1 | X47: =SUM(E47:W47) -> 127
B48: 3 | C48: 3. Dr. H. AKIK ZAMAN, M.Pd.I. | E48: 0 | F48: 3 | G48: 1 | I48: 1 | J48: 0 | K48: 0 | L48: 0 | M48: 0 | N48: 0 | O48: 2 | P48: 2 | Q48: 1 | R48: 3 | S48: 2 | T48: 1 | U48: 1 | V48: 1 | X48: =SUM(E48:W48) -> 18
B49: 4 | C49: 4. AHMAD RIFA'I, S.H. | E49: 0 | F49: 0 | G49: 0 | H49: 1 | I49: 2 | J49: 1 | K49: 0 | L49: 1 | M49: 0 | N49: 0 | O49: 0 | P49: 1 | Q49: 0 | R49: 1 | S49: 1 | T49: 1 | V49: 2 | W49: 1 | X49: =SUM(E49:W49) -> 12
B50: 5 | C50: 5. Drs. H. MAHFUD M.N. | E50: 0 | F50: 2 | G50: 2 | I50: 0 | J50: 0 | K50: 0 | L50: 1 | M50: 0 | N50: 1 | O50: 0 | P50: 0 | Q50: 0 | R50: 0 | S50: 0 | T50: 0 | U50: 1 | X50: =SUM(E50:W50) -> 7
B51: 6 | C51: 6. NURHAYATI, S.Pd. | E51: 0 | G51: 2 | H51: 1 | I51: 0 | J51: 0 | K51: 0 | L51: 1 | M51: 0 | N51: 0 | O51: 0 | P51: 0 | Q51: 0 | R51: 0 | S51: 0 | T51: 1 | V51: 1 | X51: =SUM(E51:W51) -> 6
B52: 7 | C52: 7. MAFTUHA KISWAH | E52: 0 | G52: 0 | I52: 0 | J52: 0 | K52: 0 | L52: 0 | M52: 0 | N52: 0 | O52: 0 | P52: 0 | Q52: 0 | R52: 0 | S52: 0 | T52: 3 | X52: =SUM(E52:W52) -> 3
A55: B | B55: JUMLAH SUARA SAH PARTAI POLITIK DAN CALON (A1 + A2) | E55: =SUM(E45:E52) -> 22 | F55: =SUM(F45:F52) -> 31 | G55: =SUM(G45:G52) -> 34 | H55: =SUM(H45:H52) -> 33 | I55: =SUM(I45:I52) -> 27 | J55: =SUM(J45:J52) -> 36 | K55: =SUM(K45:K52) -> 27 | L55: =SUM(L45:L52) -> 31 | ... W55: =SUM(W45:W52) -> 8 | X55: =SUM(E55:W55) -> 647
A57: A.1 | B57: 2. | C57: Partai Gerakan Indonesia Raya | E57: 7 | F57: 9 | G57: 19 | H57: 6 | I57: 13 | J57: 6 | K57: 11 | L57: 10 | M57: 3 | N57: 8 | O57: 10 | P57: 17 | Q57: 5 | R57: 9 | S57: 14 | T57: 5 | U57: 9 | V57: 1 | W57: 6 | X57: =SUM(E57:W57) -> 168
A58: A.2 | B58: 1 | C58: 1. SUMAIL ABDULLAH | E58: 2 | F58: 12 | G58: 22 | H58: 6 | I58: 8 | J58: 8 | K58: 17 | L58: 20 | M58: 0 | N58: 6 | O58: 15 | P58: 7 | Q58: 11 | R58: 3 | S58: 18 | T58: 5 | U58: 4 | V58: 3 | W58: 9 | X58: =SUM(E58:W58) -> 176
B59: 2 | C59: 2. MUHAMMAD ALI ADRIAN SALEH | E59: 6 | F59: 19 | G59: 17 | H59: 22 | I59: 9 | J59: 23 | K59: 23 | L59: 25 | M59: 9 | N59: 27 | O59: 10 | P59: 10 | Q59: 14 | R59: 14 | S59: 18 | T59: 14 | U59: 12 | V59: 19 | W59: 18 | X59: =SUM(E59:W59) -> 309
B60: 3 | C60: 3. DURROTUN NAFISAH | E60: 0 | F60: 0 | G60: 2 | H60: 1 | I60: 1 | J60: 0 | K60: 2 | L60: 0 | M60: 0 | N60: 1 | O60: 0 | P60: 2 | Q60: 0 | R60: 2 | S60: 3 | U60: 1 | X60: =SUM(E60:W60) -> 15
B61: 4 | C61: 4. H. EKO SUSILO NURHIDAYAT | E61: 0 | F61: 2 | G61: 2 | H61: 3 | I61: 1 | J61: 0 | K61: 1 | L61: 1 | M61: 0 | N61: 3 | O61: 1 | P61: 1 | Q61: 2 | R61: 0 | S61: 0 | U61: 1 | V61: 1 | X61: =SUM(E61:W61) -> 19
B62: 5 | C62: 5. KARNADI HARIJANTO, S.S. | E62: 0 | F62: 0 | G62: 0 | H62: 1 | I62: 0 | J62: 0 | K62: 1 | L62: 0 | M62: 0 | N62: 0 | O62: 1 | P62: 0 | Q62: 0 | R62: 1 | S62: 1 | X62: =SUM(E62:W62) -> 5
B63: 6 | C63: 6. NURHAYATI | E63: 0 | F63: 0 | G63: 0 | H63: 1 | I63: 1 | J63: 0 | K63: 2 | L63: 0 | M63: 0 | N63: 4 | O63: 0 | P63: 4 | Q63: 0 | R63: 1 | S63: 0 | T63: 1 | U63: 1 | X63: =SUM(E63:W63) -> 15
B64: 7 | C64: 7. MASHUDI | E64: 0 | F64: 0 | G64: 0 | I64: 0 | J64: 0 | K64: 1 | L64: 1 | M64: 0 | N64: 0 | O64: 0 | P64: 0 | Q64: 0 | R64: 0 | S64: 1 | X64: =SUM(E64:W64) -> 3
A67: B | B67: JUMLAH SUARA SAH PARTAI POLITIK DAN CALON (A1 + A2) | E67: =SUM(E57:E64) -> 15 | F67: =SUM(F57:F64) -> 42 | G67: =SUM(G57:G64) -> 62 | H67: =SUM(H57:H64) -> 40 | I67: =SUM(I57:I64) -> 33 | J67: =SUM(J57:J64) -> 37 | K67: =SUM(K57:K64) -> 58 | L67: =SUM(L57:L64) -> 57 | ... W67: =SUM(W57:W64) -> 33 | X67: =SUM(E67:W67) -> 710
A69: A.1 | B69: 3. | C69: Partai Demokrasi Indonesia Perjuangan | E69: 10 | F69: 9 | G69: 12 | H69: 3 | I69: 7 | J69: 16 | K69: 10 | L69: 12 | M69: 27 | N69: 20 | O69: 14 | P69: 13 | Q69: 15 | R69: 17 | S69: 10 | T69: 7 | U69: 7 | V69: 2 | W69: 6 | X69: =SUM(E69:W69) -> 217
A70: A.2 | B70: 1 | C70: 1. SONNY TRI DANAPARAMITA, S.H., M.H. | E70: 7 | F70: 7 | G70: 18 | H70: 8 | I70: 10 | J70: 15 | K70: 16 | L70: 11 | M70: 14 | N70: 23 | O70: 10 | P70: 19 | Q70: 13 | R70: 9 | S70: 11 | T70: 11 | U70: 13 | V70: 13 | W70: 4 | X70: =SUM(E70:W70) -> 232
B71: 2 | C71: 2. H. MOHAMAD GUNTUR ROMLI | E71: 5 | G71: 1 | H71: 3 | I71: 2 | J71: 3 | K71: 0 | L71: 0 | M71: 2 | N71: 0 | O71: 1 | P71: 6 | Q71: 3 | R71: 1 | S71: 2 | T71: 3 | U71: 2 | W71: 10 | X71: =SUM(E71:W71) -> 44
B72: 3 | C72: 3. INA AMMANIA | E72: 31 | F72: 21 | G72: 2 | H72: 2 | I72: 0 | J72: 14 | K72: 8 | L72: 14 | M72: 34 | N72: 27 | O72: 36 | P72: 21 | Q72: 2 | R72: 2 | S72: 0 | T72: 3 | U72: 11 | V72: 16 | W72: 69 | X72: =SUM(E72:W72) -> 313
B73: 4 | C73: 4. IRWAN BACHTIAR RACHMAT, M.Si. | E73: 0 | G73: 0 | I73: 0 | J73: 1 | K73: 1 | L73: 1 | M73: 1 | N73: 2 | O73: 3 | P73: 0 | Q73: 0 | R73: 0 | S73: 2 | T73: 0 | U73: 1 | W73: 1 | X73: =SUM(E73:W73) -> 13
B74: 5 | C74: 5. LUCKY PERDANA | E74: 1 | F74: 2 | G74: 5 | H74: 4 | I74: 1 | J74: 4 | K74: 5 | L74: 5 | M74: 6 | N74: 4 | O74: 8 | P74: 6 | Q74: 6 | R74: 1 | S74: 0 | T74: 5 | U74: 4 | V74: 3 | X74: =SUM(E74:W74) -> 70
B75: 6 | C75: 6. WIWIK PUJIYATI | E75: 0 | F75: 1 | G75: 3 | H75: 3 | I75: 0 | J75: 2 | K75: 2 | L75: 1 | M75: 2 | N75: 3 | O75: 2 | P75: 2 | Q75: 0 | R75: 3 | S75: 0 | T75: 0 | U75: 1 | X75: =SUM(E75:W75) -> 25
B76: 7 | C76: 7. CHANDRA ASTAN, S.T. | E76: 1 | G76: 0 | H76: 1 | I76: 1 | J76: 5 | K76: 9 | L76: 8 | M76: 17 | N76: 0 | O76: 2 | P76: 1 | Q76: 1 | R76: 4 | S76: 1 | T76: 2 | W76: 3 | X76: =SUM(E76:W76) -> 56
A79: B | B79: JUMLAH SUARA SAH PARTAI POLITIK DAN CALON (A1 + A2) | E79: =SUM(E69:E76) -> 55 | F79: =SUM(F69:F76) -> 40 | G79: =SUM(G69:G76) -> 41 | H79: =SUM(H69:H76) -> 24 | I79: =SUM(I69:I76) -> 21 | J79: =SUM(J69:J76) -> 60 | K79: =SUM(K69:K76) -> 51 | L79: =SUM(L69:L76) -> 52 | ... W79: =SUM(W69:W76) -> 93 | X79: =SUM(E79:W79) -> 970
A81: A.1 | B81: 4. | C81: Partai Golongan Karya | E81: 3 | F81: 0 | G81: 0 | H81: 2 | I81: 1 | J81: 14 | K81: 2 | L81: 6 | M81: 5 | N81: 2 | O81: 3 | P81: 11 | Q81: 2 | R81: 4 | S81: 1 | T81: 5 | V81: 0 | W81: 1 | X81: =SUM(E81:W81) -> 62
A82: A.2 | B82: 1 | C82: 1. ZULFIKAR ARSE SADIKIN, S.I.P., M.Si. | E82: 19 | F82: 24 | G82: 9 | H82: 15 | I82: 18 | J82: 10 | K82: 3 | L82: 5 | M82: 7 | N82: 3 | O82: 5 | P82: 18 | Q82: 2 | R82: 0 | S82: 1 | T82: 3 | U82: 3 | V82: 2 | W82: 9 | X82: =SUM(E82:W82) -> 156
B83: 2 | C83: 2. HANDOKO | E83: 2 | F83: 2 | G83: 5 | I83: 1 | J83: 4 | K83: 2 | L83: 1 | M83: 2 | N83: 3 | O83: 5 | P83: 3 | Q83: 2 | R83: 0 | S83: 2 | T83: 2 | U83: 2 | X83: =SUM(E83:W83) -> 38
B84: 3 | C84: 3. Hj. OVI DEWI YANTI | E84: 1 | G84: 0 | H84: 1 | I84: 0 | J84: 3 | K84: 0 | L84: 1 | M84: 1 | N84: 1 | O84: 0 | Q84: 0 | R84: 0 | S84: 0 | V84: 1 | X84: =SUM(E84:W84) -> 9
B85: 4 | C85: 4. Ir. AZAM AZMAN NATAWIJANA | E85: 2 | F85: 1 | G85: 0 | H85: 1 | I85: 1 | J85: 18 | K85: 2 | L85: 1 | M85: 0 | N85: 1 | O85: 1 | Q85: 1 | R85: 0 | S85: 0 | T85: 1 | X85: =SUM(E85:W85) -> 30
B86: 5 | C86: 5. UBAIDILLAH AMIN, S.Kom. | E86: 0 | G86: 2 | I86: 0 | J86: 0 | K86: 1 | L86: 2 | M86: 1 | N86: 2 | O86: 1 | Q86: 6 | R86: 17 | S86: 10 | T86: 37 | U86: 17 | V86: 4 | X86: =SUM(E86:W86) -> 100
B87: 6 | C87: 6. DENNY YUNIANDARI, S.H., M.Kn. | E87: 1 | G87: 0 | I87: 0 | J87: 0 | K87: 1 | L87: 0 | M87: 0 | N87: 0 | O87: 0 | Q87: 0 | R87: 0 | S87: 0 | U87: 1 | X87: =SUM(E87:W87) -> 3
B88: 7 | C88: 7. ERNADI, S.H.I. | E88: 0 | G88: 0 | I88: 0 | J88: 0 | K88: 1 | L88: 0 | M88: 0 | N88: 0 | O88: 0 | P88: 2 | Q88: 0 | R88: 0 | S88: 0 | X88: =SUM(E88:W88) -> 3
A91: B | B91: JUMLAH SUARA SAH PARTAI POLITIK DAN CALON (A1 + A2) | E91: =SUM(E81:E88) -> 28 | F91: =SUM(F81:F88) -> 27 | G91: =SUM(G81:G88) -> 16 | H91: =SUM(H81:H88) -> 19 | I91: =SUM(I81:I88) -> 21 | J91: =SUM(J81:J88) -> 49 | K91: =SUM(K81:K88) -> 12 | L91: =SUM(L81:L88) -> 16 | ... W91: =SUM(W81:W88) -> 10 | X91: =SUM(E91:W91) -> 401
A93: A.1 | B93: 5. | C93: Partai NasDem | E93: 0 | F93: 1 | G93: 3 | H93: 2 | I93: 1 | J93: 0 | K93: 3 | L93: 1 | M93: 1 | N93: 1 | O93: 0 | P93: 0 | Q93: 3 | R93: 2 | S93: 1 | T93: 0 | V93: 0 | W93: 2 | X93: =SUM(E93:W93) -> 21
A94: A.2 | B94: 1 | C94: 1. ACH. FADIL MUZAKKI SYAH | E94: 0 | F94: 2 | G94: 1 | I94: 0 | J94: 2 | K94: 2 | M94: 0 | N94: 2 | O94: 0 | P94: 1 | Q94: 1 | R94: 2 | S94: 1 | T94: 1 | V94: 1 | W94: 1 | X94: =SUM(E94:W94) -> 17
B95: 2 | C95: 2. BENY | E95: 0 | F95: 0 | G95: 3 | I95: 0 | J95: 0 | K95: 0 | L95: 2 | M95: 0 | N95: 0 | O95: 0 | P95: 1 | Q95: 8 | R95: 17 | S95: 11 | T95: 3 | X95: =SUM(E95:W95) -> 45
B96: 3 | C96: 3. VINA VERONIKA | E96: 0 | G96: 1 | I96: 0 | J96: 0 | K96: 0 | L96: 1 | M96: 0 | N96: 0 | O96: 0 | P96: 0 | Q96: 0 | R96: 0 | S96: 1 | X96: =SUM(E96:W96) -> 3
B97: 4 | C97: 4. TEDDY ANUGRIANTO | E97: 0 | F97: 1 | G97: 0 | I97: 2 | J97: 0 | K97: 6 | L97: 1 | M97: 0 | N97: 2 | O97: 2 | P97: 0 | Q97: 9 | R97: 0 | S97: 2 | T97: 3 | U97: 2 | V97: 3 | W97: 1 | X97: =SUM(E97:W97) -> 34
B98: 5 | C98: 5. INSAN KAMIL | E98: 0 | F98: 1 | G98: 0 | I98: 0 | J98: 0 | K98: 0 | M98: 0 | N98: 0 | O98: 0 | P98: 0 | Q98: 0 | R98: 0 | S98: 0 | T98: 2 | W98: 1 | X98: =SUM(E98:W98) -> 4
B99: 6 | C99: 6. LILIK LINDARWATI | E99: 0 | G99: 0 | I99: 0 | J99: 0 | K99: 0 | M99: 0 | N99: 0 | O99: 0 | P99: 0 | Q99: 0 | R99: 0 | S99: 0 | X99: =SUM(E99:W99) -> 0
B100: 7 | C100: 7. YULI ANITA | E100: 0 | G100: 0 | I100: 0 | J100: 0 | K100: 0 | M100: 0 | N100: 0 | O100: 0 | P100: 0 | Q100: 0 | R100: 0 | S100: 0 | X100: =SUM(E100:W100) -> 0
A103: B | B103: JUMLAH SUARA SAH PARTAI POLITIK DAN CALON (A1 + A2) | E103: =SUM(E93:E100) -> 0 | F103: =SUM(F93:F100) -> 5 | G103: =SUM(G93:G100) -> 8 | H103: =SUM(H93:H100) -> 2 | I103: =SUM(I93:I100) -> 3 | J103: =SUM(J93:J100) -> 2 | K103: =SUM(K93:K100) -> 11 | L103: =SUM(L93:L100) -> 5 | ... W103: =SUM(W93:W100) -> 5 | X103: =SUM(E103:W103) -> 124
A105: A.1 | B105: 6. | C105: Partai Buruh | E105: 1 | G105: 0 | H105: 0 | I105: 0 | J105: 0 | K105: 0 | M105: 0 | N105: 1 | O105: 0 | P105: 0 | Q105: 0 | R105: 0 | S105: 0 | X105: =SUM(E105:W105) -> 2
A106: A.2 | B106: 1 | C106: 1. KHOIRUL ANAM | E106: 0 | G106: 0 | H106: 1 | I106: 1 | J106: 0 | K106: 0 | M106: 0 | N106: 0 | O106: 0 | P106: 0 | Q106: 0 | R106: 0 | S106: 0 | W106: 1 | X106: =SUM(E106:W106) -> 3
B107: 2 | C107: 2. INA KURNIA | E107: 0 | G107: 0 | I107: 0 | J107: 0 | K107: 0 | M107: 0 | N107: 0 | O107: 0 | P107: 0 | Q107: 0 | R107: 0 | S107: 0 | U107: 1 | X107: =SUM(E107:W107) -> 1
B108: 3 | C108: 3. JIBRAL TAROUK | E108: 0 | G108: 0 | I108: 0 | J108: 0 | K108: 0 | M108: 0 | N108: 0 | O108: 0 | P108: 1 | Q108: 0 | R108: 0 | S108: 0 | U108: 1 | X108: =SUM(E108:W108) -> 2
B109: 4 | C109: 4. ASTUTI DAENG PUJI | E109: 0 | G109: 0 | I109: 0 | J109: 0 | K109: 0 | M109: 0 | N109: 0 | O109: 0 | P109: 0 | Q109: 0 | R109: 0 | S109: 0 | X109: =SUM(E109:W109) -> 0
B110: 5 | C110: 5. ASDARMAWAN | E110: 0 | G110: 0 | I110: 0 | J110: 0 | K110: 0 | M110: 0 | N110: 0 | O110: 0 | P110: 0 | Q110: 0 | R110: 0 | S110: 0 | X110: =SUM(E110:W110) -> 0
B111: 6 | C111: 6. RIFQI MUBAROK | E111: 0 | G111: 0 | I111: 0 | J111: 0 | K111: 0 | M111: 0 | N111: 0 | O111: 0 | P111: 0 | Q111: 0 | R111: 0 | S111: 0 | X111: =SUM(E111:W111) -> 0
B112: 7 | C112: 7. FIRNANDA ALTA MEGA | E112: 0 | G112: 0 | I112: 0 | J112: 0 | K112: 0 | M112: 0 | N112: 0 | O112: 0 | P112: 0 | Q112: 0 | R112: 0 | S112: 0 | X112: =SUM(E112:W112) -> 0
A115: B | B115: JUMLAH SUARA SAH PARTAI POLITIK DAN CALON (A1 + A2) | E115: =SUM(E105:E112) -> 1 | F115: =SUM(F105:F112) -> 0 | G115: =SUM(G105:G112) -> 0 | H115: =SUM(H105:H112) -> 1 | I115: =SUM(I105:I112) -> 1 | J115: =SUM(J105:J112) -> 0 | K115: =SUM(K105:K112) -> 0 | L115: =SUM(L105:L112) -> 0 | ... W115: =SUM(W105:W112) -> 1 | X115: =SUM(E115:W115) -> 8
A117: A.1 | B117: 7. | C117: Partai Gelombang Rakyat Indonesia | E117: 0 | F117: 2 | G117: 0 | H117: 1 | I117: 1 | J117: 0 | K117: 1 | L117: 1 | M117: 1 | N117: 1 | O117: 1 | P117: 2 | Q117: 0 | R117: 0 | S117: 0 | W117: 1 | X117: =SUM(E117:W117) -> 12
A118: A.2 | B118: 1 | C118: 1. TITI WIDORETNO WARISMAN | E118: 0 | G118: 0 | I118: 0 | J118: 0 | K118: 0 | M118: 0 | N118: 0 | O118: 0 | P118: 0 | Q118: 0 | R118: 0 | S118: 0 | T118: 1 | X118: =SUM(E118:W118) -> 1
B119: 2 | C119: 2. MAMIEK SETYANINGSIH | E119: 0 | G119: 0 | H119: 2 | I119: 0 | J119: 0 | K119: 0 | M119: 0 | N119: 0 | O119: 0 | P119: 0 | Q119: 0 | R119: 0 | S119: 0 | X119: =SUM(E119:W119) -> 2
B120: 3 | C120: 3. ROMIL AZIZEN | E120: 0 | G120: 0 | I120: 0 | J120: 0 | K120: 0 | M120: 0 | N120: 0 | O120: 0 | P120: 1 | Q120: 0 | R120: 0 | S120: 0 | W120: 1 | X120: =SUM(E120:W120) -> 2
A127: B | B127: JUMLAH SUARA SAH PARTAI POLITIK DAN CALON (A1 + A2) | E127: =SUM(E117:E120) -> 0 | F127: =SUM(F117:F120) -> 2 | G127: =SUM(G117:G120) -> 0 | H127: =SUM(H117:H120) -> 3 | I127: =SUM(I117:I120) -> 1 | J127: =SUM(J117:J120) -> 0 | K127: =SUM(K117:K120) -> 1 | L127: =SUM(L117:L120) -> 1 | ... W127: =SUM(W117:W120) -> 2 | X127: =SUM(E127:W127) -> 17
A129: A.1 | B129: 8. | C129: Partai Keadilan Sejahtera | E129: 2 | F129: 1 | G129: 1 | H129: 0 | I129: 1 | J129: 1 | K129: 3 | L129: 3 | M129: 0 | N129: 0 | O129: 2 | P129: 2 | Q129: 0 | R129: 0 | S129: 1 | T129: 1 | V129: 1 | W129: 2 | X129: =SUM(E129:W129) -> 21
A130: A.2 | B130: 1 | C130: 1. H. SAIMI SALEH, S.E., M.M. | E130: 3 | F130: 1 | G130: 1 | I130: 1 | J130: 2 | K130: 2 | L130: 1 | M130: 1 | N130: 0 | O130: 1 | P130: 2 | Q130: 0 | R130: 0 | S130: 0 | V130: 0 | X130: =SUM(E130:W130) -> 15
B131: 2 | C131: 2. Prof. Dr. H. EGGI SUDJANA, S.H., M.Si. | E131: 0 | G131: 1 | H131: 2 | I131: 0 | J131: 1 | K131: 0 | L131: 1 | M131: 0 | N131: 0 | O131: 0 | P131: 2 | Q131: 0 | R131: 0 | S131: 0 | X131: =SUM(E131:W131) -> 7
B132: 3 | C132: 3. NURUL KHOTIMAH | E132: 1 | G132: 0 | I132: 0 | J132: 0 | K132: 0 | L132: 1 | M132: 0 | N132: 0 | O132: 0 | P132: 0 | Q132: 0 | R132: 1 | S132: 0 | X132: =SUM(E132:W132) -> 3
B133: 4 | C133: 4. AKHMAD SUYANTO, S.T., M.T. | E133: 0 | G133: 0 | I133: 0 | J133: 0 | K133: 0 | M133: 0 | N133: 0 | O133: 1 | P133: 0 | Q133: 0 | R133: 0 | S133: 0 | X133: =SUM(E133:W133) -> 1
B134: 5 | C134: 5. PUJIYATNI | E134: 0 | F134: 2 | G134: 0 | I134: 0 | J134: 0 | K134: 0 | M134: 0 | N134: 0 | O134: 0 | P134: 0 | Q134: 0 | R134: 0 | S134: 0 | X134: =SUM(E134:W134) -> 2
B135: 6 | C135: 6. HENI PURWATININGSIH | E135: 5 | G135: 0 | I135: 0 | J135: 0 | K135: 1 | L135: 1 | M135: 0 | N135: 0 | O135: 0 | P135: 0 | Q135: 0 | R135: 0 | S135: 0 | X135: =SUM(E135:W135) -> 7
B136: 7 | C136: 7. MUHADI | E136: 0 | G136: 0 | I136: 0 | J136: 0 | K136: 0 | M136: 0 | N136: 0 | O136: 0 | P136: 0 | Q136: 0 | R136: 0 | S136: 0 | X136: =SUM(E136:W136) -> 0
...

Sheet SRAGI
C2: Kecamatan
C3: Kabupaten | D3: BANYUWANGI
C4: Provinsi | D4: JAWA TIMUR
C9: Kelurahan
A12: I | B12: DATA PEMILIH DAN PENGGUNAAN HAK PILIH | AG12: JUMLAH AKHIR
A13: A | B13: DATA PEMILIH | E13: TPS 001 | F13: TPS 002 | G13: TPS 003 | H13: TPS 004 | I13: TPS 005 | J13: TPS 006 | K13: TPS 007 | L13: TPS 008 | M13: TPS 009 | N13: TPS 010 | O13: TPS 011 | P13: TPS 012 | Q13: TPS 013 | R13: TPS 014 | S13: TPS 015 | T13: TPS 016 | U13: TPS 017 | V13: TPS 018 | W13: TPS 019 | X13: TPS 020 | Y13: TPS 021 | Z13: TPS 022 | AA13: TPS 023 | AB13: TPS 024 | AC13: TPS 025 | AD13: TPS 026 | AE13: TPS 027 | AF13: TPS 028
B14: Jumlah Pemilih dalam Daftar Pemilih Tetap (DPT) | D14: LK | E14: 133 | F14: 130 | G14: 141 | H14: 116 | I14: 135 | J14: 111 | K14: 134 | L14: 150 | M14: 151 | N14: 146 | O14: 125 | P14: 115 | Q14: 115 | R14: 143 | S14: 150 | T14: 151 | U14: 157 | V14: 140 | W14: 142 | X14: 149 | Y14: 148 | Z14: 151 | AA14: 149 | AB14: 131 | AC14: 127 | AD14: 148 | AE14: 151 | AF14: 135 | AG14: =SUM(E14:AF14) -> 3874
D15: PR | E15: 137 | F15: 129 | G15: 133 | H15: 122 | I15: 125 | J15: 103 | K15: 142 | L15: 148 | M15: 148 | N15: 149 | O15: 132 | P15: 106 | Q15: 115 | R15: 148 | S15: 139 | T15: 142 | U15: 136 | V15: 156 | W15: 152 | X15: 145 | Y15: 148 | Z15: 140 | AA15: 143 | AB15: 117 | AC15: 135 | AD15: 150 | AE15: 140 | AF15: 142 | AG15: =SUM(E15:AF15) -> 3822
D16: JML | E16: =SUM(E14:E15) -> 270 | F16: =SUM(F14:F15) -> 259 | G16: =SUM(G14:G15) -> 274 | H16: =SUM(H14:H15) -> 238 | I16: =SUM(I14:I15) -> 260 | J16: =SUM(J14:J15) -> 214 | K16: =SUM(K14:K15) -> 276 | L16: =SUM(L14:L15) -> 298 | ... AF16: =SUM(AF14:AF15) -> 277 | AG16: =SUM(E16:AF16) -> 7696
A18: B | B18: PENGGUNA HAK PILIH
B19: 1. | C19: Jumlah pengguna hak pilih dalam Daftar Pemilih Tetap (DPT) | D19: LK | E19: 100 | F19: 88 | G19: 101 | H19: 67 | I19: 99 | J19: 81 | K19: 101 | L19: 101 | M19: 113 | N19: 118 | O19: 90 | P19: 90 | Q19: 86 | R19: 111 | S19: 108 | T19: 113 | U19: 101 | V19: 113 | W19: 101 | X19: 116 | Y19: 119 | Z19: 115 | AA19: 112 | AB19: 99 | AC19: 94 | AD19: 102 | AE19: 112 | AF19: 104 | AG19: =SUM(E19:AF19) -> 2855
D20: PR | E20: 104 | F20: 108 | G20: 96 | H20: 86 | I20: 102 | J20: 83 | K20: 109 | L20: 118 | M20: 129 | N20: 124 | O20: 108 | P20: 87 | Q20: 93 | R20: 119 | S20: 108 | T20: 111 | U20: 101 | V20: 126 | W20: 115 | X20: 116 | Y20: 127 | Z20: 108 | AA20: 111 | AB20: 99 | AC20: 107 | AD20: 115 | AE20: 118 | AF20: 111 | AG20: =SUM(E20:AF20) -> 3039
D21: JML | E21: =SUM(E19:E20) -> 204 | F21: =SUM(F19:F20) -> 196 | G21: =SUM(G19:G20) -> 197 | H21: =SUM(H19:H20) -> 153 | I21: =SUM(I19:I20) -> 201 | J21: =SUM(J19:J20) -> 164 | K21: =SUM(K19:K20) -> 210 | L21: =SUM(L19:L20) -> 219 | ... AF21: =SUM(AF19:AF20) -> 215 | AG21: =SUM(E21:AF21) -> 5894
B22: 2. | C22: Jumlah pengguna hak pilih dalam Daftar Pemilih Tambahan (DPTb) | D22: LK | E22: 0 | F22: 0 | G22: 0 | H22: 0 | I22: 0 | J22: 0 | K22: 0 | L22: 0 | M22: 0 | N22: 0 | O22: 0 | P22: 0 | Q22: 0 | R22: 0 | S22: 0 | T22: 0 | U22: 0 | V22: 0 | W22: 0 | X22: 0 | Y22: 0 | Z22: 0 | AA22: 0 | AB22: 0 | AC22: 0 | AD22: 0 | AE22: 0 | AF22: 0 | AG22: =SUM(E22:AF22) -> 0
D23: PR | E23: 0 | F23: 0 | G23: 0 | H23: 0 | I23: 0 | J23: 0 | K23: 0 | L23: 0 | M23: 0 | N23: 0 | O23: 0 | P23: 0 | Q23: 0 | R23: 0 | S23: 0 | T23: 0 | U23: 0 | V23: 0 | W23: 0 | X23: 0 | Y23: 0 | Z23: 0 | AA23: 0 | AB23: 0 | AC23: 0 | AD23: 0 | AE23: 0 | AF23: 0 | AG23: =SUM(E23:AF23) -> 0
D24: JML | E24: =SUM(E22:E23) -> 0 | F24: =SUM(F22:F23) -> 0 | G24: =SUM(G22:G23) -> 0 | H24: =SUM(H22:H23) -> 0 | I24: =SUM(I22:I23) -> 0 | J24: =SUM(J22:J23) -> 0 | K24: =SUM(K22:K23) -> 0 | L24: =SUM(L22:L23) -> 0 | ... AF24: =SUM(AF22:AF23) -> 0 | AG24: =SUM(E24:AF24) -> 0
B25: 3. | C25: Jumlah pengguna hak pilih dalam Daftar Pemilih Khusus (DPK) | D25: LK | E25: 1 | F25: 1 | G25: 0 | H25: 2 | I25: 0 | J25: 0 | K25: 2 | L25: 0 | M25: 1 | N25: 2 | O25: 0 | P25: 0 | Q25: 0 | R25: 0 | S25: 0 | T25: 0 | U25: 1 | V25: 1 | W25: 0 | X25: 0 | Y25: 0 | Z25: 0 | AA25: 0 | AB25: 0 | AC25: 4 | AD25: 1 | AE25: 2 | AF25: 3 | AG25: =SUM(E25:AF25) -> 21
D26: PR | E26: 0 | F26: 0 | G26: 0 | H26: 0 | I26: 1 | J26: 1 | K26: 2 | L26: 2 | M26: 1 | N26: 0 | O26: 0 | P26: 0 | Q26: 1 | R26: 0 | S26: 0 | T26: 0 | U26: 1 | V26: 1 | W26: 0 | X26: 0 | Y26: 1 | Z26: 0 | AA26: 0 | AB26: 0 | AC26: 2 | AD26: 1 | AE26: 1 | AF26: 8 | AG26: =SUM(E26:AF26) -> 23
D27: JML | E27: =SUM(E25:E26) -> 1 | F27: =SUM(F25:F26) -> 1 | G27: =SUM(G25:G26) -> 0 | H27: =SUM(H25:H26) -> 2 | I27: =SUM(I25:I26) -> 1 | J27: =SUM(J25:J26) -> 1 | K27: =SUM(K25:K26) -> 4 | L27: =SUM(L25:L26) -> 2 | ... AF27: =SUM(AF25:AF26) -> 11 | AG27: =SUM(E27:AF27) -> 44
B28: 4. | C28: Jumlah Pengguna Hak Pilih (B.1+B.2+B.3) | D28: LK | E28: =SUM(E19,E22,E25) -> 101 | F28: =SUM(F19,F22,F25) -> 89 | G28: =SUM(G19,G22,G25) -> 101 | H28: =SUM(H19,H22,H25) -> 69 | I28: =SUM(I19,I22,I25) -> 99 | J28: =SUM(J19,J22,J25) -> 81 | K28: =SUM(K19,K22,K25) -> 103 | L28: =SUM(L19,L22,L25) -> 101 | ... AF28: =SUM(AF19,AF22,AF25) -> 107 | AG28: =SUM(E28:AF28) -> 2876
D29: PR | E29: =SUM(E20,E23,E26) -> 104 | F29: =SUM(F20,F23,F26) -> 108 | G29: =SUM(G20,G23,G26) -> 96 | H29: =SUM(H20,H23,H26) -> 86 | I29: =SUM(I20,I23,I26) -> 103 | J29: =SUM(J20,J23,J26) -> 84 | K29: =SUM(K20,K23,K26) -> 111 | L29: =SUM(L20,L23,L26) -> 120 | ... AF29: =SUM(AF20,AF23,AF26) -> 119 | AG29: =SUM(E29:AF29) -> 3062
D30: JML | E30: =SUM(E28:E29) -> 205 | F30: =SUM(F28:F29) -> 197 | G30: =SUM(G28:G29) -> 197 | H30: =SUM(H28:H29) -> 155 | I30: =SUM(I28:I29) -> 202 | J30: =SUM(J28:J29) -> 165 | K30: =SUM(K28:K29) -> 214 | L30: =SUM(L28:L29) -> 221 | ... AF30: =SUM(AF28:AF29) -> 226 | AG30: =SUM(E30:AF30) -> 5938
A32: II | B32: DATA PENGGUNAAN SURAT SUARA
A33: 1 | B33: Jumlah surat suara yang diterima, termasuk surat suara cadangan 2,5% dari DPT | E33: 277 | F33: 266 | G33: 265 | H33: 243 | I33: 256 | J33: 219 | K33: 262 | L33: 304 | M33: 305 | N33: 301 | O33: 253 | P33: 226 | Q33: 235 | R33: 297 | S33: 295 | T33: 299 | U33: 299 | V33: 302 | W33: 300 | X33: 300 | Y33: 302 | Z33: 297 | AA33: 288 | AB33: 253 | AC33: 268 | AD33: 304 | AE33: 297 | AF33: 283 | AG33: =SUM(E33:AF33) -> 7796
A34: 2 | B34: Jumlah surat suara yang digunakan | E34: 205 | F34: 197 | G34: 197 | H34: 155 | I34: 202 | J34: 165 | K34: 214 | L34: 221 | M34: 244 | N34: 244 | O34: 198 | P34: 177 | Q34: 180 | R34: 230 | S34: 216 | T34: 224 | U34: 204 | V34: 241 | W34: 216 | X34: 232 | Y34: 247 | Z34: 223 | AA34: 223 | AB34: 198 | AC34: 207 | AD34: 219 | AE34: 233 | AF34: 226 | AG34: =SUM(E34:AF34) -> 5938
A35: 3 | B35: Jumlah surat suara dikembalikan oleh pemilih (karena rusak atau keliru coblos) | E35: 0 | F35: 0 | G35: 0 | H35: 0 | I35: 0 | J35: 0 | K35: 1 | L35: 0 | M35: 0 | N35: 1 | O35: 0 | P35: 0 | Q35: 2 | R35: 0 | S35: 0 | T35: 0 | U35: 1 | V35: 0 | W35: 0 | X35: 0 | Y35: 0 | Z35: 0 | AA35: 0 | AB35: 0 | AC35: 1 | AD35: 0 | AE35: 0 | AF35: 2 | AG35: =SUM(E35:AF35) -> 8
A36: 4 | B36: Jumlah surat suara yang tidak digunakan/tidak terpakai, termasuk sisa surat suara cadangan | E36: =E33-(E34+E35) -> 72 | F36: =F33-(F34+F35) -> 69 | G36: =G33-(G34+G35) -> 68 | H36: =H33-(H34+H35) -> 88 | I36: =I33-(I34+I35) -> 54 | J36: =J33-(J34+J35) -> 54 | K36: =K33-(K34+K35) -> 47 | L36: =L33-(L34+L35) -> 83 | ... AF36: =AF33-(AF34+AF35) -> 55 | AG36: =SUM(E36:AF36) -> 1850
A38: III | B38: DATA PEMILIH DISABILITAS
B39: Jumlah seluruh Pemilih disabilitas yang menggunakan hak pilih | D39: LK | E39: 0 | F39: 0 | G39: 0 | H39: 0 | I39: 0 | J39: 0 | K39: 1 | L39: 0 | M39: 0 | N39: 0 | O39: 0 | P39: 0 | Q39: 0 | R39: 0 | S39: 0 | T39: 0 | U39: 0 | V39: 0 | W39: 0 | X39: 0 | Y39: 0 | Z39: 0 | AA39: 0 | AB39: 0 | AC39: 0 | AD39: 0 | AE39: 1 | AF39: 1 | AG39: =SUM(E39:AF39) -> 3
D40: PR | E40: 0 | F40: 0 | G40: 0 | H40: 0 | I40: 0 | J40: 0 | K40: 0 | L40: 0 | M40: 0 | N40: 0 | O40: 0 | P40: 0 | Q40: 0 | R40: 0 | S40: 0 | T40: 0 | U40: 0 | V40: 0 | W40: 0 | X40: 0 | Y40: 0 | Z40: 0 | AA40: 0 | AB40: 0 | AC40: 0 | AD40: 1 | AE40: 0 | AF40: 0 | AG40: =SUM(E40:AF40) -> 1
D41: JML | E41: =SUM(E39:E40) -> 0 | F41: =SUM(F39:F40) -> 0 | G41: =SUM(G39:G40) -> 0 | H41: =SUM(H39:H40) -> 0 | I41: =SUM(I39:I40) -> 0 | J41: =SUM(J39:J40) -> 0 | K41: =SUM(K39:K40) -> 1 | L41: =SUM(L39:L40) -> 0 | ... AF41: =SUM(AF39:AF40) -> 1 | AG41: =SUM(E41:AF41) -> 4
A43: IV | B43: DATA RINCIAN PEROLEHAN SUARA PASANGAN CALON BUPATI DAN WAKIL BUPATI
A44: NOMOR DAN NAMA CALON
A45: A.1 | B45: 1. | C45: Partai Kebangkitan Bangsa | E45: 8 | F45: 17 | G45: 9 | H45: 4 | I45: 6 | J45: 1 | K45: 8 | L45: 8 | M45: 14 | N45: 16 | O45: 4 | P45: 12 | Q45: 12 | R45: 14 | S45: 11 | T45: 10 | U45: 5 | V45: 9 | W45: 2 | X45: 1 | Y45: 9 | Z45: 6 | AA45: 2 | AB45: 5 | AC45: 9 | AD45: 9 | AE45: 32 | AF45: 12 | AG45: =SUM(E45:AF45) -> 255
A46: A.2 | B46: 1 | C46: 1. Dr. Hj. NIHAYATUL WAFIROH, M.A. | E46: 10 | F46: 20 | G46: 25 | H46: 13 | I46: 20 | J46: 25 | K46: 13 | L46: 20 | M46: 60 | N46: 39 | O46: 39 | P46: 27 | Q46: 43 | R46: 26 | S46: 12 | T46: 15 | U46: 13 | V46: 2 | W46: 10 | X46: 12 | Y46: 41 | Z46: 13 | AA46: 11 | AB46: 21 | AC46: 22 | AD46: 24 | AE46: 50 | AF46: 22 | AG46: =SUM(E46:AF46) -> 648
B47: 2 | C47: 2. H. M. NASIM KHAN | E47: 0 | F47: 1 | G47: 3 | H47: 6 | I47: 11 | J47: 5 | K47: 1 | L47: 1 | M47: 5 | N47: 3 | O47: 5 | P47: 3 | Q47: 3 | R47: 1 | S47: 1 | T47: 3 | U47: 0 | V47: 1 | W47: 2 | X47: 0 | Y47: 0 | Z47: 1 | AA47: 0 | AB47: 2 | AC47: 1 | AD47: 1 | AE47: 27 | AF47: 6 | AG47: =SUM(E47:AF47) -> 93
B48: 3 | C48: 3. Dr. H. AKIK ZAMAN, M.Pd.I. | E48: 0 | F48: 0 | G48: 0 | H48: 1 | I48: 4 | J48: 0 | K48: 0 | L48: 0 | M48: 0 | N48: 1 | O48: 3 | P48: 2 | Q48: 0 | R48: 6 | S48: 0 | T48: 1 | U48: 0 | V48: 0 | W48: 0 | X48: 0 | Y48: 1 | Z48: 2 | AA48: 0 | AB48: 1 | AC48: 1 | AD48: 0 | AE48: 0 | AF48: 0 | AG48: =SUM(E48:AF48) -> 23
B49: 4 | C49: 4. AHMAD RIFA'I, S.H. | E49: 0 | F49: 1 | G49: 2 | H49: 0 | I49: 1 | J49: 0 | K49: 0 | L49: 0 | M49: 0 | N49: 1 | O49: 0 | P49: 3 | Q49: 2 | R49: 1 | S49: 1 | T49: 0 | U49: 0 | V49: 0 | W49: 0 | X49: 0 | Y49: 0 | Z49: 1 | AA49: 1 | AB49: 1 | AC49: 1 | AD49: 0 | AE49: 1 | AF49: 0 | AG49: =SUM(E49:AF49) -> 17
B50: 5 | C50: 5. Drs. H. MAHFUD M.N. | E50: 0 | F50: 0 | G50: 0 | H50: 0 | I50: 0 | J50: 0 | K50: 1 | L50: 1 | M50: 1 | N50: 0 | O50: 0 | P50: 0 | Q50: 1 | R50: 1 | S50: 0 | T50: 0 | U50: 0 | V50: 1 | W50: 0 | X50: 1 | Y50: 0 | Z50: 0 | AA50: 0 | AB50: 0 | AC50: 0 | AD50: 0 | AE50: 3 | AF50: 0 | AG50: =SUM(E50:AF50) -> 10
B51: 6 | C51: 6. NURHAYATI, S.Pd. | E51: 0 | F51: 0 | G51: 0 | H51: 0 | I51: 0 | J51: 0 | K51: 1 | L51: 0 | M51: 0 | N51: 0 | O51: 0 | P51: 1 | Q51: 0 | R51: 0 | S51: 0 | T51: 1 | U51: 1 | V51: 0 | W51: 0 | X51: 0 | Y51: 0 | Z51: 0 | AA51: 1 | AB51: 0 | AC51: 0 | AD51: 0 | AE51: 1 | AF51: 0 | AG51: =SUM(E51:AF51) -> 6
B52: 7 | C52: 7. MAFTUHA KISWAH | E52: 0 | F52: 0 | G52: 0 | H52: 1 | I52: 1 | J52: 0 | K52: 1 | L52: 0 | M52: 0 | N52: 0 | O52: 0 | P52: 1 | Q52: 0 | R52: 0 | S52: 0 | T52: 0 | U52: 0 | V52: 0 | W52: 0 | X52: 0 | Y52: 0 | Z52: 0 | AA52: 0 | AB52: 0 | AC52: 0 | AD52: 0 | AE52: 0 | AF52: 0 | AG52: =SUM(E52:AF52) -> 4
A55: B | B55: JUMLAH SUARA SAH PARTAI POLITIK DAN CALON (A1 + A2) | E55: =SUM(E45:E52) -> 18 | F55: =SUM(F45:F52) -> 39 | G55: =SUM(G45:G52) -> 39 | H55: =SUM(H45:H52) -> 25 | I55: =SUM(I45:I52) -> 43 | J55: =SUM(J45:J52) -> 31 | K55: =SUM(K45:K52) -> 25 | L55: =SUM(L45:L52) -> 30 | ... AF55: =SUM(AF45:AF52) -> 40 | AG55: =SUM(E55:AF55) -> 1056
A57: A.1 | B57: 2. | C57: Partai Gerakan Indonesia Raya | E57: 19 | F57: 10 | G57: 10 | H57: 11 | I57: 2 | J57: 5 | K57: 6 | L57: 9 | M57: 9 | N57: 20 | O57: 3 | P57: 5 | Q57: 9 | R57: 6 | S57: 12 | T57: 3 | U57: 17 | V57: 9 | W57: 1 | X57: 2 | Y57: 5 | Z57: 4 | AA57: 6 | AB57: 2 | AC57: 8 | AD57: 5 | AE57: 9 | AF57: 7 | AG57: =SUM(E57:AF57) -> 214
A58: A.2 | B58: 1 | C58: 1. SUMAIL ABDULLAH | E58: 6 | F58: 9 | G58: 9 | H58: 4 | I58: 2 | J58: 2 | K58: 15 | L58: 3 | M58: 6 | N58: 17 | O58: 15 | P58: 1 | Q58: 6 | R58: 19 | S58: 37 | T58: 17 | U58: 15 | V58: 10 | W58: 4 | X58: 2 | Y58: 2 | Z58: 6 | AA58: 41 | AB58: 9 | AC58: 24 | AD58: 0 | AE58: 8 | AF58: 8 | AG58: =SUM(E58:AF58) -> 297
B59: 2 | C59: 2. MUHAMMAD ALI ADRIAN SALEH | E59: 8 | F59: 5 | G59: 3 | H59: 17 | I59: 11 | J59: 12 | K59: 23 | L59: 31 | M59: 19 | N59: 41 | O59: 48 | P59: 5 | Q59: 27 | R59: 21 | S59: 13 | T59: 11 | U59: 19 | V59: 6 | W59: 9 | X59: 3 | Y59: 27 | Z59: 1 | AA59: 30 | AB59: 14 | AC59: 6 | AD59: 17 | AE59: 28 | AF59: 14 | AG59: =SUM(E59:AF59) -> 469
B60: 3 | C60: 3. DURROTUN NAFISAH | E60: 0 | F60: 1 | G60: 1 | H60: 0 | I60: 1 | J60: 0 | K60: 0 | L60: 1 | M60: 1 | N60: 2 | O60: 2 | P60: 2 | Q60: 1 | R60: 1 | S60: 0 | T60: 1 | U60: 1 | V60: 1 | W60: 0 | X60: 0 | Y60: 0 | Z60: 1 | AA60: 1 | AB60: 0 | AC60: 1 | AD60: 0 | AE60: 1 | AF60: 2 | AG60: =SUM(E60:AF60) -> 22
B61: 4 | C61: 4. H. EKO SUSILO NURHIDAYAT | E61: 2 | F61: 2 | G61: 1 | H61: 3 | I61: 1 | J61: 2 | K61: 5 | L61: 1 | M61: 6 | N61: 6 | O61: 1 | P61: 2 | Q61: 2 | R61: 2 | S61: 2 | T61: 2 | U61: 0 | V61: 2 | W61: 0 | X61: 1 | Y61: 0 | Z61: 0 | AA61: 1 | AB61: 2 | AC61: 3 | AD61: 1 | AE61: 1 | AF61: 0 | AG61: =SUM(E61:AF61) -> 51
B62: 5 | C62: 5. KARNADI HARIJANTO, S.S. | E62: 0 | F62: 0 | G62: 0 | H62: 1 | I62: 0 | J62: 0 | K62: 0 | L62: 0 | M62: 0 | N62: 0 | O62: 0 | P62: 0 | Q62: 0 | R62: 0 | S62: 0 | T62: 0 | U62: 0 | V62: 0 | W62: 0 | X62: 0 | Y62: 0 | Z62: 0 | AA62: 0 | AB62: 0 | AC62: 2 | AD62: 0 | AE62: 0 | AF62: 0 | AG62: =SUM(E62:AF62) -> 3
B63: 6 | C63: 6. NURHAYATI | E63: 2 | F63: 4 | G63: 0 | H63: 1 | I63: 0 | J63: 0 | K63: 1 | L63: 0 | M63: 2 | N63: 0 | O63: 0 | P63: 0 | Q63: 0 | R63: 0 | S63: 0 | T63: 0 | U63: 0 | V63: 0 | W63: 0 | X63: 1 | Y63: 0 | Z63: 0 | AA63: 2 | AB63: 0 | AC63: 0 | AD63: 0 | AE63: 0 | AF63: 1 | AG63: =SUM(E63:AF63) -> 14
B64: 7 | C64: 7. MASHUDI | E64: 0 | F64: 0 | G64: 0 | H64: 0 | I64: 0 | J64: 2 | K64: 0 | L64: 0 | M64: 0 | N64: 0 | O64: 1 | P64: 0 | Q64: 0 | R64: 1 | S64: 0 | T64: 0 | U64: 0 | V64: 0 | W64: 0 | X64: 0 | Y64: 1 | Z64: 0 | AA64: 0 | AB64: 0 | AC64: 0 | AD64: 0 | AE64: 1 | AF64: 0 | AG64: =SUM(E64:AF64) -> 6
A67: B | B67: JUMLAH SUARA SAH PARTAI POLITIK DAN CALON (A1 + A2) | E67: =SUM(E57:E64) -> 37 | F67: =SUM(F57:F64) -> 31 | G67: =SUM(G57:G64) -> 24 | H67: =SUM(H57:H64) -> 37 | I67: =SUM(I57:I64) -> 17 | J67: =SUM(J57:J64) -> 23 | K67: =SUM(K57:K64) -> 50 | L67: =SUM(L57:L64) -> 45 | ... AF67: =SUM(AF57:AF64) -> 32 | AG67: =SUM(E67:AF67) -> 1076
A69: A.1 | B69: 3. | C69: Partai Demokrasi Indonesia Perjuangan | E69: 7 | F69: 12 | G69: 11 | H69: 4 | I69: 4 | J69: 7 | K69: 7 | L69: 7 | M69: 8 | N69: 14 | O69: 2 | P69: 13 | Q69: 5 | R69: 10 | S69: 7 | T69: 9 | U69: 9 | V69: 17 | W69: 10 | X69: 12 | Y69: 15 | Z69: 17 | AA69: 4 | AB69: 12 | AC69: 10 | AD69: 3 | AE69: 8 | AF69: 8 | AG69: =SUM(E69:AF69) -> 252
A70: A.2 | B70: 1 | C70: 1. SONNY TRI DANAPARAMITA, S.H., M.H. | E70: 47 | F70: 7 | G70: 8 | H70: 2 | I70: 3 | J70: 49 | K70: 12 | L70: 4 | M70: 15 | N70: 5 | O70: 8 | P70: 49 | Q70: 7 | R70: 22 | S70: 38 | T70: 31 | U70: 19 | V70: 58 | W70: 70 | X70: 129 | Y70: 60 | Z70: 50 | AA70: 14 | AB70: 41 | AC70: 10 | AD70: 7 | AE70: 19 | AF70: 46 | AG70: =SUM(E70:AF70) -> 830
B71: 2 | C71: 2. H. MOHAMAD GUNTUR ROMLI | E71: 2 | F71: 2 | G71: 1 | H71: 0 | I71: 3 | J71: 5 | K71: 3 | L71: 2 | M71: 3 | N71: 0 | O71: 3 | P71: 1 | Q71: 2 | R71: 1 | S71: 5 | T71: 5 | U71: 0 | V71: 1 | W71: 0 | X71: 3 | Y71: 0 | Z71: 2 | AA71: 1 | AB71: 3 | AC71: 2 | AD71: 1 | AE71: 1 | AF71: 3 | AG71: =SUM(E71:AF71) -> 55
B72: 3 | C72: 3. INA AMMANIA | E72: 2 | F72: 2 | G72: 2 | H72: 0 | I72: 1 | J72: 0 | K72: 2 | L72: 2 | M72: 1 | N72: 3 | O72: 3 | P72: 1 | Q72: 2 | R72: 2 | S72: 4 | T72: 16 | U72: 13 | V72: 28 | W72: 46 | X72: 31 | Y72: 13 | Z72: 64 | AA72: 37 | AB72: 32 | AC72: 16 | AD72: 0 | AE72: 1 | AF72: 1 | AG72: =SUM(E72:AF72) -> 325
B73: 4 | C73: 4. IRWAN BACHTIAR RACHMAT, M.Si. | E73: 2 | F73: 1 | G73: 4 | H73: 1 | I73: 0 | J73: 2 | K73: 1 | L73: 5 | M73: 9 | N73: 2 | O73: 1 | P73: 1 | Q73: 2 | R73: 0 | S73: 2 | T73: 2 | U73: 3 | V73: 2 | W73: 1 | X73: 2 | Y73: 7 | Z73: 1 | AA73: 0 | AB73: 2 | AC73: 2 | AD73: 2 | AE73: 1 | AF73: 1 | AG73: =SUM(E73:AF73) -> 59
B74: 5 | C74: 5. LUCKY PERDANA | E74: 0 | F74: 4 | G74: 4 | H74: 2 | I74: 2 | J74: 0 | K74: 1 | L74: 0 | M74: 2 | N74: 3 | O74: 2 | P74: 1 | Q74: 2 | R74: 2 | S74: 6 | T74: 6 | U74: 4 | V74: 0 | W74: 7 | X74: 5 | Y74: 8 | Z74: 3 | AA74: 2 | AB74: 5 | AC74: 8 | AD74: 6 | AE74: 3 | AF74: 1 | AG74: =SUM(E74:AF74) -> 89
B75: 6 | C75: 6. WIWIK PUJIYATI | E75: 1 | F75: 1 | G75: 1 | H75: 0 | I75: 1 | J75: 2 | K75: 1 | L75: 1 | M75: 4 | N75: 1 | O75: 3 | P75: 0 | Q75: 2 | R75: 1 | S75: 0 | T75: 0 | U75: 1 | V75: 0 | W75: 0 | X75: 0 | Y75: 0 | Z75: 0 | AA75: 0 | AB75: 3 | AC75: 4 | AD75: 3 | AE75: 1 | AF75: 0 | AG75: =SUM(E75:AF75) -> 31
B76: 7 | C76: 7. CHANDRA ASTAN, S.T. | E76: 0 | F76: 0 | G76: 0 | H76: 0 | I76: 0 | J76: 0 | K76: 2 | L76: 0 | M76: 0 | N76: 0 | O76: 1 | P76: 0 | Q76: 0 | R76: 0 | S76: 0 | T76: 1 | U76: 0 | V76: 0 | W76: 0 | X76: 0 | Y76: 0 | Z76: 0 | AA76: 0 | AB76: 0 | AC76: 1 | AD76: 1 | AE76: 0 | AF76: 0 | AG76: =SUM(E76:AF76) -> 6
A79: B | B79: JUMLAH SUARA SAH PARTAI POLITIK DAN CALON (A1 + A2) | E79: =SUM(E69:E76) -> 61 | F79: =SUM(F69:F76) -> 29 | G79: =SUM(G69:G76) -> 31 | H79: =SUM(H69:H76) -> 9 | I79: =SUM(I69:I76) -> 14 | J79: =SUM(J69:J76) -> 65 | K79: =SUM(K69:K76) -> 29 | L79: =SUM(L69:L76) -> 21 | ... AF79: =SUM(AF69:AF76) -> 60 | AG79: =SUM(E79:AF79) -> 1647
A81: A.1 | B81: 4. | C81: Partai Golongan Karya | E81: 4 | F81: 9 | G81: 5 | H81: 6 | I81: 4 | J81: 5 | K81: 0 | L81: 6 | M81: 2 | N81: 1 | O81: 4 | P81: 1 | Q81: 1 | R81: 1 | S81: 1 | T81: 3 | U81: 6 | V81: 15 | W81: 2 | X81: 0 | Y81: 0 | Z81: 1 | AA81: 2 | AB81: 0 | AC81: 8 | AD81: 7 | AE81: 3 | AF81: 9 | AG81: =SUM(E81:AF81) -> 106
A82: A.2 | B82: 1 | C82: 1. ZULFIKAR ARSE SADIKIN, S.I.P., M.Si. | E82: 1 | F82: 4 | G82: 5 | H82: 19 | I82: 1 | J82: 5 | K82: 1 | L82: 8 | M82: 3 | N82: 1 | O82: 11 | P82: 2 | Q82: 1 | R82: 1 | S82: 1 | T82: 2 | U82: 7 | V82: 8 | W82: 7 | X82: 1 | Y82: 4 | Z82: 4 | AA82: 11 | AB82: 2 | AC82: 11 | AD82: 82 | AE82: 2 | AF82: 10 | AG82: =SUM(E82:AF82) -> 215
B83: 2 | C83: 2. HANDOKO | E83: 6 | F83: 4 | G83: 3 | H83: 4 | I83: 2 | J83: 4 | K83: 5 | L83: 3 | M83: 8 | N83: 4 | O83: 3 | P83: 4 | Q83: 0 | R83: 2 | S83: 0 | T83: 1 | U83: 4 | V83: 7 | W83: 3 | X83: 2 | Y83: 6 | Z83: 5 | AA83: 10 | AB83: 3 | AC83: 8 | AD83: 0 | AE83: 5 | AF83: 23 | AG83: =SUM(E83:AF83) -> 129
B84: 3 | C84: 3. Hj. OVI DEWI YANTI | E84: 1 | F84: 0 | G84: 1 | H84: 0 | I84: 0 | J84: 0 | K84: 0 | L84: 1 | M84: 1 | N84: 0 | O84: 0 | P84: 1 | Q84: 0 | R84: 0 | S84: 0 | T84: 0 | U84: 0 | V84: 5 | W84: 0 | X84: 0 | Y84: 2 | Z84: 0 | AA84: 1 | AB84: 0 | AC84: 1 | AD84: 0 | AE84: 0 | AF84: 0 | AG84: =SUM(E84:AF84) -> 14
B85: 4 | C85: 4. Ir. AZAM AZMAN NATAWIJANA | E85: 0 | F85: 3 | G85: 1 | H85: 0 | I85: 0 | J85: 0 | K85: 0 | L85: 0 | M85: 0 | N85: 1 | O85: 1 | P85: 0 | Q85: 0 | R85: 2 | S85: 0 | T85: 0 | U85: 0 | V85: 0 | W85: 0 | X85: 0 | Y85: 0 | Z85: 0 | AA85: 0 | AB85: 1 | AC85: 0 | AD85: 1 | AE85: 1 | AF85: 2 | AG85: =SUM(E85:AF85) -> 13
B86: 5 | C86: 5. UBAIDILLAH AMIN, S.Kom. | E86: 0 | F86: 1 | G86: 2 | H86: 0 | I86: 0 | J86: 0 | K86: 0 | L86: 0 | M86: 0 | N86: 1 | O86: 1 | P86: 0 | Q86: 1 | R86: 0 | S86: 0 | T86: 3 | U86: 0 | V86: 0 | W86: 0 | X86: 0 | Y86: 0 | Z86: 0 | AA86: 1 | AB86: 0 | AC86: 1 | AD86: 0 | AE86: 0 | AF86: 0 | AG86: =SUM(E86:AF86) -> 11
B87: 6 | C87: 6. DENNY YUNIANDARI, S.H., M.Kn. | E87: 0 | F87: 0 | G87: 0 | H87: 1 | I87: 0 | J87: 0 | K87: 0 | L87: 0 | M87: 0 | N87: 1 | O87: 0 | P87: 0 | Q87: 0 | R87: 0 | S87: 0 | T87: 0 | U87: 0 | V87: 0 | W87: 0 | X87: 0 | Y87: 0 | Z87: 0 | AA87: 1 | AB87: 0 | AC87: 0 | AD87: 1 | AE87: 0 | AF87: 0 | AG87: =SUM(E87:AF87) -> 4
B88: 7 | C88: 7. ERNADI, S.H.I. | E88: 0 | F88: 0 | G88: 0 | H88: 0 | I88: 0 | J88: 0 | K88: 0 | L88: 0 | M88: 0 | N88: 0 | O88: 0 | P88: 0 | Q88: 0 | R88: 0 | S88: 0 | T88: 0 | U88: 0 | V88: 0 | W88: 0 | X88: 0 | Y88: 0 | Z88: 0 | AA88: 0 | AB88: 0 | AC88: 0 | AD88: 0 | AE88: 0 | AF88: 0 | AG88: =SUM(E88:AF88) -> 0
A91: B | B91: JUMLAH SUARA SAH PARTAI POLITIK DAN CALON (A1 + A2) | E91: =SUM(E81:E88) -> 12 | F91: =SUM(F81:F88) -> 21 | G91: =SUM(G81:G88) -> 17 | H91: =SUM(H81:H88) -> 30 | I91: =SUM(I81:I88) -> 7 | J91: =SUM(J81:J88) -> 14 | K91: =SUM(K81:K88) -> 6 | L91: =SUM(L81:L88) -> 18 | ... AF91: =SUM(AF81:AF88) -> 44 | AG91: =SUM(E91:AF91) -> 492
A93: A.1 | B93: 5. | C93: Partai NasDem | E93: 0 | F93: 1 | G93: 1 | H93: 1 | I93: 0 | J93: 0 | K93: 1 | L93: 1 | M93: 2 | N93: 0 | O93: 0 | P93: 0 | Q93: 0 | R93: 0 | S93: 1 | T93: 2 | U93: 1 | V93: 1 | W93: 0 | X93: 1 | Y93: 0 | Z93: 0 | AA93: 0 | AB93: 1 | AC93: 0 | AD93: 1 | AE93: 0 | AF93: 0 | AG93: =SUM(E93:AF93) -> 15
A94: A.2 | B94: 1 | C94: 1. ACH. FADIL MUZAKKI SYAH | E94: 1 | F94: 0 | G94: 2 | H94: 0 | I94: 2 | J94: 0 | K94: 1 | L94: 1 | M94: 0 | N94: 0 | O94: 0 | P94: 2 | Q94: 0 | R94: 0 | S94: 1 | T94: 0 | U94: 1 | V94: 2 | W94: 0 | X94: 0 | Y94: 0 | Z94: 0 | AA94: 3 | AB94: 0 | AC94: 0 | AD94: 0 | AE94: 0 | AF94: 0 | AG94: =SUM(E94:AF94) -> 16
B95: 2 | C95: 2. BENY | E95: 0 | F95: 1 | G95: 1 | H95: 1 | I95: 0 | J95: 0 | K95: 0 | L95: 0 | M95: 0 | N95: 0 | O95: 0 | P95: 0 | Q95: 0 | R95: 0 | S95: 0 | T95: 0 | U95: 0 | V95: 0 | W95: 0 | X95: 0 | Y95: 0 | Z95: 0 | AA95: 1 | AB95: 0 | AC95: 1 | AD95: 0 | AE95: 0 | AF95: 0 | AG95: =SUM(E95:AF95) -> 5
B96: 3 | C96: 3. VINA VERONIKA | E96: 0 | F96: 0 | G96: 0 | H96: 1 | I96: 0 | J96: 0 | K96: 0 | L96: 0 | M96: 1 | N96: 0 | O96: 0 | P96: 0 | Q96: 0 | R96: 0 | S96: 0 | T96: 0 | U96: 0 | V96: 0 | W96: 0 | X96: 0 | Y96: 0 | Z96: 0 | AA96: 0 | AB96: 0 | AC96: 0 | AD96: 0 | AE96: 0 | AF96: 1 | AG96: =SUM(E96:AF96) -> 3
B97: 4 | C97: 4. TEDDY ANUGRIANTO | E97: 0 | F97: 15 | G97: 2 | H97: 4 | I97: 2 | J97: 0 | K97: 3 | L97: 1 | M97: 6 | N97: 0 | O97: 0 | P97: 0 | Q97: 2 | R97: 1 | S97: 0 | T97: 0 | U97: 0 | V97: 0 | W97: 0 | X97: 0 | Y97: 0 | Z97: 0 | AA97: 0 | AB97: 0 | AC97: 0 | AD97: 0 | AE97: 0 | AF97: 1 | AG97: =SUM(E97:AF97) -> 37
B98: 5 | C98: 5. INSAN KAMIL | E98: 5 | F98: 0 | G98: 0 | H98: 0 | I98: 0 | J98: 0 | K98: 0 | L98: 0 | M98: 0 | N98: 0 | O98: 0 | P98: 0 | Q98: 0 | R98: 0 | S98: 0 | T98: 0 | U98: 0 | V98: 0 | W98: 0 | X98: 0 | Y98: 0 | Z98: 0 | AA98: 0 | AB98: 0 | AC98: 0 | AD98: 0 | AE98: 0 | AF98: 0 | AG98: =SUM(E98:AF98) -> 5
B99: 6 | C99: 6. LILIK LINDARWATI | E99: 0 | F99: 0 | G99: 0 | H99: 0 | I99: 0 | J99: 0 | K99: 0 | L99: 0 | M99: 0 | N99: 0 | O99: 0 | P99: 1 | Q99: 0 | R99: 0 | S99: 0 | T99: 0 | U99: 0 | V99: 0 | W99: 0 | X99: 0 | Y99: 0 | Z99: 0 | AA99: 0 | AB99: 0 | AC99: 0 | AD99: 0 | AE99: 0 | AF99: 0 | AG99: =SUM(E99:AF99) -> 1
B100: 7 | C100: 7. YULI ANITA | E100: 0 | F100: 0 | G100: 0 | H100: 0 | I100: 0 | J100: 0 | K100: 0 | L100: 0 | M100: 0 | N100: 0 | O100: 0 | P100: 0 | Q100: 0 | R100: 0 | S100: 0 | T100: 0 | U100: 0 | V100: 0 | W100: 0 | X100: 0 | Y100: 0 | Z100: 0 | AA100: 0 | AB100: 0 | AC100: 0 | AD100: 0 | AE100: 0 | AF100: 0 | AG100: =SUM(E100:AF100) -> 0
A103: B | B103: JUMLAH SUARA SAH PARTAI POLITIK DAN CALON (A1 + A2) | E103: =SUM(E93:E100) -> 6 | F103: =SUM(F93:F100) -> 17 | G103: =SUM(G93:G100) -> 6 | H103: =SUM(H93:H100) -> 7 | I103: =SUM(I93:I100) -> 4 | J103: =SUM(J93:J100) -> 0 | K103: =SUM(K93:K100) -> 5 | L103: =SUM(L93:L100) -> 3 | ... AF103: =SUM(AF93:AF100) -> 2 | AG103: =SUM(E103:AF103) -> 82
A105: A.1 | B105: 6. | C105: Partai Buruh | E105: 0 | F105: 0 | G105: 1 | H105: 0 | I105: 0 | J105: 0 | K105: 6 | L105: 0 | M105: 0 | N105: 2 | O105: 2 | P105: 4 | Q105: 1 | R105: 1 | S105: 0 | T105: 1 | U105: 0 | V105: 2 | W105: 0 | X105: 2 | Y105: 0 | Z105: 1 | AA105: 1 | AB105: 1 | AC105: 1 | AD105: 3 | AE105: 0 | AF105: 1 | AG105: =SUM(E105:AF105) -> 30
A106: A.2 | B106: 1 | C106: 1. KHOIRUL ANAM | E106: 0 | F106: 0 | G106: 0 | H106: 0 | I106: 0 | J106: 0 | K106: 2 | L106: 0 | M106: 0 | N106: 0 | O106: 0 | P106: 0 | Q106: 3 | R106: 0 | S106: 0 | T106: 1 | U106: 0 | V106: 1 | W106: 0 | X106: 0 | Y106: 0 | Z106: 0 | AA106: 0 | AB106: 0 | AC106: 0 | AD106: 0 | AE106: 0 | AF106: 0 | AG106: =SUM(E106:AF106) -> 7
B107: 2 | C107: 2. INA KURNIA | E107: 0 | F107: 0 | G107: 0 | H107: 0 | I107: 0 | J107: 0 | K107: 0 | L107: 0 | M107: 0 | N107: 0 | O107: 0 | P107: 0 | Q107: 0 | R107: 0 | S107: 0 | T107: 1 | U107: 1 | V107: 0 | W107: 0 | X107: 0 | Y107: 0 | Z107: 0 | AA107: 1 | AB107: 0 | AC107: 0 | AD107: 0 | AE107: 0 | AF107: 0 | AG107: =SUM(E107:AF107) -> 3
B108: 3 | C108: 3. JIBRAL TAROUK | E108: 0 | F108: 0 | G108: 0 | H108: 0 | I108: 0 | J108: 0 | K108: 0 | L108: 0 | M108: 0 | N108: 0 | O108: 0 | P108: 0 | Q108: 1 | R108: 0 | S108: 0 | T108: 0 | U108: 0 | V108: 0 | W108: 0 | X108: 0 | Y108: 0 | Z108: 0 | AA108: 0 | AB108: 1 | AC108: 1 | AD108: 0 | AE108: 0 | AF108: 0 | AG108: =SUM(E108:AF108) -> 3
B109: 4 | C109: 4. ASTUTI DAENG PUJI | E109: 0 | F109: 0 | G109: 0 | H109: 0 | I109: 0 | J109: 0 | K109: 0 | L109: 0 | M109: 0 | N109: 0 | O109: 0 | P109: 0 | Q109: 0 | R109: 0 | S109: 0 | T109: 0 | U109: 0 | V109: 0 | W109: 0 | X109: 0 | Y109: 0 | Z109: 0 | AA109: 0 | AB109: 0 | AC109: 0 | AD109: 0 | AE109: 0 | AF109: 0 | AG109: =SUM(E109:AF109) -> 0
B110: 5 | C110: 5. ASDARMAWAN | E110: 0 | F110: 0 | G110: 0 | H110: 0 | I110: 0 | J110: 0 | K110: 0 | L110: 0 | M110: 0 | N110: 0 | O110: 0 | P110: 0 | Q110: 0 | R110: 0 | S110: 0 | T110: 0 | U110: 0 | V110: 0 | W110: 0 | X110: 0 | Y110: 0 | Z110: 0 | AA110: 0 | AB110: 0 | AC110: 0 | AD110: 0 | AE110: 0 | AF110: 0 | AG110: =SUM(E110:AF110) -> 0
B111: 6 | C111: 6. RIFQI MUBAROK | E111: 0 | F111: 0 | G111: 0 | H111: 0 | I111: 0 | J111: 0 | K111: 0 | L111: 0 | M111: 0 | N111: 0 | O111: 0 | P111: 0 | Q111: 0 | R111: 0 | S111: 0 | T111: 0 | U111: 0 | V111: 0 | W111: 0 | X111: 0 | Y111: 0 | Z111: 0 | AA111: 0 | AB111: 1 | AC111: 0 | AD111: 0 | AE111: 0 | AF111: 0 | AG111: =SUM(E111:AF111) -> 1
B112: 7 | C112: 7. FIRNANDA ALTA MEGA | E112: 0 | F112: 0 | G112: 0 | H112: 0 | I112: 0 | J112: 0 | K112: 0 | L112: 0 | M112: 0 | N112: 0 | O112: 0 | P112: 0 | Q112: 0 | R112: 0 | S112: 0 | T112: 0 | U112: 0 | V112: 0 | W112: 0 | X112: 0 | Y112: 0 | Z112: 0 | AA112: 0 | AB112: 0 | AC112: 0 | AD112: 0 | AE112: 0 | AF112: 0 | AG112: =SUM(E112:AF112) -> 0
A115: B | B115: JUMLAH SUARA SAH PARTAI POLITIK DAN CALON (A1 + A2) | E115: =SUM(E105:E112) -> 0 | F115: =SUM(F105:F112) -> 0 | G115: =SUM(G105:G112) -> 1 | H115: =SUM(H105:H112) -> 0 | I115: =SUM(I105:I112) -> 0 | J115: =SUM(J105:J112) -> 0 | K115: =SUM(K105:K112) -> 8 | L115: =SUM(L105:L112) -> 0 | ... AF115: =SUM(AF105:AF112) -> 1 | AG115: =SUM(E115:AF115) -> 44
A117: A.1 | B117: 7. | C117: Partai Gelombang Rakyat Indonesia | E117: 1 | F117: 1 | G117: 2 | H117: 0 | I117: 0 | J117: 0 | K117: 3 | L117: 0 | M117: 1 | N117: 0 | O117: 0 | P117: 0 | Q117: 0 | R117: 0 | S117: 0 | T117: 1 | U117: 1 | V117: 0 | W117: 0 | X117: 0 | Y117: 0 | Z117: 0 | AA117: 0 | AB117: 0 | AC117: 1 | AD117: 2 | AE117: 0 | AF117: 1 | AG117: =SUM(E117:AF117) -> 14
A118: A.2 | B118: 1 | C118: 1. TITI WIDORETNO WARISMAN | E118: 0 | F118: 0 | G118: 0 | H118: 0 | I118: 0 | J118: 0 | K118: 0 | L118: 1 | M118: 0 | N118: 1 | O118: 0 | P118: 0 | Q118: 0 | R118: 0 | S118: 0 | T118: 0 | U118: 0 | V118: 0 | W118: 0 | X118: 0 | Y118: 0 | Z118: 0 | AA118: 0 | AB118: 0 | AC118: 1 | AD118: 0 | AE118: 1 | AF118: 0 | AG118: =SUM(E118:AF118) -> 4
B119: 2 | C119: 2. MAMIEK SETYANINGSIH | E119: 0 | F119: 0 | G119: 1 | H119: 0 | I119: 0 | J119: 0 | K119: 0 | L119: 0 | M119: 0 | N119: 0 | O119: 0 | P119: 0 | Q119: 0 | R119: 0 | S119: 0 | T119: 0 | U119: 0 | V119: 0 | W119: 0 | X119: 0 | Y119: 0 | Z119: 0 | AA119: 0 | AB119: 1 | AC119: 0 | AD119: 1 | AE119: 0 | AF119: 0 | AG119: =SUM(E119:AF119) -> 3
B120: 3 | C120: 3. ROMIL AZIZEN | E120: 0 | F120: 0 | G120: 0 | H120: 0 | I120: 0 | J120: 0 | K120: 1 | L120: 0 | M120: 0 | N120: 0 | O120: 1 | P120: 0 | Q120: 0 | R120: 0 | S120: 0 | T120: 0 | U120: 0 | V120: 0 | W120: 0 | X120: 0 | Y120: 0 | Z120: 0 | AA120: 1 | AB120: 0 | AC120: 0 | AD120: 0 | AE120: 0 | AF120: 0 | AG120: =SUM(E120:AF120) -> 3
A127: B | B127: JUMLAH SUARA SAH PARTAI POLITIK DAN CALON (A1 + A2) | E127: =SUM(E117:E120) -> 1 | F127: =SUM(F117:F120) -> 1 | G127: =SUM(G117:G120) -> 3 | H127: =SUM(H117:H120) -> 0 | I127: =SUM(I117:I120) -> 0 | J127: =SUM(J117:J120) -> 0 | K127: =SUM(K117:K120) -> 4 | L127: =SUM(L117:L120) -> 1 | ... AF127: =SUM(AF117:AF120) -> 1 | AG127: =SUM(E127:AF127) -> 24
A129: A.1 | B129: 8. | C129: Partai Keadilan Sejahtera | E129: 1 | F129: 2 | G129: 1 | H129: 1 | I129: 0 | J129: 1 | K129: 0 | L129: 0 | M129: 1 | N129: 0 | O129: 0 | P129: 2 | Q129: 0 | R129: 0 | S129: 2 | T129: 1 | U129: 0 | V129: 1 | W129: 0 | X129: 0 | Y129: 0 | Z129: 2 | AA129: 0 | AB129: 0 | AC129: 0 | AD129: 0 | AE129: 1 | AF129: 2 | AG129: =SUM(E129:AF129) -> 18
A130: A.2 | B130: 1 | C130: 1. H. SAIMI SALEH, S.E., M.M. | E130: 0 | F130: 4 | G130: 3 | H130: 1 | I130: 1 | J130: 6 | K130: 1 | L130: 4 | M130: 0 | N130: 2 | O130: 1 | P130: 10 | Q130: 1 | R130: 2 | S130: 0 | T130: 0 | U130: 0 | V130: 4 | W130: 0 | X130: 3 | Y130: 2 | Z130: 3 | AA130: 0 | AB130: 1 | AC130: 0 | AD130: 0 | AE130: 1 | AF130: 0 | AG130: =SUM(E130:AF130) -> 50
B131: 2 | C131: 2. Prof. Dr. H. EGGI SUDJANA, S.H., M.Si. | E131: 1 | F131: 0 | G131: 0 | H131: 0 | I131: 0 | J131: 2 | K131: 1 | L131: 0 | M131: 0 | N131: 0 | O131: 0 | P131: 0 | Q131: 0 | R131: 2 | S131: 3 | T131: 1 | U131: 0 | V131: 4 | W131: 0 | X131: 0 | Y131: 0 | Z131: 1 | AA131: 0 | AB131: 0 | AC131: 2 | AD131: 0 | AE131: 0 | AF131: 1 | AG131: =SUM(E131:AF131) -> 18
B132: 3 | C132: 3. NURUL KHOTIMAH | E132: 0 | F132: 0 | G132: 0 | H132: 0 | I132: 0 | J132: 1 | K132: 0 | L132: 1 | M132: 1 | N132: 0 | O132: 0 | P132: 1 | Q132: 0 | R132: 0 | S132: 0 | T132: 0 | U132: 0 | V132: 1 | W132: 0 | X132: 0 | Y132: 0 | Z132: 0 | AA132: 0 | AB132: 0 | AC132: 0 | AD132: 0 | AE132: 0 | AF132: 0 | AG132: =SUM(E132:AF132) -> 5
B133: 4 | C133: 4. AKHMAD SUYANTO, S.T., M.T. | E133: 0 | F133: 1 | G133: 0 | H133: 0 | I133: 0 | J133: 0 | K133: 0 | L133: 0 | M133: 0 | N133: 0 | O133: 0 | P133: 0 | Q133: 0 | R133: 0 | S133: 0 | T133: 0 | U133: 0 | V133: 0 | W133: 0 | X133: 0 | Y133: 0 | Z133: 0 | AA133: 0 | AB133: 0 | AC133: 0 | AD133: 0 | AE133: 0 | AF133: 0 | AG133: =SUM(E133:AF133) -> 1
B134: 5 | C134: 5. PUJIYATNI | E134: 0 | F134: 0 | G134: 1 | H134: 0 | I134: 0 | J134: 0 | K134: 0 | L134: 0 | M134: 0 | N134: 0 | O134: 0 | P134: 0 | Q134: 0 | R134: 0 | S134: 0 | T134: 1 | U134: 0 | V134: 7 | W134: 0 | X134: 0 | Y134: 10 | Z134: 0 | AA134: 6 | AB134: 5 | AC134: 3 | AD134: 0 | AE134: 0 | AF134: 0 | AG134: =SUM(E134:AF134) -> 33
B135: 6 | C135: 6. HENI PURWATININGSIH | E135: 3 | F135: 0 | G135: 0 | H135: 0 | I135: 0 | J135: 0 | K135: 0 | L135: 0 | M135: 0 | N135: 0 | O135: 0 | P135: 0 | Q135: 0 | R135: 0 | S135: 0 | T135: 0 | U135: 0 | V135: 0 | W135: 0 | X135: 0 | Y135: 0 | Z135: 0 | AA135: 0 | AB135: 0 | AC135: 1 | AD135: 0 | AE135: 0 | AF135: 0 | AG135: =SUM(E135:AF135) -> 4
B136: 7 | C136: 7. MUHADI | E136: 0 | F136: 0 | G136: 0 | H136: 0 | I136: 0 | J136: 0 | K136: 0 | L136: 0 | M136: 0 | N136: 0 | O136: 0 | P136: 0 | Q136: 0 | R136: 0 | S136: 0 | T136: 0 | U136: 0 | V136: 0 | W136: 0 | X136: 0 | Y136: 0 | Z136: 0 | AA136: 0 | AB136: 0 | AC136: 0 | AD136: 0 | AE136: 0 | AF136: 0 | AG136: =SUM(E136:AF136) -> 0
...

Sheet PARANGHARJO
C2: Kecamatan
C3: Kabupaten | D3: BANYUWANGI
C4: Provinsi | D4: JAWA TIMUR
C9: Kelurahan
A12: I | B12: DATA PEMILIH DAN PENGGUNAAN HAK PILIH | S12: JUMLAH AKHIR
A13: A | B13: DATA PEMILIH | E13: TPS 001 | F13: TPS 002 | G13: TPS 003 | H13: TPS 004 | I13: TPS 005 | J13: TPS 006 | K13: TPS 007 | L13: TPS 008 | M13: TPS 009 | N13: TPS 010 | O13: TPS 011 | P13: TPS 012 | Q13: TPS 013 | R13: TPS 014
B14: Jumlah Pemilih dalam Daftar Pemilih Tetap (DPT) | D14: LK | S14: =SUM(E14:R14) -> 0
D15: PR | S15: =SUM(E15:R15) -> 0
D16: JML | E16: =SUM(E14:E15) -> 0 | F16: =SUM(F14:F15) -> 0 | G16: =SUM(G14:G15) -> 0 | H16: =SUM(H14:H15) -> 0 | I16: =SUM(I14:I15) -> 0 | J16: =SUM(J14:J15) -> 0 | K16: =SUM(K14:K15) -> 0 | L16: =SUM(L14:L15) -> 0 | ... R16: =SUM(R14:R15) -> 0 | S16: =SUM(E16:R16) -> 0
A18: B | B18: PENGGUNA HAK PILIH
B19: 1. | C19: Jumlah pengguna hak pilih dalam Daftar Pemilih Tetap (DPT) | D19: LK | S19: =SUM(E19:R19) -> 0
D20: PR | S20: =SUM(E20:R20) -> 0
D21: JML | E21: =SUM(E19:E20) -> 0 | F21: =SUM(F19:F20) -> 0 | G21: =SUM(G19:G20) -> 0 | H21: =SUM(H19:H20) -> 0 | I21: =SUM(I19:I20) -> 0 | J21: =SUM(J19:J20) -> 0 | K21: =SUM(K19:K20) -> 0 | L21: =SUM(L19:L20) -> 0 | ... R21: =SUM(R19:R20) -> 0 | S21: =SUM(E21:R21) -> 0
B22: 2. | C22: Jumlah pengguna hak pilih dalam Daftar Pemilih Tambahan (DPTb) | D22: LK | S22: =SUM(E22:R22) -> 0
D23: PR | S23: =SUM(E23:R23) -> 0
D24: JML | E24: =SUM(E22:E23) -> 0 | F24: =SUM(F22:F23) -> 0 | G24: =SUM(G22:G23) -> 0 | H24: =SUM(H22:H23) -> 0 | I24: =SUM(I22:I23) -> 0 | J24: =SUM(J22:J23) -> 0 | K24: =SUM(K22:K23) -> 0 | L24: =SUM(L22:L23) -> 0 | ... R24: =SUM(R22:R23) -> 0 | S24: =SUM(E24:R24) -> 0
B25: 3. | C25: Jumlah pengguna hak pilih dalam Daftar Pemilih Khusus (DPK) | D25: LK | S25: =SUM(E25:R25) -> 0
D26: PR | S26: =SUM(E26:R26) -> 0
D27: JML | E27: =SUM(E25:E26) -> 0 | F27: =SUM(F25:F26) -> 0 | G27: =SUM(G25:G26) -> 0 | H27: =SUM(H25:H26) -> 0 | I27: =SUM(I25:I26) -> 0 | J27: =SUM(J25:J26) -> 0 | K27: =SUM(K25:K26) -> 0 | L27: =SUM(L25:L26) -> 0 | ... R27: =SUM(R25:R26) -> 0 | S27: =SUM(E27:R27) -> 0
B28: 4. | C28: Jumlah Pengguna Hak Pilih (B.1+B.2+B.3) | D28: LK | E28: =SUM(E19,E22,E25) -> 0 | F28: =SUM(F19,F22,F25) -> 0 | G28: =SUM(G19,G22,G25) -> 0 | H28: =SUM(H19,H22,H25) -> 0 | I28: =SUM(I19,I22,I25) -> 0 | J28: =SUM(J19,J22,J25) -> 0 | K28: =SUM(K19,K22,K25) -> 0 | L28: =SUM(L19,L22,L25) -> 0 | ... R28: =SUM(R19,R22,R25) -> 0 | S28: =SUM(E28:R28) -> 0
D29: PR | E29: =SUM(E20,E23,E26) -> 0 | F29: =SUM(F20,F23,F26) -> 0 | G29: =SUM(G20,G23,G26) -> 0 | H29: =SUM(H20,H23,H26) -> 0 | I29: =SUM(I20,I23,I26) -> 0 | J29: =SUM(J20,J23,J26) -> 0 | K29: =SUM(K20,K23,K26) -> 0 | L29: =SUM(L20,L23,L26) -> 0 | ... R29: =SUM(R20,R23,R26) -> 0 | S29: =SUM(E29:R29) -> 0
D30: JML | E30: =SUM(E28:E29) -> 0 | F30: =SUM(F28:F29) -> 0 | G30: =SUM(G28:G29) -> 0 | H30: =SUM(H28:H29) -> 0 | I30: =SUM(I28:I29) -> 0 | J30: =SUM(J28:J29) -> 0 | K30: =SUM(K28:K29) -> 0 | L30: =SUM(L28:L29) -> 0 | ... R30: =SUM(R28:R29) -> 0 | S30: =SUM(E30:R30) -> 0
A32: II | B32: DATA PENGGUNAAN SURAT SUARA
A33: 1 | B33: Jumlah surat suara yang diterima, termasuk surat suara cadangan 2,5% dari DPT | S33: =SUM(E33:R33) -> 0
A34: 2 | B34: Jumlah surat suara yang digunakan | S34: =SUM(E34:R34) -> 0
A35: 3 | B35: Jumlah surat suara dikembalikan oleh pemilih (karena rusak atau keliru coblos) | S35: =SUM(E35:R35) -> 0
A36: 4 | B36: Jumlah surat suara yang tidak digunakan/tidak terpakai, termasuk sisa surat suara cadangan | E36: =E33-(E34+E35) -> 0 | F36: =F33-(F34+F35) -> 0 | G36: =G33-(G34+G35) -> 0 | H36: =H33-(H34+H35) -> 0 | I36: =I33-(I34+I35) -> 0 | J36: =J33-(J34+J35) -> 0 | K36: =K33-(K34+K35) -> 0 | L36: =L33-(L34+L35) -> 0 | ... R36: =R33-(R34+R35) -> 0 | S36: =SUM(E36:R36) -> 0
A38: III | B38: DATA PEMILIH DISABILITAS
B39: Jumlah seluruh Pemilih disabilitas yang menggunakan hak pilih | D39: LK | S39: =SUM(E39:R39) -> 0
D40: PR | S40: =SUM(E40:R40) -> 0
D41: JML | E41: =SUM(E39:E40) -> 0 | F41: =SUM(F39:F40) -> 0 | G41: =SUM(G39:G40) -> 0 | H41: =SUM(H39:H40) -> 0 | I41: =SUM(I39:I40) -> 0 | J41: =SUM(J39:J40) -> 0 | K41: =SUM(K39:K40) -> 0 | L41: =SUM(L39:L40) -> 0 | ... R41: =SUM(R39:R40) -> 0 | S41: =SUM(E41:R41) -> 0
A43: IV | B43: DATA RINCIAN PEROLEHAN SUARA PASANGAN CALON BUPATI DAN WAKIL BUPATI
A44: NOMOR DAN NAMA CALON
A45: A.1 | B45: 1. | C45: Partai Kebangkitan Bangsa | E45: 1 | F45: 8 | G45: 5 | H45: 4 | I45: 4 | J45: 5 | K45: 11 | L45: 11 | M45: 9 | N45: 1 | O45: 10 | P45: 6 | Q45: 10 | R45: 10 | S45: =SUM(E45:R45) -> 95
A46: A.2 | B46: 1 | C46: 1. Dr. Hj. NIHAYATUL WAFIROH, M.A. | E46: 4 | F46: 8 | G46: 6 | H46: 13 | I46: 10 | J46: 7 | K46: 6 | L46: 17 | M46: 28 | N46: 7 | O46: 16 | P46: 2 | Q46: 11 | R46: 21 | S46: =SUM(E46:R46) -> 156
B47: 2 | C47: 2. H. M. NASIM KHAN | E47: 4 | F47: 0 | G47: 3 | H47: 3 | I47: 5 | J47: 4 | K47: 1 | L47: 4 | M47: 9 | N47: 2 | O47: 3 | P47: 2 | Q47: 0 | R47: 2 | S47: =SUM(E47:R47) -> 42
B48: 3 | C48: 3. Dr. H. AKIK ZAMAN, M.Pd.I. | E48: 0 | F48: 0 | G48: 1 | H48: 0 | I48: 1 | J48: 0 | K48: 0 | L48: 0 | M48: 3 | N48: 0 | O48: 1 | P48: 0 | Q48: 0 | R48: 1 | S48: =SUM(E48:R48) -> 7
B49: 4 | C49: 4. AHMAD RIFA'I, S.H. | E49: 0 | F49: 0 | G49: 1 | H49: 0 | I49: 0 | J49: 0 | K49: 1 | L49: 0 | M49: 0 | N49: 0 | O49: 0 | P49: 0 | Q49: 0 | R49: 0 | S49: =SUM(E49:R49) -> 2
B50: 5 | C50: 5. Drs. H. MAHFUD M.N. | E50: 1 | F50: 0 | G50: 0 | H50: 0 | I50: 0 | J50: 0 | K50: 1 | L50: 0 | M50: 1 | N50: 0 | O50: 0 | P50: 1 | Q50: 0 | R50: 2 | S50: =SUM(E50:R50) -> 6
B51: 6 | C51: 6. NURHAYATI, S.Pd. | E51: 0 | F51: 0 | G51: 0 | H51: 0 | I51: 0 | J51: 0 | K51: 0 | L51: 0 | M51: 0 | N51: 2 | O51: 0 | P51: 0 | Q51: 0 | R51: 0 | S51: =SUM(E51:R51) -> 2
B52: 7 | C52: 7. MAFTUHA KISWAH | E52: 0 | F52: 0 | G52: 0 | H52: 0 | I52: 1 | J52: 0 | K52: 0 | L52: 0 | M52: 1 | N52: 0 | O52: 0 | P52: 0 | Q52: 0 | R52: 0 | S52: =SUM(E52:R52) -> 2
A55: B | B55: JUMLAH SUARA SAH PARTAI POLITIK DAN CALON (A1 + A2) | E55: =SUM(E45:E52) -> 10 | F55: =SUM(F45:F52) -> 16 | G55: =SUM(G45:G52) -> 16 | H55: =SUM(H45:H52) -> 20 | I55: =SUM(I45:I52) -> 21 | J55: =SUM(J45:J52) -> 16 | K55: =SUM(K45:K52) -> 20 | L55: =SUM(L45:L52) -> 32 | ... R55: =SUM(R45:R52) -> 36 | S55: =SUM(E55:R55) -> 312
A57: A.1 | B57: 2. | C57: Partai Gerakan Indonesia Raya | E57: 4 | F57: 22 | G57: 20 | H57: 18 | I57: 8 | J57: 6 | K57: 4 | L57: 9 | M57: 10 | N57: 9 | O57: 10 | P57: 7 | Q57: 2 | R57: 8 | S57: =SUM(E57:R57) -> 137
A58: A.2 | B58: 1 | C58: 1. SUMAIL ABDULLAH | E58: 35 | F58: 26 | G58: 15 | H58: 13 | I58: 7 | J58: 8 | K58: 3 | L58: 5 | M58: 14 | N58: 10 | O58: 11 | P58: 5 | Q58: 2 | R58: 15 | S58: =SUM(E58:R58) -> 169
B59: 2 | C59: 2. MUHAMMAD ALI ADRIAN SALEH | E59: 2 | F59: 4 | G59: 6 | H59: 0 | I59: 1 | J59: 2 | K59: 2 | L59: 4 | M59: 3 | N59: 0 | O59: 0 | P59: 0 | Q59: 1 | R59: 0 | S59: =SUM(E59:R59) -> 25
B60: 3 | C60: 3. DURROTUN NAFISAH | E60: 2 | F60: 0 | G60: 0 | H60: 1 | I60: 0 | J60: 1 | K60: 0 | L60: 1 | M60: 1 | N60: 0 | O60: 0 | P60: 1 | Q60: 1 | R60: 1 | S60: =SUM(E60:R60) -> 9
B61: 4 | C61: 4. H. EKO SUSILO NURHIDAYAT | E61: 1 | F61: 4 | G61: 3 | H61: 0 | I61: 0 | J61: 1 | K61: 0 | L61: 0 | M61: 1 | N61: 0 | O61: 0 | P61: 0 | Q61: 0 | R61: 0 | S61: =SUM(E61:R61) -> 10
B62: 5 | C62: 5. KARNADI HARIJANTO, S.S. | E62: 0 | F62: 0 | G62: 0 | H62: 0 | I62: 0 | J62: 0 | K62: 0 | L62: 0 | M62: 0 | N62: 0 | O62: 0 | P62: 1 | Q62: 0 | R62: 0 | S62: =SUM(E62:R62) -> 1
B63: 6 | C63: 6. NURHAYATI | E63: 0 | F63: 1 | G63: 0 | H63: 1 | I63: 1 | J63: 1 | K63: 0 | L63: 0 | M63: 0 | N63: 0 | O63: 1 | P63: 0 | Q63: 1 | R63: 0 | S63: =SUM(E63:R63) -> 6
B64: 7 | C64: 7. MASHUDI | E64: 0 | F64: 0 | G64: 0 | H64: 1 | I64: 0 | J64: 0 | K64: 0 | L64: 0 | M64: 1 | N64: 0 | O64: 0 | P64: 0 | Q64: 0 | R64: 0 | S64: =SUM(E64:R64) -> 2
A67: B | B67: JUMLAH SUARA SAH PARTAI POLITIK DAN CALON (A1 + A2) | E67: =SUM(E57:E64) -> 44 | F67: =SUM(F57:F64) -> 57 | G67: =SUM(G57:G64) -> 44 | H67: =SUM(H57:H64) -> 34 | I67: =SUM(I57:I64) -> 17 | J67: =SUM(J57:J64) -> 19 | K67: =SUM(K57:K64) -> 9 | L67: =SUM(L57:L64) -> 19 | ... R67: =SUM(R57:R64) -> 24 | S67: =SUM(E67:R67) -> 359
A69: A.1 | B69: 3. | C69: Partai Demokrasi Indonesia Perjuangan | E69: 4 | F69: 8 | G69: 13 | H69: 12 | I69: 14 | J69: 10 | K69: 10 | L69: 6 | M69: 13 | N69: 5 | O69: 7 | P69: 3 | Q69: 4 | R69: 14 | S69: =SUM(E69:R69) -> 123
A70: A.2 | B70: 1 | C70: 1. SONNY TRI DANAPARAMITA, S.H., M.H. | E70: 4 | F70: 15 | G70: 9 | H70: 10 | I70: 11 | J70: 8 | K70: 140 | L70: 48 | M70: 21 | N70: 7 | O70: 21 | P70: 26 | Q70: 25 | R70: 41 | S70: =SUM(E70:R70) -> 386
B71: 2 | C71: 2. H. MOHAMAD GUNTUR ROMLI | E71: 2 | F71: 5 | G71: 1 | H71: 1 | I71: 1 | J71: 3 | K71: 4 | L71: 3 | M71: 1 | N71: 0 | O71: 2 | P71: 0 | Q71: 0 | R71: 4 | S71: =SUM(E71:R71) -> 27
B72: 3 | C72: 3. INA AMMANIA | E72: 10 | F72: 16 | G72: 23 | H72: 1 | I72: 22 | J72: 40 | K72: 0 | L72: 2 | M72: 3 | N72: 2 | O72: 0 | P72: 0 | Q72: 0 | R72: 3 | S72: =SUM(E72:R72) -> 122
B73: 4 | C73: 4. IRWAN BACHTIAR RACHMAT, M.Si. | E73: 0 | F73: 2 | G73: 1 | H73: 1 | I73: 0 | J73: 2 | K73: 0 | L73: 1 | M73: 0 | N73: 0 | O73: 0 | P73: 1 | Q73: 0 | R73: 3 | S73: =SUM(E73:R73) -> 11
B74: 5 | C74: 5. LUCKY PERDANA | E74: 1 | F74: 1 | G74: 3 | H74: 4 | I74: 4 | J74: 4 | K74: 0 | L74: 0 | M74: 2 | N74: 2 | O74: 1 | P74: 1 | Q74: 0 | R74: 0 | S74: =SUM(E74:R74) -> 23
B75: 6 | C75: 6. WIWIK PUJIYATI | E75: 1 | F75: 0 | G75: 1 | H75: 4 | I75: 2 | J75: 5 | K75: 0 | L75: 0 | M75: 5 | N75: 2 | O75: 0 | P75: 1 | Q75: 0 | R75: 1 | S75: =SUM(E75:R75) -> 22
B76: 7 | C76: 7. CHANDRA ASTAN, S.T. | E76: 3 | F76: 0 | G76: 1 | H76: 0 | I76: 1 | J76: 0 | K76: 0 | L76: 1 | M76: 1 | N76: 0 | O76: 1 | P76: 0 | Q76: 0 | R76: 1 | S76: =SUM(E76:R76) -> 9
A79: B | B79: JUMLAH SUARA SAH PARTAI POLITIK DAN CALON (A1 + A2) | E79: =SUM(E69:E76) -> 25 | F79: =SUM(F69:F76) -> 47 | G79: =SUM(G69:G76) -> 52 | H79: =SUM(H69:H76) -> 33 | I79: =SUM(I69:I76) -> 55 | J79: =SUM(J69:J76) -> 72 | K79: =SUM(K69:K76) -> 154 | L79: =SUM(L69:L76) -> 61 | ... R79: =SUM(R69:R76) -> 67 | S79: =SUM(E79:R79) -> 723
A81: A.1 | B81: 4. | C81: Partai Golongan Karya | E81: 2 | F81: 2 | G81: 7 | H81: 6 | I81: 3 | J81: 5 | K81: 0 | L81: 1 | M81: 2 | N81: 1 | O81: 3 | P81: 6 | Q81: 5 | R81: 1 | S81: =SUM(E81:R81) -> 44
A82: A.2 | B82: 1 | C82: 1. ZULFIKAR ARSE SADIKIN, S.I.P., M.Si. | E82: 1 | F82: 9 | G82: 2 | H82: 3 | I82: 16 | J82: 8 | K82: 0 | L82: 2 | M82: 10 | N82: 20 | O82: 19 | P82: 43 | Q82: 47 | R82: 2 | S82: =SUM(E82:R82) -> 182
B83: 2 | C83: 2. HANDOKO | E83: 2 | F83: 3 | G83: 5 | H83: 2 | I83: 4 | J83: 0 | K83: 0 | L83: 1 | M83: 5 | N83: 6 | O83: 1 | P83: 3 | Q83: 2 | R83: 1 | S83: =SUM(E83:R83) -> 35
B84: 3 | C84: 3. Hj. OVI DEWI YANTI | E84: 0 | F84: 0 | G84: 2 | H84: 1 | I84: 1 | J84: 4 | K84: 0 | L84: 1 | M84: 0 | N84: 1 | O84: 0 | P84: 1 | Q84: 0 | R84: 0 | S84: =SUM(E84:R84) -> 11
B85: 4 | C85: 4. Ir. AZAM AZMAN NATAWIJANA | E85: 0 | F85: 1 | G85: 2 | H85: 1 | I85: 1 | J85: 0 | K85: 0 | L85: 4 | M85: 4 | N85: 1 | O85: 0 | P85: 1 | Q85: 1 | R85: 0 | S85: =SUM(E85:R85) -> 16
B86: 5 | C86: 5. UBAIDILLAH AMIN, S.Kom. | E86: 0 | F86: 1 | G86: 1 | H86: 1 | I86: 0 | J86: 0 | K86: 0 | L86: 0 | M86: 0 | N86: 0 | O86: 2 | P86: 0 | Q86: 4 | R86: 0 | S86: =SUM(E86:R86) -> 9
B87: 6 | C87: 6. DENNY YUNIANDARI, S.H., M.Kn. | E87: 0 | F87: 0 | G87: 0 | H87: 0 | I87: 0 | J87: 0 | K87: 0 | L87: 0 | M87: 0 | N87: 0 | O87: 0 | P87: 0 | Q87: 1 | R87: 0 | S87: =SUM(E87:R87) -> 1
B88: 7 | C88: 7. ERNADI, S.H.I. | E88: 0 | F88: 0 | G88: 0 | H88: 0 | I88: 0 | J88: 0 | K88: 0 | L88: 0 | M88: 0 | N88: 0 | O88: 0 | P88: 0 | Q88: 0 | R88: 0 | S88: =SUM(E88:R88) -> 0
A91: B | B91: JUMLAH SUARA SAH PARTAI POLITIK DAN CALON (A1 + A2) | E91: =SUM(E81:E88) -> 5 | F91: =SUM(F81:F88) -> 16 | G91: =SUM(G81:G88) -> 19 | H91: =SUM(H81:H88) -> 14 | I91: =SUM(I81:I88) -> 25 | J91: =SUM(J81:J88) -> 17 | K91: =SUM(K81:K88) -> 0 | L91: =SUM(L81:L88) -> 9 | ... R91: =SUM(R81:R88) -> 4 | S91: =SUM(E91:R91) -> 298
A93: A.1 | B93: 5. | C93: Partai NasDem | E93: 0 | F93: 0 | G93: 2 | H93: 0 | I93: 1 | J93: 0 | K93: 0 | L93: 0 | M93: 1 | N93: 0 | O93: 0 | P93: 1 | Q93: 0 | R93: 0 | S93: =SUM(E93:R93) -> 5
A94: A.2 | B94: 1 | C94: 1. ACH. FADIL MUZAKKI SYAH | E94: 0 | F94: 1 | G94: 0 | H94: 0 | I94: 0 | J94: 0 | K94: 0 | L94: 0 | M94: 0 | N94: 0 | O94: 0 | P94: 0 | Q94: 0 | R94: 0 | S94: =SUM(E94:R94) -> 1
B95: 2 | C95: 2. BENY | E95: 3 | F95: 0 | G95: 2 | H95: 1 | I95: 2 | J95: 7 | K95: 0 | L95: 4 | M95: 2 | N95: 3 | O95: 0 | P95: 2 | Q95: 0 | R95: 0 | S95: =SUM(E95:R95) -> 26
B96: 3 | C96: 3. VINA VERONIKA | E96: 0 | F96: 0 | G96: 0 | H96: 0 | I96: 0 | J96: 0 | K96: 0 | L96: 0 | M96: 0 | N96: 0 | O96: 0 | P96: 0 | Q96: 0 | R96: 0 | S96: =SUM(E96:R96) -> 0
B97: 4 | C97: 4. TEDDY ANUGRIANTO | E97: 0 | F97: 0 | G97: 0 | H97: 0 | I97: 0 | J97: 0 | K97: 0 | L97: 0 | M97: 1 | N97: 0 | O97: 0 | P97: 0 | Q97: 1 | R97: 0 | S97: =SUM(E97:R97) -> 2
B98: 5 | C98: 5. INSAN KAMIL | E98: 0 | F98: 0 | G98: 0 | H98: 0 | I98: 0 | J98: 0 | K98: 0 | L98: 0 | M98: 0 | N98: 0 | O98: 1 | P98: 0 | Q98: 0 | R98: 0 | S98: =SUM(E98:R98) -> 1
B99: 6 | C99: 6. LILIK LINDARWATI | E99: 1 | F99: 0 | G99: 0 | H99: 0 | I99: 0 | J99: 0 | K99: 0 | L99: 0 | M99: 0 | N99: 0 | O99: 0 | P99: 0 | Q99: 0 | R99: 0 | S99: =SUM(E99:R99) -> 1
B100: 7 | C100: 7. YULI ANITA | E100: 0 | F100: 0 | G100: 0 | H100: 0 | I100: 0 | J100: 0 | K100: 0 | L100: 0 | M100: 0 | N100: 0 | O100: 0 | P100: 0 | Q100: 0 | R100: 0 | S100: =SUM(E100:R100) -> 0
A103: B | B103: JUMLAH SUARA SAH PARTAI POLITIK DAN CALON (A1 + A2) | E103: =SUM(E93:E100) -> 4 | F103: =SUM(F93:F100) -> 1 | G103: =SUM(G93:G100) -> 4 | H103: =SUM(H93:H100) -> 1 | I103: =SUM(I93:I100) -> 3 | J103: =SUM(J93:J100) -> 7 | K103: =SUM(K93:K100) -> 0 | L103: =SUM(L93:L100) -> 4 | ... R103: =SUM(R93:R100) -> 0 | S103: =SUM(E103:R103) -> 36
A105: A.1 | B105: 6. | C105: Partai Buruh | E105: 2 | F105: 1 | G105: 1 | H105: 1 | I105: 6 | J105: 4 | K105: 0 | L105: 1 | M105: 1 | N105: 2 | O105: 1 | P105: 2 | Q105: 0 | R105: 4 | S105: =SUM(E105:R105) -> 26
A106: A.2 | B106: 1 | C106: 1. KHOIRUL ANAM | E106: 1 | F106: 1 | G106: 0 | H106: 1 | I106: 0 | J106: 0 | K106: 0 | L106: 0 | M106: 0 | N106: 1 | O106: 0 | P106: 0 | Q106: 0 | R106: 0 | S106: =SUM(E106:R106) -> 4
B107: 2 | C107: 2. INA KURNIA | E107: 0 | F107: 0 | G107: 0 | H107: 2 | I107: 0 | J107: 0 | K107: 0 | L107: 0 | M107: 0 | N107: 0 | O107: 0 | P107: 0 | Q107: 0 | R107: 0 | S107: =SUM(E107:R107) -> 2
B108: 3 | C108: 3. JIBRAL TAROUK | E108: 0 | F108: 0 | G108: 0 | H108: 0 | I108: 0 | J108: 0 | K108: 0 | L108: 0 | M108: 0 | N108: 0 | O108: 0 | P108: 0 | Q108: 0 | R108: 0 | S108: =SUM(E108:R108) -> 0
B109: 4 | C109: 4. ASTUTI DAENG PUJI | E109: 0 | F109: 0 | G109: 0 | H109: 0 | I109: 0 | J109: 0 | K109: 0 | L109: 0 | M109: 0 | N109: 0 | O109: 0 | P109: 0 | Q109: 0 | R109: 0 | S109: =SUM(E109:R109) -> 0
B110: 5 | C110: 5. ASDARMAWAN | E110: 0 | F110: 0 | G110: 0 | H110: 0 | I110: 0 | J110: 0 | K110: 0 | L110: 0 | M110: 0 | N110: 0 | O110: 0 | P110: 0 | Q110: 0 | R110: 0 | S110: =SUM(E110:R110) -> 0
B111: 6 | C111: 6. RIFQI MUBAROK | E111: 0 | F111: 0 | G111: 2 | H111: 0 | I111: 0 | J111: 0 | K111: 0 | L111: 0 | M111: 0 | N111: 0 | O111: 0 | P111: 0 | Q111: 0 | R111: 0 | S111: =SUM(E111:R111) -> 2
B112: 7 | C112: 7. FIRNANDA ALTA MEGA | E112: 0 | F112: 0 | G112: 0 | H112: 0 | I112: 1 | J112: 0 | K112: 0 | L112: 0 | M112: 0 | N112: 1 | O112: 0 | P112: 0 | Q112: 0 | R112: 0 | S112: =SUM(E112:R112) -> 2
A115: B | B115: JUMLAH SUARA SAH PARTAI POLITIK DAN CALON (A1 + A2) | E115: =SUM(E105:E112) -> 3 | F115: =SUM(F105:F112) -> 2 | G115: =SUM(G105:G112) -> 3 | H115: =SUM(H105:H112) -> 4 | I115: =SUM(I105:I112) -> 7 | J115: =SUM(J105:J112) -> 4 | K115: =SUM(K105:K112) -> 0 | L115: =SUM(L105:L112) -> 1 | ... R115: =SUM(R105:R112) -> 4 | S115: =SUM(E115:R115) -> 36
A117: A.1 | B117: 7. | C117: Partai Gelombang Rakyat Indonesia | E117: 1 | F117: 0 | G117: 1 | H117: 2 | I117: 0 | J117: 0 | K117: 0 | L117: 0 | M117: 2 | N117: 0 | O117: 0 | P117: 0 | Q117: 0 | R117: 1 | S117: =SUM(E117:R117) -> 7
A118: A.2 | B118: 1 | C118: 1. TITI WIDORETNO WARISMAN | E118: 0 | F118: 0 | G118: 0 | H118: 2 | I118: 1 | J118: 0 | K118: 0 | L118: 0 | M118: 0 | N118: 0 | O118: 0 | P118: 0 | Q118: 0 | R118: 0 | S118: =SUM(E118:R118) -> 3
B119: 2 | C119: 2. MAMIEK SETYANINGSIH | E119: 0 | F119: 0 | G119: 0 | H119: 0 | I119: 0 | J119: 0 | K119: 0 | L119: 0 | M119: 0 | N119: 0 | O119: 0 | P119: 0 | Q119: 0 | R119: 0 | S119: =SUM(E119:R119) -> 0
B120: 3 | C120: 3. ROMIL AZIZEN | E120: 0 | F120: 0 | G120: 0 | H120: 0 | I120: 0 | J120: 1 | K120: 0 | L120: 0 | M120: 0 | N120: 0 | O120: 0 | P120: 0 | Q120: 0 | R120: 0 | S120: =SUM(E120:R120) -> 1
A127: B | B127: JUMLAH SUARA SAH PARTAI POLITIK DAN CALON (A1 + A2) | E127: =SUM(E117:E120) -> 1 | F127: =SUM(F117:F120) -> 0 | G127: =SUM(G117:G120) -> 1 | H127: =SUM(H117:H120) -> 4 | I127: =SUM(I117:I120) -> 1 | J127: =SUM(J117:J120) -> 1 | K127: =SUM(K117:K120) -> 0 | L127: =SUM(L117:L120) -> 0 | ... R127: =SUM(R117:R120) -> 1 | S127: =SUM(E127:R127) -> 11
A129: A.1 | B129: 8. | C129: Partai Keadilan Sejahtera | E129: 0 | F129: 3 | G129: 0 | H129: 1 | I129: 1 | J129: 1 | K129: 0 | L129: 2 | M129: 0 | N129: 2 | O129: 0 | P129: 0 | Q129: 1 | R129: 3 | S129: =SUM(E129:R129) -> 14
A130: A.2 | B130: 1 | C130: 1. H. SAIMI SALEH, S.E., M.M. | E130: 1 | F130: 1 | G130: 0 | H130: 1 | I130: 0 | J130: 1 | K130: 0 | L130: 2 | M130: 7 | N130: 0 | O130: 5 | P130: 3 | Q130: 2 | R130: 3 | S130: =SUM(E130:R130) -> 26
B131: 2 | C131: 2. Prof. Dr. H. EGGI SUDJANA, S.H., M.Si. | E131: 4 | F131: 2 | G131: 0 | H131: 1 | I131: 0 | J131: 1 | K131: 0 | L131: 0 | M131: 0 | N131: 0 | O131: 1 | P131: 0 | Q131: 0 | R131: 0 | S131: =SUM(E131:R131) -> 9
B132: 3 | C132: 3. NURUL KHOTIMAH | E132: 0 | F132: 0 | G132: 0 | H132: 0 | I132: 0 | J132: 0 | K132: 0 | L132: 0 | M132: 0 | N132: 0 | O132: 1 | P132: 0 | Q132: 0 | R132: 0 | S132: =SUM(E132:R132) -> 1
B133: 4 | C133: 4. AKHMAD SUYANTO, S.T., M.T. | E133: 0 | F133: 0 | G133: 0 | H133: 0 | I133: 0 | J133: 0 | K133: 0 | L133: 0 | M133: 0 | N133: 0 | O133: 0 | P133: 0 | Q133: 0 | R133: 0 | S133: =SUM(E133:R133) -> 0
B134: 5 | C134: 5. PUJIYATNI | E134: 1 | F134: 0 | G134: 0 | H134: 0 | I134: 0 | J134: 0 | K134: 0 | L134: 0 | M134: 0 | N134: 0 | O134: 0 | P134: 0 | Q134: 0 | R134: 0 | S134: =SUM(E134:R134) -> 1
B135: 6 | C135: 6. HENI PURWATININGSIH | E135: 0 | F135: 0 | G135: 1 | H135: 0 | I135: 0 | J135: 0 | K135: 0 | L135: 0 | M135: 0 | N135: 0 | O135: 0 | P135: 0 | Q135: 0 | R135: 0 | S135: =SUM(E135:R135) -> 1
B136: 7 | C136: 7. MUHADI | E136: 0 | F136: 0 | G136: 0 | H136: 0 | I136: 0 | J136: 0 | K136: 0 | L136: 0 | M136: 0 | N136: 0 | O136: 0 | P136: 0 | Q136: 0 | R136: 0 | S136: =SUM(E136:R136) -> 0
...

Sheet BEDEWANG
C2: Kecamatan
C3: Kabupaten | D3: BANYUWANGI
C4: Provinsi | D4: JAWA TIMUR
C9: Kelurahan
A12: I | B12: DATA PEMILIH DAN PENGGUNAAN HAK PILIH | W12: JUMLAH AKHIR
A13: A | B13: DATA PEMILIH | E13: TPS 001 | F13: TPS 002 | G13: TPS 003 | H13: TPS 004 | I13: TPS 005 | J13: TPS 006 | K13: TPS 007 | L13: TPS 008 | M13: TPS 009 | N13: TPS 010 | O13: TPS 011 | P13: TPS 012 | Q13: TPS 013 | R13: TPS 014 | S13: TPS 015 | T13: TPS 016 | U13: TPS 017 | V13: TPS 018
B14: Jumlah Pemilih dalam Daftar Pemilih Tetap (DPT) | D14: LK | E14: 143 | F14: 141 | G14: 147 | H14: 147 | I14: 123 | J14: 113 | K14: 136 | L14: 122 | M14: 123 | N14: 129 | O14: 137 | P14: 145 | Q14: 131 | R14: 148 | S14: 133 | T14: 153 | U14: 111 | V14: 87 | W14: =SUM(E14:V14) -> 2369
D15: PR | E15: 149 | F15: 157 | G15: 145 | H15: 141 | I15: 133 | J15: 118 | K15: 126 | L15: 132 | M15: 128 | N15: 131 | O15: 148 | P15: 148 | Q15: 149 | R15: 134 | S15: 143 | T15: 128 | U15: 107 | V15: 79 | W15: =SUM(E15:V15) -> 2396
D16: JML | E16: =SUM(E14:E15) -> 292 | F16: =SUM(F14:F15) -> 298 | G16: =SUM(G14:G15) -> 292 | H16: =SUM(H14:H15) -> 288 | I16: =SUM(I14:I15) -> 256 | J16: =SUM(J14:J15) -> 231 | K16: =SUM(K14:K15) -> 262 | L16: =SUM(L14:L15) -> 254 | ... V16: =SUM(V14:V15) -> 166 | W16: =SUM(E16:V16) -> 4765
A18: B | B18: PENGGUNA HAK PILIH
B19: 1. | C19: Jumlah pengguna hak pilih dalam Daftar Pemilih Tetap (DPT) | D19: LK | E19: 118 | F19: 102 | G19: 113 | H19: 114 | I19: 85 | J19: 88 | K19: 106 | L19: 86 | M19: 82 | N19: 95 | O19: 95 | P19: 107 | Q19: 100 | R19: 108 | S19: 96 | T19: 108 | U19: 76 | V19: 68 | W19: =SUM(E19:V19) -> 1747
D20: PR | E20: 121 | F20: 123 | G20: 110 | H20: 113 | I20: 101 | J20: 91 | K20: 102 | L20: 97 | M20: 100 | N20: 101 | O20: 115 | P20: 114 | Q20: 122 | R20: 102 | S20: 114 | T20: 118 | U20: 83 | V20: 66 | W20: =SUM(E20:V20) -> 1893
D21: JML | E21: =SUM(E19:E20) -> 239 | F21: =SUM(F19:F20) -> 225 | G21: =SUM(G19:G20) -> 223 | H21: =SUM(H19:H20) -> 227 | I21: =SUM(I19:I20) -> 186 | J21: =SUM(J19:J20) -> 179 | K21: =SUM(K19:K20) -> 208 | L21: =SUM(L19:L20) -> 183 | ... V21: =SUM(V19:V20) -> 134 | W21: =SUM(E21:V21) -> 3640
B22: 2. | C22: Jumlah pengguna hak pilih dalam Daftar Pemilih Tambahan (DPTb) | D22: LK | E22: 0 | F22: 0 | G22: 0 | H22: 0 | I22: 0 | J22: 0 | K22: 0 | L22: 0 | M22: 0 | N22: 0 | O22: 0 | P22: 0 | Q22: 0 | R22: 0 | S22: 0 | T22: 0 | U22: 0 | V22: 0 | W22: =SUM(E22:V22) -> 0
D23: PR | E23: 0 | F23: 0 | G23: 0 | H23: 0 | I23: 0 | J23: 0 | K23: 0 | L23: 0 | M23: 0 | N23: 0 | O23: 0 | P23: 0 | Q23: 0 | R23: 0 | S23: 0 | T23: 0 | U23: 0 | V23: 0 | W23: =SUM(E23:V23) -> 0
D24: JML | E24: =SUM(E22:E23) -> 0 | F24: =SUM(F22:F23) -> 0 | G24: =SUM(G22:G23) -> 0 | H24: =SUM(H22:H23) -> 0 | I24: =SUM(I22:I23) -> 0 | J24: =SUM(J22:J23) -> 0 | K24: =SUM(K22:K23) -> 0 | L24: =SUM(L22:L23) -> 0 | ... V24: =SUM(V22:V23) -> 0 | W24: =SUM(E24:V24) -> 0
B25: 3. | C25: Jumlah pengguna hak pilih dalam Daftar Pemilih Khusus (DPK) | D25: LK | E25: 0 | F25: 0 | G25: 0 | H25: 1 | I25: 0 | J25: 0 | K25: 0 | L25: 0 | M25: 0 | N25: 0 | O25: 0 | P25: 0 | Q25: 0 | R25: 0 | S25: 0 | T25: 1 | U25: 0 | V25: 1 | W25: =SUM(E25:V25) -> 3
D26: PR | E26: 0 | F26: 0 | G26: 0 | H26: 0 | I26: 0 | J26: 0 | K26: 0 | L26: 0 | M26: 0 | N26: 0 | O26: 0 | P26: 0 | Q26: 0 | R26: 0 | S26: 0 | T26: 0 | U26: 0 | V26: 1 | W26: =SUM(E26:V26) -> 1
D27: JML | E27: =SUM(E25:E26) -> 0 | F27: =SUM(F25:F26) -> 0 | G27: =SUM(G25:G26) -> 0 | H27: =SUM(H25:H26) -> 1 | I27: =SUM(I25:I26) -> 0 | J27: =SUM(J25:J26) -> 0 | K27: =SUM(K25:K26) -> 0 | L27: =SUM(L25:L26) -> 0 | ... V27: =SUM(V25:V26) -> 2 | W27: =SUM(E27:V27) -> 4
B28: 4. | C28: Jumlah Pengguna Hak Pilih (B.1+B.2+B.3) | D28: LK | E28: =SUM(E19,E22,E25) -> 118 | F28: =SUM(F19,F22,F25) -> 102 | G28: =SUM(G19,G22,G25) -> 113 | H28: =SUM(H19,H22,H25) -> 115 | I28: =SUM(I19,I22,I25) -> 85 | J28: =SUM(J19,J22,J25) -> 88 | K28: =SUM(K19,K22,K25) -> 106 | L28: =SUM(L19,L22,L25) -> 86 | ... V28: =SUM(V19,V22,V25) -> 69 | W28: =SUM(E28:V28) -> 1750
D29: PR | E29: =SUM(E20,E23,E26) -> 121 | F29: =SUM(F20,F23,F26) -> 123 | G29: =SUM(G20,G23,G26) -> 110 | H29: =SUM(H20,H23,H26) -> 113 | I29: =SUM(I20,I23,I26) -> 101 | J29: =SUM(J20,J23,J26) -> 91 | K29: =SUM(K20,K23,K26) -> 102 | L29: =SUM(L20,L23,L26) -> 97 | ... V29: =SUM(V20,V23,V26) -> 67 | W29: =SUM(E29:V29) -> 1894
D30: JML | E30: =SUM(E28:E29) -> 239 | F30: =SUM(F28:F29) -> 225 | G30: =SUM(G28:G29) -> 223 | H30: =SUM(H28:H29) -> 228 | I30: =SUM(I28:I29) -> 186 | J30: =SUM(J28:J29) -> 179 | K30: =SUM(K28:K29) -> 208 | L30: =SUM(L28:L29) -> 183 | ... V30: =SUM(V28:V29) -> 136 | W30: =SUM(E30:V30) -> 3644
A32: II | B32: DATA PENGGUNAAN SURAT SUARA
A33: 1 | B33: Jumlah surat suara yang diterima, termasuk surat suara cadangan 2,5% dari DPT | E33: 298 | F33: 304 | G33: 298 | H33: 296 | I33: 262 | J33: 231 | K33: 268 | L33: 250 | M33: 257 | N33: 268 | O33: 291 | P33: 290 | Q33: 286 | R33: 288 | S33: 282 | T33: 286 | U33: 236 | V33: 170 | W33: =SUM(E33:V33) -> 4861
A34: 2 | B34: Jumlah surat suara yang digunakan | E34: 239 | F34: 225 | G34: 223 | H34: 228 | I34: 186 | J34: 179 | K34: 208 | L34: 183 | M34: 182 | N34: 196 | O34: 210 | P34: 221 | Q34: 222 | R34: 210 | S34: 210 | T34: 227 | U34: 159 | V34: 136 | W34: =SUM(E34:V34) -> 3644
A35: 3 | B35: Jumlah surat suara dikembalikan oleh pemilih (karena rusak atau keliru coblos) | E35: 0 | F35: 0 | G35: 0 | H35: 0 | I35: 0 | J35: 0 | K35: 0 | L35: 0 | M35: 3 | N35: 0 | O35: 0 | P35: 0 | Q35: 0 | R35: 1 | S35: 1 | T35: 0 | U35: 0 | V35: 0 | W35: =SUM(E35:V35) -> 5
A36: 4 | B36: Jumlah surat suara yang tidak digunakan/tidak terpakai, termasuk sisa surat suara cadangan | E36: =E33-(E34+E35) -> 59 | F36: =F33-(F34+F35) -> 79 | G36: =G33-(G34+G35) -> 75 | H36: =H33-(H34+H35) -> 68 | I36: =I33-(I34+I35) -> 76 | J36: =J33-(J34+J35) -> 52 | K36: =K33-(K34+K35) -> 60 | L36: =L33-(L34+L35) -> 67 | ... V36: =V33-(V34+V35) -> 34 | W36: =SUM(E36:V36) -> 1212
A38: III | B38: DATA PEMILIH DISABILITAS
B39: Jumlah seluruh Pemilih disabilitas yang menggunakan hak pilih | D39: LK | E39: 0 | F39: 0 | G39: 0 | H39: 3 | I39: 0 | J39: 0 | K39: 3 | L39: 0 | M39: 0 | N39: 0 | O39: 0 | P39: 1 | Q39: 0 | R39: 2 | S39: 0 | T39: 1 | U39: 0 | V39: 0 | W39: =SUM(E39:V39) -> 10
D40: PR | E40: 0 | F40: 0 | G40: 0 | H40: 1 | I40: 1 | J40: 0 | K40: 1 | L40: 0 | M40: 0 | N40: 0 | O40: 0 | P40: 1 | Q40: 0 | R40: 1 | S40: 0 | T40: 1 | U40: 0 | V40: 0 | W40: =SUM(E40:V40) -> 6
D41: JML | E41: =SUM(E39:E40) -> 0 | F41: =SUM(F39:F40) -> 0 | G41: =SUM(G39:G40) -> 0 | H41: =SUM(H39:H40) -> 4 | I41: =SUM(I39:I40) -> 1 | J41: =SUM(J39:J40) -> 0 | K41: =SUM(K39:K40) -> 4 | L41: =SUM(L39:L40) -> 0 | ... V41: =SUM(V39:V40) -> 0 | W41: =SUM(E41:V41) -> 16
A43: IV | B43: DATA RINCIAN PEROLEHAN SUARA PASANGAN CALON BUPATI DAN WAKIL BUPATI
A44: NOMOR DAN NAMA CALON
A45: A.1 | B45: 1. | C45: Partai Kebangkitan Bangsa | E45: 4 | F45: 6 | G45: 5 | H45: 2 | I45: 11 | J45: 13 | K45: 15 | L45: 7 | M45: 10 | N45: 15 | O45: 2 | P45: 6 | Q45: 8 | R45: 6 | S45: 9 | T45: 5 | U45: 1 | V45: 0 | W45: =SUM(E45:V45) -> 125
A46: A.2 | B46: 1 | C46: 1. Dr. Hj. NIHAYATUL WAFIROH, M.A. | E46: 14 | F46: 29 | G46: 1 | H46: 29 | I46: 33 | J46: 26 | K46: 39 | L46: 16 | M46: 14 | N46: 13 | O46: 9 | P46: 6 | Q46: 8 | R46: 10 | S46: 13 | T46: 2 | U46: 2 | V46: 0 | W46: =SUM(E46:V46) -> 264
B47: 2 | C47: 2. H. M. NASIM KHAN | E47: 4 | F47: 4 | G47: 7 | H47: 4 | I47: 9 | J47: 2 | K47: 3 | L47: 5 | M47: 4 | N47: 2 | O47: 2 | P47: 5 | Q47: 3 | R47: 2 | S47: 8 | T47: 3 | U47: 1 | V47: 0 | W47: =SUM(E47:V47) -> 68
B48: 3 | C48: 3. Dr. H. AKIK ZAMAN, M.Pd.I. | E48: 1 | F48: 1 | G48: 0 | H48: 0 | I48: 1 | J48: 0 | K48: 1 | L48: 0 | M48: 0 | N48: 2 | O48: 0 | P48: 1 | Q48: 0 | R48: 0 | S48: 1 | T48: 1 | U48: 0 | V48: 1 | W48: =SUM(E48:V48) -> 10
B49: 4 | C49: 4. AHMAD RIFA'I, S.H. | E49: 0 | F49: 0 | G49: 1 | H49: 1 | I49: 0 | J49: 0 | K49: 1 | L49: 1 | M49: 0 | N49: 0 | O49: 2 | P49: 0 | Q49: 0 | R49: 0 | S49: 0 | T49: 1 | U49: 0 | V49: 0 | W49: =SUM(E49:V49) -> 7
B50: 5 | C50: 5. Drs. H. MAHFUD M.N. | E50: 0 | F50: 0 | G50: 0 | H50: 0 | I50: 0 | J50: 1 | K50: 3 | L50: 0 | M50: 0 | N50: 0 | O50: 1 | P50: 1 | Q50: 0 | R50: 0 | S50: 0 | T50: 0 | U50: 0 | V50: 0 | W50: =SUM(E50:V50) -> 6
B51: 6 | C51: 6. NURHAYATI, S.Pd. | E51: 0 | F51: 0 | G51: 0 | H51: 0 | I51: 0 | J51: 0 | K51: 0 | L51: 1 | M51: 0 | N51: 0 | O51: 0 | P51: 0 | Q51: 0 | R51: 0 | S51: 0 | T51: 0 | U51: 0 | V51: 0 | W51: =SUM(E51:V51) -> 1
B52: 7 | C52: 7. MAFTUHA KISWAH | E52: 0 | F52: 0 | G52: 0 | H52: 0 | I52: 0 | J52: 0 | K52: 0 | L52: 1 | M52: 0 | N52: 0 | O52: 0 | P52: 0 | Q52: 0 | R52: 0 | S52: 0 | T52: 0 | U52: 1 | V52: 0 | W52: =SUM(E52:V52) -> 2
A55: B | B55: JUMLAH SUARA SAH PARTAI POLITIK DAN CALON (A1 + A2) | E55: =SUM(E45:E52) -> 23 | F55: =SUM(F45:F52) -> 40 | G55: =SUM(G45:G52) -> 14 | H55: =SUM(H45:H52) -> 36 | I55: =SUM(I45:I52) -> 54 | J55: =SUM(J45:J52) -> 42 | K55: =SUM(K45:K52) -> 62 | L55: =SUM(L45:L52) -> 31 | ... V55: =SUM(V45:V52) -> 1 | W55: =SUM(E55:V55) -> 483
A57: A.1 | B57: 2. | C57: Partai Gerakan Indonesia Raya | E57: 25 | F57: 22 | G57: 10 | H57: 6 | I57: 5 | J57: 2 | K57: 10 | L57: 9 | M57: 6 | N57: 8 | O57: 3 | P57: 6 | Q57: 6 | R57: 5 | S57: 12 | T57: 14 | U57: 3 | V57: 0 | W57: =SUM(E57:V57) -> 152
A58: A.2 | B58: 1 | C58: 1. SUMAIL ABDULLAH | E58: 15 | F58: 10 | G58: 14 | H58: 7 | I58: 29 | J58: 21 | K58: 9 | L58: 24 | M58: 12 | N58: 33 | O58: 10 | P58: 19 | Q58: 19 | R58: 21 | S58: 19 | T58: 5 | U58: 7 | V58: 2 | W58: =SUM(E58:V58) -> 276
B59: 2 | C59: 2. MUHAMMAD ALI ADRIAN SALEH | E59: 63 | F59: 23 | G59: 40 | H59: 17 | I59: 1 | J59: 2 | K59: 5 | L59: 8 | M59: 9 | N59: 0 | O59: 33 | P59: 26 | Q59: 19 | R59: 32 | S59: 19 | T59: 3 | U59: 1 | V59: 0 | W59: =SUM(E59:V59) -> 301
B60: 3 | C60: 3. DURROTUN NAFISAH | E60: 2 | F60: 3 | G60: 1 | H60: 0 | I60: 1 | J60: 0 | K60: 0 | L60: 0 | M60: 0 | N60: 1 | O60: 1 | P60: 0 | Q60: 0 | R60: 1 | S60: 0 | T60: 1 | U60: 0 | V60: 0 | W60: =SUM(E60:V60) -> 11
B61: 4 | C61: 4. H. EKO SUSILO NURHIDAYAT | E61: 1 | F61: 1 | G61: 1 | H61: 2 | I61: 1 | J61: 0 | K61: 0 | L61: 1 | M61: 0 | N61: 0 | O61: 0 | P61: 1 | Q61: 0 | R61: 0 | S61: 2 | T61: 0 | U61: 2 | V61: 0 | W61: =SUM(E61:V61) -> 12
B62: 5 | C62: 5. KARNADI HARIJANTO, S.S. | E62: 1 | F62: 1 | G62: 0 | H62: 0 | I62: 0 | J62: 0 | K62: 0 | L62: 0 | M62: 0 | N62: 1 | O62: 0 | P62: 0 | Q62: 0 | R62: 2 | S62: 1 | T62: 0 | U62: 0 | V62: 0 | W62: =SUM(E62:V62) -> 6
B63: 6 | C63: 6. NURHAYATI | E63: 1 | F63: 1 | G63: 0 | H63: 0 | I63: 1 | J63: 0 | K63: 0 | L63: 0 | M63: 0 | N63: 2 | O63: 0 | P63: 0 | Q63: 0 | R63: 0 | S63: 0 | T63: 0 | U63: 0 | V63: 0 | W63: =SUM(E63:V63) -> 5
B64: 7 | C64: 7. MASHUDI | E64: 1 | F64: 0 | G64: 3 | H64: 1 | I64: 3 | J64: 0 | K64: 0 | L64: 0 | M64: 0 | N64: 1 | O64: 0 | P64: 0 | Q64: 0 | R64: 0 | S64: 0 | T64: 1 | U64: 0 | V64: 0 | W64: =SUM(E64:V64) -> 10
A67: B | B67: JUMLAH SUARA SAH PARTAI POLITIK DAN CALON (A1 + A2) | E67: =SUM(E57:E64) -> 109 | F67: =SUM(F57:F64) -> 61 | G67: =SUM(G57:G64) -> 69 | H67: =SUM(H57:H64) -> 33 | I67: =SUM(I57:I64) -> 41 | J67: =SUM(J57:J64) -> 25 | K67: =SUM(K57:K64) -> 24 | L67: =SUM(L57:L64) -> 42 | ... V67: =SUM(V57:V64) -> 2 | W67: =SUM(E67:V67) -> 773
A69: A.1 | B69: 3. | C69: Partai Demokrasi Indonesia Perjuangan | E69: 5 | F69: 23 | G69: 8 | H69: 2 | I69: 3 | J69: 4 | K69: 4 | L69: 8 | M69: 12 | N69: 6 | O69: 7 | P69: 9 | Q69: 6 | R69: 3 | S69: 12 | T69: 13 | U69: 6 | V69: 0 | W69: =SUM(E69:V69) -> 131
A70: A.2 | B70: 1 | C70: 1. SONNY TRI DANAPARAMITA, S.H., M.H. | E70: 6 | F70: 11 | G70: 4 | H70: 8 | I70: 10 | J70: 7 | K70: 6 | L70: 5 | M70: 13 | N70: 11 | O70: 9 | P70: 42 | Q70: 10 | R70: 8 | S70: 16 | T70: 11 | U70: 3 | V70: 129 | W70: =SUM(E70:V70) -> 309
B71: 2 | C71: 2. H. MOHAMAD GUNTUR ROMLI | E71: 4 | F71: 4 | G71: 2 | H71: 5 | I71: 2 | J71: 0 | K71: 1 | L71: 2 | M71: 2 | N71: 2 | O71: 0 | P71: 1 | Q71: 4 | R71: 1 | S71: 2 | T71: 1 | U71: 0 | V71: 0 | W71: =SUM(E71:V71) -> 33
B72: 3 | C72: 3. INA AMMANIA | E72: 0 | F72: 5 | G72: 2 | H72: 3 | I72: 4 | J72: 4 | K72: 1 | L72: 1 | M72: 2 | N72: 2 | O72: 2 | P72: 2 | Q72: 1 | R72: 1 | S72: 3 | T72: 1 | U72: 0 | V72: 0 | W72: =SUM(E72:V72) -> 34
B73: 4 | C73: 4. IRWAN BACHTIAR RACHMAT, M.Si. | E73: 1 | F73: 1 | G73: 0 | H73: 3 | I73: 1 | J73: 0 | K73: 3 | L73: 2 | M73: 1 | N73: 3 | O73: 3 | P73: 2 | Q73: 0 | R73: 0 | S73: 3 | T73: 1 | U73: 1 | V73: 0 | W73: =SUM(E73:V73) -> 25
B74: 5 | C74: 5. LUCKY PERDANA | E74: 0 | F74: 2 | G74: 6 | H74: 1 | I74: 0 | J74: 1 | K74: 4 | L74: 4 | M74: 1 | N74: 1 | O74: 2 | P74: 2 | Q74: 0 | R74: 0 | S74: 0 | T74: 0 | U74: 0 | V74: 0 | W74: =SUM(E74:V74) -> 24
B75: 6 | C75: 6. WIWIK PUJIYATI | E75: 0 | F75: 1 | G75: 0 | H75: 2 | I75: 0 | J75: 0 | K75: 0 | L75: 1 | M75: 1 | N75: 1 | O75: 0 | P75: 0 | Q75: 0 | R75: 0 | S75: 0 | T75: 1 | U75: 1 | V75: 0 | W75: =SUM(E75:V75) -> 8
B76: 7 | C76: 7. CHANDRA ASTAN, S.T. | E76: 0 | F76: 0 | G76: 0 | H76: 0 | I76: 0 | J76: 0 | K76: 0 | L76: 0 | M76: 1 | N76: 2 | O76: 0 | P76: 0 | Q76: 0 | R76: 0 | S76: 0 | T76: 0 | U76: 0 | V76: 0 | W76: =SUM(E76:V76) -> 3
A79: B | B79: JUMLAH SUARA SAH PARTAI POLITIK DAN CALON (A1 + A2) | E79: =SUM(E69:E76) -> 16 | F79: =SUM(F69:F76) -> 47 | G79: =SUM(G69:G76) -> 22 | H79: =SUM(H69:H76) -> 24 | I79: =SUM(I69:I76) -> 20 | J79: =SUM(J69:J76) -> 16 | K79: =SUM(K69:K76) -> 19 | L79: =SUM(L69:L76) -> 23 | ... V79: =SUM(V69:V76) -> 129 | W79: =SUM(E79:V79) -> 567
A81: A.1 | B81: 4. | C81: Partai Golongan Karya | E81: 5 | F81: 1 | G81: 3 | H81: 3 | I81: 4 | J81: 2 | K81: 4 | L81: 3 | M81: 5 | N81: 5 | O81: 8 | P81: 10 | Q81: 7 | R81: 3 | S81: 5 | T81: 7 | U81: 3 | V81: 0 | W81: =SUM(E81:V81) -> 78
A82: A.2 | B82: 1 | C82: 1. ZULFIKAR ARSE SADIKIN, S.I.P., M.Si. | E82: 4 | F82: 2 | G82: 32 | H82: 10 | I82: 3 | J82: 3 | K82: 6 | L82: 4 | M82: 4 | N82: 5 | O82: 5 | P82: 4 | Q82: 5 | R82: 6 | S82: 3 | T82: 37 | U82: 27 | V82: 1 | W82: =SUM(E82:V82) -> 161
B83: 2 | C83: 2. HANDOKO | E83: 12 | F83: 4 | G83: 2 | H83: 3 | I83: 2 | J83: 1 | K83: 1 | L83: 2 | M83: 5 | N83: 8 | O83: 5 | P83: 3 | Q83: 7 | R83: 4 | S83: 4 | T83: 2 | U83: 1 | V83: 0 | W83: =SUM(E83:V83) -> 66
B84: 3 | C84: 3. Hj. OVI DEWI YANTI | E84: 0 | F84: 0 | G84: 0 | H84: 1 | I84: 0 | J84: 0 | K84: 2 | L84: 1 | M84: 0 | N84: 0 | O84: 1 | P84: 1 | Q84: 0 | R84: 1 | S84: 0 | T84: 5 | U84: 0 | V84: 1 | W84: =SUM(E84:V84) -> 13
B85: 4 | C85: 4. Ir. AZAM AZMAN NATAWIJANA | E85: 1 | F85: 1 | G85: 0 | H85: 1 | I85: 1 | J85: 0 | K85: 0 | L85: 2 | M85: 1 | N85: 1 | O85: 17 | P85: 4 | Q85: 3 | R85: 2 | S85: 1 | T85: 4 | U85: 1 | V85: 0 | W85: =SUM(E85:V85) -> 40
B86: 5 | C86: 5. UBAIDILLAH AMIN, S.Kom. | E86: 0 | F86: 0 | G86: 0 | H86: 1 | I86: 0 | J86: 0 | K86: 0 | L86: 0 | M86: 0 | N86: 0 | O86: 0 | P86: 4 | Q86: 1 | R86: 0 | S86: 0 | T86: 0 | U86: 0 | V86: 0 | W86: =SUM(E86:V86) -> 6
B87: 6 | C87: 6. DENNY YUNIANDARI, S.H., M.Kn. | E87: 0 | F87: 0 | G87: 1 | H87: 0 | I87: 0 | J87: 0 | K87: 0 | L87: 0 | M87: 0 | N87: 0 | O87: 0 | P87: 0 | Q87: 0 | R87: 0 | S87: 0 | T87: 0 | U87: 0 | V87: 0 | W87: =SUM(E87:V87) -> 1
B88: 7 | C88: 7. ERNADI, S.H.I. | E88: 0 | F88: 0 | G88: 0 | H88: 0 | I88: 0 | J88: 0 | K88: 0 | L88: 0 | M88: 0 | N88: 0 | O88: 0 | P88: 0 | Q88: 0 | R88: 0 | S88: 0 | T88: 0 | U88: 0 | V88: 0 | W88: =SUM(E88:V88) -> 0
A91: B | B91: JUMLAH SUARA SAH PARTAI POLITIK DAN CALON (A1 + A2) | E91: =SUM(E81:E88) -> 22 | F91: =SUM(F81:F88) -> 8 | G91: =SUM(G81:G88) -> 38 | H91: =SUM(H81:H88) -> 19 | I91: =SUM(I81:I88) -> 10 | J91: =SUM(J81:J88) -> 6 | K91: =SUM(K81:K88) -> 13 | L91: =SUM(L81:L88) -> 12 | ... V91: =SUM(V81:V88) -> 2 | W91: =SUM(E91:V91) -> 365
A93: A.1 | B93: 5. | C93: Partai NasDem | E93: 1 | F93: 4 | G93: 1 | H93: 0 | I93: 3 | J93: 3 | K93: 2 | L93: 3 | M93: 4 | N93: 7 | O93: 0 | P93: 2 | Q93: 0 | R93: 0 | S93: 1 | T93: 3 | U93: 0 | V93: 0 | W93: =SUM(E93:V93) -> 34
A94: A.2 | B94: 1 | C94: 1. ACH. FADIL MUZAKKI SYAH | E94: 0 | F94: 1 | G94: 1 | H94: 2 | I94: 4 | J94: 4 | K94: 4 | L94: 3 | M94: 7 | N94: 10 | O94: 1 | P94: 0 | Q94: 6 | R94: 0 | S94: 0 | T94: 0 | U94: 0 | V94: 0 | W94: =SUM(E94:V94) -> 43
B95: 2 | C95: 2. BENY | E95: 0 | F95: 0 | G95: 1 | H95: 0 | I95: 4 | J95: 21 | K95: 7 | L95: 13 | M95: 17 | N95: 4 | O95: 0 | P95: 0 | Q95: 0 | R95: 0 | S95: 0 | T95: 0 | U95: 0 | V95: 0 | W95: =SUM(E95:V95) -> 67
B96: 3 | C96: 3. VINA VERONIKA | E96: 0 | F96: 0 | G96: 0 | H96: 0 | I96: 0 | J96: 0 | K96: 1 | L96: 0 | M96: 0 | N96: 0 | O96: 0 | P96: 0 | Q96: 0 | R96: 0 | S96: 0 | T96: 0 | U96: 0 | V96: 0 | W96: =SUM(E96:V96) -> 1
B97: 4 | C97: 4. TEDDY ANUGRIANTO | E97: 1 | F97: 0 | G97: 0 | H97: 0 | I97: 1 | J97: 3 | K97: 0 | L97: 0 | M97: 0 | N97: 0 | O97: 2 | P97: 1 | Q97: 0 | R97: 0 | S97: 0 | T97: 0 | U97: 0 | V97: 0 | W97: =SUM(E97:V97) -> 8
B98: 5 | C98: 5. INSAN KAMIL | E98: 0 | F98: 0 | G98: 0 | H98: 0 | I98: 0 | J98: 1 | K98: 0 | L98: 3 | M98: 0 | N98: 0 | O98: 0 | P98: 0 | Q98: 0 | R98: 0 | S98: 0 | T98: 1 | U98: 0 | V98: 0 | W98: =SUM(E98:V98) -> 5
B99: 6 | C99: 6. LILIK LINDARWATI | E99: 0 | F99: 0 | G99: 0 | H99: 0 | I99: 0 | J99: 0 | K99: 1 | L99: 2 | M99: 0 | N99: 0 | O99: 0 | P99: 0 | Q99: 0 | R99: 0 | S99: 0 | T99: 0 | U99: 0 | V99: 0 | W99: =SUM(E99:V99) -> 3
B100: 7 | C100: 7. YULI ANITA | E100: 1 | F100: 0 | G100: 0 | H100: 0 | I100: 0 | J100: 0 | K100: 0 | L100: 0 | M100: 0 | N100: 1 | O100: 0 | P100: 0 | Q100: 0 | R100: 0 | S100: 0 | T100: 0 | U100: 0 | V100: 0 | W100: =SUM(E100:V100) -> 2
A103: B | B103: JUMLAH SUARA SAH PARTAI POLITIK DAN CALON (A1 + A2) | E103: =SUM(E93:E100) -> 3 | F103: =SUM(F93:F100) -> 5 | G103: =SUM(G93:G100) -> 3 | H103: =SUM(H93:H100) -> 2 | I103: =SUM(I93:I100) -> 12 | J103: =SUM(J93:J100) -> 32 | K103: =SUM(K93:K100) -> 15 | L103: =SUM(L93:L100) -> 24 | ... V103: =SUM(V93:V100) -> 0 | W103: =SUM(E103:V103) -> 163
A105: A.1 | B105: 6. | C105: Partai Buruh | E105: 0 | F105: 1 | G105: 0 | H105: 0 | I105: 0 | J105: 1 | K105: 0 | L105: 0 | M105: 1 | N105: 0 | O105: 0 | P105: 0 | Q105: 0 | R105: 0 | S105: 0 | T105: 1 | U105: 0 | V105: 0 | W105: =SUM(E105:V105) -> 4
A106: A.2 | B106: 1 | C106: 1. KHOIRUL ANAM | E106: 0 | F106: 0 | G106: 0 | H106: 1 | I106: 0 | J106: 1 | K106: 0 | L106: 0 | M106: 0 | N106: 0 | O106: 0 | P106: 0 | Q106: 0 | R106: 0 | S106: 1 | T106: 0 | U106: 0 | V106: 0 | W106: =SUM(E106:V106) -> 3
B107: 2 | C107: 2. INA KURNIA | E107: 0 | F107: 0 | G107: 0 | H107: 0 | I107: 0 | J107: 0 | K107: 0 | L107: 0 | M107: 0 | N107: 0 | O107: 0 | P107: 0 | Q107: 0 | R107: 0 | S107: 0 | T107: 0 | U107: 0 | V107: 0 | W107: =SUM(E107:V107) -> 0
B108: 3 | C108: 3. JIBRAL TAROUK | E108: 0 | F108: 0 | G108: 0 | H108: 0 | I108: 0 | J108: 0 | K108: 0 | L108: 0 | M108: 0 | N108: 0 | O108: 1 | P108: 0 | Q108: 0 | R108: 0 | S108: 0 | T108: 0 | U108: 0 | V108: 0 | W108: =SUM(E108:V108) -> 1
B109: 4 | C109: 4. ASTUTI DAENG PUJI | E109: 0 | F109: 0 | G109: 0 | H109: 0 | I109: 0 | J109: 0 | K109: 0 | L109: 0 | M109: 0 | N109: 0 | O109: 0 | P109: 0 | Q109: 0 | R109: 0 | S109: 0 | T109: 0 | U109: 0 | V109: 0 | W109: =SUM(E109:V109) -> 0
B110: 5 | C110: 5. ASDARMAWAN | E110: 0 | F110: 0 | G110: 0 | H110: 0 | I110: 0 | J110: 0 | K110: 0 | L110: 0 | M110: 0 | N110: 0 | O110: 0 | P110: 0 | Q110: 0 | R110: 0 | S110: 1 | T110: 0 | U110: 0 | V110: 0 | W110: =SUM(E110:V110) -> 1
B111: 6 | C111: 6. RIFQI MUBAROK | E111: 0 | F111: 0 | G111: 0 | H111: 0 | I111: 0 | J111: 0 | K111: 0 | L111: 1 | M111: 0 | N111: 0 | O111: 0 | P111: 0 | Q111: 0 | R111: 0 | S111: 0 | T111: 0 | U111: 0 | V111: 0 | W111: =SUM(E111:V111) -> 1
B112: 7 | C112: 7. FIRNANDA ALTA MEGA | E112: 0 | F112: 0 | G112: 0 | H112: 0 | I112: 0 | J112: 0 | K112: 0 | L112: 0 | M112: 0 | N112: 0 | O112: 0 | P112: 0 | Q112: 0 | R112: 0 | S112: 0 | T112: 0 | U112: 0 | V112: 0 | W112: =SUM(E112:V112) -> 0
A115: B | B115: JUMLAH SUARA SAH PARTAI POLITIK DAN CALON (A1 + A2) | E115: =SUM(E105:E112) -> 0 | F115: =SUM(F105:F112) -> 1 | G115: =SUM(G105:G112) -> 0 | H115: =SUM(H105:H112) -> 1 | I115: =SUM(I105:I112) -> 0 | J115: =SUM(J105:J112) -> 2 | K115: =SUM(K105:K112) -> 0 | L115: =SUM(L105:L112) -> 1 | ... V115: =SUM(V105:V112) -> 0 | W115: =SUM(E115:V115) -> 10
A117: A.1 | B117: 7. | C117: Partai Gelombang Rakyat Indonesia | E117: 0 | F117: 1 | G117: 3 | H117: 3 | I117: 0 | J117: 1 | K117: 1 | L117: 0 | M117: 2 | N117: 0 | O117: 0 | P117: 0 | Q117: 0 | R117: 0 | S117: 0 | T117: 0 | U117: 0 | V117: 0 | W117: =SUM(E117:V117) -> 11
A118: A.2 | B118: 1 | C118: 1. TITI WIDORETNO WARISMAN | E118: 0 | F118: 0 | G118: 0 | H118: 2 | I118: 0 | J118: 0 | K118: 0 | L118: 0 | M118: 0 | N118: 0 | O118: 1 | P118: 0 | Q118: 0 | R118: 0 | S118: 0 | T118: 0 | U118: 0 | V118: 0 | W118: =SUM(E118:V118) -> 3
B119: 2 | C119: 2. MAMIEK SETYANINGSIH | E119: 0 | F119: 0 | G119: 0 | H119: 0 | I119: 0 | J119: 0 | K119: 0 | L119: 0 | M119: 0 | N119: 0 | O119: 0 | P119: 0 | Q119: 0 | R119: 0 | S119: 0 | T119: 0 | U119: 0 | V119: 0 | W119: =SUM(E119:V119) -> 0
B120: 3 | C120: 3. ROMIL AZIZEN | E120: 0 | F120: 0 | G120: 0 | H120: 0 | I120: 0 | J120: 0 | K120: 0 | L120: 0 | M120: 0 | N120: 0 | O120: 0 | P120: 0 | Q120: 0 | R120: 0 | S120: 0 | T120: 0 | U120: 0 | V120: 0 | W120: =SUM(E120:V120) -> 0
A127: B | B127: JUMLAH SUARA SAH PARTAI POLITIK DAN CALON (A1 + A2) | E127: =SUM(E117:E120) -> 0 | F127: =SUM(F117:F120) -> 1 | G127: =SUM(G117:G120) -> 3 | H127: =SUM(H117:H120) -> 5 | I127: =SUM(I117:I120) -> 0 | J127: =SUM(J117:J120) -> 1 | K127: =SUM(K117:K120) -> 1 | L127: =SUM(L117:L120) -> 0 | ... V127: =SUM(V117:V120) -> 0 | W127: =SUM(E127:V127) -> 14
A129: A.1 | B129: 8. | C129: Partai Keadilan Sejahtera | E129: 0 | F129: 1 | G129: 1 | H129: 5 | I129: 2 | J129: 0 | K129: 0 | L129: 2 | M129: 0 | N129: 1 | O129: 1 | P129: 0 | Q129: 2 | R129: 1 | S129: 0 | T129: 11 | U129: 4 | V129: 0 | W129: =SUM(E129:V129) -> 31
A130: A.2 | B130: 1 | C130: 1. H. SAIMI SALEH, S.E., M.M. | E130: 3 | F130: 0 | G130: 1 | H130: 2 | I130: 3 | J130: 12 | K130: 4 | L130: 0 | M130: 1 | N130: 4 | O130: 1 | P130: 2 | Q130: 3 | R130: 2 | S130: 0 | T130: 17 | U130: 20 | V130: 0 | W130: =SUM(E130:V130) -> 75
B131: 2 | C131: 2. Prof. Dr. H. EGGI SUDJANA, S.H., M.Si. | E131: 3 | F131: 0 | G131: 0 | H131: 2 | I131: 0 | J131: 2 | K131: 1 | L131: 1 | M131: 0 | N131: 0 | O131: 0 | P131: 0 | Q131: 1 | R131: 0 | S131: 0 | T131: 2 | U131: 1 | V131: 0 | W131: =SUM(E131:V131) -> 13
B132: 3 | C132: 3. NURUL KHOTIMAH | E132: 0 | F132: 1 | G132: 1 | H132: 0 | I132: 0 | J132: 0 | K132: 0 | L132: 0 | M132: 0 | N132: 0 | O132: 0 | P132: 1 | Q132: 0 | R132: 2 | S132: 0 | T132: 3 | U132: 0 | V132: 0 | W132: =SUM(E132:V132) -> 8
B133: 4 | C133: 4. AKHMAD SUYANTO, S.T., M.T. | E133: 0 | F133: 0 | G133: 0 | H133: 1 | I133: 0 | J133: 0 | K133: 0 | L133: 0 | M133: 1 | N133: 0 | O133: 1 | P133: 0 | Q133: 0 | R133: 0 | S133: 0 | T133: 0 | U133: 0 | V133: 0 | W133: =SUM(E133:V133) -> 3
B134: 5 | C134: 5. PUJIYATNI | E134: 0 | F134: 0 | G134: 0 | H134: 0 | I134: 0 | J134: 1 | K134: 0 | L134: 0 | M134: 0 | N134: 0 | O134: 0 | P134: 0 | Q134: 0 | R134: 0 | S134: 1 | T134: 0 | U134: 1 | V134: 0 | W134: =SUM(E134:V134) -> 3
B135: 6 | C135: 6. HENI PURWATININGSIH | E135: 0 | F135: 0 | G135: 0 | H135: 0 | I135: 0 | J135: 0 | K135: 0 | L135: 0 | M135: 0 | N135: 0 | O135: 0 | P135: 0 | Q135: 0 | R135: 0 | S135: 0 | T135: 0 | U135: 1 | V135: 0 | W135: =SUM(E135:V135) -> 1
B136: 7 | C136: 7. MUHADI | E136: 0 | F136: 0 | G136: 0 | H136: 0 | I136: 0 | J136: 0 | K136: 0 | L136: 0 | M136: 0 | N136: 0 | O136: 0 | P136: 0 | Q136: 0 | R136: 0 | S136: 0 | T136: 0 | U136: 1 | V136: 0 | W136: =SUM(E136:V136) -> 1
...

Sheet BAYU
C2: Kecamatan
C3: Kabupaten | D3: BANYUWANGI
C4: Provinsi | D4: JAWA TIMUR
C9: Kelurahan
A12: I | B12: DATA PEMILIH DAN PENGGUNAAN HAK PILIH | AB12: JUMLAH AKHIR
A13: A | B13: DATA PEMILIH | E13: TPS 001 | F13: TPS 002 | G13: TPS 003 | H13: TPS 004 | I13: TPS 005 | J13: TPS 006 | K13: TPS 007 | L13: TPS 008 | M13: TPS 009 | N13: TPS 010 | O13: TPS 011 | P13: TPS 012 | Q13: TPS 013 | R13: TPS 014 | S13: TPS 015 | T13: TPS 016 | U13: TPS 017 | V13: TPS 018 | W13: TPS 019 | X13: TPS 020 | Y13: TPS 021 | Z13: TPS 022 | AA13: TPS 023
B14: Jumlah Pemilih dalam Daftar Pemilih Tetap (DPT) | D14: LK | E14: 109 | F14: 118 | G14: 129 | H14: 125 | I14: 117 | J14: 132 | K14: 139 | L14: 132 | M14: 137 | N14: 140 | O14: 139 | P14: 128 | Q14: 127 | R14: 131 | S14: 83 | T14: 133 | U14: 139 | V14: 149 | W14: 140 | X14: 152 | Y14: 150 | Z14: 150 | AA14: 147 | AB14: =SUM(E14:AA14) -> 3046
D15: PR | E15: 118 | F15: 140 | G15: 133 | H15: 136 | I15: 140 | J15: 123 | K15: 131 | L15: 146 | M15: 141 | N15: 148 | O15: 135 | P15: 134 | Q15: 123 | R15: 117 | S15: 94 | T15: 151 | U15: 147 | V15: 139 | W15: 151 | X15: 144 | Y15: 144 | Z15: 148 | AA15: 146 | AB15: =SUM(E15:AA15) -> 3129
D16: JML | E16: =SUM(E14:E15) -> 227 | F16: =SUM(F14:F15) -> 258 | G16: =SUM(G14:G15) -> 262 | H16: =SUM(H14:H15) -> 261 | I16: =SUM(I14:I15) -> 257 | J16: =SUM(J14:J15) -> 255 | K16: =SUM(K14:K15) -> 270 | L16: =SUM(L14:L15) -> 278 | ... AA16: =SUM(AA14:AA15) -> 293 | AB16: =SUM(E16:AA16) -> 6175
A18: B | B18: PENGGUNA HAK PILIH
B19: 1. | C19: Jumlah pengguna hak pilih dalam Daftar Pemilih Tetap (DPT) | D19: LK | E19: 95 | F19: 107 | G19: 92 | H19: 103 | I19: 96 | J19: 93 | K19: 100 | L19: 98 | M19: 94 | N19: 108 | O19: 97 | P19: 74 | Q19: 92 | R19: 100 | S19: 66 | T19: 83 | U19: 94 | V19: 103 | W19: 103 | X19: 122 | Y19: 117 | Z19: 121 | AA19: 108 | AB19: =SUM(E19:AA19) -> 2266
D20: PR | E20: 96 | F20: 87 | G20: 105 | H20: 107 | I20: 119 | J20: 106 | K20: 105 | L20: 117 | M20: 107 | N20: 120 | O20: 101 | P20: 88 | Q20: 93 | R20: 100 | S20: 81 | T20: 117 | U20: 116 | V20: 115 | W20: 120 | X20: 106 | Y20: 119 | Z20: 106 | AA20: 109 | AB20: =SUM(E20:AA20) -> 2440
D21: JML | E21: =SUM(E19:E20) -> 191 | F21: =SUM(F19:F20) -> 194 | G21: =SUM(G19:G20) -> 197 | H21: =SUM(H19:H20) -> 210 | I21: =SUM(I19:I20) -> 215 | J21: =SUM(J19:J20) -> 199 | K21: =SUM(K19:K20) -> 205 | L21: =SUM(L19:L20) -> 215 | ... AA21: =SUM(AA19:AA20) -> 217 | AB21: =SUM(E21:AA21) -> 4706
B22: 2. | C22: Jumlah pengguna hak pilih dalam Daftar Pemilih Tambahan (DPTb) | D22: LK | E22: 0 | F22: 0 | G22: 0 | H22: 0 | I22: 0 | J22: 0 | K22: 0 | L22: 0 | M22: 0 | N22: 0 | O22: 1 | P22: 0 | Q22: 0 | R22: 0 | S22: 0 | T22: 0 | U22: 0 | V22: 0 | W22: 0 | X22: 0 | Y22: 0 | Z22: 0 | AA22: 0 | AB22: =SUM(E22:AA22) -> 1
D23: PR | E23: 0 | F23: 0 | G23: 0 | H23: 0 | I23: 0 | J23: 0 | K23: 0 | L23: 0 | M23: 0 | N23: 0 | O23: 0 | P23: 0 | Q23: 0 | R23: 0 | S23: 0 | T23: 0 | U23: 0 | V23: 0 | W23: 0 | X23: 0 | Y23: 0 | Z23: 0 | AA23: 0 | AB23: =SUM(E23:AA23) -> 0
D24: JML | E24: =SUM(E22:E23) -> 0 | F24: =SUM(F22:F23) -> 0 | G24: =SUM(G22:G23) -> 0 | H24: =SUM(H22:H23) -> 0 | I24: =SUM(I22:I23) -> 0 | J24: =SUM(J22:J23) -> 0 | K24: =SUM(K22:K23) -> 0 | L24: =SUM(L22:L23) -> 0 | ... AA24: =SUM(AA22:AA23) -> 0 | AB24: =SUM(E24:AA24) -> 1
B25: 3. | C25: Jumlah pengguna hak pilih dalam Daftar Pemilih Khusus (DPK) | D25: LK | E25: 0 | F25: 0 | G25: 1 | H25: 3 | I25: 0 | J25: 0 | K25: 0 | L25: 0 | M25: 0 | N25: 0 | O25: 0 | P25: 0 | Q25: 0 | R25: 0 | S25: 1 | T25: 2 | U25: 1 | V25: 1 | W25: 0 | X25: 0 | Y25: 2 | Z25: 1 | AA25: 0 | AB25: =SUM(E25:AA25) -> 12
D26: PR | E26: 0 | F26: 0 | G26: 0 | H26: 1 | I26: 0 | J26: 0 | K26: 0 | L26: 1 | M26: 1 | N26: 1 | O26: 0 | P26: 0 | Q26: 0 | R26: 0 | S26: 1 | T26: 1 | U26: 0 | V26: 1 | W26: 1 | X26: 0 | Y26: 0 | Z26: 1 | AA26: 0 | AB26: =SUM(E26:AA26) -> 9
D27: JML | E27: =SUM(E25:E26) -> 0 | F27: =SUM(F25:F26) -> 0 | G27: =SUM(G25:G26) -> 1 | H27: =SUM(H25:H26) -> 4 | I27: =SUM(I25:I26) -> 0 | J27: =SUM(J25:J26) -> 0 | K27: =SUM(K25:K26) -> 0 | L27: =SUM(L25:L26) -> 1 | ... AA27: =SUM(AA25:AA26) -> 0 | AB27: =SUM(E27:AA27) -> 21
B28: 4. | C28: Jumlah Pengguna Hak Pilih (B.1+B.2+B.3) | D28: LK | E28: =SUM(E19,E22,E25) -> 95 | F28: =SUM(F19,F22,F25) -> 107 | G28: =SUM(G19,G22,G25) -> 93 | H28: =SUM(H19,H22,H25) -> 106 | I28: =SUM(I19,I22,I25) -> 96 | J28: =SUM(J19,J22,J25) -> 93 | K28: =SUM(K19,K22,K25) -> 100 | L28: =SUM(L19,L22,L25) -> 98 | ... AA28: =SUM(AA19,AA22,AA25) -> 108 | AB28: =SUM(E28:AA28) -> 2279
D29: PR | E29: =SUM(E20,E23,E26) -> 96 | F29: =SUM(F20,F23,F26) -> 87 | G29: =SUM(G20,G23,G26) -> 105 | H29: =SUM(H20,H23,H26) -> 108 | I29: =SUM(I20,I23,I26) -> 119 | J29: =SUM(J20,J23,J26) -> 106 | K29: =SUM(K20,K23,K26) -> 105 | L29: =SUM(L20,L23,L26) -> 118 | ... AA29: =SUM(AA20,AA23,AA26) -> 109 | AB29: =SUM(E29:AA29) -> 2449
D30: JML | E30: =SUM(E28:E29) -> 191 | F30: =SUM(F28:F29) -> 194 | G30: =SUM(G28:G29) -> 198 | H30: =SUM(H28:H29) -> 214 | I30: =SUM(I28:I29) -> 215 | J30: =SUM(J28:J29) -> 199 | K30: =SUM(K28:K29) -> 205 | L30: =SUM(L28:L29) -> 216 | ... AA30: =SUM(AA28:AA29) -> 217 | AB30: =SUM(E30:AA30) -> 4728
A32: II | B32: DATA PENGGUNAAN SURAT SUARA
A33: 1 | B33: Jumlah surat suara yang diterima, termasuk surat suara cadangan 2,5% dari DPT | E33: 222 | F33: 264 | G33: 270 | H33: 267 | I33: 263 | J33: 250 | K33: 276 | L33: 254 | M33: 284 | N33: 294 | O33: 280 | P33: 267 | Q33: 265 | R33: 243 | S33: 181 | T33: 290 | U33: 294 | V33: 285 | W33: 299 | X33: 293 | Y33: 301 | Z33: 273 | AA33: 299 | AB33: =SUM(E33:AA33) -> 6214
A34: 2 | B34: Jumlah surat suara yang digunakan | E34: 191 | F34: 194 | G34: 198 | H34: 214 | I34: 215 | J34: 199 | K34: 205 | L34: 216 | M34: 202 | N34: 229 | O34: 199 | P34: 162 | Q34: 185 | R34: 200 | S34: 149 | T34: 203 | U34: 211 | V34: 220 | W34: 224 | X34: 228 | Y34: 238 | Z34: 229 | AA34: 217 | AB34: =SUM(E34:AA34) -> 4728
A35: 3 | B35: Jumlah surat suara dikembalikan oleh pemilih (karena rusak atau keliru coblos) | E35: 0 | F35: 0 | G35: 2 | H35: 0 | I35: 1 | J35: 2 | K35: 0 | L35: 0 | M35: 0 | N35: 0 | O35: 0 | P35: 0 | Q35: 0 | R35: 0 | S35: 0 | T35: 0 | U35: 0 | V35: 0 | W35: 0 | X35: 0 | Y35: 0 | Z35: 0 | AA35: 1 | AB35: =SUM(E35:AA35) -> 6
A36: 4 | B36: Jumlah surat suara yang tidak digunakan/tidak terpakai, termasuk sisa surat suara cadangan | E36: =E33-(E34+E35) -> 31 | F36: =F33-(F34+F35) -> 70 | G36: =G33-(G34+G35) -> 70 | H36: =H33-(H34+H35) -> 53 | I36: =I33-(I34+I35) -> 47 | J36: =J33-(J34+J35) -> 49 | K36: =K33-(K34+K35) -> 71 | L36: =L33-(L34+L35) -> 38 | ... AA36: =AA33-(AA34+AA35) -> 81 | AB36: =SUM(E36:AA36) -> 1480
A38: III | B38: DATA PEMILIH DISABILITAS
B39: Jumlah seluruh Pemilih disabilitas yang menggunakan hak pilih | D39: LK | E39: 0 | F39: 0 | G39: 1 | H39: 0 | I39: 0 | J39: 0 | K39: 0 | L39: 0 | M39: 0 | N39: 0 | O39: 0 | P39: 0 | Q39: 0 | R39: 0 | S39: 0 | T39: 0 | V39: 0 | W39: 0 | X39: 0 | Y39: 0 | Z39: 0 | AA39: 0 | AB39: =SUM(E39:AA39) -> 1
D40: PR | E40: 0 | F40: 0 | G40: 0 | H40: 0 | I40: 0 | J40: 0 | K40: 0 | L40: 0 | M40: 0 | N40: 0 | O40: 0 | P40: 0 | Q40: 0 | R40: 0 | S40: 0 | T40: 0 | V40: 0 | W40: 0 | X40: 0 | Y40: 0 | Z40: 0 | AA40: 1 | AB40: =SUM(E40:AA40) -> 1
D41: JML | E41: =SUM(E39:E40) -> 0 | F41: =SUM(F39:F40) -> 0 | G41: =SUM(G39:G40) -> 1 | H41: =SUM(H39:H40) -> 0 | I41: =SUM(I39:I40) -> 0 | J41: =SUM(J39:J40) -> 0 | K41: =SUM(K39:K40) -> 0 | L41: =SUM(L39:L40) -> 0 | ... AA41: =SUM(AA39:AA40) -> 1 | AB41: =SUM(E41:AA41) -> 2
A43: IV | B43: DATA RINCIAN PEROLEHAN SUARA PASANGAN CALON BUPATI DAN WAKIL BUPATI
A44: NOMOR DAN NAMA CALON
A45: A.1 | B45: 1. | C45: Partai Kebangkitan Bangsa | E45: 2 | F45: 10 | G45: 4 | H45: 14 | I45: 13 | J45: 9 | K45: 3 | L45: 17 | M45: 8 | N45: 1 | O45: 2 | P45: 5 | Q45: 13 | R45: 5 | S45: 5 | T45: 12 | U45: 10 | V45: 15 | W45: 9 | X45: 5 | Y45: 6 | Z45: 9 | AA45: 7 | AB45: =SUM(E45:AA45) -> 184
A46: A.2 | B46: 1 | C46: 1. Dr. Hj. NIHAYATUL WAFIROH, M.A. | E46: 1 | F46: 21 | G46: 5 | H46: 21 | I46: 28 | J46: 8 | K46: 3 | L46: 9 | M46: 10 | N46: 8 | O46: 5 | P46: 11 | Q46: 13 | R46: 13 | S46: 5 | T46: 18 | U46: 22 | V46: 25 | W46: 16 | X46: 14 | Y46: 5 | Z46: 6 | AA46: 13 | AB46: =SUM(E46:AA46) -> 280
B47: 2 | C47: 2. H. M. NASIM KHAN | E47: 0 | F47: 2 | G47: 4 | H47: 8 | I47: 5 | J47: 0 | K47: 2 | L47: 6 | M47: 5 | N47: 0 | O47: 3 | P47: 6 | Q47: 5 | R47: 5 | S47: 4 | T47: 1 | U47: 4 | V47: 2 | W47: 2 | X47: 1 | Y47: 1 | Z47: 0 | AA47: 2 | AB47: =SUM(E47:AA47) -> 68
B48: 3 | C48: 3. Dr. H. AKIK ZAMAN, M.Pd.I. | E48: 1 | F48: 0 | G48: 0 | H48: 2 | I48: 2 | J48: 0 | K48: 1 | L48: 0 | M48: 3 | N48: 0 | O48: 2 | P48: 1 | Q48: 1 | R48: 1 | S48: 0 | T48: 0 | U48: 1 | V48: 1 | W48: 0 | X48: 0 | Y48: 0 | Z48: 0 | AA48: 0 | AB48: =SUM(E48:AA48) -> 16
B49: 4 | C49: 4. AHMAD RIFA'I, S.H. | E49: 1 | F49: 0 | G49: 0 | H49: 1 | I49: 3 | J49: 1 | K49: 2 | L49: 1 | M49: 2 | N49: 3 | O49: 0 | P49: 1 | Q49: 1 | R49: 0 | S49: 0 | U49: 0 | V49: 2 | W49: 1 | X49: 9 | Y49: 6 | Z49: 1 | AA49: 0 | AB49: =SUM(E49:AA49) -> 35
B50: 5 | C50: 5. Drs. H. MAHFUD M.N. | E50: 1 | F50: 1 | G50: 0 | H50: 0 | I50: 0 | J50: 0 | K50: 0 | L50: 0 | M50: 0 | N50: 0 | O50: 0 | P50: 0 | Q50: 1 | R50: 0 | S50: 1 | U50: 1 | V50: 1 | W50: 0 | X50: 0 | Y50: 0 | Z50: 1 | AA50: 1 | AB50: =SUM(E50:AA50) -> 8
B51: 6 | C51: 6. NURHAYATI, S.Pd. | E51: 0 | G51: 0 | H51: 0 | I51: 0 | J51: 0 | K51: 0 | L51: 0 | M51: 1 | N51: 0 | O51: 1 | P51: 0 | Q51: 0 | R51: 0 | S51: 0 | V51: 0 | W51: 0 | X51: 0 | Y51: 1 | Z51: 1 | AA51: 0 | AB51: =SUM(E51:AA51) -> 4
B52: 7 | C52: 7. MAFTUHA KISWAH | E52: 0 | G52: 0 | H52: 0 | I52: 0 | J52: 0 | K52: 0 | L52: 0 | M52: 0 | N52: 0 | O52: 0 | P52: 0 | Q52: 0 | R52: 0 | S52: 0 | V52: 0 | W52: 0 | X52: 0 | Z52: 1 | AA52: 0 | AB52: =SUM(E52:AA52) -> 1
A55: B | B55: JUMLAH SUARA SAH PARTAI POLITIK DAN CALON (A1 + A2) | E55: =SUM(E45:E52) -> 6 | F55: =SUM(F45:F52) -> 34 | G55: =SUM(G45:G52) -> 13 | H55: =SUM(H45:H52) -> 46 | I55: =SUM(I45:I52) -> 51 | J55: =SUM(J45:J52) -> 18 | K55: =SUM(K45:K52) -> 11 | L55: =SUM(L45:L52) -> 33 | ... AA55: =SUM(AA45:AA52) -> 23 | AB55: =SUM(E55:AA55) -> 596
A57: A.1 | B57: 2. | C57: Partai Gerakan Indonesia Raya | E57: 18 | F57: 10 | G57: 12 | H57: 14 | I57: 12 | J57: 14 | K57: 6 | L57: 12 | M57: 10 | N57: 6 | O57: 13 | P57: 10 | Q57: 8 | R57: 8 | S57: 18 | T57: 9 | U57: 9 | V57: 3 | W57: 10 | X57: 14 | Y57: 19 | Z57: 21 | AA57: 12 | AB57: =SUM(E57:AA57) -> 268
A58: A.2 | B58: 1 | C58: 1. SUMAIL ABDULLAH | E58: 8 | F58: 2 | G58: 3 | H58: 9 | I58: 8 | J58: 4 | K58: 9 | L58: 13 | M58: 7 | N58: 12 | O58: 7 | P58: 7 | Q58: 6 | R58: 5 | S58: 5 | T58: 6 | U58: 5 | V58: 3 | W58: 0 | X58: 4 | Y58: 2 | Z58: 3 | AA58: 4 | AB58: =SUM(E58:AA58) -> 132
B59: 2 | C59: 2. MUHAMMAD ALI ADRIAN SALEH | E59: 5 | F59: 3 | G59: 3 | H59: 6 | I59: 5 | J59: 1 | K59: 3 | L59: 6 | M59: 11 | N59: 10 | O59: 7 | P59: 5 | Q59: 4 | R59: 6 | S59: 7 | T59: 2 | U59: 2 | V59: 1 | W59: 1 | X59: 4 | Y59: 4 | Z59: 2 | AA59: 1 | AB59: =SUM(E59:AA59) -> 99
B60: 3 | C60: 3. DURROTUN NAFISAH | E60: 7 | F60: 0 | G60: 1 | H60: 3 | I60: 1 | J60: 0 | K60: 0 | L60: 9 | M60: 15 | N60: 1 | O60: 1 | P60: 1 | Q60: 1 | R60: 2 | S60: 2 | T60: 1 | V60: 0 | W60: 2 | X60: 0 | Y60: 1 | Z60: 0 | AA60: 1 | AB60: =SUM(E60:AA60) -> 49
B61: 4 | C61: 4. H. EKO SUSILO NURHIDAYAT | E61: 0 | F61: 0 | G61: 0 | H61: 2 | I61: 1 | J61: 2 | K61: 1 | L61: 3 | M61: 0 | N61: 1 | O61: 0 | P61: 2 | Q61: 0 | R61: 1 | S61: 3 | T61: 2 | V61: 0 | W61: 0 | X61: 1 | Y61: 3 | Z61: 0 | AA61: 0 | AB61: =SUM(E61:AA61) -> 22
B62: 5 | C62: 5. KARNADI HARIJANTO, S.S. | E62: 2 | F62: 0 | G62: 0 | H62: 1 | I62: 1 | J62: 1 | K62: 0 | L62: 0 | M62: 0 | N62: 0 | O62: 0 | P62: 0 | R62: 0 | S62: 0 | V62: 0 | W62: 0 | X62: 0 | Z62: 0 | AA62: 0 | AB62: =SUM(E62:AA62) -> 5
B63: 6 | C63: 6. NURHAYATI | E63: 1 | F63: 1 | G63: 0 | H63: 2 | I63: 0 | J63: 0 | K63: 0 | L63: 4 | M63: 2 | N63: 0 | O63: 1 | P63: 0 | R63: 0 | S63: 1 | V63: 0 | W63: 1 | X63: 1 | Z63: 1 | AA63: 0 | AB63: =SUM(E63:AA63) -> 15
B64: 7 | C64: 7. MASHUDI | E64: 0 | F64: 0 | G64: 0 | H64: 0 | I64: 0 | J64: 0 | K64: 0 | L64: 3 | M64: 0 | N64: 3 | O64: 0 | P64: 0 | Q64: 1 | R64: 0 | S64: 1 | V64: 0 | W64: 0 | X64: 0 | Z64: 1 | AA64: 1 | AB64: =SUM(E64:AA64) -> 10
A67: B | B67: JUMLAH SUARA SAH PARTAI POLITIK DAN CALON (A1 + A2) | E67: =SUM(E57:E64) -> 41 | F67: =SUM(F57:F64) -> 16 | G67: =SUM(G57:G64) -> 19 | H67: =SUM(H57:H64) -> 37 | I67: =SUM(I57:I64) -> 28 | J67: =SUM(J57:J64) -> 22 | K67: =SUM(K57:K64) -> 19 | L67: =SUM(L57:L64) -> 50 | ... AA67: =SUM(AA57:AA64) -> 19 | AB67: =SUM(E67:AA67) -> 600
A69: A.1 | B69: 3. | C69: Partai Demokrasi Indonesia Perjuangan | E69: 4 | F69: 11 | G69: 26 | H69: 9 | I69: 18 | J69: 8 | K69: 13 | L69: 19 | M69: 8 | N69: 6 | O69: 4 | P69: 2 | Q69: 7 | R69: 3 | S69: 7 | T69: 25 | U69: 23 | V69: 12 | W69: 14 | X69: 12 | Y69: 15 | Z69: 12 | AA69: 8 | AB69: =SUM(E69:AA69) -> 266
A70: A.2 | B70: 1 | C70: 1. SONNY TRI DANAPARAMITA, S.H., M.H. | E70: 6 | F70: 5 | G70: 16 | H70: 10 | I70: 8 | J70: 9 | K70: 8 | L70: 14 | M70: 11 | N70: 6 | O70: 7 | P70: 4 | Q70: 4 | R70: 2 | S70: 10 | T70: 26 | U70: 33 | V70: 1 | W70: 0 | X70: 6 | Y70: 7 | Z70: 2 | AA70: 3 | AB70: =SUM(E70:AA70) -> 198
B71: 2 | C71: 2. H. MOHAMAD GUNTUR ROMLI | E71: 4 | F71: 1 | G71: 0 | H71: 3 | I71: 1 | J71: 3 | K71: 6 | L71: 6 | M71: 1 | N71: 4 | O71: 3 | P71: 4 | Q71: 4 | R71: 1 | S71: 2 | T71: 1 | U71: 1 | V71: 1 | W71: 4 | X71: 3 | Y71: 3 | Z71: 0 | AA71: 0 | AB71: =SUM(E71:AA71) -> 56
B72: 3 | C72: 3. INA AMMANIA | E72: 1 | F72: 3 | G72: 3 | H72: 0 | I72: 2 | J72: 1 | K72: 5 | L72: 2 | M72: 2 | N72: 2 | O72: 0 | P72: 4 | Q72: 3 | R72: 0 | S72: 2 | U72: 2 | V72: 46 | W72: 59 | X72: 30 | Y72: 4 | Z72: 3 | AA72: 7 | AB72: =SUM(E72:AA72) -> 181
B73: 4 | C73: 4. IRWAN BACHTIAR RACHMAT, M.Si. | E73: 1 | F73: 4 | G73: 7 | H73: 7 | I73: 0 | J73: 3 | K73: 6 | L73: 0 | M73: 1 | N73: 0 | O73: 2 | P73: 0 | Q73: 0 | R73: 1 | S73: 1 | T73: 1 | U73: 1 | V73: 1 | W73: 4 | X73: 1 | Y73: 1 | Z73: 4 | AA73: 2 | AB73: =SUM(E73:AA73) -> 48
B74: 5 | C74: 5. LUCKY PERDANA | E74: 2 | F74: 2 | G74: 1 | H74: 3 | I74: 1 | J74: 1 | K74: 1 | L74: 1 | M74: 1 | N74: 1 | O74: 3 | P74: 0 | R74: 0 | S74: 2 | U74: 5 | V74: 2 | W74: 2 | X74: 2 | Y74: 2 | Z74: 3 | AA74: 1 | AB74: =SUM(E74:AA74) -> 36
B75: 6 | C75: 6. WIWIK PUJIYATI | E75: 4 | F75: 0 | G75: 0 | H75: 1 | I75: 0 | J75: 0 | K75: 5 | L75: 0 | M75: 3 | N75: 4 | O75: 1 | P75: 0 | Q75: 1 | R75: 0 | S75: 3 | V75: 2 | W75: 0 | X75: 1 | Y75: 4 | Z75: 0 | AA75: 1 | AB75: =SUM(E75:AA75) -> 30
B76: 7 | C76: 7. CHANDRA ASTAN, S.T. | E76: 1 | F76: 1 | G76: 1 | H76: 0 | I76: 4 | J76: 2 | K76: 0 | L76: 0 | M76: 1 | N76: 2 | O76: 0 | P76: 2 | Q76: 1 | R76: 0 | S76: 1 | V76: 2 | W76: 0 | X76: 1 | Z76: 0 | AA76: 0 | AB76: =SUM(E76:AA76) -> 19
A79: B | B79: JUMLAH SUARA SAH PARTAI POLITIK DAN CALON (A1 + A2) | E79: =SUM(E69:E76) -> 23 | F79: =SUM(F69:F76) -> 27 | G79: =SUM(G69:G76) -> 54 | H79: =SUM(H69:H76) -> 33 | I79: =SUM(I69:I76) -> 34 | J79: =SUM(J69:J76) -> 27 | K79: =SUM(K69:K76) -> 44 | L79: =SUM(L69:L76) -> 42 | ... AA79: =SUM(AA69:AA76) -> 22 | AB79: =SUM(E79:AA79) -> 834
A81: A.1 | B81: 4. | C81: Partai Golongan Karya | E81: 2 | F81: 4 | G81: 6 | H81: 4 | I81: 5 | J81: 6 | K81: 8 | L81: 0 | M81: 2 | N81: 2 | O81: 3 | P81: 2 | Q81: 5 | R81: 5 | S81: 7 | T81: 15 | U81: 7 | V81: 9 | W81: 4 | X81: 5 | Y81: 5 | Z81: 11 | AA81: 15 | AB81: =SUM(E81:AA81) -> 132
A82: A.2 | B82: 1 | C82: 1. ZULFIKAR ARSE SADIKIN, S.I.P., M.Si. | E82: 2 | F82: 3 | G82: 1 | H82: 1 | I82: 3 | J82: 5 | K82: 9 | L82: 6 | M82: 0 | N82: 0 | O82: 7 | P82: 1 | Q82: 1 | R82: 7 | S82: 14 | T82: 9 | U82: 8 | V82: 11 | W82: 7 | X82: 10 | Y82: 2 | Z82: 22 | AA82: 24 | AB82: =SUM(E82:AA82) -> 153
B83: 2 | C83: 2. HANDOKO | E83: 29 | F83: 36 | G83: 28 | H83: 9 | I83: 12 | J83: 10 | K83: 11 | L83: 10 | M83: 2 | N83: 15 | O83: 5 | P83: 17 | Q83: 29 | R83: 79 | S83: 31 | T83: 17 | U83: 18 | V83: 37 | W83: 18 | X83: 45 | Y83: 41 | Z83: 49 | AA83: 57 | AB83: =SUM(E83:AA83) -> 605
B84: 3 | C84: 3. Hj. OVI DEWI YANTI | E84: 0 | F84: 2 | G84: 0 | H84: 0 | I84: 1 | J84: 2 | K84: 0 | L84: 0 | M84: 1 | N84: 0 | O84: 0 | P84: 1 | Q84: 0 | R84: 0 | S84: 0 | T84: 1 | V84: 0 | W84: 0 | X84: 0 | Y84: 0 | Z84: 2 | AA84: 0 | AB84: =SUM(E84:AA84) -> 10
B85: 4 | C85: 4. Ir. AZAM AZMAN NATAWIJANA | E85: 0 | F85: 0 | G85: 1 | H85: 0 | I85: 0 | J85: 0 | K85: 0 | L85: 0 | M85: 1 | N85: 0 | O85: 1 | P85: 0 | R85: 0 | S85: 1 | T85: 2 | V85: 0 | W85: 0 | X85: 2 | Y85: 2 | Z85: 0 | AA85: 1 | AB85: =SUM(E85:AA85) -> 11
B86: 5 | C86: 5. UBAIDILLAH AMIN, S.Kom. | E86: 0 | F86: 0 | G86: 0 | H86: 0 | I86: 0 | J86: 0 | K86: 1 | L86: 1 | M86: 0 | N86: 0 | O86: 0 | P86: 0 | R86: 0 | S86: 0 | T86: 3 | V86: 1 | W86: 0 | X86: 0 | Z86: 0 | AA86: 0 | AB86: =SUM(E86:AA86) -> 6
B87: 6 | C87: 6. DENNY YUNIANDARI, S.H., M.Kn. | E87: 0 | F87: 1 | G87: 0 | H87: 0 | I87: 0 | J87: 0 | K87: 0 | L87: 0 | M87: 0 | N87: 1 | O87: 0 | P87: 0 | R87: 0 | S87: 0 | V87: 0 | W87: 0 | X87: 0 | Z87: 0 | AA87: 2 | AB87: =SUM(E87:AA87) -> 4
B88: 7 | C88: 7. ERNADI, S.H.I. | E88: 0 | F88: 0 | G88: 0 | H88: 0 | I88: 0 | J88: 0 | K88: 0 | L88: 0 | M88: 1 | N88: 0 | O88: 0 | P88: 0 | R88: 0 | S88: 0 | V88: 0 | W88: 0 | X88: 0 | Y88: 1 | Z88: 1 | AA88: 0 | AB88: =SUM(E88:AA88) -> 3
A91: B | B91: JUMLAH SUARA SAH PARTAI POLITIK DAN CALON (A1 + A2) | E91: =SUM(E81:E88) -> 33 | F91: =SUM(F81:F88) -> 46 | G91: =SUM(G81:G88) -> 36 | H91: =SUM(H81:H88) -> 14 | I91: =SUM(I81:I88) -> 21 | J91: =SUM(J81:J88) -> 23 | K91: =SUM(K81:K88) -> 29 | L91: =SUM(L81:L88) -> 17 | ... AA91: =SUM(AA81:AA88) -> 99 | AB91: =SUM(E91:AA91) -> 924
A93: A.1 | B93: 5. | C93: Partai NasDem | E93: 1 | F93: 0 | G93: 2 | H93: 0 | I93: 2 | J93: 7 | K93: 4 | L93: 1 | M93: 3 | N93: 2 | O93: 4 | P93: 2 | Q93: 1 | R93: 5 | S93: 1 | T93: 1 | U93: 4 | V93: 1 | W93: 2 | X93: 0 | Y93: 5 | Z93: 1 | AA93: 2 | AB93: =SUM(E93:AA93) -> 51
A94: A.2 | B94: 1 | C94: 1. ACH. FADIL MUZAKKI SYAH | E94: 1 | F94: 0 | G94: 0 | H94: 3 | I94: 1 | J94: 2 | K94: 0 | L94: 3 | M94: 1 | N94: 1 | O94: 3 | P94: 1 | Q94: 1 | R94: 5 | S94: 1 | T94: 1 | U94: 1 | V94: 1 | W94: 0 | X94: 0 | Y94: 4 | Z94: 4 | AA94: 3 | AB94: =SUM(E94:AA94) -> 37
B95: 2 | C95: 2. BENY | E95: 0 | F95: 0 | G95: 0 | H95: 1 | I95: 1 | J95: 0 | K95: 0 | L95: 1 | M95: 1 | N95: 0 | O95: 0 | P95: 1 | Q95: 1 | R95: 2 | S95: 1 | T95: 0 | V95: 0 | W95: 1 | X95: 2 | Y95: 2 | Z95: 0 | AA95: 0 | AB95: =SUM(E95:AA95) -> 14
B96: 3 | C96: 3. VINA VERONIKA | E96: 0 | F96: 0 | G96: 0 | H96: 0 | I96: 0 | J96: 2 | K96: 1 | L96: 2 | M96: 1 | N96: 0 | O96: 0 | P96: 0 | Q96: 1 | R96: 0 | S96: 0 | V96: 0 | W96: 0 | X96: 0 | Y96: 0 | Z96: 0 | AA96: 0 | AB96: =SUM(E96:AA96) -> 7
B97: 4 | C97: 4. TEDDY ANUGRIANTO | E97: 0 | F97: 0 | G97: 0 | H97: 1 | I97: 0 | J97: 0 | K97: 2 | L97: 1 | M97: 2 | N97: 2 | O97: 7 | P97: 0 | Q97: 3 | R97: 0 | T97: 1 | V97: 0 | W97: 1 | X97: 1 | Y97: 2 | Z97: 0 | AA97: 0 | AB97: =SUM(E97:AA97) -> 23
B98: 5 | C98: 5. INSAN KAMIL | E98: 0 | F98: 0 | G98: 1 | H98: 0 | I98: 0 | J98: 0 | K98: 0 | L98: 0 | M98: 0 | N98: 0 | O98: 0 | P98: 0 | Q98: 0 | R98: 0 | V98: 0 | W98: 0 | X98: 0 | Z98: 0 | AA98: 0 | AB98: =SUM(E98:AA98) -> 1
B99: 6 | C99: 6. LILIK LINDARWATI | E99: 0 | F99: 0 | G99: 0 | H99: 0 | I99: 0 | J99: 1 | K99: 1 | L99: 1 | M99: 0 | N99: 0 | O99: 1 | P99: 1 | Q99: 1 | R99: 1 | U99: 1 | V99: 1 | W99: 0 | X99: 0 | Y99: 1 | Z99: 0 | AA99: 0 | AB99: =SUM(E99:AA99) -> 10
B100: 7 | C100: 7. YULI ANITA | E100: 1 | F100: 1 | G100: 0 | H100: 0 | I100: 0 | J100: 4 | K100: 1 | L100: 0 | M100: 0 | N100: 0 | O100: 0 | P100: 0 | Q100: 0 | R100: 0 | V100: 0 | W100: 0 | X100: 0 | Z100: 0 | AA100: 0 | AB100: =SUM(E100:AA100) -> 7
E101: 3 | F101: 1 | G101: 3 | H101: 5 | I101: 4 | J101: 16 | K101: 9 | L101: 9 | M101: 8 | N101: 5 | O101: 15 | P101: 5 | Q101: 8 | R101: 13 | S101: 3
A103: B | B103: JUMLAH SUARA SAH PARTAI POLITIK DAN CALON (A1 + A2) | E103: =SUM(E93:E100) -> 3 | F103: =SUM(F93:F100) -> 1 | G103: =SUM(G93:G100) -> 3 | H103: =SUM(H93:H100) -> 5 | I103: =SUM(I93:I100) -> 4 | J103: =SUM(J93:J100) -> 16 | K103: =SUM(K93:K100) -> 9 | L103: =SUM(L93:L100) -> 9 | ... AA103: =SUM(AA93:AA100) -> 5 | AB103: =SUM(E103:AA103) -> 150
A105: A.1 | B105: 6. | C105: Partai Buruh | E105: 1 | F105: 0 | G105: 1 | H105: 1 | I105: 1 | J105: 3 | K105: 4 | L105: 0 | M105: 0 | N105: 1 | O105: 0 | P105: 0 | Q105: 0 | R105: 0 | S105: 0 | V105: 0 | W105: 0 | X105: 0 | Z105: 2 | AA105: 2 | AB105: =SUM(E105:AA105) -> 16
A106: A.2 | B106: 1 | C106: 1. KHOIRUL ANAM | E106: 0 | F106: 0 | G106: 0 | H106: 0 | I106: 0 | J106: 1 | K106: 0 | L106: 1 | M106: 2 | N106: 0 | O106: 0 | P106: 0 | R106: 0 | S106: 0 | T106: 1 | V106: 0 | W106: 0 | X106: 0 | Z106: 0 | AA106: 0 | AB106: =SUM(E106:AA106) -> 5
B107: 2 | C107: 2. INA KURNIA | E107: 1 | F107: 0 | G107: 0 | H107: 0 | I107: 0 | J107: 0 | K107: 2 | L107: 0 | M107: 0 | N107: 0 | O107: 0 | P107: 0 | R107: 0 | S107: 0 | V107: 0 | W107: 0 | X107: 0 | Y107: 1 | Z107: 0 | AA107: 0 | AB107: =SUM(E107:AA107) -> 4
B108: 3 | C108: 3. JIBRAL TAROUK | E108: 0 | F108: 0 | G108: 0 | H108: 0 | I108: 0 | J108: 0 | K108: 0 | L108: 0 | N108: 0 | O108: 0 | P108: 0 | R108: 0 | S108: 0 | V108: 1 | W108: 0 | X108: 0 | Z108: 0 | AA108: 0 | AB108: =SUM(E108:AA108) -> 1
B109: 4 | C109: 4. ASTUTI DAENG PUJI | E109: 0 | F109: 0 | G109: 0 | H109: 0 | I109: 0 | J109: 0 | K109: 0 | L109: 1 | N109: 0 | O109: 0 | P109: 0 | R109: 0 | S109: 0 | V109: 0 | W109: 0 | X109: 0 | Z109: 0 | AA109: 0 | AB109: =SUM(E109:AA109) -> 1
B110: 5 | C110: 5. ASDARMAWAN | E110: 0 | F110: 0 | G110: 0 | H110: 0 | I110: 0 | J110: 0 | K110: 0 | L110: 0 | N110: 0 | O110: 0 | P110: 0 | R110: 0 | S110: 0 | V110: 0 | W110: 0 | X110: 0 | Z110: 0 | AA110: 0 | AB110: =SUM(E110:AA110) -> 0
B111: 6 | C111: 6. RIFQI MUBAROK | E111: 0 | F111: 0 | G111: 0 | H111: 0 | I111: 0 | J111: 0 | K111: 0 | L111: 1 | N111: 0 | O111: 0 | P111: 0 | R111: 0 | S111: 0 | V111: 0 | W111: 0 | X111: 0 | Z111: 0 | AA111: 0 | AB111: =SUM(E111:AA111) -> 1
B112: 7 | C112: 7. FIRNANDA ALTA MEGA | E112: 0 | F112: 0 | G112: 0 | H112: 0 | I112: 0 | J112: 0 | K112: 1 | L112: 0 | N112: 0 | O112: 0 | P112: 0 | R112: 0 | S112: 0 | V112: 0 | W112: 0 | X112: 0 | Z112: 0 | AA112: 0 | AB112: =SUM(E112:AA112) -> 1
A115: B | B115: JUMLAH SUARA SAH PARTAI POLITIK DAN CALON (A1 + A2) | E115: =SUM(E105:E112) -> 2 | F115: =SUM(F105:F112) -> 0 | G115: =SUM(G105:G112) -> 1 | H115: =SUM(H105:H112) -> 1 | I115: =SUM(I105:I112) -> 1 | J115: =SUM(J105:J112) -> 4 | K115: =SUM(K105:K112) -> 7 | L115: =SUM(L105:L112) -> 3 | ... AA115: =SUM(AA105:AA112) -> 2 | AB115: =SUM(E115:AA115) -> 29
A117: A.1 | B117: 7. | C117: Partai Gelombang Rakyat Indonesia | E117: 0 | F117: 0 | G117: 1 | H117: 0 | I117: 1 | J117: 1 | K117: 0 | L117: 0 | M117: 0 | N117: 0 | O117: 0 | P117: 0 | Q117: 1 | R117: 0 | S117: 1 | U117: 1 | V117: 0 | W117: 0 | X117: 0 | Y117: 1 | Z117: 1 | AA117: 1 | AB117: =SUM(E117:AA117) -> 9
A118: A.2 | B118: 1 | C118: 1. TITI WIDORETNO WARISMAN | E118: 0 | F118: 0 | G118: 0 | H118: 0 | I118: 0 | J118: 2 | K118: 0 | L118: 0 | N118: 1 | O118: 0 | P118: 0 | R118: 1 | S118: 0 | V118: 0 | W118: 0 | X118: 0 | Y118: 0 | Z118: 0 | AA118: 3 | AB118: =SUM(E118:AA118) -> 7
B119: 2 | C119: 2. MAMIEK SETYANINGSIH | E119: 0 | F119: 0 | G119: 0 | H119: 0 | I119: 0 | J119: 0 | K119: 0 | L119: 0 | N119: 0 | O119: 0 | P119: 0 | Q119: 1 | R119: 0 | S119: 0 | V119: 0 | W119: 0 | X119: 0 | Y119: 1 | Z119: 0 | AA119: 0 | AB119: =SUM(E119:AA119) -> 2
B120: 3 | C120: 3. ROMIL AZIZEN | E120: 1 | F120: 0 | G120: 0 | H120: 0 | I120: 0 | J120: 0 | K120: 0 | L120: 0 | N120: 0 | O120: 0 | P120: 0 | R120: 0 | S120: 0 | V120: 0 | W120: 0 | X120: 0 | Z120: 0 | AA120: 0 | AB120: =SUM(E120:AA120) -> 1
A127: B | B127: JUMLAH SUARA SAH PARTAI POLITIK DAN CALON (A1 + A2) | E127: =SUM(E117:E120) -> 1 | F127: =SUM(F117:F120) -> 0 | G127: =SUM(G117:G120) -> 1 | H127: =SUM(H117:H120) -> 0 | I127: =SUM(I117:I120) -> 1 | J127: =SUM(J117:J120) -> 3 | K127: =SUM(K117:K120) -> 0 | L127: =SUM(L117:L120) -> 0 | ... AA127: =SUM(AA117:AA120) -> 4 | AB127: =SUM(E127:AA127) -> 19
A129: A.1 | B129: 8. | C129: Partai Keadilan Sejahtera | E129: 0 | F129: 0 | G129: 2 | H129: 2 | I129: 0 | J129: 0 | K129: 0 | L129: 0 | M129: 1 | N129: 2 | O129: 1 | P129: 0 | Q129: 0 | R129: 2 | S129: 1 | U129: 2 | V129: 0 | W129: 0 | X129: 0 | Y129: 1 | Z129: 0 | AA129: 0 | AB129: =SUM(E129:AA129) -> 14
A130: A.2 | B130: 1 | C130: 1. H. SAIMI SALEH, S.E., M.M. | E130: 0 | F130: 0 | G130: 2 | H130: 0 | I130: 0 | J130: 1 | K130: 0 | L130: 0 | M130: 15 | N130: 61 | O130: 0 | P130: 4 | Q130: 2 | R130: 1 | S130: 0 | U130: 2 | V130: 0 | W130: 1 | X130: 0 | Z130: 0 | AA130: 0 | AB130: =SUM(E130:AA130) -> 89
B131: 2 | C131: 2. Prof. Dr. H. EGGI SUDJANA, S.H., M.Si. | E131: 0 | F131: 0 | G131: 0 | H131: 0 | I131: 0 | J131: 0 | K131: 0 | L131: 0 | M131: 1 | N131: 0 | O131: 0 | P131: 0 | R131: 0 | S131: 0 | T131: 1 | V131: 0 | W131: 1 | X131: 0 | Z131: 1 | AA131: 0 | AB131: =SUM(E131:AA131) -> 4
B132: 3 | C132: 3. NURUL KHOTIMAH | E132: 1 | F132: 0 | G132: 0 | H132: 0 | I132: 0 | J132: 0 | K132: 0 | L132: 0 | M132: 0 | N132: 0 | O132: 0 | P132: 0 | Q132: 1 | R132: 0 | S132: 0 | V132: 0 | W132: 0 | X132: 0 | Z132: 0 | AA132: 0 | AB132: =SUM(E132:AA132) -> 2
B133: 4 | C133: 4. AKHMAD SUYANTO, S.T., M.T. | E133: 0 | F133: 0 | G133: 0 | H133: 0 | I133: 0 | J133: 0 | K133: 0 | L133: 0 | N133: 0 | O133: 0 | P133: 0 | R133: 0 | S133: 0 | V133: 0 | W133: 0 | X133: 0 | Z133: 0 | AA133: 0 | AB133: =SUM(E133:AA133) -> 0
B134: 5 | C134: 5. PUJIYATNI | E134: 0 | F134: 0 | G134: 0 | H134: 0 | I134: 0 | J134: 0 | K134: 0 | L134: 0 | N134: 0 | O134: 0 | P134: 0 | R134: 0 | S134: 0 | V134: 0 | W134: 0 | X134: 0 | Z134: 0 | AA134: 0 | AB134: =SUM(E134:AA134) -> 0
B135: 6 | C135: 6. HENI PURWATININGSIH | E135: 0 | F135: 0 | G135: 0 | H135: 0 | I135: 0 | J135: 0 | K135: 0 | L135: 0 | N135: 0 | O135: 0 | P135: 0 | R135: 0 | S135: 0 | V135: 0 | W135: 0 | X135: 0 | Z135: 0 | AA135: 0 | AB135: =SUM(E135:AA135) -> 0
...

Sheet SUMBERARUM
C2: Kecamatan
C3: Kabupaten | D3: BANYUWANGI
C4: Provinsi | D4: JAWA TIMUR
C9: Kelurahan
A12: I | B12: DATA PEMILIH DAN PENGGUNAAN HAK PILIH | X12: JUMLAH AKHIR
A13: A | B13: DATA PEMILIH | E13: TPS 001 | F13: TPS 002 | G13: TPS 003 | H13: TPS 004 | I13: TPS 005 | J13: TPS 006 | K13: TPS 007 | L13: TPS 008 | M13: TPS 009 | N13: TPS 010 | O13: TPS 011 | P13: TPS 012 | Q13: TPS 013 | R13: TPS 014 | S13: TPS 015 | T13: TPS 016 | U13: TPS 017 | V13: TPS 018 | W13: TPS 019
B14: Jumlah Pemilih dalam Daftar Pemilih Tetap (DPT) | D14: LK | E14: 141 | F14: 142 | G14: 143 | H14: 153 | I14: 149 | J14: 150 | K14: 144 | L14: 146 | M14: 145 | N14: 141 | O14: 79 | P14: 83 | Q14: 82 | R14: 83 | S14: 141 | T14: 129 | U14: 154 | V14: 101 | W14: 141 | X14: =SUM(E14:W14) -> 2447
D15: PR | E15: 141 | F15: 154 | G15: 147 | H15: 140 | I15: 142 | J15: 145 | K15: 148 | L15: 150 | M15: 149 | N15: 127 | O15: 84 | P15: 90 | Q15: 87 | R15: 89 | S15: 151 | T15: 157 | U15: 145 | V15: 112 | W15: 155 | X15: =SUM(E15:W15) -> 2513
D16: JML | E16: =SUM(E14:E15) -> 282 | F16: =SUM(F14:F15) -> 296 | G16: =SUM(G14:G15) -> 290 | H16: =SUM(H14:H15) -> 293 | I16: =SUM(I14:I15) -> 291 | J16: =SUM(J14:J15) -> 295 | K16: =SUM(K14:K15) -> 292 | L16: =SUM(L14:L15) -> 296 | ... W16: =SUM(W14:W15) -> 296 | X16: =SUM(E16:W16) -> 4960
A18: B | B18: PENGGUNA HAK PILIH
B19: 1. | C19: Jumlah pengguna hak pilih dalam Daftar Pemilih Tetap (DPT) | D19: LK | E19: 104 | F19: 109 | G19: 106 | H19: 110 | I19: 113 | J19: 117 | K19: 95 | L19: 120 | M19: 117 | N19: 102 | O19: 63 | P19: 64 | Q19: 69 | R19: 70 | S19: 123 | T19: 98 | U19: 119 | V19: 78 | W19: 83 | X19: =SUM(E19:W19) -> 1860
D20: PR | E20: 115 | F20: 123 | G20: 123 | H20: 116 | I20: 120 | J20: 112 | K20: 110 | L20: 122 | M20: 116 | N20: 101 | O20: 72 | P20: 79 | Q20: 73 | R20: 80 | S20: 136 | T20: 128 | U20: 108 | V20: 89 | W20: 104 | X20: =SUM(E20:W20) -> 2027
D21: JML | E21: =SUM(E19:E20) -> 219 | F21: =SUM(F19:F20) -> 232 | G21: =SUM(G19:G20) -> 229 | H21: =SUM(H19:H20) -> 226 | I21: =SUM(I19:I20) -> 233 | J21: =SUM(J19:J20) -> 229 | K21: =SUM(K19:K20) -> 205 | L21: =SUM(L19:L20) -> 242 | ... W21: =SUM(W19:W20) -> 187 | X21: =SUM(E21:W21) -> 3887
B22: 2. | C22: Jumlah pengguna hak pilih dalam Daftar Pemilih Tambahan (DPTb) | D22: LK | E22: 0 | F22: 0 | G22: 0 | H22: 0 | I22: 0 | J22: 0 | K22: 0 | L22: 0 | M22: 0 | N22: 0 | O22: 0 | P22: 0 | Q22: 0 | R22: 0 | S22: 0 | T22: 0 | U22: 1 | V22: 0 | W22: 0 | X22: =SUM(E22:W22) -> 1
D23: PR | E23: 0 | F23: 0 | G23: 0 | H23: 0 | I23: 0 | J23: 0 | K23: 0 | L23: 0 | M23: 0 | N23: 0 | O23: 0 | P23: 0 | Q23: 0 | R23: 0 | S23: 0 | T23: 0 | U23: 1 | V23: 0 | W23: 0 | X23: =SUM(E23:W23) -> 1
D24: JML | E24: =SUM(E22:E23) -> 0 | F24: =SUM(F22:F23) -> 0 | G24: =SUM(G22:G23) -> 0 | H24: =SUM(H22:H23) -> 0 | I24: =SUM(I22:I23) -> 0 | J24: =SUM(J22:J23) -> 0 | K24: =SUM(K22:K23) -> 0 | L24: =SUM(L22:L23) -> 0 | ... W24: =SUM(W22:W23) -> 0 | X24: =SUM(E24:W24) -> 2
B25: 3. | C25: Jumlah pengguna hak pilih dalam Daftar Pemilih Khusus (DPK) | D25: LK | E25: 2 | F25: 0 | G25: 0 | H25: 3 | I25: 1 | J25: 0 | K25: 0 | L25: 0 | M25: 0 | N25: 0 | O25: 1 | P25: 0 | Q25: 0 | R25: 0 | S25: 2 | T25: 0 | U25: 2 | V25: 0 | W25: 0 | X25: =SUM(E25:W25) -> 11
D26: PR | E26: 3 | F26: 0 | G26: 0 | H26: 1 | I26: 0 | J26: 0 | K26: 0 | L26: 0 | M26: 0 | N26: 0 | O26: 0 | P26: 0 | Q26: 1 | R26: 0 | S26: 5 | T26: 0 | U26: 0 | V26: 0 | W26: 0 | X26: =SUM(E26:W26) -> 10
D27: JML | E27: =SUM(E25:E26) -> 5 | F27: =SUM(F25:F26) -> 0 | G27: =SUM(G25:G26) -> 0 | H27: =SUM(H25:H26) -> 4 | I27: =SUM(I25:I26) -> 1 | J27: =SUM(J25:J26) -> 0 | K27: =SUM(K25:K26) -> 0 | L27: =SUM(L25:L26) -> 0 | ... W27: =SUM(W25:W26) -> 0 | X27: =SUM(E27:W27) -> 21
B28: 4. | C28: Jumlah Pengguna Hak Pilih (B.1+B.2+B.3) | D28: LK | E28: =SUM(E19,E22,E25) -> 106 | F28: =SUM(F19,F22,F25) -> 109 | G28: =SUM(G19,G22,G25) -> 106 | H28: =SUM(H19,H22,H25) -> 113 | I28: =SUM(I19,I22,I25) -> 114 | J28: =SUM(J19,J22,J25) -> 117 | K28: =SUM(K19,K22,K25) -> 95 | L28: =SUM(L19,L22,L25) -> 120 | ... W28: =SUM(W19,W22,W25) -> 83 | X28: =SUM(E28:W28) -> 1872
D29: PR | E29: =SUM(E20,E23,E26) -> 118 | F29: =SUM(F20,F23,F26) -> 123 | G29: =SUM(G20,G23,G26) -> 123 | H29: =SUM(H20,H23,H26) -> 117 | I29: =SUM(I20,I23,I26) -> 120 | J29: =SUM(J20,J23,J26) -> 112 | K29: =SUM(K20,K23,K26) -> 110 | L29: =SUM(L20,L23,L26) -> 122 | ... W29: =SUM(W20,W23,W26) -> 104 | X29: =SUM(E29:W29) -> 2038
D30: JML | E30: =SUM(E28:E29) -> 224 | F30: =SUM(F28:F29) -> 232 | G30: =SUM(G28:G29) -> 229 | H30: =SUM(H28:H29) -> 230 | I30: =SUM(I28:I29) -> 234 | J30: =SUM(J28:J29) -> 229 | K30: =SUM(K28:K29) -> 205 | L30: =SUM(L28:L29) -> 242 | ... W30: =SUM(W28:W29) -> 187 | X30: =SUM(E30:W30) -> 3910
A32: II | B32: DATA PENGGUNAAN SURAT SUARA
A33: 1 | B33: Jumlah surat suara yang diterima, termasuk surat suara cadangan 2,5% dari DPT | E33: 288 | F33: 302 | G33: 286 | H33: 300 | I33: 286 | J33: 301 | K33: 288 | L33: 322 | M33: 270 | N33: 273 | O33: 161 | P33: 177 | Q33: 173 | R33: 176 | S33: 298 | T33: 285 | U33: 305 | V33: 218 | W33: 304 | X33: =SUM(E33:W33) -> 5013
A34: 2 | B34: Jumlah surat suara yang digunakan | E34: 224 | F34: 232 | G34: 229 | H34: 230 | I34: 234 | J34: 229 | K34: 205 | L34: 242 | M34: 233 | N34: 203 | O34: 136 | P34: 143 | Q34: 143 | R34: 150 | S34: 266 | T34: 226 | U34: 231 | V34: 167 | W34: 187 | X34: =SUM(E34:W34) -> 3910
A35: 3 | B35: Jumlah surat suara dikembalikan oleh pemilih (karena rusak atau keliru coblos) | E35: 1 | F35: 0 | G35: 0 | H35: 0 | I35: 2 | J35: 0 | K35: 0 | L35: 0 | M35: 0 | N35: 0 | O35: 0 | P35: 2 | Q35: 0 | R35: 0 | S35: 0 | T35: 0 | U35: 0 | V35: 0 | W35: 6 | X35: =SUM(E35:W35) -> 11
A36: 4 | B36: Jumlah surat suara yang tidak digunakan/tidak terpakai, termasuk sisa surat suara cadangan | E36: =E33-(E34+E35) -> 63 | F36: =F33-(F34+F35) -> 70 | G36: =G33-(G34+G35) -> 57 | H36: =H33-(H34+H35) -> 70 | I36: =I33-(I34+I35) -> 50 | J36: =J33-(J34+J35) -> 72 | K36: =K33-(K34+K35) -> 83 | L36: =L33-(L34+L35) -> 80 | ... W36: =W33-(W34+W35) -> 111 | X36: =SUM(E36:W36) -> 1092
A38: III | B38: DATA PEMILIH DISABILITAS
B39: Jumlah seluruh Pemilih disabilitas yang menggunakan hak pilih | D39: LK | E39: 0 | F39: 0 | G39: 0 | H39: 0 | I39: 0 | J39: 0 | K39: 0 | L39: 0 | M39: 0 | N39: 0 | O39: 0 | P39: 0 | Q39: 0 | R39: 0 | S39: 0 | T39: 0 | U39: 0 | V39: 0 | W39: 0 | X39: =SUM(E39:W39) -> 0
D40: PR | E40: 0 | F40: 0 | G40: 0 | H40: 0 | I40: 0 | J40: 0 | K40: 0 | L40: 0 | M40: 0 | N40: 0 | O40: 0 | P40: 0 | Q40: 0 | R40: 0 | S40: 0 | T40: 0 | U40: 0 | V40: 0 | W40: 0 | X40: =SUM(E40:W40) -> 0
D41: JML | E41: =SUM(E39:E40) -> 0 | F41: =SUM(F39:F40) -> 0 | G41: =SUM(G39:G40) -> 0 | H41: =SUM(H39:H40) -> 0 | I41: =SUM(I39:I40) -> 0 | J41: =SUM(J39:J40) -> 0 | K41: =SUM(K39:K40) -> 0 | L41: =SUM(L39:L40) -> 0 | ... W41: =SUM(W39:W40) -> 0 | X41: =SUM(E41:W41) -> 0
A43: IV | B43: DATA RINCIAN PEROLEHAN SUARA PASANGAN CALON BUPATI DAN WAKIL BUPATI
A44: NOMOR DAN NAMA CALON
A45: A.1 | B45: 1. | C45: Partai Kebangkitan Bangsa | E45: 14 | F45: 4 | G45: 5 | H45: 6 | I45: 9 | J45: 8 | K45: 7 | L45: 10 | M45: 18 | N45: 16 | O45: 6 | P45: 0 | Q45: 4 | R45: 2 | S45: 10 | T45: 16 | U45: 8 | V45: 5 | W45: 9 | X45: =SUM(E45:W45) -> 157
A46: A.2 | B46: 1 | C46: 1. Dr. Hj. NIHAYATUL WAFIROH, M.A. | E46: 51 | F46: 26 | G46: 17 | H46: 26 | I46: 28 | J46: 23 | K46: 13 | L46: 41 | M46: 36 | N46: 27 | O46: 17 | P46: 14 | Q46: 9 | R46: 5 | S46: 20 | T46: 23 | U46: 10 | V46: 5 | W46: 8 | X46: =SUM(E46:W46) -> 399
B47: 2 | C47: 2. H. M. NASIM KHAN | E47: 2 | F47: 4 | G47: 4 | H47: 7 | I47: 8 | J47: 2 | K47: 2 | L47: 6 | M47: 12 | N47: 1 | O47: 0 | P47: 0 | Q47: 2 | R47: 2 | S47: 2 | T47: 4 | U47: 0 | V47: 1 | W47: 3 | X47: =SUM(E47:W47) -> 62
B48: 3 | C48: 3. Dr. H. AKIK ZAMAN, M.Pd.I. | E48: 1 | F48: 0 | G48: 0 | H48: 1 | I48: 1 | J48: 0 | K48: 1 | L48: 1 | M48: 0 | N48: 1 | O48: 1 | P48: 0 | Q48: 0 | R48: 0 | S48: 2 | T48: 3 | U48: 0 | V48: 1 | W48: 1 | X48: =SUM(E48:W48) -> 14
B49: 4 | C49: 4. AHMAD RIFA'I, S.H. | E49: 0 | F49: 3 | G49: 4 | H49: 2 | I49: 2 | J49: 1 | K49: 1 | L49: 1 | M49: 2 | N49: 0 | O49: 0 | P49: 0 | Q49: 0 | R49: 0 | S49: 3 | T49: 2 | U49: 1 | V49: 0 | W49: 1 | X49: =SUM(E49:W49) -> 23
B50: 5 | C50: 5. Drs. H. MAHFUD M.N. | E50: 1 | F50: 0 | G50: 1 | H50: 0 | I50: 1 | J50: 1 | K50: 1 | L50: 0 | M50: 0 | N50: 0 | O50: 0 | P50: 1 | Q50: 0 | R50: 0 | S50: 0 | T50: 1 | U50: 0 | V50: 0 | W50: 0 | X50: =SUM(E50:W50) -> 7
B51: 6 | C51: 6. NURHAYATI, S.Pd. | E51: 1 | F51: 0 | G51: 0 | H51: 0 | I51: 0 | J51: 0 | K51: 0 | L51: 0 | M51: 0 | N51: 1 | O51: 0 | P51: 0 | Q51: 0 | R51: 1 | S51: 2 | T51: 3 | U51: 0 | V51: 1 | W51: 1 | X51: =SUM(E51:W51) -> 10
B52: 7 | C52: 7. MAFTUHA KISWAH | E52: 0 | F52: 2 | G52: 1 | H52: 0 | I52: 0 | J52: 0 | K52: 0 | L52: 0 | M52: 0 | N52: 0 | O52: 0 | P52: 0 | Q52: 0 | R52: 0 | S52: 0 | T52: 0 | U52: 0 | V52: 0 | W52: 0 | X52: =SUM(E52:W52) -> 3
A55: B | B55: JUMLAH SUARA SAH PARTAI POLITIK DAN CALON (A1 + A2) | E55: =SUM(E45:E52) -> 70 | F55: =SUM(F45:F52) -> 39 | G55: =SUM(G45:G52) -> 32 | H55: =SUM(H45:H52) -> 42 | I55: =SUM(I45:I52) -> 49 | J55: =SUM(J45:J52) -> 35 | K55: =SUM(K45:K52) -> 25 | L55: =SUM(L45:L52) -> 59 | ... W55: =SUM(W45:W52) -> 23 | X55: =SUM(E55:W55) -> 675
A57: A.1 | B57: 2. | C57: Partai Gerakan Indonesia Raya | E57: 6 | F57: 10 | G57: 12 | H57: 11 | I57: 8 | J57: 15 | K57: 14 | L57: 3 | M57: 15 | N57: 10 | O57: 2 | P57: 7 | Q57: 9 | R57: 6 | S57: 7 | T57: 14 | U57: 4 | V57: 9 | W57: 15 | X57: =SUM(E57:W57) -> 177
A58: A.2 | B58: 1 | C58: 1. SUMAIL ABDULLAH | E58: 5 | F58: 7 | G58: 6 | H58: 7 | I58: 5 | J58: 6 | K58: 6 | L58: 8 | M58: 7 | N58: 3 | O58: 0 | P58: 2 | Q58: 11 | R58: 5 | S58: 6 | T58: 5 | U58: 0 | V58: 8 | W58: 22 | X58: =SUM(E58:W58) -> 119
B59: 2 | C59: 2. MUHAMMAD ALI ADRIAN SALEH | E59: 13 | F59: 12 | G59: 12 | H59: 3 | I59: 3 | J59: 13 | K59: 19 | L59: 25 | M59: 6 | N59: 5 | O59: 6 | P59: 24 | Q59: 11 | R59: 35 | S59: 4 | T59: 6 | U59: 11 | V59: 7 | W59: 51 | X59: =SUM(E59:W59) -> 266
B60: 3 | C60: 3. DURROTUN NAFISAH | E60: 0 | F60: 1 | G60: 2 | H60: 2 | I60: 1 | J60: 2 | K60: 1 | L60: 0 | M60: 3 | N60: 2 | O60: 0 | P60: 0 | Q60: 0 | R60: 0 | S60: 0 | T60: 0 | U60: 0 | V60: 2 | W60: 1 | X60: =SUM(E60:W60) -> 17
B61: 4 | C61: 4. H. EKO SUSILO NURHIDAYAT | E61: 1 | F61: 4 | G61: 3 | H61: 3 | I61: 0 | J61: 1 | K61: 1 | L61: 0 | M61: 1 | N61: 2 | O61: 0 | P61: 0 | Q61: 0 | R61: 0 | S61: 1 | T61: 1 | U61: 2 | V61: 0 | W61: 2 | X61: =SUM(E61:W61) -> 22
B62: 5 | C62: 5. KARNADI HARIJANTO, S.S. | E62: 0 | F62: 0 | G62: 0 | H62: 0 | I62: 0 | J62: 0 | K62: 0 | L62: 0 | M62: 0 | N62: 0 | O62: 0 | P62: 0 | Q62: 0 | R62: 0 | S62: 0 | T62: 0 | U62: 0 | V62: 0 | W62: 0 | X62: =SUM(E62:W62) -> 0
B63: 6 | C63: 6. NURHAYATI | E63: 0 | F63: 0 | G63: 2 | H63: 1 | I63: 2 | J63: 1 | K63: 1 | L63: 0 | M63: 1 | N63: 1 | O63: 0 | P63: 0 | Q63: 0 | R63: 0 | S63: 1 | T63: 1 | U63: 0 | V63: 3 | W63: 0 | X63: =SUM(E63:W63) -> 14
B64: 7 | C64: 7. MASHUDI | E64: 0 | F64: 1 | G64: 0 | H64: 1 | I64: 1 | J64: 0 | K64: 0 | L64: 0 | M64: 0 | N64: 0 | O64: 0 | P64: 0 | Q64: 0 | R64: 0 | S64: 1 | T64: 0 | U64: 0 | V64: 0 | W64: 0 | X64: =SUM(E64:W64) -> 4
A67: B | B67: JUMLAH SUARA SAH PARTAI POLITIK DAN CALON (A1 + A2) | E67: =SUM(E57:E64) -> 25 | F67: =SUM(F57:F64) -> 35 | G67: =SUM(G57:G64) -> 37 | H67: =SUM(H57:H64) -> 28 | I67: =SUM(I57:I64) -> 20 | J67: =SUM(J57:J64) -> 38 | K67: =SUM(K57:K64) -> 42 | L67: =SUM(L57:L64) -> 36 | ... W67: =SUM(W57:W64) -> 91 | X67: =SUM(E67:W67) -> 619
A69: A.1 | B69: 3. | C69: Partai Demokrasi Indonesia Perjuangan | E69: 6 | F69: 7 | G69: 7 | H69: 4 | I69: 8 | J69: 7 | K69: 11 | L69: 10 | M69: 9 | N69: 20 | O69: 5 | P69: 4 | Q69: 7 | R69: 0 | S69: 14 | T69: 21 | U69: 21 | V69: 7 | W69: 2 | X69: =SUM(E69:W69) -> 170
A70: A.2 | B70: 1 | C70: 1. SONNY TRI DANAPARAMITA, S.H., M.H. | E70: 3 | F70: 8 | G70: 13 | H70: 12 | I70: 7 | J70: 7 | K70: 17 | L70: 33 | M70: 23 | N70: 12 | O70: 29 | P70: 30 | Q70: 26 | R70: 1 | S70: 37 | T70: 20 | U70: 29 | V70: 10 | W70: 7 | X70: =SUM(E70:W70) -> 324
B71: 2 | C71: 2. H. MOHAMAD GUNTUR ROMLI | E71: 1 | F71: 4 | G71: 5 | H71: 3 | I71: 3 | J71: 1 | K71: 3 | L71: 3 | M71: 2 | N71: 3 | O71: 0 | P71: 0 | Q71: 3 | R71: 0 | S71: 3 | T71: 3 | U71: 3 | V71: 2 | W71: 2 | X71: =SUM(E71:W71) -> 44
B72: 3 | C72: 3. INA AMMANIA | E72: 3 | F72: 2 | G72: 7 | H72: 6 | I72: 7 | J72: 2 | K72: 23 | L72: 2 | M72: 0 | N72: 1 | O72: 0 | P72: 0 | Q72: 1 | R72: 0 | S72: 5 | T72: 16 | U72: 39 | V72: 2 | W72: 2 | X72: =SUM(E72:W72) -> 118
B73: 4 | C73: 4. IRWAN BACHTIAR RACHMAT, M.Si. | E73: 0 | F73: 1 | G73: 3 | H73: 2 | I73: 2 | J73: 4 | K73: 3 | L73: 3 | M73: 1 | N73: 4 | O73: 0 | P73: 1 | Q73: 8 | R73: 2 | S73: 2 | T73: 6 | U73: 14 | V73: 1 | W73: 1 | X73: =SUM(E73:W73) -> 58
B74: 5 | C74: 5. LUCKY PERDANA | E74: 0 | F74: 1 | G74: 4 | H74: 3 | I74: 1 | J74: 2 | K74: 2 | L74: 0 | M74: 0 | N74: 0 | O74: 0 | P74: 0 | Q74: 1 | R74: 0 | S74: 1 | T74: 2 | U74: 1 | V74: 0 | W74: 0 | X74: =SUM(E74:W74) -> 18
B75: 6 | C75: 6. WIWIK PUJIYATI | E75: 2 | F75: 0 | G75: 2 | H75: 1 | I75: 0 | J75: 0 | K75: 0 | L75: 1 | M75: 0 | N75: 0 | O75: 0 | P75: 0 | Q75: 0 | R75: 0 | S75: 2 | T75: 0 | U75: 2 | V75: 0 | W75: 0 | X75: =SUM(E75:W75) -> 10
B76: 7 | C76: 7. CHANDRA ASTAN, S.T. | E76: 0 | F76: 0 | G76: 1 | H76: 2 | I76: 0 | J76: 2 | K76: 1 | L76: 0 | M76: 6 | N76: 5 | O76: 0 | P76: 0 | Q76: 1 | R76: 0 | S76: 9 | T76: 1 | U76: 0 | V76: 0 | W76: 0 | X76: =SUM(E76:W76) -> 28
A79: B | B79: JUMLAH SUARA SAH PARTAI POLITIK DAN CALON (A1 + A2) | E79: =SUM(E69:E76) -> 15 | F79: =SUM(F69:F76) -> 23 | G79: =SUM(G69:G76) -> 42 | H79: =SUM(H69:H76) -> 33 | I79: =SUM(I69:I76) -> 28 | J79: =SUM(J69:J76) -> 25 | K79: =SUM(K69:K76) -> 60 | L79: =SUM(L69:L76) -> 52 | ... W79: =SUM(W69:W76) -> 14 | X79: =SUM(E79:W79) -> 770
A81: A.1 | B81: 4. | C81: Partai Golongan Karya | E81: 5 | F81: 3 | G81: 0 | H81: 1 | I81: 5 | J81: 8 | K81: 1 | L81: 2 | M81: 4 | N81: 3 | O81: 2 | P81: 2 | Q81: 3 | R81: 5 | S81: 0 | T81: 2 | U81: 7 | V81: 3 | W81: 2 | X81: =SUM(E81:W81) -> 58
A82: A.2 | B82: 1 | C82: 1. ZULFIKAR ARSE SADIKIN, S.I.P., M.Si. | E82: 44 | F82: 14 | G82: 13 | H82: 15 | I82: 20 | J82: 10 | K82: 5 | L82: 9 | M82: 11 | N82: 5 | O82: 12 | P82: 1 | Q82: 1 | R82: 0 | S82: 6 | T82: 17 | U82: 9 | V82: 24 | W82: 1 | X82: =SUM(E82:W82) -> 217
B83: 2 | C83: 2. HANDOKO | E83: 3 | F83: 2 | G83: 4 | H83: 3 | I83: 0 | J83: 3 | K83: 7 | L83: 3 | M83: 4 | N83: 11 | O83: 1 | P83: 1 | Q83: 2 | R83: 3 | S83: 1 | T83: 8 | U83: 3 | V83: 5 | W83: 3 | X83: =SUM(E83:W83) -> 67
B84: 3 | C84: 3. Hj. OVI DEWI YANTI | E84: 0 | F84: 0 | G84: 0 | H84: 2 | I84: 0 | J84: 1 | K84: 0 | L84: 0 | M84: 1 | N84: 2 | O84: 0 | P84: 0 | Q84: 0 | R84: 0 | S84: 0 | T84: 0 | U84: 0 | V84: 1 | W84: 0 | X84: =SUM(E84:W84) -> 7
B85: 4 | C85: 4. Ir. AZAM AZMAN NATAWIJANA | E85: 0 | F85: 3 | G85: 1 | H85: 3 | I85: 0 | J85: 0 | K85: 1 | L85: 1 | M85: 0 | N85: 1 | O85: 0 | P85: 0 | Q85: 0 | R85: 0 | S85: 0 | T85: 0 | U85: 2 | V85: 1 | W85: 0 | X85: =SUM(E85:W85) -> 13
B86: 5 | C86: 5. UBAIDILLAH AMIN, S.Kom. | E86: 2 | F86: 0 | G86: 0 | H86: 1 | I86: 1 | J86: 1 | K86: 3 | L86: 2 | M86: 4 | N86: 3 | O86: 0 | P86: 0 | Q86: 0 | R86: 0 | S86: 3 | T86: 1 | U86: 1 | V86: 0 | W86: 1 | X86: =SUM(E86:W86) -> 23
B87: 6 | C87: 6. DENNY YUNIANDARI, S.H., M.Kn. | E87: 0 | F87: 0 | G87: 0 | H87: 1 | I87: 0 | J87: 1 | K87: 0 | L87: 0 | M87: 0 | N87: 0 | O87: 0 | P87: 0 | Q87: 0 | R87: 0 | S87: 0 | T87: 0 | U87: 0 | V87: 0 | W87: 0 | X87: =SUM(E87:W87) -> 2
B88: 7 | C88: 7. ERNADI, S.H.I. | E88: 0 | F88: 0 | G88: 0 | H88: 0 | I88: 0 | J88: 0 | K88: 0 | L88: 0 | M88: 0 | N88: 0 | O88: 0 | P88: 0 | Q88: 0 | R88: 0 | S88: 1 | T88: 0 | U88: 0 | V88: 0 | W88: 0 | X88: =SUM(E88:W88) -> 1
A91: B | B91: JUMLAH SUARA SAH PARTAI POLITIK DAN CALON (A1 + A2) | E91: =SUM(E81:E88) -> 54 | F91: =SUM(F81:F88) -> 22 | G91: =SUM(G81:G88) -> 18 | H91: =SUM(H81:H88) -> 26 | I91: =SUM(I81:I88) -> 26 | J91: =SUM(J81:J88) -> 24 | K91: =SUM(K81:K88) -> 17 | L91: =SUM(L81:L88) -> 17 | ... W91: =SUM(W81:W88) -> 7 | X91: =SUM(E91:W91) -> 388
A93: A.1 | B93: 5. | C93: Partai NasDem | E93: 1 | F93: 0 | G93: 0 | H93: 1 | I93: 0 | J93: 2 | K93: 0 | L93: 0 | M93: 0 | N93: 1 | O93: 0 | P93: 0 | Q93: 0 | R93: 13 | S93: 0 | T93: 0 | U93: 0 | V93: 1 | W93: 3 | X93: =SUM(E93:W93) -> 22
A94: A.2 | B94: 1 | C94: 1. ACH. FADIL MUZAKKI SYAH | E94: 0 | F94: 0 | G94: 0 | H94: 0 | I94: 0 | J94: 0 | K94: 0 | L94: 0 | M94: 0 | N94: 0 | O94: 0 | P94: 0 | Q94: 0 | R94: 5 | S94: 1 | T94: 1 | U94: 1 | V94: 2 | W94: 5 | X94: =SUM(E94:W94) -> 15
B95: 2 | C95: 2. BENY | E95: 0 | F95: 0 | G95: 0 | H95: 3 | I95: 21 | J95: 9 | K95: 0 | L95: 4 | M95: 0 | N95: 0 | O95: 0 | P95: 0 | Q95: 0 | R95: 15 | S95: 13 | T95: 0 | U95: 0 | V95: 0 | W95: 2 | X95: =SUM(E95:W95) -> 67
B96: 3 | C96: 3. VINA VERONIKA | E96: 0 | F96: 0 | G96: 1 | H96: 0 | I96: 1 | J96: 0 | K96: 0 | L96: 0 | M96: 0 | N96: 0 | O96: 0 | P96: 0 | Q96: 0 | R96: 2 | S96: 1 | T96: 0 | U96: 0 | V96: 0 | W96: 0 | X96: =SUM(E96:W96) -> 5
B97: 4 | C97: 4. TEDDY ANUGRIANTO | E97: 0 | F97: 0 | G97: 0 | H97: 1 | I97: 0 | J97: 0 | K97: 0 | L97: 0 | M97: 0 | N97: 0 | O97: 0 | P97: 0 | Q97: 0 | R97: 0 | S97: 0 | T97: 0 | U97: 0 | V97: 0 | W97: 0 | X97: =SUM(E97:W97) -> 1
B98: 5 | C98: 5. INSAN KAMIL | E98: 0 | F98: 0 | G98: 0 | H98: 1 | I98: 0 | J98: 0 | K98: 0 | L98: 0 | M98: 0 | N98: 0 | O98: 0 | P98: 0 | Q98: 0 | R98: 0 | S98: 0 | T98: 0 | U98: 0 | V98: 0 | W98: 0 | X98: =SUM(E98:W98) -> 1
B99: 6 | C99: 6. LILIK LINDARWATI | E99: 0 | F99: 0 | G99: 0 | H99: 0 | I99: 0 | J99: 0 | K99: 0 | L99: 0 | M99: 0 | N99: 0 | O99: 0 | P99: 0 | Q99: 0 | R99: 0 | S99: 0 | T99: 0 | U99: 0 | V99: 0 | W99: 0 | X99: =SUM(E99:W99) -> 0
B100: 7 | C100: 7. YULI ANITA | E100: 0 | F100: 0 | G100: 0 | H100: 1 | I100: 0 | J100: 0 | K100: 0 | L100: 0 | M100: 0 | N100: 0 | O100: 0 | P100: 0 | Q100: 0 | R100: 0 | S100: 0 | T100: 0 | U100: 0 | V100: 0 | W100: 0 | X100: =SUM(E100:W100) -> 1
A103: B | B103: JUMLAH SUARA SAH PARTAI POLITIK DAN CALON (A1 + A2) | E103: =SUM(E93:E100) -> 1 | F103: =SUM(F93:F100) -> 0 | G103: =SUM(G93:G100) -> 1 | H103: =SUM(H93:H100) -> 7 | I103: =SUM(I93:I100) -> 22 | J103: =SUM(J93:J100) -> 11 | K103: =SUM(K93:K100) -> 0 | L103: =SUM(L93:L100) -> 4 | ... W103: =SUM(W93:W100) -> 10 | X103: =SUM(E103:W103) -> 112
A105: A.1 | B105: 6. | C105: Partai Buruh | E105: 2 | F105: 1 | G105: 1 | H105: 1 | I105: 0 | J105: 2 | K105: 0 | L105: 0 | M105: 1 | N105: 0 | O105: 0 | P105: 0 | Q105: 1 | R105: 0 | S105: 2 | T105: 1 | U105: 3 | V105: 0 | W105: 1 | X105: =SUM(E105:W105) -> 16
A106: A.2 | B106: 1 | C106: 1. KHOIRUL ANAM | E106: 0 | F106: 0 | G106: 0 | H106: 0 | I106: 0 | J106: 0 | K106: 0 | L106: 0 | M106: 0 | N106: 0 | O106: 0 | P106: 0 | Q106: 0 | R106: 0 | S106: 0 | T106: 0 | U106: 0 | V106: 1 | W106: 1 | X106: =SUM(E106:W106) -> 2
B107: 2 | C107: 2. INA KURNIA | E107: 0 | F107: 0 | G107: 0 | H107: 0 | I107: 0 | J107: 0 | K107: 1 | L107: 1 | M107: 0 | N107: 0 | O107: 0 | P107: 0 | Q107: 0 | R107: 0 | S107: 0 | T107: 0 | U107: 0 | V107: 0 | W107: 0 | X107: =SUM(E107:W107) -> 2
B108: 3 | C108: 3. JIBRAL TAROUK | E108: 0 | F108: 0 | G108: 0 | H108: 0 | I108: 0 | J108: 0 | K108: 0 | L108: 0 | M108: 0 | N108: 0 | O108: 0 | P108: 0 | Q108: 0 | R108: 0 | S108: 0 | T108: 0 | U108: 0 | V108: 0 | W108: 0 | X108: =SUM(E108:W108) -> 0
B109: 4 | C109: 4. ASTUTI DAENG PUJI | E109: 0 | F109: 0 | G109: 0 | H109: 0 | I109: 0 | J109: 0 | K109: 0 | L109: 0 | M109: 0 | N109: 0 | O109: 0 | P109: 0 | Q109: 0 | R109: 0 | S109: 1 | T109: 0 | U109: 0 | V109: 0 | W109: 0 | X109: =SUM(E109:W109) -> 1
B110: 5 | C110: 5. ASDARMAWAN | E110: 0 | F110: 0 | G110: 0 | H110: 0 | I110: 0 | J110: 0 | K110: 0 | L110: 0 | M110: 0 | N110: 0 | O110: 0 | P110: 0 | Q110: 0 | R110: 0 | S110: 0 | T110: 0 | U110: 0 | V110: 0 | W110: 0 | X110: =SUM(E110:W110) -> 0
B111: 6 | C111: 6. RIFQI MUBAROK | E111: 0 | F111: 0 | G111: 0 | H111: 0 | I111: 0 | J111: 0 | K111: 1 | L111: 0 | M111: 0 | N111: 0 | O111: 0 | P111: 0 | Q111: 0 | R111: 0 | S111: 0 | T111: 0 | U111: 0 | V111: 0 | W111: 0 | X111: =SUM(E111:W111) -> 1
B112: 7 | C112: 7. FIRNANDA ALTA MEGA | E112: 0 | F112: 0 | G112: 0 | H112: 0 | I112: 0 | J112: 0 | K112: 0 | L112: 0 | M112: 0 | N112: 0 | O112: 0 | P112: 0 | Q112: 0 | R112: 0 | S112: 0 | T112: 0 | U112: 0 | V112: 0 | W112: 0 | X112: =SUM(E112:W112) -> 0
A115: B | B115: JUMLAH SUARA SAH PARTAI POLITIK DAN CALON (A1 + A2) | E115: =SUM(E105:E112) -> 2 | F115: =SUM(F105:F112) -> 1 | G115: =SUM(G105:G112) -> 1 | H115: =SUM(H105:H112) -> 1 | I115: =SUM(I105:I112) -> 0 | J115: =SUM(J105:J112) -> 2 | K115: =SUM(K105:K112) -> 2 | L115: =SUM(L105:L112) -> 1 | ... W115: =SUM(W105:W112) -> 2 | X115: =SUM(E115:W115) -> 22
A117: A.1 | B117: 7. | C117: Partai Gelombang Rakyat Indonesia | E117: 0 | F117: 0 | G117: 0 | H117: 0 | I117: 1 | J117: 1 | K117: 1 | L117: 1 | M117: 1 | N117: 0 | O117: 0 | P117: 1 | Q117: 1 | R117: 0 | S117: 4 | T117: 0 | U117: 2 | V117: 1 | W117: 2 | X117: =SUM(E117:W117) -> 16
A118: A.2 | B118: 1 | C118: 1. TITI WIDORETNO WARISMAN | E118: 0 | F118: 0 | G118: 0 | H118: 0 | I118: 0 | J118: 0 | K118: 1 | L118: 0 | M118: 1 | N118: 0 | O118: 0 | P118: 1 | Q118: 0 | R118: 0 | S118: 0 | T118: 0 | U118: 0 | V118: 0 | W118: 1 | X118: =SUM(E118:W118) -> 4
B119: 2 | C119: 2. MAMIEK SETYANINGSIH | E119: 0 | F119: 0 | G119: 0 | H119: 0 | I119: 0 | J119: 0 | K119: 0 | L119: 0 | M119: 0 | N119: 0 | O119: 0 | P119: 0 | Q119: 0 | R119: 0 | S119: 0 | T119: 0 | U119: 0 | V119: 0 | W119: 1 | X119: =SUM(E119:W119) -> 1
B120: 3 | C120: 3. ROMIL AZIZEN | E120: 0 | F120: 0 | G120: 0 | H120: 0 | I120: 0 | J120: 0 | K120: 0 | L120: 0 | M120: 0 | N120: 0 | O120: 0 | P120: 0 | Q120: 0 | R120: 0 | S120: 0 | T120: 0 | U120: 0 | V120: 0 | W120: 0 | X120: =SUM(E120:W120) -> 0
A127: B | B127: JUMLAH SUARA SAH PARTAI POLITIK DAN CALON (A1 + A2) | E127: =SUM(E117:E120) -> 0 | F127: =SUM(F117:F120) -> 0 | G127: =SUM(G117:G120) -> 0 | H127: =SUM(H117:H120) -> 0 | I127: =SUM(I117:I120) -> 1 | J127: =SUM(J117:J120) -> 1 | K127: =SUM(K117:K120) -> 2 | L127: =SUM(L117:L120) -> 1 | ... W127: =SUM(W117:W120) -> 4 | X127: =SUM(E127:W127) -> 21
A129: A.1 | B129: 8. | C129: Partai Keadilan Sejahtera | E129: 3 | F129: 1 | G129: 0 | H129: 1 | I129: 0 | J129: 4 | K129: 0 | L129: 0 | M129: 0 | N129: 1 | O129: 1 | P129: 1 | Q129: 0 | R129: 0 | S129: 1 | T129: 0 | U129: 0 | V129: 0 | W129: 2 | X129: =SUM(E129:W129) -> 15
A130: A.2 | B130: 1 | C130: 1. H. SAIMI SALEH, S.E., M.M. | E130: 0 | F130: 3 | G130: 2 | H130: 0 | I130: 1 | J130: 8 | K130: 1 | L130: 3 | M130: 0 | N130: 0 | O130: 1 | P130: 1 | Q130: 0 | R130: 0 | S130: 1 | T130: 0 | U130: 0 | V130: 0 | W130: 0 | X130: =SUM(E130:W130) -> 21
B131: 2 | C131: 2. Prof. Dr. H. EGGI SUDJANA, S.H., M.Si. | E131: 1 | F131: 2 | G131: 1 | H131: 0 | I131: 0 | J131: 0 | K131: 0 | L131: 0 | M131: 0 | N131: 0 | O131: 0 | P131: 0 | Q131: 0 | R131: 0 | S131: 0 | T131: 2 | U131: 0 | V131: 1 | W131: 0 | X131: =SUM(E131:W131) -> 7
B132: 3 | C132: 3. NURUL KHOTIMAH | E132: 0 | F132: 0 | G132: 0 | H132: 0 | I132: 0 | J132: 0 | K132: 0 | L132: 1 | M132: 0 | N132: 0 | O132: 0 | P132: 0 | Q132: 0 | R132: 0 | S132: 0 | T132: 0 | U132: 0 | V132: 0 | W132: 0 | X132: =SUM(E132:W132) -> 1
B133: 4 | C133: 4. AKHMAD SUYANTO, S.T., M.T. | E133: 0 | F133: 0 | G133: 0 | H133: 0 | I133: 0 | J133: 0 | K133: 0 | L133: 0 | M133: 0 | N133: 0 | O133: 0 | P133: 0 | Q133: 0 | R133: 0 | S133: 0 | T133: 0 | U133: 0 | V133: 0 | W133: 0 | X133: =SUM(E133:W133) -> 0
B134: 5 | C134: 5. PUJIYATNI | E134: 0 | F134: 0 | G134: 0 | H134: 0 | I134: 0 | J134: 0 | K134: 0 | L134: 0 | M134: 0 | N134: 0 | O134: 0 | P134: 0 | Q134: 0 | R134: 0 | S134: 0 | T134: 0 | U134: 0 | V134: 0 | W134: 0 | X134: =SUM(E134:W134) -> 0
B135: 6 | C135: 6. HENI PURWATININGSIH | E135: 0 | F135: 0 | G135: 0 | H135: 0 | I135: 0 | J135: 0 | K135: 0 | L135: 1 | M135: 0 | N135: 0 | O135: 0 | P135: 1 | Q135: 0 | R135: 0 | S135: 0 | T135: 0 | U135: 2 | V135: 0 | W135: 0 | X135: =SUM(E135:W135) -> 4
B136: 7 | C136: 7. MUHADI | E136: 0 | F136: 0 | G136: 0 | H136: 0 | I136: 0 | J136: 0 | K136: 0 | L136: 0 | M136: 0 | N136: 0 | O136: 0 | P136: 0 | Q136: 0 | R136: 0 | S136: 0 | T136: 0 | U136: 0 | V136: 0 | W136: 0 | X136: =SUM(E136:W136) -> 0
...

Sheet SUMBERBULU
C2: Kecamatan
C3: Kabupaten | D3: BANYUWANGI
C4: Provinsi | D4: JAWA TIMUR
C9: Kelurahan
A12: I | B12: DATA PEMILIH DAN PENGGUNAAN HAK PILIH | Q12: JUMLAH AKHIR
A13: A | B13: DATA PEMILIH | E13: TPS 001 | F13: TPS 002 | G13: TPS 003 | H13: TPS 004 | I13: TPS 005 | J13: TPS 006 | K13: TPS 007 | L13: TPS 008 | M13: TPS 009 | N13: TPS 010 | O13: TPS 011 | P13: TPS 012
B14: Jumlah Pemilih dalam Daftar Pemilih Tetap (DPT) | D14: LK | E14: 147 | F14: 118 | G14: 145 | H14: 140 | I14: 140 | J14: 140 | K14: 140 | L14: 140 | M14: 125 | N14: 147 | O14: 127 | P14: 138 | Q14: =SUM(E14:P14) -> 1647
D15: PR | E15: 138 | F15: 136 | G15: 147 | H15: 147 | I15: 148 | J15: 142 | K15: 141 | L15: 133 | M15: 123 | N15: 138 | O15: 122 | P15: 130 | Q15: =SUM(E15:P15) -> 1645
D16: JML | E16: =SUM(E14:E15) -> 285 | F16: =SUM(F14:F15) -> 254 | G16: =SUM(G14:G15) -> 292 | H16: =SUM(H14:H15) -> 287 | I16: =SUM(I14:I15) -> 288 | J16: =SUM(J14:J15) -> 282 | K16: =SUM(K14:K15) -> 281 | L16: =SUM(L14:L15) -> 273 | ... P16: =SUM(P14:P15) -> 268 | Q16: =SUM(E16:P16) -> 3292
A18: B | B18: PENGGUNA HAK PILIH
B19: 1. | C19: Jumlah pengguna hak pilih dalam Daftar Pemilih Tetap (DPT) | D19: LK | E19: 114 | F19: 93 | G19: 106 | H19: 107 | I19: 109 | J19: 108 | K19: 100 | L19: 105 | M19: 94 | N19: 102 | O19: 93 | P19: 101 | Q19: =SUM(E19:P19) -> 1232
D20: PR | E20: 112 | F20: 109 | G20: 115 | H20: 113 | I20: 108 | J20: 115 | K20: 105 | L20: 108 | M20: 86 | N20: 104 | O20: 92 | P20: 102 | Q20: =SUM(E20:P20) -> 1269
D21: JML | E21: =SUM(E19:E20) -> 226 | F21: =SUM(F19:F20) -> 202 | G21: =SUM(G19:G20) -> 221 | H21: =SUM(H19:H20) -> 220 | I21: =SUM(I19:I20) -> 217 | J21: =SUM(J19:J20) -> 223 | K21: =SUM(K19:K20) -> 205 | L21: =SUM(L19:L20) -> 213 | ... P21: =SUM(P19:P20) -> 203 | Q21: =SUM(E21:P21) -> 2501
B22: 2. | C22: Jumlah pengguna hak pilih dalam Daftar Pemilih Tambahan (DPTb) | D22: LK | E22: 0 | F22: 0 | G22: 0 | H22: 0 | I22: 0 | J22: 0 | K22: 0 | L22: 0 | M22: 0 | N22: 1 | O22: 0 | P22: 0 | Q22: =SUM(E22:P22) -> 1
D23: PR | E23: 0 | F23: 0 | G23: 0 | H23: 0 | I23: 0 | J23: 0 | K23: 0 | L23: 0 | M23: 0 | N23: 0 | O23: 0 | P23: 0 | Q23: =SUM(E23:P23) -> 0
D24: JML | E24: =SUM(E22:E23) -> 0 | F24: =SUM(F22:F23) -> 0 | G24: =SUM(G22:G23) -> 0 | H24: =SUM(H22:H23) -> 0 | I24: =SUM(I22:I23) -> 0 | J24: =SUM(J22:J23) -> 0 | K24: =SUM(K22:K23) -> 0 | L24: =SUM(L22:L23) -> 0 | ... P24: =SUM(P22:P23) -> 0 | Q24: =SUM(E24:P24) -> 1
B25: 3. | C25: Jumlah pengguna hak pilih dalam Daftar Pemilih Khusus (DPK) | D25: LK | E25: 0 | F25: 0 | G25: 1 | H25: 1 | I25: 2 | J25: 2 | K25: 1 | L25: 0 | M25: 0 | N25: 0 | O25: 0 | P25: 1 | Q25: =SUM(E25:P25) -> 8
D26: PR | E26: 0 | F26: 3 | G26: 1 | H26: 1 | I26: 2 | J26: 2 | K26: 0 | L26: 0 | M26: 0 | N26: 2 | O26: 1 | P26: 0 | Q26: =SUM(E26:P26) -> 12
D27: JML | E27: =SUM(E25:E26) -> 0 | F27: =SUM(F25:F26) -> 3 | G27: =SUM(G25:G26) -> 2 | H27: =SUM(H25:H26) -> 2 | I27: =SUM(I25:I26) -> 4 | J27: =SUM(J25:J26) -> 4 | K27: =SUM(K25:K26) -> 1 | L27: =SUM(L25:L26) -> 0 | ... P27: =SUM(P25:P26) -> 1 | Q27: =SUM(E27:P27) -> 20
B28: 4. | C28: Jumlah Pengguna Hak Pilih (B.1+B.2+B.3) | D28: LK | E28: =SUM(E19,E22,E25) -> 114 | F28: =SUM(F19,F22,F25) -> 93 | G28: =SUM(G19,G22,G25) -> 107 | H28: =SUM(H19,H22,H25) -> 108 | I28: =SUM(I19,I22,I25) -> 111 | J28: =SUM(J19,J22,J25) -> 110 | K28: =SUM(K19,K22,K25) -> 101 | L28: =SUM(L19,L22,L25) -> 105 | ... P28: =SUM(P19,P22,P25) -> 102 | Q28: =SUM(E28:P28) -> 1241
D29: PR | E29: =SUM(E20,E23,E26) -> 112 | F29: =SUM(F20,F23,F26) -> 112 | G29: =SUM(G20,G23,G26) -> 116 | H29: =SUM(H20,H23,H26) -> 114 | I29: =SUM(I20,I23,I26) -> 110 | J29: =SUM(J20,J23,J26) -> 117 | K29: =SUM(K20,K23,K26) -> 105 | L29: =SUM(L20,L23,L26) -> 108 | ... P29: =SUM(P20,P23,P26) -> 102 | Q29: =SUM(E29:P29) -> 1281
D30: JML | E30: =SUM(E28:E29) -> 226 | F30: =SUM(F28:F29) -> 205 | G30: =SUM(G28:G29) -> 223 | H30: =SUM(H28:H29) -> 222 | I30: =SUM(I28:I29) -> 221 | J30: =SUM(J28:J29) -> 227 | K30: =SUM(K28:K29) -> 206 | L30: =SUM(L28:L29) -> 213 | ... P30: =SUM(P28:P29) -> 204 | Q30: =SUM(E30:P30) -> 2522
A32: II | B32: DATA PENGGUNAAN SURAT SUARA
A33: 1 | B33: Jumlah surat suara yang diterima, termasuk surat suara cadangan 2,5% dari DPT | E33: 290 | F33: 261 | G33: 299 | H33: 293 | I33: 294 | J33: 288 | K33: 286 | L33: 279 | M33: 242 | N33: 291 | O33: 254 | P33: 274 | Q33: =SUM(E33:P33) -> 3351
A34: 2 | B34: Jumlah surat suara yang digunakan | E34: 226 | F34: 205 | G34: 223 | H34: 222 | I34: 221 | J34: 227 | K34: 206 | L34: 213 | M34: 180 | N34: 209 | O34: 186 | P34: 204 | Q34: =SUM(E34:P34) -> 2522
A35: 3 | B35: Jumlah surat suara dikembalikan oleh pemilih (karena rusak atau keliru coblos) | E35: 0 | F35: 0 | G35: 0 | H35: 1 | I35: 0 | J35: 1 | K35: 0 | L35: 0 | M35: 0 | N35: 0 | O35: 0 | P35: 0 | Q35: =SUM(E35:P35) -> 2
A36: 4 | B36: Jumlah surat suara yang tidak digunakan/tidak terpakai, termasuk sisa surat suara cadangan | E36: =E33-(E34+E35) -> 64 | F36: =F33-(F34+F35) -> 56 | G36: =G33-(G34+G35) -> 76 | H36: =H33-(H34+H35) -> 70 | I36: =I33-(I34+I35) -> 73 | J36: =J33-(J34+J35) -> 60 | K36: =K33-(K34+K35) -> 80 | L36: =L33-(L34+L35) -> 66 | ... P36: =P33-(P34+P35) -> 70 | Q36: =SUM(E36:P36) -> 827
A38: III | B38: DATA PEMILIH DISABILITAS
B39: Jumlah seluruh Pemilih disabilitas yang menggunakan hak pilih | D39: LK | E39: 0 | F39: 0 | G39: 0 | H39: 0 | I39: 0 | J39: 0 | K39: 0 | L39: 0 | M39: 0 | N39: 1 | O39: 0 | P39: 0 | Q39: =SUM(E39:P39) -> 1
D40: PR | E40: 0 | F40: 3 | G40: 0 | H40: 0 | I40: 0 | J40: 0 | K40: 2 | L40: 0 | M40: 0 | N40: 0 | O40: 0 | P40: 0 | Q40: =SUM(E40:P40) -> 5
D41: JML | E41: =SUM(E39:E40) -> 0 | F41: =SUM(F39:F40) -> 3 | G41: =SUM(G39:G40) -> 0 | H41: =SUM(H39:H40) -> 0 | I41: =SUM(I39:I40) -> 0 | J41: =SUM(J39:J40) -> 0 | K41: =SUM(K39:K40) -> 2 | L41: =SUM(L39:L40) -> 0 | ... P41: =SUM(P39:P40) -> 0 | Q41: =SUM(E41:P41) -> 6
A43: IV | B43: DATA RINCIAN PEROLEHAN SUARA PASANGAN CALON BUPATI DAN WAKIL BUPATI
A44: NOMOR DAN NAMA CALON
A45: A.1 | B45: 1. | C45: Partai Kebangkitan Bangsa | E45: 14 | F45: 9 | G45: 6 | H45: 8 | I45: 11 | J45: 10 | K45: 7 | L45: 11 | M45: 5 | N45: 9 | O45: 6 | P45: 15 | Q45: =SUM(E45:P45) -> 111
A46: A.2 | B46: 1 | C46: 1. Dr. Hj. NIHAYATUL WAFIROH, M.A. | E46: 11 | F46: 13 | G46: 30 | H46: 26 | I46: 11 | J46: 25 | K46: 10 | L46: 11 | M46: 6 | N46: 25 | O46: 18 | P46: 6 | Q46: =SUM(E46:P46) -> 192
B47: 2 | C47: 2. H. M. NASIM KHAN | E47: 5 | F47: 2 | G47: 5 | H47: 6 | I47: 6 | J47: 4 | K47: 3 | L47: 5 | M47: 1 | N47: 1 | O47: 5 | P47: 3 | Q47: =SUM(E47:P47) -> 46
B48: 3 | C48: 3. Dr. H. AKIK ZAMAN, M.Pd.I. | E48: 0 | F48: 1 | G48: 1 | H48: 0 | I48: 2 | J48: 1 | K48: 2 | L48: 0 | M48: 1 | N48: 1 | O48: 0 | P48: 0 | Q48: =SUM(E48:P48) -> 9
B49: 4 | C49: 4. AHMAD RIFA'I, S.H. | E49: 4 | F49: 1 | G49: 1 | H49: 1 | I49: 1 | J49: 2 | K49: 0 | L49: 0 | M49: 0 | N49: 2 | O49: 1 | P49: 0 | Q49: =SUM(E49:P49) -> 13
B50: 5 | C50: 5. Drs. H. MAHFUD M.N. | E50: 1 | F50: 1 | G50: 1 | H50: 0 | I50: 0 | J50: 0 | K50: 0 | L50: 1 | M50: 0 | N50: 0 | O50: 4 | P50: 0 | Q50: =SUM(E50:P50) -> 8
B51: 6 | C51: 6. NURHAYATI, S.Pd. | E51: 1 | F51: 1 | G51: 0 | H51: 0 | I51: 0 | J51: 0 | K51: 0 | L51: 0 | M51: 0 | N51: 0 | O51: 1 | P51: 0 | Q51: =SUM(E51:P51) -> 3
B52: 7 | C52: 7. MAFTUHA KISWAH | E52: 0 | F52: 0 | G52: 0 | H52: 0 | I52: 2 | J52: 1 | K52: 0 | L52: 0 | M52: 0 | N52: 0 | O52: 0 | P52: 0 | Q52: =SUM(E52:P52) -> 3
A55: B | B55: JUMLAH SUARA SAH PARTAI POLITIK DAN CALON (A1 + A2) | E55: =SUM(E45:E52) -> 36 | F55: =SUM(F45:F52) -> 28 | G55: =SUM(G45:G52) -> 44 | H55: =SUM(H45:H52) -> 41 | I55: =SUM(I45:I52) -> 33 | J55: =SUM(J45:J52) -> 43 | K55: =SUM(K45:K52) -> 22 | L55: =SUM(L45:L52) -> 28 | ... P55: =SUM(P45:P52) -> 24 | Q55: =SUM(E55:P55) -> 385
A57: A.1 | B57: 2. | C57: Partai Gerakan Indonesia Raya | E57: 11 | F57: 9 | G57: 9 | H57: 12 | I57: 29 | J57: 13 | K57: 8 | L57: 7 | M57: 16 | N57: 10 | O57: 12 | P57: 13 | Q57: =SUM(E57:P57) -> 149
A58: A.2 | B58: 1 | C58: 1. SUMAIL ABDULLAH | E58: 8 | F58: 17 | G58: 10 | H58: 17 | I58: 27 | J58: 19 | K58: 10 | L58: 7 | M58: 8 | N58: 6 | O58: 9 | P58: 6 | Q58: =SUM(E58:P58) -> 144
B59: 2 | C59: 2. MUHAMMAD ALI ADRIAN SALEH | E59: 4 | F59: 6 | G59: 30 | H59: 32 | I59: 23 | J59: 33 | K59: 27 | L59: 32 | M59: 44 | N59: 3 | O59: 7 | P59: 11 | Q59: =SUM(E59:P59) -> 252
B60: 3 | C60: 3. DURROTUN NAFISAH | E60: 1 | F60: 3 | G60: 3 | H60: 1 | I60: 1 | J60: 2 | K60: 2 | L60: 2 | M60: 0 | N60: 3 | O60: 1 | P60: 0 | Q60: =SUM(E60:P60) -> 19
B61: 4 | C61: 4. H. EKO SUSILO NURHIDAYAT | E61: 1 | F61: 0 | G61: 1 | H61: 2 | I61: 2 | J61: 0 | K61: 2 | L61: 0 | M61: 1 | N61: 2 | O61: 0 | P61: 4 | Q61: =SUM(E61:P61) -> 15
B62: 5 | C62: 5. KARNADI HARIJANTO, S.S. | E62: 0 | F62: 1 | G62: 3 | H62: 0 | I62: 1 | J62: 0 | K62: 1 | L62: 0 | M62: 1 | N62: 0 | O62: 0 | P62: 0 | Q62: =SUM(E62:P62) -> 7
B63: 6 | C63: 6. NURHAYATI | E63: 2 | F63: 2 | G63: 1 | H63: 1 | I63: 3 | J63: 0 | K63: 0 | L63: 0 | M63: 0 | N63: 0 | O63: 0 | P63: 0 | Q63: =SUM(E63:P63) -> 9
B64: 7 | C64: 7. MASHUDI | E64: 0 | F64: 0 | G64: 0 | H64: 0 | I64: 0 | J64: 0 | K64: 1 | L64: 0 | M64: 0 | N64: 0 | O64: 0 | P64: 0 | Q64: =SUM(E64:P64) -> 1
A67: B | B67: JUMLAH SUARA SAH PARTAI POLITIK DAN CALON (A1 + A2) | E67: =SUM(E57:E64) -> 27 | F67: =SUM(F57:F64) -> 38 | G67: =SUM(G57:G64) -> 57 | H67: =SUM(H57:H64) -> 65 | I67: =SUM(I57:I64) -> 86 | J67: =SUM(J57:J64) -> 67 | K67: =SUM(K57:K64) -> 51 | L67: =SUM(L57:L64) -> 48 | ... P67: =SUM(P57:P64) -> 34 | Q67: =SUM(E67:P67) -> 596
A69: A.1 | B69: 3. | C69: Partai Demokrasi Indonesia Perjuangan | E69: 16 | F69: 19 | G69: 6 | H69: 5 | I69: 14 | J69: 8 | K69: 6 | L69: 7 | M69: 8 | N69: 15 | O69: 11 | P69: 12 | Q69: =SUM(E69:P69) -> 127
A70: A.2 | B70: 1 | C70: 1. SONNY TRI DANAPARAMITA, S.H., M.H. | E70: 16 | F70: 9 | G70: 7 | H70: 8 | I70: 9 | J70: 7 | K70: 8 | L70: 11 | M70: 12 | N70: 36 | O70: 21 | P70: 42 | Q70: =SUM(E70:P70) -> 186
B71: 2 | C71: 2. H. MOHAMAD GUNTUR ROMLI | E71: 2 | F71: 1 | G71: 2 | H71: 4 | I71: 2 | J71: 1 | K71: 2 | L71: 4 | M71: 3 | N71: 0 | O71: 0 | P71: 3 | Q71: =SUM(E71:P71) -> 24
B72: 3 | C72: 3. INA AMMANIA | E72: 5 | F72: 4 | G72: 3 | H72: 11 | I72: 2 | J72: 2 | K72: 3 | L72: 16 | M72: 7 | N72: 20 | O72: 3 | P72: 5 | Q72: =SUM(E72:P72) -> 81
B73: 4 | C73: 4. IRWAN BACHTIAR RACHMAT, M.Si. | E73: 4 | F73: 1 | G73: 1 | H73: 2 | I73: 0 | J73: 3 | K73: 1 | L73: 1 | M73: 3 | N73: 2 | O73: 2 | P73: 3 | Q73: =SUM(E73:P73) -> 23
B74: 5 | C74: 5. LUCKY PERDANA | E74: 1 | F74: 2 | G74: 2 | H74: 3 | I74: 0 | J74: 2 | K74: 1 | L74: 3 | M74: 1 | N74: 3 | O74: 0 | P74: 0 | Q74: =SUM(E74:P74) -> 18
B75: 6 | C75: 6. WIWIK PUJIYATI | E75: 2 | F75: 0 | G75: 2 | H75: 0 | I75: 0 | J75: 0 | K75: 1 | L75: 0 | M75: 1 | N75: 0 | O75: 0 | P75: 1 | Q75: =SUM(E75:P75) -> 7
B76: 7 | C76: 7. CHANDRA ASTAN, S.T. | E76: 0 | F76: 0 | G76: 0 | H76: 0 | I76: 0 | J76: 1 | K76: 0 | L76: 0 | M76: 0 | N76: 0 | O76: 0 | P76: 1 | Q76: =SUM(E76:P76) -> 2
A79: B | B79: JUMLAH SUARA SAH PARTAI POLITIK DAN CALON (A1 + A2) | E79: =SUM(E69:E76) -> 46 | F79: =SUM(F69:F76) -> 36 | G79: =SUM(G69:G76) -> 23 | H79: =SUM(H69:H76) -> 33 | I79: =SUM(I69:I76) -> 27 | J79: =SUM(J69:J76) -> 24 | K79: =SUM(K69:K76) -> 22 | L79: =SUM(L69:L76) -> 42 | ... P79: =SUM(P69:P76) -> 67 | Q79: =SUM(E79:P79) -> 468
A81: A.1 | B81: 4. | C81: Partai Golongan Karya | E81: 10 | F81: 8 | G81: 4 | H81: 1 | I81: 5 | J81: 2 | K81: 3 | L81: 2 | M81: 5 | N81: 6 | O81: 15 | P81: 11 | Q81: =SUM(E81:P81) -> 72
A82: A.2 | B82: 1 | C82: 1. ZULFIKAR ARSE SADIKIN, S.I.P., M.Si. | E82: 4 | F82: 9 | G82: 9 | H82: 11 | I82: 3 | J82: 9 | K82: 9 | L82: 3 | M82: 4 | N82: 11 | O82: 29 | P82: 10 | Q82: =SUM(E82:P82) -> 111
B83: 2 | C83: 2. HANDOKO | E83: 3 | F83: 4 | G83: 2 | H83: 5 | I83: 5 | J83: 1 | K83: 1 | L83: 6 | M83: 0 | N83: 1 | O83: 2 | P83: 5 | Q83: =SUM(E83:P83) -> 35
B84: 3 | C84: 3. Hj. OVI DEWI YANTI | E84: 0 | F84: 1 | G84: 2 | H84: 0 | I84: 1 | J84: 0 | K84: 0 | L84: 0 | M84: 1 | N84: 0 | O84: 0 | P84: 0 | Q84: =SUM(E84:P84) -> 5
B85: 4 | C85: 4. Ir. AZAM AZMAN NATAWIJANA | E85: 2 | F85: 0 | G85: 0 | H85: 2 | I85: 0 | J85: 0 | K85: 0 | L85: 2 | M85: 0 | N85: 0 | O85: 3 | P85: 2 | Q85: =SUM(E85:P85) -> 11
