Workbook

Sheet DPR RI
C8: Kecamatan | D8: LICIN
C9: Kabupaten | D9: BANYUWANGI
C10: Provinsi | D10: JAWA TIMUR
A12: I | B12: DATA PEMILIH DAN PENGGUNAAN HAK PILIH | E12: JUMLAH AKHIR
A13: A | B13: DATA PEMILIH
B14: Jumlah Pemilih dalam Daftar Pemilih Tetap (DPT) | D14: LK | E14: =BANJAR!N14+GUMUK!M14+JELUN!M14+KLUNCING!O14+LICIN!T14+PAKEL!N14+SEGOBANG!W14+TAMANSARI!AD14 -> 11736
D15: PR | E15: =BANJAR!N15+GUMUK!M15+JELUN!M15+KLUNCING!O15+LICIN!T15+PAKEL!N15+SEGOBANG!W15+TAMANSARI!AD15 -> 11864
D16: JML | E16: =SUM(E14:E15) -> 23600
A18: B | B18: PENGGUNA HAK PILIH
B19: 1. | C19: Jumlah pengguna hak pilih dalam Daftar Pemilih Tetap (DPT) | D19: LK | E19: =BANJAR!N19+GUMUK!M19+JELUN!M19+KLUNCING!O19+LICIN!T19+PAKEL!N19+SEGOBANG!W19+TAMANSARI!AD19 -> 9042
D20: PR | E20: =BANJAR!N20+GUMUK!M20+JELUN!M20+KLUNCING!O20+LICIN!T20+PAKEL!N20+SEGOBANG!W20+TAMANSARI!AD20 -> 9713
D21: JML | E21: =SUM(E19:E20) -> 18755
B22: 2. | C22: Jumlah pengguna hak pilih dalam Daftar Pemilih Tambahan (DPTb) | D22: LK | E22: =BANJAR!N22+GUMUK!M22+JELUN!M22+KLUNCING!O22+LICIN!T22+PAKEL!N22+SEGOBANG!W22+TAMANSARI!AD22 -> 6
D23: PR | E23: =BANJAR!N23+GUMUK!M23+JELUN!M23+KLUNCING!O23+LICIN!T23+PAKEL!N23+SEGOBANG!W23+TAMANSARI!AD23 -> 5
D24: JML | E24: =SUM(E22:E23) -> 11
B25: 3. | C25: Jumlah pengguna hak pilih dalam Daftar Pemilih Khusus (DPK) | D25: LK | E25: =BANJAR!N25+GUMUK!M25+JELUN!M25+KLUNCING!O25+LICIN!T25+PAKEL!N25+SEGOBANG!W25+TAMANSARI!AD25 -> 78
D26: PR | E26: =BANJAR!N26+GUMUK!M26+JELUN!M26+KLUNCING!O26+LICIN!T26+PAKEL!N26+SEGOBANG!W26+TAMANSARI!AD26 -> 78
D27: JML | E27: =SUM(E25:E26) -> 156
B28: 4. | C28: Jumlah Pengguna Hak Pilih (B.1+B.2+B.3) | D28: LK | E28: =E19+E22+E25 -> 9126
D29: PR | E29: =E20+E23+E26 -> 9796
D30: JML | E30: =SUM(E28:E29) -> 18922
A32: II | B32: DATA PENGGUNAAN SURAT SUARA
A33: 1 | B33: Jumlah surat suara yang diterima, termasuk surat suara cadangan 2,5% dari DPT | E33: =BANJAR!N33+GUMUK!M33+JELUN!M33+KLUNCING!O33+LICIN!T33+PAKEL!N33+SEGOBANG!W33+TAMANSARI!AD33 -> 23994
A34: 2 | B34: Jumlah surat suara yang digunakan | E34: =BANJAR!N34+GUMUK!M34+JELUN!M34+KLUNCING!O34+LICIN!T34+PAKEL!N34+SEGOBANG!W34+TAMANSARI!AD34 -> 18922
A35: 3 | B35: Jumlah surat suara dikembalikan oleh pemilih (karena rusak atau keliru coblos) | E35: =BANJAR!N35+GUMUK!M35+JELUN!M35+KLUNCING!O35+LICIN!T35+PAKEL!N35+SEGOBANG!W35+TAMANSARI!AD35 -> 63
A36: 4 | B36: Jumlah surat suara yang tidak digunakan/tidak terpakai, termasuk sisa surat suara cadangan | E36: =E33-(E34+E35) -> 5009
A38: III | B38: DATA PEMILIH DISABILITAS
B39: Jumlah seluruh Pemilih disabilitas yang menggunakan hak pilih | D39: LK | E39: =BANJAR!N39+GUMUK!M39+JELUN!M39+KLUNCING!O39+LICIN!T39+PAKEL!N39+SEGOBANG!W39+TAMANSARI!AD39 -> 27
D40: PR | E40: =BANJAR!N40+GUMUK!M40+JELUN!M40+KLUNCING!O40+LICIN!T40+PAKEL!N40+SEGOBANG!W40+TAMANSARI!AD40 -> 19
D41: JML | E41: =SUM(E39:E40) -> 46
A43: IV | B43: DATA RINCIAN PEROLEHAN SUARA PARTAI POLITIK DAN SUARA CALON
A44: NOMOR DAN NAMA CALON
A45: A.1 | B45: 1. | C45: Partai Kebangkitan Bangsa | E45: =BANJAR!N45+GUMUK!M45+JELUN!M45+KLUNCING!O45+LICIN!T45+PAKEL!N45+SEGOBANG!W45+TAMANSARI!AD45 -> 900
A46: A.2 | B46: 1 | C46: 1. Dr. Hj. NIHAYATUL WAFIROH, M.A. | E46: =BANJAR!N46+GUMUK!M46+JELUN!M46+KLUNCING!O46+LICIN!T46+PAKEL!N46+SEGOBANG!W46+TAMANSARI!AD46 -> 1708
B47: 2 | C47: 2. H. M. NASIM KHAN | E47: =BANJAR!N47+GUMUK!M47+JELUN!M47+KLUNCING!O47+LICIN!T47+PAKEL!N47+SEGOBANG!W47+TAMANSARI!AD47 -> 341
B48: 3 | C48: 3. Dr. H. AKIK ZAMAN, M.Pd.I. | E48: =BANJAR!N48+GUMUK!M48+JELUN!M48+KLUNCING!O48+LICIN!T48+PAKEL!N48+SEGOBANG!W48+TAMANSARI!AD48 -> 110
B49: 4 | C49: 4. AHMAD RIFA'I, S.H. | E49: =BANJAR!N49+GUMUK!M49+JELUN!M49+KLUNCING!O49+LICIN!T49+PAKEL!N49+SEGOBANG!W49+TAMANSARI!AD49 -> 266
B50: 5 | C50: 5. Drs. H. MAHFUD M.N. | E50: =BANJAR!N50+GUMUK!M50+JELUN!M50+KLUNCING!O50+LICIN!T50+PAKEL!N50+SEGOBANG!W50+TAMANSARI!AD50 -> 21
B51: 6 | C51: 6. NURHAYATI, S.Pd. | E51: =BANJAR!N51+GUMUK!M51+JELUN!M51+KLUNCING!O51+LICIN!T51+PAKEL!N51+SEGOBANG!W51+TAMANSARI!AD51 -> 13
B52: 7 | C52: 7. MAFTUHA KISWAH | E52: =BANJAR!N52+GUMUK!M52+JELUN!M52+KLUNCING!O52+LICIN!T52+PAKEL!N52+SEGOBANG!W52+TAMANSARI!AD52 -> 2
A55: B | B55: JUMLAH SUARA SAH PARTAI POLITIK DAN CALON (A1 + A2) | E55: =SUM(E45:E52) -> 3361
A57: A.1 | B57: 2. | C57: Partai Gerakan Indonesia Raya | E57: =BANJAR!N57+GUMUK!M57+JELUN!M57+KLUNCING!O57+LICIN!T57+PAKEL!N57+SEGOBANG!W57+TAMANSARI!AD57 -> 1195
A58: A.2 | B58: 1 | C58: 1. SUMAIL ABDULLAH | E58: =BANJAR!N58+GUMUK!M58+JELUN!M58+KLUNCING!O58+LICIN!T58+PAKEL!N58+SEGOBANG!W58+TAMANSARI!AD58 -> 1494
B59: 2 | C59: 2. MUHAMMAD ALI ADRIAN SALEH | E59: =BANJAR!N59+GUMUK!M59+JELUN!M59+KLUNCING!O59+LICIN!T59+PAKEL!N59+SEGOBANG!W59+TAMANSARI!AD59 -> 778
B60: 3 | C60: 3. DURROTUN NAFISAH | E60: =BANJAR!N60+GUMUK!M60+JELUN!M60+KLUNCING!O60+LICIN!T60+PAKEL!N60+SEGOBANG!W60+TAMANSARI!AD60 -> 89
B61: 4 | C61: 4. H. EKO SUSILO NURHIDAYAT | E61: =BANJAR!N61+GUMUK!M61+JELUN!M61+KLUNCING!O61+LICIN!T61+PAKEL!N61+SEGOBANG!W61+TAMANSARI!AD61 -> 63
B62: 5 | C62: 5. KARNADI HARIJANTO, S.S. | E62: =BANJAR!N62+GUMUK!M62+JELUN!M62+KLUNCING!O62+LICIN!T62+PAKEL!N62+SEGOBANG!W62+TAMANSARI!AD62 -> 16
B63: 6 | C63: 6. NURHAYATI | E63: =BANJAR!N63+GUMUK!M63+JELUN!M63+KLUNCING!O63+LICIN!T63+PAKEL!N63+SEGOBANG!W63+TAMANSARI!AD63 -> 42
B64: 7 | C64: 7. MASHUDI | E64: =BANJAR!N64+GUMUK!M64+JELUN!M64+KLUNCING!O64+LICIN!T64+PAKEL!N64+SEGOBANG!W64+TAMANSARI!AD64 -> 15
A67: B | B67: JUMLAH SUARA SAH PARTAI POLITIK DAN CALON (A1 + A2) | E67: =SUM(E57:E64) -> 3692
A69: A.1 | B69: 3. | C69: Partai Demokrasi Indonesia Perjuangan | E69: =BANJAR!N69+GUMUK!M69+JELUN!M69+KLUNCING!O69+LICIN!T69+PAKEL!N69+SEGOBANG!W69+TAMANSARI!AD69 -> 745
A70: A.2 | B70: 1 | C70: 1. SONNY TRI DANAPARAMITA, S.H., M.H. | E70: =BANJAR!N70+GUMUK!M70+JELUN!M70+KLUNCING!O70+LICIN!T70+PAKEL!N70+SEGOBANG!W70+TAMANSARI!AD70 -> 599
B71: 2 | C71: 2. H. MOHAMAD GUNTUR ROMLI | E71: =BANJAR!N71+GUMUK!M71+JELUN!M71+KLUNCING!O71+LICIN!T71+PAKEL!N71+SEGOBANG!W71+TAMANSARI!AD71 -> 240
B72: 3 | C72: 3. INA AMMANIA | E72: =BANJAR!N72+GUMUK!M72+JELUN!M72+KLUNCING!O72+LICIN!T72+PAKEL!N72+SEGOBANG!W72+TAMANSARI!AD72 -> 896
B73: 4 | C73: 4. IRWAN BACHTIAR RACHMAT, M.Si. | E73: =BANJAR!N73+GUMUK!M73+JELUN!M73+KLUNCING!O73+LICIN!T73+PAKEL!N73+SEGOBANG!W73+TAMANSARI!AD73 -> 177
B74: 5 | C74: 5. LUCKY PERDANA | E74: =BANJAR!N74+GUMUK!M74+JELUN!M74+KLUNCING!O74+LICIN!T74+PAKEL!N74+SEGOBANG!W74+TAMANSARI!AD74 -> 444
B75: 6 | C75: 6. WIWIK PUJIYATI | E75: =BANJAR!N75+GUMUK!M75+JELUN!M75+KLUNCING!O75+LICIN!T75+PAKEL!N75+SEGOBANG!W75+TAMANSARI!AD75 -> 40
B76: 7 | C76: 7. CHANDRA ASTAN, S.T. | E76: =BANJAR!N76+GUMUK!M76+JELUN!M76+KLUNCING!O76+LICIN!T76+PAKEL!N76+SEGOBANG!W76+TAMANSARI!AD76 -> 116
A79: B | B79: JUMLAH SUARA SAH PARTAI POLITIK DAN CALON (A1 + A2) | E79: =SUM(E69:E76) -> 3257
A81: A.1 | B81: 4. | C81: Partai Golongan Karya | E81: =BANJAR!N81+GUMUK!M81+JELUN!M81+KLUNCING!O81+LICIN!T81+PAKEL!N81+SEGOBANG!W81+TAMANSARI!AD81 -> 687
A82: A.2 | B82: 1 | C82: 1. ZULFIKAR ARSE SADIKIN, S.I.P., M.Si. | E82: =BANJAR!N82+GUMUK!M82+JELUN!M82+KLUNCING!O82+LICIN!T82+PAKEL!N82+SEGOBANG!W82+TAMANSARI!AD82 -> 1098
B83: 2 | C83: 2. HANDOKO | E83: =BANJAR!N83+GUMUK!M83+JELUN!M83+KLUNCING!O83+LICIN!T83+PAKEL!N83+SEGOBANG!W83+TAMANSARI!AD83 -> 267
B84: 3 | C84: 3. Hj. OVI DEWI YANTI | E84: =BANJAR!N84+GUMUK!M84+JELUN!M84+KLUNCING!O84+LICIN!T84+PAKEL!N84+SEGOBANG!W84+TAMANSARI!AD84 -> 64
B85: 4 | C85: 4. Ir. AZAM AZMAN NATAWIJANA | E85: =BANJAR!N85+GUMUK!M85+JELUN!M85+KLUNCING!O85+LICIN!T85+PAKEL!N85+SEGOBANG!W85+TAMANSARI!AD85 -> 63
B86: 5 | C86: 5. UBAIDILLAH AMIN, S.Kom. | E86: =BANJAR!N86+GUMUK!M86+JELUN!M86+KLUNCING!O86+LICIN!T86+PAKEL!N86+SEGOBANG!W86+TAMANSARI!AD86 -> 61
B87: 6 | C87: 6. DENNY YUNIANDARI, S.H., M.Kn. | E87: =BANJAR!N87+GUMUK!M87+JELUN!M87+KLUNCING!O87+LICIN!T87+PAKEL!N87+SEGOBANG!W87+TAMANSARI!AD87 -> 17
B88: 7 | C88: 7. ERNADI, S.H.I. | E88: =BANJAR!N88+GUMUK!M88+JELUN!M88+KLUNCING!O88+LICIN!T88+PAKEL!N88+SEGOBANG!W88+TAMANSARI!AD88 -> 7
A91: B | B91: JUMLAH SUARA SAH PARTAI POLITIK DAN CALON (A1 + A2) | E91: =SUM(E81:E88) -> 2264
A93: A.1 | B93: 5. | C93: Partai NasDem | E93: =BANJAR!N93+GUMUK!M93+JELUN!M93+KLUNCING!O93+LICIN!T93+PAKEL!N93+SEGOBANG!W93+TAMANSARI!AD93 -> 149
A94: A.2 | B94: 1 | C94: 1. ACH. FADIL MUZAKKI SYAH | E94: =BANJAR!N94+GUMUK!M94+JELUN!M94+KLUNCING!O94+LICIN!T94+PAKEL!N94+SEGOBANG!W94+TAMANSARI!AD94 -> 375
B95: 2 | C95: 2. BENY | E95: =BANJAR!N95+GUMUK!M95+JELUN!M95+KLUNCING!O95+LICIN!T95+PAKEL!N95+SEGOBANG!W95+TAMANSARI!AD95 -> 18
B96: 3 | C96: 3. VINA VERONIKA | E96: =BANJAR!N96+GUMUK!M96+JELUN!M96+KLUNCING!O96+LICIN!T96+PAKEL!N96+SEGOBANG!W96+TAMANSARI!AD96 -> 11
B97: 4 | C97: 4. TEDDY ANUGRIANTO | E97: =BANJAR!N97+GUMUK!M97+JELUN!M97+KLUNCING!O97+LICIN!T97+PAKEL!N97+SEGOBANG!W97+TAMANSARI!AD97 -> 16
B98: 5 | C98: 5. INSAN KAMIL | E98: =BANJAR!N98+GUMUK!M98+JELUN!M98+KLUNCING!O98+LICIN!T98+PAKEL!N98+SEGOBANG!W98+TAMANSARI!AD98 -> 72
B99: 6 | C99: 6. LILIK LINDARWATI | E99: =BANJAR!N99+GUMUK!M99+JELUN!M99+KLUNCING!O99+LICIN!T99+PAKEL!N99+SEGOBANG!W99+TAMANSARI!AD99 -> 33
B100: 7 | C100: 7. YULI ANITA | E100: =BANJAR!N100+GUMUK!M100+JELUN!M100+KLUNCING!O100+LICIN!T100+PAKEL!N100+SEGOBANG!W100+TAMANSARI!AD100 -> 19
A103: B | B103: JUMLAH SUARA SAH PARTAI POLITIK DAN CALON (A1 + A2) | E103: =SUM(E93:E100) -> 693
A105: A.1 | B105: 6. | C105: Partai Buruh | E105: =BANJAR!N105+GUMUK!M105+JELUN!M105+KLUNCING!O105+LICIN!T105+PAKEL!N105+SEGOBANG!W105+TAMANSARI!AD105 -> 66
A106: A.2 | B106: 1 | C106: 1. KHOIRUL ANAM | E106: =BANJAR!N106+GUMUK!M106+JELUN!M106+KLUNCING!O106+LICIN!T106+PAKEL!N106+SEGOBANG!W106+TAMANSARI!AD106 -> 15
B107: 2 | C107: 2. INA KURNIA | E107: =BANJAR!N107+GUMUK!M107+JELUN!M107+KLUNCING!O107+LICIN!T107+PAKEL!N107+SEGOBANG!W107+TAMANSARI!AD107 -> 16
B108: 3 | C108: 3. JIBRAL TAROUK | E108: =BANJAR!N108+GUMUK!M108+JELUN!M108+KLUNCING!O108+LICIN!T108+PAKEL!N108+SEGOBANG!W108+TAMANSARI!AD108 -> 0
B109: 4 | C109: 4. ASTUTI DAENG PUJI | E109: =BANJAR!N109+GUMUK!M109+JELUN!M109+KLUNCING!O109+LICIN!T109+PAKEL!N109+SEGOBANG!W109+TAMANSARI!AD109 -> 5
B110: 5 | C110: 5. ASDARMAWAN | E110: =BANJAR!N110+GUMUK!M110+JELUN!M110+KLUNCING!O110+LICIN!T110+PAKEL!N110+SEGOBANG!W110+TAMANSARI!AD110 -> 0
B111: 6 | C111: 6. RIFQI MUBAROK | E111: =BANJAR!N111+GUMUK!M111+JELUN!M111+KLUNCING!O111+LICIN!T111+PAKEL!N111+SEGOBANG!W111+TAMANSARI!AD111 -> 3
B112: 7 | C112: 7. FIRNANDA ALTA MEGA | E112: =BANJAR!N112+GUMUK!M112+JELUN!M112+KLUNCING!O112+LICIN!T112+PAKEL!N112+SEGOBANG!W112+TAMANSARI!AD112 -> 0
A115: B | B115: JUMLAH SUARA SAH PARTAI POLITIK DAN CALON (A1 + A2) | E115: =SUM(E105:E112) -> 105
A117: A.1 | B117: 7. | C117: Partai Gelombang Rakyat Indonesia | E117: =BANJAR!N117+GUMUK!M117+JELUN!M117+KLUNCING!O117+LICIN!T117+PAKEL!N117+SEGOBANG!W117+TAMANSARI!AD117 -> 71
A118: A.2 | B118: 1 | C118: 1. TITI WIDORETNO WARISMAN | E118: =BANJAR!N118+GUMUK!M118+JELUN!M118+KLUNCING!O118+LICIN!T118+PAKEL!N118+SEGOBANG!W118+TAMANSARI!AD118 -> 42
B119: 2 | C119: 2. MAMIEK SETYANINGSIH | E119: =BANJAR!N119+GUMUK!M119+JELUN!M119+KLUNCING!O119+LICIN!T119+PAKEL!N119+SEGOBANG!W119+TAMANSARI!AD119 -> 11
B120: 3 | C120: 3. ROMIL AZIZEN | E120: =BANJAR!N120+GUMUK!M120+JELUN!M120+KLUNCING!O120+LICIN!T120+PAKEL!N120+SEGOBANG!W120+TAMANSARI!AD120 -> 11
A127: B | B127: JUMLAH SUARA SAH PARTAI POLITIK DAN CALON (A1 + A2) | E127: =SUM(E117:E120) -> 135
A129: A.1 | B129: 8. | C129: Partai Keadilan Sejahtera | E129: =BANJAR!N129+GUMUK!M129+JELUN!M129+KLUNCING!O129+LICIN!T129+PAKEL!N129+SEGOBANG!W129+TAMANSARI!AD129 -> 114
A130: A.2 | B130: 1 | C130: 1. H. SAIMI SALEH, S.E., M.M. | E130: =BANJAR!N130+GUMUK!M130+JELUN!M130+KLUNCING!O130+LICIN!T130+PAKEL!N130+SEGOBANG!W130+TAMANSARI!AD130 -> 148
B131: 2 | C131: 2. Prof. Dr. H. EGGI SUDJANA, S.H., M.Si. | E131: =BANJAR!N131+GUMUK!M131+JELUN!M131+KLUNCING!O131+LICIN!T131+PAKEL!N131+SEGOBANG!W131+TAMANSARI!AD131 -> 45
B132: 3 | C132: 3. NURUL KHOTIMAH | E132: =BANJAR!N132+GUMUK!M132+JELUN!M132+KLUNCING!O132+LICIN!T132+PAKEL!N132+SEGOBANG!W132+TAMANSARI!AD132 -> 11
B133: 4 | C133: 4. AKHMAD SUYANTO, S.T., M.T. | E133: =BANJAR!N133+GUMUK!M133+JELUN!M133+KLUNCING!O133+LICIN!T133+PAKEL!N133+SEGOBANG!W133+TAMANSARI!AD133 -> 16
B134: 5 | C134: 5. PUJIYATNI | E134: =BANJAR!N134+GUMUK!M134+JELUN!M134+KLUNCING!O134+LICIN!T134+PAKEL!N134+SEGOBANG!W134+TAMANSARI!AD134 -> 10
B135: 6 | C135: 6. HENI PURWATININGSIH | E135: =BANJAR!N135+GUMUK!M135+JELUN!M135+KLUNCING!O135+LICIN!T135+PAKEL!N135+SEGOBANG!W135+TAMANSARI!AD135 -> 44
B136: 7 | C136: 7. MUHADI | E136: =BANJAR!N136+GUMUK!M136+JELUN!M136+KLUNCING!O136+LICIN!T136+PAKEL!N136+SEGOBANG!W136+TAMANSARI!AD136 -> 3
A139: B | B139: JUMLAH SUARA SAH PARTAI POLITIK DAN CALON (A1 + A2) | E139: =SUM(E129:E136) -> 391
...

Sheet BANJAR
C2: Kecamatan | D2: LICIN
C3: Kabupaten | D3: BANYUWANGI
C4: Provinsi | D4: JAWA TIMUR
C9: Kelurahan | D9: BANJAR
A12: I | B12: DATA PEMILIH DAN PENGGUNAAN HAK PILIH | N12: JUMLAH AKHIR
A13: A | B13: DATA PEMILIH | E13: TPS 001 | F13: TPS 002 | G13: TPS 003 | H13: TPS 004 | I13: TPS 005 | J13: TPS 006 | K13: TPS 007 | L13: TPS 008 | M13: TPS 009
B14: Jumlah Pemilih dalam Daftar Pemilih Tetap (DPT) | D14: LK | E14: 123 | F14: 103 | G14: 107 | H14: 115 | I14: 81 | J14: 73 | K14: 115 | L14: 146 | M14: 132 | N14: =SUM(E14:M14) -> 995
D15: PR | E15: 120 | F15: 107 | G15: 116 | H15: 117 | I15: 83 | J15: 77 | K15: 131 | L15: 133 | M15: 128 | N15: =SUM(E15:M15) -> 1012
D16: JML | E16: =SUM(E14:E15) -> 243 | F16: =SUM(F14:F15) -> 210 | G16: =SUM(G14:G15) -> 223 | H16: =SUM(H14:H15) -> 232 | I16: =SUM(I14:I15) -> 164 | J16: =SUM(J14:J15) -> 150 | K16: =SUM(K14:K15) -> 246 | L16: =SUM(L14:L15) -> 279 | M16: =SUM(M14:M15) -> 260 | N16: =SUM(E16:M16) -> 2007
A18: B | B18: PENGGUNA HAK PILIH
B19: 1. | C19: Jumlah pengguna hak pilih dalam Daftar Pemilih Tetap (DPT) | D19: LK | E19: 82 | F19: 78 | G19: 80 | H19: 81 | I19: 55 | J19: 61 | K19: 92 | L19: 112 | M19: 111 | N19: =SUM(E19:M19) -> 752
D20: PR | E20: 96 | F20: 86 | G20: 95 | H20: 92 | I20: 71 | J20: 65 | K20: 105 | L20: 101 | M20: 111 | N20: =SUM(E20:M20) -> 822
D21: JML | E21: =SUM(E19:E20) -> 178 | F21: =SUM(F19:F20) -> 164 | G21: =SUM(G19:G20) -> 175 | H21: =SUM(H19:H20) -> 173 | I21: =SUM(I19:I20) -> 126 | J21: =SUM(J19:J20) -> 126 | K21: =SUM(K19:K20) -> 197 | L21: =SUM(L19:L20) -> 213 | M21: =SUM(M19:M20) -> 222 | N21: =SUM(E21:M21) -> 1574
B22: 2. | C22: Jumlah pengguna hak pilih dalam Daftar Pemilih Tambahan (DPTb) | D22: LK | E22: 0 | F22: 0 | G22: 0 | H22: 0 | I22: 0 | J22: 0 | K22: 0 | L22: 0 | M22: 0 | N22: =SUM(E22:M22) -> 0
D23: PR | E23: 0 | F23: 0 | G23: 0 | H23: 0 | I23: 0 | J23: 0 | K23: 0 | L23: 0 | M23: 0 | N23: =SUM(E23:M23) -> 0
D24: JML | E24: =SUM(E22:E23) -> 0 | F24: =SUM(F22:F23) -> 0 | G24: =SUM(G22:G23) -> 0 | H24: =SUM(H22:H23) -> 0 | I24: =SUM(I22:I23) -> 0 | J24: =SUM(J22:J23) -> 0 | K24: =SUM(K22:K23) -> 0 | L24: =SUM(L22:L23) -> 0 | M24: =SUM(M22:M23) -> 0 | N24: =SUM(E24:M24) -> 0
B25: 3. | C25: Jumlah pengguna hak pilih dalam Daftar Pemilih Khusus (DPK) | D25: LK | E25: 0 | F25: 0 | G25: 0 | H25: 0 | I25: 0 | J25: 0 | K25: 0 | L25: 0 | M25: 3 | N25: =SUM(E25:M25) -> 3
D26: PR | E26: 0 | F26: 0 | G26: 1 | H26: 0 | I26: 0 | J26: 0 | K26: 2 | L26: 1 | M26: 1 | N26: =SUM(E26:M26) -> 5
D27: JML | E27: =SUM(E25:E26) -> 0 | F27: =SUM(F25:F26) -> 0 | G27: =SUM(G25:G26) -> 1 | H27: =SUM(H25:H26) -> 0 | I27: =SUM(I25:I26) -> 0 | J27: =SUM(J25:J26) -> 0 | K27: =SUM(K25:K26) -> 2 | L27: =SUM(L25:L26) -> 1 | M27: =SUM(M25:M26) -> 4 | N27: =SUM(E27:M27) -> 8
B28: 4. | C28: Jumlah Pengguna Hak Pilih (B.1+B.2+B.3) | D28: LK | E28: =SUM(E19,E22,E25) -> 82 | F28: =SUM(F19,F22,F25) -> 78 | G28: =SUM(G19,G22,G25) -> 80 | H28: =SUM(H19,H22,H25) -> 81 | I28: =SUM(I19,I22,I25) -> 55 | J28: =SUM(J19,J22,J25) -> 61 | K28: =SUM(K19,K22,K25) -> 92 | L28: =SUM(L19,L22,L25) -> 112 | M28: =SUM(M19,M22,M25) -> 114 | N28: =SUM(E28:M28) -> 755
D29: PR | E29: =SUM(E20,E23,E26) -> 96 | F29: =SUM(F20,F23,F26) -> 86 | G29: =SUM(G20,G23,G26) -> 96 | H29: =SUM(H20,H23,H26) -> 92 | I29: =SUM(I20,I23,I26) -> 71 | J29: =SUM(J20,J23,J26) -> 65 | K29: =SUM(K20,K23,K26) -> 107 | L29: =SUM(L20,L23,L26) -> 102 | M29: =SUM(M20,M23,M26) -> 112 | N29: =SUM(E29:M29) -> 827
D30: JML | E30: =SUM(E28:E29) -> 178 | F30: =SUM(F28:F29) -> 164 | G30: =SUM(G28:G29) -> 176 | H30: =SUM(H28:H29) -> 173 | I30: =SUM(I28:I29) -> 126 | J30: =SUM(J28:J29) -> 126 | K30: =SUM(K28:K29) -> 199 | L30: =SUM(L28:L29) -> 214 | M30: =SUM(M28:M29) -> 226 | N30: =SUM(E30:M30) -> 1582
A32: II | B32: DATA PENGGUNAAN SURAT SUARA
A33: 1 | B33: Jumlah surat suara yang diterima, termasuk surat suara cadangan 2,5% dari DPT | E33: 248 | F33: 215 | G33: 228 | H33: 226 | I33: 178 | J33: 154 | K33: 245 | L33: 285 | M33: 260 | N33: =SUM(E33:M33) -> 2039
A34: 2 | B34: Jumlah surat suara yang digunakan | E34: 178 | F34: 164 | G34: 176 | H34: 173 | I34: 126 | J34: 126 | K34: 199 | L34: 214 | M34: 226 | N34: =SUM(E34:M34) -> 1582
A35: 3 | B35: Jumlah surat suara dikembalikan oleh pemilih (karena rusak atau keliru coblos) | E35: 0 | F35: 0 | G35: 0 | H35: 0 | I35: 1 | J35: 0 | K35: 0 | L35: 0 | M35: 0 | N35: =SUM(E35:M35) -> 1
A36: 4 | B36: Jumlah surat suara yang tidak digunakan/tidak terpakai, termasuk sisa surat suara cadangan | E36: =E33-(E34+E35) -> 70 | F36: =F33-(F34+F35) -> 51 | G36: =G33-(G34+G35) -> 52 | H36: =H33-(H34+H35) -> 53 | I36: =I33-(I34+I35) -> 51 | J36: =J33-(J34+J35) -> 28 | K36: =K33-(K34+K35) -> 46 | L36: =L33-(L34+L35) -> 71 | M36: =M33-(M34+M35) -> 34 | N36: =SUM(E36:M36) -> 456
A38: III | B38: DATA PEMILIH DISABILITAS
B39: Jumlah seluruh Pemilih disabilitas yang menggunakan hak pilih | D39: LK | E39: 1 | F39: 2 | G39: 3 | H39: 0 | I39: 0 | J39: 0 | K39: 0 | L39: 0 | M39: 1 | N39: =SUM(E39:M39) -> 7
D40: PR | E40: 0 | F40: 1 | G40: 0 | H40: 0 | I40: 1 | J40: 0 | K40: 0 | L40: 0 | M40: 0 | N40: =SUM(E40:M40) -> 2
D41: JML | E41: =SUM(E39:E40) -> 1 | F41: =SUM(F39:F40) -> 3 | G41: =SUM(G39:G40) -> 3 | H41: =SUM(H39:H40) -> 0 | I41: =SUM(I39:I40) -> 1 | J41: =SUM(J39:J40) -> 0 | K41: =SUM(K39:K40) -> 0 | L41: =SUM(L39:L40) -> 0 | M41: =SUM(M39:M40) -> 1 | N41: =SUM(E41:M41) -> 9
A43: IV | B43: DATA RINCIAN PEROLEHAN SUARA PARTAI POLITIK DAN SUARA CALON
A44: NOMOR DAN NAMA CALON
A45: A.1 | B45: 1. | C45: Partai Kebangkitan Bangsa | E45: 13 | F45: 7 | G45: 7 | H45: 13 | I45: 1 | J45: 3 | K45: 21 | L45: 7 | M45: 11 | N45: =SUM(E45:M45) -> 83
A46: A.2 | B46: 1 | C46: 1. Dr. Hj. NIHAYATUL WAFIROH, M.A. | E46: 16 | F46: 18 | G46: 7 | H46: 10 | I46: 2 | J46: 6 | K46: 27 | L46: 20 | M46: 15 | N46: =SUM(E46:M46) -> 121
B47: 2 | C47: 2. H. M. NASIM KHAN | E47: 1 | F47: 2 | G47: 2 | H47: 0 | I47: 0 | J47: 0 | K47: 1 | L47: 0 | M47: 3 | N47: =SUM(E47:M47) -> 9
B48: 3 | C48: 3. Dr. H. AKIK ZAMAN, M.Pd.I. | E48: 1 | F48: 0 | G48: 1 | H48: 1 | I48: 0 | J48: 0 | K48: 0 | L48: 0 | M48: 2 | N48: =SUM(E48:M48) -> 5
B49: 4 | C49: 4. AHMAD RIFA'I, S.H. | E49: 1 | F49: 1 | G49: 0 | H49: 0 | I49: 0 | J49: 0 | K49: 0 | L49: 0 | M49: 0 | N49: =SUM(E49:M49) -> 2
B50: 5 | C50: 5. Drs. H. MAHFUD M.N. | E50: 0 | F50: 1 | G50: 1 | H50: 1 | I50: 0 | J50: 0 | K50: 0 | L50: 0 | M50: 0 | N50: =SUM(E50:M50) -> 3
B51: 6 | C51: 6. NURHAYATI, S.Pd. | E51: 0 | F51: 0 | G51: 0 | H51: 1 | I51: 0 | J51: 0 | K51: 0 | L51: 0 | M51: 0 | N51: =SUM(E51:M51) -> 1
B52: 7 | C52: 7. MAFTUHA KISWAH | E52: 0 | F52: 0 | G52: 0 | H52: 0 | I52: 0 | J52: 0 | K52: 0 | L52: 0 | M52: 0 | N52: =SUM(E52:M52) -> 0
N53: =SUM(E53:M53) -> 0
N54: =SUM(E54:M54) -> 0
A55: B | B55: JUMLAH SUARA SAH PARTAI POLITIK DAN CALON (A1 + A2) | E55: =SUM(E45:E52) -> 32 | F55: =SUM(F45:F52) -> 29 | G55: =SUM(G45:G52) -> 18 | H55: =SUM(H45:H52) -> 26 | I55: =SUM(I45:I52) -> 3 | J55: =SUM(J45:J52) -> 9 | K55: =SUM(K45:K52) -> 49 | L55: =SUM(L45:L52) -> 27 | M55: =SUM(M45:M52) -> 31 | N55: =SUM(E55:M55) -> 224
A57: A.1 | B57: 2. | C57: Partai Gerakan Indonesia Raya | E57: 16 | F57: 6 | G57: 8 | H57: 6 | I57: 3 | J57: 11 | K57: 10 | L57: 13 | M57: 27 | N57: =SUM(E57:M57) -> 100
A58: A.2 | B58: 1 | C58: 1. SUMAIL ABDULLAH | E58: 8 | F58: 43 | G58: 36 | H58: 17 | I58: 12 | J58: 23 | K58: 36 | L58: 51 | M58: 27 | N58: =SUM(E58:M58) -> 253
B59: 2 | C59: 2. MUHAMMAD ALI ADRIAN SALEH | E59: 2 | F59: 4 | G59: 5 | H59: 3 | I59: 3 | J59: 3 | K59: 4 | L59: 2 | M59: 3 | N59: =SUM(E59:M59) -> 29
B60: 3 | C60: 3. DURROTUN NAFISAH | E60: 0 | F60: 2 | G60: 0 | H60: 1 | I60: 0 | J60: 0 | K60: 0 | L60: 1 | M60: 1 | N60: =SUM(E60:M60) -> 5
B61: 4 | C61: 4. H. EKO SUSILO NURHIDAYAT | E61: 1 | F61: 0 | G61: 1 | H61: 1 | I61: 0 | J61: 0 | K61: 2 | L61: 2 | M61: 0 | N61: =SUM(E61:M61) -> 7
B62: 5 | C62: 5. KARNADI HARIJANTO, S.S. | E62: 1 | F62: 1 | G62: 0 | H62: 0 | I62: 0 | J62: 0 | K62: 1 | L62: 0 | M62: 0 | N62: =SUM(E62:M62) -> 3
B63: 6 | C63: 6. NURHAYATI | E63: 0 | F63: 0 | G63: 0 | H63: 0 | I63: 0 | J63: 0 | K63: 1 | L63: 0 | M63: 3 | N63: =SUM(E63:M63) -> 4
B64: 7 | C64: 7. MASHUDI | E64: 0 | F64: 0 | G64: 0 | H64: 0 | I64: 0 | J64: 1 | K64: 1 | L64: 0 | M64: 0 | N64: =SUM(E64:M64) -> 2
N65: =SUM(E65:M65) -> 0
N66: =SUM(E66:M66) -> 0
A67: B | B67: JUMLAH SUARA SAH PARTAI POLITIK DAN CALON (A1 + A2) | E67: =SUM(E57:E64) -> 28 | F67: =SUM(F57:F64) -> 56 | G67: =SUM(G57:G64) -> 50 | H67: =SUM(H57:H64) -> 28 | I67: =SUM(I57:I64) -> 18 | J67: =SUM(J57:J64) -> 38 | K67: =SUM(K57:K64) -> 55 | L67: =SUM(L57:L64) -> 69 | M67: =SUM(M57:M64) -> 61 | N67: =SUM(E67:M67) -> 403
A69: A.1 | B69: 3. | C69: Partai Demokrasi Indonesia Perjuangan | E69: 10 | F69: 6 | G69: 5 | H69: 2 | I69: 11 | J69: 5 | K69: 15 | L69: 7 | M69: 5 | N69: =SUM(E69:M69) -> 66
A70: A.2 | B70: 1 | C70: 1. SONNY TRI DANAPARAMITA, S.H., M.H. | E70: 5 | F70: 5 | G70: 4 | H70: 2 | I70: 5 | J70: 1 | K70: 10 | L70: 10 | M70: 6 | N70: =SUM(E70:M70) -> 48
B71: 2 | C71: 2. H. MOHAMAD GUNTUR ROMLI | E71: 3 | F71: 0 | G71: 0 | H71: 1 | I71: 0 | J71: 2 | K71: 2 | L71: 3 | M71: 5 | N71: =SUM(E71:M71) -> 16
B72: 3 | C72: 3. INA AMMANIA | E72: 3 | F72: 1 | G72: 9 | H72: 2 | I72: 39 | J72: 7 | K72: 8 | L72: 7 | M72: 11 | N72: =SUM(E72:M72) -> 87
B73: 4 | C73: 4. IRWAN BACHTIAR RACHMAT, M.Si. | E73: 1 | F73: 1 | G73: 0 | H73: 1 | I73: 3 | J73: 1 | K73: 1 | L73: 7 | M73: 3 | N73: =SUM(E73:M73) -> 18
B74: 5 | C74: 5. LUCKY PERDANA | E74: 8 | F74: 5 | G74: 5 | H74: 10 | I74: 10 | J74: 1 | K74: 6 | L74: 25 | M74: 2 | N74: =SUM(E74:M74) -> 72
B75: 6 | C75: 6. WIWIK PUJIYATI | E75: 0 | F75: 0 | G75: 1 | H75: 1 | I75: 0 | J75: 0 | K75: 1 | L75: 1 | M75: 1 | N75: =SUM(E75:M75) -> 5
B76: 7 | C76: 7. CHANDRA ASTAN, S.T. | E76: 1 | F76: 1 | G76: 1 | H76: 0 | I76: 1 | J76: 1 | K76: 0 | L76: 2 | M76: 0 | N76: =SUM(E76:M76) -> 7
N77: =SUM(E77:M77) -> 0
N78: =SUM(E78:M78) -> 0
A79: B | B79: JUMLAH SUARA SAH PARTAI POLITIK DAN CALON (A1 + A2) | E79: =SUM(E69:E76) -> 31 | F79: =SUM(F69:F76) -> 19 | G79: =SUM(G69:G76) -> 25 | H79: =SUM(H69:H76) -> 19 | I79: =SUM(I69:I76) -> 69 | J79: =SUM(J69:J76) -> 18 | K79: =SUM(K69:K76) -> 43 | L79: =SUM(L69:L76) -> 62 | M79: =SUM(M69:M76) -> 33 | N79: =SUM(E79:M79) -> 319
A81: A.1 | B81: 4. | C81: Partai Golongan Karya | E81: 4 | F81: 2 | G81: 6 | H81: 10 | I81: 0 | J81: 4 | K81: 7 | L81: 8 | M81: 6 | N81: =SUM(E81:M81) -> 47
A82: A.2 | B82: 1 | C82: 1. ZULFIKAR ARSE SADIKIN, S.I.P., M.Si. | E82: 17 | F82: 5 | G82: 11 | H82: 27 | I82: 4 | J82: 7 | K82: 2 | L82: 5 | M82: 2 | N82: =SUM(E82:M82) -> 80
B83: 2 | C83: 2. HANDOKO | E83: 0 | F83: 0 | G83: 0 | H83: 2 | I83: 3 | J83: 0 | K83: 4 | L83: 0 | M83: 4 | N83: =SUM(E83:M83) -> 13
B84: 3 | C84: 3. Hj. OVI DEWI YANTI | E84: 0 | F84: 0 | G84: 0 | H84: 2 | I84: 2 | J84: 1 | K84: 0 | L84: 0 | M84: 2 | N84: =SUM(E84:M84) -> 7
B85: 4 | C85: 4. Ir. AZAM AZMAN NATAWIJANA | E85: 0 | F85: 0 | G85: 2 | H85: 3 | I85: 0 | J85: 0 | K85: 0 | L85: 0 | M85: 1 | N85: =SUM(E85:M85) -> 6
B86: 5 | C86: 5. UBAIDILLAH AMIN, S.Kom. | E86: 1 | F86: 0 | G86: 0 | H86: 0 | I86: 0 | J86: 0 | K86: 1 | L86: 0 | M86: 0 | N86: =SUM(E86:M86) -> 2
B87: 6 | C87: 6. DENNY YUNIANDARI, S.H., M.Kn. | E87: 0 | F87: 0 | G87: 0 | H87: 0 | I87: 1 | J87: 0 | K87: 0 | L87: 0 | M87: 0 | N87: =SUM(E87:M87) -> 1
B88: 7 | C88: 7. ERNADI, S.H.I. | E88: 0 | F88: 0 | G88: 0 | H88: 0 | I88: 0 | J88: 0 | K88: 0 | L88: 0 | M88: 0 | N88: =SUM(E88:M88) -> 0
N89: =SUM(E89:M89) -> 0
N90: =SUM(E90:M90) -> 0
A91: B | B91: JUMLAH SUARA SAH PARTAI POLITIK DAN CALON (A1 + A2) | E91: =SUM(E81:E88) -> 22 | F91: =SUM(F81:F88) -> 7 | G91: =SUM(G81:G88) -> 19 | H91: =SUM(H81:H88) -> 44 | I91: =SUM(I81:I88) -> 10 | J91: =SUM(J81:J88) -> 12 | K91: =SUM(K81:K88) -> 14 | L91: =SUM(L81:L88) -> 13 | M91: =SUM(M81:M88) -> 15 | N91: =SUM(E91:M91) -> 156
A93: A.1 | B93: 5. | C93: Partai NasDem | E93: 1 | F93: 4 | G93: 4 | H93: 1 | I93: 0 | J93: 0 | K93: 0 | L93: 2 | M93: 0 | N93: =SUM(E93:M93) -> 12
A94: A.2 | B94: 1 | C94: 1. ACH. FADIL MUZAKKI SYAH | E94: 7 | F94: 12 | G94: 2 | H94: 2 | I94: 0 | J94: 0 | K94: 0 | L94: 2 | M94: 1 | N94: =SUM(E94:M94) -> 26
B95: 2 | C95: 2. BENY | E95: 0 | F95: 0 | G95: 0 | H95: 2 | I95: 5 | J95: 0 | K95: 0 | L95: 0 | M95: 0 | N95: =SUM(E95:M95) -> 7
B96: 3 | C96: 3. VINA VERONIKA | E96: 0 | F96: 0 | G96: 0 | H96: 2 | I96: 0 | J96: 0 | K96: 0 | L96: 0 | M96: 0 | N96: =SUM(E96:M96) -> 2
B97: 4 | C97: 4. TEDDY ANUGRIANTO | E97: 0 | F97: 0 | G97: 0 | H97: 0 | I97: 0 | J97: 0 | K97: 0 | L97: 0 | M97: 0 | N97: =SUM(E97:M97) -> 0
B98: 5 | C98: 5. INSAN KAMIL | E98: 0 | F98: 1 | G98: 0 | H98: 1 | I98: 0 | J98: 0 | K98: 0 | L98: 0 | M98: 0 | N98: =SUM(E98:M98) -> 2
B99: 6 | C99: 6. LILIK LINDARWATI | E99: 1 | F99: 0 | G99: 0 | H99: 0 | I99: 0 | J99: 0 | K99: 3 | L99: 0 | M99: 0 | N99: =SUM(E99:M99) -> 4
B100: 7 | C100: 7. YULI ANITA | E100: 0 | F100: 0 | G100: 1 | H100: 0 | I100: 0 | J100: 0 | K100: 2 | L100: 0 | M100: 0 | N100: =SUM(E100:M100) -> 3
N101: =SUM(E101:M101) -> 0
N102: =SUM(E102:M102) -> 0
A103: B | B103: JUMLAH SUARA SAH PARTAI POLITIK DAN CALON (A1 + A2) | E103: =SUM(E93:E100) -> 9 | F103: =SUM(F93:F100) -> 17 | G103: =SUM(G93:G100) -> 7 | H103: =SUM(H93:H100) -> 8 | I103: =SUM(I93:I100) -> 5 | J103: =SUM(J93:J100) -> 0 | K103: =SUM(K93:K100) -> 5 | L103: =SUM(L93:L100) -> 4 | M103: =SUM(M93:M100) -> 1 | N103: =SUM(E103:M103) -> 56
A105: A.1 | B105: 6. | C105: Partai Buruh | E105: 0 | F105: 1 | G105: 2 | H105: 1 | I105: 1 | J105: 0 | K105: 0 | L105: 0 | M105: 1 | N105: =SUM(E105:M105) -> 6
A106: A.2 | B106: 1 | C106: 1. KHOIRUL ANAM | E106: 0 | F106: 0 | G106: 0 | H106: 0 | I106: 0 | J106: 0 | K106: 0 | L106: 0 | M106: 0 | N106: =SUM(E106:M106) -> 0
B107: 2 | C107: 2. INA KURNIA | E107: 0 | F107: 0 | G107: 0 | H107: 0 | I107: 1 | J107: 0 | K107: 1 | L107: 0 | M107: 2 | N107: =SUM(E107:M107) -> 4
B108: 3 | C108: 3. JIBRAL TAROUK | E108: 0 | F108: 0 | G108: 0 | H108: 0 | I108: 0 | J108: 0 | K108: 0 | L108: 0 | M108: 0 | N108: =SUM(E108:M108) -> 0
B109: 4 | C109: 4. ASTUTI DAENG PUJI | E109: 0 | F109: 0 | G109: 0 | H109: 0 | I109: 1 | J109: 0 | K109: 0 | L109: 0 | M109: 1 | N109: =SUM(E109:M109) -> 2
B110: 5 | C110: 5. ASDARMAWAN | E110: 0 | F110: 0 | G110: 0 | H110: 0 | I110: 0 | J110: 0 | K110: 0 | L110: 0 | M110: 0 | N110: =SUM(E110:M110) -> 0
B111: 6 | C111: 6. RIFQI MUBAROK | E111: 0 | F111: 0 | G111: 0 | H111: 0 | I111: 0 | J111: 0 | K111: 0 | L111: 0 | M111: 0 | N111: =SUM(E111:M111) -> 0
B112: 7 | C112: 7. FIRNANDA ALTA MEGA | E112: 0 | F112: 0 | G112: 0 | H112: 0 | I112: 0 | J112: 0 | K112: 0 | L112: 0 | M112: 0 | N112: =SUM(E112:M112) -> 0
N113: =SUM(E113:M113) -> 0
N114: =SUM(E114:M114) -> 0
A115: B | B115: JUMLAH SUARA SAH PARTAI POLITIK DAN CALON (A1 + A2) | E115: =SUM(E105:E112) -> 0 | F115: =SUM(F105:F112) -> 1 | G115: =SUM(G105:G112) -> 2 | H115: =SUM(H105:H112) -> 1 | I115: =SUM(I105:I112) -> 3 | J115: =SUM(J105:J112) -> 0 | K115: =SUM(K105:K112) -> 1 | L115: =SUM(L105:L112) -> 0 | M115: =SUM(M105:M112) -> 4 | N115: =SUM(E115:M115) -> 12
A117: A.1 | B117: 7. | C117: Partai Gelombang Rakyat Indonesia | E117: 0 | F117: 0 | G117: 0 | H117: 0 | I117: 2 | J117: 0 | K117: 0 | L117: 1 | M117: 2 | N117: =SUM(E117:M117) -> 5
...

Sheet GUMUK
C2: Kecamatan | D2: LICIN
C3: Kabupaten | D3: BANYUWANGI
C4: Provinsi | D4: JAWA TIMUR
C9: Kelurahan | D9: GUMUK
A12: I | B12: DATA PEMILIH DAN PENGGUNAAN HAK PILIH | M12: JUMLAH AKHIR
A13: A | B13: DATA PEMILIH | E13: TPS 001 | F13: TPS 002 | G13: TPS 003 | H13: TPS 004 | I13: TPS 005 | J13: TPS 006 | K13: TPS 007 | L13: TPS 008
B14: Jumlah Pemilih dalam Daftar Pemilih Tetap (DPT) | D14: LK | E14: 129 | F14: 145 | G14: 133 | H14: 108 | I14: 127 | J14: 110 | K14: 99 | L14: 106 | M14: =SUM(E14:L14) -> 957
D15: PR | E15: 131 | F15: 129 | G15: 139 | H15: 112 | I15: 133 | J15: 115 | K15: 111 | L15: 109 | M15: =SUM(E15:L15) -> 979
D16: JML | E16: =SUM(E14:E15) -> 260 | F16: =SUM(F14:F15) -> 274 | G16: =SUM(G14:G15) -> 272 | H16: =SUM(H14:H15) -> 220 | I16: =SUM(I14:I15) -> 260 | J16: =SUM(J14:J15) -> 225 | K16: =SUM(K14:K15) -> 210 | L16: =SUM(L14:L15) -> 215 | M16: =SUM(E16:L16) -> 1936
A18: B | B18: PENGGUNA HAK PILIH
B19: 1. | C19: Jumlah pengguna hak pilih dalam Daftar Pemilih Tetap (DPT) | D19: LK | E19: 107 | F19: 113 | G19: 102 | H19: 76 | I19: 100 | J19: 99 | K19: 79 | L19: 90 | M19: =SUM(E19:L19) -> 766
D20: PR | E20: 96 | F20: 101 | G20: 113 | H20: 86 | I20: 112 | J20: 97 | K20: 89 | L20: 98 | M20: =SUM(E20:L20) -> 792
D21: JML | E21: =SUM(E19:E20) -> 203 | F21: =SUM(F19:F20) -> 214 | G21: =SUM(G19:G20) -> 215 | H21: =SUM(H19:H20) -> 162 | I21: =SUM(I19:I20) -> 212 | J21: =SUM(J19:J20) -> 196 | K21: =SUM(K19:K20) -> 168 | L21: =SUM(L19:L20) -> 188 | M21: =SUM(E21:L21) -> 1558
B22: 2. | C22: Jumlah pengguna hak pilih dalam Daftar Pemilih Tambahan (DPTb) | D22: LK | E22: 0 | F22: 2 | G22: 0 | H22: 0 | I22: 0 | J22: 1 | K22: 0 | L22: 0 | M22: =SUM(E22:L22) -> 3
D23: PR | E23: 0 | F23: 0 | G23: 0 | H23: 0 | I23: 0 | J23: 0 | K23: 0 | L23: 0 | M23: =SUM(E23:L23) -> 0
D24: JML | E24: =SUM(E22:E23) -> 0 | F24: =SUM(F22:F23) -> 2 | G24: =SUM(G22:G23) -> 0 | H24: =SUM(H22:H23) -> 0 | I24: =SUM(I22:I23) -> 0 | J24: =SUM(J22:J23) -> 1 | K24: =SUM(K22:K23) -> 0 | L24: =SUM(L22:L23) -> 0 | M24: =SUM(E24:L24) -> 3
B25: 3. | C25: Jumlah pengguna hak pilih dalam Daftar Pemilih Khusus (DPK) | D25: LK | E25: 0 | F25: 0 | G25: 0 | H25: 0 | I25: 1 | J25: 4 | K25: 1 | L25: 2 | M25: =SUM(E25:L25) -> 8
D26: PR | E26: 0 | F26: 1 | G26: 1 | H26: 0 | I26: 2 | J26: 2 | K26: 1 | L26: 0 | M26: =SUM(E26:L26) -> 7
D27: JML | E27: =SUM(E25:E26) -> 0 | F27: =SUM(F25:F26) -> 1 | G27: =SUM(G25:G26) -> 1 | H27: =SUM(H25:H26) -> 0 | I27: =SUM(I25:I26) -> 3 | J27: =SUM(J25:J26) -> 6 | K27: =SUM(K25:K26) -> 2 | L27: =SUM(L25:L26) -> 2 | M27: =SUM(E27:L27) -> 15
B28: 4. | C28: Jumlah Pengguna Hak Pilih (B.1+B.2+B.3) | D28: LK | E28: =SUM(E19,E22,E25) -> 107 | F28: =SUM(F19,F22,F25) -> 115 | G28: =SUM(G19,G22,G25) -> 102 | H28: =SUM(H19,H22,H25) -> 76 | I28: =SUM(I19,I22,I25) -> 101 | J28: =SUM(J19,J22,J25) -> 104 | K28: =SUM(K19,K22,K25) -> 80 | L28: =SUM(L19,L22,L25) -> 92 | M28: =SUM(E28:L28) -> 777
D29: PR | E29: =SUM(E20,E23,E26) -> 96 | F29: =SUM(F20,F23,F26) -> 102 | G29: =SUM(G20,G23,G26) -> 114 | H29: =SUM(H20,H23,H26) -> 86 | I29: =SUM(I20,I23,I26) -> 114 | J29: =SUM(J20,J23,J26) -> 99 | K29: =SUM(K20,K23,K26) -> 90 | L29: =SUM(L20,L23,L26) -> 98 | M29: =SUM(E29:L29) -> 799
D30: JML | E30: =SUM(E28:E29) -> 203 | F30: =SUM(F28:F29) -> 217 | G30: =SUM(G28:G29) -> 216 | H30: =SUM(H28:H29) -> 162 | I30: =SUM(I28:I29) -> 215 | J30: =SUM(J28:J29) -> 203 | K30: =SUM(K28:K29) -> 170 | L30: =SUM(L28:L29) -> 190 | M30: =SUM(E30:L30) -> 1576
A32: II | B32: DATA PENGGUNAAN SURAT SUARA
A33: 1 | B33: Jumlah surat suara yang diterima, termasuk surat suara cadangan 2,5% dari DPT | E33: 256 | F33: 270 | G33: 278 | H33: 225 | I33: 266 | J33: 229 | K33: 206 | L33: 210 | M33: =SUM(E33:L33) -> 1940
A34: 2 | B34: Jumlah surat suara yang digunakan | E34: 203 | F34: 217 | G34: 216 | H34: 162 | I34: 215 | J34: 203 | K34: 170 | L34: 190 | M34: =SUM(E34:L34) -> 1576
A35: 3 | B35: Jumlah surat suara dikembalikan oleh pemilih (karena rusak atau keliru coblos) | E35: 0 | F35: 0 | G35: 0 | H35: 0 | I35: 0 | J35: 0 | K35: 0 | L35: 0 | M35: =SUM(E35:L35) -> 0
A36: 4 | B36: Jumlah surat suara yang tidak digunakan/tidak terpakai, termasuk sisa surat suara cadangan | E36: =E33-(E34+E35) -> 53 | F36: =F33-(F34+F35) -> 53 | G36: =G33-(G34+G35) -> 62 | H36: =H33-(H34+H35) -> 63 | I36: =I33-(I34+I35) -> 51 | J36: =J33-(J34+J35) -> 26 | K36: =K33-(K34+K35) -> 36 | L36: =L33-(L34+L35) -> 20 | M36: =SUM(E36:L36) -> 364
A38: III | B38: DATA PEMILIH DISABILITAS
B39: Jumlah seluruh Pemilih disabilitas yang menggunakan hak pilih | D39: LK | E39: 0 | F39: 0 | G39: 0 | H39: 0 | I39: 2 | J39: 0 | K39: 0 | L39: 0 | M39: =SUM(E39:L39) -> 2
D40: PR | E40: 0 | F40: 0 | G40: 0 | H40: 0 | I40: 0 | J40: 0 | K40: 0 | L40: 0 | M40: =SUM(E40:L40) -> 0
D41: JML | E41: =SUM(E39:E40) -> 0 | F41: =SUM(F39:F40) -> 0 | G41: =SUM(G39:G40) -> 0 | H41: =SUM(H39:H40) -> 0 | I41: =SUM(I39:I40) -> 2 | J41: =SUM(J39:J40) -> 0 | K41: =SUM(K39:K40) -> 0 | L41: =SUM(L39:L40) -> 0 | M41: =SUM(E41:L41) -> 2
A43: IV | B43: DATA RINCIAN PEROLEHAN SUARA PARTAI POLITIK DAN SUARA CALON
A44: NOMOR DAN NAMA CALON
A45: A.1 | B45: 1. | C45: Partai Kebangkitan Bangsa | E45: 4 | F45: 9 | G45: 6 | H45: 8 | I45: 5 | J45: 10 | K45: 1 | L45: 2 | M45: =SUM(E45:L45) -> 45
A46: A.2 | B46: 1 | C46: 1. Dr. Hj. NIHAYATUL WAFIROH, M.A. | E46: 28 | F46: 18 | G46: 16 | H46: 12 | I46: 8 | J46: 7 | K46: 4 | L46: 13 | M46: =SUM(E46:L46) -> 106
B47: 2 | C47: 2. H. M. NASIM KHAN | E47: 1 | F47: 2 | G47: 0 | H47: 1 | I47: 0 | J47: 0 | K47: 0 | L47: 0 | M47: =SUM(E47:L47) -> 4
B48: 3 | C48: 3. Dr. H. AKIK ZAMAN, M.Pd.I. | E48: 0 | F48: 0 | G48: 0 | H48: 1 | I48: 1 | J48: 0 | K48: 0 | L48: 0 | M48: =SUM(E48:L48) -> 2
B49: 4 | C49: 4. AHMAD RIFA'I, S.H. | E49: 1 | F49: 0 | G49: 0 | H49: 0 | I49: 0 | J49: 0 | K49: 0 | L49: 0 | M49: =SUM(E49:L49) -> 1
B50: 5 | C50: 5. Drs. H. MAHFUD M.N. | E50: 0 | F50: 0 | G50: 0 | H50: 0 | I50: 0 | J50: 0 | K50: 0 | L50: 0 | M50: =SUM(E50:L50) -> 0
B51: 6 | C51: 6. NURHAYATI, S.Pd. | E51: 0 | F51: 0 | G51: 0 | H51: 0 | I51: 0 | J51: 0 | K51: 0 | L51: 0 | M51: =SUM(E51:L51) -> 0
B52: 7 | C52: 7. MAFTUHA KISWAH | E52: 0 | F52: 0 | G52: 0 | H52: 0 | I52: 0 | J52: 0 | K52: 0 | L52: 0 | M52: =SUM(E52:L52) -> 0
M53: =SUM(E53:L53) -> 0
M54: =SUM(E54:L54) -> 0
A55: B | B55: JUMLAH SUARA SAH PARTAI POLITIK DAN CALON (A1 + A2) | E55: =SUM(E45:E52) -> 34 | F55: =SUM(F45:F52) -> 29 | G55: =SUM(G45:G52) -> 22 | H55: =SUM(H45:H52) -> 22 | I55: =SUM(I45:I52) -> 14 | J55: =SUM(J45:J52) -> 17 | K55: =SUM(K45:K52) -> 5 | L55: =SUM(L45:L52) -> 15 | M55: =SUM(E55:L55) -> 158
A57: A.1 | B57: 2. | C57: Partai Gerakan Indonesia Raya | E57: 24 | F57: 15 | G57: 10 | H57: 10 | I57: 20 | J57: 26 | K57: 15 | L57: 17 | M57: =SUM(E57:L57) -> 137
A58: A.2 | B58: 1 | C58: 1. SUMAIL ABDULLAH | E58: 13 | F58: 7 | G58: 10 | H58: 3 | I58: 12 | J58: 16 | K58: 5 | L58: 12 | M58: =SUM(E58:L58) -> 78
B59: 2 | C59: 2. MUHAMMAD ALI ADRIAN SALEH | E59: 9 | F59: 22 | G59: 17 | H59: 2 | I59: 16 | J59: 33 | K59: 33 | L59: 42 | M59: =SUM(E59:L59) -> 174
B60: 3 | C60: 3. DURROTUN NAFISAH | E60: 2 | F60: 0 | G60: 3 | H60: 0 | I60: 2 | J60: 1 | K60: 1 | L60: 0 | M60: =SUM(E60:L60) -> 9
B61: 4 | C61: 4. H. EKO SUSILO NURHIDAYAT | E61: 1 | F61: 0 | G61: 1 | H61: 0 | I61: 2 | J61: 0 | K61: 2 | L61: 3 | M61: =SUM(E61:L61) -> 9
B62: 5 | C62: 5. KARNADI HARIJANTO, S.S. | E62: 0 | F62: 0 | G62: 0 | H62: 0 | I62: 0 | J62: 0 | K62: 0 | L62: 0 | M62: =SUM(E62:L62) -> 0
B63: 6 | C63: 6. NURHAYATI | E63: 0 | F63: 1 | G63: 0 | H63: 0 | I63: 0 | J63: 0 | K63: 0 | L63: 0 | M63: =SUM(E63:L63) -> 1
B64: 7 | C64: 7. MASHUDI | E64: 0 | F64: 0 | G64: 0 | H64: 0 | I64: 0 | J64: 0 | K64: 0 | L64: 1 | M64: =SUM(E64:L64) -> 1
M65: =SUM(E65:L65) -> 0
M66: =SUM(E66:L66) -> 0
A67: B | B67: JUMLAH SUARA SAH PARTAI POLITIK DAN CALON (A1 + A2) | E67: =SUM(E57:E64) -> 49 | F67: =SUM(F57:F64) -> 45 | G67: =SUM(G57:G64) -> 41 | H67: =SUM(H57:H64) -> 15 | I67: =SUM(I57:I64) -> 52 | J67: =SUM(J57:J64) -> 76 | K67: =SUM(K57:K64) -> 56 | L67: =SUM(L57:L64) -> 75 | M67: =SUM(E67:L67) -> 409
A69: A.1 | B69: 3. | C69: Partai Demokrasi Indonesia Perjuangan | E69: 14 | F69: 18 | G69: 10 | H69: 13 | I69: 16 | J69: 3 | K69: 11 | L69: 6 | M69: =SUM(E69:L69) -> 91
A70: A.2 | B70: 1 | C70: 1. SONNY TRI DANAPARAMITA, S.H., M.H. | E70: 7 | F70: 7 | G70: 6 | H70: 12 | I70: 6 | J70: 3 | K70: 3 | L70: 3 | M70: =SUM(E70:L70) -> 47
B71: 2 | C71: 2. H. MOHAMAD GUNTUR ROMLI | E71: 2 | F71: 2 | G71: 2 | H71: 1 | I71: 3 | J71: 1 | K71: 2 | L71: 2 | M71: =SUM(E71:L71) -> 15
B72: 3 | C72: 3. INA AMMANIA | E72: 11 | F72: 25 | G72: 41 | H72: 40 | I72: 1 | J72: 2 | K72: 5 | L72: 0 | M72: =SUM(E72:L72) -> 125
B73: 4 | C73: 4. IRWAN BACHTIAR RACHMAT, M.Si. | E73: 1 | F73: 0 | G73: 1 | H73: 0 | I73: 6 | J73: 0 | K73: 5 | L73: 2 | M73: =SUM(E73:L73) -> 15
B74: 5 | C74: 5. LUCKY PERDANA | E74: 8 | F74: 8 | G74: 7 | H74: 4 | I74: 5 | J74: 0 | K74: 5 | L74: 0 | M74: =SUM(E74:L74) -> 37
B75: 6 | C75: 6. WIWIK PUJIYATI | E75: 1 | F75: 2 | G75: 0 | H75: 1 | I75: 1 | J75: 0 | K75: 2 | L75: 0 | M75: =SUM(E75:L75) -> 7
B76: 7 | C76: 7. CHANDRA ASTAN, S.T. | E76: 0 | F76: 1 | G76: 2 | H76: 0 | I76: 2 | J76: 1 | K76: 17 | L76: 17 | M76: =SUM(E76:L76) -> 40
M77: =SUM(E77:L77) -> 0
M78: =SUM(E78:L78) -> 0
A79: B | B79: JUMLAH SUARA SAH PARTAI POLITIK DAN CALON (A1 + A2) | E79: =SUM(E69:E76) -> 44 | F79: =SUM(F69:F76) -> 63 | G79: =SUM(G69:G76) -> 69 | H79: =SUM(H69:H76) -> 71 | I79: =SUM(I69:I76) -> 40 | J79: =SUM(J69:J76) -> 10 | K79: =SUM(K69:K76) -> 50 | L79: =SUM(L69:L76) -> 30 | M79: =SUM(E79:L79) -> 377
A81: A.1 | B81: 4. | C81: Partai Golongan Karya | E81: 6 | F81: 13 | G81: 16 | H81: 8 | I81: 14 | J81: 15 | K81: 12 | L81: 5 | M81: =SUM(E81:L81) -> 89
A82: A.2 | B82: 1 | C82: 1. ZULFIKAR ARSE SADIKIN, S.I.P., M.Si. | E82: 7 | F82: 10 | G82: 2 | H82: 2 | I82: 44 | J82: 30 | K82: 5 | L82: 11 | M82: =SUM(E82:L82) -> 111
B83: 2 | C83: 2. HANDOKO | E83: 5 | F83: 3 | G83: 3 | H83: 1 | I83: 2 | J83: 4 | K83: 1 | L83: 7 | M83: =SUM(E83:L83) -> 26
B84: 3 | C84: 3. Hj. OVI DEWI YANTI | E84: 0 | F84: 1 | G84: 1 | H84: 1 | I84: 1 | J84: 2 | K84: 1 | L84: 1 | M84: =SUM(E84:L84) -> 8
B85: 4 | C85: 4. Ir. AZAM AZMAN NATAWIJANA | E85: 1 | F85: 2 | G85: 0 | H85: 0 | I85: 2 | J85: 1 | K85: 1 | L85: 0 | M85: =SUM(E85:L85) -> 7
B86: 5 | C86: 5. UBAIDILLAH AMIN, S.Kom. | E86: 1 | F86: 1 | G86: 2 | H86: 0 | I86: 3 | J86: 0 | K86: 1 | L86: 1 | M86: =SUM(E86:L86) -> 9
B87: 6 | C87: 6. DENNY YUNIANDARI, S.H., M.Kn. | E87: 0 | F87: 0 | G87: 0 | H87: 1 | I87: 0 | J87: 0 | K87: 0 | L87: 0 | M87: =SUM(E87:L87) -> 1
B88: 7 | C88: 7. ERNADI, S.H.I. | E88: 1 | F88: 1 | G88: 0 | H88: 0 | I88: 0 | J88: 0 | K88: 0 | L88: 1 | M88: =SUM(E88:L88) -> 3
M89: =SUM(E89:L89) -> 0
M90: =SUM(E90:L90) -> 0
A91: B | B91: JUMLAH SUARA SAH PARTAI POLITIK DAN CALON (A1 + A2) | E91: =SUM(E81:E88) -> 21 | F91: =SUM(F81:F88) -> 31 | G91: =SUM(G81:G88) -> 24 | H91: =SUM(H81:H88) -> 13 | I91: =SUM(I81:I88) -> 66 | J91: =SUM(J81:J88) -> 52 | K91: =SUM(K81:K88) -> 21 | L91: =SUM(L81:L88) -> 26 | M91: =SUM(E91:L91) -> 254
A93: A.1 | B93: 5. | C93: Partai NasDem | E93: 1 | F93: 0 | G93: 0 | H93: 0 | I93: 2 | J93: 0 | K93: 0 | L93: 1 | M93: =SUM(E93:L93) -> 4
A94: A.2 | B94: 1 | C94: 1. ACH. FADIL MUZAKKI SYAH | E94: 0 | F94: 2 | G94: 3 | H94: 1 | I94: 0 | J94: 0 | K94: 1 | L94: 0 | M94: =SUM(E94:L94) -> 7
B95: 2 | C95: 2. BENY | E95: 0 | F95: 0 | G95: 0 | H95: 0 | I95: 0 | J95: 0 | K95: 0 | L95: 1 | M95: =SUM(E95:L95) -> 1
B96: 3 | C96: 3. VINA VERONIKA | E96: 0 | F96: 0 | G96: 0 | H96: 0 | I96: 0 | J96: 0 | K96: 0 | L96: 0 | M96: =SUM(E96:L96) -> 0
B97: 4 | C97: 4. TEDDY ANUGRIANTO | E97: 1 | F97: 0 | G97: 0 | H97: 0 | I97: 0 | J97: 0 | K97: 0 | L97: 0 | M97: =SUM(E97:L97) -> 1
B98: 5 | C98: 5. INSAN KAMIL | E98: 0 | F98: 0 | G98: 1 | H98: 1 | I98: 1 | J98: 0 | K98: 0 | L98: 0 | M98: =SUM(E98:L98) -> 3
B99: 6 | C99: 6. LILIK LINDARWATI | E99: 0 | F99: 0 | G99: 0 | H99: 0 | I99: 0 | J99: 0 | K99: 0 | L99: 0 | M99: =SUM(E99:L99) -> 0
B100: 7 | C100: 7. YULI ANITA | E100: 0 | F100: 0 | G100: 0 | H100: 0 | I100: 0 | J100: 0 | K100: 0 | L100: 0 | M100: =SUM(E100:L100) -> 0
M101: =SUM(E101:L101) -> 0
M102: =SUM(E102:L102) -> 0
A103: B | B103: JUMLAH SUARA SAH PARTAI POLITIK DAN CALON (A1 + A2) | E103: =SUM(E93:E100) -> 2 | F103: =SUM(F93:F100) -> 2 | G103: =SUM(G93:G100) -> 4 | H103: =SUM(H93:H100) -> 2 | I103: =SUM(I93:I100) -> 3 | J103: =SUM(J93:J100) -> 0 | K103: =SUM(K93:K100) -> 1 | L103: =SUM(L93:L100) -> 2 | M103: =SUM(E103:L103) -> 16
A105: A.1 | B105: 6. | C105: Partai Buruh | E105: 0 | F105: 0 | G105: 0 | H105: 0 | I105: 0 | J105: 0 | K105: 0 | L105: 0 | M105: =SUM(E105:L105) -> 0
A106: A.2 | B106: 1 | C106: 1. KHOIRUL ANAM | E106: 0 | F106: 0 | G106: 0 | H106: 0 | I106: 0 | J106: 0 | K106: 0 | L106: 0 | M106: =SUM(E106:L106) -> 0
B107: 2 | C107: 2. INA KURNIA | E107: 0 | F107: 0 | G107: 0 | H107: 0 | I107: 0 | J107: 0 | K107: 0 | L107: 0 | M107: =SUM(E107:L107) -> 0
B108: 3 | C108: 3. JIBRAL TAROUK | E108: 0 | F108: 0 | G108: 0 | H108: 0 | I108: 0 | J108: 0 | K108: 0 | L108: 0 | M108: =SUM(E108:L108) -> 0
B109: 4 | C109: 4. ASTUTI DAENG PUJI | E109: 0 | F109: 0 | G109: 0 | H109: 0 | I109: 0 | J109: 0 | K109: 0 | L109: 0 | M109: =SUM(E109:L109) -> 0
B110: 5 | C110: 5. ASDARMAWAN | E110: 0 | F110: 0 | G110: 0 | H110: 0 | I110: 0 | J110: 0 | K110: 0 | L110: 0 | M110: =SUM(E110:L110) -> 0
B111: 6 | C111: 6. RIFQI MUBAROK | E111: 0 | F111: 0 | G111: 0 | H111: 0 | I111: 0 | J111: 0 | K111: 1 | L111: 0 | M111: =SUM(E111:L111) -> 1
B112: 7 | C112: 7. FIRNANDA ALTA MEGA | E112: 0 | F112: 0 | G112: 0 | H112: 0 | I112: 0 | J112: 0 | K112: 0 | L112: 0 | M112: =SUM(E112:L112) -> 0
M113: =SUM(E113:L113) -> 0
M114: =SUM(E114:L114) -> 0
A115: B | B115: JUMLAH SUARA SAH PARTAI POLITIK DAN CALON (A1 + A2) | E115: =SUM(E105:E112) -> 0 | F115: =SUM(F105:F112) -> 0 | G115: =SUM(G105:G112) -> 0 | H115: =SUM(H105:H112) -> 0 | I115: =SUM(I105:I112) -> 0 | J115: =SUM(J105:J112) -> 0 | K115: =SUM(K105:K112) -> 1 | L115: =SUM(L105:L112) -> 0 | M115: =SUM(E115:L115) -> 1
A117: A.1 | B117: 7. | C117: Partai Gelombang Rakyat Indonesia | E117: 0 | F117: 1 | G117: 0 | H117: 1 | I117: 4 | J117: 0 | K117: 1 | L117: 1 | M117: =SUM(E117:L117) -> 8
...

Sheet JELUN
C2: Kecamatan | D2: LICIN
C3: Kabupaten | D3: BANYUWANGI
C4: Provinsi | D4: JAWA TIMUR
C9: Kelurahan | D9: JELUN
A12: I | B12: DATA PEMILIH DAN PENGGUNAAN HAK PILIH | M12: JUMLAH AKHIR
A13: A | B13: DATA PEMILIH | E13: TPS 001 | F13: TPS 002 | G13: TPS 003 | H13: TPS 004 | I13: TPS 005 | J13: TPS 006 | K13: TPS 007 | L13: TPS 008
B14: Jumlah Pemilih dalam Daftar Pemilih Tetap (DPT) | D14: LK | E14: 148 | F14: 107 | G14: 123 | H14: 127 | I14: 129 | J14: 119 | K14: 115 | L14: 110 | M14: =SUM(D14:L14) -> 978
D15: PR | E15: 141 | F15: 121 | G15: 105 | H15: 132 | I15: 132 | J15: 134 | K15: 115 | L15: 106 | M15: =SUM(D15:L15) -> 986
D16: JML | E16: =SUM(E14:E15) -> 289 | F16: =SUM(F14:F15) -> 228 | G16: =SUM(G14:G15) -> 228 | H16: =SUM(H14:H15) -> 259 | I16: =SUM(I14:I15) -> 261 | J16: =SUM(J14:J15) -> 253 | K16: =SUM(K14:K15) -> 230 | L16: =SUM(L14:L15) -> 216 | M16: =SUM(D16:L16) -> 1964
M17: =SUM(D17:L17) -> 0
A18: B | B18: PENGGUNA HAK PILIH | M18: =SUM(D18:L18) -> 0
B19: 1. | C19: Jumlah pengguna hak pilih dalam Daftar Pemilih Tetap (DPT) | D19: LK | E19: 100 | F19: 83 | G19: 101 | H19: 95 | I19: 108 | J19: 95 | K19: 78 | L19: 84 | M19: =SUM(D19:L19) -> 744
D20: PR | E20: 118 | F20: 100 | G20: 83 | H20: 101 | I20: 114 | J20: 109 | K20: 85 | L20: 78 | M20: =SUM(D20:L20) -> 788
D21: JML | E21: =SUM(E19:E20) -> 218 | F21: =SUM(F19:F20) -> 183 | G21: =SUM(G19:G20) -> 184 | H21: =SUM(H19:H20) -> 196 | I21: =SUM(I19:I20) -> 222 | J21: =SUM(J19:J20) -> 204 | K21: =SUM(K19:K20) -> 163 | L21: =SUM(L19:L20) -> 162 | M21: =SUM(D21:L21) -> 1532
B22: 2. | C22: Jumlah pengguna hak pilih dalam Daftar Pemilih Tambahan (DPTb) | D22: LK | E22: 0 | F22: 0 | G22: 0 | H22: 0 | I22: 0 | J22: 0 | K22: 0 | L22: 0 | M22: =SUM(D22:L22) -> 0
D23: PR | E23: 1 | F23: 0 | G23: 0 | H23: 0 | I23: 0 | J23: 0 | K23: 0 | L23: 0 | M23: =SUM(D23:L23) -> 1
D24: JML | E24: =SUM(E22:E23) -> 1 | F24: =SUM(F22:F23) -> 0 | G24: =SUM(G22:G23) -> 0 | H24: =SUM(H22:H23) -> 0 | I24: =SUM(I22:I23) -> 0 | J24: =SUM(J22:J23) -> 0 | K24: =SUM(K22:K23) -> 0 | L24: =SUM(L22:L23) -> 0 | M24: =SUM(D24:L24) -> 1
B25: 3. | C25: Jumlah pengguna hak pilih dalam Daftar Pemilih Khusus (DPK) | D25: LK | E25: 0 | F25: 0 | G25: 0 | H25: 0 | I25: 1 | J25: 0 | K25: 0 | L25: 0 | M25: =SUM(D25:L25) -> 1
D26: PR | E26: 2 | F26: 0 | G26: 0 | H26: 1 | I26: 0 | J26: 0 | K26: 0 | L26: 0 | M26: =SUM(D26:L26) -> 3
D27: JML | E27: =SUM(E25:E26) -> 2 | F27: =SUM(F25:F26) -> 0 | G27: 0 | H27: =SUM(H25:H26) -> 1 | I27: =SUM(I25:I26) -> 1 | J27: =SUM(J25:J26) -> 0 | K27: =SUM(K25:K26) -> 0 | L27: =SUM(L25:L26) -> 0 | M27: =SUM(D27:L27) -> 4
B28: 4. | C28: Jumlah Pengguna Hak Pilih (B.1+B.2+B.3) | D28: LK | E28: =SUM(E19,E22,E25) -> 100 | F28: =SUM(F19,F22,F25) -> 83 | G28: =SUM(G19,G22,G25) -> 101 | H28: =SUM(H19,H22,H25) -> 95 | I28: =SUM(I19,I22,I25) -> 109 | J28: =SUM(J19,J22,J25) -> 95 | K28: =SUM(K19,K22,K25) -> 78 | L28: =SUM(L19,L22,L25) -> 84 | M28: =SUM(D28:L28) -> 745
D29: PR | E29: =SUM(E20,E23,E26) -> 121 | F29: =SUM(F20,F23,F26) -> 100 | G29: =SUM(G20,G23,G26) -> 83 | H29: =SUM(H20,H23,H26) -> 102 | I29: =SUM(I20,I23,I26) -> 114 | J29: =SUM(J20,J23,J26) -> 109 | K29: =SUM(K20,K23,K26) -> 85 | L29: =SUM(L20,L23,L26) -> 78 | M29: =SUM(D29:L29) -> 792
D30: JML | E30: =SUM(E28:E29) -> 221 | F30: =SUM(F28:F29) -> 183 | G30: =SUM(G28:G29) -> 184 | H30: =SUM(H28:H29) -> 197 | I30: =SUM(I28:I29) -> 223 | J30: =SUM(J28:J29) -> 204 | K30: =SUM(K28:K29) -> 163 | L30: =SUM(L28:L29) -> 162 | M30: =SUM(D30:L30) -> 1537
M31: =SUM(D31:L31) -> 0
A32: II | B32: DATA PENGGUNAAN SURAT SUARA | M32: =SUM(D32:L32) -> 0
A33: 1 | B33: Jumlah surat suara yang diterima, termasuk surat suara cadangan 2,5% dari DPT | E33: 296 | F33: 234 | G33: 214 | H33: 265 | I33: 256 | J33: 259 | K33: 235 | L33: 221 | M33: =SUM(D33:L33) -> 1980
A34: 2 | B34: Jumlah surat suara yang digunakan | E34: 221 | F34: 183 | G34: 184 | H34: 197 | I34: 223 | J34: 204 | K34: 163 | L34: 162 | M34: =SUM(D34:L34) -> 1537
A35: 3 | B35: Jumlah surat suara dikembalikan oleh pemilih (karena rusak atau keliru coblos) | E35: 0 | F35: 1 | G35: 2 | H35: 0 | I35: 0 | J35: 0 | K35: 0 | L35: 0 | M35: =SUM(D35:L35) -> 3
A36: 4 | B36: Jumlah surat suara yang tidak digunakan/tidak terpakai, termasuk sisa surat suara cadangan | E36: =E33-(E34+E35) -> 75 | F36: =F33-(F34+F35) -> 50 | G36: =G33-(G34+G35) -> 28 | H36: =H33-(H34+H35) -> 68 | I36: =I33-(I34+I35) -> 33 | J36: =J33-(J34+J35) -> 55 | K36: =K33-(K34+K35) -> 72 | L36: =L33-(L34+L35) -> 59 | M36: =SUM(D36:L36) -> 440
M37: =SUM(D37:L37) -> 0
A38: III | B38: DATA PEMILIH DISABILITAS | M38: =SUM(D38:L38) -> 0
B39: Jumlah seluruh Pemilih disabilitas yang menggunakan hak pilih | D39: LK | E39: 0 | F39: 0 | G39: 0 | H39: 0 | I39: 0 | J39: 1 | K39: 1 | L39: 0 | M39: =SUM(D39:L39) -> 2
D40: PR | E40: 0 | F40: 0 | G40: 0 | H40: 0 | I40: 0 | J40: 1 | K40: 0 | L40: 0 | M40: =SUM(D40:L40) -> 1
D41: JML | E41: =SUM(E39:E40) -> 0 | F41: =SUM(F39:F40) -> 0 | G41: =SUM(G39:G40) -> 0 | H41: =SUM(H39:H40) -> 0 | I41: =SUM(I39:I40) -> 0 | J41: =SUM(J39:J40) -> 2 | K41: =SUM(K39:K40) -> 1 | L41: =SUM(L39:L40) -> 0 | M41: =SUM(E41:L41) -> 3
A43: IV | B43: DATA RINCIAN PEROLEHAN SUARA PARTAI POLITIK DAN SUARA CALON
A44: NOMOR DAN NAMA CALON
A45: A.1 | B45: 1. | C45: Partai Kebangkitan Bangsa | E45: 7 | F45: 7 | G45: 6 | H45: 6 | I45: 2 | J45: 10 | K45: 7 | L45: 9 | M45: =SUM(E45:L45) -> 54
A46: A.2 | B46: 1 | C46: 1. Dr. Hj. NIHAYATUL WAFIROH, M.A. | E46: 16 | F46: 36 | G46: 19 | H46: 5 | I46: 11 | J46: 4 | K46: 10 | L46: 10 | M46: =SUM(E46:L46) -> 111
B47: 2 | C47: 2. H. M. NASIM KHAN | E47: 0 | F47: 1 | G47: 1 | H47: 1 | I47: 2 | J47: 2 | K47: 1 | L47: 1 | M47: =SUM(E47:L47) -> 9
B48: 3 | C48: 3. Dr. H. AKIK ZAMAN, M.Pd.I. | E48: 0 | F48: 0 | G48: 0 | H48: 1 | I48: 0 | J48: 0 | K48: 0 | L48: 1 | M48: =SUM(E48:L48) -> 2
B49: 4 | C49: 4. AHMAD RIFA'I, S.H. | E49: 2 | F49: 0 | G49: 0 | H49: 0 | I49: 1 | J49: 0 | K49: 1 | L49: 0 | M49: =SUM(E49:L49) -> 4
B50: 5 | C50: 5. Drs. H. MAHFUD M.N. | E50: 0 | F50: 0 | G50: 1 | H50: 0 | I50: 1 | J50: 0 | K50: 0 | L50: 0 | M50: =SUM(E50:L50) -> 2
B51: 6 | C51: 6. NURHAYATI, S.Pd. | E51: 1 | F51: 0 | G51: 0 | H51: 0 | I51: 0 | J51: 0 | K51: 0 | L51: 0 | M51: =SUM(E51:L51) -> 1
B52: 7 | C52: 7. MAFTUHA KISWAH | E52: 0 | F52: 0 | G52: 0 | H52: 0 | I52: 0 | J52: 0 | K52: 0 | L52: 0 | M52: =SUM(E52:L52) -> 0
M53: =SUM(E53:L53) -> 0
M54: =SUM(E54:L54) -> 0
A55: B | B55: JUMLAH SUARA SAH PARTAI POLITIK DAN CALON (A1 + A2) | E55: =SUM(E45:E52) -> 26 | F55: =SUM(F45:F52) -> 44 | G55: =SUM(G45:G52) -> 27 | H55: =SUM(H45:H52) -> 13 | I55: =SUM(I45:I52) -> 17 | J55: =SUM(J45:J52) -> 16 | K55: =SUM(K45:K52) -> 19 | L55: =SUM(L45:L52) -> 21 | M55: =SUM(E55:L55) -> 183
A57: A.1 | B57: 2. | C57: Partai Gerakan Indonesia Raya | E57: 17 | F57: 11 | G57: 9 | H57: 14 | I57: 15 | J57: 27 | K57: 25 | L57: 19 | M57: =SUM(E57:L57) -> 137
A58: A.2 | B58: 1 | C58: 1. SUMAIL ABDULLAH | E58: 16 | F58: 9 | G58: 3 | H58: 6 | I58: 4 | J58: 4 | K58: 11 | L58: 10 | M58: =SUM(E58:L58) -> 63
B59: 2 | C59: 2. MUHAMMAD ALI ADRIAN SALEH | E59: 30 | F59: 30 | G59: 31 | H59: 33 | I59: 29 | J59: 25 | K59: 8 | L59: 3 | M59: =SUM(E59:L59) -> 189
B60: 3 | C60: 3. DURROTUN NAFISAH | E60: 0 | F60: 1 | G60: 3 | H60: 1 | I60: 4 | J60: 0 | K60: 0 | L60: 1 | M60: =SUM(E60:L60) -> 10
B61: 4 | C61: 4. H. EKO SUSILO NURHIDAYAT | E61: 1 | F61: 0 | G61: 1 | H61: 1 | I61: 1 | J61: 0 | K61: 1 | L61: 4 | M61: =SUM(E61:L61) -> 9
B62: 5 | C62: 5. KARNADI HARIJANTO, S.S. | E62: 0 | F62: 0 | G62: 0 | H62: 0 | I62: 0 | J62: 0 | K62: 1 | L62: 1 | M62: =SUM(E62:L62) -> 2
B63: 6 | C63: 6. NURHAYATI | E63: 3 | F63: 0 | G63: 1 | H63: 0 | I63: 1 | J63: 1 | K63: 1 | L63: 0 | M63: =SUM(E63:L63) -> 7
B64: 7 | C64: 7. MASHUDI | E64: 1 | F64: 0 | G64: 0 | H64: 0 | I64: 0 | J64: 0 | K64: 0 | L64: 0 | M64: =SUM(E64:L64) -> 1
M65: =SUM(E65:L65) -> 0
M66: =SUM(E66:L66) -> 0
A67: B | B67: JUMLAH SUARA SAH PARTAI POLITIK DAN CALON (A1 + A2) | E67: =SUM(E57:E64) -> 68 | F67: =SUM(F57:F64) -> 51 | G67: =SUM(G57:G64) -> 48 | H67: =SUM(H57:H64) -> 55 | I67: =SUM(I57:I64) -> 54 | J67: =SUM(J57:J64) -> 57 | K67: =SUM(K57:K64) -> 47 | L67: =SUM(L57:L64) -> 38 | M67: =SUM(E67:L67) -> 418
A69: A.1 | B69: 3. | C69: Partai Demokrasi Indonesia Perjuangan | E69: 15 | F69: 6 | G69: 6 | H69: 8 | I69: 9 | J69: 10 | K69: 10 | L69: 9 | M69: =SUM(E69:L69) -> 73
A70: A.2 | B70: 1 | C70: 1. SONNY TRI DANAPARAMITA, S.H., M.H. | E70: 14 | F70: 8 | G70: 6 | H70: 7 | I70: 16 | J70: 5 | K70: 8 | L70: 2 | M70: =SUM(E70:L70) -> 66
B71: 2 | C71: 2. H. MOHAMAD GUNTUR ROMLI | E71: 1 | F71: 1 | G71: 2 | H71: 3 | I71: 2 | J71: 5 | K71: 2 | L71: 8 | M71: =SUM(E71:L71) -> 24
B72: 3 | C72: 3. INA AMMANIA | E72: 1 | F72: 1 | G72: 10 | H72: 1 | I72: 1 | J72: 1 | K72: 3 | L72: 1 | M72: =SUM(E72:L72) -> 19
B73: 4 | C73: 4. IRWAN BACHTIAR RACHMAT, M.Si. | E73: 2 | F73: 0 | G73: 3 | H73: 2 | I73: 11 | J73: 4 | K73: 8 | L73: 8 | M73: =SUM(E73:L73) -> 38
B74: 5 | C74: 5. LUCKY PERDANA | E74: 2 | F74: 1 | G74: 4 | H74: 2 | I74: 6 | J74: 5 | K74: 1 | L74: 11 | M74: =SUM(E74:L74) -> 32
B75: 6 | C75: 6. WIWIK PUJIYATI | E75: 0 | F75: 0 | G75: 0 | H75: 0 | I75: 0 | J75: 0 | K75: 0 | L75: 0 | M75: =SUM(E75:L75) -> 0
B76: 7 | C76: 7. CHANDRA ASTAN, S.T. | E76: 0 | F76: 0 | G76: 1 | H76: 6 | I76: 6 | J76: 2 | K76: 0 | L76: 1 | M76: =SUM(E76:L76) -> 16
M77: =SUM(E77:L77) -> 0
M78: =SUM(E78:L78) -> 0
A79: B | B79: JUMLAH SUARA SAH PARTAI POLITIK DAN CALON (A1 + A2) | E79: =SUM(E69:E76) -> 35 | F79: =SUM(F69:F76) -> 17 | G79: =SUM(G69:G76) -> 32 | H79: =SUM(H69:H76) -> 29 | I79: =SUM(I69:I76) -> 51 | J79: =SUM(J69:J76) -> 32 | K79: =SUM(K69:K76) -> 32 | L79: =SUM(L69:L76) -> 40 | M79: =SUM(E79:L79) -> 268
A81: A.1 | B81: 4. | C81: Partai Golongan Karya | E81: 12 | F81: 3 | G81: 12 | H81: 4 | I81: 5 | J81: 11 | K81: 9 | L81: 10 | M81: =SUM(E81:L81) -> 66
A82: A.2 | B82: 1 | C82: 1. ZULFIKAR ARSE SADIKIN, S.I.P., M.Si. | E82: 19 | F82: 7 | G82: 11 | H82: 8 | I82: 17 | J82: 1 | K82: 10 | L82: 8 | M82: =SUM(E82:L82) -> 81
B83: 2 | C83: 2. HANDOKO | E83: 1 | F83: 3 | G83: 1 | H83: 0 | I83: 3 | J83: 9 | K83: 0 | L83: 1 | M83: =SUM(E83:L83) -> 18
B84: 3 | C84: 3. Hj. OVI DEWI YANTI | E84: 0 | F84: 0 | G84: 0 | H84: 0 | I84: 2 | J84: 2 | K84: 0 | L84: 0 | M84: =SUM(E84:L84) -> 4
B85: 4 | C85: 4. Ir. AZAM AZMAN NATAWIJANA | E85: 1 | F85: 0 | G85: 1 | H85: 0 | I85: 1 | J85: 1 | K85: 2 | L85: 2 | M85: =SUM(E85:L85) -> 8
B86: 5 | C86: 5. UBAIDILLAH AMIN, S.Kom. | E86: 1 | F86: 0 | G86: 0 | H86: 0 | I86: 0 | J86: 0 | K86: 0 | L86: 1 | M86: =SUM(E86:L86) -> 2
B87: 6 | C87: 6. DENNY YUNIANDARI, S.H., M.Kn. | E87: 3 | F87: 2 | G87: 0 | H87: 0 | I87: 0 | J87: 0 | K87: 0 | L87: 0 | M87: =SUM(E87:L87) -> 5
B88: 7 | C88: 7. ERNADI, S.H.I. | E88: 0 | F88: 0 | G88: 0 | H88: 0 | I88: 0 | J88: 0 | K88: 0 | L88: 0 | M88: =SUM(E88:L88) -> 0
M89: =SUM(E89:L89) -> 0
M90: =SUM(E90:L90) -> 0
A91: B | B91: JUMLAH SUARA SAH PARTAI POLITIK DAN CALON (A1 + A2) | E91: =SUM(E81:E88) -> 37 | F91: =SUM(F81:F88) -> 15 | G91: =SUM(G81:G88) -> 25 | H91: =SUM(H81:H88) -> 12 | I91: =SUM(I81:I88) -> 28 | J91: =SUM(J81:J88) -> 24 | K91: =SUM(K81:K88) -> 21 | L91: =SUM(L81:L88) -> 22 | M91: =SUM(E91:L91) -> 184
A93: A.1 | B93: 5. | C93: Partai NasDem | E93: 6 | F93: 6 | G93: 0 | H93: 1 | I93: 1 | J93: 1 | K93: 0 | L93: 0 | M93: =SUM(E93:L93) -> 15
A94: A.2 | B94: 1 | C94: 1. ACH. FADIL MUZAKKI SYAH | E94: 12 | F94: 26 | G94: 3 | H94: 4 | I94: 5 | J94: 2 | K94: 2 | L94: 1 | M94: =SUM(E94:L94) -> 55
B95: 2 | C95: 2. BENY | E95: 0 | F95: 1 | G95: 0 | H95: 0 | I95: 1 | J95: 0 | K95: 0 | L95: 0 | M95: =SUM(E95:L95) -> 2
B96: 3 | C96: 3. VINA VERONIKA | E96: 1 | F96: 0 | G96: 0 | H96: 0 | I96: 0 | J96: 0 | K96: 0 | L96: 0 | M96: =SUM(E96:L96) -> 1
B97: 4 | C97: 4. TEDDY ANUGRIANTO | E97: 0 | F97: 0 | G97: 0 | H97: 0 | I97: 0 | J97: 0 | K97: 0 | L97: 1 | M97: =SUM(E97:L97) -> 1
B98: 5 | C98: 5. INSAN KAMIL | E98: 0 | F98: 0 | G98: 2 | H98: 2 | I98: 0 | J98: 0 | K98: 0 | L98: 0 | M98: =SUM(E98:L98) -> 4
B99: 6 | C99: 6. LILIK LINDARWATI | E99: 0 | F99: 0 | G99: 2 | H99: 0 | I99: 0 | J99: 2 | K99: 0 | L99: 0 | M99: =SUM(E99:L99) -> 4
B100: 7 | C100: 7. YULI ANITA | E100: 0 | F100: 0 | G100: 0 | H100: 0 | I100: 1 | J100: 0 | K100: 0 | L100: 0 | M100: =SUM(E100:L100) -> 1
M101: =SUM(E101:L101) -> 0
M102: =SUM(E102:L102) -> 0
A103: B | B103: JUMLAH SUARA SAH PARTAI POLITIK DAN CALON (A1 + A2) | E103: =SUM(E93:E100) -> 19 | F103: =SUM(F93:F100) -> 33 | G103: =SUM(G93:G100) -> 7 | H103: =SUM(H93:H100) -> 7 | I103: =SUM(I93:I100) -> 8 | J103: =SUM(J93:J100) -> 5 | K103: =SUM(K93:K100) -> 2 | L103: =SUM(L93:L100) -> 2 | M103: =SUM(E103:L103) -> 83
A105: A.1 | B105: 6. | C105: Partai Buruh | E105: 0 | F105: 0 | G105: 1 | H105: 2 | I105: 0 | J105: 0 | K105: 0 | L105: 0 | M105: =SUM(E105:L105) -> 3
A106: A.2 | B106: 1 | C106: 1. KHOIRUL ANAM | E106: 0 | F106: 0 | G106: 1 | H106: 0 | I106: 0 | J106: 0 | K106: 0 | L106: 0 | M106: =SUM(E106:L106) -> 1
B107: 2 | C107: 2. INA KURNIA | E107: 0 | F107: 0 | G107: 0 | H107: 0 | I107: 0 | J107: 0 | K107: 0 | L107: 0 | M107: =SUM(E107:L107) -> 0
B108: 3 | C108: 3. JIBRAL TAROUK | E108: 0 | F108: 0 | G108: 0 | H108: 0 | I108: 0 | J108: 0 | K108: 0 | L108: 0 | M108: =SUM(E108:L108) -> 0
B109: 4 | C109: 4. ASTUTI DAENG PUJI | E109: 0 | F109: 0 | G109: 0 | H109: 0 | I109: 0 | J109: 0 | K109: 0 | L109: 0 | M109: =SUM(E109:L109) -> 0
B110: 5 | C110: 5. ASDARMAWAN | E110: 0 | F110: 0 | G110: 0 | H110: 0 | I110: 0 | J110: 0 | K110: 0 | L110: 0 | M110: =SUM(E110:L110) -> 0
B111: 6 | C111: 6. RIFQI MUBAROK | E111: 0 | F111: 0 | G111: 0 | H111: 0 | I111: 0 | J111: 0 | K111: 0 | L111: 0 | M111: =SUM(E111:L111) -> 0
B112: 7 | C112: 7. FIRNANDA ALTA MEGA | E112: 0 | F112: 0 | G112: 0 | H112: 0 | I112: 0 | J112: 0 | K112: 0 | L112: 0 | M112: =SUM(E112:L112) -> 0
E113: 0 | F113: 0 | G113: 0 | H113: 0 | I113: 0 | J113: 0 | K113: 0 | L113: 0 | M113: =SUM(E113:L113) -> 0
...

Sheet KLUNCING
C2: Kecamatan | D2: LICIN
C3: Kabupaten | D3: BANYUWANGI
C4: Provinsi | D4: JAWA TIMUR
C9: Kelurahan | D9: KLUNCING
A12: I | B12: DATA PEMILIH DAN PENGGUNAAN HAK PILIH | O12: JUMLAH AKHIR
A13: A | B13: DATA PEMILIH | E13: TPS 001 | F13: TPS 002 | G13: TPS 003 | H13: TPS 004 | I13: TPS 005 | J13: TPS 006 | K13: TPS 007 | L13: TPS 008 | M13: TPS 009 | N13: TPS 010
B14: Jumlah Pemilih dalam Daftar Pemilih Tetap (DPT) | D14: LK | E14: 124 | F14: 106 | G14: 134 | H14: 146 | I14: 146 | J14: 132 | K14: 138 | L14: 116 | M14: 145 | N14: 148 | O14: =SUM(E14:N14) -> 1335
D15: PR | E15: 136 | F15: 108 | G15: 147 | H15: 145 | I15: 136 | J15: 134 | K15: 144 | L15: 105 | M15: 138 | N15: 128 | O15: =SUM(E15:N15) -> 1321
D16: JML | E16: =SUM(E14:E15) -> 260 | F16: =SUM(F14:F15) -> 214 | G16: =SUM(G14:G15) -> 281 | H16: =SUM(H14:H15) -> 291 | I16: =SUM(I14:I15) -> 282 | J16: =SUM(J14:J15) -> 266 | K16: =SUM(K14:K15) -> 282 | L16: =SUM(L14:L15) -> 221 | ... N16: =SUM(N14:N15) -> 276 | O16: =SUM(E16:N16) -> 2656
A18: B | B18: PENGGUNA HAK PILIH
B19: 1. | C19: Jumlah pengguna hak pilih dalam Daftar Pemilih Tetap (DPT) | D19: LK | E19: 90 | F19: 83 | G19: 120 | H19: 112 | I19: 114 | J19: 110 | K19: 111 | L19: 96 | M19: 113 | N19: 115 | O19: =SUM(E19:N19) -> 1064
D20: PR | E20: 116 | F20: 97 | G20: 126 | H20: 125 | I20: 115 | J20: 112 | K20: 130 | L20: 93 | M20: 123 | N20: 100 | O20: =SUM(E20:N20) -> 1137
D21: JML | E21: =SUM(E19:E20) -> 206 | F21: =SUM(F19:F20) -> 180 | G21: =SUM(G19:G20) -> 246 | H21: =SUM(H19:H20) -> 237 | I21: =SUM(I19:I20) -> 229 | J21: =SUM(J19:J20) -> 222 | K21: =SUM(K19:K20) -> 241 | L21: 189 | M21: =SUM(M19:M20) -> 236 | N21: =SUM(N19:N20) -> 215 | O21: =SUM(E21:N21) -> 2201
B22: 2. | C22: Jumlah pengguna hak pilih dalam Daftar Pemilih Tambahan (DPTb) | D22: LK | E22: 0 | F22: 0 | G22: 0 | H22: 0 | I22: 0 | J22: 0 | K22: 0 | L22: 0 | M22: 0 | N22: 0 | O22: =SUM(E22:N22) -> 0
D23: PR | E23: 0 | F23: 0 | G23: 0 | H23: 1 | I23: 0 | J23: 0 | K23: 0 | L23: 0 | M23: 0 | N23: 0 | O23: =SUM(E23:N23) -> 1
D24: JML | E24: =SUM(E22:E23) -> 0 | F24: =SUM(F22:F23) -> 0 | G24: =SUM(G22:G23) -> 0 | H24: =SUM(H22:H23) -> 1 | I24: =SUM(I22:I23) -> 0 | J24: =SUM(J22:J23) -> 0 | K24: =SUM(K22:K23) -> 0 | L24: =SUM(L22:L23) -> 0 | M24: 0 | N24: =SUM(N22:N23) -> 0 | O24: =SUM(E24:N24) -> 1
B25: 3. | C25: Jumlah pengguna hak pilih dalam Daftar Pemilih Khusus (DPK) | D25: LK | E25: 0 | F25: 0 | G25: 0 | H25: 0 | I25: 0 | J25: 3 | K25: 0 | L25: 0 | M25: 0 | N25: 0 | O25: =SUM(E25:N25) -> 3
D26: PR | E26: 0 | F26: 0 | G26: 0 | H26: 0 | I26: 0 | J26: 1 | K26: 0 | L26: 0 | M26: 0 | N26: 0 | O26: =SUM(E26:N26) -> 1
D27: JML | E27: =SUM(E25:E26) -> 0 | F27: =SUM(F25:F26) -> 0 | G27: =SUM(G25:G26) -> 0 | H27: =SUM(H25:H26) -> 0 | I27: 0 | J27: =SUM(J25:J26) -> 4 | K27: =SUM(K25:K26) -> 0 | L27: =SUM(L25:L26) -> 0 | M27: =SUM(M25:M26) -> 0 | N27: =SUM(N25:N26) -> 0 | O27: =SUM(E27:N27) -> 4
B28: 4. | C28: Jumlah Pengguna Hak Pilih (B.1+B.2+B.3) | D28: LK | E28: =SUM(E19,E22,E25) -> 90 | F28: =SUM(F19,F22,F25) -> 83 | G28: =SUM(G19,G22,G25) -> 120 | H28: =SUM(H19,H22,H25) -> 112 | I28: =SUM(I19,I22,I25) -> 114 | J28: =SUM(J19,J22,J25) -> 113 | K28: =SUM(K19,K22,K25) -> 111 | L28: =SUM(L19,L22,L25) -> 96 | ... N28: =SUM(N19,N22,N25) -> 115 | O28: =SUM(E28:N28) -> 1067
D29: PR | E29: =SUM(E20,E23,E26) -> 116 | F29: =SUM(F20,F23,F26) -> 97 | G29: =SUM(G20,G23,G26) -> 126 | H29: =SUM(H20,H23,H26) -> 126 | I29: =SUM(I20,I23,I26) -> 115 | J29: =SUM(J20,J23,J26) -> 113 | K29: =SUM(K20,K23,K26) -> 130 | L29: =SUM(L20,L23,L26) -> 93 | ... N29: =SUM(N20,N23,N26) -> 100 | O29: =SUM(E29:N29) -> 1139
D30: JML | E30: =SUM(E28:E29) -> 206 | F30: =SUM(F28:F29) -> 180 | G30: =SUM(G28:G29) -> 246 | H30: =SUM(H28:H29) -> 238 | I30: =SUM(I28:I29) -> 229 | J30: =SUM(J28:J29) -> 226 | K30: =SUM(K28:K29) -> 241 | L30: =SUM(L28:L29) -> 189 | ... N30: =SUM(N28:N29) -> 215 | O30: =SUM(E30:N30) -> 2206
A32: II | B32: DATA PENGGUNAAN SURAT SUARA
A33: 1 | B33: Jumlah surat suara yang diterima, termasuk surat suara cadangan 2,5% dari DPT | E33: 265 | F33: 218 | G33: 289 | H33: 298 | I33: 289 | J33: 272 | K33: 288 | L33: 225 | M33: 279 | N33: 283 | O33: =SUM(E33:N33) -> 2706
A34: 2 | B34: Jumlah surat suara yang digunakan | E34: 206 | F34: 180 | G34: 246 | H34: 238 | I34: 229 | J34: 226 | K34: 241 | L34: 189 | M34: 236 | N34: 215 | O34: =SUM(E34:N34) -> 2206
A35: 3 | B35: Jumlah surat suara dikembalikan oleh pemilih (karena rusak atau keliru coblos) | E35: 0 | F35: 1 | G35: 0 | H35: 0 | I35: 0 | J35: 0 | K35: 1 | L35: 1 | N35: 2 | O35: =SUM(E35:N35) -> 5
A36: 4 | B36: Jumlah surat suara yang tidak digunakan/tidak terpakai, termasuk sisa surat suara cadangan | E36: =E33-(E34+E35) -> 59 | F36: =F33-(F34+F35) -> 37 | G36: =G33-(G34+G35) -> 43 | H36: =H33-(H34+H35) -> 60 | I36: =I33-(I34+I35) -> 60 | J36: =J33-(J34+J35) -> 46 | K36: =K33-(K34+K35) -> 46 | L36: =L33-(L34+L35) -> 35 | ... N36: =N33-(N34+N35) -> 66 | O36: =SUM(E36:N36) -> 495
A38: III | B38: DATA PEMILIH DISABILITAS
B39: Jumlah seluruh Pemilih disabilitas yang menggunakan hak pilih | D39: LK | E39: 0 | F39: 0 | G39: 0 | H39: 0 | I39: 0 | J39: 0 | K39: 1 | L39: 0 | M39: 0 | N39: 0 | O39: =SUM(E39:N39) -> 1
D40: PR | E40: 0 | F40: 0 | G40: 0 | H40: 0 | I40: 0 | J40: 0 | K40: 0 | L40: 0 | M40: 0 | N40: 0 | O40: =SUM(E40:N40) -> 0
D41: JML | E41: =SUM(E39:E40) -> 0 | F41: =SUM(F39:F40) -> 0 | G41: =SUM(G39:G40) -> 0 | H41: =SUM(H39:H40) -> 0 | I41: =SUM(I39:I40) -> 0 | J41: =SUM(J39:J40) -> 0 | K41: =SUM(K39:K40) -> 1 | L41: =SUM(L39:L40) -> 0 | ... N41: =SUM(N39:N40) -> 0 | O41: =SUM(E41:N41) -> 1
A43: IV | B43: DATA RINCIAN PEROLEHAN SUARA PARTAI POLITIK DAN SUARA CALON
A44: NOMOR DAN NAMA CALON
A45: A.1 | B45: 1. | C45: Partai Kebangkitan Bangsa | E45: 10 | F45: 6 | G45: 15 | H45: 6 | I45: 13 | J45: 3 | K45: 3 | L45: 6 | M45: 6 | N45: 7 | O45: =SUM(E45:N45) -> 75
A46: A.2 | B46: 1 | C46: 1. Dr. Hj. NIHAYATUL WAFIROH, M.A. | E46: 25 | F46: 6 | G46: 38 | H46: 18 | I46: 18 | J46: 4 | K46: 1 | L46: 12 | M46: 15 | N46: 15 | O46: =SUM(E46:N46) -> 152
B47: 2 | C47: 2. H. M. NASIM KHAN | E47: 5 | F47: 1 | G47: 0 | H47: 1 | I47: 2 | J47: 2 | K47: 1 | L47: 3 | M47: 1 | N47: 4 | O47: =SUM(E47:N47) -> 20
B48: 3 | C48: 3. Dr. H. AKIK ZAMAN, M.Pd.I. | E48: 1 | F48: 0 | G48: 0 | H48: 1 | I48: 3 | J48: 0 | K48: 0 | L48: 0 | M48: 0 | N48: 1 | O48: =SUM(E48:N48) -> 6
B49: 4 | C49: 4. AHMAD RIFA'I, S.H. | E49: 0 | F49: 0 | G49: 1 | H49: 0 | I49: 1 | J49: 0 | K49: 2 | L49: 0 | M49: 1 | N49: 0 | O49: =SUM(E49:N49) -> 5
B50: 5 | C50: 5. Drs. H. MAHFUD M.N. | E50: 1 | F50: 0 | G50: 0 | H50: 0 | I50: 1 | J50: 0 | K50: 0 | L50: 0 | M50: 0 | N50: 0 | O50: =SUM(E50:N50) -> 2
B51: 6 | C51: 6. NURHAYATI, S.Pd. | E51: 0 | F51: 0 | G51: 0 | H51: 1 | I51: 0 | J51: 0 | K51: 0 | L51: 0 | M51: 0 | N51: 0 | O51: =SUM(E51:N51) -> 1
B52: 7 | C52: 7. MAFTUHA KISWAH | E52: 0 | F52: 0 | G52: 0 | H52: 0 | I52: 0 | J52: 0 | K52: 0 | L52: 0 | M52: 0 | N52: 0 | O52: =SUM(E52:N52) -> 0
O53: =SUM(E53:N53) -> 0
O54: =SUM(E54:N54) -> 0
A55: B | B55: JUMLAH SUARA SAH PARTAI POLITIK DAN CALON (A1 + A2) | E55: =SUM(E45:E52) -> 42 | F55: =SUM(F45:F52) -> 13 | G55: =SUM(G45:G52) -> 54 | H55: =SUM(H45:H52) -> 27 | I55: =SUM(I45:I52) -> 38 | J55: =SUM(J45:J52) -> 9 | K55: =SUM(K45:K52) -> 7 | L55: =SUM(L45:L52) -> 21 | ... N55: =SUM(N45:N52) -> 27 | O55: =SUM(E55:N55) -> 261
A57: A.1 | B57: 2. | C57: Partai Gerakan Indonesia Raya | E57: 9 | F57: 23 | G57: 23 | H57: 18 | I57: 12 | J57: 3 | K57: 16 | L57: 9 | M57: 29 | N57: 16 | O57: =SUM(E57:N57) -> 158
A58: A.2 | B58: 1 | C58: 1. SUMAIL ABDULLAH | E58: 19 | F58: 17 | G58: 11 | H58: 16 | I58: 11 | J58: 2 | K58: 16 | L58: 5 | M58: 20 | N58: 10 | O58: =SUM(E58:N58) -> 127
B59: 2 | C59: 2. MUHAMMAD ALI ADRIAN SALEH | E59: 4 | F59: 9 | G59: 17 | H59: 10 | I59: 18 | J59: 17 | K59: 10 | L59: 24 | M59: 2 | N59: 5 | O59: =SUM(E59:N59) -> 116
B60: 3 | C60: 3. DURROTUN NAFISAH | E60: 5 | F60: 2 | G60: 1 | H60: 1 | I60: 0 | J60: 0 | K60: 1 | L60: 1 | M60: 1 | N60: 2 | O60: =SUM(E60:N60) -> 14
B61: 4 | C61: 4. H. EKO SUSILO NURHIDAYAT | E61: 0 | F61: 2 | G61: 0 | H61: 0 | I61: 0 | J61: 0 | K61: 1 | L61: 0 | M61: 1 | N61: 0 | O61: =SUM(E61:N61) -> 4
B62: 5 | C62: 5. KARNADI HARIJANTO, S.S. | E62: 0 | F62: 0 | G62: 0 | H62: 0 | I62: 0 | J62: 0 | K62: 0 | L62: 0 | M62: 1 | N62: 0 | O62: =SUM(E62:N62) -> 1
B63: 6 | C63: 6. NURHAYATI | E63: 0 | F63: 0 | G63: 0 | H63: 0 | I63: 1 | J63: 0 | K63: 0 | L63: 0 | M63: 3 | N63: 0 | O63: =SUM(E63:N63) -> 4
B64: 7 | C64: 7. MASHUDI | E64: 0 | F64: 0 | G64: 0 | H64: 0 | I64: 0 | J64: 0 | K64: 0 | L64: 0 | M64: 0 | N64: 0 | O64: =SUM(E64:N64) -> 0
O65: =SUM(E65:N65) -> 0
O66: =SUM(E66:N66) -> 0
A67: B | B67: JUMLAH SUARA SAH PARTAI POLITIK DAN CALON (A1 + A2) | E67: =SUM(E57:E64) -> 37 | F67: =SUM(F57:F64) -> 53 | G67: =SUM(G57:G64) -> 52 | H67: =SUM(H57:H64) -> 45 | I67: =SUM(I57:I64) -> 42 | J67: =SUM(J57:J64) -> 22 | K67: =SUM(K57:K64) -> 44 | L67: =SUM(L57:L64) -> 39 | ... N67: =SUM(N57:N64) -> 33 | O67: =SUM(E67:N67) -> 424
A69: A.1 | B69: 3. | C69: Partai Demokrasi Indonesia Perjuangan | E69: 16 | F69: 5 | G69: 6 | H69: 1 | I69: 4 | J69: 6 | K69: 13 | L69: 3 | M69: 6 | N69: 3 | O69: =SUM(E69:N69) -> 63
A70: A.2 | B70: 1 | C70: 1. SONNY TRI DANAPARAMITA, S.H., M.H. | E70: 20 | F70: 1 | G70: 3 | H70: 8 | I70: 1 | J70: 3 | K70: 12 | L70: 14 | M70: 2 | N70: 3 | O70: =SUM(E70:N70) -> 67
B71: 2 | C71: 2. H. MOHAMAD GUNTUR ROMLI | E71: 1 | F71: 7 | G71: 3 | H71: 16 | I71: 1 | J71: 8 | K71: 8 | L71: 0 | M71: 2 | N71: 4 | O71: =SUM(E71:N71) -> 50
B72: 3 | C72: 3. INA AMMANIA | E72: 7 | F72: 0 | G72: 15 | H72: 9 | I72: 1 | J72: 2 | K72: 1 | L72: 1 | M72: 8 | N72: 4 | O72: =SUM(E72:N72) -> 48
B73: 4 | C73: 4. IRWAN BACHTIAR RACHMAT, M.Si. | E73: 0 | F73: 0 | G73: 0 | H73: 3 | I73: 0 | J73: 1 | K73: 0 | L73: 0 | M73: 0 | N73: 1 | O73: =SUM(E73:N73) -> 5
B74: 5 | C74: 5. LUCKY PERDANA | E74: 1 | F74: 1 | G74: 1 | H74: 6 | I74: 0 | J74: 3 | K74: 0 | L74: 1 | M74: 0 | N74: 0 | O74: =SUM(E74:N74) -> 13
B75: 6 | C75: 6. WIWIK PUJIYATI | E75: 1 | F75: 0 | G75: 1 | H75: 1 | I75: 0 | J75: 0 | K75: 1 | L75: 1 | M75: 1 | N75: 0 | O75: =SUM(E75:N75) -> 6
B76: 7 | C76: 7. CHANDRA ASTAN, S.T. | E76: 0 | F76: 0 | G76: 0 | H76: 1 | I76: 1 | J76: 0 | K76: 0 | L76: 0 | M76: 0 | N76: 0 | O76: =SUM(E76:N76) -> 2
O77: =SUM(E77:N77) -> 0
O78: =SUM(E78:N78) -> 0
A79: B | B79: JUMLAH SUARA SAH PARTAI POLITIK DAN CALON (A1 + A2) | E79: =SUM(E69:E76) -> 46 | F79: =SUM(F69:F76) -> 14 | G79: =SUM(G69:G76) -> 29 | H79: =SUM(H69:H76) -> 45 | I79: =SUM(I69:I76) -> 8 | J79: =SUM(J69:J76) -> 23 | K79: =SUM(K69:K76) -> 35 | L79: =SUM(L69:L76) -> 20 | ... N79: =SUM(N69:N76) -> 15 | O79: =SUM(E79:N79) -> 254
A81: A.1 | B81: 4. | C81: Partai Golongan Karya | E81: 4 | F81: 4 | G81: 8 | H81: 6 | I81: 9 | J81: 0 | K81: 9 | L81: 7 | M81: 8 | N81: 0 | O81: =SUM(E81:N81) -> 55
A82: A.2 | B82: 1 | C82: 1. ZULFIKAR ARSE SADIKIN, S.I.P., M.Si. | E82: 6 | F82: 2 | G82: 5 | H82: 9 | I82: 22 | J82: 4 | K82: 66 | L82: 41 | M82: 5 | N82: 2 | O82: =SUM(E82:N82) -> 162
B83: 2 | C83: 2. HANDOKO | E83: 0 | F83: 5 | G83: 13 | H83: 2 | I83: 0 | J83: 1 | K83: 3 | L83: 10 | M83: 1 | N83: 5 | O83: =SUM(E83:N83) -> 40
B84: 3 | C84: 3. Hj. OVI DEWI YANTI | E84: 0 | F84: 0 | G84: 3 | H84: 4 | I84: 1 | J84: 0 | K84: 1 | L84: 0 | M84: 1 | N84: 0 | O84: =SUM(E84:N84) -> 10
B85: 4 | C85: 4. Ir. AZAM AZMAN NATAWIJANA | E85: 0 | F85: 1 | G85: 0 | H85: 0 | I85: 1 | J85: 0 | K85: 0 | L85: 0 | M85: 1 | N85: 0 | O85: =SUM(E85:N85) -> 3
B86: 5 | C86: 5. UBAIDILLAH AMIN, S.Kom. | E86: 0 | F86: 0 | G86: 1 | H86: 0 | I86: 0 | J86: 1 | K86: 0 | L86: 0 | M86: 0 | N86: 0 | O86: =SUM(E86:N86) -> 2
B87: 6 | C87: 6. DENNY YUNIANDARI, S.H., M.Kn. | E87: 0 | F87: 0 | G87: 1 | H87: 0 | I87: 0 | J87: 0 | K87: 0 | L87: 0 | M87: 0 | N87: 0 | O87: =SUM(E87:N87) -> 1
B88: 7 | C88: 7. ERNADI, S.H.I. | E88: 0 | F88: 0 | G88: 0 | H88: 0 | I88: 0 | J88: 0 | K88: 0 | L88: 0 | M88: 0 | N88: 0 | O88: =SUM(E88:N88) -> 0
O89: =SUM(E89:N89) -> 0
O90: =SUM(E90:N90) -> 0
A91: B | B91: JUMLAH SUARA SAH PARTAI POLITIK DAN CALON (A1 + A2) | E91: =SUM(E81:E88) -> 10 | F91: =SUM(F81:F88) -> 12 | G91: =SUM(G81:G88) -> 31 | H91: =SUM(H81:H88) -> 21 | I91: =SUM(I81:I88) -> 33 | J91: =SUM(J81:J88) -> 6 | K91: =SUM(K81:K88) -> 79 | L91: =SUM(L81:L88) -> 58 | ... N91: =SUM(N81:N88) -> 7 | O91: =SUM(E91:N91) -> 273
A93: A.1 | B93: 5. | C93: Partai NasDem | E93: 2 | F93: 0 | G93: 4 | H93: 4 | I93: 5 | J93: 0 | K93: 0 | L93: 0 | M93: 0 | N93: 1 | O93: =SUM(E93:N93) -> 16
A94: A.2 | B94: 1 | C94: 1. ACH. FADIL MUZAKKI SYAH | E94: 6 | F94: 5 | G94: 14 | H94: 23 | I94: 27 | J94: 0 | K94: 1 | L94: 7 | M94: 0 | N94: 1 | O94: =SUM(E94:N94) -> 84
B95: 2 | C95: 2. BENY | E95: 0 | F95: 0 | G95: 2 | H95: 0 | I95: 0 | J95: 0 | K95: 1 | L95: 0 | M95: 0 | N95: 0 | O95: =SUM(E95:N95) -> 3
B96: 3 | C96: 3. VINA VERONIKA | E96: 0 | F96: 0 | G96: 0 | H96: 0 | I96: 0 | J96: 0 | K96: 0 | L96: 0 | M96: 0 | N96: 0 | O96: =SUM(E96:N96) -> 0
B97: 4 | C97: 4. TEDDY ANUGRIANTO | E97: 1 | F97: 0 | G97: 0 | H97: 1 | I97: 0 | J97: 0 | K97: 0 | L97: 0 | M97: 0 | N97: 0 | O97: =SUM(E97:N97) -> 2
B98: 5 | C98: 5. INSAN KAMIL | E98: 0 | F98: 0 | G98: 0 | H98: 1 | I98: 0 | J98: 0 | K98: 0 | L98: 0 | M98: 0 | N98: 0 | O98: =SUM(E98:N98) -> 1
B99: 6 | C99: 6. LILIK LINDARWATI | E99: 1 | F99: 0 | G99: 0 | H99: 1 | I99: 0 | J99: 0 | K99: 0 | L99: 0 | M99: 0 | N99: 0 | O99: =SUM(E99:N99) -> 2
B100: 7 | C100: 7. YULI ANITA | E100: 0 | F100: 0 | G100: 0 | H100: 1 | I100: 0 | J100: 0 | K100: 0 | L100: 0 | M100: 0 | N100: 0 | O100: =SUM(E100:N100) -> 1
O101: =SUM(E101:N101) -> 0
O102: =SUM(E102:N102) -> 0
A103: B | B103: JUMLAH SUARA SAH PARTAI POLITIK DAN CALON (A1 + A2) | E103: =SUM(E93:E100) -> 10 | F103: =SUM(F93:F100) -> 5 | G103: =SUM(G93:G100) -> 20 | H103: =SUM(H93:H100) -> 31 | I103: =SUM(I93:I100) -> 32 | J103: =SUM(J93:J100) -> 0 | K103: =SUM(K93:K100) -> 2 | L103: =SUM(L93:L100) -> 7 | ... N103: =SUM(N93:N100) -> 2 | O103: =SUM(E103:N103) -> 109
A105: A.1 | B105: 6. | C105: Partai Buruh | E105: 0 | F105: 1 | G105: 1 | H105: 1 | I105: 0 | J105: 0 | K105: 0 | L105: 0 | M105: 2 | N105: 10 | O105: =SUM(E105:N105) -> 15
A106: A.2 | B106: 1 | C106: 1. KHOIRUL ANAM | E106: 0 | F106: 0 | G106: 0 | H106: 0 | I106: 1 | J106: 0 | K106: 0 | L106: 0 | M106: 0 | N106: 0 | O106: =SUM(E106:N106) -> 1
B107: 2 | C107: 2. INA KURNIA | E107: 1 | F107: 0 | G107: 0 | H107: 1 | I107: 0 | J107: 0 | K107: 0 | L107: 0 | M107: 1 | N107: 0 | O107: =SUM(E107:N107) -> 3
B108: 3 | C108: 3. JIBRAL TAROUK | E108: 0 | F108: 0 | G108: 0 | H108: 0 | I108: 0 | J108: 0 | K108: 0 | L108: 0 | M108: 0 | N108: 0 | O108: =SUM(E108:N108) -> 0
B109: 4 | C109: 4. ASTUTI DAENG PUJI | E109: 0 | F109: 0 | G109: 0 | H109: 1 | I109: 0 | J109: 0 | K109: 0 | L109: 0 | M109: 0 | N109: 0 | O109: =SUM(E109:N109) -> 1
B110: 5 | C110: 5. ASDARMAWAN | E110: 0 | F110: 0 | G110: 0 | H110: 0 | I110: 0 | J110: 0 | K110: 0 | L110: 0 | M110: 0 | N110: 0 | O110: =SUM(E110:N110) -> 0
B111: 6 | C111: 6. RIFQI MUBAROK | E111: 0 | F111: 0 | G111: 0 | H111: 0 | I111: 0 | J111: 0 | K111: 0 | L111: 0 | M111: 0 | N111: 0 | O111: =SUM(E111:N111) -> 0
B112: 7 | C112: 7. FIRNANDA ALTA MEGA | E112: 0 | F112: 0 | G112: 0 | H112: 0 | I112: 0 | J112: 0 | K112: 0 | L112: 0 | M112: 0 | N112: 0 | O112: =SUM(E112:N112) -> 0
O113: =SUM(E113:N113) -> 0
O114: =SUM(E114:N114) -> 0
A115: B | B115: JUMLAH SUARA SAH PARTAI POLITIK DAN CALON (A1 + A2) | E115: =SUM(E105:E112) -> 1 | F115: =SUM(F105:F112) -> 1 | G115: =SUM(G105:G112) -> 1 | H115: =SUM(H105:H112) -> 3 | I115: =SUM(I105:I112) -> 1 | J115: =SUM(J105:J112) -> 0 | K115: =SUM(K105:K112) -> 0 | L115: =SUM(L105:L112) -> 0 | ... N115: =SUM(N105:N112) -> 10 | O115: =SUM(E115:N115) -> 20
A117: A.1 | B117: 7. | C117: Partai Gelombang Rakyat Indonesia | E117: 0 | F117: 0 | G117: 0 | H117: 2 | I117: 0 | J117: 0 | K117: 0 | L117: 0 | M117: 10 | N117: 7 | O117: =SUM(E117:N117) -> 19
...

Sheet LICIN
C2: Kecamatan | D2: LICIN
C3: Kabupaten | D3: BANYUWANGI
C4: Provinsi | D4: JAWA TIMUR
C9: Kelurahan | D9: LICIN
A12: I | B12: DATA PEMILIH DAN PENGGUNAAN HAK PILIH | T12: JUMLAH AKHIR
A13: A | B13: DATA PEMILIH | E13: TPS 001 | F13: TPS 002 | G13: TPS 003 | H13: TPS 004 | I13: TPS 005 | J13: TPS 006 | K13: TPS 007 | L13: TPS 008 | M13: TPS 009 | N13: TPS 010 | O13: TPS 011 | P13: TPS 012 | Q13: TPS 013 | R13: TPS 014 | S13: TPS 015
B14: Jumlah Pemilih dalam Daftar Pemilih Tetap (DPT) | D14: LK | E14: 104 | F14: 118 | G14: 112 | H14: 124 | I14: 139 | J14: 110 | K14: 87 | L14: 82 | M14: 117 | N14: 84 | O14: 87 | P14: 83 | Q14: 74 | R14: 124 | S14: 99 | T14: =SUM(E14:S14) -> 1544
D15: PR | E15: 104 | F15: 135 | G15: 116 | H15: 152 | I15: 131 | J15: 131 | K15: 94 | L15: 92 | M15: 111 | N15: 88 | O15: 91 | P15: 75 | Q15: 80 | R15: 122 | S15: 90 | T15: =SUM(E15:S15) -> 1612
D16: JML | E16: =SUM(E14:E15) -> 208 | F16: =SUM(F14:F15) -> 253 | G16: =SUM(G14:G15) -> 228 | H16: =SUM(H14:H15) -> 276 | I16: =SUM(I14:I15) -> 270 | J16: =SUM(J14:J15) -> 241 | K16: =SUM(K14:K15) -> 181 | L16: =SUM(L14:L15) -> 174 | ... S16: =SUM(S14:S15) -> 189 | T16: =SUM(E16:S16) -> 3156
A18: B | B18: PENGGUNA HAK PILIH
B19: 1. | C19: Jumlah pengguna hak pilih dalam Daftar Pemilih Tetap (DPT) | D19: LK | E19: 80 | F19: 86 | G19: 85 | H19: 102 | I19: 99 | J19: 85 | K19: 64 | L19: 66 | M19: 90 | N19: 67 | O19: 62 | P19: 69 | Q19: 60 | R19: 107 | S19: 86 | T19: =SUM(E19:S19) -> 1208
D20: PR | E20: 81 | F20: 102 | G20: 89 | H20: 126 | I20: 114 | J20: 102 | K20: 76 | L20: 79 | M20: 96 | N20: 76 | O20: 60 | P20: 67 | Q20: 71 | R20: 110 | S20: 80 | T20: =SUM(E20:S20) -> 1329
D21: JML | E21: =SUM(E19:E20) -> 161 | F21: =SUM(F19:F20) -> 188 | G21: =SUM(G19:G20) -> 174 | H21: =SUM(H19:H20) -> 228 | I21: =SUM(I19:I20) -> 213 | J21: =SUM(J19:J20) -> 187 | K21: =SUM(K19:K20) -> 140 | L21: =SUM(L19:L20) -> 145 | ... S21: =SUM(S19:S20) -> 166 | T21: =SUM(E21:S21) -> 2537
B22: 2. | C22: Jumlah pengguna hak pilih dalam Daftar Pemilih Tambahan (DPTb) | D22: LK | E22: 0 | F22: 0 | G22: 0 | H22: 0 | I22: 0 | J22: 0 | K22: 0 | L22: 0 | M22: 0 | N22: 0 | O22: 1 | P22: 0 | Q22: 0 | R22: 0 | S22: 0 | T22: =SUM(E22:S22) -> 1
D23: PR | E23: 0 | F23: 0 | G23: 0 | H23: 0 | I23: 0 | J23: 0 | K23: 0 | L23: 0 | M23: 0 | N23: 0 | O23: 2 | P23: 0 | Q23: 0 | R23: 0 | S23: 0 | T23: =SUM(E23:S23) -> 2
D24: JML | E24: =SUM(E22:E23) -> 0 | F24: =SUM(F22:F23) -> 0 | G24: =SUM(G22:G23) -> 0 | H24: =SUM(H22:H23) -> 0 | I24: =SUM(I22:I23) -> 0 | J24: =SUM(J22:J23) -> 0 | K24: =SUM(K22:K23) -> 0 | L24: =SUM(L22:L23) -> 0 | ... S24: =SUM(S22:S23) -> 0 | T24: =SUM(E24:S24) -> 3
B25: 3. | C25: Jumlah pengguna hak pilih dalam Daftar Pemilih Khusus (DPK) | D25: LK | E25: 0 | F25: 0 | G25: 0 | H25: 0 | I25: 0 | J25: 0 | K25: 0 | L25: 1 | M25: 0 | N25: 0 | O25: 0 | P25: 0 | Q25: 0 | R25: 0 | S25: 0 | T25: =SUM(E25:S25) -> 1
D26: PR | E26: 0 | F26: 0 | G26: 0 | H26: 0 | I26: 0 | J26: 0 | K26: 3 | L26: 1 | M26: 0 | N26: 0 | O26: 0 | P26: 2 | Q26: 0 | R26: 0 | S26: 0 | T26: =SUM(E26:S26) -> 6
D27: JML | E27: =SUM(E25:E26) -> 0 | F27: =SUM(F25:F26) -> 0 | G27: =SUM(G25:G26) -> 0 | H27: =SUM(H25:H26) -> 0 | I27: =SUM(I25:I26) -> 0 | J27: =SUM(J25:J26) -> 0 | K27: =SUM(K25:K26) -> 3 | L27: =SUM(L25:L26) -> 2 | ... S27: =SUM(S25:S26) -> 0 | T27: =SUM(E27:S27) -> 7
B28: 4. | C28: Jumlah Pengguna Hak Pilih (B.1+B.2+B.3) | D28: LK | E28: =SUM(E19,E22,E25) -> 80 | F28: =SUM(F19,F22,F25) -> 86 | G28: =SUM(G19,G22,G25) -> 85 | H28: =SUM(H19,H22,H25) -> 102 | I28: =SUM(I19,I22,I25) -> 99 | J28: =SUM(J19,J22,J25) -> 85 | K28: =SUM(K19,K22,K25) -> 64 | L28: =SUM(L19,L22,L25) -> 67 | ... S28: =SUM(S19,S22,S25) -> 86 | T28: =SUM(E28:S28) -> 1210
D29: PR | E29: =SUM(E20,E23,E26) -> 81 | F29: =SUM(F20,F23,F26) -> 102 | G29: =SUM(G20,G23,G26) -> 89 | H29: =SUM(H20,H23,H26) -> 126 | I29: =SUM(I20,I23,I26) -> 114 | J29: =SUM(J20,J23,J26) -> 102 | K29: =SUM(K20,K23,K26) -> 79 | L29: =SUM(L20,L23,L26) -> 80 | ... S29: =SUM(S20,S23,S26) -> 80 | T29: =SUM(E29:S29) -> 1337
D30: JML | E30: =SUM(E28:E29) -> 161 | F30: =SUM(F28:F29) -> 188 | G30: =SUM(G28:G29) -> 174 | H30: =SUM(H28:H29) -> 228 | I30: =SUM(I28:I29) -> 213 | J30: =SUM(J28:J29) -> 187 | K30: =SUM(K28:K29) -> 143 | L30: =SUM(L28:L29) -> 147 | ... S30: =SUM(S28:S29) -> 166 | T30: =SUM(E30:S30) -> 2547
A32: II | B32: DATA PENGGUNAAN SURAT SUARA
A33: 1 | B33: Jumlah surat suara yang diterima, termasuk surat suara cadangan 2,5% dari DPT | E33: 213 | F33: 259 | G33: 233 | H33: 282 | I33: 276 | J33: 246 | K33: 185 | L33: 178 | M33: 233 | N33: 176 | O33: 182 | P33: 162 | Q33: 158 | R33: 252 | S33: 193 | T33: =SUM(E33:S33) -> 3228
A34: 2 | B34: Jumlah surat suara yang digunakan | E34: 161 | F34: 188 | G34: 174 | H34: 228 | I34: 213 | J34: 187 | K34: 143 | L34: 147 | M34: 186 | N34: 143 | O34: 125 | P34: 138 | Q34: 131 | R34: 217 | S34: 166 | T34: =SUM(E34:S34) -> 2547
A35: 3 | B35: Jumlah surat suara dikembalikan oleh pemilih (karena rusak atau keliru coblos) | E35: 0 | F35: 0 | G35: 0 | H35: 1 | I35: 0 | J35: 1 | K35: 0 | L35: 0 | M35: 0 | N35: 0 | O35: 0 | P35: 0 | Q35: 0 | R35: 0 | S35: 0 | T35: =SUM(E35:S35) -> 2
A36: 4 | B36: Jumlah surat suara yang tidak digunakan/tidak terpakai, termasuk sisa surat suara cadangan | E36: =E33-(E34+E35) -> 52 | F36: =F33-(F34+F35) -> 71 | G36: =G33-(G34+G35) -> 59 | H36: =H33-(H34+H35) -> 53 | I36: =I33-(I34+I35) -> 63 | J36: =J33-(J34+J35) -> 58 | K36: =K33-(K34+K35) -> 42 | L36: =L33-(L34+L35) -> 31 | ... S36: =S33-(S34+S35) -> 27 | T36: =SUM(E36:S36) -> 679
A38: III | B38: DATA PEMILIH DISABILITAS
B39: Jumlah seluruh Pemilih disabilitas yang menggunakan hak pilih | D39: LK | E39: 0 | F39: 0 | G39: 0 | H39: 1 | I39: 0 | J39: 0 | K39: 0 | L39: 0 | M39: 0 | N39: 0 | O39: 0 | P39: 1 | Q39: 0 | R39: 0 | S39: 1 | T39: =SUM(E39:S39) -> 3
D40: PR | E40: 0 | F40: 0 | G40: 0 | H40: 1 | I40: 0 | J40: 0 | K40: 0 | L40: 0 | M40: 0 | N40: 0 | O40: 1 | P40: 3 | Q40: 0 | R40: 3 | S40: 0 | T40: =SUM(E40:S40) -> 8
D41: JML | E41: =SUM(E39:E40) -> 0 | F41: =SUM(F39:F40) -> 0 | G41: =SUM(G39:G40) -> 0 | H41: =SUM(H39:H40) -> 2 | I41: =SUM(I39:I40) -> 0 | J41: =SUM(J39:J40) -> 0 | K41: =SUM(K39:K40) -> 0 | L41: =SUM(L39:L40) -> 0 | ... S41: =SUM(S39:S40) -> 1 | T41: =SUM(E41:S41) -> 11
A43: IV | B43: DATA RINCIAN PEROLEHAN SUARA PARTAI POLITIK DAN SUARA CALON
A44: NOMOR DAN NAMA CALON
A45: A.1 | B45: 1. | C45: Partai Kebangkitan Bangsa | E45: 10 | F45: 10 | G45: 13 | H45: 20 | I45: 12 | J45: 16 | K45: 6 | L45: 6 | M45: 7 | N45: 11 | O45: 7 | P45: 3 | Q45: 6 | R45: 6 | S45: 5 | T45: =SUM(E45:S45) -> 138
A46: A.2 | B46: 1 | C46: 1. Dr. Hj. NIHAYATUL WAFIROH, M.A. | E46: 15 | F46: 49 | G46: 28 | H46: 68 | I46: 35 | J46: 42 | K46: 10 | L46: 21 | M46: 17 | N46: 14 | O46: 18 | P46: 11 | Q46: 3 | R46: 12 | S46: 39 | T46: =SUM(E46:S46) -> 382
B47: 2 | C47: 2. H. M. NASIM KHAN | E47: 1 | F47: 1 | G47: 1 | H47: 2 | I47: 1 | J47: 1 | K47: 1 | L47: 0 | M47: 0 | N47: 1 | O47: 0 | P47: 1 | Q47: 0 | R47: 0 | S47: 5 | T47: =SUM(E47:S47) -> 15
B48: 3 | C48: 3. Dr. H. AKIK ZAMAN, M.Pd.I. | E48: 1 | F48: 2 | G48: 2 | H48: 0 | I48: 0 | J48: 2 | K48: 0 | L48: 1 | M48: 1 | N48: 1 | O48: 0 | P48: 0 | Q48: 0 | R48: 0 | S48: 1 | T48: =SUM(E48:S48) -> 11
B49: 4 | C49: 4. AHMAD RIFA'I, S.H. | E49: 0 | F49: 0 | G49: 0 | H49: 1 | I49: 0 | J49: 1 | K49: 0 | L49: 0 | M49: 0 | N49: 0 | O49: 1 | P49: 0 | Q49: 0 | R49: 2 | S49: 1 | T49: =SUM(E49:S49) -> 6
B50: 5 | C50: 5. Drs. H. MAHFUD M.N. | E50: 0 | F50: 1 | G50: 2 | H50: 0 | I50: 0 | J50: 1 | K50: 0 | L50: 0 | M50: 0 | N50: 0 | O50: 0 | P50: 0 | Q50: 0 | R50: 0 | S50: 0 | T50: =SUM(E50:S50) -> 4
B51: 6 | C51: 6. NURHAYATI, S.Pd. | E51: 0 | F51: 0 | G51: 0 | H51: 0 | I51: 0 | J51: 0 | K51: 0 | L51: 0 | M51: 0 | N51: 0 | O51: 0 | P51: 0 | Q51: 0 | R51: 1 | S51: 0 | T51: =SUM(E51:S51) -> 1
B52: 7 | C52: 7. MAFTUHA KISWAH | E52: 0 | F52: 0 | G52: 0 | H52: 0 | I52: 0 | J52: 0 | K52: 0 | L52: 0 | M52: 0 | N52: 0 | O52: 0 | P52: 0 | Q52: 0 | R52: 0 | S52: 0 | T52: =SUM(E52:S52) -> 0
T53: =SUM(E53:S53) -> 0
T54: =SUM(E54:S54) -> 0
A55: B | B55: JUMLAH SUARA SAH PARTAI POLITIK DAN CALON (A1 + A2) | E55: =SUM(E45:E52) -> 27 | F55: =SUM(F45:F52) -> 63 | G55: =SUM(G45:G52) -> 46 | H55: =SUM(H45:H52) -> 91 | I55: =SUM(I45:I52) -> 48 | J55: =SUM(J45:J52) -> 63 | K55: =SUM(K45:K52) -> 17 | L55: =SUM(L45:L52) -> 28 | ... S55: =SUM(S45:S52) -> 51 | T55: =SUM(E55:S55) -> 557
A57: A.1 | B57: 2. | C57: Partai Gerakan Indonesia Raya | E57: 10 | F57: 4 | G57: 9 | H57: 4 | I57: 15 | J57: 7 | K57: 10 | L57: 13 | M57: 19 | N57: 8 | O57: 10 | P57: 14 | Q57: 5 | R57: 12 | S57: 4 | T57: =SUM(E57:S57) -> 144
A58: A.2 | B58: 1 | C58: 1. SUMAIL ABDULLAH | E58: 6 | F58: 14 | G58: 23 | H58: 22 | I58: 18 | J58: 23 | K58: 28 | L58: 17 | M58: 21 | N58: 4 | O58: 13 | P58: 26 | Q58: 20 | R58: 72 | S58: 13 | T58: =SUM(E58:S58) -> 320
B59: 2 | C59: 2. MUHAMMAD ALI ADRIAN SALEH | E59: 2 | F59: 0 | G59: 2 | H59: 4 | I59: 0 | J59: 2 | K59: 2 | L59: 3 | M59: 3 | N59: 3 | O59: 1 | P59: 2 | Q59: 1 | R59: 2 | S59: 5 | T59: =SUM(E59:S59) -> 32
B60: 3 | C60: 3. DURROTUN NAFISAH | E60: 1 | F60: 1 | G60: 0 | H60: 0 | I60: 3 | J60: 0 | K60: 2 | L60: 0 | M60: 0 | N60: 0 | O60: 0 | P60: 0 | Q60: 0 | R60: 3 | S60: 0 | T60: =SUM(E60:S60) -> 10
B61: 4 | C61: 4. H. EKO SUSILO NURHIDAYAT | E61: 0 | F61: 0 | G61: 1 | H61: 0 | I61: 1 | J61: 0 | K61: 0 | L61: 0 | M61: 0 | N61: 0 | O61: 0 | P61: 0 | Q61: 2 | R61: 0 | S61: 0 | T61: =SUM(E61:S61) -> 4
B62: 5 | C62: 5. KARNADI HARIJANTO, S.S. | E62: 0 | F62: 0 | G62: 0 | H62: 0 | I62: 0 | J62: 0 | K62: 0 | L62: 0 | M62: 1 | N62: 0 | O62: 0 | P62: 0 | Q62: 0 | R62: 0 | S62: 0 | T62: =SUM(E62:S62) -> 1
B63: 6 | C63: 6. NURHAYATI | E63: 0 | F63: 1 | G63: 0 | H63: 0 | I63: 1 | J63: 0 | K63: 0 | L63: 0 | M63: 1 | N63: 0 | O63: 0 | P63: 1 | Q63: 0 | R63: 0 | S63: 0 | T63: =SUM(E63:S63) -> 4
B64: 7 | C64: 7. MASHUDI | E64: 0 | F64: 0 | G64: 0 | H64: 0 | I64: 2 | J64: 0 | K64: 1 | L64: 0 | M64: 0 | N64: 0 | O64: 0 | P64: 0 | Q64: 0 | R64: 0 | S64: 0 | T64: =SUM(E64:S64) -> 3
T65: =SUM(E65:S65) -> 0
T66: =SUM(E66:S66) -> 0
A67: B | B67: JUMLAH SUARA SAH PARTAI POLITIK DAN CALON (A1 + A2) | E67: =SUM(E57:E64) -> 19 | F67: =SUM(F57:F64) -> 20 | G67: =SUM(G57:G64) -> 35 | H67: =SUM(H57:H64) -> 30 | I67: =SUM(I57:I64) -> 40 | J67: =SUM(J57:J64) -> 32 | K67: =SUM(K57:K64) -> 43 | L67: =SUM(L57:L64) -> 33 | ... S67: =SUM(S57:S64) -> 22 | T67: =SUM(E67:S67) -> 518
A69: A.1 | B69: 3. | C69: Partai Demokrasi Indonesia Perjuangan | E69: 5 | F69: 6 | G69: 5 | H69: 9 | I69: 8 | J69: 6 | K69: 6 | L69: 5 | M69: 7 | N69: 7 | O69: 7 | P69: 17 | Q69: 12 | R69: 16 | S69: 7 | T69: =SUM(E69:S69) -> 123
A70: A.2 | B70: 1 | C70: 1. SONNY TRI DANAPARAMITA, S.H., M.H. | E70: 3 | F70: 7 | G70: 2 | H70: 7 | I70: 3 | J70: 10 | K70: 0 | L70: 3 | M70: 4 | N70: 0 | O70: 4 | P70: 4 | Q70: 6 | R70: 5 | S70: 10 | T70: =SUM(E70:S70) -> 68
B71: 2 | C71: 2. H. MOHAMAD GUNTUR ROMLI | E71: 2 | F71: 2 | G71: 0 | H71: 4 | I71: 1 | J71: 0 | K71: 4 | L71: 0 | M71: 2 | N71: 1 | O71: 1 | P71: 1 | Q71: 3 | R71: 1 | S71: 3 | T71: =SUM(E71:S71) -> 25
B72: 3 | C72: 3. INA AMMANIA | E72: 10 | F72: 15 | G72: 9 | H72: 1 | I72: 14 | J72: 3 | K72: 9 | L72: 20 | M72: 44 | N72: 0 | O72: 2 | P72: 24 | Q72: 32 | R72: 47 | S72: 11 | T72: =SUM(E72:S72) -> 241
B73: 4 | C73: 4. IRWAN BACHTIAR RACHMAT, M.Si. | E73: 1 | F73: 0 | G73: 1 | H73: 0 | I73: 0 | J73: 0 | K73: 2 | L73: 1 | M73: 2 | N73: 1 | O73: 0 | P73: 3 | Q73: 4 | R73: 8 | S73: 5 | T73: =SUM(E73:S73) -> 28
B74: 5 | C74: 5. LUCKY PERDANA | E74: 8 | F74: 10 | G74: 7 | H74: 6 | I74: 14 | J74: 6 | K74: 9 | L74: 16 | M74: 5 | N74: 4 | O74: 5 | P74: 0 | Q74: 3 | R74: 9 | S74: 18 | T74: =SUM(E74:S74) -> 120
B75: 6 | C75: 6. WIWIK PUJIYATI | E75: 0 | F75: 1 | G75: 0 | H75: 1 | I75: 1 | J75: 0 | K75: 2 | L75: 0 | M75: 1 | N75: 0 | O75: 0 | P75: 0 | Q75: 0 | R75: 1 | S75: 0 | T75: =SUM(E75:S75) -> 7
B76: 7 | C76: 7. CHANDRA ASTAN, S.T. | E76: 0 | F76: 2 | G76: 0 | H76: 0 | I76: 3 | J76: 2 | K76: 0 | L76: 0 | M76: 0 | N76: 2 | O76: 1 | P76: 0 | Q76: 0 | R76: 2 | S76: 0 | T76: =SUM(E76:S76) -> 12
T77: =SUM(E77:S77) -> 0
T78: =SUM(E78:S78) -> 0
A79: B | B79: JUMLAH SUARA SAH PARTAI POLITIK DAN CALON (A1 + A2) | E79: =SUM(E69:E76) -> 29 | F79: =SUM(F69:F76) -> 43 | G79: =SUM(G69:G76) -> 24 | H79: =SUM(H69:H76) -> 28 | I79: =SUM(I69:I76) -> 44 | J79: =SUM(J69:J76) -> 27 | K79: =SUM(K69:K76) -> 32 | L79: =SUM(L69:L76) -> 45 | ... S79: =SUM(S69:S76) -> 54 | T79: =SUM(E79:S79) -> 624
A81: A.1 | B81: 4. | C81: Partai Golongan Karya | E81: 6 | F81: 5 | G81: 5 | H81: 1 | I81: 2 | J81: 1 | K81: 4 | L81: 1 | M81: 5 | N81: 11 | O81: 1 | P81: 0 | Q81: 2 | R81: 4 | S81: 2 | T81: =SUM(E81:S81) -> 50
A82: A.2 | B82: 1 | C82: 1. ZULFIKAR ARSE SADIKIN, S.I.P., M.Si. | E82: 15 | F82: 5 | G82: 6 | H82: 3 | I82: 6 | J82: 4 | K82: 1 | L82: 0 | M82: 0 | N82: 40 | O82: 23 | P82: 3 | Q82: 1 | R82: 2 | S82: 2 | T82: =SUM(E82:S82) -> 111
B83: 2 | C83: 2. HANDOKO | E83: 1 | F83: 2 | G83: 2 | H83: 0 | I83: 0 | J83: 1 | K83: 1 | L83: 2 | M83: 0 | N83: 3 | O83: 1 | P83: 0 | Q83: 2 | R83: 1 | S83: 1 | T83: =SUM(E83:S83) -> 17
B84: 3 | C84: 3. Hj. OVI DEWI YANTI | E84: 0 | F84: 0 | G84: 0 | H84: 0 | I84: 0 | J84: 3 | K84: 0 | L84: 1 | M84: 0 | N84: 0 | O84: 0 | P84: 0 | Q84: 0 | R84: 1 | S84: 1 | T84: =SUM(E84:S84) -> 6
B85: 4 | C85: 4. Ir. AZAM AZMAN NATAWIJANA | E85: 1 | F85: 0 | G85: 0 | H85: 0 | I85: 2 | J85: 2 | K85: 0 | L85: 0 | M85: 0 | N85: 0 | O85: 0 | P85: 0 | Q85: 0 | R85: 0 | S85: 0 | T85: =SUM(E85:S85) -> 5
B86: 5 | C86: 5. UBAIDILLAH AMIN, S.Kom. | E86: 0 | F86: 0 | G86: 0 | H86: 0 | I86: 0 | J86: 0 | K86: 0 | L86: 1 | M86: 0 | N86: 0 | O86: 0 | P86: 0 | Q86: 0 | R86: 0 | S86: 0 | T86: =SUM(E86:S86) -> 1
B87: 6 | C87: 6. DENNY YUNIANDARI, S.H., M.Kn. | E87: 0 | F87: 0 | G87: 0 | H87: 0 | I87: 0 | J87: 1 | K87: 0 | L87: 0 | M87: 0 | N87: 0 | O87: 0 | P87: 0 | Q87: 0 | R87: 0 | S87: 1 | T87: =SUM(E87:S87) -> 2
B88: 7 | C88: 7. ERNADI, S.H.I. | E88: 0 | F88: 0 | G88: 0 | H88: 0 | I88: 0 | J88: 0 | K88: 0 | L88: 0 | M88: 0 | N88: 0 | O88: 0 | P88: 0 | Q88: 0 | R88: 0 | S88: 0 | T88: =SUM(E88:S88) -> 0
T89: =SUM(E89:S89) -> 0
T90: =SUM(E90:S90) -> 0
A91: B | B91: JUMLAH SUARA SAH PARTAI POLITIK DAN CALON (A1 + A2) | E91: =SUM(E81:E88) -> 23 | F91: =SUM(F81:F88) -> 12 | G91: =SUM(G81:G88) -> 13 | H91: =SUM(H81:H88) -> 4 | I91: =SUM(I81:I88) -> 10 | J91: =SUM(J81:J88) -> 12 | K91: =SUM(K81:K88) -> 6 | L91: =SUM(L81:L88) -> 5 | ... S91: =SUM(S81:S88) -> 7 | T91: =SUM(E91:S91) -> 192
A93: A.1 | B93: 5. | C93: Partai NasDem | E93: 2 | F93: 4 | G93: 1 | H93: 2 | I93: 1 | J93: 2 | K93: 0 | L93: 1 | M93: 0 | N93: 0 | O93: 1 | P93: 2 | Q93: 2 | R93: 1 | S93: 1 | T93: =SUM(E93:S93) -> 20
A94: A.2 | B94: 1 | C94: 1. ACH. FADIL MUZAKKI SYAH | E94: 1 | F94: 2 | G94: 1 | H94: 1 | I94: 0 | J94: 0 | K94: 1 | L94: 4 | M94: 1 | N94: 0 | O94: 1 | P94: 7 | Q94: 11 | R94: 1 | S94: 1 | T94: =SUM(E94:S94) -> 32
B95: 2 | C95: 2. BENY | E95: 0 | F95: 0 | G95: 0 | H95: 0 | I95: 0 | J95: 0 | K95: 0 | L95: 0 | M95: 0 | N95: 0 | O95: 0 | P95: 0 | Q95: 1 | R95: 0 | S95: 0 | T95: =SUM(E95:S95) -> 1
B96: 3 | C96: 3. VINA VERONIKA | E96: 0 | F96: 0 | G96: 0 | H96: 0 | I96: 0 | J96: 1 | K96: 1 | L96: 0 | M96: 0 | N96: 0 | O96: 0 | P96: 0 | Q96: 0 | R96: 0 | S96: 1 | T96: =SUM(E96:S96) -> 3
B97: 4 | C97: 4. TEDDY ANUGRIANTO | E97: 0 | F97: 1 | G97: 0 | H97: 0 | I97: 0 | J97: 0 | K97: 1 | L97: 0 | M97: 0 | N97: 0 | O97: 0 | P97: 0 | Q97: 0 | R97: 0 | S97: 0 | T97: =SUM(E97:S97) -> 2
B98: 5 | C98: 5. INSAN KAMIL | E98: 1 | F98: 2 | G98: 0 | H98: 0 | I98: 0 | J98: 0 | K98: 0 | L98: 0 | M98: 0 | N98: 1 | O98: 1 | P98: 0 | Q98: 0 | R98: 0 | S98: 0 | T98: =SUM(E98:S98) -> 5
B99: 6 | C99: 6. LILIK LINDARWATI | E99: 0 | F99: 4 | G99: 0 | H99: 0 | I99: 0 | J99: 0 | K99: 0 | L99: 0 | M99: 0 | N99: 0 | O99: 1 | P99: 0 | Q99: 0 | R99: 0 | S99: 1 | T99: =SUM(E99:S99) -> 6
B100: 7 | C100: 7. YULI ANITA | E100: 0 | F100: 1 | G100: 0 | H100: 1 | I100: 0 | J100: 0 | K100: 0 | L100: 0 | M100: 2 | N100: 0 | O100: 0 | P100: 0 | Q100: 0 | R100: 0 | S100: 0 | T100: =SUM(E100:S100) -> 4
T101: =SUM(E101:S101) -> 0
T102: =SUM(E102:S102) -> 0
A103: B | B103: JUMLAH SUARA SAH PARTAI POLITIK DAN CALON (A1 + A2) | E103: =SUM(E93:E100) -> 4 | F103: =SUM(F93:F100) -> 14 | G103: =SUM(G93:G100) -> 2 | H103: =SUM(H93:H100) -> 4 | I103: =SUM(I93:I100) -> 1 | J103: =SUM(J93:J100) -> 3 | K103: =SUM(K93:K100) -> 3 | L103: =SUM(L93:L100) -> 5 | ... S103: =SUM(S93:S100) -> 4 | T103: =SUM(E103:S103) -> 73
A105: A.1 | B105: 6. | C105: Partai Buruh | E105: 0 | F105: 0 | G105: 2 | H105: 2 | I105: 0 | J105: 0 | K105: 0 | L105: 1 | M105: 1 | N105: 0 | O105: 0 | P105: 0 | Q105: 0 | R105: 0 | S105: 1 | T105: =SUM(E105:S105) -> 7
A106: A.2 | B106: 1 | C106: 1. KHOIRUL ANAM | E106: 0 | F106: 0 | G106: 0 | H106: 0 | I106: 1 | J106: 0 | K106: 0 | L106: 0 | M106: 0 | N106: 1 | O106: 0 | P106: 1 | Q106: 0 | R106: 0 | S106: 0 | T106: =SUM(E106:S106) -> 3
B107: 2 | C107: 2. INA KURNIA | E107: 0 | F107: 1 | G107: 0 | H107: 0 | I107: 0 | J107: 0 | K107: 0 | L107: 0 | M107: 0 | N107: 0 | O107: 0 | P107: 0 | Q107: 1 | R107: 0 | S107: 0 | T107: =SUM(E107:S107) -> 2
B108: 3 | C108: 3. JIBRAL TAROUK | E108: 0 | F108: 0 | G108: 0 | H108: 0 | I108: 0 | J108: 0 | K108: 0 | L108: 0 | M108: 0 | N108: 0 | O108: 0 | P108: 0 | Q108: 0 | R108: 0 | S108: 0 | T108: =SUM(E108:S108) -> 0
B109: 4 | C109: 4. ASTUTI DAENG PUJI | E109: 0 | F109: 0 | G109: 0 | H109: 0 | I109: 0 | J109: 0 | K109: 0 | L109: 0 | M109: 0 | N109: 0 | O109: 0 | P109: 0 | Q109: 0 | R109: 0 | S109: 0 | T109: =SUM(E109:S109) -> 0
B110: 5 | C110: 5. ASDARMAWAN | E110: 0 | F110: 0 | G110: 0 | H110: 0 | I110: 0 | J110: 0 | K110: 0 | L110: 0 | M110: 0 | N110: 0 | O110: 0 | P110: 0 | Q110: 0 | R110: 0 | S110: 0 | T110: =SUM(E110:S110) -> 0
B111: 6 | C111: 6. RIFQI MUBAROK | E111: 0 | F111: 0 | G111: 0 | H111: 0 | I111: 0 | J111: 0 | K111: 0 | L111: 0 | M111: 0 | N111: 0 | O111: 0 | P111: 0 | Q111: 1 | R111: 0 | S111: 0 | T111: =SUM(E111:S111) -> 1
B112: 7 | C112: 7. FIRNANDA ALTA MEGA | E112: 0 | F112: 0 | G112: 0 | H112: 0 | I112: 0 | J112: 0 | K112: 0 | L112: 0 | M112: 0 | N112: 0 | O112: 0 | P112: 0 | Q112: 0 | R112: 0 | S112: 0 | T112: =SUM(E112:S112) -> 0
T113: =SUM(E113:S113) -> 0
T114: =SUM(E114:S114) -> 0
A115: B | B115: JUMLAH SUARA SAH PARTAI POLITIK DAN CALON (A1 + A2) | E115: =SUM(E105:E112) -> 0 | F115: =SUM(F105:F112) -> 1 | G115: =SUM(G105:G112) -> 2 | H115: =SUM(H105:H112) -> 2 | I115: =SUM(I105:I112) -> 1 | J115: =SUM(J105:J112) -> 0 | K115: =SUM(K105:K112) -> 0 | L115: =SUM(L105:L112) -> 1 | ... S115: =SUM(S105:S112) -> 1 | T115: =SUM(E115:S115) -> 13
A117: A.1 | B117: 7. | C117: Partai Gelombang Rakyat Indonesia | E117: 0 | F117: 1 | G117: 0 | H117: 2 | I117: 1 | J117: 0 | K117: 0 | L117: 2 | M117: 2 | N117: 0 | O117: 0 | P117: 0 | Q117: 1 | R117: 0 | S117: 1 | T117: =SUM(E117:S117) -> 10
...

Sheet PAKEL
C2: Kecamatan | D2: LICIN
C3: Kabupaten | D3: BANYUWANGI
C4: Provinsi | D4: JAWA TIMUR
C9: Kelurahan | D9: PAKEL
A12: I | B12: DATA PEMILIH DAN PENGGUNAAN HAK PILIH | N12: JUMLAH AKHIR
A13: A | B13: DATA PEMILIH | E13: TPS 001 | F13: TPS 002 | G13: TPS 003 | H13: TPS 004 | I13: TPS 005 | J13: TPS 006 | K13: TPS 007 | L13: TPS 008 | M13: TPS 009
B14: Jumlah Pemilih dalam Daftar Pemilih Tetap (DPT) | D14: LK | E14: 126 | F14: 128 | G14: 135 | H14: 133 | I14: 128 | J14: 97 | K14: 97 | L14: 106 | M14: 98 | N14: =SUM(E14:M14) -> 1048
D15: PR | E15: 131 | F15: 129 | G15: 133 | H15: 142 | I15: 133 | J15: 105 | K15: 103 | L15: 96 | M15: 107 | N15: =SUM(E15:M15) -> 1079
D16: JML | E16: =SUM(E14:E15) -> 257 | F16: =SUM(F14:F15) -> 257 | G16: =SUM(G14:G15) -> 268 | H16: =SUM(H14:H15) -> 275 | I16: =SUM(I14:I15) -> 261 | J16: =SUM(J14:J15) -> 202 | K16: =SUM(K14:K15) -> 200 | L16: =SUM(L14:L15) -> 202 | M16: =SUM(M14:M15) -> 205 | N16: =SUM(E16:M16) -> 2127
A18: B | B18: PENGGUNA HAK PILIH
B19: 1. | C19: Jumlah pengguna hak pilih dalam Daftar Pemilih Tetap (DPT) | D19: LK | E19: 89 | F19: 91 | G19: 102 | H19: 91 | I19: 94 | J19: 74 | K19: 72 | L19: 76 | M19: 71 | N19: =SUM(E19:M19) -> 760
D20: PR | E20: 110 | F20: 97 | G20: 104 | H20: 111 | I20: 104 | J20: 88 | K20: 82 | L20: 76 | M20: 76 | N20: =SUM(E20:M20) -> 848
D21: JML | E21: =SUM(E19:E20) -> 199 | F21: =SUM(F19:F20) -> 188 | G21: =SUM(G19:G20) -> 206 | H21: =SUM(H19:H20) -> 202 | I21: =SUM(I19:I20) -> 198 | J21: =SUM(J19:J20) -> 162 | K21: =SUM(K19:K20) -> 154 | L21: =SUM(L19:L20) -> 152 | M21: =SUM(M19:M20) -> 147 | N21: =SUM(E21:M21) -> 1608
B22: 2. | C22: Jumlah pengguna hak pilih dalam Daftar Pemilih Tambahan (DPTb) | D22: LK | E22: 0 | F22: 0 | G22: 0 | H22: 0 | I22: 0 | J22: 0 | K22: 0 | L22: 0 | M22: 0 | N22: =SUM(E22:M22) -> 0
D23: PR | E23: 0 | F23: 0 | G23: 0 | H23: 0 | I23: 0 | J23: 0 | K23: 0 | L23: 1 | M23: 0 | N23: =SUM(E23:M23) -> 1
D24: JML | E24: =SUM(E22:E23) -> 0 | F24: =SUM(F22:F23) -> 0 | G24: =SUM(G22:G23) -> 0 | H24: =SUM(H22:H23) -> 0 | I24: =SUM(I22:I23) -> 0 | J24: =SUM(J22:J23) -> 0 | K24: =SUM(K22:K23) -> 0 | L24: =SUM(L22:L23) -> 1 | M24: =SUM(M22:M23) -> 0 | N24: =SUM(E24:M24) -> 1
B25: 3. | C25: Jumlah pengguna hak pilih dalam Daftar Pemilih Khusus (DPK) | D25: LK | E25: 0 | F25: 1 | G25: 2 | H25: 0 | I25: 1 | J25: 0 | K25: 0 | L25: 0 | M25: 0 | N25: =SUM(E25:M25) -> 4
D26: PR | E26: 0 | F26: 1 | G26: 0 | H26: 0 | I26: 0 | J26: 0 | K26: 0 | L26: 0 | M26: 0 | N26: =SUM(E26:M26) -> 1
D27: JML | E27: =SUM(E25:E26) -> 0 | F27: =SUM(F25:F26) -> 2 | G27: =SUM(G25:G26) -> 2 | H27: =SUM(H25:H26) -> 0 | I27: =SUM(I25:I26) -> 1 | J27: =SUM(J25:J26) -> 0 | K27: =SUM(K25:K26) -> 0 | L27: =SUM(L25:L26) -> 0 | M27: =SUM(M25:M26) -> 0 | N27: =SUM(E27:M27) -> 5
B28: 4. | C28: Jumlah Pengguna Hak Pilih (B.1+B.2+B.3) | D28: LK | E28: =SUM(E19,E22,E25) -> 89 | F28: =SUM(F19,F22,F25) -> 92 | G28: =SUM(G19,G22,G25) -> 104 | H28: =SUM(H19,H22,H25) -> 91 | I28: =SUM(I19,I22,I25) -> 95 | J28: =SUM(J19,J22,J25) -> 74 | K28: =SUM(K19,K22,K25) -> 72 | L28: =SUM(L19,L22,L25) -> 76 | M28: =SUM(M19,M22,M25) -> 71 | N28: =SUM(E28:M28) -> 764
D29: PR | E29: =SUM(E20,E23,E26) -> 110 | F29: =SUM(F20,F23,F26) -> 98 | G29: =SUM(G20,G23,G26) -> 104 | H29: =SUM(H20,H23,H26) -> 111 | I29: =SUM(I20,I23,I26) -> 104 | J29: =SUM(J20,J23,J26) -> 88 | K29: =SUM(K20,K23,K26) -> 82 | L29: =SUM(L20,L23,L26) -> 77 | M29: =SUM(M20,M23,M26) -> 76 | N29: =SUM(E29:M29) -> 850
D30: JML | E30: =SUM(E28:E29) -> 199 | F30: =SUM(F28:F29) -> 190 | G30: =SUM(G28:G29) -> 208 | H30: =SUM(H28:H29) -> 202 | I30: =SUM(I28:I29) -> 199 | J30: =SUM(J28:J29) -> 162 | K30: =SUM(K28:K29) -> 154 | L30: =SUM(L28:L29) -> 153 | M30: =SUM(M28:M29) -> 147 | N30: =SUM(E30:M30) -> 1614
A32: II | B32: DATA PENGGUNAAN SURAT SUARA
A33: 1 | B33: Jumlah surat suara yang diterima, termasuk surat suara cadangan 2,5% dari DPT | E33: 263 | F33: 263 | G33: 273 | H33: 281 | I33: 267 | J33: 207 | K33: 204 | L33: 207 | M33: 209 | N33: =SUM(E33:M33) -> 2174
A34: 2 | B34: Jumlah surat suara yang digunakan | E34: 199 | F34: 190 | G34: 208 | H34: 202 | I34: 199 | J34: 162 | K34: 154 | L34: 153 | M34: 147 | N34: =SUM(E34:M34) -> 1614
A35: 3 | B35: Jumlah surat suara dikembalikan oleh pemilih (karena rusak atau keliru coblos) | E35: 0 | F35: 0 | G35: 2 | I35: 0 | J35: 0 | K35: 0 | L35: 2 | M35: 0 | N35: =SUM(E35:M35) -> 4
A36: 4 | B36: Jumlah surat suara yang tidak digunakan/tidak terpakai, termasuk sisa surat suara cadangan | E36: =E33-(E34+E35) -> 64 | F36: =F33-(F34+F35) -> 73 | G36: =G33-(G34+G35) -> 63 | H36: =H33-(H34+H35) -> 79 | I36: =I33-(I34+I35) -> 68 | J36: =J33-(J34+J35) -> 45 | K36: =K33-(K34+K35) -> 50 | L36: =L33-(L34+L35) -> 52 | M36: =M33-(M34+M35) -> 62 | N36: =SUM(E36:M36) -> 556
A38: III | B38: DATA PEMILIH DISABILITAS
B39: Jumlah seluruh Pemilih disabilitas yang menggunakan hak pilih | D39: LK | E39: 0 | F39: 0 | G39: 0 | H39: 0 | I39: 0 | J39: 0 | K39: 0 | L39: 0 | M39: 0 | N39: =SUM(E39:M39) -> 0
D40: PR | E40: 0 | F40: 0 | G40: 0 | H40: 0 | I40: 0 | J40: 0 | K40: 0 | L40: 0 | M40: 0 | N40: =SUM(E40:M40) -> 0
D41: JML | E41: =SUM(E39:E40) -> 0 | F41: =SUM(F39:F40) -> 0 | G41: =SUM(G39:G40) -> 0 | H41: =SUM(H39:H40) -> 0 | I41: =SUM(I39:I40) -> 0 | J41: =SUM(J39:J40) -> 0 | K41: =SUM(K39:K40) -> 0 | L41: =SUM(L39:L40) -> 0 | M41: =SUM(M39:M40) -> 0 | N41: =SUM(E41:M41) -> 0
A43: IV | B43: DATA RINCIAN PEROLEHAN SUARA PARTAI POLITIK DAN SUARA CALON
A44: NOMOR DAN NAMA CALON
A45: A.1 | B45: 1. | C45: Partai Kebangkitan Bangsa | E45: 3 | F45: 21 | G45: 10 | H45: 0 | I45: 12 | J45: 4 | K45: 5 | L45: 4 | M45: 5 | N45: =SUM(E45:M45) -> 64
A46: A.2 | B46: 1 | C46: 1. Dr. Hj. NIHAYATUL WAFIROH, M.A. | E46: 4 | F46: 6 | G46: 9 | H46: 21 | I46: 15 | J46: 8 | K46: 12 | L46: 6 | M46: 9 | N46: =SUM(E46:M46) -> 90
B47: 2 | C47: 2. H. M. NASIM KHAN | E47: 3 | F47: 1 | G47: 2 | H47: 2 | I47: 3 | J47: 1 | K47: 0 | L47: 4 | M47: 4 | N47: =SUM(E47:M47) -> 20
B48: 3 | C48: 3. Dr. H. AKIK ZAMAN, M.Pd.I. | E48: 0 | F48: 1 | G48: 0 | H48: 0 | I48: 1 | J48: 3 | K48: 0 | L48: 0 | M48: 1 | N48: =SUM(E48:M48) -> 6
B49: 4 | C49: 4. AHMAD RIFA'I, S.H. | E49: 18 | F49: 40 | G49: 30 | H49: 14 | I49: 5 | J49: 37 | K49: 38 | L49: 17 | M49: 41 | N49: =SUM(E49:M49) -> 240
B50: 5 | C50: 5. Drs. H. MAHFUD M.N. | E50: 0 | F50: 0 | G50: 0 | H50: 0 | I50: 0 | J50: 0 | K50: 0 | L50: 0 | M50: 0 | N50: =SUM(E50:M50) -> 0
B51: 6 | C51: 6. NURHAYATI, S.Pd. | E51: 0 | F51: 1 | G51: 0 | H51: 0 | I51: 0 | J51: 0 | K51: 0 | L51: 0 | M51: 0 | N51: =SUM(E51:M51) -> 1
B52: 7 | C52: 7. MAFTUHA KISWAH | E52: 0 | F52: 0 | G52: 0 | H52: 1 | I52: 0 | J52: 0 | K52: 0 | L52: 0 | M52: 0 | N52: =SUM(E52:M52) -> 1
N53: =SUM(E53:M53) -> 0
N54: =SUM(E54:M54) -> 0
A55: B | B55: JUMLAH SUARA SAH PARTAI POLITIK DAN CALON (A1 + A2) | E55: =SUM(E45:E52) -> 28 | F55: =SUM(F45:F52) -> 70 | G55: =SUM(G45:G52) -> 51 | H55: =SUM(H45:H52) -> 38 | I55: =SUM(I45:I52) -> 36 | J55: =SUM(J45:J52) -> 53 | K55: =SUM(K45:K52) -> 55 | L55: =SUM(L45:L52) -> 31 | M55: =SUM(M45:M52) -> 60 | N55: =SUM(E55:M55) -> 422
A57: A.1 | B57: 2. | C57: Partai Gerakan Indonesia Raya | E57: 13 | F57: 3 | G57: 5 | H57: 9 | I57: 13 | J57: 5 | K57: 13 | L57: 3 | M57: 5 | N57: =SUM(E57:M57) -> 69
A58: A.2 | B58: 1 | C58: 1. SUMAIL ABDULLAH | E58: 10 | F58: 3 | G58: 10 | H58: 6 | I58: 7 | J58: 12 | K58: 3 | L58: 8 | M58: 2 | N58: =SUM(E58:M58) -> 61
B59: 2 | C59: 2. MUHAMMAD ALI ADRIAN SALEH | E59: 1 | F59: 4 | G59: 2 | H59: 3 | I59: 2 | J59: 2 | K59: 4 | L59: 1 | M59: 4 | N59: =SUM(E59:M59) -> 23
B60: 3 | C60: 3. DURROTUN NAFISAH | E60: 2 | F60: 0 | G60: 2 | H60: 1 | I60: 2 | J60: 0 | K60: 1 | L60: 0 | M60: 1 | N60: =SUM(E60:M60) -> 9
B61: 4 | C61: 4. H. EKO SUSILO NURHIDAYAT | E61: 0 | F61: 0 | G61: 1 | H61: 0 | I61: 0 | J61: 0 | K61: 0 | L61: 0 | M61: 0 | N61: =SUM(E61:M61) -> 1
B62: 5 | C62: 5. KARNADI HARIJANTO, S.S. | E62: 0 | F62: 0 | G62: 0 | H62: 0 | I62: 0 | J62: 0 | K62: 0 | L62: 0 | M62: 0 | N62: =SUM(E62:M62) -> 0
B63: 6 | C63: 6. NURHAYATI | E63: 0 | F63: 0 | G63: 0 | H63: 0 | I63: 0 | J63: 0 | K63: 0 | L63: 0 | M63: 3 | N63: =SUM(E63:M63) -> 3
B64: 7 | C64: 7. MASHUDI | E64: 0 | F64: 0 | G64: 0 | H64: 0 | I64: 0 | J64: 0 | K64: 0 | L64: 0 | M64: 0 | N64: =SUM(E64:M64) -> 0
N65: =SUM(E65:M65) -> 0
N66: =SUM(E66:M66) -> 0
A67: B | B67: JUMLAH SUARA SAH PARTAI POLITIK DAN CALON (A1 + A2) | E67: =SUM(E57:E64) -> 26 | F67: =SUM(F57:F64) -> 10 | G67: =SUM(G57:G64) -> 20 | H67: =SUM(H57:H64) -> 19 | I67: =SUM(I57:I64) -> 24 | J67: =SUM(J57:J64) -> 19 | K67: =SUM(K57:K64) -> 21 | L67: =SUM(L57:L64) -> 12 | M67: =SUM(M57:M64) -> 15 | N67: =SUM(E67:M67) -> 166
A69: A.1 | B69: 3. | C69: Partai Demokrasi Indonesia Perjuangan | E69: 5 | F69: 16 | G69: 7 | H69: 8 | I69: 13 | J69: 5 | K69: 4 | L69: 3 | M69: 2 | N69: =SUM(E69:M69) -> 63
A70: A.2 | B70: 1 | C70: 1. SONNY TRI DANAPARAMITA, S.H., M.H. | E70: 5 | F70: 6 | G70: 1 | H70: 6 | I70: 0 | J70: 11 | K70: 3 | L70: 8 | M70: 3 | N70: =SUM(E70:M70) -> 43
B71: 2 | C71: 2. H. MOHAMAD GUNTUR ROMLI | E71: 3 | F71: 7 | G71: 0 | H71: 4 | I71: 3 | J71: 2 | K71: 1 | L71: 0 | M71: 0 | N71: =SUM(E71:M71) -> 20
B72: 3 | C72: 3. INA AMMANIA | E72: 5 | F72: 0 | G72: 6 | H72: 1 | I72: 3 | J72: 0 | K72: 4 | L72: 1 | M72: 3 | N72: =SUM(E72:M72) -> 23
B73: 4 | C73: 4. IRWAN BACHTIAR RACHMAT, M.Si. | E73: 0 | F73: 0 | G73: 2 | H73: 1 | I73: 0 | J73: 0 | K73: 0 | L73: 0 | M73: 0 | N73: =SUM(E73:M73) -> 3
B74: 5 | C74: 5. LUCKY PERDANA | E74: 1 | F74: 0 | G74: 4 | H74: 4 | I74: 4 | J74: 0 | K74: 2 | L74: 0 | M74: 4 | N74: =SUM(E74:M74) -> 19
B75: 6 | C75: 6. WIWIK PUJIYATI | E75: 0 | F75: 0 | G75: 0 | H75: 0 | I75: 0 | J75: 0 | K75: 0 | L75: 0 | M75: 1 | N75: =SUM(E75:M75) -> 1
B76: 7 | C76: 7. CHANDRA ASTAN, S.T. | E76: 0 | F76: 0 | G76: 0 | H76: 0 | I76: 0 | J76: 0 | K76: 0 | L76: 0 | M76: 0 | N76: =SUM(E76:M76) -> 0
N77: =SUM(E77:M77) -> 0
N78: =SUM(E78:M78) -> 0
A79: B | B79: JUMLAH SUARA SAH PARTAI POLITIK DAN CALON (A1 + A2) | E79: =SUM(E69:E76) -> 19 | F79: =SUM(F69:F76) -> 29 | G79: =SUM(G69:G76) -> 20 | H79: =SUM(H69:H76) -> 24 | I79: =SUM(I69:I76) -> 23 | J79: =SUM(J69:J76) -> 18 | K79: =SUM(K69:K76) -> 14 | L79: =SUM(L69:L76) -> 12 | M79: =SUM(M69:M76) -> 13 | N79: =SUM(E79:M79) -> 172
A81: A.1 | B81: 4. | C81: Partai Golongan Karya | E81: 14 | F81: 9 | G81: 6 | H81: 2 | I81: 4 | J81: 6 | K81: 3 | L81: 3 | M81: 7 | N81: =SUM(E81:M81) -> 54
A82: A.2 | B82: 1 | C82: 1. ZULFIKAR ARSE SADIKIN, S.I.P., M.Si. | E82: 10 | F82: 5 | G82: 1 | H82: 5 | I82: 2 | J82: 13 | K82: 2 | L82: 1 | M82: 1 | N82: =SUM(E82:M82) -> 40
B83: 2 | C83: 2. HANDOKO | E83: 3 | F83: 0 | G83: 2 | H83: 1 | I83: 1 | J83: 1 | K83: 1 | L83: 5 | M83: 4 | N83: =SUM(E83:M83) -> 18
B84: 3 | C84: 3. Hj. OVI DEWI YANTI | E84: 1 | F84: 0 | G84: 0 | H84: 0 | I84: 1 | J84: 0 | K84: 1 | L84: 0 | M84: 0 | N84: =SUM(E84:M84) -> 3
B85: 4 | C85: 4. Ir. AZAM AZMAN NATAWIJANA | E85: 1 | F85: 0 | G85: 1 | H85: 0 | I85: 1 | J85: 1 | K85: 1 | L85: 0 | M85: 0 | N85: =SUM(E85:M85) -> 5
B86: 5 | C86: 5. UBAIDILLAH AMIN, S.Kom. | E86: 0 | F86: 0 | G86: 0 | H86: 0 | I86: 1 | J86: 0 | K86: 0 | L86: 0 | M86: 0 | N86: =SUM(E86:M86) -> 1
B87: 6 | C87: 6. DENNY YUNIANDARI, S.H., M.Kn. | E87: 0 | F87: 0 | G87: 0 | H87: 0 | I87: 0 | J87: 0 | K87: 0 | L87: 0 | M87: 0 | N87: =SUM(E87:M87) -> 0
B88: 7 | C88: 7. ERNADI, S.H.I. | E88: 0 | F88: 0 | G88: 0 | H88: 0 | I88: 0 | J88: 0 | K88: 0 | L88: 0 | M88: 0 | N88: =SUM(E88:M88) -> 0
N89: =SUM(E89:M89) -> 0
N90: =SUM(E90:M90) -> 0
A91: B | B91: JUMLAH SUARA SAH PARTAI POLITIK DAN CALON (A1 + A2) | E91: =SUM(E81:E88) -> 29 | F91: =SUM(F81:F88) -> 14 | G91: =SUM(G81:G88) -> 10 | H91: =SUM(H81:H88) -> 8 | I91: =SUM(I81:I88) -> 10 | J91: =SUM(J81:J88) -> 21 | K91: =SUM(K81:K88) -> 8 | L91: =SUM(L81:L88) -> 9 | M91: =SUM(M81:M88) -> 12 | N91: =SUM(E91:M91) -> 121
A93: A.1 | B93: 5. | C93: Partai NasDem | E93: 0 | F93: 0 | G93: 0 | H93: 0 | I93: 1 | J93: 0 | K93: 0 | L93: 0 | M93: 0 | N93: =SUM(E93:M93) -> 1
A94: A.2 | B94: 1 | C94: 1. ACH. FADIL MUZAKKI SYAH | E94: 12 | F94: 0 | G94: 0 | H94: 0 | I94: 0 | J94: 0 | K94: 2 | L94: 0 | M94: 0 | N94: =SUM(E94:M94) -> 14
B95: 2 | C95: 2. BENY | E95: 0 | F95: 0 | G95: 0 | H95: 0 | I95: 0 | J95: 0 | K95: 0 | L95: 0 | M95: 0 | N95: =SUM(E95:M95) -> 0
B96: 3 | C96: 3. VINA VERONIKA | E96: 0 | F96: 0 | G96: 0 | H96: 0 | I96: 0 | J96: 1 | K96: 0 | L96: 0 | M96: 1 | N96: =SUM(E96:M96) -> 2
B97: 4 | C97: 4. TEDDY ANUGRIANTO | E97: 0 | F97: 0 | G97: 0 | H97: 0 | I97: 1 | J97: 0 | K97: 0 | L97: 0 | M97: 0 | N97: =SUM(E97:M97) -> 1
B98: 5 | C98: 5. INSAN KAMIL | E98: 0 | F98: 0 | G98: 0 | H98: 0 | I98: 0 | J98: 2 | K98: 0 | L98: 0 | M98: 0 | N98: =SUM(E98:M98) -> 2
B99: 6 | C99: 6. LILIK LINDARWATI | E99: 0 | F99: 1 | G99: 0 | H99: 0 | I99: 0 | J99: 0 | K99: 0 | L99: 0 | M99: 0 | N99: =SUM(E99:M99) -> 1
B100: 7 | C100: 7. YULI ANITA | E100: 0 | F100: 0 | G100: 0 | H100: 0 | I100: 0 | J100: 0 | K100: 0 | L100: 0 | M100: 0 | N100: =SUM(E100:M100) -> 0
N101: =SUM(E101:M101) -> 0
N102: =SUM(E102:M102) -> 0
A103: B | B103: JUMLAH SUARA SAH PARTAI POLITIK DAN CALON (A1 + A2) | E103: =SUM(E93:E100) -> 12 | F103: =SUM(F93:F100) -> 1 | G103: =SUM(G93:G100) -> 0 | H103: =SUM(H93:H100) -> 0 | I103: =SUM(I93:I100) -> 2 | J103: =SUM(J93:J100) -> 3 | K103: =SUM(K93:K100) -> 2 | L103: =SUM(L93:L100) -> 0 | M103: =SUM(M93:M100) -> 1 | N103: =SUM(E103:M103) -> 21
A105: A.1 | B105: 6. | C105: Partai Buruh | E105: 0 | F105: 1 | G105: 2 | H105: 2 | I105: 0 | J105: 0 | K105: 1 | L105: 0 | M105: 0 | N105: =SUM(E105:M105) -> 6
A106: A.2 | B106: 1 | C106: 1. KHOIRUL ANAM | E106: 0 | F106: 0 | G106: 0 | H106: 0 | I106: 0 | J106: 0 | K106: 0 | L106: 0 | M106: 0 | N106: =SUM(E106:M106) -> 0
B107: 2 | C107: 2. INA KURNIA | E107: 0 | F107: 1 | G107: 0 | H107: 0 | I107: 0 | J107: 1 | K107: 0 | L107: 0 | M107: 0 | N107: =SUM(E107:M107) -> 2
B108: 3 | C108: 3. JIBRAL TAROUK | E108: 0 | F108: 0 | G108: 0 | H108: 0 | I108: 0 | J108: 0 | K108: 0 | L108: 0 | M108: 0 | N108: =SUM(E108:M108) -> 0
B109: 4 | C109: 4. ASTUTI DAENG PUJI | E109: 0 | F109: 0 | G109: 0 | H109: 0 | I109: 0 | J109: 0 | K109: 0 | L109: 0 | M109: 0 | N109: =SUM(E109:M109) -> 0
B110: 5 | C110: 5. ASDARMAWAN | E110: 0 | F110: 0 | G110: 0 | H110: 0 | I110: 0 | J110: 0 | K110: 0 | L110: 0 | M110: 0 | N110: =SUM(E110:M110) -> 0
B111: 6 | C111: 6. RIFQI MUBAROK | E111: 0 | F111: 0 | G111: 0 | H111: 0 | I111: 0 | J111: 0 | K111: 0 | L111: 0 | M111: 0 | N111: =SUM(E111:M111) -> 0
B112: 7 | C112: 7. FIRNANDA ALTA MEGA | E112: 0 | F112: 0 | G112: 0 | H112: 0 | I112: 0 | J112: 0 | K112: 0 | L112: 0 | M112: 0 | N112: =SUM(E112:M112) -> 0
N113: =SUM(E113:M113) -> 0
N114: =SUM(E114:M114) -> 0
A115: B | B115: JUMLAH SUARA SAH PARTAI POLITIK DAN CALON (A1 + A2) | E115: =SUM(E105:E112) -> 0 | F115: =SUM(F105:F112) -> 2 | G115: =SUM(G105:G112) -> 2 | H115: =SUM(H105:H112) -> 2 | I115: =SUM(I105:I112) -> 0 | J115: =SUM(J105:J112) -> 1 | K115: =SUM(K105:K112) -> 1 | L115: =SUM(L105:L112) -> 0 | M115: =SUM(M105:M112) -> 0 | N115: =SUM(E115:M115) -> 8
A117: A.1 | B117: 7. | C117: Partai Gelombang Rakyat Indonesia | E117: 1 | F117: 0 | G117: 0 | H117: 0 | I117: 0 | J117: 1 | K117: 0 | L117: 0 | M117: 0 | N117: =SUM(E117:M117) -> 2
...

Sheet SEGOBANG
C2: Kecamatan | D2: LICIN
C3: Kabupaten | D3: BANYUWANGI
C4: Provinsi | D4: JAWA TIMUR
C9: Kelurahan | D9: SEGOBANG
A12: I | B12: DATA PEMILIH DAN PENGGUNAAN HAK PILIH | W12: JUMLAH AKHIR
A13: A | B13: DATA PEMILIH | E13: TPS 001 | F13: TPS 002 | G13: TPS 003 | H13: TPS 004 | I13: TPS 005 | J13: TPS 006 | K13: TPS 007 | L13: TPS 008 | M13: TPS 009 | N13: TPS 010 | O13: TPS 011 | P13: TPS 012 | Q13: TPS 013 | R13: TPS 014 | S13: TPS 015 | T13: TPS 016 | U13: TPS 017 | V13: TPS 018
B14: Jumlah Pemilih dalam Daftar Pemilih Tetap (DPT) | D14: LK | E14: 92 | F14: 63 | G14: 139 | H14: 138 | I14: 122 | J14: 137 | K14: 148 | L14: 125 | M14: 94 | N14: 142 | O14: 121 | P14: 119 | Q14: 128 | R14: 150 | S14: 132 | T14: 108 | U14: 132 | V14: 144 | W14: =SUM(E14:V14) -> 2234
D15: PR | E15: 84 | F15: 65 | G15: 137 | H15: 129 | I15: 118 | J15: 133 | K15: 135 | L15: 117 | M15: 105 | N15: 132 | O15: 124 | P15: 113 | Q15: 141 | R15: 135 | S15: 145 | T15: 102 | U15: 126 | V15: 143 | W15: =SUM(E15:V15) -> 2184
D16: JML | E16: =SUM(E14:E15) -> 176 | F16: =SUM(F14:F15) -> 128 | G16: =SUM(G14:G15) -> 276 | H16: =SUM(H14:H15) -> 267 | I16: =SUM(I14:I15) -> 240 | J16: =SUM(J14:J15) -> 270 | K16: =SUM(K14:K15) -> 283 | L16: =SUM(L14:L15) -> 242 | ... V16: =SUM(V14:V15) -> 287 | W16: =SUM(E16:V16) -> 4418
A18: B | B18: PENGGUNA HAK PILIH
B19: 1. | C19: Jumlah pengguna hak pilih dalam Daftar Pemilih Tetap (DPT) | D19: LK | E19: 73 | F19: 46 | G19: 100 | H19: 97 | I19: 89 | J19: 102 | K19: 97 | L19: 94 | M19: 74 | N19: 106 | O19: 90 | P19: 91 | Q19: 102 | R19: 104 | S19: 101 | T19: 80 | U19: 101 | V19: 106 | W19: =SUM(E19:V19) -> 1653
D20: PR | E20: 68 | F20: 58 | G20: 111 | H20: 111 | I20: 91 | J20: 104 | K20: 100 | L20: 97 | M20: 86 | N20: 117 | O20: 96 | P20: 90 | Q20: 115 | R20: 111 | S20: 113 | T20: 90 | U20: 108 | V20: 111 | W20: =SUM(E20:V20) -> 1777
D21: JML | E21: =SUM(E19:E20) -> 141 | F21: =SUM(F19:F20) -> 104 | G21: =SUM(G19:G20) -> 211 | H21: =SUM(H19:H20) -> 208 | I21: =SUM(I19:I20) -> 180 | J21: =SUM(J19:J20) -> 206 | K21: =SUM(K19:K20) -> 197 | L21: =SUM(L19:L20) -> 191 | ... V21: =SUM(V19:V20) -> 217 | W21: =SUM(E21:V21) -> 3430
B22: 2. | C22: Jumlah pengguna hak pilih dalam Daftar Pemilih Tambahan (DPTb) | D22: LK | E22: 0 | F22: 0 | G22: 0 | H22: 0 | I22: 0 | J22: 0 | K22: 0 | L22: 0 | M22: 0 | N22: 0 | O22: 0 | P22: 0 | Q22: 0 | R22: 0 | S22: 0 | T22: 1 | U22: 0 | V22: 0 | W22: =SUM(E22:V22) -> 1
D23: PR | E23: 0 | F23: 0 | G23: 0 | H23: 0 | I23: 0 | J23: 0 | K23: 0 | L23: 0 | M23: 0 | N23: 0 | O23: 0 | P23: 0 | Q23: 0 | R23: 0 | S23: 0 | T23: 0 | U23: 0 | V23: 0 | W23: =SUM(E23:V23) -> 0
D24: JML | E24: =SUM(E22:E23) -> 0 | F24: =SUM(F22:F23) -> 0 | G24: =SUM(G22:G23) -> 0 | H24: =SUM(H22:H23) -> 0 | I24: =SUM(I22:I23) -> 0 | J24: =SUM(J22:J23) -> 0 | K24: 0 | L24: =SUM(L22:L23) -> 0 | M24: =SUM(M22:M23) -> 0 | N24: =SUM(N22:N23) -> 0 | O24: =SUM(O22:O23) -> 0 | P24: =SUM(P22:P23) -> 0 | Q24: =SUM(Q22:Q23) -> 0 | R24: =SUM(R22:R23) -> 0 | S24: =SUM(S22:S23) -> 0 | ... V24: =SUM(V22:V23) -> 0 | W24: =SUM(E24:V24) -> 1
B25: 3. | C25: Jumlah pengguna hak pilih dalam Daftar Pemilih Khusus (DPK) | D25: LK | E25: 0 | F25: 0 | G25: 2 | H25: 0 | I25: 1 | J25: 0 | K25: 0 | L25: 0 | M25: 0 | N25: 2 | O25: 1 | P25: 0 | Q25: 0 | R25: 1 | S25: 3 | T25: 0 | U25: 0 | V25: 1 | W25: =SUM(E25:V25) -> 11
D26: PR | E26: 0 | F26: 0 | G26: 1 | H26: 0 | I26: 1 | J26: 0 | K26: 0 | L26: 0 | M26: 0 | N26: 1 | O26: 0 | P26: 0 | Q26: 0 | R26: 0 | S26: 1 | T26: 0 | U26: 1 | V26: 0 | W26: =SUM(E26:V26) -> 5
D27: JML | E27: =SUM(E25:E26) -> 0 | F27: =SUM(F25:F26) -> 0 | G27: =SUM(G25:G26) -> 3 | H27: =SUM(H25:H26) -> 0 | I27: =SUM(I25:I26) -> 2 | J27: =SUM(J25:J26) -> 0 | K27: =SUM(K25:K26) -> 0 | L27: =SUM(L25:L26) -> 0 | ... V27: =SUM(V25:V26) -> 1 | W27: =SUM(E27:V27) -> 16
B28: 4. | C28: Jumlah Pengguna Hak Pilih (B.1+B.2+B.3) | D28: LK | E28: =SUM(E19,E22,E25) -> 73 | F28: =SUM(F19,F22,F25) -> 46 | G28: =SUM(G19,G22,G25) -> 102 | H28: =SUM(H19,H22,H25) -> 97 | I28: =SUM(I19,I22,I25) -> 90 | J28: =SUM(J19,J22,J25) -> 102 | K28: =SUM(K19,K22,K25) -> 97 | L28: =SUM(L19,L22,L25) -> 94 | ... V28: =SUM(V19,V22,V25) -> 107 | W28: =SUM(E28:V28) -> 1665
D29: PR | E29: =SUM(E20,E23,E26) -> 68 | F29: =SUM(F20,F23,F26) -> 58 | G29: =SUM(G20,G23,G26) -> 112 | H29: =SUM(H20,H23,H26) -> 111 | I29: =SUM(I20,I23,I26) -> 92 | J29: =SUM(J20,J23,J26) -> 104 | K29: =SUM(K20,K23,K26) -> 100 | L29: =SUM(L20,L23,L26) -> 97 | ... V29: =SUM(V20,V23,V26) -> 111 | W29: =SUM(E29:V29) -> 1782
D30: JML | E30: =SUM(E28:E29) -> 141 | F30: =SUM(F28:F29) -> 104 | G30: =SUM(G28:G29) -> 214 | H30: =SUM(H28:H29) -> 208 | I30: =SUM(I28:I29) -> 182 | J30: =SUM(J28:J29) -> 206 | K30: =SUM(K28:K29) -> 197 | L30: =SUM(L28:L29) -> 191 | ... V30: =SUM(V28:V29) -> 218 | W30: =SUM(E30:V30) -> 3447
A32: II | B32: DATA PENGGUNAAN SURAT SUARA
A33: 1 | B33: Jumlah surat suara yang diterima, termasuk surat suara cadangan 2,5% dari DPT | E33: 180 | F33: 125 | G33: 282 | H33: 273 | I33: 245 | J33: 276 | K33: 290 | L33: 247 | M33: 202 | N33: 280 | O33: 250 | P33: 237 | Q33: 275 | R33: 292 | S33: 283 | T33: 215 | U33: 263 | V33: 293 | W33: =SUM(E33:V33) -> 4508
A34: 2 | B34: Jumlah surat suara yang digunakan | E34: 141 | F34: 104 | G34: 214 | H34: 208 | I34: 182 | J34: 206 | K34: 197 | L34: 191 | M34: 160 | N34: 226 | O34: 187 | P34: 181 | Q34: 217 | R34: 216 | S34: 218 | T34: 171 | U34: 210 | V34: 218 | W34: =SUM(E34:V34) -> 3447
A35: 3 | B35: Jumlah surat suara dikembalikan oleh pemilih (karena rusak atau keliru coblos) | E35: 0 | F35: 0 | G35: 0 | H35: 0 | I35: 0 | J35: 2 | K35: 0 | L35: 1 | M35: 0 | N35: 20 | O35: 2 | P35: 0 | Q35: 0 | R35: 2 | S35: 0 | T35: 1 | U35: 0 | V35: 0 | W35: =SUM(E35:V35) -> 28
A36: 4 | B36: Jumlah surat suara yang tidak digunakan/tidak terpakai, termasuk sisa surat suara cadangan | E36: =E33-(E34+E35) -> 39 | F36: =F33-(F34+F35) -> 21 | G36: =G33-(G34+G35) -> 68 | H36: =H33-(H34+H35) -> 65 | I36: =I33-(I34+I35) -> 63 | J36: =J33-(J34+J35) -> 68 | K36: =K33-(K34+K35) -> 93 | L36: =L33-(L34+L35) -> 55 | ... V36: =V33-(V34+V35) -> 75 | W36: =SUM(E36:V36) -> 1033
A38: III | B38: DATA PEMILIH DISABILITAS
B39: Jumlah seluruh Pemilih disabilitas yang menggunakan hak pilih | D39: LK | E39: 0 | F39: 1 | G39: 0 | H39: 0 | I39: 0 | J39: 0 | K39: 0 | L39: 0 | M39: 0 | N39: 1 | O39: 0 | P39: 0 | Q39: 0 | R39: 1 | S39: 1 | T39: 1 | U39: 0 | V39: 0 | W39: =SUM(E39:V39) -> 5
D40: PR | E40: 0 | F40: 2 | G40: 0 | H40: 0 | I40: 0 | J40: 0 | K40: 0 | L40: 0 | M40: 1 | N40: 0 | O40: 0 | P40: 0 | Q40: 0 | R40: 1 | S40: 0 | T40: 1 | U40: 0 | V40: 0 | W40: =SUM(E40:V40) -> 5
D41: JML | E41: =SUM(E39:E40) -> 0 | F41: =SUM(F39:F40) -> 3 | G41: =SUM(G39:G40) -> 0 | H41: =SUM(H39:H40) -> 0 | I41: =SUM(I39:I40) -> 0 | J41: =SUM(J39:J40) -> 0 | K41: =SUM(K39:K40) -> 0 | L41: =SUM(L39:L40) -> 0 | ... R41: =SUM(R39:R40) -> 2 | S41: 1 | T41: =SUM(T39:T40) -> 2 | U41: =SUM(U39:U40) -> 0 | V41: =SUM(V39:V40) -> 0 | W41: =SUM(E41:V41) -> 10
A43: IV | B43: DATA RINCIAN PEROLEHAN SUARA PARTAI POLITIK DAN SUARA CALON
A44: NOMOR DAN NAMA CALON
A45: A.1 | B45: 1. | C45: Partai Kebangkitan Bangsa | E45: 4 | F45: 9 | G45: 13 | H45: 5 | I45: 7 | J45: 9 | K45: 13 | L45: 9 | M45: 7 | N45: 20 | O45: 11 | P45: 12 | Q45: 11 | R45: 12 | S45: 4 | T45: 12 | U45: 14 | V45: 11 | W45: =SUM(E45:V45) -> 183
A46: A.2 | B46: 1 | C46: 1. Dr. Hj. NIHAYATUL WAFIROH, M.A. | E46: 11 | F46: 26 | G46: 26 | H46: 26 | I46: 12 | J46: 14 | K46: 22 | L46: 19 | M46: 17 | N46: 29 | O46: 17 | P46: 14 | Q46: 9 | R46: 10 | S46: 24 | T46: 16 | U46: 14 | V46: 19 | W46: =SUM(E46:V46) -> 325
B47: 2 | C47: 2. H. M. NASIM KHAN | E47: 1 | F47: 0 | G47: 5 | H47: 2 | I47: 2 | J47: 1 | K47: 0 | L47: 2 | M47: 6 | N47: 5 | O47: 1 | P47: 4 | Q47: 2 | R47: 5 | S47: 0 | T47: 1 | U47: 0 | V47: 2 | W47: =SUM(E47:V47) -> 39
B48: 3 | C48: 3. Dr. H. AKIK ZAMAN, M.Pd.I. | E48: 1 | F48: 0 | G48: 1 | H48: 1 | I48: 0 | J48: 0 | K48: 3 | L48: 0 | M48: 0 | N48: 0 | O48: 0 | P48: 1 | Q48: 2 | R48: 0 | S48: 0 | T48: 1 | U48: 1 | V48: 0 | W48: =SUM(E48:V48) -> 11
B49: 4 | C49: 4. AHMAD RIFA'I, S.H. | E49: 0 | F49: 0 | G49: 1 | H49: 0 | I49: 0 | J49: 0 | K49: 0 | L49: 0 | M49: 0 | N49: 0 | O49: 0 | P49: 0 | Q49: 0 | R49: 0 | S49: 1 | T49: 0 | U49: 0 | V49: 0 | W49: =SUM(E49:V49) -> 2
B50: 5 | C50: 5. Drs. H. MAHFUD M.N. | E50: 0 | F50: 0 | G50: 0 | H50: 0 | I50: 0 | J50: 1 | K50: 0 | L50: 0 | M50: 0 | N50: 0 | O50: 0 | P50: 0 | Q50: 0 | R50: 0 | S50: 0 | T50: 0 | U50: 1 | V50: 0 | W50: =SUM(E50:V50) -> 2
B51: 6 | C51: 6. NURHAYATI, S.Pd. | E51: 0 | F51: 0 | G51: 0 | H51: 1 | I51: 0 | J51: 0 | K51: 0 | L51: 0 | M51: 0 | N51: 0 | O51: 0 | P51: 0 | Q51: 0 | R51: 0 | S51: 0 | T51: 0 | U51: 1 | V51: 1 | W51: =SUM(E51:V51) -> 3
B52: 7 | C52: 7. MAFTUHA KISWAH | E52: 0 | F52: 0 | G52: 0 | H52: 0 | I52: 1 | J52: 0 | K52: 0 | L52: 0 | M52: 0 | N52: 0 | O52: 0 | P52: 0 | Q52: 0 | R52: 0 | S52: 0 | T52: 0 | U52: 0 | V52: 0 | W52: =SUM(E52:V52) -> 1
W53: =SUM(E53:V53) -> 0
W54: =SUM(E54:V54) -> 0
A55: B | B55: JUMLAH SUARA SAH PARTAI POLITIK DAN CALON (A1 + A2) | E55: =SUM(E45:E52) -> 17 | F55: =SUM(F45:F52) -> 35 | G55: =SUM(G45:G52) -> 46 | H55: =SUM(H45:H52) -> 35 | I55: =SUM(I45:I52) -> 22 | J55: =SUM(J45:J52) -> 25 | K55: =SUM(K45:K52) -> 38 | L55: =SUM(L45:L52) -> 30 | ... V55: =SUM(V45:V52) -> 33 | W55: =SUM(E55:V55) -> 566
A57: A.1 | B57: 2. | C57: Partai Gerakan Indonesia Raya | E57: 6 | F57: 10 | G57: 10 | H57: 16 | I57: 13 | J57: 6 | K57: 10 | L57: 6 | M57: 5 | N57: 7 | O57: 8 | P57: 6 | Q57: 14 | R57: 17 | S57: 9 | T57: 8 | U57: 18 | V57: 18 | W57: =SUM(E57:V57) -> 187
A58: A.2 | B58: 1 | C58: 1. SUMAIL ABDULLAH | E58: 8 | F58: 6 | G58: 7 | H58: 12 | I58: 12 | J58: 8 | K58: 8 | L58: 5 | M58: 2 | N58: 11 | O58: 16 | P58: 28 | Q58: 35 | R58: 25 | S58: 7 | T58: 8 | U58: 17 | V58: 10 | W58: =SUM(E58:V58) -> 225
B59: 2 | C59: 2. MUHAMMAD ALI ADRIAN SALEH | E59: 1 | F59: 1 | G59: 5 | H59: 3 | I59: 2 | J59: 4 | K59: 5 | L59: 2 | M59: 5 | N59: 1 | O59: 5 | P59: 7 | Q59: 3 | R59: 7 | S59: 4 | T59: 2 | U59: 4 | V59: 4 | W59: =SUM(E59:V59) -> 65
B60: 3 | C60: 3. DURROTUN NAFISAH | E60: 1 | F60: 1 | G60: 0 | H60: 2 | I60: 0 | J60: 0 | K60: 0 | L60: 0 | M60: 1 | N60: 0 | O60: 1 | P60: 1 | Q60: 2 | R60: 2 | S60: 1 | T60: 2 | U60: 0 | V60: 0 | W60: =SUM(E60:V60) -> 14
B61: 4 | C61: 4. H. EKO SUSILO NURHIDAYAT | E61: 0 | F61: 1 | G61: 2 | H61: 2 | I61: 0 | J61: 2 | K61: 1 | L61: 0 | M61: 0 | N61: 0 | O61: 0 | P61: 1 | Q61: 1 | R61: 3 | S61: 2 | T61: 0 | U61: 0 | V61: 0 | W61: =SUM(E61:V61) -> 15
B62: 5 | C62: 5. KARNADI HARIJANTO, S.S. | E62: 1 | F62: 0 | G62: 1 | H62: 0 | I62: 0 | J62: 0 | K62: 0 | L62: 0 | M62: 0 | N62: 0 | O62: 0 | P62: 0 | Q62: 0 | R62: 0 | S62: 0 | T62: 0 | U62: 0 | V62: 0 | W62: =SUM(E62:V62) -> 2
B63: 6 | C63: 6. NURHAYATI | E63: 0 | F63: 1 | G63: 0 | H63: 0 | I63: 2 | J63: 1 | K63: 0 | L63: 0 | M63: 0 | N63: 1 | O63: 0 | P63: 0 | Q63: 1 | R63: 0 | S63: 1 | T63: 2 | U63: 0 | V63: 1 | W63: =SUM(E63:V63) -> 10
B64: 7 | C64: 7. MASHUDI | E64: 0 | F64: 0 | G64: 0 | H64: 0 | I64: 0 | J64: 0 | K64: 0 | L64: 0 | M64: 0 | N64: 0 | O64: 0 | P64: 0 | Q64: 0 | R64: 0 | S64: 1 | T64: 0 | U64: 0 | V64: 0 | W64: =SUM(E64:V64) -> 1
W65: =SUM(E65:V65) -> 0
W66: =SUM(E66:V66) -> 0
A67: B | B67: JUMLAH SUARA SAH PARTAI POLITIK DAN CALON (A1 + A2) | E67: =SUM(E57:E64) -> 17 | F67: =SUM(F57:F64) -> 20 | G67: =SUM(G57:G64) -> 25 | H67: =SUM(H57:H64) -> 35 | I67: =SUM(I57:I64) -> 29 | J67: =SUM(J57:J64) -> 21 | K67: =SUM(K57:K64) -> 24 | L67: =SUM(L57:L64) -> 13 | ... V67: =SUM(V57:V64) -> 33 | W67: =SUM(E67:V67) -> 519
A69: A.1 | B69: 3. | C69: Partai Demokrasi Indonesia Perjuangan | E69: 22 | F69: 8 | G69: 5 | H69: 10 | I69: 9 | J69: 19 | K69: 7 | L69: 6 | M69: 3 | N69: 10 | O69: 6 | P69: 6 | Q69: 9 | R69: 5 | S69: 6 | T69: 5 | U69: 4 | V69: 10 | W69: =SUM(E69:V69) -> 150
A70: A.2 | B70: 1 | C70: 1. SONNY TRI DANAPARAMITA, S.H., M.H. | E70: 8 | F70: 2 | G70: 4 | H70: 1 | I70: 2 | J70: 6 | K70: 17 | L70: 5 | M70: 2 | N70: 4 | O70: 3 | P70: 6 | Q70: 5 | R70: 9 | S70: 7 | T70: 4 | U70: 3 | V70: 8 | W70: =SUM(E70:V70) -> 96
B71: 2 | C71: 2. H. MOHAMAD GUNTUR ROMLI | E71: 2 | F71: 4 | G71: 1 | H71: 1 | I71: 2 | J71: 2 | K71: 5 | L71: 5 | M71: 8 | N71: 3 | O71: 3 | P71: 0 | Q71: 2 | R71: 4 | S71: 1 | T71: 0 | U71: 8 | V71: 10 | W71: =SUM(E71:V71) -> 61
B72: 3 | C72: 3. INA AMMANIA | E72: 13 | F72: 1 | G72: 11 | H72: 1 | I72: 9 | J72: 28 | K72: 16 | L72: 17 | M72: 10 | N72: 35 | O72: 35 | P72: 17 | Q72: 31 | R72: 25 | S72: 32 | T72: 18 | U72: 23 | V72: 6 | W72: =SUM(E72:V72) -> 328
B73: 4 | C73: 4. IRWAN BACHTIAR RACHMAT, M.Si. | E73: 26 | F73: 2 | G73: 0 | H73: 1 | I73: 0 | J73: 1 | K73: 1 | L73: 0 | M73: 0 | N73: 0 | O73: 1 | P73: 1 | Q73: 1 | R73: 1 | S73: 1 | T73: 0 | U73: 0 | V73: 2 | W73: =SUM(E73:V73) -> 38
B74: 5 | C74: 5. LUCKY PERDANA | E74: 7 | F74: 1 | G74: 1 | H74: 3 | I74: 4 | J74: 1 | K74: 5 | L74: 5 | M74: 8 | N74: 5 | O74: 5 | P74: 4 | Q74: 1 | R74: 5 | S74: 10 | T74: 1 | U74: 5 | V74: 1 | W74: =SUM(E74:V74) -> 72
B75: 6 | C75: 6. WIWIK PUJIYATI | E75: 0 | F75: 1 | G75: 0 | H75: 0 | I75: 0 | J75: 0 | K75: 0 | L75: 0 | M75: 0 | N75: 1 | O75: 2 | P75: 0 | Q75: 0 | R75: 0 | S75: 2 | T75: 0 | U75: 0 | V75: 1 | W75: =SUM(E75:V75) -> 7
B76: 7 | C76: 7. CHANDRA ASTAN, S.T. | E76: 0 | F76: 0 | G76: 3 | H76: 3 | I76: 5 | J76: 4 | K76: 4 | L76: 2 | M76: 1 | N76: 7 | O76: 0 | P76: 0 | Q76: 0 | R76: 0 | S76: 0 | T76: 0 | U76: 1 | V76: 0 | W76: =SUM(E76:V76) -> 30
W77: =SUM(E77:V77) -> 0
W78: =SUM(E78:V78) -> 0
A79: B | B79: JUMLAH SUARA SAH PARTAI POLITIK DAN CALON (A1 + A2) | E79: =SUM(E69:E76) -> 78 | F79: =SUM(F69:F76) -> 19 | G79: =SUM(G69:G76) -> 25 | H79: =SUM(H69:H76) -> 20 | I79: =SUM(I69:I76) -> 31 | J79: =SUM(J69:J76) -> 61 | K79: =SUM(K69:K76) -> 55 | L79: =SUM(L69:L76) -> 40 | ... V79: =SUM(V69:V76) -> 38 | W79: =SUM(E79:V79) -> 782
A81: A.1 | B81: 4. | C81: Partai Golongan Karya | E81: 7 | F81: 3 | G81: 10 | H81: 14 | I81: 11 | J81: 14 | K81: 9 | L81: 16 | M81: 13 | N81: 7 | O81: 9 | P81: 1 | Q81: 7 | R81: 10 | S81: 6 | T81: 12 | U81: 8 | V81: 8 | W81: =SUM(E81:V81) -> 165
A82: A.2 | B82: 1 | C82: 1. ZULFIKAR ARSE SADIKIN, S.I.P., M.Si. | E82: 3 | F82: 0 | G82: 36 | H82: 23 | I82: 29 | J82: 16 | K82: 14 | L82: 23 | M82: 31 | N82: 15 | O82: 3 | P82: 4 | Q82: 2 | R82: 8 | S82: 11 | T82: 10 | U82: 6 | V82: 9 | W82: =SUM(E82:V82) -> 243
B83: 2 | C83: 2. HANDOKO | E83: 2 | F83: 1 | G83: 5 | H83: 9 | I83: 6 | J83: 7 | K83: 8 | L83: 4 | M83: 6 | N83: 2 | O83: 5 | P83: 3 | Q83: 5 | R83: 6 | S83: 3 | T83: 6 | U83: 3 | V83: 18 | W83: =SUM(E83:V83) -> 99
B84: 3 | C84: 3. Hj. OVI DEWI YANTI | E84: 1 | F84: 0 | G84: 1 | H84: 1 | I84: 1 | J84: 0 | K84: 0 | L84: 4 | M84: 0 | N84: 0 | O84: 1 | P84: 1 | Q84: 1 | R84: 0 | S84: 3 | T84: 0 | U84: 0 | V84: 1 | W84: =SUM(E84:V84) -> 15
B85: 4 | C85: 4. Ir. AZAM AZMAN NATAWIJANA | E85: 3 | F85: 0 | G85: 3 | H85: 0 | I85: 1 | J85: 0 | K85: 1 | L85: 1 | M85: 0 | N85: 1 | O85: 3 | P85: 1 | Q85: 1 | R85: 0 | S85: 0 | T85: 0 | U85: 1 | V85: 1 | W85: =SUM(E85:V85) -> 17
B86: 5 | C86: 5. UBAIDILLAH AMIN, S.Kom. | E86: 0 | F86: 0 | G86: 4 | H86: 2 | I86: 8 | J86: 0 | K86: 1 | L86: 0 | M86: 1 | N86: 2 | O86: 1 | P86: 0 | Q86: 0 | R86: 0 | S86: 1 | T86: 0 | U86: 2 | V86: 0 | W86: =SUM(E86:V86) -> 22
B87: 6 | C87: 6. DENNY YUNIANDARI, S.H., M.Kn. | E87: 0 | F87: 1 | G87: 0 | H87: 0 | I87: 1 | J87: 0 | K87: 0 | L87: 0 | M87: 0 | N87: 1 | O87: 0 | P87: 1 | Q87: 0 | R87: 0 | S87: 1 | T87: 0 | U87: 1 | V87: 0 | W87: =SUM(E87:V87) -> 6
B88: 7 | C88: 7. ERNADI, S.H.I. | E88: 0 | F88: 0 | G88: 0 | H88: 0 | I88: 0 | J88: 0 | K88: 1 | L88: 0 | M88: 0 | N88: 0 | O88: 0 | P88: 0 | Q88: 0 | R88: 1 | S88: 0 | T88: 0 | U88: 0 | V88: 0 | W88: =SUM(E88:V88) -> 2
W89: =SUM(E89:V89) -> 0
W90: =SUM(E90:V90) -> 0
A91: B | B91: JUMLAH SUARA SAH PARTAI POLITIK DAN CALON (A1 + A2) | E91: =SUM(E81:E88) -> 16 | F91: =SUM(F81:F88) -> 5 | G91: =SUM(G81:G88) -> 59 | H91: =SUM(H81:H88) -> 49 | I91: =SUM(I81:I88) -> 57 | J91: =SUM(J81:J88) -> 37 | K91: =SUM(K81:K88) -> 34 | L91: =SUM(L81:L88) -> 48 | ... V91: =SUM(V81:V88) -> 37 | W91: =SUM(E91:V91) -> 569
A93: A.1 | B93: 5. | C93: Partai NasDem | E93: 0 | F93: 0 | G93: 0 | H93: 0 | I93: 1 | J93: 0 | K93: 2 | L93: 0 | M93: 2 | N93: 1 | O93: 2 | P93: 1 | Q93: 1 | R93: 3 | S93: 4 | T93: 6 | U93: 6 | V93: 2 | W93: =SUM(E93:V93) -> 31
A94: A.2 | B94: 1 | C94: 1. ACH. FADIL MUZAKKI SYAH | E94: 0 | F94: 0 | G94: 1 | H94: 2 | I94: 0 | J94: 2 | K94: 4 | L94: 0 | M94: 0 | N94: 0 | O94: 1 | P94: 3 | Q94: 0 | R94: 1 | S94: 3 | T94: 3 | U94: 10 | V94: 12 | W94: =SUM(E94:V94) -> 42
B95: 2 | C95: 2. BENY | E95: 0 | F95: 0 | G95: 0 | H95: 0 | I95: 0 | J95: 0 | K95: 0 | L95: 0 | M95: 0 | N95: 0 | O95: 0 | P95: 0 | Q95: 0 | R95: 0 | S95: 0 | T95: 0 | U95: 1 | V95: 1 | W95: =SUM(E95:V95) -> 2
B96: 3 | C96: 3. VINA VERONIKA | E96: 0 | F96: 0 | G96: 0 | H96: 0 | I96: 0 | J96: 0 | K96: 0 | L96: 0 | M96: 0 | N96: 0 | O96: 0 | P96: 0 | Q96: 1 | R96: 0 | S96: 0 | T96: 0 | U96: 0 | V96: 0 | W96: =SUM(E96:V96) -> 1
B97: 4 | C97: 4. TEDDY ANUGRIANTO | E97: 0 | F97: 0 | G97: 0 | H97: 0 | I97: 0 | J97: 0 | K97: 1 | L97: 0 | M97: 0 | N97: 0 | O97: 0 | P97: 0 | Q97: 0 | R97: 0 | S97: 3 | T97: 0 | U97: 0 | V97: 0 | W97: =SUM(E97:V97) -> 4
B98: 5 | C98: 5. INSAN KAMIL | E98: 0 | F98: 0 | G98: 0 | H98: 0 | I98: 0 | J98: 0 | K98: 0 | L98: 0 | M98: 0 | N98: 0 | O98: 0 | P98: 0 | Q98: 0 | R98: 1 | S98: 1 | T98: 0 | U98: 0 | V98: 0 | W98: =SUM(E98:V98) -> 2
B99: 6 | C99: 6. LILIK LINDARWATI | E99: 0 | F99: 0 | G99: 0 | H99: 1 | I99: 0 | J99: 0 | K99: 1 | L99: 0 | M99: 0 | N99: 0 | O99: 0 | P99: 0 | Q99: 0 | R99: 0 | S99: 6 | T99: 2 | U99: 2 | V99: 0 | W99: =SUM(E99:V99) -> 12
B100: 7 | C100: 7. YULI ANITA | E100: 0 | F100: 0 | G100: 0 | H100: 1 | I100: 0 | J100: 0 | K100: 0 | L100: 0 | M100: 0 | N100: 0 | O100: 0 | P100: 0 | Q100: 0 | R100: 1 | S100: 5 | T100: 0 | U100: 0 | V100: 1 | W100: =SUM(E100:V100) -> 8
W101: =SUM(E101:V101) -> 0
W102: =SUM(E102:V102) -> 0
A103: B | B103: JUMLAH SUARA SAH PARTAI POLITIK DAN CALON (A1 + A2) | E103: =SUM(E93:E100) -> 0 | F103: =SUM(F93:F100) -> 0 | G103: =SUM(G93:G100) -> 1 | H103: =SUM(H93:H100) -> 4 | I103: =SUM(I93:I100) -> 1 | J103: =SUM(J93:J100) -> 2 | K103: =SUM(K93:K100) -> 8 | L103: =SUM(L93:L100) -> 0 | ... V103: =SUM(V93:V100) -> 16 | W103: =SUM(E103:V103) -> 102
A105: A.1 | B105: 6. | C105: Partai Buruh | E105: 0 | F105: 3 | G105: 0 | H105: 0 | I105: 0 | J105: 0 | K105: 0 | L105: 0 | M105: 0 | N105: 1 | O105: 0 | P105: 0 | Q105: 1 | R105: 1 | S105: 3 | T105: 0 | U105: 1 | V105: 4 | W105: =SUM(E105:V105) -> 14
A106: A.2 | B106: 1 | C106: 1. KHOIRUL ANAM | E106: 0 | F106: 0 | G106: 0 | H106: 0 | I106: 1 | J106: 0 | K106: 0 | L106: 0 | M106: 0 | N106: 1 | O106: 0 | P106: 0 | Q106: 0 | R106: 0 | S106: 0 | T106: 0 | U106: 0 | V106: 0 | W106: =SUM(E106:V106) -> 2
B107: 2 | C107: 2. INA KURNIA | E107: 0 | F107: 0 | G107: 0 | H107: 0 | I107: 0 | J107: 0 | K107: 0 | L107: 0 | M107: 0 | N107: 0 | O107: 0 | P107: 0 | Q107: 0 | R107: 2 | S107: 1 | T107: 1 | U107: 0 | V107: 0 | W107: =SUM(E107:V107) -> 4
B108: 3 | C108: 3. JIBRAL TAROUK | E108: 0 | F108: 0 | G108: 0 | H108: 0 | I108: 0 | J108: 0 | K108: 0 | L108: 0 | M108: 0 | N108: 0 | O108: 0 | P108: 0 | Q108: 0 | R108: 0 | S108: 0 | T108: 0 | U108: 0 | V108: 0 | W108: =SUM(E108:V108) -> 0
B109: 4 | C109: 4. ASTUTI DAENG PUJI | E109: 0 | F109: 0 | G109: 0 | H109: 0 | I109: 0 | J109: 0 | K109: 0 | L109: 0 | M109: 0 | N109: 0 | O109: 0 | P109: 0 | Q109: 1 | R109: 0 | S109: 0 | T109: 0 | U109: 0 | V109: 0 | W109: =SUM(E109:V109) -> 1
B110: 5 | C110: 5. ASDARMAWAN | E110: 0 | F110: 0 | G110: 0 | H110: 0 | I110: 0 | J110: 0 | K110: 0 | L110: 0 | M110: 0 | N110: 0 | O110: 0 | P110: 0 | Q110: 0 | R110: 0 | S110: 0 | T110: 0 | U110: 0 | V110: 0 | W110: =SUM(E110:V110) -> 0
B111: 6 | C111: 6. RIFQI MUBAROK | E111: 0 | F111: 0 | G111: 0 | H111: 0 | I111: 0 | J111: 0 | K111: 0 | L111: 0 | M111: 0 | N111: 0 | O111: 0 | P111: 0 | Q111: 0 | R111: 0 | S111: 0 | T111: 0 | U111: 0 | V111: 0 | W111: =SUM(E111:V111) -> 0
B112: 7 | C112: 7. FIRNANDA ALTA MEGA | E112: 0 | F112: 0 | G112: 0 | H112: 0 | I112: 0 | J112: 0 | K112: 0 | L112: 0 | M112: 0 | N112: 0 | O112: 0 | P112: 0 | Q112: 0 | R112: 0 | S112: 0 | T112: 0 | U112: 0 | V112: 0 | W112: =SUM(E112:V112) -> 0
W113: =SUM(E113:V113) -> 0
W114: =SUM(E114:V114) -> 0
A115: B | B115: JUMLAH SUARA SAH PARTAI POLITIK DAN CALON (A1 + A2) | E115: =SUM(E105:E112) -> 0 | F115: =SUM(F105:F112) -> 3 | G115: =SUM(G105:G112) -> 0 | H115: =SUM(H105:H112) -> 0 | I115: =SUM(I105:I112) -> 1 | J115: =SUM(J105:J112) -> 0 | K115: =SUM(K105:K112) -> 0 | L115: =SUM(L105:L112) -> 0 | ... V115: =SUM(V105:V112) -> 4 | W115: =SUM(E115:V115) -> 21
A117: A.1 | B117: 7. | C117: Partai Gelombang Rakyat Indonesia | E117: 0 | F117: 0 | G117: 0 | H117: 2 | I117: 2 | J117: 1 | K117: 0 | L117: 0 | M117: 0 | N117: 0 | O117: 1 | P117: 0 | Q117: 1 | R117: 0 | S117: 0 | T117: 2 | U117: 0 | V117: 2 | W117: =SUM(E117:V117) -> 11
...

Sheet TAMANSARI
C2: Kecamatan | D2: LICIN
C3: Kabupaten | D3: BANYUWANGI
C4: Provinsi | D4: JAWA TIMUR
C9: Kelurahan | D9: TAMANSARI
A12: I | B12: DATA PEMILIH DAN PENGGUNAAN HAK PILIH | AD12: JUMLAH AKHIR
A13: A | B13: DATA PEMILIH | E13: TPS 001 | F13: TPS 002 | G13: TPS 003 | H13: TPS 004 | I13: TPS 005 | J13: TPS 006 | K13: TPS 007 | L13: TPS 008 | M13: TPS 009 | N13: TPS 010 | O13: TPS 011 | P13: TPS 012 | Q13: TPS 013 | R13: TPS 014 | S13: TPS 015 | T13: TPS 016 | U13: TPS 017 | V13: TPS 018 | W13: TPS 019 | X13: TPS 020 | Y13: TPS 021 | Z13: TPS 022 | AA13: TPS 023 | AB13: TPS 024 | AC13: TPS 025
B14: Jumlah Pemilih dalam Daftar Pemilih Tetap (DPT) | D14: LK | E14: 102 | F14: 102 | G14: 105 | H14: 102 | I14: 98 | J14: 96 | K14: 86 | L14: 99 | M14: 106 | N14: 147 | O14: 106 | P14: 96 | Q14: 129 | R14: 110 | S14: 88 | T14: 88 | U14: 101 | V14: 140 | W14: 124 | X14: 130 | Y14: 92 | Z14: 115 | AA14: 121 | AB14: 73 | AC14: 89 | AD14: =SUM(E14:AC14) -> 2645
D15: PR | E15: 103 | F15: 105 | G15: 114 | H15: 104 | I15: 102 | J15: 98 | K15: 90 | L15: 102 | M15: 98 | N15: 138 | O15: 105 | P15: 108 | Q15: 124 | R15: 106 | S15: 100 | T15: 83 | U15: 92 | V15: 138 | W15: 138 | X15: 135 | Y15: 92 | Z15: 115 | AA15: 126 | AB15: 79 | AC15: 96 | AD15: =SUM(E15:AC15) -> 2691
D16: JML | E16: =SUM(E14:E15) -> 205 | F16: =SUM(F14:F15) -> 207 | G16: =SUM(G14:G15) -> 219 | H16: =SUM(H14:H15) -> 206 | I16: =SUM(I14:I15) -> 200 | J16: =SUM(J14:J15) -> 194 | K16: =SUM(K14:K15) -> 176 | L16: =SUM(L14:L15) -> 201 | ... AC16: =SUM(AC14:AC15) -> 185 | AD16: =SUM(E16:AC16) -> 5336
A18: B | B18: PENGGUNA HAK PILIH
B19: 1. | C19: Jumlah pengguna hak pilih dalam Daftar Pemilih Tetap (DPT) | D19: LK | E19: 80 | F19: 70 | G19: 73 | H19: 81 | I19: 73 | J19: 72 | K19: 62 | L19: 78 | M19: 86 | N19: 108 | O19: 85 | P19: 75 | Q19: 117 | R19: 89 | S19: 71 | T19: 77 | U19: 84 | V19: 110 | W19: 94 | X19: 101 | Y19: 74 | Z19: 92 | AA19: 104 | AB19: 71 | AC19: 68 | AD19: =SUM(E19:AC19) -> 2095
D20: PR | E20: 82 | F20: 74 | G20: 92 | H20: 85 | I20: 79 | J20: 78 | K20: 73 | L20: 91 | M20: 80 | N20: 110 | O20: 85 | P20: 88 | Q20: 113 | R20: 89 | S20: 86 | T20: 76 | U20: 83 | V20: 114 | W20: 111 | X20: 122 | Y20: 78 | Z20: 92 | AA20: 102 | AB20: 61 | AC20: 76 | AD20: =SUM(E20:AC20) -> 2220
D21: JML | E21: =SUM(E19:E20) -> 162 | F21: =SUM(F19:F20) -> 144 | G21: =SUM(G19:G20) -> 165 | H21: =SUM(H19:H20) -> 166 | I21: =SUM(I19:I20) -> 152 | J21: 150 | K21: =SUM(K19:K20) -> 135 | L21: 169 | M21: =SUM(M19:M20) -> 166 | N21: =SUM(N19:N20) -> 218 | O21: =SUM(O19:O20) -> 170 | P21: =SUM(P19:P20) -> 163 | Q21: =SUM(Q19:Q20) -> 230 | R21: =SUM(R19:R20) -> 178 | S21: =SUM(S19:S20) -> 157 | T21: =SUM(T19:T20) -> 153 | ... W21: =SUM(W19:W20) -> 205 | X21: 223 | Y21: =SUM(Y19:Y20) -> 152 | Z21: =SUM(Z19:Z20) -> 184 | AA21: =SUM(AA19:AA20) -> 206 | AB21: =SUM(AB19:AB20) -> 132 | AC21: =SUM(AC19:AC20) -> 144 | AD21: =SUM(E21:AC21) -> 4315
B22: 2. | C22: Jumlah pengguna hak pilih dalam Daftar Pemilih Tambahan (DPTb) | D22: LK | E22: 0 | F22: 0 | G22: 0 | H22: 0 | I22: 0 | J22: 0 | K22: 0 | L22: 0 | M22: 0 | N22: 0 | O22: 0 | P22: 1 | Q22: 0 | R22: 0 | S22: 0 | T22: 0 | U22: 0 | V22: 0 | W22: 0 | X22: 0 | Y22: 0 | Z22: 0 | AA22: 0 | AB22: 0 | AC22: 0 | AD22: =SUM(E22:AC22) -> 1
D23: PR | E23: 0 | F23: 0 | G23: 0 | H23: 0 | I23: 0 | J23: 0 | K23: 0 | L23: 0 | M23: 0 | N23: 0 | O23: 0 | P23: 0 | Q23: 0 | R23: 0 | S23: 0 | T23: 0 | U23: 0 | V23: 0 | W23: 0 | X23: 0 | Y23: 0 | Z23: 0 | AA23: 0 | AB23: 0 | AC23: 0 | AD23: =SUM(E23:AC23) -> 0
D24: JML | E24: =SUM(E22:E23) -> 0 | F24: =SUM(F22:F23) -> 0 | G24: =SUM(G22:G23) -> 0 | H24: =SUM(H22:H23) -> 0 | I24: =SUM(I22:I23) -> 0 | J24: =SUM(J22:J23) -> 0 | K24: =SUM(K22:K23) -> 0 | L24: =SUM(L22:L23) -> 0 | ... AC24: =SUM(AC22:AC23) -> 0 | AD24: =SUM(E24:AC24) -> 1
B25: 3. | C25: Jumlah pengguna hak pilih dalam Daftar Pemilih Khusus (DPK) | D25: LK | E25: 1 | F25: 0 | G25: 1 | H25: 0 | I25: 1 | J25: 2 | K25: 0 | L25: 0 | M25: 0 | N25: 1 | O25: 1 | P25: 11 | Q25: 0 | R25: 5 | S25: 4 | T25: 3 | U25: 3 | V25: 1 | W25: 3 | X25: 0 | Y25: 3 | Z25: 3 | AA25: 1 | AB25: 2 | AC25: 1 | AD25: =SUM(E25:AC25) -> 47
D26: PR | E26: 1 | F26: 1 | G26: 2 | H26: 0 | I26: 0 | J26: 2 | K26: 0 | L26: 2 | M26: 1 | N26: 0 | O26: 2 | P26: 11 | Q26: 0 | R26: 5 | S26: 2 | T26: 4 | U26: 2 | V26: 0 | W26: 4 | X26: 0 | Y26: 3 | Z26: 0 | AA26: 2 | AB26: 4 | AC26: 2 | AD26: =SUM(E26:AC26) -> 50
D27: JML | E27: =SUM(E25:E26) -> 2 | F27: =SUM(F25:F26) -> 1 | G27: =SUM(G25:G26) -> 3 | H27: =SUM(H25:H26) -> 0 | I27: =SUM(I25:I26) -> 1 | J27: =SUM(J25:J26) -> 4 | K27: =SUM(K25:K26) -> 0 | L27: =SUM(L25:L26) -> 2 | ... Z27: =SUM(Z25:Z26) -> 3 | AA27: 3 | AB27: =SUM(AB25:AB26) -> 6 | AC27: =SUM(AC25:AC26) -> 3 | AD27: =SUM(E27:AC27) -> 97
B28: 4. | C28: Jumlah Pengguna Hak Pilih (B.1+B.2+B.3) | D28: LK | E28: =SUM(E19,E22,E25) -> 81 | F28: =SUM(F19,F22,F25) -> 70 | G28: =SUM(G19,G22,G25) -> 74 | H28: =SUM(H19,H22,H25) -> 81 | I28: =SUM(I19,I22,I25) -> 74 | J28: =SUM(J19,J22,J25) -> 74 | K28: =SUM(K19,K22,K25) -> 62 | L28: =SUM(L19,L22,L25) -> 78 | ... AC28: =SUM(AC19,AC22,AC25) -> 69 | AD28: =SUM(E28:AC28) -> 2143
D29: PR | E29: =SUM(E20,E23,E26) -> 83 | F29: =SUM(F20,F23,F26) -> 75 | G29: =SUM(G20,G23,G26) -> 94 | H29: =SUM(H20,H23,H26) -> 85 | I29: =SUM(I20,I23,I26) -> 79 | J29: =SUM(J20,J23,J26) -> 80 | K29: =SUM(K20,K23,K26) -> 73 | L29: =SUM(L20,L23,L26) -> 93 | ... AC29: =SUM(AC20,AC23,AC26) -> 78 | AD29: =SUM(E29:AC29) -> 2270
D30: JML | E30: =SUM(E28:E29) -> 164 | F30: =SUM(F28:F29) -> 145 | G30: =SUM(G28:G29) -> 168 | H30: =SUM(H28:H29) -> 166 | I30: =SUM(I28:I29) -> 153 | J30: =SUM(J28:J29) -> 154 | K30: =SUM(K28:K29) -> 135 | L30: =SUM(L28:L29) -> 171 | ... AC30: =SUM(AC28:AC29) -> 147 | AD30: =SUM(E30:AC30) -> 4413
A32: II | B32: DATA PENGGUNAAN SURAT SUARA
A33: 1 | B33: Jumlah surat suara yang diterima, termasuk surat suara cadangan 2,5% dari DPT | E33: 210 | F33: 212 | G33: 224 | H33: 170 | I33: 205 | J33: 198 | K33: 181 | L33: 206 | M33: 209 | N33: 292 | O33: 217 | P33: 209 | Q33: 259 | R33: 221 | S33: 191 | T33: 175 | U33: 197 | V33: 284 | W33: 267 | X33: 271 | Y33: 188 | Z33: 235 | AA33: 252 | AB33: 156 | AC33: 190 | AD33: =SUM(E33:AC33) -> 5419
A34: 2 | B34: Jumlah surat suara yang digunakan | E34: 164 | F34: 145 | G34: 168 | H34: 166 | I34: 153 | J34: 154 | K34: 135 | L34: 171 | M34: 167 | N34: 219 | O34: 173 | P34: 186 | Q34: 230 | R34: 188 | S34: 163 | T34: 160 | U34: 172 | V34: 225 | W34: 212 | X34: 223 | Y34: 158 | Z34: 187 | AA34: 209 | AB34: 138 | AC34: 147 | AD34: =SUM(E34:AC34) -> 4413
A35: 3 | B35: Jumlah surat suara dikembalikan oleh pemilih (karena rusak atau keliru coblos) | E35: 0 | F35: 0 | G35: 0 | H35: 1 | I35: 0 | J35: 0 | K35: 0 | L35: 0 | M35: 0 | N35: 0 | O35: 0 | P35: 0 | Q35: 0 | R35: 1 | S35: 15 | T35: 0 | U35: 1 | V35: 0 | W35: 1 | X35: 0 | Y35: 0 | Z35: 0 | AA35: 0 | AB35: 1 | AC35: 0 | AD35: =SUM(E35:AC35) -> 20
A36: 4 | B36: Jumlah surat suara yang tidak digunakan/tidak terpakai, termasuk sisa surat suara cadangan | E36: =E33-(E34+E35) -> 46 | F36: =F33-(F34+F35) -> 67 | G36: =G33-(G34+G35) -> 56 | H36: =H33-(H34+H35) -> 3 | I36: =I33-(I34+I35) -> 52 | J36: =J33-(J34+J35) -> 44 | K36: =K33-(K34+K35) -> 46 | L36: =L33-(L34+L35) -> 35 | ... AC36: =AC33-(AC34+AC35) -> 43 | AD36: =SUM(E36:AC36) -> 986
A38: III | B38: DATA PEMILIH DISABILITAS
B39: Jumlah seluruh Pemilih disabilitas yang menggunakan hak pilih | D39: LK | E39: 1 | F39: 2 | G39: 0 | H39: 0 | I39: 2 | J39: 0 | K39: 0 | L39: 0 | M39: 0 | N39: 0 | O39: 0 | P39: 1 | Q39: 0 | R39: 0 | S39: 0 | T39: 0 | U39: 0 | V39: 0 | W39: 0 | X39: 1 | Y39: 0 | Z39: 0 | AA39: 0 | AB39: 0 | AC39: 0 | AD39: =SUM(E39:AC39) -> 7
D40: PR | E40: 0 | F40: 1 | G40: 0 | H40: 0 | I40: 1 | J40: 0 | K40: 0 | L40: 0 | M40: 0 | N40: 0 | O40: 0 | P40: 0 | Q40: 0 | R40: 0 | S40: 0 | T40: 0 | U40: 0 | V40: 0 | W40: 0 | X40: 1 | Y40: 0 | Z40: 0 | AA40: 0 | AB40: 0 | AC40: 0 | AD40: =SUM(E40:AC40) -> 3
D41: JML | E41: =SUM(E39:E40) -> 1 | F41: =SUM(F39:F40) -> 3 | G41: =SUM(G39:G40) -> 0 | H41: =SUM(H39:H40) -> 0 | I41: =SUM(I39:I40) -> 3 | J41: =SUM(J39:J40) -> 0 | K41: =SUM(K39:K40) -> 0 | L41: =SUM(L39:L40) -> 0 | ... AC41: =SUM(AC39:AC40) -> 0 | AD41: =SUM(E41:AC41) -> 10
A43: IV | B43: DATA RINCIAN PEROLEHAN SUARA PARTAI POLITIK DAN SUARA CALON
A44: NOMOR DAN NAMA CALON
A45: A.1 | B45: 1. | C45: Partai Kebangkitan Bangsa | E45: 9 | F45: 2 | G45: 12 | H45: 4 | I45: 9 | J45: 7 | K45: 11 | L45: 19 | M45: 10 | N45: 13 | O45: 16 | P45: 8 | Q45: 14 | R45: 2 | S45: 10 | T45: 5 | U45: 7 | V45: 16 | W45: 23 | X45: 7 | Y45: 3 | Z45: 12 | AA45: 21 | AB45: 11 | AC45: 7 | AD45: =SUM(E45:AC45) -> 258
A46: A.2 | B46: 1 | C46: 1. Dr. Hj. NIHAYATUL WAFIROH, M.A. | E46: 13 | F46: 10 | G46: 25 | H46: 14 | I46: 31 | J46: 37 | K46: 16 | L46: 19 | M46: 25 | N46: 17 | O46: 10 | P46: 12 | Q46: 6 | R46: 1 | S46: 15 | T46: 14 | U46: 19 | V46: 23 | W46: 20 | X46: 15 | Y46: 16 | Z46: 19 | AA46: 21 | AB46: 14 | AC46: 9 | AD46: =SUM(E46:AC46) -> 421
B47: 2 | C47: 2. H. M. NASIM KHAN | E47: 2 | F47: 1 | G47: 1 | H47: 0 | I47: 0 | J47: 0 | K47: 3 | L47: 11 | M47: 1 | N47: 8 | O47: 33 | P47: 0 | Q47: 5 | R47: 1 | S47: 2 | T47: 14 | U47: 0 | V47: 1 | W47: 9 | X47: 1 | Y47: 2 | Z47: 3 | AA47: 4 | AB47: 85 | AC47: 38 | AD47: =SUM(E47:AC47) -> 225
B48: 3 | C48: 3. Dr. H. AKIK ZAMAN, M.Pd.I. | E48: 1 | F48: 0 | G48: 1 | H48: 5 | I48: 1 | J48: 2 | K48: 1 | L48: 3 | M48: 0 | N48: 3 | O48: 0 | P48: 4 | Q48: 8 | R48: 0 | S48: 8 | T48: 0 | U48: 8 | V48: 8 | W48: 2 | X48: 1 | Y48: 4 | Z48: 2 | AA48: 4 | AB48: 1 | AC48: 0 | AD48: =SUM(E48:AC48) -> 67
B49: 4 | C49: 4. AHMAD RIFA'I, S.H. | E49: 0 | F49: 0 | G49: 0 | H49: 0 | I49: 0 | J49: 0 | K49: 0 | L49: 0 | M49: 1 | N49: 0 | O49: 0 | P49: 0 | Q49: 0 | R49: 0 | S49: 0 | T49: 1 | U49: 1 | V49: 0 | W49: 0 | X49: 0 | Y49: 0 | Z49: 1 | AA49: 2 | AB49: 0 | AC49: 0 | AD49: =SUM(E49:AC49) -> 6
B50: 5 | C50: 5. Drs. H. MAHFUD M.N. | E50: 1 | F50: 0 | G50: 1 | H50: 0 | I50: 1 | J50: 2 | K50: 0 | L50: 0 | M50: 0 | N50: 0 | O50: 0 | P50: 0 | Q50: 0 | R50: 0 | S50: 0 | T50: 0 | U50: 0 | V50: 0 | W50: 1 | X50: 0 | Y50: 2 | Z50: 0 | AA50: 0 | AB50: 0 | AC50: 0 | AD50: =SUM(E50:AC50) -> 8
B51: 6 | C51: 6. NURHAYATI, S.Pd. | E51: 0 | F51: 0 | G51: 0 | H51: 0 | I51: 0 | J51: 0 | K51: 0 | L51: 0 | M51: 0 | N51: 1 | O51: 0 | P51: 0 | Q51: 0 | R51: 0 | S51: 0 | T51: 0 | U51: 0 | V51: 0 | W51: 0 | X51: 0 | Y51: 1 | Z51: 0 | AA51: 0 | AB51: 0 | AC51: 3 | AD51: =SUM(E51:AC51) -> 5
B52: 7 | C52: 7. MAFTUHA KISWAH | E52: 0 | F52: 0 | G52: 0 | H52: 0 | I52: 0 | J52: 0 | K52: 0 | L52: 0 | M52: 0 | N52: 0 | O52: 0 | P52: 0 | Q52: 0 | R52: 0 | S52: 0 | T52: 0 | U52: 0 | V52: 0 | W52: 0 | X52: 0 | Y52: 0 | Z52: 0 | AA52: 0 | AB52: 0 | AC52: 0 | AD52: =SUM(E52:AC52) -> 0
AD53: =SUM(E53:AC53) -> 0
AD54: =SUM(E54:AC54) -> 0
A55: B | B55: JUMLAH SUARA SAH PARTAI POLITIK DAN CALON (A1 + A2) | E55: =SUM(E45:E52) -> 26 | F55: =SUM(F45:F52) -> 13 | G55: =SUM(G45:G52) -> 40 | H55: =SUM(H45:H52) -> 23 | I55: =SUM(I45:I52) -> 42 | J55: =SUM(J45:J52) -> 48 | K55: =SUM(K45:K52) -> 31 | L55: =SUM(L45:L52) -> 52 | ... AC55: =SUM(AC45:AC52) -> 57 | AD55: =SUM(E55:AC55) -> 990
A57: A.1 | B57: 2. | C57: Partai Gerakan Indonesia Raya | E57: 11 | F57: 16 | G57: 7 | H57: 7 | I57: 4 | J57: 3 | K57: 6 | L57: 9 | M57: 8 | N57: 17 | O57: 5 | P57: 9 | Q57: 15 | R57: 11 | S57: 8 | T57: 16 | U57: 6 | V57: 16 | W57: 10 | X57: 8 | Y57: 9 | Z57: 16 | AA57: 35 | AB57: 5 | AC57: 6 | AD57: =SUM(E57:AC57) -> 263
A58: A.2 | B58: 1 | C58: 1. SUMAIL ABDULLAH | E58: 15 | F58: 17 | G58: 17 | H58: 14 | I58: 7 | J58: 8 | K58: 13 | L58: 12 | M58: 25 | N58: 12 | O58: 7 | P58: 18 | Q58: 19 | R58: 16 | S58: 22 | T58: 17 | U58: 6 | V58: 19 | W58: 21 | X58: 11 | Y58: 11 | Z58: 20 | AA58: 31 | AB58: 0 | AC58: 9 | AD58: =SUM(E58:AC58) -> 367
B59: 2 | C59: 2. MUHAMMAD ALI ADRIAN SALEH | E59: 2 | F59: 5 | G59: 3 | H59: 2 | I59: 10 | J59: 3 | K59: 4 | L59: 13 | M59: 2 | N59: 28 | O59: 3 | P59: 10 | Q59: 11 | R59: 10 | S59: 2 | T59: 7 | U59: 3 | V59: 2 | W59: 4 | X59: 8 | Y59: 4 | Z59: 8 | AA59: 3 | AB59: 1 | AC59: 2 | AD59: =SUM(E59:AC59) -> 150
B60: 3 | C60: 3. DURROTUN NAFISAH | E60: 3 | F60: 0 | G60: 1 | H60: 0 | I60: 1 | J60: 0 | K60: 0 | L60: 0 | M60: 0 | N60: 2 | O60: 0 | P60: 1 | Q60: 0 | R60: 0 | S60: 0 | T60: 2 | U60: 0 | V60: 0 | W60: 2 | X60: 2 | Y60: 0 | Z60: 0 | AA60: 2 | AB60: 1 | AC60: 1 | AD60: =SUM(E60:AC60) -> 18
B61: 4 | C61: 4. H. EKO SUSILO NURHIDAYAT | E61: 3 | F61: 0 | G61: 1 | H61: 1 | I61: 0 | J61: 0 | K61: 1 | L61: 0 | M61: 0 | N61: 0 | O61: 0 | P61: 1 | Q61: 1 | R61: 0 | S61: 1 | T61: 1 | U61: 0 | V61: 0 | W61: 2 | X61: 1 | Y61: 1 | Z61: 0 | AA61: 0 | AB61: 0 | AC61: 0 | AD61: =SUM(E61:AC61) -> 14
B62: 5 | C62: 5. KARNADI HARIJANTO, S.S. | E62: 0 | F62: 0 | G62: 2 | H62: 0 | I62: 0 | J62: 1 | K62: 1 | L62: 0 | M62: 0 | N62: 0 | O62: 0 | P62: 0 | Q62: 0 | R62: 1 | S62: 0 | T62: 0 | U62: 0 | V62: 1 | W62: 0 | X62: 0 | Y62: 0 | Z62: 1 | AA62: 0 | AB62: 0 | AC62: 0 | AD62: =SUM(E62:AC62) -> 7
B63: 6 | C63: 6. NURHAYATI | E63: 1 | F63: 1 | G63: 1 | H63: 0 | I63: 1 | J63: 0 | K63: 0 | L63: 0 | M63: 0 | N63: 0 | O63: 1 | P63: 1 | Q63: 0 | R63: 0 | S63: 0 | T63: 0 | U63: 0 | V63: 0 | W63: 1 | X63: 0 | Y63: 0 | Z63: 1 | AA63: 0 | AB63: 0 | AC63: 1 | AD63: =SUM(E63:AC63) -> 9
B64: 7 | C64: 7. MASHUDI | E64: 0 | F64: 1 | G64: 0 | H64: 4 | I64: 1 | J64: 0 | K64: 0 | L64: 0 | M64: 0 | N64: 0 | O64: 0 | P64: 0 | Q64: 0 | R64: 0 | S64: 0 | T64: 0 | U64: 0 | V64: 0 | W64: 0 | X64: 1 | Y64: 0 | Z64: 0 | AA64: 0 | AB64: 0 | AC64: 0 | AD64: =SUM(E64:AC64) -> 7
AD65: =SUM(E65:AC65) -> 0
AD66: =SUM(E66:AC66) -> 0
A67: B | B67: JUMLAH SUARA SAH PARTAI POLITIK DAN CALON (A1 + A2) | E67: =SUM(E57:E64) -> 35 | F67: =SUM(F57:F64) -> 40 | G67: =SUM(G57:G64) -> 32 | H67: =SUM(H57:H64) -> 28 | I67: =SUM(I57:I64) -> 24 | J67: =SUM(J57:J64) -> 15 | K67: =SUM(K57:K64) -> 25 | L67: =SUM(L57:L64) -> 34 | ... AC67: =SUM(AC57:AC64) -> 19 | AD67: =SUM(E67:AC67) -> 835
A69: A.1 | B69: 3. | C69: Partai Demokrasi Indonesia Perjuangan | E69: 4 | F69: 7 | G69: 6 | H69: 3 | I69: 3 | J69: 4 | K69: 4 | L69: 0 | M69: 2 | N69: 7 | O69: 3 | P69: 2 | Q69: 4 | R69: 13 | S69: 10 | T69: 2 | U69: 2 | V69: 3 | W69: 4 | X69: 9 | Y69: 1 | Z69: 9 | AA69: 9 | AB69: 1 | AC69: 4 | AD69: =SUM(E69:AC69) -> 116
A70: A.2 | B70: 1 | C70: 1. SONNY TRI DANAPARAMITA, S.H., M.H. | E70: 3 | F70: 2 | G70: 5 | H70: 3 | I70: 1 | J70: 4 | K70: 8 | L70: 6 | M70: 6 | N70: 5 | O70: 8 | P70: 3 | Q70: 1 | R70: 5 | S70: 6 | T70: 13 | U70: 9 | V70: 19 | W70: 21 | X70: 7 | Y70: 8 | Z70: 10 | AA70: 3 | AB70: 3 | AC70: 5 | AD70: =SUM(E70:AC70) -> 164
B71: 2 | C71: 2. H. MOHAMAD GUNTUR ROMLI | E71: 4 | F71: 1 | G71: 0 | H71: 2 | I71: 0 | J71: 1 | K71: 0 | L71: 1 | M71: 0 | N71: 2 | O71: 0 | P71: 2 | Q71: 0 | R71: 2 | S71: 1 | T71: 0 | U71: 1 | V71: 3 | W71: 0 | X71: 2 | Y71: 1 | Z71: 1 | AA71: 3 | AB71: 0 | AC71: 2 | AD71: =SUM(E71:AC71) -> 29
B72: 3 | C72: 3. INA AMMANIA | E72: 2 | F72: 0 | G72: 0 | H72: 7 | I72: 2 | J72: 0 | K72: 0 | L72: 0 | M72: 1 | N72: 0 | O72: 0 | P72: 2 | Q72: 1 | R72: 0 | S72: 1 | T72: 0 | U72: 0 | V72: 0 | W72: 2 | X72: 2 | Y72: 2 | Z72: 1 | AA72: 0 | AB72: 0 | AC72: 2 | AD72: =SUM(E72:AC72) -> 25
B73: 4 | C73: 4. IRWAN BACHTIAR RACHMAT, M.Si. | E73: 0 | F73: 1 | G73: 1 | H73: 0 | I73: 0 | J73: 0 | K73: 1 | L73: 0 | M73: 1 | N73: 0 | O73: 1 | P73: 1 | Q73: 2 | R73: 13 | S73: 0 | T73: 0 | U73: 0 | V73: 3 | W73: 3 | X73: 0 | Y73: 1 | Z73: 0 | AA73: 3 | AB73: 0 | AC73: 1 | AD73: =SUM(E73:AC73) -> 32
B74: 5 | C74: 5. LUCKY PERDANA | E74: 4 | F74: 2 | G74: 5 | H74: 7 | I74: 5 | J74: 3 | K74: 4 | L74: 0 | M74: 10 | N74: 2 | O74: 1 | P74: 2 | Q74: 1 | R74: 0 | S74: 1 | T74: 1 | U74: 3 | V74: 1 | W74: 0 | X74: 6 | Y74: 10 | Z74: 9 | AA74: 1 | AB74: 0 | AC74: 1 | AD74: =SUM(E74:AC74) -> 79
B75: 6 | C75: 6. WIWIK PUJIYATI | E75: 0 | F75: 2 | G75: 1 | H75: 0 | I75: 0 | J75: 1 | K75: 0 | L75: 0 | M75: 0 | N75: 0 | O75: 0 | P75: 0 | Q75: 0 | R75: 0 | S75: 0 | T75: 0 | U75: 1 | V75: 0 | W75: 0 | X75: 0 | Y75: 0 | Z75: 1 | AA75: 1 | AB75: 0 | AC75: 0 | AD75: =SUM(E75:AC75) -> 7
B76: 7 | C76: 7. CHANDRA ASTAN, S.T. | E76: 0 | F76: 1 | G76: 2 | H76: 0 | I76: 0 | J76: 0 | K76: 0 | L76: 0 | M76: 0 | N76: 0 | O76: 0 | P76: 1 | Q76: 0 | R76: 1 | S76: 0 | T76: 0 | U76: 0 | V76: 0 | W76: 3 | X76: 1 | Y76: 0 | Z76: 0 | AA76: 0 | AB76: 0 | AC76: 0 | AD76: =SUM(E76:AC76) -> 9
AD77: =SUM(E77:AC77) -> 0
AD78: =SUM(E78:AC78) -> 0
A79: B | B79: JUMLAH SUARA SAH PARTAI POLITIK DAN CALON (A1 + A2) | E79: =SUM(E69:E76) -> 17 | F79: =SUM(F69:F76) -> 16 | G79: =SUM(G69:G76) -> 20 | H79: =SUM(H69:H76) -> 22 | I79: =SUM(I69:I76) -> 11 | J79: =SUM(J69:J76) -> 13 | K79: =SUM(K69:K76) -> 17 | L79: =SUM(L69:L76) -> 7 | ... AC79: =SUM(AC69:AC76) -> 15 | AD79: =SUM(E79:AC79) -> 461
A81: A.1 | B81: 4. | C81: Partai Golongan Karya | E81: 6 | F81: 4 | G81: 3 | H81: 4 | I81: 2 | J81: 2 | K81: 2 | L81: 3 | M81: 1 | N81: 7 | O81: 26 | P81: 9 | Q81: 8 | R81: 4 | S81: 4 | T81: 5 | U81: 5 | V81: 9 | W81: 8 | X81: 19 | Y81: 10 | Z81: 8 | AA81: 5 | AB81: 0 | AC81: 7 | AD81: =SUM(E81:AC81) -> 161
A82: A.2 | B82: 1 | C82: 1. ZULFIKAR ARSE SADIKIN, S.I.P., M.Si. | E82: 18 | F82: 8 | G82: 5 | H82: 35 | I82: 13 | J82: 6 | K82: 1 | L82: 4 | M82: 0 | N82: 12 | O82: 20 | P82: 11 | Q82: 12 | R82: 4 | S82: 4 | T82: 8 | U82: 0 | V82: 12 | W82: 21 | X82: 21 | Y82: 21 | Z82: 8 | AA82: 5 | AB82: 1 | AC82: 20 | AD82: =SUM(E82:AC82) -> 270
B83: 2 | C83: 2. HANDOKO | E83: 1 | F83: 0 | G83: 0 | H83: 1 | I83: 2 | J83: 2 | K83: 2 | L83: 0 | M83: 2 | N83: 2 | O83: 2 | P83: 2 | Q83: 0 | R83: 3 | S83: 3 | T83: 3 | U83: 1 | V83: 0 | W83: 0 | X83: 3 | Y83: 1 | Z83: 1 | AA83: 4 | AB83: 0 | AC83: 1 | AD83: =SUM(E83:AC83) -> 36
B84: 3 | C84: 3. Hj. OVI DEWI YANTI | E84: 0 | F84: 2 | G84: 2 | H84: 1 | I84: 0 | J84: 0 | K84: 0 | L84: 1 | M84: 0 | N84: 0 | O84: 0 | P84: 0 | Q84: 0 | R84: 0 | S84: 1 | T84: 0 | U84: 1 | V84: 0 | W84: 0 | X84: 1 | Y84: 0 | Z84: 1 | AA84: 1 | AB84: 0 | AC84: 0 | AD84: =SUM(E84:AC84) -> 11
B85: 4 | C85: 4. Ir. AZAM AZMAN NATAWIJANA | E85: 0 | F85: 0 | G85: 0 | H85: 0 | I85: 3 | J85: 1 | K85: 0 | L85: 0 | M85: 0 | N85: 1 | O85: 0 | P85: 1 | Q85: 0 | R85: 0 | S85: 0 | T85: 1 | U85: 1 | V85: 1 | W85: 0 | X85: 0 | Y85: 1 | Z85: 1 | AA85: 0 | AB85: 1 | AC85: 0 | AD85: =SUM(E85:AC85) -> 12
B86: 5 | C86: 5. UBAIDILLAH AMIN, S.Kom. | E86: 0 | F86: 1 | G86: 3 | H86: 4 | I86: 1 | J86: 1 | K86: 0 | L86: 1 | M86: 0 | N86: 1 | O86: 1 | P86: 0 | Q86: 0 | R86: 0 | S86: 0 | T86: 0 | U86: 0 | V86: 2 | W86: 0 | X86: 4 | Y86: 3 | Z86: 0 | AA86: 0 | AB86: 0 | AC86: 0 | AD86: =SUM(E86:AC86) -> 22
B87: 6 | C87: 6. DENNY YUNIANDARI, S.H., M.Kn. | E87: 0 | F87: 0 | G87: 0 | H87: 0 | I87: 0 | J87: 0 | K87: 0 | L87: 0 | M87: 0 | N87: 1 | O87: 0 | P87: 0 | Q87: 0 | R87: 0 | S87: 0 | T87: 0 | U87: 0 | V87: 0 | W87: 0 | X87: 0 | Y87: 0 | Z87: 0 | AA87: 0 | AB87: 0 | AC87: 0 | AD87: =SUM(E87:AC87) -> 1
B88: 7 | C88: 7. ERNADI, S.H.I. | E88: 0 | F88: 0 | G88: 0 | H88: 0 | I88: 0 | J88: 0 | K88: 0 | L88: 0 | M88: 0 | N88: 0 | O88: 1 | P88: 0 | Q88: 0 | R88: 0 | S88: 0 | T88: 0 | U88: 0 | V88: 0 | W88: 0 | X88: 0 | Y88: 0 | Z88: 0 | AA88: 0 | AB88: 1 | AC88: 0 | AD88: =SUM(E88:AC88) -> 2
AD89: =SUM(E89:AC89) -> 0
AD90: =SUM(E90:AC90) -> 0
A91: B | B91: JUMLAH SUARA SAH PARTAI POLITIK DAN CALON (A1 + A2) | E91: =SUM(E81:E88) -> 25 | F91: =SUM(F81:F88) -> 15 | G91: =SUM(G81:G88) -> 13 | H91: =SUM(H81:H88) -> 45 | I91: =SUM(I81:I88) -> 21 | J91: =SUM(J81:J88) -> 12 | K91: =SUM(K81:K88) -> 5 | L91: =SUM(L81:L88) -> 9 | ... AC91: =SUM(AC81:AC88) -> 28 | AD91: =SUM(E91:AC91) -> 515
A93: A.1 | B93: 5. | C93: Partai NasDem | E93: 0 | F93: 0 | G93: 1 | H93: 0 | I93: 2 | J93: 1 | K93: 0 | L93: 0 | M93: 6 | N93: 2 | O93: 1 | P93: 2 | Q93: 3 | R93: 0 | S93: 4 | T93: 1 | U93: 9 | V93: 7 | W93: 0 | X93: 9 | Y93: 1 | Z93: 1 | AA93: 0 | AB93: 0 | AC93: 0 | AD93: =SUM(E93:AC93) -> 50
A94: A.2 | B94: 1 | C94: 1. ACH. FADIL MUZAKKI SYAH | E94: 0 | F94: 0 | G94: 0 | H94: 1 | I94: 0 | J94: 4 | K94: 6 | L94: 3 | M94: 9 | N94: 0 | O94: 0 | P94: 2 | Q94: 0 | R94: 2 | S94: 16 | T94: 8 | U94: 32 | V94: 22 | W94: 3 | X94: 0 | Y94: 1 | Z94: 5 | AA94: 0 | AB94: 0 | AC94: 1 | AD94: =SUM(E94:AC94) -> 115
B95: 2 | C95: 2. BENY | E95: 0 | F95: 0 | G95: 0 | H95: 1 | I95: 0 | J95: 0 | K95: 0 | L95: 0 | M95: 0 | N95: 0 | O95: 0 | P95: 1 | Q95: 0 | R95: 0 | S95: 0 | T95: 0 | U95: 0 | V95: 0 | W95: 0 | X95: 0 | Y95: 0 | Z95: 0 | AA95: 0 | AB95: 0 | AC95: 0 | AD95: =SUM(E95:AC95) -> 2
B96: 3 | C96: 3. VINA VERONIKA | E96: 0 | F96: 0 | G96: 0 | H96: 1 | I96: 0 | J96: 0 | K96: 0 | L96: 0 | M96: 1 | N96: 0 | O96: 0 | P96: 0 | Q96: 0 | R96: 0 | S96: 0 | T96: 0 | U96: 0 | V96: 0 | W96: 0 | X96: 0 | Y96: 0 | Z96: 0 | AA96: 0 | AB96: 0 | AC96: 0 | AD96: =SUM(E96:AC96) -> 2
B97: 4 | C97: 4. TEDDY ANUGRIANTO | E97: 2 | F97: 0 | G97: 0 | H97: 0 | I97: 0 | J97: 0 | K97: 0 | L97: 0 | M97: 0 | N97: 0 | O97: 0 | P97: 0 | Q97: 0 | R97: 0 | S97: 1 | T97: 1 | U97: 0 | V97: 0 | W97: 0 | X97: 0 | Y97: 0 | Z97: 1 | AA97: 0 | AB97: 0 | AC97: 0 | AD97: =SUM(E97:AC97) -> 5
B98: 5 | C98: 5. INSAN KAMIL | E98: 1 | F98: 1 | G98: 5 | H98: 2 | I98: 1 | J98: 2 | K98: 1 | L98: 0 | M98: 1 | N98: 0 | O98: 0 | P98: 2 | Q98: 0 | R98: 0 | S98: 0 | T98: 0 | U98: 0 | V98: 0 | W98: 0 | X98: 24 | Y98: 11 | Z98: 1 | AA98: 1 | AB98: 0 | AC98: 0 | AD98: =SUM(E98:AC98) -> 53
B99: 6 | C99: 6. LILIK LINDARWATI | E99: 0 | F99: 0 | G99: 0 | H99: 0 | I99: 0 | J99: 0 | K99: 0 | L99: 0 | M99: 2 | N99: 0 | O99: 0 | P99: 0 | Q99: 0 | R99: 0 | S99: 0 | T99: 0 | U99: 1 | V99: 1 | W99: 0 | X99: 0 | Y99: 0 | Z99: 0 | AA99: 0 | AB99: 0 | AC99: 0 | AD99: =SUM(E99:AC99) -> 4
B100: 7 | C100: 7. YULI ANITA | E100: 1 | F100: 0 | G100: 0 | H100: 0 | I100: 0 | J100: 0 | K100: 0 | L100: 0 | M100: 0 | N100: 0 | O100: 1 | P100: 0 | Q100: 0 | R100: 0 | S100: 0 | T100: 0 | U100: 0 | V100: 0 | W100: 0 | X100: 0 | Y100: 0 | Z100: 0 | AA100: 0 | AB100: 0 | AC100: 0 | AD100: =SUM(E100:AC100) -> 2
AD101: =SUM(E101:AC101) -> 0
AD102: =SUM(E102:AC102) -> 0
A103: B | B103: JUMLAH SUARA SAH PARTAI POLITIK DAN CALON (A1 + A2) | E103: =SUM(E93:E100) -> 4 | F103: =SUM(F93:F100) -> 1 | G103: =SUM(G93:G100) -> 6 | H103: =SUM(H93:H100) -> 5 | I103: =SUM(I93:I100) -> 3 | J103: =SUM(J93:J100) -> 7 | K103: =SUM(K93:K100) -> 7 | L103: =SUM(L93:L100) -> 3 | ... AC103: =SUM(AC93:AC100) -> 1 | AD103: =SUM(E103:AC103) -> 233
A105: A.1 | B105: 6. | C105: Partai Buruh | E105: 0 | F105: 0 | G105: 1 | H105: 3 | I105: 0 | J105: 4 | K105: 0 | L105: 0 | M105: 0 | N105: 0 | O105: 2 | P105: 0 | Q105: 0 | R105: 1 | S105: 0 | T105: 1 | U105: 1 | V105: 0 | W105: 0 | X105: 0 | Y105: 1 | Z105: 1 | AA105: 0 | AB105: 0 | AC105: 0 | AD105: =SUM(E105:AC105) -> 15
A106: A.2 | B106: 1 | C106: 1. KHOIRUL ANAM | E106: 1 | F106: 1 | G106: 0 | H106: 0 | I106: 1 | J106: 0 | K106: 0 | L106: 0 | M106: 0 | N106: 0 | O106: 0 | P106: 1 | Q106: 0 | R106: 0 | S106: 0 | T106: 1 | U106: 0 | V106: 1 | W106: 2 | X106: 0 | Y106: 0 | Z106: 0 | AA106: 0 | AB106: 0 | AC106: 0 | AD106: =SUM(E106:AC106) -> 8
B107: 2 | C107: 2. INA KURNIA | E107: 0 | F107: 0 | G107: 0 | H107: 1 | I107: 0 | J107: 0 | K107: 0 | L107: 0 | M107: 0 | N107: 0 | O107: 0 | P107: 0 | Q107: 0 | R107: 0 | S107: 0 | T107: 0 | U107: 0 | V107: 0 | W107: 0 | X107: 0 | Y107: 0 | Z107: 0 | AA107: 0 | AB107: 0 | AC107: 0 | AD107: =SUM(E107:AC107) -> 1
B108: 3 | C108: 3. JIBRAL TAROUK | E108: 0 | F108: 0 | G108: 0 | H108: 0 | I108: 0 | J108: 0 | K108: 0 | L108: 0 | M108: 0 | N108: 0 | O108: 0 | P108: 0 | Q108: 0 | R108: 0 | S108: 0 | T108: 0 | U108: 0 | V108: 0 | W108: 0 | X108: 0 | Y108: 0 | Z108: 0 | AA108: 0 | AB108: 0 | AC108: 0 | AD108: =SUM(E108:AC108) -> 0
B109: 4 | C109: 4. ASTUTI DAENG PUJI | E109: 0 | F109: 0 | G109: 0 | H109: 0 | I109: 0 | J109: 0 | K109: 0 | L109: 0 | M109: 0 | N109: 0 | O109: 0 | P109: 1 | Q109: 0 | R109: 0 | S109: 0 | T109: 0 | U109: 0 | V109: 0 | W109: 0 | X109: 0 | Y109: 0 | Z109: 0 | AA109: 0 | AB109: 0 | AC109: 0 | AD109: =SUM(E109:AC109) -> 1
B110: 5 | C110: 5. ASDARMAWAN | E110: 0 | F110: 0 | G110: 0 | H110: 0 | I110: 0 | J110: 0 | K110: 0 | L110: 0 | M110: 0 | N110: 0 | O110: 0 | P110: 0 | Q110: 0 | R110: 0 | S110: 0 | T110: 0 | U110: 0 | V110: 0 | W110: 0 | X110: 0 | Y110: 0 | Z110: 0 | AA110: 0 | AB110: 0 | AC110: 0 | AD110: =SUM(E110:AC110) -> 0
B111: 6 | C111: 6. RIFQI MUBAROK | E111: 0 | F111: 0 | G111: 0 | H111: 0 | I111: 0 | J111: 0 | K111: 0 | L111: 0 | M111: 0 | N111: 0 | O111: 0 | P111: 0 | Q111: 0 | R111: 0 | S111: 0 | T111: 0 | U111: 0 | V111: 0 | W111: 0 | X111: 0 | Y111: 0 | Z111: 0 | AA111: 1 | AB111: 0 | AC111: 0 | AD111: =SUM(E111:AC111) -> 1
B112: 7 | C112: 7. FIRNANDA ALTA MEGA | E112: 0 | F112: 0 | G112: 0 | H112: 0 | I112: 0 | J112: 0 | K112: 0 | L112: 0 | M112: 0 | N112: 0 | O112: 0 | P112: 0 | Q112: 0 | R112: 0 | S112: 0 | T112: 0 | U112: 0 | V112: 0 | W112: 0 | X112: 0 | Y112: 0 | Z112: 0 | AA112: 0 | AB112: 0 | AC112: 0 | AD112: =SUM(E112:AC112) -> 0
AD113: =SUM(E113:AC113) -> 0
AD114: =SUM(E114:AC114) -> 0
A115: B | B115: JUMLAH SUARA SAH PARTAI POLITIK DAN CALON (A1 + A2) | E115: =SUM(E105:E112) -> 1 | F115: =SUM(F105:F112) -> 1 | G115: =SUM(G105:G112) -> 1 | H115: =SUM(H105:H112) -> 4 | I115: =SUM(I105:I112) -> 1 | J115: =SUM(J105:J112) -> 4 | K115: =SUM(K105:K112) -> 0 | L115: =SUM(L105:L112) -> 0 | ... AC115: =SUM(AC105:AC112) -> 0 | AD115: =SUM(E115:AC115) -> 26
A117: A.1 | B117: 7. | C117: Partai Gelombang Rakyat Indonesia | E117: 0 | F117: 0 | G117: 1 | H117: 0 | I117: 0 | J117: 0 | K117: 4 | L117: 0 | M117: 1 | N117: 0 | O117: 1 | P117: 0 | Q117: 0 | R117: 0 | S117: 0 | T117: 0 | U117: 0 | V117: 0 | W117: 0 | X117: 0 | Y117: 0 | Z117: 1 | AA117: 0 | AB117: 0 | AC117: 2 | AD117: =SUM(E117:AC117) -> 10
...
