Workbook

Sheet DPR RI
C8: Kecamatan | D8: BANGOREJO
C9: Kabupaten | D9: BANYUWANGI
C10: Provinsi | D10: JAWA TIMUR
A12: I | B12: DATA PEMILIH DAN PENGGUNAAN HAK PILIH | E12: JUMLAH AKHIR
A13: A | B13: DATA PEMILIH
B14: Jumlah Pemilih dalam Daftar Pemilih Tetap (DPT) | D14: LK | E14: =BANGOREJO!AG14+KEBONDALEM!AH14+RINGINTELU!Z14+SAMBIMULYO!AF14+SAMBIREJO!AF14+SUKOREJO!AB14+TEMUREJO!AU14 -> 26100
D15: PR | E15: =BANGOREJO!AG15+KEBONDALEM!AH15+RINGINTELU!Z15+SAMBIMULYO!AF15+SAMBIREJO!AF15+SUKOREJO!AB15+TEMUREJO!AU15 -> 25979
D16: JML | E16: =SUM(E14:E15) -> 52079
A18: B | B18: PENGGUNA HAK PILIH
B19: 1. | C19: Jumlah pengguna hak pilih dalam Daftar Pemilih Tetap (DPT) | D19: LK | E19: =BANGOREJO!AG19+KEBONDALEM!AH19+RINGINTELU!Z19+SAMBIMULYO!AF19+SAMBIREJO!AF19+SUKOREJO!AB19+TEMUREJO!AU19 -> 19808
D20: PR | E20: =BANGOREJO!AG20+KEBONDALEM!AH20+RINGINTELU!Z20+SAMBIMULYO!AF20+SAMBIREJO!AF20+SUKOREJO!AB20+TEMUREJO!AU20 -> 20559
D21: JML | E21: =SUM(E19:E20) -> 40367
B22: 2. | C22: Jumlah pengguna hak pilih dalam Daftar Pemilih Tambahan (DPTb) | D22: LK | E22: =BANGOREJO!AG22+KEBONDALEM!AH22+RINGINTELU!Z22+SAMBIMULYO!AF22+SAMBIREJO!AF22+SUKOREJO!AB22+TEMUREJO!AU22 -> 12
D23: PR | E23: =BANGOREJO!AG23+KEBONDALEM!AH23+RINGINTELU!Z23+SAMBIMULYO!AF23+SAMBIREJO!AF23+SUKOREJO!AB23+TEMUREJO!AU23 -> 14
D24: JML | E24: =SUM(E22:E23) -> 26
B25: 3. | C25: Jumlah pengguna hak pilih dalam Daftar Pemilih Khusus (DPK) | D25: LK | E25: =BANGOREJO!AG25+KEBONDALEM!AH25+RINGINTELU!Z25+SAMBIMULYO!AF25+SAMBIREJO!AF25+SUKOREJO!AB25+TEMUREJO!AU25 -> 186
D26: PR | E26: =BANGOREJO!AG26+KEBONDALEM!AH26+RINGINTELU!Z26+SAMBIMULYO!AF26+SAMBIREJO!AF26+SUKOREJO!AB26+TEMUREJO!AU26 -> 211
D27: JML | E27: =SUM(E25:E26) -> 397
B28: 4. | C28: Jumlah Pengguna Hak Pilih (B.1+B.2+B.3) | D28: LK | E28: =E19+E22+E25 -> 20006
D29: PR | E29: =E20+E23+E26 -> 20784
D30: JML | E30: =SUM(E28:E29) -> 40790
A32: II | B32: DATA PENGGUNAAN SURAT SUARA
A33: 1 | B33: Jumlah surat suara yang diterima, termasuk surat suara cadangan 2,5% dari DPT | E33: =BANGOREJO!AG33+KEBONDALEM!AH33+RINGINTELU!Z33+SAMBIMULYO!AF33+SAMBIREJO!AF33+SUKOREJO!AB33+TEMUREJO!AU33 -> 53172
A34: 2 | B34: Jumlah surat suara yang digunakan | E34: =BANGOREJO!AG34+KEBONDALEM!AH34+RINGINTELU!Z34+SAMBIMULYO!AF34+SAMBIREJO!AF34+SUKOREJO!AB34+TEMUREJO!AU34 -> 40790
A35: 3 | B35: Jumlah surat suara dikembalikan oleh pemilih (karena rusak atau keliru coblos) | E35: =BANGOREJO!AG35+KEBONDALEM!AH35+RINGINTELU!Z35+SAMBIMULYO!AF35+SAMBIREJO!AF35+SUKOREJO!AB35+TEMUREJO!AU35 -> 180
A36: 4 | B36: Jumlah surat suara yang tidak digunakan/tidak terpakai, termasuk sisa surat suara cadangan | E36: =E33-(E34+E35) -> 12202
A38: III | B38: DATA PEMILIH DISABILITAS
B39: Jumlah seluruh Pemilih disabilitas yang menggunakan hak pilih | D39: LK | E39: =BANGOREJO!AG39+KEBONDALEM!AH39+RINGINTELU!Z39+SAMBIMULYO!AF39+SAMBIREJO!AF39+SUKOREJO!AB39+TEMUREJO!AU39 -> 33
D40: PR | E40: =BANGOREJO!AG40+KEBONDALEM!AH40+RINGINTELU!Z40+SAMBIMULYO!AF40+SAMBIREJO!AF40+SUKOREJO!AB40+TEMUREJO!AU40 -> 38
D41: JML | E41: =SUM(E39:E40) -> 71
A43: IV | B43: DATA RINCIAN PEROLEHAN SUARA PASANGAN CALON BUPATI DAN WAKIL BUPATI
A44: NOMOR DAN NAMA CALON
A45: A.1 | B45: 1. | C45: Partai Kebangkitan Bangsa | E45: =BANGOREJO!AG45+KEBONDALEM!AH45+RINGINTELU!Z45+SAMBIMULYO!AF45+SAMBIREJO!AF45+SUKOREJO!AB45+TEMUREJO!AU45 -> 920
A46: A.2 | B46: 1 | C46: 1. Dr. Hj. NIHAYATUL WAFIROH, M.A. | E46: =BANGOREJO!AG46+KEBONDALEM!AH46+RINGINTELU!Z46+SAMBIMULYO!AF46+SAMBIREJO!AF46+SUKOREJO!AB46+TEMUREJO!AU46 -> 3445
B47: 2 | C47: 2. H. M. NASIM KHAN | E47: =BANGOREJO!AG47+KEBONDALEM!AH47+RINGINTELU!Z47+SAMBIMULYO!AF47+SAMBIREJO!AF47+SUKOREJO!AB47+TEMUREJO!AU47 -> 561
B48: 3 | C48: 3. Dr. H. AKIK ZAMAN, M.Pd.I. | E48: =BANGOREJO!AG48+KEBONDALEM!AH48+RINGINTELU!Z48+SAMBIMULYO!AF48+SAMBIREJO!AF48+SUKOREJO!AB48+TEMUREJO!AU48 -> 80
B49: 4 | C49: 4. AHMAD RIFA'I, S.H. | E49: =BANGOREJO!AG49+KEBONDALEM!AH49+RINGINTELU!Z49+SAMBIMULYO!AF49+SAMBIREJO!AF49+SUKOREJO!AB49+TEMUREJO!AU49 -> 134
B50: 5 | C50: 5. Drs. H. MAHFUD M.N. | E50: =BANGOREJO!AG50+KEBONDALEM!AH50+RINGINTELU!Z50+SAMBIMULYO!AF50+SAMBIREJO!AF50+SUKOREJO!AB50+TEMUREJO!AU50 -> 93
B51: 6 | C51: 6. NURHAYATI, S.Pd. | E51: =BANGOREJO!AG51+KEBONDALEM!AH51+RINGINTELU!Z51+SAMBIMULYO!AF51+SAMBIREJO!AF51+SUKOREJO!AB51+TEMUREJO!AU51 -> 94
B52: 7 | C52: 7. MAFTUHA KISWAH | E52: =BANGOREJO!AG52+KEBONDALEM!AH52+RINGINTELU!Z52+SAMBIMULYO!AF52+SAMBIREJO!AF52+SUKOREJO!AB52+TEMUREJO!AU52 -> 57
A55: B | B55: JUMLAH SUARA SAH PARTAI POLITIK DAN CALON (A1 + A2) | E55: =SUM(E45:E52) -> 5384
A57: A.1 | B57: 2. | C57: Partai Gerakan Indonesia Raya | E57: =BANGOREJO!AG57+KEBONDALEM!AH57+RINGINTELU!Z57+SAMBIMULYO!AF57+SAMBIREJO!AF57+SUKOREJO!AB57+TEMUREJO!AU57 -> 1669
A58: A.2 | B58: 1 | C58: 1. SUMAIL ABDULLAH | E58: =BANGOREJO!AG58+KEBONDALEM!AH58+RINGINTELU!Z58+SAMBIMULYO!AF58+SAMBIREJO!AF58+SUKOREJO!AB58+TEMUREJO!AU58 -> 1895
B59: 2 | C59: 2. MUHAMMAD ALI ADRIAN SALEH | E59: =BANGOREJO!AG59+KEBONDALEM!AH59+RINGINTELU!Z59+SAMBIMULYO!AF59+SAMBIREJO!AF59+SUKOREJO!AB59+TEMUREJO!AU59 -> 2742
B60: 3 | C60: 3. DURROTUN NAFISAH | E60: =BANGOREJO!AG60+KEBONDALEM!AH60+RINGINTELU!Z60+SAMBIMULYO!AF60+SAMBIREJO!AF60+SUKOREJO!AB60+TEMUREJO!AU60 -> 211
B61: 4 | C61: 4. H. EKO SUSILO NURHIDAYAT | E61: =BANGOREJO!AG61+KEBONDALEM!AH61+RINGINTELU!Z61+SAMBIMULYO!AF61+SAMBIREJO!AF61+SUKOREJO!AB61+TEMUREJO!AU61 -> 397
B62: 5 | C62: 5. KARNADI HARIJANTO, S.S. | E62: =BANGOREJO!AG62+KEBONDALEM!AH62+RINGINTELU!Z62+SAMBIMULYO!AF62+SAMBIREJO!AF62+SUKOREJO!AB62+TEMUREJO!AU62 -> 69
B63: 6 | C63: 6. NURHAYATI | E63: =BANGOREJO!AG63+KEBONDALEM!AH63+RINGINTELU!Z63+SAMBIMULYO!AF63+SAMBIREJO!AF63+SUKOREJO!AB63+TEMUREJO!AU63 -> 230
B64: 7 | C64: 7. MASHUDI | E64: =BANGOREJO!AG64+KEBONDALEM!AH64+RINGINTELU!Z64+SAMBIMULYO!AF64+SAMBIREJO!AF64+SUKOREJO!AB64+TEMUREJO!AU64 -> 62
A67: B | B67: JUMLAH SUARA SAH PARTAI POLITIK DAN CALON (A1 + A2) | E67: =SUM(E57:E64) -> 7275
A69: A.1 | B69: 3. | C69: Partai Demokrasi Indonesia Perjuangan | E69: =BANGOREJO!AG69+KEBONDALEM!AH69+RINGINTELU!Z69+SAMBIMULYO!AF69+SAMBIREJO!AF69+SUKOREJO!AB69+TEMUREJO!AU69 -> 1815
A70: A.2 | B70: 1 | C70: 1. SONNY TRI DANAPARAMITA, S.H., M.H. | E70: =BANGOREJO!AG70+KEBONDALEM!AH70+RINGINTELU!Z70+SAMBIMULYO!AF70+SAMBIREJO!AF70+SUKOREJO!AB70+TEMUREJO!AU70 -> 2154
B71: 2 | C71: 2. H. MOHAMAD GUNTUR ROMLI | E71: =BANGOREJO!AG71+KEBONDALEM!AH71+RINGINTELU!Z71+SAMBIMULYO!AF71+SAMBIREJO!AF71+SUKOREJO!AB71+TEMUREJO!AU71 -> 2715
B72: 3 | C72: 3. INA AMMANIA | E72: =BANGOREJO!AG72+KEBONDALEM!AH72+RINGINTELU!Z72+SAMBIMULYO!AF72+SAMBIREJO!AF72+SUKOREJO!AB72+TEMUREJO!AU72 -> 1064
B73: 4 | C73: 4. IRWAN BACHTIAR RACHMAT, M.Si. | E73: =BANGOREJO!AG73+KEBONDALEM!AH73+RINGINTELU!Z73+SAMBIMULYO!AF73+SAMBIREJO!AF73+SUKOREJO!AB73+TEMUREJO!AU73 -> 212
B74: 5 | C74: 5. LUCKY PERDANA | E74: =BANGOREJO!AG74+KEBONDALEM!AH74+RINGINTELU!Z74+SAMBIMULYO!AF74+SAMBIREJO!AF74+SUKOREJO!AB74+TEMUREJO!AU74 -> 631
B75: 6 | C75: 6. WIWIK PUJIYATI | E75: =BANGOREJO!AG75+KEBONDALEM!AH75+RINGINTELU!Z75+SAMBIMULYO!AF75+SAMBIREJO!AF75+SUKOREJO!AB75+TEMUREJO!AU75 -> 305
B76: 7 | C76: 7. CHANDRA ASTAN, S.T. | E76: =BANGOREJO!AG76+KEBONDALEM!AH76+RINGINTELU!Z76+SAMBIMULYO!AF76+SAMBIREJO!AF76+SUKOREJO!AB76+TEMUREJO!AU76 -> 447
A79: B | B79: JUMLAH SUARA SAH PARTAI POLITIK DAN CALON (A1 + A2) | E79: =SUM(E69:E76) -> 9343
A81: A.1 | B81: 4. | C81: Partai Golongan Karya | E81: =BANGOREJO!AG81+KEBONDALEM!AH81+RINGINTELU!Z81+SAMBIMULYO!AF81+SAMBIREJO!AF81+SUKOREJO!AB81+TEMUREJO!AU81 -> 919
A82: A.2 | B82: 1 | C82: 1. ZULFIKAR ARSE SADIKIN, S.I.P., M.Si. | E82: =BANGOREJO!AG82+KEBONDALEM!AH82+RINGINTELU!Z82+SAMBIMULYO!AF82+SAMBIREJO!AF82+SUKOREJO!AB82+TEMUREJO!AU82 -> 2779
B83: 2 | C83: 2. HANDOKO | E83: =BANGOREJO!AG83+KEBONDALEM!AH83+RINGINTELU!Z83+SAMBIMULYO!AF83+SAMBIREJO!AF83+SUKOREJO!AB83+TEMUREJO!AU83 -> 474
B84: 3 | C84: 3. Hj. OVI DEWI YANTI | E84: =BANGOREJO!AG84+KEBONDALEM!AH84+RINGINTELU!Z84+SAMBIMULYO!AF84+SAMBIREJO!AF84+SUKOREJO!AB84+TEMUREJO!AU84 -> 82
B85: 4 | C85: 4. Ir. AZAM AZMAN NATAWIJANA | E85: =BANGOREJO!AG85+KEBONDALEM!AH85+RINGINTELU!Z85+SAMBIMULYO!AF85+SAMBIREJO!AF85+SUKOREJO!AB85+TEMUREJO!AU85 -> 148
B86: 5 | C86: 5. UBAIDILLAH AMIN, S.Kom. | E86: =BANGOREJO!AG86+KEBONDALEM!AH86+RINGINTELU!Z86+SAMBIMULYO!AF86+SAMBIREJO!AF86+SUKOREJO!AB86+TEMUREJO!AU86 -> 83
B87: 6 | C87: 6. DENNY YUNIANDARI, S.H., M.Kn. | E87: =BANGOREJO!AG87+KEBONDALEM!AH87+RINGINTELU!Z87+SAMBIMULYO!AF87+SAMBIREJO!AF87+SUKOREJO!AB87+TEMUREJO!AU87 -> 30
B88: 7 | C88: 7. ERNADI, S.H.I. | E88: =BANGOREJO!AG88+KEBONDALEM!AH88+RINGINTELU!Z88+SAMBIMULYO!AF88+SAMBIREJO!AF88+SUKOREJO!AB88+TEMUREJO!AU88 -> 23
A91: B | B91: JUMLAH SUARA SAH PARTAI POLITIK DAN CALON (A1 + A2) | E91: =SUM(E81:E88) -> 4538
A93: A.1 | B93: 5. | C93: Partai NasDem | E93: =BANGOREJO!AG93+KEBONDALEM!AH93+RINGINTELU!Z93+SAMBIMULYO!AF93+SAMBIREJO!AF93+SUKOREJO!AB93+TEMUREJO!AU93 -> 525
A94: A.2 | B94: 1 | C94: 1. ACH. FADIL MUZAKKI SYAH | E94: =BANGOREJO!AG94+KEBONDALEM!AH94+RINGINTELU!Z94+SAMBIMULYO!AF94+SAMBIREJO!AF94+SUKOREJO!AB94+TEMUREJO!AU94 -> 227
B95: 2 | C95: 2. BENY | E95: =BANGOREJO!AG95+KEBONDALEM!AH95+RINGINTELU!Z95+SAMBIMULYO!AF95+SAMBIREJO!AF95+SUKOREJO!AB95+TEMUREJO!AU95 -> 73
B96: 3 | C96: 3. VINA VERONIKA | E96: =BANGOREJO!AG96+KEBONDALEM!AH96+RINGINTELU!Z96+SAMBIMULYO!AF96+SAMBIREJO!AF96+SUKOREJO!AB96+TEMUREJO!AU96 -> 78
B97: 4 | C97: 4. TEDDY ANUGRIANTO | E97: =BANGOREJO!AG97+KEBONDALEM!AH97+RINGINTELU!Z97+SAMBIMULYO!AF97+SAMBIREJO!AF97+SUKOREJO!AB97+TEMUREJO!AU97 -> 216
B98: 5 | C98: 5. INSAN KAMIL | E98: =BANGOREJO!AG98+KEBONDALEM!AH98+RINGINTELU!Z98+SAMBIMULYO!AF98+SAMBIREJO!AF98+SUKOREJO!AB98+TEMUREJO!AU98 -> 121
B99: 6 | C99: 6. LILIK LINDARWATI | E99: =BANGOREJO!AG99+KEBONDALEM!AH99+RINGINTELU!Z99+SAMBIMULYO!AF99+SAMBIREJO!AF99+SUKOREJO!AB99+TEMUREJO!AU99 -> 42
B100: 7 | C100: 7. YULI ANITA | E100: =BANGOREJO!AG100+KEBONDALEM!AH100+RINGINTELU!Z100+SAMBIMULYO!AF100+SAMBIREJO!AF100+SUKOREJO!AB100+TEMUREJO!AU100 -> 20
A103: B | B103: JUMLAH SUARA SAH PARTAI POLITIK DAN CALON (A1 + A2) | E103: =SUM(E93:E100) -> 1302
A105: A.1 | B105: 6. | C105: Partai Buruh | E105: =BANGOREJO!AG105+KEBONDALEM!AH105+RINGINTELU!Z105+SAMBIMULYO!AF105+SAMBIREJO!AF105+SUKOREJO!AB105+TEMUREJO!AU105 -> 47
A106: A.2 | B106: 1 | C106: 1. KHOIRUL ANAM | E106: =BANGOREJO!AG106+KEBONDALEM!AH106+RINGINTELU!Z106+SAMBIMULYO!AF106+SAMBIREJO!AF106+SUKOREJO!AB106+TEMUREJO!AU106 -> 48
B107: 2 | C107: 2. INA KURNIA | E107: =BANGOREJO!AG107+KEBONDALEM!AH107+RINGINTELU!Z107+SAMBIMULYO!AF107+SAMBIREJO!AF107+SUKOREJO!AB107+TEMUREJO!AU107 -> 37
B108: 3 | C108: 3. JIBRAL TAROUK | E108: =BANGOREJO!AG108+KEBONDALEM!AH108+RINGINTELU!Z108+SAMBIMULYO!AF108+SAMBIREJO!AF108+SUKOREJO!AB108+TEMUREJO!AU108 -> 11
B109: 4 | C109: 4. ASTUTI DAENG PUJI | E109: =BANGOREJO!AG109+KEBONDALEM!AH109+RINGINTELU!Z109+SAMBIMULYO!AF109+SAMBIREJO!AF109+SUKOREJO!AB109+TEMUREJO!AU109 -> 9
B110: 5 | C110: 5. ASDARMAWAN | E110: =BANGOREJO!AG110+KEBONDALEM!AH110+RINGINTELU!Z110+SAMBIMULYO!AF110+SAMBIREJO!AF110+SUKOREJO!AB110+TEMUREJO!AU110 -> 5
B111: 6 | C111: 6. RIFQI MUBAROK | E111: =BANGOREJO!AG111+KEBONDALEM!AH111+RINGINTELU!Z111+SAMBIMULYO!AF111+SAMBIREJO!AF111+SUKOREJO!AB111+TEMUREJO!AU111 -> 4
B112: 7 | C112: 7. FIRNANDA ALTA MEGA | E112: =BANGOREJO!AG112+KEBONDALEM!AH112+RINGINTELU!Z112+SAMBIMULYO!AF112+SAMBIREJO!AF112+SUKOREJO!AB112+TEMUREJO!AU112 -> 3
A115: B | B115: JUMLAH SUARA SAH PARTAI POLITIK DAN CALON (A1 + A2) | E115: =SUM(E105:E112) -> 164
A117: A.1 | B117: 7. | C117: Partai Gelombang Rakyat Indonesia | E117: =BANGOREJO!AG117+KEBONDALEM!AH117+RINGINTELU!Z117+SAMBIMULYO!AF117+SAMBIREJO!AF117+SUKOREJO!AB117+TEMUREJO!AU117 -> 222
A118: A.2 | B118: 1 | C118: 1. TITI WIDORETNO WARISMAN | E118: =BANGOREJO!AG118+KEBONDALEM!AH118+RINGINTELU!Z118+SAMBIMULYO!AF118+SAMBIREJO!AF118+SUKOREJO!AB118+TEMUREJO!AU118 -> 28
B119: 2 | C119: 2. MAMIEK SETYANINGSIH | E119: =BANGOREJO!AG119+KEBONDALEM!AH119+RINGINTELU!Z119+SAMBIMULYO!AF119+SAMBIREJO!AF119+SUKOREJO!AB119+TEMUREJO!AU119 -> 20
B120: 3 | C120: 3. ROMIL AZIZEN | E120: =BANGOREJO!AG120+KEBONDALEM!AH120+RINGINTELU!Z120+SAMBIMULYO!AF120+SAMBIREJO!AF120+SUKOREJO!AB120+TEMUREJO!AU120 -> 14
A127: B | B127: JUMLAH SUARA SAH PARTAI POLITIK DAN CALON (A1 + A2) | E127: =SUM(E117:E120) -> 284
A129: A.1 | B129: 8. | C129: Partai Keadilan Sejahtera | E129: =BANGOREJO!AG129+KEBONDALEM!AH129+RINGINTELU!Z129+SAMBIMULYO!AF129+SAMBIREJO!AF129+SUKOREJO!AB129+TEMUREJO!AU129 -> 78
A130: A.2 | B130: 1 | C130: 1. H. SAIMI SALEH, S.E., M.M. | E130: =BANGOREJO!AG130+KEBONDALEM!AH130+RINGINTELU!Z130+SAMBIMULYO!AF130+SAMBIREJO!AF130+SUKOREJO!AB130+TEMUREJO!AU130 -> 170
B131: 2 | C131: 2. Prof. Dr. H. EGGI SUDJANA, S.H., M.Si. | E131: =BANGOREJO!AG131+KEBONDALEM!AH131+RINGINTELU!Z131+SAMBIMULYO!AF131+SAMBIREJO!AF131+SUKOREJO!AB131+TEMUREJO!AU131 -> 69
B132: 3 | C132: 3. NURUL KHOTIMAH | E132: =BANGOREJO!AG132+KEBONDALEM!AH132+RINGINTELU!Z132+SAMBIMULYO!AF132+SAMBIREJO!AF132+SUKOREJO!AB132+TEMUREJO!AU132 -> 12
B133: 4 | C133: 4. AKHMAD SUYANTO, S.T., M.T. | E133: =BANGOREJO!AG133+KEBONDALEM!AH133+RINGINTELU!Z133+SAMBIMULYO!AF133+SAMBIREJO!AF133+SUKOREJO!AB133+TEMUREJO!AU133 -> 10
B134: 5 | C134: 5. PUJIYATNI | E134: =BANGOREJO!AG134+KEBONDALEM!AH134+RINGINTELU!Z134+SAMBIMULYO!AF134+SAMBIREJO!AF134+SUKOREJO!AB134+TEMUREJO!AU134 -> 12
B135: 6 | C135: 6. HENI PURWATININGSIH | E135: =BANGOREJO!AG135+KEBONDALEM!AH135+RINGINTELU!Z135+SAMBIMULYO!AF135+SAMBIREJO!AF135+SUKOREJO!AB135+TEMUREJO!AU135 -> 2
B136: 7 | C136: 7. MUHADI | E136: =BANGOREJO!AG136+KEBONDALEM!AH136+RINGINTELU!Z136+SAMBIMULYO!AF136+SAMBIREJO!AF136+SUKOREJO!AB136+TEMUREJO!AU136 -> 3
A139: B | B139: JUMLAH SUARA SAH PARTAI POLITIK DAN CALON (A1 + A2) | E139: =SUM(E129:E136) -> 356
...

Sheet BANGOREJO
C2: Kecamatan | D2: BANGOREJO
C3: Kabupaten | D3: BANYUWANGI
C4: Provinsi | D4: JAWA TIMUR
C9: Kelurahan | D9: BANGOREJO
A12: I | B12: DATA PEMILIH DAN PENGGUNAAN HAK PILIH | AG12: JUMLAH AKHIR
A13: A | B13: DATA PEMILIH | E13: TPS 001 | F13: TPS 002 | G13: TPS 003 | H13: TPS 004 | I13: TPS 005 | J13: TPS 006 | K13: TPS 007 | L13: TPS 008 | M13: TPS 009 | N13: TPS 010 | O13: TPS 011 | P13: TPS 012 | Q13: TPS 013 | R13: TPS 014 | S13: TPS 015 | T13: TPS 016 | U13: TPS 017 | V13: TPS 018 | W13: TPS 019 | X13: TPS 020 | Y13: TPS 021 | Z13: TPS 022 | AA13: TPS 023 | AB13: TPS 024 | AC13: TPS 025 | AD13: TPS 026 | AE13: TPS 027 | AF13: TPS 028
B14: Jumlah Pemilih dalam Daftar Pemilih Tetap (DPT) | D14: LK | E14: 129 | F14: 130 | G14: 151 | H14: 139 | I14: 144 | J14: 124 | K14: 119 | L14: 140 | M14: 147 | N14: 146 | O14: 130 | P14: 144 | Q14: 144 | R14: 139 | S14: 145 | T14: 135 | U14: 123 | V14: 140 | W14: 134 | X14: 140 | Y14: 116 | Z14: 122 | AA14: 126 | AB14: 120 | AC14: 144 | AD14: 112 | AE14: 86 | AF14: 101 | AG14: =SUM(E14:AF14) -> 3670
D15: PR | E15: 136 | F15: 138 | G15: 145 | H15: 128 | I15: 145 | J15: 137 | K15: 134 | L15: 140 | M15: 151 | N15: 147 | O15: 143 | P15: 140 | Q15: 145 | R15: 147 | S15: 149 | T15: 108 | U15: 118 | V15: 157 | W15: 155 | X15: 131 | Y15: 104 | Z15: 111 | AA15: 123 | AB15: 122 | AC15: 139 | AD15: 124 | AE15: 87 | AF15: 115 | AG15: =SUM(E15:AF15) -> 3719
D16: JML | E16: =SUM(E14:E15) -> 265 | F16: =SUM(F14:F15) -> 268 | G16: =SUM(G14:G15) -> 296 | H16: =SUM(H14:H15) -> 267 | I16: =SUM(I14:I15) -> 289 | J16: =SUM(J14:J15) -> 261 | K16: =SUM(K14:K15) -> 253 | L16: =SUM(L14:L15) -> 280 | ... AF16: =SUM(AF14:AF15) -> 216 | AG16: =SUM(E16:AF16) -> 7389
A18: B | B18: PENGGUNA HAK PILIH
B19: 1. | C19: Jumlah pengguna hak pilih dalam Daftar Pemilih Tetap (DPT) | D19: LK | E19: 100 | F19: 98 | G19: 110 | H19: 122 | I19: 111 | J19: 113 | K19: 99 | L19: 115 | M19: 124 | N19: 101 | O19: 102 | P19: 108 | Q19: 115 | R19: 110 | S19: 102 | T19: 88 | U19: 79 | V19: 109 | W19: 101 | X19: 120 | Y19: 95 | Z19: 90 | AA19: 87 | AB19: 94 | AC19: 99 | AD19: 77 | AE19: 64 | AF19: 78 | AG19: =SUM(E19:AF19) -> 2811
D20: PR | E20: 120 | F20: 108 | G20: 122 | H20: 112 | I20: 112 | J20: 121 | K20: 106 | L20: 118 | M20: 127 | N20: 121 | O20: 112 | P20: 114 | Q20: 126 | R20: 119 | S20: 120 | T20: 80 | U20: 93 | V20: 129 | W20: 125 | X20: 112 | Y20: 82 | Z20: 87 | AA20: 87 | AB20: 96 | AC20: 105 | AD20: 95 | AE20: 61 | AF20: 91 | AG20: =SUM(E20:AF20) -> 3001
D21: JML | E21: =SUM(E19:E20) -> 220 | F21: =SUM(F19:F20) -> 206 | G21: =SUM(G19:G20) -> 232 | H21: =SUM(H19:H20) -> 234 | I21: =SUM(I19:I20) -> 223 | J21: =SUM(J19:J20) -> 234 | K21: =SUM(K19:K20) -> 205 | L21: =SUM(L19:L20) -> 233 | ... AF21: =SUM(AF19:AF20) -> 169 | AG21: =SUM(E21:AF21) -> 5812
B22: 2. | C22: Jumlah pengguna hak pilih dalam Daftar Pemilih Tambahan (DPTb) | D22: LK | T22: 0 | U22: 0 | V22: 0 | W22: 0 | X22: 0 | Y22: 0 | Z22: 0 | AA22: 0 | AB22: 0 | AC22: 0 | AD22: 1 | AE22: 0 | AF22: 0 | AG22: =SUM(E22:AF22) -> 1
D23: PR | T23: 0 | U23: 0 | V23: 0 | W23: 0 | X23: 0 | Y23: 0 | Z23: 0 | AA23: 0 | AB23: 0 | AC23: 0 | AD23: 1 | AE23: 0 | AF23: 0 | AG23: =SUM(E23:AF23) -> 1
D24: JML | E24: =SUM(E22:E23) -> 0 | F24: =SUM(F22:F23) -> 0 | G24: =SUM(G22:G23) -> 0 | H24: =SUM(H22:H23) -> 0 | I24: =SUM(I22:I23) -> 0 | J24: =SUM(J22:J23) -> 0 | K24: =SUM(K22:K23) -> 0 | L24: =SUM(L22:L23) -> 0 | ... AF24: =SUM(AF22:AF23) -> 0 | AG24: =SUM(E24:AF24) -> 2
B25: 3. | C25: Jumlah pengguna hak pilih dalam Daftar Pemilih Khusus (DPK) | D25: LK | E25: 2 | F25: 3 | G25: 3 | H25: 0 | I25: 0 | J25: 2 | K25: 0 | L25: 0 | M25: 1 | N25: 1 | O25: 3 | P25: 2 | Q25: 5 | R25: 1 | S25: 2 | T25: 5 | U25: 2 | V25: 2 | W25: 2 | X25: 0 | Y25: 2 | Z25: 2 | AA25: 2 | AB25: 1 | AC25: 1 | AD25: 4 | AE25: 1 | AF25: 0 | AG25: =SUM(E25:AF25) -> 49
D26: PR | E26: 2 | F26: 1 | G26: 1 | H26: 2 | I26: 0 | J26: 2 | K26: 0 | L26: 0 | M26: 3 | N26: 0 | O26: 1 | P26: 6 | Q26: 4 | R26: 0 | S26: 2 | T26: 2 | U26: 1 | V26: 2 | W26: 2 | X26: 0 | Y26: 2 | Z26: 0 | AA26: 5 | AB26: 1 | AC26: 1 | AD26: 1 | AE26: 4 | AF26: 0 | AG26: =SUM(E26:AF26) -> 45
D27: JML | E27: =SUM(E25:E26) -> 4 | F27: =SUM(F25:F26) -> 4 | G27: =SUM(G25:G26) -> 4 | H27: =SUM(H25:H26) -> 2 | I27: =SUM(I25:I26) -> 0 | J27: =SUM(J25:J26) -> 4 | K27: =SUM(K25:K26) -> 0 | L27: =SUM(L25:L26) -> 0 | ... AF27: =SUM(AF25:AF26) -> 0 | AG27: =SUM(E27:AF27) -> 94
B28: 4. | C28: Jumlah Pengguna Hak Pilih (B.1+B.2+B.3) | D28: LK | E28: =SUM(E19,E22,E25) -> 102 | F28: =SUM(F19,F22,F25) -> 101 | G28: =SUM(G19,G22,G25) -> 113 | H28: =SUM(H19,H22,H25) -> 122 | I28: =SUM(I19,I22,I25) -> 111 | J28: =SUM(J19,J22,J25) -> 115 | K28: =SUM(K19,K22,K25) -> 99 | L28: =SUM(L19,L22,L25) -> 115 | ... AF28: =SUM(AF19,AF22,AF25) -> 78 | AG28: =SUM(E28:AF28) -> 2861
D29: PR | E29: =SUM(E20,E23,E26) -> 122 | F29: =SUM(F20,F23,F26) -> 109 | G29: =SUM(G20,G23,G26) -> 123 | H29: =SUM(H20,H23,H26) -> 114 | I29: =SUM(I20,I23,I26) -> 112 | J29: =SUM(J20,J23,J26) -> 123 | K29: =SUM(K20,K23,K26) -> 106 | L29: =SUM(L20,L23,L26) -> 118 | ... AF29: =SUM(AF20,AF23,AF26) -> 91 | AG29: =SUM(E29:AF29) -> 3047
D30: JML | E30: =SUM(E28:E29) -> 224 | F30: =SUM(F28:F29) -> 210 | G30: =SUM(G28:G29) -> 236 | H30: =SUM(H28:H29) -> 236 | I30: =SUM(I28:I29) -> 223 | J30: =SUM(J28:J29) -> 238 | K30: =SUM(K28:K29) -> 205 | L30: =SUM(L28:L29) -> 233 | ... AF30: =SUM(AF28:AF29) -> 169 | AG30: =SUM(E30:AF30) -> 5908
A32: II | B32: DATA PENGGUNAAN SURAT SUARA
A33: 1 | B33: Jumlah surat suara yang diterima, termasuk surat suara cadangan 2,5% dari DPT | E33: 271 | F33: 274 | G33: 302 | H33: 273 | I33: 293 | J33: 267 | K33: 254 | L33: 284 | M33: 304 | N33: 299 | O33: 278 | P33: 290 | Q33: 295 | R33: 291 | S33: 300 | T33: 248 | U33: 246 | V33: 303 | W33: 295 | X33: 277 | Y33: 225 | Z33: 238 | AA33: 254 | AB33: 247 | AC33: 288 | AD33: 240 | AE33: 177 | AF33: 221 | AG33: =SUM(E33:AF33) -> 7534
A34: 2 | B34: Jumlah surat suara yang digunakan | E34: 224 | F34: 210 | G34: 236 | H34: 236 | I34: 223 | J34: 238 | K34: 205 | L34: 233 | M34: 255 | N34: 223 | O34: 218 | P34: 230 | Q34: 250 | R34: 230 | S34: 226 | T34: 175 | U34: 175 | V34: 242 | W34: 230 | X34: 232 | Y34: 181 | Z34: 179 | AA34: 181 | AB34: 192 | AC34: 206 | AD34: 179 | AE34: 130 | AF34: 169 | AG34: =SUM(E34:AF34) -> 5908
A35: 3 | B35: Jumlah surat suara dikembalikan oleh pemilih (karena rusak atau keliru coblos) | E35: 25 | F35: 0 | G35: 0 | H35: 3 | I35: 0 | J35: 0 | K35: 1 | L35: 0 | M35: 0 | N35: 0 | O35: 2 | P35: 0 | Q35: 0 | R35: 0 | S35: 0 | T35: 1 | U35: 1 | V35: 0 | W35: 2 | X35: 0 | Y35: 0 | Z35: 1 | AA35: 1 | AB35: 0 | AC35: 0 | AD35: 0 | AE35: 0 | AF35: 0 | AG35: =SUM(E35:AF35) -> 37
A36: 4 | B36: Jumlah surat suara yang tidak digunakan/tidak terpakai, termasuk sisa surat suara cadangan | E36: =E33-(E34+E35) -> 22 | F36: =F33-(F34+F35) -> 64 | G36: =G33-(G34+G35) -> 66 | H36: =H33-(H34+H35) -> 34 | I36: =I33-(I34+I35) -> 70 | J36: =J33-(J34+J35) -> 29 | K36: =K33-(K34+K35) -> 48 | L36: =L33-(L34+L35) -> 51 | ... AF36: =AF33-(AF34+AF35) -> 52 | AG36: =SUM(E36:AF36) -> 1589
A38: III | B38: DATA PEMILIH DISABILITAS
B39: Jumlah seluruh Pemilih disabilitas yang menggunakan hak pilih | D39: LK | T39: 0 | U39: 0 | V39: 3 | W39: 0 | X39: 0 | Y39: 0 | Z39: 0 | AA39: 0 | AB39: 1 | AC39: 0 | AD39: 0 | AE39: 0 | AF39: 0 | AG39: =SUM(E39:AF39) -> 4
D40: PR | R40: 1 | T40: 1 | U40: 0 | V40: 2 | W40: 0 | X40: 0 | Y40: 0 | Z40: 0 | AA40: 0 | AB40: 1 | AC40: 0 | AD40: 0 | AE40: 0 | AF40: 0 | AG40: =SUM(E40:AF40) -> 5
D41: JML | E41: =SUM(E39:E40) -> 0 | F41: =SUM(F39:F40) -> 0 | G41: =SUM(G39:G40) -> 0 | H41: =SUM(H39:H40) -> 0 | I41: =SUM(I39:I40) -> 0 | J41: =SUM(J39:J40) -> 0 | K41: =SUM(K39:K40) -> 0 | L41: =SUM(L39:L40) -> 0 | ... AF41: =SUM(AF39:AF40) -> 0 | AG41: =SUM(E41:AF41) -> 9
A43: IV | B43: DATA RINCIAN PEROLEHAN SUARA PASANGAN CALON BUPATI DAN WAKIL BUPATI
A44: NOMOR DAN NAMA CALON
A45: A.1 | B45: 1. | C45: Partai Kebangkitan Bangsa | E45: 13 | F45: 2 | G45: 4 | H45: 12 | I45: 2 | J45: 4 | K45: 3 | L45: 5 | M45: 0 | N45: 3 | O45: 10 | P45: 9 | Q45: 2 | R45: 6 | S45: 6 | T45: 2 | U45: 1 | V45: 3 | W45: 6 | X45: 13 | Y45: 1 | Z45: 2 | AA45: 4 | AB45: 1 | AC45: 8 | AD45: 5 | AE45: 2 | AF45: 1 | AG45: =SUM(E45:AF45) -> 130
A46: A.2 | B46: 1 | C46: 1. Dr. Hj. NIHAYATUL WAFIROH, M.A. | E46: 37 | F46: 20 | G46: 14 | H46: 29 | I46: 4 | J46: 18 | K46: 7 | L46: 14 | M46: 18 | N46: 13 | O46: 28 | P46: 27 | Q46: 7 | R46: 9 | S46: 10 | T46: 1 | U46: 7 | V46: 9 | W46: 13 | X46: 40 | Y46: 9 | Z46: 5 | AA46: 7 | AB46: 5 | AC46: 17 | AD46: 0 | AE46: 14 | AF46: 1 | AG46: =SUM(E46:AF46) -> 383
B47: 2 | C47: 2. H. M. NASIM KHAN | E47: 0 | F47: 3 | G47: 0 | H47: 2 | I47: 4 | J47: 4 | K47: 0 | L47: 4 | M47: 1 | N47: 1 | O47: 3 | P47: 9 | Q47: 7 | R47: 6 | S47: 0 | T47: 1 | U47: 0 | V47: 3 | W47: 2 | X47: 2 | Y47: 0 | Z47: 1 | AA47: 1 | AB47: 0 | AC47: 6 | AD47: 2 | AE47: 12 | AF47: 0 | AG47: =SUM(E47:AF47) -> 74
B48: 3 | C48: 3. Dr. H. AKIK ZAMAN, M.Pd.I. | E48: 1 | F48: 1 | G48: 1 | H48: 2 | I48: 0 | J48: 0 | K48: 0 | L48: 0 | M48: 0 | N48: 0 | O48: 0 | P48: 0 | Q48: 0 | R48: 0 | S48: 1 | T48: 0 | U48: 1 | V48: 0 | W48: 1 | X48: 3 | Y48: 0 | Z48: 0 | AA48: 0 | AB48: 2 | AC48: 0 | AD48: 0 | AE48: 0 | AF48: 2 | AG48: =SUM(E48:AF48) -> 15
B49: 4 | C49: 4. AHMAD RIFA'I, S.H. | E49: 1 | F49: 0 | G49: 0 | H49: 0 | I49: 0 | J49: 0 | K49: 0 | L49: 1 | M49: 1 | N49: 1 | O49: 1 | P49: 0 | Q49: 1 | R49: 1 | S49: 0 | T49: 0 | U49: 1 | V49: 0 | W49: 0 | X49: 1 | Y49: 0 | Z49: 0 | AA49: 0 | AB49: 1 | AC49: 0 | AD49: 1 | AE49: 1 | AF49: 1 | AG49: =SUM(E49:AF49) -> 13
B50: 5 | C50: 5. Drs. H. MAHFUD M.N. | E50: 0 | F50: 2 | G50: 0 | H50: 1 | I50: 0 | J50: 0 | K50: 0 | L50: 1 | M50: 1 | N50: 0 | O50: 0 | P50: 1 | Q50: 1 | R50: 0 | S50: 0 | T50: 0 | U50: 0 | V50: 0 | W50: 1 | X50: 3 | Y50: 1 | Z50: 0 | AA50: 0 | AB50: 0 | AC50: 1 | AD50: 0 | AE50: 1 | AF50: 0 | AG50: =SUM(E50:AF50) -> 14
B51: 6 | C51: 6. NURHAYATI, S.Pd. | E51: 1 | F51: 0 | G51: 2 | H51: 0 | I51: 3 | J51: 1 | K51: 0 | L51: 1 | M51: 0 | N51: 0 | O51: 3 | P51: 3 | Q51: 0 | R51: 1 | S51: 0 | T51: 1 | U51: 1 | V51: 1 | W51: 1 | X51: 2 | Y51: 1 | Z51: 1 | AA51: 0 | AB51: 0 | AC51: 0 | AD51: 0 | AE51: 0 | AF51: 0 | AG51: =SUM(E51:AF51) -> 23
B52: 7 | C52: 7. MAFTUHA KISWAH | E52: 1 | F52: 0 | G52: 0 | H52: 0 | I52: 1 | J52: 0 | K52: 0 | L52: 2 | M52: 0 | N52: 1 | O52: 1 | P52: 0 | Q52: 0 | R52: 0 | S52: 0 | T52: 0 | U52: 0 | V52: 0 | W52: 0 | X52: 1 | Y52: 0 | Z52: 0 | AA52: 1 | AB52: 0 | AC52: 0 | AD52: 0 | AE52: 0 | AF52: 0 | AG52: =SUM(E52:AF52) -> 8
A55: B | B55: JUMLAH SUARA SAH PARTAI POLITIK DAN CALON (A1 + A2) | E55: =SUM(E45:E54) -> 54 | F55: =SUM(F45:F54) -> 28 | G55: =SUM(G45:G54) -> 21 | H55: =SUM(H45:H54) -> 46 | I55: =SUM(I45:I54) -> 14 | J55: =SUM(J45:J54) -> 27 | K55: =SUM(K45:K54) -> 10 | L55: =SUM(L45:L54) -> 28 | ... AG55: =SUM(AG45:AG54) -> 660
A57: A.1 | B57: 2. | C57: Partai Gerakan Indonesia Raya | E57: 9 | F57: 5 | G57: 13 | H57: 6 | I57: 4 | J57: 6 | K57: 0 | L57: 10 | M57: 14 | N57: 7 | O57: 8 | P57: 12 | Q57: 4 | R57: 7 | S57: 6 | T57: 9 | U57: 9 | V57: 15 | W57: 10 | X57: 13 | Y57: 4 | Z57: 6 | AA57: 13 | AB57: 10 | AC57: 7 | AD57: 20 | AE57: 7 | AF57: 15 | AG57: =SUM(E57:AF57) -> 249
A58: A.2 | B58: 1 | C58: 1. SUMAIL ABDULLAH | E58: 7 | F58: 3 | G58: 4 | H58: 8 | I58: 4 | J58: 3 | K58: 4 | L58: 10 | M58: 5 | N58: 5 | O58: 8 | P58: 7 | Q58: 6 | R58: 3 | S58: 6 | T58: 2 | U58: 5 | V58: 9 | W58: 6 | X58: 6 | Y58: 3 | Z58: 7 | AA58: 8 | AB58: 5 | AC58: 7 | AD58: 33 | AE58: 31 | AF58: 19 | AG58: =SUM(E58:AF58) -> 224
B59: 2 | C59: 2. MUHAMMAD ALI ADRIAN SALEH | E59: 4 | F59: 5 | G59: 2 | H59: 5 | I59: 14 | J59: 22 | K59: 0 | L59: 31 | M59: 115 | N59: 27 | O59: 11 | P59: 10 | Q59: 2 | R59: 2 | S59: 48 | T59: 14 | U59: 3 | V59: 36 | W59: 42 | X59: 21 | Y59: 1 | Z59: 4 | AA59: 23 | AB59: 7 | AC59: 40 | AD59: 36 | AE59: 2 | AF59: 53 | AG59: =SUM(E59:AF59) -> 580
B60: 3 | C60: 3. DURROTUN NAFISAH | E60: 4 | F60: 2 | G60: 0 | H60: 1 | I60: 2 | J60: 1 | K60: 0 | L60: 1 | M60: 0 | N60: 1 | O60: 0 | P60: 4 | Q60: 1 | R60: 0 | S60: 3 | T60: 0 | U60: 0 | V60: 2 | W60: 1 | X60: 1 | Y60: 0 | Z60: 3 | AA60: 0 | AB60: 1 | AC60: 1 | AD60: 1 | AE60: 3 | AF60: 0 | AG60: =SUM(E60:AF60) -> 33
B61: 4 | C61: 4. H. EKO SUSILO NURHIDAYAT | E61: 3 | F61: 3 | G61: 2 | H61: 0 | I61: 5 | J61: 3 | K61: 1 | L61: 6 | M61: 3 | N61: 4 | O61: 0 | P61: 2 | Q61: 2 | R61: 3 | S61: 2 | T61: 1 | U61: 5 | V61: 9 | W61: 4 | X61: 1 | Y61: 1 | Z61: 1 | AA61: 3 | AB61: 1 | AC61: 7 | AD61: 4 | AE61: 0 | AF61: 3 | AG61: =SUM(E61:AF61) -> 79
B62: 5 | C62: 5. KARNADI HARIJANTO, S.S. | E62: 0 | F62: 0 | G62: 0 | H62: 1 | I62: 0 | J62: 0 | K62: 0 | L62: 1 | M62: 0 | N62: 0 | O62: 0 | P62: 1 | Q62: 0 | R62: 0 | S62: 1 | T62: 0 | U62: 1 | V62: 0 | W62: 0 | X62: 0 | Y62: 0 | Z62: 0 | AA62: 1 | AB62: 0 | AC62: 0 | AD62: 0 | AE62: 0 | AF62: 1 | AG62: =SUM(E62:AF62) -> 7
B63: 6 | C63: 6. NURHAYATI | E63: 4 | F63: 0 | G63: 1 | H63: 2 | I63: 1 | J63: 0 | K63: 0 | L63: 6 | M63: 0 | N63: 1 | O63: 1 | P63: 1 | Q63: 1 | R63: 0 | S63: 0 | T63: 0 | U63: 1 | V63: 3 | W63: 3 | X63: 2 | Y63: 0 | Z63: 2 | AA63: 0 | AB63: 0 | AC63: 0 | AD63: 3 | AE63: 2 | AF63: 4 | AG63: =SUM(E63:AF63) -> 38
B64: 7 | C64: 7. MASHUDI | E64: 1 | F64: 0 | G64: 0 | H64: 0 | I64: 0 | J64: 3 | K64: 0 | L64: 1 | M64: 1 | N64: 0 | O64: 0 | P64: 0 | Q64: 0 | R64: 0 | S64: 0 | T64: 0 | U64: 1 | V64: 0 | W64: 1 | X64: 1 | Y64: 0 | Z64: 2 | AA64: 0 | AB64: 1 | AC64: 0 | AD64: 1 | AE64: 0 | AF64: 0 | AG64: =SUM(E64:AF64) -> 13
A67: B | B67: JUMLAH SUARA SAH PARTAI POLITIK DAN CALON (A1 + A2) | E67: =SUM(E57:E66) -> 32 | F67: =SUM(F57:F66) -> 18 | G67: =SUM(G57:G66) -> 22 | H67: =SUM(H57:H66) -> 23 | I67: =SUM(I57:I66) -> 30 | J67: =SUM(J57:J66) -> 38 | K67: =SUM(K57:K66) -> 5 | L67: =SUM(L57:L66) -> 66 | ... AG67: =SUM(AG57:AG66) -> 1223
A69: A.1 | B69: 3. | C69: Partai Demokrasi Indonesia Perjuangan | E69: 11 | F69: 5 | G69: 5 | H69: 6 | I69: 8 | J69: 1 | K69: 4 | L69: 6 | M69: 6 | N69: 9 | O69: 14 | P69: 9 | Q69: 8 | R69: 9 | S69: 11 | T69: 4 | U69: 7 | V69: 13 | W69: 14 | X69: 6 | Y69: 2 | Z69: 4 | AA69: 11 | AB69: 14 | AC69: 9 | AD69: 8 | AE69: 5 | AF69: 2 | AG69: =SUM(E69:AF69) -> 211
A70: A.2 | B70: 1 | C70: 1. SONNY TRI DANAPARAMITA, S.H., M.H. | E70: 10 | F70: 3 | G70: 4 | H70: 5 | I70: 6 | J70: 4 | K70: 0 | L70: 6 | M70: 4 | N70: 5 | O70: 8 | P70: 5 | Q70: 5 | R70: 3 | S70: 7 | T70: 0 | U70: 3 | V70: 10 | W70: 19 | X70: 6 | Y70: 3 | Z70: 3 | AA70: 4 | AB70: 5 | AC70: 5 | AD70: 5 | AE70: 3 | AF70: 1 | AG70: =SUM(E70:AF70) -> 142
B71: 2 | C71: 2. H. MOHAMAD GUNTUR ROMLI | E71: 4 | F71: 5 | G71: 7 | H71: 8 | I71: 3 | J71: 2 | K71: 4 | L71: 5 | M71: 5 | N71: 2 | O71: 10 | P71: 5 | Q71: 1 | R71: 5 | S71: 2 | T71: 1 | U71: 0 | V71: 11 | W71: 2 | X71: 0 | Y71: 3 | Z71: 6 | AA71: 1 | AB71: 4 | AC71: 6 | AD71: 7 | AE71: 2 | AF71: 5 | AG71: =SUM(E71:AF71) -> 116
B72: 3 | C72: 3. INA AMMANIA | E72: 3 | F72: 2 | G72: 1 | H72: 2 | I72: 3 | J72: 2 | K72: 1 | L72: 5 | M72: 2 | N72: 3 | O72: 7 | P72: 2 | Q72: 0 | R72: 3 | S72: 0 | T72: 2 | U72: 0 | V72: 3 | W72: 2 | X72: 1 | Y72: 2 | Z72: 1 | AA72: 6 | AB72: 5 | AC72: 4 | AD72: 6 | AE72: 0 | AF72: 1 | AG72: =SUM(E72:AF72) -> 69
B73: 4 | C73: 4. IRWAN BACHTIAR RACHMAT, M.Si. | E73: 2 | F73: 0 | G73: 0 | H73: 2 | I73: 0 | J73: 2 | K73: 2 | L73: 2 | M73: 2 | N73: 2 | O73: 2 | P73: 1 | Q73: 0 | R73: 4 | S73: 0 | T73: 0 | U73: 0 | V73: 3 | W73: 3 | X73: 1 | Y73: 1 | Z73: 1 | AA73: 1 | AB73: 2 | AC73: 1 | AD73: 1 | AE73: 0 | AF73: 0 | AG73: =SUM(E73:AF73) -> 35
B74: 5 | C74: 5. LUCKY PERDANA | E74: 3 | F74: 6 | G74: 7 | H74: 2 | I74: 1 | J74: 1 | K74: 1 | L74: 4 | M74: 7 | N74: 2 | O74: 6 | P74: 7 | Q74: 8 | R74: 7 | S74: 0 | T74: 1 | U74: 2 | V74: 6 | W74: 5 | X74: 3 | Y74: 1 | Z74: 1 | AA74: 2 | AB74: 1 | AC74: 2 | AD74: 0 | AE74: 2 | AF74: 0 | AG74: =SUM(E74:AF74) -> 88
B75: 6 | C75: 6. WIWIK PUJIYATI | E75: 2 | F75: 1 | G75: 0 | H75: 1 | I75: 2 | J75: 1 | K75: 0 | L75: 3 | M75: 2 | N75: 1 | O75: 1 | P75: 4 | Q75: 3 | R75: 1 | S75: 0 | T75: 2 | U75: 4 | V75: 1 | W75: 1 | X75: 0 | Y75: 1 | Z75: 2 | AA75: 1 | AB75: 4 | AC75: 3 | AD75: 2 | AE75: 1 | AF75: 0 | AG75: =SUM(E75:AF75) -> 44
B76: 7 | C76: 7. CHANDRA ASTAN, S.T. | E76: 0 | F76: 1 | G76: 0 | H76: 2 | I76: 11 | J76: 6 | K76: 1 | L76: 2 | M76: 7 | N76: 1 | O76: 1 | P76: 0 | Q76: 0 | R76: 0 | S76: 4 | T76: 1 | U76: 1 | V76: 4 | W76: 1 | X76: 1 | Y76: 0 | Z76: 5 | AA76: 3 | AB76: 9 | AC76: 0 | AD76: 0 | AE76: 2 | AF76: 0 | AG76: =SUM(E76:AF76) -> 63
A79: B | B79: JUMLAH SUARA SAH PARTAI POLITIK DAN CALON (A1 + A2) | E79: =SUM(E69:E78) -> 35 | F79: =SUM(F69:F78) -> 23 | G79: =SUM(G69:G78) -> 24 | H79: =SUM(H69:H78) -> 28 | I79: =SUM(I69:I78) -> 34 | J79: =SUM(J69:J78) -> 19 | K79: =SUM(K69:K78) -> 13 | L79: =SUM(L69:L78) -> 33 | ... AG79: =SUM(AG69:AG78) -> 768
A81: A.1 | B81: 4. | C81: Partai Golongan Karya | E81: 2 | F81: 2 | G81: 3 | H81: 1 | I81: 2 | J81: 2 | K81: 7 | L81: 7 | M81: 3 | N81: 6 | O81: 2 | P81: 2 | Q81: 9 | R81: 9 | S81: 6 | T81: 5 | U81: 4 | V81: 3 | W81: 4 | X81: 1 | Y81: 0 | Z81: 2 | AA81: 3 | AB81: 13 | AC81: 15 | AD81: 3 | AE81: 4 | AF81: 3 | AG81: =SUM(E81:AF81) -> 123
A82: A.2 | B82: 1 | C82: 1. ZULFIKAR ARSE SADIKIN, S.I.P., M.Si. | E82: 4 | F82: 8 | G82: 23 | H82: 19 | I82: 22 | J82: 9 | K82: 127 | L82: 4 | M82: 2 | N82: 17 | O82: 6 | P82: 5 | Q82: 7 | R82: 8 | S82: 4 | T82: 3 | U82: 3 | V82: 12 | W82: 5 | X82: 3 | Y82: 0 | Z82: 11 | AA82: 8 | AB82: 7 | AC82: 13 | AD82: 4 | AE82: 2 | AF82: 5 | AG82: =SUM(E82:AF82) -> 341
B83: 2 | C83: 2. HANDOKO | E83: 0 | F83: 0 | G83: 1 | H83: 0 | I83: 1 | J83: 3 | K83: 1 | L83: 4 | M83: 0 | N83: 3 | O83: 3 | P83: 8 | Q83: 6 | R83: 1 | S83: 5 | T83: 0 | U83: 3 | V83: 10 | W83: 0 | X83: 3 | Y83: 3 | Z83: 0 | AA83: 4 | AB83: 9 | AC83: 3 | AD83: 2 | AE83: 1 | AF83: 0 | AG83: =SUM(E83:AF83) -> 74
B84: 3 | C84: 3. Hj. OVI DEWI YANTI | E84: 0 | F84: 0 | G84: 0 | H84: 1 | I84: 0 | J84: 0 | K84: 0 | L84: 1 | M84: 0 | N84: 0 | O84: 1 | P84: 1 | Q84: 3 | R84: 1 | S84: 1 | T84: 0 | U84: 1 | V84: 0 | W84: 0 | X84: 1 | Y84: 0 | Z84: 1 | AA84: 0 | AB84: 1 | AC84: 3 | AD84: 0 | AE84: 1 | AF84: 0 | AG84: =SUM(E84:AF84) -> 17
B85: 4 | C85: 4. Ir. AZAM AZMAN NATAWIJANA | E85: 0 | F85: 1 | G85: 2 | H85: 1 | I85: 0 | J85: 0 | K85: 1 | L85: 0 | M85: 0 | N85: 3 | O85: 1 | P85: 0 | Q85: 1 | R85: 3 | S85: 0 | T85: 0 | U85: 1 | V85: 0 | W85: 2 | X85: 1 | Y85: 0 | Z85: 0 | AA85: 0 | AB85: 0 | AC85: 1 | AD85: 0 | AE85: 0 | AF85: 0 | AG85: =SUM(E85:AF85) -> 18
B86: 5 | C86: 5. UBAIDILLAH AMIN, S.Kom. | E86: 0 | F86: 0 | G86: 0 | H86: 1 | I86: 1 | J86: 0 | K86: 1 | L86: 1 | M86: 1 | N86: 1 | O86: 1 | P86: 2 | Q86: 1 | R86: 0 | S86: 0 | T86: 0 | U86: 1 | V86: 0 | W86: 0 | X86: 0 | Y86: 0 | Z86: 0 | AA86: 0 | AB86: 1 | AC86: 0 | AD86: 0 | AE86: 0 | AF86: 0 | AG86: =SUM(E86:AF86) -> 12
B87: 6 | C87: 6. DENNY YUNIANDARI, S.H., M.Kn. | E87: 1 | F87: 0 | G87: 0 | H87: 1 | I87: 1 | J87: 0 | K87: 1 | L87: 0 | M87: 0 | N87: 0 | O87: 0 | P87: 0 | Q87: 0 | R87: 0 | S87: 0 | T87: 0 | U87: 0 | V87: 0 | W87: 0 | X87: 0 | Y87: 0 | Z87: 0 | AA87: 1 | AB87: 0 | AC87: 0 | AD87: 0 | AE87: 0 | AF87: 0 | AG87: =SUM(E87:AF87) -> 5
B88: 7 | C88: 7. ERNADI, S.H.I. | E88: 0 | F88: 0 | G88: 0 | H88: 0 | I88: 0 | J88: 0 | K88: 0 | L88: 0 | M88: 0 | N88: 0 | O88: 0 | P88: 0 | Q88: 0 | R88: 0 | S88: 0 | T88: 2 | U88: 0 | V88: 1 | W88: 0 | X88: 1 | Y88: 0 | Z88: 0 | AA88: 0 | AB88: 0 | AC88: 0 | AD88: 0 | AE88: 0 | AF88: 0 | AG88: =SUM(E88:AF88) -> 4
A91: B | B91: JUMLAH SUARA SAH PARTAI POLITIK DAN CALON (A1 + A2) | E91: =SUM(E81:E90) -> 7 | F91: =SUM(F81:F90) -> 11 | G91: =SUM(G81:G90) -> 29 | H91: =SUM(H81:H90) -> 24 | I91: =SUM(I81:I90) -> 27 | J91: =SUM(J81:J90) -> 14 | K91: =SUM(K81:K90) -> 138 | L91: =SUM(L81:L90) -> 17 | ... AG91: =SUM(AG81:AG90) -> 594
A93: A.1 | B93: 5. | C93: Partai NasDem | E93: 2 | F93: 0 | G93: 0 | H93: 1 | I93: 3 | J93: 2 | K93: 1 | L93: 5 | M93: 2 | N93: 12 | O93: 5 | P93: 3 | Q93: 2 | R93: 4 | S93: 1 | T93: 3 | U93: 0 | V93: 0 | W93: 3 | X93: 10 | Y93: 3 | Z93: 0 | AA93: 1 | AB93: 1 | AC93: 0 | AD93: 0 | AE93: 2 | AF93: 0 | AG93: =SUM(E93:AF93) -> 66
A94: A.2 | B94: 1 | C94: 1. ACH. FADIL MUZAKKI SYAH | E94: 0 | F94: 2 | G94: 1 | H94: 0 | I94: 0 | J94: 0 | K94: 0 | L94: 0 | M94: 0 | N94: 0 | O94: 1 | P94: 2 | Q94: 0 | R94: 0 | S94: 0 | T94: 2 | U94: 0 | V94: 0 | W94: 1 | X94: 1 | Y94: 0 | Z94: 0 | AA94: 0 | AB94: 0 | AC94: 1 | AD94: 0 | AE94: 0 | AF94: 0 | AG94: =SUM(E94:AF94) -> 11
B95: 2 | C95: 2. BENY | E95: 0 | F95: 0 | G95: 0 | H95: 1 | I95: 0 | J95: 0 | K95: 3 | L95: 0 | M95: 1 | N95: 0 | O95: 1 | P95: 0 | Q95: 0 | R95: 0 | S95: 0 | T95: 0 | U95: 0 | V95: 0 | W95: 0 | X95: 0 | Y95: 3 | Z95: 0 | AA95: 0 | AB95: 0 | AC95: 0 | AD95: 0 | AE95: 0 | AF95: 0 | AG95: =SUM(E95:AF95) -> 9
B96: 3 | C96: 3. VINA VERONIKA | E96: 0 | F96: 0 | G96: 0 | H96: 1 | I96: 1 | J96: 0 | K96: 0 | L96: 0 | M96: 0 | N96: 1 | O96: 0 | P96: 1 | Q96: 0 | R96: 0 | S96: 0 | T96: 1 | U96: 0 | V96: 0 | W96: 0 | X96: 1 | Y96: 0 | Z96: 0 | AA96: 0 | AB96: 1 | AC96: 0 | AD96: 0 | AE96: 0 | AF96: 0 | AG96: =SUM(E96:AF96) -> 7
B97: 4 | C97: 4. TEDDY ANUGRIANTO | E97: 2 | F97: 1 | G97: 1 | H97: 1 | I97: 1 | J97: 3 | K97: 0 | L97: 0 | M97: 0 | N97: 2 | O97: 2 | P97: 1 | Q97: 0 | R97: 0 | S97: 0 | T97: 1 | U97: 1 | V97: 0 | W97: 0 | X97: 0 | Y97: 0 | Z97: 2 | AA97: 0 | AB97: 0 | AC97: 0 | AD97: 1 | AE97: 0 | AF97: 1 | AG97: =SUM(E97:AF97) -> 20
B98: 5 | C98: 5. INSAN KAMIL | E98: 0 | F98: 0 | G98: 0 | H98: 0 | I98: 1 | J98: 0 | K98: 0 | L98: 2 | M98: 0 | N98: 2 | O98: 3 | P98: 1 | Q98: 1 | R98: 1 | S98: 0 | T98: 2 | U98: 0 | V98: 0 | W98: 0 | X98: 3 | Y98: 1 | Z98: 0 | AA98: 0 | AB98: 0 | AC98: 0 | AD98: 0 | AE98: 0 | AF98: 0 | AG98: =SUM(E98:AF98) -> 17
B99: 6 | C99: 6. LILIK LINDARWATI | E99: 0 | F99: 0 | G99: 1 | H99: 0 | I99: 1 | J99: 0 | K99: 0 | L99: 0 | M99: 0 | N99: 0 | O99: 0 | P99: 2 | Q99: 0 | R99: 0 | S99: 0 | T99: 0 | U99: 0 | V99: 0 | W99: 0 | X99: 2 | Y99: 1 | Z99: 0 | AA99: 0 | AB99: 0 | AC99: 0 | AD99: 0 | AE99: 0 | AF99: 0 | AG99: =SUM(E99:AF99) -> 7
B100: 7 | C100: 7. YULI ANITA | E100: 0 | F100: 0 | G100: 0 | H100: 0 | I100: 0 | J100: 0 | K100: 0 | L100: 0 | M100: 0 | N100: 0 | O100: 0 | P100: 0 | Q100: 0 | R100: 0 | S100: 0 | T100: 0 | U100: 1 | V100: 0 | W100: 0 | X100: 1 | Y100: 0 | Z100: 0 | AA100: 0 | AB100: 0 | AC100: 0 | AD100: 0 | AE100: 0 | AF100: 0 | AG100: =SUM(E100:AF100) -> 2
A103: B | B103: JUMLAH SUARA SAH PARTAI POLITIK DAN CALON (A1 + A2) | E103: =SUM(E93:E102) -> 4 | F103: =SUM(F93:F102) -> 3 | G103: =SUM(G93:G102) -> 3 | H103: =SUM(H93:H102) -> 4 | I103: =SUM(I93:I102) -> 7 | J103: =SUM(J93:J102) -> 5 | K103: =SUM(K93:K102) -> 4 | L103: =SUM(L93:L102) -> 7 | ... AG103: =SUM(AG93:AG102) -> 139
A105: A.1 | B105: 6. | C105: Partai Buruh | E105: 1 | F105: 0 | G105: 0 | H105: 1 | I105: 0 | J105: 1 | K105: 0 | L105: 0 | M105: 1 | N105: 0 | O105: 0 | P105: 0 | Q105: 1 | R105: 0 | S105: 1 | T105: 2 | U105: 0 | V105: 0 | W105: 0 | X105: 0 | Y105: 0 | Z105: 0 | AA105: 0 | AB105: 0 | AC105: 0 | AD105: 0 | AE105: 0 | AF105: 1 | AG105: =SUM(E105:AF105) -> 9
A106: A.2 | B106: 1 | C106: 1. KHOIRUL ANAM | E106: 0 | F106: 0 | G106: 0 | H106: 1 | I106: 0 | J106: 0 | K106: 0 | L106: 0 | M106: 1 | N106: 0 | O106: 0 | P106: 0 | Q106: 0 | R106: 0 | S106: 0 | T106: 0 | U106: 0 | V106: 0 | W106: 0 | X106: 0 | Y106: 0 | Z106: 1 | AA106: 0 | AB106: 0 | AC106: 0 | AD106: 1 | AE106: 0 | AF106: 1 | AG106: =SUM(E106:AF106) -> 5
B107: 2 | C107: 2. INA KURNIA | E107: 0 | F107: 0 | G107: 0 | H107: 0 | I107: 1 | J107: 1 | K107: 0 | L107: 0 | M107: 0 | N107: 0 | O107: 0 | P107: 0 | Q107: 0 | R107: 0 | S107: 1 | T107: 0 | U107: 0 | V107: 0 | W107: 0 | X107: 0 | Y107: 1 | Z107: 0 | AA107: 1 | AB107: 1 | AC107: 0 | AD107: 1 | AE107: 0 | AF107: 0 | AG107: =SUM(E107:AF107) -> 7
B108: 3 | C108: 3. JIBRAL TAROUK | E108: 0 | F108: 0 | G108: 0 | H108: 1 | I108: 0 | J108: 0 | K108: 0 | L108: 0 | M108: 0 | N108: 0 | O108: 0 | P108: 1 | Q108: 0 | R108: 0 | S108: 0 | T108: 0 | U108: 0 | V108: 0 | W108: 0 | X108: 0 | Y108: 0 | Z108: 0 | AA108: 0 | AB108: 0 | AC108: 0 | AD108: 0 | AE108: 0 | AF108: 0 | AG108: =SUM(E108:AF108) -> 2
B109: 4 | C109: 4. ASTUTI DAENG PUJI | E109: 0 | F109: 0 | G109: 0 | H109: 1 | I109: 0 | J109: 0 | K109: 0 | L109: 1 | M109: 0 | N109: 0 | O109: 0 | P109: 0 | Q109: 0 | R109: 0 | S109: 0 | T109: 0 | U109: 0 | V109: 0 | W109: 0 | X109: 0 | Y109: 0 | Z109: 0 | AA109: 0 | AB109: 0 | AC109: 0 | AD109: 0 | AE109: 0 | AF109: 0 | AG109: =SUM(E109:AF109) -> 2
B110: 5 | C110: 5. ASDARMAWAN | E110: 0 | F110: 0 | G110: 0 | H110: 0 | I110: 0 | J110: 1 | K110: 0 | L110: 0 | M110: 0 | N110: 0 | O110: 0 | P110: 0 | Q110: 1 | R110: 0 | S110: 0 | T110: 0 | U110: 0 | V110: 0 | W110: 0 | X110: 0 | Y110: 0 | Z110: 0 | AA110: 0 | AB110: 0 | AC110: 0 | AD110: 0 | AE110: 0 | AF110: 0 | AG110: =SUM(E110:AF110) -> 2
B111: 6 | C111: 6. RIFQI MUBAROK | E111: 0 | F111: 0 | G111: 0 | H111: 0 | I111: 0 | J111: 0 | K111: 0 | L111: 0 | M111: 0 | N111: 0 | O111: 0 | P111: 0 | Q111: 0 | R111: 0 | S111: 0 | T111: 0 | U111: 0 | V111: 0 | W111: 0 | X111: 0 | Y111: 0 | Z111: 0 | AA111: 0 | AB111: 0 | AC111: 0 | AD111: 0 | AE111: 0 | AF111: 0 | AG111: =SUM(E111:AF111) -> 0
B112: 7 | C112: 7. FIRNANDA ALTA MEGA | E112: 0 | F112: 0 | G112: 0 | H112: 0 | I112: 0 | J112: 0 | K112: 0 | L112: 0 | M112: 0 | N112: 0 | O112: 0 | P112: 0 | Q112: 0 | R112: 0 | S112: 0 | T112: 0 | U112: 0 | V112: 0 | W112: 0 | X112: 0 | Y112: 0 | Z112: 0 | AA112: 0 | AB112: 0 | AC112: 0 | AD112: 0 | AE112: 0 | AF112: 1 | AG112: =SUM(E112:AF112) -> 1
A115: B | B115: JUMLAH SUARA SAH PARTAI POLITIK DAN CALON (A1 + A2) | E115: =SUM(E105:E114) -> 1 | F115: =SUM(F105:F114) -> 0 | G115: =SUM(G105:G114) -> 0 | H115: =SUM(H105:H114) -> 4 | I115: =SUM(I105:I114) -> 1 | J115: =SUM(J105:J114) -> 3 | K115: =SUM(K105:K114) -> 0 | L115: =SUM(L105:L114) -> 1 | ... AG115: =SUM(AG105:AG114) -> 28
A117: A.1 | B117: 7. | C117: Partai Gelombang Rakyat Indonesia | E117: 0 | F117: 0 | G117: 1 | H117: 1 | I117: 1 | J117: 4 | K117: 0 | L117: 2 | M117: 1 | N117: 2 | O117: 1 | P117: 1 | Q117: 0 | R117: 1 | S117: 2 | T117: 0 | U117: 2 | V117: 1 | W117: 3 | X117: 1 | Y117: 3 | Z117: 5 | AA117: 3 | AB117: 4 | AC117: 1 | AD117: 1 | AE117: 1 | AF117: 0 | AG117: =SUM(E117:AF117) -> 42
A118: A.2 | B118: 1 | C118: 1. TITI WIDORETNO WARISMAN | E118: 0 | F118: 0 | G118: 0 | H118: 0 | I118: 0 | J118: 0 | K118: 1 | L118: 0 | M118: 0 | N118: 0 | O118: 0 | P118: 0 | Q118: 0 | R118: 0 | S118: 1 | T118: 1 | U118: 0 | V118: 0 | W118: 0 | X118: 0 | Y118: 0 | Z118: 0 | AA118: 1 | AB118: 0 | AC118: 0 | AD118: 0 | AE118: 0 | AF118: 0 | AG118: =SUM(E118:AF118) -> 4
B119: 2 | C119: 2. MAMIEK SETYANINGSIH | E119: 0 | F119: 0 | G119: 0 | H119: 0 | I119: 0 | J119: 1 | K119: 1 | L119: 0 | M119: 0 | N119: 0 | O119: 0 | P119: 0 | Q119: 0 | R119: 1 | S119: 0 | T119: 1 | U119: 0 | V119: 0 | W119: 0 | X119: 0 | Y119: 1 | Z119: 0 | AA119: 1 | AB119: 1 | AC119: 0 | AD119: 0 | AE119: 0 | AF119: 0 | AG119: =SUM(E119:AF119) -> 7
B120: 3 | C120: 3. ROMIL AZIZEN | E120: 0 | F120: 1 | G120: 0 | H120: 0 | I120: 0 | J120: 0 | K120: 0 | L120: 0 | M120: 0 | N120: 0 | O120: 0 | P120: 0 | Q120: 0 | R120: 0 | S120: 0 | T120: 0 | U120: 0 | V120: 0 | W120: 0 | X120: 0 | Y120: 0 | Z120: 0 | AA120: 0 | AB120: 0 | AC120: 0 | AD120: 0 | AE120: 1 | AF120: 0 | AG120: =SUM(E120:AF120) -> 2
A127: B | B127: JUMLAH SUARA SAH PARTAI POLITIK DAN CALON (A1 + A2) | E127: =SUM(E117:E126) -> 0 | F127: =SUM(F117:F126) -> 1 | G127: =SUM(G117:G126) -> 1 | H127: =SUM(H117:H126) -> 1 | I127: =SUM(I117:I126) -> 1 | J127: =SUM(J117:J126) -> 5 | K127: =SUM(K117:K126) -> 2 | L127: =SUM(L117:L126) -> 2 | ... AG127: =SUM(AG117:AG126) -> 55
A129: A.1 | B129: 8. | C129: Partai Keadilan Sejahtera | E129: 1 | F129: 0 | G129: 0 | H129: 1 | I129: 1 | J129: 2 | K129: 0 | L129: 0 | M129: 2 | N129: 1 | O129: 0 | P129: 1 | Q129: 1 | R129: 0 | S129: 1 | T129: 2 | U129: 1 | V129: 0 | W129: 0 | X129: 0 | Y129: 0 | Z129: 0 | AA129: 0 | AB129: 0 | AC129: 2 | AD129: 0 | AE129: 1 | AF129: 0 | AG129: =SUM(E129:AF129) -> 17
A130: A.2 | B130: 1 | C130: 1. H. SAIMI SALEH, S.E., M.M. | E130: 2 | F130: 2 | G130: 0 | H130: 0 | I130: 1 | J130: 1 | K130: 2 | L130: 0 | M130: 0 | N130: 0 | O130: 2 | P130: 0 | Q130: 1 | R130: 0 | S130: 0 | T130: 2 | U130: 1 | V130: 0 | W130: 1 | X130: 0 | Y130: 0 | Z130: 0 | AA130: 7 | AB130: 1 | AC130: 1 | AD130: 0 | AE130: 3 | AF130: 0 | AG130: =SUM(E130:AF130) -> 27
B131: 2 | C131: 2. Prof. Dr. H. EGGI SUDJANA, S.H., M.Si. | E131: 1 | F131: 1 | G131: 0 | H131: 0 | I131: 0 | J131: 0 | K131: 0 | L131: 0 | M131: 0 | N131: 1 | O131: 0 | P131: 1 | Q131: 0 | R131: 0 | S131: 1 | T131: 1 | U131: 4 | V131: 0 | W131: 0 | X131: 0 | Y131: 0 | Z131: 0 | AA131: 1 | AB131: 0 | AC131: 0 | AD131: 2 | AE131: 2 | AF131: 0 | AG131: =SUM(E131:AF131) -> 15
B132: 3 | C132: 3. NURUL KHOTIMAH | E132: 0 | F132: 0 | G132: 0 | H132: 0 | I132: 0 | J132: 0 | K132: 0 | L132: 0 | M132: 0 | N132: 0 | O132: 0 | P132: 0 | Q132: 0 | R132: 0 | S132: 0 | T132: 0 | U132: 0 | V132: 0 | W132: 1 | X132: 0 | Y132: 0 | Z132: 0 | AA132: 0 | AB132: 0 | AC132: 0 | AD132: 0 | AE132: 0 | AF132: 0 | AG132: =SUM(E132:AF132) -> 1
B133: 4 | C133: 4. AKHMAD SUYANTO, S.T., M.T. | E133: 0 | F133: 0 | G133: 0 | H133: 0 | I133: 0 | J133: 0 | K133: 0 | L133: 0 | M133: 0 | N133: 0 | O133: 0 | P133: 0 | Q133: 0 | R133: 0 | S133: 0 | T133: 1 | U133: 0 | V133: 0 | W133: 0 | X133: 0 | Y133: 0 | Z133: 0 | AA133: 0 | AB133: 0 | AC133: 0 | AD133: 0 | AE133: 1 | AF133: 0 | AG133: =SUM(E133:AF133) -> 2
B134: 5 | C134: 5. PUJIYATNI | E134: 0 | F134: 0 | G134: 1 | H134: 0 | I134: 0 | J134: 0 | K134: 0 | L134: 0 | M134: 1 | N134: 0 | O134: 0 | P134: 1 | Q134: 0 | R134: 0 | S134: 0 | T134: 0 | U134: 1 | V134: 0 | W134: 0 | X134: 0 | Y134: 0 | Z134: 0 | AA134: 0 | AB134: 0 | AC134: 0 | AD134: 0 | AE134: 0 | AF134: 0 | AG134: =SUM(E134:AF134) -> 4
B135: 6 | C135: 6. HENI PURWATININGSIH | E135: 0 | F135: 0 | G135: 0 | H135: 0 | I135: 0 | J135: 0 | K135: 0 | L135: 0 | M135: 0 | N135: 0 | O135: 0 | P135: 0 | Q135: 0 | R135: 0 | S135: 0 | T135: 0 | U135: 0 | V135: 0 | W135: 0 | X135: 0 | Y135: 1 | Z135: 0 | AA135: 0 | AB135: 0 | AC135: 0 | AD135: 0 | AE135: 0 | AF135: 0 | AG135: =SUM(E135:AF135) -> 1
B136: 7 | C136: 7. MUHADI | E136: 0 | F136: 0 | G136: 0 | H136: 0 | I136: 0 | J136: 0 | K136: 0 | L136: 0 | M136: 0 | N136: 0 | O136: 0 | P136: 0 | Q136: 0 | R136: 0 | S136: 0 | T136: 1 | U136: 0 | V136: 0 | W136: 0 | X136: 0 | Y136: 0 | Z136: 0 | AA136: 0 | AB136: 0 | AC136: 0 | AD136: 0 | AE136: 0 | AF136: 0 | AG136: =SUM(E136:AF136) -> 1
...

Sheet KEBONDALEM
C2: Kecamatan | D2: BANGOREJO
C3: Kabupaten | D3: BANYUWANGI
C4: Provinsi | D4: JAWA TIMUR
C9: Kelurahan | D9: KEBONDALEM
A12: I | B12: DATA PEMILIH DAN PENGGUNAAN HAK PILIH | AH12: JUMLAH AKHIR
A13: A | B13: DATA PEMILIH | E13: TPS 001 | F13: TPS 002 | G13: TPS 003 | H13: TPS 004 | I13: TPS 005 | J13: TPS 006 | K13: TPS 007 | L13: TPS 008 | M13: TPS 009 | N13: TPS 010 | O13: TPS 011 | P13: TPS 012 | Q13: TPS 013 | R13: TPS 014 | S13: TPS 015 | T13: TPS 016 | U13: TPS 017 | V13: TPS 018 | W13: TPS 019 | X13: TPS 020 | Y13: TPS 021 | Z13: TPS 022 | AA13: TPS 023 | AB13: TPS 024 | AC13: TPS 025 | AD13: TPS 026 | AE13: TPS 027 | AF13: TPS 028 | AG13: TPS 029
B14: Jumlah Pemilih dalam Daftar Pemilih Tetap (DPT) | D14: LK | E14: 137 | F14: 124 | G14: 141 | H14: 143 | I14: 136 | J14: 145 | K14: 145 | L14: 145 | M14: 134 | N14: 123 | O14: 138 | P14: 130 | Q14: 139 | R14: 135 | S14: 136 | T14: 142 | U14: 127 | V14: 143 | W14: 134 | X14: 138 | Y14: 147 | Z14: 145 | AA14: 144 | AB14: 114 | AC14: 130 | AD14: 127 | AE14: 130 | AF14: 85 | AG14: 141 | AH14: =SUM(E14:AG14) -> 3898
D15: PR | E15: 125 | F15: 152 | G15: 151 | H15: 149 | I15: 138 | J15: 125 | K15: 154 | L15: 144 | M15: 136 | N15: 122 | O15: 138 | P15: 138 | Q15: 153 | R15: 138 | S15: 145 | T15: 151 | U15: 127 | V15: 135 | W15: 132 | X15: 137 | Y15: 129 | Z15: 150 | AA15: 145 | AB15: 123 | AC15: 138 | AD15: 142 | AE15: 145 | AF15: 100 | AG15: 128 | AH15: =SUM(E15:AG15) -> 3990
D16: JML | E16: =SUM(E14:E15) -> 262 | F16: =SUM(F14:F15) -> 276 | G16: =SUM(G14:G15) -> 292 | H16: =SUM(H14:H15) -> 292 | I16: =SUM(I14:I15) -> 274 | J16: =SUM(J14:J15) -> 270 | K16: =SUM(K14:K15) -> 299 | L16: =SUM(L14:L15) -> 289 | ... AG16: =SUM(AG14:AG15) -> 269 | AH16: =SUM(E16:AG16) -> 7888
A18: B | B18: PENGGUNA HAK PILIH
B19: 1. | C19: Jumlah pengguna hak pilih dalam Daftar Pemilih Tetap (DPT) | D19: LK | E19: 89 | F19: 90 | G19: 90 | H19: 87 | I19: 103 | J19: 110 | K19: 88 | L19: 104 | M19: 100 | N19: 87 | O19: 101 | P19: 85 | Q19: 93 | R19: 97 | S19: 96 | T19: 100 | U19: 94 | V19: 107 | W19: 109 | X19: 110 | Y19: 108 | Z19: 89 | AA19: 93 | AB19: 89 | AC19: 92 | AD19: 90 | AE19: 102 | AF19: 65 | AG19: 107 | AH19: =SUM(E19:AG19) -> 2775
D20: PR | E20: 88 | F20: 100 | G20: 109 | H20: 115 | I20: 102 | J20: 102 | K20: 95 | L20: 113 | M20: 101 | N20: 99 | O20: 104 | P20: 91 | Q20: 103 | R20: 97 | S20: 87 | T20: 102 | U20: 99 | V20: 107 | W20: 120 | X20: 110 | Y20: 99 | Z20: 110 | AA20: 110 | AB20: 103 | AC20: 106 | AD20: 96 | AE20: 115 | AF20: 77 | AG20: 102 | AH20: =SUM(E20:AG20) -> 2962
D21: JML | E21: =SUM(E19:E20) -> 177 | F21: =SUM(F19:F20) -> 190 | G21: =SUM(G19:G20) -> 199 | H21: =SUM(H19:H20) -> 202 | I21: =SUM(I19:I20) -> 205 | J21: =SUM(J19:J20) -> 212 | K21: =SUM(K19:K20) -> 183 | L21: =SUM(L19:L20) -> 217 | ... AG21: =SUM(AG19:AG20) -> 209 | AH21: =SUM(E21:AG21) -> 5737
B22: 2. | C22: Jumlah pengguna hak pilih dalam Daftar Pemilih Tambahan (DPTb) | D22: LK | T22: 0 | U22: 1 | V22: 0 | W22: 0 | X22: 0 | Y22: 0 | Z22: 0 | AA22: 0 | AB22: 0 | AC22: 0 | AD22: 0 | AE22: 0 | AF22: 0 | AG22: 0 | AH22: =SUM(E22:AG22) -> 1
D23: PR | T23: 0 | U23: 1 | V23: 0 | W23: 0 | X23: 0 | Y23: 0 | Z23: 0 | AA23: 0 | AB23: 0 | AC23: 0 | AD23: 0 | AE23: 0 | AF23: 0 | AG23: 0 | AH23: =SUM(E23:AG23) -> 1
D24: JML | E24: =SUM(E22:E23) -> 0 | F24: =SUM(F22:F23) -> 0 | G24: =SUM(G22:G23) -> 0 | H24: =SUM(H22:H23) -> 0 | I24: =SUM(I22:I23) -> 0 | J24: =SUM(J22:J23) -> 0 | K24: =SUM(K22:K23) -> 0 | L24: =SUM(L22:L23) -> 0 | ... AG24: =SUM(AG22:AG23) -> 0 | AH24: =SUM(E24:AG24) -> 2
B25: 3. | C25: Jumlah pengguna hak pilih dalam Daftar Pemilih Khusus (DPK) | D25: LK | E25: 0 | F25: 0 | G25: 3 | H25: 0 | I25: 0 | J25: 0 | K25: 0 | L25: 0 | M25: 0 | N25: 0 | O25: 0 | P25: 0 | Q25: 0 | R25: 0 | S25: 0 | T25: 2 | U25: 2 | V25: 1 | W25: 0 | X25: 0 | Y25: 0 | Z25: 0 | AA25: 0 | AB25: 0 | AC25: 4 | AD25: 0 | AE25: 0 | AF25: 1 | AG25: 0 | AH25: =SUM(E25:AG25) -> 13
D26: PR | E26: 3 | F26: 0 | G26: 5 | H26: 0 | I26: 0 | J26: 0 | K26: 0 | L26: 0 | M26: 1 | N26: 2 | O26: 0 | P26: 0 | Q26: 0 | R26: 2 | S26: 0 | T26: 3 | U26: 2 | V26: 0 | W26: 0 | X26: 0 | Y26: 0 | Z26: 0 | AA26: 0 | AB26: 0 | AC26: 1 | AD26: 0 | AE26: 0 | AF26: 1 | AG26: 0 | AH26: =SUM(E26:AG26) -> 20
D27: JML | E27: =SUM(E25:E26) -> 3 | F27: =SUM(F25:F26) -> 0 | G27: =SUM(G25:G26) -> 8 | H27: =SUM(H25:H26) -> 0 | I27: =SUM(I25:I26) -> 0 | J27: =SUM(J25:J26) -> 0 | K27: =SUM(K25:K26) -> 0 | L27: =SUM(L25:L26) -> 0 | ... AG27: =SUM(AG25:AG26) -> 0 | AH27: =SUM(E27:AG27) -> 33
B28: 4. | C28: Jumlah Pengguna Hak Pilih (B.1+B.2+B.3) | D28: LK | E28: =SUM(E19,E22,E25) -> 89 | F28: =SUM(F19,F22,F25) -> 90 | G28: =SUM(G19,G22,G25) -> 93 | H28: =SUM(H19,H22,H25) -> 87 | I28: =SUM(I19,I22,I25) -> 103 | J28: =SUM(J19,J22,J25) -> 110 | K28: =SUM(K19,K22,K25) -> 88 | L28: =SUM(L19,L22,L25) -> 104 | ... AG28: =SUM(AG19,AG22,AG25) -> 107 | AH28: =SUM(E28:AG28) -> 2789
D29: PR | E29: =SUM(E20,E23,E26) -> 91 | F29: =SUM(F20,F23,F26) -> 100 | G29: =SUM(G20,G23,G26) -> 114 | H29: =SUM(H20,H23,H26) -> 115 | I29: =SUM(I20,I23,I26) -> 102 | J29: =SUM(J20,J23,J26) -> 102 | K29: =SUM(K20,K23,K26) -> 95 | L29: =SUM(L20,L23,L26) -> 113 | ... AG29: =SUM(AG20,AG23,AG26) -> 102 | AH29: =SUM(E29:AG29) -> 2983
D30: JML | E30: =SUM(E28:E29) -> 180 | F30: =SUM(F28:F29) -> 190 | G30: =SUM(G28:G29) -> 207 | H30: =SUM(H28:H29) -> 202 | I30: =SUM(I28:I29) -> 205 | J30: =SUM(J28:J29) -> 212 | K30: =SUM(K28:K29) -> 183 | L30: =SUM(L28:L29) -> 217 | ... AG30: =SUM(AG28:AG29) -> 209 | AH30: =SUM(E30:AG30) -> 5772
A32: II | B32: DATA PENGGUNAAN SURAT SUARA
A33: 1 | B33: Jumlah surat suara yang diterima, termasuk surat suara cadangan 2,5% dari DPT | E33: 268 | F33: 282 | G33: 298 | H33: 298 | I33: 280 | J33: 276 | K33: 301 | L33: 296 | M33: 276 | N33: 250 | O33: 282 | P33: 272 | Q33: 298 | R33: 279 | S33: 287 | T33: 299 | U33: 260 | V33: 284 | W33: 272 | X33: 281 | Y33: 282 | Z33: 301 | AA33: 295 | AB33: 242 | AC33: 274 | AD33: 275 | AE33: 281 | AF33: 189 | AG33: 275 | AH33: =SUM(E33:AG33) -> 8053
A34: 2 | B34: Jumlah surat suara yang digunakan | E34: 180 | F34: 190 | G34: 207 | H34: 202 | I34: 205 | J34: 212 | K34: 183 | L34: 217 | M34: 202 | N34: 188 | O34: 205 | P34: 176 | Q34: 196 | R34: 196 | S34: 183 | T34: 207 | U34: 199 | V34: 215 | W34: 229 | X34: 220 | Y34: 207 | Z34: 199 | AA34: 203 | AB34: 192 | AC34: 203 | AD34: 186 | AE34: 217 | AF34: 144 | AG34: 209 | AH34: =SUM(E34:AG34) -> 5772
A35: 3 | B35: Jumlah surat suara dikembalikan oleh pemilih (karena rusak atau keliru coblos) | E35: 0 | F35: 0 | G35: 0 | H35: 0 | I35: 0 | J35: 0 | K35: 0 | L35: 0 | M35: 0 | N35: 0 | O35: 0 | P35: 0 | Q35: 1 | R35: 0 | S35: 0 | T35: 0 | U35: 0 | V35: 0 | W35: 0 | X35: 0 | Y35: 0 | Z35: 0 | AA35: 2 | AB35: 0 | AC35: 2 | AD35: 0 | AE35: 0 | AF35: 0 | AG35: 0 | AH35: =SUM(E35:AG35) -> 5
A36: 4 | B36: Jumlah surat suara yang tidak digunakan/tidak terpakai, termasuk sisa surat suara cadangan | E36: =E33-(E34+E35) -> 88 | F36: =F33-(F34+F35) -> 92 | G36: =G33-(G34+G35) -> 91 | H36: =H33-(H34+H35) -> 96 | I36: =I33-(I34+I35) -> 75 | J36: =J33-(J34+J35) -> 64 | K36: =K33-(K34+K35) -> 118 | L36: =L33-(L34+L35) -> 79 | ... AG36: =AG33-(AG34+AG35) -> 66 | AH36: =SUM(E36:AG36) -> 2276
A38: III | B38: DATA PEMILIH DISABILITAS
B39: Jumlah seluruh Pemilih disabilitas yang menggunakan hak pilih | D39: LK | E39: 0 | F39: 0 | G39: 0 | H39: 0 | I39: 0 | J39: 0 | K39: 3 | L39: 3 | M39: 0 | N39: 0 | O39: 0 | P39: 0 | Q39: 0 | R39: 0 | S39: 0 | T39: 0 | U39: 1 | V39: 0 | W39: 0 | X39: 0 | Y39: 0 | Z39: 0 | AA39: 0 | AB39: 0 | AC39: 2 | AD39: 0 | AE39: 0 | AF39: 0 | AG39: 1 | AH39: =SUM(E39:AG39) -> 10
D40: PR | E40: 0 | F40: 0 | G40: 0 | H40: 0 | I40: 2 | J40: 0 | K40: 3 | L40: 7 | M40: 0 | N40: 0 | O40: 0 | P40: 0 | Q40: 0 | R40: 0 | S40: 0 | T40: 0 | U40: 1 | V40: 0 | W40: 0 | X40: 0 | Y40: 0 | Z40: 0 | AA40: 0 | AB40: 0 | AC40: 0 | AD40: 0 | AE40: 0 | AF40: 0 | AG40: 1 | AH40: =SUM(E40:AG40) -> 14
D41: JML | E41: =SUM(E39:E40) -> 0 | F41: =SUM(F39:F40) -> 0 | G41: =SUM(G39:G40) -> 0 | H41: =SUM(H39:H40) -> 0 | I41: =SUM(I39:I40) -> 2 | J41: =SUM(J39:J40) -> 0 | K41: =SUM(K39:K40) -> 6 | L41: =SUM(L39:L40) -> 10 | ... AG41: =SUM(AG39:AG40) -> 2 | AH41: =SUM(E41:AG41) -> 24
A43: IV | B43: DATA RINCIAN PEROLEHAN SUARA PASANGAN CALON BUPATI DAN WAKIL BUPATI
A44: NOMOR DAN NAMA CALON
A45: A.1 | B45: 1. | C45: Partai Kebangkitan Bangsa | E45: 11 | F45: 2 | G45: 2 | H45: 6 | I45: 8 | J45: 3 | K45: 3 | L45: 4 | M45: 7 | N45: 3 | O45: 2 | P45: 1 | Q45: 2 | R45: 5 | S45: 3 | T45: 2 | U45: 3 | V45: 4 | W45: 0 | X45: 3 | Y45: 1 | Z45: 6 | AA45: 7 | AB45: 3 | AC45: 10 | AD45: 7 | AE45: 0 | AF45: 0 | AG45: 6 | AH45: =SUM(E45:AG45) -> 114
A46: A.2 | B46: 1 | C46: 1. Dr. Hj. NIHAYATUL WAFIROH, M.A. | E46: 9 | F46: 11 | G46: 5 | H46: 5 | I46: 25 | J46: 29 | K46: 5 | L46: 16 | M46: 50 | N46: 44 | O46: 6 | P46: 9 | Q46: 8 | R46: 4 | S46: 11 | T46: 18 | U46: 5 | V46: 6 | W46: 3 | X46: 7 | Y46: 4 | Z46: 5 | AA46: 1 | AB46: 14 | AC46: 45 | AD46: 11 | AE46: 2 | AF46: 0 | AG46: 12 | AH46: =SUM(E46:AG46) -> 370
B47: 2 | C47: 2. H. M. NASIM KHAN | E47: 8 | F47: 0 | G47: 0 | H47: 2 | I47: 1 | J47: 0 | K47: 1 | L47: 1 | M47: 4 | N47: 2 | O47: 0 | P47: 0 | Q47: 0 | R47: 1 | S47: 0 | T47: 1 | U47: 0 | V47: 4 | W47: 1 | X47: 0 | Y47: 0 | Z47: 0 | AA47: 0 | AB47: 0 | AC47: 1 | AD47: 1 | AE47: 2 | AF47: 0 | AG47: 1 | AH47: =SUM(E47:AG47) -> 31
B48: 3 | C48: 3. Dr. H. AKIK ZAMAN, M.Pd.I. | E48: 0 | F48: 0 | G48: 0 | H48: 0 | I48: 0 | J48: 0 | K48: 0 | L48: 0 | M48: 1 | N48: 0 | O48: 1 | P48: 0 | Q48: 0 | R48: 0 | S48: 0 | T48: 0 | U48: 0 | V48: 0 | W48: 0 | X48: 0 | Y48: 1 | Z48: 2 | AA48: 0 | AB48: 0 | AC48: 0 | AD48: 0 | AE48: 1 | AF48: 0 | AG48: 1 | AH48: =SUM(E48:AG48) -> 7
B49: 4 | C49: 4. AHMAD RIFA'I, S.H. | E49: 0 | F49: 0 | G49: 1 | H49: 1 | I49: 1 | J49: 1 | K49: 0 | L49: 1 | M49: 0 | N49: 0 | O49: 1 | P49: 0 | Q49: 1 | R49: 0 | S49: 0 | T49: 1 | U49: 0 | V49: 0 | W49: 1 | X49: 0 | Y49: 0 | Z49: 0 | AA49: 3 | AB49: 1 | AC49: 0 | AD49: 0 | AE49: 0 | AF49: 0 | AG49: 0 | AH49: =SUM(E49:AG49) -> 13
B50: 5 | C50: 5. Drs. H. MAHFUD M.N. | E50: 0 | F50: 1 | G50: 0 | H50: 0 | I50: 0 | J50: 0 | K50: 0 | L50: 0 | M50: 0 | N50: 0 | O50: 0 | P50: 1 | Q50: 0 | R50: 1 | S50: 0 | T50: 0 | U50: 0 | V50: 0 | W50: 0 | X50: 0 | Y50: 0 | Z50: 2 | AA50: 0 | AB50: 0 | AC50: 1 | AD50: 0 | AE50: 1 | AF50: 1 | AG50: 1 | AH50: =SUM(E50:AG50) -> 9
B51: 6 | C51: 6. NURHAYATI, S.Pd. | E51: 1 | F51: 0 | G51: 2 | H51: 0 | I51: 0 | J51: 0 | K51: 0 | L51: 0 | M51: 0 | N51: 0 | O51: 0 | P51: 0 | Q51: 0 | R51: 0 | S51: 0 | T51: 0 | U51: 0 | V51: 0 | W51: 0 | X51: 1 | Y51: 1 | Z51: 0 | AA51: 0 | AB51: 0 | AC51: 0 | AD51: 0 | AE51: 0 | AF51: 0 | AG51: 1 | AH51: =SUM(E51:AG51) -> 6
B52: 7 | C52: 7. MAFTUHA KISWAH | E52: 0 | F52: 0 | G52: 0 | H52: 0 | I52: 1 | J52: 1 | K52: 0 | L52: 0 | M52: 0 | N52: 0 | O52: 0 | P52: 0 | Q52: 0 | R52: 1 | S52: 0 | T52: 0 | U52: 0 | V52: 0 | W52: 0 | X52: 0 | Y52: 0 | Z52: 0 | AA52: 1 | AB52: 0 | AC52: 0 | AD52: 1 | AE52: 0 | AF52: 0 | AG52: 0 | AH52: =SUM(E52:AG52) -> 5
A55: B | B55: JUMLAH SUARA SAH PARTAI POLITIK DAN CALON (A1 + A2) | E55: =SUM(E45:E54) -> 29 | F55: =SUM(F45:F54) -> 14 | G55: =SUM(G45:G54) -> 10 | H55: =SUM(H45:H54) -> 14 | I55: =SUM(I45:I54) -> 36 | J55: =SUM(J45:J54) -> 34 | K55: =SUM(K45:K54) -> 9 | L55: =SUM(L45:L54) -> 22 | ... AH55: =SUM(AH45:AH54) -> 555
A57: A.1 | B57: 2. | C57: Partai Gerakan Indonesia Raya | E57: 8 | F57: 14 | G57: 8 | H57: 12 | I57: 7 | J57: 8 | K57: 12 | L57: 27 | M57: 6 | N57: 5 | O57: 14 | P57: 15 | Q57: 19 | R57: 3 | S57: 13 | T57: 11 | U57: 2 | V57: 5 | W57: 1 | X57: 14 | Y57: 21 | Z57: 11 | AA57: 8 | AB57: 14 | AC57: 8 | AD57: 7 | AE57: 14 | AF57: 5 | AG57: 16 | AH57: =SUM(E57:AG57) -> 308
A58: A.2 | B58: 1 | C58: 1. SUMAIL ABDULLAH | E58: 5 | F58: 28 | G58: 56 | H58: 24 | I58: 4 | J58: 23 | K58: 25 | L58: 10 | M58: 9 | N58: 7 | O58: 5 | P58: 2 | Q58: 3 | R58: 7 | S58: 4 | T58: 3 | U58: 6 | V58: 0 | W58: 2 | X58: 13 | Y58: 9 | Z58: 5 | AA58: 15 | AB58: 5 | AC58: 7 | AD58: 14 | AE58: 4 | AF58: 3 | AG58: 34 | AH58: =SUM(E58:AG58) -> 332
B59: 2 | C59: 2. MUHAMMAD ALI ADRIAN SALEH | E59: 7 | F59: 16 | G59: 12 | H59: 16 | I59: 48 | J59: 18 | K59: 24 | L59: 78 | M59: 27 | N59: 37 | O59: 82 | P59: 31 | Q59: 64 | R59: 15 | S59: 58 | T59: 23 | U59: 3 | V59: 1 | W59: 2 | X59: 48 | Y59: 36 | Z59: 16 | AA59: 12 | AB59: 36 | AC59: 6 | AD59: 16 | AE59: 84 | AF59: 25 | AG59: 7 | AH59: =SUM(E59:AG59) -> 848
B60: 3 | C60: 3. DURROTUN NAFISAH | E60: 0 | F60: 1 | G60: 0 | H60: 0 | I60: 1 | J60: 1 | K60: 0 | L60: 1 | M60: 4 | N60: 1 | O60: 0 | P60: 2 | Q60: 1 | R60: 2 | S60: 2 | T60: 0 | U60: 0 | V60: 0 | W60: 0 | X60: 0 | Y60: 1 | Z60: 0 | AA60: 2 | AB60: 0 | AC60: 1 | AD60: 2 | AE60: 1 | AF60: 0 | AG60: 1 | AH60: =SUM(E60:AG60) -> 24
B61: 4 | C61: 4. H. EKO SUSILO NURHIDAYAT | E61: 2 | F61: 4 | G61: 0 | H61: 0 | I61: 1 | J61: 1 | K61: 1 | L61: 0 | M61: 0 | N61: 0 | O61: 1 | P61: 5 | Q61: 0 | R61: 3 | S61: 2 | T61: 1 | U61: 0 | V61: 0 | W61: 1 | X61: 3 | Y61: 3 | Z61: 1 | AA61: 0 | AB61: 1 | AC61: 1 | AD61: 2 | AE61: 5 | AF61: 2 | AG61: 2 | AH61: =SUM(E61:AG61) -> 42
B62: 5 | C62: 5. KARNADI HARIJANTO, S.S. | E62: 0 | F62: 1 | G62: 1 | H62: 1 | I62: 0 | J62: 0 | K62: 0 | L62: 0 | M62: 0 | N62: 0 | O62: 0 | P62: 0 | Q62: 0 | R62: 0 | S62: 0 | T62: 1 | U62: 0 | V62: 0 | W62: 0 | X62: 0 | Y62: 0 | Z62: 0 | AA62: 0 | AB62: 0 | AC62: 3 | AD62: 0 | AE62: 0 | AF62: 0 | AG62: 0 | AH62: =SUM(E62:AG62) -> 7
B63: 6 | C63: 6. NURHAYATI | E63: 4 | F63: 1 | G63: 2 | H63: 0 | I63: 0 | J63: 1 | K63: 0 | L63: 0 | M63: 0 | N63: 1 | O63: 0 | P63: 0 | Q63: 1 | R63: 0 | S63: 0 | T63: 0 | U63: 0 | V63: 0 | W63: 3 | X63: 0 | Y63: 2 | Z63: 0 | AA63: 2 | AB63: 2 | AC63: 1 | AD63: 0 | AE63: 2 | AF63: 0 | AG63: 2 | AH63: =SUM(E63:AG63) -> 24
B64: 7 | C64: 7. MASHUDI | E64: 0 | F64: 1 | G64: 0 | H64: 0 | I64: 1 | J64: 0 | K64: 1 | L64: 0 | M64: 0 | N64: 0 | O64: 0 | P64: 1 | Q64: 0 | R64: 0 | S64: 1 | T64: 1 | U64: 1 | V64: 0 | W64: 0 | X64: 0 | Y64: 0 | Z64: 0 | AA64: 0 | AB64: 0 | AC64: 0 | AD64: 0 | AE64: 0 | AF64: 0 | AG64: 1 | AH64: =SUM(E64:AG64) -> 8
A67: B | B67: JUMLAH SUARA SAH PARTAI POLITIK DAN CALON (A1 + A2) | E67: =SUM(E57:E66) -> 26 | F67: =SUM(F57:F66) -> 66 | G67: =SUM(G57:G66) -> 79 | H67: =SUM(H57:H66) -> 53 | I67: =SUM(I57:I66) -> 62 | J67: =SUM(J57:J66) -> 52 | K67: =SUM(K57:K66) -> 63 | L67: =SUM(L57:L66) -> 116 | ... AH67: =SUM(AH57:AH66) -> 1593
A69: A.1 | B69: 3. | C69: Partai Demokrasi Indonesia Perjuangan | E69: 10 | F69: 9 | G69: 6 | H69: 4 | I69: 4 | J69: 6 | K69: 8 | L69: 3 | M69: 3 | N69: 4 | O69: 7 | P69: 2 | Q69: 10 | R69: 3 | S69: 4 | T69: 5 | U69: 17 | V69: 1 | W69: 3 | X69: 6 | Y69: 2 | Z69: 5 | AA69: 7 | AB69: 9 | AC69: 9 | AD69: 7 | AE69: 10 | AF69: 2 | AG69: 15 | AH69: =SUM(E69:AG69) -> 181
A70: A.2 | B70: 1 | C70: 1. SONNY TRI DANAPARAMITA, S.H., M.H. | E70: 11 | F70: 3 | G70: 2 | H70: 6 | I70: 7 | J70: 3 | K70: 3 | L70: 0 | M70: 11 | N70: 4 | O70: 1 | P70: 8 | Q70: 3 | R70: 5 | S70: 0 | T70: 23 | U70: 69 | V70: 4 | W70: 3 | X70: 8 | Y70: 18 | Z70: 5 | AA70: 17 | AB70: 10 | AC70: 8 | AD70: 7 | AE70: 8 | AF70: 3 | AG70: 5 | AH70: =SUM(E70:AG70) -> 255
B71: 2 | C71: 2. H. MOHAMAD GUNTUR ROMLI | E71: 2 | F71: 3 | G71: 6 | H71: 3 | I71: 3 | J71: 5 | K71: 0 | L71: 0 | M71: 2 | N71: 2 | O71: 3 | P71: 4 | Q71: 2 | R71: 2 | S71: 2 | T71: 3 | U71: 1 | V71: 1 | W71: 4 | X71: 1 | Y71: 0 | Z71: 3 | AA71: 2 | AB71: 8 | AC71: 5 | AD71: 13 | AE71: 0 | AF71: 2 | AG71: 5 | AH71: =SUM(E71:AG71) -> 87
B72: 3 | C72: 3. INA AMMANIA | E72: 3 | F72: 3 | G72: 1 | H72: 1 | I72: 15 | J72: 3 | K72: 2 | L72: 9 | M72: 1 | N72: 0 | O72: 1 | P72: 0 | Q72: 0 | R72: 1 | S72: 0 | T72: 1 | U72: 2 | V72: 1 | W72: 1 | X72: 1 | Y72: 3 | Z72: 1 | AA72: 3 | AB72: 0 | AC72: 2 | AD72: 4 | AE72: 3 | AF72: 2 | AG72: 15 | AH72: =SUM(E72:AG72) -> 79
B73: 4 | C73: 4. IRWAN BACHTIAR RACHMAT, M.Si. | E73: 2 | F73: 1 | G73: 1 | H73: 0 | I73: 0 | J73: 0 | K73: 0 | L73: 0 | M73: 0 | N73: 0 | O73: 1 | P73: 1 | Q73: 1 | R73: 1 | S73: 0 | T73: 0 | U73: 0 | V73: 0 | W73: 1 | X73: 0 | Y73: 0 | Z73: 0 | AA73: 0 | AB73: 2 | AC73: 0 | AD73: 0 | AE73: 2 | AF73: 1 | AG73: 0 | AH73: =SUM(E73:AG73) -> 14
B74: 5 | C74: 5. LUCKY PERDANA | E74: 2 | F74: 5 | G74: 3 | H74: 2 | I74: 0 | J74: 3 | K74: 3 | L74: 1 | M74: 2 | N74: 0 | O74: 1 | P74: 2 | Q74: 2 | R74: 1 | S74: 4 | T74: 0 | U74: 1 | V74: 0 | W74: 2 | X74: 2 | Y74: 2 | Z74: 0 | AA74: 1 | AB74: 2 | AC74: 1 | AD74: 1 | AE74: 0 | AF74: 3 | AG74: 2 | AH74: =SUM(E74:AG74) -> 48
B75: 6 | C75: 6. WIWIK PUJIYATI | E75: 1 | F75: 1 | G75: 0 | H75: 2 | I75: 0 | J75: 1 | K75: 3 | L75: 1 | M75: 0 | N75: 1 | O75: 0 | P75: 0 | Q75: 0 | R75: 1 | S75: 0 | T75: 0 | U75: 0 | V75: 0 | W75: 2 | X75: 0 | Y75: 0 | Z75: 1 | AA75: 0 | AB75: 2 | AC75: 2 | AD75: 1 | AE75: 0 | AF75: 0 | AG75: 3 | AH75: =SUM(E75:AG75) -> 22
B76: 7 | C76: 7. CHANDRA ASTAN, S.T. | E76: 3 | F76: 3 | G76: 0 | H76: 2 | I76: 5 | J76: 6 | K76: 2 | L76: 1 | M76: 0 | N76: 1 | O76: 0 | P76: 0 | Q76: 0 | R76: 0 | S76: 0 | T76: 0 | U76: 0 | V76: 0 | W76: 1 | X76: 0 | Y76: 0 | Z76: 0 | AA76: 1 | AB76: 1 | AC76: 5 | AD76: 4 | AE76: 0 | AF76: 0 | AG76: 1 | AH76: =SUM(E76:AG76) -> 36
A79: B | B79: JUMLAH SUARA SAH PARTAI POLITIK DAN CALON (A1 + A2) | E79: =SUM(E69:E78) -> 34 | F79: =SUM(F69:F78) -> 28 | G79: =SUM(G69:G78) -> 19 | H79: =SUM(H69:H78) -> 20 | I79: =SUM(I69:I78) -> 34 | J79: =SUM(J69:J78) -> 27 | K79: =SUM(K69:K78) -> 21 | L79: =SUM(L69:L78) -> 15 | ... AH79: =SUM(AH69:AH78) -> 722
A81: A.1 | B81: 4. | C81: Partai Golongan Karya | E81: 14 | F81: 8 | G81: 7 | H81: 14 | I81: 5 | J81: 5 | K81: 13 | L81: 12 | M81: 1 | N81: 4 | O81: 1 | P81: 7 | Q81: 17 | R81: 7 | S81: 14 | T81: 19 | U81: 1 | V81: 12 | W81: 12 | X81: 14 | Y81: 13 | Z81: 3 | AA81: 12 | AB81: 17 | AC81: 5 | AD81: 5 | AE81: 12 | AF81: 8 | AG81: 13 | AH81: =SUM(E81:AG81) -> 275
A82: A.2 | B82: 1 | C82: 1. ZULFIKAR ARSE SADIKIN, S.I.P., M.Si. | E82: 5 | F82: 11 | G82: 18 | H82: 19 | I82: 9 | J82: 8 | K82: 19 | L82: 6 | M82: 7 | N82: 14 | O82: 8 | P82: 3 | Q82: 11 | R82: 10 | S82: 15 | T82: 41 | U82: 12 | V82: 90 | W82: 113 | X82: 21 | Y82: 14 | Z82: 6 | AA82: 8 | AB82: 28 | AC82: 8 | AD82: 9 | AE82: 15 | AF82: 5 | AG82: 13 | AH82: =SUM(E82:AG82) -> 546
B83: 2 | C83: 2. HANDOKO | E83: 3 | F83: 4 | G83: 6 | H83: 7 | I83: 5 | J83: 2 | K83: 2 | L83: 3 | M83: 1 | N83: 2 | O83: 3 | P83: 1 | Q83: 3 | R83: 2 | S83: 8 | T83: 1 | U83: 3 | V83: 5 | W83: 1 | X83: 2 | Y83: 3 | Z83: 2 | AA83: 1 | AB83: 3 | AC83: 4 | AD83: 2 | AE83: 5 | AF83: 5 | AG83: 3 | AH83: =SUM(E83:AG83) -> 92
B84: 3 | C84: 3. Hj. OVI DEWI YANTI | E84: 0 | F84: 0 | G84: 2 | H84: 3 | I84: 1 | J84: 0 | K84: 0 | L84: 0 | M84: 0 | N84: 0 | O84: 0 | P84: 0 | Q84: 0 | R84: 2 | S84: 1 | T84: 0 | U84: 0 | V84: 1 | W84: 0 | X84: 2 | Y84: 2 | Z84: 0 | AA84: 0 | AB84: 0 | AC84: 0 | AD84: 1 | AE84: 1 | AF84: 0 | AG84: 0 | AH84: =SUM(E84:AG84) -> 16
B85: 4 | C85: 4. Ir. AZAM AZMAN NATAWIJANA | E85: 1 | F85: 1 | G85: 0 | H85: 1 | I85: 0 | J85: 0 | K85: 0 | L85: 1 | M85: 2 | N85: 3 | O85: 1 | P85: 1 | Q85: 2 | R85: 0 | S85: 0 | T85: 0 | U85: 0 | V85: 3 | W85: 1 | X85: 1 | Y85: 1 | Z85: 0 | AA85: 0 | AB85: 0 | AC85: 0 | AD85: 2 | AE85: 1 | AF85: 0 | AG85: 5 | AH85: =SUM(E85:AG85) -> 27
B86: 5 | C86: 5. UBAIDILLAH AMIN, S.Kom. | E86: 0 | F86: 0 | G86: 1 | H86: 1 | I86: 0 | J86: 1 | K86: 0 | L86: 0 | M86: 0 | N86: 0 | O86: 0 | P86: 0 | Q86: 0 | R86: 1 | S86: 0 | T86: 1 | U86: 0 | V86: 1 | W86: 2 | X86: 1 | Y86: 1 | Z86: 0 | AA86: 3 | AB86: 1 | AC86: 2 | AD86: 1 | AE86: 0 | AF86: 0 | AG86: 0 | AH86: =SUM(E86:AG86) -> 17
B87: 6 | C87: 6. DENNY YUNIANDARI, S.H., M.Kn. | E87: 0 | F87: 0 | G87: 2 | H87: 0 | I87: 0 | J87: 0 | K87: 0 | L87: 0 | M87: 0 | N87: 1 | O87: 1 | P87: 0 | Q87: 0 | R87: 0 | S87: 0 | T87: 0 | U87: 0 | V87: 1 | W87: 0 | X87: 1 | Y87: 0 | Z87: 0 | AA87: 0 | AB87: 0 | AC87: 0 | AD87: 0 | AE87: 1 | AF87: 0 | AG87: 0 | AH87: =SUM(E87:AG87) -> 7
B88: 7 | C88: 7. ERNADI, S.H.I. | E88: 0 | F88: 0 | G88: 0 | H88: 0 | I88: 1 | J88: 0 | K88: 0 | L88: 0 | M88: 0 | N88: 0 | O88: 0 | P88: 0 | Q88: 0 | R88: 0 | S88: 0 | T88: 0 | U88: 0 | V88: 0 | W88: 0 | X88: 0 | Y88: 1 | Z88: 0 | AA88: 0 | AB88: 0 | AC88: 0 | AD88: 0 | AE88: 0 | AF88: 0 | AG88: 0 | AH88: =SUM(E88:AG88) -> 2
A91: B | B91: JUMLAH SUARA SAH PARTAI POLITIK DAN CALON (A1 + A2) | E91: =SUM(E81:E90) -> 23 | F91: =SUM(F81:F90) -> 24 | G91: =SUM(G81:G90) -> 36 | H91: =SUM(H81:H90) -> 45 | I91: =SUM(I81:I90) -> 21 | J91: =SUM(J81:J90) -> 16 | K91: =SUM(K81:K90) -> 34 | L91: =SUM(L81:L90) -> 22 | ... AH91: =SUM(AH81:AH90) -> 982
A93: A.1 | B93: 5. | C93: Partai NasDem | E93: 4 | F93: 8 | G93: 0 | H93: 0 | I93: 1 | J93: 1 | K93: 2 | L93: 1 | M93: 0 | N93: 0 | O93: 1 | P93: 0 | Q93: 2 | R93: 0 | S93: 0 | T93: 2 | U93: 1 | V93: 0 | W93: 2 | X93: 1 | Y93: 1 | Z93: 0 | AA93: 1 | AB93: 0 | AC93: 0 | AD93: 0 | AE93: 0 | AF93: 1 | AG93: 2 | AH93: =SUM(E93:AG93) -> 31
A94: A.2 | B94: 1 | C94: 1. ACH. FADIL MUZAKKI SYAH | E94: 0 | F94: 0 | G94: 1 | H94: 0 | I94: 1 | J94: 0 | K94: 0 | L94: 1 | M94: 0 | N94: 0 | O94: 2 | P94: 0 | Q94: 3 | R94: 4 | S94: 0 | T94: 1 | U94: 0 | V94: 0 | W94: 0 | X94: 2 | Y94: 0 | Z94: 0 | AA94: 1 | AB94: 1 | AC94: 0 | AD94: 0 | AE94: 0 | AF94: 1 | AG94: 0 | AH94: =SUM(E94:AG94) -> 18
B95: 2 | C95: 2. BENY | E95: 1 | F95: 0 | G95: 0 | H95: 0 | I95: 1 | J95: 0 | K95: 0 | L95: 0 | M95: 0 | N95: 0 | O95: 0 | P95: 0 | Q95: 0 | R95: 0 | S95: 1 | T95: 0 | U95: 0 | V95: 0 | W95: 0 | X95: 0 | Y95: 0 | Z95: 0 | AA95: 0 | AB95: 0 | AC95: 0 | AD95: 0 | AE95: 0 | AF95: 0 | AG95: 0 | AH95: =SUM(E95:AG95) -> 3
B96: 3 | C96: 3. VINA VERONIKA | E96: 1 | F96: 0 | G96: 0 | H96: 0 | I96: 0 | J96: 0 | K96: 0 | L96: 0 | M96: 0 | N96: 0 | O96: 1 | P96: 0 | Q96: 0 | R96: 1 | S96: 0 | T96: 0 | U96: 0 | V96: 0 | W96: 0 | X96: 0 | Y96: 0 | Z96: 0 | AA96: 0 | AB96: 0 | AC96: 1 | AD96: 0 | AE96: 0 | AF96: 0 | AG96: 1 | AH96: =SUM(E96:AG96) -> 5
B97: 4 | C97: 4. TEDDY ANUGRIANTO | E97: 1 | F97: 2 | G97: 0 | H97: 0 | I97: 2 | J97: 0 | K97: 0 | L97: 0 | M97: 0 | N97: 0 | O97: 1 | P97: 0 | Q97: 0 | R97: 1 | S97: 1 | T97: 0 | U97: 0 | V97: 0 | W97: 1 | X97: 0 | Y97: 1 | Z97: 0 | AA97: 0 | AB97: 0 | AC97: 0 | AD97: 1 | AE97: 0 | AF97: 0 | AG97: 0 | AH97: =SUM(E97:AG97) -> 11
B98: 5 | C98: 5. INSAN KAMIL | E98: 2 | F98: 0 | G98: 0 | H98: 0 | I98: 0 | J98: 0 | K98: 0 | L98: 0 | M98: 0 | N98: 0 | O98: 0 | P98: 0 | Q98: 0 | R98: 0 | S98: 0 | T98: 0 | U98: 0 | V98: 0 | W98: 1 | X98: 0 | Y98: 0 | Z98: 0 | AA98: 0 | AB98: 0 | AC98: 1 | AD98: 0 | AE98: 0 | AF98: 0 | AG98: 0 | AH98: =SUM(E98:AG98) -> 4
B99: 6 | C99: 6. LILIK LINDARWATI | E99: 1 | F99: 0 | G99: 0 | H99: 0 | I99: 0 | J99: 0 | K99: 0 | L99: 0 | M99: 0 | N99: 0 | O99: 0 | P99: 0 | Q99: 1 | R99: 0 | S99: 0 | T99: 0 | U99: 0 | V99: 0 | W99: 0 | X99: 0 | Y99: 0 | Z99: 0 | AA99: 0 | AB99: 0 | AC99: 0 | AD99: 0 | AE99: 0 | AF99: 0 | AG99: 0 | AH99: =SUM(E99:AG99) -> 2
B100: 7 | C100: 7. YULI ANITA | E100: 0 | F100: 0 | G100: 0 | H100: 0 | I100: 0 | J100: 1 | K100: 0 | L100: 0 | M100: 0 | N100: 0 | O100: 0 | P100: 0 | Q100: 0 | R100: 0 | S100: 0 | T100: 0 | U100: 0 | V100: 0 | W100: 0 | X100: 0 | Y100: 0 | Z100: 0 | AA100: 0 | AB100: 0 | AC100: 0 | AD100: 0 | AE100: 0 | AF100: 0 | AG100: 0 | AH100: =SUM(E100:AG100) -> 1
A103: B | B103: JUMLAH SUARA SAH PARTAI POLITIK DAN CALON (A1 + A2) | E103: =SUM(E93:E102) -> 10 | F103: =SUM(F93:F102) -> 10 | G103: =SUM(G93:G102) -> 1 | H103: =SUM(H93:H102) -> 0 | I103: =SUM(I93:I102) -> 5 | J103: =SUM(J93:J102) -> 2 | K103: =SUM(K93:K102) -> 2 | L103: =SUM(L93:L102) -> 2 | ... AH103: =SUM(AH93:AH102) -> 75
A105: A.1 | B105: 6. | C105: Partai Buruh | E105: 0 | F105: 0 | G105: 0 | H105: 0 | I105: 0 | J105: 0 | K105: 0 | L105: 0 | M105: 0 | N105: 0 | O105: 0 | P105: 0 | Q105: 0 | R105: 0 | S105: 0 | T105: 0 | U105: 0 | V105: 0 | W105: 0 | X105: 0 | Y105: 0 | Z105: 0 | AA105: 0 | AB105: 0 | AC105: 0 | AD105: 0 | AE105: 0 | AF105: 0 | AG105: 0 | AH105: =SUM(E105:AG105) -> 0
A106: A.2 | B106: 1 | C106: 1. KHOIRUL ANAM | E106: 0 | F106: 1 | G106: 1 | H106: 0 | I106: 0 | J106: 0 | K106: 0 | L106: 1 | M106: 0 | N106: 0 | O106: 0 | P106: 0 | Q106: 0 | R106: 0 | S106: 2 | T106: 0 | U106: 0 | V106: 0 | W106: 0 | X106: 0 | Y106: 0 | Z106: 2 | AA106: 0 | AB106: 0 | AC106: 0 | AD106: 0 | AE106: 0 | AF106: 0 | AG106: 0 | AH106: =SUM(E106:AG106) -> 7
B107: 2 | C107: 2. INA KURNIA | E107: 0 | F107: 0 | G107: 0 | H107: 0 | I107: 0 | J107: 0 | K107: 0 | L107: 0 | M107: 0 | N107: 0 | O107: 0 | P107: 0 | Q107: 0 | R107: 0 | S107: 0 | T107: 0 | U107: 0 | V107: 0 | W107: 0 | X107: 0 | Y107: 0 | Z107: 0 | AA107: 0 | AB107: 0 | AC107: 1 | AD107: 0 | AE107: 0 | AF107: 0 | AG107: 2 | AH107: =SUM(E107:AG107) -> 3
B108: 3 | C108: 3. JIBRAL TAROUK | E108: 1 | F108: 0 | G108: 0 | H108: 0 | I108: 0 | J108: 0 | K108: 0 | L108: 0 | M108: 0 | N108: 0 | O108: 0 | P108: 0 | Q108: 0 | R108: 0 | S108: 0 | T108: 0 | U108: 0 | V108: 1 | W108: 0 | X108: 0 | Y108: 0 | Z108: 0 | AA108: 0 | AB108: 0 | AC108: 0 | AD108: 0 | AE108: 0 | AF108: 0 | AG108: 0 | AH108: =SUM(E108:AG108) -> 2
B109: 4 | C109: 4. ASTUTI DAENG PUJI | E109: 0 | F109: 0 | G109: 0 | H109: 0 | I109: 0 | J109: 0 | K109: 0 | L109: 0 | M109: 0 | N109: 0 | O109: 0 | P109: 0 | Q109: 0 | R109: 0 | S109: 0 | T109: 0 | U109: 0 | V109: 0 | W109: 0 | X109: 0 | Y109: 0 | Z109: 0 | AA109: 0 | AB109: 0 | AC109: 0 | AD109: 0 | AE109: 0 | AF109: 0 | AG109: 0 | AH109: =SUM(E109:AG109) -> 0
B110: 5 | C110: 5. ASDARMAWAN | E110: 0 | F110: 0 | G110: 0 | H110: 0 | I110: 0 | J110: 0 | K110: 0 | L110: 0 | M110: 0 | N110: 0 | O110: 0 | P110: 0 | Q110: 0 | R110: 0 | S110: 0 | T110: 0 | U110: 0 | V110: 0 | W110: 0 | X110: 0 | Y110: 0 | Z110: 0 | AA110: 0 | AB110: 0 | AC110: 0 | AD110: 0 | AE110: 0 | AF110: 0 | AG110: 0 | AH110: =SUM(E110:AG110) -> 0
B111: 6 | C111: 6. RIFQI MUBAROK | E111: 0 | F111: 0 | G111: 0 | H111: 0 | I111: 0 | J111: 0 | K111: 0 | L111: 0 | M111: 0 | N111: 0 | O111: 0 | P111: 0 | Q111: 0 | R111: 0 | S111: 0 | T111: 0 | U111: 0 | V111: 0 | W111: 0 | X111: 0 | Y111: 0 | Z111: 0 | AA111: 0 | AB111: 0 | AC111: 0 | AD111: 0 | AE111: 0 | AF111: 0 | AG111: 0 | AH111: =SUM(E111:AG111) -> 0
B112: 7 | C112: 7. FIRNANDA ALTA MEGA | E112: 0 | F112: 0 | G112: 0 | H112: 0 | I112: 0 | J112: 0 | K112: 0 | L112: 0 | M112: 0 | N112: 0 | O112: 1 | P112: 0 | Q112: 0 | R112: 0 | S112: 0 | T112: 0 | U112: 0 | V112: 0 | W112: 0 | X112: 0 | Y112: 0 | Z112: 0 | AA112: 0 | AB112: 0 | AC112: 0 | AD112: 0 | AE112: 0 | AF112: 0 | AG112: 0 | AH112: =SUM(E112:AG112) -> 1
A115: B | B115: JUMLAH SUARA SAH PARTAI POLITIK DAN CALON (A1 + A2) | E115: =SUM(E105:E114) -> 1 | F115: =SUM(F105:F114) -> 1 | G115: =SUM(G105:G114) -> 1 | H115: =SUM(H105:H114) -> 0 | I115: =SUM(I105:I114) -> 0 | J115: =SUM(J105:J114) -> 0 | K115: =SUM(K105:K114) -> 0 | L115: =SUM(L105:L114) -> 1 | ... AH115: =SUM(AH105:AH114) -> 13
A117: A.1 | B117: 7. | C117: Partai Gelombang Rakyat Indonesia | E117: 3 | F117: 0 | G117: 1 | H117: 1 | I117: 1 | J117: 0 | K117: 1 | L117: 2 | M117: 0 | N117: 1 | O117: 3 | P117: 2 | Q117: 0 | R117: 0 | S117: 1 | T117: 0 | U117: 0 | V117: 2 | W117: 2 | X117: 0 | Y117: 1 | Z117: 4 | AA117: 1 | AB117: 1 | AC117: 2 | AD117: 4 | AE117: 0 | AF117: 0 | AG117: 1 | AH117: =SUM(E117:AG117) -> 34
A118: A.2 | B118: 1 | C118: 1. TITI WIDORETNO WARISMAN | E118: 0 | F118: 0 | G118: 0 | H118: 0 | I118: 0 | J118: 0 | K118: 0 | L118: 1 | M118: 0 | N118: 0 | O118: 0 | P118: 0 | Q118: 0 | R118: 0 | S118: 0 | T118: 0 | U118: 0 | V118: 0 | W118: 1 | X118: 0 | Y118: 0 | Z118: 1 | AA118: 0 | AB118: 0 | AC118: 0 | AD118: 0 | AE118: 0 | AF118: 0 | AG118: 0 | AH118: =SUM(E118:AG118) -> 3
B119: 2 | C119: 2. MAMIEK SETYANINGSIH | E119: 0 | F119: 0 | G119: 0 | H119: 0 | I119: 0 | J119: 0 | K119: 0 | L119: 0 | M119: 0 | N119: 1 | O119: 0 | P119: 0 | Q119: 0 | R119: 0 | S119: 0 | T119: 0 | U119: 0 | V119: 0 | W119: 0 | X119: 0 | Y119: 0 | Z119: 0 | AA119: 0 | AB119: 0 | AC119: 0 | AD119: 0 | AE119: 0 | AF119: 0 | AG119: 0 | AH119: =SUM(E119:AG119) -> 1
B120: 3 | C120: 3. ROMIL AZIZEN | E120: 0 | F120: 0 | G120: 0 | H120: 0 | I120: 0 | J120: 0 | K120: 0 | L120: 0 | M120: 0 | N120: 0 | O120: 0 | P120: 0 | Q120: 0 | R120: 0 | S120: 0 | T120: 0 | U120: 0 | V120: 0 | W120: 0 | X120: 0 | Y120: 0 | Z120: 0 | AA120: 0 | AB120: 0 | AC120: 0 | AD120: 0 | AE120: 0 | AF120: 0 | AG120: 0 | AH120: =SUM(E120:AG120) -> 0
A127: B | B127: JUMLAH SUARA SAH PARTAI POLITIK DAN CALON (A1 + A2) | E127: =SUM(E117:E126) -> 3 | F127: =SUM(F117:F126) -> 0 | G127: =SUM(G117:G126) -> 1 | H127: =SUM(H117:H126) -> 1 | I127: =SUM(I117:I126) -> 1 | J127: =SUM(J117:J126) -> 0 | K127: =SUM(K117:K126) -> 1 | L127: =SUM(L117:L126) -> 3 | ... AH127: =SUM(AH117:AH126) -> 38
A129: A.1 | B129: 8. | C129: Partai Keadilan Sejahtera | E129: 0 | F129: 0 | G129: 0 | H129: 1 | I129: 1 | J129: 0 | K129: 2 | L129: 0 | M129: 0 | N129: 0 | O129: 0 | P129: 0 | Q129: 0 | R129: 0 | S129: 0 | T129: 1 | U129: 0 | V129: 0 | W129: 0 | X129: 0 | Y129: 1 | Z129: 0 | AA129: 0 | AB129: 1 | AC129: 0 | AD129: 2 | AE129: 0 | AF129: 0 | AG129: 3 | AH129: =SUM(E129:AG129) -> 12
A130: A.2 | B130: 1 | C130: 1. H. SAIMI SALEH, S.E., M.M. | E130: 0 | F130: 3 | G130: 0 | H130: 3 | I130: 1 | J130: 0 | K130: 0 | L130: 0 | M130: 0 | N130: 1 | O130: 0 | P130: 0 | Q130: 0 | R130: 0 | S130: 1 | T130: 0 | U130: 0 | V130: 0 | W130: 0 | X130: 2 | Y130: 7 | Z130: 1 | AA130: 0 | AB130: 0 | AC130: 3 | AD130: 1 | AE130: 1 | AF130: 0 | AG130: 0 | AH130: =SUM(E130:AG130) -> 24
B131: 2 | C131: 2. Prof. Dr. H. EGGI SUDJANA, S.H., M.Si. | E131: 0 | F131: 0 | G131: 0 | H131: 2 | I131: 0 | J131: 0 | K131: 0 | L131: 0 | M131: 0 | N131: 0 | O131: 0 | P131: 0 | Q131: 1 | R131: 0 | S131: 0 | T131: 0 | U131: 0 | V131: 0 | W131: 1 | X131: 0 | Y131: 0 | Z131: 0 | AA131: 0 | AB131: 0 | AC131: 2 | AD131: 1 | AE131: 0 | AF131: 0 | AG131: 0 | AH131: =SUM(E131:AG131) -> 7
B132: 3 | C132: 3. NURUL KHOTIMAH | E132: 0 | F132: 0 | G132: 0 | H132: 0 | I132: 0 | J132: 0 | K132: 0 | L132: 0 | M132: 0 | N132: 0 | O132: 0 | P132: 0 | Q132: 0 | R132: 0 | S132: 0 | T132: 0 | U132: 0 | V132: 0 | W132: 0 | X132: 0 | Y132: 0 | Z132: 1 | AA132: 0 | AB132: 0 | AC132: 0 | AD132: 0 | AE132: 0 | AF132: 0 | AG132: 0 | AH132: =SUM(E132:AG132) -> 1
B133: 4 | C133: 4. AKHMAD SUYANTO, S.T., M.T. | E133: 0 | F133: 0 | G133: 0 | H133: 1 | I133: 0 | J133: 0 | K133: 0 | L133: 0 | M133: 0 | N133: 0 | O133: 0 | P133: 0 | Q133: 0 | R133: 0 | S133: 0 | T133: 0 | U133: 0 | V133: 0 | W133: 0 | X133: 0 | Y133: 1 | Z133: 0 | AA133: 0 | AB133: 0 | AC133: 0 | AD133: 0 | AE133: 0 | AF133: 0 | AG133: 1 | AH133: =SUM(E133:AG133) -> 3
B134: 5 | C134: 5. PUJIYATNI | E134: 0 | F134: 0 | G134: 0 | H134: 0 | I134: 0 | J134: 0 | K134: 0 | L134: 0 | M134: 0 | N134: 0 | O134: 0 | P134: 0 | Q134: 0 | R134: 0 | S134: 0 | T134: 0 | U134: 0 | V134: 0 | W134: 0 | X134: 0 | Y134: 1 | Z134: 0 | AA134: 0 | AB134: 0 | AC134: 2 | AD134: 0 | AE134: 0 | AF134: 0 | AG134: 0 | AH134: =SUM(E134:AG134) -> 3
B135: 6 | C135: 6. HENI PURWATININGSIH | E135: 0 | F135: 0 | G135: 0 | H135: 0 | I135: 0 | J135: 0 | K135: 0 | L135: 0 | M135: 0 | N135: 0 | O135: 0 | P135: 0 | Q135: 0 | R135: 0 | S135: 0 | T135: 0 | U135: 0 | V135: 0 | W135: 0 | X135: 0 | Y135: 0 | Z135: 0 | AA135: 0 | AB135: 0 | AC135: 1 | AD135: 0 | AE135: 0 | AF135: 0 | AG135: 0 | AH135: =SUM(E135:AG135) -> 1
B136: 7 | C136: 7. MUHADI | E136: 1 | F136: 0 | G136: 0 | H136: 0 | I136: 0 | J136: 0 | K136: 0 | L136: 0 | M136: 0 | N136: 0 | O136: 0 | P136: 0 | Q136: 0 | R136: 0 | S136: 0 | T136: 0 | U136: 0 | V136: 0 | W136: 0 | X136: 0 | Y136: 0 | Z136: 0 | AA136: 0 | AB136: 0 | AC136: 0 | AD136: 0 | AE136: 0 | AF136: 0 | AG136: 0 | AH136: =SUM(E136:AG136) -> 1
...

Sheet RINGINTELU
C2: Kecamatan | D2: BANGOREJO
C3: Kabupaten | D3: BANYUWANGI
C4: Provinsi | D4: JAWA TIMUR
C9: Kelurahan | D9: RINGINTELU
A12: I | B12: DATA PEMILIH DAN PENGGUNAAN HAK PILIH | Z12: JUMLAH AKHIR
A13: A | B13: DATA PEMILIH | E13: TPS 001 | F13: TPS 002 | G13: TPS 003 | H13: TPS 004 | I13: TPS 005 | J13: TPS 006 | K13: TPS 007 | L13: TPS 008 | M13: TPS 009 | N13: TPS 010 | O13: TPS 011 | P13: TPS 012 | Q13: TPS 013 | R13: TPS 014 | S13: TPS 015 | T13: TPS 016 | U13: TPS 017 | V13: TPS 018 | W13: TPS 019 | X13: TPS 020 | Y13: TPS 021
B14: Jumlah Pemilih dalam Daftar Pemilih Tetap (DPT) | D14: LK | E14: 140 | F14: 148 | G14: 109 | H14: 139 | I14: 147 | J14: 152 | K14: 104 | L14: 135 | M14: 146 | N14: 145 | O14: 142 | P14: 146 | Q14: 154 | R14: 141 | S14: 145 | T14: 97 | U14: 136 | V14: 144 | W14: 136 | X14: 134 | Y14: 135 | Z14: =SUM(E14:Y14) -> 2875
D15: PR | E15: 133 | F15: 125 | G15: 118 | H15: 152 | I15: 139 | J15: 142 | K15: 104 | L15: 141 | M15: 134 | N15: 132 | O15: 132 | P15: 137 | Q15: 135 | R15: 140 | S15: 143 | T15: 100 | U15: 143 | V15: 131 | W15: 123 | X15: 148 | Y15: 149 | Z15: =SUM(E15:Y15) -> 2801
D16: JML | E16: =SUM(E14:E15) -> 273 | F16: =SUM(F14:F15) -> 273 | G16: =SUM(G14:G15) -> 227 | H16: =SUM(H14:H15) -> 291 | I16: =SUM(I14:I15) -> 286 | J16: =SUM(J14:J15) -> 294 | K16: =SUM(K14:K15) -> 208 | L16: =SUM(L14:L15) -> 276 | ... Y16: =SUM(Y14:Y15) -> 284 | Z16: =SUM(E16:Y16) -> 5676
A18: B | B18: PENGGUNA HAK PILIH
B19: 1. | C19: Jumlah pengguna hak pilih dalam Daftar Pemilih Tetap (DPT) | D19: LK | E19: 98 | F19: 103 | G19: 75 | H19: 123 | I19: 98 | J19: 116 | K19: 70 | L19: 99 | M19: 97 | N19: 106 | O19: 101 | P19: 108 | Q19: 107 | R19: 108 | S19: 106 | T19: 68 | U19: 97 | V19: 101 | W19: 94 | X19: 91 | Y19: 97 | Z19: =SUM(E19:Y19) -> 2063
D20: PR | E20: 102 | F20: 79 | G20: 82 | H20: 108 | I20: 102 | J20: 109 | K20: 78 | L20: 107 | M20: 103 | N20: 88 | O20: 108 | P20: 120 | Q20: 102 | R20: 109 | S20: 115 | T20: 71 | U20: 101 | V20: 96 | W20: 102 | X20: 110 | Y20: 106 | Z20: =SUM(E20:Y20) -> 2098
D21: JML | E21: =SUM(E19:E20) -> 200 | F21: =SUM(F19:F20) -> 182 | G21: =SUM(G19:G20) -> 157 | H21: =SUM(H19:H20) -> 231 | I21: =SUM(I19:I20) -> 200 | J21: =SUM(J19:J20) -> 225 | K21: =SUM(K19:K20) -> 148 | L21: =SUM(L19:L20) -> 206 | ... Y21: =SUM(Y19:Y20) -> 203 | Z21: =SUM(E21:Y21) -> 4161
B22: 2. | C22: Jumlah pengguna hak pilih dalam Daftar Pemilih Tambahan (DPTb) | D22: LK | E22: 0 | F22: 0 | G22: 0 | H22: 0 | I22: 0 | J22: 0 | K22: 1 | L22: 0 | M22: 0 | N22: 0 | O22: 0 | P22: 0 | Q22: 0 | R22: 0 | S22: 0 | Z22: =SUM(E22:Y22) -> 1
D23: PR | E23: 0 | F23: 0 | G23: 0 | H23: 0 | I23: 1 | J23: 0 | K23: 0 | L23: 0 | M23: 0 | N23: 0 | O23: 0 | P23: 0 | Q23: 0 | R23: 0 | S23: 0 | Z23: =SUM(E23:Y23) -> 1
D24: JML | E24: =SUM(E22:E23) -> 0 | F24: =SUM(F22:F23) -> 0 | G24: =SUM(G22:G23) -> 0 | H24: =SUM(H22:H23) -> 0 | I24: =SUM(I22:I23) -> 1 | J24: =SUM(J22:J23) -> 0 | K24: =SUM(K22:K23) -> 1 | L24: =SUM(L22:L23) -> 0 | ... Y24: =SUM(Y22:Y23) -> 0 | Z24: =SUM(E24:Y24) -> 2
B25: 3. | C25: Jumlah pengguna hak pilih dalam Daftar Pemilih Khusus (DPK) | D25: LK | E25: 0 | F25: 0 | G25: 1 | H25: 0 | I25: 1 | J25: 1 | K25: 0 | L25: 0 | M25: 0 | N25: 0 | O25: 1 | P25: 0 | Q25: 0 | R25: 2 | S25: 1 | T25: 0 | U25: 3 | V25: 0 | W25: 1 | X25: 3 | Y25: 0 | Z25: =SUM(E25:Y25) -> 14
D26: PR | E26: 0 | F26: 0 | G26: 0 | H26: 0 | I26: 0 | J26: 3 | K26: 1 | L26: 0 | M26: 0 | N26: 1 | O26: 0 | P26: 0 | Q26: 0 | R26: 2 | S26: 1 | T26: 0 | U26: 1 | V26: 0 | W26: 0 | X26: 1 | Y26: 0 | Z26: =SUM(E26:Y26) -> 10
D27: JML | E27: =SUM(E25:E26) -> 0 | F27: =SUM(F25:F26) -> 0 | G27: =SUM(G25:G26) -> 1 | H27: =SUM(H25:H26) -> 0 | I27: =SUM(I25:I26) -> 1 | J27: =SUM(J25:J26) -> 4 | K27: =SUM(K25:K26) -> 1 | L27: =SUM(L25:L26) -> 0 | ... Y27: =SUM(Y25:Y26) -> 0 | Z27: =SUM(E27:Y27) -> 24
B28: 4. | C28: Jumlah Pengguna Hak Pilih (B.1+B.2+B.3) | D28: LK | E28: =SUM(E19,E22,E25) -> 98 | F28: =SUM(F19,F22,F25) -> 103 | G28: =SUM(G19,G22,G25) -> 76 | H28: =SUM(H19,H22,H25) -> 123 | I28: =SUM(I19,I22,I25) -> 99 | J28: =SUM(J19,J22,J25) -> 117 | K28: =SUM(K19,K22,K25) -> 71 | L28: =SUM(L19,L22,L25) -> 99 | ... Y28: =SUM(Y19,Y22,Y25) -> 97 | Z28: =SUM(E28:Y28) -> 2078
D29: PR | E29: =SUM(E20,E23,E26) -> 102 | F29: =SUM(F20,F23,F26) -> 79 | G29: =SUM(G20,G23,G26) -> 82 | H29: =SUM(H20,H23,H26) -> 108 | I29: =SUM(I20,I23,I26) -> 103 | J29: =SUM(J20,J23,J26) -> 112 | K29: =SUM(K20,K23,K26) -> 79 | L29: =SUM(L20,L23,L26) -> 107 | ... Y29: =SUM(Y20,Y23,Y26) -> 106 | Z29: =SUM(E29:Y29) -> 2109
D30: JML | E30: =SUM(E28:E29) -> 200 | F30: =SUM(F28:F29) -> 182 | G30: =SUM(G28:G29) -> 158 | H30: =SUM(H28:H29) -> 231 | I30: =SUM(I28:I29) -> 202 | J30: =SUM(J28:J29) -> 229 | K30: =SUM(K28:K29) -> 150 | L30: =SUM(L28:L29) -> 206 | ... Y30: =SUM(Y28:Y29) -> 203 | Z30: =SUM(E30:Y30) -> 4187
A32: II | B32: DATA PENGGUNAAN SURAT SUARA
A33: 1 | B33: Jumlah surat suara yang diterima, termasuk surat suara cadangan 2,5% dari DPT | E33: 279 | F33: 279 | G33: 232 | H33: 297 | I33: 272 | J33: 300 | K33: 213 | L33: 282 | M33: 286 | N33: 283 | O33: 280 | P33: 289 | Q33: 285 | R33: 287 | S33: 294 | T33: 201 | U33: 284 | V33: 281 | W33: 265 | X33: 288 | Y33: 300 | Z33: =SUM(E33:Y33) -> 5777
A34: 2 | B34: Jumlah surat suara yang digunakan | E34: 200 | F34: 182 | G34: 158 | H34: 231 | I34: 202 | J34: 229 | K34: 150 | L34: 206 | M34: 200 | N34: 195 | O34: 210 | P34: 228 | Q34: 209 | R34: 221 | S34: 223 | T34: 139 | U34: 202 | V34: 197 | W34: 197 | X34: 205 | Y34: 203 | Z34: =SUM(E34:Y34) -> 4187
A35: 3 | B35: Jumlah surat suara dikembalikan oleh pemilih (karena rusak atau keliru coblos) | E35: 0 | F35: 0 | G35: 0 | H35: 0 | I35: 0 | J35: 1 | K35: 0 | L35: 0 | M35: 0 | N35: 0 | O35: 1 | P35: 0 | Q35: 0 | R35: 0 | S35: 4 | T35: 1 | U35: 6 | V35: 1 | W35: 0 | X35: 0 | Y35: 0 | Z35: =SUM(E35:Y35) -> 14
A36: 4 | B36: Jumlah surat suara yang tidak digunakan/tidak terpakai, termasuk sisa surat suara cadangan | E36: =E33-(E34+E35) -> 79 | F36: =F33-(F34+F35) -> 97 | G36: =G33-(G34+G35) -> 74 | H36: =H33-(H34+H35) -> 66 | I36: =I33-(I34+I35) -> 70 | J36: =J33-(J34+J35) -> 70 | K36: =K33-(K34+K35) -> 63 | L36: =L33-(L34+L35) -> 76 | ... Y36: =Y33-(Y34+Y35) -> 97 | Z36: =SUM(E36:Y36) -> 1576
A38: III | B38: DATA PEMILIH DISABILITAS
B39: Jumlah seluruh Pemilih disabilitas yang menggunakan hak pilih | D39: LK | E39: 0 | F39: 0 | G39: 0 | H39: 0 | I39: 0 | J39: 0 | K39: 0 | L39: 0 | M39: 1 | N39: 0 | O39: 0 | P39: 0 | Q39: 0 | R39: 0 | S39: 0 | T39: 0 | U39: 0 | V39: 2 | W39: 0 | X39: 0 | Y39: 0 | Z39: =SUM(E39:Y39) -> 3
D40: PR | E40: 1 | F40: 0 | G40: 0 | H40: 0 | I40: 0 | J40: 1 | K40: 0 | L40: 0 | M40: 0 | N40: 0 | O40: 0 | P40: 0 | Q40: 0 | R40: 0 | S40: 0 | T40: 0 | U40: 0 | V40: 0 | W40: 0 | X40: 0 | Y40: 0 | Z40: =SUM(E40:Y40) -> 2
D41: JML | E41: =SUM(E39:E40) -> 1 | F41: =SUM(F39:F40) -> 0 | G41: =SUM(G39:G40) -> 0 | H41: =SUM(H39:H40) -> 0 | I41: =SUM(I39:I40) -> 0 | J41: =SUM(J39:J40) -> 1 | K41: =SUM(K39:K40) -> 0 | L41: =SUM(L39:L40) -> 0 | ... Y41: =SUM(Y39:Y40) -> 0 | Z41: =SUM(E41:Y41) -> 5
A43: IV | B43: DATA RINCIAN PEROLEHAN SUARA PASANGAN CALON BUPATI DAN WAKIL BUPATI
A44: NOMOR DAN NAMA CALON
A45: A.1 | B45: 1. | C45: Partai Kebangkitan Bangsa | E45: 0 | F45: 2 | G45: 3 | H45: 9 | I45: 11 | J45: 4 | K45: 5 | L45: 2 | M45: 12 | N45: 13 | O45: 18 | P45: 9 | Q45: 1 | R45: 5 | S45: 10 | T45: 1 | U45: 7 | V45: 6 | W45: 9 | X45: 4 | Y45: 4 | Z45: =SUM(E45:Y45) -> 135
A46: A.2 | B46: 1 | C46: 1. Dr. Hj. NIHAYATUL WAFIROH, M.A. | E46: 26 | F46: 6 | G46: 10 | H46: 36 | I46: 42 | J46: 37 | K46: 11 | L46: 6 | M46: 22 | N46: 20 | O46: 52 | P46: 16 | Q46: 6 | R46: 7 | S46: 28 | T46: 4 | U46: 12 | V46: 10 | W46: 6 | X46: 6 | Y46: 18 | Z46: =SUM(E46:Y46) -> 381
B47: 2 | C47: 2. H. M. NASIM KHAN | E47: 3 | F47: 3 | G47: 6 | H47: 5 | I47: 1 | J47: 3 | K47: 1 | L47: 30 | M47: 5 | N47: 13 | O47: 2 | P47: 15 | Q47: 7 | R47: 4 | S47: 0 | T47: 1 | U47: 0 | V47: 2 | W47: 3 | X47: 0 | Y47: 2 | Z47: =SUM(E47:Y47) -> 106
B48: 3 | C48: 3. Dr. H. AKIK ZAMAN, M.Pd.I. | E48: 0 | F48: 0 | G48: 0 | H48: 1 | I48: 1 | J48: 1 | K48: 2 | L48: 1 | M48: 1 | N48: 0 | O48: 2 | P48: 1 | Q48: 0 | R48: 0 | S48: 1 | T48: 1 | U48: 0 | V48: 2 | W48: 0 | X48: 0 | Y48: 0 | Z48: =SUM(E48:Y48) -> 14
B49: 4 | C49: 4. AHMAD RIFA'I, S.H. | E49: 1 | F49: 1 | G49: 2 | H49: 1 | I49: 2 | J49: 1 | K49: 0 | L49: 8 | M49: 0 | N49: 3 | O49: 2 | P49: 2 | Q49: 2 | R49: 0 | S49: 0 | T49: 0 | U49: 2 | V49: 2 | W49: 0 | X49: 0 | Y49: 1 | Z49: =SUM(E49:Y49) -> 30
B50: 5 | C50: 5. Drs. H. MAHFUD M.N. | E50: 1 | F50: 0 | G50: 0 | H50: 0 | I50: 0 | J50: 1 | K50: 0 | L50: 1 | M50: 1 | N50: 0 | O50: 3 | P50: 1 | Q50: 0 | R50: 1 | S50: 1 | T50: 0 | U50: 1 | V50: 0 | W50: 1 | X50: 0 | Y50: 0 | Z50: =SUM(E50:Y50) -> 12
B51: 6 | C51: 6. NURHAYATI, S.Pd. | E51: 0 | F51: 1 | G51: 1 | H51: 1 | I51: 1 | J51: 0 | K51: 1 | L51: 0 | M51: 0 | N51: 2 | O51: 0 | P51: 0 | Q51: 1 | R51: 1 | S51: 1 | T51: 0 | U51: 0 | V51: 0 | W51: 1 | X51: 0 | Y51: 0 | Z51: =SUM(E51:Y51) -> 11
B52: 7 | C52: 7. MAFTUHA KISWAH | E52: 0 | F52: 3 | G52: 0 | H52: 1 | I52: 0 | J52: 0 | K52: 2 | L52: 2 | M52: 1 | N52: 2 | O52: 0 | P52: 0 | Q52: 0 | R52: 0 | S52: 0 | T52: 0 | U52: 0 | V52: 0 | W52: 0 | X52: 0 | Y52: 0 | Z52: =SUM(E52:Y52) -> 11
A55: B | B55: JUMLAH SUARA SAH PARTAI POLITIK DAN CALON (A1 + A2) | E55: =SUM(E45:E54) -> 31 | F55: =SUM(F45:F54) -> 16 | G55: =SUM(G45:G54) -> 22 | H55: =SUM(H45:H54) -> 54 | I55: =SUM(I45:I54) -> 58 | J55: =SUM(J45:J54) -> 47 | K55: =SUM(K45:K54) -> 22 | L55: =SUM(L45:L54) -> 50 | ... Z55: =SUM(Z45:Z54) -> 700
A57: A.1 | B57: 2. | C57: Partai Gerakan Indonesia Raya | E57: 5 | F57: 10 | G57: 8 | H57: 10 | I57: 14 | J57: 9 | K57: 9 | L57: 8 | M57: 5 | N57: 10 | O57: 9 | P57: 8 | Q57: 9 | R57: 7 | S57: 3 | T57: 16 | U57: 22 | V57: 19 | W57: 15 | X57: 13 | Y57: 23 | Z57: =SUM(E57:Y57) -> 232
A58: A.2 | B58: 1 | C58: 1. SUMAIL ABDULLAH | E58: 3 | F58: 5 | G58: 4 | H58: 11 | I58: 14 | J58: 16 | K58: 2 | L58: 7 | M58: 1 | N58: 8 | O58: 4 | P58: 11 | Q58: 5 | R58: 7 | S58: 10 | T58: 5 | U58: 25 | V58: 11 | W58: 23 | X58: 12 | Y58: 28 | Z58: =SUM(E58:Y58) -> 212
B59: 2 | C59: 2. MUHAMMAD ALI ADRIAN SALEH | E59: 2 | F59: 3 | G59: 6 | H59: 10 | I59: 4 | J59: 1 | K59: 3 | L59: 3 | M59: 8 | N59: 1 | O59: 4 | P59: 7 | Q59: 4 | R59: 4 | S59: 3 | T59: 3 | U59: 8 | V59: 6 | W59: 9 | X59: 3 | Y59: 10 | Z59: =SUM(E59:Y59) -> 102
B60: 3 | C60: 3. DURROTUN NAFISAH | E60: 1 | F60: 0 | G60: 1 | H60: 5 | I60: 1 | J60: 3 | K60: 0 | L60: 0 | M60: 1 | N60: 0 | O60: 2 | P60: 1 | Q60: 0 | R60: 2 | S60: 1 | T60: 4 | U60: 3 | V60: 4 | W60: 1 | X60: 0 | Y60: 1 | Z60: =SUM(E60:Y60) -> 31
B61: 4 | C61: 4. H. EKO SUSILO NURHIDAYAT | E61: 0 | F61: 3 | G61: 0 | H61: 3 | I61: 0 | J61: 2 | K61: 0 | L61: 1 | M61: 1 | N61: 4 | O61: 3 | P61: 3 | Q61: 4 | R61: 2 | S61: 2 | T61: 1 | U61: 3 | V61: 1 | W61: 0 | X61: 1 | Y61: 1 | Z61: =SUM(E61:Y61) -> 35
B62: 5 | C62: 5. KARNADI HARIJANTO, S.S. | E62: 1 | F62: 0 | G62: 0 | H62: 1 | I62: 1 | J62: 1 | K62: 1 | L62: 1 | M62: 0 | N62: 1 | O62: 0 | P62: 0 | Q62: 0 | R62: 3 | S62: 0 | T62: 0 | U62: 0 | V62: 0 | W62: 1 | X62: 0 | Y62: 0 | Z62: =SUM(E62:Y62) -> 11
B63: 6 | C63: 6. NURHAYATI | E63: 2 | F63: 2 | G63: 1 | H63: 2 | I63: 0 | J63: 1 | K63: 0 | L63: 1 | M63: 0 | N63: 1 | O63: 0 | P63: 2 | Q63: 4 | R63: 6 | S63: 2 | T63: 1 | U63: 4 | V63: 3 | W63: 2 | X63: 0 | Y63: 3 | Z63: =SUM(E63:Y63) -> 37
B64: 7 | C64: 7. MASHUDI | E64: 0 | F64: 1 | G64: 0 | H64: 1 | I64: 1 | J64: 0 | K64: 0 | L64: 0 | M64: 0 | N64: 0 | O64: 1 | P64: 0 | Q64: 0 | R64: 0 | S64: 3 | T64: 1 | U64: 1 | V64: 1 | W64: 1 | X64: 1 | Y64: 0 | Z64: =SUM(E64:Y64) -> 12
A67: B | B67: JUMLAH SUARA SAH PARTAI POLITIK DAN CALON (A1 + A2) | E67: =SUM(E57:E66) -> 14 | F67: =SUM(F57:F66) -> 24 | G67: =SUM(G57:G66) -> 20 | H67: =SUM(H57:H66) -> 43 | I67: =SUM(I57:I66) -> 35 | J67: =SUM(J57:J66) -> 33 | K67: =SUM(K57:K66) -> 15 | L67: =SUM(L57:L66) -> 21 | ... Z67: =SUM(Z57:Z66) -> 672
A69: A.1 | B69: 3. | C69: Partai Demokrasi Indonesia Perjuangan | E69: 14 | F69: 9 | G69: 2 | H69: 8 | I69: 1 | J69: 7 | K69: 5 | L69: 9 | M69: 6 | N69: 4 | O69: 10 | P69: 5 | Q69: 2 | R69: 7 | S69: 7 | T69: 17 | U69: 14 | V69: 19 | W69: 12 | X69: 13 | Y69: 8 | Z69: =SUM(E69:Y69) -> 179
A70: A.2 | B70: 1 | C70: 1. SONNY TRI DANAPARAMITA, S.H., M.H. | E70: 7 | F70: 4 | G70: 4 | H70: 8 | I70: 1 | J70: 6 | K70: 2 | L70: 7 | M70: 4 | N70: 7 | O70: 4 | P70: 4 | Q70: 2 | R70: 5 | S70: 11 | T70: 7 | U70: 12 | V70: 10 | W70: 3 | X70: 13 | Y70: 4 | Z70: =SUM(E70:Y70) -> 125
B71: 2 | C71: 2. H. MOHAMAD GUNTUR ROMLI | E71: 3 | F71: 3 | G71: 2 | H71: 5 | I71: 1 | J71: 0 | K71: 1 | L71: 1 | M71: 2 | N71: 3 | O71: 6 | P71: 2 | Q71: 5 | R71: 8 | S71: 2 | T71: 2 | U71: 3 | V71: 8 | W71: 2 | X71: 7 | Y71: 4 | Z71: =SUM(E71:Y71) -> 70
B72: 3 | C72: 3. INA AMMANIA | E72: 1 | F72: 5 | G72: 3 | H72: 1 | I72: 14 | J72: 34 | K72: 10 | L72: 11 | M72: 13 | N72: 3 | O72: 1 | P72: 4 | Q72: 8 | R72: 6 | S72: 1 | T72: 1 | U72: 3 | V72: 7 | W72: 4 | X72: 3 | Y72: 1 | Z72: =SUM(E72:Y72) -> 134
B73: 4 | C73: 4. IRWAN BACHTIAR RACHMAT, M.Si. | E73: 0 | F73: 0 | G73: 0 | H73: 2 | I73: 2 | J73: 0 | K73: 0 | L73: 0 | M73: 0 | N73: 1 | O73: 0 | P73: 1 | Q73: 0 | R73: 0 | S73: 1 | T73: 0 | U73: 2 | V73: 1 | W73: 2 | X73: 0 | Y73: 0 | Z73: =SUM(E73:Y73) -> 12
B74: 5 | C74: 5. LUCKY PERDANA | E74: 1 | F74: 5 | G74: 1 | H74: 2 | I74: 1 | J74: 4 | K74: 2 | L74: 2 | M74: 4 | N74: 4 | O74: 2 | P74: 3 | Q74: 0 | R74: 2 | S74: 3 | T74: 3 | U74: 4 | V74: 4 | W74: 1 | X74: 3 | Y74: 7 | Z74: =SUM(E74:Y74) -> 58
B75: 6 | C75: 6. WIWIK PUJIYATI | E75: 0 | F75: 1 | G75: 3 | H75: 2 | I75: 0 | J75: 0 | K75: 1 | L75: 0 | M75: 0 | N75: 4 | O75: 1 | P75: 1 | Q75: 2 | R75: 2 | S75: 3 | T75: 1 | U75: 1 | V75: 1 | W75: 0 | X75: 6 | Y75: 0 | Z75: =SUM(E75:Y75) -> 29
B76: 7 | C76: 7. CHANDRA ASTAN, S.T. | E76: 4 | F76: 0 | G76: 3 | H76: 6 | I76: 1 | J76: 3 | K76: 1 | L76: 8 | M76: 1 | N76: 0 | O76: 0 | P76: 2 | Q76: 7 | R76: 2 | S76: 1 | T76: 0 | U76: 1 | V76: 2 | W76: 0 | X76: 7 | Y76: 2 | Z76: =SUM(E76:Y76) -> 51
A79: B | B79: JUMLAH SUARA SAH PARTAI POLITIK DAN CALON (A1 + A2) | E79: =SUM(E69:E78) -> 30 | F79: =SUM(F69:F78) -> 27 | G79: =SUM(G69:G78) -> 18 | H79: =SUM(H69:H78) -> 34 | I79: =SUM(I69:I78) -> 21 | J79: =SUM(J69:J78) -> 54 | K79: =SUM(K69:K78) -> 22 | L79: =SUM(L69:L78) -> 38 | ... Z79: =SUM(Z69:Z78) -> 658
A81: A.1 | B81: 4. | C81: Partai Golongan Karya | E81: 10 | F81: 5 | G81: 10 | H81: 5 | I81: 5 | J81: 7 | K81: 7 | L81: 3 | M81: 3 | N81: 1 | O81: 5 | P81: 2 | Q81: 9 | R81: 2 | S81: 9 | T81: 6 | U81: 1 | V81: 5 | W81: 9 | X81: 9 | Y81: 14 | Z81: =SUM(E81:Y81) -> 127
A82: A.2 | B82: 1 | C82: 1. ZULFIKAR ARSE SADIKIN, S.I.P., M.Si. | E82: 18 | F82: 13 | G82: 4 | H82: 2 | I82: 9 | J82: 4 | K82: 7 | L82: 2 | M82: 2 | N82: 2 | O82: 20 | P82: 6 | Q82: 29 | R82: 20 | S82: 73 | T82: 5 | U82: 4 | V82: 2 | W82: 17 | X82: 24 | Y82: 14 | Z82: =SUM(E82:Y82) -> 277
B83: 2 | C83: 2. HANDOKO | E83: 11 | F83: 2 | G83: 3 | H83: 2 | I83: 2 | J83: 4 | K83: 1 | L83: 3 | M83: 0 | N83: 1 | O83: 1 | P83: 3 | Q83: 4 | R83: 6 | S83: 3 | T83: 6 | U83: 10 | V83: 1 | W83: 2 | X83: 3 | Y83: 5 | Z83: =SUM(E83:Y83) -> 73
B84: 3 | C84: 3. Hj. OVI DEWI YANTI | E84: 3 | F84: 0 | G84: 0 | H84: 0 | I84: 1 | J84: 0 | K84: 0 | L84: 0 | M84: 0 | N84: 0 | O84: 0 | P84: 1 | Q84: 0 | R84: 1 | S84: 0 | T84: 1 | U84: 0 | V84: 0 | W84: 0 | X84: 1 | Y84: 1 | Z84: =SUM(E84:Y84) -> 9
B85: 4 | C85: 4. Ir. AZAM AZMAN NATAWIJANA | E85: 16 | F85: 5 | G85: 2 | H85: 7 | I85: 4 | J85: 3 | K85: 1 | L85: 1 | M85: 0 | N85: 0 | O85: 0 | P85: 2 | Q85: 1 | R85: 1 | S85: 3 | T85: 0 | U85: 0 | V85: 0 | W85: 0 | X85: 4 | Y85: 0 | Z85: =SUM(E85:Y85) -> 50
B86: 5 | C86: 5. UBAIDILLAH AMIN, S.Kom. | E86: 1 | F86: 1 | G86: 0 | H86: 0 | I86: 0 | J86: 0 | K86: 2 | L86: 0 | M86: 0 | N86: 0 | O86: 0 | P86: 1 | Q86: 1 | R86: 2 | S86: 0 | T86: 0 | U86: 5 | V86: 0 | W86: 0 | X86: 0 | Y86: 0 | Z86: =SUM(E86:Y86) -> 13
B87: 6 | C87: 6. DENNY YUNIANDARI, S.H., M.Kn. | E87: 0 | F87: 1 | G87: 1 | H87: 1 | I87: 0 | J87: 0 | K87: 0 | L87: 0 | M87: 0 | N87: 0 | O87: 0 | P87: 0 | Q87: 0 | R87: 1 | S87: 0 | T87: 0 | U87: 0 | V87: 0 | W87: 0 | X87: 1 | Y87: 0 | Z87: =SUM(E87:Y87) -> 5
B88: 7 | C88: 7. ERNADI, S.H.I. | E88: 0 | F88: 0 | G88: 0 | H88: 0 | I88: 0 | J88: 0 | K88: 1 | L88: 0 | M88: 0 | N88: 0 | O88: 0 | P88: 0 | Q88: 0 | R88: 0 | S88: 0 | T88: 0 | U88: 0 | V88: 0 | W88: 0 | X88: 0 | Y88: 1 | Z88: =SUM(E88:Y88) -> 2
A91: B | B91: JUMLAH SUARA SAH PARTAI POLITIK DAN CALON (A1 + A2) | E91: =SUM(E81:E90) -> 59 | F91: =SUM(F81:F90) -> 27 | G91: =SUM(G81:G90) -> 20 | H91: =SUM(H81:H90) -> 17 | I91: =SUM(I81:I90) -> 21 | J91: =SUM(J81:J90) -> 18 | K91: =SUM(K81:K90) -> 19 | L91: =SUM(L81:L90) -> 9 | ... Z91: =SUM(Z81:Z90) -> 556
A93: A.1 | B93: 5. | C93: Partai NasDem | E93: 2 | F93: 5 | G93: 2 | H93: 2 | I93: 4 | J93: 1 | K93: 3 | L93: 1 | M93: 7 | N93: 3 | O93: 2 | P93: 2 | Q93: 8 | R93: 6 | S93: 2 | T93: 2 | U93: 6 | V93: 5 | W93: 9 | X93: 0 | Y93: 4 | Z93: =SUM(E93:Y93) -> 76
A94: A.2 | B94: 1 | C94: 1. ACH. FADIL MUZAKKI SYAH | E94: 2 | F94: 2 | G94: 0 | H94: 2 | I94: 4 | J94: 2 | K94: 1 | L94: 0 | M94: 1 | N94: 2 | O94: 6 | P94: 1 | Q94: 2 | R94: 4 | S94: 3 | T94: 2 | U94: 5 | V94: 8 | W94: 7 | X94: 1 | Y94: 3 | Z94: =SUM(E94:Y94) -> 58
B95: 2 | C95: 2. BENY | E95: 0 | F95: 0 | G95: 1 | H95: 1 | I95: 0 | J95: 1 | K95: 0 | L95: 0 | M95: 1 | N95: 1 | O95: 0 | P95: 1 | Q95: 1 | R95: 2 | S95: 2 | T95: 0 | U95: 1 | V95: 2 | W95: 0 | X95: 0 | Y95: 0 | Z95: =SUM(E95:Y95) -> 14
B96: 3 | C96: 3. VINA VERONIKA | E96: 2 | F96: 1 | G96: 1 | H96: 1 | I96: 1 | J96: 0 | K96: 1 | L96: 0 | M96: 0 | N96: 0 | O96: 1 | P96: 0 | Q96: 1 | R96: 2 | S96: 0 | T96: 4 | U96: 2 | V96: 1 | W96: 1 | X96: 0 | Y96: 0 | Z96: =SUM(E96:Y96) -> 19
B97: 4 | C97: 4. TEDDY ANUGRIANTO | E97: 1 | F97: 2 | G97: 0 | H97: 1 | I97: 1 | J97: 2 | K97: 0 | L97: 2 | M97: 0 | N97: 0 | O97: 0 | P97: 0 | Q97: 9 | R97: 7 | S97: 1 | T97: 6 | U97: 4 | V97: 4 | W97: 1 | X97: 1 | Y97: 0 | Z97: =SUM(E97:Y97) -> 42
B98: 5 | C98: 5. INSAN KAMIL | E98: 1 | F98: 5 | G98: 0 | H98: 0 | I98: 0 | J98: 0 | K98: 0 | L98: 0 | M98: 0 | N98: 1 | O98: 0 | P98: 1 | Q98: 0 | R98: 2 | S98: 0 | T98: 0 | U98: 0 | V98: 0 | W98: 0 | X98: 1 | Y98: 0 | Z98: =SUM(E98:Y98) -> 11
B99: 6 | C99: 6. LILIK LINDARWATI | E99: 1 | F99: 1 | G99: 1 | H99: 0 | I99: 1 | J99: 0 | K99: 0 | L99: 0 | M99: 0 | N99: 0 | O99: 0 | P99: 1 | Q99: 0 | R99: 0 | S99: 0 | T99: 0 | U99: 0 | V99: 0 | W99: 0 | X99: 0 | Y99: 0 | Z99: =SUM(E99:Y99) -> 5
B100: 7 | C100: 7. YULI ANITA | E100: 0 | F100: 0 | G100: 0 | H100: 0 | I100: 0 | J100: 0 | K100: 0 | L100: 0 | M100: 0 | N100: 0 | O100: 0 | P100: 0 | Q100: 0 | R100: 0 | S100: 0 | T100: 0 | U100: 0 | V100: 0 | W100: 0 | X100: 0 | Y100: 0 | Z100: =SUM(E100:Y100) -> 0
A103: B | B103: JUMLAH SUARA SAH PARTAI POLITIK DAN CALON (A1 + A2) | E103: =SUM(E93:E102) -> 9 | F103: =SUM(F93:F102) -> 16 | G103: =SUM(G93:G102) -> 5 | H103: =SUM(H93:H102) -> 7 | I103: =SUM(I93:I102) -> 11 | J103: =SUM(J93:J102) -> 6 | K103: =SUM(K93:K102) -> 5 | L103: =SUM(L93:L102) -> 3 | ... Z103: =SUM(Z93:Z102) -> 225
A105: A.1 | B105: 6. | C105: Partai Buruh | E105: 0 | F105: 0 | G105: 1 | H105: 0 | I105: 2 | J105: 1 | K105: 0 | L105: 0 | M105: 1 | N105: 0 | O105: 0 | P105: 0 | Q105: 0 | R105: 2 | S105: 0 | T105: 0 | U105: 0 | V105: 0 | W105: 2 | X105: 1 | Y105: 0 | Z105: =SUM(E105:Y105) -> 10
A106: A.2 | B106: 1 | C106: 1. KHOIRUL ANAM | E106: 0 | F106: 1 | G106: 0 | H106: 2 | I106: 0 | J106: 0 | K106: 1 | L106: 0 | M106: 0 | N106: 1 | O106: 0 | P106: 0 | Q106: 0 | R106: 1 | S106: 1 | T106: 0 | U106: 0 | V106: 1 | W106: 1 | X106: 1 | Y106: 0 | Z106: =SUM(E106:Y106) -> 10
B107: 2 | C107: 2. INA KURNIA | E107: 0 | F107: 0 | G107: 0 | H107: 0 | I107: 0 | J107: 1 | K107: 0 | L107: 2 | M107: 0 | N107: 0 | O107: 1 | P107: 1 | Q107: 0 | R107: 0 | S107: 1 | T107: 0 | U107: 1 | V107: 0 | W107: 0 | X107: 0 | Y107: 0 | Z107: =SUM(E107:Y107) -> 7
B108: 3 | C108: 3. JIBRAL TAROUK | E108: 0 | F108: 0 | G108: 0 | H108: 0 | I108: 0 | J108: 0 | K108: 0 | L108: 0 | M108: 0 | N108: 0 | O108: 0 | P108: 0 | Q108: 0 | R108: 1 | S108: 0 | T108: 0 | U108: 0 | V108: 0 | W108: 0 | X108: 0 | Y108: 0 | Z108: =SUM(E108:Y108) -> 1
B109: 4 | C109: 4. ASTUTI DAENG PUJI | E109: 0 | F109: 0 | G109: 0 | H109: 0 | I109: 0 | J109: 0 | K109: 0 | L109: 0 | M109: 0 | N109: 0 | O109: 0 | P109: 0 | Q109: 0 | R109: 0 | S109: 0 | T109: 0 | U109: 1 | V109: 0 | W109: 0 | X109: 0 | Y109: 0 | Z109: =SUM(E109:Y109) -> 1
B110: 5 | C110: 5. ASDARMAWAN | E110: 0 | F110: 0 | G110: 0 | H110: 0 | I110: 0 | J110: 0 | K110: 0 | L110: 0 | M110: 0 | N110: 0 | O110: 0 | P110: 0 | Q110: 0 | R110: 1 | S110: 0 | T110: 0 | U110: 0 | V110: 0 | W110: 0 | X110: 0 | Y110: 0 | Z110: =SUM(E110:Y110) -> 1
B111: 6 | C111: 6. RIFQI MUBAROK | E111: 0 | F111: 0 | G111: 0 | H111: 0 | I111: 0 | J111: 0 | K111: 0 | L111: 1 | M111: 0 | N111: 0 | O111: 0 | P111: 0 | Q111: 0 | R111: 0 | S111: 0 | T111: 0 | U111: 0 | V111: 0 | W111: 0 | X111: 0 | Y111: 1 | Z111: =SUM(E111:Y111) -> 2
B112: 7 | C112: 7. FIRNANDA ALTA MEGA | E112: 0 | F112: 0 | G112: 0 | H112: 0 | I112: 0 | J112: 0 | K112: 0 | L112: 0 | M112: 0 | N112: 0 | O112: 0 | P112: 0 | Q112: 0 | R112: 0 | S112: 0 | T112: 0 | U112: 0 | V112: 0 | W112: 0 | X112: 0 | Y112: 0 | Z112: =SUM(E112:Y112) -> 0
A115: B | B115: JUMLAH SUARA SAH PARTAI POLITIK DAN CALON (A1 + A2) | E115: =SUM(E105:E114) -> 0 | F115: =SUM(F105:F114) -> 1 | G115: =SUM(G105:G114) -> 1 | H115: =SUM(H105:H114) -> 2 | I115: =SUM(I105:I114) -> 2 | J115: =SUM(J105:J114) -> 2 | K115: =SUM(K105:K114) -> 1 | L115: =SUM(L105:L114) -> 3 | ... Z115: =SUM(Z105:Z114) -> 32
A117: A.1 | B117: 7. | C117: Partai Gelombang Rakyat Indonesia | E117: 1 | F117: 1 | G117: 2 | H117: 0 | I117: 0 | J117: 2 | K117: 2 | L117: 0 | M117: 1 | N117: 1 | O117: 0 | P117: 0 | Q117: 0 | R117: 3 | S117: 1 | T117: 1 | U117: 0 | V117: 1 | W117: 0 | X117: 2 | Y117: 2 | Z117: =SUM(E117:Y117) -> 20
A118: A.2 | B118: 1 | C118: 1. TITI WIDORETNO WARISMAN | E118: 0 | F118: 0 | G118: 0 | H118: 0 | I118: 1 | J118: 0 | K118: 0 | L118: 0 | M118: 1 | N118: 0 | O118: 1 | P118: 0 | Q118: 0 | R118: 0 | S118: 0 | T118: 0 | U118: 0 | V118: 0 | W118: 0 | X118: 0 | Y118: 0 | Z118: =SUM(E118:Y118) -> 3
B119: 2 | C119: 2. MAMIEK SETYANINGSIH | E119: 0 | F119: 1 | G119: 0 | H119: 0 | I119: 0 | J119: 0 | K119: 0 | L119: 0 | M119: 0 | N119: 0 | O119: 0 | P119: 0 | Q119: 0 | R119: 0 | S119: 0 | T119: 0 | U119: 0 | V119: 0 | W119: 0 | X119: 0 | Y119: 0 | Z119: =SUM(E119:Y119) -> 1
B120: 3 | C120: 3. ROMIL AZIZEN | E120: 0 | F120: 0 | G120: 1 | H120: 0 | I120: 0 | J120: 0 | K120: 0 | L120: 0 | M120: 0 | N120: 0 | O120: 0 | P120: 0 | Q120: 0 | R120: 1 | S120: 0 | T120: 0 | U120: 0 | V120: 0 | W120: 0 | X120: 0 | Y120: 0 | Z120: =SUM(E120:Y120) -> 2
A127: B | B127: JUMLAH SUARA SAH PARTAI POLITIK DAN CALON (A1 + A2) | E127: =SUM(E117:E126) -> 1 | F127: =SUM(F117:F126) -> 2 | G127: =SUM(G117:G126) -> 3 | H127: =SUM(H117:H126) -> 0 | I127: =SUM(I117:I126) -> 1 | J127: =SUM(J117:J126) -> 2 | K127: =SUM(K117:K126) -> 2 | L127: =SUM(L117:L126) -> 0 | ... Z127: =SUM(Z117:Z126) -> 26
A129: A.1 | B129: 8. | C129: Partai Keadilan Sejahtera | E129: 1 | F129: 1 | G129: 1 | H129: 0 | I129: 1 | J129: 1 | K129: 1 | L129: 2 | M129: 0 | N129: 0 | O129: 1 | P129: 1 | Q129: 1 | R129: 0 | S129: 0 | T129: 0 | U129: 0 | V129: 0 | W129: 1 | X129: 0 | Y129: 2 | Z129: =SUM(E129:Y129) -> 14
A130: A.2 | B130: 1 | C130: 1. H. SAIMI SALEH, S.E., M.M. | E130: 5 | F130: 0 | G130: 1 | H130: 1 | I130: 0 | J130: 0 | K130: 1 | L130: 0 | M130: 0 | N130: 1 | O130: 0 | P130: 2 | Q130: 1 | R130: 1 | S130: 1 | T130: 2 | U130: 0 | V130: 1 | W130: 0 | X130: 0 | Y130: 0 | Z130: =SUM(E130:Y130) -> 17
B131: 2 | C131: 2. Prof. Dr. H. EGGI SUDJANA, S.H., M.Si. | E131: 0 | F131: 0 | G131: 1 | H131: 0 | I131: 0 | J131: 2 | K131: 0 | L131: 0 | M131: 0 | N131: 0 | O131: 0 | P131: 0 | Q131: 0 | R131: 0 | S131: 0 | T131: 0 | U131: 1 | V131: 1 | W131: 0 | X131: 1 | Y131: 1 | Z131: =SUM(E131:Y131) -> 7
B132: 3 | C132: 3. NURUL KHOTIMAH | E132: 1 | F132: 0 | G132: 0 | H132: 1 | I132: 0 | J132: 0 | K132: 0 | L132: 0 | M132: 0 | N132: 1 | O132: 0 | P132: 0 | Q132: 0 | R132: 0 | S132: 0 | T132: 0 | U132: 0 | V132: 0 | W132: 0 | X132: 0 | Y132: 0 | Z132: =SUM(E132:Y132) -> 3
B133: 4 | C133: 4. AKHMAD SUYANTO, S.T., M.T. | E133: 0 | F133: 0 | G133: 0 | H133: 0 | I133: 0 | J133: 1 | K133: 0 | L133: 0 | M133: 0 | N133: 0 | O133: 0 | P133: 0 | Q133: 0 | R133: 0 | S133: 0 | T133: 0 | U133: 0 | V133: 0 | W133: 0 | X133: 0 | Y133: 0 | Z133: =SUM(E133:Y133) -> 1
B134: 5 | C134: 5. PUJIYATNI | E134: 0 | F134: 0 | G134: 1 | H134: 0 | I134: 0 | J134: 0 | K134: 0 | L134: 0 | M134: 0 | N134: 0 | O134: 0 | P134: 0 | Q134: 0 | R134: 0 | S134: 1 | T134: 0 | U134: 0 | V134: 0 | W134: 0 | X134: 0 | Y134: 0 | Z134: =SUM(E134:Y134) -> 2
B135: 6 | C135: 6. HENI PURWATININGSIH | E135: 0 | F135: 0 | G135: 0 | H135: 0 | I135: 0 | J135: 0 | K135: 0 | L135: 0 | M135: 0 | N135: 0 | O135: 0 | P135: 0 | Q135: 0 | R135: 0 | S135: 0 | T135: 0 | U135: 0 | V135: 0 | W135: 0 | X135: 0 | Y135: 0 | Z135: =SUM(E135:Y135) -> 0
B136: 7 | C136: 7. MUHADI | E136: 0 | F136: 0 | G136: 0 | H136: 0 | I136: 0 | J136: 0 | K136: 0 | L136: 0 | M136: 0 | N136: 0 | O136: 0 | P136: 0 | Q136: 0 | R136: 0 | S136: 0 | T136: 0 | U136: 0 | V136: 0 | W136: 0 | X136: 0 | Y136: 0 | Z136: =SUM(E136:Y136) -> 0
...

Sheet SAMBIMULYO
C2: Kecamatan | D2: BANGOREJO
C3: Kabupaten | D3: BANYUWANGI
C4: Provinsi | D4: JAWA TIMUR
C9: Kelurahan | D9: SAMBIMULYO
A12: I | B12: DATA PEMILIH DAN PENGGUNAAN HAK PILIH | AF12: JUMLAH AKHIR
A13: A | B13: DATA PEMILIH | E13: TPS 001 | F13: TPS 002 | G13: TPS 003 | H13: TPS 004 | I13: TPS 005 | J13: TPS 006 | K13: TPS 007 | L13: TPS 008 | M13: TPS 009 | N13: TPS 010 | O13: TPS 011 | P13: TPS 012 | Q13: TPS 013 | R13: TPS 014 | S13: TPS 015 | T13: TPS 016 | U13: TPS 017 | V13: TPS 018 | W13: TPS 019 | X13: TPS 020 | Y13: TPS 021 | Z13: TPS 022 | AA13: TPS 023 | AB13: TPS 024 | AC13: TPS 025 | AD13: TPS 026 | AE13: TPS 027
B14: Jumlah Pemilih dalam Daftar Pemilih Tetap (DPT) | D14: LK | E14: 136 | F14: 113 | G14: 121 | H14: 116 | I14: 108 | J14: 125 | K14: 119 | L14: 137 | M14: 143 | N14: 128 | O14: 118 | P14: 149 | Q14: 142 | R14: 139 | S14: 143 | T14: 141 | U14: 137 | V14: 152 | W14: 119 | X14: 135 | Y14: 141 | Z14: 138 | AA14: 111 | AB14: 135 | AC14: 148 | AD14: 81 | AE14: 93 | AF14: =SUM(E14:AE14) -> 3468
D15: PR | E15: 138 | F15: 115 | G15: 132 | H15: 119 | I15: 112 | J15: 123 | K15: 118 | L15: 136 | M15: 141 | N15: 136 | O15: 104 | P15: 147 | Q15: 149 | R15: 155 | S15: 147 | T15: 125 | U15: 148 | V15: 145 | W15: 117 | X15: 157 | Y15: 150 | Z15: 143 | AA15: 117 | AB15: 127 | AC15: 141 | AD15: 81 | AE15: 76 | AF15: =SUM(E15:AE15) -> 3499
D16: JML | E16: =SUM(E14:E15) -> 274 | F16: =SUM(F14:F15) -> 228 | G16: =SUM(G14:G15) -> 253 | H16: =SUM(H14:H15) -> 235 | I16: =SUM(I14:I15) -> 220 | J16: =SUM(J14:J15) -> 248 | K16: =SUM(K14:K15) -> 237 | L16: =SUM(L14:L15) -> 273 | ... AE16: =SUM(AE14:AE15) -> 169 | AF16: =SUM(E16:AE16) -> 6967
A18: B | B18: PENGGUNA HAK PILIH
B19: 1. | C19: Jumlah pengguna hak pilih dalam Daftar Pemilih Tetap (DPT) | D19: LK | E19: 107 | F19: 101 | G19: 89 | H19: 85 | I19: 87 | J19: 100 | K19: 94 | L19: 101 | M19: 115 | N19: 101 | O19: 96 | P19: 119 | Q19: 105 | R19: 111 | S19: 113 | T19: 104 | U19: 101 | V19: 109 | W19: 96 | X19: 105 | Y19: 104 | Z19: 106 | AA19: 85 | AB19: 106 | AC19: 118 | AD19: 71 | AE19: 68 | AF19: =SUM(E19:AE19) -> 2697
D20: PR | E20: 109 | F20: 93 | G20: 104 | H20: 96 | I20: 91 | J20: 100 | K20: 81 | L20: 105 | M20: 111 | N20: 101 | O20: 88 | P20: 120 | Q20: 121 | R20: 136 | S20: 120 | T20: 94 | U20: 115 | V20: 112 | W20: 96 | X20: 114 | Y20: 119 | Z20: 117 | AA20: 100 | AB20: 105 | AC20: 108 | AD20: 67 | AE20: 65 | AF20: =SUM(E20:AE20) -> 2788
D21: JML | E21: =SUM(E19:E20) -> 216 | F21: =SUM(F19:F20) -> 194 | G21: =SUM(G19:G20) -> 193 | H21: =SUM(H19:H20) -> 181 | I21: =SUM(I19:I20) -> 178 | J21: =SUM(J19:J20) -> 200 | K21: =SUM(K19:K20) -> 175 | L21: =SUM(L19:L20) -> 206 | ... AE21: =SUM(AE19:AE20) -> 133 | AF21: =SUM(E21:AE21) -> 5485
B22: 2. | C22: Jumlah pengguna hak pilih dalam Daftar Pemilih Tambahan (DPTb) | D22: LK | T22: 0 | U22: 0 | V22: 0 | W22: 0 | X22: 0 | Y22: 0 | Z22: 0 | AA22: 0 | AB22: 0 | AC22: 0 | AD22: 1 | AE22: 0 | AF22: =SUM(E22:AE22) -> 1
D23: PR | T23: 0 | U23: 0 | V23: 0 | W23: 0 | X23: 0 | Y23: 0 | Z23: 0 | AA23: 0 | AB23: 0 | AC23: 0 | AD23: 0 | AE23: 0 | AF23: =SUM(E23:AE23) -> 0
D24: JML | E24: =SUM(E22:E23) -> 0 | F24: =SUM(F22:F23) -> 0 | G24: =SUM(G22:G23) -> 0 | H24: =SUM(H22:H23) -> 0 | I24: =SUM(I22:I23) -> 0 | J24: =SUM(J22:J23) -> 0 | K24: =SUM(K22:K23) -> 0 | L24: =SUM(L22:L23) -> 0 | ... AE24: =SUM(AE22:AE23) -> 0 | AF24: =SUM(E24:AE24) -> 1
B25: 3. | C25: Jumlah pengguna hak pilih dalam Daftar Pemilih Khusus (DPK) | D25: LK | E25: 0 | F25: 1 | G25: 1 | H25: 0 | I25: 3 | J25: 4 | K25: 1 | L25: 0 | M25: 1 | N25: 0 | O25: 2 | P25: 0 | Q25: 1 | R25: 3 | S25: 3 | T25: 1 | U25: 0 | V25: 0 | W25: 2 | X25: 1 | Y25: 0 | Z25: 2 | AA25: 4 | AB25: 0 | AC25: 3 | AD25: 1 | AE25: 3 | AF25: =SUM(E25:AE25) -> 37
D26: PR | E26: 0 | F26: 3 | G26: 2 | H26: 4 | I26: 3 | J26: 2 | K26: 2 | L26: 2 | M26: 3 | N26: 1 | O26: 0 | P26: 1 | Q26: 0 | R26: 2 | S26: 0 | T26: 2 | U26: 1 | V26: 0 | W26: 2 | X26: 1 | Y26: 0 | Z26: 0 | AA26: 0 | AB26: 0 | AC26: 2 | AD26: 0 | AE26: 4 | AF26: =SUM(E26:AE26) -> 37
D27: JML | E27: =SUM(E25:E26) -> 0 | F27: =SUM(F25:F26) -> 4 | G27: =SUM(G25:G26) -> 3 | H27: =SUM(H25:H26) -> 4 | I27: =SUM(I25:I26) -> 6 | J27: =SUM(J25:J26) -> 6 | K27: =SUM(K25:K26) -> 3 | L27: =SUM(L25:L26) -> 2 | ... AE27: =SUM(AE25:AE26) -> 7 | AF27: =SUM(E27:AE27) -> 74
B28: 4. | C28: Jumlah Pengguna Hak Pilih (B.1+B.2+B.3) | D28: LK | E28: =SUM(E19,E22,E25) -> 107 | F28: =SUM(F19,F22,F25) -> 102 | G28: =SUM(G19,G22,G25) -> 90 | H28: =SUM(H19,H22,H25) -> 85 | I28: =SUM(I19,I22,I25) -> 90 | J28: =SUM(J19,J22,J25) -> 104 | K28: =SUM(K19,K22,K25) -> 95 | L28: =SUM(L19,L22,L25) -> 101 | ... AE28: =SUM(AE19,AE22,AE25) -> 71 | AF28: =SUM(E28:AE28) -> 2735
D29: PR | E29: =SUM(E20,E23,E26) -> 109 | F29: =SUM(F20,F23,F26) -> 96 | G29: =SUM(G20,G23,G26) -> 106 | H29: =SUM(H20,H23,H26) -> 100 | I29: =SUM(I20,I23,I26) -> 94 | J29: =SUM(J20,J23,J26) -> 102 | K29: =SUM(K20,K23,K26) -> 83 | L29: =SUM(L20,L23,L26) -> 107 | ... AE29: =SUM(AE20,AE23,AE26) -> 69 | AF29: =SUM(E29:AE29) -> 2825
D30: JML | E30: =SUM(E28:E29) -> 216 | F30: =SUM(F28:F29) -> 198 | G30: =SUM(G28:G29) -> 196 | H30: =SUM(H28:H29) -> 185 | I30: =SUM(I28:I29) -> 184 | J30: =SUM(J28:J29) -> 206 | K30: =SUM(K28:K29) -> 178 | L30: =SUM(L28:L29) -> 208 | ... AE30: =SUM(AE28:AE29) -> 140 | AF30: =SUM(E30:AE30) -> 5560
A32: II | B32: DATA PENGGUNAAN SURAT SUARA
A33: 1 | B33: Jumlah surat suara yang diterima, termasuk surat suara cadangan 2,5% dari DPT | E33: 280 | F33: 233 | G33: 260 | H33: 240 | I33: 225 | J33: 253 | K33: 242 | L33: 279 | M33: 290 | N33: 271 | O33: 227 | P33: 302 | Q33: 297 | R33: 301 | S33: 296 | T33: 272 | U33: 292 | V33: 303 | W33: 241 | X33: 298 | Y33: 307 | Z33: 287 | AA33: 233 | AB33: 268 | AC33: 295 | AD33: 166 | AE33: 172 | AF33: =SUM(E33:AE33) -> 7130
A34: 2 | B34: Jumlah surat suara yang digunakan | E34: 216 | F34: 198 | G34: 196 | H34: 185 | I34: 184 | J34: 206 | K34: 178 | L34: 208 | M34: 230 | N34: 203 | O34: 186 | P34: 240 | Q34: 227 | R34: 252 | S34: 236 | T34: 201 | U34: 217 | V34: 221 | W34: 196 | X34: 221 | Y34: 223 | Z34: 225 | AA34: 189 | AB34: 211 | AC34: 231 | AD34: 140 | AE34: 140 | AF34: =SUM(E34:AE34) -> 5560
A35: 3 | B35: Jumlah surat suara dikembalikan oleh pemilih (karena rusak atau keliru coblos) | E35: 0 | F35: 0 | G35: 0 | H35: 0 | I35: 0 | J35: 1 | K35: 2 | L35: 0 | M35: 5 | N35: 0 | O35: 0 | P35: 6 | Q35: 0 | R35: 0 | S35: 0 | T35: 0 | U35: 0 | V35: 0 | W35: 0 | X35: 0 | Y35: 2 | Z35: 0 | AA35: 0 | AB35: 0 | AC35: 2 | AD35: 1 | AE35: 0 | AF35: =SUM(E35:AE35) -> 19
A36: 4 | B36: Jumlah surat suara yang tidak digunakan/tidak terpakai, termasuk sisa surat suara cadangan | E36: =E33-(E34+E35) -> 64 | F36: =F33-(F34+F35) -> 35 | G36: =G33-(G34+G35) -> 64 | H36: =H33-(H34+H35) -> 55 | I36: =I33-(I34+I35) -> 41 | J36: =J33-(J34+J35) -> 46 | K36: =K33-(K34+K35) -> 62 | L36: =L33-(L34+L35) -> 71 | ... AE36: =AE33-(AE34+AE35) -> 32 | AF36: =SUM(E36:AE36) -> 1551
A38: III | B38: DATA PEMILIH DISABILITAS
B39: Jumlah seluruh Pemilih disabilitas yang menggunakan hak pilih | D39: LK | E39: 0 | F39: 0 | G39: 0 | H39: 0 | I39: 0 | J39: 2 | K39: 1 | L39: 0 | M39: 0 | N39: 0 | O39: 0 | P39: 0 | Q39: 0 | R39: 0 | S39: 0 | T39: 0 | U39: 0 | V39: 0 | W39: 1 | X39: 0 | Y39: 0 | Z39: 0 | AA39: 0 | AB39: 0 | AC39: 0 | AD39: 0 | AE39: 0 | AF39: =SUM(E39:AE39) -> 4
D40: PR | E40: 0 | F40: 0 | G40: 0 | H40: 0 | I40: 0 | J40: 0 | K40: 1 | L40: 0 | M40: 0 | N40: 0 | O40: 1 | P40: 0 | Q40: 0 | R40: 0 | S40: 0 | T40: 0 | U40: 0 | V40: 0 | W40: 1 | X40: 0 | Y40: 0 | Z40: 0 | AA40: 0 | AB40: 0 | AC40: 0 | AD40: 0 | AE40: 0 | AF40: =SUM(E40:AE40) -> 3
D41: JML | E41: =SUM(E39:E40) -> 0 | F41: =SUM(F39:F40) -> 0 | G41: =SUM(G39:G40) -> 0 | H41: =SUM(H39:H40) -> 0 | I41: =SUM(I39:I40) -> 0 | J41: =SUM(J39:J40) -> 2 | K41: =SUM(K39:K40) -> 2 | L41: =SUM(L39:L40) -> 0 | ... AE41: =SUM(AE39:AE40) -> 0 | AF41: =SUM(E41:AE41) -> 7
A43: IV | B43: DATA RINCIAN PEROLEHAN SUARA PASANGAN CALON BUPATI DAN WAKIL BUPATI
A44: NOMOR DAN NAMA CALON
A45: A.1 | B45: 1. | C45: Partai Kebangkitan Bangsa | E45: 9 | F45: 5 | G45: 3 | H45: 3 | I45: 3 | J45: 6 | K45: 3 | L45: 3 | M45: 6 | N45: 6 | O45: 7 | P45: 16 | Q45: 3 | R45: 9 | S45: 7 | T45: 5 | U45: 8 | V45: 8 | W45: 6 | X45: 0 | Y45: 7 | Z45: 1 | AA45: 0 | AB45: 9 | AC45: 3 | AD45: 1 | AE45: 2 | AF45: =SUM(E45:AE45) -> 139
A46: A.2 | B46: 1 | C46: 1. Dr. Hj. NIHAYATUL WAFIROH, M.A. | E46: 41 | F46: 9 | G46: 22 | H46: 15 | I46: 8 | J46: 13 | K46: 8 | L46: 26 | M46: 24 | N46: 43 | O46: 18 | P46: 77 | Q46: 18 | R46: 49 | S46: 54 | T46: 41 | U46: 22 | V46: 18 | W46: 24 | X46: 35 | Y46: 12 | Z46: 18 | AA46: 23 | AB46: 40 | AC46: 26 | AD46: 13 | AE46: 20 | AF46: =SUM(E46:AE46) -> 717
B47: 2 | C47: 2. H. M. NASIM KHAN | E47: 2 | F47: 0 | G47: 3 | H47: 1 | I47: 0 | J47: 2 | K47: 0 | L47: 3 | M47: 0 | N47: 3 | O47: 1 | P47: 7 | Q47: 1 | R47: 9 | S47: 10 | T47: 3 | U47: 0 | V47: 2 | W47: 0 | X47: 2 | Y47: 1 | Z47: 2 | AA47: 8 | AB47: 24 | AC47: 55 | AD47: 0 | AE47: 3 | AF47: =SUM(E47:AE47) -> 142
B48: 3 | C48: 3. Dr. H. AKIK ZAMAN, M.Pd.I. | E48: 1 | F48: 0 | G48: 0 | H48: 0 | I48: 0 | J48: 1 | K48: 0 | L48: 0 | M48: 0 | N48: 1 | O48: 1 | P48: 1 | Q48: 0 | R48: 1 | S48: 1 | T48: 0 | U48: 1 | V48: 0 | W48: 0 | X48: 0 | Y48: 1 | Z48: 0 | AA48: 0 | AB48: 0 | AC48: 1 | AD48: 0 | AE48: 0 | AF48: =SUM(E48:AE48) -> 10
B49: 4 | C49: 4. AHMAD RIFA'I, S.H. | E49: 0 | F49: 0 | G49: 0 | H49: 0 | I49: 0 | J49: 2 | K49: 0 | L49: 1 | M49: 0 | N49: 3 | O49: 0 | P49: 1 | Q49: 0 | R49: 0 | S49: 0 | T49: 1 | U49: 0 | V49: 0 | W49: 0 | X49: 1 | Y49: 1 | Z49: 0 | AA49: 3 | AB49: 0 | AC49: 0 | AD49: 0 | AE49: 0 | AF49: =SUM(E49:AE49) -> 13
B50: 5 | C50: 5. Drs. H. MAHFUD M.N. | E50: 0 | F50: 1 | G50: 1 | H50: 0 | I50: 0 | J50: 0 | K50: 1 | L50: 2 | M50: 0 | N50: 1 | O50: 1 | P50: 1 | Q50: 1 | R50: 0 | S50: 4 | T50: 2 | U50: 1 | V50: 2 | W50: 0 | X50: 0 | Y50: 0 | Z50: 0 | AA50: 1 | AB50: 0 | AC50: 0 | AD50: 0 | AE50: 0 | AF50: =SUM(E50:AE50) -> 19
B51: 6 | C51: 6. NURHAYATI, S.Pd. | E51: 0 | F51: 1 | G51: 0 | H51: 1 | I51: 0 | J51: 0 | K51: 1 | L51: 3 | M51: 1 | N51: 1 | O51: 1 | P51: 0 | Q51: 0 | R51: 0 | S51: 1 | T51: 0 | U51: 1 | V51: 0 | W51: 1 | X51: 0 | Y51: 2 | Z51: 0 | AA51: 0 | AB51: 0 | AC51: 0 | AD51: 1 | AE51: 0 | AF51: =SUM(E51:AE51) -> 15
B52: 7 | C52: 7. MAFTUHA KISWAH | E52: 1 | F52: 0 | G52: 0 | H52: 0 | I52: 0 | J52: 0 | K52: 0 | L52: 2 | M52: 1 | N52: 0 | O52: 1 | P52: 0 | Q52: 0 | R52: 0 | S52: 0 | T52: 0 | U52: 1 | V52: 0 | W52: 0 | X52: 0 | Y52: 0 | Z52: 0 | AA52: 0 | AB52: 0 | AC52: 0 | AD52: 0 | AE52: 0 | AF52: =SUM(E52:AE52) -> 6
A55: B | B55: JUMLAH SUARA SAH PARTAI POLITIK DAN CALON (A1 + A2) | E55: =SUM(E45:E54) -> 54 | F55: =SUM(F45:F54) -> 16 | G55: =SUM(G45:G54) -> 29 | H55: =SUM(H45:H54) -> 20 | I55: =SUM(I45:I54) -> 11 | J55: =SUM(J45:J54) -> 24 | K55: =SUM(K45:K54) -> 13 | L55: =SUM(L45:L54) -> 40 | ... AF55: =SUM(AF45:AF54) -> 1061
A57: A.1 | B57: 2. | C57: Partai Gerakan Indonesia Raya | E57: 9 | F57: 5 | G57: 1 | H57: 7 | I57: 3 | J57: 5 | K57: 6 | L57: 11 | M57: 6 | N57: 6 | O57: 5 | P57: 9 | Q57: 6 | R57: 6 | S57: 4 | T57: 6 | U57: 8 | V57: 14 | W57: 8 | X57: 5 | Y57: 11 | Z57: 2 | AA57: 4 | AB57: 6 | AC57: 8 | AD57: 4 | AE57: 5 | AF57: =SUM(E57:AE57) -> 170
A58: A.2 | B58: 1 | C58: 1. SUMAIL ABDULLAH | E58: 7 | F58: 5 | G58: 3 | H58: 4 | I58: 2 | J58: 4 | K58: 1 | L58: 5 | M58: 5 | N58: 7 | O58: 9 | P58: 6 | Q58: 8 | R58: 9 | S58: 3 | T58: 11 | U58: 16 | V58: 8 | W58: 1 | X58: 5 | Y58: 12 | Z58: 5 | AA58: 0 | AB58: 17 | AC58: 15 | AD58: 5 | AE58: 14 | AF58: =SUM(E58:AE58) -> 187
B59: 2 | C59: 2. MUHAMMAD ALI ADRIAN SALEH | E59: 10 | F59: 17 | G59: 8 | H59: 14 | I59: 2 | J59: 6 | K59: 19 | L59: 20 | M59: 14 | N59: 12 | O59: 8 | P59: 4 | Q59: 5 | R59: 5 | S59: 5 | T59: 4 | U59: 7 | V59: 4 | W59: 2 | X59: 3 | Y59: 12 | Z59: 1 | AA59: 4 | AB59: 1 | AC59: 4 | AD59: 1 | AE59: 1 | AF59: =SUM(E59:AE59) -> 193
B60: 3 | C60: 3. DURROTUN NAFISAH | E60: 0 | F60: 0 | G60: 1 | H60: 0 | I60: 1 | J60: 0 | K60: 0 | L60: 2 | M60: 1 | N60: 1 | O60: 0 | P60: 2 | Q60: 2 | R60: 2 | S60: 0 | T60: 1 | U60: 2 | V60: 3 | W60: 0 | X60: 0 | Y60: 0 | Z60: 5 | AA60: 1 | AB60: 0 | AC60: 2 | AD60: 0 | AE60: 0 | AF60: =SUM(E60:AE60) -> 26
B61: 4 | C61: 4. H. EKO SUSILO NURHIDAYAT | E61: 3 | F61: 2 | G61: 1 | H61: 0 | I61: 3 | J61: 0 | K61: 3 | L61: 2 | M61: 1 | N61: 2 | O61: 5 | P61: 2 | Q61: 1 | R61: 2 | S61: 1 | T61: 6 | U61: 1 | V61: 4 | W61: 1 | X61: 1 | Y61: 4 | Z61: 4 | AA61: 1 | AB61: 1 | AC61: 1 | AD61: 1 | AE61: 1 | AF61: =SUM(E61:AE61) -> 54
B62: 5 | C62: 5. KARNADI HARIJANTO, S.S. | E62: 0 | F62: 0 | G62: 1 | H62: 0 | I62: 0 | J62: 0 | K62: 0 | L62: 0 | M62: 1 | N62: 1 | O62: 0 | P62: 0 | Q62: 1 | R62: 0 | S62: 1 | T62: 1 | U62: 1 | V62: 1 | W62: 0 | X62: 2 | Y62: 0 | Z62: 0 | AA62: 2 | AB62: 0 | AC62: 0 | AD62: 0 | AE62: 0 | AF62: =SUM(E62:AE62) -> 12
B63: 6 | C63: 6. NURHAYATI | E63: 5 | F63: 0 | G63: 2 | H63: 1 | I63: 2 | J63: 0 | K63: 1 | L63: 2 | M63: 0 | N63: 0 | O63: 0 | P63: 3 | Q63: 0 | R63: 0 | S63: 4 | T63: 2 | U63: 1 | V63: 2 | W63: 0 | X63: 3 | Y63: 1 | Z63: 0 | AA63: 1 | AB63: 0 | AC63: 2 | AD63: 0 | AE63: 2 | AF63: =SUM(E63:AE63) -> 34
B64: 7 | C64: 7. MASHUDI | E64: 0 | F64: 1 | G64: 0 | H64: 0 | I64: 1 | J64: 0 | K64: 0 | L64: 0 | M64: 0 | N64: 0 | O64: 0 | P64: 0 | Q64: 0 | R64: 1 | S64: 1 | T64: 0 | U64: 0 | V64: 0 | W64: 0 | X64: 1 | Y64: 0 | Z64: 0 | AA64: 0 | AB64: 0 | AC64: 0 | AD64: 1 | AE64: 1 | AF64: =SUM(E64:AE64) -> 7
A67: B | B67: JUMLAH SUARA SAH PARTAI POLITIK DAN CALON (A1 + A2) | E67: =SUM(E57:E66) -> 34 | F67: =SUM(F57:F66) -> 30 | G67: =SUM(G57:G66) -> 17 | H67: =SUM(H57:H66) -> 26 | I67: =SUM(I57:I66) -> 14 | J67: =SUM(J57:J66) -> 15 | K67: =SUM(K57:K66) -> 30 | L67: =SUM(L57:L66) -> 42 | ... AF67: =SUM(AF57:AF66) -> 683
A69: A.1 | B69: 3. | C69: Partai Demokrasi Indonesia Perjuangan | E69: 5 | F69: 9 | G69: 9 | H69: 13 | I69: 4 | J69: 0 | K69: 8 | L69: 15 | M69: 5 | N69: 5 | O69: 12 | P69: 9 | Q69: 10 | R69: 11 | S69: 15 | T69: 17 | U69: 11 | V69: 16 | W69: 9 | X69: 19 | Y69: 18 | Z69: 7 | AA69: 17 | AB69: 9 | AC69: 5 | AD69: 6 | AE69: 4 | AF69: =SUM(E69:AE69) -> 268
A70: A.2 | B70: 1 | C70: 1. SONNY TRI DANAPARAMITA, S.H., M.H. | E70: 8 | F70: 4 | G70: 8 | H70: 9 | I70: 8 | J70: 3 | K70: 8 | L70: 5 | M70: 1 | N70: 15 | O70: 3 | P70: 3 | Q70: 7 | R70: 8 | S70: 5 | T70: 8 | U70: 19 | V70: 33 | W70: 54 | X70: 20 | Y70: 23 | Z70: 16 | AA70: 12 | AB70: 18 | AC70: 35 | AD70: 3 | AE70: 2 | AF70: =SUM(E70:AE70) -> 338
B71: 2 | C71: 2. H. MOHAMAD GUNTUR ROMLI | E71: 8 | F71: 4 | G71: 3 | H71: 31 | I71: 43 | J71: 4 | K71: 9 | L71: 9 | M71: 6 | N71: 6 | O71: 7 | P71: 2 | Q71: 1 | R71: 3 | S71: 2 | T71: 4 | U71: 6 | V71: 4 | W71: 3 | X71: 10 | Y71: 8 | Z71: 14 | AA71: 16 | AB71: 4 | AC71: 5 | AD71: 3 | AE71: 3 | AF71: =SUM(E71:AE71) -> 218
B72: 3 | C72: 3. INA AMMANIA | E72: 5 | F72: 52 | G72: 3 | H72: 30 | I72: 4 | J72: 0 | K72: 27 | L72: 3 | M72: 4 | N72: 7 | O72: 26 | P72: 13 | Q72: 41 | R72: 1 | S72: 7 | T72: 12 | U72: 9 | V72: 6 | W72: 2 | X72: 7 | Y72: 3 | Z72: 3 | AA72: 6 | AB72: 0 | AC72: 3 | AD72: 2 | AE72: 6 | AF72: =SUM(E72:AE72) -> 282
B73: 4 | C73: 4. IRWAN BACHTIAR RACHMAT, M.Si. | E73: 0 | F73: 2 | G73: 0 | H73: 0 | I73: 0 | J73: 1 | K73: 1 | L73: 2 | M73: 3 | N73: 1 | O73: 1 | P73: 1 | Q73: 0 | R73: 2 | S73: 3 | T73: 1 | U73: 0 | V73: 0 | W73: 1 | X73: 2 | Y73: 1 | Z73: 1 | AA73: 0 | AB73: 1 | AC73: 1 | AD73: 1 | AE73: 0 | AF73: =SUM(E73:AE73) -> 26
B74: 5 | C74: 5. LUCKY PERDANA | E74: 5 | F74: 0 | G74: 2 | H74: 6 | I74: 4 | J74: 1 | K74: 11 | L74: 6 | M74: 1 | N74: 8 | O74: 3 | P74: 6 | Q74: 1 | R74: 11 | S74: 6 | T74: 7 | U74: 13 | V74: 4 | W74: 4 | X74: 13 | Y74: 6 | Z74: 11 | AA74: 11 | AB74: 8 | AC74: 2 | AD74: 1 | AE74: 1 | AF74: =SUM(E74:AE74) -> 152
B75: 6 | C75: 6. WIWIK PUJIYATI | E75: 3 | F75: 1 | G75: 1 | H75: 0 | I75: 0 | J75: 1 | K75: 7 | L75: 2 | M75: 3 | N75: 2 | O75: 2 | P75: 2 | Q75: 2 | R75: 3 | S75: 6 | T75: 4 | U75: 3 | V75: 3 | W75: 1 | X75: 4 | Y75: 3 | Z75: 4 | AA75: 1 | AB75: 1 | AC75: 0 | AD75: 1 | AE75: 0 | AF75: =SUM(E75:AE75) -> 60
B76: 7 | C76: 7. CHANDRA ASTAN, S.T. | E76: 2 | F76: 9 | G76: 2 | H76: 4 | I76: 4 | J76: 2 | K76: 4 | L76: 0 | M76: 3 | N76: 1 | O76: 1 | P76: 1 | Q76: 0 | R76: 0 | S76: 0 | T76: 3 | U76: 0 | V76: 1 | W76: 1 | X76: 4 | Y76: 7 | Z76: 8 | AA76: 11 | AB76: 5 | AC76: 2 | AD76: 6 | AE76: 4 | AF76: =SUM(E76:AE76) -> 85
A79: B | B79: JUMLAH SUARA SAH PARTAI POLITIK DAN CALON (A1 + A2) | E79: =SUM(E69:E78) -> 36 | F79: =SUM(F69:F78) -> 81 | G79: =SUM(G69:G78) -> 28 | H79: =SUM(H69:H78) -> 93 | I79: =SUM(I69:I78) -> 67 | J79: =SUM(J69:J78) -> 12 | K79: =SUM(K69:K78) -> 75 | L79: =SUM(L69:L78) -> 42 | ... AF79: =SUM(AF69:AF78) -> 1429
A81: A.1 | B81: 4. | C81: Partai Golongan Karya | E81: 2 | F81: 2 | G81: 9 | H81: 0 | I81: 0 | J81: 1 | K81: 2 | L81: 2 | M81: 1 | N81: 1 | O81: 9 | P81: 2 | Q81: 6 | R81: 0 | S81: 2 | T81: 0 | U81: 1 | V81: 2 | W81: 3 | X81: 2 | Y81: 3 | Z81: 4 | AA81: 0 | AB81: 2 | AC81: 2 | AD81: 0 | AE81: 0 | AF81: =SUM(E81:AE81) -> 58
A82: A.2 | B82: 1 | C82: 1. ZULFIKAR ARSE SADIKIN, S.I.P., M.Si. | E82: 11 | F82: 19 | G82: 49 | H82: 3 | I82: 1 | J82: 0 | K82: 8 | L82: 5 | M82: 16 | N82: 7 | O82: 10 | P82: 10 | Q82: 34 | R82: 33 | S82: 3 | T82: 2 | U82: 5 | V82: 2 | W82: 2 | X82: 1 | Y82: 14 | Z82: 9 | AA82: 5 | AB82: 1 | AC82: 7 | AD82: 0 | AE82: 0 | AF82: =SUM(E82:AE82) -> 257
B83: 2 | C83: 2. HANDOKO | E83: 6 | F83: 1 | G83: 5 | H83: 5 | I83: 2 | J83: 1 | K83: 2 | L83: 4 | M83: 1 | N83: 0 | O83: 1 | P83: 2 | Q83: 1 | R83: 1 | S83: 3 | T83: 2 | U83: 2 | V83: 0 | W83: 2 | X83: 2 | Y83: 3 | Z83: 7 | AA83: 0 | AB83: 1 | AC83: 0 | AD83: 0 | AE83: 2 | AF83: =SUM(E83:AE83) -> 56
B84: 3 | C84: 3. Hj. OVI DEWI YANTI | E84: 0 | F84: 1 | G84: 1 | H84: 0 | I84: 0 | J84: 0 | K84: 0 | L84: 1 | M84: 0 | N84: 1 | O84: 1 | P84: 0 | Q84: 0 | R84: 0 | S84: 1 | T84: 1 | U84: 0 | V84: 0 | W84: 0 | X84: 4 | Y84: 0 | Z84: 0 | AA84: 0 | AB84: 1 | AC84: 0 | AD84: 0 | AE84: 0 | AF84: =SUM(E84:AE84) -> 12
B85: 4 | C85: 4. Ir. AZAM AZMAN NATAWIJANA | E85: 3 | F85: 1 | G85: 1 | H85: 1 | I85: 1 | J85: 0 | K85: 0 | L85: 0 | M85: 0 | N85: 0 | O85: 1 | P85: 1 | Q85: 0 | R85: 0 | S85: 0 | T85: 1 | U85: 0 | V85: 0 | W85: 0 | X85: 0 | Y85: 0 | Z85: 0 | AA85: 0 | AB85: 0 | AC85: 0 | AD85: 0 | AE85: 0 | AF85: =SUM(E85:AE85) -> 10
B86: 5 | C86: 5. UBAIDILLAH AMIN, S.Kom. | E86: 1 | F86: 0 | G86: 4 | H86: 0 | I86: 2 | J86: 0 | K86: 0 | L86: 0 | M86: 0 | N86: 1 | O86: 0 | P86: 1 | Q86: 0 | R86: 0 | S86: 0 | T86: 0 | U86: 0 | V86: 0 | W86: 0 | X86: 3 | Y86: 1 | Z86: 0 | AA86: 0 | AB86: 0 | AC86: 0 | AD86: 0 | AE86: 0 | AF86: =SUM(E86:AE86) -> 13
B87: 6 | C87: 6. DENNY YUNIANDARI, S.H., M.Kn. | E87: 0 | F87: 0 | G87: 0 | H87: 0 | I87: 1 | J87: 0 | K87: 0 | L87: 0 | M87: 0 | N87: 0 | O87: 0 | P87: 0 | Q87: 0 | R87: 0 | S87: 1 | T87: 0 | U87: 0 | V87: 0 | W87: 0 | X87: 0 | Y87: 1 | Z87: 1 | AA87: 0 | AB87: 0 | AC87: 0 | AD87: 0 | AE87: 0 | AF87: =SUM(E87:AE87) -> 4
B88: 7 | C88: 7. ERNADI, S.H.I. | E88: 0 | F88: 0 | G88: 0 | H88: 0 | I88: 0 | J88: 0 | K88: 0 | L88: 0 | M88: 0 | N88: 0 | O88: 0 | P88: 0 | Q88: 0 | R88: 0 | S88: 0 | T88: 0 | U88: 0 | V88: 0 | W88: 0 | X88: 0 | Y88: 0 | Z88: 0 | AA88: 0 | AB88: 0 | AC88: 0 | AD88: 0 | AE88: 0 | AF88: =SUM(E88:AE88) -> 0
A91: B | B91: JUMLAH SUARA SAH PARTAI POLITIK DAN CALON (A1 + A2) | E91: =SUM(E81:E90) -> 23 | F91: =SUM(F81:F90) -> 24 | G91: =SUM(G81:G90) -> 69 | H91: =SUM(H81:H90) -> 9 | I91: =SUM(I81:I90) -> 7 | J91: =SUM(J81:J90) -> 2 | K91: =SUM(K81:K90) -> 12 | L91: =SUM(L81:L90) -> 12 | ... AF91: =SUM(AF81:AF90) -> 410
A93: A.1 | B93: 5. | C93: Partai NasDem | E93: 2 | F93: 3 | G93: 5 | H93: 2 | I93: 2 | J93: 0 | K93: 1 | L93: 6 | M93: 0 | N93: 3 | O93: 2 | P93: 1 | Q93: 6 | R93: 4 | S93: 6 | T93: 0 | U93: 5 | V93: 7 | W93: 1 | X93: 4 | Y93: 7 | Z93: 9 | AA93: 2 | AB93: 4 | AC93: 3 | AD93: 1 | AE93: 0 | AF93: =SUM(E93:AE93) -> 86
A94: A.2 | B94: 1 | C94: 1. ACH. FADIL MUZAKKI SYAH | E94: 2 | F94: 1 | G94: 3 | H94: 0 | I94: 0 | J94: 3 | K94: 1 | L94: 1 | M94: 0 | N94: 0 | O94: 1 | P94: 0 | Q94: 2 | R94: 2 | S94: 2 | T94: 3 | U94: 1 | V94: 1 | W94: 4 | X94: 0 | Y94: 0 | Z94: 0 | AA94: 1 | AB94: 2 | AC94: 0 | AD94: 1 | AE94: 1 | AF94: =SUM(E94:AE94) -> 32
B95: 2 | C95: 2. BENY | E95: 0 | F95: 0 | G95: 0 | H95: 0 | I95: 0 | J95: 0 | K95: 1 | L95: 0 | M95: 0 | N95: 0 | O95: 0 | P95: 4 | Q95: 0 | R95: 0 | S95: 1 | T95: 0 | U95: 2 | V95: 1 | W95: 0 | X95: 0 | Y95: 0 | Z95: 0 | AA95: 2 | AB95: 1 | AC95: 2 | AD95: 0 | AE95: 0 | AF95: =SUM(E95:AE95) -> 14
B96: 3 | C96: 3. VINA VERONIKA | E96: 1 | F96: 1 | G96: 1 | H96: 1 | I96: 0 | J96: 0 | K96: 0 | L96: 2 | M96: 0 | N96: 1 | O96: 0 | P96: 0 | Q96: 0 | R96: 0 | S96: 0 | T96: 0 | U96: 1 | V96: 0 | W96: 0 | X96: 0 | Y96: 0 | Z96: 0 | AA96: 2 | AB96: 2 | AC96: 1 | AD96: 0 | AE96: 0 | AF96: =SUM(E96:AE96) -> 13
B97: 4 | C97: 4. TEDDY ANUGRIANTO | E97: 1 | F97: 1 | G97: 1 | H97: 0 | I97: 2 | J97: 0 | K97: 1 | L97: 1 | M97: 0 | N97: 0 | O97: 2 | P97: 0 | Q97: 1 | R97: 0 | S97: 2 | T97: 1 | U97: 0 | V97: 1 | W97: 0 | X97: 2 | Y97: 12 | Z97: 27 | AA97: 2 | AB97: 2 | AC97: 2 | AD97: 0 | AE97: 0 | AF97: =SUM(E97:AE97) -> 61
B98: 5 | C98: 5. INSAN KAMIL | E98: 1 | F98: 2 | G98: 1 | H98: 0 | I98: 0 | J98: 0 | K98: 0 | L98: 0 | M98: 0 | N98: 0 | O98: 1 | P98: 1 | Q98: 0 | R98: 0 | S98: 2 | T98: 1 | U98: 1 | V98: 1 | W98: 0 | X98: 0 | Y98: 2 | Z98: 2 | AA98: 2 | AB98: 4 | AC98: 2 | AD98: 0 | AE98: 0 | AF98: =SUM(E98:AE98) -> 23
B99: 6 | C99: 6. LILIK LINDARWATI | E99: 0 | F99: 0 | G99: 1 | H99: 0 | I99: 0 | J99: 0 | K99: 0 | L99: 0 | M99: 0 | N99: 0 | O99: 0 | P99: 0 | Q99: 0 | R99: 0 | S99: 0 | T99: 0 | U99: 0 | V99: 0 | W99: 0 | X99: 1 | Y99: 0 | Z99: 1 | AA99: 1 | AB99: 1 | AC99: 0 | AD99: 0 | AE99: 0 | AF99: =SUM(E99:AE99) -> 5
B100: 7 | C100: 7. YULI ANITA | E100: 1 | F100: 0 | G100: 0 | H100: 0 | I100: 0 | J100: 0 | K100: 0 | L100: 0 | M100: 0 | N100: 0 | O100: 1 | P100: 0 | Q100: 1 | R100: 0 | S100: 1 | T100: 1 | U100: 0 | V100: 1 | W100: 0 | X100: 0 | Y100: 0 | Z100: 0 | AA100: 0 | AB100: 0 | AC100: 0 | AD100: 0 | AE100: 0 | AF100: =SUM(E100:AE100) -> 6
A103: B | B103: JUMLAH SUARA SAH PARTAI POLITIK DAN CALON (A1 + A2) | E103: =SUM(E93:E102) -> 8 | F103: =SUM(F93:F102) -> 8 | G103: =SUM(G93:G102) -> 12 | H103: =SUM(H93:H102) -> 3 | I103: =SUM(I93:I102) -> 4 | J103: =SUM(J93:J102) -> 3 | K103: =SUM(K93:K102) -> 4 | L103: =SUM(L93:L102) -> 10 | ... AF103: =SUM(AF93:AF102) -> 240
A105: A.1 | B105: 6. | C105: Partai Buruh | E105: 0 | F105: 0 | G105: 0 | H105: 0 | I105: 0 | J105: 0 | K105: 0 | L105: 0 | M105: 1 | N105: 0 | O105: 0 | P105: 0 | Q105: 1 | R105: 0 | S105: 1 | T105: 1 | U105: 0 | V105: 0 | W105: 0 | X105: 0 | Y105: 0 | Z105: 0 | AA105: 0 | AB105: 0 | AC105: 0 | AD105: 0 | AE105: 0 | AF105: =SUM(E105:AE105) -> 4
A106: A.2 | B106: 1 | C106: 1. KHOIRUL ANAM | E106: 0 | F106: 0 | G106: 0 | H106: 0 | I106: 0 | J106: 0 | K106: 0 | L106: 0 | M106: 0 | N106: 0 | O106: 1 | P106: 0 | Q106: 0 | R106: 0 | S106: 0 | T106: 0 | U106: 2 | V106: 1 | W106: 0 | X106: 0 | Y106: 0 | Z106: 0 | AA106: 0 | AB106: 0 | AC106: 0 | AD106: 0 | AE106: 0 | AF106: =SUM(E106:AE106) -> 4
B107: 2 | C107: 2. INA KURNIA | E107: 0 | F107: 0 | G107: 1 | H107: 2 | I107: 0 | J107: 0 | K107: 1 | L107: 0 | M107: 0 | N107: 0 | O107: 0 | P107: 0 | Q107: 0 | R107: 0 | S107: 0 | T107: 0 | U107: 0 | V107: 0 | W107: 0 | X107: 0 | Y107: 0 | Z107: 0 | AA107: 2 | AB107: 1 | AC107: 1 | AD107: 0 | AE107: 0 | AF107: =SUM(E107:AE107) -> 8
B108: 3 | C108: 3. JIBRAL TAROUK | E108: 0 | F108: 0 | G108: 0 | H108: 0 | I108: 0 | J108: 0 | K108: 0 | L108: 0 | M108: 0 | N108: 0 | O108: 0 | P108: 1 | Q108: 0 | R108: 0 | S108: 0 | T108: 0 | U108: 0 | V108: 0 | W108: 0 | X108: 1 | Y108: 0 | Z108: 0 | AA108: 0 | AB108: 0 | AC108: 0 | AD108: 0 | AE108: 0 | AF108: =SUM(E108:AE108) -> 2
B109: 4 | C109: 4. ASTUTI DAENG PUJI | E109: 0 | F109: 0 | G109: 0 | H109: 0 | I109: 0 | J109: 0 | K109: 1 | L109: 0 | M109: 0 | N109: 0 | O109: 0 | P109: 0 | Q109: 0 | R109: 0 | S109: 0 | T109: 0 | U109: 0 | V109: 0 | W109: 0 | X109: 0 | Y109: 0 | Z109: 0 | AA109: 0 | AB109: 0 | AC109: 1 | AD109: 0 | AE109: 0 | AF109: =SUM(E109:AE109) -> 2
B110: 5 | C110: 5. ASDARMAWAN | E110: 0 | F110: 0 | G110: 0 | H110: 0 | I110: 0 | J110: 0 | K110: 0 | L110: 0 | M110: 0 | N110: 0 | O110: 0 | P110: 0 | Q110: 0 | R110: 0 | S110: 0 | T110: 0 | U110: 0 | V110: 0 | W110: 0 | X110: 0 | Y110: 0 | Z110: 0 | AA110: 0 | AB110: 0 | AC110: 0 | AD110: 0 | AE110: 0 | AF110: =SUM(E110:AE110) -> 0
B111: 6 | C111: 6. RIFQI MUBAROK | E111: 0 | F111: 0 | G111: 0 | H111: 0 | I111: 0 | J111: 0 | K111: 0 | L111: 0 | M111: 0 | N111: 0 | O111: 0 | P111: 0 | Q111: 0 | R111: 0 | S111: 0 | T111: 0 | U111: 0 | V111: 0 | W111: 0 | X111: 0 | Y111: 0 | Z111: 0 | AA111: 0 | AB111: 0 | AC111: 0 | AD111: 0 | AE111: 0 | AF111: =SUM(E111:AE111) -> 0
B112: 7 | C112: 7. FIRNANDA ALTA MEGA | E112: 0 | F112: 0 | G112: 0 | H112: 0 | I112: 0 | J112: 0 | K112: 0 | L112: 0 | M112: 0 | N112: 0 | O112: 0 | P112: 0 | Q112: 0 | R112: 0 | S112: 0 | T112: 0 | U112: 0 | V112: 0 | W112: 0 | X112: 0 | Y112: 0 | Z112: 0 | AA112: 0 | AB112: 0 | AC112: 0 | AD112: 0 | AE112: 0 | AF112: =SUM(E112:AE112) -> 0
A115: B | B115: JUMLAH SUARA SAH PARTAI POLITIK DAN CALON (A1 + A2) | E115: =SUM(E105:E114) -> 0 | F115: =SUM(F105:F114) -> 0 | G115: =SUM(G105:G114) -> 1 | H115: =SUM(H105:H114) -> 2 | I115: =SUM(I105:I114) -> 0 | J115: =SUM(J105:J114) -> 0 | K115: =SUM(K105:K114) -> 2 | L115: =SUM(L105:L114) -> 0 | ... AF115: =SUM(AF105:AF114) -> 20
A117: A.1 | B117: 7. | C117: Partai Gelombang Rakyat Indonesia | E117: 2 | F117: 3 | G117: 0 | H117: 1 | I117: 0 | J117: 1 | K117: 1 | L117: 1 | M117: 1 | N117: 0 | O117: 0 | P117: 0 | Q117: 1 | R117: 0 | S117: 0 | T117: 3 | U117: 0 | V117: 1 | W117: 0 | X117: 0 | Y117: 0 | Z117: 0 | AA117: 0 | AB117: 3 | AC117: 1 | AD117: 3 | AE117: 2 | AF117: =SUM(E117:AE117) -> 24
A118: A.2 | B118: 1 | C118: 1. TITI WIDORETNO WARISMAN | E118: 0 | F118: 0 | G118: 1 | H118: 1 | I118: 0 | J118: 0 | K118: 0 | L118: 0 | M118: 0 | N118: 0 | O118: 0 | P118: 0 | Q118: 0 | R118: 0 | S118: 1 | T118: 0 | U118: 0 | V118: 0 | W118: 0 | X118: 0 | Y118: 0 | Z118: 0 | AA118: 0 | AB118: 0 | AC118: 0 | AD118: 1 | AE118: 0 | AF118: =SUM(E118:AE118) -> 4
B119: 2 | C119: 2. MAMIEK SETYANINGSIH | E119: 0 | F119: 0 | G119: 0 | H119: 0 | I119: 0 | J119: 0 | K119: 0 | L119: 0 | M119: 0 | N119: 0 | O119: 0 | P119: 0 | Q119: 0 | R119: 0 | S119: 0 | T119: 1 | U119: 0 | V119: 0 | W119: 0 | X119: 0 | Y119: 0 | Z119: 1 | AA119: 0 | AB119: 0 | AC119: 0 | AD119: 0 | AE119: 1 | AF119: =SUM(E119:AE119) -> 3
B120: 3 | C120: 3. ROMIL AZIZEN | E120: 0 | F120: 0 | G120: 0 | H120: 1 | I120: 0 | J120: 0 | K120: 0 | L120: 0 | M120: 0 | N120: 0 | O120: 0 | P120: 1 | Q120: 0 | R120: 0 | S120: 0 | T120: 0 | U120: 1 | V120: 0 | W120: 0 | X120: 0 | Y120: 0 | Z120: 1 | AA120: 0 | AB120: 0 | AC120: 0 | AD120: 1 | AE120: 0 | AF120: =SUM(E120:AE120) -> 5
A127: B | B127: JUMLAH SUARA SAH PARTAI POLITIK DAN CALON (A1 + A2) | E127: =SUM(E117:E126) -> 2 | F127: =SUM(F117:F126) -> 3 | G127: =SUM(G117:G126) -> 1 | H127: =SUM(H117:H126) -> 3 | I127: =SUM(I117:I126) -> 0 | J127: =SUM(J117:J126) -> 1 | K127: =SUM(K117:K126) -> 1 | L127: =SUM(L117:L126) -> 1 | ... AF127: =SUM(AF117:AF126) -> 36
A129: A.1 | B129: 8. | C129: Partai Keadilan Sejahtera | E129: 0 | F129: 0 | G129: 0 | H129: 0 | I129: 0 | J129: 0 | K129: 1 | L129: 0 | M129: 0 | N129: 1 | O129: 0 | P129: 0 | Q129: 0 | R129: 0 | S129: 0 | T129: 1 | U129: 0 | V129: 0 | W129: 1 | X129: 0 | Y129: 0 | Z129: 1 | AA129: 0 | AB129: 0 | AC129: 0 | AD129: 0 | AE129: 0 | AF129: =SUM(E129:AE129) -> 5
A130: A.2 | B130: 1 | C130: 1. H. SAIMI SALEH, S.E., M.M. | E130: 1 | F130: 1 | G130: 2 | H130: 0 | I130: 0 | J130: 0 | K130: 2 | L130: 1 | M130: 0 | N130: 0 | O130: 3 | P130: 0 | Q130: 0 | R130: 0 | S130: 0 | T130: 0 | U130: 0 | V130: 0 | W130: 0 | X130: 1 | Y130: 0 | Z130: 0 | AA130: 0 | AB130: 0 | AC130: 0 | AD130: 0 | AE130: 0 | AF130: =SUM(E130:AE130) -> 11
B131: 2 | C131: 2. Prof. Dr. H. EGGI SUDJANA, S.H., M.Si. | E131: 0 | F131: 0 | G131: 1 | H131: 0 | I131: 0 | J131: 0 | K131: 0 | L131: 0 | M131: 0 | N131: 0 | O131: 0 | P131: 0 | Q131: 1 | R131: 0 | S131: 1 | T131: 0 | U131: 1 | V131: 1 | W131: 0 | X131: 0 | Y131: 0 | Z131: 0 | AA131: 0 | AB131: 0 | AC131: 1 | AD131: 0 | AE131: 0 | AF131: =SUM(E131:AE131) -> 6
B132: 3 | C132: 3. NURUL KHOTIMAH | E132: 0 | F132: 0 | G132: 0 | H132: 0 | I132: 0 | J132: 0 | K132: 0 | L132: 0 | M132: 0 | N132: 0 | O132: 0 | P132: 0 | Q132: 0 | R132: 0 | S132: 0 | T132: 1 | U132: 0 | V132: 0 | W132: 0 | X132: 0 | Y132: 0 | Z132: 0 | AA132: 0 | AB132: 0 | AC132: 0 | AD132: 0 | AE132: 0 | AF132: =SUM(E132:AE132) -> 1
B133: 4 | C133: 4. AKHMAD SUYANTO, S.T., M.T. | E133: 0 | F133: 0 | G133: 0 | H133: 0 | I133: 0 | J133: 0 | K133: 0 | L133: 0 | M133: 0 | N133: 1 | O133: 0 | P133: 1 | Q133: 0 | R133: 0 | S133: 0 | T133: 0 | U133: 0 | V133: 0 | W133: 0 | X133: 0 | Y133: 0 | Z133: 0 | AA133: 0 | AB133: 0 | AC133: 0 | AD133: 0 | AE133: 0 | AF133: =SUM(E133:AE133) -> 2
B134: 5 | C134: 5. PUJIYATNI | E134: 0 | F134: 0 | G134: 0 | H134: 0 | I134: 0 | J134: 0 | K134: 0 | L134: 0 | M134: 0 | N134: 0 | O134: 0 | P134: 0 | Q134: 0 | R134: 1 | S134: 0 | T134: 0 | U134: 0 | V134: 0 | W134: 0 | X134: 0 | Y134: 0 | Z134: 0 | AA134: 0 | AB134: 0 | AC134: 0 | AD134: 0 | AE134: 0 | AF134: =SUM(E134:AE134) -> 1
B135: 6 | C135: 6. HENI PURWATININGSIH | E135: 0 | F135: 0 | G135: 0 | H135: 0 | I135: 0 | J135: 0 | K135: 0 | L135: 0 | M135: 0 | N135: 0 | O135: 0 | P135: 0 | Q135: 0 | R135: 0 | S135: 0 | T135: 0 | U135: 0 | V135: 0 | W135: 0 | X135: 0 | Y135: 0 | Z135: 0 | AA135: 0 | AB135: 0 | AC135: 0 | AD135: 0 | AE135: 0 | AF135: =SUM(E135:AE135) -> 0
B136: 7 | C136: 7. MUHADI | E136: 0 | F136: 0 | G136: 0 | H136: 0 | I136: 0 | J136: 0 | K136: 0 | L136: 0 | M136: 0 | N136: 0 | O136: 0 | P136: 0 | Q136: 0 | R136: 1 | S136: 0 | T136: 0 | U136: 0 | V136: 0 | W136: 0 | X136: 0 | Y136: 0 | Z136: 0 | AA136: 0 | AB136: 0 | AC136: 0 | AD136: 0 | AE136: 0 | AF136: =SUM(E136:AE136) -> 1
...

Sheet SAMBIREJO
C2: Kecamatan | D2: BANGOREJO
C3: Kabupaten | D3: BANYUWANGI
C4: Provinsi | D4: JAWA TIMUR
C9: Kelurahan | D9: SAMBIREJO
A12: I | B12: DATA PEMILIH DAN PENGGUNAAN HAK PILIH | AF12: JUMLAH AKHIR
A13: A | B13: DATA PEMILIH | E13: TPS 001 | F13: TPS 002 | G13: TPS 003 | H13: TPS 004 | I13: TPS 005 | J13: TPS 006 | K13: TPS 007 | L13: TPS 008 | M13: TPS 009 | N13: TPS 010 | O13: TPS 011 | P13: TPS 012 | Q13: TPS 013 | R13: TPS 014 | S13: TPS 015 | T13: TPS 016 | U13: TPS 017 | V13: TPS 018 | W13: TPS 019 | X13: TPS 020 | Y13: TPS 021 | Z13: TPS 022 | AA13: TPS 023 | AB13: TPS 024 | AC13: TPS 025 | AD13: TPS 026 | AE13: TPS 027
B14: Jumlah Pemilih dalam Daftar Pemilih Tetap (DPT) | D14: LK | E14: 154 | F14: 144 | G14: 142 | H14: 113 | I14: 124 | J14: 132 | K14: 113 | L14: 131 | M14: 131 | N14: 116 | O14: 138 | P14: 130 | Q14: 147 | R14: 152 | S14: 146 | T14: 121 | U14: 142 | V14: 144 | W14: 120 | X14: 113 | Y14: 139 | Z14: 129 | AA14: 138 | AB14: 150 | AC14: 136 | AD14: 131 | AE14: 137 | AF14: =SUM(E14:AE14) -> 3613
D15: PR | E15: 141 | F15: 136 | G15: 135 | H15: 116 | I15: 108 | J15: 134 | K15: 125 | L15: 148 | M15: 149 | N15: 115 | O15: 124 | P15: 132 | Q15: 139 | R15: 131 | S15: 138 | T15: 114 | U15: 139 | V15: 132 | W15: 118 | X15: 126 | Y15: 138 | Z15: 125 | AA15: 141 | AB15: 129 | AC15: 146 | AD15: 125 | AE15: 146 | AF15: =SUM(E15:AE15) -> 3550
D16: JML | E16: =SUM(E14:E15) -> 295 | F16: =SUM(F14:F15) -> 280 | G16: =SUM(G14:G15) -> 277 | H16: =SUM(H14:H15) -> 229 | I16: =SUM(I14:I15) -> 232 | J16: =SUM(J14:J15) -> 266 | K16: =SUM(K14:K15) -> 238 | L16: =SUM(L14:L15) -> 279 | ... AE16: =SUM(AE14:AE15) -> 283 | AF16: =SUM(E16:AE16) -> 7163
A18: B | B18: PENGGUNA HAK PILIH
B19: 1. | C19: Jumlah pengguna hak pilih dalam Daftar Pemilih Tetap (DPT) | D19: LK | E19: 130 | F19: 127 | G19: 99 | H19: 92 | I19: 98 | J19: 107 | K19: 89 | L19: 92 | M19: 94 | N19: 79 | O19: 104 | P19: 95 | Q19: 110 | R19: 105 | S19: 99 | T19: 83 | U19: 98 | V19: 102 | W19: 102 | X19: 88 | Y19: 103 | Z19: 102 | AA19: 114 | AB19: 104 | AC19: 103 | AD19: 109 | AE19: 105 | AF19: =SUM(E19:AE19) -> 2733
D20: PR | E20: 112 | F20: 109 | G20: 115 | H20: 90 | I20: 89 | J20: 108 | K20: 101 | L20: 123 | M20: 121 | N20: 91 | O20: 95 | P20: 95 | Q20: 111 | R20: 100 | S20: 101 | T20: 81 | U20: 102 | V20: 92 | W20: 97 | X20: 94 | Y20: 110 | Z20: 103 | AA20: 121 | AB20: 107 | AC20: 119 | AD20: 105 | AE20: 108 | AF20: =SUM(E20:AE20) -> 2800
D21: JML | E21: =SUM(E19:E20) -> 242 | F21: =SUM(F19:F20) -> 236 | G21: =SUM(G19:G20) -> 214 | H21: =SUM(H19:H20) -> 182 | I21: =SUM(I19:I20) -> 187 | J21: =SUM(J19:J20) -> 215 | K21: =SUM(K19:K20) -> 190 | L21: =SUM(L19:L20) -> 215 | ... AE21: =SUM(AE19:AE20) -> 213 | AF21: =SUM(E21:AE21) -> 5533
B22: 2. | C22: Jumlah pengguna hak pilih dalam Daftar Pemilih Tambahan (DPTb) | D22: LK | E22: 0 | F22: 1 | G22: 0 | H22: 0 | I22: 0 | J22: 0 | K22: 0 | L22: 0 | M22: 0 | N22: 0 | O22: 0 | P22: 0 | Q22: 0 | R22: 0 | S22: 0 | T22: 0 | U22: 0 | V22: 0 | W22: 0 | X22: 0 | Y22: 0 | Z22: 0 | AA22: 0 | AB22: 0 | AC22: 0 | AD22: 0 | AE22: 0 | AF22: =SUM(E22:AE22) -> 1
D23: PR | E23: 0 | F23: 1 | G23: 0 | H23: 0 | I23: 0 | J23: 0 | K23: 0 | L23: 0 | M23: 0 | N23: 0 | O23: 0 | P23: 0 | Q23: 0 | R23: 0 | S23: 0 | T23: 0 | U23: 0 | V23: 0 | W23: 0 | X23: 0 | Y23: 0 | Z23: 0 | AA23: 1 | AB23: 1 | AC23: 0 | AD23: 1 | AE23: 0 | AF23: =SUM(E23:AE23) -> 4
D24: JML | E24: =SUM(E22:E23) -> 0 | F24: =SUM(F22:F23) -> 2 | G24: =SUM(G22:G23) -> 0 | H24: =SUM(H22:H23) -> 0 | I24: =SUM(I22:I23) -> 0 | J24: =SUM(J22:J23) -> 0 | K24: =SUM(K22:K23) -> 0 | L24: =SUM(L22:L23) -> 0 | ... AE24: =SUM(AE22:AE23) -> 0 | AF24: =SUM(E24:AE24) -> 5
B25: 3. | C25: Jumlah pengguna hak pilih dalam Daftar Pemilih Khusus (DPK) | D25: LK | E25: 0 | F25: 2 | G25: 2 | H25: 1 | I25: 0 | J25: 0 | K25: 2 | L25: 0 | M25: 0 | N25: 1 | O25: 3 | P25: 1 | Q25: 0 | R25: 0 | S25: 1 | T25: 2 | U25: 0 | V25: 0 | W25: 0 | X25: 0 | Y25: 1 | Z25: 2 | AA25: 0 | AB25: 0 | AC25: 1 | AD25: 0 | AE25: 0 | AF25: =SUM(E25:AE25) -> 19
D26: PR | E26: 0 | F26: 3 | G26: 2 | H26: 4 | I26: 0 | J26: 0 | K26: 0 | L26: 0 | M26: 0 | N26: 1 | O26: 0 | P26: 0 | Q26: 0 | R26: 0 | S26: 1 | T26: 1 | U26: 0 | V26: 3 | W26: 1 | X26: 3 | Y26: 1 | Z26: 0 | AA26: 0 | AB26: 0 | AC26: 1 | AD26: 2 | AE26: 1 | AF26: =SUM(E26:AE26) -> 24
D27: JML | E27: =SUM(E25:E26) -> 0 | F27: =SUM(F25:F26) -> 5 | G27: =SUM(G25:G26) -> 4 | H27: =SUM(H25:H26) -> 5 | I27: =SUM(I25:I26) -> 0 | J27: =SUM(J25:J26) -> 0 | K27: =SUM(K25:K26) -> 2 | L27: =SUM(L25:L26) -> 0 | ... AE27: =SUM(AE25:AE26) -> 1 | AF27: =SUM(E27:AE27) -> 43
B28: 4. | C28: Jumlah Pengguna Hak Pilih (B.1+B.2+B.3) | D28: LK | E28: =SUM(E19,E22,E25) -> 130 | F28: =SUM(F19,F22,F25) -> 130 | G28: =SUM(G19,G22,G25) -> 101 | H28: =SUM(H19,H22,H25) -> 93 | I28: =SUM(I19,I22,I25) -> 98 | J28: =SUM(J19,J22,J25) -> 107 | K28: =SUM(K19,K22,K25) -> 91 | L28: =SUM(L19,L22,L25) -> 92 | ... AE28: =SUM(AE19,AE22,AE25) -> 105 | AF28: =SUM(E28:AE28) -> 2753
D29: PR | E29: =SUM(E20,E23,E26) -> 112 | F29: =SUM(F20,F23,F26) -> 113 | G29: =SUM(G20,G23,G26) -> 117 | H29: =SUM(H20,H23,H26) -> 94 | I29: =SUM(I20,I23,I26) -> 89 | J29: =SUM(J20,J23,J26) -> 108 | K29: =SUM(K20,K23,K26) -> 101 | L29: =SUM(L20,L23,L26) -> 123 | ... AE29: =SUM(AE20,AE23,AE26) -> 109 | AF29: =SUM(E29:AE29) -> 2828
D30: JML | E30: =SUM(E28:E29) -> 242 | F30: =SUM(F28:F29) -> 243 | G30: =SUM(G28:G29) -> 218 | H30: =SUM(H28:H29) -> 187 | I30: =SUM(I28:I29) -> 187 | J30: =SUM(J28:J29) -> 215 | K30: =SUM(K28:K29) -> 192 | L30: =SUM(L28:L29) -> 215 | ... AE30: =SUM(AE28:AE29) -> 214 | AF30: =SUM(E30:AE30) -> 5581
A32: II | B32: DATA PENGGUNAAN SURAT SUARA
A33: 1 | B33: Jumlah surat suara yang diterima, termasuk surat suara cadangan 2,5% dari DPT | E33: 300 | F33: 288 | G33: 293 | H33: 234 | I33: 235 | J33: 272 | K33: 243 | L33: 285 | M33: 286 | N33: 236 | O33: 268 | P33: 268 | Q33: 291 | R33: 289 | S33: 290 | T33: 240 | U33: 287 | V33: 276 | W33: 243 | X33: 244 | Y33: 283 | Z33: 260 | AA33: 285 | AB33: 285 | AC33: 288 | AD33: 262 | AE33: 289 | AF33: =SUM(E33:AE33) -> 7320
A34: 2 | B34: Jumlah surat suara yang digunakan | E34: 242 | F34: 243 | G34: 218 | H34: 187 | I34: 187 | J34: 215 | K34: 192 | L34: 215 | M34: 215 | N34: 172 | O34: 202 | P34: 191 | Q34: 221 | R34: 205 | S34: 202 | T34: 167 | U34: 200 | V34: 197 | W34: 200 | X34: 185 | Y34: 215 | Z34: 207 | AA34: 236 | AB34: 212 | AC34: 224 | AD34: 217 | AE34: 214 | AF34: =SUM(E34:AE34) -> 5581
A35: 3 | B35: Jumlah surat suara dikembalikan oleh pemilih (karena rusak atau keliru coblos) | E35: 3 | F35: 0 | G35: 0 | H35: 0 | I35: 0 | J35: 3 | K35: 4 | L35: 1 | M35: 0 | N35: 0 | O35: 0 | P35: 0 | Q35: 0 | R35: 0 | S35: 0 | T35: 0 | U35: 0 | V35: 0 | W35: 0 | X35: 1 | Y35: 2 | Z35: 0 | AA35: 0 | AB35: 0 | AC35: 0 | AD35: 0 | AE35: 0 | AF35: =SUM(E35:AE35) -> 14
A36: 4 | B36: Jumlah surat suara yang tidak digunakan/tidak terpakai, termasuk sisa surat suara cadangan | E36: =E33-(E34+E35) -> 55 | F36: =F33-(F34+F35) -> 45 | G36: =G33-(G34+G35) -> 75 | H36: =H33-(H34+H35) -> 47 | I36: =I33-(I34+I35) -> 48 | J36: =J33-(J34+J35) -> 54 | K36: =K33-(K34+K35) -> 47 | L36: =L33-(L34+L35) -> 69 | ... AE36: =AE33-(AE34+AE35) -> 75 | AF36: =SUM(E36:AE36) -> 1725
A38: III | B38: DATA PEMILIH DISABILITAS
B39: Jumlah seluruh Pemilih disabilitas yang menggunakan hak pilih | D39: LK | E39: 0 | F39: 1 | G39: 0 | H39: 0 | I39: 0 | J39: 0 | K39: 0 | L39: 0 | M39: 0 | N39: 0 | O39: 0 | P39: 0 | Q39: 0 | R39: 0 | S39: 0 | T39: 0 | U39: 0 | V39: 1 | W39: 0 | X39: 0 | Y39: 0 | Z39: 0 | AA39: 0 | AB39: 0 | AC39: 1 | AD39: 0 | AE39: 0 | AF39: =SUM(E39:AE39) -> 3
D40: PR | E40: 1 | F40: 0 | G40: 0 | H40: 0 | I40: 0 | J40: 0 | K40: 0 | L40: 0 | M40: 0 | N40: 0 | O40: 0 | P40: 0 | Q40: 0 | R40: 0 | S40: 0 | T40: 0 | U40: 0 | V40: 0 | W40: 0 | X40: 0 | Y40: 0 | Z40: 0 | AA40: 0 | AB40: 0 | AC40: 0 | AD40: 0 | AE40: 1 | AF40: =SUM(E40:AE40) -> 2
D41: JML | E41: =SUM(E39:E40) -> 1 | F41: =SUM(F39:F40) -> 1 | G41: =SUM(G39:G40) -> 0 | H41: =SUM(H39:H40) -> 0 | I41: =SUM(I39:I40) -> 0 | J41: =SUM(J39:J40) -> 0 | K41: =SUM(K39:K40) -> 0 | L41: =SUM(L39:L40) -> 0 | ... AE41: =SUM(AE39:AE40) -> 1 | AF41: =SUM(E41:AE41) -> 5
A43: IV | B43: DATA RINCIAN PEROLEHAN SUARA PASANGAN CALON BUPATI DAN WAKIL BUPATI
A44: NOMOR DAN NAMA CALON
A45: A.1 | B45: 1. | C45: Partai Kebangkitan Bangsa | E45: 3 | F45: 10 | G45: 19 | H45: 8 | I45: 2 | J45: 6 | K45: 6 | L45: 4 | M45: 0 | N45: 3 | O45: 1 | P45: 1 | Q45: 7 | R45: 10 | S45: 5 | T45: 8 | U45: 9 | V45: 4 | W45: 0 | X45: 10 | Y45: 8 | Z45: 5 | AA45: 3 | AB45: 2 | AC45: 5 | AD45: 1 | AE45: 3 | AF45: =SUM(E45:AE45) -> 143
A46: A.2 | B46: 1 | C46: 1. Dr. Hj. NIHAYATUL WAFIROH, M.A. | E46: 40 | F46: 24 | G46: 72 | H46: 38 | I46: 3 | J46: 17 | K46: 21 | L46: 21 | M46: 2 | N46: 16 | O46: 2 | P46: 17 | Q46: 31 | R46: 28 | S46: 16 | T46: 13 | U46: 36 | V46: 9 | W46: 19 | X46: 17 | Y46: 20 | Z46: 24 | AA46: 26 | AB46: 8 | AC46: 0 | AD46: 16 | AE46: 11 | AF46: =SUM(E46:AE46) -> 547
B47: 2 | C47: 2. H. M. NASIM KHAN | E47: 0 | F47: 0 | G47: 9 | H47: 5 | I47: 0 | J47: 2 | K47: 8 | L47: 9 | M47: 1 | N47: 2 | O47: 1 | P47: 2 | Q47: 2 | R47: 1 | S47: 0 | T47: 0 | U47: 1 | V47: 3 | W47: 0 | X47: 4 | Y47: 6 | Z47: 2 | AA47: 3 | AB47: 2 | AC47: 1 | AD47: 0 | AE47: 1 | AF47: =SUM(E47:AE47) -> 65
B48: 3 | C48: 3. Dr. H. AKIK ZAMAN, M.Pd.I. | E48: 1 | F48: 1 | G48: 1 | H48: 0 | I48: 0 | J48: 0 | K48: 1 | L48: 1 | M48: 0 | N48: 2 | O48: 0 | P48: 1 | Q48: 0 | R48: 0 | S48: 0 | T48: 0 | U48: 1 | V48: 0 | W48: 0 | X48: 0 | Y48: 0 | Z48: 2 | AA48: 1 | AB48: 0 | AC48: 0 | AD48: 2 | AE48: 0 | AF48: =SUM(E48:AE48) -> 14
B49: 4 | C49: 4. AHMAD RIFA'I, S.H. | E49: 1 | F49: 1 | G49: 0 | H49: 4 | I49: 1 | J49: 0 | K49: 1 | L49: 1 | M49: 0 | N49: 1 | O49: 0 | P49: 1 | Q49: 0 | R49: 1 | S49: 0 | T49: 1 | U49: 1 | V49: 0 | W49: 0 | X49: 2 | Y49: 2 | Z49: 1 | AA49: 0 | AB49: 2 | AC49: 0 | AD49: 2 | AE49: 2 | AF49: =SUM(E49:AE49) -> 25
B50: 5 | C50: 5. Drs. H. MAHFUD M.N. | E50: 0 | F50: 0 | G50: 0 | H50: 1 | I50: 0 | J50: 0 | K50: 0 | L50: 0 | M50: 0 | N50: 0 | O50: 0 | P50: 0 | Q50: 0 | R50: 1 | S50: 0 | T50: 1 | U50: 1 | V50: 0 | W50: 0 | X50: 1 | Y50: 0 | Z50: 0 | AA50: 0 | AB50: 0 | AC50: 0 | AD50: 0 | AE50: 1 | AF50: =SUM(E50:AE50) -> 6
B51: 6 | C51: 6. NURHAYATI, S.Pd. | E51: 2 | F51: 1 | G51: 1 | H51: 1 | I51: 0 | J51: 0 | K51: 0 | L51: 0 | M51: 0 | N51: 2 | O51: 0 | P51: 0 | Q51: 0 | R51: 2 | S51: 0 | T51: 0 | U51: 1 | V51: 0 | W51: 0 | X51: 1 | Y51: 0 | Z51: 1 | AA51: 2 | AB51: 1 | AC51: 0 | AD51: 0 | AE51: 0 | AF51: =SUM(E51:AE51) -> 15
B52: 7 | C52: 7. MAFTUHA KISWAH | E52: 0 | F52: 1 | G52: 0 | H52: 0 | I52: 0 | J52: 0 | K52: 0 | L52: 0 | M52: 0 | N52: 0 | O52: 0 | P52: 1 | Q52: 0 | R52: 0 | S52: 0 | T52: 0 | U52: 0 | V52: 0 | W52: 0 | X52: 0 | Y52: 3 | Z52: 0 | AA52: 0 | AB52: 0 | AC52: 2 | AD52: 0 | AE52: 0 | AF52: =SUM(E52:AE52) -> 7
A55: B | B55: JUMLAH SUARA SAH PARTAI POLITIK DAN CALON (A1 + A2) | E55: =SUM(E45:E54) -> 47 | F55: =SUM(F45:F54) -> 38 | G55: =SUM(G45:G54) -> 102 | H55: =SUM(H45:H54) -> 57 | I55: =SUM(I45:I54) -> 6 | J55: =SUM(J45:J54) -> 25 | K55: =SUM(K45:K54) -> 37 | L55: =SUM(L45:L54) -> 36 | ... AF55: =SUM(AF45:AF54) -> 822
A57: A.1 | B57: 2. | C57: Partai Gerakan Indonesia Raya | E57: 2 | F57: 5 | G57: 5 | H57: 6 | I57: 13 | J57: 18 | K57: 10 | L57: 12 | M57: 5 | N57: 4 | O57: 13 | P57: 10 | Q57: 12 | R57: 6 | S57: 16 | T57: 7 | U57: 10 | V57: 8 | W57: 2 | X57: 7 | Y57: 15 | Z57: 4 | AA57: 7 | AB57: 5 | AC57: 7 | AD57: 2 | AE57: 5 | AF57: =SUM(E57:AE57) -> 216
A58: A.2 | B58: 1 | C58: 1. SUMAIL ABDULLAH | E58: 9 | F58: 4 | G58: 15 | H58: 37 | I58: 60 | J58: 30 | K58: 13 | L58: 19 | M58: 6 | N58: 5 | O58: 12 | P58: 6 | Q58: 5 | R58: 6 | S58: 4 | T58: 9 | U58: 5 | V58: 3 | W58: 7 | X58: 4 | Y58: 5 | Z58: 7 | AA58: 2 | AB58: 6 | AC58: 10 | AD58: 2 | AE58: 4 | AF58: =SUM(E58:AE58) -> 295
B59: 2 | C59: 2. MUHAMMAD ALI ADRIAN SALEH | E59: 2 | F59: 0 | G59: 2 | H59: 19 | I59: 63 | J59: 11 | K59: 11 | L59: 18 | M59: 4 | N59: 1 | O59: 20 | P59: 13 | Q59: 3 | R59: 7 | S59: 6 | T59: 11 | U59: 4 | V59: 5 | W59: 46 | X59: 5 | Y59: 9 | Z59: 1 | AA59: 0 | AB59: 1 | AC59: 3 | AD59: 2 | AE59: 2 | AF59: =SUM(E59:AE59) -> 269
B60: 3 | C60: 3. DURROTUN NAFISAH | E60: 0 | F60: 1 | G60: 2 | H60: 0 | I60: 1 | J60: 0 | K60: 1 | L60: 1 | M60: 2 | N60: 0 | O60: 3 | P60: 1 | Q60: 1 | R60: 0 | S60: 0 | T60: 0 | U60: 0 | V60: 1 | W60: 2 | X60: 3 | Y60: 0 | Z60: 0 | AA60: 0 | AB60: 0 | AC60: 0 | AD60: 5 | AE60: 0 | AF60: =SUM(E60:AE60) -> 24
B61: 4 | C61: 4. H. EKO SUSILO NURHIDAYAT | E61: 1 | F61: 1 | G61: 1 | H61: 1 | I61: 1 | J61: 4 | K61: 1 | L61: 4 | M61: 3 | N61: 2 | O61: 3 | P61: 4 | Q61: 1 | R61: 1 | S61: 2 | T61: 2 | U61: 4 | V61: 1 | W61: 6 | X61: 1 | Y61: 0 | Z61: 4 | AA61: 4 | AB61: 4 | AC61: 0 | AD61: 0 | AE61: 1 | AF61: =SUM(E61:AE61) -> 57
B62: 5 | C62: 5. KARNADI HARIJANTO, S.S. | E62: 0 | F62: 0 | G62: 0 | H62: 0 | I62: 0 | J62: 0 | K62: 0 | L62: 2 | M62: 0 | N62: 0 | O62: 1 | P62: 0 | Q62: 1 | R62: 0 | S62: 0 | T62: 1 | U62: 0 | V62: 0 | W62: 1 | X62: 0 | Y62: 0 | Z62: 0 | AA62: 1 | AB62: 1 | AC62: 0 | AD62: 0 | AE62: 1 | AF62: =SUM(E62:AE62) -> 9
B63: 6 | C63: 6. NURHAYATI | E63: 2 | F63: 2 | G63: 2 | H63: 0 | I63: 0 | J63: 4 | K63: 3 | L63: 2 | M63: 1 | N63: 0 | O63: 1 | P63: 2 | Q63: 0 | R63: 0 | S63: 3 | T63: 3 | U63: 2 | V63: 0 | W63: 1 | X63: 0 | Y63: 1 | Z63: 0 | AA63: 5 | AB63: 2 | AC63: 1 | AD63: 2 | AE63: 0 | AF63: =SUM(E63:AE63) -> 39
B64: 7 | C64: 7. MASHUDI | E64: 0 | F64: 0 | G64: 0 | H64: 1 | I64: 1 | J64: 0 | K64: 2 | L64: 0 | M64: 0 | N64: 0 | O64: 0 | P64: 1 | Q64: 0 | R64: 0 | S64: 0 | T64: 0 | U64: 0 | V64: 0 | W64: 0 | X64: 2 | Y64: 0 | Z64: 0 | AA64: 0 | AB64: 0 | AC64: 0 | AD64: 0 | AE64: 0 | AF64: =SUM(E64:AE64) -> 7
A67: B | B67: JUMLAH SUARA SAH PARTAI POLITIK DAN CALON (A1 + A2) | E67: =SUM(E57:E66) -> 16 | F67: =SUM(F57:F66) -> 13 | G67: =SUM(G57:G66) -> 27 | H67: =SUM(H57:H66) -> 64 | I67: =SUM(I57:I66) -> 139 | J67: =SUM(J57:J66) -> 67 | K67: =SUM(K57:K66) -> 41 | L67: =SUM(L57:L66) -> 58 | ... AF67: =SUM(AF57:AF66) -> 916
A69: A.1 | B69: 3. | C69: Partai Demokrasi Indonesia Perjuangan | E69: 5 | F69: 7 | G69: 5 | H69: 4 | I69: 1 | J69: 11 | K69: 8 | L69: 9 | M69: 4 | N69: 5 | O69: 10 | P69: 11 | Q69: 20 | R69: 9 | S69: 11 | T69: 4 | U69: 10 | V69: 10 | W69: 5 | X69: 9 | Y69: 7 | Z69: 6 | AA69: 5 | AB69: 13 | AC69: 15 | AD69: 8 | AE69: 24 | AF69: =SUM(E69:AE69) -> 236
A70: A.2 | B70: 1 | C70: 1. SONNY TRI DANAPARAMITA, S.H., M.H. | E70: 27 | F70: 18 | G70: 0 | H70: 7 | I70: 3 | J70: 4 | K70: 5 | L70: 8 | M70: 1 | N70: 4 | O70: 8 | P70: 11 | Q70: 13 | R70: 9 | S70: 5 | T70: 8 | U70: 5 | V70: 10 | W70: 16 | X70: 7 | Y70: 16 | Z70: 15 | AA70: 12 | AB70: 70 | AC70: 87 | AD70: 83 | AE70: 81 | AF70: =SUM(E70:AE70) -> 533
B71: 2 | C71: 2. H. MOHAMAD GUNTUR ROMLI | E71: 2 | F71: 4 | G71: 2 | H71: 2 | I71: 5 | J71: 2 | K71: 16 | L71: 0 | M71: 3 | N71: 3 | O71: 2 | P71: 4 | Q71: 5 | R71: 10 | S71: 6 | T71: 2 | U71: 2 | V71: 43 | W71: 12 | X71: 2 | Y71: 7 | Z71: 5 | AA71: 48 | AB71: 16 | AC71: 5 | AD71: 5 | AE71: 8 | AF71: =SUM(E71:AE71) -> 221
B72: 3 | C72: 3. INA AMMANIA | E72: 3 | F72: 0 | G72: 0 | H72: 1 | I72: 1 | J72: 3 | K72: 1 | L72: 1 | M72: 2 | N72: 2 | O72: 2 | P72: 2 | Q72: 4 | R72: 1 | S72: 1 | T72: 1 | U72: 3 | V72: 2 | W72: 4 | X72: 5 | Y72: 2 | Z72: 2 | AA72: 1 | AB72: 0 | AC72: 11 | AD72: 1 | AE72: 1 | AF72: =SUM(E72:AE72) -> 57
B73: 4 | C73: 4. IRWAN BACHTIAR RACHMAT, M.Si. | E73: 0 | F73: 1 | G73: 0 | H73: 1 | I73: 0 | J73: 0 | K73: 0 | L73: 0 | M73: 0 | N73: 0 | O73: 0 | P73: 0 | Q73: 3 | R73: 0 | S73: 1 | T73: 0 | U73: 0 | V73: 3 | W73: 0 | X73: 1 | Y73: 2 | Z73: 2 | AA73: 1 | AB73: 5 | AC73: 0 | AD73: 1 | AE73: 0 | AF73: =SUM(E73:AE73) -> 21
B74: 5 | C74: 5. LUCKY PERDANA | E74: 4 | F74: 5 | G74: 0 | H74: 3 | I74: 0 | J74: 1 | K74: 2 | L74: 3 | M74: 2 | N74: 5 | O74: 3 | P74: 5 | Q74: 4 | R74: 3 | S74: 1 | T74: 1 | U74: 6 | V74: 3 | W74: 4 | X74: 1 | Y74: 1 | Z74: 1 | AA74: 5 | AB74: 4 | AC74: 2 | AD74: 4 | AE74: 5 | AF74: =SUM(E74:AE74) -> 78
B75: 6 | C75: 6. WIWIK PUJIYATI | E75: 1 | F75: 2 | G75: 1 | H75: 1 | I75: 0 | J75: 0 | K75: 1 | L75: 1 | M75: 0 | N75: 0 | O75: 0 | P75: 2 | Q75: 6 | R75: 1 | S75: 1 | T75: 4 | U75: 0 | V75: 0 | W75: 0 | X75: 3 | Y75: 2 | Z75: 3 | AA75: 1 | AB75: 1 | AC75: 0 | AD75: 1 | AE75: 3 | AF75: =SUM(E75:AE75) -> 35
B76: 7 | C76: 7. CHANDRA ASTAN, S.T. | E76: 0 | F76: 0 | G76: 1 | H76: 0 | I76: 1 | J76: 0 | K76: 1 | L76: 1 | M76: 1 | N76: 1 | O76: 0 | P76: 0 | Q76: 2 | R76: 1 | S76: 0 | T76: 1 | U76: 0 | V76: 0 | W76: 4 | X76: 0 | Y76: 1 | Z76: 2 | AA76: 0 | AB76: 1 | AC76: 0 | AD76: 0 | AE76: 0 | AF76: =SUM(E76:AE76) -> 18
A79: B | B79: JUMLAH SUARA SAH PARTAI POLITIK DAN CALON (A1 + A2) | E79: =SUM(E69:E78) -> 42 | F79: =SUM(F69:F78) -> 37 | G79: =SUM(G69:G78) -> 9 | H79: =SUM(H69:H78) -> 19 | I79: =SUM(I69:I78) -> 11 | J79: =SUM(J69:J78) -> 21 | K79: =SUM(K69:K78) -> 34 | L79: =SUM(L69:L78) -> 23 | ... AF79: =SUM(AF69:AF78) -> 1199
A81: A.1 | B81: 4. | C81: Partai Golongan Karya | E81: 1 | F81: 1 | G81: 3 | H81: 1 | I81: 0 | J81: 3 | K81: 2 | L81: 6 | M81: 14 | N81: 7 | O81: 4 | P81: 6 | Q81: 7 | R81: 3 | S81: 4 | T81: 3 | U81: 2 | V81: 3 | W81: 0 | X81: 1 | Y81: 2 | Z81: 1 | AA81: 8 | AB81: 7 | AC81: 5 | AD81: 1 | AE81: 1 | AF81: =SUM(E81:AE81) -> 96
A82: A.2 | B82: 1 | C82: 1. ZULFIKAR ARSE SADIKIN, S.I.P., M.Si. | E82: 3 | F82: 6 | G82: 0 | H82: 4 | I82: 0 | J82: 18 | K82: 1 | L82: 9 | M82: 110 | N82: 54 | O82: 23 | P82: 41 | Q82: 10 | R82: 7 | S82: 1 | T82: 4 | U82: 4 | V82: 4 | W82: 1 | X82: 1 | Y82: 2 | Z82: 29 | AA82: 52 | AB82: 13 | AC82: 1 | AD82: 13 | AE82: 1 | AF82: =SUM(E82:AE82) -> 412
B83: 2 | C83: 2. HANDOKO | E83: 0 | F83: 0 | G83: 0 | H83: 0 | I83: 0 | J83: 1 | K83: 2 | L83: 3 | M83: 0 | N83: 0 | O83: 7 | P83: 4 | Q83: 2 | R83: 1 | S83: 0 | T83: 0 | U83: 1 | V83: 0 | W83: 0 | X83: 0 | Y83: 0 | Z83: 3 | AA83: 1 | AB83: 0 | AC83: 0 | AD83: 2 | AE83: 2 | AF83: =SUM(E83:AE83) -> 29
B84: 3 | C84: 3. Hj. OVI DEWI YANTI | E84: 0 | F84: 0 | G84: 0 | H84: 0 | I84: 0 | J84: 0 | K84: 2 | L84: 1 | M84: 0 | N84: 0 | O84: 2 | P84: 1 | Q84: 0 | R84: 1 | S84: 0 | T84: 2 | U84: 0 | V84: 0 | W84: 0 | X84: 0 | Y84: 0 | Z84: 2 | AA84: 0 | AB84: 1 | AC84: 0 | AD84: 0 | AE84: 0 | AF84: =SUM(E84:AE84) -> 12
B85: 4 | C85: 4. Ir. AZAM AZMAN NATAWIJANA | E85: 0 | F85: 0 | G85: 0 | H85: 0 | I85: 0 | J85: 0 | K85: 0 | L85: 1 | M85: 2 | N85: 0 | O85: 2 | P85: 0 | Q85: 0 | R85: 2 | S85: 1 | T85: 0 | U85: 1 | V85: 0 | W85: 0 | X85: 3 | Y85: 0 | Z85: 0 | AA85: 1 | AB85: 0 | AC85: 0 | AD85: 0 | AE85: 0 | AF85: =SUM(E85:AE85) -> 13
B86: 5 | C86: 5. UBAIDILLAH AMIN, S.Kom. | E86: 0 | F86: 2 | G86: 0 | H86: 0 | I86: 0 | J86: 0 | K86: 0 | L86: 0 | M86: 0 | N86: 0 | O86: 0 | P86: 0 | Q86: 1 | R86: 0 | S86: 1 | T86: 0 | U86: 0 | V86: 0 | W86: 2 | X86: 0 | Y86: 0 | Z86: 0 | AA86: 0 | AB86: 0 | AC86: 0 | AD86: 0 | AE86: 0 | AF86: =SUM(E86:AE86) -> 6
B87: 6 | C87: 6. DENNY YUNIANDARI, S.H., M.Kn. | E87: 0 | F87: 0 | G87: 0 | H87: 0 | I87: 0 | J87: 0 | K87: 0 | L87: 0 | M87: 0 | N87: 0 | O87: 0 | P87: 0 | Q87: 0 | R87: 0 | S87: 0 | T87: 0 | U87: 0 | V87: 0 | W87: 0 | X87: 0 | Y87: 0 | Z87: 0 | AA87: 0 | AB87: 0 | AC87: 0 | AD87: 0 | AE87: 0 | AF87: =SUM(E87:AE87) -> 0
B88: 7 | C88: 7. ERNADI, S.H.I. | E88: 0 | F88: 0 | G88: 0 | H88: 0 | I88: 0 | J88: 0 | K88: 0 | L88: 0 | M88: 0 | N88: 0 | O88: 0 | P88: 0 | Q88: 0 | R88: 0 | S88: 0 | T88: 0 | U88: 0 | V88: 0 | W88: 0 | X88: 0 | Y88: 0 | Z88: 0 | AA88: 0 | AB88: 0 | AC88: 0 | AD88: 0 | AE88: 0 | AF88: =SUM(E88:AE88) -> 0
A91: B | B91: JUMLAH SUARA SAH PARTAI POLITIK DAN CALON (A1 + A2) | E91: =SUM(E81:E90) -> 4 | F91: =SUM(F81:F90) -> 9 | G91: =SUM(G81:G90) -> 3 | H91: =SUM(H81:H90) -> 5 | I91: =SUM(I81:I90) -> 0 | J91: =SUM(J81:J90) -> 22 | K91: =SUM(K81:K90) -> 7 | L91: =SUM(L81:L90) -> 20 | ... AF91: =SUM(AF81:AF90) -> 568
A93: A.1 | B93: 5. | C93: Partai NasDem | E93: 3 | F93: 7 | G93: 4 | H93: 2 | I93: 2 | J93: 3 | K93: 5 | L93: 1 | M93: 7 | N93: 4 | O93: 9 | P93: 4 | Q93: 6 | R93: 14 | S93: 19 | T93: 10 | U93: 16 | V93: 14 | W93: 0 | X93: 11 | Y93: 3 | Z93: 3 | AA93: 2 | AB93: 5 | AC93: 8 | AD93: 4 | AE93: 11 | AF93: =SUM(E93:AE93) -> 177
A94: A.2 | B94: 1 | C94: 1. ACH. FADIL MUZAKKI SYAH | E94: 1 | F94: 2 | G94: 0 | H94: 1 | I94: 2 | J94: 0 | K94: 2 | L94: 1 | M94: 2 | N94: 0 | O94: 2 | P94: 2 | Q94: 2 | R94: 2 | S94: 1 | T94: 2 | U94: 1 | V94: 0 | W94: 1 | X94: 1 | Y94: 1 | Z94: 1 | AA94: 1 | AB94: 0 | AC94: 0 | AD94: 0 | AE94: 0 | AF94: =SUM(E94:AE94) -> 28
B95: 2 | C95: 2. BENY | E95: 0 | F95: 0 | G95: 0 | H95: 0 | I95: 0 | J95: 1 | K95: 0 | L95: 1 | M95: 0 | N95: 0 | O95: 1 | P95: 0 | Q95: 1 | R95: 0 | S95: 0 | T95: 0 | U95: 0 | V95: 0 | W95: 0 | X95: 1 | Y95: 0 | Z95: 0 | AA95: 0 | AB95: 0 | AC95: 0 | AD95: 1 | AE95: 0 | AF95: =SUM(E95:AE95) -> 6
B96: 3 | C96: 3. VINA VERONIKA | E96: 1 | F96: 1 | G96: 0 | H96: 0 | I96: 0 | J96: 0 | K96: 0 | L96: 1 | M96: 0 | N96: 0 | O96: 0 | P96: 0 | Q96: 0 | R96: 3 | S96: 1 | T96: 1 | U96: 4 | V96: 2 | W96: 0 | X96: 2 | Y96: 1 | Z96: 1 | AA96: 0 | AB96: 0 | AC96: 1 | AD96: 1 | AE96: 0 | AF96: =SUM(E96:AE96) -> 20
B97: 4 | C97: 4. TEDDY ANUGRIANTO | E97: 1 | F97: 1 | G97: 1 | H97: 2 | I97: 0 | J97: 1 | K97: 1 | L97: 3 | M97: 0 | N97: 2 | O97: 2 | P97: 1 | Q97: 4 | R97: 2 | S97: 2 | T97: 3 | U97: 3 | V97: 7 | W97: 2 | X97: 0 | Y97: 0 | Z97: 2 | AA97: 1 | AB97: 1 | AC97: 2 | AD97: 0 | AE97: 4 | AF97: =SUM(E97:AE97) -> 48
B98: 5 | C98: 5. INSAN KAMIL | E98: 1 | F98: 2 | G98: 1 | H98: 1 | I98: 2 | J98: 2 | K98: 1 | L98: 1 | M98: 0 | N98: 0 | O98: 2 | P98: 0 | Q98: 3 | R98: 6 | S98: 6 | T98: 2 | U98: 4 | V98: 4 | W98: 0 | X98: 2 | Y98: 1 | Z98: 1 | AA98: 4 | AB98: 0 | AC98: 3 | AD98: 0 | AE98: 2 | AF98: =SUM(E98:AE98) -> 51
B99: 6 | C99: 6. LILIK LINDARWATI | E99: 1 | F99: 0 | G99: 1 | H99: 0 | I99: 2 | J99: 0 | K99: 0 | L99: 0 | M99: 3 | N99: 0 | O99: 1 | P99: 0 | Q99: 1 | R99: 1 | S99: 0 | T99: 1 | U99: 1 | V99: 0 | W99: 0 | X99: 2 | Y99: 0 | Z99: 2 | AA99: 1 | AB99: 0 | AC99: 0 | AD99: 0 | AE99: 0 | AF99: =SUM(E99:AE99) -> 17
B100: 7 | C100: 7. YULI ANITA | E100: 0 | F100: 0 | G100: 0 | H100: 0 | I100: 0 | J100: 1 | K100: 1 | L100: 0 | M100: 0 | N100: 0 | O100: 0 | P100: 1 | Q100: 1 | R100: 2 | S100: 0 | T100: 1 | U100: 2 | V100: 0 | W100: 0 | X100: 0 | Y100: 0 | Z100: 0 | AA100: 0 | AB100: 0 | AC100: 0 | AD100: 0 | AE100: 0 | AF100: =SUM(E100:AE100) -> 9
A103: B | B103: JUMLAH SUARA SAH PARTAI POLITIK DAN CALON (A1 + A2) | E103: =SUM(E93:E102) -> 8 | F103: =SUM(F93:F102) -> 13 | G103: =SUM(G93:G102) -> 7 | H103: =SUM(H93:H102) -> 6 | I103: =SUM(I93:I102) -> 8 | J103: =SUM(J93:J102) -> 8 | K103: =SUM(K93:K102) -> 10 | L103: =SUM(L93:L102) -> 8 | ... AF103: =SUM(AF93:AF102) -> 356
A105: A.1 | B105: 6. | C105: Partai Buruh | E105: 0 | F105: 0 | G105: 0 | H105: 0 | I105: 0 | J105: 0 | K105: 4 | L105: 2 | M105: 1 | N105: 0 | O105: 0 | P105: 0 | Q105: 1 | R105: 0 | S105: 0 | T105: 0 | U105: 0 | V105: 1 | W105: 0 | X105: 0 | Y105: 1 | Z105: 0 | AA105: 0 | AB105: 0 | AC105: 0 | AD105: 0 | AE105: 0 | AF105: =SUM(E105:AE105) -> 10
A106: A.2 | B106: 1 | C106: 1. KHOIRUL ANAM | E106: 0 | F106: 1 | G106: 0 | H106: 0 | I106: 0 | J106: 0 | K106: 0 | L106: 0 | M106: 1 | N106: 0 | O106: 0 | P106: 0 | Q106: 1 | R106: 1 | S106: 0 | T106: 1 | U106: 0 | V106: 0 | W106: 1 | X106: 0 | Y106: 1 | Z106: 0 | AA106: 0 | AB106: 0 | AC106: 1 | AD106: 0 | AE106: 0 | AF106: =SUM(E106:AE106) -> 8
B107: 2 | C107: 2. INA KURNIA | E107: 0 | F107: 0 | G107: 0 | H107: 0 | I107: 0 | J107: 0 | K107: 0 | L107: 0 | M107: 0 | N107: 0 | O107: 0 | P107: 0 | Q107: 0 | R107: 1 | S107: 1 | T107: 1 | U107: 0 | V107: 0 | W107: 0 | X107: 0 | Y107: 0 | Z107: 1 | AA107: 0 | AB107: 0 | AC107: 0 | AD107: 0 | AE107: 2 | AF107: =SUM(E107:AE107) -> 6
B108: 3 | C108: 3. JIBRAL TAROUK | E108: 0 | F108: 0 | G108: 0 | H108: 0 | I108: 0 | J108: 0 | K108: 0 | L108: 0 | M108: 0 | N108: 0 | O108: 0 | P108: 0 | Q108: 0 | R108: 0 | S108: 0 | T108: 0 | U108: 0 | V108: 0 | W108: 0 | X108: 0 | Y108: 0 | Z108: 0 | AA108: 0 | AB108: 0 | AC108: 1 | AD108: 0 | AE108: 0 | AF108: =SUM(E108:AE108) -> 1
B109: 4 | C109: 4. ASTUTI DAENG PUJI | E109: 0 | F109: 0 | G109: 0 | H109: 0 | I109: 0 | J109: 0 | K109: 0 | L109: 0 | M109: 0 | N109: 0 | O109: 0 | P109: 0 | Q109: 0 | R109: 0 | S109: 0 | T109: 0 | U109: 0 | V109: 0 | W109: 0 | X109: 0 | Y109: 0 | Z109: 0 | AA109: 0 | AB109: 0 | AC109: 0 | AD109: 0 | AE109: 0 | AF109: =SUM(E109:AE109) -> 0
B110: 5 | C110: 5. ASDARMAWAN | E110: 0 | F110: 0 | G110: 0 | H110: 0 | I110: 0 | J110: 0 | K110: 0 | L110: 0 | M110: 0 | N110: 0 | O110: 0 | P110: 0 | Q110: 0 | R110: 0 | S110: 0 | T110: 0 | U110: 0 | V110: 0 | W110: 0 | X110: 0 | Y110: 0 | Z110: 0 | AA110: 0 | AB110: 0 | AC110: 0 | AD110: 0 | AE110: 0 | AF110: =SUM(E110:AE110) -> 0
B111: 6 | C111: 6. RIFQI MUBAROK | E111: 0 | F111: 0 | G111: 0 | H111: 0 | I111: 0 | J111: 0 | K111: 0 | L111: 0 | M111: 0 | N111: 0 | O111: 0 | P111: 0 | Q111: 0 | R111: 0 | S111: 0 | T111: 0 | U111: 0 | V111: 0 | W111: 0 | X111: 0 | Y111: 0 | Z111: 0 | AA111: 0 | AB111: 0 | AC111: 0 | AD111: 0 | AE111: 0 | AF111: =SUM(E111:AE111) -> 0
B112: 7 | C112: 7. FIRNANDA ALTA MEGA | E112: 0 | F112: 0 | G112: 0 | H112: 0 | I112: 0 | J112: 0 | K112: 0 | L112: 0 | M112: 0 | N112: 0 | O112: 0 | P112: 0 | Q112: 0 | R112: 0 | S112: 0 | T112: 0 | U112: 0 | V112: 0 | W112: 0 | X112: 0 | Y112: 0 | Z112: 0 | AA112: 0 | AB112: 1 | AC112: 0 | AD112: 0 | AE112: 0 | AF112: =SUM(E112:AE112) -> 1
A115: B | B115: JUMLAH SUARA SAH PARTAI POLITIK DAN CALON (A1 + A2) | E115: =SUM(E105:E114) -> 0 | F115: =SUM(F105:F114) -> 1 | G115: =SUM(G105:G114) -> 0 | H115: =SUM(H105:H114) -> 0 | I115: =SUM(I105:I114) -> 0 | J115: =SUM(J105:J114) -> 0 | K115: =SUM(K105:K114) -> 4 | L115: =SUM(L105:L114) -> 2 | ... AF115: =SUM(AF105:AF114) -> 26
A117: A.1 | B117: 7. | C117: Partai Gelombang Rakyat Indonesia | E117: 0 | F117: 1 | G117: 1 | H117: 2 | I117: 1 | J117: 1 | K117: 3 | L117: 0 | M117: 0 | N117: 4 | O117: 0 | P117: 0 | Q117: 4 | R117: 2 | S117: 2 | T117: 1 | U117: 1 | V117: 0 | W117: 1 | X117: 0 | Y117: 0 | Z117: 1 | AA117: 0 | AB117: 1 | AC117: 1 | AD117: 0 | AE117: 0 | AF117: =SUM(E117:AE117) -> 27
A118: A.2 | B118: 1 | C118: 1. TITI WIDORETNO WARISMAN | E118: 0 | F118: 0 | G118: 0 | H118: 0 | I118: 0 | J118: 0 | K118: 0 | L118: 0 | M118: 0 | N118: 0 | O118: 0 | P118: 0 | Q118: 0 | R118: 0 | S118: 0 | T118: 0 | U118: 0 | V118: 0 | W118: 0 | X118: 0 | Y118: 0 | Z118: 0 | AA118: 0 | AB118: 1 | AC118: 0 | AD118: 0 | AE118: 0 | AF118: =SUM(E118:AE118) -> 1
B119: 2 | C119: 2. MAMIEK SETYANINGSIH | E119: 1 | F119: 1 | G119: 0 | H119: 0 | I119: 0 | J119: 0 | K119: 0 | L119: 0 | M119: 0 | N119: 0 | O119: 1 | P119: 0 | Q119: 0 | R119: 0 | S119: 0 | T119: 0 | U119: 1 | V119: 0 | W119: 0 | X119: 0 | Y119: 0 | Z119: 0 | AA119: 0 | AB119: 0 | AC119: 0 | AD119: 0 | AE119: 0 | AF119: =SUM(E119:AE119) -> 4
B120: 3 | C120: 3. ROMIL AZIZEN | E120: 0 | F120: 0 | G120: 0 | H120: 0 | I120: 0 | J120: 0 | K120: 0 | L120: 0 | M120: 0 | N120: 0 | O120: 0 | P120: 0 | Q120: 0 | R120: 0 | S120: 0 | T120: 0 | U120: 0 | V120: 0 | W120: 0 | X120: 0 | Y120: 0 | Z120: 0 | AA120: 0 | AB120: 0 | AC120: 0 | AD120: 0 | AE120: 0 | AF120: =SUM(E120:AE120) -> 0
A127: B | B127: JUMLAH SUARA SAH PARTAI POLITIK DAN CALON (A1 + A2) | E127: =SUM(E117:E126) -> 1 | F127: =SUM(F117:F126) -> 2 | G127: =SUM(G117:G126) -> 1 | H127: =SUM(H117:H126) -> 2 | I127: =SUM(I117:I126) -> 1 | J127: =SUM(J117:J126) -> 1 | K127: =SUM(K117:K126) -> 3 | L127: =SUM(L117:L126) -> 0 | ... AF127: =SUM(AF117:AF126) -> 32
A129: A.1 | B129: 8. | C129: Partai Keadilan Sejahtera | E129: 0 | F129: 0 | G129: 0 | H129: 2 | I129: 0 | J129: 0 | K129: 0 | L129: 0 | M129: 0 | N129: 0 | O129: 0 | P129: 1 | Q129: 0 | R129: 0 | S129: 3 | T129: 0 | U129: 0 | V129: 0 | W129: 0 | X129: 0 | Y129: 0 | Z129: 1 | AA129: 1 | AB129: 1 | AC129: 1 | AD129: 0 | AE129: 0 | AF129: =SUM(E129:AE129) -> 10
A130: A.2 | B130: 1 | C130: 1. H. SAIMI SALEH, S.E., M.M. | E130: 0 | F130: 0 | G130: 3 | H130: 5 | I130: 0 | J130: 0 | K130: 0 | L130: 1 | M130: 0 | N130: 0 | O130: 0 | P130: 0 | Q130: 2 | R130: 1 | S130: 1 | T130: 1 | U130: 0 | V130: 0 | W130: 0 | X130: 1 | Y130: 0 | Z130: 1 | AA130: 5 | AB130: 3 | AC130: 1 | AD130: 8 | AE130: 7 | AF130: =SUM(E130:AE130) -> 40
B131: 2 | C131: 2. Prof. Dr. H. EGGI SUDJANA, S.H., M.Si. | E131: 0 | F131: 0 | G131: 0 | H131: 0 | I131: 0 | J131: 1 | K131: 0 | L131: 1 | M131: 1 | N131: 0 | O131: 0 | P131: 0 | Q131: 0 | R131: 0 | S131: 0 | T131: 0 | U131: 0 | V131: 0 | W131: 0 | X131: 0 | Y131: 0 | Z131: 0 | AA131: 2 | AB131: 0 | AC131: 0 | AD131: 0 | AE131: 1 | AF131: =SUM(E131:AE131) -> 6
B132: 3 | C132: 3. NURUL KHOTIMAH | E132: 0 | F132: 0 | G132: 0 | H132: 0 | I132: 0 | J132: 0 | K132: 0 | L132: 0 | M132: 0 | N132: 0 | O132: 0 | P132: 0 | Q132: 0 | R132: 0 | S132: 0 | T132: 0 | U132: 1 | V132: 0 | W132: 0 | X132: 0 | Y132: 0 | Z132: 0 | AA132: 0 | AB132: 0 | AC132: 0 | AD132: 0 | AE132: 0 | AF132: =SUM(E132:AE132) -> 1
B133: 4 | C133: 4. AKHMAD SUYANTO, S.T., M.T. | E133: 0 | F133: 0 | G133: 0 | H133: 0 | I133: 0 | J133: 0 | K133: 0 | L133: 0 | M133: 0 | N133: 0 | O133: 0 | P133: 0 | Q133: 0 | R133: 0 | S133: 0 | T133: 0 | U133: 0 | V133: 0 | W133: 0 | X133: 0 | Y133: 0 | Z133: 0 | AA133: 0 | AB133: 0 | AC133: 0 | AD133: 0 | AE133: 0 | AF133: =SUM(E133:AE133) -> 0
B134: 5 | C134: 5. PUJIYATNI | E134: 0 | F134: 0 | G134: 0 | H134: 0 | I134: 0 | J134: 0 | K134: 0 | L134: 0 | M134: 0 | N134: 0 | O134: 0 | P134: 0 | Q134: 0 | R134: 0 | S134: 0 | T134: 0 | U134: 0 | V134: 0 | W134: 0 | X134: 0 | Y134: 0 | Z134: 0 | AA134: 0 | AB134: 0 | AC134: 0 | AD134: 1 | AE134: 0 | AF134: =SUM(E134:AE134) -> 1
B135: 6 | C135: 6. HENI PURWATININGSIH | E135: 0 | F135: 0 | G135: 0 | H135: 0 | I135: 0 | J135: 0 | K135: 0 | L135: 0 | M135: 0 | N135: 0 | O135: 0 | P135: 0 | Q135: 0 | R135: 0 | S135: 0 | T135: 0 | U135: 0 | V135: 0 | W135: 0 | X135: 0 | Y135: 0 | Z135: 0 | AA135: 0 | AB135: 0 | AC135: 0 | AD135: 0 | AE135: 0 | AF135: =SUM(E135:AE135) -> 0
B136: 7 | C136: 7. MUHADI | E136: 0 | F136: 0 | G136: 0 | H136: 0 | I136: 0 | J136: 0 | K136: 0 | L136: 0 | M136: 0 | N136: 0 | O136: 0 | P136: 0 | Q136: 0 | R136: 0 | S136: 0 | T136: 0 | U136: 0 | V136: 0 | W136: 0 | X136: 0 | Y136: 0 | Z136: 0 | AA136: 0 | AB136: 0 | AC136: 0 | AD136: 0 | AE136: 0 | AF136: =SUM(E136:AE136) -> 0
...

Sheet SUKOREJO
C2: Kecamatan | D2: BANGOREJO
C3: Kabupaten | D3: BANYUWANGI
C4: Provinsi | D4: JAWA TIMUR
C9: Kelurahan | D9: SUKOREJO
A12: I | B12: DATA PEMILIH DAN PENGGUNAAN HAK PILIH | AB12: JUMLAH AKHIR
A13: A | B13: DATA PEMILIH | E13: TPS 001 | F13: TPS 002 | G13: TPS 003 | H13: TPS 004 | I13: TPS 005 | J13: TPS 006 | K13: TPS 007 | L13: TPS 008 | M13: TPS 009 | N13: TPS 010 | O13: TPS 011 | P13: TPS 012 | Q13: TPS 013 | R13: TPS 014 | S13: TPS 015 | T13: TPS 016 | U13: TPS 017 | V13: TPS 018 | W13: TPS 019 | X13: TPS 020 | Y13: TPS 021 | Z13: TPS 022 | AA13: TPS 023
B14: Jumlah Pemilih dalam Daftar Pemilih Tetap (DPT) | D14: LK | E14: 148 | F14: 141 | G14: 141 | H14: 107 | I14: 110 | J14: 133 | K14: 127 | L14: 115 | M14: 105 | N14: 128 | O14: 145 | P14: 157 | Q14: 141 | R14: 151 | S14: 132 | T14: 141 | U14: 153 | V14: 151 | W14: 137 | X14: 155 | Y14: 146 | Z14: 147 | AA14: 144 | AB14: =SUM(E14:AA14) -> 3155
D15: PR | E15: 131 | F15: 149 | G15: 143 | H15: 100 | I15: 107 | J15: 132 | K15: 127 | L15: 102 | M15: 112 | N15: 122 | O15: 149 | P15: 133 | Q15: 143 | R15: 135 | S15: 122 | T15: 140 | U15: 139 | V15: 139 | W15: 156 | X15: 127 | Y15: 147 | Z15: 143 | AA15: 147 | AB15: =SUM(E15:AA15) -> 3045
D16: JML | E16: =SUM(E14:E15) -> 279 | F16: =SUM(F14:F15) -> 290 | G16: =SUM(G14:G15) -> 284 | H16: =SUM(H14:H15) -> 207 | I16: =SUM(I14:I15) -> 217 | J16: =SUM(J14:J15) -> 265 | K16: =SUM(K14:K15) -> 254 | L16: =SUM(L14:L15) -> 217 | ... AA16: =SUM(AA14:AA15) -> 291 | AB16: =SUM(E16:AA16) -> 6200
A18: B | B18: PENGGUNA HAK PILIH
B19: 1. | C19: Jumlah pengguna hak pilih dalam Daftar Pemilih Tetap (DPT) | D19: LK | E19: 105 | F19: 112 | G19: 116 | H19: 90 | I19: 76 | J19: 104 | K19: 96 | L19: 88 | M19: 82 | N19: 109 | O19: 125 | P19: 109 | Q19: 102 | R19: 107 | S19: 105 | T19: 103 | U19: 115 | V19: 120 | W19: 104 | X19: 114 | Y19: 118 | Z19: 122 | AA19: 102 | AB19: =SUM(E19:AA19) -> 2424
D20: PR | E20: 107 | F20: 122 | G20: 121 | H20: 78 | I20: 78 | J20: 106 | K20: 109 | L20: 81 | M20: 84 | N20: 103 | O20: 122 | P20: 102 | Q20: 111 | R20: 110 | S20: 103 | T20: 118 | U20: 118 | V20: 122 | W20: 120 | X20: 116 | Y20: 126 | Z20: 120 | AA20: 113 | AB20: =SUM(E20:AA20) -> 2490
D21: JML | E21: =SUM(E19:E20) -> 212 | F21: =SUM(F19:F20) -> 234 | G21: =SUM(G19:G20) -> 237 | H21: =SUM(H19:H20) -> 168 | I21: =SUM(I19:I20) -> 154 | J21: =SUM(J19:J20) -> 210 | K21: =SUM(K19:K20) -> 205 | L21: =SUM(L19:L20) -> 169 | ... AA21: =SUM(AA19:AA20) -> 215 | AB21: =SUM(E21:AA21) -> 4914
B22: 2. | C22: Jumlah pengguna hak pilih dalam Daftar Pemilih Tambahan (DPTb) | D22: LK | E22: 0 | F22: 0 | G22: 0 | H22: 2 | I22: 0 | J22: 0 | K22: 0 | L22: 0 | M22: 0 | N22: 0 | O22: 0 | P22: 0 | Q22: 0 | R22: 0 | S22: 0 | T22: 0 | U22: 0 | V22: 0 | W22: 0 | X22: 0 | Y22: 0 | Z22: 0 | AA22: 0 | AB22: =SUM(E22:AA22) -> 2
D23: PR | E23: 0 | F23: 0 | G23: 0 | H23: 0 | I23: 0 | J23: 0 | K23: 0 | L23: 0 | M23: 0 | N23: 0 | O23: 0 | P23: 0 | Q23: 0 | R23: 0 | S23: 0 | T23: 0 | U23: 0 | V23: 0 | W23: 0 | X23: 0 | Y23: 0 | Z23: 0 | AA23: 0 | AB23: =SUM(E23:AA23) -> 0
D24: JML | E24: =SUM(E22:E23) -> 0 | F24: =SUM(F22:F23) -> 0 | G24: =SUM(G22:G23) -> 0 | H24: =SUM(H22:H23) -> 2 | I24: =SUM(I22:I23) -> 0 | J24: =SUM(J22:J23) -> 0 | K24: =SUM(K22:K23) -> 0 | L24: =SUM(L22:L23) -> 0 | ... AA24: =SUM(AA22:AA23) -> 0 | AB24: =SUM(E24:AA24) -> 2
B25: 3. | C25: Jumlah pengguna hak pilih dalam Daftar Pemilih Khusus (DPK) | D25: LK | E25: 0 | F25: 1 | G25: 0 | H25: 2 | I25: 0 | J25: 2 | K25: 0 | L25: 0 | M25: 0 | N25: 2 | O25: 3 | P25: 1 | Q25: 0 | R25: 0 | S25: 0 | T25: 0 | U25: 0 | V25: 0 | W25: 1 | X25: 0 | Y25: 0 | Z25: 1 | AA25: 1 | AB25: =SUM(E25:AA25) -> 14
D26: PR | E26: 0 | F26: 2 | G26: 0 | H26: 3 | I26: 3 | J26: 0 | K26: 0 | L26: 2 | M26: 0 | N26: 5 | O26: 6 | P26: 2 | Q26: 0 | R26: 1 | S26: 0 | T26: 0 | U26: 0 | V26: 0 | W26: 1 | X26: 0 | Y26: 0 | Z26: 2 | AA26: 1 | AB26: =SUM(E26:AA26) -> 28
D27: JML | E27: =SUM(E25:E26) -> 0 | F27: =SUM(F25:F26) -> 3 | G27: =SUM(G25:G26) -> 0 | H27: =SUM(H25:H26) -> 5 | I27: =SUM(I25:I26) -> 3 | J27: =SUM(J25:J26) -> 2 | K27: =SUM(K25:K26) -> 0 | L27: =SUM(L25:L26) -> 2 | ... AA27: =SUM(AA25:AA26) -> 2 | AB27: =SUM(E27:AA27) -> 42
B28: 4. | C28: Jumlah Pengguna Hak Pilih (B.1+B.2+B.3) | D28: LK | E28: =SUM(E19,E22,E25) -> 105 | F28: =SUM(F19,F22,F25) -> 113 | G28: =SUM(G19,G22,G25) -> 116 | H28: =SUM(H19,H22,H25) -> 94 | I28: =SUM(I19,I22,I25) -> 76 | J28: =SUM(J19,J22,J25) -> 106 | K28: =SUM(K19,K22,K25) -> 96 | L28: =SUM(L19,L22,L25) -> 88 | ... AA28: =SUM(AA19,AA22,AA25) -> 103 | AB28: =SUM(E28:AA28) -> 2440
D29: PR | E29: =SUM(E20,E23,E26) -> 107 | F29: =SUM(F20,F23,F26) -> 124 | G29: =SUM(G20,G23,G26) -> 121 | H29: =SUM(H20,H23,H26) -> 81 | I29: =SUM(I20,I23,I26) -> 81 | J29: =SUM(J20,J23,J26) -> 106 | K29: =SUM(K20,K23,K26) -> 109 | L29: =SUM(L20,L23,L26) -> 83 | ... AA29: =SUM(AA20,AA23,AA26) -> 114 | AB29: =SUM(E29:AA29) -> 2518
D30: JML | E30: =SUM(E28:E29) -> 212 | F30: =SUM(F28:F29) -> 237 | G30: =SUM(G28:G29) -> 237 | H30: =SUM(H28:H29) -> 175 | I30: =SUM(I28:I29) -> 157 | J30: =SUM(J28:J29) -> 212 | K30: =SUM(K28:K29) -> 205 | L30: =SUM(L28:L29) -> 171 | ... AA30: =SUM(AA28:AA29) -> 217 | AB30: =SUM(E30:AA30) -> 4958
A32: II | B32: DATA PENGGUNAAN SURAT SUARA
A33: 1 | B33: Jumlah surat suara yang diterima, termasuk surat suara cadangan 2,5% dari DPT | E33: 285 | F33: 296 | G33: 290 | H33: 212 | I33: 221 | J33: 270 | K33: 259 | L33: 221 | M33: 221 | N33: 255 | O33: 300 | P33: 296 | Q33: 290 | R33: 292 | S33: 260 | T33: 287 | U33: 298 | V33: 296 | W33: 299 | X33: 288 | Y33: 299 | Z33: 296 | AA33: 297 | AB33: =SUM(E33:AA33) -> 6328
A34: 2 | B34: Jumlah surat suara yang digunakan | E34: 212 | F34: 237 | G34: 237 | H34: 175 | I34: 157 | J34: 212 | K34: 205 | L34: 171 | M34: 166 | N34: 219 | O34: 256 | P34: 214 | Q34: 213 | R34: 218 | S34: 208 | T34: 221 | U34: 233 | V34: 242 | W34: 226 | X34: 230 | Y34: 244 | Z34: 245 | AA34: 217 | AB34: =SUM(E34:AA34) -> 4958
A35: 3 | B35: Jumlah surat suara dikembalikan oleh pemilih (karena rusak atau keliru coblos) | E35: 0 | F35: 0 | G35: 0 | H35: 0 | I35: 0 | J35: 0 | K35: 0 | L35: 0 | M35: 0 | N35: 0 | O35: 0 | P35: 0 | Q35: 0 | R35: 0 | S35: 0 | T35: 0 | U35: 0 | V35: 2 | W35: 0 | X35: 0 | Y35: 0 | Z35: 0 | AA35: 0 | AB35: =SUM(E35:AA35) -> 2
A36: 4 | B36: Jumlah surat suara yang tidak digunakan/tidak terpakai, termasuk sisa surat suara cadangan | E36: =E33-(E34+E35) -> 73 | F36: =F33-(F34+F35) -> 59 | G36: =G33-(G34+G35) -> 53 | H36: =H33-(H34+H35) -> 37 | I36: =I33-(I34+I35) -> 64 | J36: =J33-(J34+J35) -> 58 | K36: =K33-(K34+K35) -> 54 | L36: =L33-(L34+L35) -> 50 | ... AA36: =AA33-(AA34+AA35) -> 80 | AB36: =SUM(E36:AA36) -> 1368
A38: III | B38: DATA PEMILIH DISABILITAS
B39: Jumlah seluruh Pemilih disabilitas yang menggunakan hak pilih | D39: LK | E39: 0 | F39: 0 | G39: 0 | H39: 3 | I39: 0 | J39: 0 | K39: 0 | L39: 0 | M39: 0 | N39: 0 | O39: 0 | P39: 0 | Q39: 0 | R39: 0 | S39: 0 | T39: 0 | U39: 0 | V39: 0 | W39: 0 | X39: 0 | Y39: 0 | Z39: 0 | AA39: 0 | AB39: =SUM(E39:AA39) -> 3
D40: PR | E40: 0 | F40: 0 | G40: 0 | H40: 0 | I40: 0 | J40: 0 | K40: 0 | L40: 0 | M40: 0 | N40: 0 | O40: 0 | P40: 0 | Q40: 0 | R40: 0 | S40: 0 | T40: 0 | U40: 0 | V40: 0 | W40: 0 | X40: 0 | Y40: 0 | Z40: 0 | AA40: 0 | AB40: =SUM(E40:AA40) -> 0
D41: JML | E41: =SUM(E39:E40) -> 0 | F41: =SUM(F39:F40) -> 0 | G41: =SUM(G39:G40) -> 0 | H41: =SUM(H39:H40) -> 3 | I41: =SUM(I39:I40) -> 0 | J41: =SUM(J39:J40) -> 0 | K41: =SUM(K39:K40) -> 0 | L41: =SUM(L39:L40) -> 0 | ... AA41: =SUM(AA39:AA40) -> 0 | AB41: =SUM(E41:AA41) -> 3
A43: IV | B43: DATA RINCIAN PEROLEHAN SUARA PASANGAN CALON BUPATI DAN WAKIL BUPATI
A44: NOMOR DAN NAMA CALON
A45: A.1 | B45: 1. | C45: Partai Kebangkitan Bangsa | E45: 7 | F45: 6 | G45: 6 | H45: 13 | I45: 2 | J45: 5 | K45: 3 | L45: 4 | M45: 4 | N45: 12 | O45: 4 | P45: 4 | Q45: 7 | R45: 4 | S45: 3 | T45: 3 | U45: 6 | V45: 12 | W45: 4 | X45: 4 | Y45: 6 | Z45: 7 | AA45: 5 | AB45: =SUM(E45:AA45) -> 131
A46: A.2 | B46: 1 | C46: 1. Dr. Hj. NIHAYATUL WAFIROH, M.A. | E46: 37 | F46: 41 | G46: 35 | H46: 41 | I46: 19 | J46: 14 | K46: 13 | L46: 15 | M46: 11 | N46: 56 | O46: 27 | P46: 7 | Q46: 7 | R46: 24 | S46: 5 | T46: 12 | U46: 15 | V46: 28 | W46: 26 | X46: 31 | Y46: 15 | Z46: 26 | AA46: 17 | AB46: =SUM(E46:AA46) -> 522
B47: 2 | C47: 2. H. M. NASIM KHAN | E47: 6 | F47: 0 | G47: 2 | H47: 3 | I47: 1 | J47: 2 | K47: 1 | L47: 1 | M47: 0 | N47: 0 | O47: 0 | P47: 4 | Q47: 3 | R47: 7 | S47: 5 | T47: 4 | U47: 4 | V47: 2 | W47: 16 | X47: 4 | Y47: 1 | Z47: 6 | AA47: 1 | AB47: =SUM(E47:AA47) -> 73
B48: 3 | C48: 3. Dr. H. AKIK ZAMAN, M.Pd.I. | E48: 0 | F48: 0 | G48: 0 | H48: 0 | I48: 0 | J48: 0 | K48: 0 | L48: 0 | M48: 0 | N48: 1 | O48: 0 | P48: 0 | Q48: 0 | R48: 1 | S48: 0 | T48: 0 | U48: 0 | V48: 0 | W48: 1 | X48: 1 | Y48: 1 | Z48: 0 | AA48: 0 | AB48: =SUM(E48:AA48) -> 5
B49: 4 | C49: 4. AHMAD RIFA'I, S.H. | E49: 3 | F49: 2 | G49: 0 | H49: 11 | I49: 2 | J49: 1 | K49: 0 | L49: 0 | M49: 0 | N49: 0 | O49: 2 | P49: 0 | Q49: 0 | R49: 0 | S49: 0 | T49: 1 | U49: 1 | V49: 1 | W49: 0 | X49: 0 | Y49: 1 | Z49: 0 | AA49: 1 | AB49: =SUM(E49:AA49) -> 26
B50: 5 | C50: 5. Drs. H. MAHFUD M.N. | E50: 1 | F50: 3 | G50: 1 | H50: 0 | I50: 0 | J50: 2 | K50: 1 | L50: 0 | M50: 0 | N50: 1 | O50: 0 | P50: 1 | Q50: 0 | R50: 0 | S50: 1 | T50: 1 | U50: 1 | V50: 0 | W50: 2 | X50: 2 | Y50: 0 | Z50: 1 | AA50: 0 | AB50: =SUM(E50:AA50) -> 18
B51: 6 | C51: 6. NURHAYATI, S.Pd. | E51: 1 | F51: 0 | G51: 0 | H51: 0 | I51: 2 | J51: 1 | K51: 1 | L51: 0 | M51: 0 | N51: 0 | O51: 1 | P51: 0 | Q51: 1 | R51: 0 | S51: 0 | T51: 0 | U51: 0 | V51: 1 | W51: 1 | X51: 1 | Y51: 1 | Z51: 0 | AA51: 0 | AB51: =SUM(E51:AA51) -> 11
B52: 7 | C52: 7. MAFTUHA KISWAH | E52: 1 | F52: 0 | G52: 1 | H52: 0 | I52: 0 | J52: 1 | K52: 0 | L52: 0 | M52: 0 | N52: 2 | O52: 0 | P52: 0 | Q52: 1 | R52: 1 | S52: 1 | T52: 0 | U52: 3 | V52: 1 | W52: 1 | X52: 2 | Y52: 1 | Z52: 1 | AA52: 0 | AB52: =SUM(E52:AA52) -> 17
A55: B | B55: JUMLAH SUARA SAH PARTAI POLITIK DAN CALON (A1 + A2) | E55: =SUM(E45:E52) -> 56 | F55: =SUM(F45:F52) -> 52 | G55: =SUM(G45:G52) -> 45 | H55: =SUM(H45:H52) -> 68 | I55: =SUM(I45:I52) -> 26 | J55: =SUM(J45:J52) -> 26 | K55: =SUM(K45:K52) -> 19 | L55: =SUM(L45:L52) -> 20 | ... AA55: =SUM(AA45:AA52) -> 24 | AB55: =SUM(E55:AA55) -> 803
A57: A.1 | B57: 2. | C57: Partai Gerakan Indonesia Raya | E57: 10 | F57: 3 | G57: 8 | H57: 7 | I57: 3 | J57: 6 | K57: 16 | L57: 7 | M57: 1 | N57: 4 | O57: 4 | P57: 2 | Q57: 4 | R57: 10 | S57: 6 | T57: 8 | U57: 11 | V57: 13 | W57: 10 | X57: 14 | Y57: 12 | Z57: 12 | AA57: 7 | AB57: =SUM(E57:AA57) -> 178
A58: A.2 | B58: 1 | C58: 1. SUMAIL ABDULLAH | E58: 21 | F58: 12 | G58: 17 | H58: 6 | I58: 9 | J58: 6 | K58: 16 | L58: 5 | M58: 5 | N58: 3 | O58: 4 | P58: 3 | Q58: 8 | R58: 6 | S58: 5 | T58: 10 | U58: 4 | V58: 8 | W58: 6 | X58: 8 | Y58: 6 | Z58: 7 | AA58: 7 | AB58: =SUM(E58:AA58) -> 182
B59: 2 | C59: 2. MUHAMMAD ALI ADRIAN SALEH | E59: 10 | F59: 2 | G59: 8 | H59: 6 | I59: 3 | J59: 4 | K59: 7 | L59: 3 | M59: 2 | N59: 4 | O59: 1 | P59: 7 | Q59: 4 | R59: 13 | S59: 24 | T59: 19 | U59: 66 | V59: 55 | W59: 16 | X59: 7 | Y59: 16 | Z59: 45 | AA59: 4 | AB59: =SUM(E59:AA59) -> 326
B60: 3 | C60: 3. DURROTUN NAFISAH | E60: 0 | F60: 2 | G60: 0 | H60: 3 | I60: 2 | J60: 0 | K60: 1 | L60: 0 | M60: 0 | N60: 1 | O60: 0 | P60: 1 | Q60: 0 | R60: 1 | S60: 0 | T60: 3 | U60: 2 | V60: 2 | W60: 2 | X60: 0 | Y60: 2 | Z60: 2 | AA60: 0 | AB60: =SUM(E60:AA60) -> 24
B61: 4 | C61: 4. H. EKO SUSILO NURHIDAYAT | E61: 1 | F61: 4 | G61: 2 | H61: 7 | I61: 2 | J61: 1 | K61: 1 | L61: 3 | M61: 1 | N61: 2 | O61: 0 | P61: 3 | Q61: 1 | R61: 5 | S61: 1 | T61: 4 | U61: 4 | V61: 2 | W61: 1 | X61: 3 | Y61: 5 | Z61: 2 | AA61: 0 | AB61: =SUM(E61:AA61) -> 55
B62: 5 | C62: 5. KARNADI HARIJANTO, S.S. | E62: 0 | F62: 0 | G62: 0 | H62: 0 | I62: 0 | J62: 2 | K62: 0 | L62: 1 | M62: 1 | N62: 0 | O62: 1 | P62: 1 | Q62: 1 | R62: 0 | S62: 0 | T62: 0 | U62: 0 | V62: 0 | W62: 0 | X62: 1 | Y62: 2 | Z62: 1 | AA62: 0 | AB62: =SUM(E62:AA62) -> 11
B63: 6 | C63: 6. NURHAYATI | E63: 3 | F63: 1 | G63: 1 | H63: 1 | I63: 1 | J63: 0 | K63: 3 | L63: 1 | M63: 2 | N63: 0 | O63: 0 | P63: 1 | Q63: 0 | R63: 3 | S63: 1 | T63: 3 | U63: 1 | V63: 3 | W63: 1 | X63: 3 | Y63: 1 | Z63: 1 | AA63: 1 | AB63: =SUM(E63:AA63) -> 32
B64: 7 | C64: 7. MASHUDI | E64: 0 | F64: 0 | G64: 0 | H64: 0 | I64: 0 | J64: 2 | K64: 0 | L64: 0 | M64: 0 | N64: 0 | O64: 0 | P64: 0 | Q64: 0 | R64: 0 | S64: 0 | T64: 0 | U64: 3 | V64: 0 | W64: 2 | X64: 0 | Y64: 0 | Z64: 0 | AA64: 0 | AB64: =SUM(E64:AA64) -> 7
A67: B | B67: JUMLAH SUARA SAH PARTAI POLITIK DAN CALON (A1 + A2) | E67: =SUM(E57:E64) -> 45 | F67: =SUM(F57:F64) -> 24 | G67: =SUM(G57:G64) -> 36 | H67: =SUM(H57:H64) -> 30 | I67: =SUM(I57:I64) -> 20 | J67: =SUM(J57:J64) -> 21 | K67: =SUM(K57:K64) -> 44 | L67: =SUM(L57:L64) -> 20 | ... AA67: =SUM(AA57:AA64) -> 19 | AB67: =SUM(E67:AA67) -> 815
A69: A.1 | B69: 3. | C69: Partai Demokrasi Indonesia Perjuangan | E69: 8 | F69: 6 | G69: 5 | H69: 4 | I69: 7 | J69: 10 | K69: 12 | L69: 4 | M69: 18 | N69: 9 | O69: 8 | P69: 12 | Q69: 14 | R69: 15 | S69: 15 | T69: 8 | U69: 7 | V69: 9 | W69: 14 | X69: 12 | Y69: 10 | Z69: 12 | AA69: 16 | AB69: =SUM(E69:AA69) -> 235
A70: A.2 | B70: 1 | C70: 1. SONNY TRI DANAPARAMITA, S.H., M.H. | E70: 4 | F70: 0 | G70: 18 | H70: 1 | I70: 3 | J70: 3 | K70: 3 | L70: 5 | M70: 6 | N70: 5 | O70: 2 | P70: 25 | Q70: 17 | R70: 9 | S70: 14 | T70: 9 | U70: 1 | V70: 6 | W70: 12 | X70: 17 | Y70: 11 | Z70: 43 | AA70: 12 | AB70: =SUM(E70:AA70) -> 226
B71: 2 | C71: 2. H. MOHAMAD GUNTUR ROMLI | E71: 1 | F71: 0 | G71: 11 | H71: 14 | I71: 0 | J71: 12 | K71: 4 | L71: 8 | M71: 9 | N71: 7 | O71: 12 | P71: 38 | Q71: 13 | R71: 14 | S71: 24 | T71: 13 | U71: 5 | V71: 28 | W71: 17 | X71: 25 | Y71: 13 | Z71: 11 | AA71: 18 | AB71: =SUM(E71:AA71) -> 297
B72: 3 | C72: 3. INA AMMANIA | E72: 15 | F72: 31 | G72: 2 | H72: 1 | I72: 1 | J72: 2 | K72: 7 | L72: 17 | M72: 5 | N72: 2 | O72: 10 | P72: 16 | Q72: 47 | R72: 29 | S72: 20 | T72: 5 | U72: 10 | V72: 9 | W72: 6 | X72: 9 | Y72: 4 | Z72: 14 | AA72: 43 | AB72: =SUM(E72:AA72) -> 305
B73: 4 | C73: 4. IRWAN BACHTIAR RACHMAT, M.Si. | E73: 3 | F73: 1 | G73: 0 | H73: 1 | I73: 0 | J73: 1 | K73: 2 | L73: 1 | M73: 3 | N73: 1 | O73: 0 | P73: 2 | Q73: 5 | R73: 1 | S73: 1 | T73: 1 | U73: 0 | V73: 2 | W73: 1 | X73: 1 | Y73: 1 | Z73: 0 | AA73: 2 | AB73: =SUM(E73:AA73) -> 30
B74: 5 | C74: 5. LUCKY PERDANA | E74: 1 | F74: 1 | G74: 3 | H74: 0 | I74: 1 | J74: 5 | K74: 3 | L74: 2 | M74: 2 | N74: 0 | O74: 4 | P74: 1 | Q74: 0 | R74: 0 | S74: 4 | T74: 3 | U74: 1 | V74: 2 | W74: 1 | X74: 5 | Y74: 4 | Z74: 3 | AA74: 8 | AB74: =SUM(E74:AA74) -> 54
B75: 6 | C75: 6. WIWIK PUJIYATI | E75: 2 | F75: 0 | G75: 2 | H75: 0 | I75: 2 | J75: 1 | K75: 2 | L75: 1 | M75: 4 | N75: 0 | O75: 2 | P75: 2 | Q75: 4 | R75: 2 | S75: 4 | T75: 6 | U75: 3 | V75: 2 | W75: 1 | X75: 1 | Y75: 2 | Z75: 0 | AA75: 2 | AB75: =SUM(E75:AA75) -> 45
B76: 7 | C76: 7. CHANDRA ASTAN, S.T. | E76: 14 | F76: 1 | G76: 2 | H76: 3 | I76: 2 | J76: 3 | K76: 3 | L76: 3 | M76: 11 | N76: 10 | O76: 2 | P76: 5 | Q76: 4 | R76: 16 | S76: 37 | T76: 0 | U76: 5 | V76: 3 | W76: 8 | X76: 7 | Y76: 14 | Z76: 7 | AA76: 2 | AB76: =SUM(E76:AA76) -> 162
A79: B | B79: JUMLAH SUARA SAH PARTAI POLITIK DAN CALON (A1 + A2) | E79: =SUM(E69:E76) -> 48 | F79: =SUM(F69:F76) -> 40 | G79: =SUM(G69:G76) -> 43 | H79: =SUM(H69:H76) -> 24 | I79: =SUM(I69:I76) -> 16 | J79: =SUM(J69:J76) -> 37 | K79: =SUM(K69:K76) -> 36 | L79: =SUM(L69:L76) -> 41 | ... AA79: =SUM(AA69:AA76) -> 103 | AB79: =SUM(E79:AA79) -> 1354
A81: A.1 | B81: 4. | C81: Partai Golongan Karya | E81: 3 | F81: 2 | G81: 2 | H81: 4 | I81: 13 | J81: 8 | K81: 4 | L81: 11 | M81: 7 | N81: 4 | O81: 1 | P81: 4 | Q81: 8 | R81: 4 | S81: 2 | T81: 9 | U81: 4 | V81: 1 | W81: 7 | X81: 2 | Y81: 2 | Z81: 4 | AA81: 10 | AB81: =SUM(E81:AA81) -> 116
A82: A.2 | B82: 1 | C82: 1. ZULFIKAR ARSE SADIKIN, S.I.P., M.Si. | E82: 6 | F82: 19 | G82: 7 | H82: 3 | I82: 32 | J82: 18 | K82: 22 | L82: 22 | M82: 7 | N82: 13 | O82: 1 | P82: 3 | Q82: 22 | R82: 3 | S82: 8 | T82: 34 | U82: 29 | V82: 3 | W82: 20 | X82: 11 | Y82: 31 | Z82: 9 | AA82: 9 | AB82: =SUM(E82:AA82) -> 332
B83: 2 | C83: 2. HANDOKO | E83: 0 | F83: 2 | G83: 0 | H83: 3 | I83: 2 | J83: 3 | K83: 7 | L83: 5 | M83: 2 | N83: 0 | O83: 0 | P83: 1 | Q83: 0 | R83: 6 | S83: 3 | T83: 3 | U83: 0 | V83: 2 | W83: 5 | X83: 2 | Y83: 0 | Z83: 2 | AA83: 1 | AB83: =SUM(E83:AA83) -> 49
B84: 3 | C84: 3. Hj. OVI DEWI YANTI | E84: 1 | F84: 0 | G84: 0 | H84: 0 | I84: 0 | J84: 0 | K84: 0 | L84: 1 | M84: 1 | N84: 0 | O84: 1 | P84: 0 | Q84: 1 | R84: 0 | S84: 1 | T84: 1 | U84: 0 | V84: 0 | W84: 0 | X84: 0 | Y84: 0 | Z84: 0 | AA84: 0 | AB84: =SUM(E84:AA84) -> 7
B85: 4 | C85: 4. Ir. AZAM AZMAN NATAWIJANA | E85: 2 | F85: 1 | G85: 0 | H85: 1 | I85: 0 | J85: 0 | K85: 1 | L85: 1 | M85: 0 | N85: 0 | O85: 1 | P85: 0 | Q85: 0 | R85: 2 | S85: 0 | T85: 2 | U85: 0 | V85: 0 | W85: 0 | X85: 1 | Y85: 0 | Z85: 0 | AA85: 1 | AB85: =SUM(E85:AA85) -> 13
B86: 5 | C86: 5. UBAIDILLAH AMIN, S.Kom. | E86: 1 | F86: 0 | G86: 0 | H86: 1 | I86: 0 | J86: 0 | K86: 1 | L86: 0 | M86: 0 | N86: 0 | O86: 0 | P86: 0 | Q86: 0 | R86: 0 | S86: 1 | T86: 3 | U86: 0 | V86: 0 | W86: 0 | X86: 0 | Y86: 2 | Z86: 1 | AA86: 0 | AB86: =SUM(E86:AA86) -> 10
B87: 6 | C87: 6. DENNY YUNIANDARI, S.H., M.Kn. | E87: 0 | F87: 0 | G87: 0 | H87: 0 | I87: 1 | J87: 1 | K87: 0 | L87: 0 | M87: 0 | N87: 0 | O87: 0 | P87: 0 | Q87: 0 | R87: 0 | S87: 1 | T87: 0 | U87: 0 | V87: 2 | W87: 0 | X87: 0 | Y87: 0 | Z87: 0 | AA87: 0 | AB87: =SUM(E87:AA87) -> 5
B88: 7 | C88: 7. ERNADI, S.H.I. | E88: 0 | F88: 0 | G88: 0 | H88: 0 | I88: 0 | J88: 0 | K88: 0 | L88: 0 | M88: 0 | N88: 0 | O88: 0 | P88: 0 | Q88: 1 | R88: 0 | S88: 0 | T88: 0 | U88: 0 | V88: 0 | W88: 0 | X88: 0 | Y88: 1 | Z88: 0 | AA88: 0 | AB88: =SUM(E88:AA88) -> 2
A91: B | B91: JUMLAH SUARA SAH PARTAI POLITIK DAN CALON (A1 + A2) | E91: =SUM(E81:E88) -> 13 | F91: =SUM(F81:F88) -> 24 | G91: =SUM(G81:G88) -> 9 | H91: =SUM(H81:H88) -> 12 | I91: =SUM(I81:I88) -> 48 | J91: =SUM(J81:J88) -> 30 | K91: =SUM(K81:K88) -> 35 | L91: =SUM(L81:L88) -> 40 | ... AA91: =SUM(AA81:AA88) -> 21 | AB91: =SUM(E91:AA91) -> 534
A93: A.1 | B93: 5. | C93: Partai NasDem | E93: 4 | F93: 0 | G93: 1 | H93: 0 | I93: 0 | J93: 1 | K93: 7 | L93: 1 | M93: 0 | N93: 1 | O93: 0 | P93: 1 | Q93: 4 | R93: 0 | S93: 0 | T93: 1 | U93: 9 | V93: 2 | W93: 0 | X93: 0 | Y93: 2 | Z93: 1 | AA93: 7 | AB93: =SUM(E93:AA93) -> 42
A94: A.2 | B94: 1 | C94: 1. ACH. FADIL MUZAKKI SYAH | E94: 7 | F94: 3 | G94: 0 | H94: 0 | I94: 1 | J94: 0 | K94: 4 | L94: 1 | M94: 1 | N94: 10 | O94: 0 | P94: 1 | Q94: 1 | R94: 1 | S94: 0 | T94: 5 | U94: 0 | V94: 0 | W94: 3 | X94: 1 | Y94: 0 | Z94: 0 | AA94: 1 | AB94: =SUM(E94:AA94) -> 40
B95: 2 | C95: 2. BENY | E95: 3 | F95: 0 | G95: 0 | H95: 0 | I95: 0 | J95: 0 | K95: 0 | L95: 0 | M95: 0 | N95: 0 | O95: 0 | P95: 0 | Q95: 0 | R95: 0 | S95: 0 | T95: 1 | U95: 0 | V95: 0 | W95: 0 | X95: 0 | Y95: 0 | Z95: 1 | AA95: 0 | AB95: =SUM(E95:AA95) -> 5
B96: 3 | C96: 3. VINA VERONIKA | E96: 0 | F96: 0 | G96: 0 | H96: 0 | I96: 0 | J96: 0 | K96: 2 | L96: 1 | M96: 1 | N96: 0 | O96: 0 | P96: 0 | Q96: 2 | R96: 0 | S96: 0 | T96: 0 | U96: 0 | V96: 0 | W96: 0 | X96: 0 | Y96: 0 | Z96: 1 | AA96: 3 | AB96: =SUM(E96:AA96) -> 10
B97: 4 | C97: 4. TEDDY ANUGRIANTO | E97: 4 | F97: 1 | G97: 2 | H97: 0 | I97: 0 | J97: 1 | K97: 1 | L97: 0 | M97: 0 | N97: 0 | O97: 0 | P97: 0 | Q97: 0 | R97: 0 | S97: 1 | T97: 0 | U97: 1 | V97: 0 | W97: 0 | X97: 0 | Y97: 0 | Z97: 0 | AA97: 1 | AB97: =SUM(E97:AA97) -> 12
B98: 5 | C98: 5. INSAN KAMIL | E98: 0 | F98: 0 | G98: 0 | H98: 0 | I98: 0 | J98: 1 | K98: 1 | L98: 0 | M98: 0 | N98: 0 | O98: 0 | P98: 0 | Q98: 0 | R98: 1 | S98: 0 | T98: 1 | U98: 1 | V98: 1 | W98: 0 | X98: 0 | Y98: 1 | Z98: 0 | AA98: 1 | AB98: =SUM(E98:AA98) -> 8
B99: 6 | C99: 6. LILIK LINDARWATI | E99: 1 | F99: 0 | G99: 1 | H99: 0 | I99: 0 | J99: 0 | K99: 0 | L99: 0 | M99: 0 | N99: 1 | O99: 1 | P99: 1 | Q99: 0 | R99: 0 | S99: 0 | T99: 0 | U99: 0 | V99: 0 | W99: 0 | X99: 0 | Y99: 0 | Z99: 0 | AA99: 0 | AB99: =SUM(E99:AA99) -> 5
B100: 7 | C100: 7. YULI ANITA | E100: 0 | F100: 0 | G100: 0 | H100: 0 | I100: 0 | J100: 0 | K100: 0 | L100: 0 | M100: 0 | N100: 0 | O100: 0 | P100: 0 | Q100: 0 | R100: 0 | S100: 0 | T100: 0 | U100: 0 | V100: 0 | W100: 0 | X100: 0 | Y100: 0 | Z100: 0 | AA100: 0 | AB100: =SUM(E100:AA100) -> 0
A103: B | B103: JUMLAH SUARA SAH PARTAI POLITIK DAN CALON (A1 + A2) | E103: =SUM(E93:E100) -> 19 | F103: =SUM(F93:F100) -> 4 | G103: =SUM(G93:G100) -> 4 | H103: =SUM(H93:H100) -> 0 | I103: =SUM(I93:I100) -> 1 | J103: =SUM(J93:J100) -> 3 | K103: =SUM(K93:K100) -> 15 | L103: =SUM(L93:L100) -> 3 | ... AA103: =SUM(AA93:AA100) -> 13 | AB103: =SUM(E103:AA103) -> 122
A105: A.1 | B105: 6. | C105: Partai Buruh | E105: 0 | F105: 0 | G105: 0 | H105: 1 | I105: 0 | J105: 0 | K105: 0 | L105: 0 | M105: 0 | N105: 0 | O105: 0 | P105: 0 | Q105: 0 | R105: 0 | S105: 0 | T105: 0 | U105: 1 | V105: 0 | W105: 0 | X105: 0 | Y105: 0 | Z105: 0 | AA105: 1 | AB105: =SUM(E105:AA105) -> 3
A106: A.2 | B106: 1 | C106: 1. KHOIRUL ANAM | E106: 0 | F106: 1 | G106: 0 | H106: 0 | I106: 1 | J106: 0 | K106: 0 | L106: 0 | M106: 1 | N106: 0 | O106: 0 | P106: 0 | Q106: 0 | R106: 0 | S106: 0 | T106: 0 | U106: 0 | V106: 1 | W106: 1 | X106: 0 | Y106: 0 | Z106: 0 | AA106: 0 | AB106: =SUM(E106:AA106) -> 5
B107: 2 | C107: 2. INA KURNIA | E107: 0 | F107: 0 | G107: 0 | H107: 0 | I107: 0 | J107: 0 | K107: 0 | L107: 1 | M107: 1 | N107: 0 | O107: 0 | P107: 0 | Q107: 0 | R107: 0 | S107: 0 | T107: 0 | U107: 1 | V107: 0 | W107: 0 | X107: 0 | Y107: 0 | Z107: 0 | AA107: 0 | AB107: =SUM(E107:AA107) -> 3
B108: 3 | C108: 3. JIBRAL TAROUK | E108: 0 | F108: 0 | G108: 0 | H108: 0 | I108: 0 | J108: 0 | K108: 0 | L108: 0 | M108: 0 | N108: 0 | O108: 0 | P108: 0 | Q108: 0 | R108: 0 | S108: 0 | T108: 0 | U108: 0 | V108: 0 | W108: 0 | X108: 0 | Y108: 0 | Z108: 0 | AA108: 0 | AB108: =SUM(E108:AA108) -> 0
B109: 4 | C109: 4. ASTUTI DAENG PUJI | E109: 0 | F109: 1 | G109: 0 | H109: 0 | I109: 0 | J109: 0 | K109: 0 | L109: 0 | M109: 0 | N109: 0 | O109: 0 | P109: 0 | Q109: 0 | R109: 0 | S109: 0 | T109: 0 | U109: 0 | V109: 0 | W109: 0 | X109: 0 | Y109: 0 | Z109: 0 | AA109: 0 | AB109: =SUM(E109:AA109) -> 1
B110: 5 | C110: 5. ASDARMAWAN | E110: 1 | F110: 0 | G110: 0 | H110: 0 | I110: 0 | J110: 0 | K110: 0 | L110: 0 | M110: 0 | N110: 0 | O110: 0 | P110: 0 | Q110: 0 | R110: 0 | S110: 0 | T110: 0 | U110: 0 | V110: 0 | W110: 0 | X110: 0 | Y110: 1 | Z110: 0 | AA110: 0 | AB110: =SUM(E110:AA110) -> 2
B111: 6 | C111: 6. RIFQI MUBAROK | E111: 0 | F111: 0 | G111: 0 | H111: 0 | I111: 1 | J111: 0 | K111: 0 | L111: 0 | M111: 0 | N111: 0 | O111: 0 | P111: 0 | Q111: 0 | R111: 0 | S111: 0 | T111: 0 | U111: 0 | V111: 0 | W111: 0 | X111: 0 | Y111: 0 | Z111: 0 | AA111: 0 | AB111: =SUM(E111:AA111) -> 1
B112: 7 | C112: 7. FIRNANDA ALTA MEGA | E112: 0 | F112: 0 | G112: 0 | H112: 0 | I112: 0 | J112: 0 | K112: 0 | L112: 0 | M112: 0 | N112: 0 | O112: 0 | P112: 0 | Q112: 0 | R112: 0 | S112: 0 | T112: 0 | U112: 0 | V112: 0 | W112: 0 | X112: 0 | Y112: 0 | Z112: 0 | AA112: 0 | AB112: =SUM(E112:AA112) -> 0
A115: B | B115: JUMLAH SUARA SAH PARTAI POLITIK DAN CALON (A1 + A2) | E115: =SUM(E105:E112) -> 1 | F115: =SUM(F105:F112) -> 2 | G115: =SUM(G105:G112) -> 0 | H115: =SUM(H105:H112) -> 1 | I115: =SUM(I105:I112) -> 2 | J115: =SUM(J105:J112) -> 0 | K115: =SUM(K105:K112) -> 0 | L115: =SUM(L105:L112) -> 1 | ... AA115: =SUM(AA105:AA112) -> 1 | AB115: =SUM(E115:AA115) -> 15
A117: A.1 | B117: 7. | C117: Partai Gelombang Rakyat Indonesia | E117: 1 | F117: 1 | G117: 2 | H117: 1 | I117: 1 | J117: 5 | K117: 3 | L117: 1 | M117: 3 | N117: 1 | O117: 0 | P117: 1 | Q117: 2 | R117: 1 | S117: 1 | T117: 0 | U117: 6 | V117: 1 | W117: 1 | X117: 0 | Y117: 6 | Z117: 2 | AA117: 2 | AB117: =SUM(E117:AA117) -> 42
A118: A.2 | B118: 1 | C118: 1. TITI WIDORETNO WARISMAN | E118: 0 | F118: 0 | G118: 0 | H118: 1 | I118: 0 | J118: 0 | K118: 0 | L118: 0 | M118: 0 | N118: 1 | O118: 2 | P118: 0 | Q118: 1 | R118: 0 | S118: 0 | T118: 0 | U118: 0 | V118: 0 | W118: 1 | X118: 0 | Y118: 0 | Z118: 0 | AA118: 0 | AB118: =SUM(E118:AA118) -> 6
B119: 2 | C119: 2. MAMIEK SETYANINGSIH | E119: 0 | F119: 0 | G119: 0 | H119: 0 | I119: 0 | J119: 0 | K119: 0 | L119: 0 | M119: 0 | N119: 0 | O119: 0 | P119: 0 | Q119: 0 | R119: 0 | S119: 0 | T119: 0 | U119: 0 | V119: 0 | W119: 0 | X119: 0 | Y119: 0 | Z119: 0 | AA119: 0 | AB119: =SUM(E119:AA119) -> 0
B120: 3 | C120: 3. ROMIL AZIZEN | E120: 0 | F120: 0 | G120: 0 | H120: 0 | I120: 0 | J120: 0 | K120: 0 | L120: 0 | M120: 1 | N120: 1 | O120: 0 | P120: 0 | Q120: 0 | R120: 0 | S120: 0 | T120: 0 | U120: 0 | V120: 0 | W120: 0 | X120: 0 | Y120: 0 | Z120: 0 | AA120: 0 | AB120: =SUM(E120:AA120) -> 2
A127: B | B127: JUMLAH SUARA SAH PARTAI POLITIK DAN CALON (A1 + A2) | E127: =SUM(E117:E120) -> 1 | F127: =SUM(F117:F120) -> 1 | G127: =SUM(G117:G120) -> 2 | H127: =SUM(H117:H120) -> 2 | I127: =SUM(I117:I120) -> 1 | J127: =SUM(J117:J120) -> 5 | K127: =SUM(K117:K120) -> 3 | L127: =SUM(L117:L120) -> 1 | ... AA127: =SUM(AA117:AA120) -> 2 | AB127: =SUM(E127:AA127) -> 50
A129: A.1 | B129: 8. | C129: Partai Keadilan Sejahtera | E129: 0 | F129: 0 | G129: 0 | H129: 0 | I129: 1 | J129: 0 | K129: 5 | L129: 0 | M129: 0 | N129: 0 | O129: 0 | P129: 0 | Q129: 1 | R129: 0 | S129: 0 | T129: 1 | U129: 0 | V129: 1 | W129: 0 | X129: 1 | Y129: 0 | Z129: 0 | AA129: 0 | AB129: =SUM(E129:AA129) -> 10
A130: A.2 | B130: 1 | C130: 1. H. SAIMI SALEH, S.E., M.M. | E130: 0 | F130: 1 | G130: 4 | H130: 0 | I130: 2 | J130: 0 | K130: 2 | L130: 0 | M130: 1 | N130: 3 | O130: 1 | P130: 0 | Q130: 0 | R130: 1 | S130: 0 | T130: 2 | U130: 1 | V130: 0 | W130: 1 | X130: 0 | Y130: 0 | Z130: 1 | AA130: 0 | AB130: =SUM(E130:AA130) -> 20
B131: 2 | C131: 2. Prof. Dr. H. EGGI SUDJANA, S.H., M.Si. | E131: 0 | F131: 0 | G131: 0 | H131: 0 | I131: 0 | J131: 0 | K131: 1 | L131: 0 | M131: 0 | N131: 0 | O131: 1 | P131: 2 | Q131: 0 | R131: 0 | S131: 0 | T131: 0 | U131: 0 | V131: 0 | W131: 0 | X131: 0 | Y131: 0 | Z131: 0 | AA131: 0 | AB131: =SUM(E131:AA131) -> 4
B132: 3 | C132: 3. NURUL KHOTIMAH | E132: 0 | F132: 0 | G132: 0 | H132: 0 | I132: 0 | J132: 0 | K132: 0 | L132: 0 | M132: 0 | N132: 0 | O132: 1 | P132: 0 | Q132: 0 | R132: 0 | S132: 0 | T132: 0 | U132: 0 | V132: 0 | W132: 0 | X132: 0 | Y132: 0 | Z132: 0 | AA132: 0 | AB132: =SUM(E132:AA132) -> 1
B133: 4 | C133: 4. AKHMAD SUYANTO, S.T., M.T. | E133: 0 | F133: 0 | G133: 0 | H133: 0 | I133: 0 | J133: 0 | K133: 0 | L133: 0 | M133: 0 | N133: 0 | O133: 0 | P133: 0 | Q133: 0 | R133: 0 | S133: 0 | T133: 0 | U133: 0 | V133: 0 | W133: 1 | X133: 1 | Y133: 0 | Z133: 0 | AA133: 0 | AB133: =SUM(E133:AA133) -> 2
B134: 5 | C134: 5. PUJIYATNI | E134: 0 | F134: 0 | G134: 0 | H134: 0 | I134: 0 | J134: 0 | K134: 0 | L134: 0 | M134: 0 | N134: 0 | O134: 0 | P134: 0 | Q134: 0 | R134: 0 | S134: 0 | T134: 0 | U134: 0 | V134: 0 | W134: 0 | X134: 0 | Y134: 0 | Z134: 0 | AA134: 0 | AB134: =SUM(E134:AA134) -> 0
B135: 6 | C135: 6. HENI PURWATININGSIH | E135: 0 | F135: 0 | G135: 0 | H135: 0 | I135: 0 | J135: 0 | K135: 0 | L135: 0 | M135: 0 | N135: 0 | O135: 0 | P135: 0 | Q135: 0 | R135: 0 | S135: 0 | T135: 0 | U135: 0 | V135: 0 | W135: 0 | X135: 0 | Y135: 0 | Z135: 0 | AA135: 0 | AB135: =SUM(E135:AA135) -> 0
B136: 7 | C136: 7. MUHADI | E136: 0 | F136: 0 | G136: 0 | H136: 0 | I136: 0 | J136: 0 | K136: 0 | L136: 0 | M136: 0 | N136: 0 | O136: 0 | P136: 0 | Q136: 0 | R136: 0 | S136: 0 | T136: 0 | U136: 0 | V136: 0 | W136: 0 | X136: 0 | Y136: 0 | Z136: 0 | AA136: 0 | AB136: =SUM(E136:AA136) -> 0
...

Sheet TEMUREJO
C2: Kecamatan | D2: BANGOREJO
C3: Kabupaten | D3: BANYUWANGI
C4: Provinsi | D4: JAWA TIMUR
C9: Kelurahan | D9: TEMUREJO
A12: I | B12: DATA PEMILIH DAN PENGGUNAAN HAK PILIH | AU12: JUMLAH AKHIR
A13: A | B13: DATA PEMILIH | E13: TPS 001 | F13: TPS 002 | G13: TPS 003 | H13: TPS 004 | I13: TPS 005 | J13: TPS 006 | K13: TPS 007 | L13: TPS 008 | M13: TPS 009 | N13: TPS 010 | O13: TPS 011 | P13: TPS 012 | Q13: TPS 013 | R13: TPS 014 | S13: TPS 015 | T13: TPS 016 | U13: TPS 017 | V13: TPS 018 | W13: TPS 019 | X13: TPS 020 | Y13: TPS 021 | Z13: TPS 022 | AA13: TPS 023 | AB13: TPS 024 | AC13: TPS 025 | AD13: TPS 026 | AE13: TPS 027 | AF13: TPS 028 | AG13: TPS 029 | AH13: TPS 030 | AI13: TPS 031 | AJ13: TPS 032 | AK13: TPS 033 | AL13: TPS 034 | AM13: TPS 035 | AN13: TPS 036 | AO13: TPS 037 | AP13: TPS 038 | AQ13: TPS 039 | AR13: TPS 040 | AS13: TPS 041 | AT13: TPS 042
B14: Jumlah Pemilih dalam Daftar Pemilih Tetap (DPT) | D14: LK | E14: 130 | F14: 135 | G14: 130 | H14: 112 | I14: 128 | J14: 138 | K14: 106 | L14: 144 | M14: 139 | N14: 122 | O14: 136 | P14: 137 | Q14: 129 | R14: 148 | S14: 138 | T14: 133 | U14: 149 | V14: 122 | W14: 137 | X14: 126 | Y14: 115 | Z14: 133 | AA14: 124 | AB14: 121 | AC14: 137 | AD14: 130 | AE14: 142 | AF14: 129 | AG14: 116 | AH14: 128 | AI14: 141 | AJ14: 110 | AK14: 104 | AL14: 124 | AM14: 122 | AN14: 127 | AO14: 130 | AP14: 122 | AQ14: 136 | AR14: 132 | AS14: 127 | AT14: 132 | AU14: =SUM(E14:AT14) -> 5421
D15: PR | E15: 133 | F15: 137 | G15: 144 | H15: 108 | I15: 123 | J15: 135 | K15: 112 | L15: 141 | M15: 143 | N15: 114 | O15: 133 | P15: 133 | Q15: 124 | R15: 133 | S15: 126 | T15: 138 | U15: 136 | V15: 124 | W15: 147 | X15: 120 | Y15: 122 | Z15: 106 | AA15: 137 | AB15: 128 | AC15: 141 | AD15: 136 | AE15: 126 | AF15: 130 | AG15: 105 | AH15: 129 | AI15: 136 | AJ15: 108 | AK15: 102 | AL15: 128 | AM15: 131 | AN15: 138 | AO15: 133 | AP15: 137 | AQ15: 128 | AR15: 127 | AS15: 113 | AT15: 130 | AU15: =SUM(E15:AT15) -> 5375
D16: JML | E16: =SUM(E14:E15) -> 263 | F16: =SUM(F14:F15) -> 272 | G16: =SUM(G14:G15) -> 274 | H16: =SUM(H14:H15) -> 220 | I16: =SUM(I14:I15) -> 251 | J16: =SUM(J14:J15) -> 273 | K16: =SUM(K14:K15) -> 218 | L16: =SUM(L14:L15) -> 285 | ... AT16: =SUM(AT14:AT15) -> 262 | AU16: =SUM(E16:AT16) -> 10796
A18: B | B18: PENGGUNA HAK PILIH
B19: 1. | C19: Jumlah pengguna hak pilih dalam Daftar Pemilih Tetap (DPT) | D19: LK | E19: 114 | F19: 105 | G19: 110 | H19: 99 | I19: 102 | J19: 119 | K19: 78 | L19: 114 | M19: 129 | N19: 116 | O19: 105 | P19: 114 | Q19: 104 | R19: 121 | S19: 120 | T19: 110 | U19: 117 | V19: 93 | W19: 111 | X19: 94 | Y19: 91 | Z19: 105 | AA19: 92 | AB19: 96 | AC19: 109 | AD19: 100 | AE19: 106 | AF19: 97 | AG19: 78 | AH19: 95 | AI19: 104 | AJ19: 85 | AK19: 77 | AL19: 84 | AM19: 92 | AN19: 93 | AO19: 104 | AP19: 102 | AQ19: 116 | AR19: 111 | AS19: 95 | AT19: 98 | AU19: =SUM(E19:AT19) -> 4305
D20: PR | E20: 112 | F20: 104 | G20: 122 | H20: 92 | I20: 110 | J20: 107 | K20: 90 | L20: 117 | M20: 129 | N20: 107 | O20: 119 | P20: 117 | Q20: 99 | R20: 115 | S20: 105 | T20: 119 | U20: 106 | V20: 99 | W20: 122 | X20: 94 | Y20: 98 | Z20: 97 | AA20: 95 | AB20: 91 | AC20: 121 | AD20: 110 | AE20: 109 | AF20: 97 | AG20: 76 | AH20: 91 | AI20: 117 | AJ20: 93 | AK20: 86 | AL20: 99 | AM20: 98 | AN20: 111 | AO20: 114 | AP20: 113 | AQ20: 110 | AR20: 109 | AS20: 94 | AT20: 106 | AU20: =SUM(E20:AT20) -> 4420
D21: JML | E21: =SUM(E19:E20) -> 226 | F21: =SUM(F19:F20) -> 209 | G21: =SUM(G19:G20) -> 232 | H21: =SUM(H19:H20) -> 191 | I21: =SUM(I19:I20) -> 212 | J21: =SUM(J19:J20) -> 226 | K21: =SUM(K19:K20) -> 168 | L21: =SUM(L19:L20) -> 231 | ... AT21: =SUM(AT19:AT20) -> 204 | AU21: =SUM(E21:AT21) -> 8725
B22: 2. | C22: Jumlah pengguna hak pilih dalam Daftar Pemilih Tambahan (DPTb) | D22: LK | T22: 0 | U22: 1 | V22: 0 | W22: 0 | X22: 0 | Y22: 0 | Z22: 0 | AA22: 0 | AB22: 0 | AC22: 0 | AD22: 0 | AE22: 0 | AF22: 0 | AG22: 1 | AH22: 0 | AI22: 0 | AJ22: 1 | AK22: 0 | AL22: 0 | AM22: 2 | AN22: 0 | AO22: 0 | AP22: 0 | AQ22: 0 | AR22: 0 | AS22: 0 | AT22: 0 | AU22: =SUM(E22:AT22) -> 5
D23: PR | T23: 1 | U23: 2 | V23: 0 | W23: 0 | X23: 0 | Y23: 0 | Z23: 0 | AA23: 0 | AB23: 0 | AC23: 0 | AD23: 0 | AE23: 0 | AF23: 0 | AG23: 0 | AH23: 0 | AI23: 0 | AJ23: 1 | AK23: 0 | AL23: 0 | AM23: 2 | AN23: 0 | AO23: 1 | AP23: 0 | AQ23: 0 | AR23: 0 | AS23: 0 | AT23: 0 | AU23: =SUM(E23:AT23) -> 7
D24: JML | E24: =SUM(E22:E23) -> 0 | F24: =SUM(F22:F23) -> 0 | G24: =SUM(G22:G23) -> 0 | H24: =SUM(H22:H23) -> 0 | I24: =SUM(I22:I23) -> 0 | J24: =SUM(J22:J23) -> 0 | K24: =SUM(K22:K23) -> 0 | L24: =SUM(L22:L23) -> 0 | ... AT24: =SUM(AT22:AT23) -> 0 | AU24: =SUM(E24:AT24) -> 12
B25: 3. | C25: Jumlah pengguna hak pilih dalam Daftar Pemilih Khusus (DPK) | D25: LK | E25: 3 | F25: 0 | G25: 0 | H25: 0 | I25: 0 | J25: 0 | K25: 0 | L25: 0 | M25: 1 | N25: 0 | O25: 0 | P25: 0 | Q25: 0 | R25: 0 | S25: 0 | T25: 0 | U25: 1 | V25: 0 | W25: 0 | X25: 1 | Y25: 0 | Z25: 0 | AA25: 0 | AB25: 0 | AC25: 2 | AD25: 9 | AE25: 0 | AF25: 1 | AG25: 0 | AH25: 0 | AI25: 2 | AJ25: 0 | AK25: 3 | AL25: 5 | AM25: 4 | AN25: 2 | AO25: 2 | AP25: 1 | AQ25: 0 | AR25: 2 | AS25: 1 | AT25: 0 | AU25: =SUM(E25:AT25) -> 40
D26: PR | E26: 1 | F26: 0 | G26: 0 | H26: 0 | I26: 0 | J26: 0 | K26: 0 | L26: 0 | M26: 0 | N26: 0 | O26: 0 | P26: 0 | Q26: 0 | R26: 0 | S26: 0 | T26: 0 | U26: 2 | V26: 0 | W26: 2 | X26: 1 | Y26: 0 | Z26: 0 | AA26: 0 | AB26: 0 | AC26: 2 | AD26: 4 | AE26: 0 | AF26: 1 | AG26: 0 | AH26: 2 | AI26: 1 | AJ26: 0 | AK26: 4 | AL26: 3 | AM26: 7 | AN26: 2 | AO26: 6 | AP26: 3 | AQ26: 0 | AR26: 2 | AS26: 0 | AT26: 4 | AU26: =SUM(E26:AT26) -> 47
D27: JML | E27: =SUM(E25:E26) -> 4 | F27: =SUM(F25:F26) -> 0 | G27: =SUM(G25:G26) -> 0 | H27: =SUM(H25:H26) -> 0 | I27: =SUM(I25:I26) -> 0 | J27: =SUM(J25:J26) -> 0 | K27: =SUM(K25:K26) -> 0 | L27: =SUM(L25:L26) -> 0 | ... AT27: =SUM(AT25:AT26) -> 4 | AU27: =SUM(E27:AT27) -> 87
B28: 4. | C28: Jumlah Pengguna Hak Pilih (B.1+B.2+B.3) | D28: LK | E28: =SUM(E19,E22,E25) -> 117 | F28: =SUM(F19,F22,F25) -> 105 | G28: =SUM(G19,G22,G25) -> 110 | H28: =SUM(H19,H22,H25) -> 99 | I28: =SUM(I19,I22,I25) -> 102 | J28: =SUM(J19,J22,J25) -> 119 | K28: =SUM(K19,K22,K25) -> 78 | L28: =SUM(L19,L22,L25) -> 114 | ... AT28: =SUM(AT19,AT22,AT25) -> 98 | AU28: =SUM(E28:AT28) -> 4350
D29: PR | E29: =SUM(E20,E23,E26) -> 113 | F29: =SUM(F20,F23,F26) -> 104 | G29: =SUM(G20,G23,G26) -> 122 | H29: =SUM(H20,H23,H26) -> 92 | I29: =SUM(I20,I23,I26) -> 110 | J29: =SUM(J20,J23,J26) -> 107 | K29: =SUM(K20,K23,K26) -> 90 | L29: =SUM(L20,L23,L26) -> 117 | ... AT29: =SUM(AT20,AT23,AT26) -> 110 | AU29: =SUM(E29:AT29) -> 4474
D30: JML | E30: =SUM(E28:E29) -> 230 | F30: =SUM(F28:F29) -> 209 | G30: =SUM(G28:G29) -> 232 | H30: =SUM(H28:H29) -> 191 | I30: =SUM(I28:I29) -> 212 | J30: =SUM(J28:J29) -> 226 | K30: =SUM(K28:K29) -> 168 | L30: =SUM(L28:L29) -> 231 | ... AT30: =SUM(AT28:AT29) -> 208 | AU30: =SUM(E30:AT30) -> 8824
A32: II | B32: DATA PENGGUNAAN SURAT SUARA
A33: 1 | B33: Jumlah surat suara yang diterima, termasuk surat suara cadangan 2,5% dari DPT | E33: 272 | F33: 278 | G33: 281 | H33: 225 | I33: 257 | J33: 278 | K33: 223 | L33: 291 | M33: 288 | N33: 241 | O33: 275 | P33: 276 | Q33: 257 | R33: 287 | S33: 270 | T33: 277 | U33: 290 | V33: 251 | W33: 289 | X33: 252 | Y33: 242 | Z33: 244 | AA33: 267 | AB33: 254 | AC33: 284 | AD33: 272 | AE33: 274 | AF33: 259 | AG33: 226 | AH33: 264 | AI33: 282 | AJ33: 223 | AK33: 211 | AL33: 258 | AM33: 260 | AN33: 270 | AO33: 268 | AP33: 265 | AQ33: 270 | AR33: 265 | AS33: 247 | AT33: 267 | AU33: =SUM(E33:AT33) -> 11030
A34: 2 | B34: Jumlah surat suara yang digunakan | E34: 230 | F34: 209 | G34: 232 | H34: 191 | I34: 212 | J34: 226 | K34: 168 | L34: 231 | M34: 259 | N34: 223 | O34: 224 | P34: 231 | Q34: 203 | R34: 236 | S34: 225 | T34: 230 | U34: 229 | V34: 192 | W34: 235 | X34: 190 | Y34: 189 | Z34: 202 | AA34: 187 | AB34: 187 | AC34: 234 | AD34: 223 | AE34: 215 | AF34: 196 | AG34: 155 | AH34: 188 | AI34: 224 | AJ34: 180 | AK34: 170 | AL34: 191 | AM34: 205 | AN34: 208 | AO34: 227 | AP34: 219 | AQ34: 226 | AR34: 224 | AS34: 190 | AT34: 208 | AU34: =SUM(E34:AT34) -> 8824
A35: 3 | B35: Jumlah surat suara dikembalikan oleh pemilih (karena rusak atau keliru coblos) | E35: 0 | F35: 0 | G35: 4 | H35: 0 | I35: 0 | J35: 0 | K35: 0 | L35: 0 | M35: 0 | N35: 2 | O35: 2 | P35: 0 | Q35: 0 | R35: 0 | S35: 4 | T35: 0 | U35: 2 | V35: 0 | W35: 3 | X35: 1 | Y35: 0 | Z35: 0 | AA35: 0 | AB35: 0 | AC35: 2 | AD35: 2 | AE35: 0 | AF35: 0 | AG35: 0 | AH35: 18 | AI35: 0 | AJ35: 0 | AK35: 0 | AL35: 0 | AM35: 0 | AN35: 0 | AO35: 0 | AP35: 46 | AQ35: 1 | AR35: 2 | AS35: 0 | AT35: 0 | AU35: =SUM(E35:AT35) -> 89
A36: 4 | B36: Jumlah surat suara yang tidak digunakan/tidak terpakai, termasuk sisa surat suara cadangan | E36: =E33-(E34+E35) -> 42 | F36: =F33-(F34+F35) -> 69 | G36: =G33-(G34+G35) -> 45 | H36: =H33-(H34+H35) -> 34 | I36: =I33-(I34+I35) -> 45 | J36: =J33-(J34+J35) -> 52 | K36: =K33-(K34+K35) -> 55 | L36: =L33-(L34+L35) -> 60 | ... AT36: =AT33-(AT34+AT35) -> 59 | AU36: =SUM(E36:AT36) -> 2117
A38: III | B38: DATA PEMILIH DISABILITAS
B39: Jumlah seluruh Pemilih disabilitas yang menggunakan hak pilih | D39: LK | R39: 1 | T39: 0 | U39: 0 | V39: 3 | W39: 0 | X39: 0 | Y39: 0 | Z39: 0 | AA39: 0 | AB39: 0 | AC39: 0 | AD39: 0 | AE39: 0 | AF39: 1 | AG39: 0 | AH39: 0 | AI39: 0 | AJ39: 0 | AK39: 0 | AL39: 0 | AM39: 0 | AN39: 0 | AO39: 0 | AP39: 1 | AQ39: 0 | AR39: 0 | AS39: 0 | AT39: 0 | AU39: =SUM(E39:AT39) -> 6
D40: PR | R40: 1 | T40: 0 | U40: 0 | V40: 8 | W40: 0 | X40: 1 | Y40: 0 | Z40: 0 | AA40: 0 | AB40: 0 | AC40: 0 | AD40: 0 | AE40: 0 | AF40: 1 | AG40: 0 | AH40: 0 | AI40: 0 | AJ40: 0 | AK40: 0 | AL40: 0 | AM40: 0 | AN40: 0 | AO40: 0 | AP40: 1 | AQ40: 0 | AR40: 0 | AS40: 0 | AT40: 0 | AU40: =SUM(E40:AT40) -> 12
D41: JML | E41: =SUM(E39:E40) -> 0 | F41: =SUM(F39:F40) -> 0 | G41: =SUM(G39:G40) -> 0 | H41: =SUM(H39:H40) -> 0 | I41: =SUM(I39:I40) -> 0 | J41: =SUM(J39:J40) -> 0 | K41: =SUM(K39:K40) -> 0 | L41: =SUM(L39:L40) -> 0 | ... AT41: =SUM(AT39:AT40) -> 0 | AU41: =SUM(E41:AT41) -> 18
A43: IV | B43: DATA RINCIAN PEROLEHAN SUARA PASANGAN CALON BUPATI DAN WAKIL BUPATI
A44: NOMOR DAN NAMA CALON
A45: A.1 | B45: 1. | C45: Partai Kebangkitan Bangsa | E45: 8 | F45: 1 | G45: 7 | H45: 2 | I45: 1 | J45: 2 | K45: 3 | L45: 4 | M45: 2 | N45: 1 | O45: 4 | P45: 2 | Q45: 0 | R45: 3 | S45: 4 | T45: 1 | U45: 2 | V45: 1 | W45: 2 | X45: 7 | Y45: 6 | Z45: 0 | AA45: 4 | AB45: 3 | AC45: 1 | AD45: 2 | AE45: 2 | AF45: 1 | AG45: 5 | AH45: 3 | AI45: 10 | AJ45: 1 | AK45: 2 | AL45: 1 | AM45: 5 | AN45: 5 | AO45: 10 | AP45: 7 | AQ45: 1 | AR45: 1 | AS45: 0 | AT45: 1 | AU45: =SUM(E45:AT45) -> 128
