Workbook

Sheet DPR
C8: Kecamatan | D8: KALIPURO
C9: Kabupaten | D9: BANYUWANGI
C10: Provinsi | D10: JAWA TIMUR
A12: I | B12: DATA PEMILIH DAN PENGGUNAAN HAK PILIH | E12: JUMLAH AKHIR
A13: A | B13: DATA PEMILIH
B14: Jumlah Pemilih dalam Daftar Pemilih Tetap (DPT) | D14: LK | E14: =BULUSAN!AC14+BULUSARI!R14+GOMBENGSARI!AC14+KALIPURO!AR14+KELIR!W14+KETAPANG!BE14+KLATAK!AV14+PESUCEN!R14+TELEMUNG!T14 -> 31987
D15: PR | E15: =BULUSAN!AC15+BULUSARI!R15+GOMBENGSARI!AC15+KALIPURO!AR15+KELIR!W15+KETAPANG!BE15+KLATAK!AV15+PESUCEN!R15+TELEMUNG!T15 -> 33057
D16: JML | E16: =SUM(E14:E15) -> 65044
A18: B | B18: PENGGUNA HAK PILIH
B19: 1. | C19: Jumlah pengguna hak pilih dalam Daftar Pemilih Tetap (DPT) | D19: LK | E19: =BULUSAN!AC19+BULUSARI!R19+GOMBENGSARI!AC19+KALIPURO!AR19+KELIR!W19+KETAPANG!BE19+KLATAK!AV19+PESUCEN!R19+TELEMUNG!T19 -> 24074
D20: PR | E20: =BULUSAN!AC20+BULUSARI!R20+GOMBENGSARI!AC20+KALIPURO!AR20+KELIR!W20+KETAPANG!BE20+KLATAK!AV20+PESUCEN!R20+TELEMUNG!T20 -> 26769
D21: JML | E21: =SUM(E19:E20) -> 50843
B22: 2. | C22: Jumlah pengguna hak pilih dalam Daftar Pemilih Tambahan (DPTb) | D22: LK | E22: =BULUSAN!AC22+BULUSARI!R22+GOMBENGSARI!AC22+KALIPURO!AR22+KELIR!W22+KETAPANG!BE22+KLATAK!AV22+PESUCEN!R22+TELEMUNG!T22 -> 115
D23: PR | E23: =BULUSAN!AC23+BULUSARI!R23+GOMBENGSARI!AC23+KALIPURO!AR23+KELIR!W23+KETAPANG!BE23+KLATAK!AV23+PESUCEN!R23+TELEMUNG!T23 -> 97
D24: JML | E24: =SUM(E22:E23) -> 212
B25: 3. | C25: Jumlah pengguna hak pilih dalam Daftar Pemilih Khusus (DPK) | D25: LK | E25: =BULUSAN!AC25+BULUSARI!R25+GOMBENGSARI!AC25+KALIPURO!AR25+KELIR!W25+KETAPANG!BE25+KLATAK!AV25+PESUCEN!R25+TELEMUNG!T25 -> 356
D26: PR | E26: =BULUSAN!AC26+BULUSARI!R26+GOMBENGSARI!AC26+KALIPURO!AR26+KELIR!W26+KETAPANG!BE26+KLATAK!AV26+PESUCEN!R26+TELEMUNG!T26 -> 425
D27: JML | E27: =SUM(E25:E26) -> 781
B28: 4. | C28: Jumlah Pengguna Hak Pilih (B.1+B.2+B.3) | D28: LK | E28: =E19+E22+E25 -> 24545
D29: PR | E29: =E20+E23+E26 -> 27291
D30: JML | E30: =SUM(E28:E29) -> 51836
A32: II | B32: DATA PENGGUNAAN SURAT SUARA
A33: 1 | B33: Jumlah surat suara yang diterima, termasuk surat suara cadangan 2,5% dari DPT | E33: =BULUSAN!AC33+BULUSARI!R33+GOMBENGSARI!AC33+KALIPURO!AR33+KELIR!W33+KETAPANG!BE33+KLATAK!AV33+PESUCEN!R33+TELEMUNG!T33 -> 66326
A34: 2 | B34: Jumlah surat suara yang digunakan | E34: =BULUSAN!AC34+BULUSARI!R34+GOMBENGSARI!AC34+KALIPURO!AR34+KELIR!W34+KETAPANG!BE34+KLATAK!AV34+PESUCEN!R34+TELEMUNG!T34 -> 51836
A35: 3 | B35: Jumlah surat suara dikembalikan oleh pemilih (karena rusak atau keliru coblos) | E35: =BULUSAN!AC35+BULUSARI!R35+GOMBENGSARI!AC35+KALIPURO!AR35+KELIR!W35+KETAPANG!BE35+KLATAK!AV35+PESUCEN!R35+TELEMUNG!T35 -> 96
A36: 4 | B36: Jumlah surat suara yang tidak digunakan/tidak terpakai, termasuk sisa surat suara cadangan | E36: =E33-(E34+E35) -> 14394
A38: III | B38: DATA PEMILIH DISABILITAS
B39: Jumlah seluruh Pemilih disabilitas yang menggunakan hak pilih | D39: LK | E39: =BULUSAN!AC39+BULUSARI!R39+GOMBENGSARI!AC39+KALIPURO!AR39+KELIR!W39+KETAPANG!BE39+KLATAK!AV39+PESUCEN!R39+TELEMUNG!T39 -> 63
D40: PR | E40: =BULUSAN!AC40+BULUSARI!R40+GOMBENGSARI!AC40+KALIPURO!AR40+KELIR!W40+KETAPANG!BE40+KLATAK!AV40+PESUCEN!R40+TELEMUNG!T40 -> 85
D41: JML | E41: =SUM(E39:E40) -> 148
A43: IV | B43: DATA RINCIAN PEROLEHAN SUARA PASANGAN CALON BUPATI DAN WAKIL BUPATI
A44: NOMOR DAN NAMA CALON
A45: A.1 | B45: 1. | C45: Partai Kebangkitan Bangsa | E45: =BULUSAN!AC45+BULUSARI!R45+GOMBENGSARI!AC45+KALIPURO!AR45+KELIR!W45+KETAPANG!BE45+KLATAK!AV45+PESUCEN!R45+TELEMUNG!T45 -> 1994
A46: A.2 | B46: 1 | C46: 1. Dr. Hj. NIHAYATUL WAFIROH, M.A. | E46: =BULUSAN!AC46+BULUSARI!R46+GOMBENGSARI!AC46+KALIPURO!AR46+KELIR!W46+KETAPANG!BE46+KLATAK!AV46+PESUCEN!R46+TELEMUNG!T46 -> 4744
B47: 2 | C47: 2. H. M. NASIM KHAN | E47: =BULUSAN!AC47+BULUSARI!R47+GOMBENGSARI!AC47+KALIPURO!AR47+KELIR!W47+KETAPANG!BE47+KLATAK!AV47+PESUCEN!R47+TELEMUNG!T47 -> 1342
B48: 3 | C48: 3. Dr. H. AKIK ZAMAN, M.Pd.I. | E48: =BULUSAN!AC48+BULUSARI!R48+GOMBENGSARI!AC48+KALIPURO!AR48+KELIR!W48+KETAPANG!BE48+KLATAK!AV48+PESUCEN!R48+TELEMUNG!T48 -> 168
B49: 4 | C49: 4. AHMAD RIFA'I, S.H. | E49: =BULUSAN!AC49+BULUSARI!R49+GOMBENGSARI!AC49+KALIPURO!AR49+KELIR!W49+KETAPANG!BE49+KLATAK!AV49+PESUCEN!R49+TELEMUNG!T49 -> 108
B50: 5 | C50: 5. Drs. H. MAHFUD M.N. | E50: =BULUSAN!AC50+BULUSARI!R50+GOMBENGSARI!AC50+KALIPURO!AR50+KELIR!W50+KETAPANG!BE50+KLATAK!AV50+PESUCEN!R50+TELEMUNG!T50 -> 102
B51: 6 | C51: 6. NURHAYATI, S.Pd. | E51: =BULUSAN!AC51+BULUSARI!R51+GOMBENGSARI!AC51+KALIPURO!AR51+KELIR!W51+KETAPANG!BE51+KLATAK!AV51+PESUCEN!R51+TELEMUNG!T51 -> 52
B52: 7 | C52: 7. MAFTUHA KISWAH | E52: =BULUSAN!AC52+BULUSARI!R52+GOMBENGSARI!AC52+KALIPURO!AR52+KELIR!W52+KETAPANG!BE52+KLATAK!AV52+PESUCEN!R52+TELEMUNG!T52 -> 48
A53: B | B53: JUMLAH SUARA SAH PARTAI POLITIK DAN CALON (A1 + A2) | E53: =SUM(E45:E52) -> 8558
A55: A.1 | B55: 2. | C55: Partai Gerakan Indonesia Raya | E55: =BULUSAN!AC55+BULUSARI!R55+GOMBENGSARI!AC55+KALIPURO!AR55+KELIR!W55+KETAPANG!BE55+KLATAK!AV55+PESUCEN!R55+TELEMUNG!T55 -> 2333
A56: A.2 | B56: 1 | C56: 1. SUMAIL ABDULLAH | E56: =BULUSAN!AC56+BULUSARI!R56+GOMBENGSARI!AC56+KALIPURO!AR56+KELIR!W56+KETAPANG!BE56+KLATAK!AV56+PESUCEN!R56+TELEMUNG!T56 -> 3595
B57: 2 | C57: 2. MUHAMMAD ALI ADRIAN SALEH | E57: =BULUSAN!AC57+BULUSARI!R57+GOMBENGSARI!AC57+KALIPURO!AR57+KELIR!W57+KETAPANG!BE57+KLATAK!AV57+PESUCEN!R57+TELEMUNG!T57 -> 1171
B58: 3 | C58: 3. DURROTUN NAFISAH | E58: =BULUSAN!AC58+BULUSARI!R58+GOMBENGSARI!AC58+KALIPURO!AR58+KELIR!W58+KETAPANG!BE58+KLATAK!AV58+PESUCEN!R58+TELEMUNG!T58 -> 281
B59: 4 | C59: 4. H. EKO SUSILO NURHIDAYAT | E59: =BULUSAN!AC59+BULUSARI!R59+GOMBENGSARI!AC59+KALIPURO!AR59+KELIR!W59+KETAPANG!BE59+KLATAK!AV59+PESUCEN!R59+TELEMUNG!T59 -> 282
B60: 5 | C60: 5. KARNADI HARIJANTO, S.S. | E60: =BULUSAN!AC60+BULUSARI!R60+GOMBENGSARI!AC60+KALIPURO!AR60+KELIR!W60+KETAPANG!BE60+KLATAK!AV60+PESUCEN!R60+TELEMUNG!T60 -> 85
B61: 6 | C61: 6. NURHAYATI | E61: =BULUSAN!AC61+BULUSARI!R61+GOMBENGSARI!AC61+KALIPURO!AR61+KELIR!W61+KETAPANG!BE61+KLATAK!AV61+PESUCEN!R61+TELEMUNG!T61 -> 170
B62: 7 | C62: 7. MASHUDI | E62: =BULUSAN!AC62+BULUSARI!R62+GOMBENGSARI!AC62+KALIPURO!AR62+KELIR!W62+KETAPANG!BE62+KLATAK!AV62+PESUCEN!R62+TELEMUNG!T62 -> 61
A63: B | B63: JUMLAH SUARA SAH PARTAI POLITIK DAN CALON (A1 + A2) | E63: =SUM(E55:E62) -> 7978
A65: A.1 | B65: 3. | C65: Partai Demokrasi Indonesia Perjuangan | E65: =BULUSAN!AC65+BULUSARI!R65+GOMBENGSARI!AC65+KALIPURO!AR65+KELIR!W65+KETAPANG!BE65+KLATAK!AV65+PESUCEN!R65+TELEMUNG!T65 -> 2035
A66: A.2 | B66: 1 | C66: 1. SONNY TRI DANAPARAMITA, S.H., M.H. | E66: =BULUSAN!AC66+BULUSARI!R66+GOMBENGSARI!AC66+KALIPURO!AR66+KELIR!W66+KETAPANG!BE66+KLATAK!AV66+PESUCEN!R66+TELEMUNG!T66 -> 3404
B67: 2 | C67: 2. H. MOHAMAD GUNTUR ROMLI | E67: =BULUSAN!AC67+BULUSARI!R67+GOMBENGSARI!AC67+KALIPURO!AR67+KELIR!W67+KETAPANG!BE67+KLATAK!AV67+PESUCEN!R67+TELEMUNG!T67 -> 2644
B68: 3 | C68: 3. INA AMMANIA | E68: =BULUSAN!AC68+BULUSARI!R68+GOMBENGSARI!AC68+KALIPURO!AR68+KELIR!W68+KETAPANG!BE68+KLATAK!AV68+PESUCEN!R68+TELEMUNG!T68 -> 457
B69: 4 | C69: 4. IRWAN BACHTIAR RACHMAT, M.Si. | E69: =BULUSAN!AC69+BULUSARI!R69+GOMBENGSARI!AC69+KALIPURO!AR69+KELIR!W69+KETAPANG!BE69+KLATAK!AV69+PESUCEN!R69+TELEMUNG!T69 -> 161
B70: 5 | C70: 5. LUCKY PERDANA | E70: =BULUSAN!AC70+BULUSARI!R70+GOMBENGSARI!AC70+KALIPURO!AR70+KELIR!W70+KETAPANG!BE70+KLATAK!AV70+PESUCEN!R70+TELEMUNG!T70 -> 1550
B71: 6 | C71: 6. WIWIK PUJIYATI | E71: =BULUSAN!AC71+BULUSARI!R71+GOMBENGSARI!AC71+KALIPURO!AR71+KELIR!W71+KETAPANG!BE71+KLATAK!AV71+PESUCEN!R71+TELEMUNG!T71 -> 77
B72: 7 | C72: 7. CHANDRA ASTAN, S.T. | E72: =BULUSAN!AC72+BULUSARI!R72+GOMBENGSARI!AC72+KALIPURO!AR72+KELIR!W72+KETAPANG!BE72+KLATAK!AV72+PESUCEN!R72+TELEMUNG!T72 -> 1424
A73: B | B73: JUMLAH SUARA SAH PARTAI POLITIK DAN CALON (A1 + A2) | E73: =SUM(E65:E72) -> 11752
A75: A.1 | B75: 4. | C75: Partai Golongan Karya | E75: =BULUSAN!AC75+BULUSARI!R75+GOMBENGSARI!AC75+KALIPURO!AR75+KELIR!W75+KETAPANG!BE75+KLATAK!AV75+PESUCEN!R75+TELEMUNG!T75 -> 1404
A76: A.2 | B76: 1 | C76: 1. ZULFIKAR ARSE SADIKIN, S.I.P., M.Si. | E76: =BULUSAN!AC76+BULUSARI!R76+GOMBENGSARI!AC76+KALIPURO!AR76+KELIR!W76+KETAPANG!BE76+KLATAK!AV76+PESUCEN!R76+TELEMUNG!T76 -> 3243
B77: 2 | C77: 2. HANDOKO | E77: =BULUSAN!AC77+BULUSARI!R77+GOMBENGSARI!AC77+KALIPURO!AR77+KELIR!W77+KETAPANG!BE77+KLATAK!AV77+PESUCEN!R77+TELEMUNG!T77 -> 626
B78: 3 | C78: 3. Hj. OVI DEWI YANTI | E78: =BULUSAN!AC78+BULUSARI!R78+GOMBENGSARI!AC78+KALIPURO!AR78+KELIR!W78+KETAPANG!BE78+KLATAK!AV78+PESUCEN!R78+TELEMUNG!T78 -> 223
B79: 4 | C79: 4. Ir. AZAM AZMAN NATAWIJANA | E79: =BULUSAN!AC79+BULUSARI!R79+GOMBENGSARI!AC79+KALIPURO!AR79+KELIR!W79+KETAPANG!BE79+KLATAK!AV79+PESUCEN!R79+TELEMUNG!T79 -> 200
B80: 5 | C80: 5. UBAIDILLAH AMIN, S.Kom. | E80: =BULUSAN!AC80+BULUSARI!R80+GOMBENGSARI!AC80+KALIPURO!AR80+KELIR!W80+KETAPANG!BE80+KLATAK!AV80+PESUCEN!R80+TELEMUNG!T80 -> 301
B81: 6 | C81: 6. DENNY YUNIANDARI, S.H., M.Kn. | E81: =BULUSAN!AC81+BULUSARI!R81+GOMBENGSARI!AC81+KALIPURO!AR81+KELIR!W81+KETAPANG!BE81+KLATAK!AV81+PESUCEN!R81+TELEMUNG!T81 -> 48
B82: 7 | C82: 7. ERNADI, S.H.I. | E82: =BULUSAN!AC82+BULUSARI!R82+GOMBENGSARI!AC82+KALIPURO!AR82+KELIR!W82+KETAPANG!BE82+KLATAK!AV82+PESUCEN!R82+TELEMUNG!T82 -> 21
A83: B | B83: JUMLAH SUARA SAH PARTAI POLITIK DAN CALON (A1 + A2) | E83: =SUM(E75:E82) -> 6066
A85: A.1 | B85: 5. | C85: Partai NasDem | E85: =BULUSAN!AC85+BULUSARI!R85+GOMBENGSARI!AC85+KALIPURO!AR85+KELIR!W85+KETAPANG!BE85+KLATAK!AV85+PESUCEN!R85+TELEMUNG!T85 -> 448
A86: A.2 | B86: 1 | C86: 1. ACH. FADIL MUZAKKI SYAH | E86: =BULUSAN!AC86+BULUSARI!R86+GOMBENGSARI!AC86+KALIPURO!AR86+KELIR!W86+KETAPANG!BE86+KLATAK!AV86+PESUCEN!R86+TELEMUNG!T86 -> 1227
B87: 2 | C87: 2. BENY | E87: =BULUSAN!AC87+BULUSARI!R87+GOMBENGSARI!AC87+KALIPURO!AR87+KELIR!W87+KETAPANG!BE87+KLATAK!AV87+PESUCEN!R87+TELEMUNG!T87 -> 246
B88: 3 | C88: 3. VINA VERONIKA | E88: =BULUSAN!AC88+BULUSARI!R88+GOMBENGSARI!AC88+KALIPURO!AR88+KELIR!W88+KETAPANG!BE88+KLATAK!AV88+PESUCEN!R88+TELEMUNG!T88 -> 35
B89: 4 | C89: 4. TEDDY ANUGRIANTO | E89: =BULUSAN!AC89+BULUSARI!R89+GOMBENGSARI!AC89+KALIPURO!AR89+KELIR!W89+KETAPANG!BE89+KLATAK!AV89+PESUCEN!R89+TELEMUNG!T89 -> 88
B90: 5 | C90: 5. INSAN KAMIL | E90: =BULUSAN!AC90+BULUSARI!R90+GOMBENGSARI!AC90+KALIPURO!AR90+KELIR!W90+KETAPANG!BE90+KLATAK!AV90+PESUCEN!R90+TELEMUNG!T90 -> 85
B91: 6 | C91: 6. LILIK LINDARWATI | E91: =BULUSAN!AC91+BULUSARI!R91+GOMBENGSARI!AC91+KALIPURO!AR91+KELIR!W91+KETAPANG!BE91+KLATAK!AV91+PESUCEN!R91+TELEMUNG!T91 -> 119
B92: 7 | C92: 7. YULI ANITA | E92: =BULUSAN!AC92+BULUSARI!R92+GOMBENGSARI!AC92+KALIPURO!AR92+KELIR!W92+KETAPANG!BE92+KLATAK!AV92+PESUCEN!R92+TELEMUNG!T92 -> 61
A93: B | B93: JUMLAH SUARA SAH PARTAI POLITIK DAN CALON (A1 + A2) | E93: =SUM(E85:E92) -> 2309
A95: A.1 | B95: 6. | C95: Partai Buruh | E95: =BULUSAN!AC95+BULUSARI!R95+GOMBENGSARI!AC95+KALIPURO!AR95+KELIR!W95+KETAPANG!BE95+KLATAK!AV95+PESUCEN!R95+TELEMUNG!T95 -> 194
A96: A.2 | B96: 1 | C96: 1. KHOIRUL ANAM | E96: =BULUSAN!AC96+BULUSARI!R96+GOMBENGSARI!AC96+KALIPURO!AR96+KELIR!W96+KETAPANG!BE96+KLATAK!AV96+PESUCEN!R96+TELEMUNG!T96 -> 52
B97: 2 | C97: 2. INA KURNIA | E97: =BULUSAN!AC97+BULUSARI!R97+GOMBENGSARI!AC97+KALIPURO!AR97+KELIR!W97+KETAPANG!BE97+KLATAK!AV97+PESUCEN!R97+TELEMUNG!T97 -> 36
B98: 3 | C98: 3. JIBRAL TAROUK | E98: =BULUSAN!AC98+BULUSARI!R98+GOMBENGSARI!AC98+KALIPURO!AR98+KELIR!W98+KETAPANG!BE98+KLATAK!AV98+PESUCEN!R98+TELEMUNG!T98 -> 17
B99: 4 | C99: 4. ASTUTI DAENG PUJI | E99: =BULUSAN!AC99+BULUSARI!R99+GOMBENGSARI!AC99+KALIPURO!AR99+KELIR!W99+KETAPANG!BE99+KLATAK!AV99+PESUCEN!R99+TELEMUNG!T99 -> 6
B100: 5 | C100: 5. ASDARMAWAN | E100: =BULUSAN!AC100+BULUSARI!R100+GOMBENGSARI!AC100+KALIPURO!AR100+KELIR!W100+KETAPANG!BE100+KLATAK!AV100+PESUCEN!R100+TELEMUNG!T100 -> 4
B101: 6 | C101: 6. RIFQI MUBAROK | E101: =BULUSAN!AC101+BULUSARI!R101+GOMBENGSARI!AC101+KALIPURO!AR101+KELIR!W101+KETAPANG!BE101+KLATAK!AV101+PESUCEN!R101+TELEMUNG!T101 -> 16
B102: 7 | C102: 7. FIRNANDA ALTA MEGA | E102: =BULUSAN!AC102+BULUSARI!R102+GOMBENGSARI!AC102+KALIPURO!AR102+KELIR!W102+KETAPANG!BE102+KLATAK!AV102+PESUCEN!R102+TELEMUNG!T102 -> 7
A103: B | B103: JUMLAH SUARA SAH PARTAI POLITIK DAN CALON (A1 + A2) | E103: =SUM(E95:E102) -> 332
A105: A.1 | B105: 7. | C105: Partai Gelombang Rakyat Indonesia | E105: =BULUSAN!AC105+BULUSARI!R105+GOMBENGSARI!AC105+KALIPURO!AR105+KELIR!W105+KETAPANG!BE105+KLATAK!AV105+PESUCEN!R105+TELEMUNG!T105 -> 155
A106: A.2 | B106: 1 | C106: 1. TITI WIDORETNO WARISMAN | E106: =BULUSAN!AC106+BULUSARI!R106+GOMBENGSARI!AC106+KALIPURO!AR106+KELIR!W106+KETAPANG!BE106+KLATAK!AV106+PESUCEN!R106+TELEMUNG!T106 -> 70
B107: 2 | C107: 2. MAMIEK SETYANINGSIH | E107: =BULUSAN!AC107+BULUSARI!R107+GOMBENGSARI!AC107+KALIPURO!AR107+KELIR!W107+KETAPANG!BE107+KLATAK!AV107+PESUCEN!R107+TELEMUNG!T107 -> 18
B108: 3 | C108: 3. ROMIL AZIZEN | E108: =BULUSAN!AC108+BULUSARI!R108+GOMBENGSARI!AC108+KALIPURO!AR108+KELIR!W108+KETAPANG!BE108+KLATAK!AV108+PESUCEN!R108+TELEMUNG!T108 -> 10
A109: B | B109: JUMLAH SUARA SAH PARTAI POLITIK DAN CALON (A1 + A2) | E109: =SUM(E105:E108) -> 253
A111: A.1 | B111: 8. | C111: Partai Keadilan Sejahtera | E111: =BULUSAN!AC111+BULUSARI!R111+GOMBENGSARI!AC111+KALIPURO!AR111+KELIR!W111+KETAPANG!BE111+KLATAK!AV111+PESUCEN!R111+TELEMUNG!T111 -> 438
A112: A.2 | B112: 1 | C112: 1. H. SAIMI SALEH, S.E., M.M. | E112: =BULUSAN!AC112+BULUSARI!R112+GOMBENGSARI!AC112+KALIPURO!AR112+KELIR!W112+KETAPANG!BE112+KLATAK!AV112+PESUCEN!R112+TELEMUNG!T112 -> 771
B113: 2 | C113: 2. Prof. Dr. H. EGGI SUDJANA, S.H., M.Si. | E113: =BULUSAN!AC113+BULUSARI!R113+GOMBENGSARI!AC113+KALIPURO!AR113+KELIR!W113+KETAPANG!BE113+KLATAK!AV113+PESUCEN!R113+TELEMUNG!T113 -> 308
B114: 3 | C114: 3. NURUL KHOTIMAH | E114: =BULUSAN!AC114+BULUSARI!R114+GOMBENGSARI!AC114+KALIPURO!AR114+KELIR!W114+KETAPANG!BE114+KLATAK!AV114+PESUCEN!R114+TELEMUNG!T114 -> 50
B115: 4 | C115: 4. AKHMAD SUYANTO, S.T., M.T. | E115: =BULUSAN!AC115+BULUSARI!R115+GOMBENGSARI!AC115+KALIPURO!AR115+KELIR!W115+KETAPANG!BE115+KLATAK!AV115+PESUCEN!R115+TELEMUNG!T115 -> 29
B116: 5 | C116: 5. PUJIYATNI | E116: =BULUSAN!AC116+BULUSARI!R116+GOMBENGSARI!AC116+KALIPURO!AR116+KELIR!W116+KETAPANG!BE116+KLATAK!AV116+PESUCEN!R116+TELEMUNG!T116 -> 13
B117: 6 | C117: 6. HENI PURWATININGSIH | E117: =BULUSAN!AC117+BULUSARI!R117+GOMBENGSARI!AC117+KALIPURO!AR117+KELIR!W117+KETAPANG!BE117+KLATAK!AV117+PESUCEN!R117+TELEMUNG!T117 -> 20
B118: 7 | C118: 7. MUHADI | E118: =BULUSAN!AC118+BULUSARI!R118+GOMBENGSARI!AC118+KALIPURO!AR118+KELIR!W118+KETAPANG!BE118+KLATAK!AV118+PESUCEN!R118+TELEMUNG!T118 -> 8
A119: B | B119: JUMLAH SUARA SAH PARTAI POLITIK DAN CALON (A1 + A2) | E119: =SUM(E111:E118) -> 1637
...

Sheet BULUSAN
C2: Kecamatan | D2: WONGSOREJO
C3: Kabupaten | D3: BANYUWANGI
C4: Provinsi | D4: JAWA TIMUR
C9: Kelurahan | D9: BULUSAN
A12: I | B12: DATA PEMILIH DAN PENGGUNAAN HAK PILIH | AC12: JUMLAH AKHIR
A13: A | B13: DATA PEMILIH | E13: TPS 001 | F13: TPS 002 | G13: TPS 003 | H13: TPS 004 | I13: TPS 005 | J13: TPS 006 | K13: TPS 007 | L13: TPS 008 | M13: TPS 009 | N13: TPS 010 | O13: TPS 011 | P13: TPS 012 | Q13: TPS 013 | R13: TPS 014 | S13: TPS 015 | T13: TPS 016 | U13: TPS 017 | V13: TPS 018 | W13: TPS 019 | X13: TPS 020 | Y13: TPS 021 | Z13: TPS 022 | AA13: TPS 023 | AB13: TPS 024
B14: Jumlah Pemilih dalam Daftar Pemilih Tetap (DPT) | D14: LK | E14: 148 | F14: 140 | G14: 133 | H14: 145 | I14: 130 | J14: 136 | K14: 147 | L14: 130 | M14: 139 | N14: 140 | O14: 129 | P14: 109 | Q14: 148 | R14: 138 | S14: 139 | T14: 143 | U14: 140 | V14: 131 | W14: 132 | X14: 144 | Y14: 104 | Z14: 86 | AA14: 146 | AB14: 116 | AC14: =SUM(E14:AB14) -> 3193
D15: PR | E15: 146 | F15: 139 | G15: 139 | H15: 150 | I15: 136 | J15: 144 | K15: 133 | L15: 153 | M15: 145 | N15: 134 | O15: 144 | P15: 118 | Q15: 140 | R15: 146 | S15: 139 | T15: 142 | U15: 137 | V15: 134 | W15: 149 | X15: 148 | Y15: 122 | Z15: 110 | AA15: 142 | AB15: 124 | AC15: =SUM(E15:AB15) -> 3314
D16: JML | E16: =SUM(E14:E15) -> 294 | F16: =SUM(F14:F15) -> 279 | G16: =SUM(G14:G15) -> 272 | H16: =SUM(H14:H15) -> 295 | I16: =SUM(I14:I15) -> 266 | J16: =SUM(J14:J15) -> 280 | K16: =SUM(K14:K15) -> 280 | L16: =SUM(L14:L15) -> 283 | ... AB16: =SUM(AB14:AB15) -> 240 | AC16: =SUM(E16:AB16) -> 6507
A18: B | B18: PENGGUNA HAK PILIH
B19: 1. | C19: Jumlah pengguna hak pilih dalam Daftar Pemilih Tetap (DPT) | D19: LK | E19: 101 | F19: 102 | G19: 101 | H19: 122 | I19: 82 | J19: 102 | K19: 111 | L19: 98 | M19: 95 | N19: 102 | O19: 88 | P19: 68 | Q19: 92 | R19: 92 | S19: 86 | T19: 117 | U19: 122 | V19: 108 | W19: 106 | X19: 104 | Y19: 89 | Z19: 65 | AA19: 92 | AB19: 94 | AC19: =SUM(E19:AB19) -> 2339
D20: PR | E20: 117 | F20: 115 | G20: 119 | H20: 125 | I20: 107 | J20: 119 | K20: 107 | L20: 121 | M20: 119 | N20: 111 | O20: 116 | P20: 100 | Q20: 97 | R20: 109 | S20: 111 | T20: 121 | U20: 121 | V20: 121 | W20: 118 | X20: 116 | Y20: 101 | Z20: 91 | AA20: 110 | AB20: 108 | AC20: =SUM(E20:AB20) -> 2700
D21: JML | E21: =SUM(E19:E20) -> 218 | F21: =SUM(F19:F20) -> 217 | G21: =SUM(G19:G20) -> 220 | H21: =SUM(H19:H20) -> 247 | I21: =SUM(I19:I20) -> 189 | J21: =SUM(J19:J20) -> 221 | K21: =SUM(K19:K20) -> 218 | L21: =SUM(L19:L20) -> 219 | ... AB21: =SUM(AB19:AB20) -> 202 | AC21: =SUM(E21:AB21) -> 5039
B22: 2. | C22: Jumlah pengguna hak pilih dalam Daftar Pemilih Tambahan (DPTb) | D22: LK | E22: 1 | G22: 1 | H22: 1 | M22: 1 | Q22: 1 | R22: 1 | W22: 1 | AC22: =SUM(E22:AB22) -> 7
D23: PR | E23: 1 | F23: 1 | J23: 1 | K23: 1 | L23: 1 | P23: 1 | S23: 1 | T23: 2 | U23: 1 | V23: 1 | X23: 1 | Y23: 1 | Z23: 1 | AA23: 1 | AB23: 1 | AC23: =SUM(E23:AB23) -> 16
D24: JML | E24: =SUM(E22:E23) -> 2 | F24: =SUM(F22:F23) -> 1 | G24: =SUM(G22:G23) -> 1 | H24: =SUM(H22:H23) -> 1 | I24: =SUM(I22:I23) -> 0 | J24: =SUM(J22:J23) -> 1 | K24: =SUM(K22:K23) -> 1 | L24: =SUM(L22:L23) -> 1 | ... AB24: =SUM(AB22:AB23) -> 1 | AC24: =SUM(E24:AB24) -> 23
B25: 3. | C25: Jumlah pengguna hak pilih dalam Daftar Pemilih Khusus (DPK) | D25: LK | E25: 2 | F25: 1 | K25: 2 | L25: 4 | P25: 3 | Q25: 1 | S25: 1 | U25: 3 | V25: 1 | X25: 1 | Z25: 5 | AB25: 3 | AC25: =SUM(E25:AB25) -> 27
D26: PR | E26: 4 | F26: 3 | I26: 1 | J26: 1 | L26: 4 | N26: 1 | O26: 1 | P26: 4 | Q26: 1 | S26: 2 | U26: 1 | V26: 1 | X26: 3 | Z26: 1 | AB26: 4 | AC26: =SUM(E26:AB26) -> 32
D27: JML | E27: =SUM(E25:E26) -> 6 | F27: =SUM(F25:F26) -> 4 | G27: =SUM(G25:G26) -> 0 | H27: =SUM(H25:H26) -> 0 | I27: =SUM(I25:I26) -> 1 | J27: =SUM(J25:J26) -> 1 | K27: =SUM(K25:K26) -> 2 | L27: =SUM(L25:L26) -> 8 | ... AB27: =SUM(AB25:AB26) -> 7 | AC27: =SUM(E27:AB27) -> 59
B28: 4. | C28: Jumlah Pengguna Hak Pilih (B.1+B.2+B.3) | D28: LK | E28: =SUM(E19,E22,E25) -> 104 | F28: =SUM(F19,F22,F25) -> 103 | G28: =SUM(G19,G22,G25) -> 102 | H28: =SUM(H19,H22,H25) -> 123 | I28: =SUM(I19,I22,I25) -> 82 | J28: =SUM(J19,J22,J25) -> 102 | K28: =SUM(K19,K22,K25) -> 113 | L28: =SUM(L19,L22,L25) -> 102 | ... AB28: =SUM(AB19,AB22,AB25) -> 97 | AC28: =SUM(E28:AB28) -> 2373
D29: PR | E29: =SUM(E20,E23,E26) -> 122 | F29: =SUM(F20,F23,F26) -> 119 | G29: =SUM(G20,G23,G26) -> 119 | H29: =SUM(H20,H23,H26) -> 125 | I29: =SUM(I20,I23,I26) -> 108 | J29: =SUM(J20,J23,J26) -> 121 | K29: =SUM(K20,K23,K26) -> 108 | L29: =SUM(L20,L23,L26) -> 126 | ... AB29: =SUM(AB20,AB23,AB26) -> 113 | AC29: =SUM(E29:AB29) -> 2748
D30: JML | E30: =SUM(E28:E29) -> 226 | F30: =SUM(F28:F29) -> 222 | G30: =SUM(G28:G29) -> 221 | H30: =SUM(H28:H29) -> 248 | I30: =SUM(I28:I29) -> 190 | J30: =SUM(J28:J29) -> 223 | K30: =SUM(K28:K29) -> 221 | L30: =SUM(L28:L29) -> 228 | ... AB30: =SUM(AB28:AB29) -> 210 | AC30: =SUM(E30:AB30) -> 5121
A32: II | B32: DATA PENGGUNAAN SURAT SUARA
A33: 1 | B33: Jumlah surat suara yang diterima, termasuk surat suara cadangan 2,5% dari DPT | E33: 300 | F33: 286 | G33: 278 | H33: 301 | I33: 272 | J33: 286 | K33: 286 | L33: 289 | M33: 290 | N33: 280 | O33: 279 | P33: 232 | Q33: 294 | R33: 290 | S33: 284 | T33: 291 | U33: 283 | V33: 272 | W33: 278 | X33: 299 | Y33: 231 | Z33: 200 | AA33: 295 | AB33: 245 | AC33: =SUM(E33:AB33) -> 6641
A34: 2 | B34: Jumlah surat suara yang digunakan | E34: 226 | F34: 222 | G34: 221 | H34: 248 | I34: 190 | J34: 223 | K34: 221 | L34: 228 | M34: 215 | N34: 214 | O34: 205 | P34: 176 | Q34: 192 | R34: 202 | S34: 201 | T34: 240 | U34: 248 | V34: 232 | W34: 225 | X34: 225 | Y34: 191 | Z34: 163 | AA34: 203 | AB34: 210 | AC34: =SUM(E34:AB34) -> 5121
A35: 3 | B35: Jumlah surat suara dikembalikan oleh pemilih (karena rusak atau keliru coblos) | F35: 1 | G35: 1 | K35: 1 | T35: 3 | U35: 2 | Z35: 12 | AA35: 1 | AC35: =SUM(E35:AB35) -> 21
A36: 4 | B36: Jumlah surat suara yang tidak digunakan/tidak terpakai, termasuk sisa surat suara cadangan | E36: =E33-(E34+E35) -> 74 | F36: =F33-(F34+F35) -> 63 | G36: =G33-(G34+G35) -> 56 | H36: =H33-(H34+H35) -> 53 | I36: =I33-(I34+I35) -> 82 | J36: =J33-(J34+J35) -> 63 | K36: =K33-(K34+K35) -> 64 | L36: =L33-(L34+L35) -> 61 | ... AB36: =AB33-(AB34+AB35) -> 35 | AC36: =SUM(E36:AB36) -> 1499
A38: III | B38: DATA PEMILIH DISABILITAS
B39: Jumlah seluruh Pemilih disabilitas yang menggunakan hak pilih | D39: LK | I39: 1 | K39: 3 | AC39: =SUM(E39:AB39) -> 4
D40: PR | K40: 6 | AC40: =SUM(E40:AB40) -> 6
D41: JML | E41: =SUM(E39:E40) -> 0 | F41: =SUM(F39:F40) -> 0 | G41: =SUM(G39:G40) -> 0 | H41: =SUM(H39:H40) -> 0 | I41: =SUM(I39:I40) -> 1 | J41: =SUM(J39:J40) -> 0 | K41: =SUM(K39:K40) -> 9 | L41: =SUM(L39:L40) -> 0 | ... AB41: =SUM(AB39:AB40) -> 0 | AC41: =SUM(E41:AB41) -> 10
A43: IV | B43: DATA RINCIAN PEROLEHAN SUARA PASANGAN CALON BUPATI DAN WAKIL BUPATI
A44: NOMOR DAN NAMA CALON
A45: A.1 | B45: 1. | C45: Partai Kebangkitan Bangsa | E45: 7 | F45: 15 | G45: 6 | H45: 11 | I45: 3 | J45: 12 | K45: 5 | L45: 22 | M45: 2 | N45: 7 | O45: 7 | P45: 4 | Q45: 4 | R45: 4 | S45: 2 | T45: 7 | U45: 18 | V45: 5 | W45: 10 | X45: 6 | Y45: 9 | Z45: 11 | AA45: 15 | AB45: 12 | AC45: =SUM(E45:AB45) -> 204
A46: A.2 | B46: 1 | C46: 1. Dr. Hj. NIHAYATUL WAFIROH, M.A. | E46: 25 | F46: 36 | G46: 32 | H46: 36 | I46: 33 | J46: 13 | K46: 39 | L46: 47 | M46: 37 | N46: 18 | O46: 18 | P46: 15 | Q46: 23 | R46: 20 | S46: 5 | T46: 46 | U46: 32 | V46: 22 | W46: 18 | X46: 32 | Y46: 16 | Z46: 9 | AA46: 21 | AB46: 12 | AC46: =SUM(E46:AB46) -> 605
B47: 2 | C47: 2. H. M. NASIM KHAN | E47: 2 | F47: 8 | G47: 8 | H47: 11 | I47: 5 | J47: 1 | K47: 1 | L47: 3 | M47: 4 | N47: 2 | O47: 4 | P47: 11 | Q47: 31 | R47: 1 | S47: 2 | T47: 16 | U47: 39 | V47: 16 | W47: 4 | X47: 11 | Y47: 6 | Z47: 2 | AA47: 2 | AB47: 8 | AC47: =SUM(E47:AB47) -> 198
B48: 3 | C48: 3. Dr. H. AKIK ZAMAN, M.Pd.I. | E48: 0 | F48: 2 | G48: 0 | H48: 1 | I48: 0 | J48: 4 | K48: 2 | L48: 2 | M48: 1 | N48: 4 | O48: 0 | P48: 0 | Q48: 4 | R48: 1 | S48: 0 | T48: 1 | U48: 0 | V48: 0 | W48: 0 | X48: 0 | Y48: 4 | Z48: 1 | AA48: 0 | AB48: 0 | AC48: =SUM(E48:AB48) -> 27
B49: 4 | C49: 4. AHMAD RIFA'I, S.H. | E49: 0 | F49: 1 | G49: 1 | H49: 1 | I49: 0 | J49: 0 | K49: 1 | L49: 3 | M49: 0 | N49: 1 | O49: 0 | P49: 2 | Q49: 0 | R49: 0 | S49: 0 | T49: 0 | U49: 2 | V49: 3 | W49: 0 | X49: 0 | Y49: 7 | Z49: 2 | AA49: 0 | AB49: 0 | AC49: =SUM(E49:AB49) -> 24
B50: 5 | C50: 5. Drs. H. MAHFUD M.N. | E50: 0 | F50: 0 | G50: 2 | H50: 1 | I50: 1 | J50: 2 | K50: 1 | L50: 1 | M50: 3 | N50: 2 | O50: 0 | P50: 0 | Q50: 0 | R50: 0 | S50: 0 | T50: 1 | U50: 1 | V50: 0 | W50: 0 | X50: 0 | Y50: 1 | Z50: 0 | AA50: 1 | AB50: 1 | AC50: =SUM(E50:AB50) -> 18
B51: 6 | C51: 6. NURHAYATI, S.Pd. | E51: 0 | F51: 0 | G51: 1 | H51: 0 | I51: 0 | J51: 1 | K51: 0 | L51: 1 | M51: 0 | N51: 0 | O51: 0 | P51: 0 | Q51: 0 | R51: 1 | S51: 0 | T51: 0 | U51: 1 | V51: 0 | W51: 0 | X51: 0 | Y51: 0 | Z51: 0 | AA51: 0 | AB51: 1 | AC51: =SUM(E51:AB51) -> 6
B52: 7 | C52: 7. MAFTUHA KISWAH | E52: 0 | F52: 0 | G52: 0 | H52: 0 | I52: 0 | J52: 0 | K52: 1 | L52: 0 | M52: 0 | N52: 0 | O52: 0 | P52: 0 | Q52: 0 | R52: 0 | S52: 0 | T52: 0 | U52: 1 | V52: 0 | W52: 0 | X52: 0 | Y52: 0 | Z52: 0 | AA52: 0 | AB52: 0 | AC52: =SUM(E52:AB52) -> 2
A53: B | B53: JUMLAH SUARA SAH PARTAI POLITIK DAN CALON (A1 + A2) | E53: =SUM(E45:E52) -> 34 | F53: =SUM(F45:F52) -> 62 | G53: =SUM(G45:G52) -> 50 | H53: =SUM(H45:H52) -> 61 | I53: =SUM(I45:I52) -> 42 | J53: =SUM(J45:J52) -> 33 | K53: =SUM(K45:K52) -> 50 | L53: =SUM(L45:L52) -> 79 | ... AC53: =SUM(AC45:AC52) -> 1084
A55: A.1 | B55: 2. | C55: Partai Gerakan Indonesia Raya | E55: 9 | F55: 7 | G55: 3 | H55: 11 | I55: 11 | J55: 5 | K55: 12 | L55: 11 | M55: 6 | N55: 10 | O55: 9 | P55: 10 | Q55: 5 | R55: 17 | S55: 13 | T55: 6 | U55: 9 | V55: 8 | W55: 6 | X55: 10 | Y55: 7 | Z55: 6 | AA55: 11 | AB55: 5 | AC55: =SUM(E55:AB55) -> 207
A56: A.2 | B56: 1 | C56: 1. SUMAIL ABDULLAH | E56: 16 | F56: 15 | G56: 15 | H56: 11 | I56: 20 | J56: 18 | K56: 18 | L56: 12 | M56: 13 | N56: 12 | O56: 14 | P56: 15 | Q56: 5 | R56: 13 | S56: 5 | T56: 14 | U56: 9 | V56: 10 | W56: 15 | X56: 7 | Y56: 18 | Z56: 11 | AA56: 10 | AB56: 14 | AC56: =SUM(E56:AB56) -> 310
B57: 2 | C57: 2. MUHAMMAD ALI ADRIAN SALEH | E57: 4 | F57: 5 | G57: 0 | H57: 3 | I57: 3 | J57: 3 | K57: 1 | L57: 2 | M57: 2 | N57: 6 | O57: 4 | P57: 1 | Q57: 2 | R57: 1 | S57: 1 | T57: 2 | U57: 0 | V57: 2 | W57: 1 | X57: 4 | Y57: 3 | Z57: 3 | AA57: 4 | AB57: 3 | AC57: =SUM(E57:AB57) -> 60
B58: 3 | C58: 3. DURROTUN NAFISAH | E58: 2 | F58: 1 | G58: 1 | H58: 2 | I58: 0 | J58: 0 | K58: 2 | L58: 2 | M58: 1 | N58: 2 | O58: 1 | P58: 2 | Q58: 0 | R58: 3 | S58: 0 | T58: 0 | U58: 3 | V58: 1 | W58: 0 | X58: 0 | Y58: 1 | Z58: 0 | AA58: 2 | AB58: 0 | AC58: =SUM(E58:AB58) -> 26
B59: 4 | C59: 4. H. EKO SUSILO NURHIDAYAT | E59: 1 | F59: 1 | G59: 0 | H59: 0 | I59: 1 | J59: 0 | K59: 3 | L59: 0 | M59: 2 | N59: 1 | O59: 0 | P59: 1 | Q59: 2 | R59: 1 | S59: 0 | T59: 0 | U59: 0 | V59: 0 | W59: 1 | X59: 1 | Y59: 0 | Z59: 0 | AA59: 1 | AB59: 0 | AC59: =SUM(E59:AB59) -> 16
B60: 5 | C60: 5. KARNADI HARIJANTO, S.S. | E60: 0 | F60: 0 | G60: 0 | H60: 1 | I60: 0 | J60: 1 | K60: 0 | L60: 1 | M60: 0 | N60: 1 | O60: 0 | P60: 0 | Q60: 0 | R60: 0 | S60: 0 | T60: 0 | U60: 0 | V60: 0 | W60: 0 | X60: 0 | Y60: 0 | Z60: 0 | AA60: 0 | AB60: 0 | AC60: =SUM(E60:AB60) -> 4
B61: 6 | C61: 6. NURHAYATI | E61: 0 | F61: 0 | G61: 1 | H61: 1 | I61: 0 | J61: 1 | K61: 1 | L61: 0 | M61: 1 | N61: 1 | O61: 2 | P61: 1 | Q61: 0 | R61: 0 | S61: 1 | T61: 0 | U61: 0 | V61: 0 | W61: 0 | X61: 1 | Y61: 1 | Z61: 1 | AA61: 0 | AB61: 0 | AC61: =SUM(E61:AB61) -> 13
B62: 7 | C62: 7. MASHUDI | E62: 0 | F62: 0 | G62: 0 | H62: 0 | I62: 1 | J62: 0 | K62: 0 | L62: 0 | M62: 0 | N62: 0 | O62: 0 | P62: 0 | Q62: 0 | R62: 0 | S62: 0 | T62: 0 | U62: 1 | V62: 0 | W62: 0 | X62: 0 | Y62: 0 | Z62: 0 | AA62: 0 | AB62: 0 | AC62: =SUM(E62:AB62) -> 2
A63: B | B63: JUMLAH SUARA SAH PARTAI POLITIK DAN CALON (A1 + A2) | E63: =SUM(E55:E62) -> 32 | F63: =SUM(F55:F62) -> 29 | G63: =SUM(G55:G62) -> 20 | H63: =SUM(H55:H62) -> 29 | I63: =SUM(I55:I62) -> 36 | J63: =SUM(J55:J62) -> 28 | K63: =SUM(K55:K62) -> 37 | L63: =SUM(L55:L62) -> 28 | ... AC63: =SUM(AC55:AC62) -> 638
A65: A.1 | B65: 3. | C65: Partai Demokrasi Indonesia Perjuangan | E65: 4 | F65: 6 | G65: 7 | H65: 6 | I65: 5 | J65: 5 | K65: 5 | L65: 12 | M65: 17 | N65: 19 | O65: 9 | P65: 14 | Q65: 7 | R65: 20 | S65: 17 | T65: 8 | U65: 4 | V65: 10 | W65: 5 | X65: 7 | Y65: 15 | Z65: 7 | AA65: 10 | AB65: 18 | AC65: =SUM(E65:AB65) -> 237
A66: A.2 | B66: 1 | C66: 1. SONNY TRI DANAPARAMITA, S.H., M.H. | E66: 7 | F66: 6 | G66: 3 | H66: 8 | I66: 10 | J66: 10 | K66: 5 | L66: 4 | M66: 9 | N66: 22 | O66: 12 | P66: 15 | Q66: 9 | R66: 6 | S66: 17 | T66: 11 | U66: 13 | V66: 6 | W66: 11 | X66: 13 | Y66: 6 | Z66: 8 | AA66: 7 | AB66: 18 | AC66: =SUM(E66:AB66) -> 236
B67: 2 | C67: 2. H. MOHAMAD GUNTUR ROMLI | E67: 7 | F67: 25 | G67: 11 | H67: 4 | I67: 1 | J67: 21 | K67: 15 | L67: 10 | M67: 44 | N67: 16 | O67: 22 | P67: 25 | Q67: 10 | R67: 8 | S67: 20 | T67: 17 | U67: 7 | V67: 43 | W67: 6 | X67: 18 | Y67: 23 | Z67: 17 | AA67: 14 | AB67: 18 | AC67: =SUM(E67:AB67) -> 402
B68: 3 | C68: 3. INA AMMANIA | E68: 2 | F68: 0 | G68: 1 | H68: 0 | I68: 4 | J68: 1 | K68: 1 | L68: 1 | M68: 1 | N68: 1 | O68: 3 | P68: 4 | Q68: 1 | R68: 1 | S68: 1 | T68: 1 | U68: 0 | V68: 4 | W68: 1 | X68: 2 | Y68: 2 | Z68: 1 | AA68: 1 | AB68: 3 | AC68: =SUM(E68:AB68) -> 37
B69: 4 | C69: 4. IRWAN BACHTIAR RACHMAT, M.Si. | E69: 0 | F69: 1 | G69: 0 | H69: 0 | I69: 0 | J69: 0 | K69: 2 | L69: 0 | M69: 1 | N69: 0 | O69: 1 | P69: 0 | Q69: 0 | R69: 3 | S69: 2 | T69: 0 | U69: 2 | V69: 0 | W69: 1 | X69: 0 | Y69: 2 | Z69: 0 | AA69: 0 | AB69: 0 | AC69: =SUM(E69:AB69) -> 15
B70: 5 | C70: 5. LUCKY PERDANA | E70: 14 | F70: 6 | G70: 14 | H70: 10 | I70: 8 | J70: 38 | K70: 17 | L70: 13 | M70: 6 | N70: 8 | O70: 13 | P70: 6 | Q70: 12 | R70: 5 | S70: 16 | T70: 7 | U70: 6 | V70: 5 | W70: 5 | X70: 1 | Y70: 1 | Z70: 1 | AA70: 12 | AB70: 2 | AC70: =SUM(E70:AB70) -> 226
B71: 6 | C71: 6. WIWIK PUJIYATI | E71: 1 | F71: 0 | G71: 0 | H71: 1 | I71: 0 | J71: 1 | K71: 0 | L71: 0 | M71: 0 | N71: 0 | O71: 0 | P71: 0 | Q71: 1 | R71: 1 | S71: 0 | T71: 0 | U71: 1 | V71: 1 | W71: 0 | X71: 0 | Y71: 0 | Z71: 0 | AA71: 2 | AB71: 0 | AC71: =SUM(E71:AB71) -> 9
B72: 7 | C72: 7. CHANDRA ASTAN, S.T. | E72: 3 | F72: 0 | G72: 3 | H72: 1 | I72: 8 | J72: 0 | K72: 0 | L72: 7 | M72: 2 | N72: 0 | O72: 0 | P72: 0 | Q72: 7 | R72: 17 | S72: 25 | T72: 2 | U72: 51 | V72: 10 | W72: 5 | X72: 27 | Y72: 6 | Z72: 3 | AA72: 4 | AB72: 10 | AC72: =SUM(E72:AB72) -> 191
A73: B | B73: JUMLAH SUARA SAH PARTAI POLITIK DAN CALON (A1 + A2) | E73: =SUM(E65:E72) -> 38 | F73: =SUM(F65:F72) -> 44 | G73: =SUM(G65:G72) -> 39 | H73: =SUM(H65:H72) -> 30 | I73: =SUM(I65:I72) -> 36 | J73: =SUM(J65:J72) -> 76 | K73: =SUM(K65:K72) -> 45 | L73: =SUM(L65:L72) -> 47 | ... AC73: =SUM(AC65:AC72) -> 1353
A75: A.1 | B75: 4. | C75: Partai Golongan Karya | E75: 0 | F75: 3 | G75: 3 | H75: 6 | I75: 6 | J75: 4 | K75: 1 | L75: 1 | M75: 0 | N75: 3 | O75: 3 | P75: 2 | Q75: 0 | R75: 1 | S75: 2 | T75: 11 | U75: 4 | V75: 8 | W75: 10 | X75: 2 | Y75: 8 | Z75: 10 | AA75: 1 | AB75: 3 | AC75: =SUM(E75:AB75) -> 92
A76: A.2 | B76: 1 | C76: 1. ZULFIKAR ARSE SADIKIN, S.I.P., M.Si. | E76: 2 | F76: 14 | G76: 19 | H76: 16 | I76: 8 | J76: 14 | K76: 13 | L76: 3 | M76: 8 | N76: 11 | O76: 2 | P76: 2 | Q76: 10 | R76: 4 | S76: 13 | T76: 13 | U76: 4 | V76: 31 | W76: 77 | X76: 26 | Y76: 14 | Z76: 24 | AA76: 3 | AB76: 22 | AC76: =SUM(E76:AB76) -> 353
B77: 2 | C77: 2. HANDOKO | E77: 1 | F77: 2 | G77: 1 | H77: 7 | I77: 5 | J77: 1 | K77: 1 | L77: 0 | M77: 1 | N77: 1 | O77: 3 | P77: 0 | Q77: 0 | R77: 0 | S77: 2 | T77: 20 | U77: 3 | V77: 1 | W77: 4 | X77: 0 | Y77: 0 | Z77: 1 | AA77: 1 | AB77: 3 | AC77: =SUM(E77:AB77) -> 58
B78: 3 | C78: 3. Hj. OVI DEWI YANTI | E78: 1 | F78: 0 | G78: 1 | H78: 2 | I78: 4 | J78: 0 | K78: 2 | L78: 1 | M78: 1 | N78: 0 | O78: 1 | P78: 0 | Q78: 2 | R78: 0 | S78: 1 | T78: 0 | U78: 0 | V78: 1 | W78: 2 | X78: 1 | Y78: 0 | Z78: 0 | AA78: 1 | AB78: 1 | AC78: =SUM(E78:AB78) -> 22
B79: 4 | C79: 4. Ir. AZAM AZMAN NATAWIJANA | E79: 0 | F79: 0 | G79: 0 | H79: 1 | I79: 1 | J79: 0 | K79: 0 | L79: 0 | M79: 0 | N79: 0 | O79: 0 | P79: 1 | Q79: 2 | R79: 0 | S79: 0 | T79: 0 | U79: 2 | V79: 0 | W79: 2 | X79: 0 | Y79: 0 | Z79: 1 | AA79: 0 | AB79: 0 | AC79: =SUM(E79:AB79) -> 10
B80: 5 | C80: 5. UBAIDILLAH AMIN, S.Kom. | E80: 0 | F80: 0 | G80: 3 | H80: 0 | I80: 1 | J80: 0 | K80: 0 | L80: 1 | M80: 0 | N80: 0 | O80: 0 | P80: 1 | Q80: 1 | R80: 1 | S80: 0 | T80: 1 | U80: 0 | V80: 0 | W80: 2 | X80: 0 | Y80: 0 | Z80: 0 | AA80: 0 | AB80: 0 | AC80: =SUM(E80:AB80) -> 11
B81: 6 | C81: 6. DENNY YUNIANDARI, S.H., M.Kn. | E81: 0 | F81: 0 | G81: 0 | H81: 0 | I81: 0 | J81: 1 | K81: 0 | L81: 0 | M81: 1 | N81: 1 | O81: 0 | P81: 0 | Q81: 0 | R81: 0 | S81: 0 | T81: 0 | U81: 0 | V81: 0 | W81: 0 | X81: 0 | Y81: 0 | Z81: 0 | AA81: 0 | AB81: 0 | AC81: =SUM(E81:AB81) -> 3
B82: 7 | C82: 7. ERNADI, S.H.I. | E82: 1 | F82: 0 | G82: 0 | H82: 0 | I82: 0 | J82: 0 | K82: 0 | L82: 0 | M82: 0 | N82: 0 | O82: 0 | P82: 0 | Q82: 0 | R82: 0 | S82: 0 | T82: 0 | U82: 1 | V82: 0 | W82: 0 | X82: 1 | Y82: 0 | Z82: 0 | AA82: 1 | AB82: 0 | AC82: =SUM(E82:AB82) -> 4
A83: B | B83: JUMLAH SUARA SAH PARTAI POLITIK DAN CALON (A1 + A2) | E83: =SUM(E75:E82) -> 5 | F83: =SUM(F75:F82) -> 19 | G83: =SUM(G75:G82) -> 27 | H83: =SUM(H75:H82) -> 32 | I83: =SUM(I75:I82) -> 25 | J83: =SUM(J75:J82) -> 20 | K83: =SUM(K75:K82) -> 17 | L83: =SUM(L75:L82) -> 6 | ... AC83: =SUM(AC75:AC82) -> 553
A85: A.1 | B85: 5. | C85: Partai NasDem | E85: 1 | F85: 0 | G85: 0 | H85: 1 | I85: 1 | J85: 1 | K85: 2 | L85: 2 | M85: 0 | N85: 1 | O85: 6 | P85: 1 | Q85: 2 | R85: 1 | S85: 0 | T85: 0 | U85: 0 | V85: 1 | W85: 1 | X85: 3 | Y85: 0 | Z85: 1 | AA85: 2 | AB85: 0 | AC85: =SUM(E85:AB85) -> 27
A86: A.2 | B86: 1 | C86: 1. ACH. FADIL MUZAKKI SYAH | E86: 1 | F86: 2 | G86: 0 | H86: 0 | I86: 0 | J86: 2 | K86: 1 | L86: 2 | M86: 2 | N86: 1 | O86: 2 | P86: 0 | Q86: 0 | R86: 0 | S86: 1 | T86: 0 | U86: 1 | V86: 0 | W86: 0 | X86: 0 | Y86: 1 | Z86: 1 | AA86: 1 | AB86: 1 | AC86: =SUM(E86:AB86) -> 19
B87: 2 | C87: 2. BENY | E87: 16 | F87: 1 | G87: 0 | H87: 1 | I87: 0 | J87: 1 | K87: 0 | L87: 0 | M87: 1 | N87: 0 | O87: 0 | P87: 0 | Q87: 0 | R87: 0 | S87: 0 | T87: 0 | U87: 0 | V87: 0 | W87: 0 | X87: 0 | Y87: 0 | Z87: 0 | AA87: 3 | AB87: 0 | AC87: =SUM(E87:AB87) -> 23
B88: 3 | C88: 3. VINA VERONIKA | E88: 1 | F88: 0 | G88: 0 | H88: 0 | I88: 0 | J88: 0 | K88: 0 | L88: 0 | M88: 0 | N88: 2 | O88: 0 | P88: 0 | Q88: 0 | R88: 0 | S88: 0 | T88: 0 | U88: 0 | V88: 1 | W88: 1 | X88: 0 | Y88: 0 | Z88: 1 | AA88: 0 | AB88: 0 | AC88: =SUM(E88:AB88) -> 6
B89: 4 | C89: 4. TEDDY ANUGRIANTO | E89: 0 | F89: 0 | G89: 0 | H89: 0 | I89: 0 | J89: 0 | K89: 1 | L89: 0 | M89: 0 | N89: 1 | O89: 2 | P89: 0 | Q89: 0 | R89: 0 | S89: 0 | T89: 0 | U89: 0 | V89: 1 | W89: 1 | X89: 1 | Y89: 0 | Z89: 0 | AA89: 0 | AB89: 0 | AC89: =SUM(E89:AB89) -> 7
B90: 5 | C90: 5. INSAN KAMIL | E90: 0 | F90: 0 | G90: 0 | H90: 0 | I90: 0 | J90: 0 | K90: 1 | L90: 0 | M90: 1 | N90: 0 | O90: 0 | P90: 2 | Q90: 0 | R90: 0 | S90: 0 | T90: 0 | U90: 0 | V90: 0 | W90: 0 | X90: 0 | Y90: 0 | Z90: 0 | AA90: 0 | AB90: 0 | AC90: =SUM(E90:AB90) -> 4
B91: 6 | C91: 6. LILIK LINDARWATI | E91: 0 | F91: 0 | G91: 0 | H91: 0 | I91: 0 | J91: 0 | K91: 1 | L91: 2 | M91: 1 | N91: 0 | O91: 0 | P91: 0 | Q91: 0 | R91: 0 | S91: 0 | T91: 0 | U91: 1 | V91: 0 | W91: 1 | X91: 0 | Y91: 0 | Z91: 0 | AA91: 0 | AB91: 0 | AC91: =SUM(E91:AB91) -> 6
B92: 7 | C92: 7. YULI ANITA | E92: 1 | F92: 0 | G92: 0 | H92: 0 | I92: 0 | J92: 0 | K92: 0 | L92: 1 | M92: 0 | N92: 0 | O92: 0 | P92: 0 | Q92: 0 | R92: 0 | S92: 0 | T92: 0 | U92: 0 | V92: 0 | W92: 0 | X92: 0 | Y92: 0 | Z92: 0 | AA92: 0 | AB92: 0 | AC92: =SUM(E92:AB92) -> 2
A93: B | B93: JUMLAH SUARA SAH PARTAI POLITIK DAN CALON (A1 + A2) | E93: =SUM(E85:E92) -> 20 | F93: =SUM(F85:F92) -> 3 | G93: =SUM(G85:G92) -> 0 | H93: =SUM(H85:H92) -> 2 | I93: =SUM(I85:I92) -> 1 | J93: =SUM(J85:J92) -> 4 | K93: =SUM(K85:K92) -> 6 | L93: =SUM(L85:L92) -> 7 | ... AC93: =SUM(AC85:AC92) -> 94
A95: A.1 | B95: 6. | C95: Partai Buruh | E95: 0 | F95: 0 | G95: 0 | H95: 0 | I95: 0 | J95: 0 | K95: 0 | L95: 0 | M95: 0 | N95: 0 | O95: 0 | P95: 0 | Q95: 0 | R95: 0 | S95: 1 | T95: 0 | U95: 0 | V95: 1 | W95: 0 | X95: 3 | Y95: 2 | Z95: 0 | AA95: 1 | AB95: 0 | AC95: =SUM(E95:AB95) -> 8
A96: A.2 | B96: 1 | C96: 1. KHOIRUL ANAM | E96: 0 | F96: 0 | G96: 0 | H96: 1 | I96: 0 | J96: 1 | K96: 1 | L96: 0 | M96: 0 | N96: 0 | O96: 0 | P96: 0 | Q96: 0 | R96: 0 | S96: 0 | T96: 1 | U96: 0 | V96: 0 | W96: 0 | X96: 1 | Y96: 0 | Z96: 0 | AA96: 0 | AB96: 0 | AC96: =SUM(E96:AB96) -> 5
B97: 2 | C97: 2. INA KURNIA | E97: 1 | F97: 0 | G97: 0 | H97: 0 | I97: 0 | J97: 0 | K97: 0 | L97: 0 | M97: 0 | N97: 0 | O97: 0 | P97: 0 | Q97: 0 | R97: 0 | S97: 0 | T97: 0 | U97: 0 | V97: 0 | W97: 0 | X97: 0 | Y97: 0 | Z97: 0 | AA97: 0 | AB97: 0 | AC97: =SUM(E97:AB97) -> 1
B98: 3 | C98: 3. JIBRAL TAROUK | E98: 0 | F98: 0 | G98: 0 | H98: 0 | I98: 0 | J98: 0 | K98: 0 | L98: 0 | M98: 0 | N98: 0 | O98: 0 | P98: 0 | Q98: 0 | R98: 0 | S98: 0 | T98: 0 | U98: 0 | V98: 1 | W98: 0 | X98: 1 | Y98: 0 | Z98: 0 | AA98: 0 | AB98: 1 | AC98: =SUM(E98:AB98) -> 3
B99: 4 | C99: 4. ASTUTI DAENG PUJI | E99: 0 | F99: 0 | G99: 0 | H99: 0 | I99: 0 | J99: 0 | K99: 0 | L99: 0 | M99: 0 | N99: 0 | O99: 0 | P99: 0 | Q99: 0 | R99: 0 | S99: 0 | T99: 0 | U99: 0 | V99: 0 | W99: 0 | X99: 0 | Y99: 0 | Z99: 0 | AA99: 0 | AB99: 0 | AC99: =SUM(E99:AB99) -> 0
B100: 5 | C100: 5. ASDARMAWAN | E100: 0 | F100: 0 | G100: 0 | H100: 0 | I100: 0 | J100: 0 | K100: 0 | L100: 0 | M100: 0 | N100: 0 | O100: 0 | P100: 0 | Q100: 0 | R100: 0 | S100: 0 | T100: 0 | U100: 0 | V100: 0 | W100: 0 | X100: 0 | Y100: 0 | Z100: 0 | AA100: 0 | AB100: 0 | AC100: =SUM(E100:AB100) -> 0
B101: 6 | C101: 6. RIFQI MUBAROK | E101: 0 | F101: 0 | G101: 0 | H101: 0 | I101: 0 | J101: 2 | K101: 0 | L101: 0 | M101: 0 | N101: 0 | O101: 0 | P101: 0 | Q101: 0 | R101: 0 | S101: 0 | T101: 0 | U101: 0 | V101: 0 | W101: 0 | X101: 0 | Y101: 0 | Z101: 0 | AA101: 0 | AB101: 0 | AC101: =SUM(E101:AB101) -> 2
B102: 7 | C102: 7. FIRNANDA ALTA MEGA | E102: 0 | F102: 0 | G102: 0 | H102: 0 | I102: 0 | J102: 0 | K102: 0 | L102: 0 | M102: 0 | N102: 0 | O102: 0 | P102: 0 | Q102: 0 | R102: 0 | S102: 0 | T102: 0 | U102: 0 | V102: 0 | W102: 0 | X102: 0 | Y102: 0 | Z102: 0 | AA102: 0 | AB102: 0 | AC102: =SUM(E102:AB102) -> 0
A103: B | B103: JUMLAH SUARA SAH PARTAI POLITIK DAN CALON (A1 + A2) | E103: =SUM(E95:E102) -> 1 | F103: =SUM(F95:F102) -> 0 | G103: =SUM(G95:G102) -> 0 | H103: =SUM(H95:H102) -> 1 | I103: =SUM(I95:I102) -> 0 | J103: =SUM(J95:J102) -> 3 | K103: =SUM(K95:K102) -> 1 | L103: =SUM(L95:L102) -> 0 | ... AC103: =SUM(AC95:AC102) -> 19
A105: A.1 | B105: 7. | C105: Partai Gelombang Rakyat Indonesia | E105: 0 | F105: 0 | G105: 0 | H105: 1 | I105: 0 | J105: 1 | K105: 1 | L105: 0 | M105: 0 | N105: 2 | O105: 0 | P105: 0 | Q105: 0 | R105: 0 | S105: 2 | T105: 0 | U105: 3 | V105: 2 | W105: 0 | X105: 1 | Y105: 1 | Z105: 1 | AA105: 0 | AB105: 0 | AC105: =SUM(E105:AB105) -> 15
A106: A.2 | B106: 1 | C106: 1. TITI WIDORETNO WARISMAN | E106: 1 | F106: 0 | G106: 1 | H106: 0 | I106: 0 | J106: 2 | K106: 0 | L106: 0 | M106: 0 | N106: 0 | O106: 0 | P106: 0 | Q106: 0 | R106: 0 | S106: 0 | T106: 0 | U106: 0 | V106: 0 | W106: 0 | X106: 0 | Y106: 0 | Z106: 0 | AA106: 0 | AB106: 0 | AC106: =SUM(E106:AB106) -> 4
B107: 2 | C107: 2. MAMIEK SETYANINGSIH | E107: 0 | F107: 0 | G107: 0 | H107: 0 | I107: 0 | J107: 0 | K107: 0 | L107: 0 | M107: 0 | N107: 0 | O107: 0 | P107: 1 | Q107: 0 | R107: 0 | S107: 0 | T107: 0 | U107: 0 | V107: 0 | W107: 0 | X107: 0 | Y107: 0 | Z107: 0 | AA107: 0 | AB107: 0 | AC107: =SUM(E107:AB107) -> 1
B108: 3 | C108: 3. ROMIL AZIZEN | E108: 0 | F108: 0 | G108: 0 | H108: 0 | I108: 1 | J108: 0 | K108: 0 | L108: 0 | M108: 0 | N108: 0 | O108: 0 | P108: 0 | Q108: 0 | R108: 0 | S108: 0 | T108: 0 | U108: 0 | V108: 0 | W108: 0 | X108: 0 | Y108: 0 | Z108: 0 | AA108: 0 | AB108: 0 | AC108: =SUM(E108:AB108) -> 1
A109: B | B109: JUMLAH SUARA SAH PARTAI POLITIK DAN CALON (A1 + A2) | E109: =SUM(E105:E108) -> 1 | F109: =SUM(F105:F108) -> 0 | G109: =SUM(G105:G108) -> 1 | H109: =SUM(H105:H108) -> 1 | I109: =SUM(I105:I108) -> 1 | J109: =SUM(J105:J108) -> 3 | K109: =SUM(K105:K108) -> 1 | L109: =SUM(L105:L108) -> 0 | ... AC109: =SUM(AC105:AC108) -> 21
A111: A.1 | B111: 8. | C111: Partai Keadilan Sejahtera | E111: 12 | F111: 11 | G111: 17 | H111: 2 | I111: 1 | J111: 0 | K111: 4 | L111: 4 | M111: 3 | N111: 3 | O111: 3 | P111: 2 | Q111: 5 | R111: 7 | S111: 0 | T111: 0 | U111: 1 | V111: 0 | W111: 0 | X111: 3 | Y111: 4 | Z111: 3 | AA111: 15 | AB111: 1 | AC111: =SUM(E111:AB111) -> 101
A112: A.2 | B112: 1 | C112: 1. H. SAIMI SALEH, S.E., M.M. | E112: 27 | F112: 16 | G112: 25 | H112: 8 | I112: 0 | J112: 1 | K112: 6 | L112: 10 | M112: 2 | N112: 0 | O112: 4 | P112: 2 | Q112: 5 | R112: 3 | S112: 2 | T112: 6 | U112: 1 | V112: 0 | W112: 2 | X112: 0 | Y112: 3 | Z112: 3 | AA112: 14 | AB112: 3 | AC112: =SUM(E112:AB112) -> 143
B113: 2 | C113: 2. Prof. Dr. H. EGGI SUDJANA, S.H., M.Si. | E113: 4 | F113: 1 | G113: 0 | H113: 1 | I113: 0 | J113: 0 | K113: 3 | L113: 2 | M113: 0 | N113: 1 | O113: 3 | P113: 0 | Q113: 4 | R113: 3 | S113: 0 | T113: 0 | U113: 0 | V113: 0 | W113: 0 | X113: 1 | Y113: 0 | Z113: 1 | AA113: 6 | AB113: 2 | AC113: =SUM(E113:AB113) -> 32
B114: 3 | C114: 3. NURUL KHOTIMAH | E114: 0 | F114: 2 | G114: 0 | H114: 0 | I114: 0 | J114: 0 | K114: 0 | L114: 1 | M114: 1 | N114: 0 | O114: 0 | P114: 0 | Q114: 0 | R114: 1 | S114: 0 | T114: 0 | U114: 0 | V114: 0 | W114: 0 | X114: 0 | Y114: 0 | Z114: 0 | AA114: 0 | AB114: 0 | AC114: =SUM(E114:AB114) -> 5
B115: 4 | C115: 4. AKHMAD SUYANTO, S.T., M.T. | E115: 2 | F115: 1 | G115: 1 | H115: 1 | I115: 0 | J115: 0 | K115: 0 | L115: 1 | M115: 0 | N115: 0 | O115: 0 | P115: 0 | Q115: 1 | R115: 0 | S115: 0 | T115: 0 | U115: 0 | V115: 0 | W115: 0 | X115: 0 | Y115: 0 | Z115: 0 | AA115: 2 | AB115: 0 | AC115: =SUM(E115:AB115) -> 9
B116: 5 | C116: 5. PUJIYATNI | E116: 0 | F116: 0 | G116: 0 | H116: 0 | I116: 0 | J116: 0 | K116: 0 | L116: 0 | M116: 1 | N116: 0 | O116: 0 | P116: 0 | Q116: 0 | R116: 0 | S116: 0 | T116: 0 | U116: 0 | V116: 0 | W116: 0 | X116: 0 | Y116: 0 | Z116: 0 | AA116: 0 | AB116: 0 | AC116: =SUM(E116:AB116) -> 1
B117: 6 | C117: 6. HENI PURWATININGSIH | E117: 2 | F117: 0 | G117: 0 | H117: 0 | I117: 0 | J117: 0 | K117: 0 | L117: 0 | M117: 0 | N117: 0 | O117: 0 | P117: 0 | Q117: 0 | R117: 0 | S117: 0 | T117: 0 | U117: 0 | V117: 0 | W117: 0 | X117: 0 | Y117: 0 | Z117: 0 | AA117: 1 | AB117: 0 | AC117: =SUM(E117:AB117) -> 3
B118: 7 | C118: 7. MUHADI | E118: 0 | F118: 0 | G118: 0 | H118: 0 | I118: 0 | J118: 0 | K118: 0 | L118: 0 | M118: 0 | N118: 0 | O118: 0 | P118: 0 | Q118: 0 | R118: 0 | S118: 0 | T118: 0 | U118: 0 | V118: 0 | W118: 0 | X118: 0 | Y118: 0 | Z118: 0 | AA118: 0 | AB118: 0 | AC118: =SUM(E118:AB118) -> 0
...

Sheet BULUSARI
C2: Kecamatan | D2: WONGSOREJO
C3: Kabupaten | D3: BANYUWANGI
C4: Provinsi | D4: JAWA TIMUR
C9: Kelurahan | D9: BULUSARI
A12: I | B12: DATA PEMILIH DAN PENGGUNAAN HAK PILIH | R12: JUMLAH AKHIR
A13: A | B13: DATA PEMILIH | E13: TPS 001 | F13: TPS 002 | G13: TPS 003 | H13: TPS 004 | I13: TPS 005 | J13: TPS 006 | K13: TPS 007 | L13: TPS 008 | M13: TPS 009 | N13: TPS 010 | O13: TPS 011 | P13: TPS 012 | Q13: TPS 013
B14: Jumlah Pemilih dalam Daftar Pemilih Tetap (DPT) | D14: LK | E14: 135 | F14: 127 | G14: 141 | H14: 142 | I14: 122 | J14: 103 | K14: 120 | L14: 109 | M14: 129 | N14: 137 | O14: 111 | P14: 114 | Q14: 141 | R14: =SUM(E14:Q14) -> 1631
D15: PR | E15: 135 | F15: 125 | G15: 117 | H15: 141 | I15: 117 | J15: 108 | K15: 118 | L15: 128 | M15: 136 | N15: 122 | O15: 110 | P15: 112 | Q15: 128 | R15: =SUM(E15:Q15) -> 1597
D16: JML | E16: =SUM(E14:E15) -> 270 | F16: =SUM(F14:F15) -> 252 | G16: =SUM(G14:G15) -> 258 | H16: =SUM(H14:H15) -> 283 | I16: =SUM(I14:I15) -> 239 | J16: =SUM(J14:J15) -> 211 | K16: =SUM(K14:K15) -> 238 | L16: =SUM(L14:L15) -> 237 | ... Q16: =SUM(Q14:Q15) -> 269 | R16: =SUM(E16:Q16) -> 3228
A18: B | B18: PENGGUNA HAK PILIH
B19: 1. | C19: Jumlah pengguna hak pilih dalam Daftar Pemilih Tetap (DPT) | D19: LK | E19: 114 | F19: 89 | G19: 119 | H19: 120 | I19: 109 | J19: 98 | K19: 93 | L19: 99 | M19: 101 | N19: 115 | O19: 93 | P19: 93 | Q19: 101 | R19: =SUM(E19:Q19) -> 1344
D20: PR | E20: 120 | F20: 120 | G20: 97 | H20: 127 | I20: 112 | J20: 95 | K20: 102 | L20: 117 | M20: 116 | N20: 109 | O20: 100 | P20: 100 | Q20: 113 | R20: =SUM(E20:Q20) -> 1428
D21: JML | E21: =SUM(E19:E20) -> 234 | F21: =SUM(F19:F20) -> 209 | G21: =SUM(G19:G20) -> 216 | H21: =SUM(H19:H20) -> 247 | I21: =SUM(I19:I20) -> 221 | J21: =SUM(J19:J20) -> 193 | K21: =SUM(K19:K20) -> 195 | L21: =SUM(L19:L20) -> 216 | ... Q21: =SUM(Q19:Q20) -> 214 | R21: =SUM(E21:Q21) -> 2772
B22: 2. | C22: Jumlah pengguna hak pilih dalam Daftar Pemilih Tambahan (DPTb) | D22: LK | E22: 3 | F22: 0 | G22: 0 | H22: 2 | I22: 0 | J22: 0 | K22: 0 | L22: 0 | M22: 0 | N22: 0 | O22: 1 | P22: 0 | Q22: 1 | R22: =SUM(E22:Q22) -> 7
D23: PR | E23: 0 | F23: 3 | G23: 0 | H23: 0 | I23: 1 | J23: 1 | K23: 0 | L23: 1 | M23: 0 | N23: 0 | O23: 0 | P23: 0 | Q23: 0 | R23: =SUM(E23:Q23) -> 6
D24: JML | E24: =SUM(E22:E23) -> 3 | F24: =SUM(F22:F23) -> 3 | G24: =SUM(G22:G23) -> 0 | H24: =SUM(H22:H23) -> 2 | I24: =SUM(I22:I23) -> 1 | J24: =SUM(J22:J23) -> 1 | K24: =SUM(K22:K23) -> 0 | L24: =SUM(L22:L23) -> 1 | ... Q24: =SUM(Q22:Q23) -> 1 | R24: =SUM(E24:Q24) -> 13
B25: 3. | C25: Jumlah pengguna hak pilih dalam Daftar Pemilih Khusus (DPK) | D25: LK | E25: 0 | F25: 1 | G25: 0 | H25: 0 | I25: 1 | J25: 3 | K25: 1 | L25: 0 | M25: 0 | N25: 5 | O25: 2 | P25: 0 | Q25: 2 | R25: =SUM(E25:Q25) -> 15
D26: PR | E26: 0 | F26: 2 | G26: 0 | H26: 0 | I26: 3 | J26: 4 | K26: 2 | L26: 0 | M26: 0 | N26: 5 | O26: 0 | P26: 1 | Q26: 1 | R26: =SUM(E26:Q26) -> 18
D27: JML | E27: =SUM(E25:E26) -> 0 | F27: =SUM(F25:F26) -> 3 | G27: =SUM(G25:G26) -> 0 | H27: =SUM(H25:H26) -> 0 | I27: =SUM(I25:I26) -> 4 | J27: =SUM(J25:J26) -> 7 | K27: =SUM(K25:K26) -> 3 | L27: =SUM(L25:L26) -> 0 | ... Q27: =SUM(Q25:Q26) -> 3 | R27: =SUM(E27:Q27) -> 33
B28: 4. | C28: Jumlah Pengguna Hak Pilih (B.1+B.2+B.3) | D28: LK | E28: =SUM(E19,E22,E25) -> 117 | F28: =SUM(F19,F22,F25) -> 90 | G28: =SUM(G19,G22,G25) -> 119 | H28: =SUM(H19,H22,H25) -> 122 | I28: =SUM(I19,I22,I25) -> 110 | J28: =SUM(J19,J22,J25) -> 101 | K28: =SUM(K19,K22,K25) -> 94 | L28: =SUM(L19,L22,L25) -> 99 | ... Q28: =SUM(Q19,Q22,Q25) -> 104 | R28: =SUM(E28:Q28) -> 1366
D29: PR | E29: =SUM(E20,E23,E26) -> 120 | F29: =SUM(F20,F23,F26) -> 125 | G29: =SUM(G20,G23,G26) -> 97 | H29: =SUM(H20,H23,H26) -> 127 | I29: =SUM(I20,I23,I26) -> 116 | J29: =SUM(J20,J23,J26) -> 100 | K29: =SUM(K20,K23,K26) -> 104 | L29: =SUM(L20,L23,L26) -> 118 | ... Q29: =SUM(Q20,Q23,Q26) -> 114 | R29: =SUM(E29:Q29) -> 1452
D30: JML | E30: =SUM(E28:E29) -> 237 | F30: =SUM(F28:F29) -> 215 | G30: =SUM(G28:G29) -> 216 | H30: =SUM(H28:H29) -> 249 | I30: =SUM(I28:I29) -> 226 | J30: =SUM(J28:J29) -> 201 | K30: =SUM(K28:K29) -> 198 | L30: =SUM(L28:L29) -> 217 | ... Q30: =SUM(Q28:Q29) -> 218 | R30: =SUM(E30:Q30) -> 2818
A32: II | B32: DATA PENGGUNAAN SURAT SUARA
A33: 1 | B33: Jumlah surat suara yang diterima, termasuk surat suara cadangan 2,5% dari DPT | E33: 276 | F33: 258 | G33: 264 | H33: 289 | I33: 244 | J33: 216 | K33: 243 | L33: 243 | M33: 271 | N33: 275 | O33: 226 | P33: 232 | Q33: 275 | R33: =SUM(E33:Q33) -> 3312
A34: 2 | B34: Jumlah surat suara yang digunakan | E34: 237 | F34: 215 | G34: 216 | H34: 249 | I34: 226 | J34: 201 | K34: 198 | L34: 217 | M34: 217 | N34: 234 | O34: 196 | P34: 194 | Q34: 218 | R34: =SUM(E34:Q34) -> 2818
A35: 3 | B35: Jumlah surat suara dikembalikan oleh pemilih (karena rusak atau keliru coblos) | M35: 1 | O35: 2 | R35: =SUM(E35:Q35) -> 3
A36: 4 | B36: Jumlah surat suara yang tidak digunakan/tidak terpakai, termasuk sisa surat suara cadangan | E36: =E33-(E34+E35) -> 39 | F36: =F33-(F34+F35) -> 43 | G36: =G33-(G34+G35) -> 48 | H36: =H33-(H34+H35) -> 40 | I36: =I33-(I34+I35) -> 18 | J36: =J33-(J34+J35) -> 15 | K36: =K33-(K34+K35) -> 45 | L36: =L33-(L34+L35) -> 26 | ... Q36: =Q33-(Q34+Q35) -> 57 | R36: =SUM(E36:Q36) -> 491
A38: III | B38: DATA PEMILIH DISABILITAS
B39: Jumlah seluruh Pemilih disabilitas yang menggunakan hak pilih | D39: LK | F39: 1 | R39: =SUM(E39:Q39) -> 1
D40: PR | R40: =SUM(E40:Q40) -> 0
D41: JML | E41: =SUM(E39:E40) -> 0 | F41: =SUM(F39:F40) -> 1 | G41: =SUM(G39:G40) -> 0 | H41: =SUM(H39:H40) -> 0 | I41: =SUM(I39:I40) -> 0 | J41: =SUM(J39:J40) -> 0 | K41: =SUM(K39:K40) -> 0 | L41: =SUM(L39:L40) -> 0 | ... Q41: =SUM(Q39:Q40) -> 0 | R41: =SUM(E41:Q41) -> 1
A43: IV | B43: DATA RINCIAN PEROLEHAN SUARA PASANGAN CALON BUPATI DAN WAKIL BUPATI
A44: NOMOR DAN NAMA CALON
A45: A.1 | B45: 1. | C45: Partai Kebangkitan Bangsa | E45: 8 | F45: 6 | G45: 5 | H45: 7 | I45: 7 | J45: 4 | K45: 7 | L45: 3 | M45: 7 | N45: 6 | O45: 4 | P45: 4 | Q45: 3 | R45: =SUM(E45:Q45) -> 71
A46: A.2 | B46: 1 | C46: 1. Dr. Hj. NIHAYATUL WAFIROH, M.A. | E46: 21 | F46: 15 | G46: 14 | H46: 8 | I46: 26 | J46: 19 | K46: 25 | L46: 40 | M46: 41 | N46: 9 | O46: 28 | P46: 14 | Q46: 15 | R46: =SUM(E46:Q46) -> 275
B47: 2 | C47: 2. H. M. NASIM KHAN | E47: 13 | F47: 3 | G47: 3 | H47: 0 | I47: 0 | J47: 3 | K47: 0 | L47: 0 | M47: 3 | N47: 0 | O47: 1 | P47: 0 | Q47: 1 | R47: =SUM(E47:Q47) -> 27
B48: 3 | C48: 3. Dr. H. AKIK ZAMAN, M.Pd.I. | E48: 0 | F48: 0 | G48: 0 | H48: 1 | I48: 0 | J48: 0 | K48: 0 | L48: 0 | M48: 0 | N48: 0 | O48: 0 | P48: 0 | Q48: 1 | R48: =SUM(E48:Q48) -> 2
B49: 4 | C49: 4. AHMAD RIFA'I, S.H. | E49: 0 | F49: 1 | G49: 0 | H49: 1 | I49: 0 | J49: 0 | K49: 0 | L49: 0 | M49: 0 | N49: 0 | O49: 0 | P49: 0 | Q49: 0 | R49: =SUM(E49:Q49) -> 2
B50: 5 | C50: 5. Drs. H. MAHFUD M.N. | E50: 0 | F50: 0 | G50: 0 | H50: 0 | I50: 0 | J50: 0 | K50: 0 | L50: 0 | M50: 0 | N50: 0 | O50: 0 | P50: 0 | Q50: 0 | R50: =SUM(E50:Q50) -> 0
B51: 6 | C51: 6. NURHAYATI, S.Pd. | E51: 0 | F51: 0 | G51: 0 | H51: 0 | I51: 0 | J51: 0 | K51: 0 | L51: 0 | M51: 0 | N51: 0 | O51: 0 | P51: 0 | Q51: 0 | R51: =SUM(E51:Q51) -> 0
B52: 7 | C52: 7. MAFTUHA KISWAH | E52: 0 | F52: 0 | G52: 0 | H52: 0 | I52: 0 | J52: 0 | K52: 0 | L52: 0 | M52: 1 | N52: 0 | O52: 0 | R52: =SUM(E52:Q52) -> 1
A53: B | B53: JUMLAH SUARA SAH PARTAI POLITIK DAN CALON (A1 + A2) | E53: =SUM(E45:E52) -> 42 | F53: =SUM(F45:F52) -> 25 | G53: =SUM(G45:G52) -> 22 | H53: =SUM(H45:H52) -> 17 | I53: =SUM(I45:I52) -> 33 | J53: =SUM(J45:J52) -> 26 | K53: =SUM(K45:K52) -> 32 | L53: =SUM(L45:L52) -> 43 | ... R53: =SUM(R45:R52) -> 378
A55: A.1 | B55: 2. | C55: Partai Gerakan Indonesia Raya | E55: 4 | F55: 7 | G55: 10 | H55: 12 | I55: 6 | J55: 7 | K55: 3 | L55: 3 | M55: 4 | N55: 6 | O55: 6 | P55: 6 | Q55: 6 | R55: =SUM(E55:Q55) -> 80
A56: A.2 | B56: 1 | C56: 1. SUMAIL ABDULLAH | E56: 29 | F56: 29 | G56: 36 | H56: 64 | I56: 52 | J56: 36 | K56: 55 | L56: 37 | M56: 15 | N56: 23 | O56: 15 | P56: 21 | Q56: 8 | R56: =SUM(E56:Q56) -> 420
B57: 2 | C57: 2. MUHAMMAD ALI ADRIAN SALEH | E57: 10 | F57: 1 | G57: 4 | H57: 7 | I57: 31 | J57: 10 | K57: 12 | L57: 46 | M57: 8 | N57: 29 | O57: 20 | P57: 39 | Q57: 20 | R57: =SUM(E57:Q57) -> 237
B58: 3 | C58: 3. DURROTUN NAFISAH | E58: 0 | F58: 1 | G58: 0 | H58: 0 | I58: 0 | J58: 0 | K58: 0 | L58: 0 | M58: 0 | N58: 1 | O58: 0 | P58: 0 | Q58: 0 | R58: =SUM(E58:Q58) -> 2
B59: 4 | C59: 4. H. EKO SUSILO NURHIDAYAT | E59: 0 | F59: 0 | G59: 0 | H59: 0 | I59: 0 | J59: 0 | K59: 0 | L59: 0 | M59: 1 | N59: 0 | O59: 0 | P59: 1 | Q59: 0 | R59: =SUM(E59:Q59) -> 2
B60: 5 | C60: 5. KARNADI HARIJANTO, S.S. | E60: 0 | F60: 0 | G60: 0 | H60: 0 | I60: 0 | J60: 0 | K60: 0 | L60: 0 | M60: 0 | N60: 0 | O60: 0 | P60: 0 | Q60: 0 | R60: =SUM(E60:Q60) -> 0
B61: 6 | C61: 6. NURHAYATI | E61: 0 | F61: 2 | G61: 0 | H61: 0 | I61: 0 | J61: 0 | K61: 0 | L61: 0 | M61: 0 | N61: 0 | O61: 0 | P61: 1 | Q61: 0 | R61: =SUM(E61:Q61) -> 3
B62: 7 | C62: 7. MASHUDI | E62: 0 | F62: 1 | G62: 0 | H62: 0 | I62: 1 | J62: 0 | K62: 0 | L62: 0 | M62: 0 | N62: 0 | O62: 0 | R62: =SUM(E62:Q62) -> 2
A63: B | B63: JUMLAH SUARA SAH PARTAI POLITIK DAN CALON (A1 + A2) | E63: =SUM(E55:E62) -> 43 | F63: =SUM(F55:F62) -> 41 | G63: =SUM(G55:G62) -> 50 | H63: =SUM(H55:H62) -> 83 | I63: =SUM(I55:I62) -> 90 | J63: =SUM(J55:J62) -> 53 | K63: =SUM(K55:K62) -> 70 | L63: =SUM(L55:L62) -> 86 | ... R63: =SUM(R55:R62) -> 746
A65: A.1 | B65: 3. | C65: Partai Demokrasi Indonesia Perjuangan | E65: 5 | F65: 4 | G65: 14 | H65: 6 | I65: 5 | J65: 1 | K65: 2 | L65: 5 | M65: 10 | N65: 2 | O65: 1 | P65: 0 | Q65: 6 | R65: =SUM(E65:Q65) -> 61
A66: A.2 | B66: 1 | C66: 1. SONNY TRI DANAPARAMITA, S.H., M.H. | E66: 9 | F66: 8 | G66: 13 | H66: 9 | I66: 14 | J66: 3 | K66: 8 | L66: 9 | M66: 32 | N66: 32 | O66: 15 | P66: 11 | Q66: 56 | R66: =SUM(E66:Q66) -> 219
B67: 2 | C67: 2. H. MOHAMAD GUNTUR ROMLI | E67: 5 | F67: 11 | G67: 12 | H67: 6 | I67: 3 | J67: 5 | K67: 4 | L67: 2 | M67: 6 | N67: 2 | O67: 0 | P67: 7 | Q67: 1 | R67: =SUM(E67:Q67) -> 64
B68: 3 | C68: 3. INA AMMANIA | E68: 0 | F68: 1 | G68: 2 | H68: 1 | I68: 0 | J68: 0 | K68: 0 | L68: 0 | M68: 0 | N68: 1 | O68: 0 | P68: 0 | Q68: 1 | R68: =SUM(E68:Q68) -> 6
B69: 4 | C69: 4. IRWAN BACHTIAR RACHMAT, M.Si. | E69: 0 | F69: 1 | G69: 1 | H69: 0 | I69: 0 | J69: 0 | K69: 0 | L69: 0 | M69: 0 | N69: 0 | O69: 0 | P69: 0 | Q69: 0 | R69: =SUM(E69:Q69) -> 2
B70: 5 | C70: 5. LUCKY PERDANA | E70: 0 | F70: 0 | G70: 5 | H70: 1 | I70: 2 | J70: 1 | K70: 1 | L70: 11 | M70: 7 | N70: 0 | O70: 3 | P70: 1 | Q70: 1 | R70: =SUM(E70:Q70) -> 33
B71: 6 | C71: 6. WIWIK PUJIYATI | E71: 0 | F71: 0 | G71: 0 | H71: 0 | I71: 0 | J71: 0 | K71: 1 | L71: 1 | M71: 0 | N71: 0 | O71: 1 | P71: 0 | Q71: 0 | R71: =SUM(E71:Q71) -> 3
B72: 7 | C72: 7. CHANDRA ASTAN, S.T. | E72: 0 | F72: 0 | G72: 0 | H72: 0 | I72: 0 | J72: 1 | K72: 2 | L72: 0 | M72: 0 | N72: 0 | O72: 0 | P72: 0 | Q72: 1 | R72: =SUM(E72:Q72) -> 4
A73: B | B73: JUMLAH SUARA SAH PARTAI POLITIK DAN CALON (A1 + A2) | E73: =SUM(E65:E72) -> 19 | F73: =SUM(F65:F72) -> 25 | G73: =SUM(G65:G72) -> 47 | H73: =SUM(H65:H72) -> 23 | I73: =SUM(I65:I72) -> 24 | J73: =SUM(J65:J72) -> 11 | K73: =SUM(K65:K72) -> 18 | L73: =SUM(L65:L72) -> 28 | ... R73: =SUM(R65:R72) -> 392
A75: A.1 | B75: 4. | C75: Partai Golongan Karya | E75: 24 | F75: 20 | G75: 16 | H75: 29 | I75: 13 | J75: 5 | K75: 5 | L75: 3 | M75: 12 | N75: 7 | O75: 12 | P75: 11 | Q75: 9 | R75: =SUM(E75:Q75) -> 166
A76: A.2 | B76: 1 | C76: 1. ZULFIKAR ARSE SADIKIN, S.I.P., M.Si. | E76: 72 | F76: 66 | G76: 50 | H76: 64 | I76: 35 | J76: 34 | K76: 41 | L76: 29 | M76: 33 | N76: 75 | O76: 53 | P76: 40 | Q76: 44 | R76: =SUM(E76:Q76) -> 636
B77: 2 | C77: 2. HANDOKO | E77: 4 | F77: 2 | G77: 3 | H77: 8 | I77: 1 | J77: 0 | K77: 1 | L77: 1 | M77: 5 | N77: 3 | O77: 2 | P77: 2 | Q77: 5 | R77: =SUM(E77:Q77) -> 37
B78: 3 | C78: 3. Hj. OVI DEWI YANTI | E78: 2 | F78: 2 | G78: 3 | H78: 2 | I78: 0 | J78: 0 | K78: 2 | L78: 0 | M78: 1 | N78: 0 | O78: 1 | P78: 0 | Q78: 3 | R78: =SUM(E78:Q78) -> 16
B79: 4 | C79: 4. Ir. AZAM AZMAN NATAWIJANA | E79: 1 | F79: 0 | G79: 0 | H79: 1 | I79: 1 | J79: 1 | K79: 0 | L79: 0 | M79: 0 | N79: 1 | O79: 1 | P79: 1 | Q79: 0 | R79: =SUM(E79:Q79) -> 7
B80: 5 | C80: 5. UBAIDILLAH AMIN, S.Kom. | E80: 0 | F80: 1 | G80: 0 | H80: 0 | I80: 0 | J80: 0 | K80: 0 | L80: 0 | M80: 0 | N80: 1 | O80: 0 | P80: 3 | Q80: 0 | R80: =SUM(E80:Q80) -> 5
B81: 6 | C81: 6. DENNY YUNIANDARI, S.H., M.Kn. | E81: 1 | F81: 0 | G81: 0 | H81: 0 | I81: 0 | J81: 0 | K81: 0 | L81: 0 | M81: 0 | N81: 0 | O81: 0 | P81: 0 | Q81: 1 | R81: =SUM(E81:Q81) -> 2
B82: 7 | C82: 7. ERNADI, S.H.I. | E82: 0 | F82: 0 | G82: 0 | H82: 0 | I82: 0 | J82: 0 | K82: 0 | L82: 0 | M82: 0 | N82: 0 | O82: 0 | P82: 0 | Q82: 0 | R82: =SUM(E82:Q82) -> 0
A83: B | B83: JUMLAH SUARA SAH PARTAI POLITIK DAN CALON (A1 + A2) | E83: =SUM(E75:E82) -> 104 | F83: =SUM(F75:F82) -> 91 | G83: =SUM(G75:G82) -> 72 | H83: =SUM(H75:H82) -> 104 | I83: =SUM(I75:I82) -> 50 | J83: =SUM(J75:J82) -> 40 | K83: =SUM(K75:K82) -> 49 | L83: =SUM(L75:L82) -> 33 | ... R83: =SUM(R75:R82) -> 869
A85: A.1 | B85: 5. | C85: Partai NasDem | E85: 0 | F85: 0 | G85: 0 | H85: 0 | I85: 1 | J85: 2 | K85: 4 | L85: 0 | M85: 0 | N85: 2 | O85: 1 | P85: 0 | Q85: 2 | R85: =SUM(E85:Q85) -> 12
A86: A.2 | B86: 1 | C86: 1. ACH. FADIL MUZAKKI SYAH | E86: 3 | F86: 4 | G86: 1 | H86: 0 | I86: 2 | J86: 10 | K86: 10 | L86: 3 | M86: 1 | N86: 2 | O86: 8 | P86: 1 | Q86: 2 | R86: =SUM(E86:Q86) -> 47
B87: 2 | C87: 2. BENY | E87: 1 | F87: 0 | G87: 0 | H87: 0 | I87: 0 | J87: 1 | K87: 0 | L87: 0 | M87: 0 | N87: 1 | O87: 0 | P87: 1 | Q87: 0 | R87: =SUM(E87:Q87) -> 4
B88: 3 | C88: 3. VINA VERONIKA | E88: 0 | F88: 0 | G88: 0 | H88: 0 | I88: 0 | J88: 0 | K88: 0 | L88: 0 | M88: 0 | N88: 1 | O88: 0 | P88: 0 | Q88: 0 | R88: =SUM(E88:Q88) -> 1
B89: 4 | C89: 4. TEDDY ANUGRIANTO | E89: 0 | F89: 0 | G89: 0 | H89: 0 | I89: 0 | J89: 0 | K89: 0 | L89: 0 | M89: 0 | N89: 1 | O89: 0 | P89: 0 | Q89: 0 | R89: =SUM(E89:Q89) -> 1
B90: 5 | C90: 5. INSAN KAMIL | E90: 0 | F90: 0 | G90: 0 | H90: 0 | I90: 0 | J90: 0 | K90: 0 | L90: 0 | M90: 0 | N90: 0 | O90: 0 | P90: 0 | Q90: 1 | R90: =SUM(E90:Q90) -> 1
B91: 6 | C91: 6. LILIK LINDARWATI | E91: 0 | F91: 0 | G91: 0 | H91: 0 | I91: 0 | J91: 0 | K91: 0 | L91: 0 | M91: 0 | N91: 1 | O91: 0 | P91: 2 | Q91: 3 | R91: =SUM(E91:Q91) -> 6
B92: 7 | C92: 7. YULI ANITA | E92: 1 | F92: 0 | G92: 0 | H92: 0 | I92: 0 | J92: 0 | K92: 0 | L92: 0 | M92: 1 | N92: 0 | O92: 0 | P92: 1 | Q92: 0 | R92: =SUM(E92:Q92) -> 3
A93: B | B93: JUMLAH SUARA SAH PARTAI POLITIK DAN CALON (A1 + A2) | E93: =SUM(E85:E92) -> 5 | F93: =SUM(F85:F92) -> 4 | G93: =SUM(G85:G92) -> 1 | H93: =SUM(H85:H92) -> 0 | I93: =SUM(I85:I92) -> 3 | J93: =SUM(J85:J92) -> 13 | K93: =SUM(K85:K92) -> 14 | L93: =SUM(L85:L92) -> 3 | ... R93: =SUM(R85:R92) -> 75
A95: A.1 | B95: 6. | C95: Partai Buruh | E95: 0 | F95: 0 | G95: 0 | H95: 0 | I95: 0 | J95: 0 | K95: 0 | L95: 0 | M95: 2 | N95: 0 | O95: 0 | P95: 1 | Q95: 4 | R95: =SUM(E95:Q95) -> 7
A96: A.2 | B96: 1 | C96: 1. KHOIRUL ANAM | E96: 0 | F96: 0 | G96: 0 | H96: 0 | I96: 1 | J96: 0 | K96: 0 | L96: 0 | M96: 0 | N96: 0 | O96: 0 | P96: 0 | Q96: 1 | R96: =SUM(E96:Q96) -> 2
B97: 2 | C97: 2. INA KURNIA | E97: 0 | F97: 0 | G97: 0 | H97: 0 | I97: 0 | J97: 0 | K97: 0 | L97: 0 | M97: 0 | N97: 0 | O97: 0 | P97: 0 | Q97: 1 | R97: =SUM(E97:Q97) -> 1
B98: 3 | C98: 3. JIBRAL TAROUK | E98: 0 | F98: 0 | G98: 0 | H98: 0 | I98: 0 | J98: 0 | K98: 0 | L98: 0 | M98: 0 | N98: 0 | O98: 0 | P98: 0 | Q98: 0 | R98: =SUM(E98:Q98) -> 0
B99: 4 | C99: 4. ASTUTI DAENG PUJI | E99: 0 | F99: 0 | G99: 0 | H99: 0 | I99: 0 | J99: 0 | K99: 0 | L99: 0 | M99: 0 | N99: 0 | O99: 0 | P99: 0 | Q99: 0 | R99: =SUM(E99:Q99) -> 0
B100: 5 | C100: 5. ASDARMAWAN | E100: 0 | F100: 0 | G100: 0 | H100: 0 | I100: 0 | J100: 0 | K100: 0 | L100: 0 | M100: 0 | N100: 0 | O100: 0 | P100: 0 | Q100: 0 | R100: =SUM(E100:Q100) -> 0
B101: 6 | C101: 6. RIFQI MUBAROK | E101: 0 | F101: 0 | G101: 0 | H101: 0 | I101: 0 | J101: 0 | K101: 0 | L101: 0 | M101: 0 | N101: 0 | O101: 0 | P101: 0 | Q101: 0 | R101: =SUM(E101:Q101) -> 0
B102: 7 | C102: 7. FIRNANDA ALTA MEGA | E102: 0 | F102: 0 | G102: 0 | H102: 0 | I102: 0 | J102: 0 | K102: 0 | L102: 0 | M102: 0 | N102: 0 | O102: 0 | P102: 0 | Q102: 0 | R102: =SUM(E102:Q102) -> 0
A103: B | B103: JUMLAH SUARA SAH PARTAI POLITIK DAN CALON (A1 + A2) | E103: =SUM(E95:E102) -> 0 | F103: =SUM(F95:F102) -> 0 | G103: =SUM(G95:G102) -> 0 | H103: =SUM(H95:H102) -> 0 | I103: =SUM(I95:I102) -> 1 | J103: =SUM(J95:J102) -> 0 | K103: =SUM(K95:K102) -> 0 | L103: =SUM(L95:L102) -> 0 | ... R103: =SUM(R95:R102) -> 10
A105: A.1 | B105: 7. | C105: Partai Gelombang Rakyat Indonesia | E105: 0 | F105: 0 | G105: 0 | H105: 1 | J105: 0 | K105: 0 | L105: 0 | M105: 0 | N105: 2 | O105: 1 | P105: 0 | Q105: 1 | R105: =SUM(E105:Q105) -> 5
A106: A.2 | B106: 1 | C106: 1. TITI WIDORETNO WARISMAN | E106: 1 | F106: 0 | G106: 0 | H106: 0 | J106: 1 | K106: 0 | L106: 0 | M106: 0 | N106: 0 | O106: 0 | P106: 0 | Q106: 0 | R106: =SUM(E106:Q106) -> 2
B107: 2 | C107: 2. MAMIEK SETYANINGSIH | E107: 0 | F107: 0 | G107: 0 | H107: 0 | J107: 0 | K107: 0 | L107: 0 | M107: 0 | N107: 0 | O107: 0 | P107: 0 | Q107: 0 | R107: =SUM(E107:Q107) -> 0
B108: 3 | C108: 3. ROMIL AZIZEN | E108: 0 | F108: 0 | G108: 0 | H108: 0 | J108: 0 | K108: 0 | L108: 0 | M108: 0 | N108: 0 | O108: 0 | P108: 0 | Q108: 0 | R108: =SUM(E108:Q108) -> 0
A109: B | B109: JUMLAH SUARA SAH PARTAI POLITIK DAN CALON (A1 + A2) | E109: =SUM(E105:E108) -> 1 | F109: =SUM(F105:F108) -> 0 | G109: =SUM(G105:G108) -> 0 | H109: =SUM(H105:H108) -> 1 | I109: =SUM(I105:I108) -> 0 | J109: =SUM(J105:J108) -> 1 | K109: =SUM(K105:K108) -> 0 | L109: =SUM(L105:L108) -> 0 | ... R109: =SUM(R105:R108) -> 7
A111: A.1 | B111: 8. | C111: Partai Keadilan Sejahtera | E111: 0 | F111: 0 | G111: 0 | H111: 0 | I111: 0 | J111: 0 | K111: 0 | L111: 0 | M111: 0 | N111: 0 | O111: 1 | P111: 0 | Q111: 1 | R111: =SUM(E111:Q111) -> 2
A112: A.2 | B112: 1 | C112: 1. H. SAIMI SALEH, S.E., M.M. | E112: 2 | F112: 4 | G112: 1 | H112: 0 | I112: 1 | J112: 0 | K112: 0 | L112: 1 | M112: 0 | N112: 2 | O112: 0 | P112: 0 | Q112: 0 | R112: =SUM(E112:Q112) -> 11
B113: 2 | C113: 2. Prof. Dr. H. EGGI SUDJANA, S.H., M.Si. | E113: 0 | F113: 0 | G113: 0 | H113: 1 | I113: 1 | J113: 0 | K113: 0 | L113: 0 | M113: 0 | N113: 0 | O113: 0 | P113: 0 | Q113: 0 | R113: =SUM(E113:Q113) -> 2
B114: 3 | C114: 3. NURUL KHOTIMAH | E114: 0 | F114: 0 | G114: 0 | H114: 0 | I114: 0 | J114: 0 | K114: 0 | L114: 0 | M114: 0 | N114: 0 | O114: 0 | P114: 0 | Q114: 0 | R114: =SUM(E114:Q114) -> 0
B115: 4 | C115: 4. AKHMAD SUYANTO, S.T., M.T. | E115: 0 | F115: 0 | G115: 0 | H115: 0 | I115: 0 | J115: 0 | K115: 0 | L115: 0 | M115: 0 | N115: 0 | O115: 0 | P115: 0 | Q115: 0 | R115: =SUM(E115:Q115) -> 0
B116: 5 | C116: 5. PUJIYATNI | E116: 0 | F116: 0 | G116: 0 | H116: 0 | I116: 0 | J116: 0 | K116: 0 | L116: 0 | M116: 0 | N116: 0 | O116: 0 | P116: 0 | Q116: 0 | R116: =SUM(E116:Q116) -> 0
B117: 6 | C117: 6. HENI PURWATININGSIH | E117: 0 | F117: 0 | G117: 0 | H117: 0 | I117: 0 | J117: 0 | K117: 0 | L117: 0 | M117: 0 | N117: 0 | O117: 0 | P117: 0 | Q117: 0 | R117: =SUM(E117:Q117) -> 0
B118: 7 | C118: 7. MUHADI | E118: 0 | F118: 0 | G118: 0 | H118: 0 | I118: 0 | J118: 0 | K118: 0 | L118: 0 | M118: 0 | N118: 0 | O118: 0 | P118: 0 | Q118: 0 | R118: =SUM(E118:Q118) -> 0
...

Sheet GOMBENGSARI
C2: Kecamatan | D2: WONGSOREJO
C3: Kabupaten | D3: BANYUWANGI
C4: Provinsi | D4: JAWA TIMUR
C9: Kelurahan | D9: GOMBENGSARI
A12: I | B12: DATA PEMILIH DAN PENGGUNAAN HAK PILIH | AC12: JUMLAH AKHIR
A13: A | B13: DATA PEMILIH | E13: TPS 001 | F13: TPS 002 | G13: TPS 003 | H13: TPS 004 | I13: TPS 005 | J13: TPS 006 | K13: TPS 007 | L13: TPS 008 | M13: TPS 009 | N13: TPS 010 | O13: TPS 011 | P13: TPS 012 | Q13: TPS 013 | R13: TPS 014 | S13: TPS 015 | T13: TPS 016 | U13: TPS 017 | V13: TPS 018 | W13: TPS 019 | X13: TPS 020 | Y13: TPS 021 | Z13: TPS 022 | AA13: TPS 023 | AB13: TPS 024
B14: Jumlah Pemilih dalam Daftar Pemilih Tetap (DPT) | D14: LK | E14: 88 | F14: 112 | G14: 144 | H14: 112 | I14: 130 | J14: 147 | K14: 145 | L14: 148 | M14: 125 | N14: 122 | O14: 120 | P14: 148 | Q14: 148 | R14: 139 | S14: 100 | T14: 141 | U14: 139 | V14: 139 | W14: 139 | X14: 137 | Y14: 122 | Z14: 109 | AA14: 124 | AB14: 127 | AC14: =SUM(E14:AB14) -> 3105
D15: PR | E15: 84 | F15: 119 | G15: 147 | H15: 118 | I15: 144 | J15: 150 | K15: 150 | L15: 143 | M15: 136 | N15: 125 | O15: 132 | P15: 146 | Q15: 140 | R15: 146 | S15: 100 | T15: 143 | U15: 142 | V15: 139 | W15: 145 | X15: 130 | Y15: 130 | Z15: 108 | AA15: 132 | AB15: 123 | AC15: =SUM(E15:AB15) -> 3172
D16: JML | E16: =SUM(E14:E15) -> 172 | F16: =SUM(F14:F15) -> 231 | G16: =SUM(G14:G15) -> 291 | H16: =SUM(H14:H15) -> 230 | I16: =SUM(I14:I15) -> 274 | J16: =SUM(J14:J15) -> 297 | K16: =SUM(K14:K15) -> 295 | L16: =SUM(L14:L15) -> 291 | ... AB16: =SUM(AB14:AB15) -> 250 | AC16: =SUM(E16:AB16) -> 6277
A18: B | B18: PENGGUNA HAK PILIH
B19: 1. | C19: Jumlah pengguna hak pilih dalam Daftar Pemilih Tetap (DPT) | D19: LK | E19: 63 | F19: 88 | G19: 101 | H19: 80 | I19: 104 | J19: 117 | K19: 117 | L19: 124 | M19: 96 | N19: 98 | O19: 106 | P19: 124 | Q19: 111 | R19: 115 | S19: 94 | T19: 121 | U19: 120 | V19: 123 | W19: 112 | X19: 114 | Y19: 105 | Z19: 87 | AA19: 99 | AB19: 97 | AC19: =SUM(E19:AB19) -> 2516
D20: PR | E20: 73 | F20: 104 | G20: 118 | H20: 97 | I20: 133 | J20: 129 | K20: 128 | L20: 127 | M20: 107 | N20: 106 | O20: 122 | P20: 125 | Q20: 116 | R20: 123 | S20: 94 | T20: 122 | U20: 121 | V20: 120 | W20: 122 | X20: 108 | Y20: 107 | Z20: 89 | AA20: 118 | AB20: 96 | AC20: =SUM(E20:AB20) -> 2705
D21: JML | E21: =SUM(E19:E20) -> 136 | F21: =SUM(F19:F20) -> 192 | G21: =SUM(G19:G20) -> 219 | H21: =SUM(H19:H20) -> 177 | I21: =SUM(I19:I20) -> 237 | J21: =SUM(J19:J20) -> 246 | K21: =SUM(K19:K20) -> 245 | L21: =SUM(L19:L20) -> 251 | ... AB21: =SUM(AB19:AB20) -> 193 | AC21: =SUM(E21:AB21) -> 5221
B22: 2. | C22: Jumlah pengguna hak pilih dalam Daftar Pemilih Tambahan (DPTb) | D22: LK | E22: 0 | F22: 0 | G22: 0 | H22: 0 | I22: 0 | J22: 0 | K22: 0 | L22: 0 | M22: 1 | N22: 0 | O22: 0 | P22: 0 | Q22: 1 | R22: 0 | S22: 0 | T22: 1 | U22: 0 | V22: 0 | W22: 0 | X22: 0 | Y22: 0 | Z22: 0 | AA22: 1 | AB22: 0 | AC22: =SUM(E22:AB22) -> 4
D23: PR | E23: 1 | F23: 0 | G23: 1 | H23: 0 | I23: 1 | J23: 0 | K23: 1 | L23: 0 | M23: 0 | N23: 0 | O23: 0 | P23: 0 | Q23: 2 | R23: 0 | S23: 1 | T23: 0 | U23: 0 | V23: 0 | W23: 1 | X23: 0 | Y23: 0 | Z23: 0 | AA23: 1 | AB23: 1 | AC23: =SUM(E23:AB23) -> 10
D24: JML | E24: =SUM(E22:E23) -> 1 | F24: =SUM(F22:F23) -> 0 | G24: =SUM(G22:G23) -> 1 | H24: =SUM(H22:H23) -> 0 | I24: =SUM(I22:I23) -> 1 | J24: =SUM(J22:J23) -> 0 | K24: =SUM(K22:K23) -> 1 | L24: =SUM(L22:L23) -> 0 | ... AB24: =SUM(AB22:AB23) -> 1 | AC24: =SUM(E24:AB24) -> 14
B25: 3. | C25: Jumlah pengguna hak pilih dalam Daftar Pemilih Khusus (DPK) | D25: LK | E25: 0 | F25: 1 | G25: 0 | H25: 0 | I25: 1 | J25: 0 | K25: 1 | L25: 1 | M25: 0 | N25: 0 | O25: 0 | P25: 0 | Q25: 0 | R25: 0 | S25: 0 | T25: 0 | U25: 0 | V25: 3 | W25: 1 | X25: 3 | Y25: 3 | Z25: 0 | AA25: 0 | AB25: 1 | AC25: =SUM(E25:AB25) -> 15
D26: PR | E26: 1 | F26: 3 | G26: 1 | H26: 1 | I26: 0 | J26: 0 | K26: 2 | L26: 1 | M26: 1 | N26: 0 | O26: 0 | P26: 0 | Q26: 0 | R26: 0 | S26: 0 | T26: 0 | U26: 1 | V26: 0 | W26: 1 | X26: 2 | Y26: 2 | Z26: 0 | AA26: 0 | AB26: 1 | AC26: =SUM(E26:AB26) -> 17
D27: JML | E27: =SUM(E25:E26) -> 1 | F27: =SUM(F25:F26) -> 4 | G27: =SUM(G25:G26) -> 1 | H27: =SUM(H25:H26) -> 1 | I27: =SUM(I25:I26) -> 1 | J27: =SUM(J25:J26) -> 0 | K27: =SUM(K25:K26) -> 3 | L27: =SUM(L25:L26) -> 2 | ... AB27: =SUM(AB25:AB26) -> 2 | AC27: =SUM(E27:AB27) -> 32
B28: 4. | C28: Jumlah Pengguna Hak Pilih (B.1+B.2+B.3) | D28: LK | E28: =SUM(E19,E22,E25) -> 63 | F28: =SUM(F19,F22,F25) -> 89 | G28: =SUM(G19,G22,G25) -> 101 | H28: =SUM(H19,H22,H25) -> 80 | I28: =SUM(I19,I22,I25) -> 105 | J28: =SUM(J19,J22,J25) -> 117 | K28: =SUM(K19,K22,K25) -> 118 | L28: =SUM(L19,L22,L25) -> 125 | ... AB28: =SUM(AB19,AB22,AB25) -> 98 | AC28: =SUM(E28:AB28) -> 2535
D29: PR | E29: =SUM(E20,E23,E26) -> 75 | F29: =SUM(F20,F23,F26) -> 107 | G29: =SUM(G20,G23,G26) -> 120 | H29: =SUM(H20,H23,H26) -> 98 | I29: =SUM(I20,I23,I26) -> 134 | J29: =SUM(J20,J23,J26) -> 129 | K29: =SUM(K20,K23,K26) -> 131 | L29: =SUM(L20,L23,L26) -> 128 | ... AB29: =SUM(AB20,AB23,AB26) -> 98 | AC29: =SUM(E29:AB29) -> 2732
D30: JML | E30: =SUM(E28:E29) -> 138 | F30: =SUM(F28:F29) -> 196 | G30: =SUM(G28:G29) -> 221 | H30: =SUM(H28:H29) -> 178 | I30: =SUM(I28:I29) -> 239 | J30: =SUM(J28:J29) -> 246 | K30: =SUM(K28:K29) -> 249 | L30: =SUM(L28:L29) -> 253 | ... AB30: =SUM(AB28:AB29) -> 196 | AC30: =SUM(E30:AB30) -> 5267
A32: II | B32: DATA PENGGUNAAN SURAT SUARA
A33: 1 | B33: Jumlah surat suara yang diterima, termasuk surat suara cadangan 2,5% dari DPT | E33: 175 | F33: 236 | G33: 297 | H33: 235 | I33: 279 | J33: 303 | K33: 301 | L33: 297 | M33: 266 | N33: 252 | O33: 257 | P33: 300 | Q33: 294 | R33: 291 | S33: 204 | T33: 290 | U33: 287 | V33: 284 | W33: 261 | X33: 272 | Y33: 257 | Z33: 221 | AA33: 261 | AB33: 255 | AC33: =SUM(E33:AB33) -> 6375
A34: 2 | B34: Jumlah surat suara yang digunakan | E34: 138 | F34: 196 | G34: 221 | H34: 178 | I34: 239 | J34: 246 | K34: 249 | L34: 253 | M34: 205 | N34: 204 | O34: 228 | P34: 249 | Q34: 230 | R34: 238 | S34: 189 | T34: 244 | U34: 242 | V34: 246 | W34: 237 | X34: 227 | Y34: 217 | Z34: 176 | AA34: 219 | AB34: 196 | AC34: =SUM(E34:AB34) -> 5267
A35: 3 | B35: Jumlah surat suara dikembalikan oleh pemilih (karena rusak atau keliru coblos) | I35: 1 | L35: 2 | T35: 2 | U35: 2 | W35: 1 | X35: 1 | Y35: 1 | AB35: 1 | AC35: =SUM(E35:AB35) -> 11
A36: 4 | B36: Jumlah surat suara yang tidak digunakan/tidak terpakai, termasuk sisa surat suara cadangan | E36: =E33-(E34+E35) -> 37 | F36: =F33-(F34+F35) -> 40 | G36: =G33-(G34+G35) -> 76 | H36: =H33-(H34+H35) -> 57 | I36: =I33-(I34+I35) -> 39 | J36: =J33-(J34+J35) -> 57 | K36: =K33-(K34+K35) -> 52 | L36: =L33-(L34+L35) -> 42 | ... AB36: =AB33-(AB34+AB35) -> 58 | AC36: =SUM(E36:AB36) -> 1097
A38: III | B38: DATA PEMILIH DISABILITAS
B39: Jumlah seluruh Pemilih disabilitas yang menggunakan hak pilih | D39: LK | J39: 1 | W39: 1 | AA39: 2 | AB39: 1 | AC39: =SUM(E39:AB39) -> 5
D40: PR | E40: 1 | M40: 1 | AA40: 2 | AC40: =SUM(E40:AB40) -> 4
D41: JML | E41: =SUM(E39:E40) -> 1 | F41: =SUM(F39:F40) -> 0 | G41: =SUM(G39:G40) -> 0 | H41: =SUM(H39:H40) -> 0 | I41: =SUM(I39:I40) -> 0 | J41: =SUM(J39:J40) -> 1 | K41: =SUM(K39:K40) -> 0 | L41: =SUM(L39:L40) -> 0 | ... AB41: =SUM(AB39:AB40) -> 1 | AC41: =SUM(E41:AB41) -> 9
A43: IV | B43: DATA RINCIAN PEROLEHAN SUARA PASANGAN CALON BUPATI DAN WAKIL BUPATI
A44: NOMOR DAN NAMA CALON
A45: A.1 | B45: 1. | C45: Partai Kebangkitan Bangsa | E45: 9 | F45: 11 | G45: 8 | H45: 7 | I45: 13 | J45: 13 | K45: 12 | L45: 8 | M45: 13 | N45: 25 | O45: 17 | P45: 1 | Q45: 13 | R45: 6 | S45: 11 | T45: 13 | U45: 5 | V45: 16 | W45: 16 | X45: 16 | Y45: 11 | Z45: 2 | AA45: 9 | AB45: 7 | AC45: =SUM(E45:AB45) -> 262
A46: A.2 | B46: 1 | C46: 1. Dr. Hj. NIHAYATUL WAFIROH, M.A. | E46: 9 | F46: 22 | G46: 17 | H46: 3 | I46: 42 | J46: 14 | K46: 63 | L46: 20 | M46: 32 | N46: 29 | O46: 27 | P46: 4 | Q46: 5 | R46: 4 | S46: 3 | T46: 18 | U46: 13 | V46: 43 | W46: 16 | X46: 18 | Y46: 26 | Z46: 10 | AA46: 18 | AB46: 9 | AC46: =SUM(E46:AB46) -> 465
B47: 2 | C47: 2. H. M. NASIM KHAN | E47: 0 | F47: 1 | G47: 3 | H47: 1 | I47: 1 | J47: 3 | K47: 1 | L47: 1 | M47: 3 | N47: 4 | O47: 0 | P47: 1 | Q47: 0 | R47: 1 | S47: 0 | T47: 3 | U47: 0 | V47: 1 | W47: 26 | X47: 10 | Y47: 22 | Z47: 2 | AA47: 26 | AB47: 0 | AC47: =SUM(E47:AB47) -> 110
B48: 3 | C48: 3. Dr. H. AKIK ZAMAN, M.Pd.I. | E48: 1 | F48: 0 | G48: 2 | H48: 0 | I48: 1 | J48: 1 | K48: 1 | L48: 0 | M48: 0 | N48: 1 | O48: 0 | P48: 0 | Q48: 1 | R48: 0 | S48: 0 | T48: 1 | U48: 0 | V48: 1 | W48: 2 | X48: 2 | Y48: 0 | Z48: 0 | AA48: 0 | AB48: 1 | AC48: =SUM(E48:AB48) -> 15
B49: 4 | C49: 4. AHMAD RIFA'I, S.H. | E49: 1 | F49: 0 | G49: 1 | H49: 0 | I49: 1 | J49: 0 | K49: 0 | L49: 0 | M49: 0 | N49: 1 | O49: 1 | P49: 0 | Q49: 0 | R49: 0 | S49: 0 | T49: 0 | U49: 1 | V49: 2 | W49: 0 | X49: 0 | Y49: 0 | Z49: 0 | AA49: 1 | AB49: 0 | AC49: =SUM(E49:AB49) -> 9
B50: 5 | C50: 5. Drs. H. MAHFUD M.N. | E50: 0 | F50: 0 | G50: 0 | H50: 0 | I50: 0 | J50: 0 | K50: 1 | L50: 0 | M50: 0 | N50: 0 | O50: 1 | P50: 0 | Q50: 0 | R50: 0 | S50: 0 | T50: 0 | U50: 1 | V50: 2 | W50: 1 | X50: 1 | Y50: 1 | Z50: 0 | AA50: 0 | AB50: 0 | AC50: =SUM(E50:AB50) -> 8
B51: 6 | C51: 6. NURHAYATI, S.Pd. | E51: 0 | F51: 0 | G51: 0 | H51: 0 | I51: 0 | J51: 0 | K51: 0 | L51: 2 | M51: 0 | N51: 0 | O51: 0 | P51: 0 | Q51: 0 | R51: 0 | S51: 0 | T51: 0 | U51: 0 | V51: 0 | W51: 2 | X51: 0 | Y51: 2 | Z51: 0 | AA51: 0 | AB51: 0 | AC51: =SUM(E51:AB51) -> 6
B52: 7 | C52: 7. MAFTUHA KISWAH | E52: 1 | F52: 0 | G52: 0 | H52: 0 | I52: 0 | J52: 0 | K52: 0 | L52: 0 | M52: 0 | N52: 0 | O52: 0 | P52: 0 | Q52: 0 | R52: 0 | S52: 0 | T52: 0 | U52: 0 | V52: 0 | W52: 0 | X52: 1 | Y52: 0 | Z52: 0 | AA52: 1 | AB52: 0 | AC52: =SUM(E52:AB52) -> 3
A53: B | B53: JUMLAH SUARA SAH PARTAI POLITIK DAN CALON (A1 + A2) | E53: =SUM(E45:E52) -> 21 | F53: =SUM(F45:F52) -> 34 | G53: =SUM(G45:G52) -> 31 | H53: =SUM(H45:H52) -> 11 | I53: =SUM(I45:I52) -> 58 | J53: =SUM(J45:J52) -> 31 | K53: =SUM(K45:K52) -> 78 | L53: =SUM(L45:L52) -> 31 | ... AC53: =SUM(AC45:AC52) -> 878
A55: A.1 | B55: 2. | C55: Partai Gerakan Indonesia Raya | E55: 11 | F55: 6 | G55: 23 | H55: 11 | I55: 29 | J55: 9 | K55: 7 | L55: 8 | M55: 12 | N55: 1 | O55: 4 | P55: 8 | Q55: 16 | R55: 28 | S55: 16 | T55: 16 | U55: 8 | V55: 9 | W55: 13 | X55: 15 | Y55: 3 | Z55: 5 | AA55: 4 | AB55: 19 | AC55: =SUM(E55:AB55) -> 281
A56: A.2 | B56: 1 | C56: 1. SUMAIL ABDULLAH | E56: 13 | F56: 20 | G56: 10 | H56: 10 | I56: 17 | J56: 15 | K56: 29 | L56: 13 | M56: 28 | N56: 19 | O56: 6 | P56: 4 | Q56: 12 | R56: 14 | S56: 21 | T56: 35 | U56: 55 | V56: 38 | W56: 13 | X56: 21 | Y56: 8 | Z56: 5 | AA56: 13 | AB56: 14 | AC56: =SUM(E56:AB56) -> 433
B57: 2 | C57: 2. MUHAMMAD ALI ADRIAN SALEH | E57: 1 | F57: 1 | G57: 5 | H57: 2 | I57: 2 | J57: 5 | K57: 5 | L57: 3 | M57: 5 | N57: 1 | O57: 4 | P57: 1 | Q57: 2 | R57: 4 | S57: 10 | T57: 7 | U57: 4 | V57: 4 | W57: 1 | X57: 3 | Y57: 3 | Z57: 1 | AA57: 4 | AB57: 2 | AC57: =SUM(E57:AB57) -> 80
B58: 3 | C58: 3. DURROTUN NAFISAH | E58: 2 | F58: 1 | G58: 0 | H58: 1 | I58: 2 | J58: 0 | K58: 1 | L58: 0 | M58: 1 | N58: 1 | O58: 0 | P58: 0 | Q58: 0 | R58: 1 | S58: 0 | T58: 4 | U58: 6 | V58: 9 | W58: 1 | X58: 3 | Y58: 2 | Z58: 2 | AA58: 4 | AB58: 0 | AC58: =SUM(E58:AB58) -> 41
B59: 4 | C59: 4. H. EKO SUSILO NURHIDAYAT | E59: 1 | F59: 1 | G59: 1 | H59: 0 | I59: 2 | J59: 1 | K59: 3 | L59: 0 | M59: 1 | N59: 0 | O59: 1 | P59: 1 | Q59: 0 | R59: 0 | S59: 0 | T59: 1 | U59: 0 | V59: 2 | W59: 1 | X59: 3 | Y59: 0 | Z59: 1 | AA59: 1 | AB59: 8 | AC59: =SUM(E59:AB59) -> 29
B60: 5 | C60: 5. KARNADI HARIJANTO, S.S. | E60: 0 | F60: 0 | G60: 0 | H60: 0 | I60: 0 | J60: 0 | K60: 0 | L60: 0 | M60: 0 | N60: 0 | O60: 1 | P60: 0 | Q60: 0 | R60: 0 | S60: 1 | T60: 1 | U60: 0 | V60: 1 | W60: 1 | X60: 1 | Y60: 0 | Z60: 0 | AA60: 0 | AB60: 0 | AC60: =SUM(E60:AB60) -> 6
B61: 6 | C61: 6. NURHAYATI | E61: 1 | F61: 0 | G61: 2 | H61: 0 | I61: 1 | J61: 0 | K61: 0 | L61: 0 | M61: 0 | N61: 0 | O61: 0 | P61: 0 | Q61: 0 | R61: 2 | S61: 4 | T61: 2 | U61: 0 | V61: 1 | W61: 2 | X61: 0 | Y61: 0 | Z61: 1 | AA61: 0 | AB61: 0 | AC61: =SUM(E61:AB61) -> 16
B62: 7 | C62: 7. MASHUDI | E62: 0 | F62: 1 | G62: 0 | H62: 0 | I62: 0 | J62: 0 | K62: 0 | L62: 0 | M62: 0 | N62: 0 | O62: 0 | P62: 0 | Q62: 0 | R62: 1 | S62: 0 | T62: 0 | U62: 0 | V62: 1 | W62: 1 | X62: 0 | Y62: 0 | Z62: 12 | AA62: 3 | AB62: 1 | AC62: =SUM(E62:AB62) -> 20
A63: B | B63: JUMLAH SUARA SAH PARTAI POLITIK DAN CALON (A1 + A2) | E63: =SUM(E55:E62) -> 29 | F63: =SUM(F55:F62) -> 30 | G63: =SUM(G55:G62) -> 41 | H63: =SUM(H55:H62) -> 24 | I63: =SUM(I55:I62) -> 53 | J63: =SUM(J55:J62) -> 30 | K63: =SUM(K55:K62) -> 45 | L63: =SUM(L55:L62) -> 24 | ... AC63: =SUM(AC55:AC62) -> 906
A65: A.1 | B65: 3. | C65: Partai Demokrasi Indonesia Perjuangan | E65: 6 | F65: 5 | G65: 4 | H65: 4 | I65: 10 | J65: 13 | K65: 2 | L65: 5 | M65: 7 | N65: 3 | O65: 9 | P65: 14 | Q65: 26 | R65: 13 | S65: 3 | T65: 6 | U65: 5 | V65: 7 | W65: 5 | X65: 6 | Y65: 5 | Z65: 8 | AA65: 2 | AB65: 4 | AC65: =SUM(E65:AB65) -> 172
A66: A.2 | B66: 1 | C66: 1. SONNY TRI DANAPARAMITA, S.H., M.H. | E66: 4 | F66: 7 | G66: 4 | H66: 1 | I66: 13 | J66: 53 | K66: 4 | L66: 21 | M66: 4 | N66: 3 | O66: 2 | P66: 17 | Q66: 10 | R66: 7 | S66: 6 | T66: 33 | U66: 80 | V66: 45 | W66: 16 | X66: 23 | Y66: 15 | Z66: 17 | AA66: 10 | AB66: 14 | AC66: =SUM(E66:AB66) -> 409
B67: 2 | C67: 2. H. MOHAMAD GUNTUR ROMLI | E67: 1 | F67: 4 | G67: 4 | H67: 1 | I67: 2 | J67: 14 | K67: 7 | L67: 1 | M67: 17 | N67: 6 | O67: 21 | P67: 114 | Q67: 46 | R67: 10 | S67: 2 | T67: 2 | U67: 1 | V67: 2 | W67: 8 | X67: 1 | Y67: 6 | Z67: 5 | AA67: 6 | AB67: 4 | AC67: =SUM(E67:AB67) -> 285
B68: 3 | C68: 3. INA AMMANIA | E68: 2 | F68: 3 | G68: 3 | H68: 2 | I68: 1 | J68: 2 | K68: 7 | L68: 3 | M68: 3 | N68: 2 | O68: 3 | P68: 4 | Q68: 8 | R68: 2 | S68: 0 | T68: 1 | U68: 0 | V68: 7 | W68: 4 | X68: 0 | Y68: 1 | Z68: 2 | AA68: 3 | AB68: 1 | AC68: =SUM(E68:AB68) -> 64
B69: 4 | C69: 4. IRWAN BACHTIAR RACHMAT, M.Si. | E69: 0 | F69: 0 | G69: 0 | H69: 0 | I69: 0 | J69: 2 | K69: 4 | L69: 0 | M69: 0 | N69: 3 | O69: 2 | P69: 6 | Q69: 5 | R69: 2 | S69: 2 | T69: 0 | U69: 1 | V69: 0 | W69: 1 | X69: 0 | Y69: 0 | Z69: 0 | AA69: 1 | AB69: 0 | AC69: =SUM(E69:AB69) -> 29
B70: 5 | C70: 5. LUCKY PERDANA | E70: 11 | F70: 8 | G70: 25 | H70: 16 | I70: 22 | J70: 5 | K70: 1 | L70: 2 | M70: 2 | N70: 0 | O70: 3 | P70: 3 | Q70: 13 | R70: 3 | S70: 1 | T70: 1 | U70: 1 | V70: 0 | W70: 3 | X70: 3 | Y70: 3 | Z70: 2 | AA70: 0 | AB70: 3 | AC70: =SUM(E70:AB70) -> 131
B71: 6 | C71: 6. WIWIK PUJIYATI | E71: 0 | F71: 0 | G71: 0 | H71: 0 | I71: 0 | J71: 0 | K71: 1 | L71: 0 | M71: 0 | N71: 0 | O71: 0 | P71: 0 | Q71: 0 | R71: 0 | S71: 1 | T71: 0 | U71: 1 | V71: 0 | W71: 0 | X71: 0 | Y71: 0 | Z71: 0 | AA71: 0 | AB71: 0 | AC71: =SUM(E71:AB71) -> 3
B72: 7 | C72: 7. CHANDRA ASTAN, S.T. | E72: 0 | F72: 0 | G72: 0 | H72: 0 | I72: 0 | J72: 2 | K72: 0 | L72: 0 | M72: 0 | N72: 1 | O72: 1 | P72: 0 | Q72: 0 | R72: 0 | S72: 0 | T72: 0 | U72: 1 | V72: 2 | W72: 0 | X72: 0 | Y72: 0 | Z72: 0 | AA72: 1 | AB72: 0 | AC72: =SUM(E72:AB72) -> 8
A73: B | B73: JUMLAH SUARA SAH PARTAI POLITIK DAN CALON (A1 + A2) | E73: =SUM(E65:E72) -> 24 | F73: =SUM(F65:F72) -> 27 | G73: =SUM(G65:G72) -> 40 | H73: =SUM(H65:H72) -> 24 | I73: =SUM(I65:I72) -> 48 | J73: =SUM(J65:J72) -> 91 | K73: =SUM(K65:K72) -> 26 | L73: =SUM(L65:L72) -> 32 | ... AC73: =SUM(AC65:AC72) -> 1101
A75: A.1 | B75: 4. | C75: Partai Golongan Karya | E75: 1 | F75: 15 | G75: 5 | H75: 8 | I75: 11 | J75: 12 | K75: 8 | L75: 10 | M75: 4 | N75: 2 | O75: 5 | P75: 2 | Q75: 5 | R75: 9 | S75: 16 | T75: 3 | U75: 3 | V75: 6 | W75: 2 | X75: 3 | Y75: 7 | Z75: 3 | AA75: 3 | AB75: 6 | AC75: =SUM(E75:AB75) -> 149
A76: A.2 | B76: 1 | C76: 1. ZULFIKAR ARSE SADIKIN, S.I.P., M.Si. | E76: 0 | F76: 16 | G76: 33 | H76: 20 | I76: 11 | J76: 17 | K76: 47 | L76: 63 | M76: 1 | N76: 1 | O76: 2 | P76: 1 | Q76: 2 | R76: 1 | S76: 34 | T76: 3 | U76: 0 | V76: 1 | W76: 3 | X76: 4 | Y76: 11 | Z76: 2 | AA76: 4 | AB76: 3 | AC76: =SUM(E76:AB76) -> 280
B77: 2 | C77: 2. HANDOKO | E77: 1 | F77: 3 | G77: 1 | H77: 1 | I77: 0 | J77: 3 | K77: 0 | L77: 0 | M77: 2 | N77: 2 | O77: 0 | P77: 2 | Q77: 2 | R77: 1 | S77: 5 | T77: 2 | U77: 1 | V77: 2 | W77: 5 | X77: 1 | Y77: 0 | Z77: 0 | AA77: 8 | AB77: 0 | AC77: =SUM(E77:AB77) -> 42
B78: 3 | C78: 3. Hj. OVI DEWI YANTI | E78: 0 | F78: 1 | G78: 1 | H78: 0 | I78: 0 | J78: 1 | K78: 1 | L78: 0 | M78: 0 | N78: 0 | O78: 0 | P78: 0 | Q78: 0 | R78: 3 | S78: 0 | T78: 0 | U78: 1 | V78: 1 | W78: 1 | X78: 0 | Y78: 1 | Z78: 0 | AA78: 2 | AB78: 3 | AC78: =SUM(E78:AB78) -> 16
B79: 4 | C79: 4. Ir. AZAM AZMAN NATAWIJANA | E79: 1 | F79: 0 | G79: 1 | H79: 0 | I79: 2 | J79: 2 | K79: 0 | L79: 0 | M79: 0 | N79: 0 | O79: 2 | P79: 1 | Q79: 0 | R79: 0 | S79: 0 | T79: 0 | U79: 1 | V79: 0 | W79: 1 | X79: 2 | Y79: 22 | Z79: 0 | AA79: 2 | AB79: 2 | AC79: =SUM(E79:AB79) -> 39
B80: 5 | C80: 5. UBAIDILLAH AMIN, S.Kom. | E80: 1 | F80: 2 | G80: 1 | H80: 0 | I80: 0 | J80: 1 | K80: 2 | L80: 1 | M80: 2 | N80: 1 | O80: 6 | P80: 0 | Q80: 2 | R80: 5 | S80: 1 | T80: 0 | U80: 1 | V80: 0 | W80: 1 | X80: 0 | Y80: 2 | Z80: 1 | AA80: 2 | AB80: 0 | AC80: =SUM(E80:AB80) -> 32
B81: 6 | C81: 6. DENNY YUNIANDARI, S.H., M.Kn. | E81: 0 | F81: 0 | G81: 0 | H81: 0 | I81: 0 | J81: 0 | K81: 0 | L81: 1 | M81: 0 | N81: 0 | O81: 1 | P81: 0 | Q81: 0 | R81: 0 | S81: 0 | T81: 0 | U81: 0 | V81: 1 | W81: 0 | X81: 0 | Y81: 0 | Z81: 0 | AA81: 1 | AB81: 0 | AC81: =SUM(E81:AB81) -> 4
B82: 7 | C82: 7. ERNADI, S.H.I. | E82: 0 | F82: 0 | G82: 0 | H82: 0 | I82: 0 | J82: 0 | K82: 0 | L82: 0 | M82: 0 | N82: 0 | O82: 1 | P82: 0 | Q82: 1 | R82: 0 | S82: 0 | T82: 0 | U82: 0 | V82: 0 | W82: 0 | X82: 0 | Y82: 0 | Z82: 0 | AA82: 0 | AB82: 0 | AC82: =SUM(E82:AB82) -> 2
A83: B | B83: JUMLAH SUARA SAH PARTAI POLITIK DAN CALON (A1 + A2) | E83: =SUM(E75:E82) -> 4 | F83: =SUM(F75:F82) -> 37 | G83: =SUM(G75:G82) -> 42 | H83: =SUM(H75:H82) -> 29 | I83: =SUM(I75:I82) -> 24 | J83: =SUM(J75:J82) -> 36 | K83: =SUM(K75:K82) -> 58 | L83: =SUM(L75:L82) -> 75 | ... AC83: =SUM(AC75:AC82) -> 564
A85: A.1 | B85: 5. | C85: Partai NasDem | E85: 3 | F85: 1 | G85: 1 | H85: 1 | I85: 2 | J85: 2 | K85: 3 | L85: 5 | M85: 2 | N85: 3 | O85: 6 | P85: 2 | Q85: 2 | R85: 5 | S85: 0 | T85: 7 | U85: 1 | V85: 0 | W85: 3 | X85: 3 | Y85: 2 | Z85: 8 | AA85: 4 | AB85: 9 | AC85: =SUM(E85:AB85) -> 75
A86: A.2 | B86: 1 | C86: 1. ACH. FADIL MUZAKKI SYAH | E86: 1 | F86: 0 | G86: 0 | H86: 0 | I86: 2 | J86: 2 | K86: 0 | L86: 8 | M86: 4 | N86: 1 | O86: 3 | P86: 1 | Q86: 0 | R86: 11 | S86: 1 | T86: 6 | U86: 8 | V86: 2 | W86: 4 | X86: 8 | Y86: 3 | Z86: 20 | AA86: 3 | AB86: 16 | AC86: =SUM(E86:AB86) -> 104
B87: 2 | C87: 2. BENY | E87: 0 | F87: 0 | G87: 0 | H87: 0 | I87: 0 | J87: 0 | K87: 0 | L87: 0 | M87: 0 | N87: 0 | O87: 0 | P87: 0 | Q87: 0 | R87: 1 | S87: 0 | T87: 0 | U87: 0 | V87: 0 | W87: 0 | X87: 0 | Y87: 0 | Z87: 0 | AA87: 4 | AB87: 0 | AC87: =SUM(E87:AB87) -> 5
B88: 3 | C88: 3. VINA VERONIKA | E88: 0 | F88: 0 | G88: 0 | H88: 0 | I88: 1 | J88: 0 | K88: 0 | L88: 0 | M88: 0 | N88: 0 | O88: 0 | P88: 0 | Q88: 0 | R88: 0 | S88: 0 | T88: 1 | U88: 0 | V88: 1 | W88: 0 | X88: 0 | Y88: 0 | Z88: 0 | AA88: 1 | AB88: 0 | AC88: =SUM(E88:AB88) -> 4
B89: 4 | C89: 4. TEDDY ANUGRIANTO | E89: 0 | F89: 0 | G89: 0 | H89: 0 | I89: 0 | J89: 0 | K89: 0 | L89: 0 | M89: 0 | N89: 0 | O89: 0 | P89: 0 | Q89: 0 | R89: 0 | S89: 0 | T89: 2 | U89: 1 | V89: 0 | W89: 1 | X89: 2 | Y89: 5 | Z89: 16 | AA89: 1 | AB89: 4 | AC89: =SUM(E89:AB89) -> 32
B90: 5 | C90: 5. INSAN KAMIL | E90: 1 | F90: 0 | G90: 0 | H90: 0 | I90: 0 | J90: 1 | K90: 0 | L90: 1 | M90: 0 | N90: 1 | O90: 5 | P90: 0 | Q90: 0 | R90: 0 | S90: 0 | T90: 0 | U90: 0 | V90: 0 | W90: 2 | X90: 0 | Y90: 0 | Z90: 0 | AA90: 1 | AB90: 2 | AC90: =SUM(E90:AB90) -> 14
B91: 6 | C91: 6. LILIK LINDARWATI | E91: 11 | F91: 0 | G91: 0 | H91: 0 | I91: 0 | J91: 0 | K91: 2 | L91: 3 | M91: 0 | N91: 0 | O91: 3 | P91: 0 | Q91: 0 | R91: 1 | S91: 0 | T91: 1 | U91: 1 | V91: 3 | W91: 1 | X91: 0 | Y91: 1 | Z91: 3 | AA91: 1 | AB91: 4 | AC91: =SUM(E91:AB91) -> 35
B92: 7 | C92: 7. YULI ANITA | E92: 6 | F92: 0 | G92: 0 | H92: 0 | I92: 0 | J92: 1 | K92: 1 | L92: 2 | M92: 0 | N92: 0 | O92: 2 | P92: 0 | Q92: 0 | R92: 0 | S92: 0 | T92: 1 | U92: 0 | V92: 2 | W92: 1 | X92: 0 | Y92: 1 | Z92: 0 | AA92: 0 | AB92: 2 | AC92: =SUM(E92:AB92) -> 19
A93: B | B93: JUMLAH SUARA SAH PARTAI POLITIK DAN CALON (A1 + A2) | E93: =SUM(E85:E92) -> 22 | F93: =SUM(F85:F92) -> 1 | G93: =SUM(G85:G92) -> 1 | H93: =SUM(H85:H92) -> 1 | I93: =SUM(I85:I92) -> 5 | J93: =SUM(J85:J92) -> 6 | K93: =SUM(K85:K92) -> 6 | L93: =SUM(L85:L92) -> 19 | ... AC93: =SUM(AC85:AC92) -> 288
A95: A.1 | B95: 6. | C95: Partai Buruh | E95: 10 | F95: 1 | G95: 0 | H95: 0 | I95: 1 | J95: 0 | K95: 0 | L95: 4 | M95: 0 | N95: 0 | O95: 1 | P95: 0 | Q95: 2 | R95: 8 | S95: 4 | T95: 3 | U95: 0 | V95: 0 | W95: 4 | X95: 0 | Y95: 0 | Z95: 2 | AA95: 0 | AB95: 2 | AC95: =SUM(E95:AB95) -> 42
A96: A.2 | B96: 1 | C96: 1. KHOIRUL ANAM | E96: 0 | F96: 0 | G96: 0 | H96: 0 | I96: 0 | J96: 0 | K96: 0 | L96: 0 | M96: 0 | N96: 0 | O96: 2 | P96: 0 | Q96: 0 | R96: 1 | S96: 0 | T96: 1 | U96: 0 | V96: 1 | W96: 0 | X96: 0 | Y96: 0 | Z96: 0 | AA96: 0 | AB96: 1 | AC96: =SUM(E96:AB96) -> 6
B97: 2 | C97: 2. INA KURNIA | E97: 0 | F97: 1 | G97: 1 | H97: 0 | I97: 0 | J97: 0 | K97: 0 | L97: 0 | M97: 0 | N97: 0 | O97: 1 | P97: 0 | Q97: 0 | R97: 0 | S97: 1 | T97: 0 | U97: 0 | V97: 0 | W97: 0 | X97: 0 | Y97: 0 | Z97: 0 | AA97: 0 | AB97: 1 | AC97: =SUM(E97:AB97) -> 5
B98: 3 | C98: 3. JIBRAL TAROUK | E98: 0 | F98: 0 | G98: 0 | H98: 0 | I98: 1 | J98: 0 | K98: 0 | L98: 0 | M98: 0 | N98: 1 | O98: 0 | P98: 0 | Q98: 0 | R98: 0 | S98: 0 | T98: 0 | U98: 0 | V98: 0 | W98: 1 | X98: 0 | Y98: 0 | Z98: 0 | AA98: 1 | AB98: 0 | AC98: =SUM(E98:AB98) -> 4
B99: 4 | C99: 4. ASTUTI DAENG PUJI | E99: 0 | F99: 0 | G99: 0 | H99: 0 | I99: 0 | J99: 0 | K99: 0 | L99: 0 | M99: 0 | N99: 0 | O99: 0 | P99: 0 | Q99: 0 | R99: 0 | S99: 0 | T99: 0 | U99: 0 | V99: 0 | W99: 0 | X99: 0 | Y99: 0 | Z99: 1 | AA99: 0 | AB99: 1 | AC99: =SUM(E99:AB99) -> 2
B100: 5 | C100: 5. ASDARMAWAN | E100: 1 | F100: 0 | G100: 0 | H100: 0 | I100: 0 | J100: 0 | K100: 0 | L100: 0 | M100: 0 | N100: 1 | O100: 0 | P100: 0 | Q100: 0 | R100: 0 | S100: 0 | T100: 0 | U100: 0 | V100: 0 | W100: 0 | X100: 0 | Y100: 0 | Z100: 0 | AA100: 0 | AB100: 0 | AC100: =SUM(E100:AB100) -> 2
B101: 6 | C101: 6. RIFQI MUBAROK | E101: 1 | F101: 0 | G101: 0 | H101: 0 | I101: 0 | J101: 0 | K101: 0 | L101: 0 | M101: 0 | N101: 0 | O101: 0 | P101: 0 | Q101: 0 | R101: 1 | S101: 0 | T101: 0 | U101: 0 | V101: 0 | W101: 0 | X101: 0 | Y101: 0 | Z101: 0 | AA101: 0 | AB101: 0 | AC101: =SUM(E101:AB101) -> 2
B102: 7 | C102: 7. FIRNANDA ALTA MEGA | E102: 0 | F102: 0 | G102: 0 | H102: 0 | I102: 0 | J102: 0 | K102: 0 | L102: 0 | M102: 0 | N102: 0 | O102: 0 | P102: 0 | Q102: 0 | R102: 0 | S102: 0 | T102: 0 | U102: 0 | V102: 0 | W102: 0 | X102: 0 | Y102: 0 | Z102: 0 | AA102: 0 | AB102: 0 | AC102: =SUM(E102:AB102) -> 0
A103: B | B103: JUMLAH SUARA SAH PARTAI POLITIK DAN CALON (A1 + A2) | E103: =SUM(E95:E102) -> 12 | F103: =SUM(F95:F102) -> 2 | G103: =SUM(G95:G102) -> 1 | H103: =SUM(H95:H102) -> 0 | I103: =SUM(I95:I102) -> 2 | J103: =SUM(J95:J102) -> 0 | K103: =SUM(K95:K102) -> 0 | L103: =SUM(L95:L102) -> 4 | ... AC103: =SUM(AC95:AC102) -> 63
A105: A.1 | B105: 7. | C105: Partai Gelombang Rakyat Indonesia | E105: 1 | F105: 0 | G105: 1 | H105: 0 | I105: 0 | J105: 1 | K105: 0 | L105: 1 | M105: 0 | N105: 1 | O105: 2 | P105: 1 | Q105: 0 | R105: 1 | S105: 0 | T105: 0 | U105: 0 | V105: 1 | W105: 1 | X105: 0 | Y105: 1 | Z105: 0 | AA105: 2 | AB105: 0 | AC105: =SUM(E105:AB105) -> 14
A106: A.2 | B106: 1 | C106: 1. TITI WIDORETNO WARISMAN | E106: 0 | F106: 0 | G106: 0 | H106: 0 | I106: 0 | J106: 0 | K106: 0 | L106: 0 | M106: 0 | N106: 1 | O106: 0 | P106: 0 | Q106: 0 | R106: 0 | S106: 0 | T106: 0 | U106: 0 | V106: 0 | W106: 0 | X106: 0 | Y106: 0 | Z106: 0 | AA106: 0 | AB106: 0 | AC106: =SUM(E106:AB106) -> 1
B107: 2 | C107: 2. MAMIEK SETYANINGSIH | E107: 0 | F107: 0 | G107: 0 | H107: 0 | I107: 0 | J107: 0 | K107: 0 | L107: 0 | M107: 0 | N107: 0 | O107: 0 | P107: 0 | Q107: 0 | R107: 1 | S107: 0 | T107: 0 | U107: 0 | V107: 0 | W107: 0 | X107: 0 | Y107: 0 | Z107: 0 | AA107: 0 | AB107: 0 | AC107: =SUM(E107:AB107) -> 1
B108: 3 | C108: 3. ROMIL AZIZEN | E108: 0 | F108: 0 | G108: 0 | H108: 0 | I108: 0 | J108: 0 | K108: 0 | L108: 1 | M108: 0 | N108: 0 | O108: 0 | P108: 0 | Q108: 0 | R108: 0 | S108: 0 | T108: 0 | U108: 0 | V108: 0 | W108: 0 | X108: 0 | Y108: 0 | Z108: 0 | AA108: 0 | AB108: 0 | AC108: =SUM(E108:AB108) -> 1
A109: B | B109: JUMLAH SUARA SAH PARTAI POLITIK DAN CALON (A1 + A2) | E109: =SUM(E105:E108) -> 1 | F109: =SUM(F105:F108) -> 0 | G109: =SUM(G105:G108) -> 1 | H109: =SUM(H105:H108) -> 0 | I109: =SUM(I105:I108) -> 0 | J109: =SUM(J105:J108) -> 1 | K109: =SUM(K105:K108) -> 0 | L109: =SUM(L105:L108) -> 2 | ... AC109: =SUM(AC105:AC108) -> 17
A111: A.1 | B111: 8. | C111: Partai Keadilan Sejahtera | E111: 0 | F111: 1 | G111: 0 | H111: 0 | I111: 2 | J111: 0 | K111: 5 | L111: 2 | M111: 0 | N111: 3 | O111: 3 | P111: 2 | Q111: 7 | R111: 5 | S111: 4 | T111: 6 | U111: 2 | V111: 0 | W111: 0 | X111: 2 | Y111: 0 | Z111: 0 | AA111: 2 | AB111: 0 | AC111: =SUM(E111:AB111) -> 46
A112: A.2 | B112: 1 | C112: 1. H. SAIMI SALEH, S.E., M.M. | E112: 0 | F112: 0 | G112: 2 | H112: 1 | I112: 0 | J112: 1 | K112: 4 | L112: 11 | M112: 2 | N112: 14 | O112: 7 | P112: 3 | Q112: 12 | R112: 8 | S112: 4 | T112: 8 | U112: 1 | V112: 0 | W112: 2 | X112: 0 | Y112: 0 | Z112: 0 | AA112: 9 | AB112: 1 | AC112: =SUM(E112:AB112) -> 90
B113: 2 | C113: 2. Prof. Dr. H. EGGI SUDJANA, S.H., M.Si. | E113: 0 | F113: 1 | G113: 0 | H113: 0 | I113: 0 | J113: 1 | K113: 0 | L113: 0 | M113: 0 | N113: 0 | O113: 0 | P113: 0 | Q113: 0 | R113: 2 | S113: 0 | T113: 0 | U113: 1 | V113: 0 | W113: 0 | X113: 0 | Y113: 3 | Z113: 0 | AA113: 0 | AB113: 0 | AC113: =SUM(E113:AB113) -> 8
B114: 3 | C114: 3. NURUL KHOTIMAH | E114: 0 | F114: 0 | G114: 0 | H114: 0 | I114: 0 | J114: 0 | K114: 0 | L114: 0 | M114: 0 | N114: 0 | O114: 0 | P114: 0 | Q114: 0 | R114: 0 | S114: 0 | T114: 0 | U114: 0 | V114: 0 | W114: 0 | X114: 0 | Y114: 0 | Z114: 0 | AA114: 0 | AB114: 0 | AC114: =SUM(E114:AB114) -> 0
B115: 4 | C115: 4. AKHMAD SUYANTO, S.T., M.T. | E115: 0 | F115: 0 | G115: 0 | H115: 0 | I115: 0 | J115: 0 | K115: 0 | L115: 0 | M115: 0 | N115: 0 | O115: 0 | P115: 0 | Q115: 0 | R115: 0 | S115: 0 | T115: 1 | U115: 0 | V115: 0 | W115: 0 | X115: 0 | Y115: 0 | Z115: 0 | AA115: 1 | AB115: 0 | AC115: =SUM(E115:AB115) -> 2
B116: 5 | C116: 5. PUJIYATNI | E116: 0 | F116: 0 | G116: 0 | H116: 0 | I116: 0 | J116: 0 | K116: 0 | L116: 0 | M116: 0 | N116: 0 | O116: 1 | P116: 0 | Q116: 0 | R116: 0 | S116: 1 | T116: 0 | U116: 0 | V116: 0 | W116: 0 | X116: 0 | Y116: 0 | Z116: 0 | AA116: 0 | AB116: 0 | AC116: =SUM(E116:AB116) -> 2
B117: 6 | C117: 6. HENI PURWATININGSIH | E117: 0 | F117: 0 | G117: 0 | H117: 0 | I117: 0 | J117: 0 | K117: 0 | L117: 0 | M117: 0 | N117: 0 | O117: 0 | P117: 0 | Q117: 0 | R117: 0 | S117: 0 | T117: 0 | U117: 0 | V117: 0 | W117: 0 | X117: 0 | Y117: 0 | Z117: 0 | AA117: 0 | AB117: 0 | AC117: =SUM(E117:AB117) -> 0
B118: 7 | C118: 7. MUHADI | E118: 0 | F118: 0 | G118: 0 | H118: 0 | I118: 0 | J118: 0 | K118: 0 | L118: 1 | M118: 0 | N118: 0 | O118: 0 | P118: 0 | Q118: 0 | R118: 1 | S118: 0 | T118: 0 | U118: 0 | V118: 0 | W118: 0 | X118: 0 | Y118: 0 | Z118: 0 | AA118: 0 | AB118: 0 | AC118: =SUM(E118:AB118) -> 2
...

Sheet KALIPURO
C2: Kecamatan | D2: WONGSOREJO
C3: Kabupaten | D3: BANYUWANGI
C4: Provinsi | D4: JAWA TIMUR
C9: Kelurahan | D9: KALIPURO
A12: I | B12: DATA PEMILIH DAN PENGGUNAAN HAK PILIH | AR12: JUMLAH AKHIR
A13: A | B13: DATA PEMILIH | E13: TPS 001 | F13: TPS 002 | G13: TPS 003 | H13: TPS 004 | I13: TPS 005 | J13: TPS 006 | K13: TPS 007 | L13: TPS 008 | M13: TPS 009 | N13: TPS 010 | O13: TPS 011 | P13: TPS 012 | Q13: TPS 013 | R13: TPS 014 | S13: TPS 015 | T13: TPS 016 | U13: TPS 017 | V13: TPS 018 | W13: TPS 019 | X13: TPS 020 | Y13: TPS 021 | Z13: TPS 022 | AA13: TPS 023 | AB13: TPS 024 | AC13: TPS 025 | AD13: TPS 026 | AE13: TPS 027 | AF13: TPS 028 | AG13: TPS 029 | AH13: TPS 030 | AI13: TPS 031 | AJ13: TPS 032 | AK13: TPS 033 | AL13: TPS 034 | AM13: TPS 035 | AN13: TPS 036 | AO13: TPS 037 | AP13: TPS 038 | AQ13: TPS 039
B14: Jumlah Pemilih dalam Daftar Pemilih Tetap (DPT) | D14: LK | E14: 137 | F14: 141 | G14: 136 | H14: 135 | I14: 156 | J14: 147 | K14: 145 | L14: 147 | M14: 140 | N14: 141 | O14: 145 | P14: 134 | Q14: 148 | R14: 147 | S14: 139 | T14: 147 | U14: 138 | V14: 143 | W14: 133 | X14: 141 | Y14: 122 | Z14: 145 | AA14: 126 | AB14: 144 | AC14: 145 | AD14: 155 | AE14: 155 | AF14: 149 | AG14: 145 | AH14: 141 | AI14: 143 | AJ14: 135 | AK14: 145 | AL14: 147 | AM14: 132 | AN14: 147 | AO14: 136 | AP14: 150 | AQ14: 134 | AR14: =SUM(E14:AQ14) -> 5536
D15: PR | E15: 157 | F15: 146 | G15: 131 | H15: 154 | I15: 140 | J15: 146 | K15: 148 | L15: 151 | M15: 135 | N15: 158 | O15: 154 | P15: 124 | Q15: 150 | R15: 149 | S15: 156 | T15: 151 | U15: 158 | V15: 153 | W15: 158 | X15: 157 | Y15: 143 | Z15: 142 | AA15: 156 | AB15: 154 | AC15: 149 | AD15: 143 | AE15: 144 | AF15: 143 | AG15: 142 | AH15: 137 | AI15: 150 | AJ15: 157 | AK15: 149 | AL15: 147 | AM15: 123 | AN15: 147 | AO15: 143 | AP15: 147 | AQ15: 149 | AR15: =SUM(E15:AQ15) -> 5741
D16: JML | E16: =SUM(E14:E15) -> 294 | F16: =SUM(F14:F15) -> 287 | G16: =SUM(G14:G15) -> 267 | H16: =SUM(H14:H15) -> 289 | I16: =SUM(I14:I15) -> 296 | J16: =SUM(J14:J15) -> 293 | K16: =SUM(K14:K15) -> 293 | L16: =SUM(L14:L15) -> 298 | ... AQ16: =SUM(AQ14:AQ15) -> 283 | AR16: =SUM(E16:AQ16) -> 11277
A18: B | B18: PENGGUNA HAK PILIH
B19: 1. | C19: Jumlah pengguna hak pilih dalam Daftar Pemilih Tetap (DPT) | D19: LK | E19: 107 | F19: 105 | G19: 71 | H19: 91 | I19: 100 | J19: 84 | K19: 104 | L19: 108 | M19: 106 | N19: 101 | O19: 104 | P19: 103 | Q19: 113 | R19: 108 | S19: 105 | T19: 122 | U19: 89 | V19: 122 | W19: 95 | X19: 96 | Y19: 98 | Z19: 104 | AA19: 94 | AB19: 132 | AC19: 109 | AD19: 138 | AE19: 116 | AF19: 131 | AG19: 109 | AH19: 107 | AI19: 114 | AJ19: 110 | AK19: 111 | AL19: 127 | AM19: 107 | AN19: 123 | AO19: 101 | AP19: 131 | AQ19: 101 | AR19: =SUM(E19:AQ19) -> 4197
D20: PR | E20: 128 | F20: 117 | G20: 90 | H20: 101 | I20: 104 | J20: 99 | K20: 108 | L20: 126 | M20: 102 | N20: 116 | O20: 132 | P20: 109 | Q20: 122 | R20: 125 | S20: 120 | T20: 130 | U20: 111 | V20: 116 | W20: 125 | X20: 126 | Y20: 102 | Z20: 107 | AA20: 121 | AB20: 124 | AC20: 127 | AD20: 127 | AE20: 117 | AF20: 134 | AG20: 114 | AH20: 103 | AI20: 120 | AJ20: 123 | AK20: 109 | AL20: 126 | AM20: 107 | AN20: 116 | AO20: 96 | AP20: 122 | AQ20: 99 | AR20: =SUM(E20:AQ20) -> 4501
D21: JML | E21: =SUM(E19:E20) -> 235 | F21: =SUM(F19:F20) -> 222 | G21: =SUM(G19:G20) -> 161 | H21: =SUM(H19:H20) -> 192 | I21: =SUM(I19:I20) -> 204 | J21: =SUM(J19:J20) -> 183 | K21: =SUM(K19:K20) -> 212 | L21: =SUM(L19:L20) -> 234 | ... AQ21: =SUM(AQ19:AQ20) -> 200 | AR21: =SUM(E21:AQ21) -> 8698
B22: 2. | C22: Jumlah pengguna hak pilih dalam Daftar Pemilih Tambahan (DPTb) | D22: LK | E22: 0 | F22: 0 | G22: 3 | H22: 0 | I22: 1 | J22: 2 | K22: 0 | L22: 1 | M22: 0 | N22: 0 | O22: 0 | P22: 0 | Q22: 2 | R22: 1 | S22: 0 | T22: 1 | U22: 1 | V22: 0 | W22: 1 | X22: 0 | Y22: 0 | Z22: 1 | AA22: 0 | AB22: 1 | AC22: 0 | AD22: 0 | AE22: 0 | AF22: 0 | AG22: 0 | AH22: 0 | AI22: 0 | AJ22: 0 | AK22: 1 | AL22: 1 | AM22: 0 | AN22: 0 | AO22: 0 | AP22: 0 | AQ22: 1 | AR22: =SUM(E22:AQ22) -> 18
D23: PR | E23: 0 | F23: 1 | G23: 1 | H23: 0 | I23: 0 | J23: 0 | K23: 1 | L23: 1 | M23: 0 | N23: 0 | O23: 0 | P23: 0 | Q23: 0 | R23: 0 | S23: 1 | T23: 1 | U23: 0 | V23: 0 | W23: 0 | X23: 1 | Y23: 0 | Z23: 0 | AA23: 1 | AB23: 1 | AC23: 0 | AD23: 0 | AE23: 0 | AF23: 0 | AG23: 0 | AH23: 0 | AI23: 1 | AJ23: 0 | AK23: 0 | AL23: 0 | AM23: 1 | AN23: 0 | AO23: 0 | AP23: 0 | AQ23: 0 | AR23: =SUM(E23:AQ23) -> 11
D24: JML | E24: =SUM(E22:E23) -> 0 | F24: =SUM(F22:F23) -> 1 | G24: =SUM(G22:G23) -> 4 | H24: =SUM(H22:H23) -> 0 | I24: =SUM(I22:I23) -> 1 | J24: =SUM(J22:J23) -> 2 | K24: =SUM(K22:K23) -> 1 | L24: =SUM(L22:L23) -> 2 | ... AQ24: =SUM(AQ22:AQ23) -> 1 | AR24: =SUM(E24:AQ24) -> 29
B25: 3. | C25: Jumlah pengguna hak pilih dalam Daftar Pemilih Khusus (DPK) | D25: LK | E25: 1 | F25: 7 | G25: 1 | H25: 0 | I25: 2 | J25: 2 | K25: 4 | L25: 3 | M25: 2 | N25: 2 | O25: 2 | P25: 2 | Q25: 1 | R25: 0 | S25: 0 | T25: 3 | U25: 0 | V25: 9 | W25: 1 | X25: 7 | Y25: 1 | Z25: 1 | AA25: 0 | AB25: 2 | AC25: 1 | AD25: 3 | AE25: 3 | AF25: 0 | AG25: 2 | AH25: 6 | AI25: 4 | AJ25: 5 | AK25: 5 | AL25: 1 | AM25: 6 | AN25: 15 | AO25: 4 | AP25: 0 | AQ25: 0 | AR25: =SUM(E25:AQ25) -> 108
D26: PR | E26: 0 | F26: 0 | G26: 1 | H26: 1 | I26: 3 | J26: 8 | K26: 2 | L26: 2 | M26: 3 | N26: 1 | O26: 3 | P26: 2 | Q26: 2 | R26: 1 | S26: 5 | T26: 4 | U26: 0 | V26: 10 | W26: 0 | X26: 6 | Y26: 1 | Z26: 4 | AA26: 0 | AB26: 0 | AC26: 2 | AD26: 6 | AE26: 6 | AF26: 1 | AG26: 3 | AH26: 3 | AI26: 7 | AJ26: 6 | AK26: 8 | AL26: 2 | AM26: 5 | AN26: 15 | AO26: 4 | AP26: 0 | AQ26: 1 | AR26: =SUM(E26:AQ26) -> 128
D27: JML | E27: =SUM(E25:E26) -> 1 | F27: =SUM(F25:F26) -> 7 | G27: =SUM(G25:G26) -> 2 | H27: =SUM(H25:H26) -> 1 | I27: =SUM(I25:I26) -> 5 | J27: =SUM(J25:J26) -> 10 | K27: =SUM(K25:K26) -> 6 | L27: =SUM(L25:L26) -> 5 | ... AQ27: =SUM(AQ25:AQ26) -> 1 | AR27: =SUM(E27:AQ27) -> 236
B28: 4. | C28: Jumlah Pengguna Hak Pilih (B.1+B.2+B.3) | D28: LK | E28: =SUM(E19,E22,E25) -> 108 | F28: =SUM(F19,F22,F25) -> 112 | G28: =SUM(G19,G22,G25) -> 75 | H28: =SUM(H19,H22,H25) -> 91 | I28: =SUM(I19,I22,I25) -> 103 | J28: =SUM(J19,J22,J25) -> 88 | K28: =SUM(K19,K22,K25) -> 108 | L28: =SUM(L19,L22,L25) -> 112 | ... AQ28: =SUM(AQ19,AQ22,AQ25) -> 102 | AR28: =SUM(E28:AQ28) -> 4323
D29: PR | E29: =SUM(E20,E23,E26) -> 128 | F29: =SUM(F20,F23,F26) -> 118 | G29: =SUM(G20,G23,G26) -> 92 | H29: =SUM(H20,H23,H26) -> 102 | I29: =SUM(I20,I23,I26) -> 107 | J29: =SUM(J20,J23,J26) -> 107 | K29: =SUM(K20,K23,K26) -> 111 | L29: =SUM(L20,L23,L26) -> 129 | ... AQ29: =SUM(AQ20,AQ23,AQ26) -> 100 | AR29: =SUM(E29:AQ29) -> 4640
D30: JML | E30: =SUM(E28:E29) -> 236 | F30: =SUM(F28:F29) -> 230 | G30: =SUM(G28:G29) -> 167 | H30: =SUM(H28:H29) -> 193 | I30: =SUM(I28:I29) -> 210 | J30: =SUM(J28:J29) -> 195 | K30: =SUM(K28:K29) -> 219 | L30: =SUM(L28:L29) -> 241 | ... AQ30: =SUM(AQ28:AQ29) -> 202 | AR30: =SUM(E30:AQ30) -> 8963
A32: II | B32: DATA PENGGUNAAN SURAT SUARA
A33: 1 | B33: Jumlah surat suara yang diterima, termasuk surat suara cadangan 2,5% dari DPT | E33: 300 | F33: 293 | G33: 273 | H33: 295 | I33: 302 | J33: 299 | K33: 299 | L33: 293 | M33: 271 | N33: 305 | O33: 305 | P33: 265 | Q33: 304 | R33: 301 | S33: 301 | T33: 305 | U33: 299 | V33: 301 | W33: 297 | X33: 304 | Y33: 271 | Z33: 293 | AA33: 268 | AB33: 305 | AC33: 301 | AD33: 304 | AE33: 305 | AF33: 288 | AG33: 293 | AH33: 284 | AI33: 296 | AJ33: 300 | AK33: 292 | AL33: 300 | AM33: 262 | AN33: 302 | AO33: 285 | AP33: 303 | AQ33: 289 | AR33: =SUM(E33:AQ33) -> 11453
A34: 2 | B34: Jumlah surat suara yang digunakan | E34: 236 | F34: 230 | G34: 167 | H34: 193 | I34: 210 | J34: 195 | K34: 219 | L34: 241 | M34: 213 | N34: 220 | O34: 241 | P34: 216 | Q34: 240 | R34: 235 | S34: 231 | T34: 261 | U34: 201 | V34: 257 | W34: 222 | X34: 236 | Y34: 202 | Z34: 217 | AA34: 216 | AB34: 260 | AC34: 239 | AD34: 274 | AE34: 242 | AF34: 266 | AG34: 228 | AH34: 219 | AI34: 246 | AJ34: 244 | AK34: 234 | AL34: 257 | AM34: 226 | AN34: 269 | AO34: 205 | AP34: 253 | AQ34: 202 | AR34: =SUM(E34:AQ34) -> 8963
A35: 3 | B35: Jumlah surat suara dikembalikan oleh pemilih (karena rusak atau keliru coblos) | E35: 0 | F35: 0 | G35: 0 | H35: 0 | I35: 0 | J35: 1 | K35: 0 | L35: 0 | M35: 0 | N35: 0 | O35: 2 | P35: 0 | Q35: 2 | R35: 1 | S35: 0 | T35: 2 | U35: 1 | V35: 0 | W35: 0 | X35: 0 | Y35: 0 | Z35: 1 | AA35: 0 | AB35: 0 | AC35: 1 | AD35: 1 | AI35: 0 | AJ35: 0 | AK35: 0 | AL35: 0 | AM35: 0 | AN35: 0 | AO35: 2 | AP35: 0 | AQ35: 0 | AR35: =SUM(E35:AQ35) -> 14
A36: 4 | B36: Jumlah surat suara yang tidak digunakan/tidak terpakai, termasuk sisa surat suara cadangan | E36: =E33-(E34+E35) -> 64 | F36: =F33-(F34+F35) -> 63 | G36: =G33-(G34+G35) -> 106 | H36: =H33-(H34+H35) -> 102 | I36: =I33-(I34+I35) -> 92 | J36: =J33-(J34+J35) -> 103 | K36: =K33-(K34+K35) -> 80 | L36: =L33-(L34+L35) -> 52 | ... AQ36: =AQ33-(AQ34+AQ35) -> 87 | AR36: =SUM(E36:AQ36) -> 2476
A38: III | B38: DATA PEMILIH DISABILITAS
B39: Jumlah seluruh Pemilih disabilitas yang menggunakan hak pilih | D39: LK | E39: 1 | F39: 1 | G39: 0 | H39: 0 | I39: 0 | J39: 0 | K39: 0 | L39: 0 | M39: 1 | N39: 0 | O39: 0 | P39: 0 | Q39: 0 | R39: 0 | S39: 2 | T39: 1 | U39: 0 | V39: 0 | W39: 2 | X39: 0 | Y39: 0 | Z39: 0 | AA39: 0 | AB39: 0 | AC39: 3 | AD39: 3 | AE39: 0 | AF39: 0 | AG39: 0 | AH39: 1 | AI39: 0 | AJ39: 0 | AK39: 0 | AL39: 0 | AM39: 0 | AN39: 0 | AO39: 0 | AP39: 0 | AQ39: 1 | AR39: =SUM(E39:AQ39) -> 16
D40: PR | E40: 2 | F40: 0 | G40: 0 | H40: 0 | I40: 0 | J40: 0 | K40: 0 | L40: 0 | M40: 0 | N40: 0 | O40: 0 | P40: 0 | Q40: 0 | R40: 0 | S40: 3 | T40: 0 | U40: 2 | V40: 0 | W40: 1 | X40: 0 | Y40: 0 | Z40: 0 | AA40: 0 | AB40: 0 | AC40: 4 | AD40: 1 | AE40: 0 | AF40: 0 | AG40: 1 | AH40: 0 | AI40: 0 | AJ40: 0 | AK40: 0 | AL40: 0 | AM40: 0 | AN40: 0 | AO40: 0 | AP40: 0 | AQ40: 0 | AR40: =SUM(E40:AQ40) -> 14
D41: JML | E41: =SUM(E39:E40) -> 3 | F41: =SUM(F39:F40) -> 1 | G41: =SUM(G39:G40) -> 0 | H41: =SUM(H39:H40) -> 0 | I41: =SUM(I39:I40) -> 0 | J41: =SUM(J39:J40) -> 0 | K41: =SUM(K39:K40) -> 0 | L41: =SUM(L39:L40) -> 0 | ... AQ41: =SUM(AQ39:AQ40) -> 1 | AR41: =SUM(E41:AQ41) -> 30
A43: IV | B43: DATA RINCIAN PEROLEHAN SUARA PASANGAN CALON BUPATI DAN WAKIL BUPATI
A44: NOMOR DAN NAMA CALON
A45: A.1 | B45: 1. | C45: Partai Kebangkitan Bangsa | E45: 5 | F45: 8 | G45: 1 | H45: 5 | I45: 6 | J45: 6 | K45: 8 | L45: 9 | M45: 3 | N45: 15 | O45: 7 | P45: 13 | Q45: 8 | R45: 7 | S45: 6 | T45: 15 | U45: 5 | V45: 15 | W45: 4 | X45: 8 | Y45: 10 | Z45: 7 | AA45: 27 | AB45: 21 | AC45: 13 | AD45: 1 | AE45: 2 | AF45: 13 | AG45: 14 | AH45: 17 | AI45: 18 | AJ45: 12 | AK45: 14 | AL45: 30 | AM45: 18 | AN45: 20 | AO45: 16 | AP45: 17 | AQ45: 0 | AR45: =SUM(E45:AQ45) -> 424
A46: A.2 | B46: 1 | C46: 1. Dr. Hj. NIHAYATUL WAFIROH, M.A. | E46: 6 | F46: 15 | G46: 17 | H46: 18 | I46: 10 | J46: 9 | K46: 42 | L46: 72 | M46: 57 | N46: 49 | O46: 53 | P46: 48 | Q46: 55 | R46: 18 | S46: 30 | T46: 96 | U46: 24 | V46: 13 | W46: 13 | X46: 15 | Y46: 31 | Z46: 43 | AA46: 41 | AB46: 31 | AC46: 24 | AD46: 6 | AE46: 7 | AF46: 21 | AG46: 21 | AH46: 33 | AI46: 36 | AJ46: 41 | AK46: 30 | AL46: 32 | AM46: 20 | AN46: 39 | AO46: 48 | AP46: 69 | AQ46: 8 | AR46: =SUM(E46:AQ46) -> 1241
B47: 2 | C47: 2. H. M. NASIM KHAN | E47: 3 | F47: 1 | G47: 3 | H47: 4 | I47: 2 | J47: 1 | K47: 5 | L47: 2 | M47: 4 | N47: 1 | O47: 8 | P47: 0 | Q47: 2 | R47: 3 | S47: 2 | T47: 3 | U47: 3 | V47: 4 | W47: 1 | X47: 0 | Y47: 3 | Z47: 8 | AA47: 6 | AB47: 8 | AC47: 17 | AD47: 3 | AE47: 4 | AF47: 0 | AG47: 25 | AH47: 4 | AI47: 10 | AJ47: 8 | AK47: 4 | AL47: 12 | AM47: 10 | AN47: 7 | AO47: 31 | AP47: 8 | AQ47: 0 | AR47: =SUM(E47:AQ47) -> 220
B48: 3 | C48: 3. Dr. H. AKIK ZAMAN, M.Pd.I. | E48: 0 | F48: 1 | G48: 0 | H48: 1 | I48: 0 | J48: 0 | K48: 0 | L48: 1 | M48: 3 | N48: 0 | O48: 0 | P48: 0 | Q48: 1 | R48: 0 | S48: 2 | T48: 1 | U48: 2 | V48: 0 | W48: 0 | X48: 1 | Y48: 1 | Z48: 1 | AA48: 0 | AB48: 0 | AC48: 1 | AD48: 0 | AE48: 0 | AF48: 1 | AG48: 3 | AH48: 0 | AI48: 1 | AJ48: 1 | AK48: 0 | AL48: 0 | AM48: 0 | AN48: 0 | AO48: 1 | AP48: 1 | AQ48: 0 | AR48: =SUM(E48:AQ48) -> 24
B49: 4 | C49: 4. AHMAD RIFA'I, S.H. | E49: 0 | F49: 0 | G49: 2 | H49: 0 | I49: 0 | J49: 0 | K49: 0 | L49: 0 | M49: 0 | N49: 0 | O49: 1 | P49: 0 | Q49: 0 | R49: 1 | S49: 0 | T49: 0 | U49: 0 | V49: 0 | W49: 1 | X49: 0 | Y49: 1 | Z49: 0 | AA49: 1 | AB49: 0 | AC49: 0 | AD49: 0 | AE49: 0 | AF49: 0 | AG49: 0 | AH49: 0 | AI49: 1 | AJ49: 1 | AK49: 0 | AL49: 0 | AM49: 1 | AN49: 1 | AO49: 1 | AP49: 0 | AQ49: 0 | AR49: =SUM(E49:AQ49) -> 12
B50: 5 | C50: 5. Drs. H. MAHFUD M.N. | E50: 2 | F50: 0 | G50: 0 | H50: 0 | I50: 0 | J50: 0 | K50: 0 | L50: 0 | M50: 0 | N50: 0 | O50: 0 | P50: 0 | Q50: 1 | R50: 0 | S50: 0 | T50: 0 | U50: 0 | V50: 1 | W50: 0 | X50: 1 | Y50: 0 | Z50: 0 | AA50: 0 | AB50: 0 | AC50: 0 | AD50: 0 | AE50: 1 | AF50: 0 | AG50: 1 | AH50: 1 | AI50: 2 | AJ50: 2 | AK50: 0 | AL50: 2 | AM50: 2 | AN50: 0 | AO50: 0 | AP50: 0 | AQ50: 0 | AR50: =SUM(E50:AQ50) -> 16
B51: 6 | C51: 6. NURHAYATI, S.Pd. | E51: 0 | F51: 0 | G51: 0 | H51: 0 | I51: 0 | J51: 0 | K51: 0 | L51: 0 | M51: 0 | N51: 1 | O51: 0 | P51: 0 | Q51: 0 | R51: 0 | S51: 1 | T51: 1 | U51: 0 | V51: 0 | W51: 0 | X51: 1 | Y51: 1 | Z51: 0 | AA51: 0 | AB51: 0 | AC51: 0 | AD51: 0 | AE51: 0 | AF51: 0 | AG51: 0 | AH51: 0 | AI51: 0 | AJ51: 1 | AK51: 1 | AL51: 0 | AM51: 0 | AN51: 0 | AO51: 0 | AP51: 0 | AQ51: 0 | AR51: =SUM(E51:AQ51) -> 7
B52: 7 | C52: 7. MAFTUHA KISWAH | E52: 0 | F52: 0 | G52: 1 | H52: 0 | I52: 0 | J52: 0 | K52: 0 | L52: 1 | M52: 0 | N52: 1 | O52: 1 | P52: 0 | Q52: 0 | R52: 0 | S52: 1 | T52: 0 | U52: 1 | V52: 0 | W52: 0 | X52: 0 | Y52: 0 | Z52: 0 | AA52: 0 | AB52: 0 | AC52: 1 | AD52: 0 | AE52: 0 | AF52: 0 | AG52: 1 | AH52: 0 | AI52: 0 | AJ52: 0 | AK52: 0 | AL52: 0 | AM52: 1 | AN52: 0 | AO52: 0 | AP52: 1 | AQ52: 0 | AR52: =SUM(E52:AQ52) -> 10
A53: B | B53: JUMLAH SUARA SAH PARTAI POLITIK DAN CALON (A1 + A2) | E53: =SUM(E45:E52) -> 16 | F53: =SUM(F45:F52) -> 25 | G53: =SUM(G45:G52) -> 24 | H53: =SUM(H45:H52) -> 28 | I53: =SUM(I45:I52) -> 18 | J53: =SUM(J45:J52) -> 16 | K53: =SUM(K45:K52) -> 55 | L53: =SUM(L45:L52) -> 85 | ... AR53: =SUM(AR45:AR52) -> 1954
A55: A.1 | B55: 2. | C55: Partai Gerakan Indonesia Raya | E55: 16 | F55: 13 | G55: 16 | H55: 10 | I55: 10 | J55: 4 | K55: 18 | L55: 13 | M55: 8 | N55: 8 | O55: 10 | P55: 12 | Q55: 20 | R55: 14 | S55: 17 | T55: 3 | U55: 10 | V55: 7 | W55: 5 | X55: 13 | Y55: 7 | Z55: 5 | AA55: 7 | AB55: 9 | AC55: 5 | AD55: 2 | AE55: 11 | AF55: 4 | AG55: 7 | AH55: 9 | AI55: 8 | AJ55: 4 | AK55: 7 | AL55: 11 | AM55: 12 | AN55: 1 | AO55: 6 | AP55: 8 | AQ55: 5 | AR55: =SUM(E55:AQ55) -> 355
A56: A.2 | B56: 1 | C56: 1. SUMAIL ABDULLAH | E56: 23 | F56: 26 | G56: 20 | H56: 22 | I56: 16 | J56: 8 | K56: 18 | L56: 31 | M56: 28 | N56: 25 | O56: 16 | P56: 15 | Q56: 23 | R56: 24 | S56: 20 | T56: 13 | U56: 31 | V56: 23 | W56: 30 | X56: 15 | Y56: 21 | Z56: 6 | AA56: 6 | AB56: 23 | AC56: 5 | AD56: 4 | AE56: 6 | AF56: 4 | AG56: 3 | AH56: 9 | AI56: 6 | AJ56: 17 | AK56: 4 | AL56: 8 | AM56: 9 | AN56: 2 | AO56: 2 | AP56: 8 | AQ56: 5 | AR56: =SUM(E56:AQ56) -> 575
B57: 2 | C57: 2. MUHAMMAD ALI ADRIAN SALEH | E57: 2 | F57: 4 | G57: 1 | H57: 5 | I57: 2 | J57: 1 | K57: 3 | L57: 2 | M57: 1 | N57: 5 | O57: 3 | P57: 1 | Q57: 2 | R57: 2 | S57: 7 | T57: 1 | U57: 3 | V57: 0 | W57: 1 | X57: 5 | Y57: 2 | Z57: 6 | AA57: 2 | AB57: 3 | AC57: 2 | AD57: 7 | AE57: 2 | AF57: 0 | AG57: 2 | AH57: 3 | AI57: 2 | AJ57: 6 | AK57: 3 | AL57: 2 | AM57: 0 | AN57: 0 | AO57: 3 | AP57: 3 | AQ57: 2 | AR57: =SUM(E57:AQ57) -> 101
B58: 3 | C58: 3. DURROTUN NAFISAH | E58: 2 | F58: 0 | G58: 1 | H58: 0 | I58: 2 | J58: 0 | K58: 3 | L58: 0 | M58: 1 | N58: 0 | O58: 1 | P58: 1 | Q58: 3 | R58: 1 | S58: 0 | T58: 0 | U58: 1 | V58: 1 | W58: 0 | X58: 0 | Y58: 0 | Z58: 1 | AA58: 0 | AB58: 0 | AC58: 0 | AD58: 0 | AE58: 0 | AF58: 0 | AG58: 0 | AH58: 0 | AI58: 1 | AJ58: 1 | AK58: 0 | AL58: 0 | AM58: 0 | AN58: 0 | AO58: 0 | AP58: 0 | AQ58: 0 | AR58: =SUM(E58:AQ58) -> 20
B59: 4 | C59: 4. H. EKO SUSILO NURHIDAYAT | E59: 3 | F59: 3 | G59: 3 | H59: 3 | I59: 2 | J59: 0 | K59: 4 | L59: 2 | M59: 2 | N59: 2 | O59: 1 | P59: 1 | Q59: 3 | R59: 0 | S59: 3 | T59: 0 | U59: 4 | V59: 0 | W59: 1 | X59: 2 | Y59: 2 | Z59: 1 | AA59: 2 | AB59: 1 | AC59: 1 | AD59: 0 | AE59: 1 | AF59: 0 | AG59: 0 | AH59: 1 | AI59: 2 | AJ59: 0 | AK59: 0 | AL59: 0 | AM59: 0 | AN59: 1 | AO59: 0 | AP59: 0 | AQ59: 0 | AR59: =SUM(E59:AQ59) -> 51
B60: 5 | C60: 5. KARNADI HARIJANTO, S.S. | E60: 0 | F60: 2 | G60: 1 | H60: 1 | I60: 0 | J60: 0 | K60: 0 | L60: 1 | M60: 0 | N60: 0 | O60: 0 | P60: 0 | Q60: 0 | R60: 0 | S60: 1 | T60: 1 | U60: 3 | V60: 1 | W60: 0 | X60: 1 | Y60: 0 | Z60: 0 | AA60: 0 | AB60: 1 | AC60: 0 | AD60: 0 | AE60: 0 | AF60: 0 | AG60: 0 | AH60: 0 | AI60: 0 | AJ60: 0 | AK60: 0 | AL60: 1 | AM60: 0 | AN60: 0 | AO60: 0 | AP60: 0 | AQ60: 1 | AR60: =SUM(E60:AQ60) -> 15
B61: 6 | C61: 6. NURHAYATI | E61: 0 | F61: 1 | G61: 2 | H61: 2 | I61: 2 | J61: 0 | K61: 3 | L61: 1 | M61: 1 | N61: 1 | O61: 2 | P61: 0 | Q61: 1 | R61: 1 | S61: 1 | T61: 1 | U61: 1 | V61: 0 | W61: 1 | X61: 1 | Y61: 0 | Z61: 0 | AA61: 1 | AB61: 0 | AC61: 0 | AD61: 0 | AE61: 0 | AF61: 0 | AG61: 1 | AH61: 0 | AI61: 0 | AJ61: 0 | AK61: 0 | AL61: 1 | AM61: 1 | AN61: 1 | AO61: 0 | AP61: 1 | AQ61: 0 | AR61: =SUM(E61:AQ61) -> 28
B62: 7 | C62: 7. MASHUDI | E62: 1 | F62: 0 | G62: 0 | H62: 0 | I62: 0 | J62: 0 | K62: 2 | L62: 0 | M62: 0 | N62: 0 | O62: 1 | P62: 0 | Q62: 0 | R62: 0 | S62: 2 | T62: 0 | U62: 0 | V62: 0 | W62: 0 | X62: 1 | Y62: 0 | Z62: 0 | AA62: 0 | AB62: 0 | AC62: 0 | AD62: 0 | AE62: 0 | AF62: 0 | AG62: 0 | AH62: 0 | AI62: 1 | AJ62: 0 | AK62: 0 | AL62: 0 | AM62: 0 | AN62: 0 | AO62: 0 | AP62: 0 | AQ62: 0 | AR62: =SUM(E62:AQ62) -> 8
A63: B | B63: JUMLAH SUARA SAH PARTAI POLITIK DAN CALON (A1 + A2) | E63: =SUM(E55:E62) -> 47 | F63: =SUM(F55:F62) -> 49 | G63: =SUM(G55:G62) -> 44 | H63: =SUM(H55:H62) -> 43 | I63: =SUM(I55:I62) -> 34 | J63: =SUM(J55:J62) -> 13 | K63: =SUM(K55:K62) -> 51 | L63: =SUM(L55:L62) -> 50 | ... AR63: =SUM(AR55:AR62) -> 1153
A65: A.1 | B65: 3. | C65: Partai Demokrasi Indonesia Perjuangan | E65: 9 | F65: 8 | G65: 3 | H65: 5 | I65: 7 | J65: 3 | K65: 6 | L65: 0 | M65: 4 | N65: 6 | O65: 2 | P65: 1 | Q65: 1 | R65: 5 | S65: 5 | T65: 3 | U65: 5 | V65: 6 | W65: 2 | X65: 2 | Y65: 16 | Z65: 3 | AA65: 8 | AB65: 9 | AC65: 5 | AD65: 1 | AE65: 6 | AF65: 11 | AG65: 1 | AH65: 14 | AI65: 14 | AJ65: 8 | AK65: 10 | AL65: 5 | AM65: 15 | AN65: 11 | AO65: 10 | AP65: 6 | AQ65: 0 | AR65: =SUM(E65:AQ65) -> 236
A66: A.2 | B66: 1 | C66: 1. SONNY TRI DANAPARAMITA, S.H., M.H. | E66: 26 | F66: 8 | G66: 10 | H66: 4 | I66: 9 | J66: 2 | K66: 9 | L66: 12 | M66: 9 | N66: 3 | O66: 1 | P66: 5 | Q66: 4 | R66: 2 | S66: 8 | T66: 5 | U66: 4 | V66: 12 | W66: 3 | X66: 11 | Y66: 26 | Z66: 54 | AA66: 7 | AB66: 12 | AC66: 54 | AD66: 8 | AE66: 7 | AF66: 9 | AG66: 6 | AH66: 15 | AI66: 32 | AJ66: 21 | AK66: 13 | AL66: 28 | AM66: 26 | AN66: 14 | AO66: 10 | AP66: 16 | AQ66: 7 | AR66: =SUM(E66:AQ66) -> 512
B67: 2 | C67: 2. H. MOHAMAD GUNTUR ROMLI | E67: 2 | F67: 2 | G67: 11 | H67: 11 | I67: 17 | J67: 4 | K67: 2 | L67: 2 | M67: 6 | N67: 14 | O67: 27 | P67: 7 | Q67: 6 | R67: 5 | S67: 10 | T67: 0 | U67: 6 | V67: 7 | W67: 3 | X67: 8 | Y67: 16 | Z67: 24 | AA67: 17 | AB67: 23 | AC67: 24 | AD67: 22 | AE67: 4 | AF67: 23 | AG67: 16 | AH67: 32 | AI67: 13 | AJ67: 20 | AK67: 25 | AL67: 11 | AM67: 4 | AN67: 10 | AO67: 17 | AP67: 19 | AQ67: 3 | AR67: =SUM(E67:AQ67) -> 473
B68: 3 | C68: 3. INA AMMANIA | E68: 0 | F68: 2 | G68: 1 | H68: 1 | I68: 8 | J68: 3 | K68: 2 | L68: 2 | M68: 3 | N68: 3 | O68: 0 | P68: 0 | Q68: 0 | R68: 1 | S68: 2 | T68: 2 | U68: 3 | V68: 2 | W68: 1 | X68: 4 | Y68: 2 | Z68: 1 | AA68: 0 | AB68: 1 | AC68: 2 | AD68: 3 | AE68: 3 | AF68: 4 | AG68: 1 | AH68: 1 | AI68: 2 | AJ68: 2 | AK68: 2 | AL68: 5 | AM68: 1 | AN68: 1 | AO68: 1 | AP68: 0 | AQ68: 1 | AR68: =SUM(E68:AQ68) -> 73
B69: 4 | C69: 4. IRWAN BACHTIAR RACHMAT, M.Si. | E69: 1 | F69: 1 | G69: 0 | H69: 0 | I69: 1 | J69: 0 | K69: 0 | L69: 1 | M69: 0 | N69: 0 | O69: 3 | P69: 0 | Q69: 0 | R69: 0 | S69: 0 | T69: 0 | U69: 0 | V69: 1 | W69: 1 | X69: 1 | Y69: 2 | Z69: 2 | AA69: 0 | AB69: 2 | AC69: 0 | AD69: 0 | AE69: 0 | AF69: 0 | AG69: 0 | AH69: 1 | AI69: 0 | AJ69: 2 | AK69: 1 | AL69: 1 | AM69: 2 | AN69: 0 | AO69: 2 | AP69: 1 | AQ69: 0 | AR69: =SUM(E69:AQ69) -> 26
B70: 5 | C70: 5. LUCKY PERDANA | E70: 8 | F70: 7 | G70: 8 | H70: 14 | I70: 6 | J70: 3 | K70: 7 | L70: 1 | M70: 5 | N70: 1 | O70: 7 | P70: 3 | Q70: 3 | R70: 12 | S70: 8 | T70: 4 | U70: 1 | V70: 3 | W70: 2 | X70: 2 | Y70: 0 | Z70: 0 | AA70: 3 | AB70: 0 | AC70: 1 | AD70: 0 | AE70: 3 | AF70: 1 | AG70: 1 | AH70: 0 | AI70: 2 | AJ70: 2 | AK70: 1 | AL70: 1 | AM70: 3 | AN70: 2 | AO70: 1 | AP70: 0 | AQ70: 0 | AR70: =SUM(E70:AQ70) -> 126
B71: 6 | C71: 6. WIWIK PUJIYATI | E71: 0 | F71: 0 | G71: 0 | H71: 0 | I71: 0 | J71: 0 | K71: 0 | L71: 0 | M71: 0 | N71: 0 | O71: 0 | P71: 0 | Q71: 0 | R71: 0 | S71: 0 | T71: 0 | U71: 0 | V71: 1 | W71: 0 | X71: 0 | Y71: 0 | Z71: 0 | AA71: 1 | AB71: 0 | AC71: 1 | AD71: 0 | AE71: 0 | AF71: 0 | AG71: 0 | AH71: 0 | AI71: 0 | AJ71: 0 | AK71: 0 | AL71: 0 | AM71: 0 | AN71: 2 | AO71: 0 | AP71: 0 | AQ71: 0 | AR71: =SUM(E71:AQ71) -> 5
B72: 7 | C72: 7. CHANDRA ASTAN, S.T. | E72: 1 | F72: 0 | G72: 1 | H72: 2 | I72: 2 | J72: 0 | K72: 0 | L72: 0 | M72: 0 | N72: 0 | O72: 0 | P72: 0 | Q72: 0 | R72: 1 | S72: 0 | T72: 0 | U72: 0 | V72: 6 | W72: 5 | X72: 1 | Y72: 1 | Z72: 2 | AA72: 2 | AB72: 14 | AC72: 13 | AD72: 1 | AE72: 0 | AF72: 0 | AG72: 1 | AH72: 0 | AI72: 5 | AJ72: 12 | AK72: 3 | AL72: 1 | AM72: 3 | AN72: 37 | AO72: 0 | AP72: 2 | AQ72: 140 | AR72: =SUM(E72:AQ72) -> 256
A73: B | B73: JUMLAH SUARA SAH PARTAI POLITIK DAN CALON (A1 + A2) | E73: =SUM(E65:E72) -> 47 | F73: =SUM(F65:F72) -> 28 | G73: =SUM(G65:G72) -> 34 | H73: =SUM(H65:H72) -> 37 | I73: =SUM(I65:I72) -> 50 | J73: =SUM(J65:J72) -> 15 | K73: =SUM(K65:K72) -> 26 | L73: =SUM(L65:L72) -> 18 | ... AR73: =SUM(AR65:AR72) -> 1707
A75: A.1 | B75: 4. | C75: Partai Golongan Karya | E75: 16 | F75: 4 | G75: 1 | H75: 2 | I75: 8 | J75: 13 | K75: 3 | L75: 1 | M75: 2 | N75: 1 | O75: 2 | P75: 4 | Q75: 7 | R75: 12 | S75: 4 | T75: 17 | U75: 8 | V75: 16 | W75: 1 | X75: 16 | Y75: 0 | Z75: 0 | AA75: 9 | AB75: 4 | AC75: 6 | AD75: 1 | AE75: 6 | AF75: 1 | AG75: 6 | AH75: 5 | AI75: 9 | AJ75: 7 | AK75: 5 | AL75: 1 | AM75: 0 | AN75: 2 | AO75: 3 | AP75: 0 | AQ75: 0 | AR75: =SUM(E75:AQ75) -> 203
A76: A.2 | B76: 1 | C76: 1. ZULFIKAR ARSE SADIKIN, S.I.P., M.Si. | E76: 11 | F76: 4 | G76: 6 | H76: 5 | I76: 16 | J76: 93 | K76: 2 | L76: 2 | M76: 4 | N76: 1 | O76: 7 | P76: 0 | Q76: 4 | R76: 55 | S76: 4 | T76: 30 | U76: 17 | V76: 104 | W76: 79 | X76: 25 | Y76: 0 | Z76: 4 | AA76: 13 | AB76: 21 | AC76: 4 | AD76: 1 | AE76: 4 | AF76: 5 | AG76: 35 | AH76: 14 | AI76: 29 | AJ76: 11 | AK76: 9 | AL76: 10 | AM76: 8 | AN76: 41 | AO76: 1 | AP76: 5 | AQ76: 1 | AR76: =SUM(E76:AQ76) -> 685
B77: 2 | C77: 2. HANDOKO | E77: 3 | F77: 1 | G77: 0 | H77: 6 | I77: 11 | J77: 1 | K77: 1 | L77: 0 | M77: 1 | N77: 0 | O77: 1 | P77: 0 | Q77: 2 | R77: 2 | S77: 5 | T77: 3 | U77: 3 | V77: 0 | W77: 4 | X77: 0 | Y77: 2 | Z77: 0 | AA77: 1 | AB77: 4 | AC77: 1 | AD77: 1 | AE77: 8 | AF77: 0 | AG77: 2 | AH77: 3 | AI77: 5 | AJ77: 3 | AK77: 7 | AL77: 0 | AM77: 4 | AN77: 1 | AO77: 0 | AP77: 1 | AQ77: 0 | AR77: =SUM(E77:AQ77) -> 87
B78: 3 | C78: 3. Hj. OVI DEWI YANTI | E78: 0 | F78: 1 | G78: 0 | H78: 1 | I78: 1 | J78: 2 | K78: 1 | L78: 0 | M78: 0 | N78: 0 | O78: 0 | P78: 0 | Q78: 1 | R78: 1 | S78: 1 | T78: 1 | U78: 1 | V78: 0 | W78: 0 | X78: 2 | Y78: 1 | Z78: 0 | AA78: 0 | AB78: 2 | AC78: 2 | AD78: 0 | AE78: 1 | AF78: 0 | AG78: 0 | AH78: 0 | AI78: 1 | AJ78: 0 | AK78: 0 | AL78: 0 | AM78: 2 | AN78: 0 | AO78: 0 | AP78: 0 | AQ78: 0 | AR78: =SUM(E78:AQ78) -> 22
B79: 4 | C79: 4. Ir. AZAM AZMAN NATAWIJANA | E79: 3 | F79: 2 | G79: 1 | H79: 0 | I79: 1 | J79: 2 | K79: 1 | L79: 7 | M79: 0 | N79: 1 | O79: 1 | P79: 0 | Q79: 0 | R79: 1 | S79: 0 | T79: 0 | U79: 0 | V79: 0 | W79: 0 | X79: 0 | Y79: 0 | Z79: 0 | AA79: 1 | AB79: 0 | AC79: 0 | AD79: 0 | AE79: 0 | AF79: 0 | AG79: 0 | AH79: 0 | AI79: 0 | AJ79: 1 | AK79: 0 | AL79: 0 | AM79: 0 | AN79: 0 | AO79: 1 | AP79: 0 | AQ79: 0 | AR79: =SUM(E79:AQ79) -> 23
B80: 5 | C80: 5. UBAIDILLAH AMIN, S.Kom. | E80: 30 | F80: 0 | G80: 0 | H80: 1 | I80: 0 | J80: 0 | K80: 1 | L80: 2 | M80: 0 | N80: 0 | O80: 1 | P80: 1 | Q80: 0 | R80: 0 | S80: 3 | T80: 1 | U80: 2 | V80: 1 | W80: 1 | X80: 1 | Y80: 0 | Z80: 1 | AA80: 1 | AB80: 1 | AC80: 0 | AD80: 1 | AE80: 0 | AF80: 1 | AG80: 2 | AH80: 15 | AI80: 0 | AJ80: 0 | AK80: 0 | AL80: 0 | AM80: 0 | AN80: 0 | AO80: 0 | AP80: 0 | AQ80: 0 | AR80: =SUM(E80:AQ80) -> 67
B81: 6 | C81: 6. DENNY YUNIANDARI, S.H., M.Kn. | E81: 1 | F81: 0 | G81: 0 | H81: 1 | I81: 0 | J81: 0 | K81: 0 | L81: 0 | M81: 0 | N81: 0 | O81: 0 | P81: 0 | Q81: 0 | R81: 0 | S81: 0 | T81: 1 | U81: 0 | V81: 0 | W81: 1 | X81: 0 | Y81: 0 | Z81: 0 | AA81: 0 | AB81: 0 | AC81: 1 | AD81: 0 | AE81: 0 | AF81: 0 | AG81: 0 | AH81: 0 | AI81: 0 | AJ81: 0 | AK81: 0 | AL81: 0 | AM81: 0 | AN81: 0 | AO81: 0 | AP81: 0 | AQ81: 0 | AR81: =SUM(E81:AQ81) -> 5
B82: 7 | C82: 7. ERNADI, S.H.I. | E82: 0 | F82: 0 | G82: 0 | H82: 0 | I82: 0 | J82: 0 | K82: 0 | L82: 0 | M82: 0 | N82: 0 | O82: 0 | P82: 0 | Q82: 0 | R82: 0 | S82: 0 | T82: 0 | U82: 0 | V82: 0 | W82: 0 | X82: 1 | Y82: 0 | Z82: 0 | AA82: 0 | AB82: 0 | AC82: 0 | AD82: 0 | AE82: 0 | AF82: 0 | AG82: 0 | AH82: 0 | AI82: 0 | AJ82: 0 | AK82: 0 | AL82: 1 | AM82: 0 | AN82: 0 | AO82: 0 | AP82: 0 | AQ82: 0 | AR82: =SUM(E82:AQ82) -> 2
A83: B | B83: JUMLAH SUARA SAH PARTAI POLITIK DAN CALON (A1 + A2) | E83: =SUM(E75:E82) -> 64 | F83: =SUM(F75:F82) -> 12 | G83: =SUM(G75:G82) -> 8 | H83: =SUM(H75:H82) -> 16 | I83: =SUM(I75:I82) -> 37 | J83: =SUM(J75:J82) -> 111 | K83: =SUM(K75:K82) -> 9 | L83: =SUM(L75:L82) -> 12 | ... AR83: =SUM(AR75:AR82) -> 1094
A85: A.1 | B85: 5. | C85: Partai NasDem | E85: 3 | F85: 1 | G85: 1 | H85: 0 | I85: 4 | J85: 1 | K85: 1 | L85: 1 | M85: 2 | N85: 1 | O85: 1 | P85: 1 | Q85: 5 | R85: 2 | S85: 5 | T85: 4 | U85: 1 | V85: 2 | W85: 6 | X85: 2 | Y85: 5 | Z85: 3 | AA85: 3 | AB85: 3 | AC85: 3 | AD85: 5 | AE85: 1 | AF85: 1 | AG85: 2 | AH85: 1 | AI85: 1 | AJ85: 0 | AK85: 4 | AL85: 0 | AM85: 2 | AN85: 1 | AO85: 1 | AP85: 4 | AQ85: 0 | AR85: =SUM(E85:AQ85) -> 84
A86: A.2 | B86: 1 | C86: 1. ACH. FADIL MUZAKKI SYAH | E86: 1 | F86: 13 | G86: 1 | H86: 2 | I86: 1 | J86: 1 | K86: 11 | L86: 13 | M86: 4 | N86: 3 | O86: 10 | P86: 10 | Q86: 4 | R86: 1 | S86: 7 | T86: 2 | U86: 8 | V86: 4 | W86: 7 | X86: 20 | Y86: 20 | Z86: 15 | AA86: 3 | AB86: 23 | AC86: 21 | AD86: 20 | AE86: 12 | AF86: 10 | AG86: 4 | AH86: 1 | AI86: 4 | AJ86: 0 | AK86: 26 | AL86: 8 | AM86: 2 | AN86: 4 | AO86: 2 | AP86: 13 | AQ86: 1 | AR86: =SUM(E86:AQ86) -> 312
B87: 2 | C87: 2. BENY | E87: 0 | F87: 0 | G87: 0 | H87: 2 | I87: 0 | J87: 0 | K87: 1 | L87: 0 | M87: 0 | N87: 0 | O87: 17 | P87: 0 | Q87: 0 | R87: 0 | S87: 7 | T87: 1 | U87: 0 | V87: 0 | W87: 7 | X87: 1 | Y87: 0 | Z87: 2 | AA87: 7 | AB87: 0 | AC87: 1 | AD87: 4 | AE87: 5 | AF87: 1 | AG87: 0 | AH87: 0 | AI87: 4 | AJ87: 0 | AK87: 1 | AL87: 0 | AM87: 0 | AN87: 0 | AO87: 0 | AP87: 4 | AQ87: 0 | AR87: =SUM(E87:AQ87) -> 65
B88: 3 | C88: 3. VINA VERONIKA | E88: 0 | F88: 0 | G88: 0 | H88: 0 | I88: 3 | J88: 1 | K88: 0 | L88: 0 | M88: 0 | N88: 0 | O88: 0 | P88: 0 | Q88: 0 | R88: 0 | S88: 0 | T88: 1 | U88: 0 | V88: 1 | W88: 0 | X88: 0 | Y88: 1 | Z88: 0 | AA88: 0 | AB88: 1 | AC88: 0 | AD88: 0 | AE88: 0 | AF88: 0 | AG88: 0 | AH88: 0 | AI88: 0 | AJ88: 0 | AK88: 0 | AL88: 0 | AM88: 0 | AN88: 0 | AO88: 0 | AP88: 0 | AQ88: 0 | AR88: =SUM(E88:AQ88) -> 8
B89: 4 | C89: 4. TEDDY ANUGRIANTO | E89: 0 | F89: 0 | G89: 0 | H89: 0 | I89: 0 | J89: 0 | K89: 0 | L89: 0 | M89: 0 | N89: 0 | O89: 0 | P89: 0 | Q89: 1 | R89: 0 | S89: 0 | T89: 0 | U89: 0 | V89: 0 | W89: 1 | X89: 0 | Y89: 0 | Z89: 0 | AA89: 0 | AB89: 0 | AC89: 0 | AD89: 0 | AE89: 0 | AF89: 0 | AG89: 0 | AH89: 1 | AI89: 0 | AJ89: 0 | AK89: 0 | AL89: 0 | AM89: 0 | AN89: 0 | AO89: 0 | AP89: 0 | AQ89: 0 | AR89: =SUM(E89:AQ89) -> 3
B90: 5 | C90: 5. INSAN KAMIL | E90: 6 | F90: 0 | G90: 0 | H90: 1 | I90: 0 | J90: 2 | K90: 0 | L90: 0 | M90: 0 | N90: 0 | O90: 0 | P90: 1 | Q90: 0 | R90: 0 | S90: 0 | T90: 0 | U90: 0 | V90: 0 | W90: 0 | X90: 0 | Y90: 0 | Z90: 0 | AA90: 0 | AB90: 0 | AC90: 1 | AD90: 0 | AE90: 0 | AF90: 0 | AG90: 0 | AH90: 0 | AI90: 1 | AJ90: 0 | AK90: 2 | AL90: 0 | AM90: 0 | AN90: 0 | AO90: 0 | AP90: 1 | AQ90: 0 | AR90: =SUM(E90:AQ90) -> 15
B91: 6 | C91: 6. LILIK LINDARWATI | E91: 0 | F91: 2 | G91: 0 | H91: 0 | I91: 0 | J91: 1 | K91: 0 | L91: 0 | M91: 0 | N91: 0 | O91: 0 | P91: 0 | Q91: 0 | R91: 0 | S91: 0 | T91: 3 | U91: 1 | V91: 0 | W91: 0 | X91: 0 | Y91: 1 | Z91: 0 | AA91: 1 | AB91: 1 | AC91: 0 | AD91: 2 | AE91: 0 | AF91: 0 | AG91: 0 | AH91: 1 | AI91: 1 | AJ91: 0 | AK91: 0 | AL91: 0 | AM91: 1 | AN91: 0 | AO91: 0 | AP91: 1 | AQ91: 0 | AR91: =SUM(E91:AQ91) -> 16
B92: 7 | C92: 7. YULI ANITA | E92: 0 | F92: 1 | G92: 0 | H92: 0 | I92: 0 | J92: 0 | K92: 0 | L92: 0 | M92: 0 | N92: 2 | O92: 0 | P92: 0 | Q92: 3 | R92: 0 | S92: 0 | T92: 2 | U92: 0 | V92: 0 | W92: 0 | X92: 0 | Y92: 0 | Z92: 0 | AA92: 0 | AB92: 0 | AC92: 0 | AD92: 0 | AE92: 0 | AF92: 0 | AG92: 0 | AH92: 0 | AI92: 0 | AJ92: 0 | AK92: 0 | AL92: 0 | AM92: 0 | AN92: 0 | AO92: 0 | AP92: 0 | AQ92: 0 | AR92: =SUM(E92:AQ92) -> 8
A93: B | B93: JUMLAH SUARA SAH PARTAI POLITIK DAN CALON (A1 + A2) | E93: =SUM(E85:E92) -> 10 | F93: =SUM(F85:F92) -> 17 | G93: =SUM(G85:G92) -> 2 | H93: =SUM(H85:H92) -> 5 | I93: =SUM(I85:I92) -> 8 | J93: =SUM(J85:J92) -> 6 | K93: =SUM(K85:K92) -> 13 | L93: =SUM(L85:L92) -> 14 | ... AR93: =SUM(AR85:AR92) -> 511
A95: A.1 | B95: 6. | C95: Partai Buruh | E95: 0 | F95: 2 | G95: 0 | H95: 0 | I95: 0 | J95: 2 | K95: 2 | L95: 1 | M95: 0 | N95: 0 | O95: 0 | P95: 0 | Q95: 1 | R95: 1 | S95: 8 | T95: 0 | U95: 2 | V95: 0 | W95: 0 | X95: 4 | Y95: 0 | Z95: 0 | AA95: 4 | AB95: 1 | AC95: 0 | AD95: 1 | AE95: 0 | AF95: 1 | AG95: 0 | AH95: 0 | AI95: 0 | AJ95: 0 | AK95: 0 | AL95: 1 | AM95: 0 | AN95: 0 | AO95: 0 | AP95: 1 | AQ95: 0 | AR95: =SUM(E95:AQ95) -> 32
A96: A.2 | B96: 1 | C96: 1. KHOIRUL ANAM | E96: 0 | F96: 0 | G96: 0 | H96: 2 | I96: 0 | J96: 0 | K96: 0 | L96: 0 | M96: 0 | N96: 0 | O96: 0 | P96: 0 | Q96: 0 | R96: 0 | S96: 0 | T96: 0 | U96: 1 | V96: 0 | W96: 0 | X96: 1 | Y96: 1 | Z96: 0 | AA96: 0 | AB96: 0 | AC96: 0 | AD96: 0 | AE96: 0 | AF96: 0 | AG96: 0 | AH96: 0 | AI96: 0 | AJ96: 0 | AK96: 0 | AL96: 1 | AM96: 0 | AN96: 0 | AO96: 0 | AP96: 1 | AQ96: 0 | AR96: =SUM(E96:AQ96) -> 7
B97: 2 | C97: 2. INA KURNIA | E97: 0 | F97: 0 | G97: 0 | H97: 0 | I97: 0 | J97: 0 | K97: 0 | L97: 1 | M97: 0 | N97: 0 | O97: 0 | P97: 0 | Q97: 0 | R97: 0 | S97: 0 | T97: 0 | U97: 1 | V97: 0 | W97: 0 | X97: 1 | Y97: 0 | Z97: 0 | AA97: 0 | AB97: 0 | AC97: 0 | AD97: 0 | AE97: 1 | AF97: 0 | AG97: 0 | AH97: 0 | AI97: 0 | AJ97: 0 | AK97: 0 | AL97: 1 | AM97: 1 | AN97: 1 | AO97: 0 | AP97: 1 | AQ97: 0 | AR97: =SUM(E97:AQ97) -> 8
B98: 3 | C98: 3. JIBRAL TAROUK | E98: 0 | F98: 0 | G98: 0 | H98: 0 | I98: 0 | J98: 0 | K98: 1 | L98: 0 | M98: 0 | N98: 1 | O98: 0 | P98: 1 | Q98: 0 | R98: 0 | S98: 0 | T98: 0 | U98: 0 | V98: 0 | W98: 0 | X98: 0 | Y98: 0 | Z98: 0 | AA98: 0 | AB98: 0 | AC98: 0 | AD98: 0 | AE98: 0 | AF98: 0 | AG98: 0 | AH98: 0 | AI98: 0 | AJ98: 0 | AK98: 0 | AL98: 0 | AM98: 1 | AN98: 0 | AO98: 0 | AP98: 0 | AQ98: 0 | AR98: =SUM(E98:AQ98) -> 4
B99: 4 | C99: 4. ASTUTI DAENG PUJI | E99: 0 | F99: 0 | G99: 0 | H99: 0 | I99: 0 | J99: 0 | K99: 0 | L99: 1 | M99: 0 | N99: 0 | O99: 0 | P99: 0 | Q99: 0 | R99: 0 | S99: 0 | T99: 0 | U99: 0 | V99: 0 | W99: 0 | X99: 0 | Y99: 0 | Z99: 0 | AA99: 0 | AB99: 0 | AC99: 0 | AD99: 0 | AE99: 0 | AF99: 0 | AG99: 0 | AH99: 0 | AI99: 0 | AJ99: 0 | AK99: 0 | AL99: 0 | AM99: 0 | AN99: 0 | AO99: 0 | AP99: 0 | AQ99: 0 | AR99: =SUM(E99:AQ99) -> 1
B100: 5 | C100: 5. ASDARMAWAN | E100: 0 | F100: 0 | G100: 0 | H100: 0 | I100: 0 | J100: 0 | K100: 0 | L100: 0 | M100: 0 | N100: 0 | O100: 0 | P100: 0 | Q100: 0 | R100: 0 | S100: 0 | T100: 0 | U100: 0 | V100: 0 | W100: 0 | X100: 0 | Y100: 0 | Z100: 0 | AA100: 0 | AB100: 0 | AC100: 0 | AD100: 0 | AE100: 0 | AF100: 0 | AG100: 0 | AH100: 0 | AI100: 0 | AJ100: 0 | AK100: 0 | AL100: 0 | AM100: 0 | AN100: 0 | AO100: 0 | AP100: 0 | AQ100: 0 | AR100: =SUM(E100:AQ100) -> 0
B101: 6 | C101: 6. RIFQI MUBAROK | E101: 0 | F101: 0 | G101: 0 | H101: 0 | I101: 0 | J101: 0 | K101: 0 | L101: 0 | M101: 0 | N101: 0 | O101: 0 | P101: 0 | Q101: 0 | R101: 1 | S101: 0 | T101: 0 | U101: 0 | V101: 0 | W101: 0 | X101: 1 | Y101: 0 | Z101: 0 | AA101: 0 | AB101: 0 | AC101: 0 | AD101: 0 | AE101: 0 | AF101: 0 | AG101: 1 | AH101: 0 | AI101: 0 | AJ101: 0 | AK101: 0 | AL101: 1 | AM101: 0 | AN101: 0 | AO101: 0 | AP101: 0 | AQ101: 0 | AR101: =SUM(E101:AQ101) -> 4
B102: 7 | C102: 7. FIRNANDA ALTA MEGA | E102: 1 | F102: 0 | G102: 0 | H102: 0 | I102: 0 | J102: 0 | K102: 0 | L102: 0 | M102: 0 | N102: 0 | O102: 0 | P102: 0 | Q102: 0 | R102: 0 | S102: 0 | T102: 0 | U102: 0 | V102: 0 | W102: 0 | X102: 0 | Y102: 0 | Z102: 0 | AA102: 0 | AB102: 0 | AC102: 0 | AD102: 0 | AE102: 0 | AF102: 0 | AG102: 0 | AH102: 0 | AI102: 0 | AJ102: 1 | AK102: 0 | AL102: 0 | AM102: 0 | AN102: 0 | AO102: 0 | AP102: 0 | AQ102: 0 | AR102: =SUM(E102:AQ102) -> 2
A103: B | B103: JUMLAH SUARA SAH PARTAI POLITIK DAN CALON (A1 + A2) | E103: =SUM(E95:E102) -> 1 | F103: =SUM(F95:F102) -> 2 | G103: =SUM(G95:G102) -> 0 | H103: =SUM(H95:H102) -> 2 | I103: =SUM(I95:I102) -> 0 | J103: =SUM(J95:J102) -> 2 | K103: =SUM(K95:K102) -> 3 | L103: =SUM(L95:L102) -> 3 | ... AR103: =SUM(AR95:AR102) -> 58
A105: A.1 | B105: 7. | C105: Partai Gelombang Rakyat Indonesia | E105: 0 | F105: 2 | G105: 0 | H105: 0 | I105: 0 | J105: 0 | K105: 1 | L105: 1 | M105: 1 | N105: 0 | O105: 0 | P105: 0 | Q105: 3 | R105: 0 | S105: 1 | T105: 1 | U105: 0 | V105: 0 | W105: 0 | X105: 0 | Y105: 0 | Z105: 1 | AA105: 0 | AB105: 1 | AC105: 0 | AD105: 0 | AE105: 1 | AF105: 0 | AG105: 0 | AH105: 2 | AI105: 0 | AJ105: 1 | AK105: 0 | AL105: 0 | AM105: 1 | AN105: 6 | AO105: 3 | AP105: 1 | AQ105: 2 | AR105: =SUM(E105:AQ105) -> 29
A106: A.2 | B106: 1 | C106: 1. TITI WIDORETNO WARISMAN | E106: 0 | F106: 0 | G106: 0 | H106: 0 | I106: 0 | J106: 0 | K106: 0 | L106: 2 | M106: 1 | N106: 0 | O106: 0 | P106: 0 | Q106: 1 | R106: 0 | S106: 0 | T106: 0 | U106: 0 | V106: 0 | W106: 0 | X106: 0 | Y106: 0 | Z106: 1 | AA106: 0 | AB106: 0 | AC106: 0 | AD106: 0 | AE106: 0 | AF106: 0 | AG106: 0 | AH106: 0 | AI106: 0 | AJ106: 0 | AK106: 0 | AL106: 3 | AM106: 1 | AN106: 1 | AO106: 1 | AP106: 0 | AQ106: 1 | AR106: =SUM(E106:AQ106) -> 12
B107: 2 | C107: 2. MAMIEK SETYANINGSIH | E107: 0 | F107: 0 | G107: 0 | H107: 0 | I107: 0 | J107: 0 | K107: 0 | L107: 1 | M107: 0 | N107: 0 | O107: 0 | P107: 0 | Q107: 0 | R107: 1 | S107: 0 | T107: 0 | U107: 0 | V107: 1 | W107: 0 | X107: 0 | Y107: 0 | Z107: 0 | AA107: 0 | AB107: 0 | AC107: 0 | AD107: 0 | AE107: 0 | AF107: 0 | AG107: 0 | AH107: 0 | AI107: 2 | AJ107: 0 | AK107: 0 | AL107: 0 | AM107: 0 | AN107: 0 | AO107: 0 | AP107: 0 | AQ107: 0 | AR107: =SUM(E107:AQ107) -> 5
B108: 3 | C108: 3. ROMIL AZIZEN | E108: 0 | F108: 0 | G108: 0 | H108: 0 | I108: 0 | J108: 0 | K108: 0 | L108: 0 | M108: 0 | N108: 0 | O108: 0 | P108: 0 | Q108: 0 | R108: 0 | S108: 0 | T108: 0 | U108: 0 | V108: 0 | W108: 0 | X108: 0 | Y108: 0 | Z108: 0 | AA108: 0 | AB108: 0 | AC108: 0 | AD108: 0 | AE108: 0 | AF108: 0 | AG108: 0 | AH108: 1 | AI108: 0 | AJ108: 0 | AK108: 0 | AL108: 0 | AM108: 0 | AN108: 1 | AO108: 0 | AP108: 0 | AQ108: 0 | AR108: =SUM(E108:AQ108) -> 2
A109: B | B109: JUMLAH SUARA SAH PARTAI POLITIK DAN CALON (A1 + A2) | E109: =SUM(E105:E108) -> 0 | F109: =SUM(F105:F108) -> 2 | G109: =SUM(G105:G108) -> 0 | H109: =SUM(H105:H108) -> 0 | I109: =SUM(I105:I108) -> 0 | J109: =SUM(J105:J108) -> 0 | K109: =SUM(K105:K108) -> 1 | L109: =SUM(L105:L108) -> 4 | ... AR109: =SUM(AR105:AR108) -> 48
A111: A.1 | B111: 8. | C111: Partai Keadilan Sejahtera | E111: 0 | F111: 1 | G111: 2 | H111: 2 | I111: 6 | J111: 1 | K111: 0 | L111: 1 | M111: 0 | N111: 0 | O111: 0 | P111: 1 | Q111: 1 | R111: 1 | S111: 1 | T111: 0 | U111: 2 | V111: 0 | W111: 0 | X111: 1 | Y111: 2 | Z111: 0 | AA111: 2 | AB111: 0 | AC111: 1 | AD111: 0 | AE111: 1 | AF111: 2 | AG111: 0 | AH111: 0 | AI111: 2 | AJ111: 0 | AK111: 0 | AL111: 1 | AM111: 8 | AN111: 9 | AO111: 6 | AP111: 1 | AQ111: 0 | AR111: =SUM(E111:AQ111) -> 55
A112: A.2 | B112: 1 | C112: 1. H. SAIMI SALEH, S.E., M.M. | E112: 7 | F112: 1 | G112: 3 | H112: 1 | I112: 5 | J112: 2 | K112: 1 | L112: 1 | M112: 0 | N112: 3 | O112: 0 | P112: 1 | Q112: 3 | R112: 3 | S112: 1 | T112: 0 | U112: 2 | V112: 3 | W112: 4 | X112: 0 | Y112: 1 | Z112: 0 | AA112: 1 | AB112: 1 | AC112: 0 | AD112: 7 | AE112: 5 | AF112: 5 | AG112: 0 | AH112: 0 | AI112: 1 | AJ112: 0 | AK112: 5 | AL112: 1 | AM112: 8 | AN112: 9 | AO112: 12 | AP112: 4 | AQ112: 0 | AR112: =SUM(E112:AQ112) -> 101
B113: 2 | C113: 2. Prof. Dr. H. EGGI SUDJANA, S.H., M.Si. | E113: 1 | F113: 1 | G113: 3 | H113: 2 | I113: 0 | J113: 3 | K113: 2 | L113: 0 | M113: 0 | N113: 1 | O113: 2 | P113: 2 | Q113: 1 | R113: 3 | S113: 1 | T113: 0 | U113: 0 | V113: 0 | W113: 5 | X113: 2 | Y113: 0 | Z113: 0 | AA113: 0 | AB113: 0 | AC113: 0 | AD113: 1 | AE113: 2 | AF113: 0 | AG113: 0 | AH113: 0 | AI113: 0 | AJ113: 0 | AK113: 0 | AL113: 0 | AM113: 3 | AN113: 4 | AO113: 1 | AP113: 0 | AQ113: 0 | AR113: =SUM(E113:AQ113) -> 40
B114: 3 | C114: 3. NURUL KHOTIMAH | E114: 0 | F114: 0 | G114: 0 | H114: 0 | I114: 1 | J114: 2 | K114: 0 | L114: 0 | M114: 0 | N114: 0 | O114: 0 | P114: 0 | Q114: 1 | R114: 0 | S114: 0 | T114: 0 | U114: 0 | V114: 0 | W114: 0 | X114: 1 | Y114: 0 | Z114: 0 | AA114: 0 | AB114: 0 | AC114: 0 | AD114: 0 | AE114: 0 | AF114: 0 | AG114: 0 | AH114: 1 | AI114: 0 | AJ114: 0 | AK114: 0 | AL114: 0 | AM114: 2 | AN114: 0 | AO114: 1 | AP114: 0 | AQ114: 0 | AR114: =SUM(E114:AQ114) -> 9
B115: 4 | C115: 4. AKHMAD SUYANTO, S.T., M.T. | E115: 0 | F115: 0 | G115: 1 | H115: 0 | I115: 0 | J115: 1 | K115: 0 | L115: 0 | M115: 0 | N115: 1 | O115: 0 | P115: 0 | Q115: 0 | R115: 0 | S115: 0 | T115: 0 | U115: 0 | V115: 0 | W115: 0 | X115: 0 | Y115: 0 | Z115: 0 | AA115: 0 | AB115: 0 | AC115: 0 | AD115: 0 | AE115: 0 | AF115: 0 | AG115: 0 | AH115: 0 | AI115: 0 | AJ115: 1 | AK115: 0 | AL115: 0 | AM115: 0 | AN115: 0 | AO115: 0 | AP115: 0 | AQ115: 0 | AR115: =SUM(E115:AQ115) -> 4
B116: 5 | C116: 5. PUJIYATNI | E116: 0 | F116: 0 | G116: 0 | H116: 0 | I116: 0 | J116: 0 | K116: 0 | L116: 0 | M116: 0 | N116: 0 | O116: 0 | P116: 0 | Q116: 0 | R116: 0 | S116: 0 | T116: 0 | U116: 0 | V116: 0 | W116: 0 | X116: 0 | Y116: 0 | Z116: 0 | AA116: 0 | AB116: 0 | AC116: 0 | AD116: 0 | AE116: 0 | AF116: 0 | AG116: 0 | AH116: 0 | AI116: 0 | AJ116: 0 | AK116: 0 | AL116: 0 | AM116: 0 | AN116: 0 | AO116: 0 | AP116: 0 | AQ116: 0 | AR116: =SUM(E116:AQ116) -> 0
B117: 6 | C117: 6. HENI PURWATININGSIH | E117: 0 | F117: 0 | G117: 0 | H117: 0 | I117: 0 | J117: 0 | K117: 0 | L117: 0 | M117: 0 | N117: 0 | O117: 0 | P117: 0 | Q117: 0 | R117: 0 | S117: 0 | T117: 0 | U117: 0 | V117: 0 | W117: 0 | X117: 0 | Y117: 0 | Z117: 0 | AA117: 0 | AB117: 0 | AC117: 0 | AD117: 0 | AE117: 0 | AF117: 0 | AG117: 0 | AH117: 0 | AI117: 0 | AJ117: 0 | AK117: 0 | AL117: 0 | AM117: 0 | AN117: 0 | AO117: 0 | AP117: 0 | AQ117: 0 | AR117: =SUM(E117:AQ117) -> 0
B118: 7 | C118: 7. MUHADI | E118: 0 | F118: 0 | G118: 0 | H118: 0 | I118: 0 | J118: 0 | K118: 0 | L118: 0 | M118: 0 | N118: 0 | O118: 0 | P118: 0 | Q118: 0 | R118: 0 | S118: 0 | T118: 0 | U118: 0 | V118: 0 | W118: 0 | X118: 0 | Y118: 0 | Z118: 0 | AA118: 0 | AB118: 0 | AC118: 0 | AD118: 0 | AE118: 0 | AF118: 0 | AG118: 0 | AH118: 0 | AI118: 0 | AJ118: 0 | AK118: 0 | AL118: 0 | AM118: 0 | AN118: 0 | AO118: 0 | AP118: 0 | AQ118: 0 | AR118: =SUM(E118:AQ118) -> 0
...

Sheet KELIR
C2: Kecamatan | D2: WONGSOREJO
C3: Kabupaten | D3: BANYUWANGI
C4: Provinsi | D4: JAWA TIMUR
C9: Kelurahan | D9: KELIR
A12: I | B12: DATA PEMILIH DAN PENGGUNAAN HAK PILIH | W12: JUMLAH AKHIR
A13: A | B13: DATA PEMILIH | E13: TPS 001 | F13: TPS 002 | G13: TPS 003 | H13: TPS 004 | I13: TPS 005 | J13: TPS 006 | K13: TPS 007 | L13: TPS 008 | M13: TPS 009 | N13: TPS 010 | O13: TPS 011 | P13: TPS 012 | Q13: TPS 013 | R13: TPS 014 | S13: TPS 015 | T13: TPS 016 | U13: TPS 017 | V13: TPS 018
B14: Jumlah Pemilih dalam Daftar Pemilih Tetap (DPT) | D14: LK | E14: 124 | F14: 130 | G14: 115 | H14: 131 | I14: 128 | J14: 128 | K14: 73 | L14: 128 | M14: 117 | N14: 117 | O14: 93 | P14: 139 | Q14: 152 | R14: 142 | S14: 132 | T14: 122 | U14: 115 | V14: 117 | W14: =SUM(E14:V14) -> 2203
D15: PR | E15: 141 | F15: 140 | G15: 124 | H15: 131 | I15: 131 | J15: 141 | K15: 85 | L15: 136 | M15: 113 | N15: 133 | O15: 83 | P15: 148 | Q15: 136 | R15: 134 | S15: 139 | T15: 136 | U15: 122 | V15: 125 | W15: =SUM(E15:V15) -> 2298
D16: JML | E16: =SUM(E14:E15) -> 265 | F16: =SUM(F14:F15) -> 270 | G16: =SUM(G14:G15) -> 239 | H16: =SUM(H14:H15) -> 262 | I16: =SUM(I14:I15) -> 259 | J16: =SUM(J14:J15) -> 269 | K16: =SUM(K14:K15) -> 158 | L16: =SUM(L14:L15) -> 264 | ... V16: =SUM(V14:V15) -> 242 | W16: =SUM(E16:V16) -> 4501
A18: B | B18: PENGGUNA HAK PILIH
B19: 1. | C19: Jumlah pengguna hak pilih dalam Daftar Pemilih Tetap (DPT) | D19: LK | E19: 106 | F19: 108 | G19: 96 | H19: 104 | I19: 100 | J19: 106 | K19: 52 | L19: 112 | M19: 92 | N19: 96 | O19: 72 | P19: 108 | Q19: 117 | R19: 108 | S19: 109 | T19: 104 | U19: 100 | V19: 82 | W19: =SUM(E19:V19) -> 1772
D20: PR | E20: 119 | F20: 120 | G20: 108 | H20: 108 | I20: 106 | J20: 119 | K20: 70 | L20: 115 | M20: 101 | N20: 121 | O20: 63 | P20: 130 | Q20: 111 | R20: 119 | S20: 118 | T20: 117 | U20: 103 | V20: 93 | W20: =SUM(E20:V20) -> 1941
D21: JML | E21: =SUM(E19:E20) -> 225 | F21: =SUM(F19:F20) -> 228 | G21: =SUM(G19:G20) -> 204 | H21: =SUM(H19:H20) -> 212 | I21: =SUM(I19:I20) -> 206 | J21: =SUM(J19:J20) -> 225 | K21: =SUM(K19:K20) -> 122 | L21: =SUM(L19:L20) -> 227 | ... V21: =SUM(V19:V20) -> 175 | W21: =SUM(E21:V21) -> 3713
B22: 2. | C22: Jumlah pengguna hak pilih dalam Daftar Pemilih Tambahan (DPTb) | D22: LK | E22: 0 | F22: 0 | G22: 1 | H22: 0 | I22: 1 | J22: 0 | K22: 1 | L22: 1 | M22: 0 | N22: 0 | O22: 1 | P22: 0 | Q22: 0 | R22: 0 | S22: 1 | T22: 0 | U22: 1 | V22: 0 | W22: =SUM(E22:V22) -> 7
D23: PR | E23: 0 | F23: 1 | G23: 0 | H23: 1 | I23: 0 | J23: 1 | K23: 0 | L23: 0 | M23: 0 | N23: 2 | O23: 0 | P23: 1 | Q23: 0 | R23: 1 | S23: 0 | T23: 1 | U23: 2 | V23: 0 | W23: =SUM(E23:V23) -> 10
D24: JML | E24: =SUM(E22:E23) -> 0 | F24: =SUM(F22:F23) -> 1 | G24: =SUM(G22:G23) -> 1 | H24: =SUM(H22:H23) -> 1 | I24: =SUM(I22:I23) -> 1 | J24: =SUM(J22:J23) -> 1 | K24: =SUM(K22:K23) -> 1 | L24: =SUM(L22:L23) -> 1 | ... V24: =SUM(V22:V23) -> 0 | W24: =SUM(E24:V24) -> 17
B25: 3. | C25: Jumlah pengguna hak pilih dalam Daftar Pemilih Khusus (DPK) | D25: LK | E25: 1 | F25: 1 | G25: 1 | H25: 1 | I25: 0 | J25: 2 | K25: 4 | L25: 0 | M25: 0 | N25: 1 | O25: 2 | P25: 4 | Q25: 0 | R25: 0 | S25: 0 | T25: 0 | U25: 1 | V25: 7 | W25: =SUM(E25:V25) -> 25
D26: PR | E26: 2 | F26: 2 | G26: 1 | H26: 1 | I26: 1 | J26: 1 | K26: 3 | L26: 0 | M26: 0 | N26: 1 | O26: 2 | P26: 7 | Q26: 1 | R26: 0 | S26: 1 | T26: 2 | U26: 3 | V26: 6 | W26: =SUM(E26:V26) -> 34
D27: JML | E27: =SUM(E25:E26) -> 3 | F27: =SUM(F25:F26) -> 3 | G27: =SUM(G25:G26) -> 2 | H27: =SUM(H25:H26) -> 2 | I27: =SUM(I25:I26) -> 1 | J27: =SUM(J25:J26) -> 3 | K27: =SUM(K25:K26) -> 7 | L27: =SUM(L25:L26) -> 0 | ... V27: =SUM(V25:V26) -> 13 | W27: =SUM(E27:V27) -> 59
B28: 4. | C28: Jumlah Pengguna Hak Pilih (B.1+B.2+B.3) | D28: LK | E28: =SUM(E19,E22,E25) -> 107 | F28: =SUM(F19,F22,F25) -> 109 | G28: =SUM(G19,G22,G25) -> 98 | H28: =SUM(H19,H22,H25) -> 105 | I28: =SUM(I19,I22,I25) -> 101 | J28: =SUM(J19,J22,J25) -> 108 | K28: =SUM(K19,K22,K25) -> 57 | L28: =SUM(L19,L22,L25) -> 113 | ... V28: =SUM(V19,V22,V25) -> 89 | W28: =SUM(E28:V28) -> 1804
D29: PR | E29: =SUM(E20,E23,E26) -> 121 | F29: =SUM(F20,F23,F26) -> 123 | G29: =SUM(G20,G23,G26) -> 109 | H29: =SUM(H20,H23,H26) -> 110 | I29: =SUM(I20,I23,I26) -> 107 | J29: =SUM(J20,J23,J26) -> 121 | K29: =SUM(K20,K23,K26) -> 73 | L29: =SUM(L20,L23,L26) -> 115 | ... V29: =SUM(V20,V23,V26) -> 99 | W29: =SUM(E29:V29) -> 1985
D30: JML | E30: =SUM(E28:E29) -> 228 | F30: =SUM(F28:F29) -> 232 | G30: =SUM(G28:G29) -> 207 | H30: =SUM(H28:H29) -> 215 | I30: =SUM(I28:I29) -> 208 | J30: =SUM(J28:J29) -> 229 | K30: =SUM(K28:K29) -> 130 | L30: =SUM(L28:L29) -> 228 | ... V30: =SUM(V28:V29) -> 188 | W30: =SUM(E30:V30) -> 3789
A32: II | B32: DATA PENGGUNAAN SURAT SUARA
A33: 1 | B33: Jumlah surat suara yang diterima, termasuk surat suara cadangan 2,5% dari DPT | E33: 271 | F33: 276 | G33: 243 | H33: 268 | I33: 264 | J33: 275 | K33: 162 | L33: 270 | M33: 233 | N33: 255 | O33: 180 | P33: 293 | Q33: 294 | R33: 283 | S33: 277 | T33: 264 | U33: 241 | V33: 247 | W33: =SUM(E33:V33) -> 4596
A34: 2 | B34: Jumlah surat suara yang digunakan | E34: 228 | F34: 232 | G34: 207 | H34: 215 | I34: 208 | J34: 229 | K34: 130 | L34: 228 | M34: 193 | N34: 221 | O34: 140 | P34: 250 | Q34: 229 | R34: 228 | S34: 229 | T34: 224 | U34: 210 | V34: 188 | W34: =SUM(E34:V34) -> 3789
A35: 3 | B35: Jumlah surat suara dikembalikan oleh pemilih (karena rusak atau keliru coblos) | G35: 1 | O35: 1 | U35: 1 | V35: 1 | W35: =SUM(E35:V35) -> 4
A36: 4 | B36: Jumlah surat suara yang tidak digunakan/tidak terpakai, termasuk sisa surat suara cadangan | E36: =E33-(E34+E35) -> 43 | F36: =F33-(F34+F35) -> 44 | G36: =G33-(G34+G35) -> 35 | H36: =H33-(H34+H35) -> 53 | I36: =I33-(I34+I35) -> 56 | J36: =J33-(J34+J35) -> 46 | K36: =K33-(K34+K35) -> 32 | L36: =L33-(L34+L35) -> 42 | ... V36: =V33-(V34+V35) -> 58 | W36: =SUM(E36:V36) -> 803
A38: III | B38: DATA PEMILIH DISABILITAS
B39: Jumlah seluruh Pemilih disabilitas yang menggunakan hak pilih | D39: LK | O39: 1 | W39: =SUM(E39:V39) -> 1
D40: PR | V40: 1 | W40: =SUM(E40:V40) -> 1
D41: JML | E41: =SUM(E39:E40) -> 0 | F41: =SUM(F39:F40) -> 0 | G41: =SUM(G39:G40) -> 0 | H41: =SUM(H39:H40) -> 0 | I41: =SUM(I39:I40) -> 0 | J41: =SUM(J39:J40) -> 0 | K41: =SUM(K39:K40) -> 0 | L41: =SUM(L39:L40) -> 0 | ... V41: =SUM(V39:V40) -> 1 | W41: =SUM(E41:V41) -> 2
A43: IV | B43: DATA RINCIAN PEROLEHAN SUARA PASANGAN CALON BUPATI DAN WAKIL BUPATI
A44: NOMOR DAN NAMA CALON
A45: A.1 | B45: 1. | C45: Partai Kebangkitan Bangsa | E45: 12 | F45: 6 | G45: 9 | H45: 5 | I45: 5 | J45: 12 | K45: 6 | L45: 10 | M45: 14 | N45: 10 | O45: 4 | P45: 16 | Q45: 13 | R45: 10 | S45: 17 | T45: 6 | U45: 9 | V45: 2 | W45: =SUM(E45:V45) -> 166
A46: A.2 | B46: 1 | C46: 1. Dr. Hj. NIHAYATUL WAFIROH, M.A. | E46: 35 | F46: 29 | G46: 23 | H46: 24 | I46: 17 | J46: 17 | K46: 7 | L46: 23 | M46: 24 | N46: 45 | O46: 29 | P46: 55 | Q46: 62 | R46: 21 | S46: 31 | T46: 15 | U46: 35 | V46: 9 | W46: =SUM(E46:V46) -> 501
B47: 2 | C47: 2. H. M. NASIM KHAN | E47: 1 | F47: 3 | G47: 1 | H47: 5 | I47: 2 | J47: 0 | K47: 0 | L47: 1 | M47: 1 | N47: 0 | O47: 2 | P47: 1 | Q47: 0 | R47: 3 | S47: 4 | T47: 2 | U47: 1 | V47: 0 | W47: =SUM(E47:V47) -> 27
B48: 3 | C48: 3. Dr. H. AKIK ZAMAN, M.Pd.I. | E48: 1 | F48: 1 | G48: 0 | H48: 0 | I48: 3 | J48: 1 | K48: 0 | L48: 0 | M48: 1 | N48: 1 | O48: 0 | P48: 0 | Q48: 4 | R48: 0 | S48: 1 | T48: 0 | U48: 0 | V48: 0 | W48: =SUM(E48:V48) -> 13
B49: 4 | C49: 4. AHMAD RIFA'I, S.H. | E49: 0 | F49: 1 | G49: 0 | H49: 0 | I49: 0 | J49: 0 | K49: 0 | L49: 0 | M49: 0 | N49: 2 | O49: 0 | P49: 1 | Q49: 0 | R49: 0 | S49: 1 | T49: 0 | U49: 1 | V49: 1 | W49: =SUM(E49:V49) -> 7
B50: 5 | C50: 5. Drs. H. MAHFUD M.N. | E50: 0 | F50: 0 | G50: 0 | H50: 0 | I50: 2 | J50: 1 | K50: 1 | L50: 0 | M50: 1 | N50: 1 | O50: 1 | P50: 0 | Q50: 2 | R50: 0 | S50: 0 | T50: 1 | U50: 0 | V50: 0 | W50: =SUM(E50:V50) -> 10
B51: 6 | C51: 6. NURHAYATI, S.Pd. | E51: 0 | F51: 0 | G51: 0 | H51: 0 | I51: 0 | J51: 2 | K51: 0 | L51: 0 | M51: 0 | N51: 0 | O51: 1 | P51: 1 | Q51: 0 | R51: 0 | S51: 0 | T51: 0 | U51: 0 | V51: 0 | W51: =SUM(E51:V51) -> 4
B52: 7 | C52: 7. MAFTUHA KISWAH | E52: 0 | F52: 0 | G52: 0 | H52: 0 | I52: 1 | J52: 0 | K52: 0 | L52: 0 | M52: 0 | N52: 0 | O52: 0 | P52: 1 | Q52: 0 | R52: 0 | S52: 0 | T52: 1 | U52: 1 | V52: 0 | W52: =SUM(E52:V52) -> 4
A53: B | B53: JUMLAH SUARA SAH PARTAI POLITIK DAN CALON (A1 + A2) | E53: =SUM(E45:E52) -> 49 | F53: =SUM(F45:F52) -> 40 | G53: =SUM(G45:G52) -> 33 | H53: =SUM(H45:H52) -> 34 | I53: =SUM(I45:I52) -> 30 | J53: =SUM(J45:J52) -> 33 | K53: =SUM(K45:K52) -> 14 | L53: =SUM(L45:L52) -> 34 | ... W53: =SUM(W45:W52) -> 732
A55: A.1 | B55: 2. | C55: Partai Gerakan Indonesia Raya | E55: 11 | F55: 7 | G55: 8 | H55: 14 | I55: 7 | J55: 10 | K55: 10 | L55: 5 | M55: 9 | N55: 7 | O55: 2 | P55: 8 | Q55: 6 | R55: 9 | S55: 11 | T55: 12 | U55: 4 | V55: 4 | W55: =SUM(E55:V55) -> 144
A56: A.2 | B56: 1 | C56: 1. SUMAIL ABDULLAH | E56: 13 | F56: 14 | G56: 7 | H56: 26 | I56: 11 | J56: 7 | K56: 6 | L56: 2 | M56: 22 | N56: 8 | O56: 6 | P56: 6 | Q56: 5 | R56: 10 | S56: 9 | T56: 17 | U56: 5 | V56: 5 | W56: =SUM(E56:V56) -> 179
B57: 2 | C57: 2. MUHAMMAD ALI ADRIAN SALEH | E57: 3 | F57: 2 | G57: 1 | H57: 4 | I57: 1 | J57: 0 | K57: 2 | L57: 1 | M57: 1 | N57: 0 | O57: 2 | P57: 2 | Q57: 1 | R57: 6 | S57: 1 | T57: 2 | U57: 1 | V57: 1 | W57: =SUM(E57:V57) -> 31
B58: 3 | C58: 3. DURROTUN NAFISAH | E58: 12 | F58: 6 | G58: 1 | H58: 1 | I58: 1 | J58: 0 | K58: 1 | L58: 1 | M58: 0 | N58: 1 | O58: 0 | P58: 0 | Q58: 0 | R58: 1 | S58: 0 | T58: 0 | U58: 0 | V58: 0 | W58: =SUM(E58:V58) -> 25
B59: 4 | C59: 4. H. EKO SUSILO NURHIDAYAT | E59: 0 | F59: 0 | G59: 0 | H59: 0 | I59: 0 | J59: 0 | K59: 0 | L59: 0 | M59: 1 | N59: 1 | O59: 0 | P59: 0 | Q59: 1 | R59: 2 | S59: 2 | T59: 2 | U59: 1 | V59: 1 | W59: =SUM(E59:V59) -> 11
B60: 5 | C60: 5. KARNADI HARIJANTO, S.S. | E60: 0 | F60: 0 | G60: 0 | H60: 1 | I60: 0 | J60: 0 | K60: 0 | L60: 0 | M60: 0 | N60: 0 | O60: 0 | P60: 0 | Q60: 0 | R60: 1 | S60: 1 | T60: 0 | U60: 0 | V60: 1 | W60: =SUM(E60:V60) -> 4
B61: 6 | C61: 6. NURHAYATI | E61: 1 | F61: 0 | G61: 0 | H61: 1 | I61: 0 | J61: 1 | K61: 2 | L61: 0 | M61: 0 | N61: 0 | O61: 1 | P61: 0 | Q61: 1 | R61: 0 | S61: 2 | T61: 0 | U61: 0 | V61: 1 | W61: =SUM(E61:V61) -> 10
B62: 7 | C62: 7. MASHUDI | E62: 0 | F62: 0 | G62: 0 | H62: 0 | I62: 0 | J62: 0 | K62: 0 | L62: 0 | M62: 0 | N62: 0 | O62: 0 | P62: 0 | Q62: 0 | R62: 0 | S62: 0 | T62: 0 | U62: 0 | V62: 0 | W62: =SUM(E62:V62) -> 0
A63: B | B63: JUMLAH SUARA SAH PARTAI POLITIK DAN CALON (A1 + A2) | E63: =SUM(E55:E62) -> 40 | F63: =SUM(F55:F62) -> 29 | G63: =SUM(G55:G62) -> 17 | H63: =SUM(H55:H62) -> 47 | I63: =SUM(I55:I62) -> 20 | J63: =SUM(J55:J62) -> 18 | K63: =SUM(K55:K62) -> 21 | L63: =SUM(L55:L62) -> 9 | ... W63: =SUM(W55:W62) -> 404
A65: A.1 | B65: 3. | C65: Partai Demokrasi Indonesia Perjuangan | E65: 15 | F65: 4 | G65: 6 | H65: 7 | I65: 4 | J65: 15 | K65: 7 | L65: 4 | M65: 5 | N65: 12 | O65: 7 | P65: 6 | Q65: 9 | R65: 13 | S65: 9 | T65: 8 | U65: 5 | V65: 11 | W65: =SUM(E65:V65) -> 147
A66: A.2 | B66: 1 | C66: 1. SONNY TRI DANAPARAMITA, S.H., M.H. | E66: 15 | F66: 16 | G66: 13 | H66: 12 | I66: 10 | J66: 60 | K66: 6 | L66: 3 | M66: 7 | N66: 4 | O66: 3 | P66: 12 | Q66: 8 | R66: 17 | S66: 9 | T66: 9 | U66: 8 | V66: 6 | W66: =SUM(E66:V66) -> 218
B67: 2 | C67: 2. H. MOHAMAD GUNTUR ROMLI | E67: 3 | F67: 8 | G67: 5 | H67: 4 | I67: 7 | J67: 6 | K67: 4 | L67: 5 | M67: 4 | N67: 16 | O67: 1 | P67: 7 | Q67: 3 | R67: 12 | S67: 16 | T67: 9 | U67: 9 | V67: 3 | W67: =SUM(E67:V67) -> 122
B68: 3 | C68: 3. INA AMMANIA | E68: 2 | F68: 3 | G68: 0 | H68: 2 | I68: 0 | J68: 4 | K68: 1 | L68: 5 | M68: 3 | N68: 3 | O68: 6 | P68: 5 | Q68: 4 | R68: 2 | S68: 2 | T68: 4 | U68: 5 | V68: 1 | W68: =SUM(E68:V68) -> 52
B69: 4 | C69: 4. IRWAN BACHTIAR RACHMAT, M.Si. | E69: 0 | F69: 0 | G69: 0 | H69: 0 | I69: 1 | J69: 0 | K69: 2 | L69: 0 | M69: 0 | N69: 1 | O69: 0 | P69: 0 | Q69: 0 | R69: 1 | S69: 1 | T69: 1 | U69: 0 | V69: 0 | W69: =SUM(E69:V69) -> 7
B70: 5 | C70: 5. LUCKY PERDANA | E70: 2 | F70: 9 | G70: 9 | H70: 4 | I70: 1 | J70: 7 | K70: 3 | L70: 1 | M70: 3 | N70: 2 | O70: 2 | P70: 0 | Q70: 7 | R70: 3 | S70: 5 | T70: 1 | U70: 6 | V70: 32 | W70: =SUM(E70:V70) -> 97
B71: 6 | C71: 6. WIWIK PUJIYATI | E71: 0 | F71: 2 | G71: 0 | H71: 1 | I71: 0 | J71: 0 | K71: 1 | L71: 1 | M71: 0 | N71: 0 | O71: 0 | P71: 0 | Q71: 0 | R71: 0 | S71: 0 | T71: 0 | U71: 0 | V71: 1 | W71: =SUM(E71:V71) -> 6
B72: 7 | C72: 7. CHANDRA ASTAN, S.T. | E72: 0 | F72: 0 | G72: 0 | H72: 0 | I72: 0 | J72: 2 | K72: 0 | L72: 0 | M72: 0 | N72: 1 | O72: 0 | P72: 0 | Q72: 1 | R72: 0 | S72: 0 | T72: 2 | U72: 1 | V72: 0 | W72: =SUM(E72:V72) -> 7
A73: B | B73: JUMLAH SUARA SAH PARTAI POLITIK DAN CALON (A1 + A2) | E73: =SUM(E65:E72) -> 37 | F73: =SUM(F65:F72) -> 42 | G73: =SUM(G65:G72) -> 33 | H73: =SUM(H65:H72) -> 30 | I73: =SUM(I65:I72) -> 23 | J73: =SUM(J65:J72) -> 94 | K73: =SUM(K65:K72) -> 24 | L73: =SUM(L65:L72) -> 19 | ... W73: =SUM(W65:W72) -> 656
A75: A.1 | B75: 4. | C75: Partai Golongan Karya | E75: 4 | F75: 4 | G75: 4 | H75: 6 | I75: 8 | J75: 8 | K75: 5 | L75: 24 | M75: 6 | N75: 10 | O75: 5 | P75: 4 | Q75: 1 | R75: 9 | S75: 10 | T75: 3 | U75: 17 | V75: 14 | W75: =SUM(E75:V75) -> 142
A76: A.2 | B76: 1 | C76: 1. ZULFIKAR ARSE SADIKIN, S.I.P., M.Si. | E76: 14 | F76: 14 | G76: 15 | H76: 10 | I76: 3 | J76: 8 | K76: 6 | L76: 31 | M76: 16 | N76: 14 | O76: 42 | P76: 7 | Q76: 13 | R76: 15 | S76: 12 | T76: 11 | U76: 5 | V76: 47 | W76: =SUM(E76:V76) -> 283
B77: 2 | C77: 2. HANDOKO | E77: 1 | F77: 0 | G77: 0 | H77: 0 | I77: 0 | J77: 2 | K77: 0 | L77: 3 | M77: 2 | N77: 1 | O77: 2 | P77: 0 | Q77: 0 | R77: 7 | S77: 10 | T77: 5 | U77: 7 | V77: 8 | W77: =SUM(E77:V77) -> 48
B78: 3 | C78: 3. Hj. OVI DEWI YANTI | E78: 1 | F78: 0 | G78: 0 | H78: 4 | I78: 0 | J78: 0 | K78: 1 | L78: 0 | M78: 1 | N78: 0 | O78: 1 | P78: 1 | Q78: 1 | R78: 1 | S78: 1 | T78: 1 | U78: 0 | V78: 1 | W78: =SUM(E78:V78) -> 14
B79: 4 | C79: 4. Ir. AZAM AZMAN NATAWIJANA | E79: 0 | F79: 0 | G79: 1 | H79: 0 | I79: 2 | J79: 1 | K79: 0 | L79: 0 | M79: 1 | N79: 1 | O79: 1 | P79: 0 | Q79: 0 | R79: 0 | S79: 0 | T79: 0 | U79: 0 | V79: 0 | W79: =SUM(E79:V79) -> 7
B80: 5 | C80: 5. UBAIDILLAH AMIN, S.Kom. | E80: 1 | F80: 0 | G80: 1 | H80: 4 | I80: 5 | J80: 1 | K80: 0 | L80: 0 | M80: 1 | N80: 0 | O80: 0 | P80: 3 | Q80: 1 | R80: 1 | S80: 0 | T80: 6 | U80: 0 | V80: 1 | W80: =SUM(E80:V80) -> 25
B81: 6 | C81: 6. DENNY YUNIANDARI, S.H., M.Kn. | E81: 0 | F81: 0 | G81: 0 | H81: 0 | I81: 1 | J81: 0 | K81: 0 | L81: 0 | M81: 0 | N81: 0 | O81: 0 | P81: 1 | Q81: 0 | R81: 1 | S81: 0 | T81: 0 | U81: 3 | V81: 0 | W81: =SUM(E81:V81) -> 6
B82: 7 | C82: 7. ERNADI, S.H.I. | E82: 0 | F82: 1 | G82: 0 | H82: 0 | I82: 1 | J82: 0 | K82: 0 | L82: 0 | M82: 0 | N82: 0 | O82: 0 | P82: 0 | Q82: 0 | R82: 0 | S82: 0 | T82: 1 | U82: 0 | V82: 0 | W82: =SUM(E82:V82) -> 3
A83: B | B83: JUMLAH SUARA SAH PARTAI POLITIK DAN CALON (A1 + A2) | E83: =SUM(E75:E82) -> 21 | F83: =SUM(F75:F82) -> 19 | G83: =SUM(G75:G82) -> 21 | H83: =SUM(H75:H82) -> 24 | I83: =SUM(I75:I82) -> 20 | J83: =SUM(J75:J82) -> 20 | K83: =SUM(K75:K82) -> 12 | L83: =SUM(L75:L82) -> 58 | ... W83: =SUM(W75:W82) -> 528
A85: A.1 | B85: 5. | C85: Partai NasDem | E85: 0 | F85: 1 | G85: 2 | H85: 3 | I85: 3 | J85: 2 | K85: 2 | L85: 0 | M85: 0 | N85: 1 | O85: 0 | P85: 3 | Q85: 0 | R85: 7 | S85: 3 | T85: 3 | U85: 2 | V85: 0 | W85: =SUM(E85:V85) -> 32
A86: A.2 | B86: 1 | C86: 1. ACH. FADIL MUZAKKI SYAH | E86: 9 | F86: 6 | G86: 8 | H86: 4 | I86: 1 | J86: 2 | K86: 10 | L86: 14 | M86: 0 | N86: 0 | O86: 1 | P86: 5 | Q86: 3 | R86: 12 | S86: 4 | T86: 4 | U86: 24 | V86: 2 | W86: =SUM(E86:V86) -> 109
B87: 2 | C87: 2. BENY | E87: 7 | F87: 11 | G87: 4 | H87: 1 | I87: 7 | J87: 5 | K87: 1 | L87: 0 | M87: 4 | N87: 5 | O87: 0 | P87: 8 | Q87: 2 | R87: 10 | S87: 6 | T87: 11 | U87: 9 | V87: 3 | W87: =SUM(E87:V87) -> 94
B88: 3 | C88: 3. VINA VERONIKA | E88: 0 | F88: 1 | G88: 0 | H88: 0 | I88: 0 | J88: 0 | K88: 0 | L88: 0 | M88: 0 | N88: 0 | O88: 0 | P88: 0 | Q88: 0 | R88: 0 | S88: 0 | T88: 2 | U88: 0 | V88: 0 | W88: =SUM(E88:V88) -> 3
B89: 4 | C89: 4. TEDDY ANUGRIANTO | E89: 0 | F89: 1 | G89: 0 | H89: 0 | I89: 0 | J89: 1 | K89: 0 | L89: 0 | M89: 0 | N89: 0 | O89: 0 | P89: 0 | Q89: 1 | R89: 0 | S89: 0 | T89: 0 | U89: 0 | V89: 0 | W89: =SUM(E89:V89) -> 3
B90: 5 | C90: 5. INSAN KAMIL | E90: 0 | F90: 0 | G90: 0 | H90: 0 | I90: 0 | J90: 0 | K90: 0 | L90: 0 | M90: 0 | N90: 0 | O90: 0 | P90: 16 | Q90: 0 | R90: 0 | S90: 1 | T90: 0 | U90: 2 | V90: 0 | W90: =SUM(E90:V90) -> 19
B91: 6 | C91: 6. LILIK LINDARWATI | E91: 2 | F91: 0 | G91: 0 | H91: 1 | I91: 0 | J91: 1 | K91: 0 | L91: 1 | M91: 0 | N91: 1 | O91: 1 | P91: 5 | Q91: 2 | R91: 0 | S91: 2 | T91: 0 | U91: 2 | V91: 0 | W91: =SUM(E91:V91) -> 18
B92: 7 | C92: 7. YULI ANITA | E92: 1 | F92: 0 | G92: 1 | H92: 1 | I92: 0 | J92: 1 | K92: 0 | L92: 0 | M92: 0 | N92: 0 | O92: 0 | P92: 0 | Q92: 0 | R92: 1 | S92: 1 | T92: 0 | U92: 0 | V92: 0 | W92: =SUM(E92:V92) -> 6
A93: B | B93: JUMLAH SUARA SAH PARTAI POLITIK DAN CALON (A1 + A2) | E93: =SUM(E85:E92) -> 19 | F93: =SUM(F85:F92) -> 20 | G93: =SUM(G85:G92) -> 15 | H93: =SUM(H85:H92) -> 10 | I93: =SUM(I85:I92) -> 11 | J93: =SUM(J85:J92) -> 12 | K93: =SUM(K85:K92) -> 13 | L93: =SUM(L85:L92) -> 15 | ... W93: =SUM(W85:W92) -> 284
A95: A.1 | B95: 6. | C95: Partai Buruh | E95: 0 | F95: 0 | G95: 1 | H95: 0 | I95: 0 | J95: 1 | K95: 1 | L95: 0 | M95: 0 | N95: 0 | O95: 1 | P95: 3 | Q95: 2 | R95: 0 | S95: 0 | T95: 1 | U95: 2 | V95: 0 | W95: =SUM(E95:V95) -> 12
A96: A.2 | B96: 1 | C96: 1. KHOIRUL ANAM | E96: 0 | F96: 0 | G96: 0 | H96: 0 | I96: 0 | J96: 0 | K96: 0 | L96: 0 | M96: 0 | N96: 0 | O96: 1 | P96: 0 | Q96: 1 | R96: 1 | S96: 0 | T96: 1 | U96: 0 | V96: 1 | W96: =SUM(E96:V96) -> 5
B97: 2 | C97: 2. INA KURNIA | E97: 0 | F97: 0 | G97: 1 | H97: 0 | I97: 0 | J97: 1 | K97: 0 | L97: 0 | M97: 0 | N97: 0 | O97: 0 | P97: 1 | Q97: 0 | R97: 0 | S97: 0 | T97: 0 | U97: 0 | V97: 0 | W97: =SUM(E97:V97) -> 3
B98: 3 | C98: 3. JIBRAL TAROUK | E98: 0 | F98: 0 | G98: 0 | H98: 0 | I98: 0 | J98: 0 | K98: 0 | L98: 0 | M98: 0 | N98: 0 | O98: 0 | P98: 1 | Q98: 0 | R98: 0 | S98: 0 | T98: 0 | U98: 0 | V98: 0 | W98: =SUM(E98:V98) -> 1
B99: 4 | C99: 4. ASTUTI DAENG PUJI | E99: 0 | F99: 0 | G99: 0 | H99: 0 | I99: 0 | J99: 0 | K99: 0 | L99: 0 | M99: 0 | N99: 0 | O99: 0 | P99: 0 | Q99: 1 | R99: 0 | S99: 0 | T99: 0 | U99: 0 | V99: 0 | W99: =SUM(E99:V99) -> 1
B100: 5 | C100: 5. ASDARMAWAN | E100: 0 | F100: 0 | G100: 0 | H100: 0 | I100: 0 | J100: 0 | K100: 0 | L100: 0 | M100: 0 | N100: 0 | O100: 0 | P100: 0 | Q100: 2 | R100: 0 | S100: 0 | T100: 0 | U100: 0 | V100: 0 | W100: =SUM(E100:V100) -> 2
B101: 6 | C101: 6. RIFQI MUBAROK | E101: 0 | F101: 0 | G101: 0 | H101: 0 | I101: 0 | J101: 0 | K101: 0 | L101: 0 | M101: 0 | N101: 0 | O101: 0 | P101: 0 | Q101: 0 | R101: 0 | S101: 0 | T101: 0 | U101: 0 | V101: 0 | W101: =SUM(E101:V101) -> 0
B102: 7 | C102: 7. FIRNANDA ALTA MEGA | E102: 0 | F102: 0 | G102: 0 | H102: 0 | I102: 1 | J102: 0 | K102: 0 | L102: 0 | M102: 0 | N102: 0 | O102: 0 | P102: 0 | Q102: 0 | R102: 0 | S102: 0 | T102: 0 | U102: 0 | V102: 0 | W102: =SUM(E102:V102) -> 1
A103: B | B103: JUMLAH SUARA SAH PARTAI POLITIK DAN CALON (A1 + A2) | E103: =SUM(E95:E102) -> 0 | F103: =SUM(F95:F102) -> 0 | G103: =SUM(G95:G102) -> 2 | H103: =SUM(H95:H102) -> 0 | I103: =SUM(I95:I102) -> 1 | J103: =SUM(J95:J102) -> 2 | K103: =SUM(K95:K102) -> 1 | L103: =SUM(L95:L102) -> 0 | ... W103: =SUM(W95:W102) -> 25
A105: A.1 | B105: 7. | C105: Partai Gelombang Rakyat Indonesia | E105: 1 | F105: 2 | G105: 0 | H105: 0 | I105: 4 | J105: 2 | K105: 0 | L105: 0 | M105: 1 | N105: 1 | O105: 0 | P105: 1 | Q105: 2 | R105: 1 | S105: 2 | T105: 2 | U105: 2 | V105: 0 | W105: =SUM(E105:V105) -> 21
A106: A.2 | B106: 1 | C106: 1. TITI WIDORETNO WARISMAN | E106: 0 | F106: 0 | G106: 0 | H106: 0 | I106: 0 | J106: 0 | K106: 1 | L106: 0 | M106: 0 | N106: 1 | O106: 0 | P106: 0 | Q106: 0 | R106: 5 | S106: 3 | T106: 5 | U106: 2 | V106: 1 | W106: =SUM(E106:V106) -> 18
B107: 2 | C107: 2. MAMIEK SETYANINGSIH | E107: 0 | F107: 0 | G107: 0 | H107: 0 | I107: 3 | J107: 0 | K107: 1 | L107: 0 | M107: 0 | N107: 0 | O107: 0 | P107: 0 | Q107: 0 | R107: 0 | S107: 0 | T107: 0 | U107: 0 | V107: 0 | W107: =SUM(E107:V107) -> 4
B108: 3 | C108: 3. ROMIL AZIZEN | E108: 0 | F108: 0 | G108: 0 | H108: 0 | I108: 0 | J108: 0 | K108: 0 | L108: 0 | M108: 0 | N108: 0 | O108: 0 | P108: 1 | Q108: 0 | R108: 0 | S108: 0 | T108: 0 | U108: 0 | V108: 0 | W108: =SUM(E108:V108) -> 1
A109: B | B109: JUMLAH SUARA SAH PARTAI POLITIK DAN CALON (A1 + A2) | E109: =SUM(E105:E108) -> 1 | F109: =SUM(F105:F108) -> 2 | G109: =SUM(G105:G108) -> 0 | H109: =SUM(H105:H108) -> 0 | I109: =SUM(I105:I108) -> 7 | J109: =SUM(J105:J108) -> 2 | K109: =SUM(K105:K108) -> 2 | L109: =SUM(L105:L108) -> 0 | ... W109: =SUM(W105:W108) -> 44
A111: A.1 | B111: 8. | C111: Partai Keadilan Sejahtera | E111: 1 | F111: 2 | G111: 0 | H111: 2 | I111: 2 | J111: 0 | K111: 0 | L111: 1 | M111: 4 | N111: 1 | O111: 0 | P111: 0 | Q111: 2 | R111: 0 | S111: 0 | T111: 1 | U111: 0 | V111: 3 | W111: =SUM(E111:V111) -> 19
A112: A.2 | B112: 1 | C112: 1. H. SAIMI SALEH, S.E., M.M. | E112: 2 | F112: 3 | G112: 1 | H112: 1 | I112: 2 | J112: 0 | K112: 1 | L112: 0 | M112: 2 | N112: 3 | O112: 0 | P112: 3 | Q112: 0 | R112: 0 | S112: 0 | T112: 3 | U112: 1 | V112: 2 | W112: =SUM(E112:V112) -> 24
B113: 2 | C113: 2. Prof. Dr. H. EGGI SUDJANA, S.H., M.Si. | E113: 2 | F113: 0 | G113: 0 | H113: 0 | I113: 0 | J113: 0 | K113: 0 | L113: 0 | M113: 2 | N113: 5 | O113: 0 | P113: 0 | Q113: 0 | R113: 0 | S113: 2 | T113: 0 | U113: 0 | V113: 3 | W113: =SUM(E113:V113) -> 14
B114: 3 | C114: 3. NURUL KHOTIMAH | E114: 0 | F114: 0 | G114: 0 | H114: 0 | I114: 0 | J114: 0 | K114: 0 | L114: 0 | M114: 0 | N114: 0 | O114: 0 | P114: 2 | Q114: 0 | R114: 0 | S114: 0 | T114: 0 | U114: 0 | V114: 0 | W114: =SUM(E114:V114) -> 2
B115: 4 | C115: 4. AKHMAD SUYANTO, S.T., M.T. | E115: 0 | F115: 0 | G115: 0 | H115: 0 | I115: 0 | J115: 1 | K115: 0 | L115: 0 | M115: 0 | N115: 0 | O115: 0 | P115: 0 | Q115: 0 | R115: 0 | S115: 0 | T115: 0 | U115: 0 | V115: 0 | W115: =SUM(E115:V115) -> 1
B116: 5 | C116: 5. PUJIYATNI | E116: 0 | F116: 0 | G116: 0 | H116: 0 | I116: 0 | J116: 0 | K116: 0 | L116: 0 | M116: 0 | N116: 0 | O116: 0 | P116: 0 | Q116: 0 | R116: 0 | S116: 0 | T116: 0 | U116: 0 | V116: 0 | W116: =SUM(E116:V116) -> 0
B117: 6 | C117: 6. HENI PURWATININGSIH | E117: 0 | F117: 0 | G117: 0 | H117: 0 | I117: 0 | J117: 0 | K117: 0 | L117: 0 | M117: 0 | N117: 0 | O117: 0 | P117: 0 | Q117: 0 | R117: 0 | S117: 0 | T117: 0 | U117: 0 | V117: 0 | W117: =SUM(E117:V117) -> 0
B118: 7 | C118: 7. MUHADI | E118: 0 | F118: 0 | G118: 0 | H118: 0 | I118: 0 | J118: 0 | K118: 0 | L118: 0 | M118: 0 | N118: 0 | O118: 0 | P118: 0 | Q118: 0 | R118: 0 | S118: 0 | T118: 0 | U118: 0 | V118: 0 | W118: =SUM(E118:V118) -> 0
...

Sheet KETAPANG
C2: Kecamatan | D2: WONGSOREJO
C3: Kabupaten | D3: BANYUWANGI
C4: Provinsi | D4: JAWA TIMUR
C9: Kelurahan | D9: KETAPANG
A12: I | B12: DATA PEMILIH DAN PENGGUNAAN HAK PILIH | BE12: JUMLAH AKHIR
A13: A | B13: DATA PEMILIH | E13: TPS 001 | F13: TPS 002 | G13: TPS 003 | H13: TPS 004 | I13: TPS 005 | J13: TPS 006 | K13: TPS 007 | L13: TPS 008 | M13: TPS 009 | N13: TPS 010 | O13: TPS 011 | P13: TPS 012 | Q13: TPS 013 | R13: TPS 014 | S13: TPS 015 | T13: TPS 016 | U13: TPS 017 | V13: TPS 018 | W13: TPS 019 | X13: TPS 020 | Y13: TPS 021 | Z13: TPS 022 | AA13: TPS 023 | AB13: TPS 024 | AC13: TPS 025 | AD13: TPS 026 | AE13: TPS 027 | AF13: TPS 028 | AG13: TPS 029 | AH13: TPS 030 | AI13: TPS 031 | AJ13: TPS 032 | AK13: TPS 033 | AL13: TPS 034 | AM13: TPS 035 | AN13: TPS 036 | AO13: TPS 037 | AP13: TPS 038 | AQ13: TPS 039 | AR13: TPS 040 | AS13: TPS 041 | AT13: TPS 042 | AU13: TPS 043 | AV13: TPS 044 | AW13: TPS 045 | AX13: TPS 046 | AY13: TPS 047 | AZ13: TPS 048 | BA13: TPS 049 | BB13: TPS 050 | BC13: TPS 051 | BD13: TPS 052
B14: Jumlah Pemilih dalam Daftar Pemilih Tetap (DPT) | D14: LK | E14: 138 | F14: 139 | G14: 141 | H14: 142 | I14: 141 | J14: 101 | K14: 124 | L14: 133 | M14: 108 | N14: 93 | O14: 138 | P14: 122 | Q14: 138 | R14: 144 | S14: 140 | T14: 125 | U14: 124 | V14: 128 | W14: 112 | X14: 95 | Y14: 140 | Z14: 128 | AA14: 139 | AB14: 146 | AC14: 149 | AD14: 140 | AE14: 107 | AF14: 142 | AG14: 142 | AH14: 141 | AI14: 133 | AJ14: 135 | AK14: 132 | AL14: 146 | AM14: 127 | AN14: 148 | AO14: 143 | AP14: 131 | AQ14: 98 | AR14: 143 | AS14: 135 | AT14: 136 | AU14: 137 | AV14: 139 | AW14: 123 | AX14: 125 | AY14: 91 | AZ14: 137 | BA14: 121 | BB14: 125 | BC14: 121 | BD14: 116 | BE14: =SUM(E14:BD14) -> 6742
D15: PR | E15: 128 | F15: 132 | G15: 148 | H15: 139 | I15: 142 | J15: 125 | K15: 155 | L15: 131 | M15: 107 | N15: 94 | O15: 156 | P15: 129 | Q15: 148 | R15: 139 | S15: 136 | T15: 132 | U15: 139 | V15: 141 | W15: 123 | X15: 100 | Y15: 142 | Z15: 146 | AA15: 146 | AB15: 154 | AC15: 150 | AD15: 157 | AE15: 105 | AF15: 153 | AG15: 145 | AH15: 147 | AI15: 140 | AJ15: 155 | AK15: 124 | AL15: 150 | AM15: 142 | AN15: 148 | AO15: 154 | AP15: 135 | AQ15: 120 | AR15: 147 | AS15: 149 | AT15: 134 | AU15: 133 | AV15: 133 | AW15: 129 | AX15: 137 | AY15: 102 | AZ15: 147 | BA15: 126 | BB15: 126 | BC15: 134 | BD15: 104 | BE15: =SUM(E15:BD15) -> 7058
D16: JML | E16: =SUM(E14:E15) -> 266 | F16: =SUM(F14:F15) -> 271 | G16: =SUM(G14:G15) -> 289 | H16: =SUM(H14:H15) -> 281 | I16: =SUM(I14:I15) -> 283 | J16: =SUM(J14:J15) -> 226 | K16: =SUM(K14:K15) -> 279 | L16: =SUM(L14:L15) -> 264 | ... BD16: =SUM(BD14:BD15) -> 220 | BE16: =SUM(E16:BD16) -> 13800
A18: B | B18: PENGGUNA HAK PILIH
B19: 1. | C19: Jumlah pengguna hak pilih dalam Daftar Pemilih Tetap (DPT) | D19: LK | E19: 98 | F19: 98 | G19: 96 | H19: 100 | I19: 100 | J19: 70 | K19: 81 | L19: 85 | M19: 75 | N19: 71 | O19: 77 | P19: 74 | Q19: 94 | R19: 97 | S19: 83 | T19: 91 | U19: 72 | V19: 92 | W19: 68 | X19: 78 | Y19: 104 | Z19: 99 | AA19: 129 | AB19: 116 | AC19: 114 | AD19: 110 | AE19: 90 | AF19: 118 | AG19: 102 | AH19: 120 | AI19: 105 | AJ19: 100 | AK19: 97 | AL19: 96 | AM19: 90 | AN19: 101 | AO19: 97 | AP19: 96 | AQ19: 67 | AR19: 97 | AS19: 95 | AT19: 100 | AU19: 103 | AV19: 110 | AW19: 104 | AX19: 83 | AY19: 65 | AZ19: 103 | BA19: 94 | BB19: 92 | BC19: 94 | BD19: 77 | BE19: =SUM(E19:BD19) -> 4868
D20: PR | E20: 100 | F20: 97 | G20: 117 | H20: 112 | I20: 118 | J20: 97 | K20: 115 | L20: 106 | M20: 84 | N20: 76 | O20: 98 | P20: 92 | Q20: 117 | R20: 108 | S20: 107 | T20: 106 | U20: 100 | V20: 110 | W20: 90 | X20: 88 | Y20: 113 | Z20: 119 | AA20: 137 | AB20: 127 | AC20: 151 | AD20: 152 | AE20: 97 | AF20: 118 | AG20: 121 | AH20: 127 | AI20: 114 | AJ20: 120 | AK20: 104 | AL20: 117 | AM20: 105 | AN20: 118 | AO20: 118 | AP20: 104 | AQ20: 94 | AR20: 114 | AS20: 122 | AT20: 104 | AU20: 101 | AV20: 110 | AW20: 106 | AX20: 116 | AY20: 84 | AZ20: 114 | BA20: 97 | BB20: 83 | BC20: 102 | BD20: 83 | BE20: =SUM(E20:BD20) -> 5630
D21: JML | E21: =SUM(E19:E20) -> 198 | F21: =SUM(F19:F20) -> 195 | G21: =SUM(G19:G20) -> 213 | H21: =SUM(H19:H20) -> 212 | I21: =SUM(I19:I20) -> 218 | J21: =SUM(J19:J20) -> 167 | K21: =SUM(K19:K20) -> 196 | L21: =SUM(L19:L20) -> 191 | ... BD21: =SUM(BD19:BD20) -> 160 | BE21: =SUM(E21:BD21) -> 10498
B22: 2. | C22: Jumlah pengguna hak pilih dalam Daftar Pemilih Tambahan (DPTb) | D22: LK | E22: 0 | F22: 1 | G22: 1 | H22: 0 | I22: 0 | J22: 0 | K22: 1 | L22: 2 | M22: 0 | N22: 2 | O22: 0 | P22: 0 | Q22: 1 | R22: 0 | S22: 0 | T22: 1 | U22: 1 | V22: 0 | W22: 1 | X22: 1 | Y22: 0 | Z22: 0 | AA22: 1 | AB22: 2 | AC22: 1 | AD22: 1 | AE22: 0 | AF22: 0 | AG22: 0 | AH22: 0 | AI22: 1 | AJ22: 0 | AK22: 0 | AL22: 0 | AM22: 1 | AN22: 0 | AO22: 0 | AP22: 1 | AQ22: 0 | AR22: 0 | AS22: 1 | AT22: 1 | AU22: 1 | AV22: 0 | AW22: 1 | AX22: 0 | AY22: 1 | AZ22: 2 | BA22: 2 | BB22: 0 | BC22: 1 | BD22: 0 | BE22: =SUM(E22:BD22) -> 30
D23: PR | E23: 0 | F23: 0 | G23: 0 | H23: 1 | I23: 1 | J23: 1 | K23: 0 | L23: 0 | M23: 1 | N23: 1 | O23: 0 | P23: 0 | Q23: 0 | R23: 1 | S23: 0 | T23: 0 | U23: 0 | V23: 1 | W23: 2 | X23: 0 | Y23: 1 | Z23: 0 | AA23: 0 | AB23: 0 | AC23: 0 | AD23: 0 | AE23: 1 | AF23: 0 | AG23: 0 | AH23: 1 | AI23: 0 | AJ23: 1 | AK23: 2 | AL23: 0 | AM23: 0 | AN23: 0 | AO23: 1 | AP23: 0 | AQ23: 0 | AR23: 1 | AS23: 0 | AT23: 0 | AU23: 0 | AV23: 0 | AW23: 0 | AX23: 0 | AY23: 0 | AZ23: 0 | BA23: 0 | BB23: 0 | BC23: 0 | BD23: 0 | BE23: =SUM(E23:BD23) -> 17
D24: JML | E24: =SUM(E22:E23) -> 0 | F24: =SUM(F22:F23) -> 1 | G24: =SUM(G22:G23) -> 1 | H24: =SUM(H22:H23) -> 1 | I24: =SUM(I22:I23) -> 1 | J24: =SUM(J22:J23) -> 1 | K24: =SUM(K22:K23) -> 1 | L24: =SUM(L22:L23) -> 2 | ... BD24: =SUM(BD22:BD23) -> 0 | BE24: =SUM(E24:BD24) -> 47
B25: 3. | C25: Jumlah pengguna hak pilih dalam Daftar Pemilih Khusus (DPK) | D25: LK | E25: 1 | F25: 0 | G25: 0 | H25: 0 | I25: 0 | J25: 1 | K25: 1 | L25: 0 | M25: 0 | N25: 0 | O25: 0 | P25: 4 | Q25: 7 | R25: 2 | S25: 1 | T25: 0 | U25: 2 | V25: 1 | W25: 3 | X25: 2 | Y25: 1 | Z25: 2 | AA25: 0 | AB25: 3 | AC25: 1 | AD25: 7 | AE25: 2 | AF25: 0 | AG25: 0 | AH25: 1 | AI25: 1 | AJ25: 3 | AK25: 0 | AL25: 2 | AM25: 0 | AN25: 0 | AO25: 2 | AP25: 1 | AQ25: 1 | AR25: 2 | AS25: 0 | AT25: 0 | AU25: 0 | AV25: 1 | AW25: 0 | AX25: 1 | AY25: 1 | AZ25: 0 | BA25: 1 | BB25: 0 | BC25: 1 | BD25: 1 | BE25: =SUM(E25:BD25) -> 60
D26: PR | E26: 2 | F26: 0 | G26: 2 | H26: 0 | I26: 0 | J26: 2 | K26: 2 | L26: 0 | M26: 0 | N26: 2 | O26: 2 | P26: 3 | Q26: 3 | R26: 2 | S26: 1 | T26: 0 | U26: 0 | V26: 2 | W26: 1 | X26: 4 | Y26: 2 | Z26: 0 | AA26: 1 | AB26: 2 | AC26: 2 | AD26: 6 | AE26: 0 | AF26: 0 | AG26: 0 | AH26: 4 | AI26: 7 | AJ26: 1 | AK26: 1 | AL26: 3 | AM26: 0 | AN26: 0 | AO26: 4 | AP26: 0 | AQ26: 1 | AR26: 5 | AS26: 1 | AT26: 0 | AU26: 0 | AV26: 4 | AW26: 0 | AX26: 1 | AY26: 0 | AZ26: 0 | BA26: 1 | BB26: 0 | BC26: 2 | BD26: 1 | BE26: =SUM(E26:BD26) -> 77
D27: JML | E27: =SUM(E25:E26) -> 3 | F27: =SUM(F25:F26) -> 0 | G27: =SUM(G25:G26) -> 2 | H27: =SUM(H25:H26) -> 0 | I27: =SUM(I25:I26) -> 0 | J27: =SUM(J25:J26) -> 3 | K27: =SUM(K25:K26) -> 3 | L27: =SUM(L25:L26) -> 0 | ... BD27: =SUM(BD25:BD26) -> 2 | BE27: =SUM(E27:BD27) -> 137
B28: 4. | C28: Jumlah Pengguna Hak Pilih (B.1+B.2+B.3) | D28: LK | E28: =SUM(E19,E22,E25) -> 99 | F28: =SUM(F19,F22,F25) -> 99 | G28: =SUM(G19,G22,G25) -> 97 | H28: =SUM(H19,H22,H25) -> 100 | I28: =SUM(I19,I22,I25) -> 100 | J28: =SUM(J19,J22,J25) -> 71 | K28: =SUM(K19,K22,K25) -> 83 | L28: =SUM(L19,L22,L25) -> 87 | ... BD28: =SUM(BD19,BD22,BD25) -> 78 | BE28: =SUM(E28:BD28) -> 4958
D29: PR | E29: =SUM(E20,E23,E26) -> 102 | F29: =SUM(F20,F23,F26) -> 97 | G29: =SUM(G20,G23,G26) -> 119 | H29: =SUM(H20,H23,H26) -> 113 | I29: =SUM(I20,I23,I26) -> 119 | J29: =SUM(J20,J23,J26) -> 100 | K29: =SUM(K20,K23,K26) -> 117 | L29: =SUM(L20,L23,L26) -> 106 | ... BD29: =SUM(BD20,BD23,BD26) -> 84 | BE29: =SUM(E29:BD29) -> 5724
D30: JML | E30: =SUM(E28:E29) -> 201 | F30: =SUM(F28:F29) -> 196 | G30: =SUM(G28:G29) -> 216 | H30: =SUM(H28:H29) -> 213 | I30: =SUM(I28:I29) -> 219 | J30: =SUM(J28:J29) -> 171 | K30: =SUM(K28:K29) -> 200 | L30: =SUM(L28:L29) -> 193 | ... BD30: =SUM(BD28:BD29) -> 162 | BE30: =SUM(E30:BD30) -> 10682
A32: II | B32: DATA PENGGUNAAN SURAT SUARA
A33: 1 | B33: Jumlah surat suara yang diterima, termasuk surat suara cadangan 2,5% dari DPT | E33: 272 | F33: 278 | G33: 305 | H33: 287 | I33: 289 | J33: 231 | K33: 285 | L33: 269 | M33: 220 | N33: 191 | O33: 299 | P33: 297 | Q33: 292 | R33: 289 | S33: 280 | T33: 262 | U33: 269 | V33: 275 | W33: 240 | X33: 199 | Y33: 288 | Z33: 274 | AA33: 293 | AB33: 306 | AC33: 305 | AD33: 302 | AE33: 217 | AF33: 301 | AG33: 293 | AH33: 294 | AI33: 279 | AJ33: 297 | AK33: 262 | AL33: 302 | AM33: 273 | AN33: 302 | AO33: 303 | AP33: 272 | AQ33: 223 | AR33: 297 | AS33: 289 | AT33: 276 | AU33: 276 | AV33: 278 | AW33: 258 | AX33: 268 | AY33: 197 | AZ33: 288 | BA33: 252 | BB33: 246 | BC33: 271 | BD33: 225 | BE33: =SUM(E33:BD33) -> 14136
A34: 2 | B34: Jumlah surat suara yang digunakan | E34: 201 | F34: 196 | G34: 216 | H34: 213 | I34: 219 | J34: 171 | K34: 200 | L34: 193 | M34: 160 | N34: 152 | O34: 177 | P34: 173 | Q34: 222 | R34: 210 | S34: 192 | T34: 198 | U34: 175 | V34: 206 | W34: 165 | X34: 173 | Y34: 221 | Z34: 220 | AA34: 268 | AB34: 250 | AC34: 269 | AD34: 276 | AE34: 190 | AF34: 236 | AG34: 223 | AH34: 253 | AI34: 228 | AJ34: 225 | AK34: 204 | AL34: 218 | AM34: 196 | AN34: 219 | AO34: 222 | AP34: 202 | AQ34: 163 | AR34: 219 | AS34: 219 | AT34: 205 | AU34: 205 | AV34: 225 | AW34: 211 | AX34: 201 | AY34: 151 | AZ34: 219 | BA34: 195 | BB34: 175 | BC34: 200 | BD34: 162 | BE34: =SUM(E34:BD34) -> 10682
A35: 3 | B35: Jumlah surat suara dikembalikan oleh pemilih (karena rusak atau keliru coblos) | P35: 20 | R35: 1 | V35: 1 | Y35: 1 | AD35: 1 | AI35: 1 | AN35: 1 | AT35: 1 | BB35: 1 | BD35: 1 | BE35: =SUM(E35:BD35) -> 29
A36: 4 | B36: Jumlah surat suara yang tidak digunakan/tidak terpakai, termasuk sisa surat suara cadangan | E36: =E33-(E34+E35) -> 71 | F36: =F33-(F34+F35) -> 82 | G36: =G33-(G34+G35) -> 89 | H36: =H33-(H34+H35) -> 74 | I36: =I33-(I34+I35) -> 70 | J36: =J33-(J34+J35) -> 60 | K36: =K33-(K34+K35) -> 85 | L36: =L33-(L34+L35) -> 76 | ... BD36: =BD33-(BD34+BD35) -> 62 | BE36: =SUM(E36:BD36) -> 3425
A38: III | B38: DATA PEMILIH DISABILITAS
B39: Jumlah seluruh Pemilih disabilitas yang menggunakan hak pilih | D39: LK | E39: 0 | F39: 0 | G39: 1 | H39: 1 | I39: 0 | J39: 0 | K39: 0 | L39: 0 | M39: 0 | N39: 1 | O39: 0 | P39: 0 | Q39: 0 | R39: 0 | S39: 1 | T39: 0 | U39: 0 | V39: 0 | W39: 0 | X39: 0 | Y39: 0 | Z39: 0 | AA39: 0 | AB39: 1 | AC39: 1 | AD39: 2 | AE39: 1 | AF39: 0 | AG39: 0 | AH39: 0 | AI39: 0 | AJ39: 0 | AK39: 1 | AL39: 0 | AM39: 0 | AN39: 3 | AO39: 0 | AP39: 0 | AQ39: 2 | AR39: 1 | AS39: 0 | AT39: 0 | AU39: 0 | AV39: 0 | AW39: 0 | AX39: 1 | AY39: 0 | AZ39: 0 | BA39: 0 | BB39: 0 | BC39: 0 | BD39: 0 | BE39: =SUM(E39:BD39) -> 17
D40: PR | E40: 0 | F40: 1 | G40: 4 | H40: 1 | I40: 1 | J40: 0 | K40: 1 | L40: 0 | M40: 0 | N40: 1 | O40: 0 | P40: 0 | Q40: 0 | R40: 0 | S40: 5 | T40: 0 | U40: 0 | V40: 0 | W40: 0 | X40: 0 | Y40: 0 | Z40: 0 | AA40: 0 | AB40: 4 | AC40: 5 | AD40: 5 | AE40: 2 | AF40: 0 | AG40: 0 | AH40: 0 | AI40: 0 | AJ40: 0 | AK40: 4 | AL40: 0 | AM40: 0 | AN40: 5 | AO40: 0 | AP40: 1 | AQ40: 1 | AR40: 0 | AS40: 0 | AT40: 0 | AU40: 0 | AV40: 0 | AW40: 0 | AX40: 1 | AY40: 0 | AZ40: 0 | BA40: 0 | BB40: 0 | BC40: 0 | BD40: 0 | BE40: =SUM(E40:BD40) -> 42
D41: JML | E41: =SUM(E39:E40) -> 0 | F41: =SUM(F39:F40) -> 1 | G41: =SUM(G39:G40) -> 5 | H41: =SUM(H39:H40) -> 2 | I41: =SUM(I39:I40) -> 1 | J41: =SUM(J39:J40) -> 0 | K41: =SUM(K39:K40) -> 1 | L41: =SUM(L39:L40) -> 0 | ... BD41: =SUM(BD39:BD40) -> 0 | BE41: =SUM(E41:BD41) -> 59
A43: IV | B43: DATA RINCIAN PEROLEHAN SUARA PASANGAN CALON BUPATI DAN WAKIL BUPATI
A44: NOMOR DAN NAMA CALON
A45: A.1 | B45: 1. | C45: Partai Kebangkitan Bangsa | E45: 4 | F45: 1 | G45: 6 | H45: 5 | I45: 3 | J45: 2 | K45: 12 | L45: 6 | M45: 2 | N45: 6 | O45: 4 | P45: 6 | Q45: 2 | R45: 6 | S45: 4 | T45: 4 | U45: 7 | V45: 15 | W45: 7 | X45: 13 | Y45: 15 | Z45: 9 | AA45: 3 | AB45: 16 | AC45: 12 | AD45: 8 | AE45: 6 | AF45: 8 | AG45: 16 | AH45: 8 | AI45: 14 | AJ45: 3 | AK45: 8 | AL45: 5 | AM45: 6 | AN45: 3 | AO45: 8 | AP45: 7 | AQ45: 1 | AR45: 9 | AS45: 8 | AT45: 10 | AU45: 10 | AV45: 12 | AW45: 18 | AX45: 8 | AY45: 7 | AZ45: 16 | BA45: 7 | BB45: 4 | BC45: 8 | BD45: 12 | BE45: =SUM(E45:BD45) -> 400
A46: A.2 | B46: 1 | C46: 1. Dr. Hj. NIHAYATUL WAFIROH, M.A. | E46: 12 | F46: 13 | G46: 9 | H46: 12 | I46: 12 | J46: 2 | K46: 20 | L46: 3 | M46: 3 | N46: 11 | O46: 6 | P46: 25 | Q46: 24 | R46: 6 | S46: 20 | T46: 8 | U46: 8 | V46: 3 | W46: 12 | X46: 33 | Y46: 21 | Z46: 8 | AA46: 13 | AB46: 4 | AC46: 41 | AD46: 23 | AE46: 7 | AF46: 12 | AG46: 9 | AH46: 10 | AI46: 16 | AJ46: 15 | AK46: 7 | AL46: 10 | AM46: 8 | AN46: 7 | AO46: 11 | AP46: 9 | AQ46: 3 | AR46: 8 | AS46: 23 | AT46: 12 | AU46: 15 | AV46: 13 | AW46: 20 | AX46: 20 | AY46: 17 | AZ46: 22 | BA46: 13 | BB46: 3 | BC46: 2 | BD46: 3 | BE46: =SUM(E46:BD46) -> 647
B47: 2 | C47: 2. H. M. NASIM KHAN | E47: 3 | F47: 3 | G47: 2 | H47: 5 | I47: 8 | J47: 1 | K47: 13 | L47: 25 | M47: 0 | N47: 3 | O47: 11 | P47: 1 | Q47: 0 | R47: 3 | S47: 7 | T47: 2 | U47: 3 | V47: 5 | W47: 2 | X47: 23 | Y47: 18 | Z47: 36 | AA47: 7 | AB47: 10 | AC47: 16 | AD47: 41 | AE47: 5 | AF47: 4 | AG47: 10 | AH47: 26 | AI47: 60 | AJ47: 2 | AK47: 8 | AL47: 7 | AM47: 11 | AN47: 4 | AO47: 4 | AP47: 29 | AQ47: 2 | AR47: 5 | AS47: 8 | AT47: 9 | AU47: 6 | AV47: 8 | AW47: 33 | AX47: 4 | AY47: 3 | AZ47: 13 | BA47: 31 | BB47: 9 | BC47: 8 | BD47: 12 | BE47: =SUM(E47:BD47) -> 569
B48: 3 | C48: 3. Dr. H. AKIK ZAMAN, M.Pd.I. | E48: 3 | F48: 2 | G48: 1 | H48: 0 | I48: 5 | J48: 0 | K48: 1 | L48: 0 | M48: 0 | N48: 0 | O48: 0 | P48: 0 | Q48: 0 | R48: 1 | S48: 0 | T48: 0 | U48: 0 | V48: 1 | W48: 0 | X48: 1 | Y48: 2 | Z48: 0 | AA48: 0 | AB48: 1 | AC48: 1 | AD48: 0 | AE48: 0 | AF48: 0 | AG48: 0 | AH48: 2 | AI48: 2 | AJ48: 0 | AK48: 3 | AL48: 0 | AM48: 5 | AN48: 0 | AO48: 1 | AP48: 1 | AQ48: 0 | AR48: 0 | AS48: 0 | AT48: 0 | AU48: 1 | AV48: 1 | AW48: 2 | AX48: 1 | AY48: 1 | AZ48: 1 | BA48: 1 | BB48: 1 | BC48: 0 | BD48: 0 | BE48: =SUM(E48:BD48) -> 42
B49: 4 | C49: 4. AHMAD RIFA'I, S.H. | E49: 0 | F49: 0 | G49: 4 | H49: 1 | I49: 1 | J49: 0 | K49: 3 | L49: 0 | M49: 0 | N49: 0 | O49: 0 | P49: 0 | Q49: 0 | R49: 0 | S49: 2 | T49: 0 | U49: 0 | V49: 1 | W49: 0 | X49: 1 | Y49: 2 | Z49: 0 | AA49: 0 | AB49: 1 | AC49: 0 | AD49: 1 | AE49: 0 | AF49: 0 | AG49: 2 | AH49: 1 | AI49: 1 | AJ49: 0 | AK49: 0 | AL49: 0 | AM49: 2 | AN49: 0 | AO49: 0 | AP49: 1 | AQ49: 0 | AR49: 0 | AS49: 2 | AT49: 1 | AU49: 0 | AV49: 0 | AW49: 0 | AX49: 0 | AY49: 1 | AZ49: 0 | BA49: 1 | BB49: 0 | BC49: 0 | BD49: 1 | BE49: =SUM(E49:BD49) -> 30
B50: 5 | C50: 5. Drs. H. MAHFUD M.N. | E50: 0 | F50: 0 | G50: 0 | H50: 0 | I50: 0 | J50: 0 | K50: 0 | L50: 1 | M50: 0 | N50: 0 | O50: 0 | P50: 0 | Q50: 0 | R50: 0 | S50: 1 | T50: 0 | U50: 0 | V50: 0 | W50: 0 | X50: 1 | Y50: 0 | Z50: 3 | AA50: 0 | AB50: 0 | AC50: 1 | AD50: 0 | AE50: 1 | AF50: 1 | AG50: 0 | AH50: 0 | AI50: 1 | AJ50: 0 | AK50: 0 | AL50: 0 | AM50: 0 | AN50: 0 | AO50: 0 | AP50: 0 | AQ50: 1 | AR50: 1 | AS50: 2 | AT50: 2 | AU50: 0 | AV50: 2 | AW50: 1 | AX50: 1 | AY50: 0 | AZ50: 2 | BA50: 2 | BB50: 0 | BC50: 0 | BD50: 0 | BE50: =SUM(E50:BD50) -> 24
B51: 6 | C51: 6. NURHAYATI, S.Pd. | E51: 1 | F51: 0 | G51: 0 | H51: 0 | I51: 0 | J51: 0 | K51: 0 | L51: 0 | M51: 2 | N51: 0 | O51: 0 | P51: 0 | Q51: 0 | R51: 0 | S51: 0 | T51: 0 | U51: 0 | V51: 1 | W51: 0 | X51: 0 | Y51: 1 | Z51: 1 | AA51: 0 | AB51: 0 | AC51: 0 | AD51: 0 | AE51: 0 | AF51: 2 | AG51: 0 | AH51: 0 | AI51: 1 | AJ51: 0 | AK51: 0 | AL51: 0 | AM51: 0 | AN51: 0 | AO51: 0 | AP51: 1 | AQ51: 0 | AR51: 0 | AS51: 0 | AT51: 0 | AU51: 1 | AV51: 0 | AW51: 0 | AX51: 0 | AY51: 0 | AZ51: 0 | BA51: 0 | BB51: 2 | BC51: 0 | BD51: 1 | BE51: =SUM(E51:BD51) -> 14
B52: 7 | C52: 7. MAFTUHA KISWAH | E52: 0 | F52: 0 | G52: 1 | H52: 0 | I52: 0 | J52: 0 | K52: 0 | L52: 0 | M52: 0 | N52: 0 | O52: 0 | P52: 0 | Q52: 0 | R52: 3 | S52: 0 | T52: 0 | U52: 0 | V52: 1 | W52: 2 | X52: 0 | Y52: 0 | Z52: 0 | AA52: 0 | AB52: 0 | AC52: 0 | AD52: 0 | AE52: 0 | AF52: 0 | AG52: 1 | AH52: 0 | AI52: 0 | AJ52: 0 | AK52: 0 | AL52: 1 | AM52: 1 | AN52: 0 | AO52: 0 | AP52: 0 | AQ52: 0 | AR52: 0 | AS52: 0 | AT52: 0 | AU52: 0 | AV52: 0 | AW52: 0 | AX52: 0 | AY52: 0 | AZ52: 0 | BA52: 0 | BB52: 0 | BC52: 0 | BD52: 0 | BE52: =SUM(E52:BD52) -> 10
A53: B | B53: JUMLAH SUARA SAH PARTAI POLITIK DAN CALON (A1 + A2) | E53: =SUM(E45:E52) -> 23 | F53: =SUM(F45:F52) -> 19 | G53: =SUM(G45:G52) -> 23 | H53: =SUM(H45:H52) -> 23 | I53: =SUM(I45:I52) -> 29 | J53: =SUM(J45:J52) -> 5 | K53: =SUM(K45:K52) -> 49 | L53: =SUM(L45:L52) -> 35 | ... BE53: =SUM(BE45:BE52) -> 1736
A55: A.1 | B55: 2. | C55: Partai Gerakan Indonesia Raya | E55: 10 | F55: 8 | G55: 6 | H55: 11 | I55: 12 | J55: 5 | K55: 10 | L55: 11 | M55: 10 | N55: 10 | O55: 9 | P55: 0 | Q55: 8 | R55: 8 | S55: 6 | T55: 6 | U55: 16 | V55: 9 | W55: 11 | X55: 6 | Y55: 7 | Z55: 8 | AA55: 3 | AB55: 9 | AC55: 7 | AD55: 2 | AE55: 7 | AF55: 15 | AG55: 7 | AH55: 7 | AI55: 6 | AJ55: 8 | AK55: 8 | AL55: 8 | AM55: 8 | AN55: 11 | AO55: 10 | AP55: 1 | AQ55: 7 | AR55: 14 | AS55: 5 | AT55: 7 | AU55: 15 | AV55: 21 | AW55: 21 | AX55: 19 | AY55: 12 | AZ55: 12 | BA55: 10 | BB55: 11 | BC55: 9 | BD55: 7 | BE55: =SUM(E55:BD55) -> 474
A56: A.2 | B56: 1 | C56: 1. SUMAIL ABDULLAH | E56: 9 | F56: 9 | G56: 5 | H56: 23 | I56: 23 | J56: 4 | K56: 7 | L56: 9 | M56: 5 | N56: 3 | O56: 12 | P56: 5 | Q56: 11 | R56: 7 | S56: 9 | T56: 5 | U56: 12 | V56: 7 | W56: 8 | X56: 7 | Y56: 10 | Z56: 9 | AA56: 38 | AB56: 9 | AC56: 1 | AD56: 0 | AE56: 3 | AF56: 12 | AG56: 8 | AH56: 5 | AI56: 12 | AJ56: 7 | AK56: 11 | AL56: 11 | AM56: 9 | AN56: 17 | AO56: 6 | AP56: 12 | AQ56: 7 | AR56: 52 | AS56: 28 | AT56: 13 | AU56: 28 | AV56: 27 | AW56: 24 | AX56: 31 | AY56: 26 | AZ56: 10 | BA56: 14 | BB56: 12 | BC56: 8 | BD56: 2 | BE56: =SUM(E56:BD56) -> 642
B57: 2 | C57: 2. MUHAMMAD ALI ADRIAN SALEH | E57: 3 | F57: 3 | G57: 4 | H57: 3 | I57: 5 | J57: 3 | K57: 0 | L57: 3 | M57: 5 | N57: 4 | O57: 4 | P57: 1 | Q57: 0 | R57: 4 | S57: 5 | T57: 1 | U57: 5 | V57: 1 | W57: 1 | X57: 8 | Y57: 1 | Z57: 5 | AA57: 3 | AB57: 1 | AC57: 1 | AD57: 0 | AE57: 4 | AF57: 2 | AG57: 1 | AH57: 3 | AI57: 4 | AJ57: 3 | AK57: 3 | AL57: 3 | AM57: 15 | AN57: 6 | AO57: 5 | AP57: 3 | AQ57: 2 | AR57: 5 | AS57: 5 | AT57: 7 | AU57: 14 | AV57: 41 | AW57: 5 | AX57: 20 | AY57: 4 | AZ57: 3 | BA57: 6 | BB57: 9 | BC57: 8 | BD57: 3 | BE57: =SUM(E57:BD57) -> 258
B58: 3 | C58: 3. DURROTUN NAFISAH | E58: 1 | F58: 1 | G58: 2 | H58: 1 | I58: 1 | J58: 0 | K58: 0 | L58: 0 | M58: 10 | N58: 2 | O58: 0 | P58: 1 | Q58: 3 | R58: 2 | S58: 6 | T58: 0 | U58: 3 | V58: 4 | W58: 7 | X58: 0 | Y58: 4 | Z58: 2 | AA58: 0 | AB58: 1 | AC58: 1 | AD58: 0 | AE58: 0 | AF58: 2 | AG58: 1 | AH58: 1 | AI58: 0 | AJ58: 2 | AK58: 2 | AL58: 2 | AM58: 1 | AN58: 3 | AO58: 2 | AP58: 0 | AQ58: 0 | AR58: 1 | AS58: 0 | AT58: 0 | AU58: 2 | AV58: 1 | AW58: 3 | AX58: 2 | AY58: 0 | AZ58: 2 | BA58: 0 | BB58: 0 | BC58: 0 | BD58: 2 | BE58: =SUM(E58:BD58) -> 81
B59: 4 | C59: 4. H. EKO SUSILO NURHIDAYAT | E59: 3 | F59: 1 | G59: 1 | H59: 3 | I59: 0 | J59: 1 | K59: 0 | L59: 0 | M59: 3 | N59: 1 | O59: 3 | P59: 0 | Q59: 4 | R59: 2 | S59: 1 | T59: 0 | U59: 4 | V59: 1 | W59: 3 | X59: 0 | Y59: 1 | Z59: 1 | AA59: 0 | AB59: 1 | AC59: 1 | AD59: 0 | AE59: 0 | AF59: 1 | AG59: 0 | AH59: 0 | AI59: 0 | AJ59: 0 | AK59: 1 | AL59: 2 | AM59: 0 | AN59: 2 | AO59: 1 | AP59: 3 | AQ59: 2 | AR59: 2 | AS59: 1 | AT59: 4 | AU59: 4 | AV59: 4 | AW59: 1 | AX59: 0 | AY59: 3 | AZ59: 0 | BA59: 2 | BB59: 0 | BC59: 0 | BD59: 2 | BE59: =SUM(E59:BD59) -> 70
B60: 5 | C60: 5. KARNADI HARIJANTO, S.S. | E60: 0 | F60: 0 | G60: 0 | H60: 0 | I60: 0 | J60: 0 | K60: 0 | L60: 0 | M60: 0 | N60: 0 | O60: 0 | P60: 0 | Q60: 2 | R60: 1 | S60: 0 | T60: 0 | U60: 1 | V60: 0 | W60: 2 | X60: 0 | Y60: 1 | Z60: 0 | AA60: 1 | AB60: 0 | AC60: 1 | AD60: 0 | AE60: 0 | AF60: 1 | AG60: 0 | AH60: 1 | AI60: 0 | AJ60: 0 | AK60: 0 | AL60: 3 | AM60: 0 | AN60: 0 | AO60: 1 | AP60: 0 | AQ60: 0 | AR60: 2 | AS60: 1 | AT60: 0 | AU60: 0 | AV60: 0 | AW60: 1 | AX60: 1 | AY60: 0 | AZ60: 0 | BA60: 0 | BB60: 0 | BC60: 1 | BD60: 0 | BE60: =SUM(E60:BD60) -> 21
B61: 6 | C61: 6. NURHAYATI | E61: 1 | F61: 0 | G61: 1 | H61: 1 | I61: 1 | J61: 0 | K61: 2 | L61: 0 | M61: 1 | N61: 2 | O61: 2 | P61: 0 | Q61: 1 | R61: 1 | S61: 2 | T61: 0 | U61: 2 | V61: 0 | W61: 0 | X61: 1 | Y61: 0 | Z61: 0 | AA61: 0 | AB61: 0 | AC61: 1 | AD61: 0 | AE61: 0 | AF61: 1 | AG61: 0 | AH61: 1 | AI61: 0 | AJ61: 1 | AK61: 1 | AL61: 1 | AM61: 0 | AN61: 0 | AO61: 0 | AP61: 0 | AQ61: 0 | AR61: 1 | AS61: 0 | AT61: 0 | AU61: 0 | AV61: 2 | AW61: 0 | AX61: 0 | AY61: 0 | AZ61: 1 | BA61: 2 | BB61: 1 | BC61: 0 | BD61: 1 | BE61: =SUM(E61:BD61) -> 32
B62: 7 | C62: 7. MASHUDI | E62: 0 | F62: 0 | G62: 0 | H62: 0 | I62: 0 | J62: 0 | K62: 0 | L62: 0 | M62: 0 | N62: 0 | O62: 1 | P62: 0 | Q62: 0 | R62: 0 | S62: 1 | T62: 1 | U62: 0 | V62: 0 | W62: 0 | X62: 1 | Y62: 0 | Z62: 0 | AA62: 0 | AB62: 0 | AC62: 0 | AD62: 0 | AE62: 0 | AF62: 0 | AG62: 0 | AH62: 0 | AI62: 0 | AJ62: 0 | AK62: 1 | AL62: 0 | AM62: 0 | AN62: 0 | AO62: 0 | AP62: 0 | AQ62: 0 | AR62: 1 | AS62: 0 | AT62: 0 | AU62: 1 | AV62: 0 | AW62: 0 | AX62: 0 | AY62: 0 | AZ62: 1 | BA62: 0 | BB62: 0 | BC62: 0 | BD62: 0 | BE62: =SUM(E62:BD62) -> 8
A63: B | B63: JUMLAH SUARA SAH PARTAI POLITIK DAN CALON (A1 + A2) | E63: =SUM(E55:E62) -> 27 | F63: =SUM(F55:F62) -> 22 | G63: =SUM(G55:G62) -> 19 | H63: =SUM(H55:H62) -> 42 | I63: =SUM(I55:I62) -> 42 | J63: =SUM(J55:J62) -> 13 | K63: =SUM(K55:K62) -> 19 | L63: =SUM(L55:L62) -> 23 | ... BE63: =SUM(BE55:BE62) -> 1586
A65: A.1 | B65: 3. | C65: Partai Demokrasi Indonesia Perjuangan | E65: 8 | F65: 26 | G65: 9 | H65: 12 | I65: 12 | J65: 8 | K65: 19 | L65: 8 | M65: 17 | N65: 23 | O65: 12 | P65: 7 | Q65: 14 | R65: 9 | S65: 7 | T65: 4 | U65: 16 | V65: 14 | W65: 11 | X65: 8 | Y65: 11 | Z65: 8 | AA65: 6 | AB65: 21 | AC65: 10 | AD65: 3 | AE65: 11 | AF65: 13 | AG65: 5 | AH65: 8 | AI65: 7 | AJ65: 22 | AK65: 12 | AL65: 9 | AM65: 4 | AN65: 7 | AO65: 4 | AP65: 3 | AQ65: 14 | AR65: 8 | AS65: 3 | AT65: 9 | AU65: 3 | AV65: 2 | AW65: 3 | AX65: 7 | AY65: 4 | AZ65: 5 | BA65: 4 | BB65: 8 | BC65: 9 | BD65: 16 | BE65: =SUM(E65:BD65) -> 503
A66: A.2 | B66: 1 | C66: 1. SONNY TRI DANAPARAMITA, S.H., M.H. | E66: 14 | F66: 16 | G66: 13 | H66: 18 | I66: 13 | J66: 21 | K66: 13 | L66: 20 | M66: 11 | N66: 18 | O66: 9 | P66: 9 | Q66: 17 | R66: 11 | S66: 16 | T66: 0 | U66: 9 | V66: 2 | W66: 3 | X66: 4 | Y66: 19 | Z66: 24 | AA66: 9 | AB66: 19 | AC66: 30 | AD66: 49 | AE66: 25 | AF66: 12 | AG66: 7 | AH66: 1 | AI66: 5 | AJ66: 30 | AK66: 7 | AL66: 10 | AM66: 7 | AN66: 11 | AO66: 5 | AP66: 16 | AQ66: 9 | AR66: 19 | AS66: 38 | AT66: 14 | AU66: 4 | AV66: 10 | AW66: 5 | AX66: 5 | AY66: 4 | AZ66: 3 | BA66: 4 | BB66: 8 | BC66: 5 | BD66: 18 | BE66: =SUM(E66:BD66) -> 669
B67: 2 | C67: 2. H. MOHAMAD GUNTUR ROMLI | E67: 17 | F67: 16 | G67: 5 | H67: 6 | I67: 19 | J67: 23 | K67: 22 | L67: 2 | M67: 14 | N67: 11 | O67: 11 | P67: 8 | Q67: 17 | R67: 5 | S67: 8 | T67: 38 | U67: 15 | V67: 18 | W67: 6 | X67: 2 | Y67: 3 | Z67: 5 | AA67: 113 | AB67: 55 | AC67: 27 | AD67: 3 | AE67: 28 | AF67: 21 | AG67: 8 | AH67: 8 | AI67: 3 | AJ67: 8 | AK67: 6 | AL67: 9 | AM67: 6 | AN67: 10 | AO67: 2 | AP67: 8 | AQ67: 20 | AR67: 3 | AS67: 1 | AT67: 3 | AU67: 1 | AV67: 2 | AW67: 1 | AX67: 2 | AY67: 3 | AZ67: 3 | BA67: 2 | BB67: 2 | BC67: 4 | BD67: 7 | BE67: =SUM(E67:BD67) -> 640
B68: 3 | C68: 3. INA AMMANIA | E68: 0 | F68: 2 | G68: 2 | H68: 2 | I68: 1 | J68: 0 | K68: 3 | L68: 0 | M68: 6 | N68: 1 | O68: 2 | P68: 0 | Q68: 2 | R68: 0 | S68: 1 | T68: 0 | U68: 4 | V68: 0 | W68: 1 | X68: 0 | Y68: 0 | Z68: 1 | AA68: 5 | AB68: 1 | AC68: 2 | AD68: 0 | AE68: 1 | AF68: 2 | AG68: 4 | AH68: 1 | AI68: 1 | AJ68: 2 | AK68: 1 | AL68: 2 | AM68: 0 | AN68: 1 | AO68: 0 | AP68: 1 | AQ68: 2 | AR68: 1 | AS68: 1 | AT68: 1 | AU68: 2 | AV68: 0 | AW68: 0 | AX68: 1 | AY68: 1 | AZ68: 1 | BA68: 2 | BB68: 0 | BC68: 3 | BD68: 0 | BE68: =SUM(E68:BD68) -> 67
B69: 4 | C69: 4. IRWAN BACHTIAR RACHMAT, M.Si. | E69: 2 | F69: 2 | G69: 1 | H69: 1 | I69: 1 | J69: 0 | K69: 2 | L69: 1 | M69: 0 | N69: 0 | O69: 1 | P69: 0 | Q69: 2 | R69: 2 | S69: 1 | T69: 0 | U69: 0 | V69: 0 | W69: 1 | X69: 0 | Y69: 3 | Z69: 1 | AA69: 2 | AB69: 0 | AC69: 2 | AD69: 0 | AE69: 0 | AF69: 1 | AG69: 0 | AH69: 0 | AI69: 0 | AJ69: 0 | AK69: 0 | AL69: 1 | AM69: 3 | AN69: 1 | AO69: 0 | AP69: 0 | AQ69: 1 | AR69: 1 | AS69: 0 | AT69: 0 | AU69: 0 | AV69: 1 | AW69: 1 | AX69: 0 | AY69: 1 | AZ69: 0 | BA69: 0 | BB69: 0 | BC69: 1 | BD69: 1 | BE69: =SUM(E69:BD69) -> 38
B70: 5 | C70: 5. LUCKY PERDANA | E70: 40 | F70: 19 | G70: 13 | H70: 8 | I70: 11 | J70: 12 | K70: 19 | L70: 19 | M70: 21 | N70: 12 | O70: 19 | P70: 24 | Q70: 27 | R70: 8 | S70: 16 | T70: 16 | U70: 9 | V70: 14 | W70: 9 | X70: 4 | Y70: 6 | Z70: 3 | AA70: 5 | AB70: 1 | AC70: 0 | AD70: 0 | AE70: 6 | AF70: 7 | AG70: 11 | AH70: 7 | AI70: 2 | AJ70: 5 | AK70: 9 | AL70: 15 | AM70: 6 | AN70: 10 | AO70: 7 | AP70: 10 | AQ70: 17 | AR70: 5 | AS70: 7 | AT70: 4 | AU70: 5 | AV70: 6 | AW70: 6 | AX70: 8 | AY70: 5 | AZ70: 2 | BA70: 2 | BB70: 5 | BC70: 0 | BD70: 5 | BE70: =SUM(E70:BD70) -> 507
B71: 6 | C71: 6. WIWIK PUJIYATI | E71: 2 | F71: 4 | G71: 0 | H71: 0 | I71: 2 | J71: 0 | K71: 1 | L71: 1 | M71: 2 | N71: 0 | O71: 0 | P71: 1 | Q71: 0 | R71: 0 | S71: 1 | T71: 0 | U71: 3 | V71: 0 | W71: 1 | X71: 0 | Y71: 0 | Z71: 0 | AA71: 0 | AB71: 0 | AC71: 0 | AD71: 0 | AE71: 0 | AF71: 1 | AG71: 0 | AH71: 0 | AI71: 0 | AJ71: 1 | AK71: 0 | AL71: 0 | AM71: 0 | AN71: 1 | AO71: 1 | AP71: 2 | AQ71: 0 | AR71: 1 | AS71: 0 | AT71: 1 | AU71: 1 | AV71: 2 | AW71: 0 | AX71: 2 | AY71: 0 | AZ71: 2 | BA71: 0 | BB71: 0 | BC71: 0 | BD71: 2 | BE71: =SUM(E71:BD71) -> 35
B72: 7 | C72: 7. CHANDRA ASTAN, S.T. | E72: 12 | F72: 21 | G72: 5 | H72: 12 | I72: 21 | J72: 48 | K72: 4 | L72: 7 | M72: 9 | N72: 9 | O72: 7 | P72: 4 | Q72: 12 | R72: 55 | S72: 7 | T72: 77 | U72: 10 | V72: 53 | W72: 10 | X72: 9 | Y72: 15 | Z72: 6 | AA72: 0 | AB72: 14 | AC72: 67 | AD72: 76 | AE72: 3 | AF72: 6 | AG72: 6 | AH72: 10 | AI72: 18 | AJ72: 21 | AK72: 59 | AL72: 26 | AM72: 15 | AN72: 14 | AO72: 16 | AP72: 19 | AQ72: 4 | AR72: 2 | AS72: 4 | AT72: 3 | AU72: 1 | AV72: 5 | AW72: 8 | AX72: 6 | AY72: 4 | AZ72: 8 | BA72: 4 | BB72: 6 | BC72: 8 | BD72: 38 | BE72: =SUM(E72:BD72) -> 884
A73: B | B73: JUMLAH SUARA SAH PARTAI POLITIK DAN CALON (A1 + A2) | E73: =SUM(E65:E72) -> 95 | F73: =SUM(F65:F72) -> 106 | G73: =SUM(G65:G72) -> 48 | H73: =SUM(H65:H72) -> 59 | I73: =SUM(I65:I72) -> 80 | J73: =SUM(J65:J72) -> 112 | K73: =SUM(K65:K72) -> 83 | L73: =SUM(L65:L72) -> 58 | ... BE73: =SUM(BE65:BE72) -> 3343
A75: A.1 | B75: 4. | C75: Partai Golongan Karya | E75: 4 | F75: 3 | G75: 7 | H75: 7 | I75: 6 | J75: 1 | K75: 2 | L75: 3 | M75: 6 | N75: 2 | O75: 10 | P75: 3 | Q75: 6 | R75: 3 | S75: 3 | T75: 0 | U75: 7 | V75: 5 | W75: 3 | X75: 2 | Y75: 7 | Z75: 9 | AA75: 5 | AB75: 9 | AC75: 2 | AD75: 4 | AE75: 9 | AF75: 13 | AG75: 2 | AH75: 5 | AI75: 0 | AJ75: 3 | AK75: 6 | AL75: 7 | AM75: 4 | AN75: 3 | AO75: 7 | AP75: 4 | AQ75: 4 | AR75: 1 | AS75: 0 | AT75: 2 | AU75: 4 | AV75: 3 | AW75: 0 | AX75: 1 | AY75: 2 | AZ75: 4 | BA75: 1 | BB75: 7 | BC75: 15 | BD75: 4 | BE75: =SUM(E75:BD75) -> 230
A76: A.2 | B76: 1 | C76: 1. ZULFIKAR ARSE SADIKIN, S.I.P., M.Si. | E76: 1 | F76: 0 | G76: 4 | H76: 10 | I76: 2 | J76: 0 | K76: 4 | L76: 0 | M76: 3 | N76: 3 | O76: 4 | P76: 33 | Q76: 9 | R76: 3 | S76: 2 | T76: 2 | U76: 2 | V76: 2 | W76: 2 | X76: 2 | Y76: 4 | Z76: 11 | AA76: 7 | AB76: 10 | AC76: 3 | AD76: 15 | AE76: 2 | AF76: 3 | AG76: 7 | AH76: 13 | AI76: 3 | AJ76: 1 | AK76: 3 | AL76: 3 | AM76: 0 | AN76: 5 | AO76: 5 | AP76: 10 | AQ76: 4 | AR76: 2 | AS76: 2 | AT76: 3 | AU76: 4 | AV76: 0 | AW76: 0 | AX76: 2 | AY76: 3 | AZ76: 5 | BA76: 3 | BB76: 25 | BC76: 64 | BD76: 2 | BE76: =SUM(E76:BD76) -> 312
B77: 2 | C77: 2. HANDOKO | E77: 3 | F77: 0 | G77: 5 | H77: 8 | I77: 3 | J77: 1 | K77: 0 | L77: 0 | M77: 1 | N77: 4 | O77: 3 | P77: 2 | Q77: 7 | R77: 1 | S77: 8 | T77: 0 | U77: 2 | V77: 0 | W77: 4 | X77: 5 | Y77: 7 | Z77: 1 | AA77: 9 | AB77: 6 | AC77: 2 | AD77: 1 | AE77: 7 | AF77: 7 | AG77: 0 | AH77: 0 | AI77: 1 | AJ77: 1 | AK77: 0 | AL77: 9 | AM77: 2 | AN77: 7 | AO77: 9 | AP77: 2 | AQ77: 1 | AR77: 1 | AS77: 2 | AT77: 4 | AU77: 6 | AV77: 2 | AW77: 1 | AX77: 5 | AY77: 2 | AZ77: 2 | BA77: 0 | BB77: 6 | BC77: 5 | BD77: 1 | BE77: =SUM(E77:BD77) -> 166
B78: 3 | C78: 3. Hj. OVI DEWI YANTI | E78: 0 | F78: 0 | G78: 5 | H78: 3 | I78: 0 | J78: 0 | K78: 0 | L78: 1 | M78: 0 | N78: 0 | O78: 2 | P78: 1 | Q78: 4 | R78: 1 | S78: 0 | T78: 1 | U78: 0 | V78: 1 | W78: 1 | X78: 0 | Y78: 1 | Z78: 0 | AA78: 1 | AB78: 7 | AC78: 0 | AD78: 1 | AE78: 2 | AF78: 2 | AG78: 0 | AH78: 3 | AI78: 1 | AJ78: 2 | AK78: 2 | AL78: 2 | AM78: 4 | AN78: 2 | AO78: 1 | AP78: 3 | AQ78: 2 | AR78: 1 | AS78: 1 | AT78: 3 | AU78: 1 | AV78: 0 | AW78: 2 | AX78: 1 | AY78: 0 | AZ78: 0 | BA78: 0 | BB78: 0 | BC78: 1 | BD78: 0 | BE78: =SUM(E78:BD78) -> 66
B79: 4 | C79: 4. Ir. AZAM AZMAN NATAWIJANA | E79: 0 | F79: 2 | G79: 0 | H79: 1 | I79: 0 | J79: 1 | K79: 0 | L79: 0 | M79: 0 | N79: 1 | O79: 1 | P79: 2 | Q79: 2 | R79: 1 | S79: 1 | T79: 0 | U79: 0 | V79: 0 | W79: 0 | X79: 0 | Y79: 1 | Z79: 0 | AA79: 3 | AB79: 2 | AC79: 1 | AD79: 0 | AE79: 0 | AF79: 0 | AG79: 0 | AH79: 1 | AI79: 0 | AJ79: 0 | AK79: 0 | AL79: 1 | AM79: 3 | AN79: 5 | AO79: 1 | AP79: 0 | AQ79: 1 | AR79: 1 | AS79: 0 | AT79: 0 | AU79: 0 | AV79: 0 | AW79: 0 | AX79: 4 | AY79: 0 | AZ79: 1 | BA79: 5 | BB79: 0 | BC79: 4 | BD79: 0 | BE79: =SUM(E79:BD79) -> 46
B80: 5 | C80: 5. UBAIDILLAH AMIN, S.Kom. | E80: 0 | F80: 0 | G80: 2 | H80: 1 | I80: 1 | J80: 0 | K80: 0 | L80: 1 | M80: 0 | N80: 0 | O80: 0 | P80: 0 | Q80: 0 | R80: 2 | S80: 0 | T80: 0 | U80: 0 | V80: 0 | W80: 5 | X80: 0 | Y80: 0 | Z80: 0 | AA80: 1 | AB80: 0 | AC80: 0 | AD80: 0 | AE80: 0 | AF80: 4 | AG80: 0 | AH80: 0 | AI80: 1 | AJ80: 0 | AK80: 0 | AL80: 2 | AM80: 1 | AN80: 1 | AO80: 0 | AP80: 2 | AQ80: 0 | AR80: 0 | AS80: 0 | AT80: 0 | AU80: 1 | AV80: 1 | AW80: 0 | AX80: 0 | AY80: 0 | AZ80: 1 | BA80: 1 | BB80: 5 | BC80: 1 | BD80: 1 | BE80: =SUM(E80:BD80) -> 35
B81: 6 | C81: 6. DENNY YUNIANDARI, S.H., M.Kn. | E81: 0 | F81: 0 | G81: 0 | H81: 0 | I81: 0 | J81: 0 | K81: 0 | L81: 0 | M81: 0 | N81: 0 | O81: 1 | P81: 0 | Q81: 1 | R81: 1 | S81: 0 | T81: 0 | U81: 0 | V81: 0 | W81: 0 | X81: 0 | Y81: 0 | Z81: 0 | AA81: 0 | AB81: 0 | AC81: 0 | AD81: 0 | AE81: 0 | AF81: 0 | AG81: 0 | AH81: 0 | AI81: 1 | AJ81: 0 | AK81: 0 | AL81: 0 | AM81: 0 | AN81: 1 | AO81: 0 | AP81: 0 | AQ81: 0 | AR81: 0 | AS81: 0 | AT81: 0 | AU81: 0 | AV81: 0 | AW81: 0 | AX81: 0 | AY81: 2 | AZ81: 0 | BA81: 0 | BB81: 0 | BC81: 0 | BD81: 0 | BE81: =SUM(E81:BD81) -> 7
B82: 7 | C82: 7. ERNADI, S.H.I. | E82: 0 | F82: 0 | G82: 0 | H82: 0 | I82: 0 | J82: 0 | K82: 0 | L82: 0 | M82: 0 | N82: 0 | O82: 0 | P82: 0 | Q82: 0 | R82: 0 | S82: 0 | T82: 0 | U82: 0 | V82: 0 | W82: 1 | X82: 0 | Y82: 0 | Z82: 0 | AA82: 0 | AB82: 0 | AC82: 0 | AD82: 0 | AE82: 0 | AF82: 0 | AG82: 0 | AH82: 0 | AI82: 0 | AJ82: 0 | AK82: 0 | AL82: 1 | AM82: 0 | AN82: 0 | AO82: 1 | AP82: 0 | AQ82: 0 | AR82: 0 | AS82: 0 | AT82: 0 | AU82: 0 | AV82: 1 | AW82: 0 | AX82: 0 | AY82: 0 | AZ82: 0 | BA82: 0 | BB82: 0 | BC82: 0 | BD82: 0 | BE82: =SUM(E82:BD82) -> 4
A83: B | B83: JUMLAH SUARA SAH PARTAI POLITIK DAN CALON (A1 + A2) | E83: =SUM(E75:E82) -> 8 | F83: =SUM(F75:F82) -> 5 | G83: =SUM(G75:G82) -> 23 | H83: =SUM(H75:H82) -> 30 | I83: =SUM(I75:I82) -> 12 | J83: =SUM(J75:J82) -> 3 | K83: =SUM(K75:K82) -> 6 | L83: =SUM(L75:L82) -> 5 | ... BE83: =SUM(BE75:BE82) -> 866
A85: A.1 | B85: 5. | C85: Partai NasDem | E85: 1 | F85: 4 | G85: 0 | H85: 1 | I85: 2 | J85: 0 | K85: 1 | L85: 1 | M85: 1 | N85: 0 | O85: 1 | P85: 1 | Q85: 0 | R85: 2 | S85: 2 | T85: 1 | U85: 0 | V85: 1 | W85: 3 | X85: 6 | Y85: 6 | Z85: 8 | AA85: 0 | AB85: 1 | AC85: 0 | AD85: 0 | AE85: 2 | AF85: 6 | AG85: 4 | AH85: 1 | AI85: 4 | AJ85: 2 | AK85: 0 | AL85: 1 | AM85: 1 | AN85: 1 | AO85: 3 | AP85: 2 | AQ85: 0 | AR85: 4 | AS85: 0 | AT85: 6 | AU85: 2 | AV85: 0 | AW85: 2 | AX85: 0 | AY85: 0 | AZ85: 1 | BA85: 3 | BB85: 1 | BC85: 3 | BD85: 3 | BE85: =SUM(E85:BD85) -> 95
A86: A.2 | B86: 1 | C86: 1. ACH. FADIL MUZAKKI SYAH | E86: 2 | F86: 1 | G86: 4 | H86: 5 | I86: 1 | J86: 1 | K86: 3 | L86: 4 | M86: 1 | N86: 0 | O86: 6 | P86: 0 | Q86: 9 | R86: 0 | S86: 1 | T86: 6 | U86: 1 | V86: 1 | W86: 3 | X86: 13 | Y86: 9 | Z86: 7 | AA86: 1 | AB86: 4 | AC86: 2 | AD86: 2 | AE86: 1 | AF86: 12 | AG86: 29 | AH86: 8 | AI86: 8 | AJ86: 2 | AK86: 8 | AL86: 7 | AM86: 13 | AN86: 7 | AO86: 3 | AP86: 2 | AQ86: 2 | AR86: 17 | AS86: 37 | AT86: 26 | AU86: 22 | AV86: 19 | AW86: 1 | AX86: 0 | AY86: 3 | AZ86: 1 | BA86: 1 | BB86: 0 | BC86: 3 | BD86: 6 | BE86: =SUM(E86:BD86) -> 325
B87: 2 | C87: 2. BENY | E87: 0 | F87: 0 | G87: 0 | H87: 0 | I87: 1 | J87: 0 | K87: 0 | L87: 0 | M87: 0 | N87: 0 | O87: 0 | P87: 1 | Q87: 0 | R87: 0 | S87: 0 | T87: 0 | U87: 1 | V87: 0 | W87: 0 | X87: 0 | Y87: 1 | Z87: 0 | AA87: 1 | AB87: 0 | AC87: 0 | AD87: 0 | AE87: 0 | AF87: 1 | AG87: 3 | AH87: 0 | AI87: 0 | AJ87: 1 | AK87: 0 | AL87: 1 | AM87: 1 | AN87: 0 | AO87: 0 | AP87: 1 | AQ87: 0 | AR87: 0 | AS87: 1 | AT87: 0 | AU87: 0 | AV87: 0 | AW87: 0 | AX87: 0 | AY87: 0 | AZ87: 1 | BA87: 0 | BB87: 0 | BC87: 0 | BD87: 0 | BE87: =SUM(E87:BD87) -> 15
B88: 3 | C88: 3. VINA VERONIKA | E88: 0 | F88: 0 | G88: 0 | H88: 0 | I88: 0 | J88: 0 | K88: 0 | L88: 0 | M88: 0 | N88: 0 | O88: 0 | P88: 0 | Q88: 1 | R88: 0 | S88: 0 | T88: 0 | U88: 0 | V88: 0 | W88: 0 | X88: 0 | Y88: 0 | Z88: 0 | AA88: 0 | AB88: 0 | AC88: 0 | AD88: 0 | AE88: 0 | AF88: 0 | AG88: 0 | AH88: 0 | AI88: 0 | AJ88: 0 | AK88: 0 | AL88: 0 | AM88: 0 | AN88: 0 | AO88: 0 | AP88: 0 | AQ88: 0 | AR88: 0 | AS88: 0 | AT88: 0 | AU88: 1 | AV88: 0 | AW88: 0 | AX88: 0 | AY88: 0 | AZ88: 1 | BA88: 1 | BB88: 0 | BC88: 0 | BD88: 0 | BE88: =SUM(E88:BD88) -> 4
B89: 4 | C89: 4. TEDDY ANUGRIANTO | E89: 0 | F89: 0 | G89: 0 | H89: 0 | I89: 0 | J89: 0 | K89: 0 | L89: 0 | M89: 0 | N89: 0 | O89: 0 | P89: 0 | Q89: 1 | R89: 0 | S89: 0 | T89: 0 | U89: 0 | V89: 0 | W89: 2 | X89: 0 | Y89: 0 | Z89: 0 | AA89: 0 | AB89: 0 | AC89: 0 | AD89: 0 | AE89: 0 | AF89: 0 | AG89: 0 | AH89: 1 | AI89: 1 | AJ89: 0 | AK89: 2 | AL89: 2 | AM89: 0 | AN89: 0 | AO89: 8 | AP89: 4 | AQ89: 0 | AR89: 0 | AS89: 0 | AT89: 0 | AU89: 0 | AV89: 0 | AW89: 0 | AX89: 0 | AY89: 0 | AZ89: 0 | BA89: 2 | BB89: 0 | BC89: 1 | BD89: 0 | BE89: =SUM(E89:BD89) -> 24
B90: 5 | C90: 5. INSAN KAMIL | E90: 1 | F90: 0 | G90: 0 | H90: 1 | I90: 0 | J90: 1 | K90: 0 | L90: 0 | M90: 0 | N90: 0 | O90: 0 | P90: 0 | Q90: 0 | R90: 0 | S90: 0 | T90: 0 | U90: 0 | V90: 0 | W90: 1 | X90: 0 | Y90: 0 | Z90: 0 | AA90: 0 | AB90: 0 | AC90: 0 | AD90: 1 | AE90: 0 | AF90: 3 | AG90: 1 | AH90: 0 | AI90: 2 | AJ90: 0 | AK90: 0 | AL90: 0 | AM90: 0 | AN90: 0 | AO90: 1 | AP90: 0 | AQ90: 4 | AR90: 1 | AS90: 0 | AT90: 3 | AU90: 0 | AV90: 0 | AW90: 0 | AX90: 0 | AY90: 0 | AZ90: 0 | BA90: 0 | BB90: 0 | BC90: 2 | BD90: 0 | BE90: =SUM(E90:BD90) -> 22
B91: 6 | C91: 6. LILIK LINDARWATI | E91: 0 | F91: 0 | G91: 0 | H91: 0 | I91: 0 | J91: 0 | K91: 0 | L91: 0 | M91: 0 | N91: 0 | O91: 0 | P91: 0 | Q91: 0 | R91: 0 | S91: 0 | T91: 0 | U91: 0 | V91: 0 | W91: 0 | X91: 0 | Y91: 0 | Z91: 0 | AA91: 0 | AB91: 0 | AC91: 0 | AD91: 0 | AE91: 0 | AF91: 0 | AG91: 2 | AH91: 0 | AI91: 0 | AJ91: 0 | AK91: 0 | AL91: 0 | AM91: 0 | AN91: 0 | AO91: 0 | AP91: 0 | AQ91: 0 | AR91: 0 | AS91: 0 | AT91: 0 | AU91: 0 | AV91: 0 | AW91: 0 | AX91: 0 | AY91: 1 | AZ91: 0 | BA91: 3 | BB91: 0 | BC91: 1 | BD91: 0 | BE91: =SUM(E91:BD91) -> 7
B92: 7 | C92: 7. YULI ANITA | E92: 0 | F92: 0 | G92: 0 | H92: 0 | I92: 0 | J92: 0 | K92: 0 | L92: 0 | M92: 0 | N92: 0 | O92: 0 | P92: 0 | Q92: 0 | R92: 0 | S92: 0 | T92: 0 | U92: 0 | V92: 0 | W92: 1 | X92: 0 | Y92: 0 | Z92: 0 | AA92: 0 | AB92: 0 | AC92: 0 | AD92: 0 | AE92: 0 | AF92: 0 | AG92: 2 | AH92: 0 | AI92: 0 | AJ92: 0 | AK92: 0 | AL92: 0 | AM92: 0 | AN92: 0 | AO92: 0 | AP92: 0 | AQ92: 0 | AR92: 0 | AS92: 0 | AT92: 0 | AU92: 0 | AV92: 0 | AW92: 0 | AX92: 0 | AY92: 0 | AZ92: 0 | BA92: 0 | BB92: 0 | BC92: 2 | BD92: 0 | BE92: =SUM(E92:BD92) -> 5
A93: B | B93: JUMLAH SUARA SAH PARTAI POLITIK DAN CALON (A1 + A2) | E93: =SUM(E85:E92) -> 4 | F93: =SUM(F85:F92) -> 5 | G93: =SUM(G85:G92) -> 4 | H93: =SUM(H85:H92) -> 7 | I93: =SUM(I85:I92) -> 4 | J93: =SUM(J85:J92) -> 2 | K93: =SUM(K85:K92) -> 4 | L93: =SUM(L85:L92) -> 5 | ... BE93: =SUM(BE85:BE92) -> 497
A95: A.1 | B95: 6. | C95: Partai Buruh | E95: 1 | F95: 0 | G95: 0 | H95: 1 | I95: 0 | J95: 0 | K95: 0 | L95: 0 | M95: 0 | N95: 0 | O95: 0 | P95: 0 | Q95: 2 | R95: 0 | S95: 1 | T95: 0 | U95: 0 | V95: 0 | W95: 0 | X95: 0 | Y95: 0 | Z95: 1 | AA95: 0 | AB95: 0 | AC95: 0 | AD95: 0 | AE95: 2 | AF95: 0 | AG95: 1 | AH95: 0 | AI95: 0 | AJ95: 0 | AK95: 0 | AL95: 0 | AM95: 0 | AN95: 2 | AO95: 0 | AP95: 0 | AQ95: 0 | AR95: 0 | AS95: 0 | AT95: 1 | AU95: 0 | AV95: 1 | AW95: 0 | AX95: 0 | AY95: 0 | AZ95: 0 | BA95: 1 | BB95: 0 | BC95: 1 | BD95: 0 | BE95: =SUM(E95:BD95) -> 15
A96: A.2 | B96: 1 | C96: 1. KHOIRUL ANAM | E96: 1 | F96: 0 | G96: 0 | H96: 0 | I96: 0 | J96: 0 | K96: 0 | L96: 0 | M96: 0 | N96: 0 | O96: 0 | P96: 0 | Q96: 1 | R96: 1 | S96: 0 | T96: 0 | U96: 1 | V96: 0 | W96: 0 | X96: 0 | Y96: 0 | Z96: 0 | AA96: 0 | AB96: 0 | AC96: 0 | AD96: 0 | AE96: 0 | AF96: 0 | AG96: 0 | AH96: 0 | AI96: 0 | AJ96: 0 | AK96: 0 | AL96: 3 | AM96: 1 | AN96: 2 | AO96: 0 | AP96: 0 | AQ96: 0 | AR96: 0 | AS96: 0 | AT96: 0 | AU96: 0 | AV96: 0 | AW96: 0 | AX96: 0 | AY96: 0 | AZ96: 0 | BA96: 1 | BB96: 0 | BC96: 0 | BD96: 0 | BE96: =SUM(E96:BD96) -> 11
B97: 2 | C97: 2. INA KURNIA | E97: 0 | F97: 0 | G97: 0 | H97: 0 | I97: 0 | J97: 0 | K97: 0 | L97: 0 | M97: 0 | N97: 1 | O97: 0 | P97: 0 | Q97: 0 | R97: 0 | S97: 0 | T97: 0 | U97: 0 | V97: 2 | W97: 0 | X97: 0 | Y97: 0 | Z97: 0 | AA97: 0 | AB97: 0 | AC97: 0 | AD97: 0 | AE97: 0 | AF97: 0 | AG97: 0 | AH97: 1 | AI97: 0 | AJ97: 0 | AK97: 0 | AL97: 0 | AM97: 0 | AN97: 0 | AO97: 0 | AP97: 0 | AQ97: 0 | AR97: 0 | AS97: 0 | AT97: 0 | AU97: 0 | AV97: 0 | AW97: 0 | AX97: 0 | AY97: 0 | AZ97: 0 | BA97: 0 | BB97: 0 | BC97: 0 | BD97: 0 | BE97: =SUM(E97:BD97) -> 4
B98: 3 | C98: 3. JIBRAL TAROUK | E98: 0 | F98: 0 | G98: 0 | H98: 0 | I98: 0 | J98: 0 | K98: 0 | L98: 0 | M98: 0 | N98: 0 | O98: 0 | P98: 0 | Q98: 0 | R98: 0 | S98: 0 | T98: 0 | U98: 0 | V98: 0 | W98: 0 | X98: 0 | Y98: 0 | Z98: 0 | AA98: 0 | AB98: 0 | AC98: 0 | AD98: 0 | AE98: 0 | AF98: 0 | AG98: 0 | AH98: 0 | AI98: 0 | AJ98: 0 | AK98: 0 | AL98: 0 | AM98: 0 | AN98: 0 | AO98: 0 | AP98: 0 | AQ98: 0 | AR98: 0 | AS98: 0 | AT98: 0 | AU98: 0 | AV98: 0 | AW98: 0 | AX98: 0 | AY98: 0 | AZ98: 0 | BA98: 0 | BB98: 0 | BC98: 0 | BD98: 0 | BE98: =SUM(E98:BD98) -> 0
B99: 4 | C99: 4. ASTUTI DAENG PUJI | E99: 0 | F99: 0 | G99: 0 | H99: 0 | I99: 0 | J99: 0 | K99: 0 | L99: 0 | M99: 0 | N99: 0 | O99: 0 | P99: 0 | Q99: 0 | R99: 0 | S99: 0 | T99: 0 | U99: 0 | V99: 0 | W99: 0 | X99: 0 | Y99: 0 | Z99: 0 | AA99: 0 | AB99: 0 | AC99: 0 | AD99: 0 | AE99: 0 | AF99: 0 | AG99: 0 | AH99: 0 | AI99: 0 | AJ99: 0 | AK99: 0 | AL99: 0 | AM99: 0 | AN99: 0 | AO99: 0 | AP99: 0 | AQ99: 0 | AR99: 0 | AS99: 0 | AT99: 0 | AU99: 0 | AV99: 0 | AW99: 0 | AX99: 0 | AY99: 0 | AZ99: 0 | BA99: 1 | BB99: 0 | BC99: 0 | BD99: 0 | BE99: =SUM(E99:BD99) -> 1
B100: 5 | C100: 5. ASDARMAWAN | E100: 0 | F100: 0 | G100: 0 | H100: 0 | I100: 0 | J100: 0 | K100: 0 | L100: 0 | M100: 0 | N100: 0 | O100: 0 | P100: 0 | Q100: 0 | R100: 0 | S100: 0 | T100: 0 | U100: 0 | V100: 0 | W100: 0 | X100: 0 | Y100: 0 | Z100: 0 | AA100: 0 | AB100: 0 | AC100: 0 | AD100: 0 | AE100: 0 | AF100: 0 | AG100: 0 | AH100: 0 | AI100: 0 | AJ100: 0 | AK100: 0 | AL100: 0 | AM100: 0 | AN100: 0 | AO100: 0 | AP100: 0 | AQ100: 0 | AR100: 0 | AS100: 0 | AT100: 0 | AU100: 0 | AV100: 0 | AW100: 0 | AX100: 0 | AY100: 0 | AZ100: 0 | BA100: 0 | BB100: 0 | BC100: 0 | BD100: 0 | BE100: =SUM(E100:BD100) -> 0
B101: 6 | C101: 6. RIFQI MUBAROK | E101: 0 | F101: 0 | G101: 0 | H101: 0 | I101: 0 | J101: 0 | K101: 0 | L101: 0 | M101: 0 | N101: 0 | O101: 0 | P101: 0 | Q101: 0 | R101: 0 | S101: 0 | T101: 0 | U101: 0 | V101: 0 | W101: 0 | X101: 0 | Y101: 0 | Z101: 0 | AA101: 0 | AB101: 0 | AC101: 0 | AD101: 0 | AE101: 0 | AF101: 0 | AG101: 0 | AH101: 0 | AI101: 0 | AJ101: 0 | AK101: 0 | AL101: 0 | AM101: 0 | AN101: 0 | AO101: 0 | AP101: 0 | AQ101: 0 | AR101: 0 | AS101: 0 | AT101: 0 | AU101: 0 | AV101: 0 | AW101: 0 | AX101: 0 | AY101: 0 | AZ101: 0 | BA101: 0 | BB101: 0 | BC101: 0 | BD101: 0 | BE101: =SUM(E101:BD101) -> 0
B102: 7 | C102: 7. FIRNANDA ALTA MEGA | E102: 0 | F102: 0 | G102: 0 | H102: 0 | I102: 0 | J102: 0 | K102: 0 | L102: 0 | M102: 0 | N102: 0 | O102: 0 | P102: 0 | Q102: 0 | R102: 0 | S102: 0 | T102: 0 | U102: 0 | V102: 0 | W102: 0 | X102: 0 | Y102: 0 | Z102: 0 | AA102: 0 | AB102: 0 | AC102: 0 | AD102: 0 | AE102: 0 | AF102: 0 | AG102: 0 | AH102: 0 | AI102: 0 | AJ102: 0 | AK102: 0 | AL102: 0 | AM102: 0 | AN102: 0 | AO102: 0 | AP102: 0 | AQ102: 0 | AR102: 0 | AS102: 0 | AT102: 0 | AU102: 0 | AV102: 0 | AW102: 0 | AX102: 0 | AY102: 0 | AZ102: 0 | BA102: 0 | BB102: 0 | BC102: 0 | BD102: 0 | BE102: =SUM(E102:BD102) -> 0
A103: B | B103: JUMLAH SUARA SAH PARTAI POLITIK DAN CALON (A1 + A2) | E103: =SUM(E95:E102) -> 2 | F103: =SUM(F95:F102) -> 0 | G103: =SUM(G95:G102) -> 0 | H103: =SUM(H95:H102) -> 1 | I103: =SUM(I95:I102) -> 0 | J103: =SUM(J95:J102) -> 0 | K103: =SUM(K95:K102) -> 0 | L103: =SUM(L95:L102) -> 0 | ... BE103: =SUM(BE95:BE102) -> 31
A105: A.1 | B105: 7. | C105: Partai Gelombang Rakyat Indonesia | E105: 0 | F105: 0 | G105: 0 | H105: 1 | I105: 0 | J105: 1 | K105: 0 | L105: 1 | M105: 0 | N105: 0 | O105: 1 | P105: 0 | Q105: 0 | R105: 1 | S105: 1 | T105: 2 | U105: 2 | V105: 5 | W105: 0 | X105: 2 | Y105: 0 | Z105: 0 | AA105: 0 | AB105: 0 | AC105: 2 | AD105: 0 | AE105: 0 | AF105: 1 | AG105: 0 | AH105: 7 | AI105: 1 | AJ105: 0 | AK105: 0 | AL105: 0 | AM105: 0 | AN105: 0 | AO105: 2 | AP105: 2 | AQ105: 0 | AR105: 0 | AS105: 0 | AT105: 1 | AU105: 1 | AV105: 1 | AW105: 2 | AX105: 0 | AY105: 2 | AZ105: 2 | BA105: 0 | BB105: 1 | BC105: 1 | BD105: 1 | BE105: =SUM(E105:BD105) -> 44
A106: A.2 | B106: 1 | C106: 1. TITI WIDORETNO WARISMAN | E106: 0 | F106: 1 | G106: 0 | H106: 1 | I106: 1 | J106: 0 | K106: 0 | L106: 0 | M106: 0 | N106: 1 | O106: 0 | P106: 0 | Q106: 2 | R106: 0 | S106: 0 | T106: 0 | U106: 0 | V106: 1 | W106: 0 | X106: 0 | Y106: 0 | Z106: 0 | AA106: 0 | AB106: 1 | AC106: 2 | AD106: 1 | AE106: 0 | AF106: 1 | AG106: 1 | AH106: 2 | AI106: 0 | AJ106: 0 | AK106: 0 | AL106: 0 | AM106: 0 | AN106: 0 | AO106: 0 | AP106: 0 | AQ106: 0 | AR106: 0 | AS106: 0 | AT106: 0 | AU106: 0 | AV106: 0 | AW106: 0 | AX106: 0 | AY106: 0 | AZ106: 0 | BA106: 0 | BB106: 1 | BC106: 0 | BD106: 0 | BE106: =SUM(E106:BD106) -> 16
B107: 2 | C107: 2. MAMIEK SETYANINGSIH | E107: 0 | F107: 0 | G107: 0 | H107: 0 | I107: 0 | J107: 0 | K107: 0 | L107: 0 | M107: 0 | N107: 0 | O107: 0 | P107: 0 | Q107: 0 | R107: 0 | S107: 0 | T107: 0 | U107: 0 | V107: 0 | W107: 0 | X107: 0 | Y107: 0 | Z107: 0 | AA107: 0 | AB107: 0 | AC107: 0 | AD107: 0 | AE107: 0 | AF107: 0 | AG107: 0 | AH107: 1 | AI107: 0 | AJ107: 0 | AK107: 0 | AL107: 0 | AM107: 0 | AN107: 0 | AO107: 0 | AP107: 0 | AQ107: 0 | AR107: 0 | AS107: 0 | AT107: 0 | AU107: 0 | AV107: 0 | AW107: 0 | AX107: 0 | AY107: 0 | AZ107: 0 | BA107: 0 | BB107: 0 | BC107: 0 | BD107: 0 | BE107: =SUM(E107:BD107) -> 1
B108: 3 | C108: 3. ROMIL AZIZEN | E108: 0 | F108: 0 | G108: 0 | H108: 1 | I108: 0 | J108: 0 | K108: 0 | L108: 0 | M108: 0 | N108: 0 | O108: 0 | P108: 0 | Q108: 0 | R108: 0 | S108: 0 | T108: 0 | U108: 0 | V108: 0 | W108: 0 | X108: 0 | Y108: 0 | Z108: 0 | AA108: 0 | AB108: 0 | AC108: 0 | AD108: 0 | AE108: 0 | AF108: 1 | AG108: 0 | AH108: 0 | AI108: 0 | AJ108: 1 | AK108: 0 | AL108: 0 | AM108: 0 | AN108: 0 | AO108: 0 | AP108: 0 | AQ108: 0 | AR108: 0 | AS108: 0 | AT108: 0 | AU108: 0 | AV108: 0 | AW108: 0 | AX108: 0 | AY108: 0 | AZ108: 0 | BA108: 0 | BB108: 0 | BC108: 0 | BD108: 0 | BE108: =SUM(E108:BD108) -> 3
A109: B | B109: JUMLAH SUARA SAH PARTAI POLITIK DAN CALON (A1 + A2) | E109: =SUM(E105:E108) -> 0 | F109: =SUM(F105:F108) -> 1 | G109: =SUM(G105:G108) -> 0 | H109: =SUM(H105:H108) -> 3 | I109: =SUM(I105:I108) -> 1 | J109: =SUM(J105:J108) -> 1 | K109: =SUM(K105:K108) -> 0 | L109: =SUM(L105:L108) -> 1 | ... BE109: =SUM(BE105:BE108) -> 64
A111: A.1 | B111: 8. | C111: Partai Keadilan Sejahtera | E111: 0 | F111: 1 | G111: 2 | H111: 1 | I111: 1 | J111: 2 | K111: 2 | L111: 4 | M111: 0 | N111: 1 | O111: 2 | P111: 0 | Q111: 2 | R111: 1 | S111: 3 | T111: 0 | U111: 2 | V111: 0 | W111: 1 | X111: 1 | Y111: 1 | Z111: 0 | AA111: 0 | AB111: 1 | AC111: 0 | AD111: 1 | AE111: 2 | AF111: 1 | AG111: 0 | AH111: 1 | AI111: 1 | AJ111: 0 | AK111: 1 | AL111: 1 | AM111: 0 | AN111: 0 | AO111: 11 | AP111: 4 | AQ111: 1 | AR111: 0 | AS111: 0 | AT111: 2 | AU111: 0 | AV111: 0 | AW111: 1 | AX111: 2 | AY111: 0 | AZ111: 1 | BA111: 0 | BB111: 7 | BC111: 0 | BD111: 0 | BE111: =SUM(E111:BD111) -> 65
A112: A.2 | B112: 1 | C112: 1. H. SAIMI SALEH, S.E., M.M. | E112: 3 | F112: 1 | G112: 2 | H112: 1 | I112: 1 | J112: 6 | K112: 6 | L112: 2 | M112: 2 | N112: 1 | O112: 2 | P112: 1 | Q112: 3 | R112: 2 | S112: 2 | T112: 0 | U112: 0 | V112: 2 | W112: 1 | X112: 0 | Y112: 2 | Z112: 2 | AA112: 1 | AB112: 0 | AC112: 6 | AD112: 8 | AE112: 3 | AF112: 1 | AG112: 5 | AH112: 4 | AI112: 2 | AJ112: 0 | AK112: 2 | AL112: 4 | AM112: 0 | AN112: 8 | AO112: 33 | AP112: 4 | AQ112: 3 | AR112: 1 | AS112: 1 | AT112: 3 | AU112: 1 | AV112: 2 | AW112: 2 | AX112: 2 | AY112: 5 | AZ112: 1 | BA112: 0 | BB112: 7 | BC112: 0 | BD112: 0 | BE112: =SUM(E112:BD112) -> 151
B113: 2 | C113: 2. Prof. Dr. H. EGGI SUDJANA, S.H., M.Si. | E113: 1 | F113: 1 | G113: 5 | H113: 3 | I113: 2 | J113: 1 | K113: 8 | L113: 10 | M113: 0 | N113: 1 | O113: 2 | P113: 7 | Q113: 2 | R113: 1 | S113: 1 | T113: 0 | U113: 0 | V113: 0 | W113: 3 | X113: 1 | Y113: 0 | Z113: 0 | AA113: 1 | AB113: 0 | AC113: 0 | AD113: 1 | AE113: 3 | AF113: 3 | AG113: 10 | AH113: 2 | AI113: 2 | AJ113: 0 | AK113: 3 | AL113: 4 | AM113: 0 | AN113: 1 | AO113: 2 | AP113: 2 | AQ113: 2 | AR113: 2 | AS113: 1 | AT113: 0 | AU113: 2 | AV113: 0 | AW113: 0 | AX113: 0 | AY113: 0 | AZ113: 0 | BA113: 1 | BB113: 2 | BC113: 0 | BD113: 1 | BE113: =SUM(E113:BD113) -> 94
B114: 3 | C114: 3. NURUL KHOTIMAH | E114: 0 | F114: 0 | G114: 0 | H114: 0 | I114: 0 | J114: 0 | K114: 0 | L114: 1 | M114: 1 | N114: 0 | O114: 0 | P114: 0 | Q114: 0 | R114: 1 | S114: 0 | T114: 0 | U114: 0 | V114: 0 | W114: 0 | X114: 0 | Y114: 0 | Z114: 0 | AA114: 0 | AB114: 0 | AC114: 0 | AD114: 0 | AE114: 0 | AF114: 0 | AG114: 1 | AH114: 0 | AI114: 0 | AJ114: 0 | AK114: 0 | AL114: 0 | AM114: 0 | AN114: 0 | AO114: 2 | AP114: 0 | AQ114: 1 | AR114: 0 | AS114: 0 | AT114: 0 | AU114: 0 | AV114: 0 | AW114: 0 | AX114: 0 | AY114: 0 | AZ114: 1 | BA114: 0 | BB114: 0 | BC114: 0 | BD114: 0 | BE114: =SUM(E114:BD114) -> 8
B115: 4 | C115: 4. AKHMAD SUYANTO, S.T., M.T. | E115: 1 | F115: 0 | G115: 0 | H115: 0 | I115: 0 | J115: 0 | K115: 0 | L115: 0 | M115: 0 | N115: 0 | O115: 0 | P115: 0 | Q115: 0 | R115: 1 | S115: 1 | T115: 0 | U115: 0 | V115: 0 | W115: 0 | X115: 0 | Y115: 0 | Z115: 0 | AA115: 0 | AB115: 0 | AC115: 1 | AD115: 0 | AE115: 0 | AF115: 0 | AG115: 0 | AH115: 0 | AI115: 0 | AJ115: 1 | AK115: 0 | AL115: 0 | AM115: 0 | AN115: 0 | AO115: 0 | AP115: 0 | AQ115: 0 | AR115: 0 | AS115: 0 | AT115: 0 | AU115: 0 | AV115: 0 | AW115: 0 | AX115: 0 | AY115: 0 | AZ115: 0 | BA115: 0 | BB115: 0 | BC115: 0 | BD115: 0 | BE115: =SUM(E115:BD115) -> 5
B116: 5 | C116: 5. PUJIYATNI | E116: 0 | F116: 0 | G116: 0 | H116: 0 | I116: 0 | J116: 0 | K116: 0 | L116: 1 | M116: 0 | N116: 0 | O116: 0 | P116: 0 | Q116: 0 | R116: 0 | S116: 0 | T116: 0 | U116: 0 | V116: 0 | W116: 1 | X116: 0 | Y116: 0 | Z116: 0 | AA116: 0 | AB116: 0 | AC116: 0 | AD116: 0 | AE116: 0 | AF116: 0 | AG116: 0 | AH116: 0 | AI116: 0 | AJ116: 0 | AK116: 1 | AL116: 0 | AM116: 0 | AN116: 0 | AO116: 0 | AP116: 1 | AQ116: 0 | AR116: 0 | AS116: 0 | AT116: 0 | AU116: 0 | AV116: 0 | AW116: 0 | AX116: 0 | AY116: 0 | AZ116: 0 | BA116: 0 | BB116: 0 | BC116: 0 | BD116: 0 | BE116: =SUM(E116:BD116) -> 4
B117: 6 | C117: 6. HENI PURWATININGSIH | E117: 0 | F117: 0 | G117: 0 | H117: 0 | I117: 0 | J117: 0 | K117: 0 | L117: 0 | M117: 0 | N117: 0 | O117: 0 | P117: 0 | Q117: 0 | R117: 1 | S117: 0 | T117: 0 | U117: 0 | V117: 0 | W117: 0 | X117: 0 | Y117: 0 | Z117: 0 | AA117: 1 | AB117: 0 | AC117: 0 | AD117: 0 | AE117: 0 | AF117: 0 | AG117: 0 | AH117: 0 | AI117: 0 | AJ117: 0 | AK117: 0 | AL117: 0 | AM117: 0 | AN117: 1 | AO117: 0 | AP117: 0 | AQ117: 0 | AR117: 0 | AS117: 0 | AT117: 0 | AU117: 0 | AV117: 0 | AW117: 0 | AX117: 0 | AY117: 0 | AZ117: 0 | BA117: 0 | BB117: 0 | BC117: 0 | BD117: 0 | BE117: =SUM(E117:BD117) -> 3
B118: 7 | C118: 7. MUHADI | E118: 0 | F118: 0 | G118: 0 | H118: 0 | I118: 0 | J118: 0 | K118: 0 | L118: 0 | M118: 0 | N118: 0 | O118: 1 | P118: 0 | Q118: 0 | R118: 0 | S118: 0 | T118: 0 | U118: 0 | V118: 0 | W118: 0 | X118: 0 | Y118: 0 | Z118: 0 | AA118: 0 | AB118: 0 | AC118: 0 | AD118: 0 | AE118: 0 | AF118: 0 | AG118: 0 | AH118: 0 | AI118: 0 | AJ118: 0 | AK118: 0 | AL118: 0 | AM118: 0 | AN118: 0 | AO118: 0 | AP118: 0 | AQ118: 0 | AR118: 0 | AS118: 0 | AT118: 0 | AU118: 0 | AV118: 0 | AW118: 0 | AX118: 0 | AY118: 0 | AZ118: 0 | BA118: 0 | BB118: 0 | BC118: 0 | BD118: 0 | BE118: =SUM(E118:BD118) -> 1
...

Sheet KLATAK
C2: Kecamatan | D2: WONGSOREJO
C3: Kabupaten | D3: BANYUWANGI
C4: Provinsi | D4: JAWA TIMUR
C9: Kelurahan | D9: KLATAK
A12: I | B12: DATA PEMILIH DAN PENGGUNAAN HAK PILIH | AV12: JUMLAH AKHIR
