Workbook

Sheet DPR RI
C8: Kecamatan | D8: BLIMBINGSARI
C9: Kabupaten | D9: BANYUWANGI
C10: Provinsi | D10: JAWA TIMUR
A12: I | B12: DATA PEMILIH DAN PENGGUNAAN HAK PILIH | E12: JUMLAH AKHIR
A13: A | B13: DATA PEMILIH
B14: Jumlah Pemilih dalam Daftar Pemilih Tetap (DPT) | D14: LK | E14: =BADEAN!AB14+BLIMBINGSARI!U14+BOMO!W14+GINTANGAN!Z14+KALIGUNG!R14+KAOTAN!M14+KARANGREJO!P14+PATOMAN!T14+SUKOJATI!P14+WATUKEBO!AK14 -> 21865
D15: PR | E15: =BADEAN!AB15+BLIMBINGSARI!U15+BOMO!W15+GINTANGAN!Z15+KALIGUNG!R15+KAOTAN!M15+KARANGREJO!P15+PATOMAN!T15+SUKOJATI!P15+WATUKEBO!AK15 -> 21891
D16: JML | E16: =SUM(E14:E15) -> 43756
A18: B | B18: PENGGUNA HAK PILIH
B19: 1. | C19: Jumlah pengguna hak pilih dalam Daftar Pemilih Tetap (DPT) | D19: LK | E19: =BADEAN!AB19+BLIMBINGSARI!U19+BOMO!W19+GINTANGAN!Z19+KALIGUNG!R19+KAOTAN!M19+KARANGREJO!P19+PATOMAN!T19+SUKOJATI!P19+WATUKEBO!AK19 -> 16193
D20: PR | E20: =BADEAN!AB20+BLIMBINGSARI!U20+BOMO!W20+GINTANGAN!Z20+KALIGUNG!R20+KAOTAN!M20+KARANGREJO!P20+PATOMAN!T20+SUKOJATI!P20+WATUKEBO!AK20 -> 17835
D21: JML | E21: =SUM(E19:E20) -> 34028
B22: 2. | C22: Jumlah pengguna hak pilih dalam Daftar Pemilih Tambahan (DPTb) | D22: LK | E22: =BADEAN!AB22+BLIMBINGSARI!U22+BOMO!W22+GINTANGAN!Z22+KALIGUNG!R22+KAOTAN!M22+KARANGREJO!P22+PATOMAN!T22+SUKOJATI!P22+WATUKEBO!AK22 -> 16
D23: PR | E23: =BADEAN!AB23+BLIMBINGSARI!U23+BOMO!W23+GINTANGAN!Z23+KALIGUNG!R23+KAOTAN!M23+KARANGREJO!P23+PATOMAN!T23+SUKOJATI!P23+WATUKEBO!AK23 -> 16
D24: JML | E24: =SUM(E22:E23) -> 32
B25: 3. | C25: Jumlah pengguna hak pilih dalam Daftar Pemilih Khusus (DPK) | D25: LK | E25: =BADEAN!AB25+BLIMBINGSARI!U25+BOMO!W25+GINTANGAN!Z25+KALIGUNG!R25+KAOTAN!M25+KARANGREJO!P25+PATOMAN!T25+SUKOJATI!P25+WATUKEBO!AK25 -> 100
D26: PR | E26: =BADEAN!AB26+BLIMBINGSARI!U26+BOMO!W26+GINTANGAN!Z26+KALIGUNG!R26+KAOTAN!M26+KARANGREJO!P26+PATOMAN!T26+SUKOJATI!P26+WATUKEBO!AK26 -> 139
D27: JML | E27: =SUM(E25:E26) -> 239
B28: 4. | C28: Jumlah Pengguna Hak Pilih (B.1+B.2+B.3) | D28: LK | E28: =E19+E22+E25 -> 16309
D29: PR | E29: =E20+E23+E26 -> 17990
D30: JML | E30: =SUM(E28:E29) -> 34299
A32: II | B32: DATA PENGGUNAAN SURAT SUARA
A33: 1 | B33: Jumlah surat suara yang diterima, termasuk surat suara cadangan 2,5% dari DPT | E33: =BADEAN!AB33+BLIMBINGSARI!U33+BOMO!W33+GINTANGAN!Z33+KALIGUNG!R33+KAOTAN!M33+KARANGREJO!P33+PATOMAN!T33+SUKOJATI!P33+WATUKEBO!AK33 -> 44641
A34: 2 | B34: Jumlah surat suara yang digunakan | E34: =BADEAN!AB34+BLIMBINGSARI!U34+BOMO!W34+GINTANGAN!Z34+KALIGUNG!R34+KAOTAN!M34+KARANGREJO!P34+PATOMAN!T34+SUKOJATI!P34+WATUKEBO!AK34 -> 34299
A35: 3 | B35: Jumlah surat suara dikembalikan oleh pemilih (karena rusak atau keliru coblos) | E35: =BADEAN!AB35+BLIMBINGSARI!U35+BOMO!W35+GINTANGAN!Z35+KALIGUNG!R35+KAOTAN!M35+KARANGREJO!P35+PATOMAN!T35+SUKOJATI!P35+WATUKEBO!AK35 -> 119
A36: 4 | B36: Jumlah surat suara yang tidak digunakan/tidak terpakai, termasuk sisa surat suara cadangan | E36: =E33-(E34+E35) -> 10223
A38: III | B38: DATA PEMILIH DISABILITAS
B39: Jumlah seluruh Pemilih disabilitas yang menggunakan hak pilih | D39: LK | E39: =BADEAN!AB39+BLIMBINGSARI!U39+BOMO!W39+GINTANGAN!Z39+KALIGUNG!R39+KAOTAN!M39+KARANGREJO!P39+PATOMAN!T39+SUKOJATI!P39+WATUKEBO!AK39 -> 47
D40: PR | E40: =BADEAN!AB40+BLIMBINGSARI!U40+BOMO!W40+GINTANGAN!Z40+KALIGUNG!R40+KAOTAN!M40+KARANGREJO!P40+PATOMAN!T40+SUKOJATI!P40+WATUKEBO!AK40 -> 49
D41: JML | E41: =SUM(E39:E40) -> 96
A43: IV | B43: DATA RINCIAN PEROLEHAN SUARA PASANGAN CALON BUPATI DAN WAKIL BUPATI
A44: NOMOR DAN NAMA CALON
A45: A.1 | B45: 1. | C45: Partai Kebangkitan Bangsa | E45: =BADEAN!AB45+BLIMBINGSARI!U45+BOMO!W45+GINTANGAN!Z45+KALIGUNG!R45+KAOTAN!M45+KARANGREJO!P45+PATOMAN!T45+SUKOJATI!P45+WATUKEBO!AK45 -> 1345
A46: A.2 | B46: 1 | C46: 1. Dr. Hj. NIHAYATUL WAFIROH, M.A. | E46: =BADEAN!AB46+BLIMBINGSARI!U46+BOMO!W46+GINTANGAN!Z46+KALIGUNG!R46+KAOTAN!M46+KARANGREJO!P46+PATOMAN!T46+SUKOJATI!P46+WATUKEBO!AK46 -> 3675
B47: 2 | C47: 2. H. M. NASIM KHAN | E47: =BADEAN!AB47+BLIMBINGSARI!U47+BOMO!W47+GINTANGAN!Z47+KALIGUNG!R47+KAOTAN!M47+KARANGREJO!P47+PATOMAN!T47+SUKOJATI!P47+WATUKEBO!AK47 -> 357
B48: 3 | C48: 3. Dr. H. AKIK ZAMAN, M.Pd.I. | E48: =BADEAN!AB48+BLIMBINGSARI!U48+BOMO!W48+GINTANGAN!Z48+KALIGUNG!R48+KAOTAN!M48+KARANGREJO!P48+PATOMAN!T48+SUKOJATI!P48+WATUKEBO!AK48 -> 94
B49: 4 | C49: 4. AHMAD RIFA'I, S.H. | E49: =BADEAN!AB49+BLIMBINGSARI!U49+BOMO!W49+GINTANGAN!Z49+KALIGUNG!R49+KAOTAN!M49+KARANGREJO!P49+PATOMAN!T49+SUKOJATI!P49+WATUKEBO!AK49 -> 104
B50: 5 | C50: 5. Drs. H. MAHFUD M.N. | E50: =BADEAN!AB50+BLIMBINGSARI!U50+BOMO!W50+GINTANGAN!Z50+KALIGUNG!R50+KAOTAN!M50+KARANGREJO!P50+PATOMAN!T50+SUKOJATI!P50+WATUKEBO!AK50 -> 58
B51: 6 | C51: 6. NURHAYATI, S.Pd. | E51: =BADEAN!AB51+BLIMBINGSARI!U51+BOMO!W51+GINTANGAN!Z51+KALIGUNG!R51+KAOTAN!M51+KARANGREJO!P51+PATOMAN!T51+SUKOJATI!P51+WATUKEBO!AK51 -> 35
B52: 7 | C52: 7. MAFTUHA KISWAH | E52: =BADEAN!AB52+BLIMBINGSARI!U52+BOMO!W52+GINTANGAN!Z52+KALIGUNG!R52+KAOTAN!M52+KARANGREJO!P52+PATOMAN!T52+SUKOJATI!P52+WATUKEBO!AK52 -> 16
A55: B | B55: JUMLAH SUARA SAH PARTAI POLITIK DAN CALON (A1 + A2) | E55: =SUM(E45:E52) -> 5684
A57: A.1 | B57: 2. | C57: Partai Gerakan Indonesia Raya | E57: =BADEAN!AB57+BLIMBINGSARI!U57+BOMO!W57+GINTANGAN!Z57+KALIGUNG!R57+KAOTAN!M57+KARANGREJO!P57+PATOMAN!T57+SUKOJATI!P57+WATUKEBO!AK57 -> 1106
A58: A.2 | B58: 1 | C58: 1. SUMAIL ABDULLAH | E58: =BADEAN!AB58+BLIMBINGSARI!U58+BOMO!W58+GINTANGAN!Z58+KALIGUNG!R58+KAOTAN!M58+KARANGREJO!P58+PATOMAN!T58+SUKOJATI!P58+WATUKEBO!AK58 -> 2714
B59: 2 | C59: 2. MUHAMMAD ALI ADRIAN SALEH | E59: =BADEAN!AB59+BLIMBINGSARI!U59+BOMO!W59+GINTANGAN!Z59+KALIGUNG!R59+KAOTAN!M59+KARANGREJO!P59+PATOMAN!T59+SUKOJATI!P59+WATUKEBO!AK59 -> 403
B60: 3 | C60: 3. DURROTUN NAFISAH | E60: =BADEAN!AB60+BLIMBINGSARI!U60+BOMO!W60+GINTANGAN!Z60+KALIGUNG!R60+KAOTAN!M60+KARANGREJO!P60+PATOMAN!T60+SUKOJATI!P60+WATUKEBO!AK60 -> 123
B61: 4 | C61: 4. H. EKO SUSILO NURHIDAYAT | E61: =BADEAN!AB61+BLIMBINGSARI!U61+BOMO!W61+GINTANGAN!Z61+KALIGUNG!R61+KAOTAN!M61+KARANGREJO!P61+PATOMAN!T61+SUKOJATI!P61+WATUKEBO!AK61 -> 140
B62: 5 | C62: 5. KARNADI HARIJANTO, S.S. | E62: =BADEAN!AB62+BLIMBINGSARI!U62+BOMO!W62+GINTANGAN!Z62+KALIGUNG!R62+KAOTAN!M62+KARANGREJO!P62+PATOMAN!T62+SUKOJATI!P62+WATUKEBO!AK62 -> 38
B63: 6 | C63: 6. NURHAYATI | E63: =BADEAN!AB63+BLIMBINGSARI!U63+BOMO!W63+GINTANGAN!Z63+KALIGUNG!R63+KAOTAN!M63+KARANGREJO!P63+PATOMAN!T63+SUKOJATI!P63+WATUKEBO!AK63 -> 43
B64: 7 | C64: 7. MASHUDI | E64: =BADEAN!AB64+BLIMBINGSARI!U64+BOMO!W64+GINTANGAN!Z64+KALIGUNG!R64+KAOTAN!M64+KARANGREJO!P64+PATOMAN!T64+SUKOJATI!P64+WATUKEBO!AK64 -> 114
A67: B | B67: JUMLAH SUARA SAH PARTAI POLITIK DAN CALON (A1 + A2) | E67: =SUM(E57:E64) -> 4681
A69: A.1 | B69: 3. | C69: Partai Demokrasi Indonesia Perjuangan | E69: =BADEAN!AB69+BLIMBINGSARI!U69+BOMO!W69+GINTANGAN!Z69+KALIGUNG!R69+KAOTAN!M69+KARANGREJO!P69+PATOMAN!T69+SUKOJATI!P69+WATUKEBO!AK69 -> 809
A70: A.2 | B70: 1 | C70: 1. SONNY TRI DANAPARAMITA, S.H., M.H. | E70: =BADEAN!AB70+BLIMBINGSARI!U70+BOMO!W70+GINTANGAN!Z70+KALIGUNG!R70+KAOTAN!M70+KARANGREJO!P70+PATOMAN!T70+SUKOJATI!P70+WATUKEBO!AK70 -> 1198
B71: 2 | C71: 2. H. MOHAMAD GUNTUR ROMLI | E71: =BADEAN!AB71+BLIMBINGSARI!U71+BOMO!W71+GINTANGAN!Z71+KALIGUNG!R71+KAOTAN!M71+KARANGREJO!P71+PATOMAN!T71+SUKOJATI!P71+WATUKEBO!AK71 -> 887
B72: 3 | C72: 3. INA AMMANIA | E72: =BADEAN!AB72+BLIMBINGSARI!U72+BOMO!W72+GINTANGAN!Z72+KALIGUNG!R72+KAOTAN!M72+KARANGREJO!P72+PATOMAN!T72+SUKOJATI!P72+WATUKEBO!AK72 -> 586
B73: 4 | C73: 4. IRWAN BACHTIAR RACHMAT, M.Si. | E73: =BADEAN!AB73+BLIMBINGSARI!U73+BOMO!W73+GINTANGAN!Z73+KALIGUNG!R73+KAOTAN!M73+KARANGREJO!P73+PATOMAN!T73+SUKOJATI!P73+WATUKEBO!AK73 -> 58
B74: 5 | C74: 5. LUCKY PERDANA | E74: =BADEAN!AB74+BLIMBINGSARI!U74+BOMO!W74+GINTANGAN!Z74+KALIGUNG!R74+KAOTAN!M74+KARANGREJO!P74+PATOMAN!T74+SUKOJATI!P74+WATUKEBO!AK74 -> 417
B75: 6 | C75: 6. WIWIK PUJIYATI | E75: =BADEAN!AB75+BLIMBINGSARI!U75+BOMO!W75+GINTANGAN!Z75+KALIGUNG!R75+KAOTAN!M75+KARANGREJO!P75+PATOMAN!T75+SUKOJATI!P75+WATUKEBO!AK75 -> 48
B76: 7 | C76: 7. CHANDRA ASTAN, S.T. | E76: =BADEAN!AB76+BLIMBINGSARI!U76+BOMO!W76+GINTANGAN!Z76+KALIGUNG!R76+KAOTAN!M76+KARANGREJO!P76+PATOMAN!T76+SUKOJATI!P76+WATUKEBO!AK76 -> 529
A79: B | B79: JUMLAH SUARA SAH PARTAI POLITIK DAN CALON (A1 + A2) | E79: =SUM(E69:E76) -> 4532
A81: A.1 | B81: 4. | C81: Partai Golongan Karya | E81: =BADEAN!AB81+BLIMBINGSARI!U81+BOMO!W81+GINTANGAN!Z81+KALIGUNG!R81+KAOTAN!M81+KARANGREJO!P81+PATOMAN!T81+SUKOJATI!P81+WATUKEBO!AK81 -> 767
A82: A.2 | B82: 1 | C82: 1. ZULFIKAR ARSE SADIKIN, S.I.P., M.Si. | E82: =BADEAN!AB82+BLIMBINGSARI!U82+BOMO!W82+GINTANGAN!Z82+KALIGUNG!R82+KAOTAN!M82+KARANGREJO!P82+PATOMAN!T82+SUKOJATI!P82+WATUKEBO!AK82 -> 2284
B83: 2 | C83: 2. HANDOKO | E83: =BADEAN!AB83+BLIMBINGSARI!U83+BOMO!W83+GINTANGAN!Z83+KALIGUNG!R83+KAOTAN!M83+KARANGREJO!P83+PATOMAN!T83+SUKOJATI!P83+WATUKEBO!AK83 -> 983
B84: 3 | C84: 3. Hj. OVI DEWI YANTI | E84: =BADEAN!AB84+BLIMBINGSARI!U84+BOMO!W84+GINTANGAN!Z84+KALIGUNG!R84+KAOTAN!M84+KARANGREJO!P84+PATOMAN!T84+SUKOJATI!P84+WATUKEBO!AK84 -> 74
B85: 4 | C85: 4. Ir. AZAM AZMAN NATAWIJANA | E85: =BADEAN!AB85+BLIMBINGSARI!U85+BOMO!W85+GINTANGAN!Z85+KALIGUNG!R85+KAOTAN!M85+KARANGREJO!P85+PATOMAN!T85+SUKOJATI!P85+WATUKEBO!AK85 -> 72
B86: 5 | C86: 5. UBAIDILLAH AMIN, S.Kom. | E86: =BADEAN!AB86+BLIMBINGSARI!U86+BOMO!W86+GINTANGAN!Z86+KALIGUNG!R86+KAOTAN!M86+KARANGREJO!P86+PATOMAN!T86+SUKOJATI!P86+WATUKEBO!AK86 -> 1083
B87: 6 | C87: 6. DENNY YUNIANDARI, S.H., M.Kn. | E87: =BADEAN!AB87+BLIMBINGSARI!U87+BOMO!W87+GINTANGAN!Z87+KALIGUNG!R87+KAOTAN!M87+KARANGREJO!P87+PATOMAN!T87+SUKOJATI!P87+WATUKEBO!AK87 -> 50
B88: 7 | C88: 7. ERNADI, S.H.I. | E88: =BADEAN!AB88+BLIMBINGSARI!U88+BOMO!W88+GINTANGAN!Z88+KALIGUNG!R88+KAOTAN!M88+KARANGREJO!P88+PATOMAN!T88+SUKOJATI!P88+WATUKEBO!AK88 -> 18
A91: B | B91: JUMLAH SUARA SAH PARTAI POLITIK DAN CALON (A1 + A2) | E91: =SUM(E81:E88) -> 5331
A93: A.1 | B93: 5. | C93: Partai NasDem | E93: =BADEAN!AB93+BLIMBINGSARI!U93+BOMO!W93+GINTANGAN!Z93+KALIGUNG!R93+KAOTAN!M93+KARANGREJO!P93+PATOMAN!T93+SUKOJATI!P93+WATUKEBO!AK93 -> 199
A94: A.2 | B94: 1 | C94: 1. ACH. FADIL MUZAKKI SYAH | E94: =BADEAN!AB94+BLIMBINGSARI!U94+BOMO!W94+GINTANGAN!Z94+KALIGUNG!R94+KAOTAN!M94+KARANGREJO!P94+PATOMAN!T94+SUKOJATI!P94+WATUKEBO!AK94 -> 464
B95: 2 | C95: 2. BENY | E95: =BADEAN!AB95+BLIMBINGSARI!U95+BOMO!W95+GINTANGAN!Z95+KALIGUNG!R95+KAOTAN!M95+KARANGREJO!P95+PATOMAN!T95+SUKOJATI!P95+WATUKEBO!AK95 -> 181
B96: 3 | C96: 3. VINA VERONIKA | E96: =BADEAN!AB96+BLIMBINGSARI!U96+BOMO!W96+GINTANGAN!Z96+KALIGUNG!R96+KAOTAN!M96+KARANGREJO!P96+PATOMAN!T96+SUKOJATI!P96+WATUKEBO!AK96 -> 24
B97: 4 | C97: 4. TEDDY ANUGRIANTO | E97: =BADEAN!AB97+BLIMBINGSARI!U97+BOMO!W97+GINTANGAN!Z97+KALIGUNG!R97+KAOTAN!M97+KARANGREJO!P97+PATOMAN!T97+SUKOJATI!P97+WATUKEBO!AK97 -> 353
B98: 5 | C98: 5. INSAN KAMIL | E98: =BADEAN!AB98+BLIMBINGSARI!U98+BOMO!W98+GINTANGAN!Z98+KALIGUNG!R98+KAOTAN!M98+KARANGREJO!P98+PATOMAN!T98+SUKOJATI!P98+WATUKEBO!AK98 -> 24
B99: 6 | C99: 6. LILIK LINDARWATI | E99: =BADEAN!AB99+BLIMBINGSARI!U99+BOMO!W99+GINTANGAN!Z99+KALIGUNG!R99+KAOTAN!M99+KARANGREJO!P99+PATOMAN!T99+SUKOJATI!P99+WATUKEBO!AK99 -> 2
B100: 7 | C100: 7. YULI ANITA | E100: =BADEAN!AB100+BLIMBINGSARI!U100+BOMO!W100+GINTANGAN!Z100+KALIGUNG!R100+KAOTAN!M100+KARANGREJO!P100+PATOMAN!T100+SUKOJATI!P100+WATUKEBO!AK100 -> 4
A103: B | B103: JUMLAH SUARA SAH PARTAI POLITIK DAN CALON (A1 + A2) | E103: =SUM(E93:E100) -> 1251
A105: A.1 | B105: 6. | C105: Partai Buruh | E105: =BADEAN!AB105+BLIMBINGSARI!U105+BOMO!W105+GINTANGAN!Z105+KALIGUNG!R105+KAOTAN!M105+KARANGREJO!P105+PATOMAN!T105+SUKOJATI!P105+WATUKEBO!AK105 -> 62
A106: A.2 | B106: 1 | C106: 1. KHOIRUL ANAM | E106: =BADEAN!AB106+BLIMBINGSARI!U106+BOMO!W106+GINTANGAN!Z106+KALIGUNG!R106+KAOTAN!M106+KARANGREJO!P106+PATOMAN!T106+SUKOJATI!P106+WATUKEBO!AK106 -> 27
B107: 2 | C107: 2. INA KURNIA | E107: =BADEAN!AB107+BLIMBINGSARI!U107+BOMO!W107+GINTANGAN!Z107+KALIGUNG!R107+KAOTAN!M107+KARANGREJO!P107+PATOMAN!T107+SUKOJATI!P107+WATUKEBO!AK107 -> 9
B108: 3 | C108: 3. JIBRAL TAROUK | E108: =BADEAN!AB108+BLIMBINGSARI!U108+BOMO!W108+GINTANGAN!Z108+KALIGUNG!R108+KAOTAN!M108+KARANGREJO!P108+PATOMAN!T108+SUKOJATI!P108+WATUKEBO!AK108 -> 9
B109: 4 | C109: 4. ASTUTI DAENG PUJI | E109: =BADEAN!AB109+BLIMBINGSARI!U109+BOMO!W109+GINTANGAN!Z109+KALIGUNG!R109+KAOTAN!M109+KARANGREJO!P109+PATOMAN!T109+SUKOJATI!P109+WATUKEBO!AK109 -> 5
B110: 5 | C110: 5. ASDARMAWAN | E110: =BADEAN!AB110+BLIMBINGSARI!U110+BOMO!W110+GINTANGAN!Z110+KALIGUNG!R110+KAOTAN!M110+KARANGREJO!P110+PATOMAN!T110+SUKOJATI!P110+WATUKEBO!AK110 -> 1
B111: 6 | C111: 6. RIFQI MUBAROK | E111: =BADEAN!AB111+BLIMBINGSARI!U111+BOMO!W111+GINTANGAN!Z111+KALIGUNG!R111+KAOTAN!M111+KARANGREJO!P111+PATOMAN!T111+SUKOJATI!P111+WATUKEBO!AK111 -> 6
B112: 7 | C112: 7. FIRNANDA ALTA MEGA | E112: =BADEAN!AB112+BLIMBINGSARI!U112+BOMO!W112+GINTANGAN!Z112+KALIGUNG!R112+KAOTAN!M112+KARANGREJO!P112+PATOMAN!T112+SUKOJATI!P112+WATUKEBO!AK112 -> 0
A115: B | B115: JUMLAH SUARA SAH PARTAI POLITIK DAN CALON (A1 + A2) | E115: =SUM(E105:E112) -> 119
A117: A.1 | B117: 7. | C117: Partai Gelombang Rakyat Indonesia | E117: =BADEAN!AB117+BLIMBINGSARI!U117+BOMO!W117+GINTANGAN!Z117+KALIGUNG!R117+KAOTAN!M117+KARANGREJO!P117+PATOMAN!T117+SUKOJATI!P117+WATUKEBO!AK117 -> 98
A118: A.2 | B118: 1 | C118: 1. TITI WIDORETNO WARISMAN | E118: =BADEAN!AB118+BLIMBINGSARI!U118+BOMO!W118+GINTANGAN!Z118+KALIGUNG!R118+KAOTAN!M118+KARANGREJO!P118+PATOMAN!T118+SUKOJATI!P118+WATUKEBO!AK118 -> 34
B119: 2 | C119: 2. MAMIEK SETYANINGSIH | E119: =BADEAN!AB119+BLIMBINGSARI!U119+BOMO!W119+GINTANGAN!Z119+KALIGUNG!R119+KAOTAN!M119+KARANGREJO!P119+PATOMAN!T119+SUKOJATI!P119+WATUKEBO!AK119 -> 12
B120: 3 | C120: 3. ROMIL AZIZEN | E120: =BADEAN!AB120+BLIMBINGSARI!U120+BOMO!W120+GINTANGAN!Z120+KALIGUNG!R120+KAOTAN!M120+KARANGREJO!P120+PATOMAN!T120+SUKOJATI!P120+WATUKEBO!AK120 -> 7
A127: B | B127: JUMLAH SUARA SAH PARTAI POLITIK DAN CALON (A1 + A2) | E127: =SUM(E117:E120) -> 151
A129: A.1 | B129: 8. | C129: Partai Keadilan Sejahtera | E129: =BADEAN!AB129+BLIMBINGSARI!U129+BOMO!W129+GINTANGAN!Z129+KALIGUNG!R129+KAOTAN!M129+KARANGREJO!P129+PATOMAN!T129+SUKOJATI!P129+WATUKEBO!AK129 -> 51
A130: A.2 | B130: 1 | C130: 1. H. SAIMI SALEH, S.E., M.M. | E130: =BADEAN!AB130+BLIMBINGSARI!U130+BOMO!W130+GINTANGAN!Z130+KALIGUNG!R130+KAOTAN!M130+KARANGREJO!P130+PATOMAN!T130+SUKOJATI!P130+WATUKEBO!AK130 -> 213
B131: 2 | C131: 2. Prof. Dr. H. EGGI SUDJANA, S.H., M.Si. | E131: =BADEAN!AB131+BLIMBINGSARI!U131+BOMO!W131+GINTANGAN!Z131+KALIGUNG!R131+KAOTAN!M131+KARANGREJO!P131+PATOMAN!T131+SUKOJATI!P131+WATUKEBO!AK131 -> 59
B132: 3 | C132: 3. NURUL KHOTIMAH | E132: =BADEAN!AB132+BLIMBINGSARI!U132+BOMO!W132+GINTANGAN!Z132+KALIGUNG!R132+KAOTAN!M132+KARANGREJO!P132+PATOMAN!T132+SUKOJATI!P132+WATUKEBO!AK132 -> 6
B133: 4 | C133: 4. AKHMAD SUYANTO, S.T., M.T. | E133: =BADEAN!AB133+BLIMBINGSARI!U133+BOMO!W133+GINTANGAN!Z133+KALIGUNG!R133+KAOTAN!M133+KARANGREJO!P133+PATOMAN!T133+SUKOJATI!P133+WATUKEBO!AK133 -> 6
B134: 5 | C134: 5. PUJIYATNI | E134: =BADEAN!AB134+BLIMBINGSARI!U134+BOMO!W134+GINTANGAN!Z134+KALIGUNG!R134+KAOTAN!M134+KARANGREJO!P134+PATOMAN!T134+SUKOJATI!P134+WATUKEBO!AK134 -> 8
B135: 6 | C135: 6. HENI PURWATININGSIH | E135: =BADEAN!AB135+BLIMBINGSARI!U135+BOMO!W135+GINTANGAN!Z135+KALIGUNG!R135+KAOTAN!M135+KARANGREJO!P135+PATOMAN!T135+SUKOJATI!P135+WATUKEBO!AK135 -> 1
B136: 7 | C136: 7. MUHADI | E136: =BADEAN!AB136+BLIMBINGSARI!U136+BOMO!W136+GINTANGAN!Z136+KALIGUNG!R136+KAOTAN!M136+KARANGREJO!P136+PATOMAN!T136+SUKOJATI!P136+WATUKEBO!AK136 -> 3
A139: B | B139: JUMLAH SUARA SAH PARTAI POLITIK DAN CALON (A1 + A2) | E139: =SUM(E129:E136) -> 347
...

Sheet BADEAN
C2: Kecamatan | D2: BLIMBINGSARI
C3: Kabupaten | D3: BANYUWANGI
C4: Provinsi | D4: JAWA TIMUR
C9: Kelurahan | D9: BADEAN
A12: I | B12: DATA PEMILIH DAN PENGGUNAAN HAK PILIH | AB12: JUMLAH AKHIR
A13: A | B13: DATA PEMILIH | E13: TPS 001 | F13: TPS 002 | G13: TPS 003 | H13: TPS 004 | I13: TPS 005 | J13: TPS 006 | K13: TPS 007 | L13: TPS 008 | M13: TPS 009 | N13: TPS 010 | O13: TPS 011 | P13: TPS 012 | Q13: TPS 013 | R13: TPS 014 | S13: TPS 015 | T13: TPS 016 | U13: TPS 017 | V13: TPS 018 | W13: TPS 019 | X13: TPS 020 | Y13: TPS 021 | Z13: TPS 022 | AA13: TPS 023
B14: Jumlah Pemilih dalam Daftar Pemilih Tetap (DPT) | D14: LK | E14: 135 | F14: 117 | G14: 109 | H14: 108 | I14: 137 | J14: 145 | K14: 122 | L14: 119 | M14: 144 | N14: 134 | O14: 146 | P14: 128 | Q14: 141 | R14: 115 | S14: 85 | T14: 89 | U14: 124 | V14: 120 | W14: 134 | X14: 136 | Y14: 131 | Z14: 125 | AA14: 125 | AB14: =SUM(E14:AA14) -> 2869
D15: PR | E15: 130 | F15: 129 | G15: 141 | H15: 122 | I15: 129 | J15: 134 | K15: 132 | L15: 151 | M15: 131 | N15: 143 | O15: 129 | P15: 126 | Q15: 125 | R15: 114 | S15: 102 | T15: 101 | U15: 129 | V15: 131 | W15: 126 | X15: 122 | Y15: 124 | Z15: 116 | AA15: 114 | AB15: =SUM(E15:AA15) -> 2901
D16: JML | E16: 265 | F16: 246 | G16: 250 | H16: 230 | I16: 266 | J16: 279 | K16: 254 | L16: 270 | M16: 275 | N16: 277 | O16: 275 | P16: 254 | Q16: 266 | R16: 229 | S16: 187 | T16: 190 | U16: 253 | V16: 251 | W16: 260 | X16: 258 | Y16: 255 | Z16: 241 | AA16: 239 | AB16: =SUM(E16:AA16) -> 5770
A18: B | B18: PENGGUNA HAK PILIH
B19: 1. | C19: Jumlah pengguna hak pilih dalam Daftar Pemilih Tetap (DPT) | D19: LK | E19: 111 | F19: 99 | G19: 84 | H19: 86 | I19: 104 | J19: 102 | K19: 85 | L19: 72 | M19: 104 | N19: 93 | O19: 106 | P19: 104 | Q19: 93 | R19: 67 | S19: 64 | T19: 55 | U19: 92 | V19: 91 | W19: 100 | X19: 98 | Y19: 100 | Z19: 104 | AA19: 95 | AB19: =SUM(E19:AA19) -> 2109
D20: PR | E20: 114 | F20: 104 | G20: 115 | H20: 98 | I20: 108 | J20: 102 | K20: 120 | L20: 108 | M20: 111 | N20: 110 | O20: 102 | P20: 107 | Q20: 97 | R20: 81 | S20: 81 | T20: 71 | U20: 107 | V20: 112 | W20: 98 | X20: 104 | Y20: 92 | Z20: 101 | AA20: 94 | AB20: =SUM(E20:AA20) -> 2337
D21: JML | E21: 225 | F21: 203 | G21: 199 | H21: 184 | I21: 212 | J21: 204 | K21: 205 | L21: 180 | M21: 215 | N21: 203 | O21: 208 | P21: 211 | Q21: 190 | R21: 148 | S21: 145 | T21: 126 | U21: 199 | V21: 203 | W21: 198 | X21: 202 | Y21: 192 | Z21: 205 | AA21: 189 | AB21: =SUM(E21:AA21) -> 4446
B22: 2. | C22: Jumlah pengguna hak pilih dalam Daftar Pemilih Tambahan (DPTb) | D22: LK | E22: 0 | F22: 0 | G22: 0 | H22: 0 | I22: 0 | J22: 0 | K22: 0 | L22: 0 | M22: 0 | N22: 0 | O22: 0 | P22: 0 | Q22: 0 | R22: 0 | S22: 0 | T22: 0 | U22: 0 | V22: 0 | W22: 0 | X22: 0 | Y22: 0 | Z22: 0 | AA22: 0 | AB22: =SUM(E22:AA22) -> 0
D23: PR | E23: 0 | F23: 0 | G23: 0 | H23: 0 | I23: 0 | J23: 0 | K23: 0 | L23: 0 | M23: 0 | N23: 0 | O23: 0 | P23: 0 | Q23: 0 | R23: 0 | S23: 0 | T23: 0 | U23: 0 | V23: 0 | W23: 0 | X23: 0 | Y23: 0 | Z23: 0 | AA23: 0 | AB23: =SUM(E23:AA23) -> 0
D24: JML | E24: 0 | F24: 0 | G24: 0 | H24: 0 | I24: 0 | J24: 0 | K24: 0 | L24: 0 | M24: 0 | N24: 0 | O24: 0 | P24: 0 | Q24: 0 | R24: 0 | S24: 0 | T24: 0 | U24: 0 | V24: 0 | W24: 0 | X24: 0 | Y24: 0 | Z24: 0 | AA24: 0 | AB24: =SUM(E24:AA24) -> 0
B25: 3. | C25: Jumlah pengguna hak pilih dalam Daftar Pemilih Khusus (DPK) | D25: LK | E25: 0 | F25: 0 | G25: 4 | H25: 0 | I25: 1 | J25: 3 | K25: 1 | L25: 1 | M25: 0 | N25: 3 | O25: 1 | P25: 2 | Q25: 4 | R25: 3 | S25: 0 | T25: 6 | U25: 0 | V25: 4 | W25: 1 | X25: 0 | Y25: 3 | Z25: 3 | AA25: 1 | AB25: =SUM(E25:AA25) -> 41
D26: PR | E26: 0 | F26: 0 | G26: 2 | H26: 0 | I26: 3 | J26: 6 | K26: 0 | L26: 2 | M26: 2 | N26: 1 | O26: 3 | P26: 4 | Q26: 3 | R26: 3 | S26: 0 | T26: 6 | U26: 0 | V26: 2 | W26: 2 | X26: 0 | Y26: 1 | Z26: 0 | AA26: 0 | AB26: =SUM(E26:AA26) -> 40
D27: JML | E27: 0 | F27: 0 | G27: 6 | H27: 0 | I27: 4 | J27: 9 | K27: 1 | L27: 3 | M27: 2 | N27: 4 | O27: 4 | P27: 6 | Q27: 7 | R27: 6 | S27: 0 | T27: 12 | U27: 0 | V27: 6 | W27: 3 | X27: 0 | Y27: 4 | Z27: 3 | AA27: 1 | AB27: =SUM(E27:AA27) -> 81
B28: 4. | C28: Jumlah Pengguna Hak Pilih (B.1+B.2+B.3) | D28: LK | E28: 111 | F28: 99 | G28: 88 | H28: 86 | I28: 105 | J28: 105 | K28: 86 | L28: 73 | M28: 104 | N28: 96 | O28: 107 | P28: 106 | Q28: 97 | R28: 70 | S28: 64 | T28: 61 | U28: 92 | V28: 95 | W28: 101 | X28: 98 | Y28: 103 | Z28: 107 | AA28: 96 | AB28: =SUM(E28:AA28) -> 2150
D29: PR | E29: 114 | F29: 104 | G29: 117 | H29: 98 | I29: 111 | J29: 108 | K29: 120 | L29: 110 | M29: 113 | N29: 111 | O29: 105 | P29: 111 | Q29: 100 | R29: 84 | S29: 81 | T29: 77 | U29: 107 | V29: 114 | W29: 100 | X29: 104 | Y29: 93 | Z29: 101 | AA29: 94 | AB29: =SUM(E29:AA29) -> 2377
D30: JML | E30: 225 | F30: 203 | G30: 205 | H30: 184 | I30: 216 | J30: 213 | K30: 206 | L30: 183 | M30: 217 | N30: 207 | O30: 212 | P30: 217 | Q30: 197 | R30: 154 | S30: 145 | T30: =SUM(T28:T29) -> 138 | U30: =SUM(U28:U29) -> 199 | V30: =SUM(V28:V29) -> 209 | W30: =SUM(W28:W29) -> 201 | X30: =SUM(X28:X29) -> 202 | Y30: =SUM(Y28:Y29) -> 196 | Z30: =SUM(Z28:Z29) -> 208 | AA30: =SUM(AA28:AA29) -> 190 | AB30: =SUM(E30:AA30) -> 4527
A32: II | B32: DATA PENGGUNAAN SURAT SUARA
A33: 1 | B33: Jumlah surat suara yang diterima, termasuk surat suara cadangan 2,5% dari DPT | E33: 271 | F33: 251 | G33: 255 | H33: 235 | I33: 272 | J33: 285 | K33: 260 | L33: 276 | M33: 281 | N33: 283 | O33: 281 | P33: 260 | Q33: 272 | R33: 234 | S33: 191 | T33: 192 | U33: 199 | V33: 257 | W33: 266 | X33: 264 | Y33: 261 | Z33: 246 | AA33: 244 | AB33: =SUM(E33:AA33) -> 5836
A34: 2 | B34: Jumlah surat suara yang digunakan | E34: 225 | F34: 203 | G34: 205 | H34: 184 | I34: 216 | J34: 213 | K34: 206 | L34: 183 | M34: 217 | N34: 207 | O34: 212 | P34: 217 | Q34: 197 | R34: 154 | S34: 145 | T34: 138 | U34: 199 | V34: 209 | W34: 201 | X34: 202 | Y34: 196 | Z34: 208 | AA34: 190 | AB34: =SUM(E34:AA34) -> 4527
A35: 3 | B35: Jumlah surat suara dikembalikan oleh pemilih (karena rusak atau keliru coblos) | E35: 0 | F35: 2 | G35: 2 | H35: 3 | I35: 0 | J35: 4 | K35: 0 | L35: 0 | M35: 0 | N35: 2 | O35: 3 | P35: 0 | Q35: 0 | R35: 1 | S35: 0 | T35: 0 | U35: 0 | V35: 0 | W35: 0 | X35: 0 | Y35: 0 | Z35: 0 | AA35: 0 | AB35: =SUM(E35:AA35) -> 17
A36: 4 | B36: Jumlah surat suara yang tidak digunakan/tidak terpakai, termasuk sisa surat suara cadangan | E36: 46 | F36: 46 | G36: 48 | H36: 48 | I36: 56 | J36: 68 | K36: 54 | L36: 93 | M36: 64 | N36: 74 | O36: 66 | P36: 43 | Q36: 75 | R36: 79 | S36: 46 | T36: 54 | U36: 0 | V36: 48 | W36: 65 | X36: 62 | Y36: 65 | Z36: 38 | AA36: 54 | AB36: =SUM(E36:AA36) -> 1292
A38: III | B38: DATA PEMILIH DISABILITAS
B39: Jumlah seluruh Pemilih disabilitas yang menggunakan hak pilih | D39: LK | E39: 0 | F39: 0 | G39: 0 | H39: 0 | I39: 1 | J39: 0 | K39: 0 | L39: 0 | M39: 0 | N39: 0 | O39: 0 | P39: 0 | Q39: 0 | R39: 1 | S39: 0 | T39: 0 | U39: 0 | V39: 0 | W39: 0 | X39: 0 | Y39: 0 | Z39: 0 | AA39: 1 | AB39: =SUM(E39:AA39) -> 3
D40: PR | E40: 0 | F40: 0 | G40: 0 | H40: 0 | I40: 1 | J40: 0 | K40: 0 | L40: 0 | M40: 0 | N40: 0 | O40: 0 | P40: 0 | Q40: 0 | R40: 3 | S40: 0 | T40: 0 | U40: 0 | V40: 0 | W40: 0 | X40: 0 | Y40: 0 | Z40: 0 | AA40: 2 | AB40: =SUM(E40:AA40) -> 6
D41: JML | E41: 0 | F41: 0 | G41: 0 | H41: 0 | I41: 2 | J41: 0 | K41: 0 | L41: 0 | M41: 0 | N41: 0 | O41: 0 | P41: 0 | Q41: 0 | R41: 4 | S41: 0 | T41: 0 | U41: 0 | V41: 0 | W41: 0 | X41: 0 | Y41: 0 | Z41: 0 | AA41: 3 | AB41: =SUM(E41:AA41) -> 9
A43: IV | B43: DATA RINCIAN PEROLEHAN SUARA PASANGAN CALON BUPATI DAN WAKIL BUPATI
A44: NOMOR DAN NAMA CALON
A45: A.1 | B45: 1. | C45: Partai Kebangkitan Bangsa | E45: 4 | F45: 3 | G45: 5 | H45: 3 | I45: 8 | J45: 3 | K45: 7 | L45: 4 | M45: 10 | N45: 10 | O45: 2 | P45: 16 | Q45: 10 | R45: 12 | S45: 4 | T45: 3 | U45: 6 | V45: 9 | W45: 7 | X45: 8 | Y45: 2 | Z45: 9 | AA45: 8 | AB45: =SUM(E45:AA45) -> 153
A46: A.2 | B46: 1 | C46: 1. Dr. Hj. NIHAYATUL WAFIROH, M.A. | E46: 13 | F46: 4 | G46: 23 | H46: 27 | I46: 22 | J46: 8 | K46: 17 | L46: 6 | M46: 8 | N46: 17 | O46: 5 | P46: 49 | Q46: 45 | R46: 36 | S46: 32 | T46: 11 | U46: 8 | V46: 20 | W46: 20 | X46: 10 | Y46: 8 | Z46: 7 | AA46: 9 | AB46: =SUM(E46:AA46) -> 405
B47: 2 | C47: 2. H. M. NASIM KHAN | E47: 11 | F47: 3 | G47: 1 | H47: 4 | I47: 3 | J47: 5 | K47: 11 | L47: 1 | M47: 15 | N47: 11 | O47: 1 | P47: 2 | Q47: 4 | R47: 4 | S47: 2 | T47: 1 | U47: 0 | V47: 1 | W47: 1 | X47: 3 | Y47: 0 | Z47: 1 | AA47: 0 | AB47: =SUM(E47:AA47) -> 85
B48: 3 | C48: 3. Dr. H. AKIK ZAMAN, M.Pd.I. | E48: 0 | F48: 0 | G48: 0 | H48: 0 | I48: 0 | J48: 0 | K48: 0 | L48: 0 | M48: 0 | N48: 1 | O48: 0 | P48: 1 | Q48: 0 | R48: 0 | S48: 1 | T48: 1 | U48: 0 | V48: 0 | W48: 1 | X48: 0 | Y48: 0 | Z48: 0 | AA48: 0 | AB48: =SUM(E48:AA48) -> 5
B49: 4 | C49: 4. AHMAD RIFA'I, S.H. | E49: 0 | F49: 0 | G49: 0 | H49: 1 | I49: 0 | J49: 6 | K49: 3 | L49: 0 | M49: 1 | N49: 0 | O49: 1 | P49: 1 | Q49: 3 | R49: 0 | S49: 0 | T49: 2 | U49: 0 | V49: 0 | W49: 0 | X49: 0 | Y49: 0 | Z49: 0 | AA49: 0 | AB49: =SUM(E49:AA49) -> 18
B50: 5 | C50: 5. Drs. H. MAHFUD M.N. | E50: 0 | F50: 0 | G50: 0 | H50: 2 | I50: 0 | J50: 0 | K50: 1 | L50: 0 | M50: 1 | N50: 1 | O50: 0 | P50: 1 | Q50: 0 | R50: 0 | S50: 0 | T50: 0 | U50: 0 | V50: 1 | W50: 0 | X50: 0 | Y50: 0 | Z50: 0 | AA50: 0 | AB50: =SUM(E50:AA50) -> 7
B51: 6 | C51: 6. NURHAYATI, S.Pd. | E51: 0 | F51: 0 | G51: 0 | H51: 0 | I51: 0 | J51: 0 | K51: 0 | L51: 0 | M51: 1 | N51: 0 | O51: 0 | P51: 1 | Q51: 0 | R51: 0 | S51: 0 | T51: 0 | U51: 0 | V51: 1 | W51: 0 | X51: 1 | Y51: 0 | Z51: 0 | AA51: 0 | AB51: =SUM(E51:AA51) -> 4
B52: 7 | C52: 7. MAFTUHA KISWAH | E52: 0 | F52: 0 | G52: 0 | H52: 0 | I52: 0 | J52: 0 | K52: 0 | L52: 0 | M52: 0 | N52: 0 | O52: 0 | P52: 0 | Q52: 0 | R52: 0 | S52: 0 | T52: 0 | U52: 0 | V52: 0 | W52: 0 | X52: 0 | Y52: 0 | Z52: 0 | AA52: 0 | AB52: =SUM(E52:AA52) -> 0
A55: B | B55: JUMLAH SUARA SAH PARTAI POLITIK DAN CALON (A1 + A2) | E55: =SUM(E45:E52) -> 28 | F55: =SUM(F45:F52) -> 10 | G55: =SUM(G45:G52) -> 29 | H55: =SUM(H45:H52) -> 37 | I55: =SUM(I45:I52) -> 33 | J55: =SUM(J45:J52) -> 22 | K55: =SUM(K45:K52) -> 39 | L55: =SUM(L45:L52) -> 11 | ... AA55: =SUM(AA45:AA52) -> 17 | AB55: =SUM(E55:AA55) -> 677
A57: A.1 | B57: 2. | C57: Partai Gerakan Indonesia Raya | E57: 8 | F57: 6 | G57: 0 | H57: 0 | I57: 5 | J57: 9 | K57: 2 | L57: 2 | M57: 3 | N57: 12 | O57: 2 | P57: 7 | Q57: 6 | R57: 5 | S57: 4 | T57: 4 | U57: 5 | V57: 7 | W57: 6 | X57: 14 | Y57: 8 | Z57: 11 | AA57: 6 | AB57: =SUM(E57:AA57) -> 132
A58: A.2 | B58: 1 | C58: 1. SUMAIL ABDULLAH | E58: 13 | F58: 7 | G58: 14 | H58: 5 | I58: 7 | J58: 2 | K58: 15 | L58: 3 | M58: 4 | N58: 2 | O58: 1 | P58: 3 | Q58: 4 | R58: 0 | S58: 1 | T58: 2 | U58: 7 | V58: 1 | W58: 3 | X58: 4 | Y58: 1 | Z58: 3 | AA58: 3 | AB58: =SUM(E58:AA58) -> 105
B59: 2 | C59: 2. MUHAMMAD ALI ADRIAN SALEH | E59: 1 | F59: 1 | G59: 0 | H59: 1 | I59: 1 | J59: 2 | K59: 3 | L59: 2 | M59: 2 | N59: 2 | O59: 0 | P59: 4 | Q59: 0 | R59: 1 | S59: 2 | T59: 0 | U59: 0 | V59: 1 | W59: 1 | X59: 2 | Y59: 1 | Z59: 0 | AA59: 0 | AB59: =SUM(E59:AA59) -> 27
B60: 3 | C60: 3. DURROTUN NAFISAH | E60: 1 | F60: 0 | G60: 0 | H60: 0 | I60: 0 | J60: 0 | K60: 0 | L60: 1 | M60: 0 | N60: 1 | O60: 0 | P60: 3 | Q60: 2 | R60: 0 | S60: 0 | T60: 0 | U60: 1 | V60: 1 | W60: 2 | X60: 0 | Y60: 0 | Z60: 0 | AA60: 0 | AB60: =SUM(E60:AA60) -> 12
B61: 4 | C61: 4. H. EKO SUSILO NURHIDAYAT | E61: 0 | F61: 1 | G61: 0 | H61: 0 | I61: 0 | J61: 0 | K61: 0 | L61: 1 | M61: 0 | N61: 0 | O61: 0 | P61: 0 | Q61: 1 | R61: 1 | S61: 0 | T61: 2 | U61: 0 | V61: 0 | W61: 1 | X61: 0 | Y61: 0 | Z61: 0 | AA61: 0 | AB61: =SUM(E61:AA61) -> 7
B62: 5 | C62: 5. KARNADI HARIJANTO, S.S. | E62: 0 | F62: 0 | G62: 0 | H62: 0 | I62: 1 | J62: 1 | K62: 0 | L62: 0 | M62: 0 | N62: 0 | O62: 0 | P62: 0 | Q62: 0 | R62: 0 | S62: 1 | T62: 1 | U62: 0 | V62: 0 | W62: 0 | X62: 0 | Y62: 0 | Z62: 0 | AA62: 0 | AB62: =SUM(E62:AA62) -> 4
B63: 6 | C63: 6. NURHAYATI | E63: 0 | F63: 0 | G63: 0 | H63: 0 | I63: 0 | J63: 0 | K63: 0 | L63: 0 | M63: 0 | N63: 1 | O63: 0 | P63: 0 | Q63: 1 | R63: 0 | S63: 0 | T63: 0 | U63: 0 | V63: 0 | W63: 2 | X63: 0 | Y63: 0 | Z63: 0 | AA63: 0 | AB63: =SUM(E63:AA63) -> 4
B64: 7 | C64: 7. MASHUDI | E64: 0 | F64: 4 | G64: 19 | H64: 7 | I64: 0 | J64: 1 | K64: 7 | L64: 0 | M64: 1 | N64: 6 | O64: 0 | P64: 0 | Q64: 0 | R64: 1 | S64: 0 | T64: 0 | U64: 0 | V64: 0 | W64: 0 | X64: 0 | Y64: 0 | Z64: 0 | AA64: 0 | AB64: =SUM(E64:AA64) -> 46
A67: B | B67: JUMLAH SUARA SAH PARTAI POLITIK DAN CALON (A1 + A2) | E67: =SUM(E57:E64) -> 23 | F67: =SUM(F57:F64) -> 19 | G67: =SUM(G57:G64) -> 33 | H67: =SUM(H57:H64) -> 13 | I67: =SUM(I57:I64) -> 14 | J67: =SUM(J57:J64) -> 15 | K67: =SUM(K57:K64) -> 27 | L67: =SUM(L57:L64) -> 9 | ... AA67: =SUM(AA57:AA64) -> 9 | AB67: =SUM(E67:AA67) -> 337
A69: A.1 | B69: 3. | C69: Partai Demokrasi Indonesia Perjuangan | E69: 3 | F69: 6 | G69: 0 | H69: 3 | I69: 1 | J69: 1 | K69: 0 | L69: 0 | M69: 3 | N69: 4 | O69: 1 | P69: 1 | Q69: 1 | R69: 1 | S69: 0 | T69: 1 | U69: 0 | V69: 0 | W69: 3 | X69: 1 | Y69: 2 | Z69: 3 | AA69: 1 | AB69: =SUM(E69:AA69) -> 36
A70: A.2 | B70: 1 | C70: 1. SONNY TRI DANAPARAMITA, S.H., M.H. | E70: 13 | F70: 11 | G70: 0 | H70: 1 | I70: 10 | J70: 7 | K70: 1 | L70: 0 | M70: 0 | N70: 2 | O70: 28 | P70: 11 | Q70: 16 | R70: 3 | S70: 7 | T70: 3 | U70: 9 | V70: 9 | W70: 2 | X70: 18 | Y70: 4 | Z70: 4 | AA70: 12 | AB70: =SUM(E70:AA70) -> 171
B71: 2 | C71: 2. H. MOHAMAD GUNTUR ROMLI | E71: 2 | F71: 2 | G71: 0 | H71: 0 | I71: 2 | J71: 0 | K71: 0 | L71: 0 | M71: 0 | N71: 3 | O71: 0 | P71: 0 | Q71: 3 | R71: 0 | S71: 0 | T71: 0 | U71: 1 | V71: 1 | W71: 0 | X71: 2 | Y71: 3 | Z71: 1 | AA71: 1 | AB71: =SUM(E71:AA71) -> 21
B72: 3 | C72: 3. INA AMMANIA | E72: 1 | F72: 0 | G72: 1 | H72: 0 | I72: 0 | J72: 0 | K72: 1 | L72: 3 | M72: 0 | N72: 0 | O72: 0 | P72: 0 | Q72: 0 | R72: 0 | S72: 0 | T72: 0 | U72: 0 | V72: 0 | W72: 0 | X72: 0 | Y72: 0 | Z72: 2 | AA72: 0 | AB72: =SUM(E72:AA72) -> 8
B73: 4 | C73: 4. IRWAN BACHTIAR RACHMAT, M.Si. | E73: 0 | F73: 1 | G73: 0 | H73: 0 | I73: 0 | J73: 0 | K73: 0 | L73: 0 | M73: 0 | N73: 0 | O73: 0 | P73: 0 | Q73: 0 | R73: 0 | S73: 0 | T73: 0 | U73: 0 | V73: 0 | W73: 0 | X73: 0 | Y73: 0 | Z73: 0 | AA73: 0 | AB73: =SUM(E73:AA73) -> 1
B74: 5 | C74: 5. LUCKY PERDANA | E74: 1 | F74: 1 | G74: 0 | H74: 1 | I74: 0 | J74: 0 | K74: 0 | L74: 2 | M74: 1 | N74: 0 | O74: 0 | P74: 1 | Q74: 1 | R74: 0 | S74: 3 | T74: 1 | U74: 2 | V74: 0 | W74: 0 | X74: 1 | Y74: 2 | Z74: 1 | AA74: 1 | AB74: =SUM(E74:AA74) -> 19
B75: 6 | C75: 6. WIWIK PUJIYATI | E75: 0 | F75: 0 | G75: 0 | H75: 0 | I75: 0 | J75: 2 | K75: 0 | L75: 0 | M75: 0 | N75: 0 | O75: 0 | P75: 0 | Q75: 1 | R75: 0 | S75: 0 | T75: 0 | U75: 0 | V75: 0 | W75: 0 | X75: 0 | Y75: 0 | Z75: 0 | AA75: 0 | AB75: =SUM(E75:AA75) -> 3
B76: 7 | C76: 7. CHANDRA ASTAN, S.T. | E76: 0 | F76: 0 | G76: 0 | H76: 0 | I76: 0 | J76: 0 | K76: 0 | L76: 0 | M76: 0 | N76: 0 | O76: 0 | P76: 0 | Q76: 0 | R76: 0 | S76: 0 | T76: 0 | U76: 0 | V76: 0 | W76: 0 | X76: 0 | Y76: 0 | Z76: 1 | AA76: 0 | AB76: =SUM(E76:AA76) -> 1
A79: B | B79: JUMLAH SUARA SAH PARTAI POLITIK DAN CALON (A1 + A2) | E79: =SUM(E69:E76) -> 20 | F79: =SUM(F69:F76) -> 21 | G79: =SUM(G69:G76) -> 1 | H79: =SUM(H69:H76) -> 5 | I79: =SUM(I69:I76) -> 13 | J79: =SUM(J69:J76) -> 10 | K79: =SUM(K69:K76) -> 2 | L79: =SUM(L69:L76) -> 5 | ... AA79: =SUM(AA69:AA76) -> 15 | AB79: =SUM(E79:AA79) -> 260
A81: A.1 | B81: 4. | C81: Partai Golongan Karya | E81: 3 | F81: 4 | G81: 10 | H81: 3 | I81: 4 | J81: 7 | K81: 2 | L81: 8 | M81: 13 | N81: 1 | O81: 5 | P81: 12 | Q81: 9 | R81: 8 | S81: 9 | T81: 15 | U81: 8 | V81: 12 | W81: 8 | X81: 8 | Y81: 23 | Z81: 27 | AA81: 25 | AB81: =SUM(E81:AA81) -> 224
A82: A.2 | B82: 1 | C82: 1. ZULFIKAR ARSE SADIKIN, S.I.P., M.Si. | E82: 13 | F82: 5 | G82: 9 | H82: 29 | I82: 18 | J82: 19 | K82: 3 | L82: 13 | M82: 28 | N82: 5 | O82: 15 | P82: 22 | Q82: 26 | R82: 27 | S82: 40 | T82: 36 | U82: 20 | V82: 34 | W82: 15 | X82: 34 | Y82: 44 | Z82: 45 | AA82: 39 | AB82: =SUM(E82:AA82) -> 539
B83: 2 | C83: 2. HANDOKO | E83: 1 | F83: 1 | G83: 1 | H83: 1 | I83: 2 | J83: 2 | K83: 1 | L83: 1 | M83: 3 | N83: 0 | O83: 1 | P83: 3 | Q83: 4 | R83: 1 | S83: 1 | T83: 3 | U83: 0 | V83: 1 | W83: 1 | X83: 3 | Y83: 2 | Z83: 1 | AA83: 3 | AB83: =SUM(E83:AA83) -> 37
B84: 3 | C84: 3. Hj. OVI DEWI YANTI | E84: 0 | F84: 1 | G84: 0 | H84: 0 | I84: 0 | J84: 1 | K84: 0 | L84: 0 | M84: 0 | N84: 0 | O84: 0 | P84: 0 | Q84: 0 | R84: 0 | S84: 2 | T84: 0 | U84: 0 | V84: 0 | W84: 0 | X84: 1 | Y84: 0 | Z84: 1 | AA84: 2 | AB84: =SUM(E84:AA84) -> 8
B85: 4 | C85: 4. Ir. AZAM AZMAN NATAWIJANA | E85: 0 | F85: 0 | G85: 0 | H85: 0 | I85: 0 | J85: 1 | K85: 0 | L85: 0 | M85: 0 | N85: 2 | O85: 0 | P85: 1 | Q85: 0 | R85: 0 | S85: 2 | T85: 1 | U85: 2 | V85: 0 | W85: 0 | X85: 0 | Y85: 1 | Z85: 0 | AA85: 0 | AB85: =SUM(E85:AA85) -> 10
B86: 5 | C86: 5. UBAIDILLAH AMIN, S.Kom. | E86: 38 | F86: 24 | G86: 49 | H86: 48 | I86: 9 | J86: 12 | K86: 29 | L86: 15 | M86: 31 | N86: 29 | O86: 5 | P86: 1 | Q86: 6 | R86: 3 | S86: 4 | T86: 4 | U86: 10 | V86: 8 | W86: 11 | X86: 4 | Y86: 13 | Z86: 2 | AA86: 18 | AB86: =SUM(E86:AA86) -> 373
B87: 6 | C87: 6. DENNY YUNIANDARI, S.H., M.Kn. | E87: 0 | F87: 0 | G87: 0 | H87: 0 | I87: 0 | J87: 0 | K87: 0 | L87: 0 | M87: 0 | N87: 0 | O87: 0 | P87: 0 | Q87: 0 | R87: 0 | S87: 0 | T87: 0 | U87: 0 | V87: 0 | W87: 0 | X87: 0 | Y87: 0 | Z87: 1 | AA87: 0 | AB87: =SUM(E87:AA87) -> 1
B88: 7 | C88: 7. ERNADI, S.H.I. | E88: 0 | F88: 0 | G88: 0 | H88: 0 | I88: 0 | J88: 0 | K88: 0 | L88: 0 | M88: 0 | N88: 0 | O88: 0 | P88: 0 | Q88: 0 | R88: 0 | S88: 0 | T88: 0 | U88: 0 | V88: 0 | W88: 0 | X88: 0 | Y88: 0 | Z88: 0 | AA88: 0 | AB88: =SUM(E88:AA88) -> 0
A91: B | B91: JUMLAH SUARA SAH PARTAI POLITIK DAN CALON (A1 + A2) | E91: =SUM(E81:E88) -> 55 | F91: =SUM(F81:F88) -> 35 | G91: =SUM(G81:G88) -> 69 | H91: =SUM(H81:H88) -> 81 | I91: =SUM(I81:I88) -> 33 | J91: =SUM(J81:J88) -> 42 | K91: =SUM(K81:K88) -> 35 | L91: =SUM(L81:L88) -> 37 | ... AA91: =SUM(AA81:AA88) -> 87 | AB91: =SUM(E91:AA91) -> 1192
A93: A.1 | B93: 5. | C93: Partai NasDem | E93: 2 | F93: 1 | G93: 2 | H93: 1 | I93: 1 | J93: 2 | K93: 2 | L93: 4 | M93: 1 | N93: 1 | O93: 1 | P93: 1 | Q93: 0 | R93: 0 | S93: 0 | T93: 0 | U93: 0 | V93: 3 | W93: 3 | X93: 1 | Y93: 1 | Z93: 1 | AA93: 1 | AB93: =SUM(E93:AA93) -> 29
A94: A.2 | B94: 1 | C94: 1. ACH. FADIL MUZAKKI SYAH | E94: 3 | F94: 0 | G94: 3 | H94: 1 | I94: 5 | J94: 8 | K94: 0 | L94: 4 | M94: 0 | N94: 2 | O94: 0 | P94: 1 | Q94: 0 | R94: 0 | S94: 0 | T94: 3 | U94: 15 | V94: 6 | W94: 1 | X94: 0 | Y94: 7 | Z94: 1 | AA94: 0 | AB94: =SUM(E94:AA94) -> 60
B95: 2 | C95: 2. BENY | E95: 0 | F95: 0 | G95: 0 | H95: 0 | I95: 0 | J95: 1 | K95: 0 | L95: 1 | M95: 0 | N95: 0 | O95: 0 | P95: 0 | Q95: 0 | R95: 0 | S95: 0 | T95: 0 | U95: 0 | V95: 3 | W95: 2 | X95: 0 | Y95: 1 | Z95: 0 | AA95: 0 | AB95: =SUM(E95:AA95) -> 8
B96: 3 | C96: 3. VINA VERONIKA | E96: 0 | F96: 0 | G96: 0 | H96: 0 | I96: 0 | J96: 0 | K96: 0 | L96: 0 | M96: 0 | N96: 0 | O96: 0 | P96: 0 | Q96: 0 | R96: 1 | S96: 0 | T96: 0 | U96: 1 | V96: 0 | W96: 0 | X96: 2 | Y96: 0 | Z96: 0 | AA96: 0 | AB96: =SUM(E96:AA96) -> 4
B97: 4 | C97: 4. TEDDY ANUGRIANTO | E97: 8 | F97: 1 | G97: 0 | H97: 0 | I97: 1 | J97: 3 | K97: 9 | L97: 10 | M97: 0 | N97: 2 | O97: 1 | P97: 0 | Q97: 1 | R97: 0 | S97: 0 | T97: 0 | U97: 0 | V97: 1 | W97: 2 | X97: 1 | Y97: 3 | Z97: 1 | AA97: 0 | AB97: =SUM(E97:AA97) -> 44
B98: 5 | C98: 5. INSAN KAMIL | E98: 0 | F98: 0 | G98: 0 | H98: 0 | I98: 0 | J98: 0 | K98: 0 | L98: 0 | M98: 0 | N98: 0 | O98: 1 | P98: 0 | Q98: 0 | R98: 0 | S98: 0 | T98: 0 | U98: 1 | V98: 0 | W98: 0 | X98: 0 | Y98: 0 | Z98: 1 | AA98: 0 | AB98: =SUM(E98:AA98) -> 3
B99: 6 | C99: 6. LILIK LINDARWATI | E99: 0 | F99: 0 | G99: 0 | H99: 0 | I99: 0 | J99: 0 | K99: 0 | L99: 0 | M99: 0 | N99: 0 | O99: 0 | P99: 0 | Q99: 0 | R99: 0 | S99: 0 | T99: 0 | U99: 0 | V99: 0 | W99: 0 | X99: 0 | Y99: 0 | Z99: 0 | AA99: 0 | AB99: =SUM(E99:AA99) -> 0
B100: 7 | C100: 7. YULI ANITA | E100: 0 | F100: 0 | G100: 0 | H100: 0 | I100: 0 | J100: 1 | K100: 0 | L100: 0 | M100: 0 | N100: 0 | O100: 0 | P100: 0 | Q100: 0 | R100: 0 | S100: 0 | T100: 0 | U100: 0 | V100: 0 | W100: 0 | X100: 0 | Y100: 0 | Z100: 0 | AA100: 0 | AB100: =SUM(E100:AA100) -> 1
A103: B | B103: JUMLAH SUARA SAH PARTAI POLITIK DAN CALON (A1 + A2) | E103: =SUM(E93:E100) -> 13 | F103: =SUM(F93:F100) -> 2 | G103: =SUM(G93:G100) -> 5 | H103: =SUM(H93:H100) -> 2 | I103: =SUM(I93:I100) -> 7 | J103: =SUM(J93:J100) -> 15 | K103: =SUM(K93:K100) -> 11 | L103: =SUM(L93:L100) -> 19 | ... AA103: =SUM(AA93:AA100) -> 1 | AB103: =SUM(E103:AA103) -> 149
A105: A.1 | B105: 6. | C105: Partai Buruh | E105: 0 | F105: 0 | G105: 0 | H105: 0 | I105: 0 | J105: 0 | K105: 0 | L105: 0 | M105: 0 | N105: 0 | O105: 0 | P105: 0 | Q105: 0 | R105: 0 | S105: 0 | T105: 0 | U105: 0 | V105: 0 | W105: 1 | X105: 0 | Y105: 1 | Z105: 0 | AA105: 0 | AB105: =SUM(E105:AA105) -> 2
A106: A.2 | B106: 1 | C106: 1. KHOIRUL ANAM | E106: 0 | F106: 0 | G106: 0 | H106: 0 | I106: 1 | J106: 0 | K106: 0 | L106: 0 | M106: 1 | N106: 0 | O106: 0 | P106: 0 | Q106: 0 | R106: 0 | S106: 0 | T106: 0 | U106: 0 | V106: 1 | W106: 0 | X106: 0 | Y106: 0 | Z106: 0 | AA106: 0 | AB106: =SUM(E106:AA106) -> 3
B107: 2 | C107: 2. INA KURNIA | E107: 0 | F107: 0 | G107: 0 | H107: 0 | I107: 0 | J107: 0 | K107: 0 | L107: 0 | M107: 0 | N107: 0 | O107: 0 | P107: 0 | Q107: 1 | R107: 0 | S107: 0 | T107: 0 | U107: 0 | V107: 0 | W107: 0 | X107: 0 | Y107: 0 | Z107: 0 | AA107: 0 | AB107: =SUM(E107:AA107) -> 1
B108: 3 | C108: 3. JIBRAL TAROUK | E108: 0 | F108: 0 | G108: 0 | H108: 0 | I108: 0 | J108: 0 | K108: 0 | L108: 0 | M108: 0 | N108: 0 | O108: 0 | P108: 0 | Q108: 0 | R108: 0 | S108: 0 | T108: 0 | U108: 0 | V108: 0 | W108: 0 | X108: 0 | Y108: 0 | Z108: 0 | AA108: 0 | AB108: =SUM(E108:AA108) -> 0
B109: 4 | C109: 4. ASTUTI DAENG PUJI | E109: 0 | F109: 0 | G109: 0 | H109: 0 | I109: 0 | J109: 0 | K109: 0 | L109: 0 | M109: 0 | N109: 0 | O109: 0 | P109: 0 | Q109: 0 | R109: 0 | S109: 0 | T109: 0 | U109: 0 | V109: 0 | W109: 0 | X109: 0 | Y109: 0 | Z109: 0 | AA109: 0 | AB109: =SUM(E109:AA109) -> 0
B110: 5 | C110: 5. ASDARMAWAN | E110: 0 | F110: 0 | G110: 0 | H110: 0 | I110: 0 | J110: 0 | K110: 0 | L110: 0 | M110: 0 | N110: 0 | O110: 0 | P110: 0 | Q110: 0 | R110: 0 | S110: 0 | T110: 0 | U110: 0 | V110: 0 | W110: 0 | X110: 0 | Y110: 0 | Z110: 0 | AA110: 0 | AB110: =SUM(E110:AA110) -> 0
B111: 6 | C111: 6. RIFQI MUBAROK | E111: 0 | F111: 0 | G111: 0 | H111: 0 | I111: 0 | J111: 0 | K111: 0 | L111: 0 | M111: 0 | N111: 0 | O111: 0 | P111: 0 | Q111: 0 | R111: 0 | S111: 0 | T111: 0 | U111: 0 | V111: 0 | W111: 0 | X111: 0 | Y111: 0 | Z111: 0 | AA111: 0 | AB111: =SUM(E111:AA111) -> 0
B112: 7 | C112: 7. FIRNANDA ALTA MEGA | E112: 0 | F112: 0 | G112: 0 | H112: 0 | I112: 0 | J112: 0 | K112: 0 | L112: 0 | M112: 0 | N112: 0 | O112: 0 | P112: 0 | Q112: 0 | R112: 0 | S112: 0 | T112: 0 | U112: 0 | V112: 0 | W112: 0 | X112: 0 | Y112: 0 | Z112: 0 | AA112: 0 | AB112: =SUM(E112:AA112) -> 0
A115: B | B115: JUMLAH SUARA SAH PARTAI POLITIK DAN CALON (A1 + A2) | E115: =SUM(E105:E112) -> 0 | F115: =SUM(F105:F112) -> 0 | G115: =SUM(G105:G112) -> 0 | H115: =SUM(H105:H112) -> 0 | I115: =SUM(I105:I112) -> 1 | J115: =SUM(J105:J112) -> 0 | K115: =SUM(K105:K112) -> 0 | L115: =SUM(L105:L112) -> 0 | ... AA115: =SUM(AA105:AA112) -> 0 | AB115: =SUM(E115:AA115) -> 6
A117: A.1 | B117: 7. | C117: Partai Gelombang Rakyat Indonesia | E117: 1 | F117: 4 | G117: 0 | H117: 1 | I117: 0 | J117: 1 | K117: 0 | L117: 0 | M117: 1 | N117: 1 | O117: 0 | P117: 0 | Q117: 0 | R117: 0 | S117: 0 | T117: 2 | U117: 1 | V117: 0 | W117: 1 | X117: 0 | Y117: 0 | Z117: 0 | AA117: 1 | AB117: =SUM(E117:AA117) -> 14
A118: A.2 | B118: 1 | C118: 1. TITI WIDORETNO WARISMAN | E118: 0 | F118: 1 | G118: 2 | H118: 0 | I118: 0 | J118: 2 | K118: 1 | L118: 0 | M118: 0 | N118: 0 | O118: 0 | P118: 0 | Q118: 2 | R118: 0 | S118: 0 | T118: 0 | U118: 0 | V118: 0 | W118: 1 | X118: 0 | Y118: 0 | Z118: 0 | AA118: 0 | AB118: =SUM(E118:AA118) -> 9
B119: 2 | C119: 2. MAMIEK SETYANINGSIH | E119: 0 | F119: 1 | G119: 0 | H119: 0 | I119: 0 | J119: 0 | K119: 0 | L119: 0 | M119: 0 | N119: 1 | O119: 0 | P119: 1 | Q119: 0 | R119: 0 | S119: 0 | T119: 0 | U119: 0 | V119: 0 | W119: 0 | X119: 0 | Y119: 0 | Z119: 0 | AA119: 0 | AB119: =SUM(E119:AA119) -> 3
B120: 3 | C120: 3. ROMIL AZIZEN | E120: 0 | F120: 0 | G120: 0 | H120: 0 | I120: 0 | J120: 0 | K120: 0 | L120: 0 | M120: 0 | N120: 0 | O120: 0 | P120: 0 | Q120: 0 | R120: 0 | S120: 0 | T120: 0 | U120: 0 | V120: 0 | W120: 0 | X120: 0 | Y120: 0 | Z120: 0 | AA120: 0 | AB120: =SUM(E120:AA120) -> 0
A127: B | B127: JUMLAH SUARA SAH PARTAI POLITIK DAN CALON (A1 + A2) | E127: =SUM(E117:E120) -> 1 | F127: =SUM(F117:F120) -> 6 | G127: =SUM(G117:G120) -> 2 | H127: =SUM(H117:H120) -> 1 | I127: =SUM(I117:I120) -> 0 | J127: =SUM(J117:J120) -> 3 | K127: =SUM(K117:K120) -> 1 | L127: =SUM(L117:L120) -> 0 | ... AA127: =SUM(AA117:AA120) -> 1 | AB127: =SUM(E127:AA127) -> 26
A129: A.1 | B129: 8. | C129: Partai Keadilan Sejahtera | E129: 2 | F129: 0 | G129: 0 | H129: 0 | I129: 0 | J129: 0 | K129: 0 | L129: 0 | M129: 2 | N129: 0 | O129: 0 | P129: 0 | Q129: 0 | R129: 0 | S129: 0 | T129: 0 | U129: 0 | V129: 1 | W129: 0 | X129: 1 | Y129: 0 | Z129: 1 | AA129: 0 | AB129: =SUM(E129:AA129) -> 7
A130: A.2 | B130: 1 | C130: 1. H. SAIMI SALEH, S.E., M.M. | E130: 1 | F130: 0 | G130: 1 | H130: 1 | I130: 0 | J130: 2 | K130: 2 | L130: 0 | M130: 3 | N130: 0 | O130: 3 | P130: 0 | Q130: 0 | R130: 0 | S130: 0 | T130: 0 | U130: 0 | V130: 0 | W130: 0 | X130: 2 | Y130: 0 | Z130: 0 | AA130: 0 | AB130: =SUM(E130:AA130) -> 15
B131: 2 | C131: 2. Prof. Dr. H. EGGI SUDJANA, S.H., M.Si. | E131: 0 | F131: 0 | G131: 0 | H131: 0 | I131: 1 | J131: 0 | K131: 1 | L131: 0 | M131: 0 | N131: 0 | O131: 0 | P131: 0 | Q131: 0 | R131: 0 | S131: 0 | T131: 0 | U131: 0 | V131: 0 | W131: 0 | X131: 0 | Y131: 0 | Z131: 3 | AA131: 0 | AB131: =SUM(E131:AA131) -> 5
B132: 3 | C132: 3. NURUL KHOTIMAH | E132: 0 | F132: 0 | G132: 0 | H132: 0 | I132: 0 | J132: 0 | K132: 0 | L132: 0 | M132: 0 | N132: 0 | O132: 0 | P132: 0 | Q132: 0 | R132: 0 | S132: 0 | T132: 0 | U132: 0 | V132: 0 | W132: 0 | X132: 0 | Y132: 0 | Z132: 0 | AA132: 0 | AB132: =SUM(E132:AA132) -> 0
B133: 4 | C133: 4. AKHMAD SUYANTO, S.T., M.T. | E133: 0 | F133: 0 | G133: 0 | H133: 0 | I133: 0 | J133: 0 | K133: 0 | L133: 0 | M133: 0 | N133: 0 | O133: 0 | P133: 0 | Q133: 0 | R133: 0 | S133: 0 | T133: 0 | U133: 0 | V133: 0 | W133: 0 | X133: 0 | Y133: 0 | Z133: 0 | AA133: 0 | AB133: =SUM(E133:AA133) -> 0
B134: 5 | C134: 5. PUJIYATNI | E134: 0 | F134: 0 | G134: 0 | H134: 0 | I134: 0 | J134: 0 | K134: 0 | L134: 0 | M134: 0 | N134: 0 | O134: 0 | P134: 0 | Q134: 0 | R134: 0 | S134: 0 | T134: 0 | U134: 0 | V134: 0 | W134: 0 | X134: 0 | Y134: 0 | Z134: 0 | AA134: 0 | AB134: =SUM(E134:AA134) -> 0
B135: 6 | C135: 6. HENI PURWATININGSIH | E135: 0 | F135: 0 | G135: 0 | H135: 0 | I135: 0 | J135: 0 | K135: 0 | L135: 0 | M135: 0 | N135: 0 | O135: 0 | P135: 0 | Q135: 0 | R135: 0 | S135: 0 | T135: 0 | U135: 0 | V135: 0 | W135: 0 | X135: 0 | Y135: 0 | Z135: 0 | AA135: 0 | AB135: =SUM(E135:AA135) -> 0
B136: 7 | C136: 7. MUHADI | E136: 0 | F136: 0 | G136: 0 | H136: 0 | I136: 0 | J136: 0 | K136: 0 | L136: 0 | M136: 0 | N136: 0 | O136: 0 | P136: 0 | Q136: 0 | R136: 0 | S136: 0 | T136: 0 | U136: 0 | V136: 0 | W136: 0 | X136: 0 | Y136: 0 | Z136: 0 | AA136: 0 | AB136: =SUM(E136:AA136) -> 0
...

Sheet BLIMBINGSARI
C2: Kecamatan | D2: BLIMBINGSARI
C3: Kabupaten | D3: BANYUWANGI
C4: Provinsi | D4: JAWA TIMUR
C9: Kelurahan | D9: BLIMBINGSARI
A12: I | B12: DATA PEMILIH DAN PENGGUNAAN HAK PILIH | U12: JUMLAH AKHIR
A13: A | B13: DATA PEMILIH | E13: TPS 001 | F13: TPS 002 | G13: TPS 003 | H13: TPS 004 | I13: TPS 005 | J13: TPS 006 | K13: TPS 007 | L13: TPS 008 | M13: TPS 009 | N13: TPS 010 | O13: TPS 011 | P13: TPS 012 | Q13: TPS 013 | R13: TPS 014 | S13: TPS 015 | T13: TPS 016
B14: Jumlah Pemilih dalam Daftar Pemilih Tetap (DPT) | D14: LK | E14: 131 | F14: 147 | G14: 117 | H14: 106 | I14: 134 | J14: 135 | K14: 123 | L14: 110 | M14: 101 | N14: 126 | O14: 86 | P14: 122 | Q14: 144 | R14: 131 | S14: 112 | T14: 143 | U14: =SUM(E14:T14) -> 1968
D15: PR | E15: 131 | F15: 139 | G15: 132 | H15: 111 | I15: 139 | J15: 140 | K15: 143 | L15: 118 | M15: 116 | N15: 139 | O15: 95 | P15: 114 | Q15: 144 | R15: 141 | S15: 107 | T15: 145 | U15: =SUM(E15:T15) -> 2054
D16: JML | E16: 262 | F16: 286 | G16: 249 | H16: 217 | I16: 273 | J16: 275 | K16: 266 | L16: 228 | M16: 217 | N16: 265 | O16: 181 | P16: 236 | Q16: 288 | R16: 272 | S16: 219 | T16: =SUM(T14:T15) -> 288 | U16: =SUM(E16:T16) -> 4022
A18: B | B18: PENGGUNA HAK PILIH
B19: 1. | C19: Jumlah pengguna hak pilih dalam Daftar Pemilih Tetap (DPT) | D19: LK | E19: 101 | F19: 117 | G19: 86 | H19: 84 | I19: 107 | J19: 108 | K19: 94 | L19: 77 | M19: 87 | N19: 98 | O19: 62 | P19: 92 | Q19: 106 | R19: 93 | S19: 84 | T19: 114 | U19: =SUM(E19:T19) -> 1510
D20: PR | E20: 116 | F20: 122 | G20: 109 | H20: 91 | I20: 112 | J20: 110 | K20: 118 | L20: 89 | M20: 99 | N20: 115 | O20: 79 | P20: 102 | Q20: 108 | R20: 97 | S20: 90 | T20: 125 | U20: =SUM(E20:T20) -> 1682
D21: JML | E21: 217 | F21: 239 | G21: 195 | H21: 175 | I21: 219 | J21: 218 | K21: 212 | L21: 166 | M21: 186 | N21: 213 | O21: 141 | P21: 194 | Q21: 214 | R21: 190 | S21: 174 | T21: =SUM(T19:T20) -> 239 | U21: =SUM(E21:T21) -> 3192
B22: 2. | C22: Jumlah pengguna hak pilih dalam Daftar Pemilih Tambahan (DPTb) | D22: LK | E22: 0 | F22: 0 | G22: 0 | H22: 0 | I22: 0 | J22: 0 | K22: 0 | L22: 0 | M22: 0 | N22: 0 | O22: 0 | P22: 0 | Q22: 0 | R22: 0 | S22: 0 | T22: 0 | U22: =SUM(E22:T22) -> 0
D23: PR | E23: 0 | F23: 0 | G23: 0 | H23: 0 | I23: 0 | J23: 0 | K23: 0 | L23: 0 | M23: 0 | N23: 0 | O23: 0 | P23: 0 | Q23: 0 | R23: 0 | S23: 0 | T23: 0 | U23: =SUM(E23:T23) -> 0
D24: JML | E24: 0 | F24: 0 | G24: 0 | H24: 0 | I24: 0 | J24: 0 | K24: 0 | L24: 0 | M24: 0 | N24: 0 | O24: 0 | P24: 0 | Q24: 0 | R24: 0 | S24: 0 | T24: =SUM(T22:T23) -> 0 | U24: =SUM(E24:T24) -> 0
B25: 3. | C25: Jumlah pengguna hak pilih dalam Daftar Pemilih Khusus (DPK) | D25: LK | E25: 1 | F25: 1 | G25: 1 | H25: 3 | I25: 0 | J25: 0 | K25: 1 | L25: 0 | M25: 0 | N25: 2 | O25: 0 | P25: 1 | Q25: 1 | R25: 1 | S25: 4 | T25: 0 | U25: =SUM(E25:T25) -> 16
D26: PR | E26: 2 | F26: 1 | G26: 0 | H26: 1 | I26: 2 | J26: 1 | K26: 1 | L26: 1 | M26: 1 | N26: 2 | O26: 1 | P26: 1 | Q26: 0 | R26: 1 | S26: 3 | T26: 1 | U26: =SUM(E26:T26) -> 19
D27: JML | E27: 3 | F27: 2 | G27: 1 | H27: 4 | I27: 2 | J27: 1 | K27: 2 | L27: 1 | M27: 1 | N27: 4 | O27: 1 | P27: 2 | Q27: 1 | R27: 2 | S27: 7 | T27: =SUM(T25:T26) -> 1 | U27: =SUM(E27:T27) -> 35
B28: 4. | C28: Jumlah Pengguna Hak Pilih (B.1+B.2+B.3) | D28: LK | E28: 102 | F28: 118 | G28: 87 | H28: 87 | I28: 107 | J28: 108 | K28: 95 | L28: 77 | M28: 87 | N28: 100 | O28: 62 | P28: 93 | Q28: 107 | R28: 94 | S28: 88 | T28: =SUM(T19,T22,T25) -> 114 | U28: =SUM(E28:T28) -> 1526
D29: PR | E29: 118 | F29: 123 | G29: 109 | H29: 92 | I29: 114 | J29: 111 | K29: 119 | L29: 90 | M29: 100 | N29: 117 | O29: 80 | P29: 103 | Q29: 108 | R29: 98 | S29: 93 | T29: =SUM(T20,T23,T26) -> 126 | U29: =SUM(E29:T29) -> 1701
D30: JML | E30: 220 | F30: 241 | G30: 196 | H30: 179 | I30: 221 | J30: 219 | K30: 214 | L30: 167 | M30: 187 | N30: 217 | O30: 142 | P30: 196 | Q30: 215 | R30: 192 | S30: 181 | T30: =SUM(T28:T29) -> 240 | U30: =SUM(E30:T30) -> 3227
A32: II | B32: DATA PENGGUNAAN SURAT SUARA
A33: 1 | B33: Jumlah surat suara yang diterima, termasuk surat suara cadangan 2,5% dari DPT | E33: 268 | F33: 292 | G33: 254 | H33: 222 | I33: 279 | J33: 281 | K33: 272 | L33: 233 | M33: 222 | N33: 271 | O33: 185 | P33: 241 | Q33: 294 | R33: 278 | S33: 224 | T33: 294 | U33: =SUM(E33:T33) -> 4110
A34: 2 | B34: Jumlah surat suara yang digunakan | E34: 220 | F34: 241 | G34: 196 | H34: 179 | I34: 221 | J34: 219 | K34: 214 | L34: 167 | M34: 187 | N34: 217 | O34: 142 | P34: 196 | Q34: 215 | R34: 192 | S34: 181 | T34: 240 | U34: =SUM(E34:T34) -> 3227
A35: 3 | B35: Jumlah surat suara dikembalikan oleh pemilih (karena rusak atau keliru coblos) | E35: 2 | F35: 0 | G35: 0 | H35: 1 | I35: 1 | J35: 3 | K35: 0 | L35: 1 | M35: 2 | N35: 1 | O35: 0 | P35: 0 | Q35: 1 | R35: 0 | S35: 0 | T35: 0 | U35: =SUM(E35:T35) -> 12
A36: 4 | B36: Jumlah surat suara yang tidak digunakan/tidak terpakai, termasuk sisa surat suara cadangan | E36: 46 | F36: 51 | G36: 58 | H36: 42 | I36: 57 | J36: 59 | K36: 58 | L36: 65 | M36: 33 | N36: 53 | O36: 43 | P36: 45 | Q36: 78 | R36: 86 | S36: 43 | T36: =T33-(T34+T35) -> 54 | U36: =SUM(E36:T36) -> 871
A38: III | B38: DATA PEMILIH DISABILITAS
B39: Jumlah seluruh Pemilih disabilitas yang menggunakan hak pilih | D39: LK | E39: 1 | F39: 0 | G39: 0 | H39: 1 | I39: 0 | J39: 0 | K39: 0 | L39: 0 | M39: 0 | N39: 0 | O39: 2 | P39: 0 | Q39: 1 | R39: 0 | S39: 0 | T39: 0 | U39: =SUM(E39:T39) -> 5
D40: PR | E40: 0 | F40: 0 | G40: 0 | H40: 1 | I40: 0 | J40: 0 | K40: 0 | L40: 1 | M40: 1 | N40: 0 | O40: 1 | P40: 0 | Q40: 1 | R40: 0 | S40: 0 | T40: 0 | U40: =SUM(E40:T40) -> 5
D41: JML | E41: 1 | F41: 0 | G41: 0 | H41: 2 | I41: 0 | J41: 0 | K41: 0 | L41: 1 | M41: 1 | N41: 0 | O41: 3 | P41: 0 | Q41: 2 | R41: 0 | S41: 0 | T41: =SUM(T39:T40) -> 0 | U41: =SUM(E41:T41) -> 10
A43: IV | B43: DATA RINCIAN PEROLEHAN SUARA PASANGAN CALON BUPATI DAN WAKIL BUPATI
A44: NOMOR DAN NAMA CALON
A45: A.1 | B45: 1. | C45: Partai Kebangkitan Bangsa | E45: 22 | F45: 8 | G45: 13 | H45: 12 | I45: 12 | J45: 15 | K45: 5 | L45: 18 | M45: 10 | N45: 8 | O45: 10 | P45: 13 | Q45: 15 | R45: 6 | S45: 3 | T45: 5 | U45: =SUM(E45:T45) -> 175
A46: A.2 | B46: 1 | C46: 1. Dr. Hj. NIHAYATUL WAFIROH, M.A. | E46: 57 | F46: 44 | G46: 34 | H46: 33 | I46: 51 | J46: 13 | K46: 8 | L46: 22 | M46: 27 | N46: 56 | O46: 14 | P46: 42 | Q46: 19 | R46: 5 | S46: 20 | T46: 11 | U46: =SUM(E46:T46) -> 456
B47: 2 | C47: 2. H. M. NASIM KHAN | E47: 6 | F47: 3 | G47: 1 | H47: 3 | I47: 5 | J47: 3 | K47: 2 | L47: 1 | M47: 1 | N47: 2 | O47: 6 | P47: 2 | Q47: 1 | R47: 3 | S47: 0 | T47: 5 | U47: =SUM(E47:T47) -> 44
B48: 3 | C48: 3. Dr. H. AKIK ZAMAN, M.Pd.I. | E48: 2 | F48: 2 | G48: 2 | H48: 0 | I48: 0 | J48: 0 | K48: 0 | L48: 1 | M48: 1 | N48: 1 | O48: 1 | P48: 4 | Q48: 1 | R48: 0 | S48: 0 | T48: 2 | U48: =SUM(E48:T48) -> 17
B49: 4 | C49: 4. AHMAD RIFA'I, S.H. | E49: 1 | F49: 1 | G49: 2 | H49: 0 | I49: 1 | J49: 0 | K49: 0 | L49: 0 | M49: 2 | N49: 4 | O49: 0 | P49: 0 | Q49: 0 | R49: 1 | S49: 1 | T49: 1 | U49: =SUM(E49:T49) -> 14
B50: 5 | C50: 5. Drs. H. MAHFUD M.N. | E50: 0 | F50: 0 | G50: 0 | H50: 1 | I50: 0 | J50: 1 | K50: 0 | L50: 0 | M50: 0 | N50: 0 | O50: 1 | P50: 1 | Q50: 0 | R50: 0 | S50: 0 | T50: 0 | U50: =SUM(E50:T50) -> 4
B51: 6 | C51: 6. NURHAYATI, S.Pd. | E51: 0 | F51: 0 | G51: 2 | H51: 1 | I51: 0 | J51: 0 | K51: 0 | L51: 1 | M51: 0 | N51: 0 | O51: 0 | P51: 0 | Q51: 0 | R51: 0 | S51: 0 | T51: 0 | U51: =SUM(E51:T51) -> 4
B52: 7 | C52: 7. MAFTUHA KISWAH | E52: 0 | F52: 0 | G52: 0 | H52: 0 | I52: 0 | J52: 0 | K52: 0 | L52: 0 | M52: 0 | N52: 0 | O52: 0 | P52: 0 | Q52: 1 | R52: 0 | S52: 0 | T52: 0 | U52: =SUM(E52:T52) -> 1
A55: B | B55: JUMLAH SUARA SAH PARTAI POLITIK DAN CALON (A1 + A2) | E55: =SUM(E45:E52) -> 88 | F55: =SUM(F45:F52) -> 58 | G55: =SUM(G45:G52) -> 54 | H55: =SUM(H45:H52) -> 50 | I55: =SUM(I45:I52) -> 69 | J55: =SUM(J45:J52) -> 32 | K55: =SUM(K45:K52) -> 15 | L55: =SUM(L45:L52) -> 43 | ... T55: =SUM(T45:T52) -> 24 | U55: =SUM(E55:T55) -> 715
A57: A.1 | B57: 2. | C57: Partai Gerakan Indonesia Raya | E57: 7 | F57: 18 | G57: 6 | H57: 8 | I57: 5 | J57: 11 | K57: 6 | L57: 8 | M57: 9 | N57: 5 | O57: 12 | P57: 8 | Q57: 17 | R57: 8 | S57: 6 | T57: 6 | U57: =SUM(E57:T57) -> 140
A58: A.2 | B58: 1 | C58: 1. SUMAIL ABDULLAH | E58: 2 | F58: 26 | G58: 9 | H58: 13 | I58: 18 | J58: 25 | K58: 13 | L58: 23 | M58: 22 | N58: 61 | O58: 8 | P58: 18 | Q58: 61 | R58: 35 | S58: 52 | T58: 64 | U58: =SUM(E58:T58) -> 450
B59: 2 | C59: 2. MUHAMMAD ALI ADRIAN SALEH | E59: 2 | F59: 6 | G59: 5 | H59: 3 | I59: 3 | J59: 2 | K59: 4 | L59: 1 | M59: 11 | N59: 7 | O59: 4 | P59: 4 | Q59: 6 | R59: 1 | S59: 1 | T59: 5 | U59: =SUM(E59:T59) -> 65
B60: 3 | C60: 3. DURROTUN NAFISAH | E60: 0 | F60: 1 | G60: 1 | H60: 1 | I60: 1 | J60: 1 | K60: 1 | L60: 0 | M60: 0 | N60: 0 | O60: 0 | P60: 2 | Q60: 1 | R60: 0 | S60: 0 | T60: 0 | U60: =SUM(E60:T60) -> 9
B61: 4 | C61: 4. H. EKO SUSILO NURHIDAYAT | E61: 0 | F61: 1 | G61: 0 | H61: 0 | I61: 1 | J61: 1 | K61: 0 | L61: 1 | M61: 2 | N61: 2 | O61: 2 | P61: 0 | Q61: 0 | R61: 0 | S61: 0 | T61: 0 | U61: =SUM(E61:T61) -> 10
B62: 5 | C62: 5. KARNADI HARIJANTO, S.S. | E62: 0 | F62: 0 | G62: 0 | H62: 1 | I62: 0 | J62: 0 | K62: 1 | L62: 0 | M62: 1 | N62: 0 | O62: 1 | P62: 0 | Q62: 0 | R62: 0 | S62: 0 | T62: 0 | U62: =SUM(E62:T62) -> 4
B63: 6 | C63: 6. NURHAYATI | E63: 1 | F63: 0 | G63: 1 | H63: 0 | I63: 0 | J63: 1 | K63: 0 | L63: 0 | M63: 0 | N63: 0 | O63: 0 | P63: 0 | Q63: 0 | R63: 0 | S63: 0 | T63: 0 | U63: =SUM(E63:T63) -> 3
B64: 7 | C64: 7. MASHUDI | E64: 0 | F64: 2 | G64: 0 | H64: 1 | I64: 0 | J64: 0 | K64: 0 | L64: 0 | M64: 0 | N64: 0 | O64: 1 | P64: 0 | Q64: 0 | R64: 0 | S64: 0 | T64: 2 | U64: =SUM(E64:T64) -> 6
A67: B | B67: JUMLAH SUARA SAH PARTAI POLITIK DAN CALON (A1 + A2) | E67: =SUM(E57:E64) -> 12 | F67: =SUM(F57:F64) -> 54 | G67: =SUM(G57:G64) -> 22 | H67: =SUM(H57:H64) -> 27 | I67: =SUM(I57:I64) -> 28 | J67: =SUM(J57:J64) -> 41 | K67: =SUM(K57:K64) -> 25 | L67: =SUM(L57:L64) -> 33 | ... T67: =SUM(T57:T64) -> 77 | U67: =SUM(E67:T67) -> 687
A69: A.1 | B69: 3. | C69: Partai Demokrasi Indonesia Perjuangan | E69: 8 | F69: 3 | G69: 4 | H69: 3 | I69: 6 | J69: 9 | K69: 8 | L69: 6 | M69: 3 | N69: 4 | O69: 3 | P69: 5 | Q69: 6 | R69: 8 | S69: 0 | T69: 3 | U69: =SUM(E69:T69) -> 79
A70: A.2 | B70: 1 | C70: 1. SONNY TRI DANAPARAMITA, S.H., M.H. | E70: 3 | F70: 4 | G70: 5 | H70: 2 | I70: 2 | J70: 2 | K70: 2 | L70: 1 | M70: 2 | N70: 1 | O70: 1 | P70: 3 | Q70: 7 | R70: 0 | S70: 2 | T70: 1 | U70: =SUM(E70:T70) -> 38
B71: 2 | C71: 2. H. MOHAMAD GUNTUR ROMLI | E71: 1 | F71: 4 | G71: 2 | H71: 1 | I71: 8 | J71: 1 | K71: 1 | L71: 3 | M71: 2 | N71: 4 | O71: 0 | P71: 2 | Q71: 3 | R71: 1 | S71: 0 | T71: 3 | U71: =SUM(E71:T71) -> 36
B72: 3 | C72: 3. INA AMMANIA | E72: 6 | F72: 2 | G72: 1 | H72: 2 | I72: 3 | J72: 2 | K72: 3 | L72: 1 | M72: 2 | N72: 2 | O72: 12 | P72: 0 | Q72: 0 | R72: 6 | S72: 0 | T72: 2 | U72: =SUM(E72:T72) -> 44
B73: 4 | C73: 4. IRWAN BACHTIAR RACHMAT, M.Si. | E73: 0 | F73: 0 | G73: 0 | H73: 1 | I73: 1 | J73: 1 | K73: 1 | L73: 0 | M73: 1 | N73: 0 | O73: 2 | P73: 1 | Q73: 0 | R73: 0 | S73: 0 | T73: 1 | U73: =SUM(E73:T73) -> 9
B74: 5 | C74: 5. LUCKY PERDANA | E74: 6 | F74: 5 | G74: 4 | H74: 1 | I74: 3 | J74: 3 | K74: 2 | L74: 5 | M74: 0 | N74: 3 | O74: 3 | P74: 0 | Q74: 4 | R74: 2 | S74: 4 | T74: 17 | U74: =SUM(E74:T74) -> 62
B75: 6 | C75: 6. WIWIK PUJIYATI | E75: 0 | F75: 1 | G75: 0 | H75: 0 | I75: 0 | J75: 0 | K75: 0 | L75: 0 | M75: 0 | N75: 0 | O75: 0 | P75: 0 | Q75: 0 | R75: 0 | S75: 0 | T75: 2 | U75: =SUM(E75:T75) -> 3
B76: 7 | C76: 7. CHANDRA ASTAN, S.T. | E76: 0 | F76: 0 | G76: 0 | H76: 2 | I76: 1 | J76: 0 | K76: 0 | L76: 0 | M76: 0 | N76: 0 | O76: 0 | P76: 0 | Q76: 0 | R76: 1 | S76: 1 | T76: 2 | U76: =SUM(E76:T76) -> 7
A79: B | B79: JUMLAH SUARA SAH PARTAI POLITIK DAN CALON (A1 + A2) | E79: =SUM(E69:E76) -> 24 | F79: =SUM(F69:F76) -> 19 | G79: =SUM(G69:G76) -> 16 | H79: =SUM(H69:H76) -> 12 | I79: =SUM(I69:I76) -> 24 | J79: =SUM(J69:J76) -> 18 | K79: =SUM(K69:K76) -> 17 | L79: =SUM(L69:L76) -> 16 | ... T79: =SUM(T69:T76) -> 31 | U79: =SUM(E79:T79) -> 278
A81: A.1 | B81: 4. | C81: Partai Golongan Karya | E81: 1 | F81: 3 | G81: 1 | H81: 0 | I81: 0 | J81: 4 | K81: 0 | L81: 0 | M81: 1 | N81: 1 | O81: 2 | P81: 2 | Q81: 0 | R81: 1 | S81: 0 | T81: 0 | U81: =SUM(E81:T81) -> 16
A82: A.2 | B82: 1 | C82: 1. ZULFIKAR ARSE SADIKIN, S.I.P., M.Si. | E82: 4 | F82: 10 | G82: 1 | H82: 0 | I82: 1 | J82: 2 | K82: 1 | L82: 0 | M82: 3 | N82: 3 | O82: 1 | P82: 3 | Q82: 1 | R82: 1 | S82: 0 | T82: 0 | U82: =SUM(E82:T82) -> 31
B83: 2 | C83: 2. HANDOKO | E83: 0 | F83: 0 | G83: 0 | H83: 1 | I83: 1 | J83: 0 | K83: 2 | L83: 1 | M83: 1 | N83: 2 | O83: 0 | P83: 2 | Q83: 1 | R83: 1 | S83: 0 | T83: 0 | U83: =SUM(E83:T83) -> 12
B84: 3 | C84: 3. Hj. OVI DEWI YANTI | E84: 1 | F84: 1 | G84: 1 | H84: 0 | I84: 0 | J84: 0 | K84: 0 | L84: 0 | M84: 0 | N84: 0 | O84: 0 | P84: 0 | Q84: 0 | R84: 0 | S84: 0 | T84: 0 | U84: =SUM(E84:T84) -> 3
B85: 4 | C85: 4. Ir. AZAM AZMAN NATAWIJANA | E85: 1 | F85: 0 | G85: 0 | H85: 0 | I85: 0 | J85: 1 | K85: 0 | L85: 0 | M85: 1 | N85: 1 | O85: 0 | P85: 0 | Q85: 0 | R85: 0 | S85: 0 | T85: 0 | U85: =SUM(E85:T85) -> 4
B86: 5 | C86: 5. UBAIDILLAH AMIN, S.Kom. | E86: 0 | F86: 1 | G86: 0 | H86: 0 | I86: 0 | J86: 0 | K86: 0 | L86: 0 | M86: 1 | N86: 0 | O86: 0 | P86: 7 | Q86: 0 | R86: 0 | S86: 0 | T86: 0 | U86: =SUM(E86:T86) -> 9
B87: 6 | C87: 6. DENNY YUNIANDARI, S.H., M.Kn. | E87: 0 | F87: 0 | G87: 0 | H87: 0 | I87: 0 | J87: 0 | K87: 0 | L87: 0 | M87: 0 | N87: 0 | O87: 0 | P87: 0 | Q87: 0 | R87: 0 | S87: 0 | T87: 0 | U87: =SUM(E87:T87) -> 0
B88: 7 | C88: 7. ERNADI, S.H.I. | E88: 0 | F88: 0 | G88: 0 | H88: 0 | I88: 0 | J88: 0 | K88: 0 | L88: 0 | M88: 0 | N88: 0 | O88: 0 | P88: 0 | Q88: 0 | R88: 0 | S88: 0 | T88: 0 | U88: =SUM(E88:T88) -> 0
A91: B | B91: JUMLAH SUARA SAH PARTAI POLITIK DAN CALON (A1 + A2) | E91: =SUM(E81:E88) -> 7 | F91: =SUM(F81:F88) -> 15 | G91: =SUM(G81:G88) -> 3 | H91: =SUM(H81:H88) -> 1 | I91: =SUM(I81:I88) -> 2 | J91: =SUM(J81:J88) -> 7 | K91: =SUM(K81:K88) -> 3 | L91: =SUM(L81:L88) -> 1 | ... T91: =SUM(T81:T88) -> 0 | U91: =SUM(E91:T91) -> 75
A93: A.1 | B93: 5. | C93: Partai NasDem | E93: 0 | F93: 1 | G93: 0 | H93: 3 | I93: 4 | J93: 1 | K93: 3 | L93: 1 | M93: 0 | N93: 1 | O93: 0 | P93: 2 | Q93: 0 | R93: 2 | S93: 1 | T93: 0 | U93: =SUM(E93:T93) -> 19
A94: A.2 | B94: 1 | C94: 1. ACH. FADIL MUZAKKI SYAH | E94: 1 | F94: 0 | G94: 1 | H94: 2 | I94: 21 | J94: 46 | K94: 27 | L94: 4 | M94: 36 | N94: 3 | O94: 11 | P94: 21 | Q94: 6 | R94: 14 | S94: 2 | T94: 5 | U94: =SUM(E94:T94) -> 200
B95: 2 | C95: 2. BENY | E95: 0 | F95: 0 | G95: 0 | H95: 2 | I95: 1 | J95: 3 | K95: 0 | L95: 3 | M95: 2 | N95: 0 | O95: 2 | P95: 0 | Q95: 2 | R95: 36 | S95: 13 | T95: 10 | U95: =SUM(E95:T95) -> 74
B96: 3 | C96: 3. VINA VERONIKA | E96: 0 | F96: 0 | G96: 0 | H96: 0 | I96: 0 | J96: 0 | K96: 0 | L96: 0 | M96: 0 | N96: 0 | O96: 0 | P96: 0 | Q96: 0 | R96: 0 | S96: 0 | T96: 0 | U96: =SUM(E96:T96) -> 0
B97: 4 | C97: 4. TEDDY ANUGRIANTO | E97: 1 | F97: 0 | G97: 1 | H97: 1 | I97: 7 | J97: 9 | K97: 13 | L97: 4 | M97: 1 | N97: 2 | O97: 5 | P97: 0 | Q97: 0 | R97: 0 | S97: 0 | T97: 2 | U97: =SUM(E97:T97) -> 46
B98: 5 | C98: 5. INSAN KAMIL | E98: 0 | F98: 0 | G98: 0 | H98: 1 | I98: 0 | J98: 0 | K98: 0 | L98: 0 | M98: 0 | N98: 0 | O98: 1 | P98: 0 | Q98: 0 | R98: 0 | S98: 0 | T98: 0 | U98: =SUM(E98:T98) -> 2
B99: 6 | C99: 6. LILIK LINDARWATI | E99: 0 | F99: 0 | G99: 0 | H99: 0 | I99: 0 | J99: 0 | K99: 0 | L99: 0 | M99: 0 | N99: 0 | O99: 0 | P99: 0 | Q99: 0 | R99: 0 | S99: 0 | T99: 0 | U99: =SUM(E99:T99) -> 0
B100: 7 | C100: 7. YULI ANITA | E100: 0 | F100: 0 | G100: 0 | H100: 0 | I100: 0 | J100: 0 | K100: 0 | L100: 0 | M100: 0 | N100: 0 | O100: 0 | P100: 0 | Q100: 0 | R100: 0 | S100: 0 | T100: 0 | U100: =SUM(E100:T100) -> 0
A103: B | B103: JUMLAH SUARA SAH PARTAI POLITIK DAN CALON (A1 + A2) | E103: =SUM(E93:E100) -> 2 | F103: =SUM(F93:F100) -> 1 | G103: =SUM(G93:G100) -> 2 | H103: =SUM(H93:H100) -> 9 | I103: =SUM(I93:I100) -> 33 | J103: =SUM(J93:J100) -> 59 | K103: =SUM(K93:K100) -> 43 | L103: =SUM(L93:L100) -> 12 | ... T103: =SUM(T93:T100) -> 17 | U103: =SUM(E103:T103) -> 341
A105: A.1 | B105: 6. | C105: Partai Buruh | E105: 0 | F105: 0 | G105: 0 | H105: 1 | I105: 1 | J105: 0 | K105: 0 | L105: 0 | M105: 0 | N105: 1 | O105: 1 | P105: 1 | Q105: 0 | R105: 0 | S105: 0 | T105: 0 | U105: =SUM(E105:T105) -> 5
A106: A.2 | B106: 1 | C106: 1. KHOIRUL ANAM | E106: 0 | F106: 1 | G106: 0 | H106: 0 | I106: 0 | J106: 0 | K106: 0 | L106: 0 | M106: 0 | N106: 1 | O106: 0 | P106: 0 | Q106: 0 | R106: 0 | S106: 0 | T106: 0 | U106: =SUM(E106:T106) -> 2
B107: 2 | C107: 2. INA KURNIA | E107: 0 | F107: 0 | G107: 0 | H107: 1 | I107: 0 | J107: 0 | K107: 0 | L107: 0 | M107: 0 | N107: 0 | O107: 0 | P107: 0 | Q107: 0 | R107: 0 | S107: 0 | T107: 0 | U107: =SUM(E107:T107) -> 1
B108: 3 | C108: 3. JIBRAL TAROUK | E108: 0 | F108: 0 | G108: 0 | H108: 0 | I108: 0 | J108: 0 | K108: 0 | L108: 0 | M108: 0 | N108: 0 | O108: 0 | P108: 0 | Q108: 0 | R108: 0 | S108: 0 | T108: 0 | U108: =SUM(E108:T108) -> 0
B109: 4 | C109: 4. ASTUTI DAENG PUJI | E109: 0 | F109: 0 | G109: 0 | H109: 0 | I109: 0 | J109: 0 | K109: 0 | L109: 0 | M109: 0 | N109: 0 | O109: 0 | P109: 0 | Q109: 0 | R109: 0 | S109: 0 | T109: 0 | U109: =SUM(E109:T109) -> 0
B110: 5 | C110: 5. ASDARMAWAN | E110: 0 | F110: 0 | G110: 0 | H110: 0 | I110: 0 | J110: 0 | K110: 0 | L110: 0 | M110: 0 | N110: 0 | O110: 0 | P110: 0 | Q110: 0 | R110: 0 | S110: 0 | T110: 0 | U110: =SUM(E110:T110) -> 0
B111: 6 | C111: 6. RIFQI MUBAROK | E111: 0 | F111: 0 | G111: 0 | H111: 0 | I111: 0 | J111: 1 | K111: 0 | L111: 0 | M111: 0 | N111: 0 | O111: 0 | P111: 0 | Q111: 0 | R111: 0 | S111: 0 | T111: 0 | U111: =SUM(E111:T111) -> 1
B112: 7 | C112: 7. FIRNANDA ALTA MEGA | E112: 0 | F112: 0 | G112: 0 | H112: 0 | I112: 0 | J112: 0 | K112: 0 | L112: 0 | M112: 0 | N112: 0 | O112: 0 | P112: 0 | Q112: 0 | R112: 0 | S112: 0 | T112: 0 | U112: =SUM(E112:T112) -> 0
A115: B | B115: JUMLAH SUARA SAH PARTAI POLITIK DAN CALON (A1 + A2) | E115: =SUM(E105:E112) -> 0 | F115: =SUM(F105:F112) -> 1 | G115: =SUM(G105:G112) -> 0 | H115: =SUM(H105:H112) -> 2 | I115: =SUM(I105:I112) -> 1 | J115: =SUM(J105:J112) -> 1 | K115: =SUM(K105:K112) -> 0 | L115: =SUM(L105:L112) -> 0 | ... T115: =SUM(T105:T112) -> 0 | U115: =SUM(E115:T115) -> 9
A117: A.1 | B117: 7. | C117: Partai Gelombang Rakyat Indonesia | E117: 1 | F117: 0 | G117: 0 | H117: 0 | I117: 0 | J117: 2 | K117: 0 | L117: 1 | M117: 0 | N117: 0 | O117: 1 | P117: 1 | Q117: 0 | R117: 2 | S117: 0 | T117: 0 | U117: =SUM(E117:T117) -> 8
A118: A.2 | B118: 1 | C118: 1. TITI WIDORETNO WARISMAN | E118: 0 | F118: 0 | G118: 0 | H118: 0 | I118: 0 | J118: 0 | K118: 0 | L118: 0 | M118: 0 | N118: 0 | O118: 0 | P118: 0 | Q118: 1 | R118: 0 | S118: 0 | T118: 0 | U118: =SUM(E118:T118) -> 1
B119: 2 | C119: 2. MAMIEK SETYANINGSIH | E119: 0 | F119: 0 | G119: 0 | H119: 0 | I119: 0 | J119: 0 | K119: 0 | L119: 0 | M119: 0 | N119: 1 | O119: 0 | P119: 0 | Q119: 0 | R119: 0 | S119: 0 | T119: 0 | U119: =SUM(E119:T119) -> 1
B120: 3 | C120: 3. ROMIL AZIZEN | E120: 0 | F120: 0 | G120: 0 | H120: 0 | I120: 0 | J120: 0 | K120: 0 | L120: 0 | M120: 0 | N120: 0 | O120: 0 | P120: 0 | Q120: 0 | R120: 0 | S120: 0 | T120: 0 | U120: =SUM(E120:T120) -> 0
A127: B | B127: JUMLAH SUARA SAH PARTAI POLITIK DAN CALON (A1 + A2) | E127: =SUM(E117:E120) -> 1 | F127: =SUM(F117:F120) -> 0 | G127: =SUM(G117:G120) -> 0 | H127: =SUM(H117:H120) -> 0 | I127: =SUM(I117:I120) -> 0 | J127: =SUM(J117:J120) -> 2 | K127: =SUM(K117:K120) -> 0 | L127: =SUM(L117:L120) -> 1 | ... T127: =SUM(T117:T120) -> 0 | U127: =SUM(E127:T127) -> 10
A129: A.1 | B129: 8. | C129: Partai Keadilan Sejahtera | E129: 0 | F129: 1 | G129: 0 | H129: 0 | I129: 0 | J129: 0 | K129: 0 | L129: 0 | M129: 0 | N129: 0 | O129: 0 | P129: 0 | Q129: 0 | R129: 0 | S129: 0 | T129: 0 | U129: =SUM(E129:T129) -> 1
A130: A.2 | B130: 1 | C130: 1. H. SAIMI SALEH, S.E., M.M. | E130: 0 | F130: 0 | G130: 0 | H130: 2 | I130: 2 | J130: 0 | K130: 0 | L130: 0 | M130: 0 | N130: 0 | O130: 0 | P130: 0 | Q130: 0 | R130: 0 | S130: 0 | T130: 0 | U130: =SUM(E130:T130) -> 4
B131: 2 | C131: 2. Prof. Dr. H. EGGI SUDJANA, S.H., M.Si. | E131: 0 | F131: 1 | G131: 0 | H131: 0 | I131: 0 | J131: 0 | K131: 0 | L131: 1 | M131: 2 | N131: 0 | O131: 0 | P131: 0 | Q131: 0 | R131: 1 | S131: 0 | T131: 0 | U131: =SUM(E131:T131) -> 5
B132: 3 | C132: 3. NURUL KHOTIMAH | E132: 0 | F132: 0 | G132: 0 | H132: 0 | I132: 0 | J132: 0 | K132: 0 | L132: 0 | M132: 0 | N132: 0 | O132: 0 | P132: 0 | Q132: 0 | R132: 0 | S132: 0 | T132: 0 | U132: =SUM(E132:T132) -> 0
B133: 4 | C133: 4. AKHMAD SUYANTO, S.T., M.T. | E133: 0 | F133: 0 | G133: 0 | H133: 0 | I133: 0 | J133: 0 | K133: 0 | L133: 0 | M133: 0 | N133: 0 | O133: 0 | P133: 0 | Q133: 0 | R133: 0 | S133: 0 | T133: 0 | U133: =SUM(E133:T133) -> 0
B134: 5 | C134: 5. PUJIYATNI | E134: 2 | F134: 0 | G134: 0 | H134: 0 | I134: 0 | J134: 0 | K134: 0 | L134: 0 | M134: 1 | N134: 0 | O134: 0 | P134: 0 | Q134: 0 | R134: 0 | S134: 0 | T134: 2 | U134: =SUM(E134:T134) -> 5
B135: 6 | C135: 6. HENI PURWATININGSIH | E135: 0 | F135: 0 | G135: 0 | H135: 0 | I135: 0 | J135: 0 | K135: 0 | L135: 0 | M135: 0 | N135: 0 | O135: 0 | P135: 0 | Q135: 0 | R135: 0 | S135: 0 | T135: 0 | U135: =SUM(E135:T135) -> 0
B136: 7 | C136: 7. MUHADI | E136: 0 | F136: 0 | G136: 0 | H136: 0 | I136: 0 | J136: 0 | K136: 0 | L136: 0 | M136: 0 | N136: 0 | O136: 0 | P136: 0 | Q136: 0 | R136: 0 | S136: 0 | T136: 0 | U136: =SUM(E136:T136) -> 0
...

Sheet BOMO
C2: Kecamatan | D2: BLIMBINGSARI
C3: Kabupaten | D3: BANYUWANGI
C4: Provinsi | D4: JAWA TIMUR
C9: Kelurahan | D9: BOMO
A12: I | B12: DATA PEMILIH DAN PENGGUNAAN HAK PILIH | W12: JUMLAH AKHIR
A13: A | B13: DATA PEMILIH | E13: TPS 001 | F13: TPS 002 | G13: TPS 003 | H13: TPS 004 | I13: TPS 005 | J13: TPS 006 | K13: TPS 007 | L13: TPS 008 | M13: TPS 009 | N13: TPS 010 | O13: TPS 011 | P13: TPS 012 | Q13: TPS 013 | R13: TPS 014 | S13: TPS 015 | T13: TPS 016 | U13: TPS 017 | V13: TPS 018
B14: Jumlah Pemilih dalam Daftar Pemilih Tetap (DPT) | D14: LK | E14: 142 | F14: 123 | G14: 144 | H14: 139 | I14: 133 | J14: 151 | K14: 136 | L14: 141 | M14: 150 | N14: 113 | O14: 133 | P14: 121 | Q14: 121 | R14: 133 | S14: 130 | T14: 121 | U14: 127 | V14: 123 | W14: =SUM(E14:V14) -> 2381
D15: PR | E15: 143 | F15: 143 | G15: 150 | H15: 146 | I15: 133 | J15: 145 | K15: 138 | L15: 156 | M15: 141 | N15: 121 | O15: 140 | P15: 132 | Q15: 131 | R15: 129 | S15: 136 | T15: 122 | U15: 128 | V15: 119 | W15: =SUM(E15:V15) -> 2453
D16: JML | E16: =SUM(E14:E15) -> 285 | F16: =SUM(F14:F15) -> 266 | G16: =SUM(G14:G15) -> 294 | H16: =SUM(H14:H15) -> 285 | I16: =SUM(I14:I15) -> 266 | J16: =SUM(J14:J15) -> 296 | K16: =SUM(K14:K15) -> 274 | L16: =SUM(L14:L15) -> 297 | ... V16: =SUM(V14:V15) -> 242 | W16: =SUM(E16:V16) -> 4834
A18: B | B18: PENGGUNA HAK PILIH
B19: 1. | C19: Jumlah pengguna hak pilih dalam Daftar Pemilih Tetap (DPT) | D19: LK | E19: 117 | F19: 88 | G19: 96 | H19: 104 | I19: 96 | J19: 109 | K19: 105 | L19: 105 | M19: 113 | N19: 96 | O19: 102 | P19: 96 | Q19: 67 | R19: 89 | S19: 95 | T19: 99 | U19: 93 | V19: 83 | W19: =SUM(E19:V19) -> 1753
D20: PR | E20: 122 | F20: 111 | G20: 116 | H20: 118 | I20: 100 | J20: 109 | K20: 112 | L20: 127 | M20: 117 | N20: 99 | O20: 122 | P20: 102 | Q20: 87 | R20: 92 | S20: 106 | T20: 99 | U20: 109 | V20: 88 | W20: =SUM(E20:V20) -> 1936
D21: JML | E21: 239 | F21: 199 | G21: 212 | H21: 222 | I21: 196 | J21: 218 | K21: 217 | L21: 232 | M21: 230 | N21: 195 | O21: 224 | P21: 198 | Q21: 154 | R21: 181 | S21: 201 | T21: =SUM(T19:T20) -> 198 | U21: =SUM(U19:U20) -> 202 | V21: =SUM(V19:V20) -> 171 | W21: =SUM(E21:V21) -> 3689
B22: 2. | C22: Jumlah pengguna hak pilih dalam Daftar Pemilih Tambahan (DPTb) | D22: LK | E22: 0 | F22: 0 | G22: 0 | H22: 0 | I22: 0 | J22: 2 | K22: 0 | L22: 0 | M22: 0 | N22: 0 | O22: 0 | P22: 0 | Q22: 0 | R22: 0 | S22: 0 | T22: 0 | U22: 1 | V22: 0 | W22: =SUM(E22:V22) -> 3
D23: PR | E23: 0 | F23: 0 | G23: 0 | H23: 0 | I23: 0 | J23: 0 | K23: 0 | L23: 0 | M23: 0 | N23: 0 | O23: 0 | P23: 0 | Q23: 0 | R23: 0 | S23: 0 | T23: 0 | U23: 1 | V23: 0 | W23: =SUM(E23:V23) -> 1
D24: JML | E24: 0 | F24: 0 | G24: 0 | H24: 0 | I24: 0 | J24: 2 | K24: 0 | L24: 0 | M24: 0 | N24: 0 | O24: 0 | P24: 0 | Q24: 0 | R24: 0 | S24: 0 | T24: =SUM(T22:T23) -> 0 | U24: =SUM(U22:U23) -> 2 | V24: =SUM(V22:V23) -> 0 | W24: =SUM(E24:V24) -> 4
B25: 3. | C25: Jumlah pengguna hak pilih dalam Daftar Pemilih Khusus (DPK) | D25: LK | E25: 1 | F25: 0 | G25: 2 | H25: 0 | I25: 0 | J25: 0 | K25: 0 | L25: 1 | M25: 1 | N25: 0 | O25: 0 | P25: 1 | Q25: 1 | R25: 0 | S25: 0 | T25: 0 | U25: 1 | V25: 1 | W25: =SUM(E25:V25) -> 9
D26: PR | E26: 2 | F26: 0 | G26: 1 | H26: 0 | I26: 0 | J26: 0 | K26: 0 | L26: 0 | M26: 3 | N26: 0 | O26: 0 | P26: 1 | Q26: 0 | R26: 0 | S26: 1 | T26: 0 | U26: 0 | V26: 1 | W26: =SUM(E26:V26) -> 9
D27: JML | E27: 3 | F27: 0 | G27: 3 | H27: 0 | I27: 0 | J27: 0 | K27: 0 | L27: 1 | M27: 4 | N27: 0 | O27: 0 | P27: 2 | Q27: 1 | R27: 0 | S27: 1 | T27: =SUM(T25:T26) -> 0 | U27: =SUM(U25:U26) -> 1 | V27: =SUM(V25:V26) -> 2 | W27: =SUM(E27:V27) -> 18
B28: 4. | C28: Jumlah Pengguna Hak Pilih (B.1+B.2+B.3) | D28: LK | E28: 118 | F28: 88 | G28: 98 | H28: 104 | I28: 96 | J28: 111 | K28: 105 | L28: 106 | M28: 114 | N28: 96 | O28: 102 | P28: 97 | Q28: 68 | R28: 89 | S28: 95 | T28: =SUM(T19,T22,T25) -> 99 | U28: =SUM(U19,U22,U25) -> 95 | V28: =SUM(V19,V22,V25) -> 84 | W28: =SUM(E28:V28) -> 1765
D29: PR | E29: 124 | F29: 111 | G29: 117 | H29: 118 | I29: 100 | J29: 109 | K29: 112 | L29: 127 | M29: 120 | N29: 99 | O29: 122 | P29: 103 | Q29: 87 | R29: 92 | S29: 107 | T29: =SUM(T20,T23,T26) -> 99 | U29: =SUM(U20,U23,U26) -> 110 | V29: =SUM(V20,V23,V26) -> 89 | W29: =SUM(E29:V29) -> 1946
D30: JML | E30: =SUM(E28:E29) -> 242 | F30: =SUM(F28:F29) -> 199 | G30: =SUM(G28:G29) -> 215 | H30: =SUM(H28:H29) -> 222 | I30: =SUM(I28:I29) -> 196 | J30: =SUM(J28:J29) -> 220 | K30: =SUM(K28:K29) -> 217 | L30: =SUM(L28:L29) -> 233 | ... V30: =SUM(V28:V29) -> 173 | W30: =SUM(E30:V30) -> 3711
A32: II | B32: DATA PENGGUNAAN SURAT SUARA
A33: 1 | B33: Jumlah surat suara yang diterima, termasuk surat suara cadangan 2,5% dari DPT | E33: 291 | F33: 272 | G33: 300 | H33: 291 | I33: 272 | J33: 302 | K33: 280 | L33: 303 | M33: 297 | N33: 239 | O33: 279 | P33: 259 | Q33: 258 | R33: 258 | S33: 272 | T33: 248 | U33: 261 | V33: 247 | W33: =SUM(E33:V33) -> 4929
A34: 2 | B34: Jumlah surat suara yang digunakan | E34: 242 | F34: 199 | G34: 215 | H34: 222 | I34: 196 | J34: 220 | K34: 217 | L34: 233 | M34: 234 | N34: 195 | O34: 224 | P34: 200 | Q34: 155 | R34: 181 | S34: 202 | T34: 198 | U34: 205 | V34: 173 | W34: =SUM(E34:V34) -> 3711
A35: 3 | B35: Jumlah surat suara dikembalikan oleh pemilih (karena rusak atau keliru coblos) | E35: 0 | F35: 1 | G35: 0 | H35: 1 | I35: 1 | J35: 0 | K35: 0 | L35: 0 | M35: 0 | N35: 0 | O35: 1 | P35: 0 | Q35: 0 | R35: 0 | S35: 1 | T35: 0 | U35: 2 | V35: 0 | W35: =SUM(E35:V35) -> 7
A36: 4 | B36: Jumlah surat suara yang tidak digunakan/tidak terpakai, termasuk sisa surat suara cadangan | E36: 49 | F36: 72 | G36: 85 | H36: 68 | I36: 75 | J36: 82 | K36: 63 | L36: 70 | M36: 63 | N36: 44 | O36: 54 | P36: 59 | Q36: 103 | R36: 77 | S36: 69 | T36: =T33-(T34+T35) -> 50 | U36: =U33-(U34+U35) -> 54 | V36: =V33-(V34+V35) -> 74 | W36: =SUM(E36:V36) -> 1211
A38: III | B38: DATA PEMILIH DISABILITAS
B39: Jumlah seluruh Pemilih disabilitas yang menggunakan hak pilih | D39: LK | E39: 0 | F39: 0 | G39: 0 | H39: 0 | I39: 0 | J39: 0 | K39: 0 | L39: 0 | M39: 0 | N39: 0 | O39: 1 | P39: 1 | Q39: 0 | R39: 0 | S39: 0 | T39: 1 | U39: 0 | V39: 1 | W39: =SUM(E39:V39) -> 4
D40: PR | E40: 0 | F40: 0 | G40: 0 | H40: 0 | I40: 0 | J40: 0 | K40: 0 | L40: 0 | M40: 0 | N40: 0 | O40: 0 | P40: 0 | Q40: 0 | R40: 0 | S40: 0 | T40: 0 | U40: 0 | V40: 0 | W40: =SUM(E40:V40) -> 0
D41: JML | E41: =SUM(E39:E40) -> 0 | F41: =SUM(F39:F40) -> 0 | G41: =SUM(G39:G40) -> 0 | H41: =SUM(H39:H40) -> 0 | I41: =SUM(I39:I40) -> 0 | J41: =SUM(J39:J40) -> 0 | K41: =SUM(K39:K40) -> 0 | L41: =SUM(L39:L40) -> 0 | ... V41: =SUM(V39:V40) -> 1 | W41: =SUM(E41:V41) -> 4
A43: IV | B43: DATA RINCIAN PEROLEHAN SUARA PASANGAN CALON BUPATI DAN WAKIL BUPATI
A44: NOMOR DAN NAMA CALON
A45: A.1 | B45: 1. | C45: Partai Kebangkitan Bangsa | E45: 8 | F45: 6 | G45: 3 | H45: 3 | I45: 2 | J45: 3 | K45: 1 | L45: 1 | M45: 0 | N45: 0 | O45: 6 | P45: 4 | Q45: 4 | R45: 2 | S45: 1 | T45: 0 | U45: 1 | V45: 2 | W45: =SUM(E45:V45) -> 47
A46: A.2 | B46: 1 | C46: 1. Dr. Hj. NIHAYATUL WAFIROH, M.A. | E46: 7 | F46: 4 | G46: 8 | H46: 9 | I46: 12 | J46: 11 | K46: 11 | L46: 14 | M46: 12 | N46: 1 | O46: 15 | P46: 10 | Q46: 12 | R46: 9 | S46: 1 | T46: 2 | U46: 7 | V46: 5 | W46: =SUM(E46:V46) -> 150
B47: 2 | C47: 2. H. M. NASIM KHAN | E47: 1 | F47: 1 | G47: 0 | H47: 1 | I47: 0 | J47: 1 | K47: 0 | L47: 1 | M47: 0 | N47: 1 | O47: 1 | P47: 1 | Q47: 0 | R47: 0 | S47: 0 | T47: 0 | U47: 0 | V47: 1 | W47: =SUM(E47:V47) -> 9
B48: 3 | C48: 3. Dr. H. AKIK ZAMAN, M.Pd.I. | E48: 0 | F48: 1 | G48: 0 | H48: 0 | I48: 0 | J48: 0 | K48: 0 | L48: 0 | M48: 0 | N48: 0 | O48: 2 | P48: 1 | Q48: 1 | R48: 0 | S48: 0 | T48: 0 | U48: 0 | V48: 0 | W48: =SUM(E48:V48) -> 5
B49: 4 | C49: 4. AHMAD RIFA'I, S.H. | E49: 2 | F49: 0 | G49: 0 | H49: 0 | I49: 0 | J49: 1 | K49: 0 | L49: 0 | M49: 1 | N49: 0 | O49: 0 | P49: 1 | Q49: 0 | R49: 0 | S49: 0 | T49: 0 | U49: 0 | V49: 0 | W49: =SUM(E49:V49) -> 5
B50: 5 | C50: 5. Drs. H. MAHFUD M.N. | E50: 0 | F50: 0 | G50: 1 | H50: 0 | I50: 0 | J50: 0 | K50: 0 | L50: 1 | M50: 0 | N50: 0 | O50: 0 | P50: 0 | Q50: 0 | R50: 0 | S50: 0 | T50: 0 | U50: 0 | V50: 2 | W50: =SUM(E50:V50) -> 4
B51: 6 | C51: 6. NURHAYATI, S.Pd. | E51: 0 | F51: 0 | G51: 0 | H51: 0 | I51: 0 | J51: 0 | K51: 0 | L51: 0 | M51: 0 | N51: 0 | O51: 0 | P51: 0 | Q51: 0 | R51: 0 | S51: 0 | T51: 0 | U51: 0 | V51: 0 | W51: =SUM(E51:V51) -> 0
B52: 7 | C52: 7. MAFTUHA KISWAH | E52: 0 | F52: 0 | G52: 0 | H52: 0 | I52: 0 | J52: 0 | K52: 0 | L52: 0 | M52: 0 | N52: 0 | O52: 0 | P52: 0 | Q52: 0 | R52: 0 | S52: 0 | T52: 0 | U52: 0 | V52: 0 | W52: =SUM(E52:V52) -> 0
A55: B | B55: JUMLAH SUARA SAH PARTAI POLITIK DAN CALON (A1 + A2) | E55: =SUM(E45:E52) -> 18 | F55: =SUM(F45:F52) -> 12 | G55: =SUM(G45:G52) -> 12 | H55: =SUM(H45:H52) -> 13 | I55: =SUM(I45:I52) -> 14 | J55: =SUM(J45:J52) -> 16 | K55: =SUM(K45:K52) -> 12 | L55: =SUM(L45:L52) -> 17 | ... V55: =SUM(V45:V52) -> 10 | W55: =SUM(E55:V55) -> 220
A57: A.1 | B57: 2. | C57: Partai Gerakan Indonesia Raya | E57: 19 | F57: 10 | G57: 11 | H57: 8 | I57: 12 | J57: 3 | K57: 3 | L57: 4 | M57: 3 | N57: 5 | O57: 6 | P57: 4 | Q57: 8 | R57: 4 | S57: 14 | T57: 4 | U57: 5 | V57: 2 | W57: =SUM(E57:V57) -> 125
A58: A.2 | B58: 1 | C58: 1. SUMAIL ABDULLAH | E58: 82 | F58: 57 | G58: 66 | H58: 29 | I58: 20 | J58: 11 | K58: 7 | L58: 47 | M58: 61 | N58: 84 | O58: 15 | P58: 9 | Q58: 11 | R58: 6 | S58: 20 | T58: 11 | U58: 32 | V58: 5 | W58: =SUM(E58:V58) -> 573
B59: 2 | C59: 2. MUHAMMAD ALI ADRIAN SALEH | E59: 9 | F59: 8 | G59: 12 | H59: 5 | I59: 4 | J59: 2 | K59: 2 | L59: 4 | M59: 1 | N59: 1 | O59: 2 | P59: 1 | Q59: 5 | R59: 0 | S59: 0 | T59: 1 | U59: 0 | V59: 1 | W59: =SUM(E59:V59) -> 58
B60: 3 | C60: 3. DURROTUN NAFISAH | E60: 0 | F60: 0 | G60: 1 | H60: 0 | I60: 0 | J60: 2 | K60: 0 | L60: 0 | M60: 0 | N60: 0 | O60: 3 | P60: 1 | Q60: 2 | R60: 1 | S60: 2 | T60: 0 | U60: 2 | V60: 0 | W60: =SUM(E60:V60) -> 14
B61: 4 | C61: 4. H. EKO SUSILO NURHIDAYAT | E61: 3 | F61: 0 | G61: 1 | H61: 0 | I61: 0 | J61: 1 | K61: 0 | L61: 0 | M61: 1 | N61: 0 | O61: 2 | P61: 0 | Q61: 1 | R61: 0 | S61: 1 | T61: 0 | U61: 1 | V61: 3 | W61: =SUM(E61:V61) -> 14
B62: 5 | C62: 5. KARNADI HARIJANTO, S.S. | E62: 0 | F62: 0 | G62: 1 | H62: 0 | I62: 0 | J62: 0 | K62: 0 | L62: 0 | M62: 0 | N62: 0 | O62: 0 | P62: 0 | Q62: 1 | R62: 0 | S62: 0 | T62: 1 | U62: 0 | V62: 0 | W62: =SUM(E62:V62) -> 3
B63: 6 | C63: 6. NURHAYATI | E63: 0 | F63: 0 | G63: 0 | H63: 0 | I63: 0 | J63: 1 | K63: 0 | L63: 0 | M63: 0 | N63: 0 | O63: 0 | P63: 0 | Q63: 0 | R63: 0 | S63: 0 | T63: 0 | U63: 1 | V63: 2 | W63: =SUM(E63:V63) -> 4
B64: 7 | C64: 7. MASHUDI | E64: 0 | F64: 0 | G64: 0 | H64: 0 | I64: 0 | J64: 1 | K64: 0 | L64: 0 | M64: 0 | N64: 0 | O64: 0 | P64: 0 | Q64: 0 | R64: 0 | S64: 0 | T64: 0 | U64: 0 | V64: 0 | W64: =SUM(E64:V64) -> 1
A67: B | B67: JUMLAH SUARA SAH PARTAI POLITIK DAN CALON (A1 + A2) | E67: =SUM(E57:E64) -> 113 | F67: =SUM(F57:F64) -> 75 | G67: =SUM(G57:G64) -> 92 | H67: =SUM(H57:H64) -> 42 | I67: =SUM(I57:I64) -> 36 | J67: =SUM(J57:J64) -> 21 | K67: =SUM(K57:K64) -> 12 | L67: =SUM(L57:L64) -> 55 | ... V67: =SUM(V57:V64) -> 13 | W67: =SUM(E67:V67) -> 792
A69: A.1 | B69: 3. | C69: Partai Demokrasi Indonesia Perjuangan | E69: 6 | F69: 3 | G69: 6 | H69: 15 | I69: 11 | J69: 12 | K69: 5 | L69: 3 | M69: 4 | N69: 7 | O69: 12 | P69: 9 | Q69: 6 | R69: 23 | S69: 25 | T69: 8 | U69: 2 | V69: 8 | W69: =SUM(E69:V69) -> 165
A70: A.2 | B70: 1 | C70: 1. SONNY TRI DANAPARAMITA, S.H., M.H. | E70: 2 | F70: 2 | G70: 7 | H70: 3 | I70: 5 | J70: 5 | K70: 5 | L70: 4 | M70: 0 | N70: 10 | O70: 34 | P70: 32 | Q70: 29 | R70: 23 | S70: 43 | T70: 52 | U70: 33 | V70: 20 | W70: =SUM(E70:V70) -> 309
B71: 2 | C71: 2. H. MOHAMAD GUNTUR ROMLI | E71: 5 | F71: 3 | G71: 11 | H71: 33 | I71: 13 | J71: 8 | K71: 9 | L71: 12 | M71: 9 | N71: 4 | O71: 5 | P71: 6 | Q71: 1 | R71: 4 | S71: 15 | T71: 4 | U71: 8 | V71: 5 | W71: =SUM(E71:V71) -> 155
B72: 3 | C72: 3. INA AMMANIA | E72: 3 | F72: 2 | G72: 1 | H72: 0 | I72: 2 | J72: 2 | K72: 4 | L72: 3 | M72: 1 | N72: 3 | O72: 1 | P72: 2 | Q72: 4 | R72: 4 | S72: 3 | T72: 1 | U72: 10 | V72: 2 | W72: =SUM(E72:V72) -> 48
B73: 4 | C73: 4. IRWAN BACHTIAR RACHMAT, M.Si. | E73: 0 | F73: 0 | G73: 0 | H73: 1 | I73: 1 | J73: 0 | K73: 2 | L73: 1 | M73: 0 | N73: 0 | O73: 0 | P73: 1 | Q73: 0 | R73: 1 | S73: 1 | T73: 2 | U73: 2 | V73: 0 | W73: =SUM(E73:V73) -> 12
B74: 5 | C74: 5. LUCKY PERDANA | E74: 0 | F74: 1 | G74: 1 | H74: 0 | I74: 1 | J74: 2 | K74: 4 | L74: 1 | M74: 1 | N74: 1 | O74: 1 | P74: 1 | Q74: 1 | R74: 4 | S74: 1 | T74: 3 | U74: 1 | V74: 0 | W74: =SUM(E74:V74) -> 24
B75: 6 | C75: 6. WIWIK PUJIYATI | E75: 0 | F75: 0 | G75: 0 | H75: 0 | I75: 1 | J75: 0 | K75: 1 | L75: 0 | M75: 0 | N75: 0 | O75: 0 | P75: 1 | Q75: 1 | R75: 0 | S75: 0 | T75: 0 | U75: 1 | V75: 0 | W75: =SUM(E75:V75) -> 5
B76: 7 | C76: 7. CHANDRA ASTAN, S.T. | E76: 0 | F76: 1 | G76: 0 | H76: 1 | I76: 1 | J76: 0 | K76: 13 | L76: 1 | M76: 0 | N76: 6 | O76: 1 | P76: 27 | Q76: 3 | R76: 8 | S76: 6 | T76: 2 | U76: 0 | V76: 37 | W76: =SUM(E76:V76) -> 107
A79: B | B79: JUMLAH SUARA SAH PARTAI POLITIK DAN CALON (A1 + A2) | E79: =SUM(E69:E76) -> 16 | F79: =SUM(F69:F76) -> 12 | G79: =SUM(G69:G76) -> 26 | H79: =SUM(H69:H76) -> 53 | I79: =SUM(I69:I76) -> 35 | J79: =SUM(J69:J76) -> 29 | K79: =SUM(K69:K76) -> 43 | L79: =SUM(L69:L76) -> 25 | ... V79: =SUM(V69:V76) -> 72 | W79: =SUM(E79:V79) -> 825
A81: A.1 | B81: 4. | C81: Partai Golongan Karya | E81: 4 | F81: 3 | G81: 0 | H81: 1 | I81: 5 | J81: 1 | K81: 8 | L81: 6 | M81: 3 | N81: 3 | O81: 1 | P81: 1 | Q81: 1 | R81: 4 | S81: 1 | T81: 0 | U81: 0 | V81: 0 | W81: =SUM(E81:V81) -> 42
A82: A.2 | B82: 1 | C82: 1. ZULFIKAR ARSE SADIKIN, S.I.P., M.Si. | E82: 1 | F82: 4 | G82: 3 | H82: 17 | I82: 17 | J82: 22 | K82: 95 | L82: 17 | M82: 11 | N82: 2 | O82: 1 | P82: 3 | Q82: 3 | R82: 0 | S82: 1 | T82: 1 | U82: 3 | V82: 6 | W82: =SUM(E82:V82) -> 207
B83: 2 | C83: 2. HANDOKO | E83: 2 | F83: 8 | G83: 4 | H83: 6 | I83: 19 | J83: 7 | K83: 3 | L83: 9 | M83: 8 | N83: 9 | O83: 15 | P83: 2 | Q83: 1 | R83: 1 | S83: 1 | T83: 3 | U83: 2 | V83: 2 | W83: =SUM(E83:V83) -> 102
B84: 3 | C84: 3. Hj. OVI DEWI YANTI | E84: 0 | F84: 0 | G84: 0 | H84: 0 | I84: 1 | J84: 2 | K84: 0 | L84: 2 | M84: 0 | N84: 1 | O84: 0 | P84: 0 | Q84: 0 | R84: 0 | S84: 0 | T84: 0 | U84: 2 | V84: 0 | W84: =SUM(E84:V84) -> 8
B85: 4 | C85: 4. Ir. AZAM AZMAN NATAWIJANA | E85: 0 | F85: 0 | G85: 0 | H85: 1 | I85: 0 | J85: 1 | K85: 1 | L85: 0 | M85: 0 | N85: 0 | O85: 0 | P85: 0 | Q85: 0 | R85: 0 | S85: 0 | T85: 0 | U85: 0 | V85: 1 | W85: =SUM(E85:V85) -> 4
B86: 5 | C86: 5. UBAIDILLAH AMIN, S.Kom. | E86: 1 | F86: 0 | G86: 0 | H86: 0 | I86: 11 | J86: 1 | K86: 5 | L86: 7 | M86: 11 | N86: 3 | O86: 0 | P86: 0 | Q86: 0 | R86: 0 | S86: 1 | T86: 3 | U86: 0 | V86: 0 | W86: =SUM(E86:V86) -> 43
B87: 6 | C87: 6. DENNY YUNIANDARI, S.H., M.Kn. | E87: 0 | F87: 0 | G87: 0 | H87: 0 | I87: 2 | J87: 0 | K87: 0 | L87: 0 | M87: 0 | N87: 1 | O87: 0 | P87: 0 | Q87: 0 | R87: 0 | S87: 0 | T87: 0 | U87: 0 | V87: 0 | W87: =SUM(E87:V87) -> 3
B88: 7 | C88: 7. ERNADI, S.H.I. | E88: 0 | F88: 0 | G88: 0 | H88: 0 | I88: 0 | J88: 0 | K88: 0 | L88: 0 | M88: 0 | N88: 0 | O88: 0 | P88: 0 | Q88: 0 | R88: 0 | S88: 0 | T88: 0 | U88: 0 | V88: 0 | W88: =SUM(E88:V88) -> 0
A91: B | B91: JUMLAH SUARA SAH PARTAI POLITIK DAN CALON (A1 + A2) | E91: =SUM(E81:E88) -> 8 | F91: =SUM(F81:F88) -> 15 | G91: =SUM(G81:G88) -> 7 | H91: =SUM(H81:H88) -> 25 | I91: =SUM(I81:I88) -> 55 | J91: =SUM(J81:J88) -> 34 | K91: =SUM(K81:K88) -> 112 | L91: =SUM(L81:L88) -> 41 | ... V91: =SUM(V81:V88) -> 9 | W91: =SUM(E91:V91) -> 409
A93: A.1 | B93: 5. | C93: Partai NasDem | E93: 0 | F93: 1 | G93: 2 | H93: 2 | I93: 0 | J93: 0 | K93: 0 | L93: 0 | M93: 0 | N93: 0 | O93: 1 | P93: 0 | Q93: 1 | R93: 1 | S93: 0 | T93: 0 | U93: 0 | V93: 0 | W93: =SUM(E93:V93) -> 8
A94: A.2 | B94: 1 | C94: 1. ACH. FADIL MUZAKKI SYAH | E94: 0 | F94: 0 | G94: 1 | H94: 0 | I94: 0 | J94: 0 | K94: 0 | L94: 0 | M94: 0 | N94: 0 | O94: 0 | P94: 0 | Q94: 2 | R94: 0 | S94: 0 | T94: 1 | U94: 0 | V94: 0 | W94: =SUM(E94:V94) -> 4
B95: 2 | C95: 2. BENY | E95: 0 | F95: 1 | G95: 3 | H95: 1 | I95: 0 | J95: 0 | K95: 0 | L95: 0 | M95: 0 | N95: 0 | O95: 2 | P95: 1 | Q95: 0 | R95: 0 | S95: 0 | T95: 0 | U95: 1 | V95: 0 | W95: =SUM(E95:V95) -> 9
B96: 3 | C96: 3. VINA VERONIKA | E96: 0 | F96: 0 | G96: 1 | H96: 0 | I96: 0 | J96: 1 | K96: 0 | L96: 0 | M96: 0 | N96: 0 | O96: 1 | P96: 1 | Q96: 0 | R96: 0 | S96: 0 | T96: 0 | U96: 0 | V96: 0 | W96: =SUM(E96:V96) -> 4
B97: 4 | C97: 4. TEDDY ANUGRIANTO | E97: 2 | F97: 0 | G97: 4 | H97: 0 | I97: 2 | J97: 0 | K97: 2 | L97: 0 | M97: 1 | N97: 0 | O97: 2 | P97: 1 | Q97: 2 | R97: 1 | S97: 0 | T97: 0 | U97: 0 | V97: 4 | W97: =SUM(E97:V97) -> 21
B98: 5 | C98: 5. INSAN KAMIL | E98: 0 | F98: 0 | G98: 0 | H98: 0 | I98: 0 | J98: 0 | K98: 0 | L98: 0 | M98: 0 | N98: 1 | O98: 0 | P98: 0 | Q98: 0 | R98: 0 | S98: 0 | T98: 0 | U98: 0 | V98: 0 | W98: =SUM(E98:V98) -> 1
B99: 6 | C99: 6. LILIK LINDARWATI | E99: 0 | F99: 0 | G99: 0 | H99: 0 | I99: 0 | J99: 0 | K99: 0 | L99: 0 | M99: 0 | N99: 0 | O99: 0 | P99: 0 | Q99: 0 | R99: 0 | S99: 0 | T99: 0 | U99: 0 | V99: 0 | W99: =SUM(E99:V99) -> 0
B100: 7 | C100: 7. YULI ANITA | E100: 0 | F100: 0 | G100: 1 | H100: 0 | I100: 0 | J100: 0 | K100: 0 | L100: 0 | M100: 0 | N100: 0 | O100: 0 | P100: 0 | Q100: 0 | R100: 0 | S100: 0 | T100: 0 | U100: 0 | V100: 0 | W100: =SUM(E100:V100) -> 1
A103: B | B103: JUMLAH SUARA SAH PARTAI POLITIK DAN CALON (A1 + A2) | E103: =SUM(E93:E100) -> 2 | F103: =SUM(F93:F100) -> 2 | G103: =SUM(G93:G100) -> 12 | H103: =SUM(H93:H100) -> 3 | I103: =SUM(I93:I100) -> 2 | J103: =SUM(J93:J100) -> 1 | K103: =SUM(K93:K100) -> 2 | L103: =SUM(L93:L100) -> 0 | ... V103: =SUM(V93:V100) -> 4 | W103: =SUM(E103:V103) -> 48
A105: A.1 | B105: 6. | C105: Partai Buruh | E105: 0 | F105: 0 | G105: 0 | H105: 0 | I105: 2 | J105: 0 | K105: 0 | L105: 1 | M105: 0 | N105: 0 | O105: 1 | P105: 0 | Q105: 0 | R105: 0 | S105: 0 | T105: 1 | U105: 0 | V105: 0 | W105: =SUM(E105:V105) -> 5
A106: A.2 | B106: 1 | C106: 1. KHOIRUL ANAM | E106: 1 | F106: 0 | G106: 0 | H106: 0 | I106: 0 | J106: 0 | K106: 1 | L106: 0 | M106: 0 | N106: 0 | O106: 1 | P106: 0 | Q106: 1 | R106: 0 | S106: 0 | T106: 0 | U106: 0 | V106: 0 | W106: =SUM(E106:V106) -> 4
B107: 2 | C107: 2. INA KURNIA | E107: 0 | F107: 0 | G107: 0 | H107: 0 | I107: 0 | J107: 0 | K107: 0 | L107: 0 | M107: 0 | N107: 0 | O107: 0 | P107: 0 | Q107: 0 | R107: 0 | S107: 0 | T107: 0 | U107: 1 | V107: 0 | W107: =SUM(E107:V107) -> 1
B108: 3 | C108: 3. JIBRAL TAROUK | E108: 1 | F108: 0 | G108: 0 | H108: 0 | I108: 0 | J108: 1 | K108: 0 | L108: 0 | M108: 0 | N108: 0 | O108: 0 | P108: 0 | Q108: 0 | R108: 0 | S108: 0 | T108: 0 | U108: 0 | V108: 0 | W108: =SUM(E108:V108) -> 2
B109: 4 | C109: 4. ASTUTI DAENG PUJI | E109: 0 | F109: 0 | G109: 0 | H109: 0 | I109: 0 | J109: 0 | K109: 0 | L109: 0 | M109: 0 | N109: 0 | O109: 0 | P109: 0 | Q109: 0 | R109: 0 | S109: 0 | T109: 0 | U109: 0 | V109: 0 | W109: =SUM(E109:V109) -> 0
B110: 5 | C110: 5. ASDARMAWAN | E110: 0 | F110: 0 | G110: 0 | H110: 0 | I110: 0 | J110: 0 | K110: 0 | L110: 0 | M110: 0 | N110: 0 | O110: 0 | P110: 0 | Q110: 0 | R110: 0 | S110: 0 | T110: 0 | U110: 0 | V110: 0 | W110: =SUM(E110:V110) -> 0
B111: 6 | C111: 6. RIFQI MUBAROK | E111: 0 | F111: 0 | G111: 0 | H111: 0 | I111: 0 | J111: 0 | K111: 0 | L111: 0 | M111: 0 | N111: 0 | O111: 0 | P111: 0 | Q111: 0 | R111: 0 | S111: 0 | T111: 0 | U111: 0 | V111: 0 | W111: =SUM(E111:V111) -> 0
B112: 7 | C112: 7. FIRNANDA ALTA MEGA | E112: 0 | F112: 0 | G112: 0 | H112: 0 | I112: 0 | J112: 0 | K112: 0 | L112: 0 | M112: 0 | N112: 0 | O112: 0 | P112: 0 | Q112: 0 | R112: 0 | S112: 0 | T112: 0 | U112: 0 | V112: 0 | W112: =SUM(E112:V112) -> 0
A115: B | B115: JUMLAH SUARA SAH PARTAI POLITIK DAN CALON (A1 + A2) | E115: =SUM(E105:E112) -> 2 | F115: =SUM(F105:F112) -> 0 | G115: =SUM(G105:G112) -> 0 | H115: =SUM(H105:H112) -> 0 | I115: =SUM(I105:I112) -> 2 | J115: =SUM(J105:J112) -> 1 | K115: =SUM(K105:K112) -> 1 | L115: =SUM(L105:L112) -> 1 | ... V115: =SUM(V105:V112) -> 0 | W115: =SUM(E115:V115) -> 12
A117: A.1 | B117: 7. | C117: Partai Gelombang Rakyat Indonesia | E117: 1 | F117: 0 | G117: 0 | H117: 0 | I117: 1 | J117: 0 | K117: 1 | L117: 0 | M117: 0 | N117: 1 | O117: 0 | P117: 0 | Q117: 2 | R117: 0 | S117: 1 | T117: 0 | U117: 0 | V117: 0 | W117: =SUM(E117:V117) -> 7
A118: A.2 | B118: 1 | C118: 1. TITI WIDORETNO WARISMAN | E118: 0 | F118: 0 | G118: 0 | H118: 1 | I118: 0 | J118: 0 | K118: 0 | L118: 0 | M118: 0 | N118: 0 | O118: 0 | P118: 0 | Q118: 0 | R118: 0 | S118: 0 | T118: 0 | U118: 0 | V118: 0 | W118: =SUM(E118:V118) -> 1
B119: 2 | C119: 2. MAMIEK SETYANINGSIH | E119: 0 | F119: 0 | G119: 0 | H119: 0 | I119: 0 | J119: 0 | K119: 0 | L119: 0 | M119: 0 | N119: 1 | O119: 0 | P119: 0 | Q119: 0 | R119: 0 | S119: 0 | T119: 0 | U119: 0 | V119: 0 | W119: =SUM(E119:V119) -> 1
B120: 3 | C120: 3. ROMIL AZIZEN | E120: 0 | F120: 0 | G120: 0 | H120: 0 | I120: 0 | J120: 0 | K120: 0 | L120: 0 | M120: 0 | N120: 0 | O120: 0 | P120: 0 | Q120: 0 | R120: 0 | S120: 1 | T120: 0 | U120: 0 | V120: 0 | W120: =SUM(E120:V120) -> 1
A127: B | B127: JUMLAH SUARA SAH PARTAI POLITIK DAN CALON (A1 + A2) | E127: =SUM(E117:E120) -> 1 | F127: =SUM(F117:F120) -> 0 | G127: =SUM(G117:G120) -> 0 | H127: =SUM(H117:H120) -> 1 | I127: =SUM(I117:I120) -> 1 | J127: =SUM(J117:J120) -> 0 | K127: =SUM(K117:K120) -> 1 | L127: =SUM(L117:L120) -> 0 | ... V127: =SUM(V117:V120) -> 0 | W127: =SUM(E127:V127) -> 10
A129: A.1 | B129: 8. | C129: Partai Keadilan Sejahtera | E129: 0 | F129: 0 | G129: 0 | H129: 2 | I129: 0 | J129: 1 | K129: 0 | L129: 0 | M129: 0 | N129: 0 | O129: 1 | P129: 0 | Q129: 0 | R129: 0 | S129: 0 | T129: 1 | U129: 0 | V129: 0 | W129: =SUM(E129:V129) -> 5
A130: A.2 | B130: 1 | C130: 1. H. SAIMI SALEH, S.E., M.M. | E130: 0 | F130: 0 | G130: 7 | H130: 9 | I130: 11 | J130: 13 | K130: 0 | L130: 0 | M130: 0 | N130: 0 | O130: 0 | P130: 0 | Q130: 0 | R130: 1 | S130: 3 | T130: 0 | U130: 0 | V130: 0 | W130: =SUM(E130:V130) -> 44
B131: 2 | C131: 2. Prof. Dr. H. EGGI SUDJANA, S.H., M.Si. | E131: 0 | F131: 0 | G131: 0 | H131: 0 | I131: 0 | J131: 0 | K131: 0 | L131: 0 | M131: 0 | N131: 0 | O131: 0 | P131: 1 | Q131: 1 | R131: 1 | S131: 1 | T131: 0 | U131: 0 | V131: 0 | W131: =SUM(E131:V131) -> 4
B132: 3 | C132: 3. NURUL KHOTIMAH | E132: 0 | F132: 0 | G132: 0 | H132: 0 | I132: 2 | J132: 0 | K132: 0 | L132: 0 | M132: 0 | N132: 0 | O132: 0 | P132: 0 | Q132: 0 | R132: 0 | S132: 0 | T132: 0 | U132: 0 | V132: 0 | W132: =SUM(E132:V132) -> 2
B133: 4 | C133: 4. AKHMAD SUYANTO, S.T., M.T. | E133: 0 | F133: 0 | G133: 0 | H133: 0 | I133: 0 | J133: 0 | K133: 0 | L133: 0 | M133: 0 | N133: 0 | O133: 1 | P133: 0 | Q133: 0 | R133: 0 | S133: 0 | T133: 0 | U133: 0 | V133: 0 | W133: =SUM(E133:V133) -> 1
B134: 5 | C134: 5. PUJIYATNI | E134: 0 | F134: 0 | G134: 0 | H134: 0 | I134: 0 | J134: 0 | K134: 0 | L134: 0 | M134: 0 | N134: 0 | O134: 0 | P134: 0 | Q134: 0 | R134: 0 | S134: 0 | T134: 0 | U134: 0 | V134: 0 | W134: =SUM(E134:V134) -> 0
B135: 6 | C135: 6. HENI PURWATININGSIH | E135: 0 | F135: 0 | G135: 0 | H135: 0 | I135: 0 | J135: 0 | K135: 0 | L135: 0 | M135: 0 | N135: 0 | O135: 0 | P135: 0 | Q135: 0 | R135: 0 | S135: 0 | T135: 0 | U135: 0 | V135: 0 | W135: =SUM(E135:V135) -> 0
B136: 7 | C136: 7. MUHADI | E136: 0 | F136: 0 | G136: 0 | H136: 0 | I136: 0 | J136: 0 | K136: 0 | L136: 1 | M136: 0 | N136: 0 | O136: 0 | P136: 0 | Q136: 0 | R136: 0 | S136: 0 | T136: 0 | U136: 0 | V136: 0 | W136: =SUM(E136:V136) -> 1
...

Sheet GINTANGAN
C2: Kecamatan | D2: BLIMBINGSARI
C3: Kabupaten | D3: BANYUWANGI
C4: Provinsi | D4: JAWA TIMUR
C9: Kelurahan | D9: GINTANGAN
A12: I | B12: DATA PEMILIH DAN PENGGUNAAN HAK PILIH | Z12: JUMLAH AKHIR
A13: A | B13: DATA PEMILIH | E13: TPS 001 | F13: TPS 002 | G13: TPS 003 | H13: TPS 004 | I13: TPS 005 | J13: TPS 006 | K13: TPS 007 | L13: TPS 008 | M13: TPS 009 | N13: TPS 010 | O13: TPS 011 | P13: TPS 012 | Q13: TPS 013 | R13: TPS 014 | S13: TPS 015 | T13: TPS 016 | U13: TPS 017 | V13: TPS 018 | W13: TPS 019 | X13: TPS 020 | Y13: TPS 021
B14: Jumlah Pemilih dalam Daftar Pemilih Tetap (DPT) | D14: LK | E14: 131 | F14: 144 | G14: 132 | H14: 135 | I14: 130 | J14: 127 | K14: 139 | L14: 150 | M14: 143 | N14: 116 | O14: 128 | P14: 110 | Q14: 120 | R14: 112 | S14: 110 | T14: 139 | U14: 131 | V14: 125 | W14: 127 | X14: 126 | Y14: 133 | Z14: =SUM(E14:Y14) -> 2708
D15: PR | E15: 133 | F15: 142 | G15: 152 | H15: 150 | I15: 140 | J15: 133 | K15: 145 | L15: 139 | M15: 141 | N15: 125 | O15: 107 | P15: 133 | Q15: 124 | R15: 117 | S15: 115 | T15: 138 | U15: 144 | V15: 137 | W15: 140 | X15: 148 | Y15: 136 | Z15: =SUM(E15:Y15) -> 2839
D16: JML | E16: =SUM(E14:E15) -> 264 | F16: =SUM(F14:F15) -> 286 | G16: =SUM(G14:G15) -> 284 | H16: =SUM(H14:H15) -> 285 | I16: =SUM(I14:I15) -> 270 | J16: =SUM(J14:J15) -> 260 | K16: =SUM(K14:K15) -> 284 | L16: =SUM(L14:L15) -> 289 | ... Y16: =SUM(Y14:Y15) -> 269 | Z16: =SUM(E16:Y16) -> 5547
A18: B | B18: PENGGUNA HAK PILIH
B19: 1. | C19: Jumlah pengguna hak pilih dalam Daftar Pemilih Tetap (DPT) | D19: LK | E19: 95 | F19: 101 | G19: 106 | H19: 92 | I19: 99 | J19: 97 | K19: 96 | L19: 125 | M19: 112 | N19: 81 | O19: 88 | P19: 88 | Q19: 104 | R19: 95 | S19: 86 | T19: 98 | U19: 102 | V19: 100 | W19: 91 | X19: 105 | Y19: 90 | Z19: =SUM(E19:Y19) -> 2051
D20: PR | E20: 105 | F20: 108 | G20: 128 | H20: 117 | I20: 119 | J20: 110 | K20: 128 | L20: 116 | M20: 122 | N20: 102 | O20: 88 | P20: 111 | Q20: 106 | R20: 93 | S20: 91 | T20: 113 | U20: 113 | V20: 112 | W20: 105 | X20: 127 | Y20: 107 | Z20: =SUM(E20:Y20) -> 2321
D21: JML | E21: 200 | F21: 209 | G21: 234 | H21: 209 | I21: 218 | J21: 207 | K21: 224 | L21: 241 | M21: 234 | N21: 183 | O21: 176 | P21: 199 | Q21: 210 | R21: 188 | S21: 177 | T21: 211 | U21: 215 | V21: 212 | W21: 196 | X21: 232 | Y21: 197 | Z21: =SUM(E21:Y21) -> 4372
B22: 2. | C22: Jumlah pengguna hak pilih dalam Daftar Pemilih Tambahan (DPTb) | D22: LK | E22: 0 | F22: 0 | G22: 0 | H22: 0 | I22: 1 | J22: 0 | K22: 0 | L22: 0 | M22: 0 | N22: 0 | O22: 0 | P22: 0 | Q22: 1 | R22: 0 | S22: 0 | T22: 0 | U22: 0 | V22: 0 | W22: 0 | X22: 0 | Y22: 0 | Z22: =SUM(E22:Y22) -> 2
D23: PR | E23: 0 | F23: 0 | G23: 0 | H23: 0 | I23: 0 | J23: 1 | K23: 0 | L23: 0 | M23: 0 | N23: 0 | O23: 0 | P23: 1 | Q23: 1 | R23: 0 | S23: 0 | T23: 0 | U23: 0 | V23: 0 | W23: 0 | X23: 0 | Y23: 1 | Z23: =SUM(E23:Y23) -> 4
D24: JML | E24: 0 | F24: 0 | G24: 0 | H24: 0 | I24: 1 | J24: 1 | K24: 0 | L24: 0 | M24: 0 | N24: 0 | O24: 0 | P24: 1 | Q24: 2 | R24: 0 | S24: 0 | T24: 0 | U24: 0 | V24: 0 | W24: 0 | X24: 0 | Y24: 1 | Z24: =SUM(E24:Y24) -> 6
B25: 3. | C25: Jumlah pengguna hak pilih dalam Daftar Pemilih Khusus (DPK) | D25: LK | E25: 0 | F25: 1 | G25: 0 | H25: 0 | I25: 0 | J25: 0 | K25: 1 | L25: 0 | M25: 1 | N25: 0 | O25: 0 | P25: 0 | Q25: 1 | R25: 0 | S25: 0 | T25: 0 | U25: 0 | V25: 0 | W25: 0 | X25: 1 | Y25: 0 | Z25: =SUM(E25:Y25) -> 5
D26: PR | E26: 0 | F26: 0 | G26: 0 | H26: 1 | I26: 1 | J26: 3 | K26: 2 | L26: 2 | M26: 0 | N26: 0 | O26: 0 | P26: 0 | Q26: 1 | R26: 0 | S26: 0 | T26: 0 | U26: 0 | V26: 0 | W26: 0 | X26: 0 | Y26: 0 | Z26: =SUM(E26:Y26) -> 10
D27: JML | E27: 0 | F27: 1 | G27: 0 | H27: 1 | I27: 1 | J27: 3 | K27: 3 | L27: 2 | M27: 1 | N27: 0 | O27: 0 | P27: 0 | Q27: 2 | R27: 0 | S27: 0 | T27: 0 | U27: 0 | V27: 0 | W27: 0 | X27: 1 | Y27: 0 | Z27: =SUM(E27:Y27) -> 15
B28: 4. | C28: Jumlah Pengguna Hak Pilih (B.1+B.2+B.3) | D28: LK | E28: 95 | F28: 102 | G28: 106 | H28: 92 | I28: 100 | J28: 97 | K28: 97 | L28: 125 | M28: 113 | N28: 81 | O28: 88 | P28: 88 | Q28: 106 | R28: 95 | S28: 86 | T28: 98 | U28: 102 | V28: 100 | W28: 91 | X28: 106 | Y28: 90 | Z28: =SUM(E28:Y28) -> 2058
D29: PR | E29: 105 | F29: 108 | G29: 128 | H29: 118 | I29: 120 | J29: 114 | K29: 130 | L29: 118 | M29: 122 | N29: 102 | O29: 88 | P29: 112 | Q29: 108 | R29: 93 | S29: 91 | T29: 113 | U29: 113 | V29: 112 | W29: 105 | X29: 127 | Y29: 108 | Z29: =SUM(E29:Y29) -> 2335
D30: JML | E30: 200 | F30: 210 | G30: 234 | H30: 210 | I30: 220 | J30: 211 | K30: 227 | L30: 243 | M30: 235 | N30: 183 | O30: 176 | P30: 200 | Q30: 214 | R30: 188 | S30: 177 | T30: 211 | U30: 215 | V30: 212 | W30: 196 | X30: 233 | Y30: 198 | Z30: =SUM(E30:Y30) -> 4393
A32: II | B32: DATA PENGGUNAAN SURAT SUARA
A33: 1 | B33: Jumlah surat suara yang diterima, termasuk surat suara cadangan 2,5% dari DPT | E33: 270 | F33: 292 | G33: 290 | H33: 291 | I33: 276 | J33: 266 | K33: 290 | L33: 293 | M33: 290 | N33: 246 | O33: 240 | P33: 248 | Q33: 249 | R33: 234 | S33: 230 | T33: 283 | U33: 281 | V33: 268 | W33: 273 | X33: 280 | Y33: 275 | Z33: =SUM(E33:Y33) -> 5665
A34: 2 | B34: Jumlah surat suara yang digunakan | E34: 200 | F34: 210 | G34: 234 | H34: 210 | I34: 220 | J34: 211 | K34: 227 | L34: 243 | M34: 235 | N34: 183 | O34: 176 | P34: 200 | Q34: 214 | R34: 188 | S34: 177 | T34: 211 | U34: 215 | V34: 212 | W34: 196 | X34: 233 | Y34: 198 | Z34: =SUM(E34:Y34) -> 4393
A35: 3 | B35: Jumlah surat suara dikembalikan oleh pemilih (karena rusak atau keliru coblos) | E35: 2 | F35: 0 | G35: 0 | H35: 0 | I35: 2 | J35: 0 | K35: 3 | L35: 0 | M35: 0 | N35: 0 | O35: 0 | P35: 0 | Q35: 0 | R35: 3 | S35: 0 | T35: 0 | U35: 0 | V35: 0 | W35: 0 | X35: 2 | Y35: 0 | Z35: =SUM(E35:Y35) -> 12
A36: 4 | B36: Jumlah surat suara yang tidak digunakan/tidak terpakai, termasuk sisa surat suara cadangan | E36: 68 | F36: 82 | G36: 56 | H36: 81 | I36: 54 | J36: 55 | K36: 60 | L36: 50 | M36: 55 | N36: 63 | O36: 64 | P36: 48 | Q36: 35 | R36: 43 | S36: 53 | T36: 72 | U36: 66 | V36: 56 | W36: 77 | X36: 45 | Y36: 77 | Z36: =SUM(E36:Y36) -> 1260
A38: III | B38: DATA PEMILIH DISABILITAS
B39: Jumlah seluruh Pemilih disabilitas yang menggunakan hak pilih | D39: LK | E39: 0 | F39: 0 | G39: 1 | H39: 0 | I39: 0 | J39: 0 | K39: 0 | L39: 2 | M39: 0 | N39: 0 | O39: 0 | P39: 0 | Q39: 0 | R39: 0 | S39: 1 | T39: 0 | U39: 0 | V39: 0 | W39: 0 | X39: 0 | Y39: 0 | Z39: =SUM(E39:Y39) -> 4
D40: PR | E40: 0 | F40: 1 | G40: 0 | H40: 0 | I40: 0 | J40: 0 | K40: 2 | L40: 1 | M40: 0 | N40: 1 | O40: 0 | P40: 0 | Q40: 0 | R40: 0 | S40: 0 | T40: 0 | U40: 0 | V40: 0 | W40: 0 | X40: 1 | Y40: 0 | Z40: =SUM(E40:Y40) -> 6
D41: JML | E41: 0 | F41: 1 | G41: 1 | H41: 0 | I41: 0 | J41: 0 | K41: 2 | L41: 3 | M41: 0 | N41: 1 | O41: 0 | P41: 0 | Q41: 0 | R41: 0 | S41: 1 | T41: =SUM(T39:T40) -> 0 | U41: =SUM(U39:U40) -> 0 | V41: =SUM(V39:V40) -> 0 | W41: =SUM(W39:W40) -> 0 | X41: =SUM(X39:X40) -> 1 | Y41: =SUM(Y39:Y40) -> 0 | Z41: =SUM(E41:Y41) -> 10
A43: IV | B43: DATA RINCIAN PEROLEHAN SUARA PASANGAN CALON BUPATI DAN WAKIL BUPATI
A44: NOMOR DAN NAMA CALON
A45: A.1 | B45: 1. | C45: Partai Kebangkitan Bangsa | E45: 6 | F45: 12 | G45: 6 | H45: 7 | I45: 4 | J45: 7 | K45: 5 | L45: 10 | M45: 2 | N45: 4 | O45: 8 | P45: 3 | Q45: 5 | R45: 4 | S45: 2 | T45: 10 | U45: 2 | V45: 7 | W45: 10 | X45: 13 | Y45: 20 | Z45: =SUM(E45:Y45) -> 147
A46: A.2 | B46: 1 | C46: 1. Dr. Hj. NIHAYATUL WAFIROH, M.A. | E46: 6 | F46: 9 | G46: 12 | H46: 10 | I46: 14 | J46: 14 | K46: 14 | L46: 21 | M46: 37 | N46: 32 | O46: 4 | P46: 9 | Q46: 7 | R46: 12 | S46: 12 | T46: 14 | U46: 20 | V46: 29 | W46: 21 | X46: 33 | Y46: 34 | Z46: =SUM(E46:Y46) -> 364
B47: 2 | C47: 2. H. M. NASIM KHAN | E47: 1 | F47: 0 | G47: 1 | H47: 2 | I47: 1 | J47: 1 | K47: 0 | L47: 1 | M47: 1 | N47: 2 | O47: 1 | P47: 2 | Q47: 3 | R47: 5 | S47: 8 | T47: 1 | U47: 1 | V47: 2 | W47: 4 | X47: 1 | Y47: 6 | Z47: =SUM(E47:Y47) -> 44
B48: 3 | C48: 3. Dr. H. AKIK ZAMAN, M.Pd.I. | E48: 0 | F48: 0 | G48: 0 | H48: 0 | I48: 0 | J48: 2 | K48: 0 | L48: 2 | M48: 1 | N48: 0 | O48: 0 | P48: 3 | Q48: 1 | R48: 0 | S48: 1 | T48: 0 | U48: 1 | V48: 1 | W48: 1 | X48: 1 | Y48: 1 | Z48: =SUM(E48:Y48) -> 15
B49: 4 | C49: 4. AHMAD RIFA'I, S.H. | E49: 1 | F49: 0 | G49: 0 | H49: 1 | I49: 1 | J49: 0 | K49: 1 | L49: 0 | M49: 0 | N49: 1 | O49: 0 | P49: 0 | Q49: 0 | R49: 0 | S49: 0 | T49: 1 | U49: 1 | V49: 0 | W49: 0 | X49: 0 | Y49: 2 | Z49: =SUM(E49:Y49) -> 9
B50: 5 | C50: 5. Drs. H. MAHFUD M.N. | E50: 0 | F50: 2 | G50: 1 | H50: 0 | I50: 0 | J50: 0 | K50: 1 | L50: 2 | M50: 0 | N50: 1 | O50: 0 | P50: 0 | Q50: 0 | R50: 0 | S50: 0 | T50: 1 | U50: 0 | V50: 0 | W50: 0 | X50: 0 | Y50: 2 | Z50: =SUM(E50:Y50) -> 10
B51: 6 | C51: 6. NURHAYATI, S.Pd. | E51: 1 | F51: 0 | G51: 1 | H51: 0 | I51: 0 | J51: 1 | K51: 1 | L51: 0 | M51: 0 | N51: 0 | O51: 0 | P51: 0 | Q51: 0 | R51: 0 | S51: 0 | T51: 0 | U51: 0 | V51: 1 | W51: 0 | X51: 0 | Y51: 0 | Z51: =SUM(E51:Y51) -> 5
B52: 7 | C52: 7. MAFTUHA KISWAH | E52: 0 | F52: 0 | G52: 0 | H52: 0 | I52: 0 | J52: 0 | K52: 0 | L52: 0 | M52: 0 | N52: 0 | O52: 0 | P52: 0 | Q52: 0 | R52: 0 | S52: 0 | T52: 1 | U52: 0 | V52: 0 | W52: 0 | X52: 0 | Y52: 0 | Z52: =SUM(E52:Y52) -> 1
A55: B | B55: JUMLAH SUARA SAH PARTAI POLITIK DAN CALON (A1 + A2) | E55: =SUM(E45:E52) -> 15 | F55: =SUM(F45:F52) -> 23 | G55: =SUM(G45:G52) -> 21 | H55: =SUM(H45:H52) -> 20 | I55: =SUM(I45:I52) -> 20 | J55: =SUM(J45:J52) -> 25 | K55: =SUM(K45:K52) -> 22 | L55: =SUM(L45:L52) -> 36 | ... Y55: =SUM(Y45:Y52) -> 65 | Z55: =SUM(E55:Y55) -> 595
A57: A.1 | B57: 2. | C57: Partai Gerakan Indonesia Raya | E57: 4 | F57: 6 | G57: 11 | H57: 7 | I57: 5 | J57: 8 | K57: 9 | L57: 4 | M57: 4 | N57: 1 | O57: 3 | P57: 8 | Q57: 8 | R57: 6 | S57: 4 | T57: 6 | U57: 1 | V57: 5 | W57: 6 | X57: 7 | Y57: 2 | Z57: =SUM(E57:Y57) -> 115
A58: A.2 | B58: 1 | C58: 1. SUMAIL ABDULLAH | E58: 24 | F58: 17 | G58: 24 | H58: 59 | I58: 35 | J58: 31 | K58: 56 | L58: 29 | M58: 49 | N58: 26 | O58: 17 | P58: 30 | Q58: 30 | R58: 21 | S58: 44 | T58: 3 | U58: 53 | V58: 27 | W58: 18 | X58: 23 | Y58: 21 | Z58: =SUM(E58:Y58) -> 637
B59: 2 | C59: 2. MUHAMMAD ALI ADRIAN SALEH | E59: 3 | F59: 0 | G59: 1 | H59: 1 | I59: 0 | J59: 0 | K59: 2 | L59: 4 | M59: 3 | N59: 2 | O59: 1 | P59: 1 | Q59: 6 | R59: 2 | S59: 4 | T59: 1 | U59: 3 | V59: 5 | W59: 0 | X59: 1 | Y59: 1 | Z59: =SUM(E59:Y59) -> 41
B60: 3 | C60: 3. DURROTUN NAFISAH | E60: 1 | F60: 1 | G60: 2 | H60: 1 | I60: 2 | J60: 0 | K60: 1 | L60: 2 | M60: 0 | N60: 1 | O60: 2 | P60: 4 | Q60: 2 | R60: 3 | S60: 0 | T60: 0 | U60: 0 | V60: 2 | W60: 0 | X60: 1 | Y60: 1 | Z60: =SUM(E60:Y60) -> 26
B61: 4 | C61: 4. H. EKO SUSILO NURHIDAYAT | E61: 1 | F61: 1 | G61: 0 | H61: 2 | I61: 0 | J61: 2 | K61: 0 | L61: 0 | M61: 2 | N61: 0 | O61: 0 | P61: 1 | Q61: 1 | R61: 0 | S61: 1 | T61: 1 | U61: 1 | V61: 4 | W61: 0 | X61: 3 | Y61: 2 | Z61: =SUM(E61:Y61) -> 22
B62: 5 | C62: 5. KARNADI HARIJANTO, S.S. | E62: 0 | F62: 0 | G62: 0 | H62: 1 | I62: 0 | J62: 1 | K62: 0 | L62: 0 | M62: 0 | N62: 0 | O62: 1 | P62: 0 | Q62: 0 | R62: 0 | S62: 1 | T62: 0 | U62: 0 | V62: 0 | W62: 0 | X62: 0 | Y62: 0 | Z62: =SUM(E62:Y62) -> 4
B63: 6 | C63: 6. NURHAYATI | E63: 0 | F63: 0 | G63: 2 | H63: 0 | I63: 0 | J63: 0 | K63: 1 | L63: 0 | M63: 0 | N63: 0 | O63: 0 | P63: 0 | Q63: 0 | R63: 0 | S63: 0 | T63: 0 | U63: 0 | V63: 0 | W63: 0 | X63: 0 | Y63: 0 | Z63: =SUM(E63:Y63) -> 3
B64: 7 | C64: 7. MASHUDI | E64: 0 | F64: 0 | G64: 1 | H64: 0 | I64: 0 | J64: 0 | K64: 1 | L64: 0 | M64: 2 | N64: 1 | O64: 0 | P64: 0 | Q64: 0 | R64: 0 | S64: 0 | T64: 0 | U64: 0 | V64: 0 | W64: 0 | X64: 0 | Y64: 0 | Z64: =SUM(E64:Y64) -> 5
A67: B | B67: JUMLAH SUARA SAH PARTAI POLITIK DAN CALON (A1 + A2) | E67: =SUM(E57:E64) -> 33 | F67: =SUM(F57:F64) -> 25 | G67: =SUM(G57:G64) -> 41 | H67: =SUM(H57:H64) -> 71 | I67: =SUM(I57:I64) -> 42 | J67: =SUM(J57:J64) -> 42 | K67: =SUM(K57:K64) -> 70 | L67: =SUM(L57:L64) -> 39 | ... Y67: =SUM(Y57:Y64) -> 27 | Z67: =SUM(E67:Y67) -> 853
A69: A.1 | B69: 3. | C69: Partai Demokrasi Indonesia Perjuangan | E69: 11 | F69: 5 | G69: 4 | H69: 3 | I69: 9 | J69: 8 | K69: 6 | L69: 6 | M69: 3 | N69: 2 | O69: 4 | P69: 4 | Q69: 5 | R69: 5 | S69: 6 | T69: 0 | U69: 1 | V69: 3 | W69: 3 | X69: 0 | Y69: 3 | Z69: =SUM(E69:Y69) -> 91
A70: A.2 | B70: 1 | C70: 1. SONNY TRI DANAPARAMITA, S.H., M.H. | E70: 8 | F70: 4 | G70: 12 | H70: 13 | I70: 10 | J70: 5 | K70: 3 | L70: 10 | M70: 5 | N70: 2 | O70: 4 | P70: 7 | Q70: 25 | R70: 10 | S70: 11 | T70: 4 | U70: 3 | V70: 3 | W70: 2 | X70: 2 | Y70: 2 | Z70: =SUM(E70:Y70) -> 145
B71: 2 | C71: 2. H. MOHAMAD GUNTUR ROMLI | E71: 3 | F71: 2 | G71: 7 | H71: 2 | I71: 7 | J71: 4 | K71: 2 | L71: 3 | M71: 0 | N71: 4 | O71: 2 | P71: 2 | Q71: 3 | R71: 1 | S71: 0 | T71: 4 | U71: 2 | V71: 2 | W71: 0 | X71: 2 | Y71: 1 | Z71: =SUM(E71:Y71) -> 53
B72: 3 | C72: 3. INA AMMANIA | E72: 2 | F72: 2 | G72: 6 | H72: 2 | I72: 1 | J72: 9 | K72: 2 | L72: 3 | M72: 0 | N72: 1 | O72: 1 | P72: 2 | Q72: 1 | R72: 7 | S72: 6 | T72: 2 | U72: 48 | V72: 1 | W72: 3 | X72: 2 | Y72: 0 | Z72: =SUM(E72:Y72) -> 101
B73: 4 | C73: 4. IRWAN BACHTIAR RACHMAT, M.Si. | E73: 0 | F73: 1 | G73: 0 | H73: 0 | I73: 0 | J73: 0 | K73: 1 | L73: 1 | M73: 0 | N73: 0 | O73: 0 | P73: 0 | Q73: 1 | R73: 0 | S73: 0 | T73: 0 | U73: 0 | V73: 1 | W73: 0 | X73: 1 | Y73: 0 | Z73: =SUM(E73:Y73) -> 6
B74: 5 | C74: 5. LUCKY PERDANA | E74: 13 | F74: 11 | G74: 2 | H74: 2 | I74: 2 | J74: 5 | K74: 8 | L74: 9 | M74: 7 | N74: 25 | O74: 5 | P74: 9 | Q74: 12 | R74: 5 | S74: 15 | T74: 0 | U74: 2 | V74: 0 | W74: 0 | X74: 2 | Y74: 0 | Z74: =SUM(E74:Y74) -> 134
B75: 6 | C75: 6. WIWIK PUJIYATI | E75: 1 | F75: 0 | G75: 1 | H75: 0 | I75: 0 | J75: 1 | K75: 0 | L75: 0 | M75: 0 | N75: 0 | O75: 0 | P75: 0 | Q75: 1 | R75: 0 | S75: 1 | T75: 0 | U75: 0 | V75: 1 | W75: 0 | X75: 0 | Y75: 0 | Z75: =SUM(E75:Y75) -> 6
B76: 7 | C76: 7. CHANDRA ASTAN, S.T. | E76: 9 | F76: 13 | G76: 7 | H76: 7 | I76: 5 | J76: 8 | K76: 1 | L76: 0 | M76: 2 | N76: 0 | O76: 0 | P76: 1 | Q76: 2 | R76: 0 | S76: 0 | T76: 0 | U76: 0 | V76: 0 | W76: 2 | X76: 2 | Y76: 1 | Z76: =SUM(E76:Y76) -> 60
A79: B | B79: JUMLAH SUARA SAH PARTAI POLITIK DAN CALON (A1 + A2) | E79: =SUM(E69:E76) -> 47 | F79: =SUM(F69:F76) -> 38 | G79: =SUM(G69:G76) -> 39 | H79: =SUM(H69:H76) -> 29 | I79: =SUM(I69:I76) -> 34 | J79: =SUM(J69:J76) -> 40 | K79: =SUM(K69:K76) -> 23 | L79: =SUM(L69:L76) -> 32 | ... Y79: =SUM(Y69:Y76) -> 7 | Z79: =SUM(E79:Y79) -> 596
A81: A.1 | B81: 4. | C81: Partai Golongan Karya | E81: 3 | F81: 6 | G81: 3 | H81: 7 | I81: 5 | J81: 8 | K81: 8 | L81: 8 | M81: 3 | N81: 3 | O81: 6 | P81: 6 | Q81: 4 | R81: 5 | S81: 3 | T81: 8 | U81: 0 | V81: 7 | W81: 6 | X81: 5 | Y81: 1 | Z81: =SUM(E81:Y81) -> 105
A82: A.2 | B82: 1 | C82: 1. ZULFIKAR ARSE SADIKIN, S.I.P., M.Si. | E82: 4 | F82: 17 | G82: 13 | H82: 5 | I82: 14 | J82: 2 | K82: 6 | L82: 4 | M82: 6 | N82: 7 | O82: 22 | P82: 4 | Q82: 2 | R82: 16 | S82: 5 | T82: 45 | U82: 21 | V82: 31 | W82: 12 | X82: 21 | Y82: 5 | Z82: =SUM(E82:Y82) -> 262
B83: 2 | C83: 2. HANDOKO | E83: 14 | F83: 9 | G83: 11 | H83: 8 | I83: 9 | J83: 16 | K83: 7 | L83: 19 | M83: 14 | N83: 11 | O83: 7 | P83: 3 | Q83: 13 | R83: 4 | S83: 7 | T83: 4 | U83: 1 | V83: 4 | W83: 4 | X83: 5 | Y83: 4 | Z83: =SUM(E83:Y83) -> 174
B84: 3 | C84: 3. Hj. OVI DEWI YANTI | E84: 0 | F84: 0 | G84: 0 | H84: 0 | I84: 1 | J84: 0 | K84: 0 | L84: 0 | M84: 0 | N84: 1 | O84: 1 | P84: 0 | Q84: 0 | R84: 0 | S84: 0 | T84: 0 | U84: 0 | V84: 0 | W84: 0 | X84: 1 | Y84: 0 | Z84: =SUM(E84:Y84) -> 4
B85: 4 | C85: 4. Ir. AZAM AZMAN NATAWIJANA | E85: 2 | F85: 1 | G85: 2 | H85: 1 | I85: 1 | J85: 0 | K85: 0 | L85: 0 | M85: 0 | N85: 0 | O85: 2 | P85: 1 | Q85: 0 | R85: 0 | S85: 0 | T85: 3 | U85: 0 | V85: 1 | W85: 0 | X85: 0 | Y85: 0 | Z85: =SUM(E85:Y85) -> 14
B86: 5 | C86: 5. UBAIDILLAH AMIN, S.Kom. | E86: 9 | F86: 26 | G86: 37 | H86: 11 | I86: 19 | J86: 18 | K86: 13 | L86: 9 | M86: 13 | N86: 12 | O86: 6 | P86: 32 | Q86: 15 | R86: 5 | S86: 3 | T86: 1 | U86: 5 | V86: 1 | W86: 27 | X86: 24 | Y86: 1 | Z86: =SUM(E86:Y86) -> 287
B87: 6 | C87: 6. DENNY YUNIANDARI, S.H., M.Kn. | E87: 0 | F87: 1 | G87: 1 | H87: 0 | I87: 1 | J87: 3 | K87: 0 | L87: 0 | M87: 0 | N87: 0 | O87: 0 | P87: 0 | Q87: 1 | R87: 1 | S87: 0 | T87: 0 | U87: 0 | V87: 0 | W87: 1 | X87: 0 | Y87: 0 | Z87: =SUM(E87:Y87) -> 9
B88: 7 | C88: 7. ERNADI, S.H.I. | E88: 0 | F88: 0 | G88: 0 | H88: 0 | I88: 0 | J88: 1 | K88: 0 | L88: 1 | M88: 0 | N88: 1 | O88: 0 | P88: 0 | Q88: 0 | R88: 0 | S88: 0 | T88: 0 | U88: 0 | V88: 0 | W88: 0 | X88: 0 | Y88: 0 | Z88: =SUM(E88:Y88) -> 3
A91: B | B91: JUMLAH SUARA SAH PARTAI POLITIK DAN CALON (A1 + A2) | E91: =SUM(E81:E88) -> 32 | F91: =SUM(F81:F88) -> 60 | G91: =SUM(G81:G88) -> 67 | H91: =SUM(H81:H88) -> 32 | I91: =SUM(I81:I88) -> 50 | J91: =SUM(J81:J88) -> 48 | K91: =SUM(K81:K88) -> 34 | L91: =SUM(L81:L88) -> 41 | ... Y91: =SUM(Y81:Y88) -> 11 | Z91: =SUM(E91:Y91) -> 858
A93: A.1 | B93: 5. | C93: Partai NasDem | E93: 0 | F93: 0 | G93: 2 | H93: 4 | I93: 1 | J93: 0 | K93: 0 | L93: 1 | M93: 0 | N93: 1 | O93: 3 | P93: 1 | Q93: 2 | R93: 0 | S93: 1 | T93: 0 | U93: 4 | V93: 1 | W93: 0 | X93: 1 | Y93: 0 | Z93: =SUM(E93:Y93) -> 22
A94: A.2 | B94: 1 | C94: 1. ACH. FADIL MUZAKKI SYAH | E94: 19 | F94: 1 | G94: 2 | H94: 2 | I94: 0 | J94: 0 | K94: 1 | L94: 3 | M94: 1 | N94: 1 | O94: 1 | P94: 3 | Q94: 0 | R94: 1 | S94: 0 | T94: 0 | U94: 2 | V94: 5 | W94: 0 | X94: 1 | Y94: 0 | Z94: =SUM(E94:Y94) -> 43
B95: 2 | C95: 2. BENY | E95: 0 | F95: 1 | G95: 1 | H95: 3 | I95: 0 | J95: 0 | K95: 0 | L95: 0 | M95: 1 | N95: 1 | O95: 0 | P95: 0 | Q95: 0 | R95: 1 | S95: 0 | T95: 0 | U95: 0 | V95: 3 | W95: 0 | X95: 0 | Y95: 0 | Z95: =SUM(E95:Y95) -> 11
B96: 3 | C96: 3. VINA VERONIKA | E96: 0 | F96: 0 | G96: 0 | H96: 1 | I96: 1 | J96: 0 | K96: 0 | L96: 0 | M96: 0 | N96: 0 | O96: 0 | P96: 0 | Q96: 0 | R96: 0 | S96: 0 | T96: 0 | U96: 0 | V96: 0 | W96: 0 | X96: 0 | Y96: 0 | Z96: =SUM(E96:Y96) -> 2
B97: 4 | C97: 4. TEDDY ANUGRIANTO | E97: 0 | F97: 1 | G97: 0 | H97: 2 | I97: 1 | J97: 2 | K97: 1 | L97: 2 | M97: 6 | N97: 2 | O97: 2 | P97: 1 | Q97: 1 | R97: 1 | S97: 0 | T97: 1 | U97: 1 | V97: 5 | W97: 0 | X97: 0 | Y97: 0 | Z97: =SUM(E97:Y97) -> 29
B98: 5 | C98: 5. INSAN KAMIL | E98: 0 | F98: 0 | G98: 1 | H98: 0 | I98: 0 | J98: 1 | K98: 0 | L98: 0 | M98: 0 | N98: 0 | O98: 0 | P98: 0 | Q98: 0 | R98: 0 | S98: 0 | T98: 0 | U98: 0 | V98: 0 | W98: 0 | X98: 0 | Y98: 0 | Z98: =SUM(E98:Y98) -> 2
B99: 6 | C99: 6. LILIK LINDARWATI | E99: 0 | F99: 0 | G99: 0 | H99: 0 | I99: 0 | J99: 0 | K99: 0 | L99: 0 | M99: 0 | N99: 0 | O99: 0 | P99: 0 | Q99: 0 | R99: 1 | S99: 0 | T99: 0 | U99: 0 | V99: 0 | W99: 0 | X99: 0 | Y99: 0 | Z99: =SUM(E99:Y99) -> 1
B100: 7 | C100: 7. YULI ANITA | E100: 0 | F100: 0 | G100: 0 | H100: 0 | I100: 0 | J100: 0 | K100: 0 | L100: 0 | M100: 0 | N100: 0 | O100: 0 | P100: 0 | Q100: 0 | R100: 0 | S100: 0 | T100: 0 | U100: 0 | V100: 0 | W100: 0 | X100: 0 | Y100: 0 | Z100: =SUM(E100:Y100) -> 0
A103: B | B103: JUMLAH SUARA SAH PARTAI POLITIK DAN CALON (A1 + A2) | E103: =SUM(E93:E100) -> 19 | F103: =SUM(F93:F100) -> 3 | G103: =SUM(G93:G100) -> 6 | H103: =SUM(H93:H100) -> 12 | I103: =SUM(I93:I100) -> 3 | J103: =SUM(J93:J100) -> 3 | K103: =SUM(K93:K100) -> 2 | L103: =SUM(L93:L100) -> 6 | ... Y103: =SUM(Y93:Y100) -> 0 | Z103: =SUM(E103:Y103) -> 110
A105: A.1 | B105: 6. | C105: Partai Buruh | E105: 4 | F105: 0 | G105: 3 | H105: 0 | I105: 1 | J105: 2 | K105: 1 | L105: 1 | M105: 0 | N105: 0 | O105: 0 | P105: 0 | Q105: 0 | R105: 0 | S105: 0 | T105: 1 | U105: 0 | V105: 0 | W105: 2 | X105: 0 | Y105: 0 | Z105: =SUM(E105:Y105) -> 15
A106: A.2 | B106: 1 | C106: 1. KHOIRUL ANAM | E106: 0 | F106: 1 | G106: 0 | H106: 0 | I106: 2 | J106: 1 | K106: 0 | L106: 0 | M106: 0 | N106: 0 | O106: 1 | P106: 0 | Q106: 0 | R106: 0 | S106: 0 | T106: 0 | U106: 0 | V106: 0 | W106: 0 | X106: 0 | Y106: 0 | Z106: =SUM(E106:Y106) -> 5
B107: 2 | C107: 2. INA KURNIA | E107: 0 | F107: 0 | G107: 0 | H107: 0 | I107: 0 | J107: 0 | K107: 0 | L107: 0 | M107: 0 | N107: 0 | O107: 0 | P107: 0 | Q107: 0 | R107: 0 | S107: 0 | T107: 0 | U107: 0 | V107: 0 | W107: 0 | X107: 0 | Y107: 1 | Z107: =SUM(E107:Y107) -> 1
B108: 3 | C108: 3. JIBRAL TAROUK | E108: 0 | F108: 0 | G108: 0 | H108: 0 | I108: 0 | J108: 0 | K108: 0 | L108: 0 | M108: 0 | N108: 0 | O108: 0 | P108: 0 | Q108: 0 | R108: 0 | S108: 0 | T108: 0 | U108: 0 | V108: 0 | W108: 0 | X108: 0 | Y108: 0 | Z108: =SUM(E108:Y108) -> 0
B109: 4 | C109: 4. ASTUTI DAENG PUJI | E109: 0 | F109: 0 | G109: 0 | H109: 0 | I109: 0 | J109: 0 | K109: 1 | L109: 0 | M109: 0 | N109: 0 | O109: 0 | P109: 0 | Q109: 0 | R109: 0 | S109: 0 | T109: 0 | U109: 0 | V109: 0 | W109: 0 | X109: 1 | Y109: 0 | Z109: =SUM(E109:Y109) -> 2
B110: 5 | C110: 5. ASDARMAWAN | E110: 0 | F110: 0 | G110: 0 | H110: 0 | I110: 0 | J110: 0 | K110: 0 | L110: 0 | M110: 0 | N110: 0 | O110: 0 | P110: 0 | Q110: 0 | R110: 0 | S110: 0 | T110: 0 | U110: 0 | V110: 0 | W110: 0 | X110: 0 | Y110: 0 | Z110: =SUM(E110:Y110) -> 0
B111: 6 | C111: 6. RIFQI MUBAROK | E111: 0 | F111: 0 | G111: 0 | H111: 0 | I111: 0 | J111: 0 | K111: 0 | L111: 0 | M111: 0 | N111: 0 | O111: 0 | P111: 0 | Q111: 0 | R111: 0 | S111: 0 | T111: 0 | U111: 0 | V111: 0 | W111: 0 | X111: 0 | Y111: 0 | Z111: =SUM(E111:Y111) -> 0
B112: 7 | C112: 7. FIRNANDA ALTA MEGA | E112: 0 | F112: 0 | G112: 0 | H112: 0 | I112: 0 | J112: 0 | K112: 0 | L112: 0 | M112: 0 | N112: 0 | O112: 0 | P112: 0 | Q112: 0 | R112: 0 | S112: 0 | T112: 0 | U112: 0 | V112: 0 | W112: 0 | X112: 0 | Y112: 0 | Z112: =SUM(E112:Y112) -> 0
A115: B | B115: JUMLAH SUARA SAH PARTAI POLITIK DAN CALON (A1 + A2) | E115: =SUM(E105:E112) -> 4 | F115: =SUM(F105:F112) -> 1 | G115: =SUM(G105:G112) -> 3 | H115: =SUM(H105:H112) -> 0 | I115: =SUM(I105:I112) -> 3 | J115: =SUM(J105:J112) -> 3 | K115: =SUM(K105:K112) -> 2 | L115: =SUM(L105:L112) -> 1 | ... Y115: =SUM(Y105:Y112) -> 1 | Z115: =SUM(E115:Y115) -> 23
A117: A.1 | B117: 7. | C117: Partai Gelombang Rakyat Indonesia | E117: 2 | F117: 0 | G117: 0 | H117: 0 | I117: 3 | J117: 0 | K117: 0 | L117: 0 | M117: 0 | N117: 0 | O117: 0 | P117: 0 | Q117: 1 | R117: 0 | S117: 0 | T117: 3 | U117: 0 | V117: 1 | W117: 0 | X117: 2 | Y117: 0 | Z117: =SUM(E117:Y117) -> 12
A118: A.2 | B118: 1 | C118: 1. TITI WIDORETNO WARISMAN | E118: 0 | F118: 0 | G118: 0 | H118: 0 | I118: 0 | J118: 0 | K118: 0 | L118: 1 | M118: 0 | N118: 0 | O118: 0 | P118: 0 | Q118: 0 | R118: 1 | S118: 0 | T118: 1 | U118: 0 | V118: 0 | W118: 0 | X118: 0 | Y118: 0 | Z118: =SUM(E118:Y118) -> 3
B119: 2 | C119: 2. MAMIEK SETYANINGSIH | E119: 0 | F119: 0 | G119: 0 | H119: 1 | I119: 0 | J119: 0 | K119: 0 | L119: 0 | M119: 0 | N119: 0 | O119: 0 | P119: 0 | Q119: 0 | R119: 0 | S119: 0 | T119: 0 | U119: 0 | V119: 0 | W119: 0 | X119: 0 | Y119: 0 | Z119: =SUM(E119:Y119) -> 1
B120: 3 | C120: 3. ROMIL AZIZEN | E120: 0 | F120: 0 | G120: 0 | H120: 0 | I120: 0 | J120: 0 | K120: 0 | L120: 0 | M120: 0 | N120: 0 | O120: 0 | P120: 0 | Q120: 0 | R120: 1 | S120: 0 | T120: 0 | U120: 0 | V120: 0 | W120: 0 | X120: 0 | Y120: 0 | Z120: =SUM(E120:Y120) -> 1
A127: B | B127: JUMLAH SUARA SAH PARTAI POLITIK DAN CALON (A1 + A2) | E127: =SUM(E117:E120) -> 2 | F127: =SUM(F117:F120) -> 0 | G127: =SUM(G117:G120) -> 0 | H127: =SUM(H117:H120) -> 1 | I127: =SUM(I117:I120) -> 3 | J127: =SUM(J117:J120) -> 0 | K127: =SUM(K117:K120) -> 0 | L127: =SUM(L117:L120) -> 1 | ... Y127: =SUM(Y117:Y120) -> 0 | Z127: =SUM(E127:Y127) -> 17
A129: A.1 | B129: 8. | C129: Partai Keadilan Sejahtera | E129: 0 | F129: 1 | G129: 1 | H129: 0 | I129: 0 | J129: 0 | K129: 0 | L129: 0 | M129: 1 | N129: 0 | O129: 0 | P129: 0 | Q129: 1 | R129: 1 | S129: 0 | T129: 0 | U129: 0 | V129: 0 | W129: 0 | X129: 1 | Y129: 1 | Z129: =SUM(E129:Y129) -> 7
A130: A.2 | B130: 1 | C130: 1. H. SAIMI SALEH, S.E., M.M. | E130: 1 | F130: 1 | G130: 0 | H130: 0 | I130: 3 | J130: 1 | K130: 3 | L130: 2 | M130: 0 | N130: 0 | O130: 0 | P130: 2 | Q130: 4 | R130: 1 | S130: 0 | T130: 4 | U130: 4 | V130: 1 | W130: 0 | X130: 0 | Y130: 0 | Z130: =SUM(E130:Y130) -> 27
B131: 2 | C131: 2. Prof. Dr. H. EGGI SUDJANA, S.H., M.Si. | E131: 0 | F131: 0 | G131: 0 | H131: 1 | I131: 0 | J131: 0 | K131: 1 | L131: 1 | M131: 3 | N131: 0 | O131: 0 | P131: 0 | Q131: 0 | R131: 0 | S131: 0 | T131: 0 | U131: 3 | V131: 0 | W131: 0 | X131: 1 | Y131: 0 | Z131: =SUM(E131:Y131) -> 10
B132: 3 | C132: 3. NURUL KHOTIMAH | E132: 0 | F132: 0 | G132: 0 | H132: 0 | I132: 1 | J132: 0 | K132: 0 | L132: 0 | M132: 0 | N132: 0 | O132: 0 | P132: 0 | Q132: 0 | R132: 0 | S132: 0 | T132: 0 | U132: 0 | V132: 0 | W132: 0 | X132: 0 | Y132: 0 | Z132: =SUM(E132:Y132) -> 1
B133: 4 | C133: 4. AKHMAD SUYANTO, S.T., M.T. | E133: 0 | F133: 0 | G133: 0 | H133: 0 | I133: 0 | J133: 0 | K133: 0 | L133: 0 | M133: 0 | N133: 0 | O133: 0 | P133: 0 | Q133: 0 | R133: 0 | S133: 0 | T133: 0 | U133: 0 | V133: 0 | W133: 0 | X133: 0 | Y133: 0 | Z133: =SUM(E133:Y133) -> 0
B134: 5 | C134: 5. PUJIYATNI | E134: 0 | F134: 0 | G134: 1 | H134: 0 | I134: 0 | J134: 0 | K134: 0 | L134: 0 | M134: 0 | N134: 0 | O134: 0 | P134: 0 | Q134: 0 | R134: 0 | S134: 0 | T134: 0 | U134: 0 | V134: 0 | W134: 0 | X134: 0 | Y134: 0 | Z134: =SUM(E134:Y134) -> 1
B135: 6 | C135: 6. HENI PURWATININGSIH | E135: 0 | F135: 0 | G135: 0 | H135: 0 | I135: 0 | J135: 0 | K135: 0 | L135: 0 | M135: 0 | N135: 0 | O135: 0 | P135: 0 | Q135: 0 | R135: 0 | S135: 0 | T135: 0 | U135: 0 | V135: 0 | W135: 0 | X135: 0 | Y135: 0 | Z135: =SUM(E135:Y135) -> 0
B136: 7 | C136: 7. MUHADI | E136: 0 | F136: 0 | G136: 0 | H136: 0 | I136: 0 | J136: 0 | K136: 0 | L136: 0 | M136: 0 | N136: 0 | O136: 0 | P136: 0 | Q136: 0 | R136: 0 | S136: 0 | T136: 0 | U136: 0 | V136: 0 | W136: 0 | X136: 0 | Y136: 0 | Z136: =SUM(E136:Y136) -> 0
...

Sheet KALIGUNG
C2: Kecamatan | D2: BLIMBINGSARI
C3: Kabupaten | D3: BANYUWANGI
C4: Provinsi | D4: JAWA TIMUR
C9: Kelurahan | D9: KALIGUNG
A12: I | B12: DATA PEMILIH DAN PENGGUNAAN HAK PILIH | R12: JUMLAH AKHIR
A13: A | B13: DATA PEMILIH | E13: TPS 001 | F13: TPS 002 | G13: TPS 003 | H13: TPS 004 | I13: TPS 005 | J13: TPS 006 | K13: TPS 007 | L13: TPS 008 | M13: TPS 009 | N13: TPS 010 | O13: TPS 011 | P13: TPS 901 | Q13: TPS 902
B14: Jumlah Pemilih dalam Daftar Pemilih Tetap (DPT) | D14: LK | E14: 116 | F14: 123 | G14: 135 | H14: 136 | I14: 146 | J14: 140 | K14: 127 | L14: 122 | M14: 134 | N14: 143 | O14: 140 | P14: 267 | Q14: 223 | R14: =SUM(E14:Q14) -> 1952
D15: PR | E15: 119 | F15: 131 | G15: 117 | H15: 138 | I15: 149 | J15: 135 | K15: 123 | L15: 140 | M15: 148 | N15: 139 | O15: 137 | P15: 0 | Q15: 0 | R15: =SUM(E15:Q15) -> 1476
D16: JML | E16: =SUM(E14:E15) -> 235 | F16: =SUM(F14:F15) -> 254 | G16: =SUM(G14:G15) -> 252 | H16: =SUM(H14:H15) -> 274 | I16: =SUM(I14:I15) -> 295 | J16: =SUM(J14:J15) -> 275 | K16: =SUM(K14:K15) -> 250 | L16: =SUM(L14:L15) -> 262 | ... Q16: =SUM(Q14:Q15) -> 223 | R16: =SUM(E16:Q16) -> 3428
A18: B | B18: PENGGUNA HAK PILIH
B19: 1. | C19: Jumlah pengguna hak pilih dalam Daftar Pemilih Tetap (DPT) | D19: LK | E19: 83 | F19: 81 | G19: 95 | H19: 103 | I19: 116 | J19: 101 | K19: 85 | L19: 89 | M19: 97 | N19: 113 | O19: 104 | P19: 2 | Q19: 0 | R19: =SUM(E19:Q19) -> 1069
D20: PR | E20: 91 | F20: 108 | G20: 95 | H20: 115 | I20: 128 | J20: 114 | K20: 100 | L20: 115 | M20: 128 | N20: 104 | O20: 105 | P20: 0 | Q20: 0 | R20: =SUM(E20:Q20) -> 1203
D21: JML | E21: =SUM(E19:E20) -> 174 | F21: =SUM(F19:F20) -> 189 | G21: =SUM(G19:G20) -> 190 | H21: =SUM(H19:H20) -> 218 | I21: =SUM(I19:I20) -> 244 | J21: =SUM(J19:J20) -> 215 | K21: =SUM(K19:K20) -> 185 | L21: =SUM(L19:L20) -> 204 | ... Q21: =SUM(Q19:Q20) -> 0 | R21: =SUM(E21:Q21) -> 2272
B22: 2. | C22: Jumlah pengguna hak pilih dalam Daftar Pemilih Tambahan (DPTb) | D22: LK | E22: 0 | F22: 0 | G22: 0 | H22: 0 | I22: 0 | J22: 0 | K22: 0 | L22: 0 | M22: 0 | N22: 0 | O22: 0 | P22: 1 | Q22: 0 | R22: =SUM(E22:Q22) -> 1
D23: PR | E23: 0 | F23: 0 | G23: 0 | H23: 0 | I23: 0 | J23: 0 | K23: 0 | L23: 0 | M23: 0 | N23: 0 | O23: 0 | P23: 0 | Q23: 0 | R23: =SUM(E23:Q23) -> 0
D24: JML | E24: 0 | F24: 0 | G24: =SUM(G22:G23) -> 0 | H24: =SUM(H22:H23) -> 0 | I24: =SUM(I22:I23) -> 0 | J24: =SUM(J22:J23) -> 0 | K24: =SUM(K22:K23) -> 0 | L24: =SUM(L22:L23) -> 0 | M24: =SUM(M22:M23) -> 0 | N24: =SUM(N22:N23) -> 0 | ... Q24: =SUM(Q22:Q23) -> 0 | R24: =SUM(E24:Q24) -> 1
B25: 3. | C25: Jumlah pengguna hak pilih dalam Daftar Pemilih Khusus (DPK) | D25: LK | E25: 0 | F25: 0 | G25: 1 | H25: 0 | I25: 0 | J25: 0 | K25: 0 | L25: 0 | M25: 0 | N25: 0 | O25: 1 | P25: 0 | Q25: 0 | R25: =SUM(E25:Q25) -> 2
D26: PR | E26: 1 | F26: 0 | G26: 3 | H26: 0 | I26: 0 | J26: 0 | K26: 0 | L26: 2 | M26: 0 | N26: 0 | O26: 2 | P26: 0 | Q26: 0 | R26: =SUM(E26:Q26) -> 8
D27: JML | E27: =SUM(E25:E26) -> 1 | F27: =SUM(F25:F26) -> 0 | G27: =SUM(G25:G26) -> 4 | H27: =SUM(H25:H26) -> 0 | I27: =SUM(I25:I26) -> 0 | J27: =SUM(J25:J26) -> 0 | K27: =SUM(K25:K26) -> 0 | L27: =SUM(L25:L26) -> 2 | ... Q27: =SUM(Q25:Q26) -> 0 | R27: =SUM(E27:Q27) -> 10
B28: 4. | C28: Jumlah Pengguna Hak Pilih (B.1+B.2+B.3) | D28: LK | E28: =SUM(E19,E22,E25) -> 83 | F28: =SUM(F19,F22,F25) -> 81 | G28: =SUM(G19,G22,G25) -> 96 | H28: =SUM(H19,H22,H25) -> 103 | I28: =SUM(I19,I22,I25) -> 116 | J28: =SUM(J19,J22,J25) -> 101 | K28: =SUM(K19,K22,K25) -> 85 | L28: =SUM(L19,L22,L25) -> 89 | ... Q28: =SUM(Q19,Q22,Q25) -> 0 | R28: =SUM(E28:Q28) -> 1072
D29: PR | E29: =SUM(E20,E23,E26) -> 92 | F29: =SUM(F20,F23,F26) -> 108 | G29: =SUM(G20,G23,G26) -> 98 | H29: =SUM(H20,H23,H26) -> 115 | I29: =SUM(I20,I23,I26) -> 128 | J29: =SUM(J20,J23,J26) -> 114 | K29: =SUM(K20,K23,K26) -> 100 | L29: =SUM(L20,L23,L26) -> 117 | ... Q29: =SUM(Q20,Q23,Q26) -> 0 | R29: =SUM(E29:Q29) -> 1211
D30: JML | E30: =SUM(E28:E29) -> 175 | F30: =SUM(F28:F29) -> 189 | G30: =SUM(G28:G29) -> 194 | H30: =SUM(H28:H29) -> 218 | I30: =SUM(I28:I29) -> 244 | J30: =SUM(J28:J29) -> 215 | K30: =SUM(K28:K29) -> 185 | L30: =SUM(L28:L29) -> 206 | ... Q30: =SUM(Q28:Q29) -> 0 | R30: =SUM(E30:Q30) -> 2283
A32: II | B32: DATA PENGGUNAAN SURAT SUARA
A33: 1 | B33: Jumlah surat suara yang diterima, termasuk surat suara cadangan 2,5% dari DPT | E33: 240 | F33: 260 | G33: 259 | H33: 280 | I33: 301 | J33: 281 | K33: 255 | L33: 268 | M33: 288 | N33: 288 | O33: 283 | P33: 273 | Q33: 229 | R33: =SUM(E33:Q33) -> 3505
A34: 2 | B34: Jumlah surat suara yang digunakan | E34: 175 | F34: 189 | G34: 194 | H34: 218 | I34: 244 | J34: 215 | K34: 185 | L34: 206 | M34: 225 | N34: 217 | O34: 212 | P34: 3 | Q34: 0 | R34: =SUM(E34:Q34) -> 2283
A35: 3 | B35: Jumlah surat suara dikembalikan oleh pemilih (karena rusak atau keliru coblos) | E35: 0 | F35: 0 | G35: 0 | H35: 0 | I35: 0 | J35: 2 | K35: 0 | L35: 0 | M35: 0 | N35: 0 | O35: 0 | P35: 0 | Q35: 0 | R35: =SUM(E35:Q35) -> 2
A36: 4 | B36: Jumlah surat suara yang tidak digunakan/tidak terpakai, termasuk sisa surat suara cadangan | E36: =E33-(E34+E35) -> 65 | F36: =F33-(F34+F35) -> 71 | G36: =G33-(G34+G35) -> 65 | H36: =H33-(H34+H35) -> 62 | I36: =I33-(I34+I35) -> 57 | J36: =J33-(J34+J35) -> 64 | K36: =K33-(K34+K35) -> 70 | L36: =L33-(L34+L35) -> 62 | ... Q36: =Q33-(Q34+Q35) -> 229 | R36: =SUM(E36:Q36) -> 1220
A38: III | B38: DATA PEMILIH DISABILITAS
B39: Jumlah seluruh Pemilih disabilitas yang menggunakan hak pilih | D39: LK | E39: 0 | F39: 0 | G39: 0 | H39: 0 | I39: 3 | J39: 0 | K39: 0 | L39: 0 | M39: 0 | N39: 0 | O39: 0 | P39: 0 | Q39: 0 | R39: =SUM(E39:Q39) -> 3
D40: PR | E40: 0 | F40: 0 | G40: 0 | H40: 0 | I40: 1 | J40: 0 | K40: 0 | L40: 0 | M40: 0 | N40: 1 | O40: 0 | P40: 0 | Q40: 0 | R40: =SUM(E40:Q40) -> 2
D41: JML | E41: =SUM(E39:E40) -> 0 | F41: =SUM(F39:F40) -> 0 | G41: =SUM(G39:G40) -> 0 | H41: =SUM(H39:H40) -> 0 | I41: =SUM(I39:I40) -> 4 | J41: =SUM(J39:J40) -> 0 | K41: =SUM(K39:K40) -> 0 | L41: =SUM(L39:L40) -> 0 | ... Q41: =SUM(Q39:Q40) -> 0 | R41: =SUM(E41:Q41) -> 5
A43: IV | B43: DATA RINCIAN PEROLEHAN SUARA PASANGAN CALON BUPATI DAN WAKIL BUPATI
A44: NOMOR DAN NAMA CALON
A45: A.1 | B45: 1. | C45: Partai Kebangkitan Bangsa | E45: 7 | F45: 8 | G45: 2 | H45: 3 | I45: 12 | J45: 8 | K45: 10 | L45: 4 | M45: 4 | N45: 7 | O45: 5 | P45: 0 | Q45: 0 | R45: =SUM(E45:Q45) -> 70
A46: A.2 | B46: 1 | C46: 1. Dr. Hj. NIHAYATUL WAFIROH, M.A. | E46: 34 | F46: 25 | G46: 18 | H46: 8 | I46: 35 | J46: 54 | K46: 26 | L46: 17 | M46: 4 | N46: 22 | O46: 5 | P46: 0 | Q46: 0 | R46: =SUM(E46:Q46) -> 248
B47: 2 | C47: 2. H. M. NASIM KHAN | E47: 3 | F47: 0 | G47: 0 | H47: 1 | I47: 4 | J47: 1 | K47: 0 | L47: 3 | M47: 0 | N47: 5 | O47: 1 | P47: 0 | Q47: 0 | R47: =SUM(E47:Q47) -> 18
B48: 3 | C48: 3. Dr. H. AKIK ZAMAN, M.Pd.I. | E48: 1 | F48: 1 | G48: 1 | H48: 0 | I48: 1 | J48: 0 | K48: 0 | L48: 0 | M48: 0 | N48: 0 | O48: 0 | P48: 0 | Q48: 0 | R48: =SUM(E48:Q48) -> 4
B49: 4 | C49: 4. AHMAD RIFA'I, S.H. | E49: 0 | F49: 1 | G49: 1 | H49: 1 | I49: 1 | J49: 1 | K49: 0 | L49: 0 | M49: 0 | N49: 0 | O49: 1 | P49: 0 | Q49: 0 | R49: =SUM(E49:Q49) -> 6
B50: 5 | C50: 5. Drs. H. MAHFUD M.N. | E50: 1 | F50: 0 | G50: 1 | H50: 0 | I50: 0 | J50: 0 | K50: 0 | L50: 0 | M50: 0 | N50: 0 | O50: 0 | P50: 0 | Q50: 0 | R50: =SUM(E50:Q50) -> 2
B51: 6 | C51: 6. NURHAYATI, S.Pd. | E51: 1 | F51: 0 | G51: 0 | H51: 0 | I51: 0 | J51: 0 | K51: 0 | L51: 0 | M51: 0 | N51: 1 | O51: 0 | P51: 0 | Q51: 0 | R51: =SUM(E51:Q51) -> 2
B52: 7 | C52: 7. MAFTUHA KISWAH | E52: 0 | F52: 0 | G52: 0 | H52: 0 | I52: 0 | J52: 0 | K52: 0 | L52: 0 | M52: 0 | N52: 0 | O52: 0 | P52: 0 | Q52: 0 | R52: =SUM(E52:Q52) -> 0
A55: B | B55: JUMLAH SUARA SAH PARTAI POLITIK DAN CALON (A1 + A2) | E55: =SUM(E45:E52) -> 47 | F55: =SUM(F45:F52) -> 35 | G55: =SUM(G45:G52) -> 23 | H55: =SUM(H45:H52) -> 13 | I55: =SUM(I45:I52) -> 53 | J55: =SUM(J45:J52) -> 64 | K55: =SUM(K45:K52) -> 36 | L55: =SUM(L45:L52) -> 24 | ... Q55: =SUM(Q45:Q52) -> 0 | R55: =SUM(E55:Q55) -> 350
A57: A.1 | B57: 2. | C57: Partai Gerakan Indonesia Raya | E57: 5 | F57: 6 | G57: 3 | H57: 3 | I57: 8 | J57: 2 | K57: 3 | L57: 16 | M57: 13 | N57: 11 | O57: 7 | P57: 0 | Q57: 0 | R57: =SUM(E57:Q57) -> 77
A58: A.2 | B58: 1 | C58: 1. SUMAIL ABDULLAH | E58: 5 | F58: 3 | G58: 2 | H58: 1 | I58: 31 | J58: 33 | K58: 5 | L58: 6 | M58: 19 | N58: 34 | O58: 20 | P58: 0 | Q58: 0 | R58: =SUM(E58:Q58) -> 159
B59: 2 | C59: 2. MUHAMMAD ALI ADRIAN SALEH | E59: 2 | F59: 3 | G59: 4 | H59: 1 | I59: 0 | J59: 1 | K59: 1 | L59: 2 | M59: 3 | N59: 0 | O59: 2 | P59: 0 | Q59: 0 | R59: =SUM(E59:Q59) -> 19
B60: 3 | C60: 3. DURROTUN NAFISAH | E60: 0 | F60: 0 | G60: 0 | H60: 0 | I60: 0 | J60: 0 | K60: 1 | L60: 2 | M60: 1 | N60: 1 | O60: 0 | P60: 0 | Q60: 0 | R60: =SUM(E60:Q60) -> 5
B61: 4 | C61: 4. H. EKO SUSILO NURHIDAYAT | E61: 0 | F61: 0 | G61: 0 | H61: 0 | I61: 4 | J61: 1 | K61: 0 | L61: 1 | M61: 1 | N61: 0 | O61: 1 | P61: 0 | Q61: 0 | R61: =SUM(E61:Q61) -> 8
B62: 5 | C62: 5. KARNADI HARIJANTO, S.S. | E62: 0 | F62: 0 | G62: 0 | H62: 1 | I62: 0 | J62: 0 | K62: 1 | L62: 0 | M62: 0 | N62: 0 | O62: 1 | P62: 0 | Q62: 0 | R62: =SUM(E62:Q62) -> 3
B63: 6 | C63: 6. NURHAYATI | E63: 0 | F63: 0 | G63: 0 | H63: 0 | I63: 0 | J63: 0 | K63: 0 | L63: 0 | M63: 0 | N63: 0 | O63: 0 | P63: 0 | Q63: 0 | R63: =SUM(E63:Q63) -> 0
B64: 7 | C64: 7. MASHUDI | E64: 0 | F64: 0 | G64: 0 | H64: 0 | I64: 2 | J64: 1 | K64: 2 | L64: 0 | M64: 0 | N64: 2 | O64: 0 | P64: 0 | Q64: 0 | R64: =SUM(E64:Q64) -> 7
A67: B | B67: JUMLAH SUARA SAH PARTAI POLITIK DAN CALON (A1 + A2) | E67: =SUM(E57:E64) -> 12 | F67: =SUM(F57:F64) -> 12 | G67: =SUM(G57:G64) -> 9 | H67: =SUM(H57:H64) -> 6 | I67: =SUM(I57:I64) -> 45 | J67: =SUM(J57:J64) -> 38 | K67: =SUM(K57:K64) -> 13 | L67: =SUM(L57:L64) -> 27 | ... Q67: =SUM(Q57:Q64) -> 0 | R67: =SUM(E67:Q67) -> 278
A69: A.1 | B69: 3. | C69: Partai Demokrasi Indonesia Perjuangan | E69: 5 | F69: 5 | G69: 3 | H69: 3 | I69: 1 | J69: 2 | K69: 4 | L69: 7 | M69: 5 | N69: 14 | O69: 9 | P69: 0 | Q69: 0 | R69: =SUM(E69:Q69) -> 58
A70: A.2 | B70: 1 | C70: 1. SONNY TRI DANAPARAMITA, S.H., M.H. | E70: 0 | F70: 2 | G70: 3 | H70: 8 | I70: 4 | J70: 2 | K70: 4 | L70: 1 | M70: 1 | N70: 5 | O70: 3 | P70: 0 | Q70: 0 | R70: =SUM(E70:Q70) -> 33
B71: 2 | C71: 2. H. MOHAMAD GUNTUR ROMLI | E71: 11 | F71: 20 | G71: 31 | H71: 69 | I71: 4 | J71: 3 | K71: 14 | L71: 2 | M71: 14 | N71: 17 | O71: 0 | P71: 0 | Q71: 0 | R71: =SUM(E71:Q71) -> 185
B72: 3 | C72: 3. INA AMMANIA | E72: 16 | F72: 6 | G72: 7 | H72: 47 | I72: 3 | J72: 0 | K72: 0 | L72: 1 | M72: 1 | N72: 2 | O72: 37 | P72: 0 | Q72: 0 | R72: =SUM(E72:Q72) -> 120
B73: 4 | C73: 4. IRWAN BACHTIAR RACHMAT, M.Si. | E73: 0 | F73: 0 | G73: 0 | H73: 0 | I73: 0 | J73: 0 | K73: 0 | L73: 0 | M73: 0 | N73: 1 | O73: 1 | P73: 0 | Q73: 0 | R73: =SUM(E73:Q73) -> 2
B74: 5 | C74: 5. LUCKY PERDANA | E74: 1 | F74: 2 | G74: 4 | H74: 2 | I74: 9 | J74: 0 | K74: 1 | L74: 2 | M74: 1 | N74: 0 | O74: 1 | P74: 0 | Q74: 0 | R74: =SUM(E74:Q74) -> 23
B75: 6 | C75: 6. WIWIK PUJIYATI | E75: 0 | F75: 0 | G75: 0 | H75: 0 | I75: 0 | J75: 0 | K75: 0 | L75: 0 | M75: 0 | N75: 0 | O75: 5 | P75: 0 | Q75: 0 | R75: =SUM(E75:Q75) -> 5
B76: 7 | C76: 7. CHANDRA ASTAN, S.T. | E76: 3 | F76: 0 | G76: 0 | H76: 0 | I76: 0 | J76: 0 | K76: 1 | L76: 0 | M76: 0 | N76: 0 | O76: 0 | P76: 0 | Q76: 0 | R76: =SUM(E76:Q76) -> 4
A79: B | B79: JUMLAH SUARA SAH PARTAI POLITIK DAN CALON (A1 + A2) | E79: =SUM(E69:E76) -> 36 | F79: =SUM(F69:F76) -> 35 | G79: =SUM(G69:G76) -> 48 | H79: =SUM(H69:H76) -> 129 | I79: =SUM(I69:I76) -> 21 | J79: =SUM(J69:J76) -> 7 | K79: =SUM(K69:K76) -> 24 | L79: =SUM(L69:L76) -> 13 | ... Q79: =SUM(Q69:Q76) -> 0 | R79: =SUM(E79:Q79) -> 430
A81: A.1 | B81: 4. | C81: Partai Golongan Karya | E81: 1 | F81: 4 | G81: 5 | H81: 3 | I81: 7 | J81: 2 | K81: 13 | L81: 7 | M81: 10 | N81: 2 | O81: 6 | P81: 0 | Q81: 0 | R81: =SUM(E81:Q81) -> 60
A82: A.2 | B82: 1 | C82: 1. ZULFIKAR ARSE SADIKIN, S.I.P., M.Si. | E82: 6 | F82: 5 | G82: 16 | H82: 13 | I82: 2 | J82: 2 | K82: 29 | L82: 8 | M82: 4 | N82: 4 | O82: 1 | P82: 0 | Q82: 0 | R82: =SUM(E82:Q82) -> 90
B83: 2 | C83: 2. HANDOKO | E83: 6 | F83: 7 | G83: 7 | H83: 7 | I83: 6 | J83: 9 | K83: 3 | L83: 11 | M83: 18 | N83: 8 | O83: 13 | P83: 0 | Q83: 0 | R83: =SUM(E83:Q83) -> 95
B84: 3 | C84: 3. Hj. OVI DEWI YANTI | E84: 0 | F84: 0 | G84: 0 | H84: 0 | I84: 1 | J84: 0 | K84: 0 | L84: 2 | M84: 1 | N84: 0 | O84: 0 | P84: 0 | Q84: 0 | R84: =SUM(E84:Q84) -> 4
B85: 4 | C85: 4. Ir. AZAM AZMAN NATAWIJANA | E85: 1 | F85: 0 | G85: 1 | H85: 1 | I85: 0 | J85: 0 | K85: 1 | L85: 0 | M85: 0 | N85: 0 | O85: 0 | P85: 0 | Q85: 0 | R85: =SUM(E85:Q85) -> 4
B86: 5 | C86: 5. UBAIDILLAH AMIN, S.Kom. | E86: 13 | F86: 2 | G86: 32 | H86: 6 | I86: 20 | J86: 18 | K86: 14 | L86: 5 | M86: 1 | N86: 3 | O86: 4 | P86: 0 | Q86: 0 | R86: =SUM(E86:Q86) -> 118
B87: 6 | C87: 6. DENNY YUNIANDARI, S.H., M.Kn. | E87: 0 | F87: 0 | G87: 1 | H87: 2 | I87: 3 | J87: 5 | K87: 1 | L87: 1 | M87: 0 | N87: 3 | O87: 1 | P87: 0 | Q87: 0 | R87: =SUM(E87:Q87) -> 17
B88: 7 | C88: 7. ERNADI, S.H.I. | E88: 0 | F88: 0 | G88: 1 | H88: 0 | I88: 0 | J88: 1 | K88: 1 | L88: 0 | M88: 0 | N88: 0 | O88: 1 | P88: 0 | Q88: 0 | R88: =SUM(E88:Q88) -> 4
A91: B | B91: JUMLAH SUARA SAH PARTAI POLITIK DAN CALON (A1 + A2) | E91: =SUM(E81:E88) -> 27 | F91: =SUM(F81:F88) -> 18 | G91: =SUM(G81:G88) -> 63 | H91: =SUM(H81:H88) -> 32 | I91: =SUM(I81:I88) -> 39 | J91: =SUM(J81:J88) -> 37 | K91: =SUM(K81:K88) -> 62 | L91: =SUM(L81:L88) -> 34 | ... Q91: =SUM(Q81:Q88) -> 0 | R91: =SUM(E91:Q91) -> 392
A93: A.1 | B93: 5. | C93: Partai NasDem | E93: 0 | F93: 0 | G93: 1 | H93: 0 | I93: 0 | J93: 0 | K93: 1 | L93: 4 | M93: 2 | N93: 2 | O93: 0 | P93: 0 | Q93: 0 | R93: =SUM(E93:Q93) -> 10
A94: A.2 | B94: 1 | C94: 1. ACH. FADIL MUZAKKI SYAH | E94: 0 | F94: 0 | G94: 0 | H94: 0 | I94: 0 | J94: 0 | K94: 2 | L94: 1 | M94: 1 | N94: 0 | O94: 1 | P94: 0 | Q94: 0 | R94: =SUM(E94:Q94) -> 5
B95: 2 | C95: 2. BENY | E95: 0 | F95: 0 | G95: 0 | H95: 0 | I95: 0 | J95: 0 | K95: 0 | L95: 1 | M95: 0 | N95: 0 | O95: 0 | P95: 0 | Q95: 0 | R95: =SUM(E95:Q95) -> 1
B96: 3 | C96: 3. VINA VERONIKA | E96: 0 | F96: 0 | G96: 0 | H96: 0 | I96: 0 | J96: 0 | K96: 0 | L96: 0 | M96: 0 | N96: 0 | O96: 0 | P96: 0 | Q96: 0 | R96: =SUM(E96:Q96) -> 0
B97: 4 | C97: 4. TEDDY ANUGRIANTO | E97: 0 | F97: 0 | G97: 0 | H97: 0 | I97: 2 | J97: 0 | K97: 3 | L97: 0 | M97: 1 | N97: 0 | O97: 0 | P97: 0 | Q97: 0 | R97: =SUM(E97:Q97) -> 6
B98: 5 | C98: 5. INSAN KAMIL | E98: 0 | F98: 0 | G98: 0 | H98: 0 | I98: 0 | J98: 0 | K98: 0 | L98: 0 | M98: 0 | N98: 0 | O98: 0 | P98: 0 | Q98: 0 | R98: =SUM(E98:Q98) -> 0
B99: 6 | C99: 6. LILIK LINDARWATI | E99: 0 | F99: 0 | G99: 0 | H99: 0 | I99: 0 | J99: 0 | K99: 0 | L99: 0 | M99: 0 | N99: 0 | O99: 0 | P99: 0 | Q99: 0 | R99: =SUM(E99:Q99) -> 0
B100: 7 | C100: 7. YULI ANITA | E100: 0 | F100: 0 | G100: 0 | H100: 0 | I100: 0 | J100: 0 | K100: 0 | L100: 0 | M100: 0 | N100: 0 | O100: 0 | P100: 0 | Q100: 0 | R100: =SUM(E100:Q100) -> 0
A103: B | B103: JUMLAH SUARA SAH PARTAI POLITIK DAN CALON (A1 + A2) | E103: =SUM(E93:E100) -> 0 | F103: =SUM(F93:F100) -> 0 | G103: =SUM(G93:G100) -> 1 | H103: =SUM(H93:H100) -> 0 | I103: =SUM(I93:I100) -> 2 | J103: =SUM(J93:J100) -> 0 | K103: =SUM(K93:K100) -> 6 | L103: =SUM(L93:L100) -> 6 | ... Q103: =SUM(Q93:Q100) -> 0 | R103: =SUM(E103:Q103) -> 22
A105: A.1 | B105: 6. | C105: Partai Buruh | E105: 0 | F105: 0 | G105: 0 | H105: 0 | I105: 0 | J105: 1 | K105: 1 | L105: 0 | M105: 0 | N105: 0 | O105: 3 | P105: 0 | Q105: 0 | R105: =SUM(E105:Q105) -> 5
A106: A.2 | B106: 1 | C106: 1. KHOIRUL ANAM | E106: 0 | F106: 1 | G106: 0 | H106: 0 | I106: 0 | J106: 0 | K106: 0 | L106: 0 | M106: 0 | N106: 0 | O106: 0 | P106: 0 | Q106: 0 | R106: =SUM(E106:Q106) -> 1
B107: 2 | C107: 2. INA KURNIA | E107: 0 | F107: 0 | G107: 0 | H107: 0 | I107: 0 | J107: 0 | K107: 0 | L107: 0 | M107: 0 | N107: 0 | O107: 0 | P107: 0 | Q107: 0 | R107: =SUM(E107:Q107) -> 0
B108: 3 | C108: 3. JIBRAL TAROUK | E108: 0 | F108: 0 | G108: 0 | H108: 0 | I108: 0 | J108: 0 | K108: 0 | L108: 0 | M108: 0 | N108: 0 | O108: 0 | P108: 0 | Q108: 0 | R108: =SUM(E108:Q108) -> 0
B109: 4 | C109: 4. ASTUTI DAENG PUJI | E109: 0 | F109: 0 | G109: 0 | H109: 0 | I109: 0 | J109: 0 | K109: 0 | L109: 0 | M109: 0 | N109: 0 | O109: 0 | P109: 0 | Q109: 0 | R109: =SUM(E109:Q109) -> 0
B110: 5 | C110: 5. ASDARMAWAN | E110: 0 | F110: 0 | G110: 0 | H110: 0 | I110: 0 | J110: 0 | K110: 0 | L110: 0 | M110: 0 | N110: 0 | O110: 0 | P110: 0 | Q110: 0 | R110: =SUM(E110:Q110) -> 0
B111: 6 | C111: 6. RIFQI MUBAROK | E111: 0 | F111: 0 | G111: 0 | H111: 0 | I111: 1 | J111: 0 | K111: 0 | L111: 0 | M111: 0 | N111: 1 | O111: 0 | P111: 0 | Q111: 0 | R111: =SUM(E111:Q111) -> 2
B112: 7 | C112: 7. FIRNANDA ALTA MEGA | E112: 0 | F112: 0 | G112: 0 | H112: 0 | I112: 0 | J112: 0 | K112: 0 | L112: 0 | M112: 0 | N112: 0 | O112: 0 | P112: 0 | Q112: 0 | R112: =SUM(E112:Q112) -> 0
A115: B | B115: JUMLAH SUARA SAH PARTAI POLITIK DAN CALON (A1 + A2) | E115: =SUM(E105:E112) -> 0 | F115: =SUM(F105:F112) -> 1 | G115: =SUM(G105:G112) -> 0 | H115: =SUM(H105:H112) -> 0 | I115: =SUM(I105:I112) -> 1 | J115: =SUM(J105:J112) -> 1 | K115: =SUM(K105:K112) -> 1 | L115: =SUM(L105:L112) -> 0 | ... Q115: =SUM(Q105:Q112) -> 0 | R115: =SUM(E115:Q115) -> 8
A117: A.1 | B117: 7. | C117: Partai Gelombang Rakyat Indonesia | E117: 0 | F117: 0 | G117: 0 | H117: 1 | I117: 0 | J117: 0 | K117: 0 | L117: 0 | M117: 1 | N117: 1 | O117: 1 | P117: 0 | Q117: 0 | R117: =SUM(E117:Q117) -> 4
A118: A.2 | B118: 1 | C118: 1. TITI WIDORETNO WARISMAN | E118: 0 | F118: 0 | G118: 0 | H118: 0 | I118: 0 | J118: 0 | K118: 0 | L118: 1 | M118: 0 | N118: 0 | O118: 0 | P118: 0 | Q118: 0 | R118: =SUM(E118:Q118) -> 1
B119: 2 | C119: 2. MAMIEK SETYANINGSIH | E119: 0 | F119: 0 | G119: 0 | H119: 0 | I119: 0 | J119: 0 | K119: 0 | L119: 0 | M119: 0 | N119: 0 | O119: 0 | P119: 0 | Q119: 0 | R119: =SUM(E119:Q119) -> 0
B120: 3 | C120: 3. ROMIL AZIZEN | E120: 0 | F120: 0 | G120: 0 | H120: 0 | I120: 1 | J120: 0 | K120: 0 | L120: 1 | M120: 0 | N120: 0 | O120: 0 | P120: 0 | Q120: 0 | R120: =SUM(E120:Q120) -> 2
A127: B | B127: JUMLAH SUARA SAH PARTAI POLITIK DAN CALON (A1 + A2) | E127: =SUM(E117:E120) -> 0 | F127: =SUM(F117:F120) -> 0 | G127: =SUM(G117:G120) -> 0 | H127: =SUM(H117:H120) -> 1 | I127: =SUM(I117:I120) -> 1 | J127: =SUM(J117:J120) -> 0 | K127: =SUM(K117:K120) -> 0 | L127: =SUM(L117:L120) -> 2 | ... Q127: =SUM(Q117:Q120) -> 0 | R127: =SUM(E127:Q127) -> 7
A129: A.1 | B129: 8. | C129: Partai Keadilan Sejahtera | E129: 0 | F129: 0 | G129: 1 | H129: 0 | I129: 0 | J129: 0 | K129: 0 | L129: 2 | M129: 0 | N129: 0 | O129: 1 | P129: 0 | Q129: 0 | R129: =SUM(E129:Q129) -> 4
A130: A.2 | B130: 1 | C130: 1. H. SAIMI SALEH, S.E., M.M. | E130: 3 | F130: 4 | G130: 1 | H130: 0 | I130: 1 | J130: 0 | K130: 0 | L130: 0 | M130: 4 | N130: 1 | O130: 1 | P130: 0 | Q130: 0 | R130: =SUM(E130:Q130) -> 15
B131: 2 | C131: 2. Prof. Dr. H. EGGI SUDJANA, S.H., M.Si. | E131: 0 | F131: 0 | G131: 1 | H131: 1 | I131: 1 | J131: 0 | K131: 0 | L131: 2 | M131: 9 | N131: 0 | O131: 0 | P131: 3 | Q131: 0 | R131: =SUM(E131:Q131) -> 17
B132: 3 | C132: 3. NURUL KHOTIMAH | E132: 0 | F132: 0 | G132: 0 | H132: 0 | I132: 0 | J132: 0 | K132: 0 | L132: 0 | M132: 0 | N132: 0 | O132: 0 | P132: 0 | Q132: 0 | R132: =SUM(E132:Q132) -> 0
B133: 4 | C133: 4. AKHMAD SUYANTO, S.T., M.T. | E133: 0 | F133: 0 | G133: 0 | H133: 0 | I133: 1 | J133: 0 | K133: 0 | L133: 1 | M133: 1 | N133: 0 | O133: 0 | P133: 0 | Q133: 0 | R133: =SUM(E133:Q133) -> 3
B134: 5 | C134: 5. PUJIYATNI | E134: 0 | F134: 0 | G134: 1 | H134: 0 | I134: 0 | J134: 0 | K134: 0 | L134: 0 | M134: 1 | N134: 0 | O134: 0 | P134: 0 | Q134: 0 | R134: =SUM(E134:Q134) -> 2
B135: 6 | C135: 6. HENI PURWATININGSIH | E135: 0 | F135: 0 | G135: 0 | H135: 0 | I135: 0 | J135: 0 | K135: 0 | L135: 0 | M135: 0 | N135: 0 | O135: 0 | P135: 0 | Q135: 0 | R135: =SUM(E135:Q135) -> 0
B136: 7 | C136: 7. MUHADI | E136: 0 | F136: 0 | G136: 0 | H136: 0 | I136: 0 | J136: 0 | K136: 0 | L136: 0 | M136: 0 | N136: 0 | O136: 0 | P136: 0 | Q136: 0 | R136: =SUM(E136:Q136) -> 0
...

Sheet KAOTAN
C2: Kecamatan | D2: BLIMBINGSARI
C3: Kabupaten | D3: BANYUWANGI
C4: Provinsi | D4: JAWA TIMUR
C9: Kelurahan | D9: KAOTAN
A12: I | B12: DATA PEMILIH DAN PENGGUNAAN HAK PILIH | M12: JUMLAH AKHIR
A13: A | B13: DATA PEMILIH | E13: TPS 001 | F13: TPS 002 | G13: TPS 003 | H13: TPS 004 | I13: TPS 005 | J13: TPS 006 | K13: TPS 007 | L13: TPS 008
B14: Jumlah Pemilih dalam Daftar Pemilih Tetap (DPT) | D14: LK | E14: 143 | F14: 142 | G14: 147 | H14: 115 | I14: 127 | J14: 132 | K14: 135 | L14: 139 | M14: =SUM(E14:L14) -> 1080
D15: PR | E15: 147 | F15: 139 | G15: 121 | H15: 123 | I15: 130 | J15: 136 | K15: 141 | L15: 148 | M15: =SUM(E15:L15) -> 1085
D16: JML | E16: 290 | F16: 281 | G16: 268 | H16: 238 | I16: 257 | J16: 268 | K16: 276 | L16: 287 | M16: =SUM(E16:L16) -> 2165
A18: B | B18: PENGGUNA HAK PILIH
B19: 1. | C19: Jumlah pengguna hak pilih dalam Daftar Pemilih Tetap (DPT) | D19: LK | E19: 117 | F19: 103 | G19: 125 | H19: 102 | I19: 110 | J19: 119 | K19: 109 | L19: 115 | M19: =SUM(E19:L19) -> 900
D20: PR | E20: 123 | F20: 111 | G20: 108 | H20: 102 | I20: 117 | J20: 99 | K20: 119 | L20: 127 | M20: =SUM(E20:L20) -> 906
D21: JML | E21: 240 | F21: 214 | G21: 233 | H21: 204 | I21: 227 | J21: 218 | K21: 228 | L21: 242 | M21: =SUM(E21:L21) -> 1806
B22: 2. | C22: Jumlah pengguna hak pilih dalam Daftar Pemilih Tambahan (DPTb) | D22: LK | E22: 0 | F22: 1 | G22: 0 | H22: 0 | I22: 0 | J22: 1 | K22: 1 | L22: 0 | M22: =SUM(E22:L22) -> 3
D23: PR | E23: 0 | F23: 1 | G23: 1 | H23: 0 | I23: 0 | J23: 0 | K23: 1 | L23: 0 | M23: =SUM(E23:L23) -> 3
D24: JML | E24: 0 | F24: 2 | G24: 1 | H24: 0 | I24: 0 | J24: 1 | K24: 2 | L24: 0 | M24: =SUM(E24:L24) -> 6
B25: 3. | C25: Jumlah pengguna hak pilih dalam Daftar Pemilih Khusus (DPK) | D25: LK | E25: 0 | F25: 1 | G25: 0 | H25: 0 | I25: 0 | J25: 0 | K25: 0 | L25: 0 | M25: =SUM(E25:L25) -> 1
D26: PR | E26: 0 | F26: 2 | G26: 0 | H26: 0 | I26: 0 | J26: 1 | K26: 0 | L26: 0 | M26: =SUM(E26:L26) -> 3
D27: JML | E27: 0 | F27: 3 | G27: 0 | H27: 0 | I27: 0 | J27: 1 | K27: 0 | L27: 0 | M27: =SUM(E27:L27) -> 4
B28: 4. | C28: Jumlah Pengguna Hak Pilih (B.1+B.2+B.3) | D28: LK | E28: 117 | F28: 105 | G28: 125 | H28: 102 | I28: 110 | J28: 120 | K28: 110 | L28: 115 | M28: =SUM(E28:L28) -> 904
D29: PR | E29: 123 | F29: 114 | G29: 109 | H29: 102 | I29: 117 | J29: 100 | K29: 120 | L29: 127 | M29: =SUM(E29:L29) -> 912
D30: JML | E30: 240 | F30: 219 | G30: 234 | H30: 204 | I30: 227 | J30: 220 | K30: 230 | L30: 242 | M30: =SUM(E30:L30) -> 1816
A32: II | B32: DATA PENGGUNAAN SURAT SUARA
A33: 1 | B33: Jumlah surat suara yang diterima, termasuk surat suara cadangan 2,5% dari DPT | E33: 296 | F33: 287 | G33: 274 | H33: 243 | I33: 263 | J33: 274 | K33: 282 | L33: 293 | M33: =SUM(E33:L33) -> 2212
A34: 2 | B34: Jumlah surat suara yang digunakan | E34: 240 | F34: 219 | G34: 234 | H34: 204 | I34: 227 | J34: 220 | K34: 230 | L34: 242 | M34: =SUM(E34:L34) -> 1816
A35: 3 | B35: Jumlah surat suara dikembalikan oleh pemilih (karena rusak atau keliru coblos) | E35: 1 | F35: 1 | G35: 2 | H35: 1 | I35: 2 | J35: 2 | K35: 0 | L35: 0 | M35: =SUM(E35:L35) -> 9
A36: 4 | B36: Jumlah surat suara yang tidak digunakan/tidak terpakai, termasuk sisa surat suara cadangan | E36: 55 | F36: 67 | G36: 38 | H36: 38 | I36: 34 | J36: 52 | K36: 52 | L36: 51 | M36: =SUM(E36:L36) -> 387
A38: III | B38: DATA PEMILIH DISABILITAS
B39: Jumlah seluruh Pemilih disabilitas yang menggunakan hak pilih | D39: LK | E39: 1 | F39: 0 | G39: 0 | H39: 1 | I39: 0 | J39: 0 | K39: 0 | L39: 1 | M39: =SUM(E39:L39) -> 3
D40: PR | E40: 0 | F40: 0 | G40: 0 | H40: 3 | I40: 0 | J40: 2 | K40: 1 | L40: 4 | M40: =SUM(E40:L40) -> 10
D41: JML | E41: 1 | F41: 0 | G41: 0 | H41: 4 | I41: 0 | J41: 2 | K41: 1 | L41: 5 | M41: =SUM(E41:L41) -> 13
A43: IV | B43: DATA RINCIAN PEROLEHAN SUARA PASANGAN CALON BUPATI DAN WAKIL BUPATI
A44: NOMOR DAN NAMA CALON
A45: A.1 | B45: 1. | C45: Partai Kebangkitan Bangsa | E45: 4 | F45: 11 | G45: 16 | H45: 4 | I45: 1 | J45: 6 | K45: 6 | L45: 4 | M45: =SUM(E45:L45) -> 52
A46: A.2 | B46: 1 | C46: 1. Dr. Hj. NIHAYATUL WAFIROH, M.A. | E46: 33 | F46: 29 | G46: 45 | H46: 10 | I46: 10 | J46: 15 | K46: 12 | L46: 16 | M46: =SUM(E46:L46) -> 170
B47: 2 | C47: 2. H. M. NASIM KHAN | E47: 0 | F47: 2 | G47: 1 | H47: 0 | I47: 0 | J47: 0 | K47: 1 | L47: 1 | M47: =SUM(E47:L47) -> 5
B48: 3 | C48: 3. Dr. H. AKIK ZAMAN, M.Pd.I. | E48: 1 | F48: 0 | G48: 0 | H48: 1 | I48: 0 | J48: 0 | K48: 0 | L48: 0 | M48: =SUM(E48:L48) -> 2
B49: 4 | C49: 4. AHMAD RIFA'I, S.H. | E49: 0 | F49: 0 | G49: 0 | H49: 0 | I49: 0 | J49: 1 | K49: 1 | L49: 1 | M49: =SUM(E49:L49) -> 3
B50: 5 | C50: 5. Drs. H. MAHFUD M.N. | E50: 0 | F50: 0 | G50: 0 | H50: 0 | I50: 0 | J50: 0 | K50: 0 | L50: 0 | M50: =SUM(E50:L50) -> 0
B51: 6 | C51: 6. NURHAYATI, S.Pd. | E51: 0 | F51: 0 | G51: 0 | H51: 0 | I51: 0 | J51: 0 | K51: 0 | L51: 0 | M51: =SUM(E51:L51) -> 0
B52: 7 | C52: 7. MAFTUHA KISWAH | E52: 0 | F52: 0 | G52: 0 | H52: 0 | I52: 0 | J52: 1 | K52: 0 | L52: 0 | M52: =SUM(E52:L52) -> 1
A55: B | B55: JUMLAH SUARA SAH PARTAI POLITIK DAN CALON (A1 + A2) | E55: =SUM(E45:E52) -> 38 | F55: =SUM(F45:F52) -> 42 | G55: =SUM(G45:G52) -> 62 | H55: =SUM(H45:H52) -> 15 | I55: =SUM(I45:I52) -> 11 | J55: =SUM(J45:J52) -> 23 | K55: =SUM(K45:K52) -> 20 | L55: =SUM(L45:L52) -> 22 | M55: =SUM(E55:L55) -> 233
A57: A.1 | B57: 2. | C57: Partai Gerakan Indonesia Raya | E57: 6 | F57: 4 | G57: 10 | H57: 5 | I57: 2 | J57: 8 | K57: 1 | L57: 3 | M57: =SUM(E57:L57) -> 39
A58: A.2 | B58: 1 | C58: 1. SUMAIL ABDULLAH | E58: 9 | F58: 4 | G58: 12 | H58: 5 | I58: 3 | J58: 1 | K58: 7 | L58: 7 | M58: =SUM(E58:L58) -> 48
B59: 2 | C59: 2. MUHAMMAD ALI ADRIAN SALEH | E59: 3 | F59: 5 | G59: 2 | H59: 1 | I59: 2 | J59: 3 | K59: 3 | L59: 0 | M59: =SUM(E59:L59) -> 19
B60: 3 | C60: 3. DURROTUN NAFISAH | E60: 0 | F60: 0 | G60: 3 | H60: 2 | I60: 0 | J60: 0 | K60: 1 | L60: 0 | M60: =SUM(E60:L60) -> 6
B61: 4 | C61: 4. H. EKO SUSILO NURHIDAYAT | E61: 1 | F61: 1 | G61: 1 | H61: 0 | I61: 0 | J61: 1 | K61: 1 | L61: 0 | M61: =SUM(E61:L61) -> 5
B62: 5 | C62: 5. KARNADI HARIJANTO, S.S. | E62: 0 | F62: 0 | G62: 0 | H62: 0 | I62: 0 | J62: 1 | K62: 0 | L62: 0 | M62: =SUM(E62:L62) -> 1
B63: 6 | C63: 6. NURHAYATI | E63: 0 | F63: 0 | G63: 0 | H63: 0 | I63: 1 | J63: 0 | K63: 1 | L63: 1 | M63: =SUM(E63:L63) -> 3
B64: 7 | C64: 7. MASHUDI | E64: 0 | F64: 0 | G64: 0 | H64: 0 | I64: 0 | J64: 1 | K64: 0 | L64: 0 | M64: =SUM(E64:L64) -> 1
A67: B | B67: JUMLAH SUARA SAH PARTAI POLITIK DAN CALON (A1 + A2) | E67: =SUM(E57:E64) -> 19 | F67: =SUM(F57:F64) -> 14 | G67: =SUM(G57:G64) -> 28 | H67: =SUM(H57:H64) -> 13 | I67: =SUM(I57:I64) -> 8 | J67: =SUM(J57:J64) -> 15 | K67: =SUM(K57:K64) -> 14 | L67: =SUM(L57:L64) -> 11 | M67: =SUM(E67:L67) -> 122
A69: A.1 | B69: 3. | C69: Partai Demokrasi Indonesia Perjuangan | E69: 5 | F69: 4 | G69: 4 | H69: 4 | I69: 2 | J69: 8 | K69: 18 | L69: 10 | M69: =SUM(E69:L69) -> 55
A70: A.2 | B70: 1 | C70: 1. SONNY TRI DANAPARAMITA, S.H., M.H. | E70: 2 | F70: 4 | G70: 2 | H70: 1 | I70: 3 | J70: 5 | K70: 11 | L70: 11 | M70: =SUM(E70:L70) -> 39
B71: 2 | C71: 2. H. MOHAMAD GUNTUR ROMLI | E71: 6 | F71: 4 | G71: 1 | H71: 1 | I71: 1 | J71: 7 | K71: 2 | L71: 8 | M71: =SUM(E71:L71) -> 30
B72: 3 | C72: 3. INA AMMANIA | E72: 2 | F72: 1 | G72: 5 | H72: 25 | I72: 4 | J72: 7 | K72: 25 | L72: 13 | M72: =SUM(E72:L72) -> 82
B73: 4 | C73: 4. IRWAN BACHTIAR RACHMAT, M.Si. | E73: 1 | F73: 0 | G73: 1 | H73: 1 | I73: 0 | J73: 1 | K73: 0 | L73: 0 | M73: =SUM(E73:L73) -> 4
B74: 5 | C74: 5. LUCKY PERDANA | E74: 4 | F74: 1 | G74: 1 | H74: 0 | I74: 5 | J74: 2 | K74: 4 | L74: 17 | M74: =SUM(E74:L74) -> 34
B75: 6 | C75: 6. WIWIK PUJIYATI | E75: 1 | F75: 0 | G75: 0 | H75: 0 | I75: 0 | J75: 0 | K75: 0 | L75: 2 | M75: =SUM(E75:L75) -> 3
B76: 7 | C76: 7. CHANDRA ASTAN, S.T. | E76: 0 | F76: 0 | G76: 0 | H76: 0 | I76: 0 | J76: 0 | K76: 0 | L76: 0 | M76: =SUM(E76:L76) -> 0
A79: B | B79: JUMLAH SUARA SAH PARTAI POLITIK DAN CALON (A1 + A2) | E79: =SUM(E69:E76) -> 21 | F79: =SUM(F69:F76) -> 14 | G79: =SUM(G69:G76) -> 14 | H79: =SUM(H69:H76) -> 32 | I79: =SUM(I69:I76) -> 15 | J79: =SUM(J69:J76) -> 30 | K79: =SUM(K69:K76) -> 60 | L79: =SUM(L69:L76) -> 61 | M79: =SUM(E79:L79) -> 247
A81: A.1 | B81: 4. | C81: Partai Golongan Karya | E81: 9 | F81: 12 | G81: 15 | H81: 11 | I81: 10 | J81: 9 | K81: 7 | L81: 4 | M81: =SUM(E81:L81) -> 77
A82: A.2 | B82: 1 | C82: 1. ZULFIKAR ARSE SADIKIN, S.I.P., M.Si. | E82: 80 | F82: 68 | G82: 37 | H82: 73 | I82: 99 | J82: 29 | K82: 21 | L82: 24 | M82: =SUM(E82:L82) -> 431
B83: 2 | C83: 2. HANDOKO | E83: 4 | F83: 1 | G83: 1 | H83: 3 | I83: 3 | J83: 4 | K83: 8 | L83: 7 | M83: =SUM(E83:L83) -> 31
B84: 3 | C84: 3. Hj. OVI DEWI YANTI | E84: 0 | F84: 1 | G84: 2 | H84: 1 | I84: 0 | J84: 1 | K84: 2 | L84: 2 | M84: =SUM(E84:L84) -> 9
B85: 4 | C85: 4. Ir. AZAM AZMAN NATAWIJANA | E85: 0 | F85: 4 | G85: 1 | H85: 0 | I85: 1 | J85: 1 | K85: 2 | L85: 1 | M85: =SUM(E85:L85) -> 10
B86: 5 | C86: 5. UBAIDILLAH AMIN, S.Kom. | E86: 4 | F86: 1 | G86: 3 | H86: 1 | I86: 3 | J86: 7 | K86: 5 | L86: 2 | M86: =SUM(E86:L86) -> 26
B87: 6 | C87: 6. DENNY YUNIANDARI, S.H., M.Kn. | E87: 0 | F87: 1 | G87: 1 | H87: 0 | I87: 1 | J87: 0 | K87: 0 | L87: 1 | M87: =SUM(E87:L87) -> 4
B88: 7 | C88: 7. ERNADI, S.H.I. | E88: 0 | F88: 0 | G88: 0 | H88: 0 | I88: 0 | J88: 0 | K88: 0 | L88: 0 | M88: =SUM(E88:L88) -> 0
A91: B | B91: JUMLAH SUARA SAH PARTAI POLITIK DAN CALON (A1 + A2) | E91: =SUM(E81:E88) -> 97 | F91: =SUM(F81:F88) -> 88 | G91: =SUM(G81:G88) -> 60 | H91: =SUM(H81:H88) -> 89 | I91: =SUM(I81:I88) -> 117 | J91: =SUM(J81:J88) -> 51 | K91: =SUM(K81:K88) -> 45 | L91: =SUM(L81:L88) -> 41 | M91: =SUM(E91:L91) -> 588
A93: A.1 | B93: 5. | C93: Partai NasDem | E93: 1 | F93: 1 | G93: 1 | H93: 1 | I93: 1 | J93: 0 | K93: 0 | L93: 3 | M93: =SUM(E93:L93) -> 8
A94: A.2 | B94: 1 | C94: 1. ACH. FADIL MUZAKKI SYAH | E94: 6 | F94: 1 | G94: 1 | H94: 7 | I94: 9 | J94: 26 | K94: 9 | L94: 6 | M94: =SUM(E94:L94) -> 65
B95: 2 | C95: 2. BENY | E95: 0 | F95: 0 | G95: 1 | H95: 0 | I95: 1 | J95: 0 | K95: 0 | L95: 1 | M95: =SUM(E95:L95) -> 3
B96: 3 | C96: 3. VINA VERONIKA | E96: 0 | F96: 0 | G96: 0 | H96: 0 | I96: 0 | J96: 0 | K96: 0 | L96: 0 | M96: =SUM(E96:L96) -> 0
B97: 4 | C97: 4. TEDDY ANUGRIANTO | E97: 2 | F97: 2 | G97: 1 | H97: 12 | I97: 12 | J97: 0 | K97: 2 | L97: 1 | M97: =SUM(E97:L97) -> 32
B98: 5 | C98: 5. INSAN KAMIL | E98: 0 | F98: 0 | G98: 0 | H98: 0 | I98: 1 | J98: 0 | K98: 0 | L98: 0 | M98: =SUM(E98:L98) -> 1
B99: 6 | C99: 6. LILIK LINDARWATI | E99: 0 | F99: 0 | G99: 0 | H99: 0 | I99: 0 | J99: 0 | K99: 0 | L99: 0 | M99: =SUM(E99:L99) -> 0
B100: 7 | C100: 7. YULI ANITA | E100: 0 | F100: 0 | G100: 0 | H100: 0 | I100: 0 | J100: 0 | K100: 0 | L100: 0 | M100: =SUM(E100:L100) -> 0
A103: B | B103: JUMLAH SUARA SAH PARTAI POLITIK DAN CALON (A1 + A2) | E103: =SUM(E93:E100) -> 9 | F103: =SUM(F93:F100) -> 4 | G103: =SUM(G93:G100) -> 4 | H103: =SUM(H93:H100) -> 20 | I103: =SUM(I93:I100) -> 24 | J103: =SUM(J93:J100) -> 26 | K103: =SUM(K93:K100) -> 11 | L103: =SUM(L93:L100) -> 11 | M103: =SUM(E103:L103) -> 109
A105: A.1 | B105: 6. | C105: Partai Buruh | E105: 0 | F105: 0 | G105: 0 | H105: 1 | I105: 0 | J105: 0 | K105: 0 | L105: 0 | M105: =SUM(E105:L105) -> 1
A106: A.2 | B106: 1 | C106: 1. KHOIRUL ANAM | E106: 1 | F106: 0 | G106: 0 | H106: 0 | I106: 0 | J106: 0 | K106: 1 | L106: 0 | M106: =SUM(E106:L106) -> 2
B107: 2 | C107: 2. INA KURNIA | E107: 0 | F107: 0 | G107: 0 | H107: 0 | I107: 0 | J107: 0 | K107: 0 | L107: 0 | M107: =SUM(E107:L107) -> 0
B108: 3 | C108: 3. JIBRAL TAROUK | E108: 0 | F108: 0 | G108: 0 | H108: 0 | I108: 0 | J108: 0 | K108: 0 | L108: 0 | M108: =SUM(E108:L108) -> 0
B109: 4 | C109: 4. ASTUTI DAENG PUJI | E109: 0 | F109: 0 | G109: 0 | H109: 0 | I109: 0 | J109: 0 | K109: 0 | L109: 0 | M109: =SUM(E109:L109) -> 0
B110: 5 | C110: 5. ASDARMAWAN | E110: 0 | F110: 0 | G110: 0 | H110: 0 | I110: 0 | J110: 0 | K110: 0 | L110: 0 | M110: =SUM(E110:L110) -> 0
B111: 6 | C111: 6. RIFQI MUBAROK | E111: 0 | F111: 0 | G111: 0 | H111: 0 | I111: 0 | J111: 0 | K111: 0 | L111: 0 | M111: =SUM(E111:L111) -> 0
B112: 7 | C112: 7. FIRNANDA ALTA MEGA | E112: 0 | F112: 0 | G112: 0 | H112: 0 | I112: 0 | J112: 0 | K112: 0 | L112: 0 | M112: =SUM(E112:L112) -> 0
A115: B | B115: JUMLAH SUARA SAH PARTAI POLITIK DAN CALON (A1 + A2) | E115: =SUM(E105:E112) -> 1 | F115: =SUM(F105:F112) -> 0 | G115: =SUM(G105:G112) -> 0 | H115: =SUM(H105:H112) -> 1 | I115: =SUM(I105:I112) -> 0 | J115: =SUM(J105:J112) -> 0 | K115: =SUM(K105:K112) -> 1 | L115: =SUM(L105:L112) -> 0 | M115: =SUM(E115:L115) -> 3
A117: A.1 | B117: 7. | C117: Partai Gelombang Rakyat Indonesia | E117: 0 | F117: 0 | G117: 2 | H117: 0 | I117: 1 | J117: 0 | K117: 0 | L117: 0 | M117: =SUM(E117:L117) -> 3
A118: A.2 | B118: 1 | C118: 1. TITI WIDORETNO WARISMAN | E118: 0 | F118: 0 | G118: 0 | H118: 0 | I118: 1 | J118: 0 | K118: 0 | L118: 0 | M118: =SUM(E118:L118) -> 1
B119: 2 | C119: 2. MAMIEK SETYANINGSIH | E119: 0 | F119: 0 | G119: 0 | H119: 0 | I119: 0 | J119: 0 | K119: 0 | L119: 0 | M119: =SUM(E119:L119) -> 0
B120: 3 | C120: 3. ROMIL AZIZEN | E120: 0 | F120: 0 | G120: 0 | H120: 0 | I120: 0 | J120: 0 | K120: 0 | L120: 0 | M120: =SUM(E120:L120) -> 0
A127: B | B127: JUMLAH SUARA SAH PARTAI POLITIK DAN CALON (A1 + A2) | E127: =SUM(E117:E120) -> 0 | F127: =SUM(F117:F120) -> 0 | G127: =SUM(G117:G120) -> 2 | H127: =SUM(H117:H120) -> 0 | I127: =SUM(I117:I120) -> 2 | J127: =SUM(J117:J120) -> 0 | K127: =SUM(K117:K120) -> 0 | L127: =SUM(L117:L120) -> 0 | M127: =SUM(E127:L127) -> 4
A129: A.1 | B129: 8. | C129: Partai Keadilan Sejahtera | E129: 1 | F129: 0 | G129: 1 | H129: 0 | I129: 0 | J129: 1 | K129: 0 | L129: 1 | M129: =SUM(E129:L129) -> 4
A130: A.2 | B130: 1 | C130: 1. H. SAIMI SALEH, S.E., M.M. | E130: 1 | F130: 2 | G130: 2 | H130: 0 | I130: 0 | J130: 3 | K130: 0 | L130: 1 | M130: =SUM(E130:L130) -> 9
B131: 2 | C131: 2. Prof. Dr. H. EGGI SUDJANA, S.H., M.Si. | E131: 0 | F131: 1 | G131: 1 | H131: 3 | I131: 0 | J131: 2 | K131: 0 | L131: 0 | M131: =SUM(E131:L131) -> 7
B132: 3 | C132: 3. NURUL KHOTIMAH | E132: 0 | F132: 0 | G132: 0 | H132: 0 | I132: 0 | J132: 0 | K132: 0 | L132: 0 | M132: =SUM(E132:L132) -> 0
B133: 4 | C133: 4. AKHMAD SUYANTO, S.T., M.T. | E133: 0 | F133: 0 | G133: 0 | H133: 0 | I133: 0 | J133: 0 | K133: 0 | L133: 1 | M133: =SUM(E133:L133) -> 1
B134: 5 | C134: 5. PUJIYATNI | E134: 0 | F134: 0 | G134: 0 | H134: 0 | I134: 0 | J134: 0 | K134: 0 | L134: 0 | M134: =SUM(E134:L134) -> 0
B135: 6 | C135: 6. HENI PURWATININGSIH | E135: 0 | F135: 0 | G135: 0 | H135: 0 | I135: 0 | J135: 0 | K135: 0 | L135: 0 | M135: =SUM(E135:L135) -> 0
B136: 7 | C136: 7. MUHADI | E136: 0 | F136: 0 | G136: 0 | H136: 0 | I136: 0 | J136: 0 | K136: 0 | L136: 0 | M136: =SUM(E136:L136) -> 0
...

Sheet KARANGREJO
C2: Kecamatan | D2: BLIMBINGSARI
C3: Kabupaten | D3: BANYUWANGI
C4: Provinsi | D4: JAWA TIMUR
C9: Kelurahan | D9: KARANGREJO
A12: I | B12: DATA PEMILIH DAN PENGGUNAAN HAK PILIH | P12: JUMLAH AKHIR
A13: A | B13: DATA PEMILIH | E13: TPS 001 | F13: TPS 002 | G13: TPS 003 | H13: TPS 004 | I13: TPS 005 | J13: TPS 006 | K13: TPS 007 | L13: TPS 008 | M13: TPS 009 | N13: TPS 010 | O13: TPS 011
B14: Jumlah Pemilih dalam Daftar Pemilih Tetap (DPT) | D14: LK | E14: 116 | F14: 118 | G14: 141 | H14: 136 | I14: 143 | J14: 130 | K14: 131 | L14: 127 | M14: 127 | N14: 121 | O14: 116 | P14: =SUM(E14:O14) -> 1406
D15: PR | E15: 112 | F15: 113 | G15: 122 | H15: 150 | I15: 134 | J15: 139 | K15: 128 | L15: 133 | M15: 124 | N15: 131 | O15: 126 | P15: =SUM(E15:O15) -> 1412
D16: JML | E16: =SUM(E14:E15) -> 228 | F16: =SUM(F14:F15) -> 231 | G16: =SUM(G14:G15) -> 263 | H16: =SUM(H14:H15) -> 286 | I16: =SUM(I14:I15) -> 277 | J16: =SUM(J14:J15) -> 269 | K16: =SUM(K14:K15) -> 259 | L16: =SUM(L14:L15) -> 260 | ... O16: =SUM(O14:O15) -> 242 | P16: =SUM(E16:O16) -> 2818
A18: B | B18: PENGGUNA HAK PILIH
B19: 1. | C19: Jumlah pengguna hak pilih dalam Daftar Pemilih Tetap (DPT) | D19: LK | E19: 79 | F19: 73 | G19: 108 | H19: 104 | I19: 113 | J19: 99 | K19: 100 | L19: 103 | M19: 85 | N19: 79 | O19: 81 | P19: =SUM(E19:O19) -> 1024
D20: PR | E20: 85 | F20: 88 | G20: 105 | H20: 120 | I20: 114 | J20: 112 | K20: 101 | L20: 116 | M20: 101 | N20: 94 | O20: 97 | P20: =SUM(E20:O20) -> 1133
D21: JML | E21: =SUM(E19:E20) -> 164 | F21: =SUM(F19:F20) -> 161 | G21: =SUM(G19:G20) -> 213 | H21: =SUM(H19:H20) -> 224 | I21: =SUM(I19:I20) -> 227 | J21: =SUM(J19:J20) -> 211 | K21: =SUM(K19:K20) -> 201 | L21: =SUM(L19:L20) -> 219 | ... O21: =SUM(O19:O20) -> 178 | P21: =SUM(E21:O21) -> 2157
B22: 2. | C22: Jumlah pengguna hak pilih dalam Daftar Pemilih Tambahan (DPTb) | D22: LK | E22: 0 | F22: 2 | G22: 0 | H22: 2 | I22: 0 | J22: 0 | K22: 0 | L22: 0 | M22: 1 | N22: 0 | O22: 0 | P22: =SUM(E22:O22) -> 5
D23: PR | E23: 0 | F23: 0 | G23: 1 | H23: 1 | I23: 0 | J23: 0 | K23: 0 | L23: 0 | M23: 0 | N23: 0 | O23: 1 | P23: =SUM(E23:O23) -> 3
D24: JML | E24: =SUM(E22:E23) -> 0 | F24: 2 | G24: =SUM(G22:G23) -> 1 | H24: =SUM(H22:H23) -> 3 | I24: =SUM(I22:I23) -> 0 | J24: =SUM(J22:J23) -> 0 | K24: =SUM(K22:K23) -> 0 | L24: =SUM(L22:L23) -> 0 | M24: =SUM(M22:M23) -> 1 | N24: =SUM(N22:N23) -> 0 | O24: =SUM(O22:O23) -> 1 | P24: =SUM(E24:O24) -> 8
B25: 3. | C25: Jumlah pengguna hak pilih dalam Daftar Pemilih Khusus (DPK) | D25: LK | E25: 0 | F25: 0 | G25: 0 | H25: 1 | I25: 0 | J25: 0 | K25: 1 | L25: 1 | M25: 0 | N25: 0 | O25: 0 | P25: =SUM(E25:O25) -> 3
D26: PR | E26: 0 | F26: 0 | G26: 1 | H26: 1 | I26: 0 | J26: 0 | K26: 1 | L26: 2 | M26: 0 | N26: 1 | O26: 1 | P26: =SUM(E26:O26) -> 7
D27: JML | E27: =SUM(E25:E26) -> 0 | F27: =SUM(F25:F26) -> 0 | G27: =SUM(G25:G26) -> 1 | H27: =SUM(H25:H26) -> 2 | I27: =SUM(I25:I26) -> 0 | J27: =SUM(J25:J26) -> 0 | K27: =SUM(K25:K26) -> 2 | L27: =SUM(L25:L26) -> 3 | ... O27: =SUM(O25:O26) -> 1 | P27: =SUM(E27:O27) -> 10
B28: 4. | C28: Jumlah Pengguna Hak Pilih (B.1+B.2+B.3) | D28: LK | E28: =SUM(E19,E22,E25) -> 79 | F28: =SUM(F19,F22,F25) -> 75 | G28: =SUM(G19,G22,G25) -> 108 | H28: =SUM(H19,H22,H25) -> 107 | I28: =SUM(I19,I22,I25) -> 113 | J28: =SUM(J19,J22,J25) -> 99 | K28: =SUM(K19,K22,K25) -> 101 | L28: =SUM(L19,L22,L25) -> 104 | ... O28: =SUM(O19,O22,O25) -> 81 | P28: =SUM(E28:O28) -> 1032
D29: PR | E29: =SUM(E20,E23,E26) -> 85 | F29: =SUM(F20,F23,F26) -> 88 | G29: =SUM(G20,G23,G26) -> 107 | H29: =SUM(H20,H23,H26) -> 122 | I29: =SUM(I20,I23,I26) -> 114 | J29: =SUM(J20,J23,J26) -> 112 | K29: =SUM(K20,K23,K26) -> 102 | L29: =SUM(L20,L23,L26) -> 118 | ... O29: =SUM(O20,O23,O26) -> 99 | P29: =SUM(E29:O29) -> 1143
D30: JML | E30: =SUM(E28:E29) -> 164 | F30: =SUM(F28:F29) -> 163 | G30: =SUM(G28:G29) -> 215 | H30: =SUM(H28:H29) -> 229 | I30: =SUM(I28:I29) -> 227 | J30: =SUM(J28:J29) -> 211 | K30: =SUM(K28:K29) -> 203 | L30: =SUM(L28:L29) -> 222 | ... O30: =SUM(O28:O29) -> 180 | P30: =SUM(E30:O30) -> 2175
A32: II | B32: DATA PENGGUNAAN SURAT SUARA
A33: 1 | B33: Jumlah surat suara yang diterima, termasuk surat suara cadangan 2,5% dari DPT | E33: 233 | F33: 237 | G33: 269 | H33: 292 | I33: 283 | J33: 275 | K33: 265 | L33: 266 | M33: 257 | N33: 258 | O33: 247 | P33: =SUM(E33:O33) -> 2882
A34: 2 | B34: Jumlah surat suara yang digunakan | E34: 164 | F34: 163 | G34: 215 | H34: 229 | I34: 227 | J34: 211 | K34: 203 | L34: 222 | M34: 187 | N34: 174 | O34: 180 | P34: =SUM(E34:O34) -> 2175
A35: 3 | B35: Jumlah surat suara dikembalikan oleh pemilih (karena rusak atau keliru coblos) | E35: 6 | F35: 1 | G35: 0 | H35: 5 | I35: 0 | J35: 19 | K35: 0 | L35: 0 | M35: 2 | N35: 2 | O35: 1 | P35: =SUM(E35:O35) -> 36
A36: 4 | B36: Jumlah surat suara yang tidak digunakan/tidak terpakai, termasuk sisa surat suara cadangan | E36: =E33-(E34+E35) -> 63 | F36: =F33-(F34+F35) -> 73 | G36: =G33-(G34+G35) -> 54 | H36: =H33-(H34+H35) -> 58 | I36: =I33-(I34+I35) -> 56 | J36: =J33-(J34+J35) -> 45 | K36: =K33-(K34+K35) -> 62 | L36: =L33-(L34+L35) -> 44 | ... O36: =O33-(O34+O35) -> 66 | P36: =SUM(E36:O36) -> 671
A38: III | B38: DATA PEMILIH DISABILITAS
B39: Jumlah seluruh Pemilih disabilitas yang menggunakan hak pilih | D39: LK | E39: 0 | F39: 1 | G39: 1 | H39: 3 | I39: 0 | J39: 0 | K39: 1 | L39: 1 | M39: 0 | N39: 0 | O39: 0 | P39: =SUM(E39:O39) -> 7
D40: PR | E40: 1 | F40: 1 | G40: 0 | H40: 1 | I40: 0 | J40: 0 | K40: 1 | L40: 1 | M40: 0 | N40: 0 | O40: 0 | P40: =SUM(E40:O40) -> 5
D41: JML | E41: =SUM(E39:E40) -> 1 | F41: =SUM(F39:F40) -> 2 | G41: =SUM(G39:G40) -> 1 | H41: =SUM(H39:H40) -> 4 | I41: =SUM(I39:I40) -> 0 | J41: =SUM(J39:J40) -> 0 | K41: =SUM(K39:K40) -> 2 | L41: =SUM(L39:L40) -> 2 | ... O41: =SUM(O39:O40) -> 0 | P41: =SUM(E41:O41) -> 12
A43: IV | B43: DATA RINCIAN PEROLEHAN SUARA PASANGAN CALON BUPATI DAN WAKIL BUPATI
A44: NOMOR DAN NAMA CALON
A45: A.1 | B45: 1. | C45: Partai Kebangkitan Bangsa | E45: 7 | F45: 10 | G45: 10 | H45: 8 | I45: 6 | J45: 5 | K45: 4 | L45: 15 | M45: 3 | N45: 2 | O45: 1 | P45: =SUM(E45:O45) -> 71
A46: A.2 | B46: 1 | C46: 1. Dr. Hj. NIHAYATUL WAFIROH, M.A. | E46: 51 | F46: 40 | G46: 30 | H46: 8 | I46: 17 | J46: 3 | K46: 13 | L46: 36 | M46: 4 | N46: 4 | O46: 3 | P46: =SUM(E46:O46) -> 209
B47: 2 | C47: 2. H. M. NASIM KHAN | E47: 0 | F47: 7 | G47: 1 | H47: 2 | I47: 1 | J47: 0 | K47: 1 | L47: 1 | M47: 0 | N47: 0 | O47: 0 | P47: =SUM(E47:O47) -> 13
B48: 3 | C48: 3. Dr. H. AKIK ZAMAN, M.Pd.I. | E48: 1 | F48: 0 | G48: 0 | H48: 1 | I48: 1 | J48: 0 | K48: 0 | L48: 2 | M48: 1 | N48: 0 | O48: 0 | P48: =SUM(E48:O48) -> 6
B49: 4 | C49: 4. AHMAD RIFA'I, S.H. | E49: 0 | F49: 0 | G49: 0 | H49: 0 | I49: 0 | J49: 0 | K49: 0 | L49: 1 | M49: 2 | N49: 0 | O49: 1 | P49: =SUM(E49:O49) -> 4
B50: 5 | C50: 5. Drs. H. MAHFUD M.N. | E50: 0 | F50: 0 | G50: 0 | H50: 0 | I50: 0 | J50: 0 | K50: 0 | L50: 0 | M50: 1 | N50: 0 | O50: 0 | P50: =SUM(E50:O50) -> 1
B51: 6 | C51: 6. NURHAYATI, S.Pd. | E51: 0 | F51: 1 | G51: 0 | H51: 0 | I51: 0 | J51: 0 | K51: 0 | L51: 1 | M51: 1 | N51: 0 | O51: 0 | P51: =SUM(E51:O51) -> 3
B52: 7 | C52: 7. MAFTUHA KISWAH | E52: 0 | F52: 0 | G52: 0 | H52: 0 | I52: 0 | J52: 0 | K52: 0 | L52: 0 | M52: 0 | N52: 0 | O52: 0 | P52: =SUM(E52:O52) -> 0
A55: B | B55: JUMLAH SUARA SAH PARTAI POLITIK DAN CALON (A1 + A2) | E55: =SUM(E45:E52) -> 59 | F55: =SUM(F45:F52) -> 58 | G55: =SUM(G45:G52) -> 41 | H55: =SUM(H45:H52) -> 19 | I55: =SUM(I45:I52) -> 25 | J55: =SUM(J45:J52) -> 8 | K55: =SUM(K45:K52) -> 18 | L55: =SUM(L45:L52) -> 56 | ... O55: =SUM(O45:O52) -> 5 | P55: =SUM(E55:O55) -> 307
A57: A.1 | B57: 2. | C57: Partai Gerakan Indonesia Raya | E57: 4 | F57: 2 | G57: 6 | H57: 5 | I57: 4 | J57: 11 | K57: 14 | L57: 7 | M57: 9 | N57: 17 | O57: 15 | P57: =SUM(E57:O57) -> 94
A58: A.2 | B58: 1 | C58: 1. SUMAIL ABDULLAH | E58: 3 | F58: 6 | G58: 6 | H58: 7 | I58: 10 | J58: 9 | K58: 10 | L58: 19 | M58: 19 | N58: 30 | O58: 25 | P58: =SUM(E58:O58) -> 144
B59: 2 | C59: 2. MUHAMMAD ALI ADRIAN SALEH | E59: 0 | F59: 2 | G59: 3 | H59: 3 | I59: 0 | J59: 3 | K59: 3 | L59: 2 | M59: 2 | N59: 1 | O59: 6 | P59: =SUM(E59:O59) -> 25
B60: 3 | C60: 3. DURROTUN NAFISAH | E60: 0 | F60: 0 | G60: 0 | H60: 1 | I60: 0 | J60: 0 | K60: 2 | L60: 2 | M60: 2 | N60: 0 | O60: 0 | P60: =SUM(E60:O60) -> 7
B61: 4 | C61: 4. H. EKO SUSILO NURHIDAYAT | E61: 1 | F61: 0 | G61: 0 | H61: 1 | I61: 1 | J61: 1 | K61: 2 | L61: 0 | M61: 3 | N61: 0 | O61: 0 | P61: =SUM(E61:O61) -> 9
B62: 5 | C62: 5. KARNADI HARIJANTO, S.S. | E62: 0 | F62: 0 | G62: 0 | H62: 0 | I62: 0 | J62: 0 | K62: 0 | L62: 1 | M62: 0 | N62: 0 | O62: 0 | P62: =SUM(E62:O62) -> 1
B63: 6 | C63: 6. NURHAYATI | E63: 0 | F63: 0 | G63: 1 | H63: 1 | I63: 1 | J63: 1 | K63: 1 | L63: 1 | M63: 0 | N63: 1 | O63: 1 | P63: =SUM(E63:O63) -> 8
B64: 7 | C64: 7. MASHUDI | E64: 0 | F64: 0 | G64: 0 | H64: 0 | I64: 0 | J64: 0 | K64: 0 | L64: 0 | M64: 0 | N64: 0 | O64: 0 | P64: =SUM(E64:O64) -> 0
A67: B | B67: JUMLAH SUARA SAH PARTAI POLITIK DAN CALON (A1 + A2) | E67: =SUM(E57:E64) -> 8 | F67: =SUM(F57:F64) -> 10 | G67: =SUM(G57:G64) -> 16 | H67: =SUM(H57:H64) -> 18 | I67: =SUM(I57:I64) -> 16 | J67: =SUM(J57:J64) -> 25 | K67: =SUM(K57:K64) -> 32 | L67: =SUM(L57:L64) -> 32 | ... O67: =SUM(O57:O64) -> 47 | P67: =SUM(E67:O67) -> 288
A69: A.1 | B69: 3. | C69: Partai Demokrasi Indonesia Perjuangan | P69: =SUM(E69:O69) -> 0
A70: A.2 | B70: 1 | C70: 1. SONNY TRI DANAPARAMITA, S.H., M.H. | P70: =SUM(E70:O70) -> 0
B71: 2 | C71: 2. H. MOHAMAD GUNTUR ROMLI | P71: =SUM(E71:O71) -> 0
B72: 3 | C72: 3. INA AMMANIA | P72: =SUM(E72:O72) -> 0
B73: 4 | C73: 4. IRWAN BACHTIAR RACHMAT, M.Si. | P73: =SUM(E73:O73) -> 0
B74: 5 | C74: 5. LUCKY PERDANA | P74: =SUM(E74:O74) -> 0
B75: 6 | C75: 6. WIWIK PUJIYATI | P75: =SUM(E75:O75) -> 0
B76: 7 | C76: 7. CHANDRA ASTAN, S.T. | P76: =SUM(E76:O76) -> 0
A79: B | B79: JUMLAH SUARA SAH PARTAI POLITIK DAN CALON (A1 + A2) | E79: =SUM(E69:E76) -> 0 | F79: =SUM(F69:F76) -> 0 | G79: =SUM(G69:G76) -> 0 | H79: =SUM(H69:H76) -> 0 | I79: =SUM(I69:I76) -> 0 | J79: =SUM(J69:J76) -> 0 | K79: =SUM(K69:K76) -> 0 | L79: =SUM(L69:L76) -> 0 | ... O79: =SUM(O69:O76) -> 0 | P79: =SUM(E79:O79) -> 0
A81: A.1 | B81: 4. | C81: Partai Golongan Karya | E81: 2 | F81: 6 | G81: 4 | H81: 10 | I81: 3 | J81: 10 | K81: 3 | L81: 5 | M81: 6 | N81: 6 | O81: 3 | P81: =SUM(E81:O81) -> 58
A82: A.2 | B82: 1 | C82: 1. ZULFIKAR ARSE SADIKIN, S.I.P., M.Si. | E82: 1 | F82: 6 | G82: 35 | H82: 36 | I82: 26 | J82: 33 | K82: 12 | L82: 0 | M82: 15 | N82: 9 | O82: 22 | P82: =SUM(E82:O82) -> 195
B83: 2 | C83: 2. HANDOKO | E83: 21 | F83: 14 | G83: 5 | H83: 11 | I83: 19 | J83: 29 | K83: 9 | L83: 21 | M83: 4 | N83: 5 | O83: 4 | P83: =SUM(E83:O83) -> 142
B84: 3 | C84: 3. Hj. OVI DEWI YANTI | E84: 2 | F84: 1 | G84: 1 | H84: 0 | I84: 0 | J84: 2 | K84: 0 | L84: 0 | M84: 0 | N84: 2 | O84: 0 | P84: =SUM(E84:O84) -> 8
B85: 4 | C85: 4. Ir. AZAM AZMAN NATAWIJANA | E85: 0 | F85: 0 | G85: 0 | H85: 0 | I85: 0 | J85: 1 | K85: 1 | L85: 0 | M85: 0 | N85: 0 | O85: 0 | P85: =SUM(E85:O85) -> 2
B86: 5 | C86: 5. UBAIDILLAH AMIN, S.Kom. | E86: 0 | F86: 0 | G86: 2 | H86: 6 | I86: 0 | J86: 3 | K86: 0 | L86: 2 | M86: 2 | N86: 4 | O86: 0 | P86: =SUM(E86:O86) -> 19
B87: 6 | C87: 6. DENNY YUNIANDARI, S.H., M.Kn. | E87: 0 | F87: 0 | G87: 0 | H87: 0 | I87: 4 | J87: 1 | K87: 0 | L87: 2 | M87: 0 | N87: 1 | O87: 0 | P87: =SUM(E87:O87) -> 8
B88: 7 | C88: 7. ERNADI, S.H.I. | E88: 1 | F88: 2 | G88: 0 | H88: 0 | I88: 0 | J88: 0 | K88: 0 | L88: 1 | M88: 0 | N88: 0 | O88: 0 | P88: =SUM(E88:O88) -> 4
A91: B | B91: JUMLAH SUARA SAH PARTAI POLITIK DAN CALON (A1 + A2) | E91: =SUM(E81:E88) -> 27 | F91: =SUM(F81:F88) -> 29 | G91: =SUM(G81:G88) -> 47 | H91: =SUM(H81:H88) -> 63 | I91: =SUM(I81:I88) -> 52 | J91: =SUM(J81:J88) -> 79 | K91: =SUM(K81:K88) -> 25 | L91: =SUM(L81:L88) -> 31 | ... O91: =SUM(O81:O88) -> 29 | P91: =SUM(E91:O91) -> 436
A93: A.1 | B93: 5. | C93: Partai NasDem | E93: 3 | F93: 0 | G93: 0 | H93: 2 | I93: 2 | J93: 0 | K93: 0 | L93: 0 | M93: 4 | N93: 2 | O93: 2 | P93: =SUM(E93:O93) -> 15
A94: A.2 | B94: 1 | C94: 1. ACH. FADIL MUZAKKI SYAH | E94: 1 | F94: 0 | G94: 4 | H94: 0 | I94: 0 | J94: 1 | K94: 1 | L94: 1 | M94: 1 | N94: 0 | O94: 0 | P94: =SUM(E94:O94) -> 9
B95: 2 | C95: 2. BENY | E95: 1 | F95: 0 | G95: 0 | H95: 0 | I95: 0 | J95: 1 | K95: 1 | L95: 0 | M95: 2 | N95: 3 | O95: 4 | P95: =SUM(E95:O95) -> 12
B96: 3 | C96: 3. VINA VERONIKA | E96: 0 | F96: 0 | G96: 0 | H96: 1 | I96: 0 | J96: 1 | K96: 0 | L96: 0 | M96: 1 | N96: 1 | O96: 0 | P96: =SUM(E96:O96) -> 4
B97: 4 | C97: 4. TEDDY ANUGRIANTO | E97: 0 | F97: 0 | G97: 2 | H97: 0 | I97: 0 | J97: 1 | K97: 1 | L97: 0 | M97: 1 | N97: 1 | O97: 3 | P97: =SUM(E97:O97) -> 9
B98: 5 | C98: 5. INSAN KAMIL | E98: 0 | F98: 0 | G98: 0 | H98: 0 | I98: 3 | J98: 0 | K98: 0 | L98: 0 | M98: 0 | N98: 1 | O98: 0 | P98: =SUM(E98:O98) -> 4
B99: 6 | C99: 6. LILIK LINDARWATI | E99: 0 | F99: 0 | G99: 0 | H99: 0 | I99: 0 | J99: 0 | K99: 0 | L99: 0 | M99: 0 | N99: 0 | O99: 0 | P99: =SUM(E99:O99) -> 0
B100: 7 | C100: 7. YULI ANITA | E100: 0 | F100: 0 | G100: 0 | H100: 0 | I100: 0 | J100: 0 | K100: 0 | L100: 0 | M100: 0 | N100: 0 | O100: 0 | P100: =SUM(E100:O100) -> 0
A103: B | B103: JUMLAH SUARA SAH PARTAI POLITIK DAN CALON (A1 + A2) | E103: =SUM(E93:E100) -> 5 | F103: =SUM(F93:F100) -> 0 | G103: =SUM(G93:G100) -> 6 | H103: =SUM(H93:H100) -> 3 | I103: =SUM(I93:I100) -> 5 | J103: =SUM(J93:J100) -> 4 | K103: =SUM(K93:K100) -> 3 | L103: =SUM(L93:L100) -> 1 | ... O103: =SUM(O93:O100) -> 9 | P103: =SUM(E103:O103) -> 53
A105: A.1 | B105: 6. | C105: Partai Buruh | E105: 0 | F105: 2 | G105: 0 | H105: 2 | I105: 0 | J105: 3 | K105: 1 | L105: 4 | M105: 1 | N105: 0 | O105: 2 | P105: =SUM(E105:O105) -> 15
A106: A.2 | B106: 1 | C106: 1. KHOIRUL ANAM | E106: 0 | F106: 1 | G106: 0 | H106: 0 | I106: 0 | J106: 0 | K106: 0 | L106: 0 | M106: 0 | N106: 0 | O106: 0 | P106: =SUM(E106:O106) -> 1
B107: 2 | C107: 2. INA KURNIA | E107: 0 | F107: 0 | G107: 0 | H107: 0 | I107: 0 | J107: 0 | K107: 0 | L107: 0 | M107: 0 | N107: 0 | O107: 0 | P107: =SUM(E107:O107) -> 0
B108: 3 | C108: 3. JIBRAL TAROUK | E108: 0 | F108: 0 | G108: 0 | H108: 0 | I108: 0 | J108: 0 | K108: 0 | L108: 0 | M108: 0 | N108: 0 | O108: 0 | P108: =SUM(E108:O108) -> 0
B109: 4 | C109: 4. ASTUTI DAENG PUJI | E109: 0 | F109: 0 | G109: 0 | H109: 0 | I109: 0 | J109: 0 | K109: 0 | L109: 0 | M109: 0 | N109: 0 | O109: 0 | P109: =SUM(E109:O109) -> 0
B110: 5 | C110: 5. ASDARMAWAN | E110: 0 | F110: 0 | G110: 0 | H110: 0 | I110: 0 | J110: 0 | K110: 0 | L110: 0 | M110: 0 | N110: 0 | O110: 0 | P110: =SUM(E110:O110) -> 0
B111: 6 | C111: 6. RIFQI MUBAROK | E111: 2 | F111: 0 | G111: 0 | H111: 0 | I111: 0 | J111: 0 | K111: 0 | L111: 1 | M111: 0 | N111: 0 | O111: 0 | P111: =SUM(E111:O111) -> 3
B112: 7 | C112: 7. FIRNANDA ALTA MEGA | E112: 0 | F112: 0 | G112: 0 | H112: 0 | I112: 0 | J112: 0 | K112: 0 | L112: 0 | M112: 0 | N112: 0 | O112: 0 | P112: =SUM(E112:O112) -> 0
A115: B | B115: JUMLAH SUARA SAH PARTAI POLITIK DAN CALON (A1 + A2) | E115: =SUM(E105:E112) -> 2 | F115: =SUM(F105:F112) -> 3 | G115: =SUM(G105:G112) -> 0 | H115: =SUM(H105:H112) -> 2 | I115: =SUM(I105:I112) -> 0 | J115: =SUM(J105:J112) -> 3 | K115: =SUM(K105:K112) -> 1 | L115: =SUM(L105:L112) -> 5 | ... O115: =SUM(O105:O112) -> 2 | P115: =SUM(E115:O115) -> 19
A117: A.1 | B117: 7. | C117: Partai Gelombang Rakyat Indonesia | E117: 0 | F117: 1 | G117: 2 | H117: 1 | I117: 1 | J117: 0 | K117: 0 | L117: 1 | M117: 2 | N117: 0 | O117: 0 | P117: =SUM(E117:O117) -> 8
A118: A.2 | B118: 1 | C118: 1. TITI WIDORETNO WARISMAN | E118: 0 | F118: 0 | G118: 0 | H118: 0 | I118: 1 | J118: 0 | K118: 0 | L118: 0 | M118: 0 | N118: 0 | O118: 1 | P118: =SUM(E118:O118) -> 2
B119: 2 | C119: 2. MAMIEK SETYANINGSIH | E119: 0 | F119: 0 | G119: 1 | H119: 0 | I119: 0 | J119: 0 | K119: 0 | L119: 0 | M119: 0 | N119: 0 | O119: 0 | P119: =SUM(E119:O119) -> 1
B120: 3 | C120: 3. ROMIL AZIZEN | E120: 0 | F120: 0 | G120: 0 | H120: 0 | I120: 0 | J120: 0 | K120: 0 | L120: 0 | M120: 0 | N120: 0 | O120: 0 | P120: =SUM(E120:O120) -> 0
A127: B | B127: JUMLAH SUARA SAH PARTAI POLITIK DAN CALON (A1 + A2) | E127: =SUM(E117:E120) -> 0 | F127: =SUM(F117:F120) -> 1 | G127: =SUM(G117:G120) -> 3 | H127: =SUM(H117:H120) -> 1 | I127: =SUM(I117:I120) -> 2 | J127: =SUM(J117:J120) -> 0 | K127: =SUM(K117:K120) -> 0 | L127: =SUM(L117:L120) -> 1 | ... O127: =SUM(O117:O120) -> 1 | P127: =SUM(E127:O127) -> 11
A129: A.1 | B129: 8. | C129: Partai Keadilan Sejahtera | E129: 0 | F129: 0 | G129: 3 | H129: 0 | I129: 0 | J129: 0 | K129: 0 | L129: 0 | M129: 0 | N129: 0 | O129: 0 | P129: =SUM(E129:O129) -> 3
A130: A.2 | B130: 1 | C130: 1. H. SAIMI SALEH, S.E., M.M. | E130: 0 | F130: 1 | G130: 2 | H130: 3 | I130: 1 | J130: 0 | K130: 0 | L130: 0 | M130: 0 | N130: 3 | O130: 4 | P130: =SUM(E130:O130) -> 14
B131: 2 | C131: 2. Prof. Dr. H. EGGI SUDJANA, S.H., M.Si. | E131: 0 | F131: 0 | G131: 0 | H131: 0 | I131: 0 | J131: 0 | K131: 0 | L131: 0 | M131: 0 | N131: 0 | O131: 0 | P131: =SUM(E131:O131) -> 0
B132: 3 | C132: 3. NURUL KHOTIMAH | E132: 0 | F132: 0 | G132: 0 | H132: 0 | I132: 0 | J132: 0 | K132: 0 | L132: 0 | M132: 0 | N132: 0 | O132: 0 | P132: =SUM(E132:O132) -> 0
B133: 4 | C133: 4. AKHMAD SUYANTO, S.T., M.T. | E133: 0 | F133: 0 | G133: 0 | H133: 0 | I133: 0 | J133: 0 | K133: 0 | L133: 0 | M133: 0 | N133: 0 | O133: 0 | P133: =SUM(E133:O133) -> 0
B134: 5 | C134: 5. PUJIYATNI | E134: 0 | F134: 0 | G134: 0 | H134: 0 | I134: 0 | J134: 0 | K134: 0 | L134: 0 | M134: 0 | N134: 0 | O134: 0 | P134: =SUM(E134:O134) -> 0
B135: 6 | C135: 6. HENI PURWATININGSIH | E135: 0 | F135: 0 | G135: 0 | H135: 0 | I135: 0 | J135: 0 | K135: 0 | L135: 0 | M135: 0 | N135: 0 | O135: 0 | P135: =SUM(E135:O135) -> 0
B136: 7 | C136: 7. MUHADI | E136: 0 | F136: 0 | G136: 0 | H136: 0 | I136: 0 | J136: 0 | K136: 0 | L136: 0 | M136: 0 | N136: 0 | O136: 0 | P136: =SUM(E136:O136) -> 0
...

Sheet PATOMAN
C2: Kecamatan | D2: BLIMBINGSARI
C3: Kabupaten | D3: BANYUWANGI
C4: Provinsi | D4: JAWA TIMUR
C9: Kelurahan | D9: PATOMAN
A12: I | B12: DATA PEMILIH DAN PENGGUNAAN HAK PILIH | T12: JUMLAH AKHIR
A13: A | B13: DATA PEMILIH | E13: TPS 001 | F13: TPS 002 | G13: TPS 003 | H13: TPS 004 | I13: TPS 005 | J13: TPS 006 | K13: TPS 007 | L13: TPS 008 | M13: TPS 009 | N13: TPS 010 | O13: TPS 011 | P13: TPS 012 | Q13: TPS 013 | R13: TPS 014 | S13: TPS 015
B14: Jumlah Pemilih dalam Daftar Pemilih Tetap (DPT) | D14: LK | E14: 128 | F14: 137 | G14: 126 | H14: 121 | I14: 118 | J14: 134 | K14: 114 | L14: 126 | M14: 150 | N14: 147 | O14: 145 | P14: 123 | Q14: 137 | R14: 138 | S14: 144 | T14: =SUM(E14:S14) -> 1988
D15: PR | E15: 161 | F15: 147 | G15: 125 | H15: 118 | I15: 123 | J15: 133 | K15: 137 | L15: 132 | M15: 138 | N15: 147 | O15: 136 | P15: 125 | Q15: 147 | R15: 146 | S15: 147 | T15: =SUM(E15:S15) -> 2062
D16: JML | E16: =SUM(E14:E15) -> 289 | F16: =SUM(F14:F15) -> 284 | G16: =SUM(G14:G15) -> 251 | H16: =SUM(H14:H15) -> 239 | I16: =SUM(I14:I15) -> 241 | J16: =SUM(J14:J15) -> 267 | K16: =SUM(K14:K15) -> 251 | L16: =SUM(L14:L15) -> 258 | ... S16: =SUM(S14:S15) -> 291 | T16: =SUM(E16:S16) -> 4050
A18: B | B18: PENGGUNA HAK PILIH
B19: 1. | C19: Jumlah pengguna hak pilih dalam Daftar Pemilih Tetap (DPT) | D19: LK | E19: 109 | F19: 111 | G19: 98 | H19: 109 | I19: 97 | J19: 95 | K19: 91 | L19: 94 | M19: 120 | N19: 111 | O19: 112 | P19: 92 | Q19: 107 | R19: 106 | S19: 107 | T19: =SUM(E19:S19) -> 1559
D20: PR | E20: 146 | F20: 120 | G20: 101 | H20: 104 | I20: 107 | J20: 110 | K20: 109 | L20: 105 | M20: 116 | N20: 118 | O20: 113 | P20: 98 | Q20: 121 | R20: 116 | S20: 109 | T20: =SUM(E20:S20) -> 1693
D21: JML | E21: =SUM(E19:E20) -> 255 | F21: =SUM(F19:F20) -> 231 | G21: =SUM(G19:G20) -> 199 | H21: =SUM(H19:H20) -> 213 | I21: =SUM(I19:I20) -> 204 | J21: =SUM(J19:J20) -> 205 | K21: =SUM(K19:K20) -> 200 | L21: =SUM(L19:L20) -> 199 | ... S21: =SUM(S19:S20) -> 216 | T21: =SUM(E21:S21) -> 3252
B22: 2. | C22: Jumlah pengguna hak pilih dalam Daftar Pemilih Tambahan (DPTb) | D22: LK | E22: 0 | F22: 0 | G22: 0 | H22: 0 | I22: 0 | J22: 0 | K22: 0 | L22: 0 | M22: 0 | N22: 0 | O22: 0 | P22: 0 | Q22: 0 | R22: 0 | S22: 0 | T22: =SUM(E22:S22) -> 0
D23: PR | E23: 0 | F23: 0 | G23: 0 | H23: 1 | I23: 0 | J23: 0 | K23: 0 | L23: 0 | M23: 0 | N23: 0 | O23: 0 | P23: 0 | Q23: 0 | R23: 0 | S23: 0 | T23: =SUM(E23:S23) -> 1
D24: JML | E24: 0 | F24: =SUM(F22:F23) -> 0 | G24: =SUM(G22:G23) -> 0 | H24: =SUM(H22:H23) -> 1 | I24: =SUM(I22:I23) -> 0 | J24: =SUM(J22:J23) -> 0 | K24: =SUM(K22:K23) -> 0 | L24: =SUM(L22:L23) -> 0 | M24: =SUM(M22:M23) -> 0 | ... S24: =SUM(S22:S23) -> 0 | T24: =SUM(E24:S24) -> 1
B25: 3. | C25: Jumlah pengguna hak pilih dalam Daftar Pemilih Khusus (DPK) | D25: LK | E25: 0 | F25: 2 | G25: 1 | H25: 0 | I25: 0 | J25: 0 | K25: 0 | L25: 0 | M25: 1 | N25: 1 | O25: 0 | P25: 0 | Q25: 1 | R25: 0 | S25: 0 | T25: =SUM(E25:S25) -> 6
D26: PR | E26: 0 | F26: 4 | G26: 1 | H26: 0 | I26: 0 | J26: 1 | K26: 0 | L26: 0 | M26: 1 | N26: 2 | O26: 0 | P26: 0 | Q26: 2 | R26: 0 | S26: 0 | T26: =SUM(E26:S26) -> 11
D27: JML | E27: =SUM(E25:E26) -> 0 | F27: =SUM(F25:F26) -> 6 | G27: =SUM(G25:G26) -> 2 | H27: =SUM(H25:H26) -> 0 | I27: =SUM(I25:I26) -> 0 | J27: =SUM(J25:J26) -> 1 | K27: =SUM(K25:K26) -> 0 | L27: =SUM(L25:L26) -> 0 | ... S27: =SUM(S25:S26) -> 0 | T27: =SUM(E27:S27) -> 17
B28: 4. | C28: Jumlah Pengguna Hak Pilih (B.1+B.2+B.3) | D28: LK | E28: =SUM(E19,E22,E25) -> 109 | F28: =SUM(F19,F22,F25) -> 113 | G28: =SUM(G19,G22,G25) -> 99 | H28: =SUM(H19,H22,H25) -> 109 | I28: =SUM(I19,I22,I25) -> 97 | J28: =SUM(J19,J22,J25) -> 95 | K28: =SUM(K19,K22,K25) -> 91 | L28: =SUM(L19,L22,L25) -> 94 | ... S28: =SUM(S19,S22,S25) -> 107 | T28: =SUM(E28:S28) -> 1565
D29: PR | E29: =SUM(E20,E23,E26) -> 146 | F29: =SUM(F20,F23,F26) -> 124 | G29: =SUM(G20,G23,G26) -> 102 | H29: =SUM(H20,H23,H26) -> 105 | I29: =SUM(I20,I23,I26) -> 107 | J29: =SUM(J20,J23,J26) -> 111 | K29: =SUM(K20,K23,K26) -> 109 | L29: =SUM(L20,L23,L26) -> 105 | ... S29: =SUM(S20,S23,S26) -> 109 | T29: =SUM(E29:S29) -> 1705
D30: JML | E30: =SUM(E28:E29) -> 255 | F30: =SUM(F28:F29) -> 237 | G30: =SUM(G28:G29) -> 201 | H30: =SUM(H28:H29) -> 214 | I30: =SUM(I28:I29) -> 204 | J30: =SUM(J28:J29) -> 206 | K30: =SUM(K28:K29) -> 200 | L30: =SUM(L28:L29) -> 199 | ... S30: =SUM(S28:S29) -> 216 | T30: =SUM(E30:S30) -> 3270
A32: II | B32: DATA PENGGUNAAN SURAT SUARA
A33: 1 | B33: Jumlah surat suara yang diterima, termasuk surat suara cadangan 2,5% dari DPT | E33: 295 | F33: 290 | G33: 257 | H33: 244 | I33: 246 | J33: 273 | K33: 257 | L33: 264 | M33: 294 | N33: 300 | O33: 287 | P33: 253 | Q33: 290 | R33: 290 | S33: 297 | T33: =SUM(E33:S33) -> 4137
A34: 2 | B34: Jumlah surat suara yang digunakan | E34: 255 | F34: 237 | G34: 201 | H34: 214 | I34: 204 | J34: 206 | K34: 200 | L34: 199 | M34: 238 | N34: 232 | O34: 225 | P34: 190 | Q34: 231 | R34: 222 | S34: 216 | T34: =SUM(E34:S34) -> 3270
A35: 3 | B35: Jumlah surat suara dikembalikan oleh pemilih (karena rusak atau keliru coblos) | E35: 0 | F35: 0 | G35: 0 | H35: 0 | I35: 0 | J35: 0 | K35: 0 | L35: 0 | M35: 0 | N35: 0 | O35: 1 | P35: 0 | Q35: 1 | R35: 0 | S35: 0 | T35: =SUM(E35:S35) -> 2
A36: 4 | B36: Jumlah surat suara yang tidak digunakan/tidak terpakai, termasuk sisa surat suara cadangan | E36: =E33-(E34+E35) -> 40 | F36: =F33-(F34+F35) -> 53 | G36: =G33-(G34+G35) -> 56 | H36: =H33-(H34+H35) -> 30 | I36: =I33-(I34+I35) -> 42 | J36: =J33-(J34+J35) -> 67 | K36: =K33-(K34+K35) -> 57 | L36: =L33-(L34+L35) -> 65 | ... S36: =S33-(S34+S35) -> 81 | T36: =SUM(E36:S36) -> 865
A38: III | B38: DATA PEMILIH DISABILITAS
B39: Jumlah seluruh Pemilih disabilitas yang menggunakan hak pilih | D39: LK | E39: 0 | F39: 0 | G39: 0 | H39: 0 | I39: 1 | J39: 0 | K39: 0 | L39: 0 | M39: 0 | N39: 0 | O39: 0 | P39: 0 | Q39: 0 | R39: 0 | S39: 0 | T39: =SUM(E39:S39) -> 1
D40: PR | E40: 0 | F40: 0 | G40: 0 | H40: 0 | I40: 3 | J40: 0 | K40: 0 | L40: 0 | M40: 0 | N40: 0 | O40: 0 | P40: 0 | Q40: 0 | R40: 0 | S40: 0 | T40: =SUM(E40:S40) -> 3
D41: JML | E41: =SUM(E39:E40) -> 0 | F41: =SUM(F39:F40) -> 0 | G41: =SUM(G39:G40) -> 0 | H41: =SUM(H39:H40) -> 0 | I41: =SUM(I39:I40) -> 4 | J41: =SUM(J39:J40) -> 0 | K41: =SUM(K39:K40) -> 0 | L41: =SUM(L39:L40) -> 0 | ... S41: =SUM(S39:S40) -> 0 | T41: =SUM(E41:S41) -> 4
A43: IV | B43: DATA RINCIAN PEROLEHAN SUARA PASANGAN CALON BUPATI DAN WAKIL BUPATI
A44: NOMOR DAN NAMA CALON
A45: A.1 | B45: 1. | C45: Partai Kebangkitan Bangsa | E45: 5 | F45: 12 | G45: 14 | H45: 2 | I45: 3 | J45: 8 | K45: 6 | L45: 6 | M45: 11 | N45: 6 | O45: 0 | P45: 0 | Q45: 4 | R45: 4 | S45: 6 | T45: =SUM(E45:S45) -> 87
A46: A.2 | B46: 1 | C46: 1. Dr. Hj. NIHAYATUL WAFIROH, M.A. | E46: 28 | F46: 29 | G46: 59 | H46: 24 | I46: 20 | J46: 31 | K46: 29 | L46: 43 | M46: 26 | N46: 30 | O46: 1 | P46: 1 | Q46: 13 | R46: 30 | S46: 8 | T46: =SUM(E46:S46) -> 372
B47: 2 | C47: 2. H. M. NASIM KHAN | E47: 4 | F47: 2 | G47: 4 | H47: 1 | I47: 2 | J47: 1 | K47: 7 | L47: 5 | M47: 0 | N47: 1 | O47: 0 | P47: 0 | Q47: 3 | R47: 3 | S47: 1 | T47: =SUM(E47:S47) -> 34
B48: 3 | C48: 3. Dr. H. AKIK ZAMAN, M.Pd.I. | E48: 3 | F48: 1 | G48: 0 | H48: 0 | I48: 0 | J48: 0 | K48: 2 | L48: 0 | M48: 2 | N48: 1 | O48: 0 | P48: 0 | Q48: 2 | R48: 1 | S48: 0 | T48: =SUM(E48:S48) -> 12
B49: 4 | C49: 4. AHMAD RIFA'I, S.H. | E49: 1 | F49: 1 | G49: 0 | H49: 0 | I49: 0 | J49: 0 | K49: 1 | L49: 0 | M49: 0 | N49: 0 | O49: 0 | P49: 0 | Q49: 0 | R49: 1 | S49: 1 | T49: =SUM(E49:S49) -> 5
B50: 5 | C50: 5. Drs. H. MAHFUD M.N. | E50: 0 | F50: 2 | G50: 0 | H50: 0 | I50: 0 | J50: 0 | K50: 0 | L50: 0 | M50: 0 | N50: 0 | O50: 0 | P50: 0 | Q50: 2 | R50: 0 | S50: 1 | T50: =SUM(E50:S50) -> 5
B51: 6 | C51: 6. NURHAYATI, S.Pd. | E51: 1 | F51: 0 | G51: 0 | H51: 0 | I51: 0 | J51: 0 | K51: 0 | L51: 0 | M51: 1 | N51: 0 | O51: 0 | P51: 0 | Q51: 0 | R51: 1 | S51: 1 | T51: =SUM(E51:S51) -> 4
B52: 7 | C52: 7. MAFTUHA KISWAH | E52: 0 | F52: 0 | G52: 1 | H52: 1 | I52: 0 | J52: 2 | K52: 0 | L52: 0 | M52: 0 | N52: 0 | O52: 0 | P52: 0 | Q52: 1 | R52: 0 | S52: 0 | T52: =SUM(E52:S52) -> 5
A55: B | B55: JUMLAH SUARA SAH PARTAI POLITIK DAN CALON (A1 + A2) | E55: =SUM(E45:E52) -> 42 | F55: =SUM(F45:F52) -> 47 | G55: =SUM(G45:G52) -> 78 | H55: =SUM(H45:H52) -> 28 | I55: =SUM(I45:I52) -> 25 | J55: =SUM(J45:J52) -> 42 | K55: =SUM(K45:K52) -> 45 | L55: =SUM(L45:L52) -> 54 | ... S55: =SUM(S45:S52) -> 18 | T55: =SUM(E55:S55) -> 524
A57: A.1 | B57: 2. | C57: Partai Gerakan Indonesia Raya | E57: 4 | F57: 8 | G57: 8 | H57: 2 | I57: 1 | J57: 7 | K57: 9 | L57: 7 | M57: 4 | N57: 5 | O57: 3 | P57: 3 | Q57: 5 | R57: 11 | S57: 10 | T57: =SUM(E57:S57) -> 87
A58: A.2 | B58: 1 | C58: 1. SUMAIL ABDULLAH | E58: 5 | F58: 17 | G58: 6 | H58: 5 | I58: 4 | J58: 5 | K58: 2 | L58: 0 | M58: 1 | N58: 3 | O58: 6 | P58: 1 | Q58: 8 | R58: 8 | S58: 25 | T58: =SUM(E58:S58) -> 96
B59: 2 | C59: 2. MUHAMMAD ALI ADRIAN SALEH | E59: 7 | F59: 4 | G59: 0 | H59: 1 | I59: 0 | J59: 0 | K59: 0 | L59: 3 | M59: 3 | N59: 1 | O59: 0 | P59: 1 | Q59: 5 | R59: 1 | S59: 5 | T59: =SUM(E59:S59) -> 31
B60: 3 | C60: 3. DURROTUN NAFISAH | E60: 2 | F60: 1 | G60: 0 | H60: 0 | I60: 0 | J60: 0 | K60: 0 | L60: 0 | M60: 2 | N60: 0 | O60: 1 | P60: 0 | Q60: 1 | R60: 1 | S60: 2 | T60: =SUM(E60:S60) -> 10
B61: 4 | C61: 4. H. EKO SUSILO NURHIDAYAT | E61: 2 | F61: 0 | G61: 1 | H61: 1 | I61: 0 | J61: 0 | K61: 0 | L61: 1 | M61: 0 | N61: 2 | O61: 0 | P61: 0 | Q61: 3 | R61: 0 | S61: 1 | T61: =SUM(E61:S61) -> 11
B62: 5 | C62: 5. KARNADI HARIJANTO, S.S. | E62: 1 | F62: 0 | G62: 0 | H62: 0 | I62: 0 | J62: 0 | K62: 1 | L62: 0 | M62: 0 | N62: 0 | O62: 1 | P62: 1 | Q62: 1 | R62: 0 | S62: 0 | T62: =SUM(E62:S62) -> 5
B63: 6 | C63: 6. NURHAYATI | E63: 0 | F63: 1 | G63: 1 | H63: 1 | I63: 0 | J63: 0 | K63: 0 | L63: 1 | M63: 0 | N63: 0 | O63: 0 | P63: 0 | Q63: 0 | R63: 0 | S63: 0 | T63: =SUM(E63:S63) -> 4
B64: 7 | C64: 7. MASHUDI | E64: 0 | F64: 1 | G64: 1 | H64: 1 | I64: 0 | J64: 1 | K64: 0 | L64: 0 | M64: 0 | N64: 0 | O64: 0 | P64: 0 | Q64: 0 | R64: 0 | S64: 0 | T64: =SUM(E64:S64) -> 4
A67: B | B67: JUMLAH SUARA SAH PARTAI POLITIK DAN CALON (A1 + A2) | E67: =SUM(E57:E64) -> 21 | F67: =SUM(F57:F64) -> 32 | G67: =SUM(G57:G64) -> 17 | H67: =SUM(H57:H64) -> 11 | I67: =SUM(I57:I64) -> 5 | J67: =SUM(J57:J64) -> 13 | K67: =SUM(K57:K64) -> 12 | L67: =SUM(L57:L64) -> 12 | ... S67: =SUM(S57:S64) -> 43 | T67: =SUM(E67:S67) -> 248
A69: A.1 | B69: 3. | C69: Partai Demokrasi Indonesia Perjuangan | E69: 6 | F69: 5 | G69: 10 | H69: 3 | I69: 4 | J69: 4 | K69: 4 | L69: 9 | M69: 8 | N69: 14 | O69: 18 | P69: 18 | Q69: 11 | R69: 15 | S69: 8 | T69: =SUM(E69:S69) -> 137
A70: A.2 | B70: 1 | C70: 1. SONNY TRI DANAPARAMITA, S.H., M.H. | E70: 22 | F70: 13 | G70: 2 | H70: 0 | I70: 1 | J70: 6 | K70: 8 | L70: 24 | M70: 81 | N70: 17 | O70: 19 | P70: 25 | Q70: 18 | R70: 13 | S70: 6 | T70: =SUM(E70:S70) -> 255
B71: 2 | C71: 2. H. MOHAMAD GUNTUR ROMLI | E71: 10 | F71: 18 | G71: 5 | H71: 7 | I71: 2 | J71: 3 | K71: 5 | L71: 1 | M71: 2 | N71: 13 | O71: 55 | P71: 51 | Q71: 11 | R71: 18 | S71: 2 | T71: =SUM(E71:S71) -> 203
B72: 3 | C72: 3. INA AMMANIA | E72: 9 | F72: 8 | G72: 11 | H72: 3 | I72: 2 | J72: 6 | K72: 5 | L72: 8 | M72: 5 | N72: 8 | O72: 3 | P72: 2 | Q72: 3 | R72: 18 | S72: 8 | T72: =SUM(E72:S72) -> 99
B73: 4 | C73: 4. IRWAN BACHTIAR RACHMAT, M.Si. | E73: 0 | F73: 1 | G73: 0 | H73: 0 | I73: 0 | J73: 1 | K73: 0 | L73: 2 | M73: 1 | N73: 0 | O73: 1 | P73: 1 | Q73: 1 | R73: 0 | S73: 2 | T73: =SUM(E73:S73) -> 10
B74: 5 | C74: 5. LUCKY PERDANA | E74: 4 | F74: 4 | G74: 1 | H74: 1 | I74: 0 | J74: 1 | K74: 0 | L74: 2 | M74: 2 | N74: 4 | O74: 2 | P74: 6 | Q74: 6 | R74: 1 | S74: 1 | T74: =SUM(E74:S74) -> 35
B75: 6 | C75: 6. WIWIK PUJIYATI | E75: 2 | F75: 0 | G75: 0 | H75: 0 | I75: 0 | J75: 0 | K75: 0 | L75: 1 | M75: 0 | N75: 0 | O75: 1 | P75: 0 | Q75: 1 | R75: 1 | S75: 1 | T75: =SUM(E75:S75) -> 7
B76: 7 | C76: 7. CHANDRA ASTAN, S.T. | E76: 19 | F76: 2 | G76: 0 | H76: 1 | I76: 0 | J76: 0 | K76: 0 | L76: 0 | M76: 0 | N76: 0 | O76: 3 | P76: 15 | Q76: 11 | R76: 4 | S76: 3 | T76: =SUM(E76:S76) -> 58
A79: B | B79: JUMLAH SUARA SAH PARTAI POLITIK DAN CALON (A1 + A2) | E79: =SUM(E69:E76) -> 72 | F79: =SUM(F69:F76) -> 51 | G79: =SUM(G69:G76) -> 29 | H79: =SUM(H69:H76) -> 15 | I79: =SUM(I69:I76) -> 9 | J79: =SUM(J69:J76) -> 21 | K79: =SUM(K69:K76) -> 22 | L79: =SUM(L69:L76) -> 47 | ... S79: =SUM(S69:S76) -> 31 | T79: =SUM(E79:S79) -> 804
A81: A.1 | B81: 4. | C81: Partai Golongan Karya | E81: 1 | F81: 2 | G81: 1 | H81: 2 | I81: 3 | J81: 1 | K81: 2 | L81: 1 | M81: 2 | N81: 1 | O81: 8 | P81: 2 | Q81: 1 | R81: 0 | S81: 1 | T81: =SUM(E81:S81) -> 28
A82: A.2 | B82: 1 | C82: 1. ZULFIKAR ARSE SADIKIN, S.I.P., M.Si. | E82: 5 | F82: 2 | G82: 1 | H82: 11 | I82: 15 | J82: 1 | K82: 15 | L82: 1 | M82: 0 | N82: 2 | O82: 22 | P82: 12 | Q82: 1 | R82: 6 | S82: 0 | T82: =SUM(E82:S82) -> 94
B83: 2 | C83: 2. HANDOKO | E83: 6 | F83: 9 | G83: 2 | H83: 4 | I83: 14 | J83: 13 | K83: 43 | L83: 34 | M83: 12 | N83: 20 | O83: 1 | P83: 1 | Q83: 1 | R83: 3 | S83: 1 | T83: =SUM(E83:S83) -> 164
B84: 3 | C84: 3. Hj. OVI DEWI YANTI | E84: 1 | F84: 1 | G84: 0 | H84: 0 | I84: 1 | J84: 0 | K84: 0 | L84: 0 | M84: 0 | N84: 2 | O84: 1 | P84: 0 | Q84: 2 | R84: 0 | S84: 1 | T84: =SUM(E84:S84) -> 9
B85: 4 | C85: 4. Ir. AZAM AZMAN NATAWIJANA | E85: 0 | F85: 0 | G85: 1 | H85: 0 | I85: 2 | J85: 0 | K85: 0 | L85: 0 | M85: 0 | N85: 0 | O85: 1 | P85: 0 | Q85: 0 | R85: 1 | S85: 1 | T85: =SUM(E85:S85) -> 6
B86: 5 | C86: 5. UBAIDILLAH AMIN, S.Kom. | E86: 2 | F86: 0 | G86: 0 | H86: 1 | I86: 3 | J86: 0 | K86: 1 | L86: 0 | M86: 1 | N86: 3 | O86: 13 | P86: 0 | Q86: 2 | R86: 0 | S86: 3 | T86: =SUM(E86:S86) -> 29
B87: 6 | C87: 6. DENNY YUNIANDARI, S.H., M.Kn. | E87: 0 | F87: 0 | G87: 0 | H87: 0 | I87: 0 | J87: 1 | K87: 0 | L87: 0 | M87: 0 | N87: 0 | O87: 2 | P87: 0 | Q87: 0 | R87: 0 | S87: 0 | T87: =SUM(E87:S87) -> 3
B88: 7 | C88: 7. ERNADI, S.H.I. | E88: 0 | F88: 0 | G88: 0 | H88: 0 | I88: 0 | J88: 0 | K88: 0 | L88: 0 | M88: 0 | N88: 0 | O88: 0 | P88: 0 | Q88: 0 | R88: 0 | S88: 0 | T88: =SUM(E88:S88) -> 0
A91: B | B91: JUMLAH SUARA SAH PARTAI POLITIK DAN CALON (A1 + A2) | E91: =SUM(E81:E88) -> 15 | F91: =SUM(F81:F88) -> 14 | G91: =SUM(G81:G88) -> 5 | H91: =SUM(H81:H88) -> 18 | I91: =SUM(I81:I88) -> 38 | J91: =SUM(J81:J88) -> 16 | K91: =SUM(K81:K88) -> 61 | L91: =SUM(L81:L88) -> 36 | ... S91: =SUM(S81:S88) -> 7 | T91: =SUM(E91:S91) -> 333
A93: A.1 | B93: 5. | C93: Partai NasDem | E93: 3 | F93: 4 | G93: 0 | H93: 1 | I93: 0 | J93: 1 | K93: 1 | L93: 1 | M93: 0 | N93: 0 | O93: 1 | P93: 0 | Q93: 1 | R93: 4 | S93: 3 | T93: =SUM(E93:S93) -> 20
A94: A.2 | B94: 1 | C94: 1. ACH. FADIL MUZAKKI SYAH | E94: 2 | F94: 3 | G94: 2 | H94: 0 | I94: 0 | J94: 0 | K94: 0 | L94: 0 | M94: 0 | N94: 0 | O94: 0 | P94: 1 | Q94: 0 | R94: 1 | S94: 0 | T94: =SUM(E94:S94) -> 9
B95: 2 | C95: 2. BENY | E95: 3 | F95: 0 | G95: 0 | H95: 0 | I95: 0 | J95: 1 | K95: 4 | L95: 0 | M95: 0 | N95: 0 | O95: 1 | P95: 0 | Q95: 0 | R95: 1 | S95: 0 | T95: =SUM(E95:S95) -> 10
B96: 3 | C96: 3. VINA VERONIKA | E96: 0 | F96: 0 | G96: 0 | H96: 0 | I96: 0 | J96: 2 | K96: 0 | L96: 1 | M96: 0 | N96: 0 | O96: 1 | P96: 0 | Q96: 0 | R96: 0 | S96: 0 | T96: =SUM(E96:S96) -> 4
B97: 4 | C97: 4. TEDDY ANUGRIANTO | E97: 2 | F97: 3 | G97: 0 | H97: 1 | I97: 0 | J97: 3 | K97: 0 | L97: 3 | M97: 0 | N97: 1 | O97: 2 | P97: 1 | Q97: 5 | R97: 0 | S97: 0 | T97: =SUM(E97:S97) -> 21
B98: 5 | C98: 5. INSAN KAMIL | E98: 0 | F98: 1 | G98: 0 | H98: 0 | I98: 0 | J98: 1 | K98: 0 | L98: 1 | M98: 0 | N98: 0 | O98: 3 | P98: 0 | Q98: 0 | R98: 0 | S98: 0 | T98: =SUM(E98:S98) -> 6
B99: 6 | C99: 6. LILIK LINDARWATI | E99: 0 | F99: 0 | G99: 0 | H99: 0 | I99: 0 | J99: 0 | K99: 0 | L99: 0 | M99: 0 | N99: 0 | O99: 0 | P99: 0 | Q99: 0 | R99: 0 | S99: 0 | T99: =SUM(E99:S99) -> 0
B100: 7 | C100: 7. YULI ANITA | E100: 0 | F100: 0 | G100: 0 | H100: 0 | I100: 0 | J100: 0 | K100: 0 | L100: 0 | M100: 0 | N100: 0 | O100: 0 | P100: 0 | Q100: 0 | R100: 0 | S100: 0 | T100: =SUM(E100:S100) -> 0
A103: B | B103: JUMLAH SUARA SAH PARTAI POLITIK DAN CALON (A1 + A2) | E103: =SUM(E93:E100) -> 10 | F103: =SUM(F93:F100) -> 11 | G103: =SUM(G93:G100) -> 2 | H103: =SUM(H93:H100) -> 2 | I103: =SUM(I93:I100) -> 0 | J103: =SUM(J93:J100) -> 8 | K103: =SUM(K93:K100) -> 5 | L103: =SUM(L93:L100) -> 6 | ... S103: =SUM(S93:S100) -> 3 | T103: =SUM(E103:S103) -> 70
A105: A.1 | B105: 6. | C105: Partai Buruh | E105: 0 | F105: 0 | G105: 0 | H105: 0 | I105: 0 | J105: 0 | K105: 0 | L105: 1 | M105: 0 | N105: 0 | O105: 0 | P105: 0 | Q105: 0 | R105: 0 | S105: 0 | T105: =SUM(E105:S105) -> 1
A106: A.2 | B106: 1 | C106: 1. KHOIRUL ANAM | E106: 0 | F106: 0 | G106: 0 | H106: 0 | I106: 1 | J106: 0 | K106: 1 | L106: 0 | M106: 0 | N106: 0 | O106: 0 | P106: 0 | Q106: 1 | R106: 0 | S106: 1 | T106: =SUM(E106:S106) -> 4
B107: 2 | C107: 2. INA KURNIA | E107: 0 | F107: 0 | G107: 0 | H107: 0 | I107: 0 | J107: 0 | K107: 0 | L107: 0 | M107: 0 | N107: 0 | O107: 0 | P107: 0 | Q107: 0 | R107: 1 | S107: 0 | T107: =SUM(E107:S107) -> 1
B108: 3 | C108: 3. JIBRAL TAROUK | E108: 1 | F108: 1 | G108: 0 | H108: 1 | I108: 0 | J108: 0 | K108: 0 | L108: 0 | M108: 0 | N108: 0 | O108: 0 | P108: 0 | Q108: 0 | R108: 0 | S108: 0 | T108: =SUM(E108:S108) -> 3
B109: 4 | C109: 4. ASTUTI DAENG PUJI | E109: 0 | F109: 0 | G109: 0 | H109: 0 | I109: 0 | J109: 0 | K109: 0 | L109: 0 | M109: 0 | N109: 0 | O109: 0 | P109: 0 | Q109: 0 | R109: 0 | S109: 0 | T109: =SUM(E109:S109) -> 0
B110: 5 | C110: 5. ASDARMAWAN | E110: 0 | F110: 0 | G110: 0 | H110: 0 | I110: 0 | J110: 0 | K110: 0 | L110: 0 | M110: 0 | N110: 0 | O110: 0 | P110: 0 | Q110: 0 | R110: 0 | S110: 0 | T110: =SUM(E110:S110) -> 0
B111: 6 | C111: 6. RIFQI MUBAROK | E111: 0 | F111: 0 | G111: 0 | H111: 0 | I111: 0 | J111: 0 | K111: 0 | L111: 0 | M111: 0 | N111: 0 | O111: 0 | P111: 0 | Q111: 0 | R111: 0 | S111: 0 | T111: =SUM(E111:S111) -> 0
B112: 7 | C112: 7. FIRNANDA ALTA MEGA | E112: 0 | F112: 0 | G112: 0 | H112: 0 | I112: 0 | J112: 0 | K112: 0 | L112: 0 | M112: 0 | N112: 0 | O112: 0 | P112: 0 | Q112: 0 | R112: 0 | S112: 0 | T112: =SUM(E112:S112) -> 0
A115: B | B115: JUMLAH SUARA SAH PARTAI POLITIK DAN CALON (A1 + A2) | E115: =SUM(E105:E112) -> 1 | F115: =SUM(F105:F112) -> 1 | G115: =SUM(G105:G112) -> 0 | H115: =SUM(H105:H112) -> 1 | I115: =SUM(I105:I112) -> 1 | J115: =SUM(J105:J112) -> 0 | K115: =SUM(K105:K112) -> 1 | L115: =SUM(L105:L112) -> 1 | ... S115: =SUM(S105:S112) -> 1 | T115: =SUM(E115:S115) -> 9
A117: A.1 | B117: 7. | C117: Partai Gelombang Rakyat Indonesia | E117: 3 | F117: 1 | G117: 1 | H117: 0 | I117: 1 | J117: 1 | K117: 0 | L117: 3 | M117: 3 | N117: 0 | O117: 1 | P117: 0 | Q117: 1 | R117: 0 | S117: 1 | T117: =SUM(E117:S117) -> 16
A118: A.2 | B118: 1 | C118: 1. TITI WIDORETNO WARISMAN | E118: 2 | F118: 0 | G118: 1 | H118: 0 | I118: 0 | J118: 1 | K118: 1 | L118: 0 | M118: 0 | N118: 3 | O118: 0 | P118: 0 | Q118: 0 | R118: 0 | S118: 0 | T118: =SUM(E118:S118) -> 8
B119: 2 | C119: 2. MAMIEK SETYANINGSIH | E119: 0 | F119: 0 | G119: 0 | H119: 0 | I119: 0 | J119: 0 | K119: 0 | L119: 0 | M119: 0 | N119: 0 | O119: 0 | P119: 0 | Q119: 0 | R119: 0 | S119: 0 | T119: =SUM(E119:S119) -> 0
B120: 3 | C120: 3. ROMIL AZIZEN | E120: 1 | F120: 0 | G120: 0 | H120: 0 | I120: 0 | J120: 0 | K120: 0 | L120: 0 | M120: 1 | N120: 0 | O120: 0 | P120: 0 | Q120: 0 | R120: 0 | S120: 0 | T120: =SUM(E120:S120) -> 2
A127: B | B127: JUMLAH SUARA SAH PARTAI POLITIK DAN CALON (A1 + A2) | E127: =SUM(E117:E120) -> 6 | F127: =SUM(F117:F120) -> 1 | G127: =SUM(G117:G120) -> 2 | H127: =SUM(H117:H120) -> 0 | I127: =SUM(I117:I120) -> 1 | J127: =SUM(J117:J120) -> 2 | K127: =SUM(K117:K120) -> 1 | L127: =SUM(L117:L120) -> 3 | ... S127: =SUM(S117:S120) -> 1 | T127: =SUM(E127:S127) -> 26
A129: A.1 | B129: 8. | C129: Partai Keadilan Sejahtera | E129: 0 | F129: 0 | G129: 0 | H129: 0 | I129: 0 | J129: 0 | K129: 0 | L129: 0 | M129: 0 | N129: 0 | O129: 0 | P129: 0 | Q129: 0 | R129: 1 | S129: 0 | T129: =SUM(E129:S129) -> 1
A130: A.2 | B130: 1 | C130: 1. H. SAIMI SALEH, S.E., M.M. | E130: 1 | F130: 8 | G130: 2 | H130: 0 | I130: 0 | J130: 0 | K130: 0 | L130: 1 | M130: 0 | N130: 2 | O130: 0 | P130: 0 | Q130: 21 | R130: 9 | S130: 5 | T130: =SUM(E130:S130) -> 49
B131: 2 | C131: 2. Prof. Dr. H. EGGI SUDJANA, S.H., M.Si. | E131: 1 | F131: 0 | G131: 0 | H131: 0 | I131: 0 | J131: 0 | K131: 0 | L131: 1 | M131: 0 | N131: 0 | O131: 0 | P131: 0 | Q131: 0 | R131: 0 | S131: 0 | T131: =SUM(E131:S131) -> 2
B132: 3 | C132: 3. NURUL KHOTIMAH | E132: 0 | F132: 0 | G132: 0 | H132: 0 | I132: 0 | J132: 0 | K132: 0 | L132: 0 | M132: 0 | N132: 0 | O132: 0 | P132: 0 | Q132: 0 | R132: 0 | S132: 0 | T132: =SUM(E132:S132) -> 0
B133: 4 | C133: 4. AKHMAD SUYANTO, S.T., M.T. | E133: 0 | F133: 0 | G133: 1 | H133: 0 | I133: 0 | J133: 0 | K133: 0 | L133: 0 | M133: 0 | N133: 0 | O133: 0 | P133: 0 | Q133: 0 | R133: 0 | S133: 0 | T133: =SUM(E133:S133) -> 1
B134: 5 | C134: 5. PUJIYATNI | E134: 0 | F134: 0 | G134: 0 | H134: 0 | I134: 0 | J134: 0 | K134: 0 | L134: 0 | M134: 0 | N134: 0 | O134: 0 | P134: 0 | Q134: 0 | R134: 0 | S134: 0 | T134: =SUM(E134:S134) -> 0
B135: 6 | C135: 6. HENI PURWATININGSIH | E135: 0 | F135: 0 | G135: 0 | H135: 0 | I135: 0 | J135: 0 | K135: 0 | L135: 0 | M135: 0 | N135: 0 | O135: 0 | P135: 0 | Q135: 0 | R135: 0 | S135: 0 | T135: =SUM(E135:S135) -> 0
B136: 7 | C136: 7. MUHADI | E136: 0 | F136: 0 | G136: 0 | H136: 0 | I136: 0 | J136: 0 | K136: 1 | L136: 0 | M136: 0 | N136: 0 | O136: 0 | P136: 0 | Q136: 0 | R136: 0 | S136: 0 | T136: =SUM(E136:S136) -> 1
...

Sheet SUKOJATI
C2: Kecamatan | D2: BLIMBINGSARI
C3: Kabupaten | D3: BANYUWANGI
C4: Provinsi | D4: JAWA TIMUR
C9: Kelurahan | D9: SUKOJATI
A12: I | B12: DATA PEMILIH DAN PENGGUNAAN HAK PILIH | P12: JUMLAH AKHIR
A13: A | B13: DATA PEMILIH | E13: TPS 001 | F13: TPS 002 | G13: TPS 003 | H13: TPS 004 | I13: TPS 005 | J13: TPS 006 | K13: TPS 007 | L13: TPS 008 | M13: TPS 009 | N13: TPS 010 | O13: TPS 011
B14: Jumlah Pemilih dalam Daftar Pemilih Tetap (DPT) | D14: LK | E14: 144 | F14: 103 | G14: 108 | H14: 112 | I14: 127 | J14: 153 | K14: 123 | L14: 145 | M14: 135 | N14: 118 | O14: 109 | P14: =SUM(E14:O14) -> 1377
D15: PR | E15: 130 | F15: 96 | G15: 103 | H15: 110 | I15: 120 | J15: 143 | K15: 123 | L15: 144 | M15: 137 | N15: 111 | O15: 116 | P15: =SUM(E15:O15) -> 1333
D16: JML | E16: =SUM(E14:E15) -> 274 | F16: =SUM(F14:F15) -> 199 | G16: =SUM(G14:G15) -> 211 | H16: =SUM(H14:H15) -> 222 | I16: =SUM(I14:I15) -> 247 | J16: =SUM(J14:J15) -> 296 | K16: =SUM(K14:K15) -> 246 | L16: =SUM(L14:L15) -> 289 | ... O16: =SUM(O14:O15) -> 225 | P16: =SUM(E16:O16) -> 2710
A18: B | B18: PENGGUNA HAK PILIH
B19: 1. | C19: Jumlah pengguna hak pilih dalam Daftar Pemilih Tetap (DPT) | D19: LK | E19: 117 | F19: 75 | G19: 75 | H19: 85 | I19: 98 | J19: 115 | K19: 92 | L19: 101 | M19: 89 | N19: 95 | O19: 81 | P19: =SUM(E19:O19) -> 1023
D20: PR | E20: 112 | F20: 79 | G20: 89 | H20: 92 | I20: 99 | J20: 118 | K20: 103 | L20: 120 | M20: 110 | N20: 93 | O20: 104 | P20: =SUM(E20:O20) -> 1119
D21: JML | E21: =SUM(E19:E20) -> 229 | F21: =SUM(F19:F20) -> 154 | G21: =SUM(G19:G20) -> 164 | H21: =SUM(H19:H20) -> 177 | I21: =SUM(I19:I20) -> 197 | J21: =SUM(J19:J20) -> 233 | K21: =SUM(K19:K20) -> 195 | L21: =SUM(L19:L20) -> 221 | ... O21: =SUM(O19:O20) -> 185 | P21: =SUM(E21:O21) -> 2142
B22: 2. | C22: Jumlah pengguna hak pilih dalam Daftar Pemilih Tambahan (DPTb) | D22: LK | E22: 0 | F22: 1 | G22: 0 | H22: 1 | I22: 0 | J22: 0 | K22: 0 | L22: 0 | M22: 0 | N22: 0 | O22: 0 | P22: =SUM(E22:O22) -> 2
D23: PR | E23: 1 | F23: 1 | G23: 0 | H23: 0 | I23: 0 | J23: 1 | K23: 0 | L23: 0 | M23: 0 | N23: 0 | O23: 0 | P23: =SUM(E23:O23) -> 3
D24: JML | E24: =SUM(E22:E23) -> 1 | F24: =SUM(F22:F23) -> 2 | G24: =SUM(G22:G23) -> 0 | H24: =SUM(H22:H23) -> 1 | I24: =SUM(I22:I23) -> 0 | J24: =SUM(J22:J23) -> 1 | K24: =SUM(K22:K23) -> 0 | L24: =SUM(L22:L23) -> 0 | ... O24: =SUM(O22:O23) -> 0 | P24: =SUM(E24:O24) -> 5
B25: 3. | C25: Jumlah pengguna hak pilih dalam Daftar Pemilih Khusus (DPK) | D25: LK | E25: 0 | F25: 0 | G25: 0 | H25: 1 | I25: 0 | J25: 1 | K25: 0 | L25: 0 | M25: 0 | N25: 0 | O25: 0 | P25: =SUM(E25:O25) -> 2
D26: PR | E26: 0 | F26: 0 | G26: 1 | H26: 0 | I26: 1 | J26: 1 | K26: 0 | L26: 0 | M26: 1 | N26: 2 | O26: 0 | P26: =SUM(E26:O26) -> 6
D27: JML | E27: =SUM(E25:E26) -> 0 | F27: =SUM(F25:F26) -> 0 | G27: =SUM(G25:G26) -> 1 | H27: =SUM(H25:H26) -> 1 | I27: =SUM(I25:I26) -> 1 | J27: =SUM(J25:J26) -> 2 | K27: =SUM(K25:K26) -> 0 | L27: =SUM(L25:L26) -> 0 | ... O27: =SUM(O25:O26) -> 0 | P27: =SUM(E27:O27) -> 8
B28: 4. | C28: Jumlah Pengguna Hak Pilih (B.1+B.2+B.3) | D28: LK | E28: =SUM(E19,E22,E25) -> 117 | F28: =SUM(F19,F22,F25) -> 76 | G28: =SUM(G19,G22,G25) -> 75 | H28: =SUM(H19,H22,H25) -> 87 | I28: =SUM(I19,I22,I25) -> 98 | J28: =SUM(J19,J22,J25) -> 116 | K28: =SUM(K19,K22,K25) -> 92 | L28: =SUM(L19,L22,L25) -> 101 | ... O28: =SUM(O19,O22,O25) -> 81 | P28: =SUM(E28:O28) -> 1027
D29: PR | E29: =SUM(E20,E23,E26) -> 113 | F29: =SUM(F20,F23,F26) -> 80 | G29: =SUM(G20,G23,G26) -> 90 | H29: =SUM(H20,H23,H26) -> 92 | I29: =SUM(I20,I23,I26) -> 100 | J29: =SUM(J20,J23,J26) -> 120 | K29: =SUM(K20,K23,K26) -> 103 | L29: =SUM(L20,L23,L26) -> 120 | ... O29: =SUM(O20,O23,O26) -> 104 | P29: =SUM(E29:O29) -> 1128
D30: JML | E30: =SUM(E28:E29) -> 230 | F30: =SUM(F28:F29) -> 156 | G30: =SUM(G28:G29) -> 165 | H30: =SUM(H28:H29) -> 179 | I30: =SUM(I28:I29) -> 198 | J30: =SUM(J28:J29) -> 236 | K30: =SUM(K28:K29) -> 195 | L30: =SUM(L28:L29) -> 221 | ... O30: =SUM(O28:O29) -> 185 | P30: =SUM(E30:O30) -> 2155
A32: II | B32: DATA PENGGUNAAN SURAT SUARA
A33: 1 | B33: Jumlah surat suara yang diterima, termasuk surat suara cadangan 2,5% dari DPT | E33: 280 | F33: 203 | G33: 216 | H33: 227 | I33: 252 | J33: 302 | K33: 251 | L33: 295 | M33: 279 | N33: 234 | O33: 230 | P33: =SUM(E33:O33) -> 2769
A34: 2 | B34: Jumlah surat suara yang digunakan | E34: 230 | F34: 156 | G34: 165 | H34: 179 | I34: 198 | J34: 236 | K34: 195 | L34: 221 | M34: 200 | N34: 190 | O34: 185 | P34: =SUM(E34:O34) -> 2155
A35: 3 | B35: Jumlah surat suara dikembalikan oleh pemilih (karena rusak atau keliru coblos) | E35: 1 | F35: 0 | G35: 0 | H35: 0 | I35: 0 | J35: 0 | K35: 0 | L35: 1 | M35: 0 | N35: 0 | O35: 0 | P35: =SUM(E35:O35) -> 2
A36: 4 | B36: Jumlah surat suara yang tidak digunakan/tidak terpakai, termasuk sisa surat suara cadangan | E36: =E33-(E34+E35) -> 49 | F36: =F33-(F34+F35) -> 47 | G36: =G33-(G34+G35) -> 51 | H36: =H33-(H34+H35) -> 48 | I36: =I33-(I34+I35) -> 54 | J36: =J33-(J34+J35) -> 66 | K36: =K33-(K34+K35) -> 56 | L36: =L33-(L34+L35) -> 73 | ... O36: =O33-(O34+O35) -> 45 | P36: =SUM(E36:O36) -> 612
A38: III | B38: DATA PEMILIH DISABILITAS
B39: Jumlah seluruh Pemilih disabilitas yang menggunakan hak pilih | D39: LK | E39: 0 | F39: 0 | G39: 0 | H39: 0 | I39: 1 | J39: 0 | K39: 0 | L39: 0 | M39: 0 | N39: 1 | O39: 1 | P39: =SUM(E39:O39) -> 3
D40: PR | E40: 1 | F40: 0 | G40: 0 | H40: 0 | I40: 0 | J40: 0 | K40: 0 | L40: 0 | M40: 0 | N40: 0 | O40: 1 | P40: =SUM(E40:O40) -> 2
D41: JML | E41: =SUM(E39:E40) -> 1 | F41: =SUM(F39:F40) -> 0 | G41: =SUM(G39:G40) -> 0 | H41: =SUM(H39:H40) -> 0 | I41: =SUM(I39:I40) -> 1 | J41: =SUM(J39:J40) -> 0 | K41: =SUM(K39:K40) -> 0 | L41: =SUM(L39:L40) -> 0 | ... O41: =SUM(O39:O40) -> 2 | P41: =SUM(E41:O41) -> 5
A43: IV | B43: DATA RINCIAN PEROLEHAN SUARA PASANGAN CALON BUPATI DAN WAKIL BUPATI
A44: NOMOR DAN NAMA CALON
A45: A.1 | B45: 1. | C45: Partai Kebangkitan Bangsa | E45: 12 | F45: 6 | G45: 9 | H45: 7 | I45: 14 | J45: 9 | K45: 5 | L45: 14 | M45: 9 | N45: 6 | O45: 7 | P45: =SUM(E45:O45) -> 98
A46: A.2 | B46: 1 | C46: 1. Dr. Hj. NIHAYATUL WAFIROH, M.A. | E46: 58 | F46: 13 | G46: 16 | H46: 19 | I46: 36 | J46: 24 | K46: 21 | L46: 50 | M46: 74 | N46: 15 | O46: 25 | P46: =SUM(E46:O46) -> 351
B47: 2 | C47: 2. H. M. NASIM KHAN | E47: 0 | F47: 1 | G47: 0 | H47: 3 | I47: 2 | J47: 6 | K47: 0 | L47: 2 | M47: 1 | N47: 2 | O47: 0 | P47: =SUM(E47:O47) -> 17
B48: 3 | C48: 3. Dr. H. AKIK ZAMAN, M.Pd.I. | E48: 1 | F48: 0 | G48: 0 | H48: 0 | I48: 0 | J48: 0 | K48: 0 | L48: 1 | M48: 1 | N48: 0 | O48: 1 | P48: =SUM(E48:O48) -> 4
B49: 4 | C49: 4. AHMAD RIFA'I, S.H. | E49: 0 | F49: 0 | G49: 0 | H49: 0 | I49: 0 | J49: 0 | K49: 1 | L49: 1 | M49: 0 | N49: 0 | O49: 1 | P49: =SUM(E49:O49) -> 3
B50: 5 | C50: 5. Drs. H. MAHFUD M.N. | E50: 0 | F50: 0 | G50: 0 | H50: 0 | I50: 1 | J50: 1 | K50: 0 | L50: 0 | M50: 0 | N50: 0 | O50: 0 | P50: =SUM(E50:O50) -> 2
B51: 6 | C51: 6. NURHAYATI, S.Pd. | E51: 0 | F51: 0 | G51: 0 | H51: 1 | I51: 0 | J51: 0 | K51: 0 | L51: 1 | M51: 0 | N51: 0 | O51: 0 | P51: =SUM(E51:O51) -> 2
B52: 7 | C52: 7. MAFTUHA KISWAH | E52: 0 | F52: 0 | G52: 0 | H52: 0 | I52: 0 | J52: 0 | K52: 0 | L52: 0 | M52: 0 | N52: 0 | O52: 0 | P52: =SUM(E52:O52) -> 0
A55: B | B55: JUMLAH SUARA SAH PARTAI POLITIK DAN CALON (A1 + A2) | E55: =SUM(E45:E52) -> 71 | F55: =SUM(F45:F52) -> 20 | G55: =SUM(G45:G52) -> 25 | H55: =SUM(H45:H52) -> 30 | I55: =SUM(I45:I52) -> 53 | J55: =SUM(J45:J52) -> 40 | K55: =SUM(K45:K52) -> 27 | L55: =SUM(L45:L52) -> 69 | ... O55: =SUM(O45:O52) -> 34 | P55: =SUM(E55:O55) -> 477
A57: A.1 | B57: 2. | C57: Partai Gerakan Indonesia Raya | E57: 11 | F57: 8 | G57: 9 | H57: 5 | I57: 11 | J57: 11 | K57: 10 | L57: 5 | M57: 11 | N57: 13 | O57: 9 | P57: =SUM(E57:O57) -> 103
A58: A.2 | B58: 1 | C58: 1. SUMAIL ABDULLAH | E58: 33 | F58: 17 | G58: 16 | H58: 29 | I58: 32 | J58: 25 | K58: 31 | L58: 26 | M58: 32 | N58: 50 | O58: 42 | P58: =SUM(E58:O58) -> 333
B59: 2 | C59: 2. MUHAMMAD ALI ADRIAN SALEH | E59: 0 | F59: 5 | G59: 2 | H59: 4 | I59: 2 | J59: 3 | K59: 3 | L59: 2 | M59: 2 | N59: 4 | O59: 1 | P59: =SUM(E59:O59) -> 28
B60: 3 | C60: 3. DURROTUN NAFISAH | E60: 0 | F60: 0 | G60: 4 | H60: 5 | I60: 2 | J60: 1 | K60: 0 | L60: 0 | M60: 0 | N60: 1 | O60: 1 | P60: =SUM(E60:O60) -> 14
B61: 4 | C61: 4. H. EKO SUSILO NURHIDAYAT | E61: 1 | F61: 0 | G61: 2 | H61: 1 | I61: 1 | J61: 0 | K61: 1 | L61: 4 | M61: 4 | N61: 0 | O61: 0 | P61: =SUM(E61:O61) -> 14
B62: 5 | C62: 5. KARNADI HARIJANTO, S.S. | E62: 0 | F62: 1 | G62: 1 | H62: 1 | I62: 0 | J62: 0 | K62: 0 | L62: 2 | M62: 0 | N62: 1 | O62: 0 | P62: =SUM(E62:O62) -> 6
B63: 6 | C63: 6. NURHAYATI | E63: 1 | F63: 0 | G63: 1 | H63: 1 | I63: 0 | J63: 1 | K63: 1 | L63: 0 | M63: 0 | N63: 0 | O63: 1 | P63: =SUM(E63:O63) -> 6
B64: 7 | C64: 7. MASHUDI | E64: 0 | F64: 0 | G64: 0 | H64: 1 | I64: 0 | J64: 0 | K64: 0 | L64: 0 | M64: 0 | N64: 0 | O64: 0 | P64: =SUM(E64:O64) -> 1
A67: B | B67: JUMLAH SUARA SAH PARTAI POLITIK DAN CALON (A1 + A2) | E67: =SUM(E57:E64) -> 46 | F67: =SUM(F57:F64) -> 31 | G67: =SUM(G57:G64) -> 35 | H67: =SUM(H57:H64) -> 47 | I67: =SUM(I57:I64) -> 48 | J67: =SUM(J57:J64) -> 41 | K67: =SUM(K57:K64) -> 46 | L67: =SUM(L57:L64) -> 39 | ... O67: =SUM(O57:O64) -> 54 | P67: =SUM(E67:O67) -> 505
A69: A.1 | B69: 3. | C69: Partai Demokrasi Indonesia Perjuangan | E69: 4 | F69: 2 | G69: 2 | H69: 4 | I69: 4 | J69: 3 | K69: 1 | L69: 3 | M69: 4 | N69: 4 | O69: 4 | P69: 10
A70: A.2 | B70: 1 | C70: 1. SONNY TRI DANAPARAMITA, S.H., M.H. | E70: 9 | F70: 5 | G70: 3 | H70: 5 | I70: 5 | J70: 9 | K70: 1 | L70: 7 | M70: 6 | N70: 9 | O70: 3 | P70: 0
B71: 2 | C71: 2. H. MOHAMAD GUNTUR ROMLI | E71: 1 | F71: 1 | G71: 0 | H71: 0 | I71: 0 | J71: 2 | K71: 0 | L71: 2 | M71: 1 | N71: 6 | O71: 0 | P71: 0
B72: 3 | C72: 3. INA AMMANIA | E72: 2 | F72: 0 | G72: 0 | H72: 0 | I72: 1 | J72: 0 | K72: 3 | L72: 2 | M72: 1 | N72: 21 | O72: 19 | P72: 0
B73: 4 | C73: 4. IRWAN BACHTIAR RACHMAT, M.Si. | E73: 0 | F73: 0 | G73: 0 | H73: 0 | I73: 0 | J73: 1 | K73: 0 | L73: 1 | M73: 1 | N73: 0 | O73: 1 | P73: 0
B74: 5 | C74: 5. LUCKY PERDANA | E74: 3 | F74: 0 | G74: 0 | H74: 2 | I74: 2 | J74: 0 | K74: 2 | L74: 0 | M74: 2 | N74: 2 | O74: 1 | P74: 0
B75: 6 | C75: 6. WIWIK PUJIYATI | E75: 0 | F75: 0 | G75: 0 | H75: 0 | I75: 0 | J75: 0 | K75: 0 | L75: 0 | M75: 0 | N75: 0 | O75: 0 | P75: 0
B76: 7 | C76: 7. CHANDRA ASTAN, S.T. | E76: 1 | F76: 0 | G76: 0 | H76: 0 | I76: 0 | J76: 1 | K76: 0 | L76: 1 | M76: 1 | N76: 0 | O76: 0 | P76: 0
A79: B | B79: JUMLAH SUARA SAH PARTAI POLITIK DAN CALON (A1 + A2) | E79: =SUM(E69:E76) -> 20 | F79: =SUM(F69:F76) -> 8 | G79: =SUM(G69:G76) -> 5 | H79: =SUM(H69:H76) -> 11 | I79: =SUM(I69:I76) -> 12 | J79: =SUM(J69:J76) -> 16 | K79: =SUM(K69:K76) -> 7 | L79: =SUM(L69:L76) -> 16 | ... O79: =SUM(O69:O76) -> 28 | P79: =SUM(E79:O79) -> 181
A81: A.1 | B81: 4. | C81: Partai Golongan Karya | E81: 7 | F81: 6 | G81: 8 | H81: 2 | I81: 1 | J81: 10 | K81: 0 | L81: 3 | M81: 2 | N81: 2 | O81: 1 | P81: =SUM(E81:O81) -> 42
A82: A.2 | B82: 1 | C82: 1. ZULFIKAR ARSE SADIKIN, S.I.P., M.Si. | E82: 5 | F82: 12 | G82: 6 | H82: 0 | I82: 4 | J82: 23 | K82: 33 | L82: 14 | M82: 6 | N82: 1 | O82: 1 | P82: =SUM(E82:O82) -> 105
B83: 2 | C83: 2. HANDOKO | E83: 1 | F83: 4 | G83: 4 | H83: 6 | I83: 0 | J83: 15 | K83: 2 | L83: 4 | M83: 1 | N83: 0 | O83: 6 | P83: =SUM(E83:O83) -> 43
B84: 3 | C84: 3. Hj. OVI DEWI YANTI | E84: 0 | F84: 1 | G84: 0 | H84: 1 | I84: 1 | J84: 0 | K84: 0 | L84: 0 | M84: 0 | N84: 1 | O84: 0 | P84: =SUM(E84:O84) -> 4
B85: 4 | C85: 4. Ir. AZAM AZMAN NATAWIJANA | E85: 0 | F85: 0 | G85: 0 | H85: 0 | I85: 0 | J85: 0 | K85: 0 | L85: 0 | M85: 1 | N85: 0 | O85: 0 | P85: =SUM(E85:O85) -> 1
B86: 5 | C86: 5. UBAIDILLAH AMIN, S.Kom. | E86: 0 | F86: 7 | G86: 5 | H86: 0 | I86: 1 | J86: 3 | K86: 2 | L86: 5 | M86: 0 | N86: 2 | O86: 2 | P86: =SUM(E86:O86) -> 27
B87: 6 | C87: 6. DENNY YUNIANDARI, S.H., M.Kn. | E87: 0 | F87: 0 | G87: 0 | H87: 0 | I87: 0 | J87: 0 | K87: 0 | L87: 0 | M87: 0 | N87: 0 | O87: 0 | P87: =SUM(E87:O87) -> 0
B88: 7 | C88: 7. ERNADI, S.H.I. | E88: 0 | F88: 0 | G88: 0 | H88: 0 | I88: 0 | J88: 1 | K88: 0 | L88: 0 | M88: 0 | N88: 0 | O88: 0 | P88: =SUM(E88:O88) -> 1
A91: B | B91: JUMLAH SUARA SAH PARTAI POLITIK DAN CALON (A1 + A2) | E91: =SUM(E81:E88) -> 13 | F91: =SUM(F81:F88) -> 30 | G91: =SUM(G81:G88) -> 23 | H91: =SUM(H81:H88) -> 9 | I91: =SUM(I81:I88) -> 7 | J91: =SUM(J81:J88) -> 52 | K91: =SUM(K81:K88) -> 37 | L91: =SUM(L81:L88) -> 26 | ... O91: =SUM(O81:O88) -> 10 | P91: =SUM(E91:O91) -> 223
A93: A.1 | B93: 5. | C93: Partai NasDem | E93: 2 | F93: 1 | G93: 1 | H93: 1 | I93: 1 | J93: 2 | K93: 0 | L93: 0 | M93: 1 | N93: 4 | O93: 0 | P93: =SUM(E93:O93) -> 13
A94: A.2 | B94: 1 | C94: 1. ACH. FADIL MUZAKKI SYAH | E94: 10 | F94: 11 | G94: 1 | H94: 2 | I94: 2 | J94: 1 | K94: 0 | L94: 1 | M94: 0 | N94: 0 | O94: 0 | P94: =SUM(E94:O94) -> 28
B95: 2 | C95: 2. BENY | E95: 0 | F95: 0 | G95: 0 | H95: 0 | I95: 0 | J95: 0 | K95: 0 | L95: 0 | M95: 0 | N95: 0 | O95: 0 | P95: =SUM(E95:O95) -> 0
