Workbook

Sheet DPR RI
C8: Kecamatan | D8: PURWOHARJO
C9: Kabupaten | D9: BANYUWANGI
C10: Provinsi | D10: JAWA TIMUR
A12: I | B12: DATA PEMILIH DAN PENGGUNAAN HAK PILIH | E12: JUMLAH AKHIR
A13: A | B13: DATA PEMILIH
B14: Jumlah Pemilih dalam Daftar Pemilih Tetap (DPT) | D14: LK | E14: =BULUREJO!AF14+GLAGAHAGUNG!AA14+GRAJAGAN!AV14+KARETAN!O14+KRADENAN!AK14+PURWOHARJO!AK14+SIDOREJO!AA14+SUMBERASRI!X14 -> 27886
D15: PR | E15: =BULUREJO!AF15+GLAGAHAGUNG!AA15+GRAJAGAN!AV15+KARETAN!O15+KRADENAN!AK15+PURWOHARJO!AK15+SIDOREJO!AA15+SUMBERASRI!X15 -> 27699
D16: JML | E16: =SUM(E14:E15) -> 55585
A18: B | B18: PENGGUNA HAK PILIH
B19: 1. | C19: Jumlah pengguna hak pilih dalam Daftar Pemilih Tetap (DPT) | D19: LK | E19: =BULUREJO!AF19+GLAGAHAGUNG!AA19+GRAJAGAN!AV19+KARETAN!O19+KRADENAN!AK19+PURWOHARJO!AK19+SIDOREJO!AA19+SUMBERASRI!X19 -> 21198
D20: PR | E20: =BULUREJO!AF20+GLAGAHAGUNG!AA20+GRAJAGAN!AV20+KARETAN!O20+KRADENAN!AK20+PURWOHARJO!AK20+SIDOREJO!AA20+SUMBERASRI!X20 -> 21906
D21: JML | E21: =SUM(E19:E20) -> 43104
B22: 2. | C22: Jumlah pengguna hak pilih dalam Daftar Pemilih Tambahan (DPTb) | D22: LK | E22: =BULUREJO!AF22+GLAGAHAGUNG!AA22+GRAJAGAN!AV22+KARETAN!O22+KRADENAN!AK22+PURWOHARJO!AK22+SIDOREJO!AA22+SUMBERASRI!X22 -> 23
D23: PR | E23: =BULUREJO!AF23+GLAGAHAGUNG!AA23+GRAJAGAN!AV23+KARETAN!O23+KRADENAN!AK23+PURWOHARJO!AK23+SIDOREJO!AA23+SUMBERASRI!X23 -> 14
D24: JML | E24: =SUM(E22:E23) -> 37
B25: 3. | C25: Jumlah pengguna hak pilih dalam Daftar Pemilih Khusus (DPK) | D25: LK | E25: =BULUREJO!AF25+GLAGAHAGUNG!AA25+GRAJAGAN!AV25+KARETAN!O25+KRADENAN!AK25+PURWOHARJO!AK25+SIDOREJO!AA25+SUMBERASRI!X25 -> 225
D26: PR | E26: =BULUREJO!AF26+GLAGAHAGUNG!AA26+GRAJAGAN!AV26+KARETAN!O26+KRADENAN!AK26+PURWOHARJO!AK26+SIDOREJO!AA26+SUMBERASRI!X26 -> 278
D27: JML | E27: =SUM(E25:E26) -> 503
B28: 4. | C28: Jumlah Pengguna Hak Pilih (B.1+B.2+B.3) | D28: LK | E28: =E19+E22+E25 -> 21446
D29: PR | E29: =E20+E23+E26 -> 22198
D30: JML | E30: =SUM(E28:E29) -> 43644
A32: II | B32: DATA PENGGUNAAN SURAT SUARA
A33: 1 | B33: Jumlah surat suara yang diterima, termasuk surat suara cadangan 2,5% dari DPT | E33: =BULUREJO!AF33+GLAGAHAGUNG!AA33+GRAJAGAN!AV33+KARETAN!O33+KRADENAN!AK33+PURWOHARJO!AK33+SIDOREJO!AA33+SUMBERASRI!X33 -> 56789
A34: 2 | B34: Jumlah surat suara yang digunakan | E34: =BULUREJO!AF34+GLAGAHAGUNG!AA34+GRAJAGAN!AV34+KARETAN!O34+KRADENAN!AK34+PURWOHARJO!AK34+SIDOREJO!AA34+SUMBERASRI!X34 -> 43644
A35: 3 | B35: Jumlah surat suara dikembalikan oleh pemilih (karena rusak atau keliru coblos) | E35: =BULUREJO!AF35+GLAGAHAGUNG!AA35+GRAJAGAN!AV35+KARETAN!O35+KRADENAN!AK35+PURWOHARJO!AK35+SIDOREJO!AA35+SUMBERASRI!X35 -> 96
A36: 4 | B36: Jumlah surat suara yang tidak digunakan/tidak terpakai, termasuk sisa surat suara cadangan | E36: =E33-(E34+E35) -> 13049
A38: III | B38: DATA PEMILIH DISABILITAS
B39: Jumlah seluruh Pemilih disabilitas yang menggunakan hak pilih | D39: LK | E39: =BULUREJO!AF39+GLAGAHAGUNG!AA39+GRAJAGAN!AV39+KARETAN!O39+KRADENAN!AK39+PURWOHARJO!AK39+SIDOREJO!AA39+SUMBERASRI!X39 -> 19
D40: PR | E40: =BULUREJO!AF40+GLAGAHAGUNG!AA40+GRAJAGAN!AV40+KARETAN!O40+KRADENAN!AK40+PURWOHARJO!AK40+SIDOREJO!AA40+SUMBERASRI!X40 -> 20
D41: JML | E41: =SUM(E39:E40) -> 39
A43: IV | B43: DATA RINCIAN PEROLEHAN SUARA PASANGAN CALON BUPATI DAN WAKIL BUPATI
A44: NOMOR DAN NAMA CALON
A45: A.1 | B45: 1. | C45: Partai Kebangkitan Bangsa | E45: =BULUREJO!AF45+GLAGAHAGUNG!AA45+GRAJAGAN!AV45+KARETAN!O45+KRADENAN!AK45+PURWOHARJO!AK45+SIDOREJO!AA45+SUMBERASRI!X45 -> 1342
A46: A.2 | B46: 1 | C46: 1. Dr. Hj. NIHAYATUL WAFIROH, M.A. | E46: =BULUREJO!AF46+GLAGAHAGUNG!AA46+GRAJAGAN!AV46+KARETAN!O46+KRADENAN!AK46+PURWOHARJO!AK46+SIDOREJO!AA46+SUMBERASRI!X46 -> 4574
B47: 2 | C47: 2. H. M. NASIM KHAN | E47: =BULUREJO!AF47+GLAGAHAGUNG!AA47+GRAJAGAN!AV47+KARETAN!O47+KRADENAN!AK47+PURWOHARJO!AK47+SIDOREJO!AA47+SUMBERASRI!X47 -> 1490
B48: 3 | C48: 3. Dr. H. AKIK ZAMAN, M.Pd.I. | E48: =BULUREJO!AF48+GLAGAHAGUNG!AA48+GRAJAGAN!AV48+KARETAN!O48+KRADENAN!AK48+PURWOHARJO!AK48+SIDOREJO!AA48+SUMBERASRI!X48 -> 187
B49: 4 | C49: 4. AHMAD RIFA'I, S.H. | E49: =BULUREJO!AF49+GLAGAHAGUNG!AA49+GRAJAGAN!AV49+KARETAN!O49+KRADENAN!AK49+PURWOHARJO!AK49+SIDOREJO!AA49+SUMBERASRI!X49 -> 126
B50: 5 | C50: 5. Drs. H. MAHFUD M.N. | E50: =BULUREJO!AF50+GLAGAHAGUNG!AA50+GRAJAGAN!AV50+KARETAN!O50+KRADENAN!AK50+PURWOHARJO!AK50+SIDOREJO!AA50+SUMBERASRI!X50 -> 82
B51: 6 | C51: 6. NURHAYATI, S.Pd. | E51: =BULUREJO!AF51+GLAGAHAGUNG!AA51+GRAJAGAN!AV51+KARETAN!O51+KRADENAN!AK51+PURWOHARJO!AK51+SIDOREJO!AA51+SUMBERASRI!X51 -> 97
B52: 7 | C52: 7. MAFTUHA KISWAH | E52: =BULUREJO!AF52+GLAGAHAGUNG!AA52+GRAJAGAN!AV52+KARETAN!O52+KRADENAN!AK52+PURWOHARJO!AK52+SIDOREJO!AA52+SUMBERASRI!X52 -> 65
A55: B | B55: JUMLAH SUARA SAH PARTAI POLITIK DAN CALON (A1 + A2) | E55: =SUM(E45:E52) -> 7963
A57: A.1 | B57: 2. | C57: Partai Gerakan Indonesia Raya | E57: =BULUREJO!AF57+GLAGAHAGUNG!AA57+GRAJAGAN!AV57+KARETAN!O57+KRADENAN!AK57+PURWOHARJO!AK57+SIDOREJO!AA57+SUMBERASRI!X57 -> 2199
A58: A.2 | B58: 1 | C58: 1. SUMAIL ABDULLAH | E58: =BULUREJO!AF58+GLAGAHAGUNG!AA58+GRAJAGAN!AV58+KARETAN!O58+KRADENAN!AK58+PURWOHARJO!AK58+SIDOREJO!AA58+SUMBERASRI!X58 -> 1938
B59: 2 | C59: 2. MUHAMMAD ALI ADRIAN SALEH | E59: =BULUREJO!AF59+GLAGAHAGUNG!AA59+GRAJAGAN!AV59+KARETAN!O59+KRADENAN!AK59+PURWOHARJO!AK59+SIDOREJO!AA59+SUMBERASRI!X59 -> 2917
B60: 3 | C60: 3. DURROTUN NAFISAH | E60: =BULUREJO!AF60+GLAGAHAGUNG!AA60+GRAJAGAN!AV60+KARETAN!O60+KRADENAN!AK60+PURWOHARJO!AK60+SIDOREJO!AA60+SUMBERASRI!X60 -> 257
B61: 4 | C61: 4. H. EKO SUSILO NURHIDAYAT | E61: =BULUREJO!AF61+GLAGAHAGUNG!AA61+GRAJAGAN!AV61+KARETAN!O61+KRADENAN!AK61+PURWOHARJO!AK61+SIDOREJO!AA61+SUMBERASRI!X61 -> 486
B62: 5 | C62: 5. KARNADI HARIJANTO, S.S. | E62: =BULUREJO!AF62+GLAGAHAGUNG!AA62+GRAJAGAN!AV62+KARETAN!O62+KRADENAN!AK62+PURWOHARJO!AK62+SIDOREJO!AA62+SUMBERASRI!X62 -> 86
B63: 6 | C63: 6. NURHAYATI | E63: =BULUREJO!AF63+GLAGAHAGUNG!AA63+GRAJAGAN!AV63+KARETAN!O63+KRADENAN!AK63+PURWOHARJO!AK63+SIDOREJO!AA63+SUMBERASRI!X63 -> 215
B64: 7 | C64: 7. MASHUDI | E64: =BULUREJO!AF64+GLAGAHAGUNG!AA64+GRAJAGAN!AV64+KARETAN!O64+KRADENAN!AK64+PURWOHARJO!AK64+SIDOREJO!AA64+SUMBERASRI!X64 -> 74
A67: B | B67: JUMLAH SUARA SAH PARTAI POLITIK DAN CALON (A1 + A2) | E67: =SUM(E57:E64) -> 8172
A69: A.1 | B69: 3. | C69: Partai Demokrasi Indonesia Perjuangan | E69: =BULUREJO!AF69+GLAGAHAGUNG!AA69+GRAJAGAN!AV69+KARETAN!O69+KRADENAN!AK69+PURWOHARJO!AK69+SIDOREJO!AA69+SUMBERASRI!X69 -> 1737
A70: A.2 | B70: 1 | C70: 1. SONNY TRI DANAPARAMITA, S.H., M.H. | E70: =BULUREJO!AF70+GLAGAHAGUNG!AA70+GRAJAGAN!AV70+KARETAN!O70+KRADENAN!AK70+PURWOHARJO!AK70+SIDOREJO!AA70+SUMBERASRI!X70 -> 1690
B71: 2 | C71: 2. H. MOHAMAD GUNTUR ROMLI | E71: =BULUREJO!AF71+GLAGAHAGUNG!AA71+GRAJAGAN!AV71+KARETAN!O71+KRADENAN!AK71+PURWOHARJO!AK71+SIDOREJO!AA71+SUMBERASRI!X71 -> 1732
B72: 3 | C72: 3. INA AMMANIA | E72: =BULUREJO!AF72+GLAGAHAGUNG!AA72+GRAJAGAN!AV72+KARETAN!O72+KRADENAN!AK72+PURWOHARJO!AK72+SIDOREJO!AA72+SUMBERASRI!X72 -> 532
B73: 4 | C73: 4. IRWAN BACHTIAR RACHMAT, M.Si. | E73: =BULUREJO!AF73+GLAGAHAGUNG!AA73+GRAJAGAN!AV73+KARETAN!O73+KRADENAN!AK73+PURWOHARJO!AK73+SIDOREJO!AA73+SUMBERASRI!X73 -> 122
B74: 5 | C74: 5. LUCKY PERDANA | E74: =BULUREJO!AF74+GLAGAHAGUNG!AA74+GRAJAGAN!AV74+KARETAN!O74+KRADENAN!AK74+PURWOHARJO!AK74+SIDOREJO!AA74+SUMBERASRI!X74 -> 437
B75: 6 | C75: 6. WIWIK PUJIYATI | E75: =BULUREJO!AF75+GLAGAHAGUNG!AA75+GRAJAGAN!AV75+KARETAN!O75+KRADENAN!AK75+PURWOHARJO!AK75+SIDOREJO!AA75+SUMBERASRI!X75 -> 330
B76: 7 | C76: 7. CHANDRA ASTAN, S.T. | E76: =BULUREJO!AF76+GLAGAHAGUNG!AA76+GRAJAGAN!AV76+KARETAN!O76+KRADENAN!AK76+PURWOHARJO!AK76+SIDOREJO!AA76+SUMBERASRI!X76 -> 646
A79: B | B79: JUMLAH SUARA SAH PARTAI POLITIK DAN CALON (A1 + A2) | E79: =SUM(E69:E76) -> 7226
A81: A.1 | B81: 4. | C81: Partai Golongan Karya | E81: =BULUREJO!AF81+GLAGAHAGUNG!AA81+GRAJAGAN!AV81+KARETAN!O81+KRADENAN!AK81+PURWOHARJO!AK81+SIDOREJO!AA81+SUMBERASRI!X81 -> 678
A82: A.2 | B82: 1 | C82: 1. ZULFIKAR ARSE SADIKIN, S.I.P., M.Si. | E82: =BULUREJO!AF82+GLAGAHAGUNG!AA82+GRAJAGAN!AV82+KARETAN!O82+KRADENAN!AK82+PURWOHARJO!AK82+SIDOREJO!AA82+SUMBERASRI!X82 -> 2736
B83: 2 | C83: 2. HANDOKO | E83: =BULUREJO!AF83+GLAGAHAGUNG!AA83+GRAJAGAN!AV83+KARETAN!O83+KRADENAN!AK83+PURWOHARJO!AK83+SIDOREJO!AA83+SUMBERASRI!X83 -> 1039
B84: 3 | C84: 3. Hj. OVI DEWI YANTI | E84: =BULUREJO!AF84+GLAGAHAGUNG!AA84+GRAJAGAN!AV84+KARETAN!O84+KRADENAN!AK84+PURWOHARJO!AK84+SIDOREJO!AA84+SUMBERASRI!X84 -> 84
B85: 4 | C85: 4. Ir. AZAM AZMAN NATAWIJANA | E85: =BULUREJO!AF85+GLAGAHAGUNG!AA85+GRAJAGAN!AV85+KARETAN!O85+KRADENAN!AK85+PURWOHARJO!AK85+SIDOREJO!AA85+SUMBERASRI!X85 -> 246
B86: 5 | C86: 5. UBAIDILLAH AMIN, S.Kom. | E86: =BULUREJO!AF86+GLAGAHAGUNG!AA86+GRAJAGAN!AV86+KARETAN!O86+KRADENAN!AK86+PURWOHARJO!AK86+SIDOREJO!AA86+SUMBERASRI!X86 -> 227
B87: 6 | C87: 6. DENNY YUNIANDARI, S.H., M.Kn. | E87: =BULUREJO!AF87+GLAGAHAGUNG!AA87+GRAJAGAN!AV87+KARETAN!O87+KRADENAN!AK87+PURWOHARJO!AK87+SIDOREJO!AA87+SUMBERASRI!X87 -> 24
B88: 7 | C88: 7. ERNADI, S.H.I. | E88: =BULUREJO!AF88+GLAGAHAGUNG!AA88+GRAJAGAN!AV88+KARETAN!O88+KRADENAN!AK88+PURWOHARJO!AK88+SIDOREJO!AA88+SUMBERASRI!X88 -> 38
A91: B | B91: JUMLAH SUARA SAH PARTAI POLITIK DAN CALON (A1 + A2) | E91: =SUM(E81:E88) -> 5072
A93: A.1 | B93: 5. | C93: Partai NasDem | E93: =BULUREJO!AF93+GLAGAHAGUNG!AA93+GRAJAGAN!AV93+KARETAN!O93+KRADENAN!AK93+PURWOHARJO!AK93+SIDOREJO!AA93+SUMBERASRI!X93 -> 499
A94: A.2 | B94: 1 | C94: 1. ACH. FADIL MUZAKKI SYAH | E94: =BULUREJO!AF94+GLAGAHAGUNG!AA94+GRAJAGAN!AV94+KARETAN!O94+KRADENAN!AK94+PURWOHARJO!AK94+SIDOREJO!AA94+SUMBERASRI!X94 -> 314
B95: 2 | C95: 2. BENY | E95: =BULUREJO!AF95+GLAGAHAGUNG!AA95+GRAJAGAN!AV95+KARETAN!O95+KRADENAN!AK95+PURWOHARJO!AK95+SIDOREJO!AA95+SUMBERASRI!X95 -> 790
B96: 3 | C96: 3. VINA VERONIKA | E96: =BULUREJO!AF96+GLAGAHAGUNG!AA96+GRAJAGAN!AV96+KARETAN!O96+KRADENAN!AK96+PURWOHARJO!AK96+SIDOREJO!AA96+SUMBERASRI!X96 -> 116
B97: 4 | C97: 4. TEDDY ANUGRIANTO | E97: =BULUREJO!AF97+GLAGAHAGUNG!AA97+GRAJAGAN!AV97+KARETAN!O97+KRADENAN!AK97+PURWOHARJO!AK97+SIDOREJO!AA97+SUMBERASRI!X97 -> 333
B98: 5 | C98: 5. INSAN KAMIL | E98: =BULUREJO!AF98+GLAGAHAGUNG!AA98+GRAJAGAN!AV98+KARETAN!O98+KRADENAN!AK98+PURWOHARJO!AK98+SIDOREJO!AA98+SUMBERASRI!X98 -> 281
B99: 6 | C99: 6. LILIK LINDARWATI | E99: =BULUREJO!AF99+GLAGAHAGUNG!AA99+GRAJAGAN!AV99+KARETAN!O99+KRADENAN!AK99+PURWOHARJO!AK99+SIDOREJO!AA99+SUMBERASRI!X99 -> 29
B100: 7 | C100: 7. YULI ANITA | E100: =BULUREJO!AF100+GLAGAHAGUNG!AA100+GRAJAGAN!AV100+KARETAN!O100+KRADENAN!AK100+PURWOHARJO!AK100+SIDOREJO!AA100+SUMBERASRI!X100 -> 16
A103: B | B103: JUMLAH SUARA SAH PARTAI POLITIK DAN CALON (A1 + A2) | E103: =SUM(E93:E100) -> 2378
A105: A.1 | B105: 6. | C105: Partai Buruh | E105: =BULUREJO!AF105+GLAGAHAGUNG!AA105+GRAJAGAN!AV105+KARETAN!O105+KRADENAN!AK105+PURWOHARJO!AK105+SIDOREJO!AA105+SUMBERASRI!X105 -> 81
A106: A.2 | B106: 1 | C106: 1. KHOIRUL ANAM | E106: =BULUREJO!AF106+GLAGAHAGUNG!AA106+GRAJAGAN!AV106+KARETAN!O106+KRADENAN!AK106+PURWOHARJO!AK106+SIDOREJO!AA106+SUMBERASRI!X106 -> 54
B107: 2 | C107: 2. INA KURNIA | E107: =BULUREJO!AF107+GLAGAHAGUNG!AA107+GRAJAGAN!AV107+KARETAN!O107+KRADENAN!AK107+PURWOHARJO!AK107+SIDOREJO!AA107+SUMBERASRI!X107 -> 38
B108: 3 | C108: 3. JIBRAL TAROUK | E108: =BULUREJO!AF108+GLAGAHAGUNG!AA108+GRAJAGAN!AV108+KARETAN!O108+KRADENAN!AK108+PURWOHARJO!AK108+SIDOREJO!AA108+SUMBERASRI!X108 -> 16
B109: 4 | C109: 4. ASTUTI DAENG PUJI | E109: =BULUREJO!AF109+GLAGAHAGUNG!AA109+GRAJAGAN!AV109+KARETAN!O109+KRADENAN!AK109+PURWOHARJO!AK109+SIDOREJO!AA109+SUMBERASRI!X109 -> 7
B110: 5 | C110: 5. ASDARMAWAN | E110: =BULUREJO!AF110+GLAGAHAGUNG!AA110+GRAJAGAN!AV110+KARETAN!O110+KRADENAN!AK110+PURWOHARJO!AK110+SIDOREJO!AA110+SUMBERASRI!X110 -> 4
B111: 6 | C111: 6. RIFQI MUBAROK | E111: =BULUREJO!AF111+GLAGAHAGUNG!AA111+GRAJAGAN!AV111+KARETAN!O111+KRADENAN!AK111+PURWOHARJO!AK111+SIDOREJO!AA111+SUMBERASRI!X111 -> 4
B112: 7 | C112: 7. FIRNANDA ALTA MEGA | E112: =BULUREJO!AF112+GLAGAHAGUNG!AA112+GRAJAGAN!AV112+KARETAN!O112+KRADENAN!AK112+PURWOHARJO!AK112+SIDOREJO!AA112+SUMBERASRI!X112 -> 7
A115: B | B115: JUMLAH SUARA SAH PARTAI POLITIK DAN CALON (A1 + A2) | E115: =SUM(E105:E112) -> 211
A117: A.1 | B117: 7. | C117: Partai Gelombang Rakyat Indonesia | E117: =BULUREJO!AF117+GLAGAHAGUNG!AA117+GRAJAGAN!AV117+KARETAN!O117+KRADENAN!AK117+PURWOHARJO!AK117+SIDOREJO!AA117+SUMBERASRI!X117 -> 249
A118: A.2 | B118: 1 | C118: 1. TITI WIDORETNO WARISMAN | E118: =BULUREJO!AF118+GLAGAHAGUNG!AA118+GRAJAGAN!AV118+KARETAN!O118+KRADENAN!AK118+PURWOHARJO!AK118+SIDOREJO!AA118+SUMBERASRI!X118 -> 51
B119: 2 | C119: 2. MAMIEK SETYANINGSIH | E119: =BULUREJO!AF119+GLAGAHAGUNG!AA119+GRAJAGAN!AV119+KARETAN!O119+KRADENAN!AK119+PURWOHARJO!AK119+SIDOREJO!AA119+SUMBERASRI!X119 -> 29
B120: 3 | C120: 3. ROMIL AZIZEN | E120: =BULUREJO!AF120+GLAGAHAGUNG!AA120+GRAJAGAN!AV120+KARETAN!O120+KRADENAN!AK120+PURWOHARJO!AK120+SIDOREJO!AA120+SUMBERASRI!X120 -> 14
A127: B | B127: JUMLAH SUARA SAH PARTAI POLITIK DAN CALON (A1 + A2) | E127: =SUM(E117:E120) -> 343
A129: A.1 | B129: 8. | C129: Partai Keadilan Sejahtera | E129: =BULUREJO!AF129+GLAGAHAGUNG!AA129+GRAJAGAN!AV129+KARETAN!O129+KRADENAN!AK129+PURWOHARJO!AK129+SIDOREJO!AA129+SUMBERASRI!X129 -> 120
A130: A.2 | B130: 1 | C130: 1. H. SAIMI SALEH, S.E., M.M. | E130: =BULUREJO!AF130+GLAGAHAGUNG!AA130+GRAJAGAN!AV130+KARETAN!O130+KRADENAN!AK130+PURWOHARJO!AK130+SIDOREJO!AA130+SUMBERASRI!X130 -> 241
B131: 2 | C131: 2. Prof. Dr. H. EGGI SUDJANA, S.H., M.Si. | E131: =BULUREJO!AF131+GLAGAHAGUNG!AA131+GRAJAGAN!AV131+KARETAN!O131+KRADENAN!AK131+PURWOHARJO!AK131+SIDOREJO!AA131+SUMBERASRI!X131 -> 111
B132: 3 | C132: 3. NURUL KHOTIMAH | E132: =BULUREJO!AF132+GLAGAHAGUNG!AA132+GRAJAGAN!AV132+KARETAN!O132+KRADENAN!AK132+PURWOHARJO!AK132+SIDOREJO!AA132+SUMBERASRI!X132 -> 16
B133: 4 | C133: 4. AKHMAD SUYANTO, S.T., M.T. | E133: =BULUREJO!AF133+GLAGAHAGUNG!AA133+GRAJAGAN!AV133+KARETAN!O133+KRADENAN!AK133+PURWOHARJO!AK133+SIDOREJO!AA133+SUMBERASRI!X133 -> 19
B134: 5 | C134: 5. PUJIYATNI | E134: =BULUREJO!AF134+GLAGAHAGUNG!AA134+GRAJAGAN!AV134+KARETAN!O134+KRADENAN!AK134+PURWOHARJO!AK134+SIDOREJO!AA134+SUMBERASRI!X134 -> 5
B135: 6 | C135: 6. HENI PURWATININGSIH | E135: =BULUREJO!AF135+GLAGAHAGUNG!AA135+GRAJAGAN!AV135+KARETAN!O135+KRADENAN!AK135+PURWOHARJO!AK135+SIDOREJO!AA135+SUMBERASRI!X135 -> 5
B136: 7 | C136: 7. MUHADI | E136: =BULUREJO!AF136+GLAGAHAGUNG!AA136+GRAJAGAN!AV136+KARETAN!O136+KRADENAN!AK136+PURWOHARJO!AK136+SIDOREJO!AA136+SUMBERASRI!X136 -> 1
A139: B | B139: JUMLAH SUARA SAH PARTAI POLITIK DAN CALON (A1 + A2) | E139: =SUM(E129:E136) -> 518
...

Sheet GRAJAGAN
C2: Kecamatan | D2: PURWOHARJO
C3: Kabupaten | D3: BANYUWANGI
C4: Provinsi | D4: JAWA TIMUR
C9: Kelurahan | D9: GRAJAGAN
A12: I | B12: DATA PEMILIH DAN PENGGUNAAN HAK PILIH | AV12: JUMLAH AKHIR
A13: A | B13: DATA PEMILIH | E13: TPS 001 | F13: TPS 002 | G13: TPS 003 | H13: TPS 004 | I13: TPS 005 | J13: TPS 006 | K13: TPS 007 | L13: TPS 008 | M13: TPS 009 | N13: TPS 010 | O13: TPS 011 | P13: TPS 012 | Q13: TPS 013 | R13: TPS 014 | S13: TPS 015 | T13: TPS 016 | U13: TPS 017 | V13: TPS 018 | W13: TPS 019 | X13: TPS 020 | Y13: TPS 021 | Z13: TPS 022 | AA13: TPS 023 | AB13: TPS 024 | AC13: TPS 025 | AD13: TPS 026 | AE13: TPS 027 | AF13: TPS 028 | AG13: TPS 029 | AH13: TPS 030 | AI13: TPS 031 | AJ13: TPS 032 | AK13: TPS 033 | AL13: TPS 034 | AM13: TPS 035 | AN13: TPS 036 | AO13: TPS 037 | AP13: TPS 038 | AQ13: TPS 039 | AR13: TPS 040 | AS13: TPS 041 | AT13: TPS 042 | AU13: TPS 043
B14: Jumlah Pemilih dalam Daftar Pemilih Tetap (DPT) | D14: LK | E14: 133 | F14: 134 | G14: 131 | H14: 125 | I14: 129 | J14: 128 | K14: 127 | L14: 128 | M14: 131 | N14: 133 | O14: 130 | P14: 142 | Q14: 127 | R14: 133 | S14: 135 | T14: 131 | U14: 136 | V14: 131 | W14: 143 | X14: 129 | Y14: 127 | Z14: 131 | AA14: 137 | AB14: 134 | AC14: 141 | AD14: 130 | AE14: 131 | AF14: 138 | AG14: 138 | AH14: 142 | AI14: 133 | AJ14: 139 | AK14: 129 | AL14: 125 | AM14: 132 | AN14: 133 | AO14: 128 | AP14: 149 | AQ14: 130 | AR14: 143 | AS14: 130 | AT14: 136 | AU14: 141 | AV14: =SUM(E14:AU14) -> 5733
D15: PR | E15: 131 | F15: 127 | G15: 135 | H15: 127 | I15: 141 | J15: 136 | K15: 136 | L15: 139 | M15: 138 | N15: 132 | O15: 137 | P15: 121 | Q15: 130 | R15: 130 | S15: 134 | T15: 127 | U15: 129 | V15: 125 | W15: 124 | X15: 124 | Y15: 134 | Z15: 138 | AA15: 140 | AB15: 138 | AC15: 138 | AD15: 128 | AE15: 140 | AF15: 139 | AG15: 134 | AH15: 128 | AI15: 115 | AJ15: 122 | AK15: 138 | AL15: 124 | AM15: 133 | AN15: 124 | AO15: 141 | AP15: 117 | AQ15: 126 | AR15: 121 | AS15: 130 | AT15: 135 | AU15: 133 | AV15: =SUM(E15:AU15) -> 5639
D16: JML | E16: =SUM(E14:E15) -> 264 | F16: =SUM(F14:F15) -> 261 | G16: =SUM(G14:G15) -> 266 | H16: =SUM(H14:H15) -> 252 | I16: =SUM(I14:I15) -> 270 | J16: =SUM(J14:J15) -> 264 | K16: =SUM(K14:K15) -> 263 | L16: =SUM(L14:L15) -> 267 | ... AU16: =SUM(AU14:AU15) -> 274 | AV16: =SUM(E16:AU16) -> 11372
A18: B | B18: PENGGUNA HAK PILIH
B19: 1. | C19: Jumlah pengguna hak pilih dalam Daftar Pemilih Tetap (DPT) | D19: LK | E19: 90 | F19: 97 | G19: 95 | H19: 92 | I19: 89 | J19: 92 | K19: 88 | L19: 95 | M19: 95 | N19: 96 | O19: 93 | P19: 99 | Q19: 98 | R19: 90 | S19: 97 | T19: 88 | U19: 102 | V19: 110 | W19: 106 | X19: 95 | Y19: 108 | Z19: 104 | AA19: 97 | AB19: 106 | AC19: 108 | AD19: 89 | AE19: 101 | AF19: 99 | AG19: 101 | AH19: 105 | AI19: 84 | AJ19: 113 | AK19: 96 | AL19: 86 | AM19: 97 | AN19: 85 | AO19: 98 | AP19: 117 | AQ19: 91 | AR19: 109 | AS19: 100 | AT19: 102 | AU19: 114 | AV19: =SUM(E19:AU19) -> 4217
D20: PR | E20: 104 | F20: 99 | G20: 110 | H20: 94 | I20: 98 | J20: 98 | K20: 106 | L20: 110 | M20: 99 | N20: 96 | O20: 108 | P20: 95 | Q20: 91 | R20: 84 | S20: 100 | T20: 94 | U20: 94 | V20: 108 | W20: 101 | X20: 98 | Y20: 113 | Z20: 117 | AA20: 109 | AB20: 107 | AC20: 112 | AD20: 98 | AE20: 104 | AF20: 113 | AG20: 96 | AH20: 105 | AI20: 81 | AJ20: 88 | AK20: 93 | AL20: 89 | AM20: 94 | AN20: 76 | AO20: 103 | AP20: 93 | AQ20: 96 | AR20: 89 | AS20: 103 | AT20: 105 | AU20: 104 | AV20: =SUM(E20:AU20) -> 4275
D21: JML | E21: =SUM(E19:E20) -> 194 | F21: =SUM(F19:F20) -> 196 | G21: =SUM(G19:G20) -> 205 | H21: =SUM(H19:H20) -> 186 | I21: =SUM(I19:I20) -> 187 | J21: =SUM(J19:J20) -> 190 | K21: =SUM(K19:K20) -> 194 | L21: =SUM(L19:L20) -> 205 | ... AU21: =SUM(AU19:AU20) -> 218 | AV21: =SUM(E21:AU21) -> 8492
B22: 2. | C22: Jumlah pengguna hak pilih dalam Daftar Pemilih Tambahan (DPTb) | D22: LK | E22: 0 | F22: 0 | G22: 0 | H22: 0 | I22: 0 | J22: 0 | K22: 0 | L22: 0 | M22: 0 | N22: 0 | O22: 0 | P22: 0 | Q22: 0 | R22: 0 | S22: 0 | T22: 0 | U22: 0 | V22: 0 | W22: 0 | X22: 0 | Y22: 0 | Z22: 0 | AA22: 0 | AB22: 0 | AC22: 0 | AD22: 0 | AE22: 0 | AF22: 0 | AG22: 0 | AH22: 0 | AI22: 0 | AJ22: 0 | AK22: 0 | AL22: 0 | AM22: 1 | AN22: 0 | AO22: 0 | AP22: 0 | AQ22: 0 | AR22: 0 | AS22: 0 | AT22: 0 | AU22: 0 | AV22: =SUM(E22:AU22) -> 1
D23: PR | E23: 0 | F23: 0 | G23: 0 | H23: 0 | I23: 0 | J23: 0 | K23: 0 | L23: 0 | M23: 0 | N23: 0 | O23: 0 | P23: 0 | Q23: 0 | R23: 0 | S23: 0 | T23: 0 | U23: 0 | V23: 0 | W23: 0 | X23: 0 | Y23: 0 | Z23: 0 | AA23: 0 | AB23: 0 | AC23: 0 | AD23: 0 | AE23: 0 | AF23: 0 | AG23: 0 | AH23: 0 | AI23: 0 | AJ23: 0 | AK23: 0 | AL23: 0 | AM23: 0 | AN23: 0 | AO23: 0 | AP23: 0 | AQ23: 0 | AR23: 0 | AS23: 0 | AT23: 0 | AU23: 0 | AV23: =SUM(E23:AU23) -> 0
D24: JML | E24: =SUM(E22:E23) -> 0 | F24: =SUM(F22:F23) -> 0 | G24: =SUM(G22:G23) -> 0 | H24: =SUM(H22:H23) -> 0 | I24: =SUM(I22:I23) -> 0 | J24: =SUM(J22:J23) -> 0 | K24: =SUM(K22:K23) -> 0 | L24: =SUM(L22:L23) -> 0 | ... AU24: =SUM(AU22:AU23) -> 0 | AV24: =SUM(E24:AU24) -> 1
B25: 3. | C25: Jumlah pengguna hak pilih dalam Daftar Pemilih Khusus (DPK) | D25: LK | E25: 2 | F25: 3 | G25: 2 | H25: 3 | I25: 1 | J25: 5 | K25: 0 | L25: 1 | M25: 2 | N25: 3 | O25: 0 | P25: 0 | Q25: 0 | R25: 1 | S25: 0 | T25: 1 | U25: 0 | V25: 0 | W25: 3 | X25: 4 | Y25: 0 | Z25: 1 | AA25: 0 | AB25: 3 | AC25: 0 | AD25: 0 | AE25: 1 | AF25: 2 | AG25: 2 | AH25: 0 | AI25: 2 | AJ25: 1 | AK25: 0 | AL25: 7 | AM25: 0 | AN25: 6 | AO25: 1 | AP25: 1 | AQ25: 2 | AR25: 3 | AS25: 2 | AT25: 0 | AU25: 0 | AV25: =SUM(E25:AU25) -> 65
D26: PR | E26: 4 | F26: 4 | G26: 1 | H26: 5 | I26: 1 | J26: 9 | K26: 0 | L26: 1 | M26: 1 | N26: 1 | O26: 1 | P26: 0 | Q26: 1 | R26: 1 | S26: 0 | T26: 4 | U26: 1 | V26: 0 | W26: 4 | X26: 4 | Y26: 0 | Z26: 2 | AA26: 0 | AB26: 2 | AC26: 0 | AD26: 1 | AE26: 1 | AF26: 1 | AG26: 2 | AH26: 2 | AI26: 2 | AJ26: 2 | AK26: 0 | AL26: 12 | AM26: 0 | AN26: 7 | AO26: 2 | AP26: 2 | AQ26: 2 | AR26: 1 | AS26: 0 | AT26: 1 | AU26: 0 | AV26: =SUM(E26:AU26) -> 85
D27: JML | E27: =SUM(E25:E26) -> 6 | F27: =SUM(F25:F26) -> 7 | G27: =SUM(G25:G26) -> 3 | H27: =SUM(H25:H26) -> 8 | I27: =SUM(I25:I26) -> 2 | J27: =SUM(J25:J26) -> 14 | K27: =SUM(K25:K26) -> 0 | L27: =SUM(L25:L26) -> 2 | ... AU27: =SUM(AU25:AU26) -> 0 | AV27: =SUM(E27:AU27) -> 150
B28: 4. | C28: Jumlah Pengguna Hak Pilih (B.1+B.2+B.3) | D28: LK | E28: =SUM(E19,E22,E25) -> 92 | F28: =SUM(F19,F22,F25) -> 100 | G28: =SUM(G19,G22,G25) -> 97 | H28: =SUM(H19,H22,H25) -> 95 | I28: =SUM(I19,I22,I25) -> 90 | J28: =SUM(J19,J22,J25) -> 97 | K28: =SUM(K19,K22,K25) -> 88 | L28: =SUM(L19,L22,L25) -> 96 | ... AU28: =SUM(AU19,AU22,AU25) -> 114 | AV28: =SUM(E28:AU28) -> 4283
D29: PR | E29: =SUM(E20,E23,E26) -> 108 | F29: =SUM(F20,F23,F26) -> 103 | G29: =SUM(G20,G23,G26) -> 111 | H29: =SUM(H20,H23,H26) -> 99 | I29: =SUM(I20,I23,I26) -> 99 | J29: =SUM(J20,J23,J26) -> 107 | K29: =SUM(K20,K23,K26) -> 106 | L29: =SUM(L20,L23,L26) -> 111 | ... AU29: =SUM(AU20,AU23,AU26) -> 104 | AV29: =SUM(E29:AU29) -> 4360
D30: JML | E30: =SUM(E28:E29) -> 200 | F30: =SUM(F28:F29) -> 203 | G30: =SUM(G28:G29) -> 208 | H30: =SUM(H28:H29) -> 194 | I30: =SUM(I28:I29) -> 189 | J30: =SUM(J28:J29) -> 204 | K30: =SUM(K28:K29) -> 194 | L30: =SUM(L28:L29) -> 207 | ... AU30: =SUM(AU28:AU29) -> 218 | AV30: =SUM(E30:AU30) -> 8643
A32: II | B32: DATA PENGGUNAAN SURAT SUARA
A33: 1 | B33: Jumlah surat suara yang diterima, termasuk surat suara cadangan 2,5% dari DPT | E33: 270 | F33: 267 | G33: 272 | H33: 258 | I33: 276 | J33: 270 | K33: 269 | L33: 273 | M33: 275 | N33: 271 | O33: 273 | P33: 269 | Q33: 263 | R33: 269 | S33: 275 | T33: 264 | U33: 271 | V33: 263 | W33: 273 | X33: 259 | Y33: 267 | Z33: 275 | AA33: 283 | AB33: 246 | AC33: 284 | AD33: 264 | AE33: 278 | AF33: 285 | AG33: 278 | AH33: 276 | AI33: 253 | AJ33: 267 | AK33: 263 | AL33: 254 | AM33: 270 | AN33: 263 | AO33: 275 | AP33: 273 | AQ33: 262 | AR33: 270 | AS33: 266 | AT33: 277 | AU33: 280 | AV33: =SUM(E33:AU33) -> 11589
A34: 2 | B34: Jumlah surat suara yang digunakan | E34: 200 | F34: 203 | G34: 208 | H34: 194 | I34: 189 | J34: 204 | K34: 194 | L34: 207 | M34: 197 | N34: 196 | O34: 202 | P34: 194 | Q34: 190 | R34: 176 | S34: 197 | T34: 187 | U34: 197 | V34: 218 | W34: 214 | X34: 201 | Y34: 221 | Z34: 224 | AA34: 206 | AB34: 218 | AC34: 220 | AD34: 188 | AE34: 207 | AF34: 215 | AG34: 201 | AH34: 212 | AI34: 169 | AJ34: 204 | AK34: 189 | AL34: 194 | AM34: 192 | AN34: 174 | AO34: 204 | AP34: 213 | AQ34: 191 | AR34: 202 | AS34: 205 | AT34: 208 | AU34: 218 | AV34: =SUM(E34:AU34) -> 8643
A35: 3 | B35: Jumlah surat suara dikembalikan oleh pemilih (karena rusak atau keliru coblos) | E35: 1 | F35: 0 | G35: 0 | H35: 0 | I35: 0 | J35: 0 | K35: 0 | L35: 0 | M35: 0 | N35: 0 | O35: 0 | P35: 0 | Q35: 1 | R35: 0 | S35: 0 | T35: 0 | U35: 0 | V35: 2 | W35: 0 | X35: 0 | Y35: 2 | Z35: 0 | AA35: 0 | AB35: 1 | AC35: 1 | AD35: 1 | AE35: 1 | AF35: 0 | AG35: 0 | AH35: 0 | AI35: 0 | AJ35: 0 | AK35: 1 | AL35: 1 | AM35: 0 | AN35: 0 | AO35: 0 | AP35: 1 | AQ35: 0 | AR35: 0 | AS35: 0 | AT35: 0 | AU35: 0 | AV35: =SUM(E35:AU35) -> 13
A36: 4 | B36: Jumlah surat suara yang tidak digunakan/tidak terpakai, termasuk sisa surat suara cadangan | E36: =E33-(E34+E35) -> 69 | F36: =F33-(F34+F35) -> 64 | G36: =G33-(G34+G35) -> 64 | H36: =H33-(H34+H35) -> 64 | I36: =I33-(I34+I35) -> 87 | J36: =J33-(J34+J35) -> 66 | K36: =K33-(K34+K35) -> 75 | L36: =L33-(L34+L35) -> 66 | ... AU36: =AU33-(AU34+AU35) -> 62 | AV36: =SUM(E36:AU36) -> 2933
A38: III | B38: DATA PEMILIH DISABILITAS
B39: Jumlah seluruh Pemilih disabilitas yang menggunakan hak pilih | D39: LK | E39: 0 | F39: 0 | G39: 0 | H39: 0 | I39: 0 | J39: 0 | K39: 0 | L39: 0 | M39: 0 | N39: 0 | O39: 0 | P39: 0 | Q39: 0 | R39: 0 | S39: 0 | T39: 0 | U39: 0 | V39: 0 | W39: 0 | X39: 0 | Y39: 0 | Z39: 0 | AA39: 0 | AB39: 0 | AC39: 0 | AD39: 0 | AE39: 0 | AF39: 0 | AG39: 0 | AH39: 0 | AI39: 0 | AJ39: 0 | AK39: 0 | AL39: 0 | AM39: 0 | AN39: 0 | AO39: 0 | AP39: 0 | AQ39: 0 | AR39: 1 | AS39: 0 | AT39: 0 | AU39: 0 | AV39: =SUM(E39:AU39) -> 1
D40: PR | E40: 0 | F40: 0 | G40: 0 | H40: 0 | I40: 0 | J40: 0 | K40: 0 | L40: 0 | M40: 0 | N40: 0 | O40: 0 | P40: 0 | Q40: 0 | R40: 0 | S40: 0 | T40: 0 | U40: 0 | V40: 0 | W40: 0 | X40: 0 | Y40: 0 | Z40: 0 | AA40: 0 | AB40: 0 | AC40: 0 | AD40: 0 | AE40: 0 | AF40: 0 | AG40: 0 | AH40: 0 | AI40: 0 | AJ40: 0 | AK40: 0 | AL40: 0 | AM40: 0 | AN40: 0 | AO40: 0 | AP40: 0 | AQ40: 0 | AR40: 0 | AS40: 0 | AT40: 0 | AU40: 0 | AV40: =SUM(E40:AU40) -> 0
D41: JML | E41: =SUM(E39:E40) -> 0 | F41: =SUM(F39:F40) -> 0 | G41: =SUM(G39:G40) -> 0 | H41: =SUM(H39:H40) -> 0 | I41: =SUM(I39:I40) -> 0 | J41: =SUM(J39:J40) -> 0 | K41: =SUM(K39:K40) -> 0 | L41: =SUM(L39:L40) -> 0 | ... AU41: =SUM(AU39:AU40) -> 0 | AV41: =SUM(E41:AU41) -> 1
A43: IV | B43: DATA RINCIAN PEROLEHAN SUARA PASANGAN CALON BUPATI DAN WAKIL BUPATI
A44: NOMOR DAN NAMA CALON
A45: A.1 | B45: 1. | C45: Partai Kebangkitan Bangsa | E45: 7 | F45: 7 | G45: 13 | H45: 4 | I45: 9 | J45: 5 | K45: 9 | L45: 2 | M45: 8 | N45: 7 | O45: 2 | P45: 2 | Q45: 6 | R45: 1 | S45: 1 | T45: 10 | U45: 1 | V45: 2 | W45: 6 | X45: 0 | Y45: 1 | Z45: 9 | AA45: 2 | AB45: 5 | AC45: 6 | AD45: 4 | AE45: 8 | AF45: 7 | AG45: 1 | AH45: 0 | AI45: 3 | AJ45: 2 | AK45: 8 | AL45: 3 | AM45: 3 | AN45: 3 | AO45: 7 | AP45: 6 | AQ45: 2 | AR45: 5 | AS45: 6 | AT45: 6 | AU45: 4 | AV45: =SUM(E45:AU45) -> 203
A46: A.2 | B46: 1 | C46: 1. Dr. Hj. NIHAYATUL WAFIROH, M.A. | E46: 13 | F46: 17 | G46: 30 | H46: 33 | I46: 30 | J46: 16 | K46: 13 | L46: 6 | M46: 45 | N46: 3 | O46: 12 | P46: 41 | Q46: 6 | R46: 6 | S46: 1 | T46: 14 | U46: 6 | V46: 8 | W46: 4 | X46: 4 | Y46: 0 | Z46: 22 | AA46: 15 | AB46: 9 | AC46: 15 | AD46: 5 | AE46: 5 | AF46: 3 | AG46: 4 | AH46: 2 | AI46: 4 | AJ46: 6 | AK46: 20 | AL46: 6 | AM46: 8 | AN46: 1 | AO46: 7 | AP46: 10 | AQ46: 11 | AR46: 8 | AS46: 6 | AT46: 6 | AU46: 3 | AV46: =SUM(E46:AU46) -> 484
B47: 2 | C47: 2. H. M. NASIM KHAN | E47: 1 | F47: 7 | G47: 5 | H47: 2 | I47: 7 | J47: 6 | K47: 0 | L47: 3 | M47: 3 | N47: 3 | O47: 8 | P47: 0 | Q47: 5 | R47: 8 | S47: 7 | T47: 11 | U47: 8 | V47: 12 | W47: 10 | X47: 5 | Y47: 3 | Z47: 8 | AA47: 6 | AB47: 15 | AC47: 15 | AD47: 14 | AE47: 14 | AF47: 20 | AG47: 2 | AH47: 12 | AI47: 2 | AJ47: 4 | AK47: 3 | AL47: 0 | AM47: 1 | AN47: 1 | AO47: 1 | AP47: 3 | AQ47: 1 | AR47: 2 | AS47: 4 | AT47: 3 | AU47: 1 | AV47: =SUM(E47:AU47) -> 246
B48: 3 | C48: 3. Dr. H. AKIK ZAMAN, M.Pd.I. | E48: 0 | F48: 0 | G48: 3 | H48: 0 | I48: 2 | J48: 1 | K48: 0 | L48: 0 | M48: 0 | N48: 0 | O48: 0 | P48: 0 | Q48: 0 | R48: 1 | S48: 0 | T48: 1 | U48: 3 | V48: 1 | W48: 0 | X48: 0 | Y48: 0 | Z48: 2 | AA48: 0 | AB48: 4 | AC48: 1 | AD48: 0 | AE48: 0 | AF48: 0 | AG48: 1 | AH48: 1 | AI48: 0 | AJ48: 1 | AK48: 0 | AL48: 1 | AM48: 0 | AN48: 0 | AO48: 1 | AP48: 0 | AQ48: 0 | AR48: 0 | AS48: 0 | AT48: 0 | AU48: 0 | AV48: =SUM(E48:AU48) -> 24
B49: 4 | C49: 4. AHMAD RIFA'I, S.H. | E49: 0 | F49: 1 | G49: 0 | H49: 3 | I49: 2 | J49: 1 | K49: 0 | L49: 0 | M49: 0 | N49: 0 | O49: 1 | P49: 0 | Q49: 0 | R49: 0 | S49: 0 | T49: 0 | U49: 2 | V49: 2 | W49: 0 | X49: 0 | Y49: 0 | Z49: 0 | AA49: 0 | AB49: 0 | AC49: 1 | AD49: 0 | AE49: 1 | AF49: 0 | AG49: 1 | AH49: 0 | AI49: 1 | AJ49: 0 | AK49: 0 | AL49: 0 | AM49: 1 | AN49: 0 | AO49: 2 | AP49: 0 | AQ49: 0 | AR49: 0 | AS49: 1 | AT49: 1 | AU49: 0 | AV49: =SUM(E49:AU49) -> 21
B50: 5 | C50: 5. Drs. H. MAHFUD M.N. | E50: 1 | F50: 1 | G50: 1 | H50: 0 | I50: 0 | J50: 0 | K50: 1 | L50: 0 | M50: 0 | N50: 0 | O50: 0 | P50: 0 | Q50: 0 | R50: 0 | S50: 0 | T50: 1 | U50: 0 | V50: 0 | W50: 0 | X50: 0 | Y50: 0 | Z50: 0 | AA50: 0 | AB50: 0 | AC50: 1 | AD50: 1 | AE50: 0 | AF50: 1 | AG50: 0 | AH50: 0 | AI50: 1 | AJ50: 0 | AK50: 0 | AL50: 0 | AM50: 0 | AN50: 0 | AO50: 0 | AP50: 0 | AQ50: 0 | AR50: 0 | AS50: 0 | AT50: 0 | AU50: 1 | AV50: =SUM(E50:AU50) -> 10
B51: 6 | C51: 6. NURHAYATI, S.Pd. | E51: 0 | F51: 0 | G51: 1 | H51: 0 | I51: 0 | J51: 0 | K51: 0 | L51: 0 | M51: 0 | N51: 0 | O51: 0 | P51: 1 | Q51: 1 | R51: 0 | S51: 0 | T51: 0 | U51: 0 | V51: 1 | W51: 0 | X51: 0 | Y51: 0 | Z51: 0 | AA51: 1 | AB51: 0 | AC51: 0 | AD51: 2 | AE51: 2 | AF51: 0 | AG51: 0 | AH51: 0 | AI51: 2 | AJ51: 2 | AK51: 0 | AL51: 0 | AM51: 0 | AN51: 0 | AO51: 0 | AP51: 2 | AQ51: 1 | AR51: 0 | AS51: 0 | AT51: 0 | AU51: 0 | AV51: =SUM(E51:AU51) -> 16
B52: 7 | C52: 7. MAFTUHA KISWAH | E52: 0 | F52: 0 | G52: 1 | H52: 0 | I52: 0 | J52: 0 | K52: 0 | L52: 0 | M52: 0 | N52: 0 | O52: 0 | P52: 0 | Q52: 0 | R52: 0 | S52: 0 | T52: 0 | U52: 0 | V52: 0 | W52: 0 | X52: 1 | Y52: 0 | Z52: 0 | AA52: 0 | AB52: 2 | AC52: 0 | AD52: 0 | AE52: 1 | AF52: 0 | AG52: 0 | AH52: 0 | AI52: 0 | AJ52: 1 | AK52: 1 | AL52: 1 | AM52: 0 | AN52: 0 | AO52: 0 | AP52: 1 | AQ52: 0 | AR52: 0 | AS52: 0 | AT52: 1 | AU52: 0 | AV52: =SUM(E52:AU52) -> 10
AV53: =SUM(E53:AU53) -> 0
AV54: =SUM(E54:AU54) -> 0
A55: B | B55: JUMLAH SUARA SAH PARTAI POLITIK DAN CALON (A1 + A2) | E55: =SUM(E45:E52) -> 22 | F55: =SUM(F45:F52) -> 33 | G55: =SUM(G45:G52) -> 54 | H55: =SUM(H45:H52) -> 42 | I55: =SUM(I45:I52) -> 50 | J55: =SUM(J45:J52) -> 29 | K55: =SUM(K45:K52) -> 23 | L55: =SUM(L45:L52) -> 11 | ... AU55: =SUM(AU45:AU52) -> 9 | AV55: =SUM(E55:AU55) -> 1014
A57: A.1 | B57: 2. | C57: Partai Gerakan Indonesia Raya | E57: 16 | F57: 12 | G57: 22 | H57: 8 | I57: 19 | J57: 22 | K57: 13 | L57: 11 | M57: 5 | N57: 22 | O57: 18 | P57: 33 | Q57: 14 | R57: 25 | S57: 8 | T57: 22 | U57: 11 | V57: 10 | W57: 18 | X57: 3 | Y57: 4 | Z57: 22 | AA57: 11 | AB57: 33 | AC57: 20 | AD57: 12 | AE57: 12 | AF57: 17 | AG57: 18 | AH57: 3 | AI57: 10 | AJ57: 7 | AK57: 5 | AL57: 12 | AM57: 5 | AN57: 14 | AO57: 12 | AP57: 7 | AQ57: 25 | AR57: 8 | AS57: 18 | AT57: 20 | AU57: 13 | AV57: =SUM(E57:AU57) -> 620
A58: A.2 | B58: 1 | C58: 1. SUMAIL ABDULLAH | E58: 21 | F58: 13 | G58: 8 | H58: 10 | I58: 6 | J58: 7 | K58: 5 | L58: 12 | M58: 8 | N58: 6 | O58: 16 | P58: 22 | Q58: 34 | R58: 7 | S58: 8 | T58: 9 | U58: 21 | V58: 6 | W58: 9 | X58: 13 | Y58: 5 | Z58: 25 | AA58: 7 | AB58: 13 | AC58: 6 | AD58: 3 | AE58: 0 | AF58: 3 | AG58: 4 | AH58: 4 | AI58: 3 | AJ58: 5 | AK58: 9 | AL58: 14 | AM58: 9 | AN58: 10 | AO58: 15 | AP58: 15 | AQ58: 10 | AR58: 11 | AS58: 6 | AT58: 11 | AU58: 8 | AV58: =SUM(E58:AU58) -> 437
B59: 2 | C59: 2. MUHAMMAD ALI ADRIAN SALEH | E59: 34 | F59: 31 | G59: 10 | H59: 6 | I59: 12 | J59: 23 | K59: 5 | L59: 21 | M59: 8 | N59: 11 | O59: 26 | P59: 30 | Q59: 8 | R59: 35 | S59: 10 | T59: 12 | U59: 17 | V59: 35 | W59: 10 | X59: 87 | Y59: 137 | Z59: 23 | AA59: 26 | AB59: 11 | AC59: 41 | AD59: 16 | AE59: 20 | AF59: 4 | AG59: 22 | AH59: 88 | AI59: 14 | AJ59: 9 | AK59: 18 | AL59: 23 | AM59: 16 | AN59: 5 | AO59: 10 | AP59: 18 | AQ59: 14 | AR59: 37 | AS59: 21 | AT59: 6 | AU59: 9 | AV59: =SUM(E59:AU59) -> 1019
B60: 3 | C60: 3. DURROTUN NAFISAH | E60: 3 | F60: 3 | G60: 0 | H60: 1 | I60: 0 | J60: 0 | K60: 1 | L60: 0 | M60: 2 | N60: 3 | O60: 2 | P60: 1 | Q60: 1 | R60: 1 | S60: 2 | T60: 1 | U60: 2 | V60: 0 | W60: 0 | X60: 2 | Y60: 1 | Z60: 2 | AA60: 2 | AB60: 2 | AC60: 2 | AD60: 1 | AE60: 1 | AF60: 1 | AG60: 0 | AH60: 1 | AI60: 2 | AJ60: 0 | AK60: 0 | AL60: 1 | AM60: 0 | AN60: 0 | AO60: 1 | AP60: 1 | AQ60: 0 | AR60: 3 | AS60: 2 | AT60: 2 | AU60: 2 | AV60: =SUM(E60:AU60) -> 52
B61: 4 | C61: 4. H. EKO SUSILO NURHIDAYAT | E61: 4 | F61: 3 | G61: 4 | H61: 2 | I61: 4 | J61: 5 | K61: 3 | L61: 0 | M61: 1 | N61: 0 | O61: 1 | P61: 1 | Q61: 2 | R61: 4 | S61: 2 | T61: 3 | U61: 2 | V61: 5 | W61: 0 | X61: 0 | Y61: 2 | Z61: 5 | AA61: 3 | AB61: 2 | AC61: 3 | AD61: 5 | AE61: 0 | AF61: 2 | AG61: 1 | AH61: 0 | AI61: 1 | AJ61: 1 | AK61: 4 | AL61: 1 | AM61: 0 | AN61: 0 | AO61: 4 | AP61: 2 | AQ61: 1 | AR61: 3 | AS61: 2 | AT61: 0 | AU61: 2 | AV61: =SUM(E61:AU61) -> 90
B62: 5 | C62: 5. KARNADI HARIJANTO, S.S. | E62: 0 | F62: 4 | G62: 0 | H62: 0 | I62: 1 | J62: 0 | K62: 0 | L62: 0 | M62: 0 | N62: 0 | O62: 1 | P62: 0 | Q62: 1 | R62: 0 | S62: 0 | T62: 1 | U62: 0 | V62: 0 | W62: 0 | X62: 0 | Y62: 1 | Z62: 1 | AA62: 2 | AB62: 1 | AC62: 1 | AD62: 0 | AE62: 0 | AF62: 1 | AG62: 0 | AH62: 0 | AI62: 0 | AJ62: 0 | AK62: 0 | AL62: 1 | AM62: 0 | AN62: 1 | AO62: 0 | AP62: 0 | AQ62: 0 | AR62: 0 | AS62: 0 | AT62: 0 | AU62: 0 | AV62: =SUM(E62:AU62) -> 17
B63: 6 | C63: 6. NURHAYATI | E63: 2 | F63: 0 | G63: 1 | H63: 1 | I63: 2 | J63: 0 | K63: 0 | L63: 0 | M63: 0 | N63: 1 | O63: 2 | P63: 2 | Q63: 3 | R63: 2 | S63: 1 | T63: 1 | U63: 1 | V63: 0 | W63: 0 | X63: 2 | Y63: 1 | Z63: 1 | AA63: 1 | AB63: 1 | AC63: 1 | AD63: 2 | AE63: 0 | AF63: 1 | AG63: 1 | AH63: 1 | AI63: 1 | AJ63: 0 | AK63: 0 | AL63: 1 | AM63: 2 | AN63: 3 | AO63: 1 | AP63: 2 | AQ63: 1 | AR63: 1 | AS63: 3 | AT63: 4 | AU63: 1 | AV63: =SUM(E63:AU63) -> 51
B64: 7 | C64: 7. MASHUDI | E64: 1 | F64: 0 | G64: 0 | H64: 0 | I64: 0 | J64: 0 | K64: 0 | L64: 0 | M64: 0 | N64: 0 | O64: 0 | P64: 0 | Q64: 1 | R64: 0 | S64: 0 | T64: 0 | U64: 1 | V64: 0 | W64: 0 | X64: 0 | Y64: 0 | Z64: 0 | AA64: 0 | AB64: 1 | AC64: 1 | AD64: 1 | AE64: 0 | AF64: 1 | AG64: 0 | AH64: 0 | AI64: 0 | AJ64: 0 | AK64: 0 | AL64: 0 | AM64: 0 | AN64: 1 | AO64: 1 | AP64: 0 | AQ64: 0 | AR64: 2 | AS64: 1 | AT64: 1 | AU64: 1 | AV64: =SUM(E64:AU64) -> 14
AV65: =SUM(E65:AU65) -> 0
AV66: =SUM(E66:AU66) -> 0
A67: B | B67: JUMLAH SUARA SAH PARTAI POLITIK DAN CALON (A1 + A2) | E67: =SUM(E57:E64) -> 81 | F67: =SUM(F57:F64) -> 66 | G67: =SUM(G57:G64) -> 45 | H67: =SUM(H57:H64) -> 28 | I67: =SUM(I57:I64) -> 44 | J67: =SUM(J57:J64) -> 57 | K67: =SUM(K57:K64) -> 27 | L67: =SUM(L57:L64) -> 44 | ... AU67: =SUM(AU57:AU64) -> 36 | AV67: =SUM(E67:AU67) -> 2300
A69: A.1 | B69: 3. | C69: Partai Demokrasi Indonesia Perjuangan | E69: 10 | F69: 5 | G69: 10 | H69: 5 | I69: 3 | J69: 9 | K69: 7 | L69: 6 | M69: 4 | N69: 12 | O69: 7 | P69: 4 | Q69: 9 | R69: 6 | S69: 7 | T69: 10 | U69: 4 | V69: 5 | W69: 18 | X69: 3 | Y69: 0 | Z69: 13 | AA69: 5 | AB69: 17 | AC69: 7 | AD69: 18 | AE69: 20 | AF69: 26 | AG69: 7 | AH69: 5 | AI69: 31 | AJ69: 18 | AK69: 21 | AL69: 11 | AM69: 18 | AN69: 28 | AO69: 6 | AP69: 19 | AQ69: 6 | AR69: 7 | AS69: 15 | AT69: 23 | AU69: 11 | AV69: =SUM(E69:AU69) -> 476
A70: A.2 | B70: 1 | C70: 1. SONNY TRI DANAPARAMITA, S.H., M.H. | E70: 6 | F70: 4 | G70: 15 | H70: 7 | I70: 6 | J70: 6 | K70: 9 | L70: 7 | M70: 4 | N70: 5 | O70: 5 | P70: 10 | Q70: 16 | R70: 4 | S70: 5 | T70: 7 | U70: 3 | V70: 8 | W70: 6 | X70: 2 | Y70: 2 | Z70: 5 | AA70: 13 | AB70: 2 | AC70: 9 | AD70: 8 | AE70: 13 | AF70: 5 | AG70: 10 | AH70: 14 | AI70: 7 | AJ70: 20 | AK70: 25 | AL70: 29 | AM70: 23 | AN70: 12 | AO70: 15 | AP70: 8 | AQ70: 7 | AR70: 10 | AS70: 6 | AT70: 3 | AU70: 4 | AV70: =SUM(E70:AU70) -> 385
B71: 2 | C71: 2. H. MOHAMAD GUNTUR ROMLI | E71: 4 | F71: 6 | G71: 8 | H71: 18 | I71: 7 | J71: 7 | K71: 69 | L71: 31 | M71: 14 | N71: 14 | O71: 8 | P71: 1 | Q71: 5 | R71: 10 | S71: 7 | T71: 6 | U71: 3 | V71: 1 | W71: 1 | X71: 6 | Y71: 4 | Z71: 21 | AA71: 30 | AB71: 4 | AC71: 6 | AD71: 6 | AE71: 7 | AF71: 16 | AG71: 3 | AH71: 6 | AI71: 3 | AJ71: 0 | AK71: 1 | AL71: 2 | AM71: 6 | AN71: 0 | AO71: 2 | AP71: 1 | AQ71: 6 | AR71: 3 | AS71: 5 | AT71: 2 | AU71: 2 | AV71: =SUM(E71:AU71) -> 362
B72: 3 | C72: 3. INA AMMANIA | E72: 3 | F72: 2 | G72: 1 | H72: 1 | I72: 1 | J72: 4 | K72: 0 | L72: 1 | M72: 0 | N72: 2 | O72: 2 | P72: 1 | Q72: 0 | R72: 3 | S72: 3 | T72: 4 | U72: 2 | V72: 2 | W72: 2 | X72: 1 | Y72: 1 | Z72: 3 | AA72: 2 | AB72: 11 | AC72: 2 | AD72: 6 | AE72: 1 | AF72: 9 | AG72: 2 | AH72: 2 | AI72: 1 | AJ72: 1 | AK72: 0 | AL72: 1 | AM72: 0 | AN72: 1 | AO72: 2 | AP72: 0 | AQ72: 2 | AR72: 1 | AS72: 5 | AT72: 3 | AU72: 2 | AV72: =SUM(E72:AU72) -> 93
B73: 4 | C73: 4. IRWAN BACHTIAR RACHMAT, M.Si. | E73: 2 | F73: 0 | G73: 2 | H73: 1 | I73: 1 | J73: 0 | K73: 0 | L73: 0 | M73: 0 | N73: 1 | O73: 1 | P73: 0 | Q73: 0 | R73: 0 | S73: 1 | T73: 0 | U73: 0 | V73: 0 | W73: 1 | X73: 0 | Y73: 0 | Z73: 1 | AA73: 0 | AB73: 0 | AC73: 3 | AD73: 0 | AE73: 1 | AF73: 0 | AG73: 1 | AH73: 0 | AI73: 0 | AJ73: 2 | AK73: 0 | AL73: 1 | AM73: 0 | AN73: 0 | AO73: 0 | AP73: 0 | AQ73: 0 | AR73: 3 | AS73: 1 | AT73: 1 | AU73: 1 | AV73: =SUM(E73:AU73) -> 25
B74: 5 | C74: 5. LUCKY PERDANA | E74: 1 | F74: 1 | G74: 4 | H74: 3 | I74: 2 | J74: 3 | K74: 1 | L74: 1 | M74: 0 | N74: 2 | O74: 5 | P74: 0 | Q74: 4 | R74: 2 | S74: 3 | T74: 2 | U74: 0 | V74: 1 | W74: 4 | X74: 1 | Y74: 1 | Z74: 3 | AA74: 3 | AB74: 4 | AC74: 1 | AD74: 0 | AE74: 4 | AF74: 5 | AG74: 0 | AH74: 0 | AI74: 0 | AJ74: 2 | AK74: 0 | AL74: 2 | AM74: 1 | AN74: 0 | AO74: 0 | AP74: 1 | AQ74: 0 | AR74: 1 | AS74: 2 | AT74: 1 | AU74: 1 | AV74: =SUM(E74:AU74) -> 72
B75: 6 | C75: 6. WIWIK PUJIYATI | E75: 0 | F75: 0 | G75: 1 | H75: 4 | I75: 2 | J75: 2 | K75: 2 | L75: 2 | M75: 0 | N75: 1 | O75: 3 | P75: 1 | Q75: 7 | R75: 4 | S75: 1 | T75: 1 | U75: 3 | V75: 0 | W75: 3 | X75: 1 | Y75: 1 | Z75: 2 | AA75: 7 | AB75: 5 | AC75: 2 | AD75: 6 | AE75: 8 | AF75: 6 | AG75: 2 | AH75: 2 | AI75: 1 | AJ75: 1 | AK75: 4 | AL75: 0 | AM75: 0 | AN75: 1 | AO75: 2 | AP75: 0 | AQ75: 1 | AR75: 1 | AS75: 4 | AT75: 3 | AU75: 1 | AV75: =SUM(E75:AU75) -> 98
B76: 7 | C76: 7. CHANDRA ASTAN, S.T. | E76: 0 | F76: 0 | G76: 0 | H76: 1 | I76: 0 | J76: 0 | K76: 0 | L76: 0 | M76: 0 | N76: 1 | O76: 2 | P76: 0 | Q76: 1 | R76: 0 | S76: 1 | T76: 1 | U76: 1 | V76: 0 | W76: 1 | X76: 0 | Y76: 0 | Z76: 0 | AA76: 3 | AB76: 0 | AC76: 1 | AD76: 2 | AE76: 2 | AF76: 6 | AG76: 0 | AH76: 1 | AI76: 5 | AJ76: 5 | AK76: 3 | AL76: 4 | AM76: 6 | AN76: 10 | AO76: 4 | AP76: 0 | AQ76: 8 | AR76: 11 | AS76: 19 | AT76: 41 | AU76: 86 | AV76: =SUM(E76:AU76) -> 226
AV77: =SUM(E77:AU77) -> 0
AV78: =SUM(E78:AU78) -> 0
A79: B | B79: JUMLAH SUARA SAH PARTAI POLITIK DAN CALON (A1 + A2) | E79: =SUM(E69:E76) -> 26 | F79: =SUM(F69:F76) -> 18 | G79: =SUM(G69:G76) -> 41 | H79: =SUM(H69:H76) -> 40 | I79: =SUM(I69:I76) -> 22 | J79: =SUM(J69:J76) -> 31 | K79: =SUM(K69:K76) -> 88 | L79: =SUM(L69:L76) -> 48 | ... AU79: =SUM(AU69:AU76) -> 108 | AV79: =SUM(E79:AU79) -> 1737
A81: A.1 | B81: 4. | C81: Partai Golongan Karya | E81: 1 | F81: 1 | G81: 1 | H81: 2 | I81: 1 | J81: 0 | K81: 1 | L81: 4 | M81: 2 | N81: 10 | O81: 4 | P81: 2 | Q81: 2 | R81: 5 | S81: 3 | T81: 1 | U81: 1 | V81: 2 | W81: 8 | X81: 0 | Y81: 1 | Z81: 7 | AA81: 2 | AB81: 6 | AC81: 9 | AD81: 2 | AE81: 7 | AF81: 7 | AG81: 5 | AH81: 0 | AI81: 1 | AJ81: 1 | AK81: 0 | AL81: 3 | AM81: 1 | AN81: 1 | AO81: 4 | AP81: 0 | AQ81: 2 | AR81: 0 | AS81: 1 | AT81: 4 | AU81: 0 | AV81: =SUM(E81:AU81) -> 115
A82: A.2 | B82: 1 | C82: 1. ZULFIKAR ARSE SADIKIN, S.I.P., M.Si. | E82: 5 | F82: 2 | G82: 2 | H82: 4 | I82: 6 | J82: 1 | K82: 4 | L82: 59 | M82: 72 | N82: 27 | O82: 7 | P82: 4 | Q82: 4 | R82: 1 | S82: 4 | T82: 1 | U82: 1 | V82: 7 | W82: 34 | X82: 4 | Y82: 4 | Z82: 5 | AA82: 3 | AB82: 2 | AC82: 15 | AD82: 1 | AE82: 24 | AF82: 6 | AG82: 86 | AH82: 2 | AI82: 0 | AJ82: 4 | AK82: 1 | AL82: 0 | AM82: 2 | AN82: 0 | AO82: 0 | AP82: 1 | AQ82: 3 | AR82: 2 | AS82: 2 | AT82: 0 | AU82: 4 | AV82: =SUM(E82:AU82) -> 416
B83: 2 | C83: 2. HANDOKO | E83: 3 | F83: 10 | G83: 10 | H83: 4 | I83: 5 | J83: 7 | K83: 8 | L83: 6 | M83: 4 | N83: 6 | O83: 2 | P83: 2 | Q83: 8 | R83: 10 | S83: 0 | T83: 4 | U83: 4 | V83: 3 | W83: 6 | X83: 8 | Y83: 23 | Z83: 7 | AA83: 11 | AB83: 11 | AC83: 7 | AD83: 18 | AE83: 5 | AF83: 4 | AG83: 1 | AH83: 2 | AI83: 1 | AJ83: 0 | AK83: 1 | AL83: 0 | AM83: 0 | AN83: 0 | AO83: 2 | AP83: 0 | AQ83: 1 | AR83: 1 | AS83: 1 | AT83: 3 | AU83: 1 | AV83: =SUM(E83:AU83) -> 210
B84: 3 | C84: 3. Hj. OVI DEWI YANTI | E84: 1 | F84: 0 | G84: 0 | H84: 0 | I84: 0 | J84: 0 | K84: 0 | L84: 0 | M84: 0 | N84: 1 | O84: 1 | P84: 0 | Q84: 1 | R84: 0 | S84: 0 | T84: 0 | U84: 0 | V84: 0 | W84: 1 | X84: 0 | Y84: 0 | Z84: 0 | AA84: 0 | AB84: 1 | AC84: 2 | AD84: 1 | AE84: 0 | AF84: 0 | AG84: 0 | AH84: 0 | AI84: 0 | AJ84: 1 | AK84: 0 | AL84: 0 | AM84: 0 | AN84: 0 | AO84: 1 | AP84: 0 | AQ84: 0 | AR84: 1 | AS84: 0 | AT84: 0 | AU84: 0 | AV84: =SUM(E84:AU84) -> 12
B85: 4 | C85: 4. Ir. AZAM AZMAN NATAWIJANA | E85: 0 | F85: 0 | G85: 0 | H85: 0 | I85: 0 | J85: 0 | K85: 0 | L85: 1 | M85: 0 | N85: 0 | O85: 3 | P85: 0 | Q85: 1 | R85: 0 | S85: 0 | T85: 0 | U85: 0 | V85: 0 | W85: 3 | X85: 0 | Y85: 0 | Z85: 0 | AA85: 0 | AB85: 0 | AC85: 0 | AD85: 1 | AE85: 0 | AF85: 0 | AG85: 0 | AH85: 0 | AI85: 2 | AJ85: 0 | AK85: 0 | AL85: 0 | AM85: 1 | AN85: 0 | AO85: 0 | AP85: 0 | AQ85: 0 | AR85: 1 | AS85: 0 | AT85: 0 | AU85: 0 | AV85: =SUM(E85:AU85) -> 13
B86: 5 | C86: 5. UBAIDILLAH AMIN, S.Kom. | E86: 0 | F86: 1 | G86: 4 | H86: 0 | I86: 0 | J86: 3 | K86: 1 | L86: 0 | M86: 0 | N86: 1 | O86: 0 | P86: 1 | Q86: 0 | R86: 0 | S86: 0 | T86: 0 | U86: 8 | V86: 0 | W86: 4 | X86: 0 | Y86: 0 | Z86: 1 | AA86: 1 | AB86: 3 | AC86: 0 | AD86: 0 | AE86: 0 | AF86: 0 | AG86: 0 | AH86: 0 | AI86: 0 | AJ86: 1 | AK86: 2 | AL86: 0 | AM86: 1 | AN86: 3 | AO86: 0 | AP86: 0 | AQ86: 0 | AR86: 0 | AS86: 0 | AT86: 0 | AU86: 0 | AV86: =SUM(E86:AU86) -> 35
B87: 6 | C87: 6. DENNY YUNIANDARI, S.H., M.Kn. | E87: 0 | F87: 0 | G87: 0 | H87: 0 | I87: 0 | J87: 0 | K87: 0 | L87: 0 | M87: 1 | N87: 0 | O87: 0 | P87: 0 | Q87: 1 | R87: 0 | S87: 0 | T87: 0 | U87: 0 | V87: 1 | W87: 0 | X87: 0 | Y87: 0 | Z87: 1 | AA87: 0 | AB87: 1 | AC87: 0 | AD87: 0 | AE87: 0 | AF87: 1 | AG87: 0 | AH87: 0 | AI87: 0 | AJ87: 0 | AK87: 0 | AL87: 0 | AM87: 0 | AN87: 0 | AO87: 0 | AP87: 0 | AQ87: 0 | AR87: 0 | AS87: 0 | AT87: 0 | AU87: 0 | AV87: =SUM(E87:AU87) -> 6
B88: 7 | C88: 7. ERNADI, S.H.I. | E88: 0 | F88: 0 | G88: 0 | H88: 0 | I88: 0 | J88: 0 | K88: 0 | L88: 1 | M88: 0 | N88: 0 | O88: 0 | P88: 0 | Q88: 0 | R88: 0 | S88: 0 | T88: 0 | U88: 0 | V88: 0 | W88: 0 | X88: 0 | Y88: 0 | Z88: 0 | AA88: 0 | AB88: 0 | AC88: 0 | AD88: 0 | AE88: 0 | AF88: 2 | AG88: 0 | AH88: 0 | AI88: 0 | AJ88: 0 | AK88: 0 | AL88: 0 | AM88: 0 | AN88: 0 | AO88: 0 | AP88: 0 | AQ88: 0 | AR88: 0 | AS88: 0 | AT88: 0 | AU88: 0 | AV88: =SUM(E88:AU88) -> 3
AV89: =SUM(E89:AU89) -> 0
AV90: =SUM(E90:AU90) -> 0
A91: B | B91: JUMLAH SUARA SAH PARTAI POLITIK DAN CALON (A1 + A2) | E91: =SUM(E81:E88) -> 10 | F91: =SUM(F81:F88) -> 14 | G91: =SUM(G81:G88) -> 17 | H91: =SUM(H81:H88) -> 10 | I91: =SUM(I81:I88) -> 12 | J91: =SUM(J81:J88) -> 11 | K91: =SUM(K81:K88) -> 14 | L91: =SUM(L81:L88) -> 71 | ... AU91: =SUM(AU81:AU88) -> 5 | AV91: =SUM(E91:AU91) -> 810
A93: A.1 | B93: 5. | C93: Partai NasDem | E93: 1 | F93: 5 | G93: 1 | H93: 9 | I93: 2 | J93: 1 | K93: 0 | L93: 0 | M93: 2 | N93: 4 | O93: 4 | P93: 2 | Q93: 0 | R93: 4 | S93: 3 | T93: 4 | U93: 0 | V93: 5 | W93: 2 | X93: 0 | Y93: 1 | Z93: 0 | AA93: 2 | AB93: 1 | AC93: 1 | AD93: 2 | AE93: 4 | AF93: 4 | AG93: 2 | AH93: 1 | AI93: 8 | AJ93: 7 | AK93: 3 | AL93: 2 | AM93: 2 | AN93: 4 | AO93: 6 | AP93: 11 | AQ93: 1 | AR93: 3 | AS93: 7 | AT93: 5 | AU93: 3 | AV93: =SUM(E93:AU93) -> 129
A94: A.2 | B94: 1 | C94: 1. ACH. FADIL MUZAKKI SYAH | E94: 2 | F94: 8 | G94: 3 | H94: 7 | I94: 6 | J94: 2 | K94: 0 | L94: 0 | M94: 2 | N94: 1 | O94: 1 | P94: 1 | Q94: 0 | R94: 0 | S94: 2 | T94: 1 | U94: 0 | V94: 1 | W94: 1 | X94: 0 | Y94: 1 | Z94: 0 | AA94: 3 | AB94: 1 | AC94: 0 | AD94: 1 | AE94: 2 | AF94: 0 | AG94: 0 | AH94: 0 | AI94: 5 | AJ94: 1 | AK94: 1 | AL94: 2 | AM94: 1 | AN94: 0 | AO94: 4 | AP94: 2 | AQ94: 2 | AR94: 2 | AS94: 3 | AT94: 1 | AU94: 3 | AV94: =SUM(E94:AU94) -> 73
B95: 2 | C95: 2. BENY | E95: 1 | F95: 1 | G95: 1 | H95: 2 | I95: 1 | J95: 1 | K95: 0 | L95: 1 | M95: 0 | N95: 0 | O95: 1 | P95: 4 | Q95: 0 | R95: 0 | S95: 50 | T95: 4 | U95: 30 | V95: 39 | W95: 10 | X95: 4 | Y95: 1 | Z95: 0 | AA95: 0 | AB95: 2 | AC95: 0 | AD95: 2 | AE95: 1 | AF95: 0 | AG95: 0 | AH95: 0 | AI95: 4 | AJ95: 22 | AK95: 3 | AL95: 15 | AM95: 33 | AN95: 13 | AO95: 2 | AP95: 22 | AQ95: 9 | AR95: 16 | AS95: 4 | AT95: 1 | AU95: 3 | AV95: =SUM(E95:AU95) -> 303
B96: 3 | C96: 3. VINA VERONIKA | E96: 0 | F96: 2 | G96: 0 | H96: 0 | I96: 1 | J96: 0 | K96: 0 | L96: 0 | M96: 0 | N96: 2 | O96: 0 | P96: 0 | Q96: 1 | R96: 0 | S96: 0 | T96: 0 | U96: 1 | V96: 0 | W96: 1 | X96: 0 | Y96: 0 | Z96: 0 | AA96: 0 | AB96: 0 | AC96: 0 | AD96: 2 | AE96: 0 | AF96: 1 | AG96: 0 | AH96: 0 | AI96: 2 | AJ96: 0 | AK96: 2 | AL96: 0 | AM96: 0 | AN96: 0 | AO96: 0 | AP96: 0 | AQ96: 0 | AR96: 0 | AS96: 1 | AT96: 1 | AU96: 0 | AV96: =SUM(E96:AU96) -> 17
B97: 4 | C97: 4. TEDDY ANUGRIANTO | E97: 0 | F97: 2 | G97: 2 | H97: 0 | I97: 1 | J97: 0 | K97: 0 | L97: 0 | M97: 0 | N97: 1 | O97: 1 | P97: 1 | Q97: 0 | R97: 2 | S97: 1 | T97: 2 | U97: 4 | V97: 4 | W97: 3 | X97: 0 | Y97: 3 | Z97: 1 | AA97: 2 | AB97: 2 | AC97: 1 | AD97: 8 | AE97: 0 | AF97: 0 | AG97: 0 | AH97: 0 | AI97: 2 | AJ97: 8 | AK97: 5 | AL97: 3 | AM97: 4 | AN97: 3 | AO97: 2 | AP97: 2 | AQ97: 1 | AR97: 2 | AS97: 5 | AT97: 0 | AU97: 1 | AV97: =SUM(E97:AU97) -> 79
B98: 5 | C98: 5. INSAN KAMIL | E98: 0 | F98: 0 | G98: 0 | H98: 1 | I98: 0 | J98: 1 | K98: 0 | L98: 0 | M98: 0 | N98: 0 | O98: 1 | P98: 0 | Q98: 0 | R98: 0 | S98: 0 | T98: 0 | U98: 1 | V98: 0 | W98: 0 | X98: 0 | Y98: 0 | Z98: 0 | AA98: 0 | AB98: 0 | AC98: 0 | AD98: 0 | AE98: 1 | AF98: 3 | AG98: 8 | AH98: 0 | AI98: 1 | AJ98: 26 | AK98: 2 | AL98: 2 | AM98: 2 | AN98: 1 | AO98: 2 | AP98: 8 | AQ98: 6 | AR98: 6 | AS98: 7 | AT98: 6 | AU98: 8 | AV98: =SUM(E98:AU98) -> 93
B99: 6 | C99: 6. LILIK LINDARWATI | E99: 0 | F99: 0 | G99: 0 | H99: 0 | I99: 0 | J99: 0 | K99: 0 | L99: 0 | M99: 0 | N99: 0 | O99: 0 | P99: 0 | Q99: 0 | R99: 1 | S99: 0 | T99: 0 | U99: 1 | V99: 0 | W99: 1 | X99: 0 | Y99: 0 | Z99: 0 | AA99: 1 | AB99: 0 | AC99: 0 | AD99: 0 | AE99: 0 | AF99: 0 | AG99: 0 | AH99: 0 | AI99: 1 | AJ99: 0 | AK99: 0 | AL99: 0 | AM99: 0 | AN99: 1 | AO99: 0 | AP99: 0 | AQ99: 0 | AR99: 0 | AS99: 0 | AT99: 2 | AU99: 1 | AV99: =SUM(E99:AU99) -> 9
B100: 7 | C100: 7. YULI ANITA | E100: 0 | F100: 0 | G100: 1 | H100: 0 | I100: 0 | J100: 0 | K100: 0 | L100: 0 | M100: 0 | N100: 0 | O100: 0 | P100: 0 | Q100: 0 | R100: 0 | S100: 0 | T100: 0 | U100: 0 | V100: 0 | W100: 0 | X100: 0 | Y100: 0 | Z100: 0 | AA100: 0 | AB100: 0 | AC100: 0 | AD100: 0 | AE100: 1 | AF100: 0 | AG100: 0 | AH100: 0 | AI100: 0 | AJ100: 0 | AK100: 0 | AL100: 0 | AM100: 0 | AN100: 1 | AO100: 0 | AP100: 0 | AQ100: 0 | AR100: 0 | AS100: 0 | AT100: 0 | AU100: 0 | AV100: =SUM(E100:AU100) -> 3
AV101: =SUM(E101:AU101) -> 0
AV102: =SUM(E102:AU102) -> 0
A103: B | B103: JUMLAH SUARA SAH PARTAI POLITIK DAN CALON (A1 + A2) | E103: =SUM(E93:E100) -> 4 | F103: =SUM(F93:F100) -> 18 | G103: =SUM(G93:G100) -> 8 | H103: =SUM(H93:H100) -> 19 | I103: =SUM(I93:I100) -> 11 | J103: =SUM(J93:J100) -> 5 | K103: =SUM(K93:K100) -> 0 | L103: =SUM(L93:L100) -> 1 | ... AU103: =SUM(AU93:AU100) -> 19 | AV103: =SUM(E103:AU103) -> 706
A105: A.1 | B105: 6. | C105: Partai Buruh | E105: 0 | F105: 0 | G105: 0 | H105: 0 | I105: 0 | J105: 0 | K105: 0 | L105: 1 | M105: 0 | N105: 2 | O105: 1 | P105: 0 | Q105: 0 | R105: 1 | S105: 0 | T105: 1 | U105: 0 | V105: 2 | W105: 2 | X105: 0 | Y105: 0 | Z105: 3 | AA105: 0 | AB105: 1 | AC105: 1 | AD105: 1 | AE105: 0 | AF105: 0 | AG105: 1 | AH105: 0 | AI105: 1 | AJ105: 0 | AK105: 0 | AL105: 0 | AM105: 0 | AN105: 1 | AO105: 0 | AP105: 0 | AQ105: 0 | AR105: 0 | AS105: 0 | AT105: 0 | AU105: 0 | AV105: =SUM(E105:AU105) -> 19
A106: A.2 | B106: 1 | C106: 1. KHOIRUL ANAM | E106: 0 | F106: 0 | G106: 0 | H106: 0 | I106: 1 | J106: 0 | K106: 0 | L106: 1 | M106: 0 | N106: 0 | O106: 0 | P106: 0 | Q106: 0 | R106: 0 | S106: 1 | T106: 1 | U106: 0 | V106: 0 | W106: 0 | X106: 0 | Y106: 0 | Z106: 0 | AA106: 0 | AB106: 0 | AC106: 0 | AD106: 1 | AE106: 1 | AF106: 0 | AG106: 0 | AH106: 0 | AI106: 1 | AJ106: 1 | AK106: 0 | AL106: 1 | AM106: 0 | AN106: 0 | AO106: 0 | AP106: 1 | AQ106: 2 | AR106: 0 | AS106: 0 | AT106: 0 | AU106: 1 | AV106: =SUM(E106:AU106) -> 13
B107: 2 | C107: 2. INA KURNIA | E107: 0 | F107: 0 | G107: 0 | H107: 1 | I107: 0 | J107: 0 | K107: 0 | L107: 0 | M107: 0 | N107: 0 | O107: 0 | P107: 0 | Q107: 0 | R107: 0 | S107: 0 | T107: 0 | U107: 0 | V107: 0 | W107: 1 | X107: 0 | Y107: 0 | Z107: 0 | AA107: 1 | AB107: 0 | AC107: 0 | AD107: 0 | AE107: 0 | AF107: 1 | AG107: 0 | AH107: 0 | AI107: 0 | AJ107: 0 | AK107: 0 | AL107: 0 | AM107: 0 | AN107: 0 | AO107: 0 | AP107: 0 | AQ107: 0 | AR107: 0 | AS107: 0 | AT107: 0 | AU107: 0 | AV107: =SUM(E107:AU107) -> 4
B108: 3 | C108: 3. JIBRAL TAROUK | E108: 0 | F108: 1 | G108: 0 | H108: 0 | I108: 0 | J108: 0 | K108: 0 | L108: 0 | M108: 0 | N108: 0 | O108: 0 | P108: 0 | Q108: 0 | R108: 0 | S108: 0 | T108: 0 | U108: 0 | V108: 1 | W108: 1 | X108: 0 | Y108: 0 | Z108: 0 | AA108: 0 | AB108: 0 | AC108: 0 | AD108: 0 | AE108: 0 | AF108: 1 | AG108: 0 | AH108: 0 | AI108: 0 | AJ108: 0 | AK108: 1 | AL108: 0 | AM108: 0 | AN108: 0 | AO108: 0 | AP108: 0 | AQ108: 0 | AR108: 0 | AS108: 0 | AT108: 1 | AU108: 0 | AV108: =SUM(E108:AU108) -> 6
B109: 4 | C109: 4. ASTUTI DAENG PUJI | E109: 0 | F109: 0 | G109: 0 | H109: 0 | I109: 0 | J109: 0 | K109: 0 | L109: 0 | M109: 0 | N109: 0 | O109: 0 | P109: 0 | Q109: 0 | R109: 0 | S109: 0 | T109: 0 | U109: 0 | V109: 0 | W109: 0 | X109: 0 | Y109: 0 | Z109: 0 | AA109: 0 | AB109: 0 | AC109: 0 | AD109: 0 | AE109: 1 | AF109: 0 | AG109: 0 | AH109: 0 | AI109: 0 | AJ109: 0 | AK109: 0 | AL109: 0 | AM109: 0 | AN109: 0 | AO109: 1 | AP109: 0 | AQ109: 0 | AR109: 0 | AS109: 0 | AT109: 0 | AU109: 0 | AV109: =SUM(E109:AU109) -> 2
B110: 5 | C110: 5. ASDARMAWAN | E110: 0 | F110: 0 | G110: 0 | H110: 0 | I110: 0 | J110: 0 | K110: 0 | L110: 0 | M110: 0 | N110: 1 | O110: 0 | P110: 0 | Q110: 0 | R110: 0 | S110: 0 | T110: 0 | U110: 0 | V110: 1 | W110: 0 | X110: 0 | Y110: 0 | Z110: 0 | AA110: 0 | AB110: 0 | AC110: 0 | AD110: 0 | AE110: 0 | AF110: 0 | AG110: 0 | AH110: 0 | AI110: 0 | AJ110: 0 | AK110: 0 | AL110: 0 | AM110: 0 | AN110: 0 | AO110: 0 | AP110: 0 | AQ110: 0 | AR110: 0 | AS110: 0 | AT110: 0 | AU110: 0 | AV110: =SUM(E110:AU110) -> 2
B111: 6 | C111: 6. RIFQI MUBAROK | E111: 0 | F111: 0 | G111: 0 | H111: 0 | I111: 0 | J111: 0 | K111: 0 | L111: 0 | M111: 0 | N111: 0 | O111: 0 | P111: 0 | Q111: 0 | R111: 1 | S111: 0 | T111: 0 | U111: 0 | V111: 0 | W111: 0 | X111: 0 | Y111: 0 | Z111: 0 | AA111: 0 | AB111: 0 | AC111: 0 | AD111: 0 | AE111: 0 | AF111: 0 | AG111: 0 | AH111: 0 | AI111: 0 | AJ111: 0 | AK111: 0 | AL111: 0 | AM111: 0 | AN111: 0 | AO111: 0 | AP111: 0 | AQ111: 0 | AR111: 0 | AS111: 0 | AT111: 0 | AU111: 0 | AV111: =SUM(E111:AU111) -> 1
B112: 7 | C112: 7. FIRNANDA ALTA MEGA | E112: 0 | F112: 0 | G112: 0 | H112: 0 | I112: 0 | J112: 0 | K112: 0 | L112: 0 | M112: 0 | N112: 0 | O112: 0 | P112: 0 | Q112: 0 | R112: 0 | S112: 0 | T112: 0 | U112: 0 | V112: 0 | W112: 0 | X112: 0 | Y112: 1 | Z112: 1 | AA112: 0 | AB112: 0 | AC112: 0 | AD112: 1 | AE112: 0 | AF112: 0 | AG112: 0 | AH112: 0 | AI112: 0 | AJ112: 0 | AK112: 0 | AL112: 0 | AM112: 0 | AN112: 0 | AO112: 0 | AP112: 0 | AQ112: 0 | AR112: 0 | AS112: 0 | AT112: 0 | AU112: 0 | AV112: =SUM(E112:AU112) -> 3
AV113: =SUM(E113:AU113) -> 0
AV114: =SUM(E114:AU114) -> 0
A115: B | B115: JUMLAH SUARA SAH PARTAI POLITIK DAN CALON (A1 + A2) | E115: =SUM(E105:E112) -> 0 | F115: =SUM(F105:F112) -> 1 | G115: =SUM(G105:G112) -> 0 | H115: =SUM(H105:H112) -> 1 | I115: =SUM(I105:I112) -> 1 | J115: =SUM(J105:J112) -> 0 | K115: =SUM(K105:K112) -> 0 | L115: =SUM(L105:L112) -> 2 | ... AU115: =SUM(AU105:AU112) -> 1 | AV115: =SUM(E115:AU115) -> 50
A117: A.1 | B117: 7. | C117: Partai Gelombang Rakyat Indonesia | E117: 2 | F117: 0 | G117: 1 | H117: 1 | I117: 4 | J117: 0 | K117: 2 | L117: 3 | M117: 0 | N117: 3 | O117: 1 | P117: 0 | Q117: 0 | R117: 1 | S117: 0 | T117: 0 | U117: 3 | V117: 1 | W117: 4 | X117: 2 | Y117: 0 | Z117: 1 | AA117: 0 | AB117: 2 | AC117: 3 | AD117: 1 | AE117: 3 | AF117: 0 | AG117: 2 | AH117: 1 | AI117: 4 | AJ117: 0 | AK117: 2 | AL117: 0 | AM117: 1 | AN117: 4 | AO117: 1 | AP117: 0 | AQ117: 2 | AR117: 2 | AS117: 0 | AT117: 0 | AU117: 1 | AV117: =SUM(E117:AU117) -> 58
...

Sheet SUMBERASRI
C2: Kecamatan | D2: PURWOHARJO
C3: Kabupaten | D3: BANYUWANGI
C4: Provinsi | D4: JAWA TIMUR
C9: Kelurahan | D9: SUMBERASRI
A12: I | B12: DATA PEMILIH DAN PENGGUNAAN HAK PILIH | X12: JUMLAH AKHIR
A13: A | B13: DATA PEMILIH | E13: TPS 001 | F13: TPS 002 | G13: TPS 003 | H13: TPS 004 | I13: TPS 005 | J13: TPS 006 | K13: TPS 007 | L13: TPS 008 | M13: TPS 009 | N13: TPS 010 | O13: TPS 011 | P13: TPS 012 | Q13: TPS 013 | R13: TPS 014 | S13: TPS 015 | T13: TPS 016 | U13: TPS 017 | V13: TPS 018 | W13: TPS 019
B14: Jumlah Pemilih dalam Daftar Pemilih Tetap (DPT) | D14: LK | E14: 143 | F14: 127 | G14: 140 | H14: 144 | I14: 152 | J14: 149 | K14: 125 | L14: 146 | M14: 146 | N14: 148 | O14: 147 | P14: 143 | Q14: 143 | R14: 118 | S14: 111 | T14: 153 | U14: 151 | V14: 150 | W14: 143 | X14: =SUM(E14:W14) -> 2679
D15: PR | E15: 140 | F15: 131 | G15: 134 | H15: 142 | I15: 137 | J15: 143 | K15: 119 | L15: 132 | M15: 137 | N15: 145 | O15: 135 | P15: 140 | Q15: 143 | R15: 125 | S15: 115 | T15: 140 | U15: 141 | V15: 145 | W15: 148 | X15: =SUM(E15:W15) -> 2592
D16: JML | E16: =SUM(E14:E15) -> 283 | F16: =SUM(F14:F15) -> 258 | G16: =SUM(G14:G15) -> 274 | H16: =SUM(H14:H15) -> 286 | I16: =SUM(I14:I15) -> 289 | J16: =SUM(J14:J15) -> 292 | K16: =SUM(K14:K15) -> 244 | L16: =SUM(L14:L15) -> 278 | ... W16: =SUM(W14:W15) -> 291 | X16: =SUM(E16:W16) -> 5271
A18: B | B18: PENGGUNA HAK PILIH
B19: 1. | C19: Jumlah pengguna hak pilih dalam Daftar Pemilih Tetap (DPT) | D19: LK | E19: 109 | F19: 97 | G19: 106 | H19: 113 | I19: 115 | J19: 111 | K19: 91 | L19: 113 | M19: 124 | N19: 112 | O19: 113 | P19: 112 | Q19: 114 | R19: 78 | S19: 88 | T19: 120 | U19: 113 | V19: 124 | W19: 133 | X19: =SUM(E19:W19) -> 2086
D20: PR | E20: 118 | F20: 109 | G20: 102 | H20: 113 | I20: 112 | J20: 113 | K20: 96 | L20: 102 | M20: 119 | N20: 117 | O20: 117 | P20: 120 | Q20: 118 | R20: 90 | S20: 93 | T20: 112 | U20: 111 | V20: 116 | W20: 140 | X20: =SUM(E20:W20) -> 2118
D21: JML | E21: =SUM(E19:E20) -> 227 | F21: =SUM(F19:F20) -> 206 | G21: =SUM(G19:G20) -> 208 | H21: =SUM(H19:H20) -> 226 | I21: =SUM(I19:I20) -> 227 | J21: =SUM(J19:J20) -> 224 | K21: =SUM(K19:K20) -> 187 | L21: =SUM(L19:L20) -> 215 | ... W21: =SUM(W19:W20) -> 273 | X21: =SUM(E21:W21) -> 4204
B22: 2. | C22: Jumlah pengguna hak pilih dalam Daftar Pemilih Tambahan (DPTb) | D22: LK | E22: 0 | F22: 1 | G22: 1 | H22: 0 | I22: 0 | J22: 0 | K22: 0 | L22: 0 | M22: 0 | N22: 0 | O22: 0 | P22: 0 | Q22: 1 | R22: 0 | S22: 1 | T22: 0 | U22: 0 | V22: 3 | W22: 1 | X22: =SUM(E22:W22) -> 8
D23: PR | E23: 0 | F23: 0 | G23: 1 | H23: 0 | I23: 0 | J23: 0 | K23: 0 | L23: 0 | M23: 0 | N23: 0 | O23: 0 | P23: 0 | Q23: 2 | R23: 0 | S23: 0 | T23: 0 | U23: 1 | V23: 1 | W23: 1 | X23: =SUM(E23:W23) -> 6
D24: JML | E24: =SUM(E22:E23) -> 0 | F24: =SUM(F22:F23) -> 1 | G24: =SUM(G22:G23) -> 2 | H24: =SUM(H22:H23) -> 0 | I24: =SUM(I22:I23) -> 0 | J24: =SUM(J22:J23) -> 0 | K24: =SUM(K22:K23) -> 0 | L24: =SUM(L22:L23) -> 0 | ... W24: =SUM(W22:W23) -> 2 | X24: =SUM(E24:W24) -> 14
B25: 3. | C25: Jumlah pengguna hak pilih dalam Daftar Pemilih Khusus (DPK) | D25: LK | E25: 0 | F25: 0 | G25: 1 | H25: 1 | I25: 1 | J25: 0 | K25: 0 | L25: 0 | M25: 0 | N25: 0 | O25: 3 | P25: 1 | Q25: 0 | R25: 2 | S25: 1 | T25: 1 | U25: 1 | V25: 1 | W25: 1 | X25: =SUM(E25:W25) -> 14
D26: PR | E26: 2 | F26: 0 | G26: 0 | H26: 0 | I26: 1 | J26: 4 | K26: 0 | L26: 0 | M26: 1 | N26: 2 | O26: 2 | P26: 4 | Q26: 0 | R26: 0 | S26: 1 | T26: 2 | U26: 0 | V26: 1 | W26: 0 | X26: =SUM(E26:W26) -> 20
D27: JML | E27: =SUM(E25:E26) -> 2 | F27: =SUM(F25:F26) -> 0 | G27: =SUM(G25:G26) -> 1 | H27: =SUM(H25:H26) -> 1 | I27: =SUM(I25:I26) -> 2 | J27: =SUM(J25:J26) -> 4 | K27: =SUM(K25:K26) -> 0 | L27: =SUM(L25:L26) -> 0 | ... W27: =SUM(W25:W26) -> 1 | X27: =SUM(E27:W27) -> 34
B28: 4. | C28: Jumlah Pengguna Hak Pilih (B.1+B.2+B.3) | D28: LK | E28: =SUM(E19,E22,E25) -> 109 | F28: =SUM(F19,F22,F25) -> 98 | G28: =SUM(G19,G22,G25) -> 108 | H28: =SUM(H19,H22,H25) -> 114 | I28: =SUM(I19,I22,I25) -> 116 | J28: =SUM(J19,J22,J25) -> 111 | K28: =SUM(K19,K22,K25) -> 91 | L28: =SUM(L19,L22,L25) -> 113 | ... W28: =SUM(W19,W22,W25) -> 135 | X28: =SUM(E28:W28) -> 2108
D29: PR | E29: =SUM(E20,E23,E26) -> 120 | F29: =SUM(F20,F23,F26) -> 109 | G29: =SUM(G20,G23,G26) -> 103 | H29: =SUM(H20,H23,H26) -> 113 | I29: =SUM(I20,I23,I26) -> 113 | J29: =SUM(J20,J23,J26) -> 117 | K29: =SUM(K20,K23,K26) -> 96 | L29: =SUM(L20,L23,L26) -> 102 | ... W29: =SUM(W20,W23,W26) -> 141 | X29: =SUM(E29:W29) -> 2144
D30: JML | E30: =SUM(E28:E29) -> 229 | F30: =SUM(F28:F29) -> 207 | G30: =SUM(G28:G29) -> 211 | H30: =SUM(H28:H29) -> 227 | I30: =SUM(I28:I29) -> 229 | J30: =SUM(J28:J29) -> 228 | K30: =SUM(K28:K29) -> 187 | L30: =SUM(L28:L29) -> 215 | ... W30: =SUM(W28:W29) -> 276 | X30: =SUM(E30:W30) -> 4252
A32: II | B32: DATA PENGGUNAAN SURAT SUARA
A33: 1 | B33: Jumlah surat suara yang diterima, termasuk surat suara cadangan 2,5% dari DPT | E33: 293 | F33: 264 | G33: 283 | H33: 292 | I33: 295 | J33: 298 | K33: 249 | L33: 284 | M33: 289 | N33: 299 | O33: 288 | P33: 289 | Q33: 292 | R33: 248 | S33: 231 | T33: 299 | U33: 298 | V33: 301 | W33: 298 | X33: =SUM(E33:W33) -> 5390
A34: 2 | B34: Jumlah surat suara yang digunakan | E34: 229 | F34: 207 | G34: 211 | H34: 227 | I34: 229 | J34: 228 | K34: 187 | L34: 215 | M34: 244 | N34: 231 | O34: 235 | P34: 237 | Q34: 235 | R34: 170 | S34: 184 | T34: 235 | U34: 226 | V34: 246 | W34: 276 | X34: =SUM(E34:W34) -> 4252
A35: 3 | B35: Jumlah surat suara dikembalikan oleh pemilih (karena rusak atau keliru coblos) | E35: 0 | F35: 21 | G35: 0 | H35: 2 | I35: 3 | J35: 0 | K35: 0 | L35: 0 | M35: 0 | N35: 1 | O35: 0 | P35: 0 | Q35: 0 | R35: 0 | S35: 1 | T35: 0 | U35: 0 | V35: 0 | W35: 3 | X35: =SUM(E35:W35) -> 31
A36: 4 | B36: Jumlah surat suara yang tidak digunakan/tidak terpakai, termasuk sisa surat suara cadangan | E36: =E33-(E34+E35) -> 64 | F36: =F33-(F34+F35) -> 36 | G36: =G33-(G34+G35) -> 72 | H36: =H33-(H34+H35) -> 63 | I36: =I33-(I34+I35) -> 63 | J36: =J33-(J34+J35) -> 70 | K36: =K33-(K34+K35) -> 62 | L36: =L33-(L34+L35) -> 69 | ... W36: =W33-(W34+W35) -> 19 | X36: =SUM(E36:W36) -> 1107
A38: III | B38: DATA PEMILIH DISABILITAS
B39: Jumlah seluruh Pemilih disabilitas yang menggunakan hak pilih | D39: LK | E39: 0 | F39: 0 | G39: 1 | H39: 0 | I39: 0 | J39: 0 | K39: 0 | L39: 0 | M39: 0 | N39: 0 | O39: 0 | P39: 0 | Q39: 0 | R39: 0 | S39: 0 | T39: 0 | U39: 0 | V39: 0 | W39: 0 | X39: =SUM(E39:W39) -> 1
D40: PR | E40: 0 | F40: 0 | G40: 2 | H40: 0 | I40: 0 | J40: 0 | K40: 0 | L40: 0 | M40: 0 | N40: 0 | O40: 0 | P40: 1 | Q40: 1 | R40: 0 | S40: 0 | T40: 0 | U40: 0 | V40: 0 | W40: 0 | X40: =SUM(E40:W40) -> 4
D41: JML | E41: =SUM(E39:E40) -> 0 | F41: =SUM(F39:F40) -> 0 | G41: =SUM(G39:G40) -> 3 | H41: =SUM(H39:H40) -> 0 | I41: =SUM(I39:I40) -> 0 | J41: =SUM(J39:J40) -> 0 | K41: =SUM(K39:K40) -> 0 | L41: =SUM(L39:L40) -> 0 | ... W41: =SUM(W39:W40) -> 0 | X41: =SUM(E41:W41) -> 5
A43: IV | B43: DATA RINCIAN PEROLEHAN SUARA PASANGAN CALON BUPATI DAN WAKIL BUPATI
A44: NOMOR DAN NAMA CALON
A45: A.1 | B45: 1. | C45: Partai Kebangkitan Bangsa | E45: 14 | F45: 6 | G45: 8 | H45: 3 | I45: 8 | J45: 8 | K45: 14 | L45: 6 | M45: 7 | N45: 11 | O45: 5 | P45: 5 | Q45: 17 | R45: 11 | S45: 0 | T45: 9 | U45: 6 | V45: 3 | W45: 0 | X45: =SUM(E45:W45) -> 141
A46: A.2 | B46: 1 | C46: 1. Dr. Hj. NIHAYATUL WAFIROH, M.A. | E46: 9 | F46: 14 | G46: 13 | H46: 26 | I46: 54 | J46: 10 | K46: 34 | L46: 40 | M46: 12 | N46: 38 | O46: 32 | P46: 75 | Q46: 27 | R46: 19 | S46: 7 | T46: 22 | U46: 9 | V46: 4 | W46: 24 | X46: =SUM(E46:W46) -> 469
B47: 2 | C47: 2. H. M. NASIM KHAN | E47: 3 | F47: 8 | G47: 7 | H47: 2 | I47: 3 | J47: 8 | K47: 6 | L47: 6 | M47: 3 | N47: 2 | O47: 5 | P47: 4 | Q47: 2 | R47: 2 | S47: 1 | T47: 1 | U47: 0 | V47: 0 | W47: 0 | X47: =SUM(E47:W47) -> 63
B48: 3 | C48: 3. Dr. H. AKIK ZAMAN, M.Pd.I. | E48: 1 | F48: 0 | G48: 0 | H48: 1 | I48: 2 | J48: 4 | K48: 1 | L48: 2 | M48: 0 | N48: 2 | O48: 2 | P48: 1 | Q48: 0 | R48: 2 | S48: 0 | T48: 1 | U48: 0 | V48: 0 | W48: 0 | X48: =SUM(E48:W48) -> 19
B49: 4 | C49: 4. AHMAD RIFA'I, S.H. | E49: 0 | F49: 0 | G49: 0 | H49: 1 | I49: 2 | J49: 0 | K49: 0 | L49: 0 | M49: 0 | N49: 2 | O49: 0 | P49: 1 | Q49: 0 | R49: 0 | S49: 0 | T49: 0 | U49: 1 | V49: 0 | W49: 0 | X49: =SUM(E49:W49) -> 7
B50: 5 | C50: 5. Drs. H. MAHFUD M.N. | E50: 1 | F50: 0 | G50: 0 | H50: 0 | I50: 1 | J50: 0 | K50: 1 | L50: 0 | M50: 0 | N50: 1 | O50: 1 | P50: 0 | Q50: 0 | R50: 0 | S50: 0 | T50: 1 | U50: 0 | V50: 0 | W50: 0 | X50: =SUM(E50:W50) -> 6
B51: 6 | C51: 6. NURHAYATI, S.Pd. | E51: 0 | F51: 1 | G51: 1 | H51: 1 | I51: 0 | J51: 0 | K51: 0 | L51: 0 | M51: 1 | N51: 0 | O51: 0 | P51: 1 | Q51: 0 | R51: 1 | S51: 0 | T51: 0 | U51: 0 | V51: 0 | W51: 0 | X51: =SUM(E51:W51) -> 6
B52: 7 | C52: 7. MAFTUHA KISWAH | E52: 0 | F52: 0 | G52: 0 | H52: 0 | I52: 1 | J52: 0 | K52: 0 | L52: 0 | M52: 0 | N52: 1 | O52: 5 | P52: 0 | Q52: 0 | R52: 0 | S52: 0 | T52: 0 | U52: 1 | V52: 0 | W52: 0 | X52: =SUM(E52:W52) -> 8
X53: =SUM(E53:W53) -> 0
X54: =SUM(E54:W54) -> 0
A55: B | B55: JUMLAH SUARA SAH PARTAI POLITIK DAN CALON (A1 + A2) | E55: =SUM(E45:E52) -> 28 | F55: =SUM(F45:F52) -> 29 | G55: =SUM(G45:G52) -> 29 | H55: =SUM(H45:H52) -> 34 | I55: =SUM(I45:I52) -> 71 | J55: =SUM(J45:J52) -> 30 | K55: =SUM(K45:K52) -> 56 | L55: =SUM(L45:L52) -> 54 | ... W55: =SUM(W45:W52) -> 24 | X55: =SUM(E55:W55) -> 719
A57: A.1 | B57: 2. | C57: Partai Gerakan Indonesia Raya | E57: 13 | F57: 11 | G57: 13 | H57: 2 | I57: 6 | J57: 9 | K57: 9 | L57: 8 | M57: 14 | N57: 6 | O57: 28 | P57: 15 | Q57: 15 | R57: 4 | S57: 2 | T57: 18 | U57: 11 | V57: 5 | W57: 3 | X57: =SUM(E57:W57) -> 192
A58: A.2 | B58: 1 | C58: 1. SUMAIL ABDULLAH | E58: 8 | F58: 5 | G58: 3 | H58: 13 | I58: 4 | J58: 2 | K58: 13 | L58: 14 | M58: 13 | N58: 31 | O58: 40 | P58: 19 | Q58: 12 | R58: 7 | S58: 2 | T58: 7 | U58: 28 | V58: 162 | W58: 73 | X58: =SUM(E58:W58) -> 456
B59: 2 | C59: 2. MUHAMMAD ALI ADRIAN SALEH | E59: 1 | F59: 5 | G59: 8 | H59: 3 | I59: 1 | J59: 3 | K59: 6 | L59: 12 | M59: 6 | N59: 4 | O59: 8 | P59: 6 | Q59: 10 | R59: 4 | S59: 1 | T59: 5 | U59: 4 | V59: 1 | W59: 3 | X59: =SUM(E59:W59) -> 91
B60: 3 | C60: 3. DURROTUN NAFISAH | E60: 0 | F60: 0 | G60: 2 | H60: 0 | I60: 1 | J60: 1 | K60: 0 | L60: 2 | M60: 1 | N60: 0 | O60: 1 | P60: 0 | Q60: 3 | R60: 1 | S60: 0 | T60: 1 | U60: 1 | V60: 1 | W60: 0 | X60: =SUM(E60:W60) -> 15
B61: 4 | C61: 4. H. EKO SUSILO NURHIDAYAT | E61: 1 | F61: 3 | G61: 1 | H61: 5 | I61: 2 | J61: 1 | K61: 5 | L61: 2 | M61: 1 | N61: 2 | O61: 4 | P61: 1 | Q61: 2 | R61: 6 | S61: 1 | T61: 0 | U61: 2 | V61: 0 | W61: 1 | X61: =SUM(E61:W61) -> 40
B62: 5 | C62: 5. KARNADI HARIJANTO, S.S. | E62: 1 | F62: 0 | G62: 0 | H62: 0 | I62: 0 | J62: 0 | K62: 2 | L62: 0 | M62: 0 | N62: 0 | O62: 0 | P62: 2 | Q62: 0 | R62: 0 | S62: 0 | T62: 1 | U62: 1 | V62: 0 | W62: 0 | X62: =SUM(E62:W62) -> 7
B63: 6 | C63: 6. NURHAYATI | E63: 1 | F63: 1 | G63: 0 | H63: 0 | I63: 0 | J63: 0 | K63: 1 | L63: 0 | M63: 0 | N63: 0 | O63: 0 | P63: 1 | Q63: 2 | R63: 1 | S63: 0 | T63: 0 | U63: 1 | V63: 0 | W63: 0 | X63: =SUM(E63:W63) -> 8
B64: 7 | C64: 7. MASHUDI | E64: 0 | F64: 0 | G64: 0 | H64: 0 | I64: 0 | J64: 0 | K64: 1 | L64: 0 | M64: 1 | N64: 0 | O64: 0 | P64: 1 | Q64: 0 | R64: 0 | S64: 0 | T64: 0 | U64: 0 | V64: 0 | W64: 1 | X64: =SUM(E64:W64) -> 4
X65: =SUM(E65:W65) -> 0
X66: =SUM(E66:W66) -> 0
A67: B | B67: JUMLAH SUARA SAH PARTAI POLITIK DAN CALON (A1 + A2) | E67: =SUM(E57:E64) -> 25 | F67: =SUM(F57:F64) -> 25 | G67: =SUM(G57:G64) -> 27 | H67: =SUM(H57:H64) -> 23 | I67: =SUM(I57:I64) -> 14 | J67: =SUM(J57:J64) -> 16 | K67: =SUM(K57:K64) -> 37 | L67: =SUM(L57:L64) -> 38 | ... W67: =SUM(W57:W64) -> 81 | X67: =SUM(E67:W67) -> 813
A69: A.1 | B69: 3. | C69: Partai Demokrasi Indonesia Perjuangan | E69: 6 | F69: 6 | G69: 1 | H69: 2 | I69: 1 | J69: 15 | K69: 1 | L69: 7 | M69: 10 | N69: 3 | O69: 3 | P69: 6 | Q69: 2 | R69: 4 | S69: 2 | T69: 6 | U69: 6 | V69: 3 | W69: 7 | X69: =SUM(E69:W69) -> 91
A70: A.2 | B70: 1 | C70: 1. SONNY TRI DANAPARAMITA, S.H., M.H. | E70: 5 | F70: 4 | G70: 4 | H70: 0 | I70: 5 | J70: 6 | K70: 1 | L70: 7 | M70: 6 | N70: 5 | O70: 2 | P70: 3 | Q70: 1 | R70: 3 | S70: 27 | T70: 3 | U70: 2 | V70: 0 | W70: 2 | X70: =SUM(E70:W70) -> 86
B71: 2 | C71: 2. H. MOHAMAD GUNTUR ROMLI | E71: 6 | F71: 2 | G71: 3 | H71: 1 | I71: 3 | J71: 18 | K71: 2 | L71: 4 | M71: 10 | N71: 1 | O71: 2 | P71: 5 | Q71: 0 | R71: 1 | S71: 1 | T71: 2 | U71: 3 | V71: 0 | W71: 1 | X71: =SUM(E71:W71) -> 65
B72: 3 | C72: 3. INA AMMANIA | E72: 3 | F72: 3 | G72: 2 | H72: 0 | I72: 2 | J72: 0 | K72: 0 | L72: 0 | M72: 2 | N72: 0 | O72: 0 | P72: 1 | Q72: 6 | R72: 0 | S72: 1 | T72: 3 | U72: 2 | V72: 1 | W72: 4 | X72: =SUM(E72:W72) -> 30
B73: 4 | C73: 4. IRWAN BACHTIAR RACHMAT, M.Si. | E73: 0 | F73: 0 | G73: 1 | H73: 0 | I73: 1 | J73: 1 | K73: 0 | L73: 1 | M73: 0 | N73: 0 | O73: 0 | P73: 0 | Q73: 0 | R73: 0 | S73: 0 | T73: 1 | U73: 0 | V73: 1 | W73: 0 | X73: =SUM(E73:W73) -> 6
B74: 5 | C74: 5. LUCKY PERDANA | E74: 0 | F74: 1 | G74: 0 | H74: 0 | I74: 0 | J74: 0 | K74: 0 | L74: 3 | M74: 2 | N74: 0 | O74: 0 | P74: 1 | Q74: 1 | R74: 3 | S74: 0 | T74: 1 | U74: 0 | V74: 0 | W74: 1 | X74: =SUM(E74:W74) -> 13
B75: 6 | C75: 6. WIWIK PUJIYATI | E75: 1 | F75: 2 | G75: 1 | H75: 0 | I75: 0 | J75: 1 | K75: 2 | L75: 2 | M75: 2 | N75: 0 | O75: 0 | P75: 1 | Q75: 0 | R75: 1 | S75: 0 | T75: 1 | U75: 0 | V75: 0 | W75: 1 | X75: =SUM(E75:W75) -> 15
B76: 7 | C76: 7. CHANDRA ASTAN, S.T. | E76: 0 | F76: 0 | G76: 0 | H76: 0 | I76: 0 | J76: 0 | K76: 0 | L76: 0 | M76: 1 | N76: 0 | O76: 0 | P76: 2 | Q76: 5 | R76: 1 | S76: 0 | T76: 2 | U76: 1 | V76: 5 | W76: 7 | X76: =SUM(E76:W76) -> 24
X77: =SUM(E77:W77) -> 0
X78: =SUM(E78:W78) -> 0
A79: B | B79: JUMLAH SUARA SAH PARTAI POLITIK DAN CALON (A1 + A2) | E79: =SUM(E69:E76) -> 21 | F79: =SUM(F69:F76) -> 18 | G79: =SUM(G69:G76) -> 12 | H79: =SUM(H69:H76) -> 3 | I79: =SUM(I69:I76) -> 12 | J79: =SUM(J69:J76) -> 41 | K79: =SUM(K69:K76) -> 6 | L79: =SUM(L69:L76) -> 24 | ... W79: =SUM(W69:W76) -> 23 | X79: =SUM(E79:W79) -> 330
A81: A.1 | B81: 4. | C81: Partai Golongan Karya | E81: 8 | F81: 8 | G81: 3 | H81: 5 | I81: 3 | J81: 7 | K81: 9 | L81: 8 | M81: 8 | N81: 3 | O81: 3 | P81: 3 | Q81: 4 | R81: 4 | S81: 4 | T81: 11 | U81: 15 | V81: 2 | W81: 1 | X81: =SUM(E81:W81) -> 109
A82: A.2 | B82: 1 | C82: 1. ZULFIKAR ARSE SADIKIN, S.I.P., M.Si. | E82: 38 | F82: 19 | G82: 45 | H82: 22 | I82: 59 | J82: 76 | K82: 27 | L82: 32 | M82: 43 | N82: 39 | O82: 1 | P82: 10 | Q82: 24 | R82: 33 | S82: 101 | T82: 56 | U82: 48 | V82: 16 | W82: 3 | X82: =SUM(E82:W82) -> 692
B83: 2 | C83: 2. HANDOKO | E83: 2 | F83: 10 | G83: 2 | H83: 5 | I83: 2 | J83: 11 | K83: 11 | L83: 8 | M83: 4 | N83: 1 | O83: 1 | P83: 3 | Q83: 6 | R83: 2 | S83: 0 | T83: 13 | U83: 20 | V83: 4 | W83: 86 | X83: =SUM(E83:W83) -> 191
B84: 3 | C84: 3. Hj. OVI DEWI YANTI | E84: 0 | F84: 1 | G84: 0 | H84: 1 | I84: 0 | J84: 1 | K84: 0 | L84: 2 | M84: 0 | N84: 0 | O84: 0 | P84: 0 | Q84: 0 | R84: 0 | S84: 0 | T84: 0 | U84: 1 | V84: 0 | W84: 1 | X84: =SUM(E84:W84) -> 7
B85: 4 | C85: 4. Ir. AZAM AZMAN NATAWIJANA | E85: 0 | F85: 0 | G85: 1 | H85: 1 | I85: 1 | J85: 1 | K85: 2 | L85: 4 | M85: 0 | N85: 1 | O85: 0 | P85: 1 | Q85: 0 | R85: 0 | S85: 0 | T85: 0 | U85: 1 | V85: 6 | W85: 1 | X85: =SUM(E85:W85) -> 20
B86: 5 | C86: 5. UBAIDILLAH AMIN, S.Kom. | E86: 0 | F86: 0 | G86: 2 | H86: 0 | I86: 8 | J86: 1 | K86: 1 | L86: 0 | M86: 1 | N86: 1 | O86: 0 | P86: 1 | Q86: 3 | R86: 0 | S86: 0 | T86: 5 | U86: 0 | V86: 0 | W86: 0 | X86: =SUM(E86:W86) -> 23
B87: 6 | C87: 6. DENNY YUNIANDARI, S.H., M.Kn. | E87: 0 | F87: 0 | G87: 0 | H87: 1 | I87: 0 | J87: 0 | K87: 0 | L87: 0 | M87: 0 | N87: 0 | O87: 0 | P87: 0 | Q87: 0 | R87: 0 | S87: 0 | T87: 0 | U87: 0 | V87: 0 | W87: 0 | X87: =SUM(E87:W87) -> 1
B88: 7 | C88: 7. ERNADI, S.H.I. | E88: 0 | F88: 1 | G88: 1 | H88: 0 | I88: 1 | J88: 0 | K88: 0 | L88: 0 | M88: 0 | N88: 0 | O88: 0 | P88: 0 | Q88: 0 | R88: 0 | S88: 0 | T88: 1 | U88: 0 | V88: 0 | W88: 0 | X88: =SUM(E88:W88) -> 4
X89: =SUM(E89:W89) -> 0
X90: =SUM(E90:W90) -> 0
A91: B | B91: JUMLAH SUARA SAH PARTAI POLITIK DAN CALON (A1 + A2) | E91: =SUM(E81:E88) -> 48 | F91: =SUM(F81:F88) -> 39 | G91: =SUM(G81:G88) -> 54 | H91: =SUM(H81:H88) -> 35 | I91: =SUM(I81:I88) -> 74 | J91: =SUM(J81:J88) -> 97 | K91: =SUM(K81:K88) -> 50 | L91: =SUM(L81:L88) -> 54 | ... W91: =SUM(W81:W88) -> 92 | X91: =SUM(E91:W91) -> 1047
A93: A.1 | B93: 5. | C93: Partai NasDem | E93: 8 | F93: 0 | G93: 2 | H93: 5 | I93: 0 | J93: 2 | K93: 0 | L93: 1 | M93: 5 | N93: 0 | O93: 10 | P93: 3 | Q93: 1 | R93: 1 | S93: 2 | T93: 2 | U93: 1 | V93: 0 | W93: 0 | X93: =SUM(E93:W93) -> 43
A94: A.2 | B94: 1 | C94: 1. ACH. FADIL MUZAKKI SYAH | E94: 3 | F94: 1 | G94: 1 | H94: 2 | I94: 2 | J94: 0 | K94: 1 | L94: 4 | M94: 0 | N94: 1 | O94: 5 | P94: 2 | Q94: 2 | R94: 2 | S94: 0 | T94: 2 | U94: 1 | V94: 0 | W94: 1 | X94: =SUM(E94:W94) -> 30
B95: 2 | C95: 2. BENY | E95: 1 | F95: 0 | G95: 0 | H95: 2 | I95: 1 | J95: 1 | K95: 0 | L95: 0 | M95: 1 | N95: 0 | O95: 3 | P95: 2 | Q95: 3 | R95: 3 | S95: 1 | T95: 3 | U95: 0 | V95: 0 | W95: 0 | X95: =SUM(E95:W95) -> 21
B96: 3 | C96: 3. VINA VERONIKA | E96: 0 | F96: 0 | G96: 1 | H96: 0 | I96: 0 | J96: 0 | K96: 0 | L96: 0 | M96: 1 | N96: 0 | O96: 0 | P96: 0 | Q96: 0 | R96: 0 | S96: 0 | T96: 0 | U96: 0 | V96: 0 | W96: 0 | X96: =SUM(E96:W96) -> 2
B97: 4 | C97: 4. TEDDY ANUGRIANTO | E97: 0 | F97: 1 | G97: 4 | H97: 0 | I97: 0 | J97: 0 | K97: 0 | L97: 0 | M97: 0 | N97: 0 | O97: 1 | P97: 1 | Q97: 0 | R97: 2 | S97: 0 | T97: 0 | U97: 0 | V97: 0 | W97: 0 | X97: =SUM(E97:W97) -> 9
B98: 5 | C98: 5. INSAN KAMIL | E98: 0 | F98: 0 | G98: 0 | H98: 0 | I98: 0 | J98: 0 | K98: 0 | L98: 0 | M98: 0 | N98: 0 | O98: 0 | P98: 0 | Q98: 0 | R98: 0 | S98: 0 | T98: 0 | U98: 0 | V98: 0 | W98: 0 | X98: =SUM(E98:W98) -> 0
B99: 6 | C99: 6. LILIK LINDARWATI | E99: 0 | F99: 0 | G99: 0 | H99: 0 | I99: 0 | J99: 0 | K99: 0 | L99: 0 | M99: 0 | N99: 0 | O99: 0 | P99: 0 | Q99: 0 | R99: 0 | S99: 0 | T99: 0 | U99: 0 | V99: 0 | W99: 0 | X99: =SUM(E99:W99) -> 0
B100: 7 | C100: 7. YULI ANITA | E100: 0 | F100: 0 | G100: 0 | H100: 0 | I100: 0 | J100: 0 | K100: 0 | L100: 0 | M100: 0 | N100: 0 | O100: 0 | P100: 0 | Q100: 0 | R100: 0 | S100: 0 | T100: 0 | U100: 0 | V100: 0 | W100: 0 | X100: =SUM(E100:W100) -> 0
X101: =SUM(E101:W101) -> 0
X102: =SUM(E102:W102) -> 0
A103: B | B103: JUMLAH SUARA SAH PARTAI POLITIK DAN CALON (A1 + A2) | E103: =SUM(E93:E100) -> 12 | F103: =SUM(F93:F100) -> 2 | G103: =SUM(G93:G100) -> 8 | H103: =SUM(H93:H100) -> 9 | I103: =SUM(I93:I100) -> 3 | J103: =SUM(J93:J100) -> 3 | K103: =SUM(K93:K100) -> 1 | L103: =SUM(L93:L100) -> 5 | ... W103: =SUM(W93:W100) -> 1 | X103: =SUM(E103:W103) -> 105
A105: A.1 | B105: 6. | C105: Partai Buruh | E105: 0 | F105: 0 | G105: 0 | H105: 0 | I105: 0 | J105: 0 | K105: 0 | L105: 0 | M105: 1 | N105: 0 | O105: 0 | P105: 1 | Q105: 0 | R105: 0 | S105: 0 | T105: 0 | U105: 0 | V105: 0 | W105: 1 | X105: =SUM(E105:W105) -> 3
A106: A.2 | B106: 1 | C106: 1. KHOIRUL ANAM | E106: 1 | F106: 0 | G106: 0 | H106: 0 | I106: 0 | J106: 1 | K106: 0 | L106: 0 | M106: 0 | N106: 0 | O106: 1 | P106: 0 | Q106: 0 | R106: 0 | S106: 1 | T106: 1 | U106: 0 | V106: 0 | W106: 0 | X106: =SUM(E106:W106) -> 5
B107: 2 | C107: 2. INA KURNIA | E107: 0 | F107: 0 | G107: 0 | H107: 0 | I107: 0 | J107: 0 | K107: 0 | L107: 0 | M107: 0 | N107: 1 | O107: 2 | P107: 0 | Q107: 0 | R107: 0 | S107: 0 | T107: 0 | U107: 0 | V107: 0 | W107: 1 | X107: =SUM(E107:W107) -> 4
B108: 3 | C108: 3. JIBRAL TAROUK | E108: 0 | F108: 0 | G108: 0 | H108: 0 | I108: 0 | J108: 0 | K108: 0 | L108: 0 | M108: 0 | N108: 0 | O108: 0 | P108: 0 | Q108: 0 | R108: 0 | S108: 0 | T108: 0 | U108: 0 | V108: 0 | W108: 0 | X108: =SUM(E108:W108) -> 0
B109: 4 | C109: 4. ASTUTI DAENG PUJI | E109: 0 | F109: 0 | G109: 0 | H109: 0 | I109: 0 | J109: 1 | K109: 0 | L109: 0 | M109: 0 | N109: 0 | O109: 0 | P109: 0 | Q109: 0 | R109: 0 | S109: 1 | T109: 0 | U109: 0 | V109: 0 | W109: 0 | X109: =SUM(E109:W109) -> 2
B110: 5 | C110: 5. ASDARMAWAN | E110: 0 | F110: 0 | G110: 0 | H110: 0 | I110: 0 | J110: 0 | K110: 0 | L110: 0 | M110: 0 | N110: 0 | O110: 0 | P110: 0 | Q110: 0 | R110: 0 | S110: 0 | T110: 0 | U110: 0 | V110: 0 | W110: 0 | X110: =SUM(E110:W110) -> 0
B111: 6 | C111: 6. RIFQI MUBAROK | E111: 0 | F111: 0 | G111: 0 | H111: 0 | I111: 0 | J111: 0 | K111: 0 | L111: 0 | M111: 0 | N111: 0 | O111: 0 | P111: 0 | Q111: 0 | R111: 0 | S111: 0 | T111: 0 | U111: 0 | V111: 0 | W111: 0 | X111: =SUM(E111:W111) -> 0
B112: 7 | C112: 7. FIRNANDA ALTA MEGA | E112: 0 | F112: 0 | G112: 0 | H112: 0 | I112: 0 | J112: 0 | K112: 0 | L112: 0 | M112: 0 | N112: 0 | O112: 0 | P112: 0 | Q112: 0 | R112: 0 | S112: 0 | T112: 0 | U112: 0 | V112: 0 | W112: 0 | X112: =SUM(E112:W112) -> 0
X113: =SUM(E113:W113) -> 0
X114: =SUM(E114:W114) -> 0
A115: B | B115: JUMLAH SUARA SAH PARTAI POLITIK DAN CALON (A1 + A2) | E115: =SUM(E105:E112) -> 1 | F115: =SUM(F105:F112) -> 0 | G115: =SUM(G105:G112) -> 0 | H115: =SUM(H105:H112) -> 0 | I115: =SUM(I105:I112) -> 0 | J115: =SUM(J105:J112) -> 2 | K115: =SUM(K105:K112) -> 0 | L115: =SUM(L105:L112) -> 0 | ... W115: =SUM(W105:W112) -> 2 | X115: =SUM(E115:W115) -> 14
A117: A.1 | B117: 7. | C117: Partai Gelombang Rakyat Indonesia | E117: 2 | F117: 2 | G117: 0 | H117: 1 | I117: 0 | J117: 0 | K117: 0 | L117: 1 | M117: 1 | N117: 0 | O117: 0 | P117: 0 | Q117: 0 | R117: 1 | S117: 0 | T117: 3 | U117: 2 | V117: 1 | W117: 1 | X117: =SUM(E117:W117) -> 15
...

Sheet GLAGAHAGUNG
C2: Kecamatan | D2: PURWOHARJO
C3: Kabupaten | D3: BANYUWANGI
C4: Provinsi | D4: JAWA TIMUR
C9: Kelurahan | D9: GLAGAHAGUNG
A12: I | B12: DATA PEMILIH DAN PENGGUNAAN HAK PILIH | AA12: JUMLAH AKHIR
A13: A | B13: DATA PEMILIH | E13: TPS 001 | F13: TPS 002 | G13: TPS 003 | H13: TPS 004 | I13: TPS 005 | J13: TPS 006 | K13: TPS 007 | L13: TPS 008 | M13: TPS 009 | N13: TPS 010 | O13: TPS 011 | P13: TPS 012 | Q13: TPS 013 | R13: TPS 014 | S13: TPS 015 | T13: TPS 016 | U13: TPS 017 | V13: TPS 018 | W13: TPS 019 | X13: TPS 020 | Y13: TPS 021 | Z13: TPS 022
B14: Jumlah Pemilih dalam Daftar Pemilih Tetap (DPT) | D14: LK | E14: 142 | F14: 147 | G14: 140 | H14: 141 | I14: 141 | J14: 142 | K14: 122 | L14: 153 | M14: 154 | N14: 113 | O14: 131 | P14: 136 | Q14: 146 | R14: 138 | S14: 147 | T14: 127 | U14: 136 | V14: 142 | W14: 132 | X14: 133 | Y14: 134 | Z14: 148 | AA14: =SUM(E14:Z14) -> 3045
D15: PR | E15: 153 | F15: 130 | G15: 144 | H15: 149 | I15: 141 | J15: 129 | K15: 122 | L15: 125 | M15: 139 | N15: 115 | O15: 144 | P15: 150 | Q15: 135 | R15: 135 | S15: 148 | T15: 117 | U15: 142 | V15: 138 | W15: 141 | X15: 130 | Y15: 148 | Z15: 147 | AA15: =SUM(E15:Z15) -> 3022
D16: JML | E16: =SUM(E14:E15) -> 295 | F16: =SUM(F14:F15) -> 277 | G16: =SUM(G14:G15) -> 284 | H16: =SUM(H14:H15) -> 290 | I16: =SUM(I14:I15) -> 282 | J16: =SUM(J14:J15) -> 271 | K16: =SUM(K14:K15) -> 244 | L16: =SUM(L14:L15) -> 278 | ... Z16: =SUM(Z14:Z15) -> 295 | AA16: =SUM(E16:Z16) -> 6067
A18: B | B18: PENGGUNA HAK PILIH
B19: 1. | C19: Jumlah pengguna hak pilih dalam Daftar Pemilih Tetap (DPT) | D19: LK | E19: 102 | F19: 119 | G19: 113 | H19: 114 | I19: 112 | J19: 109 | K19: 100 | L19: 100 | M19: 118 | N19: 93 | O19: 111 | P19: 104 | Q19: 111 | R19: 111 | S19: 110 | T19: 102 | U19: 107 | V19: 118 | W19: 99 | X19: 100 | Y19: 106 | Z19: 129 | AA19: =SUM(E19:Z19) -> 2388
D20: PR | E20: 116 | F20: 106 | G20: 117 | H20: 115 | I20: 125 | J20: 99 | K20: 101 | L20: 96 | M20: 109 | N20: 101 | O20: 132 | P20: 134 | Q20: 120 | R20: 104 | S20: 107 | T20: 107 | U20: 121 | V20: 125 | W20: 111 | X20: 103 | Y20: 129 | Z20: 129 | AA20: =SUM(E20:Z20) -> 2507
D21: JML | E21: =SUM(E19:E20) -> 218 | F21: =SUM(F19:F20) -> 225 | G21: =SUM(G19:G20) -> 230 | H21: =SUM(H19:H20) -> 229 | I21: =SUM(I19:I20) -> 237 | J21: =SUM(J19:J20) -> 208 | K21: =SUM(K19:K20) -> 201 | L21: =SUM(L19:L20) -> 196 | ... Z21: =SUM(Z19:Z20) -> 258 | AA21: =SUM(E21:Z21) -> 4895
B22: 2. | C22: Jumlah pengguna hak pilih dalam Daftar Pemilih Tambahan (DPTb) | D22: LK | E22: 0 | F22: 0 | G22: 0 | H22: 0 | I22: 0 | J22: 1 | K22: 0 | L22: 1 | M22: 1 | N22: 0 | O22: 0 | P22: 0 | Q22: 0 | R22: 0 | S22: 0 | T22: 1 | U22: 0 | V22: 0 | W22: 1 | X22: 0 | Y22: 0 | Z22: 0 | AA22: =SUM(E22:Z22) -> 5
D23: PR | E23: 0 | F23: 0 | G23: 0 | H23: 0 | I23: 0 | J23: 1 | K23: 0 | L23: 0 | M23: 0 | N23: 0 | O23: 0 | P23: 0 | Q23: 1 | R23: 0 | S23: 0 | T23: 0 | U23: 0 | V23: 0 | W23: 0 | X23: 0 | Y23: 0 | Z23: 0 | AA23: =SUM(E23:Z23) -> 2
D24: JML | E24: =SUM(E22:E23) -> 0 | F24: =SUM(F22:F23) -> 0 | G24: =SUM(G22:G23) -> 0 | H24: =SUM(H22:H23) -> 0 | I24: =SUM(I22:I23) -> 0 | J24: =SUM(J22:J23) -> 2 | K24: =SUM(K22:K23) -> 0 | L24: =SUM(L22:L23) -> 1 | ... Z24: =SUM(Z22:Z23) -> 0 | AA24: =SUM(E24:Z24) -> 7
B25: 3. | C25: Jumlah pengguna hak pilih dalam Daftar Pemilih Khusus (DPK) | D25: LK | E25: 0 | F25: 1 | G25: 0 | H25: 0 | I25: 1 | J25: 1 | K25: 1 | L25: 1 | M25: 2 | N25: 1 | O25: 0 | P25: 0 | Q25: 0 | R25: 3 | S25: 0 | T25: 1 | U25: 2 | V25: 0 | W25: 0 | X25: 2 | Y25: 1 | Z25: 0 | AA25: =SUM(E25:Z25) -> 17
D26: PR | E26: 1 | F26: 1 | G26: 3 | H26: 1 | I26: 2 | J26: 1 | K26: 1 | L26: 2 | M26: 2 | N26: 4 | O26: 0 | P26: 0 | Q26: 0 | R26: 1 | S26: 2 | T26: 1 | U26: 0 | V26: 0 | W26: 0 | X26: 1 | Y26: 1 | Z26: 0 | AA26: =SUM(E26:Z26) -> 24
D27: JML | E27: =SUM(E25:E26) -> 1 | F27: =SUM(F25:F26) -> 2 | G27: =SUM(G25:G26) -> 3 | H27: =SUM(H25:H26) -> 1 | I27: =SUM(I25:I26) -> 3 | J27: =SUM(J25:J26) -> 2 | K27: =SUM(K25:K26) -> 2 | L27: =SUM(L25:L26) -> 3 | ... Z27: =SUM(Z25:Z26) -> 0 | AA27: =SUM(E27:Z27) -> 41
B28: 4. | C28: Jumlah Pengguna Hak Pilih (B.1+B.2+B.3) | D28: LK | E28: =SUM(E19,E22,E25) -> 102 | F28: =SUM(F19,F22,F25) -> 120 | G28: =SUM(G19,G22,G25) -> 113 | H28: =SUM(H19,H22,H25) -> 114 | I28: =SUM(I19,I22,I25) -> 113 | J28: =SUM(J19,J22,J25) -> 111 | K28: =SUM(K19,K22,K25) -> 101 | L28: =SUM(L19,L22,L25) -> 102 | ... Z28: =SUM(Z19,Z22,Z25) -> 129 | AA28: =SUM(E28:Z28) -> 2410
D29: PR | E29: =SUM(E20,E23,E26) -> 117 | F29: =SUM(F20,F23,F26) -> 107 | G29: =SUM(G20,G23,G26) -> 120 | H29: =SUM(H20,H23,H26) -> 116 | I29: =SUM(I20,I23,I26) -> 127 | J29: =SUM(J20,J23,J26) -> 101 | K29: =SUM(K20,K23,K26) -> 102 | L29: =SUM(L20,L23,L26) -> 98 | ... Z29: =SUM(Z20,Z23,Z26) -> 129 | AA29: =SUM(E29:Z29) -> 2533
D30: JML | E30: =SUM(E28:E29) -> 219 | F30: =SUM(F28:F29) -> 227 | G30: =SUM(G28:G29) -> 233 | H30: =SUM(H28:H29) -> 230 | I30: =SUM(I28:I29) -> 240 | J30: =SUM(J28:J29) -> 212 | K30: =SUM(K28:K29) -> 203 | L30: =SUM(L28:L29) -> 200 | ... Z30: =SUM(Z28:Z29) -> 258 | AA30: =SUM(E30:Z30) -> 4943
A32: II | B32: DATA PENGGUNAAN SURAT SUARA
A33: 1 | B33: Jumlah surat suara yang diterima, termasuk surat suara cadangan 2,5% dari DPT | E33: 301 | F33: 284 | G33: 290 | H33: 297 | I33: 286 | J33: 277 | K33: 249 | L33: 284 | M33: 299 | N33: 233 | O33: 281 | P33: 292 | Q33: 294 | R33: 279 | S33: 301 | T33: 249 | U33: 284 | V33: 286 | W33: 279 | X33: 270 | Y33: 288 | Z33: 301 | AA33: =SUM(E33:Z33) -> 6204
A34: 2 | B34: Jumlah surat suara yang digunakan | E34: 219 | F34: 227 | G34: 233 | H34: 230 | I34: 240 | J34: 212 | K34: 203 | L34: 200 | M34: 232 | N34: 199 | O34: 243 | P34: 238 | Q34: 232 | R34: 219 | S34: 219 | T34: 212 | U34: 230 | V34: 243 | W34: 211 | X34: 206 | Y34: 237 | Z34: 258 | AA34: =SUM(E34:Z34) -> 4943
A35: 3 | B35: Jumlah surat suara dikembalikan oleh pemilih (karena rusak atau keliru coblos) | E35: 0 | F35: 1 | G35: 0 | H35: 0 | I35: 3 | J35: 0 | K35: 0 | L35: 0 | M35: 0 | N35: 1 | O35: 0 | P35: 2 | Q35: 2 | R35: 1 | S35: 0 | T35: 0 | U35: 0 | V35: 2 | W35: 0 | X35: 0 | Y35: 1 | Z35: 0 | AA35: =SUM(E35:Z35) -> 13
A36: 4 | B36: Jumlah surat suara yang tidak digunakan/tidak terpakai, termasuk sisa surat suara cadangan | E36: =E33-(E34+E35) -> 82 | F36: =F33-(F34+F35) -> 56 | G36: =G33-(G34+G35) -> 57 | H36: =H33-(H34+H35) -> 67 | I36: =I33-(I34+I35) -> 43 | J36: =J33-(J34+J35) -> 65 | K36: =K33-(K34+K35) -> 46 | L36: =L33-(L34+L35) -> 84 | ... Z36: =Z33-(Z34+Z35) -> 43 | AA36: =SUM(E36:Z36) -> 1248
A38: III | B38: DATA PEMILIH DISABILITAS
B39: Jumlah seluruh Pemilih disabilitas yang menggunakan hak pilih | D39: LK | E39: 1 | F39: 0 | G39: 0 | H39: 0 | I39: 0 | J39: 0 | K39: 0 | L39: 0 | M39: 0 | N39: 0 | O39: 0 | P39: 0 | Q39: 0 | R39: 0 | S39: 2 | T39: 0 | U39: 0 | V39: 0 | W39: 0 | X39: 0 | Y39: 0 | Z39: 0 | AA39: =SUM(E39:Z39) -> 3
D40: PR | E40: 0 | F40: 0 | G40: 0 | H40: 0 | I40: 0 | J40: 0 | K40: 0 | L40: 0 | M40: 0 | N40: 0 | O40: 0 | P40: 0 | Q40: 0 | R40: 0 | S40: 1 | T40: 0 | U40: 1 | V40: 0 | W40: 0 | X40: 0 | Y40: 0 | Z40: 0 | AA40: =SUM(E40:Z40) -> 2
D41: JML | E41: =SUM(E39:E40) -> 1 | F41: =SUM(F39:F40) -> 0 | G41: =SUM(G39:G40) -> 0 | H41: =SUM(H39:H40) -> 0 | I41: =SUM(I39:I40) -> 0 | J41: =SUM(J39:J40) -> 0 | K41: =SUM(K39:K40) -> 0 | L41: =SUM(L39:L40) -> 0 | ... Z41: =SUM(Z39:Z40) -> 0 | AA41: =SUM(E41:Z41) -> 5
A43: IV | B43: DATA RINCIAN PEROLEHAN SUARA PASANGAN CALON BUPATI DAN WAKIL BUPATI
A44: NOMOR DAN NAMA CALON
A45: A.1 | B45: 1. | C45: Partai Kebangkitan Bangsa | E45: 4 | F45: 15 | G45: 9 | H45: 4 | I45: 7 | J45: 13 | K45: 7 | L45: 3 | M45: 9 | N45: 0 | O45: 5 | P45: 5 | Q45: 10 | R45: 13 | S45: 7 | T45: 5 | U45: 2 | V45: 3 | W45: 5 | X45: 3 | Y45: 9 | Z45: 13 | AA45: =SUM(E45:Z45) -> 151
A46: A.2 | B46: 1 | C46: 1. Dr. Hj. NIHAYATUL WAFIROH, M.A. | E46: 30 | F46: 56 | G46: 26 | H46: 34 | I46: 70 | J46: 34 | K46: 22 | L46: 21 | M46: 48 | N46: 16 | O46: 6 | P46: 11 | Q46: 10 | R46: 26 | S46: 2 | T46: 5 | U46: 2 | V46: 3 | W46: 7 | X46: 9 | Y46: 16 | Z46: 63 | AA46: =SUM(E46:Z46) -> 517
B47: 2 | C47: 2. H. M. NASIM KHAN | E47: 4 | F47: 3 | G47: 8 | H47: 3 | I47: 4 | J47: 2 | K47: 1 | L47: 2 | M47: 3 | N47: 0 | O47: 2 | P47: 1 | Q47: 1 | R47: 1 | S47: 1 | T47: 1 | U47: 3 | V47: 0 | W47: 0 | X47: 0 | Y47: 1 | Z47: 4 | AA47: =SUM(E47:Z47) -> 45
B48: 3 | C48: 3. Dr. H. AKIK ZAMAN, M.Pd.I. | E48: 0 | F48: 0 | G48: 0 | H48: 1 | I48: 2 | J48: 0 | K48: 0 | L48: 0 | M48: 1 | N48: 0 | O48: 0 | P48: 0 | Q48: 0 | R48: 1 | S48: 0 | T48: 0 | U48: 1 | V48: 0 | W48: 2 | X48: 0 | Y48: 2 | Z48: 0 | AA48: =SUM(E48:Z48) -> 10
B49: 4 | C49: 4. AHMAD RIFA'I, S.H. | E49: 0 | F49: 1 | G49: 0 | H49: 0 | I49: 0 | J49: 2 | K49: 2 | L49: 0 | M49: 1 | N49: 0 | O49: 1 | P49: 0 | Q49: 0 | R49: 0 | S49: 1 | T49: 0 | U49: 1 | V49: 0 | W49: 0 | X49: 0 | Y49: 0 | Z49: 1 | AA49: =SUM(E49:Z49) -> 10
B50: 5 | C50: 5. Drs. H. MAHFUD M.N. | E50: 2 | F50: 1 | G50: 0 | H50: 0 | I50: 2 | J50: 0 | K50: 0 | L50: 0 | M50: 0 | N50: 0 | O50: 0 | P50: 0 | Q50: 0 | R50: 1 | S50: 0 | T50: 1 | U50: 0 | V50: 0 | W50: 0 | X50: 0 | Y50: 0 | Z50: 0 | AA50: =SUM(E50:Z50) -> 7
B51: 6 | C51: 6. NURHAYATI, S.Pd. | E51: 0 | F51: 1 | G51: 1 | H51: 1 | I51: 0 | J51: 0 | K51: 0 | L51: 0 | M51: 0 | N51: 1 | O51: 0 | P51: 0 | Q51: 0 | R51: 0 | S51: 0 | T51: 0 | U51: 0 | V51: 0 | W51: 0 | X51: 0 | Y51: 0 | Z51: 1 | AA51: =SUM(E51:Z51) -> 5
B52: 7 | C52: 7. MAFTUHA KISWAH | E52: 0 | F52: 0 | G52: 0 | H52: 0 | I52: 0 | J52: 0 | K52: 0 | L52: 0 | M52: 0 | N52: 0 | O52: 0 | P52: 1 | Q52: 0 | R52: 0 | S52: 0 | T52: 0 | U52: 0 | V52: 0 | W52: 0 | X52: 1 | Y52: 0 | Z52: 1 | AA52: =SUM(E52:Z52) -> 3
AA53: =SUM(E53:Z53) -> 0
AA54: =SUM(E54:Z54) -> 0
A55: B | B55: JUMLAH SUARA SAH PARTAI POLITIK DAN CALON (A1 + A2) | E55: =SUM(E45:E52) -> 40 | F55: =SUM(F45:F52) -> 77 | G55: =SUM(G45:G52) -> 44 | H55: =SUM(H45:H52) -> 43 | I55: =SUM(I45:I52) -> 85 | J55: =SUM(J45:J52) -> 51 | K55: =SUM(K45:K52) -> 32 | L55: =SUM(L45:L52) -> 26 | ... Z55: =SUM(Z45:Z52) -> 83 | AA55: =SUM(E55:Z55) -> 748
A57: A.1 | B57: 2. | C57: Partai Gerakan Indonesia Raya | E57: 8 | F57: 5 | G57: 27 | H57: 13 | I57: 8 | J57: 13 | K57: 6 | L57: 9 | M57: 16 | N57: 9 | O57: 7 | P57: 13 | Q57: 15 | R57: 15 | S57: 31 | T57: 8 | U57: 6 | V57: 19 | W57: 14 | X57: 10 | Y57: 12 | Z57: 14 | AA57: =SUM(E57:Z57) -> 278
A58: A.2 | B58: 1 | C58: 1. SUMAIL ABDULLAH | E58: 9 | F58: 7 | G58: 14 | H58: 7 | I58: 7 | J58: 8 | K58: 9 | L58: 7 | M58: 9 | N58: 9 | O58: 12 | P58: 6 | Q58: 11 | R58: 21 | S58: 17 | T58: 8 | U58: 10 | V58: 9 | W58: 4 | X58: 5 | Y58: 10 | Z58: 9 | AA58: =SUM(E58:Z58) -> 208
B59: 2 | C59: 2. MUHAMMAD ALI ADRIAN SALEH | E59: 9 | F59: 15 | G59: 17 | H59: 17 | I59: 7 | J59: 19 | K59: 9 | L59: 4 | M59: 25 | N59: 28 | O59: 40 | P59: 12 | Q59: 25 | R59: 27 | S59: 10 | T59: 6 | U59: 21 | V59: 48 | W59: 41 | X59: 6 | Y59: 25 | Z59: 16 | AA59: =SUM(E59:Z59) -> 427
B60: 3 | C60: 3. DURROTUN NAFISAH | E60: 1 | F60: 2 | G60: 2 | H60: 1 | I60: 2 | J60: 1 | K60: 1 | L60: 1 | M60: 1 | N60: 0 | O60: 1 | P60: 1 | Q60: 0 | R60: 1 | S60: 2 | T60: 2 | U60: 1 | V60: 0 | W60: 2 | X60: 5 | Y60: 1 | Z60: 2 | AA60: =SUM(E60:Z60) -> 30
B61: 4 | C61: 4. H. EKO SUSILO NURHIDAYAT | E61: 0 | F61: 0 | G61: 0 | H61: 2 | I61: 0 | J61: 2 | K61: 5 | L61: 2 | M61: 2 | N61: 1 | O61: 3 | P61: 2 | Q61: 4 | R61: 2 | S61: 3 | T61: 2 | U61: 8 | V61: 2 | W61: 8 | X61: 1 | Y61: 5 | Z61: 2 | AA61: =SUM(E61:Z61) -> 56
B62: 5 | C62: 5. KARNADI HARIJANTO, S.S. | E62: 0 | F62: 0 | G62: 0 | H62: 0 | I62: 0 | J62: 0 | K62: 0 | L62: 1 | M62: 0 | N62: 0 | O62: 0 | P62: 0 | Q62: 0 | R62: 0 | S62: 1 | T62: 3 | U62: 0 | V62: 2 | W62: 1 | X62: 0 | Y62: 1 | Z62: 1 | AA62: =SUM(E62:Z62) -> 10
B63: 6 | C63: 6. NURHAYATI | E63: 0 | F63: 1 | G63: 1 | H63: 1 | I63: 2 | J63: 4 | K63: 1 | L63: 1 | M63: 2 | N63: 1 | O63: 1 | P63: 1 | Q63: 0 | R63: 1 | S63: 0 | T63: 1 | U63: 3 | V63: 0 | W63: 1 | X63: 1 | Y63: 1 | Z63: 1 | AA63: =SUM(E63:Z63) -> 25
B64: 7 | C64: 7. MASHUDI | E64: 1 | F64: 0 | G64: 1 | H64: 0 | I64: 1 | J64: 0 | K64: 0 | L64: 1 | M64: 1 | N64: 0 | O64: 0 | P64: 0 | Q64: 1 | R64: 0 | S64: 0 | T64: 0 | U64: 0 | V64: 2 | W64: 1 | X64: 0 | Y64: 0 | Z64: 0 | AA64: =SUM(E64:Z64) -> 9
AA65: =SUM(E65:Z65) -> 0
AA66: =SUM(E66:Z66) -> 0
A67: B | B67: JUMLAH SUARA SAH PARTAI POLITIK DAN CALON (A1 + A2) | E67: =SUM(E57:E64) -> 28 | F67: =SUM(F57:F64) -> 30 | G67: =SUM(G57:G64) -> 62 | H67: =SUM(H57:H64) -> 41 | I67: =SUM(I57:I64) -> 27 | J67: =SUM(J57:J64) -> 47 | K67: =SUM(K57:K64) -> 31 | L67: =SUM(L57:L64) -> 26 | ... Z67: =SUM(Z57:Z64) -> 45 | AA67: =SUM(E67:Z67) -> 1043
A69: A.1 | B69: 3. | C69: Partai Demokrasi Indonesia Perjuangan | E69: 9 | F69: 5 | G69: 10 | H69: 3 | I69: 5 | J69: 2 | K69: 4 | L69: 6 | M69: 2 | N69: 5 | O69: 2 | P69: 5 | Q69: 3 | R69: 10 | S69: 12 | T69: 1 | U69: 8 | V69: 1 | W69: 2 | X69: 3 | Y69: 5 | Z69: 6 | AA69: =SUM(E69:Z69) -> 109
A70: A.2 | B70: 1 | C70: 1. SONNY TRI DANAPARAMITA, S.H., M.H. | E70: 24 | F70: 6 | G70: 4 | H70: 8 | I70: 1 | J70: 3 | K70: 4 | L70: 4 | M70: 5 | N70: 4 | O70: 4 | P70: 2 | Q70: 6 | R70: 7 | S70: 4 | T70: 1 | U70: 4 | V70: 2 | W70: 1 | X70: 10 | Y70: 13 | Z70: 2 | AA70: =SUM(E70:Z70) -> 119
B71: 2 | C71: 2. H. MOHAMAD GUNTUR ROMLI | E71: 13 | F71: 2 | G71: 3 | H71: 2 | I71: 0 | J71: 2 | K71: 5 | L71: 6 | M71: 3 | N71: 1 | O71: 1 | P71: 2 | Q71: 1 | R71: 4 | S71: 6 | T71: 1 | U71: 2 | V71: 0 | W71: 1 | X71: 3 | Y71: 2 | Z71: 3 | AA71: =SUM(E71:Z71) -> 63
B72: 3 | C72: 3. INA AMMANIA | E72: 2 | F72: 2 | G72: 1 | H72: 2 | I72: 1 | J72: 2 | K72: 1 | L72: 0 | M72: 2 | N72: 0 | O72: 2 | P72: 1 | Q72: 1 | R72: 1 | S72: 5 | T72: 2 | U72: 3 | V72: 3 | W72: 1 | X72: 0 | Y72: 0 | Z72: 0 | AA72: =SUM(E72:Z72) -> 32
B73: 4 | C73: 4. IRWAN BACHTIAR RACHMAT, M.Si. | E73: 1 | F73: 0 | G73: 0 | H73: 0 | I73: 1 | J73: 1 | K73: 0 | L73: 0 | M73: 0 | N73: 0 | O73: 0 | P73: 0 | Q73: 2 | R73: 1 | S73: 0 | T73: 0 | U73: 0 | V73: 1 | W73: 0 | X73: 0 | Y73: 0 | Z73: 0 | AA73: =SUM(E73:Z73) -> 7
B74: 5 | C74: 5. LUCKY PERDANA | E74: 1 | F74: 3 | G74: 1 | H74: 2 | I74: 1 | J74: 1 | K74: 1 | L74: 4 | M74: 1 | N74: 1 | O74: 0 | P74: 0 | Q74: 2 | R74: 1 | S74: 1 | T74: 0 | U74: 4 | V74: 0 | W74: 4 | X74: 6 | Y74: 1 | Z74: 1 | AA74: =SUM(E74:Z74) -> 36
B75: 6 | C75: 6. WIWIK PUJIYATI | E75: 0 | F75: 2 | G75: 0 | H75: 3 | I75: 0 | J75: 2 | K75: 2 | L75: 3 | M75: 1 | N75: 0 | O75: 1 | P75: 1 | Q75: 0 | R75: 0 | S75: 3 | T75: 2 | U75: 2 | V75: 1 | W75: 1 | X75: 0 | Y75: 1 | Z75: 1 | AA75: =SUM(E75:Z75) -> 26
B76: 7 | C76: 7. CHANDRA ASTAN, S.T. | E76: 2 | F76: 0 | G76: 0 | H76: 7 | I76: 0 | J76: 1 | K76: 0 | L76: 3 | M76: 1 | N76: 0 | O76: 0 | P76: 0 | Q76: 2 | R76: 0 | S76: 0 | T76: 0 | U76: 1 | V76: 2 | W76: 2 | X76: 3 | Y76: 3 | Z76: 0 | AA76: =SUM(E76:Z76) -> 27
AA77: =SUM(E77:Z77) -> 0
AA78: =SUM(E78:Z78) -> 0
A79: B | B79: JUMLAH SUARA SAH PARTAI POLITIK DAN CALON (A1 + A2) | E79: =SUM(E69:E76) -> 52 | F79: =SUM(F69:F76) -> 20 | G79: =SUM(G69:G76) -> 19 | H79: =SUM(H69:H76) -> 27 | I79: =SUM(I69:I76) -> 9 | J79: =SUM(J69:J76) -> 14 | K79: =SUM(K69:K76) -> 17 | L79: =SUM(L69:L76) -> 26 | ... Z79: =SUM(Z69:Z76) -> 13 | AA79: =SUM(E79:Z79) -> 419
A81: A.1 | B81: 4. | C81: Partai Golongan Karya | E81: 0 | F81: 2 | G81: 2 | H81: 4 | I81: 3 | J81: 5 | K81: 6 | L81: 2 | M81: 1 | N81: 4 | O81: 0 | P81: 6 | Q81: 8 | R81: 4 | S81: 7 | T81: 4 | U81: 5 | V81: 6 | W81: 4 | X81: 5 | Y81: 3 | Z81: 1 | AA81: =SUM(E81:Z81) -> 82
A82: A.2 | B82: 1 | C82: 1. ZULFIKAR ARSE SADIKIN, S.I.P., M.Si. | E82: 13 | F82: 12 | G82: 20 | H82: 24 | I82: 18 | J82: 25 | K82: 23 | L82: 8 | M82: 12 | N82: 6 | O82: 34 | P82: 42 | Q82: 45 | R82: 11 | S82: 25 | T82: 49 | U82: 25 | V82: 37 | W82: 10 | X82: 18 | Y82: 20 | Z82: 3 | AA82: =SUM(E82:Z82) -> 480
B83: 2 | C83: 2. HANDOKO | E83: 8 | F83: 5 | G83: 5 | H83: 0 | I83: 24 | J83: 11 | K83: 12 | L83: 8 | M83: 11 | N83: 9 | O83: 4 | P83: 3 | Q83: 4 | R83: 3 | S83: 13 | T83: 6 | U83: 5 | V83: 7 | W83: 4 | X83: 11 | Y83: 12 | Z83: 18 | AA83: =SUM(E83:Z83) -> 183
B84: 3 | C84: 3. Hj. OVI DEWI YANTI | E84: 0 | F84: 0 | G84: 0 | H84: 1 | I84: 0 | J84: 1 | K84: 0 | L84: 1 | M84: 1 | N84: 0 | O84: 0 | P84: 0 | Q84: 0 | R84: 1 | S84: 0 | T84: 0 | U84: 0 | V84: 0 | W84: 0 | X84: 0 | Y84: 0 | Z84: 0 | AA84: =SUM(E84:Z84) -> 5
B85: 4 | C85: 4. Ir. AZAM AZMAN NATAWIJANA | E85: 1 | F85: 1 | G85: 0 | H85: 0 | I85: 0 | J85: 2 | K85: 0 | L85: 1 | M85: 0 | N85: 0 | O85: 1 | P85: 1 | Q85: 0 | R85: 0 | S85: 0 | T85: 0 | U85: 4 | V85: 2 | W85: 0 | X85: 1 | Y85: 1 | Z85: 0 | AA85: =SUM(E85:Z85) -> 15
B86: 5 | C86: 5. UBAIDILLAH AMIN, S.Kom. | E86: 1 | F86: 0 | G86: 3 | H86: 1 | I86: 0 | J86: 0 | K86: 0 | L86: 2 | M86: 0 | N86: 0 | O86: 0 | P86: 4 | Q86: 3 | R86: 1 | S86: 3 | T86: 32 | U86: 6 | V86: 1 | W86: 0 | X86: 4 | Y86: 1 | Z86: 1 | AA86: =SUM(E86:Z86) -> 63
B87: 6 | C87: 6. DENNY YUNIANDARI, S.H., M.Kn. | E87: 0 | F87: 0 | G87: 0 | H87: 0 | I87: 0 | J87: 0 | K87: 0 | L87: 1 | M87: 0 | N87: 0 | O87: 0 | P87: 0 | Q87: 0 | R87: 0 | S87: 0 | T87: 0 | U87: 0 | V87: 0 | W87: 0 | X87: 0 | Y87: 0 | Z87: 1 | AA87: =SUM(E87:Z87) -> 2
B88: 7 | C88: 7. ERNADI, S.H.I. | E88: 0 | F88: 0 | G88: 0 | H88: 0 | I88: 0 | J88: 0 | K88: 0 | L88: 0 | M88: 0 | N88: 0 | O88: 0 | P88: 0 | Q88: 1 | R88: 0 | S88: 0 | T88: 0 | U88: 0 | V88: 0 | W88: 0 | X88: 0 | Y88: 0 | Z88: 0 | AA88: =SUM(E88:Z88) -> 1
AA89: =SUM(E89:Z89) -> 0
AA90: =SUM(E90:Z90) -> 0
A91: B | B91: JUMLAH SUARA SAH PARTAI POLITIK DAN CALON (A1 + A2) | E91: =SUM(E81:E88) -> 23 | F91: =SUM(F81:F88) -> 20 | G91: =SUM(G81:G88) -> 30 | H91: =SUM(H81:H88) -> 30 | I91: =SUM(I81:I88) -> 45 | J91: =SUM(J81:J88) -> 44 | K91: =SUM(K81:K88) -> 41 | L91: =SUM(L81:L88) -> 23 | ... Z91: =SUM(Z81:Z88) -> 24 | AA91: =SUM(E91:Z91) -> 831
A93: A.1 | B93: 5. | C93: Partai NasDem | E93: 0 | F93: 0 | G93: 0 | H93: 1 | I93: 0 | J93: 0 | K93: 0 | L93: 2 | M93: 1 | N93: 0 | O93: 2 | P93: 6 | Q93: 2 | R93: 1 | S93: 1 | T93: 4 | U93: 0 | V93: 0 | W93: 0 | X93: 1 | Y93: 0 | Z93: 0 | AA93: =SUM(E93:Z93) -> 21
A94: A.2 | B94: 1 | C94: 1. ACH. FADIL MUZAKKI SYAH | E94: 1 | F94: 0 | G94: 0 | H94: 0 | I94: 0 | J94: 1 | K94: 0 | L94: 0 | M94: 0 | N94: 0 | O94: 0 | P94: 0 | Q94: 1 | R94: 2 | S94: 0 | T94: 1 | U94: 0 | V94: 1 | W94: 0 | X94: 1 | Y94: 0 | Z94: 0 | AA94: =SUM(E94:Z94) -> 8
B95: 2 | C95: 2. BENY | E95: 0 | F95: 0 | G95: 0 | H95: 0 | I95: 0 | J95: 0 | K95: 0 | L95: 0 | M95: 1 | N95: 1 | O95: 0 | P95: 0 | Q95: 0 | R95: 2 | S95: 0 | T95: 0 | U95: 0 | V95: 0 | W95: 1 | X95: 2 | Y95: 1 | Z95: 1 | AA95: =SUM(E95:Z95) -> 9
B96: 3 | C96: 3. VINA VERONIKA | E96: 0 | F96: 0 | G96: 0 | H96: 0 | I96: 0 | J96: 0 | K96: 0 | L96: 0 | M96: 1 | N96: 1 | O96: 0 | P96: 0 | Q96: 0 | R96: 0 | S96: 0 | T96: 0 | U96: 0 | V96: 0 | W96: 0 | X96: 0 | Y96: 0 | Z96: 0 | AA96: =SUM(E96:Z96) -> 2
B97: 4 | C97: 4. TEDDY ANUGRIANTO | E97: 2 | F97: 0 | G97: 0 | H97: 4 | I97: 0 | J97: 1 | K97: 0 | L97: 1 | M97: 1 | N97: 1 | O97: 0 | P97: 1 | Q97: 1 | R97: 2 | S97: 0 | T97: 0 | U97: 0 | V97: 11 | W97: 0 | X97: 2 | Y97: 0 | Z97: 0 | AA97: =SUM(E97:Z97) -> 27
B98: 5 | C98: 5. INSAN KAMIL | E98: 0 | F98: 0 | G98: 0 | H98: 0 | I98: 0 | J98: 0 | K98: 0 | L98: 0 | M98: 0 | N98: 0 | O98: 0 | P98: 2 | Q98: 0 | R98: 0 | S98: 0 | T98: 1 | U98: 0 | V98: 0 | W98: 0 | X98: 0 | Y98: 0 | Z98: 0 | AA98: =SUM(E98:Z98) -> 3
B99: 6 | C99: 6. LILIK LINDARWATI | E99: 0 | F99: 0 | G99: 0 | H99: 0 | I99: 0 | J99: 0 | K99: 0 | L99: 0 | M99: 0 | N99: 0 | O99: 0 | P99: 1 | Q99: 0 | R99: 0 | S99: 0 | T99: 0 | U99: 0 | V99: 0 | W99: 0 | X99: 0 | Y99: 0 | Z99: 0 | AA99: =SUM(E99:Z99) -> 1
B100: 7 | C100: 7. YULI ANITA | E100: 0 | F100: 0 | G100: 0 | H100: 0 | I100: 0 | J100: 0 | K100: 0 | L100: 0 | M100: 0 | N100: 0 | O100: 0 | P100: 0 | Q100: 0 | R100: 1 | S100: 0 | T100: 0 | U100: 0 | V100: 0 | W100: 0 | X100: 0 | Y100: 0 | Z100: 0 | AA100: =SUM(E100:Z100) -> 1
AA101: =SUM(E101:Z101) -> 0
AA102: =SUM(E102:Z102) -> 0
A103: B | B103: JUMLAH SUARA SAH PARTAI POLITIK DAN CALON (A1 + A2) | E103: =SUM(E93:E100) -> 3 | F103: =SUM(F93:F100) -> 0 | G103: =SUM(G93:G100) -> 0 | H103: =SUM(H93:H100) -> 5 | I103: =SUM(I93:I100) -> 0 | J103: =SUM(J93:J100) -> 2 | K103: =SUM(K93:K100) -> 0 | L103: =SUM(L93:L100) -> 3 | ... Z103: =SUM(Z93:Z100) -> 1 | AA103: =SUM(E103:Z103) -> 72
A105: A.1 | B105: 6. | C105: Partai Buruh | E105: 1 | F105: 0 | G105: 0 | H105: 0 | I105: 0 | J105: 0 | K105: 0 | L105: 0 | M105: 0 | N105: 0 | O105: 0 | P105: 0 | Q105: 1 | R105: 0 | S105: 0 | T105: 0 | U105: 0 | V105: 0 | W105: 1 | X105: 0 | Y105: 1 | Z105: 1 | AA105: =SUM(E105:Z105) -> 5
A106: A.2 | B106: 1 | C106: 1. KHOIRUL ANAM | E106: 1 | F106: 0 | G106: 0 | H106: 0 | I106: 0 | J106: 0 | K106: 0 | L106: 0 | M106: 1 | N106: 2 | O106: 0 | P106: 0 | Q106: 1 | R106: 0 | S106: 0 | T106: 0 | U106: 0 | V106: 0 | W106: 0 | X106: 0 | Y106: 0 | Z106: 0 | AA106: =SUM(E106:Z106) -> 5
B107: 2 | C107: 2. INA KURNIA | E107: 0 | F107: 0 | G107: 0 | H107: 1 | I107: 0 | J107: 0 | K107: 0 | L107: 0 | M107: 0 | N107: 0 | O107: 0 | P107: 1 | Q107: 0 | R107: 0 | S107: 0 | T107: 0 | U107: 0 | V107: 0 | W107: 0 | X107: 1 | Y107: 0 | Z107: 0 | AA107: =SUM(E107:Z107) -> 3
B108: 3 | C108: 3. JIBRAL TAROUK | E108: 0 | F108: 0 | G108: 0 | H108: 0 | I108: 0 | J108: 0 | K108: 0 | L108: 0 | M108: 0 | N108: 0 | O108: 0 | P108: 0 | Q108: 0 | R108: 0 | S108: 1 | T108: 1 | U108: 0 | V108: 0 | W108: 0 | X108: 0 | Y108: 0 | Z108: 0 | AA108: =SUM(E108:Z108) -> 2
B109: 4 | C109: 4. ASTUTI DAENG PUJI | E109: 0 | F109: 0 | G109: 0 | H109: 0 | I109: 0 | J109: 0 | K109: 0 | L109: 0 | M109: 0 | N109: 0 | O109: 0 | P109: 0 | Q109: 0 | R109: 0 | S109: 0 | T109: 0 | U109: 0 | V109: 0 | W109: 0 | X109: 0 | Y109: 0 | Z109: 0 | AA109: =SUM(E109:Z109) -> 0
B110: 5 | C110: 5. ASDARMAWAN | E110: 0 | F110: 0 | G110: 0 | H110: 0 | I110: 0 | J110: 0 | K110: 0 | L110: 0 | M110: 0 | N110: 0 | O110: 1 | P110: 0 | Q110: 0 | R110: 0 | S110: 0 | T110: 0 | U110: 0 | V110: 0 | W110: 0 | X110: 0 | Y110: 0 | Z110: 0 | AA110: =SUM(E110:Z110) -> 1
B111: 6 | C111: 6. RIFQI MUBAROK | E111: 0 | F111: 0 | G111: 0 | H111: 0 | I111: 0 | J111: 0 | K111: 0 | L111: 0 | M111: 0 | N111: 0 | O111: 0 | P111: 0 | Q111: 0 | R111: 0 | S111: 0 | T111: 0 | U111: 0 | V111: 0 | W111: 0 | X111: 0 | Y111: 1 | Z111: 0 | AA111: =SUM(E111:Z111) -> 1
B112: 7 | C112: 7. FIRNANDA ALTA MEGA | E112: 0 | F112: 0 | G112: 0 | H112: 0 | I112: 0 | J112: 0 | K112: 0 | L112: 1 | M112: 0 | N112: 0 | O112: 0 | P112: 0 | Q112: 0 | R112: 0 | S112: 0 | T112: 0 | U112: 0 | V112: 0 | W112: 0 | X112: 0 | Y112: 0 | Z112: 0 | AA112: =SUM(E112:Z112) -> 1
AA113: =SUM(E113:Z113) -> 0
AA114: =SUM(E114:Z114) -> 0
A115: B | B115: JUMLAH SUARA SAH PARTAI POLITIK DAN CALON (A1 + A2) | E115: =SUM(E105:E112) -> 2 | F115: =SUM(F105:F112) -> 0 | G115: =SUM(G105:G112) -> 0 | H115: =SUM(H105:H112) -> 1 | I115: =SUM(I105:I112) -> 0 | J115: =SUM(J105:J112) -> 0 | K115: =SUM(K105:K112) -> 0 | L115: =SUM(L105:L112) -> 1 | ... Z115: =SUM(Z105:Z112) -> 1 | AA115: =SUM(E115:Z115) -> 18
A117: A.1 | B117: 7. | C117: Partai Gelombang Rakyat Indonesia | E117: 1 | F117: 0 | G117: 3 | H117: 3 | I117: 0 | J117: 0 | K117: 0 | L117: 3 | M117: 1 | N117: 1 | O117: 1 | P117: 1 | Q117: 0 | R117: 1 | S117: 5 | T117: 1 | U117: 4 | V117: 0 | W117: 0 | X117: 4 | Y117: 2 | Z117: 0 | AA117: =SUM(E117:Z117) -> 31
...

Sheet SIDOREJO
C2: Kecamatan | D2: PURWOHARJO
C3: Kabupaten | D3: BANYUWANGI
C4: Provinsi | D4: JAWA TIMUR
C9: Kelurahan | D9: SIDOREJO
A12: I | B12: DATA PEMILIH DAN PENGGUNAAN HAK PILIH | AA12: JUMLAH AKHIR
A13: A | B13: DATA PEMILIH | E13: TPS 001 | F13: TPS 002 | G13: TPS 003 | H13: TPS 004 | I13: TPS 005 | J13: TPS 006 | K13: TPS 007 | L13: TPS 008 | M13: TPS 009 | N13: TPS 010 | O13: TPS 011 | P13: TPS 012 | Q13: TPS 013 | R13: TPS 014 | S13: TPS 015 | T13: TPS 016 | U13: TPS 017 | V13: TPS 018 | W13: TPS 019 | X13: TPS 020 | Y13: TPS 021 | Z13: TPS 022
B14: Jumlah Pemilih dalam Daftar Pemilih Tetap (DPT) | D14: LK | E14: 131 | F14: 134 | G14: 136 | H14: 143 | I14: 134 | J14: 129 | K14: 142 | L14: 141 | M14: 138 | N14: 150 | O14: 141 | P14: 147 | Q14: 156 | R14: 137 | S14: 123 | T14: 139 | U14: 132 | V14: 132 | W14: 133 | X14: 137 | Y14: 125 | Z14: 139 | AA14: =SUM(E14:Z14) -> 3019
D15: PR | E15: 144 | F15: 132 | G15: 137 | H15: 144 | I15: 136 | J15: 145 | K15: 134 | L15: 136 | M15: 148 | N15: 145 | O15: 140 | P15: 146 | Q15: 141 | R15: 124 | S15: 129 | T15: 125 | U15: 133 | V15: 137 | W15: 133 | X15: 137 | Y15: 133 | Z15: 133 | AA15: =SUM(E15:Z15) -> 3012
D16: JML | E16: =SUM(E14:E15) -> 275 | F16: =SUM(F14:F15) -> 266 | G16: =SUM(G14:G15) -> 273 | H16: =SUM(H14:H15) -> 287 | I16: =SUM(I14:I15) -> 270 | J16: =SUM(J14:J15) -> 274 | K16: =SUM(K14:K15) -> 276 | L16: =SUM(L14:L15) -> 277 | ... Z16: =SUM(Z14:Z15) -> 272 | AA16: =SUM(E16:Z16) -> 6031
A18: B | B18: PENGGUNA HAK PILIH
B19: 1. | C19: Jumlah pengguna hak pilih dalam Daftar Pemilih Tetap (DPT) | D19: LK | E19: 102 | F19: 99 | G19: 104 | H19: 112 | I19: 106 | J19: 100 | K19: 106 | L19: 113 | M19: 101 | N19: 111 | O19: 108 | P19: 122 | Q19: 121 | R19: 111 | S19: 102 | T19: 110 | U19: 103 | V19: 94 | W19: 110 | X19: 100 | Y19: 99 | Z19: 108 | AA19: =SUM(E19:Z19) -> 2342
D20: PR | E20: 123 | F20: 109 | G20: 107 | H20: 111 | I20: 113 | J20: 117 | K20: 113 | L20: 108 | M20: 125 | N20: 113 | O20: 113 | P20: 118 | Q20: 110 | R20: 105 | S20: 115 | T20: 104 | U20: 95 | V20: 105 | W20: 105 | X20: 107 | Y20: 102 | Z20: 109 | AA20: =SUM(E20:Z20) -> 2427
D21: JML | E21: =SUM(E19:E20) -> 225 | F21: =SUM(F19:F20) -> 208 | G21: =SUM(G19:G20) -> 211 | H21: =SUM(H19:H20) -> 223 | I21: =SUM(I19:I20) -> 219 | J21: =SUM(J19:J20) -> 217 | K21: =SUM(K19:K20) -> 219 | L21: =SUM(L19:L20) -> 221 | ... Z21: =SUM(Z19:Z20) -> 217 | AA21: =SUM(E21:Z21) -> 4769
B22: 2. | C22: Jumlah pengguna hak pilih dalam Daftar Pemilih Tambahan (DPTb) | D22: LK | E22: 1 | F22: 0 | G22: 0 | H22: 0 | I22: 0 | J22: 0 | K22: 0 | L22: 0 | M22: 0 | N22: 0 | O22: 0 | P22: 0 | Q22: 0 | R22: 0 | S22: 0 | T22: 0 | U22: 0 | V22: 0 | W22: 0 | X22: 0 | Y22: 0 | Z22: 0 | AA22: =SUM(E22:Z22) -> 1
D23: PR | E23: 0 | F23: 0 | G23: 0 | H23: 0 | I23: 0 | J23: 0 | K23: 0 | L23: 0 | M23: 0 | N23: 0 | O23: 0 | P23: 0 | Q23: 0 | R23: 0 | S23: 0 | T23: 0 | U23: 1 | V23: 0 | W23: 0 | X23: 0 | Y23: 0 | Z23: 0 | AA23: =SUM(E23:Z23) -> 1
D24: JML | E24: =SUM(E22:E23) -> 1 | F24: =SUM(F22:F23) -> 0 | G24: =SUM(G22:G23) -> 0 | H24: =SUM(H22:H23) -> 0 | I24: =SUM(I22:I23) -> 0 | J24: =SUM(J22:J23) -> 0 | K24: =SUM(K22:K23) -> 0 | L24: =SUM(L22:L23) -> 0 | ... Z24: =SUM(Z22:Z23) -> 0 | AA24: =SUM(E24:Z24) -> 2
B25: 3. | C25: Jumlah pengguna hak pilih dalam Daftar Pemilih Khusus (DPK) | D25: LK | E25: 2 | F25: 0 | G25: 3 | H25: 0 | I25: 1 | J25: 0 | K25: 1 | L25: 1 | M25: 0 | N25: 0 | O25: 0 | P25: 0 | Q25: 0 | R25: 0 | S25: 2 | T25: 0 | U25: 1 | V25: 1 | W25: 0 | X25: 2 | Y25: 1 | Z25: 1 | AA25: =SUM(E25:Z25) -> 16
D26: PR | E26: 2 | F26: 0 | G26: 1 | H26: 0 | I26: 3 | J26: 2 | K26: 2 | L26: 1 | M26: 0 | N26: 0 | O26: 6 | P26: 2 | Q26: 0 | R26: 1 | S26: 0 | T26: 0 | U26: 2 | V26: 0 | W26: 0 | X26: 2 | Y26: 1 | Z26: 2 | AA26: =SUM(E26:Z26) -> 27
D27: JML | E27: =SUM(E25:E26) -> 4 | F27: =SUM(F25:F26) -> 0 | G27: =SUM(G25:G26) -> 4 | H27: =SUM(H25:H26) -> 0 | I27: =SUM(I25:I26) -> 4 | J27: =SUM(J25:J26) -> 2 | K27: =SUM(K25:K26) -> 3 | L27: =SUM(L25:L26) -> 2 | ... Z27: =SUM(Z25:Z26) -> 3 | AA27: =SUM(E27:Z27) -> 43
B28: 4. | C28: Jumlah Pengguna Hak Pilih (B.1+B.2+B.3) | D28: LK | E28: =SUM(E19,E22,E25) -> 105 | F28: =SUM(F19,F22,F25) -> 99 | G28: =SUM(G19,G22,G25) -> 107 | H28: =SUM(H19,H22,H25) -> 112 | I28: =SUM(I19,I22,I25) -> 107 | J28: =SUM(J19,J22,J25) -> 100 | K28: =SUM(K19,K22,K25) -> 107 | L28: =SUM(L19,L22,L25) -> 114 | ... Z28: =SUM(Z19,Z22,Z25) -> 109 | AA28: =SUM(E28:Z28) -> 2359
D29: PR | E29: =SUM(E20,E23,E26) -> 125 | F29: =SUM(F20,F23,F26) -> 109 | G29: =SUM(G20,G23,G26) -> 108 | H29: =SUM(H20,H23,H26) -> 111 | I29: =SUM(I20,I23,I26) -> 116 | J29: =SUM(J20,J23,J26) -> 119 | K29: =SUM(K20,K23,K26) -> 115 | L29: =SUM(L20,L23,L26) -> 109 | ... Z29: =SUM(Z20,Z23,Z26) -> 111 | AA29: =SUM(E29:Z29) -> 2455
D30: JML | E30: =SUM(E28:E29) -> 230 | F30: =SUM(F28:F29) -> 208 | G30: =SUM(G28:G29) -> 215 | H30: =SUM(H28:H29) -> 223 | I30: =SUM(I28:I29) -> 223 | J30: =SUM(J28:J29) -> 219 | K30: =SUM(K28:K29) -> 222 | L30: =SUM(L28:L29) -> 223 | ... Z30: =SUM(Z28:Z29) -> 220 | AA30: =SUM(E30:Z30) -> 4814
A32: II | B32: DATA PENGGUNAAN SURAT SUARA
A33: 1 | B33: Jumlah surat suara yang diterima, termasuk surat suara cadangan 2,5% dari DPT | E33: 281 | F33: 272 | G33: 279 | H33: 293 | I33: 276 | J33: 280 | K33: 282 | L33: 284 | M33: 292 | N33: 301 | O33: 287 | P33: 299 | Q33: 303 | R33: 267 | S33: 258 | T33: 270 | U33: 271 | V33: 275 | W33: 272 | X33: 280 | Y33: 266 | Z33: 278 | AA33: =SUM(E33:Z33) -> 6166
A34: 2 | B34: Jumlah surat suara yang digunakan | E34: 230 | F34: 208 | G34: 215 | H34: 223 | I34: 223 | J34: 219 | K34: 222 | L34: 223 | M34: 226 | N34: 224 | O34: 227 | P34: 242 | Q34: 231 | R34: 217 | S34: 219 | T34: 214 | U34: 202 | V34: 200 | W34: 215 | X34: 211 | Y34: 203 | Z34: 220 | AA34: =SUM(E34:Z34) -> 4814
A35: 3 | B35: Jumlah surat suara dikembalikan oleh pemilih (karena rusak atau keliru coblos) | E35: 0 | F35: 0 | G35: 0 | H35: 0 | I35: 0 | J35: 0 | K35: 0 | L35: 1 | M35: 0 | N35: 0 | O35: 0 | P35: 1 | Q35: 0 | R35: 0 | S35: 0 | T35: 0 | U35: 0 | V35: 0 | W35: 2 | X35: 0 | Y35: 0 | Z35: 2 | AA35: =SUM(E35:Z35) -> 6
A36: 4 | B36: Jumlah surat suara yang tidak digunakan/tidak terpakai, termasuk sisa surat suara cadangan | E36: =E33-(E34+E35) -> 51 | F36: =F33-(F34+F35) -> 64 | G36: =G33-(G34+G35) -> 64 | H36: =H33-(H34+H35) -> 70 | I36: =I33-(I34+I35) -> 53 | J36: =J33-(J34+J35) -> 61 | K36: =K33-(K34+K35) -> 60 | L36: =L33-(L34+L35) -> 60 | ... Z36: =Z33-(Z34+Z35) -> 56 | AA36: =SUM(E36:Z36) -> 1346
A38: III | B38: DATA PEMILIH DISABILITAS
B39: Jumlah seluruh Pemilih disabilitas yang menggunakan hak pilih | D39: LK | E39: 0 | F39: 0 | G39: 0 | H39: 1 | I39: 0 | J39: 0 | K39: 0 | L39: 0 | M39: 0 | N39: 0 | O39: 0 | P39: 0 | Q39: 0 | R39: 0 | S39: 0 | T39: 0 | U39: 0 | V39: 0 | W39: 0 | X39: 0 | Y39: 0 | Z39: 0 | AA39: =SUM(E39:Z39) -> 1
D40: PR | E40: 0 | F40: 0 | G40: 0 | H40: 0 | I40: 0 | J40: 0 | K40: 0 | L40: 0 | M40: 0 | N40: 0 | O40: 0 | P40: 0 | Q40: 0 | R40: 0 | S40: 0 | T40: 0 | U40: 0 | V40: 0 | W40: 0 | X40: 0 | Y40: 0 | Z40: 0 | AA40: =SUM(E40:Z40) -> 0
D41: JML | E41: =SUM(E39:E40) -> 0 | F41: =SUM(F39:F40) -> 0 | G41: =SUM(G39:G40) -> 0 | H41: =SUM(H39:H40) -> 1 | I41: =SUM(I39:I40) -> 0 | J41: =SUM(J39:J40) -> 0 | K41: =SUM(K39:K40) -> 0 | L41: =SUM(L39:L40) -> 0 | ... Z41: =SUM(Z39:Z40) -> 0 | AA41: =SUM(E41:Z41) -> 1
A43: IV | B43: DATA RINCIAN PEROLEHAN SUARA PASANGAN CALON BUPATI DAN WAKIL BUPATI
A44: NOMOR DAN NAMA CALON
A45: A.1 | B45: 1. | C45: Partai Kebangkitan Bangsa | E45: 20 | F45: 13 | G45: 5 | H45: 18 | I45: 16 | J45: 6 | K45: 10 | L45: 10 | M45: 10 | N45: 8 | O45: 7 | P45: 16 | Q45: 1 | R45: 10 | S45: 8 | T45: 13 | U45: 8 | V45: 12 | W45: 5 | X45: 2 | Y45: 4 | Z45: 8 | AA45: =SUM(E45:Z45) -> 210
A46: A.2 | B46: 1 | C46: 1. Dr. Hj. NIHAYATUL WAFIROH, M.A. | E46: 103 | F46: 48 | G46: 36 | H46: 50 | I46: 51 | J46: 32 | K46: 42 | L46: 20 | M46: 28 | N46: 50 | O46: 5 | P46: 28 | Q46: 78 | R46: 38 | S46: 45 | T46: 16 | U46: 23 | V46: 13 | W46: 18 | X46: 26 | Y46: 14 | Z46: 30 | AA46: =SUM(E46:Z46) -> 794
B47: 2 | C47: 2. H. M. NASIM KHAN | E47: 2 | F47: 7 | G47: 4 | H47: 17 | I47: 7 | J47: 6 | K47: 10 | L47: 9 | M47: 10 | N47: 7 | O47: 15 | P47: 26 | Q47: 1 | R47: 3 | S47: 13 | T47: 3 | U47: 7 | V47: 11 | W47: 4 | X47: 0 | Y47: 8 | Z47: 8 | AA47: =SUM(E47:Z47) -> 178
B48: 3 | C48: 3. Dr. H. AKIK ZAMAN, M.Pd.I. | E48: 2 | F48: 3 | G48: 2 | H48: 0 | I48: 3 | J48: 1 | K48: 2 | L48: 0 | M48: 2 | N48: 0 | O48: 1 | P48: 0 | Q48: 0 | R48: 1 | S48: 0 | T48: 0 | U48: 2 | V48: 3 | W48: 2 | X48: 0 | Y48: 0 | Z48: 2 | AA48: =SUM(E48:Z48) -> 26
B49: 4 | C49: 4. AHMAD RIFA'I, S.H. | E49: 1 | F49: 2 | G49: 3 | H49: 1 | I49: 0 | J49: 1 | K49: 0 | L49: 0 | M49: 0 | N49: 2 | O49: 0 | P49: 0 | Q49: 0 | R49: 0 | S49: 3 | T49: 0 | U49: 1 | V49: 0 | W49: 0 | X49: 1 | Y49: 2 | Z49: 2 | AA49: =SUM(E49:Z49) -> 19
B50: 5 | C50: 5. Drs. H. MAHFUD M.N. | E50: 1 | F50: 0 | G50: 1 | H50: 0 | I50: 0 | J50: 1 | K50: 2 | L50: 0 | M50: 3 | N50: 1 | O50: 0 | P50: 0 | Q50: 0 | R50: 1 | S50: 0 | T50: 1 | U50: 0 | V50: 1 | W50: 2 | X50: 0 | Y50: 0 | Z50: 0 | AA50: =SUM(E50:Z50) -> 14
B51: 6 | C51: 6. NURHAYATI, S.Pd. | E51: 0 | F51: 1 | G51: 1 | H51: 2 | I51: 0 | J51: 3 | K51: 1 | L51: 0 | M51: 0 | N51: 2 | O51: 1 | P51: 0 | Q51: 1 | R51: 1 | S51: 0 | T51: 0 | U51: 1 | V51: 2 | W51: 1 | X51: 1 | Y51: 0 | Z51: 1 | AA51: =SUM(E51:Z51) -> 19
B52: 7 | C52: 7. MAFTUHA KISWAH | E52: 0 | F52: 1 | G52: 0 | H52: 0 | I52: 0 | J52: 1 | K52: 0 | L52: 0 | M52: 0 | N52: 0 | O52: 0 | P52: 2 | Q52: 0 | R52: 0 | S52: 0 | T52: 1 | U52: 0 | V52: 0 | W52: 0 | X52: 0 | Y52: 1 | Z52: 0 | AA52: =SUM(E52:Z52) -> 6
AA53: =SUM(E53:Z53) -> 0
AA54: =SUM(E54:Z54) -> 0
A55: B | B55: JUMLAH SUARA SAH PARTAI POLITIK DAN CALON (A1 + A2) | E55: =SUM(E45:E52) -> 129 | F55: =SUM(F45:F52) -> 75 | G55: =SUM(G45:G52) -> 52 | H55: =SUM(H45:H52) -> 88 | I55: =SUM(I45:I52) -> 77 | J55: =SUM(J45:J52) -> 51 | K55: =SUM(K45:K52) -> 67 | L55: =SUM(L45:L52) -> 39 | ... Z55: =SUM(Z45:Z52) -> 51 | AA55: =SUM(E55:Z55) -> 1266
A57: A.1 | B57: 2. | C57: Partai Gerakan Indonesia Raya | E57: 6 | F57: 4 | G57: 9 | H57: 17 | I57: 6 | J57: 13 | K57: 17 | L57: 13 | M57: 6 | N57: 9 | O57: 16 | P57: 10 | Q57: 2 | R57: 4 | S57: 3 | T57: 16 | U57: 15 | V57: 15 | W57: 6 | X57: 6 | Y57: 9 | Z57: 15 | AA57: =SUM(E57:Z57) -> 217
A58: A.2 | B58: 1 | C58: 1. SUMAIL ABDULLAH | E58: 5 | F58: 10 | G58: 3 | H58: 2 | I58: 7 | J58: 4 | K58: 2 | L58: 4 | M58: 2 | N58: 5 | O58: 5 | P58: 5 | Q58: 12 | R58: 2 | S58: 4 | T58: 11 | U58: 8 | V58: 6 | W58: 8 | X58: 12 | Y58: 3 | Z58: 8 | AA58: =SUM(E58:Z58) -> 128
B59: 2 | C59: 2. MUHAMMAD ALI ADRIAN SALEH | E59: 5 | F59: 6 | G59: 3 | H59: 6 | I59: 2 | J59: 4 | K59: 5 | L59: 6 | M59: 7 | N59: 3 | O59: 4 | P59: 8 | Q59: 2 | R59: 0 | S59: 7 | T59: 2 | U59: 4 | V59: 7 | W59: 5 | X59: 4 | Y59: 4 | Z59: 3 | AA59: =SUM(E59:Z59) -> 97
B60: 3 | C60: 3. DURROTUN NAFISAH | E60: 5 | F60: 0 | G60: 4 | H60: 4 | I60: 0 | J60: 1 | K60: 1 | L60: 2 | M60: 2 | N60: 2 | O60: 2 | P60: 2 | Q60: 0 | R60: 0 | S60: 2 | T60: 2 | U60: 0 | V60: 0 | W60: 4 | X60: 1 | Y60: 1 | Z60: 3 | AA60: =SUM(E60:Z60) -> 38
B61: 4 | C61: 4. H. EKO SUSILO NURHIDAYAT | E61: 1 | F61: 2 | G61: 2 | H61: 4 | I61: 1 | J61: 0 | K61: 3 | L61: 8 | M61: 0 | N61: 0 | O61: 0 | P61: 4 | Q61: 0 | R61: 4 | S61: 9 | T61: 6 | U61: 4 | V61: 4 | W61: 2 | X61: 3 | Y61: 8 | Z61: 6 | AA61: =SUM(E61:Z61) -> 71
B62: 5 | C62: 5. KARNADI HARIJANTO, S.S. | E62: 1 | F62: 0 | G62: 0 | H62: 1 | I62: 0 | J62: 1 | K62: 0 | L62: 0 | M62: 1 | N62: 0 | O62: 0 | P62: 0 | Q62: 0 | R62: 0 | S62: 0 | T62: 0 | U62: 0 | V62: 1 | W62: 0 | X62: 0 | Y62: 0 | Z62: 0 | AA62: =SUM(E62:Z62) -> 5
B63: 6 | C63: 6. NURHAYATI | E63: 1 | F63: 2 | G63: 2 | H63: 2 | I63: 1 | J63: 1 | K63: 0 | L63: 1 | M63: 0 | N63: 1 | O63: 2 | P63: 0 | Q63: 3 | R63: 1 | S63: 1 | T63: 2 | U63: 0 | V63: 3 | W63: 1 | X63: 3 | Y63: 2 | Z63: 1 | AA63: =SUM(E63:Z63) -> 30
B64: 7 | C64: 7. MASHUDI | E64: 0 | F64: 0 | G64: 0 | H64: 1 | I64: 0 | J64: 1 | K64: 0 | L64: 1 | M64: 0 | N64: 0 | O64: 0 | P64: 0 | Q64: 1 | R64: 0 | S64: 0 | T64: 0 | U64: 0 | V64: 0 | W64: 1 | X64: 1 | Y64: 0 | Z64: 0 | AA64: =SUM(E64:Z64) -> 6
AA65: =SUM(E65:Z65) -> 0
AA66: =SUM(E66:Z66) -> 0
A67: B | B67: JUMLAH SUARA SAH PARTAI POLITIK DAN CALON (A1 + A2) | E67: =SUM(E57:E64) -> 24 | F67: =SUM(F57:F64) -> 24 | G67: =SUM(G57:G64) -> 23 | H67: =SUM(H57:H64) -> 37 | I67: =SUM(I57:I64) -> 17 | J67: =SUM(J57:J64) -> 25 | K67: =SUM(K57:K64) -> 28 | L67: =SUM(L57:L64) -> 35 | ... Z67: =SUM(Z57:Z64) -> 36 | AA67: =SUM(E67:Z67) -> 592
A69: A.1 | B69: 3. | C69: Partai Demokrasi Indonesia Perjuangan | E69: 2 | F69: 9 | G69: 13 | H69: 10 | I69: 18 | J69: 4 | K69: 9 | L69: 12 | M69: 11 | N69: 8 | O69: 12 | P69: 14 | Q69: 6 | R69: 2 | S69: 1 | T69: 6 | U69: 4 | V69: 10 | W69: 11 | X69: 17 | Y69: 18 | Z69: 11 | AA69: =SUM(E69:Z69) -> 208
A70: A.2 | B70: 1 | C70: 1. SONNY TRI DANAPARAMITA, S.H., M.H. | E70: 1 | F70: 9 | G70: 7 | H70: 4 | I70: 1 | J70: 8 | K70: 5 | L70: 13 | M70: 11 | N70: 7 | O70: 8 | P70: 14 | Q70: 7 | R70: 1 | S70: 3 | T70: 4 | U70: 7 | V70: 7 | W70: 8 | X70: 6 | Y70: 15 | Z70: 9 | AA70: =SUM(E70:Z70) -> 155
B71: 2 | C71: 2. H. MOHAMAD GUNTUR ROMLI | E71: 4 | F71: 3 | G71: 6 | H71: 4 | I71: 9 | J71: 3 | K71: 3 | L71: 6 | M71: 22 | N71: 17 | O71: 21 | P71: 11 | Q71: 42 | R71: 1 | S71: 4 | T71: 3 | U71: 10 | V71: 5 | W71: 5 | X71: 26 | Y71: 8 | Z71: 6 | AA71: =SUM(E71:Z71) -> 219
B72: 3 | C72: 3. INA AMMANIA | E72: 5 | F72: 3 | G72: 3 | H72: 1 | I72: 0 | J72: 4 | K72: 2 | L72: 2 | M72: 5 | N72: 2 | O72: 0 | P72: 10 | Q72: 6 | R72: 0 | S72: 4 | T72: 5 | U72: 1 | V72: 6 | W72: 6 | X72: 3 | Y72: 5 | Z72: 5 | AA72: =SUM(E72:Z72) -> 78
B73: 4 | C73: 4. IRWAN BACHTIAR RACHMAT, M.Si. | E73: 0 | F73: 1 | G73: 2 | H73: 0 | I73: 1 | J73: 0 | K73: 1 | L73: 0 | M73: 0 | N73: 1 | O73: 0 | P73: 2 | Q73: 1 | R73: 1 | S73: 0 | T73: 0 | U73: 1 | V73: 0 | W73: 1 | X73: 0 | Y73: 1 | Z73: 0 | AA73: =SUM(E73:Z73) -> 13
B74: 5 | C74: 5. LUCKY PERDANA | E74: 0 | F74: 1 | G74: 3 | H74: 0 | I74: 2 | J74: 2 | K74: 1 | L74: 3 | M74: 3 | N74: 2 | O74: 2 | P74: 6 | Q74: 0 | R74: 0 | S74: 0 | T74: 4 | U74: 6 | V74: 0 | W74: 1 | X74: 4 | Y74: 5 | Z74: 2 | AA74: =SUM(E74:Z74) -> 47
B75: 6 | C75: 6. WIWIK PUJIYATI | E75: 0 | F75: 2 | G75: 2 | H75: 1 | I75: 0 | J75: 0 | K75: 2 | L75: 0 | M75: 2 | N75: 0 | O75: 2 | P75: 6 | Q75: 7 | R75: 0 | S75: 0 | T75: 1 | U75: 3 | V75: 1 | W75: 3 | X75: 11 | Y75: 3 | Z75: 5 | AA75: =SUM(E75:Z75) -> 51
B76: 7 | C76: 7. CHANDRA ASTAN, S.T. | E76: 0 | F76: 2 | G76: 1 | H76: 0 | I76: 2 | J76: 0 | K76: 2 | L76: 0 | M76: 2 | N76: 0 | O76: 2 | P76: 0 | Q76: 3 | R76: 1 | S76: 0 | T76: 1 | U76: 6 | V76: 0 | W76: 1 | X76: 2 | Y76: 3 | Z76: 0 | AA76: =SUM(E76:Z76) -> 28
AA77: =SUM(E77:Z77) -> 0
AA78: =SUM(E78:Z78) -> 0
A79: B | B79: JUMLAH SUARA SAH PARTAI POLITIK DAN CALON (A1 + A2) | E79: =SUM(E69:E76) -> 12 | F79: =SUM(F69:F76) -> 30 | G79: =SUM(G69:G76) -> 37 | H79: =SUM(H69:H76) -> 20 | I79: =SUM(I69:I76) -> 33 | J79: =SUM(J69:J76) -> 21 | K79: =SUM(K69:K76) -> 25 | L79: =SUM(L69:L76) -> 36 | ... Z79: =SUM(Z69:Z76) -> 38 | AA79: =SUM(E79:Z79) -> 799
A81: A.1 | B81: 4. | C81: Partai Golongan Karya | E81: 1 | F81: 3 | G81: 9 | H81: 5 | I81: 2 | J81: 2 | K81: 6 | L81: 5 | M81: 1 | N81: 6 | O81: 6 | P81: 2 | Q81: 1 | R81: 4 | S81: 1 | T81: 3 | U81: 4 | V81: 9 | W81: 4 | X81: 10 | Y81: 5 | Z81: 3 | AA81: =SUM(E81:Z81) -> 92
A82: A.2 | B82: 1 | C82: 1. ZULFIKAR ARSE SADIKIN, S.I.P., M.Si. | E82: 1 | F82: 8 | G82: 7 | H82: 0 | I82: 4 | J82: 6 | K82: 1 | L82: 1 | M82: 9 | N82: 40 | O82: 15 | P82: 3 | Q82: 1 | R82: 19 | S82: 25 | T82: 6 | U82: 10 | V82: 13 | W82: 29 | X82: 18 | Y82: 12 | Z82: 9 | AA82: =SUM(E82:Z82) -> 237
B83: 2 | C83: 2. HANDOKO | E83: 17 | F83: 29 | G83: 10 | H83: 4 | I83: 1 | J83: 2 | K83: 3 | L83: 8 | M83: 4 | N83: 3 | O83: 3 | P83: 2 | Q83: 0 | R83: 4 | S83: 0 | T83: 2 | U83: 3 | V83: 2 | W83: 5 | X83: 2 | Y83: 7 | Z83: 2 | AA83: =SUM(E83:Z83) -> 113
B84: 3 | C84: 3. Hj. OVI DEWI YANTI | E84: 1 | F84: 1 | G84: 1 | H84: 0 | I84: 0 | J84: 0 | K84: 0 | L84: 1 | M84: 0 | N84: 0 | O84: 0 | P84: 0 | Q84: 0 | R84: 1 | S84: 0 | T84: 1 | U84: 0 | V84: 0 | W84: 3 | X84: 0 | Y84: 3 | Z84: 0 | AA84: =SUM(E84:Z84) -> 12
B85: 4 | C85: 4. Ir. AZAM AZMAN NATAWIJANA | E85: 0 | F85: 0 | G85: 0 | H85: 0 | I85: 0 | J85: 1 | K85: 3 | L85: 1 | M85: 0 | N85: 0 | O85: 0 | P85: 2 | Q85: 0 | R85: 0 | S85: 1 | T85: 0 | U85: 0 | V85: 1 | W85: 0 | X85: 2 | Y85: 2 | Z85: 2 | AA85: =SUM(E85:Z85) -> 15
B86: 5 | C86: 5. UBAIDILLAH AMIN, S.Kom. | E86: 0 | F86: 1 | G86: 0 | H86: 0 | I86: 0 | J86: 0 | K86: 0 | L86: 4 | M86: 0 | N86: 0 | O86: 0 | P86: 0 | Q86: 2 | R86: 3 | S86: 0 | T86: 5 | U86: 17 | V86: 3 | W86: 1 | X86: 5 | Y86: 6 | Z86: 0 | AA86: =SUM(E86:Z86) -> 47
B87: 6 | C87: 6. DENNY YUNIANDARI, S.H., M.Kn. | E87: 0 | F87: 1 | G87: 0 | H87: 0 | I87: 0 | J87: 0 | K87: 0 | L87: 0 | M87: 1 | N87: 0 | O87: 1 | P87: 0 | Q87: 0 | R87: 0 | S87: 0 | T87: 0 | U87: 0 | V87: 0 | W87: 0 | X87: 2 | Y87: 0 | Z87: 0 | AA87: =SUM(E87:Z87) -> 5
B88: 7 | C88: 7. ERNADI, S.H.I. | E88: 0 | F88: 0 | G88: 0 | H88: 0 | I88: 0 | J88: 0 | K88: 0 | L88: 0 | M88: 0 | N88: 1 | O88: 0 | P88: 0 | Q88: 0 | R88: 0 | S88: 1 | T88: 1 | U88: 1 | V88: 0 | W88: 0 | X88: 0 | Y88: 0 | Z88: 1 | AA88: =SUM(E88:Z88) -> 5
AA89: =SUM(E89:Z89) -> 0
AA90: =SUM(E90:Z90) -> 0
A91: B | B91: JUMLAH SUARA SAH PARTAI POLITIK DAN CALON (A1 + A2) | E91: =SUM(E81:E88) -> 20 | F91: =SUM(F81:F88) -> 43 | G91: =SUM(G81:G88) -> 27 | H91: =SUM(H81:H88) -> 9 | I91: =SUM(I81:I88) -> 7 | J91: =SUM(J81:J88) -> 11 | K91: =SUM(K81:K88) -> 13 | L91: =SUM(L81:L88) -> 20 | ... Z91: =SUM(Z81:Z88) -> 17 | AA91: =SUM(E91:Z91) -> 526
A93: A.1 | B93: 5. | C93: Partai NasDem | E93: 3 | F93: 1 | G93: 1 | H93: 2 | I93: 2 | J93: 1 | K93: 5 | L93: 7 | M93: 3 | N93: 2 | O93: 2 | P93: 2 | Q93: 0 | R93: 4 | S93: 2 | T93: 7 | U93: 0 | V93: 1 | W93: 3 | X93: 4 | Y93: 5 | Z93: 2 | AA93: =SUM(E93:Z93) -> 59
A94: A.2 | B94: 1 | C94: 1. ACH. FADIL MUZAKKI SYAH | E94: 0 | F94: 0 | G94: 2 | H94: 1 | I94: 0 | J94: 1 | K94: 0 | L94: 3 | M94: 2 | N94: 1 | O94: 3 | P94: 3 | Q94: 0 | R94: 6 | S94: 12 | T94: 0 | U94: 2 | V94: 1 | W94: 6 | X94: 0 | Y94: 2 | Z94: 0 | AA94: =SUM(E94:Z94) -> 45
B95: 2 | C95: 2. BENY | E95: 0 | F95: 7 | G95: 6 | H95: 8 | I95: 16 | J95: 4 | K95: 6 | L95: 3 | M95: 13 | N95: 1 | O95: 48 | P95: 4 | Q95: 3 | R95: 0 | S95: 6 | T95: 6 | U95: 0 | V95: 1 | W95: 4 | X95: 8 | Y95: 1 | Z95: 11 | AA95: =SUM(E95:Z95) -> 156
B96: 3 | C96: 3. VINA VERONIKA | E96: 0 | F96: 1 | G96: 0 | H96: 1 | I96: 0 | J96: 0 | K96: 1 | L96: 2 | M96: 0 | N96: 0 | O96: 0 | P96: 1 | Q96: 0 | R96: 0 | S96: 1 | T96: 1 | U96: 0 | V96: 0 | W96: 0 | X96: 0 | Y96: 1 | Z96: 5 | AA96: =SUM(E96:Z96) -> 14
B97: 4 | C97: 4. TEDDY ANUGRIANTO | E97: 0 | F97: 0 | G97: 0 | H97: 0 | I97: 0 | J97: 0 | K97: 1 | L97: 1 | M97: 1 | N97: 0 | O97: 3 | P97: 2 | Q97: 0 | R97: 1 | S97: 2 | T97: 1 | U97: 0 | V97: 0 | W97: 2 | X97: 0 | Y97: 1 | Z97: 1 | AA97: =SUM(E97:Z97) -> 16
B98: 5 | C98: 5. INSAN KAMIL | E98: 0 | F98: 0 | G98: 0 | H98: 0 | I98: 0 | J98: 1 | K98: 2 | L98: 2 | M98: 1 | N98: 0 | O98: 1 | P98: 0 | Q98: 0 | R98: 0 | S98: 14 | T98: 43 | U98: 6 | V98: 12 | W98: 1 | X98: 0 | Y98: 0 | Z98: 0 | AA98: =SUM(E98:Z98) -> 83
B99: 6 | C99: 6. LILIK LINDARWATI | E99: 0 | F99: 0 | G99: 0 | H99: 0 | I99: 0 | J99: 1 | K99: 0 | L99: 0 | M99: 0 | N99: 1 | O99: 0 | P99: 0 | Q99: 0 | R99: 0 | S99: 0 | T99: 0 | U99: 0 | V99: 0 | W99: 0 | X99: 0 | Y99: 1 | Z99: 0 | AA99: =SUM(E99:Z99) -> 3
B100: 7 | C100: 7. YULI ANITA | E100: 0 | F100: 0 | G100: 0 | H100: 0 | I100: 0 | J100: 0 | K100: 0 | L100: 0 | M100: 0 | N100: 0 | O100: 0 | P100: 0 | Q100: 0 | R100: 0 | S100: 0 | T100: 0 | U100: 0 | V100: 0 | W100: 0 | X100: 0 | Y100: 0 | Z100: 0 | AA100: =SUM(E100:Z100) -> 0
AA101: =SUM(E101:Z101) -> 0
AA102: =SUM(E102:Z102) -> 0
A103: B | B103: JUMLAH SUARA SAH PARTAI POLITIK DAN CALON (A1 + A2) | E103: =SUM(E93:E100) -> 3 | F103: =SUM(F93:F100) -> 9 | G103: =SUM(G93:G100) -> 9 | H103: =SUM(H93:H100) -> 12 | I103: =SUM(I93:I100) -> 18 | J103: =SUM(J93:J100) -> 8 | K103: =SUM(K93:K100) -> 15 | L103: =SUM(L93:L100) -> 18 | ... Z103: =SUM(Z93:Z100) -> 19 | AA103: =SUM(E103:Z103) -> 376
A105: A.1 | B105: 6. | C105: Partai Buruh | E105: 0 | F105: 0 | G105: 0 | H105: 1 | I105: 1 | J105: 1 | K105: 0 | L105: 0 | M105: 0 | N105: 0 | O105: 0 | P105: 2 | Q105: 1 | R105: 0 | S105: 0 | T105: 2 | U105: 0 | V105: 2 | W105: 1 | X105: 1 | Y105: 2 | Z105: 0 | AA105: =SUM(E105:Z105) -> 14
A106: A.2 | B106: 1 | C106: 1. KHOIRUL ANAM | E106: 2 | F106: 0 | G106: 0 | H106: 0 | I106: 0 | J106: 0 | K106: 0 | L106: 1 | M106: 1 | N106: 1 | O106: 0 | P106: 2 | Q106: 1 | R106: 2 | S106: 0 | T106: 0 | U106: 0 | V106: 0 | W106: 0 | X106: 2 | Y106: 0 | Z106: 0 | AA106: =SUM(E106:Z106) -> 12
B107: 2 | C107: 2. INA KURNIA | E107: 0 | F107: 0 | G107: 0 | H107: 0 | I107: 0 | J107: 0 | K107: 0 | L107: 1 | M107: 0 | N107: 0 | O107: 0 | P107: 2 | Q107: 0 | R107: 1 | S107: 0 | T107: 0 | U107: 0 | V107: 0 | W107: 0 | X107: 0 | Y107: 2 | Z107: 1 | AA107: =SUM(E107:Z107) -> 7
B108: 3 | C108: 3. JIBRAL TAROUK | E108: 0 | F108: 0 | G108: 0 | H108: 0 | I108: 0 | J108: 0 | K108: 0 | L108: 0 | M108: 0 | N108: 0 | O108: 0 | P108: 0 | Q108: 0 | R108: 1 | S108: 0 | T108: 0 | U108: 0 | V108: 0 | W108: 0 | X108: 0 | Y108: 0 | Z108: 0 | AA108: =SUM(E108:Z108) -> 1
B109: 4 | C109: 4. ASTUTI DAENG PUJI | E109: 0 | F109: 0 | G109: 0 | H109: 0 | I109: 0 | J109: 0 | K109: 0 | L109: 1 | M109: 0 | N109: 0 | O109: 0 | P109: 0 | Q109: 0 | R109: 0 | S109: 0 | T109: 0 | U109: 0 | V109: 0 | W109: 0 | X109: 0 | Y109: 0 | Z109: 0 | AA109: =SUM(E109:Z109) -> 1
B110: 5 | C110: 5. ASDARMAWAN | E110: 0 | F110: 0 | G110: 0 | H110: 0 | I110: 0 | J110: 0 | K110: 0 | L110: 0 | M110: 0 | N110: 0 | O110: 0 | P110: 0 | Q110: 0 | R110: 0 | S110: 0 | T110: 0 | U110: 0 | V110: 0 | W110: 0 | X110: 0 | Y110: 0 | Z110: 0 | AA110: =SUM(E110:Z110) -> 0
B111: 6 | C111: 6. RIFQI MUBAROK | E111: 0 | F111: 0 | G111: 0 | H111: 0 | I111: 0 | J111: 0 | K111: 0 | L111: 0 | M111: 0 | N111: 0 | O111: 0 | P111: 0 | Q111: 0 | R111: 0 | S111: 0 | T111: 0 | U111: 0 | V111: 0 | W111: 0 | X111: 0 | Y111: 0 | Z111: 0 | AA111: =SUM(E111:Z111) -> 0
B112: 7 | C112: 7. FIRNANDA ALTA MEGA | E112: 0 | F112: 0 | G112: 0 | H112: 0 | I112: 0 | J112: 0 | K112: 0 | L112: 0 | M112: 0 | N112: 0 | O112: 0 | P112: 0 | Q112: 0 | R112: 0 | S112: 0 | T112: 0 | U112: 0 | V112: 0 | W112: 0 | X112: 0 | Y112: 0 | Z112: 0 | AA112: =SUM(E112:Z112) -> 0
AA113: =SUM(E113:Z113) -> 0
AA114: =SUM(E114:Z114) -> 0
A115: B | B115: JUMLAH SUARA SAH PARTAI POLITIK DAN CALON (A1 + A2) | E115: =SUM(E105:E112) -> 2 | F115: =SUM(F105:F112) -> 0 | G115: =SUM(G105:G112) -> 0 | H115: =SUM(H105:H112) -> 1 | I115: =SUM(I105:I112) -> 1 | J115: =SUM(J105:J112) -> 1 | K115: =SUM(K105:K112) -> 0 | L115: =SUM(L105:L112) -> 3 | ... Z115: =SUM(Z105:Z112) -> 1 | AA115: =SUM(E115:Z115) -> 35
A117: A.1 | B117: 7. | C117: Partai Gelombang Rakyat Indonesia | E117: 0 | F117: 0 | G117: 2 | H117: 2 | I117: 0 | J117: 0 | K117: 0 | L117: 0 | M117: 1 | N117: 2 | O117: 1 | P117: 3 | Q117: 1 | R117: 4 | S117: 3 | T117: 1 | U117: 0 | V117: 1 | W117: 0 | X117: 2 | Y117: 0 | Z117: 0 | AA117: =SUM(E117:Z117) -> 23
...

Sheet PURWOHARJO
C2: Kecamatan | D2: PURWOHARJO
C3: Kabupaten | D3: BANYUWANGI
C4: Provinsi | D4: JAWA TIMUR
C9: Kelurahan | D9: PURWOHARJO
A12: I | B12: DATA PEMILIH DAN PENGGUNAAN HAK PILIH | AK12: JUMLAH AKHIR
A13: A | B13: DATA PEMILIH | E13: TPS 001 | F13: TPS 002 | G13: TPS 003 | H13: TPS 004 | I13: TPS 005 | J13: TPS 006 | K13: TPS 007 | L13: TPS 008 | M13: TPS 009 | N13: TPS 010 | O13: TPS 011 | P13: TPS 012 | Q13: TPS 013 | R13: TPS 014 | S13: TPS 015 | T13: TPS 016 | U13: TPS 017 | V13: TPS 018 | W13: TPS 019 | X13: TPS 020 | Y13: TPS 021 | Z13: TPS 022 | AA13: TPS 023 | AB13: TPS 024 | AC13: TPS 025 | AD13: TPS 026 | AE13: TPS 027 | AF13: TPS 028 | AG13: TPS 029 | AH13: TPS 030 | AI13: TPS 031 | AJ13: TPS 032
B14: Jumlah Pemilih dalam Daftar Pemilih Tetap (DPT) | D14: LK | E14: 128 | F14: 130 | G14: 145 | H14: 137 | I14: 140 | J14: 140 | K14: 126 | L14: 133 | M14: 131 | N14: 137 | O14: 140 | P14: 134 | Q14: 129 | R14: 129 | S14: 128 | T14: 130 | U14: 130 | V14: 134 | W14: 128 | X14: 134 | Y14: 133 | Z14: 127 | AA14: 137 | AB14: 130 | AC14: 142 | AD14: 133 | AE14: 138 | AF14: 135 | AG14: 125 | AH14: 140 | AI14: 135 | AJ14: 135 | AK14: =SUM(E14:AJ14) -> 4273
D15: PR | E15: 123 | F15: 135 | G15: 138 | H15: 133 | I15: 125 | J15: 139 | K15: 135 | L15: 135 | M15: 140 | N15: 136 | O15: 131 | P15: 138 | Q15: 135 | R15: 137 | S15: 140 | T15: 132 | U15: 138 | V15: 125 | W15: 140 | X15: 134 | Y15: 130 | Z15: 135 | AA15: 133 | AB15: 130 | AC15: 135 | AD15: 133 | AE15: 135 | AF15: 122 | AG15: 121 | AH15: 126 | AI15: 133 | AJ15: 133 | AK15: =SUM(E15:AJ15) -> 4255
D16: JML | E16: =SUM(E14:E15) -> 251 | F16: =SUM(F14:F15) -> 265 | G16: =SUM(G14:G15) -> 283 | H16: =SUM(H14:H15) -> 270 | I16: =SUM(I14:I15) -> 265 | J16: =SUM(J14:J15) -> 279 | K16: =SUM(K14:K15) -> 261 | L16: =SUM(L14:L15) -> 268 | ... AJ16: =SUM(AJ14:AJ15) -> 268 | AK16: =SUM(E16:AJ16) -> 8528
A18: B | B18: PENGGUNA HAK PILIH
B19: 1. | C19: Jumlah pengguna hak pilih dalam Daftar Pemilih Tetap (DPT) | D19: LK | E19: 96 | F19: 92 | G19: 111 | H19: 107 | I19: 106 | J19: 108 | K19: 97 | L19: 102 | M19: 97 | N19: 114 | O19: 101 | P19: 90 | Q19: 99 | R19: 84 | S19: 83 | T19: 102 | U19: 97 | V19: 98 | W19: 102 | X19: 99 | Y19: 100 | Z19: 105 | AA19: 103 | AB19: 101 | AC19: 114 | AD19: 107 | AE19: 106 | AF19: 106 | AG19: 98 | AH19: 108 | AI19: 87 | AJ19: 108 | AK19: =SUM(E19:AJ19) -> 3228
D20: PR | E20: 100 | F20: 103 | G20: 109 | H20: 110 | I20: 112 | J20: 110 | K20: 105 | L20: 112 | M20: 106 | N20: 112 | O20: 103 | P20: 107 | Q20: 113 | R20: 106 | S20: 94 | T20: 109 | U20: 101 | V20: 100 | W20: 115 | X20: 90 | Y20: 101 | Z20: 108 | AA20: 106 | AB20: 105 | AC20: 112 | AD20: 104 | AE20: 100 | AF20: 101 | AG20: 85 | AH20: 95 | AI20: 105 | AJ20: 104 | AK20: =SUM(E20:AJ20) -> 3343
D21: JML | E21: =SUM(E19:E20) -> 196 | F21: =SUM(F19:F20) -> 195 | G21: =SUM(G19:G20) -> 220 | H21: =SUM(H19:H20) -> 217 | I21: =SUM(I19:I20) -> 218 | J21: =SUM(J19:J20) -> 218 | K21: =SUM(K19:K20) -> 202 | L21: =SUM(L19:L20) -> 214 | ... AJ21: =SUM(AJ19:AJ20) -> 212 | AK21: =SUM(E21:AJ21) -> 6571
B22: 2. | C22: Jumlah pengguna hak pilih dalam Daftar Pemilih Tambahan (DPTb) | D22: LK | E22: 0 | F22: 0 | G22: 0 | H22: 0 | I22: 1 | J22: 0 | K22: 0 | L22: 0 | M22: 0 | N22: 0 | O22: 1 | P22: 0 | Q22: 1 | R22: 0 | S22: 0 | T22: 0 | U22: 0 | V22: 0 | W22: 0 | X22: 0 | Y22: 0 | Z22: 1 | AA22: 0 | AB22: 0 | AC22: 0 | AD22: 0 | AE22: 0 | AF22: 1 | AG22: 0 | AH22: 0 | AI22: 0 | AJ22: 0 | AK22: =SUM(E22:AJ22) -> 5
D23: PR | E23: 1 | F23: 0 | G23: 0 | H23: 0 | I23: 1 | J23: 0 | K23: 0 | L23: 0 | M23: 0 | N23: 0 | O23: 1 | P23: 0 | Q23: 0 | R23: 0 | S23: 0 | T23: 0 | U23: 1 | V23: 0 | W23: 0 | X23: 0 | Y23: 0 | Z23: 0 | AA23: 0 | AB23: 0 | AC23: 0 | AD23: 0 | AE23: 0 | AF23: 0 | AG23: 0 | AH23: 0 | AI23: 0 | AJ23: 0 | AK23: =SUM(E23:AJ23) -> 4
D24: JML | E24: =SUM(E22:E23) -> 1 | F24: =SUM(F22:F23) -> 0 | G24: =SUM(G22:G23) -> 0 | H24: =SUM(H22:H23) -> 0 | I24: =SUM(I22:I23) -> 2 | J24: =SUM(J22:J23) -> 0 | K24: =SUM(K22:K23) -> 0 | L24: =SUM(L22:L23) -> 0 | ... AJ24: =SUM(AJ22:AJ23) -> 0 | AK24: =SUM(E24:AJ24) -> 9
B25: 3. | C25: Jumlah pengguna hak pilih dalam Daftar Pemilih Khusus (DPK) | D25: LK | E25: 2 | F25: 2 | G25: 2 | H25: 0 | I25: 0 | J25: 1 | K25: 1 | L25: 0 | M25: 1 | N25: 0 | O25: 1 | P25: 2 | Q25: 2 | R25: 0 | S25: 0 | T25: 1 | U25: 0 | V25: 1 | W25: 0 | X25: 3 | Y25: 0 | Z25: 1 | AA25: 0 | AB25: 1 | AC25: 1 | AD25: 3 | AE25: 2 | AF25: 0 | AG25: 3 | AH25: 1 | AI25: 2 | AJ25: 2 | AK25: =SUM(E25:AJ25) -> 35
D26: PR | E26: 1 | F26: 2 | G26: 3 | H26: 0 | I26: 1 | J26: 1 | K26: 2 | L26: 0 | M26: 2 | N26: 4 | O26: 1 | P26: 2 | Q26: 2 | R26: 1 | S26: 0 | T26: 0 | U26: 2 | V26: 0 | W26: 0 | X26: 5 | Y26: 0 | Z26: 0 | AA26: 4 | AB26: 2 | AC26: 3 | AD26: 0 | AE26: 3 | AF26: 0 | AG26: 2 | AH26: 3 | AI26: 1 | AJ26: 1 | AK26: =SUM(E26:AJ26) -> 48
D27: JML | E27: =SUM(E25:E26) -> 3 | F27: =SUM(F25:F26) -> 4 | G27: =SUM(G25:G26) -> 5 | H27: =SUM(H25:H26) -> 0 | I27: =SUM(I25:I26) -> 1 | J27: =SUM(J25:J26) -> 2 | K27: =SUM(K25:K26) -> 3 | L27: =SUM(L25:L26) -> 0 | ... AJ27: =SUM(AJ25:AJ26) -> 3 | AK27: =SUM(E27:AJ27) -> 83
B28: 4. | C28: Jumlah Pengguna Hak Pilih (B.1+B.2+B.3) | D28: LK | E28: =SUM(E19,E22,E25) -> 98 | F28: =SUM(F19,F22,F25) -> 94 | G28: =SUM(G19,G22,G25) -> 113 | H28: =SUM(H19,H22,H25) -> 107 | I28: =SUM(I19,I22,I25) -> 107 | J28: =SUM(J19,J22,J25) -> 109 | K28: =SUM(K19,K22,K25) -> 98 | L28: =SUM(L19,L22,L25) -> 102 | ... AJ28: =SUM(AJ19,AJ22,AJ25) -> 110 | AK28: =SUM(E28:AJ28) -> 3268
D29: PR | E29: =SUM(E20,E23,E26) -> 102 | F29: =SUM(F20,F23,F26) -> 105 | G29: =SUM(G20,G23,G26) -> 112 | H29: =SUM(H20,H23,H26) -> 110 | I29: =SUM(I20,I23,I26) -> 114 | J29: =SUM(J20,J23,J26) -> 111 | K29: =SUM(K20,K23,K26) -> 107 | L29: =SUM(L20,L23,L26) -> 112 | ... AJ29: =SUM(AJ20,AJ23,AJ26) -> 105 | AK29: =SUM(E29:AJ29) -> 3395
D30: JML | E30: =SUM(E28:E29) -> 200 | F30: =SUM(F28:F29) -> 199 | G30: =SUM(G28:G29) -> 225 | H30: =SUM(H28:H29) -> 217 | I30: =SUM(I28:I29) -> 221 | J30: =SUM(J28:J29) -> 220 | K30: =SUM(K28:K29) -> 205 | L30: =SUM(L28:L29) -> 214 | ... AJ30: =SUM(AJ28:AJ29) -> 215 | AK30: =SUM(E30:AJ30) -> 6663
A32: II | B32: DATA PENGGUNAAN SURAT SUARA
A33: 1 | B33: Jumlah surat suara yang diterima, termasuk surat suara cadangan 2,5% dari DPT | E33: 257 | F33: 271 | G33: 289 | H33: 277 | I33: 271 | J33: 285 | K33: 267 | L33: 273 | M33: 277 | N33: 279 | O33: 278 | P33: 278 | Q33: 270 | R33: 272 | S33: 275 | T33: 269 | U33: 274 | V33: 265 | W33: 274 | X33: 274 | Y33: 269 | Z33: 268 | AA33: 276 | AB33: 266 | AC33: 274 | AD33: 272 | AE33: 280 | AF33: 263 | AG33: 251 | AH33: 272 | AI33: 277 | AJ33: 274 | AK33: =SUM(E33:AJ33) -> 8717
A34: 2 | B34: Jumlah surat suara yang digunakan | E34: 200 | F34: 199 | G34: 225 | H34: 217 | I34: 221 | J34: 220 | K34: 205 | L34: 214 | M34: 206 | N34: 230 | O34: 208 | P34: 201 | Q34: 217 | R34: 191 | S34: 177 | T34: 212 | U34: 201 | V34: 199 | W34: 217 | X34: 197 | Y34: 201 | Z34: 215 | AA34: 213 | AB34: 209 | AC34: 230 | AD34: 214 | AE34: 211 | AF34: 208 | AG34: 188 | AH34: 207 | AI34: 195 | AJ34: 215 | AK34: =SUM(E34:AJ34) -> 6663
A35: 3 | B35: Jumlah surat suara dikembalikan oleh pemilih (karena rusak atau keliru coblos) | E35: 1 | F35: 0 | G35: 2 | H35: 0 | I35: 0 | J35: 0 | K35: 0 | L35: 1 | M35: 0 | N35: 1 | O35: 1 | P35: 0 | Q35: 0 | R35: 0 | S35: 0 | T35: 0 | U35: 0 | V35: 0 | W35: 0 | X35: 0 | Y35: 0 | Z35: 0 | AA35: 0 | AB35: 1 | AC35: 0 | AD35: 0 | AE35: 0 | AF35: 0 | AG35: 0 | AH35: 0 | AI35: 1 | AJ35: 3 | AK35: =SUM(E35:AJ35) -> 11
A36: 4 | B36: Jumlah surat suara yang tidak digunakan/tidak terpakai, termasuk sisa surat suara cadangan | E36: =E33-(E34+E35) -> 56 | F36: =F33-(F34+F35) -> 72 | G36: =G33-(G34+G35) -> 62 | H36: =H33-(H34+H35) -> 60 | I36: =I33-(I34+I35) -> 50 | J36: =J33-(J34+J35) -> 65 | K36: =K33-(K34+K35) -> 62 | L36: =L33-(L34+L35) -> 58 | ... AJ36: =AJ33-(AJ34+AJ35) -> 56 | AK36: =SUM(E36:AJ36) -> 2043
A38: III | B38: DATA PEMILIH DISABILITAS
B39: Jumlah seluruh Pemilih disabilitas yang menggunakan hak pilih | D39: LK | E39: 0 | F39: 0 | G39: 0 | H39: 0 | I39: 0 | J39: 0 | K39: 0 | L39: 0 | M39: 0 | N39: 0 | O39: 1 | P39: 0 | Q39: 0 | R39: 0 | S39: 0 | T39: 0 | U39: 1 | V39: 0 | W39: 0 | X39: 0 | Y39: 0 | Z39: 0 | AA39: 0 | AB39: 0 | AC39: 0 | AD39: 0 | AE39: 0 | AF39: 0 | AG39: 0 | AH39: 0 | AI39: 0 | AJ39: 0 | AK39: =SUM(E39:AJ39) -> 2
D40: PR | E40: 0 | F40: 0 | G40: 0 | H40: 0 | I40: 0 | J40: 0 | K40: 0 | L40: 0 | M40: 0 | N40: 0 | O40: 0 | P40: 0 | Q40: 0 | R40: 0 | S40: 0 | T40: 0 | U40: 2 | V40: 0 | W40: 0 | X40: 0 | Y40: 0 | Z40: 0 | AA40: 0 | AB40: 0 | AC40: 0 | AD40: 0 | AE40: 0 | AF40: 0 | AG40: 0 | AH40: 1 | AI40: 0 | AJ40: 0 | AK40: =SUM(E40:AJ40) -> 3
D41: JML | E41: =SUM(E39:E40) -> 0 | F41: =SUM(F39:F40) -> 0 | G41: =SUM(G39:G40) -> 0 | H41: =SUM(H39:H40) -> 0 | I41: =SUM(I39:I40) -> 0 | J41: =SUM(J39:J40) -> 0 | K41: =SUM(K39:K40) -> 0 | L41: =SUM(L39:L40) -> 0 | ... AJ41: =SUM(AJ39:AJ40) -> 0 | AK41: =SUM(E41:AJ41) -> 5
A43: IV | B43: DATA RINCIAN PEROLEHAN SUARA PASANGAN CALON BUPATI DAN WAKIL BUPATI
A44: NOMOR DAN NAMA CALON
A45: A.1 | B45: 1. | C45: Partai Kebangkitan Bangsa | E45: 2 | F45: 4 | G45: 4 | H45: 4 | I45: 6 | J45: 7 | K45: 6 | L45: 5 | M45: 6 | N45: 5 | O45: 8 | P45: 1 | Q45: 5 | R45: 0 | S45: 1 | T45: 11 | U45: 5 | V45: 6 | W45: 2 | X45: 12 | Y45: 7 | Z45: 5 | AA45: 3 | AB45: 6 | AC45: 0 | AD45: 12 | AE45: 3 | AF45: 6 | AG45: 5 | AH45: 3 | AI45: 1 | AJ45: 11 | AK45: =SUM(E45:AJ45) -> 162
A46: A.2 | B46: 1 | C46: 1. Dr. Hj. NIHAYATUL WAFIROH, M.A. | E46: 26 | F46: 31 | G46: 22 | H46: 39 | I46: 32 | J46: 24 | K46: 17 | L46: 20 | M46: 15 | N46: 11 | O46: 26 | P46: 17 | Q46: 15 | R46: 25 | S46: 13 | T46: 22 | U46: 27 | V46: 21 | W46: 15 | X46: 46 | Y46: 22 | Z46: 7 | AA46: 12 | AB46: 10 | AC46: 29 | AD46: 31 | AE46: 28 | AF46: 33 | AG46: 18 | AH46: 22 | AI46: 1 | AJ46: 7 | AK46: =SUM(E46:AJ46) -> 684
B47: 2 | C47: 2. H. M. NASIM KHAN | E47: 9 | F47: 3 | G47: 7 | H47: 9 | I47: 17 | J47: 1 | K47: 3 | L47: 10 | M47: 4 | N47: 2 | O47: 7 | P47: 1 | Q47: 44 | R47: 4 | S47: 5 | T47: 9 | U47: 14 | V47: 9 | W47: 7 | X47: 6 | Y47: 5 | Z47: 16 | AA47: 6 | AB47: 5 | AC47: 13 | AD47: 21 | AE47: 14 | AF47: 12 | AG47: 6 | AH47: 12 | AI47: 132 | AJ47: 47 | AK47: =SUM(E47:AJ47) -> 460
B48: 3 | C48: 3. Dr. H. AKIK ZAMAN, M.Pd.I. | E48: 0 | F48: 0 | G48: 0 | H48: 0 | I48: 1 | J48: 0 | K48: 2 | L48: 1 | M48: 1 | N48: 0 | O48: 1 | P48: 1 | Q48: 0 | R48: 0 | S48: 0 | T48: 0 | U48: 2 | V48: 1 | W48: 0 | X48: 1 | Y48: 0 | Z48: 1 | AA48: 0 | AB48: 0 | AC48: 1 | AD48: 1 | AE48: 0 | AF48: 0 | AG48: 0 | AH48: 0 | AI48: 0 | AJ48: 0 | AK48: =SUM(E48:AJ48) -> 14
B49: 4 | C49: 4. AHMAD RIFA'I, S.H. | E49: 0 | F49: 1 | G49: 1 | H49: 3 | I49: 0 | J49: 1 | K49: 2 | L49: 0 | M49: 0 | N49: 0 | O49: 1 | P49: 1 | Q49: 0 | R49: 0 | S49: 0 | T49: 0 | U49: 0 | V49: 0 | W49: 1 | X49: 0 | Y49: 0 | Z49: 0 | AA49: 0 | AB49: 0 | AC49: 5 | AD49: 1 | AE49: 0 | AF49: 0 | AG49: 0 | AH49: 0 | AI49: 0 | AJ49: 0 | AK49: =SUM(E49:AJ49) -> 17
B50: 5 | C50: 5. Drs. H. MAHFUD M.N. | E50: 1 | F50: 2 | G50: 1 | H50: 0 | I50: 0 | J50: 0 | K50: 0 | L50: 0 | M50: 0 | N50: 0 | O50: 1 | P50: 0 | Q50: 0 | R50: 0 | S50: 2 | T50: 0 | U50: 0 | V50: 0 | W50: 0 | X50: 0 | Y50: 0 | Z50: 0 | AA50: 0 | AB50: 2 | AC50: 1 | AD50: 0 | AE50: 1 | AF50: 0 | AG50: 0 | AH50: 0 | AI50: 0 | AJ50: 1 | AK50: =SUM(E50:AJ50) -> 12
B51: 6 | C51: 6. NURHAYATI, S.Pd. | E51: 1 | F51: 0 | G51: 1 | H51: 0 | I51: 0 | J51: 0 | K51: 0 | L51: 0 | M51: 0 | N51: 1 | O51: 0 | P51: 0 | Q51: 1 | R51: 1 | S51: 0 | T51: 0 | U51: 2 | V51: 1 | W51: 1 | X51: 3 | Y51: 0 | Z51: 0 | AA51: 0 | AB51: 1 | AC51: 2 | AD51: 0 | AE51: 0 | AF51: 0 | AG51: 0 | AH51: 0 | AI51: 1 | AJ51: 0 | AK51: =SUM(E51:AJ51) -> 16
B52: 7 | C52: 7. MAFTUHA KISWAH | E52: 0 | F52: 0 | G52: 0 | H52: 0 | I52: 2 | J52: 0 | K52: 0 | L52: 0 | M52: 0 | N52: 2 | O52: 0 | P52: 1 | Q52: 1 | R52: 1 | S52: 0 | T52: 1 | U52: 0 | V52: 0 | W52: 0 | X52: 0 | Y52: 0 | Z52: 0 | AA52: 0 | AB52: 1 | AC52: 0 | AD52: 0 | AE52: 0 | AF52: 0 | AG52: 0 | AH52: 0 | AI52: 0 | AJ52: 1 | AK52: =SUM(E52:AJ52) -> 10
AK53: =SUM(E53:AJ53) -> 0
AK54: =SUM(E54:AJ54) -> 0
A55: B | B55: JUMLAH SUARA SAH PARTAI POLITIK DAN CALON (A1 + A2) | E55: =SUM(E45:E52) -> 39 | F55: =SUM(F45:F52) -> 41 | G55: =SUM(G45:G52) -> 36 | H55: =SUM(H45:H52) -> 55 | I55: =SUM(I45:I52) -> 58 | J55: =SUM(J45:J52) -> 33 | K55: =SUM(K45:K52) -> 30 | L55: =SUM(L45:L52) -> 36 | ... AJ55: =SUM(AJ45:AJ52) -> 67 | AK55: =SUM(E55:AJ55) -> 1375
A57: A.1 | B57: 2. | C57: Partai Gerakan Indonesia Raya | E57: 8 | F57: 7 | G57: 9 | H57: 4 | I57: 5 | J57: 12 | K57: 6 | L57: 14 | M57: 9 | N57: 11 | O57: 7 | P57: 12 | Q57: 2 | R57: 8 | S57: 11 | T57: 6 | U57: 8 | V57: 8 | W57: 16 | X57: 5 | Y57: 5 | Z57: 9 | AA57: 12 | AB57: 8 | AC57: 6 | AD57: 6 | AE57: 5 | AF57: 13 | AG57: 15 | AH57: 10 | AI57: 1 | AJ57: 5 | AK57: =SUM(E57:AJ57) -> 263
A58: A.2 | B58: 1 | C58: 1. SUMAIL ABDULLAH | E58: 11 | F58: 13 | G58: 2 | H58: 5 | I58: 12 | J58: 5 | K58: 7 | L58: 12 | M58: 8 | N58: 5 | O58: 2 | P58: 6 | Q58: 5 | R58: 10 | S58: 5 | T58: 7 | U58: 1 | V58: 4 | W58: 5 | X58: 4 | Y58: 1 | Z58: 10 | AA58: 1 | AB58: 4 | AC58: 5 | AD58: 6 | AE58: 12 | AF58: 4 | AG58: 8 | AH58: 3 | AI58: 4 | AJ58: 3 | AK58: =SUM(E58:AJ58) -> 190
B59: 2 | C59: 2. MUHAMMAD ALI ADRIAN SALEH | E59: 2 | F59: 16 | G59: 49 | H59: 22 | I59: 10 | J59: 15 | K59: 8 | L59: 18 | M59: 7 | N59: 28 | O59: 29 | P59: 12 | Q59: 17 | R59: 33 | S59: 18 | T59: 29 | U59: 12 | V59: 23 | W59: 33 | X59: 19 | Y59: 29 | Z59: 42 | AA59: 39 | AB59: 47 | AC59: 54 | AD59: 51 | AE59: 19 | AF59: 6 | AG59: 36 | AH59: 53 | AI59: 5 | AJ59: 0 | AK59: =SUM(E59:AJ59) -> 781
B60: 3 | C60: 3. DURROTUN NAFISAH | E60: 0 | F60: 1 | G60: 0 | H60: 2 | I60: 0 | J60: 3 | K60: 0 | L60: 0 | M60: 2 | N60: 0 | O60: 2 | P60: 3 | Q60: 0 | R60: 0 | S60: 1 | T60: 2 | U60: 1 | V60: 0 | W60: 1 | X60: 0 | Y60: 0 | Z60: 1 | AA60: 0 | AB60: 0 | AC60: 0 | AD60: 2 | AE60: 0 | AF60: 0 | AG60: 2 | AH60: 0 | AI60: 2 | AJ60: 0 | AK60: =SUM(E60:AJ60) -> 25
B61: 4 | C61: 4. H. EKO SUSILO NURHIDAYAT | E61: 1 | F61: 2 | G61: 1 | H61: 3 | I61: 0 | J61: 3 | K61: 2 | L61: 4 | M61: 2 | N61: 5 | O61: 1 | P61: 5 | Q61: 1 | R61: 1 | S61: 2 | T61: 4 | U61: 1 | V61: 1 | W61: 7 | X61: 3 | Y61: 2 | Z61: 5 | AA61: 4 | AB61: 1 | AC61: 4 | AD61: 1 | AE61: 2 | AF61: 2 | AG61: 5 | AH61: 0 | AI61: 0 | AJ61: 0 | AK61: =SUM(E61:AJ61) -> 75
B62: 5 | C62: 5. KARNADI HARIJANTO, S.S. | E62: 1 | F62: 2 | G62: 0 | H62: 1 | I62: 0 | J62: 0 | K62: 0 | L62: 0 | M62: 0 | N62: 0 | O62: 1 | P62: 0 | Q62: 0 | R62: 1 | S62: 0 | T62: 2 | U62: 0 | V62: 1 | W62: 0 | X62: 1 | Y62: 0 | Z62: 1 | AA62: 0 | AB62: 0 | AC62: 0 | AD62: 0 | AE62: 2 | AF62: 0 | AG62: 0 | AH62: 0 | AI62: 0 | AJ62: 1 | AK62: =SUM(E62:AJ62) -> 14
B63: 6 | C63: 6. NURHAYATI | E63: 1 | F63: 1 | G63: 2 | H63: 2 | I63: 2 | J63: 1 | K63: 1 | L63: 0 | M63: 1 | N63: 2 | O63: 3 | P63: 3 | Q63: 1 | R63: 0 | S63: 0 | T63: 0 | U63: 1 | V63: 0 | W63: 0 | X63: 0 | Y63: 0 | Z63: 0 | AA63: 1 | AB63: 1 | AC63: 2 | AD63: 1 | AE63: 3 | AF63: 2 | AG63: 1 | AH63: 0 | AI63: 0 | AJ63: 2 | AK63: =SUM(E63:AJ63) -> 34
B64: 7 | C64: 7. MASHUDI | E64: 0 | F64: 1 | G64: 0 | H64: 0 | I64: 0 | J64: 0 | K64: 0 | L64: 0 | M64: 2 | N64: 0 | O64: 0 | P64: 0 | Q64: 1 | R64: 1 | S64: 0 | T64: 0 | U64: 0 | V64: 0 | W64: 0 | X64: 1 | Y64: 0 | Z64: 0 | AA64: 0 | AB64: 0 | AC64: 0 | AD64: 0 | AE64: 3 | AF64: 0 | AG64: 0 | AH64: 1 | AI64: 0 | AJ64: 1 | AK64: =SUM(E64:AJ64) -> 11
AK65: =SUM(E65:AJ65) -> 0
AK66: =SUM(E66:AJ66) -> 0
A67: B | B67: JUMLAH SUARA SAH PARTAI POLITIK DAN CALON (A1 + A2) | E67: =SUM(E57:E64) -> 24 | F67: =SUM(F57:F64) -> 43 | G67: =SUM(G57:G64) -> 63 | H67: =SUM(H57:H64) -> 39 | I67: =SUM(I57:I64) -> 29 | J67: =SUM(J57:J64) -> 39 | K67: =SUM(K57:K64) -> 24 | L67: =SUM(L57:L64) -> 48 | ... AJ67: =SUM(AJ57:AJ64) -> 12 | AK67: =SUM(E67:AJ67) -> 1393
A69: A.1 | B69: 3. | C69: Partai Demokrasi Indonesia Perjuangan | E69: 3 | F69: 4 | G69: 4 | H69: 1 | I69: 7 | J69: 9 | K69: 3 | L69: 6 | M69: 16 | N69: 15 | O69: 7 | P69: 6 | Q69: 8 | R69: 7 | S69: 10 | T69: 11 | U69: 10 | V69: 8 | W69: 8 | X69: 8 | Y69: 12 | Z69: 8 | AA69: 10 | AB69: 2 | AC69: 6 | AD69: 1 | AE69: 9 | AF69: 11 | AG69: 5 | AH69: 5 | AI69: 2 | AJ69: 9 | AK69: =SUM(E69:AJ69) -> 231
A70: A.2 | B70: 1 | C70: 1. SONNY TRI DANAPARAMITA, S.H., M.H. | E70: 7 | F70: 1 | G70: 5 | H70: 9 | I70: 4 | J70: 2 | K70: 6 | L70: 3 | M70: 3 | N70: 3 | O70: 5 | P70: 5 | Q70: 6 | R70: 5 | S70: 6 | T70: 3 | U70: 6 | V70: 7 | W70: 7 | X70: 6 | Y70: 5 | Z70: 10 | AA70: 5 | AB70: 3 | AC70: 2 | AD70: 6 | AE70: 4 | AF70: 6 | AG70: 2 | AH70: 4 | AI70: 2 | AJ70: 3 | AK70: =SUM(E70:AJ70) -> 151
B71: 2 | C71: 2. H. MOHAMAD GUNTUR ROMLI | E71: 6 | F71: 3 | G71: 2 | H71: 1 | I71: 7 | J71: 6 | K71: 28 | L71: 9 | M71: 1 | N71: 30 | O71: 1 | P71: 3 | Q71: 8 | R71: 3 | S71: 3 | T71: 5 | U71: 3 | V71: 4 | W71: 2 | X71: 0 | Y71: 12 | Z71: 5 | AA71: 7 | AB71: 6 | AC71: 2 | AD71: 6 | AE71: 2 | AF71: 7 | AG71: 1 | AH71: 10 | AI71: 0 | AJ71: 2 | AK71: =SUM(E71:AJ71) -> 185
B72: 3 | C72: 3. INA AMMANIA | E72: 3 | F72: 12 | G72: 3 | H72: 3 | I72: 2 | J72: 0 | K72: 4 | L72: 2 | M72: 2 | N72: 2 | O72: 0 | P72: 4 | Q72: 3 | R72: 3 | S72: 3 | T72: 5 | U72: 4 | V72: 4 | W72: 0 | X72: 1 | Y72: 0 | Z72: 4 | AA72: 3 | AB72: 0 | AC72: 1 | AD72: 3 | AE72: 2 | AF72: 7 | AG72: 0 | AH72: 1 | AI72: 1 | AJ72: 3 | AK72: =SUM(E72:AJ72) -> 85
B73: 4 | C73: 4. IRWAN BACHTIAR RACHMAT, M.Si. | E73: 0 | F73: 1 | G73: 3 | H73: 1 | I73: 1 | J73: 0 | K73: 0 | L73: 0 | M73: 1 | N73: 0 | O73: 0 | P73: 1 | Q73: 1 | R73: 0 | S73: 1 | T73: 0 | U73: 0 | V73: 0 | W73: 0 | X73: 0 | Y73: 0 | Z73: 2 | AA73: 0 | AB73: 0 | AC73: 0 | AD73: 1 | AE73: 0 | AF73: 1 | AG73: 0 | AH73: 0 | AI73: 0 | AJ73: 0 | AK73: =SUM(E73:AJ73) -> 14
B74: 5 | C74: 5. LUCKY PERDANA | E74: 5 | F74: 1 | G74: 3 | H74: 3 | I74: 5 | J74: 14 | K74: 6 | L74: 5 | M74: 1 | N74: 3 | O74: 4 | P74: 3 | Q74: 3 | R74: 4 | S74: 7 | T74: 2 | U74: 2 | V74: 1 | W74: 4 | X74: 0 | Y74: 3 | Z74: 4 | AA74: 4 | AB74: 1 | AC74: 1 | AD74: 2 | AE74: 3 | AF74: 2 | AG74: 5 | AH74: 2 | AI74: 0 | AJ74: 0 | AK74: =SUM(E74:AJ74) -> 103
B75: 6 | C75: 6. WIWIK PUJIYATI | E75: 0 | F75: 1 | G75: 2 | H75: 1 | I75: 0 | J75: 1 | K75: 2 | L75: 0 | M75: 0 | N75: 1 | O75: 0 | P75: 4 | Q75: 1 | R75: 2 | S75: 1 | T75: 1 | U75: 1 | V75: 1 | W75: 0 | X75: 0 | Y75: 1 | Z75: 2 | AA75: 0 | AB75: 0 | AC75: 1 | AD75: 2 | AE75: 0 | AF75: 1 | AG75: 2 | AH75: 2 | AI75: 2 | AJ75: 2 | AK75: =SUM(E75:AJ75) -> 34
B76: 7 | C76: 7. CHANDRA ASTAN, S.T. | E76: 2 | F76: 3 | G76: 7 | H76: 10 | I76: 8 | J76: 13 | K76: 5 | L76: 3 | M76: 4 | N76: 3 | O76: 3 | P76: 2 | Q76: 4 | R76: 0 | S76: 4 | T76: 0 | U76: 5 | V76: 3 | W76: 6 | X76: 23 | Y76: 12 | Z76: 1 | AA76: 6 | AB76: 2 | AC76: 0 | AD76: 2 | AE76: 9 | AF76: 4 | AG76: 2 | AH76: 3 | AI76: 12 | AJ76: 1 | AK76: =SUM(E76:AJ76) -> 162
AK77: =SUM(E77:AJ77) -> 0
AK78: =SUM(E78:AJ78) -> 0
A79: B | B79: JUMLAH SUARA SAH PARTAI POLITIK DAN CALON (A1 + A2) | E79: =SUM(E69:E76) -> 26 | F79: =SUM(F69:F76) -> 26 | G79: =SUM(G69:G76) -> 29 | H79: =SUM(H69:H76) -> 29 | I79: =SUM(I69:I76) -> 34 | J79: =SUM(J69:J76) -> 45 | K79: =SUM(K69:K76) -> 54 | L79: =SUM(L69:L76) -> 28 | ... AJ79: =SUM(AJ69:AJ76) -> 20 | AK79: =SUM(E79:AJ79) -> 965
A81: A.1 | B81: 4. | C81: Partai Golongan Karya | E81: 4 | F81: 0 | G81: 1 | H81: 2 | I81: 1 | J81: 3 | K81: 4 | L81: 1 | M81: 0 | N81: 1 | O81: 0 | P81: 1 | Q81: 0 | R81: 1 | S81: 3 | T81: 2 | U81: 6 | V81: 8 | W81: 0 | X81: 3 | Y81: 2 | Z81: 1 | AA81: 2 | AB81: 3 | AC81: 2 | AD81: 2 | AE81: 10 | AF81: 4 | AG81: 2 | AH81: 0 | AI81: 0 | AJ81: 11 | AK81: =SUM(E81:AJ81) -> 80
A82: A.2 | B82: 1 | C82: 1. ZULFIKAR ARSE SADIKIN, S.I.P., M.Si. | E82: 2 | F82: 2 | G82: 8 | H82: 10 | I82: 6 | J82: 10 | K82: 8 | L82: 4 | M82: 4 | N82: 3 | O82: 1 | P82: 3 | Q82: 1 | R82: 1 | S82: 5 | T82: 11 | U82: 18 | V82: 5 | W82: 3 | X82: 2 | Y82: 5 | Z82: 0 | AA82: 4 | AB82: 2 | AC82: 6 | AD82: 1 | AE82: 3 | AF82: 32 | AG82: 1 | AH82: 5 | AI82: 2 | AJ82: 49 | AK82: =SUM(E82:AJ82) -> 217
B83: 2 | C83: 2. HANDOKO | E83: 22 | F83: 5 | G83: 11 | H83: 3 | I83: 1 | J83: 7 | K83: 3 | L83: 7 | M83: 7 | N83: 2 | O83: 0 | P83: 6 | Q83: 0 | R83: 5 | S83: 7 | T83: 3 | U83: 1 | V83: 3 | W83: 2 | X83: 12 | Y83: 25 | Z83: 5 | AA83: 4 | AB83: 2 | AC83: 1 | AD83: 0 | AE83: 2 | AF83: 6 | AG83: 0 | AH83: 3 | AI83: 0 | AJ83: 1 | AK83: =SUM(E83:AJ83) -> 156
B84: 3 | C84: 3. Hj. OVI DEWI YANTI | E84: 0 | F84: 0 | G84: 0 | H84: 0 | I84: 0 | J84: 0 | K84: 0 | L84: 2 | M84: 0 | N84: 0 | O84: 1 | P84: 0 | Q84: 1 | R84: 0 | S84: 0 | T84: 0 | U84: 0 | V84: 0 | W84: 0 | X84: 0 | Y84: 0 | Z84: 1 | AA84: 0 | AB84: 0 | AC84: 0 | AD84: 0 | AE84: 0 | AF84: 0 | AG84: 0 | AH84: 0 | AI84: 0 | AJ84: 2 | AK84: =SUM(E84:AJ84) -> 7
B85: 4 | C85: 4. Ir. AZAM AZMAN NATAWIJANA | E85: 3 | F85: 2 | G85: 1 | H85: 0 | I85: 0 | J85: 1 | K85: 1 | L85: 2 | M85: 0 | N85: 0 | O85: 0 | P85: 1 | Q85: 0 | R85: 0 | S85: 1 | T85: 0 | U85: 1 | V85: 1 | W85: 0 | X85: 0 | Y85: 0 | Z85: 0 | AA85: 0 | AB85: 0 | AC85: 2 | AD85: 2 | AE85: 1 | AF85: 0 | AG85: 0 | AH85: 1 | AI85: 0 | AJ85: 0 | AK85: =SUM(E85:AJ85) -> 20
B86: 5 | C86: 5. UBAIDILLAH AMIN, S.Kom. | E86: 1 | F86: 0 | G86: 0 | H86: 0 | I86: 1 | J86: 0 | K86: 0 | L86: 3 | M86: 0 | N86: 1 | O86: 0 | P86: 0 | Q86: 0 | R86: 0 | S86: 1 | T86: 2 | U86: 0 | V86: 0 | W86: 0 | X86: 1 | Y86: 2 | Z86: 0 | AA86: 0 | AB86: 4 | AC86: 0 | AD86: 3 | AE86: 0 | AF86: 2 | AG86: 0 | AH86: 0 | AI86: 0 | AJ86: 0 | AK86: =SUM(E86:AJ86) -> 21
B87: 6 | C87: 6. DENNY YUNIANDARI, S.H., M.Kn. | E87: 0 | F87: 0 | G87: 0 | H87: 0 | I87: 0 | J87: 0 | K87: 0 | L87: 0 | M87: 0 | N87: 0 | O87: 0 | P87: 0 | Q87: 1 | R87: 0 | S87: 0 | T87: 0 | U87: 0 | V87: 0 | W87: 0 | X87: 1 | Y87: 0 | Z87: 0 | AA87: 0 | AB87: 0 | AC87: 0 | AD87: 0 | AE87: 0 | AF87: 0 | AG87: 0 | AH87: 0 | AI87: 0 | AJ87: 0 | AK87: =SUM(E87:AJ87) -> 2
B88: 7 | C88: 7. ERNADI, S.H.I. | E88: 0 | F88: 0 | G88: 0 | H88: 1 | I88: 0 | J88: 0 | K88: 0 | L88: 0 | M88: 0 | N88: 0 | O88: 0 | P88: 0 | Q88: 0 | R88: 0 | S88: 0 | T88: 0 | U88: 0 | V88: 0 | W88: 0 | X88: 1 | Y88: 0 | Z88: 0 | AA88: 0 | AB88: 0 | AC88: 0 | AD88: 0 | AE88: 1 | AF88: 0 | AG88: 0 | AH88: 0 | AI88: 0 | AJ88: 2 | AK88: =SUM(E88:AJ88) -> 5
AK89: =SUM(E89:AJ89) -> 0
AK90: =SUM(E90:AJ90) -> 0
A91: B | B91: JUMLAH SUARA SAH PARTAI POLITIK DAN CALON (A1 + A2) | E91: =SUM(E81:E88) -> 32 | F91: =SUM(F81:F88) -> 9 | G91: =SUM(G81:G88) -> 21 | H91: =SUM(H81:H88) -> 16 | I91: =SUM(I81:I88) -> 9 | J91: =SUM(J81:J88) -> 21 | K91: =SUM(K81:K88) -> 16 | L91: =SUM(L81:L88) -> 19 | ... AJ91: =SUM(AJ81:AJ88) -> 65 | AK91: =SUM(E91:AJ91) -> 508
A93: A.1 | B93: 5. | C93: Partai NasDem | E93: 1 | F93: 1 | G93: 2 | H93: 1 | I93: 0 | J93: 2 | K93: 6 | L93: 4 | M93: 4 | N93: 6 | O93: 0 | P93: 4 | Q93: 1 | R93: 2 | S93: 4 | T93: 2 | U93: 4 | V93: 2 | W93: 1 | X93: 1 | Y93: 10 | Z93: 5 | AA93: 1 | AB93: 4 | AC93: 1 | AD93: 2 | AE93: 5 | AF93: 1 | AG93: 0 | AH93: 1 | AI93: 1 | AJ93: 8 | AK93: =SUM(E93:AJ93) -> 87
A94: A.2 | B94: 1 | C94: 1. ACH. FADIL MUZAKKI SYAH | E94: 1 | F94: 1 | G94: 0 | H94: 1 | I94: 2 | J94: 3 | K94: 1 | L94: 2 | M94: 3 | N94: 2 | O94: 2 | P94: 1 | Q94: 0 | R94: 3 | S94: 1 | T94: 3 | U94: 3 | V94: 2 | W94: 2 | X94: 1 | Y94: 2 | Z94: 0 | AA94: 2 | AB94: 1 | AC94: 3 | AD94: 2 | AE94: 2 | AF94: 2 | AG94: 0 | AH94: 1 | AI94: 0 | AJ94: 3 | AK94: =SUM(E94:AJ94) -> 52
B95: 2 | C95: 2. BENY | E95: 4 | F95: 4 | G95: 2 | H95: 2 | I95: 2 | J95: 6 | K95: 1 | L95: 6 | M95: 2 | N95: 2 | O95: 1 | P95: 0 | Q95: 4 | R95: 1 | S95: 0 | T95: 1 | U95: 3 | V95: 3 | W95: 2 | X95: 0 | Y95: 2 | Z95: 2 | AA95: 3 | AB95: 2 | AC95: 1 | AD95: 0 | AE95: 1 | AF95: 2 | AG95: 1 | AH95: 0 | AI95: 3 | AJ95: 4 | AK95: =SUM(E95:AJ95) -> 67
B96: 3 | C96: 3. VINA VERONIKA | E96: 0 | F96: 1 | G96: 2 | H96: 2 | I96: 1 | J96: 1 | K96: 0 | L96: 2 | M96: 1 | N96: 2 | O96: 0 | P96: 0 | Q96: 1 | R96: 1 | S96: 1 | T96: 0 | U96: 2 | V96: 1 | W96: 3 | X96: 0 | Y96: 1 | Z96: 1 | AA96: 1 | AB96: 1 | AC96: 1 | AD96: 0 | AE96: 2 | AF96: 1 | AG96: 0 | AH96: 0 | AI96: 0 | AJ96: 0 | AK96: =SUM(E96:AJ96) -> 29
B97: 4 | C97: 4. TEDDY ANUGRIANTO | E97: 0 | F97: 4 | G97: 4 | H97: 3 | I97: 4 | J97: 1 | K97: 7 | L97: 1 | M97: 5 | N97: 2 | O97: 1 | P97: 1 | Q97: 3 | R97: 3 | S97: 5 | T97: 2 | U97: 0 | V97: 4 | W97: 2 | X97: 1 | Y97: 1 | Z97: 4 | AA97: 6 | AB97: 1 | AC97: 3 | AD97: 1 | AE97: 1 | AF97: 8 | AG97: 0 | AH97: 0 | AI97: 0 | AJ97: 1 | AK97: =SUM(E97:AJ97) -> 79
B98: 5 | C98: 5. INSAN KAMIL | E98: 0 | F98: 0 | G98: 2 | H98: 1 | I98: 0 | J98: 1 | K98: 0 | L98: 1 | M98: 0 | N98: 0 | O98: 0 | P98: 0 | Q98: 0 | R98: 0 | S98: 0 | T98: 8 | U98: 2 | V98: 15 | W98: 0 | X98: 1 | Y98: 0 | Z98: 0 | AA98: 1 | AB98: 0 | AC98: 1 | AD98: 0 | AE98: 0 | AF98: 0 | AG98: 0 | AH98: 0 | AI98: 0 | AJ98: 3 | AK98: =SUM(E98:AJ98) -> 36
B99: 6 | C99: 6. LILIK LINDARWATI | E99: 0 | F99: 0 | G99: 1 | H99: 0 | I99: 0 | J99: 0 | K99: 0 | L99: 0 | M99: 0 | N99: 0 | O99: 1 | P99: 1 | Q99: 0 | R99: 0 | S99: 0 | T99: 0 | U99: 0 | V99: 0 | W99: 0 | X99: 0 | Y99: 0 | Z99: 0 | AA99: 0 | AB99: 0 | AC99: 1 | AD99: 0 | AE99: 0 | AF99: 0 | AG99: 0 | AH99: 0 | AI99: 0 | AJ99: 0 | AK99: =SUM(E99:AJ99) -> 4
B100: 7 | C100: 7. YULI ANITA | E100: 0 | F100: 0 | G100: 0 | H100: 0 | I100: 0 | J100: 0 | K100: 0 | L100: 0 | M100: 0 | N100: 0 | O100: 0 | P100: 0 | Q100: 0 | R100: 0 | S100: 0 | T100: 0 | U100: 0 | V100: 1 | W100: 0 | X100: 0 | Y100: 1 | Z100: 0 | AA100: 0 | AB100: 0 | AC100: 0 | AD100: 0 | AE100: 1 | AF100: 0 | AG100: 0 | AH100: 0 | AI100: 0 | AJ100: 0 | AK100: =SUM(E100:AJ100) -> 3
AK101: =SUM(E101:AJ101) -> 0
AK102: =SUM(E102:AJ102) -> 0
A103: B | B103: JUMLAH SUARA SAH PARTAI POLITIK DAN CALON (A1 + A2) | E103: =SUM(E93:E100) -> 6 | F103: =SUM(F93:F100) -> 11 | G103: =SUM(G93:G100) -> 13 | H103: =SUM(H93:H100) -> 10 | I103: =SUM(I93:I100) -> 9 | J103: =SUM(J93:J100) -> 14 | K103: =SUM(K93:K100) -> 15 | L103: =SUM(L93:L100) -> 16 | ... AJ103: =SUM(AJ93:AJ100) -> 19 | AK103: =SUM(E103:AJ103) -> 357
A105: A.1 | B105: 6. | C105: Partai Buruh | E105: 0 | F105: 1 | G105: 0 | H105: 0 | I105: 1 | J105: 1 | K105: 0 | L105: 1 | M105: 0 | N105: 1 | O105: 0 | P105: 1 | Q105: 0 | R105: 1 | S105: 0 | T105: 0 | U105: 0 | V105: 1 | W105: 1 | X105: 0 | Y105: 0 | Z105: 2 | AA105: 0 | AB105: 0 | AC105: 0 | AD105: 1 | AE105: 1 | AF105: 0 | AG105: 0 | AH105: 2 | AI105: 0 | AJ105: 2 | AK105: =SUM(E105:AJ105) -> 17
A106: A.2 | B106: 1 | C106: 1. KHOIRUL ANAM | E106: 0 | F106: 0 | G106: 0 | H106: 0 | I106: 1 | J106: 2 | K106: 0 | L106: 0 | M106: 2 | N106: 0 | O106: 0 | P106: 1 | Q106: 0 | R106: 0 | S106: 0 | T106: 0 | U106: 0 | V106: 0 | W106: 0 | X106: 0 | Y106: 0 | Z106: 0 | AA106: 1 | AB106: 0 | AC106: 2 | AD106: 1 | AE106: 1 | AF106: 0 | AG106: 0 | AH106: 0 | AI106: 0 | AJ106: 0 | AK106: =SUM(E106:AJ106) -> 11
B107: 2 | C107: 2. INA KURNIA | E107: 3 | F107: 0 | G107: 0 | H107: 0 | I107: 0 | J107: 1 | K107: 1 | L107: 0 | M107: 0 | N107: 0 | O107: 0 | P107: 0 | Q107: 0 | R107: 0 | S107: 0 | T107: 0 | U107: 0 | V107: 0 | W107: 1 | X107: 0 | Y107: 0 | Z107: 2 | AA107: 1 | AB107: 0 | AC107: 1 | AD107: 0 | AE107: 1 | AF107: 0 | AG107: 0 | AH107: 0 | AI107: 0 | AJ107: 0 | AK107: =SUM(E107:AJ107) -> 11
B108: 3 | C108: 3. JIBRAL TAROUK | E108: 0 | F108: 0 | G108: 0 | H108: 0 | I108: 0 | J108: 0 | K108: 0 | L108: 0 | M108: 0 | N108: 0 | O108: 0 | P108: 0 | Q108: 0 | R108: 0 | S108: 0 | T108: 0 | U108: 0 | V108: 0 | W108: 0 | X108: 0 | Y108: 0 | Z108: 0 | AA108: 0 | AB108: 0 | AC108: 1 | AD108: 0 | AE108: 0 | AF108: 0 | AG108: 0 | AH108: 0 | AI108: 0 | AJ108: 0 | AK108: =SUM(E108:AJ108) -> 1
B109: 4 | C109: 4. ASTUTI DAENG PUJI | E109: 0 | F109: 0 | G109: 0 | H109: 0 | I109: 0 | J109: 0 | K109: 0 | L109: 0 | M109: 0 | N109: 0 | O109: 0 | P109: 0 | Q109: 0 | R109: 0 | S109: 0 | T109: 0 | U109: 0 | V109: 0 | W109: 0 | X109: 0 | Y109: 0 | Z109: 1 | AA109: 0 | AB109: 0 | AC109: 0 | AD109: 0 | AE109: 0 | AF109: 0 | AG109: 0 | AH109: 0 | AI109: 0 | AJ109: 0 | AK109: =SUM(E109:AJ109) -> 1
B110: 5 | C110: 5. ASDARMAWAN | E110: 0 | F110: 0 | G110: 0 | H110: 0 | I110: 0 | J110: 0 | K110: 0 | L110: 0 | M110: 0 | N110: 0 | O110: 0 | P110: 0 | Q110: 0 | R110: 0 | S110: 0 | T110: 0 | U110: 0 | V110: 0 | W110: 0 | X110: 0 | Y110: 0 | Z110: 0 | AA110: 0 | AB110: 0 | AC110: 0 | AD110: 1 | AE110: 0 | AF110: 0 | AG110: 0 | AH110: 0 | AI110: 0 | AJ110: 0 | AK110: =SUM(E110:AJ110) -> 1
B111: 6 | C111: 6. RIFQI MUBAROK | E111: 0 | F111: 0 | G111: 0 | H111: 0 | I111: 0 | J111: 0 | K111: 0 | L111: 0 | M111: 0 | N111: 0 | O111: 0 | P111: 0 | Q111: 0 | R111: 0 | S111: 0 | T111: 0 | U111: 0 | V111: 0 | W111: 0 | X111: 0 | Y111: 0 | Z111: 1 | AA111: 0 | AB111: 0 | AC111: 0 | AD111: 0 | AE111: 0 | AF111: 0 | AG111: 0 | AH111: 0 | AI111: 0 | AJ111: 0 | AK111: =SUM(E111:AJ111) -> 1
B112: 7 | C112: 7. FIRNANDA ALTA MEGA | E112: 0 | F112: 0 | G112: 0 | H112: 0 | I112: 0 | J112: 0 | K112: 0 | L112: 0 | M112: 0 | N112: 0 | O112: 0 | P112: 1 | Q112: 0 | R112: 0 | S112: 0 | T112: 0 | U112: 0 | V112: 0 | W112: 0 | X112: 0 | Y112: 0 | Z112: 0 | AA112: 0 | AB112: 0 | AC112: 0 | AD112: 0 | AE112: 0 | AF112: 0 | AG112: 0 | AH112: 0 | AI112: 0 | AJ112: 0 | AK112: =SUM(E112:AJ112) -> 1
AK113: =SUM(E113:AJ113) -> 0
AK114: =SUM(E114:AJ114) -> 0
A115: B | B115: JUMLAH SUARA SAH PARTAI POLITIK DAN CALON (A1 + A2) | E115: =SUM(E105:E112) -> 3 | F115: =SUM(F105:F112) -> 1 | G115: =SUM(G105:G112) -> 0 | H115: =SUM(H105:H112) -> 0 | I115: =SUM(I105:I112) -> 2 | J115: =SUM(J105:J112) -> 4 | K115: =SUM(K105:K112) -> 1 | L115: =SUM(L105:L112) -> 1 | ... AJ115: =SUM(AJ105:AJ112) -> 2 | AK115: =SUM(E115:AJ115) -> 44
A117: A.1 | B117: 7. | C117: Partai Gelombang Rakyat Indonesia | E117: 0 | F117: 0 | G117: 0 | H117: 0 | I117: 2 | J117: 1 | K117: 1 | L117: 1 | M117: 1 | N117: 1 | O117: 2 | P117: 1 | Q117: 1 | R117: 0 | S117: 0 | T117: 0 | U117: 1 | V117: 0 | W117: 1 | X117: 1 | Y117: 1 | Z117: 0 | AA117: 3 | AB117: 3 | AC117: 2 | AD117: 2 | AE117: 1 | AF117: 0 | AG117: 0 | AH117: 0 | AI117: 0 | AJ117: 3 | AK117: =SUM(E117:AJ117) -> 29
...

Sheet BULUREJO
C2: Kecamatan | D2: PURWOHARJO
C3: Kabupaten | D3: BANYUWANGI
C4: Provinsi | D4: JAWA TIMUR
C9: Kelurahan | D9: BULUREJO
A12: I | B12: DATA PEMILIH DAN PENGGUNAAN HAK PILIH | AF12: JUMLAH AKHIR
A13: A | B13: DATA PEMILIH | E13: TPS 001 | F13: TPS 002 | G13: TPS 003 | H13: TPS 004 | I13: TPS 005 | J13: TPS 006 | K13: TPS 007 | L13: TPS 008 | M13: TPS 009 | N13: TPS 010 | O13: TPS 011 | P13: TPS 012 | Q13: TPS 013 | R13: TPS 014 | S13: TPS 015 | T13: TPS 016 | U13: TPS 017 | V13: TPS 018 | W13: TPS 019 | X13: TPS 020 | Y13: TPS 021 | Z13: TPS 022 | AA13: TPS 023 | AB13: TPS 024 | AC13: TPS 025 | AD13: TPS 026 | AE13: TPS 027
B14: Jumlah Pemilih dalam Daftar Pemilih Tetap (DPT) | D14: LK | E14: 135 | F14: 123 | G14: 136 | H14: 133 | I14: 128 | J14: 133 | K14: 136 | L14: 143 | M14: 129 | N14: 138 | O14: 134 | P14: 128 | Q14: 143 | R14: 137 | S14: 135 | T14: 129 | U14: 110 | V14: 120 | W14: 117 | X14: 112 | Y14: 116 | Z14: 117 | AA14: 127 | AB14: 133 | AC14: 147 | AD14: 143 | AE14: 147 | AF14: =SUM(E14:AE14) -> 3529
D15: PR | E15: 136 | F15: 136 | G15: 135 | H15: 122 | I15: 135 | J15: 133 | K15: 128 | L15: 118 | M15: 140 | N15: 122 | O15: 126 | P15: 148 | Q15: 125 | R15: 131 | S15: 135 | T15: 138 | U15: 118 | V15: 121 | W15: 130 | X15: 131 | Y15: 128 | Z15: 119 | AA15: 141 | AB15: 146 | AC15: 142 | AD15: 153 | AE15: 147 | AF15: =SUM(E15:AE15) -> 3584
D16: JML | E16: =SUM(E14:E15) -> 271 | F16: =SUM(F14:F15) -> 259 | G16: =SUM(G14:G15) -> 271 | H16: =SUM(H14:H15) -> 255 | I16: =SUM(I14:I15) -> 263 | J16: =SUM(J14:J15) -> 266 | K16: =SUM(K14:K15) -> 264 | L16: =SUM(L14:L15) -> 261 | ... AE16: =SUM(AE14:AE15) -> 294 | AF16: =SUM(E16:AE16) -> 7113
A18: B | B18: PENGGUNA HAK PILIH
B19: 1. | C19: Jumlah pengguna hak pilih dalam Daftar Pemilih Tetap (DPT) | D19: LK | E19: 104 | F19: 105 | G19: 100 | H19: 102 | I19: 90 | J19: 99 | K19: 108 | L19: 103 | M19: 86 | N19: 102 | O19: 98 | P19: 96 | Q19: 99 | R19: 93 | S19: 103 | T19: 99 | U19: 89 | V19: 109 | W19: 88 | X19: 85 | Y19: 94 | Z19: 98 | AA19: 105 | AB19: 104 | AC19: 123 | AD19: 119 | AE19: 110 | AF19: =SUM(E19:AE19) -> 2711
D20: PR | E20: 105 | F20: 117 | G20: 106 | H20: 88 | I20: 95 | J20: 107 | K20: 108 | L20: 96 | M20: 103 | N20: 102 | O20: 102 | P20: 112 | Q20: 105 | R20: 99 | S20: 104 | T20: 101 | U20: 93 | V20: 95 | W20: 105 | X20: 105 | Y20: 98 | Z20: 105 | AA20: 112 | AB20: 123 | AC20: 123 | AD20: 127 | AE20: 113 | AF20: =SUM(E20:AE20) -> 2849
D21: JML | E21: =SUM(E19:E20) -> 209 | F21: =SUM(F19:F20) -> 222 | G21: =SUM(G19:G20) -> 206 | H21: =SUM(H19:H20) -> 190 | I21: =SUM(I19:I20) -> 185 | J21: =SUM(J19:J20) -> 206 | K21: =SUM(K19:K20) -> 216 | L21: =SUM(L19:L20) -> 199 | ... AE21: =SUM(AE19:AE20) -> 223 | AF21: =SUM(E21:AE21) -> 5560
B22: 2. | C22: Jumlah pengguna hak pilih dalam Daftar Pemilih Tambahan (DPTb) | D22: LK | E22: 0 | F22: 0 | G22: 0 | H22: 0 | I22: 1 | J22: 0 | K22: 0 | L22: 0 | M22: 0 | N22: 0 | O22: 0 | P22: 0 | Q22: 1 | R22: 0 | S22: 0 | T22: 1 | U22: 0 | V22: 0 | W22: 0 | X22: 0 | Y22: 0 | Z22: 0 | AA22: 0 | AB22: 0 | AC22: 0 | AD22: 0 | AE22: 0 | AF22: =SUM(E22:AE22) -> 3
D23: PR | E23: 0 | F23: 0 | G23: 0 | H23: 0 | I23: 0 | J23: 0 | K23: 0 | L23: 0 | M23: 0 | N23: 0 | O23: 0 | P23: 0 | Q23: 0 | R23: 0 | S23: 0 | T23: 0 | U23: 0 | V23: 0 | W23: 0 | X23: 0 | Y23: 0 | Z23: 0 | AA23: 0 | AB23: 0 | AC23: 0 | AD23: 0 | AE23: 0 | AF23: =SUM(E23:AE23) -> 0
D24: JML | E24: =SUM(E22:E23) -> 0 | F24: =SUM(F22:F23) -> 0 | G24: =SUM(G22:G23) -> 0 | H24: =SUM(H22:H23) -> 0 | I24: =SUM(I22:I23) -> 1 | J24: =SUM(J22:J23) -> 0 | K24: =SUM(K22:K23) -> 0 | L24: =SUM(L22:L23) -> 0 | ... AE24: =SUM(AE22:AE23) -> 0 | AF24: =SUM(E24:AE24) -> 3
B25: 3. | C25: Jumlah pengguna hak pilih dalam Daftar Pemilih Khusus (DPK) | D25: LK | E25: 0 | F25: 2 | G25: 2 | H25: 0 | I25: 3 | J25: 2 | K25: 0 | L25: 0 | M25: 0 | N25: 3 | O25: 1 | P25: 2 | Q25: 1 | R25: 1 | S25: 0 | T25: 0 | U25: 1 | V25: 2 | W25: 2 | X25: 1 | Y25: 0 | Z25: 1 | AA25: 4 | AB25: 0 | AC25: 1 | AD25: 1 | AE25: 0 | AF25: =SUM(E25:AE25) -> 30
D26: PR | E26: 0 | F26: 3 | G26: 2 | H26: 0 | I26: 1 | J26: 0 | K26: 1 | L26: 0 | M26: 1 | N26: 3 | O26: 0 | P26: 0 | Q26: 0 | R26: 1 | S26: 2 | T26: 0 | U26: 2 | V26: 0 | W26: 0 | X26: 3 | Y26: 0 | Z26: 0 | AA26: 3 | AB26: 0 | AC26: 2 | AD26: 2 | AE26: 0 | AF26: =SUM(E26:AE26) -> 26
D27: JML | E27: =SUM(E25:E26) -> 0 | F27: =SUM(F25:F26) -> 5 | G27: =SUM(G25:G26) -> 4 | H27: =SUM(H25:H26) -> 0 | I27: =SUM(I25:I26) -> 4 | J27: =SUM(J25:J26) -> 2 | K27: =SUM(K25:K26) -> 1 | L27: =SUM(L25:L26) -> 0 | ... AE27: =SUM(AE25:AE26) -> 0 | AF27: =SUM(E27:AE27) -> 56
B28: 4. | C28: Jumlah Pengguna Hak Pilih (B.1+B.2+B.3) | D28: LK | E28: =SUM(E19,E22,E25) -> 104 | F28: =SUM(F19,F22,F25) -> 107 | G28: =SUM(G19,G22,G25) -> 102 | H28: =SUM(H19,H22,H25) -> 102 | I28: =SUM(I19,I22,I25) -> 94 | J28: =SUM(J19,J22,J25) -> 101 | K28: =SUM(K19,K22,K25) -> 108 | L28: =SUM(L19,L22,L25) -> 103 | ... AE28: =SUM(AE19,AE22,AE25) -> 110 | AF28: =SUM(E28:AE28) -> 2744
D29: PR | E29: =SUM(E20,E23,E26) -> 105 | F29: =SUM(F20,F23,F26) -> 120 | G29: =SUM(G20,G23,G26) -> 108 | H29: =SUM(H20,H23,H26) -> 88 | I29: =SUM(I20,I23,I26) -> 96 | J29: =SUM(J20,J23,J26) -> 107 | K29: =SUM(K20,K23,K26) -> 109 | L29: =SUM(L20,L23,L26) -> 96 | ... AE29: =SUM(AE20,AE23,AE26) -> 113 | AF29: =SUM(E29:AE29) -> 2875
D30: JML | E30: =SUM(E28:E29) -> 209 | F30: =SUM(F28:F29) -> 227 | G30: =SUM(G28:G29) -> 210 | H30: =SUM(H28:H29) -> 190 | I30: =SUM(I28:I29) -> 190 | J30: =SUM(J28:J29) -> 208 | K30: =SUM(K28:K29) -> 217 | L30: =SUM(L28:L29) -> 199 | ... AE30: =SUM(AE28:AE29) -> 223 | AF30: =SUM(E30:AE30) -> 5619
A32: II | B32: DATA PENGGUNAAN SURAT SUARA
A33: 1 | B33: Jumlah surat suara yang diterima, termasuk surat suara cadangan 2,5% dari DPT | E33: 277 | F33: 265 | G33: 277 | H33: 262 | I33: 269 | J33: 272 | K33: 270 | L33: 267 | M33: 275 | N33: 266 | O33: 266 | P33: 282 | Q33: 274 | R33: 275 | S33: 276 | T33: 273 | U33: 233 | V33: 247 | W33: 252 | X33: 248 | Y33: 249 | Z33: 241 | AA33: 274 | AB33: 285 | AC33: 295 | AD33: 301 | AE33: 300 | AF33: =SUM(E33:AE33) -> 7271
A34: 2 | B34: Jumlah surat suara yang digunakan | E34: 209 | F34: 227 | G34: 210 | H34: 190 | I34: 190 | J34: 208 | K34: 217 | L34: 199 | M34: 190 | N34: 210 | O34: 201 | P34: 210 | Q34: 206 | R34: 194 | S34: 209 | T34: 201 | U34: 185 | V34: 206 | W34: 195 | X34: 194 | Y34: 192 | Z34: 204 | AA34: 224 | AB34: 227 | AC34: 249 | AD34: 249 | AE34: 223 | AF34: =SUM(E34:AE34) -> 5619
A35: 3 | B35: Jumlah surat suara dikembalikan oleh pemilih (karena rusak atau keliru coblos) | E35: 0 | F35: 0 | G35: 3 | H35: 0 | I35: 0 | J35: 0 | K35: 0 | L35: 0 | M35: 0 | N35: 0 | O35: 0 | P35: 0 | Q35: 2 | R35: 0 | S35: 1 | T35: 0 | U35: 0 | V35: 1 | W35: 0 | X35: 0 | Y35: 0 | Z35: 0 | AA35: 1 | AB35: 0 | AC35: 1 | AD35: 0 | AE35: 2 | AF35: =SUM(E35:AE35) -> 11
A36: 4 | B36: Jumlah surat suara yang tidak digunakan/tidak terpakai, termasuk sisa surat suara cadangan | E36: =E33-(E34+E35) -> 68 | F36: =F33-(F34+F35) -> 38 | G36: =G33-(G34+G35) -> 64 | H36: =H33-(H34+H35) -> 72 | I36: =I33-(I34+I35) -> 79 | J36: =J33-(J34+J35) -> 64 | K36: =K33-(K34+K35) -> 53 | L36: =L33-(L34+L35) -> 68 | ... AE36: =AE33-(AE34+AE35) -> 75 | AF36: =SUM(E36:AE36) -> 1641
A38: III | B38: DATA PEMILIH DISABILITAS
B39: Jumlah seluruh Pemilih disabilitas yang menggunakan hak pilih | D39: LK | E39: 0 | F39: 0 | G39: 0 | H39: 0 | I39: 1 | J39: 0 | K39: 1 | L39: 0 | M39: 0 | N39: 0 | O39: 0 | P39: 0 | Q39: 0 | R39: 0 | S39: 0 | T39: 0 | U39: 0 | V39: 0 | W39: 0 | X39: 0 | Y39: 0 | Z39: 0 | AA39: 0 | AB39: 0 | AC39: 0 | AD39: 0 | AE39: 0 | AF39: =SUM(E39:AE39) -> 2
D40: PR | E40: 0 | F40: 0 | G40: 0 | H40: 0 | I40: 0 | J40: 0 | K40: 1 | L40: 0 | M40: 0 | N40: 0 | O40: 0 | P40: 0 | Q40: 0 | R40: 0 | S40: 0 | T40: 0 | U40: 0 | V40: 0 | W40: 0 | X40: 0 | Y40: 0 | Z40: 0 | AA40: 0 | AB40: 1 | AC40: 0 | AD40: 0 | AE40: 0 | AF40: =SUM(E40:AE40) -> 2
D41: JML | E41: =SUM(E39:E40) -> 0 | F41: =SUM(F39:F40) -> 0 | G41: =SUM(G39:G40) -> 0 | H41: =SUM(H39:H40) -> 0 | I41: =SUM(I39:I40) -> 1 | J41: =SUM(J39:J40) -> 0 | K41: =SUM(K39:K40) -> 2 | L41: =SUM(L39:L40) -> 0 | ... AE41: =SUM(AE39:AE40) -> 0 | AF41: =SUM(E41:AE41) -> 4
A43: IV | B43: DATA RINCIAN PEROLEHAN SUARA PASANGAN CALON BUPATI DAN WAKIL BUPATI
A44: NOMOR DAN NAMA CALON
A45: A.1 | B45: 1. | C45: Partai Kebangkitan Bangsa | E45: 5 | F45: 5 | G45: 4 | H45: 1 | I45: 8 | J45: 7 | K45: 8 | L45: 9 | M45: 12 | N45: 9 | O45: 8 | P45: 4 | Q45: 4 | R45: 9 | S45: 16 | T45: 8 | U45: 9 | V45: 8 | W45: 4 | X45: 1 | Y45: 7 | Z45: 8 | AA45: 4 | AB45: 4 | AC45: 4 | AD45: 3 | AE45: 3 | AF45: =SUM(E45:AE45) -> 172
A46: A.2 | B46: 1 | C46: 1. Dr. Hj. NIHAYATUL WAFIROH, M.A. | E46: 24 | F46: 46 | G46: 28 | H46: 12 | I46: 9 | J46: 15 | K46: 23 | L46: 15 | M46: 40 | N46: 34 | O46: 19 | P46: 10 | Q46: 22 | R46: 10 | S46: 34 | T46: 34 | U46: 15 | V46: 21 | W46: 10 | X46: 4 | Y46: 17 | Z46: 27 | AA46: 13 | AB46: 13 | AC46: 12 | AD46: 2 | AE46: 4 | AF46: =SUM(E46:AE46) -> 513
B47: 2 | C47: 2. H. M. NASIM KHAN | E47: 8 | F47: 8 | G47: 13 | H47: 9 | I47: 16 | J47: 21 | K47: 2 | L47: 10 | M47: 14 | N47: 15 | O47: 5 | P47: 11 | Q47: 2 | R47: 5 | S47: 6 | T47: 3 | U47: 17 | V47: 4 | W47: 1 | X47: 0 | Y47: 3 | Z47: 7 | AA47: 4 | AB47: 2 | AC47: 1 | AD47: 2 | AE47: 2 | AF47: =SUM(E47:AE47) -> 191
B48: 3 | C48: 3. Dr. H. AKIK ZAMAN, M.Pd.I. | E48: 1 | F48: 2 | G48: 3 | H48: 1 | I48: 2 | J48: 2 | K48: 1 | L48: 2 | M48: 2 | N48: 5 | O48: 1 | P48: 1 | Q48: 1 | R48: 1 | S48: 2 | T48: 3 | U48: 3 | V48: 1 | W48: 0 | X48: 0 | Y48: 2 | Z48: 6 | AA48: 1 | AB48: 0 | AC48: 0 | AD48: 2 | AE48: 2 | AF48: =SUM(E48:AE48) -> 47
B49: 4 | C49: 4. AHMAD RIFA'I, S.H. | E49: 0 | F49: 0 | G49: 0 | H49: 1 | I49: 1 | J49: 1 | K49: 1 | L49: 1 | M49: 1 | N49: 0 | O49: 1 | P49: 0 | Q49: 2 | R49: 1 | S49: 2 | T49: 0 | U49: 0 | V49: 0 | W49: 0 | X49: 0 | Y49: 1 | Z49: 0 | AA49: 0 | AB49: 0 | AC49: 0 | AD49: 2 | AE49: 0 | AF49: =SUM(E49:AE49) -> 15
B50: 5 | C50: 5. Drs. H. MAHFUD M.N. | E50: 2 | F50: 3 | G50: 1 | H50: 0 | I50: 1 | J50: 0 | K50: 1 | L50: 0 | M50: 0 | N50: 2 | O50: 2 | P50: 0 | Q50: 0 | R50: 0 | S50: 0 | T50: 3 | U50: 2 | V50: 1 | W50: 0 | X50: 0 | Y50: 0 | Z50: 0 | AA50: 0 | AB50: 0 | AC50: 0 | AD50: 0 | AE50: 0 | AF50: =SUM(E50:AE50) -> 18
B51: 6 | C51: 6. NURHAYATI, S.Pd. | E51: 0 | F51: 3 | G51: 0 | H51: 0 | I51: 1 | J51: 1 | K51: 0 | L51: 1 | M51: 1 | N51: 1 | O51: 1 | P51: 0 | Q51: 0 | R51: 0 | S51: 0 | T51: 0 | U51: 0 | V51: 0 | W51: 0 | X51: 0 | Y51: 0 | Z51: 2 | AA51: 0 | AB51: 2 | AC51: 0 | AD51: 0 | AE51: 1 | AF51: =SUM(E51:AE51) -> 14
B52: 7 | C52: 7. MAFTUHA KISWAH | E52: 0 | F52: 0 | G52: 0 | H52: 0 | I52: 0 | J52: 0 | K52: 0 | L52: 0 | M52: 0 | N52: 2 | O52: 0 | P52: 0 | Q52: 0 | R52: 1 | S52: 1 | T52: 0 | U52: 0 | V52: 2 | W52: 0 | X52: 0 | Y52: 0 | Z52: 0 | AA52: 2 | AB52: 0 | AC52: 0 | AD52: 0 | AE52: 0 | AF52: =SUM(E52:AE52) -> 8
AF53: =SUM(E53:AE53) -> 0
AF54: =SUM(E54:AE54) -> 0
A55: B | B55: JUMLAH SUARA SAH PARTAI POLITIK DAN CALON (A1 + A2) | E55: =SUM(E45:E52) -> 40 | F55: =SUM(F45:F52) -> 67 | G55: =SUM(G45:G52) -> 49 | H55: =SUM(H45:H52) -> 24 | I55: =SUM(I45:I52) -> 38 | J55: =SUM(J45:J52) -> 47 | K55: =SUM(K45:K52) -> 36 | L55: =SUM(L45:L52) -> 38 | ... AE55: =SUM(AE45:AE52) -> 12 | AF55: =SUM(E55:AE55) -> 978
A57: A.1 | B57: 2. | C57: Partai Gerakan Indonesia Raya | E57: 5 | F57: 12 | G57: 9 | H57: 12 | I57: 2 | J57: 5 | K57: 4 | L57: 3 | M57: 1 | N57: 9 | O57: 9 | P57: 8 | Q57: 11 | R57: 12 | S57: 12 | T57: 10 | U57: 4 | V57: 12 | W57: 6 | X57: 5 | Y57: 8 | Z57: 7 | AA57: 14 | AB57: 13 | AC57: 7 | AD57: 18 | AE57: 8 | AF57: =SUM(E57:AE57) -> 226
A58: A.2 | B58: 1 | C58: 1. SUMAIL ABDULLAH | E58: 5 | F58: 10 | G58: 5 | H58: 7 | I58: 3 | J58: 2 | K58: 2 | L58: 2 | M58: 2 | N58: 2 | O58: 4 | P58: 7 | Q58: 4 | R58: 3 | S58: 7 | T58: 4 | U58: 7 | V58: 10 | W58: 5 | X58: 2 | Y58: 1 | Z58: 2 | AA58: 2 | AB58: 6 | AC58: 23 | AD58: 30 | AE58: 15 | AF58: =SUM(E58:AE58) -> 172
B59: 2 | C59: 2. MUHAMMAD ALI ADRIAN SALEH | E59: 5 | F59: 2 | G59: 1 | H59: 1 | I59: 2 | J59: 3 | K59: 0 | L59: 2 | M59: 2 | N59: 3 | O59: 2 | P59: 3 | Q59: 5 | R59: 6 | S59: 1 | T59: 7 | U59: 5 | V59: 9 | W59: 72 | X59: 89 | Y59: 4 | Z59: 34 | AA59: 28 | AB59: 12 | AC59: 7 | AD59: 8 | AE59: 8 | AF59: =SUM(E59:AE59) -> 321
B60: 3 | C60: 3. DURROTUN NAFISAH | E60: 1 | F60: 0 | G60: 2 | H60: 1 | I60: 1 | J60: 2 | K60: 2 | L60: 1 | M60: 2 | N60: 1 | O60: 1 | P60: 1 | Q60: 2 | R60: 2 | S60: 0 | T60: 0 | U60: 0 | V60: 2 | W60: 0 | X60: 3 | Y60: 0 | Z60: 2 | AA60: 1 | AB60: 0 | AC60: 0 | AD60: 3 | AE60: 3 | AF60: =SUM(E60:AE60) -> 33
B61: 4 | C61: 4. H. EKO SUSILO NURHIDAYAT | E61: 0 | F61: 0 | G61: 1 | H61: 0 | I61: 0 | J61: 2 | K61: 5 | L61: 1 | M61: 0 | N61: 3 | O61: 1 | P61: 5 | Q61: 2 | R61: 3 | S61: 4 | T61: 3 | U61: 0 | V61: 3 | W61: 0 | X61: 1 | Y61: 3 | Z61: 0 | AA61: 4 | AB61: 2 | AC61: 5 | AD61: 0 | AE61: 1 | AF61: =SUM(E61:AE61) -> 49
B62: 5 | C62: 5. KARNADI HARIJANTO, S.S. | E62: 0 | F62: 0 | G62: 0 | H62: 0 | I62: 0 | J62: 0 | K62: 1 | L62: 0 | M62: 0 | N62: 0 | O62: 0 | P62: 0 | Q62: 1 | R62: 0 | S62: 0 | T62: 0 | U62: 1 | V62: 0 | W62: 0 | X62: 0 | Y62: 0 | Z62: 0 | AA62: 1 | AB62: 0 | AC62: 0 | AD62: 3 | AE62: 2 | AF62: =SUM(E62:AE62) -> 9
B63: 6 | C63: 6. NURHAYATI | E63: 0 | F63: 1 | G63: 0 | H63: 0 | I63: 0 | J63: 1 | K63: 0 | L63: 1 | M63: 0 | N63: 0 | O63: 1 | P63: 0 | Q63: 0 | R63: 1 | S63: 0 | T63: 0 | U63: 1 | V63: 1 | W63: 0 | X63: 2 | Y63: 0 | Z63: 2 | AA63: 0 | AB63: 2 | AC63: 2 | AD63: 2 | AE63: 1 | AF63: =SUM(E63:AE63) -> 18
B64: 7 | C64: 7. MASHUDI | E64: 0 | F64: 0 | G64: 1 | H64: 0 | I64: 0 | J64: 0 | K64: 0 | L64: 0 | M64: 0 | N64: 0 | O64: 0 | P64: 2 | Q64: 0 | R64: 0 | S64: 1 | T64: 0 | U64: 1 | V64: 0 | W64: 0 | X64: 0 | Y64: 0 | Z64: 0 | AA64: 0 | AB64: 0 | AC64: 2 | AD64: 0 | AE64: 0 | AF64: =SUM(E64:AE64) -> 7
AF65: =SUM(E65:AE65) -> 0
AF66: =SUM(E66:AE66) -> 0
A67: B | B67: JUMLAH SUARA SAH PARTAI POLITIK DAN CALON (A1 + A2) | E67: =SUM(E57:E64) -> 16 | F67: =SUM(F57:F64) -> 25 | G67: =SUM(G57:G64) -> 19 | H67: =SUM(H57:H64) -> 21 | I67: =SUM(I57:I64) -> 8 | J67: =SUM(J57:J64) -> 15 | K67: =SUM(K57:K64) -> 14 | L67: =SUM(L57:L64) -> 10 | ... AE67: =SUM(AE57:AE64) -> 38 | AF67: =SUM(E67:AE67) -> 835
A69: A.1 | B69: 3. | C69: Partai Demokrasi Indonesia Perjuangan | E69: 5 | F69: 13 | G69: 13 | H69: 7 | I69: 9 | J69: 12 | K69: 7 | L69: 10 | M69: 9 | N69: 3 | O69: 9 | P69: 7 | Q69: 21 | R69: 9 | S69: 15 | T69: 14 | U69: 9 | V69: 8 | W69: 7 | X69: 1 | Y69: 14 | Z69: 5 | AA69: 3 | AB69: 11 | AC69: 8 | AD69: 21 | AE69: 16 | AF69: =SUM(E69:AE69) -> 266
A70: A.2 | B70: 1 | C70: 1. SONNY TRI DANAPARAMITA, S.H., M.H. | E70: 11 | F70: 1 | G70: 7 | H70: 2 | I70: 11 | J70: 11 | K70: 5 | L70: 1 | M70: 5 | N70: 8 | O70: 3 | P70: 6 | Q70: 6 | R70: 12 | S70: 12 | T70: 7 | U70: 7 | V70: 14 | W70: 5 | X70: 3 | Y70: 12 | Z70: 4 | AA70: 4 | AB70: 6 | AC70: 17 | AD70: 11 | AE70: 14 | AF70: =SUM(E70:AE70) -> 205
B71: 2 | C71: 2. H. MOHAMAD GUNTUR ROMLI | E71: 7 | F71: 8 | G71: 23 | H71: 22 | I71: 27 | J71: 23 | K71: 30 | L71: 6 | M71: 12 | N71: 3 | O71: 5 | P71: 8 | Q71: 6 | R71: 4 | S71: 13 | T71: 15 | U71: 7 | V71: 36 | W71: 29 | X71: 44 | Y71: 28 | Z71: 3 | AA71: 37 | AB71: 25 | AC71: 13 | AD71: 21 | AE71: 17 | AF71: =SUM(E71:AE71) -> 472
B72: 3 | C72: 3. INA AMMANIA | E72: 2 | F72: 2 | G72: 2 | H72: 7 | I72: 3 | J72: 6 | K72: 2 | L72: 2 | M72: 0 | N72: 3 | O72: 1 | P72: 6 | Q72: 1 | R72: 4 | S72: 6 | T72: 3 | U72: 2 | V72: 8 | W72: 1 | X72: 1 | Y72: 0 | Z72: 3 | AA72: 4 | AB72: 4 | AC72: 3 | AD72: 5 | AE72: 8 | AF72: =SUM(E72:AE72) -> 89
B73: 4 | C73: 4. IRWAN BACHTIAR RACHMAT, M.Si. | E73: 0 | F73: 1 | G73: 2 | H73: 1 | I73: 0 | J73: 0 | K73: 1 | L73: 0 | M73: 1 | N73: 0 | O73: 1 | P73: 1 | Q73: 3 | R73: 1 | S73: 0 | T73: 0 | U73: 1 | V73: 2 | W73: 1 | X73: 1 | Y73: 1 | Z73: 1 | AA73: 2 | AB73: 0 | AC73: 0 | AD73: 2 | AE73: 3 | AF73: =SUM(E73:AE73) -> 26
B74: 5 | C74: 5. LUCKY PERDANA | E74: 2 | F74: 1 | G74: 3 | H74: 2 | I74: 3 | J74: 1 | K74: 2 | L74: 1 | M74: 2 | N74: 1 | O74: 3 | P74: 2 | Q74: 5 | R74: 3 | S74: 2 | T74: 4 | U74: 2 | V74: 3 | W74: 3 | X74: 3 | Y74: 3 | Z74: 6 | AA74: 12 | AB74: 6 | AC74: 2 | AD74: 1 | AE74: 4 | AF74: =SUM(E74:AE74) -> 82
B75: 6 | C75: 6. WIWIK PUJIYATI | E75: 1 | F75: 2 | G75: 0 | H75: 3 | I75: 0 | J75: 1 | K75: 2 | L75: 1 | M75: 0 | N75: 1 | O75: 1 | P75: 2 | Q75: 3 | R75: 3 | S75: 4 | T75: 4 | U75: 2 | V75: 3 | W75: 1 | X75: 2 | Y75: 1 | Z75: 1 | AA75: 2 | AB75: 4 | AC75: 1 | AD75: 2 | AE75: 5 | AF75: =SUM(E75:AE75) -> 52
B76: 7 | C76: 7. CHANDRA ASTAN, S.T. | E76: 0 | F76: 0 | G76: 0 | H76: 0 | I76: 2 | J76: 1 | K76: 0 | L76: 0 | M76: 0 | N76: 2 | O76: 1 | P76: 2 | Q76: 1 | R76: 2 | S76: 1 | T76: 0 | U76: 1 | V76: 1 | W76: 1 | X76: 1 | Y76: 0 | Z76: 0 | AA76: 3 | AB76: 2 | AC76: 3 | AD76: 2 | AE76: 1 | AF76: =SUM(E76:AE76) -> 27
AF77: =SUM(E77:AE77) -> 0
AF78: =SUM(E78:AE78) -> 0
A79: B | B79: JUMLAH SUARA SAH PARTAI POLITIK DAN CALON (A1 + A2) | E79: =SUM(E69:E76) -> 28 | F79: =SUM(F69:F76) -> 28 | G79: =SUM(G69:G76) -> 50 | H79: =SUM(H69:H76) -> 44 | I79: =SUM(I69:I76) -> 55 | J79: =SUM(J69:J76) -> 55 | K79: =SUM(K69:K76) -> 49 | L79: =SUM(L69:L76) -> 21 | ... AE79: =SUM(AE69:AE76) -> 68 | AF79: =SUM(E79:AE79) -> 1219
A81: A.1 | B81: 4. | C81: Partai Golongan Karya | E81: 4 | F81: 7 | G81: 2 | H81: 1 | I81: 2 | J81: 3 | K81: 4 | L81: 1 | M81: 1 | N81: 1 | O81: 8 | P81: 3 | Q81: 3 | R81: 0 | S81: 1 | T81: 3 | U81: 1 | V81: 3 | W81: 6 | X81: 0 | Y81: 2 | Z81: 2 | AA81: 4 | AB81: 2 | AC81: 3 | AD81: 6 | AE81: 8 | AF81: =SUM(E81:AE81) -> 81
A82: A.2 | B82: 1 | C82: 1. ZULFIKAR ARSE SADIKIN, S.I.P., M.Si. | E82: 19 | F82: 4 | G82: 8 | H82: 3 | I82: 7 | J82: 5 | K82: 11 | L82: 4 | M82: 3 | N82: 2 | O82: 14 | P82: 22 | Q82: 4 | R82: 2 | S82: 5 | T82: 3 | U82: 1 | V82: 3 | W82: 3 | X82: 0 | Y82: 1 | Z82: 8 | AA82: 6 | AB82: 34 | AC82: 5 | AD82: 20 | AE82: 22 | AF82: =SUM(E82:AE82) -> 219
B83: 2 | C83: 2. HANDOKO | E83: 4 | F83: 2 | G83: 8 | H83: 4 | I83: 2 | J83: 2 | K83: 2 | L83: 0 | M83: 0 | N83: 0 | O83: 3 | P83: 3 | Q83: 2 | R83: 5 | S83: 3 | T83: 4 | U83: 2 | V83: 4 | W83: 2 | X83: 3 | Y83: 0 | Z83: 1 | AA83: 4 | AB83: 3 | AC83: 5 | AD83: 7 | AE83: 4 | AF83: =SUM(E83:AE83) -> 79
B84: 3 | C84: 3. Hj. OVI DEWI YANTI | E84: 2 | F84: 1 | G84: 1 | H84: 0 | I84: 1 | J84: 1 | K84: 1 | L84: 0 | M84: 1 | N84: 1 | O84: 1 | P84: 0 | Q84: 0 | R84: 0 | S84: 2 | T84: 2 | U84: 0 | V84: 2 | W84: 0 | X84: 0 | Y84: 0 | Z84: 0 | AA84: 2 | AB84: 5 | AC84: 0 | AD84: 0 | AE84: 1 | AF84: =SUM(E84:AE84) -> 24
B85: 4 | C85: 4. Ir. AZAM AZMAN NATAWIJANA | E85: 4 | F85: 14 | G85: 1 | H85: 13 | I85: 1 | J85: 2 | K85: 0 | L85: 1 | M85: 2 | N85: 2 | O85: 3 | P85: 2 | Q85: 0 | R85: 0 | S85: 0 | T85: 0 | U85: 0 | V85: 0 | W85: 0 | X85: 0 | Y85: 1 | Z85: 0 | AA85: 2 | AB85: 1 | AC85: 0 | AD85: 0 | AE85: 1 | AF85: =SUM(E85:AE85) -> 50
B86: 5 | C86: 5. UBAIDILLAH AMIN, S.Kom. | E86: 1 | F86: 2 | G86: 0 | H86: 0 | I86: 0 | J86: 1 | K86: 1 | L86: 0 | M86: 0 | N86: 1 | O86: 1 | P86: 0 | Q86: 0 | R86: 0 | S86: 1 | T86: 0 | U86: 0 | V86: 1 | W86: 0 | X86: 0 | Y86: 0 | Z86: 0 | AA86: 1 | AB86: 1 | AC86: 0 | AD86: 0 | AE86: 1 | AF86: =SUM(E86:AE86) -> 12
B87: 6 | C87: 6. DENNY YUNIANDARI, S.H., M.Kn. | E87: 0 | F87: 0 | G87: 0 | H87: 1 | I87: 0 | J87: 0 | K87: 1 | L87: 0 | M87: 0 | N87: 1 | O87: 0 | P87: 0 | Q87: 0 | R87: 0 | S87: 0 | T87: 0 | U87: 1 | V87: 0 | W87: 0 | X87: 0 | Y87: 0 | Z87: 1 | AA87: 0 | AB87: 0 | AC87: 0 | AD87: 0 | AE87: 1 | AF87: =SUM(E87:AE87) -> 6
B88: 7 | C88: 7. ERNADI, S.H.I. | E88: 0 | F88: 2 | G88: 1 | H88: 0 | I88: 0 | J88: 1 | K88: 1 | L88: 0 | M88: 0 | N88: 0 | O88: 1 | P88: 1 | Q88: 1 | R88: 0 | S88: 1 | T88: 0 | U88: 1 | V88: 0 | W88: 0 | X88: 0 | Y88: 0 | Z88: 0 | AA88: 0 | AB88: 0 | AC88: 2 | AD88: 4 | AE88: 1 | AF88: =SUM(E88:AE88) -> 17
AF89: =SUM(E89:AE89) -> 0
AF90: =SUM(E90:AE90) -> 0
A91: B | B91: JUMLAH SUARA SAH PARTAI POLITIK DAN CALON (A1 + A2) | E91: =SUM(E81:E88) -> 34 | F91: =SUM(F81:F88) -> 32 | G91: =SUM(G81:G88) -> 21 | H91: =SUM(H81:H88) -> 22 | I91: =SUM(I81:I88) -> 13 | J91: =SUM(J81:J88) -> 15 | K91: =SUM(K81:K88) -> 21 | L91: =SUM(L81:L88) -> 6 | ... AE91: =SUM(AE81:AE88) -> 39 | AF91: =SUM(E91:AE91) -> 488
A93: A.1 | B93: 5. | C93: Partai NasDem | E93: 2 | F93: 4 | G93: 3 | H93: 2 | I93: 0 | J93: 0 | K93: 0 | L93: 0 | M93: 0 | N93: 1 | O93: 2 | P93: 2 | Q93: 1 | R93: 1 | S93: 0 | T93: 1 | U93: 0 | V93: 0 | W93: 1 | X93: 2 | Y93: 1 | Z93: 2 | AA93: 4 | AB93: 5 | AC93: 2 | AD93: 1 | AE93: 0 | AF93: =SUM(E93:AE93) -> 37
A94: A.2 | B94: 1 | C94: 1. ACH. FADIL MUZAKKI SYAH | E94: 0 | F94: 0 | G94: 0 | H94: 0 | I94: 2 | J94: 1 | K94: 1 | L94: 0 | M94: 2 | N94: 2 | O94: 0 | P94: 1 | Q94: 0 | R94: 1 | S94: 1 | T94: 0 | U94: 0 | V94: 2 | W94: 0 | X94: 0 | Y94: 8 | Z94: 1 | AA94: 2 | AB94: 1 | AC94: 3 | AD94: 0 | AE94: 2 | AF94: =SUM(E94:AE94) -> 30
B95: 2 | C95: 2. BENY | E95: 4 | F95: 1 | G95: 1 | H95: 0 | I95: 4 | J95: 2 | K95: 3 | L95: 6 | M95: 3 | N95: 0 | O95: 0 | P95: 0 | Q95: 0 | R95: 1 | S95: 1 | T95: 0 | U95: 0 | V95: 2 | W95: 5 | X95: 2 | Y95: 1 | Z95: 21 | AA95: 9 | AB95: 8 | AC95: 1 | AD95: 3 | AE95: 4 | AF95: =SUM(E95:AE95) -> 82
B96: 3 | C96: 3. VINA VERONIKA | E96: 1 | F96: 0 | G96: 0 | H96: 0 | I96: 0 | J96: 0 | K96: 0 | L96: 0 | M96: 0 | N96: 0 | O96: 1 | P96: 0 | Q96: 0 | R96: 0 | S96: 1 | T96: 3 | U96: 0 | V96: 0 | W96: 0 | X96: 1 | Y96: 0 | Z96: 0 | AA96: 0 | AB96: 0 | AC96: 1 | AD96: 1 | AE96: 2 | AF96: =SUM(E96:AE96) -> 11
B97: 4 | C97: 4. TEDDY ANUGRIANTO | E97: 1 | F97: 2 | G97: 1 | H97: 3 | I97: 1 | J97: 0 | K97: 0 | L97: 1 | M97: 3 | N97: 12 | O97: 3 | P97: 0 | Q97: 2 | R97: 1 | S97: 1 | T97: 1 | U97: 0 | V97: 0 | W97: 0 | X97: 0 | Y97: 1 | Z97: 0 | AA97: 1 | AB97: 3 | AC97: 1 | AD97: 3 | AE97: 5 | AF97: =SUM(E97:AE97) -> 46
B98: 5 | C98: 5. INSAN KAMIL | E98: 0 | F98: 1 | G98: 0 | H98: 0 | I98: 0 | J98: 0 | K98: 0 | L98: 1 | M98: 0 | N98: 0 | O98: 0 | P98: 0 | Q98: 0 | R98: 0 | S98: 0 | T98: 2 | U98: 0 | V98: 0 | W98: 0 | X98: 0 | Y98: 2 | Z98: 2 | AA98: 1 | AB98: 2 | AC98: 1 | AD98: 0 | AE98: 1 | AF98: =SUM(E98:AE98) -> 13
B99: 6 | C99: 6. LILIK LINDARWATI | E99: 1 | F99: 0 | G99: 0 | H99: 0 | I99: 0 | J99: 0 | K99: 0 | L99: 0 | M99: 0 | N99: 0 | O99: 0 | P99: 0 | Q99: 0 | R99: 0 | S99: 1 | T99: 0 | U99: 0 | V99: 0 | W99: 0 | X99: 0 | Y99: 0 | Z99: 1 | AA99: 0 | AB99: 0 | AC99: 0 | AD99: 0 | AE99: 1 | AF99: =SUM(E99:AE99) -> 4
B100: 7 | C100: 7. YULI ANITA | E100: 0 | F100: 0 | G100: 0 | H100: 0 | I100: 0 | J100: 0 | K100: 0 | L100: 0 | M100: 1 | N100: 0 | O100: 0 | P100: 0 | Q100: 0 | R100: 0 | S100: 0 | T100: 0 | U100: 0 | V100: 0 | W100: 0 | X100: 0 | Y100: 0 | Z100: 0 | AA100: 0 | AB100: 0 | AC100: 0 | AD100: 0 | AE100: 0 | AF100: =SUM(E100:AE100) -> 1
AF101: =SUM(E101:AE101) -> 0
AF102: =SUM(E102:AE102) -> 0
A103: B | B103: JUMLAH SUARA SAH PARTAI POLITIK DAN CALON (A1 + A2) | E103: =SUM(E93:E100) -> 9 | F103: =SUM(F93:F100) -> 8 | G103: =SUM(G93:G100) -> 5 | H103: =SUM(H93:H100) -> 5 | I103: =SUM(I93:I100) -> 7 | J103: =SUM(J93:J100) -> 3 | K103: =SUM(K93:K100) -> 4 | L103: =SUM(L93:L100) -> 8 | ... AE103: =SUM(AE93:AE100) -> 15 | AF103: =SUM(E103:AE103) -> 224
A105: A.1 | B105: 6. | C105: Partai Buruh | E105: 0 | F105: 1 | G105: 0 | H105: 2 | I105: 0 | J105: 1 | K105: 0 | L105: 0 | M105: 0 | N105: 0 | O105: 0 | P105: 1 | Q105: 1 | R105: 0 | S105: 0 | T105: 1 | U105: 0 | V105: 0 | W105: 0 | X105: 0 | Y105: 0 | Z105: 0 | AA105: 0 | AB105: 0 | AC105: 1 | AD105: 1 | AE105: 0 | AF105: =SUM(E105:AE105) -> 9
A106: A.2 | B106: 1 | C106: 1. KHOIRUL ANAM | E106: 0 | F106: 1 | G106: 0 | H106: 0 | I106: 0 | J106: 0 | K106: 0 | L106: 0 | M106: 0 | N106: 0 | O106: 0 | P106: 0 | Q106: 0 | R106: 0 | S106: 0 | T106: 0 | U106: 0 | V106: 0 | W106: 0 | X106: 0 | Y106: 0 | Z106: 0 | AA106: 0 | AB106: 0 | AC106: 0 | AD106: 1 | AE106: 0 | AF106: =SUM(E106:AE106) -> 2
B107: 2 | C107: 2. INA KURNIA | E107: 0 | F107: 0 | G107: 0 | H107: 0 | I107: 0 | J107: 0 | K107: 0 | L107: 0 | M107: 0 | N107: 0 | O107: 0 | P107: 1 | Q107: 1 | R107: 0 | S107: 0 | T107: 0 | U107: 1 | V107: 0 | W107: 0 | X107: 0 | Y107: 0 | Z107: 1 | AA107: 0 | AB107: 0 | AC107: 0 | AD107: 0 | AE107: 1 | AF107: =SUM(E107:AE107) -> 5
B108: 3 | C108: 3. JIBRAL TAROUK | E108: 0 | F108: 0 | G108: 1 | H108: 0 | I108: 0 | J108: 0 | K108: 0 | L108: 0 | M108: 0 | N108: 0 | O108: 0 | P108: 2 | Q108: 0 | R108: 0 | S108: 0 | T108: 0 | U108: 1 | V108: 0 | W108: 0 | X108: 0 | Y108: 0 | Z108: 1 | AA108: 0 | AB108: 0 | AC108: 0 | AD108: 0 | AE108: 0 | AF108: =SUM(E108:AE108) -> 5
B109: 4 | C109: 4. ASTUTI DAENG PUJI | E109: 0 | F109: 0 | G109: 0 | H109: 0 | I109: 0 | J109: 0 | K109: 0 | L109: 0 | M109: 0 | N109: 0 | O109: 0 | P109: 0 | Q109: 0 | R109: 0 | S109: 0 | T109: 0 | U109: 0 | V109: 0 | W109: 0 | X109: 0 | Y109: 0 | Z109: 0 | AA109: 0 | AB109: 0 | AC109: 0 | AD109: 0 | AE109: 0 | AF109: =SUM(E109:AE109) -> 0
B110: 5 | C110: 5. ASDARMAWAN | E110: 0 | F110: 0 | G110: 0 | H110: 0 | I110: 0 | J110: 0 | K110: 0 | L110: 0 | M110: 0 | N110: 0 | O110: 0 | P110: 0 | Q110: 0 | R110: 0 | S110: 0 | T110: 0 | U110: 0 | V110: 0 | W110: 0 | X110: 0 | Y110: 0 | Z110: 0 | AA110: 0 | AB110: 0 | AC110: 0 | AD110: 0 | AE110: 0 | AF110: =SUM(E110:AE110) -> 0
B111: 6 | C111: 6. RIFQI MUBAROK | E111: 0 | F111: 0 | G111: 0 | H111: 0 | I111: 0 | J111: 0 | K111: 0 | L111: 0 | M111: 0 | N111: 0 | O111: 0 | P111: 0 | Q111: 0 | R111: 0 | S111: 0 | T111: 0 | U111: 0 | V111: 0 | W111: 0 | X111: 0 | Y111: 0 | Z111: 0 | AA111: 0 | AB111: 1 | AC111: 0 | AD111: 0 | AE111: 0 | AF111: =SUM(E111:AE111) -> 1
B112: 7 | C112: 7. FIRNANDA ALTA MEGA | E112: 0 | F112: 0 | G112: 0 | H112: 0 | I112: 0 | J112: 0 | K112: 0 | L112: 1 | M112: 0 | N112: 0 | O112: 0 | P112: 0 | Q112: 0 | R112: 0 | S112: 0 | T112: 0 | U112: 0 | V112: 0 | W112: 0 | X112: 0 | Y112: 0 | Z112: 0 | AA112: 0 | AB112: 0 | AC112: 0 | AD112: 0 | AE112: 0 | AF112: =SUM(E112:AE112) -> 1
AF113: =SUM(E113:AE113) -> 0
AF114: =SUM(E114:AE114) -> 0
A115: B | B115: JUMLAH SUARA SAH PARTAI POLITIK DAN CALON (A1 + A2) | E115: =SUM(E105:E112) -> 0 | F115: =SUM(F105:F112) -> 2 | G115: =SUM(G105:G112) -> 1 | H115: =SUM(H105:H112) -> 2 | I115: =SUM(I105:I112) -> 0 | J115: =SUM(J105:J112) -> 1 | K115: =SUM(K105:K112) -> 0 | L115: =SUM(L105:L112) -> 1 | ... AE115: =SUM(AE105:AE112) -> 1 | AF115: =SUM(E115:AE115) -> 23
A117: A.1 | B117: 7. | C117: Partai Gelombang Rakyat Indonesia | E117: 0 | F117: 2 | G117: 1 | H117: 2 | I117: 1 | J117: 4 | K117: 2 | L117: 1 | M117: 0 | N117: 2 | O117: 9 | P117: 0 | Q117: 3 | R117: 5 | S117: 2 | T117: 2 | U117: 3 | V117: 2 | W117: 0 | X117: 0 | Y117: 0 | Z117: 2 | AA117: 1 | AB117: 1 | AC117: 1 | AD117: 2 | AE117: 3 | AF117: =SUM(E117:AE117) -> 51
...

Sheet KRADENAN
C2: Kecamatan | D2: PURWOHARJO
C3: Kabupaten | D3: BANYUWANGI
C4: Provinsi | D4: JAWA TIMUR
C9: Kelurahan | D9: KRADENAN
A12: I | B12: DATA PEMILIH DAN PENGGUNAAN HAK PILIH | AK12: JUMLAH AKHIR
A13: A | B13: DATA PEMILIH | E13: TPS 001 | F13: TPS 002 | G13: TPS 003 | H13: TPS 004 | I13: TPS 005 | J13: TPS 006 | K13: TPS 007 | L13: TPS 008 | M13: TPS 009 | N13: TPS 010 | O13: TPS 011 | P13: TPS 012 | Q13: TPS 013 | R13: TPS 014 | S13: TPS 015 | T13: TPS 016 | U13: TPS 017 | V13: TPS 018 | W13: TPS 019 | X13: TPS 020 | Y13: TPS 021 | Z13: TPS 022 | AA13: TPS 023 | AB13: TPS 024 | AC13: TPS 025 | AD13: TPS 026 | AE13: TPS 027 | AF13: TPS 028 | AG13: TPS 029 | AH13: TPS 030 | AI13: TPS 031 | AJ13: TPS 032
B14: Jumlah Pemilih dalam Daftar Pemilih Tetap (DPT) | D14: LK | E14: 131 | F14: 127 | G14: 128 | H14: 150 | I14: 134 | J14: 136 | K14: 133 | L14: 152 | M14: 145 | N14: 131 | O14: 144 | P14: 135 | Q14: 127 | R14: 138 | S14: 138 | T14: 128 | U14: 140 | V14: 139 | W14: 138 | X14: 135 | Y14: 134 | Z14: 142 | AA14: 127 | AB14: 125 | AC14: 121 | AD14: 132 | AE14: 139 | AF14: 139 | AG14: 134 | AH14: 143 | AI14: 143 | AJ14: 155 | AK14: =SUM(E14:AJ14) -> 4363
D15: PR | E15: 132 | F15: 136 | G15: 128 | H15: 142 | I15: 144 | J15: 136 | K15: 139 | L15: 132 | M15: 135 | N15: 140 | O15: 135 | P15: 136 | Q15: 144 | R15: 142 | S15: 129 | T15: 143 | U15: 143 | V15: 129 | W15: 133 | X15: 132 | Y15: 134 | Z15: 123 | AA15: 147 | AB15: 131 | AC15: 104 | AD15: 132 | AE15: 131 | AF15: 130 | AG15: 137 | AH15: 143 | AI15: 123 | AJ15: 137 | AK15: =SUM(E15:AJ15) -> 4302
D16: JML | E16: =SUM(E14:E15) -> 263 | F16: =SUM(F14:F15) -> 263 | G16: =SUM(G14:G15) -> 256 | H16: =SUM(H14:H15) -> 292 | I16: =SUM(I14:I15) -> 278 | J16: =SUM(J14:J15) -> 272 | K16: =SUM(K14:K15) -> 272 | L16: =SUM(L14:L15) -> 284 | ... AJ16: =SUM(AJ14:AJ15) -> 292 | AK16: =SUM(E16:AJ16) -> 8665
A18: B | B18: PENGGUNA HAK PILIH
B19: 1. | C19: Jumlah pengguna hak pilih dalam Daftar Pemilih Tetap (DPT) | D19: LK | E19: 95 | F19: 101 | G19: 101 | H19: 125 | I19: 96 | J19: 105 | K19: 107 | L19: 100 | M19: 118 | N19: 101 | O19: 109 | P19: 114 | Q19: 101 | R19: 110 | S19: 94 | T19: 98 | U19: 109 | V19: 102 | W19: 111 | X19: 98 | Y19: 87 | Z19: 105 | AA19: 98 | AB19: 98 | AC19: 95 | AD19: 104 | AE19: 105 | AF19: 117 | AG19: 103 | AH19: 121 | AI19: 109 | AJ19: 122 | AK19: =SUM(E19:AJ19) -> 3359
D20: PR | E20: 96 | F20: 108 | G20: 105 | H20: 122 | I20: 109 | J20: 113 | K20: 107 | L20: 101 | M20: 112 | N20: 98 | O20: 118 | P20: 120 | Q20: 110 | R20: 112 | S20: 105 | T20: 115 | U20: 126 | V20: 102 | W20: 96 | X20: 100 | Y20: 98 | Z20: 106 | AA20: 118 | AB20: 106 | AC20: 84 | AD20: 99 | AE20: 101 | AF20: 109 | AG20: 112 | AH20: 118 | AI20: 96 | AJ20: 110 | AK20: =SUM(E20:AJ20) -> 3432
D21: JML | E21: =SUM(E19:E20) -> 191 | F21: =SUM(F19:F20) -> 209 | G21: =SUM(G19:G20) -> 206 | H21: =SUM(H19:H20) -> 247 | I21: =SUM(I19:I20) -> 205 | J21: =SUM(J19:J20) -> 218 | K21: =SUM(K19:K20) -> 214 | L21: =SUM(L19:L20) -> 201 | ... AJ21: =SUM(AJ19:AJ20) -> 232 | AK21: =SUM(E21:AJ21) -> 6791
B22: 2. | C22: Jumlah pengguna hak pilih dalam Daftar Pemilih Tambahan (DPTb) | D22: LK | E22: 0 | F22: 0 | G22: 0 | H22: 0 | I22: 0 | J22: 0 | K22: 0 | L22: 0 | M22: 0 | N22: 0 | O22: 0 | P22: 0 | Q22: 0 | R22: 0 | S22: 0 | T22: 0 | U22: 0 | V22: 0 | W22: 0 | X22: 0 | Y22: 0 | Z22: 0 | AA22: 0 | AB22: 0 | AC22: 0 | AD22: 0 | AE22: 0 | AF22: 0 | AG22: 0 | AH22: 0 | AI22: 0 | AJ22: 0 | AK22: =SUM(E22:AJ22) -> 0
D23: PR | E23: 0 | F23: 0 | G23: 1 | H23: 0 | I23: 0 | J23: 0 | K23: 0 | L23: 0 | M23: 0 | N23: 0 | O23: 0 | P23: 0 | Q23: 0 | R23: 0 | S23: 0 | T23: 0 | U23: 0 | V23: 0 | W23: 0 | X23: 0 | Y23: 0 | Z23: 0 | AA23: 0 | AB23: 0 | AC23: 0 | AD23: 0 | AE23: 0 | AF23: 0 | AG23: 0 | AH23: 0 | AI23: 0 | AJ23: 0 | AK23: =SUM(E23:AJ23) -> 1
D24: JML | E24: =SUM(E22:E23) -> 0 | F24: =SUM(F22:F23) -> 0 | G24: =SUM(G22:G23) -> 1 | H24: =SUM(H22:H23) -> 0 | I24: =SUM(I22:I23) -> 0 | J24: =SUM(J22:J23) -> 0 | K24: =SUM(K22:K23) -> 0 | L24: =SUM(L22:L23) -> 0 | ... AJ24: =SUM(AJ22:AJ23) -> 0 | AK24: =SUM(E24:AJ24) -> 1
B25: 3. | C25: Jumlah pengguna hak pilih dalam Daftar Pemilih Khusus (DPK) | D25: LK | E25: 3 | F25: 2 | G25: 0 | H25: 0 | I25: 1 | J25: 4 | K25: 0 | L25: 0 | M25: 4 | N25: 2 | O25: 0 | P25: 2 | Q25: 0 | R25: 1 | S25: 0 | T25: 4 | U25: 2 | V25: 0 | W25: 0 | X25: 3 | Y25: 1 | Z25: 0 | AA25: 0 | AB25: 4 | AC25: 0 | AD25: 1 | AE25: 1 | AF25: 0 | AG25: 1 | AH25: 1 | AI25: 1 | AJ25: 0 | AK25: =SUM(E25:AJ25) -> 38
D26: PR | E26: 2 | F26: 4 | G26: 1 | H26: 0 | I26: 0 | J26: 6 | K26: 0 | L26: 0 | M26: 2 | N26: 2 | O26: 0 | P26: 3 | Q26: 1 | R26: 1 | S26: 0 | T26: 4 | U26: 1 | V26: 5 | W26: 0 | X26: 0 | Y26: 0 | Z26: 2 | AA26: 1 | AB26: 1 | AC26: 0 | AD26: 0 | AE26: 2 | AF26: 0 | AG26: 1 | AH26: 2 | AI26: 1 | AJ26: 1 | AK26: =SUM(E26:AJ26) -> 43
D27: JML | E27: =SUM(E25:E26) -> 5 | F27: =SUM(F25:F26) -> 6 | G27: =SUM(G25:G26) -> 1 | H27: =SUM(H25:H26) -> 0 | I27: =SUM(I25:I26) -> 1 | J27: =SUM(J25:J26) -> 10 | K27: =SUM(K25:K26) -> 0 | L27: =SUM(L25:L26) -> 0 | ... AJ27: =SUM(AJ25:AJ26) -> 1 | AK27: =SUM(E27:AJ27) -> 81
B28: 4. | C28: Jumlah Pengguna Hak Pilih (B.1+B.2+B.3) | D28: LK | E28: =SUM(E19,E22,E25) -> 98 | F28: =SUM(F19,F22,F25) -> 103 | G28: =SUM(G19,G22,G25) -> 101 | H28: =SUM(H19,H22,H25) -> 125 | I28: =SUM(I19,I22,I25) -> 97 | J28: =SUM(J19,J22,J25) -> 109 | K28: =SUM(K19,K22,K25) -> 107 | L28: =SUM(L19,L22,L25) -> 100 | ... AJ28: =SUM(AJ19,AJ22,AJ25) -> 122 | AK28: =SUM(E28:AJ28) -> 3397
D29: PR | E29: =SUM(E20,E23,E26) -> 98 | F29: =SUM(F20,F23,F26) -> 112 | G29: =SUM(G20,G23,G26) -> 107 | H29: =SUM(H20,H23,H26) -> 122 | I29: =SUM(I20,I23,I26) -> 109 | J29: =SUM(J20,J23,J26) -> 119 | K29: =SUM(K20,K23,K26) -> 107 | L29: =SUM(L20,L23,L26) -> 101 | ... AJ29: =SUM(AJ20,AJ23,AJ26) -> 111 | AK29: =SUM(E29:AJ29) -> 3476
D30: JML | E30: =SUM(E28:E29) -> 196 | F30: =SUM(F28:F29) -> 215 | G30: =SUM(G28:G29) -> 208 | H30: =SUM(H28:H29) -> 247 | I30: =SUM(I28:I29) -> 206 | J30: =SUM(J28:J29) -> 228 | K30: =SUM(K28:K29) -> 214 | L30: =SUM(L28:L29) -> 201 | ... AJ30: =SUM(AJ28:AJ29) -> 233 | AK30: =SUM(E30:AJ30) -> 6873
A32: II | B32: DATA PENGGUNAAN SURAT SUARA
A33: 1 | B33: Jumlah surat suara yang diterima, termasuk surat suara cadangan 2,5% dari DPT | E33: 269 | F33: 269 | G33: 262 | H33: 298 | I33: 284 | J33: 278 | K33: 278 | L33: 290 | M33: 286 | N33: 277 | O33: 285 | P33: 277 | Q33: 277 | R33: 286 | S33: 273 | T33: 277 | U33: 289 | V33: 274 | W33: 277 | X33: 273 | Y33: 274 | Z33: 271 | AA33: 280 | AB33: 262 | AC33: 230 | AD33: 270 | AE33: 276 | AF33: 276 | AG33: 277 | AH33: 292 | AI33: 272 | AJ33: 298 | AK33: =SUM(E33:AJ33) -> 8857
A34: 2 | B34: Jumlah surat suara yang digunakan | E34: 196 | F34: 215 | G34: 208 | H34: 247 | I34: 206 | J34: 228 | K34: 214 | L34: 201 | M34: 236 | N34: 203 | O34: 227 | P34: 239 | Q34: 212 | R34: 224 | S34: 199 | T34: 221 | U34: 238 | V34: 209 | W34: 207 | X34: 201 | Y34: 186 | Z34: 213 | AA34: 217 | AB34: 209 | AC34: 179 | AD34: 204 | AE34: 209 | AF34: 226 | AG34: 217 | AH34: 242 | AI34: 207 | AJ34: 233 | AK34: =SUM(E34:AJ34) -> 6873
A35: 3 | B35: Jumlah surat suara dikembalikan oleh pemilih (karena rusak atau keliru coblos) | E35: 1 | F35: 0 | G35: 1 | H35: 0 | I35: 0 | J35: 0 | K35: 0 | L35: 0 | M35: 1 | N35: 0 | O35: 0 | P35: 0 | Q35: 0 | R35: 0 | S35: 0 | T35: 0 | U35: 0 | V35: 0 | W35: 0 | X35: 0 | Y35: 2 | Z35: 0 | AA35: 0 | AB35: 0 | AC35: 3 | AD35: 0 | AE35: 0 | AF35: 0 | AG35: 0 | AH35: 0 | AI35: 2 | AJ35: 0 | AK35: =SUM(E35:AJ35) -> 10
A36: 4 | B36: Jumlah surat suara yang tidak digunakan/tidak terpakai, termasuk sisa surat suara cadangan | E36: =E33-(E34+E35) -> 72 | F36: =F33-(F34+F35) -> 54 | G36: =G33-(G34+G35) -> 53 | H36: =H33-(H34+H35) -> 51 | I36: =I33-(I34+I35) -> 78 | J36: =J33-(J34+J35) -> 50 | K36: =K33-(K34+K35) -> 64 | L36: =L33-(L34+L35) -> 89 | ... AJ36: =AJ33-(AJ34+AJ35) -> 65 | AK36: =SUM(E36:AJ36) -> 1974
A38: III | B38: DATA PEMILIH DISABILITAS
B39: Jumlah seluruh Pemilih disabilitas yang menggunakan hak pilih | D39: LK | E39: 1 | F39: 0 | G39: 0 | H39: 0 | I39: 1 | J39: 2 | K39: 0 | L39: 1 | M39: 0 | N39: 2 | O39: 0 | P39: 0 | Q39: 0 | R39: 0 | S39: 1 | T39: 0 | U39: 0 | V39: 0 | W39: 0 | X39: 0 | Y39: 0 | Z39: 0 | AA39: 0 | AB39: 0 | AC39: 0 | AD39: 0 | AE39: 0 | AF39: 0 | AG39: 0 | AH39: 0 | AI39: 0 | AJ39: 0 | AK39: =SUM(E39:AJ39) -> 8
D40: PR | E40: 1 | F40: 0 | G40: 0 | H40: 2 | I40: 1 | J40: 0 | K40: 0 | L40: 2 | M40: 0 | N40: 0 | O40: 0 | P40: 0 | Q40: 0 | R40: 0 | S40: 0 | T40: 0 | U40: 0 | V40: 1 | W40: 0 | X40: 0 | Y40: 0 | Z40: 0 | AA40: 0 | AB40: 0 | AC40: 0 | AD40: 0 | AE40: 0 | AF40: 0 | AG40: 0 | AH40: 0 | AI40: 0 | AJ40: 0 | AK40: =SUM(E40:AJ40) -> 7
D41: JML | E41: =SUM(E39:E40) -> 2 | F41: =SUM(F39:F40) -> 0 | G41: =SUM(G39:G40) -> 0 | H41: =SUM(H39:H40) -> 2 | I41: =SUM(I39:I40) -> 2 | J41: =SUM(J39:J40) -> 2 | K41: =SUM(K39:K40) -> 0 | L41: =SUM(L39:L40) -> 3 | ... AJ41: =SUM(AJ39:AJ40) -> 0 | AK41: =SUM(E41:AJ41) -> 15
A43: IV | B43: DATA RINCIAN PEROLEHAN SUARA PASANGAN CALON BUPATI DAN WAKIL BUPATI
A44: NOMOR DAN NAMA CALON
A45: A.1 | B45: 1. | C45: Partai Kebangkitan Bangsa | E45: 10 | F45: 9 | G45: 4 | H45: 3 | I45: 6 | J45: 7 | K45: 3 | L45: 4 | M45: 1 | N45: 3 | O45: 3 | P45: 4 | Q45: 5 | R45: 7 | S45: 5 | T45: 11 | U45: 10 | V45: 12 | W45: 4 | X45: 2 | Y45: 3 | Z45: 9 | AA45: 9 | AB45: 9 | AC45: 9 | AD45: 14 | AE45: 20 | AF45: 11 | AG45: 14 | AH45: 10 | AI45: 14 | AJ45: 8 | AK45: =SUM(E45:AJ45) -> 243
A46: A.2 | B46: 1 | C46: 1. Dr. Hj. NIHAYATUL WAFIROH, M.A. | E46: 22 | F46: 21 | G46: 40 | H46: 8 | I46: 20 | J46: 25 | K46: 18 | L46: 5 | M46: 13 | N46: 7 | O46: 18 | P46: 27 | Q46: 19 | R46: 22 | S46: 9 | T46: 57 | U46: 49 | V46: 55 | W46: 25 | X46: 4 | Y46: 7 | Z46: 20 | AA46: 13 | AB46: 7 | AC46: 21 | AD46: 44 | AE46: 92 | AF46: 27 | AG46: 61 | AH46: 74 | AI46: 67 | AJ46: 51 | AK46: =SUM(E46:AJ46) -> 948
B47: 2 | C47: 2. H. M. NASIM KHAN | E47: 8 | F47: 6 | G47: 6 | H47: 5 | I47: 5 | J47: 7 | K47: 4 | L47: 2 | M47: 2 | N47: 0 | O47: 2 | P47: 7 | Q47: 1 | R47: 2 | S47: 0 | T47: 1 | U47: 10 | V47: 1 | W47: 6 | X47: 3 | Y47: 19 | Z47: 11 | AA47: 35 | AB47: 10 | AC47: 13 | AD47: 8 | AE47: 7 | AF47: 3 | AG47: 7 | AH47: 4 | AI47: 6 | AJ47: 7 | AK47: =SUM(E47:AJ47) -> 208
B48: 3 | C48: 3. Dr. H. AKIK ZAMAN, M.Pd.I. | E48: 0 | F48: 2 | G48: 2 | H48: 0 | I48: 0 | J48: 3 | K48: 0 | L48: 1 | M48: 0 | N48: 0 | O48: 2 | P48: 1 | Q48: 0 | R48: 1 | S48: 1 | T48: 1 | U48: 2 | V48: 1 | W48: 1 | X48: 0 | Y48: 1 | Z48: 0 | AA48: 0 | AB48: 2 | AC48: 4 | AD48: 3 | AE48: 2 | AF48: 0 | AG48: 3 | AH48: 6 | AI48: 4 | AJ48: 1 | AK48: =SUM(E48:AJ48) -> 44
B49: 4 | C49: 4. AHMAD RIFA'I, S.H. | E49: 2 | F49: 2 | G49: 0 | H49: 0 | I49: 1 | J49: 1 | K49: 1 | L49: 0 | M49: 0 | N49: 0 | O49: 2 | P49: 3 | Q49: 1 | R49: 1 | S49: 0 | T49: 3 | U49: 2 | V49: 2 | W49: 1 | X49: 2 | Y49: 1 | Z49: 0 | AA49: 1 | AB49: 0 | AC49: 2 | AD49: 3 | AE49: 1 | AF49: 1 | AG49: 0 | AH49: 0 | AI49: 1 | AJ49: 0 | AK49: =SUM(E49:AJ49) -> 34
B50: 5 | C50: 5. Drs. H. MAHFUD M.N. | E50: 0 | F50: 1 | G50: 0 | H50: 0 | I50: 1 | J50: 0 | K50: 1 | L50: 0 | M50: 0 | N50: 0 | O50: 1 | P50: 0 | Q50: 1 | R50: 1 | S50: 0 | T50: 0 | U50: 1 | V50: 0 | W50: 0 | X50: 0 | Y50: 1 | Z50: 1 | AA50: 0 | AB50: 0 | AC50: 0 | AD50: 0 | AE50: 0 | AF50: 0 | AG50: 0 | AH50: 3 | AI50: 0 | AJ50: 2 | AK50: =SUM(E50:AJ50) -> 14
B51: 6 | C51: 6. NURHAYATI, S.Pd. | E51: 1 | F51: 0 | G51: 0 | H51: 0 | I51: 1 | J51: 1 | K51: 1 | L51: 1 | M51: 0 | N51: 1 | O51: 0 | P51: 0 | Q51: 0 | R51: 1 | S51: 1 | T51: 1 | U51: 0 | V51: 1 | W51: 1 | X51: 1 | Y51: 0 | Z51: 1 | AA51: 0 | AB51: 1 | AC51: 0 | AD51: 1 | AE51: 0 | AF51: 2 | AG51: 1 | AH51: 0 | AI51: 0 | AJ51: 0 | AK51: =SUM(E51:AJ51) -> 18
B52: 7 | C52: 7. MAFTUHA KISWAH | E52: 4 | F52: 0 | G52: 3 | H52: 0 | I52: 0 | J52: 1 | K52: 1 | L52: 0 | M52: 0 | N52: 0 | O52: 0 | P52: 0 | Q52: 0 | R52: 2 | S52: 1 | T52: 1 | U52: 2 | V52: 0 | W52: 0 | X52: 0 | Y52: 2 | Z52: 0 | AA52: 1 | AB52: 0 | AC52: 0 | AD52: 0 | AE52: 1 | AF52: 0 | AG52: 0 | AH52: 0 | AI52: 0 | AJ52: 0 | AK52: =SUM(E52:AJ52) -> 19
AK53: =SUM(E53:AJ53) -> 0
AK54: =SUM(E54:AJ54) -> 0
A55: B | B55: JUMLAH SUARA SAH PARTAI POLITIK DAN CALON (A1 + A2) | E55: =SUM(E45:E52) -> 47 | F55: =SUM(F45:F52) -> 41 | G55: =SUM(G45:G52) -> 55 | H55: =SUM(H45:H52) -> 16 | I55: =SUM(I45:I52) -> 34 | J55: =SUM(J45:J52) -> 45 | K55: =SUM(K45:K52) -> 29 | L55: =SUM(L45:L52) -> 13 | ... AJ55: =SUM(AJ45:AJ52) -> 69 | AK55: =SUM(E55:AJ55) -> 1528
A57: A.1 | B57: 2. | C57: Partai Gerakan Indonesia Raya | E57: 4 | F57: 8 | G57: 6 | H57: 11 | I57: 11 | J57: 8 | K57: 12 | L57: 13 | M57: 5 | N57: 11 | O57: 8 | P57: 10 | Q57: 9 | R57: 9 | S57: 14 | T57: 10 | U57: 11 | V57: 14 | W57: 17 | X57: 7 | Y57: 12 | Z57: 7 | AA57: 2 | AB57: 8 | AC57: 5 | AD57: 9 | AE57: 13 | AF57: 15 | AG57: 15 | AH57: 10 | AI57: 10 | AJ57: 4 | AK57: =SUM(E57:AJ57) -> 308
A58: A.2 | B58: 1 | C58: 1. SUMAIL ABDULLAH | E58: 4 | F58: 7 | G58: 6 | H58: 15 | I58: 7 | J58: 11 | K58: 33 | L58: 5 | M58: 7 | N58: 8 | O58: 9 | P58: 19 | Q58: 10 | R58: 15 | S58: 5 | T58: 3 | U58: 2 | V58: 2 | W58: 11 | X58: 6 | Y58: 13 | Z58: 10 | AA58: 15 | AB58: 23 | AC58: 6 | AD58: 7 | AE58: 6 | AF58: 12 | AG58: 4 | AH58: 1 | AI58: 6 | AJ58: 6 | AK58: =SUM(E58:AJ58) -> 294
B59: 2 | C59: 2. MUHAMMAD ALI ADRIAN SALEH | E59: 1 | F59: 2 | G59: 1 | H59: 5 | I59: 5 | J59: 3 | K59: 9 | L59: 2 | M59: 3 | N59: 3 | O59: 10 | P59: 5 | Q59: 6 | R59: 8 | S59: 3 | T59: 5 | U59: 3 | V59: 6 | W59: 9 | X59: 5 | Y59: 4 | Z59: 12 | AA59: 3 | AB59: 6 | AC59: 5 | AD59: 1 | AE59: 3 | AF59: 4 | AG59: 4 | AH59: 5 | AI59: 2 | AJ59: 1 | AK59: =SUM(E59:AJ59) -> 144
B60: 3 | C60: 3. DURROTUN NAFISAH | E60: 1 | F60: 2 | G60: 3 | H60: 0 | I60: 0 | J60: 1 | K60: 1 | L60: 1 | M60: 2 | N60: 0 | O60: 6 | P60: 1 | Q60: 4 | R60: 4 | S60: 0 | T60: 1 | U60: 1 | V60: 4 | W60: 2 | X60: 2 | Y60: 2 | Z60: 2 | AA60: 1 | AB60: 2 | AC60: 1 | AD60: 0 | AE60: 0 | AF60: 1 | AG60: 1 | AH60: 1 | AI60: 0 | AJ60: 2 | AK60: =SUM(E60:AJ60) -> 49
B61: 4 | C61: 4. H. EKO SUSILO NURHIDAYAT | E61: 3 | F61: 2 | G61: 2 | H61: 4 | I61: 1 | J61: 2 | K61: 4 | L61: 2 | M61: 2 | N61: 1 | O61: 8 | P61: 4 | Q61: 2 | R61: 12 | S61: 1 | T61: 1 | U61: 3 | V61: 1 | W61: 7 | X61: 2 | Y61: 2 | Z61: 1 | AA61: 0 | AB61: 2 | AC61: 1 | AD61: 3 | AE61: 0 | AF61: 2 | AG61: 1 | AH61: 2 | AI61: 2 | AJ61: 1 | AK61: =SUM(E61:AJ61) -> 81
B62: 5 | C62: 5. KARNADI HARIJANTO, S.S. | E62: 1 | F62: 0 | G62: 0 | H62: 2 | I62: 0 | J62: 2 | K62: 0 | L62: 0 | M62: 1 | N62: 0 | O62: 3 | P62: 0 | Q62: 0 | R62: 0 | S62: 0 | T62: 1 | U62: 0 | V62: 1 | W62: 0 | X62: 1 | Y62: 1 | Z62: 0 | AA62: 3 | AB62: 1 | AC62: 0 | AD62: 0 | AE62: 0 | AF62: 0 | AG62: 0 | AH62: 1 | AI62: 1 | AJ62: 1 | AK62: =SUM(E62:AJ62) -> 20
B63: 6 | C63: 6. NURHAYATI | E63: 1 | F63: 1 | G63: 1 | H63: 0 | I63: 0 | J63: 0 | K63: 3 | L63: 3 | M63: 2 | N63: 1 | O63: 1 | P63: 0 | Q63: 0 | R63: 3 | S63: 1 | T63: 1 | U63: 1 | V63: 2 | W63: 2 | X63: 2 | Y63: 2 | Z63: 1 | AA63: 3 | AB63: 1 | AC63: 0 | AD63: 0 | AE63: 0 | AF63: 0 | AG63: 2 | AH63: 0 | AI63: 2 | AJ63: 2 | AK63: =SUM(E63:AJ63) -> 38
B64: 7 | C64: 7. MASHUDI | E64: 1 | F64: 0 | G64: 0 | H64: 1 | I64: 0 | J64: 0 | K64: 1 | L64: 0 | M64: 5 | N64: 0 | O64: 2 | P64: 5 | Q64: 2 | R64: 0 | S64: 0 | T64: 2 | U64: 1 | V64: 1 | W64: 0 | X64: 0 | Y64: 0 | Z64: 0 | AA64: 0 | AB64: 0 | AC64: 0 | AD64: 0 | AE64: 0 | AF64: 0 | AG64: 0 | AH64: 0 | AI64: 0 | AJ64: 0 | AK64: =SUM(E64:AJ64) -> 21
AK65: =SUM(E65:AJ65) -> 0
AK66: =SUM(E66:AJ66) -> 0
A67: B | B67: JUMLAH SUARA SAH PARTAI POLITIK DAN CALON (A1 + A2) | E67: =SUM(E57:E64) -> 16 | F67: =SUM(F57:F64) -> 22 | G67: =SUM(G57:G64) -> 19 | H67: =SUM(H57:H64) -> 38 | I67: =SUM(I57:I64) -> 24 | J67: =SUM(J57:J64) -> 27 | K67: =SUM(K57:K64) -> 63 | L67: =SUM(L57:L64) -> 26 | ... AJ67: =SUM(AJ57:AJ64) -> 17 | AK67: =SUM(E67:AJ67) -> 955
A69: A.1 | B69: 3. | C69: Partai Demokrasi Indonesia Perjuangan | E69: 5 | F69: 4 | G69: 12 | H69: 7 | I69: 7 | J69: 10 | K69: 10 | L69: 11 | M69: 9 | N69: 21 | O69: 1 | P69: 2 | Q69: 7 | R69: 9 | S69: 9 | T69: 2 | U69: 0 | V69: 4 | W69: 9 | X69: 9 | Y69: 10 | Z69: 7 | AA69: 11 | AB69: 5 | AC69: 9 | AD69: 4 | AE69: 2 | AF69: 10 | AG69: 16 | AH69: 6 | AI69: 7 | AJ69: 6 | AK69: =SUM(E69:AJ69) -> 241
A70: A.2 | B70: 1 | C70: 1. SONNY TRI DANAPARAMITA, S.H., M.H. | E70: 13 | F70: 7 | G70: 9 | H70: 19 | I70: 11 | J70: 4 | K70: 6 | L70: 38 | M70: 70 | N70: 54 | O70: 8 | P70: 12 | Q70: 7 | R70: 20 | S70: 6 | T70: 5 | U70: 2 | V70: 3 | W70: 6 | X70: 38 | Y70: 37 | Z70: 18 | AA70: 34 | AB70: 17 | AC70: 11 | AD70: 9 | AE70: 12 | AF70: 12 | AG70: 17 | AH70: 9 | AI70: 3 | AJ70: 10 | AK70: =SUM(E70:AJ70) -> 527
B71: 2 | C71: 2. H. MOHAMAD GUNTUR ROMLI | E71: 13 | F71: 11 | G71: 14 | H71: 9 | I71: 2 | J71: 7 | K71: 13 | L71: 4 | M71: 4 | N71: 2 | O71: 5 | P71: 2 | Q71: 0 | R71: 11 | S71: 1 | T71: 3 | U71: 3 | V71: 6 | W71: 3 | X71: 4 | Y71: 2 | Z71: 11 | AA71: 9 | AB71: 7 | AC71: 6 | AD71: 2 | AE71: 3 | AF71: 36 | AG71: 16 | AH71: 5 | AI71: 1 | AJ71: 7 | AK71: =SUM(E71:AJ71) -> 222
B72: 3 | C72: 3. INA AMMANIA | E72: 2 | F72: 0 | G72: 2 | H72: 3 | I72: 2 | J72: 0 | K72: 2 | L72: 1 | M72: 4 | N72: 4 | O72: 3 | P72: 1 | Q72: 1 | R72: 7 | S72: 1 | T72: 3 | U72: 4 | V72: 5 | W72: 3 | X72: 4 | Y72: 1 | Z72: 2 | AA72: 5 | AB72: 5 | AC72: 3 | AD72: 0 | AE72: 0 | AF72: 4 | AG72: 2 | AH72: 2 | AI72: 0 | AJ72: 1 | AK72: =SUM(E72:AJ72) -> 77
B73: 4 | C73: 4. IRWAN BACHTIAR RACHMAT, M.Si. | E73: 0 | F73: 0 | G73: 0 | H73: 2 | I73: 1 | J73: 1 | K73: 1 | L73: 2 | M73: 0 | N73: 1 | O73: 0 | P73: 0 | Q73: 1 | R73: 1 | S73: 0 | T73: 0 | U73: 0 | V73: 0 | W73: 0 | X73: 0 | Y73: 1 | Z73: 0 | AA73: 0 | AB73: 1 | AC73: 0 | AD73: 1 | AE73: 0 | AF73: 1 | AG73: 0 | AH73: 0 | AI73: 0 | AJ73: 1 | AK73: =SUM(E73:AJ73) -> 15
B74: 5 | C74: 5. LUCKY PERDANA | E74: 1 | F74: 1 | G74: 2 | H74: 0 | I74: 1 | J74: 0 | K74: 2 | L74: 4 | M74: 5 | N74: 2 | O74: 0 | P74: 0 | Q74: 2 | R74: 1 | S74: 2 | T74: 5 | U74: 1 | V74: 0 | W74: 5 | X74: 3 | Y74: 1 | Z74: 5 | AA74: 1 | AB74: 7 | AC74: 2 | AD74: 0 | AE74: 1 | AF74: 0 | AG74: 3 | AH74: 2 | AI74: 0 | AJ74: 1 | AK74: =SUM(E74:AJ74) -> 60
B75: 6 | C75: 6. WIWIK PUJIYATI | E75: 1 | F75: 0 | G75: 0 | H75: 4 | I75: 1 | J75: 1 | K75: 0 | L75: 0 | M75: 1 | N75: 1 | O75: 0 | P75: 0 | Q75: 0 | R75: 3 | S75: 0 | T75: 0 | U75: 0 | V75: 0 | W75: 0 | X75: 0 | Y75: 0 | Z75: 2 | AA75: 0 | AB75: 2 | AC75: 0 | AD75: 1 | AE75: 0 | AF75: 6 | AG75: 4 | AH75: 0 | AI75: 0 | AJ75: 1 | AK75: =SUM(E75:AJ75) -> 28
B76: 7 | C76: 7. CHANDRA ASTAN, S.T. | E76: 4 | F76: 2 | G76: 1 | H76: 10 | I76: 3 | J76: 1 | K76: 1 | L76: 7 | M76: 6 | N76: 4 | O76: 0 | P76: 6 | Q76: 4 | R76: 1 | S76: 3 | T76: 1 | U76: 3 | V76: 0 | W76: 2 | X76: 0 | Y76: 5 | Z76: 0 | AA76: 1 | AB76: 1 | AC76: 0 | AD76: 0 | AE76: 1 | AF76: 0 | AG76: 2 | AH76: 0 | AI76: 0 | AJ76: 0 | AK76: =SUM(E76:AJ76) -> 69
AK77: =SUM(E77:AJ77) -> 0
AK78: =SUM(E78:AJ78) -> 0
A79: B | B79: JUMLAH SUARA SAH PARTAI POLITIK DAN CALON (A1 + A2) | E79: =SUM(E69:E76) -> 39 | F79: =SUM(F69:F76) -> 25 | G79: =SUM(G69:G76) -> 40 | H79: =SUM(H69:H76) -> 54 | I79: =SUM(I69:I76) -> 28 | J79: =SUM(J69:J76) -> 24 | K79: =SUM(K69:K76) -> 35 | L79: =SUM(L69:L76) -> 67 | ... AJ79: =SUM(AJ69:AJ76) -> 27 | AK79: =SUM(E79:AJ79) -> 1239
A81: A.1 | B81: 4. | C81: Partai Golongan Karya | E81: 2 | F81: 3 | G81: 7 | H81: 2 | I81: 3 | J81: 0 | K81: 2 | L81: 1 | M81: 2 | N81: 2 | O81: 4 | P81: 2 | Q81: 2 | R81: 3 | S81: 0 | T81: 3 | U81: 10 | V81: 0 | W81: 3 | X81: 2 | Y81: 2 | Z81: 2 | AA81: 1 | AB81: 2 | AC81: 1 | AD81: 9 | AE81: 0 | AF81: 4 | AG81: 1 | AH81: 2 | AI81: 1 | AJ81: 0 | AK81: =SUM(E81:AJ81) -> 78
A82: A.2 | B82: 1 | C82: 1. ZULFIKAR ARSE SADIKIN, S.I.P., M.Si. | E82: 27 | F82: 33 | G82: 12 | H82: 51 | I82: 15 | J82: 7 | K82: 2 | L82: 7 | M82: 10 | N82: 4 | O82: 16 | P82: 16 | Q82: 3 | R82: 6 | S82: 7 | T82: 29 | U82: 50 | V82: 10 | W82: 7 | X82: 3 | Y82: 6 | Z82: 3 | AA82: 4 | AB82: 9 | AC82: 12 | AD82: 4 | AE82: 7 | AF82: 9 | AG82: 1 | AH82: 3 | AI82: 2 | AJ82: 13 | AK82: =SUM(E82:AJ82) -> 388
B83: 2 | C83: 2. HANDOKO | E83: 1 | F83: 3 | G83: 1 | H83: 6 | I83: 3 | J83: 3 | K83: 2 | L83: 7 | M83: 0 | N83: 0 | O83: 0 | P83: 3 | Q83: 0 | R83: 3 | S83: 0 | T83: 4 | U83: 8 | V83: 2 | W83: 0 | X83: 3 | Y83: 0 | Z83: 1 | AA83: 5 | AB83: 1 | AC83: 2 | AD83: 1 | AE83: 2 | AF83: 1 | AG83: 4 | AH83: 2 | AI83: 1 | AJ83: 0 | AK83: =SUM(E83:AJ83) -> 69
B84: 3 | C84: 3. Hj. OVI DEWI YANTI | E84: 0 | F84: 0 | G84: 0 | H84: 1 | I84: 0 | J84: 1 | K84: 1 | L84: 0 | M84: 0 | N84: 0 | O84: 0 | P84: 1 | Q84: 0 | R84: 1 | S84: 0 | T84: 0 | U84: 1 | V84: 0 | W84: 0 | X84: 0 | Y84: 1 | Z84: 0 | AA84: 0 | AB84: 0 | AC84: 1 | AD84: 1 | AE84: 0 | AF84: 0 | AG84: 0 | AH84: 1 | AI84: 0 | AJ84: 0 | AK84: =SUM(E84:AJ84) -> 10
B85: 4 | C85: 4. Ir. AZAM AZMAN NATAWIJANA | E85: 0 | F85: 1 | G85: 1 | H85: 12 | I85: 1 | J85: 0 | K85: 0 | L85: 0 | M85: 1 | N85: 1 | O85: 1 | P85: 1 | Q85: 0 | R85: 0 | S85: 0 | T85: 0 | U85: 0 | V85: 0 | W85: 0 | X85: 0 | Y85: 1 | Z85: 1 | AA85: 1 | AB85: 0 | AC85: 36 | AD85: 48 | AE85: 0 | AF85: 0 | AG85: 1 | AH85: 0 | AI85: 2 | AJ85: 0 | AK85: =SUM(E85:AJ85) -> 109
B86: 5 | C86: 5. UBAIDILLAH AMIN, S.Kom. | E86: 2 | F86: 0 | G86: 3 | H86: 1 | I86: 0 | J86: 1 | K86: 0 | L86: 0 | M86: 0 | N86: 1 | O86: 0 | P86: 1 | Q86: 3 | R86: 1 | S86: 0 | T86: 1 | U86: 0 | V86: 0 | W86: 0 | X86: 0 | Y86: 0 | Z86: 0 | AA86: 0 | AB86: 0 | AC86: 0 | AD86: 1 | AE86: 0 | AF86: 0 | AG86: 0 | AH86: 1 | AI86: 1 | AJ86: 3 | AK86: =SUM(E86:AJ86) -> 20
B87: 6 | C87: 6. DENNY YUNIANDARI, S.H., M.Kn. | E87: 0 | F87: 0 | G87: 1 | H87: 0 | I87: 0 | J87: 0 | K87: 0 | L87: 0 | M87: 0 | N87: 0 | O87: 0 | P87: 0 | Q87: 0 | R87: 0 | S87: 0 | T87: 0 | U87: 0 | V87: 0 | W87: 0 | X87: 0 | Y87: 1 | Z87: 0 | AA87: 0 | AB87: 0 | AC87: 0 | AD87: 0 | AE87: 0 | AF87: 0 | AG87: 0 | AH87: 0 | AI87: 0 | AJ87: 0 | AK87: =SUM(E87:AJ87) -> 2
B88: 7 | C88: 7. ERNADI, S.H.I. | E88: 0 | F88: 0 | G88: 1 | H88: 0 | I88: 0 | J88: 0 | K88: 0 | L88: 0 | M88: 0 | N88: 0 | O88: 0 | P88: 0 | Q88: 0 | R88: 0 | S88: 0 | T88: 0 | U88: 0 | V88: 0 | W88: 0 | X88: 0 | Y88: 0 | Z88: 1 | AA88: 0 | AB88: 0 | AC88: 0 | AD88: 0 | AE88: 0 | AF88: 0 | AG88: 0 | AH88: 0 | AI88: 0 | AJ88: 0 | AK88: =SUM(E88:AJ88) -> 2
AK89: =SUM(E89:AJ89) -> 0
AK90: =SUM(E90:AJ90) -> 0
A91: B | B91: JUMLAH SUARA SAH PARTAI POLITIK DAN CALON (A1 + A2) | E91: =SUM(E81:E88) -> 32 | F91: =SUM(F81:F88) -> 40 | G91: =SUM(G81:G88) -> 26 | H91: =SUM(H81:H88) -> 73 | I91: =SUM(I81:I88) -> 22 | J91: =SUM(J81:J88) -> 12 | K91: =SUM(K81:K88) -> 7 | L91: =SUM(L81:L88) -> 15 | ... AJ91: =SUM(AJ81:AJ88) -> 16 | AK91: =SUM(E91:AJ91) -> 678
A93: A.1 | B93: 5. | C93: Partai NasDem | E93: 4 | F93: 6 | G93: 3 | H93: 4 | I93: 7 | J93: 6 | K93: 1 | L93: 5 | M93: 2 | N93: 1 | O93: 2 | P93: 1 | Q93: 1 | R93: 4 | S93: 2 | T93: 5 | U93: 1 | V93: 8 | W93: 3 | X93: 7 | Y93: 1 | Z93: 3 | AA93: 3 | AB93: 5 | AC93: 1 | AD93: 0 | AE93: 2 | AF93: 1 | AG93: 1 | AH93: 3 | AI93: 7 | AJ93: 4 | AK93: =SUM(E93:AJ93) -> 104
A94: A.2 | B94: 1 | C94: 1. ACH. FADIL MUZAKKI SYAH | E94: 2 | F94: 3 | G94: 2 | H94: 3 | I94: 4 | J94: 5 | K94: 1 | L94: 1 | M94: 2 | N94: 0 | O94: 2 | P94: 0 | Q94: 0 | R94: 3 | S94: 4 | T94: 0 | U94: 4 | V94: 1 | W94: 2 | X94: 5 | Y94: 3 | Z94: 0 | AA94: 2 | AB94: 2 | AC94: 5 | AD94: 0 | AE94: 0 | AF94: 3 | AG94: 2 | AH94: 1 | AI94: 3 | AJ94: 2 | AK94: =SUM(E94:AJ94) -> 67
