Workbook

Sheet DPR RI
C8: Kecamatan | D8: GLAGAH
C9: Kabupaten | D9: BANYUWANGI
C10: Provinsi | D10: JAWA TIMUR
A12: I | B12: DATA PEMILIH DAN PENGGUNAAN HAK PILIH | E12: JUMLAH AKHIR
A13: A | B13: DATA PEMILIH
B14: Jumlah Pemilih dalam Daftar Pemilih Tetap (DPT) | D14: LK | E14: =BAKUNGAN!U14+BANJARSARI!X14+REJOSARI!N14+KEMIREN!M14+OLEHSARI!N14+GLAGAH!M14+PASPAN!P14+TAMANSURUH!S14+KENJO!K14+KAMPUNGANYAR!T14 -> 13866
D15: PR | E15: =BAKUNGAN!U15+BANJARSARI!X15+REJOSARI!N15+KEMIREN!M15+OLEHSARI!N15+GLAGAH!M15+PASPAN!P15+TAMANSURUH!S15+KENJO!K15+KAMPUNGANYAR!T15 -> 14693
D16: JML | E16: =SUM(E14:E15) -> 28559
A18: B | B18: PENGGUNA HAK PILIH
B19: 1. | C19: Jumlah pengguna hak pilih dalam Daftar Pemilih Tetap (DPT) | D19: LK | E19: =BAKUNGAN!U19+BANJARSARI!X19+REJOSARI!N19+KEMIREN!M19+OLEHSARI!N19+GLAGAH!M19+PASPAN!P19+TAMANSURUH!S19+KENJO!K19+KAMPUNGANYAR!T19 -> 11310
D20: PR | E20: =BAKUNGAN!U20+BANJARSARI!X20+REJOSARI!N20+KEMIREN!M20+OLEHSARI!N20+GLAGAH!M20+PASPAN!P20+TAMANSURUH!S20+KENJO!K20+KAMPUNGANYAR!T20 -> 12650
D21: JML | E21: =SUM(E19:E20) -> 23960
B22: 2. | C22: Jumlah pengguna hak pilih dalam Daftar Pemilih Tambahan (DPTb) | D22: LK | E22: =BAKUNGAN!U22+BANJARSARI!X22+REJOSARI!N22+KEMIREN!M22+OLEHSARI!N22+GLAGAH!M22+PASPAN!P22+TAMANSURUH!S22+KENJO!K22+KAMPUNGANYAR!T22 -> 38
D23: PR | E23: =BAKUNGAN!U23+BANJARSARI!X23+REJOSARI!N23+KEMIREN!M23+OLEHSARI!N23+GLAGAH!M23+PASPAN!P23+TAMANSURUH!S23+KENJO!K23+KAMPUNGANYAR!T23 -> 60
D24: JML | E24: =SUM(E22:E23) -> 98
B25: 3. | C25: Jumlah pengguna hak pilih dalam Daftar Pemilih Khusus (DPK) | D25: LK | E25: =BAKUNGAN!U25+BANJARSARI!X25+REJOSARI!N25+KEMIREN!M25+OLEHSARI!N25+GLAGAH!M25+PASPAN!P25+TAMANSURUH!S25+KENJO!K25+KAMPUNGANYAR!T25 -> 128
D26: PR | E26: =BAKUNGAN!U26+BANJARSARI!X26+REJOSARI!N26+KEMIREN!M26+OLEHSARI!N26+GLAGAH!M26+PASPAN!P26+TAMANSURUH!S26+KENJO!K26+KAMPUNGANYAR!T26 -> 168
D27: JML | E27: =SUM(E25:E26) -> 296
B28: 4. | C28: Jumlah Pengguna Hak Pilih (B.1+B.2+B.3) | D28: LK | E28: =E19+E22+E25 -> 11476
D29: PR | E29: =E20+E23+E26 -> 12878
D30: JML | E30: =SUM(E28:E29) -> 24354
A32: II | B32: DATA PENGGUNAAN SURAT SUARA
A33: 1 | B33: Jumlah surat suara yang diterima, termasuk surat suara cadangan 2,5% dari DPT | E33: =BAKUNGAN!U33+BANJARSARI!X33+REJOSARI!N33+KEMIREN!M33+OLEHSARI!N33+GLAGAH!M33+PASPAN!P33+TAMANSURUH!S33+KENJO!K33+KAMPUNGANYAR!T33 -> 29156
A34: 2 | B34: Jumlah surat suara yang digunakan | E34: =BAKUNGAN!U34+BANJARSARI!X34+REJOSARI!N34+KEMIREN!M34+OLEHSARI!N34+GLAGAH!M34+PASPAN!P34+TAMANSURUH!S34+KENJO!K34+KAMPUNGANYAR!T34 -> 24354
A35: 3 | B35: Jumlah surat suara dikembalikan oleh pemilih (karena rusak atau keliru coblos) | E35: =BAKUNGAN!U35+BANJARSARI!X35+REJOSARI!N35+KEMIREN!M35+OLEHSARI!N35+GLAGAH!M35+PASPAN!P35+TAMANSURUH!S35+KENJO!K35+KAMPUNGANYAR!T35 -> 33
A36: 4 | B36: Jumlah surat suara yang tidak digunakan/tidak terpakai, termasuk sisa surat suara cadangan | E36: =E33-(E34+E35) -> 4769
A38: III | B38: DATA PEMILIH DISABILITAS
B39: Jumlah seluruh Pemilih disabilitas yang menggunakan hak pilih | D39: LK | E39: =BAKUNGAN!U39+BANJARSARI!X39+REJOSARI!N39+KEMIREN!M39+OLEHSARI!N39+GLAGAH!M39+PASPAN!P39+TAMANSURUH!S39+KENJO!K39+KAMPUNGANYAR!T39 -> 29
D40: PR | E40: =BAKUNGAN!U40+BANJARSARI!X40+REJOSARI!N40+KEMIREN!M40+OLEHSARI!N40+GLAGAH!M40+PASPAN!P40+TAMANSURUH!S40+KENJO!K40+KAMPUNGANYAR!T40 -> 24
D41: JML | E41: =SUM(E39:E40) -> 53
A43: IV | B43: DATA RINCIAN PEROLEHAN SUARA PASANGAN CALON BUPATI DAN WAKIL BUPATI
A44: NOMOR DAN NAMA CALON
A45: A.1 | B45: 1. | C45: Partai Kebangkitan Bangsa | E45: =BAKUNGAN!U45+BANJARSARI!X45+REJOSARI!N45+KEMIREN!M45+OLEHSARI!N45+GLAGAH!M45+PASPAN!P45+TAMANSURUH!S45+KENJO!K45+KAMPUNGANYAR!T45 -> 715
A46: A.2 | B46: 1 | C46: 1. Dr. Hj. NIHAYATUL WAFIROH, M.A. | E46: =BAKUNGAN!U46+BANJARSARI!X46+REJOSARI!N46+KEMIREN!M46+OLEHSARI!N46+GLAGAH!M46+PASPAN!P46+TAMANSURUH!S46+KENJO!K46+KAMPUNGANYAR!T46 -> 1435
B47: 2 | C47: 2. H. M. NASIM KHAN | E47: =BAKUNGAN!U47+BANJARSARI!X47+REJOSARI!N47+KEMIREN!M47+OLEHSARI!N47+GLAGAH!M47+PASPAN!P47+TAMANSURUH!S47+KENJO!K47+KAMPUNGANYAR!T47 -> 120
B48: 3 | C48: 3. Dr. H. AKIK ZAMAN, M.Pd.I. | E48: =BAKUNGAN!U48+BANJARSARI!X48+REJOSARI!N48+KEMIREN!M48+OLEHSARI!N48+GLAGAH!M48+PASPAN!P48+TAMANSURUH!S48+KENJO!K48+KAMPUNGANYAR!T48 -> 66
B49: 4 | C49: 4. AHMAD RIFA'I, S.H. | E49: =BAKUNGAN!U49+BANJARSARI!X49+REJOSARI!N49+KEMIREN!M49+OLEHSARI!N49+GLAGAH!M49+PASPAN!P49+TAMANSURUH!S49+KENJO!K49+KAMPUNGANYAR!T49 -> 50
B50: 5 | C50: 5. Drs. H. MAHFUD M.N. | E50: =BAKUNGAN!U50+BANJARSARI!X50+REJOSARI!N50+KEMIREN!M50+OLEHSARI!N50+GLAGAH!M50+PASPAN!P50+TAMANSURUH!S50+KENJO!K50+KAMPUNGANYAR!T50 -> 34
B51: 6 | C51: 6. NURHAYATI, S.Pd. | E51: =BAKUNGAN!U51+BANJARSARI!X51+REJOSARI!N51+KEMIREN!M51+OLEHSARI!N51+GLAGAH!M51+PASPAN!P51+TAMANSURUH!S51+KENJO!K51+KAMPUNGANYAR!T51 -> 43
B52: 7 | C52: 7. MAFTUHA KISWAH | E52: =BAKUNGAN!U52+BANJARSARI!X52+REJOSARI!N52+KEMIREN!M52+OLEHSARI!N52+GLAGAH!M52+PASPAN!P52+TAMANSURUH!S52+KENJO!K52+KAMPUNGANYAR!T52 -> 27
A55: B | B55: JUMLAH SUARA SAH PARTAI POLITIK DAN CALON (A1 + A2) | E55: =SUM(E45:E52) -> 2490
A57: A.1 | B57: 2. | C57: Partai Gerakan Indonesia Raya | E57: =BAKUNGAN!U57+BANJARSARI!X57+REJOSARI!N57+KEMIREN!M57+OLEHSARI!N57+GLAGAH!M57+PASPAN!P57+TAMANSURUH!S57+KENJO!K57+KAMPUNGANYAR!T57 -> 1057
A58: A.2 | B58: 1 | C58: 1. SUMAIL ABDULLAH | E58: =BAKUNGAN!U58+BANJARSARI!X58+REJOSARI!N58+KEMIREN!M58+OLEHSARI!N58+GLAGAH!M58+PASPAN!P58+TAMANSURUH!S58+KENJO!K58+KAMPUNGANYAR!T58 -> 1411
B59: 2 | C59: 2. MUHAMMAD ALI ADRIAN SALEH | E59: =BAKUNGAN!U59+BANJARSARI!X59+REJOSARI!N59+KEMIREN!M59+OLEHSARI!N59+GLAGAH!M59+PASPAN!P59+TAMANSURUH!S59+KENJO!K59+KAMPUNGANYAR!T59 -> 295
B60: 3 | C60: 3. DURROTUN NAFISAH | E60: =BAKUNGAN!U60+BANJARSARI!X60+REJOSARI!N60+KEMIREN!M60+OLEHSARI!N60+GLAGAH!M60+PASPAN!P60+TAMANSURUH!S60+KENJO!K60+KAMPUNGANYAR!T60 -> 97
B61: 4 | C61: 4. H. EKO SUSILO NURHIDAYAT | E61: =BAKUNGAN!U61+BANJARSARI!X61+REJOSARI!N61+KEMIREN!M61+OLEHSARI!N61+GLAGAH!M61+PASPAN!P61+TAMANSURUH!S61+KENJO!K61+KAMPUNGANYAR!T61 -> 115
B62: 5 | C62: 5. KARNADI HARIJANTO, S.S. | E62: =BAKUNGAN!U62+BANJARSARI!X62+REJOSARI!N62+KEMIREN!M62+OLEHSARI!N62+GLAGAH!M62+PASPAN!P62+TAMANSURUH!S62+KENJO!K62+KAMPUNGANYAR!T62 -> 34
B63: 6 | C63: 6. NURHAYATI | E63: =BAKUNGAN!U63+BANJARSARI!X63+REJOSARI!N63+KEMIREN!M63+OLEHSARI!N63+GLAGAH!M63+PASPAN!P63+TAMANSURUH!S63+KENJO!K63+KAMPUNGANYAR!T63 -> 51
B64: 7 | C64: 7. MASHUDI | E64: =BAKUNGAN!U64+BANJARSARI!X64+REJOSARI!N64+KEMIREN!M64+OLEHSARI!N64+GLAGAH!M64+PASPAN!P64+TAMANSURUH!S64+KENJO!K64+KAMPUNGANYAR!T64 -> 18
A67: B | B67: JUMLAH SUARA SAH PARTAI POLITIK DAN CALON (A1 + A2) | E67: =SUM(E57:E64) -> 3078
A69: A.1 | B69: 3. | C69: Partai Demokrasi Indonesia Perjuangan | E69: =BAKUNGAN!U69+BANJARSARI!X69+REJOSARI!N69+KEMIREN!M69+OLEHSARI!N69+GLAGAH!M69+PASPAN!P69+TAMANSURUH!S69+KENJO!K69+KAMPUNGANYAR!T69 -> 965
A70: A.2 | B70: 1 | C70: 1. SONNY TRI DANAPARAMITA, S.H., M.H. | E70: =BAKUNGAN!U70+BANJARSARI!X70+REJOSARI!N70+KEMIREN!M70+OLEHSARI!N70+GLAGAH!M70+PASPAN!P70+TAMANSURUH!S70+KENJO!K70+KAMPUNGANYAR!T70 -> 1601
B71: 2 | C71: 2. H. MOHAMAD GUNTUR ROMLI | E71: =BAKUNGAN!U71+BANJARSARI!X71+REJOSARI!N71+KEMIREN!M71+OLEHSARI!N71+GLAGAH!M71+PASPAN!P71+TAMANSURUH!S71+KENJO!K71+KAMPUNGANYAR!T71 -> 292
B72: 3 | C72: 3. INA AMMANIA | E72: =BAKUNGAN!U72+BANJARSARI!X72+REJOSARI!N72+KEMIREN!M72+OLEHSARI!N72+GLAGAH!M72+PASPAN!P72+TAMANSURUH!S72+KENJO!K72+KAMPUNGANYAR!T72 -> 1057
B73: 4 | C73: 4. IRWAN BACHTIAR RACHMAT, M.Si. | E73: =BAKUNGAN!U73+BANJARSARI!X73+REJOSARI!N73+KEMIREN!M73+OLEHSARI!N73+GLAGAH!M73+PASPAN!P73+TAMANSURUH!S73+KENJO!K73+KAMPUNGANYAR!T73 -> 51
B74: 5 | C74: 5. LUCKY PERDANA | E74: =BAKUNGAN!U74+BANJARSARI!X74+REJOSARI!N74+KEMIREN!M74+OLEHSARI!N74+GLAGAH!M74+PASPAN!P74+TAMANSURUH!S74+KENJO!K74+KAMPUNGANYAR!T74 -> 714
B75: 6 | C75: 6. WIWIK PUJIYATI | E75: =BAKUNGAN!U75+BANJARSARI!X75+REJOSARI!N75+KEMIREN!M75+OLEHSARI!N75+GLAGAH!M75+PASPAN!P75+TAMANSURUH!S75+KENJO!K75+KAMPUNGANYAR!T75 -> 41
B76: 7 | C76: 7. CHANDRA ASTAN, S.T. | E76: =BAKUNGAN!U76+BANJARSARI!X76+REJOSARI!N76+KEMIREN!M76+OLEHSARI!N76+GLAGAH!M76+PASPAN!P76+TAMANSURUH!S76+KENJO!K76+KAMPUNGANYAR!T76 -> 45
A79: B | B79: JUMLAH SUARA SAH PARTAI POLITIK DAN CALON (A1 + A2) | E79: =SUM(E69:E76) -> 4766
A81: A.1 | B81: 4. | C81: Partai Golongan Karya | E81: =BAKUNGAN!U81+BANJARSARI!X81+REJOSARI!N81+KEMIREN!M81+OLEHSARI!N81+GLAGAH!M81+PASPAN!P81+TAMANSURUH!S81+KENJO!K81+KAMPUNGANYAR!T81 -> 634
A82: A.2 | B82: 1 | C82: 1. ZULFIKAR ARSE SADIKIN, S.I.P., M.Si. | E82: =BAKUNGAN!U82+BANJARSARI!X82+REJOSARI!N82+KEMIREN!M82+OLEHSARI!N82+GLAGAH!M82+PASPAN!P82+TAMANSURUH!S82+KENJO!K82+KAMPUNGANYAR!T82 -> 1244
B83: 2 | C83: 2. HANDOKO | E83: =BAKUNGAN!U83+BANJARSARI!X83+REJOSARI!N83+KEMIREN!M83+OLEHSARI!N83+GLAGAH!M83+PASPAN!P83+TAMANSURUH!S83+KENJO!K83+KAMPUNGANYAR!T83 -> 151
B84: 3 | C84: 3. Hj. OVI DEWI YANTI | E84: =BAKUNGAN!U84+BANJARSARI!X84+REJOSARI!N84+KEMIREN!M84+OLEHSARI!N84+GLAGAH!M84+PASPAN!P84+TAMANSURUH!S84+KENJO!K84+KAMPUNGANYAR!T84 -> 79
B85: 4 | C85: 4. Ir. AZAM AZMAN NATAWIJANA | E85: =BAKUNGAN!U85+BANJARSARI!X85+REJOSARI!N85+KEMIREN!M85+OLEHSARI!N85+GLAGAH!M85+PASPAN!P85+TAMANSURUH!S85+KENJO!K85+KAMPUNGANYAR!T85 -> 104
B86: 5 | C86: 5. UBAIDILLAH AMIN, S.Kom. | E86: =BAKUNGAN!U86+BANJARSARI!X86+REJOSARI!N86+KEMIREN!M86+OLEHSARI!N86+GLAGAH!M86+PASPAN!P86+TAMANSURUH!S86+KENJO!K86+KAMPUNGANYAR!T86 -> 39
B87: 6 | C87: 6. DENNY YUNIANDARI, S.H., M.Kn. | E87: =BAKUNGAN!U87+BANJARSARI!X87+REJOSARI!N87+KEMIREN!M87+OLEHSARI!N87+GLAGAH!M87+PASPAN!P87+TAMANSURUH!S87+KENJO!K87+KAMPUNGANYAR!T87 -> 20
B88: 7 | C88: 7. ERNADI, S.H.I. | E88: =BAKUNGAN!U88+BANJARSARI!X88+REJOSARI!N88+KEMIREN!M88+OLEHSARI!N88+GLAGAH!M88+PASPAN!P88+TAMANSURUH!S88+KENJO!K88+KAMPUNGANYAR!T88 -> 12
A91: B | B91: JUMLAH SUARA SAH PARTAI POLITIK DAN CALON (A1 + A2) | E91: =SUM(E81:E88) -> 2283
A93: A.1 | B93: 5. | C93: Partai NasDem | E93: =BAKUNGAN!U93+BANJARSARI!X93+REJOSARI!N93+KEMIREN!M93+OLEHSARI!N93+GLAGAH!M93+PASPAN!P93+TAMANSURUH!S93+KENJO!K93+KAMPUNGANYAR!T93 -> 304
A94: A.2 | B94: 1 | C94: 1. ACH. FADIL MUZAKKI SYAH | E94: =BAKUNGAN!U94+BANJARSARI!X94+REJOSARI!N94+KEMIREN!M94+OLEHSARI!N94+GLAGAH!M94+PASPAN!P94+TAMANSURUH!S94+KENJO!K94+KAMPUNGANYAR!T94 -> 275
B95: 2 | C95: 2. BENY | E95: =BAKUNGAN!U95+BANJARSARI!X95+REJOSARI!N95+KEMIREN!M95+OLEHSARI!N95+GLAGAH!M95+PASPAN!P95+TAMANSURUH!S95+KENJO!K95+KAMPUNGANYAR!T95 -> 314
B96: 3 | C96: 3. VINA VERONIKA | E96: =BAKUNGAN!U96+BANJARSARI!X96+REJOSARI!N96+KEMIREN!M96+OLEHSARI!N96+GLAGAH!M96+PASPAN!P96+TAMANSURUH!S96+KENJO!K96+KAMPUNGANYAR!T96 -> 22
B97: 4 | C97: 4. TEDDY ANUGRIANTO | E97: =BAKUNGAN!U97+BANJARSARI!X97+REJOSARI!N97+KEMIREN!M97+OLEHSARI!N97+GLAGAH!M97+PASPAN!P97+TAMANSURUH!S97+KENJO!K97+KAMPUNGANYAR!T97 -> 59
B98: 5 | C98: 5. INSAN KAMIL | E98: =BAKUNGAN!U98+BANJARSARI!X98+REJOSARI!N98+KEMIREN!M98+OLEHSARI!N98+GLAGAH!M98+PASPAN!P98+TAMANSURUH!S98+KENJO!K98+KAMPUNGANYAR!T98 -> 88
B99: 6 | C99: 6. LILIK LINDARWATI | E99: =BAKUNGAN!U99+BANJARSARI!X99+REJOSARI!N99+KEMIREN!M99+OLEHSARI!N99+GLAGAH!M99+PASPAN!P99+TAMANSURUH!S99+KENJO!K99+KAMPUNGANYAR!T99 -> 23
B100: 7 | C100: 7. YULI ANITA | E100: =BAKUNGAN!U100+BANJARSARI!X100+REJOSARI!N100+KEMIREN!M100+OLEHSARI!N100+GLAGAH!M100+PASPAN!P100+TAMANSURUH!S100+KENJO!K100+KAMPUNGANYAR!T100 -> 7
A103: B | B103: JUMLAH SUARA SAH PARTAI POLITIK DAN CALON (A1 + A2) | E103: =SUM(E93:E100) -> 1092
A105: A.1 | B105: 6. | C105: Partai Buruh | E105: =BAKUNGAN!U105+BANJARSARI!X105+REJOSARI!N105+KEMIREN!M105+OLEHSARI!N105+GLAGAH!M105+PASPAN!P105+TAMANSURUH!S105+KENJO!K105+KAMPUNGANYAR!T105 -> 125
A106: A.2 | B106: 1 | C106: 1. KHOIRUL ANAM | E106: =BAKUNGAN!U106+BANJARSARI!X106+REJOSARI!N106+KEMIREN!M106+OLEHSARI!N106+GLAGAH!M106+PASPAN!P106+TAMANSURUH!S106+KENJO!K106+KAMPUNGANYAR!T106 -> 37
B107: 2 | C107: 2. INA KURNIA | E107: =BAKUNGAN!U107+BANJARSARI!X107+REJOSARI!N107+KEMIREN!M107+OLEHSARI!N107+GLAGAH!M107+PASPAN!P107+TAMANSURUH!S107+KENJO!K107+KAMPUNGANYAR!T107 -> 21
B108: 3 | C108: 3. JIBRAL TAROUK | E108: =BAKUNGAN!U108+BANJARSARI!X108+REJOSARI!N108+KEMIREN!M108+OLEHSARI!N108+GLAGAH!M108+PASPAN!P108+TAMANSURUH!S108+KENJO!K108+KAMPUNGANYAR!T108 -> 16
B109: 4 | C109: 4. ASTUTI DAENG PUJI | E109: =BAKUNGAN!U109+BANJARSARI!X109+REJOSARI!N109+KEMIREN!M109+OLEHSARI!N109+GLAGAH!M109+PASPAN!P109+TAMANSURUH!S109+KENJO!K109+KAMPUNGANYAR!T109 -> 8
B110: 5 | C110: 5. ASDARMAWAN | E110: =BAKUNGAN!U110+BANJARSARI!X110+REJOSARI!N110+KEMIREN!M110+OLEHSARI!N110+GLAGAH!M110+PASPAN!P110+TAMANSURUH!S110+KENJO!K110+KAMPUNGANYAR!T110 -> 4
B111: 6 | C111: 6. RIFQI MUBAROK | E111: =BAKUNGAN!U111+BANJARSARI!X111+REJOSARI!N111+KEMIREN!M111+OLEHSARI!N111+GLAGAH!M111+PASPAN!P111+TAMANSURUH!S111+KENJO!K111+KAMPUNGANYAR!T111 -> 9
B112: 7 | C112: 7. FIRNANDA ALTA MEGA | E112: =BAKUNGAN!U112+BANJARSARI!X112+REJOSARI!N112+KEMIREN!M112+OLEHSARI!N112+GLAGAH!M112+PASPAN!P112+TAMANSURUH!S112+KENJO!K112+KAMPUNGANYAR!T112 -> 3
A115: B | B115: JUMLAH SUARA SAH PARTAI POLITIK DAN CALON (A1 + A2) | E115: =SUM(E105:E112) -> 223
A117: A.1 | B117: 7. | C117: Partai Gelombang Rakyat Indonesia | E117: =BAKUNGAN!U117+BANJARSARI!X117+REJOSARI!N117+KEMIREN!M117+OLEHSARI!N117+GLAGAH!M117+PASPAN!P117+TAMANSURUH!S117+KENJO!K117+KAMPUNGANYAR!T117 -> 304
A118: A.2 | B118: 1 | C118: 1. TITI WIDORETNO WARISMAN | E118: =BAKUNGAN!U118+BANJARSARI!X118+REJOSARI!N118+KEMIREN!M118+OLEHSARI!N118+GLAGAH!M118+PASPAN!P118+TAMANSURUH!S118+KENJO!K118+KAMPUNGANYAR!T118 -> 272
B119: 2 | C119: 2. MAMIEK SETYANINGSIH | E119: =BAKUNGAN!U119+BANJARSARI!X119+REJOSARI!N119+KEMIREN!M119+OLEHSARI!N119+GLAGAH!M119+PASPAN!P119+TAMANSURUH!S119+KENJO!K119+KAMPUNGANYAR!T119 -> 30
B120: 3 | C120: 3. ROMIL AZIZEN | E120: =BAKUNGAN!U120+BANJARSARI!X120+REJOSARI!N120+KEMIREN!M120+OLEHSARI!N120+GLAGAH!M120+PASPAN!P120+TAMANSURUH!S120+KENJO!K120+KAMPUNGANYAR!T120 -> 15
A127: B | B127: JUMLAH SUARA SAH PARTAI POLITIK DAN CALON (A1 + A2) | E127: =SUM(E117:E120) -> 621
A129: A.1 | B129: 8. | C129: Partai Keadilan Sejahtera | E129: =BAKUNGAN!U129+BANJARSARI!X129+REJOSARI!N129+KEMIREN!M129+OLEHSARI!N129+GLAGAH!M129+PASPAN!P129+TAMANSURUH!S129+KENJO!K129+KAMPUNGANYAR!T129 -> 352
A130: A.2 | B130: 1 | C130: 1. H. SAIMI SALEH, S.E., M.M. | E130: =BAKUNGAN!U130+BANJARSARI!X130+REJOSARI!N130+KEMIREN!M130+OLEHSARI!N130+GLAGAH!M130+PASPAN!P130+TAMANSURUH!S130+KENJO!K130+KAMPUNGANYAR!T130 -> 809
B131: 2 | C131: 2. Prof. Dr. H. EGGI SUDJANA, S.H., M.Si. | E131: =BAKUNGAN!U131+BANJARSARI!X131+REJOSARI!N131+KEMIREN!M131+OLEHSARI!N131+GLAGAH!M131+PASPAN!P131+TAMANSURUH!S131+KENJO!K131+KAMPUNGANYAR!T131 -> 94
B132: 3 | C132: 3. NURUL KHOTIMAH | E132: =BAKUNGAN!U132+BANJARSARI!X132+REJOSARI!N132+KEMIREN!M132+OLEHSARI!N132+GLAGAH!M132+PASPAN!P132+TAMANSURUH!S132+KENJO!K132+KAMPUNGANYAR!T132 -> 42
B133: 4 | C133: 4. AKHMAD SUYANTO, S.T., M.T. | E133: =BAKUNGAN!U133+BANJARSARI!X133+REJOSARI!N133+KEMIREN!M133+OLEHSARI!N133+GLAGAH!M133+PASPAN!P133+TAMANSURUH!S133+KENJO!K133+KAMPUNGANYAR!T133 -> 16
B134: 5 | C134: 5. PUJIYATNI | E134: =BAKUNGAN!U134+BANJARSARI!X134+REJOSARI!N134+KEMIREN!M134+OLEHSARI!N134+GLAGAH!M134+PASPAN!P134+TAMANSURUH!S134+KENJO!K134+KAMPUNGANYAR!T134 -> 22
B135: 6 | C135: 6. HENI PURWATININGSIH | E135: =BAKUNGAN!U135+BANJARSARI!X135+REJOSARI!N135+KEMIREN!M135+OLEHSARI!N135+GLAGAH!M135+PASPAN!P135+TAMANSURUH!S135+KENJO!K135+KAMPUNGANYAR!T135 -> 110
B136: 7 | C136: 7. MUHADI | E136: =BAKUNGAN!U136+BANJARSARI!X136+REJOSARI!N136+KEMIREN!M136+OLEHSARI!N136+GLAGAH!M136+PASPAN!P136+TAMANSURUH!S136+KENJO!K136+KAMPUNGANYAR!T136 -> 11
A139: B | B139: JUMLAH SUARA SAH PARTAI POLITIK DAN CALON (A1 + A2) | E139: =SUM(E129:E136) -> 1456
...

Sheet BAKUNGAN
C2: Kecamatan | D2: GLAGAH
C3: Kabupaten | D3: BANYUWANGI
C4: Provinsi | D4: JAWA TIMUR
C9: Kelurahan | D9: BAKUNGAN
A12: I | B12: DATA PEMILIH DAN PENGGUNAAN HAK PILIH | U12: JUMLAH AKHIR
A13: A | B13: DATA PEMILIH | E13: TPS 001 | F13: TPS 002 | G13: TPS 003 | H13: TPS 004 | I13: TPS 005 | J13: TPS 006 | K13: TPS 007 | L13: TPS 008 | M13: TPS 009 | N13: TPS 010 | O13: TPS 011 | P13: TPS 012 | Q13: TPS 013 | R13: TPS 014 | S13: TPS 015 | T13: TPS 016
B14: Jumlah Pemilih dalam Daftar Pemilih Tetap (DPT) | D14: LK | E14: 119 | F14: 137 | G14: 132 | H14: 130 | I14: 138 | J14: 132 | K14: 139 | L14: 131 | M14: 97 | N14: 134 | O14: 112 | P14: 111 | Q14: 136 | R14: 120 | S14: 140 | T14: 106 | U14: =SUM(E14:T14) -> 2014
D15: PR | E15: 147 | F15: 142 | G15: 128 | H15: 137 | I15: 156 | J15: 166 | K15: 142 | L15: 128 | M15: 93 | N15: 145 | O15: 123 | P15: 119 | Q15: 137 | R15: 111 | S15: 159 | T15: 104 | U15: =SUM(E15:T15) -> 2137
D16: JML | E16: =SUM(E14:E15) -> 266 | F16: =SUM(F14:F15) -> 279 | G16: =SUM(G14:G15) -> 260 | H16: =SUM(H14:H15) -> 267 | I16: =SUM(I14:I15) -> 294 | J16: =SUM(J14:J15) -> 298 | K16: =SUM(K14:K15) -> 281 | L16: =SUM(L14:L15) -> 259 | ... T16: =SUM(T14:T15) -> 210 | U16: =SUM(E16:T16) -> 4151
A18: B | B18: PENGGUNA HAK PILIH
B19: 1. | C19: Jumlah pengguna hak pilih dalam Daftar Pemilih Tetap (DPT) | D19: LK | E19: 93 | F19: 110 | G19: 101 | H19: 91 | I19: 95 | J19: 93 | K19: 111 | L19: 94 | M19: 75 | N19: 112 | O19: 83 | P19: 83 | Q19: 92 | R19: 92 | S19: 110 | T19: 90 | U19: =SUM(E19:T19) -> 1525
D20: PR | E20: 122 | F20: 117 | G20: 107 | H20: 129 | I20: 133 | J20: 131 | K20: 122 | L20: 113 | M20: 77 | N20: 127 | O20: 95 | P20: 99 | Q20: 105 | R20: 85 | S20: 119 | T20: 88 | U20: =SUM(E20:T20) -> 1769
D21: JML | E21: =SUM(E19:E20) -> 215 | F21: =SUM(F19:F20) -> 227 | G21: =SUM(G19:G20) -> 208 | H21: =SUM(H19:H20) -> 220 | I21: =SUM(I19:I20) -> 228 | J21: =SUM(J19:J20) -> 224 | K21: =SUM(K19:K20) -> 233 | L21: =SUM(L19:L20) -> 207 | ... T21: =SUM(T19:T20) -> 178 | U21: =SUM(E21:T21) -> 3294
B22: 2. | C22: Jumlah pengguna hak pilih dalam Daftar Pemilih Tambahan (DPTb) | D22: LK | E22: 0 | F22: 0 | G22: 1 | H22: 0 | I22: 1 | J22: 0 | K22: 0 | L22: 0 | M22: 0 | N22: 1 | O22: 0 | P22: 2 | Q22: 0 | R22: 0 | S22: 0 | T22: 0 | U22: =SUM(E22:T22) -> 5
D23: PR | E23: 0 | F23: 0 | G23: 1 | H23: 0 | I23: 1 | J23: 1 | K23: 0 | L23: 0 | M23: 0 | N23: 2 | O23: 0 | P23: 2 | Q23: 3 | R23: 0 | S23: 0 | T23: 0 | U23: =SUM(E23:T23) -> 10
D24: JML | E24: =SUM(E22:E23) -> 0 | F24: =SUM(F22:F23) -> 0 | G24: =SUM(G22:G23) -> 2 | H24: =SUM(H22:H23) -> 0 | I24: =SUM(I22:I23) -> 2 | J24: =SUM(J22:J23) -> 1 | K24: =SUM(K22:K23) -> 0 | L24: =SUM(L22:L23) -> 0 | ... T24: =SUM(T22:T23) -> 0 | U24: =SUM(E24:T24) -> 15
B25: 3. | C25: Jumlah pengguna hak pilih dalam Daftar Pemilih Khusus (DPK) | D25: LK | E25: 1 | F25: 1 | G25: 2 | H25: 1 | I25: 5 | J25: 10 | K25: 1 | L25: 0 | M25: 0 | N25: 1 | O25: 1 | P25: 3 | Q25: 5 | R25: 1 | S25: 2 | T25: 1 | U25: =SUM(E25:T25) -> 35
D26: PR | E26: 0 | F26: 0 | G26: 1 | H26: 2 | I26: 1 | J26: 8 | K26: 2 | L26: 0 | M26: 1 | N26: 0 | O26: 2 | P26: 1 | Q26: 8 | R26: 2 | S26: 4 | T26: 0 | U26: =SUM(E26:T26) -> 32
D27: JML | E27: =SUM(E25:E26) -> 1 | F27: =SUM(F25:F26) -> 1 | G27: =SUM(G25:G26) -> 3 | H27: =SUM(H25:H26) -> 3 | I27: =SUM(I25:I26) -> 6 | J27: =SUM(J25:J26) -> 18 | K27: =SUM(K25:K26) -> 3 | L27: =SUM(L25:L26) -> 0 | ... T27: =SUM(T25:T26) -> 1 | U27: =SUM(E27:T27) -> 67
B28: 4. | C28: Jumlah Pengguna Hak Pilih (B.1+B.2+B.3) | D28: LK | E28: =SUM(E19,E22,E25) -> 94 | F28: =SUM(F19,F22,F25) -> 111 | G28: =SUM(G19,G22,G25) -> 104 | H28: =SUM(H19,H22,H25) -> 92 | I28: =SUM(I19,I22,I25) -> 101 | J28: =SUM(J19,J22,J25) -> 103 | K28: =SUM(K19,K22,K25) -> 112 | L28: =SUM(L19,L22,L25) -> 94 | ... T28: =SUM(T19,T22,T25) -> 91 | U28: =SUM(E28:T28) -> 1565
D29: PR | E29: =SUM(E20,E23,E26) -> 122 | F29: =SUM(F20,F23,F26) -> 117 | G29: =SUM(G20,G23,G26) -> 109 | H29: =SUM(H20,H23,H26) -> 131 | I29: =SUM(I20,I23,I26) -> 135 | J29: =SUM(J20,J23,J26) -> 140 | K29: =SUM(K20,K23,K26) -> 124 | L29: =SUM(L20,L23,L26) -> 113 | ... T29: =SUM(T20,T23,T26) -> 88 | U29: =SUM(E29:T29) -> 1811
D30: JML | E30: =SUM(E28:E29) -> 216 | F30: =SUM(F28:F29) -> 228 | G30: =SUM(G28:G29) -> 213 | H30: =SUM(H28:H29) -> 223 | I30: =SUM(I28:I29) -> 236 | J30: =SUM(J28:J29) -> 243 | K30: =SUM(K28:K29) -> 236 | L30: =SUM(L28:L29) -> 207 | ... T30: =SUM(T28:T29) -> 179 | U30: =SUM(E30:T30) -> 3376
A32: II | B32: DATA PENGGUNAAN SURAT SUARA
A33: 1 | B33: Jumlah surat suara yang diterima, termasuk surat suara cadangan 2,5% dari DPT | E33: 274 | F33: 285 | G33: 266 | H33: 273 | I33: 300 | J33: 304 | K33: 287 | L33: 265 | M33: 194 | N33: 285 | O33: 240 | P33: 236 | Q33: 279 | R33: 236 | S33: 305 | T33: 215 | U33: =SUM(E33:T33) -> 4244
A34: 2 | B34: Jumlah surat suara yang digunakan | E34: 216 | F34: 228 | G34: 213 | H34: 223 | I34: 236 | J34: 243 | K34: 236 | L34: 207 | M34: 153 | N34: 243 | O34: 181 | P34: 190 | Q34: 213 | R34: 180 | S34: 235 | T34: 179 | U34: =SUM(E34:T34) -> 3376
A35: 3 | B35: Jumlah surat suara dikembalikan oleh pemilih (karena rusak atau keliru coblos) | E35: 0 | F35: 3 | G35: 3 | H35: 0 | I35: 0 | J35: 3 | K35: 1 | L35: 0 | M35: 0 | N35: 0 | O35: 0 | P35: 0 | Q35: 1 | R35: 0 | S35: 1 | T35: 2 | U35: =SUM(E35:T35) -> 14
A36: 4 | B36: Jumlah surat suara yang tidak digunakan/tidak terpakai, termasuk sisa surat suara cadangan | E36: =E33-(E34+E35) -> 58 | F36: =F33-(F34+F35) -> 54 | G36: =G33-(G34+G35) -> 50 | H36: =H33-(H34+H35) -> 50 | I36: =I33-(I34+I35) -> 64 | J36: =J33-(J34+J35) -> 58 | K36: =K33-(K34+K35) -> 50 | L36: =L33-(L34+L35) -> 58 | ... T36: =T33-(T34+T35) -> 34 | U36: =SUM(E36:T36) -> 854
A38: III | B38: DATA PEMILIH DISABILITAS
B39: Jumlah seluruh Pemilih disabilitas yang menggunakan hak pilih | D39: LK | F39: 1 | J39: 1 | S39: 1 | U39: =SUM(E39:T39) -> 3
D40: PR | F40: 1 | J40: 1 | S40: 1 | U40: =SUM(E40:T40) -> 3
D41: JML | E41: =SUM(E39:E40) -> 0 | F41: =SUM(F39:F40) -> 2 | G41: =SUM(G39:G40) -> 0 | H41: =SUM(H39:H40) -> 0 | I41: =SUM(I39:I40) -> 0 | J41: =SUM(J39:J40) -> 2 | K41: =SUM(K39:K40) -> 0 | L41: =SUM(L39:L40) -> 0 | ... T41: =SUM(T39:T40) -> 0 | U41: =SUM(E41:T41) -> 6
A43: IV | B43: DATA RINCIAN PEROLEHAN SUARA PASANGAN CALON BUPATI DAN WAKIL BUPATI
A44: NOMOR DAN NAMA CALON
A45: A.1 | B45: 1. | C45: Partai Kebangkitan Bangsa | E45: 2 | F45: 4 | G45: 5 | H45: 5 | I45: 5 | J45: 2 | K45: 8 | L45: 10 | M45: 0 | N45: 6 | O45: 6 | P45: 5 | Q45: 3 | R45: 2 | S45: 2 | T45: 5 | U45: =SUM(E45:T45) -> 70
A46: A.2 | B46: 1 | C46: 1. Dr. Hj. NIHAYATUL WAFIROH, M.A. | E46: 16 | F46: 14 | G46: 21 | H46: 6 | I46: 13 | J46: 7 | K46: 12 | L46: 6 | M46: 4 | N46: 5 | O46: 11 | P46: 6 | Q46: 4 | R46: 10 | S46: 10 | T46: 1 | U46: =SUM(E46:T46) -> 146
B47: 2 | C47: 2. H. M. NASIM KHAN | E47: 1 | F47: 2 | G47: 1 | H47: 0 | I47: 5 | J47: 1 | K47: 0 | L47: 1 | M47: 0 | N47: 1 | O47: 1 | P47: 0 | Q47: 1 | R47: 1 | S47: 0 | T47: 0 | U47: =SUM(E47:T47) -> 15
B48: 3 | C48: 3. Dr. H. AKIK ZAMAN, M.Pd.I. | E48: 0 | F48: 1 | G48: 0 | H48: 2 | I48: 1 | J48: 1 | K48: 2 | L48: 1 | M48: 1 | N48: 0 | O48: 0 | P48: 1 | Q48: 3 | R48: 0 | S48: 0 | T48: 0 | U48: =SUM(E48:T48) -> 13
B49: 4 | C49: 4. AHMAD RIFA'I, S.H. | E49: 2 | F49: 0 | G49: 0 | H49: 0 | I49: 0 | J49: 2 | K49: 2 | L49: 0 | M49: 0 | N49: 0 | O49: 1 | P49: 1 | Q49: 1 | R49: 0 | S49: 1 | T49: 1 | U49: =SUM(E49:T49) -> 11
B50: 5 | C50: 5. Drs. H. MAHFUD M.N. | E50: 0 | F50: 1 | G50: 0 | H50: 0 | I50: 0 | J50: 0 | K50: 0 | L50: 0 | M50: 1 | N50: 0 | O50: 0 | P50: 0 | Q50: 1 | R50: 2 | S50: 0 | T50: 0 | U50: =SUM(E50:T50) -> 5
B51: 6 | C51: 6. NURHAYATI, S.Pd. | E51: 0 | F51: 1 | G51: 0 | H51: 0 | I51: 0 | J51: 0 | K51: 0 | L51: 0 | M51: 0 | N51: 0 | O51: 0 | P51: 1 | Q51: 1 | R51: 1 | S51: 0 | T51: 0 | U51: =SUM(E51:T51) -> 4
B52: 7 | C52: 7. MAFTUHA KISWAH | E52: 1 | F52: 1 | G52: 0 | H52: 0 | I52: 0 | J52: 1 | K52: 0 | L52: 0 | M52: 1 | N52: 0 | O52: 0 | P52: 0 | Q52: 1 | R52: 0 | S52: 0 | T52: 0 | U52: =SUM(E52:T52) -> 5
A55: B | B55: JUMLAH SUARA SAH PARTAI POLITIK DAN CALON (A1 + A2) | E55: =SUM(E45:E52) -> 22 | F55: =SUM(F45:F52) -> 24 | G55: =SUM(G45:G52) -> 27 | H55: =SUM(H45:H52) -> 13 | I55: =SUM(I45:I52) -> 24 | J55: =SUM(J45:J52) -> 14 | K55: =SUM(K45:K52) -> 24 | L55: =SUM(L45:L52) -> 18 | ... T55: =SUM(T45:T52) -> 7 | U55: =SUM(E55:T55) -> 269
A57: A.1 | B57: 2. | C57: Partai Gerakan Indonesia Raya | E57: 20 | F57: 10 | G57: 12 | H57: 10 | I57: 10 | J57: 16 | K57: 11 | L57: 6 | M57: 2 | N57: 13 | O57: 6 | P57: 4 | Q57: 14 | R57: 6 | S57: 11 | T57: 11 | U57: =SUM(E57:T57) -> 162
A58: A.2 | B58: 1 | C58: 1. SUMAIL ABDULLAH | E58: 11 | F58: 12 | G58: 20 | H58: 14 | I58: 12 | J58: 9 | K58: 10 | L58: 20 | M58: 9 | N58: 13 | O58: 4 | P58: 15 | Q58: 5 | R58: 4 | S58: 2 | T58: 5 | U58: =SUM(E58:T58) -> 165
B59: 2 | C59: 2. MUHAMMAD ALI ADRIAN SALEH | E59: 2 | F59: 4 | G59: 6 | H59: 3 | I59: 3 | J59: 3 | K59: 3 | L59: 4 | M59: 1 | N59: 3 | O59: 5 | P59: 2 | Q59: 3 | R59: 0 | S59: 4 | T59: 1 | U59: =SUM(E59:T59) -> 47
B60: 3 | C60: 3. DURROTUN NAFISAH | E60: 2 | F60: 1 | G60: 2 | H60: 2 | I60: 1 | J60: 1 | K60: 0 | L60: 1 | M60: 0 | N60: 1 | O60: 2 | P60: 1 | Q60: 3 | R60: 0 | S60: 0 | T60: 0 | U60: =SUM(E60:T60) -> 17
B61: 4 | C61: 4. H. EKO SUSILO NURHIDAYAT | E61: 2 | F61: 4 | G61: 1 | H61: 1 | I61: 1 | J61: 3 | K61: 4 | L61: 0 | M61: 3 | N61: 2 | O61: 1 | P61: 2 | Q61: 5 | R61: 1 | S61: 1 | T61: 1 | U61: =SUM(E61:T61) -> 32
B62: 5 | C62: 5. KARNADI HARIJANTO, S.S. | E62: 1 | F62: 0 | G62: 0 | H62: 3 | I62: 0 | J62: 1 | K62: 0 | L62: 0 | M62: 1 | N62: 0 | O62: 1 | P62: 0 | Q62: 0 | R62: 1 | S62: 0 | T62: 0 | U62: =SUM(E62:T62) -> 8
B63: 6 | C63: 6. NURHAYATI | E63: 1 | F63: 0 | G63: 1 | H63: 1 | I63: 3 | J63: 1 | K63: 0 | L63: 0 | M63: 0 | N63: 1 | O63: 0 | P63: 0 | Q63: 1 | R63: 0 | S63: 3 | T63: 0 | U63: =SUM(E63:T63) -> 12
B64: 7 | C64: 7. MASHUDI | E64: 0 | F64: 1 | G64: 0 | H64: 0 | I64: 1 | J64: 0 | K64: 1 | L64: 0 | M64: 0 | N64: 0 | O64: 0 | P64: 1 | Q64: 0 | R64: 1 | S64: 1 | T64: 0 | U64: =SUM(E64:T64) -> 6
A67: B | B67: JUMLAH SUARA SAH PARTAI POLITIK DAN CALON (A1 + A2) | E67: =SUM(E57:E64) -> 39 | F67: =SUM(F57:F64) -> 32 | G67: =SUM(G57:G64) -> 42 | H67: =SUM(H57:H64) -> 34 | I67: =SUM(I57:I64) -> 31 | J67: =SUM(J57:J64) -> 34 | K67: =SUM(K57:K64) -> 29 | L67: =SUM(L57:L64) -> 31 | ... T67: =SUM(T57:T64) -> 18 | U67: =SUM(E67:T67) -> 449
A69: A.1 | B69: 3. | C69: Partai Demokrasi Indonesia Perjuangan | E69: 8 | F69: 8 | G69: 2 | H69: 13 | I69: 3 | J69: 11 | K69: 6 | L69: 8 | M69: 3 | N69: 8 | O69: 6 | P69: 11 | Q69: 13 | R69: 13 | S69: 11 | T69: 7 | U69: =SUM(E69:T69) -> 131
A70: A.2 | B70: 1 | C70: 1. SONNY TRI DANAPARAMITA, S.H., M.H. | E70: 16 | F70: 16 | G70: 15 | H70: 9 | I70: 15 | J70: 9 | K70: 11 | L70: 10 | M70: 4 | N70: 11 | O70: 5 | P70: 27 | Q70: 5 | R70: 4 | S70: 16 | T70: 59 | U70: =SUM(E70:T70) -> 232
B71: 2 | C71: 2. H. MOHAMAD GUNTUR ROMLI | E71: 1 | F71: 1 | G71: 3 | H71: 2 | I71: 2 | J71: 3 | K71: 1 | L71: 2 | M71: 3 | N71: 5 | O71: 6 | P71: 0 | Q71: 1 | R71: 0 | S71: 4 | T71: 1 | U71: =SUM(E71:T71) -> 35
B72: 3 | C72: 3. INA AMMANIA | E72: 2 | F72: 1 | G72: 1 | H72: 9 | I72: 4 | J72: 5 | K72: 9 | L72: 2 | M72: 10 | N72: 8 | O72: 0 | P72: 4 | Q72: 4 | R72: 1 | S72: 13 | T72: 7 | U72: =SUM(E72:T72) -> 80
B73: 4 | C73: 4. IRWAN BACHTIAR RACHMAT, M.Si. | E73: 0 | F73: 0 | G73: 0 | H73: 0 | I73: 1 | J73: 0 | K73: 0 | L73: 1 | M73: 1 | N73: 0 | O73: 0 | P73: 0 | Q73: 3 | R73: 0 | S73: 1 | T73: 0 | U73: =SUM(E73:T73) -> 7
B74: 5 | C74: 5. LUCKY PERDANA | E74: 18 | F74: 4 | G74: 12 | H74: 16 | I74: 7 | J74: 14 | K74: 7 | L74: 12 | M74: 11 | N74: 6 | O74: 14 | P74: 12 | Q74: 12 | R74: 2 | S74: 11 | T74: 4 | U74: =SUM(E74:T74) -> 162
B75: 6 | C75: 6. WIWIK PUJIYATI | E75: 1 | F75: 0 | G75: 0 | H75: 1 | I75: 1 | J75: 0 | K75: 0 | L75: 1 | M75: 0 | N75: 1 | O75: 1 | P75: 0 | Q75: 0 | R75: 2 | S75: 0 | T75: 0 | U75: =SUM(E75:T75) -> 8
B76: 7 | C76: 7. CHANDRA ASTAN, S.T. | E76: 0 | F76: 0 | G76: 0 | H76: 3 | I76: 1 | J76: 2 | K76: 0 | L76: 0 | M76: 2 | N76: 1 | O76: 0 | P76: 0 | Q76: 0 | R76: 0 | S76: 3 | T76: 0 | U76: =SUM(E76:T76) -> 12
A79: B | B79: JUMLAH SUARA SAH PARTAI POLITIK DAN CALON (A1 + A2) | E79: =SUM(E69:E76) -> 46 | F79: =SUM(F69:F76) -> 30 | G79: =SUM(G69:G76) -> 33 | H79: =SUM(H69:H76) -> 53 | I79: =SUM(I69:I76) -> 34 | J79: =SUM(J69:J76) -> 44 | K79: =SUM(K69:K76) -> 34 | L79: =SUM(L69:L76) -> 36 | ... T79: =SUM(T69:T76) -> 78 | U79: =SUM(E79:T79) -> 667
A81: A.1 | B81: 4. | C81: Partai Golongan Karya | E81: 3 | F81: 3 | G81: 4 | H81: 5 | I81: 6 | J81: 5 | K81: 11 | L81: 9 | M81: 4 | N81: 0 | O81: 11 | P81: 5 | Q81: 9 | R81: 1 | S81: 9 | T81: 1 | U81: =SUM(E81:T81) -> 86
A82: A.2 | B82: 1 | C82: 1. ZULFIKAR ARSE SADIKIN, S.I.P., M.Si. | E82: 4 | F82: 8 | G82: 10 | H82: 11 | I82: 10 | J82: 3 | K82: 15 | L82: 10 | M82: 3 | N82: 8 | O82: 32 | P82: 4 | Q82: 5 | R82: 4 | S82: 17 | T82: 1 | U82: =SUM(E82:T82) -> 145
B83: 2 | C83: 2. HANDOKO | E83: 1 | F83: 5 | G83: 1 | H83: 0 | I83: 0 | J83: 4 | K83: 5 | L83: 0 | M83: 0 | N83: 6 | O83: 1 | P83: 1 | Q83: 2 | R83: 0 | S83: 1 | T83: 0 | U83: =SUM(E83:T83) -> 27
B84: 3 | C84: 3. Hj. OVI DEWI YANTI | E84: 0 | F84: 0 | G84: 0 | H84: 0 | I84: 1 | J84: 1 | K84: 0 | L84: 0 | M84: 3 | N84: 0 | O84: 0 | P84: 1 | Q84: 0 | R84: 0 | S84: 2 | T84: 0 | U84: =SUM(E84:T84) -> 8
B85: 4 | C85: 4. Ir. AZAM AZMAN NATAWIJANA | E85: 0 | F85: 3 | G85: 4 | H85: 0 | I85: 0 | J85: 1 | K85: 0 | L85: 0 | M85: 0 | N85: 0 | O85: 0 | P85: 1 | Q85: 3 | R85: 0 | S85: 3 | T85: 0 | U85: =SUM(E85:T85) -> 15
B86: 5 | C86: 5. UBAIDILLAH AMIN, S.Kom. | E86: 0 | F86: 2 | G86: 1 | H86: 0 | I86: 0 | J86: 0 | K86: 1 | L86: 0 | M86: 3 | N86: 0 | O86: 2 | P86: 0 | Q86: 2 | R86: 1 | S86: 0 | T86: 0 | U86: =SUM(E86:T86) -> 12
B87: 6 | C87: 6. DENNY YUNIANDARI, S.H., M.Kn. | E87: 0 | F87: 0 | G87: 0 | H87: 0 | I87: 1 | J87: 3 | K87: 0 | L87: 1 | M87: 0 | N87: 0 | O87: 0 | P87: 0 | Q87: 0 | R87: 0 | S87: 0 | T87: 0 | U87: =SUM(E87:T87) -> 5
B88: 7 | C88: 7. ERNADI, S.H.I. | E88: 0 | F88: 0 | G88: 0 | H88: 0 | I88: 1 | J88: 0 | K88: 0 | L88: 0 | M88: 0 | N88: 0 | O88: 0 | P88: 0 | Q88: 0 | R88: 0 | S88: 0 | T88: 0 | U88: =SUM(E88:T88) -> 1
A91: B | B91: JUMLAH SUARA SAH PARTAI POLITIK DAN CALON (A1 + A2) | E91: =SUM(E81:E88) -> 8 | F91: =SUM(F81:F88) -> 21 | G91: =SUM(G81:G88) -> 20 | H91: =SUM(H81:H88) -> 16 | I91: =SUM(I81:I88) -> 19 | J91: =SUM(J81:J88) -> 17 | K91: =SUM(K81:K88) -> 32 | L91: =SUM(L81:L88) -> 20 | ... T91: =SUM(T81:T88) -> 2 | U91: =SUM(E91:T91) -> 299
A93: A.1 | B93: 5. | C93: Partai NasDem | E93: 7 | F93: 10 | G93: 2 | H93: 5 | I93: 2 | J93: 6 | K93: 11 | L93: 5 | M93: 0 | N93: 1 | O93: 5 | P93: 2 | Q93: 2 | R93: 6 | S93: 1 | T93: 1 | U93: =SUM(E93:T93) -> 66
A94: A.2 | B94: 1 | C94: 1. ACH. FADIL MUZAKKI SYAH | E94: 3 | F94: 10 | G94: 3 | H94: 8 | I94: 5 | J94: 4 | K94: 5 | L94: 5 | M94: 1 | N94: 2 | O94: 4 | P94: 1 | Q94: 1 | R94: 3 | S94: 8 | T94: 0 | U94: =SUM(E94:T94) -> 63
B95: 2 | C95: 2. BENY | E95: 0 | F95: 0 | G95: 1 | H95: 6 | I95: 0 | J95: 0 | K95: 4 | L95: 5 | M95: 1 | N95: 0 | O95: 0 | P95: 2 | Q95: 11 | R95: 0 | S95: 1 | T95: 0 | U95: =SUM(E95:T95) -> 31
B96: 3 | C96: 3. VINA VERONIKA | E96: 1 | F96: 1 | G96: 0 | H96: 0 | I96: 1 | J96: 0 | K96: 0 | L96: 0 | M96: 0 | N96: 0 | O96: 0 | P96: 0 | Q96: 1 | R96: 1 | S96: 0 | T96: 0 | U96: =SUM(E96:T96) -> 5
B97: 4 | C97: 4. TEDDY ANUGRIANTO | E97: 3 | F97: 1 | G97: 0 | H97: 0 | I97: 2 | J97: 4 | K97: 0 | L97: 0 | M97: 0 | N97: 1 | O97: 1 | P97: 1 | Q97: 1 | R97: 0 | S97: 2 | T97: 1 | U97: =SUM(E97:T97) -> 17
B98: 5 | C98: 5. INSAN KAMIL | E98: 1 | F98: 2 | G98: 1 | H98: 0 | I98: 0 | J98: 1 | K98: 1 | L98: 1 | M98: 0 | N98: 0 | O98: 0 | P98: 1 | Q98: 0 | R98: 0 | S98: 1 | T98: 0 | U98: =SUM(E98:T98) -> 9
B99: 6 | C99: 6. LILIK LINDARWATI | E99: 0 | F99: 0 | G99: 0 | H99: 0 | I99: 0 | J99: 0 | K99: 0 | L99: 0 | M99: 0 | N99: 0 | O99: 0 | P99: 0 | Q99: 0 | R99: 0 | S99: 0 | T99: 0 | U99: =SUM(E99:T99) -> 0
B100: 7 | C100: 7. YULI ANITA | E100: 0 | F100: 0 | G100: 0 | H100: 0 | I100: 0 | J100: 0 | K100: 0 | L100: 0 | M100: 0 | N100: 0 | O100: 1 | P100: 0 | Q100: 0 | R100: 0 | S100: 1 | T100: 0 | U100: =SUM(E100:T100) -> 2
A103: B | B103: JUMLAH SUARA SAH PARTAI POLITIK DAN CALON (A1 + A2) | E103: =SUM(E93:E100) -> 15 | F103: =SUM(F93:F100) -> 24 | G103: =SUM(G93:G100) -> 7 | H103: =SUM(H93:H100) -> 19 | I103: =SUM(I93:I100) -> 10 | J103: =SUM(J93:J100) -> 15 | K103: =SUM(K93:K100) -> 21 | L103: =SUM(L93:L100) -> 16 | ... T103: =SUM(T93:T100) -> 2 | U103: =SUM(E103:T103) -> 193
A105: A.1 | B105: 6. | C105: Partai Buruh | E105: 0 | F105: 1 | G105: 0 | H105: 1 | I105: 0 | J105: 0 | K105: 2 | L105: 1 | M105: 1 | N105: 0 | O105: 0 | P105: 0 | Q105: 0 | R105: 2 | S105: 2 | T105: 0 | U105: =SUM(E105:T105) -> 10
A106: A.2 | B106: 1 | C106: 1. KHOIRUL ANAM | E106: 1 | F106: 0 | G106: 0 | H106: 1 | I106: 1 | J106: 1 | K106: 0 | L106: 0 | M106: 2 | N106: 1 | O106: 0 | P106: 0 | Q106: 0 | R106: 0 | S106: 0 | T106: 0 | U106: =SUM(E106:T106) -> 7
B107: 2 | C107: 2. INA KURNIA | E107: 0 | F107: 0 | G107: 0 | H107: 0 | I107: 0 | J107: 0 | K107: 0 | L107: 0 | M107: 1 | N107: 0 | O107: 0 | P107: 0 | Q107: 0 | R107: 0 | S107: 0 | T107: 0 | U107: =SUM(E107:T107) -> 1
B108: 3 | C108: 3. JIBRAL TAROUK | E108: 0 | F108: 0 | G108: 0 | H108: 0 | I108: 0 | J108: 0 | K108: 1 | L108: 0 | M108: 0 | N108: 0 | O108: 0 | P108: 0 | Q108: 0 | R108: 0 | S108: 0 | T108: 0 | U108: =SUM(E108:T108) -> 1
B109: 4 | C109: 4. ASTUTI DAENG PUJI | E109: 0 | F109: 0 | G109: 0 | H109: 0 | I109: 0 | J109: 1 | K109: 0 | L109: 0 | M109: 0 | N109: 0 | O109: 0 | P109: 0 | Q109: 1 | R109: 0 | S109: 0 | T109: 0 | U109: =SUM(E109:T109) -> 2
B110: 5 | C110: 5. ASDARMAWAN | E110: 0 | F110: 0 | G110: 0 | H110: 0 | I110: 0 | J110: 0 | K110: 0 | L110: 0 | M110: 0 | N110: 0 | O110: 0 | P110: 0 | Q110: 0 | R110: 0 | S110: 0 | T110: 0 | U110: =SUM(E110:T110) -> 0
B111: 6 | C111: 6. RIFQI MUBAROK | E111: 0 | F111: 0 | G111: 0 | H111: 0 | I111: 1 | J111: 0 | K111: 0 | L111: 0 | M111: 0 | N111: 0 | O111: 0 | P111: 0 | Q111: 0 | R111: 0 | S111: 0 | T111: 0 | U111: =SUM(E111:T111) -> 1
B112: 7 | C112: 7. FIRNANDA ALTA MEGA | Q112: 1 | T112: 0 | U112: =SUM(E112:T112) -> 1
A115: B | B115: JUMLAH SUARA SAH PARTAI POLITIK DAN CALON (A1 + A2) | E115: =SUM(E105:E112) -> 1 | F115: =SUM(F105:F112) -> 1 | G115: =SUM(G105:G112) -> 0 | H115: =SUM(H105:H112) -> 2 | I115: =SUM(I105:I112) -> 2 | J115: =SUM(J105:J112) -> 2 | K115: =SUM(K105:K112) -> 3 | L115: =SUM(L105:L112) -> 1 | ... T115: =SUM(T105:T112) -> 0 | U115: =SUM(E115:T115) -> 23
A117: A.1 | B117: 7. | C117: Partai Gelombang Rakyat Indonesia | E117: 0 | F117: 2 | G117: 2 | H117: 2 | I117: 3 | J117: 0 | K117: 3 | L117: 1 | M117: 3 | N117: 0 | O117: 1 | P117: 0 | Q117: 3 | R117: 1 | S117: 0 | T117: 4 | U117: =SUM(E117:T117) -> 25
A118: A.2 | B118: 1 | C118: 1. TITI WIDORETNO WARISMAN | E118: 2 | F118: 0 | G118: 2 | H118: 0 | I118: 2 | J118: 0 | K118: 0 | L118: 3 | M118: 4 | N118: 0 | O118: 0 | P118: 0 | Q118: 4 | R118: 1 | S118: 5 | T118: 4 | U118: =SUM(E118:T118) -> 27
B119: 2 | C119: 2. MAMIEK SETYANINGSIH | E119: 0 | F119: 0 | G119: 0 | H119: 0 | I119: 1 | J119: 0 | K119: 0 | L119: 0 | M119: 0 | N119: 0 | O119: 0 | P119: 0 | Q119: 0 | R119: 0 | S119: 0 | T119: 0 | U119: =SUM(E119:T119) -> 1
B120: 3 | C120: 3. ROMIL AZIZEN | E120: 0 | F120: 0 | G120: 0 | H120: 2 | I120: 0 | J120: 0 | K120: 1 | L120: 0 | M120: 1 | N120: 0 | O120: 0 | P120: 0 | Q120: 0 | R120: 0 | S120: 0 | T120: 0 | U120: =SUM(E120:T120) -> 4
A127: B | B127: JUMLAH SUARA SAH PARTAI POLITIK DAN CALON (A1 + A2) | E127: =SUM(E117:E120) -> 2 | F127: =SUM(F117:F120) -> 2 | G127: =SUM(G117:G120) -> 4 | H127: =SUM(H117:H120) -> 4 | I127: =SUM(I117:I120) -> 6 | J127: =SUM(J117:J120) -> 0 | K127: =SUM(K117:K120) -> 4 | L127: =SUM(L117:L120) -> 4 | ... T127: =SUM(T117:T120) -> 8 | U127: =SUM(E127:T127) -> 57
A129: A.1 | B129: 8. | C129: Partai Keadilan Sejahtera | E129: 2 | F129: 1 | G129: 0 | H129: 0 | I129: 2 | J129: 3 | K129: 2 | L129: 0 | M129: 1 | N129: 10 | O129: 1 | P129: 1 | Q129: 1 | R129: 4 | S129: 2 | T129: 0 | U129: =SUM(E129:T129) -> 30
A130: A.2 | B130: 1 | C130: 1. H. SAIMI SALEH, S.E., M.M. | E130: 2 | F130: 2 | G130: 0 | H130: 3 | I130: 8 | J130: 7 | K130: 3 | L130: 0 | M130: 4 | N130: 65 | O130: 1 | P130: 5 | Q130: 7 | R130: 5 | S130: 3 | T130: 2 | U130: =SUM(E130:T130) -> 117
B131: 2 | C131: 2. Prof. Dr. H. EGGI SUDJANA, S.H., M.Si. | E131: 1 | F131: 1 | G131: 1 | H131: 3 | I131: 4 | J131: 4 | K131: 2 | L131: 1 | M131: 2 | N131: 3 | O131: 1 | P131: 0 | Q131: 3 | R131: 1 | S131: 6 | U131: =SUM(E131:T131) -> 33
B132: 3 | C132: 3. NURUL KHOTIMAH | E132: 0 | F132: 0 | G132: 0 | H132: 1 | I132: 0 | J132: 1 | K132: 0 | L132: 1 | M132: 0 | N132: 0 | O132: 1 | P132: 0 | Q132: 0 | R132: 0 | S132: 0 | U132: =SUM(E132:T132) -> 4
B133: 4 | C133: 4. AKHMAD SUYANTO, S.T., M.T. | E133: 0 | F133: 0 | G133: 1 | H133: 0 | I133: 2 | J133: 1 | K133: 0 | L133: 0 | M133: 0 | N133: 1 | O133: 2 | P133: 0 | Q133: 0 | R133: 0 | S133: 0 | U133: =SUM(E133:T133) -> 7
B134: 5 | C134: 5. PUJIYATNI | E134: 0 | F134: 0 | G134: 0 | H134: 0 | I134: 1 | J134: 0 | K134: 0 | L134: 0 | M134: 0 | N134: 0 | O134: 0 | P134: 0 | Q134: 0 | R134: 0 | S134: 0 | U134: =SUM(E134:T134) -> 1
B135: 6 | C135: 6. HENI PURWATININGSIH | E135: 1 | F135: 0 | G135: 0 | H135: 0 | I135: 1 | J135: 0 | K135: 2 | L135: 0 | M135: 2 | N135: 4 | O135: 0 | P135: 0 | Q135: 2 | R135: 0 | S135: 1 | U135: =SUM(E135:T135) -> 13
B136: 7 | C136: 7. MUHADI | E136: 0 | F136: 0 | G136: 0 | H136: 0 | I136: 3 | J136: 0 | K136: 0 | L136: 0 | M136: 0 | N136: 1 | O136: 0 | P136: 0 | Q136: 0 | R136: 0 | S136: 0 | U136: =SUM(E136:T136) -> 4
...

Sheet BANJARSARI
C2: Kecamatan | D2: GLAGAH
C3: Kabupaten | D3: BANYUWANGI
C4: Provinsi | D4: JAWA TIMUR
C9: Kelurahan | D9: BANJARSARI
A12: I | B12: DATA PEMILIH DAN PENGGUNAAN HAK PILIH | X12: JUMLAH AKHIR
A13: A | B13: DATA PEMILIH | E13: TPS 001 | F13: TPS 002 | G13: TPS 003 | H13: TPS 004 | I13: TPS 005 | J13: TPS 006 | K13: TPS 007 | L13: TPS 008 | M13: TPS 009 | N13: TPS 010 | O13: TPS 011 | P13: TPS 012 | Q13: TPS 013 | R13: TPS 014 | S13: TPS 015 | T13: TPS 016 | U13: TPS 017 | V13: TPS 018 | W13: TPS 019
B14: Jumlah Pemilih dalam Daftar Pemilih Tetap (DPT) | D14: LK | E14: 140 | F14: 149 | G14: 130 | H14: 134 | I14: 135 | J14: 130 | K14: 140 | L14: 132 | M14: 136 | N14: 154 | O14: 124 | P14: 111 | Q14: 113 | R14: 137 | S14: 97 | T14: 116 | U14: 119 | V14: 119 | W14: 135 | X14: =SUM(E14:W14) -> 2451
D15: PR | E15: 154 | F15: 139 | G15: 149 | H15: 149 | I15: 147 | J15: 152 | K15: 146 | L15: 155 | M15: 152 | N15: 144 | O15: 140 | P15: 118 | Q15: 120 | R15: 136 | S15: 114 | T15: 117 | U15: 113 | V15: 124 | W15: 153 | X15: =SUM(E15:W15) -> 2622
D16: JML | E16: =SUM(E14:E15) -> 294 | F16: =SUM(F14:F15) -> 288 | G16: =SUM(G14:G15) -> 279 | H16: =SUM(H14:H15) -> 283 | I16: =SUM(I14:I15) -> 282 | J16: =SUM(J14:J15) -> 282 | K16: =SUM(K14:K15) -> 286 | L16: =SUM(L14:L15) -> 287 | ... W16: =SUM(W14:W15) -> 288 | X16: =SUM(E16:W16) -> 5073
A18: B | B18: PENGGUNA HAK PILIH
B19: 1. | C19: Jumlah pengguna hak pilih dalam Daftar Pemilih Tetap (DPT) | D19: LK | E19: 110 | F19: 108 | G19: 103 | H19: 106 | I19: 108 | J19: 96 | K19: 108 | L19: 83 | M19: 115 | N19: 120 | O19: 101 | P19: 91 | Q19: 92 | R19: 99 | S19: 80 | T19: 87 | U19: 106 | V19: 94 | W19: 100 | X19: =SUM(E19:W19) -> 1907
D20: PR | E20: 125 | F20: 115 | G20: 118 | H20: 107 | I20: 120 | J20: 122 | K20: 132 | L20: 119 | M20: 125 | N20: 117 | O20: 120 | P20: 104 | Q20: 99 | R20: 115 | S20: 95 | T20: 101 | U20: 104 | V20: 105 | W20: 129 | X20: =SUM(E20:W20) -> 2172
D21: JML | E21: =SUM(E19:E20) -> 235 | F21: =SUM(F19:F20) -> 223 | G21: =SUM(G19:G20) -> 221 | H21: =SUM(H19:H20) -> 213 | I21: =SUM(I19:I20) -> 228 | J21: =SUM(J19:J20) -> 218 | K21: =SUM(K19:K20) -> 240 | L21: =SUM(L19:L20) -> 202 | ... W21: =SUM(W19:W20) -> 229 | X21: =SUM(E21:W21) -> 4079
B22: 2. | C22: Jumlah pengguna hak pilih dalam Daftar Pemilih Tambahan (DPTb) | D22: LK | E22: 1 | F22: 0 | G22: 4 | H22: 0 | I22: 0 | J22: 0 | K22: 0 | L22: 0 | M22: 0 | N22: 0 | O22: 0 | P22: 0 | Q22: 0 | R22: 0 | S22: 0 | T22: 0 | U22: 1 | V22: 0 | W22: 1 | X22: =SUM(E22:W22) -> 7
D23: PR | E23: 1 | F23: 0 | G23: 3 | H23: 0 | I23: 0 | J23: 0 | K23: 0 | L23: 0 | M23: 0 | N23: 1 | O23: 1 | P23: 0 | Q23: 1 | R23: 2 | S23: 1 | T23: 0 | U23: 1 | V23: 0 | W23: 2 | X23: =SUM(E23:W23) -> 13
D24: JML | E24: =SUM(E22:E23) -> 2 | F24: =SUM(F22:F23) -> 0 | G24: =SUM(G22:G23) -> 7 | H24: =SUM(H22:H23) -> 0 | I24: =SUM(I22:I23) -> 0 | J24: =SUM(J22:J23) -> 0 | K24: =SUM(K22:K23) -> 0 | L24: =SUM(L22:L23) -> 0 | ... W24: =SUM(W22:W23) -> 3 | X24: =SUM(E24:W24) -> 20
B25: 3. | C25: Jumlah pengguna hak pilih dalam Daftar Pemilih Khusus (DPK) | D25: LK | E25: 0 | F25: 0 | G25: 0 | H25: 0 | I25: 2 | J25: 0 | K25: 3 | L25: 2 | M25: 1 | N25: 3 | O25: 0 | P25: 0 | Q25: 0 | R25: 1 | S25: 2 | T25: 0 | U25: 2 | V25: 0 | W25: 0 | X25: =SUM(E25:W25) -> 16
D26: PR | E26: 0 | F26: 0 | G26: 0 | H26: 1 | I26: 1 | J26: 3 | K26: 2 | L26: 6 | M26: 1 | N26: 2 | O26: 1 | P26: 0 | Q26: 2 | R26: 2 | S26: 3 | T26: 0 | U26: 5 | V26: 1 | W26: 1 | X26: =SUM(E26:W26) -> 31
D27: JML | E27: =SUM(E25:E26) -> 0 | F27: =SUM(F25:F26) -> 0 | G27: =SUM(G25:G26) -> 0 | H27: =SUM(H25:H26) -> 1 | I27: =SUM(I25:I26) -> 3 | J27: =SUM(J25:J26) -> 3 | K27: =SUM(K25:K26) -> 5 | L27: =SUM(L25:L26) -> 8 | ... W27: =SUM(W25:W26) -> 1 | X27: =SUM(E27:W27) -> 47
B28: 4. | C28: Jumlah Pengguna Hak Pilih (B.1+B.2+B.3) | D28: LK | E28: =SUM(E19,E22,E25) -> 111 | F28: =SUM(F19,F22,F25) -> 108 | G28: =SUM(G19,G22,G25) -> 107 | H28: =SUM(H19,H22,H25) -> 106 | I28: =SUM(I19,I22,I25) -> 110 | J28: =SUM(J19,J22,J25) -> 96 | K28: =SUM(K19,K22,K25) -> 111 | L28: =SUM(L19,L22,L25) -> 85 | ... W28: =SUM(W19,W22,W25) -> 101 | X28: =SUM(E28:W28) -> 1930
D29: PR | E29: =SUM(E20,E23,E26) -> 126 | F29: =SUM(F20,F23,F26) -> 115 | G29: =SUM(G20,G23,G26) -> 121 | H29: =SUM(H20,H23,H26) -> 108 | I29: =SUM(I20,I23,I26) -> 121 | J29: =SUM(J20,J23,J26) -> 125 | K29: =SUM(K20,K23,K26) -> 134 | L29: =SUM(L20,L23,L26) -> 125 | ... W29: =SUM(W20,W23,W26) -> 132 | X29: =SUM(E29:W29) -> 2216
D30: JML | E30: =SUM(E28:E29) -> 237 | F30: =SUM(F28:F29) -> 223 | G30: =SUM(G28:G29) -> 228 | H30: =SUM(H28:H29) -> 214 | I30: =SUM(I28:I29) -> 231 | J30: =SUM(J28:J29) -> 221 | K30: =SUM(K28:K29) -> 245 | L30: =SUM(L28:L29) -> 210 | ... W30: =SUM(W28:W29) -> 233 | X30: =SUM(E30:W30) -> 4146
A32: II | B32: DATA PENGGUNAAN SURAT SUARA
A33: 1 | B33: Jumlah surat suara yang diterima, termasuk surat suara cadangan 2,5% dari DPT | E33: 300 | F33: 294 | G33: 285 | H33: 289 | I33: 288 | J33: 288 | K33: 293 | L33: 293 | M33: 294 | N33: 304 | O33: 260 | P33: 234 | Q33: 238 | R33: 279 | S33: 216 | T33: 238 | U33: 238 | V33: 248 | W33: 294 | X33: =SUM(E33:W33) -> 5173
A34: 2 | B34: Jumlah surat suara yang digunakan | E34: 237 | F34: 223 | G34: 228 | H34: 214 | I34: 231 | J34: 221 | K34: 245 | L34: 210 | M34: 242 | N34: 243 | O34: 223 | P34: 195 | Q34: 194 | R34: 219 | S34: 181 | T34: 188 | U34: 219 | V34: 200 | W34: 233 | X34: =SUM(E34:W34) -> 4146
A35: 3 | B35: Jumlah surat suara dikembalikan oleh pemilih (karena rusak atau keliru coblos) | E35: 0 | F35: 0 | G35: 0 | H35: 0 | I35: 0 | J35: 0 | K35: 0 | L35: 0 | M35: 0 | N35: 0 | O35: 0 | P35: 0 | Q35: 0 | R35: 0 | S35: 0 | T35: 0 | U35: 1 | V35: 0 | W35: 0 | X35: =SUM(E35:W35) -> 1
A36: 4 | B36: Jumlah surat suara yang tidak digunakan/tidak terpakai, termasuk sisa surat suara cadangan | E36: =E33-(E34+E35) -> 63 | F36: =F33-(F34+F35) -> 71 | G36: =G33-(G34+G35) -> 57 | H36: =H33-(H34+H35) -> 75 | I36: =I33-(I34+I35) -> 57 | J36: =J33-(J34+J35) -> 67 | K36: =K33-(K34+K35) -> 48 | L36: =L33-(L34+L35) -> 83 | ... W36: =W33-(W34+W35) -> 61 | X36: =SUM(E36:W36) -> 1026
A38: III | B38: DATA PEMILIH DISABILITAS
B39: Jumlah seluruh Pemilih disabilitas yang menggunakan hak pilih | D39: LK | G39: 4 | K39: 2 | L39: 1 | M39: 1 | U39: 1 | X39: =SUM(E39:W39) -> 9
D40: PR | G40: 3 | L40: 2 | X40: =SUM(E40:W40) -> 5
D41: JML | E41: =SUM(E39:E40) -> 0 | F41: =SUM(F39:F40) -> 0 | G41: =SUM(G39:G40) -> 7 | H41: =SUM(H39:H40) -> 0 | I41: =SUM(I39:I40) -> 0 | J41: =SUM(J39:J40) -> 0 | K41: =SUM(K39:K40) -> 2 | L41: =SUM(L39:L40) -> 3 | ... W41: =SUM(W39:W40) -> 0 | X41: =SUM(E41:W41) -> 14
A43: IV | B43: DATA RINCIAN PEROLEHAN SUARA PASANGAN CALON BUPATI DAN WAKIL BUPATI
A44: NOMOR DAN NAMA CALON
A45: A.1 | B45: 1. | C45: Partai Kebangkitan Bangsa | E45: 2 | F45: 0 | G45: 7 | H45: 4 | I45: 4 | J45: 3 | K45: 5 | L45: 4 | M45: 3 | N45: 3 | O45: 5 | P45: 6 | Q45: 4 | R45: 4 | S45: 4 | T45: 1 | U45: 3 | V45: 4 | W45: 3 | X45: =SUM(E45:W45) -> 69
A46: A.2 | B46: 1 | C46: 1. Dr. Hj. NIHAYATUL WAFIROH, M.A. | E46: 5 | F46: 9 | G46: 7 | H46: 15 | I46: 13 | J46: 7 | K46: 7 | L46: 6 | M46: 8 | N46: 7 | O46: 5 | P46: 14 | Q46: 18 | R46: 6 | S46: 5 | T46: 1 | U46: 2 | V46: 3 | W46: 7 | X46: =SUM(E46:W46) -> 145
B47: 2 | C47: 2. H. M. NASIM KHAN | E47: 4 | F47: 6 | G47: 1 | H47: 0 | I47: 1 | J47: 2 | K47: 1 | L47: 0 | M47: 3 | N47: 1 | O47: 0 | P47: 1 | Q47: 1 | R47: 0 | S47: 1 | T47: 0 | U47: 0 | V47: 0 | W47: 1 | X47: =SUM(E47:W47) -> 23
B48: 3 | C48: 3. Dr. H. AKIK ZAMAN, M.Pd.I. | E48: 1 | F48: 0 | G48: 0 | H48: 0 | I48: 0 | J48: 1 | K48: 0 | L48: 0 | M48: 1 | N48: 1 | O48: 0 | P48: 1 | Q48: 0 | R48: 0 | S48: 0 | T48: 1 | U48: 0 | V48: 0 | W48: 1 | X48: =SUM(E48:W48) -> 7
B49: 4 | C49: 4. AHMAD RIFA'I, S.H. | E49: 1 | F49: 1 | G49: 0 | H49: 0 | I49: 1 | J49: 1 | K49: 0 | L49: 0 | M49: 1 | N49: 3 | O49: 0 | P49: 0 | Q49: 0 | R49: 0 | S49: 0 | T49: 0 | U49: 0 | V49: 1 | W49: 0 | X49: =SUM(E49:W49) -> 9
B50: 5 | C50: 5. Drs. H. MAHFUD M.N. | E50: 2 | F50: 0 | G50: 2 | H50: 0 | I50: 0 | J50: 0 | K50: 0 | L50: 0 | M50: 0 | N50: 1 | O50: 0 | P50: 0 | Q50: 0 | R50: 0 | S50: 0 | T50: 0 | U50: 1 | V50: 0 | W50: 0 | X50: =SUM(E50:W50) -> 6
B51: 6 | C51: 6. NURHAYATI, S.Pd. | E51: 0 | F51: 1 | G51: 1 | H51: 0 | I51: 2 | J51: 1 | K51: 0 | L51: 0 | M51: 1 | N51: 2 | O51: 0 | P51: 0 | Q51: 0 | R51: 0 | S51: 0 | T51: 0 | U51: 0 | V51: 0 | W51: 0 | X51: =SUM(E51:W51) -> 8
B52: 7 | C52: 7. MAFTUHA KISWAH | E52: 0 | F52: 0 | G52: 0 | H52: 1 | I52: 1 | J52: 2 | K52: 0 | L52: 0 | M52: 0 | N52: 1 | O52: 0 | P52: 0 | Q52: 1 | R52: 0 | S52: 0 | T52: 0 | U52: 0 | V52: 0 | W52: 0 | X52: =SUM(E52:W52) -> 6
A55: B | B55: JUMLAH SUARA SAH PARTAI POLITIK DAN CALON (A1 + A2) | E55: =SUM(E45:E52) -> 15 | F55: =SUM(F45:F52) -> 17 | G55: =SUM(G45:G52) -> 18 | H55: =SUM(H45:H52) -> 20 | I55: =SUM(I45:I52) -> 22 | J55: =SUM(J45:J52) -> 17 | K55: =SUM(K45:K52) -> 13 | L55: =SUM(L45:L52) -> 10 | ... W55: =SUM(W45:W52) -> 12 | X55: =SUM(E55:W55) -> 273
A57: A.1 | B57: 2. | C57: Partai Gerakan Indonesia Raya | E57: 11 | F57: 10 | G57: 12 | H57: 13 | I57: 9 | J57: 9 | K57: 17 | L57: 14 | M57: 12 | N57: 14 | O57: 2 | P57: 1 | Q57: 7 | R57: 12 | S57: 8 | T57: 9 | U57: 6 | V57: 5 | W57: 12 | X57: =SUM(E57:W57) -> 183
A58: A.2 | B58: 1 | C58: 1. SUMAIL ABDULLAH | E58: 18 | F58: 8 | G58: 20 | H58: 13 | I58: 18 | J58: 10 | K58: 25 | L58: 18 | M58: 33 | N58: 14 | O58: 4 | P58: 1 | Q58: 8 | R58: 8 | S58: 7 | T58: 6 | U58: 4 | V58: 10 | W58: 25 | X58: =SUM(E58:W58) -> 250
B59: 2 | C59: 2. MUHAMMAD ALI ADRIAN SALEH | E59: 6 | F59: 3 | G59: 5 | H59: 5 | I59: 5 | J59: 0 | K59: 5 | L59: 1 | M59: 5 | N59: 5 | O59: 0 | P59: 1 | Q59: 1 | R59: 4 | S59: 1 | T59: 3 | U59: 2 | V59: 3 | W59: 1 | X59: =SUM(E59:W59) -> 56
B60: 3 | C60: 3. DURROTUN NAFISAH | E60: 1 | F60: 1 | G60: 2 | H60: 0 | I60: 2 | J60: 0 | K60: 1 | L60: 2 | M60: 0 | N60: 1 | O60: 0 | P60: 0 | Q60: 0 | R60: 2 | S60: 3 | T60: 1 | U60: 0 | V60: 1 | W60: 0 | X60: =SUM(E60:W60) -> 17
B61: 4 | C61: 4. H. EKO SUSILO NURHIDAYAT | E61: 4 | F61: 4 | G61: 2 | H61: 2 | I61: 3 | J61: 1 | K61: 2 | L61: 0 | M61: 1 | N61: 3 | O61: 2 | P61: 0 | Q61: 0 | R61: 2 | S61: 0 | T61: 0 | U61: 2 | V61: 1 | W61: 1 | X61: =SUM(E61:W61) -> 30
B62: 5 | C62: 5. KARNADI HARIJANTO, S.S. | E62: 2 | F62: 0 | G62: 0 | H62: 1 | I62: 0 | J62: 0 | K62: 1 | L62: 0 | M62: 0 | N62: 0 | O62: 0 | P62: 0 | Q62: 1 | R62: 0 | S62: 1 | T62: 1 | U62: 0 | V62: 0 | W62: 0 | X62: =SUM(E62:W62) -> 7
B63: 6 | C63: 6. NURHAYATI | E63: 0 | F63: 1 | G63: 2 | H63: 0 | I63: 1 | J63: 0 | K63: 0 | L63: 1 | M63: 0 | N63: 3 | O63: 1 | P63: 0 | Q63: 0 | R63: 3 | S63: 0 | T63: 0 | U63: 0 | V63: 0 | W63: 0 | X63: =SUM(E63:W63) -> 12
B64: 7 | C64: 7. MASHUDI | E64: 0 | F64: 0 | G64: 0 | H64: 0 | I64: 0 | J64: 0 | K64: 0 | L64: 0 | M64: 0 | N64: 0 | O64: 0 | P64: 0 | Q64: 0 | R64: 2 | S64: 0 | T64: 1 | U64: 1 | V64: 0 | W64: 0 | X64: =SUM(E64:W64) -> 4
A67: B | B67: JUMLAH SUARA SAH PARTAI POLITIK DAN CALON (A1 + A2) | E67: =SUM(E57:E64) -> 42 | F67: =SUM(F57:F64) -> 27 | G67: =SUM(G57:G64) -> 43 | H67: =SUM(H57:H64) -> 34 | I67: =SUM(I57:I64) -> 38 | J67: =SUM(J57:J64) -> 20 | K67: =SUM(K57:K64) -> 51 | L67: =SUM(L57:L64) -> 36 | ... W67: =SUM(W57:W64) -> 39 | X67: =SUM(E67:W67) -> 559
A69: A.1 | B69: 3. | C69: Partai Demokrasi Indonesia Perjuangan | E69: 8 | F69: 14 | G69: 9 | H69: 10 | I69: 8 | J69: 13 | K69: 11 | L69: 10 | M69: 7 | N69: 12 | O69: 10 | P69: 16 | Q69: 5 | R69: 13 | S69: 21 | T69: 15 | U69: 10 | V69: 9 | W69: 12 | X69: =SUM(E69:W69) -> 213
A70: A.2 | B70: 1 | C70: 1. SONNY TRI DANAPARAMITA, S.H., M.H. | E70: 37 | F70: 16 | G70: 5 | H70: 27 | I70: 7 | J70: 17 | K70: 9 | L70: 11 | M70: 12 | N70: 9 | O70: 17 | P70: 70 | Q70: 10 | R70: 10 | S70: 13 | T70: 46 | U70: 56 | V70: 28 | W70: 23 | X70: =SUM(E70:W70) -> 423
B71: 2 | C71: 2. H. MOHAMAD GUNTUR ROMLI | E71: 1 | F71: 6 | G71: 13 | H71: 4 | I71: 4 | J71: 2 | K71: 0 | L71: 0 | M71: 2 | N71: 7 | O71: 0 | P71: 0 | Q71: 1 | R71: 2 | S71: 0 | T71: 5 | U71: 1 | V71: 1 | W71: 4 | X71: =SUM(E71:W71) -> 53
B72: 3 | C72: 3. INA AMMANIA | E72: 4 | F72: 2 | G72: 3 | H72: 3 | I72: 5 | J72: 1 | K72: 7 | L72: 13 | M72: 3 | N72: 10 | O72: 6 | P72: 1 | Q72: 12 | R72: 72 | S72: 43 | T72: 34 | U72: 42 | V72: 22 | W72: 31 | X72: =SUM(E72:W72) -> 314
B73: 4 | C73: 4. IRWAN BACHTIAR RACHMAT, M.Si. | E73: 0 | F73: 3 | G73: 0 | H73: 0 | I73: 0 | J73: 0 | K73: 1 | L73: 0 | M73: 0 | N73: 2 | O73: 0 | P73: 1 | Q73: 0 | R73: 0 | S73: 0 | T73: 0 | U73: 1 | V73: 0 | W73: 0 | X73: =SUM(E73:W73) -> 8
B74: 5 | C74: 5. LUCKY PERDANA | E74: 12 | F74: 12 | G74: 12 | H74: 15 | I74: 11 | J74: 10 | K74: 15 | L74: 13 | M74: 11 | N74: 10 | O74: 2 | P74: 2 | Q74: 6 | R74: 8 | S74: 9 | T74: 7 | U74: 0 | V74: 3 | W74: 0 | X74: =SUM(E74:W74) -> 158
B75: 6 | C75: 6. WIWIK PUJIYATI | E75: 1 | F75: 0 | G75: 0 | H75: 0 | I75: 0 | J75: 1 | K75: 0 | L75: 1 | M75: 1 | N75: 1 | O75: 2 | P75: 0 | Q75: 0 | R75: 0 | S75: 0 | T75: 3 | U75: 0 | V75: 1 | W75: 0 | X75: =SUM(E75:W75) -> 11
B76: 7 | C76: 7. CHANDRA ASTAN, S.T. | E76: 3 | F76: 1 | G76: 0 | H76: 0 | I76: 2 | J76: 2 | K76: 0 | L76: 1 | M76: 1 | N76: 1 | O76: 0 | P76: 0 | Q76: 0 | R76: 0 | S76: 0 | T76: 0 | U76: 0 | V76: 0 | W76: 0 | X76: =SUM(E76:W76) -> 11
A79: B | B79: JUMLAH SUARA SAH PARTAI POLITIK DAN CALON (A1 + A2) | E79: =SUM(E69:E76) -> 66 | F79: =SUM(F69:F76) -> 54 | G79: =SUM(G69:G76) -> 42 | H79: =SUM(H69:H76) -> 59 | I79: =SUM(I69:I76) -> 37 | J79: =SUM(J69:J76) -> 46 | K79: =SUM(K69:K76) -> 43 | L79: =SUM(L69:L76) -> 49 | ... W79: =SUM(W69:W76) -> 70 | X79: =SUM(E79:W79) -> 1191
A81: A.1 | B81: 4. | C81: Partai Golongan Karya | E81: 4 | F81: 5 | G81: 8 | H81: 2 | I81: 15 | J81: 14 | K81: 4 | L81: 0 | M81: 6 | N81: 5 | O81: 2 | P81: 2 | Q81: 6 | R81: 2 | S81: 5 | T81: 2 | U81: 12 | V81: 3 | W81: 6 | X81: =SUM(E81:W81) -> 103
A82: A.2 | B82: 1 | C82: 1. ZULFIKAR ARSE SADIKIN, S.I.P., M.Si. | E82: 11 | F82: 38 | G82: 7 | H82: 1 | I82: 24 | J82: 16 | K82: 2 | L82: 8 | M82: 6 | N82: 2 | O82: 7 | P82: 1 | Q82: 34 | R82: 1 | S82: 3 | T82: 3 | U82: 8 | V82: 8 | W82: 6 | X82: =SUM(E82:W82) -> 186
B83: 2 | C83: 2. HANDOKO | E83: 2 | F83: 0 | G83: 1 | H83: 3 | I83: 5 | J83: 6 | K83: 1 | L83: 2 | M83: 4 | N83: 1 | O83: 0 | P83: 0 | Q83: 1 | R83: 2 | S83: 1 | T83: 0 | U83: 1 | V83: 4 | W83: 2 | X83: =SUM(E83:W83) -> 36
B84: 3 | C84: 3. Hj. OVI DEWI YANTI | E84: 0 | F84: 0 | G84: 0 | H84: 1 | I84: 2 | J84: 2 | K84: 1 | L84: 1 | M84: 1 | N84: 1 | O84: 0 | P84: 0 | Q84: 0 | R84: 3 | S84: 2 | T84: 0 | U84: 0 | V84: 0 | W84: 1 | X84: =SUM(E84:W84) -> 15
B85: 4 | C85: 4. Ir. AZAM AZMAN NATAWIJANA | E85: 1 | F85: 3 | G85: 1 | H85: 1 | I85: 2 | J85: 6 | K85: 2 | L85: 1 | M85: 1 | N85: 4 | O85: 0 | P85: 0 | Q85: 1 | R85: 3 | S85: 0 | T85: 1 | U85: 5 | V85: 0 | W85: 1 | X85: =SUM(E85:W85) -> 33
B86: 5 | C86: 5. UBAIDILLAH AMIN, S.Kom. | E86: 2 | F86: 0 | G86: 0 | H86: 0 | I86: 2 | J86: 0 | K86: 0 | L86: 1 | M86: 0 | N86: 0 | O86: 0 | P86: 0 | Q86: 0 | R86: 0 | S86: 0 | T86: 0 | U86: 0 | V86: 0 | W86: 0 | X86: =SUM(E86:W86) -> 5
B87: 6 | C87: 6. DENNY YUNIANDARI, S.H., M.Kn. | E87: 0 | F87: 0 | G87: 0 | H87: 0 | I87: 1 | J87: 0 | K87: 0 | L87: 0 | M87: 1 | N87: 1 | O87: 0 | P87: 0 | Q87: 1 | R87: 0 | S87: 0 | T87: 0 | U87: 0 | V87: 0 | W87: 1 | X87: =SUM(E87:W87) -> 5
B88: 7 | C88: 7. ERNADI, S.H.I. | E88: 0 | F88: 0 | G88: 2 | H88: 0 | I88: 0 | J88: 1 | K88: 0 | L88: 0 | M88: 0 | N88: 0 | O88: 0 | P88: 0 | Q88: 0 | R88: 0 | S88: 0 | T88: 0 | U88: 0 | V88: 0 | W88: 0 | X88: =SUM(E88:W88) -> 3
A91: B | B91: JUMLAH SUARA SAH PARTAI POLITIK DAN CALON (A1 + A2) | E91: =SUM(E81:E88) -> 20 | F91: =SUM(F81:F88) -> 46 | G91: =SUM(G81:G88) -> 19 | H91: =SUM(H81:H88) -> 8 | I91: =SUM(I81:I88) -> 51 | J91: =SUM(J81:J88) -> 45 | K91: =SUM(K81:K88) -> 10 | L91: =SUM(L81:L88) -> 13 | ... W91: =SUM(W81:W88) -> 17 | X91: =SUM(E91:W91) -> 386
A93: A.1 | B93: 5. | C93: Partai NasDem | E93: 4 | F93: 7 | G93: 1 | H93: 1 | I93: 2 | J93: 2 | K93: 0 | L93: 1 | M93: 1 | N93: 8 | O93: 0 | P93: 1 | Q93: 2 | R93: 1 | S93: 1 | T93: 1 | U93: 1 | V93: 1 | W93: 2 | X93: =SUM(E93:W93) -> 37
A94: A.2 | B94: 1 | C94: 1. ACH. FADIL MUZAKKI SYAH | E94: 0 | F94: 0 | G94: 3 | H94: 2 | I94: 0 | J94: 3 | K94: 1 | L94: 0 | M94: 0 | N94: 0 | O94: 2 | P94: 0 | Q94: 1 | R94: 3 | S94: 1 | T94: 2 | U94: 0 | V94: 1 | W94: 0 | X94: =SUM(E94:W94) -> 19
B95: 2 | C95: 2. BENY | E95: 4 | F95: 0 | G95: 0 | H95: 0 | I95: 0 | J95: 0 | K95: 0 | L95: 0 | M95: 0 | N95: 2 | O95: 1 | P95: 0 | Q95: 0 | R95: 0 | S95: 3 | T95: 0 | U95: 0 | V95: 2 | W95: 1 | X95: =SUM(E95:W95) -> 13
B96: 3 | C96: 3. VINA VERONIKA | E96: 0 | F96: 0 | G96: 1 | H96: 0 | I96: 0 | J96: 0 | K96: 0 | L96: 0 | M96: 0 | N96: 1 | O96: 0 | P96: 0 | Q96: 0 | R96: 0 | S96: 0 | T96: 0 | U96: 0 | V96: 0 | W96: 1 | X96: =SUM(E96:W96) -> 3
B97: 4 | C97: 4. TEDDY ANUGRIANTO | E97: 3 | F97: 1 | G97: 0 | H97: 0 | I97: 0 | J97: 0 | K97: 1 | L97: 2 | M97: 1 | N97: 3 | O97: 0 | P97: 2 | Q97: 0 | R97: 0 | S97: 1 | T97: 0 | U97: 0 | V97: 0 | W97: 0 | X97: =SUM(E97:W97) -> 14
B98: 5 | C98: 5. INSAN KAMIL | E98: 1 | F98: 3 | G98: 0 | H98: 0 | I98: 0 | J98: 0 | K98: 1 | L98: 4 | M98: 8 | N98: 2 | O98: 0 | P98: 0 | Q98: 0 | R98: 1 | S98: 0 | T98: 0 | U98: 0 | V98: 0 | W98: 0 | X98: =SUM(E98:W98) -> 20
B99: 6 | C99: 6. LILIK LINDARWATI | E99: 0 | F99: 0 | G99: 0 | H99: 0 | I99: 0 | J99: 0 | K99: 1 | L99: 2 | M99: 0 | N99: 4 | O99: 0 | P99: 0 | Q99: 0 | R99: 0 | S99: 0 | T99: 0 | U99: 0 | V99: 0 | W99: 0 | X99: =SUM(E99:W99) -> 7
B100: 7 | C100: 7. YULI ANITA | E100: 0 | F100: 0 | G100: 0 | H100: 0 | I100: 0 | J100: 0 | K100: 0 | L100: 0 | M100: 0 | N100: 0 | O100: 0 | P100: 0 | Q100: 0 | R100: 0 | S100: 0 | T100: 0 | U100: 0 | V100: 0 | W100: 0 | X100: =SUM(E100:W100) -> 0
A103: B | B103: JUMLAH SUARA SAH PARTAI POLITIK DAN CALON (A1 + A2) | E103: =SUM(E93:E100) -> 12 | F103: =SUM(F93:F100) -> 11 | G103: =SUM(G93:G100) -> 5 | H103: =SUM(H93:H100) -> 3 | I103: =SUM(I93:I100) -> 2 | J103: =SUM(J93:J100) -> 5 | K103: =SUM(K93:K100) -> 4 | L103: =SUM(L93:L100) -> 9 | ... W103: =SUM(W93:W100) -> 4 | X103: =SUM(E103:W103) -> 113
A105: A.1 | B105: 6. | C105: Partai Buruh | E105: 0 | F105: 0 | G105: 0 | H105: 0 | I105: 0 | J105: 0 | K105: 2 | L105: 0 | M105: 0 | N105: 1 | O105: 2 | P105: 2 | Q105: 1 | R105: 0 | S105: 0 | T105: 0 | U105: 0 | V105: 2 | W105: 0 | X105: =SUM(E105:W105) -> 10
A106: A.2 | B106: 1 | C106: 1. KHOIRUL ANAM | E106: 0 | F106: 0 | G106: 0 | H106: 0 | I106: 0 | J106: 0 | K106: 1 | L106: 0 | M106: 1 | N106: 0 | O106: 0 | P106: 0 | Q106: 0 | R106: 0 | S106: 0 | T106: 0 | U106: 0 | V106: 1 | W106: 0 | X106: =SUM(E106:W106) -> 3
B107: 2 | C107: 2. INA KURNIA | E107: 0 | F107: 0 | G107: 0 | H107: 0 | I107: 0 | J107: 0 | K107: 0 | L107: 1 | M107: 0 | N107: 1 | O107: 0 | P107: 0 | Q107: 0 | R107: 1 | S107: 1 | T107: 0 | U107: 1 | V107: 1 | W107: 0 | X107: =SUM(E107:W107) -> 6
B108: 3 | C108: 3. JIBRAL TAROUK | E108: 0 | F108: 0 | G108: 0 | H108: 0 | I108: 0 | J108: 0 | K108: 0 | L108: 0 | M108: 0 | N108: 1 | O108: 0 | P108: 0 | Q108: 0 | R108: 0 | S108: 0 | T108: 0 | U108: 0 | V108: 1 | W108: 0 | X108: =SUM(E108:W108) -> 2
B109: 4 | C109: 4. ASTUTI DAENG PUJI | E109: 1 | F109: 0 | G109: 0 | H109: 0 | I109: 0 | J109: 0 | K109: 0 | L109: 0 | M109: 0 | N109: 0 | O109: 0 | P109: 0 | Q109: 0 | R109: 1 | S109: 0 | T109: 0 | U109: 0 | V109: 0 | W109: 0 | X109: =SUM(E109:W109) -> 2
B110: 5 | C110: 5. ASDARMAWAN | E110: 0 | F110: 0 | G110: 0 | H110: 0 | I110: 0 | J110: 0 | K110: 0 | L110: 0 | M110: 0 | N110: 0 | O110: 0 | P110: 0 | Q110: 0 | R110: 0 | S110: 0 | T110: 0 | U110: 0 | V110: 0 | W110: 0 | X110: =SUM(E110:W110) -> 0
B111: 6 | C111: 6. RIFQI MUBAROK | E111: 0 | F111: 0 | G111: 0 | H111: 0 | I111: 0 | J111: 0 | K111: 0 | L111: 0 | M111: 0 | N111: 0 | O111: 0 | P111: 0 | Q111: 0 | R111: 0 | S111: 0 | T111: 0 | U111: 0 | V111: 0 | W111: 0 | X111: =SUM(E111:W111) -> 0
B112: 7 | C112: 7. FIRNANDA ALTA MEGA | E112: 0 | F112: 0 | G112: 0 | H112: 0 | I112: 0 | J112: 0 | K112: 0 | L112: 0 | M112: 0 | N112: 0 | O112: 0 | P112: 1 | Q112: 0 | R112: 0 | S112: 0 | T112: 0 | U112: 0 | V112: 0 | W112: 0 | X112: =SUM(E112:W112) -> 1
A115: B | B115: JUMLAH SUARA SAH PARTAI POLITIK DAN CALON (A1 + A2) | E115: =SUM(E105:E112) -> 1 | F115: =SUM(F105:F112) -> 0 | G115: =SUM(G105:G112) -> 0 | H115: =SUM(H105:H112) -> 0 | I115: =SUM(I105:I112) -> 0 | J115: =SUM(J105:J112) -> 0 | K115: =SUM(K105:K112) -> 3 | L115: =SUM(L105:L112) -> 1 | ... W115: =SUM(W105:W112) -> 0 | X115: =SUM(E115:W115) -> 24
A117: A.1 | B117: 7. | C117: Partai Gelombang Rakyat Indonesia | E117: 0 | F117: 2 | G117: 2 | H117: 2 | I117: 2 | J117: 0 | K117: 1 | L117: 1 | M117: 0 | N117: 5 | O117: 3 | P117: 3 | Q117: 2 | R117: 4 | S117: 1 | T117: 5 | U117: 2 | V117: 1 | W117: 5 | X117: =SUM(E117:W117) -> 41
A118: A.2 | B118: 1 | C118: 1. TITI WIDORETNO WARISMAN | E118: 0 | F118: 0 | G118: 2 | H118: 1 | I118: 0 | J118: 0 | K118: 0 | L118: 1 | M118: 2 | N118: 5 | O118: 0 | P118: 1 | Q118: 1 | R118: 2 | S118: 2 | T118: 7 | U118: 0 | V118: 0 | W118: 0 | X118: =SUM(E118:W118) -> 24
B119: 2 | C119: 2. MAMIEK SETYANINGSIH | E119: 0 | F119: 0 | G119: 0 | H119: 0 | I119: 0 | J119: 0 | K119: 1 | L119: 0 | M119: 0 | N119: 0 | O119: 0 | P119: 0 | Q119: 0 | R119: 1 | S119: 1 | T119: 0 | U119: 0 | V119: 0 | W119: 0 | X119: =SUM(E119:W119) -> 3
B120: 3 | C120: 3. ROMIL AZIZEN | E120: 0 | F120: 0 | G120: 0 | H120: 0 | I120: 0 | J120: 0 | K120: 0 | L120: 0 | M120: 0 | N120: 0 | O120: 0 | P120: 0 | Q120: 0 | R120: 0 | S120: 0 | T120: 0 | U120: 0 | V120: 0 | W120: 0 | X120: =SUM(E120:W120) -> 0
A127: B | B127: JUMLAH SUARA SAH PARTAI POLITIK DAN CALON (A1 + A2) | E127: =SUM(E117:E120) -> 0 | F127: =SUM(F117:F120) -> 2 | G127: =SUM(G117:G120) -> 4 | H127: =SUM(H117:H120) -> 3 | I127: =SUM(I117:I120) -> 2 | J127: =SUM(J117:J120) -> 0 | K127: =SUM(K117:K120) -> 2 | L127: =SUM(L117:L120) -> 2 | ... W127: =SUM(W117:W120) -> 5 | X127: =SUM(E127:W127) -> 68
A129: A.1 | B129: 8. | C129: Partai Keadilan Sejahtera | E129: 13 | F129: 0 | G129: 1 | H129: 1 | I129: 4 | J129: 2 | K129: 3 | L129: 2 | M129: 2 | N129: 5 | O129: 8 | P129: 1 | Q129: 2 | R129: 0 | S129: 0 | T129: 0 | U129: 4 | V129: 0 | W129: 0 | X129: =SUM(E129:W129) -> 48
A130: A.2 | B130: 1 | C130: 1. H. SAIMI SALEH, S.E., M.M. | E130: 8 | F130: 0 | G130: 5 | H130: 2 | I130: 0 | J130: 2 | K130: 10 | L130: 13 | M130: 1 | N130: 1 | O130: 52 | P130: 4 | Q130: 4 | R130: 0 | S130: 0 | T130: 2 | U130: 2 | V130: 2 | W130: 1 | X130: =SUM(E130:W130) -> 109
B131: 2 | C131: 2. Prof. Dr. H. EGGI SUDJANA, S.H., M.Si. | E131: 5 | F131: 1 | G131: 2 | H131: 2 | I131: 2 | J131: 2 | K131: 2 | L131: 1 | M131: 4 | N131: 2 | O131: 0 | P131: 0 | Q131: 0 | R131: 0 | S131: 0 | T131: 0 | U131: 0 | V131: 0 | W131: 0 | X131: =SUM(E131:W131) -> 23
B132: 3 | C132: 3. NURUL KHOTIMAH | E132: 0 | F132: 0 | G132: 0 | H132: 1 | I132: 0 | J132: 0 | K132: 1 | L132: 1 | M132: 0 | N132: 0 | O132: 1 | P132: 0 | Q132: 0 | R132: 0 | S132: 0 | T132: 0 | U132: 0 | V132: 0 | W132: 0 | X132: =SUM(E132:W132) -> 4
B133: 4 | C133: 4. AKHMAD SUYANTO, S.T., M.T. | E133: 0 | F133: 0 | G133: 0 | H133: 0 | I133: 0 | J133: 0 | K133: 0 | L133: 0 | M133: 0 | N133: 0 | O133: 0 | P133: 0 | Q133: 1 | R133: 0 | S133: 0 | T133: 0 | U133: 0 | V133: 0 | W133: 0 | X133: =SUM(E133:W133) -> 1
B134: 5 | C134: 5. PUJIYATNI | E134: 0 | F134: 0 | G134: 0 | H134: 0 | I134: 0 | J134: 0 | K134: 1 | L134: 0 | M134: 0 | N134: 1 | O134: 0 | P134: 0 | Q134: 0 | R134: 0 | S134: 0 | T134: 0 | U134: 0 | V134: 0 | W134: 0 | X134: =SUM(E134:W134) -> 2
B135: 6 | C135: 6. HENI PURWATININGSIH | E135: 0 | F135: 0 | G135: 0 | H135: 0 | I135: 0 | J135: 0 | K135: 0 | L135: 0 | M135: 0 | N135: 0 | O135: 2 | P135: 0 | Q135: 0 | R135: 0 | S135: 0 | T135: 0 | U135: 0 | V135: 0 | W135: 0 | X135: =SUM(E135:W135) -> 2
B136: 7 | C136: 7. MUHADI | E136: 0 | F136: 0 | G136: 1 | H136: 0 | I136: 0 | J136: 0 | K136: 1 | L136: 0 | M136: 0 | N136: 0 | O136: 1 | P136: 0 | Q136: 0 | R136: 0 | S136: 0 | T136: 0 | U136: 0 | V136: 0 | W136: 0 | X136: =SUM(E136:W136) -> 3
...

Sheet REJOSARI
C2: Kecamatan | D2: GLAGAH
C3: Kabupaten | D3: BANYUWANGI
C4: Provinsi | D4: JAWA TIMUR
C9: Kelurahan | D9: REJOSARI
A12: I | B12: DATA PEMILIH DAN PENGGUNAAN HAK PILIH | N12: JUMLAH AKHIR
A13: A | B13: DATA PEMILIH | E13: TPS 001 | F13: TPS 002 | G13: TPS 003 | H13: TPS 004 | I13: TPS 005 | J13: TPS 006 | K13: TPS 007 | L13: TPS 008 | M13: TPS 009
B14: Jumlah Pemilih dalam Daftar Pemilih Tetap (DPT) | D14: LK | E14: 149 | F14: 125 | G14: 137 | H14: 133 | I14: 133 | J14: 121 | K14: 124 | L14: 126 | M14: 131 | N14: =SUM(E14:M14) -> 1179
D15: PR | E15: 126 | F15: 135 | G15: 127 | H15: 129 | I15: 130 | J15: 145 | K15: 135 | L15: 138 | M15: 127 | N15: =SUM(E15:M15) -> 1192
D16: JML | E16: =SUM(E14:E15) -> 275 | F16: =SUM(F14:F15) -> 260 | G16: =SUM(G14:G15) -> 264 | H16: =SUM(H14:H15) -> 262 | I16: =SUM(I14:I15) -> 263 | J16: =SUM(J14:J15) -> 266 | K16: =SUM(K14:K15) -> 259 | L16: =SUM(L14:L15) -> 264 | M16: =SUM(M14:M15) -> 258 | N16: =SUM(E16:M16) -> 2371
A18: B | B18: PENGGUNA HAK PILIH
B19: 1. | C19: Jumlah pengguna hak pilih dalam Daftar Pemilih Tetap (DPT) | D19: LK | E19: 127 | F19: 108 | G19: 110 | H19: 108 | I19: 106 | J19: 95 | K19: 88 | L19: 105 | M19: 105 | N19: =SUM(E19:M19) -> 952
D20: PR | E20: 113 | F20: 116 | G20: 115 | H20: 108 | I20: 104 | J20: 122 | K20: 111 | L20: 120 | M20: 104 | N20: =SUM(E20:M20) -> 1013
D21: JML | E21: =SUM(E19:E20) -> 240 | F21: =SUM(F19:F20) -> 224 | G21: =SUM(G19:G20) -> 225 | H21: =SUM(H19:H20) -> 216 | I21: =SUM(I19:I20) -> 210 | J21: =SUM(J19:J20) -> 217 | K21: =SUM(K19:K20) -> 199 | L21: =SUM(L19:L20) -> 225 | M21: =SUM(M19:M20) -> 209 | N21: =SUM(E21:M21) -> 1965
B22: 2. | C22: Jumlah pengguna hak pilih dalam Daftar Pemilih Tambahan (DPTb) | D22: LK | E22: 1 | F22: 1 | G22: 2 | H22: 0 | I22: 1 | J22: 1 | K22: 2 | L22: 0 | M22: 1 | N22: =SUM(E22:M22) -> 9
D23: PR | E23: 4 | F23: 2 | G23: 2 | H23: 0 | I23: 1 | J23: 2 | K23: 2 | L23: 0 | M23: 1 | N23: =SUM(E23:M23) -> 14
D24: JML | E24: =SUM(E22:E23) -> 5 | F24: =SUM(F22:F23) -> 3 | G24: =SUM(G22:G23) -> 4 | H24: =SUM(H22:H23) -> 0 | I24: =SUM(I22:I23) -> 2 | J24: =SUM(J22:J23) -> 3 | K24: =SUM(K22:K23) -> 4 | L24: =SUM(L22:L23) -> 0 | M24: =SUM(M22:M23) -> 2 | N24: =SUM(E24:M24) -> 23
B25: 3. | C25: Jumlah pengguna hak pilih dalam Daftar Pemilih Khusus (DPK) | D25: LK | E25: 0 | F25: 0 | G25: 2 | H25: 0 | I25: 1 | J25: 0 | K25: 0 | L25: 0 | M25: 0 | N25: =SUM(E25:M25) -> 3
D26: PR | E26: 1 | F26: 1 | G26: 2 | H26: 0 | I26: 0 | J26: 1 | K26: 1 | L26: 1 | M26: 0 | N26: =SUM(E26:M26) -> 7
D27: JML | E27: =SUM(E25:E26) -> 1 | F27: =SUM(F25:F26) -> 1 | G27: =SUM(G25:G26) -> 4 | H27: =SUM(H25:H26) -> 0 | I27: =SUM(I25:I26) -> 1 | J27: =SUM(J25:J26) -> 1 | K27: =SUM(K25:K26) -> 1 | L27: =SUM(L25:L26) -> 1 | M27: =SUM(M25:M26) -> 0 | N27: =SUM(E27:M27) -> 10
B28: 4. | C28: Jumlah Pengguna Hak Pilih (B.1+B.2+B.3) | D28: LK | E28: =SUM(E19,E22,E25) -> 128 | F28: =SUM(F19,F22,F25) -> 109 | G28: =SUM(G19,G22,G25) -> 114 | H28: =SUM(H19,H22,H25) -> 108 | I28: =SUM(I19,I22,I25) -> 108 | J28: =SUM(J19,J22,J25) -> 96 | K28: =SUM(K19,K22,K25) -> 90 | L28: =SUM(L19,L22,L25) -> 105 | M28: =SUM(M19,M22,M25) -> 106 | N28: =SUM(E28:M28) -> 964
D29: PR | E29: =SUM(E20,E23,E26) -> 118 | F29: =SUM(F20,F23,F26) -> 119 | G29: =SUM(G20,G23,G26) -> 119 | H29: =SUM(H20,H23,H26) -> 108 | I29: =SUM(I20,I23,I26) -> 105 | J29: =SUM(J20,J23,J26) -> 125 | K29: =SUM(K20,K23,K26) -> 114 | L29: =SUM(L20,L23,L26) -> 121 | M29: =SUM(M20,M23,M26) -> 105 | N29: =SUM(E29:M29) -> 1034
D30: JML | E30: =SUM(E28:E29) -> 246 | F30: =SUM(F28:F29) -> 228 | G30: =SUM(G28:G29) -> 233 | H30: =SUM(H28:H29) -> 216 | I30: =SUM(I28:I29) -> 213 | J30: =SUM(J28:J29) -> 221 | K30: =SUM(K28:K29) -> 204 | L30: =SUM(L28:L29) -> 226 | M30: =SUM(M28:M29) -> 211 | N30: =SUM(E30:M30) -> 1998
A32: II | B32: DATA PENGGUNAAN SURAT SUARA
A33: 1 | B33: Jumlah surat suara yang diterima, termasuk surat suara cadangan 2,5% dari DPT | E33: 281 | F33: 266 | G33: 269 | H33: 268 | I33: 269 | J33: 272 | K33: 265 | L33: 270 | M33: 264 | N33: =SUM(E33:M33) -> 2424
A34: 2 | B34: Jumlah surat suara yang digunakan | E34: 246 | F34: 228 | G34: 233 | H34: 216 | I34: 213 | J34: 221 | K34: 204 | L34: 226 | M34: 211 | N34: =SUM(E34:M34) -> 1998
A35: 3 | B35: Jumlah surat suara dikembalikan oleh pemilih (karena rusak atau keliru coblos) | E35: 1 | F35: 1 | G35: 0 | H35: 0 | I35: 1 | J35: 1 | K35: 0 | L35: 0 | M35: 0 | N35: =SUM(E35:M35) -> 4
A36: 4 | B36: Jumlah surat suara yang tidak digunakan/tidak terpakai, termasuk sisa surat suara cadangan | E36: =E33-(E34+E35) -> 34 | F36: =F33-(F34+F35) -> 37 | G36: =G33-(G34+G35) -> 36 | H36: =H33-(H34+H35) -> 52 | I36: =I33-(I34+I35) -> 55 | J36: =J33-(J34+J35) -> 50 | K36: =K33-(K34+K35) -> 61 | L36: =L33-(L34+L35) -> 44 | M36: =M33-(M34+M35) -> 53 | N36: =SUM(E36:M36) -> 422
A38: III | B38: DATA PEMILIH DISABILITAS
B39: Jumlah seluruh Pemilih disabilitas yang menggunakan hak pilih | D39: LK | E39: 4 | F39: 1 | G39: 1 | K39: 1 | L39: 1 | N39: =SUM(E39:M39) -> 8
D40: PR | E40: 2 | N40: =SUM(E40:M40) -> 2
D41: JML | E41: =SUM(E39:E40) -> 6 | F41: =SUM(F39:F40) -> 1 | G41: =SUM(G39:G40) -> 1 | H41: =SUM(H39:H40) -> 0 | I41: =SUM(I39:I40) -> 0 | J41: =SUM(J39:J40) -> 0 | K41: =SUM(K39:K40) -> 1 | L41: =SUM(L39:L40) -> 1 | M41: =SUM(M39:M40) -> 0 | N41: =SUM(E41:M41) -> 10
A43: IV | B43: DATA RINCIAN PEROLEHAN SUARA PASANGAN CALON BUPATI DAN WAKIL BUPATI
A44: NOMOR DAN NAMA CALON
A45: A.1 | B45: 1. | C45: Partai Kebangkitan Bangsa | E45: 5 | F45: 9 | G45: 6 | H45: 6 | I45: 6 | J45: 5 | K45: 3 | L45: 6 | M45: 5 | N45: =SUM(E45:M45) -> 51
A46: A.2 | B46: 1 | C46: 1. Dr. Hj. NIHAYATUL WAFIROH, M.A. | E46: 3 | F46: 11 | G46: 18 | H46: 13 | I46: 8 | J46: 5 | K46: 3 | L46: 6 | M46: 7 | N46: =SUM(E46:M46) -> 74
B47: 2 | C47: 2. H. M. NASIM KHAN | E47: 1 | F47: 0 | G47: 0 | H47: 0 | I47: 0 | J47: 0 | K47: 3 | L47: 2 | M47: 2 | N47: =SUM(E47:M47) -> 8
B48: 3 | C48: 3. Dr. H. AKIK ZAMAN, M.Pd.I. | E48: 1 | F48: 0 | G48: 2 | H48: 1 | I48: 0 | J48: 0 | K48: 0 | L48: 0 | M48: 0 | N48: =SUM(E48:M48) -> 4
B49: 4 | C49: 4. AHMAD RIFA'I, S.H. | E49: 0 | F49: 0 | G49: 1 | H49: 0 | I49: 1 | J49: 0 | K49: 0 | L49: 0 | M49: 0 | N49: =SUM(E49:M49) -> 2
B50: 5 | C50: 5. Drs. H. MAHFUD M.N. | E50: 0 | F50: 0 | G50: 0 | H50: 0 | I50: 0 | J50: 1 | K50: 0 | L50: 1 | M50: 0 | N50: =SUM(E50:M50) -> 2
B51: 6 | C51: 6. NURHAYATI, S.Pd. | E51: 0 | F51: 0 | G51: 0 | H51: 0 | I51: 0 | J51: 1 | K51: 1 | L51: 1 | M51: 0 | N51: =SUM(E51:M51) -> 3
B52: 7 | C52: 7. MAFTUHA KISWAH | E52: 0 | F52: 0 | G52: 0 | H52: 0 | I52: 0 | J52: 0 | K52: 0 | L52: 0 | M52: 2 | N52: =SUM(E52:M52) -> 2
A55: B | B55: JUMLAH SUARA SAH PARTAI POLITIK DAN CALON (A1 + A2) | E55: =SUM(E45:E52) -> 10 | F55: =SUM(F45:F52) -> 20 | G55: =SUM(G45:G52) -> 27 | H55: =SUM(H45:H52) -> 20 | I55: =SUM(I45:I52) -> 15 | J55: =SUM(J45:J52) -> 12 | K55: =SUM(K45:K52) -> 10 | L55: =SUM(L45:L52) -> 16 | M55: =SUM(M45:M52) -> 16 | N55: =SUM(E55:M55) -> 146
A57: A.1 | B57: 2. | C57: Partai Gerakan Indonesia Raya | E57: 14 | F57: 15 | G57: 13 | H57: 16 | I57: 18 | J57: 18 | K57: 12 | L57: 22 | M57: 9 | N57: =SUM(E57:M57) -> 137
A58: A.2 | B58: 1 | C58: 1. SUMAIL ABDULLAH | E58: 30 | F58: 26 | G58: 60 | H58: 43 | I58: 32 | J58: 52 | K58: 34 | L58: 15 | M58: 19 | N58: =SUM(E58:M58) -> 311
B59: 2 | C59: 2. MUHAMMAD ALI ADRIAN SALEH | E59: 1 | F59: 2 | G59: 3 | H59: 4 | I59: 3 | J59: 3 | K59: 1 | L59: 2 | M59: 1 | N59: =SUM(E59:M59) -> 20
B60: 3 | C60: 3. DURROTUN NAFISAH | E60: 3 | F60: 0 | G60: 0 | H60: 0 | I60: 1 | J60: 2 | K60: 0 | L60: 2 | M60: 0 | N60: =SUM(E60:M60) -> 8
B61: 4 | C61: 4. H. EKO SUSILO NURHIDAYAT | E61: 0 | F61: 2 | G61: 2 | H61: 0 | I61: 0 | J61: 2 | K61: 0 | L61: 1 | M61: 1 | N61: =SUM(E61:M61) -> 8
B62: 5 | C62: 5. KARNADI HARIJANTO, S.S. | E62: 0 | F62: 1 | G62: 1 | H62: 0 | I62: 1 | J62: 0 | K62: 0 | L62: 0 | M62: 0 | N62: =SUM(E62:M62) -> 3
B63: 6 | C63: 6. NURHAYATI | E63: 1 | F63: 0 | G63: 1 | H63: 2 | I63: 0 | J63: 0 | K63: 0 | L63: 2 | M63: 1 | N63: =SUM(E63:M63) -> 7
B64: 7 | C64: 7. MASHUDI | E64: 0 | F64: 0 | G64: 0 | H64: 0 | I64: 0 | J64: 0 | K64: 1 | L64: 0 | M64: 0 | N64: =SUM(E64:M64) -> 1
A67: B | B67: JUMLAH SUARA SAH PARTAI POLITIK DAN CALON (A1 + A2) | E67: =SUM(E57:E64) -> 49 | F67: =SUM(F57:F64) -> 46 | G67: =SUM(G57:G64) -> 80 | H67: =SUM(H57:H64) -> 65 | I67: =SUM(I57:I64) -> 55 | J67: =SUM(J57:J64) -> 77 | K67: =SUM(K57:K64) -> 48 | L67: =SUM(L57:L64) -> 44 | M67: =SUM(M57:M64) -> 31 | N67: =SUM(E67:M67) -> 495
A69: A.1 | B69: 3. | C69: Partai Demokrasi Indonesia Perjuangan | E69: 21 | F69: 12 | G69: 6 | H69: 5 | I69: 4 | J69: 5 | K69: 10 | L69: 6 | M69: 4 | N69: =SUM(E69:M69) -> 73
A70: A.2 | B70: 1 | C70: 1. SONNY TRI DANAPARAMITA, S.H., M.H. | E70: 30 | F70: 18 | G70: 9 | H70: 4 | I70: 6 | J70: 12 | K70: 35 | L70: 39 | M70: 13 | N70: =SUM(E70:M70) -> 166
B71: 2 | C71: 2. H. MOHAMAD GUNTUR ROMLI | E71: 1 | F71: 2 | G71: 1 | H71: 3 | I71: 1 | J71: 1 | K71: 4 | L71: 1 | M71: 2 | N71: =SUM(E71:M71) -> 16
B72: 3 | C72: 3. INA AMMANIA | E72: 2 | F72: 2 | G72: 2 | H72: 0 | I72: 1 | J72: 2 | K72: 4 | L72: 4 | M72: 0 | N72: =SUM(E72:M72) -> 17
B73: 4 | C73: 4. IRWAN BACHTIAR RACHMAT, M.Si. | E73: 0 | F73: 0 | G73: 0 | H73: 0 | I73: 0 | J73: 1 | K73: 1 | L73: 0 | M73: 1 | N73: =SUM(E73:M73) -> 3
B74: 5 | C74: 5. LUCKY PERDANA | E74: 4 | F74: 5 | G74: 4 | H74: 1 | I74: 1 | J74: 4 | K74: 6 | L74: 3 | M74: 4 | N74: =SUM(E74:M74) -> 32
B75: 6 | C75: 6. WIWIK PUJIYATI | E75: 0 | F75: 1 | G75: 2 | H75: 0 | I75: 1 | J75: 0 | K75: 1 | L75: 0 | M75: 1 | N75: =SUM(E75:M75) -> 6
B76: 7 | C76: 7. CHANDRA ASTAN, S.T. | E76: 0 | F76: 1 | G76: 0 | H76: 0 | I76: 0 | J76: 1 | K76: 1 | L76: 0 | M76: 0 | N76: =SUM(E76:M76) -> 3
A79: B | B79: JUMLAH SUARA SAH PARTAI POLITIK DAN CALON (A1 + A2) | E79: =SUM(E69:E76) -> 58 | F79: =SUM(F69:F76) -> 41 | G79: =SUM(G69:G76) -> 24 | H79: =SUM(H69:H76) -> 13 | I79: =SUM(I69:I76) -> 14 | J79: =SUM(J69:J76) -> 26 | K79: =SUM(K69:K76) -> 62 | L79: =SUM(L69:L76) -> 53 | M79: =SUM(M69:M76) -> 25 | N79: =SUM(E79:M79) -> 316
A81: A.1 | B81: 4. | C81: Partai Golongan Karya | E81: 2 | F81: 0 | G81: 1 | H81: 3 | I81: 6 | J81: 2 | K81: 3 | L81: 7 | M81: 6 | N81: =SUM(E81:M81) -> 30
A82: A.2 | B82: 1 | C82: 1. ZULFIKAR ARSE SADIKIN, S.I.P., M.Si. | E82: 0 | F82: 4 | G82: 10 | H82: 7 | I82: 33 | J82: 7 | K82: 3 | L82: 3 | M82: 7 | N82: =SUM(E82:M82) -> 74
B83: 2 | C83: 2. HANDOKO | E83: 0 | F83: 0 | G83: 1 | H83: 5 | I83: 2 | J83: 2 | K83: 1 | L83: 1 | M83: 3 | N83: =SUM(E83:M83) -> 15
B84: 3 | C84: 3. Hj. OVI DEWI YANTI | E84: 0 | F84: 0 | G84: 1 | H84: 1 | I84: 0 | J84: 1 | K84: 0 | L84: 0 | M84: 1 | N84: =SUM(E84:M84) -> 4
B85: 4 | C85: 4. Ir. AZAM AZMAN NATAWIJANA | E85: 1 | F85: 0 | G85: 2 | H85: 1 | I85: 0 | J85: 0 | K85: 2 | L85: 2 | M85: 0 | N85: =SUM(E85:M85) -> 8
B86: 5 | C86: 5. UBAIDILLAH AMIN, S.Kom. | E86: 0 | F86: 0 | G86: 0 | H86: 1 | I86: 1 | J86: 0 | K86: 0 | L86: 0 | M86: 0 | N86: =SUM(E86:M86) -> 2
B87: 6 | C87: 6. DENNY YUNIANDARI, S.H., M.Kn. | E87: 0 | F87: 0 | G87: 0 | H87: 1 | I87: 0 | J87: 0 | K87: 0 | L87: 0 | M87: 0 | N87: =SUM(E87:M87) -> 1
B88: 7 | C88: 7. ERNADI, S.H.I. | E88: 0 | F88: 1 | G88: 0 | H88: 0 | I88: 0 | J88: 0 | K88: 0 | L88: 0 | M88: 0 | N88: =SUM(E88:M88) -> 1
A91: B | B91: JUMLAH SUARA SAH PARTAI POLITIK DAN CALON (A1 + A2) | E91: =SUM(E81:E88) -> 3 | F91: =SUM(F81:F88) -> 5 | G91: =SUM(G81:G88) -> 15 | H91: =SUM(H81:H88) -> 19 | I91: =SUM(I81:I88) -> 42 | J91: =SUM(J81:J88) -> 12 | K91: =SUM(K81:K88) -> 9 | L91: =SUM(L81:L88) -> 13 | M91: =SUM(M81:M88) -> 17 | N91: =SUM(E91:M91) -> 135
A93: A.1 | B93: 5. | C93: Partai NasDem | E93: 18 | F93: 1 | G93: 0 | H93: 2 | I93: 6 | J93: 3 | K93: 1 | L93: 1 | M93: 0 | N93: =SUM(E93:M93) -> 32
A94: A.2 | B94: 1 | C94: 1. ACH. FADIL MUZAKKI SYAH | E94: 4 | F94: 1 | G94: 4 | H94: 4 | I94: 9 | J94: 4 | K94: 4 | L94: 1 | M94: 5 | N94: =SUM(E94:M94) -> 36
B95: 2 | C95: 2. BENY | E95: 0 | F95: 0 | G95: 0 | H95: 0 | I95: 0 | J95: 0 | K95: 0 | L95: 0 | M95: 0 | N95: =SUM(E95:M95) -> 0
B96: 3 | C96: 3. VINA VERONIKA | E96: 1 | F96: 0 | G96: 0 | H96: 0 | I96: 0 | J96: 0 | K96: 1 | L96: 0 | M96: 0 | N96: =SUM(E96:M96) -> 2
B97: 4 | C97: 4. TEDDY ANUGRIANTO | E97: 1 | F97: 0 | G97: 0 | H97: 0 | I97: 0 | J97: 0 | K97: 0 | L97: 0 | M97: 0 | N97: =SUM(E97:M97) -> 1
B98: 5 | C98: 5. INSAN KAMIL | E98: 4 | F98: 0 | G98: 0 | H98: 1 | I98: 0 | J98: 0 | K98: 0 | L98: 0 | M98: 0 | N98: =SUM(E98:M98) -> 5
B99: 6 | C99: 6. LILIK LINDARWATI | E99: 0 | F99: 0 | G99: 0 | H99: 0 | I99: 0 | J99: 0 | K99: 0 | L99: 0 | M99: 0 | N99: =SUM(E99:M99) -> 0
B100: 7 | C100: 7. YULI ANITA | E100: 0 | F100: 0 | G100: 0 | H100: 0 | I100: 0 | J100: 0 | K100: 0 | L100: 0 | M100: 0 | N100: =SUM(E100:M100) -> 0
A103: B | B103: JUMLAH SUARA SAH PARTAI POLITIK DAN CALON (A1 + A2) | E103: =SUM(E93:E100) -> 28 | F103: =SUM(F93:F100) -> 2 | G103: =SUM(G93:G100) -> 4 | H103: =SUM(H93:H100) -> 7 | I103: =SUM(I93:I100) -> 15 | J103: =SUM(J93:J100) -> 7 | K103: =SUM(K93:K100) -> 6 | L103: =SUM(L93:L100) -> 2 | M103: =SUM(M93:M100) -> 5 | N103: =SUM(E103:M103) -> 76
A105: A.1 | B105: 6. | C105: Partai Buruh | E105: 0 | F105: 1 | G105: 2 | H105: 0 | I105: 0 | J105: 0 | K105: 0 | L105: 2 | M105: 0 | N105: =SUM(E105:M105) -> 5
A106: A.2 | B106: 1 | C106: 1. KHOIRUL ANAM | E106: 0 | F106: 2 | G106: 0 | H106: 0 | I106: 1 | J106: 0 | K106: 0 | L106: 0 | M106: 0 | N106: =SUM(E106:M106) -> 3
B107: 2 | C107: 2. INA KURNIA | E107: 0 | F107: 0 | G107: 1 | H107: 0 | I107: 0 | J107: 0 | K107: 0 | L107: 0 | M107: 1 | N107: =SUM(E107:M107) -> 2
B108: 3 | C108: 3. JIBRAL TAROUK | E108: 1 | F108: 0 | G108: 0 | H108: 0 | I108: 0 | J108: 0 | K108: 0 | L108: 0 | M108: 0 | N108: =SUM(E108:M108) -> 1
B109: 4 | C109: 4. ASTUTI DAENG PUJI | E109: 0 | F109: 0 | G109: 0 | H109: 0 | I109: 0 | J109: 0 | K109: 0 | L109: 1 | M109: 0 | N109: =SUM(E109:M109) -> 1
B110: 5 | C110: 5. ASDARMAWAN | E110: 0 | F110: 0 | G110: 0 | H110: 0 | I110: 0 | J110: 0 | K110: 0 | L110: 0 | M110: 0 | N110: =SUM(E110:M110) -> 0
B111: 6 | C111: 6. RIFQI MUBAROK | E111: 0 | F111: 0 | G111: 0 | H111: 0 | I111: 0 | J111: 0 | K111: 0 | L111: 0 | M111: 0 | N111: =SUM(E111:M111) -> 0
B112: 7 | C112: 7. FIRNANDA ALTA MEGA | E112: 0 | F112: 0 | G112: 0 | H112: 0 | I112: 0 | J112: 0 | K112: 0 | L112: 0 | M112: 0 | N112: =SUM(E112:M112) -> 0
A115: B | B115: JUMLAH SUARA SAH PARTAI POLITIK DAN CALON (A1 + A2) | E115: =SUM(E105:E112) -> 1 | F115: =SUM(F105:F112) -> 3 | G115: =SUM(G105:G112) -> 3 | H115: =SUM(H105:H112) -> 0 | I115: =SUM(I105:I112) -> 1 | J115: =SUM(J105:J112) -> 0 | K115: =SUM(K105:K112) -> 0 | L115: =SUM(L105:L112) -> 3 | M115: =SUM(M105:M112) -> 1 | N115: =SUM(E115:M115) -> 12
A117: A.1 | B117: 7. | C117: Partai Gelombang Rakyat Indonesia | E117: 7 | F117: 0 | G117: 2 | H117: 2 | I117: 1 | J117: 2 | K117: 2 | L117: 1 | M117: 2 | N117: =SUM(E117:M117) -> 19
A118: A.2 | B118: 1 | C118: 1. TITI WIDORETNO WARISMAN | E118: 18 | F118: 0 | G118: 1 | H118: 2 | I118: 0 | J118: 2 | K118: 2 | L118: 1 | M118: 2 | N118: =SUM(E118:M118) -> 28
B119: 2 | C119: 2. MAMIEK SETYANINGSIH | E119: 1 | F119: 1 | G119: 1 | H119: 0 | I119: 0 | J119: 0 | K119: 1 | L119: 0 | M119: 0 | N119: =SUM(E119:M119) -> 4
B120: 3 | C120: 3. ROMIL AZIZEN | E120: 0 | F120: 0 | G120: 1 | H120: 0 | I120: 0 | J120: 0 | K120: 1 | L120: 0 | M120: 0 | N120: =SUM(E120:M120) -> 2
A127: B | B127: JUMLAH SUARA SAH PARTAI POLITIK DAN CALON (A1 + A2) | E127: =SUM(E117:E120) -> 26 | F127: =SUM(F117:F120) -> 1 | G127: =SUM(G117:G120) -> 5 | H127: =SUM(H117:H120) -> 4 | I127: =SUM(I117:I120) -> 1 | J127: =SUM(J117:J120) -> 4 | K127: =SUM(K117:K120) -> 6 | L127: =SUM(L117:L120) -> 2 | M127: =SUM(M117:M120) -> 4 | N127: =SUM(E127:M127) -> 53
A129: A.1 | B129: 8. | C129: Partai Keadilan Sejahtera | E129: 9 | F129: 8 | G129: 5 | H129: 7 | I129: 9 | J129: 6 | K129: 2 | L129: 14 | M129: 18 | N129: =SUM(E129:M129) -> 78
A130: A.2 | B130: 1 | C130: 1. H. SAIMI SALEH, S.E., M.M. | E130: 1 | F130: 20 | G130: 4 | H130: 11 | I130: 7 | J130: 9 | K130: 10 | L130: 22 | M130: 44 | N130: =SUM(E130:M130) -> 128
B131: 2 | C131: 2. Prof. Dr. H. EGGI SUDJANA, S.H., M.Si. | E131: 0 | F131: 1 | G131: 0 | H131: 0 | I131: 2 | J131: 1 | K131: 0 | L131: 0 | M131: 3 | N131: =SUM(E131:M131) -> 7
B132: 3 | C132: 3. NURUL KHOTIMAH | E132: 4 | F132: 2 | G132: 0 | H132: 0 | I132: 0 | J132: 1 | K132: 1 | L132: 2 | M132: 1 | N132: =SUM(E132:M132) -> 11
B133: 4 | C133: 4. AKHMAD SUYANTO, S.T., M.T. | E133: 0 | F133: 0 | G133: 0 | H133: 0 | I133: 0 | J133: 0 | K133: 0 | L133: 0 | M133: 0 | N133: =SUM(E133:M133) -> 0
B134: 5 | C134: 5. PUJIYATNI | E134: 1 | F134: 1 | G134: 0 | H134: 0 | I134: 0 | J134: 1 | K134: 0 | L134: 0 | M134: 4 | N134: =SUM(E134:M134) -> 7
B135: 6 | C135: 6. HENI PURWATININGSIH | E135: 3 | F135: 6 | G135: 5 | H135: 6 | I135: 4 | J135: 0 | K135: 2 | L135: 4 | M135: 9 | N135: =SUM(E135:M135) -> 39
B136: 7 | C136: 7. MUHADI | E136: 0 | F136: 0 | G136: 0 | H136: 0 | I136: 0 | J136: 0 | K136: 0 | L136: 0 | M136: 0 | N136: =SUM(E136:M136) -> 0
...

Sheet KEMIREN
C2: Kecamatan | D2: GLAGAH
C3: Kabupaten | D3: BANYUWANGI
C4: Provinsi | D4: JAWA TIMUR
C9: Kelurahan | D9: KEMIREN
A12: I | B12: DATA PEMILIH DAN PENGGUNAAN HAK PILIH | M12: JUMLAH AKHIR
A13: A | B13: DATA PEMILIH | E13: TPS 001 | F13: TPS 002 | G13: TPS 003 | H13: TPS 004 | I13: TPS 005 | J13: TPS 006 | K13: TPS 007 | L13: TPS 008
B14: Jumlah Pemilih dalam Daftar Pemilih Tetap (DPT) | D14: LK | E14: 128 | F14: 118 | G14: 115 | H14: 119 | I14: 121 | J14: 126 | K14: 121 | L14: 133 | M14: =SUM(E14:L14) -> 981
D15: PR | E15: 141 | F15: 135 | G15: 137 | H15: 143 | I15: 133 | J15: 135 | K15: 137 | L15: 126 | M15: =SUM(E15:L15) -> 1087
D16: JML | E16: =SUM(E14:E15) -> 269 | F16: =SUM(F14:F15) -> 253 | G16: =SUM(G14:G15) -> 252 | H16: =SUM(H14:H15) -> 262 | I16: =SUM(I14:I15) -> 254 | J16: =SUM(J14:J15) -> 261 | K16: =SUM(K14:K15) -> 258 | L16: =SUM(L14:L15) -> 259 | M16: =SUM(E16:L16) -> 2068
A18: B | B18: PENGGUNA HAK PILIH
B19: 1. | C19: Jumlah pengguna hak pilih dalam Daftar Pemilih Tetap (DPT) | D19: LK | E19: 114 | F19: 106 | G19: 99 | H19: 111 | I19: 111 | J19: 116 | K19: 108 | L19: 104 | M19: =SUM(E19:L19) -> 869
D20: PR | E20: 130 | F20: 128 | G20: 123 | H20: 131 | I20: 117 | J20: 128 | K20: 123 | L20: 118 | M20: =SUM(E20:L20) -> 998
D21: JML | E21: =SUM(E19:E20) -> 244 | F21: =SUM(F19:F20) -> 234 | G21: =SUM(G19:G20) -> 222 | H21: =SUM(H19:H20) -> 242 | I21: =SUM(I19:I20) -> 228 | J21: =SUM(J19:J20) -> 244 | K21: =SUM(K19:K20) -> 231 | L21: =SUM(L19:L20) -> 222 | M21: =SUM(E21:L21) -> 1867
B22: 2. | C22: Jumlah pengguna hak pilih dalam Daftar Pemilih Tambahan (DPTb) | D22: LK | E22: 2 | F22: 1 | G22: 0 | H22: 2 | I22: 0 | J22: 0 | K22: 1 | L22: 2 | M22: =SUM(E22:L22) -> 8
D23: PR | E23: 1 | F23: 0 | G23: 2 | H23: 0 | I23: 0 | J23: 1 | K23: 1 | L23: 2 | M23: =SUM(E23:L23) -> 7
D24: JML | E24: =SUM(E22:E23) -> 3 | F24: =SUM(F22:F23) -> 1 | G24: =SUM(G22:G23) -> 2 | H24: =SUM(H22:H23) -> 2 | I24: =SUM(I22:I23) -> 0 | J24: =SUM(J22:J23) -> 1 | K24: =SUM(K22:K23) -> 2 | L24: =SUM(L22:L23) -> 4 | M24: =SUM(E24:L24) -> 15
B25: 3. | C25: Jumlah pengguna hak pilih dalam Daftar Pemilih Khusus (DPK) | D25: LK | E25: 0 | F25: 0 | G25: 0 | H25: 0 | I25: 0 | J25: 0 | K25: 0 | L25: 0 | M25: =SUM(E25:L25) -> 0
D26: PR | E26: 0 | F26: 0 | G26: 0 | H26: 0 | I26: 0 | J26: 0 | K26: 1 | L26: 0 | M26: =SUM(E26:L26) -> 1
D27: JML | E27: =SUM(E25:E26) -> 0 | F27: =SUM(F25:F26) -> 0 | G27: =SUM(G25:G26) -> 0 | H27: =SUM(H25:H26) -> 0 | I27: =SUM(I25:I26) -> 0 | J27: =SUM(J25:J26) -> 0 | K27: =SUM(K25:K26) -> 1 | L27: =SUM(L25:L26) -> 0 | M27: =SUM(E27:L27) -> 1
B28: 4. | C28: Jumlah Pengguna Hak Pilih (B.1+B.2+B.3) | D28: LK | E28: =SUM(E19,E22,E25) -> 116 | F28: =SUM(F19,F22,F25) -> 107 | G28: =SUM(G19,G22,G25) -> 99 | H28: =SUM(H19,H22,H25) -> 113 | I28: =SUM(I19,I22,I25) -> 111 | J28: =SUM(J19,J22,J25) -> 116 | K28: =SUM(K19,K22,K25) -> 109 | L28: =SUM(L19,L22,L25) -> 106 | M28: =SUM(E28:L28) -> 877
D29: PR | E29: =SUM(E20,E23,E26) -> 131 | F29: =SUM(F20,F23,F26) -> 128 | G29: =SUM(G20,G23,G26) -> 125 | H29: =SUM(H20,H23,H26) -> 131 | I29: =SUM(I20,I23,I26) -> 117 | J29: =SUM(J20,J23,J26) -> 129 | K29: =SUM(K20,K23,K26) -> 125 | L29: =SUM(L20,L23,L26) -> 120 | M29: =SUM(E29:L29) -> 1006
D30: JML | E30: =SUM(E28:E29) -> 247 | F30: =SUM(F28:F29) -> 235 | G30: =SUM(G28:G29) -> 224 | H30: =SUM(H28:H29) -> 244 | I30: =SUM(I28:I29) -> 228 | J30: =SUM(J28:J29) -> 245 | K30: =SUM(K28:K29) -> 234 | L30: =SUM(L28:L29) -> 226 | M30: =SUM(E30:L30) -> 1883
A32: II | B32: DATA PENGGUNAAN SURAT SUARA
A33: 1 | B33: Jumlah surat suara yang diterima, termasuk surat suara cadangan 2,5% dari DPT | E33: 275 | F33: 259 | G33: 258 | H33: 268 | I33: 260 | J33: 267 | K33: 264 | L33: 265 | M33: =SUM(E33:L33) -> 2116
A34: 2 | B34: Jumlah surat suara yang digunakan | E34: 247 | F34: 235 | G34: 224 | H34: 244 | I34: 228 | J34: 245 | K34: 234 | L34: 226 | M34: =SUM(E34:L34) -> 1883
A35: 3 | B35: Jumlah surat suara dikembalikan oleh pemilih (karena rusak atau keliru coblos) | E35: 0 | F35: 0 | G35: 0 | H35: 0 | I35: 0 | J35: 0 | K35: 0 | L35: 0 | M35: =SUM(E35:L35) -> 0
A36: 4 | B36: Jumlah surat suara yang tidak digunakan/tidak terpakai, termasuk sisa surat suara cadangan | E36: =E33-(E34+E35) -> 28 | F36: =F33-(F34+F35) -> 24 | G36: =G33-(G34+G35) -> 34 | H36: =H33-(H34+H35) -> 24 | I36: =I33-(I34+I35) -> 32 | J36: =J33-(J34+J35) -> 22 | K36: =K33-(K34+K35) -> 30 | L36: =L33-(L34+L35) -> 39 | M36: =SUM(E36:L36) -> 233
A38: III | B38: DATA PEMILIH DISABILITAS
B39: Jumlah seluruh Pemilih disabilitas yang menggunakan hak pilih | D39: LK | M39: =SUM(E39:L39) -> 0
D40: PR | M40: =SUM(E40:L40) -> 0
D41: JML | E41: =SUM(E39:E40) -> 0 | F41: =SUM(F39:F40) -> 0 | G41: =SUM(G39:G40) -> 0 | H41: =SUM(H39:H40) -> 0 | I41: =SUM(I39:I40) -> 0 | J41: =SUM(J39:J40) -> 0 | K41: =SUM(K39:K40) -> 0 | L41: =SUM(L39:L40) -> 0 | M41: =SUM(E41:L41) -> 0
A43: IV | B43: DATA RINCIAN PEROLEHAN SUARA PASANGAN CALON BUPATI DAN WAKIL BUPATI
A44: NOMOR DAN NAMA CALON
A45: A.1 | B45: 1. | C45: Partai Kebangkitan Bangsa | E45: 4 | F45: 3 | G45: 6 | H45: 7 | I45: 12 | J45: 12 | K45: 6 | L45: 3 | M45: =SUM(E45:L45) -> 53
A46: A.2 | B46: 1 | C46: 1. Dr. Hj. NIHAYATUL WAFIROH, M.A. | E46: 10 | F46: 14 | G46: 18 | H46: 13 | I46: 15 | J46: 7 | K46: 19 | L46: 5 | M46: =SUM(E46:L46) -> 101
B47: 2 | C47: 2. H. M. NASIM KHAN | E47: 3 | F47: 0 | G47: 3 | H47: 1 | I47: 1 | J47: 1 | K47: 0 | L47: 0 | M47: =SUM(E47:L47) -> 9
B48: 3 | C48: 3. Dr. H. AKIK ZAMAN, M.Pd.I. | E48: 1 | F48: 0 | G48: 3 | H48: 0 | I48: 0 | J48: 1 | K48: 0 | L48: 0 | M48: =SUM(E48:L48) -> 5
B49: 4 | C49: 4. AHMAD RIFA'I, S.H. | E49: 1 | F49: 1 | G49: 0 | H49: 0 | I49: 0 | J49: 0 | K49: 1 | L49: 0 | M49: =SUM(E49:L49) -> 3
B50: 5 | C50: 5. Drs. H. MAHFUD M.N. | E50: 0 | F50: 1 | G50: 2 | H50: 1 | I50: 1 | J50: 0 | K50: 1 | L50: 0 | M50: =SUM(E50:L50) -> 6
B51: 6 | C51: 6. NURHAYATI, S.Pd. | E51: 1 | F51: 1 | G51: 0 | H51: 1 | I51: 0 | J51: 0 | K51: 0 | L51: 0 | M51: =SUM(E51:L51) -> 3
B52: 7 | C52: 7. MAFTUHA KISWAH | E52: 0 | F52: 1 | G52: 0 | H52: 0 | I52: 0 | J52: 0 | K52: 0 | L52: 0 | M52: =SUM(E52:L52) -> 1
A55: B | B55: JUMLAH SUARA SAH PARTAI POLITIK DAN CALON (A1 + A2) | E55: =SUM(E45:E52) -> 20 | F55: =SUM(F45:F52) -> 21 | G55: =SUM(G45:G52) -> 32 | H55: =SUM(H45:H52) -> 23 | I55: =SUM(I45:I52) -> 29 | J55: =SUM(J45:J52) -> 21 | K55: =SUM(K45:K52) -> 27 | L55: =SUM(L45:L52) -> 8 | M55: =SUM(E55:L55) -> 181
A57: A.1 | B57: 2. | C57: Partai Gerakan Indonesia Raya | E57: 5 | F57: 7 | G57: 6 | H57: 9 | I57: 4 | J57: 12 | K57: 7 | L57: 15 | M57: =SUM(E57:L57) -> 65
A58: A.2 | B58: 1 | C58: 1. SUMAIL ABDULLAH | E58: 10 | F58: 6 | G58: 7 | H58: 10 | I58: 8 | J58: 10 | K58: 6 | L58: 9 | M58: =SUM(E58:L58) -> 66
B59: 2 | C59: 2. MUHAMMAD ALI ADRIAN SALEH | E59: 5 | F59: 5 | G59: 2 | H59: 4 | I59: 2 | J59: 3 | K59: 4 | L59: 7 | M59: =SUM(E59:L59) -> 32
B60: 3 | C60: 3. DURROTUN NAFISAH | E60: 1 | F60: 2 | G60: 0 | H60: 0 | I60: 0 | J60: 2 | K60: 0 | L60: 1 | M60: =SUM(E60:L60) -> 6
B61: 4 | C61: 4. H. EKO SUSILO NURHIDAYAT | E61: 1 | F61: 0 | G61: 0 | H61: 3 | I61: 0 | J61: 0 | K61: 0 | L61: 1 | M61: =SUM(E61:L61) -> 5
B62: 5 | C62: 5. KARNADI HARIJANTO, S.S. | E62: 1 | F62: 2 | G62: 0 | H62: 0 | I62: 0 | J62: 1 | K62: 1 | L62: 0 | M62: =SUM(E62:L62) -> 5
B63: 6 | C63: 6. NURHAYATI | E63: 1 | F63: 0 | G63: 0 | H63: 1 | I63: 0 | J63: 0 | K63: 1 | L63: 0 | M63: =SUM(E63:L63) -> 3
B64: 7 | C64: 7. MASHUDI | E64: 0 | F64: 1 | G64: 0 | H64: 0 | I64: 0 | J64: 0 | K64: 0 | L64: 1 | M64: =SUM(E64:L64) -> 2
A67: B | B67: JUMLAH SUARA SAH PARTAI POLITIK DAN CALON (A1 + A2) | E67: =SUM(E57:E64) -> 24 | F67: =SUM(F57:F64) -> 23 | G67: =SUM(G57:G64) -> 15 | H67: =SUM(H57:H64) -> 27 | I67: =SUM(I57:I64) -> 14 | J67: =SUM(J57:J64) -> 28 | K67: =SUM(K57:K64) -> 19 | L67: =SUM(L57:L64) -> 34 | M67: =SUM(E67:L67) -> 184
A69: A.1 | B69: 3. | C69: Partai Demokrasi Indonesia Perjuangan | E69: 20 | F69: 12 | G69: 15 | H69: 6 | I69: 14 | J69: 29 | K69: 24 | L69: 23 | M69: =SUM(E69:L69) -> 143
A70: A.2 | B70: 1 | C70: 1. SONNY TRI DANAPARAMITA, S.H., M.H. | E70: 15 | F70: 12 | G70: 13 | H70: 11 | I70: 12 | J70: 22 | K70: 24 | L70: 11 | M70: =SUM(E70:L70) -> 120
B71: 2 | C71: 2. H. MOHAMAD GUNTUR ROMLI | E71: 11 | F71: 0 | G71: 3 | H71: 2 | I71: 0 | J71: 3 | K71: 3 | L71: 12 | M71: =SUM(E71:L71) -> 34
B72: 3 | C72: 3. INA AMMANIA | E72: 11 | F72: 9 | G72: 24 | H72: 35 | I72: 6 | J72: 26 | K72: 34 | L72: 15 | M72: =SUM(E72:L72) -> 160
B73: 4 | C73: 4. IRWAN BACHTIAR RACHMAT, M.Si. | E73: 1 | F73: 2 | G73: 0 | H73: 0 | I73: 0 | J73: 0 | K73: 0 | L73: 2 | M73: =SUM(E73:L73) -> 5
B74: 5 | C74: 5. LUCKY PERDANA | E74: 11 | F74: 9 | G74: 12 | H74: 5 | I74: 11 | J74: 2 | K74: 10 | L74: 4 | M74: =SUM(E74:L74) -> 64
B75: 6 | C75: 6. WIWIK PUJIYATI | E75: 1 | F75: 0 | G75: 0 | H75: 0 | I75: 0 | J75: 0 | K75: 1 | L75: 1 | M75: =SUM(E75:L75) -> 3
B76: 7 | C76: 7. CHANDRA ASTAN, S.T. | E76: 0 | F76: 0 | G76: 1 | H76: 0 | I76: 1 | J76: 0 | K76: 0 | L76: 0 | M76: =SUM(E76:L76) -> 2
A79: B | B79: JUMLAH SUARA SAH PARTAI POLITIK DAN CALON (A1 + A2) | E79: =SUM(E69:E76) -> 70 | F79: =SUM(F69:F76) -> 44 | G79: =SUM(G69:G76) -> 68 | H79: =SUM(H69:H76) -> 59 | I79: =SUM(I69:I76) -> 44 | J79: =SUM(J69:J76) -> 82 | K79: =SUM(K69:K76) -> 96 | L79: =SUM(L69:L76) -> 68 | M79: =SUM(E79:L79) -> 531
A81: A.1 | B81: 4. | C81: Partai Golongan Karya | E81: 4 | F81: 3 | G81: 7 | H81: 11 | I81: 14 | J81: 2 | K81: 2 | L81: 3 | M81: =SUM(E81:L81) -> 46
A82: A.2 | B82: 1 | C82: 1. ZULFIKAR ARSE SADIKIN, S.I.P., M.Si. | E82: 5 | F82: 8 | G82: 6 | H82: 43 | I82: 38 | J82: 2 | K82: 4 | L82: 6 | M82: =SUM(E82:L82) -> 112
B83: 2 | C83: 2. HANDOKO | E83: 1 | F83: 0 | G83: 2 | H83: 7 | I83: 3 | J83: 0 | K83: 0 | L83: 1 | M83: =SUM(E83:L83) -> 14
B84: 3 | C84: 3. Hj. OVI DEWI YANTI | E84: 0 | F84: 1 | G84: 0 | H84: 3 | I84: 2 | J84: 1 | K84: 0 | L84: 3 | M84: =SUM(E84:L84) -> 10
B85: 4 | C85: 4. Ir. AZAM AZMAN NATAWIJANA | E85: 4 | F85: 2 | G85: 1 | H85: 3 | I85: 0 | J85: 1 | K85: 0 | L85: 1 | M85: =SUM(E85:L85) -> 12
B86: 5 | C86: 5. UBAIDILLAH AMIN, S.Kom. | E86: 0 | F86: 0 | G86: 0 | H86: 0 | I86: 0 | J86: 0 | K86: 0 | L86: 0 | M86: =SUM(E86:L86) -> 0
B87: 6 | C87: 6. DENNY YUNIANDARI, S.H., M.Kn. | E87: 0 | F87: 1 | G87: 0 | H87: 1 | I87: 1 | J87: 0 | K87: 0 | L87: 0 | M87: =SUM(E87:L87) -> 3
B88: 7 | C88: 7. ERNADI, S.H.I. | E88: 1 | F88: 0 | G88: 0 | H88: 0 | I88: 0 | J88: 0 | K88: 0 | L88: 0 | M88: =SUM(E88:L88) -> 1
I90: y
A91: B | B91: JUMLAH SUARA SAH PARTAI POLITIK DAN CALON (A1 + A2) | E91: =SUM(E81:E88) -> 15 | F91: =SUM(F81:F88) -> 15 | G91: =SUM(G81:G88) -> 16 | H91: =SUM(H81:H88) -> 68 | I91: =SUM(I81:I88) -> 58 | J91: =SUM(J81:J88) -> 6 | K91: =SUM(K81:K88) -> 6 | L91: =SUM(L81:L88) -> 14 | M91: =SUM(E91:L91) -> 198
A93: A.1 | B93: 5. | C93: Partai NasDem | E93: 3 | F93: 1 | G93: 0 | H93: 2 | I93: 5 | J93: 1 | K93: 4 | L93: 0 | M93: =SUM(E93:L93) -> 16
A94: A.2 | B94: 1 | C94: 1. ACH. FADIL MUZAKKI SYAH | E94: 4 | F94: 1 | G94: 1 | H94: 2 | I94: 4 | J94: 4 | K94: 7 | L94: 3 | M94: =SUM(E94:L94) -> 26
B95: 2 | C95: 2. BENY | E95: 24 | F95: 9 | G95: 5 | H95: 15 | I95: 3 | J95: 13 | K95: 11 | L95: 6 | M95: =SUM(E95:L95) -> 86
B96: 3 | C96: 3. VINA VERONIKA | E96: 1 | F96: 0 | G96: 0 | H96: 0 | I96: 0 | J96: 0 | K96: 1 | L96: 0 | M96: =SUM(E96:L96) -> 2
B97: 4 | C97: 4. TEDDY ANUGRIANTO | E97: 1 | F97: 0 | G97: 0 | H97: 0 | I97: 0 | J97: 1 | K97: 0 | L97: 1 | M97: =SUM(E97:L97) -> 3
B98: 5 | C98: 5. INSAN KAMIL | E98: 1 | F98: 0 | G98: 0 | H98: 0 | I98: 0 | J98: 0 | K98: 1 | L98: 0 | M98: =SUM(E98:L98) -> 2
B99: 6 | C99: 6. LILIK LINDARWATI | E99: 2 | F99: 1 | G99: 1 | H99: 3 | I99: 0 | J99: 0 | K99: 2 | L99: 0 | M99: =SUM(E99:L99) -> 9
B100: 7 | C100: 7. YULI ANITA | E100: 0 | F100: 0 | G100: 0 | H100: 0 | I100: 0 | J100: 0 | K100: 0 | L100: 0 | M100: =SUM(E100:L100) -> 0
A103: B | B103: JUMLAH SUARA SAH PARTAI POLITIK DAN CALON (A1 + A2) | E103: =SUM(E93:E100) -> 36 | F103: =SUM(F93:F100) -> 12 | G103: =SUM(G93:G100) -> 7 | H103: =SUM(H93:H100) -> 22 | I103: =SUM(I93:I100) -> 12 | J103: =SUM(J93:J100) -> 19 | K103: =SUM(K93:K100) -> 26 | L103: =SUM(L93:L100) -> 10 | M103: =SUM(E103:L103) -> 144
A105: A.1 | B105: 6. | C105: Partai Buruh | E105: 0 | F105: 0 | G105: 1 | H105: 0 | I105: 0 | J105: 1 | K105: 2 | L105: 0 | M105: =SUM(E105:L105) -> 4
A106: A.2 | B106: 1 | C106: 1. KHOIRUL ANAM | E106: 1 | F106: 1 | G106: 1 | H106: 0 | I106: 0 | J106: 0 | K106: 0 | L106: 1 | M106: =SUM(E106:L106) -> 4
B107: 2 | C107: 2. INA KURNIA | E107: 0 | F107: 2 | G107: 1 | H107: 0 | I107: 1 | J107: 0 | K107: 0 | L107: 0 | M107: =SUM(E107:L107) -> 4
B108: 3 | C108: 3. JIBRAL TAROUK | E108: 1 | F108: 1 | G108: 0 | H108: 0 | I108: 0 | J108: 0 | K108: 0 | L108: 0 | M108: =SUM(E108:L108) -> 2
B109: 4 | C109: 4. ASTUTI DAENG PUJI | E109: 0 | F109: 0 | G109: 0 | H109: 0 | I109: 0 | J109: 0 | K109: 0 | L109: 0 | M109: =SUM(E109:L109) -> 0
B110: 5 | C110: 5. ASDARMAWAN | E110: 0 | F110: 1 | G110: 0 | H110: 0 | I110: 0 | J110: 0 | K110: 0 | L110: 0 | M110: =SUM(E110:L110) -> 1
B111: 6 | C111: 6. RIFQI MUBAROK | E111: 0 | F111: 0 | G111: 0 | H111: 0 | I111: 0 | J111: 0 | K111: 0 | L111: 0 | M111: =SUM(E111:L111) -> 0
B112: 7 | C112: 7. FIRNANDA ALTA MEGA | E112: 0 | F112: 0 | G112: 0 | H112: 0 | I112: 0 | J112: 0 | K112: 0 | L112: 0 | M112: =SUM(E112:L112) -> 0
A115: B | B115: JUMLAH SUARA SAH PARTAI POLITIK DAN CALON (A1 + A2) | E115: =SUM(E105:E112) -> 2 | F115: =SUM(F105:F112) -> 5 | G115: =SUM(G105:G112) -> 3 | H115: =SUM(H105:H112) -> 0 | I115: =SUM(I105:I112) -> 1 | J115: =SUM(J105:J112) -> 1 | K115: =SUM(K105:K112) -> 2 | L115: =SUM(L105:L112) -> 1 | M115: =SUM(E115:L115) -> 15
A117: A.1 | B117: 7. | C117: Partai Gelombang Rakyat Indonesia | E117: 1 | F117: 2 | G117: 3 | H117: 1 | I117: 3 | J117: 3 | K117: 1 | L117: 5 | M117: =SUM(E117:L117) -> 19
A118: A.2 | B118: 1 | C118: 1. TITI WIDORETNO WARISMAN | E118: 0 | F118: 0 | G118: 2 | H118: 2 | I118: 1 | J118: 3 | K118: 1 | L118: 6 | M118: =SUM(E118:L118) -> 15
B119: 2 | C119: 2. MAMIEK SETYANINGSIH | E119: 0 | F119: 0 | G119: 0 | H119: 0 | I119: 0 | J119: 1 | K119: 0 | L119: 2 | M119: =SUM(E119:L119) -> 3
B120: 3 | C120: 3. ROMIL AZIZEN | E120: 0 | F120: 0 | G120: 0 | H120: 0 | I120: 0 | J120: 0 | K120: 0 | L120: 0 | M120: =SUM(E120:L120) -> 0
A127: B | B127: JUMLAH SUARA SAH PARTAI POLITIK DAN CALON (A1 + A2) | E127: =SUM(E117:E120) -> 1 | F127: =SUM(F117:F120) -> 2 | G127: =SUM(G117:G120) -> 5 | H127: =SUM(H117:H120) -> 3 | I127: =SUM(I117:I120) -> 4 | J127: =SUM(J117:J120) -> 7 | K127: =SUM(K117:K120) -> 2 | L127: =SUM(L117:L120) -> 13 | M127: =SUM(E127:L127) -> 37
A129: A.1 | B129: 8. | C129: Partai Keadilan Sejahtera | E129: 2 | F129: 10 | G129: 1 | H129: 0 | I129: 4 | J129: 0 | K129: 0 | L129: 0 | M129: =SUM(E129:L129) -> 17
A130: A.2 | B130: 1 | C130: 1. H. SAIMI SALEH, S.E., M.M. | E130: 7 | F130: 6 | G130: 4 | H130: 3 | I130: 4 | J130: 6 | K130: 1 | L130: 2 | M130: =SUM(E130:L130) -> 33
B131: 2 | C131: 2. Prof. Dr. H. EGGI SUDJANA, S.H., M.Si. | E131: 0 | F131: 2 | G131: 0 | H131: 0 | I131: 1 | J131: 0 | K131: 0 | L131: 0 | M131: =SUM(E131:L131) -> 3
B132: 3 | C132: 3. NURUL KHOTIMAH | E132: 0 | F132: 2 | G132: 0 | H132: 0 | I132: 0 | J132: 2 | K132: 0 | L132: 1 | M132: =SUM(E132:L132) -> 5
B133: 4 | C133: 4. AKHMAD SUYANTO, S.T., M.T. | E133: 0 | F133: 1 | G133: 0 | H133: 1 | I133: 0 | J133: 0 | K133: 0 | L133: 0 | M133: =SUM(E133:L133) -> 2
B134: 5 | C134: 5. PUJIYATNI | E134: 0 | F134: 0 | G134: 0 | H134: 0 | I134: 0 | J134: 0 | K134: 0 | L134: 1 | M134: =SUM(E134:L134) -> 1
B135: 6 | C135: 6. HENI PURWATININGSIH | E135: 0 | F135: 2 | G135: 1 | H135: 0 | I135: 1 | J135: 1 | K135: 0 | L135: 0 | M135: =SUM(E135:L135) -> 5
...

Sheet OLEHSARI
C2: Kecamatan | D2: GLAGAH
C3: Kabupaten | D3: BANYUWANGI
C4: Provinsi | D4: JAWA TIMUR
C9: Kelurahan | D9: OLEHSARI
A12: I | B12: DATA PEMILIH DAN PENGGUNAAN HAK PILIH | N12: JUMLAH AKHIR
A13: A | B13: DATA PEMILIH | E13: TPS 001 | F13: TPS 002 | G13: TPS 003 | H13: TPS 004 | I13: TPS 005 | J13: TPS 006 | K13: TPS 007 | L13: TPS 008 | M13: TPS 009
B14: Jumlah Pemilih dalam Daftar Pemilih Tetap (DPT) | D14: LK | E14: 125 | F14: 102 | G14: 108 | H14: 107 | I14: 107 | J14: 101 | K14: 116 | L14: 108 | M14: 104 | N14: =SUM(E14:M14) -> 978
D15: PR | E15: 137 | F15: 112 | G15: 133 | H15: 114 | I15: 125 | J15: 119 | K15: 107 | L15: 115 | M15: 114 | N15: =SUM(E15:M15) -> 1076
D16: JML | E16: =SUM(E14:E15) -> 262 | F16: =SUM(F14:F15) -> 214 | G16: =SUM(G14:G15) -> 241 | H16: =SUM(H14:H15) -> 221 | I16: =SUM(I14:I15) -> 232 | J16: =SUM(J14:J15) -> 220 | K16: =SUM(K14:K15) -> 223 | L16: =SUM(L14:L15) -> 223 | M16: =SUM(M14:M15) -> 218 | N16: =SUM(E16:M16) -> 2054
A18: B | B18: PENGGUNA HAK PILIH
B19: 1. | C19: Jumlah pengguna hak pilih dalam Daftar Pemilih Tetap (DPT) | D19: LK | E19: 108 | F19: 78 | G19: 96 | H19: 100 | I19: 89 | J19: 90 | K19: 101 | L19: 93 | M19: 84 | N19: =SUM(E19:M19) -> 839
D20: PR | E20: 117 | F20: 92 | G20: 117 | H20: 106 | I20: 115 | J20: 110 | K20: 102 | L20: 105 | M20: 104 | N20: =SUM(E20:M20) -> 968
D21: JML | E21: =SUM(E19:E20) -> 225 | F21: =SUM(F19:F20) -> 170 | G21: =SUM(G19:G20) -> 213 | H21: =SUM(H19:H20) -> 206 | I21: =SUM(I19:I20) -> 204 | J21: =SUM(J19:J20) -> 200 | K21: =SUM(K19:K20) -> 203 | L21: =SUM(L19:L20) -> 198 | M21: =SUM(M19:M20) -> 188 | N21: =SUM(E21:M21) -> 1807
B22: 2. | C22: Jumlah pengguna hak pilih dalam Daftar Pemilih Tambahan (DPTb) | D22: LK | E22: 0 | F22: 1 | G22: 0 | H22: 0 | I22: 0 | J22: 0 | K22: 2 | L22: 1 | M22: 0 | N22: =SUM(E22:M22) -> 4
D23: PR | E23: 0 | F23: 2 | G23: 0 | H23: 0 | I23: 0 | J23: 0 | K23: 1 | L23: 1 | M23: 0 | N23: =SUM(E23:M23) -> 4
D24: JML | E24: =SUM(E22:E23) -> 0 | F24: =SUM(F22:F23) -> 3 | G24: =SUM(G22:G23) -> 0 | H24: =SUM(H22:H23) -> 0 | I24: =SUM(I22:I23) -> 0 | J24: =SUM(J22:J23) -> 0 | K24: =SUM(K22:K23) -> 3 | L24: =SUM(L22:L23) -> 2 | M24: =SUM(M22:M23) -> 0 | N24: =SUM(E24:M24) -> 8
B25: 3. | C25: Jumlah pengguna hak pilih dalam Daftar Pemilih Khusus (DPK) | D25: LK | E25: 0 | F25: 2 | G25: 0 | H25: 0 | I25: 0 | J25: 0 | K25: 0 | L25: 0 | M25: 0 | N25: =SUM(E25:M25) -> 2
D26: PR | E26: 1 | F26: 2 | G26: 0 | H26: 0 | I26: 2 | J26: 0 | K26: 0 | L26: 0 | M26: 0 | N26: =SUM(E26:M26) -> 5
D27: JML | E27: =SUM(E25:E26) -> 1 | F27: =SUM(F25:F26) -> 4 | G27: =SUM(G25:G26) -> 0 | H27: =SUM(H25:H26) -> 0 | I27: =SUM(I25:I26) -> 2 | J27: =SUM(J25:J26) -> 0 | K27: =SUM(K25:K26) -> 0 | L27: =SUM(L25:L26) -> 0 | M27: =SUM(M25:M26) -> 0 | N27: =SUM(E27:M27) -> 7
B28: 4. | C28: Jumlah Pengguna Hak Pilih (B.1+B.2+B.3) | D28: LK | E28: =SUM(E19,E22,E25) -> 108 | F28: =SUM(F19,F22,F25) -> 81 | G28: =SUM(G19,G22,G25) -> 96 | H28: =SUM(H19,H22,H25) -> 100 | I28: =SUM(I19,I22,I25) -> 89 | J28: =SUM(J19,J22,J25) -> 90 | K28: =SUM(K19,K22,K25) -> 103 | L28: =SUM(L19,L22,L25) -> 94 | M28: =SUM(M19,M22,M25) -> 84 | N28: =SUM(E28:M28) -> 845
D29: PR | E29: =SUM(E20,E23,E26) -> 118 | F29: =SUM(F20,F23,F26) -> 96 | G29: =SUM(G20,G23,G26) -> 117 | H29: =SUM(H20,H23,H26) -> 106 | I29: =SUM(I20,I23,I26) -> 117 | J29: =SUM(J20,J23,J26) -> 110 | K29: =SUM(K20,K23,K26) -> 103 | L29: =SUM(L20,L23,L26) -> 106 | M29: =SUM(M20,M23,M26) -> 104 | N29: =SUM(E29:M29) -> 977
D30: JML | E30: =SUM(E28:E29) -> 226 | F30: =SUM(F28:F29) -> 177 | G30: =SUM(G28:G29) -> 213 | H30: =SUM(H28:H29) -> 206 | I30: =SUM(I28:I29) -> 206 | J30: =SUM(J28:J29) -> 200 | K30: =SUM(K28:K29) -> 206 | L30: =SUM(L28:L29) -> 200 | M30: =SUM(M28:M29) -> 188 | N30: =SUM(E30:M30) -> 1822
A32: II | B32: DATA PENGGUNAAN SURAT SUARA
A33: 1 | B33: Jumlah surat suara yang diterima, termasuk surat suara cadangan 2,5% dari DPT | E33: 268 | F33: 219 | G33: 246 | H33: 226 | I33: 237 | J33: 225 | K33: 228 | L33: 228 | M33: 223 | N33: =SUM(E33:M33) -> 2100
A34: 2 | B34: Jumlah surat suara yang digunakan | E34: 226 | F34: 177 | G34: 213 | H34: 206 | I34: 206 | J34: 200 | K34: 206 | L34: 200 | M34: 188 | N34: =SUM(E34:M34) -> 1822
A35: 3 | B35: Jumlah surat suara dikembalikan oleh pemilih (karena rusak atau keliru coblos) | E35: 0 | F35: 0 | G35: 0 | H35: 0 | I35: 0 | J35: 0 | K35: 0 | L35: 0 | M35: 1 | N35: =SUM(E35:M35) -> 1
A36: 4 | B36: Jumlah surat suara yang tidak digunakan/tidak terpakai, termasuk sisa surat suara cadangan | E36: =E33-(E34+E35) -> 42 | F36: =F33-(F34+F35) -> 42 | G36: =G33-(G34+G35) -> 33 | H36: =H33-(H34+H35) -> 20 | I36: =I33-(I34+I35) -> 31 | J36: =J33-(J34+J35) -> 25 | K36: =K33-(K34+K35) -> 22 | L36: =L33-(L34+L35) -> 28 | M36: =M33-(M34+M35) -> 34 | N36: =SUM(E36:M36) -> 277
A38: III | B38: DATA PEMILIH DISABILITAS
B39: Jumlah seluruh Pemilih disabilitas yang menggunakan hak pilih | D39: LK | E39: 1 | I39: 1 | N39: =SUM(E39:M39) -> 2
D40: PR | K40: 2 | M40: 2 | N40: =SUM(E40:M40) -> 4
D41: JML | E41: =SUM(E39:E40) -> 1 | F41: =SUM(F39:F40) -> 0 | G41: =SUM(G39:G40) -> 0 | H41: =SUM(H39:H40) -> 0 | I41: =SUM(I39:I40) -> 1 | J41: =SUM(J39:J40) -> 0 | K41: =SUM(K39:K40) -> 2 | L41: =SUM(L39:L40) -> 0 | M41: =SUM(M39:M40) -> 2 | N41: =SUM(E41:M41) -> 6
A43: IV | B43: DATA RINCIAN PEROLEHAN SUARA PASANGAN CALON BUPATI DAN WAKIL BUPATI
A44: NOMOR DAN NAMA CALON
A45: A.1 | B45: 1. | C45: Partai Kebangkitan Bangsa | E45: 9 | F45: 2 | G45: 3 | H45: 3 | I45: 0 | J45: 6 | K45: 11 | L45: 5 | M45: 3 | N45: =SUM(E45:M45) -> 42
A46: A.2 | B46: 1 | C46: 1. Dr. Hj. NIHAYATUL WAFIROH, M.A. | E46: 2 | F46: 6 | G46: 7 | H46: 3 | I46: 7 | J46: 6 | K46: 14 | L46: 18 | M46: 7 | N46: =SUM(E46:M46) -> 70
B47: 2 | C47: 2. H. M. NASIM KHAN | E47: 2 | F47: 1 | G47: 1 | H47: 1 | I47: 1 | J47: 1 | K47: 2 | L47: 0 | M47: 0 | N47: =SUM(E47:M47) -> 9
B48: 3 | C48: 3. Dr. H. AKIK ZAMAN, M.Pd.I. | E48: 0 | F48: 0 | G48: 0 | H48: 0 | I48: 0 | J48: 0 | K48: 1 | L48: 0 | M48: 0 | N48: =SUM(E48:M48) -> 1
B49: 4 | C49: 4. AHMAD RIFA'I, S.H. | E49: 0 | F49: 0 | G49: 0 | H49: 0 | I49: 0 | J49: 0 | K49: 1 | L49: 0 | M49: 0 | N49: =SUM(E49:M49) -> 1
B50: 5 | C50: 5. Drs. H. MAHFUD M.N. | E50: 0 | F50: 0 | G50: 0 | H50: 0 | I50: 0 | J50: 1 | K50: 0 | L50: 1 | M50: 0 | N50: =SUM(E50:M50) -> 2
B51: 6 | C51: 6. NURHAYATI, S.Pd. | E51: 0 | F51: 1 | G51: 1 | H51: 0 | I51: 0 | J51: 0 | K51: 1 | L51: 0 | M51: 0 | N51: =SUM(E51:M51) -> 3
B52: 7 | C52: 7. MAFTUHA KISWAH | E52: 0 | F52: 0 | G52: 0 | H52: 0 | I52: 0 | J52: 0 | K52: 0 | L52: 0 | M52: 0 | N52: =SUM(E52:M52) -> 0
A55: B | B55: JUMLAH SUARA SAH PARTAI POLITIK DAN CALON (A1 + A2) | E55: =SUM(E45:E52) -> 13 | F55: =SUM(F45:F52) -> 10 | G55: =SUM(G45:G52) -> 12 | H55: =SUM(H45:H52) -> 7 | I55: =SUM(I45:I52) -> 8 | J55: =SUM(J45:J52) -> 14 | K55: =SUM(K45:K52) -> 30 | L55: =SUM(L45:L52) -> 24 | M55: =SUM(M45:M52) -> 10 | N55: =SUM(E55:M55) -> 128
A57: A.1 | B57: 2. | C57: Partai Gerakan Indonesia Raya | E57: 6 | F57: 1 | G57: 8 | H57: 8 | I57: 4 | J57: 8 | K57: 5 | L57: 4 | M57: 10 | N57: =SUM(E57:M57) -> 54
A58: A.2 | B58: 1 | C58: 1. SUMAIL ABDULLAH | E58: 11 | F58: 8 | G58: 16 | H58: 22 | I58: 13 | J58: 19 | K58: 8 | L58: 5 | M58: 8 | N58: =SUM(E58:M58) -> 110
B59: 2 | C59: 2. MUHAMMAD ALI ADRIAN SALEH | E59: 5 | F59: 1 | G59: 8 | H59: 3 | I59: 4 | J59: 1 | K59: 3 | L59: 3 | M59: 1 | N59: =SUM(E59:M59) -> 29
B60: 3 | C60: 3. DURROTUN NAFISAH | E60: 0 | F60: 0 | G60: 0 | H60: 0 | I60: 0 | J60: 1 | K60: 0 | L60: 1 | M60: 0 | N60: =SUM(E60:M60) -> 2
B61: 4 | C61: 4. H. EKO SUSILO NURHIDAYAT | E61: 1 | F61: 0 | G61: 1 | H61: 3 | I61: 3 | J61: 0 | K61: 0 | L61: 0 | M61: 1 | N61: =SUM(E61:M61) -> 9
B62: 5 | C62: 5. KARNADI HARIJANTO, S.S. | E62: 0 | F62: 2 | G62: 0 | H62: 0 | I62: 0 | J62: 1 | K62: 0 | L62: 0 | M62: 0 | N62: =SUM(E62:M62) -> 3
B63: 6 | C63: 6. NURHAYATI | E63: 1 | F63: 0 | G63: 2 | H63: 0 | I63: 0 | J63: 0 | K63: 1 | L63: 0 | M63: 0 | N63: =SUM(E63:M63) -> 4
B64: 7 | C64: 7. MASHUDI | E64: 1 | F64: 0 | G64: 0 | H64: 1 | I64: 0 | J64: 0 | K64: 0 | L64: 0 | M64: 0 | N64: =SUM(E64:M64) -> 2
A67: B | B67: JUMLAH SUARA SAH PARTAI POLITIK DAN CALON (A1 + A2) | E67: =SUM(E57:E64) -> 25 | F67: =SUM(F57:F64) -> 12 | G67: =SUM(G57:G64) -> 35 | H67: =SUM(H57:H64) -> 37 | I67: =SUM(I57:I64) -> 24 | J67: =SUM(J57:J64) -> 30 | K67: =SUM(K57:K64) -> 17 | L67: =SUM(L57:L64) -> 13 | M67: =SUM(M57:M64) -> 20 | N67: =SUM(E67:M67) -> 213
A69: A.1 | B69: 3. | C69: Partai Demokrasi Indonesia Perjuangan | E69: 16 | F69: 11 | G69: 8 | H69: 20 | I69: 14 | J69: 5 | K69: 15 | L69: 7 | M69: 8 | N69: =SUM(E69:M69) -> 104
A70: A.2 | B70: 1 | C70: 1. SONNY TRI DANAPARAMITA, S.H., M.H. | E70: 16 | F70: 10 | G70: 10 | H70: 15 | I70: 23 | J70: 7 | K70: 15 | L70: 12 | M70: 1 | N70: =SUM(E70:M70) -> 109
B71: 2 | C71: 2. H. MOHAMAD GUNTUR ROMLI | E71: 4 | F71: 4 | G71: 4 | H71: 5 | I71: 1 | J71: 1 | K71: 6 | L71: 3 | M71: 3 | N71: =SUM(E71:M71) -> 31
B72: 3 | C72: 3. INA AMMANIA | E72: 9 | F72: 17 | G72: 12 | H72: 23 | I72: 26 | J72: 3 | K72: 9 | L72: 23 | M72: 16 | N72: =SUM(E72:M72) -> 138
B73: 4 | C73: 4. IRWAN BACHTIAR RACHMAT, M.Si. | E73: 1 | F73: 0 | G73: 0 | H73: 0 | I73: 0 | J73: 0 | K73: 1 | L73: 1 | M73: 0 | N73: =SUM(E73:M73) -> 3
B74: 5 | C74: 5. LUCKY PERDANA | E74: 8 | F74: 6 | G74: 13 | H74: 6 | I74: 14 | J74: 20 | K74: 19 | L74: 25 | M74: 17 | N74: =SUM(E74:M74) -> 128
B75: 6 | C75: 6. WIWIK PUJIYATI | E75: 0 | F75: 1 | G75: 1 | H75: 0 | I75: 0 | J75: 1 | K75: 1 | L75: 0 | M75: 0 | N75: =SUM(E75:M75) -> 4
B76: 7 | C76: 7. CHANDRA ASTAN, S.T. | E76: 2 | F76: 1 | G76: 0 | H76: 0 | I76: 1 | J76: 0 | K76: 0 | L76: 0 | M76: 0 | N76: =SUM(E76:M76) -> 4
A79: B | B79: JUMLAH SUARA SAH PARTAI POLITIK DAN CALON (A1 + A2) | E79: =SUM(E69:E76) -> 56 | F79: =SUM(F69:F76) -> 50 | G79: =SUM(G69:G76) -> 48 | H79: =SUM(H69:H76) -> 69 | I79: =SUM(I69:I76) -> 79 | J79: =SUM(J69:J76) -> 37 | K79: =SUM(K69:K76) -> 66 | L79: =SUM(L69:L76) -> 71 | M79: =SUM(M69:M76) -> 45 | N79: =SUM(E79:M79) -> 521
A81: A.1 | B81: 4. | C81: Partai Golongan Karya | E81: 7 | F81: 6 | G81: 5 | H81: 8 | I81: 6 | J81: 9 | K81: 5 | L81: 6 | M81: 14 | N81: =SUM(E81:M81) -> 66
A82: A.2 | B82: 1 | C82: 1. ZULFIKAR ARSE SADIKIN, S.I.P., M.Si. | E82: 13 | F82: 18 | G82: 16 | H82: 9 | I82: 16 | J82: 24 | K82: 6 | L82: 8 | M82: 21 | N82: =SUM(E82:M82) -> 131
B83: 2 | C83: 2. HANDOKO | E83: 4 | F83: 1 | G83: 1 | H83: 1 | I83: 1 | J83: 2 | K83: 0 | L83: 2 | M83: 2 | N83: =SUM(E83:M83) -> 14
B84: 3 | C84: 3. Hj. OVI DEWI YANTI | E84: 2 | F84: 0 | G84: 2 | H84: 3 | I84: 0 | J84: 0 | K84: 0 | L84: 0 | M84: 3 | N84: =SUM(E84:M84) -> 10
B85: 4 | C85: 4. Ir. AZAM AZMAN NATAWIJANA | E85: 0 | F85: 0 | G85: 3 | H85: 0 | I85: 0 | J85: 0 | K85: 0 | L85: 1 | M85: 2 | N85: =SUM(E85:M85) -> 6
B86: 5 | C86: 5. UBAIDILLAH AMIN, S.Kom. | E86: 0 | F86: 0 | G86: 2 | H86: 0 | I86: 0 | J86: 0 | K86: 1 | L86: 0 | M86: 1 | N86: =SUM(E86:M86) -> 4
B87: 6 | C87: 6. DENNY YUNIANDARI, S.H., M.Kn. | E87: 0 | F87: 0 | G87: 0 | H87: 0 | I87: 1 | J87: 0 | K87: 0 | L87: 0 | M87: 0 | N87: =SUM(E87:M87) -> 1
B88: 7 | C88: 7. ERNADI, S.H.I. | E88: 0 | F88: 0 | G88: 0 | H88: 0 | I88: 0 | J88: 0 | K88: 1 | L88: 0 | M88: 0 | N88: =SUM(E88:M88) -> 1
A91: B | B91: JUMLAH SUARA SAH PARTAI POLITIK DAN CALON (A1 + A2) | E91: =SUM(E81:E88) -> 26 | F91: =SUM(F81:F88) -> 25 | G91: =SUM(G81:G88) -> 29 | H91: =SUM(H81:H88) -> 21 | I91: =SUM(I81:I88) -> 24 | J91: =SUM(J81:J88) -> 35 | K91: =SUM(K81:K88) -> 13 | L91: =SUM(L81:L88) -> 17 | M91: =SUM(M81:M88) -> 43 | N91: =SUM(E91:M91) -> 233
A93: A.1 | B93: 5. | C93: Partai NasDem | E93: 2 | F93: 1 | G93: 2 | H93: 0 | I93: 1 | J93: 3 | K93: 2 | L93: 0 | M93: 0 | N93: =SUM(E93:M93) -> 11
A94: A.2 | B94: 1 | C94: 1. ACH. FADIL MUZAKKI SYAH | E94: 0 | F94: 1 | G94: 2 | H94: 1 | I94: 0 | J94: 1 | K94: 1 | L94: 1 | M94: 1 | N94: =SUM(E94:M94) -> 8
B95: 2 | C95: 2. BENY | E95: 0 | F95: 0 | G95: 0 | H95: 0 | I95: 0 | J95: 0 | K95: 0 | L95: 0 | M95: 0 | N95: =SUM(E95:M95) -> 0
B96: 3 | C96: 3. VINA VERONIKA | E96: 0 | F96: 0 | G96: 0 | H96: 0 | I96: 0 | J96: 0 | K96: 0 | L96: 0 | M96: 0 | N96: =SUM(E96:M96) -> 0
B97: 4 | C97: 4. TEDDY ANUGRIANTO | E97: 0 | F97: 0 | G97: 1 | H97: 0 | I97: 1 | J97: 0 | K97: 0 | L97: 0 | M97: 1 | N97: =SUM(E97:M97) -> 3
B98: 5 | C98: 5. INSAN KAMIL | E98: 0 | F98: 0 | G98: 7 | H98: 1 | I98: 0 | J98: 0 | K98: 0 | L98: 0 | M98: 1 | N98: =SUM(E98:M98) -> 9
B99: 6 | C99: 6. LILIK LINDARWATI | E99: 0 | F99: 0 | G99: 0 | H99: 0 | I99: 0 | J99: 0 | K99: 0 | L99: 0 | M99: 0 | N99: =SUM(E99:M99) -> 0
B100: 7 | C100: 7. YULI ANITA | E100: 0 | F100: 0 | G100: 0 | H100: 0 | I100: 0 | J100: 0 | K100: 0 | L100: 0 | M100: 0 | N100: =SUM(E100:M100) -> 0
A103: B | B103: JUMLAH SUARA SAH PARTAI POLITIK DAN CALON (A1 + A2) | E103: =SUM(E93:E100) -> 2 | F103: =SUM(F93:F100) -> 2 | G103: =SUM(G93:G100) -> 12 | H103: =SUM(H93:H100) -> 2 | I103: =SUM(I93:I100) -> 2 | J103: =SUM(J93:J100) -> 4 | K103: =SUM(K93:K100) -> 3 | L103: =SUM(L93:L100) -> 1 | M103: =SUM(M93:M100) -> 3 | N103: =SUM(E103:M103) -> 31
A105: A.1 | B105: 6. | C105: Partai Buruh | E105: 3 | F105: 1 | G105: 6 | H105: 0 | I105: 0 | J105: 3 | K105: 0 | L105: 0 | M105: 1 | N105: =SUM(E105:M105) -> 14
A106: A.2 | B106: 1 | C106: 1. KHOIRUL ANAM | E106: 0 | F106: 0 | G106: 0 | H106: 0 | I106: 0 | J106: 0 | K106: 2 | L106: 0 | M106: 0 | N106: =SUM(E106:M106) -> 2
B107: 2 | C107: 2. INA KURNIA | E107: 0 | F107: 0 | G107: 1 | H107: 0 | I107: 0 | J107: 0 | K107: 0 | L107: 0 | M107: 0 | N107: =SUM(E107:M107) -> 1
B108: 3 | C108: 3. JIBRAL TAROUK | E108: 0 | F108: 0 | G108: 0 | H108: 0 | I108: 0 | J108: 0 | K108: 0 | L108: 0 | M108: 0 | N108: =SUM(E108:M108) -> 0
B109: 4 | C109: 4. ASTUTI DAENG PUJI | E109: 0 | F109: 0 | G109: 0 | H109: 0 | I109: 0 | J109: 0 | K109: 1 | L109: 0 | M109: 0 | N109: =SUM(E109:M109) -> 1
B110: 5 | C110: 5. ASDARMAWAN | E110: 0 | F110: 0 | G110: 0 | H110: 1 | I110: 0 | J110: 0 | K110: 0 | L110: 0 | M110: 0 | N110: =SUM(E110:M110) -> 1
B111: 6 | C111: 6. RIFQI MUBAROK | E111: 0 | F111: 0 | G111: 1 | H111: 0 | I111: 0 | J111: 0 | K111: 0 | L111: 0 | M111: 0 | N111: =SUM(E111:M111) -> 1
B112: 7 | C112: 7. FIRNANDA ALTA MEGA | E112: 0 | F112: 0 | G112: 0 | H112: 0 | I112: 0 | J112: 0 | K112: 0 | L112: 0 | M112: 0 | N112: =SUM(E112:M112) -> 0
A115: B | B115: JUMLAH SUARA SAH PARTAI POLITIK DAN CALON (A1 + A2) | E115: =SUM(E105:E112) -> 3 | F115: =SUM(F105:F112) -> 1 | G115: =SUM(G105:G112) -> 8 | H115: =SUM(H105:H112) -> 1 | I115: =SUM(I105:I112) -> 0 | J115: =SUM(J105:J112) -> 3 | K115: =SUM(K105:K112) -> 3 | L115: =SUM(L105:L112) -> 0 | M115: =SUM(M105:M112) -> 1 | N115: =SUM(E115:M115) -> 20
A117: A.1 | B117: 7. | C117: Partai Gelombang Rakyat Indonesia | E117: 2 | F117: 2 | G117: 1 | H117: 0 | I117: 3 | J117: 3 | K117: 1 | L117: 2 | M117: 2 | N117: =SUM(E117:M117) -> 16
A118: A.2 | B118: 1 | C118: 1. TITI WIDORETNO WARISMAN | E118: 1 | F118: 2 | G118: 3 | H118: 0 | I118: 3 | J118: 3 | K118: 0 | L118: 1 | M118: 4 | N118: =SUM(E118:M118) -> 17
B119: 2 | C119: 2. MAMIEK SETYANINGSIH | E119: 0 | F119: 0 | G119: 1 | H119: 0 | I119: 0 | J119: 2 | K119: 0 | L119: 0 | M119: 0 | N119: =SUM(E119:M119) -> 3
B120: 3 | C120: 3. ROMIL AZIZEN | E120: 0 | F120: 0 | G120: 0 | H120: 0 | I120: 0 | J120: 0 | K120: 0 | L120: 0 | M120: 0 | N120: =SUM(E120:M120) -> 0
A127: B | B127: JUMLAH SUARA SAH PARTAI POLITIK DAN CALON (A1 + A2) | E127: =SUM(E117:E120) -> 3 | F127: =SUM(F117:F120) -> 4 | G127: =SUM(G117:G120) -> 5 | H127: =SUM(H117:H120) -> 0 | I127: =SUM(I117:I120) -> 6 | J127: =SUM(J117:J120) -> 8 | K127: =SUM(K117:K120) -> 1 | L127: =SUM(L117:L120) -> 3 | M127: =SUM(M117:M120) -> 6 | N127: =SUM(E127:M127) -> 36
A129: A.1 | B129: 8. | C129: Partai Keadilan Sejahtera | E129: 6 | F129: 0 | G129: 2 | H129: 0 | I129: 2 | J129: 1 | K129: 2 | L129: 2 | M129: 1 | N129: =SUM(E129:M129) -> 16
A130: A.2 | B130: 1 | C130: 1. H. SAIMI SALEH, S.E., M.M. | E130: 13 | F130: 6 | G130: 1 | H130: 3 | I130: 2 | J130: 4 | K130: 1 | L130: 3 | M130: 1 | N130: =SUM(E130:M130) -> 34
B131: 2 | C131: 2. Prof. Dr. H. EGGI SUDJANA, S.H., M.Si. | E131: 3 | F131: 3 | G131: 0 | H131: 0 | I131: 1 | J131: 0 | K131: 0 | L131: 0 | M131: 0 | N131: =SUM(E131:M131) -> 7
B132: 3 | C132: 3. NURUL KHOTIMAH | E132: 0 | F132: 0 | G132: 1 | H132: 0 | I132: 1 | J132: 1 | K132: 0 | L132: 0 | M132: 0 | N132: =SUM(E132:M132) -> 3
B133: 4 | C133: 4. AKHMAD SUYANTO, S.T., M.T. | E133: 0 | F133: 0 | G133: 0 | H133: 0 | I133: 1 | J133: 0 | K133: 0 | L133: 0 | M133: 0 | N133: =SUM(E133:M133) -> 1
B134: 5 | C134: 5. PUJIYATNI | E134: 0 | F134: 0 | G134: 0 | H134: 0 | I134: 0 | J134: 0 | K134: 0 | L134: 0 | M134: 0 | N134: =SUM(E134:M134) -> 0
B135: 6 | C135: 6. HENI PURWATININGSIH | E135: 1 | F135: 1 | G135: 0 | H135: 0 | I135: 2 | J135: 0 | K135: 0 | L135: 0 | M135: 0 | N135: =SUM(E135:M135) -> 4
B136: 7 | C136: 7. MUHADI | E136: 1 | F136: 0 | G136: 0 | H136: 0 | I136: 0 | J136: 0 | K136: 0 | L136: 0 | M136: 0 | N136: =SUM(E136:M136) -> 1
...

Sheet GLAGAH
C2: Kecamatan | D2: GLAGAH
C3: Kabupaten | D3: BANYUWANGI
C4: Provinsi | D4: JAWA TIMUR
C9: Kelurahan | D9: GLAGAH
A12: I | B12: DATA PEMILIH DAN PENGGUNAAN HAK PILIH | M12: JUMLAH AKHIR
A13: A | B13: DATA PEMILIH | E13: TPS 001 | F13: TPS 002 | G13: TPS 003 | H13: TPS 004 | I13: TPS 005 | J13: TPS 006 | K13: TPS 007 | L13: TPS 008
B14: Jumlah Pemilih dalam Daftar Pemilih Tetap (DPT) | D14: LK | E14: 129 | F14: 118 | G14: 128 | H14: 113 | I14: 131 | J14: 112 | K14: 123 | L14: 88 | M14: =SUM(E14:L14) -> 942
D15: PR | E15: 126 | F15: 117 | G15: 116 | H15: 129 | I15: 138 | J15: 128 | K15: 163 | L15: 106 | M15: =SUM(E15:L15) -> 1023
D16: JML | E16: =SUM(E14:E15) -> 255 | F16: =SUM(F14:F15) -> 235 | G16: =SUM(G14:G15) -> 244 | H16: =SUM(H14:H15) -> 242 | I16: =SUM(I14:I15) -> 269 | J16: =SUM(J14:J15) -> 240 | K16: =SUM(K14:K15) -> 286 | L16: =SUM(L14:L15) -> 194 | M16: =SUM(E16:L16) -> 1965
A18: B | B18: PENGGUNA HAK PILIH
B19: 1. | C19: Jumlah pengguna hak pilih dalam Daftar Pemilih Tetap (DPT) | D19: LK | E19: 106 | F19: 99 | G19: 105 | H19: 97 | I19: 112 | J19: 98 | K19: 99 | L19: 72 | M19: =SUM(E19:L19) -> 788
D20: PR | E20: 101 | F20: 105 | G20: 96 | H20: 120 | I20: 115 | J20: 116 | K20: 131 | L20: 90 | M20: =SUM(E20:L20) -> 874
D21: JML | E21: =SUM(E19:E20) -> 207 | F21: =SUM(F19:F20) -> 204 | G21: =SUM(G19:G20) -> 201 | H21: =SUM(H19:H20) -> 217 | I21: =SUM(I19:I20) -> 227 | J21: =SUM(J19:J20) -> 214 | K21: =SUM(K19:K20) -> 230 | L21: =SUM(L19:L20) -> 162 | M21: =SUM(E21:L21) -> 1662
B22: 2. | C22: Jumlah pengguna hak pilih dalam Daftar Pemilih Tambahan (DPTb) | D22: LK | E22: 0 | F22: 0 | G22: 1 | H22: 0 | I22: 0 | J22: 1 | K22: 0 | L22: 0 | M22: =SUM(E22:L22) -> 2
D23: PR | E23: 0 | F23: 0 | G23: 1 | H23: 1 | I23: 0 | J23: 0 | K23: 0 | L23: 0 | M23: =SUM(E23:L23) -> 2
D24: JML | E24: =SUM(E22:E23) -> 0 | F24: =SUM(F22:F23) -> 0 | G24: =SUM(G22:G23) -> 2 | H24: =SUM(H22:H23) -> 1 | I24: =SUM(I22:I23) -> 0 | J24: =SUM(J22:J23) -> 1 | K24: =SUM(K22:K23) -> 0 | L24: =SUM(L22:L23) -> 0 | M24: =SUM(E24:L24) -> 4
B25: 3. | C25: Jumlah pengguna hak pilih dalam Daftar Pemilih Khusus (DPK) | D25: LK | E25: 1 | F25: 1 | G25: 1 | H25: 2 | I25: 2 | J25: 0 | K25: 2 | L25: 0 | M25: =SUM(E25:L25) -> 9
D26: PR | E26: 2 | F26: 0 | G26: 6 | H26: 1 | I26: 1 | J26: 1 | K26: 7 | L26: 1 | M26: =SUM(E26:L26) -> 19
D27: JML | E27: =SUM(E25:E26) -> 3 | F27: =SUM(F25:F26) -> 1 | G27: =SUM(G25:G26) -> 7 | H27: =SUM(H25:H26) -> 3 | I27: =SUM(I25:I26) -> 3 | J27: =SUM(J25:J26) -> 1 | K27: =SUM(K25:K26) -> 9 | L27: =SUM(L25:L26) -> 1 | M27: =SUM(E27:L27) -> 28
B28: 4. | C28: Jumlah Pengguna Hak Pilih (B.1+B.2+B.3) | D28: LK | E28: =SUM(E19,E22,E25) -> 107 | F28: =SUM(F19,F22,F25) -> 100 | G28: =SUM(G19,G22,G25) -> 107 | H28: =SUM(H19,H22,H25) -> 99 | I28: =SUM(I19,I22,I25) -> 114 | J28: =SUM(J19,J22,J25) -> 99 | K28: =SUM(K19,K22,K25) -> 101 | L28: =SUM(L19,L22,L25) -> 72 | M28: =SUM(E28:L28) -> 799
D29: PR | E29: =SUM(E20,E23,E26) -> 103 | F29: =SUM(F20,F23,F26) -> 105 | G29: =SUM(G20,G23,G26) -> 103 | H29: =SUM(H20,H23,H26) -> 122 | I29: =SUM(I20,I23,I26) -> 116 | J29: =SUM(J20,J23,J26) -> 117 | K29: =SUM(K20,K23,K26) -> 138 | L29: =SUM(L20,L23,L26) -> 91 | M29: =SUM(E29:L29) -> 895
D30: JML | E30: =SUM(E28:E29) -> 210 | F30: =SUM(F28:F29) -> 205 | G30: =SUM(G28:G29) -> 210 | H30: =SUM(H28:H29) -> 221 | I30: =SUM(I28:I29) -> 230 | J30: =SUM(J28:J29) -> 216 | K30: =SUM(K28:K29) -> 239 | L30: =SUM(L28:L29) -> 163 | M30: =SUM(E30:L30) -> 1694
A32: II | B32: DATA PENGGUNAAN SURAT SUARA
A33: 1 | B33: Jumlah surat suara yang diterima, termasuk surat suara cadangan 2,5% dari DPT | E33: 261 | F33: 240 | G33: 248 | H33: 247 | I33: 274 | J33: 245 | K33: 292 | L33: 198 | M33: =SUM(E33:L33) -> 2005
A34: 2 | B34: Jumlah surat suara yang digunakan | E34: 210 | F34: 205 | G34: 210 | H34: 221 | I34: 230 | J34: 216 | K34: 239 | L34: 163 | M34: =SUM(E34:L34) -> 1694
A35: 3 | B35: Jumlah surat suara dikembalikan oleh pemilih (karena rusak atau keliru coblos) | E35: 0 | F35: 0 | G35: 0 | H35: 0 | I35: 0 | J35: 0 | K35: 0 | L35: 0 | M35: =SUM(E35:L35) -> 0
A36: 4 | B36: Jumlah surat suara yang tidak digunakan/tidak terpakai, termasuk sisa surat suara cadangan | E36: =E33-(E34+E35) -> 51 | F36: =F33-(F34+F35) -> 35 | G36: =G33-(G34+G35) -> 38 | H36: =H33-(H34+H35) -> 26 | I36: =I33-(I34+I35) -> 44 | J36: =J33-(J34+J35) -> 29 | K36: =K33-(K34+K35) -> 53 | L36: =L33-(L34+L35) -> 35 | M36: =SUM(E36:L36) -> 311
A38: III | B38: DATA PEMILIH DISABILITAS
B39: Jumlah seluruh Pemilih disabilitas yang menggunakan hak pilih | D39: LK | G39: 1 | M39: =SUM(E39:L39) -> 1
D40: PR | G40: 3 | L40: 1 | M40: =SUM(E40:L40) -> 4
D41: JML | E41: =SUM(E39:E40) -> 0 | F41: =SUM(F39:F40) -> 0 | G41: =SUM(G39:G40) -> 4 | H41: =SUM(H39:H40) -> 0 | I41: =SUM(I39:I40) -> 0 | J41: =SUM(J39:J40) -> 0 | K41: =SUM(K39:K40) -> 0 | L41: =SUM(L39:L40) -> 1 | M41: =SUM(E41:L41) -> 5
A43: IV | B43: DATA RINCIAN PEROLEHAN SUARA PASANGAN CALON BUPATI DAN WAKIL BUPATI
A44: NOMOR DAN NAMA CALON
A45: A.1 | B45: 1. | C45: Partai Kebangkitan Bangsa | E45: 0 | F45: 6 | G45: 6 | H45: 4 | I45: 5 | J45: 3 | K45: 1 | L45: 3 | M45: =SUM(E45:L45) -> 28
A46: A.2 | B46: 1 | C46: 1. Dr. Hj. NIHAYATUL WAFIROH, M.A. | E46: 6 | F46: 2 | G46: 10 | H46: 5 | I46: 4 | J46: 7 | K46: 9 | L46: 2 | M46: =SUM(E46:L46) -> 45
B47: 2 | C47: 2. H. M. NASIM KHAN | E47: 0 | F47: 2 | G47: 0 | H47: 1 | I47: 1 | J47: 0 | K47: 0 | L47: 0 | M47: =SUM(E47:L47) -> 4
B48: 3 | C48: 3. Dr. H. AKIK ZAMAN, M.Pd.I. | E48: 0 | F48: 0 | G48: 0 | H48: 0 | I48: 0 | J48: 1 | K48: 0 | L48: 0 | M48: =SUM(E48:L48) -> 1
B49: 4 | C49: 4. AHMAD RIFA'I, S.H. | E49: 1 | F49: 1 | G49: 0 | H49: 2 | I49: 0 | J49: 0 | K49: 0 | L49: 0 | M49: =SUM(E49:L49) -> 4
B50: 5 | C50: 5. Drs. H. MAHFUD M.N. | E50: 0 | F50: 0 | G50: 0 | H50: 0 | I50: 0 | J50: 0 | K50: 0 | L50: 0 | M50: =SUM(E50:L50) -> 0
B51: 6 | C51: 6. NURHAYATI, S.Pd. | E51: 0 | F51: 0 | G51: 0 | H51: 0 | I51: 0 | J51: 0 | K51: 0 | L51: 0 | M51: =SUM(E51:L51) -> 0
B52: 7 | C52: 7. MAFTUHA KISWAH | E52: 1 | F52: 1 | G52: 0 | H52: 0 | I52: 0 | J52: 0 | K52: 0 | L52: 0 | M52: =SUM(E52:L52) -> 2
A55: B | B55: JUMLAH SUARA SAH PARTAI POLITIK DAN CALON (A1 + A2) | E55: =SUM(E45:E52) -> 8 | F55: =SUM(F45:F52) -> 12 | G55: =SUM(G45:G52) -> 16 | H55: =SUM(H45:H52) -> 12 | I55: =SUM(I45:I52) -> 10 | J55: =SUM(J45:J52) -> 11 | K55: =SUM(K45:K52) -> 10 | L55: =SUM(L45:L52) -> 5 | M55: =SUM(E55:L55) -> 84
A57: A.1 | B57: 2. | C57: Partai Gerakan Indonesia Raya | E57: 6 | F57: 13 | G57: 6 | H57: 8 | I57: 10 | J57: 16 | K57: 8 | L57: 2 | M57: =SUM(E57:L57) -> 69
A58: A.2 | B58: 1 | C58: 1. SUMAIL ABDULLAH | E58: 6 | F58: 13 | G58: 15 | H58: 5 | I58: 11 | J58: 10 | K58: 14 | L58: 55 | M58: =SUM(E58:L58) -> 129
B59: 2 | C59: 2. MUHAMMAD ALI ADRIAN SALEH | E59: 1 | F59: 5 | G59: 7 | H59: 2 | I59: 1 | J59: 2 | K59: 6 | L59: 1 | M59: =SUM(E59:L59) -> 25
B60: 3 | C60: 3. DURROTUN NAFISAH | E60: 1 | F60: 5 | G60: 0 | H60: 0 | I60: 1 | J60: 2 | K60: 3 | L60: 0 | M60: =SUM(E60:L60) -> 12
B61: 4 | C61: 4. H. EKO SUSILO NURHIDAYAT | E61: 0 | F61: 0 | G61: 0 | H61: 0 | I61: 0 | J61: 0 | K61: 1 | L61: 0 | M61: =SUM(E61:L61) -> 1
B62: 5 | C62: 5. KARNADI HARIJANTO, S.S. | E62: 0 | F62: 0 | G62: 0 | H62: 0 | I62: 0 | J62: 0 | K62: 0 | L62: 0 | M62: =SUM(E62:L62) -> 0
B63: 6 | C63: 6. NURHAYATI | E63: 1 | F63: 0 | G63: 0 | H63: 1 | I63: 1 | J63: 1 | K63: 0 | L63: 1 | M63: =SUM(E63:L63) -> 5
B64: 7 | C64: 7. MASHUDI | E64: 0 | F64: 1 | G64: 0 | H64: 1 | I64: 0 | J64: 0 | K64: 0 | L64: 0 | M64: =SUM(E64:L64) -> 2
A67: B | B67: JUMLAH SUARA SAH PARTAI POLITIK DAN CALON (A1 + A2) | E67: =SUM(E57:E64) -> 15 | F67: =SUM(F57:F64) -> 37 | G67: =SUM(G57:G64) -> 28 | H67: =SUM(H57:H64) -> 17 | I67: =SUM(I57:I64) -> 24 | J67: =SUM(J57:J64) -> 31 | K67: =SUM(K57:K64) -> 32 | L67: =SUM(L57:L64) -> 59 | M67: =SUM(E67:L67) -> 243
A69: A.1 | B69: 3. | C69: Partai Demokrasi Indonesia Perjuangan | E69: 11 | F69: 12 | G69: 7 | H69: 8 | I69: 14 | J69: 13 | K69: 10 | L69: 7 | M69: =SUM(E69:L69) -> 82
A70: A.2 | B70: 1 | C70: 1. SONNY TRI DANAPARAMITA, S.H., M.H. | E70: 49 | F70: 25 | G70: 20 | H70: 23 | I70: 38 | J70: 14 | K70: 20 | L70: 22 | M70: =SUM(E70:L70) -> 211
B71: 2 | C71: 2. H. MOHAMAD GUNTUR ROMLI | E71: 7 | F71: 9 | G71: 4 | H71: 4 | I71: 8 | J71: 6 | K71: 1 | L71: 6 | M71: =SUM(E71:L71) -> 45
B72: 3 | C72: 3. INA AMMANIA | E72: 1 | F72: 1 | G72: 7 | H72: 4 | I72: 3 | J72: 3 | K72: 1 | L72: 2 | M72: =SUM(E72:L72) -> 22
B73: 4 | C73: 4. IRWAN BACHTIAR RACHMAT, M.Si. | E73: 1 | F73: 1 | G73: 0 | H73: 0 | I73: 1 | J73: 1 | K73: 0 | L73: 1 | M73: =SUM(E73:L73) -> 5
B74: 5 | C74: 5. LUCKY PERDANA | E74: 4 | F74: 9 | G74: 8 | H74: 7 | I74: 1 | J74: 5 | K74: 11 | L74: 1 | M74: =SUM(E74:L74) -> 46
B75: 6 | C75: 6. WIWIK PUJIYATI | E75: 0 | F75: 0 | G75: 1 | H75: 0 | I75: 0 | J75: 0 | K75: 0 | L75: 1 | M75: =SUM(E75:L75) -> 2
B76: 7 | C76: 7. CHANDRA ASTAN, S.T. | E76: 1 | F76: 0 | G76: 0 | H76: 1 | I76: 1 | J76: 1 | K76: 0 | L76: 0 | M76: =SUM(E76:L76) -> 4
A79: B | B79: JUMLAH SUARA SAH PARTAI POLITIK DAN CALON (A1 + A2) | E79: =SUM(E69:E76) -> 74 | F79: =SUM(F69:F76) -> 57 | G79: =SUM(G69:G76) -> 47 | H79: =SUM(H69:H76) -> 47 | I79: =SUM(I69:I76) -> 66 | J79: =SUM(J69:J76) -> 43 | K79: =SUM(K69:K76) -> 43 | L79: =SUM(L69:L76) -> 40 | M79: =SUM(E79:L79) -> 417
A81: A.1 | B81: 4. | C81: Partai Golongan Karya | E81: 6 | F81: 3 | G81: 2 | H81: 5 | I81: 18 | J81: 12 | K81: 17 | L81: 1 | M81: =SUM(E81:L81) -> 64
A82: A.2 | B82: 1 | C82: 1. ZULFIKAR ARSE SADIKIN, S.I.P., M.Si. | E82: 4 | F82: 5 | G82: 4 | H82: 7 | I82: 13 | J82: 6 | K82: 41 | L82: 2 | M82: =SUM(E82:L82) -> 82
B83: 2 | C83: 2. HANDOKO | E83: 1 | F83: 1 | G83: 2 | H83: 1 | I83: 4 | J83: 2 | K83: 3 | L83: 0 | M83: =SUM(E83:L83) -> 14
B84: 3 | C84: 3. Hj. OVI DEWI YANTI | E84: 0 | F84: 0 | G84: 1 | H84: 1 | I84: 3 | J84: 2 | K84: 1 | L84: 1 | M84: =SUM(E84:L84) -> 9
B85: 4 | C85: 4. Ir. AZAM AZMAN NATAWIJANA | E85: 1 | F85: 0 | G85: 0 | H85: 1 | I85: 1 | J85: 1 | K85: 0 | L85: 0 | M85: =SUM(E85:L85) -> 4
B86: 5 | C86: 5. UBAIDILLAH AMIN, S.Kom. | E86: 0 | F86: 0 | G86: 0 | H86: 3 | I86: 4 | J86: 1 | K86: 0 | L86: 0 | M86: =SUM(E86:L86) -> 8
B87: 6 | C87: 6. DENNY YUNIANDARI, S.H., M.Kn. | E87: 0 | F87: 0 | G87: 0 | H87: 0 | I87: 1 | J87: 0 | K87: 0 | L87: 1 | M87: =SUM(E87:L87) -> 2
B88: 7 | C88: 7. ERNADI, S.H.I. | E88: 0 | F88: 0 | G88: 0 | H88: 0 | I88: 0 | J88: 0 | K88: 0 | L88: 0 | M88: =SUM(E88:L88) -> 0
A91: B | B91: JUMLAH SUARA SAH PARTAI POLITIK DAN CALON (A1 + A2) | E91: =SUM(E81:E88) -> 12 | F91: =SUM(F81:F88) -> 9 | G91: =SUM(G81:G88) -> 9 | H91: =SUM(H81:H88) -> 18 | I91: =SUM(I81:I88) -> 44 | J91: =SUM(J81:J88) -> 24 | K91: =SUM(K81:K88) -> 62 | L91: =SUM(L81:L88) -> 5 | M91: =SUM(E91:L91) -> 183
A93: A.1 | B93: 5. | C93: Partai NasDem | E93: 0 | F93: 2 | G93: 2 | H93: 8 | I93: 1 | J93: 6 | K93: 4 | L93: 7 | M93: =SUM(E93:L93) -> 30
A94: A.2 | B94: 1 | C94: 1. ACH. FADIL MUZAKKI SYAH | E94: 1 | F94: 1 | G94: 1 | H94: 3 | I94: 5 | J94: 2 | K94: 6 | L94: 6 | M94: =SUM(E94:L94) -> 25
B95: 2 | C95: 2. BENY | E95: 0 | F95: 0 | G95: 0 | H95: 1 | I95: 0 | J95: 0 | K95: 1 | L95: 0 | M95: =SUM(E95:L95) -> 2
B96: 3 | C96: 3. VINA VERONIKA | E96: 1 | F96: 0 | G96: 0 | H96: 0 | I96: 0 | J96: 0 | K96: 0 | L96: 0 | M96: =SUM(E96:L96) -> 1
B97: 4 | C97: 4. TEDDY ANUGRIANTO | E97: 0 | F97: 0 | G97: 0 | H97: 0 | I97: 0 | J97: 2 | K97: 0 | L97: 1 | M97: =SUM(E97:L97) -> 3
B98: 5 | C98: 5. INSAN KAMIL | E98: 3 | F98: 0 | G98: 2 | H98: 10 | I98: 0 | J98: 2 | K98: 1 | L98: 0 | M98: =SUM(E98:L98) -> 18
B99: 6 | C99: 6. LILIK LINDARWATI | E99: 0 | F99: 0 | G99: 0 | H99: 0 | I99: 0 | J99: 0 | K99: 0 | L99: 0 | M99: =SUM(E99:L99) -> 0
B100: 7 | C100: 7. YULI ANITA | E100: 0 | F100: 0 | G100: 0 | H100: 0 | I100: 0 | J100: 0 | K100: 1 | L100: 0 | M100: =SUM(E100:L100) -> 1
A103: B | B103: JUMLAH SUARA SAH PARTAI POLITIK DAN CALON (A1 + A2) | E103: =SUM(E93:E100) -> 5 | F103: =SUM(F93:F100) -> 3 | G103: =SUM(G93:G100) -> 5 | H103: =SUM(H93:H100) -> 22 | I103: =SUM(I93:I100) -> 6 | J103: =SUM(J93:J100) -> 12 | K103: =SUM(K93:K100) -> 13 | L103: =SUM(L93:L100) -> 14 | M103: =SUM(E103:L103) -> 80
A105: A.1 | B105: 6. | C105: Partai Buruh | E105: 2 | F105: 2 | G105: 1 | H105: 3 | I105: 1 | J105: 0 | K105: 1 | L105: 3 | M105: =SUM(E105:L105) -> 13
A106: A.2 | B106: 1 | C106: 1. KHOIRUL ANAM | E106: 0 | F106: 0 | G106: 0 | H106: 0 | I106: 0 | J106: 0 | K106: 0 | L106: 1 | M106: =SUM(E106:L106) -> 1
B107: 2 | C107: 2. INA KURNIA | E107: 1 | F107: 0 | G107: 0 | H107: 0 | I107: 0 | J107: 0 | K107: 0 | L107: 0 | M107: =SUM(E107:L107) -> 1
B108: 3 | C108: 3. JIBRAL TAROUK | E108: 1 | F108: 2 | G108: 1 | H108: 1 | I108: 0 | J108: 0 | K108: 0 | L108: 0 | M108: =SUM(E108:L108) -> 5
B109: 4 | C109: 4. ASTUTI DAENG PUJI | E109: 0 | F109: 0 | G109: 0 | H109: 1 | I109: 0 | J109: 0 | K109: 0 | L109: 0 | M109: =SUM(E109:L109) -> 1
B110: 5 | C110: 5. ASDARMAWAN | E110: 0 | F110: 0 | G110: 0 | H110: 0 | I110: 0 | J110: 0 | K110: 0 | L110: 0 | M110: =SUM(E110:L110) -> 0
B111: 6 | C111: 6. RIFQI MUBAROK | E111: 0 | F111: 0 | G111: 0 | H111: 0 | I111: 0 | J111: 0 | K111: 0 | L111: 0 | M111: =SUM(E111:L111) -> 0
B112: 7 | C112: 7. FIRNANDA ALTA MEGA | E112: 0 | F112: 0 | G112: 0 | H112: 0 | I112: 0 | J112: 1 | K112: 0 | L112: 0 | M112: =SUM(E112:L112) -> 1
A115: B | B115: JUMLAH SUARA SAH PARTAI POLITIK DAN CALON (A1 + A2) | E115: =SUM(E105:E112) -> 4 | F115: =SUM(F105:F112) -> 4 | G115: =SUM(G105:G112) -> 2 | H115: =SUM(H105:H112) -> 5 | I115: =SUM(I105:I112) -> 1 | J115: =SUM(J105:J112) -> 1 | K115: =SUM(K105:K112) -> 1 | L115: =SUM(L105:L112) -> 4 | M115: =SUM(E115:L115) -> 22
A117: A.1 | B117: 7. | C117: Partai Gelombang Rakyat Indonesia | E117: 5 | F117: 2 | G117: 2 | H117: 1 | I117: 4 | J117: 2 | K117: 0 | L117: 5 | M117: =SUM(E117:L117) -> 21
A118: A.2 | B118: 1 | C118: 1. TITI WIDORETNO WARISMAN | E118: 5 | F118: 1 | G118: 5 | H118: 2 | I118: 3 | J118: 2 | K118: 0 | L118: 3 | M118: =SUM(E118:L118) -> 21
B119: 2 | C119: 2. MAMIEK SETYANINGSIH | E119: 0 | F119: 0 | G119: 0 | H119: 0 | I119: 0 | J119: 0 | K119: 0 | L119: 0 | M119: =SUM(E119:L119) -> 0
B120: 3 | C120: 3. ROMIL AZIZEN | E120: 0 | F120: 0 | G120: 0 | H120: 0 | I120: 1 | J120: 0 | K120: 0 | L120: 0 | M120: =SUM(E120:L120) -> 1
A127: B | B127: JUMLAH SUARA SAH PARTAI POLITIK DAN CALON (A1 + A2) | E127: =SUM(E117:E120) -> 10 | F127: =SUM(F117:F120) -> 3 | G127: =SUM(G117:G120) -> 7 | H127: =SUM(H117:H120) -> 3 | I127: =SUM(I117:I120) -> 8 | J127: =SUM(J117:J120) -> 4 | K127: =SUM(K117:K120) -> 0 | L127: =SUM(L117:L120) -> 8 | M127: =SUM(E127:L127) -> 43
A129: A.1 | B129: 8. | C129: Partai Keadilan Sejahtera | E129: 0 | F129: 0 | G129: 1 | H129: 1 | I129: 2 | J129: 4 | K129: 1 | L129: 0 | M129: =SUM(E129:L129) -> 9
A130: A.2 | B130: 1 | C130: 1. H. SAIMI SALEH, S.E., M.M. | E130: 4 | F130: 2 | G130: 3 | H130: 12 | I130: 2 | J130: 1 | K130: 8 | L130: 1 | M130: =SUM(E130:L130) -> 33
B131: 2 | C131: 2. Prof. Dr. H. EGGI SUDJANA, S.H., M.Si. | E131: 0 | F131: 0 | G131: 0 | H131: 0 | I131: 1 | J131: 1 | K131: 0 | L131: 0 | M131: =SUM(E131:L131) -> 2
B132: 3 | C132: 3. NURUL KHOTIMAH | E132: 0 | F132: 0 | G132: 0 | H132: 0 | I132: 0 | J132: 0 | K132: 0 | L132: 0 | M132: =SUM(E132:L132) -> 0
B133: 4 | C133: 4. AKHMAD SUYANTO, S.T., M.T. | E133: 0 | F133: 0 | G133: 0 | H133: 0 | I133: 0 | J133: 1 | K133: 0 | L133: 0 | M133: =SUM(E133:L133) -> 1
B134: 5 | C134: 5. PUJIYATNI | E134: 0 | F134: 0 | G134: 0 | H134: 0 | I134: 0 | J134: 0 | K134: 0 | L134: 0 | M134: =SUM(E134:L134) -> 0
B135: 6 | C135: 6. HENI PURWATININGSIH | E135: 0 | F135: 3 | G135: 0 | H135: 2 | I135: 0 | J135: 0 | K135: 2 | L135: 1 | M135: =SUM(E135:L135) -> 8
B136: 7 | C136: 7. MUHADI | E136: 0 | F136: 0 | G136: 0 | H136: 0 | I136: 0 | J136: 0 | K136: 0 | L136: 0 | M136: =SUM(E136:L136) -> 0
...

Sheet PASPAN
C2: Kecamatan | D2: GLAGAH
C3: Kabupaten | D3: BANYUWANGI
C4: Provinsi | D4: JAWA TIMUR
C9: Kelurahan | D9: PASPAN
A12: I | B12: DATA PEMILIH DAN PENGGUNAAN HAK PILIH | P12: JUMLAH AKHIR
A13: A | B13: DATA PEMILIH | E13: TPS 001 | F13: TPS 002 | G13: TPS 003 | H13: TPS 004 | I13: TPS 005 | J13: TPS 006 | K13: TPS 007 | L13: TPS 008 | M13: TPS 009 | N13: TPS 010 | O13: TPS 011
B14: Jumlah Pemilih dalam Daftar Pemilih Tetap (DPT) | D14: LK | E14: 113 | F14: 114 | G14: 111 | H14: 115 | I14: 110 | J14: 116 | K14: 124 | L14: 125 | M14: 124 | N14: 122 | O14: 129 | P14: =SUM(E14:O14) -> 1303
D15: PR | E15: 109 | F15: 113 | G15: 111 | H15: 112 | I15: 112 | J15: 113 | K15: 112 | L15: 128 | M15: 102 | N15: 112 | O15: 129 | P15: =SUM(E15:O15) -> 1253
D16: JML | E16: =SUM(E14:E15) -> 222 | F16: =SUM(F14:F15) -> 227 | G16: =SUM(G14:G15) -> 222 | H16: =SUM(H14:H15) -> 227 | I16: =SUM(I14:I15) -> 222 | J16: =SUM(J14:J15) -> 229 | K16: =SUM(K14:K15) -> 236 | L16: =SUM(L14:L15) -> 253 | ... O16: =SUM(O14:O15) -> 258 | P16: =SUM(E16:O16) -> 2556
A18: B | B18: PENGGUNA HAK PILIH
B19: 1. | C19: Jumlah pengguna hak pilih dalam Daftar Pemilih Tetap (DPT) | D19: LK | E19: 90 | F19: 100 | G19: 93 | H19: 97 | I19: 97 | J19: 97 | K19: 112 | L19: 105 | M19: 102 | N19: 97 | O19: 117 | P19: =SUM(E19:O19) -> 1107
D20: PR | E20: 99 | F20: 108 | G20: 99 | H20: 103 | I20: 110 | J20: 109 | K20: 103 | L20: 118 | M20: 88 | N20: 95 | O20: 117 | P20: =SUM(E20:O20) -> 1149
D21: JML | E21: =SUM(E19:E20) -> 189 | F21: =SUM(F19:F20) -> 208 | G21: =SUM(G19:G20) -> 192 | H21: =SUM(H19:H20) -> 200 | I21: =SUM(I19:I20) -> 207 | J21: =SUM(J19:J20) -> 206 | K21: =SUM(K19:K20) -> 215 | L21: =SUM(L19:L20) -> 223 | ... O21: =SUM(O19:O20) -> 234 | P21: =SUM(E21:O21) -> 2256
B22: 2. | C22: Jumlah pengguna hak pilih dalam Daftar Pemilih Tambahan (DPTb) | D22: LK | E22: 0 | F22: 0 | G22: 0 | H22: 0 | I22: 0 | J22: 0 | K22: 0 | L22: 0 | M22: 0 | N22: 0 | O22: 0 | P22: =SUM(E22:O22) -> 0
D23: PR | E23: 1 | F23: 0 | G23: 0 | H23: 0 | I23: 0 | J23: 0 | K23: 0 | L23: 0 | M23: 0 | N23: 1 | O23: 1 | P23: =SUM(E23:O23) -> 3
D24: JML | E24: =SUM(E22:E23) -> 1 | F24: =SUM(F22:F23) -> 0 | G24: =SUM(G22:G23) -> 0 | H24: =SUM(H22:H23) -> 0 | I24: =SUM(I22:I23) -> 0 | J24: =SUM(J22:J23) -> 0 | K24: =SUM(K22:K23) -> 0 | L24: =SUM(L22:L23) -> 0 | ... O24: =SUM(O22:O23) -> 1 | P24: =SUM(E24:O24) -> 3
B25: 3. | C25: Jumlah pengguna hak pilih dalam Daftar Pemilih Khusus (DPK) | D25: LK | E25: 0 | F25: 0 | G25: 0 | H25: 2 | I25: 0 | J25: 0 | K25: 0 | L25: 0 | M25: 0 | N25: 0 | O25: 1 | P25: =SUM(E25:O25) -> 3
D26: PR | E26: 0 | F26: 0 | G26: 0 | H26: 3 | I26: 2 | J26: 0 | K26: 0 | L26: 2 | M26: 0 | N26: 0 | O26: 1 | P26: =SUM(E26:O26) -> 8
D27: JML | E27: =SUM(E25:E26) -> 0 | F27: =SUM(F25:F26) -> 0 | G27: =SUM(G25:G26) -> 0 | H27: =SUM(H25:H26) -> 5 | I27: =SUM(I25:I26) -> 2 | J27: =SUM(J25:J26) -> 0 | K27: =SUM(K25:K26) -> 0 | L27: =SUM(L25:L26) -> 2 | ... O27: =SUM(O25:O26) -> 2 | P27: =SUM(E27:O27) -> 11
B28: 4. | C28: Jumlah Pengguna Hak Pilih (B.1+B.2+B.3) | D28: LK | E28: =SUM(E19,E22,E25) -> 90 | F28: =SUM(F19,F22,F25) -> 100 | G28: =SUM(G19,G22,G25) -> 93 | H28: =SUM(H19,H22,H25) -> 99 | I28: =SUM(I19,I22,I25) -> 97 | J28: =SUM(J19,J22,J25) -> 97 | K28: =SUM(K19,K22,K25) -> 112 | L28: =SUM(L19,L22,L25) -> 105 | ... O28: =SUM(O19,O22,O25) -> 118 | P28: =SUM(E28:O28) -> 1110
D29: PR | E29: =SUM(E20,E23,E26) -> 100 | F29: =SUM(F20,F23,F26) -> 108 | G29: =SUM(G20,G23,G26) -> 99 | H29: =SUM(H20,H23,H26) -> 106 | I29: =SUM(I20,I23,I26) -> 112 | J29: =SUM(J20,J23,J26) -> 109 | K29: =SUM(K20,K23,K26) -> 103 | L29: =SUM(L20,L23,L26) -> 120 | ... O29: =SUM(O20,O23,O26) -> 119 | P29: =SUM(E29:O29) -> 1160
D30: JML | E30: =SUM(E28:E29) -> 190 | F30: =SUM(F28:F29) -> 208 | G30: =SUM(G28:G29) -> 192 | H30: =SUM(H28:H29) -> 205 | I30: =SUM(I28:I29) -> 209 | J30: =SUM(J28:J29) -> 206 | K30: =SUM(K28:K29) -> 215 | L30: =SUM(L28:L29) -> 225 | ... O30: =SUM(O28:O29) -> 237 | P30: =SUM(E30:O30) -> 2270
A32: II | B32: DATA PENGGUNAAN SURAT SUARA
A33: 1 | B33: Jumlah surat suara yang diterima, termasuk surat suara cadangan 2% dari DPT | E33: 227 | F33: 232 | G33: 227 | H33: 232 | I33: 227 | J33: 234 | K33: 239 | L33: 259 | M33: 231 | N33: 239 | O33: 264 | P33: =SUM(E33:O33) -> 2611
A34: 2 | B34: Jumlah surat suara yang digunakan | E34: 190 | F34: 208 | G34: 192 | H34: 205 | I34: 209 | J34: 206 | K34: 215 | L34: 225 | M34: 190 | N34: 193 | O34: 237 | P34: =SUM(E34:O34) -> 2270
A35: 3 | B35: Jumlah surat suara dikembalikan oleh pemilih (karena rusak atau keliru coblos) | E35: 5 | F35: 0 | G35: 0 | H35: 0 | I35: 0 | J35: 0 | K35: 0 | L35: 0 | M35: 0 | N35: 0 | O35: 0 | P35: =SUM(E35:O35) -> 5
A36: 4 | B36: Jumlah surat suara yang tidak digunakan/tidak terpakai, termasuk sisa surat suara cadangan | E36: =E33-(E34+E35) -> 32 | F36: =F33-(F34+F35) -> 24 | G36: =G33-(G34+G35) -> 35 | H36: =H33-(H34+H35) -> 27 | I36: =I33-(I34+I35) -> 18 | J36: =J33-(J34+J35) -> 28 | K36: =K33-(K34+K35) -> 24 | L36: =L33-(L34+L35) -> 34 | ... O36: =O33-(O34+O35) -> 27 | P36: =SUM(E36:O36) -> 336
A38: III | B38: DATA PEMILIH DISABILITAS
B39: Jumlah seluruh Pemilih disabilitas yang menggunakan hak pilih | D39: LK | P39: =SUM(E39:O39) -> 0
D40: PR | P40: =SUM(E40:O40) -> 0
D41: JML | E41: =SUM(E39:E40) -> 0 | F41: =SUM(F39:F40) -> 0 | G41: =SUM(G39:G40) -> 0 | H41: =SUM(H39:H40) -> 0 | I41: =SUM(I39:I40) -> 0 | J41: =SUM(J39:J40) -> 0 | K41: =SUM(K39:K40) -> 0 | L41: =SUM(L39:L40) -> 0 | ... O41: =SUM(O39:O40) -> 0 | P41: =SUM(E41:O41) -> 0
A43: IV | B43: DATA RINCIAN PEROLEHAN SUARA PASANGAN CALON BUPATI DAN WAKIL BUPATI
A44: NOMOR DAN NAMA CALON
A45: A.1 | B45: 1. | C45: Partai Kebangkitan Bangsa | E45: 14 | F45: 7 | G45: 9 | H45: 9 | I45: 2 | J45: 12 | K45: 6 | L45: 4 | M45: 3 | N45: 10 | O45: 8 | P45: =SUM(E45:O45) -> 84
A46: A.2 | B46: 1 | C46: 1. Dr. Hj. NIHAYATUL WAFIROH, M.A. | E46: 41 | F46: 24 | G46: 38 | H46: 29 | I46: 2 | J46: 5 | K46: 24 | L46: 24 | M46: 22 | N46: 44 | O46: 48 | P46: =SUM(E46:O46) -> 301
B47: 2 | C47: 2. H. M. NASIM KHAN | E47: 2 | F47: 4 | G47: 2 | H47: 5 | I47: 0 | J47: 0 | K47: 0 | L47: 2 | M47: 1 | N47: 0 | O47: 1 | P47: =SUM(E47:O47) -> 17
B48: 3 | C48: 3. Dr. H. AKIK ZAMAN, M.Pd.I. | E48: 2 | F48: 1 | G48: 1 | H48: 1 | I48: 0 | J48: 0 | K48: 0 | L48: 2 | M48: 2 | N48: 1 | O48: 2 | P48: =SUM(E48:O48) -> 12
B49: 4 | C49: 4. AHMAD RIFA'I, S.H. | E49: 2 | F49: 1 | G49: 0 | H49: 1 | I49: 2 | J49: 0 | K49: 0 | L49: 0 | M49: 0 | N49: 0 | O49: 0 | P49: =SUM(E49:O49) -> 6
B50: 5 | C50: 5. Drs. H. MAHFUD M.N. | E50: 0 | F50: 0 | G50: 0 | H50: 1 | I50: 1 | J50: 0 | K50: 0 | L50: 2 | M50: 0 | N50: 1 | O50: 0 | P50: =SUM(E50:O50) -> 5
B51: 6 | C51: 6. NURHAYATI, S.Pd. | E51: 1 | F51: 0 | G51: 0 | H51: 0 | I51: 0 | J51: 1 | K51: 0 | L51: 0 | M51: 0 | N51: 0 | O51: 0 | P51: =SUM(E51:O51) -> 2
B52: 7 | C52: 7. MAFTUHA KISWAH | E52: 0 | F52: 0 | G52: 0 | H52: 0 | I52: 0 | J52: 0 | K52: 0 | L52: 0 | M52: 0 | N52: 0 | O52: 0 | P52: =SUM(E52:O52) -> 0
A55: B | B55: JUMLAH SUARA SAH PARTAI POLITIK DAN CALON (A1 + A2) | E55: =SUM(E45:E52) -> 62 | F55: =SUM(F45:F52) -> 37 | G55: =SUM(G45:G52) -> 50 | H55: =SUM(H45:H52) -> 46 | I55: =SUM(I45:I52) -> 7 | J55: =SUM(J45:J52) -> 18 | K55: =SUM(K45:K52) -> 30 | L55: =SUM(L45:L52) -> 34 | ... O55: =SUM(O45:O52) -> 59 | P55: =SUM(E55:O55) -> 427
A57: A.1 | B57: 2. | C57: Partai Gerakan Indonesia Raya | E57: 7 | F57: 12 | G57: 6 | H57: 11 | I57: 3 | J57: 6 | K57: 5 | L57: 7 | M57: 1 | N57: 1 | O57: 2 | P57: =SUM(E57:O57) -> 61
A58: A.2 | B58: 1 | C58: 1. SUMAIL ABDULLAH | E58: 5 | F58: 7 | G58: 8 | H58: 2 | I58: 6 | J58: 5 | K58: 3 | L58: 14 | M58: 10 | N58: 5 | O58: 15 | P58: =SUM(E58:O58) -> 80
B59: 2 | C59: 2. MUHAMMAD ALI ADRIAN SALEH | E59: 4 | F59: 1 | G59: 2 | H59: 2 | I59: 3 | J59: 2 | K59: 4 | L59: 1 | M59: 1 | N59: 3 | O59: 0 | P59: =SUM(E59:O59) -> 23
B60: 3 | C60: 3. DURROTUN NAFISAH | E60: 0 | F60: 0 | G60: 1 | H60: 5 | I60: 0 | J60: 1 | K60: 0 | L60: 0 | M60: 3 | N60: 0 | O60: 1 | P60: =SUM(E60:O60) -> 11
B61: 4 | C61: 4. H. EKO SUSILO NURHIDAYAT | E61: 1 | F61: 0 | G61: 1 | H61: 2 | I61: 1 | J61: 0 | K61: 3 | L61: 1 | M61: 1 | N61: 0 | O61: 0 | P61: =SUM(E61:O61) -> 10
B62: 5 | C62: 5. KARNADI HARIJANTO, S.S. | E62: 0 | F62: 0 | G62: 0 | H62: 1 | I62: 0 | J62: 0 | K62: 0 | L62: 0 | M62: 1 | N62: 1 | O62: 0 | P62: =SUM(E62:O62) -> 3
B63: 6 | C63: 6. NURHAYATI | E63: 0 | F63: 1 | G63: 1 | H63: 0 | I63: 0 | J63: 0 | K63: 0 | L63: 0 | M63: 0 | N63: 0 | O63: 0 | P63: =SUM(E63:O63) -> 2
B64: 7 | C64: 7. MASHUDI | E64: 0 | F64: 0 | G64: 0 | H64: 0 | I64: 0 | J64: 0 | K64: 0 | L64: 0 | M64: 0 | N64: 0 | O64: 0 | P64: =SUM(E64:O64) -> 0
A67: B | B67: JUMLAH SUARA SAH PARTAI POLITIK DAN CALON (A1 + A2) | E67: =SUM(E57:E64) -> 17 | F67: =SUM(F57:F64) -> 21 | G67: =SUM(G57:G64) -> 19 | H67: =SUM(H57:H64) -> 23 | I67: =SUM(I57:I64) -> 13 | J67: =SUM(J57:J64) -> 14 | K67: =SUM(K57:K64) -> 15 | L67: =SUM(L57:L64) -> 23 | ... O67: =SUM(O57:O64) -> 18 | P67: =SUM(E67:O67) -> 190
A69: A.1 | B69: 3. | C69: Partai Demokrasi Indonesia Perjuangan | E69: 2 | F69: 4 | G69: 2 | H69: 8 | I69: 12 | J69: 7 | K69: 8 | L69: 11 | M69: 9 | N69: 4 | O69: 4 | P69: =SUM(E69:O69) -> 71
A70: A.2 | B70: 1 | C70: 1. SONNY TRI DANAPARAMITA, S.H., M.H. | E70: 7 | F70: 5 | G70: 2 | H70: 6 | I70: 28 | J70: 4 | K70: 6 | L70: 2 | M70: 1 | N70: 4 | O70: 1 | P70: =SUM(E70:O70) -> 66
B71: 2 | C71: 2. H. MOHAMAD GUNTUR ROMLI | E71: 3 | F71: 1 | G71: 1 | H71: 2 | I71: 3 | J71: 1 | K71: 2 | L71: 0 | M71: 0 | N71: 1 | O71: 1 | P71: =SUM(E71:O71) -> 15
B72: 3 | C72: 3. INA AMMANIA | E72: 4 | F72: 4 | G72: 2 | H72: 10 | I72: 19 | J72: 13 | K72: 22 | L72: 21 | M72: 9 | N72: 17 | O72: 19 | P72: =SUM(E72:O72) -> 140
B73: 4 | C73: 4. IRWAN BACHTIAR RACHMAT, M.Si. | E73: 0 | F73: 1 | G73: 2 | H73: 1 | I73: 2 | J73: 1 | K73: 2 | L73: 0 | M73: 1 | N73: 2 | O73: 0 | P73: =SUM(E73:O73) -> 12
B74: 5 | C74: 5. LUCKY PERDANA | E74: 5 | F74: 3 | G74: 2 | H74: 3 | I74: 8 | J74: 3 | K74: 1 | L74: 1 | M74: 2 | N74: 4 | O74: 2 | P74: =SUM(E74:O74) -> 34
B75: 6 | C75: 6. WIWIK PUJIYATI | E75: 0 | F75: 0 | G75: 0 | H75: 1 | I75: 1 | J75: 0 | K75: 0 | L75: 0 | M75: 0 | N75: 0 | O75: 1 | P75: =SUM(E75:O75) -> 3
B76: 7 | C76: 7. CHANDRA ASTAN, S.T. | E76: 0 | F76: 0 | G76: 1 | H76: 0 | I76: 1 | J76: 0 | K76: 0 | L76: 0 | M76: 0 | N76: 0 | O76: 0 | P76: =SUM(E76:O76) -> 2
A79: B | B79: JUMLAH SUARA SAH PARTAI POLITIK DAN CALON (A1 + A2) | E79: =SUM(E69:E76) -> 21 | F79: =SUM(F69:F76) -> 18 | G79: =SUM(G69:G76) -> 12 | H79: =SUM(H69:H76) -> 31 | I79: =SUM(I69:I76) -> 74 | J79: =SUM(J69:J76) -> 29 | K79: =SUM(K69:K76) -> 41 | L79: =SUM(L69:L76) -> 35 | ... O79: =SUM(O69:O76) -> 28 | P79: =SUM(E79:O79) -> 343
A81: A.1 | B81: 4. | C81: Partai Golongan Karya | E81: 8 | F81: 3 | G81: 0 | H81: 4 | I81: 4 | J81: 1 | K81: 0 | L81: 2 | M81: 1 | N81: 3 | O81: 8 | P81: =SUM(E81:O81) -> 34
A82: A.2 | B82: 1 | C82: 1. ZULFIKAR ARSE SADIKIN, S.I.P., M.Si. | E82: 18 | F82: 14 | G82: 23 | H82: 2 | I82: 7 | J82: 0 | K82: 0 | L82: 7 | M82: 3 | N82: 6 | O82: 19 | P82: =SUM(E82:O82) -> 99
B83: 2 | C83: 2. HANDOKO | E83: 0 | F83: 1 | G83: 0 | H83: 2 | I83: 0 | J83: 0 | K83: 0 | L83: 0 | M83: 0 | N83: 0 | O83: 1 | P83: =SUM(E83:O83) -> 4
B84: 3 | C84: 3. Hj. OVI DEWI YANTI | E84: 0 | F84: 0 | G84: 0 | H84: 1 | I84: 1 | J84: 0 | K84: 0 | L84: 0 | M84: 0 | N84: 0 | O84: 0 | P84: =SUM(E84:O84) -> 2
B85: 4 | C85: 4. Ir. AZAM AZMAN NATAWIJANA | E85: 0 | F85: 1 | G85: 0 | H85: 1 | I85: 0 | J85: 0 | K85: 0 | L85: 2 | M85: 0 | N85: 0 | O85: 0 | P85: =SUM(E85:O85) -> 4
B86: 5 | C86: 5. UBAIDILLAH AMIN, S.Kom. | E86: 1 | F86: 0 | G86: 1 | H86: 1 | I86: 0 | J86: 0 | K86: 0 | L86: 0 | M86: 0 | N86: 0 | O86: 1 | P86: =SUM(E86:O86) -> 4
B87: 6 | C87: 6. DENNY YUNIANDARI, S.H., M.Kn. | E87: 0 | F87: 0 | G87: 0 | H87: 0 | I87: 0 | J87: 0 | K87: 0 | L87: 0 | M87: 0 | N87: 0 | O87: 0 | P87: =SUM(E87:O87) -> 0
B88: 7 | C88: 7. ERNADI, S.H.I. | E88: 0 | F88: 0 | G88: 0 | H88: 0 | I88: 0 | J88: 0 | K88: 0 | L88: 2 | M88: 0 | N88: 0 | O88: 0 | P88: =SUM(E88:O88) -> 2
A91: B | B91: JUMLAH SUARA SAH PARTAI POLITIK DAN CALON (A1 + A2) | E91: =SUM(E81:E88) -> 27 | F91: =SUM(F81:F88) -> 19 | G91: =SUM(G81:G88) -> 24 | H91: =SUM(H81:H88) -> 11 | I91: =SUM(I81:I88) -> 12 | J91: =SUM(J81:J88) -> 1 | K91: =SUM(K81:K88) -> 0 | L91: =SUM(L81:L88) -> 13 | ... O91: =SUM(O81:O88) -> 29 | P91: =SUM(E91:O91) -> 149
A93: A.1 | B93: 5. | C93: Partai NasDem | E93: 2 | F93: 3 | G93: 0 | H93: 6 | I93: 2 | J93: 3 | K93: 7 | L93: 10 | M93: 5 | N93: 3 | O93: 9 | P93: =SUM(E93:O93) -> 50
A94: A.2 | B94: 1 | C94: 1. ACH. FADIL MUZAKKI SYAH | E94: 1 | F94: 3 | G94: 1 | H94: 1 | I94: 3 | J94: 1 | K94: 4 | L94: 6 | M94: 5 | N94: 6 | O94: 6 | P94: =SUM(E94:O94) -> 37
B95: 2 | C95: 2. BENY | E95: 0 | F95: 0 | G95: 0 | H95: 1 | I95: 1 | J95: 0 | K95: 1 | L95: 1 | M95: 0 | N95: 1 | O95: 2 | P95: =SUM(E95:O95) -> 7
B96: 3 | C96: 3. VINA VERONIKA | E96: 1 | F96: 0 | G96: 0 | H96: 0 | I96: 2 | J96: 0 | K96: 0 | L96: 2 | M96: 0 | N96: 0 | O96: 0 | P96: =SUM(E96:O96) -> 5
B97: 4 | C97: 4. TEDDY ANUGRIANTO | E97: 1 | F97: 1 | G97: 0 | H97: 1 | I97: 0 | J97: 0 | K97: 0 | L97: 1 | M97: 0 | N97: 1 | O97: 1 | P97: =SUM(E97:O97) -> 6
B98: 5 | C98: 5. INSAN KAMIL | E98: 1 | F98: 1 | G98: 0 | H98: 0 | I98: 0 | J98: 0 | K98: 1 | L98: 8 | M98: 3 | N98: 3 | O98: 1 | P98: =SUM(E98:O98) -> 18
B99: 6 | C99: 6. LILIK LINDARWATI | E99: 0 | F99: 1 | G99: 0 | H99: 0 | I99: 0 | J99: 0 | K99: 1 | L99: 1 | M99: 1 | N99: 1 | O99: 0 | P99: =SUM(E99:O99) -> 5
B100: 7 | C100: 7. YULI ANITA | E100: 0 | F100: 0 | G100: 0 | H100: 0 | I100: 0 | J100: 0 | K100: 0 | L100: 0 | M100: 1 | N100: 0 | O100: 0 | P100: =SUM(E100:O100) -> 1
A103: B | B103: JUMLAH SUARA SAH PARTAI POLITIK DAN CALON (A1 + A2) | E103: =SUM(E93:E100) -> 6 | F103: =SUM(F93:F100) -> 9 | G103: =SUM(G93:G100) -> 1 | H103: =SUM(H93:H100) -> 9 | I103: =SUM(I93:I100) -> 8 | J103: =SUM(J93:J100) -> 4 | K103: =SUM(K93:K100) -> 14 | L103: =SUM(L93:L100) -> 29 | ... O103: =SUM(O93:O100) -> 19 | P103: =SUM(E103:O103) -> 129
A105: A.1 | B105: 6. | C105: Partai Buruh | E105: 1 | F105: 1 | G105: 2 | H105: 0 | I105: 4 | J105: 1 | K105: 2 | L105: 2 | M105: 0 | N105: 0 | O105: 0 | P105: =SUM(E105:O105) -> 13
A106: A.2 | B106: 1 | C106: 1. KHOIRUL ANAM | E106: 0 | F106: 0 | G106: 1 | H106: 0 | I106: 0 | J106: 0 | K106: 2 | L106: 1 | M106: 0 | N106: 0 | O106: 2 | P106: =SUM(E106:O106) -> 6
B107: 2 | C107: 2. INA KURNIA | E107: 0 | F107: 0 | G107: 0 | H107: 0 | I107: 0 | J107: 0 | K107: 1 | L107: 0 | M107: 0 | N107: 0 | O107: 0 | P107: =SUM(E107:O107) -> 1
B108: 3 | C108: 3. JIBRAL TAROUK | E108: 0 | F108: 0 | G108: 0 | H108: 1 | I108: 0 | J108: 0 | K108: 0 | L108: 1 | M108: 0 | N108: 0 | O108: 0 | P108: =SUM(E108:O108) -> 2
B109: 4 | C109: 4. ASTUTI DAENG PUJI | E109: 0 | F109: 0 | G109: 0 | H109: 0 | I109: 0 | J109: 0 | K109: 0 | L109: 0 | M109: 0 | N109: 0 | O109: 0 | P109: =SUM(E109:O109) -> 0
B110: 5 | C110: 5. ASDARMAWAN | E110: 0 | F110: 0 | G110: 0 | H110: 0 | I110: 0 | J110: 0 | K110: 0 | L110: 0 | M110: 0 | N110: 1 | O110: 0 | P110: =SUM(E110:O110) -> 1
B111: 6 | C111: 6. RIFQI MUBAROK | E111: 0 | F111: 0 | G111: 0 | H111: 0 | I111: 1 | J111: 0 | K111: 0 | L111: 0 | M111: 0 | N111: 1 | O111: 0 | P111: =SUM(E111:O111) -> 2
B112: 7 | C112: 7. FIRNANDA ALTA MEGA | E112: 0 | F112: 0 | G112: 0 | H112: 0 | I112: 0 | J112: 0 | K112: 0 | L112: 0 | M112: 0 | N112: 0 | O112: 0 | P112: =SUM(E112:O112) -> 0
A115: B | B115: JUMLAH SUARA SAH PARTAI POLITIK DAN CALON (A1 + A2) | E115: =SUM(E105:E112) -> 1 | F115: =SUM(F105:F112) -> 1 | G115: =SUM(G105:G112) -> 3 | H115: =SUM(H105:H112) -> 1 | I115: =SUM(I105:I112) -> 5 | J115: =SUM(J105:J112) -> 1 | K115: =SUM(K105:K112) -> 5 | L115: =SUM(L105:L112) -> 4 | ... O115: =SUM(O105:O112) -> 2 | P115: =SUM(E115:O115) -> 25
A117: A.1 | B117: 7. | C117: Partai Gelombang Rakyat Indonesia | E117: 1 | F117: 0 | G117: 3 | H117: 4 | I117: 0 | J117: 0 | K117: 6 | L117: 9 | M117: 5 | N117: 1 | O117: 9 | P117: =SUM(E117:O117) -> 38
A118: A.2 | B118: 1 | C118: 1. TITI WIDORETNO WARISMAN | E118: 0 | F118: 0 | G118: 2 | H118: 4 | I118: 5 | J118: 1 | K118: 7 | L118: 6 | M118: 1 | N118: 0 | O118: 4 | P118: =SUM(E118:O118) -> 30
B119: 2 | C119: 2. MAMIEK SETYANINGSIH | E119: 1 | F119: 0 | G119: 0 | H119: 0 | I119: 0 | J119: 0 | K119: 0 | L119: 1 | M119: 0 | N119: 0 | O119: 0 | P119: =SUM(E119:O119) -> 2
B120: 3 | C120: 3. ROMIL AZIZEN | E120: 0 | F120: 0 | G120: 0 | H120: 0 | I120: 0 | J120: 1 | K120: 1 | L120: 0 | M120: 0 | N120: 0 | O120: 0 | P120: =SUM(E120:O120) -> 2
A127: B | B127: JUMLAH SUARA SAH PARTAI POLITIK DAN CALON (A1 + A2) | E127: =SUM(E117:E120) -> 2 | F127: =SUM(F117:F120) -> 0 | G127: =SUM(G117:G120) -> 5 | H127: =SUM(H117:H120) -> 8 | I127: =SUM(I117:I120) -> 5 | J127: =SUM(J117:J120) -> 2 | K127: =SUM(K117:K120) -> 14 | L127: =SUM(L117:L120) -> 16 | ... O127: =SUM(O117:O120) -> 13 | P127: =SUM(E127:O127) -> 72
A129: A.1 | B129: 8. | C129: Partai Keadilan Sejahtera | E129: 0 | F129: 0 | G129: 0 | H129: 2 | I129: 1 | J129: 1 | K129: 2 | L129: 1 | M129: 1 | N129: 1 | O129: 0 | P129: =SUM(E129:O129) -> 9
A130: A.2 | B130: 1 | C130: 1. H. SAIMI SALEH, S.E., M.M. | E130: 1 | F130: 2 | G130: 4 | H130: 0 | I130: 0 | J130: 10 | K130: 0 | L130: 0 | M130: 0 | N130: 0 | O130: 0 | P130: =SUM(E130:O130) -> 17
B131: 2 | C131: 2. Prof. Dr. H. EGGI SUDJANA, S.H., M.Si. | E131: 2 | F131: 0 | G131: 1 | H131: 0 | I131: 0 | J131: 0 | K131: 0 | L131: 0 | M131: 0 | N131: 0 | O131: 0 | P131: =SUM(E131:O131) -> 3
B132: 3 | C132: 3. NURUL KHOTIMAH | E132: 0 | F132: 0 | G132: 0 | H132: 0 | I132: 0 | J132: 0 | K132: 0 | L132: 0 | M132: 0 | N132: 0 | O132: 1 | P132: =SUM(E132:O132) -> 1
B133: 4 | C133: 4. AKHMAD SUYANTO, S.T., M.T. | E133: 0 | F133: 0 | G133: 0 | H133: 0 | I133: 0 | J133: 0 | K133: 0 | L133: 0 | M133: 0 | N133: 0 | O133: 0 | P133: =SUM(E133:O133) -> 0
B134: 5 | C134: 5. PUJIYATNI | E134: 0 | F134: 0 | G134: 1 | H134: 0 | I134: 0 | J134: 0 | K134: 4 | L134: 1 | M134: 2 | N134: 0 | O134: 0 | P134: =SUM(E134:O134) -> 8
B135: 6 | C135: 6. HENI PURWATININGSIH | E135: 0 | F135: 0 | G135: 0 | H135: 1 | I135: 2 | J135: 2 | K135: 0 | L135: 0 | M135: 0 | N135: 2 | O135: 0 | P135: =SUM(E135:O135) -> 7
B136: 7 | C136: 7. MUHADI | E136: 0 | F136: 0 | G136: 0 | H136: 0 | I136: 0 | J136: 0 | K136: 0 | L136: 0 | M136: 0 | N136: 0 | O136: 0 | P136: =SUM(E136:O136) -> 0
...

Sheet TAMANSURUH
C2: Kecamatan | D2: GLAGAH
C3: Kabupaten | D3: BANYUWANGI
C4: Provinsi | D4: JAWA TIMUR
C9: Kelurahan | D9: TAMANSURUH
A12: I | B12: DATA PEMILIH DAN PENGGUNAAN HAK PILIH | S12: JUMLAH AKHIR
A13: A | B13: DATA PEMILIH | E13: TPS 001 | F13: TPS 002 | G13: TPS 003 | H13: TPS 004 | I13: TPS 005 | J13: TPS 006 | K13: TPS 007 | L13: TPS 008 | M13: TPS 009 | N13: TPS 010 | O13: TPS 011 | P13: TPS 012 | Q13: TPS 013 | R13: TPS 014
B14: Jumlah Pemilih dalam Daftar Pemilih Tetap (DPT) | D14: LK | E14: 101 | F14: 113 | G14: 135 | H14: 101 | I14: 113 | J14: 120 | K14: 126 | L14: 142 | M14: 130 | N14: 136 | O14: 120 | P14: 135 | Q14: 102 | R14: 105 | S14: =SUM(E14:R14) -> 1679
D15: PR | E15: 113 | F15: 124 | G15: 140 | H15: 124 | I15: 132 | J15: 121 | K15: 143 | L15: 143 | M15: 153 | N15: 141 | O15: 123 | P15: 158 | Q15: 96 | R15: 106 | S15: =SUM(E15:R15) -> 1817
D16: JML | E16: =SUM(E14:E15) -> 214 | F16: =SUM(F14:F15) -> 237 | G16: =SUM(G14:G15) -> 275 | H16: =SUM(H14:H15) -> 225 | I16: =SUM(I14:I15) -> 245 | J16: =SUM(J14:J15) -> 241 | K16: =SUM(K14:K15) -> 269 | L16: =SUM(L14:L15) -> 285 | ... R16: =SUM(R14:R15) -> 211 | S16: =SUM(E16:R16) -> 3496
A18: B | B18: PENGGUNA HAK PILIH
B19: 1. | C19: Jumlah pengguna hak pilih dalam Daftar Pemilih Tetap (DPT) | D19: LK | E19: 97 | F19: 101 | G19: 113 | H19: 85 | I19: 92 | J19: 102 | K19: 91 | L19: 107 | M19: 102 | N19: 112 | O19: 91 | P19: 121 | Q19: 92 | R19: 83 | S19: =SUM(E19:R19) -> 1389
D20: PR | E20: 105 | F20: 103 | G20: 125 | H20: 107 | I20: 113 | J20: 103 | K20: 113 | L20: 115 | M20: 128 | N20: 122 | O20: 105 | P20: 138 | Q20: 90 | R20: 93 | S20: =SUM(E20:R20) -> 1560
D21: JML | E21: =SUM(E19:E20) -> 202 | F21: =SUM(F19:F20) -> 204 | G21: =SUM(G19:G20) -> 238 | H21: =SUM(H19:H20) -> 192 | I21: =SUM(I19:I20) -> 205 | J21: =SUM(J19:J20) -> 205 | K21: =SUM(K19:K20) -> 204 | L21: =SUM(L19:L20) -> 222 | ... R21: =SUM(R19:R20) -> 176 | S21: =SUM(E21:R21) -> 2949
B22: 2. | C22: Jumlah pengguna hak pilih dalam Daftar Pemilih Tambahan (DPTb) | D22: LK | E22: 0 | F22: 0 | G22: 0 | H22: 0 | I22: 1 | J22: 0 | K22: 0 | L22: 0 | M22: 0 | N22: 0 | O22: 0 | P22: 0 | Q22: 0 | R22: 1 | S22: =SUM(E22:R22) -> 2
D23: PR | E23: 0 | F23: 0 | G23: 0 | H23: 0 | I23: 1 | J23: 0 | K23: 3 | L23: 0 | M23: 0 | N23: 0 | O23: 0 | P23: 0 | Q23: 0 | R23: 0 | S23: =SUM(E23:R23) -> 4
D24: JML | E24: =SUM(E22:E23) -> 0 | F24: =SUM(F22:F23) -> 0 | G24: =SUM(G22:G23) -> 0 | H24: =SUM(H22:H23) -> 0 | I24: =SUM(I22:I23) -> 2 | J24: =SUM(J22:J23) -> 0 | K24: =SUM(K22:K23) -> 3 | L24: =SUM(L22:L23) -> 0 | ... R24: =SUM(R22:R23) -> 1 | S24: =SUM(E24:R24) -> 6
B25: 3. | C25: Jumlah pengguna hak pilih dalam Daftar Pemilih Khusus (DPK) | D25: LK | E25: 0 | F25: 0 | G25: 0 | H25: 0 | I25: 0 | J25: 1 | K25: 1 | L25: 0 | M25: 1 | N25: 0 | O25: 0 | P25: 0 | Q25: 0 | R25: 0 | S25: =SUM(E25:R25) -> 3
D26: PR | E26: 0 | F26: 0 | G26: 0 | H26: 0 | I26: 0 | J26: 2 | K26: 2 | L26: 0 | M26: 4 | N26: 0 | O26: 0 | P26: 0 | Q26: 0 | R26: 0 | S26: =SUM(E26:R26) -> 8
D27: JML | E27: =SUM(E25:E26) -> 0 | F27: =SUM(F25:F26) -> 0 | G27: =SUM(G25:G26) -> 0 | H27: =SUM(H25:H26) -> 0 | I27: =SUM(I25:I26) -> 0 | J27: =SUM(J25:J26) -> 3 | K27: =SUM(K25:K26) -> 3 | L27: =SUM(L25:L26) -> 0 | ... R27: =SUM(R25:R26) -> 0 | S27: =SUM(E27:R27) -> 11
B28: 4. | C28: Jumlah Pengguna Hak Pilih (B.1+B.2+B.3) | D28: LK | E28: =SUM(E19,E22,E25) -> 97 | F28: =SUM(F19,F22,F25) -> 101 | G28: =SUM(G19,G22,G25) -> 113 | H28: =SUM(H19,H22,H25) -> 85 | I28: =SUM(I19,I22,I25) -> 93 | J28: =SUM(J19,J22,J25) -> 103 | K28: =SUM(K19,K22,K25) -> 92 | L28: =SUM(L19,L22,L25) -> 107 | ... R28: =SUM(R19,R22,R25) -> 84 | S28: =SUM(E28:R28) -> 1394
D29: PR | E29: =SUM(E20,E23,E26) -> 105 | F29: =SUM(F20,F23,F26) -> 103 | G29: =SUM(G20,G23,G26) -> 125 | H29: =SUM(H20,H23,H26) -> 107 | I29: =SUM(I20,I23,I26) -> 114 | J29: =SUM(J20,J23,J26) -> 105 | K29: =SUM(K20,K23,K26) -> 118 | L29: =SUM(L20,L23,L26) -> 115 | ... R29: =SUM(R20,R23,R26) -> 93 | S29: =SUM(E29:R29) -> 1572
D30: JML | E30: =SUM(E28:E29) -> 202 | F30: =SUM(F28:F29) -> 204 | G30: =SUM(G28:G29) -> 238 | H30: =SUM(H28:H29) -> 192 | I30: =SUM(I28:I29) -> 207 | J30: =SUM(J28:J29) -> 208 | K30: =SUM(K28:K29) -> 210 | L30: =SUM(L28:L29) -> 222 | ... R30: =SUM(R28:R29) -> 177 | S30: =SUM(E30:R30) -> 2966
A32: II | B32: DATA PENGGUNAAN SURAT SUARA
A33: 1 | B33: Jumlah surat suara yang diterima, termasuk surat suara cadangan 2% dari DPT | E33: 219 | F33: 242 | G33: 281 | H33: 230 | I33: 240 | J33: 248 | K33: 274 | L33: 291 | M33: 289 | N33: 283 | O33: 250 | P33: 299 | Q33: 202 | R33: 216 | S33: =SUM(E33:R33) -> 3564
A34: 2 | B34: Jumlah surat suara yang digunakan | E34: 202 | F34: 204 | G34: 238 | H34: 192 | I34: 207 | J34: 208 | K34: 210 | L34: 222 | M34: 235 | N34: 234 | O34: 196 | P34: 259 | Q34: 182 | R34: 177 | S34: =SUM(E34:R34) -> 2966
A35: 3 | B35: Jumlah surat suara dikembalikan oleh pemilih (karena rusak atau keliru coblos) | E35: 0 | F35: 0 | G35: 0 | H35: 1 | I35: 0 | J35: 0 | K35: 0 | L35: 0 | M35: 2 | N35: 0 | O35: 0 | P35: 0 | Q35: 0 | R35: 0 | S35: =SUM(E35:R35) -> 3
A36: 4 | B36: Jumlah surat suara yang tidak digunakan/tidak terpakai, termasuk sisa surat suara cadangan | E36: =E33-(E34+E35) -> 17 | F36: =F33-(F34+F35) -> 38 | G36: =G33-(G34+G35) -> 43 | H36: =H33-(H34+H35) -> 37 | I36: =I33-(I34+I35) -> 33 | J36: =J33-(J34+J35) -> 40 | K36: =K33-(K34+K35) -> 64 | L36: =L33-(L34+L35) -> 69 | ... R36: =R33-(R34+R35) -> 39 | S36: =SUM(E36:R36) -> 595
A38: III | B38: DATA PEMILIH DISABILITAS
B39: Jumlah seluruh Pemilih disabilitas yang menggunakan hak pilih | D39: LK | S39: =SUM(E39:R39) -> 0
D40: PR | S40: =SUM(E40:R40) -> 0
D41: JML | E41: =SUM(E39:E40) -> 0 | F41: =SUM(F39:F40) -> 0 | G41: =SUM(G39:G40) -> 0 | H41: =SUM(H39:H40) -> 0 | I41: =SUM(I39:I40) -> 0 | J41: =SUM(J39:J40) -> 0 | K41: =SUM(K39:K40) -> 0 | L41: =SUM(L39:L40) -> 0 | ... R41: =SUM(R39:R40) -> 0 | S41: =SUM(E41:R41) -> 0
A43: IV | B43: DATA RINCIAN PEROLEHAN SUARA PASANGAN CALON BUPATI DAN WAKIL BUPATI
A44: NOMOR DAN NAMA CALON
A45: A.1 | B45: 1. | C45: Partai Kebangkitan Bangsa | E45: 30 | F45: 14 | G45: 19 | H45: 16 | I45: 5 | J45: 5 | K45: 10 | L45: 12 | M45: 11 | N45: 13 | O45: 14 | P45: 11 | Q45: 7 | R45: 8 | S45: =SUM(E45:R45) -> 175
A46: A.2 | B46: 1 | C46: 1. Dr. Hj. NIHAYATUL WAFIROH, M.A. | E46: 56 | F46: 64 | G46: 37 | H46: 40 | I46: 25 | J46: 9 | K46: 18 | L46: 21 | M46: 17 | N46: 20 | O46: 7 | P46: 26 | Q46: 19 | R46: 18 | S46: =SUM(E46:R46) -> 377
B47: 2 | C47: 2. H. M. NASIM KHAN | E47: 0 | F47: 4 | G47: 0 | H47: 0 | I47: 2 | J47: 1 | K47: 2 | L47: 3 | M47: 2 | N47: 1 | O47: 1 | P47: 1 | Q47: 1 | R47: 0 | S47: =SUM(E47:R47) -> 18
B48: 3 | C48: 3. Dr. H. AKIK ZAMAN, M.Pd.I. | E48: 1 | F48: 0 | G48: 2 | H48: 1 | I48: 2 | J48: 1 | K48: 0 | L48: 0 | M48: 0 | N48: 1 | O48: 0 | P48: 0 | Q48: 1 | R48: 3 | S48: =SUM(E48:R48) -> 12
B49: 4 | C49: 4. AHMAD RIFA'I, S.H. | E49: 0 | F49: 4 | G49: 1 | H49: 0 | I49: 0 | J49: 0 | K49: 1 | L49: 0 | M49: 1 | N49: 0 | O49: 0 | P49: 0 | Q49: 0 | R49: 0 | S49: =SUM(E49:R49) -> 7
B50: 5 | C50: 5. Drs. H. MAHFUD M.N. | E50: 1 | F50: 1 | G50: 0 | H50: 0 | I50: 1 | J50: 0 | K50: 1 | L50: 0 | M50: 0 | N50: 0 | O50: 0 | P50: 0 | Q50: 1 | R50: 1 | S50: =SUM(E50:R50) -> 6
B51: 6 | C51: 6. NURHAYATI, S.Pd. | E51: 0 | F51: 1 | G51: 0 | H51: 0 | I51: 2 | J51: 0 | K51: 0 | L51: 4 | M51: 1 | N51: 0 | O51: 0 | P51: 1 | Q51: 2 | R51: 1 | S51: =SUM(E51:R51) -> 12
B52: 7 | C52: 7. MAFTUHA KISWAH | E52: 1 | F52: 1 | G52: 0 | H52: 0 | I52: 0 | J52: 0 | K52: 1 | L52: 0 | M52: 0 | N52: 1 | O52: 0 | P52: 0 | Q52: 0 | R52: 1 | S52: =SUM(E52:R52) -> 5
A55: B | B55: JUMLAH SUARA SAH PARTAI POLITIK DAN CALON (A1 + A2) | E55: =SUM(E45:E52) -> 89 | F55: =SUM(F45:F52) -> 89 | G55: =SUM(G45:G52) -> 59 | H55: =SUM(H45:H52) -> 57 | I55: =SUM(I45:I52) -> 37 | J55: =SUM(J45:J52) -> 16 | K55: =SUM(K45:K52) -> 33 | L55: =SUM(L45:L52) -> 40 | ... R55: =SUM(R45:R52) -> 32 | S55: =SUM(E55:R55) -> 612
A57: A.1 | B57: 2. | C57: Partai Gerakan Indonesia Raya | E57: 5 | F57: 9 | G57: 22 | H57: 12 | I57: 9 | J57: 12 | K57: 11 | L57: 8 | M57: 15 | N57: 12 | O57: 6 | P57: 14 | Q57: 8 | R57: 12 | S57: =SUM(E57:R57) -> 155
A58: A.2 | B58: 1 | C58: 1. SUMAIL ABDULLAH | E58: 4 | F58: 8 | G58: 10 | H58: 3 | I58: 10 | J58: 6 | K58: 11 | L58: 15 | M58: 13 | N58: 2 | O58: 3 | P58: 8 | Q58: 9 | R58: 5 | S58: =SUM(E58:R58) -> 107
B59: 2 | C59: 2. MUHAMMAD ALI ADRIAN SALEH | E59: 0 | F59: 2 | G59: 5 | H59: 3 | I59: 1 | J59: 3 | K59: 3 | L59: 1 | M59: 5 | N59: 3 | O59: 1 | P59: 1 | Q59: 4 | R59: 3 | S59: =SUM(E59:R59) -> 35
B60: 3 | C60: 3. DURROTUN NAFISAH | E60: 0 | F60: 0 | G60: 1 | H60: 0 | I60: 0 | J60: 0 | K60: 1 | L60: 2 | M60: 1 | N60: 0 | O60: 0 | P60: 1 | Q60: 3 | R60: 0 | S60: =SUM(E60:R60) -> 9
B61: 4 | C61: 4. H. EKO SUSILO NURHIDAYAT | E61: 2 | F61: 0 | G61: 0 | H61: 0 | I61: 0 | J61: 1 | K61: 0 | L61: 1 | M61: 1 | N61: 0 | O61: 0 | P61: 2 | Q61: 1 | R61: 0 | S61: =SUM(E61:R61) -> 8
B62: 5 | C62: 5. KARNADI HARIJANTO, S.S. | E62: 0 | F62: 0 | G62: 0 | H62: 1 | I62: 0 | J62: 0 | K62: 1 | L62: 0 | M62: 0 | N62: 0 | O62: 0 | P62: 1 | Q62: 0 | R62: 0 | S62: =SUM(E62:R62) -> 3
B63: 6 | C63: 6. NURHAYATI | E63: 0 | F63: 1 | G63: 1 | H63: 0 | I63: 0 | J63: 0 | K63: 0 | L63: 1 | M63: 0 | N63: 0 | O63: 0 | P63: 0 | Q63: 0 | R63: 0 | S63: =SUM(E63:R63) -> 3
B64: 7 | C64: 7. MASHUDI | E64: 0 | F64: 0 | G64: 1 | H64: 0 | I64: 0 | J64: 0 | K64: 0 | L64: 0 | M64: 0 | N64: 0 | O64: 0 | P64: 0 | Q64: 0 | R64: 0 | S64: =SUM(E64:R64) -> 1
A67: B | B67: JUMLAH SUARA SAH PARTAI POLITIK DAN CALON (A1 + A2) | E67: =SUM(E57:E64) -> 11 | F67: =SUM(F57:F64) -> 20 | G67: =SUM(G57:G64) -> 40 | H67: =SUM(H57:H64) -> 19 | I67: =SUM(I57:I64) -> 20 | J67: =SUM(J57:J64) -> 22 | K67: =SUM(K57:K64) -> 27 | L67: =SUM(L57:L64) -> 28 | ... R67: =SUM(R57:R64) -> 20 | S67: =SUM(E67:R67) -> 321
A69: A.1 | B69: 3. | C69: Partai Demokrasi Indonesia Perjuangan | S69: =SUM(E69:R69) -> 0
A70: A.2 | B70: 1 | C70: 1. SONNY TRI DANAPARAMITA, S.H., M.H. | S70: =SUM(E70:R70) -> 0
B71: 2 | C71: 2. H. MOHAMAD GUNTUR ROMLI | S71: =SUM(E71:R71) -> 0
B72: 3 | C72: 3. INA AMMANIA | S72: =SUM(E72:R72) -> 0
B73: 4 | C73: 4. IRWAN BACHTIAR RACHMAT, M.Si. | S73: =SUM(E73:R73) -> 0
B74: 5 | C74: 5. LUCKY PERDANA | S74: =SUM(E74:R74) -> 0
B75: 6 | C75: 6. WIWIK PUJIYATI | S75: =SUM(E75:R75) -> 0
B76: 7 | C76: 7. CHANDRA ASTAN, S.T. | S76: =SUM(E76:R76) -> 0
K77: missing
A79: B | B79: JUMLAH SUARA SAH PARTAI POLITIK DAN CALON (A1 + A2) | E79: =SUM(E69:E76) -> 0 | F79: =SUM(F69:F76) -> 0 | G79: =SUM(G69:G76) -> 0 | H79: =SUM(H69:H76) -> 0 | I79: =SUM(I69:I76) -> 0 | J79: =SUM(J69:J76) -> 0 | K79: =SUM(K69:K76) -> 0 | L79: =SUM(L69:L76) -> 0 | ... R79: =SUM(R69:R76) -> 0 | S79: =SUM(E79:R79) -> 0
A81: A.1 | B81: 4. | C81: Partai Golongan Karya | S81: =SUM(E81:R81) -> 0
A82: A.2 | B82: 1 | C82: 1. ZULFIKAR ARSE SADIKIN, S.I.P., M.Si. | S82: =SUM(E82:R82) -> 0
B83: 2 | C83: 2. HANDOKO | S83: =SUM(E83:R83) -> 0
B84: 3 | C84: 3. Hj. OVI DEWI YANTI | S84: =SUM(E84:R84) -> 0
B85: 4 | C85: 4. Ir. AZAM AZMAN NATAWIJANA | S85: =SUM(E85:R85) -> 0
B86: 5 | C86: 5. UBAIDILLAH AMIN, S.Kom. | S86: =SUM(E86:R86) -> 0
B87: 6 | C87: 6. DENNY YUNIANDARI, S.H., M.Kn. | S87: =SUM(E87:R87) -> 0
B88: 7 | C88: 7. ERNADI, S.H.I. | S88: =SUM(E88:R88) -> 0
K89: missing
A91: B | B91: JUMLAH SUARA SAH PARTAI POLITIK DAN CALON (A1 + A2) | E91: =SUM(E81:E88) -> 0 | F91: =SUM(F81:F88) -> 0 | G91: =SUM(G81:G88) -> 0 | H91: =SUM(H81:H88) -> 0 | I91: =SUM(I81:I88) -> 0 | J91: =SUM(J81:J88) -> 0 | K91: =SUM(K81:K88) -> 0 | L91: =SUM(L81:L88) -> 0 | ... R91: =SUM(R81:R88) -> 0 | S91: =SUM(E91:R91) -> 0
A93: A.1 | B93: 5. | C93: Partai NasDem | E93: 2 | F93: 0 | G93: 5 | H93: 0 | I93: 1 | J93: 1 | K93: 3 | L93: 2 | M93: 0 | N93: 1 | O93: 3 | P93: 0 | Q93: 3 | R93: 1 | S93: =SUM(E93:R93) -> 22
A94: A.2 | B94: 1 | C94: 1. ACH. FADIL MUZAKKI SYAH | E94: 0 | F94: 0 | G94: 0 | H94: 2 | I94: 10 | J94: 2 | K94: 0 | L94: 0 | M94: 0 | N94: 1 | O94: 4 | P94: 1 | Q94: 1 | R94: 1 | S94: =SUM(E94:R94) -> 22
B95: 2 | C95: 2. BENY | E95: 5 | F95: 4 | G95: 16 | H95: 2 | I95: 0 | J95: 53 | K95: 6 | L95: 9 | M95: 9 | N95: 3 | O95: 4 | P95: 2 | Q95: 6 | R95: 2 | S95: =SUM(E95:R95) -> 121
B96: 3 | C96: 3. VINA VERONIKA | E96: 0 | F96: 0 | G96: 0 | H96: 0 | I96: 0 | J96: 0 | K96: 0 | L96: 0 | M96: 0 | N96: 0 | O96: 1 | P96: 0 | Q96: 1 | R96: 0 | S96: =SUM(E96:R96) -> 2
B97: 4 | C97: 4. TEDDY ANUGRIANTO | E97: 0 | F97: 0 | G97: 0 | H97: 1 | I97: 0 | J97: 0 | K97: 1 | L97: 0 | M97: 0 | N97: 0 | O97: 0 | P97: 0 | Q97: 0 | R97: 1 | S97: =SUM(E97:R97) -> 3
B98: 5 | C98: 5. INSAN KAMIL | E98: 0 | F98: 0 | G98: 1 | H98: 0 | I98: 0 | J98: 0 | K98: 0 | L98: 1 | M98: 0 | N98: 0 | O98: 0 | P98: 0 | Q98: 0 | R98: 0 | S98: =SUM(E98:R98) -> 2
B99: 6 | C99: 6. LILIK LINDARWATI | E99: 0 | F99: 0 | G99: 0 | H99: 0 | I99: 1 | J99: 0 | K99: 0 | L99: 0 | M99: 0 | N99: 0 | O99: 1 | P99: 0 | Q99: 0 | R99: 0 | S99: =SUM(E99:R99) -> 2
B100: 7 | C100: 7. YULI ANITA | E100: 0 | F100: 0 | G100: 0 | H100: 0 | I100: 0 | J100: 0 | K100: 0 | L100: 0 | M100: 0 | N100: 0 | O100: 0 | P100: 0 | Q100: 0 | R100: 0 | S100: =SUM(E100:R100) -> 0
A103: B | B103: JUMLAH SUARA SAH PARTAI POLITIK DAN CALON (A1 + A2) | E103: =SUM(E93:E100) -> 7 | F103: =SUM(F93:F100) -> 4 | G103: =SUM(G93:G100) -> 22 | H103: =SUM(H93:H100) -> 5 | I103: =SUM(I93:I100) -> 12 | J103: =SUM(J93:J100) -> 56 | K103: =SUM(K93:K100) -> 10 | L103: =SUM(L93:L100) -> 12 | ... R103: =SUM(R93:R100) -> 5 | S103: =SUM(E103:R103) -> 174
A105: A.1 | B105: 6. | C105: Partai Buruh | E105: 0 | F105: 1 | G105: 3 | H105: 0 | I105: 3 | J105: 1 | K105: 0 | L105: 0 | M105: 3 | N105: 6 | O105: 4 | P105: 3 | Q105: 1 | R105: 1 | S105: =SUM(E105:R105) -> 26
A106: A.2 | B106: 1 | C106: 1. KHOIRUL ANAM | E106: 1 | F106: 0 | G106: 0 | H106: 1 | I106: 0 | J106: 1 | K106: 0 | L106: 1 | M106: 1 | N106: 0 | O106: 0 | P106: 0 | Q106: 0 | R106: 1 | S106: =SUM(E106:R106) -> 6
B107: 2 | C107: 2. INA KURNIA | E107: 0 | F107: 0 | G107: 0 | H107: 0 | I107: 1 | J107: 0 | K107: 0 | L107: 0 | M107: 0 | N107: 0 | O107: 0 | P107: 0 | Q107: 0 | R107: 0 | S107: =SUM(E107:R107) -> 1
B108: 3 | C108: 3. JIBRAL TAROUK | E108: 0 | F108: 0 | G108: 0 | H108: 1 | I108: 1 | J108: 0 | K108: 0 | L108: 0 | M108: 0 | N108: 0 | O108: 0 | P108: 0 | Q108: 0 | R108: 0 | S108: =SUM(E108:R108) -> 2
B109: 4 | C109: 4. ASTUTI DAENG PUJI | E109: 0 | F109: 0 | G109: 0 | H109: 0 | I109: 0 | J109: 0 | K109: 0 | L109: 0 | M109: 0 | N109: 0 | O109: 0 | P109: 0 | Q109: 0 | R109: 0 | S109: =SUM(E109:R109) -> 0
B110: 5 | C110: 5. ASDARMAWAN | E110: 0 | F110: 0 | G110: 0 | H110: 0 | I110: 0 | J110: 0 | K110: 0 | L110: 0 | M110: 0 | N110: 0 | O110: 0 | P110: 0 | Q110: 0 | R110: 0 | S110: =SUM(E110:R110) -> 0
B111: 6 | C111: 6. RIFQI MUBAROK | E111: 1 | F111: 0 | G111: 0 | H111: 1 | I111: 0 | J111: 2 | K111: 0 | L111: 0 | M111: 0 | N111: 0 | O111: 0 | P111: 0 | Q111: 0 | R111: 0 | S111: =SUM(E111:R111) -> 4
B112: 7 | C112: 7. FIRNANDA ALTA MEGA | E112: 0 | F112: 0 | G112: 0 | H112: 0 | I112: 0 | J112: 0 | K112: 0 | L112: 0 | M112: 0 | N112: 0 | O112: 0 | P112: 0 | Q112: 0 | R112: 0 | S112: =SUM(E112:R112) -> 0
A115: B | B115: JUMLAH SUARA SAH PARTAI POLITIK DAN CALON (A1 + A2) | E115: =SUM(E105:E112) -> 2 | F115: =SUM(F105:F112) -> 1 | G115: =SUM(G105:G112) -> 3 | H115: =SUM(H105:H112) -> 3 | I115: =SUM(I105:I112) -> 5 | J115: =SUM(J105:J112) -> 4 | K115: =SUM(K105:K112) -> 0 | L115: =SUM(L105:L112) -> 1 | ... R115: =SUM(R105:R112) -> 2 | S115: =SUM(E115:R115) -> 39
A117: A.1 | B117: 7. | C117: Partai Gelombang Rakyat Indonesia | E117: 5 | F117: 2 | G117: 8 | H117: 0 | I117: 2 | J117: 4 | K117: 2 | L117: 2 | M117: 2 | N117: 4 | O117: 1 | P117: 9 | Q117: 14 | R117: 23 | S117: =SUM(E117:R117) -> 78
A118: A.2 | B118: 1 | C118: 1. TITI WIDORETNO WARISMAN | E118: 2 | F118: 4 | G118: 4 | H118: 5 | I118: 1 | J118: 1 | K118: 4 | L118: 3 | M118: 4 | N118: 4 | O118: 3 | P118: 3 | Q118: 16 | R118: 13 | S118: =SUM(E118:R118) -> 67
B119: 2 | C119: 2. MAMIEK SETYANINGSIH | E119: 0 | F119: 0 | G119: 0 | H119: 0 | I119: 1 | J119: 0 | K119: 0 | L119: 0 | M119: 1 | N119: 0 | O119: 0 | P119: 1 | Q119: 2 | R119: 3 | S119: =SUM(E119:R119) -> 8
B120: 3 | C120: 3. ROMIL AZIZEN | E120: 0 | F120: 1 | G120: 0 | H120: 0 | I120: 0 | J120: 1 | K120: 0 | L120: 0 | M120: 0 | N120: 0 | O120: 0 | P120: 0 | Q120: 0 | R120: 0 | S120: =SUM(E120:R120) -> 2
A127: B | B127: JUMLAH SUARA SAH PARTAI POLITIK DAN CALON (A1 + A2) | E127: =SUM(E117:E120) -> 7 | F127: =SUM(F117:F120) -> 7 | G127: =SUM(G117:G120) -> 12 | H127: =SUM(H117:H120) -> 5 | I127: =SUM(I117:I120) -> 4 | J127: =SUM(J117:J120) -> 6 | K127: =SUM(K117:K120) -> 6 | L127: =SUM(L117:L120) -> 5 | ... R127: =SUM(R117:R120) -> 39 | S127: =SUM(E127:R127) -> 155
A129: A.1 | B129: 8. | C129: Partai Keadilan Sejahtera | E129: 1 | F129: 0 | G129: 1 | H129: 0 | I129: 0 | J129: 1 | K129: 2 | L129: 6 | M129: 2 | N129: 1 | O129: 0 | P129: 3 | Q129: 1 | R129: 0 | S129: =SUM(E129:R129) -> 18
A130: A.2 | B130: 1 | C130: 1. H. SAIMI SALEH, S.E., M.M. | E130: 3 | F130: 3 | G130: 5 | H130: 0 | I130: 0 | J130: 0 | K130: 6 | L130: 16 | M130: 10 | N130: 3 | O130: 1 | P130: 8 | Q130: 2 | R130: 1 | S130: =SUM(E130:R130) -> 58
B131: 2 | C131: 2. Prof. Dr. H. EGGI SUDJANA, S.H., M.Si. | E131: 0 | F131: 0 | G131: 2 | H131: 0 | I131: 0 | J131: 0 | K131: 0 | L131: 1 | M131: 0 | N131: 0 | O131: 0 | P131: 0 | Q131: 0 | R131: 0 | S131: =SUM(E131:R131) -> 3
B132: 3 | C132: 3. NURUL KHOTIMAH | E132: 0 | F132: 0 | G132: 0 | H132: 0 | I132: 0 | J132: 0 | K132: 1 | L132: 0 | M132: 2 | N132: 0 | O132: 0 | P132: 0 | Q132: 0 | R132: 0 | S132: =SUM(E132:R132) -> 3
B133: 4 | C133: 4. AKHMAD SUYANTO, S.T., M.T. | E133: 0 | F133: 0 | G133: 1 | H133: 0 | I133: 0 | J133: 0 | K133: 0 | L133: 0 | M133: 0 | N133: 0 | O133: 0 | P133: 0 | Q133: 1 | R133: 0 | S133: =SUM(E133:R133) -> 2
B134: 5 | C134: 5. PUJIYATNI | E134: 0 | F134: 0 | G134: 0 | H134: 0 | I134: 0 | J134: 0 | K134: 0 | L134: 0 | M134: 0 | N134: 0 | O134: 0 | P134: 0 | Q134: 0 | R134: 0 | S134: =SUM(E134:R134) -> 0
...

Sheet KENJO
C2: Kecamatan | D2: GLAGAH
C3: Kabupaten | D3: BANYUWANGI
C4: Provinsi | D4: JAWA TIMUR
C9: Kelurahan | D9: KENJO
A12: I | B12: DATA PEMILIH DAN PENGGUNAAN HAK PILIH | K12: JUMLAH AKHIR
A13: A | B13: DATA PEMILIH | E13: TPS 001 | F13: TPS 002 | G13: TPS 003 | H13: TPS 004 | I13: TPS 005 | J13: TPS 006
B14: Jumlah Pemilih dalam Daftar Pemilih Tetap (DPT) | D14: LK | E14: 110 | F14: 94 | G14: 129 | H14: 104 | I14: 134 | J14: 128 | K14: =SUM(E14:J14) -> 699
D15: PR | E15: 114 | F15: 105 | G15: 131 | H15: 105 | I15: 133 | J15: 139 | K15: =SUM(E15:J15) -> 727
D16: JML | E16: =SUM(E14:E15) -> 224 | F16: =SUM(F14:F15) -> 199 | G16: =SUM(G14:G15) -> 260 | H16: =SUM(H14:H15) -> 209 | I16: =SUM(I14:I15) -> 267 | J16: =SUM(J14:J15) -> 267 | K16: =SUM(E16:J16) -> 1426
A18: B | B18: PENGGUNA HAK PILIH
B19: 1. | C19: Jumlah pengguna hak pilih dalam Daftar Pemilih Tetap (DPT) | D19: LK | E19: 100 | F19: 84 | G19: 107 | H19: 90 | I19: 115 | J19: 107 | K19: =SUM(E19:J19) -> 603
D20: PR | E20: 110 | F20: 95 | G20: 120 | H20: 95 | I20: 114 | J20: 112 | K20: =SUM(E20:J20) -> 646
D21: JML | E21: =SUM(E19:E20) -> 210 | F21: =SUM(F19:F20) -> 179 | G21: =SUM(G19:G20) -> 227 | H21: =SUM(H19:H20) -> 185 | I21: =SUM(I19:I20) -> 229 | J21: =SUM(J19:J20) -> 219 | K21: =SUM(E21:J21) -> 1249
B22: 2. | C22: Jumlah pengguna hak pilih dalam Daftar Pemilih Tambahan (DPTb) | D22: LK | E22: 0 | F22: 0 | G22: 0 | H22: 1 | I22: 0 | J22: 0 | K22: =SUM(E22:J22) -> 1
D23: PR | E23: 0 | F23: 0 | G23: 0 | H23: 1 | I23: 1 | J23: 1 | K23: =SUM(E23:J23) -> 3
D24: JML | E24: =SUM(E22:E23) -> 0 | F24: =SUM(F22:F23) -> 0 | G24: =SUM(G22:G23) -> 0 | H24: =SUM(H22:H23) -> 2 | I24: =SUM(I22:I23) -> 1 | J24: =SUM(J22:J23) -> 1 | K24: =SUM(E24:J24) -> 4
B25: 3. | C25: Jumlah pengguna hak pilih dalam Daftar Pemilih Khusus (DPK) | D25: LK | E25: 0 | F25: 0 | G25: 0 | H25: 0 | I25: 0 | J25: 0 | K25: =SUM(E25:J25) -> 0
D26: PR | E26: 0 | F26: 0 | G26: 0 | H26: 0 | I26: 0 | J26: 0 | K26: =SUM(E26:J26) -> 0
D27: JML | E27: =SUM(E25:E26) -> 0 | F27: =SUM(F25:F26) -> 0 | G27: =SUM(G25:G26) -> 0 | H27: =SUM(H25:H26) -> 0 | I27: =SUM(I25:I26) -> 0 | J27: =SUM(J25:J26) -> 0 | K27: =SUM(E27:J27) -> 0
B28: 4. | C28: Jumlah Pengguna Hak Pilih (B.1+B.2+B.3) | D28: LK | E28: =SUM(E19,E22,E25) -> 100 | F28: =SUM(F19,F22,F25) -> 84 | G28: =SUM(G19,G22,G25) -> 107 | H28: =SUM(H19,H22,H25) -> 91 | I28: =SUM(I19,I22,I25) -> 115 | J28: =SUM(J19,J22,J25) -> 107 | K28: =SUM(E28:J28) -> 604
D29: PR | E29: =SUM(E20,E23,E26) -> 110 | F29: =SUM(F20,F23,F26) -> 95 | G29: =SUM(G20,G23,G26) -> 120 | H29: =SUM(H20,H23,H26) -> 96 | I29: =SUM(I20,I23,I26) -> 115 | J29: =SUM(J20,J23,J26) -> 113 | K29: =SUM(E29:J29) -> 649
D30: JML | E30: =SUM(E28:E29) -> 210 | F30: =SUM(F28:F29) -> 179 | G30: =SUM(G28:G29) -> 227 | H30: =SUM(H28:H29) -> 187 | I30: =SUM(I28:I29) -> 230 | J30: =SUM(J28:J29) -> 220 | K30: =SUM(E30:J30) -> 1253
A32: II | B32: DATA PENGGUNAAN SURAT SUARA
A33: 1 | B33: Jumlah surat suara yang diterima, termasuk surat suara cadangan 2,5% dari DPT | E33: 229 | F33: 203 | G33: 266 | H33: 213 | I33: 272 | J33: 273 | K33: =SUM(E33:J33) -> 1456
A34: 2 | B34: Jumlah surat suara yang digunakan | E34: 210 | F34: 179 | G34: 227 | H34: 187 | I34: 230 | J34: 220 | K34: =SUM(E34:J34) -> 1253
A35: 3 | B35: Jumlah surat suara dikembalikan oleh pemilih (karena rusak atau keliru coblos) | E35: 0 | F35: 0 | G35: 0 | H35: 1 | I35: 0 | J35: 4 | K35: =SUM(E35:J35) -> 5
A36: 4 | B36: Jumlah surat suara yang tidak digunakan/tidak terpakai, termasuk sisa surat suara cadangan | E36: =E33-(E34+E35) -> 19 | F36: =F33-(F34+F35) -> 24 | G36: =G33-(G34+G35) -> 39 | H36: =H33-(H34+H35) -> 25 | I36: =I33-(I34+I35) -> 42 | J36: =J33-(J34+J35) -> 49 | K36: =SUM(E36:J36) -> 198
A38: III | B38: DATA PEMILIH DISABILITAS
B39: Jumlah seluruh Pemilih disabilitas yang menggunakan hak pilih | D39: LK | F39: 1 | G39: 4 | K39: =SUM(E39:J39) -> 5
D40: PR | F40: 4 | K40: =SUM(E40:J40) -> 4
D41: JML | E41: =SUM(E39:E40) -> 0 | F41: =SUM(F39:F40) -> 5 | G41: =SUM(G39:G40) -> 4 | H41: =SUM(H39:H40) -> 0 | I41: =SUM(I39:I40) -> 0 | J41: =SUM(J39:J40) -> 0 | K41: =SUM(E41:J41) -> 9
A43: IV | B43: DATA RINCIAN PEROLEHAN SUARA PASANGAN CALON BUPATI DAN WAKIL BUPATI
A44: NOMOR DAN NAMA CALON
A45: A.1 | B45: 1. | C45: Partai Kebangkitan Bangsa | E45: 15 | F45: 7 | G45: 4 | H45: 6 | I45: 12 | J45: 3 | K45: =SUM(E45:J45) -> 47
A46: A.2 | B46: 1 | C46: 1. Dr. Hj. NIHAYATUL WAFIROH, M.A. | E46: 17 | F46: 15 | G46: 6 | H46: 3 | I46: 8 | J46: 5 | K46: =SUM(E46:J46) -> 54
B47: 2 | C47: 2. H. M. NASIM KHAN | E47: 1 | F47: 1 | G47: 1 | H47: 0 | I47: 1 | J47: 1 | K47: =SUM(E47:J47) -> 5
B48: 3 | C48: 3. Dr. H. AKIK ZAMAN, M.Pd.I. | E48: 1 | F48: 0 | G48: 0 | H48: 0 | I48: 0 | J48: 1 | K48: =SUM(E48:J48) -> 2
B49: 4 | C49: 4. AHMAD RIFA'I, S.H. | E49: 1 | F49: 1 | G49: 1 | H49: 0 | I49: 0 | J49: 2 | K49: =SUM(E49:J49) -> 5
B50: 5 | C50: 5. Drs. H. MAHFUD M.N. | E50: 0 | F50: 0 | G50: 0 | H50: 0 | I50: 0 | J50: 0 | K50: =SUM(E50:J50) -> 0
B51: 6 | C51: 6. NURHAYATI, S.Pd. | E51: 0 | F51: 0 | G51: 0 | H51: 0 | I51: 0 | J51: 1 | K51: =SUM(E51:J51) -> 1
B52: 7 | C52: 7. MAFTUHA KISWAH | E52: 0 | F52: 0 | G52: 0 | H52: 1 | I52: 0 | J52: 0 | K52: =SUM(E52:J52) -> 1
A55: B | B55: JUMLAH SUARA SAH PARTAI POLITIK DAN CALON (A1 + A2) | E55: =SUM(E45:E52) -> 35 | F55: =SUM(F45:F52) -> 24 | G55: =SUM(G45:G52) -> 12 | H55: =SUM(H45:H52) -> 10 | I55: =SUM(I45:I52) -> 21 | J55: =SUM(J45:J52) -> 13 | K55: =SUM(E55:J55) -> 115
A57: A.1 | B57: 2. | C57: Partai Gerakan Indonesia Raya | E57: 3 | F57: 10 | G57: 10 | H57: 3 | I57: 7 | J57: 2 | K57: =SUM(E57:J57) -> 35
A58: A.2 | B58: 1 | C58: 1. SUMAIL ABDULLAH | E58: 16 | F58: 19 | G58: 16 | H58: 6 | I58: 11 | J58: 20 | K58: =SUM(E58:J58) -> 88
B59: 2 | C59: 2. MUHAMMAD ALI ADRIAN SALEH | E59: 2 | F59: 1 | G59: 3 | H59: 0 | I59: 3 | J59: 2 | K59: =SUM(E59:J59) -> 11
B60: 3 | C60: 3. DURROTUN NAFISAH | E60: 0 | F60: 0 | G60: 2 | H60: 1 | I60: 0 | J60: 0 | K60: =SUM(E60:J60) -> 3
B61: 4 | C61: 4. H. EKO SUSILO NURHIDAYAT | E61: 1 | F61: 0 | G61: 1 | H61: 0 | I61: 2 | J61: 3 | K61: =SUM(E61:J61) -> 7
B62: 5 | C62: 5. KARNADI HARIJANTO, S.S. | E62: 0 | F62: 0 | G62: 0 | H62: 0 | I62: 0 | J62: 0 | K62: =SUM(E62:J62) -> 0
B63: 6 | C63: 6. NURHAYATI | E63: 0 | F63: 0 | G63: 0 | H63: 1 | I63: 1 | J63: 0 | K63: =SUM(E63:J63) -> 2
B64: 7 | C64: 7. MASHUDI | E64: 0 | F64: 0 | G64: 0 | H64: 0 | I64: 0 | J64: 0 | K64: =SUM(E64:J64) -> 0
A67: B | B67: JUMLAH SUARA SAH PARTAI POLITIK DAN CALON (A1 + A2) | E67: =SUM(E57:E64) -> 22 | F67: =SUM(F57:F64) -> 30 | G67: =SUM(G57:G64) -> 32 | H67: =SUM(H57:H64) -> 11 | I67: =SUM(I57:I64) -> 24 | J67: =SUM(J57:J64) -> 27 | K67: =SUM(E67:J67) -> 146
A69: A.1 | B69: 3. | C69: Partai Demokrasi Indonesia Perjuangan | E69: 5 | F69: 4 | G69: 7 | H69: 7 | I69: 5 | J69: 4 | K69: =SUM(E69:J69) -> 32
A70: A.2 | B70: 1 | C70: 1. SONNY TRI DANAPARAMITA, S.H., M.H. | E70: 5 | F70: 3 | G70: 6 | H70: 5 | I70: 5 | J70: 6 | K70: =SUM(E70:J70) -> 30
B71: 2 | C71: 2. H. MOHAMAD GUNTUR ROMLI | E71: 1 | F71: 1 | G71: 2 | H71: 2 | I71: 2 | J71: 0 | K71: =SUM(E71:J71) -> 8
B72: 3 | C72: 3. INA AMMANIA | E72: 6 | F72: 0 | G72: 6 | H72: 0 | I72: 16 | J72: 11 | K72: =SUM(E72:J72) -> 39
B73: 4 | C73: 4. IRWAN BACHTIAR RACHMAT, M.Si. | E73: 2 | F73: 0 | G73: 0 | H73: 0 | I73: 1 | J73: 0 | K73: =SUM(E73:J73) -> 3
B74: 5 | C74: 5. LUCKY PERDANA | E74: 2 | F74: 11 | G74: 8 | H74: 2 | I74: 7 | J74: 3 | K74: =SUM(E74:J74) -> 33
B75: 6 | C75: 6. WIWIK PUJIYATI | E75: 0 | F75: 0 | G75: 0 | H75: 0 | I75: 0 | J75: 0 | K75: =SUM(E75:J75) -> 0
B76: 7 | C76: 7. CHANDRA ASTAN, S.T. | E76: 0 | F76: 0 | G76: 0 | H76: 0 | I76: 0 | J76: 1 | K76: =SUM(E76:J76) -> 1
A79: B | B79: JUMLAH SUARA SAH PARTAI POLITIK DAN CALON (A1 + A2) | E79: =SUM(E69:E76) -> 21 | F79: =SUM(F69:F76) -> 19 | G79: =SUM(G69:G76) -> 29 | H79: =SUM(H69:H76) -> 16 | I79: =SUM(I69:I76) -> 36 | J79: =SUM(J69:J76) -> 25 | K79: =SUM(E79:J79) -> 146
A81: A.1 | B81: 4. | C81: Partai Golongan Karya | E81: 7 | F81: 6 | G81: 8 | H81: 6 | I81: 4 | J81: 5 | K81: =SUM(E81:J81) -> 36
A82: A.2 | B82: 1 | C82: 1. ZULFIKAR ARSE SADIKIN, S.I.P., M.Si. | E82: 11 | F82: 12 | G82: 36 | H82: 15 | I82: 14 | J82: 14 | K82: =SUM(E82:J82) -> 102
B83: 2 | C83: 2. HANDOKO | E83: 2 | F83: 1 | G83: 0 | H83: 0 | I83: 0 | J83: 0 | K83: =SUM(E83:J83) -> 3
B84: 3 | C84: 3. Hj. OVI DEWI YANTI | E84: 1 | F84: 0 | G84: 0 | H84: 0 | I84: 0 | J84: 1 | K84: =SUM(E84:J84) -> 2
B85: 4 | C85: 4. Ir. AZAM AZMAN NATAWIJANA | E85: 3 | F85: 2 | G85: 0 | H85: 2 | I85: 1 | J85: 1 | K85: =SUM(E85:J85) -> 9
B86: 5 | C86: 5. UBAIDILLAH AMIN, S.Kom. | E86: 0 | F86: 0 | G86: 0 | H86: 0 | I86: 0 | J86: 0 | K86: =SUM(E86:J86) -> 0
B87: 6 | C87: 6. DENNY YUNIANDARI, S.H., M.Kn. | E87: 0 | F87: 0 | G87: 0 | H87: 0 | I87: 0 | J87: 1 | K87: =SUM(E87:J87) -> 1
B88: 7 | C88: 7. ERNADI, S.H.I. | E88: 0 | F88: 1 | G88: 1 | H88: 0 | I88: 0 | J88: 0 | K88: =SUM(E88:J88) -> 2
A91: B | B91: JUMLAH SUARA SAH PARTAI POLITIK DAN CALON (A1 + A2) | E91: =SUM(E81:E88) -> 24 | F91: =SUM(F81:F88) -> 22 | G91: =SUM(G81:G88) -> 45 | H91: =SUM(H81:H88) -> 23 | I91: =SUM(I81:I88) -> 19 | J91: =SUM(J81:J88) -> 22 | K91: =SUM(E91:J91) -> 155
A93: A.1 | B93: 5. | C93: Partai NasDem | E93: 3 | F93: 2 | G93: 7 | H93: 4 | I93: 2 | J93: 2 | K93: =SUM(E93:J93) -> 20
A94: A.2 | B94: 1 | C94: 1. ACH. FADIL MUZAKKI SYAH | E94: 2 | F94: 0 | G94: 1 | H94: 2 | I94: 2 | J94: 2 | K94: =SUM(E94:J94) -> 9
B95: 2 | C95: 2. BENY | E95: 1 | F95: 7 | G95: 3 | H95: 0 | I95: 4 | J95: 6 | K95: =SUM(E95:J95) -> 21
B96: 3 | C96: 3. VINA VERONIKA | E96: 0 | F96: 0 | G96: 0 | H96: 0 | I96: 0 | J96: 1 | K96: =SUM(E96:J96) -> 1
B97: 4 | C97: 4. TEDDY ANUGRIANTO | E97: 1 | F97: 0 | G97: 0 | H97: 7 | I97: 0 | J97: 1 | K97: =SUM(E97:J97) -> 9
B98: 5 | C98: 5. INSAN KAMIL | E98: 0 | F98: 1 | G98: 0 | H98: 0 | I98: 0 | J98: 0 | K98: =SUM(E98:J98) -> 1
B99: 6 | C99: 6. LILIK LINDARWATI | E99: 0 | F99: 0 | G99: 0 | H99: 0 | I99: 0 | J99: 0 | K99: =SUM(E99:J99) -> 0
B100: 7 | C100: 7. YULI ANITA | E100: 0 | F100: 1 | G100: 0 | H100: 0 | I100: 0 | J100: 1 | K100: =SUM(E100:J100) -> 2
A103: B | B103: JUMLAH SUARA SAH PARTAI POLITIK DAN CALON (A1 + A2) | E103: =SUM(E93:E100) -> 7 | F103: =SUM(F93:F100) -> 11 | G103: =SUM(G93:G100) -> 11 | H103: =SUM(H93:H100) -> 13 | I103: =SUM(I93:I100) -> 8 | J103: =SUM(J93:J100) -> 13 | K103: =SUM(E103:J103) -> 63
A105: A.1 | B105: 6. | C105: Partai Buruh | E105: 2 | F105: 1 | G105: 3 | H105: 2 | I105: 5 | J105: 1 | K105: =SUM(E105:J105) -> 14
A106: A.2 | B106: 1 | C106: 1. KHOIRUL ANAM | E106: 1 | F106: 0 | G106: 0 | H106: 0 | I106: 2 | J106: 0 | K106: =SUM(E106:J106) -> 3
B107: 2 | C107: 2. INA KURNIA | E107: 0 | F107: 0 | G107: 0 | H107: 0 | I107: 0 | J107: 0 | K107: =SUM(E107:J107) -> 0
B108: 3 | C108: 3. JIBRAL TAROUK | E108: 0 | F108: 0 | G108: 0 | H108: 0 | I108: 0 | J108: 0 | K108: =SUM(E108:J108) -> 0
B109: 4 | C109: 4. ASTUTI DAENG PUJI | E109: 0 | F109: 0 | G109: 0 | H109: 0 | I109: 0 | J109: 0 | K109: =SUM(E109:J109) -> 0
B110: 5 | C110: 5. ASDARMAWAN | E110: 0 | F110: 0 | G110: 0 | H110: 0 | I110: 0 | J110: 0 | K110: =SUM(E110:J110) -> 0
B111: 6 | C111: 6. RIFQI MUBAROK | E111: 0 | F111: 0 | G111: 0 | H111: 0 | I111: 0 | J111: 0 | K111: =SUM(E111:J111) -> 0
B112: 7 | C112: 7. FIRNANDA ALTA MEGA | E112: 0 | F112: 0 | G112: 0 | H112: 0 | I112: 0 | J112: 0 | K112: =SUM(E112:J112) -> 0
A115: B | B115: JUMLAH SUARA SAH PARTAI POLITIK DAN CALON (A1 + A2) | E115: =SUM(E105:E112) -> 3 | F115: =SUM(F105:F112) -> 1 | G115: =SUM(G105:G112) -> 3 | H115: =SUM(H105:H112) -> 2 | I115: =SUM(I105:I112) -> 7 | J115: =SUM(J105:J112) -> 1 | K115: =SUM(E115:J115) -> 17
A117: A.1 | B117: 7. | C117: Partai Gelombang Rakyat Indonesia | E117: 0 | F117: 0 | G117: 5 | H117: 2 | I117: 5 | J117: 0 | K117: =SUM(E117:J117) -> 12
A118: A.2 | B118: 1 | C118: 1. TITI WIDORETNO WARISMAN | E118: 1 | F118: 2 | G118: 1 | H118: 2 | I118: 4 | J118: 1 | K118: =SUM(E118:J118) -> 11
B119: 2 | C119: 2. MAMIEK SETYANINGSIH | E119: 0 | F119: 0 | G119: 0 | H119: 0 | I119: 2 | J119: 1 | K119: =SUM(E119:J119) -> 3
B120: 3 | C120: 3. ROMIL AZIZEN | E120: 0 | F120: 0 | G120: 0 | H120: 0 | I120: 1 | J120: 1 | K120: =SUM(E120:J120) -> 2
A127: B | B127: JUMLAH SUARA SAH PARTAI POLITIK DAN CALON (A1 + A2) | E127: =SUM(E117:E120) -> 1 | F127: =SUM(F117:F120) -> 2 | G127: =SUM(G117:G120) -> 6 | H127: =SUM(H117:H120) -> 4 | I127: =SUM(I117:I120) -> 12 | J127: =SUM(J117:J120) -> 3 | K127: =SUM(E127:J127) -> 28
A129: A.1 | B129: 8. | C129: Partai Keadilan Sejahtera | E129: 1 | F129: 1 | G129: 7 | H129: 3 | I129: 0 | J129: 2 | K129: =SUM(E129:J129) -> 14
A130: A.2 | B130: 1 | C130: 1. H. SAIMI SALEH, S.E., M.M. | E130: 3 | F130: 3 | G130: 11 | H130: 7 | I130: 5 | J130: 5 | K130: =SUM(E130:J130) -> 34
B131: 2 | C131: 2. Prof. Dr. H. EGGI SUDJANA, S.H., M.Si. | E131: 0 | F131: 0 | G131: 0 | H131: 3 | I131: 0 | J131: 1 | K131: =SUM(E131:J131) -> 4
B132: 3 | C132: 3. NURUL KHOTIMAH | E132: 0 | F132: 0 | G132: 1 | H132: 1 | I132: 0 | J132: 0 | K132: =SUM(E132:J132) -> 2
B133: 4 | C133: 4. AKHMAD SUYANTO, S.T., M.T. | E133: 0 | F133: 0 | G133: 0 | H133: 0 | I133: 0 | J133: 1 | K133: =SUM(E133:J133) -> 1
B134: 5 | C134: 5. PUJIYATNI | E134: 0 | F134: 0 | G134: 0 | H134: 0 | I134: 0 | J134: 1 | K134: =SUM(E134:J134) -> 1
B135: 6 | C135: 6. HENI PURWATININGSIH | E135: 1 | F135: 0 | G135: 0 | H135: 0 | I135: 0 | J135: 0 | K135: =SUM(E135:J135) -> 1
B136: 7 | C136: 7. MUHADI | E136: 0 | F136: 0 | G136: 0 | H136: 0 | I136: 0 | J136: 0 | K136: =SUM(E136:J136) -> 0
...

Sheet KAMPUNGANYAR
C2: Kecamatan | D2: GLAGAH
C3: Kabupaten | D3: BANYUWANGI
C4: Provinsi | D4: JAWA TIMUR
C9: Kelurahan | D9: KAMPUNGANYAR
A12: I | B12: DATA PEMILIH DAN PENGGUNAAN HAK PILIH | T12: JUMLAH AKHIR
A13: A | B13: DATA PEMILIH | E13: TPS 001 | F13: TPS 002 | G13: TPS 003 | H13: TPS 004 | I13: TPS 005 | J13: TPS 006 | K13: TPS 007 | L13: TPS 008 | M13: TPS 009 | N13: TPS 010 | O13: TPS 011 | P13: TPS 012 | Q13: TPS 013 | R13: TPS 014 | S13: TPS 015
B14: Jumlah Pemilih dalam Daftar Pemilih Tetap (DPT) | D14: LK | E14: 115 | F14: 129 | G14: 141 | H14: 82 | I14: 105 | J14: 114 | K14: 103 | L14: 110 | M14: 109 | N14: 132 | O14: 132 | P14: 92 | Q14: 122 | R14: 100 | S14: 54 | T14: =SUM(E14:S14) -> 1640
D15: PR | E15: 124 | F15: 148 | G15: 144 | H15: 91 | I15: 103 | J15: 135 | K15: 106 | L15: 119 | M15: 102 | N15: 139 | O15: 135 | P15: 102 | Q15: 142 | R15: 104 | S15: 65 | T15: =SUM(E15:S15) -> 1759
D16: JML | E16: =SUM(E14:E15) -> 239 | F16: =SUM(F14:F15) -> 277 | G16: =SUM(G14:G15) -> 285 | H16: =SUM(H14:H15) -> 173 | I16: =SUM(I14:I15) -> 208 | J16: =SUM(J14:J15) -> 249 | K16: =SUM(K14:K15) -> 209 | L16: =SUM(L14:L15) -> 229 | ... S16: =SUM(S14:S15) -> 119 | T16: =SUM(E16:S16) -> 3399
A18: B | B18: PENGGUNA HAK PILIH
B19: 1. | C19: Jumlah pengguna hak pilih dalam Daftar Pemilih Tetap (DPT) | D19: LK | E19: 101 | F19: 105 | G19: 110 | H19: 71 | I19: 85 | J19: 91 | K19: 90 | L19: 88 | M19: 87 | N19: 104 | O19: 105 | P19: 69 | Q19: 101 | R19: 77 | S19: 47 | T19: =SUM(E19:S19) -> 1331
D20: PR | E20: 109 | F20: 125 | G20: 128 | H20: 77 | I20: 91 | J20: 108 | K20: 90 | L20: 98 | M20: 86 | N20: 117 | O20: 121 | P20: 86 | Q20: 119 | R20: 87 | S20: 59 | T20: =SUM(E20:S20) -> 1501
D21: JML | E21: =SUM(E19:E20) -> 210 | F21: =SUM(F19:F20) -> 230 | G21: =SUM(G19:G20) -> 238 | H21: =SUM(H19:H20) -> 148 | I21: =SUM(I19:I20) -> 176 | J21: =SUM(J19:J20) -> 199 | K21: =SUM(K19:K20) -> 180 | L21: =SUM(L19:L20) -> 186 | ... S21: =SUM(S19:S20) -> 106 | T21: =SUM(E21:S21) -> 2832
B22: 2. | C22: Jumlah pengguna hak pilih dalam Daftar Pemilih Tambahan (DPTb) | D22: LK | E22: 0 | F22: 0 | G22: 0 | H22: 0 | I22: 0 | J22: 0 | K22: 0 | L22: 0 | M22: 0 | N22: 0 | O22: 0 | P22: 0 | Q22: 0 | R22: 0 | S22: 0 | T22: =SUM(E22:S22) -> 0
D23: PR | E23: 0 | F23: 0 | G23: 0 | H23: 0 | I23: 0 | J23: 0 | K23: 0 | L23: 0 | M23: 0 | N23: 0 | O23: 0 | P23: 0 | Q23: 0 | R23: 0 | S23: 0 | T23: =SUM(E23:S23) -> 0
D24: JML | E24: =SUM(E22:E23) -> 0 | F24: =SUM(F22:F23) -> 0 | G24: =SUM(G22:G23) -> 0 | H24: =SUM(H22:H23) -> 0 | I24: =SUM(I22:I23) -> 0 | J24: =SUM(J22:J23) -> 0 | K24: =SUM(K22:K23) -> 0 | L24: =SUM(L22:L23) -> 0 | ... S24: =SUM(S22:S23) -> 0 | T24: =SUM(E24:S24) -> 0
B25: 3. | C25: Jumlah pengguna hak pilih dalam Daftar Pemilih Khusus (DPK) | D25: LK | E25: 0 | F25: 4 | G25: 4 | H25: 2 | I25: 0 | J25: 7 | K25: 0 | L25: 0 | M25: 1 | N25: 3 | O25: 0 | P25: 6 | Q25: 21 | R25: 9 | S25: 0 | T25: =SUM(E25:S25) -> 57
D26: PR | E26: 1 | F26: 2 | G26: 0 | H26: 0 | I26: 1 | J26: 4 | K26: 0 | L26: 0 | M26: 2 | N26: 2 | O26: 0 | P26: 6 | Q26: 29 | R26: 9 | S26: 1 | T26: =SUM(E26:S26) -> 57
D27: JML | E27: =SUM(E25:E26) -> 1 | F27: =SUM(F25:F26) -> 6 | G27: =SUM(G25:G26) -> 4 | H27: =SUM(H25:H26) -> 2 | I27: =SUM(I25:I26) -> 1 | J27: =SUM(J25:J26) -> 11 | K27: =SUM(K25:K26) -> 0 | L27: =SUM(L25:L26) -> 0 | ... S27: =SUM(S25:S26) -> 1 | T27: =SUM(E27:S27) -> 114
B28: 4. | C28: Jumlah Pengguna Hak Pilih (B.1+B.2+B.3) | D28: LK | E28: =SUM(E19,E22,E25) -> 101 | F28: =SUM(F19,F22,F25) -> 109 | G28: =SUM(G19,G22,G25) -> 114 | H28: =SUM(H19,H22,H25) -> 73 | I28: =SUM(I19,I22,I25) -> 85 | J28: =SUM(J19,J22,J25) -> 98 | K28: =SUM(K19,K22,K25) -> 90 | L28: =SUM(L19,L22,L25) -> 88 | ... S28: =SUM(S19,S22,S25) -> 47 | T28: =SUM(E28:S28) -> 1388
D29: PR | E29: =SUM(E20,E23,E26) -> 110 | F29: =SUM(F20,F23,F26) -> 127 | G29: =SUM(G20,G23,G26) -> 128 | H29: =SUM(H20,H23,H26) -> 77 | I29: =SUM(I20,I23,I26) -> 92 | J29: =SUM(J20,J23,J26) -> 112 | K29: =SUM(K20,K23,K26) -> 90 | L29: =SUM(L20,L23,L26) -> 98 | ... S29: =SUM(S20,S23,S26) -> 60 | T29: =SUM(E29:S29) -> 1558
D30: JML | E30: =SUM(E28:E29) -> 211 | F30: =SUM(F28:F29) -> 236 | G30: =SUM(G28:G29) -> 242 | H30: =SUM(H28:H29) -> 150 | I30: =SUM(I28:I29) -> 177 | J30: =SUM(J28:J29) -> 210 | K30: =SUM(K28:K29) -> 180 | L30: =SUM(L28:L29) -> 186 | ... S30: =SUM(S28:S29) -> 107 | T30: =SUM(E30:S30) -> 2946
A32: II | B32: DATA PENGGUNAAN SURAT SUARA
A33: 1 | B33: Jumlah surat suara yang diterima, termasuk surat suara cadangan 2,5% dari DPT | E33: 244 | F33: 283 | G33: 291 | H33: 177 | I33: 213 | J33: 254 | K33: 214 | L33: 234 | M33: 216 | N33: 277 | O33: 273 | P33: 186 | Q33: 270 | R33: 209 | S33: 122 | T33: =SUM(E33:S33) -> 3463
A34: 2 | B34: Jumlah surat suara yang digunakan | E34: 211 | F34: 236 | G34: 242 | H34: 150 | I34: 177 | J34: 210 | K34: 180 | L34: 186 | M34: 176 | N34: 226 | O34: 226 | P34: 167 | Q34: 270 | R34: 182 | S34: 107 | T34: =SUM(E34:S34) -> 2946
A35: 3 | B35: Jumlah surat suara dikembalikan oleh pemilih (karena rusak atau keliru coblos) | E35: 0 | F35: 0 | G35: 0 | H35: 0 | I35: 0 | J35: 0 | K35: 0 | L35: 0 | M35: 0 | N35: 0 | O35: 0 | P35: 0 | Q35: 0 | R35: 0 | S35: 0 | T35: =SUM(E35:S35) -> 0
A36: 4 | B36: Jumlah surat suara yang tidak digunakan/tidak terpakai, termasuk sisa surat suara cadangan | E36: =E33-(E34+E35) -> 33 | F36: =F33-(F34+F35) -> 47 | G36: =G33-(G34+G35) -> 49 | H36: =H33-(H34+H35) -> 27 | I36: =I33-(I34+I35) -> 36 | J36: =J33-(J34+J35) -> 44 | K36: =K33-(K34+K35) -> 34 | L36: =L33-(L34+L35) -> 48 | ... S36: =S33-(S34+S35) -> 15 | T36: =SUM(E36:S36) -> 517
A38: III | B38: DATA PEMILIH DISABILITAS
B39: Jumlah seluruh Pemilih disabilitas yang menggunakan hak pilih | D39: LK | G39: 1 | T39: =SUM(E39:S39) -> 1
D40: PR | I40: 2 | T40: =SUM(E40:S40) -> 2
D41: JML | E41: =SUM(E39:E40) -> 0 | F41: =SUM(F39:F40) -> 0 | G41: =SUM(G39:G40) -> 1 | H41: =SUM(H39:H40) -> 0 | I41: =SUM(I39:I40) -> 2 | J41: =SUM(J39:J40) -> 0 | K41: =SUM(K39:K40) -> 0 | L41: =SUM(L39:L40) -> 0 | ... S41: =SUM(S39:S40) -> 0 | T41: =SUM(E41:S41) -> 3
A43: IV | B43: DATA RINCIAN PEROLEHAN SUARA PASANGAN CALON BUPATI DAN WAKIL BUPATI
A44: NOMOR DAN NAMA CALON
A45: A.1 | B45: 1. | C45: Partai Kebangkitan Bangsa | E45: 2 | F45: 3 | G45: 4 | H45: 3 | I45: 6 | J45: 5 | K45: 14 | L45: 8 | M45: 7 | N45: 7 | O45: 11 | P45: 6 | Q45: 8 | R45: 3 | S45: 9 | T45: =SUM(E45:S45) -> 96
A46: A.2 | B46: 1 | C46: 1. Dr. Hj. NIHAYATUL WAFIROH, M.A. | E46: 4 | F46: 11 | G46: 16 | H46: 3 | I46: 5 | J46: 7 | K46: 4 | L46: 11 | M46: 0 | N46: 10 | O46: 13 | P46: 4 | Q46: 8 | R46: 7 | S46: 19 | T46: =SUM(E46:S46) -> 122
B47: 2 | C47: 2. H. M. NASIM KHAN | E47: 2 | F47: 1 | G47: 2 | H47: 1 | I47: 1 | J47: 0 | K47: 1 | L47: 0 | M47: 0 | N47: 1 | O47: 0 | P47: 0 | Q47: 3 | R47: 0 | S47: 0 | T47: =SUM(E47:S47) -> 12
B48: 3 | C48: 3. Dr. H. AKIK ZAMAN, M.Pd.I. | E48: 0 | F48: 0 | G48: 0 | H48: 1 | I48: 0 | J48: 1 | K48: 0 | L48: 4 | M48: 0 | N48: 1 | O48: 0 | P48: 1 | Q48: 0 | R48: 0 | S48: 1 | T48: =SUM(E48:S48) -> 9
B49: 4 | C49: 4. AHMAD RIFA'I, S.H. | E49: 0 | F49: 0 | G49: 0 | H49: 0 | I49: 1 | J49: 0 | K49: 0 | L49: 0 | M49: 0 | N49: 0 | O49: 0 | P49: 0 | Q49: 0 | R49: 1 | S49: 0 | T49: =SUM(E49:S49) -> 2
B50: 5 | C50: 5. Drs. H. MAHFUD M.N. | E50: 0 | F50: 0 | G50: 0 | H50: 0 | I50: 0 | J50: 1 | K50: 0 | L50: 0 | M50: 0 | N50: 0 | O50: 0 | P50: 0 | Q50: 0 | R50: 0 | S50: 1 | T50: =SUM(E50:S50) -> 2
B51: 6 | C51: 6. NURHAYATI, S.Pd. | E51: 1 | F51: 0 | G51: 0 | H51: 2 | I51: 0 | J51: 2 | K51: 0 | L51: 1 | M51: 0 | N51: 0 | O51: 0 | P51: 1 | Q51: 0 | R51: 0 | S51: 0 | T51: =SUM(E51:S51) -> 7
B52: 7 | C52: 7. MAFTUHA KISWAH | E52: 1 | F52: 0 | G52: 0 | H52: 0 | I52: 0 | J52: 1 | K52: 0 | L52: 1 | M52: 1 | N52: 0 | O52: 0 | P52: 0 | Q52: 0 | R52: 1 | S52: 0 | T52: =SUM(E52:S52) -> 5
A55: B | B55: JUMLAH SUARA SAH PARTAI POLITIK DAN CALON (A1 + A2) | E55: =SUM(E45:E52) -> 10 | F55: =SUM(F45:F52) -> 15 | G55: =SUM(G45:G52) -> 22 | H55: =SUM(H45:H52) -> 10 | I55: =SUM(I45:I52) -> 13 | J55: =SUM(J45:J52) -> 17 | K55: =SUM(K45:K52) -> 19 | L55: =SUM(L45:L52) -> 25 | ... S55: =SUM(S45:S52) -> 30 | T55: =SUM(E55:S55) -> 255
A57: A.1 | B57: 2. | C57: Partai Gerakan Indonesia Raya | E57: 8 | F57: 8 | G57: 11 | H57: 9 | I57: 15 | J57: 12 | K57: 4 | L57: 3 | M57: 12 | N57: 9 | O57: 7 | P57: 2 | Q57: 10 | R57: 15 | S57: 11 | T57: =SUM(E57:S57) -> 136
A58: A.2 | B58: 1 | C58: 1. SUMAIL ABDULLAH | E58: 3 | F58: 21 | G58: 8 | H58: 4 | I58: 1 | J58: 9 | K58: 5 | L58: 2 | M58: 1 | N58: 13 | O58: 14 | P58: 4 | Q58: 6 | R58: 8 | S58: 6 | T58: =SUM(E58:S58) -> 105
B59: 2 | C59: 2. MUHAMMAD ALI ADRIAN SALEH | E59: 1 | F59: 2 | G59: 1 | H59: 1 | I59: 1 | J59: 1 | K59: 0 | L59: 1 | M59: 1 | N59: 0 | O59: 2 | P59: 2 | Q59: 2 | R59: 2 | S59: 0 | T59: =SUM(E59:S59) -> 17
B60: 3 | C60: 3. DURROTUN NAFISAH | E60: 2 | F60: 1 | G60: 0 | H60: 0 | I60: 0 | J60: 2 | K60: 3 | L60: 1 | M60: 0 | N60: 1 | O60: 1 | P60: 1 | Q60: 0 | R60: 0 | S60: 0 | T60: =SUM(E60:S60) -> 12
B61: 4 | C61: 4. H. EKO SUSILO NURHIDAYAT | E61: 0 | F61: 1 | G61: 1 | H61: 0 | I61: 0 | J61: 2 | K61: 0 | L61: 0 | M61: 0 | N61: 1 | O61: 0 | P61: 0 | Q61: 0 | R61: 0 | S61: 0 | T61: =SUM(E61:S61) -> 5
B62: 5 | C62: 5. KARNADI HARIJANTO, S.S. | E62: 0 | F62: 0 | G62: 0 | H62: 0 | I62: 0 | J62: 0 | K62: 0 | L62: 0 | M62: 2 | N62: 0 | O62: 0 | P62: 0 | Q62: 0 | R62: 0 | S62: 0 | T62: =SUM(E62:S62) -> 2
B63: 6 | C63: 6. NURHAYATI | E63: 0 | F63: 0 | G63: 0 | H63: 0 | I63: 0 | J63: 0 | K63: 0 | L63: 0 | M63: 0 | N63: 0 | O63: 1 | P63: 0 | Q63: 0 | R63: 0 | S63: 0 | T63: =SUM(E63:S63) -> 1
B64: 7 | C64: 7. MASHUDI | E64: 0 | F64: 0 | G64: 0 | H64: 0 | I64: 0 | J64: 0 | K64: 0 | L64: 0 | M64: 0 | N64: 0 | O64: 0 | P64: 0 | Q64: 0 | R64: 0 | S64: 0 | T64: =SUM(E64:S64) -> 0
A67: B | B67: JUMLAH SUARA SAH PARTAI POLITIK DAN CALON (A1 + A2) | E67: =SUM(E57:E64) -> 14 | F67: =SUM(F57:F64) -> 33 | G67: =SUM(G57:G64) -> 21 | H67: =SUM(H57:H64) -> 14 | I67: =SUM(I57:I64) -> 17 | J67: =SUM(J57:J64) -> 26 | K67: =SUM(K57:K64) -> 12 | L67: =SUM(L57:L64) -> 7 | ... S67: =SUM(S57:S64) -> 17 | T67: =SUM(E67:S67) -> 278
A69: A.1 | B69: 3. | C69: Partai Demokrasi Indonesia Perjuangan | E69: 4 | F69: 7 | G69: 14 | H69: 19 | I69: 12 | J69: 11 | K69: 6 | L69: 4 | M69: 14 | N69: 5 | O69: 10 | P69: 1 | Q69: 4 | R69: 3 | S69: 2 | T69: =SUM(E69:S69) -> 116
A70: A.2 | B70: 1 | C70: 1. SONNY TRI DANAPARAMITA, S.H., M.H. | E70: 4 | F70: 19 | G70: 12 | H70: 32 | I70: 35 | J70: 41 | K70: 12 | L70: 14 | M70: 15 | N70: 9 | O70: 11 | P70: 8 | Q70: 15 | R70: 15 | S70: 2 | T70: =SUM(E70:S70) -> 244
B71: 2 | C71: 2. H. MOHAMAD GUNTUR ROMLI | E71: 1 | F71: 1 | G71: 9 | H71: 3 | I71: 14 | J71: 9 | K71: 2 | L71: 1 | M71: 8 | N71: 1 | O71: 5 | P71: 0 | Q71: 1 | R71: 0 | S71: 0 | T71: =SUM(E71:S71) -> 55
B72: 3 | C72: 3. INA AMMANIA | E72: 14 | F72: 1 | G72: 11 | H72: 3 | I72: 15 | J72: 14 | K72: 5 | L72: 2 | M72: 4 | N72: 9 | O72: 59 | P72: 7 | Q72: 0 | R72: 1 | S72: 2 | T72: =SUM(E72:S72) -> 147
B73: 4 | C73: 4. IRWAN BACHTIAR RACHMAT, M.Si. | E73: 0 | F73: 0 | G73: 0 | H73: 1 | I73: 0 | J73: 0 | K73: 0 | L73: 1 | M73: 0 | N73: 0 | O73: 3 | P73: 0 | Q73: 0 | R73: 0 | S73: 0 | T73: =SUM(E73:S73) -> 5
B74: 5 | C74: 5. LUCKY PERDANA | E74: 1 | F74: 3 | G74: 0 | H74: 7 | I74: 12 | J74: 14 | K74: 0 | L74: 1 | M74: 0 | N74: 2 | O74: 0 | P74: 3 | Q74: 5 | R74: 7 | S74: 2 | T74: =SUM(E74:S74) -> 57
B75: 6 | C75: 6. WIWIK PUJIYATI | E75: 0 | F75: 0 | G75: 0 | H75: 0 | I75: 0 | J75: 0 | K75: 0 | L75: 1 | M75: 1 | N75: 0 | O75: 1 | P75: 1 | Q75: 0 | R75: 0 | S75: 0 | T75: =SUM(E75:S75) -> 4
B76: 7 | C76: 7. CHANDRA ASTAN, S.T. | E76: 0 | F76: 1 | G76: 1 | H76: 1 | I76: 0 | J76: 0 | K76: 0 | L76: 0 | M76: 1 | N76: 0 | O76: 2 | P76: 0 | Q76: 0 | R76: 0 | S76: 0 | T76: =SUM(E76:S76) -> 6
A79: B | B79: JUMLAH SUARA SAH PARTAI POLITIK DAN CALON (A1 + A2) | E79: =SUM(E69:E76) -> 24 | F79: =SUM(F69:F76) -> 32 | G79: =SUM(G69:G76) -> 47 | H79: =SUM(H69:H76) -> 66 | I79: =SUM(I69:I76) -> 88 | J79: =SUM(J69:J76) -> 89 | K79: =SUM(K69:K76) -> 25 | L79: =SUM(L69:L76) -> 24 | ... S79: =SUM(S69:S76) -> 8 | T79: =SUM(E79:S79) -> 634
A81: A.1 | B81: 4. | C81: Partai Golongan Karya | E81: 11 | F81: 13 | G81: 16 | H81: 5 | I81: 6 | J81: 4 | K81: 2 | L81: 2 | M81: 6 | N81: 10 | O81: 8 | P81: 23 | Q81: 40 | R81: 16 | S81: 7 | T81: =SUM(E81:S81) -> 169
A82: A.2 | B82: 1 | C82: 1. ZULFIKAR ARSE SADIKIN, S.I.P., M.Si. | E82: 8 | F82: 10 | G82: 22 | H82: 3 | I82: 5 | J82: 0 | K82: 18 | L82: 11 | M82: 25 | N82: 24 | O82: 7 | P82: 59 | Q82: 96 | R82: 25 | S82: 0 | T82: =SUM(E82:S82) -> 313
B83: 2 | C83: 2. HANDOKO | E83: 3 | F83: 5 | G83: 1 | H83: 1 | I83: 0 | J83: 0 | K83: 1 | L83: 0 | M83: 0 | N83: 1 | O83: 1 | P83: 1 | Q83: 6 | R83: 3 | S83: 1 | T83: =SUM(E83:S83) -> 24
B84: 3 | C84: 3. Hj. OVI DEWI YANTI | E84: 2 | F84: 0 | G84: 5 | H84: 2 | I84: 0 | J84: 2 | K84: 0 | L84: 1 | M84: 0 | N84: 2 | O84: 0 | P84: 1 | Q84: 4 | R84: 0 | S84: 0 | T84: =SUM(E84:S84) -> 19
B85: 4 | C85: 4. Ir. AZAM AZMAN NATAWIJANA | E85: 0 | F85: 1 | G85: 0 | H85: 0 | I85: 0 | J85: 0 | K85: 0 | L85: 2 | M85: 0 | N85: 0 | O85: 0 | P85: 4 | Q85: 5 | R85: 1 | S85: 0 | T85: =SUM(E85:S85) -> 13
B86: 5 | C86: 5. UBAIDILLAH AMIN, S.Kom. | E86: 0 | F86: 0 | G86: 0 | H86: 0 | I86: 0 | J86: 0 | K86: 0 | L86: 0 | M86: 1 | N86: 0 | O86: 2 | P86: 1 | Q86: 0 | R86: 0 | S86: 0 | T86: =SUM(E86:S86) -> 4
B87: 6 | C87: 6. DENNY YUNIANDARI, S.H., M.Kn. | E87: 0 | F87: 0 | G87: 0 | H87: 0 | I87: 0 | J87: 0 | K87: 1 | L87: 0 | M87: 0 | N87: 0 | O87: 0 | P87: 0 | Q87: 0 | R87: 1 | S87: 0 | T87: =SUM(E87:S87) -> 2
B88: 7 | C88: 7. ERNADI, S.H.I. | E88: 0 | F88: 0 | G88: 0 | H88: 0 | I88: 0 | J88: 0 | K88: 0 | L88: 0 | M88: 0 | N88: 0 | O88: 0 | P88: 0 | Q88: 0 | R88: 1 | S88: 0 | T88: =SUM(E88:S88) -> 1
A91: B | B91: JUMLAH SUARA SAH PARTAI POLITIK DAN CALON (A1 + A2) | E91: =SUM(E81:E88) -> 24 | F91: =SUM(F81:F88) -> 29 | G91: =SUM(G81:G88) -> 44 | H91: =SUM(H81:H88) -> 11 | I91: =SUM(I81:I88) -> 11 | J91: =SUM(J81:J88) -> 6 | K91: =SUM(K81:K88) -> 22 | L91: =SUM(L81:L88) -> 16 | ... S91: =SUM(S81:S88) -> 8 | T91: =SUM(E91:S91) -> 545
A93: A.1 | B93: 5. | C93: Partai NasDem | E93: 3 | F93: 2 | G93: 1 | H93: 1 | I93: 1 | J93: 1 | K93: 0 | L93: 0 | M93: 1 | N93: 2 | O93: 2 | P93: 1 | Q93: 3 | R93: 2 | S93: 0 | T93: =SUM(E93:S93) -> 20
A94: A.2 | B94: 1 | C94: 1. ACH. FADIL MUZAKKI SYAH | E94: 4 | F94: 1 | G94: 1 | H94: 1 | I94: 1 | J94: 2 | K94: 2 | L94: 1 | M94: 1 | N94: 4 | O94: 1 | P94: 1 | Q94: 8 | R94: 2 | S94: 0 | T94: =SUM(E94:S94) -> 30
B95: 2 | C95: 2. BENY | E95: 21 | F95: 2 | G95: 4 | H95: 0 | I95: 1 | J95: 0 | K95: 2 | L95: 0 | M95: 0 | N95: 0 | O95: 1 | P95: 0 | Q95: 1 | R95: 1 | S95: 0 | T95: =SUM(E95:S95) -> 33
B96: 3 | C96: 3. VINA VERONIKA | E96: 0 | F96: 0 | G96: 0 | H96: 0 | I96: 0 | J96: 0 | K96: 1 | L96: 0 | M96: 0 | N96: 0 | O96: 0 | P96: 0 | Q96: 0 | R96: 0 | S96: 0 | T96: =SUM(E96:S96) -> 1
B97: 4 | C97: 4. TEDDY ANUGRIANTO | E97: 0 | F97: 0 | G97: 0 | H97: 0 | I97: 0 | J97: 0 | K97: 0 | L97: 0 | M97: 0 | N97: 0 | O97: 0 | P97: 0 | Q97: 0 | R97: 0 | S97: 0 | T97: =SUM(E97:S97) -> 0
B98: 5 | C98: 5. INSAN KAMIL | E98: 0 | F98: 1 | G98: 0 | H98: 0 | I98: 0 | J98: 0 | K98: 1 | L98: 0 | M98: 0 | N98: 0 | O98: 0 | P98: 0 | Q98: 2 | R98: 0 | S98: 0 | T98: =SUM(E98:S98) -> 4
B99: 6 | C99: 6. LILIK LINDARWATI | E99: 0 | F99: 0 | G99: 0 | H99: 0 | I99: 0 | J99: 0 | K99: 0 | L99: 0 | M99: 0 | N99: 0 | O99: 0 | P99: 0 | Q99: 0 | R99: 0 | S99: 0 | T99: =SUM(E99:S99) -> 0
B100: 7 | C100: 7. YULI ANITA | E100: 0 | F100: 0 | G100: 0 | H100: 1 | I100: 0 | J100: 0 | K100: 0 | L100: 0 | M100: 0 | N100: 0 | O100: 0 | P100: 0 | Q100: 0 | R100: 0 | S100: 0 | T100: =SUM(E100:S100) -> 1
A103: B | B103: JUMLAH SUARA SAH PARTAI POLITIK DAN CALON (A1 + A2) | E103: =SUM(E93:E100) -> 28 | F103: =SUM(F93:F100) -> 6 | G103: =SUM(G93:G100) -> 6 | H103: =SUM(H93:H100) -> 3 | I103: =SUM(I93:I100) -> 3 | J103: =SUM(J93:J100) -> 3 | K103: =SUM(K93:K100) -> 6 | L103: =SUM(L93:L100) -> 1 | ... S103: =SUM(S93:S100) -> 0 | T103: =SUM(E103:S103) -> 89
A105: A.1 | B105: 6. | C105: Partai Buruh | E105: 2 | F105: 3 | G105: 1 | H105: 0 | I105: 1 | J105: 0 | K105: 1 | L105: 3 | M105: 2 | N105: 0 | O105: 0 | P105: 0 | Q105: 1 | R105: 2 | S105: 0 | T105: =SUM(E105:S105) -> 16
A106: A.2 | B106: 1 | C106: 1. KHOIRUL ANAM | E106: 0 | F106: 0 | G106: 0 | H106: 0 | I106: 0 | J106: 0 | K106: 1 | L106: 0 | M106: 0 | N106: 0 | O106: 0 | P106: 0 | Q106: 0 | R106: 1 | S106: 0 | T106: =SUM(E106:S106) -> 2
B107: 2 | C107: 2. INA KURNIA | E107: 2 | F107: 0 | G107: 0 | H107: 1 | I107: 0 | J107: 0 | K107: 0 | L107: 0 | M107: 1 | N107: 0 | O107: 0 | P107: 0 | Q107: 0 | R107: 0 | S107: 0 | T107: =SUM(E107:S107) -> 4
B108: 3 | C108: 3. JIBRAL TAROUK | E108: 0 | F108: 0 | G108: 0 | H108: 0 | I108: 0 | J108: 0 | K108: 0 | L108: 0 | M108: 1 | N108: 0 | O108: 0 | P108: 0 | Q108: 0 | R108: 0 | S108: 0 | T108: =SUM(E108:S108) -> 1
B109: 4 | C109: 4. ASTUTI DAENG PUJI | E109: 0 | F109: 0 | G109: 1 | H109: 0 | I109: 0 | J109: 0 | K109: 0 | L109: 0 | M109: 0 | N109: 0 | O109: 0 | P109: 0 | Q109: 0 | R109: 0 | S109: 0 | T109: =SUM(E109:S109) -> 1
B110: 5 | C110: 5. ASDARMAWAN | E110: 0 | F110: 0 | G110: 0 | H110: 0 | I110: 0 | J110: 0 | K110: 0 | L110: 0 | M110: 0 | N110: 0 | O110: 1 | P110: 0 | Q110: 0 | R110: 0 | S110: 0 | T110: =SUM(E110:S110) -> 1
B111: 6 | C111: 6. RIFQI MUBAROK | E111: 0 | F111: 0 | G111: 1 | H111: 0 | I111: 0 | J111: 0 | K111: 0 | L111: 0 | M111: 0 | N111: 0 | O111: 0 | P111: 0 | Q111: 0 | R111: 0 | S111: 0 | T111: =SUM(E111:S111) -> 1
B112: 7 | C112: 7. FIRNANDA ALTA MEGA | E112: 0 | F112: 0 | G112: 0 | H112: 0 | I112: 0 | J112: 0 | K112: 0 | L112: 0 | M112: 0 | N112: 0 | O112: 0 | P112: 0 | Q112: 0 | R112: 0 | S112: 0 | T112: =SUM(E112:S112) -> 0
A115: B | B115: JUMLAH SUARA SAH PARTAI POLITIK DAN CALON (A1 + A2) | E115: =SUM(E105:E112) -> 4 | F115: =SUM(F105:F112) -> 3 | G115: =SUM(G105:G112) -> 3 | H115: =SUM(H105:H112) -> 1 | I115: =SUM(I105:I112) -> 1 | J115: =SUM(J105:J112) -> 0 | K115: =SUM(K105:K112) -> 2 | L115: =SUM(L105:L112) -> 3 | ... S115: =SUM(S105:S112) -> 0 | T115: =SUM(E115:S115) -> 26
A117: A.1 | B117: 7. | C117: Partai Gelombang Rakyat Indonesia | E117: 1 | F117: 1 | G117: 1 | H117: 3 | I117: 5 | J117: 0 | K117: 8 | L117: 2 | M117: 1 | N117: 5 | O117: 1 | P117: 1 | Q117: 0 | R117: 6 | S117: 0 | T117: =SUM(E117:S117) -> 35
A118: A.2 | B118: 1 | C118: 1. TITI WIDORETNO WARISMAN | E118: 1 | F118: 1 | G118: 0 | H118: 5 | I118: 1 | J118: 5 | K118: 6 | L118: 2 | M118: 0 | N118: 3 | O118: 3 | P118: 0 | Q118: 0 | R118: 4 | S118: 1 | T118: =SUM(E118:S118) -> 32
B119: 2 | C119: 2. MAMIEK SETYANINGSIH | E119: 0 | F119: 0 | G119: 0 | H119: 1 | I119: 1 | J119: 0 | K119: 0 | L119: 0 | M119: 0 | N119: 0 | O119: 0 | P119: 0 | Q119: 0 | R119: 1 | S119: 0 | T119: =SUM(E119:S119) -> 3
B120: 3 | C120: 3. ROMIL AZIZEN | E120: 0 | F120: 0 | G120: 0 | H120: 0 | I120: 0 | J120: 0 | K120: 0 | L120: 0 | M120: 0 | N120: 0 | O120: 2 | P120: 0 | Q120: 0 | R120: 0 | S120: 0 | T120: =SUM(E120:S120) -> 2
A127: B | B127: JUMLAH SUARA SAH PARTAI POLITIK DAN CALON (A1 + A2) | E127: =SUM(E117:E120) -> 2 | F127: =SUM(F117:F120) -> 2 | G127: =SUM(G117:G120) -> 1 | H127: =SUM(H117:H120) -> 9 | I127: =SUM(I117:I120) -> 7 | J127: =SUM(J117:J120) -> 5 | K127: =SUM(K117:K120) -> 14 | L127: =SUM(L117:L120) -> 4 | ... S127: =SUM(S117:S120) -> 1 | T127: =SUM(E127:S127) -> 72
A129: A.1 | B129: 8. | C129: Partai Keadilan Sejahtera | E129: 15 | F129: 13 | G129: 12 | H129: 0 | I129: 2 | J129: 1 | K129: 14 | L129: 15 | M129: 8 | N129: 20 | O129: 1 | P129: 0 | Q129: 0 | R129: 4 | S129: 8 | T129: =SUM(E129:S129) -> 113
A130: A.2 | B130: 1 | C130: 1. H. SAIMI SALEH, S.E., M.M. | E130: 22 | F130: 40 | G130: 35 | H130: 0 | I130: 0 | J130: 4 | K130: 18 | L130: 35 | M130: 14 | N130: 52 | O130: 2 | P130: 0 | Q130: 0 | R130: 7 | S130: 17 | T130: =SUM(E130:S130) -> 246
B131: 2 | C131: 2. Prof. Dr. H. EGGI SUDJANA, S.H., M.Si. | E131: 2 | F131: 3 | G131: 0 | H131: 0 | I131: 0 | J131: 0 | K131: 1 | L131: 1 | M131: 0 | N131: 2 | O131: 0 | P131: 0 | Q131: 0 | R131: 0 | S131: 0 | T131: =SUM(E131:S131) -> 9
B132: 3 | C132: 3. NURUL KHOTIMAH | E132: 3 | F132: 2 | G132: 0 | H132: 0 | I132: 1 | J132: 0 | K132: 1 | L132: 0 | M132: 1 | N132: 1 | O132: 0 | P132: 0 | Q132: 0 | R132: 0 | S132: 0 | T132: =SUM(E132:S132) -> 9
B133: 4 | C133: 4. AKHMAD SUYANTO, S.T., M.T. | E133: 0 | F133: 0 | G133: 0 | H133: 0 | I133: 0 | J133: 0 | K133: 0 | L133: 0 | M133: 0 | N133: 0 | O133: 1 | P133: 0 | Q133: 0 | R133: 0 | S133: 0 | T133: =SUM(E133:S133) -> 1
B134: 5 | C134: 5. PUJIYATNI | E134: 0 | F134: 1 | G134: 0 | H134: 0 | I134: 0 | J134: 0 | K134: 0 | L134: 0 | M134: 0 | N134: 1 | O134: 0 | P134: 0 | Q134: 0 | R134: 0 | S134: 0 | T134: =SUM(E134:S134) -> 2
B135: 6 | C135: 6. HENI PURWATININGSIH | E135: 6 | F135: 2 | G135: 0 | H135: 0 | I135: 1 | J135: 0 | K135: 7 | L135: 0 | M135: 1 | N135: 0 | O135: 1 | P135: 0 | Q135: 0 | R135: 0 | S135: 2 | T135: =SUM(E135:S135) -> 20
B136: 7 | C136: 7. MUHADI | E136: 1 | F136: 0 | G136: 0 | H136: 0 | I136: 0 | J136: 0 | K136: 0 | L136: 0 | M136: 0 | N136: 1 | O136: 0 | P136: 0 | Q136: 0 | R136: 0 | S136: 0 | T136: =SUM(E136:S136) -> 2
...
