Workbook

Sheet DPR RI
C8: Kecamatan | D8: KALIBARU
C9: Kabupaten | D9: BANYUWANGI
C10: Provinsi | D10: JAWA TIMUR
A12: I | B12: DATA PEMILIH DAN PENGGUNAAN HAK PILIH | E12: JUMLAH AKHIR
A13: A | B13: DATA PEMILIH
B14: Jumlah Pemilih dalam Daftar Pemilih Tetap (DPT) | D14: LK | E14: =BANYUANYAR!AF14+KAJARHARJO!AY14+'KALIBARU KULON'!AF14+'KALIBARU MANIS'!AK14+'KALIBARU WETAN'!AU14+KEBONREJO!AJ14 -> 25420
D15: PR | E15: =BANYUANYAR!AF15+KAJARHARJO!AY15+'KALIBARU KULON'!AF15+'KALIBARU MANIS'!AK15+'KALIBARU WETAN'!AU15+KEBONREJO!AJ15 -> 25995
D16: JML | E16: =SUM(E14:E15) -> 51415
A18: B | B18: PENGGUNA HAK PILIH
B19: 1. | C19: Jumlah pengguna hak pilih dalam Daftar Pemilih Tetap (DPT) | D19: LK | E19: =BANYUANYAR!AF19+KAJARHARJO!AY19+'KALIBARU KULON'!AF19+'KALIBARU MANIS'!AK19+'KALIBARU WETAN'!AU19+KEBONREJO!AJ19 -> 18395
D20: PR | E20: =BANYUANYAR!AF20+KAJARHARJO!AY20+'KALIBARU KULON'!AF20+'KALIBARU MANIS'!AK20+'KALIBARU WETAN'!AU20+KEBONREJO!AJ20 -> 20512
D21: JML | E21: =SUM(E19:E20) -> 38907
B22: 2. | C22: Jumlah pengguna hak pilih dalam Daftar Pemilih Tambahan (DPTb) | D22: LK | E22: =BANYUANYAR!AF22+KAJARHARJO!AY22+'KALIBARU KULON'!AF22+'KALIBARU MANIS'!AK22+'KALIBARU WETAN'!AU22+KEBONREJO!AJ22 -> 116
D23: PR | E23: =BANYUANYAR!AF23+KAJARHARJO!AY23+'KALIBARU KULON'!AF23+'KALIBARU MANIS'!AK23+'KALIBARU WETAN'!AU23+KEBONREJO!AJ23 -> 92
D24: JML | E24: =SUM(E22:E23) -> 208
B25: 3. | C25: Jumlah pengguna hak pilih dalam Daftar Pemilih Khusus (DPK) | D25: LK | E25: =BANYUANYAR!AF25+KAJARHARJO!AY25+'KALIBARU KULON'!AF25+'KALIBARU MANIS'!AK25+'KALIBARU WETAN'!AU25+KEBONREJO!AJ25 -> 192
D26: PR | E26: =BANYUANYAR!AF26+KAJARHARJO!AY26+'KALIBARU KULON'!AF26+'KALIBARU MANIS'!AK26+'KALIBARU WETAN'!AU26+KEBONREJO!AJ26 -> 218
D27: JML | E27: =SUM(E25:E26) -> 410
B28: 4. | C28: Jumlah Pengguna Hak Pilih (B.1+B.2+B.3) | D28: LK | E28: =E19+E22+E25 -> 18703
D29: PR | E29: =E20+E23+E26 -> 20822
D30: JML | E30: =SUM(E28:E29) -> 39525
A32: II | B32: DATA PENGGUNAAN SURAT SUARA
A33: 1 | B33: Jumlah surat suara yang diterima, termasuk surat suara cadangan 2,5% dari DPT | E33: =BANYUANYAR!AF33+KAJARHARJO!AY33+'KALIBARU KULON'!AF33+'KALIBARU MANIS'!AK33+'KALIBARU WETAN'!AU33+KEBONREJO!AJ33 -> 52556
A34: 2 | B34: Jumlah surat suara yang digunakan | E34: =BANYUANYAR!AF34+KAJARHARJO!AY34+'KALIBARU KULON'!AF34+'KALIBARU MANIS'!AK34+'KALIBARU WETAN'!AU34+KEBONREJO!AJ34 -> 39525
A35: 3 | B35: Jumlah surat suara dikembalikan oleh pemilih (karena rusak atau keliru coblos) | E35: =BANYUANYAR!AF35+KAJARHARJO!AY35+'KALIBARU KULON'!AF35+'KALIBARU MANIS'!AK35+'KALIBARU WETAN'!AU35+KEBONREJO!AJ35 -> 125
A36: 4 | B36: Jumlah surat suara yang tidak digunakan/tidak terpakai, termasuk sisa surat suara cadangan | E36: =E33-(E34+E35) -> 12906
A38: III | B38: DATA PEMILIH DISABILITAS
B39: Jumlah seluruh Pemilih disabilitas yang menggunakan hak pilih | D39: LK | E39: =BANYUANYAR!AF39+KAJARHARJO!AY39+'KALIBARU KULON'!AF39+'KALIBARU MANIS'!AK39+'KALIBARU WETAN'!AU39+KEBONREJO!AJ39 -> 56
D40: PR | E40: =BANYUANYAR!AF40+KAJARHARJO!AY40+'KALIBARU KULON'!AF40+'KALIBARU MANIS'!AK40+'KALIBARU WETAN'!AU40+KEBONREJO!AJ40 -> 55
D41: JML | E41: =SUM(E39:E40) -> 111
A43: IV | B43: DATA RINCIAN PEROLEHAN SUARA PASANGAN CALON BUPATI DAN WAKIL BUPATI
A44: NOMOR DAN NAMA CALON
A45: A.1 | B45: 1. | C45: Partai Kebangkitan Bangsa | E45: =BANYUANYAR!AF45+KAJARHARJO!AY45+'KALIBARU KULON'!AF45+'KALIBARU MANIS'!AK45+'KALIBARU WETAN'!AU45+KEBONREJO!AJ45 -> 1129
A46: A.2 | B46: 1 | C46: 1. Dr. Hj. NIHAYATUL WAFIROH, M.A. | E46: =BANYUANYAR!AF46+KAJARHARJO!AY46+'KALIBARU KULON'!AF46+'KALIBARU MANIS'!AK46+'KALIBARU WETAN'!AU46+KEBONREJO!AJ46 -> 3062
B47: 2 | C47: 2. H. M. NASIM KHAN | E47: =BANYUANYAR!AF47+KAJARHARJO!AY47+'KALIBARU KULON'!AF47+'KALIBARU MANIS'!AK47+'KALIBARU WETAN'!AU47+KEBONREJO!AJ47 -> 675
B48: 3 | C48: 3. Dr. H. AKIK ZAMAN, M.Pd.I. | E48: =BANYUANYAR!AF48+KAJARHARJO!AY48+'KALIBARU KULON'!AF48+'KALIBARU MANIS'!AK48+'KALIBARU WETAN'!AU48+KEBONREJO!AJ48 -> 431
B49: 4 | C49: 4. AHMAD RIFA'I, S.H. | E49: =BANYUANYAR!AF49+KAJARHARJO!AY49+'KALIBARU KULON'!AF49+'KALIBARU MANIS'!AK49+'KALIBARU WETAN'!AU49+KEBONREJO!AJ49 -> 112
B50: 5 | C50: 5. Drs. H. MAHFUD M.N. | E50: =BANYUANYAR!AF50+KAJARHARJO!AY50+'KALIBARU KULON'!AF50+'KALIBARU MANIS'!AK50+'KALIBARU WETAN'!AU50+KEBONREJO!AJ50 -> 104
B51: 6 | C51: 6. NURHAYATI, S.Pd. | E51: =BANYUANYAR!AF51+KAJARHARJO!AY51+'KALIBARU KULON'!AF51+'KALIBARU MANIS'!AK51+'KALIBARU WETAN'!AU51+KEBONREJO!AJ51 -> 30
B52: 7 | C52: 7. MAFTUHA KISWAH | E52: =BANYUANYAR!AF52+KAJARHARJO!AY52+'KALIBARU KULON'!AF52+'KALIBARU MANIS'!AK52+'KALIBARU WETAN'!AU52+KEBONREJO!AJ52 -> 18
A55: B | B55: JUMLAH SUARA SAH PARTAI POLITIK DAN CALON (A1 + A2) | E55: =SUM(E45:E52) -> 5561
A57: A.1 | B57: 2. | C57: Partai Gerakan Indonesia Raya | E57: =BANYUANYAR!AF57+KAJARHARJO!AY57+'KALIBARU KULON'!AF57+'KALIBARU MANIS'!AK57+'KALIBARU WETAN'!AU57+KEBONREJO!AJ57 -> 1738
A58: A.2 | B58: 1 | C58: 1. SUMAIL ABDULLAH | E58: =BANYUANYAR!AF58+KAJARHARJO!AY58+'KALIBARU KULON'!AF58+'KALIBARU MANIS'!AK58+'KALIBARU WETAN'!AU58+KEBONREJO!AJ58 -> 1819
B59: 2 | C59: 2. MUHAMMAD ALI ADRIAN SALEH | E59: =BANYUANYAR!AF59+KAJARHARJO!AY59+'KALIBARU KULON'!AF59+'KALIBARU MANIS'!AK59+'KALIBARU WETAN'!AU59+KEBONREJO!AJ59 -> 832
B60: 3 | C60: 3. DURROTUN NAFISAH | E60: =BANYUANYAR!AF60+KAJARHARJO!AY60+'KALIBARU KULON'!AF60+'KALIBARU MANIS'!AK60+'KALIBARU WETAN'!AU60+KEBONREJO!AJ60 -> 178
B61: 4 | C61: 4. H. EKO SUSILO NURHIDAYAT | E61: =BANYUANYAR!AF61+KAJARHARJO!AY61+'KALIBARU KULON'!AF61+'KALIBARU MANIS'!AK61+'KALIBARU WETAN'!AU61+KEBONREJO!AJ61 -> 439
B62: 5 | C62: 5. KARNADI HARIJANTO, S.S. | E62: =BANYUANYAR!AF62+KAJARHARJO!AY62+'KALIBARU KULON'!AF62+'KALIBARU MANIS'!AK62+'KALIBARU WETAN'!AU62+KEBONREJO!AJ62 -> 118
B63: 6 | C63: 6. NURHAYATI | E63: =BANYUANYAR!AF63+KAJARHARJO!AY63+'KALIBARU KULON'!AF63+'KALIBARU MANIS'!AK63+'KALIBARU WETAN'!AU63+KEBONREJO!AJ63 -> 85
B64: 7 | C64: 7. MASHUDI | E64: =BANYUANYAR!AF64+KAJARHARJO!AY64+'KALIBARU KULON'!AF64+'KALIBARU MANIS'!AK64+'KALIBARU WETAN'!AU64+KEBONREJO!AJ64 -> 75
A67: B | B67: JUMLAH SUARA SAH PARTAI POLITIK DAN CALON (A1 + A2) | E67: =SUM(E57:E64) -> 5284
A69: A.1 | B69: 3. | C69: Partai Demokrasi Indonesia Perjuangan | E69: =BANYUANYAR!AF69+KAJARHARJO!AY69+'KALIBARU KULON'!AF69+'KALIBARU MANIS'!AK69+'KALIBARU WETAN'!AU69+KEBONREJO!AJ69 -> 904
A70: A.2 | B70: 1 | C70: 1. SONNY TRI DANAPARAMITA, S.H., M.H. | E70: =BANYUANYAR!AF70+KAJARHARJO!AY70+'KALIBARU KULON'!AF70+'KALIBARU MANIS'!AK70+'KALIBARU WETAN'!AU70+KEBONREJO!AJ70 -> 1319
B71: 2 | C71: 2. H. MOHAMAD GUNTUR ROMLI | E71: =BANYUANYAR!AF71+KAJARHARJO!AY71+'KALIBARU KULON'!AF71+'KALIBARU MANIS'!AK71+'KALIBARU WETAN'!AU71+KEBONREJO!AJ71 -> 411
B72: 3 | C72: 3. INA AMMANIA | E72: =BANYUANYAR!AF72+KAJARHARJO!AY72+'KALIBARU KULON'!AF72+'KALIBARU MANIS'!AK72+'KALIBARU WETAN'!AU72+KEBONREJO!AJ72 -> 802
B73: 4 | C73: 4. IRWAN BACHTIAR RACHMAT, M.Si. | E73: =BANYUANYAR!AF73+KAJARHARJO!AY73+'KALIBARU KULON'!AF73+'KALIBARU MANIS'!AK73+'KALIBARU WETAN'!AU73+KEBONREJO!AJ73 -> 117
B74: 5 | C74: 5. LUCKY PERDANA | E74: =BANYUANYAR!AF74+KAJARHARJO!AY74+'KALIBARU KULON'!AF74+'KALIBARU MANIS'!AK74+'KALIBARU WETAN'!AU74+KEBONREJO!AJ74 -> 292
B75: 6 | C75: 6. WIWIK PUJIYATI | E75: =BANYUANYAR!AF75+KAJARHARJO!AY75+'KALIBARU KULON'!AF75+'KALIBARU MANIS'!AK75+'KALIBARU WETAN'!AU75+KEBONREJO!AJ75 -> 67
B76: 7 | C76: 7. CHANDRA ASTAN, S.T. | E76: =BANYUANYAR!AF76+KAJARHARJO!AY76+'KALIBARU KULON'!AF76+'KALIBARU MANIS'!AK76+'KALIBARU WETAN'!AU76+KEBONREJO!AJ76 -> 625
A79: B | B79: JUMLAH SUARA SAH PARTAI POLITIK DAN CALON (A1 + A2) | E79: =SUM(E69:E76) -> 4537
A81: A.1 | B81: 4. | C81: Partai Golongan Karya | E81: =BANYUANYAR!AF81+KAJARHARJO!AY81+'KALIBARU KULON'!AF81+'KALIBARU MANIS'!AK81+'KALIBARU WETAN'!AU81+KEBONREJO!AJ81 -> 843
A82: A.2 | B82: 1 | C82: 1. ZULFIKAR ARSE SADIKIN, S.I.P., M.Si. | E82: =BANYUANYAR!AF82+KAJARHARJO!AY82+'KALIBARU KULON'!AF82+'KALIBARU MANIS'!AK82+'KALIBARU WETAN'!AU82+KEBONREJO!AJ82 -> 2122
B83: 2 | C83: 2. HANDOKO | E83: =BANYUANYAR!AF83+KAJARHARJO!AY83+'KALIBARU KULON'!AF83+'KALIBARU MANIS'!AK83+'KALIBARU WETAN'!AU83+KEBONREJO!AJ83 -> 1546
B84: 3 | C84: 3. Hj. OVI DEWI YANTI | E84: =BANYUANYAR!AF84+KAJARHARJO!AY84+'KALIBARU KULON'!AF84+'KALIBARU MANIS'!AK84+'KALIBARU WETAN'!AU84+KEBONREJO!AJ84 -> 122
B85: 4 | C85: 4. Ir. AZAM AZMAN NATAWIJANA | E85: =BANYUANYAR!AF85+KAJARHARJO!AY85+'KALIBARU KULON'!AF85+'KALIBARU MANIS'!AK85+'KALIBARU WETAN'!AU85+KEBONREJO!AJ85 -> 103
B86: 5 | C86: 5. UBAIDILLAH AMIN, S.Kom. | E86: =BANYUANYAR!AF86+KAJARHARJO!AY86+'KALIBARU KULON'!AF86+'KALIBARU MANIS'!AK86+'KALIBARU WETAN'!AU86+KEBONREJO!AJ86 -> 274
B87: 6 | C87: 6. DENNY YUNIANDARI, S.H., M.Kn. | E87: =BANYUANYAR!AF87+KAJARHARJO!AY87+'KALIBARU KULON'!AF87+'KALIBARU MANIS'!AK87+'KALIBARU WETAN'!AU87+KEBONREJO!AJ87 -> 30
B88: 7 | C88: 7. ERNADI, S.H.I. | E88: =BANYUANYAR!AF88+KAJARHARJO!AY88+'KALIBARU KULON'!AF88+'KALIBARU MANIS'!AK88+'KALIBARU WETAN'!AU88+KEBONREJO!AJ88 -> 13
A91: B | B91: JUMLAH SUARA SAH PARTAI POLITIK DAN CALON (A1 + A2) | E91: =SUM(E81:E88) -> 5053
A93: A.1 | B93: 5. | C93: Partai NasDem | E93: =BANYUANYAR!AF93+KAJARHARJO!AY93+'KALIBARU KULON'!AF93+'KALIBARU MANIS'!AK93+'KALIBARU WETAN'!AU93+KEBONREJO!AJ93 -> 514
A94: A.2 | B94: 1 | C94: 1. ACH. FADIL MUZAKKI SYAH | E94: =BANYUANYAR!AF94+KAJARHARJO!AY94+'KALIBARU KULON'!AF94+'KALIBARU MANIS'!AK94+'KALIBARU WETAN'!AU94+KEBONREJO!AJ94 -> 591
B95: 2 | C95: 2. BENY | E95: =BANYUANYAR!AF95+KAJARHARJO!AY95+'KALIBARU KULON'!AF95+'KALIBARU MANIS'!AK95+'KALIBARU WETAN'!AU95+KEBONREJO!AJ95 -> 488
B96: 3 | C96: 3. VINA VERONIKA | E96: =BANYUANYAR!AF96+KAJARHARJO!AY96+'KALIBARU KULON'!AF96+'KALIBARU MANIS'!AK96+'KALIBARU WETAN'!AU96+KEBONREJO!AJ96 -> 68
B97: 4 | C97: 4. TEDDY ANUGRIANTO | E97: =BANYUANYAR!AF97+KAJARHARJO!AY97+'KALIBARU KULON'!AF97+'KALIBARU MANIS'!AK97+'KALIBARU WETAN'!AU97+KEBONREJO!AJ97 -> 155
B98: 5 | C98: 5. INSAN KAMIL | E98: =BANYUANYAR!AF98+KAJARHARJO!AY98+'KALIBARU KULON'!AF98+'KALIBARU MANIS'!AK98+'KALIBARU WETAN'!AU98+KEBONREJO!AJ98 -> 177
B99: 6 | C99: 6. LILIK LINDARWATI | E99: =BANYUANYAR!AF99+KAJARHARJO!AY99+'KALIBARU KULON'!AF99+'KALIBARU MANIS'!AK99+'KALIBARU WETAN'!AU99+KEBONREJO!AJ99 -> 34
B100: 7 | C100: 7. YULI ANITA | E100: =BANYUANYAR!AF100+KAJARHARJO!AY100+'KALIBARU KULON'!AF100+'KALIBARU MANIS'!AK100+'KALIBARU WETAN'!AU100+KEBONREJO!AJ100 -> 30
A103: B | B103: JUMLAH SUARA SAH PARTAI POLITIK DAN CALON (A1 + A2) | E103: =SUM(E93:E100) -> 2057
A105: A.1 | B105: 6. | C105: Partai Buruh | E105: =BANYUANYAR!AF105+KAJARHARJO!AY105+'KALIBARU KULON'!AF105+'KALIBARU MANIS'!AK105+'KALIBARU WETAN'!AU105+KEBONREJO!AJ105 -> 39
A106: A.2 | B106: 1 | C106: 1. KHOIRUL ANAM | E106: =BANYUANYAR!AF106+KAJARHARJO!AY106+'KALIBARU KULON'!AF106+'KALIBARU MANIS'!AK106+'KALIBARU WETAN'!AU106+KEBONREJO!AJ106 -> 51
B107: 2 | C107: 2. INA KURNIA | E107: =BANYUANYAR!AF107+KAJARHARJO!AY107+'KALIBARU KULON'!AF107+'KALIBARU MANIS'!AK107+'KALIBARU WETAN'!AU107+KEBONREJO!AJ107 -> 23
B108: 3 | C108: 3. JIBRAL TAROUK | E108: =BANYUANYAR!AF108+KAJARHARJO!AY108+'KALIBARU KULON'!AF108+'KALIBARU MANIS'!AK108+'KALIBARU WETAN'!AU108+KEBONREJO!AJ108 -> 6
B109: 4 | C109: 4. ASTUTI DAENG PUJI | E109: =BANYUANYAR!AF109+KAJARHARJO!AY109+'KALIBARU KULON'!AF109+'KALIBARU MANIS'!AK109+'KALIBARU WETAN'!AU109+KEBONREJO!AJ109 -> 11
B110: 5 | C110: 5. ASDARMAWAN | E110: =BANYUANYAR!AF110+KAJARHARJO!AY110+'KALIBARU KULON'!AF110+'KALIBARU MANIS'!AK110+'KALIBARU WETAN'!AU110+KEBONREJO!AJ110 -> 5
B111: 6 | C111: 6. RIFQI MUBAROK | E111: =BANYUANYAR!AF111+KAJARHARJO!AY111+'KALIBARU KULON'!AF111+'KALIBARU MANIS'!AK111+'KALIBARU WETAN'!AU111+KEBONREJO!AJ111 -> 10
B112: 7 | C112: 7. FIRNANDA ALTA MEGA | E112: =BANYUANYAR!AF112+KAJARHARJO!AY112+'KALIBARU KULON'!AF112+'KALIBARU MANIS'!AK112+'KALIBARU WETAN'!AU112+KEBONREJO!AJ112 -> 3
A115: B | B115: JUMLAH SUARA SAH PARTAI POLITIK DAN CALON (A1 + A2) | E115: =SUM(E105:E112) -> 148
A117: A.1 | B117: 7. | C117: Partai Gelombang Rakyat Indonesia | E117: =BANYUANYAR!AF117+KAJARHARJO!AY117+'KALIBARU KULON'!AF117+'KALIBARU MANIS'!AK117+'KALIBARU WETAN'!AU117+KEBONREJO!AJ117 -> 95
A118: A.2 | B118: 1 | C118: 1. TITI WIDORETNO WARISMAN | E118: =BANYUANYAR!AF118+KAJARHARJO!AY118+'KALIBARU KULON'!AF118+'KALIBARU MANIS'!AK118+'KALIBARU WETAN'!AU118+KEBONREJO!AJ118 -> 44
B119: 2 | C119: 2. MAMIEK SETYANINGSIH | E119: =BANYUANYAR!AF119+KAJARHARJO!AY119+'KALIBARU KULON'!AF119+'KALIBARU MANIS'!AK119+'KALIBARU WETAN'!AU119+KEBONREJO!AJ119 -> 20
B120: 3 | C120: 3. ROMIL AZIZEN | E120: =BANYUANYAR!AF120+KAJARHARJO!AY120+'KALIBARU KULON'!AF120+'KALIBARU MANIS'!AK120+'KALIBARU WETAN'!AU120+KEBONREJO!AJ120 -> 19
A127: B | B127: JUMLAH SUARA SAH PARTAI POLITIK DAN CALON (A1 + A2) | E127: =SUM(E117:E120) -> 178
A129: A.1 | B129: 8. | C129: Partai Keadilan Sejahtera | E129: =BANYUANYAR!AF129+KAJARHARJO!AY129+'KALIBARU KULON'!AF129+'KALIBARU MANIS'!AK129+'KALIBARU WETAN'!AU129+KEBONREJO!AJ129 -> 278
A130: A.2 | B130: 1 | C130: 1. H. SAIMI SALEH, S.E., M.M. | E130: =BANYUANYAR!AF130+KAJARHARJO!AY130+'KALIBARU KULON'!AF130+'KALIBARU MANIS'!AK130+'KALIBARU WETAN'!AU130+KEBONREJO!AJ130 -> 411
B131: 2 | C131: 2. Prof. Dr. H. EGGI SUDJANA, S.H., M.Si. | E131: =BANYUANYAR!AF131+KAJARHARJO!AY131+'KALIBARU KULON'!AF131+'KALIBARU MANIS'!AK131+'KALIBARU WETAN'!AU131+KEBONREJO!AJ131 -> 80
B132: 3 | C132: 3. NURUL KHOTIMAH | E132: =BANYUANYAR!AF132+KAJARHARJO!AY132+'KALIBARU KULON'!AF132+'KALIBARU MANIS'!AK132+'KALIBARU WETAN'!AU132+KEBONREJO!AJ132 -> 45
B133: 4 | C133: 4. AKHMAD SUYANTO, S.T., M.T. | E133: =BANYUANYAR!AF133+KAJARHARJO!AY133+'KALIBARU KULON'!AF133+'KALIBARU MANIS'!AK133+'KALIBARU WETAN'!AU133+KEBONREJO!AJ133 -> 17
B134: 5 | C134: 5. PUJIYATNI | E134: =BANYUANYAR!AF134+KAJARHARJO!AY134+'KALIBARU KULON'!AF134+'KALIBARU MANIS'!AK134+'KALIBARU WETAN'!AU134+KEBONREJO!AJ134 -> 26
B135: 6 | C135: 6. HENI PURWATININGSIH | E135: =BANYUANYAR!AF135+KAJARHARJO!AY135+'KALIBARU KULON'!AF135+'KALIBARU MANIS'!AK135+'KALIBARU WETAN'!AU135+KEBONREJO!AJ135 -> 23
B136: 7 | C136: 7. MUHADI | E136: =BANYUANYAR!AF136+KAJARHARJO!AY136+'KALIBARU KULON'!AF136+'KALIBARU MANIS'!AK136+'KALIBARU WETAN'!AU136+KEBONREJO!AJ136 -> 4
A139: B | B139: JUMLAH SUARA SAH PARTAI POLITIK DAN CALON (A1 + A2) | E139: =SUM(E129:E136) -> 884
...

Sheet BANYUANYAR
C2: Kecamatan | D2: KALIBARU
C3: Kabupaten | D3: BANYUWANGI
C4: Provinsi | D4: JAWA TIMUR
C9: Kelurahan | D9: BANYUANYAR
A12: I | B12: DATA PEMILIH DAN PENGGUNAAN HAK PILIH | AF12: JUMLAH AKHIR
A13: A | B13: DATA PEMILIH | E13: TPS 001 | F13: TPS 002 | G13: TPS 003 | H13: TPS 004 | I13: TPS 005 | J13: TPS 006 | K13: TPS 007 | L13: TPS 008 | M13: TPS 009 | N13: TPS 010 | O13: TPS 011 | P13: TPS 012 | Q13: TPS 013 | R13: TPS 014 | S13: TPS 015 | T13: TPS 016 | U13: TPS 017 | V13: TPS 018 | W13: TPS 019 | X13: TPS 020 | Y13: TPS 021 | Z13: TPS 022 | AA13: TPS 023 | AB13: TPS 024 | AC13: TPS 025 | AD13: TPS 026 | AE13: TPS 027
B14: Jumlah Pemilih dalam Daftar Pemilih Tetap (DPT) | D14: LK | E14: 132 | F14: 144 | G14: 127 | H14: 133 | I14: 128 | J14: 153 | K14: 138 | L14: 139 | M14: 144 | N14: 151 | O14: 120 | P14: 109 | Q14: 156 | R14: 137 | S14: 148 | T14: 139 | U14: 108 | V14: 59 | W14: 148 | X14: 85 | Y14: 68 | Z14: 124 | AA14: 90 | AB14: 116 | AC14: 137 | AD14: 100 | AE14: 93 | AF14: =SUM(E14:AE14) -> 3326
D15: PR | E15: 159 | F15: 140 | G15: 142 | H15: 148 | I15: 125 | J15: 145 | K15: 136 | L15: 130 | M15: 133 | N15: 139 | O15: 137 | P15: 114 | Q15: 122 | R15: 154 | S15: 134 | T15: 145 | U15: 101 | V15: 59 | W15: 136 | X15: 90 | Y15: 68 | Z15: 112 | AA15: 92 | AB15: 110 | AC15: 126 | AD15: 91 | AE15: 85 | AF15: =SUM(E15:AE15) -> 3273
D16: JML | E16: =SUM(E14:E15) -> 291 | F16: =SUM(F14:F15) -> 284 | G16: =SUM(G14:G15) -> 269 | H16: =SUM(H14:H15) -> 281 | I16: =SUM(I14:I15) -> 253 | J16: =SUM(J14:J15) -> 298 | K16: =SUM(K14:K15) -> 274 | L16: =SUM(L14:L15) -> 269 | ... AE16: =SUM(AE14:AE15) -> 178 | AF16: =SUM(E16:AE16) -> 6599
A18: B | B18: PENGGUNA HAK PILIH
B19: 1. | C19: Jumlah pengguna hak pilih dalam Daftar Pemilih Tetap (DPT) | D19: LK | E19: 114 | F19: 116 | G19: 106 | H19: 104 | I19: 85 | J19: 113 | K19: 107 | L19: 110 | M19: 106 | N19: 115 | O19: 91 | P19: 95 | Q19: 124 | R19: 115 | S19: 115 | T19: 107 | U19: 80 | V19: 43 | W19: 105 | X19: 60 | Y19: 54 | Z19: 88 | AA19: 66 | AB19: 93 | AC19: 101 | AD19: 77 | AE19: 65 | AF19: =SUM(E19:AE19) -> 2555
D20: PR | E20: 125 | F20: 117 | G20: 118 | H20: 116 | I20: 97 | J20: 117 | K20: 116 | L20: 112 | M20: 106 | N20: 118 | O20: 111 | P20: 107 | Q20: 108 | R20: 128 | S20: 112 | T20: 121 | U20: 87 | V20: 51 | W20: 105 | X20: 70 | Y20: 55 | Z20: 94 | AA20: 77 | AB20: 92 | AC20: 98 | AD20: 89 | AE20: 72 | AF20: =SUM(E20:AE20) -> 2719
D21: JML | E21: =SUM(E19:E20) -> 239 | F21: =SUM(F19:F20) -> 233 | G21: =SUM(G19:G20) -> 224 | H21: =SUM(H19:H20) -> 220 | I21: =SUM(I19:I20) -> 182 | J21: =SUM(J19:J20) -> 230 | K21: =SUM(K19:K20) -> 223 | L21: =SUM(L19:L20) -> 222 | ... AE21: =SUM(AE19:AE20) -> 137 | AF21: =SUM(E21:AE21) -> 5274
B22: 2. | C22: Jumlah pengguna hak pilih dalam Daftar Pemilih Tambahan (DPTb) | D22: LK | E22: 0 | F22: 0 | G22: 0 | H22: 0 | I22: 0 | J22: 0 | K22: 1 | L22: 0 | M22: 0 | N22: 1 | O22: 0 | P22: 0 | Q22: 0 | R22: 1 | S22: 0 | T22: 0 | U22: 0 | V22: 1 | W22: 1 | X22: 2 | Y22: 1 | Z22: 1 | AA22: 1 | AB22: 0 | AC22: 1 | AD22: 1 | AE22: 0 | AF22: =SUM(E22:AE22) -> 12
D23: PR | E23: 1 | F23: 2 | G23: 1 | H23: 1 | I23: 1 | J23: 1 | K23: 0 | L23: 1 | M23: 1 | N23: 0 | O23: 1 | P23: 1 | Q23: 1 | R23: 0 | S23: 1 | T23: 1 | U23: 1 | V23: 0 | W23: 0 | X23: 1 | Y23: 0 | Z23: 0 | AA23: 0 | AB23: 1 | AC23: 0 | AD23: 0 | AE23: 2 | AF23: =SUM(E23:AE23) -> 19
D24: JML | E24: =SUM(E22:E23) -> 1 | F24: =SUM(F22:F23) -> 2 | G24: =SUM(G22:G23) -> 1 | H24: =SUM(H22:H23) -> 1 | I24: =SUM(I22:I23) -> 1 | J24: =SUM(J22:J23) -> 1 | K24: =SUM(K22:K23) -> 1 | L24: =SUM(L22:L23) -> 1 | ... AE24: =SUM(AE22:AE23) -> 2 | AF24: =SUM(E24:AE24) -> 31
B25: 3. | C25: Jumlah pengguna hak pilih dalam Daftar Pemilih Khusus (DPK) | D25: LK | E25: 3 | F25: 0 | G25: 1 | H25: 0 | I25: 0 | J25: 0 | K25: 0 | L25: 0 | M25: 0 | N25: 1 | O25: 0 | P25: 0 | Q25: 0 | R25: 0 | S25: 0 | T25: 1 | U25: 0 | V25: 0 | W25: 0 | X25: 0 | Y25: 0 | Z25: 0 | AA25: 2 | AB25: 0 | AC25: 0 | AD25: 1 | AE25: 1 | AF25: =SUM(E25:AE25) -> 10
D26: PR | E26: 0 | F26: 0 | G26: 2 | H26: 0 | I26: 0 | J26: 2 | K26: 1 | L26: 0 | M26: 0 | N26: 1 | O26: 0 | P26: 0 | Q26: 0 | R26: 1 | S26: 1 | T26: 1 | U26: 0 | V26: 1 | W26: 0 | X26: 0 | Y26: 0 | Z26: 0 | AA26: 1 | AB26: 0 | AC26: 0 | AD26: 0 | AE26: 3 | AF26: =SUM(E26:AE26) -> 14
D27: JML | E27: =SUM(E25:E26) -> 3 | F27: =SUM(F25:F26) -> 0 | G27: =SUM(G25:G26) -> 3 | H27: =SUM(H25:H26) -> 0 | I27: =SUM(I25:I26) -> 0 | J27: =SUM(J25:J26) -> 2 | K27: =SUM(K25:K26) -> 1 | L27: =SUM(L25:L26) -> 0 | ... AE27: =SUM(AE25:AE26) -> 4 | AF27: =SUM(E27:AE27) -> 24
B28: 4. | C28: Jumlah Pengguna Hak Pilih (B.1+B.2+B.3) | D28: LK | E28: =SUM(E19,E22,E25) -> 117 | F28: =SUM(F19,F22,F25) -> 116 | G28: =SUM(G19,G22,G25) -> 107 | H28: =SUM(H19,H22,H25) -> 104 | I28: =SUM(I19,I22,I25) -> 85 | J28: =SUM(J19,J22,J25) -> 113 | K28: =SUM(K19,K22,K25) -> 108 | L28: =SUM(L19,L22,L25) -> 110 | ... AE28: =SUM(AE19,AE22,AE25) -> 66 | AF28: =SUM(E28:AE28) -> 2577
D29: PR | E29: =SUM(E20,E23,E26) -> 126 | F29: =SUM(F20,F23,F26) -> 119 | G29: =SUM(G20,G23,G26) -> 121 | H29: =SUM(H20,H23,H26) -> 117 | I29: =SUM(I20,I23,I26) -> 98 | J29: =SUM(J20,J23,J26) -> 120 | K29: =SUM(K20,K23,K26) -> 117 | L29: =SUM(L20,L23,L26) -> 113 | ... AE29: =SUM(AE20,AE23,AE26) -> 77 | AF29: =SUM(E29:AE29) -> 2752
D30: JML | E30: =SUM(E28:E29) -> 243 | F30: =SUM(F28:F29) -> 235 | G30: =SUM(G28:G29) -> 228 | H30: =SUM(H28:H29) -> 221 | I30: =SUM(I28:I29) -> 183 | J30: =SUM(J28:J29) -> 233 | K30: =SUM(K28:K29) -> 225 | L30: =SUM(L28:L29) -> 223 | ... AE30: =SUM(AE28:AE29) -> 143 | AF30: =SUM(E30:AE30) -> 5329
A32: II | B32: DATA PENGGUNAAN SURAT SUARA
A33: 1 | B33: Jumlah surat suara yang diterima, termasuk surat suara cadangan 2,5% dari DPT | E33: 304 | F33: 290 | G33: 271 | H33: 287 | I33: 260 | J33: 315 | K33: 290 | L33: 275 | M33: 282 | N33: 296 | O33: 263 | P33: 228 | Q33: 284 | R33: 298 | S33: 288 | T33: 292 | U33: 214 | V33: 121 | W33: 290 | X33: 179 | Y33: 139 | Z33: 241 | AA33: 186 | AB33: 229 | AC33: 269 | AD33: 195 | AE33: 182 | AF33: =SUM(E33:AE33) -> 6768
A34: 2 | B34: Jumlah surat suara yang digunakan | E34: 243 | F34: 235 | G34: 228 | H34: 221 | I34: 183 | J34: 233 | K34: 225 | L34: 223 | M34: 213 | N34: 236 | O34: 203 | P34: 203 | Q34: 233 | R34: 245 | S34: 229 | T34: 231 | U34: 168 | V34: 96 | W34: 211 | X34: 133 | Y34: 110 | Z34: 183 | AA34: 147 | AB34: 186 | AC34: 200 | AD34: 168 | AE34: 143 | AF34: =SUM(E34:AE34) -> 5329
A35: 3 | B35: Jumlah surat suara dikembalikan oleh pemilih (karena rusak atau keliru coblos) | E35: 1 | F35: 0 | G35: 0 | H35: 0 | I35: 0 | J35: 0 | K35: 0 | L35: 0 | M35: 0 | N35: 0 | O35: 0 | P35: 0 | Q35: 1 | R35: 1 | S35: 2 | T35: 2 | U35: 0 | V35: 0 | W35: 1 | X35: 0 | Y35: 0 | Z35: 0 | AA35: 0 | AB35: 0 | AC35: 0 | AD35: 1 | AE35: 1 | AF35: =SUM(E35:AE35) -> 10
A36: 4 | B36: Jumlah surat suara yang tidak digunakan/tidak terpakai, termasuk sisa surat suara cadangan | E36: =E33-(E34+E35) -> 60 | F36: =F33-(F34+F35) -> 55 | G36: =G33-(G34+G35) -> 43 | H36: =H33-(H34+H35) -> 66 | I36: =I33-(I34+I35) -> 77 | J36: =J33-(J34+J35) -> 82 | K36: =K33-(K34+K35) -> 65 | L36: =L33-(L34+L35) -> 52 | ... AE36: =AE33-(AE34+AE35) -> 38 | AF36: =SUM(E36:AE36) -> 1429
A38: III | B38: DATA PEMILIH DISABILITAS
B39: Jumlah seluruh Pemilih disabilitas yang menggunakan hak pilih | D39: LK | E39: 0 | F39: 0 | G39: 1 | H39: 0 | I39: 0 | J39: 0 | K39: 0 | L39: 0 | M39: 0 | N39: 0 | O39: 1 | P39: 0 | Q39: 0 | R39: 0 | S39: 1 | T39: 0 | U39: 0 | V39: 0 | W39: 1 | X39: 0 | Y39: 0 | Z39: 1 | AA39: 0 | AB39: 0 | AC39: 1 | AD39: 0 | AE39: 0 | AF39: =SUM(E39:AE39) -> 6
D40: PR | E40: 1 | F40: 0 | G40: 0 | H40: 0 | I40: 0 | J40: 0 | K40: 0 | L40: 0 | M40: 0 | N40: 0 | O40: 0 | P40: 0 | Q40: 0 | R40: 0 | S40: 0 | T40: 0 | U40: 0 | V40: 0 | W40: 0 | X40: 0 | Y40: 0 | Z40: 0 | AA40: 0 | AB40: 0 | AC40: 0 | AD40: 0 | AE40: 0 | AF40: =SUM(E40:AE40) -> 1
D41: JML | E41: =SUM(E39:E40) -> 1 | F41: =SUM(F39:F40) -> 0 | G41: =SUM(G39:G40) -> 1 | H41: =SUM(H39:H40) -> 0 | I41: =SUM(I39:I40) -> 0 | J41: =SUM(J39:J40) -> 0 | K41: =SUM(K39:K40) -> 0 | L41: =SUM(L39:L40) -> 0 | ... AE41: =SUM(AE39:AE40) -> 0 | AF41: =SUM(E41:AE41) -> 7
A43: IV | B43: DATA RINCIAN PEROLEHAN SUARA PASANGAN CALON BUPATI DAN WAKIL BUPATI
A44: NOMOR DAN NAMA CALON
A45: A.1 | B45: 1. | C45: Partai Kebangkitan Bangsa | E45: 9 | F45: 8 | G45: 17 | H45: 8 | I45: 5 | J45: 14 | K45: 15 | L45: 5 | M45: 3 | N45: 5 | O45: 13 | P45: 2 | Q45: 12 | R45: 8 | S45: 14 | T45: 5 | U45: 5 | V45: 0 | W45: 6 | X45: 2 | Y45: 1 | Z45: 0 | AA45: 1 | AB45: 0 | AC45: 1 | AD45: 8 | AE45: 4 | AF45: =SUM(E45:AE45) -> 171
A46: A.2 | B46: 1 | C46: 1. Dr. Hj. NIHAYATUL WAFIROH, M.A. | E46: 8 | F46: 15 | G46: 19 | H46: 22 | I46: 11 | J46: 80 | K46: 22 | L46: 33 | M46: 10 | N46: 24 | O46: 24 | P46: 3 | Q46: 40 | R46: 50 | S46: 54 | T46: 18 | U46: 14 | V46: 5 | W46: 4 | X46: 4 | Y46: 3 | Z46: 9 | AA46: 5 | AB46: 4 | AC46: 3 | AD46: 16 | AE46: 9 | AF46: =SUM(E46:AE46) -> 509
B47: 2 | C47: 2. H. M. NASIM KHAN | E47: 3 | F47: 5 | G47: 8 | H47: 2 | I47: 6 | J47: 6 | K47: 4 | L47: 4 | M47: 3 | N47: 2 | O47: 2 | P47: 0 | Q47: 3 | R47: 0 | S47: 0 | T47: 1 | U47: 3 | V47: 0 | W47: 0 | X47: 0 | Y47: 1 | Z47: 1 | AA47: 0 | AB47: 0 | AC47: 0 | AD47: 0 | AE47: 0 | AF47: =SUM(E47:AE47) -> 54
B48: 3 | C48: 3. Dr. H. AKIK ZAMAN, M.Pd.I. | E48: 1 | F48: 0 | G48: 3 | H48: 3 | I48: 2 | J48: 2 | K48: 3 | L48: 0 | M48: 2 | N48: 4 | O48: 0 | P48: 0 | Q48: 6 | R48: 5 | S48: 28 | T48: 33 | U48: 59 | V48: 11 | W48: 10 | X48: 0 | Y48: 0 | Z48: 0 | AA48: 1 | AB48: 0 | AC48: 0 | AD48: 0 | AE48: 0 | AF48: =SUM(E48:AE48) -> 173
B49: 4 | C49: 4. AHMAD RIFA'I, S.H. | E49: 2 | F49: 0 | G49: 1 | H49: 0 | I49: 0 | J49: 0 | K49: 2 | L49: 0 | M49: 0 | N49: 0 | O49: 0 | P49: 1 | Q49: 0 | R49: 0 | S49: 1 | T49: 1 | U49: 0 | V49: 0 | W49: 0 | X49: 1 | Y49: 0 | Z49: 0 | AA49: 0 | AB49: 0 | AC49: 1 | AD49: 0 | AE49: 0 | AF49: =SUM(E49:AE49) -> 10
B50: 5 | C50: 5. Drs. H. MAHFUD M.N. | E50: 0 | F50: 0 | G50: 0 | H50: 1 | I50: 0 | J50: 0 | K50: 2 | L50: 0 | M50: 1 | N50: 2 | O50: 0 | P50: 0 | Q50: 0 | R50: 1 | S50: 0 | T50: 1 | U50: 0 | V50: 0 | W50: 0 | X50: 0 | Y50: 0 | Z50: 0 | AA50: 2 | AB50: 0 | AC50: 0 | AD50: 1 | AE50: 3 | AF50: =SUM(E50:AE50) -> 14
B51: 6 | C51: 6. NURHAYATI, S.Pd. | E51: 1 | F51: 0 | G51: 0 | H51: 0 | I51: 1 | J51: 0 | K51: 0 | L51: 0 | M51: 0 | N51: 0 | O51: 0 | P51: 0 | Q51: 0 | R51: 0 | S51: 0 | T51: 0 | U51: 0 | V51: 0 | W51: 0 | X51: 0 | Y51: 0 | Z51: 0 | AA51: 0 | AB51: 0 | AC51: 0 | AD51: 0 | AE51: 0 | AF51: =SUM(E51:AE51) -> 2
B52: 7 | C52: 7. MAFTUHA KISWAH | E52: 0 | F52: 0 | G52: 0 | H52: 0 | I52: 0 | J52: 0 | K52: 0 | L52: 1 | M52: 0 | N52: 1 | O52: 0 | P52: 0 | Q52: 0 | R52: 0 | S52: 0 | T52: 0 | U52: 0 | V52: 0 | W52: 0 | X52: 0 | Y52: 0 | Z52: 0 | AA52: 0 | AB52: 0 | AC52: 0 | AD52: 0 | AE52: 0 | AF52: =SUM(E52:AE52) -> 2
AF53: =SUM(E53:AE53) -> 0
AF54: =SUM(E54:AE54) -> 0
A55: B | B55: JUMLAH SUARA SAH PARTAI POLITIK DAN CALON (A1 + A2) | E55: =SUM(E45:E52) -> 24 | F55: =SUM(F45:F52) -> 28 | G55: =SUM(G45:G52) -> 48 | H55: =SUM(H45:H52) -> 36 | I55: =SUM(I45:I52) -> 25 | J55: =SUM(J45:J52) -> 102 | K55: =SUM(K45:K52) -> 48 | L55: =SUM(L45:L52) -> 43 | ... AE55: =SUM(AE45:AE52) -> 16 | AF55: =SUM(E55:AE55) -> 935
A57: A.1 | B57: 2. | C57: Partai Gerakan Indonesia Raya | E57: 10 | F57: 2 | G57: 2 | H57: 7 | I57: 5 | J57: 7 | K57: 9 | L57: 6 | M57: 9 | N57: 16 | O57: 3 | P57: 1 | Q57: 2 | R57: 5 | S57: 2 | T57: 10 | U57: 3 | V57: 2 | W57: 5 | X57: 2 | Y57: 8 | Z57: 3 | AA57: 7 | AB57: 3 | AC57: 5 | AD57: 2 | AE57: 2 | AF57: =SUM(E57:AE57) -> 138
A58: A.2 | B58: 1 | C58: 1. SUMAIL ABDULLAH | E58: 4 | F58: 6 | G58: 13 | H58: 5 | I58: 3 | J58: 2 | K58: 3 | L58: 7 | M58: 10 | N58: 7 | O58: 18 | P58: 3 | Q58: 3 | R58: 14 | S58: 3 | T58: 4 | U58: 4 | V58: 2 | W58: 3 | X58: 3 | Y58: 1 | Z58: 4 | AA58: 3 | AB58: 5 | AC58: 7 | AD58: 7 | AE58: 8 | AF58: =SUM(E58:AE58) -> 152
B59: 2 | C59: 2. MUHAMMAD ALI ADRIAN SALEH | E59: 4 | F59: 2 | G59: 0 | H59: 3 | I59: 0 | J59: 2 | K59: 1 | L59: 4 | M59: 3 | N59: 2 | O59: 4 | P59: 0 | Q59: 2 | R59: 1 | S59: 2 | T59: 5 | U59: 1 | V59: 0 | W59: 4 | X59: 2 | Y59: 1 | Z59: 2 | AA59: 1 | AB59: 1 | AC59: 1 | AD59: 2 | AE59: 1 | AF59: =SUM(E59:AE59) -> 51
B60: 3 | C60: 3. DURROTUN NAFISAH | E60: 0 | F60: 1 | G60: 0 | H60: 3 | I60: 0 | J60: 1 | K60: 0 | L60: 2 | M60: 1 | N60: 1 | O60: 1 | P60: 0 | Q60: 0 | R60: 0 | S60: 0 | T60: 1 | U60: 0 | V60: 0 | W60: 0 | X60: 1 | Y60: 0 | Z60: 1 | AA60: 1 | AB60: 1 | AC60: 2 | AD60: 0 | AE60: 2 | AF60: =SUM(E60:AE60) -> 19
B61: 4 | C61: 4. H. EKO SUSILO NURHIDAYAT | E61: 1 | F61: 1 | G61: 3 | H61: 2 | I61: 1 | J61: 0 | K61: 2 | L61: 2 | M61: 2 | N61: 11 | O61: 1 | P61: 1 | Q61: 1 | R61: 0 | S61: 0 | T61: 2 | U61: 2 | V61: 1 | W61: 0 | X61: 0 | Y61: 0 | Z61: 0 | AA61: 0 | AB61: 2 | AC61: 1 | AD61: 0 | AE61: 1 | AF61: =SUM(E61:AE61) -> 37
B62: 5 | C62: 5. KARNADI HARIJANTO, S.S. | E62: 0 | F62: 1 | G62: 0 | H62: 0 | I62: 0 | J62: 0 | K62: 0 | L62: 2 | M62: 2 | N62: 0 | O62: 0 | P62: 2 | Q62: 0 | R62: 1 | S62: 0 | T62: 0 | U62: 1 | V62: 0 | W62: 2 | X62: 0 | Y62: 1 | Z62: 0 | AA62: 0 | AB62: 0 | AC62: 0 | AD62: 0 | AE62: 0 | AF62: =SUM(E62:AE62) -> 12
B63: 6 | C63: 6. NURHAYATI | E63: 0 | F63: 0 | G63: 1 | H63: 1 | I63: 0 | J63: 0 | K63: 0 | L63: 2 | M63: 2 | N63: 0 | O63: 0 | P63: 0 | Q63: 0 | R63: 0 | S63: 0 | T63: 0 | U63: 0 | V63: 0 | W63: 0 | X63: 0 | Y63: 0 | Z63: 0 | AA63: 0 | AB63: 0 | AC63: 1 | AD63: 0 | AE63: 0 | AF63: =SUM(E63:AE63) -> 7
B64: 7 | C64: 7. MASHUDI | E64: 0 | F64: 0 | G64: 0 | H64: 2 | I64: 0 | J64: 1 | K64: 0 | L64: 4 | M64: 0 | N64: 1 | O64: 0 | P64: 0 | Q64: 0 | R64: 0 | S64: 0 | T64: 2 | U64: 6 | V64: 0 | W64: 1 | X64: 1 | Y64: 0 | Z64: 0 | AA64: 1 | AB64: 0 | AC64: 0 | AD64: 0 | AE64: 1 | AF64: =SUM(E64:AE64) -> 20
AF65: =SUM(E65:AE65) -> 0
AF66: =SUM(E66:AE66) -> 0
A67: B | B67: JUMLAH SUARA SAH PARTAI POLITIK DAN CALON (A1 + A2) | E67: =SUM(E57:E64) -> 19 | F67: =SUM(F57:F64) -> 13 | G67: =SUM(G57:G64) -> 19 | H67: =SUM(H57:H64) -> 23 | I67: =SUM(I57:I64) -> 9 | J67: =SUM(J57:J64) -> 13 | K67: =SUM(K57:K64) -> 15 | L67: =SUM(L57:L64) -> 29 | ... AE67: =SUM(AE57:AE64) -> 15 | AF67: =SUM(E67:AE67) -> 436
A69: A.1 | B69: 3. | C69: Partai Demokrasi Indonesia Perjuangan | E69: 14 | F69: 8 | G69: 1 | H69: 4 | I69: 8 | J69: 5 | K69: 4 | L69: 0 | M69: 5 | N69: 9 | O69: 3 | P69: 1 | Q69: 1 | R69: 3 | S69: 1 | T69: 1 | U69: 3 | V69: 3 | W69: 4 | X69: 1 | Y69: 0 | Z69: 1 | AA69: 0 | AB69: 1 | AC69: 6 | AD69: 6 | AE69: 4 | AF69: =SUM(E69:AE69) -> 97
A70: A.2 | B70: 1 | C70: 1. SONNY TRI DANAPARAMITA, S.H., M.H. | E70: 11 | F70: 26 | G70: 10 | H70: 12 | I70: 4 | J70: 3 | K70: 5 | L70: 2 | M70: 9 | N70: 11 | O70: 4 | P70: 2 | Q70: 3 | R70: 3 | S70: 1 | T70: 5 | U70: 2 | V70: 0 | W70: 6 | X70: 5 | Y70: 1 | Z70: 3 | AA70: 3 | AB70: 0 | AC70: 3 | AD70: 2 | AE70: 6 | AF70: =SUM(E70:AE70) -> 142
B71: 2 | C71: 2. H. MOHAMAD GUNTUR ROMLI | E71: 3 | F71: 3 | G71: 1 | H71: 1 | I71: 2 | J71: 2 | K71: 16 | L71: 1 | M71: 3 | N71: 2 | O71: 1 | P71: 1 | Q71: 2 | R71: 2 | S71: 3 | T71: 2 | U71: 1 | V71: 0 | W71: 0 | X71: 0 | Y71: 0 | Z71: 1 | AA71: 2 | AB71: 0 | AC71: 1 | AD71: 1 | AE71: 0 | AF71: =SUM(E71:AE71) -> 51
B72: 3 | C72: 3. INA AMMANIA | E72: 6 | F72: 4 | G72: 0 | H72: 2 | I72: 2 | J72: 0 | K72: 3 | L72: 2 | M72: 2 | N72: 1 | O72: 3 | P72: 0 | Q72: 3 | R72: 1 | S72: 1 | T72: 3 | U72: 1 | V72: 2 | W72: 0 | X72: 1 | Y72: 0 | Z72: 3 | AA72: 0 | AB72: 3 | AC72: 0 | AD72: 44 | AE72: 32 | AF72: =SUM(E72:AE72) -> 119
B73: 4 | C73: 4. IRWAN BACHTIAR RACHMAT, M.Si. | E73: 1 | F73: 1 | G73: 0 | H73: 0 | I73: 1 | J73: 2 | K73: 1 | L73: 0 | M73: 0 | N73: 0 | O73: 1 | P73: 0 | Q73: 0 | R73: 1 | S73: 0 | T73: 0 | U73: 1 | V73: 0 | W73: 1 | X73: 0 | Y73: 0 | Z73: 0 | AA73: 0 | AB73: 1 | AC73: 0 | AD73: 0 | AE73: 0 | AF73: =SUM(E73:AE73) -> 11
B74: 5 | C74: 5. LUCKY PERDANA | E74: 0 | F74: 2 | G74: 1 | H74: 2 | I74: 2 | J74: 2 | K74: 1 | L74: 15 | M74: 1 | N74: 0 | O74: 0 | P74: 5 | Q74: 0 | R74: 0 | S74: 4 | T74: 3 | U74: 1 | V74: 0 | W74: 1 | X74: 2 | Y74: 0 | Z74: 2 | AA74: 0 | AB74: 0 | AC74: 0 | AD74: 0 | AE74: 0 | AF74: =SUM(E74:AE74) -> 44
B75: 6 | C75: 6. WIWIK PUJIYATI | E75: 0 | F75: 0 | G75: 0 | H75: 0 | I75: 1 | J75: 0 | K75: 0 | L75: 0 | M75: 1 | N75: 0 | O75: 0 | P75: 0 | Q75: 0 | R75: 0 | S75: 0 | T75: 0 | U75: 0 | V75: 0 | W75: 1 | X75: 0 | Y75: 0 | Z75: 0 | AA75: 0 | AB75: 0 | AC75: 1 | AD75: 0 | AE75: 0 | AF75: =SUM(E75:AE75) -> 4
B76: 7 | C76: 7. CHANDRA ASTAN, S.T. | E76: 3 | F76: 3 | G76: 1 | H76: 2 | I76: 6 | J76: 2 | K76: 0 | L76: 0 | M76: 5 | N76: 14 | O76: 2 | P76: 0 | Q76: 6 | R76: 4 | S76: 0 | T76: 1 | U76: 1 | V76: 0 | W76: 6 | X76: 1 | Y76: 1 | Z76: 8 | AA76: 4 | AB76: 26 | AC76: 6 | AD76: 4 | AE76: 15 | AF76: =SUM(E76:AE76) -> 121
AF77: =SUM(E77:AE77) -> 0
AF78: =SUM(E78:AE78) -> 0
A79: B | B79: JUMLAH SUARA SAH PARTAI POLITIK DAN CALON (A1 + A2) | E79: =SUM(E69:E76) -> 38 | F79: =SUM(F69:F76) -> 47 | G79: =SUM(G69:G76) -> 14 | H79: =SUM(H69:H76) -> 23 | I79: =SUM(I69:I76) -> 26 | J79: =SUM(J69:J76) -> 16 | K79: =SUM(K69:K76) -> 30 | L79: =SUM(L69:L76) -> 20 | ... AE79: =SUM(AE69:AE76) -> 57 | AF79: =SUM(E79:AE79) -> 589
A81: A.1 | B81: 4. | C81: Partai Golongan Karya | E81: 5 | F81: 2 | G81: 0 | H81: 6 | I81: 1 | J81: 5 | K81: 4 | L81: 2 | M81: 6 | N81: 3 | O81: 0 | P81: 2 | Q81: 1 | R81: 5 | S81: 1 | T81: 5 | U81: 0 | V81: 1 | W81: 2 | X81: 3 | Y81: 2 | Z81: 1 | AA81: 0 | AB81: 0 | AC81: 1 | AD81: 2 | AE81: 3 | AF81: =SUM(E81:AE81) -> 63
A82: A.2 | B82: 1 | C82: 1. ZULFIKAR ARSE SADIKIN, S.I.P., M.Si. | E82: 19 | F82: 1 | G82: 5 | H82: 5 | I82: 2 | J82: 4 | K82: 17 | L82: 39 | M82: 6 | N82: 13 | O82: 14 | P82: 164 | Q82: 18 | R82: 30 | S82: 10 | T82: 46 | U82: 4 | V82: 10 | W82: 14 | X82: 10 | Y82: 15 | Z82: 3 | AA82: 5 | AB82: 4 | AC82: 2 | AD82: 5 | AE82: 4 | AF82: =SUM(E82:AE82) -> 469
B83: 2 | C83: 2. HANDOKO | E83: 10 | F83: 17 | G83: 15 | H83: 28 | I83: 25 | J83: 13 | K83: 8 | L83: 13 | M83: 33 | N83: 12 | O83: 2 | P83: 1 | Q83: 0 | R83: 7 | S83: 10 | T83: 1 | U83: 6 | V83: 3 | W83: 11 | X83: 1 | Y83: 4 | Z83: 9 | AA83: 9 | AB83: 5 | AC83: 7 | AD83: 3 | AE83: 6 | AF83: =SUM(E83:AE83) -> 259
B84: 3 | C84: 3. Hj. OVI DEWI YANTI | E84: 1 | F84: 0 | G84: 1 | H84: 0 | I84: 0 | J84: 2 | K84: 2 | L84: 0 | M84: 0 | N84: 1 | O84: 0 | P84: 0 | Q84: 0 | R84: 0 | S84: 0 | T84: 1 | U84: 2 | V84: 0 | W84: 0 | X84: 0 | Y84: 0 | Z84: 0 | AA84: 0 | AB84: 0 | AC84: 0 | AD84: 0 | AE84: 0 | AF84: =SUM(E84:AE84) -> 10
B85: 4 | C85: 4. Ir. AZAM AZMAN NATAWIJANA | E85: 0 | F85: 1 | G85: 1 | H85: 1 | I85: 0 | J85: 0 | K85: 1 | L85: 1 | M85: 1 | N85: 0 | O85: 0 | P85: 1 | Q85: 0 | R85: 1 | S85: 0 | T85: 1 | U85: 1 | V85: 0 | W85: 0 | X85: 0 | Y85: 0 | Z85: 0 | AA85: 0 | AB85: 0 | AC85: 0 | AD85: 0 | AE85: 0 | AF85: =SUM(E85:AE85) -> 10
B86: 5 | C86: 5. UBAIDILLAH AMIN, S.Kom. | E86: 1 | F86: 0 | G86: 2 | H86: 4 | I86: 0 | J86: 0 | K86: 1 | L86: 2 | M86: 1 | N86: 0 | O86: 1 | P86: 0 | Q86: 0 | R86: 0 | S86: 0 | T86: 0 | U86: 0 | V86: 0 | W86: 0 | X86: 0 | Y86: 0 | Z86: 0 | AA86: 0 | AB86: 1 | AC86: 0 | AD86: 0 | AE86: 0 | AF86: =SUM(E86:AE86) -> 13
B87: 6 | C87: 6. DENNY YUNIANDARI, S.H., M.Kn. | E87: 0 | F87: 0 | G87: 1 | H87: 1 | I87: 1 | J87: 0 | K87: 2 | L87: 1 | M87: 0 | N87: 0 | O87: 0 | P87: 0 | Q87: 1 | R87: 0 | S87: 0 | T87: 1 | U87: 0 | V87: 0 | W87: 0 | X87: 0 | Y87: 0 | Z87: 0 | AA87: 0 | AB87: 0 | AC87: 0 | AD87: 0 | AE87: 0 | AF87: =SUM(E87:AE87) -> 8
B88: 7 | C88: 7. ERNADI, S.H.I. | E88: 0 | F88: 0 | G88: 0 | H88: 0 | I88: 0 | J88: 0 | K88: 0 | L88: 1 | M88: 0 | N88: 0 | O88: 0 | P88: 0 | Q88: 0 | R88: 0 | S88: 0 | T88: 0 | U88: 0 | V88: 0 | W88: 0 | X88: 0 | Y88: 0 | Z88: 0 | AA88: 0 | AB88: 0 | AC88: 0 | AD88: 0 | AE88: 0 | AF88: =SUM(E88:AE88) -> 1
AF89: =SUM(E89:AE89) -> 0
AF90: =SUM(E90:AE90) -> 0
A91: B | B91: JUMLAH SUARA SAH PARTAI POLITIK DAN CALON (A1 + A2) | E91: =SUM(E81:E88) -> 36 | F91: =SUM(F81:F88) -> 21 | G91: =SUM(G81:G88) -> 25 | H91: =SUM(H81:H88) -> 45 | I91: =SUM(I81:I88) -> 29 | J91: =SUM(J81:J88) -> 24 | K91: =SUM(K81:K88) -> 35 | L91: =SUM(L81:L88) -> 59 | ... AE91: =SUM(AE81:AE88) -> 13 | AF91: =SUM(E91:AE91) -> 833
A93: A.1 | B93: 5. | C93: Partai NasDem | E93: 3 | F93: 0 | G93: 1 | H93: 2 | I93: 2 | J93: 0 | K93: 1 | L93: 2 | M93: 2 | N93: 4 | O93: 0 | P93: 0 | Q93: 0 | R93: 1 | S93: 0 | T93: 1 | U93: 2 | V93: 0 | W93: 1 | X93: 1 | Y93: 0 | Z93: 2 | AA93: 0 | AB93: 0 | AC93: 0 | AD93: 1 | AE93: 1 | AF93: =SUM(E93:AE93) -> 27
A94: A.2 | B94: 1 | C94: 1. ACH. FADIL MUZAKKI SYAH | E94: 17 | F94: 5 | G94: 0 | H94: 1 | I94: 1 | J94: 2 | K94: 2 | L94: 1 | M94: 5 | N94: 7 | O94: 2 | P94: 1 | Q94: 1 | R94: 1 | S94: 5 | T94: 2 | U94: 2 | V94: 0 | W94: 1 | X94: 1 | Y94: 1 | Z94: 4 | AA94: 14 | AB94: 15 | AC94: 7 | AD94: 12 | AE94: 7 | AF94: =SUM(E94:AE94) -> 117
B95: 2 | C95: 2. BENY | E95: 3 | F95: 3 | G95: 0 | H95: 1 | I95: 0 | J95: 0 | K95: 1 | L95: 1 | M95: 0 | N95: 0 | O95: 0 | P95: 1 | Q95: 0 | R95: 0 | S95: 0 | T95: 2 | U95: 1 | V95: 0 | W95: 0 | X95: 0 | Y95: 0 | Z95: 0 | AA95: 0 | AB95: 0 | AC95: 1 | AD95: 0 | AE95: 0 | AF95: =SUM(E95:AE95) -> 14
B96: 3 | C96: 3. VINA VERONIKA | E96: 0 | F96: 1 | G96: 0 | H96: 1 | I96: 0 | J96: 0 | K96: 0 | L96: 0 | M96: 0 | N96: 1 | O96: 0 | P96: 0 | Q96: 0 | R96: 0 | S96: 0 | T96: 0 | U96: 0 | V96: 0 | W96: 0 | X96: 0 | Y96: 0 | Z96: 0 | AA96: 0 | AB96: 0 | AC96: 0 | AD96: 1 | AE96: 0 | AF96: =SUM(E96:AE96) -> 4
B97: 4 | C97: 4. TEDDY ANUGRIANTO | E97: 0 | F97: 1 | G97: 2 | H97: 0 | I97: 0 | J97: 0 | K97: 2 | L97: 0 | M97: 0 | N97: 0 | O97: 0 | P97: 0 | Q97: 0 | R97: 0 | S97: 1 | T97: 4 | U97: 0 | V97: 0 | W97: 0 | X97: 0 | Y97: 1 | Z97: 0 | AA97: 0 | AB97: 0 | AC97: 0 | AD97: 0 | AE97: 0 | AF97: =SUM(E97:AE97) -> 11
B98: 5 | C98: 5. INSAN KAMIL | E98: 0 | F98: 1 | G98: 2 | H98: 2 | I98: 0 | J98: 1 | K98: 0 | L98: 0 | M98: 0 | N98: 0 | O98: 0 | P98: 0 | Q98: 0 | R98: 1 | S98: 0 | T98: 0 | U98: 0 | V98: 0 | W98: 0 | X98: 0 | Y98: 0 | Z98: 1 | AA98: 0 | AB98: 0 | AC98: 0 | AD98: 0 | AE98: 0 | AF98: =SUM(E98:AE98) -> 8
B99: 6 | C99: 6. LILIK LINDARWATI | E99: 0 | F99: 0 | G99: 1 | H99: 0 | I99: 0 | J99: 0 | K99: 0 | L99: 0 | M99: 0 | N99: 0 | O99: 0 | P99: 0 | Q99: 0 | R99: 0 | S99: 0 | T99: 0 | U99: 0 | V99: 0 | W99: 0 | X99: 0 | Y99: 0 | Z99: 0 | AA99: 0 | AB99: 0 | AC99: 0 | AD99: 0 | AE99: 0 | AF99: =SUM(E99:AE99) -> 1
B100: 7 | C100: 7. YULI ANITA | E100: 0 | F100: 0 | G100: 0 | H100: 0 | I100: 0 | J100: 0 | K100: 1 | L100: 0 | M100: 0 | N100: 0 | O100: 0 | P100: 0 | Q100: 0 | R100: 0 | S100: 0 | T100: 0 | U100: 0 | V100: 0 | W100: 0 | X100: 0 | Y100: 0 | Z100: 0 | AA100: 0 | AB100: 0 | AC100: 0 | AD100: 0 | AE100: 0 | AF100: =SUM(E100:AE100) -> 1
AF101: =SUM(E101:AE101) -> 0
AF102: =SUM(E102:AE102) -> 0
A103: B | B103: JUMLAH SUARA SAH PARTAI POLITIK DAN CALON (A1 + A2) | E103: =SUM(E93:E100) -> 23 | F103: =SUM(F93:F100) -> 11 | G103: =SUM(G93:G100) -> 6 | H103: =SUM(H93:H100) -> 7 | I103: =SUM(I93:I100) -> 3 | J103: =SUM(J93:J100) -> 3 | K103: =SUM(K93:K100) -> 7 | L103: =SUM(L93:L100) -> 4 | ... AE103: =SUM(AE93:AE100) -> 8 | AF103: =SUM(E103:AE103) -> 183
A105: A.1 | B105: 6. | C105: Partai Buruh | E105: 1 | F105: 0 | G105: 0 | H105: 0 | I105: 0 | J105: 0 | K105: 0 | L105: 1 | M105: 0 | N105: 0 | O105: 0 | P105: 0 | Q105: 0 | R105: 0 | S105: 0 | T105: 1 | U105: 0 | V105: 0 | W105: 0 | X105: 0 | Y105: 0 | Z105: 0 | AA105: 0 | AB105: 0 | AC105: 0 | AD105: 0 | AE105: 0 | AF105: =SUM(E105:AE105) -> 3
A106: A.2 | B106: 1 | C106: 1. KHOIRUL ANAM | E106: 1 | F106: 0 | G106: 0 | H106: 0 | I106: 1 | J106: 1 | K106: 0 | L106: 1 | M106: 2 | N106: 0 | O106: 0 | P106: 0 | Q106: 0 | R106: 0 | S106: 0 | T106: 0 | U106: 0 | V106: 0 | W106: 1 | X106: 0 | Y106: 0 | Z106: 1 | AA106: 0 | AB106: 0 | AC106: 0 | AD106: 0 | AE106: 0 | AF106: =SUM(E106:AE106) -> 8
B107: 2 | C107: 2. INA KURNIA | E107: 0 | F107: 0 | G107: 2 | H107: 0 | I107: 0 | J107: 1 | K107: 0 | L107: 0 | M107: 0 | N107: 0 | O107: 0 | P107: 0 | Q107: 0 | R107: 0 | S107: 0 | T107: 0 | U107: 0 | V107: 0 | W107: 0 | X107: 0 | Y107: 0 | Z107: 0 | AA107: 0 | AB107: 0 | AC107: 0 | AD107: 0 | AE107: 0 | AF107: =SUM(E107:AE107) -> 3
B108: 3 | C108: 3. JIBRAL TAROUK | E108: 0 | F108: 0 | G108: 0 | H108: 0 | I108: 0 | J108: 0 | K108: 0 | L108: 0 | M108: 0 | N108: 0 | O108: 0 | P108: 0 | Q108: 0 | R108: 0 | S108: 0 | T108: 0 | U108: 0 | V108: 0 | W108: 0 | X108: 0 | Y108: 0 | Z108: 0 | AA108: 0 | AB108: 0 | AC108: 0 | AD108: 0 | AE108: 0 | AF108: =SUM(E108:AE108) -> 0
B109: 4 | C109: 4. ASTUTI DAENG PUJI | E109: 0 | F109: 0 | G109: 1 | H109: 0 | I109: 0 | J109: 0 | K109: 0 | L109: 0 | M109: 0 | N109: 0 | O109: 0 | P109: 0 | Q109: 0 | R109: 0 | S109: 0 | T109: 0 | U109: 0 | V109: 0 | W109: 0 | X109: 0 | Y109: 0 | Z109: 0 | AA109: 0 | AB109: 0 | AC109: 0 | AD109: 0 | AE109: 0 | AF109: =SUM(E109:AE109) -> 1
B110: 5 | C110: 5. ASDARMAWAN | E110: 0 | F110: 0 | G110: 0 | H110: 0 | I110: 0 | J110: 0 | K110: 0 | L110: 0 | M110: 0 | N110: 0 | O110: 0 | P110: 0 | Q110: 0 | R110: 0 | S110: 0 | T110: 0 | U110: 0 | V110: 0 | W110: 0 | X110: 0 | Y110: 0 | Z110: 0 | AA110: 0 | AB110: 0 | AC110: 0 | AD110: 0 | AE110: 0 | AF110: =SUM(E110:AE110) -> 0
B111: 6 | C111: 6. RIFQI MUBAROK | E111: 0 | F111: 1 | G111: 1 | H111: 0 | I111: 0 | J111: 0 | K111: 0 | L111: 0 | M111: 0 | N111: 0 | O111: 0 | P111: 0 | Q111: 0 | R111: 0 | S111: 0 | T111: 0 | U111: 0 | V111: 0 | W111: 0 | X111: 0 | Y111: 0 | Z111: 0 | AA111: 0 | AB111: 0 | AC111: 0 | AD111: 0 | AE111: 0 | AF111: =SUM(E111:AE111) -> 2
B112: 7 | C112: 7. FIRNANDA ALTA MEGA | E112: 0 | F112: 1 | G112: 0 | H112: 0 | I112: 0 | J112: 0 | K112: 0 | L112: 0 | M112: 0 | N112: 0 | O112: 0 | P112: 0 | Q112: 0 | R112: 0 | S112: 0 | T112: 0 | U112: 0 | V112: 0 | W112: 0 | X112: 0 | Y112: 0 | Z112: 0 | AA112: 0 | AB112: 0 | AC112: 0 | AD112: 0 | AE112: 0 | AF112: =SUM(E112:AE112) -> 1
AF113: =SUM(E113:AE113) -> 0
AF114: =SUM(E114:AE114) -> 0
A115: B | B115: JUMLAH SUARA SAH PARTAI POLITIK DAN CALON (A1 + A2) | E115: =SUM(E105:E112) -> 2 | F115: =SUM(F105:F112) -> 2 | G115: =SUM(G105:G112) -> 4 | H115: =SUM(H105:H112) -> 0 | I115: =SUM(I105:I112) -> 1 | J115: =SUM(J105:J112) -> 2 | K115: =SUM(K105:K112) -> 0 | L115: =SUM(L105:L112) -> 2 | ... AE115: =SUM(AE105:AE112) -> 0 | AF115: =SUM(E115:AE115) -> 18
A117: A.1 | B117: 7. | C117: Partai Gelombang Rakyat Indonesia | E117: 1 | F117: 0 | G117: 0 | H117: 0 | I117: 0 | J117: 1 | K117: 0 | L117: 2 | M117: 1 | N117: 0 | O117: 0 | P117: 0 | Q117: 0 | R117: 1 | S117: 0 | T117: 0 | U117: 0 | V117: 0 | W117: 2 | X117: 0 | Y117: 1 | Z117: 2 | AA117: 1 | AB117: 0 | AC117: 0 | AD117: 0 | AE117: 0 | AF117: =SUM(E117:AE117) -> 12
...

Sheet KAJARHARJO
C2: Kecamatan | D2: KALIBARU
C3: Kabupaten | D3: BANYUWANGI
C4: Provinsi | D4: JAWA TIMUR
C9: Kelurahan | D9: KAJARHARJO
A12: I | B12: DATA PEMILIH DAN PENGGUNAAN HAK PILIH | AY12: JUMLAH AKHIR
A13: A | B13: DATA PEMILIH | E13: TPS 001 | F13: TPS 002 | G13: TPS 003 | H13: TPS 004 | I13: TPS 005 | J13: TPS 006 | K13: TPS 007 | L13: TPS 008 | M13: TPS 009 | N13: TPS 010 | O13: TPS 011 | P13: TPS 012 | Q13: TPS 013 | R13: TPS 014 | S13: TPS 015 | T13: TPS 016 | U13: TPS 017 | V13: TPS 018 | W13: TPS 019 | X13: TPS 020 | Y13: TPS 021 | Z13: TPS 022 | AA13: TPS 023 | AB13: TPS 024 | AC13: TPS 025 | AD13: TPS 026 | AE13: TPS 027 | AF13: TPS 028 | AG13: TPS 029 | AH13: TPS 030 | AI13: TPS 031 | AJ13: TPS 032 | AK13: TPS 033 | AL13: TPS 034 | AM13: TPS 035 | AN13: TPS 036 | AO13: TPS 037 | AP13: TPS 038 | AQ13: TPS 039 | AR13: TPS 040 | AS13: TPS 041 | AT13: TPS 042 | AU13: TPS 043 | AV13: TPS 044 | AW13: TPS 045 | AX13: TPS 046
B14: Jumlah Pemilih dalam Daftar Pemilih Tetap (DPT) | D14: LK | E14: 141 | F14: 140 | G14: 111 | H14: 122 | I14: 125 | J14: 111 | K14: 135 | L14: 141 | M14: 153 | N14: 142 | O14: 127 | P14: 144 | Q14: 124 | R14: 126 | S14: 116 | T14: 132 | U14: 89 | V14: 132 | W14: 111 | X14: 142 | Y14: 118 | Z14: 127 | AA14: 149 | AB14: 142 | AC14: 125 | AD14: 92 | AE14: 122 | AF14: 129 | AG14: 91 | AH14: 99 | AI14: 86 | AJ14: 65 | AK14: 81 | AL14: 93 | AM14: 68 | AN14: 92 | AO14: 103 | AP14: 143 | AQ14: 98 | AR14: 105 | AS14: 134 | AT14: 113 | AU14: 128 | AV14: 136 | AW14: 86 | AX14: 93 | AY14: =SUM(E14:AX14) -> 5382
D15: PR | E15: 141 | F15: 142 | G15: 104 | H15: 127 | I15: 114 | J15: 125 | K15: 129 | L15: 156 | M15: 139 | N15: 132 | O15: 141 | P15: 150 | Q15: 127 | R15: 134 | S15: 118 | T15: 145 | U15: 94 | V15: 139 | W15: 127 | X15: 154 | Y15: 109 | Z15: 140 | AA15: 148 | AB15: 150 | AC15: 128 | AD15: 99 | AE15: 144 | AF15: 121 | AG15: 96 | AH15: 104 | AI15: 88 | AJ15: 72 | AK15: 86 | AL15: 90 | AM15: 60 | AN15: 98 | AO15: 96 | AP15: 150 | AQ15: 110 | AR15: 115 | AS15: 109 | AT15: 140 | AU15: 125 | AV15: 128 | AW15: 92 | AX15: 88 | AY15: =SUM(E15:AX15) -> 5524
D16: JML | E16: =SUM(E14:E15) -> 282 | F16: =SUM(F14:F15) -> 282 | G16: =SUM(G14:G15) -> 215 | H16: =SUM(H14:H15) -> 249 | I16: =SUM(I14:I15) -> 239 | J16: =SUM(J14:J15) -> 236 | K16: =SUM(K14:K15) -> 264 | L16: =SUM(L14:L15) -> 297 | ... AX16: =SUM(AX14:AX15) -> 181 | AY16: =SUM(E16:AX16) -> 10906
A18: B | B18: PENGGUNA HAK PILIH
B19: 1. | C19: Jumlah pengguna hak pilih dalam Daftar Pemilih Tetap (DPT) | D19: LK | E19: 92 | F19: 98 | G19: 89 | H19: 90 | I19: 87 | J19: 84 | K19: 104 | L19: 108 | M19: 115 | N19: 106 | O19: 101 | P19: 113 | Q19: 95 | R19: 103 | S19: 92 | T19: 91 | U19: 65 | V19: 92 | W19: 77 | X19: 108 | Y19: 87 | Z19: 92 | AA19: 119 | AB19: 104 | AC19: 73 | AD19: 53 | AE19: 85 | AF19: 74 | AG19: 56 | AH19: 52 | AI19: 53 | AJ19: 42 | AK19: 69 | AL19: 63 | AM19: 50 | AN19: 67 | AO19: 73 | AP19: 112 | AQ19: 74 | AR19: 82 | AS19: 108 | AT19: 69 | AU19: 77 | AV19: 89 | AW19: 63 | AX19: 80 | AY19: =SUM(E19:AX19) -> 3876
D20: PR | E20: 114 | F20: 116 | G20: 84 | H20: 106 | I20: 97 | J20: 100 | K20: 108 | L20: 123 | M20: 110 | N20: 100 | O20: 113 | P20: 118 | Q20: 108 | R20: 109 | S20: 97 | T20: 106 | U20: 75 | V20: 104 | W20: 94 | X20: 125 | Y20: 96 | Z20: 108 | AA20: 121 | AB20: 116 | AC20: 101 | AD20: 79 | AE20: 113 | AF20: 92 | AG20: 82 | AH20: 76 | AI20: 70 | AJ20: 57 | AK20: 56 | AL20: 70 | AM20: 54 | AN20: 78 | AO20: 77 | AP20: 127 | AQ20: 85 | AR20: 102 | AS20: 83 | AT20: 101 | AU20: 91 | AV20: 105 | AW20: 76 | AX20: 76 | AY20: =SUM(E20:AX20) -> 4399
D21: JML | E21: =SUM(E19:E20) -> 206 | F21: =SUM(F19:F20) -> 214 | G21: =SUM(G19:G20) -> 173 | H21: =SUM(H19:H20) -> 196 | I21: =SUM(I19:I20) -> 184 | J21: =SUM(J19:J20) -> 184 | K21: =SUM(K19:K20) -> 212 | L21: =SUM(L19:L20) -> 231 | ... AX21: =SUM(AX19:AX20) -> 156 | AY21: =SUM(E21:AX21) -> 8275
B22: 2. | C22: Jumlah pengguna hak pilih dalam Daftar Pemilih Tambahan (DPTb) | D22: LK | E22: 0 | F22: 0 | G22: 0 | H22: 2 | I22: 0 | J22: 0 | K22: 1 | L22: 1 | M22: 0 | N22: 0 | O22: 1 | P22: 1 | Q22: 2 | R22: 1 | S22: 1 | T22: 0 | U22: 0 | V22: 0 | W22: 3 | X22: 0 | Y22: 0 | Z22: 0 | AA22: 1 | AB22: 1 | AC22: 0 | AD22: 1 | AE22: 0 | AF22: 0 | AG22: 1 | AH22: 1 | AI22: 3 | AJ22: 1 | AK22: 1 | AL22: 2 | AM22: 3 | AN22: 1 | AO22: 2 | AP22: 2 | AQ22: 2 | AR22: 1 | AS22: 0 | AT22: 1 | AU22: 1 | AV22: 1 | AW22: 1 | AX22: 1 | AY22: =SUM(E22:AX22) -> 41
D23: PR | E23: 2 | F23: 1 | G23: 1 | H23: 0 | I23: 1 | J23: 1 | K23: 0 | L23: 0 | M23: 1 | N23: 1 | O23: 0 | P23: 0 | Q23: 0 | R23: 0 | S23: 0 | T23: 1 | U23: 1 | V23: 1 | W23: 1 | X23: 0 | Y23: 1 | Z23: 1 | AA23: 0 | AB23: 0 | AC23: 1 | AD23: 2 | AE23: 1 | AF23: 1 | AG23: 0 | AH23: 0 | AI23: 1 | AJ23: 0 | AK23: 0 | AL23: 0 | AM23: 0 | AN23: 1 | AO23: 0 | AP23: 0 | AQ23: 0 | AR23: 0 | AS23: 1 | AT23: 0 | AU23: 1 | AV23: 0 | AW23: 0 | AX23: 0 | AY23: =SUM(E23:AX23) -> 23
D24: JML | E24: =SUM(E22:E23) -> 2 | F24: =SUM(F22:F23) -> 1 | G24: =SUM(G22:G23) -> 1 | H24: =SUM(H22:H23) -> 2 | I24: =SUM(I22:I23) -> 1 | J24: =SUM(J22:J23) -> 1 | K24: =SUM(K22:K23) -> 1 | L24: =SUM(L22:L23) -> 1 | ... AX24: =SUM(AX22:AX23) -> 1 | AY24: =SUM(E24:AX24) -> 64
B25: 3. | C25: Jumlah pengguna hak pilih dalam Daftar Pemilih Khusus (DPK) | D25: LK | E25: 1 | F25: 0 | G25: 2 | H25: 1 | I25: 2 | J25: 0 | K25: 2 | L25: 2 | M25: 0 | N25: 2 | O25: 0 | P25: 1 | Q25: 1 | R25: 0 | S25: 0 | T25: 1 | U25: 1 | V25: 2 | W25: 1 | X25: 3 | Y25: 2 | Z25: 1 | AA25: 0 | AB25: 0 | AC25: 0 | AD25: 0 | AE25: 1 | AF25: 0 | AG25: 0 | AH25: 0 | AI25: 1 | AJ25: 1 | AK25: 2 | AL25: 0 | AM25: 0 | AN25: 2 | AO25: 0 | AP25: 1 | AQ25: 0 | AR25: 1 | AS25: 2 | AT25: 0 | AU25: 0 | AV25: 0 | AW25: 0 | AX25: 4 | AY25: =SUM(E25:AX25) -> 40
D26: PR | E26: 1 | F26: 0 | G26: 5 | H26: 1 | I26: 4 | J26: 0 | K26: 1 | L26: 2 | M26: 0 | N26: 2 | O26: 1 | P26: 0 | Q26: 1 | R26: 2 | S26: 0 | T26: 1 | U26: 1 | V26: 3 | W26: 2 | X26: 1 | Y26: 0 | Z26: 0 | AA26: 0 | AB26: 0 | AC26: 0 | AD26: 0 | AE26: 0 | AF26: 0 | AG26: 0 | AH26: 0 | AI26: 2 | AJ26: 0 | AK26: 1 | AL26: 0 | AM26: 0 | AN26: 0 | AO26: 0 | AP26: 0 | AQ26: 0 | AR26: 2 | AS26: 6 | AT26: 0 | AU26: 0 | AV26: 0 | AW26: 0 | AX26: 4 | AY26: =SUM(E26:AX26) -> 43
D27: JML | E27: =SUM(E25:E26) -> 2 | F27: =SUM(F25:F26) -> 0 | G27: =SUM(G25:G26) -> 7 | H27: =SUM(H25:H26) -> 2 | I27: =SUM(I25:I26) -> 6 | J27: =SUM(J25:J26) -> 0 | K27: =SUM(K25:K26) -> 3 | L27: =SUM(L25:L26) -> 4 | ... AX27: =SUM(AX25:AX26) -> 8 | AY27: =SUM(E27:AX27) -> 83
B28: 4. | C28: Jumlah Pengguna Hak Pilih (B.1+B.2+B.3) | D28: LK | E28: =SUM(E19,E22,E25) -> 93 | F28: =SUM(F19,F22,F25) -> 98 | G28: =SUM(G19,G22,G25) -> 91 | H28: =SUM(H19,H22,H25) -> 93 | I28: =SUM(I19,I22,I25) -> 89 | J28: =SUM(J19,J22,J25) -> 84 | K28: =SUM(K19,K22,K25) -> 107 | L28: =SUM(L19,L22,L25) -> 111 | ... AX28: =SUM(AX19,AX22,AX25) -> 85 | AY28: =SUM(E28:AX28) -> 3957
D29: PR | E29: =SUM(E20,E23,E26) -> 117 | F29: =SUM(F20,F23,F26) -> 117 | G29: =SUM(G20,G23,G26) -> 90 | H29: =SUM(H20,H23,H26) -> 107 | I29: =SUM(I20,I23,I26) -> 102 | J29: =SUM(J20,J23,J26) -> 101 | K29: =SUM(K20,K23,K26) -> 109 | L29: =SUM(L20,L23,L26) -> 125 | ... AX29: =SUM(AX20,AX23,AX26) -> 80 | AY29: =SUM(E29:AX29) -> 4465
D30: JML | E30: =SUM(E28:E29) -> 210 | F30: =SUM(F28:F29) -> 215 | G30: =SUM(G28:G29) -> 181 | H30: =SUM(H28:H29) -> 200 | I30: =SUM(I28:I29) -> 191 | J30: =SUM(J28:J29) -> 185 | K30: =SUM(K28:K29) -> 216 | L30: =SUM(L28:L29) -> 236 | ... AX30: =SUM(AX28:AX29) -> 165 | AY30: =SUM(E30:AX30) -> 8422
A32: II | B32: DATA PENGGUNAAN SURAT SUARA
A33: 1 | B33: Jumlah surat suara yang diterima, termasuk surat suara cadangan 2,5% dari DPT | E33: 288 | F33: 288 | G33: 220 | H33: 254 | I33: 245 | J33: 240 | K33: 270 | L33: 303 | M33: 298 | N33: 280 | O33: 274 | P33: 300 | Q33: 257 | R33: 266 | S33: 239 | T33: 273 | U33: 187 | V33: 277 | W33: 243 | X33: 302 | Y33: 232 | Z33: 275 | AA33: 303 | AB33: 298 | AC33: 259 | AD33: 195 | AE33: 272 | AF33: 255 | AG33: 191 | AH33: 208 | AI33: 178 | AJ33: 140 | AK33: 171 | AL33: 188 | AM33: 131 | AN33: 194 | AO33: 202 | AP33: 299 | AQ33: 213 | AR33: 225 | AS33: 248 | AT33: 259 | AU33: 259 | AV33: 270 | AW33: 182 | AX33: 185 | AY33: =SUM(E33:AX33) -> 11136
A34: 2 | B34: Jumlah surat suara yang digunakan | E34: 210 | F34: 215 | G34: 181 | H34: 200 | I34: 191 | J34: 185 | K34: 216 | L34: 236 | M34: 226 | N34: 211 | O34: 216 | P34: 233 | Q34: 207 | R34: 215 | S34: 190 | T34: 200 | U34: 143 | V34: 202 | W34: 178 | X34: 237 | Y34: 186 | Z34: 202 | AA34: 241 | AB34: 221 | AC34: 175 | AD34: 135 | AE34: 200 | AF34: 167 | AG34: 139 | AH34: 129 | AI34: 130 | AJ34: 101 | AK34: 129 | AL34: 135 | AM34: 107 | AN34: 149 | AO34: 152 | AP34: 242 | AQ34: 161 | AR34: 188 | AS34: 200 | AT34: 171 | AU34: 170 | AV34: 195 | AW34: 140 | AX34: 165 | AY34: =SUM(E34:AX34) -> 8422
A35: 3 | B35: Jumlah surat suara dikembalikan oleh pemilih (karena rusak atau keliru coblos) | E35: 0 | F35: 0 | G35: 2 | H35: 1 | I35: 0 | J35: 0 | K35: 0 | L35: 0 | M35: 1 | N35: 1 | O35: 0 | P35: 4 | Q35: 2 | R35: 1 | S35: 0 | T35: 1 | U35: 0 | V35: 0 | W35: 0 | X35: 0 | Y35: 0 | Z35: 0 | AA35: 0 | AB35: 0 | AC35: 0 | AD35: 0 | AE35: 3 | AF35: 0 | AG35: 1 | AH35: 0 | AI35: 0 | AJ35: 0 | AK35: 0 | AL35: 0 | AM35: 1 | AN35: 0 | AO35: 0 | AP35: 0 | AQ35: 0 | AR35: 0 | AS35: 0 | AT35: 0 | AU35: 1 | AV35: 0 | AW35: 0 | AX35: 0 | AY35: =SUM(E35:AX35) -> 19
A36: 4 | B36: Jumlah surat suara yang tidak digunakan/tidak terpakai, termasuk sisa surat suara cadangan | E36: =E33-(E34+E35) -> 78 | F36: =F33-(F34+F35) -> 73 | G36: =G33-(G34+G35) -> 37 | H36: =H33-(H34+H35) -> 53 | I36: =I33-(I34+I35) -> 54 | J36: =J33-(J34+J35) -> 55 | K36: =K33-(K34+K35) -> 54 | L36: =L33-(L34+L35) -> 67 | ... AX36: =AX33-(AX34+AX35) -> 20 | AY36: =SUM(E36:AX36) -> 2695
A38: III | B38: DATA PEMILIH DISABILITAS
B39: Jumlah seluruh Pemilih disabilitas yang menggunakan hak pilih | D39: LK | E39: 0 | F39: 0 | G39: 0 | H39: 0 | I39: 0 | J39: 0 | K39: 0 | L39: 1 | M39: 0 | N39: 0 | O39: 0 | P39: 0 | Q39: 2 | R39: 0 | S39: 0 | T39: 0 | U39: 0 | V39: 0 | W39: 0 | X39: 0 | Y39: 0 | Z39: 1 | AA39: 0 | AB39: 0 | AC39: 0 | AD39: 0 | AE39: 0 | AF39: 0 | AG39: 0 | AH39: 0 | AI39: 0 | AJ39: 0 | AK39: 1 | AL39: 0 | AM39: 0 | AN39: 0 | AO39: 0 | AP39: 0 | AQ39: 0 | AR39: 0 | AS39: 0 | AT39: 0 | AU39: 0 | AV39: 0 | AW39: 0 | AX39: 0 | AY39: =SUM(E39:AX39) -> 5
D40: PR | E40: 0 | F40: 0 | G40: 0 | H40: 0 | I40: 0 | J40: 0 | K40: 0 | L40: 0 | M40: 0 | N40: 0 | O40: 0 | P40: 0 | Q40: 3 | R40: 0 | S40: 0 | T40: 0 | U40: 0 | V40: 0 | W40: 0 | X40: 0 | Y40: 0 | Z40: 1 | AA40: 0 | AB40: 0 | AC40: 0 | AD40: 0 | AE40: 0 | AF40: 0 | AG40: 0 | AH40: 0 | AI40: 0 | AJ40: 0 | AK40: 2 | AL40: 0 | AM40: 0 | AN40: 0 | AO40: 0 | AP40: 0 | AQ40: 0 | AR40: 0 | AS40: 1 | AT40: 0 | AU40: 0 | AV40: 0 | AW40: 0 | AX40: 0 | AY40: =SUM(E40:AX40) -> 7
D41: JML | E41: =SUM(E39:E40) -> 0 | F41: =SUM(F39:F40) -> 0 | G41: =SUM(G39:G40) -> 0 | H41: =SUM(H39:H40) -> 0 | I41: =SUM(I39:I40) -> 0 | J41: =SUM(J39:J40) -> 0 | K41: =SUM(K39:K40) -> 0 | L41: =SUM(L39:L40) -> 1 | ... AX41: =SUM(AX39:AX40) -> 0 | AY41: =SUM(E41:AX41) -> 12
A43: IV | B43: DATA RINCIAN PEROLEHAN SUARA PASANGAN CALON BUPATI DAN WAKIL BUPATI
A44: NOMOR DAN NAMA CALON
A45: A.1 | B45: 1. | C45: Partai Kebangkitan Bangsa | E45: 4 | F45: 7 | G45: 7 | H45: 5 | I45: 3 | J45: 1 | K45: 3 | L45: 9 | M45: 15 | N45: 13 | O45: 17 | P45: 13 | Q45: 15 | R45: 14 | S45: 2 | T45: 3 | U45: 8 | V45: 11 | W45: 7 | X45: 15 | Y45: 5 | Z45: 7 | AA45: 3 | AB45: 10 | AC45: 8 | AD45: 3 | AE45: 9 | AF45: 4 | AG45: 4 | AH45: 2 | AI45: 4 | AJ45: 0 | AK45: 4 | AL45: 8 | AM45: 3 | AN45: 9 | AO45: 2 | AP45: 2 | AQ45: 5 | AR45: 3 | AS45: 2 | AT45: 5 | AU45: 4 | AV45: 2 | AW45: 2 | AX45: 3 | AY45: =SUM(E45:AX45) -> 285
A46: A.2 | B46: 1 | C46: 1. Dr. Hj. NIHAYATUL WAFIROH, M.A. | E46: 18 | F46: 34 | G46: 19 | H46: 15 | I46: 5 | J46: 8 | K46: 4 | L46: 14 | M46: 44 | N46: 41 | O46: 59 | P46: 35 | Q46: 78 | R46: 59 | S46: 35 | T46: 21 | U46: 8 | V46: 14 | W46: 13 | X46: 34 | Y46: 25 | Z46: 11 | AA46: 16 | AB46: 17 | AC46: 24 | AD46: 5 | AE46: 11 | AF46: 8 | AG46: 11 | AH46: 12 | AI46: 9 | AJ46: 10 | AK46: 15 | AL46: 6 | AM46: 11 | AN46: 24 | AO46: 2 | AP46: 3 | AQ46: 5 | AR46: 35 | AS46: 15 | AT46: 8 | AU46: 8 | AV46: 11 | AW46: 5 | AX46: 1 | AY46: =SUM(E46:AX46) -> 866
B47: 2 | C47: 2. H. M. NASIM KHAN | E47: 0 | F47: 6 | G47: 1 | H47: 3 | I47: 0 | J47: 1 | K47: 3 | L47: 3 | M47: 3 | N47: 0 | O47: 1 | P47: 5 | Q47: 4 | R47: 1 | S47: 3 | T47: 0 | U47: 31 | V47: 2 | W47: 0 | X47: 2 | Y47: 2 | Z47: 2 | AA47: 15 | AB47: 7 | AC47: 5 | AD47: 4 | AE47: 3 | AF47: 8 | AG47: 8 | AH47: 7 | AI47: 2 | AJ47: 2 | AK47: 1 | AL47: 4 | AM47: 4 | AN47: 2 | AO47: 0 | AP47: 2 | AQ47: 1 | AR47: 3 | AS47: 1 | AT47: 0 | AU47: 1 | AV47: 0 | AW47: 1 | AX47: 0 | AY47: =SUM(E47:AX47) -> 154
B48: 3 | C48: 3. Dr. H. AKIK ZAMAN, M.Pd.I. | E48: 1 | F48: 2 | G48: 0 | H48: 7 | I48: 3 | J48: 1 | K48: 1 | L48: 1 | M48: 3 | N48: 1 | O48: 0 | P48: 1 | Q48: 1 | R48: 1 | S48: 9 | T48: 4 | U48: 1 | V48: 0 | W48: 3 | X48: 1 | Y48: 2 | Z48: 6 | AA48: 4 | AB48: 3 | AC48: 5 | AD48: 0 | AE48: 5 | AF48: 0 | AG48: 1 | AH48: 2 | AI48: 1 | AJ48: 5 | AK48: 4 | AL48: 2 | AM48: 0 | AN48: 1 | AO48: 1 | AP48: 0 | AQ48: 0 | AR48: 0 | AS48: 0 | AT48: 0 | AU48: 0 | AV48: 0 | AW48: 0 | AX48: 1 | AY48: =SUM(E48:AX48) -> 84
B49: 4 | C49: 4. AHMAD RIFA'I, S.H. | E49: 1 | F49: 3 | G49: 0 | H49: 1 | I49: 0 | J49: 0 | K49: 0 | L49: 1 | M49: 0 | N49: 0 | O49: 1 | P49: 0 | Q49: 3 | R49: 0 | S49: 1 | T49: 1 | U49: 0 | V49: 2 | W49: 0 | X49: 0 | Y49: 1 | Z49: 0 | AA49: 0 | AB49: 0 | AC49: 0 | AD49: 1 | AE49: 2 | AF49: 1 | AG49: 1 | AH49: 0 | AI49: 1 | AJ49: 0 | AK49: 0 | AL49: 2 | AM49: 0 | AN49: 0 | AO49: 0 | AP49: 0 | AQ49: 0 | AR49: 0 | AS49: 0 | AT49: 1 | AU49: 1 | AV49: 0 | AW49: 0 | AX49: 0 | AY49: =SUM(E49:AX49) -> 25
B50: 5 | C50: 5. Drs. H. MAHFUD M.N. | E50: 1 | F50: 1 | G50: 0 | H50: 1 | I50: 0 | J50: 0 | K50: 3 | L50: 0 | M50: 0 | N50: 1 | O50: 0 | P50: 0 | Q50: 0 | R50: 0 | S50: 1 | T50: 1 | U50: 0 | V50: 0 | W50: 0 | X50: 1 | Y50: 1 | Z50: 0 | AA50: 0 | AB50: 0 | AC50: 0 | AD50: 2 | AE50: 0 | AF50: 0 | AG50: 0 | AH50: 4 | AI50: 1 | AJ50: 1 | AK50: 0 | AL50: 2 | AM50: 1 | AN50: 3 | AO50: 0 | AP50: 0 | AQ50: 0 | AR50: 0 | AS50: 0 | AT50: 0 | AU50: 1 | AV50: 0 | AW50: 0 | AX50: 0 | AY50: =SUM(E50:AX50) -> 26
B51: 6 | C51: 6. NURHAYATI, S.Pd. | E51: 1 | F51: 0 | G51: 0 | H51: 0 | I51: 0 | J51: 0 | K51: 0 | L51: 0 | M51: 0 | N51: 0 | O51: 0 | P51: 0 | Q51: 0 | R51: 1 | S51: 0 | T51: 0 | U51: 0 | V51: 0 | W51: 0 | X51: 1 | Y51: 0 | Z51: 0 | AA51: 0 | AB51: 1 | AC51: 0 | AD51: 0 | AE51: 0 | AF51: 0 | AG51: 0 | AH51: 0 | AI51: 0 | AJ51: 0 | AK51: 0 | AL51: 1 | AM51: 0 | AN51: 1 | AO51: 0 | AP51: 0 | AQ51: 1 | AR51: 0 | AS51: 0 | AT51: 0 | AU51: 1 | AV51: 0 | AW51: 0 | AX51: 0 | AY51: =SUM(E51:AX51) -> 8
B52: 7 | C52: 7. MAFTUHA KISWAH | E52: 1 | F52: 1 | G52: 0 | H52: 0 | I52: 0 | J52: 0 | K52: 0 | L52: 0 | M52: 0 | N52: 0 | O52: 0 | P52: 0 | Q52: 0 | R52: 0 | S52: 0 | T52: 0 | U52: 0 | V52: 0 | W52: 0 | X52: 0 | Y52: 0 | Z52: 0 | AA52: 0 | AB52: 0 | AC52: 0 | AD52: 0 | AE52: 0 | AF52: 0 | AG52: 0 | AH52: 1 | AI52: 0 | AJ52: 0 | AK52: 0 | AL52: 0 | AM52: 0 | AN52: 0 | AO52: 0 | AP52: 0 | AQ52: 0 | AR52: 0 | AS52: 0 | AT52: 0 | AU52: 1 | AV52: 0 | AW52: 0 | AX52: 0 | AY52: =SUM(E52:AX52) -> 4
AY53: =SUM(E53:AX53) -> 0
AY54: =SUM(E54:AX54) -> 0
A55: B | B55: JUMLAH SUARA SAH PARTAI POLITIK DAN CALON (A1 + A2) | E55: =SUM(E45:E52) -> 27 | F55: =SUM(F45:F52) -> 54 | G55: =SUM(G45:G52) -> 27 | H55: =SUM(H45:H52) -> 32 | I55: =SUM(I45:I52) -> 11 | J55: =SUM(J45:J52) -> 11 | K55: =SUM(K45:K52) -> 14 | L55: =SUM(L45:L52) -> 28 | ... AX55: =SUM(AX45:AX52) -> 5 | AY55: =SUM(E55:AX55) -> 1452
A57: A.1 | B57: 2. | C57: Partai Gerakan Indonesia Raya | E57: 13 | F57: 27 | G57: 6 | H57: 7 | I57: 8 | J57: 2 | K57: 1 | L57: 6 | M57: 11 | N57: 5 | O57: 13 | P57: 6 | Q57: 6 | R57: 5 | S57: 7 | T57: 4 | U57: 6 | V57: 11 | W57: 6 | X57: 15 | Y57: 8 | Z57: 11 | AA57: 7 | AB57: 24 | AC57: 6 | AD57: 9 | AE57: 16 | AF57: 10 | AG57: 2 | AH57: 5 | AI57: 2 | AJ57: 0 | AK57: 4 | AL57: 5 | AM57: 0 | AN57: 5 | AO57: 1 | AP57: 3 | AQ57: 5 | AR57: 6 | AS57: 8 | AT57: 7 | AU57: 5 | AV57: 7 | AW57: 1 | AX57: 0 | AY57: =SUM(E57:AX57) -> 322
A58: A.2 | B58: 1 | C58: 1. SUMAIL ABDULLAH | E58: 9 | F58: 5 | G58: 7 | H58: 6 | I58: 1 | J58: 5 | K58: 1 | L58: 2 | M58: 5 | N58: 2 | O58: 12 | P58: 7 | Q58: 10 | R58: 16 | S58: 7 | T58: 9 | U58: 3 | V58: 5 | W58: 6 | X58: 5 | Y58: 16 | Z58: 5 | AA58: 15 | AB58: 10 | AC58: 5 | AD58: 12 | AE58: 3 | AF58: 8 | AG58: 6 | AH58: 5 | AI58: 0 | AJ58: 2 | AK58: 6 | AL58: 4 | AM58: 2 | AN58: 3 | AO58: 8 | AP58: 2 | AQ58: 2 | AR58: 1 | AS58: 2 | AT58: 5 | AU58: 2 | AV58: 0 | AW58: 2 | AX58: 1 | AY58: =SUM(E58:AX58) -> 250
B59: 2 | C59: 2. MUHAMMAD ALI ADRIAN SALEH | E59: 1 | F59: 6 | G59: 1 | H59: 2 | I59: 0 | J59: 1 | K59: 1 | L59: 0 | M59: 3 | N59: 0 | O59: 2 | P59: 1 | Q59: 4 | R59: 4 | S59: 3 | T59: 0 | U59: 2 | V59: 3 | W59: 2 | X59: 3 | Y59: 3 | Z59: 1 | AA59: 2 | AB59: 5 | AC59: 1 | AD59: 2 | AE59: 0 | AF59: 0 | AG59: 1 | AH59: 7 | AI59: 0 | AJ59: 0 | AK59: 0 | AL59: 0 | AM59: 1 | AN59: 0 | AO59: 0 | AP59: 0 | AQ59: 0 | AR59: 2 | AS59: 0 | AT59: 0 | AU59: 3 | AV59: 1 | AW59: 2 | AX59: 1 | AY59: =SUM(E59:AX59) -> 71
B60: 3 | C60: 3. DURROTUN NAFISAH | E60: 0 | F60: 1 | G60: 0 | H60: 0 | I60: 0 | J60: 0 | K60: 1 | L60: 0 | M60: 1 | N60: 0 | O60: 3 | P60: 0 | Q60: 0 | R60: 0 | S60: 1 | T60: 2 | U60: 0 | V60: 1 | W60: 0 | X60: 0 | Y60: 0 | Z60: 0 | AA60: 1 | AB60: 1 | AC60: 1 | AD60: 0 | AE60: 0 | AF60: 0 | AG60: 0 | AH60: 0 | AI60: 0 | AJ60: 1 | AK60: 1 | AL60: 0 | AM60: 1 | AN60: 0 | AO60: 0 | AP60: 0 | AQ60: 0 | AR60: 0 | AS60: 0 | AT60: 1 | AU60: 0 | AV60: 0 | AW60: 1 | AX60: 0 | AY60: =SUM(E60:AX60) -> 18
B61: 4 | C61: 4. H. EKO SUSILO NURHIDAYAT | E61: 0 | F61: 1 | G61: 0 | H61: 1 | I61: 0 | J61: 1 | K61: 1 | L61: 0 | M61: 3 | N61: 2 | O61: 3 | P61: 0 | Q61: 1 | R61: 5 | S61: 2 | T61: 0 | U61: 2 | V61: 1 | W61: 3 | X61: 1 | Y61: 2 | Z61: 1 | AA61: 2 | AB61: 0 | AC61: 0 | AD61: 10 | AE61: 4 | AF61: 2 | AG61: 2 | AH61: 1 | AI61: 0 | AJ61: 2 | AK61: 0 | AL61: 1 | AM61: 0 | AN61: 0 | AO61: 0 | AP61: 0 | AQ61: 0 | AR61: 0 | AS61: 0 | AT61: 0 | AU61: 1 | AV61: 0 | AW61: 0 | AX61: 1 | AY61: =SUM(E61:AX61) -> 56
B62: 5 | C62: 5. KARNADI HARIJANTO, S.S. | E62: 1 | F62: 3 | G62: 0 | H62: 1 | I62: 0 | J62: 1 | K62: 1 | L62: 0 | M62: 1 | N62: 2 | O62: 2 | P62: 0 | Q62: 0 | R62: 3 | S62: 0 | T62: 0 | U62: 1 | V62: 1 | W62: 1 | X62: 0 | Y62: 0 | Z62: 1 | AA62: 0 | AB62: 0 | AC62: 1 | AD62: 0 | AE62: 0 | AF62: 3 | AG62: 1 | AH62: 0 | AI62: 0 | AJ62: 1 | AK62: 0 | AL62: 0 | AM62: 0 | AN62: 0 | AO62: 1 | AP62: 0 | AQ62: 1 | AR62: 0 | AS62: 1 | AT62: 0 | AU62: 1 | AV62: 0 | AW62: 0 | AX62: 0 | AY62: =SUM(E62:AX62) -> 29
B63: 6 | C63: 6. NURHAYATI | E63: 0 | F63: 3 | G63: 0 | H63: 0 | I63: 0 | J63: 1 | K63: 0 | L63: 0 | M63: 1 | N63: 1 | O63: 0 | P63: 0 | Q63: 0 | R63: 0 | S63: 1 | T63: 0 | U63: 0 | V63: 1 | W63: 0 | X63: 1 | Y63: 1 | Z63: 0 | AA63: 1 | AB63: 0 | AC63: 1 | AD63: 0 | AE63: 0 | AF63: 0 | AG63: 0 | AH63: 0 | AI63: 0 | AJ63: 0 | AK63: 0 | AL63: 0 | AM63: 0 | AN63: 0 | AO63: 0 | AP63: 0 | AQ63: 0 | AR63: 0 | AS63: 0 | AT63: 0 | AU63: 0 | AV63: 0 | AW63: 0 | AX63: 0 | AY63: =SUM(E63:AX63) -> 12
B64: 7 | C64: 7. MASHUDI | E64: 0 | F64: 0 | G64: 1 | H64: 0 | I64: 0 | J64: 0 | K64: 0 | L64: 0 | M64: 0 | N64: 0 | O64: 0 | P64: 0 | Q64: 0 | R64: 0 | S64: 0 | T64: 1 | U64: 0 | V64: 0 | W64: 1 | X64: 0 | Y64: 0 | Z64: 1 | AA64: 0 | AB64: 0 | AC64: 0 | AD64: 0 | AE64: 0 | AF64: 0 | AG64: 0 | AH64: 0 | AI64: 0 | AJ64: 0 | AK64: 0 | AL64: 0 | AM64: 0 | AN64: 0 | AO64: 0 | AP64: 0 | AQ64: 1 | AR64: 0 | AS64: 0 | AT64: 0 | AU64: 0 | AV64: 0 | AW64: 0 | AX64: 0 | AY64: =SUM(E64:AX64) -> 5
AY65: =SUM(E65:AX65) -> 0
AY66: =SUM(E66:AX66) -> 0
A67: B | B67: JUMLAH SUARA SAH PARTAI POLITIK DAN CALON (A1 + A2) | E67: =SUM(E57:E64) -> 24 | F67: =SUM(F57:F64) -> 46 | G67: =SUM(G57:G64) -> 15 | H67: =SUM(H57:H64) -> 17 | I67: =SUM(I57:I64) -> 9 | J67: =SUM(J57:J64) -> 11 | K67: =SUM(K57:K64) -> 6 | L67: =SUM(L57:L64) -> 8 | ... AX67: =SUM(AX57:AX64) -> 3 | AY67: =SUM(E67:AX67) -> 763
A69: A.1 | B69: 3. | C69: Partai Demokrasi Indonesia Perjuangan | E69: 14 | F69: 5 | G69: 2 | H69: 2 | I69: 4 | J69: 1 | K69: 2 | L69: 5 | M69: 4 | N69: 2 | O69: 3 | P69: 8 | Q69: 0 | R69: 5 | S69: 3 | T69: 1 | U69: 1 | V69: 7 | W69: 9 | X69: 8 | Y69: 2 | Z69: 2 | AA69: 2 | AB69: 5 | AC69: 0 | AD69: 3 | AE69: 7 | AF69: 5 | AG69: 0 | AH69: 0 | AI69: 0 | AJ69: 1 | AK69: 0 | AL69: 3 | AM69: 1 | AN69: 5 | AO69: 1 | AP69: 1 | AQ69: 0 | AR69: 2 | AS69: 3 | AT69: 1 | AU69: 2 | AV69: 5 | AW69: 0 | AX69: 3 | AY69: =SUM(E69:AX69) -> 140
A70: A.2 | B70: 1 | C70: 1. SONNY TRI DANAPARAMITA, S.H., M.H. | E70: 8 | F70: 4 | G70: 4 | H70: 9 | I70: 31 | J70: 1 | K70: 4 | L70: 23 | M70: 1 | N70: 2 | O70: 16 | P70: 22 | Q70: 2 | R70: 4 | S70: 5 | T70: 6 | U70: 2 | V70: 15 | W70: 9 | X70: 12 | Y70: 6 | Z70: 3 | AA70: 3 | AB70: 2 | AC70: 5 | AD70: 2 | AE70: 4 | AF70: 2 | AG70: 6 | AH70: 1 | AI70: 2 | AJ70: 4 | AK70: 0 | AL70: 3 | AM70: 11 | AN70: 16 | AO70: 15 | AP70: 8 | AQ70: 5 | AR70: 1 | AS70: 3 | AT70: 1 | AU70: 7 | AV70: 2 | AW70: 7 | AX70: 1 | AY70: =SUM(E70:AX70) -> 300
B71: 2 | C71: 2. H. MOHAMAD GUNTUR ROMLI | E71: 1 | F71: 4 | G71: 0 | H71: 1 | I71: 0 | J71: 0 | K71: 2 | L71: 0 | M71: 0 | N71: 0 | O71: 4 | P71: 4 | Q71: 1 | R71: 1 | S71: 2 | T71: 3 | U71: 1 | V71: 2 | W71: 1 | X71: 0 | Y71: 0 | Z71: 0 | AA71: 1 | AB71: 1 | AC71: 0 | AD71: 6 | AE71: 0 | AF71: 1 | AG71: 0 | AH71: 2 | AI71: 0 | AJ71: 0 | AK71: 0 | AL71: 0 | AM71: 1 | AN71: 0 | AO71: 1 | AP71: 1 | AQ71: 0 | AR71: 0 | AS71: 0 | AT71: 3 | AU71: 0 | AV71: 0 | AW71: 1 | AX71: 0 | AY71: =SUM(E71:AX71) -> 45
B72: 3 | C72: 3. INA AMMANIA | E72: 4 | F72: 0 | G72: 14 | H72: 17 | I72: 0 | J72: 0 | K72: 0 | L72: 1 | M72: 0 | N72: 1 | O72: 1 | P72: 0 | Q72: 0 | R72: 0 | S72: 0 | T72: 24 | U72: 0 | V72: 4 | W72: 9 | X72: 1 | Y72: 0 | Z72: 0 | AA72: 1 | AB72: 1 | AC72: 1 | AD72: 3 | AE72: 3 | AF72: 0 | AG72: 0 | AH72: 0 | AI72: 0 | AJ72: 1 | AK72: 1 | AL72: 0 | AM72: 2 | AN72: 1 | AO72: 0 | AP72: 1 | AQ72: 1 | AR72: 1 | AS72: 1 | AT72: 0 | AU72: 0 | AV72: 1 | AW72: 0 | AX72: 1 | AY72: =SUM(E72:AX72) -> 96
B73: 4 | C73: 4. IRWAN BACHTIAR RACHMAT, M.Si. | E73: 1 | F73: 0 | G73: 0 | H73: 0 | I73: 0 | J73: 0 | K73: 0 | L73: 0 | M73: 0 | N73: 0 | O73: 0 | P73: 1 | Q73: 0 | R73: 0 | S73: 1 | T73: 1 | U73: 1 | V73: 0 | W73: 0 | X73: 0 | Y73: 0 | Z73: 0 | AA73: 1 | AB73: 0 | AC73: 0 | AD73: 0 | AE73: 1 | AF73: 1 | AG73: 0 | AH73: 0 | AI73: 0 | AJ73: 1 | AK73: 0 | AL73: 0 | AM73: 0 | AN73: 1 | AO73: 0 | AP73: 0 | AQ73: 0 | AR73: 1 | AS73: 0 | AT73: 0 | AU73: 1 | AV73: 0 | AW73: 0 | AX73: 0 | AY73: =SUM(E73:AX73) -> 12
B74: 5 | C74: 5. LUCKY PERDANA | E74: 1 | F74: 2 | G74: 2 | H74: 0 | I74: 2 | J74: 0 | K74: 0 | L74: 3 | M74: 1 | N74: 1 | O74: 2 | P74: 1 | Q74: 0 | R74: 0 | S74: 0 | T74: 3 | U74: 0 | V74: 6 | W74: 1 | X74: 0 | Y74: 4 | Z74: 0 | AA74: 1 | AB74: 0 | AC74: 1 | AD74: 0 | AE74: 0 | AF74: 0 | AG74: 1 | AH74: 1 | AI74: 0 | AJ74: 0 | AK74: 1 | AL74: 1 | AM74: 1 | AN74: 0 | AO74: 1 | AP74: 0 | AQ74: 0 | AR74: 1 | AS74: 0 | AT74: 0 | AU74: 0 | AV74: 1 | AW74: 0 | AX74: 0 | AY74: =SUM(E74:AX74) -> 39
B75: 6 | C75: 6. WIWIK PUJIYATI | E75: 1 | F75: 0 | G75: 0 | H75: 0 | I75: 0 | J75: 0 | K75: 0 | L75: 0 | M75: 0 | N75: 0 | O75: 0 | P75: 0 | Q75: 0 | R75: 0 | S75: 0 | T75: 1 | U75: 1 | V75: 0 | W75: 0 | X75: 0 | Y75: 1 | Z75: 0 | AA75: 0 | AB75: 0 | AC75: 0 | AD75: 0 | AE75: 0 | AF75: 0 | AG75: 0 | AH75: 1 | AI75: 0 | AJ75: 0 | AK75: 0 | AL75: 0 | AM75: 1 | AN75: 0 | AO75: 1 | AP75: 0 | AQ75: 0 | AR75: 0 | AS75: 0 | AT75: 0 | AU75: 0 | AV75: 0 | AW75: 1 | AX75: 0 | AY75: =SUM(E75:AX75) -> 8
B76: 7 | C76: 7. CHANDRA ASTAN, S.T. | E76: 1 | F76: 1 | G76: 0 | H76: 0 | I76: 1 | J76: 0 | K76: 0 | L76: 0 | M76: 0 | N76: 0 | O76: 0 | P76: 0 | Q76: 0 | R76: 0 | S76: 0 | T76: 1 | U76: 0 | V76: 1 | W76: 0 | X76: 2 | Y76: 1 | Z76: 2 | AA76: 0 | AB76: 0 | AC76: 1 | AD76: 0 | AE76: 0 | AF76: 0 | AG76: 0 | AH76: 0 | AI76: 0 | AJ76: 0 | AK76: 1 | AL76: 0 | AM76: 0 | AN76: 0 | AO76: 0 | AP76: 0 | AQ76: 0 | AR76: 0 | AS76: 0 | AT76: 3 | AU76: 0 | AV76: 0 | AW76: 0 | AX76: 0 | AY76: =SUM(E76:AX76) -> 15
AY77: =SUM(E77:AX77) -> 0
AY78: =SUM(E78:AX78) -> 0
A79: B | B79: JUMLAH SUARA SAH PARTAI POLITIK DAN CALON (A1 + A2) | E79: =SUM(E69:E76) -> 31 | F79: =SUM(F69:F76) -> 16 | G79: =SUM(G69:G76) -> 22 | H79: =SUM(H69:H76) -> 29 | I79: =SUM(I69:I76) -> 38 | J79: =SUM(J69:J76) -> 2 | K79: =SUM(K69:K76) -> 8 | L79: =SUM(L69:L76) -> 32 | ... AX79: =SUM(AX69:AX76) -> 5 | AY79: =SUM(E79:AX79) -> 655
A81: A.1 | B81: 4. | C81: Partai Golongan Karya | E81: 6 | F81: 6 | G81: 5 | H81: 1 | I81: 5 | J81: 9 | K81: 6 | L81: 5 | M81: 3 | N81: 4 | O81: 9 | P81: 0 | Q81: 0 | R81: 1 | S81: 1 | T81: 2 | U81: 0 | V81: 2 | W81: 1 | X81: 3 | Y81: 2 | Z81: 11 | AA81: 3 | AB81: 5 | AC81: 3 | AD81: 1 | AE81: 15 | AF81: 15 | AG81: 13 | AH81: 3 | AI81: 3 | AJ81: 4 | AK81: 5 | AL81: 3 | AM81: 0 | AN81: 1 | AO81: 1 | AP81: 31 | AQ81: 12 | AR81: 4 | AS81: 4 | AT81: 15 | AU81: 10 | AV81: 13 | AW81: 10 | AX81: 10 | AY81: =SUM(E81:AX81) -> 266
A82: A.2 | B82: 1 | C82: 1. ZULFIKAR ARSE SADIKIN, S.I.P., M.Si. | E82: 5 | F82: 7 | G82: 15 | H82: 12 | I82: 37 | J82: 19 | K82: 7 | L82: 9 | M82: 4 | N82: 1 | O82: 8 | P82: 0 | Q82: 0 | R82: 4 | S82: 3 | T82: 2 | U82: 2 | V82: 4 | W82: 12 | X82: 6 | Y82: 0 | Z82: 7 | AA82: 9 | AB82: 9 | AC82: 20 | AD82: 2 | AE82: 8 | AF82: 45 | AG82: 6 | AH82: 7 | AI82: 5 | AJ82: 8 | AK82: 4 | AL82: 4 | AM82: 3 | AN82: 1 | AO82: 1 | AP82: 20 | AQ82: 15 | AR82: 7 | AS82: 4 | AT82: 15 | AU82: 28 | AV82: 26 | AW82: 66 | AX82: 32 | AY82: =SUM(E82:AX82) -> 509
B83: 2 | C83: 2. HANDOKO | E83: 13 | F83: 8 | G83: 6 | H83: 2 | I83: 2 | J83: 18 | K83: 2 | L83: 9 | M83: 6 | N83: 9 | O83: 12 | P83: 3 | Q83: 2 | R83: 4 | S83: 7 | T83: 2 | U83: 0 | V83: 5 | W83: 2 | X83: 3 | Y83: 1 | Z83: 22 | AA83: 16 | AB83: 3 | AC83: 2 | AD83: 3 | AE83: 3 | AF83: 5 | AG83: 5 | AH83: 6 | AI83: 5 | AJ83: 1 | AK83: 2 | AL83: 5 | AM83: 1 | AN83: 1 | AO83: 6 | AP83: 109 | AQ83: 16 | AR83: 17 | AS83: 13 | AT83: 35 | AU83: 32 | AV83: 32 | AW83: 7 | AX83: 82 | AY83: =SUM(E83:AX83) -> 545
B84: 3 | C84: 3. Hj. OVI DEWI YANTI | E84: 1 | F84: 2 | G84: 1 | H84: 1 | I84: 1 | J84: 0 | K84: 0 | L84: 1 | M84: 1 | N84: 0 | O84: 1 | P84: 0 | Q84: 0 | R84: 1 | S84: 0 | T84: 2 | U84: 0 | V84: 0 | W84: 1 | X84: 1 | Y84: 0 | Z84: 0 | AA84: 0 | AB84: 0 | AC84: 1 | AD84: 4 | AE84: 3 | AF84: 0 | AG84: 1 | AH84: 1 | AI84: 0 | AJ84: 0 | AK84: 0 | AL84: 0 | AM84: 0 | AN84: 0 | AO84: 0 | AP84: 1 | AQ84: 1 | AR84: 1 | AS84: 1 | AT84: 2 | AU84: 1 | AV84: 4 | AW84: 0 | AX84: 0 | AY84: =SUM(E84:AX84) -> 35
B85: 4 | C85: 4. Ir. AZAM AZMAN NATAWIJANA | E85: 0 | F85: 1 | G85: 0 | H85: 4 | I85: 0 | J85: 1 | K85: 0 | L85: 0 | M85: 2 | N85: 0 | O85: 0 | P85: 0 | Q85: 0 | R85: 0 | S85: 0 | T85: 10 | U85: 0 | V85: 0 | W85: 0 | X85: 1 | Y85: 2 | Z85: 0 | AA85: 1 | AB85: 0 | AC85: 1 | AD85: 0 | AE85: 0 | AF85: 2 | AG85: 0 | AH85: 1 | AI85: 1 | AJ85: 1 | AK85: 0 | AL85: 0 | AM85: 1 | AN85: 0 | AO85: 0 | AP85: 0 | AQ85: 1 | AR85: 0 | AS85: 1 | AT85: 0 | AU85: 0 | AV85: 0 | AW85: 1 | AX85: 0 | AY85: =SUM(E85:AX85) -> 32
B86: 5 | C86: 5. UBAIDILLAH AMIN, S.Kom. | E86: 1 | F86: 0 | G86: 0 | H86: 2 | I86: 0 | J86: 0 | K86: 0 | L86: 0 | M86: 2 | N86: 0 | O86: 1 | P86: 0 | Q86: 0 | R86: 1 | S86: 0 | T86: 1 | U86: 0 | V86: 1 | W86: 1 | X86: 0 | Y86: 1 | Z86: 0 | AA86: 2 | AB86: 0 | AC86: 0 | AD86: 0 | AE86: 0 | AF86: 0 | AG86: 2 | AH86: 2 | AI86: 0 | AJ86: 1 | AK86: 0 | AL86: 1 | AM86: 0 | AN86: 0 | AO86: 0 | AP86: 0 | AQ86: 0 | AR86: 1 | AS86: 0 | AT86: 0 | AU86: 0 | AV86: 0 | AW86: 0 | AX86: 0 | AY86: =SUM(E86:AX86) -> 20
B87: 6 | C87: 6. DENNY YUNIANDARI, S.H., M.Kn. | E87: 0 | F87: 0 | G87: 0 | H87: 0 | I87: 0 | J87: 0 | K87: 0 | L87: 0 | M87: 0 | N87: 0 | O87: 0 | P87: 0 | Q87: 0 | R87: 0 | S87: 0 | T87: 0 | U87: 0 | V87: 0 | W87: 0 | X87: 0 | Y87: 0 | Z87: 1 | AA87: 0 | AB87: 0 | AC87: 0 | AD87: 0 | AE87: 0 | AF87: 0 | AG87: 0 | AH87: 0 | AI87: 0 | AJ87: 1 | AK87: 0 | AL87: 0 | AM87: 0 | AN87: 0 | AO87: 0 | AP87: 0 | AQ87: 0 | AR87: 0 | AS87: 0 | AT87: 1 | AU87: 0 | AV87: 0 | AW87: 0 | AX87: 0 | AY87: =SUM(E87:AX87) -> 3
B88: 7 | C88: 7. ERNADI, S.H.I. | E88: 0 | F88: 1 | G88: 0 | H88: 0 | I88: 0 | J88: 0 | K88: 0 | L88: 0 | M88: 0 | N88: 0 | O88: 0 | P88: 0 | Q88: 0 | R88: 0 | S88: 0 | T88: 0 | U88: 0 | V88: 0 | W88: 0 | X88: 0 | Y88: 0 | Z88: 0 | AA88: 0 | AB88: 0 | AC88: 0 | AD88: 0 | AE88: 1 | AF88: 0 | AG88: 0 | AH88: 0 | AI88: 0 | AJ88: 0 | AK88: 0 | AL88: 0 | AM88: 0 | AN88: 0 | AO88: 1 | AP88: 0 | AQ88: 0 | AR88: 0 | AS88: 0 | AT88: 0 | AU88: 0 | AV88: 0 | AW88: 0 | AX88: 0 | AY88: =SUM(E88:AX88) -> 3
AY89: =SUM(E89:AX89) -> 0
AY90: =SUM(E90:AX90) -> 0
A91: B | B91: JUMLAH SUARA SAH PARTAI POLITIK DAN CALON (A1 + A2) | E91: =SUM(E81:E88) -> 26 | F91: =SUM(F81:F88) -> 25 | G91: =SUM(G81:G88) -> 27 | H91: =SUM(H81:H88) -> 22 | I91: =SUM(I81:I88) -> 45 | J91: =SUM(J81:J88) -> 47 | K91: =SUM(K81:K88) -> 15 | L91: =SUM(L81:L88) -> 24 | ... AX91: =SUM(AX81:AX88) -> 124 | AY91: =SUM(E91:AX91) -> 1413
A93: A.1 | B93: 5. | C93: Partai NasDem | E93: 1 | F93: 4 | G93: 1 | H93: 1 | I93: 1 | J93: 0 | K93: 0 | L93: 1 | M93: 4 | N93: 2 | O93: 1 | P93: 4 | Q93: 1 | R93: 1 | S93: 4 | T93: 2 | U93: 2 | V93: 1 | W93: 2 | X93: 4 | Y93: 2 | Z93: 3 | AA93: 9 | AB93: 1 | AC93: 1 | AD93: 1 | AE93: 1 | AF93: 5 | AG93: 0 | AH93: 0 | AI93: 1 | AJ93: 1 | AK93: 0 | AL93: 2 | AM93: 1 | AN93: 0 | AO93: 2 | AP93: 2 | AQ93: 3 | AR93: 1 | AS93: 1 | AT93: 1 | AU93: 0 | AV93: 0 | AW93: 1 | AX93: 1 | AY93: =SUM(E93:AX93) -> 77
A94: A.2 | B94: 1 | C94: 1. ACH. FADIL MUZAKKI SYAH | E94: 3 | F94: 2 | G94: 8 | H94: 1 | I94: 0 | J94: 0 | K94: 2 | L94: 2 | M94: 6 | N94: 0 | O94: 1 | P94: 2 | Q94: 0 | R94: 5 | S94: 9 | T94: 3 | U94: 8 | V94: 2 | W94: 1 | X94: 7 | Y94: 5 | Z94: 5 | AA94: 2 | AB94: 3 | AC94: 8 | AD94: 9 | AE94: 1 | AF94: 7 | AG94: 2 | AH94: 1 | AI94: 0 | AJ94: 0 | AK94: 3 | AL94: 1 | AM94: 1 | AN94: 1 | AO94: 0 | AP94: 0 | AQ94: 0 | AR94: 2 | AS94: 0 | AT94: 0 | AU94: 1 | AV94: 0 | AW94: 0 | AX94: 0 | AY94: =SUM(E94:AX94) -> 114
B95: 2 | C95: 2. BENY | E95: 0 | F95: 0 | G95: 0 | H95: 0 | I95: 0 | J95: 1 | K95: 1 | L95: 2 | M95: 0 | N95: 1 | O95: 1 | P95: 0 | Q95: 0 | R95: 2 | S95: 0 | T95: 2 | U95: 1 | V95: 0 | W95: 2 | X95: 1 | Y95: 2 | Z95: 0 | AA95: 7 | AB95: 0 | AC95: 1 | AD95: 1 | AE95: 0 | AF95: 0 | AG95: 1 | AH95: 0 | AI95: 0 | AJ95: 0 | AK95: 0 | AL95: 0 | AM95: 0 | AN95: 0 | AO95: 1 | AP95: 2 | AQ95: 0 | AR95: 0 | AS95: 0 | AT95: 0 | AU95: 3 | AV95: 0 | AW95: 1 | AX95: 1 | AY95: =SUM(E95:AX95) -> 34
B96: 3 | C96: 3. VINA VERONIKA | E96: 0 | F96: 1 | G96: 0 | H96: 0 | I96: 0 | J96: 0 | K96: 0 | L96: 0 | M96: 0 | N96: 0 | O96: 0 | P96: 2 | Q96: 0 | R96: 0 | S96: 1 | T96: 2 | U96: 0 | V96: 0 | W96: 0 | X96: 0 | Y96: 0 | Z96: 0 | AA96: 0 | AB96: 0 | AC96: 0 | AD96: 0 | AE96: 0 | AF96: 0 | AG96: 0 | AH96: 0 | AI96: 0 | AJ96: 1 | AK96: 1 | AL96: 1 | AM96: 0 | AN96: 0 | AO96: 0 | AP96: 0 | AQ96: 0 | AR96: 0 | AS96: 0 | AT96: 0 | AU96: 0 | AV96: 0 | AW96: 0 | AX96: 0 | AY96: =SUM(E96:AX96) -> 9
B97: 4 | C97: 4. TEDDY ANUGRIANTO | E97: 2 | F97: 0 | G97: 0 | H97: 0 | I97: 0 | J97: 1 | K97: 5 | L97: 0 | M97: 0 | N97: 0 | O97: 0 | P97: 0 | Q97: 0 | R97: 0 | S97: 1 | T97: 0 | U97: 0 | V97: 0 | W97: 0 | X97: 0 | Y97: 1 | Z97: 0 | AA97: 2 | AB97: 0 | AC97: 1 | AD97: 1 | AE97: 1 | AF97: 0 | AG97: 1 | AH97: 0 | AI97: 0 | AJ97: 0 | AK97: 2 | AL97: 2 | AM97: 0 | AN97: 0 | AO97: 2 | AP97: 0 | AQ97: 0 | AR97: 0 | AS97: 0 | AT97: 0 | AU97: 0 | AV97: 1 | AW97: 0 | AX97: 0 | AY97: =SUM(E97:AX97) -> 23
B98: 5 | C98: 5. INSAN KAMIL | E98: 0 | F98: 0 | G98: 0 | H98: 0 | I98: 0 | J98: 0 | K98: 0 | L98: 0 | M98: 0 | N98: 0 | O98: 1 | P98: 1 | Q98: 0 | R98: 0 | S98: 1 | T98: 0 | U98: 0 | V98: 0 | W98: 0 | X98: 0 | Y98: 0 | Z98: 1 | AA98: 0 | AB98: 0 | AC98: 0 | AD98: 4 | AE98: 0 | AF98: 0 | AG98: 0 | AH98: 0 | AI98: 0 | AJ98: 0 | AK98: 3 | AL98: 2 | AM98: 0 | AN98: 0 | AO98: 3 | AP98: 0 | AQ98: 1 | AR98: 0 | AS98: 1 | AT98: 0 | AU98: 0 | AV98: 2 | AW98: 0 | AX98: 0 | AY98: =SUM(E98:AX98) -> 20
B99: 6 | C99: 6. LILIK LINDARWATI | E99: 0 | F99: 0 | G99: 0 | H99: 0 | I99: 0 | J99: 0 | K99: 0 | L99: 0 | M99: 0 | N99: 0 | O99: 0 | P99: 0 | Q99: 0 | R99: 0 | S99: 0 | T99: 0 | U99: 0 | V99: 0 | W99: 0 | X99: 0 | Y99: 0 | Z99: 0 | AA99: 0 | AB99: 1 | AC99: 0 | AD99: 0 | AE99: 0 | AF99: 0 | AG99: 0 | AH99: 0 | AI99: 0 | AJ99: 0 | AK99: 0 | AL99: 0 | AM99: 0 | AN99: 0 | AO99: 1 | AP99: 0 | AQ99: 0 | AR99: 0 | AS99: 0 | AT99: 0 | AU99: 0 | AV99: 0 | AW99: 0 | AX99: 0 | AY99: =SUM(E99:AX99) -> 2
B100: 7 | C100: 7. YULI ANITA | E100: 0 | F100: 0 | G100: 2 | H100: 0 | I100: 0 | J100: 2 | K100: 0 | L100: 1 | M100: 2 | N100: 0 | O100: 1 | P100: 0 | Q100: 0 | R100: 0 | S100: 0 | T100: 0 | U100: 0 | V100: 0 | W100: 0 | X100: 0 | Y100: 0 | Z100: 0 | AA100: 0 | AB100: 1 | AC100: 0 | AD100: 0 | AE100: 0 | AF100: 0 | AG100: 1 | AH100: 3 | AI100: 0 | AJ100: 0 | AK100: 0 | AL100: 0 | AM100: 0 | AN100: 0 | AO100: 1 | AP100: 0 | AQ100: 0 | AR100: 0 | AS100: 0 | AT100: 0 | AU100: 2 | AV100: 0 | AW100: 0 | AX100: 0 | AY100: =SUM(E100:AX100) -> 16
AY101: =SUM(E101:AX101) -> 0
AY102: =SUM(E102:AX102) -> 0
A103: B | B103: JUMLAH SUARA SAH PARTAI POLITIK DAN CALON (A1 + A2) | E103: =SUM(E93:E100) -> 6 | F103: =SUM(F93:F100) -> 7 | G103: =SUM(G93:G100) -> 11 | H103: =SUM(H93:H100) -> 2 | I103: =SUM(I93:I100) -> 1 | J103: =SUM(J93:J100) -> 4 | K103: =SUM(K93:K100) -> 8 | L103: =SUM(L93:L100) -> 6 | ... AX103: =SUM(AX93:AX100) -> 2 | AY103: =SUM(E103:AX103) -> 295
A105: A.1 | B105: 6. | C105: Partai Buruh | E105: 0 | F105: 0 | G105: 0 | H105: 0 | I105: 0 | J105: 0 | K105: 0 | L105: 0 | M105: 0 | N105: 0 | O105: 0 | P105: 0 | Q105: 0 | R105: 0 | S105: 0 | T105: 0 | U105: 0 | V105: 0 | W105: 1 | X105: 0 | Y105: 0 | Z105: 0 | AA105: 0 | AB105: 1 | AC105: 0 | AD105: 0 | AE105: 0 | AF105: 0 | AG105: 0 | AH105: 1 | AI105: 0 | AJ105: 0 | AK105: 0 | AL105: 1 | AM105: 0 | AN105: 0 | AO105: 0 | AP105: 0 | AQ105: 1 | AR105: 0 | AS105: 0 | AT105: 0 | AU105: 0 | AV105: 0 | AW105: 0 | AX105: 0 | AY105: =SUM(E105:AX105) -> 5
A106: A.2 | B106: 1 | C106: 1. KHOIRUL ANAM | E106: 0 | F106: 1 | G106: 0 | H106: 0 | I106: 0 | J106: 1 | K106: 1 | L106: 0 | M106: 0 | N106: 0 | O106: 0 | P106: 0 | Q106: 0 | R106: 1 | S106: 0 | T106: 0 | U106: 0 | V106: 0 | W106: 1 | X106: 1 | Y106: 0 | Z106: 0 | AA106: 0 | AB106: 0 | AC106: 1 | AD106: 1 | AE106: 1 | AF106: 0 | AG106: 0 | AH106: 0 | AI106: 0 | AJ106: 1 | AK106: 1 | AL106: 0 | AM106: 0 | AN106: 0 | AO106: 1 | AP106: 0 | AQ106: 0 | AR106: 0 | AS106: 1 | AT106: 0 | AU106: 0 | AV106: 0 | AW106: 0 | AX106: 0 | AY106: =SUM(E106:AX106) -> 13
B107: 2 | C107: 2. INA KURNIA | E107: 0 | F107: 0 | G107: 0 | H107: 1 | I107: 0 | J107: 0 | K107: 1 | L107: 0 | M107: 0 | N107: 0 | O107: 0 | P107: 0 | Q107: 0 | R107: 0 | S107: 1 | T107: 0 | U107: 0 | V107: 0 | W107: 0 | X107: 0 | Y107: 0 | Z107: 0 | AA107: 0 | AB107: 0 | AC107: 0 | AD107: 0 | AE107: 0 | AF107: 0 | AG107: 0 | AH107: 0 | AI107: 0 | AJ107: 0 | AK107: 0 | AL107: 0 | AM107: 0 | AN107: 0 | AO107: 0 | AP107: 0 | AQ107: 0 | AR107: 0 | AS107: 0 | AT107: 0 | AU107: 0 | AV107: 0 | AW107: 0 | AX107: 0 | AY107: =SUM(E107:AX107) -> 3
B108: 3 | C108: 3. JIBRAL TAROUK | E108: 0 | F108: 0 | G108: 0 | H108: 0 | I108: 0 | J108: 0 | K108: 0 | L108: 0 | M108: 0 | N108: 0 | O108: 0 | P108: 0 | Q108: 0 | R108: 0 | S108: 0 | T108: 0 | U108: 0 | V108: 0 | W108: 0 | X108: 0 | Y108: 0 | Z108: 0 | AA108: 0 | AB108: 0 | AC108: 0 | AD108: 0 | AE108: 0 | AF108: 0 | AG108: 0 | AH108: 0 | AI108: 0 | AJ108: 0 | AK108: 0 | AL108: 0 | AM108: 0 | AN108: 0 | AO108: 0 | AP108: 0 | AQ108: 0 | AR108: 0 | AS108: 0 | AT108: 0 | AU108: 0 | AV108: 0 | AW108: 0 | AX108: 0 | AY108: =SUM(E108:AX108) -> 0
B109: 4 | C109: 4. ASTUTI DAENG PUJI | E109: 0 | F109: 0 | G109: 0 | H109: 0 | I109: 0 | J109: 0 | K109: 0 | L109: 1 | M109: 0 | N109: 0 | O109: 0 | P109: 0 | Q109: 0 | R109: 0 | S109: 1 | T109: 0 | U109: 0 | V109: 0 | W109: 1 | X109: 0 | Y109: 0 | Z109: 0 | AA109: 0 | AB109: 0 | AC109: 0 | AD109: 0 | AE109: 0 | AF109: 0 | AG109: 0 | AH109: 0 | AI109: 1 | AJ109: 0 | AK109: 0 | AL109: 0 | AM109: 0 | AN109: 0 | AO109: 0 | AP109: 0 | AQ109: 0 | AR109: 0 | AS109: 0 | AT109: 0 | AU109: 0 | AV109: 0 | AW109: 0 | AX109: 0 | AY109: =SUM(E109:AX109) -> 4
B110: 5 | C110: 5. ASDARMAWAN | E110: 0 | F110: 0 | G110: 0 | H110: 0 | I110: 0 | J110: 0 | K110: 0 | L110: 0 | M110: 0 | N110: 0 | O110: 0 | P110: 0 | Q110: 0 | R110: 0 | S110: 1 | T110: 0 | U110: 0 | V110: 0 | W110: 0 | X110: 0 | Y110: 0 | Z110: 0 | AA110: 0 | AB110: 0 | AC110: 0 | AD110: 0 | AE110: 0 | AF110: 0 | AG110: 0 | AH110: 0 | AI110: 0 | AJ110: 0 | AK110: 0 | AL110: 0 | AM110: 0 | AN110: 0 | AO110: 0 | AP110: 0 | AQ110: 0 | AR110: 0 | AS110: 0 | AT110: 0 | AU110: 0 | AV110: 0 | AW110: 0 | AX110: 0 | AY110: =SUM(E110:AX110) -> 1
B111: 6 | C111: 6. RIFQI MUBAROK | E111: 0 | F111: 0 | G111: 0 | H111: 0 | I111: 0 | J111: 0 | K111: 0 | L111: 0 | M111: 0 | N111: 0 | O111: 0 | P111: 0 | Q111: 0 | R111: 0 | S111: 0 | T111: 0 | U111: 0 | V111: 0 | W111: 0 | X111: 0 | Y111: 0 | Z111: 0 | AA111: 0 | AB111: 0 | AC111: 0 | AD111: 0 | AE111: 0 | AF111: 0 | AG111: 0 | AH111: 0 | AI111: 0 | AJ111: 0 | AK111: 0 | AL111: 0 | AM111: 0 | AN111: 0 | AO111: 0 | AP111: 0 | AQ111: 0 | AR111: 0 | AS111: 0 | AT111: 0 | AU111: 0 | AV111: 0 | AW111: 0 | AX111: 0 | AY111: =SUM(E111:AX111) -> 0
B112: 7 | C112: 7. FIRNANDA ALTA MEGA | E112: 0 | F112: 0 | G112: 0 | H112: 0 | I112: 0 | J112: 0 | K112: 0 | L112: 0 | M112: 0 | N112: 0 | O112: 0 | P112: 0 | Q112: 0 | R112: 0 | S112: 0 | T112: 0 | U112: 0 | V112: 0 | W112: 0 | X112: 0 | Y112: 0 | Z112: 0 | AA112: 0 | AB112: 0 | AC112: 0 | AD112: 0 | AE112: 0 | AF112: 0 | AG112: 0 | AH112: 0 | AI112: 0 | AJ112: 0 | AK112: 0 | AL112: 0 | AM112: 0 | AN112: 0 | AO112: 0 | AP112: 0 | AQ112: 0 | AR112: 0 | AS112: 0 | AT112: 0 | AU112: 0 | AV112: 0 | AW112: 0 | AX112: 0 | AY112: =SUM(E112:AX112) -> 0
AY113: =SUM(E113:AX113) -> 0
AY114: =SUM(E114:AX114) -> 0
A115: B | B115: JUMLAH SUARA SAH PARTAI POLITIK DAN CALON (A1 + A2) | E115: =SUM(E105:E112) -> 0 | F115: =SUM(F105:F112) -> 1 | G115: =SUM(G105:G112) -> 0 | H115: =SUM(H105:H112) -> 1 | I115: =SUM(I105:I112) -> 0 | J115: =SUM(J105:J112) -> 1 | K115: =SUM(K105:K112) -> 2 | L115: =SUM(L105:L112) -> 1 | ... AX115: =SUM(AX105:AX112) -> 0 | AY115: =SUM(E115:AX115) -> 26
A117: A.1 | B117: 7. | C117: Partai Gelombang Rakyat Indonesia | E117: 4 | F117: 0 | G117: 0 | H117: 0 | I117: 0 | J117: 1 | K117: 0 | L117: 2 | M117: 0 | N117: 0 | O117: 0 | P117: 0 | Q117: 1 | R117: 1 | S117: 2 | T117: 1 | U117: 1 | V117: 2 | W117: 0 | X117: 0 | Y117: 0 | Z117: 2 | AA117: 0 | AB117: 0 | AC117: 1 | AD117: 0 | AE117: 2 | AF117: 0 | AG117: 0 | AH117: 1 | AI117: 0 | AJ117: 0 | AK117: 2 | AL117: 0 | AM117: 0 | AN117: 1 | AO117: 0 | AP117: 0 | AQ117: 0 | AR117: 0 | AS117: 0 | AT117: 0 | AU117: 0 | AV117: 0 | AW117: 0 | AX117: 1 | AY117: =SUM(E117:AX117) -> 25
...

Sheet KALIBARU KULON
C2: Kecamatan | D2: KALIBARU
C3: Kabupaten | D3: BANYUWANGI
C4: Provinsi | D4: JAWA TIMUR
C9: Kelurahan | D9: KALIBARU KULON
A12: I | B12: DATA PEMILIH DAN PENGGUNAAN HAK PILIH | AF12: JUMLAH AKHIR
A13: A | B13: DATA PEMILIH | E13: TPS 001 | F13: TPS 002 | G13: TPS 003 | H13: TPS 004 | I13: TPS 005 | J13: TPS 006 | K13: TPS 007 | L13: TPS 008 | M13: TPS 009 | N13: TPS 010 | O13: TPS 011 | P13: TPS 012 | Q13: TPS 013 | R13: TPS 014 | S13: TPS 015 | T13: TPS 016 | U13: TPS 017 | V13: TPS 018 | W13: TPS 019 | X13: TPS 020 | Y13: TPS 021 | Z13: TPS 022 | AA13: TPS 023 | AB13: TPS 024 | AC13: TPS 025 | AD13: TPS 026 | AE13: TPS 027
B14: Jumlah Pemilih dalam Daftar Pemilih Tetap (DPT) | D14: LK | E14: 121 | F14: 105 | G14: 122 | H14: 112 | I14: 100 | J14: 104 | K14: 131 | L14: 115 | M14: 115 | N14: 128 | O14: 137 | P14: 129 | Q14: 142 | R14: 95 | S14: 65 | T14: 145 | U14: 118 | V14: 104 | W14: 104 | X14: 138 | Y14: 100 | Z14: 153 | AA14: 91 | AB14: 98 | AC14: 74 | AD14: 140 | AE14: 125 | AF14: =SUM(E14:AE14) -> 3111
D15: PR | E15: 124 | F15: 131 | G15: 126 | H15: 114 | I15: 113 | J15: 102 | K15: 136 | L15: 139 | M15: 108 | N15: 141 | O15: 146 | P15: 121 | Q15: 157 | R15: 106 | S15: 58 | T15: 153 | U15: 108 | V15: 119 | W15: 113 | X15: 143 | Y15: 104 | Z15: 143 | AA15: 97 | AB15: 95 | AC15: 77 | AD15: 155 | AE15: 136 | AF15: =SUM(E15:AE15) -> 3265
D16: JML | E16: =SUM(E14:E15) -> 245 | F16: =SUM(F14:F15) -> 236 | G16: =SUM(G14:G15) -> 248 | H16: =SUM(H14:H15) -> 226 | I16: =SUM(I14:I15) -> 213 | J16: =SUM(J14:J15) -> 206 | K16: =SUM(K14:K15) -> 267 | L16: =SUM(L14:L15) -> 254 | ... AE16: =SUM(AE14:AE15) -> 261 | AF16: =SUM(E16:AE16) -> 6376
A18: B | B18: PENGGUNA HAK PILIH
B19: 1. | C19: Jumlah pengguna hak pilih dalam Daftar Pemilih Tetap (DPT) | D19: LK | E19: 90 | F19: 86 | G19: 102 | H19: 88 | I19: 76 | J19: 80 | K19: 96 | L19: 85 | M19: 89 | N19: 80 | O19: 96 | P19: 94 | Q19: 103 | R19: 84 | S19: 49 | T19: 101 | U19: 88 | V19: 77 | W19: 87 | X19: 98 | Y19: 75 | Z19: 116 | AA19: 71 | AB19: 65 | AC19: 48 | AD19: 103 | AE19: 82 | AF19: =SUM(E19:AE19) -> 2309
D20: PR | E20: 99 | F20: 110 | G20: 102 | H20: 95 | I20: 94 | J20: 87 | K20: 105 | L20: 118 | M20: 91 | N20: 105 | O20: 108 | P20: 93 | Q20: 118 | R20: 92 | S20: 46 | T20: 136 | U20: 95 | V20: 86 | W20: 91 | X20: 113 | Y20: 83 | Z20: 111 | AA20: 76 | AB20: 76 | AC20: 59 | AD20: 127 | AE20: 117 | AF20: =SUM(E20:AE20) -> 2633
D21: JML | E21: =SUM(E19:E20) -> 189 | F21: =SUM(F19:F20) -> 196 | G21: =SUM(G19:G20) -> 204 | H21: =SUM(H19:H20) -> 183 | I21: =SUM(I19:I20) -> 170 | J21: =SUM(J19:J20) -> 167 | K21: =SUM(K19:K20) -> 201 | L21: =SUM(L19:L20) -> 203 | ... AE21: =SUM(AE19:AE20) -> 199 | AF21: =SUM(E21:AE21) -> 4942
B22: 2. | C22: Jumlah pengguna hak pilih dalam Daftar Pemilih Tambahan (DPTb) | D22: LK | E22: 1 | F22: 0 | G22: 1 | H22: 0 | I22: 0 | J22: 0 | K22: 1 | L22: 1 | M22: 0 | N22: 0 | O22: 0 | P22: 0 | Q22: 0 | R22: 0 | S22: 0 | T22: 0 | U22: 0 | V22: 1 | W22: 0 | X22: 0 | Y22: 1 | Z22: 0 | AA22: 0 | AB22: 0 | AC22: 0 | AD22: 0 | AE22: 1 | AF22: =SUM(E22:AE22) -> 7
D23: PR | E23: 0 | F23: 1 | G23: 0 | H23: 0 | I23: 0 | J23: 0 | K23: 0 | L23: 0 | M23: 0 | N23: 0 | O23: 1 | P23: 1 | Q23: 0 | R23: 0 | S23: 1 | T23: 1 | U23: 0 | V23: 1 | W23: 0 | X23: 0 | Y23: 0 | Z23: 0 | AA23: 0 | AB23: 1 | AC23: 0 | AD23: 0 | AE23: 0 | AF23: =SUM(E23:AE23) -> 7
D24: JML | E24: =SUM(E22:E23) -> 1 | F24: =SUM(F22:F23) -> 1 | G24: =SUM(G22:G23) -> 1 | H24: =SUM(H22:H23) -> 0 | I24: =SUM(I22:I23) -> 0 | J24: =SUM(J22:J23) -> 0 | K24: =SUM(K22:K23) -> 1 | L24: =SUM(L22:L23) -> 1 | ... AE24: =SUM(AE22:AE23) -> 1 | AF24: =SUM(E24:AE24) -> 14
B25: 3. | C25: Jumlah pengguna hak pilih dalam Daftar Pemilih Khusus (DPK) | D25: LK | E25: 7 | F25: 2 | G25: 1 | H25: 2 | I25: 4 | J25: 2 | K25: 1 | L25: 1 | M25: 1 | N25: 3 | O25: 1 | P25: 1 | Q25: 4 | R25: 1 | S25: 2 | T25: 1 | U25: 1 | V25: 2 | W25: 3 | X25: 0 | Y25: 1 | Z25: 3 | AA25: 5 | AB25: 2 | AC25: 2 | AD25: 2 | AE25: 0 | AF25: =SUM(E25:AE25) -> 55
D26: PR | E26: 7 | F26: 2 | G26: 1 | H26: 2 | I26: 4 | J26: 1 | K26: 5 | L26: 1 | M26: 0 | N26: 1 | O26: 1 | P26: 2 | Q26: 4 | R26: 3 | S26: 5 | T26: 1 | U26: 2 | V26: 5 | W26: 2 | X26: 0 | Y26: 0 | Z26: 4 | AA26: 5 | AB26: 2 | AC26: 2 | AD26: 2 | AE26: 0 | AF26: =SUM(E26:AE26) -> 64
D27: JML | E27: =SUM(E25:E26) -> 14 | F27: =SUM(F25:F26) -> 4 | G27: =SUM(G25:G26) -> 2 | H27: =SUM(H25:H26) -> 4 | I27: =SUM(I25:I26) -> 8 | J27: =SUM(J25:J26) -> 3 | K27: =SUM(K25:K26) -> 6 | L27: =SUM(L25:L26) -> 2 | ... AE27: =SUM(AE25:AE26) -> 0 | AF27: =SUM(E27:AE27) -> 119
B28: 4. | C28: Jumlah Pengguna Hak Pilih (B.1+B.2+B.3) | D28: LK | E28: =SUM(E19,E22,E25) -> 98 | F28: =SUM(F19,F22,F25) -> 88 | G28: =SUM(G19,G22,G25) -> 104 | H28: =SUM(H19,H22,H25) -> 90 | I28: =SUM(I19,I22,I25) -> 80 | J28: =SUM(J19,J22,J25) -> 82 | K28: =SUM(K19,K22,K25) -> 98 | L28: =SUM(L19,L22,L25) -> 87 | ... AE28: =SUM(AE19,AE22,AE25) -> 83 | AF28: =SUM(E28:AE28) -> 2371
D29: PR | E29: =SUM(E20,E23,E26) -> 106 | F29: =SUM(F20,F23,F26) -> 113 | G29: =SUM(G20,G23,G26) -> 103 | H29: =SUM(H20,H23,H26) -> 97 | I29: =SUM(I20,I23,I26) -> 98 | J29: =SUM(J20,J23,J26) -> 88 | K29: =SUM(K20,K23,K26) -> 110 | L29: =SUM(L20,L23,L26) -> 119 | ... AE29: =SUM(AE20,AE23,AE26) -> 117 | AF29: =SUM(E29:AE29) -> 2704
D30: JML | E30: =SUM(E28:E29) -> 204 | F30: =SUM(F28:F29) -> 201 | G30: =SUM(G28:G29) -> 207 | H30: =SUM(H28:H29) -> 187 | I30: =SUM(I28:I29) -> 178 | J30: =SUM(J28:J29) -> 170 | K30: =SUM(K28:K29) -> 208 | L30: =SUM(L28:L29) -> 206 | ... AE30: =SUM(AE28:AE29) -> 200 | AF30: =SUM(E30:AE30) -> 5075
A32: II | B32: DATA PENGGUNAAN SURAT SUARA
A33: 1 | B33: Jumlah surat suara yang diterima, termasuk surat suara cadangan 2,5% dari DPT | E33: 250 | F33: 241 | G33: 253 | H33: 231 | I33: 218 | J33: 211 | K33: 272 | L33: 259 | M33: 228 | N33: 276 | O33: 289 | P33: 255 | Q33: 305 | R33: 205 | S33: 126 | T33: 304 | U33: 231 | V33: 228 | W33: 222 | X33: 287 | Y33: 202 | Z33: 302 | AA33: 192 | AB33: 197 | AC33: 155 | AD33: 301 | AE33: 262 | AF33: =SUM(E33:AE33) -> 6502
A34: 2 | B34: Jumlah surat suara yang digunakan | E34: 204 | F34: 201 | G34: 207 | H34: 187 | I34: 178 | J34: 170 | K34: 208 | L34: 206 | M34: 181 | N34: 189 | O34: 207 | P34: 191 | Q34: 229 | R34: 180 | S34: 103 | T34: 240 | U34: 186 | V34: 172 | W34: 183 | X34: 211 | Y34: 160 | Z34: 234 | AA34: 157 | AB34: 146 | AC34: 111 | AD34: 234 | AE34: 200 | AF34: =SUM(E34:AE34) -> 5075
A35: 3 | B35: Jumlah surat suara dikembalikan oleh pemilih (karena rusak atau keliru coblos) | E35: 0 | F35: 1 | G35: 0 | H35: 1 | I35: 0 | J35: 0 | K35: 0 | L35: 1 | M35: 0 | N35: 5 | O35: 1 | P35: 0 | Q35: 1 | R35: 0 | S35: 0 | T35: 0 | U35: 0 | V35: 0 | W35: 1 | X35: 1 | Y35: 1 | Z35: 0 | AA35: 0 | AB35: 1 | AC35: 0 | AD35: 4 | AF35: =SUM(E35:AE35) -> 18
A36: 4 | B36: Jumlah surat suara yang tidak digunakan/tidak terpakai, termasuk sisa surat suara cadangan | E36: =E33-(E34+E35) -> 46 | F36: =F33-(F34+F35) -> 39 | G36: =G33-(G34+G35) -> 46 | H36: =H33-(H34+H35) -> 43 | I36: =I33-(I34+I35) -> 40 | J36: =J33-(J34+J35) -> 41 | K36: =K33-(K34+K35) -> 64 | L36: =L33-(L34+L35) -> 52 | ... AE36: =AE33-(AE34+AE35) -> 62 | AF36: =SUM(E36:AE36) -> 1409
A38: III | B38: DATA PEMILIH DISABILITAS
B39: Jumlah seluruh Pemilih disabilitas yang menggunakan hak pilih | D39: LK | E39: 0 | F39: 1 | G39: 0 | H39: 0 | I39: 0 | J39: 0 | K39: 0 | L39: 2 | M39: 0 | N39: 2 | O39: 1 | P39: 0 | Q39: 0 | R39: 0 | S39: 2 | T39: 0 | U39: 0 | V39: 0 | W39: 0 | X39: 0 | Y39: 0 | Z39: 0 | AA39: 0 | AB39: 1 | AC39: 0 | AD39: 0 | AE39: 0 | AF39: =SUM(E39:AE39) -> 9
D40: PR | E40: 0 | F40: 0 | G40: 0 | H40: 0 | I40: 0 | J40: 0 | K40: 0 | L40: 3 | M40: 0 | N40: 8 | O40: 0 | P40: 0 | Q40: 1 | R40: 0 | S40: 0 | T40: 0 | U40: 0 | V40: 0 | W40: 0 | X40: 0 | Y40: 0 | Z40: 0 | AA40: 0 | AB40: 1 | AC40: 0 | AD40: 0 | AE40: 0 | AF40: =SUM(E40:AE40) -> 13
D41: JML | E41: =SUM(E39:E40) -> 0 | F41: =SUM(F39:F40) -> 1 | G41: =SUM(G39:G40) -> 0 | H41: =SUM(H39:H40) -> 0 | I41: =SUM(I39:I40) -> 0 | J41: =SUM(J39:J40) -> 0 | K41: =SUM(K39:K40) -> 0 | L41: =SUM(L39:L40) -> 5 | ... AE41: =SUM(AE39:AE40) -> 0 | AF41: =SUM(E41:AE41) -> 22
A43: IV | B43: DATA RINCIAN PEROLEHAN SUARA PASANGAN CALON BUPATI DAN WAKIL BUPATI
A44: NOMOR DAN NAMA CALON
A45: A.1 | B45: 1. | C45: Partai Kebangkitan Bangsa | E45: 3 | F45: 3 | G45: 3 | H45: 2 | I45: 2 | J45: 2 | K45: 10 | L45: 4 | M45: 6 | N45: 1 | O45: 3 | P45: 3 | Q45: 3 | R45: 5 | S45: 1 | T45: 2 | U45: 7 | V45: 3 | W45: 3 | X45: 4 | Y45: 3 | Z45: 11 | AA45: 5 | AB45: 4 | AC45: 4 | AD45: 4 | AE45: 2 | AF45: =SUM(E45:AE45) -> 103
A46: A.2 | B46: 1 | C46: 1. Dr. Hj. NIHAYATUL WAFIROH, M.A. | E46: 14 | F46: 25 | G46: 9 | H46: 47 | I46: 16 | J46: 20 | K46: 28 | L46: 9 | M46: 15 | N46: 10 | O46: 6 | P46: 15 | Q46: 13 | R46: 16 | S46: 12 | T46: 15 | U46: 22 | V46: 27 | W46: 18 | X46: 5 | Y46: 8 | Z46: 23 | AA46: 11 | AB46: 15 | AC46: 18 | AD46: 3 | AE46: 10 | AF46: =SUM(E46:AE46) -> 430
B47: 2 | C47: 2. H. M. NASIM KHAN | E47: 0 | F47: 29 | G47: 13 | H47: 2 | I47: 0 | J47: 0 | K47: 4 | L47: 12 | M47: 3 | N47: 1 | O47: 1 | P47: 1 | Q47: 0 | R47: 2 | S47: 0 | T47: 1 | U47: 2 | V47: 1 | W47: 5 | X47: 2 | Y47: 1 | Z47: 0 | AA47: 0 | AB47: 1 | AC47: 0 | AD47: 1 | AE47: 0 | AF47: =SUM(E47:AE47) -> 82
B48: 3 | C48: 3. Dr. H. AKIK ZAMAN, M.Pd.I. | E48: 2 | F48: 6 | G48: 1 | H48: 2 | I48: 1 | J48: 0 | K48: 4 | L48: 3 | M48: 0 | N48: 0 | O48: 1 | P48: 0 | Q48: 1 | R48: 0 | S48: 0 | T48: 11 | U48: 1 | V48: 2 | W48: 1 | X48: 2 | Y48: 3 | Z48: 0 | AA48: 0 | AB48: 1 | AC48: 0 | AD48: 2 | AE48: 1 | AF48: =SUM(E48:AE48) -> 45
B49: 4 | C49: 4. AHMAD RIFA'I, S.H. | E49: 1 | F49: 0 | G49: 0 | H49: 0 | I49: 1 | J49: 0 | K49: 1 | L49: 1 | M49: 0 | N49: 2 | O49: 0 | P49: 0 | Q49: 1 | R49: 0 | S49: 0 | T49: 1 | U49: 0 | V49: 0 | W49: 0 | X49: 0 | Y49: 3 | Z49: 0 | AA49: 0 | AB49: 1 | AC49: 0 | AD49: 0 | AE49: 0 | AF49: =SUM(E49:AE49) -> 12
B50: 5 | C50: 5. Drs. H. MAHFUD M.N. | E50: 2 | F50: 2 | G50: 1 | H50: 0 | I50: 0 | J50: 0 | K50: 0 | L50: 1 | M50: 0 | N50: 0 | O50: 0 | P50: 0 | Q50: 0 | R50: 1 | S50: 0 | T50: 1 | U50: 1 | V50: 0 | W50: 0 | X50: 0 | Y50: 0 | Z50: 1 | AA50: 0 | AB50: 0 | AC50: 0 | AD50: 1 | AE50: 0 | AF50: =SUM(E50:AE50) -> 11
B51: 6 | C51: 6. NURHAYATI, S.Pd. | E51: 0 | F51: 0 | G51: 0 | H51: 0 | I51: 0 | J51: 0 | K51: 0 | L51: 0 | M51: 1 | N51: 0 | O51: 0 | P51: 0 | Q51: 0 | R51: 0 | S51: 0 | T51: 0 | U51: 0 | V51: 0 | W51: 0 | X51: 0 | Y51: 0 | Z51: 1 | AA51: 0 | AB51: 1 | AC51: 0 | AD51: 0 | AE51: 0 | AF51: =SUM(E51:AE51) -> 3
B52: 7 | C52: 7. MAFTUHA KISWAH | E52: 0 | F52: 1 | G52: 0 | H52: 0 | I52: 0 | J52: 0 | K52: 1 | L52: 0 | M52: 0 | N52: 0 | O52: 0 | P52: 0 | Q52: 0 | R52: 0 | S52: 0 | T52: 0 | U52: 0 | V52: 0 | W52: 0 | X52: 0 | Y52: 0 | Z52: 0 | AA52: 0 | AB52: 0 | AC52: 1 | AD52: 0 | AE52: 0 | AF52: =SUM(E52:AE52) -> 3
AF53: =SUM(E53:AE53) -> 0
AF54: =SUM(E54:AE54) -> 0
A55: B | B55: JUMLAH SUARA SAH PARTAI POLITIK DAN CALON (A1 + A2) | E55: =SUM(E45:E52) -> 22 | F55: =SUM(F45:F52) -> 66 | G55: =SUM(G45:G52) -> 27 | H55: =SUM(H45:H52) -> 53 | I55: =SUM(I45:I52) -> 20 | J55: =SUM(J45:J52) -> 22 | K55: =SUM(K45:K52) -> 48 | L55: =SUM(L45:L52) -> 30 | ... AE55: =SUM(AE45:AE52) -> 13 | AF55: =SUM(E55:AE55) -> 689
A57: A.1 | B57: 2. | C57: Partai Gerakan Indonesia Raya | E57: 11 | F57: 9 | G57: 8 | H57: 9 | I57: 16 | J57: 8 | K57: 13 | L57: 4 | M57: 4 | N57: 3 | O57: 12 | P57: 17 | Q57: 18 | R57: 7 | S57: 7 | T57: 22 | U57: 4 | V57: 9 | W57: 14 | X57: 7 | Y57: 6 | Z57: 19 | AA57: 5 | AB57: 5 | AC57: 0 | AD57: 11 | AE57: 7 | AF57: =SUM(E57:AE57) -> 255
A58: A.2 | B58: 1 | C58: 1. SUMAIL ABDULLAH | E58: 13 | F58: 12 | G58: 3 | H58: 52 | I58: 31 | J58: 28 | K58: 14 | L58: 12 | M58: 5 | N58: 7 | O58: 14 | P58: 41 | Q58: 17 | R58: 8 | S58: 6 | T58: 24 | U58: 3 | V58: 5 | W58: 11 | X58: 9 | Y58: 9 | Z58: 21 | AA58: 9 | AB58: 7 | AC58: 5 | AD58: 11 | AE58: 26 | AF58: =SUM(E58:AE58) -> 403
B59: 2 | C59: 2. MUHAMMAD ALI ADRIAN SALEH | E59: 5 | F59: 3 | G59: 2 | H59: 3 | I59: 4 | J59: 2 | K59: 1 | L59: 3 | M59: 3 | N59: 1 | O59: 1 | P59: 6 | Q59: 14 | R59: 1 | S59: 4 | T59: 10 | U59: 3 | V59: 1 | W59: 1 | X59: 4 | Y59: 2 | Z59: 8 | AA59: 2 | AB59: 2 | AC59: 2 | AD59: 3 | AE59: 3 | AF59: =SUM(E59:AE59) -> 94
B60: 3 | C60: 3. DURROTUN NAFISAH | E60: 1 | F60: 1 | G60: 1 | H60: 0 | I60: 1 | J60: 0 | K60: 3 | L60: 0 | M60: 0 | N60: 0 | O60: 0 | P60: 0 | Q60: 1 | R60: 0 | S60: 0 | T60: 2 | U60: 4 | V60: 1 | W60: 3 | X60: 2 | Y60: 1 | Z60: 1 | AA60: 1 | AB60: 1 | AC60: 0 | AD60: 0 | AE60: 0 | AF60: =SUM(E60:AE60) -> 24
B61: 4 | C61: 4. H. EKO SUSILO NURHIDAYAT | E61: 2 | F61: 3 | G61: 6 | H61: 1 | I61: 7 | J61: 7 | K61: 1 | L61: 6 | M61: 1 | N61: 4 | O61: 1 | P61: 3 | Q61: 5 | R61: 7 | S61: 2 | T61: 4 | U61: 3 | V61: 4 | W61: 2 | X61: 2 | Y61: 2 | Z61: 5 | AA61: 4 | AB61: 1 | AC61: 3 | AD61: 61 | AE61: 2 | AF61: =SUM(E61:AE61) -> 149
B62: 5 | C62: 5. KARNADI HARIJANTO, S.S. | E62: 0 | F62: 1 | G62: 1 | H62: 0 | I62: 2 | J62: 1 | K62: 0 | L62: 0 | M62: 2 | N62: 4 | O62: 0 | P62: 1 | Q62: 0 | R62: 1 | S62: 1 | T62: 0 | U62: 0 | V62: 0 | W62: 0 | X62: 0 | Y62: 0 | Z62: 2 | AA62: 0 | AB62: 0 | AC62: 0 | AD62: 0 | AE62: 0 | AF62: =SUM(E62:AE62) -> 16
B63: 6 | C63: 6. NURHAYATI | E63: 0 | F63: 1 | G63: 3 | H63: 0 | I63: 4 | J63: 0 | K63: 1 | L63: 1 | M63: 1 | N63: 0 | O63: 0 | P63: 1 | Q63: 0 | R63: 0 | S63: 0 | T63: 3 | U63: 1 | V63: 0 | W63: 3 | X63: 1 | Y63: 0 | Z63: 0 | AA63: 0 | AB63: 0 | AC63: 0 | AD63: 0 | AE63: 1 | AF63: =SUM(E63:AE63) -> 21
B64: 7 | C64: 7. MASHUDI | E64: 4 | F64: 0 | G64: 1 | H64: 0 | I64: 1 | J64: 0 | K64: 1 | L64: 1 | M64: 0 | N64: 0 | O64: 0 | P64: 0 | Q64: 0 | R64: 0 | S64: 0 | T64: 0 | U64: 6 | V64: 1 | W64: 0 | X64: 0 | Y64: 0 | Z64: 0 | AA64: 0 | AB64: 1 | AC64: 0 | AD64: 0 | AE64: 0 | AF64: =SUM(E64:AE64) -> 16
AF65: =SUM(E65:AE65) -> 0
AF66: =SUM(E66:AE66) -> 0
A67: B | B67: JUMLAH SUARA SAH PARTAI POLITIK DAN CALON (A1 + A2) | E67: =SUM(E57:E64) -> 36 | F67: =SUM(F57:F64) -> 30 | G67: =SUM(G57:G64) -> 25 | H67: =SUM(H57:H64) -> 65 | I67: =SUM(I57:I64) -> 66 | J67: =SUM(J57:J64) -> 46 | K67: =SUM(K57:K64) -> 34 | L67: =SUM(L57:L64) -> 27 | ... AE67: =SUM(AE57:AE64) -> 39 | AF67: =SUM(E67:AE67) -> 978
A69: A.1 | B69: 3. | C69: Partai Demokrasi Indonesia Perjuangan | E69: 3 | F69: 7 | G69: 6 | H69: 1 | I69: 3 | J69: 6 | K69: 5 | L69: 4 | M69: 2 | N69: 4 | O69: 5 | P69: 4 | Q69: 16 | R69: 7 | S69: 3 | T69: 8 | U69: 2 | V69: 5 | W69: 11 | X69: 6 | Y69: 5 | Z69: 6 | AA69: 6 | AB69: 13 | AC69: 4 | AD69: 1 | AE69: 5 | AF69: =SUM(E69:AE69) -> 148
A70: A.2 | B70: 1 | C70: 1. SONNY TRI DANAPARAMITA, S.H., M.H. | E70: 3 | F70: 3 | G70: 1 | H70: 5 | I70: 11 | J70: 5 | K70: 16 | L70: 1 | M70: 4 | N70: 6 | O70: 2 | P70: 6 | Q70: 8 | R70: 10 | S70: 1 | T70: 5 | U70: 1 | V70: 1 | W70: 0 | X70: 1 | Y70: 1 | Z70: 4 | AA70: 5 | AB70: 3 | AC70: 2 | AD70: 4 | AE70: 1 | AF70: =SUM(E70:AE70) -> 110
B71: 2 | C71: 2. H. MOHAMAD GUNTUR ROMLI | E71: 0 | F71: 1 | G71: 3 | H71: 0 | I71: 2 | J71: 1 | K71: 3 | L71: 6 | M71: 4 | N71: 4 | O71: 0 | P71: 0 | Q71: 3 | R71: 1 | S71: 0 | T71: 5 | U71: 1 | V71: 3 | W71: 3 | X71: 1 | Y71: 0 | Z71: 2 | AA71: 1 | AB71: 2 | AC71: 1 | AD71: 4 | AE71: 1 | AF71: =SUM(E71:AE71) -> 52
B72: 3 | C72: 3. INA AMMANIA | E72: 6 | F72: 4 | G72: 3 | H72: 1 | I72: 0 | J72: 2 | K72: 2 | L72: 1 | M72: 1 | N72: 54 | O72: 20 | P72: 5 | Q72: 4 | R72: 18 | S72: 1 | T72: 3 | U72: 2 | V72: 2 | W72: 2 | X72: 7 | Y72: 4 | Z72: 3 | AA72: 2 | AB72: 1 | AC72: 0 | AD72: 3 | AE72: 2 | AF72: =SUM(E72:AE72) -> 153
B73: 4 | C73: 4. IRWAN BACHTIAR RACHMAT, M.Si. | E73: 0 | F73: 2 | G73: 1 | H73: 1 | I73: 1 | J73: 1 | K73: 0 | L73: 0 | M73: 0 | N73: 0 | O73: 1 | P73: 1 | Q73: 1 | R73: 0 | S73: 1 | T73: 1 | U73: 0 | V73: 0 | W73: 2 | X73: 1 | Y73: 0 | Z73: 0 | AA73: 0 | AB73: 0 | AC73: 1 | AD73: 1 | AE73: 0 | AF73: =SUM(E73:AE73) -> 16
B74: 5 | C74: 5. LUCKY PERDANA | E74: 0 | F74: 2 | G74: 2 | H74: 0 | I74: 0 | J74: 3 | K74: 5 | L74: 0 | M74: 3 | N74: 2 | O74: 2 | P74: 2 | Q74: 2 | R74: 1 | S74: 0 | T74: 5 | U74: 1 | V74: 2 | W74: 4 | X74: 5 | Y74: 2 | Z74: 4 | AA74: 3 | AB74: 2 | AC74: 0 | AD74: 2 | AE74: 3 | AF74: =SUM(E74:AE74) -> 57
B75: 6 | C75: 6. WIWIK PUJIYATI | E75: 1 | F75: 1 | G75: 0 | H75: 1 | I75: 0 | J75: 0 | K75: 0 | L75: 0 | M75: 0 | N75: 0 | O75: 0 | P75: 0 | Q75: 1 | R75: 1 | S75: 0 | T75: 0 | U75: 0 | V75: 1 | W75: 1 | X75: 1 | Y75: 1 | Z75: 1 | AA75: 1 | AB75: 0 | AC75: 1 | AD75: 1 | AE75: 0 | AF75: =SUM(E75:AE75) -> 13
B76: 7 | C76: 7. CHANDRA ASTAN, S.T. | E76: 3 | F76: 11 | G76: 21 | H76: 0 | I76: 2 | J76: 5 | K76: 9 | L76: 0 | M76: 0 | N76: 1 | O76: 8 | P76: 12 | Q76: 20 | R76: 16 | S76: 6 | T76: 6 | U76: 0 | V76: 5 | W76: 4 | X76: 16 | Y76: 29 | Z76: 28 | AA76: 8 | AB76: 27 | AC76: 2 | AD76: 5 | AE76: 6 | AF76: =SUM(E76:AE76) -> 250
AF77: =SUM(E77:AE77) -> 0
AF78: =SUM(E78:AE78) -> 0
A79: B | B79: JUMLAH SUARA SAH PARTAI POLITIK DAN CALON (A1 + A2) | E79: =SUM(E69:E76) -> 16 | F79: =SUM(F69:F76) -> 31 | G79: =SUM(G69:G76) -> 37 | H79: =SUM(H69:H76) -> 9 | I79: =SUM(I69:I76) -> 19 | J79: =SUM(J69:J76) -> 23 | K79: =SUM(K69:K76) -> 40 | L79: =SUM(L69:L76) -> 12 | ... AE79: =SUM(AE69:AE76) -> 18 | AF79: =SUM(E79:AE79) -> 799
A81: A.1 | B81: 4. | C81: Partai Golongan Karya | E81: 8 | F81: 2 | G81: 6 | H81: 1 | I81: 0 | J81: 4 | K81: 1 | L81: 2 | M81: 2 | N81: 2 | O81: 5 | P81: 3 | Q81: 2 | R81: 4 | S81: 5 | T81: 4 | U81: 9 | V81: 10 | W81: 9 | X81: 6 | Y81: 4 | Z81: 3 | AA81: 2 | AB81: 0 | AC81: 1 | AD81: 5 | AE81: 3 | AF81: =SUM(E81:AE81) -> 103
A82: A.2 | B82: 1 | C82: 1. ZULFIKAR ARSE SADIKIN, S.I.P., M.Si. | E82: 24 | F82: 4 | G82: 16 | H82: 7 | I82: 6 | J82: 4 | K82: 4 | L82: 46 | M82: 1 | N82: 2 | O82: 12 | P82: 5 | Q82: 9 | R82: 2 | S82: 5 | T82: 5 | U82: 12 | V82: 5 | W82: 2 | X82: 8 | Y82: 8 | Z82: 4 | AA82: 13 | AB82: 2 | AC82: 2 | AD82: 41 | AE82: 5 | AF82: =SUM(E82:AE82) -> 254
B83: 2 | C83: 2. HANDOKO | E83: 4 | F83: 4 | G83: 21 | H83: 0 | I83: 3 | J83: 2 | K83: 1 | L83: 3 | M83: 4 | N83: 5 | O83: 0 | P83: 3 | Q83: 2 | R83: 4 | S83: 10 | T83: 2 | U83: 4 | V83: 0 | W83: 15 | X83: 5 | Y83: 1 | Z83: 1 | AA83: 3 | AB83: 1 | AC83: 0 | AD83: 4 | AE83: 0 | AF83: =SUM(E83:AE83) -> 102
B84: 3 | C84: 3. Hj. OVI DEWI YANTI | E84: 2 | F84: 0 | G84: 1 | H84: 0 | I84: 2 | J84: 0 | K84: 0 | L84: 0 | M84: 0 | N84: 0 | O84: 0 | P84: 0 | Q84: 0 | R84: 0 | S84: 0 | T84: 2 | U84: 1 | V84: 0 | W84: 1 | X84: 1 | Y84: 0 | Z84: 0 | AA84: 0 | AB84: 1 | AC84: 0 | AD84: 1 | AE84: 0 | AF84: =SUM(E84:AE84) -> 12
B85: 4 | C85: 4. Ir. AZAM AZMAN NATAWIJANA | E85: 3 | F85: 1 | G85: 1 | H85: 0 | I85: 0 | J85: 0 | K85: 0 | L85: 0 | M85: 0 | N85: 1 | O85: 1 | P85: 0 | Q85: 1 | R85: 2 | S85: 0 | T85: 0 | U85: 0 | V85: 0 | W85: 2 | X85: 1 | Y85: 1 | Z85: 2 | AA85: 1 | AB85: 0 | AC85: 1 | AD85: 0 | AE85: 0 | AF85: =SUM(E85:AE85) -> 18
B86: 5 | C86: 5. UBAIDILLAH AMIN, S.Kom. | E86: 11 | F86: 0 | G86: 1 | H86: 1 | I86: 2 | J86: 1 | K86: 1 | L86: 2 | M86: 11 | N86: 0 | O86: 0 | P86: 3 | Q86: 6 | R86: 6 | S86: 0 | T86: 8 | U86: 4 | V86: 0 | W86: 0 | X86: 3 | Y86: 1 | Z86: 2 | AA86: 4 | AB86: 1 | AC86: 0 | AD86: 0 | AE86: 0 | AF86: =SUM(E86:AE86) -> 68
B87: 6 | C87: 6. DENNY YUNIANDARI, S.H., M.Kn. | E87: 0 | F87: 0 | G87: 1 | H87: 0 | I87: 0 | J87: 1 | K87: 0 | L87: 0 | M87: 0 | N87: 0 | O87: 0 | P87: 0 | Q87: 0 | R87: 0 | S87: 1 | T87: 0 | U87: 2 | V87: 0 | W87: 0 | X87: 0 | Y87: 0 | Z87: 0 | AA87: 0 | AB87: 0 | AC87: 0 | AD87: 0 | AE87: 0 | AF87: =SUM(E87:AE87) -> 5
B88: 7 | C88: 7. ERNADI, S.H.I. | E88: 0 | F88: 0 | G88: 0 | H88: 0 | I88: 0 | J88: 0 | K88: 0 | L88: 0 | M88: 0 | N88: 0 | O88: 1 | P88: 0 | Q88: 0 | R88: 0 | S88: 0 | T88: 1 | U88: 1 | V88: 0 | W88: 1 | X88: 0 | Y88: 0 | Z88: 0 | AA88: 0 | AB88: 1 | AC88: 0 | AD88: 0 | AE88: 0 | AF88: =SUM(E88:AE88) -> 5
AF89: =SUM(E89:AE89) -> 0
AF90: =SUM(E90:AE90) -> 0
A91: B | B91: JUMLAH SUARA SAH PARTAI POLITIK DAN CALON (A1 + A2) | E91: =SUM(E81:E88) -> 52 | F91: =SUM(F81:F88) -> 11 | G91: =SUM(G81:G88) -> 47 | H91: =SUM(H81:H88) -> 9 | I91: =SUM(I81:I88) -> 13 | J91: =SUM(J81:J88) -> 12 | K91: =SUM(K81:K88) -> 7 | L91: =SUM(L81:L88) -> 53 | ... AE91: =SUM(AE81:AE88) -> 8 | AF91: =SUM(E91:AE91) -> 567
A93: A.1 | B93: 5. | C93: Partai NasDem | E93: 3 | F93: 2 | G93: 2 | H93: 2 | I93: 0 | J93: 3 | K93: 5 | L93: 2 | M93: 0 | N93: 0 | O93: 1 | P93: 1 | Q93: 4 | R93: 1 | S93: 3 | T93: 2 | U93: 2 | V93: 3 | W93: 4 | X93: 3 | Y93: 0 | Z93: 4 | AA93: 1 | AB93: 1 | AC93: 4 | AD93: 2 | AE93: 0 | AF93: =SUM(E93:AE93) -> 55
A94: A.2 | B94: 1 | C94: 1. ACH. FADIL MUZAKKI SYAH | E94: 0 | F94: 2 | G94: 2 | H94: 1 | I94: 4 | J94: 1 | K94: 1 | L94: 3 | M94: 6 | N94: 2 | O94: 2 | P94: 5 | Q94: 1 | R94: 1 | S94: 0 | T94: 5 | U94: 2 | V94: 0 | W94: 1 | X94: 1 | Y94: 1 | Z94: 0 | AA94: 1 | AB94: 1 | AC94: 1 | AD94: 0 | AE94: 0 | AF94: =SUM(E94:AE94) -> 44
B95: 2 | C95: 2. BENY | E95: 0 | F95: 2 | G95: 0 | H95: 8 | I95: 8 | J95: 5 | K95: 5 | L95: 2 | M95: 17 | N95: 7 | O95: 6 | P95: 4 | Q95: 3 | R95: 2 | S95: 1 | T95: 5 | U95: 10 | V95: 2 | W95: 9 | X95: 6 | Y95: 1 | Z95: 3 | AA95: 10 | AB95: 1 | AC95: 2 | AD95: 3 | AE95: 0 | AF95: =SUM(E95:AE95) -> 122
B96: 3 | C96: 3. VINA VERONIKA | E96: 0 | F96: 1 | G96: 0 | H96: 0 | I96: 0 | J96: 1 | K96: 1 | L96: 0 | M96: 0 | N96: 0 | O96: 0 | P96: 0 | Q96: 0 | R96: 1 | S96: 0 | T96: 0 | U96: 0 | V96: 1 | W96: 0 | X96: 1 | Y96: 0 | Z96: 1 | AA96: 0 | AB96: 1 | AC96: 1 | AD96: 2 | AE96: 0 | AF96: =SUM(E96:AE96) -> 11
B97: 4 | C97: 4. TEDDY ANUGRIANTO | E97: 2 | F97: 3 | G97: 0 | H97: 0 | I97: 0 | J97: 0 | K97: 0 | L97: 0 | M97: 1 | N97: 0 | O97: 0 | P97: 1 | Q97: 1 | R97: 0 | S97: 1 | T97: 0 | U97: 1 | V97: 0 | W97: 0 | X97: 0 | Y97: 0 | Z97: 1 | AA97: 2 | AB97: 0 | AC97: 0 | AD97: 2 | AE97: 0 | AF97: =SUM(E97:AE97) -> 15
B98: 5 | C98: 5. INSAN KAMIL | E98: 1 | F98: 0 | G98: 0 | H98: 0 | I98: 0 | J98: 0 | K98: 0 | L98: 0 | M98: 0 | N98: 0 | O98: 0 | P98: 0 | Q98: 0 | R98: 1 | S98: 1 | T98: 1 | U98: 1 | V98: 0 | W98: 0 | X98: 1 | Y98: 0 | Z98: 1 | AA98: 0 | AB98: 0 | AC98: 0 | AD98: 2 | AE98: 0 | AF98: =SUM(E98:AE98) -> 9
B99: 6 | C99: 6. LILIK LINDARWATI | E99: 0 | F99: 0 | G99: 0 | H99: 0 | I99: 0 | J99: 0 | K99: 1 | L99: 0 | M99: 0 | N99: 0 | O99: 0 | P99: 0 | Q99: 0 | R99: 0 | S99: 0 | T99: 0 | U99: 0 | V99: 0 | W99: 0 | X99: 0 | Y99: 0 | Z99: 0 | AA99: 2 | AB99: 0 | AC99: 0 | AD99: 0 | AE99: 0 | AF99: =SUM(E99:AE99) -> 3
B100: 7 | C100: 7. YULI ANITA | E100: 0 | F100: 0 | G100: 0 | H100: 0 | I100: 1 | J100: 0 | K100: 1 | L100: 0 | M100: 0 | N100: 0 | O100: 0 | P100: 0 | Q100: 0 | R100: 0 | S100: 0 | T100: 0 | U100: 0 | V100: 0 | W100: 0 | X100: 0 | Y100: 0 | Z100: 0 | AA100: 0 | AB100: 0 | AC100: 0 | AD100: 0 | AE100: 0 | AF100: =SUM(E100:AE100) -> 2
AF101: =SUM(E101:AE101) -> 0
AF102: =SUM(E102:AE102) -> 0
A103: B | B103: JUMLAH SUARA SAH PARTAI POLITIK DAN CALON (A1 + A2) | E103: =SUM(E93:E100) -> 6 | F103: =SUM(F93:F100) -> 10 | G103: =SUM(G93:G100) -> 4 | H103: =SUM(H93:H100) -> 11 | I103: =SUM(I93:I100) -> 13 | J103: =SUM(J93:J100) -> 10 | K103: =SUM(K93:K100) -> 14 | L103: =SUM(L93:L100) -> 7 | ... AE103: =SUM(AE93:AE100) -> 0 | AF103: =SUM(E103:AE103) -> 261
A105: A.1 | B105: 6. | C105: Partai Buruh | E105: 0 | F105: 0 | G105: 0 | H105: 0 | I105: 1 | J105: 0 | K105: 1 | L105: 0 | M105: 0 | N105: 0 | O105: 0 | P105: 0 | Q105: 0 | R105: 0 | S105: 0 | T105: 0 | U105: 0 | V105: 0 | W105: 0 | X105: 0 | Y105: 0 | Z105: 0 | AA105: 0 | AB105: 0 | AC105: 0 | AD105: 0 | AE105: 0 | AF105: =SUM(E105:AE105) -> 2
A106: A.2 | B106: 1 | C106: 1. KHOIRUL ANAM | E106: 0 | F106: 0 | G106: 0 | H106: 1 | I106: 0 | J106: 0 | K106: 0 | L106: 0 | M106: 0 | N106: 0 | O106: 0 | P106: 0 | Q106: 0 | R106: 0 | S106: 0 | T106: 0 | U106: 0 | V106: 0 | W106: 0 | X106: 0 | Y106: 0 | Z106: 0 | AA106: 0 | AB106: 0 | AC106: 0 | AD106: 1 | AE106: 0 | AF106: =SUM(E106:AE106) -> 2
B107: 2 | C107: 2. INA KURNIA | E107: 0 | F107: 0 | G107: 0 | H107: 0 | I107: 0 | J107: 0 | K107: 0 | L107: 0 | M107: 0 | N107: 0 | O107: 0 | P107: 1 | Q107: 0 | R107: 0 | S107: 0 | T107: 0 | U107: 0 | V107: 0 | W107: 0 | X107: 1 | Y107: 0 | Z107: 0 | AA107: 0 | AB107: 0 | AC107: 0 | AD107: 1 | AE107: 0 | AF107: =SUM(E107:AE107) -> 3
B108: 3 | C108: 3. JIBRAL TAROUK | E108: 0 | F108: 0 | G108: 0 | H108: 0 | I108: 0 | J108: 0 | K108: 0 | L108: 0 | M108: 0 | N108: 0 | O108: 0 | P108: 0 | Q108: 0 | R108: 0 | S108: 0 | T108: 0 | U108: 0 | V108: 0 | W108: 0 | X108: 0 | Y108: 0 | Z108: 0 | AA108: 0 | AB108: 0 | AC108: 0 | AD108: 1 | AE108: 0 | AF108: =SUM(E108:AE108) -> 1
B109: 4 | C109: 4. ASTUTI DAENG PUJI | E109: 0 | F109: 0 | G109: 0 | H109: 0 | I109: 0 | J109: 0 | K109: 0 | L109: 0 | M109: 0 | N109: 0 | O109: 0 | P109: 0 | Q109: 0 | R109: 0 | S109: 0 | T109: 0 | U109: 0 | V109: 0 | W109: 0 | X109: 1 | Y109: 0 | Z109: 0 | AA109: 0 | AB109: 0 | AC109: 0 | AD109: 0 | AE109: 0 | AF109: =SUM(E109:AE109) -> 1
B110: 5 | C110: 5. ASDARMAWAN | E110: 0 | F110: 0 | G110: 0 | H110: 0 | I110: 0 | J110: 0 | K110: 0 | L110: 0 | M110: 0 | N110: 0 | O110: 0 | P110: 1 | Q110: 0 | R110: 0 | S110: 0 | T110: 0 | U110: 0 | V110: 0 | W110: 0 | X110: 0 | Y110: 0 | Z110: 0 | AA110: 0 | AB110: 0 | AC110: 0 | AD110: 0 | AE110: 0 | AF110: =SUM(E110:AE110) -> 1
B111: 6 | C111: 6. RIFQI MUBAROK | E111: 1 | F111: 0 | G111: 0 | H111: 0 | I111: 1 | J111: 0 | K111: 0 | L111: 0 | M111: 1 | N111: 0 | O111: 0 | P111: 0 | Q111: 0 | R111: 0 | S111: 0 | T111: 1 | U111: 0 | V111: 0 | W111: 1 | X111: 0 | Y111: 0 | Z111: 0 | AA111: 0 | AB111: 0 | AC111: 0 | AD111: 0 | AE111: 0 | AF111: =SUM(E111:AE111) -> 5
B112: 7 | C112: 7. FIRNANDA ALTA MEGA | E112: 0 | F112: 0 | G112: 0 | H112: 0 | I112: 0 | J112: 0 | K112: 0 | L112: 0 | M112: 0 | N112: 0 | O112: 0 | P112: 0 | Q112: 0 | R112: 0 | S112: 0 | T112: 0 | U112: 0 | V112: 0 | W112: 0 | X112: 0 | Y112: 0 | Z112: 0 | AA112: 0 | AB112: 0 | AC112: 0 | AD112: 0 | AE112: 0 | AF112: =SUM(E112:AE112) -> 0
AF113: =SUM(E113:AE113) -> 0
AF114: =SUM(E114:AE114) -> 0
A115: B | B115: JUMLAH SUARA SAH PARTAI POLITIK DAN CALON (A1 + A2) | E115: =SUM(E105:E112) -> 1 | F115: =SUM(F105:F112) -> 0 | G115: =SUM(G105:G112) -> 0 | H115: =SUM(H105:H112) -> 1 | I115: =SUM(I105:I112) -> 2 | J115: =SUM(J105:J112) -> 0 | K115: =SUM(K105:K112) -> 1 | L115: =SUM(L105:L112) -> 0 | ... AE115: =SUM(AE105:AE112) -> 0 | AF115: =SUM(E115:AE115) -> 15
A117: A.1 | B117: 7. | C117: Partai Gelombang Rakyat Indonesia | E117: 0 | F117: 2 | G117: 0 | H117: 0 | I117: 0 | J117: 0 | K117: 0 | L117: 0 | M117: 0 | N117: 0 | O117: 0 | P117: 0 | Q117: 0 | R117: 0 | S117: 0 | T117: 0 | U117: 1 | V117: 1 | W117: 1 | X117: 0 | Y117: 0 | Z117: 0 | AA117: 0 | AB117: 0 | AC117: 0 | AD117: 0 | AE117: 0 | AF117: =SUM(E117:AE117) -> 5
...

Sheet KALIBARU MANIS
C2: Kecamatan | D2: KALIBARU
C3: Kabupaten | D3: BANYUWANGI
C4: Provinsi | D4: JAWA TIMUR
C9: Kelurahan | D9: KALIBARU MANIS
A12: I | B12: DATA PEMILIH DAN PENGGUNAAN HAK PILIH | AK12: JUMLAH AKHIR
A13: A | B13: DATA PEMILIH | E13: TPS 001 | F13: TPS 002 | G13: TPS 003 | H13: TPS 004 | I13: TPS 005 | J13: TPS 006 | K13: TPS 007 | L13: TPS 008 | M13: TPS 009 | N13: TPS 010 | O13: TPS 011 | P13: TPS 012 | Q13: TPS 013 | R13: TPS 014 | S13: TPS 015 | T13: TPS 016 | U13: TPS 017 | V13: TPS 018 | W13: TPS 019 | X13: TPS 020 | Y13: TPS 021 | Z13: TPS 022 | AA13: TPS 023 | AB13: TPS 024 | AC13: TPS 025 | AD13: TPS 026 | AE13: TPS 027 | AF13: TPS 028 | AG13: TPS 029 | AH13: TPS 030 | AI13: TPS 031 | AJ13: TPS 032
B14: Jumlah Pemilih dalam Daftar Pemilih Tetap (DPT) | D14: LK | E14: 139 | F14: 116 | G14: 147 | H14: 149 | I14: 147 | J14: 128 | K14: 140 | L14: 129 | M14: 148 | N14: 138 | O14: 136 | P14: 124 | Q14: 126 | R14: 143 | S14: 148 | T14: 147 | U14: 117 | V14: 139 | W14: 131 | X14: 139 | Y14: 130 | Z14: 143 | AA14: 115 | AB14: 120 | AC14: 108 | AD14: 124 | AE14: 127 | AF14: 140 | AG14: 139 | AH14: 126 | AI14: 91 | AJ14: 119 | AK14: =SUM(E14:AJ14) -> 4213
D15: PR | E15: 140 | F15: 126 | G15: 140 | H15: 141 | I15: 140 | J15: 136 | K15: 146 | L15: 145 | M15: 139 | N15: 152 | O15: 138 | P15: 141 | Q15: 140 | R15: 152 | S15: 146 | T15: 146 | U15: 126 | V15: 136 | W15: 159 | X15: 150 | Y15: 147 | Z15: 147 | AA15: 112 | AB15: 114 | AC15: 117 | AD15: 117 | AE15: 121 | AF15: 133 | AG15: 133 | AH15: 136 | AI15: 91 | AJ15: 115 | AK15: =SUM(E15:AJ15) -> 4322
D16: JML | E16: =SUM(E14:E15) -> 279 | F16: =SUM(F14:F15) -> 242 | G16: =SUM(G14:G15) -> 287 | H16: =SUM(H14:H15) -> 290 | I16: =SUM(I14:I15) -> 287 | J16: =SUM(J14:J15) -> 264 | K16: =SUM(K14:K15) -> 286 | L16: =SUM(L14:L15) -> 274 | ... AJ16: =SUM(AJ14:AJ15) -> 234 | AK16: =SUM(E16:AJ16) -> 8535
A18: B | B18: PENGGUNA HAK PILIH
B19: 1. | C19: Jumlah pengguna hak pilih dalam Daftar Pemilih Tetap (DPT) | D19: LK | E19: 101 | F19: 98 | G19: 114 | H19: 96 | I19: 104 | J19: 94 | K19: 110 | L19: 104 | M19: 110 | N19: 99 | O19: 99 | P19: 84 | Q19: 87 | R19: 115 | S19: 100 | T19: 104 | U19: 95 | V19: 100 | W19: 99 | X19: 89 | Y19: 72 | Z19: 77 | AA19: 75 | AB19: 87 | AC19: 69 | AD19: 84 | AE19: 81 | AF19: 101 | AG19: 88 | AH19: 88 | AI19: 61 | AJ19: 82 | AK19: =SUM(E19:AJ19) -> 2967
D20: PR | E20: 106 | F20: 109 | G20: 111 | H20: 108 | I20: 112 | J20: 105 | K20: 120 | L20: 123 | M20: 118 | N20: 117 | O20: 112 | P20: 111 | Q20: 112 | R20: 126 | S20: 100 | T20: 110 | U20: 97 | V20: 91 | W20: 120 | X20: 111 | Y20: 104 | Z20: 110 | AA20: 84 | AB20: 90 | AC20: 80 | AD20: 87 | AE20: 92 | AF20: 95 | AG20: 93 | AH20: 105 | AI20: 61 | AJ20: 76 | AK20: =SUM(E20:AJ20) -> 3296
D21: JML | E21: =SUM(E19:E20) -> 207 | F21: =SUM(F19:F20) -> 207 | G21: =SUM(G19:G20) -> 225 | H21: =SUM(H19:H20) -> 204 | I21: =SUM(I19:I20) -> 216 | J21: =SUM(J19:J20) -> 199 | K21: =SUM(K19:K20) -> 230 | L21: =SUM(L19:L20) -> 227 | ... AJ21: =SUM(AJ19:AJ20) -> 158 | AK21: =SUM(E21:AJ21) -> 6263
B22: 2. | C22: Jumlah pengguna hak pilih dalam Daftar Pemilih Tambahan (DPTb) | D22: LK | E22: 4 | F22: 1 | G22: 0 | H22: 0 | I22: 1 | J22: 0 | K22: 0 | L22: 1 | M22: 0 | N22: 0 | O22: 0 | P22: 1 | Q22: 0 | R22: 0 | S22: 1 | T22: 1 | U22: 0 | V22: 1 | W22: 0 | X22: 0 | Y22: 0 | Z22: 0 | AA22: 0 | AB22: 0 | AC22: 0 | AD22: 0 | AE22: 2 | AF22: 2 | AG22: 1 | AH22: 0 | AI22: 1 | AJ22: 1 | AK22: =SUM(E22:AJ22) -> 18
D23: PR | E23: 0 | F23: 0 | G23: 1 | H23: 1 | I23: 0 | J23: 1 | K23: 1 | L23: 0 | M23: 1 | N23: 1 | O23: 0 | P23: 2 | Q23: 1 | R23: 0 | S23: 0 | T23: 0 | U23: 0 | V23: 0 | W23: 0 | X23: 1 | Y23: 0 | Z23: 1 | AA23: 1 | AB23: 1 | AC23: 1 | AD23: 1 | AE23: 0 | AF23: 0 | AG23: 1 | AH23: 1 | AI23: 0 | AJ23: 0 | AK23: =SUM(E23:AJ23) -> 17
D24: JML | E24: =SUM(E22:E23) -> 4 | F24: =SUM(F22:F23) -> 1 | G24: =SUM(G22:G23) -> 1 | H24: =SUM(H22:H23) -> 1 | I24: =SUM(I22:I23) -> 1 | J24: =SUM(J22:J23) -> 1 | K24: =SUM(K22:K23) -> 1 | L24: =SUM(L22:L23) -> 1 | ... AJ24: =SUM(AJ22:AJ23) -> 1 | AK24: =SUM(E24:AJ24) -> 35
B25: 3. | C25: Jumlah pengguna hak pilih dalam Daftar Pemilih Khusus (DPK) | D25: LK | E25: 0 | F25: 0 | G25: 2 | H25: 0 | I25: 0 | J25: 0 | K25: 0 | L25: 0 | M25: 0 | N25: 0 | O25: 0 | P25: 1 | Q25: 0 | R25: 0 | S25: 1 | T25: 0 | U25: 2 | V25: 3 | W25: 2 | X25: 0 | Y25: 0 | Z25: 1 | AA25: 0 | AB25: 0 | AC25: 0 | AD25: 0 | AE25: 0 | AF25: 1 | AG25: 0 | AH25: 0 | AI25: 0 | AJ25: 0 | AK25: =SUM(E25:AJ25) -> 13
D26: PR | E26: 0 | F26: 0 | G26: 2 | H26: 0 | I26: 0 | J26: 0 | K26: 0 | L26: 0 | M26: 0 | N26: 0 | O26: 0 | P26: 2 | Q26: 0 | R26: 0 | S26: 0 | T26: 0 | U26: 1 | V26: 4 | W26: 1 | X26: 0 | Y26: 0 | Z26: 0 | AA26: 0 | AB26: 0 | AC26: 0 | AD26: 0 | AE26: 0 | AF26: 2 | AG26: 0 | AH26: 0 | AI26: 0 | AJ26: 0 | AK26: =SUM(E26:AJ26) -> 12
D27: JML | E27: =SUM(E25:E26) -> 0 | F27: =SUM(F25:F26) -> 0 | G27: =SUM(G25:G26) -> 4 | H27: =SUM(H25:H26) -> 0 | I27: =SUM(I25:I26) -> 0 | J27: =SUM(J25:J26) -> 0 | K27: =SUM(K25:K26) -> 0 | L27: =SUM(L25:L26) -> 0 | ... AJ27: =SUM(AJ25:AJ26) -> 0 | AK27: =SUM(E27:AJ27) -> 25
B28: 4. | C28: Jumlah Pengguna Hak Pilih (B.1+B.2+B.3) | D28: LK | E28: =SUM(E19,E22,E25) -> 105 | F28: =SUM(F19,F22,F25) -> 99 | G28: =SUM(G19,G22,G25) -> 116 | H28: =SUM(H19,H22,H25) -> 96 | I28: =SUM(I19,I22,I25) -> 105 | J28: =SUM(J19,J22,J25) -> 94 | K28: =SUM(K19,K22,K25) -> 110 | L28: =SUM(L19,L22,L25) -> 105 | ... AJ28: =SUM(AJ19,AJ22,AJ25) -> 83 | AK28: =SUM(E28:AJ28) -> 2998
D29: PR | E29: =SUM(E20,E23,E26) -> 106 | F29: =SUM(F20,F23,F26) -> 109 | G29: =SUM(G20,G23,G26) -> 114 | H29: =SUM(H20,H23,H26) -> 109 | I29: =SUM(I20,I23,I26) -> 112 | J29: =SUM(J20,J23,J26) -> 106 | K29: =SUM(K20,K23,K26) -> 121 | L29: =SUM(L20,L23,L26) -> 123 | ... AJ29: =SUM(AJ20,AJ23,AJ26) -> 76 | AK29: =SUM(E29:AJ29) -> 3325
D30: JML | E30: =SUM(E28:E29) -> 211 | F30: =SUM(F28:F29) -> 208 | G30: =SUM(G28:G29) -> 230 | H30: =SUM(H28:H29) -> 205 | I30: =SUM(I28:I29) -> 217 | J30: =SUM(J28:J29) -> 200 | K30: =SUM(K28:K29) -> 231 | L30: =SUM(L28:L29) -> 228 | ... AJ30: =SUM(AJ28:AJ29) -> 159 | AK30: =SUM(E30:AJ30) -> 6323
A32: II | B32: DATA PENGGUNAAN SURAT SUARA
A33: 1 | B33: Jumlah surat suara yang diterima, termasuk surat suara cadangan 2,5% dari DPT | E33: 285 | F33: 247 | G33: 293 | H33: 296 | I33: 295 | J33: 270 | K33: 292 | L33: 280 | M33: 293 | N33: 296 | O33: 280 | P33: 275 | Q33: 272 | R33: 300 | S33: 299 | T33: 300 | U33: 248 | V33: 288 | W33: 295 | X33: 295 | Y33: 283 | Z33: 296 | AA33: 232 | AB33: 237 | AC33: 230 | AD33: 247 | AE33: 253 | AF33: 281 | AG33: 279 | AH33: 269 | AI33: 195 | AJ33: 248 | AK33: =SUM(E33:AJ33) -> 8749
A34: 2 | B34: Jumlah surat suara yang digunakan | E34: 211 | F34: 208 | G34: 230 | H34: 205 | I34: 217 | J34: 200 | K34: 231 | L34: 228 | M34: 229 | N34: 217 | O34: 211 | P34: 201 | Q34: 200 | R34: 241 | S34: 202 | T34: 215 | U34: 195 | V34: 199 | W34: 222 | X34: 201 | Y34: 176 | Z34: 189 | AA34: 160 | AB34: 178 | AC34: 150 | AD34: 172 | AE34: 175 | AF34: 201 | AG34: 183 | AH34: 194 | AI34: 123 | AJ34: 159 | AK34: =SUM(E34:AJ34) -> 6323
A35: 3 | B35: Jumlah surat suara dikembalikan oleh pemilih (karena rusak atau keliru coblos) | E35: 6 | F35: 0 | G35: 0 | H35: 0 | I35: 0 | J35: 0 | K35: 2 | L35: 1 | M35: 0 | N35: 0 | O35: 0 | P35: 0 | Q35: 0 | R35: 0 | S35: 0 | T35: 36 | U35: 0 | V35: 0 | W35: 0 | X35: 3 | Y35: 0 | Z35: 1 | AA35: 0 | AB35: 0 | AC35: 0 | AD35: 0 | AE35: 0 | AF35: 0 | AG35: 0 | AH35: 0 | AI35: 2 | AJ35: 0 | AK35: =SUM(E35:AJ35) -> 51
A36: 4 | B36: Jumlah surat suara yang tidak digunakan/tidak terpakai, termasuk sisa surat suara cadangan | E36: =E33-(E34+E35) -> 68 | F36: =F33-(F34+F35) -> 39 | G36: =G33-(G34+G35) -> 63 | H36: =H33-(H34+H35) -> 91 | I36: =I33-(I34+I35) -> 78 | J36: =J33-(J34+J35) -> 70 | K36: =K33-(K34+K35) -> 59 | L36: =L33-(L34+L35) -> 51 | ... AJ36: =AJ33-(AJ34+AJ35) -> 89 | AK36: =SUM(E36:AJ36) -> 2375
A38: III | B38: DATA PEMILIH DISABILITAS
B39: Jumlah seluruh Pemilih disabilitas yang menggunakan hak pilih | D39: LK | E39: 1 | F39: 0 | G39: 2 | H39: 0 | I39: 0 | J39: 0 | K39: 0 | L39: 0 | M39: 0 | N39: 0 | O39: 0 | P39: 0 | Q39: 0 | R39: 0 | S39: 0 | T39: 0 | U39: 0 | V39: 0 | W39: 0 | X39: 0 | Y39: 0 | Z39: 0 | AA39: 0 | AB39: 0 | AC39: 0 | AD39: 0 | AE39: 0 | AF39: 0 | AG39: 0 | AH39: 0 | AI39: 0 | AJ39: 0 | AK39: =SUM(E39:AJ39) -> 3
D40: PR | E40: 1 | F40: 0 | G40: 1 | H40: 0 | I40: 0 | J40: 0 | K40: 0 | L40: 0 | M40: 0 | N40: 0 | O40: 0 | P40: 0 | Q40: 0 | R40: 0 | S40: 0 | T40: 0 | U40: 0 | V40: 0 | W40: 0 | X40: 0 | Y40: 0 | Z40: 1 | AA40: 0 | AB40: 0 | AC40: 0 | AD40: 0 | AE40: 0 | AF40: 0 | AG40: 0 | AH40: 0 | AI40: 0 | AJ40: 0 | AK40: =SUM(E40:AJ40) -> 3
D41: JML | E41: =SUM(E39:E40) -> 2 | F41: =SUM(F39:F40) -> 0 | G41: =SUM(G39:G40) -> 3 | H41: =SUM(H39:H40) -> 0 | I41: =SUM(I39:I40) -> 0 | J41: =SUM(J39:J40) -> 0 | K41: =SUM(K39:K40) -> 0 | L41: =SUM(L39:L40) -> 0 | ... AJ41: =SUM(AJ39:AJ40) -> 0 | AK41: =SUM(E41:AJ41) -> 6
A43: IV | B43: DATA RINCIAN PEROLEHAN SUARA PASANGAN CALON BUPATI DAN WAKIL BUPATI
A44: NOMOR DAN NAMA CALON
A45: A.1 | B45: 1. | C45: Partai Kebangkitan Bangsa | E45: 4 | F45: 1 | G45: 6 | H45: 8 | I45: 3 | J45: 7 | K45: 8 | L45: 6 | M45: 14 | N45: 7 | O45: 11 | P45: 13 | Q45: 5 | R45: 13 | S45: 5 | T45: 15 | U45: 10 | V45: 12 | W45: 13 | X45: 8 | Y45: 12 | Z45: 5 | AA45: 6 | AB45: 10 | AC45: 7 | AD45: 7 | AE45: 3 | AF45: 3 | AG45: 7 | AH45: 6 | AI45: 2 | AJ45: 9 | AK45: =SUM(E45:AJ45) -> 246
A46: A.2 | B46: 1 | C46: 1. Dr. Hj. NIHAYATUL WAFIROH, M.A. | E46: 8 | F46: 6 | G46: 12 | H46: 7 | I46: 9 | J46: 10 | K46: 14 | L46: 14 | M46: 25 | N46: 14 | O46: 21 | P46: 29 | Q46: 18 | R46: 32 | S46: 9 | T46: 23 | U46: 17 | V46: 8 | W46: 18 | X46: 6 | Y46: 12 | Z46: 11 | AA46: 10 | AB46: 17 | AC46: 1 | AD46: 6 | AE46: 5 | AF46: 8 | AG46: 11 | AH46: 18 | AI46: 8 | AJ46: 12 | AK46: =SUM(E46:AJ46) -> 419
B47: 2 | C47: 2. H. M. NASIM KHAN | E47: 3 | F47: 3 | G47: 3 | H47: 3 | I47: 0 | J47: 3 | K47: 1 | L47: 2 | M47: 14 | N47: 1 | O47: 3 | P47: 9 | Q47: 6 | R47: 8 | S47: 2 | T47: 45 | U47: 26 | V47: 13 | W47: 6 | X47: 5 | Y47: 2 | Z47: 5 | AA47: 2 | AB47: 0 | AC47: 2 | AD47: 2 | AE47: 2 | AF47: 2 | AG47: 2 | AH47: 2 | AI47: 3 | AJ47: 2 | AK47: =SUM(E47:AJ47) -> 182
B48: 3 | C48: 3. Dr. H. AKIK ZAMAN, M.Pd.I. | E48: 1 | F48: 0 | G48: 1 | H48: 2 | I48: 2 | J48: 0 | K48: 1 | L48: 0 | M48: 0 | N48: 3 | O48: 0 | P48: 3 | Q48: 0 | R48: 1 | S48: 1 | T48: 4 | U48: 3 | V48: 3 | W48: 5 | X48: 6 | Y48: 8 | Z48: 3 | AA48: 2 | AB48: 0 | AC48: 1 | AD48: 0 | AE48: 0 | AF48: 1 | AG48: 1 | AH48: 1 | AI48: 1 | AJ48: 1 | AK48: =SUM(E48:AJ48) -> 55
B49: 4 | C49: 4. AHMAD RIFA'I, S.H. | E49: 2 | F49: 0 | G49: 3 | H49: 0 | I49: 0 | J49: 1 | K49: 0 | L49: 0 | M49: 1 | N49: 4 | O49: 2 | P49: 1 | Q49: 1 | R49: 2 | S49: 1 | T49: 0 | U49: 0 | V49: 1 | W49: 0 | X49: 1 | Y49: 0 | Z49: 2 | AA49: 1 | AB49: 0 | AC49: 0 | AD49: 0 | AE49: 1 | AF49: 2 | AG49: 1 | AH49: 1 | AI49: 0 | AJ49: 0 | AK49: =SUM(E49:AJ49) -> 28
B50: 5 | C50: 5. Drs. H. MAHFUD M.N. | E50: 3 | F50: 1 | G50: 1 | H50: 0 | I50: 1 | J50: 0 | K50: 0 | L50: 0 | M50: 2 | N50: 0 | O50: 1 | P50: 0 | Q50: 1 | R50: 2 | S50: 2 | T50: 2 | U50: 0 | V50: 1 | W50: 1 | X50: 0 | Y50: 1 | Z50: 0 | AA50: 1 | AB50: 1 | AC50: 1 | AD50: 1 | AE50: 0 | AF50: 1 | AG50: 0 | AH50: 0 | AI50: 0 | AJ50: 0 | AK50: =SUM(E50:AJ50) -> 24
B51: 6 | C51: 6. NURHAYATI, S.Pd. | E51: 1 | F51: 0 | G51: 1 | H51: 0 | I51: 0 | J51: 0 | K51: 0 | L51: 0 | M51: 0 | N51: 0 | O51: 1 | P51: 1 | Q51: 0 | R51: 1 | S51: 1 | T51: 0 | U51: 1 | V51: 0 | W51: 0 | X51: 0 | Y51: 0 | Z51: 0 | AA51: 0 | AB51: 0 | AC51: 0 | AD51: 0 | AE51: 0 | AF51: 0 | AG51: 0 | AH51: 0 | AI51: 0 | AJ51: 0 | AK51: =SUM(E51:AJ51) -> 7
B52: 7 | C52: 7. MAFTUHA KISWAH | E52: 0 | F52: 0 | G52: 0 | H52: 0 | I52: 0 | J52: 0 | K52: 0 | L52: 0 | M52: 0 | N52: 0 | O52: 0 | P52: 0 | Q52: 0 | R52: 0 | S52: 1 | T52: 0 | U52: 0 | V52: 0 | W52: 0 | X52: 1 | Y52: 0 | Z52: 0 | AA52: 0 | AB52: 0 | AC52: 0 | AD52: 0 | AE52: 0 | AF52: 0 | AG52: 0 | AH52: 0 | AI52: 1 | AJ52: 0 | AK52: =SUM(E52:AJ52) -> 3
AK53: =SUM(E53:AJ53) -> 0
AK54: =SUM(E54:AJ54) -> 0
A55: B | B55: JUMLAH SUARA SAH PARTAI POLITIK DAN CALON (A1 + A2) | E55: =SUM(E45:E52) -> 22 | F55: =SUM(F45:F52) -> 11 | G55: =SUM(G45:G52) -> 27 | H55: =SUM(H45:H52) -> 20 | I55: =SUM(I45:I52) -> 15 | J55: =SUM(J45:J52) -> 21 | K55: =SUM(K45:K52) -> 24 | L55: =SUM(L45:L52) -> 22 | ... AJ55: =SUM(AJ45:AJ52) -> 24 | AK55: =SUM(E55:AJ55) -> 964
A57: A.1 | B57: 2. | C57: Partai Gerakan Indonesia Raya | E57: 6 | F57: 6 | G57: 6 | H57: 16 | I57: 15 | J57: 11 | K57: 15 | L57: 14 | M57: 4 | N57: 10 | O57: 15 | P57: 14 | Q57: 5 | R57: 13 | S57: 10 | T57: 1 | U57: 3 | V57: 12 | W57: 9 | X57: 14 | Y57: 16 | Z57: 18 | AA57: 12 | AB57: 6 | AC57: 10 | AD57: 10 | AE57: 4 | AF57: 10 | AG57: 8 | AH57: 7 | AI57: 10 | AJ57: 9 | AK57: =SUM(E57:AJ57) -> 319
A58: A.2 | B58: 1 | C58: 1. SUMAIL ABDULLAH | E58: 4 | F58: 8 | G58: 15 | H58: 5 | I58: 14 | J58: 12 | K58: 8 | L58: 5 | M58: 8 | N58: 7 | O58: 7 | P58: 9 | Q58: 3 | R58: 20 | S58: 13 | T58: 3 | U58: 7 | V58: 5 | W58: 8 | X58: 10 | Y58: 3 | Z58: 7 | AA58: 1 | AB58: 5 | AC58: 5 | AD58: 9 | AE58: 5 | AF58: 4 | AG58: 3 | AH58: 8 | AI58: 15 | AJ58: 5 | AK58: =SUM(E58:AJ58) -> 241
B59: 2 | C59: 2. MUHAMMAD ALI ADRIAN SALEH | E59: 7 | F59: 2 | G59: 6 | H59: 5 | I59: 6 | J59: 3 | K59: 8 | L59: 27 | M59: 7 | N59: 7 | O59: 7 | P59: 7 | Q59: 13 | R59: 29 | S59: 6 | T59: 5 | U59: 12 | V59: 14 | W59: 21 | X59: 23 | Y59: 23 | Z59: 16 | AA59: 16 | AB59: 15 | AC59: 38 | AD59: 24 | AE59: 5 | AF59: 7 | AG59: 5 | AH59: 14 | AI59: 0 | AJ59: 2 | AK59: =SUM(E59:AJ59) -> 380
B60: 3 | C60: 3. DURROTUN NAFISAH | E60: 0 | F60: 0 | G60: 0 | H60: 3 | I60: 2 | J60: 1 | K60: 0 | L60: 0 | M60: 1 | N60: 2 | O60: 0 | P60: 0 | Q60: 0 | R60: 0 | S60: 1 | T60: 0 | U60: 0 | V60: 0 | W60: 1 | X60: 0 | Y60: 0 | Z60: 1 | AA60: 0 | AB60: 0 | AC60: 2 | AD60: 0 | AE60: 2 | AF60: 3 | AG60: 0 | AH60: 0 | AI60: 2 | AJ60: 1 | AK60: =SUM(E60:AJ60) -> 22
B61: 4 | C61: 4. H. EKO SUSILO NURHIDAYAT | E61: 1 | F61: 0 | G61: 0 | H61: 0 | I61: 5 | J61: 2 | K61: 5 | L61: 0 | M61: 1 | N61: 2 | O61: 0 | P61: 1 | Q61: 1 | R61: 0 | S61: 1 | T61: 0 | U61: 0 | V61: 0 | W61: 2 | X61: 3 | Y61: 2 | Z61: 2 | AA61: 1 | AB61: 1 | AC61: 1 | AD61: 0 | AE61: 0 | AF61: 1 | AG61: 0 | AH61: 1 | AI61: 2 | AJ61: 2 | AK61: =SUM(E61:AJ61) -> 37
B62: 5 | C62: 5. KARNADI HARIJANTO, S.S. | E62: 3 | F62: 0 | G62: 2 | H62: 0 | I62: 1 | J62: 0 | K62: 0 | L62: 1 | M62: 1 | N62: 2 | O62: 0 | P62: 1 | Q62: 0 | R62: 0 | S62: 1 | T62: 0 | U62: 0 | V62: 0 | W62: 0 | X62: 2 | Y62: 2 | Z62: 3 | AA62: 4 | AB62: 0 | AC62: 4 | AD62: 1 | AE62: 0 | AF62: 0 | AG62: 0 | AH62: 1 | AI62: 2 | AJ62: 0 | AK62: =SUM(E62:AJ62) -> 31
B63: 6 | C63: 6. NURHAYATI | E63: 1 | F63: 0 | G63: 0 | H63: 0 | I63: 0 | J63: 1 | K63: 0 | L63: 0 | M63: 0 | N63: 1 | O63: 0 | P63: 1 | Q63: 0 | R63: 0 | S63: 0 | T63: 0 | U63: 0 | V63: 0 | W63: 0 | X63: 0 | Y63: 1 | Z63: 0 | AA63: 0 | AB63: 0 | AC63: 0 | AD63: 0 | AE63: 0 | AF63: 0 | AG63: 0 | AH63: 1 | AI63: 0 | AJ63: 0 | AK63: =SUM(E63:AJ63) -> 6
B64: 7 | C64: 7. MASHUDI | E64: 0 | F64: 0 | G64: 0 | H64: 0 | I64: 1 | J64: 0 | K64: 0 | L64: 0 | M64: 0 | N64: 0 | O64: 0 | P64: 0 | Q64: 0 | R64: 0 | S64: 0 | T64: 1 | U64: 0 | V64: 0 | W64: 0 | X64: 0 | Y64: 0 | Z64: 0 | AA64: 0 | AB64: 0 | AC64: 0 | AD64: 0 | AE64: 1 | AF64: 1 | AG64: 0 | AH64: 0 | AI64: 0 | AJ64: 0 | AK64: =SUM(E64:AJ64) -> 4
AK65: =SUM(E65:AJ65) -> 0
AK66: =SUM(E66:AJ66) -> 0
A67: B | B67: JUMLAH SUARA SAH PARTAI POLITIK DAN CALON (A1 + A2) | E67: =SUM(E57:E64) -> 22 | F67: =SUM(F57:F64) -> 16 | G67: =SUM(G57:G64) -> 29 | H67: =SUM(H57:H64) -> 29 | I67: =SUM(I57:I64) -> 44 | J67: =SUM(J57:J64) -> 30 | K67: =SUM(K57:K64) -> 36 | L67: =SUM(L57:L64) -> 47 | ... AJ67: =SUM(AJ57:AJ64) -> 19 | AK67: =SUM(E67:AJ67) -> 1040
A69: A.1 | B69: 3. | C69: Partai Demokrasi Indonesia Perjuangan | E69: 10 | F69: 12 | G69: 10 | H69: 11 | I69: 8 | J69: 12 | K69: 5 | L69: 1 | M69: 10 | N69: 4 | O69: 8 | P69: 1 | Q69: 4 | R69: 2 | S69: 4 | T69: 3 | U69: 0 | V69: 5 | W69: 12 | X69: 6 | Y69: 8 | Z69: 4 | AA69: 7 | AB69: 3 | AC69: 6 | AD69: 2 | AE69: 14 | AF69: 7 | AG69: 6 | AH69: 7 | AI69: 0 | AJ69: 6 | AK69: =SUM(E69:AJ69) -> 198
A70: A.2 | B70: 1 | C70: 1. SONNY TRI DANAPARAMITA, S.H., M.H. | E70: 2 | F70: 6 | G70: 7 | H70: 8 | I70: 10 | J70: 5 | K70: 12 | L70: 1 | M70: 6 | N70: 9 | O70: 7 | P70: 4 | Q70: 8 | R70: 4 | S70: 8 | T70: 3 | U70: 16 | V70: 7 | W70: 13 | X70: 14 | Y70: 4 | Z70: 4 | AA70: 6 | AB70: 12 | AC70: 0 | AD70: 5 | AE70: 1 | AF70: 8 | AG70: 3 | AH70: 4 | AI70: 2 | AJ70: 1 | AK70: =SUM(E70:AJ70) -> 200
B71: 2 | C71: 2. H. MOHAMAD GUNTUR ROMLI | E71: 0 | F71: 4 | G71: 2 | H71: 15 | I71: 2 | J71: 3 | K71: 3 | L71: 0 | M71: 1 | N71: 2 | O71: 0 | P71: 1 | Q71: 2 | R71: 2 | S71: 2 | T71: 1 | U71: 4 | V71: 3 | W71: 4 | X71: 3 | Y71: 1 | Z71: 3 | AA71: 3 | AB71: 1 | AC71: 1 | AD71: 4 | AE71: 48 | AF71: 37 | AG71: 10 | AH71: 5 | AI71: 0 | AJ71: 1 | AK71: =SUM(E71:AJ71) -> 168
B72: 3 | C72: 3. INA AMMANIA | E72: 16 | F72: 6 | G72: 22 | H72: 21 | I72: 22 | J72: 10 | K72: 11 | L72: 1 | M72: 4 | N72: 1 | O72: 2 | P72: 1 | Q72: 17 | R72: 0 | S72: 1 | T72: 2 | U72: 2 | V72: 7 | W72: 16 | X72: 25 | Y72: 10 | Z72: 3 | AA72: 5 | AB72: 1 | AC72: 0 | AD72: 9 | AE72: 1 | AF72: 0 | AG72: 15 | AH72: 13 | AI72: 1 | AJ72: 0 | AK72: =SUM(E72:AJ72) -> 245
B73: 4 | C73: 4. IRWAN BACHTIAR RACHMAT, M.Si. | E73: 0 | F73: 1 | G73: 0 | H73: 0 | I73: 1 | J73: 1 | K73: 0 | L73: 0 | M73: 0 | N73: 0 | O73: 0 | P73: 0 | Q73: 1 | R73: 0 | S73: 0 | T73: 0 | U73: 0 | V73: 1 | W73: 0 | X73: 1 | Y73: 0 | Z73: 2 | AA73: 2 | AB73: 1 | AC73: 0 | AD73: 0 | AE73: 18 | AF73: 9 | AG73: 5 | AH73: 0 | AI73: 2 | AJ73: 2 | AK73: =SUM(E73:AJ73) -> 47
B74: 5 | C74: 5. LUCKY PERDANA | E74: 1 | F74: 2 | G74: 2 | H74: 3 | I74: 0 | J74: 0 | K74: 1 | L74: 0 | M74: 0 | N74: 4 | O74: 7 | P74: 1 | Q74: 1 | R74: 0 | S74: 0 | T74: 2 | U74: 1 | V74: 2 | W74: 1 | X74: 0 | Y74: 1 | Z74: 3 | AA74: 2 | AB74: 3 | AC74: 0 | AD74: 1 | AE74: 1 | AF74: 1 | AG74: 3 | AH74: 2 | AI74: 1 | AJ74: 2 | AK74: =SUM(E74:AJ74) -> 48
B75: 6 | C75: 6. WIWIK PUJIYATI | E75: 0 | F75: 1 | G75: 1 | H75: 0 | I75: 1 | J75: 0 | K75: 0 | L75: 0 | M75: 0 | N75: 2 | O75: 1 | P75: 0 | Q75: 0 | R75: 0 | S75: 0 | T75: 0 | U75: 0 | V75: 0 | W75: 0 | X75: 0 | Y75: 0 | Z75: 0 | AA75: 0 | AB75: 0 | AC75: 0 | AD75: 0 | AE75: 0 | AF75: 2 | AG75: 0 | AH75: 0 | AI75: 0 | AJ75: 3 | AK75: =SUM(E75:AJ75) -> 11
B76: 7 | C76: 7. CHANDRA ASTAN, S.T. | E76: 2 | F76: 1 | G76: 1 | H76: 0 | I76: 1 | J76: 0 | K76: 2 | L76: 7 | M76: 1 | N76: 1 | O76: 0 | P76: 0 | Q76: 2 | R76: 1 | S76: 0 | T76: 0 | U76: 0 | V76: 0 | W76: 1 | X76: 0 | Y76: 0 | Z76: 0 | AA76: 0 | AB76: 0 | AC76: 0 | AD76: 1 | AE76: 0 | AF76: 0 | AG76: 1 | AH76: 0 | AI76: 3 | AJ76: 2 | AK76: =SUM(E76:AJ76) -> 27
AK77: =SUM(E77:AJ77) -> 0
AK78: =SUM(E78:AJ78) -> 0
A79: B | B79: JUMLAH SUARA SAH PARTAI POLITIK DAN CALON (A1 + A2) | E79: =SUM(E69:E76) -> 31 | F79: =SUM(F69:F76) -> 33 | G79: =SUM(G69:G76) -> 45 | H79: =SUM(H69:H76) -> 58 | I79: =SUM(I69:I76) -> 45 | J79: =SUM(J69:J76) -> 31 | K79: =SUM(K69:K76) -> 34 | L79: =SUM(L69:L76) -> 10 | ... AJ79: =SUM(AJ69:AJ76) -> 17 | AK79: =SUM(E79:AJ79) -> 944
A81: A.1 | B81: 4. | C81: Partai Golongan Karya | E81: 5 | F81: 5 | G81: 12 | H81: 8 | I81: 4 | J81: 6 | K81: 11 | L81: 15 | M81: 8 | N81: 4 | O81: 4 | P81: 3 | Q81: 3 | R81: 5 | S81: 1 | T81: 3 | U81: 3 | V81: 3 | W81: 2 | X81: 2 | Y81: 4 | Z81: 9 | AA81: 6 | AB81: 2 | AC81: 4 | AD81: 0 | AE81: 5 | AF81: 7 | AG81: 11 | AH81: 8 | AI81: 3 | AJ81: 3 | AK81: =SUM(E81:AJ81) -> 169
A82: A.2 | B82: 1 | C82: 1. ZULFIKAR ARSE SADIKIN, S.I.P., M.Si. | E82: 6 | F82: 1 | G82: 12 | H82: 6 | I82: 2 | J82: 5 | K82: 9 | L82: 16 | M82: 36 | N82: 6 | O82: 19 | P82: 0 | Q82: 3 | R82: 6 | S82: 4 | T82: 4 | U82: 13 | V82: 42 | W82: 7 | X82: 3 | Y82: 7 | Z82: 8 | AA82: 2 | AB82: 3 | AC82: 0 | AD82: 7 | AE82: 18 | AF82: 3 | AG82: 23 | AH82: 15 | AI82: 4 | AJ82: 7 | AK82: =SUM(E82:AJ82) -> 297
B83: 2 | C83: 2. HANDOKO | E83: 4 | F83: 0 | G83: 0 | H83: 3 | I83: 0 | J83: 7 | K83: 14 | L83: 42 | M83: 7 | N83: 1 | O83: 3 | P83: 0 | Q83: 5 | R83: 3 | S83: 3 | T83: 1 | U83: 9 | V83: 14 | W83: 1 | X83: 3 | Y83: 3 | Z83: 6 | AA83: 1 | AB83: 3 | AC83: 3 | AD83: 3 | AE83: 4 | AF83: 2 | AG83: 5 | AH83: 1 | AI83: 14 | AJ83: 2 | AK83: =SUM(E83:AJ83) -> 167
B84: 3 | C84: 3. Hj. OVI DEWI YANTI | E84: 0 | F84: 2 | G84: 1 | H84: 1 | I84: 0 | J84: 0 | K84: 0 | L84: 1 | M84: 0 | N84: 0 | O84: 0 | P84: 0 | Q84: 0 | R84: 0 | S84: 0 | T84: 0 | U84: 1 | V84: 0 | W84: 0 | X84: 0 | Y84: 0 | Z84: 2 | AA84: 0 | AB84: 0 | AC84: 0 | AD84: 1 | AE84: 0 | AF84: 0 | AG84: 0 | AH84: 1 | AI84: 2 | AJ84: 3 | AK84: =SUM(E84:AJ84) -> 15
B85: 4 | C85: 4. Ir. AZAM AZMAN NATAWIJANA | E85: 0 | F85: 0 | G85: 0 | H85: 2 | I85: 0 | J85: 0 | K85: 1 | L85: 0 | M85: 1 | N85: 2 | O85: 0 | P85: 1 | Q85: 1 | R85: 0 | S85: 0 | T85: 1 | U85: 2 | V85: 1 | W85: 1 | X85: 0 | Y85: 0 | Z85: 1 | AA85: 0 | AB85: 0 | AC85: 0 | AD85: 0 | AE85: 1 | AF85: 0 | AG85: 1 | AH85: 0 | AI85: 1 | AJ85: 2 | AK85: =SUM(E85:AJ85) -> 19
B86: 5 | C86: 5. UBAIDILLAH AMIN, S.Kom. | E86: 1 | F86: 0 | G86: 0 | H86: 0 | I86: 0 | J86: 1 | K86: 3 | L86: 1 | M86: 3 | N86: 0 | O86: 1 | P86: 1 | Q86: 1 | R86: 3 | S86: 2 | T86: 0 | U86: 0 | V86: 0 | W86: 1 | X86: 0 | Y86: 1 | Z86: 3 | AA86: 0 | AB86: 1 | AC86: 0 | AD86: 0 | AE86: 1 | AF86: 6 | AG86: 21 | AH86: 18 | AI86: 0 | AJ86: 3 | AK86: =SUM(E86:AJ86) -> 72
B87: 6 | C87: 6. DENNY YUNIANDARI, S.H., M.Kn. | E87: 1 | F87: 0 | G87: 0 | H87: 0 | I87: 0 | J87: 0 | K87: 0 | L87: 0 | M87: 1 | N87: 1 | O87: 0 | P87: 0 | Q87: 0 | R87: 1 | S87: 0 | T87: 0 | U87: 0 | V87: 0 | W87: 1 | X87: 0 | Y87: 0 | Z87: 0 | AA87: 0 | AB87: 0 | AC87: 0 | AD87: 0 | AE87: 0 | AF87: 1 | AG87: 0 | AH87: 0 | AI87: 0 | AJ87: 1 | AK87: =SUM(E87:AJ87) -> 7
B88: 7 | C88: 7. ERNADI, S.H.I. | E88: 0 | F88: 0 | G88: 0 | H88: 0 | I88: 0 | J88: 0 | K88: 0 | L88: 0 | M88: 0 | N88: 0 | O88: 0 | P88: 0 | Q88: 0 | R88: 0 | S88: 0 | T88: 0 | U88: 0 | V88: 0 | W88: 0 | X88: 0 | Y88: 0 | Z88: 0 | AA88: 0 | AB88: 0 | AC88: 0 | AD88: 1 | AE88: 0 | AF88: 0 | AG88: 0 | AH88: 0 | AI88: 0 | AJ88: 0 | AK88: =SUM(E88:AJ88) -> 1
AK89: =SUM(E89:AJ89) -> 0
AK90: =SUM(E90:AJ90) -> 0
A91: B | B91: JUMLAH SUARA SAH PARTAI POLITIK DAN CALON (A1 + A2) | E91: =SUM(E81:E88) -> 17 | F91: =SUM(F81:F88) -> 8 | G91: =SUM(G81:G88) -> 25 | H91: =SUM(H81:H88) -> 20 | I91: =SUM(I81:I88) -> 6 | J91: =SUM(J81:J88) -> 19 | K91: =SUM(K81:K88) -> 38 | L91: =SUM(L81:L88) -> 75 | ... AJ91: =SUM(AJ81:AJ88) -> 21 | AK91: =SUM(E91:AJ91) -> 747
A93: A.1 | B93: 5. | C93: Partai NasDem | E93: 2 | F93: 0 | G93: 4 | H93: 1 | I93: 2 | J93: 3 | K93: 4 | L93: 1 | M93: 1 | N93: 1 | O93: 1 | P93: 1 | Q93: 0 | R93: 2 | S93: 5 | T93: 4 | U93: 3 | V93: 1 | W93: 0 | X93: 1 | Y93: 2 | Z93: 1 | AA93: 3 | AB93: 3 | AC93: 4 | AD93: 0 | AE93: 1 | AF93: 7 | AG93: 0 | AH93: 0 | AI93: 3 | AJ93: 0 | AK93: =SUM(E93:AJ93) -> 61
A94: A.2 | B94: 1 | C94: 1. ACH. FADIL MUZAKKI SYAH | E94: 5 | F94: 16 | G94: 26 | H94: 7 | I94: 2 | J94: 9 | K94: 1 | L94: 10 | M94: 2 | N94: 2 | O94: 0 | P94: 0 | Q94: 3 | R94: 2 | S94: 5 | T94: 4 | U94: 1 | V94: 3 | W94: 1 | X94: 1 | Y94: 0 | Z94: 0 | AA94: 4 | AB94: 1 | AC94: 5 | AD94: 2 | AE94: 1 | AF94: 4 | AG94: 0 | AH94: 1 | AI94: 7 | AJ94: 1 | AK94: =SUM(E94:AJ94) -> 126
B95: 2 | C95: 2. BENY | E95: 1 | F95: 1 | G95: 2 | H95: 7 | I95: 1 | J95: 3 | K95: 1 | L95: 3 | M95: 1 | N95: 7 | O95: 2 | P95: 0 | Q95: 0 | R95: 19 | S95: 3 | T95: 12 | U95: 3 | V95: 6 | W95: 0 | X95: 1 | Y95: 0 | Z95: 0 | AA95: 1 | AB95: 3 | AC95: 2 | AD95: 2 | AE95: 0 | AF95: 1 | AG95: 0 | AH95: 1 | AI95: 2 | AJ95: 4 | AK95: =SUM(E95:AJ95) -> 89
B96: 3 | C96: 3. VINA VERONIKA | E96: 1 | F96: 0 | G96: 0 | H96: 0 | I96: 1 | J96: 1 | K96: 2 | L96: 0 | M96: 0 | N96: 0 | O96: 0 | P96: 0 | Q96: 0 | R96: 0 | S96: 0 | T96: 1 | U96: 0 | V96: 0 | W96: 0 | X96: 0 | Y96: 0 | Z96: 0 | AA96: 1 | AB96: 0 | AC96: 0 | AD96: 1 | AE96: 0 | AF96: 1 | AG96: 0 | AH96: 0 | AI96: 0 | AJ96: 1 | AK96: =SUM(E96:AJ96) -> 10
B97: 4 | C97: 4. TEDDY ANUGRIANTO | E97: 0 | F97: 1 | G97: 0 | H97: 0 | I97: 0 | J97: 0 | K97: 0 | L97: 0 | M97: 1 | N97: 1 | O97: 0 | P97: 0 | Q97: 0 | R97: 0 | S97: 0 | T97: 0 | U97: 0 | V97: 0 | W97: 0 | X97: 0 | Y97: 0 | Z97: 0 | AA97: 2 | AB97: 1 | AC97: 0 | AD97: 0 | AE97: 0 | AF97: 0 | AG97: 0 | AH97: 0 | AI97: 0 | AJ97: 1 | AK97: =SUM(E97:AJ97) -> 7
B98: 5 | C98: 5. INSAN KAMIL | E98: 0 | F98: 2 | G98: 1 | H98: 0 | I98: 2 | J98: 0 | K98: 0 | L98: 1 | M98: 0 | N98: 1 | O98: 0 | P98: 0 | Q98: 1 | R98: 1 | S98: 0 | T98: 0 | U98: 0 | V98: 1 | W98: 0 | X98: 0 | Y98: 0 | Z98: 0 | AA98: 0 | AB98: 0 | AC98: 2 | AD98: 1 | AE98: 1 | AF98: 1 | AG98: 0 | AH98: 1 | AI98: 1 | AJ98: 0 | AK98: =SUM(E98:AJ98) -> 17
B99: 6 | C99: 6. LILIK LINDARWATI | E99: 0 | F99: 0 | G99: 1 | H99: 0 | I99: 0 | J99: 1 | K99: 0 | L99: 0 | M99: 0 | N99: 0 | O99: 0 | P99: 0 | Q99: 1 | R99: 0 | S99: 0 | T99: 0 | U99: 0 | V99: 0 | W99: 0 | X99: 0 | Y99: 0 | Z99: 1 | AA99: 0 | AB99: 1 | AC99: 0 | AD99: 0 | AE99: 0 | AF99: 0 | AG99: 0 | AH99: 0 | AI99: 0 | AJ99: 0 | AK99: =SUM(E99:AJ99) -> 5
B100: 7 | C100: 7. YULI ANITA | E100: 0 | F100: 0 | G100: 0 | H100: 0 | I100: 0 | J100: 0 | K100: 1 | L100: 0 | M100: 0 | N100: 0 | O100: 0 | P100: 0 | Q100: 0 | R100: 0 | S100: 0 | T100: 0 | U100: 0 | V100: 0 | W100: 0 | X100: 0 | Y100: 0 | Z100: 0 | AA100: 0 | AB100: 0 | AC100: 0 | AD100: 0 | AE100: 0 | AF100: 0 | AG100: 0 | AH100: 0 | AI100: 0 | AJ100: 0 | AK100: =SUM(E100:AJ100) -> 1
AK101: =SUM(E101:AJ101) -> 0
AK102: =SUM(E102:AJ102) -> 0
A103: B | B103: JUMLAH SUARA SAH PARTAI POLITIK DAN CALON (A1 + A2) | E103: =SUM(E93:E100) -> 9 | F103: =SUM(F93:F100) -> 20 | G103: =SUM(G93:G100) -> 34 | H103: =SUM(H93:H100) -> 15 | I103: =SUM(I93:I100) -> 8 | J103: =SUM(J93:J100) -> 17 | K103: =SUM(K93:K100) -> 9 | L103: =SUM(L93:L100) -> 15 | ... AJ103: =SUM(AJ93:AJ100) -> 7 | AK103: =SUM(E103:AJ103) -> 316
A105: A.1 | B105: 6. | C105: Partai Buruh | E105: 0 | F105: 1 | G105: 0 | H105: 0 | I105: 0 | J105: 0 | K105: 0 | L105: 0 | M105: 0 | N105: 1 | O105: 0 | P105: 0 | Q105: 0 | R105: 0 | S105: 0 | T105: 0 | U105: 0 | V105: 0 | W105: 2 | X105: 0 | Y105: 1 | Z105: 0 | AA105: 0 | AB105: 0 | AC105: 0 | AD105: 0 | AE105: 1 | AF105: 0 | AG105: 0 | AH105: 0 | AI105: 1 | AJ105: 1 | AK105: =SUM(E105:AJ105) -> 8
A106: A.2 | B106: 1 | C106: 1. KHOIRUL ANAM | E106: 0 | F106: 1 | G106: 1 | H106: 0 | I106: 0 | J106: 0 | K106: 0 | L106: 0 | M106: 0 | N106: 0 | O106: 0 | P106: 0 | Q106: 0 | R106: 0 | S106: 0 | T106: 0 | U106: 0 | V106: 0 | W106: 1 | X106: 0 | Y106: 0 | Z106: 0 | AA106: 0 | AB106: 0 | AC106: 0 | AD106: 0 | AE106: 0 | AF106: 1 | AG106: 0 | AH106: 0 | AI106: 1 | AJ106: 0 | AK106: =SUM(E106:AJ106) -> 5
B107: 2 | C107: 2. INA KURNIA | E107: 0 | F107: 1 | G107: 0 | H107: 0 | I107: 0 | J107: 0 | K107: 1 | L107: 0 | M107: 1 | N107: 0 | O107: 0 | P107: 0 | Q107: 1 | R107: 0 | S107: 1 | T107: 0 | U107: 0 | V107: 0 | W107: 0 | X107: 0 | Y107: 0 | Z107: 0 | AA107: 0 | AB107: 0 | AC107: 0 | AD107: 0 | AE107: 1 | AF107: 0 | AG107: 0 | AH107: 0 | AI107: 0 | AJ107: 0 | AK107: =SUM(E107:AJ107) -> 6
B108: 3 | C108: 3. JIBRAL TAROUK | E108: 0 | F108: 0 | G108: 0 | H108: 0 | I108: 0 | J108: 0 | K108: 0 | L108: 0 | M108: 0 | N108: 0 | O108: 0 | P108: 0 | Q108: 0 | R108: 0 | S108: 0 | T108: 0 | U108: 0 | V108: 0 | W108: 0 | X108: 0 | Y108: 0 | Z108: 0 | AA108: 0 | AB108: 0 | AC108: 0 | AD108: 0 | AE108: 0 | AF108: 0 | AG108: 0 | AH108: 1 | AI108: 0 | AJ108: 0 | AK108: =SUM(E108:AJ108) -> 1
B109: 4 | C109: 4. ASTUTI DAENG PUJI | E109: 0 | F109: 0 | G109: 0 | H109: 0 | I109: 0 | J109: 0 | K109: 0 | L109: 0 | M109: 0 | N109: 0 | O109: 0 | P109: 0 | Q109: 0 | R109: 0 | S109: 0 | T109: 0 | U109: 0 | V109: 0 | W109: 0 | X109: 0 | Y109: 0 | Z109: 0 | AA109: 0 | AB109: 0 | AC109: 0 | AD109: 0 | AE109: 0 | AF109: 0 | AG109: 0 | AH109: 0 | AI109: 1 | AJ109: 0 | AK109: =SUM(E109:AJ109) -> 1
B110: 5 | C110: 5. ASDARMAWAN | E110: 0 | F110: 0 | G110: 0 | H110: 0 | I110: 0 | J110: 0 | K110: 0 | L110: 0 | M110: 0 | N110: 0 | O110: 0 | P110: 0 | Q110: 0 | R110: 0 | S110: 0 | T110: 0 | U110: 0 | V110: 0 | W110: 0 | X110: 0 | Y110: 0 | Z110: 0 | AA110: 0 | AB110: 0 | AC110: 0 | AD110: 0 | AE110: 0 | AF110: 0 | AG110: 0 | AH110: 0 | AI110: 0 | AJ110: 0 | AK110: =SUM(E110:AJ110) -> 0
B111: 6 | C111: 6. RIFQI MUBAROK | E111: 0 | F111: 0 | G111: 0 | H111: 0 | I111: 0 | J111: 0 | K111: 0 | L111: 0 | M111: 0 | N111: 0 | O111: 0 | P111: 0 | Q111: 0 | R111: 0 | S111: 0 | T111: 0 | U111: 0 | V111: 0 | W111: 0 | X111: 0 | Y111: 1 | Z111: 0 | AA111: 0 | AB111: 0 | AC111: 0 | AD111: 0 | AE111: 0 | AF111: 0 | AG111: 0 | AH111: 0 | AI111: 0 | AJ111: 0 | AK111: =SUM(E111:AJ111) -> 1
B112: 7 | C112: 7. FIRNANDA ALTA MEGA | E112: 0 | F112: 0 | G112: 0 | H112: 0 | I112: 0 | J112: 0 | K112: 0 | L112: 0 | M112: 0 | N112: 0 | O112: 0 | P112: 0 | Q112: 0 | R112: 0 | S112: 0 | T112: 0 | U112: 0 | V112: 0 | W112: 0 | X112: 0 | Y112: 0 | Z112: 0 | AA112: 0 | AB112: 0 | AC112: 0 | AD112: 0 | AE112: 0 | AF112: 0 | AG112: 0 | AH112: 0 | AI112: 0 | AJ112: 0 | AK112: =SUM(E112:AJ112) -> 0
AK113: =SUM(E113:AJ113) -> 0
AK114: =SUM(E114:AJ114) -> 0
A115: B | B115: JUMLAH SUARA SAH PARTAI POLITIK DAN CALON (A1 + A2) | E115: =SUM(E105:E112) -> 0 | F115: =SUM(F105:F112) -> 3 | G115: =SUM(G105:G112) -> 1 | H115: =SUM(H105:H112) -> 0 | I115: =SUM(I105:I112) -> 0 | J115: =SUM(J105:J112) -> 0 | K115: =SUM(K105:K112) -> 1 | L115: =SUM(L105:L112) -> 0 | ... AJ115: =SUM(AJ105:AJ112) -> 1 | AK115: =SUM(E115:AJ115) -> 22
A117: A.1 | B117: 7. | C117: Partai Gelombang Rakyat Indonesia | E117: 1 | F117: 0 | G117: 0 | H117: 0 | I117: 0 | J117: 0 | K117: 0 | L117: 0 | M117: 0 | N117: 2 | O117: 0 | P117: 1 | Q117: 1 | R117: 0 | S117: 0 | T117: 1 | U117: 0 | V117: 2 | W117: 2 | X117: 0 | Y117: 1 | Z117: 0 | AA117: 0 | AB117: 0 | AC117: 0 | AD117: 0 | AE117: 1 | AF117: 0 | AG117: 1 | AH117: 1 | AI117: 0 | AJ117: 0 | AK117: =SUM(E117:AJ117) -> 14
...

Sheet KALIBARU WETAN
C2: Kecamatan | D2: KALIBARU
C3: Kabupaten | D3: BANYUWANGI
C4: Provinsi | D4: JAWA TIMUR
C9: Kelurahan | D9: KALIBARU WETAN
A12: I | B12: DATA PEMILIH DAN PENGGUNAAN HAK PILIH | AU12: JUMLAH AKHIR
A13: A | B13: DATA PEMILIH | E13: TPS 001 | F13: TPS 002 | G13: TPS 003 | H13: TPS 004 | I13: TPS 005 | J13: TPS 006 | K13: TPS 007 | L13: TPS 008 | M13: TPS 009 | N13: TPS 010 | O13: TPS 011 | P13: TPS 012 | Q13: TPS 013 | R13: TPS 014 | S13: TPS 015 | T13: TPS 016 | U13: TPS 017 | V13: TPS 018 | W13: TPS 019 | X13: TPS 020 | Y13: TPS 021 | Z13: TPS 022 | AA13: TPS 023 | AB13: TPS 024 | AC13: TPS 025 | AD13: TPS 026 | AE13: TPS 027 | AF13: TPS 028 | AG13: TPS 029 | AH13: TPS 030 | AI13: TPS 031 | AJ13: TPS 032 | AK13: TPS 033 | AL13: TPS 034 | AM13: TPS 035 | AN13: TPS 036 | AO13: TPS 037 | AP13: TPS 038 | AQ13: TPS 039 | AR13: TPS 040 | AS13: TPS 041 | AT13: TPS 042
B14: Jumlah Pemilih dalam Daftar Pemilih Tetap (DPT) | D14: LK | E14: 119 | F14: 148 | G14: 140 | H14: 99 | I14: 127 | J14: 131 | K14: 86 | L14: 129 | M14: 124 | N14: 132 | O14: 127 | P14: 133 | Q14: 144 | R14: 142 | S14: 141 | T14: 139 | U14: 136 | V14: 135 | W14: 142 | X14: 148 | Y14: 127 | Z14: 140 | AA14: 133 | AB14: 116 | AC14: 112 | AD14: 143 | AE14: 123 | AF14: 114 | AG14: 122 | AH14: 130 | AI14: 120 | AJ14: 151 | AK14: 123 | AL14: 106 | AM14: 103 | AN14: 147 | AO14: 142 | AP14: 141 | AQ14: 152 | AR14: 158 | AS14: 150 | AT14: 117 | AU14: =SUM(E14:AT14) -> 5492
D15: PR | E15: 127 | F15: 144 | G15: 142 | H15: 83 | I15: 121 | J15: 128 | K15: 86 | L15: 142 | M15: 127 | N15: 127 | O15: 113 | P15: 140 | Q15: 145 | R15: 143 | S15: 150 | T15: 138 | U15: 156 | V15: 155 | W15: 141 | X15: 147 | Y15: 159 | Z15: 138 | AA15: 158 | AB15: 121 | AC15: 139 | AD15: 152 | AE15: 110 | AF15: 118 | AG15: 136 | AH15: 127 | AI15: 128 | AJ15: 137 | AK15: 131 | AL15: 119 | AM15: 115 | AN15: 147 | AO15: 147 | AP15: 153 | AQ15: 143 | AR15: 141 | AS15: 144 | AT15: 120 | AU15: =SUM(E15:AT15) -> 5638
D16: JML | E16: =SUM(E14:E15) -> 246 | F16: =SUM(F14:F15) -> 292 | G16: =SUM(G14:G15) -> 282 | H16: =SUM(H14:H15) -> 182 | I16: =SUM(I14:I15) -> 248 | J16: =SUM(J14:J15) -> 259 | K16: =SUM(K14:K15) -> 172 | L16: =SUM(L14:L15) -> 271 | ... AT16: =SUM(AT14:AT15) -> 237 | AU16: =SUM(E16:AT16) -> 11130
A18: B | B18: PENGGUNA HAK PILIH
B19: 1. | C19: Jumlah pengguna hak pilih dalam Daftar Pemilih Tetap (DPT) | D19: LK | E19: 89 | F19: 93 | G19: 98 | H19: 74 | I19: 82 | J19: 91 | K19: 64 | L19: 84 | M19: 83 | N19: 93 | O19: 97 | P19: 84 | Q19: 92 | R19: 91 | S19: 91 | T19: 87 | U19: 96 | V19: 86 | W19: 92 | X19: 101 | Y19: 83 | Z19: 101 | AA19: 99 | AB19: 90 | AC19: 70 | AD19: 93 | AE19: 86 | AF19: 85 | AG19: 80 | AH19: 78 | AI19: 83 | AJ19: 98 | AK19: 101 | AL19: 78 | AM19: 64 | AN19: 88 | AO19: 101 | AP19: 103 | AQ19: 93 | AR19: 110 | AS19: 115 | AT19: 88 | AU19: =SUM(E19:AT19) -> 3755
D20: PR | E20: 95 | F20: 110 | G20: 104 | H20: 71 | I20: 90 | J20: 95 | K20: 69 | L20: 109 | M20: 99 | N20: 93 | O20: 87 | P20: 101 | Q20: 116 | R20: 107 | S20: 113 | T20: 105 | U20: 118 | V20: 118 | W20: 104 | X20: 108 | Y20: 108 | Z20: 114 | AA20: 128 | AB20: 98 | AC20: 101 | AD20: 101 | AE20: 84 | AF20: 93 | AG20: 90 | AH20: 96 | AI20: 109 | AJ20: 101 | AK20: 101 | AL20: 84 | AM20: 86 | AN20: 107 | AO20: 116 | AP20: 118 | AQ20: 109 | AR20: 118 | AS20: 127 | AT20: 100 | AU20: =SUM(E20:AT20) -> 4301
D21: JML | E21: =SUM(E19:E20) -> 184 | F21: =SUM(F19:F20) -> 203 | G21: =SUM(G19:G20) -> 202 | H21: =SUM(H19:H20) -> 145 | I21: =SUM(I19:I20) -> 172 | J21: =SUM(J19:J20) -> 186 | K21: =SUM(K19:K20) -> 133 | L21: =SUM(L19:L20) -> 193 | ... AT21: =SUM(AT19:AT20) -> 188 | AU21: =SUM(E21:AT21) -> 8056
B22: 2. | C22: Jumlah pengguna hak pilih dalam Daftar Pemilih Tambahan (DPTb) | D22: LK | E22: 0 | F22: 0 | G22: 1 | H22: 0 | I22: 0 | J22: 1 | K22: 0 | L22: 2 | M22: 0 | N22: 3 | O22: 1 | P22: 1 | Q22: 0 | R22: 1 | S22: 1 | T22: 1 | U22: 1 | V22: 1 | W22: 0 | X22: 1 | Y22: 1 | Z22: 0 | AA22: 0 | AB22: 1 | AC22: 0 | AD22: 1 | AE22: 1 | AF22: 1 | AG22: 0 | AH22: 0 | AI22: 0 | AJ22: 0 | AK22: 2 | AL22: 1 | AM22: 1 | AN22: 0 | AO22: 0 | AP22: 0 | AQ22: 0 | AR22: 1 | AS22: 1 | AT22: 0 | AU22: =SUM(E22:AT22) -> 26
D23: PR | E23: 0 | F23: 0 | G23: 0 | H23: 0 | I23: 1 | J23: 0 | K23: 0 | L23: 0 | M23: 1 | N23: 1 | O23: 0 | P23: 0 | Q23: 1 | R23: 0 | S23: 0 | T23: 0 | U23: 0 | V23: 0 | W23: 0 | X23: 1 | Y23: 0 | Z23: 0 | AA23: 1 | AB23: 2 | AC23: 0 | AD23: 0 | AE23: 1 | AF23: 0 | AG23: 1 | AH23: 1 | AI23: 1 | AJ23: 1 | AK23: 0 | AL23: 0 | AM23: 0 | AN23: 1 | AO23: 1 | AP23: 1 | AQ23: 1 | AR23: 0 | AS23: 0 | AT23: 0 | AU23: =SUM(E23:AT23) -> 17
D24: JML | E24: =SUM(E22:E23) -> 0 | F24: =SUM(F22:F23) -> 0 | G24: =SUM(G22:G23) -> 1 | H24: =SUM(H22:H23) -> 0 | I24: =SUM(I22:I23) -> 1 | J24: =SUM(J22:J23) -> 1 | K24: =SUM(K22:K23) -> 0 | L24: =SUM(L22:L23) -> 2 | ... AT24: =SUM(AT22:AT23) -> 0 | AU24: =SUM(E24:AT24) -> 43
B25: 3. | C25: Jumlah pengguna hak pilih dalam Daftar Pemilih Khusus (DPK) | D25: LK | E25: 1 | F25: 0 | G25: 3 | H25: 0 | I25: 0 | J25: 1 | K25: 0 | L25: 1 | M25: 3 | N25: 0 | O25: 1 | P25: 4 | Q25: 1 | R25: 1 | S25: 1 | T25: 1 | U25: 1 | V25: 3 | W25: 3 | X25: 1 | Y25: 2 | Z25: 1 | AA25: 1 | AB25: 3 | AC25: 2 | AD25: 1 | AE25: 0 | AF25: 1 | AG25: 0 | AH25: 0 | AI25: 0 | AJ25: 6 | AK25: 0 | AL25: 0 | AM25: 1 | AN25: 2 | AO25: 6 | AP25: 2 | AQ25: 0 | AR25: 2 | AS25: 2 | AT25: 0 | AU25: =SUM(E25:AT25) -> 58
D26: PR | E26: 3 | F26: 0 | G26: 3 | H26: 0 | I26: 0 | J26: 0 | K26: 0 | L26: 2 | M26: 3 | N26: 1 | O26: 1 | P26: 4 | Q26: 2 | R26: 0 | S26: 2 | T26: 1 | U26: 5 | V26: 1 | W26: 2 | X26: 0 | Y26: 0 | Z26: 1 | AA26: 3 | AB26: 2 | AC26: 1 | AD26: 0 | AE26: 1 | AF26: 0 | AG26: 2 | AH26: 0 | AI26: 0 | AJ26: 5 | AK26: 1 | AL26: 3 | AM26: 0 | AN26: 3 | AO26: 2 | AP26: 2 | AQ26: 0 | AR26: 0 | AS26: 1 | AT26: 0 | AU26: =SUM(E26:AT26) -> 57
D27: JML | E27: =SUM(E25:E26) -> 4 | F27: =SUM(F25:F26) -> 0 | G27: =SUM(G25:G26) -> 6 | H27: =SUM(H25:H26) -> 0 | I27: =SUM(I25:I26) -> 0 | J27: =SUM(J25:J26) -> 1 | K27: =SUM(K25:K26) -> 0 | L27: =SUM(L25:L26) -> 3 | ... AT27: =SUM(AT25:AT26) -> 0 | AU27: =SUM(E27:AT27) -> 115
B28: 4. | C28: Jumlah Pengguna Hak Pilih (B.1+B.2+B.3) | D28: LK | E28: =SUM(E19,E22,E25) -> 90 | F28: =SUM(F19,F22,F25) -> 93 | G28: =SUM(G19,G22,G25) -> 102 | H28: =SUM(H19,H22,H25) -> 74 | I28: =SUM(I19,I22,I25) -> 82 | J28: =SUM(J19,J22,J25) -> 93 | K28: =SUM(K19,K22,K25) -> 64 | L28: =SUM(L19,L22,L25) -> 87 | ... AT28: =SUM(AT19,AT22,AT25) -> 88 | AU28: =SUM(E28:AT28) -> 3839
D29: PR | E29: =SUM(E20,E23,E26) -> 98 | F29: =SUM(F20,F23,F26) -> 110 | G29: =SUM(G20,G23,G26) -> 107 | H29: =SUM(H20,H23,H26) -> 71 | I29: =SUM(I20,I23,I26) -> 91 | J29: =SUM(J20,J23,J26) -> 95 | K29: =SUM(K20,K23,K26) -> 69 | L29: =SUM(L20,L23,L26) -> 111 | ... AT29: =SUM(AT20,AT23,AT26) -> 100 | AU29: =SUM(E29:AT29) -> 4375
D30: JML | E30: =SUM(E28:E29) -> 188 | F30: =SUM(F28:F29) -> 203 | G30: =SUM(G28:G29) -> 209 | H30: =SUM(H28:H29) -> 145 | I30: =SUM(I28:I29) -> 173 | J30: =SUM(J28:J29) -> 188 | K30: =SUM(K28:K29) -> 133 | L30: =SUM(L28:L29) -> 198 | ... AT30: =SUM(AT28:AT29) -> 188 | AU30: =SUM(E30:AT30) -> 8214
A32: II | B32: DATA PENGGUNAAN SURAT SUARA
A33: 1 | B33: Jumlah surat suara yang diterima, termasuk surat suara cadangan 2,5% dari DPT | E33: 251 | F33: 298 | G33: 288 | H33: 186 | I33: 254 | J33: 265 | K33: 176 | L33: 277 | M33: 257 | N33: 265 | O33: 245 | P33: 279 | Q33: 295 | R33: 292 | S33: 298 | T33: 283 | U33: 299 | V33: 321 | W33: 279 | X33: 301 | Y33: 292 | Z33: 284 | AA33: 277 | AB33: 265 | AC33: 260 | AD33: 302 | AE33: 228 | AF33: 237 | AG33: 263 | AH33: 262 | AI33: 253 | AJ33: 295 | AK33: 260 | AL33: 230 | AM33: 223 | AN33: 300 | AO33: 295 | AP33: 300 | AQ33: 301 | AR33: 295 | AS33: 300 | AT33: 243 | AU33: =SUM(E33:AT33) -> 11374
A34: 2 | B34: Jumlah surat suara yang digunakan | E34: 188 | F34: 203 | G34: 209 | H34: 145 | I34: 173 | J34: 188 | K34: 133 | L34: 198 | M34: 189 | N34: 191 | O34: 187 | P34: 194 | Q34: 212 | R34: 200 | S34: 208 | T34: 195 | U34: 221 | V34: 209 | W34: 201 | X34: 212 | Y34: 194 | Z34: 217 | AA34: 232 | AB34: 196 | AC34: 174 | AD34: 196 | AE34: 173 | AF34: 180 | AG34: 173 | AH34: 175 | AI34: 193 | AJ34: 211 | AK34: 205 | AL34: 166 | AM34: 152 | AN34: 201 | AO34: 226 | AP34: 226 | AQ34: 203 | AR34: 231 | AS34: 246 | AT34: 188 | AU34: =SUM(E34:AT34) -> 8214
A35: 3 | B35: Jumlah surat suara dikembalikan oleh pemilih (karena rusak atau keliru coblos) | E35: 0 | F35: 1 | G35: 0 | H35: 0 | I35: 0 | J35: 0 | K35: 0 | L35: 0 | M35: 1 | N35: 0 | O35: 0 | P35: 0 | Q35: 0 | R35: 0 | S35: 0 | T35: 0 | U35: 0 | V35: 1 | W35: 0 | X35: 1 | Y35: 1 | Z35: 0 | AA35: 0 | AB35: 3 | AC35: 0 | AD35: 1 | AE35: 1 | AF35: 3 | AG35: 0 | AH35: 0 | AI35: 0 | AJ35: 0 | AK35: 0 | AL35: 0 | AM35: 0 | AN35: 0 | AO35: 0 | AP35: 0 | AQ35: 0 | AR35: 2 | AS35: 1 | AT35: 0 | AU35: =SUM(E35:AT35) -> 16
A36: 4 | B36: Jumlah surat suara yang tidak digunakan/tidak terpakai, termasuk sisa surat suara cadangan | E36: =E33-(E34+E35) -> 63 | F36: =F33-(F34+F35) -> 94 | G36: =G33-(G34+G35) -> 79 | H36: =H33-(H34+H35) -> 41 | I36: =I33-(I34+I35) -> 81 | J36: =J33-(J34+J35) -> 77 | K36: =K33-(K34+K35) -> 43 | L36: =L33-(L34+L35) -> 79 | ... AT36: =AT33-(AT34+AT35) -> 55 | AU36: =SUM(E36:AT36) -> 3144
A38: III | B38: DATA PEMILIH DISABILITAS
B39: Jumlah seluruh Pemilih disabilitas yang menggunakan hak pilih | D39: LK | E39: 0 | F39: 0 | G39: 0 | H39: 0 | I39: 0 | J39: 1 | K39: 0 | L39: 1 | M39: 3 | N39: 0 | O39: 1 | P39: 3 | Q39: 0 | R39: 0 | S39: 0 | T39: 1 | U39: 2 | V39: 0 | W39: 0 | X39: 0 | Y39: 0 | Z39: 1 | AA39: 0 | AB39: 1 | AC39: 0 | AD39: 1 | AE39: 1 | AF39: 0 | AG39: 0 | AH39: 1 | AI39: 0 | AJ39: 0 | AK39: 1 | AL39: 0 | AM39: 0 | AN39: 0 | AO39: 0 | AP39: 0 | AQ39: 0 | AR39: 0 | AS39: 2 | AT39: 1 | AU39: =SUM(E39:AT39) -> 21
D40: PR | E40: 0 | F40: 0 | G40: 2 | H40: 0 | I40: 0 | J40: 2 | K40: 0 | L40: 0 | M40: 1 | N40: 0 | O40: 0 | P40: 1 | Q40: 0 | R40: 1 | S40: 0 | T40: 1 | U40: 4 | V40: 0 | W40: 0 | X40: 0 | Y40: 0 | Z40: 1 | AA40: 0 | AB40: 0 | AC40: 0 | AD40: 1 | AE40: 0 | AF40: 0 | AG40: 0 | AH40: 0 | AI40: 0 | AJ40: 0 | AK40: 1 | AL40: 0 | AM40: 0 | AN40: 0 | AO40: 0 | AP40: 0 | AQ40: 0 | AR40: 0 | AS40: 1 | AT40: 1 | AU40: =SUM(E40:AT40) -> 17
D41: JML | E41: =SUM(E39:E40) -> 0 | F41: =SUM(F39:F40) -> 0 | G41: =SUM(G39:G40) -> 2 | H41: =SUM(H39:H40) -> 0 | I41: =SUM(I39:I40) -> 0 | J41: =SUM(J39:J40) -> 3 | K41: =SUM(K39:K40) -> 0 | L41: =SUM(L39:L40) -> 1 | ... AT41: =SUM(AT39:AT40) -> 2 | AU41: =SUM(E41:AT41) -> 38
A43: IV | B43: DATA RINCIAN PEROLEHAN SUARA PASANGAN CALON BUPATI DAN WAKIL BUPATI
A44: NOMOR DAN NAMA CALON
A45: A.1 | B45: 1. | C45: Partai Kebangkitan Bangsa | E45: 8 | F45: 5 | G45: 14 | H45: 4 | I45: 5 | J45: 4 | K45: 4 | L45: 1 | M45: 4 | N45: 3 | O45: 5 | P45: 9 | Q45: 6 | R45: 5 | S45: 4 | T45: 3 | U45: 2 | V45: 0 | W45: 0 | X45: 3 | Y45: 4 | Z45: 9 | AA45: 6 | AB45: 10 | AC45: 3 | AD45: 7 | AE45: 5 | AF45: 0 | AG45: 6 | AH45: 3 | AI45: 4 | AJ45: 7 | AK45: 4 | AL45: 5 | AM45: 7 | AN45: 5 | AO45: 3 | AP45: 7 | AQ45: 5 | AR45: 7 | AS45: 3 | AT45: 7 | AU45: =SUM(E45:AT45) -> 206
A46: A.2 | B46: 1 | C46: 1. Dr. Hj. NIHAYATUL WAFIROH, M.A. | E46: 11 | F46: 12 | G46: 28 | H46: 8 | I46: 8 | J46: 6 | K46: 6 | L46: 3 | M46: 11 | N46: 9 | O46: 18 | P46: 20 | Q46: 7 | R46: 5 | S46: 9 | T46: 15 | U46: 12 | V46: 4 | W46: 10 | X46: 5 | Y46: 13 | Z46: 17 | AA46: 24 | AB46: 37 | AC46: 20 | AD46: 13 | AE46: 10 | AF46: 5 | AG46: 15 | AH46: 3 | AI46: 6 | AJ46: 18 | AK46: 19 | AL46: 5 | AM46: 3 | AN46: 10 | AO46: 4 | AP46: 10 | AQ46: 10 | AR46: 20 | AS46: 27 | AT46: 9 | AU46: =SUM(E46:AT46) -> 505
B47: 2 | C47: 2. H. M. NASIM KHAN | E47: 0 | F47: 3 | G47: 4 | H47: 2 | I47: 27 | J47: 15 | K47: 5 | L47: 2 | M47: 1 | N47: 1 | O47: 1 | P47: 0 | Q47: 0 | R47: 3 | S47: 2 | T47: 1 | U47: 7 | V47: 3 | W47: 1 | X47: 0 | Y47: 2 | Z47: 0 | AA47: 0 | AB47: 3 | AC47: 2 | AD47: 2 | AE47: 3 | AF47: 0 | AG47: 2 | AH47: 0 | AI47: 1 | AJ47: 5 | AK47: 0 | AL47: 0 | AM47: 0 | AN47: 0 | AO47: 1 | AP47: 0 | AQ47: 3 | AR47: 3 | AS47: 6 | AT47: 0 | AU47: =SUM(E47:AT47) -> 111
B48: 3 | C48: 3. Dr. H. AKIK ZAMAN, M.Pd.I. | E48: 1 | F48: 2 | G48: 5 | H48: 0 | I48: 1 | J48: 1 | K48: 1 | L48: 0 | M48: 1 | N48: 1 | O48: 7 | P48: 2 | Q48: 3 | R48: 0 | S48: 1 | T48: 0 | U48: 2 | V48: 0 | W48: 1 | X48: 2 | Y48: 1 | Z48: 3 | AA48: 0 | AB48: 4 | AC48: 0 | AD48: 0 | AE48: 1 | AF48: 1 | AG48: 2 | AH48: 0 | AI48: 1 | AJ48: 5 | AK48: 1 | AL48: 1 | AM48: 0 | AN48: 2 | AO48: 0 | AP48: 2 | AQ48: 1 | AR48: 0 | AS48: 1 | AT48: 0 | AU48: =SUM(E48:AT48) -> 57
B49: 4 | C49: 4. AHMAD RIFA'I, S.H. | E49: 1 | F49: 0 | G49: 1 | H49: 0 | I49: 1 | J49: 0 | K49: 0 | L49: 1 | M49: 0 | N49: 0 | O49: 1 | P49: 1 | Q49: 1 | R49: 1 | S49: 1 | T49: 2 | U49: 1 | V49: 2 | W49: 0 | X49: 0 | Y49: 2 | Z49: 0 | AA49: 0 | AB49: 0 | AC49: 0 | AD49: 0 | AE49: 0 | AF49: 0 | AG49: 1 | AH49: 1 | AI49: 0 | AJ49: 2 | AK49: 0 | AL49: 0 | AM49: 0 | AN49: 0 | AO49: 0 | AP49: 1 | AQ49: 2 | AR49: 0 | AS49: 0 | AT49: 2 | AU49: =SUM(E49:AT49) -> 25
B50: 5 | C50: 5. Drs. H. MAHFUD M.N. | E50: 0 | F50: 1 | G50: 0 | H50: 0 | I50: 1 | J50: 0 | K50: 1 | L50: 0 | M50: 1 | N50: 0 | O50: 0 | P50: 1 | Q50: 0 | R50: 0 | S50: 1 | T50: 0 | U50: 1 | V50: 0 | W50: 0 | X50: 0 | Y50: 1 | Z50: 1 | AA50: 0 | AB50: 2 | AC50: 1 | AD50: 2 | AE50: 0 | AF50: 0 | AG50: 1 | AH50: 1 | AI50: 0 | AJ50: 1 | AK50: 1 | AL50: 0 | AM50: 0 | AN50: 0 | AO50: 0 | AP50: 0 | AQ50: 0 | AR50: 0 | AS50: 1 | AT50: 1 | AU50: =SUM(E50:AT50) -> 20
B51: 6 | C51: 6. NURHAYATI, S.Pd. | E51: 0 | F51: 0 | G51: 1 | H51: 1 | I51: 0 | J51: 0 | K51: 0 | L51: 0 | M51: 0 | N51: 0 | O51: 0 | P51: 0 | Q51: 0 | R51: 0 | S51: 0 | T51: 0 | U51: 0 | V51: 0 | W51: 0 | X51: 0 | Y51: 0 | Z51: 0 | AA51: 0 | AB51: 1 | AC51: 0 | AD51: 0 | AE51: 1 | AF51: 0 | AG51: 0 | AH51: 0 | AI51: 0 | AJ51: 2 | AK51: 0 | AL51: 0 | AM51: 0 | AN51: 1 | AO51: 0 | AP51: 0 | AQ51: 0 | AR51: 0 | AS51: 0 | AT51: 0 | AU51: =SUM(E51:AT51) -> 7
B52: 7 | C52: 7. MAFTUHA KISWAH | E52: 0 | F52: 0 | G52: 0 | H52: 0 | I52: 0 | J52: 0 | K52: 0 | L52: 0 | M52: 0 | N52: 0 | O52: 0 | P52: 0 | Q52: 1 | R52: 0 | S52: 1 | T52: 0 | U52: 0 | V52: 0 | W52: 0 | X52: 0 | Y52: 0 | Z52: 0 | AA52: 0 | AB52: 0 | AC52: 1 | AD52: 0 | AE52: 0 | AF52: 0 | AG52: 0 | AH52: 0 | AI52: 0 | AJ52: 0 | AK52: 0 | AL52: 0 | AM52: 0 | AN52: 0 | AO52: 0 | AP52: 1 | AQ52: 0 | AR52: 0 | AS52: 0 | AT52: 0 | AU52: =SUM(E52:AT52) -> 4
AU53: =SUM(E53:AT53) -> 0
AU54: =SUM(E54:AT54) -> 0
A55: B | B55: JUMLAH SUARA SAH PARTAI POLITIK DAN CALON (A1 + A2) | E55: =SUM(E45:E52) -> 21 | F55: =SUM(F45:F52) -> 23 | G55: =SUM(G45:G52) -> 53 | H55: =SUM(H45:H52) -> 15 | I55: =SUM(I45:I52) -> 43 | J55: =SUM(J45:J52) -> 26 | K55: =SUM(K45:K52) -> 17 | L55: =SUM(L45:L52) -> 7 | ... AT55: =SUM(AT45:AT52) -> 19 | AU55: =SUM(E55:AT55) -> 935
A57: A.1 | B57: 2. | C57: Partai Gerakan Indonesia Raya | E57: 6 | F57: 8 | G57: 9 | H57: 3 | I57: 17 | J57: 9 | K57: 9 | L57: 9 | M57: 7 | N57: 22 | O57: 10 | P57: 9 | Q57: 6 | R57: 8 | S57: 12 | T57: 9 | U57: 19 | V57: 7 | W57: 2 | X57: 5 | Y57: 4 | Z57: 3 | AA57: 9 | AB57: 7 | AC57: 11 | AD57: 5 | AE57: 7 | AF57: 5 | AG57: 13 | AH57: 17 | AI57: 16 | AJ57: 16 | AK57: 16 | AL57: 7 | AM57: 7 | AN57: 11 | AO57: 6 | AP57: 8 | AQ57: 10 | AR57: 13 | AS57: 9 | AT57: 12 | AU57: =SUM(E57:AT57) -> 398
A58: A.2 | B58: 1 | C58: 1. SUMAIL ABDULLAH | E58: 8 | F58: 5 | G58: 0 | H58: 3 | I58: 3 | J58: 9 | K58: 6 | L58: 3 | M58: 1 | N58: 8 | O58: 4 | P58: 7 | Q58: 5 | R58: 9 | S58: 8 | T58: 8 | U58: 11 | V58: 10 | W58: 4 | X58: 2 | Y58: 1 | Z58: 6 | AA58: 5 | AB58: 8 | AC58: 9 | AD58: 8 | AE58: 11 | AF58: 2 | AG58: 3 | AH58: 11 | AI58: 9 | AJ58: 18 | AK58: 5 | AL58: 13 | AM58: 7 | AN58: 2 | AO58: 4 | AP58: 8 | AQ58: 9 | AR58: 18 | AS58: 3 | AT58: 8 | AU58: =SUM(E58:AT58) -> 282
B59: 2 | C59: 2. MUHAMMAD ALI ADRIAN SALEH | E59: 1 | F59: 2 | G59: 4 | H59: 1 | I59: 5 | J59: 3 | K59: 3 | L59: 3 | M59: 1 | N59: 5 | O59: 4 | P59: 6 | Q59: 4 | R59: 11 | S59: 5 | T59: 4 | U59: 4 | V59: 1 | W59: 2 | X59: 2 | Y59: 0 | Z59: 0 | AA59: 2 | AB59: 3 | AC59: 2 | AD59: 1 | AE59: 1 | AF59: 3 | AG59: 1 | AH59: 3 | AI59: 4 | AJ59: 3 | AK59: 4 | AL59: 1 | AM59: 3 | AN59: 3 | AO59: 4 | AP59: 1 | AQ59: 2 | AR59: 3 | AS59: 7 | AT59: 3 | AU59: =SUM(E59:AT59) -> 125
B60: 3 | C60: 3. DURROTUN NAFISAH | E60: 2 | F60: 0 | G60: 1 | H60: 0 | I60: 0 | J60: 0 | K60: 1 | L60: 0 | M60: 0 | N60: 0 | O60: 1 | P60: 2 | Q60: 1 | R60: 2 | S60: 0 | T60: 1 | U60: 3 | V60: 3 | W60: 0 | X60: 0 | Y60: 2 | Z60: 0 | AA60: 1 | AB60: 0 | AC60: 3 | AD60: 1 | AE60: 0 | AF60: 0 | AG60: 4 | AH60: 1 | AI60: 5 | AJ60: 2 | AK60: 1 | AL60: 0 | AM60: 2 | AN60: 0 | AO60: 2 | AP60: 2 | AQ60: 2 | AR60: 1 | AS60: 2 | AT60: 2 | AU60: =SUM(E60:AT60) -> 50
B61: 4 | C61: 4. H. EKO SUSILO NURHIDAYAT | E61: 1 | F61: 1 | G61: 0 | H61: 0 | I61: 3 | J61: 1 | K61: 0 | L61: 2 | M61: 1 | N61: 0 | O61: 3 | P61: 4 | Q61: 4 | R61: 6 | S61: 4 | T61: 3 | U61: 3 | V61: 0 | W61: 2 | X61: 2 | Y61: 2 | Z61: 4 | AA61: 4 | AB61: 2 | AC61: 3 | AD61: 1 | AE61: 0 | AF61: 4 | AG61: 2 | AH61: 2 | AI61: 2 | AJ61: 5 | AK61: 3 | AL61: 4 | AM61: 2 | AN61: 1 | AO61: 1 | AP61: 3 | AQ61: 9 | AR61: 1 | AS61: 2 | AT61: 0 | AU61: =SUM(E61:AT61) -> 97
B62: 5 | C62: 5. KARNADI HARIJANTO, S.S. | E62: 0 | F62: 0 | G62: 0 | H62: 0 | I62: 0 | J62: 0 | K62: 0 | L62: 0 | M62: 0 | N62: 1 | O62: 0 | P62: 0 | Q62: 1 | R62: 0 | S62: 1 | T62: 0 | U62: 0 | V62: 0 | W62: 0 | X62: 0 | Y62: 0 | Z62: 2 | AA62: 0 | AB62: 1 | AC62: 1 | AD62: 1 | AE62: 0 | AF62: 0 | AG62: 0 | AH62: 0 | AI62: 1 | AJ62: 0 | AK62: 1 | AL62: 0 | AM62: 0 | AN62: 0 | AO62: 1 | AP62: 1 | AQ62: 1 | AR62: 0 | AS62: 3 | AT62: 2 | AU62: =SUM(E62:AT62) -> 18
B63: 6 | C63: 6. NURHAYATI | E63: 0 | F63: 0 | G63: 0 | H63: 0 | I63: 2 | J63: 1 | K63: 0 | L63: 1 | M63: 1 | N63: 0 | O63: 0 | P63: 1 | Q63: 0 | R63: 1 | S63: 2 | T63: 1 | U63: 3 | V63: 1 | W63: 0 | X63: 1 | Y63: 1 | Z63: 0 | AA63: 0 | AB63: 0 | AC63: 2 | AD63: 2 | AE63: 0 | AF63: 0 | AG63: 0 | AH63: 1 | AI63: 0 | AJ63: 1 | AK63: 0 | AL63: 0 | AM63: 0 | AN63: 0 | AO63: 0 | AP63: 1 | AQ63: 1 | AR63: 0 | AS63: 1 | AT63: 1 | AU63: =SUM(E63:AT63) -> 26
B64: 7 | C64: 7. MASHUDI | E64: 0 | F64: 1 | G64: 0 | H64: 0 | I64: 0 | J64: 1 | K64: 1 | L64: 0 | M64: 0 | N64: 0 | O64: 0 | P64: 0 | Q64: 0 | R64: 0 | S64: 1 | T64: 1 | U64: 0 | V64: 2 | W64: 0 | X64: 0 | Y64: 0 | Z64: 0 | AA64: 0 | AB64: 0 | AC64: 0 | AD64: 0 | AE64: 0 | AF64: 0 | AG64: 0 | AH64: 0 | AI64: 4 | AJ64: 0 | AK64: 0 | AL64: 0 | AM64: 0 | AN64: 0 | AO64: 1 | AP64: 0 | AQ64: 0 | AR64: 1 | AS64: 1 | AT64: 1 | AU64: =SUM(E64:AT64) -> 15
AU65: =SUM(E65:AT65) -> 0
AU66: =SUM(E66:AT66) -> 0
A67: B | B67: JUMLAH SUARA SAH PARTAI POLITIK DAN CALON (A1 + A2) | E67: =SUM(E57:E64) -> 18 | F67: =SUM(F57:F64) -> 17 | G67: =SUM(G57:G64) -> 14 | H67: =SUM(H57:H64) -> 7 | I67: =SUM(I57:I64) -> 30 | J67: =SUM(J57:J64) -> 24 | K67: =SUM(K57:K64) -> 20 | L67: =SUM(L57:L64) -> 18 | ... AT67: =SUM(AT57:AT64) -> 29 | AU67: =SUM(E67:AT67) -> 1011
A69: A.1 | B69: 3. | C69: Partai Demokrasi Indonesia Perjuangan | E69: 2 | F69: 9 | G69: 4 | H69: 2 | I69: 3 | J69: 1 | K69: 1 | L69: 10 | M69: 3 | N69: 4 | O69: 11 | P69: 9 | Q69: 4 | R69: 2 | S69: 4 | T69: 5 | U69: 9 | V69: 11 | W69: 1 | X69: 5 | Y69: 10 | Z69: 7 | AA69: 3 | AB69: 1 | AC69: 4 | AD69: 6 | AE69: 2 | AF69: 18 | AG69: 7 | AH69: 2 | AI69: 0 | AJ69: 2 | AK69: 4 | AL69: 0 | AM69: 3 | AN69: 11 | AO69: 1 | AP69: 1 | AQ69: 2 | AR69: 1 | AS69: 3 | AT69: 4 | AU69: =SUM(E69:AT69) -> 192
A70: A.2 | B70: 1 | C70: 1. SONNY TRI DANAPARAMITA, S.H., M.H. | E70: 4 | F70: 4 | G70: 3 | H70: 3 | I70: 3 | J70: 5 | K70: 0 | L70: 3 | M70: 7 | N70: 4 | O70: 3 | P70: 5 | Q70: 8 | R70: 6 | S70: 18 | T70: 8 | U70: 4 | V70: 11 | W70: 2 | X70: 6 | Y70: 8 | Z70: 14 | AA70: 8 | AB70: 9 | AC70: 1 | AD70: 9 | AE70: 4 | AF70: 23 | AG70: 4 | AH70: 4 | AI70: 10 | AJ70: 5 | AK70: 8 | AL70: 5 | AM70: 4 | AN70: 10 | AO70: 2 | AP70: 10 | AQ70: 5 | AR70: 16 | AS70: 23 | AT70: 12 | AU70: =SUM(E70:AT70) -> 301
B71: 2 | C71: 2. H. MOHAMAD GUNTUR ROMLI | E71: 3 | F71: 3 | G71: 0 | H71: 0 | I71: 2 | J71: 1 | K71: 0 | L71: 2 | M71: 1 | N71: 1 | O71: 0 | P71: 2 | Q71: 1 | R71: 2 | S71: 2 | T71: 2 | U71: 2 | V71: 3 | W71: 2 | X71: 2 | Y71: 2 | Z71: 0 | AA71: 1 | AB71: 1 | AC71: 0 | AD71: 2 | AE71: 1 | AF71: 2 | AG71: 2 | AH71: 0 | AI71: 1 | AJ71: 1 | AK71: 1 | AL71: 4 | AM71: 1 | AN71: 0 | AO71: 0 | AP71: 0 | AQ71: 0 | AR71: 1 | AS71: 0 | AT71: 0 | AU71: =SUM(E71:AT71) -> 51
B72: 3 | C72: 3. INA AMMANIA | E72: 0 | F72: 0 | G72: 1 | H72: 0 | I72: 0 | J72: 0 | K72: 0 | L72: 3 | M72: 0 | N72: 1 | O72: 10 | P72: 12 | Q72: 19 | R72: 2 | S72: 2 | T72: 7 | U72: 3 | V72: 4 | W72: 2 | X72: 3 | Y72: 3 | Z72: 1 | AA72: 2 | AB72: 6 | AC72: 2 | AD72: 3 | AE72: 0 | AF72: 2 | AG72: 0 | AH72: 1 | AI72: 0 | AJ72: 1 | AK72: 1 | AL72: 1 | AM72: 0 | AN72: 4 | AO72: 0 | AP72: 1 | AQ72: 0 | AR72: 0 | AS72: 0 | AT72: 0 | AU72: =SUM(E72:AT72) -> 97
B73: 4 | C73: 4. IRWAN BACHTIAR RACHMAT, M.Si. | E73: 0 | F73: 0 | G73: 0 | H73: 0 | I73: 0 | J73: 0 | K73: 0 | L73: 0 | M73: 0 | N73: 0 | O73: 0 | P73: 0 | Q73: 0 | R73: 1 | S73: 0 | T73: 2 | U73: 2 | V73: 1 | W73: 1 | X73: 0 | Y73: 0 | Z73: 0 | AA73: 1 | AB73: 0 | AC73: 1 | AD73: 0 | AE73: 0 | AF73: 1 | AG73: 0 | AH73: 0 | AI73: 1 | AJ73: 1 | AK73: 0 | AL73: 0 | AM73: 0 | AN73: 0 | AO73: 0 | AP73: 0 | AQ73: 3 | AR73: 0 | AS73: 0 | AT73: 2 | AU73: =SUM(E73:AT73) -> 17
B74: 5 | C74: 5. LUCKY PERDANA | E74: 0 | F74: 0 | G74: 0 | H74: 0 | I74: 0 | J74: 0 | K74: 1 | L74: 1 | M74: 2 | N74: 0 | O74: 1 | P74: 5 | Q74: 0 | R74: 0 | S74: 2 | T74: 3 | U74: 0 | V74: 1 | W74: 2 | X74: 1 | Y74: 7 | Z74: 2 | AA74: 3 | AB74: 0 | AC74: 0 | AD74: 2 | AE74: 1 | AF74: 2 | AG74: 2 | AH74: 0 | AI74: 1 | AJ74: 1 | AK74: 1 | AL74: 0 | AM74: 0 | AN74: 3 | AO74: 0 | AP74: 1 | AQ74: 0 | AR74: 0 | AS74: 1 | AT74: 2 | AU74: =SUM(E74:AT74) -> 48
B75: 6 | C75: 6. WIWIK PUJIYATI | E75: 0 | F75: 1 | G75: 0 | H75: 1 | I75: 0 | J75: 0 | K75: 0 | L75: 1 | M75: 0 | N75: 2 | O75: 1 | P75: 0 | Q75: 1 | R75: 0 | S75: 1 | T75: 0 | U75: 0 | V75: 1 | W75: 0 | X75: 0 | Y75: 1 | Z75: 1 | AA75: 0 | AB75: 0 | AC75: 0 | AD75: 1 | AE75: 0 | AF75: 1 | AG75: 0 | AH75: 0 | AI75: 0 | AJ75: 1 | AK75: 1 | AL75: 0 | AM75: 1 | AN75: 0 | AO75: 0 | AP75: 1 | AQ75: 0 | AR75: 0 | AS75: 0 | AT75: 0 | AU75: =SUM(E75:AT75) -> 17
B76: 7 | C76: 7. CHANDRA ASTAN, S.T. | E76: 1 | F76: 6 | G76: 2 | H76: 0 | I76: 1 | J76: 1 | K76: 0 | L76: 0 | M76: 5 | N76: 1 | O76: 1 | P76: 8 | Q76: 1 | R76: 1 | S76: 2 | T76: 3 | U76: 3 | V76: 1 | W76: 1 | X76: 0 | Y76: 2 | Z76: 4 | AA76: 1 | AB76: 7 | AC76: 0 | AD76: 3 | AE76: 0 | AF76: 0 | AG76: 0 | AH76: 0 | AI76: 1 | AJ76: 0 | AK76: 1 | AL76: 0 | AM76: 1 | AN76: 1 | AO76: 1 | AP76: 4 | AQ76: 1 | AR76: 0 | AS76: 0 | AT76: 3 | AU76: =SUM(E76:AT76) -> 68
AU77: =SUM(E77:AT77) -> 0
AU78: =SUM(E78:AT78) -> 0
A79: B | B79: JUMLAH SUARA SAH PARTAI POLITIK DAN CALON (A1 + A2) | E79: =SUM(E69:E76) -> 10 | F79: =SUM(F69:F76) -> 23 | G79: =SUM(G69:G76) -> 10 | H79: =SUM(H69:H76) -> 6 | I79: =SUM(I69:I76) -> 9 | J79: =SUM(J69:J76) -> 8 | K79: =SUM(K69:K76) -> 2 | L79: =SUM(L69:L76) -> 20 | ... AT79: =SUM(AT69:AT76) -> 23 | AU79: =SUM(E79:AT79) -> 791
A81: A.1 | B81: 4. | C81: Partai Golongan Karya | E81: 3 | F81: 4 | G81: 4 | H81: 2 | I81: 7 | J81: 1 | K81: 6 | L81: 0 | M81: 0 | N81: 6 | O81: 7 | P81: 4 | Q81: 4 | R81: 5 | S81: 3 | T81: 4 | U81: 4 | V81: 9 | W81: 4 | X81: 1 | Y81: 4 | Z81: 3 | AA81: 3 | AB81: 2 | AC81: 0 | AD81: 4 | AE81: 4 | AF81: 6 | AG81: 8 | AH81: 3 | AI81: 4 | AJ81: 3 | AK81: 3 | AL81: 3 | AM81: 1 | AN81: 5 | AO81: 4 | AP81: 6 | AQ81: 8 | AR81: 2 | AS81: 1 | AT81: 6 | AU81: =SUM(E81:AT81) -> 161
A82: A.2 | B82: 1 | C82: 1. ZULFIKAR ARSE SADIKIN, S.I.P., M.Si. | E82: 26 | F82: 5 | G82: 13 | H82: 3 | I82: 5 | J82: 2 | K82: 12 | L82: 10 | M82: 12 | N82: 8 | O82: 4 | P82: 3 | Q82: 3 | R82: 1 | S82: 1 | T82: 5 | U82: 5 | V82: 11 | W82: 71 | X82: 4 | Y82: 3 | Z82: 38 | AA82: 28 | AB82: 1 | AC82: 12 | AD82: 5 | AE82: 3 | AF82: 6 | AG82: 10 | AH82: 6 | AI82: 1 | AJ82: 2 | AK82: 10 | AL82: 8 | AM82: 0 | AN82: 9 | AO82: 10 | AP82: 3 | AQ82: 5 | AR82: 2 | AS82: 3 | AT82: 7 | AU82: =SUM(E82:AT82) -> 376
B83: 2 | C83: 2. HANDOKO | E83: 15 | F83: 16 | G83: 14 | H83: 25 | I83: 2 | J83: 2 | K83: 6 | L83: 7 | M83: 5 | N83: 9 | O83: 6 | P83: 2 | Q83: 1 | R83: 3 | S83: 4 | T83: 10 | U83: 8 | V83: 10 | W83: 2 | X83: 15 | Y83: 10 | Z83: 1 | AA83: 5 | AB83: 4 | AC83: 5 | AD83: 16 | AE83: 29 | AF83: 30 | AG83: 14 | AH83: 6 | AI83: 0 | AJ83: 1 | AK83: 4 | AL83: 3 | AM83: 3 | AN83: 11 | AO83: 14 | AP83: 8 | AQ83: 8 | AR83: 12 | AS83: 7 | AT83: 9 | AU83: =SUM(E83:AT83) -> 362
B84: 3 | C84: 3. Hj. OVI DEWI YANTI | E84: 0 | F84: 0 | G84: 1 | H84: 0 | I84: 2 | J84: 2 | K84: 1 | L84: 0 | M84: 1 | N84: 1 | O84: 2 | P84: 3 | Q84: 0 | R84: 0 | S84: 0 | T84: 0 | U84: 1 | V84: 1 | W84: 0 | X84: 0 | Y84: 1 | Z84: 0 | AA84: 1 | AB84: 1 | AC84: 0 | AD84: 1 | AE84: 1 | AF84: 0 | AG84: 0 | AH84: 2 | AI84: 1 | AJ84: 2 | AK84: 2 | AL84: 2 | AM84: 2 | AN84: 0 | AO84: 0 | AP84: 0 | AQ84: 1 | AR84: 2 | AS84: 1 | AT84: 0 | AU84: =SUM(E84:AT84) -> 35
B85: 4 | C85: 4. Ir. AZAM AZMAN NATAWIJANA | E85: 0 | F85: 0 | G85: 0 | H85: 0 | I85: 1 | J85: 1 | K85: 0 | L85: 0 | M85: 1 | N85: 1 | O85: 1 | P85: 0 | Q85: 1 | R85: 0 | S85: 0 | T85: 0 | U85: 0 | V85: 0 | W85: 1 | X85: 0 | Y85: 0 | Z85: 3 | AA85: 0 | AB85: 0 | AC85: 0 | AD85: 0 | AE85: 0 | AF85: 2 | AG85: 0 | AH85: 0 | AI85: 0 | AJ85: 0 | AK85: 0 | AL85: 1 | AM85: 1 | AN85: 0 | AO85: 1 | AP85: 0 | AQ85: 0 | AR85: 0 | AS85: 0 | AT85: 0 | AU85: =SUM(E85:AT85) -> 15
B86: 5 | C86: 5. UBAIDILLAH AMIN, S.Kom. | E86: 3 | F86: 0 | G86: 0 | H86: 0 | I86: 1 | J86: 1 | K86: 2 | L86: 2 | M86: 7 | N86: 5 | O86: 1 | P86: 1 | Q86: 2 | R86: 1 | S86: 0 | T86: 0 | U86: 0 | V86: 0 | W86: 12 | X86: 8 | Y86: 0 | Z86: 0 | AA86: 0 | AB86: 1 | AC86: 1 | AD86: 1 | AE86: 3 | AF86: 8 | AG86: 3 | AH86: 0 | AI86: 4 | AJ86: 1 | AK86: 0 | AL86: 2 | AM86: 0 | AN86: 2 | AO86: 1 | AP86: 0 | AQ86: 8 | AR86: 3 | AS86: 0 | AT86: 0 | AU86: =SUM(E86:AT86) -> 84
B87: 6 | C87: 6. DENNY YUNIANDARI, S.H., M.Kn. | E87: 0 | F87: 1 | G87: 0 | H87: 1 | I87: 0 | J87: 0 | K87: 0 | L87: 0 | M87: 0 | N87: 0 | O87: 0 | P87: 0 | Q87: 0 | R87: 0 | S87: 0 | T87: 0 | U87: 0 | V87: 0 | W87: 0 | X87: 0 | Y87: 0 | Z87: 0 | AA87: 0 | AB87: 0 | AC87: 0 | AD87: 0 | AE87: 0 | AF87: 0 | AG87: 0 | AH87: 0 | AI87: 0 | AJ87: 0 | AK87: 0 | AL87: 0 | AM87: 0 | AN87: 0 | AO87: 1 | AP87: 0 | AQ87: 0 | AR87: 0 | AS87: 0 | AT87: 0 | AU87: =SUM(E87:AT87) -> 3
B88: 7 | C88: 7. ERNADI, S.H.I. | E88: 0 | F88: 0 | G88: 0 | H88: 0 | I88: 0 | J88: 0 | K88: 1 | L88: 0 | M88: 0 | N88: 0 | O88: 0 | P88: 0 | Q88: 0 | R88: 0 | S88: 0 | T88: 0 | U88: 0 | V88: 0 | W88: 0 | X88: 0 | Y88: 0 | Z88: 0 | AA88: 0 | AB88: 0 | AC88: 0 | AD88: 0 | AE88: 0 | AF88: 0 | AG88: 0 | AH88: 0 | AI88: 0 | AJ88: 0 | AK88: 0 | AL88: 0 | AM88: 0 | AN88: 0 | AO88: 0 | AP88: 0 | AQ88: 0 | AR88: 0 | AS88: 0 | AT88: 0 | AU88: =SUM(E88:AT88) -> 1
AU89: =SUM(E89:AT89) -> 0
AU90: =SUM(E90:AT90) -> 0
A91: B | B91: JUMLAH SUARA SAH PARTAI POLITIK DAN CALON (A1 + A2) | E91: =SUM(E81:E88) -> 47 | F91: =SUM(F81:F88) -> 26 | G91: =SUM(G81:G88) -> 32 | H91: =SUM(H81:H88) -> 31 | I91: =SUM(I81:I88) -> 18 | J91: =SUM(J81:J88) -> 9 | K91: =SUM(K81:K88) -> 28 | L91: =SUM(L81:L88) -> 19 | ... AT91: =SUM(AT81:AT88) -> 22 | AU91: =SUM(E91:AT91) -> 1037
A93: A.1 | B93: 5. | C93: Partai NasDem | E93: 2 | F93: 3 | G93: 4 | H93: 1 | I93: 2 | J93: 4 | K93: 0 | L93: 3 | M93: 3 | N93: 2 | O93: 3 | P93: 5 | Q93: 13 | R93: 6 | S93: 1 | T93: 7 | U93: 3 | V93: 2 | W93: 1 | X93: 1 | Y93: 1 | Z93: 2 | AA93: 0 | AB93: 2 | AC93: 3 | AD93: 4 | AE93: 2 | AF93: 3 | AG93: 1 | AH93: 3 | AI93: 6 | AJ93: 1 | AK93: 2 | AL93: 2 | AM93: 0 | AN93: 2 | AO93: 0 | AP93: 0 | AQ93: 7 | AR93: 3 | AS93: 1 | AT93: 0 | AU93: =SUM(E93:AT93) -> 111
A94: A.2 | B94: 1 | C94: 1. ACH. FADIL MUZAKKI SYAH | E94: 6 | F94: 1 | G94: 0 | H94: 0 | I94: 3 | J94: 4 | K94: 2 | L94: 0 | M94: 0 | N94: 3 | O94: 0 | P94: 2 | Q94: 3 | R94: 12 | S94: 4 | T94: 6 | U94: 0 | V94: 6 | W94: 3 | X94: 4 | Y94: 3 | Z94: 1 | AA94: 1 | AB94: 2 | AC94: 2 | AD94: 3 | AE94: 4 | AF94: 0 | AG94: 2 | AH94: 2 | AI94: 4 | AJ94: 4 | AK94: 1 | AL94: 3 | AM94: 2 | AN94: 3 | AO94: 1 | AP94: 2 | AQ94: 1 | AR94: 1 | AS94: 3 | AT94: 3 | AU94: =SUM(E94:AT94) -> 107
B95: 2 | C95: 2. BENY | E95: 5 | F95: 1 | G95: 0 | H95: 4 | I95: 7 | J95: 10 | K95: 8 | L95: 6 | M95: 0 | N95: 6 | O95: 2 | P95: 1 | Q95: 4 | R95: 7 | S95: 4 | T95: 1 | U95: 2 | V95: 4 | W95: 3 | X95: 2 | Y95: 4 | Z95: 11 | AA95: 7 | AB95: 3 | AC95: 2 | AD95: 6 | AE95: 7 | AF95: 4 | AG95: 13 | AH95: 5 | AI95: 7 | AJ95: 1 | AK95: 5 | AL95: 1 | AM95: 1 | AN95: 4 | AO95: 3 | AP95: 0 | AQ95: 1 | AR95: 8 | AS95: 1 | AT95: 3 | AU95: =SUM(E95:AT95) -> 174
B96: 3 | C96: 3. VINA VERONIKA | E96: 0 | F96: 0 | G96: 0 | H96: 1 | I96: 0 | J96: 1 | K96: 0 | L96: 0 | M96: 0 | N96: 0 | O96: 1 | P96: 0 | Q96: 1 | R96: 1 | S96: 1 | T96: 0 | U96: 0 | V96: 1 | W96: 0 | X96: 1 | Y96: 0 | Z96: 0 | AA96: 0 | AB96: 0 | AC96: 0 | AD96: 0 | AE96: 0 | AF96: 0 | AG96: 0 | AH96: 2 | AI96: 1 | AJ96: 1 | AK96: 0 | AL96: 0 | AM96: 1 | AN96: 0 | AO96: 0 | AP96: 0 | AQ96: 0 | AR96: 1 | AS96: 1 | AT96: 1 | AU96: =SUM(E96:AT96) -> 16
B97: 4 | C97: 4. TEDDY ANUGRIANTO | E97: 0 | F97: 2 | G97: 0 | H97: 0 | I97: 0 | J97: 0 | K97: 0 | L97: 1 | M97: 6 | N97: 0 | O97: 3 | P97: 4 | Q97: 6 | R97: 1 | S97: 8 | T97: 5 | U97: 1 | V97: 1 | W97: 2 | X97: 1 | Y97: 0 | Z97: 1 | AA97: 0 | AB97: 0 | AC97: 0 | AD97: 8 | AE97: 3 | AF97: 0 | AG97: 0 | AH97: 0 | AI97: 2 | AJ97: 0 | AK97: 1 | AL97: 0 | AM97: 1 | AN97: 0 | AO97: 0 | AP97: 1 | AQ97: 0 | AR97: 1 | AS97: 1 | AT97: 2 | AU97: =SUM(E97:AT97) -> 62
B98: 5 | C98: 5. INSAN KAMIL | E98: 0 | F98: 1 | G98: 1 | H98: 0 | I98: 0 | J98: 1 | K98: 0 | L98: 1 | M98: 0 | N98: 0 | O98: 1 | P98: 3 | Q98: 2 | R98: 4 | S98: 1 | T98: 1 | U98: 2 | V98: 1 | W98: 0 | X98: 0 | Y98: 0 | Z98: 0 | AA98: 1 | AB98: 0 | AC98: 1 | AD98: 0 | AE98: 4 | AF98: 0 | AG98: 1 | AH98: 0 | AI98: 1 | AJ98: 2 | AK98: 0 | AL98: 0 | AM98: 1 | AN98: 0 | AO98: 0 | AP98: 0 | AQ98: 5 | AR98: 0 | AS98: 0 | AT98: 1 | AU98: =SUM(E98:AT98) -> 36
B99: 6 | C99: 6. LILIK LINDARWATI | E99: 0 | F99: 0 | G99: 0 | H99: 0 | I99: 0 | J99: 1 | K99: 1 | L99: 1 | M99: 0 | N99: 0 | O99: 0 | P99: 0 | Q99: 0 | R99: 1 | S99: 0 | T99: 0 | U99: 0 | V99: 1 | W99: 0 | X99: 0 | Y99: 0 | Z99: 0 | AA99: 0 | AB99: 1 | AC99: 0 | AD99: 0 | AE99: 0 | AF99: 0 | AG99: 0 | AH99: 0 | AI99: 0 | AJ99: 0 | AK99: 0 | AL99: 0 | AM99: 0 | AN99: 0 | AO99: 0 | AP99: 0 | AQ99: 0 | AR99: 0 | AS99: 0 | AT99: 1 | AU99: =SUM(E99:AT99) -> 7
B100: 7 | C100: 7. YULI ANITA | E100: 0 | F100: 0 | G100: 0 | H100: 0 | I100: 0 | J100: 0 | K100: 0 | L100: 0 | M100: 0 | N100: 0 | O100: 0 | P100: 0 | Q100: 0 | R100: 0 | S100: 0 | T100: 0 | U100: 0 | V100: 0 | W100: 0 | X100: 0 | Y100: 0 | Z100: 0 | AA100: 3 | AB100: 1 | AC100: 0 | AD100: 0 | AE100: 0 | AF100: 0 | AG100: 0 | AH100: 0 | AI100: 0 | AJ100: 0 | AK100: 0 | AL100: 0 | AM100: 0 | AN100: 1 | AO100: 0 | AP100: 0 | AQ100: 0 | AR100: 0 | AS100: 0 | AT100: 0 | AU100: =SUM(E100:AT100) -> 5
AU101: =SUM(E101:AT101) -> 0
AU102: =SUM(E102:AT102) -> 0
A103: B | B103: JUMLAH SUARA SAH PARTAI POLITIK DAN CALON (A1 + A2) | E103: =SUM(E93:E100) -> 13 | F103: =SUM(F93:F100) -> 8 | G103: =SUM(G93:G100) -> 5 | H103: =SUM(H93:H100) -> 6 | I103: =SUM(I93:I100) -> 12 | J103: =SUM(J93:J100) -> 21 | K103: =SUM(K93:K100) -> 11 | L103: =SUM(L93:L100) -> 12 | ... AT103: =SUM(AT93:AT100) -> 11 | AU103: =SUM(E103:AT103) -> 518
A105: A.1 | B105: 6. | C105: Partai Buruh | E105: 0 | F105: 1 | G105: 0 | H105: 0 | I105: 0 | J105: 0 | K105: 0 | L105: 2 | M105: 0 | N105: 0 | O105: 0 | P105: 1 | Q105: 1 | R105: 1 | S105: 0 | T105: 0 | U105: 1 | V105: 0 | W105: 0 | X105: 1 | Y105: 1 | Z105: 0 | AA105: 0 | AB105: 0 | AC105: 0 | AD105: 0 | AE105: 0 | AF105: 1 | AG105: 0 | AH105: 0 | AI105: 0 | AJ105: 1 | AK105: 0 | AL105: 0 | AM105: 0 | AN105: 0 | AO105: 0 | AP105: 0 | AQ105: 0 | AR105: 0 | AS105: 0 | AT105: 0 | AU105: =SUM(E105:AT105) -> 11
A106: A.2 | B106: 1 | C106: 1. KHOIRUL ANAM | E106: 0 | F106: 0 | G106: 0 | H106: 0 | I106: 1 | J106: 1 | K106: 0 | L106: 0 | M106: 0 | N106: 2 | O106: 0 | P106: 0 | Q106: 1 | R106: 1 | S106: 0 | T106: 1 | U106: 0 | V106: 1 | W106: 0 | X106: 0 | Y106: 2 | Z106: 0 | AA106: 0 | AB106: 0 | AC106: 0 | AD106: 0 | AE106: 0 | AF106: 0 | AG106: 1 | AH106: 0 | AI106: 1 | AJ106: 0 | AK106: 1 | AL106: 0 | AM106: 0 | AN106: 0 | AO106: 0 | AP106: 0 | AQ106: 0 | AR106: 1 | AS106: 1 | AT106: 0 | AU106: =SUM(E106:AT106) -> 15
B107: 2 | C107: 2. INA KURNIA | E107: 0 | F107: 0 | G107: 0 | H107: 0 | I107: 0 | J107: 0 | K107: 0 | L107: 1 | M107: 0 | N107: 1 | O107: 0 | P107: 0 | Q107: 0 | R107: 1 | S107: 0 | T107: 0 | U107: 0 | V107: 0 | W107: 0 | X107: 0 | Y107: 0 | Z107: 0 | AA107: 0 | AB107: 0 | AC107: 0 | AD107: 0 | AE107: 0 | AF107: 0 | AG107: 0 | AH107: 0 | AI107: 0 | AJ107: 0 | AK107: 0 | AL107: 0 | AM107: 0 | AN107: 0 | AO107: 0 | AP107: 0 | AQ107: 0 | AR107: 0 | AS107: 1 | AT107: 0 | AU107: =SUM(E107:AT107) -> 4
B108: 3 | C108: 3. JIBRAL TAROUK | E108: 0 | F108: 0 | G108: 0 | H108: 0 | I108: 0 | J108: 0 | K108: 0 | L108: 0 | M108: 0 | N108: 0 | O108: 0 | P108: 0 | Q108: 0 | R108: 0 | S108: 0 | T108: 0 | U108: 0 | V108: 0 | W108: 0 | X108: 0 | Y108: 0 | Z108: 0 | AA108: 0 | AB108: 0 | AC108: 0 | AD108: 0 | AE108: 0 | AF108: 0 | AG108: 0 | AH108: 0 | AI108: 0 | AJ108: 0 | AK108: 0 | AL108: 0 | AM108: 1 | AN108: 0 | AO108: 1 | AP108: 0 | AQ108: 0 | AR108: 0 | AS108: 0 | AT108: 0 | AU108: =SUM(E108:AT108) -> 2
B109: 4 | C109: 4. ASTUTI DAENG PUJI | E109: 0 | F109: 0 | G109: 0 | H109: 0 | I109: 1 | J109: 0 | K109: 0 | L109: 0 | M109: 0 | N109: 0 | O109: 0 | P109: 0 | Q109: 0 | R109: 0 | S109: 0 | T109: 0 | U109: 0 | V109: 0 | W109: 0 | X109: 0 | Y109: 0 | Z109: 0 | AA109: 0 | AB109: 0 | AC109: 0 | AD109: 0 | AE109: 0 | AF109: 0 | AG109: 0 | AH109: 0 | AI109: 0 | AJ109: 0 | AK109: 0 | AL109: 0 | AM109: 0 | AN109: 0 | AO109: 0 | AP109: 0 | AQ109: 1 | AR109: 0 | AS109: 0 | AT109: 0 | AU109: =SUM(E109:AT109) -> 2
B110: 5 | C110: 5. ASDARMAWAN | E110: 0 | F110: 0 | G110: 0 | H110: 0 | I110: 1 | J110: 0 | K110: 0 | L110: 0 | M110: 0 | N110: 0 | O110: 0 | P110: 0 | Q110: 0 | R110: 0 | S110: 1 | T110: 0 | U110: 0 | V110: 0 | W110: 0 | X110: 0 | Y110: 0 | Z110: 0 | AA110: 0 | AB110: 0 | AC110: 0 | AD110: 0 | AE110: 0 | AF110: 0 | AG110: 0 | AH110: 0 | AI110: 0 | AJ110: 0 | AK110: 0 | AL110: 0 | AM110: 0 | AN110: 0 | AO110: 0 | AP110: 0 | AQ110: 0 | AR110: 0 | AS110: 0 | AT110: 0 | AU110: =SUM(E110:AT110) -> 2
B111: 6 | C111: 6. RIFQI MUBAROK | E111: 0 | F111: 0 | G111: 0 | H111: 0 | I111: 0 | J111: 0 | K111: 0 | L111: 1 | M111: 0 | N111: 0 | O111: 1 | P111: 0 | Q111: 0 | R111: 0 | S111: 0 | T111: 0 | U111: 0 | V111: 0 | W111: 0 | X111: 0 | Y111: 0 | Z111: 0 | AA111: 0 | AB111: 0 | AC111: 0 | AD111: 0 | AE111: 0 | AF111: 0 | AG111: 0 | AH111: 0 | AI111: 0 | AJ111: 0 | AK111: 0 | AL111: 0 | AM111: 0 | AN111: 0 | AO111: 0 | AP111: 0 | AQ111: 0 | AR111: 0 | AS111: 0 | AT111: 0 | AU111: =SUM(E111:AT111) -> 2
B112: 7 | C112: 7. FIRNANDA ALTA MEGA | E112: 0 | F112: 0 | G112: 0 | H112: 0 | I112: 0 | J112: 0 | K112: 0 | L112: 0 | M112: 0 | N112: 0 | O112: 0 | P112: 0 | Q112: 0 | R112: 0 | S112: 0 | T112: 0 | U112: 0 | V112: 0 | W112: 0 | X112: 0 | Y112: 0 | Z112: 0 | AA112: 0 | AB112: 0 | AC112: 0 | AD112: 0 | AE112: 0 | AF112: 0 | AG112: 0 | AH112: 0 | AI112: 0 | AJ112: 0 | AK112: 0 | AL112: 0 | AM112: 0 | AN112: 0 | AO112: 0 | AP112: 0 | AQ112: 0 | AR112: 0 | AS112: 0 | AT112: 0 | AU112: =SUM(E112:AT112) -> 0
AU113: =SUM(E113:AT113) -> 0
AU114: =SUM(E114:AT114) -> 0
A115: B | B115: JUMLAH SUARA SAH PARTAI POLITIK DAN CALON (A1 + A2) | E115: =SUM(E105:E112) -> 0 | F115: =SUM(F105:F112) -> 1 | G115: =SUM(G105:G112) -> 0 | H115: =SUM(H105:H112) -> 0 | I115: =SUM(I105:I112) -> 3 | J115: =SUM(J105:J112) -> 1 | K115: =SUM(K105:K112) -> 0 | L115: =SUM(L105:L112) -> 4 | ... AT115: =SUM(AT105:AT112) -> 0 | AU115: =SUM(E115:AT115) -> 38
A117: A.1 | B117: 7. | C117: Partai Gelombang Rakyat Indonesia | E117: 0 | F117: 0 | G117: 1 | H117: 1 | I117: 0 | J117: 1 | K117: 1 | L117: 0 | M117: 0 | N117: 0 | O117: 0 | P117: 1 | Q117: 0 | R117: 0 | S117: 1 | T117: 1 | U117: 0 | V117: 0 | W117: 0 | X117: 0 | Y117: 0 | Z117: 0 | AA117: 0 | AB117: 0 | AC117: 0 | AD117: 2 | AE117: 0 | AF117: 0 | AG117: 1 | AH117: 0 | AI117: 0 | AJ117: 1 | AK117: 2 | AL117: 0 | AM117: 1 | AN117: 0 | AO117: 0 | AP117: 2 | AQ117: 1 | AR117: 0 | AS117: 2 | AT117: 1 | AU117: =SUM(E117:AT117) -> 20
...

Sheet KEBONREJO
C2: Kecamatan | D2: KALIBARU
C3: Kabupaten | D3: BANYUWANGI
C4: Provinsi | D4: JAWA TIMUR
C9: Kelurahan | D9: KEBONREJO
A12: I | B12: DATA PEMILIH DAN PENGGUNAAN HAK PILIH | AJ12: JUMLAH AKHIR
A13: A | B13: DATA PEMILIH | E13: TPS 001 | F13: TPS 002 | G13: TPS 003 | H13: TPS 004 | I13: TPS 005 | J13: TPS 006 | K13: TPS 007 | L13: TPS 008 | M13: TPS 009 | N13: TPS 010 | O13: TPS 011 | P13: TPS 012 | Q13: TPS 013 | R13: TPS 014 | S13: TPS 015 | T13: TPS 016 | U13: TPS 017 | V13: TPS 018 | W13: TPS 019 | X13: TPS 020 | Y13: TPS 021 | Z13: TPS 022 | AA13: TPS 023 | AB13: TPS 024 | AC13: TPS 025 | AD13: TPS 026 | AE13: TPS 027 | AF13: TPS 028 | AG13: TPS 029 | AH13: TPS 030 | AI13: TPS 031
B14: Jumlah Pemilih dalam Daftar Pemilih Tetap (DPT) | D14: LK | E14: 139 | F14: 143 | G14: 155 | H14: 132 | I14: 115 | J14: 138 | K14: 145 | L14: 136 | M14: 119 | N14: 145 | O14: 110 | P14: 119 | Q14: 115 | R14: 107 | S14: 137 | T14: 144 | U14: 145 | V14: 112 | W14: 93 | X14: 124 | Y14: 113 | Z14: 109 | AA14: 132 | AB14: 138 | AC14: 95 | AD14: 147 | AE14: 143 | AF14: 87 | AG14: 129 | AH14: 115 | AI14: 115 | AJ14: =SUM(E14:AI14) -> 3896
D15: PR | E15: 156 | F15: 150 | G15: 142 | H15: 128 | I15: 106 | J15: 157 | K15: 122 | L15: 143 | M15: 124 | N15: 152 | O15: 85 | P15: 125 | Q15: 120 | R15: 124 | S15: 155 | T15: 145 | U15: 152 | V15: 120 | W15: 114 | X15: 134 | Y15: 101 | Z15: 107 | AA15: 136 | AB15: 149 | AC15: 96 | AD15: 133 | AE15: 136 | AF15: 89 | AG15: 147 | AH15: 116 | AI15: 109 | AJ15: =SUM(E15:AI15) -> 3973
D16: JML | E16: =SUM(E14:E15) -> 295 | F16: =SUM(F14:F15) -> 293 | G16: =SUM(G14:G15) -> 297 | H16: =SUM(H14:H15) -> 260 | I16: =SUM(I14:I15) -> 221 | J16: =SUM(J14:J15) -> 295 | K16: =SUM(K14:K15) -> 267 | L16: =SUM(L14:L15) -> 279 | ... AI16: =SUM(AI14:AI15) -> 224 | AJ16: =SUM(E16:AI16) -> 7869
A18: B | B18: PENGGUNA HAK PILIH
B19: 1. | C19: Jumlah pengguna hak pilih dalam Daftar Pemilih Tetap (DPT) | D19: LK | E19: 92 | F19: 105 | G19: 112 | H19: 82 | I19: 84 | J19: 98 | K19: 111 | L19: 103 | M19: 83 | N19: 112 | O19: 92 | P19: 99 | Q19: 82 | R19: 77 | S19: 89 | T19: 105 | U19: 104 | V19: 91 | W19: 67 | X19: 104 | Y19: 89 | Z19: 86 | AA19: 94 | AB19: 102 | AC19: 79 | AD19: 101 | AE19: 117 | AF19: 73 | AG19: 103 | AH19: 84 | AI19: 113 | AJ19: =SUM(E19:AI19) -> 2933
D20: PR | E20: 105 | F20: 109 | G20: 117 | H20: 100 | I20: 83 | J20: 122 | K20: 107 | L20: 112 | M20: 99 | N20: 120 | O20: 71 | P20: 99 | Q20: 85 | R20: 91 | S20: 117 | T20: 113 | U20: 122 | V20: 100 | W20: 90 | X20: 103 | Y20: 88 | Z20: 84 | AA20: 111 | AB20: 122 | AC20: 88 | AD20: 107 | AE20: 104 | AF20: 77 | AG20: 121 | AH20: 91 | AI20: 106 | AJ20: =SUM(E20:AI20) -> 3164
D21: JML | E21: =SUM(E19:E20) -> 197 | F21: =SUM(F19:F20) -> 214 | G21: =SUM(G19:G20) -> 229 | H21: =SUM(H19:H20) -> 182 | I21: =SUM(I19:I20) -> 167 | J21: =SUM(J19:J20) -> 220 | K21: =SUM(K19:K20) -> 218 | L21: =SUM(L19:L20) -> 215 | ... AI21: =SUM(AI19:AI20) -> 219 | AJ21: =SUM(E21:AI21) -> 6097
B22: 2. | C22: Jumlah pengguna hak pilih dalam Daftar Pemilih Tambahan (DPTb) | D22: LK | E22: 0 | F22: 0 | G22: 0 | H22: 1 | I22: 0 | J22: 1 | K22: 0 | L22: 1 | M22: 0 | N22: 0 | O22: 1 | P22: 1 | Q22: 0 | R22: 0 | S22: 0 | T22: 0 | U22: 0 | V22: 0 | W22: 1 | X22: 1 | Y22: 0 | Z22: 0 | AA22: 0 | AB22: 1 | AC22: 0 | AD22: 0 | AE22: 1 | AF22: 0 | AG22: 1 | AH22: 1 | AI22: 1 | AJ22: =SUM(E22:AI22) -> 12
D23: PR | E23: 0 | F23: 0 | G23: 1 | H23: 0 | I23: 1 | J23: 0 | K23: 0 | L23: 0 | M23: 1 | N23: 1 | O23: 0 | P23: 0 | Q23: 0 | R23: 0 | S23: 0 | T23: 0 | U23: 0 | V23: 1 | W23: 0 | X23: 0 | Y23: 1 | Z23: 1 | AA23: 0 | AB23: 0 | AC23: 0 | AD23: 1 | AE23: 0 | AF23: 1 | AG23: 0 | AH23: 0 | AI23: 0 | AJ23: =SUM(E23:AI23) -> 9
D24: JML | E24: =SUM(E22:E23) -> 0 | F24: =SUM(F22:F23) -> 0 | G24: =SUM(G22:G23) -> 1 | H24: =SUM(H22:H23) -> 1 | I24: =SUM(I22:I23) -> 1 | J24: =SUM(J22:J23) -> 1 | K24: =SUM(K22:K23) -> 0 | L24: =SUM(L22:L23) -> 1 | ... AI24: =SUM(AI22:AI23) -> 1 | AJ24: =SUM(E24:AI24) -> 21
B25: 3. | C25: Jumlah pengguna hak pilih dalam Daftar Pemilih Khusus (DPK) | D25: LK | E25: 2 | F25: 0 | G25: 0 | H25: 0 | I25: 0 | J25: 0 | K25: 1 | L25: 1 | M25: 0 | N25: 0 | O25: 0 | P25: 2 | Q25: 0 | R25: 0 | S25: 1 | T25: 4 | U25: 0 | V25: 0 | W25: 0 | X25: 0 | Y25: 1 | Z25: 0 | AA25: 2 | AB25: 0 | AC25: 0 | AD25: 1 | AE25: 0 | AF25: 0 | AG25: 0 | AH25: 1 | AI25: 0 | AJ25: =SUM(E25:AI25) -> 16
D26: PR | E26: 3 | F26: 1 | G26: 0 | H26: 1 | I26: 2 | J26: 2 | K26: 2 | L26: 1 | M26: 1 | N26: 0 | O26: 0 | P26: 4 | Q26: 0 | R26: 1 | S26: 2 | T26: 2 | U26: 0 | V26: 0 | W26: 0 | X26: 0 | Y26: 0 | Z26: 0 | AA26: 1 | AB26: 1 | AC26: 3 | AD26: 0 | AE26: 0 | AF26: 0 | AG26: 0 | AH26: 1 | AI26: 0 | AJ26: =SUM(E26:AI26) -> 28
D27: JML | E27: =SUM(E25:E26) -> 5 | F27: =SUM(F25:F26) -> 1 | G27: =SUM(G25:G26) -> 0 | H27: =SUM(H25:H26) -> 1 | I27: =SUM(I25:I26) -> 2 | J27: =SUM(J25:J26) -> 2 | K27: =SUM(K25:K26) -> 3 | L27: =SUM(L25:L26) -> 2 | ... AI27: =SUM(AI25:AI26) -> 0 | AJ27: =SUM(E27:AI27) -> 44
B28: 4. | C28: Jumlah Pengguna Hak Pilih (B.1+B.2+B.3) | D28: LK | E28: =SUM(E19,E22,E25) -> 94 | F28: =SUM(F19,F22,F25) -> 105 | G28: =SUM(G19,G22,G25) -> 112 | H28: =SUM(H19,H22,H25) -> 83 | I28: =SUM(I19,I22,I25) -> 84 | J28: =SUM(J19,J22,J25) -> 99 | K28: =SUM(K19,K22,K25) -> 112 | L28: =SUM(L19,L22,L25) -> 105 | ... AI28: =SUM(AI19,AI22,AI25) -> 114 | AJ28: =SUM(E28:AI28) -> 2961
D29: PR | E29: =SUM(E20,E23,E26) -> 108 | F29: =SUM(F20,F23,F26) -> 110 | G29: =SUM(G20,G23,G26) -> 118 | H29: =SUM(H20,H23,H26) -> 101 | I29: =SUM(I20,I23,I26) -> 86 | J29: =SUM(J20,J23,J26) -> 124 | K29: =SUM(K20,K23,K26) -> 109 | L29: =SUM(L20,L23,L26) -> 113 | ... AI29: =SUM(AI20,AI23,AI26) -> 106 | AJ29: =SUM(E29:AI29) -> 3201
D30: JML | E30: =SUM(E28:E29) -> 202 | F30: =SUM(F28:F29) -> 215 | G30: =SUM(G28:G29) -> 230 | H30: =SUM(H28:H29) -> 184 | I30: =SUM(I28:I29) -> 170 | J30: =SUM(J28:J29) -> 223 | K30: =SUM(K28:K29) -> 221 | L30: =SUM(L28:L29) -> 218 | ... AI30: =SUM(AI28:AI29) -> 220 | AJ30: =SUM(E30:AI30) -> 6162
A32: II | B32: DATA PENGGUNAAN SURAT SUARA
A33: 1 | B33: Jumlah surat suara yang diterima, termasuk surat suara cadangan 2,5% dari DPT | E33: 301 | F33: 299 | G33: 303 | H33: 266 | I33: 226 | J33: 301 | K33: 273 | L33: 285 | M33: 248 | N33: 303 | O33: 199 | P33: 249 | Q33: 240 | R33: 236 | S33: 293 | T33: 295 | U33: 303 | V33: 241 | W33: 211 | X33: 264 | Y33: 210 | Z33: 221 | AA33: 274 | AB33: 293 | AC33: 195 | AD33: 286 | AE33: 285 | AF33: 180 | AG33: 282 | AH33: 236 | AI33: 229 | AJ33: =SUM(E33:AI33) -> 8027
A34: 2 | B34: Jumlah surat suara yang digunakan | E34: 202 | F34: 215 | G34: 230 | H34: 184 | I34: 170 | J34: 223 | K34: 221 | L34: 218 | M34: 184 | N34: 233 | O34: 164 | P34: 205 | Q34: 167 | R34: 169 | S34: 209 | T34: 224 | U34: 226 | V34: 192 | W34: 158 | X34: 208 | Y34: 179 | Z34: 171 | AA34: 208 | AB34: 226 | AC34: 170 | AD34: 210 | AE34: 222 | AF34: 151 | AG34: 225 | AH34: 178 | AI34: 220 | AJ34: =SUM(E34:AI34) -> 6162
A35: 3 | B35: Jumlah surat suara dikembalikan oleh pemilih (karena rusak atau keliru coblos) | E35: 0 | F35: 2 | G35: 0 | H35: 0 | I35: 0 | J35: 0 | K35: 0 | L35: 0 | M35: 0 | N35: 0 | O35: 0 | P35: 1 | Q35: 0 | R35: 0 | S35: 0 | T35: 0 | U35: 1 | V35: 0 | W35: 0 | X35: 2 | Y35: 2 | Z35: 0 | AA35: 0 | AB35: 0 | AC35: 0 | AD35: 0 | AE35: 0 | AF35: 0 | AG35: 3 | AH35: 0 | AI35: 0 | AJ35: =SUM(E35:AI35) -> 11
A36: 4 | B36: Jumlah surat suara yang tidak digunakan/tidak terpakai, termasuk sisa surat suara cadangan | E36: =E33-(E34+E35) -> 99 | F36: =F33-(F34+F35) -> 82 | G36: =G33-(G34+G35) -> 73 | H36: =H33-(H34+H35) -> 82 | I36: =I33-(I34+I35) -> 56 | J36: =J33-(J34+J35) -> 78 | K36: =K33-(K34+K35) -> 52 | L36: =L33-(L34+L35) -> 67 | ... AI36: =AI33-(AI34+AI35) -> 9 | AJ36: =SUM(E36:AI36) -> 1854
A38: III | B38: DATA PEMILIH DISABILITAS
B39: Jumlah seluruh Pemilih disabilitas yang menggunakan hak pilih | D39: LK | E39: 0 | F39: 0 | G39: 0 | H39: 0 | I39: 0 | J39: 1 | K39: 0 | L39: 0 | M39: 0 | N39: 3 | O39: 0 | P39: 0 | Q39: 0 | R39: 0 | S39: 0 | T39: 1 | U39: 0 | V39: 0 | W39: 0 | X39: 0 | Y39: 1 | Z39: 0 | AA39: 1 | AB39: 3 | AC39: 0 | AD39: 1 | AE39: 0 | AF39: 1 | AG39: 0 | AH39: 0 | AI39: 0 | AJ39: =SUM(E39:AI39) -> 12
D40: PR | E40: 0 | F40: 2 | G40: 0 | H40: 0 | I40: 0 | J40: 0 | K40: 3 | L40: 0 | M40: 0 | N40: 3 | O40: 0 | P40: 0 | Q40: 0 | R40: 0 | S40: 1 | T40: 0 | U40: 0 | V40: 0 | W40: 0 | X40: 0 | Y40: 0 | Z40: 0 | AA40: 1 | AB40: 1 | AC40: 0 | AD40: 0 | AE40: 0 | AF40: 3 | AG40: 0 | AH40: 0 | AI40: 0 | AJ40: =SUM(E40:AI40) -> 14
D41: JML | E41: =SUM(E39:E40) -> 0 | F41: =SUM(F39:F40) -> 2 | G41: =SUM(G39:G40) -> 0 | H41: =SUM(H39:H40) -> 0 | I41: =SUM(I39:I40) -> 0 | J41: =SUM(J39:J40) -> 1 | K41: =SUM(K39:K40) -> 3 | L41: =SUM(L39:L40) -> 0 | ... AI41: =SUM(AI39:AI40) -> 0 | AJ41: =SUM(E41:AI41) -> 26
A43: IV | B43: DATA RINCIAN PEROLEHAN SUARA PASANGAN CALON BUPATI DAN WAKIL BUPATI
A44: NOMOR DAN NAMA CALON
A45: A.1 | B45: 1. | C45: Partai Kebangkitan Bangsa | E45: 3 | F45: 8 | G45: 2 | H45: 3 | I45: 2 | J45: 6 | K45: 2 | L45: 3 | M45: 2 | N45: 1 | O45: 2 | P45: 6 | Q45: 2 | R45: 5 | S45: 4 | T45: 5 | U45: 5 | V45: 3 | W45: 2 | X45: 8 | Y45: 7 | Z45: 1 | AA45: 2 | AB45: 7 | AC45: 0 | AD45: 4 | AE45: 6 | AF45: 8 | AG45: 2 | AH45: 1 | AI45: 6 | AJ45: =SUM(E45:AI45) -> 118
A46: A.2 | B46: 1 | C46: 1. Dr. Hj. NIHAYATUL WAFIROH, M.A. | E46: 11 | F46: 16 | G46: 9 | H46: 6 | I46: 4 | J46: 12 | K46: 6 | L46: 16 | M46: 14 | N46: 10 | O46: 5 | P46: 19 | Q46: 10 | R46: 10 | S46: 3 | T46: 10 | U46: 23 | V46: 11 | W46: 2 | X46: 4 | Y46: 4 | Z46: 7 | AA46: 12 | AB46: 11 | AC46: 13 | AD46: 7 | AE46: 15 | AF46: 8 | AG46: 21 | AH46: 15 | AI46: 19 | AJ46: =SUM(E46:AI46) -> 333
B47: 2 | C47: 2. H. M. NASIM KHAN | E47: 1 | F47: 2 | G47: 1 | H47: 0 | I47: 2 | J47: 1 | K47: 0 | L47: 2 | M47: 1 | N47: 1 | O47: 1 | P47: 1 | Q47: 1 | R47: 0 | S47: 1 | T47: 1 | U47: 1 | V47: 3 | W47: 1 | X47: 1 | Y47: 18 | Z47: 7 | AA47: 4 | AB47: 0 | AC47: 2 | AD47: 3 | AE47: 23 | AF47: 3 | AG47: 7 | AH47: 1 | AI47: 2 | AJ47: =SUM(E47:AI47) -> 92
B48: 3 | C48: 3. Dr. H. AKIK ZAMAN, M.Pd.I. | E48: 1 | F48: 1 | G48: 1 | H48: 1 | I48: 0 | J48: 0 | K48: 1 | L48: 1 | M48: 0 | N48: 1 | O48: 0 | P48: 1 | Q48: 0 | R48: 0 | S48: 1 | T48: 1 | U48: 0 | V48: 2 | W48: 0 | X48: 1 | Y48: 2 | Z48: 0 | AA48: 2 | AB48: 0 | AC48: 0 | AD48: 0 | AE48: 0 | AF48: 0 | AG48: 0 | AH48: 0 | AI48: 0 | AJ48: =SUM(E48:AI48) -> 17
B49: 4 | C49: 4. AHMAD RIFA'I, S.H. | E49: 0 | F49: 0 | G49: 0 | H49: 0 | I49: 0 | J49: 1 | K49: 1 | L49: 1 | M49: 0 | N49: 2 | O49: 0 | P49: 1 | Q49: 0 | R49: 0 | S49: 1 | T49: 1 | U49: 0 | V49: 0 | W49: 1 | X49: 2 | Y49: 0 | Z49: 0 | AA49: 0 | AB49: 0 | AC49: 1 | AD49: 0 | AE49: 0 | AF49: 0 | AG49: 0 | AH49: 0 | AI49: 0 | AJ49: =SUM(E49:AI49) -> 12
B50: 5 | C50: 5. Drs. H. MAHFUD M.N. | E50: 4 | F50: 0 | G50: 0 | H50: 0 | I50: 0 | J50: 0 | K50: 0 | L50: 0 | M50: 0 | N50: 0 | O50: 0 | P50: 0 | Q50: 0 | R50: 0 | S50: 0 | T50: 0 | U50: 1 | V50: 0 | W50: 0 | X50: 0 | Y50: 0 | Z50: 0 | AA50: 0 | AB50: 0 | AC50: 0 | AD50: 0 | AE50: 1 | AF50: 0 | AG50: 0 | AH50: 1 | AI50: 2 | AJ50: =SUM(E50:AI50) -> 9
B51: 6 | C51: 6. NURHAYATI, S.Pd. | E51: 0 | F51: 0 | G51: 1 | H51: 0 | I51: 0 | J51: 0 | K51: 0 | L51: 0 | M51: 0 | N51: 0 | O51: 0 | P51: 0 | Q51: 1 | R51: 0 | S51: 0 | T51: 0 | U51: 0 | V51: 0 | W51: 0 | X51: 1 | Y51: 0 | Z51: 0 | AA51: 0 | AB51: 0 | AC51: 0 | AD51: 0 | AE51: 0 | AF51: 0 | AG51: 0 | AH51: 0 | AI51: 0 | AJ51: =SUM(E51:AI51) -> 3
B52: 7 | C52: 7. MAFTUHA KISWAH | E52: 1 | F52: 0 | G52: 0 | H52: 0 | I52: 0 | J52: 0 | K52: 0 | L52: 0 | M52: 0 | N52: 0 | O52: 0 | P52: 0 | Q52: 0 | R52: 0 | S52: 0 | T52: 0 | U52: 0 | V52: 0 | W52: 0 | X52: 0 | Y52: 0 | Z52: 1 | AA52: 0 | AB52: 0 | AC52: 0 | AD52: 0 | AE52: 0 | AF52: 0 | AG52: 0 | AH52: 0 | AI52: 0 | AJ52: =SUM(E52:AI52) -> 2
AJ53: =SUM(E53:AI53) -> 0
AJ54: =SUM(E54:AI54) -> 0
A55: B | B55: JUMLAH SUARA SAH PARTAI POLITIK DAN CALON (A1 + A2) | E55: =SUM(E45:E52) -> 21 | F55: =SUM(F45:F52) -> 27 | G55: =SUM(G45:G52) -> 14 | H55: =SUM(H45:H52) -> 10 | I55: =SUM(I45:I52) -> 8 | J55: =SUM(J45:J52) -> 20 | K55: =SUM(K45:K52) -> 10 | L55: =SUM(L45:L52) -> 23 | ... AI55: =SUM(AI45:AI52) -> 29 | AJ55: =SUM(E55:AI55) -> 586
A57: A.1 | B57: 2. | C57: Partai Gerakan Indonesia Raya | E57: 11 | F57: 18 | G57: 6 | H57: 6 | I57: 6 | J57: 18 | K57: 8 | L57: 6 | M57: 12 | N57: 11 | O57: 12 | P57: 13 | Q57: 16 | R57: 16 | S57: 20 | T57: 9 | U57: 29 | V57: 15 | W57: 9 | X57: 6 | Y57: 4 | Z57: 5 | AA57: 8 | AB57: 4 | AC57: 3 | AD57: 9 | AE57: 4 | AF57: 5 | AG57: 5 | AH57: 6 | AI57: 6 | AJ57: =SUM(E57:AI57) -> 306
A58: A.2 | B58: 1 | C58: 1. SUMAIL ABDULLAH | E58: 19 | F58: 8 | G58: 16 | H58: 9 | I58: 19 | J58: 19 | K58: 14 | L58: 11 | M58: 11 | N58: 21 | O58: 22 | P58: 23 | Q58: 27 | R58: 55 | S58: 44 | T58: 22 | U58: 22 | V58: 16 | W58: 13 | X58: 9 | Y58: 7 | Z58: 18 | AA58: 6 | AB58: 7 | AC58: 1 | AD58: 12 | AE58: 2 | AF58: 4 | AG58: 11 | AH58: 8 | AI58: 15 | AJ58: =SUM(E58:AI58) -> 491
B59: 2 | C59: 2. MUHAMMAD ALI ADRIAN SALEH | E59: 4 | F59: 1 | G59: 5 | H59: 5 | I59: 2 | J59: 7 | K59: 4 | L59: 2 | M59: 8 | N59: 8 | O59: 5 | P59: 9 | Q59: 6 | R59: 5 | S59: 7 | T59: 3 | U59: 4 | V59: 3 | W59: 4 | X59: 4 | Y59: 1 | Z59: 0 | AA59: 1 | AB59: 1 | AC59: 2 | AD59: 2 | AE59: 1 | AF59: 1 | AG59: 4 | AH59: 2 | AI59: 0 | AJ59: =SUM(E59:AI59) -> 111
B60: 3 | C60: 3. DURROTUN NAFISAH | E60: 8 | F60: 0 | G60: 0 | H60: 0 | I60: 0 | J60: 2 | K60: 2 | L60: 2 | M60: 1 | N60: 3 | O60: 6 | P60: 3 | Q60: 1 | R60: 0 | S60: 2 | T60: 5 | U60: 1 | V60: 1 | W60: 1 | X60: 0 | Y60: 1 | Z60: 2 | AA60: 1 | AB60: 0 | AC60: 0 | AD60: 0 | AE60: 1 | AF60: 0 | AG60: 1 | AH60: 1 | AI60: 0 | AJ60: =SUM(E60:AI60) -> 45
B61: 4 | C61: 4. H. EKO SUSILO NURHIDAYAT | E61: 1 | F61: 2 | G61: 0 | H61: 2 | I61: 1 | J61: 7 | K61: 2 | L61: 0 | M61: 2 | N61: 4 | O61: 1 | P61: 5 | Q61: 2 | R61: 2 | S61: 5 | T61: 1 | U61: 0 | V61: 4 | W61: 1 | X61: 1 | Y61: 1 | Z61: 2 | AA61: 0 | AB61: 0 | AC61: 6 | AD61: 0 | AE61: 3 | AF61: 0 | AG61: 6 | AH61: 0 | AI61: 2 | AJ61: =SUM(E61:AI61) -> 63
B62: 5 | C62: 5. KARNADI HARIJANTO, S.S. | E62: 0 | F62: 1 | G62: 1 | H62: 0 | I62: 0 | J62: 3 | K62: 0 | L62: 0 | M62: 1 | N62: 1 | O62: 1 | P62: 0 | Q62: 0 | R62: 0 | S62: 0 | T62: 0 | U62: 0 | V62: 0 | W62: 0 | X62: 1 | Y62: 0 | Z62: 1 | AA62: 0 | AB62: 0 | AC62: 0 | AD62: 1 | AE62: 0 | AF62: 0 | AG62: 1 | AH62: 0 | AI62: 0 | AJ62: =SUM(E62:AI62) -> 12
B63: 6 | C63: 6. NURHAYATI | E63: 1 | F63: 0 | G63: 0 | H63: 0 | I63: 0 | J63: 0 | K63: 0 | L63: 0 | M63: 2 | N63: 0 | O63: 2 | P63: 1 | Q63: 0 | R63: 2 | S63: 0 | T63: 1 | U63: 0 | V63: 0 | W63: 2 | X63: 1 | Y63: 1 | Z63: 0 | AA63: 0 | AB63: 0 | AC63: 0 | AD63: 0 | AE63: 0 | AF63: 0 | AG63: 0 | AH63: 0 | AI63: 0 | AJ63: =SUM(E63:AI63) -> 13
B64: 7 | C64: 7. MASHUDI | E64: 0 | F64: 2 | G64: 0 | H64: 0 | I64: 0 | J64: 0 | K64: 0 | L64: 3 | M64: 0 | N64: 0 | O64: 0 | P64: 0 | Q64: 0 | R64: 0 | S64: 1 | T64: 0 | U64: 0 | V64: 0 | W64: 0 | X64: 0 | Y64: 0 | Z64: 0 | AA64: 5 | AB64: 0 | AC64: 0 | AD64: 1 | AE64: 0 | AF64: 2 | AG64: 1 | AH64: 0 | AI64: 0 | AJ64: =SUM(E64:AI64) -> 15
AJ65: =SUM(E65:AI65) -> 0
AJ66: =SUM(E66:AI66) -> 0
A67: B | B67: JUMLAH SUARA SAH PARTAI POLITIK DAN CALON (A1 + A2) | E67: =SUM(E57:E64) -> 44 | F67: =SUM(F57:F64) -> 32 | G67: =SUM(G57:G64) -> 28 | H67: =SUM(H57:H64) -> 22 | I67: =SUM(I57:I64) -> 28 | J67: =SUM(J57:J64) -> 56 | K67: =SUM(K57:K64) -> 30 | L67: =SUM(L57:L64) -> 24 | ... AI67: =SUM(AI57:AI64) -> 23 | AJ67: =SUM(E67:AI67) -> 1056
A69: A.1 | B69: 3. | C69: Partai Demokrasi Indonesia Perjuangan | E69: 2 | F69: 5 | G69: 4 | H69: 6 | I69: 6 | J69: 6 | K69: 5 | L69: 14 | M69: 5 | N69: 4 | O69: 9 | P69: 8 | Q69: 4 | R69: 1 | S69: 1 | T69: 7 | U69: 8 | V69: 0 | W69: 10 | X69: 2 | Y69: 3 | Z69: 1 | AA69: 2 | AB69: 3 | AC69: 2 | AD69: 2 | AE69: 2 | AF69: 2 | AG69: 0 | AH69: 0 | AI69: 5 | AJ69: =SUM(E69:AI69) -> 129
A70: A.2 | B70: 1 | C70: 1. SONNY TRI DANAPARAMITA, S.H., M.H. | E70: 1 | F70: 1 | G70: 2 | H70: 9 | I70: 7 | J70: 14 | K70: 15 | L70: 8 | M70: 4 | N70: 8 | O70: 5 | P70: 7 | Q70: 4 | R70: 2 | S70: 4 | T70: 13 | U70: 14 | V70: 3 | W70: 6 | X70: 1 | Y70: 18 | Z70: 25 | AA70: 13 | AB70: 19 | AC70: 17 | AD70: 18 | AE70: 10 | AF70: 3 | AG70: 2 | AH70: 0 | AI70: 13 | AJ70: =SUM(E70:AI70) -> 266
B71: 2 | C71: 2. H. MOHAMAD GUNTUR ROMLI | E71: 1 | F71: 4 | G71: 0 | H71: 2 | I71: 3 | J71: 4 | K71: 2 | L71: 2 | M71: 1 | N71: 0 | O71: 1 | P71: 2 | Q71: 1 | R71: 0 | S71: 0 | T71: 3 | U71: 2 | V71: 1 | W71: 0 | X71: 0 | Y71: 1 | Z71: 2 | AA71: 3 | AB71: 1 | AC71: 0 | AD71: 1 | AE71: 2 | AF71: 0 | AG71: 0 | AH71: 0 | AI71: 5 | AJ71: =SUM(E71:AI71) -> 44
B72: 3 | C72: 3. INA AMMANIA | E72: 0 | F72: 0 | G72: 12 | H72: 20 | I72: 4 | J72: 3 | K72: 7 | L72: 15 | M72: 5 | N72: 2 | O72: 2 | P72: 2 | Q72: 0 | R72: 0 | S72: 1 | T72: 2 | U72: 2 | V72: 3 | W72: 5 | X72: 1 | Y72: 0 | Z72: 1 | AA72: 0 | AB72: 0 | AC72: 1 | AD72: 1 | AE72: 2 | AF72: 0 | AG72: 0 | AH72: 1 | AI72: 0 | AJ72: =SUM(E72:AI72) -> 92
B73: 4 | C73: 4. IRWAN BACHTIAR RACHMAT, M.Si. | E73: 0 | F73: 1 | G73: 0 | H73: 3 | I73: 2 | J73: 0 | K73: 0 | L73: 1 | M73: 0 | N73: 0 | O73: 0 | P73: 1 | Q73: 0 | R73: 0 | S73: 0 | T73: 1 | U73: 1 | V73: 0 | W73: 1 | X73: 0 | Y73: 0 | Z73: 0 | AA73: 0 | AB73: 0 | AC73: 1 | AD73: 0 | AE73: 2 | AF73: 0 | AG73: 0 | AH73: 0 | AI73: 0 | AJ73: =SUM(E73:AI73) -> 14
B74: 5 | C74: 5. LUCKY PERDANA | E74: 1 | F74: 5 | G74: 0 | H74: 2 | I74: 3 | J74: 1 | K74: 2 | L74: 4 | M74: 5 | N74: 0 | O74: 0 | P74: 1 | Q74: 4 | R74: 1 | S74: 3 | T74: 8 | U74: 1 | V74: 2 | W74: 3 | X74: 0 | Y74: 0 | Z74: 0 | AA74: 1 | AB74: 1 | AC74: 0 | AD74: 3 | AE74: 1 | AF74: 2 | AG74: 1 | AH74: 0 | AI74: 1 | AJ74: =SUM(E74:AI74) -> 56
B75: 6 | C75: 6. WIWIK PUJIYATI | E75: 0 | F75: 0 | G75: 2 | H75: 1 | I75: 1 | J75: 1 | K75: 0 | L75: 3 | M75: 1 | N75: 0 | O75: 0 | P75: 0 | Q75: 0 | R75: 1 | S75: 0 | T75: 1 | U75: 0 | V75: 0 | W75: 1 | X75: 0 | Y75: 0 | Z75: 0 | AA75: 2 | AB75: 0 | AC75: 0 | AD75: 0 | AE75: 0 | AF75: 0 | AG75: 0 | AH75: 0 | AI75: 0 | AJ75: =SUM(E75:AI75) -> 14
B76: 7 | C76: 7. CHANDRA ASTAN, S.T. | E76: 0 | F76: 29 | G76: 2 | H76: 8 | I76: 6 | J76: 0 | K76: 1 | L76: 8 | M76: 3 | N76: 0 | O76: 18 | P76: 7 | Q76: 7 | R76: 2 | S76: 7 | T76: 4 | U76: 1 | V76: 0 | W76: 6 | X76: 0 | Y76: 2 | Z76: 7 | AA76: 5 | AB76: 2 | AC76: 4 | AD76: 1 | AE76: 1 | AF76: 1 | AG76: 5 | AH76: 2 | AI76: 5 | AJ76: =SUM(E76:AI76) -> 144
AJ77: =SUM(E77:AI77) -> 0
AJ78: =SUM(E78:AI78) -> 0
A79: B | B79: JUMLAH SUARA SAH PARTAI POLITIK DAN CALON (A1 + A2) | E79: =SUM(E69:E76) -> 5 | F79: =SUM(F69:F76) -> 45 | G79: =SUM(G69:G76) -> 22 | H79: =SUM(H69:H76) -> 51 | I79: =SUM(I69:I76) -> 32 | J79: =SUM(J69:J76) -> 29 | K79: =SUM(K69:K76) -> 32 | L79: =SUM(L69:L76) -> 55 | ... AI79: =SUM(AI69:AI76) -> 29 | AJ79: =SUM(E79:AI79) -> 759
A81: A.1 | B81: 4. | C81: Partai Golongan Karya | E81: 5 | F81: 7 | G81: 0 | H81: 1 | I81: 1 | J81: 2 | K81: 2 | L81: 1 | M81: 2 | N81: 6 | O81: 2 | P81: 2 | Q81: 2 | R81: 3 | S81: 2 | T81: 2 | U81: 5 | V81: 1 | W81: 2 | X81: 2 | Y81: 1 | Z81: 1 | AA81: 5 | AB81: 3 | AC81: 3 | AD81: 3 | AE81: 7 | AF81: 5 | AG81: 3 | AH81: 0 | AI81: 0 | AJ81: =SUM(E81:AI81) -> 81
A82: A.2 | B82: 1 | C82: 1. ZULFIKAR ARSE SADIKIN, S.I.P., M.Si. | E82: 3 | F82: 37 | G82: 0 | H82: 6 | I82: 6 | J82: 2 | K82: 18 | L82: 2 | M82: 3 | N82: 7 | O82: 3 | P82: 13 | Q82: 16 | R82: 4 | S82: 4 | T82: 9 | U82: 2 | V82: 9 | W82: 2 | X82: 2 | Y82: 7 | Z82: 12 | AA82: 2 | AB82: 8 | AC82: 0 | AD82: 7 | AE82: 19 | AF82: 2 | AG82: 6 | AH82: 3 | AI82: 3 | AJ82: =SUM(E82:AI82) -> 217
B83: 2 | C83: 2. HANDOKO | E83: 2 | F83: 5 | G83: 3 | H83: 2 | I83: 3 | J83: 0 | K83: 0 | L83: 9 | M83: 1 | N83: 0 | O83: 1 | P83: 4 | Q83: 2 | R83: 1 | S83: 4 | T83: 2 | U83: 1 | V83: 6 | W83: 4 | X83: 2 | Y83: 1 | Z83: 0 | AA83: 3 | AB83: 20 | AC83: 0 | AD83: 8 | AE83: 12 | AF83: 4 | AG83: 6 | AH83: 2 | AI83: 3 | AJ83: =SUM(E83:AI83) -> 111
B84: 3 | C84: 3. Hj. OVI DEWI YANTI | E84: 2 | F84: 0 | G84: 0 | H84: 0 | I84: 2 | J84: 0 | K84: 1 | L84: 2 | M84: 1 | N84: 0 | O84: 0 | P84: 1 | Q84: 0 | R84: 1 | S84: 0 | T84: 1 | U84: 0 | V84: 0 | W84: 1 | X84: 0 | Y84: 1 | Z84: 0 | AA84: 0 | AB84: 0 | AC84: 1 | AD84: 0 | AE84: 1 | AF84: 0 | AG84: 0 | AH84: 0 | AI84: 0 | AJ84: =SUM(E84:AI84) -> 15
B85: 4 | C85: 4. Ir. AZAM AZMAN NATAWIJANA | E85: 2 | F85: 1 | G85: 0 | H85: 0 | I85: 0 | J85: 0 | K85: 0 | L85: 0 | M85: 0 | N85: 2 | O85: 0 | P85: 0 | Q85: 0 | R85: 0 | S85: 0 | T85: 0 | U85: 0 | V85: 0 | W85: 0 | X85: 0 | Y85: 1 | Z85: 1 | AA85: 0 | AB85: 0 | AC85: 0 | AD85: 0 | AE85: 0 | AF85: 1 | AG85: 1 | AH85: 0 | AI85: 0 | AJ85: =SUM(E85:AI85) -> 9
B86: 5 | C86: 5. UBAIDILLAH AMIN, S.Kom. | E86: 1 | F86: 0 | G86: 0 | H86: 1 | I86: 0 | J86: 2 | K86: 0 | L86: 0 | M86: 0 | N86: 1 | O86: 0 | P86: 0 | Q86: 2 | R86: 2 | S86: 1 | T86: 0 | U86: 0 | V86: 0 | W86: 1 | X86: 0 | Y86: 3 | Z86: 0 | AA86: 0 | AB86: 0 | AC86: 0 | AD86: 0 | AE86: 0 | AF86: 0 | AG86: 2 | AH86: 0 | AI86: 1 | AJ86: =SUM(E86:AI86) -> 17
B87: 6 | C87: 6. DENNY YUNIANDARI, S.H., M.Kn. | E87: 0 | F87: 1 | G87: 0 | H87: 0 | I87: 0 | J87: 0 | K87: 0 | L87: 0 | M87: 0 | N87: 0 | O87: 0 | P87: 0 | Q87: 0 | R87: 0 | S87: 1 | T87: 0 | U87: 0 | V87: 1 | W87: 0 | X87: 0 | Y87: 0 | Z87: 0 | AA87: 0 | AB87: 1 | AC87: 0 | AD87: 0 | AE87: 0 | AF87: 0 | AG87: 0 | AH87: 0 | AI87: 0 | AJ87: =SUM(E87:AI87) -> 4
B88: 7 | C88: 7. ERNADI, S.H.I. | E88: 0 | F88: 0 | G88: 0 | H88: 0 | I88: 0 | J88: 0 | K88: 0 | L88: 0 | M88: 0 | N88: 0 | O88: 0 | P88: 0 | Q88: 2 | R88: 0 | S88: 0 | T88: 0 | U88: 0 | V88: 0 | W88: 0 | X88: 0 | Y88: 0 | Z88: 0 | AA88: 0 | AB88: 0 | AC88: 0 | AD88: 0 | AE88: 0 | AF88: 0 | AG88: 0 | AH88: 0 | AI88: 0 | AJ88: =SUM(E88:AI88) -> 2
AJ89: =SUM(E89:AI89) -> 0
AJ90: =SUM(E90:AI90) -> 0
A91: B | B91: JUMLAH SUARA SAH PARTAI POLITIK DAN CALON (A1 + A2) | E91: =SUM(E81:E88) -> 15 | F91: =SUM(F81:F88) -> 51 | G91: =SUM(G81:G88) -> 3 | H91: =SUM(H81:H88) -> 10 | I91: =SUM(I81:I88) -> 12 | J91: =SUM(J81:J88) -> 6 | K91: =SUM(K81:K88) -> 21 | L91: =SUM(L81:L88) -> 14 | ... AI91: =SUM(AI81:AI88) -> 7 | AJ91: =SUM(E91:AI91) -> 456
A93: A.1 | B93: 5. | C93: Partai NasDem | E93: 15 | F93: 2 | G93: 7 | H93: 7 | I93: 11 | J93: 7 | K93: 5 | L93: 11 | M93: 5 | N93: 11 | O93: 3 | P93: 11 | Q93: 4 | R93: 0 | S93: 9 | T93: 10 | U93: 5 | V93: 7 | W93: 4 | X93: 2 | Y93: 11 | Z93: 3 | AA93: 6 | AB93: 5 | AC93: 1 | AD93: 4 | AE93: 4 | AF93: 5 | AG93: 1 | AH93: 0 | AI93: 7 | AJ93: =SUM(E93:AI93) -> 183
A94: A.2 | B94: 1 | C94: 1. ACH. FADIL MUZAKKI SYAH | E94: 4 | F94: 0 | G94: 1 | H94: 5 | I94: 2 | J94: 2 | K94: 4 | L94: 5 | M94: 7 | N94: 3 | O94: 3 | P94: 2 | Q94: 3 | R94: 1 | S94: 11 | T94: 2 | U94: 2 | V94: 2 | W94: 1 | X94: 2 | Y94: 1 | Z94: 2 | AA94: 5 | AB94: 2 | AC94: 1 | AD94: 0 | AE94: 3 | AF94: 3 | AG94: 3 | AH94: 0 | AI94: 1 | AJ94: =SUM(E94:AI94) -> 83
B95: 2 | C95: 2. BENY | E95: 1 | F95: 4 | G95: 1 | H95: 0 | I95: 3 | J95: 0 | K95: 0 | L95: 0 | M95: 0 | N95: 0 | O95: 1 | P95: 2 | Q95: 1 | R95: 2 | S95: 1 | T95: 7 | U95: 8 | V95: 2 | W95: 8 | X95: 0 | Y95: 1 | Z95: 0 | AA95: 5 | AB95: 4 | AC95: 1 | AD95: 1 | AE95: 0 | AF95: 0 | AG95: 2 | AH95: 0 | AI95: 0 | AJ95: =SUM(E95:AI95) -> 55
B96: 3 | C96: 3. VINA VERONIKA | E96: 0 | F96: 0 | G96: 1 | H96: 2 | I96: 0 | J96: 0 | K96: 0 | L96: 1 | M96: 0 | N96: 2 | O96: 2 | P96: 3 | Q96: 0 | R96: 1 | S96: 0 | T96: 0 | U96: 0 | V96: 0 | W96: 1 | X96: 0 | Y96: 1 | Z96: 0 | AA96: 0 | AB96: 1 | AC96: 0 | AD96: 1 | AE96: 2 | AF96: 0 | AG96: 0 | AH96: 0 | AI96: 0 | AJ96: =SUM(E96:AI96) -> 18
B97: 4 | C97: 4. TEDDY ANUGRIANTO | E97: 4 | F97: 1 | G97: 3 | H97: 0 | I97: 2 | J97: 2 | K97: 0 | L97: 2 | M97: 3 | N97: 2 | O97: 2 | P97: 1 | Q97: 2 | R97: 0 | S97: 2 | T97: 0 | U97: 0 | V97: 0 | W97: 1 | X97: 0 | Y97: 2 | Z97: 2 | AA97: 2 | AB97: 0 | AC97: 1 | AD97: 0 | AE97: 2 | AF97: 0 | AG97: 0 | AH97: 0 | AI97: 1 | AJ97: =SUM(E97:AI97) -> 37
B98: 5 | C98: 5. INSAN KAMIL | E98: 8 | F98: 1 | G98: 2 | H98: 3 | I98: 3 | J98: 1 | K98: 5 | L98: 3 | M98: 3 | N98: 3 | O98: 2 | P98: 3 | Q98: 1 | R98: 1 | S98: 2 | T98: 6 | U98: 4 | V98: 0 | W98: 4 | X98: 6 | Y98: 1 | Z98: 4 | AA98: 4 | AB98: 2 | AC98: 2 | AD98: 1 | AE98: 5 | AF98: 2 | AG98: 3 | AH98: 0 | AI98: 2 | AJ98: =SUM(E98:AI98) -> 87
B99: 6 | C99: 6. LILIK LINDARWATI | E99: 4 | F99: 1 | G99: 1 | H99: 1 | I99: 0 | J99: 1 | K99: 0 | L99: 1 | M99: 0 | N99: 0 | O99: 0 | P99: 0 | Q99: 0 | R99: 0 | S99: 0 | T99: 0 | U99: 0 | V99: 0 | W99: 0 | X99: 1 | Y99: 1 | Z99: 1 | AA99: 0 | AB99: 2 | AC99: 1 | AD99: 1 | AE99: 0 | AF99: 0 | AG99: 0 | AH99: 0 | AI99: 0 | AJ99: =SUM(E99:AI99) -> 16
B100: 7 | C100: 7. YULI ANITA | E100: 1 | F100: 0 | G100: 0 | H100: 1 | I100: 0 | J100: 1 | K100: 0 | L100: 0 | M100: 0 | N100: 0 | O100: 0 | P100: 0 | Q100: 0 | R100: 0 | S100: 2 | T100: 0 | U100: 0 | V100: 0 | W100: 0 | X100: 0 | Y100: 0 | Z100: 0 | AA100: 0 | AB100: 0 | AC100: 0 | AD100: 0 | AE100: 0 | AF100: 0 | AG100: 0 | AH100: 0 | AI100: 0 | AJ100: =SUM(E100:AI100) -> 5
AJ101: =SUM(E101:AI101) -> 0
AJ102: =SUM(E102:AI102) -> 0
A103: B | B103: JUMLAH SUARA SAH PARTAI POLITIK DAN CALON (A1 + A2) | E103: =SUM(E93:E100) -> 37 | F103: =SUM(F93:F100) -> 9 | G103: =SUM(G93:G100) -> 16 | H103: =SUM(H93:H100) -> 19 | I103: =SUM(I93:I100) -> 21 | J103: =SUM(J93:J100) -> 14 | K103: =SUM(K93:K100) -> 14 | L103: =SUM(L93:L100) -> 23 | ... AI103: =SUM(AI93:AI100) -> 11 | AJ103: =SUM(E103:AI103) -> 484
A105: A.1 | B105: 6. | C105: Partai Buruh | E105: 1 | F105: 0 | G105: 0 | H105: 0 | I105: 0 | J105: 1 | K105: 0 | L105: 0 | M105: 0 | N105: 0 | O105: 0 | P105: 1 | Q105: 0 | R105: 1 | S105: 0 | T105: 0 | U105: 0 | V105: 1 | W105: 1 | X105: 0 | Y105: 1 | Z105: 1 | AA105: 1 | AB105: 0 | AC105: 1 | AD105: 0 | AE105: 0 | AF105: 0 | AG105: 0 | AH105: 0 | AI105: 0 | AJ105: =SUM(E105:AI105) -> 10
A106: A.2 | B106: 1 | C106: 1. KHOIRUL ANAM | E106: 0 | F106: 0 | G106: 0 | H106: 0 | I106: 0 | J106: 1 | K106: 0 | L106: 0 | M106: 0 | N106: 0 | O106: 0 | P106: 1 | Q106: 0 | R106: 0 | S106: 0 | T106: 0 | U106: 0 | V106: 1 | W106: 0 | X106: 3 | Y106: 0 | Z106: 0 | AA106: 1 | AB106: 0 | AC106: 1 | AD106: 0 | AE106: 0 | AF106: 0 | AG106: 0 | AH106: 0 | AI106: 0 | AJ106: =SUM(E106:AI106) -> 8
B107: 2 | C107: 2. INA KURNIA | E107: 1 | F107: 0 | G107: 0 | H107: 2 | I107: 0 | J107: 0 | K107: 0 | L107: 0 | M107: 0 | N107: 0 | O107: 0 | P107: 0 | Q107: 0 | R107: 0 | S107: 0 | T107: 0 | U107: 0 | V107: 0 | W107: 0 | X107: 0 | Y107: 0 | Z107: 0 | AA107: 0 | AB107: 0 | AC107: 0 | AD107: 1 | AE107: 0 | AF107: 0 | AG107: 0 | AH107: 0 | AI107: 0 | AJ107: =SUM(E107:AI107) -> 4
