Workbook

Sheet DPR
C8: Kecamatan | D8: SINGOJURUH
C9: Kabupaten | D9: BANYUWANGI
C10: Provinsi | D10: JAWA TIMUR
A12: I | B12: DATA PEMILIH DAN PENGGUNAAN HAK PILIH | E12: JUMLAH AKHIR
A13: A | B13: DATA PEMILIH
B14: Jumlah Pemilih dalam Daftar Pemilih Tetap (DPT) | D14: LK | E14: =ALASMALANG!V14+'BENELAN KIDUL'!S14+CANTUK!T14+GAMBOR!N14+GUMIRIH!S14+KEMIRI!U14+LEMAHBANGKULON!Q14+PADANG!Q14+SINGOJURUH!AC14+SINGOLATREN!T14+SUMBERBARU!S14 -> 17881
D15: PR | E15: =ALASMALANG!V15+'BENELAN KIDUL'!S15+CANTUK!T15+GAMBOR!N15+GUMIRIH!S15+KEMIRI!U15+LEMAHBANGKULON!Q15+PADANG!Q15+SINGOJURUH!AC15+SINGOLATREN!T15+SUMBERBARU!S15 -> 18129
D16: JML | E16: =SUM(E14:E15) -> 36010
A18: B | B18: PENGGUNA HAK PILIH
B19: 1. | C19: Jumlah pengguna hak pilih dalam Daftar Pemilih Tetap (DPT) | D19: LK | E19: =ALASMALANG!V19+'BENELAN KIDUL'!S19+CANTUK!T19+GAMBOR!N19+GUMIRIH!S19+KEMIRI!U19+LEMAHBANGKULON!Q19+PADANG!Q19+SINGOJURUH!AC19+SINGOLATREN!T19+SUMBERBARU!S19 -> 13491
D20: PR | E20: =ALASMALANG!V20+'BENELAN KIDUL'!S20+CANTUK!T20+GAMBOR!N20+GUMIRIH!S20+KEMIRI!U20+LEMAHBANGKULON!Q20+PADANG!Q20+SINGOJURUH!AC20+SINGOLATREN!T20+SUMBERBARU!S20 -> 14607
D21: JML | E21: =SUM(E19:E20) -> 28098
B22: 2. | C22: Jumlah pengguna hak pilih dalam Daftar Pemilih Tambahan (DPTb) | D22: LK | E22: =ALASMALANG!V22+'BENELAN KIDUL'!S22+CANTUK!T22+GAMBOR!N22+GUMIRIH!S22+KEMIRI!U22+LEMAHBANGKULON!Q22+PADANG!Q22+SINGOJURUH!AC22+SINGOLATREN!T22+SUMBERBARU!S22 -> 45
D23: PR | E23: =ALASMALANG!V23+'BENELAN KIDUL'!S23+CANTUK!T23+GAMBOR!N23+GUMIRIH!S23+KEMIRI!U23+LEMAHBANGKULON!Q23+PADANG!Q23+SINGOJURUH!AC23+SINGOLATREN!T23+SUMBERBARU!S23 -> 43
D24: JML | E24: =SUM(E22:E23) -> 88
B25: 3. | C25: Jumlah pengguna hak pilih dalam Daftar Pemilih Khusus (DPK) | D25: LK | E25: =ALASMALANG!V25+'BENELAN KIDUL'!S25+CANTUK!T25+GAMBOR!N25+GUMIRIH!S25+KEMIRI!U25+LEMAHBANGKULON!Q25+PADANG!Q25+SINGOJURUH!AC25+SINGOLATREN!T25+SUMBERBARU!S25 -> 120
D26: PR | E26: =ALASMALANG!V26+'BENELAN KIDUL'!S26+CANTUK!T26+GAMBOR!N26+GUMIRIH!S26+KEMIRI!U26+LEMAHBANGKULON!Q26+PADANG!Q26+SINGOJURUH!AC26+SINGOLATREN!T26+SUMBERBARU!S26 -> 143
D27: JML | E27: =SUM(E25:E26) -> 263
B28: 4. | C28: Jumlah Pengguna Hak Pilih (B.1+B.2+B.3) | D28: LK | E28: =E19+E22+E25 -> 13656
D29: PR | E29: =E20+E23+E26 -> 14793
D30: JML | E30: =SUM(E28:E29) -> 28449
A32: II | B32: DATA PENGGUNAAN SURAT SUARA
A33: 1 | B33: Jumlah surat suara yang diterima, termasuk surat suara cadangan 2,5% dari DPT | E33: =ALASMALANG!V33+'BENELAN KIDUL'!S33+CANTUK!T33+GAMBOR!N33+GUMIRIH!S33+KEMIRI!U33+LEMAHBANGKULON!Q33+PADANG!Q33+SINGOJURUH!AC33+SINGOLATREN!T33+SUMBERBARU!S33 -> 36692
A34: 2 | B34: Jumlah surat suara yang digunakan | E34: =ALASMALANG!V34+'BENELAN KIDUL'!S34+CANTUK!T34+GAMBOR!N34+GUMIRIH!S34+KEMIRI!U34+LEMAHBANGKULON!Q34+PADANG!Q34+SINGOJURUH!AC34+SINGOLATREN!T34+SUMBERBARU!S34 -> 28449
A35: 3 | B35: Jumlah surat suara dikembalikan oleh pemilih (karena rusak atau keliru coblos) | E35: =ALASMALANG!V35+'BENELAN KIDUL'!S35+CANTUK!T35+GAMBOR!N35+GUMIRIH!S35+KEMIRI!U35+LEMAHBANGKULON!Q35+PADANG!Q35+SINGOJURUH!AC35+SINGOLATREN!T35+SUMBERBARU!S35 -> 85
A36: 4 | B36: Jumlah surat suara yang tidak digunakan/tidak terpakai, termasuk sisa surat suara cadangan | E36: =E33-(E34+E35) -> 8158
A38: III | B38: DATA PEMILIH DISABILITAS
B39: Jumlah seluruh Pemilih disabilitas yang menggunakan hak pilih | D39: LK | E39: =ALASMALANG!V39+'BENELAN KIDUL'!S39+CANTUK!T39+GAMBOR!N39+GUMIRIH!S39+KEMIRI!U39+LEMAHBANGKULON!Q39+PADANG!Q39+SINGOJURUH!AC39+SINGOLATREN!T39+SUMBERBARU!S39 -> 23
D40: PR | E40: =ALASMALANG!V40+'BENELAN KIDUL'!S40+CANTUK!T40+GAMBOR!N40+GUMIRIH!S40+KEMIRI!U40+LEMAHBANGKULON!Q40+PADANG!Q40+SINGOJURUH!AC40+SINGOLATREN!T40+SUMBERBARU!S40 -> 46
D41: JML | E41: =SUM(E39:E40) -> 69
A43: IV | B43: DATA RINCIAN PEROLEHAN SUARA PASANGAN CALON BUPATI DAN WAKIL BUPATI
A44: NOMOR DAN NAMA CALON
A45: A.1 | B45: 1. | C45: Partai Kebangkitan Bangsa | E45: =ALASMALANG!V45+'BENELAN KIDUL'!S45+CANTUK!T45+GAMBOR!N45+GUMIRIH!S45+KEMIRI!U45+LEMAHBANGKULON!Q45+PADANG!Q45+SINGOJURUH!AC45+SINGOLATREN!T45+SUMBERBARU!S45 -> 924
A46: A.2 | B46: 1 | C46: 1. Dr. Hj. NIHAYATUL WAFIROH, M.A. | E46: =ALASMALANG!V46+'BENELAN KIDUL'!S46+CANTUK!T46+GAMBOR!N46+GUMIRIH!S46+KEMIRI!U46+LEMAHBANGKULON!Q46+PADANG!Q46+SINGOJURUH!AC46+SINGOLATREN!T46+SUMBERBARU!S46 -> 2220
B47: 2 | C47: 2. H. M. NASIM KHAN | E47: =ALASMALANG!V47+'BENELAN KIDUL'!S47+CANTUK!T47+GAMBOR!N47+GUMIRIH!S47+KEMIRI!U47+LEMAHBANGKULON!Q47+PADANG!Q47+SINGOJURUH!AC47+SINGOLATREN!T47+SUMBERBARU!S47 -> 509
B48: 3 | C48: 3. Dr. H. AKIK ZAMAN, M.Pd.I. | E48: =ALASMALANG!V48+'BENELAN KIDUL'!S48+CANTUK!T48+GAMBOR!N48+GUMIRIH!S48+KEMIRI!U48+LEMAHBANGKULON!Q48+PADANG!Q48+SINGOJURUH!AC48+SINGOLATREN!T48+SUMBERBARU!S48 -> 89
B49: 4 | C49: 4. AHMAD RIFA'I, S.H. | E49: =ALASMALANG!V49+'BENELAN KIDUL'!S49+CANTUK!T49+GAMBOR!N49+GUMIRIH!S49+KEMIRI!U49+LEMAHBANGKULON!Q49+PADANG!Q49+SINGOJURUH!AC49+SINGOLATREN!T49+SUMBERBARU!S49 -> 73
B50: 5 | C50: 5. Drs. H. MAHFUD M.N. | E50: =ALASMALANG!V50+'BENELAN KIDUL'!S50+CANTUK!T50+GAMBOR!N50+GUMIRIH!S50+KEMIRI!U50+LEMAHBANGKULON!Q50+PADANG!Q50+SINGOJURUH!AC50+SINGOLATREN!T50+SUMBERBARU!S50 -> 78
B51: 6 | C51: 6. NURHAYATI, S.Pd. | E51: =ALASMALANG!V51+'BENELAN KIDUL'!S51+CANTUK!T51+GAMBOR!N51+GUMIRIH!S51+KEMIRI!U51+LEMAHBANGKULON!Q51+PADANG!Q51+SINGOJURUH!AC51+SINGOLATREN!T51+SUMBERBARU!S51 -> 26
B52: 7 | C52: 7. MAFTUHA KISWAH | E52: =ALASMALANG!V52+'BENELAN KIDUL'!S52+CANTUK!T52+GAMBOR!N52+GUMIRIH!S52+KEMIRI!U52+LEMAHBANGKULON!Q52+PADANG!Q52+SINGOJURUH!AC52+SINGOLATREN!T52+SUMBERBARU!S52 -> 17
A55: B | B55: JUMLAH SUARA SAH PARTAI POLITIK DAN CALON (A1 + A2) | E55: =SUM(E45:E54) -> 3936
A57: A.1 | B57: 2. | C57: Partai Gerakan Indonesia Raya | E57: =ALASMALANG!V57+'BENELAN KIDUL'!S57+CANTUK!T57+GAMBOR!N57+GUMIRIH!S57+KEMIRI!U57+LEMAHBANGKULON!Q57+PADANG!Q57+SINGOJURUH!AC57+SINGOLATREN!T57+SUMBERBARU!S57 -> 1858
A58: A.2 | B58: 1 | C58: 1. SUMAIL ABDULLAH | E58: =ALASMALANG!V58+'BENELAN KIDUL'!S58+CANTUK!T58+GAMBOR!N58+GUMIRIH!S58+KEMIRI!U58+LEMAHBANGKULON!Q58+PADANG!Q58+SINGOJURUH!AC58+SINGOLATREN!T58+SUMBERBARU!S58 -> 2787
B59: 2 | C59: 2. MUHAMMAD ALI ADRIAN SALEH | E59: =ALASMALANG!V59+'BENELAN KIDUL'!S59+CANTUK!T59+GAMBOR!N59+GUMIRIH!S59+KEMIRI!U59+LEMAHBANGKULON!Q59+PADANG!Q59+SINGOJURUH!AC59+SINGOLATREN!T59+SUMBERBARU!S59 -> 1130
B60: 3 | C60: 3. DURROTUN NAFISAH | E60: =ALASMALANG!V60+'BENELAN KIDUL'!S60+CANTUK!T60+GAMBOR!N60+GUMIRIH!S60+KEMIRI!U60+LEMAHBANGKULON!Q60+PADANG!Q60+SINGOJURUH!AC60+SINGOLATREN!T60+SUMBERBARU!S60 -> 175
B61: 4 | C61: 4. H. EKO SUSILO NURHIDAYAT | E61: =ALASMALANG!V61+'BENELAN KIDUL'!S61+CANTUK!T61+GAMBOR!N61+GUMIRIH!S61+KEMIRI!U61+LEMAHBANGKULON!Q61+PADANG!Q61+SINGOJURUH!AC61+SINGOLATREN!T61+SUMBERBARU!S61 -> 207
B62: 5 | C62: 5. KARNADI HARIJANTO, S.S. | E62: =ALASMALANG!V62+'BENELAN KIDUL'!S62+CANTUK!T62+GAMBOR!N62+GUMIRIH!S62+KEMIRI!U62+LEMAHBANGKULON!Q62+PADANG!Q62+SINGOJURUH!AC62+SINGOLATREN!T62+SUMBERBARU!S62 -> 35
B63: 6 | C63: 6. NURHAYATI | E63: =ALASMALANG!V63+'BENELAN KIDUL'!S63+CANTUK!T63+GAMBOR!N63+GUMIRIH!S63+KEMIRI!U63+LEMAHBANGKULON!Q63+PADANG!Q63+SINGOJURUH!AC63+SINGOLATREN!T63+SUMBERBARU!S63 -> 74
B64: 7 | C64: 7. MASHUDI | E64: =ALASMALANG!V64+'BENELAN KIDUL'!S64+CANTUK!T64+GAMBOR!N64+GUMIRIH!S64+KEMIRI!U64+LEMAHBANGKULON!Q64+PADANG!Q64+SINGOJURUH!AC64+SINGOLATREN!T64+SUMBERBARU!S64 -> 48
A67: B | B67: JUMLAH SUARA SAH PARTAI POLITIK DAN CALON (A1 + A2) | E67: =SUM(E57:E66) -> 6314
A69: A.1 | B69: 3. | C69: Partai Demokrasi Indonesia Perjuangan | E69: =ALASMALANG!V69+'BENELAN KIDUL'!S69+CANTUK!T69+GAMBOR!N69+GUMIRIH!S69+KEMIRI!U69+LEMAHBANGKULON!Q69+PADANG!Q69+SINGOJURUH!AC69+SINGOLATREN!T69+SUMBERBARU!S69 -> 1116
A70: A.2 | B70: 1 | C70: 1. SONNY TRI DANAPARAMITA, S.H., M.H. | E70: =ALASMALANG!V70+'BENELAN KIDUL'!S70+CANTUK!T70+GAMBOR!N70+GUMIRIH!S70+KEMIRI!U70+LEMAHBANGKULON!Q70+PADANG!Q70+SINGOJURUH!AC70+SINGOLATREN!T70+SUMBERBARU!S70 -> 1989
B71: 2 | C71: 2. H. MOHAMAD GUNTUR ROMLI | E71: =ALASMALANG!V71+'BENELAN KIDUL'!S71+CANTUK!T71+GAMBOR!N71+GUMIRIH!S71+KEMIRI!U71+LEMAHBANGKULON!Q71+PADANG!Q71+SINGOJURUH!AC71+SINGOLATREN!T71+SUMBERBARU!S71 -> 401
B72: 3 | C72: 3. INA AMMANIA | E72: =ALASMALANG!V72+'BENELAN KIDUL'!S72+CANTUK!T72+GAMBOR!N72+GUMIRIH!S72+KEMIRI!U72+LEMAHBANGKULON!Q72+PADANG!Q72+SINGOJURUH!AC72+SINGOLATREN!T72+SUMBERBARU!S72 -> 1898
B73: 4 | C73: 4. IRWAN BACHTIAR RACHMAT, M.Si. | E73: =ALASMALANG!V73+'BENELAN KIDUL'!S73+CANTUK!T73+GAMBOR!N73+GUMIRIH!S73+KEMIRI!U73+LEMAHBANGKULON!Q73+PADANG!Q73+SINGOJURUH!AC73+SINGOLATREN!T73+SUMBERBARU!S73 -> 81
B74: 5 | C74: 5. LUCKY PERDANA | E74: =ALASMALANG!V74+'BENELAN KIDUL'!S74+CANTUK!T74+GAMBOR!N74+GUMIRIH!S74+KEMIRI!U74+LEMAHBANGKULON!Q74+PADANG!Q74+SINGOJURUH!AC74+SINGOLATREN!T74+SUMBERBARU!S74 -> 880
B75: 6 | C75: 6. WIWIK PUJIYATI | E75: =ALASMALANG!V75+'BENELAN KIDUL'!S75+CANTUK!T75+GAMBOR!N75+GUMIRIH!S75+KEMIRI!U75+LEMAHBANGKULON!Q75+PADANG!Q75+SINGOJURUH!AC75+SINGOLATREN!T75+SUMBERBARU!S75 -> 58
B76: 7 | C76: 7. CHANDRA ASTAN, S.T. | E76: =ALASMALANG!V76+'BENELAN KIDUL'!S76+CANTUK!T76+GAMBOR!N76+GUMIRIH!S76+KEMIRI!U76+LEMAHBANGKULON!Q76+PADANG!Q76+SINGOJURUH!AC76+SINGOLATREN!T76+SUMBERBARU!S76 -> 61
A79: B | B79: JUMLAH SUARA SAH PARTAI POLITIK DAN CALON (A1 + A2) | E79: =SUM(E69:E78) -> 6484
A81: A.1 | B81: 4. | C81: Partai Golongan Karya | E81: =ALASMALANG!V81+'BENELAN KIDUL'!S81+CANTUK!T81+GAMBOR!N81+GUMIRIH!S81+KEMIRI!U81+LEMAHBANGKULON!Q81+PADANG!Q81+SINGOJURUH!AC81+SINGOLATREN!T81+SUMBERBARU!S81 -> 421
A82: A.2 | B82: 1 | C82: 1. ZULFIKAR ARSE SADIKIN, S.I.P., M.Si. | E82: =ALASMALANG!V82+'BENELAN KIDUL'!S82+CANTUK!T82+GAMBOR!N82+GUMIRIH!S82+KEMIRI!U82+LEMAHBANGKULON!Q82+PADANG!Q82+SINGOJURUH!AC82+SINGOLATREN!T82+SUMBERBARU!S82 -> 1528
B83: 2 | C83: 2. HANDOKO | E83: =ALASMALANG!V83+'BENELAN KIDUL'!S83+CANTUK!T83+GAMBOR!N83+GUMIRIH!S83+KEMIRI!U83+LEMAHBANGKULON!Q83+PADANG!Q83+SINGOJURUH!AC83+SINGOLATREN!T83+SUMBERBARU!S83 -> 555
B84: 3 | C84: 3. Hj. OVI DEWI YANTI | E84: =ALASMALANG!V84+'BENELAN KIDUL'!S84+CANTUK!T84+GAMBOR!N84+GUMIRIH!S84+KEMIRI!U84+LEMAHBANGKULON!Q84+PADANG!Q84+SINGOJURUH!AC84+SINGOLATREN!T84+SUMBERBARU!S84 -> 61
B85: 4 | C85: 4. Ir. AZAM AZMAN NATAWIJANA | E85: =ALASMALANG!V85+'BENELAN KIDUL'!S85+CANTUK!T85+GAMBOR!N85+GUMIRIH!S85+KEMIRI!U85+LEMAHBANGKULON!Q85+PADANG!Q85+SINGOJURUH!AC85+SINGOLATREN!T85+SUMBERBARU!S85 -> 84
B86: 5 | C86: 5. UBAIDILLAH AMIN, S.Kom. | E86: =ALASMALANG!V86+'BENELAN KIDUL'!S86+CANTUK!T86+GAMBOR!N86+GUMIRIH!S86+KEMIRI!U86+LEMAHBANGKULON!Q86+PADANG!Q86+SINGOJURUH!AC86+SINGOLATREN!T86+SUMBERBARU!S86 -> 72
B87: 6 | C87: 6. DENNY YUNIANDARI, S.H., M.Kn. | E87: =ALASMALANG!V87+'BENELAN KIDUL'!S87+CANTUK!T87+GAMBOR!N87+GUMIRIH!S87+KEMIRI!U87+LEMAHBANGKULON!Q87+PADANG!Q87+SINGOJURUH!AC87+SINGOLATREN!T87+SUMBERBARU!S87 -> 13
B88: 7 | C88: 7. ERNADI, S.H.I. | E88: =ALASMALANG!V88+'BENELAN KIDUL'!S88+CANTUK!T88+GAMBOR!N88+GUMIRIH!S88+KEMIRI!U88+LEMAHBANGKULON!Q88+PADANG!Q88+SINGOJURUH!AC88+SINGOLATREN!T88+SUMBERBARU!S88 -> 14
A91: B | B91: JUMLAH SUARA SAH PARTAI POLITIK DAN CALON (A1 + A2) | E91: =SUM(E81:E90) -> 2748
A93: A.1 | B93: 5. | C93: Partai NasDem | E93: =ALASMALANG!V93+'BENELAN KIDUL'!S93+CANTUK!T93+GAMBOR!N93+GUMIRIH!S93+KEMIRI!U93+LEMAHBANGKULON!Q93+PADANG!Q93+SINGOJURUH!AC93+SINGOLATREN!T93+SUMBERBARU!S93 -> 163
A94: A.2 | B94: 1 | C94: 1. ACH. FADIL MUZAKKI SYAH | E94: =ALASMALANG!V94+'BENELAN KIDUL'!S94+CANTUK!T94+GAMBOR!N94+GUMIRIH!S94+KEMIRI!U94+LEMAHBANGKULON!Q94+PADANG!Q94+SINGOJURUH!AC94+SINGOLATREN!T94+SUMBERBARU!S94 -> 145
B95: 2 | C95: 2. BENY | E95: =ALASMALANG!V95+'BENELAN KIDUL'!S95+CANTUK!T95+GAMBOR!N95+GUMIRIH!S95+KEMIRI!U95+LEMAHBANGKULON!Q95+PADANG!Q95+SINGOJURUH!AC95+SINGOLATREN!T95+SUMBERBARU!S95 -> 277
B96: 3 | C96: 3. VINA VERONIKA | E96: =ALASMALANG!V96+'BENELAN KIDUL'!S96+CANTUK!T96+GAMBOR!N96+GUMIRIH!S96+KEMIRI!U96+LEMAHBANGKULON!Q96+PADANG!Q96+SINGOJURUH!AC96+SINGOLATREN!T96+SUMBERBARU!S96 -> 9
B97: 4 | C97: 4. TEDDY ANUGRIANTO | E97: =ALASMALANG!V97+'BENELAN KIDUL'!S97+CANTUK!T97+GAMBOR!N97+GUMIRIH!S97+KEMIRI!U97+LEMAHBANGKULON!Q97+PADANG!Q97+SINGOJURUH!AC97+SINGOLATREN!T97+SUMBERBARU!S97 -> 83
B98: 5 | C98: 5. INSAN KAMIL | E98: =ALASMALANG!V98+'BENELAN KIDUL'!S98+CANTUK!T98+GAMBOR!N98+GUMIRIH!S98+KEMIRI!U98+LEMAHBANGKULON!Q98+PADANG!Q98+SINGOJURUH!AC98+SINGOLATREN!T98+SUMBERBARU!S98 -> 41
B99: 6 | C99: 6. LILIK LINDARWATI | E99: =ALASMALANG!V99+'BENELAN KIDUL'!S99+CANTUK!T99+GAMBOR!N99+GUMIRIH!S99+KEMIRI!U99+LEMAHBANGKULON!Q99+PADANG!Q99+SINGOJURUH!AC99+SINGOLATREN!T99+SUMBERBARU!S99 -> 3
B100: 7 | C100: 7. YULI ANITA | E100: =ALASMALANG!V100+'BENELAN KIDUL'!S100+CANTUK!T100+GAMBOR!N100+GUMIRIH!S100+KEMIRI!U100+LEMAHBANGKULON!Q100+PADANG!Q100+SINGOJURUH!AC100+SINGOLATREN!T100+SUMBERBARU!S100 -> 2
A103: B | B103: JUMLAH SUARA SAH PARTAI POLITIK DAN CALON (A1 + A2) | E103: =SUM(E93:E102) -> 723
A105: A.1 | B105: 6. | C105: Partai Buruh | E105: =ALASMALANG!V105+'BENELAN KIDUL'!S105+CANTUK!T105+GAMBOR!N105+GUMIRIH!S105+KEMIRI!U105+LEMAHBANGKULON!Q105+PADANG!Q105+SINGOJURUH!AC105+SINGOLATREN!T105+SUMBERBARU!S105 -> 31
A106: A.2 | B106: 1 | C106: 1. KHOIRUL ANAM | E106: =ALASMALANG!V106+'BENELAN KIDUL'!S106+CANTUK!T106+GAMBOR!N106+GUMIRIH!S106+KEMIRI!U106+LEMAHBANGKULON!Q106+PADANG!Q106+SINGOJURUH!AC106+SINGOLATREN!T106+SUMBERBARU!S106 -> 16
B107: 2 | C107: 2. INA KURNIA | E107: =ALASMALANG!V107+'BENELAN KIDUL'!S107+CANTUK!T107+GAMBOR!N107+GUMIRIH!S107+KEMIRI!U107+LEMAHBANGKULON!Q107+PADANG!Q107+SINGOJURUH!AC107+SINGOLATREN!T107+SUMBERBARU!S107 -> 18
B108: 3 | C108: 3. JIBRAL TAROUK | E108: =ALASMALANG!V108+'BENELAN KIDUL'!S108+CANTUK!T108+GAMBOR!N108+GUMIRIH!S108+KEMIRI!U108+LEMAHBANGKULON!Q108+PADANG!Q108+SINGOJURUH!AC108+SINGOLATREN!T108+SUMBERBARU!S108 -> 2
B109: 4 | C109: 4. ASTUTI DAENG PUJI | E109: =ALASMALANG!V109+'BENELAN KIDUL'!S109+CANTUK!T109+GAMBOR!N109+GUMIRIH!S109+KEMIRI!U109+LEMAHBANGKULON!Q109+PADANG!Q109+SINGOJURUH!AC109+SINGOLATREN!T109+SUMBERBARU!S109 -> 4
B110: 5 | C110: 5. ASDARMAWAN | E110: =ALASMALANG!V110+'BENELAN KIDUL'!S110+CANTUK!T110+GAMBOR!N110+GUMIRIH!S110+KEMIRI!U110+LEMAHBANGKULON!Q110+PADANG!Q110+SINGOJURUH!AC110+SINGOLATREN!T110+SUMBERBARU!S110 -> 1
B111: 6 | C111: 6. RIFQI MUBAROK | E111: =ALASMALANG!V111+'BENELAN KIDUL'!S111+CANTUK!T111+GAMBOR!N111+GUMIRIH!S111+KEMIRI!U111+LEMAHBANGKULON!Q111+PADANG!Q111+SINGOJURUH!AC111+SINGOLATREN!T111+SUMBERBARU!S111 -> 3
B112: 7 | C112: 7. FIRNANDA ALTA MEGA | E112: =ALASMALANG!V112+'BENELAN KIDUL'!S112+CANTUK!T112+GAMBOR!N112+GUMIRIH!S112+KEMIRI!U112+LEMAHBANGKULON!Q112+PADANG!Q112+SINGOJURUH!AC112+SINGOLATREN!T112+SUMBERBARU!S112 -> 3
A115: B | B115: JUMLAH SUARA SAH PARTAI POLITIK DAN CALON (A1 + A2) | E115: =SUM(E105:E114) -> 78
A117: A.1 | B117: 7. | C117: Partai Gelombang Rakyat Indonesia | E117: =ALASMALANG!V117+'BENELAN KIDUL'!S117+CANTUK!T117+GAMBOR!N117+GUMIRIH!S117+KEMIRI!U117+LEMAHBANGKULON!Q117+PADANG!Q117+SINGOJURUH!AC117+SINGOLATREN!T117+SUMBERBARU!S117 -> 54
A118: A.2 | B118: 1 | C118: 1. TITI WIDORETNO WARISMAN | E118: =ALASMALANG!V118+'BENELAN KIDUL'!S118+CANTUK!T118+GAMBOR!N118+GUMIRIH!S118+KEMIRI!U118+LEMAHBANGKULON!Q118+PADANG!Q118+SINGOJURUH!AC118+SINGOLATREN!T118+SUMBERBARU!S118 -> 19
B119: 2 | C119: 2. MAMIEK SETYANINGSIH | E119: =ALASMALANG!V119+'BENELAN KIDUL'!S119+CANTUK!T119+GAMBOR!N119+GUMIRIH!S119+KEMIRI!U119+LEMAHBANGKULON!Q119+PADANG!Q119+SINGOJURUH!AC119+SINGOLATREN!T119+SUMBERBARU!S119 -> 3
B120: 3 | C120: 3. ROMIL AZIZEN | E120: =ALASMALANG!V120+'BENELAN KIDUL'!S120+CANTUK!T120+GAMBOR!N120+GUMIRIH!S120+KEMIRI!U120+LEMAHBANGKULON!Q120+PADANG!Q120+SINGOJURUH!AC120+SINGOLATREN!T120+SUMBERBARU!S120 -> 10
A127: B | B127: JUMLAH SUARA SAH PARTAI POLITIK DAN CALON (A1 + A2) | E127: =SUM(E117:E126) -> 86
A129: A.1 | B129: 8. | C129: Partai Keadilan Sejahtera | E129: =ALASMALANG!V129+'BENELAN KIDUL'!S129+CANTUK!T129+GAMBOR!N129+GUMIRIH!S129+KEMIRI!U129+LEMAHBANGKULON!Q129+PADANG!Q129+SINGOJURUH!AC129+SINGOLATREN!T129+SUMBERBARU!S129 -> 66
A130: A.2 | B130: 1 | C130: 1. H. SAIMI SALEH, S.E., M.M. | E130: =ALASMALANG!V130+'BENELAN KIDUL'!S130+CANTUK!T130+GAMBOR!N130+GUMIRIH!S130+KEMIRI!U130+LEMAHBANGKULON!Q130+PADANG!Q130+SINGOJURUH!AC130+SINGOLATREN!T130+SUMBERBARU!S130 -> 102
B131: 2 | C131: 2. Prof. Dr. H. EGGI SUDJANA, S.H., M.Si. | E131: =ALASMALANG!V131+'BENELAN KIDUL'!S131+CANTUK!T131+GAMBOR!N131+GUMIRIH!S131+KEMIRI!U131+LEMAHBANGKULON!Q131+PADANG!Q131+SINGOJURUH!AC131+SINGOLATREN!T131+SUMBERBARU!S131 -> 58
B132: 3 | C132: 3. NURUL KHOTIMAH | E132: =ALASMALANG!V132+'BENELAN KIDUL'!S132+CANTUK!T132+GAMBOR!N132+GUMIRIH!S132+KEMIRI!U132+LEMAHBANGKULON!Q132+PADANG!Q132+SINGOJURUH!AC132+SINGOLATREN!T132+SUMBERBARU!S132 -> 9
B133: 4 | C133: 4. AKHMAD SUYANTO, S.T., M.T. | E133: =ALASMALANG!V133+'BENELAN KIDUL'!S133+CANTUK!T133+GAMBOR!N133+GUMIRIH!S133+KEMIRI!U133+LEMAHBANGKULON!Q133+PADANG!Q133+SINGOJURUH!AC133+SINGOLATREN!T133+SUMBERBARU!S133 -> 3
B134: 5 | C134: 5. PUJIYATNI | E134: =ALASMALANG!V134+'BENELAN KIDUL'!S134+CANTUK!T134+GAMBOR!N134+GUMIRIH!S134+KEMIRI!U134+LEMAHBANGKULON!Q134+PADANG!Q134+SINGOJURUH!AC134+SINGOLATREN!T134+SUMBERBARU!S134 -> 9
B135: 6 | C135: 6. HENI PURWATININGSIH | E135: =ALASMALANG!V135+'BENELAN KIDUL'!S135+CANTUK!T135+GAMBOR!N135+GUMIRIH!S135+KEMIRI!U135+LEMAHBANGKULON!Q135+PADANG!Q135+SINGOJURUH!AC135+SINGOLATREN!T135+SUMBERBARU!S135 -> 8
B136: 7 | C136: 7. MUHADI | E136: =ALASMALANG!V136+'BENELAN KIDUL'!S136+CANTUK!T136+GAMBOR!N136+GUMIRIH!S136+KEMIRI!U136+LEMAHBANGKULON!Q136+PADANG!Q136+SINGOJURUH!AC136+SINGOLATREN!T136+SUMBERBARU!S136 -> 0
A139: B | B139: JUMLAH SUARA SAH PARTAI POLITIK DAN CALON (A1 + A2) | E139: =SUM(E129:E138) -> 255
...

Sheet ALASMALANG
C2: Kecamatan | D2: SINGOJURUH
C3: Kabupaten | D3: BANYUWANGI
C4: Provinsi | D4: JAWA TIMUR
C9: Kelurahan | D9: ALASMALANG
A12: I | B12: DATA PEMILIH DAN PENGGUNAAN HAK PILIH | V12: JUMLAH AKHIR
A13: A | B13: DATA PEMILIH | E13: TPS 001 | F13: TPS 002 | G13: TPS 003 | H13: TPS 004 | I13: TPS 005 | J13: TPS 006 | K13: TPS 007 | L13: TPS 008 | M13: TPS 009 | N13: TPS 010 | O13: TPS 011 | P13: TPS 012 | Q13: TPS 013 | R13: TPS 014 | S13: TPS 015 | T13: TPS 016 | U13: TPS 017
B14: Jumlah Pemilih dalam Daftar Pemilih Tetap (DPT) | D14: LK | E14: 124 | F14: 110 | G14: 95 | H14: 116 | I14: 101 | J14: 88 | K14: 79 | L14: 121 | M14: 101 | N14: 107 | O14: 99 | P14: 103 | Q14: 128 | R14: 83 | S14: 104 | T14: 93 | U14: 127 | V14: =SUM(E14:U14) -> 1779
D15: PR | E15: 128 | F15: 102 | G15: 92 | H15: 125 | I15: 117 | J15: 94 | K15: 93 | L15: 124 | M15: 94 | N15: 117 | O15: 90 | P15: 108 | Q15: 126 | R15: 85 | S15: 113 | T15: 113 | U15: 110 | V15: =SUM(E15:U15) -> 1831
D16: JML | E16: =SUM(E14:E15) -> 252 | F16: =SUM(F14:F15) -> 212 | G16: =SUM(G14:G15) -> 187 | H16: =SUM(H14:H15) -> 241 | I16: =SUM(I14:I15) -> 218 | J16: =SUM(J14:J15) -> 182 | K16: =SUM(K14:K15) -> 172 | L16: =SUM(L14:L15) -> 245 | ... U16: =SUM(U14:U15) -> 237 | V16: =SUM(E16:U16) -> 3610
A18: B | B18: PENGGUNA HAK PILIH
B19: 1. | C19: Jumlah pengguna hak pilih dalam Daftar Pemilih Tetap (DPT) | D19: LK | E19: 114 | F19: 90 | G19: 71 | H19: 89 | I19: 80 | J19: 65 | K19: 63 | L19: 92 | M19: 82 | N19: 86 | O19: 81 | P19: 83 | Q19: 81 | R19: 66 | S19: 81 | T19: 82 | U19: 107 | V19: =SUM(E19:U19) -> 1413
D20: PR | E20: 94 | F20: 90 | G20: 81 | H20: 95 | I20: 102 | J20: 77 | K20: 74 | L20: 100 | M20: 79 | N20: 95 | O20: 74 | P20: 86 | Q20: 96 | R20: 74 | S20: 95 | T20: 102 | U20: 104 | V20: =SUM(E20:U20) -> 1518
D21: JML | E21: =SUM(E19:E20) -> 208 | F21: =SUM(F19:F20) -> 180 | G21: =SUM(G19:G20) -> 152 | H21: =SUM(H19:H20) -> 184 | I21: =SUM(I19:I20) -> 182 | J21: =SUM(J19:J20) -> 142 | K21: =SUM(K19:K20) -> 137 | L21: =SUM(L19:L20) -> 192 | ... U21: =SUM(U19:U20) -> 211 | V21: =SUM(E21:U21) -> 2931
B22: 2. | C22: Jumlah pengguna hak pilih dalam Daftar Pemilih Tambahan (DPTb) | D22: LK | V22: =SUM(E22:U22) -> 0
D23: PR | U23: 1 | V23: =SUM(E23:U23) -> 1
D24: JML | E24: =SUM(E22:E23) -> 0 | F24: =SUM(F22:F23) -> 0 | G24: =SUM(G22:G23) -> 0 | H24: =SUM(H22:H23) -> 0 | I24: =SUM(I22:I23) -> 0 | J24: =SUM(J22:J23) -> 0 | K24: =SUM(K22:K23) -> 0 | L24: =SUM(L22:L23) -> 0 | ... U24: =SUM(U22:U23) -> 1 | V24: =SUM(E24:U24) -> 1
B25: 3. | C25: Jumlah pengguna hak pilih dalam Daftar Pemilih Khusus (DPK) | D25: LK | E25: 5 | F25: 6 | G25: 1 | H25: 0 | I25: 0 | J25: 1 | K25: 0 | L25: 1 | M25: 0 | N25: 4 | O25: 1 | P25: 2 | Q25: 3 | R25: 0 | S25: 3 | T25: 2 | V25: =SUM(E25:U25) -> 29
D26: PR | E26: 3 | F26: 6 | G26: 2 | H26: 0 | I26: 0 | J26: 2 | K26: 0 | L26: 2 | M26: 0 | N26: 1 | O26: 1 | P26: 1 | Q26: 1 | R26: 1 | S26: 1 | T26: 3 | V26: =SUM(E26:U26) -> 24
D27: JML | E27: =SUM(E25:E26) -> 8 | F27: =SUM(F25:F26) -> 12 | G27: =SUM(G25:G26) -> 3 | H27: =SUM(H25:H26) -> 0 | I27: =SUM(I25:I26) -> 0 | J27: =SUM(J25:J26) -> 3 | K27: =SUM(K25:K26) -> 0 | L27: =SUM(L25:L26) -> 3 | ... U27: =SUM(U25:U26) -> 0 | V27: =SUM(E27:U27) -> 53
B28: 4. | C28: Jumlah Pengguna Hak Pilih (B.1+B.2+B.3) | D28: LK | E28: =SUM(E19,E22,E25) -> 119 | F28: =SUM(F19,F22,F25) -> 96 | G28: =SUM(G19,G22,G25) -> 72 | H28: =SUM(H19,H22,H25) -> 89 | I28: =SUM(I19,I22,I25) -> 80 | J28: =SUM(J19,J22,J25) -> 66 | K28: =SUM(K19,K22,K25) -> 63 | L28: =SUM(L19,L22,L25) -> 93 | ... U28: =SUM(U19,U22,U25) -> 107 | V28: =SUM(E28:U28) -> 1442
D29: PR | E29: =SUM(E20,E23,E26) -> 97 | F29: =SUM(F20,F23,F26) -> 96 | G29: =SUM(G20,G23,G26) -> 83 | H29: =SUM(H20,H23,H26) -> 95 | I29: =SUM(I20,I23,I26) -> 102 | J29: =SUM(J20,J23,J26) -> 79 | K29: =SUM(K20,K23,K26) -> 74 | L29: =SUM(L20,L23,L26) -> 102 | ... U29: =SUM(U20,U23,U26) -> 105 | V29: =SUM(E29:U29) -> 1543
D30: JML | E30: =SUM(E28:E29) -> 216 | F30: =SUM(F28:F29) -> 192 | G30: =SUM(G28:G29) -> 155 | H30: =SUM(H28:H29) -> 184 | I30: =SUM(I28:I29) -> 182 | J30: =SUM(J28:J29) -> 145 | K30: =SUM(K28:K29) -> 137 | L30: =SUM(L28:L29) -> 195 | ... U30: =SUM(U28:U29) -> 212 | V30: =SUM(E30:U30) -> 2985
A32: II | B32: DATA PENGGUNAAN SURAT SUARA
A33: 1 | B33: Jumlah surat suara yang diterima, termasuk surat suara cadangan 2,5% dari DPT | E33: 248 | F33: 307 | G33: 191 | H33: 246 | I33: 223 | J33: 186 | K33: 177 | L33: 250 | M33: 200 | N33: 229 | O33: 193 | P33: 206 | Q33: 260 | R33: 172 | S33: 222 | T33: 211 | U33: 240 | V33: =SUM(E33:U33) -> 3761
A34: 2 | B34: Jumlah surat suara yang digunakan | E34: 216 | F34: 192 | G34: 155 | H34: 184 | I34: 182 | J34: 145 | K34: 137 | L34: 195 | M34: 161 | N34: 186 | O34: 157 | P34: 172 | Q34: 181 | R34: 141 | S34: 180 | T34: 189 | U34: 212 | V34: =SUM(E34:U34) -> 2985
A35: 3 | B35: Jumlah surat suara dikembalikan oleh pemilih (karena rusak atau keliru coblos) | E35: 0 | F35: 2 | G35: 0 | H35: 0 | I35: 0 | J35: 0 | K35: 0 | L35: 3 | M35: 2 | N35: 1 | O35: 0 | P35: 0 | Q35: 0 | R35: 3 | S35: 1 | T35: 0 | U35: 1 | V35: =SUM(E35:U35) -> 13
A36: 4 | B36: Jumlah surat suara yang tidak digunakan/tidak terpakai, termasuk sisa surat suara cadangan | E36: =E33-(E34+E35) -> 32 | F36: =F33-(F34+F35) -> 113 | G36: =G33-(G34+G35) -> 36 | H36: =H33-(H34+H35) -> 62 | I36: =I33-(I34+I35) -> 41 | J36: =J33-(J34+J35) -> 41 | K36: =K33-(K34+K35) -> 40 | L36: =L33-(L34+L35) -> 52 | ... U36: =U33-(U34+U35) -> 27 | V36: =SUM(E36:U36) -> 763
A38: III | B38: DATA PEMILIH DISABILITAS
B39: Jumlah seluruh Pemilih disabilitas yang menggunakan hak pilih | D39: LK | R39: 1 | V39: =SUM(E39:U39) -> 1
D40: PR | V40: =SUM(E40:U40) -> 0
D41: JML | E41: =SUM(E39:E40) -> 0 | F41: =SUM(F39:F40) -> 0 | G41: =SUM(G39:G40) -> 0 | H41: =SUM(H39:H40) -> 0 | I41: =SUM(I39:I40) -> 0 | J41: =SUM(J39:J40) -> 0 | K41: =SUM(K39:K40) -> 0 | L41: =SUM(L39:L40) -> 0 | ... U41: =SUM(U39:U40) -> 0 | V41: =SUM(E41:U41) -> 1
A43: IV | B43: DATA RINCIAN PEROLEHAN SUARA PASANGAN CALON BUPATI DAN WAKIL BUPATI
A44: NOMOR DAN NAMA CALON
A45: A.1 | B45: 1. | C45: Partai Kebangkitan Bangsa | E45: 4 | F45: 5 | G45: 6 | H45: 3 | I45: 1 | J45: 3 | K45: 4 | L45: 7 | M45: 1 | N45: 3 | O45: 3 | P45: 1 | Q45: 1 | R45: 4 | S45: 9 | T45: 3 | U45: 9 | V45: =SUM(E45:U45) -> 67
A46: A.2 | B46: 1 | C46: 1. Dr. Hj. NIHAYATUL WAFIROH, M.A. | E46: 7 | F46: 10 | G46: 2 | H46: 7 | I46: 25 | J46: 12 | K46: 10 | L46: 15 | M46: 3 | N46: 1 | O46: 3 | P46: 3 | Q46: 8 | R46: 8 | S46: 14 | T46: 14 | U46: 22 | V46: =SUM(E46:U46) -> 164
B47: 2 | C47: 2. H. M. NASIM KHAN | E47: 0 | F47: 1 | G47: 3 | H47: 3 | I47: 9 | J47: 0 | K47: 0 | L47: 6 | M47: 1 | N47: 3 | O47: 3 | P47: 1 | Q47: 0 | R47: 1 | S47: 3 | T47: 1 | U47: 0 | V47: =SUM(E47:U47) -> 35
B48: 3 | C48: 3. Dr. H. AKIK ZAMAN, M.Pd.I. | E48: 0 | F48: 0 | G48: 1 | H48: 0 | I48: 0 | J48: 1 | K48: 2 | L48: 0 | M48: 0 | N48: 2 | O48: 4 | P48: 0 | Q48: 0 | R48: 0 | S48: 0 | T48: 0 | U48: 0 | V48: =SUM(E48:U48) -> 10
B49: 4 | C49: 4. AHMAD RIFA'I, S.H. | E49: 1 | F49: 0 | G49: 1 | H49: 0 | I49: 1 | J49: 0 | K49: 1 | L49: 0 | M49: 1 | N49: 0 | O49: 0 | P49: 2 | Q49: 0 | R49: 1 | S49: 1 | T49: 1 | U49: 0 | V49: =SUM(E49:U49) -> 10
B50: 5 | C50: 5. Drs. H. MAHFUD M.N. | E50: 2 | F50: 1 | G50: 1 | H50: 0 | I50: 0 | J50: 0 | K50: 0 | L50: 0 | M50: 0 | N50: 0 | O50: 0 | P50: 0 | Q50: 0 | R50: 0 | S50: 0 | T50: 0 | U50: 1 | V50: =SUM(E50:U50) -> 5
B51: 6 | C51: 6. NURHAYATI, S.Pd. | E51: 1 | F51: 0 | G51: 0 | H51: 0 | I51: 0 | J51: 0 | K51: 0 | L51: 1 | M51: 0 | N51: 1 | O51: 0 | P51: 0 | Q51: 0 | R51: 0 | S51: 0 | T51: 0 | U51: 0 | V51: =SUM(E51:U51) -> 3
B52: 7 | C52: 7. MAFTUHA KISWAH | E52: 0 | F52: 0 | G52: 0 | H52: 0 | I52: 0 | J52: 0 | K52: 0 | L52: 0 | M52: 0 | N52: 0 | O52: 0 | P52: 0 | Q52: 0 | R52: 0 | S52: 0 | T52: 0 | U52: 0 | V52: =SUM(E52:U52) -> 0
V53: =SUM(E53:U53) -> 0
V54: =SUM(E54:U54) -> 0
A55: B | B55: JUMLAH SUARA SAH PARTAI POLITIK DAN CALON (A1 + A2) | E55: =SUM(E45:E54) -> 15 | F55: =SUM(F45:F54) -> 17 | G55: =SUM(G45:G54) -> 14 | H55: =SUM(H45:H54) -> 13 | I55: =SUM(I45:I54) -> 36 | J55: =SUM(J45:J54) -> 16 | K55: =SUM(K45:K54) -> 17 | L55: =SUM(L45:L54) -> 29 | ... V55: =SUM(V45:V54) -> 294
A57: A.1 | B57: 2. | C57: Partai Gerakan Indonesia Raya | E57: 10 | F57: 14 | G57: 17 | H57: 10 | I57: 9 | J57: 4 | K57: 17 | L57: 5 | M57: 4 | N57: 10 | O57: 11 | P57: 8 | Q57: 9 | R57: 13 | S57: 5 | T57: 12 | U57: 10 | V57: =SUM(E57:U57) -> 168
A58: A.2 | B58: 1 | C58: 1. SUMAIL ABDULLAH | E58: 10 | F58: 8 | G58: 13 | H58: 5 | I58: 23 | J58: 10 | K58: 7 | L58: 7 | M58: 3 | N58: 9 | O58: 7 | P58: 6 | Q58: 19 | R58: 12 | S58: 9 | T58: 25 | U58: 14 | V58: =SUM(E58:U58) -> 187
B59: 2 | C59: 2. MUHAMMAD ALI ADRIAN SALEH | E59: 7 | F59: 3 | G59: 2 | H59: 2 | I59: 3 | J59: 6 | K59: 2 | L59: 1 | M59: 1 | N59: 1 | O59: 2 | P59: 1 | Q59: 2 | R59: 2 | S59: 0 | T59: 1 | U59: 7 | V59: =SUM(E59:U59) -> 43
B60: 3 | C60: 3. DURROTUN NAFISAH | E60: 1 | F60: 0 | G60: 1 | H60: 0 | I60: 0 | J60: 1 | K60: 1 | L60: 1 | M60: 0 | N60: 0 | O60: 0 | P60: 0 | Q60: 0 | R60: 1 | S60: 0 | T60: 1 | U60: 1 | V60: =SUM(E60:U60) -> 8
B61: 4 | C61: 4. H. EKO SUSILO NURHIDAYAT | E61: 1 | F61: 0 | G61: 2 | H61: 1 | I61: 1 | J61: 4 | K61: 1 | L61: 1 | M61: 0 | N61: 0 | O61: 3 | P61: 0 | Q61: 1 | R61: 0 | S61: 2 | T61: 2 | U61: 0 | V61: =SUM(E61:U61) -> 19
B62: 5 | C62: 5. KARNADI HARIJANTO, S.S. | E62: 0 | F62: 0 | G62: 0 | H62: 0 | I62: 0 | J62: 1 | K62: 0 | L62: 0 | M62: 0 | N62: 1 | O62: 0 | P62: 1 | Q62: 0 | R62: 0 | S62: 1 | T62: 0 | U62: 0 | V62: =SUM(E62:U62) -> 4
B63: 6 | C63: 6. NURHAYATI | E63: 1 | F63: 0 | G63: 0 | H63: 0 | I63: 0 | J63: 1 | K63: 0 | L63: 0 | M63: 0 | N63: 0 | O63: 0 | P63: 0 | Q63: 0 | R63: 0 | S63: 0 | T63: 0 | U63: 0 | V63: =SUM(E63:U63) -> 2
B64: 7 | C64: 7. MASHUDI | E64: 0 | F64: 0 | G64: 0 | H64: 0 | I64: 0 | J64: 0 | K64: 2 | L64: 1 | M64: 0 | N64: 1 | O64: 0 | P64: 0 | Q64: 0 | R64: 0 | S64: 0 | T64: 0 | U64: 1 | V64: =SUM(E64:U64) -> 5
V65: =SUM(E65:U65) -> 0
V66: =SUM(E66:U66) -> 0
A67: B | B67: JUMLAH SUARA SAH PARTAI POLITIK DAN CALON (A1 + A2) | E67: =SUM(E57:E66) -> 30 | F67: =SUM(F57:F66) -> 25 | G67: =SUM(G57:G66) -> 35 | H67: =SUM(H57:H66) -> 18 | I67: =SUM(I57:I66) -> 36 | J67: =SUM(J57:J66) -> 27 | K67: =SUM(K57:K66) -> 30 | L67: =SUM(L57:L66) -> 16 | ... V67: =SUM(V57:V66) -> 436
A69: A.1 | B69: 3. | C69: Partai Demokrasi Indonesia Perjuangan | E69: 4 | F69: 6 | G69: 4 | H69: 10 | I69: 3 | J69: 4 | K69: 3 | L69: 13 | M69: 3 | N69: 9 | O69: 8 | P69: 5 | Q69: 9 | R69: 7 | S69: 5 | T69: 3 | U69: 3 | V69: =SUM(E69:U69) -> 99
A70: A.2 | B70: 1 | C70: 1. SONNY TRI DANAPARAMITA, S.H., M.H. | E70: 66 | F70: 32 | G70: 5 | H70: 5 | I70: 10 | J70: 4 | K70: 3 | L70: 5 | M70: 2 | N70: 3 | O70: 9 | P70: 4 | Q70: 5 | R70: 5 | S70: 7 | T70: 4 | U70: 1 | V70: =SUM(E70:U70) -> 170
B71: 2 | C71: 2. H. MOHAMAD GUNTUR ROMLI | E71: 0 | F71: 4 | G71: 1 | H71: 2 | I71: 1 | J71: 0 | K71: 2 | L71: 0 | M71: 1 | N71: 19 | O71: 1 | P71: 4 | Q71: 9 | R71: 0 | S71: 0 | T71: 1 | U71: 1 | V71: =SUM(E71:U71) -> 46
B72: 3 | C72: 3. INA AMMANIA | E72: 1 | F72: 2 | G72: 4 | H72: 3 | I72: 7 | J72: 1 | K72: 2 | L72: 23 | M72: 23 | N72: 15 | O72: 23 | P72: 9 | Q72: 25 | R72: 2 | S72: 3 | T72: 0 | U72: 2 | V72: =SUM(E72:U72) -> 145
B73: 4 | C73: 4. IRWAN BACHTIAR RACHMAT, M.Si. | E73: 1 | F73: 0 | G73: 0 | H73: 2 | I73: 0 | J73: 0 | K73: 0 | L73: 0 | M73: 0 | N73: 1 | O73: 0 | P73: 1 | Q73: 2 | R73: 0 | S73: 0 | T73: 0 | U73: 0 | V73: =SUM(E73:U73) -> 7
B74: 5 | C74: 5. LUCKY PERDANA | E74: 1 | F74: 3 | G74: 4 | H74: 0 | I74: 3 | J74: 2 | K74: 4 | L74: 2 | M74: 1 | N74: 3 | O74: 5 | P74: 4 | Q74: 9 | R74: 9 | S74: 0 | T74: 6 | U74: 0 | V74: =SUM(E74:U74) -> 56
B75: 6 | C75: 6. WIWIK PUJIYATI | E75: 0 | F75: 0 | G75: 1 | H75: 0 | I75: 1 | J75: 0 | K75: 0 | L75: 0 | M75: 0 | N75: 0 | O75: 0 | P75: 1 | Q75: 0 | R75: 0 | S75: 0 | T75: 0 | U75: 0 | V75: =SUM(E75:U75) -> 3
B76: 7 | C76: 7. CHANDRA ASTAN, S.T. | E76: 0 | F76: 0 | G76: 0 | H76: 0 | I76: 0 | J76: 1 | K76: 3 | L76: 2 | M76: 0 | N76: 0 | O76: 0 | P76: 0 | Q76: 0 | R76: 0 | S76: 0 | T76: 0 | U76: 0 | V76: =SUM(E76:U76) -> 6
V77: =SUM(E77:U77) -> 0
V78: =SUM(E78:U78) -> 0
A79: B | B79: JUMLAH SUARA SAH PARTAI POLITIK DAN CALON (A1 + A2) | E79: =SUM(E69:E78) -> 73 | F79: =SUM(F69:F78) -> 47 | G79: =SUM(G69:G78) -> 19 | H79: =SUM(H69:H78) -> 22 | I79: =SUM(I69:I78) -> 25 | J79: =SUM(J69:J78) -> 12 | K79: =SUM(K69:K78) -> 17 | L79: =SUM(L69:L78) -> 45 | ... V79: =SUM(V69:V78) -> 532
A81: A.1 | B81: 4. | C81: Partai Golongan Karya | E81: 2 | F81: 3 | G81: 6 | H81: 11 | I81: 4 | J81: 8 | K81: 11 | L81: 5 | M81: 1 | N81: 8 | O81: 5 | P81: 1 | Q81: 2 | R81: 6 | S81: 2 | T81: 1 | U81: 7 | V81: =SUM(E81:U81) -> 83
A82: A.2 | B82: 1 | C82: 1. ZULFIKAR ARSE SADIKIN, S.I.P., M.Si. | E82: 47 | F82: 38 | G82: 22 | H82: 25 | I82: 32 | J82: 15 | K82: 2 | L82: 3 | M82: 5 | N82: 2 | O82: 6 | P82: 3 | Q82: 8 | R82: 2 | S82: 1 | T82: 3 | U82: 5 | V82: =SUM(E82:U82) -> 219
B83: 2 | C83: 2. HANDOKO | E83: 2 | F83: 1 | G83: 3 | H83: 4 | I83: 1 | J83: 4 | K83: 1 | L83: 3 | M83: 2 | N83: 5 | O83: 4 | P83: 3 | Q83: 4 | R83: 1 | S83: 5 | T83: 3 | U83: 6 | V83: =SUM(E83:U83) -> 52
B84: 3 | C84: 3. Hj. OVI DEWI YANTI | E84: 0 | F84: 0 | G84: 0 | H84: 1 | I84: 0 | J84: 2 | K84: 3 | L84: 1 | M84: 0 | N84: 1 | O84: 1 | P84: 0 | Q84: 0 | R84: 0 | S84: 0 | T84: 0 | U84: 0 | V84: =SUM(E84:U84) -> 9
B85: 4 | C85: 4. Ir. AZAM AZMAN NATAWIJANA | E85: 0 | F85: 0 | G85: 1 | H85: 1 | I85: 0 | J85: 5 | K85: 0 | L85: 0 | M85: 0 | N85: 0 | O85: 2 | P85: 2 | Q85: 1 | R85: 0 | S85: 0 | T85: 0 | U85: 0 | V85: =SUM(E85:U85) -> 12
B86: 5 | C86: 5. UBAIDILLAH AMIN, S.Kom. | E86: 2 | F86: 1 | G86: 0 | H86: 0 | I86: 0 | J86: 1 | K86: 1 | L86: 1 | M86: 0 | N86: 1 | O86: 0 | P86: 0 | Q86: 2 | R86: 0 | S86: 1 | T86: 1 | U86: 0 | V86: =SUM(E86:U86) -> 11
B87: 6 | C87: 6. DENNY YUNIANDARI, S.H., M.Kn. | E87: 0 | F87: 0 | G87: 0 | H87: 0 | I87: 0 | J87: 0 | K87: 1 | L87: 0 | M87: 0 | N87: 0 | O87: 1 | P87: 0 | Q87: 0 | R87: 0 | S87: 0 | T87: 0 | U87: 0 | V87: =SUM(E87:U87) -> 2
B88: 7 | C88: 7. ERNADI, S.H.I. | E88: 0 | F88: 0 | G88: 0 | H88: 0 | I88: 0 | J88: 1 | K88: 0 | L88: 0 | M88: 0 | N88: 1 | O88: 0 | P88: 0 | Q88: 0 | R88: 0 | S88: 0 | T88: 0 | U88: 0 | V88: =SUM(E88:U88) -> 2
V89: =SUM(E89:U89) -> 0
V90: =SUM(E90:U90) -> 0
A91: B | B91: JUMLAH SUARA SAH PARTAI POLITIK DAN CALON (A1 + A2) | E91: =SUM(E81:E90) -> 53 | F91: =SUM(F81:F90) -> 43 | G91: =SUM(G81:G90) -> 32 | H91: =SUM(H81:H90) -> 42 | I91: =SUM(I81:I90) -> 37 | J91: =SUM(J81:J90) -> 36 | K91: =SUM(K81:K90) -> 19 | L91: =SUM(L81:L90) -> 13 | ... V91: =SUM(V81:V90) -> 390
A93: A.1 | B93: 5. | C93: Partai NasDem | E93: 0 | F93: 1 | G93: 0 | H93: 2 | I93: 1 | J93: 0 | K93: 0 | L93: 0 | M93: 1 | N93: 3 | O93: 0 | P93: 1 | Q93: 0 | R93: 0 | S93: 0 | T93: 0 | U93: 1 | V93: =SUM(E93:U93) -> 10
A94: A.2 | B94: 1 | C94: 1. ACH. FADIL MUZAKKI SYAH | E94: 5 | F94: 10 | G94: 8 | H94: 1 | I94: 2 | J94: 7 | K94: 1 | L94: 0 | M94: 1 | N94: 1 | O94: 0 | P94: 6 | Q94: 0 | R94: 0 | S94: 0 | T94: 0 | U94: 0 | V94: =SUM(E94:U94) -> 42
B95: 2 | C95: 2. BENY | E95: 0 | F95: 1 | G95: 0 | H95: 0 | I95: 0 | J95: 0 | K95: 0 | L95: 0 | M95: 0 | N95: 0 | O95: 1 | P95: 0 | Q95: 1 | R95: 0 | S95: 1 | T95: 0 | U95: 0 | V95: =SUM(E95:U95) -> 4
B96: 3 | C96: 3. VINA VERONIKA | E96: 0 | F96: 1 | G96: 1 | H96: 0 | I96: 0 | J96: 0 | K96: 0 | L96: 0 | M96: 0 | N96: 0 | O96: 0 | P96: 0 | Q96: 0 | R96: 0 | S96: 0 | T96: 0 | U96: 0 | V96: =SUM(E96:U96) -> 2
B97: 4 | C97: 4. TEDDY ANUGRIANTO | E97: 1 | F97: 0 | G97: 0 | H97: 0 | I97: 1 | J97: 0 | K97: 0 | L97: 2 | M97: 0 | N97: 1 | O97: 0 | P97: 0 | Q97: 0 | R97: 0 | S97: 0 | T97: 0 | U97: 1 | V97: =SUM(E97:U97) -> 6
B98: 5 | C98: 5. INSAN KAMIL | E98: 0 | F98: 0 | G98: 0 | H98: 0 | I98: 0 | J98: 0 | K98: 0 | L98: 0 | M98: 0 | N98: 0 | O98: 0 | P98: 0 | Q98: 0 | R98: 0 | S98: 0 | T98: 0 | U98: 0 | V98: =SUM(E98:U98) -> 0
B99: 6 | C99: 6. LILIK LINDARWATI | E99: 0 | F99: 0 | G99: 0 | H99: 0 | I99: 0 | J99: 0 | K99: 0 | L99: 0 | M99: 0 | N99: 0 | O99: 0 | P99: 0 | Q99: 0 | R99: 0 | S99: 0 | T99: 0 | U99: 0 | V99: =SUM(E99:U99) -> 0
B100: 7 | C100: 7. YULI ANITA | E100: 0 | F100: 0 | G100: 0 | H100: 0 | I100: 0 | J100: 0 | K100: 0 | L100: 0 | M100: 0 | N100: 0 | O100: 0 | P100: 0 | Q100: 0 | R100: 0 | S100: 0 | T100: 0 | U100: 0 | V100: =SUM(E100:U100) -> 0
V101: =SUM(E101:U101) -> 0
V102: =SUM(E102:U102) -> 0
A103: B | B103: JUMLAH SUARA SAH PARTAI POLITIK DAN CALON (A1 + A2) | E103: =SUM(E93:E102) -> 6 | F103: =SUM(F93:F102) -> 13 | G103: =SUM(G93:G102) -> 9 | H103: =SUM(H93:H102) -> 3 | I103: =SUM(I93:I102) -> 4 | J103: =SUM(J93:J102) -> 7 | K103: =SUM(K93:K102) -> 1 | L103: =SUM(L93:L102) -> 2 | ... V103: =SUM(V93:V102) -> 64
A105: A.1 | B105: 6. | C105: Partai Buruh | E105: 0 | F105: 0 | G105: 0 | H105: 0 | I105: 0 | J105: 0 | K105: 0 | L105: 0 | M105: 0 | N105: 0 | O105: 0 | P105: 0 | Q105: 0 | R105: 0 | S105: 0 | V105: =SUM(E105:U105) -> 0
A106: A.2 | B106: 1 | C106: 1. KHOIRUL ANAM | E106: 0 | F106: 0 | G106: 0 | H106: 0 | I106: 0 | J106: 0 | K106: 0 | L106: 0 | M106: 0 | N106: 0 | O106: 0 | P106: 0 | Q106: 0 | R106: 0 | S106: 0 | V106: =SUM(E106:U106) -> 0
B107: 2 | C107: 2. INA KURNIA | E107: 0 | F107: 0 | G107: 0 | H107: 0 | I107: 0 | J107: 0 | K107: 0 | L107: 0 | M107: 0 | N107: 2 | O107: 0 | P107: 0 | Q107: 0 | R107: 0 | S107: 0 | V107: =SUM(E107:U107) -> 2
B108: 3 | C108: 3. JIBRAL TAROUK | E108: 0 | F108: 0 | G108: 0 | H108: 0 | I108: 0 | J108: 0 | K108: 0 | L108: 0 | M108: 0 | N108: 0 | O108: 0 | P108: 0 | Q108: 0 | R108: 0 | S108: 0 | V108: =SUM(E108:U108) -> 0
B109: 4 | C109: 4. ASTUTI DAENG PUJI | E109: 0 | F109: 0 | G109: 0 | H109: 0 | I109: 0 | J109: 0 | K109: 0 | L109: 0 | M109: 0 | N109: 0 | O109: 0 | P109: 0 | Q109: 0 | R109: 0 | S109: 0 | V109: =SUM(E109:U109) -> 0
B110: 5 | C110: 5. ASDARMAWAN | E110: 0 | F110: 0 | G110: 0 | H110: 0 | I110: 0 | J110: 0 | K110: 0 | L110: 0 | M110: 0 | N110: 0 | O110: 0 | P110: 0 | Q110: 0 | R110: 0 | S110: 0 | V110: =SUM(E110:U110) -> 0
B111: 6 | C111: 6. RIFQI MUBAROK | E111: 1 | F111: 0 | G111: 0 | H111: 0 | I111: 0 | J111: 0 | K111: 0 | L111: 0 | M111: 0 | N111: 0 | O111: 0 | P111: 0 | Q111: 0 | R111: 0 | S111: 0 | V111: =SUM(E111:U111) -> 1
B112: 7 | C112: 7. FIRNANDA ALTA MEGA | E112: 0 | F112: 1 | G112: 0 | H112: 0 | I112: 0 | J112: 0 | K112: 0 | L112: 0 | M112: 0 | N112: 0 | O112: 0 | P112: 0 | Q112: 0 | R112: 0 | S112: 0 | V112: =SUM(E112:U112) -> 1
V113: =SUM(E113:U113) -> 0
V114: =SUM(E114:U114) -> 0
A115: B | B115: JUMLAH SUARA SAH PARTAI POLITIK DAN CALON (A1 + A2) | E115: =SUM(E105:E114) -> 1 | F115: =SUM(F105:F114) -> 1 | G115: =SUM(G105:G114) -> 0 | H115: =SUM(H105:H114) -> 0 | I115: =SUM(I105:I114) -> 0 | J115: =SUM(J105:J114) -> 0 | K115: =SUM(K105:K114) -> 0 | L115: =SUM(L105:L114) -> 0 | ... V115: =SUM(V105:V114) -> 4
A117: A.1 | B117: 7. | C117: Partai Gelombang Rakyat Indonesia | E117: 0 | F117: 0 | G117: 0 | H117: 0 | I117: 0 | J117: 0 | K117: 0 | L117: 0 | M117: 0 | N117: 0 | O117: 0 | P117: 0 | Q117: 0 | R117: 0 | S117: 1 | V117: =SUM(E117:U117) -> 1
...

Sheet BENELAN KIDUL
C2: Kecamatan | D2: SINGOJURUH
C3: Kabupaten | D3: BANYUWANGI
C4: Provinsi | D4: JAWA TIMUR
C9: Kelurahan | D9: BENELAN KIDUL
A12: I | B12: DATA PEMILIH DAN PENGGUNAAN HAK PILIH | S12: JUMLAH AKHIR
A13: A | B13: DATA PEMILIH | E13: TPS 001 | F13: TPS 002 | G13: TPS 003 | H13: TPS 004 | I13: TPS 005 | J13: TPS 006 | K13: TPS 007 | L13: TPS 008 | M13: TPS 009 | N13: TPS 010 | O13: TPS 011 | P13: TPS 012 | Q13: TPS 013 | R13: TPS 014
B14: Jumlah Pemilih dalam Daftar Pemilih Tetap (DPT) | D14: LK | E14: 138 | F14: 130 | G14: 130 | H14: 146 | I14: 139 | J14: 137 | K14: 149 | L14: 133 | M14: 123 | N14: 136 | O14: 128 | P14: 107 | Q14: 127 | R14: 117 | S14: =SUM(E14:R14) -> 1840
D15: PR | E15: 126 | F15: 119 | G15: 135 | H15: 133 | I15: 129 | J15: 144 | K15: 133 | L15: 134 | M15: 115 | N15: 125 | O15: 139 | P15: 101 | Q15: 123 | R15: 112 | S15: =SUM(E15:R15) -> 1768
D16: JML | E16: =SUM(E14:E15) -> 264 | F16: =SUM(F14:F15) -> 249 | G16: =SUM(G14:G15) -> 265 | H16: =SUM(H14:H15) -> 279 | I16: =SUM(I14:I15) -> 268 | J16: =SUM(J14:J15) -> 281 | K16: =SUM(K14:K15) -> 282 | L16: =SUM(L14:L15) -> 267 | ... R16: =SUM(R14:R15) -> 229 | S16: =SUM(E16:R16) -> 3608
A18: B | B18: PENGGUNA HAK PILIH
B19: 1. | C19: Jumlah pengguna hak pilih dalam Daftar Pemilih Tetap (DPT) | D19: LK | E19: 111 | F19: 107 | G19: 102 | H19: 112 | I19: 110 | J19: 105 | K19: 117 | L19: 102 | M19: 86 | N19: 101 | O19: 93 | P19: 82 | Q19: 97 | R19: 96 | S19: =SUM(E19:R19) -> 1421
D20: PR | E20: 108 | F20: 99 | G20: 113 | H20: 114 | I20: 106 | J20: 117 | K20: 115 | L20: 108 | M20: 93 | N20: 83 | O20: 108 | P20: 78 | Q20: 107 | R20: 98 | S20: =SUM(E20:R20) -> 1447
D21: JML | E21: =SUM(E19:E20) -> 219 | F21: =SUM(F19:F20) -> 206 | G21: =SUM(G19:G20) -> 215 | H21: =SUM(H19:H20) -> 226 | I21: =SUM(I19:I20) -> 216 | J21: =SUM(J19:J20) -> 222 | K21: =SUM(K19:K20) -> 232 | L21: =SUM(L19:L20) -> 210 | ... R21: =SUM(R19:R20) -> 194 | S21: =SUM(E21:R21) -> 2868
B22: 2. | C22: Jumlah pengguna hak pilih dalam Daftar Pemilih Tambahan (DPTb) | D22: LK | E22: 0 | F22: 1 | G22: 0 | H22: 2 | I22: 1 | J22: 0 | K22: 0 | L22: 0 | M22: 1 | N22: 0 | O22: 0 | P22: 0 | Q22: 0 | R22: 0 | S22: =SUM(E22:R22) -> 5
D23: PR | E23: 0 | F23: 1 | G23: 0 | H23: 1 | I23: 2 | J23: 0 | K23: 0 | L23: 0 | M23: 1 | N23: 0 | O23: 0 | P23: 0 | Q23: 0 | R23: 0 | S23: =SUM(E23:R23) -> 5
D24: JML | E24: =SUM(E22:E23) -> 0 | F24: =SUM(F22:F23) -> 2 | G24: =SUM(G22:G23) -> 0 | H24: =SUM(H22:H23) -> 3 | I24: =SUM(I22:I23) -> 3 | J24: =SUM(J22:J23) -> 0 | K24: =SUM(K22:K23) -> 0 | L24: =SUM(L22:L23) -> 0 | ... R24: =SUM(R22:R23) -> 0 | S24: =SUM(E24:R24) -> 10
B25: 3. | C25: Jumlah pengguna hak pilih dalam Daftar Pemilih Khusus (DPK) | D25: LK | E25: 0 | F25: 4 | G25: 1 | H25: 0 | I25: 0 | J25: 0 | K25: 0 | L25: 0 | M25: 2 | N25: 0 | O25: 3 | P25: 0 | Q25: 0 | R25: 0 | S25: =SUM(E25:R25) -> 10
D26: PR | E26: 0 | F26: 6 | G26: 1 | H26: 0 | I26: 0 | J26: 2 | K26: 0 | L26: 0 | M26: 3 | N26: 0 | O26: 2 | P26: 0 | Q26: 0 | R26: 0 | S26: =SUM(E26:R26) -> 14
D27: JML | E27: =SUM(E25:E26) -> 0 | F27: =SUM(F25:F26) -> 10 | G27: =SUM(G25:G26) -> 2 | H27: =SUM(H25:H26) -> 0 | I27: =SUM(I25:I26) -> 0 | J27: =SUM(J25:J26) -> 2 | K27: =SUM(K25:K26) -> 0 | L27: =SUM(L25:L26) -> 0 | ... R27: =SUM(R25:R26) -> 0 | S27: =SUM(E27:R27) -> 24
B28: 4. | C28: Jumlah Pengguna Hak Pilih (B.1+B.2+B.3) | D28: LK | E28: =SUM(E19,E22,E25) -> 111 | F28: =SUM(F19,F22,F25) -> 112 | G28: =SUM(G19,G22,G25) -> 103 | H28: =SUM(H19,H22,H25) -> 114 | I28: =SUM(I19,I22,I25) -> 111 | J28: =SUM(J19,J22,J25) -> 105 | K28: =SUM(K19,K22,K25) -> 117 | L28: =SUM(L19,L22,L25) -> 102 | ... R28: =SUM(R19,R22,R25) -> 96 | S28: =SUM(E28:R28) -> 1436
D29: PR | E29: =SUM(E20,E23,E26) -> 108 | F29: =SUM(F20,F23,F26) -> 106 | G29: =SUM(G20,G23,G26) -> 114 | H29: =SUM(H20,H23,H26) -> 115 | I29: =SUM(I20,I23,I26) -> 108 | J29: =SUM(J20,J23,J26) -> 119 | K29: =SUM(K20,K23,K26) -> 115 | L29: =SUM(L20,L23,L26) -> 108 | ... R29: =SUM(R20,R23,R26) -> 98 | S29: =SUM(E29:R29) -> 1466
D30: JML | E30: =SUM(E28:E29) -> 219 | F30: =SUM(F28:F29) -> 218 | G30: =SUM(G28:G29) -> 217 | H30: =SUM(H28:H29) -> 229 | I30: =SUM(I28:I29) -> 219 | J30: =SUM(J28:J29) -> 224 | K30: =SUM(K28:K29) -> 232 | L30: =SUM(L28:L29) -> 210 | ... R30: =SUM(R28:R29) -> 194 | S30: =SUM(E30:R30) -> 2902
A32: II | B32: DATA PENGGUNAAN SURAT SUARA
A33: 1 | B33: Jumlah surat suara yang diterima, termasuk surat suara cadangan 2,5% dari DPT | E33: 270 | F33: 254 | G33: 271 | H33: 285 | I33: 274 | J33: 287 | K33: 290 | L33: 273 | M33: 243 | N33: 267 | O33: 273 | P33: 213 | Q33: 256 | R33: 234 | S33: =SUM(E33:R33) -> 3690
A34: 2 | B34: Jumlah surat suara yang digunakan | E34: 219 | F34: 218 | G34: 217 | H34: 229 | I34: 219 | J34: 224 | K34: 232 | L34: 210 | M34: 186 | N34: 184 | O34: 206 | P34: 160 | Q34: 204 | R34: 194 | S34: =SUM(E34:R34) -> 2902
A35: 3 | B35: Jumlah surat suara dikembalikan oleh pemilih (karena rusak atau keliru coblos) | E35: 0 | F35: 3 | G35: 4 | H35: 0 | I35: 0 | J35: 0 | K35: 0 | L35: 0 | M35: 0 | N35: 0 | O35: 0 | P35: 0 | Q35: 3 | R35: 0 | S35: =SUM(E35:R35) -> 10
A36: 4 | B36: Jumlah surat suara yang tidak digunakan/tidak terpakai, termasuk sisa surat suara cadangan | E36: =E33-(E34+E35) -> 51 | F36: =F33-(F34+F35) -> 33 | G36: =G33-(G34+G35) -> 50 | H36: =H33-(H34+H35) -> 56 | I36: =I33-(I34+I35) -> 55 | J36: =J33-(J34+J35) -> 63 | K36: =K33-(K34+K35) -> 58 | L36: =L33-(L34+L35) -> 63 | ... R36: =R33-(R34+R35) -> 40 | S36: =SUM(E36:R36) -> 778
A38: III | B38: DATA PEMILIH DISABILITAS
B39: Jumlah seluruh Pemilih disabilitas yang menggunakan hak pilih | D39: LK | E39: 0 | F39: 1 | G39: 0 | H39: 2 | I39: 0 | J39: 0 | K39: 0 | L39: 0 | M39: 0 | N39: 2 | O39: 0 | P39: 0 | Q39: 0 | R39: 0 | S39: =SUM(E39:R39) -> 5
D40: PR | E40: 0 | F40: 3 | G40: 0 | H40: 4 | I40: 0 | J40: 4 | K40: 0 | L40: 0 | M40: 0 | N40: 2 | O40: 0 | P40: 0 | Q40: 0 | R40: 0 | S40: =SUM(E40:R40) -> 13
D41: JML | E41: =SUM(E39:E40) -> 0 | F41: =SUM(F39:F40) -> 4 | G41: =SUM(G39:G40) -> 0 | H41: =SUM(H39:H40) -> 6 | I41: =SUM(I39:I40) -> 0 | J41: =SUM(J39:J40) -> 4 | K41: =SUM(K39:K40) -> 0 | L41: =SUM(L39:L40) -> 0 | ... R41: =SUM(R39:R40) -> 0 | S41: =SUM(E41:R41) -> 18
A43: IV | B43: DATA RINCIAN PEROLEHAN SUARA PASANGAN CALON BUPATI DAN WAKIL BUPATI
A44: NOMOR DAN NAMA CALON
A45: A.1 | B45: 1. | C45: Partai Kebangkitan Bangsa | E45: 6 | F45: 13 | G45: 5 | H45: 2 | I45: 6 | J45: 9 | K45: 10 | L45: 12 | M45: 9 | N45: 7 | O45: 2 | P45: 4 | Q45: 7 | R45: 4 | S45: =SUM(E45:R45) -> 96
A46: A.2 | B46: 1 | C46: 1. Dr. Hj. NIHAYATUL WAFIROH, M.A. | E46: 17 | F46: 36 | G46: 14 | H46: 8 | I46: 7 | J46: 20 | K46: 25 | L46: 15 | M46: 23 | N46: 7 | O46: 8 | P46: 10 | Q46: 11 | R46: 5 | S46: =SUM(E46:R46) -> 206
B47: 2 | C47: 2. H. M. NASIM KHAN | E47: 0 | F47: 1 | G47: 5 | H47: 1 | I47: 3 | J47: 8 | K47: 5 | L47: 4 | M47: 0 | N47: 10 | O47: 6 | P47: 4 | Q47: 4 | R47: 1 | S47: =SUM(E47:R47) -> 52
B48: 3 | C48: 3. Dr. H. AKIK ZAMAN, M.Pd.I. | E48: 0 | F48: 0 | G48: 0 | H48: 0 | I48: 1 | J48: 3 | K48: 1 | L48: 0 | M48: 0 | N48: 0 | O48: 1 | P48: 0 | Q48: 1 | R48: 0 | S48: =SUM(E48:R48) -> 7
B49: 4 | C49: 4. AHMAD RIFA'I, S.H. | E49: 0 | F49: 0 | G49: 0 | H49: 0 | I49: 1 | J49: 0 | K49: 0 | L49: 1 | M49: 0 | N49: 1 | O49: 1 | P49: 1 | Q49: 0 | R49: 0 | S49: =SUM(E49:R49) -> 5
B50: 5 | C50: 5. Drs. H. MAHFUD M.N. | E50: 1 | F50: 1 | G50: 0 | H50: 0 | I50: 0 | J50: 1 | K50: 1 | L50: 1 | M50: 0 | N50: 3 | O50: 2 | P50: 3 | Q50: 0 | R50: 1 | S50: =SUM(E50:R50) -> 14
B51: 6 | C51: 6. NURHAYATI, S.Pd. | E51: 1 | F51: 1 | G51: 0 | H51: 0 | I51: 1 | J51: 0 | K51: 0 | L51: 0 | M51: 0 | N51: 0 | O51: 0 | P51: 0 | Q51: 1 | R51: 0 | S51: =SUM(E51:R51) -> 4
B52: 7 | C52: 7. MAFTUHA KISWAH | E52: 0 | F52: 0 | G52: 0 | H52: 0 | I52: 0 | J52: 0 | K52: 0 | L52: 0 | M52: 0 | N52: 0 | O52: 0 | P52: 0 | Q52: 0 | R52: 0 | S52: =SUM(E52:R52) -> 0
S53: =SUM(E53:R53) -> 0
S54: =SUM(E54:R54) -> 0
A55: B | B55: JUMLAH SUARA SAH PARTAI POLITIK DAN CALON (A1 + A2) | E55: =SUM(E45:E54) -> 25 | F55: =SUM(F45:F54) -> 52 | G55: =SUM(G45:G54) -> 24 | H55: =SUM(H45:H54) -> 11 | I55: =SUM(I45:I54) -> 19 | J55: =SUM(J45:J54) -> 41 | K55: =SUM(K45:K54) -> 42 | L55: =SUM(L45:L54) -> 33 | ... S55: =SUM(S45:S54) -> 384
A57: A.1 | B57: 2. | C57: Partai Gerakan Indonesia Raya | E57: 2 | F57: 9 | G57: 3 | H57: 11 | I57: 14 | J57: 11 | K57: 15 | L57: 7 | M57: 3 | N57: 20 | O57: 13 | P57: 6 | Q57: 7 | R57: 9 | S57: =SUM(E57:R57) -> 130
A58: A.2 | B58: 1 | C58: 1. SUMAIL ABDULLAH | E58: 4 | F58: 5 | G58: 6 | H58: 22 | I58: 20 | J58: 18 | K58: 14 | L58: 0 | M58: 3 | N58: 4 | O58: 15 | P58: 16 | Q58: 12 | R58: 7 | S58: =SUM(E58:R58) -> 146
B59: 2 | C59: 2. MUHAMMAD ALI ADRIAN SALEH | E59: 0 | F59: 1 | G59: 2 | H59: 6 | I59: 2 | J59: 11 | K59: 35 | L59: 63 | M59: 41 | N59: 59 | O59: 17 | P59: 10 | Q59: 12 | R59: 8 | S59: =SUM(E59:R59) -> 267
B60: 3 | C60: 3. DURROTUN NAFISAH | E60: 0 | F60: 1 | G60: 3 | H60: 3 | I60: 1 | J60: 1 | K60: 2 | L60: 1 | M60: 2 | N60: 2 | O60: 0 | P60: 0 | Q60: 1 | R60: 0 | S60: =SUM(E60:R60) -> 17
B61: 4 | C61: 4. H. EKO SUSILO NURHIDAYAT | E61: 0 | F61: 0 | G61: 0 | H61: 2 | I61: 1 | J61: 0 | K61: 2 | L61: 1 | M61: 0 | N61: 0 | O61: 3 | P61: 2 | Q61: 2 | R61: 1 | S61: =SUM(E61:R61) -> 14
B62: 5 | C62: 5. KARNADI HARIJANTO, S.S. | E62: 0 | F62: 0 | G62: 0 | H62: 2 | I62: 0 | J62: 0 | K62: 0 | L62: 0 | M62: 0 | N62: 0 | O62: 0 | P62: 0 | Q62: 1 | R62: 0 | S62: =SUM(E62:R62) -> 3
B63: 6 | C63: 6. NURHAYATI | E63: 0 | F63: 0 | G63: 0 | H63: 1 | I63: 0 | J63: 0 | K63: 0 | L63: 0 | M63: 0 | N63: 0 | O63: 0 | P63: 0 | Q63: 0 | R63: 1 | S63: =SUM(E63:R63) -> 2
B64: 7 | C64: 7. MASHUDI | E64: 0 | F64: 1 | G64: 0 | H64: 1 | I64: 1 | J64: 3 | K64: 0 | L64: 0 | M64: 0 | N64: 0 | O64: 0 | P64: 0 | Q64: 0 | R64: 0 | S64: =SUM(E64:R64) -> 6
S65: =SUM(E65:R65) -> 0
S66: =SUM(E66:R66) -> 0
A67: B | B67: JUMLAH SUARA SAH PARTAI POLITIK DAN CALON (A1 + A2) | E67: =SUM(E57:E66) -> 6 | F67: =SUM(F57:F66) -> 17 | G67: =SUM(G57:G66) -> 14 | H67: =SUM(H57:H66) -> 48 | I67: =SUM(I57:I66) -> 39 | J67: =SUM(J57:J66) -> 44 | K67: =SUM(K57:K66) -> 68 | L67: =SUM(L57:L66) -> 72 | ... S67: =SUM(S57:S66) -> 585
A69: A.1 | B69: 3. | C69: Partai Demokrasi Indonesia Perjuangan | E69: 12 | F69: 21 | G69: 21 | H69: 16 | I69: 14 | J69: 8 | K69: 10 | L69: 11 | M69: 4 | N69: 9 | O69: 9 | P69: 7 | Q69: 4 | R69: 11 | S69: =SUM(E69:R69) -> 157
A70: A.2 | B70: 1 | C70: 1. SONNY TRI DANAPARAMITA, S.H., M.H. | E70: 89 | F70: 82 | G70: 91 | H70: 7 | I70: 2 | J70: 2 | K70: 2 | L70: 3 | M70: 4 | N70: 6 | O70: 3 | P70: 2 | Q70: 5 | R70: 0 | S70: =SUM(E70:R70) -> 298
B71: 2 | C71: 2. H. MOHAMAD GUNTUR ROMLI | E71: 1 | F71: 3 | G71: 1 | H71: 10 | I71: 5 | J71: 9 | K71: 2 | L71: 2 | M71: 0 | N71: 4 | O71: 7 | P71: 2 | Q71: 0 | R71: 6 | S71: =SUM(E71:R71) -> 52
B72: 3 | C72: 3. INA AMMANIA | E72: 1 | F72: 1 | G72: 0 | H72: 61 | I72: 24 | J72: 35 | K72: 28 | L72: 31 | M72: 57 | N72: 4 | O72: 37 | P72: 40 | Q72: 50 | R72: 29 | S72: =SUM(E72:R72) -> 398
B73: 4 | C73: 4. IRWAN BACHTIAR RACHMAT, M.Si. | E73: 0 | F73: 0 | G73: 0 | H73: 0 | I73: 0 | J73: 2 | K73: 0 | L73: 0 | M73: 0 | N73: 0 | O73: 0 | P73: 0 | Q73: 1 | R73: 0 | S73: =SUM(E73:R73) -> 3
B74: 5 | C74: 5. LUCKY PERDANA | E74: 1 | F74: 0 | G74: 0 | H74: 14 | I74: 29 | J74: 15 | K74: 36 | L74: 1 | M74: 1 | N74: 0 | O74: 11 | P74: 10 | Q74: 4 | R74: 17 | S74: =SUM(E74:R74) -> 139
B75: 6 | C75: 6. WIWIK PUJIYATI | E75: 1 | F75: 0 | G75: 0 | H75: 0 | I75: 0 | J75: 0 | K75: 0 | L75: 0 | M75: 0 | N75: 0 | O75: 0 | P75: 1 | Q75: 0 | R75: 0 | S75: =SUM(E75:R75) -> 2
B76: 7 | C76: 7. CHANDRA ASTAN, S.T. | E76: 0 | F76: 0 | G76: 0 | H76: 10 | I76: 9 | J76: 2 | K76: 0 | L76: 0 | M76: 0 | N76: 0 | O76: 0 | P76: 0 | Q76: 0 | R76: 1 | S76: =SUM(E76:R76) -> 22
S77: =SUM(E77:R77) -> 0
S78: =SUM(E78:R78) -> 0
A79: B | B79: JUMLAH SUARA SAH PARTAI POLITIK DAN CALON (A1 + A2) | E79: =SUM(E69:E78) -> 105 | F79: =SUM(F69:F78) -> 107 | G79: =SUM(G69:G78) -> 113 | H79: =SUM(H69:H78) -> 118 | I79: =SUM(I69:I78) -> 83 | J79: =SUM(J69:J78) -> 73 | K79: =SUM(K69:K78) -> 78 | L79: =SUM(L69:L78) -> 48 | ... S79: =SUM(S69:S78) -> 1071
A81: A.1 | B81: 4. | C81: Partai Golongan Karya | E81: 4 | F81: 4 | G81: 2 | H81: 0 | I81: 3 | J81: 2 | K81: 0 | L81: 4 | M81: 1 | N81: 3 | O81: 3 | P81: 1 | Q81: 2 | R81: 5 | S81: =SUM(E81:R81) -> 34
A82: A.2 | B82: 1 | C82: 1. ZULFIKAR ARSE SADIKIN, S.I.P., M.Si. | E82: 58 | F82: 19 | G82: 29 | H82: 2 | I82: 1 | J82: 4 | K82: 9 | L82: 2 | M82: 2 | N82: 2 | O82: 2 | P82: 3 | Q82: 10 | R82: 3 | S82: =SUM(E82:R82) -> 146
B83: 2 | C83: 2. HANDOKO | E83: 1 | F83: 1 | G83: 1 | H83: 2 | I83: 0 | J83: 4 | K83: 2 | L83: 5 | M83: 3 | N83: 0 | O83: 2 | P83: 1 | Q83: 3 | R83: 1 | S83: =SUM(E83:R83) -> 26
B84: 3 | C84: 3. Hj. OVI DEWI YANTI | E84: 0 | F84: 0 | G84: 1 | H84: 1 | I84: 0 | J84: 0 | K84: 2 | L84: 0 | M84: 0 | N84: 1 | O84: 0 | P84: 0 | Q84: 0 | R84: 0 | S84: =SUM(E84:R84) -> 5
B85: 4 | C85: 4. Ir. AZAM AZMAN NATAWIJANA | E85: 1 | F85: 1 | G85: 0 | H85: 0 | I85: 0 | J85: 0 | K85: 0 | L85: 0 | M85: 0 | N85: 0 | O85: 0 | P85: 0 | Q85: 1 | R85: 1 | S85: =SUM(E85:R85) -> 4
B86: 5 | C86: 5. UBAIDILLAH AMIN, S.Kom. | E86: 0 | F86: 0 | G86: 0 | H86: 1 | I86: 0 | J86: 0 | K86: 0 | L86: 0 | M86: 0 | N86: 0 | O86: 0 | P86: 2 | Q86: 1 | R86: 1 | S86: =SUM(E86:R86) -> 5
B87: 6 | C87: 6. DENNY YUNIANDARI, S.H., M.Kn. | E87: 0 | F87: 1 | G87: 0 | H87: 0 | I87: 0 | J87: 0 | K87: 0 | L87: 0 | M87: 0 | N87: 0 | O87: 0 | P87: 0 | Q87: 1 | R87: 0 | S87: =SUM(E87:R87) -> 2
B88: 7 | C88: 7. ERNADI, S.H.I. | E88: 0 | F88: 0 | G88: 0 | H88: 0 | I88: 0 | J88: 0 | K88: 0 | L88: 0 | M88: 0 | N88: 0 | O88: 0 | P88: 0 | Q88: 0 | R88: 0 | S88: =SUM(E88:R88) -> 0
S89: =SUM(E89:R89) -> 0
S90: =SUM(E90:R90) -> 0
A91: B | B91: JUMLAH SUARA SAH PARTAI POLITIK DAN CALON (A1 + A2) | E91: =SUM(E81:E90) -> 64 | F91: =SUM(F81:F90) -> 26 | G91: =SUM(G81:G90) -> 33 | H91: =SUM(H81:H90) -> 6 | I91: =SUM(I81:I90) -> 4 | J91: =SUM(J81:J90) -> 10 | K91: =SUM(K81:K90) -> 13 | L91: =SUM(L81:L90) -> 11 | ... S91: =SUM(S81:S90) -> 222
A93: A.1 | B93: 5. | C93: Partai NasDem | E93: 0 | F93: 1 | G93: 5 | H93: 1 | I93: 3 | J93: 1 | K93: 1 | L93: 0 | M93: 0 | N93: 1 | O93: 1 | P93: 1 | Q93: 0 | R93: 2 | S93: =SUM(E93:R93) -> 17
A94: A.2 | B94: 1 | C94: 1. ACH. FADIL MUZAKKI SYAH | E94: 0 | F94: 0 | G94: 0 | H94: 0 | I94: 1 | J94: 0 | K94: 1 | L94: 0 | M94: 0 | N94: 0 | O94: 0 | P94: 0 | Q94: 0 | R94: 0 | S94: =SUM(E94:R94) -> 2
B95: 2 | C95: 2. BENY | E95: 0 | F95: 0 | G95: 0 | H95: 0 | I95: 19 | J95: 19 | K95: 0 | L95: 0 | M95: 1 | N95: 1 | O95: 7 | P95: 6 | Q95: 4 | R95: 2 | S95: =SUM(E95:R95) -> 59
B96: 3 | C96: 3. VINA VERONIKA | E96: 0 | F96: 0 | G96: 0 | H96: 0 | I96: 0 | J96: 0 | K96: 0 | L96: 0 | M96: 0 | N96: 0 | O96: 0 | P96: 0 | Q96: 0 | R96: 0 | S96: =SUM(E96:R96) -> 0
B97: 4 | C97: 4. TEDDY ANUGRIANTO | E97: 0 | F97: 1 | G97: 3 | H97: 1 | I97: 8 | J97: 2 | K97: 0 | L97: 1 | M97: 1 | N97: 0 | O97: 0 | P97: 0 | Q97: 0 | R97: 1 | S97: =SUM(E97:R97) -> 18
B98: 5 | C98: 5. INSAN KAMIL | E98: 0 | F98: 0 | G98: 0 | H98: 0 | I98: 0 | J98: 0 | K98: 0 | L98: 0 | M98: 0 | N98: 1 | O98: 1 | P98: 0 | Q98: 0 | R98: 0 | S98: =SUM(E98:R98) -> 2
B99: 6 | C99: 6. LILIK LINDARWATI | E99: 0 | F99: 1 | G99: 0 | H99: 0 | I99: 0 | J99: 0 | K99: 0 | L99: 0 | M99: 0 | N99: 0 | O99: 0 | P99: 0 | Q99: 0 | R99: 0 | S99: =SUM(E99:R99) -> 1
B100: 7 | C100: 7. YULI ANITA | E100: 0 | F100: 1 | G100: 0 | H100: 0 | I100: 0 | J100: 0 | K100: 0 | L100: 0 | M100: 0 | N100: 0 | O100: 0 | P100: 0 | Q100: 0 | R100: 0 | S100: =SUM(E100:R100) -> 1
S101: =SUM(E101:R101) -> 0
S102: =SUM(E102:R102) -> 0
A103: B | B103: JUMLAH SUARA SAH PARTAI POLITIK DAN CALON (A1 + A2) | E103: =SUM(E93:E102) -> 0 | F103: =SUM(F93:F102) -> 4 | G103: =SUM(G93:G102) -> 8 | H103: =SUM(H93:H102) -> 2 | I103: =SUM(I93:I102) -> 31 | J103: =SUM(J93:J102) -> 22 | K103: =SUM(K93:K102) -> 2 | L103: =SUM(L93:L102) -> 1 | ... S103: =SUM(S93:S102) -> 100
A105: A.1 | B105: 6. | C105: Partai Buruh | E105: 0 | F105: 0 | G105: 0 | H105: 0 | I105: 0 | J105: 0 | K105: 0 | L105: 0 | M105: 1 | N105: 0 | O105: 0 | P105: 0 | Q105: 0 | R105: 0 | S105: =SUM(E105:R105) -> 1
A106: A.2 | B106: 1 | C106: 1. KHOIRUL ANAM | E106: 0 | F106: 0 | G106: 0 | H106: 0 | I106: 0 | J106: 0 | K106: 0 | L106: 0 | M106: 0 | N106: 0 | O106: 0 | P106: 0 | Q106: 0 | R106: 0 | S106: =SUM(E106:R106) -> 0
B107: 2 | C107: 2. INA KURNIA | E107: 0 | F107: 0 | G107: 0 | H107: 0 | I107: 0 | J107: 0 | K107: 0 | L107: 0 | M107: 0 | N107: 0 | O107: 0 | P107: 1 | Q107: 0 | R107: 0 | S107: =SUM(E107:R107) -> 1
B108: 3 | C108: 3. JIBRAL TAROUK | E108: 0 | F108: 0 | G108: 0 | H108: 0 | I108: 0 | J108: 0 | K108: 0 | L108: 0 | M108: 0 | N108: 0 | O108: 0 | P108: 0 | Q108: 0 | R108: 0 | S108: =SUM(E108:R108) -> 0
B109: 4 | C109: 4. ASTUTI DAENG PUJI | E109: 0 | F109: 0 | G109: 0 | H109: 0 | I109: 0 | J109: 0 | K109: 0 | L109: 0 | M109: 0 | N109: 0 | O109: 0 | P109: 0 | Q109: 0 | R109: 0 | S109: =SUM(E109:R109) -> 0
B110: 5 | C110: 5. ASDARMAWAN | E110: 0 | F110: 0 | G110: 0 | H110: 0 | I110: 0 | J110: 0 | K110: 0 | L110: 0 | M110: 0 | N110: 0 | O110: 0 | P110: 0 | Q110: 0 | R110: 0 | S110: =SUM(E110:R110) -> 0
B111: 6 | C111: 6. RIFQI MUBAROK | E111: 0 | F111: 0 | G111: 0 | H111: 0 | I111: 0 | J111: 0 | K111: 0 | L111: 0 | M111: 0 | N111: 0 | O111: 0 | P111: 0 | Q111: 0 | R111: 0 | S111: =SUM(E111:R111) -> 0
B112: 7 | C112: 7. FIRNANDA ALTA MEGA | E112: 0 | F112: 0 | G112: 0 | H112: 0 | I112: 0 | J112: 0 | K112: 0 | L112: 0 | M112: 0 | N112: 0 | O112: 0 | P112: 0 | Q112: 0 | R112: 0 | S112: =SUM(E112:R112) -> 0
S113: =SUM(E113:R113) -> 0
S114: =SUM(E114:R114) -> 0
A115: B | B115: JUMLAH SUARA SAH PARTAI POLITIK DAN CALON (A1 + A2) | E115: =SUM(E105:E114) -> 0 | F115: =SUM(F105:F114) -> 0 | G115: =SUM(G105:G114) -> 0 | H115: =SUM(H105:H114) -> 0 | I115: =SUM(I105:I114) -> 0 | J115: =SUM(J105:J114) -> 0 | K115: =SUM(K105:K114) -> 0 | L115: =SUM(L105:L114) -> 0 | ... S115: =SUM(S105:S114) -> 2
A117: A.1 | B117: 7. | C117: Partai Gelombang Rakyat Indonesia | E117: 0 | F117: 0 | G117: 1 | H117: 0 | I117: 2 | J117: 0 | K117: 0 | L117: 0 | M117: 0 | N117: 0 | O117: 0 | P117: 0 | Q117: 0 | R117: 0 | S117: =SUM(E117:R117) -> 3
...

Sheet CANTUK
C2: Kecamatan | D2: SINGOJURUH
C3: Kabupaten | D3: BANYUWANGI
C4: Provinsi | D4: JAWA TIMUR
C9: Kelurahan | D9: CANTUK
A12: I | B12: DATA PEMILIH DAN PENGGUNAAN HAK PILIH | T12: JUMLAH AKHIR
A13: A | B13: DATA PEMILIH | E13: TPS 001 | F13: TPS 002 | G13: TPS 003 | H13: TPS 004 | I13: TPS 005 | J13: TPS 006 | K13: TPS 007 | L13: TPS 008 | M13: TPS 009 | N13: TPS 010 | O13: TPS 011 | P13: TPS 012 | Q13: TPS 013 | R13: TPS 014 | S13: TPS 015
B14: Jumlah Pemilih dalam Daftar Pemilih Tetap (DPT) | D14: LK | E14: 135 | F14: 130 | G14: 131 | H14: 142 | I14: 130 | J14: 128 | K14: 127 | L14: 118 | M14: 126 | N14: 132 | O14: 97 | P14: 102 | Q14: 131 | R14: 118 | S14: 124 | T14: =SUM(E14:S14) -> 1871
D15: PR | E15: 136 | F15: 128 | G15: 126 | H15: 128 | I15: 129 | J15: 134 | K15: 121 | L15: 131 | M15: 129 | N15: 152 | O15: 107 | P15: 111 | Q15: 124 | R15: 125 | S15: 117 | T15: =SUM(E15:S15) -> 1898
D16: JML | E16: =SUM(E14:E15) -> 271 | F16: =SUM(F14:F15) -> 258 | G16: =SUM(G14:G15) -> 257 | H16: =SUM(H14:H15) -> 270 | I16: =SUM(I14:I15) -> 259 | J16: =SUM(J14:J15) -> 262 | K16: =SUM(K14:K15) -> 248 | L16: =SUM(L14:L15) -> 249 | ... S16: =SUM(S14:S15) -> 241 | T16: =SUM(E16:S16) -> 3769
A18: B | B18: PENGGUNA HAK PILIH
B19: 1. | C19: Jumlah pengguna hak pilih dalam Daftar Pemilih Tetap (DPT) | D19: LK | E19: 92 | F19: 99 | G19: 93 | H19: 104 | I19: 99 | J19: 101 | K19: 98 | L19: 92 | M19: 82 | N19: 87 | O19: 64 | P19: 71 | Q19: 91 | R19: 90 | S19: 104 | T19: =SUM(E19:S19) -> 1367
D20: PR | E20: 110 | F20: 102 | G20: 97 | H20: 104 | I20: 108 | J20: 111 | K20: 96 | L20: 108 | M20: 89 | N20: 109 | O20: 89 | P20: 84 | Q20: 108 | R20: 104 | S20: 98 | T20: =SUM(E20:S20) -> 1517
D21: JML | E21: =SUM(E19:E20) -> 202 | F21: =SUM(F19:F20) -> 201 | G21: =SUM(G19:G20) -> 190 | H21: =SUM(H19:H20) -> 208 | I21: =SUM(I19:I20) -> 207 | J21: =SUM(J19:J20) -> 212 | K21: =SUM(K19:K20) -> 194 | L21: =SUM(L19:L20) -> 200 | ... S21: =SUM(S19:S20) -> 202 | T21: =SUM(E21:S21) -> 2884
B22: 2. | C22: Jumlah pengguna hak pilih dalam Daftar Pemilih Tambahan (DPTb) | D22: LK | E22: 0 | F22: 0 | G22: 1 | H22: 0 | I22: 0 | J22: 0 | K22: 0 | L22: 0 | M22: 0 | N22: 0 | O22: 2 | P22: 0 | Q22: 1 | R22: 1 | S22: 2 | T22: =SUM(E22:S22) -> 7
D23: PR | E23: 1 | F23: 0 | G23: 0 | H23: 1 | I23: 0 | J23: 0 | K23: 0 | L23: 2 | M23: 1 | N23: 0 | O23: 0 | P23: 1 | Q23: 1 | R23: 1 | S23: 2 | T23: =SUM(E23:S23) -> 10
D24: JML | E24: =SUM(E22:E23) -> 1 | F24: =SUM(F22:F23) -> 0 | G24: =SUM(G22:G23) -> 1 | H24: =SUM(H22:H23) -> 1 | I24: =SUM(I22:I23) -> 0 | J24: =SUM(J22:J23) -> 0 | K24: =SUM(K22:K23) -> 0 | L24: =SUM(L22:L23) -> 2 | ... S24: =SUM(S22:S23) -> 4 | T24: =SUM(E24:S24) -> 17
B25: 3. | C25: Jumlah pengguna hak pilih dalam Daftar Pemilih Khusus (DPK) | D25: LK | E25: 1 | F25: 0 | G25: 0 | H25: 0 | I25: 1 | J25: 0 | K25: 0 | L25: 0 | M25: 1 | N25: 2 | O25: 2 | P25: 0 | Q25: 1 | R25: 1 | S25: 0 | T25: =SUM(E25:S25) -> 9
D26: PR | E26: 2 | F26: 0 | G26: 0 | H26: 0 | I26: 1 | J26: 0 | K26: 2 | L26: 1 | M26: 0 | N26: 1 | O26: 1 | P26: 1 | Q26: 0 | R26: 0 | S26: 0 | T26: =SUM(E26:S26) -> 9
D27: JML | E27: =SUM(E25:E26) -> 3 | F27: =SUM(F25:F26) -> 0 | G27: =SUM(G25:G26) -> 0 | H27: =SUM(H25:H26) -> 0 | I27: =SUM(I25:I26) -> 2 | J27: =SUM(J25:J26) -> 0 | K27: =SUM(K25:K26) -> 2 | L27: =SUM(L25:L26) -> 1 | ... S27: =SUM(S25:S26) -> 0 | T27: =SUM(E27:S27) -> 18
B28: 4. | C28: Jumlah Pengguna Hak Pilih (B.1+B.2+B.3) | D28: LK | E28: =SUM(E19,E22,E25) -> 93 | F28: =SUM(F19,F22,F25) -> 99 | G28: =SUM(G19,G22,G25) -> 94 | H28: =SUM(H19,H22,H25) -> 104 | I28: =SUM(I19,I22,I25) -> 100 | J28: =SUM(J19,J22,J25) -> 101 | K28: =SUM(K19,K22,K25) -> 98 | L28: =SUM(L19,L22,L25) -> 92 | ... S28: =SUM(S19,S22,S25) -> 106 | T28: =SUM(E28:S28) -> 1383
D29: PR | E29: =SUM(E20,E23,E26) -> 113 | F29: =SUM(F20,F23,F26) -> 102 | G29: =SUM(G20,G23,G26) -> 97 | H29: =SUM(H20,H23,H26) -> 105 | I29: =SUM(I20,I23,I26) -> 109 | J29: =SUM(J20,J23,J26) -> 111 | K29: =SUM(K20,K23,K26) -> 98 | L29: =SUM(L20,L23,L26) -> 111 | ... S29: =SUM(S20,S23,S26) -> 100 | T29: =SUM(E29:S29) -> 1536
D30: JML | E30: =SUM(E28:E29) -> 206 | F30: =SUM(F28:F29) -> 201 | G30: =SUM(G28:G29) -> 191 | H30: =SUM(H28:H29) -> 209 | I30: =SUM(I28:I29) -> 209 | J30: =SUM(J28:J29) -> 212 | K30: =SUM(K28:K29) -> 196 | L30: =SUM(L28:L29) -> 203 | ... S30: =SUM(S28:S29) -> 206 | T30: =SUM(E30:S30) -> 2919
A32: II | B32: DATA PENGGUNAAN SURAT SUARA
A33: 1 | B33: Jumlah surat suara yang diterima, termasuk surat suara cadangan 2,5% dari DPT | E33: 277 | F33: 254 | G33: 263 | H33: 266 | I33: 255 | J33: 268 | K33: 233 | L33: 244 | M33: 250 | N33: 279 | O33: 209 | P33: 218 | Q33: 250 | R33: 239 | S33: 236 | T33: =SUM(E33:S33) -> 3741
A34: 2 | B34: Jumlah surat suara yang digunakan | E34: 206 | F34: 201 | G34: 191 | H34: 209 | I34: 209 | J34: 212 | K34: 196 | L34: 203 | M34: 173 | N34: 199 | O34: 158 | P34: 157 | Q34: 202 | R34: 197 | S34: 206 | T34: =SUM(E34:S34) -> 2919
A35: 3 | B35: Jumlah surat suara dikembalikan oleh pemilih (karena rusak atau keliru coblos) | E35: 8 | F35: 0 | G35: 0 | H35: 0 | I35: 0 | J35: 1 | K35: 0 | L35: 0 | M35: 0 | N35: 1 | O35: 0 | P35: 0 | Q35: 0 | T35: =SUM(E35:S35) -> 10
A36: 4 | B36: Jumlah surat suara yang tidak digunakan/tidak terpakai, termasuk sisa surat suara cadangan | E36: =E33-(E34+E35) -> 63 | F36: =F33-(F34+F35) -> 53 | G36: =G33-(G34+G35) -> 72 | H36: =H33-(H34+H35) -> 57 | I36: =I33-(I34+I35) -> 46 | J36: =J33-(J34+J35) -> 55 | K36: =K33-(K34+K35) -> 37 | L36: =L33-(L34+L35) -> 41 | ... S36: =S33-(S34+S35) -> 30 | T36: =SUM(E36:S36) -> 812
A38: III | B38: DATA PEMILIH DISABILITAS
B39: Jumlah seluruh Pemilih disabilitas yang menggunakan hak pilih | D39: LK | T39: =SUM(E39:S39) -> 0
D40: PR | T40: =SUM(E40:S40) -> 0
D41: JML | E41: =SUM(E39:E40) -> 0 | F41: =SUM(F39:F40) -> 0 | G41: =SUM(G39:G40) -> 0 | H41: =SUM(H39:H40) -> 0 | I41: =SUM(I39:I40) -> 0 | J41: =SUM(J39:J40) -> 0 | K41: =SUM(K39:K40) -> 0 | L41: =SUM(L39:L40) -> 0 | ... S41: =SUM(S39:S40) -> 0 | T41: =SUM(E41:S41) -> 0
A43: IV | B43: DATA RINCIAN PEROLEHAN SUARA PASANGAN CALON BUPATI DAN WAKIL BUPATI
A44: NOMOR DAN NAMA CALON
A45: A.1 | B45: 1. | C45: Partai Kebangkitan Bangsa | E45: 11 | F45: 0 | G45: 8 | H45: 2 | I45: 5 | J45: 5 | K45: 11 | L45: 4 | M45: 4 | N45: 1 | O45: 9 | P45: 12 | Q45: 4 | R45: 9 | S45: 5 | T45: =SUM(E45:S45) -> 90
A46: A.2 | B46: 1 | C46: 1. Dr. Hj. NIHAYATUL WAFIROH, M.A. | E46: 1 | F46: 3 | G46: 2 | H46: 5 | I46: 4 | J46: 27 | K46: 9 | L46: 11 | M46: 8 | N46: 11 | O46: 16 | P46: 18 | Q46: 29 | R46: 50 | S46: 18 | T46: =SUM(E46:S46) -> 212
B47: 2 | C47: 2. H. M. NASIM KHAN | E47: 1 | F47: 0 | G47: 0 | H47: 1 | I47: 2 | J47: 5 | K47: 1 | L47: 3 | M47: 3 | N47: 1 | O47: 3 | P47: 1 | Q47: 2 | R47: 4 | S47: 6 | T47: =SUM(E47:S47) -> 33
B48: 3 | C48: 3. Dr. H. AKIK ZAMAN, M.Pd.I. | E48: 0 | F48: 1 | G48: 0 | H48: 0 | I48: 0 | J48: 2 | K48: 0 | L48: 0 | M48: 0 | N48: 1 | O48: 0 | P48: 0 | Q48: 0 | R48: 0 | S48: 0 | T48: =SUM(E48:S48) -> 4
B49: 4 | C49: 4. AHMAD RIFA'I, S.H. | E49: 0 | F49: 0 | G49: 0 | H49: 0 | I49: 0 | J49: 2 | K49: 1 | L49: 0 | M49: 0 | N49: 0 | O49: 0 | P49: 0 | Q49: 0 | R49: 1 | S49: 0 | T49: =SUM(E49:S49) -> 4
B50: 5 | C50: 5. Drs. H. MAHFUD M.N. | E50: 0 | F50: 0 | G50: 0 | H50: 0 | I50: 0 | J50: 1 | K50: 0 | L50: 1 | M50: 0 | N50: 0 | O50: 3 | P50: 0 | Q50: 1 | R50: 0 | S50: 0 | T50: =SUM(E50:S50) -> 6
B51: 6 | C51: 6. NURHAYATI, S.Pd. | E51: 0 | F51: 0 | G51: 0 | H51: 0 | I51: 0 | J51: 1 | K51: 0 | L51: 0 | M51: 0 | N51: 0 | O51: 0 | P51: 0 | Q51: 0 | R51: 0 | S51: 1 | T51: =SUM(E51:S51) -> 2
B52: 7 | C52: 7. MAFTUHA KISWAH | E52: 0 | F52: 0 | G52: 2 | H52: 0 | I52: 0 | J52: 0 | K52: 0 | L52: 0 | M52: 0 | N52: 0 | O52: 0 | P52: 0 | Q52: 0 | R52: 0 | S52: 1 | T52: =SUM(E52:S52) -> 3
T53: =SUM(E53:S53) -> 0
T54: =SUM(E54:S54) -> 0
A55: B | B55: JUMLAH SUARA SAH PARTAI POLITIK DAN CALON (A1 + A2) | E55: =SUM(E45:E54) -> 13 | F55: =SUM(F45:F54) -> 4 | G55: =SUM(G45:G54) -> 12 | H55: =SUM(H45:H54) -> 8 | I55: =SUM(I45:I54) -> 11 | J55: =SUM(J45:J54) -> 43 | K55: =SUM(K45:K54) -> 22 | L55: =SUM(L45:L54) -> 19 | ... T55: =SUM(T45:T54) -> 354
A57: A.1 | B57: 2. | C57: Partai Gerakan Indonesia Raya | E57: 16 | F57: 14 | G57: 11 | H57: 14 | I57: 11 | J57: 9 | K57: 8 | L57: 12 | M57: 13 | N57: 9 | O57: 9 | P57: 13 | Q57: 5 | R57: 3 | S57: 8 | T57: =SUM(E57:S57) -> 155
A58: A.2 | B58: 1 | C58: 1. SUMAIL ABDULLAH | E58: 57 | F58: 82 | G58: 70 | H58: 100 | I58: 79 | J58: 78 | K58: 65 | L58: 47 | M58: 40 | N58: 56 | O58: 9 | P58: 20 | Q58: 33 | R58: 22 | S58: 19 | T58: =SUM(E58:S58) -> 777
B59: 2 | C59: 2. MUHAMMAD ALI ADRIAN SALEH | E59: 1 | F59: 9 | G59: 3 | H59: 10 | I59: 6 | J59: 9 | K59: 3 | L59: 5 | M59: 2 | N59: 10 | O59: 5 | P59: 2 | Q59: 2 | R59: 1 | S59: 3 | T59: =SUM(E59:S59) -> 71
B60: 3 | C60: 3. DURROTUN NAFISAH | E60: 3 | F60: 0 | G60: 0 | H60: 0 | I60: 1 | J60: 3 | K60: 0 | L60: 1 | M60: 0 | N60: 0 | O60: 1 | P60: 0 | Q60: 20 | R60: 1 | S60: 6 | T60: =SUM(E60:S60) -> 36
B61: 4 | C61: 4. H. EKO SUSILO NURHIDAYAT | E61: 0 | F61: 0 | G61: 1 | H61: 1 | I61: 0 | J61: 1 | K61: 0 | L61: 0 | M61: 0 | N61: 1 | O61: 2 | P61: 1 | Q61: 1 | R61: 1 | S61: 0 | T61: =SUM(E61:S61) -> 9
B62: 5 | C62: 5. KARNADI HARIJANTO, S.S. | E62: 0 | F62: 0 | G62: 1 | H62: 0 | I62: 0 | J62: 0 | K62: 1 | L62: 0 | M62: 0 | N62: 0 | O62: 0 | P62: 0 | Q62: 0 | R62: 0 | S62: 0 | T62: =SUM(E62:S62) -> 2
B63: 6 | C63: 6. NURHAYATI | E63: 0 | F63: 0 | G63: 0 | H63: 0 | I63: 0 | J63: 1 | K63: 0 | L63: 1 | M63: 0 | N63: 0 | O63: 0 | P63: 0 | Q63: 0 | R63: 1 | S63: 0 | T63: =SUM(E63:S63) -> 3
B64: 7 | C64: 7. MASHUDI | E64: 0 | F64: 0 | G64: 0 | H64: 0 | I64: 1 | J64: 0 | K64: 1 | L64: 1 | M64: 0 | N64: 0 | O64: 0 | P64: 0 | Q64: 3 | R64: 2 | S64: 2 | T64: =SUM(E64:S64) -> 10
T65: =SUM(E65:S65) -> 0
T66: =SUM(E66:S66) -> 0
A67: B | B67: JUMLAH SUARA SAH PARTAI POLITIK DAN CALON (A1 + A2) | E67: =SUM(E57:E66) -> 77 | F67: =SUM(F57:F66) -> 105 | G67: =SUM(G57:G66) -> 86 | H67: =SUM(H57:H66) -> 125 | I67: =SUM(I57:I66) -> 98 | J67: =SUM(J57:J66) -> 101 | K67: =SUM(K57:K66) -> 78 | L67: =SUM(L57:L66) -> 67 | ... T67: =SUM(T57:T66) -> 1063
A69: A.1 | B69: 3. | C69: Partai Demokrasi Indonesia Perjuangan | E69: 5 | F69: 8 | G69: 5 | H69: 4 | I69: 6 | J69: 3 | K69: 3 | L69: 1 | M69: 3 | N69: 3 | O69: 8 | P69: 2 | Q69: 4 | R69: 9 | S69: 10 | T69: =SUM(E69:S69) -> 74
A70: A.2 | B70: 1 | C70: 1. SONNY TRI DANAPARAMITA, S.H., M.H. | E70: 13 | F70: 9 | G70: 12 | H70: 4 | I70: 18 | J70: 7 | K70: 5 | L70: 9 | M70: 20 | N70: 11 | O70: 4 | P70: 7 | Q70: 12 | R70: 6 | S70: 24 | T70: =SUM(E70:S70) -> 161
B71: 2 | C71: 2. H. MOHAMAD GUNTUR ROMLI | E71: 1 | F71: 4 | G71: 3 | H71: 3 | I71: 1 | J71: 1 | K71: 0 | L71: 1 | M71: 4 | N71: 0 | O71: 0 | P71: 1 | Q71: 0 | R71: 2 | S71: 1 | T71: =SUM(E71:S71) -> 22
B72: 3 | C72: 3. INA AMMANIA | E72: 36 | F72: 15 | G72: 35 | H72: 16 | I72: 27 | J72: 11 | K72: 19 | L72: 13 | M72: 4 | N72: 4 | O72: 5 | P72: 2 | Q72: 8 | R72: 28 | S72: 31 | T72: =SUM(E72:S72) -> 254
B73: 4 | C73: 4. IRWAN BACHTIAR RACHMAT, M.Si. | E73: 0 | F73: 0 | G73: 0 | H73: 0 | I73: 1 | J73: 0 | K73: 0 | L73: 1 | M73: 0 | N73: 1 | O73: 0 | P73: 1 | Q73: 0 | R73: 0 | S73: 0 | T73: =SUM(E73:S73) -> 4
B74: 5 | C74: 5. LUCKY PERDANA | E74: 1 | F74: 1 | G74: 0 | H74: 0 | I74: 0 | J74: 1 | K74: 1 | L74: 0 | M74: 2 | N74: 1 | O74: 1 | P74: 1 | Q74: 0 | R74: 0 | S74: 0 | T74: =SUM(E74:S74) -> 9
B75: 6 | C75: 6. WIWIK PUJIYATI | E75: 0 | F75: 0 | G75: 0 | H75: 0 | I75: 0 | J75: 0 | K75: 0 | L75: 0 | M75: 0 | N75: 0 | O75: 0 | P75: 0 | Q75: 0 | R75: 0 | S75: 0 | T75: =SUM(E75:S75) -> 0
B76: 7 | C76: 7. CHANDRA ASTAN, S.T. | E76: 0 | F76: 0 | G76: 0 | H76: 0 | I76: 0 | J76: 0 | K76: 0 | L76: 0 | M76: 4 | N76: 9 | O76: 0 | P76: 0 | Q76: 0 | R76: 0 | S76: 0 | T76: =SUM(E76:S76) -> 13
T77: =SUM(E77:S77) -> 0
T78: =SUM(E78:S78) -> 0
A79: B | B79: JUMLAH SUARA SAH PARTAI POLITIK DAN CALON (A1 + A2) | E79: =SUM(E69:E78) -> 56 | F79: =SUM(F69:F78) -> 37 | G79: =SUM(G69:G78) -> 55 | H79: =SUM(H69:H78) -> 27 | I79: =SUM(I69:I78) -> 53 | J79: =SUM(J69:J78) -> 23 | K79: =SUM(K69:K78) -> 28 | L79: =SUM(L69:L78) -> 25 | ... T79: =SUM(T69:T78) -> 537
A81: A.1 | B81: 4. | C81: Partai Golongan Karya | E81: 3 | F81: 3 | G81: 1 | H81: 4 | I81: 2 | J81: 0 | K81: 2 | L81: 0 | M81: 2 | N81: 1 | O81: 2 | P81: 1 | Q81: 2 | R81: 2 | S81: 0 | T81: =SUM(E81:S81) -> 25
A82: A.2 | B82: 1 | C82: 1. ZULFIKAR ARSE SADIKIN, S.I.P., M.Si. | E82: 24 | F82: 10 | G82: 8 | H82: 29 | I82: 8 | J82: 3 | K82: 12 | L82: 10 | M82: 4 | N82: 3 | O82: 14 | P82: 6 | Q82: 4 | R82: 9 | S82: 7 | T82: =SUM(E82:S82) -> 151
B83: 2 | C83: 2. HANDOKO | E83: 1 | F83: 0 | G83: 0 | H83: 0 | I83: 0 | J83: 2 | K83: 3 | L83: 10 | M83: 11 | N83: 4 | O83: 1 | P83: 2 | Q83: 6 | R83: 0 | S83: 2 | T83: =SUM(E83:S83) -> 42
B84: 3 | C84: 3. Hj. OVI DEWI YANTI | E84: 0 | F84: 1 | G84: 0 | H84: 0 | I84: 0 | J84: 0 | K84: 0 | L84: 0 | M84: 0 | N84: 9 | O84: 0 | P84: 0 | Q84: 0 | R84: 2 | S84: 0 | T84: =SUM(E84:S84) -> 12
B85: 4 | C85: 4. Ir. AZAM AZMAN NATAWIJANA | E85: 0 | F85: 0 | G85: 0 | H85: 0 | I85: 1 | J85: 0 | K85: 0 | L85: 0 | M85: 0 | N85: 0 | O85: 0 | P85: 0 | Q85: 0 | R85: 0 | S85: 3 | T85: =SUM(E85:S85) -> 4
B86: 5 | C86: 5. UBAIDILLAH AMIN, S.Kom. | E86: 0 | F86: 0 | G86: 0 | H86: 0 | I86: 2 | J86: 0 | K86: 0 | L86: 0 | M86: 0 | N86: 0 | O86: 0 | P86: 0 | Q86: 0 | R86: 0 | S86: 0 | T86: =SUM(E86:S86) -> 2
B87: 6 | C87: 6. DENNY YUNIANDARI, S.H., M.Kn. | E87: 0 | F87: 0 | G87: 0 | H87: 0 | I87: 2 | J87: 0 | K87: 0 | L87: 0 | M87: 0 | N87: 0 | O87: 0 | P87: 0 | Q87: 0 | R87: 0 | S87: 0 | T87: =SUM(E87:S87) -> 2
B88: 7 | C88: 7. ERNADI, S.H.I. | E88: 1 | F88: 0 | G88: 0 | H88: 0 | I88: 0 | J88: 0 | K88: 0 | L88: 0 | M88: 0 | N88: 0 | O88: 1 | P88: 0 | Q88: 5 | R88: 0 | S88: 0 | T88: =SUM(E88:S88) -> 7
T89: =SUM(E89:S89) -> 0
T90: =SUM(E90:S90) -> 0
A91: B | B91: JUMLAH SUARA SAH PARTAI POLITIK DAN CALON (A1 + A2) | E91: =SUM(E81:E90) -> 29 | F91: =SUM(F81:F90) -> 14 | G91: =SUM(G81:G90) -> 9 | H91: =SUM(H81:H90) -> 33 | I91: =SUM(I81:I90) -> 15 | J91: =SUM(J81:J90) -> 5 | K91: =SUM(K81:K90) -> 17 | L91: =SUM(L81:L90) -> 20 | ... T91: =SUM(T81:T90) -> 245
A93: A.1 | B93: 5. | C93: Partai NasDem | E93: 0 | F93: 0 | G93: 0 | H93: 0 | I93: 1 | J93: 0 | K93: 0 | L93: 0 | M93: 2 | N93: 0 | O93: 0 | P93: 0 | Q93: 0 | R93: 0 | S93: 0 | T93: =SUM(E93:S93) -> 3
A94: A.2 | B94: 1 | C94: 1. ACH. FADIL MUZAKKI SYAH | E94: 0 | F94: 1 | G94: 1 | H94: 0 | I94: 0 | J94: 0 | K94: 0 | L94: 2 | M94: 0 | N94: 1 | O94: 0 | P94: 0 | Q94: 1 | R94: 0 | S94: 2 | T94: =SUM(E94:S94) -> 8
B95: 2 | C95: 2. BENY | E95: 0 | F95: 0 | G95: 0 | H95: 0 | I95: 0 | J95: 0 | K95: 0 | L95: 0 | M95: 0 | N95: 0 | O95: 0 | P95: 1 | Q95: 0 | R95: 0 | S95: 0 | T95: =SUM(E95:S95) -> 1
B96: 3 | C96: 3. VINA VERONIKA | E96: 0 | F96: 0 | G96: 0 | H96: 0 | I96: 0 | J96: 0 | K96: 0 | L96: 0 | M96: 0 | N96: 0 | O96: 0 | P96: 0 | Q96: 0 | R96: 0 | S96: 0 | T96: =SUM(E96:S96) -> 0
B97: 4 | C97: 4. TEDDY ANUGRIANTO | E97: 0 | F97: 0 | G97: 0 | H97: 0 | I97: 0 | J97: 0 | K97: 0 | L97: 6 | M97: 2 | N97: 0 | O97: 1 | P97: 0 | Q97: 0 | R97: 0 | S97: 0 | T97: =SUM(E97:S97) -> 9
B98: 5 | C98: 5. INSAN KAMIL | E98: 0 | F98: 0 | G98: 0 | H98: 0 | I98: 0 | J98: 1 | K98: 0 | L98: 0 | M98: 0 | N98: 0 | O98: 1 | P98: 0 | Q98: 0 | R98: 0 | S98: 0 | T98: =SUM(E98:S98) -> 2
B99: 6 | C99: 6. LILIK LINDARWATI | E99: 0 | F99: 0 | G99: 0 | H99: 0 | I99: 0 | J99: 0 | K99: 0 | L99: 0 | M99: 0 | N99: 0 | O99: 0 | P99: 0 | Q99: 0 | R99: 0 | S99: 0 | T99: =SUM(E99:S99) -> 0
B100: 7 | C100: 7. YULI ANITA | E100: 0 | F100: 0 | G100: 0 | H100: 0 | I100: 0 | J100: 0 | K100: 0 | L100: 0 | M100: 0 | N100: 0 | O100: 0 | P100: 0 | Q100: 0 | R100: 0 | S100: 0 | T100: =SUM(E100:S100) -> 0
T101: =SUM(E101:S101) -> 0
T102: =SUM(E102:S102) -> 0
A103: B | B103: JUMLAH SUARA SAH PARTAI POLITIK DAN CALON (A1 + A2) | E103: =SUM(E93:E102) -> 0 | F103: =SUM(F93:F102) -> 1 | G103: =SUM(G93:G102) -> 1 | H103: =SUM(H93:H102) -> 0 | I103: =SUM(I93:I102) -> 1 | J103: =SUM(J93:J102) -> 1 | K103: =SUM(K93:K102) -> 0 | L103: =SUM(L93:L102) -> 8 | ... T103: =SUM(T93:T102) -> 23
A105: A.1 | B105: 6. | C105: Partai Buruh | E105: 0 | F105: 0 | G105: 0 | H105: 0 | I105: 0 | J105: 0 | K105: 0 | L105: 0 | M105: 0 | N105: 0 | O105: 0 | P105: 0 | Q105: 0 | R105: 0 | S105: 0 | T105: =SUM(E105:S105) -> 0
A106: A.2 | B106: 1 | C106: 1. KHOIRUL ANAM | E106: 0 | F106: 0 | G106: 0 | H106: 0 | I106: 0 | J106: 0 | K106: 1 | L106: 0 | M106: 0 | N106: 3 | O106: 0 | P106: 0 | Q106: 0 | R106: 0 | S106: 0 | T106: =SUM(E106:S106) -> 4
B107: 2 | C107: 2. INA KURNIA | E107: 0 | F107: 0 | G107: 0 | H107: 0 | I107: 0 | J107: 1 | K107: 0 | L107: 0 | M107: 0 | N107: 0 | O107: 0 | P107: 0 | Q107: 0 | R107: 0 | S107: 0 | T107: =SUM(E107:S107) -> 1
B108: 3 | C108: 3. JIBRAL TAROUK | E108: 0 | F108: 0 | G108: 0 | H108: 0 | I108: 0 | J108: 0 | K108: 0 | L108: 0 | M108: 0 | N108: 1 | O108: 0 | P108: 0 | Q108: 0 | R108: 0 | S108: 0 | T108: =SUM(E108:S108) -> 1
B109: 4 | C109: 4. ASTUTI DAENG PUJI | E109: 0 | F109: 0 | G109: 0 | H109: 0 | I109: 0 | J109: 0 | K109: 0 | L109: 0 | M109: 0 | N109: 0 | O109: 0 | P109: 0 | Q109: 0 | R109: 0 | S109: 0 | T109: =SUM(E109:S109) -> 0
B110: 5 | C110: 5. ASDARMAWAN | E110: 0 | F110: 0 | G110: 0 | H110: 0 | I110: 0 | J110: 0 | K110: 0 | L110: 0 | M110: 0 | N110: 0 | O110: 0 | P110: 0 | Q110: 0 | R110: 0 | S110: 0 | T110: =SUM(E110:S110) -> 0
B111: 6 | C111: 6. RIFQI MUBAROK | E111: 0 | F111: 0 | G111: 0 | H111: 0 | I111: 1 | J111: 0 | K111: 0 | L111: 0 | M111: 0 | N111: 0 | O111: 0 | P111: 0 | Q111: 0 | R111: 0 | S111: 0 | T111: =SUM(E111:S111) -> 1
B112: 7 | C112: 7. FIRNANDA ALTA MEGA | E112: 0 | F112: 0 | G112: 0 | H112: 0 | I112: 0 | J112: 0 | K112: 0 | L112: 0 | M112: 0 | N112: 1 | O112: 0 | P112: 0 | Q112: 1 | R112: 0 | S112: 0 | T112: =SUM(E112:S112) -> 2
T113: =SUM(E113:S113) -> 0
T114: =SUM(E114:S114) -> 0
A115: B | B115: JUMLAH SUARA SAH PARTAI POLITIK DAN CALON (A1 + A2) | E115: =SUM(E105:E114) -> 0 | F115: =SUM(F105:F114) -> 0 | G115: =SUM(G105:G114) -> 0 | H115: =SUM(H105:H114) -> 0 | I115: =SUM(I105:I114) -> 1 | J115: =SUM(J105:J114) -> 1 | K115: =SUM(K105:K114) -> 1 | L115: =SUM(L105:L114) -> 0 | ... T115: =SUM(T105:T114) -> 9
A117: A.1 | B117: 7. | C117: Partai Gelombang Rakyat Indonesia | E117: 0 | F117: 1 | G117: 0 | H117: 0 | I117: 1 | J117: 0 | K117: 0 | L117: 0 | M117: 0 | N117: 0 | O117: 0 | P117: 0 | Q117: 0 | R117: 0 | S117: 0 | T117: =SUM(E117:S117) -> 2
...

Sheet GAMBOR
C2: Kecamatan | D2: SINGOJURUH
C3: Kabupaten | D3: BANYUWANGI
C4: Provinsi | D4: JAWA TIMUR
C9: Kelurahan | D9: GAMBOR
A12: I | B12: DATA PEMILIH DAN PENGGUNAAN HAK PILIH | N12: JUMLAH AKHIR
A13: A | B13: DATA PEMILIH | E13: TPS 001 | F13: TPS 002 | G13: TPS 003 | H13: TPS 004 | I13: TPS 005 | J13: TPS 006 | K13: TPS 007 | L13: TPS 008 | M13: TPS 009
B14: Jumlah Pemilih dalam Daftar Pemilih Tetap (DPT) | D14: LK | E14: 125 | F14: 146 | G14: 125 | H14: 119 | I14: 115 | J14: 132 | K14: 150 | L14: 127 | M14: 112 | N14: =SUM(E14:M14) -> 1151
D15: PR | E15: 125 | F15: 131 | G15: 134 | H15: 117 | I15: 120 | J15: 120 | K15: 132 | L15: 128 | M15: 122 | N15: =SUM(E15:M15) -> 1129
D16: JML | E16: =SUM(E14:E15) -> 250 | F16: =SUM(F14:F15) -> 277 | G16: =SUM(G14:G15) -> 259 | H16: =SUM(H14:H15) -> 236 | I16: =SUM(I14:I15) -> 235 | J16: =SUM(J14:J15) -> 252 | K16: =SUM(K14:K15) -> 282 | L16: =SUM(L14:L15) -> 255 | M16: =SUM(M14:M15) -> 234 | N16: =SUM(E16:M16) -> 2280
A18: B | B18: PENGGUNA HAK PILIH
B19: 1. | C19: Jumlah pengguna hak pilih dalam Daftar Pemilih Tetap (DPT) | D19: LK | E19: 91 | F19: 124 | G19: 88 | H19: 88 | I19: 94 | J19: 106 | K19: 115 | L19: 83 | M19: 96 | N19: =SUM(E19:M19) -> 885
D20: PR | E20: 97 | F20: 115 | G20: 95 | H20: 91 | I20: 102 | J20: 92 | K20: 105 | L20: 101 | M20: 100 | N20: =SUM(E20:M20) -> 898
D21: JML | E21: =SUM(E19:E20) -> 188 | F21: =SUM(F19:F20) -> 239 | G21: =SUM(G19:G20) -> 183 | H21: =SUM(H19:H20) -> 179 | I21: =SUM(I19:I20) -> 196 | J21: =SUM(J19:J20) -> 198 | K21: =SUM(K19:K20) -> 220 | L21: =SUM(L19:L20) -> 184 | M21: =SUM(M19:M20) -> 196 | N21: =SUM(E21:M21) -> 1783
B22: 2. | C22: Jumlah pengguna hak pilih dalam Daftar Pemilih Tambahan (DPTb) | D22: LK | E22: 0 | F22: 0 | G22: 0 | H22: 0 | I22: 0 | J22: 0 | K22: 1 | L22: 0 | M22: 0 | N22: =SUM(E22:M22) -> 1
D23: PR | E23: 0 | F23: 0 | G23: 0 | H23: 0 | I23: 0 | J23: 0 | L23: 0 | M23: 0 | N23: =SUM(E23:M23) -> 0
D24: JML | E24: =SUM(E22:E23) -> 0 | F24: =SUM(F22:F23) -> 0 | G24: =SUM(G22:G23) -> 0 | H24: =SUM(H22:H23) -> 0 | I24: =SUM(I22:I23) -> 0 | J24: =SUM(J22:J23) -> 0 | K24: =SUM(K22:K23) -> 1 | L24: =SUM(L22:L23) -> 0 | M24: =SUM(M22:M23) -> 0 | N24: =SUM(E24:M24) -> 1
B25: 3. | C25: Jumlah pengguna hak pilih dalam Daftar Pemilih Khusus (DPK) | D25: LK | E25: 0 | F25: 0 | G25: 4 | H25: 1 | I25: 1 | J25: 0 | K25: 1 | L25: 1 | M25: 1 | N25: =SUM(E25:M25) -> 9
D26: PR | E26: 3 | F26: 1 | G26: 1 | H26: 3 | I26: 2 | J26: 0 | K26: 1 | L26: 3 | M26: 1 | N26: =SUM(E26:M26) -> 15
D27: JML | E27: =SUM(E25:E26) -> 3 | F27: =SUM(F25:F26) -> 1 | G27: =SUM(G25:G26) -> 5 | H27: =SUM(H25:H26) -> 4 | I27: =SUM(I25:I26) -> 3 | J27: =SUM(J25:J26) -> 0 | K27: =SUM(K25:K26) -> 2 | L27: =SUM(L25:L26) -> 4 | M27: =SUM(M25:M26) -> 2 | N27: =SUM(E27:M27) -> 24
B28: 4. | C28: Jumlah Pengguna Hak Pilih (B.1+B.2+B.3) | D28: LK | E28: =SUM(E19,E22,E25) -> 91 | F28: =SUM(F19,F22,F25) -> 124 | G28: =SUM(G19,G22,G25) -> 92 | H28: =SUM(H19,H22,H25) -> 89 | I28: =SUM(I19,I22,I25) -> 95 | J28: =SUM(J19,J22,J25) -> 106 | K28: =SUM(K19,K22,K25) -> 117 | L28: =SUM(L19,L22,L25) -> 84 | M28: =SUM(M19,M22,M25) -> 97 | N28: =SUM(E28:M28) -> 895
D29: PR | E29: =SUM(E20,E23,E26) -> 100 | F29: =SUM(F20,F23,F26) -> 116 | G29: =SUM(G20,G23,G26) -> 96 | H29: =SUM(H20,H23,H26) -> 94 | I29: =SUM(I20,I23,I26) -> 104 | J29: =SUM(J20,J23,J26) -> 92 | K29: =SUM(K20,K23,K26) -> 106 | L29: =SUM(L20,L23,L26) -> 104 | M29: =SUM(M20,M23,M26) -> 101 | N29: =SUM(E29:M29) -> 913
D30: JML | E30: =SUM(E28:E29) -> 191 | F30: =SUM(F28:F29) -> 240 | G30: =SUM(G28:G29) -> 188 | H30: =SUM(H28:H29) -> 183 | I30: =SUM(I28:I29) -> 199 | J30: =SUM(J28:J29) -> 198 | K30: =SUM(K28:K29) -> 223 | L30: =SUM(L28:L29) -> 188 | M30: =SUM(M28:M29) -> 198 | N30: =SUM(E30:M30) -> 1808
A32: II | B32: DATA PENGGUNAAN SURAT SUARA
A33: 1 | B33: Jumlah surat suara yang diterima, termasuk surat suara cadangan 2,5% dari DPT | E33: 258 | F33: 283 | G33: 265 | H33: 232 | I33: 239 | J33: 256 | K33: 288 | L33: 260 | M33: 239 | N33: =SUM(E33:M33) -> 2320
A34: 2 | B34: Jumlah surat suara yang digunakan | E34: 191 | F34: 240 | G34: 188 | H34: 183 | I34: 199 | J34: 198 | K34: 223 | L34: 188 | M34: 198 | N34: =SUM(E34:M34) -> 1808
A35: 3 | B35: Jumlah surat suara dikembalikan oleh pemilih (karena rusak atau keliru coblos) | N35: =SUM(E35:M35) -> 0
A36: 4 | B36: Jumlah surat suara yang tidak digunakan/tidak terpakai, termasuk sisa surat suara cadangan | E36: =E33-(E34+E35) -> 67 | F36: =F33-(F34+F35) -> 43 | G36: =G33-(G34+G35) -> 77 | H36: =H33-(H34+H35) -> 49 | I36: =I33-(I34+I35) -> 40 | J36: =J33-(J34+J35) -> 58 | K36: =K33-(K34+K35) -> 65 | L36: =L33-(L34+L35) -> 72 | M36: =M33-(M34+M35) -> 41 | N36: =SUM(E36:M36) -> 512
A38: III | B38: DATA PEMILIH DISABILITAS
B39: Jumlah seluruh Pemilih disabilitas yang menggunakan hak pilih | D39: LK | N39: =SUM(E39:M39) -> 0
D40: PR | G40: 1 | H40: 1 | J40: 1 | N40: =SUM(E40:M40) -> 3
D41: JML | E41: =SUM(E39:E40) -> 0 | F41: =SUM(F39:F40) -> 0 | G41: =SUM(G39:G40) -> 1 | H41: =SUM(H39:H40) -> 1 | I41: =SUM(I39:I40) -> 0 | J41: =SUM(J39:J40) -> 1 | K41: =SUM(K39:K40) -> 0 | L41: =SUM(L39:L40) -> 0 | M41: =SUM(M39:M40) -> 0 | N41: =SUM(E41:M41) -> 3
A43: IV | B43: DATA RINCIAN PEROLEHAN SUARA PASANGAN CALON BUPATI DAN WAKIL BUPATI
A44: NOMOR DAN NAMA CALON
A45: A.1 | B45: 1. | C45: Partai Kebangkitan Bangsa | E45: 14 | F45: 8 | G45: 4 | H45: 18 | I45: 7 | J45: 7 | K45: 10 | L45: 9 | M45: 17 | N45: =SUM(E45:M45) -> 94
A46: A.2 | B46: 1 | C46: 1. Dr. Hj. NIHAYATUL WAFIROH, M.A. | E46: 17 | F46: 24 | G46: 24 | H46: 4 | I46: 12 | J46: 26 | K46: 11 | L46: 13 | M46: 43 | N46: =SUM(E46:M46) -> 174
B47: 2 | C47: 2. H. M. NASIM KHAN | E47: 2 | F47: 6 | G47: 4 | H47: 2 | I47: 5 | J47: 3 | K47: 2 | L47: 4 | M47: 9 | N47: =SUM(E47:M47) -> 37
B48: 3 | C48: 3. Dr. H. AKIK ZAMAN, M.Pd.I. | E48: 0 | F48: 2 | G48: 2 | H48: 2 | I48: 0 | J48: 0 | K48: 1 | L48: 1 | M48: 0 | N48: =SUM(E48:M48) -> 8
B49: 4 | C49: 4. AHMAD RIFA'I, S.H. | E49: 0 | F49: 2 | G49: 0 | H49: 0 | I49: 1 | J49: 1 | K49: 2 | L49: 0 | M49: 1 | N49: =SUM(E49:M49) -> 7
B50: 5 | C50: 5. Drs. H. MAHFUD M.N. | E50: 1 | F50: 3 | G50: 0 | H50: 0 | I50: 0 | J50: 1 | K50: 0 | L50: 0 | M50: 0 | N50: =SUM(E50:M50) -> 5
B51: 6 | C51: 6. NURHAYATI, S.Pd. | E51: 0 | F51: 1 | G51: 0 | H51: 0 | I51: 1 | J51: 0 | K51: 0 | L51: 0 | M51: 1 | N51: =SUM(E51:M51) -> 3
B52: 7 | C52: 7. MAFTUHA KISWAH | E52: 0 | F52: 0 | G52: 0 | H52: 0 | I52: 0 | J52: 0 | K52: 0 | L52: 0 | M52: 0 | N52: =SUM(E52:M52) -> 0
N53: =SUM(E53:M53) -> 0
N54: =SUM(E54:M54) -> 0
A55: B | B55: JUMLAH SUARA SAH PARTAI POLITIK DAN CALON (A1 + A2) | E55: =SUM(E45:E54) -> 34 | F55: =SUM(F45:F54) -> 46 | G55: =SUM(G45:G54) -> 34 | H55: =SUM(H45:H54) -> 26 | I55: =SUM(I45:I54) -> 26 | J55: =SUM(J45:J54) -> 38 | K55: =SUM(K45:K54) -> 26 | L55: =SUM(L45:L54) -> 27 | ... N55: =SUM(N45:N54) -> 328
A57: A.1 | B57: 2. | C57: Partai Gerakan Indonesia Raya | E57: 21 | F57: 21 | G57: 15 | H57: 21 | I57: 29 | J57: 12 | K57: 16 | L57: 17 | M57: 11 | N57: =SUM(E57:M57) -> 163
A58: A.2 | B58: 1 | C58: 1. SUMAIL ABDULLAH | E58: 18 | F58: 14 | G58: 18 | H58: 13 | I58: 16 | J58: 16 | K58: 16 | L58: 15 | M58: 13 | N58: =SUM(E58:M58) -> 139
B59: 2 | C59: 2. MUHAMMAD ALI ADRIAN SALEH | E59: 25 | F59: 18 | G59: 45 | H59: 35 | I59: 26 | J59: 38 | K59: 33 | L59: 15 | M59: 19 | N59: =SUM(E59:M59) -> 254
B60: 3 | C60: 3. DURROTUN NAFISAH | E60: 0 | F60: 2 | G60: 0 | H60: 2 | I60: 0 | J60: 0 | K60: 0 | L60: 2 | M60: 2 | N60: =SUM(E60:M60) -> 8
B61: 4 | C61: 4. H. EKO SUSILO NURHIDAYAT | E61: 2 | F61: 1 | G61: 1 | H61: 2 | I61: 1 | J61: 0 | K61: 2 | L61: 3 | M61: 0 | N61: =SUM(E61:M61) -> 12
B62: 5 | C62: 5. KARNADI HARIJANTO, S.S. | E62: 1 | F62: 0 | G62: 1 | H62: 0 | I62: 1 | J62: 0 | K62: 0 | L62: 0 | M62: 0 | N62: =SUM(E62:M62) -> 3
B63: 6 | C63: 6. NURHAYATI | E63: 0 | F63: 0 | G63: 0 | H63: 0 | I63: 0 | J63: 1 | K63: 0 | L63: 0 | M63: 1 | N63: =SUM(E63:M63) -> 2
B64: 7 | C64: 7. MASHUDI | E64: 0 | F64: 0 | G64: 0 | H64: 0 | I64: 0 | J64: 0 | K64: 1 | L64: 0 | M64: 0 | N64: =SUM(E64:M64) -> 1
N65: =SUM(E65:M65) -> 0
N66: =SUM(E66:M66) -> 0
A67: B | B67: JUMLAH SUARA SAH PARTAI POLITIK DAN CALON (A1 + A2) | E67: =SUM(E57:E66) -> 67 | F67: =SUM(F57:F66) -> 56 | G67: =SUM(G57:G66) -> 80 | H67: =SUM(H57:H66) -> 73 | I67: =SUM(I57:I66) -> 73 | J67: =SUM(J57:J66) -> 67 | K67: =SUM(K57:K66) -> 68 | L67: =SUM(L57:L66) -> 52 | ... N67: =SUM(N57:N66) -> 582
A69: A.1 | B69: 3. | C69: Partai Demokrasi Indonesia Perjuangan | E69: 1 | F69: 9 | G69: 3 | H69: 10 | I69: 6 | J69: 1 | K69: 8 | L69: 6 | M69: 5 | N69: =SUM(E69:M69) -> 49
A70: A.2 | B70: 1 | C70: 1. SONNY TRI DANAPARAMITA, S.H., M.H. | E70: 5 | F70: 8 | G70: 3 | H70: 2 | I70: 7 | J70: 7 | K70: 4 | L70: 8 | M70: 8 | N70: =SUM(E70:M70) -> 52
B71: 2 | C71: 2. H. MOHAMAD GUNTUR ROMLI | E71: 4 | F71: 1 | G71: 1 | H71: 0 | I71: 8 | J71: 1 | K71: 1 | L71: 2 | M71: 3 | N71: =SUM(E71:M71) -> 21
B72: 3 | C72: 3. INA AMMANIA | E72: 4 | F72: 6 | G72: 2 | H72: 3 | I72: 5 | J72: 9 | K72: 25 | L72: 7 | M72: 2 | N72: =SUM(E72:M72) -> 63
B73: 4 | C73: 4. IRWAN BACHTIAR RACHMAT, M.Si. | E73: 0 | F73: 0 | G73: 0 | H73: 0 | I73: 0 | J73: 0 | K73: 2 | L73: 0 | M73: 0 | N73: =SUM(E73:M73) -> 2
B74: 5 | C74: 5. LUCKY PERDANA | E74: 6 | F74: 8 | G74: 2 | H74: 10 | I74: 3 | J74: 1 | K74: 2 | L74: 10 | M74: 7 | N74: =SUM(E74:M74) -> 49
B75: 6 | C75: 6. WIWIK PUJIYATI | E75: 0 | F75: 1 | G75: 0 | H75: 0 | I75: 0 | J75: 0 | K75: 3 | L75: 0 | M75: 0 | N75: =SUM(E75:M75) -> 4
B76: 7 | C76: 7. CHANDRA ASTAN, S.T. | E76: 0 | F76: 0 | G76: 0 | H76: 0 | I76: 0 | J76: 0 | K76: 1 | L76: 0 | M76: 0 | N76: =SUM(E76:M76) -> 1
N77: =SUM(E77:M77) -> 0
N78: =SUM(E78:M78) -> 0
A79: B | B79: JUMLAH SUARA SAH PARTAI POLITIK DAN CALON (A1 + A2) | E79: =SUM(E69:E78) -> 20 | F79: =SUM(F69:F78) -> 33 | G79: =SUM(G69:G78) -> 11 | H79: =SUM(H69:H78) -> 25 | I79: =SUM(I69:I78) -> 29 | J79: =SUM(J69:J78) -> 19 | K79: =SUM(K69:K78) -> 46 | L79: =SUM(L69:L78) -> 33 | ... N79: =SUM(N69:N78) -> 241
A81: A.1 | B81: 4. | C81: Partai Golongan Karya | E81: 6 | F81: 2 | G81: 3 | H81: 3 | I81: 1 | J81: 2 | K81: 1 | L81: 1 | M81: 1 | N81: =SUM(E81:M81) -> 20
A82: A.2 | B82: 1 | C82: 1. ZULFIKAR ARSE SADIKIN, S.I.P., M.Si. | E82: 13 | F82: 16 | G82: 3 | H82: 9 | I82: 33 | J82: 16 | K82: 17 | L82: 16 | M82: 5 | N82: =SUM(E82:M82) -> 128
B83: 2 | C83: 2. HANDOKO | E83: 4 | F83: 4 | G83: 3 | H83: 1 | I83: 1 | J83: 6 | K83: 1 | L83: 4 | M83: 1 | N83: =SUM(E83:M83) -> 25
B84: 3 | C84: 3. Hj. OVI DEWI YANTI | E84: 2 | F84: 0 | G84: 0 | H84: 0 | I84: 0 | J84: 0 | K84: 0 | L84: 0 | M84: 0 | N84: =SUM(E84:M84) -> 2
B85: 4 | C85: 4. Ir. AZAM AZMAN NATAWIJANA | E85: 1 | F85: 0 | G85: 0 | H85: 1 | I85: 1 | J85: 0 | K85: 1 | L85: 2 | M85: 0 | N85: =SUM(E85:M85) -> 6
B86: 5 | C86: 5. UBAIDILLAH AMIN, S.Kom. | E86: 0 | F86: 2 | G86: 0 | H86: 0 | I86: 0 | J86: 0 | K86: 1 | L86: 0 | M86: 0 | N86: =SUM(E86:M86) -> 3
B87: 6 | C87: 6. DENNY YUNIANDARI, S.H., M.Kn. | E87: 0 | F87: 0 | G87: 0 | H87: 0 | I87: 1 | J87: 0 | K87: 0 | L87: 0 | M87: 0 | N87: =SUM(E87:M87) -> 1
B88: 7 | C88: 7. ERNADI, S.H.I. | E88: 0 | F88: 0 | G88: 0 | H88: 0 | I88: 0 | J88: 0 | K88: 0 | L88: 0 | M88: 0 | N88: =SUM(E88:M88) -> 0
N89: =SUM(E89:M89) -> 0
N90: =SUM(E90:M90) -> 0
A91: B | B91: JUMLAH SUARA SAH PARTAI POLITIK DAN CALON (A1 + A2) | E91: =SUM(E81:E90) -> 26 | F91: =SUM(F81:F90) -> 24 | G91: =SUM(G81:G90) -> 9 | H91: =SUM(H81:H90) -> 14 | I91: =SUM(I81:I90) -> 37 | J91: =SUM(J81:J90) -> 24 | K91: =SUM(K81:K90) -> 21 | L91: =SUM(L81:L90) -> 23 | ... N91: =SUM(N81:N90) -> 185
A93: A.1 | B93: 5. | C93: Partai NasDem | E93: 2 | F93: 1 | G93: 0 | H93: 0 | I93: 1 | J93: 3 | K93: 1 | L93: 2 | M93: 2 | N93: =SUM(E93:M93) -> 12
A94: A.2 | B94: 1 | C94: 1. ACH. FADIL MUZAKKI SYAH | E94: 0 | F94: 2 | G94: 0 | H94: 2 | I94: 1 | J94: 1 | K94: 0 | L94: 0 | M94: 0 | N94: =SUM(E94:M94) -> 6
B95: 2 | C95: 2. BENY | E95: 0 | F95: 0 | G95: 0 | H95: 0 | I95: 0 | J95: 0 | K95: 0 | L95: 0 | M95: 1 | N95: =SUM(E95:M95) -> 1
B96: 3 | C96: 3. VINA VERONIKA | E96: 0 | F96: 0 | G96: 0 | H96: 0 | I96: 0 | J96: 0 | K96: 0 | L96: 0 | M96: 0 | N96: =SUM(E96:M96) -> 0
B97: 4 | C97: 4. TEDDY ANUGRIANTO | E97: 0 | F97: 1 | G97: 1 | H97: 1 | I97: 0 | J97: 1 | K97: 0 | L97: 0 | M97: 0 | N97: =SUM(E97:M97) -> 4
B98: 5 | C98: 5. INSAN KAMIL | E98: 0 | F98: 1 | G98: 0 | H98: 0 | I98: 0 | J98: 0 | K98: 1 | L98: 1 | M98: 1 | N98: =SUM(E98:M98) -> 4
B99: 6 | C99: 6. LILIK LINDARWATI | E99: 0 | F99: 0 | G99: 0 | H99: 0 | I99: 0 | J99: 0 | K99: 0 | L99: 0 | M99: 0 | N99: =SUM(E99:M99) -> 0
B100: 7 | C100: 7. YULI ANITA | E100: 0 | F100: 0 | G100: 0 | H100: 0 | I100: 0 | J100: 0 | K100: 0 | L100: 0 | M100: 0 | N100: =SUM(E100:M100) -> 0
N101: =SUM(E101:M101) -> 0
N102: =SUM(E102:M102) -> 0
A103: B | B103: JUMLAH SUARA SAH PARTAI POLITIK DAN CALON (A1 + A2) | E103: =SUM(E93:E102) -> 2 | F103: =SUM(F93:F102) -> 5 | G103: =SUM(G93:G102) -> 1 | H103: =SUM(H93:H102) -> 3 | I103: =SUM(I93:I102) -> 2 | J103: =SUM(J93:J102) -> 5 | K103: =SUM(K93:K102) -> 2 | L103: =SUM(L93:L102) -> 3 | ... N103: =SUM(N93:N102) -> 27
A105: A.1 | B105: 6. | C105: Partai Buruh | E105: 2 | F105: 0 | G105: 0 | H105: 0 | I105: 0 | J105: 0 | K105: 2 | L105: 0 | M105: 0 | N105: =SUM(E105:M105) -> 4
A106: A.2 | B106: 1 | C106: 1. KHOIRUL ANAM | E106: 0 | F106: 0 | G106: 1 | H106: 0 | I106: 0 | J106: 0 | K106: 0 | L106: 0 | M106: 0 | N106: =SUM(E106:M106) -> 1
B107: 2 | C107: 2. INA KURNIA | E107: 0 | F107: 0 | G107: 1 | H107: 1 | I107: 1 | J107: 0 | K107: 0 | L107: 0 | M107: 1 | N107: =SUM(E107:M107) -> 4
B108: 3 | C108: 3. JIBRAL TAROUK | E108: 0 | F108: 0 | G108: 0 | H108: 0 | I108: 0 | J108: 0 | K108: 0 | L108: 0 | M108: 0 | N108: =SUM(E108:M108) -> 0
B109: 4 | C109: 4. ASTUTI DAENG PUJI | E109: 0 | F109: 0 | G109: 0 | H109: 0 | I109: 0 | J109: 0 | K109: 1 | L109: 0 | M109: 0 | N109: =SUM(E109:M109) -> 1
B110: 5 | C110: 5. ASDARMAWAN | E110: 0 | F110: 0 | G110: 0 | H110: 0 | I110: 0 | J110: 0 | K110: 0 | L110: 0 | M110: 0 | N110: =SUM(E110:M110) -> 0
B111: 6 | C111: 6. RIFQI MUBAROK | E111: 0 | F111: 0 | G111: 0 | H111: 0 | I111: 0 | J111: 0 | K111: 0 | L111: 0 | M111: 0 | N111: =SUM(E111:M111) -> 0
B112: 7 | C112: 7. FIRNANDA ALTA MEGA | E112: 0 | F112: 0 | G112: 0 | H112: 0 | I112: 0 | J112: 0 | K112: 0 | L112: 0 | M112: 0 | N112: =SUM(E112:M112) -> 0
N113: =SUM(E113:M113) -> 0
N114: =SUM(E114:M114) -> 0
A115: B | B115: JUMLAH SUARA SAH PARTAI POLITIK DAN CALON (A1 + A2) | E115: =SUM(E105:E114) -> 2 | F115: =SUM(F105:F114) -> 0 | G115: =SUM(G105:G114) -> 2 | H115: =SUM(H105:H114) -> 1 | I115: =SUM(I105:I114) -> 1 | J115: =SUM(J105:J114) -> 0 | K115: =SUM(K105:K114) -> 3 | L115: =SUM(L105:L114) -> 0 | ... N115: =SUM(N105:N114) -> 10
A117: A.1 | B117: 7. | C117: Partai Gelombang Rakyat Indonesia | E117: 0 | F117: 1 | G117: 0 | H117: 0 | I117: 0 | J117: 0 | K117: 0 | L117: 0 | M117: 0 | N117: =SUM(E117:M117) -> 1
...

Sheet GUMIRIH
C2: Kecamatan | D2: SINGOJURUH
C3: Kabupaten | D3: BANYUWANGI
C4: Provinsi | D4: JAWA TIMUR
C9: Kelurahan | D9: GUMIRIH
A12: I | B12: DATA PEMILIH DAN PENGGUNAAN HAK PILIH | S12: JUMLAH AKHIR
A13: A | B13: DATA PEMILIH | E13: TPS 001 | F13: TPS 002 | G13: TPS 003 | H13: TPS 004 | I13: TPS 005 | J13: TPS 006 | K13: TPS 007 | L13: TPS 008 | M13: TPS 009 | N13: TPS 010 | O13: TPS 011 | P13: TPS 012 | Q13: TPS 013 | R13: TPS 014
B14: Jumlah Pemilih dalam Daftar Pemilih Tetap (DPT) | D14: LK | E14: 118 | F14: 97 | G14: 102 | H14: 133 | I14: 136 | J14: 127 | K14: 134 | L14: 118 | M14: 141 | N14: 140 | O14: 132 | P14: 134 | Q14: 143 | R14: 94 | S14: =SUM(E14:R14) -> 1749
D15: PR | E15: 116 | F15: 103 | G15: 110 | H15: 126 | I15: 128 | J15: 130 | K15: 141 | L15: 131 | M15: 131 | N15: 124 | O15: 144 | P15: 143 | Q15: 129 | R15: 86 | S15: =SUM(E15:R15) -> 1742
D16: JML | E16: =SUM(E14:E15) -> 234 | F16: =SUM(F14:F15) -> 200 | G16: =SUM(G14:G15) -> 212 | H16: =SUM(H14:H15) -> 259 | I16: =SUM(I14:I15) -> 264 | J16: =SUM(J14:J15) -> 257 | K16: =SUM(K14:K15) -> 275 | L16: =SUM(L14:L15) -> 249 | ... R16: =SUM(R14:R15) -> 180 | S16: =SUM(E16:R16) -> 3491
A18: B | B18: PENGGUNA HAK PILIH
B19: 1. | C19: Jumlah pengguna hak pilih dalam Daftar Pemilih Tetap (DPT) | D19: LK | E19: 85 | F19: 60 | G19: 73 | H19: 92 | I19: 96 | J19: 94 | K19: 100 | L19: 77 | M19: 96 | N19: 106 | O19: 109 | P19: 91 | Q19: 95 | R19: 74 | S19: =SUM(E19:R19) -> 1248
D20: PR | E20: 88 | F20: 72 | G20: 85 | H20: 100 | I20: 108 | J20: 89 | K20: 113 | L20: 96 | M20: 101 | N20: 111 | O20: 99 | P20: 107 | Q20: 103 | R20: 65 | S20: =SUM(E20:R20) -> 1337
D21: JML | E21: =SUM(E19:E20) -> 173 | F21: =SUM(F19:F20) -> 132 | G21: =SUM(G19:G20) -> 158 | H21: =SUM(H19:H20) -> 192 | I21: =SUM(I19:I20) -> 204 | J21: =SUM(J19:J20) -> 183 | K21: =SUM(K19:K20) -> 213 | L21: =SUM(L19:L20) -> 173 | ... R21: =SUM(R19:R20) -> 139 | S21: =SUM(E21:R21) -> 2585
B22: 2. | C22: Jumlah pengguna hak pilih dalam Daftar Pemilih Tambahan (DPTb) | D22: LK | E22: 1 | F22: 0 | G22: 1 | H22: 0 | I22: 0 | J22: 0 | K22: 2 | L22: 1 | M22: 0 | N22: 0 | O22: 0 | P22: 1 | Q22: 0 | R22: 0 | S22: =SUM(E22:R22) -> 6
D23: PR | E23: 1 | F23: 0 | G23: 0 | H23: 0 | I23: 0 | J23: 0 | K23: 0 | L23: 1 | M23: 1 | N23: 0 | O23: 1 | P23: 1 | Q23: 1 | R23: 0 | S23: =SUM(E23:R23) -> 6
D24: JML | E24: =SUM(E22:E23) -> 2 | F24: =SUM(F22:F23) -> 0 | G24: =SUM(G22:G23) -> 1 | H24: =SUM(H22:H23) -> 0 | I24: =SUM(I22:I23) -> 0 | J24: =SUM(J22:J23) -> 0 | K24: =SUM(K22:K23) -> 2 | L24: =SUM(L22:L23) -> 2 | ... R24: =SUM(R22:R23) -> 0 | S24: =SUM(E24:R24) -> 12
B25: 3. | C25: Jumlah pengguna hak pilih dalam Daftar Pemilih Khusus (DPK) | D25: LK | E25: 0 | F25: 0 | G25: 0 | H25: 0 | I25: 0 | J25: 0 | K25: 0 | L25: 3 | M25: 0 | N25: 0 | O25: 3 | P25: 1 | Q25: 0 | R25: 0 | S25: =SUM(E25:R25) -> 7
D26: PR | E26: 0 | F26: 0 | G26: 0 | H26: 1 | I26: 0 | J26: 0 | K26: 1 | L26: 1 | M26: 3 | N26: 0 | O26: 3 | P26: 1 | Q26: 0 | R26: 0 | S26: =SUM(E26:R26) -> 10
D27: JML | E27: =SUM(E25:E26) -> 0 | F27: =SUM(F25:F26) -> 0 | G27: =SUM(G25:G26) -> 0 | H27: =SUM(H25:H26) -> 1 | I27: =SUM(I25:I26) -> 0 | J27: =SUM(J25:J26) -> 0 | K27: =SUM(K25:K26) -> 1 | L27: =SUM(L25:L26) -> 4 | ... R27: =SUM(R25:R26) -> 0 | S27: =SUM(E27:R27) -> 17
B28: 4. | C28: Jumlah Pengguna Hak Pilih (B.1+B.2+B.3) | D28: LK | E28: =SUM(E19,E22,E25) -> 86 | F28: =SUM(F19,F22,F25) -> 60 | G28: =SUM(G19,G22,G25) -> 74 | H28: =SUM(H19,H22,H25) -> 92 | I28: =SUM(I19,I22,I25) -> 96 | J28: =SUM(J19,J22,J25) -> 94 | K28: =SUM(K19,K22,K25) -> 102 | L28: =SUM(L19,L22,L25) -> 81 | ... R28: =SUM(R19,R22,R25) -> 74 | S28: =SUM(E28:R28) -> 1261
D29: PR | E29: =SUM(E20,E23,E26) -> 89 | F29: =SUM(F20,F23,F26) -> 72 | G29: =SUM(G20,G23,G26) -> 85 | H29: =SUM(H20,H23,H26) -> 101 | I29: =SUM(I20,I23,I26) -> 108 | J29: =SUM(J20,J23,J26) -> 89 | K29: =SUM(K20,K23,K26) -> 114 | L29: =SUM(L20,L23,L26) -> 98 | ... R29: =SUM(R20,R23,R26) -> 65 | S29: =SUM(E29:R29) -> 1353
D30: JML | E30: =SUM(E28:E29) -> 175 | F30: =SUM(F28:F29) -> 132 | G30: =SUM(G28:G29) -> 159 | H30: =SUM(H28:H29) -> 193 | I30: =SUM(I28:I29) -> 204 | J30: =SUM(J28:J29) -> 183 | K30: =SUM(K28:K29) -> 216 | L30: =SUM(L28:L29) -> 179 | ... R30: =SUM(R28:R29) -> 139 | S30: =SUM(E30:R30) -> 2614
A32: II | B32: DATA PENGGUNAAN SURAT SUARA
A33: 1 | B33: Jumlah surat suara yang diterima, termasuk surat suara cadangan 2,5% dari DPT | E33: 239 | F33: 224 | G33: 216 | H33: 204 | I33: 209 | J33: 261 | K33: 251 | L33: 254 | M33: 279 | N33: 269 | O33: 212 | P33: 272 | Q33: 278 | R33: 169 | S33: =SUM(E33:R33) -> 3337
A34: 2 | B34: Jumlah surat suara yang digunakan | E34: 175 | F34: 132 | G34: 159 | H34: 193 | I34: 204 | J34: 183 | K34: 216 | L34: 179 | M34: 201 | N34: 217 | O34: 215 | P34: 202 | Q34: 199 | R34: 139 | S34: =SUM(E34:R34) -> 2614
A35: 3 | B35: Jumlah surat suara dikembalikan oleh pemilih (karena rusak atau keliru coblos) | E35: 0 | F35: 0 | G35: 2 | H35: 0 | I35: 0 | J35: 3 | K35: 0 | L35: 0 | M35: 1 | N35: 0 | O35: 0 | P35: 1 | Q35: 0 | R35: 0 | S35: =SUM(E35:R35) -> 7
A36: 4 | B36: Jumlah surat suara yang tidak digunakan/tidak terpakai, termasuk sisa surat suara cadangan | E36: =E33-(E34+E35) -> 64 | F36: =F33-(F34+F35) -> 92 | G36: =G33-(G34+G35) -> 55 | H36: =H33-(H34+H35) -> 11 | I36: =I33-(I34+I35) -> 5 | J36: =J33-(J34+J35) -> 75 | K36: =K33-(K34+K35) -> 35 | L36: =L33-(L34+L35) -> 75 | ... R36: =R33-(R34+R35) -> 30 | S36: =SUM(E36:R36) -> 716
A38: III | B38: DATA PEMILIH DISABILITAS
B39: Jumlah seluruh Pemilih disabilitas yang menggunakan hak pilih | D39: LK | P39: 1 | S39: =SUM(E39:R39) -> 1
D40: PR | S40: =SUM(E40:R40) -> 0
D41: JML | E41: =SUM(E39:E40) -> 0 | F41: =SUM(F39:F40) -> 0 | G41: =SUM(G39:G40) -> 0 | H41: =SUM(H39:H40) -> 0 | I41: =SUM(I39:I40) -> 0 | J41: =SUM(J39:J40) -> 0 | K41: =SUM(K39:K40) -> 0 | L41: =SUM(L39:L40) -> 0 | ... R41: =SUM(R39:R40) -> 0 | S41: =SUM(E41:R41) -> 1
A43: IV | B43: DATA RINCIAN PEROLEHAN SUARA PASANGAN CALON BUPATI DAN WAKIL BUPATI
A44: NOMOR DAN NAMA CALON
A45: A.1 | B45: 1. | C45: Partai Kebangkitan Bangsa | E45: 8 | F45: 5 | G45: 7 | H45: 7 | I45: 3 | J45: 1 | K45: 9 | L45: 7 | M45: 1 | N45: 2 | O45: 4 | P45: 6 | Q45: 2 | R45: 19 | S45: =SUM(E45:R45) -> 81
A46: A.2 | B46: 1 | C46: 1. Dr. Hj. NIHAYATUL WAFIROH, M.A. | E46: 36 | F46: 17 | G46: 7 | H46: 28 | I46: 19 | J46: 6 | K46: 55 | L46: 31 | M46: 10 | N46: 4 | O46: 5 | P46: 11 | Q46: 7 | R46: 24 | S46: =SUM(E46:R46) -> 260
B47: 2 | C47: 2. H. M. NASIM KHAN | E47: 1 | F47: 1 | G47: 1 | H47: 0 | I47: 0 | J47: 1 | K47: 1 | L47: 0 | M47: 5 | N47: 3 | O47: 1 | P47: 0 | Q47: 0 | R47: 2 | S47: =SUM(E47:R47) -> 16
B48: 3 | C48: 3. Dr. H. AKIK ZAMAN, M.Pd.I. | E48: 1 | F48: 0 | G48: 0 | H48: 1 | I48: 0 | J48: 0 | K48: 1 | L48: 0 | M48: 1 | N48: 0 | O48: 2 | P48: 0 | Q48: 1 | R48: 1 | S48: =SUM(E48:R48) -> 8
B49: 4 | C49: 4. AHMAD RIFA'I, S.H. | E49: 0 | F49: 0 | G49: 0 | H49: 2 | I49: 0 | J49: 1 | K49: 2 | L49: 0 | M49: 0 | N49: 2 | O49: 0 | P49: 1 | Q49: 1 | R49: 0 | S49: =SUM(E49:R49) -> 9
B50: 5 | C50: 5. Drs. H. MAHFUD M.N. | E50: 0 | F50: 1 | G50: 1 | H50: 0 | I50: 0 | J50: 0 | K50: 1 | L50: 1 | M50: 0 | N50: 1 | O50: 0 | P50: 0 | Q50: 0 | R50: 0 | S50: =SUM(E50:R50) -> 5
B51: 6 | C51: 6. NURHAYATI, S.Pd. | E51: 0 | F51: 0 | G51: 0 | H51: 0 | I51: 1 | J51: 0 | K51: 0 | L51: 0 | M51: 0 | N51: 0 | O51: 0 | P51: 0 | Q51: 0 | R51: 0 | S51: =SUM(E51:R51) -> 1
B52: 7 | C52: 7. MAFTUHA KISWAH | E52: 0 | F52: 0 | G52: 0 | H52: 1 | I52: 0 | J52: 0 | K52: 0 | L52: 0 | M52: 0 | N52: 0 | O52: 0 | P52: 2 | Q52: 0 | R52: 0 | S52: =SUM(E52:R52) -> 3
S53: =SUM(E53:R53) -> 0
S54: =SUM(E54:R54) -> 0
A55: B | B55: JUMLAH SUARA SAH PARTAI POLITIK DAN CALON (A1 + A2) | E55: =SUM(E45:E54) -> 46 | F55: =SUM(F45:F54) -> 24 | G55: =SUM(G45:G54) -> 16 | H55: =SUM(H45:H54) -> 39 | I55: =SUM(I45:I54) -> 23 | J55: =SUM(J45:J54) -> 9 | K55: =SUM(K45:K54) -> 69 | L55: =SUM(L45:L54) -> 39 | ... S55: =SUM(S45:S54) -> 383
A57: A.1 | B57: 2. | C57: Partai Gerakan Indonesia Raya | E57: 13 | F57: 10 | G57: 11 | H57: 24 | I57: 28 | J57: 50 | K57: 20 | L57: 20 | M57: 31 | N57: 24 | O57: 22 | P57: 21 | Q57: 26 | R57: 19 | S57: =SUM(E57:R57) -> 319
A58: A.2 | B58: 1 | C58: 1. SUMAIL ABDULLAH | E58: 29 | F58: 21 | G58: 21 | H58: 32 | I58: 51 | J58: 58 | K58: 29 | L58: 18 | M58: 20 | N58: 24 | O58: 25 | P58: 31 | Q58: 19 | R58: 13 | S58: =SUM(E58:R58) -> 391
B59: 2 | C59: 2. MUHAMMAD ALI ADRIAN SALEH | E59: 3 | F59: 9 | G59: 4 | H59: 7 | I59: 6 | J59: 4 | K59: 3 | L59: 5 | M59: 12 | N59: 2 | O59: 5 | P59: 9 | Q59: 11 | R59: 5 | S59: =SUM(E59:R59) -> 85
B60: 3 | C60: 3. DURROTUN NAFISAH | E60: 3 | F60: 1 | G60: 0 | H60: 1 | I60: 0 | J60: 2 | K60: 3 | L60: 1 | M60: 4 | N60: 1 | O60: 0 | P60: 3 | Q60: 1 | R60: 2 | S60: =SUM(E60:R60) -> 22
B61: 4 | C61: 4. H. EKO SUSILO NURHIDAYAT | E61: 1 | F61: 2 | G61: 1 | H61: 1 | I61: 6 | J61: 5 | K61: 1 | L61: 3 | M61: 2 | N61: 2 | O61: 1 | P61: 3 | Q61: 4 | R61: 1 | S61: =SUM(E61:R61) -> 33
B62: 5 | C62: 5. KARNADI HARIJANTO, S.S. | E62: 1 | F62: 0 | G62: 1 | H62: 1 | I62: 1 | J62: 1 | K62: 2 | L62: 0 | M62: 0 | N62: 0 | O62: 0 | P62: 1 | Q62: 2 | R62: 1 | S62: =SUM(E62:R62) -> 11
B63: 6 | C63: 6. NURHAYATI | E63: 1 | F63: 0 | G63: 2 | H63: 2 | I63: 3 | J63: 1 | K63: 0 | L63: 1 | M63: 1 | N63: 0 | O63: 3 | P63: 1 | Q63: 2 | R63: 1 | S63: =SUM(E63:R63) -> 18
B64: 7 | C64: 7. MASHUDI | E64: 0 | F64: 0 | G64: 0 | H64: 1 | I64: 0 | J64: 0 | K64: 0 | L64: 0 | M64: 0 | N64: 0 | O64: 0 | P64: 0 | Q64: 0 | R64: 0 | S64: =SUM(E64:R64) -> 1
S65: =SUM(E65:R65) -> 0
S66: =SUM(E66:R66) -> 0
A67: B | B67: JUMLAH SUARA SAH PARTAI POLITIK DAN CALON (A1 + A2) | E67: =SUM(E57:E66) -> 51 | F67: =SUM(F57:F66) -> 43 | G67: =SUM(G57:G66) -> 40 | H67: =SUM(H57:H66) -> 69 | I67: =SUM(I57:I66) -> 95 | J67: =SUM(J57:J66) -> 121 | K67: =SUM(K57:K66) -> 58 | L67: =SUM(L57:L66) -> 48 | ... S67: =SUM(S57:S66) -> 880
A69: A.1 | B69: 3. | C69: Partai Demokrasi Indonesia Perjuangan | E69: 3 | F69: 4 | G69: 3 | H69: 3 | I69: 3 | J69: 4 | K69: 3 | L69: 2 | M69: 2 | N69: 19 | O69: 10 | P69: 10 | Q69: 18 | R69: 4 | S69: =SUM(E69:R69) -> 88
A70: A.2 | B70: 1 | C70: 1. SONNY TRI DANAPARAMITA, S.H., M.H. | E70: 9 | F70: 4 | G70: 2 | H70: 2 | I70: 0 | J70: 1 | K70: 5 | L70: 3 | M70: 10 | N70: 17 | O70: 5 | P70: 7 | Q70: 3 | R70: 2 | S70: =SUM(E70:R70) -> 70
B71: 2 | C71: 2. H. MOHAMAD GUNTUR ROMLI | E71: 1 | F71: 0 | G71: 1 | H71: 0 | I71: 0 | J71: 0 | K71: 1 | L71: 0 | M71: 4 | N71: 1 | O71: 2 | P71: 5 | Q71: 2 | R71: 0 | S71: =SUM(E71:R71) -> 17
B72: 3 | C72: 3. INA AMMANIA | E72: 0 | F72: 0 | G72: 5 | H72: 1 | I72: 11 | J72: 3 | K72: 0 | L72: 3 | M72: 31 | N72: 5 | O72: 50 | P72: 7 | Q72: 15 | R72: 0 | S72: =SUM(E72:R72) -> 131
B73: 4 | C73: 4. IRWAN BACHTIAR RACHMAT, M.Si. | E73: 0 | F73: 0 | G73: 1 | H73: 0 | I73: 0 | J73: 0 | K73: 0 | L73: 0 | M73: 1 | N73: 1 | O73: 1 | P73: 0 | Q73: 0 | R73: 0 | S73: =SUM(E73:R73) -> 4
B74: 5 | C74: 5. LUCKY PERDANA | E74: 16 | F74: 3 | G74: 28 | H74: 18 | I74: 20 | J74: 2 | K74: 17 | L74: 7 | M74: 1 | N74: 11 | O74: 6 | P74: 5 | Q74: 10 | R74: 0 | S74: =SUM(E74:R74) -> 144
B75: 6 | C75: 6. WIWIK PUJIYATI | E75: 0 | F75: 0 | G75: 0 | H75: 0 | I75: 1 | J75: 0 | K75: 0 | L75: 1 | M75: 1 | N75: 3 | O75: 1 | P75: 0 | Q75: 0 | R75: 0 | S75: =SUM(E75:R75) -> 7
B76: 7 | C76: 7. CHANDRA ASTAN, S.T. | E76: 0 | F76: 0 | G76: 0 | H76: 0 | I76: 0 | J76: 0 | K76: 0 | L76: 0 | M76: 0 | N76: 0 | O76: 0 | P76: 0 | Q76: 0 | R76: 0 | S76: =SUM(E76:R76) -> 0
S77: =SUM(E77:R77) -> 0
S78: =SUM(E78:R78) -> 0
A79: B | B79: JUMLAH SUARA SAH PARTAI POLITIK DAN CALON (A1 + A2) | E79: =SUM(E69:E78) -> 29 | F79: =SUM(F69:F78) -> 11 | G79: =SUM(G69:G78) -> 40 | H79: =SUM(H69:H78) -> 24 | I79: =SUM(I69:I78) -> 35 | J79: =SUM(J69:J78) -> 10 | K79: =SUM(K69:K78) -> 26 | L79: =SUM(L69:L78) -> 16 | ... S79: =SUM(S69:S78) -> 461
A81: A.1 | B81: 4. | C81: Partai Golongan Karya | E81: 1 | F81: 2 | G81: 2 | H81: 1 | I81: 1 | J81: 2 | K81: 1 | L81: 4 | M81: 3 | N81: 7 | O81: 1 | P81: 2 | Q81: 4 | R81: 1 | S81: =SUM(E81:R81) -> 32
A82: A.2 | B82: 1 | C82: 1. ZULFIKAR ARSE SADIKIN, S.I.P., M.Si. | E82: 1 | F82: 4 | G82: 8 | H82: 1 | I82: 3 | J82: 1 | K82: 6 | L82: 28 | M82: 2 | N82: 16 | O82: 3 | P82: 8 | Q82: 11 | R82: 4 | S82: =SUM(E82:R82) -> 96
B83: 2 | C83: 2. HANDOKO | E83: 0 | F83: 2 | G83: 1 | H83: 4 | I83: 0 | J83: 0 | K83: 0 | L83: 0 | M83: 1 | N83: 2 | O83: 1 | P83: 5 | Q83: 4 | R83: 0 | S83: =SUM(E83:R83) -> 20
B84: 3 | C84: 3. Hj. OVI DEWI YANTI | E84: 0 | F84: 0 | G84: 1 | H84: 0 | I84: 0 | J84: 0 | K84: 0 | L84: 0 | M84: 0 | N84: 1 | O84: 0 | P84: 0 | Q84: 0 | R84: 0 | S84: =SUM(E84:R84) -> 2
B85: 4 | C85: 4. Ir. AZAM AZMAN NATAWIJANA | E85: 0 | F85: 0 | G85: 0 | H85: 0 | I85: 0 | J85: 0 | K85: 0 | L85: 0 | M85: 0 | N85: 1 | O85: 0 | P85: 0 | Q85: 0 | R85: 1 | S85: =SUM(E85:R85) -> 2
B86: 5 | C86: 5. UBAIDILLAH AMIN, S.Kom. | E86: 0 | F86: 0 | G86: 0 | H86: 0 | I86: 0 | J86: 0 | K86: 0 | L86: 0 | M86: 1 | N86: 0 | O86: 0 | P86: 5 | Q86: 0 | R86: 0 | S86: =SUM(E86:R86) -> 6
B87: 6 | C87: 6. DENNY YUNIANDARI, S.H., M.Kn. | E87: 0 | F87: 0 | G87: 0 | H87: 0 | I87: 0 | J87: 0 | K87: 0 | L87: 0 | M87: 0 | N87: 0 | O87: 0 | P87: 0 | Q87: 0 | R87: 0 | S87: =SUM(E87:R87) -> 0
B88: 7 | C88: 7. ERNADI, S.H.I. | E88: 0 | F88: 0 | G88: 0 | H88: 0 | I88: 0 | J88: 0 | K88: 0 | L88: 0 | M88: 0 | N88: 0 | O88: 0 | P88: 0 | Q88: 0 | R88: 0 | S88: =SUM(E88:R88) -> 0
S89: =SUM(E89:R89) -> 0
S90: =SUM(E90:R90) -> 0
A91: B | B91: JUMLAH SUARA SAH PARTAI POLITIK DAN CALON (A1 + A2) | E91: =SUM(E81:E90) -> 2 | F91: =SUM(F81:F90) -> 8 | G91: =SUM(G81:G90) -> 12 | H91: =SUM(H81:H90) -> 6 | I91: =SUM(I81:I90) -> 4 | J91: =SUM(J81:J90) -> 3 | K91: =SUM(K81:K90) -> 7 | L91: =SUM(L81:L90) -> 32 | ... S91: =SUM(S81:S90) -> 158
A93: A.1 | B93: 5. | C93: Partai NasDem | E93: 0 | F93: 1 | G93: 3 | H93: 2 | I93: 1 | J93: 0 | K93: 0 | L93: 1 | M93: 0 | N93: 0 | O93: 0 | P93: 0 | Q93: 1 | R93: 0 | S93: =SUM(E93:R93) -> 9
A94: A.2 | B94: 1 | C94: 1. ACH. FADIL MUZAKKI SYAH | E94: 1 | F94: 0 | G94: 2 | H94: 1 | I94: 0 | J94: 0 | K94: 0 | L94: 0 | M94: 1 | N94: 2 | O94: 0 | P94: 0 | Q94: 2 | R94: 0 | S94: =SUM(E94:R94) -> 9
B95: 2 | C95: 2. BENY | E95: 12 | F95: 10 | G95: 8 | H95: 2 | I95: 1 | J95: 0 | K95: 0 | L95: 0 | M95: 3 | N95: 2 | O95: 1 | P95: 3 | Q95: 0 | R95: 0 | S95: =SUM(E95:R95) -> 42
B96: 3 | C96: 3. VINA VERONIKA | E96: 0 | F96: 0 | G96: 1 | H96: 0 | I96: 0 | J96: 0 | K96: 0 | L96: 0 | M96: 1 | N96: 0 | O96: 0 | P96: 0 | Q96: 0 | R96: 0 | S96: =SUM(E96:R96) -> 2
B97: 4 | C97: 4. TEDDY ANUGRIANTO | E97: 1 | F97: 0 | G97: 0 | H97: 0 | I97: 0 | J97: 0 | K97: 0 | L97: 0 | M97: 0 | N97: 0 | O97: 0 | P97: 1 | Q97: 0 | R97: 0 | S97: =SUM(E97:R97) -> 2
B98: 5 | C98: 5. INSAN KAMIL | E98: 0 | F98: 0 | G98: 0 | H98: 0 | I98: 0 | J98: 0 | K98: 0 | L98: 0 | M98: 1 | N98: 0 | O98: 0 | P98: 1 | Q98: 1 | R98: 0 | S98: =SUM(E98:R98) -> 3
B99: 6 | C99: 6. LILIK LINDARWATI | E99: 0 | F99: 0 | G99: 0 | H99: 0 | I99: 0 | J99: 0 | K99: 0 | L99: 0 | M99: 0 | N99: 0 | O99: 0 | P99: 0 | Q99: 0 | R99: 0 | S99: =SUM(E99:R99) -> 0
B100: 7 | C100: 7. YULI ANITA | E100: 0 | F100: 0 | G100: 0 | H100: 0 | I100: 0 | J100: 0 | K100: 0 | L100: 0 | M100: 0 | N100: 0 | O100: 0 | P100: 0 | Q100: 0 | R100: 0 | S100: =SUM(E100:R100) -> 0
S101: =SUM(E101:R101) -> 0
S102: =SUM(E102:R102) -> 0
A103: B | B103: JUMLAH SUARA SAH PARTAI POLITIK DAN CALON (A1 + A2) | E103: =SUM(E93:E102) -> 14 | F103: =SUM(F93:F102) -> 11 | G103: =SUM(G93:G102) -> 14 | H103: =SUM(H93:H102) -> 5 | I103: =SUM(I93:I102) -> 2 | J103: =SUM(J93:J102) -> 0 | K103: =SUM(K93:K102) -> 0 | L103: =SUM(L93:L102) -> 1 | ... S103: =SUM(S93:S102) -> 67
A105: A.1 | B105: 6. | C105: Partai Buruh | E105: 0 | F105: 0 | G105: 0 | H105: 2 | I105: 0 | J105: 0 | K105: 0 | L105: 0 | M105: 0 | N105: 0 | O105: 0 | P105: 0 | Q105: 0 | R105: 0 | S105: =SUM(E105:R105) -> 2
A106: A.2 | B106: 1 | C106: 1. KHOIRUL ANAM | E106: 0 | F106: 0 | G106: 0 | H106: 0 | I106: 0 | J106: 1 | K106: 1 | L106: 0 | M106: 0 | N106: 0 | O106: 0 | P106: 0 | Q106: 0 | R106: 0 | S106: =SUM(E106:R106) -> 2
B107: 2 | C107: 2. INA KURNIA | E107: 0 | F107: 0 | G107: 0 | H107: 0 | I107: 0 | J107: 0 | K107: 0 | L107: 0 | M107: 0 | N107: 0 | O107: 2 | P107: 1 | Q107: 0 | R107: 0 | S107: =SUM(E107:R107) -> 3
B108: 3 | C108: 3. JIBRAL TAROUK | E108: 0 | F108: 0 | G108: 0 | H108: 0 | I108: 0 | J108: 0 | K108: 0 | L108: 0 | M108: 0 | N108: 0 | O108: 0 | P108: 0 | Q108: 0 | R108: 0 | S108: =SUM(E108:R108) -> 0
B109: 4 | C109: 4. ASTUTI DAENG PUJI | E109: 0 | F109: 0 | G109: 0 | H109: 0 | I109: 0 | J109: 0 | K109: 0 | L109: 0 | M109: 0 | N109: 0 | O109: 0 | P109: 0 | Q109: 0 | R109: 0 | S109: =SUM(E109:R109) -> 0
B110: 5 | C110: 5. ASDARMAWAN | E110: 0 | F110: 0 | G110: 0 | H110: 0 | I110: 0 | J110: 0 | K110: 0 | L110: 0 | M110: 0 | N110: 0 | O110: 0 | P110: 0 | Q110: 0 | R110: 0 | S110: =SUM(E110:R110) -> 0
B111: 6 | C111: 6. RIFQI MUBAROK | E111: 0 | F111: 0 | G111: 0 | H111: 0 | I111: 0 | J111: 0 | K111: 0 | L111: 0 | M111: 0 | N111: 0 | O111: 0 | P111: 0 | Q111: 0 | R111: 0 | S111: =SUM(E111:R111) -> 0
B112: 7 | C112: 7. FIRNANDA ALTA MEGA | E112: 0 | F112: 0 | G112: 0 | H112: 0 | I112: 0 | J112: 0 | K112: 0 | L112: 0 | M112: 0 | N112: 0 | O112: 0 | P112: 0 | Q112: 0 | R112: 0 | S112: =SUM(E112:R112) -> 0
S113: =SUM(E113:R113) -> 0
S114: =SUM(E114:R114) -> 0
A115: B | B115: JUMLAH SUARA SAH PARTAI POLITIK DAN CALON (A1 + A2) | E115: =SUM(E105:E114) -> 0 | F115: =SUM(F105:F114) -> 0 | G115: =SUM(G105:G114) -> 0 | H115: =SUM(H105:H114) -> 2 | I115: =SUM(I105:I114) -> 0 | J115: =SUM(J105:J114) -> 1 | K115: =SUM(K105:K114) -> 1 | L115: =SUM(L105:L114) -> 0 | ... S115: =SUM(S105:S114) -> 7
A117: A.1 | B117: 7. | C117: Partai Gelombang Rakyat Indonesia | E117: 0 | F117: 0 | G117: 0 | H117: 0 | I117: 0 | J117: 0 | K117: 1 | L117: 0 | M117: 1 | N117: 0 | O117: 0 | P117: 0 | Q117: 0 | S117: =SUM(E117:R117) -> 2
...

Sheet KEMIRI
C2: Kecamatan | D2: SINGOJURUH
C3: Kabupaten | D3: BANYUWANGI
C4: Provinsi | D4: JAWA TIMUR
C9: Kelurahan | D9: KEMIRI
A12: I | B12: DATA PEMILIH DAN PENGGUNAAN HAK PILIH | U12: JUMLAH AKHIR
A13: A | B13: DATA PEMILIH | E13: TPS 001 | F13: TPS 002 | G13: TPS 003 | H13: TPS 004 | I13: TPS 005 | J13: TPS 006 | K13: TPS 007 | L13: TPS 008 | M13: TPS 009 | N13: TPS 010 | O13: TPS 011 | P13: TPS 012 | Q13: TPS 013 | R13: TPS 014 | S13: TPS 015 | T13: TPS 016
B14: Jumlah Pemilih dalam Daftar Pemilih Tetap (DPT) | D14: LK | U14: =SUM(E14:T14) -> 0
D15: PR | U15: =SUM(E15:T15) -> 0
D16: JML | E16: =SUM(E14:E15) -> 0 | F16: =SUM(F14:F15) -> 0 | G16: =SUM(G14:G15) -> 0 | H16: =SUM(H14:H15) -> 0 | I16: =SUM(I14:I15) -> 0 | J16: =SUM(J14:J15) -> 0 | K16: =SUM(K14:K15) -> 0 | L16: =SUM(L14:L15) -> 0 | ... T16: =SUM(T14:T15) -> 0 | U16: =SUM(E16:T16) -> 0
A18: B | B18: PENGGUNA HAK PILIH
B19: 1. | C19: Jumlah pengguna hak pilih dalam Daftar Pemilih Tetap (DPT) | D19: LK | U19: =SUM(E19:T19) -> 0
D20: PR | U20: =SUM(E20:T20) -> 0
D21: JML | E21: =SUM(E19:E20) -> 0 | F21: =SUM(F19:F20) -> 0 | G21: =SUM(G19:G20) -> 0 | H21: =SUM(H19:H20) -> 0 | I21: =SUM(I19:I20) -> 0 | J21: =SUM(J19:J20) -> 0 | K21: =SUM(K19:K20) -> 0 | L21: =SUM(L19:L20) -> 0 | ... T21: =SUM(T19:T20) -> 0 | U21: =SUM(E21:T21) -> 0
B22: 2. | C22: Jumlah pengguna hak pilih dalam Daftar Pemilih Tambahan (DPTb) | D22: LK | U22: =SUM(E22:T22) -> 0
D23: PR | U23: =SUM(E23:T23) -> 0
D24: JML | E24: =SUM(E22:E23) -> 0 | F24: =SUM(F22:F23) -> 0 | G24: =SUM(G22:G23) -> 0 | H24: =SUM(H22:H23) -> 0 | I24: =SUM(I22:I23) -> 0 | J24: =SUM(J22:J23) -> 0 | K24: =SUM(K22:K23) -> 0 | L24: =SUM(L22:L23) -> 0 | ... T24: =SUM(T22:T23) -> 0 | U24: =SUM(E24:T24) -> 0
B25: 3. | C25: Jumlah pengguna hak pilih dalam Daftar Pemilih Khusus (DPK) | D25: LK | U25: =SUM(E25:T25) -> 0
D26: PR | U26: =SUM(E26:T26) -> 0
D27: JML | E27: =SUM(E25:E26) -> 0 | F27: =SUM(F25:F26) -> 0 | G27: =SUM(G25:G26) -> 0 | H27: =SUM(H25:H26) -> 0 | I27: =SUM(I25:I26) -> 0 | J27: =SUM(J25:J26) -> 0 | K27: =SUM(K25:K26) -> 0 | L27: =SUM(L25:L26) -> 0 | ... T27: =SUM(T25:T26) -> 0 | U27: =SUM(E27:T27) -> 0
B28: 4. | C28: Jumlah Pengguna Hak Pilih (B.1+B.2+B.3) | D28: LK | E28: =SUM(E19,E22,E25) -> 0 | F28: =SUM(F19,F22,F25) -> 0 | G28: =SUM(G19,G22,G25) -> 0 | H28: =SUM(H19,H22,H25) -> 0 | I28: =SUM(I19,I22,I25) -> 0 | J28: =SUM(J19,J22,J25) -> 0 | K28: =SUM(K19,K22,K25) -> 0 | L28: =SUM(L19,L22,L25) -> 0 | ... T28: =SUM(T19,T22,T25) -> 0 | U28: =SUM(E28:T28) -> 0
D29: PR | E29: =SUM(E20,E23,E26) -> 0 | F29: =SUM(F20,F23,F26) -> 0 | G29: =SUM(G20,G23,G26) -> 0 | H29: =SUM(H20,H23,H26) -> 0 | I29: =SUM(I20,I23,I26) -> 0 | J29: =SUM(J20,J23,J26) -> 0 | K29: =SUM(K20,K23,K26) -> 0 | L29: =SUM(L20,L23,L26) -> 0 | ... T29: =SUM(T20,T23,T26) -> 0 | U29: =SUM(E29:T29) -> 0
D30: JML | E30: =SUM(E28:E29) -> 0 | F30: =SUM(F28:F29) -> 0 | G30: =SUM(G28:G29) -> 0 | H30: =SUM(H28:H29) -> 0 | I30: =SUM(I28:I29) -> 0 | J30: =SUM(J28:J29) -> 0 | K30: =SUM(K28:K29) -> 0 | L30: =SUM(L28:L29) -> 0 | ... T30: =SUM(T28:T29) -> 0 | U30: =SUM(E30:T30) -> 0
A32: II | B32: DATA PENGGUNAAN SURAT SUARA
A33: 1 | B33: Jumlah surat suara yang diterima, termasuk surat suara cadangan 2,5% dari DPT | U33: =SUM(E33:T33) -> 0
A34: 2 | B34: Jumlah surat suara yang digunakan | U34: =SUM(E34:T34) -> 0
A35: 3 | B35: Jumlah surat suara dikembalikan oleh pemilih (karena rusak atau keliru coblos) | U35: =SUM(E35:T35) -> 0
A36: 4 | B36: Jumlah surat suara yang tidak digunakan/tidak terpakai, termasuk sisa surat suara cadangan | E36: =E33-(E34+E35) -> 0 | F36: =F33-(F34+F35) -> 0 | G36: =G33-(G34+G35) -> 0 | H36: =H33-(H34+H35) -> 0 | I36: =I33-(I34+I35) -> 0 | J36: =J33-(J34+J35) -> 0 | K36: =K33-(K34+K35) -> 0 | L36: =L33-(L34+L35) -> 0 | ... T36: =T33-(T34+T35) -> 0 | U36: =SUM(E36:T36) -> 0
A38: III | B38: DATA PEMILIH DISABILITAS
B39: Jumlah seluruh Pemilih disabilitas yang menggunakan hak pilih | D39: LK | U39: =SUM(E39:T39) -> 0
D40: PR | U40: =SUM(E40:T40) -> 0
D41: JML | E41: =SUM(E39:E40) -> 0 | F41: =SUM(F39:F40) -> 0 | G41: =SUM(G39:G40) -> 0 | H41: =SUM(H39:H40) -> 0 | I41: =SUM(I39:I40) -> 0 | J41: =SUM(J39:J40) -> 0 | K41: =SUM(K39:K40) -> 0 | L41: =SUM(L39:L40) -> 0 | ... T41: =SUM(T39:T40) -> 0 | U41: =SUM(E41:T41) -> 0
A43: IV | B43: DATA RINCIAN PEROLEHAN SUARA PASANGAN CALON BUPATI DAN WAKIL BUPATI
A44: NOMOR DAN NAMA CALON
A45: A.1 | B45: 1. | C45: Partai Kebangkitan Bangsa | U45: =SUM(E45:T45) -> 0
A46: A.2 | B46: 1 | C46: 1. Dr. Hj. NIHAYATUL WAFIROH, M.A. | U46: =SUM(E46:T46) -> 0
B47: 2 | C47: 2. H. M. NASIM KHAN | U47: =SUM(E47:T47) -> 0
B48: 3 | C48: 3. Dr. H. AKIK ZAMAN, M.Pd.I. | U48: =SUM(E48:T48) -> 0
B49: 4 | C49: 4. AHMAD RIFA'I, S.H. | U49: =SUM(E49:T49) -> 0
B50: 5 | C50: 5. Drs. H. MAHFUD M.N. | U50: =SUM(E50:T50) -> 0
B51: 6 | C51: 6. NURHAYATI, S.Pd. | U51: =SUM(E51:T51) -> 0
B52: 7 | C52: 7. MAFTUHA KISWAH | U52: =SUM(E52:T52) -> 0
U53: =SUM(E53:T53) -> 0
U54: =SUM(E54:T54) -> 0
A55: B | B55: JUMLAH SUARA SAH PARTAI POLITIK DAN CALON (A1 + A2) | E55: =SUM(E45:E54) -> 0 | F55: =SUM(F45:F54) -> 0 | G55: =SUM(G45:G54) -> 0 | H55: =SUM(H45:H54) -> 0 | I55: =SUM(I45:I54) -> 0 | J55: =SUM(J45:J54) -> 0 | K55: =SUM(K45:K54) -> 0 | L55: =SUM(L45:L54) -> 0 | ... U55: =SUM(U45:U54) -> 0
A57: A.1 | B57: 2. | C57: Partai Gerakan Indonesia Raya | U57: =SUM(E57:T57) -> 0
A58: A.2 | B58: 1 | C58: 1. SUMAIL ABDULLAH | U58: =SUM(E58:T58) -> 0
B59: 2 | C59: 2. MUHAMMAD ALI ADRIAN SALEH | U59: =SUM(E59:T59) -> 0
B60: 3 | C60: 3. DURROTUN NAFISAH | U60: =SUM(E60:T60) -> 0
B61: 4 | C61: 4. H. EKO SUSILO NURHIDAYAT | U61: =SUM(E61:T61) -> 0
B62: 5 | C62: 5. KARNADI HARIJANTO, S.S. | U62: =SUM(E62:T62) -> 0
B63: 6 | C63: 6. NURHAYATI | U63: =SUM(E63:T63) -> 0
B64: 7 | C64: 7. MASHUDI | U64: =SUM(E64:T64) -> 0
U65: =SUM(E65:T65) -> 0
U66: =SUM(E66:T66) -> 0
A67: B | B67: JUMLAH SUARA SAH PARTAI POLITIK DAN CALON (A1 + A2) | E67: =SUM(E57:E66) -> 0 | F67: =SUM(F57:F66) -> 0 | G67: =SUM(G57:G66) -> 0 | H67: =SUM(H57:H66) -> 0 | I67: =SUM(I57:I66) -> 0 | J67: =SUM(J57:J66) -> 0 | K67: =SUM(K57:K66) -> 0 | L67: =SUM(L57:L66) -> 0 | ... U67: =SUM(U57:U66) -> 0
A69: A.1 | B69: 3. | C69: Partai Demokrasi Indonesia Perjuangan | U69: =SUM(E69:T69) -> 0
A70: A.2 | B70: 1 | C70: 1. SONNY TRI DANAPARAMITA, S.H., M.H. | U70: =SUM(E70:T70) -> 0
B71: 2 | C71: 2. H. MOHAMAD GUNTUR ROMLI | U71: =SUM(E71:T71) -> 0
B72: 3 | C72: 3. INA AMMANIA | U72: =SUM(E72:T72) -> 0
B73: 4 | C73: 4. IRWAN BACHTIAR RACHMAT, M.Si. | U73: =SUM(E73:T73) -> 0
B74: 5 | C74: 5. LUCKY PERDANA | U74: =SUM(E74:T74) -> 0
B75: 6 | C75: 6. WIWIK PUJIYATI | U75: =SUM(E75:T75) -> 0
B76: 7 | C76: 7. CHANDRA ASTAN, S.T. | U76: =SUM(E76:T76) -> 0
U77: =SUM(E77:T77) -> 0
U78: =SUM(E78:T78) -> 0
A79: B | B79: JUMLAH SUARA SAH PARTAI POLITIK DAN CALON (A1 + A2) | E79: =SUM(E69:E78) -> 0 | F79: =SUM(F69:F78) -> 0 | G79: =SUM(G69:G78) -> 0 | H79: =SUM(H69:H78) -> 0 | I79: =SUM(I69:I78) -> 0 | J79: =SUM(J69:J78) -> 0 | K79: =SUM(K69:K78) -> 0 | L79: =SUM(L69:L78) -> 0 | ... U79: =SUM(U69:U78) -> 0
A81: A.1 | B81: 4. | C81: Partai Golongan Karya | U81: =SUM(E81:T81) -> 0
A82: A.2 | B82: 1 | C82: 1. ZULFIKAR ARSE SADIKIN, S.I.P., M.Si. | U82: =SUM(E82:T82) -> 0
B83: 2 | C83: 2. HANDOKO | U83: =SUM(E83:T83) -> 0
B84: 3 | C84: 3. Hj. OVI DEWI YANTI | U84: =SUM(E84:T84) -> 0
B85: 4 | C85: 4. Ir. AZAM AZMAN NATAWIJANA | U85: =SUM(E85:T85) -> 0
B86: 5 | C86: 5. UBAIDILLAH AMIN, S.Kom. | U86: =SUM(E86:T86) -> 0
B87: 6 | C87: 6. DENNY YUNIANDARI, S.H., M.Kn. | U87: =SUM(E87:T87) -> 0
B88: 7 | C88: 7. ERNADI, S.H.I. | U88: =SUM(E88:T88) -> 0
U89: =SUM(E89:T89) -> 0
U90: =SUM(E90:T90) -> 0
A91: B | B91: JUMLAH SUARA SAH PARTAI POLITIK DAN CALON (A1 + A2) | E91: =SUM(E81:E90) -> 0 | F91: =SUM(F81:F90) -> 0 | G91: =SUM(G81:G90) -> 0 | H91: =SUM(H81:H90) -> 0 | I91: =SUM(I81:I90) -> 0 | J91: =SUM(J81:J90) -> 0 | K91: =SUM(K81:K90) -> 0 | L91: =SUM(L81:L90) -> 0 | ... U91: =SUM(U81:U90) -> 0
A93: A.1 | B93: 5. | C93: Partai NasDem | U93: =SUM(E93:T93) -> 0
A94: A.2 | B94: 1 | C94: 1. ACH. FADIL MUZAKKI SYAH | U94: =SUM(E94:T94) -> 0
B95: 2 | C95: 2. BENY | U95: =SUM(E95:T95) -> 0
B96: 3 | C96: 3. VINA VERONIKA | U96: =SUM(E96:T96) -> 0
B97: 4 | C97: 4. TEDDY ANUGRIANTO | U97: =SUM(E97:T97) -> 0
B98: 5 | C98: 5. INSAN KAMIL | U98: =SUM(E98:T98) -> 0
B99: 6 | C99: 6. LILIK LINDARWATI | U99: =SUM(E99:T99) -> 0
B100: 7 | C100: 7. YULI ANITA | U100: =SUM(E100:T100) -> 0
U101: =SUM(E101:T101) -> 0
U102: =SUM(E102:T102) -> 0
A103: B | B103: JUMLAH SUARA SAH PARTAI POLITIK DAN CALON (A1 + A2) | E103: =SUM(E93:E102) -> 0 | F103: =SUM(F93:F102) -> 0 | G103: =SUM(G93:G102) -> 0 | H103: =SUM(H93:H102) -> 0 | I103: =SUM(I93:I102) -> 0 | J103: =SUM(J93:J102) -> 0 | K103: =SUM(K93:K102) -> 0 | L103: =SUM(L93:L102) -> 0 | ... U103: =SUM(U93:U102) -> 0
A105: A.1 | B105: 6. | C105: Partai Buruh | U105: =SUM(E105:T105) -> 0
A106: A.2 | B106: 1 | C106: 1. KHOIRUL ANAM | U106: =SUM(E106:T106) -> 0
B107: 2 | C107: 2. INA KURNIA | U107: =SUM(E107:T107) -> 0
B108: 3 | C108: 3. JIBRAL TAROUK | U108: =SUM(E108:T108) -> 0
B109: 4 | C109: 4. ASTUTI DAENG PUJI | U109: =SUM(E109:T109) -> 0
B110: 5 | C110: 5. ASDARMAWAN | U110: =SUM(E110:T110) -> 0
B111: 6 | C111: 6. RIFQI MUBAROK | U111: =SUM(E111:T111) -> 0
B112: 7 | C112: 7. FIRNANDA ALTA MEGA | U112: =SUM(E112:T112) -> 0
U113: =SUM(E113:T113) -> 0
U114: =SUM(E114:T114) -> 0
A115: B | B115: JUMLAH SUARA SAH PARTAI POLITIK DAN CALON (A1 + A2) | E115: =SUM(E105:E114) -> 0 | F115: =SUM(F105:F114) -> 0 | G115: =SUM(G105:G114) -> 0 | H115: =SUM(H105:H114) -> 0 | I115: =SUM(I105:I114) -> 0 | J115: =SUM(J105:J114) -> 0 | K115: =SUM(K105:K114) -> 0 | L115: =SUM(L105:L114) -> 0 | ... U115: =SUM(U105:U114) -> 0
A117: A.1 | B117: 7. | C117: Partai Gelombang Rakyat Indonesia | U117: =SUM(E117:T117) -> 0
...

Sheet LEMAHBANGKULON
C2: Kecamatan | D2: SINGOJURUH
C3: Kabupaten | D3: BANYUWANGI
C4: Provinsi | D4: JAWA TIMUR
C9: Kelurahan | D9: LEMAHBANGKULON
A12: I | B12: DATA PEMILIH DAN PENGGUNAAN HAK PILIH | Q12: JUMLAH AKHIR
A13: A | B13: DATA PEMILIH | E13: TPS 001 | F13: TPS 002 | G13: TPS 003 | H13: TPS 004 | I13: TPS 005 | J13: TPS 006 | K13: TPS 007 | L13: TPS 008 | M13: TPS 009 | N13: TPS 010 | O13: TPS 011 | P13: TPS 012
B14: Jumlah Pemilih dalam Daftar Pemilih Tetap (DPT) | D14: LK | E14: 124 | F14: 96 | G14: 127 | H14: 128 | I14: 121 | J14: 117 | K14: 127 | L14: 141 | M14: 108 | N14: 125 | O14: 84 | P14: 68 | Q14: =SUM(E14:P14) -> 1366
D15: PR | E15: 125 | F15: 98 | G15: 137 | H15: 122 | I15: 141 | J15: 139 | K15: 142 | L15: 138 | M15: 119 | N15: 141 | O15: 99 | P15: 83 | Q15: =SUM(E15:P15) -> 1484
D16: JML | E16: =SUM(E14:E15) -> 249 | F16: =SUM(F14:F15) -> 194 | G16: =SUM(G14:G15) -> 264 | H16: =SUM(H14:H15) -> 250 | I16: =SUM(I14:I15) -> 262 | J16: =SUM(J14:J15) -> 256 | K16: =SUM(K14:K15) -> 269 | L16: =SUM(L14:L15) -> 279 | ... P16: =SUM(P14:P15) -> 151 | Q16: =SUM(E16:P16) -> 2850
A18: B | B18: PENGGUNA HAK PILIH
B19: 1. | C19: Jumlah pengguna hak pilih dalam Daftar Pemilih Tetap (DPT) | D19: LK | E19: 85 | F19: 79 | G19: 88 | H19: 86 | I19: 93 | J19: 76 | K19: 105 | L19: 108 | M19: 75 | N19: 94 | O19: 62 | P19: 54 | Q19: =SUM(E19:P19) -> 1005
D20: PR | E20: 101 | F20: 79 | G20: 101 | H20: 94 | I20: 110 | J20: 111 | K20: 124 | L20: 105 | M20: 98 | N20: 106 | O20: 80 | P20: 62 | Q20: =SUM(E20:P20) -> 1171
D21: JML | E21: =SUM(E19:E20) -> 186 | F21: =SUM(F19:F20) -> 158 | G21: =SUM(G19:G20) -> 189 | H21: =SUM(H19:H20) -> 180 | I21: =SUM(I19:I20) -> 203 | J21: =SUM(J19:J20) -> 187 | K21: =SUM(K19:K20) -> 229 | L21: =SUM(L19:L20) -> 213 | ... P21: =SUM(P19:P20) -> 116 | Q21: =SUM(E21:P21) -> 2176
B22: 2. | C22: Jumlah pengguna hak pilih dalam Daftar Pemilih Tambahan (DPTb) | D22: LK | E22: 0 | F22: 0 | G22: 0 | H22: 0 | I22: 0 | J22: 1 | K22: 0 | L22: 1 | M22: 1 | N22: 4 | O22: 0 | P22: 1 | Q22: =SUM(E22:P22) -> 8
D23: PR | E23: 0 | F23: 1 | G23: 0 | H23: 0 | I23: 0 | J23: 1 | K23: 0 | L23: 0 | M23: 0 | N23: 3 | O23: 0 | P23: 0 | Q23: =SUM(E23:P23) -> 5
D24: JML | E24: =SUM(E22:E23) -> 0 | F24: =SUM(F22:F23) -> 1 | G24: =SUM(G22:G23) -> 0 | H24: =SUM(H22:H23) -> 0 | I24: =SUM(I22:I23) -> 0 | J24: =SUM(J22:J23) -> 2 | K24: =SUM(K22:K23) -> 0 | L24: =SUM(L22:L23) -> 1 | ... P24: =SUM(P22:P23) -> 1 | Q24: =SUM(E24:P24) -> 13
B25: 3. | C25: Jumlah pengguna hak pilih dalam Daftar Pemilih Khusus (DPK) | D25: LK | E25: 0 | F25: 2 | G25: 2 | H25: 1 | I25: 0 | J25: 1 | K25: 0 | L25: 0 | M25: 0 | N25: 0 | O25: 0 | P25: 1 | Q25: =SUM(E25:P25) -> 7
D26: PR | E26: 0 | F26: 0 | G26: 2 | H26: 0 | I26: 0 | J26: 1 | K26: 1 | L26: 0 | M26: 1 | N26: 0 | O26: 2 | P26: 1 | Q26: =SUM(E26:P26) -> 8
D27: JML | E27: =SUM(E25:E26) -> 0 | F27: =SUM(F25:F26) -> 2 | G27: =SUM(G25:G26) -> 4 | H27: =SUM(H25:H26) -> 1 | I27: =SUM(I25:I26) -> 0 | J27: =SUM(J25:J26) -> 2 | K27: =SUM(K25:K26) -> 1 | L27: =SUM(L25:L26) -> 0 | ... P27: =SUM(P25:P26) -> 2 | Q27: =SUM(E27:P27) -> 15
B28: 4. | C28: Jumlah Pengguna Hak Pilih (B.1+B.2+B.3) | D28: LK | E28: =SUM(E19,E22,E25) -> 85 | F28: =SUM(F19,F22,F25) -> 81 | G28: =SUM(G19,G22,G25) -> 90 | H28: =SUM(H19,H22,H25) -> 87 | I28: =SUM(I19,I22,I25) -> 93 | J28: =SUM(J19,J22,J25) -> 78 | K28: =SUM(K19,K22,K25) -> 105 | L28: =SUM(L19,L22,L25) -> 109 | ... P28: =SUM(P19,P22,P25) -> 56 | Q28: =SUM(E28:P28) -> 1020
D29: PR | E29: =SUM(E20,E23,E26) -> 101 | F29: =SUM(F20,F23,F26) -> 80 | G29: =SUM(G20,G23,G26) -> 103 | H29: =SUM(H20,H23,H26) -> 94 | I29: =SUM(I20,I23,I26) -> 110 | J29: =SUM(J20,J23,J26) -> 113 | K29: =SUM(K20,K23,K26) -> 125 | L29: =SUM(L20,L23,L26) -> 105 | ... P29: =SUM(P20,P23,P26) -> 63 | Q29: =SUM(E29:P29) -> 1184
D30: JML | E30: =SUM(E28:E29) -> 186 | F30: =SUM(F28:F29) -> 161 | G30: =SUM(G28:G29) -> 193 | H30: =SUM(H28:H29) -> 181 | I30: =SUM(I28:I29) -> 203 | J30: =SUM(J28:J29) -> 191 | K30: =SUM(K28:K29) -> 230 | L30: =SUM(L28:L29) -> 214 | ... P30: =SUM(P28:P29) -> 119 | Q30: =SUM(E30:P30) -> 2204
A32: II | B32: DATA PENGGUNAAN SURAT SUARA
A33: 1 | B33: Jumlah surat suara yang diterima, termasuk surat suara cadangan 2,5% dari DPT | E33: 254 | F33: 198 | G33: 270 | H33: 255 | I33: 268 | J33: 262 | K33: 275 | L33: 263 | M33: 232 | N33: 272 | O33: 187 | P33: 155 | Q33: =SUM(E33:P33) -> 2891
A34: 2 | B34: Jumlah surat suara yang digunakan | E34: 186 | F34: 161 | G34: 193 | H34: 181 | I34: 203 | J34: 191 | K34: 230 | L34: 214 | M34: 175 | N34: 207 | O34: 144 | P34: 119 | Q34: =SUM(E34:P34) -> 2204
A35: 3 | B35: Jumlah surat suara dikembalikan oleh pemilih (karena rusak atau keliru coblos) | E35: 0 | F35: 0 | G35: 0 | H35: 0 | I35: 0 | J35: 2 | K35: 1 | L35: 0 | M35: 0 | N35: 0 | O35: 0 | P35: 0 | Q35: =SUM(E35:P35) -> 3
A36: 4 | B36: Jumlah surat suara yang tidak digunakan/tidak terpakai, termasuk sisa surat suara cadangan | E36: =E33-(E34+E35) -> 68 | F36: =F33-(F34+F35) -> 37 | G36: =G33-(G34+G35) -> 77 | H36: =H33-(H34+H35) -> 74 | I36: =I33-(I34+I35) -> 65 | J36: =J33-(J34+J35) -> 69 | K36: =K33-(K34+K35) -> 44 | L36: =L33-(L34+L35) -> 49 | ... P36: =P33-(P34+P35) -> 36 | Q36: =SUM(E36:P36) -> 684
A38: III | B38: DATA PEMILIH DISABILITAS
B39: Jumlah seluruh Pemilih disabilitas yang menggunakan hak pilih | D39: LK | E39: 0 | F39: 2 | G39: 0 | H39: 0 | I39: 0 | J39: 0 | K39: 0 | L39: 0 | M39: 0 | N39: 1 | O39: 0 | P39: 0 | Q39: =SUM(E39:P39) -> 3
D40: PR | E40: 0 | F40: 0 | G40: 0 | H40: 0 | I40: 0 | J40: 4 | K40: 0 | L40: 0 | M40: 0 | N40: 4 | O40: 0 | P40: 0 | Q40: =SUM(E40:P40) -> 8
D41: JML | E41: =SUM(E39:E40) -> 0 | F41: =SUM(F39:F40) -> 2 | G41: =SUM(G39:G40) -> 0 | H41: =SUM(H39:H40) -> 0 | I41: =SUM(I39:I40) -> 0 | J41: =SUM(J39:J40) -> 4 | K41: =SUM(K39:K40) -> 0 | L41: =SUM(L39:L40) -> 0 | ... P41: =SUM(P39:P40) -> 0 | Q41: =SUM(E41:P41) -> 11
A43: IV | B43: DATA RINCIAN PEROLEHAN SUARA PASANGAN CALON BUPATI DAN WAKIL BUPATI
A44: NOMOR DAN NAMA CALON
A45: A.1 | B45: 1. | C45: Partai Kebangkitan Bangsa | E45: 8 | F45: 7 | G45: 3 | H45: 4 | I45: 9 | J45: 6 | K45: 12 | L45: 6 | M45: 13 | N45: 12 | O45: 5 | P45: 9 | Q45: =SUM(E45:P45) -> 94
A46: A.2 | B46: 1 | C46: 1. Dr. Hj. NIHAYATUL WAFIROH, M.A. | E46: 13 | F46: 14 | G46: 8 | H46: 6 | I46: 19 | J46: 4 | K46: 9 | L46: 10 | M46: 26 | N46: 38 | O46: 2 | P46: 7 | Q46: =SUM(E46:P46) -> 156
B47: 2 | C47: 2. H. M. NASIM KHAN | E47: 7 | F47: 6 | G47: 2 | H47: 1 | I47: 4 | J47: 2 | K47: 7 | L47: 1 | M47: 0 | N47: 5 | O47: 1 | P47: 1 | Q47: =SUM(E47:P47) -> 37
B48: 3 | C48: 3. Dr. H. AKIK ZAMAN, M.Pd.I. | E48: 2 | F48: 4 | G48: 0 | H48: 0 | I48: 0 | J48: 0 | K48: 0 | L48: 1 | M48: 1 | N48: 2 | O48: 0 | P48: 0 | Q48: =SUM(E48:P48) -> 10
B49: 4 | C49: 4. AHMAD RIFA'I, S.H. | E49: 1 | F49: 1 | G49: 1 | H49: 0 | I49: 0 | J49: 0 | K49: 0 | L49: 0 | M49: 2 | N49: 0 | O49: 0 | P49: 2 | Q49: =SUM(E49:P49) -> 7
B50: 5 | C50: 5. Drs. H. MAHFUD M.N. | E50: 1 | F50: 2 | G50: 0 | H50: 0 | I50: 2 | J50: 0 | K50: 1 | L50: 0 | M50: 0 | N50: 1 | O50: 1 | P50: 0 | Q50: =SUM(E50:P50) -> 8
B51: 6 | C51: 6. NURHAYATI, S.Pd. | E51: 0 | F51: 0 | G51: 0 | H51: 0 | I51: 1 | J51: 0 | K51: 1 | L51: 0 | M51: 0 | N51: 0 | O51: 1 | P51: 0 | Q51: =SUM(E51:P51) -> 3
B52: 7 | C52: 7. MAFTUHA KISWAH | E52: 0 | F52: 0 | G52: 0 | H52: 0 | I52: 0 | J52: 0 | K52: 0 | L52: 1 | M52: 1 | N52: 0 | O52: 0 | P52: 0 | Q52: =SUM(E52:P52) -> 2
Q53: =SUM(E53:P53) -> 0
Q54: =SUM(E54:P54) -> 0
A55: B | B55: JUMLAH SUARA SAH PARTAI POLITIK DAN CALON (A1 + A2) | E55: =SUM(E45:E54) -> 32 | F55: =SUM(F45:F54) -> 34 | G55: =SUM(G45:G54) -> 14 | H55: =SUM(H45:H54) -> 11 | I55: =SUM(I45:I54) -> 35 | J55: =SUM(J45:J54) -> 12 | K55: =SUM(K45:K54) -> 30 | L55: =SUM(L45:L54) -> 19 | ... Q55: =SUM(Q45:Q54) -> 317
A57: A.1 | B57: 2. | C57: Partai Gerakan Indonesia Raya | E57: 13 | F57: 19 | G57: 12 | H57: 11 | I57: 4 | J57: 18 | K57: 9 | L57: 3 | M57: 11 | N57: 20 | O57: 2 | P57: 5 | Q57: =SUM(E57:P57) -> 127
A58: A.2 | B58: 1 | C58: 1. SUMAIL ABDULLAH | E58: 3 | F58: 8 | G58: 4 | H58: 5 | I58: 11 | J58: 10 | K58: 17 | L58: 5 | M58: 15 | N58: 8 | O58: 9 | P58: 4 | Q58: =SUM(E58:P58) -> 99
B59: 2 | C59: 2. MUHAMMAD ALI ADRIAN SALEH | E59: 2 | F59: 5 | G59: 4 | H59: 3 | I59: 5 | J59: 4 | K59: 5 | L59: 3 | M59: 4 | N59: 3 | O59: 1 | P59: 0 | Q59: =SUM(E59:P59) -> 39
B60: 3 | C60: 3. DURROTUN NAFISAH | E60: 1 | F60: 0 | G60: 2 | H60: 0 | I60: 3 | J60: 0 | K60: 1 | L60: 0 | M60: 3 | N60: 1 | O60: 0 | P60: 0 | Q60: =SUM(E60:P60) -> 11
B61: 4 | C61: 4. H. EKO SUSILO NURHIDAYAT | E61: 0 | F61: 0 | G61: 2 | H61: 0 | I61: 1 | J61: 3 | K61: 1 | L61: 0 | M61: 3 | N61: 1 | O61: 2 | P61: 2 | Q61: =SUM(E61:P61) -> 15
B62: 5 | C62: 5. KARNADI HARIJANTO, S.S. | E62: 0 | F62: 0 | G62: 0 | H62: 1 | I62: 1 | J62: 0 | K62: 0 | L62: 0 | M62: 0 | N62: 0 | O62: 0 | P62: 0 | Q62: =SUM(E62:P62) -> 2
B63: 6 | C63: 6. NURHAYATI | E63: 1 | F63: 1 | G63: 0 | H63: 0 | I63: 0 | J63: 3 | K63: 2 | L63: 1 | M63: 0 | N63: 0 | O63: 0 | P63: 2 | Q63: =SUM(E63:P63) -> 10
B64: 7 | C64: 7. MASHUDI | E64: 0 | F64: 0 | G64: 0 | H64: 2 | I64: 0 | J64: 0 | K64: 0 | L64: 0 | M64: 0 | N64: 0 | O64: 0 | P64: 0 | Q64: =SUM(E64:P64) -> 2
Q65: =SUM(E65:P65) -> 0
Q66: =SUM(E66:P66) -> 0
A67: B | B67: JUMLAH SUARA SAH PARTAI POLITIK DAN CALON (A1 + A2) | E67: =SUM(E57:E66) -> 20 | F67: =SUM(F57:F66) -> 33 | G67: =SUM(G57:G66) -> 24 | H67: =SUM(H57:H66) -> 22 | I67: =SUM(I57:I66) -> 25 | J67: =SUM(J57:J66) -> 38 | K67: =SUM(K57:K66) -> 35 | L67: =SUM(L57:L66) -> 12 | ... Q67: =SUM(Q57:Q66) -> 305
A69: A.1 | B69: 3. | C69: Partai Demokrasi Indonesia Perjuangan | E69: 9 | F69: 7 | G69: 5 | H69: 15 | I69: 6 | J69: 10 | K69: 14 | L69: 14 | M69: 6 | N69: 11 | O69: 11 | P69: 7 | Q69: =SUM(E69:P69) -> 115
A70: A.2 | B70: 1 | C70: 1. SONNY TRI DANAPARAMITA, S.H., M.H. | E70: 2 | F70: 19 | G70: 18 | H70: 22 | I70: 34 | J70: 27 | K70: 33 | L70: 63 | M70: 13 | N70: 11 | O70: 57 | P70: 16 | Q70: =SUM(E70:P70) -> 315
B71: 2 | C71: 2. H. MOHAMAD GUNTUR ROMLI | E71: 2 | F71: 1 | G71: 1 | H71: 4 | I71: 0 | J71: 3 | K71: 4 | L71: 3 | M71: 3 | N71: 4 | O71: 5 | P71: 4 | Q71: =SUM(E71:P71) -> 34
B72: 3 | C72: 3. INA AMMANIA | E72: 18 | F72: 2 | G72: 13 | H72: 24 | I72: 4 | J72: 3 | K72: 6 | L72: 13 | M72: 1 | N72: 2 | O72: 8 | P72: 2 | Q72: =SUM(E72:P72) -> 96
B73: 4 | C73: 4. IRWAN BACHTIAR RACHMAT, M.Si. | E73: 0 | F73: 0 | G73: 1 | H73: 0 | I73: 0 | J73: 1 | K73: 0 | L73: 1 | M73: 0 | N73: 1 | O73: 0 | P73: 0 | Q73: =SUM(E73:P73) -> 4
B74: 5 | C74: 5. LUCKY PERDANA | E74: 3 | F74: 2 | G74: 32 | H74: 8 | I74: 17 | J74: 21 | K74: 31 | L74: 9 | M74: 2 | N74: 6 | O74: 0 | P74: 5 | Q74: =SUM(E74:P74) -> 136
B75: 6 | C75: 6. WIWIK PUJIYATI | E75: 2 | F75: 0 | G75: 0 | H75: 0 | I75: 3 | J75: 0 | K75: 2 | L75: 0 | M75: 3 | N75: 0 | O75: 3 | P75: 1 | Q75: =SUM(E75:P75) -> 14
B76: 7 | C76: 7. CHANDRA ASTAN, S.T. | E76: 1 | F76: 0 | G76: 0 | H76: 1 | I76: 0 | J76: 0 | K76: 0 | L76: 0 | M76: 1 | N76: 0 | O76: 0 | P76: 0 | Q76: =SUM(E76:P76) -> 3
Q77: =SUM(E77:P77) -> 0
Q78: =SUM(E78:P78) -> 0
A79: B | B79: JUMLAH SUARA SAH PARTAI POLITIK DAN CALON (A1 + A2) | E79: =SUM(E69:E78) -> 37 | F79: =SUM(F69:F78) -> 31 | G79: =SUM(G69:G78) -> 70 | H79: =SUM(H69:H78) -> 74 | I79: =SUM(I69:I78) -> 64 | J79: =SUM(J69:J78) -> 65 | K79: =SUM(K69:K78) -> 90 | L79: =SUM(L69:L78) -> 103 | ... Q79: =SUM(Q69:Q78) -> 717
A81: A.1 | B81: 4. | C81: Partai Golongan Karya | E81: 1 | F81: 1 | G81: 2 | H81: 6 | I81: 4 | J81: 7 | K81: 2 | L81: 1 | M81: 3 | N81: 0 | O81: 1 | P81: 2 | Q81: =SUM(E81:P81) -> 30
A82: A.2 | B82: 1 | C82: 1. ZULFIKAR ARSE SADIKIN, S.I.P., M.Si. | E82: 28 | F82: 2 | G82: 11 | H82: 22 | I82: 5 | J82: 11 | K82: 0 | L82: 9 | M82: 1 | N82: 5 | O82: 2 | P82: 2 | Q82: =SUM(E82:P82) -> 98
B83: 2 | C83: 2. HANDOKO | E83: 2 | F83: 1 | G83: 9 | H83: 1 | I83: 1 | J83: 3 | K83: 5 | L83: 6 | M83: 5 | N83: 10 | O83: 2 | P83: 2 | Q83: =SUM(E83:P83) -> 47
B84: 3 | C84: 3. Hj. OVI DEWI YANTI | E84: 1 | F84: 0 | G84: 1 | H84: 1 | I84: 0 | J84: 0 | K84: 0 | L84: 0 | M84: 1 | N84: 0 | O84: 0 | P84: 0 | Q84: =SUM(E84:P84) -> 4
B85: 4 | C85: 4. Ir. AZAM AZMAN NATAWIJANA | E85: 3 | F85: 0 | G85: 1 | H85: 1 | I85: 2 | J85: 0 | K85: 2 | L85: 1 | M85: 1 | N85: 0 | O85: 0 | P85: 0 | Q85: =SUM(E85:P85) -> 11
B86: 5 | C86: 5. UBAIDILLAH AMIN, S.Kom. | E86: 0 | F86: 0 | G86: 1 | H86: 0 | I86: 0 | J86: 3 | K86: 0 | L86: 0 | M86: 0 | N86: 0 | O86: 0 | P86: 2 | Q86: =SUM(E86:P86) -> 6
B87: 6 | C87: 6. DENNY YUNIANDARI, S.H., M.Kn. | E87: 0 | F87: 0 | G87: 0 | H87: 0 | I87: 0 | J87: 0 | K87: 0 | L87: 1 | M87: 0 | N87: 0 | O87: 0 | P87: 0 | Q87: =SUM(E87:P87) -> 1
B88: 7 | C88: 7. ERNADI, S.H.I. | E88: 0 | F88: 0 | G88: 0 | H88: 0 | I88: 0 | J88: 0 | K88: 0 | L88: 0 | M88: 0 | N88: 0 | O88: 0 | P88: 0 | Q88: =SUM(E88:P88) -> 0
Q89: =SUM(E89:P89) -> 0
Q90: =SUM(E90:P90) -> 0
A91: B | B91: JUMLAH SUARA SAH PARTAI POLITIK DAN CALON (A1 + A2) | E91: =SUM(E81:E90) -> 35 | F91: =SUM(F81:F90) -> 4 | G91: =SUM(G81:G90) -> 25 | H91: =SUM(H81:H90) -> 31 | I91: =SUM(I81:I90) -> 12 | J91: =SUM(J81:J90) -> 24 | K91: =SUM(K81:K90) -> 9 | L91: =SUM(L81:L90) -> 18 | ... Q91: =SUM(Q81:Q90) -> 197
A93: A.1 | B93: 5. | C93: Partai NasDem | E93: 1 | F93: 1 | G93: 0 | H93: 1 | I93: 3 | J93: 0 | K93: 0 | L93: 0 | M93: 1 | N93: 1 | O93: 0 | P93: 2 | Q93: =SUM(E93:P93) -> 10
A94: A.2 | B94: 1 | C94: 1. ACH. FADIL MUZAKKI SYAH | E94: 1 | F94: 0 | G94: 0 | H94: 0 | I94: 2 | J94: 0 | K94: 3 | L94: 2 | M94: 0 | N94: 1 | O94: 0 | P94: 0 | Q94: =SUM(E94:P94) -> 9
B95: 2 | C95: 2. BENY | E95: 0 | F95: 0 | G95: 0 | H95: 1 | I95: 0 | J95: 0 | K95: 0 | L95: 1 | M95: 0 | N95: 0 | O95: 0 | P95: 0 | Q95: =SUM(E95:P95) -> 2
B96: 3 | C96: 3. VINA VERONIKA | E96: 0 | F96: 0 | G96: 0 | H96: 0 | I96: 0 | J96: 1 | K96: 0 | L96: 0 | M96: 0 | N96: 0 | O96: 0 | P96: 0 | Q96: =SUM(E96:P96) -> 1
B97: 4 | C97: 4. TEDDY ANUGRIANTO | E97: 0 | F97: 0 | G97: 1 | H97: 0 | I97: 0 | J97: 2 | K97: 2 | L97: 1 | M97: 1 | N97: 5 | O97: 0 | P97: 0 | Q97: =SUM(E97:P97) -> 12
B98: 5 | C98: 5. INSAN KAMIL | E98: 0 | F98: 0 | G98: 0 | H98: 0 | I98: 0 | J98: 0 | K98: 0 | L98: 0 | M98: 0 | N98: 0 | O98: 0 | P98: 0 | Q98: =SUM(E98:P98) -> 0
B99: 6 | C99: 6. LILIK LINDARWATI | E99: 0 | F99: 0 | G99: 0 | H99: 0 | I99: 0 | J99: 0 | K99: 0 | L99: 0 | M99: 0 | N99: 0 | O99: 0 | P99: 0 | Q99: =SUM(E99:P99) -> 0
B100: 7 | C100: 7. YULI ANITA | E100: 0 | F100: 0 | G100: 0 | H100: 0 | I100: 0 | J100: 0 | K100: 0 | L100: 0 | M100: 0 | N100: 0 | O100: 0 | P100: 0 | Q100: =SUM(E100:P100) -> 0
Q101: =SUM(E101:P101) -> 0
Q102: =SUM(E102:P102) -> 0
A103: B | B103: JUMLAH SUARA SAH PARTAI POLITIK DAN CALON (A1 + A2) | E103: =SUM(E93:E102) -> 2 | F103: =SUM(F93:F102) -> 1 | G103: =SUM(G93:G102) -> 1 | H103: =SUM(H93:H102) -> 2 | I103: =SUM(I93:I102) -> 5 | J103: =SUM(J93:J102) -> 3 | K103: =SUM(K93:K102) -> 5 | L103: =SUM(L93:L102) -> 4 | ... Q103: =SUM(Q93:Q102) -> 34
A105: A.1 | B105: 6. | C105: Partai Buruh | E105: 0 | F105: 1 | G105: 1 | H105: 2 | I105: 1 | J105: 0 | K105: 0 | L105: 0 | M105: 1 | N105: 0 | O105: 0 | P105: 0 | Q105: =SUM(E105:P105) -> 6
A106: A.2 | B106: 1 | C106: 1. KHOIRUL ANAM | E106: 1 | F106: 0 | G106: 0 | H106: 0 | I106: 0 | J106: 0 | K106: 0 | L106: 0 | M106: 0 | N106: 0 | O106: 0 | P106: 0 | Q106: =SUM(E106:P106) -> 1
B107: 2 | C107: 2. INA KURNIA | E107: 0 | F107: 0 | G107: 2 | H107: 0 | I107: 1 | J107: 0 | K107: 0 | L107: 0 | M107: 0 | N107: 0 | O107: 0 | P107: 0 | Q107: =SUM(E107:P107) -> 3
B108: 3 | C108: 3. JIBRAL TAROUK | E108: 0 | F108: 0 | G108: 0 | H108: 0 | I108: 0 | J108: 0 | K108: 0 | L108: 0 | M108: 0 | N108: 0 | O108: 0 | P108: 0 | Q108: =SUM(E108:P108) -> 0
B109: 4 | C109: 4. ASTUTI DAENG PUJI | E109: 0 | F109: 0 | G109: 0 | H109: 0 | I109: 0 | J109: 0 | K109: 0 | L109: 0 | M109: 0 | N109: 0 | O109: 0 | P109: 0 | Q109: =SUM(E109:P109) -> 0
B110: 5 | C110: 5. ASDARMAWAN | E110: 0 | F110: 0 | G110: 0 | H110: 0 | I110: 0 | J110: 0 | K110: 0 | L110: 0 | M110: 0 | N110: 0 | O110: 0 | P110: 0 | Q110: =SUM(E110:P110) -> 0
B111: 6 | C111: 6. RIFQI MUBAROK | E111: 0 | F111: 0 | G111: 0 | H111: 0 | I111: 0 | J111: 0 | K111: 0 | L111: 0 | M111: 0 | N111: 0 | O111: 0 | P111: 0 | Q111: =SUM(E111:P111) -> 0
B112: 7 | C112: 7. FIRNANDA ALTA MEGA | E112: 0 | F112: 0 | G112: 0 | H112: 0 | I112: 0 | J112: 0 | K112: 0 | L112: 0 | M112: 0 | N112: 0 | O112: 0 | P112: 0 | Q112: =SUM(E112:P112) -> 0
Q113: =SUM(E113:P113) -> 0
Q114: =SUM(E114:P114) -> 0
A115: B | B115: JUMLAH SUARA SAH PARTAI POLITIK DAN CALON (A1 + A2) | E115: =SUM(E105:E114) -> 1 | F115: =SUM(F105:F114) -> 1 | G115: =SUM(G105:G114) -> 3 | H115: =SUM(H105:H114) -> 2 | I115: =SUM(I105:I114) -> 2 | J115: =SUM(J105:J114) -> 0 | K115: =SUM(K105:K114) -> 0 | L115: =SUM(L105:L114) -> 0 | ... Q115: =SUM(Q105:Q114) -> 10
A117: A.1 | B117: 7. | C117: Partai Gelombang Rakyat Indonesia | E117: 0 | F117: 1 | G117: 1 | H117: 1 | I117: 0 | J117: 1 | K117: 0 | L117: 0 | M117: 0 | N117: 1 | O117: 0 | P117: 0 | Q117: =SUM(E117:P117) -> 5
...

Sheet PADANG
C2: Kecamatan | D2: SINGOJURUH
C3: Kabupaten | D3: BANYUWANGI
C4: Provinsi | D4: JAWA TIMUR
C9: Kelurahan | D9: PADANG
A12: I | B12: DATA PEMILIH DAN PENGGUNAAN HAK PILIH | Q12: JUMLAH AKHIR
A13: A | B13: DATA PEMILIH | E13: TPS 001 | F13: TPS 002 | G13: TPS 003 | H13: TPS 004 | I13: TPS 005 | J13: TPS 006 | K13: TPS 007 | L13: TPS 008 | M13: TPS 009 | N13: TPS 010 | O13: TPS 011 | P13: TPS 012
B14: Jumlah Pemilih dalam Daftar Pemilih Tetap (DPT) | D14: LK | E14: 139 | F14: 134 | G14: 138 | H14: 136 | I14: 114 | J14: 128 | K14: 115 | L14: 133 | M14: 112 | N14: 135 | O14: 124 | P14: 119 | Q14: =SUM(E14:P14) -> 1527
D15: PR | E15: 140 | F15: 129 | G15: 141 | H15: 137 | I15: 124 | J15: 138 | K15: 118 | L15: 138 | M15: 115 | N15: 146 | O15: 138 | P15: 120 | Q15: =SUM(E15:P15) -> 1584
D16: JML | E16: =SUM(E14:E15) -> 279 | F16: =SUM(F14:F15) -> 263 | G16: =SUM(G14:G15) -> 279 | H16: =SUM(H14:H15) -> 273 | I16: =SUM(I14:I15) -> 238 | J16: =SUM(J14:J15) -> 266 | K16: =SUM(K14:K15) -> 233 | L16: =SUM(L14:L15) -> 271 | ... P16: =SUM(P14:P15) -> 239 | Q16: =SUM(E16:P16) -> 3111
A18: B | B18: PENGGUNA HAK PILIH
B19: 1. | C19: Jumlah pengguna hak pilih dalam Daftar Pemilih Tetap (DPT) | D19: LK | E19: 120 | F19: 107 | G19: 100 | H19: 100 | I19: 93 | J19: 107 | K19: 90 | L19: 110 | M19: 88 | N19: 100 | O19: 88 | P19: 90 | Q19: =SUM(E19:P19) -> 1193
D20: PR | E20: 116 | F20: 115 | G20: 111 | H20: 109 | I20: 113 | J20: 120 | K20: 102 | L20: 119 | M20: 95 | N20: 107 | O20: 110 | P20: 97 | Q20: =SUM(E20:P20) -> 1314
D21: JML | E21: =SUM(E19:E20) -> 236 | F21: =SUM(F19:F20) -> 222 | G21: =SUM(G19:G20) -> 211 | H21: =SUM(H19:H20) -> 209 | I21: =SUM(I19:I20) -> 206 | J21: =SUM(J19:J20) -> 227 | K21: =SUM(K19:K20) -> 192 | L21: =SUM(L19:L20) -> 229 | ... P21: =SUM(P19:P20) -> 187 | Q21: =SUM(E21:P21) -> 2507
B22: 2. | C22: Jumlah pengguna hak pilih dalam Daftar Pemilih Tambahan (DPTb) | D22: LK | E22: 2 | F22: 0 | G22: 1 | H22: 0 | I22: 0 | J22: 1 | K22: 1 | L22: 0 | M22: 0 | N22: 0 | O22: 0 | P22: 2 | Q22: =SUM(E22:P22) -> 7
D23: PR | E23: 3 | F23: 2 | G23: 0 | H23: 1 | I23: 0 | J23: 0 | K23: 0 | L23: 0 | M23: 1 | N23: 1 | O23: 0 | P23: 0 | Q23: =SUM(E23:P23) -> 8
D24: JML | E24: =SUM(E22:E23) -> 5 | F24: =SUM(F22:F23) -> 2 | G24: =SUM(G22:G23) -> 1 | H24: =SUM(H22:H23) -> 1 | I24: =SUM(I22:I23) -> 0 | J24: =SUM(J22:J23) -> 1 | K24: =SUM(K22:K23) -> 1 | L24: =SUM(L22:L23) -> 0 | ... P24: =SUM(P22:P23) -> 2 | Q24: =SUM(E24:P24) -> 15
B25: 3. | C25: Jumlah pengguna hak pilih dalam Daftar Pemilih Khusus (DPK) | D25: LK | E25: 0 | F25: 1 | G25: 0 | H25: 1 | I25: 2 | J25: 0 | K25: 1 | L25: 2 | M25: 0 | N25: 2 | O25: 1 | P25: 2 | Q25: =SUM(E25:P25) -> 12
D26: PR | E26: 0 | F26: 0 | G26: 0 | H26: 2 | I26: 2 | J26: 1 | K26: 3 | L26: 2 | M26: 0 | N26: 1 | O26: 3 | P26: 0 | Q26: =SUM(E26:P26) -> 14
D27: JML | E27: =SUM(E25:E26) -> 0 | F27: =SUM(F25:F26) -> 1 | G27: =SUM(G25:G26) -> 0 | H27: =SUM(H25:H26) -> 3 | I27: =SUM(I25:I26) -> 4 | J27: =SUM(J25:J26) -> 1 | K27: =SUM(K25:K26) -> 4 | L27: =SUM(L25:L26) -> 4 | ... P27: =SUM(P25:P26) -> 2 | Q27: =SUM(E27:P27) -> 26
B28: 4. | C28: Jumlah Pengguna Hak Pilih (B.1+B.2+B.3) | D28: LK | E28: =SUM(E19,E22,E25) -> 122 | F28: =SUM(F19,F22,F25) -> 108 | G28: =SUM(G19,G22,G25) -> 101 | H28: =SUM(H19,H22,H25) -> 101 | I28: =SUM(I19,I22,I25) -> 95 | J28: =SUM(J19,J22,J25) -> 108 | K28: =SUM(K19,K22,K25) -> 92 | L28: =SUM(L19,L22,L25) -> 112 | ... P28: =SUM(P19,P22,P25) -> 94 | Q28: =SUM(E28:P28) -> 1212
D29: PR | E29: =SUM(E20,E23,E26) -> 119 | F29: =SUM(F20,F23,F26) -> 117 | G29: =SUM(G20,G23,G26) -> 111 | H29: =SUM(H20,H23,H26) -> 112 | I29: =SUM(I20,I23,I26) -> 115 | J29: =SUM(J20,J23,J26) -> 121 | K29: =SUM(K20,K23,K26) -> 105 | L29: =SUM(L20,L23,L26) -> 121 | ... P29: =SUM(P20,P23,P26) -> 97 | Q29: =SUM(E29:P29) -> 1336
D30: JML | E30: =SUM(E28:E29) -> 241 | F30: =SUM(F28:F29) -> 225 | G30: =SUM(G28:G29) -> 212 | H30: =SUM(H28:H29) -> 213 | I30: =SUM(I28:I29) -> 210 | J30: =SUM(J28:J29) -> 229 | K30: =SUM(K28:K29) -> 197 | L30: =SUM(L28:L29) -> 233 | ... P30: =SUM(P28:P29) -> 191 | Q30: =SUM(E30:P30) -> 2548
A32: II | B32: DATA PENGGUNAAN SURAT SUARA
A33: 1 | B33: Jumlah surat suara yang diterima, termasuk surat suara cadangan 2,5% dari DPT | E33: 285 | F33: 278 | G33: 284 | H33: 279 | I33: 243 | J33: 272 | K33: 247 | L33: 277 | M33: 235 | N33: 277 | O33: 268 | P33: 244 | Q33: =SUM(E33:P33) -> 3189
A34: 2 | B34: Jumlah surat suara yang digunakan | E34: 241 | F34: 225 | G34: 212 | H34: 213 | I34: 210 | J34: 229 | K34: 197 | L34: 233 | M34: 184 | N34: 211 | O34: 202 | P34: 191 | Q34: =SUM(E34:P34) -> 2548
A35: 3 | B35: Jumlah surat suara dikembalikan oleh pemilih (karena rusak atau keliru coblos) | E35: 0 | F35: 0 | G35: 2 | H35: 0 | I35: 0 | J35: 0 | K35: 0 | L35: 0 | M35: 0 | N35: 1 | O35: 0 | P35: 2 | Q35: =SUM(E35:P35) -> 5
A36: 4 | B36: Jumlah surat suara yang tidak digunakan/tidak terpakai, termasuk sisa surat suara cadangan | E36: =E33-(E34+E35) -> 44 | F36: =F33-(F34+F35) -> 53 | G36: =G33-(G34+G35) -> 70 | H36: =H33-(H34+H35) -> 66 | I36: =I33-(I34+I35) -> 33 | J36: =J33-(J34+J35) -> 43 | K36: =K33-(K34+K35) -> 50 | L36: =L33-(L34+L35) -> 44 | ... P36: =P33-(P34+P35) -> 51 | Q36: =SUM(E36:P36) -> 636
A38: III | B38: DATA PEMILIH DISABILITAS
B39: Jumlah seluruh Pemilih disabilitas yang menggunakan hak pilih | D39: LK | L39: 1 | Q39: =SUM(E39:P39) -> 1
D40: PR | J40: 1 | L40: 1 | Q40: =SUM(E40:P40) -> 2
D41: JML | E41: =SUM(E39:E40) -> 0 | F41: =SUM(F39:F40) -> 0 | G41: =SUM(G39:G40) -> 0 | H41: =SUM(H39:H40) -> 0 | I41: =SUM(I39:I40) -> 0 | J41: =SUM(J39:J40) -> 1 | K41: =SUM(K39:K40) -> 0 | L41: =SUM(L39:L40) -> 2 | ... P41: =SUM(P39:P40) -> 0 | Q41: =SUM(E41:P41) -> 3
A43: IV | B43: DATA RINCIAN PEROLEHAN SUARA PASANGAN CALON BUPATI DAN WAKIL BUPATI
A44: NOMOR DAN NAMA CALON
A45: A.1 | B45: 1. | C45: Partai Kebangkitan Bangsa | E45: 15 | F45: 0 | G45: 7 | H45: 16 | I45: 5 | J45: 11 | K45: 14 | L45: 9 | M45: 6 | N45: 9 | O45: 9 | P45: 5 | Q45: =SUM(E45:P45) -> 106
A46: A.2 | B46: 1 | C46: 1. Dr. Hj. NIHAYATUL WAFIROH, M.A. | E46: 12 | F46: 30 | G46: 27 | H46: 26 | I46: 16 | J46: 51 | K46: 8 | L46: 31 | M46: 6 | N46: 21 | O46: 6 | P46: 18 | Q46: =SUM(E46:P46) -> 252
B47: 2 | C47: 2. H. M. NASIM KHAN | E47: 15 | F47: 3 | G47: 15 | H47: 20 | I47: 8 | J47: 8 | K47: 13 | L47: 11 | M47: 9 | N47: 3 | O47: 8 | P47: 7 | Q47: =SUM(E47:P47) -> 120
B48: 3 | C48: 3. Dr. H. AKIK ZAMAN, M.Pd.I. | E48: 2 | F48: 3 | G48: 1 | H48: 1 | I48: 0 | J48: 0 | K48: 1 | L48: 1 | M48: 2 | N48: 0 | O48: 0 | P48: 0 | Q48: =SUM(E48:P48) -> 11
B49: 4 | C49: 4. AHMAD RIFA'I, S.H. | E49: 0 | F49: 2 | G49: 0 | H49: 2 | I49: 2 | J49: 1 | K49: 1 | L49: 0 | M49: 0 | N49: 1 | O49: 1 | P49: 0 | Q49: =SUM(E49:P49) -> 10
B50: 5 | C50: 5. Drs. H. MAHFUD M.N. | E50: 1 | F50: 0 | G50: 0 | H50: 0 | I50: 0 | J50: 1 | K50: 1 | L50: 2 | M50: 0 | N50: 1 | O50: 1 | P50: 0 | Q50: =SUM(E50:P50) -> 7
B51: 6 | C51: 6. NURHAYATI, S.Pd. | E51: 0 | F51: 0 | G51: 0 | H51: 1 | I51: 0 | J51: 0 | K51: 0 | L51: 0 | M51: 0 | N51: 0 | O51: 0 | P51: 0 | Q51: =SUM(E51:P51) -> 1
B52: 7 | C52: 7. MAFTUHA KISWAH | E52: 0 | F52: 0 | G52: 0 | H52: 0 | I52: 1 | J52: 0 | K52: 0 | L52: 0 | M52: 0 | N52: 0 | O52: 1 | P52: 0 | Q52: =SUM(E52:P52) -> 2
Q53: =SUM(E53:P53) -> 0
Q54: =SUM(E54:P54) -> 0
A55: B | B55: JUMLAH SUARA SAH PARTAI POLITIK DAN CALON (A1 + A2) | E55: =SUM(E45:E54) -> 45 | F55: =SUM(F45:F54) -> 38 | G55: =SUM(G45:G54) -> 50 | H55: =SUM(H45:H54) -> 66 | I55: =SUM(I45:I54) -> 32 | J55: =SUM(J45:J54) -> 72 | K55: =SUM(K45:K54) -> 38 | L55: =SUM(L45:L54) -> 54 | ... Q55: =SUM(Q45:Q54) -> 509
A57: A.1 | B57: 2. | C57: Partai Gerakan Indonesia Raya | E57: 11 | F57: 0 | G57: 13 | H57: 12 | I57: 4 | J57: 3 | K57: 16 | L57: 5 | M57: 3 | N57: 17 | O57: 18 | P57: 9 | Q57: =SUM(E57:P57) -> 111
A58: A.2 | B58: 1 | C58: 1. SUMAIL ABDULLAH | E58: 10 | F58: 3 | G58: 14 | H58: 10 | I58: 12 | J58: 12 | K58: 7 | L58: 27 | M58: 11 | N58: 24 | O58: 16 | P58: 9 | Q58: =SUM(E58:P58) -> 155
B59: 2 | C59: 2. MUHAMMAD ALI ADRIAN SALEH | E59: 4 | F59: 8 | G59: 3 | H59: 5 | I59: 3 | J59: 2 | K59: 6 | L59: 4 | M59: 5 | N59: 4 | O59: 5 | P59: 1 | Q59: =SUM(E59:P59) -> 50
B60: 3 | C60: 3. DURROTUN NAFISAH | E60: 0 | F60: 1 | G60: 2 | H60: 1 | I60: 1 | J60: 1 | K60: 1 | L60: 1 | M60: 1 | N60: 4 | O60: 3 | P60: 1 | Q60: =SUM(E60:P60) -> 17
B61: 4 | C61: 4. H. EKO SUSILO NURHIDAYAT | E61: 1 | F61: 3 | G61: 4 | H61: 1 | I61: 0 | J61: 3 | K61: 1 | L61: 1 | M61: 1 | N61: 1 | O61: 0 | P61: 0 | Q61: =SUM(E61:P61) -> 16
B62: 5 | C62: 5. KARNADI HARIJANTO, S.S. | E62: 0 | F62: 0 | G62: 0 | H62: 0 | I62: 0 | J62: 0 | K62: 0 | L62: 0 | M62: 0 | N62: 1 | O62: 0 | P62: 2 | Q62: =SUM(E62:P62) -> 3
B63: 6 | C63: 6. NURHAYATI | E63: 1 | F63: 0 | G63: 0 | H63: 0 | I63: 0 | J63: 0 | K63: 0 | L63: 0 | M63: 0 | N63: 0 | O63: 2 | P63: 0 | Q63: =SUM(E63:P63) -> 3
B64: 7 | C64: 7. MASHUDI | E64: 1 | F64: 0 | G64: 0 | H64: 0 | I64: 0 | J64: 0 | K64: 1 | L64: 0 | M64: 0 | N64: 2 | O64: 0 | P64: 0 | Q64: =SUM(E64:P64) -> 4
Q65: =SUM(E65:P65) -> 0
Q66: =SUM(E66:P66) -> 0
A67: B | B67: JUMLAH SUARA SAH PARTAI POLITIK DAN CALON (A1 + A2) | E67: =SUM(E57:E66) -> 28 | F67: =SUM(F57:F66) -> 15 | G67: =SUM(G57:G66) -> 36 | H67: =SUM(H57:H66) -> 29 | I67: =SUM(I57:I66) -> 20 | J67: =SUM(J57:J66) -> 21 | K67: =SUM(K57:K66) -> 32 | L67: =SUM(L57:L66) -> 38 | ... Q67: =SUM(Q57:Q66) -> 359
A69: A.1 | B69: 3. | C69: Partai Demokrasi Indonesia Perjuangan | E69: 5 | F69: 6 | G69: 3 | H69: 3 | I69: 4 | J69: 4 | K69: 3 | L69: 2 | M69: 2 | N69: 4 | O69: 19 | P69: 5 | Q69: =SUM(E69:P69) -> 60
A70: A.2 | B70: 1 | C70: 1. SONNY TRI DANAPARAMITA, S.H., M.H. | E70: 19 | F70: 18 | G70: 14 | H70: 0 | I70: 18 | J70: 4 | K70: 13 | L70: 13 | M70: 4 | N70: 18 | O70: 3 | P70: 9 | Q70: =SUM(E70:P70) -> 133
B71: 2 | C71: 2. H. MOHAMAD GUNTUR ROMLI | E71: 2 | F71: 3 | G71: 0 | H71: 4 | I71: 0 | J71: 4 | K71: 2 | L71: 2 | M71: 0 | N71: 2 | O71: 2 | P71: 2 | Q71: =SUM(E71:P71) -> 23
B72: 3 | C72: 3. INA AMMANIA | E72: 2 | F72: 1 | G72: 2 | H72: 1 | I72: 1 | J72: 3 | K72: 2 | L72: 0 | M72: 3 | N72: 15 | O72: 50 | P72: 94 | Q72: =SUM(E72:P72) -> 174
B73: 4 | C73: 4. IRWAN BACHTIAR RACHMAT, M.Si. | E73: 1 | F73: 0 | G73: 0 | H73: 2 | I73: 1 | J73: 1 | K73: 5 | L73: 0 | M73: 0 | N73: 0 | O73: 1 | P73: 0 | Q73: =SUM(E73:P73) -> 11
B74: 5 | C74: 5. LUCKY PERDANA | E74: 15 | F74: 3 | G74: 0 | H74: 2 | I74: 2 | J74: 1 | K74: 0 | L74: 3 | M74: 0 | N74: 3 | O74: 0 | P74: 0 | Q74: =SUM(E74:P74) -> 29
B75: 6 | C75: 6. WIWIK PUJIYATI | E75: 1 | F75: 1 | G75: 0 | H75: 0 | I75: 0 | J75: 1 | K75: 0 | L75: 1 | M75: 0 | N75: 0 | O75: 0 | P75: 0 | Q75: =SUM(E75:P75) -> 4
B76: 7 | C76: 7. CHANDRA ASTAN, S.T. | E76: 2 | F76: 0 | G76: 0 | H76: 0 | I76: 0 | J76: 1 | K76: 0 | L76: 0 | M76: 0 | N76: 0 | O76: 1 | P76: 1 | Q76: =SUM(E76:P76) -> 5
Q77: =SUM(E77:P77) -> 0
Q78: =SUM(E78:P78) -> 0
A79: B | B79: JUMLAH SUARA SAH PARTAI POLITIK DAN CALON (A1 + A2) | E79: =SUM(E69:E78) -> 47 | F79: =SUM(F69:F78) -> 32 | G79: =SUM(G69:G78) -> 19 | H79: =SUM(H69:H78) -> 12 | I79: =SUM(I69:I78) -> 26 | J79: =SUM(J69:J78) -> 19 | K79: =SUM(K69:K78) -> 25 | L79: =SUM(L69:L78) -> 21 | ... Q79: =SUM(Q69:Q78) -> 439
A81: A.1 | B81: 4. | C81: Partai Golongan Karya | E81: 0 | F81: 1 | G81: 0 | H81: 4 | I81: 4 | J81: 3 | K81: 1 | L81: 0 | M81: 2 | N81: 2 | O81: 2 | P81: 0 | Q81: =SUM(E81:P81) -> 19
A82: A.2 | B82: 1 | C82: 1. ZULFIKAR ARSE SADIKIN, S.I.P., M.Si. | E82: 1 | F82: 1 | G82: 1 | H82: 14 | I82: 13 | J82: 38 | K82: 16 | L82: 2 | M82: 7 | N82: 4 | O82: 2 | P82: 0 | Q82: =SUM(E82:P82) -> 99
B83: 2 | C83: 2. HANDOKO | E83: 1 | F83: 0 | G83: 2 | H83: 2 | I83: 2 | J83: 0 | K83: 1 | L83: 0 | M83: 2 | N83: 2 | O83: 0 | P83: 0 | Q83: =SUM(E83:P83) -> 12
B84: 3 | C84: 3. Hj. OVI DEWI YANTI | E84: 0 | F84: 0 | G84: 1 | H84: 1 | I84: 0 | J84: 0 | K84: 0 | L84: 0 | M84: 0 | N84: 0 | O84: 0 | P84: 0 | Q84: =SUM(E84:P84) -> 2
B85: 4 | C85: 4. Ir. AZAM AZMAN NATAWIJANA | E85: 0 | F85: 0 | G85: 1 | H85: 0 | I85: 0 | J85: 0 | K85: 0 | L85: 1 | M85: 1 | N85: 0 | O85: 0 | P85: 0 | Q85: =SUM(E85:P85) -> 3
B86: 5 | C86: 5. UBAIDILLAH AMIN, S.Kom. | E86: 0 | F86: 1 | G86: 1 | H86: 0 | I86: 0 | J86: 0 | K86: 0 | L86: 0 | M86: 0 | N86: 1 | O86: 0 | P86: 0 | Q86: =SUM(E86:P86) -> 3
B87: 6 | C87: 6. DENNY YUNIANDARI, S.H., M.Kn. | E87: 0 | F87: 0 | G87: 0 | H87: 0 | I87: 0 | J87: 0 | K87: 0 | L87: 0 | M87: 0 | N87: 0 | O87: 0 | P87: 0 | Q87: =SUM(E87:P87) -> 0
B88: 7 | C88: 7. ERNADI, S.H.I. | E88: 0 | F88: 1 | G88: 0 | H88: 0 | I88: 0 | J88: 0 | K88: 0 | L88: 0 | M88: 0 | N88: 0 | O88: 0 | P88: 0 | Q88: =SUM(E88:P88) -> 1
Q89: =SUM(E89:P89) -> 0
Q90: =SUM(E90:P90) -> 0
A91: B | B91: JUMLAH SUARA SAH PARTAI POLITIK DAN CALON (A1 + A2) | E91: =SUM(E81:E90) -> 2 | F91: =SUM(F81:F90) -> 4 | G91: =SUM(G81:G90) -> 6 | H91: =SUM(H81:H90) -> 21 | I91: =SUM(I81:I90) -> 19 | J91: =SUM(J81:J90) -> 41 | K91: =SUM(K81:K90) -> 18 | L91: =SUM(L81:L90) -> 3 | ... Q91: =SUM(Q81:Q90) -> 139
A93: A.1 | B93: 5. | C93: Partai NasDem | E93: 2 | F93: 1 | G93: 1 | H93: 1 | I93: 0 | J93: 0 | K93: 0 | L93: 0 | M93: 2 | N93: 0 | O93: 1 | P93: 0 | Q93: =SUM(E93:P93) -> 8
A94: A.2 | B94: 1 | C94: 1. ACH. FADIL MUZAKKI SYAH | E94: 1 | F94: 0 | G94: 1 | H94: 2 | I94: 1 | J94: 0 | K94: 0 | L94: 0 | M94: 1 | N94: 3 | O94: 0 | P94: 0 | Q94: =SUM(E94:P94) -> 9
B95: 2 | C95: 2. BENY | E95: 0 | F95: 0 | G95: 0 | H95: 0 | I95: 0 | J95: 0 | K95: 0 | L95: 0 | M95: 0 | N95: 0 | O95: 0 | P95: 0 | Q95: =SUM(E95:P95) -> 0
B96: 3 | C96: 3. VINA VERONIKA | E96: 0 | F96: 0 | G96: 0 | H96: 0 | I96: 0 | J96: 0 | K96: 0 | L96: 0 | M96: 0 | N96: 0 | O96: 0 | P96: 0 | Q96: =SUM(E96:P96) -> 0
B97: 4 | C97: 4. TEDDY ANUGRIANTO | E97: 0 | F97: 0 | G97: 0 | H97: 0 | I97: 3 | J97: 0 | K97: 0 | L97: 0 | M97: 0 | N97: 0 | O97: 0 | P97: 0 | Q97: =SUM(E97:P97) -> 3
B98: 5 | C98: 5. INSAN KAMIL | E98: 0 | F98: 0 | G98: 1 | H98: 0 | I98: 0 | J98: 0 | K98: 0 | L98: 0 | M98: 0 | N98: 0 | O98: 0 | P98: 0 | Q98: =SUM(E98:P98) -> 1
B99: 6 | C99: 6. LILIK LINDARWATI | E99: 0 | F99: 0 | G99: 0 | H99: 0 | I99: 0 | J99: 0 | K99: 0 | L99: 0 | M99: 0 | N99: 0 | O99: 0 | P99: 0 | Q99: =SUM(E99:P99) -> 0
B100: 7 | C100: 7. YULI ANITA | E100: 0 | F100: 0 | G100: 0 | H100: 0 | I100: 1 | J100: 0 | K100: 0 | L100: 0 | M100: 0 | N100: 0 | O100: 0 | P100: 0 | Q100: =SUM(E100:P100) -> 1
Q101: =SUM(E101:P101) -> 0
Q102: =SUM(E102:P102) -> 0
A103: B | B103: JUMLAH SUARA SAH PARTAI POLITIK DAN CALON (A1 + A2) | E103: =SUM(E93:E102) -> 3 | F103: =SUM(F93:F102) -> 1 | G103: =SUM(G93:G102) -> 3 | H103: =SUM(H93:H102) -> 3 | I103: =SUM(I93:I102) -> 5 | J103: =SUM(J93:J102) -> 0 | K103: =SUM(K93:K102) -> 0 | L103: =SUM(L93:L102) -> 0 | ... Q103: =SUM(Q93:Q102) -> 22
A105: A.1 | B105: 6. | C105: Partai Buruh | E105: 0 | F105: 0 | G105: 0 | H105: 0 | I105: 0 | J105: 0 | K105: 0 | L105: 1 | M105: 0 | N105: 1 | O105: 1 | P105: 0 | Q105: =SUM(E105:P105) -> 3
A106: A.2 | B106: 1 | C106: 1. KHOIRUL ANAM | E106: 0 | F106: 0 | G106: 0 | H106: 0 | I106: 0 | J106: 0 | K106: 0 | L106: 1 | M106: 0 | N106: 0 | O106: 0 | P106: 0 | Q106: =SUM(E106:P106) -> 1
B107: 2 | C107: 2. INA KURNIA | E107: 0 | F107: 1 | G107: 0 | H107: 0 | I107: 0 | J107: 0 | K107: 0 | L107: 0 | M107: 0 | N107: 0 | O107: 0 | P107: 0 | Q107: =SUM(E107:P107) -> 1
B108: 3 | C108: 3. JIBRAL TAROUK | E108: 0 | F108: 0 | G108: 0 | H108: 0 | I108: 0 | J108: 0 | K108: 0 | L108: 0 | M108: 0 | N108: 1 | O108: 0 | P108: 0 | Q108: =SUM(E108:P108) -> 1
B109: 4 | C109: 4. ASTUTI DAENG PUJI | E109: 0 | F109: 0 | G109: 0 | H109: 0 | I109: 0 | J109: 0 | K109: 0 | L109: 0 | M109: 0 | N109: 0 | O109: 0 | P109: 0 | Q109: =SUM(E109:P109) -> 0
B110: 5 | C110: 5. ASDARMAWAN | E110: 0 | F110: 0 | G110: 0 | H110: 0 | I110: 0 | J110: 0 | K110: 0 | L110: 0 | M110: 0 | N110: 0 | O110: 0 | P110: 0 | Q110: =SUM(E110:P110) -> 0
B111: 6 | C111: 6. RIFQI MUBAROK | E111: 0 | F111: 0 | G111: 0 | H111: 0 | I111: 0 | J111: 0 | K111: 0 | L111: 0 | M111: 0 | N111: 0 | O111: 0 | P111: 0 | Q111: =SUM(E111:P111) -> 0
B112: 7 | C112: 7. FIRNANDA ALTA MEGA | E112: 0 | F112: 0 | G112: 0 | H112: 0 | I112: 0 | J112: 0 | K112: 0 | L112: 0 | M112: 0 | N112: 0 | O112: 0 | P112: 0 | Q112: =SUM(E112:P112) -> 0
Q113: =SUM(E113:P113) -> 0
Q114: =SUM(E114:P114) -> 0
A115: B | B115: JUMLAH SUARA SAH PARTAI POLITIK DAN CALON (A1 + A2) | E115: =SUM(E105:E114) -> 0 | F115: =SUM(F105:F114) -> 1 | G115: =SUM(G105:G114) -> 0 | H115: =SUM(H105:H114) -> 0 | I115: =SUM(I105:I114) -> 0 | J115: =SUM(J105:J114) -> 0 | K115: =SUM(K105:K114) -> 0 | L115: =SUM(L105:L114) -> 2 | ... Q115: =SUM(Q105:Q114) -> 6
A117: A.1 | B117: 7. | C117: Partai Gelombang Rakyat Indonesia | E117: 2 | F117: 1 | G117: 1 | H117: 1 | I117: 0 | J117: 0 | K117: 1 | L117: 1 | M117: 0 | N117: 3 | O117: 0 | P117: 0 | Q117: =SUM(E117:P117) -> 10
...

Sheet SINGOJURUH
C2: Kecamatan | D2: SINGOJURUH
C3: Kabupaten | D3: BANYUWANGI
C4: Provinsi | D4: JAWA TIMUR
C9: Kelurahan | D9: SINGOJURUH
A12: I | B12: DATA PEMILIH DAN PENGGUNAAN HAK PILIH | AC12: JUMLAH AKHIR
A13: A | B13: DATA PEMILIH | E13: TPS 001 | F13: TPS 002 | G13: TPS 003 | H13: TPS 004 | I13: TPS 005 | J13: TPS 006 | K13: TPS 007 | L13: TPS 008 | M13: TPS 009 | N13: TPS 010 | O13: TPS 011 | P13: TPS 012 | Q13: TPS 013 | R13: TPS 014 | S13: TPS 015 | T13: TPS 016 | U13: TPS 017 | V13: TPS 018 | W13: TPS 019 | X13: TPS 020 | Y13: TPS 021 | Z13: TPS 022 | AA13: TPS 023 | AB13: TPS 024
B14: Jumlah Pemilih dalam Daftar Pemilih Tetap (DPT) | D14: LK | E14: 113 | F14: 121 | G14: 91 | H14: 122 | I14: 102 | J14: 114 | K14: 129 | L14: 144 | M14: 144 | N14: 115 | O14: 145 | P14: 132 | Q14: 129 | R14: 131 | S14: 129 | T14: 129 | U14: 131 | V14: 138 | W14: 133 | X14: 132 | Y14: 138 | Z14: 131 | AA14: 137 | AB14: 116 | AC14: =SUM(E14:AB14) -> 3046
D15: PR | E15: 126 | F15: 138 | G15: 107 | H15: 117 | I15: 125 | J15: 119 | K15: 144 | L15: 142 | M15: 147 | N15: 126 | O15: 143 | P15: 148 | Q15: 139 | R15: 144 | S15: 138 | T15: 125 | U15: 131 | V15: 142 | W15: 138 | X15: 127 | Y15: 128 | Z15: 136 | AA15: 126 | AB15: 112 | AC15: =SUM(E15:AB15) -> 3168
D16: JML | E16: =SUM(E14:E15) -> 239 | F16: =SUM(F14:F15) -> 259 | G16: =SUM(G14:G15) -> 198 | H16: =SUM(H14:H15) -> 239 | I16: =SUM(I14:I15) -> 227 | J16: =SUM(J14:J15) -> 233 | K16: =SUM(K14:K15) -> 273 | L16: =SUM(L14:L15) -> 286 | ... AB16: =SUM(AB14:AB15) -> 228 | AC16: =SUM(E16:AB16) -> 6214
A18: B | B18: PENGGUNA HAK PILIH
B19: 1. | C19: Jumlah pengguna hak pilih dalam Daftar Pemilih Tetap (DPT) | D19: LK | E19: 76 | F19: 93 | G19: 61 | H19: 98 | I19: 76 | J19: 84 | K19: 88 | L19: 138 | M19: 123 | N19: 95 | O19: 113 | P19: 95 | Q19: 90 | R19: 103 | S19: 96 | T19: 94 | U19: 96 | V19: 104 | W19: 99 | X19: 93 | Y19: 93 | Z19: 86 | AA19: 91 | AB19: 95 | AC19: =SUM(E19:AB19) -> 2280
D20: PR | E20: 100 | F20: 115 | G20: 83 | H20: 106 | I20: 104 | J20: 92 | K20: 104 | L20: 96 | M20: 129 | N20: 107 | O20: 124 | P20: 118 | Q20: 106 | R20: 117 | S20: 100 | T20: 106 | U20: 102 | V20: 108 | W20: 94 | X20: 106 | Y20: 100 | Z20: 109 | AA20: 101 | AB20: 94 | AC20: =SUM(E20:AB20) -> 2521
D21: JML | E21: =SUM(E19:E20) -> 176 | F21: =SUM(F19:F20) -> 208 | G21: =SUM(G19:G20) -> 144 | H21: =SUM(H19:H20) -> 204 | I21: =SUM(I19:I20) -> 180 | J21: =SUM(J19:J20) -> 176 | K21: =SUM(K19:K20) -> 192 | L21: =SUM(L19:L20) -> 234 | ... AB21: =SUM(AB19:AB20) -> 189 | AC21: =SUM(E21:AB21) -> 4801
B22: 2. | C22: Jumlah pengguna hak pilih dalam Daftar Pemilih Tambahan (DPTb) | D22: LK | E22: 0 | F22: 0 | G22: 0 | H22: 0 | I22: 1 | J22: 1 | K22: 0 | L22: 0 | M22: 1 | N22: 0 | O22: 0 | P22: 0 | Q22: 0 | R22: 0 | S22: 0 | T22: 0 | U22: 0 | V22: 0 | W22: 1 | X22: 1 | Y22: 0 | Z22: 0 | AA22: 0 | AB22: 0 | AC22: =SUM(E22:AB22) -> 5
D23: PR | E23: 0 | F23: 0 | G23: 0 | H23: 0 | I23: 0 | J23: 1 | K23: 0 | L23: 0 | M23: 1 | N23: 0 | O23: 0 | P23: 0 | Q23: 0 | R23: 0 | S23: 0 | T23: 0 | U23: 0 | V23: 0 | W23: 1 | X23: 0 | Y23: 0 | Z23: 0 | AA23: 1 | AB23: 0 | AC23: =SUM(E23:AB23) -> 4
D24: JML | E24: =SUM(E22:E23) -> 0 | F24: =SUM(F22:F23) -> 0 | G24: =SUM(G22:G23) -> 0 | H24: =SUM(H22:H23) -> 0 | I24: =SUM(I22:I23) -> 1 | J24: =SUM(J22:J23) -> 2 | K24: =SUM(K22:K23) -> 0 | L24: =SUM(L22:L23) -> 0 | ... AB24: =SUM(AB22:AB23) -> 0 | AC24: =SUM(E24:AB24) -> 9
B25: 3. | C25: Jumlah pengguna hak pilih dalam Daftar Pemilih Khusus (DPK) | D25: LK | E25: 0 | F25: 0 | G25: 0 | H25: 0 | I25: 0 | J25: 0 | K25: 2 | L25: 2 | M25: 1 | N25: 0 | O25: 2 | P25: 1 | Q25: 0 | R25: 0 | S25: 0 | T25: 0 | U25: 0 | V25: 2 | W25: 1 | X25: 2 | Y25: 1 | Z25: 0 | AA25: 1 | AB25: 0 | AC25: =SUM(E25:AB25) -> 15
D26: PR | E26: 0 | F26: 0 | G26: 0 | H26: 0 | I26: 1 | J26: 0 | K26: 1 | L26: 3 | M26: 0 | N26: 0 | O26: 1 | P26: 0 | Q26: 1 | R26: 0 | S26: 0 | T26: 0 | U26: 0 | V26: 1 | W26: 1 | X26: 1 | Y26: 0 | Z26: 1 | AA26: 3 | AB26: 0 | AC26: =SUM(E26:AB26) -> 14
D27: JML | E27: =SUM(E25:E26) -> 0 | F27: =SUM(F25:F26) -> 0 | G27: =SUM(G25:G26) -> 0 | H27: =SUM(H25:H26) -> 0 | I27: =SUM(I25:I26) -> 1 | J27: =SUM(J25:J26) -> 0 | K27: =SUM(K25:K26) -> 3 | L27: =SUM(L25:L26) -> 5 | ... AB27: =SUM(AB25:AB26) -> 0 | AC27: =SUM(E27:AB27) -> 29
B28: 4. | C28: Jumlah Pengguna Hak Pilih (B.1+B.2+B.3) | D28: LK | E28: =SUM(E19,E22,E25) -> 76 | F28: =SUM(F19,F22,F25) -> 93 | G28: =SUM(G19,G22,G25) -> 61 | H28: =SUM(H19,H22,H25) -> 98 | I28: =SUM(I19,I22,I25) -> 77 | J28: =SUM(J19,J22,J25) -> 85 | K28: =SUM(K19,K22,K25) -> 90 | L28: =SUM(L19,L22,L25) -> 140 | ... AB28: =SUM(AB19,AB22,AB25) -> 95 | AC28: =SUM(E28:AB28) -> 2300
D29: PR | E29: =SUM(E20,E23,E26) -> 100 | F29: =SUM(F20,F23,F26) -> 115 | G29: =SUM(G20,G23,G26) -> 83 | H29: =SUM(H20,H23,H26) -> 106 | I29: =SUM(I20,I23,I26) -> 105 | J29: =SUM(J20,J23,J26) -> 93 | K29: =SUM(K20,K23,K26) -> 105 | L29: =SUM(L20,L23,L26) -> 99 | ... AB29: =SUM(AB20,AB23,AB26) -> 94 | AC29: =SUM(E29:AB29) -> 2539
D30: JML | E30: =SUM(E28:E29) -> 176 | F30: =SUM(F28:F29) -> 208 | G30: =SUM(G28:G29) -> 144 | H30: =SUM(H28:H29) -> 204 | I30: =SUM(I28:I29) -> 182 | J30: =SUM(J28:J29) -> 178 | K30: =SUM(K28:K29) -> 195 | L30: =SUM(L28:L29) -> 239 | ... AB30: =SUM(AB28:AB29) -> 189 | AC30: =SUM(E30:AB30) -> 4839
A32: II | B32: DATA PENGGUNAAN SURAT SUARA
A33: 1 | B33: Jumlah surat suara yang diterima, termasuk surat suara cadangan 2,5% dari DPT | E33: 234 | F33: 265 | G33: 202 | H33: 243 | I33: 233 | J33: 238 | K33: 279 | L33: 292 | M33: 287 | N33: 246 | O33: 295 | P33: 286 | Q33: 273 | R33: 272 | S33: 263 | T33: 260 | U33: 268 | V33: 286 | W33: 268 | X33: 265 | Y33: 272 | Z33: 273 | AA33: 269 | AB33: 233 | AC33: =SUM(E33:AB33) -> 6302
A34: 2 | B34: Jumlah surat suara yang digunakan | E34: 176 | F34: 208 | G34: 144 | H34: 204 | I34: 182 | J34: 178 | K34: 195 | L34: 239 | M34: 255 | N34: 202 | O34: 240 | P34: 214 | Q34: 197 | R34: 220 | S34: 196 | T34: 200 | U34: 198 | V34: 215 | W34: 197 | X34: 203 | Y34: 194 | Z34: 196 | AA34: 197 | AB34: 189 | AC34: =SUM(E34:AB34) -> 4839
A35: 3 | B35: Jumlah surat suara dikembalikan oleh pemilih (karena rusak atau keliru coblos) | E35: 0 | F35: 0 | G35: 0 | H35: 0 | I35: 1 | J35: 1 | K35: 4 | L35: 0 | M35: 0 | N35: 1 | O35: 0 | P35: 0 | Q35: 0 | R35: 2 | S35: 2 | T35: 0 | U35: 1 | V35: 0 | W35: 0 | X35: 0 | Y35: 1 | Z35: 0 | AA35: 0 | AB35: 1 | AC35: =SUM(E35:AB35) -> 14
A36: 4 | B36: Jumlah surat suara yang tidak digunakan/tidak terpakai, termasuk sisa surat suara cadangan | E36: =E33-(E34+E35) -> 58 | F36: =F33-(F34+F35) -> 57 | G36: =G33-(G34+G35) -> 58 | H36: =H33-(H34+H35) -> 39 | I36: =I33-(I34+I35) -> 50 | J36: =J33-(J34+J35) -> 59 | K36: =K33-(K34+K35) -> 80 | L36: =L33-(L34+L35) -> 53 | ... AB36: =AB33-(AB34+AB35) -> 43 | AC36: =SUM(E36:AB36) -> 1449
A38: III | B38: DATA PEMILIH DISABILITAS
B39: Jumlah seluruh Pemilih disabilitas yang menggunakan hak pilih | D39: LK | O39: 4 | R39: 1 | U39: 1 | X39: 1 | AC39: =SUM(E39:AB39) -> 7
D40: PR | O40: 7 | R40: 1 | U40: 3 | X40: 1 | AC40: =SUM(E40:AB40) -> 12
D41: JML | E41: =SUM(E39:E40) -> 0 | F41: =SUM(F39:F40) -> 0 | G41: =SUM(G39:G40) -> 0 | H41: =SUM(H39:H40) -> 0 | I41: =SUM(I39:I40) -> 0 | J41: =SUM(J39:J40) -> 0 | K41: =SUM(K39:K40) -> 0 | L41: =SUM(L39:L40) -> 0 | ... AB41: =SUM(AB39:AB40) -> 0 | AC41: =SUM(E41:AB41) -> 19
A43: IV | B43: DATA RINCIAN PEROLEHAN SUARA PASANGAN CALON BUPATI DAN WAKIL BUPATI
A44: NOMOR DAN NAMA CALON
A45: A.1 | B45: 1. | C45: Partai Kebangkitan Bangsa | E45: 6 | F45: 6 | G45: 3 | H45: 4 | I45: 7 | J45: 8 | K45: 3 | L45: 8 | M45: 1 | N45: 4 | O45: 3 | P45: 1 | Q45: 0 | R45: 4 | S45: 2 | T45: 1 | U45: 4 | V45: 7 | W45: 8 | X45: 18 | Y45: 12 | Z45: 13 | AA45: 13 | AB45: 3 | AC45: =SUM(E45:AB45) -> 139
A46: A.2 | B46: 1 | C46: 1. Dr. Hj. NIHAYATUL WAFIROH, M.A. | E46: 3 | F46: 11 | G46: 2 | H46: 8 | I46: 4 | J46: 5 | K46: 8 | L46: 11 | M46: 3 | N46: 0 | O46: 1 | P46: 4 | Q46: 2 | R46: 2 | S46: 5 | T46: 6 | U46: 6 | V46: 9 | W46: 16 | X46: 34 | Y46: 50 | Z46: 33 | AA46: 38 | AB46: 9 | AC46: =SUM(E46:AB46) -> 270
B47: 2 | C47: 2. H. M. NASIM KHAN | E47: 5 | F47: 7 | G47: 3 | H47: 1 | I47: 6 | J47: 11 | K47: 3 | L47: 2 | M47: 2 | N47: 6 | O47: 0 | P47: 0 | Q47: 3 | R47: 4 | S47: 2 | T47: 2 | U47: 4 | V47: 4 | W47: 5 | X47: 6 | Y47: 3 | Z47: 9 | AA47: 4 | AB47: 0 | AC47: =SUM(E47:AB47) -> 92
B48: 3 | C48: 3. Dr. H. AKIK ZAMAN, M.Pd.I. | E48: 1 | F48: 1 | G48: 0 | H48: 0 | I48: 1 | J48: 1 | K48: 0 | L48: 0 | M48: 0 | N48: 2 | O48: 0 | P48: 0 | Q48: 0 | R48: 0 | S48: 0 | T48: 1 | U48: 1 | V48: 0 | W48: 0 | X48: 0 | Y48: 2 | Z48: 1 | AA48: 0 | AB48: 0 | AC48: =SUM(E48:AB48) -> 11
B49: 4 | C49: 4. AHMAD RIFA'I, S.H. | E49: 0 | F49: 2 | G49: 0 | H49: 0 | I49: 0 | J49: 1 | K49: 1 | L49: 0 | M49: 0 | N49: 0 | O49: 0 | P49: 0 | Q49: 0 | R49: 1 | S49: 0 | T49: 0 | U49: 0 | V49: 1 | W49: 0 | X49: 0 | Y49: 1 | Z49: 0 | AA49: 0 | AB49: 1 | AC49: =SUM(E49:AB49) -> 8
B50: 5 | C50: 5. Drs. H. MAHFUD M.N. | E50: 0 | F50: 0 | G50: 0 | H50: 0 | I50: 0 | J50: 1 | K50: 2 | L50: 0 | M50: 0 | N50: 0 | O50: 0 | P50: 0 | Q50: 2 | R50: 2 | S50: 0 | T50: 0 | U50: 0 | V50: 1 | W50: 2 | X50: 1 | Y50: 0 | Z50: 0 | AA50: 0 | AB50: 0 | AC50: =SUM(E50:AB50) -> 11
B51: 6 | C51: 6. NURHAYATI, S.Pd. | E51: 0 | F51: 0 | G51: 0 | H51: 0 | I51: 0 | J51: 0 | K51: 0 | L51: 0 | M51: 0 | N51: 0 | O51: 0 | P51: 0 | Q51: 0 | R51: 0 | S51: 0 | T51: 0 | U51: 0 | V51: 1 | W51: 0 | X51: 0 | Y51: 0 | Z51: 0 | AA51: 0 | AB51: 0 | AC51: =SUM(E51:AB51) -> 1
B52: 7 | C52: 7. MAFTUHA KISWAH | E52: 0 | F52: 1 | G52: 0 | H52: 0 | I52: 0 | J52: 0 | K52: 0 | L52: 0 | M52: 1 | N52: 0 | O52: 0 | P52: 0 | Q52: 0 | R52: 0 | S52: 0 | T52: 0 | U52: 0 | V52: 0 | W52: 0 | X52: 0 | Y52: 0 | Z52: 1 | AA52: 0 | AB52: 0 | AC52: =SUM(E52:AB52) -> 3
AC53: =SUM(E53:AB53) -> 0
AC54: =SUM(E54:AB54) -> 0
A55: B | B55: JUMLAH SUARA SAH PARTAI POLITIK DAN CALON (A1 + A2) | E55: =SUM(E45:E54) -> 15 | F55: =SUM(F45:F54) -> 28 | G55: =SUM(G45:G54) -> 8 | H55: =SUM(H45:H54) -> 13 | I55: =SUM(I45:I54) -> 18 | J55: =SUM(J45:J54) -> 27 | K55: =SUM(K45:K54) -> 17 | L55: =SUM(L45:L54) -> 21 | ... AC55: =SUM(AC45:AC54) -> 535
A57: A.1 | B57: 2. | C57: Partai Gerakan Indonesia Raya | E57: 13 | F57: 11 | G57: 5 | H57: 13 | I57: 10 | J57: 14 | K57: 16 | L57: 10 | M57: 11 | N57: 14 | O57: 23 | P57: 16 | Q57: 15 | R57: 17 | S57: 39 | T57: 22 | U57: 19 | V57: 18 | W57: 19 | X57: 19 | Y57: 13 | Z57: 13 | AA57: 20 | AB57: 10 | AC57: =SUM(E57:AB57) -> 380
A58: A.2 | B58: 1 | C58: 1. SUMAIL ABDULLAH | E58: 15 | F58: 11 | G58: 5 | H58: 11 | I58: 5 | J58: 9 | K58: 13 | L58: 27 | M58: 6 | N58: 12 | O58: 32 | P58: 23 | Q58: 37 | R58: 35 | S58: 36 | T58: 28 | U58: 33 | V58: 27 | W58: 29 | X58: 12 | Y58: 8 | Z58: 19 | AA58: 5 | AB58: 15 | AC58: =SUM(E58:AB58) -> 453
B59: 2 | C59: 2. MUHAMMAD ALI ADRIAN SALEH | E59: 13 | F59: 4 | G59: 0 | H59: 3 | I59: 2 | J59: 3 | K59: 6 | L59: 6 | M59: 6 | N59: 7 | O59: 11 | P59: 10 | Q59: 8 | R59: 6 | S59: 6 | T59: 7 | U59: 15 | V59: 9 | W59: 8 | X59: 10 | Y59: 3 | Z59: 6 | AA59: 5 | AB59: 11 | AC59: =SUM(E59:AB59) -> 165
B60: 3 | C60: 3. DURROTUN NAFISAH | E60: 0 | F60: 1 | G60: 1 | H60: 1 | I60: 2 | J60: 1 | K60: 1 | L60: 0 | M60: 2 | N60: 0 | O60: 1 | P60: 3 | Q60: 0 | R60: 1 | S60: 2 | T60: 3 | U60: 2 | V60: 1 | W60: 1 | X60: 0 | Y60: 0 | Z60: 0 | AA60: 0 | AB60: 1 | AC60: =SUM(E60:AB60) -> 24
B61: 4 | C61: 4. H. EKO SUSILO NURHIDAYAT | E61: 3 | F61: 0 | G61: 3 | H61: 2 | I61: 2 | J61: 0 | K61: 2 | L61: 1 | M61: 2 | N61: 3 | O61: 1 | P61: 0 | Q61: 2 | R61: 2 | S61: 1 | T61: 8 | U61: 4 | V61: 5 | W61: 2 | X61: 1 | Y61: 2 | Z61: 2 | AA61: 1 | AB61: 1 | AC61: =SUM(E61:AB61) -> 50
B62: 5 | C62: 5. KARNADI HARIJANTO, S.S. | E62: 0 | F62: 0 | G62: 0 | H62: 0 | I62: 1 | J62: 0 | K62: 0 | L62: 0 | M62: 0 | N62: 0 | O62: 0 | P62: 1 | Q62: 0 | R62: 0 | S62: 0 | T62: 0 | U62: 0 | V62: 0 | W62: 1 | X62: 0 | Y62: 0 | Z62: 1 | AA62: 0 | AB62: 0 | AC62: =SUM(E62:AB62) -> 4
B63: 6 | C63: 6. NURHAYATI | E63: 0 | F63: 1 | G63: 0 | H63: 0 | I63: 0 | J63: 2 | K63: 2 | L63: 0 | M63: 0 | N63: 0 | O63: 1 | P63: 2 | Q63: 2 | R63: 1 | S63: 0 | T63: 2 | U63: 2 | V63: 2 | W63: 1 | X63: 1 | Y63: 2 | Z63: 0 | AA63: 0 | AB63: 0 | AC63: =SUM(E63:AB63) -> 21
B64: 7 | C64: 7. MASHUDI | E64: 0 | F64: 1 | G64: 0 | H64: 1 | I64: 0 | J64: 0 | K64: 0 | L64: 1 | M64: 0 | N64: 0 | O64: 0 | P64: 0 | Q64: 0 | R64: 0 | S64: 0 | T64: 2 | U64: 0 | V64: 0 | W64: 1 | X64: 0 | Y64: 0 | Z64: 0 | AA64: 0 | AB64: 0 | AC64: =SUM(E64:AB64) -> 6
AC65: =SUM(E65:AB65) -> 0
AC66: =SUM(E66:AB66) -> 0
A67: B | B67: JUMLAH SUARA SAH PARTAI POLITIK DAN CALON (A1 + A2) | E67: =SUM(E57:E66) -> 44 | F67: =SUM(F57:F66) -> 29 | G67: =SUM(G57:G66) -> 14 | H67: =SUM(H57:H66) -> 31 | I67: =SUM(I57:I66) -> 22 | J67: =SUM(J57:J66) -> 29 | K67: =SUM(K57:K66) -> 40 | L67: =SUM(L57:L66) -> 45 | ... AC67: =SUM(AC57:AC66) -> 1103
A69: A.1 | B69: 3. | C69: Partai Demokrasi Indonesia Perjuangan | E69: 3 | F69: 12 | G69: 4 | H69: 9 | I69: 4 | J69: 5 | K69: 5 | L69: 7 | M69: 16 | N69: 3 | O69: 21 | P69: 37 | Q69: 9 | R69: 24 | S69: 19 | T69: 13 | U69: 21 | V69: 15 | W69: 8 | X69: 3 | Y69: 2 | Z69: 12 | AA69: 15 | AB69: 7 | AC69: =SUM(E69:AB69) -> 274
A70: A.2 | B70: 1 | C70: 1. SONNY TRI DANAPARAMITA, S.H., M.H. | E70: 13 | F70: 21 | G70: 21 | H70: 27 | I70: 16 | J70: 14 | K70: 9 | L70: 24 | M70: 9 | N70: 13 | O70: 41 | P70: 22 | Q70: 11 | R70: 18 | S70: 6 | T70: 31 | U70: 16 | V70: 13 | W70: 20 | X70: 16 | Y70: 21 | Z70: 22 | AA70: 10 | AB70: 15 | AC70: =SUM(E70:AB70) -> 429
B71: 2 | C71: 2. H. MOHAMAD GUNTUR ROMLI | E71: 2 | F71: 4 | G71: 0 | H71: 2 | I71: 0 | J71: 1 | K71: 1 | L71: 4 | M71: 4 | N71: 0 | O71: 1 | P71: 5 | Q71: 8 | R71: 8 | S71: 1 | T71: 1 | U71: 3 | V71: 6 | W71: 3 | X71: 4 | Y71: 2 | Z71: 5 | AA71: 8 | AB71: 5 | AC71: =SUM(E71:AB71) -> 78
B72: 3 | C72: 3. INA AMMANIA | E72: 2 | F72: 6 | G72: 2 | H72: 7 | I72: 1 | J72: 0 | K72: 1 | L72: 3 | M72: 107 | N72: 0 | O72: 1 | P72: 14 | Q72: 7 | R72: 15 | S72: 14 | T72: 4 | U72: 7 | V72: 6 | W72: 2 | X72: 1 | Y72: 0 | Z72: 2 | AA72: 2 | AB72: 7 | AC72: =SUM(E72:AB72) -> 211
B73: 4 | C73: 4. IRWAN BACHTIAR RACHMAT, M.Si. | E73: 3 | F73: 1 | G73: 1 | H73: 0 | I73: 0 | J73: 0 | K73: 1 | L73: 1 | M73: 0 | N73: 0 | O73: 0 | P73: 1 | Q73: 1 | R73: 2 | S73: 1 | T73: 1 | U73: 2 | V73: 0 | W73: 0 | X73: 1 | Y73: 0 | Z73: 1 | AA73: 1 | AB73: 1 | AC73: =SUM(E73:AB73) -> 19
B74: 5 | C74: 5. LUCKY PERDANA | E74: 2 | F74: 5 | G74: 4 | H74: 1 | I74: 4 | J74: 2 | K74: 5 | L74: 7 | M74: 2 | N74: 2 | O74: 11 | P74: 12 | Q74: 11 | R74: 6 | S74: 4 | T74: 6 | U74: 2 | V74: 6 | W74: 3 | X74: 0 | Y74: 0 | Z74: 1 | AA74: 2 | AB74: 2 | AC74: =SUM(E74:AB74) -> 100
B75: 6 | C75: 6. WIWIK PUJIYATI | E75: 0 | F75: 1 | G75: 0 | H75: 0 | I75: 0 | J75: 1 | K75: 0 | L75: 1 | M75: 0 | N75: 0 | O75: 1 | P75: 0 | Q75: 2 | R75: 3 | S75: 1 | T75: 1 | U75: 0 | V75: 0 | W75: 1 | X75: 0 | Y75: 1 | Z75: 1 | AA75: 1 | AB75: 0 | AC75: =SUM(E75:AB75) -> 15
B76: 7 | C76: 7. CHANDRA ASTAN, S.T. | E76: 0 | F76: 0 | G76: 0 | H76: 0 | I76: 1 | J76: 1 | K76: 0 | L76: 0 | M76: 0 | N76: 0 | O76: 1 | P76: 0 | Q76: 0 | R76: 1 | S76: 0 | T76: 0 | U76: 0 | V76: 0 | W76: 0 | X76: 1 | Y76: 0 | Z76: 0 | AA76: 0 | AB76: 0 | AC76: =SUM(E76:AB76) -> 5
AC77: =SUM(E77:AB77) -> 0
AC78: =SUM(E78:AB78) -> 0
A79: B | B79: JUMLAH SUARA SAH PARTAI POLITIK DAN CALON (A1 + A2) | E79: =SUM(E69:E78) -> 25 | F79: =SUM(F69:F78) -> 50 | G79: =SUM(G69:G78) -> 32 | H79: =SUM(H69:H78) -> 46 | I79: =SUM(I69:I78) -> 26 | J79: =SUM(J69:J78) -> 24 | K79: =SUM(K69:K78) -> 22 | L79: =SUM(L69:L78) -> 47 | ... AC79: =SUM(AC69:AC78) -> 1131
A81: A.1 | B81: 4. | C81: Partai Golongan Karya | E81: 7 | F81: 8 | G81: 5 | H81: 6 | I81: 9 | J81: 6 | K81: 2 | L81: 3 | M81: 2 | N81: 5 | O81: 1 | P81: 1 | Q81: 2 | R81: 0 | S81: 3 | T81: 3 | U81: 3 | V81: 8 | W81: 1 | X81: 1 | Y81: 3 | Z81: 0 | AA81: 2 | AB81: 15 | AC81: =SUM(E81:AB81) -> 96
A82: A.2 | B82: 1 | C82: 1. ZULFIKAR ARSE SADIKIN, S.I.P., M.Si. | E82: 9 | F82: 14 | G82: 22 | H82: 56 | I82: 5 | J82: 2 | K82: 29 | L82: 15 | M82: 35 | N82: 15 | O82: 8 | P82: 2 | Q82: 5 | R82: 9 | S82: 4 | T82: 7 | U82: 4 | V82: 6 | W82: 6 | X82: 5 | Y82: 9 | Z82: 2 | AA82: 1 | AB82: 16 | AC82: =SUM(E82:AB82) -> 286
B83: 2 | C83: 2. HANDOKO | E83: 1 | F83: 7 | G83: 7 | H83: 2 | I83: 5 | J83: 6 | K83: 1 | L83: 10 | M83: 4 | N83: 5 | O83: 1 | P83: 4 | Q83: 2 | R83: 5 | S83: 0 | T83: 2 | U83: 5 | V83: 4 | W83: 1 | X83: 4 | Y83: 7 | Z83: 0 | AA83: 1 | AB83: 39 | AC83: =SUM(E83:AB83) -> 123
B84: 3 | C84: 3. Hj. OVI DEWI YANTI | E84: 0 | F84: 0 | G84: 1 | H84: 1 | I84: 0 | J84: 2 | K84: 1 | L84: 0 | M84: 0 | N84: 1 | O84: 0 | P84: 0 | Q84: 0 | R84: 0 | S84: 0 | T84: 2 | U84: 0 | V84: 1 | W84: 1 | X84: 0 | Y84: 0 | Z84: 0 | AA84: 0 | AB84: 2 | AC84: =SUM(E84:AB84) -> 12
B85: 4 | C85: 4. Ir. AZAM AZMAN NATAWIJANA | E85: 0 | F85: 1 | G85: 2 | H85: 0 | I85: 2 | J85: 0 | K85: 1 | L85: 2 | M85: 1 | N85: 0 | O85: 0 | P85: 0 | Q85: 1 | R85: 0 | S85: 0 | T85: 0 | U85: 0 | V85: 0 | W85: 0 | X85: 0 | Y85: 0 | Z85: 0 | AA85: 3 | AB85: 12 | AC85: =SUM(E85:AB85) -> 25
B86: 5 | C86: 5. UBAIDILLAH AMIN, S.Kom. | E86: 4 | F86: 2 | G86: 0 | H86: 0 | I86: 0 | J86: 4 | K86: 1 | L86: 0 | M86: 0 | N86: 0 | O86: 0 | P86: 3 | Q86: 0 | R86: 0 | S86: 1 | T86: 0 | U86: 0 | V86: 1 | W86: 0 | X86: 1 | Y86: 0 | Z86: 1 | AA86: 1 | AB86: 0 | AC86: =SUM(E86:AB86) -> 19
B87: 6 | C87: 6. DENNY YUNIANDARI, S.H., M.Kn. | E87: 0 | F87: 0 | G87: 0 | H87: 0 | I87: 1 | J87: 0 | K87: 0 | L87: 0 | M87: 0 | N87: 0 | O87: 0 | P87: 0 | Q87: 0 | R87: 0 | S87: 0 | T87: 0 | U87: 0 | V87: 0 | W87: 0 | X87: 0 | Y87: 0 | Z87: 0 | AA87: 0 | AB87: 0 | AC87: =SUM(E87:AB87) -> 1
B88: 7 | C88: 7. ERNADI, S.H.I. | E88: 1 | F88: 0 | G88: 0 | H88: 0 | I88: 0 | J88: 0 | K88: 0 | L88: 0 | M88: 0 | N88: 1 | O88: 0 | P88: 0 | Q88: 0 | R88: 1 | S88: 0 | T88: 0 | U88: 0 | V88: 0 | W88: 0 | X88: 0 | Y88: 0 | Z88: 0 | AA88: 0 | AB88: 0 | AC88: =SUM(E88:AB88) -> 3
AC89: =SUM(E89:AB89) -> 0
AC90: =SUM(E90:AB90) -> 0
A91: B | B91: JUMLAH SUARA SAH PARTAI POLITIK DAN CALON (A1 + A2) | E91: =SUM(E81:E90) -> 22 | F91: =SUM(F81:F90) -> 32 | G91: =SUM(G81:G90) -> 37 | H91: =SUM(H81:H90) -> 65 | I91: =SUM(I81:I90) -> 22 | J91: =SUM(J81:J90) -> 20 | K91: =SUM(K81:K90) -> 35 | L91: =SUM(L81:L90) -> 30 | ... AC91: =SUM(AC81:AC90) -> 565
A93: A.1 | B93: 5. | C93: Partai NasDem | E93: 3 | F93: 1 | G93: 2 | H93: 0 | I93: 1 | J93: 1 | K93: 3 | L93: 1 | M93: 1 | N93: 5 | O93: 9 | P93: 3 | Q93: 6 | R93: 5 | S93: 3 | T93: 4 | U93: 6 | V93: 2 | W93: 1 | X93: 4 | Y93: 2 | Z93: 8 | AA93: 1 | AB93: 0 | AC93: =SUM(E93:AB93) -> 72
A94: A.2 | B94: 1 | C94: 1. ACH. FADIL MUZAKKI SYAH | E94: 2 | F94: 2 | G94: 0 | H94: 2 | I94: 1 | J94: 0 | K94: 2 | L94: 0 | M94: 0 | N94: 1 | O94: 0 | P94: 0 | Q94: 0 | R94: 1 | S94: 1 | T94: 1 | U94: 1 | V94: 0 | W94: 0 | X94: 2 | Y94: 1 | Z94: 0 | AA94: 1 | AB94: 0 | AC94: =SUM(E94:AB94) -> 18
B95: 2 | C95: 2. BENY | E95: 15 | F95: 23 | G95: 8 | H95: 0 | I95: 23 | J95: 14 | K95: 19 | L95: 2 | M95: 0 | N95: 34 | O95: 7 | P95: 5 | Q95: 0 | R95: 0 | S95: 0 | T95: 0 | U95: 0 | V95: 1 | W95: 1 | X95: 0 | Y95: 0 | Z95: 0 | AA95: 0 | AB95: 0 | AC95: =SUM(E95:AB95) -> 152
B96: 3 | C96: 3. VINA VERONIKA | E96: 0 | F96: 0 | G96: 1 | H96: 0 | I96: 0 | J96: 0 | K96: 0 | L96: 0 | M96: 0 | N96: 0 | O96: 0 | P96: 1 | Q96: 0 | R96: 1 | S96: 0 | T96: 0 | U96: 0 | V96: 0 | W96: 0 | X96: 0 | Y96: 0 | Z96: 0 | AA96: 0 | AB96: 0 | AC96: =SUM(E96:AB96) -> 3
B97: 4 | C97: 4. TEDDY ANUGRIANTO | E97: 2 | F97: 0 | G97: 0 | H97: 0 | I97: 4 | J97: 0 | K97: 0 | L97: 0 | M97: 0 | N97: 0 | O97: 1 | P97: 0 | Q97: 2 | R97: 0 | S97: 0 | T97: 0 | U97: 1 | V97: 2 | W97: 3 | X97: 0 | Y97: 3 | Z97: 2 | AA97: 2 | AB97: 0 | AC97: =SUM(E97:AB97) -> 22
B98: 5 | C98: 5. INSAN KAMIL | E98: 1 | F98: 0 | G98: 0 | H98: 0 | I98: 0 | J98: 0 | K98: 1 | L98: 1 | M98: 0 | N98: 0 | O98: 2 | P98: 3 | Q98: 0 | R98: 4 | S98: 0 | T98: 0 | U98: 1 | V98: 2 | W98: 1 | X98: 2 | Y98: 3 | Z98: 2 | AA98: 1 | AB98: 1 | AC98: =SUM(E98:AB98) -> 25
B99: 6 | C99: 6. LILIK LINDARWATI | E99: 0 | F99: 0 | G99: 0 | H99: 1 | I99: 0 | J99: 0 | K99: 0 | L99: 0 | M99: 0 | N99: 0 | O99: 0 | P99: 0 | Q99: 1 | R99: 0 | S99: 0 | T99: 0 | U99: 0 | V99: 0 | W99: 0 | X99: 0 | Y99: 0 | Z99: 0 | AA99: 0 | AB99: 0 | AC99: =SUM(E99:AB99) -> 2
B100: 7 | C100: 7. YULI ANITA | E100: 0 | F100: 0 | G100: 0 | H100: 0 | I100: 0 | J100: 0 | K100: 0 | L100: 0 | M100: 0 | N100: 0 | O100: 0 | P100: 0 | Q100: 0 | R100: 0 | S100: 0 | T100: 0 | U100: 0 | V100: 0 | W100: 0 | X100: 0 | Y100: 0 | Z100: 0 | AA100: 0 | AB100: 0 | AC100: =SUM(E100:AB100) -> 0
AC101: =SUM(E101:AB101) -> 0
AC102: =SUM(E102:AB102) -> 0
A103: B | B103: JUMLAH SUARA SAH PARTAI POLITIK DAN CALON (A1 + A2) | E103: =SUM(E93:E102) -> 23 | F103: =SUM(F93:F102) -> 26 | G103: =SUM(G93:G102) -> 11 | H103: =SUM(H93:H102) -> 3 | I103: =SUM(I93:I102) -> 29 | J103: =SUM(J93:J102) -> 15 | K103: =SUM(K93:K102) -> 25 | L103: =SUM(L93:L102) -> 4 | ... AC103: =SUM(AC93:AC102) -> 294
A105: A.1 | B105: 6. | C105: Partai Buruh | E105: 0 | F105: 0 | G105: 0 | H105: 0 | I105: 1 | J105: 1 | K105: 0 | L105: 0 | M105: 0 | N105: 0 | O105: 0 | P105: 0 | Q105: 1 | R105: 0 | S105: 0 | T105: 2 | U105: 0 | V105: 1 | W105: 0 | X105: 0 | Y105: 0 | Z105: 1 | AA105: 0 | AB105: 0 | AC105: =SUM(E105:AB105) -> 7
A106: A.2 | B106: 1 | C106: 1. KHOIRUL ANAM | E106: 0 | F106: 1 | G106: 0 | H106: 0 | I106: 0 | J106: 1 | K106: 0 | L106: 0 | M106: 0 | N106: 0 | O106: 0 | P106: 1 | Q106: 0 | R106: 0 | S106: 0 | T106: 0 | U106: 0 | V106: 0 | W106: 0 | X106: 0 | Y106: 0 | Z106: 1 | AA106: 0 | AB106: 0 | AC106: =SUM(E106:AB106) -> 4
B107: 2 | C107: 2. INA KURNIA | E107: 0 | F107: 0 | G107: 0 | H107: 0 | I107: 0 | J107: 0 | K107: 0 | L107: 0 | M107: 0 | N107: 0 | O107: 0 | P107: 0 | Q107: 1 | R107: 0 | S107: 0 | T107: 0 | U107: 0 | V107: 0 | W107: 0 | X107: 0 | Y107: 0 | Z107: 1 | AA107: 0 | AB107: 0 | AC107: =SUM(E107:AB107) -> 2
B108: 3 | C108: 3. JIBRAL TAROUK | E108: 0 | F108: 0 | G108: 0 | H108: 0 | I108: 0 | J108: 0 | K108: 0 | L108: 0 | M108: 0 | N108: 0 | O108: 0 | P108: 0 | Q108: 0 | R108: 0 | S108: 0 | T108: 0 | U108: 0 | V108: 0 | W108: 0 | X108: 0 | Y108: 0 | Z108: 0 | AA108: 0 | AB108: 0 | AC108: =SUM(E108:AB108) -> 0
B109: 4 | C109: 4. ASTUTI DAENG PUJI | E109: 0 | F109: 0 | G109: 0 | H109: 0 | I109: 0 | J109: 0 | K109: 0 | L109: 0 | M109: 0 | N109: 0 | O109: 0 | P109: 0 | Q109: 0 | R109: 0 | S109: 0 | T109: 0 | U109: 0 | V109: 1 | W109: 0 | X109: 1 | Y109: 0 | Z109: 0 | AA109: 0 | AB109: 0 | AC109: =SUM(E109:AB109) -> 2
B110: 5 | C110: 5. ASDARMAWAN | E110: 0 | F110: 0 | G110: 0 | H110: 0 | I110: 0 | J110: 0 | K110: 0 | L110: 1 | M110: 0 | N110: 0 | O110: 0 | P110: 0 | Q110: 0 | R110: 0 | S110: 0 | T110: 0 | U110: 0 | V110: 0 | W110: 0 | X110: 0 | Y110: 0 | Z110: 0 | AA110: 0 | AB110: 0 | AC110: =SUM(E110:AB110) -> 1
B111: 6 | C111: 6. RIFQI MUBAROK | E111: 0 | F111: 0 | G111: 0 | H111: 0 | I111: 0 | J111: 0 | K111: 0 | L111: 0 | M111: 0 | N111: 0 | O111: 0 | P111: 0 | Q111: 0 | R111: 0 | S111: 0 | T111: 0 | U111: 0 | V111: 0 | W111: 0 | X111: 0 | Y111: 0 | Z111: 0 | AA111: 0 | AB111: 0 | AC111: =SUM(E111:AB111) -> 0
B112: 7 | C112: 7. FIRNANDA ALTA MEGA | E112: 0 | F112: 0 | G112: 0 | H112: 0 | I112: 0 | J112: 0 | K112: 0 | L112: 0 | M112: 0 | N112: 0 | O112: 0 | P112: 0 | Q112: 0 | R112: 0 | S112: 0 | T112: 0 | U112: 0 | V112: 0 | W112: 0 | X112: 0 | Y112: 0 | Z112: 0 | AA112: 0 | AB112: 0 | AC112: =SUM(E112:AB112) -> 0
AC113: =SUM(E113:AB113) -> 0
AC114: =SUM(E114:AB114) -> 0
A115: B | B115: JUMLAH SUARA SAH PARTAI POLITIK DAN CALON (A1 + A2) | E115: =SUM(E105:E114) -> 0 | F115: =SUM(F105:F114) -> 1 | G115: =SUM(G105:G114) -> 0 | H115: =SUM(H105:H114) -> 0 | I115: =SUM(I105:I114) -> 1 | J115: =SUM(J105:J114) -> 2 | K115: =SUM(K105:K114) -> 0 | L115: =SUM(L105:L114) -> 1 | ... AC115: =SUM(AC105:AC114) -> 16
A117: A.1 | B117: 7. | C117: Partai Gelombang Rakyat Indonesia | E117: 0 | F117: 0 | G117: 0 | H117: 0 | I117: 0 | J117: 0 | K117: 1 | L117: 1 | M117: 0 | N117: 0 | O117: 2 | P117: 0 | Q117: 1 | R117: 1 | S117: 7 | T117: 1 | U117: 0 | V117: 0 | W117: 1 | X117: 0 | Y117: 0 | Z117: 1 | AA117: 0 | AB117: 0 | AC117: =SUM(E117:AB117) -> 16
...

Sheet SINGOLATREN
C2: Kecamatan | D2: SINGOJURUH
C3: Kabupaten | D3: BANYUWANGI
C4: Provinsi | D4: JAWA TIMUR
C9: Kelurahan | D9: SINGOLATREN
A12: I | B12: DATA PEMILIH DAN PENGGUNAAN HAK PILIH | T12: JUMLAH AKHIR
A13: A | B13: DATA PEMILIH | E13: TPS 001 | F13: TPS 002 | G13: TPS 003 | H13: TPS 004 | I13: TPS 005 | J13: TPS 006 | K13: TPS 007 | L13: TPS 008 | M13: TPS 009 | N13: TPS 010 | O13: TPS 011 | P13: TPS 012 | Q13: TPS 013 | R13: TPS 014 | S13: TPS 015
B14: Jumlah Pemilih dalam Daftar Pemilih Tetap (DPT) | D14: LK | E14: 124 | F14: 132 | G14: 130 | H14: 127 | I14: 133 | J14: 115 | K14: 140 | L14: 127 | M14: 130 | N14: 111 | O14: 118 | P14: 108 | Q14: 114 | R14: 130 | S14: 81 | T14: =SUM(E14:S14) -> 1820
D15: PR | E15: 119 | F15: 123 | G15: 121 | H15: 125 | I15: 128 | J15: 126 | K15: 135 | L15: 133 | M15: 134 | N15: 121 | O15: 124 | P15: 118 | Q15: 121 | R15: 129 | S15: 80 | T15: =SUM(E15:S15) -> 1837
D16: JML | E16: =SUM(E14:E15) -> 243 | F16: =SUM(F14:F15) -> 255 | G16: =SUM(G14:G15) -> 251 | H16: =SUM(H14:H15) -> 252 | I16: =SUM(I14:I15) -> 261 | J16: =SUM(J14:J15) -> 241 | K16: =SUM(K14:K15) -> 275 | L16: =SUM(L14:L15) -> 260 | ... S16: =SUM(S14:S15) -> 161 | T16: =SUM(E16:S16) -> 3657
A18: B | B18: PENGGUNA HAK PILIH
B19: 1. | C19: Jumlah pengguna hak pilih dalam Daftar Pemilih Tetap (DPT) | D19: LK | E19: 97 | F19: 88 | G19: 110 | H19: 104 | I19: 111 | J19: 94 | K19: 112 | L19: 92 | M19: 95 | N19: 90 | O19: 87 | P19: 87 | Q19: 96 | R19: 89 | S19: 53 | T19: =SUM(E19:S19) -> 1405
D20: PR | E20: 100 | F20: 89 | G20: 99 | H20: 115 | I20: 109 | J20: 105 | K20: 114 | L20: 110 | M20: 103 | N20: 103 | O20: 106 | P20: 107 | Q20: 111 | R20: 105 | S20: 58 | T20: =SUM(E20:S20) -> 1534
D21: JML | E21: =SUM(E19:E20) -> 197 | F21: =SUM(F19:F20) -> 177 | G21: =SUM(G19:G20) -> 209 | H21: =SUM(H19:H20) -> 219 | I21: =SUM(I19:I20) -> 220 | J21: =SUM(J19:J20) -> 199 | K21: =SUM(K19:K20) -> 226 | L21: =SUM(L19:L20) -> 202 | ... S21: =SUM(S19:S20) -> 111 | T21: =SUM(E21:S21) -> 2939
B22: 2. | C22: Jumlah pengguna hak pilih dalam Daftar Pemilih Tambahan (DPTb) | D22: LK | E22: 0 | F22: 0 | G22: 0 | H22: 0 | I22: 0 | J22: 0 | K22: 0 | L22: 1 | M22: 0 | N22: 1 | O22: 0 | P22: 0 | Q22: 0 | R22: 0 | S22: 0 | T22: =SUM(E22:S22) -> 2
D23: PR | E23: 0 | F23: 0 | G23: 0 | H23: 0 | I23: 0 | J23: 0 | K23: 0 | L23: 1 | M23: 0 | N23: 1 | O23: 0 | P23: 0 | Q23: 0 | R23: 0 | S23: 0 | T23: =SUM(E23:S23) -> 2
D24: JML | E24: =SUM(E22:E23) -> 0 | F24: =SUM(F22:F23) -> 0 | G24: =SUM(G22:G23) -> 0 | H24: =SUM(H22:H23) -> 0 | I24: =SUM(I22:I23) -> 0 | J24: =SUM(J22:J23) -> 0 | K24: =SUM(K22:K23) -> 0 | L24: =SUM(L22:L23) -> 2 | ... S24: =SUM(S22:S23) -> 0 | T24: =SUM(E24:S24) -> 4
B25: 3. | C25: Jumlah pengguna hak pilih dalam Daftar Pemilih Khusus (DPK) | D25: LK | E25: 1 | F25: 3 | G25: 0 | H25: 0 | I25: 1 | J25: 0 | K25: 0 | L25: 2 | M25: 0 | N25: 0 | O25: 3 | P25: 0 | Q25: 0 | R25: 0 | S25: 1 | T25: =SUM(E25:S25) -> 11
D26: PR | E26: 2 | F26: 3 | G26: 2 | H26: 0 | I26: 0 | J26: 1 | K26: 2 | L26: 2 | M26: 0 | N26: 1 | O26: 4 | P26: 0 | Q26: 0 | R26: 1 | S26: 0 | T26: =SUM(E26:S26) -> 18
D27: JML | E27: =SUM(E25:E26) -> 3 | F27: =SUM(F25:F26) -> 6 | G27: =SUM(G25:G26) -> 2 | H27: =SUM(H25:H26) -> 0 | I27: =SUM(I25:I26) -> 1 | J27: =SUM(J25:J26) -> 1 | K27: =SUM(K25:K26) -> 2 | L27: =SUM(L25:L26) -> 4 | ... S27: =SUM(S25:S26) -> 1 | T27: =SUM(E27:S27) -> 29
B28: 4. | C28: Jumlah Pengguna Hak Pilih (B.1+B.2+B.3) | D28: LK | E28: =SUM(E19,E22,E25) -> 98 | F28: =SUM(F19,F22,F25) -> 91 | G28: =SUM(G19,G22,G25) -> 110 | H28: =SUM(H19,H22,H25) -> 104 | I28: =SUM(I19,I22,I25) -> 112 | J28: =SUM(J19,J22,J25) -> 94 | K28: =SUM(K19,K22,K25) -> 112 | L28: =SUM(L19,L22,L25) -> 95 | ... S28: =SUM(S19,S22,S25) -> 54 | T28: =SUM(E28:S28) -> 1418
D29: PR | E29: =SUM(E20,E23,E26) -> 102 | F29: =SUM(F20,F23,F26) -> 92 | G29: =SUM(G20,G23,G26) -> 101 | H29: =SUM(H20,H23,H26) -> 115 | I29: =SUM(I20,I23,I26) -> 109 | J29: =SUM(J20,J23,J26) -> 106 | K29: =SUM(K20,K23,K26) -> 116 | L29: =SUM(L20,L23,L26) -> 113 | ... S29: =SUM(S20,S23,S26) -> 58 | T29: =SUM(E29:S29) -> 1554
D30: JML | E30: =SUM(E28:E29) -> 200 | F30: =SUM(F28:F29) -> 183 | G30: =SUM(G28:G29) -> 211 | H30: =SUM(H28:H29) -> 219 | I30: =SUM(I28:I29) -> 221 | J30: =SUM(J28:J29) -> 200 | K30: =SUM(K28:K29) -> 228 | L30: =SUM(L28:L29) -> 208 | ... S30: =SUM(S28:S29) -> 112 | T30: =SUM(E30:S30) -> 2972
A32: II | B32: DATA PENGGUNAAN SURAT SUARA
A33: 1 | B33: Jumlah surat suara yang diterima, termasuk surat suara cadangan 2,5% dari DPT | E33: 248 | F33: 271 | G33: 257 | H33: 250 | I33: 266 | J33: 347 | K33: 282 | L33: 267 | M33: 269 | N33: 237 | O33: 267 | P33: 230 | Q33: 340 | R33: 265 | S33: 165 | T33: =SUM(E33:S33) -> 3961
A34: 2 | B34: Jumlah surat suara yang digunakan | E34: 200 | F34: 183 | G34: 211 | H34: 219 | I34: 221 | J34: 200 | K34: 228 | L34: 208 | M34: 198 | N34: 196 | O34: 200 | P34: 194 | Q34: 207 | R34: 195 | S34: 112 | T34: =SUM(E34:S34) -> 2972
A35: 3 | B35: Jumlah surat suara dikembalikan oleh pemilih (karena rusak atau keliru coblos) | E35: 2 | F35: 3 | G35: 0 | H35: 2 | I35: 3 | J35: 0 | K35: 0 | L35: 0 | M35: 3 | N35: 0 | O35: 0 | P35: 0 | Q35: 0 | R35: 1 | S35: 0 | T35: =SUM(E35:S35) -> 14
A36: 4 | B36: Jumlah surat suara yang tidak digunakan/tidak terpakai, termasuk sisa surat suara cadangan | E36: =E33-(E34+E35) -> 46 | F36: =F33-(F34+F35) -> 85 | G36: =G33-(G34+G35) -> 46 | H36: =H33-(H34+H35) -> 29 | I36: =I33-(I34+I35) -> 42 | J36: =J33-(J34+J35) -> 147 | K36: =K33-(K34+K35) -> 54 | L36: =L33-(L34+L35) -> 59 | ... S36: =S33-(S34+S35) -> 53 | T36: =SUM(E36:S36) -> 975
A38: III | B38: DATA PEMILIH DISABILITAS
B39: Jumlah seluruh Pemilih disabilitas yang menggunakan hak pilih | D39: LK | E39: 2 | F39: 0 | G39: 0 | H39: 0 | I39: 0 | J39: 1 | K39: 0 | L39: 1 | M39: 0 | N39: 0 | O39: 0 | P39: 0 | Q39: 0 | R39: 0 | S39: 0 | T39: =SUM(E39:S39) -> 4
D40: PR | E40: 3 | F40: 0 | G40: 0 | H40: 0 | I40: 0 | J40: 0 | K40: 0 | L40: 4 | M40: 0 | N40: 0 | O40: 1 | P40: 0 | Q40: 0 | R40: 0 | S40: 0 | T40: =SUM(E40:S40) -> 8
D41: JML | E41: =SUM(E39:E40) -> 5 | F41: =SUM(F39:F40) -> 0 | G41: =SUM(G39:G40) -> 0 | H41: =SUM(H39:H40) -> 0 | I41: =SUM(I39:I40) -> 0 | J41: =SUM(J39:J40) -> 1 | K41: =SUM(K39:K40) -> 0 | L41: =SUM(L39:L40) -> 5 | ... S41: =SUM(S39:S40) -> 0 | T41: =SUM(E41:S41) -> 12
A43: IV | B43: DATA RINCIAN PEROLEHAN SUARA PASANGAN CALON BUPATI DAN WAKIL BUPATI
A44: NOMOR DAN NAMA CALON
A45: A.1 | B45: 1. | C45: Partai Kebangkitan Bangsa | E45: 3 | F45: 1 | G45: 3 | H45: 4 | I45: 11 | J45: 9 | K45: 6 | L45: 7 | M45: 7 | N45: 1 | O45: 5 | P45: 12 | Q45: 1 | R45: 9 | S45: 1 | T45: =SUM(E45:S45) -> 80
A46: A.2 | B46: 1 | C46: 1. Dr. Hj. NIHAYATUL WAFIROH, M.A. | E46: 4 | F46: 4 | G46: 5 | H46: 6 | I46: 28 | J46: 13 | K46: 7 | L46: 10 | M46: 7 | N46: 45 | O46: 27 | P46: 22 | Q46: 25 | R46: 16 | S46: 2 | T46: =SUM(E46:S46) -> 221
B47: 2 | C47: 2. H. M. NASIM KHAN | E47: 4 | F47: 4 | G47: 6 | H47: 1 | I47: 14 | J47: 7 | K47: 3 | L47: 5 | M47: 5 | N47: 1 | O47: 3 | P47: 4 | Q47: 3 | R47: 3 | S47: 2 | T47: =SUM(E47:S47) -> 65
B48: 3 | C48: 3. Dr. H. AKIK ZAMAN, M.Pd.I. | E48: 1 | F48: 0 | G48: 1 | H48: 0 | I48: 1 | J48: 1 | K48: 0 | L48: 2 | M48: 0 | N48: 1 | O48: 0 | P48: 1 | Q48: 0 | R48: 1 | S48: 0 | T48: =SUM(E48:S48) -> 9
B49: 4 | C49: 4. AHMAD RIFA'I, S.H. | E49: 0 | F49: 1 | G49: 1 | H49: 1 | I49: 0 | J49: 1 | K49: 1 | L49: 0 | M49: 0 | N49: 0 | O49: 0 | P49: 2 | Q49: 0 | R49: 1 | S49: 0 | T49: =SUM(E49:S49) -> 8
B50: 5 | C50: 5. Drs. H. MAHFUD M.N. | E50: 0 | F50: 0 | G50: 0 | H50: 0 | I50: 0 | J50: 0 | K50: 1 | L50: 2 | M50: 2 | N50: 1 | O50: 1 | P50: 0 | Q50: 1 | R50: 2 | S50: 0 | T50: =SUM(E50:S50) -> 10
B51: 6 | C51: 6. NURHAYATI, S.Pd. | E51: 0 | F51: 2 | G51: 1 | H51: 0 | I51: 0 | J51: 0 | K51: 0 | L51: 1 | M51: 0 | N51: 0 | O51: 0 | P51: 0 | Q51: 1 | R51: 0 | S51: 0 | T51: =SUM(E51:S51) -> 5
B52: 7 | C52: 7. MAFTUHA KISWAH | E52: 0 | F52: 0 | G52: 0 | H52: 0 | I52: 0 | J52: 0 | K52: 1 | L52: 0 | M52: 0 | N52: 0 | O52: 0 | P52: 0 | Q52: 1 | R52: 0 | S52: 0 | T52: =SUM(E52:S52) -> 2
T53: =SUM(E53:S53) -> 0
T54: =SUM(E54:S54) -> 0
A55: B | B55: JUMLAH SUARA SAH PARTAI POLITIK DAN CALON (A1 + A2) | E55: =SUM(E45:E54) -> 12 | F55: =SUM(F45:F54) -> 12 | G55: =SUM(G45:G54) -> 17 | H55: =SUM(H45:H54) -> 12 | I55: =SUM(I45:I54) -> 54 | J55: =SUM(J45:J54) -> 31 | K55: =SUM(K45:K54) -> 19 | L55: =SUM(L45:L54) -> 27 | ... T55: =SUM(T45:T54) -> 400
A57: A.1 | B57: 2. | C57: Partai Gerakan Indonesia Raya | E57: 12 | F57: 15 | G57: 11 | H57: 16 | I57: 9 | J57: 9 | K57: 13 | L57: 4 | M57: 11 | N57: 14 | O57: 12 | P57: 10 | Q57: 11 | R57: 2 | S57: 6 | T57: =SUM(E57:S57) -> 155
A58: A.2 | B58: 1 | C58: 1. SUMAIL ABDULLAH | E58: 10 | F58: 7 | G58: 8 | H58: 11 | I58: 20 | J58: 11 | K58: 9 | L58: 20 | M58: 18 | N58: 27 | O58: 50 | P58: 9 | Q58: 11 | R58: 22 | S58: 14 | T58: =SUM(E58:S58) -> 247
B59: 2 | C59: 2. MUHAMMAD ALI ADRIAN SALEH | E59: 6 | F59: 7 | G59: 6 | H59: 1 | I59: 3 | J59: 2 | K59: 5 | L59: 11 | M59: 6 | N59: 4 | O59: 12 | P59: 4 | Q59: 1 | R59: 1 | S59: 5 | T59: =SUM(E59:S59) -> 74
B60: 3 | C60: 3. DURROTUN NAFISAH | E60: 3 | F60: 0 | G60: 1 | H60: 0 | I60: 0 | J60: 0 | K60: 1 | L60: 1 | M60: 0 | N60: 1 | O60: 1 | P60: 2 | Q60: 1 | R60: 1 | S60: 0 | T60: =SUM(E60:S60) -> 12
B61: 4 | C61: 4. H. EKO SUSILO NURHIDAYAT | E61: 1 | F61: 3 | G61: 3 | H61: 9 | I61: 0 | J61: 1 | K61: 1 | L61: 0 | M61: 2 | N61: 0 | O61: 3 | P61: 2 | Q61: 2 | R61: 2 | S61: 0 | T61: =SUM(E61:S61) -> 29
B62: 5 | C62: 5. KARNADI HARIJANTO, S.S. | E62: 0 | F62: 0 | G62: 1 | H62: 0 | I62: 0 | J62: 0 | K62: 0 | L62: 0 | M62: 1 | N62: 0 | O62: 0 | P62: 0 | Q62: 0 | R62: 0 | S62: 0 | T62: =SUM(E62:S62) -> 2
B63: 6 | C63: 6. NURHAYATI | E63: 0 | F63: 0 | G63: 0 | H63: 0 | I63: 0 | J63: 0 | K63: 2 | L63: 1 | M63: 1 | N63: 0 | O63: 1 | P63: 1 | Q63: 0 | R63: 1 | S63: 0 | T63: =SUM(E63:S63) -> 7
B64: 7 | C64: 7. MASHUDI | E64: 0 | F64: 2 | G64: 2 | H64: 0 | I64: 1 | J64: 0 | K64: 0 | L64: 0 | M64: 1 | N64: 0 | O64: 0 | P64: 1 | Q64: 0 | R64: 0 | S64: 0 | T64: =SUM(E64:S64) -> 7
T65: =SUM(E65:S65) -> 0
T66: =SUM(E66:S66) -> 0
A67: B | B67: JUMLAH SUARA SAH PARTAI POLITIK DAN CALON (A1 + A2) | E67: =SUM(E57:E66) -> 32 | F67: =SUM(F57:F66) -> 34 | G67: =SUM(G57:G66) -> 32 | H67: =SUM(H57:H66) -> 37 | I67: =SUM(I57:I66) -> 33 | J67: =SUM(J57:J66) -> 23 | K67: =SUM(K57:K66) -> 31 | L67: =SUM(L57:L66) -> 37 | ... T67: =SUM(T57:T66) -> 533
A69: A.1 | B69: 3. | C69: Partai Demokrasi Indonesia Perjuangan | E69: 15 | F69: 14 | G69: 17 | H69: 7 | I69: 8 | J69: 4 | K69: 7 | L69: 3 | M69: 8 | N69: 1 | O69: 0 | P69: 12 | Q69: 6 | R69: 4 | S69: 2 | T69: =SUM(E69:S69) -> 108
A70: A.2 | B70: 1 | C70: 1. SONNY TRI DANAPARAMITA, S.H., M.H. | E70: 36 | F70: 18 | G70: 15 | H70: 27 | I70: 23 | J70: 32 | K70: 8 | L70: 7 | M70: 7 | N70: 8 | O70: 4 | P70: 39 | Q70: 32 | R70: 5 | S70: 3 | T70: =SUM(E70:S70) -> 264
B71: 2 | C71: 2. H. MOHAMAD GUNTUR ROMLI | E71: 8 | F71: 7 | G71: 8 | H71: 9 | I71: 2 | J71: 0 | K71: 7 | L71: 4 | M71: 3 | N71: 3 | O71: 4 | P71: 0 | Q71: 9 | R71: 2 | S71: 0 | T71: =SUM(E71:S71) -> 66
B72: 3 | C72: 3. INA AMMANIA | E72: 7 | F72: 16 | G72: 11 | H72: 11 | I72: 4 | J72: 0 | K72: 2 | L72: 1 | M72: 6 | N72: 4 | O72: 7 | P72: 0 | Q72: 0 | R72: 49 | S72: 4 | T72: =SUM(E72:S72) -> 122
B73: 4 | C73: 4. IRWAN BACHTIAR RACHMAT, M.Si. | E73: 1 | F73: 1 | G73: 1 | H73: 1 | I73: 0 | J73: 0 | K73: 0 | L73: 0 | M73: 0 | N73: 3 | O73: 0 | P73: 0 | Q73: 0 | R73: 0 | S73: 0 | T73: =SUM(E73:S73) -> 7
B74: 5 | C74: 5. LUCKY PERDANA | E74: 21 | F74: 8 | G74: 21 | H74: 5 | I74: 20 | J74: 36 | K74: 11 | L74: 21 | M74: 34 | N74: 1 | O74: 2 | P74: 2 | Q74: 5 | R74: 15 | S74: 3 | T74: =SUM(E74:S74) -> 205
B75: 6 | C75: 6. WIWIK PUJIYATI | E75: 0 | F75: 1 | G75: 0 | H75: 1 | I75: 0 | J75: 1 | K75: 1 | L75: 2 | M75: 0 | N75: 0 | O75: 0 | P75: 1 | Q75: 0 | R75: 0 | S75: 0 | T75: =SUM(E75:S75) -> 7
B76: 7 | C76: 7. CHANDRA ASTAN, S.T. | E76: 1 | F76: 0 | G76: 0 | H76: 0 | I76: 0 | J76: 0 | K76: 0 | L76: 1 | M76: 0 | N76: 0 | O76: 0 | P76: 0 | Q76: 1 | R76: 0 | S76: 0 | T76: =SUM(E76:S76) -> 3
T77: =SUM(E77:S77) -> 0
T78: =SUM(E78:S78) -> 0
A79: B | B79: JUMLAH SUARA SAH PARTAI POLITIK DAN CALON (A1 + A2) | E79: =SUM(E69:E78) -> 89 | F79: =SUM(F69:F78) -> 65 | G79: =SUM(G69:G78) -> 73 | H79: =SUM(H69:H78) -> 61 | I79: =SUM(I69:I78) -> 57 | J79: =SUM(J69:J78) -> 73 | K79: =SUM(K69:K78) -> 36 | L79: =SUM(L69:L78) -> 39 | ... T79: =SUM(T69:T78) -> 782
A81: A.1 | B81: 4. | C81: Partai Golongan Karya | E81: 2 | F81: 1 | G81: 0 | H81: 4 | I81: 1 | J81: 5 | K81: 3 | L81: 6 | M81: 4 | N81: 1 | O81: 0 | P81: 2 | Q81: 5 | R81: 1 | S81: 2 | T81: =SUM(E81:S81) -> 37
A82: A.2 | B82: 1 | C82: 1. ZULFIKAR ARSE SADIKIN, S.I.P., M.Si. | E82: 11 | F82: 5 | G82: 5 | H82: 16 | I82: 6 | J82: 20 | K82: 7 | L82: 13 | M82: 5 | N82: 10 | O82: 9 | P82: 2 | Q82: 6 | R82: 6 | S82: 2 | T82: =SUM(E82:S82) -> 123
B83: 2 | C83: 2. HANDOKO | E83: 0 | F83: 1 | G83: 1 | H83: 5 | I83: 1 | J83: 0 | K83: 6 | L83: 6 | M83: 5 | N83: 1 | O83: 2 | P83: 2 | Q83: 3 | R83: 3 | S83: 3 | T83: =SUM(E83:S83) -> 39
B84: 3 | C84: 3. Hj. OVI DEWI YANTI | E84: 0 | F84: 0 | G84: 0 | H84: 0 | I84: 0 | J84: 0 | K84: 1 | L84: 1 | M84: 0 | N84: 0 | O84: 0 | P84: 1 | Q84: 0 | R84: 1 | S84: 0 | T84: =SUM(E84:S84) -> 4
B85: 4 | C85: 4. Ir. AZAM AZMAN NATAWIJANA | E85: 1 | F85: 0 | G85: 1 | H85: 0 | I85: 0 | J85: 0 | K85: 0 | L85: 1 | M85: 0 | N85: 1 | O85: 0 | P85: 0 | Q85: 0 | R85: 2 | S85: 0 | T85: =SUM(E85:S85) -> 6
B86: 5 | C86: 5. UBAIDILLAH AMIN, S.Kom. | E86: 0 | F86: 2 | G86: 0 | H86: 1 | I86: 2 | J86: 0 | K86: 1 | L86: 2 | M86: 5 | N86: 0 | O86: 0 | P86: 0 | Q86: 1 | R86: 0 | S86: 0 | T86: =SUM(E86:S86) -> 14
B87: 6 | C87: 6. DENNY YUNIANDARI, S.H., M.Kn. | E87: 0 | F87: 1 | G87: 0 | H87: 0 | I87: 0 | J87: 0 | K87: 0 | L87: 1 | M87: 0 | N87: 0 | O87: 0 | P87: 0 | Q87: 1 | R87: 0 | S87: 0 | T87: =SUM(E87:S87) -> 3
B88: 7 | C88: 7. ERNADI, S.H.I. | E88: 0 | F88: 0 | G88: 0 | H88: 0 | I88: 0 | J88: 0 | K88: 0 | L88: 0 | M88: 0 | N88: 0 | O88: 0 | P88: 0 | Q88: 0 | R88: 1 | S88: 0 | T88: =SUM(E88:S88) -> 1
T89: =SUM(E89:S89) -> 0
T90: =SUM(E90:S90) -> 0
A91: B | B91: JUMLAH SUARA SAH PARTAI POLITIK DAN CALON (A1 + A2) | E91: =SUM(E81:E90) -> 14 | F91: =SUM(F81:F90) -> 10 | G91: =SUM(G81:G90) -> 7 | H91: =SUM(H81:H90) -> 26 | I91: =SUM(I81:I90) -> 10 | J91: =SUM(J81:J90) -> 25 | K91: =SUM(K81:K90) -> 18 | L91: =SUM(L81:L90) -> 30 | ... T91: =SUM(T81:T90) -> 227
A93: A.1 | B93: 5. | C93: Partai NasDem | E93: 1 | F93: 0 | G93: 0 | H93: 0 | I93: 0 | J93: 0 | K93: 1 | L93: 2 | M93: 3 | N93: 0 | O93: 1 | P93: 0 | Q93: 0 | R93: 0 | S93: 0 | T93: =SUM(E93:S93) -> 8
A94: A.2 | B94: 1 | C94: 1. ACH. FADIL MUZAKKI SYAH | E94: 0 | F94: 0 | G94: 0 | H94: 0 | I94: 21 | J94: 6 | K94: 1 | L94: 0 | M94: 0 | N94: 4 | O94: 1 | P94: 2 | Q94: 4 | R94: 1 | S94: 1 | T94: =SUM(E94:S94) -> 41
B95: 2 | C95: 2. BENY | E95: 0 | F95: 1 | G95: 0 | H95: 0 | I95: 1 | J95: 0 | K95: 0 | L95: 0 | M95: 0 | N95: 0 | O95: 0 | P95: 0 | Q95: 0 | R95: 0 | S95: 0 | T95: =SUM(E95:S95) -> 2
B96: 3 | C96: 3. VINA VERONIKA | E96: 0 | F96: 0 | G96: 0 | H96: 0 | I96: 0 | J96: 0 | K96: 0 | L96: 0 | M96: 0 | N96: 0 | O96: 0 | P96: 0 | Q96: 0 | R96: 0 | S96: 0 | T96: =SUM(E96:S96) -> 0
B97: 4 | C97: 4. TEDDY ANUGRIANTO | E97: 0 | F97: 0 | G97: 1 | H97: 0 | I97: 0 | J97: 0 | K97: 3 | L97: 0 | M97: 0 | N97: 0 | O97: 0 | P97: 0 | Q97: 0 | R97: 0 | S97: 0 | T97: =SUM(E97:S97) -> 4
B98: 5 | C98: 5. INSAN KAMIL | E98: 0 | F98: 0 | G98: 1 | H98: 0 | I98: 0 | J98: 0 | K98: 0 | L98: 0 | M98: 0 | N98: 0 | O98: 0 | P98: 1 | Q98: 0 | R98: 0 | S98: 1 | T98: =SUM(E98:S98) -> 3
B99: 6 | C99: 6. LILIK LINDARWATI | E99: 0 | F99: 0 | G99: 0 | H99: 0 | I99: 0 | J99: 0 | K99: 0 | L99: 0 | M99: 0 | N99: 0 | O99: 0 | P99: 0 | Q99: 0 | R99: 0 | S99: 0 | T99: =SUM(E99:S99) -> 0
B100: 7 | C100: 7. YULI ANITA | E100: 0 | F100: 0 | G100: 0 | H100: 0 | I100: 0 | J100: 0 | K100: 0 | L100: 0 | M100: 0 | N100: 0 | O100: 0 | P100: 0 | Q100: 0 | R100: 0 | S100: 0 | T100: =SUM(E100:S100) -> 0
T101: =SUM(E101:S101) -> 0
T102: =SUM(E102:S102) -> 0
A103: B | B103: JUMLAH SUARA SAH PARTAI POLITIK DAN CALON (A1 + A2) | E103: =SUM(E93:E102) -> 1 | F103: =SUM(F93:F102) -> 1 | G103: =SUM(G93:G102) -> 2 | H103: =SUM(H93:H102) -> 0 | I103: =SUM(I93:I102) -> 22 | J103: =SUM(J93:J102) -> 6 | K103: =SUM(K93:K102) -> 5 | L103: =SUM(L93:L102) -> 2 | ... T103: =SUM(T93:T102) -> 58
A105: A.1 | B105: 6. | C105: Partai Buruh | E105: 0 | F105: 1 | G105: 0 | H105: 0 | I105: 0 | J105: 0 | K105: 0 | L105: 0 | M105: 0 | N105: 1 | O105: 0 | P105: 0 | Q105: 0 | R105: 2 | S105: 0 | T105: =SUM(E105:S105) -> 4
A106: A.2 | B106: 1 | C106: 1. KHOIRUL ANAM | E106: 0 | F106: 0 | G106: 1 | H106: 0 | I106: 0 | J106: 0 | K106: 0 | L106: 0 | M106: 0 | N106: 0 | O106: 0 | P106: 0 | Q106: 0 | R106: 0 | S106: 0 | T106: =SUM(E106:S106) -> 1
B107: 2 | C107: 2. INA KURNIA | E107: 0 | F107: 0 | G107: 0 | H107: 0 | I107: 0 | J107: 0 | K107: 0 | L107: 0 | M107: 0 | N107: 0 | O107: 0 | P107: 0 | Q107: 0 | R107: 0 | S107: 0 | T107: =SUM(E107:S107) -> 0
B108: 3 | C108: 3. JIBRAL TAROUK | E108: 0 | F108: 0 | G108: 0 | H108: 0 | I108: 0 | J108: 0 | K108: 0 | L108: 0 | M108: 0 | N108: 0 | O108: 0 | P108: 0 | Q108: 0 | R108: 0 | S108: 0 | T108: =SUM(E108:S108) -> 0
B109: 4 | C109: 4. ASTUTI DAENG PUJI | E109: 0 | F109: 0 | G109: 0 | H109: 0 | I109: 0 | J109: 0 | K109: 0 | L109: 0 | M109: 0 | N109: 0 | O109: 0 | P109: 0 | Q109: 0 | R109: 0 | S109: 0 | T109: =SUM(E109:S109) -> 0
B110: 5 | C110: 5. ASDARMAWAN | E110: 0 | F110: 0 | G110: 0 | H110: 0 | I110: 0 | J110: 0 | K110: 0 | L110: 0 | M110: 0 | N110: 0 | O110: 0 | P110: 0 | Q110: 0 | R110: 0 | S110: 0 | T110: =SUM(E110:S110) -> 0
B111: 6 | C111: 6. RIFQI MUBAROK | E111: 0 | F111: 0 | G111: 0 | H111: 0 | I111: 0 | J111: 0 | K111: 0 | L111: 0 | M111: 0 | N111: 0 | O111: 0 | P111: 0 | Q111: 0 | R111: 0 | S111: 0 | T111: =SUM(E111:S111) -> 0
B112: 7 | C112: 7. FIRNANDA ALTA MEGA | E112: 0 | F112: 0 | G112: 0 | H112: 0 | I112: 0 | J112: 0 | K112: 0 | L112: 0 | M112: 0 | N112: 0 | O112: 0 | P112: 0 | Q112: 0 | R112: 0 | S112: 0 | T112: =SUM(E112:S112) -> 0
T113: =SUM(E113:S113) -> 0
T114: =SUM(E114:S114) -> 0
A115: B | B115: JUMLAH SUARA SAH PARTAI POLITIK DAN CALON (A1 + A2) | E115: =SUM(E105:E114) -> 0 | F115: =SUM(F105:F114) -> 1 | G115: =SUM(G105:G114) -> 1 | H115: =SUM(H105:H114) -> 0 | I115: =SUM(I105:I114) -> 0 | J115: =SUM(J105:J114) -> 0 | K115: =SUM(K105:K114) -> 0 | L115: =SUM(L105:L114) -> 0 | ... T115: =SUM(T105:T114) -> 5
A117: A.1 | B117: 7. | C117: Partai Gelombang Rakyat Indonesia | E117: 0 | F117: 1 | G117: 2 | H117: 1 | I117: 0 | J117: 0 | K117: 1 | L117: 3 | M117: 1 | N117: 0 | O117: 0 | P117: 1 | Q117: 0 | R117: 0 | S117: 0 | T117: =SUM(E117:S117) -> 10
...

Sheet SUMBERBARU
C2: Kecamatan | D2: SINGOJURUH
C3: Kabupaten | D3: BANYUWANGI
C4: Provinsi | D4: JAWA TIMUR
C9: Kelurahan | D9: SUMBERBARU
A12: I | B12: DATA PEMILIH DAN PENGGUNAAN HAK PILIH | S12: JUMLAH AKHIR
A13: A | B13: DATA PEMILIH | E13: TPS 001 | F13: TPS 002 | G13: TPS 003 | H13: TPS 004 | I13: TPS 005 | J13: TPS 006 | K13: TPS 007 | L13: TPS 008 | M13: TPS 009 | N13: TPS 010 | O13: TPS 011 | P13: TPS 012 | Q13: TPS 013 | R13: TPS 014
B14: Jumlah Pemilih dalam Daftar Pemilih Tetap (DPT) | D14: LK | E14: 103 | F14: 111 | G14: 96 | H14: 144 | I14: 133 | J14: 119 | K14: 134 | L14: 141 | M14: 133 | N14: 118 | O14: 130 | P14: 141 | Q14: 119 | R14: 110 | S14: =SUM(E14:R14) -> 1732
D15: PR | E15: 91 | F15: 95 | G15: 103 | H15: 139 | I15: 142 | J15: 110 | K15: 139 | L15: 136 | M15: 135 | N15: 114 | O15: 125 | P15: 129 | Q15: 135 | R15: 95 | S15: =SUM(E15:R15) -> 1688
D16: JML | E16: =SUM(E14:E15) -> 194 | F16: =SUM(F14:F15) -> 206 | G16: =SUM(G14:G15) -> 199 | H16: =SUM(H14:H15) -> 283 | I16: =SUM(I14:I15) -> 275 | J16: =SUM(J14:J15) -> 229 | K16: =SUM(K14:K15) -> 273 | L16: =SUM(L14:L15) -> 277 | ... R16: =SUM(R14:R15) -> 205 | S16: =SUM(E16:R16) -> 3420
A18: B | B18: PENGGUNA HAK PILIH
B19: 1. | C19: Jumlah pengguna hak pilih dalam Daftar Pemilih Tetap (DPT) | D19: LK | E19: 71 | F19: 78 | G19: 73 | H19: 107 | I19: 103 | J19: 91 | K19: 109 | L19: 103 | M19: 83 | N19: 102 | O19: 100 | P19: 94 | Q19: 84 | R19: 76 | S19: =SUM(E19:R19) -> 1274
D20: PR | E20: 69 | F20: 75 | G20: 80 | H20: 105 | I20: 119 | J20: 101 | K20: 113 | L20: 115 | M20: 106 | N20: 99 | O20: 102 | P20: 88 | Q20: 102 | R20: 76 | S20: =SUM(E20:R20) -> 1350
D21: JML | E21: =SUM(E19:E20) -> 140 | F21: =SUM(F19:F20) -> 153 | G21: =SUM(G19:G20) -> 153 | H21: =SUM(H19:H20) -> 212 | I21: =SUM(I19:I20) -> 222 | J21: =SUM(J19:J20) -> 192 | K21: =SUM(K19:K20) -> 222 | L21: =SUM(L19:L20) -> 218 | ... R21: =SUM(R19:R20) -> 152 | S21: =SUM(E21:R21) -> 2624
B22: 2. | C22: Jumlah pengguna hak pilih dalam Daftar Pemilih Tambahan (DPTb) | D22: LK | E22: 0 | F22: 0 | G22: 2 | H22: 1 | I22: 1 | J22: 0 | K22: 0 | L22: 0 | M22: 0 | N22: 0 | O22: 0 | P22: 0 | Q22: 0 | R22: 0 | S22: =SUM(E22:R22) -> 4
D23: PR | E23: 0 | F23: 1 | G23: 0 | H23: 1 | I23: 0 | J23: 0 | K23: 0 | L23: 0 | M23: 0 | N23: 0 | O23: 0 | P23: 0 | Q23: 0 | R23: 0 | S23: =SUM(E23:R23) -> 2
D24: JML | E24: =SUM(E22:E23) -> 0 | F24: =SUM(F22:F23) -> 1 | G24: =SUM(G22:G23) -> 2 | H24: =SUM(H22:H23) -> 2 | I24: =SUM(I22:I23) -> 1 | J24: =SUM(J22:J23) -> 0 | K24: =SUM(K22:K23) -> 0 | L24: =SUM(L22:L23) -> 0 | ... R24: =SUM(R22:R23) -> 0 | S24: =SUM(E24:R24) -> 6
B25: 3. | C25: Jumlah pengguna hak pilih dalam Daftar Pemilih Khusus (DPK) | D25: LK | E25: 1 | F25: 0 | G25: 2 | H25: 0 | I25: 0 | J25: 1 | K25: 2 | L25: 0 | M25: 1 | N25: 0 | O25: 0 | P25: 3 | Q25: 0 | R25: 1 | S25: =SUM(E25:R25) -> 11
D26: PR | E26: 1 | F26: 0 | G26: 3 | H26: 0 | I26: 1 | J26: 3 | K26: 1 | L26: 2 | M26: 2 | N26: 1 | O26: 2 | P26: 0 | Q26: 0 | R26: 1 | S26: =SUM(E26:R26) -> 17
D27: JML | E27: =SUM(E25:E26) -> 2 | F27: =SUM(F25:F26) -> 0 | G27: =SUM(G25:G26) -> 5 | H27: =SUM(H25:H26) -> 0 | I27: =SUM(I25:I26) -> 1 | J27: =SUM(J25:J26) -> 4 | K27: =SUM(K25:K26) -> 3 | L27: =SUM(L25:L26) -> 2 | ... R27: =SUM(R25:R26) -> 2 | S27: =SUM(E27:R27) -> 28
B28: 4. | C28: Jumlah Pengguna Hak Pilih (B.1+B.2+B.3) | D28: LK | E28: =SUM(E19,E22,E25) -> 72 | F28: =SUM(F19,F22,F25) -> 78 | G28: =SUM(G19,G22,G25) -> 77 | H28: =SUM(H19,H22,H25) -> 108 | I28: =SUM(I19,I22,I25) -> 104 | J28: =SUM(J19,J22,J25) -> 92 | K28: =SUM(K19,K22,K25) -> 111 | L28: =SUM(L19,L22,L25) -> 103 | ... R28: =SUM(R19,R22,R25) -> 77 | S28: =SUM(E28:R28) -> 1289
D29: PR | E29: =SUM(E20,E23,E26) -> 70 | F29: =SUM(F20,F23,F26) -> 76 | G29: =SUM(G20,G23,G26) -> 83 | H29: =SUM(H20,H23,H26) -> 106 | I29: =SUM(I20,I23,I26) -> 120 | J29: =SUM(J20,J23,J26) -> 104 | K29: =SUM(K20,K23,K26) -> 114 | L29: =SUM(L20,L23,L26) -> 117 | ... R29: =SUM(R20,R23,R26) -> 77 | S29: =SUM(E29:R29) -> 1369
D30: JML | E30: =SUM(E28:E29) -> 142 | F30: =SUM(F28:F29) -> 154 | G30: =SUM(G28:G29) -> 160 | H30: =SUM(H28:H29) -> 214 | I30: =SUM(I28:I29) -> 224 | J30: =SUM(J28:J29) -> 196 | K30: =SUM(K28:K29) -> 225 | L30: =SUM(L28:L29) -> 220 | ... R30: =SUM(R28:R29) -> 154 | S30: =SUM(E30:R30) -> 2658
A32: II | B32: DATA PENGGUNAAN SURAT SUARA
A33: 1 | B33: Jumlah surat suara yang diterima, termasuk surat suara cadangan 2,5% dari DPT | E33: 198 | F33: 221 | G33: 203 | H33: 289 | I33: 281 | J33: 233 | K33: 279 | L33: 287 | M33: 264 | N33: 258 | O33: 261 | P33: 276 | Q33: 250 | R33: 200 | S33: =SUM(E33:R33) -> 3500
A34: 2 | B34: Jumlah surat suara yang digunakan | E34: 142 | F34: 154 | G34: 160 | H34: 214 | I34: 224 | J34: 196 | K34: 225 | L34: 220 | M34: 192 | N34: 202 | O34: 204 | P34: 185 | Q34: 186 | R34: 154 | S34: =SUM(E34:R34) -> 2658
A35: 3 | B35: Jumlah surat suara dikembalikan oleh pemilih (karena rusak atau keliru coblos) | E35: 0 | F35: 0 | G35: 0 | H35: 0 | I35: 0 | J35: 0 | K35: 0 | L35: 0 | M35: 0 | N35: 3 | O35: 4 | P35: 0 | Q35: 1 | R35: 1 | S35: =SUM(E35:R35) -> 9
A36: 4 | B36: Jumlah surat suara yang tidak digunakan/tidak terpakai, termasuk sisa surat suara cadangan | E36: =E33-(E34+E35) -> 56 | F36: =F33-(F34+F35) -> 67 | G36: =G33-(G34+G35) -> 43 | H36: =H33-(H34+H35) -> 75 | I36: =I33-(I34+I35) -> 57 | J36: =J33-(J34+J35) -> 37 | K36: =K33-(K34+K35) -> 54 | L36: =L33-(L34+L35) -> 67 | ... R36: =R33-(R34+R35) -> 45 | S36: =SUM(E36:R36) -> 833
A38: III | B38: DATA PEMILIH DISABILITAS
B39: Jumlah seluruh Pemilih disabilitas yang menggunakan hak pilih | D39: LK | M39: 1 | S39: =SUM(E39:R39) -> 1
D40: PR | S40: =SUM(E40:R40) -> 0
D41: JML | E41: =SUM(E39:E40) -> 0 | F41: =SUM(F39:F40) -> 0 | G41: =SUM(G39:G40) -> 0 | H41: =SUM(H39:H40) -> 0 | I41: =SUM(I39:I40) -> 0 | J41: =SUM(J39:J40) -> 0 | K41: =SUM(K39:K40) -> 0 | L41: =SUM(L39:L40) -> 0 | ... R41: =SUM(R39:R40) -> 0 | S41: =SUM(E41:R41) -> 1
A43: IV | B43: DATA RINCIAN PEROLEHAN SUARA PASANGAN CALON BUPATI DAN WAKIL BUPATI
A44: NOMOR DAN NAMA CALON
A45: A.1 | B45: 1. | C45: Partai Kebangkitan Bangsa | E45: 3 | F45: 3 | G45: 2 | H45: 8 | I45: 2 | J45: 2 | K45: 7 | L45: 6 | M45: 11 | N45: 4 | O45: 12 | P45: 6 | Q45: 5 | R45: 6 | S45: =SUM(E45:R45) -> 77
A46: A.2 | B46: 1 | C46: 1. Dr. Hj. NIHAYATUL WAFIROH, M.A. | E46: 4 | F46: 5 | G46: 10 | H46: 38 | I46: 10 | J46: 9 | K46: 19 | L46: 16 | M46: 92 | N46: 27 | O46: 50 | P46: 5 | Q46: 8 | R46: 12 | S46: =SUM(E46:R46) -> 305
B47: 2 | C47: 2. H. M. NASIM KHAN | E47: 0 | F47: 2 | G47: 1 | H47: 0 | I47: 0 | J47: 1 | K47: 1 | L47: 3 | M47: 4 | N47: 4 | O47: 1 | P47: 2 | Q47: 0 | R47: 3 | S47: =SUM(E47:R47) -> 22
B48: 3 | C48: 3. Dr. H. AKIK ZAMAN, M.Pd.I. | E48: 0 | F48: 1 | G48: 0 | H48: 1 | I48: 0 | J48: 1 | K48: 0 | L48: 1 | M48: 1 | N48: 1 | O48: 2 | P48: 2 | Q48: 1 | R48: 0 | S48: =SUM(E48:R48) -> 11
B49: 4 | C49: 4. AHMAD RIFA'I, S.H. | E49: 0 | F49: 2 | G49: 1 | H49: 0 | I49: 0 | J49: 1 | K49: 1 | L49: 0 | M49: 0 | N49: 0 | O49: 0 | P49: 0 | Q49: 0 | R49: 0 | S49: =SUM(E49:R49) -> 5
B50: 5 | C50: 5. Drs. H. MAHFUD M.N. | E50: 0 | F50: 0 | G50: 0 | H50: 0 | I50: 1 | J50: 0 | K50: 2 | L50: 0 | M50: 1 | N50: 0 | O50: 1 | P50: 1 | Q50: 1 | R50: 0 | S50: =SUM(E50:R50) -> 7
