Workbook

Sheet DPR
C8: Kecamatan | D8: SRONO
C9: Kabupaten | D9: BANYUWANGI
C10: Provinsi | D10: JAWA TIMUR
A12: I | B12: DATA PEMILIH DAN PENGGUNAAN HAK PILIH | E12: JUMLAH AKHIR
A13: A | B13: DATA PEMILIH
B14: Jumlah Pemilih dalam Daftar Pemilih Tetap (DPT) | D14: LK | E14: =BAGOREJO!AM14+KEBAMAN!AW14+KEPUNDUNGAN!W14+'PARIJATAH KULON'!Y14+'PARIJATAH WETAN'!AC14+REJOAGUNG!AF14+SUKOMAJU!AC14+SUKONATAR!T14+SUMBERSARI!AH14+WONOSOBO!AS14 -> 37696
D15: PR | E15: =BAGOREJO!AM15+KEBAMAN!AW15+KEPUNDUNGAN!W15+'PARIJATAH KULON'!Y15+'PARIJATAH WETAN'!AC15+REJOAGUNG!AF15+SUKOMAJU!AC15+SUKONATAR!T15+SUMBERSARI!AH15+WONOSOBO!AS15 -> 37805
D16: JML | E16: =SUM(E14:E15) -> 75501
A18: B | B18: PENGGUNA HAK PILIH
B19: 1. | C19: Jumlah pengguna hak pilih dalam Daftar Pemilih Tetap (DPT) | D19: LK | E19: =BAGOREJO!AM19+KEBAMAN!AW19+KEPUNDUNGAN!W19+'PARIJATAH KULON'!Y19+'PARIJATAH WETAN'!AC19+REJOAGUNG!AF19+SUKOMAJU!AC19+SUKONATAR!T19+SUMBERSARI!AH19+WONOSOBO!AS19 -> 27910
D20: PR | E20: =BAGOREJO!AM20+KEBAMAN!AW20+KEPUNDUNGAN!W20+'PARIJATAH KULON'!Y20+'PARIJATAH WETAN'!AC20+REJOAGUNG!AF20+SUKOMAJU!AC20+SUKONATAR!T20+SUMBERSARI!AH20+WONOSOBO!AS20 -> 30149
D21: JML | E21: =SUM(E19:E20) -> 58059
B22: 2. | C22: Jumlah pengguna hak pilih dalam Daftar Pemilih Tambahan (DPTb) | D22: LK | E22: =BAGOREJO!AM22+KEBAMAN!AW22+KEPUNDUNGAN!W22+'PARIJATAH KULON'!Y22+'PARIJATAH WETAN'!AC22+REJOAGUNG!AF22+SUKOMAJU!AC22+SUKONATAR!T22+SUMBERSARI!AH22+WONOSOBO!AS22 -> 21
D23: PR | E23: =BAGOREJO!AM23+KEBAMAN!AW23+KEPUNDUNGAN!W23+'PARIJATAH KULON'!Y23+'PARIJATAH WETAN'!AC23+REJOAGUNG!AF23+SUKOMAJU!AC23+SUKONATAR!T23+SUMBERSARI!AH23+WONOSOBO!AS23 -> 22
D24: JML | E24: =SUM(E22:E23) -> 43
B25: 3. | C25: Jumlah pengguna hak pilih dalam Daftar Pemilih Khusus (DPK) | D25: LK | E25: =BAGOREJO!AM25+KEBAMAN!AW25+KEPUNDUNGAN!W25+'PARIJATAH KULON'!Y25+'PARIJATAH WETAN'!AC25+REJOAGUNG!AF25+SUKOMAJU!AC25+SUKONATAR!T25+SUMBERSARI!AH25+WONOSOBO!AS25 -> 409
D26: PR | E26: =BAGOREJO!AM26+KEBAMAN!AW26+KEPUNDUNGAN!W26+'PARIJATAH KULON'!Y26+'PARIJATAH WETAN'!AC26+REJOAGUNG!AF26+SUKOMAJU!AC26+SUKONATAR!T26+SUMBERSARI!AH26+WONOSOBO!AS26 -> 514
D27: JML | E27: =SUM(E25:E26) -> 923
B28: 4. | C28: Jumlah Pengguna Hak Pilih (B.1+B.2+B.3) | D28: LK | E28: =E19+E22+E25 -> 28340
D29: PR | E29: =E20+E23+E26 -> 30685
D30: JML | E30: =SUM(E28:E29) -> 59025
A32: II | B32: DATA PENGGUNAAN SURAT SUARA
A33: 1 | B33: Jumlah surat suara yang diterima, termasuk surat suara cadangan 2,5% dari DPT | E33: =BAGOREJO!AM33+KEBAMAN!AW33+KEPUNDUNGAN!W33+'PARIJATAH KULON'!Y33+'PARIJATAH WETAN'!AC33+REJOAGUNG!AF33+SUKOMAJU!AC33+SUKONATAR!T33+SUMBERSARI!AH33+WONOSOBO!AS33 -> 76402
A34: 2 | B34: Jumlah surat suara yang digunakan | E34: =BAGOREJO!AM34+KEBAMAN!AW34+KEPUNDUNGAN!W34+'PARIJATAH KULON'!Y34+'PARIJATAH WETAN'!AC34+REJOAGUNG!AF34+SUKOMAJU!AC34+SUKONATAR!T34+SUMBERSARI!AH34+WONOSOBO!AS34 -> 59025
A35: 3 | B35: Jumlah surat suara dikembalikan oleh pemilih (karena rusak atau keliru coblos) | E35: =BAGOREJO!AM35+KEBAMAN!AW35+KEPUNDUNGAN!W35+'PARIJATAH KULON'!Y35+'PARIJATAH WETAN'!AC35+REJOAGUNG!AF35+SUKOMAJU!AC35+SUKONATAR!T35+SUMBERSARI!AH35+WONOSOBO!AS35 -> 97
A36: 4 | B36: Jumlah surat suara yang tidak digunakan/tidak terpakai, termasuk sisa surat suara cadangan | E36: =E33-(E34+E35) -> 17280
A38: III | B38: DATA PEMILIH DISABILITAS
B39: Jumlah seluruh Pemilih disabilitas yang menggunakan hak pilih | D39: LK | E39: =BAGOREJO!AM39+KEBAMAN!AW39+KEPUNDUNGAN!W39+'PARIJATAH KULON'!Y39+'PARIJATAH WETAN'!AC39+REJOAGUNG!AF39+SUKOMAJU!AC39+SUKONATAR!T39+SUMBERSARI!AH39+WONOSOBO!AS39 -> 29
D40: PR | E40: =BAGOREJO!AM40+KEBAMAN!AW40+KEPUNDUNGAN!W40+'PARIJATAH KULON'!Y40+'PARIJATAH WETAN'!AC40+REJOAGUNG!AF40+SUKOMAJU!AC40+SUKONATAR!T40+SUMBERSARI!AH40+WONOSOBO!AS40 -> 33
D41: JML | E41: =SUM(E39:E40) -> 62
A43: IV | B43: DATA RINCIAN PEROLEHAN SUARA PASANGAN CALON BUPATI DAN WAKIL BUPATI
A44: NOMOR DAN NAMA CALON
A45: A.1 | B45: 1. | C45: Partai Kebangkitan Bangsa | E45: =BAGOREJO!AM45+KEBAMAN!AW45+KEPUNDUNGAN!W45+'PARIJATAH KULON'!Y45+'PARIJATAH WETAN'!AC45+REJOAGUNG!AF45+SUKOMAJU!AC45+SUKONATAR!T45+SUMBERSARI!AH45+WONOSOBO!AS45 -> 1815
A46: A.2 | B46: 1 | C46: 1. Dr. Hj. NIHAYATUL WAFIROH, M.A. | E46: =BAGOREJO!AM46+KEBAMAN!AW46+KEPUNDUNGAN!W46+'PARIJATAH KULON'!Y46+'PARIJATAH WETAN'!AC46+REJOAGUNG!AF46+SUKOMAJU!AC46+SUKONATAR!T46+SUMBERSARI!AH46+WONOSOBO!AS46 -> 4144
B47: 2 | C47: 2. H. M. NASIM KHAN | E47: =BAGOREJO!AM47+KEBAMAN!AW47+KEPUNDUNGAN!W47+'PARIJATAH KULON'!Y47+'PARIJATAH WETAN'!AC47+REJOAGUNG!AF47+SUKOMAJU!AC47+SUKONATAR!T47+SUMBERSARI!AH47+WONOSOBO!AS47 -> 564
B48: 3 | C48: 3. Dr. H. AKIK ZAMAN, M.Pd.I. | E48: =BAGOREJO!AM48+KEBAMAN!AW48+KEPUNDUNGAN!W48+'PARIJATAH KULON'!Y48+'PARIJATAH WETAN'!AC48+REJOAGUNG!AF48+SUKOMAJU!AC48+SUKONATAR!T48+SUMBERSARI!AH48+WONOSOBO!AS48 -> 223
B49: 4 | C49: 4. AHMAD RIFA'I, S.H. | E49: =BAGOREJO!AM49+KEBAMAN!AW49+KEPUNDUNGAN!W49+'PARIJATAH KULON'!Y49+'PARIJATAH WETAN'!AC49+REJOAGUNG!AF49+SUKOMAJU!AC49+SUKONATAR!T49+SUMBERSARI!AH49+WONOSOBO!AS49 -> 183
B50: 5 | C50: 5. Drs. H. MAHFUD M.N. | E50: =BAGOREJO!AM50+KEBAMAN!AW50+KEPUNDUNGAN!W50+'PARIJATAH KULON'!Y50+'PARIJATAH WETAN'!AC50+REJOAGUNG!AF50+SUKOMAJU!AC50+SUKONATAR!T50+SUMBERSARI!AH50+WONOSOBO!AS50 -> 109
B51: 6 | C51: 6. NURHAYATI, S.Pd. | E51: =BAGOREJO!AM51+KEBAMAN!AW51+KEPUNDUNGAN!W51+'PARIJATAH KULON'!Y51+'PARIJATAH WETAN'!AC51+REJOAGUNG!AF51+SUKOMAJU!AC51+SUKONATAR!T51+SUMBERSARI!AH51+WONOSOBO!AS51 -> 73
B52: 7 | C52: 7. MAFTUHA KISWAH | E52: =BAGOREJO!AM52+KEBAMAN!AW52+KEPUNDUNGAN!W52+'PARIJATAH KULON'!Y52+'PARIJATAH WETAN'!AC52+REJOAGUNG!AF52+SUKOMAJU!AC52+SUKONATAR!T52+SUMBERSARI!AH52+WONOSOBO!AS52 -> 27
A55: B | B55: JUMLAH SUARA SAH PARTAI POLITIK DAN CALON (A1 + A2) | E55: =SUM(E45:E52) -> 7138
A57: A.1 | B57: 2. | C57: Partai Gerakan Indonesia Raya | E57: =BAGOREJO!AM57+KEBAMAN!AW57+KEPUNDUNGAN!W57+'PARIJATAH KULON'!Y57+'PARIJATAH WETAN'!AC57+REJOAGUNG!AF57+SUKOMAJU!AC57+SUKONATAR!T57+SUMBERSARI!AH57+WONOSOBO!AS57 -> 3292
A58: A.2 | B58: 1 | C58: 1. SUMAIL ABDULLAH | E58: =BAGOREJO!AM58+KEBAMAN!AW58+KEPUNDUNGAN!W58+'PARIJATAH KULON'!Y58+'PARIJATAH WETAN'!AC58+REJOAGUNG!AF58+SUKOMAJU!AC58+SUKONATAR!T58+SUMBERSARI!AH58+WONOSOBO!AS58 -> 5101
B59: 2 | C59: 2. MUHAMMAD ALI ADRIAN SALEH | E59: =BAGOREJO!AM59+KEBAMAN!AW59+KEPUNDUNGAN!W59+'PARIJATAH KULON'!Y59+'PARIJATAH WETAN'!AC59+REJOAGUNG!AF59+SUKOMAJU!AC59+SUKONATAR!T59+SUMBERSARI!AH59+WONOSOBO!AS59 -> 1604
B60: 3 | C60: 3. DURROTUN NAFISAH | E60: =BAGOREJO!AM60+KEBAMAN!AW60+KEPUNDUNGAN!W60+'PARIJATAH KULON'!Y60+'PARIJATAH WETAN'!AC60+REJOAGUNG!AF60+SUKOMAJU!AC60+SUKONATAR!T60+SUMBERSARI!AH60+WONOSOBO!AS60 -> 538
B61: 4 | C61: 4. H. EKO SUSILO NURHIDAYAT | E61: =BAGOREJO!AM61+KEBAMAN!AW61+KEPUNDUNGAN!W61+'PARIJATAH KULON'!Y61+'PARIJATAH WETAN'!AC61+REJOAGUNG!AF61+SUKOMAJU!AC61+SUKONATAR!T61+SUMBERSARI!AH61+WONOSOBO!AS61 -> 528
B62: 5 | C62: 5. KARNADI HARIJANTO, S.S. | E62: =BAGOREJO!AM62+KEBAMAN!AW62+KEPUNDUNGAN!W62+'PARIJATAH KULON'!Y62+'PARIJATAH WETAN'!AC62+REJOAGUNG!AF62+SUKOMAJU!AC62+SUKONATAR!T62+SUMBERSARI!AH62+WONOSOBO!AS62 -> 107
B63: 6 | C63: 6. NURHAYATI | E63: =BAGOREJO!AM63+KEBAMAN!AW63+KEPUNDUNGAN!W63+'PARIJATAH KULON'!Y63+'PARIJATAH WETAN'!AC63+REJOAGUNG!AF63+SUKOMAJU!AC63+SUKONATAR!T63+SUMBERSARI!AH63+WONOSOBO!AS63 -> 212
B64: 7 | C64: 7. MASHUDI | E64: =BAGOREJO!AM64+KEBAMAN!AW64+KEPUNDUNGAN!W64+'PARIJATAH KULON'!Y64+'PARIJATAH WETAN'!AC64+REJOAGUNG!AF64+SUKOMAJU!AC64+SUKONATAR!T64+SUMBERSARI!AH64+WONOSOBO!AS64 -> 178
A67: B | B67: JUMLAH SUARA SAH PARTAI POLITIK DAN CALON (A1 + A2) | E67: =SUM(E57:E64) -> 11560
A69: A.1 | B69: 3. | C69: Partai Demokrasi Indonesia Perjuangan | E69: =BAGOREJO!AM69+KEBAMAN!AW69+KEPUNDUNGAN!W69+'PARIJATAH KULON'!Y69+'PARIJATAH WETAN'!AC69+REJOAGUNG!AF69+SUKOMAJU!AC69+SUKONATAR!T69+SUMBERSARI!AH69+WONOSOBO!AS69 -> 2539
A70: A.2 | B70: 1 | C70: 1. SONNY TRI DANAPARAMITA, S.H., M.H. | E70: =BAGOREJO!AM70+KEBAMAN!AW70+KEPUNDUNGAN!W70+'PARIJATAH KULON'!Y70+'PARIJATAH WETAN'!AC70+REJOAGUNG!AF70+SUKOMAJU!AC70+SUKONATAR!T70+SUMBERSARI!AH70+WONOSOBO!AS70 -> 2261
B71: 2 | C71: 2. H. MOHAMAD GUNTUR ROMLI | E71: =BAGOREJO!AM71+KEBAMAN!AW71+KEPUNDUNGAN!W71+'PARIJATAH KULON'!Y71+'PARIJATAH WETAN'!AC71+REJOAGUNG!AF71+SUKOMAJU!AC71+SUKONATAR!T71+SUMBERSARI!AH71+WONOSOBO!AS71 -> 2067
B72: 3 | C72: 3. INA AMMANIA | E72: =BAGOREJO!AM72+KEBAMAN!AW72+KEPUNDUNGAN!W72+'PARIJATAH KULON'!Y72+'PARIJATAH WETAN'!AC72+REJOAGUNG!AF72+SUKOMAJU!AC72+SUKONATAR!T72+SUMBERSARI!AH72+WONOSOBO!AS72 -> 2173
B73: 4 | C73: 4. IRWAN BACHTIAR RACHMAT, M.Si. | E73: =BAGOREJO!AM73+KEBAMAN!AW73+KEPUNDUNGAN!W73+'PARIJATAH KULON'!Y73+'PARIJATAH WETAN'!AC73+REJOAGUNG!AF73+SUKOMAJU!AC73+SUKONATAR!T73+SUMBERSARI!AH73+WONOSOBO!AS73 -> 167
B74: 5 | C74: 5. LUCKY PERDANA | E74: =BAGOREJO!AM74+KEBAMAN!AW74+KEPUNDUNGAN!W74+'PARIJATAH KULON'!Y74+'PARIJATAH WETAN'!AC74+REJOAGUNG!AF74+SUKOMAJU!AC74+SUKONATAR!T74+SUMBERSARI!AH74+WONOSOBO!AS74 -> 742
B75: 6 | C75: 6. WIWIK PUJIYATI | E75: =BAGOREJO!AM75+KEBAMAN!AW75+KEPUNDUNGAN!W75+'PARIJATAH KULON'!Y75+'PARIJATAH WETAN'!AC75+REJOAGUNG!AF75+SUKOMAJU!AC75+SUKONATAR!T75+SUMBERSARI!AH75+WONOSOBO!AS75 -> 283
B76: 7 | C76: 7. CHANDRA ASTAN, S.T. | E76: =BAGOREJO!AM76+KEBAMAN!AW76+KEPUNDUNGAN!W76+'PARIJATAH KULON'!Y76+'PARIJATAH WETAN'!AC76+REJOAGUNG!AF76+SUKOMAJU!AC76+SUKONATAR!T76+SUMBERSARI!AH76+WONOSOBO!AS76 -> 217
A79: B | B79: JUMLAH SUARA SAH PARTAI POLITIK DAN CALON (A1 + A2) | E79: =SUM(E69:E76) -> 10449
A81: A.1 | B81: 4. | C81: Partai Golongan Karya | E81: =BAGOREJO!AM81+KEBAMAN!AW81+KEPUNDUNGAN!W81+'PARIJATAH KULON'!Y81+'PARIJATAH WETAN'!AC81+REJOAGUNG!AF81+SUKOMAJU!AC81+SUKONATAR!T81+SUMBERSARI!AH81+WONOSOBO!AS81 -> 1028
A82: A.2 | B82: 1 | C82: 1. ZULFIKAR ARSE SADIKIN, S.I.P., M.Si. | E82: =BAGOREJO!AM82+KEBAMAN!AW82+KEPUNDUNGAN!W82+'PARIJATAH KULON'!Y82+'PARIJATAH WETAN'!AC82+REJOAGUNG!AF82+SUKOMAJU!AC82+SUKONATAR!T82+SUMBERSARI!AH82+WONOSOBO!AS82 -> 3178
B83: 2 | C83: 2. HANDOKO | E83: =BAGOREJO!AM83+KEBAMAN!AW83+KEPUNDUNGAN!W83+'PARIJATAH KULON'!Y83+'PARIJATAH WETAN'!AC83+REJOAGUNG!AF83+SUKOMAJU!AC83+SUKONATAR!T83+SUMBERSARI!AH83+WONOSOBO!AS83 -> 734
B84: 3 | C84: 3. Hj. OVI DEWI YANTI | E84: =BAGOREJO!AM84+KEBAMAN!AW84+KEPUNDUNGAN!W84+'PARIJATAH KULON'!Y84+'PARIJATAH WETAN'!AC84+REJOAGUNG!AF84+SUKOMAJU!AC84+SUKONATAR!T84+SUMBERSARI!AH84+WONOSOBO!AS84 -> 124
B85: 4 | C85: 4. Ir. AZAM AZMAN NATAWIJANA | E85: =BAGOREJO!AM85+KEBAMAN!AW85+KEPUNDUNGAN!W85+'PARIJATAH KULON'!Y85+'PARIJATAH WETAN'!AC85+REJOAGUNG!AF85+SUKOMAJU!AC85+SUKONATAR!T85+SUMBERSARI!AH85+WONOSOBO!AS85 -> 107
B86: 5 | C86: 5. UBAIDILLAH AMIN, S.Kom. | E86: =BAGOREJO!AM86+KEBAMAN!AW86+KEPUNDUNGAN!W86+'PARIJATAH KULON'!Y86+'PARIJATAH WETAN'!AC86+REJOAGUNG!AF86+SUKOMAJU!AC86+SUKONATAR!T86+SUMBERSARI!AH86+WONOSOBO!AS86 -> 475
B87: 6 | C87: 6. DENNY YUNIANDARI, S.H., M.Kn. | E87: =BAGOREJO!AM87+KEBAMAN!AW87+KEPUNDUNGAN!W87+'PARIJATAH KULON'!Y87+'PARIJATAH WETAN'!AC87+REJOAGUNG!AF87+SUKOMAJU!AC87+SUKONATAR!T87+SUMBERSARI!AH87+WONOSOBO!AS87 -> 88
B88: 7 | C88: 7. ERNADI, S.H.I. | E88: =BAGOREJO!AM88+KEBAMAN!AW88+KEPUNDUNGAN!W88+'PARIJATAH KULON'!Y88+'PARIJATAH WETAN'!AC88+REJOAGUNG!AF88+SUKOMAJU!AC88+SUKONATAR!T88+SUMBERSARI!AH88+WONOSOBO!AS88 -> 23
A91: B | B91: JUMLAH SUARA SAH PARTAI POLITIK DAN CALON (A1 + A2) | E91: =SUM(E81:E88) -> 5757
A93: A.1 | B93: 5. | C93: Partai NasDem | E93: =BAGOREJO!AM93+KEBAMAN!AW93+KEPUNDUNGAN!W93+'PARIJATAH KULON'!Y93+'PARIJATAH WETAN'!AC93+REJOAGUNG!AF93+SUKOMAJU!AC93+SUKONATAR!T93+SUMBERSARI!AH93+WONOSOBO!AS93 -> 661
A94: A.2 | B94: 1 | C94: 1. ACH. FADIL MUZAKKI SYAH | E94: =BAGOREJO!AM94+KEBAMAN!AW94+KEPUNDUNGAN!W94+'PARIJATAH KULON'!Y94+'PARIJATAH WETAN'!AC94+REJOAGUNG!AF94+SUKOMAJU!AC94+SUKONATAR!T94+SUMBERSARI!AH94+WONOSOBO!AS94 -> 638
B95: 2 | C95: 2. BENY | E95: =BAGOREJO!AM95+KEBAMAN!AW95+KEPUNDUNGAN!W95+'PARIJATAH KULON'!Y95+'PARIJATAH WETAN'!AC95+REJOAGUNG!AF95+SUKOMAJU!AC95+SUKONATAR!T95+SUMBERSARI!AH95+WONOSOBO!AS95 -> 560
B96: 3 | C96: 3. VINA VERONIKA | E96: =BAGOREJO!AM96+KEBAMAN!AW96+KEPUNDUNGAN!W96+'PARIJATAH KULON'!Y96+'PARIJATAH WETAN'!AC96+REJOAGUNG!AF96+SUKOMAJU!AC96+SUKONATAR!T96+SUMBERSARI!AH96+WONOSOBO!AS96 -> 76
B97: 4 | C97: 4. TEDDY ANUGRIANTO | E97: =BAGOREJO!AM97+KEBAMAN!AW97+KEPUNDUNGAN!W97+'PARIJATAH KULON'!Y97+'PARIJATAH WETAN'!AC97+REJOAGUNG!AF97+SUKOMAJU!AC97+SUKONATAR!T97+SUMBERSARI!AH97+WONOSOBO!AS97 -> 1602
B98: 5 | C98: 5. INSAN KAMIL | E98: =BAGOREJO!AM98+KEBAMAN!AW98+KEPUNDUNGAN!W98+'PARIJATAH KULON'!Y98+'PARIJATAH WETAN'!AC98+REJOAGUNG!AF98+SUKOMAJU!AC98+SUKONATAR!T98+SUMBERSARI!AH98+WONOSOBO!AS98 -> 62
B99: 6 | C99: 6. LILIK LINDARWATI | E99: =BAGOREJO!AM99+KEBAMAN!AW99+KEPUNDUNGAN!W99+'PARIJATAH KULON'!Y99+'PARIJATAH WETAN'!AC99+REJOAGUNG!AF99+SUKOMAJU!AC99+SUKONATAR!T99+SUMBERSARI!AH99+WONOSOBO!AS99 -> 18
B100: 7 | C100: 7. YULI ANITA | E100: =BAGOREJO!AM100+KEBAMAN!AW100+KEPUNDUNGAN!W100+'PARIJATAH KULON'!Y100+'PARIJATAH WETAN'!AC100+REJOAGUNG!AF100+SUKOMAJU!AC100+SUKONATAR!T100+SUMBERSARI!AH100+WONOSOBO!AS100 -> 15
A103: B | B103: JUMLAH SUARA SAH PARTAI POLITIK DAN CALON (A1 + A2) | E103: =SUM(E93:E100) -> 3632
A105: A.1 | B105: 6. | C105: Partai Buruh | E105: =BAGOREJO!AM105+KEBAMAN!AW105+KEPUNDUNGAN!W105+'PARIJATAH KULON'!Y105+'PARIJATAH WETAN'!AC105+REJOAGUNG!AF105+SUKOMAJU!AC105+SUKONATAR!T105+SUMBERSARI!AH105+WONOSOBO!AS105 -> 138
A106: A.2 | B106: 1 | C106: 1. KHOIRUL ANAM | E106: =BAGOREJO!AM106+KEBAMAN!AW106+KEPUNDUNGAN!W106+'PARIJATAH KULON'!Y106+'PARIJATAH WETAN'!AC106+REJOAGUNG!AF106+SUKOMAJU!AC106+SUKONATAR!T106+SUMBERSARI!AH106+WONOSOBO!AS106 -> 72
B107: 2 | C107: 2. INA KURNIA | E107: =BAGOREJO!AM107+KEBAMAN!AW107+KEPUNDUNGAN!W107+'PARIJATAH KULON'!Y107+'PARIJATAH WETAN'!AC107+REJOAGUNG!AF107+SUKOMAJU!AC107+SUKONATAR!T107+SUMBERSARI!AH107+WONOSOBO!AS107 -> 47
B108: 3 | C108: 3. JIBRAL TAROUK | E108: =BAGOREJO!AM108+KEBAMAN!AW108+KEPUNDUNGAN!W108+'PARIJATAH KULON'!Y108+'PARIJATAH WETAN'!AC108+REJOAGUNG!AF108+SUKOMAJU!AC108+SUKONATAR!T108+SUMBERSARI!AH108+WONOSOBO!AS108 -> 15
B109: 4 | C109: 4. ASTUTI DAENG PUJI | E109: =BAGOREJO!AM109+KEBAMAN!AW109+KEPUNDUNGAN!W109+'PARIJATAH KULON'!Y109+'PARIJATAH WETAN'!AC109+REJOAGUNG!AF109+SUKOMAJU!AC109+SUKONATAR!T109+SUMBERSARI!AH109+WONOSOBO!AS109 -> 18
B110: 5 | C110: 5. ASDARMAWAN | E110: =BAGOREJO!AM110+KEBAMAN!AW110+KEPUNDUNGAN!W110+'PARIJATAH KULON'!Y110+'PARIJATAH WETAN'!AC110+REJOAGUNG!AF110+SUKOMAJU!AC110+SUKONATAR!T110+SUMBERSARI!AH110+WONOSOBO!AS110 -> 4
B111: 6 | C111: 6. RIFQI MUBAROK | E111: =BAGOREJO!AM111+KEBAMAN!AW111+KEPUNDUNGAN!W111+'PARIJATAH KULON'!Y111+'PARIJATAH WETAN'!AC111+REJOAGUNG!AF111+SUKOMAJU!AC111+SUKONATAR!T111+SUMBERSARI!AH111+WONOSOBO!AS111 -> 10
B112: 7 | C112: 7. FIRNANDA ALTA MEGA | E112: =BAGOREJO!AM112+KEBAMAN!AW112+KEPUNDUNGAN!W112+'PARIJATAH KULON'!Y112+'PARIJATAH WETAN'!AC112+REJOAGUNG!AF112+SUKOMAJU!AC112+SUKONATAR!T112+SUMBERSARI!AH112+WONOSOBO!AS112 -> 4
A115: B | B115: JUMLAH SUARA SAH PARTAI POLITIK DAN CALON (A1 + A2) | E115: =SUM(E105:E112) -> 308
A117: A.1 | B117: 7. | C117: Partai Gelombang Rakyat Indonesia | E117: =BAGOREJO!AM117+KEBAMAN!AW117+KEPUNDUNGAN!W117+'PARIJATAH KULON'!Y117+'PARIJATAH WETAN'!AC117+REJOAGUNG!AF117+SUKOMAJU!AC117+SUKONATAR!T117+SUMBERSARI!AH117+WONOSOBO!AS117 -> 159
A118: A.2 | B118: 1 | C118: 1. TITI WIDORETNO WARISMAN | E118: =BAGOREJO!AM118+KEBAMAN!AW118+KEPUNDUNGAN!W118+'PARIJATAH KULON'!Y118+'PARIJATAH WETAN'!AC118+REJOAGUNG!AF118+SUKOMAJU!AC118+SUKONATAR!T118+SUMBERSARI!AH118+WONOSOBO!AS118 -> 79
B119: 2 | C119: 2. MAMIEK SETYANINGSIH | E119: =BAGOREJO!AM119+KEBAMAN!AW119+KEPUNDUNGAN!W119+'PARIJATAH KULON'!Y119+'PARIJATAH WETAN'!AC119+REJOAGUNG!AF119+SUKOMAJU!AC119+SUKONATAR!T119+SUMBERSARI!AH119+WONOSOBO!AS119 -> 25
B120: 3 | C120: 3. ROMIL AZIZEN | E120: =BAGOREJO!AM120+KEBAMAN!AW120+KEPUNDUNGAN!W120+'PARIJATAH KULON'!Y120+'PARIJATAH WETAN'!AC120+REJOAGUNG!AF120+SUKOMAJU!AC120+SUKONATAR!T120+SUMBERSARI!AH120+WONOSOBO!AS120 -> 20
A127: B | B127: JUMLAH SUARA SAH PARTAI POLITIK DAN CALON (A1 + A2) | E127: =SUM(E117:E120) -> 283
A129: A.1 | B129: 8. | C129: Partai Keadilan Sejahtera | E129: =BAGOREJO!AM129+KEBAMAN!AW129+KEPUNDUNGAN!W129+'PARIJATAH KULON'!Y129+'PARIJATAH WETAN'!AC129+REJOAGUNG!AF129+SUKOMAJU!AC129+SUKONATAR!T129+SUMBERSARI!AH129+WONOSOBO!AS129 -> 160
A130: A.2 | B130: 1 | C130: 1. H. SAIMI SALEH, S.E., M.M. | E130: =BAGOREJO!AM130+KEBAMAN!AW130+KEPUNDUNGAN!W130+'PARIJATAH KULON'!Y130+'PARIJATAH WETAN'!AC130+REJOAGUNG!AF130+SUKOMAJU!AC130+SUKONATAR!T130+SUMBERSARI!AH130+WONOSOBO!AS130 -> 991
B131: 2 | C131: 2. Prof. Dr. H. EGGI SUDJANA, S.H., M.Si. | E131: =BAGOREJO!AM131+KEBAMAN!AW131+KEPUNDUNGAN!W131+'PARIJATAH KULON'!Y131+'PARIJATAH WETAN'!AC131+REJOAGUNG!AF131+SUKOMAJU!AC131+SUKONATAR!T131+SUMBERSARI!AH131+WONOSOBO!AS131 -> 118
B132: 3 | C132: 3. NURUL KHOTIMAH | E132: =BAGOREJO!AM132+KEBAMAN!AW132+KEPUNDUNGAN!W132+'PARIJATAH KULON'!Y132+'PARIJATAH WETAN'!AC132+REJOAGUNG!AF132+SUKOMAJU!AC132+SUKONATAR!T132+SUMBERSARI!AH132+WONOSOBO!AS132 -> 41
B133: 4 | C133: 4. AKHMAD SUYANTO, S.T., M.T. | E133: =BAGOREJO!AM133+KEBAMAN!AW133+KEPUNDUNGAN!W133+'PARIJATAH KULON'!Y133+'PARIJATAH WETAN'!AC133+REJOAGUNG!AF133+SUKOMAJU!AC133+SUKONATAR!T133+SUMBERSARI!AH133+WONOSOBO!AS133 -> 36
B134: 5 | C134: 5. PUJIYATNI | E134: =BAGOREJO!AM134+KEBAMAN!AW134+KEPUNDUNGAN!W134+'PARIJATAH KULON'!Y134+'PARIJATAH WETAN'!AC134+REJOAGUNG!AF134+SUKOMAJU!AC134+SUKONATAR!T134+SUMBERSARI!AH134+WONOSOBO!AS134 -> 271
B135: 6 | C135: 6. HENI PURWATININGSIH | E135: =BAGOREJO!AM135+KEBAMAN!AW135+KEPUNDUNGAN!W135+'PARIJATAH KULON'!Y135+'PARIJATAH WETAN'!AC135+REJOAGUNG!AF135+SUKOMAJU!AC135+SUKONATAR!T135+SUMBERSARI!AH135+WONOSOBO!AS135 -> 34
B136: 7 | C136: 7. MUHADI | E136: =BAGOREJO!AM136+KEBAMAN!AW136+KEPUNDUNGAN!W136+'PARIJATAH KULON'!Y136+'PARIJATAH WETAN'!AC136+REJOAGUNG!AF136+SUKOMAJU!AC136+SUKONATAR!T136+SUMBERSARI!AH136+WONOSOBO!AS136 -> 7
A139: B | B139: JUMLAH SUARA SAH PARTAI POLITIK DAN CALON (A1 + A2) | E139: =SUM(E129:E136) -> 1658
...

Sheet BAGOREJO
C2: Kecamatan | D2: SRONO
C3: Kabupaten | D3: BANYUWANGI
C4: Provinsi | D4: JAWA TIMUR
C9: Kelurahan | D9: BAGOREJO
A12: I | B12: DATA PEMILIH DAN PENGGUNAAN HAK PILIH | AM12: JUMLAH AKHIR
A13: A | B13: DATA PEMILIH | E13: TPS 001 | F13: TPS 002 | G13: TPS 003 | H13: TPS 004 | I13: TPS 005 | J13: TPS 006 | K13: TPS 007 | L13: TPS 008 | M13: TPS 009 | N13: TPS 010 | O13: TPS 011 | P13: TPS 012 | Q13: TPS 013 | R13: TPS 014 | S13: TPS 015 | T13: TPS 016 | U13: TPS 017 | V13: TPS 018 | W13: TPS 019 | X13: TPS 020 | Y13: TPS 021 | Z13: TPS 022 | AA13: TPS 023 | AB13: TPS 024 | AC13: TPS 025 | AD13: TPS 026 | AE13: TPS 027 | AF13: TPS 028 | AG13: TPS 029 | AH13: TPS 030 | AI13: TPS 031 | AJ13: TPS 032 | AK13: TPS 033 | AL13: TPS 034
B14: Jumlah Pemilih dalam Daftar Pemilih Tetap (DPT) | D14: LK | E14: 156 | F14: 142 | G14: 136 | H14: 143 | I14: 141 | J14: 140 | K14: 150 | L14: 142 | M14: 134 | N14: 148 | O14: 150 | P14: 132 | Q14: 132 | R14: 141 | S14: 148 | T14: 144 | U14: 148 | V14: 141 | W14: 144 | X14: 137 | Y14: 153 | Z14: 149 | AA14: 139 | AB14: 127 | AC14: 138 | AD14: 133 | AE14: 137 | AF14: 142 | AG14: 149 | AH14: 142 | AI14: 153 | AJ14: 134 | AK14: 142 | AL14: 125 | AM14: =SUM(E14:AL14) -> 4812
D15: PR | E15: 132 | F15: 147 | G15: 147 | H15: 138 | I15: 140 | J15: 139 | K15: 142 | L15: 143 | M15: 149 | N15: 139 | O15: 130 | P15: 147 | Q15: 140 | R15: 143 | S15: 137 | T15: 144 | U15: 137 | V15: 150 | W15: 144 | X15: 138 | Y15: 129 | Z15: 132 | AA15: 145 | AB15: 149 | AC15: 149 | AD15: 153 | AE15: 147 | AF15: 146 | AG15: 146 | AH15: 140 | AI15: 130 | AJ15: 142 | AK15: 133 | AL15: 145 | AM15: =SUM(E15:AL15) -> 4812
D16: JML | E16: =SUM(E14:E15) -> 288 | F16: =SUM(F14:F15) -> 289 | G16: =SUM(G14:G15) -> 283 | H16: =SUM(H14:H15) -> 281 | I16: =SUM(I14:I15) -> 281 | J16: =SUM(J14:J15) -> 279 | K16: =SUM(K14:K15) -> 292 | L16: =SUM(L14:L15) -> 285 | ... AL16: =SUM(AL14:AL15) -> 270 | AM16: =SUM(E16:AL16) -> 9624
A18: B | B18: PENGGUNA HAK PILIH
B19: 1. | C19: Jumlah pengguna hak pilih dalam Daftar Pemilih Tetap (DPT) | D19: LK | E19: 103 | F19: 94 | G19: 98 | H19: 91 | I19: 102 | J19: 101 | K19: 90 | L19: 90 | M19: 98 | N19: 106 | O19: 109 | P19: 90 | Q19: 93 | R19: 100 | S19: 102 | T19: 104 | U19: 108 | V19: 107 | W19: 99 | X19: 114 | Y19: 113 | Z19: 120 | AA19: 115 | AB19: 87 | AC19: 100 | AD19: 102 | AE19: 108 | AF19: 103 | AG19: 110 | AH19: 98 | AI19: 109 | AJ19: 93 | AK19: 101 | AL19: 97 | AM19: =SUM(E19:AL19) -> 3455
D20: PR | E20: 103 | F20: 113 | G20: 119 | H20: 93 | I20: 111 | J20: 114 | K20: 109 | L20: 120 | M20: 129 | N20: 111 | O20: 107 | P20: 112 | Q20: 101 | R20: 112 | S20: 103 | T20: 120 | U20: 101 | V20: 120 | W20: 115 | X20: 109 | Y20: 102 | Z20: 117 | AA20: 108 | AB20: 111 | AC20: 114 | AD20: 122 | AE20: 126 | AF20: 114 | AG20: 115 | AH20: 108 | AI20: 103 | AJ20: 109 | AK20: 102 | AL20: 102 | AM20: =SUM(E20:AL20) -> 3775
D21: JML | E21: =SUM(E19:E20) -> 206 | F21: =SUM(F19:F20) -> 207 | G21: =SUM(G19:G20) -> 217 | H21: =SUM(H19:H20) -> 184 | I21: =SUM(I19:I20) -> 213 | J21: =SUM(J19:J20) -> 215 | K21: =SUM(K19:K20) -> 199 | L21: =SUM(L19:L20) -> 210 | ... AL21: =SUM(AL19:AL20) -> 199 | AM21: =SUM(E21:AL21) -> 7230
B22: 2. | C22: Jumlah pengguna hak pilih dalam Daftar Pemilih Tambahan (DPTb) | D22: LK | E22: 0 | F22: 0 | G22: 0 | H22: 0 | I22: 0 | J22: 1 | K22: 0 | L22: 0 | M22: 0 | N22: 1 | O22: 0 | P22: 0 | Q22: 0 | R22: 0 | S22: 0 | T22: 0 | U22: 0 | V22: 0 | W22: 0 | X22: 0 | Y22: 0 | Z22: 0 | AA22: 0 | AB22: 0 | AC22: 0 | AD22: 0 | AE22: 0 | AF22: 0 | AG22: 0 | AH22: 0 | AI22: 0 | AJ22: 0 | AK22: 0 | AL22: 0 | AM22: =SUM(E22:AL22) -> 2
D23: PR | E23: 0 | F23: 0 | G23: 0 | H23: 0 | I23: 1 | J23: 2 | K23: 0 | L23: 0 | M23: 0 | N23: 0 | O23: 0 | P23: 0 | Q23: 0 | R23: 0 | S23: 0 | T23: 0 | U23: 0 | V23: 0 | W23: 0 | X23: 0 | Y23: 0 | Z23: 0 | AA23: 0 | AB23: 0 | AC23: 0 | AD23: 0 | AE23: 0 | AF23: 0 | AG23: 0 | AH23: 0 | AI23: 0 | AJ23: 0 | AK23: 0 | AL23: 0 | AM23: =SUM(E23:AL23) -> 3
D24: JML | E24: =SUM(E22:E23) -> 0 | F24: =SUM(F22:F23) -> 0 | G24: =SUM(G22:G23) -> 0 | H24: =SUM(H22:H23) -> 0 | I24: =SUM(I22:I23) -> 1 | J24: =SUM(J22:J23) -> 3 | K24: =SUM(K22:K23) -> 0 | L24: =SUM(L22:L23) -> 0 | ... AL24: =SUM(AL22:AL23) -> 0 | AM24: =SUM(E24:AL24) -> 5
B25: 3. | C25: Jumlah pengguna hak pilih dalam Daftar Pemilih Khusus (DPK) | D25: LK | E25: 1 | F25: 4 | G25: 1 | H25: 0 | I25: 1 | J25: 4 | K25: 3 | L25: 1 | M25: 1 | N25: 1 | O25: 0 | P25: 1 | Q25: 1 | R25: 1 | S25: 3 | T25: 1 | U25: 1 | V25: 3 | W25: 0 | X25: 2 | Y25: 4 | Z25: 0 | AA25: 0 | AB25: 2 | AC25: 2 | AD25: 0 | AE25: 1 | AF25: 0 | AG25: 0 | AH25: 1 | AI25: 0 | AJ25: 0 | AK25: 0 | AL25: 0 | AM25: =SUM(E25:AL25) -> 40
D26: PR | E26: 1 | F26: 6 | G26: 1 | H26: 0 | I26: 3 | J26: 0 | K26: 3 | L26: 0 | M26: 1 | N26: 1 | O26: 2 | P26: 2 | Q26: 2 | R26: 1 | S26: 5 | T26: 2 | U26: 2 | V26: 2 | W26: 1 | X26: 3 | Y26: 3 | Z26: 2 | AA26: 2 | AB26: 5 | AC26: 1 | AD26: 0 | AE26: 1 | AF26: 0 | AG26: 1 | AH26: 2 | AI26: 2 | AJ26: 0 | AK26: 0 | AL26: 1 | AM26: =SUM(E26:AL26) -> 58
D27: JML | E27: =SUM(E25:E26) -> 2 | F27: =SUM(F25:F26) -> 10 | G27: =SUM(G25:G26) -> 2 | H27: =SUM(H25:H26) -> 0 | I27: =SUM(I25:I26) -> 4 | J27: =SUM(J25:J26) -> 4 | K27: =SUM(K25:K26) -> 6 | L27: =SUM(L25:L26) -> 1 | ... AL27: =SUM(AL25:AL26) -> 1 | AM27: =SUM(E27:AL27) -> 98
B28: 4. | C28: Jumlah Pengguna Hak Pilih (B.1+B.2+B.3) | D28: LK | E28: =SUM(E19,E22,E25) -> 104 | F28: =SUM(F19,F22,F25) -> 98 | G28: =SUM(G19,G22,G25) -> 99 | H28: =SUM(H19,H22,H25) -> 91 | I28: =SUM(I19,I22,I25) -> 103 | J28: =SUM(J19,J22,J25) -> 106 | K28: =SUM(K19,K22,K25) -> 93 | L28: =SUM(L19,L22,L25) -> 91 | ... AL28: =SUM(AL19,AL22,AL25) -> 97 | AM28: =SUM(E28:AL28) -> 3497
D29: PR | E29: =SUM(E20,E23,E26) -> 104 | F29: =SUM(F20,F23,F26) -> 119 | G29: =SUM(G20,G23,G26) -> 120 | H29: =SUM(H20,H23,H26) -> 93 | I29: =SUM(I20,I23,I26) -> 115 | J29: =SUM(J20,J23,J26) -> 116 | K29: =SUM(K20,K23,K26) -> 112 | L29: =SUM(L20,L23,L26) -> 120 | ... AL29: =SUM(AL20,AL23,AL26) -> 103 | AM29: =SUM(E29:AL29) -> 3836
D30: JML | E30: =SUM(E28:E29) -> 208 | F30: =SUM(F28:F29) -> 217 | G30: =SUM(G28:G29) -> 219 | H30: =SUM(H28:H29) -> 184 | I30: =SUM(I28:I29) -> 218 | J30: =SUM(J28:J29) -> 222 | K30: =SUM(K28:K29) -> 205 | L30: =SUM(L28:L29) -> 211 | ... AL30: =SUM(AL28:AL29) -> 200 | AM30: =SUM(E30:AL30) -> 7333
A32: II | B32: DATA PENGGUNAAN SURAT SUARA
A33: 1 | B33: Jumlah surat suara yang diterima, termasuk surat suara cadangan 2,5% dari DPT | E33: 294 | F33: 285 | G33: 239 | H33: 287 | I33: 290 | J33: 285 | K33: 287 | L33: 280 | M33: 289 | N33: 263 | O33: 286 | P33: 255 | Q33: 278 | R33: 280 | S33: 301 | T33: 294 | U33: 291 | V33: 297 | W33: 284 | X33: 281 | Y33: 288 | Z33: 294 | AA33: 290 | AB33: 273 | AC33: 288 | AD33: 292 | AE33: 270 | AF33: 304 | AG33: 301 | AH33: 287 | AI33: 289 | AJ33: 282 | AK33: 290 | AL33: 276 | AM33: =SUM(E33:AL33) -> 9670
A34: 2 | B34: Jumlah surat suara yang digunakan | E34: 208 | F34: 217 | G34: 219 | H34: 184 | I34: 218 | J34: 222 | K34: 205 | L34: 211 | M34: 229 | N34: 220 | O34: 218 | P34: 205 | Q34: 197 | R34: 214 | S34: 213 | T34: 227 | U34: 212 | V34: 232 | W34: 215 | X34: 228 | Y34: 222 | Z34: 239 | AA34: 225 | AB34: 205 | AC34: 217 | AD34: 224 | AE34: 236 | AF34: 217 | AG34: 226 | AH34: 209 | AI34: 214 | AJ34: 202 | AK34: 203 | AL34: 200 | AM34: =SUM(E34:AL34) -> 7333
A35: 3 | B35: Jumlah surat suara dikembalikan oleh pemilih (karena rusak atau keliru coblos) | E35: 0 | F35: 0 | G35: 0 | H35: 0 | I35: 2 | J35: 0 | K35: 0 | L35: 0 | M35: 0 | N35: 0 | O35: 1 | P35: 1 | Q35: 0 | R35: 0 | S35: 1 | T35: 0 | U35: 0 | V35: 0 | W35: 1 | X35: 1 | Y35: 0 | Z35: 0 | AA35: 0 | AB35: 0 | AC35: 0 | AD35: 2 | AE35: 0 | AF35: 0 | AG35: 0 | AH35: 0 | AI35: 0 | AJ35: 0 | AK35: 0 | AL35: 0 | AM35: =SUM(E35:AL35) -> 9
A36: 4 | B36: Jumlah surat suara yang tidak digunakan/tidak terpakai, termasuk sisa surat suara cadangan | E36: =E33-(E34+E35) -> 86 | F36: =F33-(F34+F35) -> 68 | G36: =G33-(G34+G35) -> 20 | H36: =H33-(H34+H35) -> 103 | I36: =I33-(I34+I35) -> 70 | J36: =J33-(J34+J35) -> 63 | K36: =K33-(K34+K35) -> 82 | L36: =L33-(L34+L35) -> 69 | ... AL36: =AL33-(AL34+AL35) -> 76 | AM36: =SUM(E36:AL36) -> 2328
A38: III | B38: DATA PEMILIH DISABILITAS
B39: Jumlah seluruh Pemilih disabilitas yang menggunakan hak pilih | D39: LK | AM39: =SUM(E39:AL39) -> 0
D40: PR | AM40: =SUM(E40:AL40) -> 0
D41: JML | E41: =SUM(E39:E40) -> 0 | F41: =SUM(F39:F40) -> 0 | G41: =SUM(G39:G40) -> 0 | H41: =SUM(H39:H40) -> 0 | I41: =SUM(I39:I40) -> 0 | J41: =SUM(J39:J40) -> 0 | K41: =SUM(K39:K40) -> 0 | L41: =SUM(L39:L40) -> 0 | ... AL41: =SUM(AL39:AL40) -> 0 | AM41: =SUM(E41:AL41) -> 0
A43: IV | B43: DATA RINCIAN PEROLEHAN SUARA PASANGAN CALON BUPATI DAN WAKIL BUPATI
A44: NOMOR DAN NAMA CALON
A45: A.1 | B45: 1. | C45: Partai Kebangkitan Bangsa | E45: 14 | F45: 9 | G45: 23 | H45: 13 | I45: 13 | J45: 35 | K45: 9 | L45: 4 | M45: 11 | N45: 13 | O45: 20 | P45: 10 | Q45: 6 | R45: 6 | S45: 10 | T45: 10 | U45: 5 | V45: 5 | W45: 16 | X45: 6 | Y45: 4 | Z45: 4 | AA45: 12 | AB45: 4 | AC45: 7 | AD45: 9 | AE45: 13 | AF45: 18 | AG45: 21 | AH45: 13 | AI45: 6 | AJ45: 13 | AK45: 16 | AL45: 3 | AM45: =SUM(E45:AL45) -> 381
A46: A.2 | B46: 1 | C46: 1. Dr. Hj. NIHAYATUL WAFIROH, M.A. | E46: 14 | F46: 21 | G46: 16 | H46: 14 | I46: 13 | J46: 68 | K46: 18 | L46: 14 | M46: 15 | N46: 47 | O46: 51 | P46: 9 | Q46: 9 | R46: 16 | S46: 9 | T46: 9 | U46: 12 | V46: 17 | W46: 17 | X46: 10 | Y46: 10 | Z46: 12 | AA46: 9 | AB46: 7 | AC46: 11 | AD46: 18 | AE46: 21 | AF46: 35 | AG46: 24 | AH46: 8 | AI46: 2 | AJ46: 8 | AK46: 6 | AL46: 5 | AM46: =SUM(E46:AL46) -> 575
B47: 2 | C47: 2. H. M. NASIM KHAN | E47: 2 | F47: 3 | G47: 3 | H47: 2 | I47: 3 | J47: 6 | K47: 0 | L47: 12 | M47: 4 | N47: 4 | O47: 3 | P47: 1 | Q47: 0 | R47: 4 | S47: 2 | T47: 2 | U47: 1 | V47: 1 | W47: 3 | X47: 1 | Y47: 3 | Z47: 0 | AA47: 1 | AB47: 0 | AC47: 3 | AD47: 2 | AE47: 1 | AF47: 3 | AG47: 0 | AH47: 3 | AI47: 0 | AJ47: 0 | AK47: 2 | AL47: 2 | AM47: =SUM(E47:AL47) -> 77
B48: 3 | C48: 3. Dr. H. AKIK ZAMAN, M.Pd.I. | E48: 0 | F48: 1 | G48: 1 | H48: 1 | I48: 1 | J48: 1 | K48: 1 | L48: 1 | M48: 2 | N48: 0 | O48: 0 | P48: 0 | Q48: 3 | R48: 0 | S48: 2 | T48: 1 | U48: 4 | V48: 0 | W48: 1 | X48: 0 | Y48: 1 | Z48: 1 | AA48: 1 | AB48: 1 | AC48: 2 | AD48: 1 | AE48: 0 | AF48: 0 | AG48: 2 | AH48: 0 | AI48: 0 | AJ48: 0 | AK48: 1 | AL48: 2 | AM48: =SUM(E48:AL48) -> 32
B49: 4 | C49: 4. AHMAD RIFA'I, S.H. | E49: 6 | F49: 0 | G49: 3 | H49: 1 | I49: 0 | J49: 1 | K49: 0 | L49: 0 | M49: 2 | N49: 1 | O49: 3 | P49: 1 | Q49: 1 | R49: 0 | S49: 1 | T49: 2 | U49: 1 | V49: 0 | W49: 1 | X49: 0 | Y49: 0 | Z49: 1 | AA49: 3 | AB49: 1 | AC49: 1 | AD49: 1 | AE49: 2 | AF49: 1 | AG49: 1 | AH49: 1 | AI49: 1 | AJ49: 0 | AK49: 0 | AL49: 0 | AM49: =SUM(E49:AL49) -> 37
B50: 5 | C50: 5. Drs. H. MAHFUD M.N. | E50: 1 | F50: 0 | G50: 1 | H50: 0 | I50: 0 | J50: 0 | K50: 2 | L50: 0 | M50: 1 | N50: 2 | O50: 0 | P50: 0 | Q50: 0 | R50: 1 | S50: 0 | T50: 0 | U50: 0 | V50: 0 | W50: 0 | X50: 1 | Y50: 0 | Z50: 0 | AA50: 1 | AB50: 0 | AC50: 0 | AD50: 0 | AE50: 1 | AF50: 0 | AG50: 1 | AH50: 0 | AI50: 0 | AJ50: 0 | AK50: 0 | AL50: 4 | AM50: =SUM(E50:AL50) -> 16
B51: 6 | C51: 6. NURHAYATI, S.Pd. | E51: 0 | F51: 0 | G51: 0 | H51: 0 | I51: 1 | J51: 0 | K51: 0 | L51: 1 | M51: 0 | N51: 1 | O51: 0 | P51: 1 | Q51: 0 | R51: 0 | S51: 0 | T51: 1 | U51: 0 | V51: 0 | W51: 1 | X51: 0 | Y51: 0 | Z51: 0 | AA51: 0 | AB51: 0 | AC51: 0 | AD51: 0 | AE51: 0 | AF51: 1 | AG51: 0 | AH51: 0 | AI51: 0 | AJ51: 0 | AK51: 0 | AL51: 0 | AM51: =SUM(E51:AL51) -> 7
B52: 7 | C52: 7. MAFTUHA KISWAH | E52: 2 | F52: 1 | G52: 0 | H52: 0 | I52: 1 | J52: 0 | K52: 1 | L52: 0 | M52: 0 | N52: 1 | O52: 0 | P52: 0 | Q52: 0 | R52: 0 | S52: 1 | T52: 0 | U52: 0 | V52: 0 | W52: 0 | X52: 1 | Y52: 1 | Z52: 0 | AA52: 0 | AB52: 1 | AC52: 0 | AD52: 0 | AE52: 0 | AF52: 0 | AG52: 1 | AH52: 0 | AI52: 0 | AJ52: 0 | AK52: 0 | AL52: 0 | AM52: =SUM(E52:AL52) -> 11
AM53: =SUM(E53:AL53) -> 0
AM54: =SUM(E54:AL54) -> 0
A55: B | B55: JUMLAH SUARA SAH PARTAI POLITIK DAN CALON (A1 + A2) | E55: =SUM(E45:E54) -> 39 | F55: =SUM(F45:F54) -> 35 | G55: =SUM(G45:G54) -> 47 | H55: =SUM(H45:H54) -> 31 | I55: =SUM(I45:I54) -> 32 | J55: =SUM(J45:J54) -> 111 | K55: =SUM(K45:K54) -> 31 | L55: =SUM(L45:L54) -> 32 | ... AM55: =SUM(AM45:AM54) -> 1136
A57: A.1 | B57: 2. | C57: Partai Gerakan Indonesia Raya | E57: 17 | F57: 11 | G57: 15 | H57: 13 | I57: 15 | J57: 7 | K57: 7 | L57: 7 | M57: 11 | N57: 8 | O57: 6 | P57: 12 | Q57: 14 | R57: 10 | S57: 13 | T57: 14 | U57: 10 | V57: 10 | W57: 14 | X57: 13 | Y57: 12 | Z57: 14 | AA57: 16 | AB57: 15 | AC57: 18 | AD57: 12 | AE57: 17 | AF57: 14 | AG57: 17 | AH57: 14 | AI57: 12 | AJ57: 5 | AK57: 16 | AL57: 11 | AM57: =SUM(E57:AL57) -> 420
A58: A.2 | B58: 1 | C58: 1. SUMAIL ABDULLAH | E58: 8 | F58: 18 | G58: 20 | H58: 15 | I58: 18 | J58: 6 | K58: 34 | L58: 14 | M58: 31 | N58: 32 | O58: 19 | P58: 20 | Q58: 30 | R58: 10 | S58: 24 | T58: 5 | U58: 9 | V58: 9 | W58: 23 | X58: 9 | Y58: 7 | Z58: 51 | AA58: 2 | AB58: 12 | AC58: 7 | AD58: 23 | AE58: 40 | AF58: 27 | AG58: 12 | AH58: 21 | AI58: 6 | AJ58: 11 | AK58: 13 | AL58: 10 | AM58: =SUM(E58:AL58) -> 596
B59: 2 | C59: 2. MUHAMMAD ALI ADRIAN SALEH | E59: 2 | F59: 5 | G59: 4 | H59: 5 | I59: 2 | J59: 4 | K59: 5 | L59: 1 | M59: 9 | N59: 3 | O59: 7 | P59: 8 | Q59: 5 | R59: 4 | S59: 1 | T59: 0 | U59: 3 | V59: 2 | W59: 3 | X59: 1 | Y59: 3 | Z59: 3 | AA59: 3 | AB59: 5 | AC59: 3 | AD59: 4 | AE59: 2 | AF59: 6 | AG59: 2 | AH59: 1 | AI59: 2 | AJ59: 2 | AK59: 3 | AL59: 3 | AM59: =SUM(E59:AL59) -> 116
B60: 3 | C60: 3. DURROTUN NAFISAH | E60: 1 | F60: 7 | G60: 2 | H60: 1 | I60: 3 | J60: 5 | K60: 2 | L60: 4 | M60: 1 | N60: 4 | O60: 0 | P60: 1 | Q60: 3 | R60: 1 | S60: 0 | T60: 2 | U60: 4 | V60: 0 | W60: 0 | X60: 2 | Y60: 3 | Z60: 1 | AA60: 1 | AB60: 0 | AC60: 2 | AD60: 2 | AE60: 0 | AF60: 1 | AG60: 2 | AH60: 0 | AI60: 1 | AJ60: 2 | AK60: 1 | AL60: 0 | AM60: =SUM(E60:AL60) -> 59
B61: 4 | C61: 4. H. EKO SUSILO NURHIDAYAT | E61: 1 | F61: 3 | G61: 1 | H61: 0 | I61: 2 | J61: 0 | K61: 1 | L61: 5 | M61: 1 | N61: 2 | O61: 0 | P61: 1 | Q61: 1 | R61: 0 | S61: 3 | T61: 3 | U61: 0 | V61: 0 | W61: 1 | X61: 1 | Y61: 4 | Z61: 2 | AA61: 0 | AB61: 2 | AC61: 3 | AD61: 3 | AE61: 0 | AF61: 3 | AG61: 3 | AH61: 3 | AI61: 0 | AJ61: 3 | AK61: 3 | AL61: 3 | AM61: =SUM(E61:AL61) -> 58
B62: 5 | C62: 5. KARNADI HARIJANTO, S.S. | E62: 0 | F62: 1 | G62: 1 | H62: 1 | I62: 0 | J62: 0 | K62: 3 | L62: 1 | M62: 0 | N62: 0 | O62: 0 | P62: 1 | Q62: 0 | R62: 1 | S62: 1 | T62: 1 | U62: 1 | V62: 0 | W62: 0 | X62: 0 | Y62: 0 | Z62: 1 | AA62: 0 | AB62: 0 | AC62: 0 | AD62: 0 | AE62: 0 | AF62: 0 | AG62: 0 | AH62: 2 | AI62: 0 | AJ62: 0 | AK62: 0 | AL62: 0 | AM62: =SUM(E62:AL62) -> 15
B63: 6 | C63: 6. NURHAYATI | E63: 0 | F63: 3 | G63: 2 | H63: 0 | I63: 0 | J63: 1 | K63: 1 | L63: 0 | M63: 0 | N63: 2 | O63: 1 | P63: 1 | Q63: 1 | R63: 0 | S63: 0 | T63: 2 | U63: 2 | V63: 1 | W63: 3 | X63: 1 | Y63: 1 | Z63: 1 | AA63: 1 | AB63: 2 | AC63: 0 | AD63: 0 | AE63: 1 | AF63: 3 | AG63: 1 | AH63: 1 | AI63: 1 | AJ63: 1 | AK63: 0 | AL63: 0 | AM63: =SUM(E63:AL63) -> 34
B64: 7 | C64: 7. MASHUDI | E64: 2 | F64: 0 | G64: 1 | H64: 0 | I64: 1 | J64: 0 | K64: 0 | L64: 0 | M64: 4 | N64: 0 | O64: 0 | P64: 1 | Q64: 1 | R64: 0 | S64: 0 | T64: 2 | U64: 2 | V64: 2 | W64: 0 | X64: 0 | Y64: 0 | Z64: 0 | AA64: 1 | AB64: 0 | AC64: 2 | AD64: 0 | AE64: 1 | AF64: 0 | AG64: 1 | AH64: 0 | AI64: 1 | AJ64: 2 | AK64: 3 | AL64: 0 | AM64: =SUM(E64:AL64) -> 27
AM65: =SUM(E65:AL65) -> 0
AM66: =SUM(E66:AL66) -> 0
A67: B | B67: JUMLAH SUARA SAH PARTAI POLITIK DAN CALON (A1 + A2) | E67: =SUM(E57:E66) -> 31 | F67: =SUM(F57:F66) -> 48 | G67: =SUM(G57:G66) -> 46 | H67: =SUM(H57:H66) -> 35 | I67: =SUM(I57:I66) -> 41 | J67: =SUM(J57:J66) -> 23 | K67: =SUM(K57:K66) -> 53 | L67: =SUM(L57:L66) -> 32 | ... AM67: =SUM(AM57:AM66) -> 1325
A69: A.1 | B69: 3. | C69: Partai Demokrasi Indonesia Perjuangan | E69: 18 | F69: 6 | G69: 7 | H69: 2 | I69: 9 | J69: 3 | K69: 6 | L69: 10 | M69: 7 | N69: 7 | O69: 6 | P69: 10 | Q69: 19 | R69: 5 | S69: 9 | T69: 22 | U69: 7 | V69: 10 | W69: 7 | X69: 16 | Y69: 25 | Z69: 15 | AA69: 13 | AB69: 17 | AC69: 10 | AD69: 15 | AE69: 7 | AF69: 6 | AG69: 5 | AH69: 10 | AI69: 31 | AJ69: 7 | AK69: 22 | AL69: 24 | AM69: =SUM(E69:AL69) -> 393
A70: A.2 | B70: 1 | C70: 1. SONNY TRI DANAPARAMITA, S.H., M.H. | E70: 17 | F70: 4 | G70: 14 | H70: 2 | I70: 2 | J70: 3 | K70: 6 | L70: 27 | M70: 20 | N70: 12 | O70: 5 | P70: 6 | Q70: 8 | R70: 6 | S70: 4 | T70: 3 | U70: 8 | V70: 10 | W70: 5 | X70: 5 | Y70: 9 | Z70: 6 | AA70: 6 | AB70: 17 | AC70: 10 | AD70: 5 | AE70: 8 | AF70: 1 | AG70: 5 | AH70: 2 | AI70: 7 | AJ70: 4 | AK70: 6 | AL70: 7 | AM70: =SUM(E70:AL70) -> 260
B71: 2 | C71: 2. H. MOHAMAD GUNTUR ROMLI | E71: 4 | F71: 1 | G71: 2 | H71: 0 | I71: 1 | J71: 2 | K71: 4 | L71: 6 | M71: 10 | N71: 4 | O71: 3 | P71: 7 | Q71: 7 | R71: 3 | S71: 16 | T71: 10 | U71: 5 | V71: 4 | W71: 1 | X71: 2 | Y71: 6 | Z71: 5 | AA71: 9 | AB71: 4 | AC71: 4 | AD71: 2 | AE71: 1 | AF71: 3 | AG71: 1 | AH71: 3 | AI71: 4 | AJ71: 2 | AK71: 3 | AL71: 6 | AM71: =SUM(E71:AL71) -> 145
B72: 3 | C72: 3. INA AMMANIA | E72: 5 | F72: 3 | G72: 2 | H72: 0 | I72: 3 | J72: 7 | K72: 7 | L72: 6 | M72: 8 | N72: 5 | O72: 7 | P72: 15 | Q72: 5 | R72: 7 | S72: 7 | T72: 2 | U72: 1 | V72: 13 | W72: 5 | X72: 6 | Y72: 10 | Z72: 5 | AA72: 14 | AB72: 6 | AC72: 8 | AD72: 10 | AE72: 1 | AF72: 1 | AG72: 1 | AH72: 2 | AI72: 19 | AJ72: 18 | AK72: 11 | AL72: 7 | AM72: =SUM(E72:AL72) -> 227
B73: 4 | C73: 4. IRWAN BACHTIAR RACHMAT, M.Si. | E73: 2 | F73: 0 | G73: 0 | H73: 1 | I73: 2 | J73: 0 | K73: 0 | L73: 0 | M73: 0 | N73: 0 | O73: 1 | P73: 0 | Q73: 1 | R73: 2 | S73: 0 | T73: 0 | U73: 1 | V73: 1 | W73: 0 | X73: 3 | Y73: 2 | Z73: 1 | AA73: 2 | AB73: 2 | AC73: 0 | AD73: 2 | AE73: 1 | AF73: 1 | AG73: 1 | AH73: 0 | AI73: 0 | AJ73: 1 | AK73: 0 | AL73: 2 | AM73: =SUM(E73:AL73) -> 29
B74: 5 | C74: 5. LUCKY PERDANA | E74: 1 | F74: 2 | G74: 2 | H74: 0 | I74: 1 | J74: 2 | K74: 2 | L74: 1 | M74: 5 | N74: 1 | O74: 4 | P74: 4 | Q74: 6 | R74: 1 | S74: 1 | T74: 1 | U74: 1 | V74: 5 | W74: 3 | X74: 7 | Y74: 1 | Z74: 5 | AA74: 4 | AB74: 4 | AC74: 5 | AD74: 3 | AE74: 2 | AF74: 3 | AG74: 3 | AH74: 3 | AI74: 3 | AJ74: 3 | AK74: 1 | AL74: 5 | AM74: =SUM(E74:AL74) -> 95
B75: 6 | C75: 6. WIWIK PUJIYATI | E75: 0 | F75: 1 | G75: 1 | H75: 0 | I75: 2 | J75: 1 | K75: 0 | L75: 2 | M75: 0 | N75: 0 | O75: 0 | P75: 0 | Q75: 2 | R75: 1 | S75: 1 | T75: 0 | U75: 2 | V75: 0 | W75: 1 | X75: 2 | Y75: 4 | Z75: 5 | AA75: 5 | AB75: 3 | AC75: 5 | AD75: 2 | AE75: 2 | AF75: 0 | AG75: 1 | AH75: 0 | AI75: 1 | AJ75: 3 | AK75: 3 | AL75: 1 | AM75: =SUM(E75:AL75) -> 51
B76: 7 | C76: 7. CHANDRA ASTAN, S.T. | E76: 0 | F76: 1 | G76: 0 | H76: 0 | I76: 0 | J76: 0 | K76: 0 | L76: 0 | M76: 0 | N76: 0 | O76: 0 | P76: 0 | Q76: 0 | R76: 0 | S76: 2 | T76: 1 | U76: 0 | V76: 0 | W76: 0 | X76: 0 | Y76: 0 | Z76: 2 | AA76: 0 | AB76: 0 | AC76: 0 | AD76: 1 | AE76: 1 | AF76: 0 | AG76: 0 | AH76: 0 | AI76: 0 | AJ76: 0 | AK76: 1 | AL76: 0 | AM76: =SUM(E76:AL76) -> 9
AM77: =SUM(E77:AL77) -> 0
AM78: =SUM(E78:AL78) -> 0
A79: B | B79: JUMLAH SUARA SAH PARTAI POLITIK DAN CALON (A1 + A2) | E79: =SUM(E69:E78) -> 47 | F79: =SUM(F69:F78) -> 18 | G79: =SUM(G69:G78) -> 28 | H79: =SUM(H69:H78) -> 5 | I79: =SUM(I69:I78) -> 20 | J79: =SUM(J69:J78) -> 18 | K79: =SUM(K69:K78) -> 25 | L79: =SUM(L69:L78) -> 52 | ... AM79: =SUM(AM69:AM78) -> 1209
A81: A.1 | B81: 4. | C81: Partai Golongan Karya | E81: 4 | F81: 3 | G81: 4 | H81: 4 | I81: 8 | J81: 1 | K81: 3 | L81: 2 | M81: 2 | N81: 2 | O81: 2 | P81: 5 | Q81: 2 | R81: 1 | S81: 2 | T81: 9 | U81: 12 | V81: 4 | W81: 1 | X81: 3 | Y81: 2 | Z81: 4 | AA81: 5 | AB81: 5 | AC81: 4 | AD81: 2 | AE81: 1 | AF81: 1 | AG81: 1 | AH81: 4 | AI81: 8 | AJ81: 2 | AK81: 5 | AL81: 2 | AM81: =SUM(E81:AL81) -> 120
A82: A.2 | B82: 1 | C82: 1. ZULFIKAR ARSE SADIKIN, S.I.P., M.Si. | E82: 9 | F82: 16 | G82: 10 | H82: 10 | I82: 10 | J82: 6 | K82: 1 | L82: 2 | M82: 8 | N82: 5 | O82: 2 | P82: 45 | Q82: 1 | R82: 4 | S82: 10 | T82: 15 | U82: 32 | V82: 3 | W82: 3 | X82: 1 | Y82: 2 | Z82: 8 | AA82: 1 | AB82: 2 | AC82: 1 | AD82: 3 | AE82: 12 | AF82: 2 | AG82: 0 | AH82: 11 | AI82: 4 | AJ82: 14 | AK82: 5 | AL82: 14 | AM82: =SUM(E82:AL82) -> 272
B83: 2 | C83: 2. HANDOKO | E83: 0 | F83: 0 | G83: 6 | H83: 1 | I83: 0 | J83: 2 | K83: 0 | L83: 2 | M83: 2 | N83: 3 | O83: 1 | P83: 2 | Q83: 3 | R83: 2 | S83: 5 | T83: 7 | U83: 2 | V83: 2 | W83: 5 | X83: 2 | Y83: 1 | Z83: 2 | AA83: 1 | AB83: 3 | AC83: 1 | AD83: 0 | AE83: 2 | AF83: 0 | AG83: 2 | AH83: 5 | AI83: 1 | AJ83: 5 | AK83: 6 | AL83: 6 | AM83: =SUM(E83:AL83) -> 82
B84: 3 | C84: 3. Hj. OVI DEWI YANTI | E84: 0 | F84: 0 | G84: 0 | H84: 1 | I84: 1 | J84: 0 | K84: 1 | L84: 1 | M84: 0 | N84: 0 | O84: 0 | P84: 0 | Q84: 0 | R84: 0 | S84: 1 | T84: 0 | U84: 0 | V84: 1 | W84: 1 | X84: 0 | Y84: 0 | Z84: 0 | AA84: 0 | AB84: 1 | AC84: 0 | AD84: 0 | AE84: 0 | AF84: 0 | AG84: 0 | AH84: 0 | AI84: 0 | AJ84: 1 | AK84: 0 | AL84: 0 | AM84: =SUM(E84:AL84) -> 9
B85: 4 | C85: 4. Ir. AZAM AZMAN NATAWIJANA | E85: 0 | F85: 0 | G85: 0 | H85: 0 | I85: 0 | J85: 0 | K85: 0 | L85: 1 | M85: 0 | N85: 0 | O85: 1 | P85: 0 | Q85: 1 | R85: 0 | S85: 0 | T85: 0 | U85: 1 | V85: 0 | W85: 0 | X85: 0 | Y85: 1 | Z85: 0 | AA85: 0 | AB85: 0 | AC85: 0 | AD85: 0 | AE85: 0 | AF85: 0 | AG85: 1 | AH85: 0 | AI85: 0 | AJ85: 0 | AK85: 1 | AL85: 0 | AM85: =SUM(E85:AL85) -> 7
B86: 5 | C86: 5. UBAIDILLAH AMIN, S.Kom. | E86: 0 | F86: 1 | G86: 0 | H86: 0 | I86: 0 | J86: 2 | K86: 1 | L86: 0 | M86: 1 | N86: 1 | O86: 11 | P86: 0 | Q86: 2 | R86: 1 | S86: 0 | T86: 2 | U86: 0 | V86: 5 | W86: 1 | X86: 0 | Y86: 0 | Z86: 0 | AA86: 5 | AB86: 0 | AC86: 0 | AD86: 0 | AE86: 1 | AF86: 1 | AG86: 0 | AH86: 0 | AI86: 0 | AJ86: 1 | AK86: 1 | AL86: 1 | AM86: =SUM(E86:AL86) -> 38
B87: 6 | C87: 6. DENNY YUNIANDARI, S.H., M.Kn. | E87: 0 | F87: 0 | G87: 0 | H87: 1 | I87: 0 | J87: 0 | K87: 0 | L87: 0 | M87: 0 | N87: 0 | O87: 0 | P87: 1 | Q87: 0 | R87: 0 | S87: 0 | T87: 2 | U87: 0 | V87: 2 | W87: 0 | X87: 0 | Y87: 0 | Z87: 2 | AA87: 0 | AB87: 1 | AC87: 1 | AD87: 0 | AE87: 0 | AF87: 0 | AG87: 0 | AH87: 0 | AI87: 0 | AJ87: 0 | AK87: 0 | AL87: 0 | AM87: =SUM(E87:AL87) -> 10
B88: 7 | C88: 7. ERNADI, S.H.I. | E88: 0 | F88: 0 | G88: 0 | H88: 0 | I88: 1 | J88: 0 | K88: 0 | L88: 0 | M88: 0 | N88: 0 | O88: 0 | P88: 0 | Q88: 0 | R88: 0 | S88: 0 | T88: 0 | U88: 0 | V88: 0 | W88: 0 | X88: 0 | Y88: 0 | Z88: 0 | AA88: 0 | AB88: 0 | AC88: 0 | AD88: 0 | AE88: 0 | AF88: 0 | AG88: 0 | AH88: 0 | AI88: 0 | AJ88: 0 | AK88: 0 | AL88: 0 | AM88: =SUM(E88:AL88) -> 1
AM89: =SUM(E89:AL89) -> 0
AM90: =SUM(E90:AL90) -> 0
A91: B | B91: JUMLAH SUARA SAH PARTAI POLITIK DAN CALON (A1 + A2) | E91: =SUM(E81:E90) -> 13 | F91: =SUM(F81:F90) -> 20 | G91: =SUM(G81:G90) -> 20 | H91: =SUM(H81:H90) -> 17 | I91: =SUM(I81:I90) -> 20 | J91: =SUM(J81:J90) -> 11 | K91: =SUM(K81:K90) -> 6 | L91: =SUM(L81:L90) -> 8 | ... AM91: =SUM(AM81:AM90) -> 539
A93: A.1 | B93: 5. | C93: Partai NasDem | E93: 0 | F93: 1 | G93: 0 | H93: 1 | I93: 0 | J93: 0 | K93: 0 | L93: 0 | M93: 2 | N93: 2 | O93: 0 | P93: 0 | Q93: 1 | R93: 0 | S93: 2 | T93: 2 | U93: 2 | V93: 4 | W93: 0 | X93: 8 | Y93: 5 | Z93: 5 | AA93: 14 | AB93: 6 | AC93: 2 | AD93: 0 | AE93: 2 | AF93: 3 | AG93: 1 | AH93: 7 | AI93: 7 | AJ93: 13 | AK93: 2 | AL93: 4 | AM93: =SUM(E93:AL93) -> 96
A94: A.2 | B94: 1 | C94: 1. ACH. FADIL MUZAKKI SYAH | E94: 1 | F94: 0 | G94: 0 | H94: 0 | I94: 2 | J94: 0 | K94: 1 | L94: 1 | M94: 1 | N94: 1 | O94: 0 | P94: 4 | Q94: 1 | R94: 0 | S94: 3 | T94: 0 | U94: 29 | V94: 0 | W94: 10 | X94: 47 | Y94: 12 | Z94: 3 | AA94: 41 | AB94: 12 | AC94: 4 | AD94: 2 | AE94: 3 | AF94: 1 | AG94: 0 | AH94: 8 | AI94: 12 | AJ94: 14 | AK94: 0 | AL94: 3 | AM94: =SUM(E94:AL94) -> 216
B95: 2 | C95: 2. BENY | E95: 0 | F95: 0 | G95: 0 | H95: 0 | I95: 0 | J95: 0 | K95: 1 | L95: 0 | M95: 0 | N95: 0 | O95: 1 | P95: 0 | Q95: 0 | R95: 0 | S95: 1 | T95: 1 | U95: 1 | V95: 0 | W95: 1 | X95: 1 | Y95: 1 | Z95: 0 | AA95: 3 | AB95: 1 | AC95: 2 | AD95: 0 | AE95: 2 | AF95: 1 | AG95: 1 | AH95: 0 | AI95: 1 | AJ95: 0 | AK95: 0 | AL95: 3 | AM95: =SUM(E95:AL95) -> 22
B96: 3 | C96: 3. VINA VERONIKA | E96: 0 | F96: 2 | G96: 0 | H96: 1 | I96: 0 | J96: 0 | K96: 0 | L96: 0 | M96: 0 | N96: 0 | O96: 0 | P96: 0 | Q96: 0 | R96: 0 | S96: 0 | T96: 0 | U96: 1 | V96: 1 | W96: 0 | X96: 2 | Y96: 2 | Z96: 1 | AA96: 0 | AB96: 1 | AC96: 0 | AD96: 0 | AE96: 0 | AF96: 0 | AG96: 1 | AH96: 0 | AI96: 3 | AJ96: 3 | AK96: 0 | AL96: 1 | AM96: =SUM(E96:AL96) -> 19
B97: 4 | C97: 4. TEDDY ANUGRIANTO | E97: 2 | F97: 3 | G97: 3 | H97: 2 | I97: 0 | J97: 1 | K97: 2 | L97: 1 | M97: 0 | N97: 0 | O97: 2 | P97: 1 | Q97: 3 | R97: 1 | S97: 0 | T97: 0 | U97: 2 | V97: 6 | W97: 3 | X97: 0 | Y97: 3 | Z97: 1 | AA97: 0 | AB97: 0 | AC97: 2 | AD97: 2 | AE97: 1 | AF97: 8 | AG97: 3 | AH97: 2 | AI97: 1 | AJ97: 0 | AK97: 1 | AL97: 2 | AM97: =SUM(E97:AL97) -> 58
B98: 5 | C98: 5. INSAN KAMIL | E98: 0 | F98: 0 | G98: 0 | H98: 0 | I98: 0 | J98: 0 | K98: 0 | L98: 0 | M98: 0 | N98: 0 | O98: 0 | P98: 0 | Q98: 0 | R98: 0 | S98: 0 | T98: 0 | U98: 1 | V98: 0 | W98: 0 | X98: 1 | Y98: 0 | Z98: 3 | AA98: 1 | AB98: 1 | AC98: 0 | AD98: 0 | AE98: 0 | AF98: 0 | AG98: 0 | AH98: 0 | AI98: 0 | AJ98: 1 | AK98: 1 | AL98: 0 | AM98: =SUM(E98:AL98) -> 9
B99: 6 | C99: 6. LILIK LINDARWATI | E99: 0 | F99: 0 | G99: 1 | H99: 0 | I99: 0 | J99: 0 | K99: 0 | L99: 0 | M99: 0 | N99: 0 | O99: 0 | P99: 0 | Q99: 1 | R99: 0 | S99: 0 | T99: 0 | U99: 2 | V99: 0 | W99: 1 | X99: 0 | Y99: 0 | Z99: 1 | AA99: 0 | AB99: 0 | AC99: 0 | AD99: 0 | AE99: 0 | AF99: 0 | AG99: 0 | AH99: 0 | AI99: 0 | AJ99: 0 | AK99: 0 | AL99: 1 | AM99: =SUM(E99:AL99) -> 7
B100: 7 | C100: 7. YULI ANITA | E100: 0 | F100: 0 | G100: 0 | H100: 0 | I100: 0 | J100: 0 | K100: 0 | L100: 0 | M100: 0 | N100: 0 | O100: 0 | P100: 0 | Q100: 0 | R100: 0 | S100: 0 | T100: 0 | U100: 0 | V100: 0 | W100: 0 | X100: 1 | Y100: 1 | Z100: 0 | AA100: 0 | AB100: 0 | AC100: 0 | AD100: 0 | AE100: 1 | AF100: 1 | AG100: 0 | AH100: 0 | AI100: 0 | AJ100: 0 | AK100: 0 | AL100: 0 | AM100: =SUM(E100:AL100) -> 4
AM101: =SUM(E101:AL101) -> 0
AM102: =SUM(E102:AL102) -> 0
A103: B | B103: JUMLAH SUARA SAH PARTAI POLITIK DAN CALON (A1 + A2) | E103: =SUM(E93:E102) -> 3 | F103: =SUM(F93:F102) -> 6 | G103: =SUM(G93:G102) -> 4 | H103: =SUM(H93:H102) -> 4 | I103: =SUM(I93:I102) -> 2 | J103: =SUM(J93:J102) -> 1 | K103: =SUM(K93:K102) -> 4 | L103: =SUM(L93:L102) -> 2 | ... AM103: =SUM(AM93:AM102) -> 431
A105: A.1 | B105: 6. | C105: Partai Buruh | E105: 0 | F105: 0 | G105: 0 | H105: 0 | I105: 1 | J105: 1 | K105: 0 | L105: 0 | M105: 0 | N105: 0 | O105: 0 | P105: 0 | Q105: 0 | R105: 0 | S105: 1 | T105: 3 | U105: 0 | V105: 2 | W105: 0 | X105: 0 | Y105: 0 | Z105: 1 | AA105: 2 | AB105: 0 | AC105: 1 | AD105: 1 | AE105: 1 | AF105: 0 | AG105: 3 | AH105: 1 | AI105: 0 | AJ105: 2 | AK105: 0 | AL105: 0 | AM105: =SUM(E105:AL105) -> 20
A106: A.2 | B106: 1 | C106: 1. KHOIRUL ANAM | E106: 0 | F106: 0 | G106: 0 | H106: 0 | I106: 0 | J106: 0 | K106: 0 | L106: 0 | M106: 0 | N106: 2 | O106: 0 | P106: 0 | Q106: 0 | R106: 0 | S106: 0 | T106: 0 | U106: 0 | V106: 2 | W106: 1 | X106: 1 | Y106: 1 | Z106: 0 | AA106: 0 | AB106: 0 | AC106: 0 | AD106: 0 | AE106: 0 | AF106: 1 | AG106: 0 | AH106: 1 | AI106: 0 | AJ106: 0 | AK106: 1 | AL106: 0 | AM106: =SUM(E106:AL106) -> 10
B107: 2 | C107: 2. INA KURNIA | E107: 0 | F107: 0 | G107: 0 | H107: 0 | I107: 0 | J107: 0 | K107: 0 | L107: 1 | M107: 0 | N107: 0 | O107: 0 | P107: 2 | Q107: 0 | R107: 1 | S107: 0 | T107: 1 | U107: 1 | V107: 0 | W107: 0 | X107: 0 | Y107: 1 | Z107: 0 | AA107: 0 | AB107: 0 | AC107: 0 | AD107: 0 | AE107: 0 | AF107: 0 | AG107: 0 | AH107: 1 | AI107: 0 | AJ107: 0 | AK107: 0 | AL107: 0 | AM107: =SUM(E107:AL107) -> 8
B108: 3 | C108: 3. JIBRAL TAROUK | E108: 0 | F108: 0 | G108: 0 | H108: 0 | I108: 0 | J108: 0 | K108: 0 | L108: 1 | M108: 0 | N108: 0 | O108: 0 | P108: 0 | Q108: 0 | R108: 0 | S108: 0 | T108: 0 | U108: 0 | V108: 0 | W108: 0 | X108: 0 | Y108: 0 | Z108: 2 | AA108: 1 | AB108: 0 | AC108: 0 | AD108: 0 | AE108: 0 | AF108: 0 | AG108: 0 | AH108: 0 | AI108: 0 | AJ108: 0 | AK108: 0 | AL108: 0 | AM108: =SUM(E108:AL108) -> 4
B109: 4 | C109: 4. ASTUTI DAENG PUJI | E109: 0 | F109: 0 | G109: 0 | H109: 0 | I109: 0 | J109: 0 | K109: 0 | L109: 0 | M109: 0 | N109: 0 | O109: 0 | P109: 0 | Q109: 0 | R109: 0 | S109: 0 | T109: 0 | U109: 0 | V109: 0 | W109: 0 | X109: 0 | Y109: 1 | Z109: 0 | AA109: 0 | AB109: 0 | AC109: 0 | AD109: 0 | AE109: 0 | AF109: 0 | AG109: 0 | AH109: 0 | AI109: 0 | AJ109: 0 | AK109: 0 | AL109: 1 | AM109: =SUM(E109:AL109) -> 2
B110: 5 | C110: 5. ASDARMAWAN | E110: 0 | F110: 0 | G110: 0 | H110: 0 | I110: 0 | J110: 0 | K110: 0 | L110: 0 | M110: 0 | N110: 0 | O110: 0 | P110: 0 | Q110: 0 | R110: 0 | S110: 0 | T110: 0 | U110: 0 | V110: 0 | W110: 0 | X110: 0 | Y110: 0 | Z110: 0 | AA110: 0 | AB110: 0 | AC110: 0 | AD110: 0 | AE110: 0 | AF110: 0 | AG110: 1 | AH110: 0 | AI110: 0 | AJ110: 0 | AK110: 0 | AL110: 0 | AM110: =SUM(E110:AL110) -> 1
B111: 6 | C111: 6. RIFQI MUBAROK | E111: 0 | F111: 0 | G111: 0 | H111: 0 | I111: 0 | J111: 0 | K111: 0 | L111: 0 | M111: 0 | N111: 0 | O111: 0 | P111: 0 | Q111: 0 | R111: 0 | S111: 0 | T111: 0 | U111: 1 | V111: 0 | W111: 0 | X111: 0 | Y111: 0 | Z111: 0 | AA111: 0 | AB111: 0 | AC111: 0 | AD111: 0 | AE111: 0 | AF111: 1 | AG111: 1 | AH111: 0 | AI111: 0 | AJ111: 0 | AK111: 0 | AL111: 0 | AM111: =SUM(E111:AL111) -> 3
B112: 7 | C112: 7. FIRNANDA ALTA MEGA | E112: 0 | F112: 0 | G112: 0 | H112: 0 | I112: 0 | J112: 0 | K112: 0 | L112: 0 | M112: 0 | N112: 0 | O112: 0 | P112: 0 | Q112: 0 | R112: 0 | S112: 0 | T112: 0 | U112: 0 | V112: 0 | W112: 0 | X112: 0 | Y112: 0 | Z112: 0 | AA112: 0 | AB112: 0 | AC112: 0 | AD112: 0 | AE112: 1 | AF112: 0 | AG112: 0 | AH112: 0 | AI112: 0 | AJ112: 0 | AK112: 0 | AL112: 0 | AM112: =SUM(E112:AL112) -> 1
AM113: =SUM(E113:AL113) -> 0
AM114: =SUM(E114:AL114) -> 0
A115: B | B115: JUMLAH SUARA SAH PARTAI POLITIK DAN CALON (A1 + A2) | E115: =SUM(E105:E114) -> 0 | F115: =SUM(F105:F114) -> 0 | G115: =SUM(G105:G114) -> 0 | H115: =SUM(H105:H114) -> 0 | I115: =SUM(I105:I114) -> 1 | J115: =SUM(J105:J114) -> 1 | K115: =SUM(K105:K114) -> 0 | L115: =SUM(L105:L114) -> 2 | ... AM115: =SUM(AM105:AM114) -> 49
A117: A.1 | B117: 7. | C117: Partai Gelombang Rakyat Indonesia | E117: 1 | F117: 0 | G117: 0 | H117: 1 | I117: 2 | J117: 1 | K117: 1 | L117: 1 | M117: 1 | N117: 0 | O117: 1 | P117: 2 | Q117: 0 | R117: 3 | S117: 0 | T117: 0 | U117: 0 | V117: 1 | W117: 2 | X117: 0 | Y117: 2 | Z117: 0 | AA117: 0 | AB117: 0 | AC117: 0 | AD117: 1 | AE117: 0 | AF117: 0 | AG117: 2 | AH117: 0 | AI117: 1 | AJ117: 0 | AK117: 0 | AL117: 0 | AM117: =SUM(E117:AL117) -> 23
...

Sheet WONOSOBO
C2: Kecamatan | D2: SRONO
C3: Kabupaten | D3: BANYUWANGI
C4: Provinsi | D4: JAWA TIMUR
C9: Kelurahan | D9: WONOSOBO
A12: I | B12: DATA PEMILIH DAN PENGGUNAAN HAK PILIH | AS12: JUMLAH AKHIR
A13: A | B13: DATA PEMILIH | E13: TPS 001 | F13: TPS 002 | G13: TPS 003 | H13: TPS 004 | I13: TPS 005 | J13: TPS 006 | K13: TPS 007 | L13: TPS 008 | M13: TPS 009 | N13: TPS 010 | O13: TPS 011 | P13: TPS 012 | Q13: TPS 013 | R13: TPS 014 | S13: TPS 015 | T13: TPS 016 | U13: TPS 017 | V13: TPS 018 | W13: TPS 019 | X13: TPS 020 | Y13: TPS 021 | Z13: TPS 022 | AA13: TPS 023 | AB13: TPS 024 | AC13: TPS 025 | AD13: TPS 026 | AE13: TPS 027 | AF13: TPS 028 | AG13: TPS 029 | AH13: TPS 030 | AI13: TPS 031 | AJ13: TPS 032 | AK13: TPS 033 | AL13: TPS 034 | AM13: TPS 035 | AN13: TPS 036 | AO13: TPS 037 | AP13: TPS 038 | AQ13: TPS 039 | AR13: TPS 040
B14: Jumlah Pemilih dalam Daftar Pemilih Tetap (DPT) | D14: LK | E14: 133 | F14: 143 | G14: 134 | H14: 136 | I14: 129 | J14: 132 | K14: 130 | L14: 132 | M14: 142 | N14: 143 | O14: 149 | P14: 136 | Q14: 145 | R14: 149 | S14: 140 | T14: 136 | U14: 143 | V14: 142 | W14: 126 | X14: 134 | Y14: 144 | Z14: 123 | AA14: 136 | AB14: 131 | AC14: 129 | AD14: 142 | AE14: 135 | AF14: 135 | AG14: 134 | AH14: 144 | AI14: 140 | AJ14: 140 | AK14: 146 | AL14: 124 | AM14: 142 | AN14: 144 | AO14: 138 | AP14: 150 | AQ14: 153 | AR14: 145 | AS14: =SUM(E14:AR14) -> 5529
D15: PR | E15: 134 | F15: 134 | G15: 129 | H15: 127 | I15: 143 | J15: 135 | K15: 123 | L15: 127 | M15: 140 | N15: 147 | O15: 139 | P15: 122 | Q15: 131 | R15: 146 | S15: 150 | T15: 132 | U15: 139 | V15: 137 | W15: 118 | X15: 140 | Y15: 136 | Z15: 143 | AA15: 137 | AB15: 128 | AC15: 128 | AD15: 137 | AE15: 133 | AF15: 126 | AG15: 130 | AH15: 139 | AI15: 144 | AJ15: 144 | AK15: 146 | AL15: 118 | AM15: 145 | AN15: 137 | AO15: 137 | AP15: 147 | AQ15: 142 | AR15: 145 | AS15: =SUM(E15:AR15) -> 5435
D16: JML | E16: =SUM(E14:E15) -> 267 | F16: =SUM(F14:F15) -> 277 | G16: =SUM(G14:G15) -> 263 | H16: =SUM(H14:H15) -> 263 | I16: =SUM(I14:I15) -> 272 | J16: =SUM(J14:J15) -> 267 | K16: =SUM(K14:K15) -> 253 | L16: =SUM(L14:L15) -> 259 | ... AR16: =SUM(AR14:AR15) -> 290 | AS16: =SUM(E16:AR16) -> 10964
A18: B | B18: PENGGUNA HAK PILIH
B19: 1. | C19: Jumlah pengguna hak pilih dalam Daftar Pemilih Tetap (DPT) | D19: LK | E19: 98 | F19: 108 | G19: 94 | H19: 81 | I19: 92 | J19: 87 | K19: 99 | L19: 98 | M19: 112 | N19: 85 | O19: 99 | P19: 98 | Q19: 83 | R19: 100 | S19: 107 | T19: 96 | U19: 111 | V19: 99 | W19: 97 | X19: 92 | Y19: 105 | Z19: 100 | AA19: 109 | AB19: 99 | AC19: 105 | AD19: 94 | AE19: 103 | AF19: 103 | AG19: 99 | AH19: 107 | AI19: 113 | AJ19: 113 | AK19: 116 | AL19: 105 | AM19: 112 | AN19: 106 | AO19: 111 | AP19: 128 | AQ19: 119 | AR19: 103 | AS19: =SUM(E19:AR19) -> 4086
D20: PR | E20: 113 | F20: 111 | G20: 99 | H20: 90 | I20: 107 | J20: 105 | K20: 98 | L20: 97 | M20: 99 | N20: 101 | O20: 110 | P20: 82 | Q20: 89 | R20: 103 | S20: 124 | T20: 109 | U20: 107 | V20: 109 | W20: 86 | X20: 101 | Y20: 92 | Z20: 113 | AA20: 117 | AB20: 102 | AC20: 107 | AD20: 101 | AE20: 109 | AF20: 105 | AG20: 102 | AH20: 116 | AI20: 121 | AJ20: 126 | AK20: 119 | AL20: 100 | AM20: 114 | AN20: 115 | AO20: 110 | AP20: 123 | AQ20: 121 | AR20: 111 | AS20: =SUM(E20:AR20) -> 4264
D21: JML | E21: =SUM(E19:E20) -> 211 | F21: =SUM(F19:F20) -> 219 | G21: =SUM(G19:G20) -> 193 | H21: =SUM(H19:H20) -> 171 | I21: =SUM(I19:I20) -> 199 | J21: =SUM(J19:J20) -> 192 | K21: =SUM(K19:K20) -> 197 | L21: =SUM(L19:L20) -> 195 | ... AR21: =SUM(AR19:AR20) -> 214 | AS21: =SUM(E21:AR21) -> 8350
B22: 2. | C22: Jumlah pengguna hak pilih dalam Daftar Pemilih Tambahan (DPTb) | D22: LK | E22: 0 | F22: 0 | G22: 0 | H22: 0 | I22: 0 | J22: 0 | K22: 0 | L22: 0 | M22: 0 | N22: 1 | O22: 0 | P22: 0 | Q22: 0 | R22: 0 | S22: 0 | T22: 0 | U22: 1 | V22: 1 | W22: 0 | X22: 0 | Y22: 0 | Z22: 0 | AA22: 0 | AB22: 0 | AC22: 0 | AD22: 0 | AE22: 0 | AF22: 1 | AG22: 0 | AH22: 0 | AI22: 0 | AJ22: 0 | AK22: 0 | AL22: 0 | AM22: 0 | AN22: 0 | AO22: 0 | AP22: 0 | AQ22: 0 | AR22: 1 | AS22: =SUM(E22:AR22) -> 5
D23: PR | E23: 0 | F23: 0 | G23: 0 | H23: 0 | I23: 0 | J23: 0 | K23: 0 | L23: 0 | M23: 0 | N23: 1 | O23: 0 | P23: 0 | Q23: 0 | R23: 0 | S23: 0 | T23: 0 | U23: 1 | V23: 0 | W23: 0 | X23: 0 | Y23: 0 | Z23: 0 | AA23: 0 | AB23: 0 | AC23: 0 | AD23: 0 | AE23: 0 | AF23: 1 | AG23: 0 | AH23: 0 | AI23: 0 | AJ23: 0 | AK23: 0 | AL23: 0 | AM23: 0 | AN23: 0 | AO23: 0 | AP23: 0 | AQ23: 0 | AR23: 0 | AS23: =SUM(E23:AR23) -> 3
D24: JML | E24: =SUM(E22:E23) -> 0 | F24: =SUM(F22:F23) -> 0 | G24: =SUM(G22:G23) -> 0 | H24: =SUM(H22:H23) -> 0 | I24: =SUM(I22:I23) -> 0 | J24: =SUM(J22:J23) -> 0 | K24: =SUM(K22:K23) -> 0 | L24: =SUM(L22:L23) -> 0 | ... AR24: =SUM(AR22:AR23) -> 1 | AS24: =SUM(E24:AR24) -> 8
B25: 3. | C25: Jumlah pengguna hak pilih dalam Daftar Pemilih Khusus (DPK) | D25: LK | E25: 1 | F25: 0 | G25: 2 | H25: 2 | I25: 0 | J25: 0 | K25: 0 | L25: 0 | M25: 0 | N25: 0 | O25: 0 | P25: 0 | Q25: 1 | R25: 2 | S25: 2 | T25: 3 | U25: 3 | V25: 3 | W25: 0 | X25: 0 | Y25: 0 | Z25: 0 | AA25: 0 | AB25: 6 | AC25: 3 | AD25: 1 | AE25: 0 | AF25: 3 | AG25: 0 | AH25: 2 | AI25: 1 | AJ25: 3 | AK25: 2 | AL25: 1 | AM25: 4 | AN25: 0 | AO25: 0 | AP25: 0 | AQ25: 3 | AR25: 0 | AS25: =SUM(E25:AR25) -> 48
D26: PR | E26: 1 | F26: 0 | G26: 5 | H26: 2 | I26: 0 | J26: 1 | K26: 1 | L26: 0 | M26: 0 | N26: 0 | O26: 0 | P26: 0 | Q26: 9 | R26: 0 | S26: 1 | T26: 0 | U26: 5 | V26: 1 | W26: 0 | X26: 1 | Y26: 0 | Z26: 0 | AA26: 1 | AB26: 6 | AC26: 2 | AD26: 1 | AE26: 0 | AF26: 1 | AG26: 0 | AH26: 1 | AI26: 1 | AJ26: 1 | AK26: 2 | AL26: 3 | AM26: 1 | AN26: 0 | AO26: 0 | AP26: 0 | AQ26: 3 | AR26: 0 | AS26: =SUM(E26:AR26) -> 50
D27: JML | E27: =SUM(E25:E26) -> 2 | F27: =SUM(F25:F26) -> 0 | G27: =SUM(G25:G26) -> 7 | H27: =SUM(H25:H26) -> 4 | I27: =SUM(I25:I26) -> 0 | J27: =SUM(J25:J26) -> 1 | K27: =SUM(K25:K26) -> 1 | L27: =SUM(L25:L26) -> 0 | ... AR27: =SUM(AR25:AR26) -> 0 | AS27: =SUM(E27:AR27) -> 98
B28: 4. | C28: Jumlah Pengguna Hak Pilih (B.1+B.2+B.3) | D28: LK | E28: =SUM(E19,E22,E25) -> 99 | F28: =SUM(F19,F22,F25) -> 108 | G28: =SUM(G19,G22,G25) -> 96 | H28: =SUM(H19,H22,H25) -> 83 | I28: =SUM(I19,I22,I25) -> 92 | J28: =SUM(J19,J22,J25) -> 87 | K28: =SUM(K19,K22,K25) -> 99 | L28: =SUM(L19,L22,L25) -> 98 | ... AR28: =SUM(AR19,AR22,AR25) -> 104 | AS28: =SUM(E28:AR28) -> 4139
D29: PR | E29: =SUM(E20,E23,E26) -> 114 | F29: =SUM(F20,F23,F26) -> 111 | G29: =SUM(G20,G23,G26) -> 104 | H29: =SUM(H20,H23,H26) -> 92 | I29: =SUM(I20,I23,I26) -> 107 | J29: =SUM(J20,J23,J26) -> 106 | K29: =SUM(K20,K23,K26) -> 99 | L29: =SUM(L20,L23,L26) -> 97 | ... AR29: =SUM(AR20,AR23,AR26) -> 111 | AS29: =SUM(E29:AR29) -> 4317
D30: JML | E30: =SUM(E28:E29) -> 213 | F30: =SUM(F28:F29) -> 219 | G30: =SUM(G28:G29) -> 200 | H30: =SUM(H28:H29) -> 175 | I30: =SUM(I28:I29) -> 199 | J30: =SUM(J28:J29) -> 193 | K30: =SUM(K28:K29) -> 198 | L30: =SUM(L28:L29) -> 195 | ... AR30: =SUM(AR28:AR29) -> 215 | AS30: =SUM(E30:AR30) -> 8456
A32: II | B32: DATA PENGGUNAAN SURAT SUARA
A33: 1 | B33: Jumlah surat suara yang diterima, termasuk surat suara cadangan 2,5% dari DPT | E33: 273 | F33: 283 | G33: 269 | H33: 278 | I33: 278 | J33: 273 | K33: 259 | L33: 265 | M33: 288 | N33: 296 | O33: 294 | P33: 264 | Q33: 282 | R33: 301 | S33: 296 | T33: 274 | U33: 288 | V33: 285 | W33: 239 | X33: 270 | Y33: 287 | Z33: 263 | AA33: 280 | AB33: 256 | AC33: 253 | AD33: 285 | AE33: 274 | AF33: 267 | AG33: 269 | AH33: 289 | AI33: 290 | AJ33: 290 | AK33: 298 | AL33: 248 | AM33: 293 | AN33: 287 | AO33: 281 | AP33: 302 | AQ33: 290 | AR33: 296 | AS33: =SUM(E33:AR33) -> 11153
A34: 2 | B34: Jumlah surat suara yang digunakan | E34: 213 | F34: 219 | G34: 200 | H34: 175 | I34: 199 | J34: 193 | K34: 198 | L34: 195 | M34: 211 | N34: 188 | O34: 209 | P34: 180 | Q34: 182 | R34: 205 | S34: 234 | T34: 208 | U34: 228 | V34: 213 | W34: 183 | X34: 194 | Y34: 197 | Z34: 213 | AA34: 227 | AB34: 213 | AC34: 217 | AD34: 197 | AE34: 212 | AF34: 214 | AG34: 201 | AH34: 226 | AI34: 236 | AJ34: 243 | AK34: 239 | AL34: 209 | AM34: 231 | AN34: 221 | AO34: 221 | AP34: 251 | AQ34: 246 | AR34: 215 | AS34: =SUM(E34:AR34) -> 8456
A35: 3 | B35: Jumlah surat suara dikembalikan oleh pemilih (karena rusak atau keliru coblos) | E35: 0 | F35: 0 | G35: 0 | H35: 0 | I35: 0 | J35: 0 | K35: 0 | L35: 0 | M35: 0 | N35: 0 | O35: 0 | P35: 0 | Q35: 0 | R35: 0 | S35: 0 | T35: 0 | U35: 1 | V35: 0 | W35: 0 | X35: 0 | Y35: 0 | Z35: 0 | AA35: 3 | AB35: 0 | AC35: 0 | AD35: 0 | AE35: 0 | AF35: 0 | AG35: 0 | AH35: 0 | AI35: 2 | AJ35: 0 | AK35: 0 | AL35: 1 | AM35: 0 | AN35: 0 | AO35: 0 | AP35: 0 | AQ35: 0 | AR35: 0 | AS35: =SUM(E35:AR35) -> 7
A36: 4 | B36: Jumlah surat suara yang tidak digunakan/tidak terpakai, termasuk sisa surat suara cadangan | E36: =E33-(E34+E35) -> 60 | F36: =F33-(F34+F35) -> 64 | G36: =G33-(G34+G35) -> 69 | H36: =H33-(H34+H35) -> 103 | I36: =I33-(I34+I35) -> 79 | J36: =J33-(J34+J35) -> 80 | K36: =K33-(K34+K35) -> 61 | L36: =L33-(L34+L35) -> 70 | ... AR36: =AR33-(AR34+AR35) -> 81 | AS36: =SUM(E36:AR36) -> 2690
A38: III | B38: DATA PEMILIH DISABILITAS
B39: Jumlah seluruh Pemilih disabilitas yang menggunakan hak pilih | D39: LK | E39: 0 | F39: 0 | G39: 0 | H39: 0 | I39: 0 | J39: 0 | K39: 0 | L39: 0 | M39: 0 | N39: 0 | O39: 0 | P39: 0 | Q39: 0 | R39: 0 | S39: 0 | T39: 0 | U39: 2 | V39: 0 | W39: 0 | X39: 0 | Y39: 0 | Z39: 1 | AA39: 0 | AB39: 0 | AC39: 0 | AD39: 0 | AE39: 0 | AF39: 2 | AG39: 0 | AH39: 0 | AI39: 0 | AJ39: 1 | AK39: 0 | AL39: 0 | AM39: 1 | AN39: 0 | AO39: 0 | AP39: 0 | AQ39: 0 | AR39: 0 | AS39: =SUM(E39:AR39) -> 7
D40: PR | E40: 0 | F40: 0 | G40: 0 | H40: 0 | I40: 1 | J40: 0 | K40: 0 | L40: 0 | M40: 0 | N40: 0 | O40: 0 | P40: 0 | Q40: 0 | R40: 0 | S40: 0 | T40: 0 | U40: 1 | V40: 1 | W40: 0 | X40: 0 | Y40: 0 | Z40: 1 | AA40: 0 | AB40: 0 | AC40: 0 | AD40: 0 | AE40: 0 | AF40: 3 | AG40: 0 | AH40: 0 | AI40: 0 | AJ40: 1 | AK40: 0 | AL40: 0 | AM40: 0 | AN40: 0 | AO40: 0 | AP40: 0 | AQ40: 0 | AR40: 0 | AS40: =SUM(E40:AR40) -> 8
D41: JML | E41: =SUM(E39:E40) -> 0 | F41: =SUM(F39:F40) -> 0 | G41: =SUM(G39:G40) -> 0 | H41: =SUM(H39:H40) -> 0 | I41: =SUM(I39:I40) -> 1 | J41: =SUM(J39:J40) -> 0 | K41: =SUM(K39:K40) -> 0 | L41: =SUM(L39:L40) -> 0 | ... AR41: =SUM(AR39:AR40) -> 0 | AS41: =SUM(E41:AR41) -> 15
A43: IV | B43: DATA RINCIAN PEROLEHAN SUARA PASANGAN CALON BUPATI DAN WAKIL BUPATI
A44: NOMOR DAN NAMA CALON
A45: A.1 | B45: 1. | C45: Partai Kebangkitan Bangsa | E45: 2 | F45: 1 | G45: 3 | H45: 3 | I45: 1 | J45: 2 | K45: 2 | L45: 2 | M45: 5 | N45: 6 | O45: 2 | P45: 9 | Q45: 2 | R45: 3 | S45: 2 | T45: 3 | U45: 7 | V45: 4 | W45: 3 | X45: 5 | Y45: 2 | Z45: 4 | AA45: 2 | AB45: 5 | AC45: 4 | AD45: 2 | AE45: 1 | AF45: 5 | AG45: 6 | AH45: 5 | AI45: 7 | AJ45: 6 | AK45: 7 | AL45: 7 | AM45: 14 | AN45: 5 | AO45: 1 | AP45: 3 | AQ45: 4 | AR45: 3 | AS45: =SUM(E45:AR45) -> 160
A46: A.2 | B46: 1 | C46: 1. Dr. Hj. NIHAYATUL WAFIROH, M.A. | E46: 5 | F46: 3 | G46: 8 | H46: 7 | I46: 7 | J46: 11 | K46: 0 | L46: 7 | M46: 12 | N46: 5 | O46: 19 | P46: 22 | Q46: 16 | R46: 5 | S46: 2 | T46: 7 | U46: 7 | V46: 5 | W46: 9 | X46: 12 | Y46: 9 | Z46: 7 | AA46: 8 | AB46: 4 | AC46: 7 | AD46: 10 | AE46: 2 | AF46: 9 | AG46: 2 | AH46: 7 | AI46: 16 | AJ46: 7 | AK46: 6 | AL46: 6 | AM46: 10 | AN46: 8 | AO46: 8 | AP46: 4 | AQ46: 9 | AR46: 1 | AS46: =SUM(E46:AR46) -> 309
B47: 2 | C47: 2. H. M. NASIM KHAN | E47: 2 | F47: 2 | G47: 1 | H47: 3 | I47: 1 | J47: 1 | K47: 1 | L47: 2 | M47: 2 | N47: 3 | O47: 1 | P47: 0 | Q47: 1 | R47: 1 | S47: 2 | T47: 1 | U47: 1 | V47: 18 | W47: 0 | X47: 13 | Y47: 1 | Z47: 2 | AA47: 0 | AB47: 0 | AC47: 3 | AD47: 0 | AE47: 3 | AF47: 2 | AG47: 0 | AH47: 1 | AI47: 0 | AJ47: 2 | AK47: 0 | AL47: 2 | AM47: 1 | AN47: 3 | AO47: 1 | AP47: 2 | AQ47: 5 | AR47: 0 | AS47: =SUM(E47:AR47) -> 84
B48: 3 | C48: 3. Dr. H. AKIK ZAMAN, M.Pd.I. | E48: 0 | F48: 1 | G48: 1 | H48: 1 | I48: 1 | J48: 0 | K48: 0 | L48: 0 | M48: 0 | N48: 0 | O48: 1 | P48: 0 | Q48: 1 | R48: 0 | S48: 0 | T48: 1 | U48: 0 | V48: 2 | W48: 0 | X48: 1 | Y48: 1 | Z48: 0 | AA48: 0 | AB48: 1 | AC48: 0 | AD48: 0 | AE48: 0 | AF48: 0 | AG48: 0 | AH48: 0 | AI48: 1 | AJ48: 1 | AK48: 2 | AL48: 0 | AM48: 4 | AN48: 2 | AO48: 0 | AP48: 1 | AQ48: 0 | AR48: 1 | AS48: =SUM(E48:AR48) -> 24
B49: 4 | C49: 4. AHMAD RIFA'I, S.H. | E49: 0 | F49: 0 | G49: 4 | H49: 3 | I49: 0 | J49: 0 | K49: 0 | L49: 0 | M49: 3 | N49: 0 | O49: 1 | P49: 0 | Q49: 0 | R49: 0 | S49: 1 | T49: 0 | U49: 0 | V49: 0 | W49: 0 | X49: 0 | Y49: 0 | Z49: 0 | AA49: 1 | AB49: 0 | AC49: 0 | AD49: 0 | AE49: 0 | AF49: 1 | AG49: 0 | AH49: 3 | AI49: 2 | AJ49: 1 | AK49: 0 | AL49: 0 | AM49: 0 | AN49: 1 | AO49: 0 | AP49: 2 | AQ49: 0 | AR49: 0 | AS49: =SUM(E49:AR49) -> 23
B50: 5 | C50: 5. Drs. H. MAHFUD M.N. | E50: 0 | F50: 0 | G50: 0 | H50: 1 | I50: 1 | J50: 0 | K50: 0 | L50: 0 | M50: 1 | N50: 0 | O50: 0 | P50: 0 | Q50: 0 | R50: 0 | S50: 0 | T50: 0 | U50: 0 | V50: 0 | W50: 0 | X50: 0 | Y50: 0 | Z50: 0 | AA50: 0 | AB50: 0 | AC50: 0 | AD50: 0 | AE50: 1 | AF50: 0 | AG50: 0 | AH50: 1 | AI50: 0 | AJ50: 0 | AK50: 1 | AL50: 0 | AM50: 0 | AN50: 1 | AO50: 0 | AP50: 1 | AQ50: 0 | AR50: 0 | AS50: =SUM(E50:AR50) -> 8
B51: 6 | C51: 6. NURHAYATI, S.Pd. | E51: 0 | F51: 0 | G51: 0 | H51: 0 | I51: 0 | J51: 0 | K51: 0 | L51: 0 | M51: 1 | N51: 0 | O51: 0 | P51: 0 | Q51: 0 | R51: 0 | S51: 1 | T51: 0 | U51: 0 | V51: 1 | W51: 1 | X51: 0 | Y51: 0 | Z51: 0 | AA51: 0 | AB51: 2 | AC51: 0 | AD51: 0 | AE51: 0 | AF51: 1 | AG51: 0 | AH51: 0 | AI51: 0 | AJ51: 0 | AK51: 1 | AL51: 1 | AM51: 1 | AN51: 1 | AO51: 1 | AP51: 0 | AQ51: 0 | AR51: 0 | AS51: =SUM(E51:AR51) -> 12
B52: 7 | C52: 7. MAFTUHA KISWAH | E52: 1 | F52: 0 | G52: 0 | H52: 0 | I52: 0 | J52: 0 | K52: 0 | L52: 0 | M52: 0 | N52: 0 | O52: 0 | P52: 0 | Q52: 0 | R52: 0 | S52: 0 | T52: 0 | U52: 0 | V52: 0 | W52: 0 | X52: 0 | Y52: 0 | Z52: 0 | AA52: 0 | AB52: 0 | AC52: 0 | AD52: 0 | AE52: 0 | AF52: 0 | AG52: 0 | AH52: 0 | AI52: 0 | AJ52: 0 | AK52: 0 | AL52: 0 | AM52: 1 | AN52: 0 | AO52: 0 | AP52: 0 | AQ52: 0 | AR52: 0 | AS52: =SUM(E52:AR52) -> 2
AS53: =SUM(E53:AR53) -> 0
AS54: =SUM(E54:AR54) -> 0
A55: B | B55: JUMLAH SUARA SAH PARTAI POLITIK DAN CALON (A1 + A2) | E55: =SUM(E45:E54) -> 10 | F55: =SUM(F45:F54) -> 7 | G55: =SUM(G45:G54) -> 17 | H55: =SUM(H45:H54) -> 18 | I55: =SUM(I45:I54) -> 11 | J55: =SUM(J45:J54) -> 14 | K55: =SUM(K45:K54) -> 3 | L55: =SUM(L45:L54) -> 11 | ... AS55: =SUM(AS45:AS54) -> 622
A57: A.1 | B57: 2. | C57: Partai Gerakan Indonesia Raya | E57: 8 | F57: 23 | G57: 17 | H57: 9 | I57: 3 | J57: 10 | K57: 12 | L57: 1 | M57: 16 | N57: 18 | O57: 10 | P57: 12 | Q57: 11 | R57: 8 | S57: 21 | T57: 9 | U57: 5 | V57: 2 | W57: 14 | X57: 8 | Y57: 9 | Z57: 19 | AA57: 9 | AB57: 11 | AC57: 11 | AD57: 13 | AE57: 7 | AF57: 7 | AG57: 11 | AH57: 8 | AI57: 14 | AJ57: 11 | AK57: 11 | AL57: 10 | AM57: 7 | AN57: 11 | AO57: 4 | AP57: 9 | AQ57: 20 | AR57: 21 | AS57: =SUM(E57:AR57) -> 440
A58: A.2 | B58: 1 | C58: 1. SUMAIL ABDULLAH | E58: 9 | F58: 3 | G58: 8 | H58: 5 | I58: 8 | J58: 4 | K58: 13 | L58: 0 | M58: 4 | N58: 3 | O58: 5 | P58: 3 | Q58: 4 | R58: 3 | S58: 27 | T58: 12 | U58: 16 | V58: 8 | W58: 3 | X58: 12 | Y58: 4 | Z58: 3 | AA58: 8 | AB58: 14 | AC58: 8 | AD58: 6 | AE58: 5 | AF58: 3 | AG58: 3 | AH58: 10 | AI58: 5 | AJ58: 7 | AK58: 8 | AL58: 5 | AM58: 9 | AN58: 4 | AO58: 4 | AP58: 10 | AQ58: 13 | AR58: 12 | AS58: =SUM(E58:AR58) -> 291
B59: 2 | C59: 2. MUHAMMAD ALI ADRIAN SALEH | E59: 3 | F59: 9 | G59: 1 | H59: 4 | I59: 3 | J59: 3 | K59: 5 | L59: 3 | M59: 1 | N59: 8 | O59: 6 | P59: 7 | Q59: 6 | R59: 4 | S59: 41 | T59: 16 | U59: 2 | V59: 0 | W59: 5 | X59: 1 | Y59: 10 | Z59: 12 | AA59: 3 | AB59: 13 | AC59: 3 | AD59: 3 | AE59: 0 | AF59: 1 | AG59: 8 | AH59: 5 | AI59: 1 | AJ59: 7 | AK59: 0 | AL59: 3 | AM59: 5 | AN59: 24 | AO59: 6 | AP59: 3 | AQ59: 6 | AR59: 4 | AS59: =SUM(E59:AR59) -> 245
B60: 3 | C60: 3. DURROTUN NAFISAH | E60: 1 | F60: 3 | G60: 2 | H60: 0 | I60: 1 | J60: 0 | K60: 2 | L60: 0 | M60: 0 | N60: 1 | O60: 3 | P60: 1 | Q60: 0 | R60: 3 | S60: 4 | T60: 2 | U60: 0 | V60: 1 | W60: 1 | X60: 1 | Y60: 1 | Z60: 0 | AA60: 0 | AB60: 0 | AC60: 0 | AD60: 0 | AE60: 1 | AF60: 1 | AG60: 0 | AH60: 1 | AI60: 2 | AJ60: 1 | AK60: 0 | AL60: 0 | AM60: 1 | AN60: 1 | AO60: 1 | AP60: 1 | AQ60: 1 | AR60: 2 | AS60: =SUM(E60:AR60) -> 40
B61: 4 | C61: 4. H. EKO SUSILO NURHIDAYAT | E61: 1 | F61: 0 | G61: 0 | H61: 2 | I61: 0 | J61: 0 | K61: 1 | L61: 1 | M61: 5 | N61: 3 | O61: 1 | P61: 1 | Q61: 5 | R61: 2 | S61: 1 | T61: 0 | U61: 0 | V61: 3 | W61: 1 | X61: 3 | Y61: 2 | Z61: 7 | AA61: 3 | AB61: 1 | AC61: 7 | AD61: 2 | AE61: 2 | AF61: 0 | AG61: 0 | AH61: 0 | AI61: 1 | AJ61: 7 | AK61: 0 | AL61: 2 | AM61: 1 | AN61: 1 | AO61: 1 | AP61: 1 | AQ61: 1 | AR61: 3 | AS61: =SUM(E61:AR61) -> 72
B62: 5 | C62: 5. KARNADI HARIJANTO, S.S. | E62: 0 | F62: 1 | G62: 0 | H62: 0 | I62: 0 | J62: 0 | K62: 0 | L62: 0 | M62: 0 | N62: 0 | O62: 0 | P62: 0 | Q62: 0 | R62: 0 | S62: 0 | T62: 0 | U62: 0 | V62: 0 | W62: 0 | X62: 0 | Y62: 0 | Z62: 1 | AA62: 0 | AB62: 0 | AC62: 0 | AD62: 1 | AE62: 0 | AF62: 0 | AG62: 0 | AH62: 0 | AI62: 0 | AJ62: 0 | AK62: 1 | AL62: 0 | AM62: 0 | AN62: 1 | AO62: 0 | AP62: 0 | AQ62: 0 | AR62: 0 | AS62: =SUM(E62:AR62) -> 5
B63: 6 | C63: 6. NURHAYATI | E63: 1 | F63: 1 | G63: 1 | H63: 2 | I63: 0 | J63: 0 | K63: 1 | L63: 0 | M63: 0 | N63: 0 | O63: 0 | P63: 1 | Q63: 2 | R63: 0 | S63: 1 | T63: 2 | U63: 0 | V63: 1 | W63: 1 | X63: 2 | Y63: 1 | Z63: 0 | AA63: 2 | AB63: 0 | AC63: 0 | AD63: 2 | AE63: 1 | AF63: 1 | AG63: 0 | AH63: 3 | AI63: 1 | AJ63: 0 | AK63: 0 | AL63: 0 | AM63: 0 | AN63: 0 | AO63: 2 | AP63: 0 | AQ63: 0 | AR63: 1 | AS63: =SUM(E63:AR63) -> 30
B64: 7 | C64: 7. MASHUDI | E64: 0 | F64: 0 | G64: 0 | H64: 0 | I64: 0 | J64: 0 | K64: 1 | L64: 0 | M64: 2 | N64: 1 | O64: 1 | P64: 0 | Q64: 0 | R64: 0 | S64: 1 | T64: 1 | U64: 1 | V64: 9 | W64: 0 | X64: 0 | Y64: 0 | Z64: 4 | AA64: 0 | AB64: 0 | AC64: 1 | AD64: 0 | AE64: 0 | AF64: 0 | AG64: 0 | AH64: 0 | AI64: 0 | AJ64: 0 | AK64: 2 | AL64: 0 | AM64: 0 | AN64: 0 | AO64: 2 | AP64: 1 | AQ64: 1 | AR64: 1 | AS64: =SUM(E64:AR64) -> 29
AS65: =SUM(E65:AR65) -> 0
AS66: =SUM(E66:AR66) -> 0
A67: B | B67: JUMLAH SUARA SAH PARTAI POLITIK DAN CALON (A1 + A2) | E67: =SUM(E57:E66) -> 23 | F67: =SUM(F57:F66) -> 40 | G67: =SUM(G57:G66) -> 29 | H67: =SUM(H57:H66) -> 22 | I67: =SUM(I57:I66) -> 15 | J67: =SUM(J57:J66) -> 17 | K67: =SUM(K57:K66) -> 35 | L67: =SUM(L57:L66) -> 5 | ... AS67: =SUM(AS57:AS66) -> 1152
A69: A.1 | B69: 3. | C69: Partai Demokrasi Indonesia Perjuangan | E69: 7 | F69: 4 | G69: 10 | H69: 6 | I69: 3 | J69: 22 | K69: 18 | L69: 4 | M69: 6 | N69: 11 | O69: 10 | P69: 6 | Q69: 10 | R69: 13 | S69: 15 | T69: 19 | U69: 6 | V69: 5 | W69: 21 | X69: 5 | Y69: 10 | Z69: 11 | AA69: 6 | AB69: 1 | AC69: 11 | AD69: 12 | AE69: 6 | AF69: 10 | AG69: 20 | AH69: 9 | AI69: 15 | AJ69: 12 | AK69: 18 | AL69: 13 | AM69: 24 | AN69: 10 | AO69: 20 | AP69: 17 | AQ69: 17 | AR69: 12 | AS69: =SUM(E69:AR69) -> 455
A70: A.2 | B70: 1 | C70: 1. SONNY TRI DANAPARAMITA, S.H., M.H. | E70: 5 | F70: 3 | G70: 3 | H70: 8 | I70: 8 | J70: 4 | K70: 6 | L70: 6 | M70: 2 | N70: 7 | O70: 11 | P70: 2 | Q70: 8 | R70: 5 | S70: 2 | T70: 7 | U70: 6 | V70: 1 | W70: 9 | X70: 3 | Y70: 3 | Z70: 5 | AA70: 4 | AB70: 2 | AC70: 2 | AD70: 12 | AE70: 21 | AF70: 50 | AG70: 6 | AH70: 7 | AI70: 9 | AJ70: 13 | AK70: 17 | AL70: 10 | AM70: 11 | AN70: 36 | AO70: 95 | AP70: 16 | AQ70: 15 | AR70: 13 | AS70: =SUM(E70:AR70) -> 453
B71: 2 | C71: 2. H. MOHAMAD GUNTUR ROMLI | E71: 1 | F71: 8 | G71: 2 | H71: 3 | I71: 5 | J71: 9 | K71: 3 | L71: 6 | M71: 4 | N71: 2 | O71: 1 | P71: 2 | Q71: 5 | R71: 3 | S71: 4 | T71: 6 | U71: 4 | V71: 0 | W71: 9 | X71: 0 | Y71: 3 | Z71: 3 | AA71: 0 | AB71: 1 | AC71: 3 | AD71: 2 | AE71: 2 | AF71: 0 | AG71: 9 | AH71: 5 | AI71: 2 | AJ71: 6 | AK71: 2 | AL71: 12 | AM71: 4 | AN71: 5 | AO71: 6 | AP71: 5 | AQ71: 6 | AR71: 3 | AS71: =SUM(E71:AR71) -> 156
B72: 3 | C72: 3. INA AMMANIA | E72: 3 | F72: 12 | G72: 1 | H72: 3 | I72: 6 | J72: 8 | K72: 6 | L72: 7 | M72: 8 | N72: 2 | O72: 5 | P72: 4 | Q72: 4 | R72: 4 | S72: 6 | T72: 16 | U72: 2 | V72: 6 | W72: 4 | X72: 2 | Y72: 7 | Z72: 1 | AA72: 2 | AB72: 0 | AC72: 10 | AD72: 4 | AE72: 18 | AF72: 21 | AG72: 38 | AH72: 25 | AI72: 29 | AJ72: 34 | AK72: 29 | AL72: 13 | AM72: 26 | AN72: 20 | AO72: 7 | AP72: 6 | AQ72: 7 | AR72: 10 | AS72: =SUM(E72:AR72) -> 416
B73: 4 | C73: 4. IRWAN BACHTIAR RACHMAT, M.Si. | E73: 2 | F73: 0 | G73: 1 | H73: 2 | I73: 0 | J73: 1 | K73: 0 | L73: 0 | M73: 1 | N73: 0 | O73: 0 | P73: 0 | Q73: 0 | R73: 1 | S73: 1 | T73: 1 | U73: 1 | V73: 1 | W73: 3 | X73: 0 | Y73: 0 | Z73: 3 | AA73: 0 | AB73: 1 | AC73: 1 | AD73: 0 | AE73: 0 | AF73: 1 | AG73: 0 | AH73: 1 | AI73: 0 | AJ73: 0 | AK73: 2 | AL73: 2 | AM73: 0 | AN73: 1 | AO73: 1 | AP73: 1 | AQ73: 0 | AR73: 1 | AS73: =SUM(E73:AR73) -> 30
B74: 5 | C74: 5. LUCKY PERDANA | E74: 2 | F74: 4 | G74: 5 | H74: 2 | I74: 9 | J74: 3 | K74: 5 | L74: 3 | M74: 4 | N74: 4 | O74: 5 | P74: 1 | Q74: 4 | R74: 3 | S74: 3 | T74: 5 | U74: 1 | V74: 2 | W74: 2 | X74: 2 | Y74: 6 | Z74: 1 | AA74: 1 | AB74: 1 | AC74: 1 | AD74: 4 | AE74: 1 | AF74: 0 | AG74: 2 | AH74: 3 | AI74: 2 | AJ74: 2 | AK74: 2 | AL74: 5 | AM74: 2 | AN74: 3 | AO74: 2 | AP74: 2 | AQ74: 6 | AR74: 0 | AS74: =SUM(E74:AR74) -> 115
B75: 6 | C75: 6. WIWIK PUJIYATI | E75: 1 | F75: 0 | G75: 4 | H75: 1 | I75: 0 | J75: 0 | K75: 3 | L75: 1 | M75: 1 | N75: 3 | O75: 1 | P75: 0 | Q75: 3 | R75: 0 | S75: 0 | T75: 2 | U75: 1 | V75: 2 | W75: 2 | X75: 0 | Y75: 0 | Z75: 2 | AA75: 1 | AB75: 1 | AC75: 2 | AD75: 0 | AE75: 0 | AF75: 1 | AG75: 0 | AH75: 0 | AI75: 1 | AJ75: 0 | AK75: 4 | AL75: 0 | AM75: 1 | AN75: 0 | AO75: 1 | AP75: 3 | AQ75: 0 | AR75: 2 | AS75: =SUM(E75:AR75) -> 44
B76: 7 | C76: 7. CHANDRA ASTAN, S.T. | E76: 0 | F76: 0 | G76: 0 | H76: 1 | I76: 0 | J76: 1 | K76: 1 | L76: 0 | M76: 1 | N76: 1 | O76: 0 | P76: 0 | Q76: 0 | R76: 0 | S76: 0 | T76: 0 | U76: 1 | V76: 0 | W76: 0 | X76: 0 | Y76: 0 | Z76: 0 | AA76: 0 | AB76: 0 | AC76: 1 | AD76: 1 | AE76: 0 | AF76: 0 | AG76: 0 | AH76: 0 | AI76: 1 | AJ76: 1 | AK76: 0 | AL76: 1 | AM76: 0 | AN76: 1 | AO76: 1 | AP76: 3 | AQ76: 1 | AR76: 1 | AS76: =SUM(E76:AR76) -> 18
AS77: =SUM(E77:AR77) -> 0
AS78: =SUM(E78:AR78) -> 0
A79: B | B79: JUMLAH SUARA SAH PARTAI POLITIK DAN CALON (A1 + A2) | E79: =SUM(E69:E78) -> 21 | F79: =SUM(F69:F78) -> 31 | G79: =SUM(G69:G78) -> 26 | H79: =SUM(H69:H78) -> 26 | I79: =SUM(I69:I78) -> 31 | J79: =SUM(J69:J78) -> 48 | K79: =SUM(K69:K78) -> 42 | L79: =SUM(L69:L78) -> 27 | ... AS79: =SUM(AS69:AS78) -> 1687
A81: A.1 | B81: 4. | C81: Partai Golongan Karya | E81: 3 | F81: 7 | G81: 10 | H81: 6 | I81: 3 | J81: 1 | K81: 1 | L81: 4 | M81: 5 | N81: 5 | O81: 6 | P81: 6 | Q81: 3 | R81: 2 | S81: 7 | T81: 6 | U81: 4 | V81: 5 | W81: 9 | X81: 2 | Y81: 2 | Z81: 3 | AA81: 5 | AB81: 1 | AC81: 1 | AD81: 4 | AE81: 1 | AF81: 2 | AG81: 2 | AH81: 5 | AI81: 3 | AJ81: 4 | AK81: 4 | AL81: 1 | AM81: 3 | AN81: 5 | AO81: 5 | AP81: 3 | AQ81: 4 | AR81: 0 | AS81: =SUM(E81:AR81) -> 153
A82: A.2 | B82: 1 | C82: 1. ZULFIKAR ARSE SADIKIN, S.I.P., M.Si. | E82: 7 | F82: 6 | G82: 3 | H82: 6 | I82: 4 | J82: 0 | K82: 7 | L82: 81 | M82: 22 | N82: 8 | O82: 20 | P82: 4 | Q82: 2 | R82: 3 | S82: 24 | T82: 13 | U82: 1 | V82: 4 | W82: 6 | X82: 5 | Y82: 4 | Z82: 4 | AA82: 12 | AB82: 0 | AC82: 12 | AD82: 4 | AE82: 4 | AF82: 7 | AG82: 7 | AH82: 12 | AI82: 0 | AJ82: 1 | AK82: 7 | AL82: 3 | AM82: 2 | AN82: 6 | AO82: 3 | AP82: 1 | AQ82: 5 | AR82: 0 | AS82: =SUM(E82:AR82) -> 320
B83: 2 | C83: 2. HANDOKO | E83: 5 | F83: 5 | G83: 2 | H83: 1 | I83: 4 | J83: 6 | K83: 0 | L83: 6 | M83: 7 | N83: 2 | O83: 2 | P83: 0 | Q83: 6 | R83: 1 | S83: 3 | T83: 1 | U83: 1 | V83: 0 | W83: 0 | X83: 3 | Y83: 1 | Z83: 2 | AA83: 2 | AB83: 1 | AC83: 1 | AD83: 0 | AE83: 1 | AF83: 0 | AG83: 0 | AH83: 0 | AI83: 1 | AJ83: 0 | AK83: 2 | AL83: 1 | AM83: 0 | AN83: 1 | AO83: 1 | AP83: 5 | AQ83: 4 | AR83: 2 | AS83: =SUM(E83:AR83) -> 80
B84: 3 | C84: 3. Hj. OVI DEWI YANTI | E84: 0 | F84: 0 | G84: 0 | H84: 0 | I84: 3 | J84: 3 | K84: 0 | L84: 0 | M84: 3 | N84: 1 | O84: 0 | P84: 0 | Q84: 1 | R84: 1 | S84: 0 | T84: 0 | U84: 0 | V84: 0 | W84: 0 | X84: 0 | Y84: 1 | Z84: 1 | AA84: 0 | AB84: 0 | AC84: 2 | AD84: 0 | AE84: 1 | AF84: 2 | AG84: 0 | AH84: 0 | AI84: 0 | AJ84: 2 | AK84: 0 | AL84: 1 | AM84: 1 | AN84: 0 | AO84: 2 | AP84: 0 | AQ84: 0 | AR84: 1 | AS84: =SUM(E84:AR84) -> 26
B85: 4 | C85: 4. Ir. AZAM AZMAN NATAWIJANA | E85: 0 | F85: 0 | G85: 1 | H85: 0 | I85: 1 | J85: 2 | K85: 1 | L85: 0 | M85: 3 | N85: 1 | O85: 0 | P85: 0 | Q85: 1 | R85: 0 | S85: 0 | T85: 0 | U85: 0 | V85: 2 | W85: 0 | X85: 0 | Y85: 2 | Z85: 0 | AA85: 0 | AB85: 0 | AC85: 4 | AD85: 0 | AE85: 0 | AF85: 0 | AG85: 0 | AH85: 0 | AI85: 0 | AJ85: 0 | AK85: 0 | AL85: 0 | AM85: 0 | AN85: 1 | AO85: 0 | AP85: 0 | AQ85: 1 | AR85: 1 | AS85: =SUM(E85:AR85) -> 21
B86: 5 | C86: 5. UBAIDILLAH AMIN, S.Kom. | E86: 0 | F86: 0 | G86: 0 | H86: 2 | I86: 1 | J86: 0 | K86: 1 | L86: 0 | M86: 0 | N86: 0 | O86: 0 | P86: 1 | Q86: 0 | R86: 1 | S86: 1 | T86: 0 | U86: 0 | V86: 0 | W86: 2 | X86: 0 | Y86: 1 | Z86: 0 | AA86: 1 | AB86: 0 | AC86: 2 | AD86: 0 | AE86: 2 | AF86: 0 | AG86: 0 | AH86: 1 | AI86: 1 | AJ86: 0 | AK86: 1 | AL86: 0 | AM86: 0 | AN86: 0 | AO86: 0 | AP86: 0 | AQ86: 0 | AR86: 0 | AS86: =SUM(E86:AR86) -> 18
B87: 6 | C87: 6. DENNY YUNIANDARI, S.H., M.Kn. | E87: 0 | F87: 0 | G87: 0 | H87: 0 | I87: 0 | J87: 0 | K87: 0 | L87: 1 | M87: 1 | N87: 0 | O87: 0 | P87: 1 | Q87: 0 | R87: 1 | S87: 1 | T87: 0 | U87: 1 | V87: 0 | W87: 0 | X87: 0 | Y87: 0 | Z87: 0 | AA87: 0 | AB87: 0 | AC87: 1 | AD87: 0 | AE87: 2 | AF87: 0 | AG87: 0 | AH87: 0 | AI87: 0 | AJ87: 0 | AK87: 2 | AL87: 1 | AM87: 0 | AN87: 0 | AO87: 1 | AP87: 0 | AQ87: 0 | AR87: 0 | AS87: =SUM(E87:AR87) -> 13
B88: 7 | C88: 7. ERNADI, S.H.I. | E88: 0 | F88: 0 | G88: 0 | H88: 0 | I88: 0 | J88: 1 | K88: 0 | L88: 0 | M88: 0 | N88: 0 | O88: 0 | P88: 0 | Q88: 0 | R88: 0 | S88: 0 | T88: 0 | U88: 0 | V88: 0 | W88: 0 | X88: 0 | Y88: 0 | Z88: 0 | AA88: 0 | AB88: 0 | AC88: 0 | AD88: 0 | AE88: 0 | AF88: 0 | AG88: 0 | AH88: 0 | AI88: 0 | AJ88: 0 | AK88: 0 | AL88: 0 | AM88: 0 | AN88: 0 | AO88: 0 | AP88: 0 | AQ88: 0 | AR88: 0 | AS88: =SUM(E88:AR88) -> 1
AS89: =SUM(E89:AR89) -> 0
AS90: =SUM(E90:AR90) -> 0
A91: B | B91: JUMLAH SUARA SAH PARTAI POLITIK DAN CALON (A1 + A2) | E91: =SUM(E81:E90) -> 15 | F91: =SUM(F81:F90) -> 18 | G91: =SUM(G81:G90) -> 16 | H91: =SUM(H81:H90) -> 15 | I91: =SUM(I81:I90) -> 16 | J91: =SUM(J81:J90) -> 13 | K91: =SUM(K81:K90) -> 10 | L91: =SUM(L81:L90) -> 92 | ... AS91: =SUM(AS81:AS90) -> 632
A93: A.1 | B93: 5. | C93: Partai NasDem | E93: 2 | F93: 0 | G93: 5 | H93: 1 | I93: 2 | J93: 2 | K93: 0 | L93: 5 | M93: 3 | N93: 8 | O93: 5 | P93: 6 | Q93: 4 | R93: 2 | S93: 2 | T93: 0 | U93: 1 | V93: 0 | W93: 4 | X93: 1 | Y93: 1 | Z93: 3 | AA93: 3 | AB93: 1 | AC93: 1 | AD93: 3 | AE93: 3 | AF93: 5 | AG93: 6 | AH93: 12 | AI93: 2 | AJ93: 11 | AK93: 3 | AL93: 2 | AM93: 5 | AN93: 2 | AO93: 1 | AP93: 6 | AQ93: 1 | AR93: 2 | AS93: =SUM(E93:AR93) -> 126
A94: A.2 | B94: 1 | C94: 1. ACH. FADIL MUZAKKI SYAH | E94: 0 | F94: 0 | G94: 2 | H94: 1 | I94: 0 | J94: 0 | K94: 2 | L94: 1 | M94: 2 | N94: 0 | O94: 3 | P94: 0 | Q94: 1 | R94: 0 | S94: 0 | T94: 0 | U94: 0 | V94: 3 | W94: 0 | X94: 0 | Y94: 0 | Z94: 0 | AA94: 2 | AB94: 1 | AC94: 0 | AD94: 0 | AE94: 2 | AF94: 1 | AG94: 1 | AH94: 3 | AI94: 6 | AJ94: 6 | AK94: 2 | AL94: 2 | AM94: 4 | AN94: 1 | AO94: 3 | AP94: 6 | AQ94: 1 | AR94: 0 | AS94: =SUM(E94:AR94) -> 56
B95: 2 | C95: 2. BENY | E95: 5 | F95: 0 | G95: 0 | H95: 0 | I95: 0 | J95: 1 | K95: 1 | L95: 2 | M95: 3 | N95: 0 | O95: 2 | P95: 6 | Q95: 1 | R95: 0 | S95: 0 | T95: 0 | U95: 0 | V95: 2 | W95: 0 | X95: 1 | Y95: 0 | Z95: 0 | AA95: 0 | AB95: 1 | AC95: 0 | AD95: 0 | AE95: 0 | AF95: 1 | AG95: 0 | AH95: 0 | AI95: 0 | AJ95: 2 | AK95: 1 | AL95: 1 | AM95: 1 | AN95: 1 | AO95: 0 | AP95: 1 | AQ95: 1 | AR95: 2 | AS95: =SUM(E95:AR95) -> 36
B96: 3 | C96: 3. VINA VERONIKA | E96: 2 | F96: 0 | G96: 0 | H96: 0 | I96: 0 | J96: 0 | K96: 1 | L96: 0 | M96: 0 | N96: 0 | O96: 1 | P96: 1 | Q96: 1 | R96: 0 | S96: 0 | T96: 0 | U96: 0 | V96: 0 | W96: 0 | X96: 0 | Y96: 0 | Z96: 0 | AA96: 0 | AB96: 0 | AC96: 0 | AD96: 0 | AE96: 0 | AF96: 0 | AG96: 0 | AH96: 0 | AI96: 0 | AJ96: 1 | AK96: 0 | AL96: 0 | AM96: 0 | AN96: 0 | AO96: 0 | AP96: 1 | AQ96: 1 | AR96: 0 | AS96: =SUM(E96:AR96) -> 9
B97: 4 | C97: 4. TEDDY ANUGRIANTO | E97: 13 | F97: 9 | G97: 20 | H97: 17 | I97: 32 | J97: 15 | K97: 17 | L97: 7 | M97: 23 | N97: 15 | O97: 21 | P97: 17 | Q97: 21 | R97: 97 | S97: 21 | T97: 10 | U97: 79 | V97: 32 | W97: 15 | X97: 32 | Y97: 23 | Z97: 31 | AA97: 99 | AB97: 68 | AC97: 12 | AD97: 36 | AE97: 16 | AF97: 17 | AG97: 3 | AH97: 11 | AI97: 23 | AJ97: 19 | AK97: 14 | AL97: 23 | AM97: 21 | AN97: 11 | AO97: 3 | AP97: 76 | AQ97: 12 | AR97: 6 | AS97: =SUM(E97:AR97) -> 1037
B98: 5 | C98: 5. INSAN KAMIL | E98: 0 | F98: 0 | G98: 0 | H98: 0 | I98: 0 | J98: 0 | K98: 1 | L98: 0 | M98: 0 | N98: 1 | O98: 0 | P98: 1 | Q98: 0 | R98: 0 | S98: 0 | T98: 0 | U98: 0 | V98: 0 | W98: 1 | X98: 0 | Y98: 0 | Z98: 0 | AA98: 0 | AB98: 0 | AC98: 0 | AD98: 0 | AE98: 0 | AF98: 1 | AG98: 0 | AH98: 0 | AI98: 0 | AJ98: 1 | AK98: 0 | AL98: 0 | AM98: 0 | AN98: 0 | AO98: 2 | AP98: 1 | AQ98: 0 | AR98: 1 | AS98: =SUM(E98:AR98) -> 10
B99: 6 | C99: 6. LILIK LINDARWATI | E99: 0 | F99: 0 | G99: 0 | H99: 0 | I99: 0 | J99: 0 | K99: 0 | L99: 0 | M99: 0 | N99: 0 | O99: 0 | P99: 1 | Q99: 0 | R99: 0 | S99: 0 | T99: 0 | U99: 0 | V99: 0 | W99: 0 | X99: 0 | Y99: 0 | Z99: 0 | AA99: 0 | AB99: 0 | AC99: 0 | AD99: 0 | AE99: 1 | AF99: 0 | AG99: 0 | AH99: 0 | AI99: 0 | AJ99: 0 | AK99: 0 | AL99: 0 | AM99: 0 | AN99: 0 | AO99: 0 | AP99: 0 | AQ99: 0 | AR99: 0 | AS99: =SUM(E99:AR99) -> 2
B100: 7 | C100: 7. YULI ANITA | E100: 0 | F100: 0 | G100: 0 | H100: 0 | I100: 0 | J100: 0 | K100: 0 | L100: 0 | M100: 0 | N100: 0 | O100: 0 | P100: 0 | Q100: 0 | R100: 0 | S100: 0 | T100: 0 | U100: 0 | V100: 0 | W100: 0 | X100: 0 | Y100: 0 | Z100: 0 | AA100: 0 | AB100: 0 | AC100: 0 | AD100: 0 | AE100: 0 | AF100: 0 | AG100: 0 | AH100: 1 | AI100: 0 | AJ100: 1 | AK100: 1 | AL100: 0 | AM100: 0 | AN100: 0 | AO100: 0 | AP100: 0 | AQ100: 0 | AR100: 0 | AS100: =SUM(E100:AR100) -> 3
AS101: =SUM(E101:AR101) -> 0
AS102: =SUM(E102:AR102) -> 0
A103: B | B103: JUMLAH SUARA SAH PARTAI POLITIK DAN CALON (A1 + A2) | E103: =SUM(E93:E102) -> 22 | F103: =SUM(F93:F102) -> 9 | G103: =SUM(G93:G102) -> 27 | H103: =SUM(H93:H102) -> 19 | I103: =SUM(I93:I102) -> 34 | J103: =SUM(J93:J102) -> 18 | K103: =SUM(K93:K102) -> 22 | L103: =SUM(L93:L102) -> 15 | ... AS103: =SUM(AS93:AS102) -> 1279
A105: A.1 | B105: 6. | C105: Partai Buruh | E105: 4 | F105: 1 | G105: 0 | H105: 0 | I105: 1 | J105: 1 | K105: 0 | L105: 0 | M105: 0 | N105: 0 | O105: 0 | P105: 1 | Q105: 0 | R105: 0 | S105: 0 | T105: 0 | U105: 0 | V105: 0 | W105: 1 | X105: 0 | Y105: 0 | Z105: 0 | AA105: 1 | AB105: 0 | AC105: 2 | AD105: 1 | AE105: 0 | AF105: 0 | AG105: 0 | AH105: 1 | AI105: 1 | AJ105: 1 | AK105: 1 | AL105: 0 | AM105: 0 | AN105: 1 | AO105: 1 | AP105: 0 | AQ105: 2 | AR105: 0 | AS105: =SUM(E105:AR105) -> 21
A106: A.2 | B106: 1 | C106: 1. KHOIRUL ANAM | E106: 0 | F106: 0 | G106: 1 | H106: 0 | I106: 0 | J106: 0 | K106: 1 | L106: 0 | M106: 0 | N106: 0 | O106: 0 | P106: 0 | Q106: 0 | R106: 0 | S106: 0 | T106: 0 | U106: 0 | V106: 0 | W106: 0 | X106: 0 | Y106: 0 | Z106: 0 | AA106: 0 | AB106: 0 | AC106: 1 | AD106: 0 | AE106: 0 | AF106: 0 | AG106: 1 | AH106: 1 | AI106: 0 | AJ106: 1 | AK106: 0 | AL106: 0 | AM106: 1 | AN106: 2 | AO106: 1 | AP106: 0 | AQ106: 0 | AR106: 0 | AS106: =SUM(E106:AR106) -> 10
B107: 2 | C107: 2. INA KURNIA | E107: 1 | F107: 1 | G107: 1 | H107: 0 | I107: 0 | J107: 1 | K107: 0 | L107: 0 | M107: 0 | N107: 0 | O107: 0 | P107: 0 | Q107: 0 | R107: 0 | S107: 0 | T107: 0 | U107: 0 | V107: 0 | W107: 0 | X107: 0 | Y107: 0 | Z107: 1 | AA107: 0 | AB107: 1 | AC107: 0 | AD107: 1 | AE107: 0 | AF107: 0 | AG107: 0 | AH107: 0 | AI107: 0 | AJ107: 2 | AK107: 0 | AL107: 0 | AM107: 1 | AN107: 0 | AO107: 0 | AP107: 0 | AQ107: 0 | AR107: 0 | AS107: =SUM(E107:AR107) -> 10
B108: 3 | C108: 3. JIBRAL TAROUK | E108: 0 | F108: 0 | G108: 0 | H108: 0 | I108: 1 | J108: 0 | K108: 0 | L108: 0 | M108: 0 | N108: 0 | O108: 0 | P108: 0 | Q108: 1 | R108: 0 | S108: 0 | T108: 0 | U108: 0 | V108: 0 | W108: 0 | X108: 0 | Y108: 0 | Z108: 0 | AA108: 0 | AB108: 0 | AC108: 0 | AD108: 0 | AE108: 0 | AF108: 0 | AG108: 0 | AH108: 0 | AI108: 0 | AJ108: 0 | AK108: 0 | AL108: 0 | AM108: 0 | AN108: 0 | AO108: 0 | AP108: 1 | AQ108: 0 | AR108: 0 | AS108: =SUM(E108:AR108) -> 3
B109: 4 | C109: 4. ASTUTI DAENG PUJI | E109: 0 | F109: 0 | G109: 0 | H109: 0 | I109: 0 | J109: 0 | K109: 0 | L109: 0 | M109: 0 | N109: 1 | O109: 0 | P109: 0 | Q109: 0 | R109: 0 | S109: 0 | T109: 0 | U109: 0 | V109: 0 | W109: 0 | X109: 0 | Y109: 0 | Z109: 1 | AA109: 0 | AB109: 0 | AC109: 0 | AD109: 0 | AE109: 0 | AF109: 0 | AG109: 0 | AH109: 0 | AI109: 0 | AJ109: 0 | AK109: 0 | AL109: 0 | AM109: 0 | AN109: 0 | AO109: 0 | AP109: 0 | AQ109: 0 | AR109: 1 | AS109: =SUM(E109:AR109) -> 3
B110: 5 | C110: 5. ASDARMAWAN | E110: 0 | F110: 0 | G110: 0 | H110: 0 | I110: 0 | J110: 0 | K110: 0 | L110: 0 | M110: 0 | N110: 0 | O110: 0 | P110: 0 | Q110: 0 | R110: 0 | S110: 0 | T110: 0 | U110: 0 | V110: 0 | W110: 0 | X110: 0 | Y110: 0 | Z110: 0 | AA110: 0 | AB110: 0 | AC110: 0 | AD110: 0 | AE110: 0 | AF110: 0 | AG110: 0 | AH110: 0 | AI110: 0 | AJ110: 0 | AK110: 0 | AL110: 0 | AM110: 0 | AN110: 0 | AO110: 0 | AP110: 0 | AQ110: 0 | AR110: 0 | AS110: =SUM(E110:AR110) -> 0
B111: 6 | C111: 6. RIFQI MUBAROK | E111: 0 | F111: 0 | G111: 0 | H111: 0 | I111: 1 | J111: 0 | K111: 0 | L111: 0 | M111: 0 | N111: 1 | O111: 0 | P111: 0 | Q111: 0 | R111: 0 | S111: 0 | T111: 0 | U111: 0 | V111: 0 | W111: 0 | X111: 0 | Y111: 0 | Z111: 0 | AA111: 0 | AB111: 0 | AC111: 0 | AD111: 0 | AE111: 0 | AF111: 0 | AG111: 0 | AH111: 0 | AI111: 0 | AJ111: 0 | AK111: 0 | AL111: 0 | AM111: 0 | AN111: 0 | AO111: 0 | AP111: 1 | AQ111: 0 | AR111: 0 | AS111: =SUM(E111:AR111) -> 3
B112: 7 | C112: 7. FIRNANDA ALTA MEGA | E112: 0 | F112: 0 | G112: 0 | H112: 0 | I112: 0 | J112: 0 | K112: 0 | L112: 0 | M112: 0 | N112: 0 | O112: 0 | P112: 0 | Q112: 0 | R112: 0 | S112: 0 | T112: 0 | U112: 0 | V112: 0 | W112: 0 | X112: 0 | Y112: 0 | Z112: 0 | AA112: 0 | AB112: 0 | AC112: 0 | AD112: 0 | AE112: 0 | AF112: 0 | AG112: 0 | AH112: 0 | AI112: 0 | AJ112: 0 | AK112: 0 | AL112: 0 | AM112: 0 | AN112: 0 | AO112: 0 | AP112: 0 | AQ112: 0 | AR112: 0 | AS112: =SUM(E112:AR112) -> 0
AS113: =SUM(E113:AR113) -> 0
AS114: =SUM(E114:AR114) -> 0
A115: B | B115: JUMLAH SUARA SAH PARTAI POLITIK DAN CALON (A1 + A2) | E115: =SUM(E105:E114) -> 5 | F115: =SUM(F105:F114) -> 2 | G115: =SUM(G105:G114) -> 2 | H115: =SUM(H105:H114) -> 0 | I115: =SUM(I105:I114) -> 3 | J115: =SUM(J105:J114) -> 2 | K115: =SUM(K105:K114) -> 1 | L115: =SUM(L105:L114) -> 0 | ... AS115: =SUM(AS105:AS114) -> 50
A117: A.1 | B117: 7. | C117: Partai Gelombang Rakyat Indonesia | E117: 1 | F117: 1 | G117: 0 | H117: 0 | I117: 0 | J117: 3 | K117: 0 | L117: 0 | M117: 1 | N117: 1 | O117: 0 | P117: 4 | Q117: 2 | R117: 0 | S117: 3 | T117: 0 | U117: 0 | V117: 0 | W117: 0 | X117: 1 | Y117: 0 | Z117: 0 | AA117: 0 | AB117: 0 | AC117: 2 | AD117: 1 | AE117: 1 | AF117: 0 | AG117: 1 | AH117: 0 | AI117: 1 | AJ117: 0 | AK117: 1 | AL117: 0 | AM117: 0 | AN117: 1 | AO117: 0 | AP117: 1 | AQ117: 0 | AR117: 1 | AS117: =SUM(E117:AR117) -> 27
...

Sheet SUKONATAR
C2: Kecamatan | D2: SRONO
C3: Kabupaten | D3: BANYUWANGI
C4: Provinsi | D4: JAWA TIMUR
C9: Kelurahan | D9: SUKONATAR
A12: I | B12: DATA PEMILIH DAN PENGGUNAAN HAK PILIH | T12: JUMLAH AKHIR
A13: A | B13: DATA PEMILIH | E13: TPS 001 | F13: TPS 002 | G13: TPS 003 | H13: TPS 004 | I13: TPS 005 | J13: TPS 006 | K13: TPS 007 | L13: TPS 008 | M13: TPS 009 | N13: TPS 010 | O13: TPS 011 | P13: TPS 012 | Q13: TPS 013 | R13: TPS 014 | S13: TPS 015
B14: Jumlah Pemilih dalam Daftar Pemilih Tetap (DPT) | D14: LK | E14: 142 | F14: 143 | G14: 145 | H14: 130 | I14: 120 | J14: 146 | K14: 134 | L14: 155 | M14: 125 | N14: 127 | O14: 119 | P14: 145 | Q14: 128 | R14: 139 | S14: 136 | T14: =SUM(E14:S14) -> 2034
D15: PR | E15: 138 | F15: 138 | G15: 141 | H15: 118 | I15: 145 | J15: 140 | K15: 132 | L15: 130 | M15: 148 | N15: 124 | O15: 124 | P15: 141 | Q15: 145 | R15: 143 | S15: 137 | T15: =SUM(E15:S15) -> 2044
D16: JML | E16: =SUM(E14:E15) -> 280 | F16: =SUM(F14:F15) -> 281 | G16: =SUM(G14:G15) -> 286 | H16: =SUM(H14:H15) -> 248 | I16: =SUM(I14:I15) -> 265 | J16: =SUM(J14:J15) -> 286 | K16: =SUM(K14:K15) -> 266 | L16: =SUM(L14:L15) -> 285 | ... S16: =SUM(S14:S15) -> 273 | T16: =SUM(E16:S16) -> 4078
A18: B | B18: PENGGUNA HAK PILIH
B19: 1. | C19: Jumlah pengguna hak pilih dalam Daftar Pemilih Tetap (DPT) | D19: LK | E19: 103 | F19: 97 | G19: 92 | H19: 90 | I19: 88 | J19: 116 | K19: 109 | L19: 109 | M19: 94 | N19: 90 | O19: 90 | P19: 114 | Q19: 102 | R19: 105 | S19: 94 | T19: =SUM(E19:S19) -> 1493
D20: PR | E20: 118 | F20: 111 | G20: 110 | H20: 80 | I20: 117 | J20: 112 | K20: 107 | L20: 106 | M20: 113 | N20: 102 | O20: 94 | P20: 122 | Q20: 125 | R20: 118 | S20: 107 | T20: =SUM(E20:S20) -> 1642
D21: JML | E21: =SUM(E19:E20) -> 221 | F21: =SUM(F19:F20) -> 208 | G21: =SUM(G19:G20) -> 202 | H21: =SUM(H19:H20) -> 170 | I21: =SUM(I19:I20) -> 205 | J21: =SUM(J19:J20) -> 228 | K21: =SUM(K19:K20) -> 216 | L21: =SUM(L19:L20) -> 215 | ... S21: =SUM(S19:S20) -> 201 | T21: =SUM(E21:S21) -> 3135
B22: 2. | C22: Jumlah pengguna hak pilih dalam Daftar Pemilih Tambahan (DPTb) | D22: LK | E22: 0 | F22: 0 | G22: 0 | H22: 0 | I22: 0 | J22: 0 | K22: 0 | L22: 0 | M22: 0 | N22: 0 | O22: 0 | P22: 0 | Q22: 0 | R22: 0 | S22: 0 | T22: =SUM(E22:S22) -> 0
D23: PR | E23: 0 | F23: 0 | G23: 0 | H23: 0 | I23: 0 | J23: 0 | K23: 0 | L23: 0 | M23: 0 | N23: 0 | O23: 0 | P23: 0 | Q23: 0 | R23: 0 | S23: 0 | T23: =SUM(E23:S23) -> 0
D24: JML | E24: =SUM(E22:E23) -> 0 | F24: =SUM(F22:F23) -> 0 | G24: =SUM(G22:G23) -> 0 | H24: =SUM(H22:H23) -> 0 | I24: =SUM(I22:I23) -> 0 | J24: =SUM(J22:J23) -> 0 | K24: =SUM(K22:K23) -> 0 | L24: =SUM(L22:L23) -> 0 | ... S24: =SUM(S22:S23) -> 0 | T24: =SUM(E24:S24) -> 0
B25: 3. | C25: Jumlah pengguna hak pilih dalam Daftar Pemilih Khusus (DPK) | D25: LK | E25: 2 | F25: 0 | G25: 1 | H25: 0 | I25: 0 | J25: 0 | K25: 1 | L25: 0 | M25: 2 | N25: 0 | O25: 0 | P25: 0 | Q25: 0 | R25: 1 | S25: 0 | T25: =SUM(E25:S25) -> 7
D26: PR | E26: 3 | F26: 0 | G26: 1 | H26: 1 | I26: 0 | J26: 0 | K26: 1 | L26: 0 | M26: 2 | N26: 0 | O26: 0 | P26: 0 | Q26: 0 | R26: 1 | S26: 1 | T26: =SUM(E26:S26) -> 10
D27: JML | E27: =SUM(E25:E26) -> 5 | F27: =SUM(F25:F26) -> 0 | G27: =SUM(G25:G26) -> 2 | H27: =SUM(H25:H26) -> 1 | I27: =SUM(I25:I26) -> 0 | J27: =SUM(J25:J26) -> 0 | K27: =SUM(K25:K26) -> 2 | L27: =SUM(L25:L26) -> 0 | ... S27: =SUM(S25:S26) -> 1 | T27: =SUM(E27:S27) -> 17
B28: 4. | C28: Jumlah Pengguna Hak Pilih (B.1+B.2+B.3) | D28: LK | E28: =SUM(E19,E22,E25) -> 105 | F28: =SUM(F19,F22,F25) -> 97 | G28: =SUM(G19,G22,G25) -> 93 | H28: =SUM(H19,H22,H25) -> 90 | I28: =SUM(I19,I22,I25) -> 88 | J28: =SUM(J19,J22,J25) -> 116 | K28: =SUM(K19,K22,K25) -> 110 | L28: =SUM(L19,L22,L25) -> 109 | ... S28: =SUM(S19,S22,S25) -> 94 | T28: =SUM(E28:S28) -> 1500
D29: PR | E29: =SUM(E20,E23,E26) -> 121 | F29: =SUM(F20,F23,F26) -> 111 | G29: =SUM(G20,G23,G26) -> 111 | H29: =SUM(H20,H23,H26) -> 81 | I29: =SUM(I20,I23,I26) -> 117 | J29: =SUM(J20,J23,J26) -> 112 | K29: =SUM(K20,K23,K26) -> 108 | L29: =SUM(L20,L23,L26) -> 106 | ... S29: =SUM(S20,S23,S26) -> 108 | T29: =SUM(E29:S29) -> 1652
D30: JML | E30: =SUM(E28:E29) -> 226 | F30: =SUM(F28:F29) -> 208 | G30: =SUM(G28:G29) -> 204 | H30: =SUM(H28:H29) -> 171 | I30: =SUM(I28:I29) -> 205 | J30: =SUM(J28:J29) -> 228 | K30: =SUM(K28:K29) -> 218 | L30: =SUM(L28:L29) -> 215 | ... S30: =SUM(S28:S29) -> 202 | T30: =SUM(E30:S30) -> 3152
A32: II | B32: DATA PENGGUNAAN SURAT SUARA
A33: 1 | B33: Jumlah surat suara yang diterima, termasuk surat suara cadangan 2,5% dari DPT | E33: 286 | F33: 287 | G33: 293 | H33: 253 | I33: 271 | J33: 292 | K33: 270 | L33: 291 | M33: 283 | N33: 256 | O33: 247 | P33: 292 | Q33: 278 | R33: 288 | S33: 279 | T33: =SUM(E33:S33) -> 4166
A34: 2 | B34: Jumlah surat suara yang digunakan | E34: 226 | F34: 208 | G34: 204 | H34: 171 | I34: 205 | J34: 228 | K34: 218 | L34: 215 | M34: 211 | N34: 192 | O34: 184 | P34: 236 | Q34: 227 | R34: 225 | S34: 202 | T34: =SUM(E34:S34) -> 3152
A35: 3 | B35: Jumlah surat suara dikembalikan oleh pemilih (karena rusak atau keliru coblos) | E35: 0 | F35: 0 | G35: 0 | H35: 0 | I35: 1 | J35: 0 | K35: 0 | L35: 0 | M35: 1 | N35: 0 | O35: 0 | P35: 0 | Q35: 0 | R35: 0 | S35: 0 | T35: =SUM(E35:S35) -> 2
A36: 4 | B36: Jumlah surat suara yang tidak digunakan/tidak terpakai, termasuk sisa surat suara cadangan | E36: =E33-(E34+E35) -> 60 | F36: =F33-(F34+F35) -> 79 | G36: =G33-(G34+G35) -> 89 | H36: =H33-(H34+H35) -> 82 | I36: =I33-(I34+I35) -> 65 | J36: =J33-(J34+J35) -> 64 | K36: =K33-(K34+K35) -> 52 | L36: =L33-(L34+L35) -> 76 | ... S36: =S33-(S34+S35) -> 77 | T36: =SUM(E36:S36) -> 1012
A38: III | B38: DATA PEMILIH DISABILITAS
B39: Jumlah seluruh Pemilih disabilitas yang menggunakan hak pilih | D39: LK | E39: 0 | F39: 0 | G39: 0 | H39: 0 | I39: 0 | J39: 0 | K39: 0 | L39: 0 | M39: 0 | N39: 2 | O39: 0 | P39: 0 | Q39: 0 | R39: 0 | S39: 0 | T39: =SUM(E39:S39) -> 2
D40: PR | E40: 0 | F40: 0 | G40: 0 | H40: 0 | I40: 0 | J40: 0 | K40: 0 | L40: 0 | M40: 0 | N40: 2 | O40: 0 | P40: 0 | Q40: 0 | R40: 0 | S40: 0 | T40: =SUM(E40:S40) -> 2
D41: JML | E41: =SUM(E39:E40) -> 0 | F41: =SUM(F39:F40) -> 0 | G41: =SUM(G39:G40) -> 0 | H41: =SUM(H39:H40) -> 0 | I41: =SUM(I39:I40) -> 0 | J41: =SUM(J39:J40) -> 0 | K41: =SUM(K39:K40) -> 0 | L41: =SUM(L39:L40) -> 0 | ... S41: =SUM(S39:S40) -> 0 | T41: =SUM(E41:S41) -> 4
A43: IV | B43: DATA RINCIAN PEROLEHAN SUARA PASANGAN CALON BUPATI DAN WAKIL BUPATI
A44: NOMOR DAN NAMA CALON
A45: A.1 | B45: 1. | C45: Partai Kebangkitan Bangsa | E45: 13 | F45: 5 | G45: 3 | H45: 3 | I45: 2 | J45: 3 | K45: 5 | L45: 3 | M45: 5 | N45: 16 | O45: 8 | P45: 14 | Q45: 11 | R45: 10 | S45: 7 | T45: =SUM(E45:S45) -> 108
A46: A.2 | B46: 1 | C46: 1. Dr. Hj. NIHAYATUL WAFIROH, M.A. | E46: 14 | F46: 22 | G46: 9 | H46: 2 | I46: 13 | J46: 16 | K46: 10 | L46: 13 | M46: 15 | N46: 34 | O46: 53 | P46: 76 | Q46: 41 | R46: 57 | S46: 17 | T46: =SUM(E46:S46) -> 392
B47: 2 | C47: 2. H. M. NASIM KHAN | E47: 2 | F47: 4 | G47: 2 | H47: 0 | I47: 3 | J47: 3 | K47: 0 | L47: 1 | M47: 0 | N47: 1 | O47: 5 | P47: 5 | Q47: 5 | R47: 1 | S47: 3 | T47: =SUM(E47:S47) -> 35
B48: 3 | C48: 3. Dr. H. AKIK ZAMAN, M.Pd.I. | E48: 1 | F48: 0 | G48: 1 | H48: 1 | I48: 1 | J48: 0 | K48: 0 | L48: 2 | M48: 0 | N48: 1 | O48: 1 | P48: 1 | Q48: 2 | R48: 0 | S48: 0 | T48: =SUM(E48:S48) -> 11
B49: 4 | C49: 4. AHMAD RIFA'I, S.H. | E49: 0 | F49: 2 | G49: 0 | H49: 0 | I49: 0 | J49: 2 | K49: 1 | L49: 1 | M49: 0 | N49: 1 | O49: 1 | P49: 1 | Q49: 0 | R49: 1 | S49: 1 | T49: =SUM(E49:S49) -> 11
B50: 5 | C50: 5. Drs. H. MAHFUD M.N. | E50: 0 | F50: 1 | G50: 1 | H50: 0 | I50: 0 | J50: 0 | K50: 1 | L50: 0 | M50: 1 | N50: 3 | O50: 2 | P50: 0 | Q50: 0 | R50: 0 | S50: 0 | T50: =SUM(E50:S50) -> 9
B51: 6 | C51: 6. NURHAYATI, S.Pd. | E51: 0 | F51: 0 | G51: 0 | H51: 0 | I51: 0 | J51: 1 | K51: 0 | L51: 0 | M51: 0 | N51: 0 | O51: 0 | P51: 0 | Q51: 0 | R51: 0 | S51: 1 | T51: =SUM(E51:S51) -> 2
B52: 7 | C52: 7. MAFTUHA KISWAH | E52: 0 | F52: 0 | G52: 0 | H52: 0 | I52: 0 | J52: 0 | K52: 0 | L52: 0 | M52: 1 | N52: 0 | O52: 0 | P52: 0 | Q52: 0 | R52: 0 | S52: 0 | T52: =SUM(E52:S52) -> 1
T53: =SUM(E53:S53) -> 0
T54: =SUM(E54:S54) -> 0
A55: B | B55: JUMLAH SUARA SAH PARTAI POLITIK DAN CALON (A1 + A2) | E55: =SUM(E45:E54) -> 30 | F55: =SUM(F45:F54) -> 34 | G55: =SUM(G45:G54) -> 16 | H55: =SUM(H45:H54) -> 6 | I55: =SUM(I45:I54) -> 19 | J55: =SUM(J45:J54) -> 25 | K55: =SUM(K45:K54) -> 17 | L55: =SUM(L45:L54) -> 20 | ... T55: =SUM(T45:T54) -> 569
A57: A.1 | B57: 2. | C57: Partai Gerakan Indonesia Raya | E57: 38 | F57: 14 | G57: 19 | H57: 8 | I57: 11 | J57: 18 | K57: 24 | L57: 12 | M57: 13 | N57: 12 | O57: 13 | P57: 3 | Q57: 13 | R57: 8 | S57: 12 | T57: =SUM(E57:S57) -> 218
A58: A.2 | B58: 1 | C58: 1. SUMAIL ABDULLAH | E58: 23 | F58: 38 | G58: 22 | H58: 9 | I58: 13 | J58: 12 | K58: 7 | L58: 13 | M58: 24 | N58: 13 | O58: 12 | P58: 20 | Q58: 14 | R58: 37 | S58: 34 | T58: =SUM(E58:S58) -> 291
B59: 2 | C59: 2. MUHAMMAD ALI ADRIAN SALEH | E59: 6 | F59: 4 | G59: 2 | H59: 2 | I59: 4 | J59: 7 | K59: 2 | L59: 7 | M59: 4 | N59: 3 | O59: 8 | P59: 6 | Q59: 4 | R59: 2 | S59: 4 | T59: =SUM(E59:S59) -> 65
B60: 3 | C60: 3. DURROTUN NAFISAH | E60: 1 | F60: 2 | G60: 1 | H60: 2 | I60: 1 | J60: 1 | K60: 2 | L60: 1 | M60: 0 | N60: 3 | O60: 0 | P60: 0 | Q60: 0 | R60: 1 | S60: 3 | T60: =SUM(E60:S60) -> 18
B61: 4 | C61: 4. H. EKO SUSILO NURHIDAYAT | E61: 3 | F61: 2 | G61: 0 | H61: 0 | I61: 1 | J61: 4 | K61: 2 | L61: 1 | M61: 3 | N61: 1 | O61: 1 | P61: 1 | Q61: 5 | R61: 2 | S61: 0 | T61: =SUM(E61:S61) -> 26
B62: 5 | C62: 5. KARNADI HARIJANTO, S.S. | E62: 0 | F62: 0 | G62: 3 | H62: 1 | I62: 0 | J62: 1 | K62: 0 | L62: 0 | M62: 1 | N62: 0 | O62: 0 | P62: 0 | Q62: 0 | R62: 0 | S62: 1 | T62: =SUM(E62:S62) -> 7
B63: 6 | C63: 6. NURHAYATI | E63: 2 | F63: 0 | G63: 0 | H63: 1 | I63: 0 | J63: 1 | K63: 4 | L63: 0 | M63: 0 | N63: 1 | O63: 1 | P63: 1 | Q63: 0 | R63: 1 | S63: 3 | T63: =SUM(E63:S63) -> 15
B64: 7 | C64: 7. MASHUDI | E64: 1 | F64: 2 | G64: 0 | H64: 0 | I64: 0 | J64: 0 | K64: 0 | L64: 0 | M64: 0 | N64: 0 | O64: 0 | P64: 0 | Q64: 0 | R64: 0 | S64: 1 | T64: =SUM(E64:S64) -> 4
T65: =SUM(E65:S65) -> 0
T66: =SUM(E66:S66) -> 0
A67: B | B67: JUMLAH SUARA SAH PARTAI POLITIK DAN CALON (A1 + A2) | E67: =SUM(E57:E66) -> 74 | F67: =SUM(F57:F66) -> 62 | G67: =SUM(G57:G66) -> 47 | H67: =SUM(H57:H66) -> 23 | I67: =SUM(I57:I66) -> 30 | J67: =SUM(J57:J66) -> 44 | K67: =SUM(K57:K66) -> 41 | L67: =SUM(L57:L66) -> 34 | ... T67: =SUM(T57:T66) -> 644
A69: A.1 | B69: 3. | C69: Partai Demokrasi Indonesia Perjuangan | E69: 11 | F69: 1 | G69: 7 | H69: 5 | I69: 7 | J69: 14 | K69: 5 | L69: 0 | M69: 7 | N69: 5 | O69: 3 | P69: 2 | Q69: 3 | R69: 0 | S69: 5 | T69: =SUM(E69:S69) -> 75
A70: A.2 | B70: 1 | C70: 1. SONNY TRI DANAPARAMITA, S.H., M.H. | E70: 5 | F70: 1 | G70: 3 | H70: 7 | I70: 3 | J70: 5 | K70: 5 | L70: 4 | M70: 4 | N70: 1 | O70: 6 | P70: 5 | Q70: 4 | R70: 1 | S70: 8 | T70: =SUM(E70:S70) -> 62
B71: 2 | C71: 2. H. MOHAMAD GUNTUR ROMLI | E71: 3 | F71: 3 | G71: 4 | H71: 7 | I71: 5 | J71: 3 | K71: 1 | L71: 6 | M71: 0 | N71: 5 | O71: 0 | P71: 3 | Q71: 19 | R71: 0 | S71: 5 | T71: =SUM(E71:S71) -> 64
B72: 3 | C72: 3. INA AMMANIA | E72: 2 | F72: 2 | G72: 2 | H72: 3 | I72: 5 | J72: 1 | K72: 2 | L72: 1 | M72: 3 | N72: 4 | O72: 0 | P72: 0 | Q72: 1 | R72: 3 | S72: 2 | T72: =SUM(E72:S72) -> 31
B73: 4 | C73: 4. IRWAN BACHTIAR RACHMAT, M.Si. | E73: 1 | F73: 0 | G73: 0 | H73: 0 | I73: 0 | J73: 2 | K73: 0 | L73: 1 | M73: 0 | N73: 0 | O73: 0 | P73: 0 | Q73: 0 | R73: 0 | S73: 2 | T73: =SUM(E73:S73) -> 6
B74: 5 | C74: 5. LUCKY PERDANA | E74: 4 | F74: 1 | G74: 3 | H74: 0 | I74: 1 | J74: 6 | K74: 2 | L74: 3 | M74: 3 | N74: 2 | O74: 0 | P74: 0 | Q74: 5 | R74: 1 | S74: 1 | T74: =SUM(E74:S74) -> 32
B75: 6 | C75: 6. WIWIK PUJIYATI | E75: 0 | F75: 0 | G75: 1 | H75: 1 | I75: 0 | J75: 1 | K75: 1 | L75: 0 | M75: 2 | N75: 0 | O75: 1 | P75: 0 | Q75: 3 | R75: 1 | S75: 3 | T75: =SUM(E75:S75) -> 14
B76: 7 | C76: 7. CHANDRA ASTAN, S.T. | E76: 0 | F76: 0 | G76: 0 | H76: 0 | I76: 0 | J76: 1 | K76: 0 | L76: 0 | M76: 0 | N76: 0 | O76: 0 | P76: 0 | Q76: 0 | R76: 0 | S76: 1 | T76: =SUM(E76:S76) -> 2
T77: =SUM(E77:S77) -> 0
T78: =SUM(E78:S78) -> 0
A79: B | B79: JUMLAH SUARA SAH PARTAI POLITIK DAN CALON (A1 + A2) | E79: =SUM(E69:E78) -> 26 | F79: =SUM(F69:F78) -> 8 | G79: =SUM(G69:G78) -> 20 | H79: =SUM(H69:H78) -> 23 | I79: =SUM(I69:I78) -> 21 | J79: =SUM(J69:J78) -> 33 | K79: =SUM(K69:K78) -> 16 | L79: =SUM(L69:L78) -> 15 | ... T79: =SUM(T69:T78) -> 286
A81: A.1 | B81: 4. | C81: Partai Golongan Karya | E81: 4 | F81: 4 | G81: 4 | H81: 7 | I81: 5 | J81: 2 | K81: 3 | L81: 0 | M81: 3 | N81: 0 | O81: 3 | P81: 4 | Q81: 0 | R81: 1 | S81: 1 | T81: =SUM(E81:S81) -> 41
A82: A.2 | B82: 1 | C82: 1. ZULFIKAR ARSE SADIKIN, S.I.P., M.Si. | E82: 4 | F82: 3 | G82: 4 | H82: 4 | I82: 4 | J82: 4 | K82: 5 | L82: 2 | M82: 5 | N82: 5 | O82: 1 | P82: 35 | Q82: 36 | R82: 15 | S82: 2 | T82: =SUM(E82:S82) -> 129
B83: 2 | C83: 2. HANDOKO | E83: 6 | F83: 1 | G83: 3 | H83: 6 | I83: 6 | J83: 6 | K83: 0 | L83: 0 | M83: 4 | N83: 4 | O83: 2 | P83: 5 | Q83: 3 | R83: 1 | S83: 2 | T83: =SUM(E83:S83) -> 49
B84: 3 | C84: 3. Hj. OVI DEWI YANTI | E84: 0 | F84: 0 | G84: 0 | H84: 0 | I84: 0 | J84: 0 | K84: 0 | L84: 0 | M84: 2 | N84: 1 | O84: 1 | P84: 0 | Q84: 0 | R84: 2 | S84: 0 | T84: =SUM(E84:S84) -> 6
B85: 4 | C85: 4. Ir. AZAM AZMAN NATAWIJANA | E85: 0 | F85: 0 | G85: 1 | H85: 0 | I85: 0 | J85: 6 | K85: 1 | L85: 0 | M85: 0 | N85: 0 | O85: 0 | P85: 1 | Q85: 0 | R85: 0 | S85: 0 | T85: =SUM(E85:S85) -> 9
B86: 5 | C86: 5. UBAIDILLAH AMIN, S.Kom. | E86: 0 | F86: 0 | G86: 1 | H86: 3 | I86: 0 | J86: 0 | K86: 0 | L86: 1 | M86: 1 | N86: 0 | O86: 3 | P86: 0 | Q86: 0 | R86: 1 | S86: 1 | T86: =SUM(E86:S86) -> 11
B87: 6 | C87: 6. DENNY YUNIANDARI, S.H., M.Kn. | E87: 1 | F87: 0 | G87: 0 | H87: 0 | I87: 1 | J87: 0 | K87: 1 | L87: 0 | M87: 0 | N87: 0 | O87: 0 | P87: 0 | Q87: 0 | R87: 0 | S87: 0 | T87: =SUM(E87:S87) -> 3
B88: 7 | C88: 7. ERNADI, S.H.I. | E88: 0 | F88: 1 | G88: 0 | H88: 0 | I88: 0 | J88: 0 | K88: 0 | L88: 0 | M88: 0 | N88: 0 | O88: 0 | P88: 0 | Q88: 0 | R88: 0 | S88: 0 | T88: =SUM(E88:S88) -> 1
T89: =SUM(E89:S89) -> 0
T90: =SUM(E90:S90) -> 0
A91: B | B91: JUMLAH SUARA SAH PARTAI POLITIK DAN CALON (A1 + A2) | E91: =SUM(E81:E90) -> 15 | F91: =SUM(F81:F90) -> 9 | G91: =SUM(G81:G90) -> 13 | H91: =SUM(H81:H90) -> 20 | I91: =SUM(I81:I90) -> 16 | J91: =SUM(J81:J90) -> 18 | K91: =SUM(K81:K90) -> 10 | L91: =SUM(L81:L90) -> 3 | ... T91: =SUM(T81:T90) -> 249
A93: A.1 | B93: 5. | C93: Partai NasDem | E93: 1 | F93: 0 | G93: 0 | H93: 1 | I93: 4 | J93: 0 | K93: 2 | L93: 1 | M93: 0 | N93: 3 | O93: 0 | P93: 0 | Q93: 2 | R93: 1 | S93: 0 | T93: =SUM(E93:S93) -> 15
A94: A.2 | B94: 1 | C94: 1. ACH. FADIL MUZAKKI SYAH | E94: 0 | F94: 3 | G94: 1 | H94: 1 | I94: 0 | J94: 0 | K94: 3 | L94: 2 | M94: 2 | N94: 3 | O94: 3 | P94: 0 | Q94: 1 | R94: 0 | S94: 2 | T94: =SUM(E94:S94) -> 21
B95: 2 | C95: 2. BENY | E95: 9 | F95: 1 | G95: 1 | H95: 1 | I95: 5 | J95: 0 | K95: 0 | L95: 0 | M95: 1 | N95: 1 | O95: 5 | P95: 0 | Q95: 2 | R95: 6 | S95: 0 | T95: =SUM(E95:S95) -> 32
B96: 3 | C96: 3. VINA VERONIKA | E96: 1 | F96: 0 | G96: 0 | H96: 0 | I96: 0 | J96: 0 | K96: 0 | L96: 0 | M96: 0 | N96: 0 | O96: 0 | P96: 0 | Q96: 1 | R96: 0 | S96: 1 | T96: =SUM(E96:S96) -> 3
B97: 4 | C97: 4. TEDDY ANUGRIANTO | E97: 7 | F97: 1 | G97: 2 | H97: 1 | I97: 3 | J97: 4 | K97: 0 | L97: 5 | M97: 0 | N97: 1 | O97: 1 | P97: 0 | Q97: 2 | R97: 1 | S97: 0 | T97: =SUM(E97:S97) -> 28
B98: 5 | C98: 5. INSAN KAMIL | E98: 0 | F98: 0 | G98: 1 | H98: 0 | I98: 0 | J98: 1 | K98: 0 | L98: 0 | M98: 0 | N98: 0 | O98: 1 | P98: 0 | Q98: 0 | R98: 0 | S98: 0 | T98: =SUM(E98:S98) -> 3
B99: 6 | C99: 6. LILIK LINDARWATI | E99: 1 | F99: 0 | G99: 0 | H99: 0 | I99: 0 | J99: 0 | K99: 0 | L99: 0 | M99: 0 | N99: 0 | O99: 0 | P99: 0 | Q99: 0 | R99: 0 | S99: 0 | T99: =SUM(E99:S99) -> 1
B100: 7 | C100: 7. YULI ANITA | E100: 0 | F100: 0 | G100: 0 | H100: 0 | I100: 0 | J100: 0 | K100: 0 | L100: 0 | M100: 0 | N100: 0 | O100: 0 | P100: 0 | Q100: 0 | R100: 0 | S100: 0 | T100: =SUM(E100:S100) -> 0
T101: =SUM(E101:S101) -> 0
T102: =SUM(E102:S102) -> 0
A103: B | B103: JUMLAH SUARA SAH PARTAI POLITIK DAN CALON (A1 + A2) | E103: =SUM(E93:E102) -> 19 | F103: =SUM(F93:F102) -> 5 | G103: =SUM(G93:G102) -> 5 | H103: =SUM(H93:H102) -> 4 | I103: =SUM(I93:I102) -> 12 | J103: =SUM(J93:J102) -> 5 | K103: =SUM(K93:K102) -> 5 | L103: =SUM(L93:L102) -> 8 | ... T103: =SUM(T93:T102) -> 103
A105: A.1 | B105: 6. | C105: Partai Buruh | E105: 0 | F105: 0 | G105: 0 | H105: 0 | I105: 0 | J105: 1 | K105: 3 | L105: 0 | M105: 0 | N105: 0 | O105: 0 | P105: 0 | Q105: 0 | R105: 0 | S105: 0 | T105: =SUM(E105:S105) -> 4
A106: A.2 | B106: 1 | C106: 1. KHOIRUL ANAM | E106: 0 | F106: 0 | G106: 1 | H106: 0 | I106: 0 | J106: 0 | K106: 1 | L106: 0 | M106: 0 | N106: 0 | O106: 0 | P106: 0 | Q106: 0 | R106: 0 | S106: 0 | T106: =SUM(E106:S106) -> 2
B107: 2 | C107: 2. INA KURNIA | E107: 0 | F107: 0 | G107: 0 | H107: 0 | I107: 0 | J107: 0 | K107: 0 | L107: 0 | M107: 0 | N107: 0 | O107: 0 | P107: 1 | Q107: 0 | R107: 1 | S107: 0 | T107: =SUM(E107:S107) -> 2
B108: 3 | C108: 3. JIBRAL TAROUK | E108: 0 | F108: 0 | G108: 0 | H108: 0 | I108: 0 | J108: 0 | K108: 0 | L108: 0 | M108: 0 | N108: 0 | O108: 0 | P108: 0 | Q108: 0 | R108: 0 | S108: 0 | T108: =SUM(E108:S108) -> 0
B109: 4 | C109: 4. ASTUTI DAENG PUJI | E109: 1 | F109: 0 | G109: 0 | H109: 0 | I109: 1 | J109: 1 | K109: 0 | L109: 0 | M109: 0 | N109: 0 | O109: 0 | P109: 0 | Q109: 0 | R109: 0 | S109: 0 | T109: =SUM(E109:S109) -> 3
B110: 5 | C110: 5. ASDARMAWAN | E110: 0 | F110: 0 | G110: 0 | H110: 0 | I110: 0 | J110: 1 | K110: 0 | L110: 0 | M110: 0 | N110: 0 | O110: 0 | P110: 0 | Q110: 0 | R110: 0 | S110: 0 | T110: =SUM(E110:S110) -> 1
B111: 6 | C111: 6. RIFQI MUBAROK | E111: 0 | F111: 0 | G111: 0 | H111: 0 | I111: 0 | J111: 0 | K111: 0 | L111: 0 | M111: 0 | N111: 0 | O111: 0 | P111: 0 | Q111: 0 | R111: 0 | S111: 1 | T111: =SUM(E111:S111) -> 1
B112: 7 | C112: 7. FIRNANDA ALTA MEGA | E112: 0 | F112: 0 | G112: 0 | H112: 0 | I112: 0 | J112: 0 | K112: 0 | L112: 0 | M112: 0 | N112: 0 | O112: 0 | P112: 0 | Q112: 0 | R112: 0 | S112: 0 | T112: =SUM(E112:S112) -> 0
T113: =SUM(E113:S113) -> 0
T114: =SUM(E114:S114) -> 0
A115: B | B115: JUMLAH SUARA SAH PARTAI POLITIK DAN CALON (A1 + A2) | E115: =SUM(E105:E114) -> 1 | F115: =SUM(F105:F114) -> 0 | G115: =SUM(G105:G114) -> 1 | H115: =SUM(H105:H114) -> 0 | I115: =SUM(I105:I114) -> 1 | J115: =SUM(J105:J114) -> 3 | K115: =SUM(K105:K114) -> 4 | L115: =SUM(L105:L114) -> 0 | ... T115: =SUM(T105:T114) -> 13
A117: A.1 | B117: 7. | C117: Partai Gelombang Rakyat Indonesia | E117: 1 | F117: 1 | G117: 0 | H117: 0 | I117: 0 | J117: 0 | K117: 5 | L117: 1 | M117: 0 | N117: 1 | O117: 0 | P117: 0 | Q117: 0 | R117: 1 | S117: 1 | T117: =SUM(E117:S117) -> 11
...

Sheet KEBAMAN
C2: Kecamatan | D2: SRONO
C3: Kabupaten | D3: BANYUWANGI
C4: Provinsi | D4: JAWA TIMUR
C9: Kelurahan | D9: KEBAMAN
A12: I | B12: DATA PEMILIH DAN PENGGUNAAN HAK PILIH | AW12: JUMLAH AKHIR
A13: A | B13: DATA PEMILIH | E13: TPS 001 | F13: TPS 002 | G13: TPS 003 | H13: TPS 004 | I13: TPS 005 | J13: TPS 006 | K13: TPS 007 | L13: TPS 008 | M13: TPS 009 | N13: TPS 010 | O13: TPS 011 | P13: TPS 012 | Q13: TPS 013 | R13: TPS 014 | S13: TPS 015 | T13: TPS 016 | U13: TPS 017 | V13: TPS 018 | W13: TPS 019 | X13: TPS 020 | Y13: TPS 021 | Z13: TPS 022 | AA13: TPS 023 | AB13: TPS 024 | AC13: TPS 025 | AD13: TPS 026 | AE13: TPS 027 | AF13: TPS 028 | AG13: TPS 029 | AH13: TPS 030 | AI13: TPS 031 | AJ13: TPS 032 | AK13: TPS 033 | AL13: TPS 034 | AM13: TPS 035 | AN13: TPS 036 | AO13: TPS 037 | AP13: TPS 038 | AQ13: TPS 039 | AR13: TPS 040 | AS13: TPS 041 | AT13: TPS 042 | AU13: TPS 043 | AV13: TPS 044
B14: Jumlah Pemilih dalam Daftar Pemilih Tetap (DPT) | D14: LK | E14: 122 | F14: 134 | G14: 140 | H14: 123 | I14: 120 | J14: 138 | K14: 136 | L14: 141 | M14: 141 | N14: 117 | O14: 136 | P14: 133 | Q14: 136 | R14: 138 | S14: 134 | T14: 129 | U14: 148 | V14: 127 | W14: 122 | X14: 135 | Y14: 108 | Z14: 124 | AA14: 109 | AB14: 133 | AC14: 129 | AD14: 135 | AE14: 141 | AF14: 127 | AG14: 123 | AH14: 146 | AI14: 111 | AJ14: 117 | AK14: 128 | AL14: 131 | AM14: 138 | AN14: 128 | AO14: 142 | AP14: 140 | AQ14: 141 | AR14: 130 | AS14: 127 | AT14: 131 | AU14: 147 | AV14: 147 | AW14: =SUM(E14:AV14) -> 5783
D15: PR | E15: 129 | F15: 138 | G15: 133 | H15: 132 | I15: 152 | J15: 135 | K15: 129 | L15: 137 | M15: 138 | N15: 144 | O15: 134 | P15: 132 | Q15: 129 | R15: 149 | S15: 131 | T15: 134 | U15: 139 | V15: 141 | W15: 133 | X15: 141 | Y15: 129 | Z15: 133 | AA15: 131 | AB15: 139 | AC15: 138 | AD15: 140 | AE15: 123 | AF15: 145 | AG15: 133 | AH15: 140 | AI15: 102 | AJ15: 131 | AK15: 141 | AL15: 148 | AM15: 136 | AN15: 137 | AO15: 145 | AP15: 147 | AQ15: 138 | AR15: 143 | AS15: 133 | AT15: 133 | AU15: 139 | AV15: 127 | AW15: =SUM(E15:AV15) -> 5981
D16: JML | E16: =SUM(E14:E15) -> 251 | F16: =SUM(F14:F15) -> 272 | G16: =SUM(G14:G15) -> 273 | H16: =SUM(H14:H15) -> 255 | I16: =SUM(I14:I15) -> 272 | J16: =SUM(J14:J15) -> 273 | K16: =SUM(K14:K15) -> 265 | L16: =SUM(L14:L15) -> 278 | ... AV16: =SUM(AV14:AV15) -> 274 | AW16: =SUM(E16:AV16) -> 11764
A18: B | B18: PENGGUNA HAK PILIH
B19: 1. | C19: Jumlah pengguna hak pilih dalam Daftar Pemilih Tetap (DPT) | D19: LK | E19: 87 | F19: 95 | G19: 99 | H19: 89 | I19: 83 | J19: 106 | K19: 95 | L19: 96 | M19: 92 | N19: 87 | O19: 92 | P19: 104 | Q19: 93 | R19: 102 | S19: 96 | T19: 85 | U19: 110 | V19: 104 | W19: 97 | X19: 95 | Y19: 80 | Z19: 97 | AA19: 71 | AB19: 93 | AC19: 104 | AD19: 82 | AE19: 89 | AF19: 90 | AG19: 89 | AH19: 98 | AI19: 83 | AJ19: 87 | AK19: 88 | AL19: 96 | AM19: 91 | AN19: 99 | AO19: 111 | AP19: 108 | AQ19: 114 | AR19: 93 | AS19: 93 | AT19: 110 | AU19: 96 | AV19: 105 | AW19: =SUM(E19:AV19) -> 4174
D20: PR | E20: 105 | F20: 117 | G20: 113 | H20: 112 | I20: 110 | J20: 110 | K20: 99 | L20: 116 | M20: 104 | N20: 105 | O20: 101 | P20: 107 | Q20: 108 | R20: 133 | S20: 102 | T20: 102 | U20: 118 | V20: 121 | W20: 113 | X20: 112 | Y20: 100 | Z20: 103 | AA20: 105 | AB20: 107 | AC20: 113 | AD20: 106 | AE20: 104 | AF20: 116 | AG20: 104 | AH20: 112 | AI20: 81 | AJ20: 98 | AK20: 103 | AL20: 116 | AM20: 111 | AN20: 106 | AO20: 118 | AP20: 111 | AQ20: 107 | AR20: 115 | AS20: 107 | AT20: 101 | AU20: 108 | AV20: 99 | AW20: =SUM(E20:AV20) -> 4759
D21: JML | E21: =SUM(E19:E20) -> 192 | F21: =SUM(F19:F20) -> 212 | G21: =SUM(G19:G20) -> 212 | H21: =SUM(H19:H20) -> 201 | I21: =SUM(I19:I20) -> 193 | J21: =SUM(J19:J20) -> 216 | K21: =SUM(K19:K20) -> 194 | L21: =SUM(L19:L20) -> 212 | ... AV21: =SUM(AV19:AV20) -> 204 | AW21: =SUM(E21:AV21) -> 8933
B22: 2. | C22: Jumlah pengguna hak pilih dalam Daftar Pemilih Tambahan (DPTb) | D22: LK | E22: 0 | F22: 0 | G22: 0 | H22: 0 | I22: 0 | J22: 0 | K22: 0 | L22: 0 | M22: 0 | N22: 0 | O22: 0 | P22: 0 | Q22: 0 | R22: 0 | S22: 0 | T22: 0 | U22: 0 | V22: 0 | W22: 0 | X22: 0 | Y22: 0 | Z22: 0 | AA22: 0 | AB22: 0 | AC22: 0 | AD22: 1 | AE22: 0 | AF22: 0 | AG22: 0 | AH22: 0 | AI22: 0 | AJ22: 0 | AK22: 0 | AL22: 0 | AM22: 0 | AN22: 0 | AO22: 0 | AP22: 0 | AQ22: 0 | AR22: 0 | AS22: 0 | AT22: 0 | AU22: 1 | AV22: 0 | AW22: =SUM(E22:AV22) -> 2
D23: PR | E23: 0 | F23: 0 | G23: 0 | H23: 0 | I23: 0 | J23: 1 | K23: 0 | L23: 0 | M23: 0 | N23: 0 | O23: 0 | P23: 0 | Q23: 0 | R23: 0 | S23: 0 | T23: 0 | U23: 0 | V23: 0 | W23: 0 | X23: 0 | Y23: 0 | Z23: 0 | AA23: 0 | AB23: 0 | AC23: 0 | AD23: 2 | AE23: 0 | AF23: 0 | AG23: 0 | AH23: 0 | AI23: 0 | AJ23: 0 | AK23: 0 | AL23: 0 | AM23: 0 | AN23: 0 | AO23: 0 | AP23: 0 | AQ23: 0 | AR23: 0 | AS23: 0 | AT23: 0 | AU23: 0 | AV23: 0 | AW23: =SUM(E23:AV23) -> 3
D24: JML | E24: =SUM(E22:E23) -> 0 | F24: =SUM(F22:F23) -> 0 | G24: =SUM(G22:G23) -> 0 | H24: =SUM(H22:H23) -> 0 | I24: =SUM(I22:I23) -> 0 | J24: =SUM(J22:J23) -> 1 | K24: =SUM(K22:K23) -> 0 | L24: =SUM(L22:L23) -> 0 | ... AV24: =SUM(AV22:AV23) -> 0 | AW24: =SUM(E24:AV24) -> 5
B25: 3. | C25: Jumlah pengguna hak pilih dalam Daftar Pemilih Khusus (DPK) | D25: LK | E25: 0 | F25: 2 | G25: 0 | H25: 3 | I25: 3 | J25: 1 | K25: 1 | L25: 1 | M25: 1 | N25: 2 | O25: 3 | P25: 0 | Q25: 1 | R25: 1 | S25: 5 | T25: 1 | U25: 2 | V25: 0 | W25: 4 | X25: 4 | Y25: 3 | Z25: 5 | AA25: 4 | AB25: 0 | AC25: 2 | AD25: 3 | AE25: 4 | AF25: 2 | AG25: 7 | AH25: 5 | AI25: 1 | AJ25: 3 | AK25: 0 | AL25: 3 | AM25: 6 | AN25: 3 | AO25: 3 | AP25: 1 | AQ25: 1 | AR25: 1 | AS25: 0 | AT25: 2 | AU25: 0 | AV25: 8 | AW25: =SUM(E25:AV25) -> 102
D26: PR | E26: 0 | F26: 2 | G26: 1 | H26: 4 | I26: 2 | J26: 0 | K26: 1 | L26: 1 | M26: 0 | N26: 5 | O26: 5 | P26: 0 | Q26: 4 | R26: 4 | S26: 3 | T26: 2 | U26: 2 | V26: 3 | W26: 2 | X26: 3 | Y26: 0 | Z26: 3 | AA26: 6 | AB26: 2 | AC26: 1 | AD26: 2 | AE26: 10 | AF26: 3 | AG26: 5 | AH26: 5 | AI26: 1 | AJ26: 4 | AK26: 0 | AL26: 9 | AM26: 3 | AN26: 5 | AO26: 1 | AP26: 2 | AQ26: 3 | AR26: 1 | AS26: 0 | AT26: 2 | AU26: 1 | AV26: 20 | AW26: =SUM(E26:AV26) -> 133
D27: JML | E27: =SUM(E25:E26) -> 0 | F27: =SUM(F25:F26) -> 4 | G27: =SUM(G25:G26) -> 1 | H27: =SUM(H25:H26) -> 7 | I27: =SUM(I25:I26) -> 5 | J27: =SUM(J25:J26) -> 1 | K27: =SUM(K25:K26) -> 2 | L27: =SUM(L25:L26) -> 2 | ... AV27: =SUM(AV25:AV26) -> 28 | AW27: =SUM(E27:AV27) -> 235
B28: 4. | C28: Jumlah Pengguna Hak Pilih (B.1+B.2+B.3) | D28: LK | E28: =SUM(E19,E22,E25) -> 87 | F28: =SUM(F19,F22,F25) -> 97 | G28: =SUM(G19,G22,G25) -> 99 | H28: =SUM(H19,H22,H25) -> 92 | I28: =SUM(I19,I22,I25) -> 86 | J28: =SUM(J19,J22,J25) -> 107 | K28: =SUM(K19,K22,K25) -> 96 | L28: =SUM(L19,L22,L25) -> 97 | ... AV28: =SUM(AV19,AV22,AV25) -> 113 | AW28: =SUM(E28:AV28) -> 4278
D29: PR | E29: =SUM(E20,E23,E26) -> 105 | F29: =SUM(F20,F23,F26) -> 119 | G29: =SUM(G20,G23,G26) -> 114 | H29: =SUM(H20,H23,H26) -> 116 | I29: =SUM(I20,I23,I26) -> 112 | J29: =SUM(J20,J23,J26) -> 111 | K29: =SUM(K20,K23,K26) -> 100 | L29: =SUM(L20,L23,L26) -> 117 | ... AV29: =SUM(AV20,AV23,AV26) -> 119 | AW29: =SUM(E29:AV29) -> 4895
D30: JML | E30: =SUM(E28:E29) -> 192 | F30: =SUM(F28:F29) -> 216 | G30: =SUM(G28:G29) -> 213 | H30: =SUM(H28:H29) -> 208 | I30: =SUM(I28:I29) -> 198 | J30: =SUM(J28:J29) -> 218 | K30: =SUM(K28:K29) -> 196 | L30: =SUM(L28:L29) -> 214 | ... AV30: =SUM(AV28:AV29) -> 232 | AW30: =SUM(E30:AV30) -> 9173
A32: II | B32: DATA PENGGUNAAN SURAT SUARA
A33: 1 | B33: Jumlah surat suara yang diterima, termasuk surat suara cadangan 2,5% dari DPT | E33: 246 | F33: 258 | G33: 279 | H33: 251 | I33: 249 | J33: 269 | K33: 270 | L33: 254 | M33: 255 | N33: 267 | O33: 276 | P33: 271 | Q33: 271 | R33: 273 | S33: 271 | T33: 259 | U33: 273 | V33: 273 | W33: 261 | X33: 272 | Y33: 242 | Z33: 263 | AA33: 245 | AB33: 268 | AC33: 303 | AD33: 256 | AE33: 282 | AF33: 278 | AG33: 262 | AH33: 292 | AI33: 218 | AJ33: 263 | AK33: 275 | AL33: 275 | AM33: 280 | AN33: 271 | AO33: 293 | AP33: 292 | AQ33: 285 | AR33: 280 | AS33: 266 | AT33: 272 | AU33: 302 | AV33: 280 | AW33: =SUM(E33:AV33) -> 11841
A34: 2 | B34: Jumlah surat suara yang digunakan | E34: 192 | F34: 216 | G34: 213 | H34: 208 | I34: 198 | J34: 218 | K34: 196 | L34: 214 | M34: 197 | N34: 199 | O34: 201 | P34: 211 | Q34: 206 | R34: 240 | S34: 206 | T34: 190 | U34: 232 | V34: 228 | W34: 216 | X34: 214 | Y34: 183 | Z34: 208 | AA34: 186 | AB34: 202 | AC34: 220 | AD34: 196 | AE34: 207 | AF34: 211 | AG34: 205 | AH34: 220 | AI34: 166 | AJ34: 192 | AK34: 191 | AL34: 224 | AM34: 211 | AN34: 213 | AO34: 233 | AP34: 222 | AQ34: 225 | AR34: 210 | AS34: 200 | AT34: 215 | AU34: 206 | AV34: 232 | AW34: =SUM(E34:AV34) -> 9173
A35: 3 | B35: Jumlah surat suara dikembalikan oleh pemilih (karena rusak atau keliru coblos) | E35: 0 | F35: 0 | G35: 0 | H35: 2 | I35: 3 | J35: 2 | K35: 0 | L35: 2 | M35: 0 | N35: 0 | O35: 0 | P35: 0 | Q35: 3 | R35: 0 | S35: 1 | T35: 0 | U35: 0 | V35: 0 | W35: 0 | X35: 0 | Y35: 1 | Z35: 0 | AA35: 0 | AB35: 0 | AC35: 0 | AD35: 0 | AE35: 0 | AF35: 0 | AG35: 0 | AH35: 0 | AI35: 0 | AJ35: 0 | AK35: 0 | AL35: 0 | AM35: 0 | AN35: 0 | AO35: 0 | AP35: 0 | AQ35: 1 | AR35: 0 | AS35: 0 | AT35: 2 | AU35: 0 | AV35: 1 | AW35: =SUM(E35:AV35) -> 18
A36: 4 | B36: Jumlah surat suara yang tidak digunakan/tidak terpakai, termasuk sisa surat suara cadangan | E36: =E33-(E34+E35) -> 54 | F36: =F33-(F34+F35) -> 42 | G36: =G33-(G34+G35) -> 66 | H36: =H33-(H34+H35) -> 41 | I36: =I33-(I34+I35) -> 48 | J36: =J33-(J34+J35) -> 49 | K36: =K33-(K34+K35) -> 74 | L36: =L33-(L34+L35) -> 38 | ... AV36: =AV33-(AV34+AV35) -> 47 | AW36: =SUM(E36:AV36) -> 2650
A38: III | B38: DATA PEMILIH DISABILITAS
B39: Jumlah seluruh Pemilih disabilitas yang menggunakan hak pilih | D39: LK | E39: 0 | F39: 0 | G39: 0 | H39: 0 | I39: 0 | J39: 0 | K39: 0 | L39: 0 | M39: 0 | N39: 0 | O39: 0 | P39: 0 | Q39: 0 | R39: 0 | S39: 0 | T39: 0 | U39: 0 | V39: 0 | W39: 0 | X39: 0 | Y39: 0 | Z39: 0 | AA39: 0 | AB39: 0 | AC39: 0 | AD39: 0 | AE39: 0 | AF39: 0 | AG39: 0 | AH39: 0 | AI39: 0 | AJ39: 0 | AK39: 0 | AL39: 0 | AM39: 0 | AN39: 0 | AO39: 0 | AP39: 0 | AQ39: 0 | AR39: 0 | AS39: 0 | AT39: 0 | AU39: 0 | AV39: 0 | AW39: =SUM(E39:AV39) -> 0
D40: PR | E40: 3 | F40: 0 | G40: 0 | H40: 0 | I40: 0 | J40: 0 | K40: 0 | L40: 0 | M40: 0 | N40: 0 | O40: 0 | P40: 2 | Q40: 0 | R40: 0 | S40: 0 | T40: 0 | U40: 0 | V40: 0 | W40: 0 | X40: 0 | Y40: 0 | Z40: 0 | AA40: 0 | AB40: 0 | AC40: 0 | AD40: 0 | AE40: 0 | AF40: 0 | AG40: 0 | AH40: 3 | AI40: 0 | AJ40: 0 | AK40: 0 | AL40: 0 | AM40: 0 | AN40: 0 | AO40: 0 | AP40: 0 | AQ40: 0 | AR40: 0 | AS40: 0 | AT40: 0 | AU40: 0 | AV40: 0 | AW40: =SUM(E40:AV40) -> 8
D41: JML | E41: =SUM(E39:E40) -> 3 | F41: =SUM(F39:F40) -> 0 | G41: =SUM(G39:G40) -> 0 | H41: =SUM(H39:H40) -> 0 | I41: =SUM(I39:I40) -> 0 | J41: =SUM(J39:J40) -> 0 | K41: =SUM(K39:K40) -> 0 | L41: =SUM(L39:L40) -> 0 | ... AV41: =SUM(AV39:AV40) -> 0 | AW41: =SUM(E41:AV41) -> 8
A43: IV | B43: DATA RINCIAN PEROLEHAN SUARA PASANGAN CALON BUPATI DAN WAKIL BUPATI
A44: NOMOR DAN NAMA CALON
A45: A.1 | B45: 1. | C45: Partai Kebangkitan Bangsa | E45: 2 | F45: 5 | G45: 5 | H45: 11 | I45: 16 | J45: 17 | K45: 5 | L45: 8 | M45: 6 | N45: 4 | O45: 2 | P45: 1 | Q45: 3 | R45: 5 | S45: 3 | T45: 3 | U45: 8 | V45: 9 | W45: 5 | X45: 2 | Y45: 12 | Z45: 4 | AA45: 8 | AB45: 2 | AC45: 8 | AD45: 6 | AE45: 4 | AF45: 1 | AG45: 2 | AH45: 4 | AI45: 3 | AJ45: 2 | AK45: 2 | AL45: 5 | AM45: 6 | AN45: 2 | AO45: 3 | AP45: 4 | AQ45: 9 | AR45: 2 | AS45: 7 | AT45: 2 | AU45: 5 | AV45: 1 | AW45: =SUM(E45:AV45) -> 224
A46: A.2 | B46: 1 | C46: 1. Dr. Hj. NIHAYATUL WAFIROH, M.A. | E46: 13 | F46: 9 | G46: 20 | H46: 4 | I46: 32 | J46: 32 | K46: 14 | L46: 37 | M46: 10 | N46: 8 | O46: 1 | P46: 7 | Q46: 3 | R46: 5 | S46: 13 | T46: 10 | U46: 38 | V46: 74 | W46: 23 | X46: 21 | Y46: 14 | Z46: 15 | AA46: 3 | AB46: 1 | AC46: 27 | AD46: 10 | AE46: 6 | AF46: 3 | AG46: 16 | AH46: 11 | AI46: 4 | AJ46: 2 | AK46: 4 | AL46: 5 | AM46: 3 | AN46: 2 | AO46: 11 | AP46: 2 | AQ46: 31 | AR46: 9 | AS46: 2 | AT46: 6 | AU46: 3 | AV46: 20 | AW46: =SUM(E46:AV46) -> 584
B47: 2 | C47: 2. H. M. NASIM KHAN | E47: 1 | F47: 3 | G47: 1 | H47: 2 | I47: 1 | J47: 1 | K47: 2 | L47: 0 | M47: 2 | N47: 3 | O47: 0 | P47: 3 | Q47: 0 | R47: 1 | S47: 4 | T47: 0 | U47: 4 | V47: 4 | W47: 1 | X47: 2 | Y47: 1 | Z47: 2 | AA47: 2 | AB47: 0 | AC47: 2 | AD47: 1 | AE47: 5 | AF47: 7 | AG47: 3 | AH47: 0 | AI47: 0 | AJ47: 1 | AK47: 6 | AL47: 49 | AM47: 16 | AN47: 9 | AO47: 7 | AP47: 0 | AQ47: 3 | AR47: 0 | AS47: 1 | AT47: 0 | AU47: 3 | AV47: 0 | AW47: =SUM(E47:AV47) -> 153
B48: 3 | C48: 3. Dr. H. AKIK ZAMAN, M.Pd.I. | E48: 0 | F48: 0 | G48: 0 | H48: 1 | I48: 2 | J48: 1 | K48: 1 | L48: 3 | M48: 0 | N48: 0 | O48: 0 | P48: 0 | Q48: 0 | R48: 0 | S48: 0 | T48: 2 | U48: 2 | V48: 1 | W48: 0 | X48: 0 | Y48: 0 | Z48: 0 | AA48: 0 | AB48: 0 | AC48: 7 | AD48: 1 | AE48: 0 | AF48: 2 | AG48: 1 | AH48: 0 | AI48: 0 | AJ48: 0 | AK48: 0 | AL48: 0 | AM48: 1 | AN48: 0 | AO48: 1 | AP48: 1 | AQ48: 0 | AR48: 0 | AS48: 1 | AT48: 0 | AU48: 4 | AV48: 0 | AW48: =SUM(E48:AV48) -> 32
B49: 4 | C49: 4. AHMAD RIFA'I, S.H. | E49: 0 | F49: 0 | G49: 1 | H49: 0 | I49: 2 | J49: 1 | K49: 0 | L49: 0 | M49: 0 | N49: 0 | O49: 1 | P49: 0 | Q49: 0 | R49: 0 | S49: 1 | T49: 2 | U49: 4 | V49: 1 | W49: 1 | X49: 1 | Y49: 0 | Z49: 1 | AA49: 0 | AB49: 0 | AC49: 1 | AD49: 1 | AE49: 0 | AF49: 0 | AG49: 2 | AH49: 2 | AI49: 0 | AJ49: 1 | AK49: 1 | AL49: 0 | AM49: 0 | AN49: 2 | AO49: 0 | AP49: 0 | AQ49: 0 | AR49: 0 | AS49: 0 | AT49: 0 | AU49: 0 | AV49: 0 | AW49: =SUM(E49:AV49) -> 26
B50: 5 | C50: 5. Drs. H. MAHFUD M.N. | E50: 1 | F50: 0 | G50: 1 | H50: 5 | I50: 0 | J50: 0 | K50: 0 | L50: 0 | M50: 0 | N50: 0 | O50: 0 | P50: 0 | Q50: 0 | R50: 0 | S50: 1 | T50: 0 | U50: 3 | V50: 1 | W50: 0 | X50: 1 | Y50: 0 | Z50: 0 | AA50: 0 | AB50: 1 | AC50: 1 | AD50: 0 | AE50: 2 | AF50: 0 | AG50: 0 | AH50: 0 | AI50: 0 | AJ50: 1 | AK50: 0 | AL50: 1 | AM50: 0 | AN50: 1 | AO50: 1 | AP50: 0 | AQ50: 4 | AR50: 1 | AS50: 0 | AT50: 0 | AU50: 0 | AV50: 0 | AW50: =SUM(E50:AV50) -> 26
B51: 6 | C51: 6. NURHAYATI, S.Pd. | E51: 1 | F51: 0 | G51: 1 | H51: 0 | I51: 1 | J51: 1 | K51: 0 | L51: 0 | M51: 0 | N51: 0 | O51: 0 | P51: 0 | Q51: 0 | R51: 1 | S51: 0 | T51: 0 | U51: 1 | V51: 1 | W51: 0 | X51: 0 | Y51: 0 | Z51: 0 | AA51: 0 | AB51: 0 | AC51: 0 | AD51: 0 | AE51: 1 | AF51: 0 | AG51: 0 | AH51: 0 | AI51: 0 | AJ51: 1 | AK51: 0 | AL51: 0 | AM51: 1 | AN51: 0 | AO51: 0 | AP51: 1 | AQ51: 2 | AR51: 0 | AS51: 0 | AT51: 0 | AU51: 0 | AV51: 1 | AW51: =SUM(E51:AV51) -> 14
B52: 7 | C52: 7. MAFTUHA KISWAH | E52: 1 | F52: 0 | G52: 0 | H52: 0 | I52: 0 | J52: 0 | K52: 0 | L52: 0 | M52: 1 | N52: 0 | O52: 0 | P52: 1 | Q52: 0 | R52: 0 | S52: 0 | T52: 1 | U52: 0 | V52: 0 | W52: 0 | X52: 0 | Y52: 0 | Z52: 0 | AA52: 0 | AB52: 0 | AC52: 2 | AD52: 0 | AE52: 0 | AF52: 0 | AG52: 0 | AH52: 0 | AI52: 0 | AJ52: 0 | AK52: 0 | AL52: 0 | AM52: 0 | AN52: 0 | AO52: 0 | AP52: 0 | AQ52: 0 | AR52: 0 | AS52: 0 | AT52: 0 | AU52: 0 | AV52: 0 | AW52: =SUM(E52:AV52) -> 6
AW53: =SUM(E53:AV53) -> 0
AW54: =SUM(E54:AV54) -> 0
A55: B | B55: JUMLAH SUARA SAH PARTAI POLITIK DAN CALON (A1 + A2) | E55: =SUM(E45:E54) -> 19 | F55: =SUM(F45:F54) -> 17 | G55: =SUM(G45:G54) -> 29 | H55: =SUM(H45:H54) -> 23 | I55: =SUM(I45:I54) -> 54 | J55: =SUM(J45:J54) -> 53 | K55: =SUM(K45:K54) -> 22 | L55: =SUM(L45:L54) -> 48 | ... AW55: =SUM(AW45:AW54) -> 1065
A57: A.1 | B57: 2. | C57: Partai Gerakan Indonesia Raya | E57: 5 | F57: 16 | G57: 14 | H57: 18 | I57: 8 | J57: 10 | K57: 16 | L57: 11 | M57: 25 | N57: 8 | O57: 10 | P57: 16 | Q57: 24 | R57: 16 | S57: 9 | T57: 3 | U57: 16 | V57: 4 | W57: 11 | X57: 17 | Y57: 10 | Z57: 6 | AA57: 9 | AB57: 13 | AC57: 22 | AD57: 18 | AE57: 15 | AF57: 7 | AG57: 13 | AH57: 23 | AI57: 11 | AJ57: 10 | AK57: 14 | AL57: 25 | AM57: 19 | AN57: 25 | AO57: 19 | AP57: 21 | AQ57: 13 | AR57: 23 | AS57: 25 | AT57: 33 | AU57: 21 | AV57: 27 | AW57: =SUM(E57:AV57) -> 679
A58: A.2 | B58: 1 | C58: 1. SUMAIL ABDULLAH | E58: 6 | F58: 11 | G58: 9 | H58: 10 | I58: 5 | J58: 6 | K58: 8 | L58: 14 | M58: 18 | N58: 18 | O58: 6 | P58: 12 | Q58: 11 | R58: 7 | S58: 11 | T58: 8 | U58: 21 | V58: 8 | W58: 11 | X58: 10 | Y58: 7 | Z58: 7 | AA58: 13 | AB58: 8 | AC58: 18 | AD58: 22 | AE58: 9 | AF58: 3 | AG58: 1 | AH58: 11 | AI58: 7 | AJ58: 18 | AK58: 47 | AL58: 17 | AM58: 21 | AN58: 12 | AO58: 10 | AP58: 23 | AQ58: 11 | AR58: 22 | AS58: 30 | AT58: 31 | AU58: 23 | AV58: 26 | AW58: =SUM(E58:AV58) -> 607
B59: 2 | C59: 2. MUHAMMAD ALI ADRIAN SALEH | E59: 5 | F59: 4 | G59: 3 | H59: 9 | I59: 1 | J59: 5 | K59: 1 | L59: 12 | M59: 5 | N59: 3 | O59: 1 | P59: 6 | Q59: 3 | R59: 4 | S59: 3 | T59: 2 | U59: 8 | V59: 4 | W59: 4 | X59: 6 | Y59: 3 | Z59: 5 | AA59: 5 | AB59: 5 | AC59: 4 | AD59: 8 | AE59: 4 | AF59: 0 | AG59: 8 | AH59: 11 | AI59: 5 | AJ59: 4 | AK59: 4 | AL59: 17 | AM59: 11 | AN59: 13 | AO59: 2 | AP59: 5 | AQ59: 7 | AR59: 10 | AS59: 9 | AT59: 10 | AU59: 7 | AV59: 7 | AW59: =SUM(E59:AV59) -> 253
B60: 3 | C60: 3. DURROTUN NAFISAH | E60: 1 | F60: 2 | G60: 1 | H60: 3 | I60: 1 | J60: 0 | K60: 0 | L60: 3 | M60: 1 | N60: 2 | O60: 1 | P60: 3 | Q60: 2 | R60: 1 | S60: 2 | T60: 5 | U60: 3 | V60: 1 | W60: 2 | X60: 4 | Y60: 0 | Z60: 3 | AA60: 1 | AB60: 2 | AC60: 4 | AD60: 1 | AE60: 1 | AF60: 0 | AG60: 2 | AH60: 4 | AI60: 1 | AJ60: 2 | AK60: 1 | AL60: 2 | AM60: 2 | AN60: 4 | AO60: 2 | AP60: 1 | AQ60: 4 | AR60: 0 | AS60: 3 | AT60: 1 | AU60: 7 | AV60: 5 | AW60: =SUM(E60:AV60) -> 91
B61: 4 | C61: 4. H. EKO SUSILO NURHIDAYAT | E61: 3 | F61: 8 | G61: 5 | H61: 4 | I61: 0 | J61: 0 | K61: 2 | L61: 5 | M61: 2 | N61: 0 | O61: 5 | P61: 3 | Q61: 3 | R61: 1 | S61: 1 | T61: 3 | U61: 0 | V61: 3 | W61: 9 | X61: 2 | Y61: 4 | Z61: 3 | AA61: 3 | AB61: 1 | AC61: 4 | AD61: 1 | AE61: 8 | AF61: 3 | AG61: 4 | AH61: 1 | AI61: 2 | AJ61: 1 | AK61: 2 | AL61: 4 | AM61: 1 | AN61: 7 | AO61: 3 | AP61: 4 | AQ61: 3 | AR61: 2 | AS61: 1 | AT61: 9 | AU61: 5 | AV61: 9 | AW61: =SUM(E61:AV61) -> 144
B62: 5 | C62: 5. KARNADI HARIJANTO, S.S. | E62: 0 | F62: 1 | G62: 1 | H62: 0 | I62: 0 | J62: 0 | K62: 0 | L62: 1 | M62: 0 | N62: 1 | O62: 0 | P62: 0 | Q62: 1 | R62: 1 | S62: 0 | T62: 0 | U62: 1 | V62: 0 | W62: 1 | X62: 0 | Y62: 0 | Z62: 2 | AA62: 0 | AB62: 1 | AC62: 1 | AD62: 1 | AE62: 1 | AF62: 1 | AG62: 0 | AH62: 1 | AI62: 0 | AJ62: 1 | AK62: 1 | AL62: 0 | AM62: 0 | AN62: 0 | AO62: 0 | AP62: 0 | AQ62: 1 | AR62: 1 | AS62: 0 | AT62: 1 | AU62: 0 | AV62: 0 | AW62: =SUM(E62:AV62) -> 21
B63: 6 | C63: 6. NURHAYATI | E63: 1 | F63: 2 | G63: 2 | H63: 1 | I63: 0 | J63: 0 | K63: 0 | L63: 1 | M63: 2 | N63: 5 | O63: 0 | P63: 0 | Q63: 2 | R63: 0 | S63: 0 | T63: 2 | U63: 0 | V63: 1 | W63: 0 | X63: 1 | Y63: 0 | Z63: 2 | AA63: 0 | AB63: 2 | AC63: 2 | AD63: 3 | AE63: 1 | AF63: 1 | AG63: 0 | AH63: 0 | AI63: 0 | AJ63: 0 | AK63: 0 | AL63: 1 | AM63: 2 | AN63: 1 | AO63: 0 | AP63: 0 | AQ63: 0 | AR63: 5 | AS63: 1 | AT63: 2 | AU63: 2 | AV63: 1 | AW63: =SUM(E63:AV63) -> 46
B64: 7 | C64: 7. MASHUDI | E64: 0 | F64: 0 | G64: 1 | H64: 0 | I64: 0 | J64: 0 | K64: 0 | L64: 0 | M64: 2 | N64: 1 | O64: 0 | P64: 0 | Q64: 1 | R64: 0 | S64: 2 | T64: 7 | U64: 3 | V64: 9 | W64: 2 | X64: 4 | Y64: 0 | Z64: 0 | AA64: 2 | AB64: 0 | AC64: 2 | AD64: 0 | AE64: 0 | AF64: 0 | AG64: 0 | AH64: 1 | AI64: 0 | AJ64: 1 | AK64: 0 | AL64: 1 | AM64: 0 | AN64: 0 | AO64: 0 | AP64: 0 | AQ64: 0 | AR64: 3 | AS64: 2 | AT64: 1 | AU64: 0 | AV64: 1 | AW64: =SUM(E64:AV64) -> 46
AW65: =SUM(E65:AV65) -> 0
AW66: =SUM(E66:AV66) -> 0
A67: B | B67: JUMLAH SUARA SAH PARTAI POLITIK DAN CALON (A1 + A2) | E67: =SUM(E57:E66) -> 21 | F67: =SUM(F57:F66) -> 44 | G67: =SUM(G57:G66) -> 36 | H67: =SUM(H57:H66) -> 45 | I67: =SUM(I57:I66) -> 15 | J67: =SUM(J57:J66) -> 21 | K67: =SUM(K57:K66) -> 27 | L67: =SUM(L57:L66) -> 47 | ... AW67: =SUM(AW57:AW66) -> 1887
A69: A.1 | B69: 3. | C69: Partai Demokrasi Indonesia Perjuangan | E69: 12 | F69: 12 | G69: 5 | H69: 5 | I69: 0 | J69: 11 | K69: 5 | L69: 7 | M69: 4 | N69: 11 | O69: 12 | P69: 9 | Q69: 2 | R69: 11 | S69: 6 | T69: 5 | U69: 5 | V69: 7 | W69: 6 | X69: 7 | Y69: 7 | Z69: 6 | AA69: 4 | AB69: 14 | AC69: 3 | AD69: 7 | AE69: 12 | AF69: 4 | AG69: 6 | AH69: 5 | AI69: 11 | AJ69: 7 | AK69: 1 | AL69: 7 | AM69: 8 | AN69: 7 | AO69: 16 | AP69: 12 | AQ69: 4 | AR69: 11 | AS69: 6 | AT69: 10 | AU69: 4 | AV69: 9 | AW69: =SUM(E69:AV69) -> 323
A70: A.2 | B70: 1 | C70: 1. SONNY TRI DANAPARAMITA, S.H., M.H. | E70: 10 | F70: 9 | G70: 6 | H70: 4 | I70: 8 | J70: 9 | K70: 4 | L70: 13 | M70: 10 | N70: 11 | O70: 5 | P70: 5 | Q70: 3 | R70: 4 | S70: 9 | T70: 7 | U70: 8 | V70: 2 | W70: 11 | X70: 6 | Y70: 8 | Z70: 6 | AA70: 7 | AB70: 29 | AC70: 11 | AD70: 7 | AE70: 13 | AF70: 14 | AG70: 8 | AH70: 3 | AI70: 2 | AJ70: 4 | AK70: 3 | AL70: 3 | AM70: 8 | AN70: 1 | AO70: 2 | AP70: 9 | AQ70: 6 | AR70: 8 | AS70: 3 | AT70: 6 | AU70: 5 | AV70: 5 | AW70: =SUM(E70:AV70) -> 315
B71: 2 | C71: 2. H. MOHAMAD GUNTUR ROMLI | E71: 11 | F71: 8 | G71: 9 | H71: 4 | I71: 6 | J71: 3 | K71: 7 | L71: 4 | M71: 6 | N71: 7 | O71: 6 | P71: 2 | Q71: 3 | R71: 4 | S71: 3 | T71: 1 | U71: 7 | V71: 3 | W71: 0 | X71: 9 | Y71: 4 | Z71: 11 | AA71: 8 | AB71: 25 | AC71: 7 | AD71: 8 | AE71: 9 | AF71: 5 | AG71: 15 | AH71: 6 | AI71: 1 | AJ71: 24 | AK71: 4 | AL71: 4 | AM71: 5 | AN71: 3 | AO71: 3 | AP71: 5 | AQ71: 0 | AR71: 3 | AS71: 4 | AT71: 2 | AU71: 4 | AV71: 5 | AW71: =SUM(E71:AV71) -> 268
B72: 3 | C72: 3. INA AMMANIA | E72: 1 | F72: 3 | G72: 7 | H72: 21 | I72: 6 | J72: 0 | K72: 2 | L72: 2 | M72: 0 | N72: 2 | O72: 4 | P72: 4 | Q72: 1 | R72: 74 | S72: 48 | T72: 18 | U72: 0 | V72: 6 | W72: 6 | X72: 18 | Y72: 1 | Z72: 8 | AA72: 3 | AB72: 4 | AC72: 18 | AD72: 2 | AE72: 1 | AF72: 0 | AG72: 2 | AH72: 49 | AI72: 35 | AJ72: 2 | AK72: 3 | AL72: 4 | AM72: 8 | AN72: 2 | AO72: 4 | AP72: 3 | AQ72: 3 | AR72: 0 | AS72: 6 | AT72: 2 | AU72: 1 | AV72: 16 | AW72: =SUM(E72:AV72) -> 400
B73: 4 | C73: 4. IRWAN BACHTIAR RACHMAT, M.Si. | E73: 0 | F73: 0 | G73: 0 | H73: 0 | I73: 0 | J73: 0 | K73: 0 | L73: 1 | M73: 3 | N73: 0 | O73: 2 | P73: 1 | Q73: 0 | R73: 0 | S73: 0 | T73: 0 | U73: 0 | V73: 1 | W73: 0 | X73: 0 | Y73: 0 | Z73: 1 | AA73: 2 | AB73: 2 | AC73: 0 | AD73: 1 | AE73: 3 | AF73: 0 | AG73: 1 | AH73: 0 | AI73: 0 | AJ73: 0 | AK73: 0 | AL73: 0 | AM73: 2 | AN73: 0 | AO73: 0 | AP73: 1 | AQ73: 0 | AR73: 0 | AS73: 2 | AT73: 0 | AU73: 2 | AV73: 1 | AW73: =SUM(E73:AV73) -> 26
B74: 5 | C74: 5. LUCKY PERDANA | E74: 5 | F74: 3 | G74: 5 | H74: 1 | I74: 3 | J74: 3 | K74: 5 | L74: 8 | M74: 9 | N74: 1 | O74: 6 | P74: 3 | Q74: 5 | R74: 2 | S74: 5 | T74: 2 | U74: 5 | V74: 0 | W74: 6 | X74: 6 | Y74: 2 | Z74: 4 | AA74: 10 | AB74: 6 | AC74: 12 | AD74: 5 | AE74: 7 | AF74: 11 | AG74: 11 | AH74: 2 | AI74: 1 | AJ74: 2 | AK74: 4 | AL74: 3 | AM74: 8 | AN74: 3 | AO74: 2 | AP74: 1 | AQ74: 1 | AR74: 5 | AS74: 3 | AT74: 3 | AU74: 3 | AV74: 2 | AW74: =SUM(E74:AV74) -> 194
B75: 6 | C75: 6. WIWIK PUJIYATI | E75: 4 | F75: 2 | G75: 1 | H75: 3 | I75: 1 | J75: 0 | K75: 1 | L75: 1 | M75: 0 | N75: 1 | O75: 4 | P75: 2 | Q75: 0 | R75: 1 | S75: 0 | T75: 0 | U75: 1 | V75: 0 | W75: 0 | X75: 0 | Y75: 0 | Z75: 2 | AA75: 1 | AB75: 9 | AC75: 0 | AD75: 4 | AE75: 4 | AF75: 1 | AG75: 3 | AH75: 2 | AI75: 2 | AJ75: 2 | AK75: 1 | AL75: 1 | AM75: 3 | AN75: 3 | AO75: 2 | AP75: 8 | AQ75: 0 | AR75: 1 | AS75: 1 | AT75: 0 | AU75: 2 | AV75: 1 | AW75: =SUM(E75:AV75) -> 75
B76: 7 | C76: 7. CHANDRA ASTAN, S.T. | E76: 0 | F76: 1 | G76: 1 | H76: 1 | I76: 2 | J76: 0 | K76: 2 | L76: 1 | M76: 2 | N76: 7 | O76: 15 | P76: 5 | Q76: 0 | R76: 0 | S76: 0 | T76: 1 | U76: 2 | V76: 0 | W76: 0 | X76: 1 | Y76: 2 | Z76: 0 | AA76: 0 | AB76: 2 | AC76: 0 | AD76: 1 | AE76: 0 | AF76: 0 | AG76: 0 | AH76: 1 | AI76: 0 | AJ76: 5 | AK76: 4 | AL76: 0 | AM76: 0 | AN76: 0 | AO76: 1 | AP76: 3 | AQ76: 0 | AR76: 0 | AS76: 0 | AT76: 1 | AU76: 1 | AV76: 4 | AW76: =SUM(E76:AV76) -> 66
AW77: =SUM(E77:AV77) -> 0
AW78: =SUM(E78:AV78) -> 0
A79: B | B79: JUMLAH SUARA SAH PARTAI POLITIK DAN CALON (A1 + A2) | E79: =SUM(E69:E78) -> 43 | F79: =SUM(F69:F78) -> 38 | G79: =SUM(G69:G78) -> 34 | H79: =SUM(H69:H78) -> 39 | I79: =SUM(I69:I78) -> 26 | J79: =SUM(J69:J78) -> 26 | K79: =SUM(K69:K78) -> 26 | L79: =SUM(L69:L78) -> 37 | ... AW79: =SUM(AW69:AW78) -> 1667
A81: A.1 | B81: 4. | C81: Partai Golongan Karya | E81: 0 | F81: 6 | G81: 2 | H81: 4 | I81: 2 | J81: 3 | K81: 2 | L81: 2 | M81: 1 | N81: 2 | O81: 4 | P81: 1 | Q81: 3 | R81: 0 | S81: 1 | T81: 0 | U81: 1 | V81: 0 | W81: 3 | X81: 2 | Y81: 2 | Z81: 4 | AA81: 8 | AB81: 5 | AC81: 1 | AD81: 2 | AE81: 1 | AF81: 8 | AG81: 1 | AH81: 2 | AI81: 1 | AJ81: 7 | AK81: 1 | AL81: 1 | AM81: 1 | AN81: 2 | AO81: 2 | AP81: 3 | AQ81: 4 | AR81: 4 | AS81: 5 | AT81: 1 | AU81: 1 | AV81: 0 | AW81: =SUM(E81:AV81) -> 106
A82: A.2 | B82: 1 | C82: 1. ZULFIKAR ARSE SADIKIN, S.I.P., M.Si. | E82: 6 | F82: 31 | G82: 18 | H82: 7 | I82: 2 | J82: 7 | K82: 16 | L82: 6 | M82: 7 | N82: 13 | O82: 1 | P82: 1 | Q82: 0 | R82: 0 | S82: 1 | T82: 1 | U82: 0 | V82: 1 | W82: 6 | X82: 2 | Y82: 8 | Z82: 4 | AA82: 1 | AB82: 1 | AC82: 4 | AD82: 1 | AE82: 7 | AF82: 25 | AG82: 5 | AH82: 3 | AI82: 1 | AJ82: 8 | AK82: 1 | AL82: 1 | AM82: 2 | AN82: 2 | AO82: 3 | AP82: 1 | AQ82: 2 | AR82: 1 | AS82: 0 | AT82: 0 | AU82: 0 | AV82: 1 | AW82: =SUM(E82:AV82) -> 208
B83: 2 | C83: 2. HANDOKO | E83: 0 | F83: 0 | G83: 6 | H83: 0 | I83: 1 | J83: 1 | K83: 3 | L83: 4 | M83: 1 | N83: 2 | O83: 1 | P83: 0 | Q83: 4 | R83: 0 | S83: 3 | T83: 0 | U83: 0 | V83: 6 | W83: 3 | X83: 0 | Y83: 2 | Z83: 2 | AA83: 2 | AB83: 1 | AC83: 1 | AD83: 0 | AE83: 0 | AF83: 7 | AG83: 2 | AH83: 2 | AI83: 2 | AJ83: 2 | AK83: 0 | AL83: 1 | AM83: 0 | AN83: 1 | AO83: 1 | AP83: 4 | AQ83: 4 | AR83: 11 | AS83: 1 | AT83: 6 | AU83: 1 | AV83: 2 | AW83: =SUM(E83:AV83) -> 90
B84: 3 | C84: 3. Hj. OVI DEWI YANTI | E84: 0 | F84: 0 | G84: 2 | H84: 0 | I84: 1 | J84: 0 | K84: 0 | L84: 0 | M84: 2 | N84: 0 | O84: 0 | P84: 0 | Q84: 0 | R84: 0 | S84: 1 | T84: 0 | U84: 1 | V84: 0 | W84: 0 | X84: 0 | Y84: 0 | Z84: 0 | AA84: 0 | AB84: 0 | AC84: 1 | AD84: 3 | AE84: 0 | AF84: 1 | AG84: 0 | AH84: 1 | AI84: 0 | AJ84: 0 | AK84: 0 | AL84: 0 | AM84: 0 | AN84: 0 | AO84: 0 | AP84: 0 | AQ84: 0 | AR84: 1 | AS84: 0 | AT84: 0 | AU84: 0 | AV84: 0 | AW84: =SUM(E84:AV84) -> 14
B85: 4 | C85: 4. Ir. AZAM AZMAN NATAWIJANA | E85: 0 | F85: 0 | G85: 0 | H85: 1 | I85: 0 | J85: 0 | K85: 0 | L85: 1 | M85: 0 | N85: 1 | O85: 0 | P85: 0 | Q85: 0 | R85: 1 | S85: 0 | T85: 0 | U85: 0 | V85: 0 | W85: 0 | X85: 1 | Y85: 0 | Z85: 0 | AA85: 0 | AB85: 0 | AC85: 0 | AD85: 0 | AE85: 0 | AF85: 0 | AG85: 0 | AH85: 2 | AI85: 0 | AJ85: 0 | AK85: 0 | AL85: 0 | AM85: 0 | AN85: 0 | AO85: 1 | AP85: 0 | AQ85: 2 | AR85: 0 | AS85: 0 | AT85: 1 | AU85: 0 | AV85: 0 | AW85: =SUM(E85:AV85) -> 11
B86: 5 | C86: 5. UBAIDILLAH AMIN, S.Kom. | E86: 0 | F86: 0 | G86: 1 | H86: 0 | I86: 0 | J86: 0 | K86: 0 | L86: 0 | M86: 0 | N86: 0 | O86: 0 | P86: 1 | Q86: 0 | R86: 0 | S86: 1 | T86: 0 | U86: 1 | V86: 0 | W86: 0 | X86: 0 | Y86: 0 | Z86: 0 | AA86: 0 | AB86: 0 | AC86: 0 | AD86: 1 | AE86: 0 | AF86: 0 | AG86: 0 | AH86: 0 | AI86: 0 | AJ86: 0 | AK86: 0 | AL86: 0 | AM86: 0 | AN86: 1 | AO86: 0 | AP86: 0 | AQ86: 0 | AR86: 1 | AS86: 0 | AT86: 0 | AU86: 0 | AV86: 0 | AW86: =SUM(E86:AV86) -> 7
B87: 6 | C87: 6. DENNY YUNIANDARI, S.H., M.Kn. | E87: 0 | F87: 1 | G87: 0 | H87: 0 | I87: 1 | J87: 0 | K87: 0 | L87: 0 | M87: 0 | N87: 0 | O87: 0 | P87: 0 | Q87: 0 | R87: 0 | S87: 0 | T87: 0 | U87: 0 | V87: 0 | W87: 0 | X87: 1 | Y87: 2 | Z87: 0 | AA87: 0 | AB87: 0 | AC87: 0 | AD87: 0 | AE87: 0 | AF87: 1 | AG87: 0 | AH87: 0 | AI87: 0 | AJ87: 0 | AK87: 0 | AL87: 0 | AM87: 0 | AN87: 0 | AO87: 0 | AP87: 0 | AQ87: 0 | AR87: 0 | AS87: 0 | AT87: 0 | AU87: 0 | AV87: 0 | AW87: =SUM(E87:AV87) -> 6
B88: 7 | C88: 7. ERNADI, S.H.I. | E88: 0 | F88: 0 | G88: 0 | H88: 0 | I88: 0 | J88: 0 | K88: 0 | L88: 0 | M88: 0 | N88: 0 | O88: 0 | P88: 0 | Q88: 0 | R88: 0 | S88: 0 | T88: 0 | U88: 0 | V88: 0 | W88: 0 | X88: 0 | Y88: 1 | Z88: 0 | AA88: 0 | AB88: 0 | AC88: 0 | AD88: 0 | AE88: 0 | AF88: 1 | AG88: 0 | AH88: 0 | AI88: 0 | AJ88: 0 | AK88: 0 | AL88: 0 | AM88: 0 | AN88: 0 | AO88: 0 | AP88: 0 | AQ88: 0 | AR88: 0 | AS88: 0 | AT88: 0 | AU88: 0 | AV88: 0 | AW88: =SUM(E88:AV88) -> 2
AW89: =SUM(E89:AV89) -> 0
AW90: =SUM(E90:AV90) -> 0
A91: B | B91: JUMLAH SUARA SAH PARTAI POLITIK DAN CALON (A1 + A2) | E91: =SUM(E81:E90) -> 6 | F91: =SUM(F81:F90) -> 38 | G91: =SUM(G81:G90) -> 29 | H91: =SUM(H81:H90) -> 12 | I91: =SUM(I81:I90) -> 7 | J91: =SUM(J81:J90) -> 11 | K91: =SUM(K81:K90) -> 21 | L91: =SUM(L81:L90) -> 13 | ... AW91: =SUM(AW81:AW90) -> 444
A93: A.1 | B93: 5. | C93: Partai NasDem | E93: 0 | F93: 1 | G93: 3 | H93: 2 | I93: 1 | J93: 2 | K93: 4 | L93: 0 | M93: 1 | N93: 2 | O93: 3 | P93: 0 | Q93: 1 | R93: 2 | S93: 1 | T93: 2 | U93: 1 | V93: 2 | W93: 0 | X93: 0 | Y93: 4 | Z93: 2 | AA93: 5 | AB93: 1 | AC93: 1 | AD93: 0 | AE93: 2 | AF93: 3 | AG93: 0 | AH93: 2 | AI93: 4 | AJ93: 0 | AK93: 0 | AL93: 3 | AM93: 2 | AN93: 1 | AO93: 5 | AP93: 3 | AQ93: 2 | AR93: 6 | AS93: 1 | AT93: 0 | AU93: 0 | AV93: 2 | AW93: =SUM(E93:AV93) -> 77
A94: A.2 | B94: 1 | C94: 1. ACH. FADIL MUZAKKI SYAH | E94: 4 | F94: 0 | G94: 2 | H94: 0 | I94: 1 | J94: 0 | K94: 1 | L94: 0 | M94: 2 | N94: 4 | O94: 2 | P94: 4 | Q94: 4 | R94: 1 | S94: 1 | T94: 0 | U94: 3 | V94: 1 | W94: 2 | X94: 1 | Y94: 2 | Z94: 2 | AA94: 0 | AB94: 1 | AC94: 1 | AD94: 1 | AE94: 2 | AF94: 0 | AG94: 2 | AH94: 0 | AI94: 3 | AJ94: 4 | AK94: 1 | AL94: 2 | AM94: 0 | AN94: 1 | AO94: 4 | AP94: 2 | AQ94: 7 | AR94: 4 | AS94: 1 | AT94: 2 | AU94: 3 | AV94: 0 | AW94: =SUM(E94:AV94) -> 78
B95: 2 | C95: 2. BENY | E95: 0 | F95: 1 | G95: 1 | H95: 0 | I95: 0 | J95: 0 | K95: 1 | L95: 3 | M95: 1 | N95: 2 | O95: 0 | P95: 5 | Q95: 0 | R95: 2 | S95: 1 | T95: 2 | U95: 1 | V95: 0 | W95: 0 | X95: 9 | Y95: 4 | Z95: 14 | AA95: 10 | AB95: 5 | AC95: 1 | AD95: 1 | AE95: 1 | AF95: 4 | AG95: 0 | AH95: 0 | AI95: 10 | AJ95: 13 | AK95: 23 | AL95: 1 | AM95: 0 | AN95: 4 | AO95: 7 | AP95: 10 | AQ95: 3 | AR95: 6 | AS95: 8 | AT95: 2 | AU95: 2 | AV95: 4 | AW95: =SUM(E95:AV95) -> 162
B96: 3 | C96: 3. VINA VERONIKA | E96: 0 | F96: 0 | G96: 0 | H96: 0 | I96: 0 | J96: 1 | K96: 0 | L96: 0 | M96: 0 | N96: 0 | O96: 0 | P96: 1 | Q96: 0 | R96: 0 | S96: 0 | T96: 0 | U96: 1 | V96: 0 | W96: 0 | X96: 0 | Y96: 0 | Z96: 0 | AA96: 0 | AB96: 0 | AC96: 0 | AD96: 0 | AE96: 0 | AF96: 1 | AG96: 0 | AH96: 0 | AI96: 1 | AJ96: 0 | AK96: 0 | AL96: 0 | AM96: 0 | AN96: 0 | AO96: 1 | AP96: 0 | AQ96: 0 | AR96: 0 | AS96: 0 | AT96: 0 | AU96: 0 | AV96: 0 | AW96: =SUM(E96:AV96) -> 6
B97: 4 | C97: 4. TEDDY ANUGRIANTO | E97: 2 | F97: 2 | G97: 3 | H97: 8 | I97: 16 | J97: 2 | K97: 2 | L97: 3 | M97: 4 | N97: 2 | O97: 8 | P97: 2 | Q97: 0 | R97: 2 | S97: 1 | T97: 14 | U97: 2 | V97: 0 | W97: 5 | X97: 4 | Y97: 2 | Z97: 2 | AA97: 1 | AB97: 5 | AC97: 2 | AD97: 0 | AE97: 2 | AF97: 1 | AG97: 2 | AH97: 2 | AI97: 25 | AJ97: 5 | AK97: 0 | AL97: 3 | AM97: 3 | AN97: 5 | AO97: 4 | AP97: 22 | AQ97: 1 | AR97: 3 | AS97: 2 | AT97: 1 | AU97: 2 | AV97: 2 | AW97: =SUM(E97:AV97) -> 179
B98: 5 | C98: 5. INSAN KAMIL | E98: 0 | F98: 0 | G98: 0 | H98: 0 | I98: 1 | J98: 0 | K98: 0 | L98: 0 | M98: 0 | N98: 0 | O98: 0 | P98: 2 | Q98: 0 | R98: 0 | S98: 0 | T98: 0 | U98: 0 | V98: 0 | W98: 1 | X98: 0 | Y98: 0 | Z98: 0 | AA98: 0 | AB98: 0 | AC98: 0 | AD98: 0 | AE98: 0 | AF98: 0 | AG98: 0 | AH98: 3 | AI98: 0 | AJ98: 0 | AK98: 0 | AL98: 0 | AM98: 0 | AN98: 0 | AO98: 0 | AP98: 0 | AQ98: 2 | AR98: 0 | AS98: 0 | AT98: 0 | AU98: 0 | AV98: 0 | AW98: =SUM(E98:AV98) -> 9
B99: 6 | C99: 6. LILIK LINDARWATI | E99: 0 | F99: 0 | G99: 1 | H99: 0 | I99: 0 | J99: 0 | K99: 0 | L99: 0 | M99: 0 | N99: 1 | O99: 0 | P99: 0 | Q99: 0 | R99: 0 | S99: 0 | T99: 0 | U99: 0 | V99: 0 | W99: 0 | X99: 0 | Y99: 0 | Z99: 0 | AA99: 0 | AB99: 0 | AC99: 0 | AD99: 0 | AE99: 0 | AF99: 0 | AG99: 0 | AH99: 0 | AI99: 0 | AJ99: 0 | AK99: 0 | AL99: 0 | AM99: 0 | AN99: 0 | AO99: 0 | AP99: 0 | AQ99: 0 | AR99: 0 | AS99: 1 | AT99: 0 | AU99: 0 | AV99: 0 | AW99: =SUM(E99:AV99) -> 3
B100: 7 | C100: 7. YULI ANITA | E100: 0 | F100: 0 | G100: 0 | H100: 0 | I100: 0 | J100: 0 | K100: 0 | L100: 0 | M100: 0 | N100: 0 | O100: 0 | P100: 0 | Q100: 0 | R100: 0 | S100: 0 | T100: 0 | U100: 0 | V100: 0 | W100: 0 | X100: 0 | Y100: 0 | Z100: 0 | AA100: 0 | AB100: 0 | AC100: 0 | AD100: 0 | AE100: 0 | AF100: 0 | AG100: 0 | AH100: 0 | AI100: 0 | AJ100: 0 | AK100: 0 | AL100: 0 | AM100: 0 | AN100: 0 | AO100: 0 | AP100: 0 | AQ100: 0 | AR100: 0 | AS100: 0 | AT100: 0 | AU100: 0 | AV100: 0 | AW100: =SUM(E100:AV100) -> 0
AW101: =SUM(E101:AV101) -> 0
AW102: =SUM(E102:AV102) -> 0
A103: B | B103: JUMLAH SUARA SAH PARTAI POLITIK DAN CALON (A1 + A2) | E103: =SUM(E93:E102) -> 6 | F103: =SUM(F93:F102) -> 4 | G103: =SUM(G93:G102) -> 10 | H103: =SUM(H93:H102) -> 10 | I103: =SUM(I93:I102) -> 19 | J103: =SUM(J93:J102) -> 5 | K103: =SUM(K93:K102) -> 8 | L103: =SUM(L93:L102) -> 6 | ... AW103: =SUM(AW93:AW102) -> 514
A105: A.1 | B105: 6. | C105: Partai Buruh | E105: 3 | F105: 0 | G105: 1 | H105: 1 | I105: 1 | J105: 1 | K105: 0 | L105: 1 | M105: 0 | N105: 1 | O105: 0 | P105: 0 | Q105: 1 | R105: 1 | S105: 1 | T105: 0 | U105: 0 | V105: 0 | W105: 0 | X105: 1 | Y105: 1 | Z105: 1 | AA105: 0 | AB105: 0 | AC105: 0 | AD105: 0 | AE105: 1 | AF105: 0 | AG105: 0 | AH105: 0 | AI105: 0 | AJ105: 2 | AK105: 0 | AL105: 0 | AM105: 3 | AN105: 1 | AO105: 0 | AP105: 0 | AQ105: 2 | AR105: 0 | AS105: 0 | AT105: 1 | AU105: 2 | AV105: 0 | AW105: =SUM(E105:AV105) -> 27
A106: A.2 | B106: 1 | C106: 1. KHOIRUL ANAM | E106: 0 | F106: 0 | G106: 0 | H106: 1 | I106: 1 | J106: 0 | K106: 0 | L106: 0 | M106: 1 | N106: 0 | O106: 0 | P106: 0 | Q106: 1 | R106: 2 | S106: 0 | T106: 1 | U106: 2 | V106: 1 | W106: 0 | X106: 0 | Y106: 0 | Z106: 0 | AA106: 0 | AB106: 0 | AC106: 2 | AD106: 0 | AE106: 0 | AF106: 0 | AG106: 0 | AH106: 1 | AI106: 0 | AJ106: 0 | AK106: 1 | AL106: 1 | AM106: 0 | AN106: 2 | AO106: 0 | AP106: 0 | AQ106: 0 | AR106: 0 | AS106: 0 | AT106: 0 | AU106: 0 | AV106: 0 | AW106: =SUM(E106:AV106) -> 17
B107: 2 | C107: 2. INA KURNIA | E107: 0 | F107: 0 | G107: 0 | H107: 0 | I107: 0 | J107: 0 | K107: 0 | L107: 0 | M107: 0 | N107: 0 | O107: 0 | P107: 0 | Q107: 1 | R107: 1 | S107: 0 | T107: 0 | U107: 0 | V107: 1 | W107: 0 | X107: 0 | Y107: 0 | Z107: 0 | AA107: 0 | AB107: 0 | AC107: 0 | AD107: 0 | AE107: 1 | AF107: 0 | AG107: 0 | AH107: 0 | AI107: 0 | AJ107: 0 | AK107: 0 | AL107: 0 | AM107: 0 | AN107: 0 | AO107: 0 | AP107: 1 | AQ107: 1 | AR107: 0 | AS107: 0 | AT107: 0 | AU107: 0 | AV107: 0 | AW107: =SUM(E107:AV107) -> 6
B108: 3 | C108: 3. JIBRAL TAROUK | E108: 1 | F108: 0 | G108: 0 | H108: 0 | I108: 0 | J108: 0 | K108: 0 | L108: 0 | M108: 0 | N108: 0 | O108: 0 | P108: 0 | Q108: 0 | R108: 0 | S108: 0 | T108: 0 | U108: 0 | V108: 0 | W108: 0 | X108: 0 | Y108: 0 | Z108: 0 | AA108: 0 | AB108: 0 | AC108: 0 | AD108: 0 | AE108: 0 | AF108: 0 | AG108: 1 | AH108: 0 | AI108: 0 | AJ108: 0 | AK108: 0 | AL108: 0 | AM108: 0 | AN108: 0 | AO108: 0 | AP108: 1 | AQ108: 0 | AR108: 0 | AS108: 0 | AT108: 0 | AU108: 0 | AV108: 0 | AW108: =SUM(E108:AV108) -> 3
B109: 4 | C109: 4. ASTUTI DAENG PUJI | E109: 0 | F109: 0 | G109: 0 | H109: 0 | I109: 0 | J109: 0 | K109: 0 | L109: 0 | M109: 0 | N109: 0 | O109: 0 | P109: 0 | Q109: 0 | R109: 0 | S109: 1 | T109: 0 | U109: 0 | V109: 0 | W109: 0 | X109: 0 | Y109: 0 | Z109: 0 | AA109: 0 | AB109: 0 | AC109: 0 | AD109: 1 | AE109: 0 | AF109: 0 | AG109: 0 | AH109: 0 | AI109: 0 | AJ109: 0 | AK109: 0 | AL109: 0 | AM109: 0 | AN109: 0 | AO109: 0 | AP109: 0 | AQ109: 0 | AR109: 0 | AS109: 0 | AT109: 0 | AU109: 0 | AV109: 0 | AW109: =SUM(E109:AV109) -> 2
B110: 5 | C110: 5. ASDARMAWAN | E110: 0 | F110: 0 | G110: 0 | H110: 0 | I110: 0 | J110: 0 | K110: 0 | L110: 0 | M110: 0 | N110: 0 | O110: 0 | P110: 0 | Q110: 0 | R110: 0 | S110: 0 | T110: 0 | U110: 0 | V110: 0 | W110: 0 | X110: 0 | Y110: 0 | Z110: 0 | AA110: 0 | AB110: 0 | AC110: 0 | AD110: 0 | AE110: 0 | AF110: 0 | AG110: 0 | AH110: 0 | AI110: 0 | AJ110: 0 | AK110: 0 | AL110: 0 | AM110: 0 | AN110: 0 | AO110: 0 | AP110: 0 | AQ110: 0 | AR110: 0 | AS110: 0 | AT110: 0 | AU110: 0 | AV110: 0 | AW110: =SUM(E110:AV110) -> 0
B111: 6 | C111: 6. RIFQI MUBAROK | E111: 0 | F111: 0 | G111: 0 | H111: 0 | I111: 0 | J111: 0 | K111: 0 | L111: 0 | M111: 0 | N111: 0 | O111: 0 | P111: 0 | Q111: 0 | R111: 0 | S111: 0 | T111: 0 | U111: 0 | V111: 0 | W111: 0 | X111: 0 | Y111: 0 | Z111: 0 | AA111: 0 | AB111: 0 | AC111: 0 | AD111: 0 | AE111: 0 | AF111: 0 | AG111: 0 | AH111: 0 | AI111: 0 | AJ111: 0 | AK111: 0 | AL111: 0 | AM111: 0 | AN111: 0 | AO111: 0 | AP111: 0 | AQ111: 0 | AR111: 0 | AS111: 0 | AT111: 0 | AU111: 0 | AV111: 0 | AW111: =SUM(E111:AV111) -> 0
B112: 7 | C112: 7. FIRNANDA ALTA MEGA | E112: 0 | F112: 0 | G112: 0 | H112: 0 | I112: 0 | J112: 0 | K112: 0 | L112: 0 | M112: 0 | N112: 0 | O112: 0 | P112: 0 | Q112: 0 | R112: 0 | S112: 0 | T112: 0 | U112: 0 | V112: 0 | W112: 0 | X112: 0 | Y112: 0 | Z112: 0 | AA112: 0 | AB112: 0 | AC112: 0 | AD112: 0 | AE112: 0 | AF112: 0 | AG112: 0 | AH112: 0 | AI112: 0 | AJ112: 0 | AK112: 0 | AL112: 0 | AM112: 0 | AN112: 0 | AO112: 0 | AP112: 0 | AQ112: 0 | AR112: 0 | AS112: 0 | AT112: 0 | AU112: 0 | AV112: 0 | AW112: =SUM(E112:AV112) -> 0
AW113: =SUM(E113:AV113) -> 0
AW114: =SUM(E114:AV114) -> 0
A115: B | B115: JUMLAH SUARA SAH PARTAI POLITIK DAN CALON (A1 + A2) | E115: =SUM(E105:E114) -> 4 | F115: =SUM(F105:F114) -> 0 | G115: =SUM(G105:G114) -> 1 | H115: =SUM(H105:H114) -> 2 | I115: =SUM(I105:I114) -> 2 | J115: =SUM(J105:J114) -> 1 | K115: =SUM(K105:K114) -> 0 | L115: =SUM(L105:L114) -> 1 | ... AW115: =SUM(AW105:AW114) -> 55
A117: A.1 | B117: 7. | C117: Partai Gelombang Rakyat Indonesia | E117: 0 | F117: 0 | G117: 0 | H117: 0 | I117: 1 | J117: 1 | K117: 0 | L117: 2 | M117: 0 | N117: 0 | O117: 0 | P117: 1 | Q117: 1 | R117: 1 | S117: 0 | T117: 0 | U117: 0 | V117: 0 | W117: 0 | X117: 3 | Y117: 0 | Z117: 0 | AA117: 0 | AB117: 0 | AC117: 1 | AD117: 1 | AE117: 0 | AF117: 2 | AG117: 0 | AH117: 0 | AI117: 0 | AJ117: 1 | AK117: 1 | AL117: 0 | AM117: 0 | AN117: 0 | AO117: 0 | AP117: 0 | AQ117: 1 | AR117: 0 | AS117: 1 | AT117: 0 | AU117: 0 | AV117: 0 | AW117: =SUM(E117:AV117) -> 18
...

Sheet SUMBERSARI
C2: Kecamatan | D2: SRONO
C3: Kabupaten | D3: BANYUWANGI
C4: Provinsi | D4: JAWA TIMUR
C9: Kelurahan | D9: SUMBERSARI
A12: I | B12: DATA PEMILIH DAN PENGGUNAAN HAK PILIH | AH12: JUMLAH AKHIR
A13: A | B13: DATA PEMILIH | E13: TPS 001 | F13: TPS 002 | G13: TPS 003 | H13: TPS 004 | I13: TPS 005 | J13: TPS 006 | K13: TPS 007 | L13: TPS 008 | M13: TPS 009 | N13: TPS 010 | O13: TPS 011 | P13: TPS 012 | Q13: TPS 013 | R13: TPS 014 | S13: TPS 015 | T13: TPS 016 | U13: TPS 017 | V13: TPS 018 | W13: TPS 019 | X13: TPS 020 | Y13: TPS 021 | Z13: TPS 022 | AA13: TPS 023 | AB13: TPS 024 | AC13: TPS 025 | AD13: TPS 026 | AE13: TPS 027 | AF13: TPS 028 | AG13: TPS 029
B14: Jumlah Pemilih dalam Daftar Pemilih Tetap (DPT) | D14: LK | E14: 147 | F14: 147 | G14: 148 | H14: 148 | I14: 133 | J14: 145 | K14: 143 | L14: 127 | M14: 135 | N14: 137 | O14: 145 | P14: 148 | Q14: 151 | R14: 147 | S14: 151 | T14: 141 | U14: 129 | V14: 143 | W14: 141 | X14: 134 | Y14: 144 | Z14: 147 | AA14: 131 | AB14: 140 | AC14: 146 | AD14: 137 | AE14: 137 | AF14: 117 | AG14: 71 | AH14: =SUM(E14:AG14) -> 4010
D15: PR | E15: 132 | F15: 131 | G15: 143 | H15: 148 | I15: 146 | J15: 137 | K15: 138 | L15: 130 | M15: 149 | N15: 137 | O15: 153 | P15: 149 | Q15: 139 | R15: 150 | S15: 139 | T15: 152 | U15: 145 | V15: 127 | W15: 132 | X15: 139 | Y15: 148 | Z15: 135 | AA15: 141 | AB15: 136 | AC15: 140 | AD15: 133 | AE15: 139 | AF15: 94 | AG15: 75 | AH15: =SUM(E15:AG15) -> 3957
D16: JML | E16: =SUM(E14:E15) -> 279 | F16: =SUM(F14:F15) -> 278 | G16: =SUM(G14:G15) -> 291 | H16: =SUM(H14:H15) -> 296 | I16: =SUM(I14:I15) -> 279 | J16: =SUM(J14:J15) -> 282 | K16: =SUM(K14:K15) -> 281 | L16: =SUM(L14:L15) -> 257 | ... AG16: =SUM(AG14:AG15) -> 146 | AH16: =SUM(E16:AG16) -> 7967
A18: B | B18: PENGGUNA HAK PILIH
B19: 1. | C19: Jumlah pengguna hak pilih dalam Daftar Pemilih Tetap (DPT) | D19: LK | E19: 115 | F19: 109 | G19: 124 | H19: 112 | I19: 102 | J19: 101 | K19: 107 | L19: 87 | M19: 104 | N19: 101 | O19: 104 | P19: 95 | Q19: 95 | R19: 113 | S19: 103 | T19: 107 | U19: 94 | V19: 110 | W19: 113 | X19: 102 | Y19: 107 | Z19: 108 | AA19: 96 | AB19: 104 | AC19: 113 | AD19: 101 | AE19: 102 | AF19: 88 | AG19: 53 | AH19: =SUM(E19:AG19) -> 2970
D20: PR | E20: 109 | F20: 104 | G20: 120 | H20: 123 | I20: 116 | J20: 106 | K20: 109 | L20: 106 | M20: 121 | N20: 108 | O20: 122 | P20: 122 | Q20: 106 | R20: 130 | S20: 106 | T20: 117 | U20: 122 | V20: 108 | W20: 111 | X20: 112 | Y20: 124 | Z20: 102 | AA20: 104 | AB20: 113 | AC20: 115 | AD20: 105 | AE20: 117 | AF20: 71 | AG20: 60 | AH20: =SUM(E20:AG20) -> 3189
D21: JML | E21: =SUM(E19:E20) -> 224 | F21: =SUM(F19:F20) -> 213 | G21: =SUM(G19:G20) -> 244 | H21: =SUM(H19:H20) -> 235 | I21: =SUM(I19:I20) -> 218 | J21: =SUM(J19:J20) -> 207 | K21: =SUM(K19:K20) -> 216 | L21: =SUM(L19:L20) -> 193 | ... AG21: =SUM(AG19:AG20) -> 113 | AH21: =SUM(E21:AG21) -> 6159
B22: 2. | C22: Jumlah pengguna hak pilih dalam Daftar Pemilih Tambahan (DPTb) | D22: LK | E22: 0 | F22: 0 | G22: 0 | H22: 0 | I22: 0 | J22: 0 | K22: 0 | L22: 0 | M22: 0 | N22: 0 | O22: 0 | P22: 0 | Q22: 0 | R22: 0 | S22: 0 | T22: 0 | U22: 0 | V22: 0 | W22: 0 | X22: 0 | Y22: 0 | Z22: 1 | AA22: 0 | AB22: 0 | AC22: 0 | AD22: 0 | AE22: 0 | AF22: 0 | AG22: 0 | AH22: =SUM(E22:AG22) -> 1
D23: PR | E23: 0 | F23: 0 | G23: 0 | H23: 0 | I23: 0 | J23: 0 | K23: 0 | L23: 0 | M23: 0 | N23: 0 | O23: 1 | P23: 0 | Q23: 3 | R23: 0 | S23: 0 | T23: 0 | U23: 0 | V23: 0 | W23: 0 | X23: 0 | Y23: 0 | Z23: 0 | AA23: 0 | AB23: 0 | AC23: 0 | AD23: 0 | AE23: 0 | AF23: 0 | AG23: 0 | AH23: =SUM(E23:AG23) -> 4
D24: JML | E24: =SUM(E22:E23) -> 0 | F24: =SUM(F22:F23) -> 0 | G24: =SUM(G22:G23) -> 0 | H24: =SUM(H22:H23) -> 0 | I24: =SUM(I22:I23) -> 0 | J24: =SUM(J22:J23) -> 0 | K24: =SUM(K22:K23) -> 0 | L24: =SUM(L22:L23) -> 0 | ... AG24: =SUM(AG22:AG23) -> 0 | AH24: =SUM(E24:AG24) -> 5
B25: 3. | C25: Jumlah pengguna hak pilih dalam Daftar Pemilih Khusus (DPK) | D25: LK | E25: 1 | F25: 1 | G25: 0 | H25: 5 | I25: 0 | J25: 5 | K25: 1 | L25: 2 | M25: 0 | N25: 1 | O25: 0 | P25: 0 | Q25: 1 | R25: 0 | S25: 1 | T25: 5 | U25: 6 | V25: 1 | W25: 0 | X25: 2 | Y25: 0 | Z25: 1 | AA25: 1 | AB25: 2 | AC25: 0 | AD25: 2 | AE25: 2 | AF25: 2 | AG25: 0 | AH25: =SUM(E25:AG25) -> 42
D26: PR | E26: 4 | F26: 1 | G26: 3 | H26: 1 | I26: 1 | J26: 2 | K26: 0 | L26: 1 | M26: 3 | N26: 2 | O26: 0 | P26: 0 | Q26: 8 | R26: 0 | S26: 5 | T26: 7 | U26: 2 | V26: 5 | W26: 2 | X26: 5 | Y26: 0 | Z26: 3 | AA26: 5 | AB26: 3 | AC26: 0 | AD26: 4 | AE26: 3 | AF26: 1 | AG26: 0 | AH26: =SUM(E26:AG26) -> 71
D27: JML | E27: =SUM(E25:E26) -> 5 | F27: =SUM(F25:F26) -> 2 | G27: =SUM(G25:G26) -> 3 | H27: =SUM(H25:H26) -> 6 | I27: =SUM(I25:I26) -> 1 | J27: =SUM(J25:J26) -> 7 | K27: =SUM(K25:K26) -> 1 | L27: =SUM(L25:L26) -> 3 | ... AG27: =SUM(AG25:AG26) -> 0 | AH27: =SUM(E27:AG27) -> 113
B28: 4. | C28: Jumlah Pengguna Hak Pilih (B.1+B.2+B.3) | D28: LK | E28: =SUM(E19,E22,E25) -> 116 | F28: =SUM(F19,F22,F25) -> 110 | G28: =SUM(G19,G22,G25) -> 124 | H28: =SUM(H19,H22,H25) -> 117 | I28: =SUM(I19,I22,I25) -> 102 | J28: =SUM(J19,J22,J25) -> 106 | K28: =SUM(K19,K22,K25) -> 108 | L28: =SUM(L19,L22,L25) -> 89 | ... AG28: =SUM(AG19,AG22,AG25) -> 53 | AH28: =SUM(E28:AG28) -> 3013
D29: PR | E29: =SUM(E20,E23,E26) -> 113 | F29: =SUM(F20,F23,F26) -> 105 | G29: =SUM(G20,G23,G26) -> 123 | H29: =SUM(H20,H23,H26) -> 124 | I29: =SUM(I20,I23,I26) -> 117 | J29: =SUM(J20,J23,J26) -> 108 | K29: =SUM(K20,K23,K26) -> 109 | L29: =SUM(L20,L23,L26) -> 107 | ... AG29: =SUM(AG20,AG23,AG26) -> 60 | AH29: =SUM(E29:AG29) -> 3264
D30: JML | E30: =SUM(E28:E29) -> 229 | F30: =SUM(F28:F29) -> 215 | G30: =SUM(G28:G29) -> 247 | H30: =SUM(H28:H29) -> 241 | I30: =SUM(I28:I29) -> 219 | J30: =SUM(J28:J29) -> 214 | K30: =SUM(K28:K29) -> 217 | L30: =SUM(L28:L29) -> 196 | ... AG30: =SUM(AG28:AG29) -> 113 | AH30: =SUM(E30:AG30) -> 6277
A32: II | B32: DATA PENGGUNAAN SURAT SUARA
A33: 1 | B33: Jumlah surat suara yang diterima, termasuk surat suara cadangan 2,5% dari DPT | E33: 285 | F33: 284 | G33: 297 | H33: 292 | I33: 285 | J33: 278 | K33: 287 | L33: 263 | M33: 281 | N33: 290 | O33: 296 | P33: 303 | Q33: 296 | R33: 303 | S33: 286 | T33: 299 | U33: 280 | V33: 276 | W33: 279 | X33: 279 | Y33: 298 | Z33: 288 | AA33: 278 | AB33: 282 | AC33: 293 | AD33: 267 | AE33: 282 | AF33: 216 | AG33: 148 | AH33: =SUM(E33:AG33) -> 8091
A34: 2 | B34: Jumlah surat suara yang digunakan | E34: 229 | F34: 215 | G34: 247 | H34: 241 | I34: 219 | J34: 214 | K34: 217 | L34: 196 | M34: 228 | N34: 212 | O34: 227 | P34: 217 | Q34: 213 | R34: 243 | S34: 215 | T34: 236 | U34: 224 | V34: 224 | W34: 226 | X34: 221 | Y34: 231 | Z34: 215 | AA34: 206 | AB34: 222 | AC34: 228 | AD34: 212 | AE34: 224 | AF34: 162 | AG34: 113 | AH34: =SUM(E34:AG34) -> 6277
A35: 3 | B35: Jumlah surat suara dikembalikan oleh pemilih (karena rusak atau keliru coblos) | E35: 0 | F35: 0 | G35: 2 | H35: 1 | I35: 1 | J35: 0 | K35: 0 | L35: 0 | M35: 0 | N35: 0 | O35: 0 | P35: 0 | Q35: 0 | R35: 0 | S35: 0 | T35: 1 | U35: 3 | V35: 0 | W35: 0 | X35: 0 | Y35: 0 | Z35: 0 | AA35: 0 | AB35: 0 | AC35: 1 | AD35: 0 | AE35: 0 | AF35: 0 | AG35: 0 | AH35: =SUM(E35:AG35) -> 9
A36: 4 | B36: Jumlah surat suara yang tidak digunakan/tidak terpakai, termasuk sisa surat suara cadangan | E36: =E33-(E34+E35) -> 56 | F36: =F33-(F34+F35) -> 69 | G36: =G33-(G34+G35) -> 48 | H36: =H33-(H34+H35) -> 50 | I36: =I33-(I34+I35) -> 65 | J36: =J33-(J34+J35) -> 64 | K36: =K33-(K34+K35) -> 70 | L36: =L33-(L34+L35) -> 67 | ... AG36: =AG33-(AG34+AG35) -> 35 | AH36: =SUM(E36:AG36) -> 1805
A38: III | B38: DATA PEMILIH DISABILITAS
B39: Jumlah seluruh Pemilih disabilitas yang menggunakan hak pilih | D39: LK | E39: 0 | F39: 0 | G39: 0 | H39: 0 | I39: 0 | J39: 1 | K39: 0 | L39: 0 | M39: 0 | N39: 1 | O39: 0 | P39: 0 | Q39: 1 | R39: 0 | S39: 0 | T39: 0 | U39: 0 | V39: 0 | W39: 0 | X39: 0 | Y39: 4 | Z39: 0 | AA39: 0 | AB39: 0 | AC39: 0 | AD39: 0 | AE39: 0 | AF39: 0 | AG39: 0 | AH39: =SUM(E39:AG39) -> 7
D40: PR | E40: 0 | F40: 0 | G40: 0 | H40: 0 | I40: 0 | J40: 0 | K40: 0 | L40: 0 | M40: 0 | N40: 0 | O40: 0 | P40: 0 | Q40: 0 | R40: 0 | S40: 0 | T40: 0 | U40: 0 | V40: 0 | W40: 0 | X40: 0 | Y40: 0 | Z40: 0 | AA40: 0 | AB40: 0 | AC40: 0 | AD40: 0 | AE40: 0 | AF40: 0 | AG40: 0 | AH40: =SUM(E40:AG40) -> 0
D41: JML | E41: =SUM(E39:E40) -> 0 | F41: =SUM(F39:F40) -> 0 | G41: =SUM(G39:G40) -> 0 | H41: =SUM(H39:H40) -> 0 | I41: =SUM(I39:I40) -> 0 | J41: =SUM(J39:J40) -> 1 | K41: =SUM(K39:K40) -> 0 | L41: =SUM(L39:L40) -> 0 | ... AG41: =SUM(AG39:AG40) -> 0 | AH41: =SUM(E41:AG41) -> 7
A43: IV | B43: DATA RINCIAN PEROLEHAN SUARA PASANGAN CALON BUPATI DAN WAKIL BUPATI
A44: NOMOR DAN NAMA CALON
A45: A.1 | B45: 1. | C45: Partai Kebangkitan Bangsa | E45: 6 | F45: 7 | G45: 9 | H45: 4 | I45: 9 | J45: 8 | K45: 6 | L45: 5 | M45: 4 | N45: 10 | O45: 1 | P45: 7 | Q45: 5 | R45: 6 | S45: 12 | T45: 5 | U45: 6 | V45: 14 | W45: 3 | X45: 2 | Y45: 11 | Z45: 7 | AA45: 7 | AB45: 4 | AC45: 7 | AD45: 3 | AE45: 7 | AF45: 9 | AG45: 3 | AH45: =SUM(E45:AG45) -> 187
A46: A.2 | B46: 1 | C46: 1. Dr. Hj. NIHAYATUL WAFIROH, M.A. | E46: 27 | F46: 20 | G46: 38 | H46: 28 | I46: 25 | J46: 26 | K46: 35 | L46: 19 | M46: 12 | N46: 17 | O46: 16 | P46: 13 | Q46: 14 | R46: 17 | S46: 4 | T46: 22 | U46: 21 | V46: 39 | W46: 18 | X46: 35 | Y46: 33 | Z46: 23 | AA46: 6 | AB46: 2 | AC46: 11 | AD46: 33 | AE46: 18 | AF46: 3 | AG46: 6 | AH46: =SUM(E46:AG46) -> 581
B47: 2 | C47: 2. H. M. NASIM KHAN | E47: 2 | F47: 1 | G47: 1 | H47: 1 | I47: 4 | J47: 1 | K47: 1 | L47: 1 | M47: 0 | N47: 1 | O47: 2 | P47: 1 | Q47: 1 | R47: 4 | S47: 0 | T47: 2 | U47: 1 | V47: 1 | W47: 1 | X47: 1 | Y47: 1 | Z47: 2 | AA47: 0 | AB47: 0 | AC47: 1 | AD47: 2 | AE47: 0 | AF47: 0 | AG47: 0 | AH47: =SUM(E47:AG47) -> 33
B48: 3 | C48: 3. Dr. H. AKIK ZAMAN, M.Pd.I. | E48: 1 | F48: 0 | G48: 0 | H48: 2 | I48: 1 | J48: 1 | K48: 2 | L48: 0 | M48: 0 | N48: 1 | O48: 0 | P48: 2 | Q48: 0 | R48: 0 | S48: 1 | T48: 1 | U48: 0 | V48: 2 | W48: 0 | X48: 1 | Y48: 1 | Z48: 0 | AA48: 0 | AB48: 0 | AC48: 0 | AD48: 2 | AE48: 0 | AF48: 1 | AG48: 1 | AH48: =SUM(E48:AG48) -> 20
B49: 4 | C49: 4. AHMAD RIFA'I, S.H. | E49: 1 | F49: 0 | G49: 0 | H49: 1 | I49: 0 | J49: 0 | K49: 1 | L49: 2 | M49: 3 | N49: 0 | O49: 0 | P49: 0 | Q49: 0 | R49: 1 | S49: 0 | T49: 0 | U49: 0 | V49: 0 | W49: 1 | X49: 1 | Y49: 0 | Z49: 0 | AA49: 0 | AB49: 1 | AC49: 2 | AD49: 0 | AE49: 2 | AF49: 0 | AG49: 0 | AH49: =SUM(E49:AG49) -> 16
B50: 5 | C50: 5. Drs. H. MAHFUD M.N. | E50: 0 | F50: 0 | G50: 0 | H50: 1 | I50: 0 | J50: 0 | K50: 0 | L50: 0 | M50: 0 | N50: 0 | O50: 0 | P50: 1 | Q50: 1 | R50: 1 | S50: 0 | T50: 1 | U50: 0 | V50: 1 | W50: 1 | X50: 0 | Y50: 0 | Z50: 0 | AA50: 0 | AB50: 1 | AC50: 2 | AD50: 1 | AE50: 0 | AF50: 0 | AG50: 0 | AH50: =SUM(E50:AG50) -> 11
B51: 6 | C51: 6. NURHAYATI, S.Pd. | E51: 0 | F51: 0 | G51: 0 | H51: 0 | I51: 1 | J51: 0 | K51: 0 | L51: 0 | M51: 0 | N51: 0 | O51: 0 | P51: 1 | Q51: 0 | R51: 0 | S51: 0 | T51: 0 | U51: 0 | V51: 0 | W51: 0 | X51: 0 | Y51: 0 | Z51: 0 | AA51: 0 | AB51: 0 | AC51: 0 | AD51: 0 | AE51: 0 | AF51: 0 | AG51: 0 | AH51: =SUM(E51:AG51) -> 2
B52: 7 | C52: 7. MAFTUHA KISWAH | E52: 0 | F52: 0 | G52: 0 | H52: 0 | I52: 0 | J52: 0 | K52: 0 | L52: 0 | M52: 0 | N52: 0 | O52: 0 | P52: 0 | Q52: 0 | R52: 0 | S52: 0 | T52: 0 | U52: 0 | V52: 0 | W52: 0 | X52: 0 | Y52: 0 | Z52: 0 | AA52: 0 | AB52: 0 | AC52: 0 | AD52: 0 | AE52: 0 | AF52: 0 | AG52: 0 | AH52: =SUM(E52:AG52) -> 0
AH53: =SUM(E53:AG53) -> 0
AH54: =SUM(E54:AG54) -> 0
A55: B | B55: JUMLAH SUARA SAH PARTAI POLITIK DAN CALON (A1 + A2) | E55: =SUM(E45:E54) -> 37 | F55: =SUM(F45:F54) -> 28 | G55: =SUM(G45:G54) -> 48 | H55: =SUM(H45:H54) -> 37 | I55: =SUM(I45:I54) -> 40 | J55: =SUM(J45:J54) -> 36 | K55: =SUM(K45:K54) -> 45 | L55: =SUM(L45:L54) -> 27 | ... AH55: =SUM(AH45:AH54) -> 850
A57: A.1 | B57: 2. | C57: Partai Gerakan Indonesia Raya | E57: 14 | F57: 9 | G57: 12 | H57: 15 | I57: 19 | J57: 23 | K57: 6 | L57: 9 | M57: 12 | N57: 6 | O57: 5 | P57: 10 | Q57: 9 | R57: 15 | S57: 9 | T57: 5 | U57: 6 | V57: 7 | W57: 17 | X57: 10 | Y57: 12 | Z57: 7 | AA57: 4 | AB57: 5 | AC57: 12 | AD57: 8 | AE57: 9 | AF57: 14 | AG57: 6 | AH57: =SUM(E57:AG57) -> 295
A58: A.2 | B58: 1 | C58: 1. SUMAIL ABDULLAH | E58: 8 | F58: 3 | G58: 9 | H58: 6 | I58: 3 | J58: 9 | K58: 7 | L58: 13 | M58: 6 | N58: 5 | O58: 9 | P58: 4 | Q58: 7 | R58: 9 | S58: 2 | T58: 12 | U58: 3 | V58: 3 | W58: 5 | X58: 6 | Y58: 8 | Z58: 8 | AA58: 4 | AB58: 3 | AC58: 6 | AD58: 5 | AE58: 2 | AF58: 5 | AG58: 3 | AH58: =SUM(E58:AG58) -> 173
B59: 2 | C59: 2. MUHAMMAD ALI ADRIAN SALEH | E59: 2 | F59: 9 | G59: 5 | H59: 2 | I59: 4 | J59: 2 | K59: 1 | L59: 0 | M59: 3 | N59: 1 | O59: 3 | P59: 3 | Q59: 1 | R59: 3 | S59: 2 | T59: 2 | U59: 0 | V59: 2 | W59: 1 | X59: 0 | Y59: 3 | Z59: 1 | AA59: 0 | AB59: 6 | AC59: 8 | AD59: 1 | AE59: 1 | AF59: 3 | AG59: 1 | AH59: =SUM(E59:AG59) -> 70
B60: 3 | C60: 3. DURROTUN NAFISAH | E60: 42 | F60: 53 | G60: 8 | H60: 9 | I60: 1 | J60: 4 | K60: 1 | L60: 1 | M60: 5 | N60: 11 | O60: 6 | P60: 18 | Q60: 2 | R60: 2 | S60: 0 | T60: 3 | U60: 3 | V60: 1 | W60: 0 | X60: 3 | Y60: 1 | Z60: 1 | AA60: 0 | AB60: 0 | AC60: 1 | AD60: 1 | AE60: 0 | AF60: 3 | AG60: 2 | AH60: =SUM(E60:AG60) -> 182
B61: 4 | C61: 4. H. EKO SUSILO NURHIDAYAT | E61: 1 | F61: 2 | G61: 5 | H61: 5 | I61: 3 | J61: 2 | K61: 2 | L61: 2 | M61: 0 | N61: 0 | O61: 4 | P61: 2 | Q61: 3 | R61: 0 | S61: 1 | T61: 2 | U61: 0 | V61: 0 | W61: 3 | X61: 4 | Y61: 1 | Z61: 3 | AA61: 0 | AB61: 1 | AC61: 1 | AD61: 0 | AE61: 3 | AF61: 0 | AG61: 1 | AH61: =SUM(E61:AG61) -> 51
B62: 5 | C62: 5. KARNADI HARIJANTO, S.S. | E62: 0 | F62: 0 | G62: 1 | H62: 0 | I62: 0 | J62: 1 | K62: 0 | L62: 0 | M62: 0 | N62: 0 | O62: 0 | P62: 0 | Q62: 0 | R62: 1 | S62: 0 | T62: 0 | U62: 0 | V62: 0 | W62: 0 | X62: 1 | Y62: 0 | Z62: 0 | AA62: 0 | AB62: 0 | AC62: 0 | AD62: 1 | AE62: 1 | AF62: 0 | AG62: 0 | AH62: =SUM(E62:AG62) -> 6
B63: 6 | C63: 6. NURHAYATI | E63: 1 | F63: 0 | G63: 1 | H63: 0 | I63: 0 | J63: 0 | K63: 2 | L63: 1 | M63: 2 | N63: 1 | O63: 1 | P63: 0 | Q63: 1 | R63: 0 | S63: 1 | T63: 0 | U63: 0 | V63: 0 | W63: 0 | X63: 0 | Y63: 0 | Z63: 0 | AA63: 0 | AB63: 0 | AC63: 1 | AD63: 1 | AE63: 0 | AF63: 0 | AG63: 1 | AH63: =SUM(E63:AG63) -> 14
B64: 7 | C64: 7. MASHUDI | E64: 0 | F64: 0 | G64: 1 | H64: 0 | I64: 0 | J64: 0 | K64: 0 | L64: 0 | M64: 0 | N64: 0 | O64: 2 | P64: 0 | Q64: 0 | R64: 2 | S64: 0 | T64: 1 | U64: 0 | V64: 1 | W64: 1 | X64: 0 | Y64: 0 | Z64: 4 | AA64: 0 | AB64: 0 | AC64: 0 | AD64: 0 | AE64: 0 | AF64: 0 | AG64: 1 | AH64: =SUM(E64:AG64) -> 13
AH65: =SUM(E65:AG65) -> 0
AH66: =SUM(E66:AG66) -> 0
A67: B | B67: JUMLAH SUARA SAH PARTAI POLITIK DAN CALON (A1 + A2) | E67: =SUM(E57:E66) -> 68 | F67: =SUM(F57:F66) -> 76 | G67: =SUM(G57:G66) -> 42 | H67: =SUM(H57:H66) -> 37 | I67: =SUM(I57:I66) -> 30 | J67: =SUM(J57:J66) -> 41 | K67: =SUM(K57:K66) -> 19 | L67: =SUM(L57:L66) -> 26 | ... AH67: =SUM(AH57:AH66) -> 804
A69: A.1 | B69: 3. | C69: Partai Demokrasi Indonesia Perjuangan | E69: 6 | F69: 8 | G69: 7 | H69: 12 | I69: 3 | J69: 3 | K69: 5 | L69: 8 | M69: 6 | N69: 7 | O69: 4 | P69: 10 | Q69: 10 | R69: 12 | S69: 15 | T69: 9 | U69: 3 | V69: 2 | W69: 4 | X69: 1 | Y69: 2 | Z69: 5 | AA69: 9 | AB69: 5 | AC69: 3 | AD69: 5 | AE69: 5 | AF69: 16 | AG69: 5 | AH69: =SUM(E69:AG69) -> 190
A70: A.2 | B70: 1 | C70: 1. SONNY TRI DANAPARAMITA, S.H., M.H. | E70: 1 | F70: 11 | G70: 25 | H70: 13 | I70: 2 | J70: 8 | K70: 4 | L70: 8 | M70: 12 | N70: 10 | O70: 12 | P70: 13 | Q70: 9 | R70: 22 | S70: 11 | T70: 6 | U70: 4 | V70: 8 | W70: 6 | X70: 3 | Y70: 2 | Z70: 25 | AA70: 7 | AB70: 12 | AC70: 7 | AD70: 13 | AE70: 10 | AF70: 19 | AG70: 8 | AH70: =SUM(E70:AG70) -> 291
B71: 2 | C71: 2. H. MOHAMAD GUNTUR ROMLI | E71: 2 | F71: 2 | G71: 0 | H71: 12 | I71: 1 | J71: 1 | K71: 2 | L71: 4 | M71: 4 | N71: 9 | O71: 29 | P71: 19 | Q71: 22 | R71: 11 | S71: 27 | T71: 12 | U71: 2 | V71: 10 | W71: 1 | X71: 4 | Y71: 1 | Z71: 1 | AA71: 3 | AB71: 4 | AC71: 2 | AD71: 1 | AE71: 7 | AF71: 22 | AG71: 10 | AH71: =SUM(E71:AG71) -> 225
B72: 3 | C72: 3. INA AMMANIA | E72: 3 | F72: 0 | G72: 2 | H72: 0 | I72: 0 | J72: 3 | K72: 1 | L72: 1 | M72: 8 | N72: 1 | O72: 3 | P72: 1 | Q72: 1 | R72: 1 | S72: 1 | T72: 2 | U72: 0 | V72: 2 | W72: 1 | X72: 0 | Y72: 0 | Z72: 1 | AA72: 27 | AB72: 7 | AC72: 9 | AD72: 2 | AE72: 0 | AF72: 1 | AG72: 2 | AH72: =SUM(E72:AG72) -> 80
B73: 4 | C73: 4. IRWAN BACHTIAR RACHMAT, M.Si. | E73: 0 | F73: 0 | G73: 1 | H73: 2 | I73: 0 | J73: 1 | K73: 1 | L73: 0 | M73: 0 | N73: 0 | O73: 2 | P73: 0 | Q73: 0 | R73: 2 | S73: 1 | T73: 1 | U73: 0 | V73: 0 | W73: 0 | X73: 0 | Y73: 0 | Z73: 0 | AA73: 0 | AB73: 1 | AC73: 1 | AD73: 0 | AE73: 0 | AF73: 0 | AG73: 0 | AH73: =SUM(E73:AG73) -> 13
B74: 5 | C74: 5. LUCKY PERDANA | E74: 1 | F74: 0 | G74: 0 | H74: 1 | I74: 4 | J74: 0 | K74: 0 | L74: 1 | M74: 3 | N74: 1 | O74: 2 | P74: 1 | Q74: 2 | R74: 3 | S74: 2 | T74: 2 | U74: 1 | V74: 1 | W74: 0 | X74: 1 | Y74: 2 | Z74: 0 | AA74: 1 | AB74: 0 | AC74: 0 | AD74: 1 | AE74: 3 | AF74: 2 | AG74: 2 | AH74: =SUM(E74:AG74) -> 37
B75: 6 | C75: 6. WIWIK PUJIYATI | E75: 1 | F75: 0 | G75: 0 | H75: 4 | I75: 1 | J75: 0 | K75: 0 | L75: 0 | M75: 0 | N75: 0 | O75: 4 | P75: 1 | Q75: 1 | R75: 0 | S75: 0 | T75: 0 | U75: 0 | V75: 0 | W75: 0 | X75: 0 | Y75: 0 | Z75: 0 | AA75: 0 | AB75: 1 | AC75: 0 | AD75: 0 | AE75: 0 | AF75: 1 | AG75: 2 | AH75: =SUM(E75:AG75) -> 16
B76: 7 | C76: 7. CHANDRA ASTAN, S.T. | E76: 0 | F76: 1 | G76: 0 | H76: 1 | I76: 0 | J76: 0 | K76: 0 | L76: 0 | M76: 0 | N76: 1 | O76: 0 | P76: 0 | Q76: 0 | R76: 1 | S76: 0 | T76: 0 | U76: 0 | V76: 0 | W76: 0 | X76: 0 | Y76: 0 | Z76: 0 | AA76: 0 | AB76: 0 | AC76: 0 | AD76: 0 | AE76: 0 | AF76: 1 | AG76: 0 | AH76: =SUM(E76:AG76) -> 5
AH77: =SUM(E77:AG77) -> 0
AH78: =SUM(E78:AG78) -> 0
A79: B | B79: JUMLAH SUARA SAH PARTAI POLITIK DAN CALON (A1 + A2) | E79: =SUM(E69:E78) -> 14 | F79: =SUM(F69:F78) -> 22 | G79: =SUM(G69:G78) -> 35 | H79: =SUM(H69:H78) -> 45 | I79: =SUM(I69:I78) -> 11 | J79: =SUM(J69:J78) -> 16 | K79: =SUM(K69:K78) -> 13 | L79: =SUM(L69:L78) -> 22 | ... AH79: =SUM(AH69:AH78) -> 857
A81: A.1 | B81: 4. | C81: Partai Golongan Karya | E81: 3 | F81: 5 | G81: 7 | H81: 6 | I81: 7 | J81: 10 | K81: 9 | L81: 8 | M81: 11 | N81: 4 | O81: 4 | P81: 10 | Q81: 3 | R81: 3 | S81: 2 | T81: 2 | U81: 6 | V81: 4 | W81: 0 | X81: 7 | Y81: 3 | Z81: 8 | AA81: 2 | AB81: 7 | AC81: 8 | AD81: 0 | AE81: 5 | AF81: 4 | AG81: 4 | AH81: =SUM(E81:AG81) -> 152
A82: A.2 | B82: 1 | C82: 1. ZULFIKAR ARSE SADIKIN, S.I.P., M.Si. | E82: 10 | F82: 22 | G82: 27 | H82: 31 | I82: 6 | J82: 7 | K82: 24 | L82: 3 | M82: 30 | N82: 49 | O82: 7 | P82: 13 | Q82: 4 | R82: 1 | S82: 20 | T82: 16 | U82: 9 | V82: 3 | W82: 2 | X82: 30 | Y82: 10 | Z82: 21 | AA82: 10 | AB82: 102 | AC82: 36 | AD82: 13 | AE82: 8 | AF82: 8 | AG82: 3 | AH82: =SUM(E82:AG82) -> 525
B83: 2 | C83: 2. HANDOKO | E83: 1 | F83: 1 | G83: 1 | H83: 3 | I83: 5 | J83: 7 | K83: 11 | L83: 7 | M83: 6 | N83: 5 | O83: 9 | P83: 8 | Q83: 3 | R83: 1 | S83: 6 | T83: 6 | U83: 3 | V83: 0 | W83: 2 | X83: 3 | Y83: 1 | Z83: 6 | AA83: 1 | AB83: 2 | AC83: 2 | AD83: 4 | AE83: 9 | AF83: 2 | AG83: 6 | AH83: =SUM(E83:AG83) -> 121
B84: 3 | C84: 3. Hj. OVI DEWI YANTI | E84: 0 | F84: 0 | G84: 0 | H84: 0 | I84: 0 | J84: 1 | K84: 1 | L84: 1 | M84: 1 | N84: 0 | O84: 0 | P84: 2 | Q84: 0 | R84: 0 | S84: 1 | T84: 1 | U84: 1 | V84: 0 | W84: 0 | X84: 0 | Y84: 0 | Z84: 2 | AA84: 0 | AB84: 1 | AC84: 0 | AD84: 1 | AE84: 2 | AF84: 1 | AG84: 0 | AH84: =SUM(E84:AG84) -> 16
B85: 4 | C85: 4. Ir. AZAM AZMAN NATAWIJANA | E85: 0 | F85: 1 | G85: 0 | H85: 1 | I85: 1 | J85: 0 | K85: 1 | L85: 2 | M85: 0 | N85: 0 | O85: 2 | P85: 1 | Q85: 0 | R85: 0 | S85: 0 | T85: 1 | U85: 1 | V85: 0 | W85: 1 | X85: 0 | Y85: 0 | Z85: 0 | AA85: 0 | AB85: 2 | AC85: 1 | AD85: 0 | AE85: 0 | AF85: 0 | AG85: 0 | AH85: =SUM(E85:AG85) -> 15
B86: 5 | C86: 5. UBAIDILLAH AMIN, S.Kom. | E86: 0 | F86: 4 | G86: 7 | H86: 6 | I86: 1 | J86: 0 | K86: 0 | L86: 4 | M86: 1 | N86: 1 | O86: 0 | P86: 0 | Q86: 0 | R86: 1 | S86: 0 | T86: 2 | U86: 0 | V86: 2 | W86: 0 | X86: 1 | Y86: 3 | Z86: 0 | AA86: 0 | AB86: 1 | AC86: 1 | AD86: 2 | AE86: 0 | AF86: 0 | AG86: 0 | AH86: =SUM(E86:AG86) -> 37
B87: 6 | C87: 6. DENNY YUNIANDARI, S.H., M.Kn. | E87: 0 | F87: 0 | G87: 0 | H87: 2 | I87: 1 | J87: 0 | K87: 0 | L87: 0 | M87: 1 | N87: 0 | O87: 2 | P87: 0 | Q87: 1 | R87: 0 | S87: 0 | T87: 1 | U87: 1 | V87: 0 | W87: 0 | X87: 0 | Y87: 0 | Z87: 1 | AA87: 0 | AB87: 0 | AC87: 0 | AD87: 0 | AE87: 0 | AF87: 0 | AG87: 0 | AH87: =SUM(E87:AG87) -> 10
B88: 7 | C88: 7. ERNADI, S.H.I. | E88: 0 | F88: 0 | G88: 0 | H88: 0 | I88: 0 | J88: 0 | K88: 0 | L88: 0 | M88: 0 | N88: 0 | O88: 1 | P88: 0 | Q88: 0 | R88: 0 | S88: 1 | T88: 0 | U88: 0 | V88: 0 | W88: 0 | X88: 0 | Y88: 0 | Z88: 0 | AA88: 0 | AB88: 0 | AC88: 0 | AD88: 0 | AE88: 0 | AF88: 0 | AG88: 0 | AH88: =SUM(E88:AG88) -> 2
AH89: =SUM(E89:AG89) -> 0
AH90: =SUM(E90:AG90) -> 0
A91: B | B91: JUMLAH SUARA SAH PARTAI POLITIK DAN CALON (A1 + A2) | E91: =SUM(E81:E90) -> 14 | F91: =SUM(F81:F90) -> 33 | G91: =SUM(G81:G90) -> 42 | H91: =SUM(H81:H90) -> 49 | I91: =SUM(I81:I90) -> 21 | J91: =SUM(J81:J90) -> 25 | K91: =SUM(K81:K90) -> 46 | L91: =SUM(L81:L90) -> 25 | ... AH91: =SUM(AH81:AH90) -> 878
A93: A.1 | B93: 5. | C93: Partai NasDem | E93: 5 | F93: 5 | G93: 3 | H93: 3 | I93: 8 | J93: 2 | K93: 0 | L93: 2 | M93: 4 | N93: 2 | O93: 1 | P93: 2 | Q93: 4 | R93: 8 | S93: 2 | T93: 1 | U93: 1 | V93: 2 | W93: 2 | X93: 3 | Y93: 10 | Z93: 4 | AA93: 1 | AB93: 1 | AC93: 3 | AD93: 1 | AE93: 2 | AF93: 2 | AG93: 1 | AH93: =SUM(E93:AG93) -> 85
A94: A.2 | B94: 1 | C94: 1. ACH. FADIL MUZAKKI SYAH | E94: 6 | F94: 3 | G94: 3 | H94: 0 | I94: 1 | J94: 2 | K94: 0 | L94: 5 | M94: 1 | N94: 4 | O94: 1 | P94: 0 | Q94: 5 | R94: 10 | S94: 24 | T94: 3 | U94: 1 | V94: 2 | W94: 0 | X94: 3 | Y94: 5 | Z94: 1 | AA94: 2 | AB94: 1 | AC94: 2 | AD94: 2 | AE94: 0 | AF94: 2 | AG94: 1 | AH94: =SUM(E94:AG94) -> 90
B95: 2 | C95: 2. BENY | E95: 2 | F95: 0 | G95: 2 | H95: 1 | I95: 11 | J95: 13 | K95: 13 | L95: 2 | M95: 0 | N95: 5 | O95: 0 | P95: 1 | Q95: 0 | R95: 0 | S95: 1 | T95: 1 | U95: 14 | V95: 6 | W95: 3 | X95: 11 | Y95: 8 | Z95: 5 | AA95: 11 | AB95: 0 | AC95: 3 | AD95: 1 | AE95: 1 | AF95: 0 | AG95: 0 | AH95: =SUM(E95:AG95) -> 115
B96: 3 | C96: 3. VINA VERONIKA | E96: 1 | F96: 0 | G96: 0 | H96: 0 | I96: 0 | J96: 0 | K96: 0 | L96: 0 | M96: 0 | N96: 0 | O96: 0 | P96: 0 | Q96: 0 | R96: 0 | S96: 1 | T96: 0 | U96: 0 | V96: 0 | W96: 0 | X96: 0 | Y96: 2 | Z96: 0 | AA96: 0 | AB96: 0 | AC96: 0 | AD96: 0 | AE96: 0 | AF96: 0 | AG96: 0 | AH96: =SUM(E96:AG96) -> 4
B97: 4 | C97: 4. TEDDY ANUGRIANTO | E97: 0 | F97: 2 | G97: 0 | H97: 2 | I97: 1 | J97: 1 | K97: 0 | L97: 1 | M97: 4 | N97: 3 | O97: 4 | P97: 2 | Q97: 3 | R97: 2 | S97: 0 | T97: 4 | U97: 1 | V97: 3 | W97: 0 | X97: 2 | Y97: 4 | Z97: 0 | AA97: 0 | AB97: 0 | AC97: 0 | AD97: 0 | AE97: 0 | AF97: 0 | AG97: 0 | AH97: =SUM(E97:AG97) -> 39
B98: 5 | C98: 5. INSAN KAMIL | E98: 1 | F98: 0 | G98: 0 | H98: 0 | I98: 1 | J98: 0 | K98: 0 | L98: 1 | M98: 0 | N98: 0 | O98: 0 | P98: 0 | Q98: 0 | R98: 0 | S98: 1 | T98: 1 | U98: 0 | V98: 0 | W98: 0 | X98: 0 | Y98: 0 | Z98: 0 | AA98: 0 | AB98: 0 | AC98: 0 | AD98: 0 | AE98: 0 | AF98: 0 | AG98: 0 | AH98: =SUM(E98:AG98) -> 5
B99: 6 | C99: 6. LILIK LINDARWATI | E99: 0 | F99: 0 | G99: 0 | H99: 0 | I99: 0 | J99: 0 | K99: 0 | L99: 0 | M99: 0 | N99: 0 | O99: 0 | P99: 0 | Q99: 0 | R99: 0 | S99: 0 | T99: 0 | U99: 0 | V99: 0 | W99: 0 | X99: 0 | Y99: 0 | Z99: 0 | AA99: 0 | AB99: 0 | AC99: 0 | AD99: 0 | AE99: 0 | AF99: 0 | AG99: 0 | AH99: =SUM(E99:AG99) -> 0
B100: 7 | C100: 7. YULI ANITA | E100: 0 | F100: 0 | G100: 0 | H100: 0 | I100: 0 | J100: 0 | K100: 0 | L100: 1 | M100: 0 | N100: 0 | O100: 0 | P100: 0 | Q100: 0 | R100: 0 | S100: 0 | T100: 0 | U100: 0 | V100: 0 | W100: 0 | X100: 0 | Y100: 0 | Z100: 0 | AA100: 0 | AB100: 0 | AC100: 0 | AD100: 0 | AE100: 0 | AF100: 0 | AG100: 0 | AH100: =SUM(E100:AG100) -> 1
AH101: =SUM(E101:AG101) -> 0
AH102: =SUM(E102:AG102) -> 0
A103: B | B103: JUMLAH SUARA SAH PARTAI POLITIK DAN CALON (A1 + A2) | E103: =SUM(E93:E102) -> 15 | F103: =SUM(F93:F102) -> 10 | G103: =SUM(G93:G102) -> 8 | H103: =SUM(H93:H102) -> 6 | I103: =SUM(I93:I102) -> 22 | J103: =SUM(J93:J102) -> 18 | K103: =SUM(K93:K102) -> 13 | L103: =SUM(L93:L102) -> 12 | ... AH103: =SUM(AH93:AH102) -> 339
A105: A.1 | B105: 6. | C105: Partai Buruh | E105: 4 | F105: 0 | G105: 0 | H105: 0 | I105: 2 | J105: 0 | K105: 0 | L105: 0 | M105: 0 | N105: 0 | O105: 1 | P105: 0 | Q105: 1 | R105: 0 | S105: 1 | T105: 0 | U105: 0 | V105: 0 | W105: 0 | X105: 0 | Y105: 0 | Z105: 1 | AA105: 0 | AB105: 0 | AC105: 0 | AD105: 0 | AE105: 1 | AF105: 0 | AG105: 0 | AH105: =SUM(E105:AG105) -> 11
A106: A.2 | B106: 1 | C106: 1. KHOIRUL ANAM | E106: 1 | F106: 0 | G106: 0 | H106: 1 | I106: 1 | J106: 0 | K106: 0 | L106: 0 | M106: 1 | N106: 0 | O106: 1 | P106: 0 | Q106: 0 | R106: 0 | S106: 0 | T106: 0 | U106: 0 | V106: 0 | W106: 0 | X106: 0 | Y106: 0 | Z106: 0 | AA106: 0 | AB106: 0 | AC106: 1 | AD106: 0 | AE106: 0 | AF106: 1 | AG106: 0 | AH106: =SUM(E106:AG106) -> 7
B107: 2 | C107: 2. INA KURNIA | E107: 0 | F107: 0 | G107: 0 | H107: 1 | I107: 0 | J107: 0 | K107: 0 | L107: 0 | M107: 0 | N107: 0 | O107: 0 | P107: 0 | Q107: 0 | R107: 0 | S107: 0 | T107: 0 | U107: 0 | V107: 0 | W107: 0 | X107: 0 | Y107: 0 | Z107: 0 | AA107: 0 | AB107: 0 | AC107: 0 | AD107: 0 | AE107: 0 | AF107: 0 | AG107: 0 | AH107: =SUM(E107:AG107) -> 1
B108: 3 | C108: 3. JIBRAL TAROUK | E108: 0 | F108: 0 | G108: 0 | H108: 0 | I108: 0 | J108: 0 | K108: 0 | L108: 0 | M108: 0 | N108: 0 | O108: 0 | P108: 0 | Q108: 0 | R108: 0 | S108: 0 | T108: 0 | U108: 0 | V108: 0 | W108: 0 | X108: 0 | Y108: 0 | Z108: 0 | AA108: 0 | AB108: 0 | AC108: 0 | AD108: 0 | AE108: 0 | AF108: 0 | AG108: 0 | AH108: =SUM(E108:AG108) -> 0
B109: 4 | C109: 4. ASTUTI DAENG PUJI | E109: 0 | F109: 0 | G109: 0 | H109: 0 | I109: 0 | J109: 1 | K109: 0 | L109: 0 | M109: 0 | N109: 0 | O109: 0 | P109: 0 | Q109: 0 | R109: 0 | S109: 0 | T109: 0 | U109: 0 | V109: 0 | W109: 0 | X109: 0 | Y109: 0 | Z109: 0 | AA109: 0 | AB109: 0 | AC109: 0 | AD109: 1 | AE109: 0 | AF109: 0 | AG109: 0 | AH109: =SUM(E109:AG109) -> 2
B110: 5 | C110: 5. ASDARMAWAN | E110: 0 | F110: 0 | G110: 0 | H110: 0 | I110: 0 | J110: 0 | K110: 0 | L110: 0 | M110: 0 | N110: 0 | O110: 0 | P110: 0 | Q110: 0 | R110: 0 | S110: 0 | T110: 0 | U110: 0 | V110: 0 | W110: 0 | X110: 0 | Y110: 0 | Z110: 0 | AA110: 0 | AB110: 0 | AC110: 0 | AD110: 0 | AE110: 0 | AF110: 0 | AG110: 0 | AH110: =SUM(E110:AG110) -> 0
B111: 6 | C111: 6. RIFQI MUBAROK | E111: 0 | F111: 0 | G111: 0 | H111: 0 | I111: 0 | J111: 0 | K111: 0 | L111: 0 | M111: 0 | N111: 0 | O111: 0 | P111: 0 | Q111: 0 | R111: 0 | S111: 0 | T111: 0 | U111: 0 | V111: 0 | W111: 0 | X111: 0 | Y111: 0 | Z111: 0 | AA111: 0 | AB111: 0 | AC111: 0 | AD111: 0 | AE111: 0 | AF111: 0 | AG111: 0 | AH111: =SUM(E111:AG111) -> 0
B112: 7 | C112: 7. FIRNANDA ALTA MEGA | E112: 0 | F112: 0 | G112: 0 | H112: 0 | I112: 0 | J112: 0 | K112: 0 | L112: 0 | M112: 0 | N112: 0 | O112: 0 | P112: 0 | Q112: 0 | R112: 0 | S112: 0 | T112: 0 | U112: 0 | V112: 0 | W112: 0 | X112: 0 | Y112: 0 | Z112: 0 | AA112: 0 | AB112: 0 | AC112: 0 | AD112: 0 | AE112: 0 | AF112: 0 | AG112: 0 | AH112: =SUM(E112:AG112) -> 0
AH113: =SUM(E113:AG113) -> 0
AH114: =SUM(E114:AG114) -> 0
A115: B | B115: JUMLAH SUARA SAH PARTAI POLITIK DAN CALON (A1 + A2) | E115: =SUM(E105:E114) -> 5 | F115: =SUM(F105:F114) -> 0 | G115: =SUM(G105:G114) -> 0 | H115: =SUM(H105:H114) -> 2 | I115: =SUM(I105:I114) -> 3 | J115: =SUM(J105:J114) -> 1 | K115: =SUM(K105:K114) -> 0 | L115: =SUM(L105:L114) -> 0 | ... AH115: =SUM(AH105:AH114) -> 21
A117: A.1 | B117: 7. | C117: Partai Gelombang Rakyat Indonesia | E117: 1 | F117: 0 | G117: 0 | H117: 0 | I117: 2 | J117: 0 | K117: 0 | L117: 0 | M117: 0 | N117: 0 | O117: 1 | P117: 1 | Q117: 0 | R117: 0 | S117: 0 | T117: 0 | U117: 0 | V117: 0 | W117: 0 | X117: 1 | Y117: 0 | Z117: 0 | AA117: 0 | AB117: 1 | AC117: 0 | AD117: 0 | AE117: 0 | AF117: 1 | AG117: 1 | AH117: =SUM(E117:AG117) -> 9
...

Sheet PARIJATAH WETAN
C2: Kecamatan | D2: SRONO
C3: Kabupaten | D3: BANYUWANGI
C4: Provinsi | D4: JAWA TIMUR
C9: Kelurahan | D9: PARIJATAH WETAN
A12: I | B12: DATA PEMILIH DAN PENGGUNAAN HAK PILIH | AC12: JUMLAH AKHIR
A13: A | B13: DATA PEMILIH | E13: TPS 001 | F13: TPS 002 | G13: TPS 003 | H13: TPS 004 | I13: TPS 005 | J13: TPS 006 | K13: TPS 007 | L13: TPS 008 | M13: TPS 009 | N13: TPS 010 | O13: TPS 011 | P13: TPS 012 | Q13: TPS 013 | R13: TPS 014 | S13: TPS 015 | T13: TPS 016 | U13: TPS 017 | V13: TPS 018 | W13: TPS 019 | X13: TPS 020 | Y13: TPS 021 | Z13: TPS 022 | AA13: TPS 023 | AB13: TPS 024
B14: Jumlah Pemilih dalam Daftar Pemilih Tetap (DPT) | D14: LK | E14: 130 | F14: 147 | G14: 137 | H14: 136 | I14: 141 | J14: 133 | K14: 135 | L14: 142 | M14: 131 | N14: 137 | O14: 140 | P14: 140 | Q14: 134 | R14: 135 | S14: 130 | T14: 132 | U14: 137 | V14: 124 | W14: 139 | X14: 143 | Y14: 141 | Z14: 134 | AA14: 141 | AB14: 141 | AC14: =SUM(E14:AB14) -> 3280
D15: PR | E15: 142 | F15: 142 | G15: 147 | H15: 141 | I15: 134 | J15: 126 | K15: 139 | L15: 143 | M15: 146 | N15: 139 | O15: 137 | P15: 145 | Q15: 144 | R15: 141 | S15: 134 | T15: 138 | U15: 139 | V15: 126 | W15: 138 | X15: 146 | Y15: 135 | Z15: 138 | AA15: 141 | AB15: 134 | AC15: =SUM(E15:AB15) -> 3335
D16: JML | E16: =SUM(E14:E15) -> 272 | F16: =SUM(F14:F15) -> 289 | G16: =SUM(G14:G15) -> 284 | H16: =SUM(H14:H15) -> 277 | I16: =SUM(I14:I15) -> 275 | J16: =SUM(J14:J15) -> 259 | K16: =SUM(K14:K15) -> 274 | L16: =SUM(L14:L15) -> 285 | ... AB16: =SUM(AB14:AB15) -> 275 | AC16: =SUM(E16:AB16) -> 6615
A18: B | B18: PENGGUNA HAK PILIH
B19: 1. | C19: Jumlah pengguna hak pilih dalam Daftar Pemilih Tetap (DPT) | D19: LK | E19: 94 | F19: 114 | G19: 100 | H19: 100 | I19: 87 | J19: 92 | K19: 96 | L19: 101 | M19: 110 | N19: 110 | O19: 113 | P19: 111 | Q19: 101 | R19: 107 | S19: 99 | T19: 112 | U19: 102 | V19: 102 | W19: 110 | X19: 143 | Y19: 113 | Z19: 110 | AA19: 115 | AB19: 107 | AC19: =SUM(E19:AB19) -> 2549
D20: PR | E20: 109 | F20: 107 | G20: 114 | H20: 104 | I20: 97 | J20: 91 | K20: 106 | L20: 109 | M20: 118 | N20: 113 | O20: 121 | P20: 120 | Q20: 118 | R20: 103 | S20: 105 | T20: 114 | U20: 108 | V20: 103 | W20: 114 | X20: 146 | Y20: 108 | Z20: 117 | AA20: 117 | AB20: 113 | AC20: =SUM(E20:AB20) -> 2675
D21: JML | E21: =SUM(E19:E20) -> 203 | F21: =SUM(F19:F20) -> 221 | G21: =SUM(G19:G20) -> 214 | H21: =SUM(H19:H20) -> 204 | I21: =SUM(I19:I20) -> 184 | J21: =SUM(J19:J20) -> 183 | K21: =SUM(K19:K20) -> 202 | L21: =SUM(L19:L20) -> 210 | ... AB21: =SUM(AB19:AB20) -> 220 | AC21: =SUM(E21:AB21) -> 5224
B22: 2. | C22: Jumlah pengguna hak pilih dalam Daftar Pemilih Tambahan (DPTb) | D22: LK | E22: 0 | F22: 0 | G22: 0 | H22: 0 | I22: 0 | J22: 0 | K22: 0 | L22: 0 | M22: 1 | N22: 0 | O22: 1 | P22: 0 | Q22: 0 | R22: 0 | S22: 0 | T22: 0 | U22: 0 | V22: 0 | W22: 0 | X22: 0 | Y22: 0 | Z22: 0 | AA22: 0 | AB22: 0 | AC22: =SUM(E22:AB22) -> 2
D23: PR | E23: 0 | F23: 0 | G23: 0 | H23: 0 | I23: 0 | J23: 0 | K23: 0 | L23: 0 | M23: 0 | N23: 0 | O23: 0 | P23: 1 | Q23: 0 | R23: 0 | S23: 0 | T23: 0 | U23: 0 | V23: 0 | W23: 0 | X23: 0 | Y23: 0 | Z23: 0 | AA23: 0 | AB23: 0 | AC23: =SUM(E23:AB23) -> 1
D24: JML | E24: =SUM(E22:E23) -> 0 | F24: =SUM(F22:F23) -> 0 | G24: =SUM(G22:G23) -> 0 | H24: =SUM(H22:H23) -> 0 | I24: =SUM(I22:I23) -> 0 | J24: =SUM(J22:J23) -> 0 | K24: =SUM(K22:K23) -> 0 | L24: =SUM(L22:L23) -> 0 | ... AB24: =SUM(AB22:AB23) -> 0 | AC24: =SUM(E24:AB24) -> 3
B25: 3. | C25: Jumlah pengguna hak pilih dalam Daftar Pemilih Khusus (DPK) | D25: LK | E25: 4 | F25: 3 | G25: 4 | H25: 3 | I25: 2 | J25: 2 | K25: 2 | L25: 4 | M25: 4 | N25: 0 | O25: 0 | P25: 0 | Q25: 0 | R25: 2 | S25: 1 | T25: 0 | U25: 0 | V25: 5 | W25: 0 | X25: 0 | Y25: 0 | Z25: 0 | AA25: 0 | AB25: 1 | AC25: =SUM(E25:AB25) -> 37
D26: PR | E26: 1 | F26: 3 | G26: 4 | H26: 2 | I26: 1 | J26: 0 | K26: 5 | L26: 2 | M26: 1 | N26: 0 | O26: 0 | P26: 0 | Q26: 0 | R26: 1 | S26: 2 | T26: 0 | U26: 0 | V26: 9 | W26: 0 | X26: 0 | Y26: 0 | Z26: 0 | AA26: 0 | AB26: 2 | AC26: =SUM(E26:AB26) -> 33
D27: JML | E27: =SUM(E25:E26) -> 5 | F27: =SUM(F25:F26) -> 6 | G27: =SUM(G25:G26) -> 8 | H27: =SUM(H25:H26) -> 5 | I27: =SUM(I25:I26) -> 3 | J27: =SUM(J25:J26) -> 2 | K27: =SUM(K25:K26) -> 7 | L27: =SUM(L25:L26) -> 6 | ... AB27: =SUM(AB25:AB26) -> 3 | AC27: =SUM(E27:AB27) -> 70
B28: 4. | C28: Jumlah Pengguna Hak Pilih (B.1+B.2+B.3) | D28: LK | E28: =SUM(E19,E22,E25) -> 98 | F28: =SUM(F19,F22,F25) -> 117 | G28: =SUM(G19,G22,G25) -> 104 | H28: =SUM(H19,H22,H25) -> 103 | I28: =SUM(I19,I22,I25) -> 89 | J28: =SUM(J19,J22,J25) -> 94 | K28: =SUM(K19,K22,K25) -> 98 | L28: =SUM(L19,L22,L25) -> 105 | ... AB28: =SUM(AB19,AB22,AB25) -> 108 | AC28: =SUM(E28:AB28) -> 2588
D29: PR | E29: =SUM(E20,E23,E26) -> 110 | F29: =SUM(F20,F23,F26) -> 110 | G29: =SUM(G20,G23,G26) -> 118 | H29: =SUM(H20,H23,H26) -> 106 | I29: =SUM(I20,I23,I26) -> 98 | J29: =SUM(J20,J23,J26) -> 91 | K29: =SUM(K20,K23,K26) -> 111 | L29: =SUM(L20,L23,L26) -> 111 | ... AB29: =SUM(AB20,AB23,AB26) -> 115 | AC29: =SUM(E29:AB29) -> 2709
D30: JML | E30: =SUM(E28:E29) -> 208 | F30: =SUM(F28:F29) -> 227 | G30: =SUM(G28:G29) -> 222 | H30: =SUM(H28:H29) -> 209 | I30: =SUM(I28:I29) -> 187 | J30: =SUM(J28:J29) -> 185 | K30: =SUM(K28:K29) -> 209 | L30: =SUM(L28:L29) -> 216 | ... AB30: =SUM(AB28:AB29) -> 223 | AC30: =SUM(E30:AB30) -> 5297
A32: II | B32: DATA PENGGUNAAN SURAT SUARA
A33: 1 | B33: Jumlah surat suara yang diterima, termasuk surat suara cadangan 2,5% dari DPT | E33: 278 | F33: 288 | G33: 290 | H33: 283 | I33: 281 | J33: 265 | K33: 280 | L33: 289 | M33: 283 | N33: 282 | O33: 283 | P33: 281 | Q33: 282 | R33: 282 | S33: 270 | T33: 276 | U33: 282 | V33: 255 | W33: 274 | X33: 295 | Y33: 282 | Z33: 278 | AA33: 288 | AB33: 281 | AC33: =SUM(E33:AB33) -> 6728
A34: 2 | B34: Jumlah surat suara yang digunakan | E34: 208 | F34: 227 | G34: 222 | H34: 209 | I34: 187 | J34: 185 | K34: 209 | L34: 216 | M34: 234 | N34: 223 | O34: 235 | P34: 232 | Q34: 219 | R34: 213 | S34: 207 | T34: 226 | U34: 210 | V34: 219 | W34: 224 | X34: 289 | Y34: 221 | Z34: 227 | AA34: 232 | AB34: 223 | AC34: =SUM(E34:AB34) -> 5297
A35: 3 | B35: Jumlah surat suara dikembalikan oleh pemilih (karena rusak atau keliru coblos) | E35: 0 | F35: 0 | G35: 1 | H35: 0 | I35: 0 | J35: 0 | K35: 0 | L35: 0 | M35: 0 | N35: 0 | O35: 0 | P35: 0 | Q35: 3 | R35: 0 | S35: 0 | T35: 0 | U35: 0 | V35: 2 | W35: 0 | X35: 0 | Y35: 0 | Z35: 0 | AA35: 1 | AB35: 0 | AC35: =SUM(E35:AB35) -> 7
A36: 4 | B36: Jumlah surat suara yang tidak digunakan/tidak terpakai, termasuk sisa surat suara cadangan | E36: =E33-(E34+E35) -> 70 | F36: =F33-(F34+F35) -> 61 | G36: =G33-(G34+G35) -> 67 | H36: =H33-(H34+H35) -> 74 | I36: =I33-(I34+I35) -> 94 | J36: =J33-(J34+J35) -> 80 | K36: =K33-(K34+K35) -> 71 | L36: =L33-(L34+L35) -> 73 | ... AB36: =AB33-(AB34+AB35) -> 58 | AC36: =SUM(E36:AB36) -> 1424
A38: III | B38: DATA PEMILIH DISABILITAS
B39: Jumlah seluruh Pemilih disabilitas yang menggunakan hak pilih | D39: LK | E39: 0 | F39: 0 | G39: 0 | H39: 0 | I39: 0 | J39: 2 | K39: 0 | L39: 0 | M39: 0 | N39: 0 | O39: 0 | P39: 0 | Q39: 0 | R39: 0 | S39: 0 | T39: 0 | U39: 0 | V39: 0 | W39: 0 | X39: 0 | Y39: 0 | Z39: 0 | AA39: 0 | AB39: 0 | AC39: =SUM(E39:AB39) -> 2
D40: PR | E40: 0 | F40: 0 | G40: 0 | H40: 1 | I40: 2 | J40: 0 | K40: 0 | L40: 0 | M40: 0 | N40: 0 | O40: 0 | P40: 0 | Q40: 0 | R40: 0 | S40: 1 | T40: 0 | U40: 0 | V40: 0 | W40: 0 | X40: 0 | Y40: 0 | Z40: 0 | AA40: 0 | AB40: 0 | AC40: =SUM(E40:AB40) -> 4
D41: JML | E41: =SUM(E39:E40) -> 0 | F41: =SUM(F39:F40) -> 0 | G41: =SUM(G39:G40) -> 0 | H41: =SUM(H39:H40) -> 1 | I41: =SUM(I39:I40) -> 2 | J41: =SUM(J39:J40) -> 2 | K41: =SUM(K39:K40) -> 0 | L41: =SUM(L39:L40) -> 0 | ... AB41: =SUM(AB39:AB40) -> 0 | AC41: =SUM(E41:AB41) -> 6
A43: IV | B43: DATA RINCIAN PEROLEHAN SUARA PASANGAN CALON BUPATI DAN WAKIL BUPATI
A44: NOMOR DAN NAMA CALON
A45: A.1 | B45: 1. | C45: Partai Kebangkitan Bangsa | E45: 10 | F45: 3 | G45: 5 | H45: 5 | I45: 4 | J45: 3 | K45: 4 | L45: 6 | M45: 11 | N45: 7 | O45: 11 | P45: 6 | Q45: 10 | R45: 14 | S45: 7 | T45: 7 | U45: 13 | V45: 8 | W45: 10 | X45: 11 | Y45: 5 | Z45: 10 | AA45: 3 | AB45: 6 | AC45: =SUM(E45:AB45) -> 179
A46: A.2 | B46: 1 | C46: 1. Dr. Hj. NIHAYATUL WAFIROH, M.A. | E46: 30 | F46: 11 | G46: 2 | H46: 2 | I46: 4 | J46: 1 | K46: 4 | L46: 31 | M46: 25 | N46: 19 | O46: 46 | P46: 40 | Q46: 12 | R46: 17 | S46: 18 | T46: 25 | U46: 18 | V46: 23 | W46: 17 | X46: 26 | Y46: 19 | Z46: 12 | AA46: 8 | AB46: 7 | AC46: =SUM(E46:AB46) -> 417
B47: 2 | C47: 2. H. M. NASIM KHAN | E47: 1 | F47: 0 | G47: 1 | H47: 0 | I47: 0 | J47: 1 | K47: 1 | L47: 1 | M47: 2 | N47: 2 | O47: 1 | P47: 4 | Q47: 2 | R47: 2 | S47: 2 | T47: 2 | U47: 2 | V47: 5 | W47: 2 | X47: 1 | Y47: 2 | Z47: 1 | AA47: 2 | AB47: 2 | AC47: =SUM(E47:AB47) -> 39
B48: 3 | C48: 3. Dr. H. AKIK ZAMAN, M.Pd.I. | E48: 3 | F48: 0 | G48: 0 | H48: 0 | I48: 1 | J48: 0 | K48: 0 | L48: 0 | M48: 2 | N48: 1 | O48: 1 | P48: 3 | Q48: 0 | R48: 1 | S48: 3 | T48: 1 | U48: 1 | V48: 4 | W48: 0 | X48: 0 | Y48: 2 | Z48: 0 | AA48: 0 | AB48: 0 | AC48: =SUM(E48:AB48) -> 23
B49: 4 | C49: 4. AHMAD RIFA'I, S.H. | E49: 0 | F49: 1 | G49: 0 | H49: 1 | I49: 0 | J49: 0 | K49: 1 | L49: 2 | M49: 0 | N49: 0 | O49: 2 | P49: 2 | Q49: 0 | R49: 1 | S49: 0 | T49: 2 | U49: 0 | V49: 1 | W49: 3 | X49: 0 | Y49: 1 | Z49: 3 | AA49: 1 | AB49: 0 | AC49: =SUM(E49:AB49) -> 21
B50: 5 | C50: 5. Drs. H. MAHFUD M.N. | E50: 1 | F50: 1 | G50: 0 | H50: 1 | I50: 0 | J50: 0 | K50: 1 | L50: 0 | M50: 1 | N50: 0 | O50: 0 | P50: 0 | Q50: 1 | R50: 0 | S50: 1 | T50: 0 | U50: 0 | V50: 2 | W50: 2 | X50: 0 | Y50: 0 | Z50: 0 | AA50: 0 | AB50: 0 | AC50: =SUM(E50:AB50) -> 11
B51: 6 | C51: 6. NURHAYATI, S.Pd. | E51: 0 | F51: 0 | G51: 0 | H51: 0 | I51: 0 | J51: 0 | K51: 0 | L51: 1 | M51: 0 | N51: 0 | O51: 1 | P51: 0 | Q51: 0 | R51: 0 | S51: 0 | T51: 1 | U51: 0 | V51: 1 | W51: 0 | X51: 0 | Y51: 0 | Z51: 0 | AA51: 0 | AB51: 0 | AC51: =SUM(E51:AB51) -> 4
B52: 7 | C52: 7. MAFTUHA KISWAH | E52: 0 | F52: 0 | G52: 0 | H52: 0 | I52: 0 | J52: 0 | K52: 0 | L52: 0 | M52: 1 | N52: 0 | O52: 0 | P52: 1 | Q52: 0 | R52: 0 | S52: 1 | T52: 0 | U52: 0 | V52: 0 | W52: 0 | X52: 0 | Y52: 0 | Z52: 0 | AA52: 1 | AB52: 0 | AC52: =SUM(E52:AB52) -> 4
AC53: =SUM(E53:AB53) -> 0
AC54: =SUM(E54:AB54) -> 0
A55: B | B55: JUMLAH SUARA SAH PARTAI POLITIK DAN CALON (A1 + A2) | E55: =SUM(E45:E54) -> 45 | F55: =SUM(F45:F54) -> 16 | G55: =SUM(G45:G54) -> 8 | H55: =SUM(H45:H54) -> 9 | I55: =SUM(I45:I54) -> 9 | J55: =SUM(J45:J54) -> 5 | K55: =SUM(K45:K54) -> 11 | L55: =SUM(L45:L54) -> 41 | ... AC55: =SUM(AC45:AC54) -> 698
A57: A.1 | B57: 2. | C57: Partai Gerakan Indonesia Raya | E57: 17 | F57: 5 | G57: 12 | H57: 15 | I57: 17 | J57: 10 | K57: 9 | L57: 7 | M57: 8 | N57: 15 | O57: 6 | P57: 10 | Q57: 13 | R57: 8 | S57: 6 | T57: 13 | U57: 9 | V57: 7 | W57: 6 | X57: 9 | Y57: 14 | Z57: 17 | AA57: 13 | AB57: 9 | AC57: =SUM(E57:AB57) -> 255
A58: A.2 | B58: 1 | C58: 1. SUMAIL ABDULLAH | E58: 19 | F58: 19 | G58: 17 | H58: 19 | I58: 26 | J58: 17 | K58: 24 | L58: 12 | M58: 28 | N58: 54 | O58: 14 | P58: 9 | Q58: 17 | R58: 28 | S58: 16 | T58: 29 | U58: 21 | V58: 21 | W58: 22 | X58: 17 | Y58: 10 | Z58: 11 | AA58: 11 | AB58: 1 | AC58: =SUM(E58:AB58) -> 462
B59: 2 | C59: 2. MUHAMMAD ALI ADRIAN SALEH | E59: 40 | F59: 24 | G59: 59 | H59: 33 | I59: 17 | J59: 8 | K59: 3 | L59: 17 | M59: 12 | N59: 6 | O59: 12 | P59: 15 | Q59: 7 | R59: 21 | S59: 11 | T59: 4 | U59: 2 | V59: 3 | W59: 10 | X59: 21 | Y59: 13 | Z59: 5 | AA59: 7 | AB59: 6 | AC59: =SUM(E59:AB59) -> 356
B60: 3 | C60: 3. DURROTUN NAFISAH | E60: 3 | F60: 0 | G60: 0 | H60: 1 | I60: 1 | J60: 0 | K60: 4 | L60: 4 | M60: 0 | N60: 2 | O60: 1 | P60: 3 | Q60: 0 | R60: 0 | S60: 0 | T60: 0 | U60: 1 | V60: 2 | W60: 1 | X60: 1 | Y60: 0 | Z60: 0 | AA60: 3 | AB60: 0 | AC60: =SUM(E60:AB60) -> 27
B61: 4 | C61: 4. H. EKO SUSILO NURHIDAYAT | E61: 1 | F61: 0 | G61: 0 | H61: 6 | I61: 1 | J61: 2 | K61: 2 | L61: 1 | M61: 0 | N61: 0 | O61: 2 | P61: 7 | Q61: 1 | R61: 2 | S61: 5 | T61: 3 | U61: 0 | V61: 3 | W61: 2 | X61: 5 | Y61: 0 | Z61: 2 | AA61: 1 | AB61: 0 | AC61: =SUM(E61:AB61) -> 46
B62: 5 | C62: 5. KARNADI HARIJANTO, S.S. | E62: 0 | F62: 4 | G62: 1 | H62: 1 | I62: 0 | J62: 0 | K62: 1 | L62: 0 | M62: 0 | N62: 0 | O62: 0 | P62: 1 | Q62: 0 | R62: 0 | S62: 0 | T62: 0 | U62: 1 | V62: 0 | W62: 1 | X62: 0 | Y62: 0 | Z62: 2 | AA62: 0 | AB62: 0 | AC62: =SUM(E62:AB62) -> 12
B63: 6 | C63: 6. NURHAYATI | E63: 0 | F63: 0 | G63: 0 | H63: 2 | I63: 0 | J63: 0 | K63: 0 | L63: 0 | M63: 0 | N63: 1 | O63: 0 | P63: 0 | Q63: 1 | R63: 1 | S63: 1 | T63: 0 | U63: 1 | V63: 3 | W63: 2 | X63: 1 | Y63: 0 | Z63: 2 | AA63: 0 | AB63: 1 | AC63: =SUM(E63:AB63) -> 16
B64: 7 | C64: 7. MASHUDI | E64: 1 | F64: 0 | G64: 1 | H64: 4 | I64: 0 | J64: 0 | K64: 3 | L64: 0 | M64: 0 | N64: 0 | O64: 1 | P64: 1 | Q64: 0 | R64: 0 | S64: 0 | T64: 0 | U64: 3 | V64: 0 | W64: 0 | X64: 0 | Y64: 0 | Z64: 0 | AA64: 0 | AB64: 0 | AC64: =SUM(E64:AB64) -> 14
AC65: =SUM(E65:AB65) -> 0
AC66: =SUM(E66:AB66) -> 0
A67: B | B67: JUMLAH SUARA SAH PARTAI POLITIK DAN CALON (A1 + A2) | E67: =SUM(E57:E66) -> 81 | F67: =SUM(F57:F66) -> 52 | G67: =SUM(G57:G66) -> 90 | H67: =SUM(H57:H66) -> 81 | I67: =SUM(I57:I66) -> 62 | J67: =SUM(J57:J66) -> 37 | K67: =SUM(K57:K66) -> 46 | L67: =SUM(L57:L66) -> 41 | ... AC67: =SUM(AC57:AC66) -> 1188
A69: A.1 | B69: 3. | C69: Partai Demokrasi Indonesia Perjuangan | E69: 4 | F69: 8 | G69: 17 | H69: 13 | I69: 3 | J69: 9 | K69: 10 | L69: 7 | M69: 8 | N69: 9 | O69: 16 | P69: 6 | Q69: 5 | R69: 2 | S69: 7 | T69: 16 | U69: 9 | V69: 13 | W69: 9 | X69: 10 | Y69: 15 | Z69: 11 | AA69: 13 | AB69: 15 | AC69: =SUM(E69:AB69) -> 235
A70: A.2 | B70: 1 | C70: 1. SONNY TRI DANAPARAMITA, S.H., M.H. | E70: 4 | F70: 8 | G70: 12 | H70: 8 | I70: 24 | J70: 12 | K70: 29 | L70: 12 | M70: 4 | N70: 11 | O70: 10 | P70: 7 | Q70: 4 | R70: 3 | S70: 5 | T70: 12 | U70: 8 | V70: 16 | W70: 15 | X70: 8 | Y70: 9 | Z70: 8 | AA70: 10 | AB70: 12 | AC70: =SUM(E70:AB70) -> 251
B71: 2 | C71: 2. H. MOHAMAD GUNTUR ROMLI | E71: 5 | F71: 31 | G71: 40 | H71: 20 | I71: 3 | J71: 1 | K71: 3 | L71: 1 | M71: 11 | N71: 13 | O71: 13 | P71: 4 | Q71: 4 | R71: 4 | S71: 2 | T71: 11 | U71: 4 | V71: 11 | W71: 6 | X71: 11 | Y71: 4 | Z71: 11 | AA71: 14 | AB71: 18 | AC71: =SUM(E71:AB71) -> 245
B72: 3 | C72: 3. INA AMMANIA | E72: 4 | F72: 2 | G72: 1 | H72: 2 | I72: 11 | J72: 6 | K72: 21 | L72: 0 | M72: 2 | N72: 6 | O72: 15 | P72: 5 | Q72: 2 | R72: 1 | S72: 1 | T72: 0 | U72: 2 | V72: 1 | W72: 0 | X72: 3 | Y72: 2 | Z72: 3 | AA72: 4 | AB72: 3 | AC72: =SUM(E72:AB72) -> 97
B73: 4 | C73: 4. IRWAN BACHTIAR RACHMAT, M.Si. | E73: 0 | F73: 0 | G73: 0 | H73: 1 | I73: 0 | J73: 1 | K73: 0 | L73: 0 | M73: 0 | N73: 0 | O73: 1 | P73: 2 | Q73: 0 | R73: 0 | S73: 0 | T73: 0 | U73: 1 | V73: 0 | W73: 1 | X73: 1 | Y73: 0 | Z73: 2 | AA73: 1 | AB73: 0 | AC73: =SUM(E73:AB73) -> 11
B74: 5 | C74: 5. LUCKY PERDANA | E74: 0 | F74: 2 | G74: 2 | H74: 4 | I74: 2 | J74: 0 | K74: 2 | L74: 4 | M74: 2 | N74: 0 | O74: 7 | P74: 5 | Q74: 0 | R74: 3 | S74: 3 | T74: 1 | U74: 1 | V74: 4 | W74: 2 | X74: 2 | Y74: 3 | Z74: 3 | AA74: 3 | AB74: 4 | AC74: =SUM(E74:AB74) -> 59
B75: 6 | C75: 6. WIWIK PUJIYATI | E75: 0 | F75: 1 | G75: 1 | H75: 1 | I75: 1 | J75: 0 | K75: 0 | L75: 2 | M75: 0 | N75: 0 | O75: 0 | P75: 0 | Q75: 0 | R75: 0 | S75: 0 | T75: 2 | U75: 1 | V75: 0 | W75: 2 | X75: 0 | Y75: 2 | Z75: 0 | AA75: 0 | AB75: 2 | AC75: =SUM(E75:AB75) -> 15
B76: 7 | C76: 7. CHANDRA ASTAN, S.T. | E76: 0 | F76: 0 | G76: 1 | H76: 0 | I76: 0 | J76: 0 | K76: 1 | L76: 1 | M76: 1 | N76: 0 | O76: 0 | P76: 0 | Q76: 0 | R76: 1 | S76: 0 | T76: 5 | U76: 0 | V76: 0 | W76: 1 | X76: 0 | Y76: 0 | Z76: 2 | AA76: 0 | AB76: 0 | AC76: =SUM(E76:AB76) -> 13
AC77: =SUM(E77:AB77) -> 0
AC78: =SUM(E78:AB78) -> 0
A79: B | B79: JUMLAH SUARA SAH PARTAI POLITIK DAN CALON (A1 + A2) | E79: =SUM(E69:E78) -> 17 | F79: =SUM(F69:F78) -> 52 | G79: =SUM(G69:G78) -> 74 | H79: =SUM(H69:H78) -> 49 | I79: =SUM(I69:I78) -> 44 | J79: =SUM(J69:J78) -> 29 | K79: =SUM(K69:K78) -> 66 | L79: =SUM(L69:L78) -> 27 | ... AC79: =SUM(AC69:AC78) -> 926
A81: A.1 | B81: 4. | C81: Partai Golongan Karya | E81: 2 | F81: 0 | G81: 2 | H81: 2 | I81: 3 | J81: 5 | K81: 4 | L81: 4 | M81: 10 | N81: 7 | O81: 5 | P81: 7 | Q81: 15 | R81: 5 | S81: 7 | T81: 8 | U81: 8 | V81: 3 | W81: 9 | X81: 4 | Y81: 5 | Z81: 10 | AA81: 16 | AB81: 7 | AC81: =SUM(E81:AB81) -> 148
A82: A.2 | B82: 1 | C82: 1. ZULFIKAR ARSE SADIKIN, S.I.P., M.Si. | E82: 11 | F82: 7 | G82: 1 | H82: 5 | I82: 5 | J82: 8 | K82: 7 | L82: 8 | M82: 18 | N82: 21 | O82: 8 | P82: 8 | Q82: 15 | R82: 11 | S82: 14 | T82: 14 | U82: 15 | V82: 19 | W82: 8 | X82: 35 | Y82: 28 | Z82: 13 | AA82: 26 | AB82: 11 | AC82: =SUM(E82:AB82) -> 316
B83: 2 | C83: 2. HANDOKO | E83: 4 | F83: 23 | G83: 5 | H83: 2 | I83: 4 | J83: 1 | K83: 2 | L83: 6 | M83: 2 | N83: 2 | O83: 3 | P83: 2 | Q83: 2 | R83: 4 | S83: 4 | T83: 5 | U83: 15 | V83: 4 | W83: 14 | X83: 5 | Y83: 2 | Z83: 8 | AA83: 3 | AB83: 2 | AC83: =SUM(E83:AB83) -> 124
B84: 3 | C84: 3. Hj. OVI DEWI YANTI | E84: 0 | F84: 1 | G84: 1 | H84: 0 | I84: 1 | J84: 0 | K84: 0 | L84: 0 | M84: 1 | N84: 0 | O84: 0 | P84: 2 | Q84: 1 | R84: 1 | S84: 2 | T84: 0 | U84: 1 | V84: 1 | W84: 0 | X84: 1 | Y84: 0 | Z84: 2 | AA84: 1 | AB84: 1 | AC84: =SUM(E84:AB84) -> 17
B85: 4 | C85: 4. Ir. AZAM AZMAN NATAWIJANA | E85: 0 | F85: 0 | G85: 0 | H85: 0 | I85: 1 | J85: 0 | K85: 0 | L85: 0 | M85: 0 | N85: 1 | O85: 0 | P85: 0 | Q85: 0 | R85: 1 | S85: 0 | T85: 2 | U85: 0 | V85: 0 | W85: 3 | X85: 0 | Y85: 0 | Z85: 0 | AA85: 1 | AB85: 2 | AC85: =SUM(E85:AB85) -> 11
B86: 5 | C86: 5. UBAIDILLAH AMIN, S.Kom. | E86: 1 | F86: 0 | G86: 0 | H86: 2 | I86: 5 | J86: 9 | K86: 10 | L86: 20 | M86: 18 | N86: 2 | O86: 5 | P86: 15 | Q86: 32 | R86: 7 | S86: 32 | T86: 8 | U86: 7 | V86: 8 | W86: 4 | X86: 12 | Y86: 5 | Z86: 20 | AA86: 19 | AB86: 23 | AC86: =SUM(E86:AB86) -> 264
B87: 6 | C87: 6. DENNY YUNIANDARI, S.H., M.Kn. | E87: 0 | F87: 0 | G87: 0 | H87: 0 | I87: 0 | J87: 1 | K87: 0 | L87: 1 | M87: 1 | N87: 0 | O87: 1 | P87: 0 | Q87: 1 | R87: 2 | S87: 2 | T87: 1 | U87: 2 | V87: 2 | W87: 0 | X87: 0 | Y87: 0 | Z87: 0 | AA87: 1 | AB87: 0 | AC87: =SUM(E87:AB87) -> 15
B88: 7 | C88: 7. ERNADI, S.H.I. | E88: 0 | F88: 0 | G88: 0 | H88: 0 | I88: 0 | J88: 1 | K88: 0 | L88: 0 | M88: 1 | N88: 1 | O88: 0 | P88: 0 | Q88: 0 | R88: 1 | S88: 0 | T88: 0 | U88: 1 | V88: 1 | W88: 1 | X88: 0 | Y88: 0 | Z88: 0 | AA88: 0 | AB88: 0 | AC88: =SUM(E88:AB88) -> 7
AC89: =SUM(E89:AB89) -> 0
AC90: =SUM(E90:AB90) -> 0
A91: B | B91: JUMLAH SUARA SAH PARTAI POLITIK DAN CALON (A1 + A2) | E91: =SUM(E81:E90) -> 18 | F91: =SUM(F81:F90) -> 31 | G91: =SUM(G81:G90) -> 9 | H91: =SUM(H81:H90) -> 11 | I91: =SUM(I81:I90) -> 19 | J91: =SUM(J81:J90) -> 25 | K91: =SUM(K81:K90) -> 23 | L91: =SUM(L81:L90) -> 39 | ... AC91: =SUM(AC81:AC90) -> 902
A93: A.1 | B93: 5. | C93: Partai NasDem | E93: 6 | F93: 2 | G93: 1 | H93: 4 | I93: 3 | J93: 4 | K93: 5 | L93: 3 | M93: 4 | N93: 1 | O93: 5 | P93: 6 | Q93: 2 | R93: 2 | S93: 5 | T93: 3 | U93: 1 | V93: 4 | W93: 8 | X93: 5 | Y93: 5 | Z93: 7 | AA93: 6 | AB93: 2 | AC93: =SUM(E93:AB93) -> 94
A94: A.2 | B94: 1 | C94: 1. ACH. FADIL MUZAKKI SYAH | E94: 1 | F94: 0 | G94: 1 | H94: 0 | I94: 2 | J94: 2 | K94: 3 | L94: 3 | M94: 4 | N94: 3 | O94: 3 | P94: 5 | Q94: 1 | R94: 0 | S94: 0 | T94: 0 | U94: 1 | V94: 1 | W94: 0 | X94: 8 | Y94: 11 | Z94: 2 | AA94: 3 | AB94: 5 | AC94: =SUM(E94:AB94) -> 59
B95: 2 | C95: 2. BENY | E95: 0 | F95: 1 | G95: 1 | H95: 3 | I95: 4 | J95: 24 | K95: 9 | L95: 1 | M95: 0 | N95: 0 | O95: 1 | P95: 0 | Q95: 0 | R95: 1 | S95: 0 | T95: 0 | U95: 0 | V95: 0 | W95: 1 | X95: 0 | Y95: 0 | Z95: 2 | AA95: 1 | AB95: 1 | AC95: =SUM(E95:AB95) -> 50
B96: 3 | C96: 3. VINA VERONIKA | E96: 0 | F96: 0 | G96: 0 | H96: 0 | I96: 1 | J96: 0 | K96: 0 | L96: 0 | M96: 0 | N96: 0 | O96: 0 | P96: 0 | Q96: 0 | R96: 0 | S96: 0 | T96: 0 | U96: 0 | V96: 0 | W96: 0 | X96: 0 | Y96: 0 | Z96: 0 | AA96: 0 | AB96: 1 | AC96: =SUM(E96:AB96) -> 2
B97: 4 | C97: 4. TEDDY ANUGRIANTO | E97: 0 | F97: 1 | G97: 0 | H97: 2 | I97: 1 | J97: 7 | K97: 1 | L97: 0 | M97: 9 | N97: 0 | O97: 1 | P97: 2 | Q97: 4 | R97: 0 | S97: 4 | T97: 2 | U97: 7 | V97: 0 | W97: 7 | X97: 5 | Y97: 3 | Z97: 1 | AA97: 0 | AB97: 8 | AC97: =SUM(E97:AB97) -> 65
B98: 5 | C98: 5. INSAN KAMIL | E98: 0 | F98: 0 | G98: 0 | H98: 0 | I98: 0 | J98: 2 | K98: 1 | L98: 0 | M98: 1 | N98: 0 | O98: 0 | P98: 1 | Q98: 0 | R98: 0 | S98: 1 | T98: 0 | U98: 0 | V98: 0 | W98: 0 | X98: 2 | Y98: 0 | Z98: 0 | AA98: 1 | AB98: 0 | AC98: =SUM(E98:AB98) -> 9
B99: 6 | C99: 6. LILIK LINDARWATI | E99: 0 | F99: 0 | G99: 0 | H99: 0 | I99: 0 | J99: 1 | K99: 0 | L99: 0 | M99: 0 | N99: 0 | O99: 0 | P99: 0 | Q99: 0 | R99: 0 | S99: 0 | T99: 0 | U99: 0 | V99: 0 | W99: 0 | X99: 0 | Y99: 0 | Z99: 0 | AA99: 0 | AB99: 0 | AC99: =SUM(E99:AB99) -> 1
B100: 7 | C100: 7. YULI ANITA | E100: 0 | F100: 0 | G100: 0 | H100: 0 | I100: 0 | J100: 0 | K100: 0 | L100: 0 | M100: 0 | N100: 0 | O100: 0 | P100: 0 | Q100: 0 | R100: 0 | S100: 0 | T100: 0 | U100: 0 | V100: 0 | W100: 0 | X100: 0 | Y100: 0 | Z100: 0 | AA100: 0 | AB100: 0 | AC100: =SUM(E100:AB100) -> 0
AC101: =SUM(E101:AB101) -> 0
AC102: =SUM(E102:AB102) -> 0
A103: B | B103: JUMLAH SUARA SAH PARTAI POLITIK DAN CALON (A1 + A2) | E103: =SUM(E93:E102) -> 7 | F103: =SUM(F93:F102) -> 4 | G103: =SUM(G93:G102) -> 3 | H103: =SUM(H93:H102) -> 9 | I103: =SUM(I93:I102) -> 11 | J103: =SUM(J93:J102) -> 40 | K103: =SUM(K93:K102) -> 19 | L103: =SUM(L93:L102) -> 7 | ... AC103: =SUM(AC93:AC102) -> 280
A105: A.1 | B105: 6. | C105: Partai Buruh | E105: 0 | F105: 0 | G105: 1 | H105: 0 | I105: 0 | J105: 1 | K105: 0 | L105: 1 | M105: 0 | N105: 0 | O105: 0 | P105: 1 | Q105: 1 | R105: 0 | S105: 0 | T105: 0 | U105: 1 | V105: 2 | W105: 2 | X105: 3 | Y105: 5 | Z105: 1 | AA105: 1 | AB105: 0 | AC105: =SUM(E105:AB105) -> 20
A106: A.2 | B106: 1 | C106: 1. KHOIRUL ANAM | E106: 0 | F106: 0 | G106: 0 | H106: 0 | I106: 0 | J106: 1 | K106: 0 | L106: 0 | M106: 0 | N106: 0 | O106: 0 | P106: 1 | Q106: 0 | R106: 0 | S106: 0 | T106: 1 | U106: 0 | V106: 1 | W106: 0 | X106: 1 | Y106: 0 | Z106: 0 | AA106: 1 | AB106: 1 | AC106: =SUM(E106:AB106) -> 7
B107: 2 | C107: 2. INA KURNIA | E107: 0 | F107: 0 | G107: 0 | H107: 2 | I107: 0 | J107: 1 | K107: 0 | L107: 1 | M107: 0 | N107: 0 | O107: 0 | P107: 0 | Q107: 0 | R107: 0 | S107: 0 | T107: 0 | U107: 0 | V107: 0 | W107: 2 | X107: 0 | Y107: 2 | Z107: 0 | AA107: 1 | AB107: 0 | AC107: =SUM(E107:AB107) -> 9
B108: 3 | C108: 3. JIBRAL TAROUK | E108: 0 | F108: 0 | G108: 0 | H108: 0 | I108: 0 | J108: 0 | K108: 1 | L108: 1 | M108: 0 | N108: 0 | O108: 0 | P108: 0 | Q108: 0 | R108: 0 | S108: 0 | T108: 0 | U108: 0 | V108: 0 | W108: 0 | X108: 0 | Y108: 0 | Z108: 0 | AA108: 0 | AB108: 0 | AC108: =SUM(E108:AB108) -> 2
B109: 4 | C109: 4. ASTUTI DAENG PUJI | E109: 0 | F109: 0 | G109: 0 | H109: 1 | I109: 0 | J109: 0 | K109: 0 | L109: 0 | M109: 0 | N109: 0 | O109: 1 | P109: 0 | Q109: 0 | R109: 0 | S109: 0 | T109: 0 | U109: 0 | V109: 0 | W109: 0 | X109: 0 | Y109: 0 | Z109: 0 | AA109: 0 | AB109: 0 | AC109: =SUM(E109:AB109) -> 2
B110: 5 | C110: 5. ASDARMAWAN | E110: 0 | F110: 0 | G110: 0 | H110: 0 | I110: 0 | J110: 0 | K110: 0 | L110: 0 | M110: 0 | N110: 0 | O110: 0 | P110: 1 | Q110: 0 | R110: 0 | S110: 0 | T110: 0 | U110: 0 | V110: 0 | W110: 0 | X110: 0 | Y110: 0 | Z110: 0 | AA110: 0 | AB110: 0 | AC110: =SUM(E110:AB110) -> 1
B111: 6 | C111: 6. RIFQI MUBAROK | E111: 0 | F111: 0 | G111: 0 | H111: 0 | I111: 0 | J111: 0 | K111: 0 | L111: 0 | M111: 0 | N111: 0 | O111: 0 | P111: 0 | Q111: 0 | R111: 0 | S111: 0 | T111: 0 | U111: 0 | V111: 0 | W111: 0 | X111: 0 | Y111: 0 | Z111: 0 | AA111: 0 | AB111: 0 | AC111: =SUM(E111:AB111) -> 0
B112: 7 | C112: 7. FIRNANDA ALTA MEGA | E112: 0 | F112: 0 | G112: 0 | H112: 0 | I112: 0 | J112: 0 | K112: 0 | L112: 0 | M112: 0 | N112: 0 | O112: 0 | P112: 0 | Q112: 0 | R112: 0 | S112: 0 | T112: 0 | U112: 0 | V112: 0 | W112: 0 | X112: 0 | Y112: 0 | Z112: 0 | AA112: 0 | AB112: 0 | AC112: =SUM(E112:AB112) -> 0
AC113: =SUM(E113:AB113) -> 0
AC114: =SUM(E114:AB114) -> 0
A115: B | B115: JUMLAH SUARA SAH PARTAI POLITIK DAN CALON (A1 + A2) | E115: =SUM(E105:E114) -> 0 | F115: =SUM(F105:F114) -> 0 | G115: =SUM(G105:G114) -> 1 | H115: =SUM(H105:H114) -> 3 | I115: =SUM(I105:I114) -> 0 | J115: =SUM(J105:J114) -> 3 | K115: =SUM(K105:K114) -> 1 | L115: =SUM(L105:L114) -> 3 | ... AC115: =SUM(AC105:AC114) -> 41
A117: A.1 | B117: 7. | C117: Partai Gelombang Rakyat Indonesia | E117: 3 | F117: 0 | G117: 2 | H117: 0 | I117: 0 | J117: 0 | K117: 0 | L117: 0 | M117: 2 | N117: 0 | O117: 2 | P117: 1 | Q117: 1 | R117: 0 | S117: 0 | T117: 1 | U117: 0 | V117: 1 | W117: 1 | X117: 0 | Y117: 0 | Z117: 3 | AA117: 0 | AB117: 0 | AC117: =SUM(E117:AB117) -> 17
...

Sheet PARIJATAH KULON
C2: Kecamatan | D2: SRONO
C3: Kabupaten | D3: BANYUWANGI
C4: Provinsi | D4: JAWA TIMUR
C9: Kelurahan | D9: PARIJATAH KULON
A12: I | B12: DATA PEMILIH DAN PENGGUNAAN HAK PILIH | Y12: JUMLAH AKHIR
A13: A | B13: DATA PEMILIH | E13: TPS 001 | F13: TPS 002 | G13: TPS 003 | H13: TPS 004 | I13: TPS 005 | J13: TPS 006 | K13: TPS 007 | L13: TPS 008 | M13: TPS 009 | N13: TPS 010 | O13: TPS 011 | P13: TPS 012 | Q13: TPS 013 | R13: TPS 014 | S13: TPS 015 | T13: TPS 016 | U13: TPS 017 | V13: TPS 018 | W13: TPS 019 | X13: TPS 020
B14: Jumlah Pemilih dalam Daftar Pemilih Tetap (DPT) | D14: LK | E14: 152 | F14: 138 | G14: 145 | H14: 149 | I14: 142 | J14: 148 | K14: 142 | L14: 147 | M14: 149 | N14: 126 | O14: 121 | P14: 133 | Q14: 131 | R14: 112 | S14: 133 | T14: 143 | U14: 137 | V14: 118 | W14: 128 | X14: 128 | Y14: =SUM(E14:X14) -> 2722
D15: PR | E15: 118 | F15: 140 | G15: 138 | H15: 145 | I15: 128 | J15: 133 | K15: 146 | L15: 142 | M15: 141 | N15: 137 | O15: 125 | P15: 131 | Q15: 132 | R15: 108 | S15: 143 | T15: 139 | U15: 151 | V15: 126 | W15: 134 | X15: 131 | Y15: =SUM(E15:X15) -> 2688
D16: JML | E16: =SUM(E14:E15) -> 270 | F16: =SUM(F14:F15) -> 278 | G16: =SUM(G14:G15) -> 283 | H16: =SUM(H14:H15) -> 294 | I16: =SUM(I14:I15) -> 270 | J16: =SUM(J14:J15) -> 281 | K16: =SUM(K14:K15) -> 288 | L16: =SUM(L14:L15) -> 289 | ... X16: =SUM(X14:X15) -> 259 | Y16: =SUM(E16:X16) -> 5410
A18: B | B18: PENGGUNA HAK PILIH
B19: 1. | C19: Jumlah pengguna hak pilih dalam Daftar Pemilih Tetap (DPT) | D19: LK | E19: 90 | F19: 81 | G19: 90 | H19: 98 | I19: 97 | J19: 101 | K19: 114 | L19: 104 | M19: 103 | N19: 99 | O19: 99 | P19: 90 | Q19: 104 | R19: 85 | S19: 107 | T19: 121 | U19: 103 | V19: 86 | W19: 105 | X19: 107 | Y19: =SUM(E19:X19) -> 1984
D20: PR | E20: 103 | F20: 106 | G20: 89 | H20: 102 | I20: 109 | J20: 104 | K20: 94 | L20: 111 | M20: 116 | N20: 113 | O20: 102 | P20: 100 | Q20: 107 | R20: 91 | S20: 127 | T20: 122 | U20: 127 | V20: 97 | W20: 118 | X20: 109 | Y20: =SUM(E20:X20) -> 2147
D21: JML | E21: =SUM(E19:E20) -> 193 | F21: =SUM(F19:F20) -> 187 | G21: =SUM(G19:G20) -> 179 | H21: =SUM(H19:H20) -> 200 | I21: =SUM(I19:I20) -> 206 | J21: =SUM(J19:J20) -> 205 | K21: =SUM(K19:K20) -> 208 | L21: =SUM(L19:L20) -> 215 | ... X21: =SUM(X19:X20) -> 216 | Y21: =SUM(E21:X21) -> 4131
B22: 2. | C22: Jumlah pengguna hak pilih dalam Daftar Pemilih Tambahan (DPTb) | D22: LK | E22: 0 | F22: 0 | G22: 0 | H22: 0 | I22: 0 | J22: 0 | K22: 0 | L22: 0 | M22: 0 | N22: 1 | O22: 0 | P22: 0 | Q22: 0 | R22: 0 | S22: 0 | T22: 0 | U22: 0 | V22: 0 | W22: 0 | X22: 0 | Y22: =SUM(E22:X22) -> 1
D23: PR | E23: 0 | F23: 0 | G23: 0 | H23: 0 | I23: 0 | J23: 0 | K23: 0 | L23: 0 | M23: 0 | N23: 0 | O23: 0 | P23: 0 | Q23: 0 | R23: 0 | S23: 0 | T23: 0 | U23: 0 | V23: 0 | W23: 0 | X23: 0 | Y23: =SUM(E23:X23) -> 0
D24: JML | E24: =SUM(E22:E23) -> 0 | F24: =SUM(F22:F23) -> 0 | G24: =SUM(G22:G23) -> 0 | H24: =SUM(H22:H23) -> 0 | I24: =SUM(I22:I23) -> 0 | J24: =SUM(J22:J23) -> 0 | K24: =SUM(K22:K23) -> 0 | L24: =SUM(L22:L23) -> 0 | ... X24: =SUM(X22:X23) -> 0 | Y24: =SUM(E24:X24) -> 1
B25: 3. | C25: Jumlah pengguna hak pilih dalam Daftar Pemilih Khusus (DPK) | D25: LK | E25: 1 | F25: 0 | G25: 2 | H25: 2 | I25: 2 | J25: 0 | K25: 0 | L25: 3 | M25: 2 | N25: 4 | O25: 2 | P25: 4 | Q25: 5 | R25: 18 | S25: 0 | T25: 2 | U25: 1 | V25: 0 | W25: 0 | X25: 3 | Y25: =SUM(E25:X25) -> 51
D26: PR | E26: 6 | F26: 1 | G26: 4 | H26: 1 | I26: 3 | J26: 1 | K26: 0 | L26: 4 | M26: 1 | N26: 2 | O26: 3 | P26: 7 | Q26: 7 | R26: 22 | S26: 0 | T26: 1 | U26: 2 | V26: 4 | W26: 0 | X26: 3 | Y26: =SUM(E26:X26) -> 72
D27: JML | E27: =SUM(E25:E26) -> 7 | F27: =SUM(F25:F26) -> 1 | G27: =SUM(G25:G26) -> 6 | H27: =SUM(H25:H26) -> 3 | I27: =SUM(I25:I26) -> 5 | J27: =SUM(J25:J26) -> 1 | K27: =SUM(K25:K26) -> 0 | L27: =SUM(L25:L26) -> 7 | ... X27: =SUM(X25:X26) -> 6 | Y27: =SUM(E27:X27) -> 123
B28: 4. | C28: Jumlah Pengguna Hak Pilih (B.1+B.2+B.3) | D28: LK | E28: =SUM(E19,E22,E25) -> 91 | F28: =SUM(F19,F22,F25) -> 81 | G28: =SUM(G19,G22,G25) -> 92 | H28: =SUM(H19,H22,H25) -> 100 | I28: =SUM(I19,I22,I25) -> 99 | J28: =SUM(J19,J22,J25) -> 101 | K28: =SUM(K19,K22,K25) -> 114 | L28: =SUM(L19,L22,L25) -> 107 | ... X28: =SUM(X19,X22,X25) -> 110 | Y28: =SUM(E28:X28) -> 2036
D29: PR | E29: =SUM(E20,E23,E26) -> 109 | F29: =SUM(F20,F23,F26) -> 107 | G29: =SUM(G20,G23,G26) -> 93 | H29: =SUM(H20,H23,H26) -> 103 | I29: =SUM(I20,I23,I26) -> 112 | J29: =SUM(J20,J23,J26) -> 105 | K29: =SUM(K20,K23,K26) -> 94 | L29: =SUM(L20,L23,L26) -> 115 | ... X29: =SUM(X20,X23,X26) -> 112 | Y29: =SUM(E29:X29) -> 2219
D30: JML | E30: =SUM(E28:E29) -> 200 | F30: =SUM(F28:F29) -> 188 | G30: =SUM(G28:G29) -> 185 | H30: =SUM(H28:H29) -> 203 | I30: =SUM(I28:I29) -> 211 | J30: =SUM(J28:J29) -> 206 | K30: =SUM(K28:K29) -> 208 | L30: =SUM(L28:L29) -> 222 | ... X30: =SUM(X28:X29) -> 222 | Y30: =SUM(E30:X30) -> 4255
A32: II | B32: DATA PENGGUNAAN SURAT SUARA
A33: 1 | B33: Jumlah surat suara yang diterima, termasuk surat suara cadangan 2,5% dari DPT | E33: 270 | F33: 276 | G33: 282 | H33: 287 | I33: 271 | J33: 282 | K33: 289 | L33: 292 | M33: 292 | N33: 269 | O33: 244 | P33: 276 | Q33: 264 | R33: 220 | S33: 274 | T33: 283 | U33: 287 | V33: 245 | W33: 266 | X33: 258 | Y33: =SUM(E33:X33) -> 5427
A34: 2 | B34: Jumlah surat suara yang digunakan | E34: 200 | F34: 188 | G34: 185 | H34: 203 | I34: 211 | J34: 206 | K34: 208 | L34: 222 | M34: 222 | N34: 219 | O34: 206 | P34: 201 | Q34: 223 | R34: 216 | S34: 234 | T34: 246 | U34: 233 | V34: 187 | W34: 223 | X34: 222 | Y34: =SUM(E34:X34) -> 4255
A35: 3 | B35: Jumlah surat suara dikembalikan oleh pemilih (karena rusak atau keliru coblos) | E35: 0 | F35: 1 | G35: 0 | H35: 3 | I35: 0 | J35: 1 | K35: 0 | L35: 1 | M35: 0 | N35: 0 | O35: 1 | P35: 0 | Q35: 0 | R35: 0 | S35: 0 | T35: 0 | U35: 1 | V35: 0 | W35: 2 | X35: 2 | Y35: =SUM(E35:X35) -> 12
A36: 4 | B36: Jumlah surat suara yang tidak digunakan/tidak terpakai, termasuk sisa surat suara cadangan | E36: =E33-(E34+E35) -> 70 | F36: =F33-(F34+F35) -> 87 | G36: =G33-(G34+G35) -> 97 | H36: =H33-(H34+H35) -> 81 | I36: =I33-(I34+I35) -> 60 | J36: =J33-(J34+J35) -> 75 | K36: =K33-(K34+K35) -> 81 | L36: =L33-(L34+L35) -> 69 | ... X36: =X33-(X34+X35) -> 34 | Y36: =SUM(E36:X36) -> 1160
A38: III | B38: DATA PEMILIH DISABILITAS
B39: Jumlah seluruh Pemilih disabilitas yang menggunakan hak pilih | D39: LK | E39: 0 | F39: 0 | G39: 0 | H39: 0 | I39: 0 | J39: 0 | K39: 0 | L39: 0 | M39: 0 | N39: 0 | O39: 0 | P39: 0 | Q39: 0 | R39: 1 | S39: 0 | T39: 0 | U39: 0 | V39: 0 | W39: 0 | X39: 0 | Y39: =SUM(E39:X39) -> 1
D40: PR | E40: 0 | F40: 0 | G40: 0 | H40: 0 | I40: 0 | J40: 0 | K40: 0 | L40: 0 | M40: 0 | N40: 0 | O40: 1 | P40: 0 | Q40: 0 | R40: 1 | S40: 0 | T40: 0 | U40: 0 | V40: 0 | W40: 0 | X40: 0 | Y40: =SUM(E40:X40) -> 2
D41: JML | E41: =SUM(E39:E40) -> 0 | F41: =SUM(F39:F40) -> 0 | G41: =SUM(G39:G40) -> 0 | H41: =SUM(H39:H40) -> 0 | I41: =SUM(I39:I40) -> 0 | J41: =SUM(J39:J40) -> 0 | K41: =SUM(K39:K40) -> 0 | L41: =SUM(L39:L40) -> 0 | ... X41: =SUM(X39:X40) -> 0 | Y41: =SUM(E41:X41) -> 3
A43: IV | B43: DATA RINCIAN PEROLEHAN SUARA PASANGAN CALON BUPATI DAN WAKIL BUPATI
A44: NOMOR DAN NAMA CALON
A45: A.1 | B45: 1. | C45: Partai Kebangkitan Bangsa | E45: 4 | F45: 13 | G45: 6 | H45: 3 | I45: 3 | J45: 4 | K45: 11 | L45: 5 | M45: 4 | N45: 9 | O45: 4 | P45: 5 | Q45: 5 | R45: 13 | S45: 7 | T45: 25 | U45: 16 | V45: 3 | W45: 4 | X45: 10 | Y45: =SUM(E45:X45) -> 154
