Workbook

Sheet DPR RI
C8: Kecamatan | D8: GLENMORE
C9: Kabupaten | D9: BANYUWANGI
C10: Provinsi | D10: JAWA TIMUR
A12: I | B12: DATA PEMILIH DAN PENGGUNAAN HAK PILIH | E12: JUMLAH AKHIR
A13: A | B13: DATA PEMILIH
B14: Jumlah Pemilih dalam Daftar Pemilih Tetap (DPT) | D14: LK | E14: =BUMIHARJO!AE14+KARANGHARJO!BK14+MARGOMULYO!S14+SEPANJANG!AJ14+SUMBERGONDO!AB14+TEGALHARJO!AP14+TULUNGREJO!BL14 -> 29418
D15: PR | E15: =BUMIHARJO!AE15+KARANGHARJO!BK15+MARGOMULYO!S15+SEPANJANG!AJ15+SUMBERGONDO!AB15+TEGALHARJO!AP15+TULUNGREJO!BL15 -> 30287
D16: JML | E16: =SUM(E14:E15) -> 59705
A18: B | B18: PENGGUNA HAK PILIH
B19: 1. | C19: Jumlah pengguna hak pilih dalam Daftar Pemilih Tetap (DPT) | D19: LK | E19: =BUMIHARJO!AE19+KARANGHARJO!BK19+MARGOMULYO!S19+SEPANJANG!AJ19+SUMBERGONDO!AB19+TEGALHARJO!AP19+TULUNGREJO!BL19 -> 21595
D20: PR | E20: =BUMIHARJO!AE20+KARANGHARJO!BK20+MARGOMULYO!S20+SEPANJANG!AJ20+SUMBERGONDO!AB20+TEGALHARJO!AP20+TULUNGREJO!BL20 -> 23895
D21: JML | E21: =SUM(E19:E20) -> 45490
B22: 2. | C22: Jumlah pengguna hak pilih dalam Daftar Pemilih Tambahan (DPTb) | D22: LK | E22: =BUMIHARJO!AE22+KARANGHARJO!BK22+MARGOMULYO!S22+SEPANJANG!AJ22+SUMBERGONDO!AB22+TEGALHARJO!AP22+TULUNGREJO!BL22 -> 77
D23: PR | E23: =BUMIHARJO!AE23+KARANGHARJO!BK23+MARGOMULYO!S23+SEPANJANG!AJ23+SUMBERGONDO!AB23+TEGALHARJO!AP23+TULUNGREJO!BL23 -> 56
D24: JML | E24: =SUM(E22:E23) -> 133
B25: 3. | C25: Jumlah pengguna hak pilih dalam Daftar Pemilih Khusus (DPK) | D25: LK | E25: =BUMIHARJO!AE25+KARANGHARJO!BK25+MARGOMULYO!S25+SEPANJANG!AJ25+SUMBERGONDO!AB25+TEGALHARJO!AP25+TULUNGREJO!BL25 -> 144
D26: PR | E26: =BUMIHARJO!AE26+KARANGHARJO!BK26+MARGOMULYO!S26+SEPANJANG!AJ26+SUMBERGONDO!AB26+TEGALHARJO!AP26+TULUNGREJO!BL26 -> 198
D27: JML | E27: =SUM(E25:E26) -> 342
B28: 4. | C28: Jumlah Pengguna Hak Pilih (B.1+B.2+B.3) | D28: LK | E28: =E19+E22+E25 -> 21816
D29: PR | E29: =E20+E23+E26 -> 24149
D30: JML | E30: =SUM(E28:E29) -> 45965
A32: II | B32: DATA PENGGUNAAN SURAT SUARA
A33: 1 | B33: Jumlah surat suara yang diterima, termasuk surat suara cadangan 2,5% dari DPT | E33: =BUMIHARJO!AE33+KARANGHARJO!BK33+MARGOMULYO!S33+SEPANJANG!AJ33+SUMBERGONDO!AB33+TEGALHARJO!AP33+TULUNGREJO!BL33 -> 61018
A34: 2 | B34: Jumlah surat suara yang digunakan | E34: =BUMIHARJO!AE34+KARANGHARJO!BK34+MARGOMULYO!S34+SEPANJANG!AJ34+SUMBERGONDO!AB34+TEGALHARJO!AP34+TULUNGREJO!BL34 -> 45965
A35: 3 | B35: Jumlah surat suara dikembalikan oleh pemilih (karena rusak atau keliru coblos) | E35: =BUMIHARJO!AE35+KARANGHARJO!BK35+MARGOMULYO!S35+SEPANJANG!AJ35+SUMBERGONDO!AB35+TEGALHARJO!AP35+TULUNGREJO!BL35 -> 106
A36: 4 | B36: Jumlah surat suara yang tidak digunakan/tidak terpakai, termasuk sisa surat suara cadangan | E36: =E33-(E34+E35) -> 14947
A38: III | B38: DATA PEMILIH DISABILITAS
B39: Jumlah seluruh Pemilih disabilitas yang menggunakan hak pilih | D39: LK | E39: =BUMIHARJO!AE39+KARANGHARJO!BK39+MARGOMULYO!S39+SEPANJANG!AJ39+SUMBERGONDO!AB39+TEGALHARJO!AP39+TULUNGREJO!BL39 -> 39
D40: PR | E40: =BUMIHARJO!AE40+KARANGHARJO!BK40+MARGOMULYO!S40+SEPANJANG!AJ40+SUMBERGONDO!AB40+TEGALHARJO!AP40+TULUNGREJO!BL40 -> 66
D41: JML | E41: =SUM(E39:E40) -> 105
A43: IV | B43: DATA RINCIAN PEROLEHAN SUARA PASANGAN CALON BUPATI DAN WAKIL BUPATI
A44: NOMOR DAN NAMA CALON
A45: A.1 | B45: 1. | C45: Partai Kebangkitan Bangsa | E45: =BUMIHARJO!AE45+KARANGHARJO!BK45+MARGOMULYO!S45+SEPANJANG!AJ45+SUMBERGONDO!AB45+TEGALHARJO!AP45+TULUNGREJO!BL45 -> 1192
A46: A.2 | B46: 1 | C46: 1. Dr. Hj. NIHAYATUL WAFIROH, M.A. | E46: =BUMIHARJO!AE46+KARANGHARJO!BK46+MARGOMULYO!S46+SEPANJANG!AJ46+SUMBERGONDO!AB46+TEGALHARJO!AP46+TULUNGREJO!BL46 -> 3037
B47: 2 | C47: 2. H. M. NASIM KHAN | E47: =BUMIHARJO!AE47+KARANGHARJO!BK47+MARGOMULYO!S47+SEPANJANG!AJ47+SUMBERGONDO!AB47+TEGALHARJO!AP47+TULUNGREJO!BL47 -> 1360
B48: 3 | C48: 3. Dr. H. AKIK ZAMAN, M.Pd.I. | E48: =BUMIHARJO!AE48+KARANGHARJO!BK48+MARGOMULYO!S48+SEPANJANG!AJ48+SUMBERGONDO!AB48+TEGALHARJO!AP48+TULUNGREJO!BL48 -> 299
B49: 4 | C49: 4. AHMAD RIFA'I, S.H. | E49: =BUMIHARJO!AE49+KARANGHARJO!BK49+MARGOMULYO!S49+SEPANJANG!AJ49+SUMBERGONDO!AB49+TEGALHARJO!AP49+TULUNGREJO!BL49 -> 153
B50: 5 | C50: 5. Drs. H. MAHFUD M.N. | E50: =BUMIHARJO!AE50+KARANGHARJO!BK50+MARGOMULYO!S50+SEPANJANG!AJ50+SUMBERGONDO!AB50+TEGALHARJO!AP50+TULUNGREJO!BL50 -> 87
B51: 6 | C51: 6. NURHAYATI, S.Pd. | E51: =BUMIHARJO!AE51+KARANGHARJO!BK51+MARGOMULYO!S51+SEPANJANG!AJ51+SUMBERGONDO!AB51+TEGALHARJO!AP51+TULUNGREJO!BL51 -> 35
B52: 7 | C52: 7. MAFTUHA KISWAH | E52: =BUMIHARJO!AE52+KARANGHARJO!BK52+MARGOMULYO!S52+SEPANJANG!AJ52+SUMBERGONDO!AB52+TEGALHARJO!AP52+TULUNGREJO!BL52 -> 15
A55: B | B55: JUMLAH SUARA SAH PARTAI POLITIK DAN CALON (A1 + A2) | E55: =SUM(E45:E52) -> 6178
A57: A.1 | B57: 2. | C57: Partai Gerakan Indonesia Raya | E57: =BUMIHARJO!AE57+KARANGHARJO!BK57+MARGOMULYO!S57+SEPANJANG!AJ57+SUMBERGONDO!AB57+TEGALHARJO!AP57+TULUNGREJO!BL57 -> 1615
A58: A.2 | B58: 1 | C58: 1. SUMAIL ABDULLAH | E58: =BUMIHARJO!AE58+KARANGHARJO!BK58+MARGOMULYO!S58+SEPANJANG!AJ58+SUMBERGONDO!AB58+TEGALHARJO!AP58+TULUNGREJO!BL58 -> 2657
B59: 2 | C59: 2. MUHAMMAD ALI ADRIAN SALEH | E59: =BUMIHARJO!AE59+KARANGHARJO!BK59+MARGOMULYO!S59+SEPANJANG!AJ59+SUMBERGONDO!AB59+TEGALHARJO!AP59+TULUNGREJO!BL59 -> 2347
B60: 3 | C60: 3. DURROTUN NAFISAH | E60: =BUMIHARJO!AE60+KARANGHARJO!BK60+MARGOMULYO!S60+SEPANJANG!AJ60+SUMBERGONDO!AB60+TEGALHARJO!AP60+TULUNGREJO!BL60 -> 172
B61: 4 | C61: 4. H. EKO SUSILO NURHIDAYAT | E61: =BUMIHARJO!AE61+KARANGHARJO!BK61+MARGOMULYO!S61+SEPANJANG!AJ61+SUMBERGONDO!AB61+TEGALHARJO!AP61+TULUNGREJO!BL61 -> 1168
B62: 5 | C62: 5. KARNADI HARIJANTO, S.S. | E62: =BUMIHARJO!AE62+KARANGHARJO!BK62+MARGOMULYO!S62+SEPANJANG!AJ62+SUMBERGONDO!AB62+TEGALHARJO!AP62+TULUNGREJO!BL62 -> 102
B63: 6 | C63: 6. NURHAYATI | E63: =BUMIHARJO!AE63+KARANGHARJO!BK63+MARGOMULYO!S63+SEPANJANG!AJ63+SUMBERGONDO!AB63+TEGALHARJO!AP63+TULUNGREJO!BL63 -> 98
B64: 7 | C64: 7. MASHUDI | E64: =BUMIHARJO!AE64+KARANGHARJO!BK64+MARGOMULYO!S64+SEPANJANG!AJ64+SUMBERGONDO!AB64+TEGALHARJO!AP64+TULUNGREJO!BL64 -> 235
A67: B | B67: JUMLAH SUARA SAH PARTAI POLITIK DAN CALON (A1 + A2) | E67: =SUM(E57:E64) -> 8394
A69: A.1 | B69: 3. | C69: Partai Demokrasi Indonesia Perjuangan | E69: =BUMIHARJO!AE69+KARANGHARJO!BK69+MARGOMULYO!S69+SEPANJANG!AJ69+SUMBERGONDO!AB69+TEGALHARJO!AP69+TULUNGREJO!BL69 -> 1237
A70: A.2 | B70: 1 | C70: 1. SONNY TRI DANAPARAMITA, S.H., M.H. | E70: =BUMIHARJO!AE70+KARANGHARJO!BK70+MARGOMULYO!S70+SEPANJANG!AJ70+SUMBERGONDO!AB70+TEGALHARJO!AP70+TULUNGREJO!BL70 -> 2447
B71: 2 | C71: 2. H. MOHAMAD GUNTUR ROMLI | E71: =BUMIHARJO!AE71+KARANGHARJO!BK71+MARGOMULYO!S71+SEPANJANG!AJ71+SUMBERGONDO!AB71+TEGALHARJO!AP71+TULUNGREJO!BL71 -> 568
B72: 3 | C72: 3. INA AMMANIA | E72: =BUMIHARJO!AE72+KARANGHARJO!BK72+MARGOMULYO!S72+SEPANJANG!AJ72+SUMBERGONDO!AB72+TEGALHARJO!AP72+TULUNGREJO!BL72 -> 2003
B73: 4 | C73: 4. IRWAN BACHTIAR RACHMAT, M.Si. | E73: =BUMIHARJO!AE73+KARANGHARJO!BK73+MARGOMULYO!S73+SEPANJANG!AJ73+SUMBERGONDO!AB73+TEGALHARJO!AP73+TULUNGREJO!BL73 -> 116
B74: 5 | C74: 5. LUCKY PERDANA | E74: =BUMIHARJO!AE74+KARANGHARJO!BK74+MARGOMULYO!S74+SEPANJANG!AJ74+SUMBERGONDO!AB74+TEGALHARJO!AP74+TULUNGREJO!BL74 -> 530
B75: 6 | C75: 6. WIWIK PUJIYATI | E75: =BUMIHARJO!AE75+KARANGHARJO!BK75+MARGOMULYO!S75+SEPANJANG!AJ75+SUMBERGONDO!AB75+TEGALHARJO!AP75+TULUNGREJO!BL75 -> 70
B76: 7 | C76: 7. CHANDRA ASTAN, S.T. | E76: =BUMIHARJO!AE76+KARANGHARJO!BK76+MARGOMULYO!S76+SEPANJANG!AJ76+SUMBERGONDO!AB76+TEGALHARJO!AP76+TULUNGREJO!BL76 -> 71
A79: B | B79: JUMLAH SUARA SAH PARTAI POLITIK DAN CALON (A1 + A2) | E79: =SUM(E69:E76) -> 7042
A81: A.1 | B81: 4. | C81: Partai Golongan Karya | E81: =BUMIHARJO!AE81+KARANGHARJO!BK81+MARGOMULYO!S81+SEPANJANG!AJ81+SUMBERGONDO!AB81+TEGALHARJO!AP81+TULUNGREJO!BL81 -> 1565
A82: A.2 | B82: 1 | C82: 1. ZULFIKAR ARSE SADIKIN, S.I.P., M.Si. | E82: =BUMIHARJO!AE82+KARANGHARJO!BK82+MARGOMULYO!S82+SEPANJANG!AJ82+SUMBERGONDO!AB82+TEGALHARJO!AP82+TULUNGREJO!BL82 -> 3980
B83: 2 | C83: 2. HANDOKO | E83: =BUMIHARJO!AE83+KARANGHARJO!BK83+MARGOMULYO!S83+SEPANJANG!AJ83+SUMBERGONDO!AB83+TEGALHARJO!AP83+TULUNGREJO!BL83 -> 3459
B84: 3 | C84: 3. Hj. OVI DEWI YANTI | E84: =BUMIHARJO!AE84+KARANGHARJO!BK84+MARGOMULYO!S84+SEPANJANG!AJ84+SUMBERGONDO!AB84+TEGALHARJO!AP84+TULUNGREJO!BL84 -> 167
B85: 4 | C85: 4. Ir. AZAM AZMAN NATAWIJANA | E85: =BUMIHARJO!AE85+KARANGHARJO!BK85+MARGOMULYO!S85+SEPANJANG!AJ85+SUMBERGONDO!AB85+TEGALHARJO!AP85+TULUNGREJO!BL85 -> 168
B86: 5 | C86: 5. UBAIDILLAH AMIN, S.Kom. | E86: =BUMIHARJO!AE86+KARANGHARJO!BK86+MARGOMULYO!S86+SEPANJANG!AJ86+SUMBERGONDO!AB86+TEGALHARJO!AP86+TULUNGREJO!BL86 -> 198
B87: 6 | C87: 6. DENNY YUNIANDARI, S.H., M.Kn. | E87: =BUMIHARJO!AE87+KARANGHARJO!BK87+MARGOMULYO!S87+SEPANJANG!AJ87+SUMBERGONDO!AB87+TEGALHARJO!AP87+TULUNGREJO!BL87 -> 38
B88: 7 | C88: 7. ERNADI, S.H.I. | E88: =BUMIHARJO!AE88+KARANGHARJO!BK88+MARGOMULYO!S88+SEPANJANG!AJ88+SUMBERGONDO!AB88+TEGALHARJO!AP88+TULUNGREJO!BL88 -> 22
A91: B | B91: JUMLAH SUARA SAH PARTAI POLITIK DAN CALON (A1 + A2) | E91: =SUM(E81:E88) -> 9597
A93: A.1 | B93: 5. | C93: Partai NasDem | E93: =BUMIHARJO!AE93+KARANGHARJO!BK93+MARGOMULYO!S93+SEPANJANG!AJ93+SUMBERGONDO!AB93+TEGALHARJO!AP93+TULUNGREJO!BL93 -> 277
A94: A.2 | B94: 1 | C94: 1. ACH. FADIL MUZAKKI SYAH | E94: =BUMIHARJO!AE94+KARANGHARJO!BK94+MARGOMULYO!S94+SEPANJANG!AJ94+SUMBERGONDO!AB94+TEGALHARJO!AP94+TULUNGREJO!BL94 -> 509
B95: 2 | C95: 2. BENY | E95: =BUMIHARJO!AE95+KARANGHARJO!BK95+MARGOMULYO!S95+SEPANJANG!AJ95+SUMBERGONDO!AB95+TEGALHARJO!AP95+TULUNGREJO!BL95 -> 789
B96: 3 | C96: 3. VINA VERONIKA | E96: =BUMIHARJO!AE96+KARANGHARJO!BK96+MARGOMULYO!S96+SEPANJANG!AJ96+SUMBERGONDO!AB96+TEGALHARJO!AP96+TULUNGREJO!BL96 -> 47
B97: 4 | C97: 4. TEDDY ANUGRIANTO | E97: =BUMIHARJO!AE97+KARANGHARJO!BK97+MARGOMULYO!S97+SEPANJANG!AJ97+SUMBERGONDO!AB97+TEGALHARJO!AP97+TULUNGREJO!BL97 -> 134
B98: 5 | C98: 5. INSAN KAMIL | E98: =BUMIHARJO!AE98+KARANGHARJO!BK98+MARGOMULYO!S98+SEPANJANG!AJ98+SUMBERGONDO!AB98+TEGALHARJO!AP98+TULUNGREJO!BL98 -> 66
B99: 6 | C99: 6. LILIK LINDARWATI | E99: =BUMIHARJO!AE99+KARANGHARJO!BK99+MARGOMULYO!S99+SEPANJANG!AJ99+SUMBERGONDO!AB99+TEGALHARJO!AP99+TULUNGREJO!BL99 -> 26
B100: 7 | C100: 7. YULI ANITA | E100: =BUMIHARJO!AE100+KARANGHARJO!BK100+MARGOMULYO!S100+SEPANJANG!AJ100+SUMBERGONDO!AB100+TEGALHARJO!AP100+TULUNGREJO!BL100 -> 52
A103: B | B103: JUMLAH SUARA SAH PARTAI POLITIK DAN CALON (A1 + A2) | E103: =SUM(E93:E100) -> 1900
A105: A.1 | B105: 6. | C105: Partai Buruh | E105: =BUMIHARJO!AE105+KARANGHARJO!BK105+MARGOMULYO!S105+SEPANJANG!AJ105+SUMBERGONDO!AB105+TEGALHARJO!AP105+TULUNGREJO!BL105 -> 49
A106: A.2 | B106: 1 | C106: 1. KHOIRUL ANAM | E106: =BUMIHARJO!AE106+KARANGHARJO!BK106+MARGOMULYO!S106+SEPANJANG!AJ106+SUMBERGONDO!AB106+TEGALHARJO!AP106+TULUNGREJO!BL106 -> 50
B107: 2 | C107: 2. INA KURNIA | E107: =BUMIHARJO!AE107+KARANGHARJO!BK107+MARGOMULYO!S107+SEPANJANG!AJ107+SUMBERGONDO!AB107+TEGALHARJO!AP107+TULUNGREJO!BL107 -> 35
B108: 3 | C108: 3. JIBRAL TAROUK | E108: =BUMIHARJO!AE108+KARANGHARJO!BK108+MARGOMULYO!S108+SEPANJANG!AJ108+SUMBERGONDO!AB108+TEGALHARJO!AP108+TULUNGREJO!BL108 -> 16
B109: 4 | C109: 4. ASTUTI DAENG PUJI | E109: =BUMIHARJO!AE109+KARANGHARJO!BK109+MARGOMULYO!S109+SEPANJANG!AJ109+SUMBERGONDO!AB109+TEGALHARJO!AP109+TULUNGREJO!BL109 -> 14
B110: 5 | C110: 5. ASDARMAWAN | E110: =BUMIHARJO!AE110+KARANGHARJO!BK110+MARGOMULYO!S110+SEPANJANG!AJ110+SUMBERGONDO!AB110+TEGALHARJO!AP110+TULUNGREJO!BL110 -> 5
B111: 6 | C111: 6. RIFQI MUBAROK | E111: =BUMIHARJO!AE111+KARANGHARJO!BK111+MARGOMULYO!S111+SEPANJANG!AJ111+SUMBERGONDO!AB111+TEGALHARJO!AP111+TULUNGREJO!BL111 -> 5
B112: 7 | C112: 7. FIRNANDA ALTA MEGA | E112: =BUMIHARJO!AE112+KARANGHARJO!BK112+MARGOMULYO!S112+SEPANJANG!AJ112+SUMBERGONDO!AB112+TEGALHARJO!AP112+TULUNGREJO!BL112 -> 5
A115: B | B115: JUMLAH SUARA SAH PARTAI POLITIK DAN CALON (A1 + A2) | E115: =SUM(E105:E112) -> 179
A117: A.1 | B117: 7. | C117: Partai Gelombang Rakyat Indonesia | E117: =BUMIHARJO!AE117+KARANGHARJO!BK117+MARGOMULYO!S117+SEPANJANG!AJ117+SUMBERGONDO!AB117+TEGALHARJO!AP117+TULUNGREJO!BL117 -> 226
A118: A.2 | B118: 1 | C118: 1. TITI WIDORETNO WARISMAN | E118: =BUMIHARJO!AE118+KARANGHARJO!BK118+MARGOMULYO!S118+SEPANJANG!AJ118+SUMBERGONDO!AB118+TEGALHARJO!AP118+TULUNGREJO!BL118 -> 68
B119: 2 | C119: 2. MAMIEK SETYANINGSIH | E119: =BUMIHARJO!AE119+KARANGHARJO!BK119+MARGOMULYO!S119+SEPANJANG!AJ119+SUMBERGONDO!AB119+TEGALHARJO!AP119+TULUNGREJO!BL119 -> 24
B120: 3 | C120: 3. ROMIL AZIZEN | E120: =BUMIHARJO!AE120+KARANGHARJO!BK120+MARGOMULYO!S120+SEPANJANG!AJ120+SUMBERGONDO!AB120+TEGALHARJO!AP120+TULUNGREJO!BL120 -> 17
A127: B | B127: JUMLAH SUARA SAH PARTAI POLITIK DAN CALON (A1 + A2) | E127: =SUM(E117:E120) -> 335
A129: A.1 | B129: 8. | C129: Partai Keadilan Sejahtera | E129: =BUMIHARJO!AE129+KARANGHARJO!BK129+MARGOMULYO!S129+SEPANJANG!AJ129+SUMBERGONDO!AB129+TEGALHARJO!AP129+TULUNGREJO!BL129 -> 256
A130: A.2 | B130: 1 | C130: 1. H. SAIMI SALEH, S.E., M.M. | E130: =BUMIHARJO!AE130+KARANGHARJO!BK130+MARGOMULYO!S130+SEPANJANG!AJ130+SUMBERGONDO!AB130+TEGALHARJO!AP130+TULUNGREJO!BL130 -> 388
B131: 2 | C131: 2. Prof. Dr. H. EGGI SUDJANA, S.H., M.Si. | E131: =BUMIHARJO!AE131+KARANGHARJO!BK131+MARGOMULYO!S131+SEPANJANG!AJ131+SUMBERGONDO!AB131+TEGALHARJO!AP131+TULUNGREJO!BL131 -> 134
B132: 3 | C132: 3. NURUL KHOTIMAH | E132: =BUMIHARJO!AE132+KARANGHARJO!BK132+MARGOMULYO!S132+SEPANJANG!AJ132+SUMBERGONDO!AB132+TEGALHARJO!AP132+TULUNGREJO!BL132 -> 46
B133: 4 | C133: 4. AKHMAD SUYANTO, S.T., M.T. | E133: =BUMIHARJO!AE133+KARANGHARJO!BK133+MARGOMULYO!S133+SEPANJANG!AJ133+SUMBERGONDO!AB133+TEGALHARJO!AP133+TULUNGREJO!BL133 -> 12
B134: 5 | C134: 5. PUJIYATNI | E134: =BUMIHARJO!AE134+KARANGHARJO!BK134+MARGOMULYO!S134+SEPANJANG!AJ134+SUMBERGONDO!AB134+TEGALHARJO!AP134+TULUNGREJO!BL134 -> 16
B135: 6 | C135: 6. HENI PURWATININGSIH | E135: =BUMIHARJO!AE135+KARANGHARJO!BK135+MARGOMULYO!S135+SEPANJANG!AJ135+SUMBERGONDO!AB135+TEGALHARJO!AP135+TULUNGREJO!BL135 -> 14
B136: 7 | C136: 7. MUHADI | E136: =BUMIHARJO!AE136+KARANGHARJO!BK136+MARGOMULYO!S136+SEPANJANG!AJ136+SUMBERGONDO!AB136+TEGALHARJO!AP136+TULUNGREJO!BL136 -> 6
A139: B | B139: JUMLAH SUARA SAH PARTAI POLITIK DAN CALON (A1 + A2) | E139: =SUM(E129:E136) -> 872
...

Sheet BUMIHARJO
C2: Kecamatan | D2: GLENMORE
C3: Kabupaten | D3: BANYUWANGI
C4: Provinsi | D4: JAWA TIMUR
C9: Kelurahan | D9: BUMIHARJO
A12: I | B12: DATA PEMILIH DAN PENGGUNAAN HAK PILIH | AE12: JUMLAH AKHIR
A13: A | B13: DATA PEMILIH | E13: TPS 001 | F13: TPS 002 | G13: TPS 003 | H13: TPS 004 | I13: TPS 005 | J13: TPS 006 | K13: TPS 007 | L13: TPS 008 | M13: TPS 009 | N13: TPS 010 | O13: TPS 011 | P13: TPS 012 | Q13: TPS 013 | R13: TPS 014 | S13: TPS 015 | T13: TPS 016 | U13: TPS 017 | V13: TPS 018 | W13: TPS 019 | X13: TPS 020 | Y13: TPS 021 | Z13: TPS 022 | AA13: TPS 023 | AB13: TPS 024 | AC13: TPS 025 | AD13: TPS 026
B14: Jumlah Pemilih dalam Daftar Pemilih Tetap (DPT) | D14: LK | E14: 132 | F14: 118 | G14: 130 | H14: 112 | I14: 147 | J14: 159 | K14: 144 | L14: 151 | M14: 141 | N14: 144 | O14: 122 | P14: 124 | Q14: 123 | R14: 92 | S14: 142 | T14: 126 | U14: 127 | V14: 116 | W14: 145 | X14: 142 | Y14: 119 | Z14: 140 | AA14: 108 | AB14: 103 | AC14: 123 | AD14: 138 | AE14: =SUM(E14:AD14) -> 3368
D15: PR | E15: 127 | F15: 126 | G15: 123 | H15: 114 | I15: 142 | J15: 141 | K15: 149 | L15: 145 | M15: 147 | N15: 153 | O15: 116 | P15: 128 | Q15: 116 | R15: 106 | S15: 126 | T15: 124 | U15: 145 | V15: 97 | W15: 134 | X15: 137 | Y15: 126 | Z15: 151 | AA15: 115 | AB15: 118 | AC15: 132 | AD15: 149 | AE15: =SUM(E15:AD15) -> 3387
D16: JML | E16: =SUM(E14:E15) -> 259 | F16: =SUM(F14:F15) -> 244 | G16: =SUM(G14:G15) -> 253 | H16: =SUM(H14:H15) -> 226 | I16: =SUM(I14:I15) -> 289 | J16: =SUM(J14:J15) -> 300 | K16: =SUM(K14:K15) -> 293 | L16: =SUM(L14:L15) -> 296 | ... AD16: =SUM(AD14:AD15) -> 287 | AE16: =SUM(E16:AD16) -> 6755
A18: B | B18: PENGGUNA HAK PILIH
B19: 1. | C19: Jumlah pengguna hak pilih dalam Daftar Pemilih Tetap (DPT) | D19: LK | E19: 105 | F19: 100 | G19: 94 | H19: 91 | I19: 104 | J19: 118 | K19: 109 | L19: 115 | M19: 105 | N19: 107 | O19: 87 | P19: 97 | Q19: 90 | R19: 68 | S19: 113 | T19: 89 | U19: 87 | V19: 95 | W19: 113 | X19: 101 | Y19: 87 | Z19: 96 | AA19: 77 | AB19: 76 | AC19: 80 | AD19: 95 | AE19: =SUM(E19:AD19) -> 2499
D20: PR | E20: 101 | F20: 100 | G20: 107 | H20: 93 | I20: 104 | J20: 112 | K20: 115 | L20: 114 | M20: 118 | N20: 119 | O20: 89 | P20: 116 | Q20: 93 | R20: 86 | S20: 107 | T20: 105 | U20: 112 | V20: 86 | W20: 110 | X20: 105 | Y20: 104 | Z20: 126 | AA20: 100 | AB20: 78 | AC20: 92 | AD20: 112 | AE20: =SUM(E20:AD20) -> 2704
D21: JML | E21: =SUM(E19:E20) -> 206 | F21: =SUM(F19:F20) -> 200 | G21: =SUM(G19:G20) -> 201 | H21: =SUM(H19:H20) -> 184 | I21: =SUM(I19:I20) -> 208 | J21: =SUM(J19:J20) -> 230 | K21: =SUM(K19:K20) -> 224 | L21: =SUM(L19:L20) -> 229 | ... AD21: =SUM(AD19:AD20) -> 207 | AE21: =SUM(E21:AD21) -> 5203
B22: 2. | C22: Jumlah pengguna hak pilih dalam Daftar Pemilih Tambahan (DPTb) | D22: LK | N22: 2 | P22: 1 | AE22: =SUM(E22:AD22) -> 3
D23: PR | N23: 1 | O23: 1 | S23: 1 | V23: 1 | AE23: =SUM(E23:AD23) -> 4
D24: JML | E24: =SUM(E22:E23) -> 0 | F24: =SUM(F22:F23) -> 0 | G24: =SUM(G22:G23) -> 0 | H24: =SUM(H22:H23) -> 0 | I24: =SUM(I22:I23) -> 0 | J24: =SUM(J22:J23) -> 0 | K24: =SUM(K22:K23) -> 0 | L24: =SUM(L22:L23) -> 0 | ... AD24: =SUM(AD22:AD23) -> 0 | AE24: =SUM(E24:AD24) -> 7
B25: 3. | C25: Jumlah pengguna hak pilih dalam Daftar Pemilih Khusus (DPK) | D25: LK | E25: 1 | I25: 2 | R25: 1 | V25: 2 | W25: 1 | AE25: =SUM(E25:AD25) -> 7
D26: PR | P26: 1 | V26: 1 | W26: 1 | X26: 4 | AE26: =SUM(E26:AD26) -> 7
D27: JML | E27: =SUM(E25:E26) -> 1 | F27: =SUM(F25:F26) -> 0 | G27: =SUM(G25:G26) -> 0 | H27: =SUM(H25:H26) -> 0 | I27: =SUM(I25:I26) -> 2 | J27: =SUM(J25:J26) -> 0 | K27: =SUM(K25:K26) -> 0 | L27: =SUM(L25:L26) -> 0 | ... AD27: =SUM(AD25:AD26) -> 0 | AE27: =SUM(E27:AD27) -> 14
B28: 4. | C28: Jumlah Pengguna Hak Pilih (B.1+B.2+B.3) | D28: LK | E28: =SUM(E19,E22,E25) -> 106 | F28: =SUM(F19,F22,F25) -> 100 | G28: =SUM(G19,G22,G25) -> 94 | H28: =SUM(H19,H22,H25) -> 91 | I28: =SUM(I19,I22,I25) -> 106 | J28: =SUM(J19,J22,J25) -> 118 | K28: =SUM(K19,K22,K25) -> 109 | L28: =SUM(L19,L22,L25) -> 115 | ... AD28: =SUM(AD19,AD22,AD25) -> 95 | AE28: =SUM(E28:AD28) -> 2509
D29: PR | E29: =SUM(E20,E23,E26) -> 101 | F29: =SUM(F20,F23,F26) -> 100 | G29: =SUM(G20,G23,G26) -> 107 | H29: =SUM(H20,H23,H26) -> 93 | I29: =SUM(I20,I23,I26) -> 104 | J29: =SUM(J20,J23,J26) -> 112 | K29: =SUM(K20,K23,K26) -> 115 | L29: =SUM(L20,L23,L26) -> 114 | ... AD29: =SUM(AD20,AD23,AD26) -> 112 | AE29: =SUM(E29:AD29) -> 2715
D30: JML | E30: =SUM(E28:E29) -> 207 | F30: =SUM(F28:F29) -> 200 | G30: =SUM(G28:G29) -> 201 | H30: =SUM(H28:H29) -> 184 | I30: =SUM(I28:I29) -> 210 | J30: =SUM(J28:J29) -> 230 | K30: =SUM(K28:K29) -> 224 | L30: =SUM(L28:L29) -> 229 | ... AD30: =SUM(AD28:AD29) -> 207 | AE30: =SUM(E30:AD30) -> 5224
A32: II | B32: DATA PENGGUNAAN SURAT SUARA
A33: 1 | B33: Jumlah surat suara yang diterima, termasuk surat suara cadangan 2,5% dari DPT | E33: 265 | F33: 249 | G33: 259 | H33: 231 | I33: 295 | J33: 306 | K33: 299 | L33: 302 | M33: 294 | N33: 303 | O33: 243 | P33: 258 | Q33: 244 | R33: 202 | S33: 274 | T33: 255 | U33: 278 | V33: 218 | W33: 285 | X33: 285 | Y33: 250 | Z33: 297 | AA33: 228 | AB33: 226 | AC33: 261 | AD33: 293 | AE33: =SUM(E33:AD33) -> 6900
A34: 2 | B34: Jumlah surat suara yang digunakan | E34: 207 | F34: 200 | G34: 201 | H34: 184 | I34: 210 | J34: 230 | K34: 224 | L34: 229 | M34: 223 | N34: 229 | O34: 177 | P34: 215 | Q34: 183 | R34: 155 | S34: 221 | T34: 194 | U34: 199 | V34: 185 | W34: 225 | X34: 210 | Y34: 191 | Z34: 222 | AA34: 177 | AB34: 154 | AC34: 172 | AD34: 207 | AE34: =SUM(E34:AD34) -> 5224
A35: 3 | B35: Jumlah surat suara dikembalikan oleh pemilih (karena rusak atau keliru coblos) | H35: 3 | O35: 1 | R35: 1 | Z35: 6 | AD35: 1 | AE35: =SUM(E35:AD35) -> 12
A36: 4 | B36: Jumlah surat suara yang tidak digunakan/tidak terpakai, termasuk sisa surat suara cadangan | E36: 58 | F36: 48 | G36: 58 | H36: 45 | I36: 85 | J36: 76 | K36: 75 | L36: 73 | M36: 71 | N36: 74 | O36: 66 | P36: 43 | Q36: 61 | R36: 47 | S36: 53 | T36: 61 | U36: 79 | V36: 33 | W36: 60 | X36: 75 | Y36: 59 | Z36: 75 | AA36: 50 | AB36: 72 | AC36: 89 | AD36: 86 | AE36: =SUM(E36:AD36) -> 1672
A38: III | B38: DATA PEMILIH DISABILITAS
B39: Jumlah seluruh Pemilih disabilitas yang menggunakan hak pilih | D39: LK | E39: 2 | J39: 1 | U39: 1 | V39: 1 | Y39: 1 | AA39: 3 | AB39: 1 | AE39: =SUM(E39:AD39) -> 10
D40: PR | E40: 2 | I40: 1 | R40: 2 | W40: 2 | Y40: 1 | Z40: 1 | AA40: 2 | AB40: 3 | AE40: =SUM(E40:AD40) -> 14
D41: JML | E41: =SUM(E39:E40) -> 4 | F41: =SUM(F39:F40) -> 0 | G41: =SUM(G39:G40) -> 0 | H41: =SUM(H39:H40) -> 0 | I41: =SUM(I39:I40) -> 1 | J41: =SUM(J39:J40) -> 1 | K41: =SUM(K39:K40) -> 0 | L41: =SUM(L39:L40) -> 0 | ... AD41: =SUM(AD39:AD40) -> 0 | AE41: =SUM(E41:AD41) -> 24
A43: IV | B43: DATA RINCIAN PEROLEHAN SUARA PASANGAN CALON BUPATI DAN WAKIL BUPATI
A44: NOMOR DAN NAMA CALON
A45: A.1 | B45: 1. | C45: Partai Kebangkitan Bangsa | E45: 5 | F45: 5 | G45: 3 | H45: 0 | I45: 8 | J45: 5 | K45: 6 | L45: 5 | M45: 5 | N45: 4 | O45: 1 | P45: 7 | Q45: 4 | R45: 3 | S45: 5 | T45: 5 | U45: 4 | V45: 1 | W45: 5 | X45: 5 | Y45: 10 | Z45: 6 | AA45: 3 | AB45: 6 | AC45: 6 | AD45: 7 | AE45: =SUM(E45:AD45) -> 124
A46: A.2 | B46: 1 | C46: 1. Dr. Hj. NIHAYATUL WAFIROH, M.A. | E46: 9 | F46: 13 | G46: 42 | H46: 0 | I46: 25 | J46: 20 | K46: 6 | L46: 10 | M46: 10 | N46: 21 | O46: 6 | P46: 4 | Q46: 9 | R46: 6 | S46: 14 | T46: 7 | U46: 5 | V46: 1 | W46: 18 | X46: 13 | Y46: 26 | Z46: 19 | AA46: 17 | AB46: 2 | AC46: 9 | AD46: 20 | AE46: =SUM(E46:AD46) -> 332
B47: 2 | C47: 2. H. M. NASIM KHAN | E47: 0 | F47: 0 | G47: 3 | H47: 0 | I47: 1 | J47: 0 | K47: 1 | L47: 2 | M47: 2 | N47: 3 | O47: 1 | P47: 0 | Q47: 0 | R47: 0 | S47: 2 | T47: 0 | U47: 0 | V47: 0 | W47: 1 | X47: 2 | Y47: 1 | Z47: 5 | AA47: 1 | AB47: 0 | AC47: 2 | AD47: 1 | AE47: =SUM(E47:AD47) -> 28
B48: 3 | C48: 3. Dr. H. AKIK ZAMAN, M.Pd.I. | E48: 3 | F48: 1 | G48: 1 | H48: 0 | I48: 4 | J48: 0 | K48: 0 | L48: 2 | M48: 4 | N48: 3 | O48: 2 | P48: 1 | Q48: 1 | R48: 0 | S48: 1 | T48: 1 | U48: 1 | V48: 0 | W48: 3 | X48: 1 | Y48: 0 | Z48: 4 | AA48: 1 | AB48: 0 | AC48: 0 | AD48: 1 | AE48: =SUM(E48:AD48) -> 35
B49: 4 | C49: 4. AHMAD RIFA'I, S.H. | E49: 0 | F49: 0 | G49: 2 | H49: 0 | I49: 0 | J49: 0 | K49: 0 | L49: 0 | M49: 1 | N49: 2 | O49: 0 | P49: 0 | Q49: 0 | R49: 0 | S49: 0 | T49: 0 | U49: 1 | V49: 0 | W49: 1 | X49: 0 | Y49: 0 | Z49: 0 | AA49: 1 | AB49: 0 | AC49: 2 | AD49: 0 | AE49: =SUM(E49:AD49) -> 10
B50: 5 | C50: 5. Drs. H. MAHFUD M.N. | E50: 0 | F50: 0 | G50: 0 | H50: 1 | I50: 0 | J50: 1 | K50: 0 | L50: 0 | M50: 1 | N50: 0 | O50: 0 | P50: 0 | Q50: 0 | R50: 0 | S50: 0 | T50: 1 | U50: 0 | V50: 0 | W50: 0 | X50: 0 | Y50: 2 | Z50: 0 | AA50: 0 | AB50: 0 | AC50: 0 | AD50: 2 | AE50: =SUM(E50:AD50) -> 8
B51: 6 | C51: 6. NURHAYATI, S.Pd. | E51: 0 | F51: 0 | G51: 0 | H51: 0 | I51: 0 | J51: 0 | K51: 0 | L51: 1 | M51: 0 | N51: 1 | O51: 0 | P51: 0 | Q51: 0 | R51: 0 | S51: 0 | T51: 0 | U51: 0 | V51: 0 | W51: 0 | X51: 0 | Y51: 0 | Z51: 0 | AA51: 0 | AB51: 0 | AC51: 0 | AD51: 0 | AE51: =SUM(E51:AD51) -> 2
B52: 7 | C52: 7. MAFTUHA KISWAH | E52: 0 | F52: 0 | G52: 0 | H52: 0 | I52: 1 | J52: 0 | K52: 0 | L52: 0 | M52: 0 | N52: 0 | O52: 0 | P52: 0 | Q52: 0 | R52: 0 | S52: 0 | T52: 0 | U52: 0 | V52: 0 | W52: 0 | X52: 0 | Y52: 0 | Z52: 0 | AA52: 0 | AB52: 0 | AC52: 1 | AD52: 0 | AE52: =SUM(E52:AD52) -> 2
AE53: =SUM(E53:AD53) -> 0
AE54: =SUM(E54:AD54) -> 0
A55: B | B55: JUMLAH SUARA SAH PARTAI POLITIK DAN CALON (A1 + A2) | E55: =SUM(E45:E52) -> 17 | F55: =SUM(F45:F52) -> 19 | G55: =SUM(G45:G52) -> 51 | H55: =SUM(H45:H52) -> 1 | I55: =SUM(I45:I52) -> 39 | J55: =SUM(J45:J52) -> 26 | K55: =SUM(K45:K52) -> 13 | L55: =SUM(L45:L52) -> 20 | ... AD55: =SUM(AD45:AD52) -> 31 | AE55: =SUM(E55:AD55) -> 541
A57: A.1 | B57: 2. | C57: Partai Gerakan Indonesia Raya | E57: 5 | F57: 6 | G57: 2 | H57: 4 | I57: 7 | J57: 7 | K57: 9 | L57: 7 | M57: 7 | N57: 12 | O57: 4 | P57: 2 | Q57: 4 | R57: 3 | S57: 2 | T57: 1 | U57: 8 | V57: 3 | W57: 4 | X57: 4 | Y57: 3 | Z57: 5 | AA57: 5 | AB57: 6 | AC57: 7 | AD57: 10 | AE57: =SUM(E57:AD57) -> 137
A58: A.2 | B58: 1 | C58: 1. SUMAIL ABDULLAH | E58: 2 | F58: 0 | G58: 1 | H58: 3 | I58: 2 | J58: 2 | K58: 2 | L58: 5 | M58: 6 | N58: 2 | O58: 5 | P58: 1 | Q58: 4 | R58: 0 | S58: 4 | T58: 0 | U58: 0 | V58: 3 | W58: 3 | X58: 13 | Y58: 1 | Z58: 1 | AA58: 1 | AB58: 2 | AC58: 3 | AD58: 5 | AE58: =SUM(E58:AD58) -> 71
B59: 2 | C59: 2. MUHAMMAD ALI ADRIAN SALEH | E59: 17 | F59: 19 | G59: 9 | H59: 10 | I59: 17 | J59: 17 | K59: 9 | L59: 17 | M59: 34 | N59: 12 | O59: 10 | P59: 2 | Q59: 3 | R59: 0 | S59: 4 | T59: 1 | U59: 5 | V59: 0 | W59: 9 | X59: 22 | Y59: 4 | Z59: 18 | AA59: 14 | AB59: 14 | AC59: 27 | AD59: 14 | AE59: =SUM(E59:AD59) -> 308
B60: 3 | C60: 3. DURROTUN NAFISAH | E60: 0 | F60: 0 | G60: 1 | H60: 0 | I60: 0 | J60: 1 | K60: 0 | L60: 0 | M60: 2 | N60: 0 | O60: 0 | P60: 0 | Q60: 0 | R60: 0 | S60: 0 | T60: 0 | U60: 1 | V60: 0 | W60: 5 | X60: 0 | Y60: 2 | Z60: 2 | AA60: 1 | AB60: 0 | AC60: 0 | AD60: 0 | AE60: =SUM(E60:AD60) -> 15
B61: 4 | C61: 4. H. EKO SUSILO NURHIDAYAT | E61: 1 | F61: 2 | G61: 1 | H61: 14 | I61: 1 | J61: 5 | K61: 8 | L61: 5 | M61: 1 | N61: 2 | O61: 3 | P61: 1 | Q61: 4 | R61: 1 | S61: 0 | T61: 0 | U61: 9 | V61: 5 | W61: 2 | X61: 2 | Y61: 0 | Z61: 0 | AA61: 2 | AB61: 9 | AC61: 20 | AD61: 11 | AE61: =SUM(E61:AD61) -> 109
B62: 5 | C62: 5. KARNADI HARIJANTO, S.S. | E62: 0 | F62: 1 | G62: 0 | H62: 0 | I62: 0 | J62: 0 | K62: 0 | L62: 0 | M62: 2 | N62: 0 | O62: 0 | P62: 0 | Q62: 1 | R62: 0 | S62: 0 | T62: 0 | U62: 0 | V62: 0 | W62: 1 | X62: 0 | Y62: 0 | Z62: 0 | AA62: 0 | AB62: 0 | AC62: 0 | AD62: 0 | AE62: =SUM(E62:AD62) -> 5
B63: 6 | C63: 6. NURHAYATI | E63: 1 | F63: 0 | G63: 2 | H63: 0 | I63: 0 | J63: 1 | K63: 0 | L63: 0 | M63: 0 | N63: 0 | O63: 0 | P63: 0 | Q63: 1 | R63: 0 | S63: 0 | T63: 0 | U63: 0 | V63: 0 | W63: 0 | X63: 0 | Y63: 0 | Z63: 0 | AA63: 0 | AB63: 1 | AC63: 0 | AD63: 0 | AE63: =SUM(E63:AD63) -> 6
B64: 7 | C64: 7. MASHUDI | E64: 0 | F64: 1 | G64: 1 | H64: 0 | I64: 1 | J64: 1 | K64: 1 | L64: 0 | M64: 0 | N64: 0 | O64: 0 | P64: 1 | Q64: 0 | R64: 1 | S64: 0 | T64: 0 | U64: 0 | V64: 0 | W64: 0 | X64: 0 | Y64: 5 | Z64: 1 | AA64: 0 | AB64: 0 | AC64: 0 | AD64: 0 | AE64: =SUM(E64:AD64) -> 13
AE65: =SUM(E65:AD65) -> 0
AE66: =SUM(E66:AD66) -> 0
A67: B | B67: JUMLAH SUARA SAH PARTAI POLITIK DAN CALON (A1 + A2) | E67: =SUM(E57:E64) -> 26 | F67: =SUM(F57:F64) -> 29 | G67: =SUM(G57:G64) -> 17 | H67: =SUM(H57:H64) -> 31 | I67: =SUM(I57:I64) -> 28 | J67: =SUM(J57:J64) -> 34 | K67: =SUM(K57:K64) -> 29 | L67: =SUM(L57:L64) -> 34 | ... AD67: =SUM(AD57:AD64) -> 40 | AE67: =SUM(E67:AD67) -> 664
A69: A.1 | B69: 3. | C69: Partai Demokrasi Indonesia Perjuangan | E69: 18 | F69: 7 | G69: 5 | H69: 10 | I69: 6 | J69: 13 | K69: 11 | L69: 14 | M69: 5 | N69: 18 | O69: 3 | P69: 2 | Q69: 1 | R69: 3 | S69: 2 | T69: 3 | U69: 3 | V69: 14 | W69: 18 | X69: 9 | Y69: 3 | Z69: 7 | AA69: 5 | AB69: 8 | AC69: 6 | AD69: 7 | AE69: =SUM(E69:AD69) -> 201
A70: A.2 | B70: 1 | C70: 1. SONNY TRI DANAPARAMITA, S.H., M.H. | E70: 45 | F70: 27 | G70: 11 | H70: 8 | I70: 6 | J70: 16 | K70: 28 | L70: 46 | M70: 38 | N70: 8 | O70: 4 | P70: 4 | Q70: 18 | R70: 0 | S70: 1 | T70: 1 | U70: 6 | V70: 75 | W70: 48 | X70: 33 | Y70: 3 | Z70: 16 | AA70: 5 | AB70: 33 | AC70: 2 | AD70: 6 | AE70: =SUM(E70:AD70) -> 488
B71: 2 | C71: 2. H. MOHAMAD GUNTUR ROMLI | E71: 3 | F71: 4 | G71: 3 | H71: 1 | I71: 1 | J71: 3 | K71: 6 | L71: 0 | M71: 1 | N71: 1 | O71: 0 | P71: 3 | Q71: 0 | R71: 1 | S71: 1 | T71: 0 | U71: 0 | V71: 1 | W71: 2 | X71: 1 | Y71: 0 | Z71: 1 | AA71: 0 | AB71: 0 | AC71: 1 | AD71: 1 | AE71: =SUM(E71:AD71) -> 35
B72: 3 | C72: 3. INA AMMANIA | E72: 13 | F72: 1 | G72: 10 | H72: 0 | I72: 21 | J72: 17 | K72: 4 | L72: 6 | M72: 8 | N72: 13 | O72: 2 | P72: 8 | Q72: 7 | R72: 5 | S72: 0 | T72: 2 | U72: 5 | V72: 6 | W72: 16 | X72: 16 | Y72: 2 | Z72: 65 | AA72: 45 | AB72: 23 | AC72: 9 | AD72: 22 | AE72: =SUM(E72:AD72) -> 326
B73: 4 | C73: 4. IRWAN BACHTIAR RACHMAT, M.Si. | E73: 0 | F73: 1 | G73: 0 | H73: 1 | I73: 0 | J73: 0 | K73: 1 | L73: 0 | M73: 0 | N73: 0 | O73: 0 | P73: 0 | Q73: 0 | R73: 0 | S73: 1 | T73: 0 | U73: 0 | V73: 0 | W73: 1 | X73: 0 | Y73: 0 | Z73: 0 | AA73: 0 | AB73: 0 | AC73: 0 | AD73: 1 | AE73: =SUM(E73:AD73) -> 6
B74: 5 | C74: 5. LUCKY PERDANA | E74: 0 | F74: 1 | G74: 1 | H74: 0 | I74: 0 | J74: 2 | K74: 2 | L74: 0 | M74: 2 | N74: 0 | O74: 0 | P74: 2 | Q74: 0 | R74: 1 | S74: 1 | T74: 0 | U74: 0 | V74: 0 | W74: 5 | X74: 1 | Y74: 1 | Z74: 0 | AA74: 1 | AB74: 1 | AC74: 0 | AD74: 0 | AE74: =SUM(E74:AD74) -> 21
B75: 6 | C75: 6. WIWIK PUJIYATI | E75: 0 | F75: 0 | G75: 0 | H75: 0 | I75: 0 | J75: 0 | K75: 1 | L75: 1 | M75: 0 | N75: 0 | O75: 1 | P75: 1 | Q75: 0 | R75: 0 | S75: 0 | T75: 0 | U75: 0 | V75: 0 | W75: 0 | X75: 0 | Y75: 0 | Z75: 0 | AA75: 0 | AB75: 0 | AC75: 0 | AD75: 0 | AE75: =SUM(E75:AD75) -> 4
B76: 7 | C76: 7. CHANDRA ASTAN, S.T. | E76: 0 | F76: 0 | G76: 0 | H76: 0 | I76: 0 | J76: 1 | K76: 1 | L76: 1 | M76: 0 | N76: 0 | O76: 0 | P76: 0 | Q76: 1 | R76: 0 | S76: 0 | T76: 0 | U76: 0 | V76: 0 | W76: 0 | X76: 2 | Y76: 0 | Z76: 0 | AA76: 0 | AB76: 2 | AC76: 0 | AD76: 0 | AE76: =SUM(E76:AD76) -> 8
AE77: =SUM(E77:AD77) -> 0
AE78: =SUM(E78:AD78) -> 0
A79: B | B79: JUMLAH SUARA SAH PARTAI POLITIK DAN CALON (A1 + A2) | E79: =SUM(E69:E76) -> 79 | F79: =SUM(F69:F76) -> 41 | G79: =SUM(G69:G76) -> 30 | H79: =SUM(H69:H76) -> 20 | I79: =SUM(I69:I76) -> 34 | J79: =SUM(J69:J76) -> 52 | K79: =SUM(K69:K76) -> 54 | L79: =SUM(L69:L76) -> 68 | ... AD79: =SUM(AD69:AD76) -> 37 | AE79: =SUM(E79:AD79) -> 1089
A81: A.1 | B81: 4. | C81: Partai Golongan Karya | E81: 3 | F81: 4 | G81: 6 | H81: 9 | I81: 12 | J81: 8 | K81: 5 | L81: 7 | M81: 2 | N81: 6 | O81: 10 | P81: 6 | Q81: 3 | R81: 0 | S81: 5 | T81: 6 | U81: 9 | V81: 4 | W81: 5 | X81: 7 | Y81: 2 | Z81: 5 | AA81: 2 | AB81: 1 | AC81: 12 | AD81: 5 | AE81: =SUM(E81:AD81) -> 144
A82: A.2 | B82: 1 | C82: 1. ZULFIKAR ARSE SADIKIN, S.I.P., M.Si. | E82: 6 | F82: 34 | G82: 7 | H82: 31 | I82: 7 | J82: 1 | K82: 7 | L82: 10 | M82: 1 | N82: 21 | O82: 4 | P82: 0 | Q82: 1 | R82: 1 | S82: 1 | T82: 5 | U82: 3 | V82: 3 | W82: 2 | X82: 1 | Y82: 60 | Z82: 8 | AA82: 14 | AB82: 6 | AC82: 11 | AD82: 1 | AE82: =SUM(E82:AD82) -> 246
B83: 2 | C83: 2. HANDOKO | E83: 43 | F83: 20 | G83: 52 | H83: 34 | I83: 40 | J83: 15 | K83: 38 | L83: 54 | M83: 41 | N83: 59 | O83: 84 | P83: 136 | Q83: 86 | R83: 119 | S83: 153 | T83: 144 | U83: 123 | V83: 40 | W83: 34 | X83: 37 | Y83: 34 | Z83: 9 | AA83: 20 | AB83: 3 | AC83: 28 | AD83: 43 | AE83: =SUM(E83:AD83) -> 1489
B84: 3 | C84: 3. Hj. OVI DEWI YANTI | E84: 1 | F84: 1 | G84: 0 | H84: 0 | I84: 0 | J84: 0 | K84: 2 | L84: 0 | M84: 2 | N84: 0 | O84: 1 | P84: 0 | Q84: 1 | R84: 0 | S84: 0 | T84: 1 | U84: 0 | V84: 0 | W84: 1 | X84: 0 | Y84: 0 | Z84: 0 | AA84: 0 | AB84: 0 | AC84: 0 | AD84: 1 | AE84: =SUM(E84:AD84) -> 11
B85: 4 | C85: 4. Ir. AZAM AZMAN NATAWIJANA | E85: 0 | F85: 0 | G85: 0 | H85: 0 | I85: 0 | J85: 0 | K85: 0 | L85: 0 | M85: 0 | N85: 1 | O85: 0 | P85: 0 | Q85: 0 | R85: 0 | S85: 0 | T85: 0 | U85: 0 | V85: 1 | W85: 0 | X85: 0 | Y85: 0 | Z85: 1 | AA85: 0 | AB85: 2 | AC85: 1 | AD85: 0 | AE85: =SUM(E85:AD85) -> 6
B86: 5 | C86: 5. UBAIDILLAH AMIN, S.Kom. | E86: 1 | F86: 0 | G86: 0 | H86: 0 | I86: 0 | J86: 4 | K86: 0 | L86: 3 | M86: 0 | N86: 0 | O86: 1 | P86: 0 | Q86: 0 | R86: 0 | S86: 1 | T86: 0 | U86: 0 | V86: 1 | W86: 1 | X86: 0 | Y86: 1 | Z86: 0 | AA86: 0 | AB86: 0 | AC86: 0 | AD86: 0 | AE86: =SUM(E86:AD86) -> 13
B87: 6 | C87: 6. DENNY YUNIANDARI, S.H., M.Kn. | E87: 0 | F87: 0 | G87: 0 | H87: 0 | I87: 0 | J87: 0 | K87: 0 | L87: 0 | M87: 0 | N87: 0 | O87: 0 | P87: 0 | Q87: 0 | R87: 0 | S87: 0 | T87: 0 | U87: 0 | V87: 0 | W87: 0 | X87: 0 | Y87: 1 | Z87: 0 | AA87: 1 | AB87: 0 | AC87: 0 | AD87: 0 | AE87: =SUM(E87:AD87) -> 2
B88: 7 | C88: 7. ERNADI, S.H.I. | E88: 0 | F88: 1 | G88: 0 | H88: 0 | I88: 0 | J88: 0 | K88: 2 | L88: 0 | M88: 1 | N88: 0 | O88: 0 | P88: 0 | Q88: 0 | R88: 0 | S88: 0 | T88: 0 | U88: 0 | V88: 0 | W88: 1 | X88: 0 | Y88: 0 | Z88: 0 | AA88: 0 | AB88: 0 | AC88: 0 | AD88: 0 | AE88: =SUM(E88:AD88) -> 5
AE89: =SUM(E89:AD89) -> 0
AE90: =SUM(E90:AD90) -> 0
A91: B | B91: JUMLAH SUARA SAH PARTAI POLITIK DAN CALON (A1 + A2) | E91: =SUM(E81:E88) -> 54 | F91: =SUM(F81:F88) -> 60 | G91: =SUM(G81:G88) -> 65 | H91: =SUM(H81:H88) -> 74 | I91: =SUM(I81:I88) -> 59 | J91: =SUM(J81:J88) -> 28 | K91: =SUM(K81:K88) -> 54 | L91: =SUM(L81:L88) -> 74 | ... AD91: =SUM(AD81:AD88) -> 50 | AE91: =SUM(E91:AD91) -> 1916
A93: A.1 | B93: 5. | C93: Partai NasDem | E93: 0 | F93: 0 | G93: 0 | H93: 3 | I93: 0 | J93: 0 | K93: 0 | L93: 1 | M93: 0 | N93: 0 | O93: 0 | P93: 0 | Q93: 0 | R93: 0 | S93: 0 | T93: 0 | U93: 0 | V93: 0 | W93: 0 | X93: 1 | Y93: 0 | Z93: 0 | AA93: 0 | AB93: 0 | AC93: 0 | AD93: 0 | AE93: =SUM(E93:AD93) -> 5
A94: A.2 | B94: 1 | C94: 1. ACH. FADIL MUZAKKI SYAH | E94: 2 | F94: 1 | G94: 0 | H94: 0 | I94: 0 | J94: 0 | K94: 0 | L94: 0 | M94: 0 | N94: 3 | O94: 1 | P94: 0 | Q94: 1 | R94: 0 | S94: 0 | T94: 0 | U94: 0 | V94: 0 | W94: 0 | X94: 1 | Y94: 0 | Z94: 3 | AA94: 0 | AB94: 0 | AC94: 0 | AD94: 2 | AE94: =SUM(E94:AD94) -> 14
B95: 2 | C95: 2. BENY | E95: 1 | F95: 0 | G95: 0 | H95: 1 | I95: 0 | J95: 0 | K95: 2 | L95: 0 | M95: 0 | N95: 0 | O95: 0 | P95: 0 | Q95: 0 | R95: 0 | S95: 0 | T95: 0 | U95: 0 | V95: 0 | W95: 0 | X95: 0 | Y95: 0 | Z95: 0 | AA95: 0 | AB95: 0 | AC95: 0 | AD95: 0 | AE95: =SUM(E95:AD95) -> 4
B96: 3 | C96: 3. VINA VERONIKA | E96: 0 | F96: 0 | G96: 0 | H96: 0 | I96: 0 | J96: 0 | K96: 0 | L96: 0 | M96: 0 | N96: 0 | O96: 0 | P96: 1 | Q96: 0 | R96: 0 | S96: 0 | T96: 1 | U96: 0 | V96: 0 | W96: 0 | X96: 1 | Y96: 0 | Z96: 0 | AA96: 0 | AB96: 0 | AC96: 0 | AD96: 0 | AE96: =SUM(E96:AD96) -> 3
B97: 4 | C97: 4. TEDDY ANUGRIANTO | E97: 0 | F97: 1 | G97: 0 | H97: 0 | I97: 0 | J97: 0 | K97: 0 | L97: 0 | M97: 0 | N97: 0 | O97: 0 | P97: 0 | Q97: 0 | R97: 0 | S97: 0 | T97: 0 | U97: 0 | V97: 0 | W97: 1 | X97: 1 | Y97: 0 | Z97: 0 | AA97: 0 | AB97: 0 | AC97: 0 | AD97: 0 | AE97: =SUM(E97:AD97) -> 3
B98: 5 | C98: 5. INSAN KAMIL | E98: 0 | F98: 0 | G98: 0 | H98: 0 | I98: 0 | J98: 0 | K98: 0 | L98: 0 | M98: 0 | N98: 0 | O98: 0 | P98: 0 | Q98: 0 | R98: 0 | S98: 0 | T98: 0 | U98: 0 | V98: 0 | W98: 0 | X98: 0 | Y98: 0 | Z98: 0 | AA98: 0 | AB98: 0 | AC98: 0 | AD98: 0 | AE98: =SUM(E98:AD98) -> 0
B99: 6 | C99: 6. LILIK LINDARWATI | E99: 0 | F99: 0 | G99: 0 | H99: 0 | I99: 0 | J99: 1 | K99: 0 | L99: 0 | M99: 0 | N99: 0 | O99: 0 | P99: 0 | Q99: 0 | R99: 0 | S99: 0 | T99: 0 | U99: 0 | V99: 0 | W99: 0 | X99: 0 | Y99: 0 | Z99: 0 | AA99: 0 | AB99: 0 | AC99: 0 | AD99: 0 | AE99: =SUM(E99:AD99) -> 1
B100: 7 | C100: 7. YULI ANITA | E100: 0 | F100: 0 | G100: 0 | H100: 0 | I100: 0 | J100: 0 | K100: 0 | L100: 0 | M100: 0 | N100: 0 | O100: 0 | P100: 0 | Q100: 1 | R100: 0 | S100: 0 | T100: 0 | U100: 0 | V100: 0 | W100: 0 | X100: 0 | Y100: 0 | Z100: 0 | AA100: 0 | AB100: 0 | AC100: 0 | AD100: 0 | AE100: =SUM(E100:AD100) -> 1
AE101: =SUM(E101:AD101) -> 0
AE102: =SUM(E102:AD102) -> 0
A103: B | B103: JUMLAH SUARA SAH PARTAI POLITIK DAN CALON (A1 + A2) | E103: =SUM(E93:E100) -> 3 | F103: =SUM(F93:F100) -> 2 | G103: =SUM(G93:G100) -> 0 | H103: =SUM(H93:H100) -> 4 | I103: =SUM(I93:I100) -> 0 | J103: =SUM(J93:J100) -> 1 | K103: =SUM(K93:K100) -> 2 | L103: =SUM(L93:L100) -> 1 | ... AD103: =SUM(AD93:AD100) -> 2 | AE103: =SUM(E103:AD103) -> 31
A105: A.1 | B105: 6. | C105: Partai Buruh | E105: 0 | F105: 0 | G105: 0 | H105: 0 | I105: 0 | J105: 1 | K105: 0 | L105: 1 | M105: 0 | N105: 0 | O105: 0 | P105: 0 | Q105: 0 | R105: 0 | S105: 0 | AE105: =SUM(E105:AD105) -> 2
A106: A.2 | B106: 1 | C106: 1. KHOIRUL ANAM | E106: 0 | F106: 0 | G106: 0 | H106: 0 | I106: 1 | J106: 0 | K106: 1 | L106: 1 | M106: 0 | N106: 0 | O106: 1 | P106: 0 | Q106: 2 | R106: 0 | S106: 0 | AE106: =SUM(E106:AD106) -> 6
B107: 2 | C107: 2. INA KURNIA | E107: 0 | F107: 0 | G107: 0 | H107: 0 | I107: 0 | J107: 0 | K107: 2 | L107: 0 | M107: 0 | N107: 1 | O107: 0 | P107: 0 | Q107: 0 | R107: 0 | S107: 1 | AB107: 1 | AE107: =SUM(E107:AD107) -> 5
B108: 3 | C108: 3. JIBRAL TAROUK | E108: 0 | F108: 0 | G108: 0 | H108: 0 | I108: 0 | J108: 0 | K108: 0 | L108: 0 | M108: 0 | N108: 1 | O108: 0 | P108: 0 | Q108: 0 | R108: 0 | S108: 0 | AE108: =SUM(E108:AD108) -> 1
B109: 4 | C109: 4. ASTUTI DAENG PUJI | E109: 0 | F109: 0 | G109: 0 | H109: 0 | I109: 0 | J109: 0 | K109: 0 | L109: 0 | M109: 0 | N109: 0 | O109: 0 | P109: 0 | Q109: 1 | R109: 0 | S109: 0 | AE109: =SUM(E109:AD109) -> 1
B110: 5 | C110: 5. ASDARMAWAN | E110: 0 | F110: 0 | G110: 0 | H110: 0 | I110: 0 | J110: 0 | K110: 0 | L110: 0 | M110: 0 | N110: 0 | O110: 0 | P110: 0 | Q110: 0 | R110: 0 | S110: 0 | AE110: =SUM(E110:AD110) -> 0
B111: 6 | C111: 6. RIFQI MUBAROK | E111: 0 | F111: 0 | G111: 0 | H111: 0 | I111: 0 | J111: 0 | K111: 0 | L111: 0 | M111: 0 | N111: 0 | O111: 0 | P111: 0 | Q111: 0 | R111: 0 | S111: 0 | AE111: =SUM(E111:AD111) -> 0
B112: 7 | C112: 7. FIRNANDA ALTA MEGA | E112: 0 | F112: 0 | G112: 0 | H112: 0 | I112: 0 | J112: 0 | K112: 0 | L112: 0 | M112: 0 | N112: 0 | O112: 0 | P112: 0 | Q112: 0 | R112: 0 | S112: 0 | AE112: =SUM(E112:AD112) -> 0
AE113: =SUM(E113:AD113) -> 0
AE114: =SUM(E114:AD114) -> 0
A115: B | B115: JUMLAH SUARA SAH PARTAI POLITIK DAN CALON (A1 + A2) | E115: =SUM(E105:E112) -> 0 | F115: =SUM(F105:F112) -> 0 | G115: =SUM(G105:G112) -> 0 | H115: =SUM(H105:H112) -> 0 | I115: =SUM(I105:I112) -> 1 | J115: =SUM(J105:J112) -> 1 | K115: =SUM(K105:K112) -> 3 | L115: =SUM(L105:L112) -> 2 | ... AD115: =SUM(AD105:AD112) -> 0 | AE115: =SUM(E115:AD115) -> 15
A117: A.1 | B117: 7. | C117: Partai Gelombang Rakyat Indonesia | E117: 2 | F117: 1 | G117: 2 | I117: 1 | J117: 10 | K117: 13 | L117: 2 | M117: 1 | N117: 4 | O117: 4 | P117: 1 | Q117: 1 | T117: 2 | U117: 1 | W117: 3 | Y117: 1 | Z117: 2 | AA117: 1 | AB117: 5 | AC117: 3 | AD117: 2 | AE117: =SUM(E117:AD117) -> 62
...

Sheet KARANGHARJO
C2: Kecamatan | D2: GLENMORE
C3: Kabupaten | D3: BANYUWANGI
C4: Provinsi | D4: JAWA TIMUR
C9: Kelurahan | D9: KARANGHARJO
A12: I | B12: DATA PEMILIH DAN PENGGUNAAN HAK PILIH | BK12: JUMLAH AKHIR
A13: A | B13: DATA PEMILIH | E13: TPS 001 | F13: TPS 002 | G13: TPS 003 | H13: TPS 004 | I13: TPS 005 | J13: TPS 006 | K13: TPS 007 | L13: TPS 008 | M13: TPS 009 | N13: TPS 010 | O13: TPS 011 | P13: TPS 012 | Q13: TPS 013 | R13: TPS 014 | S13: TPS 015 | T13: TPS 016 | U13: TPS 017 | V13: TPS 018 | W13: TPS 019 | X13: TPS 020 | Y13: TPS 021 | Z13: TPS 022 | AA13: TPS 023 | AB13: TPS 024 | AC13: TPS 025 | AD13: TPS 026 | AE13: TPS 027 | AF13: TPS 028 | AG13: TPS 029 | AH13: TPS 030 | AI13: TPS 031 | AJ13: TPS 032 | AK13: TPS 033 | AL13: TPS 034 | AM13: TPS 035 | AN13: TPS 036 | AO13: TPS 037 | AP13: TPS 038 | AQ13: TPS 039 | AR13: TPS 040 | AS13: TPS 041 | AT13: TPS 042 | AU13: TPS 043 | AV13: TPS 044 | AW13: TPS 045 | AX13: TPS 046 | AY13: TPS 047 | AZ13: TPS 048 | BA13: TPS 049 | BB13: TPS 050 | BC13: TPS 051 | BD13: TPS 052 | BE13: TPS 053 | BF13: TPS 054 | BG13: TPS 055 | BH13: TPS 056 | BI13: TPS 057 | BJ13: TPS 058
B14: Jumlah Pemilih dalam Daftar Pemilih Tetap (DPT) | D14: LK | E14: 48 | F14: 60 | G14: 57 | H14: 49 | I14: 111 | J14: 137 | K14: 142 | L14: 129 | M14: 134 | N14: 50 | O14: 120 | P14: 109 | Q14: 109 | R14: 73 | S14: 120 | T14: 78 | U14: 127 | V14: 147 | W14: 111 | X14: 150 | Y14: 128 | Z14: 100 | AA14: 119 | AB14: 97 | AC14: 150 | AD14: 108 | AE14: 87 | AF14: 66 | AG14: 128 | AH14: 143 | AI14: 113 | AJ14: 92 | AK14: 99 | AL14: 130 | AM14: 107 | AN14: 94 | AO14: 81 | AP14: 102 | AQ14: 90 | AR14: 99 | AS14: 81 | AT14: 145 | AU14: 141 | AV14: 131 | AW14: 138 | AX14: 105 | AY14: 132 | AZ14: 81 | BA14: 103 | BB14: 87 | BC14: 128 | BD14: 117 | BE14: 132 | BF14: 84 | BG14: 135 | BH14: 139 | BI14: 117 | BJ14: 134 | BK14: =SUM(E14:BJ14) -> 6324
D15: PR | E15: 53 | F15: 48 | G15: 58 | H15: 39 | I15: 110 | J15: 137 | K15: 146 | L15: 145 | M15: 132 | N15: 43 | O15: 152 | P15: 115 | Q15: 101 | R15: 68 | S15: 123 | T15: 84 | U15: 118 | V15: 147 | W15: 122 | X15: 138 | Y15: 125 | Z15: 109 | AA15: 136 | AB15: 82 | AC15: 144 | AD15: 97 | AE15: 95 | AF15: 74 | AG15: 139 | AH15: 154 | AI15: 125 | AJ15: 101 | AK15: 99 | AL15: 139 | AM15: 121 | AN15: 91 | AO15: 77 | AP15: 109 | AQ15: 91 | AR15: 89 | AS15: 77 | AT15: 151 | AU15: 133 | AV15: 156 | AW15: 159 | AX15: 121 | AY15: 162 | AZ15: 93 | BA15: 108 | BB15: 89 | BC15: 130 | BD15: 129 | BE15: 148 | BF15: 99 | BG15: 147 | BH15: 152 | BI15: 121 | BJ15: 138 | BK15: =SUM(E15:BJ15) -> 6589
D16: JML | E16: =SUM(E14:E15) -> 101 | F16: =SUM(F14:F15) -> 108 | G16: =SUM(G14:G15) -> 115 | H16: =SUM(H14:H15) -> 88 | I16: =SUM(I14:I15) -> 221 | J16: =SUM(J14:J15) -> 274 | K16: =SUM(K14:K15) -> 288 | L16: =SUM(L14:L15) -> 274 | ... BJ16: =SUM(BJ14:BJ15) -> 272 | BK16: =SUM(E16:BJ16) -> 12913
A18: B | B18: PENGGUNA HAK PILIH
B19: 1. | C19: Jumlah pengguna hak pilih dalam Daftar Pemilih Tetap (DPT) | D19: LK | E19: 39 | F19: 49 | G19: 45 | H19: 30 | I19: 77 | J19: 91 | K19: 77 | L19: 83 | M19: 88 | N19: 50 | O19: 85 | P19: 70 | Q19: 75 | R19: 44 | S19: 92 | T19: 54 | U19: 94 | V19: 99 | W19: 95 | X19: 120 | Y19: 76 | Z19: 72 | AA19: 82 | AB19: 56 | AC19: 109 | AD19: 59 | AE19: 67 | AF19: 55 | AG19: 75 | AH19: 109 | AI19: 78 | AJ19: 64 | AK19: 73 | AL19: 112 | AM19: 74 | AN19: 64 | AO19: 69 | AP19: 86 | AQ19: 75 | AR19: 79 | AS19: 64 | AT19: 98 | AU19: 101 | AV19: 92 | AW19: 86 | AX19: 68 | AY19: 96 | AZ19: 59 | BA19: 72 | BB19: 67 | BC19: 99 | BD19: 83 | BE19: 79 | BF19: 72 | BG19: 86 | BH19: 95 | BI19: 99 | BJ19: 87 | BK19: =SUM(E19:BJ19) -> 4494
D20: PR | E20: 35 | F20: 37 | G20: 50 | H20: 21 | I20: 82 | J20: 102 | K20: 103 | L20: 110 | M20: 90 | N20: 42 | O20: 120 | P20: 78 | Q20: 76 | R20: 46 | S20: 88 | T20: 65 | U20: 102 | V20: 121 | W20: 107 | X20: 126 | Y20: 89 | Z20: 85 | AA20: 112 | AB20: 68 | AC20: 112 | AD20: 72 | AE20: 78 | AF20: 59 | AG20: 103 | AH20: 116 | AI20: 104 | AJ20: 71 | AK20: 69 | AL20: 123 | AM20: 86 | AN20: 66 | AO20: 71 | AP20: 86 | AQ20: 74 | AR20: 79 | AS20: 62 | AT20: 116 | AU20: 100 | AV20: 106 | AW20: 108 | AX20: 92 | AY20: 124 | AZ20: 83 | BA20: 80 | BB20: 71 | BC20: 102 | BD20: 99 | BE20: 79 | BF20: 86 | BG20: 110 | BH20: 128 | BI20: 99 | BJ20: 103 | BK20: =SUM(E20:BJ20) -> 5072
D21: JML | E21: =SUM(E19:E20) -> 74 | F21: =SUM(F19:F20) -> 86 | G21: =SUM(G19:G20) -> 95 | H21: =SUM(H19:H20) -> 51 | I21: =SUM(I19:I20) -> 159 | J21: =SUM(J19:J20) -> 193 | K21: =SUM(K19:K20) -> 180 | L21: =SUM(L19:L20) -> 193 | ... BJ21: =SUM(BJ19:BJ20) -> 190 | BK21: =SUM(E21:BJ21) -> 9566
B22: 2. | C22: Jumlah pengguna hak pilih dalam Daftar Pemilih Tambahan (DPTb) | D22: LK | E22: 1 | F22: 1 | G22: 1 | H22: 1 | I22: 1 | J22: 1 | K22: 1 | L22: 1 | M22: 1 | N22: 1 | O22: 1 | R22: 1 | U22: 1 | V22: 1 | W22: 1 | Z22: 1 | AA22: 1 | AB22: 1 | AC22: 1 | AD22: 1 | AF22: 2 | AI22: 1 | AJ22: 1 | AL22: 1 | AP22: 1 | AS22: 1 | AU22: 1 | AX22: 1 | BA22: 2 | BB22: 1 | BH22: 1 | BK22: =SUM(E22:BJ22) -> 33
D23: PR | Q23: 1 | X23: 1 | AF23: 1 | AK23: 1 | AM23: 1 | AN23: 1 | AT23: 1 | AV23: 1 | AX23: 1 | AY23: 3 | AZ23: 1 | BA23: 2 | BF23: 1 | BG23: 1 | BI23: 1 | BJ23: 1 | BK23: =SUM(E23:BJ23) -> 19
D24: JML | E24: =SUM(E22:E23) -> 1 | F24: =SUM(F22:F23) -> 1 | G24: =SUM(G22:G23) -> 1 | H24: =SUM(H22:H23) -> 1 | I24: =SUM(I22:I23) -> 1 | J24: =SUM(J22:J23) -> 1 | K24: =SUM(K22:K23) -> 1 | L24: =SUM(L22:L23) -> 1 | ... BJ24: =SUM(BJ22:BJ23) -> 1 | BK24: =SUM(E24:BJ24) -> 52
B25: 3. | C25: Jumlah pengguna hak pilih dalam Daftar Pemilih Khusus (DPK) | D25: LK | AA25: 3 | AB25: 1 | AV25: 6 | AX25: 1 | BD25: 3 | BH25: 1 | BI25: 1 | BK25: =SUM(E25:BJ25) -> 16
D26: PR | M26: 3 | AA26: 5 | AB26: 2 | AF26: 1 | AQ26: 1 | AV26: 3 | AY26: 2 | BA26: 2 | BD26: 1 | BG26: 4 | BI26: 4 | BJ26: 2 | BK26: =SUM(E26:BJ26) -> 30
D27: JML | E27: =SUM(E25:E26) -> 0 | F27: =SUM(F25:F26) -> 0 | G27: =SUM(G25:G26) -> 0 | H27: =SUM(H25:H26) -> 0 | I27: =SUM(I25:I26) -> 0 | J27: =SUM(J25:J26) -> 0 | K27: =SUM(K25:K26) -> 0 | L27: =SUM(L25:L26) -> 0 | ... BJ27: =SUM(BJ25:BJ26) -> 2 | BK27: =SUM(E27:BJ27) -> 46
B28: 4. | C28: Jumlah Pengguna Hak Pilih (B.1+B.2+B.3) | D28: LK | E28: =SUM(E19,E22,E25) -> 40 | F28: =SUM(F19,F22,F25) -> 50 | G28: =SUM(G19,G22,G25) -> 46 | H28: =SUM(H19,H22,H25) -> 31 | I28: =SUM(I19,I22,I25) -> 78 | J28: =SUM(J19,J22,J25) -> 92 | K28: =SUM(K19,K22,K25) -> 78 | L28: =SUM(L19,L22,L25) -> 84 | ... BJ28: =SUM(BJ19,BJ22,BJ25) -> 87 | BK28: =SUM(E28:BJ28) -> 4543
D29: PR | E29: =SUM(E20,E23,E26) -> 35 | F29: =SUM(F20,F23,F26) -> 37 | G29: =SUM(G20,G23,G26) -> 50 | H29: =SUM(H20,H23,H26) -> 21 | I29: =SUM(I20,I23,I26) -> 82 | J29: =SUM(J20,J23,J26) -> 102 | K29: =SUM(K20,K23,K26) -> 103 | L29: =SUM(L20,L23,L26) -> 110 | ... BJ29: =SUM(BJ20,BJ23,BJ26) -> 106 | BK29: =SUM(E29:BJ29) -> 5121
D30: JML | E30: =SUM(E28:E29) -> 75 | F30: =SUM(F28:F29) -> 87 | G30: =SUM(G28:G29) -> 96 | H30: =SUM(H28:H29) -> 52 | I30: =SUM(I28:I29) -> 160 | J30: =SUM(J28:J29) -> 194 | K30: =SUM(K28:K29) -> 181 | L30: =SUM(L28:L29) -> 194 | ... BJ30: =SUM(BJ28:BJ29) -> 193 | BK30: =SUM(E30:BJ30) -> 9664
A32: II | B32: DATA PENGGUNAAN SURAT SUARA
A33: 1 | B33: Jumlah surat suara yang diterima, termasuk surat suara cadangan 2,5% dari DPT | E33: 104 | F33: 111 | G33: 118 | H33: 90 | I33: 226 | J33: 281 | K33: 294 | L33: 292 | M33: 272 | N33: 95 | O33: 278 | P33: 229 | Q33: 215 | R33: 144 | S33: 248 | T33: 166 | U33: 250 | V33: 309 | W33: 238 | X33: 295 | Y33: 259 | Z33: 218 | AA33: 261 | AB33: 183 | AC33: 300 | AD33: 210 | AE33: 186 | AF33: 143 | AG33: 273 | AH33: 303 | AI33: 243 | AJ33: 197 | AK33: 202 | AL33: 275 | AM33: 233 | AN33: 189 | AO33: 162 | AP33: 216 | AQ33: 185 | AR33: 192 | AS33: 162 | AT33: 312 | AU33: 280 | AV33: 316 | AW33: 303 | AX33: 231 | AY33: 300 | AZ33: 178 | BA33: 216 | BB33: 180 | BC33: 264 | BD33: 253 | BE33: 192 | BF33: 187 | BG33: 288 | BH33: 297 | BI33: 243 | BJ33: 278 | BK33: =SUM(E33:BJ33) -> 13165
A34: 2 | B34: Jumlah surat suara yang digunakan | E34: 75 | F34: 87 | G34: 96 | H34: 52 | I34: 160 | J34: 194 | K34: 181 | L34: 194 | M34: 182 | N34: 93 | O34: 206 | P34: 148 | Q34: 152 | R34: 91 | S34: 180 | T34: 119 | U34: 197 | V34: 221 | W34: 203 | X34: 247 | Y34: 165 | Z34: 158 | AA34: 203 | AB34: 128 | AC34: 222 | AD34: 132 | AE34: 145 | AF34: 118 | AG34: 178 | AH34: 225 | AI34: 183 | AJ34: 136 | AK34: 143 | AL34: 236 | AM34: 161 | AN34: 131 | AO34: 140 | AP34: 173 | AQ34: 150 | AR34: 158 | AS34: 127 | AT34: 215 | AU34: 202 | AV34: 208 | AW34: 194 | AX34: 163 | AY34: 225 | AZ34: 143 | BA34: 158 | BB34: 139 | BC34: 201 | BD34: 186 | BE34: 158 | BF34: 159 | BG34: 201 | BH34: 225 | BI34: 204 | BJ34: 193 | BK34: =SUM(E34:BJ34) -> 9664
A35: 3 | B35: Jumlah surat suara dikembalikan oleh pemilih (karena rusak atau keliru coblos) | G35: 1 | Q35: 1 | AA35: 1 | AD35: 3 | AG35: 2 | AL35: 1 | AU35: 1 | AV35: 23 | BF35: 1 | BI35: 3 | BJ35: 2 | BK35: =SUM(E35:BJ35) -> 39
A36: 4 | B36: Jumlah surat suara yang tidak digunakan/tidak terpakai, termasuk sisa surat suara cadangan | E36: =E33-(E34+E35) -> 29 | F36: =F33-(F34+F35) -> 24 | G36: =G33-(G34+G35) -> 21 | H36: =H33-(H34+H35) -> 38 | I36: =I33-(I34+I35) -> 66 | J36: =J33-(J34+J35) -> 87 | K36: =K33-(K34+K35) -> 113 | L36: =L33-(L34+L35) -> 98 | ... BJ36: =BJ33-(BJ34+BJ35) -> 83 | BK36: =SUM(E36:BJ36) -> 3462
A38: III | B38: DATA PEMILIH DISABILITAS
B39: Jumlah seluruh Pemilih disabilitas yang menggunakan hak pilih | D39: LK | S39: 1 | X39: 1 | Y39: 1 | Z39: 1 | AG39: 1 | AI39: 2 | AR39: 1 | AX39: 1 | BE39: 1 | BK39: =SUM(E39:BJ39) -> 10
D40: PR | F40: 1 | O40: 1 | S40: 2 | T40: 1 | X40: 3 | Z40: 1 | AI40: 3 | AT40: 1 | AX40: 3 | BK40: =SUM(E40:BJ40) -> 16
D41: JML | E41: =SUM(E39:E40) -> 0 | F41: =SUM(F39:F40) -> 1 | G41: =SUM(G39:G40) -> 0 | H41: =SUM(H39:H40) -> 0 | I41: =SUM(I39:I40) -> 0 | J41: =SUM(J39:J40) -> 0 | K41: =SUM(K39:K40) -> 0 | L41: =SUM(L39:L40) -> 0 | ... BJ41: =SUM(BJ39:BJ40) -> 0 | BK41: =SUM(E41:BJ41) -> 26
A43: IV | B43: DATA RINCIAN PEROLEHAN SUARA PASANGAN CALON BUPATI DAN WAKIL BUPATI
A44: NOMOR DAN NAMA CALON
A45: A.1 | B45: 1. | C45: Partai Kebangkitan Bangsa | E45: 0 | F45: 0 | G45: 4 | H45: 1 | I45: 10 | J45: 7 | K45: 7 | L45: 4 | M45: 11 | N45: 0 | O45: 2 | P45: 3 | Q45: 8 | R45: 1 | S45: 3 | T45: 1 | U45: 5 | V45: 2 | W45: 5 | X45: 1 | Y45: 8 | Z45: 0 | AA45: 0 | AB45: 5 | AC45: 10 | AD45: 7 | AE45: 1 | AF45: 0 | AG45: 5 | AH45: 8 | AI45: 6 | AJ45: 6 | AK45: 4 | AL45: 5 | AM45: 7 | AN45: 2 | AO45: 1 | AP45: 3 | AQ45: 5 | AR45: 1 | AS45: 2 | AT45: 6 | AU45: 7 | AV45: 10 | AW45: 5 | AX45: 4 | AY45: 8 | AZ45: 2 | BA45: 1 | BB45: 3 | BC45: 6 | BD45: 2 | BE45: 9 | BF45: 9 | BG45: 13 | BH45: 19 | BI45: 11 | BJ45: 6 | BK45: =SUM(E45:BJ45) -> 282
A46: A.2 | B46: 1 | C46: 1. Dr. Hj. NIHAYATUL WAFIROH, M.A. | E46: 0 | F46: 2 | G46: 1 | H46: 2 | I46: 6 | J46: 8 | K46: 8 | L46: 13 | M46: 17 | N46: 0 | O46: 4 | P46: 6 | Q46: 6 | R46: 5 | S46: 4 | T46: 7 | U46: 9 | V46: 12 | W46: 11 | X46: 17 | Y46: 3 | Z46: 3 | AA46: 6 | AB46: 13 | AC46: 45 | AD46: 5 | AE46: 6 | AF46: 0 | AG46: 10 | AH46: 0 | AI46: 5 | AJ46: 5 | AK46: 2 | AL46: 10 | AM46: 10 | AN46: 10 | AO46: 1 | AP46: 9 | AQ46: 7 | AR46: 4 | AS46: 7 | AT46: 15 | AU46: 26 | AV46: 11 | AW46: 7 | AX46: 7 | AY46: 18 | AZ46: 2 | BA46: 1 | BB46: 4 | BC46: 5 | BD46: 5 | BE46: 6 | BF46: 12 | BG46: 8 | BH46: 46 | BI46: 34 | BJ46: 23 | BK46: =SUM(E46:BJ46) -> 529
B47: 2 | C47: 2. H. M. NASIM KHAN | E47: 0 | F47: 1 | G47: 4 | H47: 2 | I47: 2 | J47: 20 | K47: 13 | L47: 28 | M47: 25 | N47: 0 | O47: 3 | P47: 2 | Q47: 0 | R47: 1 | S47: 5 | T47: 3 | U47: 1 | V47: 6 | W47: 3 | X47: 13 | Y47: 3 | Z47: 1 | AA47: 2 | AB47: 1 | AC47: 0 | AD47: 6 | AE47: 3 | AF47: 1 | AG47: 30 | AH47: 5 | AI47: 2 | AJ47: 1 | AK47: 2 | AL47: 1 | AM47: 3 | AN47: 1 | AO47: 2 | AP47: 5 | AQ47: 9 | AR47: 0 | AS47: 3 | AT47: 1 | AU47: 2 | AV47: 3 | AW47: 2 | AX47: 1 | AY47: 3 | AZ47: 1 | BA47: 0 | BB47: 7 | BC47: 5 | BD47: 5 | BE47: 7 | BF47: 47 | BG47: 42 | BH47: 31 | BI47: 1 | BJ47: 1 | BK47: =SUM(E47:BJ47) -> 372
B48: 3 | C48: 3. Dr. H. AKIK ZAMAN, M.Pd.I. | E48: 0 | F48: 0 | G48: 0 | H48: 2 | I48: 0 | J48: 0 | K48: 0 | L48: 0 | M48: 3 | N48: 0 | O48: 1 | P48: 0 | Q48: 1 | R48: 1 | S48: 0 | T48: 0 | U48: 1 | V48: 4 | W48: 5 | X48: 1 | Y48: 0 | Z48: 0 | AA48: 0 | AB48: 0 | AC48: 0 | AD48: 2 | AE48: 0 | AF48: 0 | AG48: 0 | AH48: 6 | AI48: 1 | AJ48: 1 | AK48: 0 | AL48: 0 | AM48: 0 | AN48: 0 | AO48: 0 | AP48: 2 | AQ48: 0 | AR48: 0 | AS48: 0 | AT48: 0 | AU48: 2 | AV48: 1 | AW48: 3 | AZ48: 1 | BB48: 2 | BD48: 1 | BF48: 4 | BG48: 1 | BH48: 3 | BJ48: 2 | BK48: =SUM(E48:BJ48) -> 51
B49: 4 | C49: 4. AHMAD RIFA'I, S.H. | E49: 0 | F49: 0 | G49: 0 | H49: 0 | I49: 1 | J49: 1 | K49: 0 | L49: 0 | M49: 1 | N49: 0 | O49: 0 | P49: 2 | Q49: 0 | R49: 0 | S49: 0 | T49: 0 | U49: 1 | V49: 2 | W49: 0 | X49: 1 | Y49: 1 | Z49: 0 | AA49: 0 | AB49: 0 | AC49: 0 | AD49: 0 | AE49: 0 | AF49: 1 | AG49: 1 | AH49: 0 | AI49: 2 | AJ49: 1 | AK49: 1 | AL49: 1 | AM49: 0 | AN49: 2 | AO49: 0 | AP49: 1 | AQ49: 0 | AR49: 0 | AS49: 0 | AT49: 2 | AU49: 2 | AV49: 1 | AW49: 0 | AX49: 1 | AZ49: 2 | BC49: 1 | BD49: 1 | BG49: 3 | BH49: 4 | BI49: 5 | BJ49: 1 | BK49: =SUM(E49:BJ49) -> 43
B50: 5 | C50: 5. Drs. H. MAHFUD M.N. | E50: 0 | F50: 0 | G50: 0 | H50: 0 | I50: 0 | J50: 2 | K50: 1 | L50: 0 | M50: 1 | N50: 0 | O50: 0 | P50: 0 | Q50: 0 | R50: 1 | S50: 1 | T50: 0 | U50: 1 | V50: 2 | W50: 1 | X50: 0 | Y50: 0 | Z50: 0 | AA50: 1 | AB50: 0 | AC50: 2 | AD50: 0 | AE50: 0 | AF50: 0 | AG50: 0 | AH50: 0 | AI50: 0 | AJ50: 0 | AK50: 0 | AL50: 1 | AM50: 0 | AN50: 1 | AO50: 0 | AP50: 0 | AQ50: 0 | AR50: 0 | AS50: 0 | AT50: 0 | AU50: 1 | AV50: 0 | AW50: 1 | AX50: 2 | BH50: 1 | BK50: =SUM(E50:BJ50) -> 20
B51: 6 | C51: 6. NURHAYATI, S.Pd. | E51: 0 | F51: 0 | G51: 0 | H51: 0 | I51: 0 | J51: 0 | K51: 2 | L51: 1 | M51: 1 | N51: 0 | O51: 0 | P51: 0 | Q51: 1 | R51: 0 | S51: 0 | T51: 0 | U51: 0 | V51: 0 | W51: 0 | X51: 0 | Y51: 0 | Z51: 0 | AA51: 1 | AB51: 0 | AC51: 0 | AD51: 0 | AE51: 0 | AF51: 0 | AG51: 1 | AH51: 0 | AI51: 0 | AJ51: 0 | AK51: 0 | AL51: 0 | AM51: 0 | AN51: 0 | AO51: 0 | AP51: 0 | AQ51: 0 | AR51: 0 | AS51: 0 | AT51: 0 | AU51: 0 | AV51: 0 | AW51: 0 | AX51: 0 | AY51: 0 | AZ51: 0 | BA51: 0 | BB51: 0 | BC51: 0 | BD51: 0 | BE51: 1 | BF51: 0 | BG51: 1 | BH51: 0 | BI51: 1 | BJ51: 0 | BK51: =SUM(E51:BJ51) -> 10
B52: 7 | C52: 7. MAFTUHA KISWAH | E52: 0 | F52: 0 | G52: 0 | H52: 0 | I52: 0 | J52: 0 | K52: 0 | L52: 0 | M52: 0 | N52: 0 | O52: 0 | P52: 0 | Q52: 0 | R52: 0 | S52: 0 | T52: 0 | U52: 0 | V52: 0 | W52: 0 | X52: 0 | Y52: 1 | Z52: 0 | AA52: 0 | AB52: 0 | AC52: 0 | AD52: 0 | AE52: 0 | AF52: 0 | AG52: 0 | AH52: 0 | AI52: 0 | AJ52: 0 | AK52: 0 | AL52: 0 | AM52: 0 | AN52: 0 | AO52: 0 | AP52: 0 | AQ52: 0 | AR52: 0 | AS52: 0 | AT52: 0 | AU52: 0 | AV52: 0 | AW52: 0 | AX52: 0 | AY52: 1 | AZ52: 0 | BA52: 0 | BB52: 0 | BC52: 0 | BD52: 0 | BE52: 0 | BF52: 0 | BG52: 1 | BH52: 0 | BI52: 0 | BJ52: 0 | BK52: =SUM(E52:BJ52) -> 3
BK53: =SUM(E53:BJ53) -> 0
BK54: =SUM(E54:BJ54) -> 0
A55: B | B55: JUMLAH SUARA SAH PARTAI POLITIK DAN CALON (A1 + A2) | E55: =SUM(E45:E52) -> 0 | F55: =SUM(F45:F52) -> 3 | G55: =SUM(G45:G52) -> 9 | H55: =SUM(H45:H52) -> 7 | I55: =SUM(I45:I52) -> 19 | J55: =SUM(J45:J52) -> 38 | K55: =SUM(K45:K52) -> 31 | L55: =SUM(L45:L52) -> 46 | ... BJ55: =SUM(BJ45:BJ52) -> 33 | BK55: =SUM(E55:BJ55) -> 1310
A57: A.1 | B57: 2. | C57: Partai Gerakan Indonesia Raya | E57: 2 | F57: 1 | G57: 3 | H57: 0 | I57: 5 | J57: 9 | K57: 13 | L57: 11 | M57: 10 | N57: 0 | O57: 6 | P57: 8 | Q57: 10 | R57: 1 | S57: 7 | T57: 5 | U57: 5 | V57: 12 | W57: 12 | X57: 12 | Y57: 10 | Z57: 6 | AA57: 5 | AB57: 4 | AC57: 6 | AD57: 9 | AE57: 5 | AF57: 1 | AG57: 7 | AH57: 18 | AI57: 12 | AJ57: 10 | AK57: 5 | AL57: 10 | AM57: 4 | AN57: 5 | AO57: 9 | AP57: 15 | AQ57: 8 | AR57: 5 | AS57: 4 | AT57: 7 | AU57: 3 | AV57: 9 | AW57: 16 | AX57: 4 | AY57: 6 | AZ57: 1 | BA57: 6 | BB57: 5 | BC57: 4 | BD57: 3 | BE57: 14 | BF57: 2 | BG57: 7 | BH57: 13 | BI57: 7 | BJ57: 9 | BK57: =SUM(E57:BJ57) -> 406
A58: A.2 | B58: 1 | C58: 1. SUMAIL ABDULLAH | E58: 2 | F58: 1 | G58: 4 | H58: 0 | I58: 7 | J58: 2 | K58: 4 | L58: 1 | M58: 0 | N58: 0 | O58: 2 | P58: 4 | Q58: 1 | R58: 1 | S58: 2 | T58: 1 | U58: 4 | V58: 4 | W58: 6 | X58: 15 | Y58: 4 | Z58: 6 | AA58: 2 | AB58: 2 | AC58: 8 | AD58: 7 | AE58: 10 | AF58: 6 | AG58: 6 | AH58: 12 | AI58: 4 | AJ58: 3 | AK58: 13 | AL58: 8 | AM58: 1 | AN58: 5 | AO58: 2 | AP58: 6 | AQ58: 2 | AR58: 5 | AS58: 2 | AT58: 7 | AU58: 3 | AV58: 6 | AW58: 5 | AX58: 3 | AY58: 8 | AZ58: 5 | BA58: 10 | BB58: 5 | BC58: 10 | BD58: 11 | BE58: 5 | BF58: 2 | BG58: 5 | BH58: 7 | BI58: 3 | BJ58: 9 | BK58: =SUM(E58:BJ58) -> 279
B59: 2 | C59: 2. MUHAMMAD ALI ADRIAN SALEH | E59: 2 | F59: 2 | G59: 1 | H59: 1 | I59: 6 | J59: 4 | K59: 0 | L59: 2 | M59: 0 | N59: 0 | O59: 5 | P59: 1 | Q59: 3 | R59: 1 | S59: 2 | T59: 0 | U59: 4 | V59: 9 | W59: 3 | X59: 11 | Y59: 11 | Z59: 4 | AA59: 5 | AB59: 0 | AC59: 3 | AD59: 3 | AE59: 1 | AF59: 1 | AG59: 2 | AH59: 2 | AI59: 1 | AJ59: 5 | AK59: 0 | AL59: 3 | AM59: 3 | AN59: 1 | AO59: 4 | AP59: 3 | AQ59: 7 | AR59: 5 | AS59: 5 | AT59: 4 | AU59: 1 | AV59: 2 | AW59: 9 | AX59: 4 | AY59: 1 | AZ59: 1 | BA59: 0 | BB59: 1 | BC59: 8 | BD59: 0 | BE59: 2 | BF59: 0 | BG59: 2 | BH59: 5 | BI59: 2 | BJ59: 1 | BK59: =SUM(E59:BJ59) -> 169
B60: 3 | C60: 3. DURROTUN NAFISAH | E60: 0 | F60: 0 | G60: 0 | H60: 0 | I60: 2 | J60: 0 | K60: 0 | L60: 0 | M60: 0 | N60: 0 | O60: 5 | P60: 0 | Q60: 1 | R60: 2 | S60: 1 | T60: 1 | U60: 0 | V60: 2 | W60: 2 | X60: 4 | Y60: 1 | Z60: 0 | AA60: 0 | AB60: 0 | AC60: 1 | AD60: 1 | AE60: 0 | AF60: 0 | AG60: 0 | AH60: 2 | AI60: 2 | AJ60: 0 | AK60: 0 | AL60: 0 | AM60: 1 | AN60: 1 | AO60: 0 | AP60: 0 | AQ60: 2 | AR60: 2 | AS60: 1 | AT60: 0 | AU60: 2 | AV60: 0 | AW60: 0 | AX60: 0 | AY60: 0 | AZ60: 1 | BA60: 0 | BB60: 1 | BC60: 0 | BD60: 1 | BE60: 1 | BF60: 0 | BG60: 1 | BH60: 0 | BI60: 1 | BJ60: 1 | BK60: =SUM(E60:BJ60) -> 43
B61: 4 | C61: 4. H. EKO SUSILO NURHIDAYAT | E61: 0 | F61: 0 | G61: 0 | H61: 0 | I61: 5 | J61: 1 | K61: 2 | L61: 0 | M61: 0 | O61: 3 | P61: 4 | Q61: 1 | R61: 0 | S61: 1 | T61: 0 | U61: 2 | V61: 4 | W61: 8 | X61: 12 | Y61: 2 | Z61: 0 | AA61: 1 | AB61: 0 | AC61: 3 | AD61: 3 | AE61: 2 | AF61: 4 | AG61: 2 | AH61: 5 | AI61: 1 | AJ61: 0 | AK61: 5 | AL61: 3 | AM61: 1 | AN61: 1 | AO61: 1 | AP61: 3 | AQ61: 4 | AR61: 8 | AS61: 0 | AT61: 11 | AU61: 1 | AV61: 19 | AW61: 8 | AX61: 5 | AY61: 8 | AZ61: 0 | BA61: 0 | BB61: 5 | BC61: 2 | BD61: 1 | BE61: 0 | BF61: 1 | BG61: 2 | BH61: 1 | BI61: 3 | BJ61: 4 | BK61: =SUM(E61:BJ61) -> 163
B62: 5 | C62: 5. KARNADI HARIJANTO, S.S. | E62: 0 | F62: 0 | G62: 0 | H62: 2 | I62: 1 | J62: 1 | K62: 1 | L62: 0 | M62: 0 | N62: 0 | O62: 0 | P62: 0 | Q62: 0 | R62: 0 | S62: 0 | T62: 0 | U62: 0 | V62: 0 | W62: 3 | X62: 0 | Y62: 1 | Z62: 0 | AA62: 0 | AB62: 0 | AC62: 0 | AD62: 0 | AE62: 0 | AF62: 0 | AG62: 0 | AH62: 0 | AI62: 0 | AJ62: 1 | AK62: 1 | AL62: 0 | AM62: 1 | AN62: 0 | AO62: 1 | AP62: 1 | AQ62: 1 | AR62: 0 | AS62: 0 | AT62: 4 | AU62: 0 | AV62: 0 | AW62: 1 | AX62: 0 | AY62: 0 | AZ62: 1 | BA62: 1 | BB62: 0 | BC62: 0 | BD62: 1 | BE62: 1 | BF62: 0 | BG62: 1 | BH62: 2 | BI62: 0 | BJ62: 1 | BK62: =SUM(E62:BJ62) -> 28
B63: 6 | C63: 6. NURHAYATI | E63: 0 | F63: 0 | G63: 0 | H63: 0 | I63: 0 | J63: 0 | K63: 0 | L63: 0 | M63: 1 | N63: 0 | O63: 0 | P63: 0 | Q63: 1 | R63: 1 | S63: 1 | T63: 0 | U63: 5 | V63: 0 | W63: 0 | X63: 2 | Y63: 0 | Z63: 0 | AA63: 0 | AB63: 0 | AC63: 0 | AD63: 0 | AE63: 0 | AF63: 1 | AG63: 1 | AH63: 1 | AI63: 0 | AJ63: 0 | AK63: 0 | AL63: 2 | AM63: 0 | AN63: 0 | AO63: 2 | AP63: 1 | AQ63: 2 | AR63: 5 | AS63: 1 | AT63: 0 | AU63: 0 | AV63: 1 | AW63: 1 | AX63: 0 | AY63: 0 | AZ63: 1 | BA63: 0 | BB63: 0 | BC63: 1 | BD63: 1 | BE63: 0 | BF63: 0 | BG63: 1 | BH63: 1 | BI63: 0 | BJ63: 1 | BK63: =SUM(E63:BJ63) -> 35
B64: 7 | C64: 7. MASHUDI | E64: 0 | F64: 0 | G64: 0 | H64: 0 | I64: 0 | J64: 0 | K64: 2 | L64: 0 | M64: 0 | N64: 0 | O64: 0 | P64: 0 | Q64: 1 | R64: 0 | S64: 0 | T64: 0 | U64: 1 | V64: 1 | W64: 0 | X64: 0 | Y64: 2 | Z64: 1 | AA64: 0 | AB64: 0 | AC64: 0 | AD64: 1 | AE64: 0 | AF64: 0 | AG64: 4 | AH64: 0 | AI64: 0 | AJ64: 1 | AK64: 0 | AL64: 0 | AM64: 0 | AN64: 0 | AO64: 56 | AP64: 6 | AQ64: 1 | AR64: 0 | AS64: 5 | AT64: 2 | AU64: 2 | AV64: 5 | AW64: 1 | AX64: 0 | AY64: 1 | AZ64: 0 | BA64: 0 | BB64: 0 | BC64: 0 | BD64: 0 | BE64: 3 | BF64: 0 | BG64: 1 | BH64: 2 | BI64: 2 | BJ64: 18 | BK64: =SUM(E64:BJ64) -> 119
BK65: =SUM(E65:BJ65) -> 0
BK66: =SUM(E66:BJ66) -> 0
A67: B | B67: JUMLAH SUARA SAH PARTAI POLITIK DAN CALON (A1 + A2) | E67: =SUM(E57:E64) -> 6 | F67: =SUM(F57:F64) -> 4 | G67: =SUM(G57:G64) -> 8 | H67: =SUM(H57:H64) -> 3 | I67: =SUM(I57:I64) -> 26 | J67: =SUM(J57:J64) -> 17 | K67: =SUM(K57:K64) -> 22 | L67: =SUM(L57:L64) -> 14 | ... BJ67: =SUM(BJ57:BJ64) -> 44 | BK67: =SUM(E67:BJ67) -> 1242
A69: A.1 | B69: 3. | C69: Partai Demokrasi Indonesia Perjuangan | E69: 1 | F69: 1 | G69: 0 | H69: 0 | I69: 2 | J69: 0 | K69: 0 | L69: 2 | M69: 2 | N69: 0 | O69: 4 | P69: 6 | Q69: 0 | R69: 1 | S69: 0 | T69: 1 | U69: 4 | V69: 3 | W69: 3 | X69: 1 | Y69: 2 | Z69: 5 | AA69: 7 | AB69: 2 | AC69: 9 | AD69: 6 | AE69: 3 | AF69: 9 | AG69: 2 | AH69: 8 | AI69: 27 | AJ69: 4 | AK69: 3 | AL69: 1 | AM69: 1 | AN69: 1 | AO69: 2 | AP69: 2 | AQ69: 2 | AR69: 2 | AS69: 0 | AT69: 0 | AU69: 4 | AV69: 10 | AW69: 4 | AX69: 4 | AY69: 4 | AZ69: 2 | BA69: 3 | BB69: 3 | BC69: 5 | BD69: 5 | BE69: 7 | BF69: 2 | BG69: 2 | BH69: 1 | BI69: 2 | BJ69: 0 | BK69: =SUM(E69:BJ69) -> 187
A70: A.2 | B70: 1 | C70: 1. SONNY TRI DANAPARAMITA, S.H., M.H. | E70: 1 | F70: 3 | G70: 2 | H70: 0 | I70: 3 | J70: 5 | K70: 4 | L70: 2 | M70: 0 | N70: 0 | O70: 0 | P70: 6 | Q70: 7 | R70: 1 | S70: 4 | T70: 3 | U70: 1 | V70: 1 | W70: 1 | X70: 3 | Y70: 4 | Z70: 1 | AA70: 24 | AB70: 5 | AC70: 11 | AD70: 4 | AE70: 5 | AF70: 3 | AG70: 8 | AH70: 3 | AI70: 3 | AJ70: 1 | AK70: 4 | AL70: 4 | AM70: 3 | AN70: 2 | AO70: 0 | AP70: 0 | AQ70: 0 | AR70: 1 | AS70: 1 | AT70: 3 | AU70: 6 | AV70: 1 | AW70: 4 | AX70: 5 | AY70: 11 | AZ70: 2 | BA70: 9 | BB70: 3 | BC70: 28 | BD70: 24 | BE70: 9 | BF70: 2 | BG70: 6 | BH70: 11 | BI70: 3 | BJ70: 4 | BK70: =SUM(E70:BJ70) -> 265
B71: 2 | C71: 2. H. MOHAMAD GUNTUR ROMLI | E71: 0 | F71: 1 | G71: 0 | H71: 0 | I71: 3 | J71: 0 | K71: 0 | L71: 0 | M71: 0 | N71: 0 | O71: 10 | P71: 19 | Q71: 7 | R71: 0 | S71: 1 | T71: 1 | U71: 1 | V71: 1 | W71: 0 | X71: 0 | Y71: 1 | Z71: 1 | AA71: 43 | AB71: 15 | AC71: 0 | AD71: 0 | AE71: 2 | AF71: 1 | AG71: 2 | AH71: 2 | AI71: 28 | AJ71: 1 | AK71: 2 | AL71: 0 | AM71: 1 | AN71: 1 | AO71: 3 | AP71: 1 | AQ71: 0 | AR71: 2 | AS71: 0 | AT71: 0 | AU71: 1 | AV71: 1 | AW71: 0 | AX71: 2 | AY71: 0 | AZ71: 1 | BA71: 1 | BB71: 3 | BC71: 3 | BD71: 1 | BE71: 8 | BF71: 0 | BG71: 1 | BH71: 1 | BI71: 2 | BJ71: 2 | BK71: =SUM(E71:BJ71) -> 177
B72: 3 | C72: 3. INA AMMANIA | E72: 0 | F72: 1 | G72: 0 | H72: 0 | I72: 0 | J72: 1 | K72: 1 | L72: 2 | M72: 0 | N72: 0 | O72: 15 | P72: 1 | Q72: 2 | R72: 0 | S72: 1 | T72: 0 | U72: 14 | V72: 14 | W72: 3 | X72: 11 | Y72: 2 | Z72: 0 | AA72: 19 | AB72: 11 | AC72: 30 | AD72: 17 | AE72: 15 | AF72: 23 | AG72: 32 | AH72: 32 | AI72: 16 | AJ72: 2 | AK72: 0 | AL72: 2 | AM72: 1 | AN72: 0 | AO72: 0 | AP72: 1 | AQ72: 1 | AR72: 35 | AS72: 1 | AT72: 1 | AU72: 2 | AV72: 0 | AW72: 0 | AX72: 2 | AY72: 0 | AZ72: 2 | BA72: 0 | BB72: 0 | BC72: 3 | BD72: 4 | BE72: 0 | BF72: 0 | BG72: 0 | BH72: 1 | BI72: 0 | BJ72: 4 | BK72: =SUM(E72:BJ72) -> 325
B73: 4 | C73: 4. IRWAN BACHTIAR RACHMAT, M.Si. | E73: 0 | F73: 0 | G73: 0 | H73: 0 | I73: 0 | J73: 0 | K73: 0 | L73: 1 | M73: 1 | N73: 0 | O73: 1 | P73: 2 | Q73: 0 | R73: 0 | S73: 1 | T73: 0 | U73: 0 | V73: 1 | W73: 1 | X73: 0 | Y73: 0 | Z73: 0 | AA73: 1 | AB73: 1 | AC73: 4 | AD73: 2 | AE73: 0 | AF73: 0 | AG73: 1 | AH73: 1 | AI73: 0 | AJ73: 0 | AK73: 1 | AL73: 0 | AM73: 0 | AN73: 0 | AO73: 0 | AP73: 0 | AQ73: 0 | AR73: 3 | AS73: 1 | AT73: 0 | AU73: 2 | AV73: 0 | AW73: 2 | AX73: 1 | AY73: 1 | AZ73: 0 | BA73: 0 | BB73: 0 | BC73: 1 | BD73: 1 | BE73: 2 | BF73: 0 | BG73: 1 | BH73: 0 | BI73: 0 | BJ73: 0 | BK73: =SUM(E73:BJ73) -> 34
B74: 5 | C74: 5. LUCKY PERDANA | E74: 0 | F74: 1 | G74: 0 | H74: 1 | I74: 2 | J74: 1 | K74: 3 | L74: 0 | M74: 1 | N74: 0 | O74: 0 | P74: 3 | Q74: 1 | R74: 0 | S74: 1 | T74: 2 | U74: 1 | V74: 0 | W74: 6 | X74: 4 | Y74: 3 | Z74: 0 | AA74: 0 | AB74: 5 | AC74: 0 | AD74: 1 | AE74: 0 | AF74: 3 | AG74: 2 | AH74: 1 | AI74: 3 | AJ74: 1 | AK74: 1 | AL74: 0 | AM74: 1 | AN74: 0 | AO74: 5 | AP74: 3 | AQ74: 2 | AR74: 0 | AS74: 0 | AT74: 9 | AU74: 3 | AV74: 3 | AW74: 3 | AX74: 13 | AY74: 1 | AZ74: 7 | BA74: 9 | BB74: 0 | BC74: 3 | BD74: 7 | BE74: 5 | BF74: 3 | BG74: 6 | BH74: 4 | BI74: 1 | BJ74: 1 | BK74: =SUM(E74:BJ74) -> 136
B75: 6 | C75: 6. WIWIK PUJIYATI | E75: 0 | F75: 0 | G75: 0 | H75: 0 | I75: 0 | J75: 0 | K75: 0 | L75: 0 | M75: 0 | N75: 0 | O75: 2 | P75: 0 | Q75: 0 | R75: 0 | S75: 0 | T75: 0 | U75: 0 | V75: 0 | W75: 0 | X75: 0 | Y75: 0 | Z75: 0 | AA75: 0 | AB75: 0 | AC75: 0 | AD75: 0 | AE75: 0 | AF75: 0 | AG75: 0 | AH75: 0 | AI75: 1 | AJ75: 0 | AK75: 0 | AL75: 0 | AM75: 0 | AN75: 0 | AO75: 0 | AP75: 0 | AQ75: 1 | AR75: 0 | AS75: 0 | AT75: 0 | AU75: 0 | AV75: 0 | AW75: 0 | AX75: 0 | AY75: 0 | AZ75: 1 | BA75: 0 | BB75: 1 | BC75: 1 | BD75: 0 | BE75: 1 | BF75: 0 | BG75: 0 | BH75: 1 | BI75: 0 | BJ75: 0 | BK75: =SUM(E75:BJ75) -> 9
B76: 7 | C76: 7. CHANDRA ASTAN, S.T. | E76: 0 | F76: 0 | G76: 0 | H76: 0 | I76: 0 | J76: 0 | K76: 0 | L76: 0 | M76: 0 | N76: 0 | O76: 0 | P76: 0 | Q76: 0 | R76: 0 | S76: 0 | T76: 0 | U76: 0 | V76: 0 | W76: 0 | X76: 0 | Y76: 0 | Z76: 0 | AA76: 0 | AB76: 0 | AC76: 0 | AD76: 0 | AE76: 0 | AF76: 0 | AG76: 0 | AH76: 0 | AI76: 2 | AJ76: 0 | AK76: 0 | AL76: 0 | AM76: 1 | AN76: 0 | AO76: 0 | AP76: 1 | AQ76: 0 | AR76: 0 | AS76: 0 | AT76: 0 | AU76: 0 | AV76: 1 | AW76: 0 | AX76: 1 | AY76: 0 | AZ76: 0 | BA76: 1 | BB76: 1 | BC76: 1 | BD76: 0 | BE76: 0 | BF76: 0 | BG76: 0 | BH76: 2 | BI76: 0 | BJ76: 0 | BK76: =SUM(E76:BJ76) -> 11
BK77: =SUM(E77:BJ77) -> 0
BK78: =SUM(E78:BJ78) -> 0
A79: B | B79: JUMLAH SUARA SAH PARTAI POLITIK DAN CALON (A1 + A2) | E79: =SUM(E69:E76) -> 2 | F79: =SUM(F69:F76) -> 7 | G79: =SUM(G69:G76) -> 2 | H79: =SUM(H69:H76) -> 1 | I79: =SUM(I69:I76) -> 10 | J79: =SUM(J69:J76) -> 7 | K79: =SUM(K69:K76) -> 8 | L79: =SUM(L69:L76) -> 7 | ... BJ79: =SUM(BJ69:BJ76) -> 11 | BK79: =SUM(E79:BJ79) -> 1144
A81: A.1 | B81: 4. | C81: Partai Golongan Karya | E81: 6 | F81: 6 | G81: 4 | H81: 1 | I81: 12 | J81: 2 | K81: 7 | L81: 6 | M81: 4 | N81: 1 | O81: 2 | P81: 7 | Q81: 3 | R81: 3 | S81: 32 | T81: 20 | U81: 3 | V81: 15 | W81: 3 | X81: 5 | Y81: 5 | Z81: 3 | AA81: 18 | AB81: 13 | AC81: 5 | AD81: 2 | AE81: 15 | AF81: 2 | AG81: 6 | AH81: 9 | AI81: 2 | AJ81: 6 | AK81: 5 | AL81: 7 | AM81: 9 | AN81: 9 | AO81: 2 | AP81: 6 | AQ81: 3 | AR81: 3 | AS81: 4 | AT81: 6 | AU81: 6 | AV81: 9 | AW81: 6 | AX81: 4 | AY81: 19 | AZ81: 6 | BA81: 8 | BB81: 14 | BC81: 5 | BD81: 10 | BE81: 10 | BF81: 2 | BG81: 1 | BH81: 4 | BI81: 1 | BJ81: 4 | BK81: =SUM(E81:BJ81) -> 391
A82: A.2 | B82: 1 | C82: 1. ZULFIKAR ARSE SADIKIN, S.I.P., M.Si. | E82: 41 | F82: 32 | G82: 26 | H82: 13 | I82: 44 | J82: 44 | K82: 21 | L82: 36 | M82: 13 | N82: 91 | O82: 15 | P82: 2 | Q82: 1 | R82: 3 | S82: 25 | T82: 20 | U82: 4 | V82: 8 | W82: 7 | X82: 7 | Y82: 20 | Z82: 6 | AA82: 18 | AB82: 7 | AC82: 10 | AD82: 12 | AE82: 19 | AF82: 5 | AG82: 2 | AH82: 8 | AI82: 1 | AJ82: 1 | AK82: 5 | AL82: 16 | AM82: 7 | AN82: 4 | AO82: 1 | AP82: 10 | AQ82: 2 | AR82: 4 | AS82: 17 | AT82: 12 | AU82: 13 | AV82: 3 | AW82: 4 | AX82: 14 | AY82: 19 | AZ82: 6 | BA82: 11 | BB82: 10 | BC82: 9 | BD82: 12 | BE82: 12 | BF82: 11 | BG82: 3 | BH82: 6 | BI82: 9 | BJ82: 4 | BK82: =SUM(E82:BJ82) -> 786
B83: 2 | C83: 2. HANDOKO | E83: 1 | F83: 2 | G83: 1 | H83: 0 | I83: 2 | J83: 7 | K83: 3 | L83: 0 | M83: 3 | N83: 0 | O83: 1 | P83: 0 | Q83: 0 | R83: 1 | S83: 3 | T83: 1 | U83: 4 | V83: 2 | W83: 0 | X83: 2 | Y83: 1 | Z83: 5 | AA83: 5 | AB83: 0 | AC83: 1 | AD83: 3 | AE83: 4 | AF83: 3 | AG83: 1 | AH83: 1 | AI83: 2 | AJ83: 2 | AK83: 1 | AL83: 2 | AM83: 4 | AN83: 3 | AO83: 0 | AP83: 5 | AQ83: 0 | AR83: 4 | AS83: 1 | AT83: 4 | AU83: 6 | AV83: 3 | AW83: 7 | AX83: 4 | AY83: 4 | AZ83: 2 | BA83: 12 | BB83: 6 | BC83: 10 | BD83: 7 | BE83: 2 | BF83: 5 | BG83: 3 | BH83: 6 | BI83: 9 | BJ83: 3 | BK83: =SUM(E83:BJ83) -> 174
B84: 3 | C84: 3. Hj. OVI DEWI YANTI | E84: 0 | F84: 1 | G84: 0 | H84: 0 | I84: 1 | J84: 0 | K84: 0 | L84: 0 | M84: 0 | N84: 0 | O84: 1 | P84: 0 | Q84: 1 | R84: 0 | S84: 2 | T84: 0 | U84: 1 | V84: 0 | W84: 2 | X84: 2 | Y84: 1 | Z84: 1 | AA84: 1 | AB84: 0 | AC84: 0 | AD84: 1 | AE84: 3 | AF84: 0 | AG84: 0 | AH84: 1 | AI84: 1 | AJ84: 0 | AK84: 1 | AL84: 0 | AM84: 1 | AN84: 2 | AO84: 0 | AP84: 0 | AQ84: 2 | AR84: 0 | AS84: 2 | AT84: 2 | AU84: 0 | AV84: 0 | AW84: 1 | AX84: 0 | AY84: 2 | AZ84: 0 | BA84: 3 | BB84: 2 | BC84: 0 | BD84: 1 | BE84: 1 | BF84: 1 | BG84: 3 | BH84: 0 | BI84: 0 | BJ84: 0 | BK84: =SUM(E84:BJ84) -> 44
B85: 4 | C85: 4. Ir. AZAM AZMAN NATAWIJANA | E85: 0 | F85: 1 | G85: 2 | H85: 0 | I85: 0 | J85: 0 | K85: 0 | L85: 1 | M85: 0 | N85: 0 | O85: 3 | P85: 2 | Q85: 0 | R85: 0 | S85: 0 | T85: 0 | U85: 2 | V85: 1 | W85: 0 | X85: 1 | Y85: 1 | Z85: 0 | AA85: 1 | AB85: 0 | AC85: 1 | AD85: 2 | AE85: 1 | AF85: 1 | AG85: 0 | AH85: 0 | AI85: 0 | AJ85: 0 | AK85: 0 | AL85: 0 | AM85: 1 | AN85: 0 | AO85: 0 | AP85: 1 | AQ85: 0 | AR85: 0 | AS85: 0 | AT85: 0 | AU85: 2 | AV85: 0 | AW85: 2 | AX85: 1 | AY85: 1 | AZ85: 1 | BA85: 0 | BB85: 0 | BC85: 1 | BD85: 0 | BE85: 1 | BF85: 1 | BG85: 1 | BH85: 0 | BI85: 0 | BJ85: 0 | BK85: =SUM(E85:BJ85) -> 33
B86: 5 | C86: 5. UBAIDILLAH AMIN, S.Kom. | E86: 0 | F86: 0 | G86: 0 | H86: 2 | I86: 1 | J86: 2 | K86: 0 | L86: 0 | M86: 1 | N86: 0 | O86: 0 | P86: 2 | Q86: 0 | R86: 0 | S86: 1 | T86: 4 | U86: 0 | V86: 3 | W86: 0 | X86: 7 | Y86: 3 | Z86: 0 | AA86: 1 | AB86: 1 | AC86: 0 | AD86: 0 | AE86: 1 | AF86: 0 | AG86: 1 | AH86: 3 | AI86: 0 | AJ86: 0 | AK86: 0 | AL86: 1 | AM86: 3 | AN86: 2 | AO86: 2 | AP86: 0 | AQ86: 1 | AR86: 1 | AS86: 0 | AT86: 1 | AU86: 2 | AV86: 1 | AW86: 4 | AX86: 2 | AY86: 5 | AZ86: 2 | BA86: 3 | BB86: 1 | BC86: 2 | BD86: 0 | BE86: 0 | BF86: 2 | BG86: 0 | BH86: 0 | BI86: 5 | BJ86: 0 | BK86: =SUM(E86:BJ86) -> 73
B87: 6 | C87: 6. DENNY YUNIANDARI, S.H., M.Kn. | E87: 0 | F87: 0 | G87: 0 | H87: 0 | I87: 0 | J87: 0 | K87: 0 | L87: 0 | M87: 0 | N87: 0 | O87: 1 | P87: 0 | Q87: 2 | R87: 0 | S87: 0 | T87: 0 | U87: 0 | V87: 0 | W87: 0 | X87: 4 | Y87: 0 | Z87: 0 | AA87: 1 | AB87: 0 | AC87: 0 | AD87: 0 | AE87: 0 | AF87: 0 | AG87: 0 | AH87: 0 | AI87: 1 | AJ87: 0 | AK87: 0 | AL87: 0 | AM87: 0 | AN87: 0 | AO87: 1 | AP87: 0 | AQ87: 1 | AR87: 0 | AS87: 1 | AT87: 0 | AU87: 1 | AV87: 0 | AW87: 0 | AX87: 0 | AY87: 0 | AZ87: 0 | BA87: 0 | BB87: 0 | BC87: 0 | BD87: 0 | BE87: 0 | BF87: 0 | BG87: 0 | BH87: 0 | BI87: 0 | BJ87: 1 | BK87: =SUM(E87:BJ87) -> 14
B88: 7 | C88: 7. ERNADI, S.H.I. | E88: 0 | F88: 0 | G88: 0 | H88: 0 | I88: 0 | J88: 0 | K88: 0 | L88: 0 | M88: 0 | N88: 0 | O88: 0 | P88: 0 | Q88: 1 | R88: 0 | S88: 0 | T88: 0 | U88: 0 | V88: 0 | W88: 0 | X88: 0 | Y88: 0 | Z88: 0 | AA88: 0 | AB88: 0 | AC88: 0 | AD88: 0 | AE88: 0 | AF88: 0 | AG88: 0 | AH88: 0 | AI88: 0 | AJ88: 0 | AK88: 0 | AL88: 0 | AM88: 0 | AN88: 0 | AO88: 0 | AP88: 0 | AQ88: 0 | AR88: 0 | AS88: 0 | AT88: 0 | AU88: 0 | AV88: 0 | AW88: 0 | AX88: 0 | AY88: 0 | AZ88: 0 | BA88: 0 | BB88: 0 | BC88: 0 | BD88: 0 | BE88: 0 | BF88: 0 | BG88: 0 | BH88: 0 | BI88: 0 | BJ88: 0 | BK88: =SUM(E88:BJ88) -> 1
BK89: =SUM(E89:BJ89) -> 0
BK90: =SUM(E90:BJ90) -> 0
A91: B | B91: JUMLAH SUARA SAH PARTAI POLITIK DAN CALON (A1 + A2) | E91: =SUM(E81:E88) -> 48 | F91: =SUM(F81:F88) -> 42 | G91: =SUM(G81:G88) -> 33 | H91: =SUM(H81:H88) -> 16 | I91: =SUM(I81:I88) -> 60 | J91: =SUM(J81:J88) -> 55 | K91: =SUM(K81:K88) -> 31 | L91: =SUM(L81:L88) -> 43 | ... BJ91: =SUM(BJ81:BJ88) -> 12 | BK91: =SUM(E91:BJ91) -> 1516
A93: A.1 | B93: 5. | C93: Partai NasDem | E93: 0 | F93: 0 | G93: 3 | H93: 1 | I93: 2 | J93: 1 | K93: 1 | L93: 2 | M93: 3 | N93: 0 | O93: 6 | P93: 3 | Q93: 1 | R93: 5 | S93: 3 | T93: 3 | U93: 2 | V93: 3 | W93: 1 | X93: 3 | Y93: 0 | Z93: 2 | AA93: 0 | AB93: 2 | AC93: 1 | AD93: 0 | AE93: 1 | AF93: 1 | AG93: 2 | AH93: 4 | AI93: 1 | AJ93: 2 | AK93: 4 | AL93: 2 | AM93: 1 | AN93: 2 | AO93: 1 | AP93: 2 | AQ93: 5 | AR93: 0 | AS93: 0 | AT93: 0 | AU93: 0 | AV93: 2 | AW93: 1 | AX93: 1 | AY93: 0 | AZ93: 1 | BA93: 2 | BB93: 0 | BC93: 0 | BD93: 1 | BE93: 3 | BF93: 0 | BG93: 1 | BH93: 2 | BI93: 0 | BJ93: 0 | BK93: =SUM(E93:BJ93) -> 90
A94: A.2 | B94: 1 | C94: 1. ACH. FADIL MUZAKKI SYAH | E94: 0 | F94: 2 | G94: 2 | H94: 1 | I94: 1 | J94: 7 | K94: 1 | L94: 0 | M94: 1 | N94: 0 | O94: 9 | P94: 1 | Q94: 2 | R94: 2 | S94: 3 | T94: 2 | U94: 2 | V94: 2 | W94: 0 | X94: 4 | Y94: 1 | Z94: 0 | AA94: 0 | AB94: 0 | AC94: 0 | AD94: 1 | AE94: 1 | AF94: 0 | AG94: 0 | AH94: 0 | AI94: 0 | AJ94: 2 | AK94: 0 | AL94: 1 | AM94: 0 | AN94: 4 | AO94: 1 | AP94: 0 | AQ94: 2 | AR94: 2 | AS94: 0 | AT94: 0 | AU94: 11 | AV94: 7 | AW94: 1 | AX94: 8 | AY94: 11 | AZ94: 6 | BA94: 5 | BB94: 1 | BC94: 1 | BD94: 2 | BE94: 0 | BF94: 0 | BG94: 1 | BH94: 0 | BI94: 1 | BJ94: 4 | BK94: =SUM(E94:BJ94) -> 116
B95: 2 | C95: 2. BENY | E95: 2 | F95: 4 | G95: 12 | H95: 11 | I95: 9 | J95: 3 | K95: 13 | L95: 2 | M95: 20 | N95: 0 | O95: 64 | P95: 18 | Q95: 21 | R95: 17 | S95: 30 | T95: 12 | U95: 35 | V95: 20 | W95: 0 | X95: 22 | Y95: 13 | Z95: 34 | AA95: 1 | AB95: 0 | AC95: 13 | AD95: 5 | AE95: 6 | AF95: 0 | AG95: 4 | AH95: 10 | AI95: 0 | AJ95: 0 | AK95: 2 | AL95: 11 | AM95: 18 | AN95: 1 | AO95: 0 | AP95: 18 | AQ95: 10 | AR95: 5 | AS95: 26 | AT95: 34 | AU95: 3 | AV95: 11 | AW95: 7 | AX95: 7 | AY95: 8 | AZ95: 5 | BA95: 4 | BB95: 0 | BC95: 0 | BD95: 8 | BE95: 2 | BF95: 1 | BG95: 0 | BH95: 1 | BI95: 59 | BJ95: 2 | BK95: =SUM(E95:BJ95) -> 644
B96: 3 | C96: 3. VINA VERONIKA | E96: 0 | F96: 0 | G96: 0 | H96: 0 | I96: 0 | J96: 0 | K96: 0 | L96: 0 | M96: 0 | N96: 0 | O96: 0 | P96: 0 | Q96: 1 | R96: 0 | S96: 0 | T96: 0 | U96: 0 | V96: 2 | W96: 0 | X96: 0 | Y96: 0 | Z96: 0 | AA96: 0 | AB96: 0 | AC96: 0 | AD96: 0 | AE96: 0 | AF96: 0 | AG96: 1 | AH96: 4 | AI96: 0 | AJ96: 0 | AK96: 0 | AL96: 0 | AM96: 0 | AN96: 0 | AO96: 0 | AP96: 0 | AQ96: 0 | AR96: 0 | AS96: 1 | AT96: 0 | AU96: 1 | AV96: 0 | AW96: 0 | AX96: 0 | AY96: 1 | AZ96: 0 | BA96: 0 | BB96: 0 | BC96: 0 | BD96: 0 | BE96: 0 | BF96: 0 | BG96: 0 | BH96: 1 | BI96: 0 | BJ96: 0 | BK96: =SUM(E96:BJ96) -> 12
B97: 4 | C97: 4. TEDDY ANUGRIANTO | E97: 0 | F97: 0 | G97: 0 | H97: 0 | I97: 0 | J97: 0 | K97: 0 | L97: 0 | M97: 0 | N97: 0 | O97: 1 | P97: 0 | Q97: 0 | R97: 0 | S97: 0 | T97: 1 | U97: 3 | V97: 9 | W97: 4 | X97: 2 | Y97: 1 | Z97: 3 | AA97: 0 | AB97: 0 | AC97: 0 | AD97: 0 | AE97: 1 | AF97: 0 | AG97: 3 | AH97: 1 | AI97: 0 | AJ97: 1 | AK97: 2 | AL97: 1 | AM97: 2 | AN97: 0 | AO97: 0 | AP97: 0 | AQ97: 1 | AR97: 1 | AS97: 2 | AT97: 0 | AU97: 1 | AV97: 0 | AW97: 0 | AX97: 1 | AY97: 1 | AZ97: 1 | BA97: 1 | BB97: 0 | BC97: 0 | BD97: 1 | BE97: 1 | BF97: 0 | BG97: 0 | BH97: 0 | BI97: 1 | BJ97: 0 | BK97: =SUM(E97:BJ97) -> 47
B98: 5 | C98: 5. INSAN KAMIL | E98: 1 | F98: 0 | G98: 0 | H98: 1 | I98: 0 | J98: 0 | K98: 0 | L98: 0 | M98: 0 | N98: 0 | O98: 0 | P98: 1 | Q98: 0 | R98: 0 | S98: 0 | T98: 0 | U98: 0 | V98: 0 | W98: 1 | X98: 0 | Y98: 0 | Z98: 2 | AA98: 0 | AB98: 0 | AC98: 1 | AD98: 0 | AE98: 9 | AF98: 0 | AG98: 0 | AH98: 1 | AI98: 1 | AJ98: 0 | AK98: 0 | AL98: 0 | AM98: 0 | AN98: 0 | AO98: 0 | AP98: 1 | AQ98: 0 | AR98: 1 | AS98: 0 | AT98: 0 | AU98: 0 | AV98: 0 | AW98: 0 | AX98: 2 | AY98: 0 | AZ98: 0 | BA98: 1 | BB98: 1 | BC98: 0 | BD98: 1 | BE98: 0 | BF98: 4 | BG98: 0 | BH98: 1 | BI98: 0 | BJ98: 2 | BK98: =SUM(E98:BJ98) -> 32
B99: 6 | C99: 6. LILIK LINDARWATI | E99: 0 | F99: 0 | G99: 0 | H99: 0 | I99: 0 | J99: 0 | K99: 0 | L99: 0 | M99: 0 | N99: 0 | O99: 2 | P99: 0 | Q99: 0 | R99: 0 | S99: 0 | T99: 0 | U99: 0 | V99: 0 | W99: 1 | X99: 0 | Y99: 0 | Z99: 0 | AA99: 0 | AB99: 0 | AC99: 0 | AD99: 0 | AE99: 0 | AF99: 0 | AG99: 0 | AH99: 0 | AI99: 0 | AJ99: 0 | AK99: 0 | AL99: 1 | AM99: 0 | AN99: 0 | AO99: 0 | AP99: 1 | AQ99: 2 | AR99: 0 | AS99: 0 | AT99: 0 | AU99: 0 | AV99: 0 | AW99: 0 | AX99: 1 | AY99: 0 | AZ99: 0 | BA99: 0 | BB99: 0 | BC99: 0 | BD99: 0 | BE99: 0 | BF99: 0 | BG99: 0 | BH99: 0 | BI99: 0 | BJ99: 0 | BK99: =SUM(E99:BJ99) -> 8
B100: 7 | C100: 7. YULI ANITA | E100: 1 | F100: 0 | G100: 0 | H100: 0 | I100: 0 | J100: 0 | K100: 0 | L100: 0 | M100: 0 | N100: 0 | O100: 0 | P100: 0 | Q100: 0 | R100: 0 | S100: 0 | T100: 2 | U100: 0 | V100: 3 | W100: 0 | X100: 1 | Y100: 0 | Z100: 0 | AA100: 0 | AB100: 0 | AC100: 2 | AD100: 0 | AE100: 1 | AF100: 0 | AG100: 2 | AH100: 0 | AI100: 0 | AJ100: 0 | AK100: 0 | AL100: 1 | AM100: 0 | AN100: 0 | AO100: 0 | AP100: 1 | AQ100: 0 | AR100: 0 | AS100: 1 | AT100: 0 | AU100: 0 | AV100: 0 | AW100: 0 | AX100: 1 | AY100: 1 | AZ100: 0 | BA100: 1 | BB100: 0 | BC100: 0 | BD100: 0 | BE100: 0 | BF100: 0 | BG100: 0 | BH100: 0 | BI100: 0 | BJ100: 0 | BK100: =SUM(E100:BJ100) -> 18
BK101: =SUM(E101:BJ101) -> 0
BK102: =SUM(E102:BJ102) -> 0
A103: B | B103: JUMLAH SUARA SAH PARTAI POLITIK DAN CALON (A1 + A2) | E103: =SUM(E93:E100) -> 4 | F103: =SUM(F93:F100) -> 6 | G103: =SUM(G93:G100) -> 17 | H103: =SUM(H93:H100) -> 14 | I103: =SUM(I93:I100) -> 12 | J103: =SUM(J93:J100) -> 11 | K103: =SUM(K93:K100) -> 15 | L103: =SUM(L93:L100) -> 4 | ... BJ103: =SUM(BJ93:BJ100) -> 8 | BK103: =SUM(E103:BJ103) -> 967
A105: A.1 | B105: 6. | C105: Partai Buruh | E105: 0 | F105: 0 | G105: 1 | H105: 0 | I105: 0 | J105: 0 | K105: 0 | L105: 0 | M105: 0 | N105: 0 | O105: 0 | P105: 0 | Q105: 0 | R105: 0 | S105: 0 | T105: 0 | U105: 0 | V105: 1 | W105: 0 | X105: 1 | Y105: 1 | Z105: 0 | AA105: 0 | AB105: 0 | AC105: 1 | AD105: 0 | AE105: 0 | AF105: 0 | AG105: 0 | AH105: 1 | AI105: 0 | AJ105: 3 | AK105: 0 | AL105: 1 | AM105: 1 | AN105: 0 | AO105: 0 | AP105: 0 | AQ105: 0 | AR105: 2 | AS105: 1 | AT105: 1 | AU105: 0 | AV105: 1 | AW105: 2 | BA105: 1 | BB105: 1 | BG105: 2 | BJ105: 1 | BK105: =SUM(E105:BJ105) -> 23
A106: A.2 | B106: 1 | C106: 1. KHOIRUL ANAM | E106: 0 | F106: 1 | G106: 0 | H106: 0 | I106: 0 | J106: 0 | K106: 0 | L106: 1 | M106: 0 | N106: 0 | O106: 0 | P106: 0 | Q106: 1 | R106: 0 | S106: 0 | T106: 0 | U106: 1 | V106: 2 | W106: 0 | X106: 1 | Y106: 0 | Z106: 1 | AA106: 0 | AB106: 0 | AC106: 0 | AD106: 1 | AE106: 0 | AF106: 0 | AG106: 0 | AH106: 0 | AI106: 0 | AJ106: 0 | AK106: 2 | AL106: 1 | AM106: 2 | AN106: 1 | AO106: 0 | AP106: 0 | AQ106: 1 | AR106: 0 | AS106: 0 | AT106: 0 | AU106: 0 | AV106: 2 | AW106: 1 | BC106: 1 | BK106: =SUM(E106:BJ106) -> 20
B107: 2 | C107: 2. INA KURNIA | E107: 0 | F107: 0 | G107: 0 | H107: 0 | I107: 0 | J107: 0 | K107: 0 | L107: 0 | M107: 0 | N107: 0 | O107: 0 | P107: 0 | Q107: 0 | R107: 0 | S107: 0 | T107: 0 | U107: 1 | V107: 0 | W107: 1 | X107: 3 | Y107: 0 | Z107: 0 | AA107: 0 | AB107: 0 | AC107: 1 | AD107: 0 | AE107: 0 | AF107: 1 | AG107: 0 | AH107: 0 | AI107: 0 | AJ107: 0 | AK107: 0 | AL107: 0 | AM107: 1 | AN107: 0 | AO107: 0 | AP107: 0 | AQ107: 0 | AR107: 1 | AS107: 0 | AT107: 0 | AU107: 0 | AV107: 0 | AW107: 1 | BB107: 1 | BG107: 1 | BK107: =SUM(E107:BJ107) -> 12
B108: 3 | C108: 3. JIBRAL TAROUK | E108: 0 | F108: 0 | G108: 0 | H108: 0 | I108: 1 | J108: 0 | K108: 0 | L108: 2 | M108: 0 | N108: 0 | O108: 0 | P108: 0 | Q108: 0 | R108: 0 | S108: 0 | T108: 0 | U108: 1 | V108: 0 | W108: 0 | X108: 0 | Y108: 0 | Z108: 0 | AA108: 0 | AB108: 0 | AC108: 0 | AD108: 0 | AE108: 0 | AF108: 0 | AG108: 0 | AH108: 0 | AI108: 0 | AJ108: 0 | AK108: 0 | AL108: 0 | AM108: 0 | AN108: 0 | AO108: 0 | AP108: 0 | AQ108: 0 | AR108: 1 | AS108: 1 | AT108: 0 | AU108: 0 | AV108: 0 | AW108: 0 | BK108: =SUM(E108:BJ108) -> 6
B109: 4 | C109: 4. ASTUTI DAENG PUJI | E109: 0 | F109: 0 | G109: 0 | H109: 0 | I109: 0 | J109: 0 | K109: 0 | L109: 0 | M109: 0 | N109: 0 | O109: 0 | P109: 0 | Q109: 0 | R109: 0 | S109: 0 | T109: 0 | U109: 0 | V109: 0 | W109: 0 | X109: 0 | Y109: 0 | Z109: 0 | AA109: 1 | AB109: 0 | AC109: 0 | AD109: 0 | AE109: 0 | AF109: 0 | AG109: 0 | AH109: 2 | AI109: 0 | AJ109: 1 | AK109: 0 | AL109: 0 | AM109: 0 | AN109: 0 | AO109: 0 | AP109: 0 | AQ109: 0 | AR109: 0 | AS109: 0 | AT109: 0 | AU109: 0 | AV109: 0 | AW109: 0 | BK109: =SUM(E109:BJ109) -> 4
B110: 5 | C110: 5. ASDARMAWAN | E110: 0 | F110: 0 | G110: 0 | H110: 0 | I110: 0 | J110: 0 | K110: 0 | L110: 0 | M110: 0 | N110: 0 | O110: 0 | P110: 0 | Q110: 0 | R110: 0 | S110: 0 | T110: 0 | U110: 0 | V110: 0 | W110: 0 | X110: 0 | Y110: 0 | Z110: 0 | AA110: 0 | AB110: 0 | AC110: 0 | AD110: 0 | AE110: 0 | AF110: 0 | AG110: 0 | AH110: 0 | AI110: 0 | AJ110: 0 | AK110: 1 | AL110: 0 | AM110: 0 | AN110: 0 | AO110: 0 | AP110: 0 | AQ110: 0 | AR110: 0 | AS110: 0 | AT110: 0 | AU110: 0 | AV110: 0 | AW110: 0 | BK110: =SUM(E110:BJ110) -> 1
B111: 6 | C111: 6. RIFQI MUBAROK | E111: 0 | F111: 0 | G111: 0 | H111: 0 | I111: 0 | J111: 0 | K111: 0 | L111: 0 | M111: 0 | N111: 0 | O111: 0 | P111: 0 | Q111: 0 | R111: 0 | S111: 0 | T111: 0 | U111: 0 | V111: 0 | W111: 0 | X111: 1 | Y111: 0 | Z111: 0 | AA111: 0 | AB111: 0 | AC111: 0 | AD111: 0 | AE111: 0 | AF111: 0 | AG111: 0 | AH111: 0 | AI111: 0 | AJ111: 0 | AK111: 0 | AL111: 0 | AM111: 0 | AN111: 0 | AO111: 0 | AP111: 0 | AQ111: 0 | AR111: 0 | AS111: 0 | AT111: 0 | AU111: 0 | AV111: 0 | AW111: 0 | BI111: 1 | BK111: =SUM(E111:BJ111) -> 2
B112: 7 | C112: 7. FIRNANDA ALTA MEGA | E112: 0 | F112: 0 | G112: 0 | H112: 0 | I112: 0 | J112: 0 | K112: 0 | L112: 0 | M112: 0 | N112: 0 | O112: 0 | P112: 0 | Q112: 0 | R112: 0 | S112: 0 | T112: 0 | U112: 0 | V112: 0 | W112: 0 | X112: 0 | Y112: 0 | Z112: 0 | AA112: 0 | AB112: 0 | AC112: 0 | AD112: 0 | AE112: 0 | AF112: 0 | AG112: 0 | AH112: 0 | AI112: 0 | AJ112: 0 | AK112: 0 | AL112: 0 | AM112: 0 | AN112: 0 | AO112: 0 | AP112: 0 | AQ112: 0 | AR112: 0 | AS112: 0 | AT112: 0 | AU112: 0 | AV112: 0 | AW112: 0 | BK112: =SUM(E112:BJ112) -> 0
BK113: =SUM(E113:BJ113) -> 0
BK114: =SUM(E114:BJ114) -> 0
A115: B | B115: JUMLAH SUARA SAH PARTAI POLITIK DAN CALON (A1 + A2) | E115: =SUM(E105:E112) -> 0 | F115: =SUM(F105:F112) -> 1 | G115: =SUM(G105:G112) -> 1 | H115: =SUM(H105:H112) -> 0 | I115: =SUM(I105:I112) -> 1 | J115: =SUM(J105:J112) -> 0 | K115: =SUM(K105:K112) -> 0 | L115: =SUM(L105:L112) -> 3 | ... BJ115: =SUM(BJ105:BJ112) -> 1 | BK115: =SUM(E115:BJ115) -> 68
A117: A.1 | B117: 7. | C117: Partai Gelombang Rakyat Indonesia | F117: 1 | K117: 2 | M117: 1 | O117: 3 | P117: 2 | Q117: 6 | T117: 3 | U117: 1 | V117: 2 | X117: 1 | Y117: 1 | Z117: 2 | AC117: 1 | AD117: 1 | AE117: 4 | AF117: 1 | AG117: 4 | AH117: 5 | AJ117: 3 | AK117: 4 | AN117: 1 | AO117: 2 | AR117: 1 | AS117: 2 | AT117: 2 | AU117: 2 | AV117: 7 | AW117: 2 | AY117: 2 | BB117: 1 | BD117: 1 | BG117: 1 | BK117: =SUM(E117:BJ117) -> 72
...

Sheet MARGOMULYO
C2: Kecamatan | D2: GLENMORE
C3: Kabupaten | D3: BANYUWANGI
C4: Provinsi | D4: JAWA TIMUR
C9: Kelurahan | D9: MARGOMULYO
A12: I | B12: DATA PEMILIH DAN PENGGUNAAN HAK PILIH | S12: JUMLAH AKHIR
A13: A | B13: DATA PEMILIH | E13: TPS 001 | F13: TPS 002 | G13: TPS 003 | H13: TPS 004 | I13: TPS 005 | J13: TPS 006 | K13: TPS 007 | L13: TPS 008 | M13: TPS 009 | N13: TPS 010 | O13: TPS 011 | P13: TPS 012 | Q13: TPS 013 | R13: TPS 014
B14: Jumlah Pemilih dalam Daftar Pemilih Tetap (DPT) | D14: LK | E14: 100 | F14: 130 | G14: 131 | H14: 141 | I14: 115 | J14: 138 | K14: 136 | L14: 115 | M14: 146 | N14: 142 | O14: 79 | P14: 101 | Q14: 123 | R14: 146 | S14: =SUM(E14:R14) -> 1743
D15: PR | E15: 86 | F15: 114 | G15: 125 | H15: 145 | I15: 108 | J15: 127 | K15: 145 | L15: 124 | M15: 138 | N15: 126 | O15: 89 | P15: 106 | Q15: 143 | R15: 146 | S15: =SUM(E15:R15) -> 1722
D16: JML | E16: =SUM(E14:E15) -> 186 | F16: =SUM(F14:F15) -> 244 | G16: =SUM(G14:G15) -> 256 | H16: =SUM(H14:H15) -> 286 | I16: =SUM(I14:I15) -> 223 | J16: =SUM(J14:J15) -> 265 | K16: =SUM(K14:K15) -> 281 | L16: =SUM(L14:L15) -> 239 | ... R16: =SUM(R14:R15) -> 292 | S16: =SUM(E16:R16) -> 3465
A18: B | B18: PENGGUNA HAK PILIH
B19: 1. | C19: Jumlah pengguna hak pilih dalam Daftar Pemilih Tetap (DPT) | D19: LK | E19: 77 | F19: 90 | G19: 89 | H19: 93 | I19: 98 | J19: 105 | K19: 110 | L19: 70 | M19: 91 | N19: 105 | O19: 59 | P19: 84 | Q19: 96 | R19: 103 | S19: =SUM(E19:R19) -> 1270
D20: PR | E20: 69 | F20: 88 | G20: 102 | H20: 112 | I20: 95 | J20: 104 | K20: 121 | L20: 85 | M20: 106 | N20: 108 | O20: 67 | P20: 85 | Q20: 116 | R20: 118 | S20: =SUM(E20:R20) -> 1376
D21: JML | E21: =SUM(E19:E20) -> 146 | F21: =SUM(F19:F20) -> 178 | G21: =SUM(G19:G20) -> 191 | H21: =SUM(H19:H20) -> 205 | I21: =SUM(I19:I20) -> 193 | J21: =SUM(J19:J20) -> 209 | K21: =SUM(K19:K20) -> 231 | L21: =SUM(L19:L20) -> 155 | ... R21: =SUM(R19:R20) -> 221 | S21: =SUM(E21:R21) -> 2646
B22: 2. | C22: Jumlah pengguna hak pilih dalam Daftar Pemilih Tambahan (DPTb) | D22: LK | S22: =SUM(E22:R22) -> 0
D23: PR | S23: =SUM(E23:R23) -> 0
D24: JML | E24: =SUM(E22:E23) -> 0 | F24: =SUM(F22:F23) -> 0 | G24: =SUM(G22:G23) -> 0 | H24: =SUM(H22:H23) -> 0 | I24: =SUM(I22:I23) -> 0 | J24: =SUM(J22:J23) -> 0 | K24: =SUM(K22:K23) -> 0 | L24: =SUM(L22:L23) -> 0 | ... R24: =SUM(R22:R23) -> 0 | S24: =SUM(E24:R24) -> 0
B25: 3. | C25: Jumlah pengguna hak pilih dalam Daftar Pemilih Khusus (DPK) | D25: LK | F25: 1 | I25: 1 | M25: 2 | N25: 3 | P25: 4 | Q25: 3 | R25: 1 | S25: =SUM(E25:R25) -> 15
D26: PR | E26: 1 | F26: 1 | H26: 1 | M26: 1 | P26: 3 | Q26: 2 | R26: 2 | S26: =SUM(E26:R26) -> 11
D27: JML | E27: =SUM(E25:E26) -> 1 | F27: =SUM(F25:F26) -> 2 | G27: =SUM(G25:G26) -> 0 | H27: =SUM(H25:H26) -> 1 | I27: =SUM(I25:I26) -> 1 | J27: =SUM(J25:J26) -> 0 | K27: =SUM(K25:K26) -> 0 | L27: =SUM(L25:L26) -> 0 | ... R27: =SUM(R25:R26) -> 3 | S27: =SUM(E27:R27) -> 26
B28: 4. | C28: Jumlah Pengguna Hak Pilih (B.1+B.2+B.3) | D28: LK | E28: =SUM(E19,E22,E25) -> 77 | F28: =SUM(F19,F22,F25) -> 91 | G28: =SUM(G19,G22,G25) -> 89 | H28: =SUM(H19,H22,H25) -> 93 | I28: =SUM(I19,I22,I25) -> 99 | J28: =SUM(J19,J22,J25) -> 105 | K28: =SUM(K19,K22,K25) -> 110 | L28: =SUM(L19,L22,L25) -> 70 | ... R28: =SUM(R19,R22,R25) -> 104 | S28: =SUM(E28:R28) -> 1285
D29: PR | E29: =SUM(E20,E23,E26) -> 70 | F29: =SUM(F20,F23,F26) -> 89 | G29: =SUM(G20,G23,G26) -> 102 | H29: =SUM(H20,H23,H26) -> 113 | I29: =SUM(I20,I23,I26) -> 95 | J29: =SUM(J20,J23,J26) -> 104 | K29: =SUM(K20,K23,K26) -> 121 | L29: =SUM(L20,L23,L26) -> 85 | ... R29: =SUM(R20,R23,R26) -> 120 | S29: =SUM(E29:R29) -> 1387
D30: JML | E30: =SUM(E28:E29) -> 147 | F30: =SUM(F28:F29) -> 180 | G30: =SUM(G28:G29) -> 191 | H30: =SUM(H28:H29) -> 206 | I30: =SUM(I28:I29) -> 194 | J30: =SUM(J28:J29) -> 209 | K30: =SUM(K28:K29) -> 231 | L30: =SUM(L28:L29) -> 155 | ... R30: =SUM(R28:R29) -> 224 | S30: =SUM(E30:R30) -> 2672
A32: II | B32: DATA PENGGUNAAN SURAT SUARA
A33: 1 | B33: Jumlah surat suara yang diterima, termasuk surat suara cadangan 2,5% dari DPT | E33: 190 | F33: 249 | G33: 263 | H33: 292 | I33: 228 | J33: 271 | K33: 288 | L33: 244 | M33: 290 | N33: 274 | O33: 172 | P33: 212 | Q33: 272 | R33: 298 | S33: =SUM(E33:R33) -> 3543
A34: 2 | B34: Jumlah surat suara yang digunakan | E34: 147 | F34: 180 | G34: 191 | H34: 206 | I34: 194 | J34: 209 | K34: 231 | L34: 155 | M34: 200 | N34: 216 | O34: 126 | P34: 176 | Q34: 217 | R34: 224 | S34: =SUM(E34:R34) -> 2672
A35: 3 | B35: Jumlah surat suara dikembalikan oleh pemilih (karena rusak atau keliru coblos) | E35: 1 | F35: 1 | K35: 1 | M35: 1 | S35: =SUM(E35:R35) -> 4
A36: 4 | B36: Jumlah surat suara yang tidak digunakan/tidak terpakai, termasuk sisa surat suara cadangan | E36: =E33-(E34+E35) -> 42 | F36: =F33-(F34+F35) -> 68 | G36: =G33-(G34+G35) -> 72 | H36: =H33-(H34+H35) -> 86 | I36: =I33-(I34+I35) -> 34 | J36: =J33-(J34+J35) -> 62 | K36: =K33-(K34+K35) -> 56 | L36: =L33-(L34+L35) -> 89 | ... R36: =R33-(R34+R35) -> 74 | S36: =SUM(E36:R36) -> 867
A38: III | B38: DATA PEMILIH DISABILITAS
B39: Jumlah seluruh Pemilih disabilitas yang menggunakan hak pilih | D39: LK | E39: 2 | M39: 2 | P39: 1 | R39: 1 | S39: =SUM(E39:R39) -> 6
D40: PR | L40: 1 | R40: 2 | S40: =SUM(E40:R40) -> 3
D41: JML | E41: =SUM(E39:E40) -> 2 | F41: =SUM(F39:F40) -> 0 | G41: =SUM(G39:G40) -> 0 | H41: =SUM(H39:H40) -> 0 | I41: =SUM(I39:I40) -> 0 | J41: =SUM(J39:J40) -> 0 | K41: =SUM(K39:K40) -> 0 | L41: =SUM(L39:L40) -> 1 | ... R41: =SUM(R39:R40) -> 3 | S41: =SUM(E41:R41) -> 9
A43: IV | B43: DATA RINCIAN PEROLEHAN SUARA PASANGAN CALON BUPATI DAN WAKIL BUPATI
A44: NOMOR DAN NAMA CALON
A45: A.1 | B45: 1. | C45: Partai Kebangkitan Bangsa | E45: 3 | F45: 4 | G45: 4 | H45: 1 | I45: 3 | J45: 4 | K45: 1 | L45: 5 | M45: 4 | N45: 0 | O45: 1 | P45: 2 | Q45: 0 | R45: 2 | S45: =SUM(E45:R45) -> 34
A46: A.2 | B46: 1 | C46: 1. Dr. Hj. NIHAYATUL WAFIROH, M.A. | E46: 5 | F46: 3 | G46: 4 | H46: 7 | I46: 9 | J46: 7 | K46: 5 | L46: 4 | M46: 18 | N46: 51 | O46: 3 | P46: 5 | Q46: 8 | R46: 4 | S46: =SUM(E46:R46) -> 133
B47: 2 | C47: 2. H. M. NASIM KHAN | E47: 2 | F47: 3 | G47: 4 | H47: 1 | I47: 4 | J47: 3 | K47: 2 | L47: 0 | M47: 28 | N47: 5 | O47: 4 | P47: 2 | Q47: 9 | R47: 0 | S47: =SUM(E47:R47) -> 67
B48: 3 | C48: 3. Dr. H. AKIK ZAMAN, M.Pd.I. | E48: 0 | F48: 0 | G48: 1 | H48: 0 | I48: 1 | J48: 0 | K48: 1 | L48: 0 | M48: 1 | N48: 2 | O48: 2 | P48: 0 | Q48: 0 | R48: 0 | S48: =SUM(E48:R48) -> 8
B49: 4 | C49: 4. AHMAD RIFA'I, S.H. | E49: 0 | F49: 0 | G49: 1 | H49: 0 | I49: 1 | J49: 1 | K49: 0 | L49: 1 | M49: 0 | N49: 0 | O49: 0 | P49: 0 | Q49: 1 | R49: 0 | S49: =SUM(E49:R49) -> 5
B50: 5 | C50: 5. Drs. H. MAHFUD M.N. | E50: 0 | F50: 0 | G50: 0 | H50: 0 | I50: 0 | J50: 0 | K50: 0 | L50: 0 | M50: 0 | N50: 0 | O50: 0 | P50: 0 | Q50: 0 | R50: 0 | S50: =SUM(E50:R50) -> 0
B51: 6 | C51: 6. NURHAYATI, S.Pd. | E51: 0 | F51: 0 | G51: 0 | H51: 0 | I51: 1 | J51: 0 | K51: 0 | L51: 0 | M51: 0 | N51: 0 | O51: 0 | P51: 0 | Q51: 0 | R51: 0 | S51: =SUM(E51:R51) -> 1
B52: 7 | C52: 7. MAFTUHA KISWAH | E52: 0 | F52: 1 | G52: 1 | H52: 0 | I52: 0 | J52: 0 | K52: 0 | L52: 0 | M52: 0 | N52: 0 | O52: 0 | P52: 0 | Q52: 0 | R52: 0 | S52: =SUM(E52:R52) -> 2
S53: =SUM(E53:R53) -> 0
S54: =SUM(E54:R54) -> 0
A55: B | B55: JUMLAH SUARA SAH PARTAI POLITIK DAN CALON (A1 + A2) | E55: =SUM(E45:E52) -> 10 | F55: =SUM(F45:F52) -> 11 | G55: =SUM(G45:G52) -> 15 | H55: =SUM(H45:H52) -> 9 | I55: =SUM(I45:I52) -> 19 | J55: =SUM(J45:J52) -> 15 | K55: =SUM(K45:K52) -> 9 | L55: =SUM(L45:L52) -> 10 | ... R55: =SUM(R45:R52) -> 6 | S55: =SUM(E55:R55) -> 250
A57: A.1 | B57: 2. | C57: Partai Gerakan Indonesia Raya | E57: 4 | F57: 5 | G57: 5 | H57: 5 | I57: 6 | J57: 5 | K57: 5 | L57: 7 | M57: 8 | N57: 2 | O57: 6 | P57: 7 | Q57: 6 | R57: 8 | S57: =SUM(E57:R57) -> 79
A58: A.2 | B58: 1 | C58: 1. SUMAIL ABDULLAH | E58: 3 | F58: 11 | G58: 9 | H58: 1 | I58: 6 | J58: 20 | K58: 3 | L58: 2 | M58: 5 | N58: 3 | O58: 3 | P58: 2 | Q58: 7 | R58: 7 | S58: =SUM(E58:R58) -> 82
B59: 2 | C59: 2. MUHAMMAD ALI ADRIAN SALEH | E59: 2 | F59: 13 | G59: 27 | H59: 13 | I59: 24 | J59: 35 | K59: 99 | L59: 2 | M59: 25 | N59: 71 | O59: 34 | P59: 73 | Q59: 61 | R59: 40 | S59: =SUM(E59:R59) -> 519
B60: 3 | C60: 3. DURROTUN NAFISAH | E60: 0 | F60: 1 | G60: 0 | H60: 0 | I60: 2 | J60: 1 | K60: 2 | L60: 0 | M60: 1 | N60: 0 | O60: 0 | P60: 0 | Q60: 0 | R60: 2 | S60: =SUM(E60:R60) -> 9
B61: 4 | C61: 4. H. EKO SUSILO NURHIDAYAT | E61: 1 | F61: 2 | G61: 5 | H61: 0 | I61: 4 | J61: 6 | K61: 5 | L61: 2 | M61: 20 | N61: 10 | O61: 4 | P61: 0 | Q61: 1 | R61: 1 | S61: =SUM(E61:R61) -> 61
B62: 5 | C62: 5. KARNADI HARIJANTO, S.S. | E62: 0 | F62: 0 | G62: 0 | H62: 0 | I62: 0 | J62: 0 | K62: 1 | L62: 0 | M62: 0 | N62: 1 | O62: 0 | P62: 1 | Q62: 2 | R62: 0 | S62: =SUM(E62:R62) -> 5
B63: 6 | C63: 6. NURHAYATI | E63: 0 | F63: 0 | G63: 0 | H63: 0 | I63: 0 | J63: 0 | K63: 0 | L63: 0 | M63: 0 | N63: 1 | O63: 1 | P63: 1 | Q63: 1 | R63: 0 | S63: =SUM(E63:R63) -> 4
B64: 7 | C64: 7. MASHUDI | E64: 0 | F64: 1 | G64: 1 | H64: 0 | I64: 0 | J64: 0 | K64: 6 | L64: 0 | M64: 3 | N64: 4 | O64: 3 | P64: 9 | Q64: 4 | R64: 0 | S64: =SUM(E64:R64) -> 31
S65: =SUM(E65:R65) -> 0
S66: =SUM(E66:R66) -> 0
A67: B | B67: JUMLAH SUARA SAH PARTAI POLITIK DAN CALON (A1 + A2) | E67: =SUM(E57:E64) -> 10 | F67: =SUM(F57:F64) -> 33 | G67: =SUM(G57:G64) -> 47 | H67: =SUM(H57:H64) -> 19 | I67: =SUM(I57:I64) -> 42 | J67: =SUM(J57:J64) -> 67 | K67: =SUM(K57:K64) -> 121 | L67: =SUM(L57:L64) -> 13 | ... R67: =SUM(R57:R64) -> 58 | S67: =SUM(E67:R67) -> 790
A69: A.1 | B69: 3. | C69: Partai Demokrasi Indonesia Perjuangan | E69: 8 | F69: 8 | G69: 5 | H69: 2 | I69: 7 | J69: 3 | K69: 2 | L69: 10 | M69: 3 | N69: 0 | O69: 0 | P69: 1 | Q69: 4 | R69: 20 | S69: =SUM(E69:R69) -> 73
A70: A.2 | B70: 1 | C70: 1. SONNY TRI DANAPARAMITA, S.H., M.H. | E70: 4 | F70: 12 | G70: 16 | H70: 3 | I70: 5 | J70: 3 | K70: 1 | L70: 11 | M70: 5 | N70: 9 | O70: 3 | P70: 2 | Q70: 7 | R70: 10 | S70: =SUM(E70:R70) -> 91
B71: 2 | C71: 2. H. MOHAMAD GUNTUR ROMLI | E71: 0 | F71: 1 | G71: 7 | H71: 2 | I71: 7 | J71: 4 | K71: 3 | L71: 3 | M71: 2 | N71: 3 | O71: 1 | P71: 4 | Q71: 1 | R71: 11 | S71: =SUM(E71:R71) -> 49
B72: 3 | C72: 3. INA AMMANIA | E72: 5 | F72: 4 | G72: 1 | H72: 20 | I72: 30 | J72: 55 | K72: 5 | L72: 1 | M72: 3 | N72: 4 | O72: 1 | P72: 0 | Q72: 4 | R72: 2 | S72: =SUM(E72:R72) -> 135
B73: 4 | C73: 4. IRWAN BACHTIAR RACHMAT, M.Si. | E73: 0 | F73: 0 | G73: 0 | H73: 0 | I73: 2 | J73: 0 | K73: 0 | L73: 0 | M73: 0 | N73: 1 | O73: 2 | P73: 0 | Q73: 0 | R73: 2 | S73: =SUM(E73:R73) -> 7
B74: 5 | C74: 5. LUCKY PERDANA | E74: 2 | F74: 4 | G74: 2 | H74: 17 | I74: 11 | J74: 0 | K74: 20 | L74: 1 | M74: 1 | N74: 1 | O74: 0 | P74: 0 | Q74: 3 | R74: 2 | S74: =SUM(E74:R74) -> 64
B75: 6 | C75: 6. WIWIK PUJIYATI | E75: 1 | F75: 0 | G75: 0 | H75: 0 | I75: 0 | J75: 0 | K75: 0 | L75: 0 | M75: 0 | N75: 0 | O75: 0 | P75: 0 | Q75: 1 | R75: 1 | S75: =SUM(E75:R75) -> 3
B76: 7 | C76: 7. CHANDRA ASTAN, S.T. | E76: 0 | F76: 0 | G76: 0 | H76: 0 | I76: 0 | J76: 0 | K76: 0 | L76: 0 | M76: 0 | N76: 0 | O76: 1 | P76: 0 | Q76: 0 | R76: 0 | S76: =SUM(E76:R76) -> 1
S77: =SUM(E77:R77) -> 0
S78: =SUM(E78:R78) -> 0
A79: B | B79: JUMLAH SUARA SAH PARTAI POLITIK DAN CALON (A1 + A2) | E79: =SUM(E69:E76) -> 20 | F79: =SUM(F69:F76) -> 29 | G79: =SUM(G69:G76) -> 31 | H79: =SUM(H69:H76) -> 44 | I79: =SUM(I69:I76) -> 62 | J79: =SUM(J69:J76) -> 65 | K79: =SUM(K69:K76) -> 31 | L79: =SUM(L69:L76) -> 26 | ... R79: =SUM(R69:R76) -> 48 | S79: =SUM(E79:R79) -> 423
A81: A.1 | B81: 4. | C81: Partai Golongan Karya | E81: 6 | F81: 5 | G81: 0 | H81: 3 | I81: 2 | J81: 0 | K81: 1 | L81: 6 | M81: 2 | N81: 1 | O81: 4 | P81: 3 | Q81: 5 | R81: 10 | S81: =SUM(E81:R81) -> 48
A82: A.2 | B82: 1 | C82: 1. ZULFIKAR ARSE SADIKIN, S.I.P., M.Si. | E82: 3 | F82: 16 | G82: 6 | H82: 11 | I82: 29 | J82: 10 | K82: 20 | L82: 14 | M82: 21 | N82: 6 | O82: 26 | P82: 26 | Q82: 17 | R82: 27 | S82: =SUM(E82:R82) -> 232
B83: 2 | C83: 2. HANDOKO | E83: 22 | F83: 20 | G83: 22 | H83: 8 | I83: 10 | J83: 2 | K83: 9 | L83: 32 | M83: 6 | N83: 2 | O83: 2 | P83: 2 | Q83: 1 | R83: 5 | S83: =SUM(E83:R83) -> 143
B84: 3 | C84: 3. Hj. OVI DEWI YANTI | E84: 1 | F84: 1 | G84: 0 | H84: 1 | I84: 0 | J84: 0 | K84: 0 | L84: 0 | M84: 0 | N84: 0 | O84: 0 | P84: 0 | Q84: 0 | R84: 1 | S84: =SUM(E84:R84) -> 4
B85: 4 | C85: 4. Ir. AZAM AZMAN NATAWIJANA | E85: 1 | F85: 0 | G85: 1 | H85: 1 | I85: 0 | J85: 0 | K85: 2 | L85: 0 | M85: 0 | N85: 0 | O85: 1 | P85: 1 | Q85: 8 | R85: 10 | S85: =SUM(E85:R85) -> 25
B86: 5 | C86: 5. UBAIDILLAH AMIN, S.Kom. | E86: 0 | F86: 0 | G86: 0 | H86: 0 | I86: 0 | J86: 0 | K86: 0 | L86: 0 | M86: 1 | N86: 0 | O86: 0 | P86: 0 | Q86: 1 | R86: 0 | S86: =SUM(E86:R86) -> 2
B87: 6 | C87: 6. DENNY YUNIANDARI, S.H., M.Kn. | E87: 0 | F87: 0 | G87: 0 | H87: 0 | I87: 0 | J87: 0 | K87: 0 | L87: 0 | M87: 0 | N87: 0 | O87: 0 | P87: 0 | Q87: 0 | R87: 0 | S87: =SUM(E87:R87) -> 0
B88: 7 | C88: 7. ERNADI, S.H.I. | E88: 0 | F88: 0 | G88: 1 | H88: 0 | I88: 0 | J88: 0 | K88: 0 | L88: 0 | M88: 0 | N88: 0 | O88: 0 | P88: 0 | Q88: 0 | R88: 0 | S88: =SUM(E88:R88) -> 1
S89: =SUM(E89:R89) -> 0
S90: =SUM(E90:R90) -> 0
A91: B | B91: JUMLAH SUARA SAH PARTAI POLITIK DAN CALON (A1 + A2) | E91: =SUM(E81:E88) -> 33 | F91: =SUM(F81:F88) -> 42 | G91: =SUM(G81:G88) -> 30 | H91: =SUM(H81:H88) -> 24 | I91: =SUM(I81:I88) -> 41 | J91: =SUM(J81:J88) -> 12 | K91: =SUM(K81:K88) -> 32 | L91: =SUM(L81:L88) -> 52 | ... R91: =SUM(R81:R88) -> 53 | S91: =SUM(E91:R91) -> 455
A93: A.1 | B93: 5. | C93: Partai NasDem | E93: 1 | F93: 0 | G93: 2 | H93: 0 | I93: 0 | J93: 2 | K93: 0 | L93: 2 | M93: 0 | N93: 1 | O93: 2 | P93: 3 | Q93: 0 | R93: 4 | S93: =SUM(E93:R93) -> 17
A94: A.2 | B94: 1 | C94: 1. ACH. FADIL MUZAKKI SYAH | E94: 2 | F94: 0 | G94: 2 | H94: 1 | I94: 0 | J94: 0 | K94: 2 | L94: 2 | M94: 1 | N94: 1 | O94: 0 | P94: 1 | Q94: 0 | R94: 3 | S94: =SUM(E94:R94) -> 15
B95: 2 | C95: 2. BENY | E95: 0 | F95: 2 | G95: 1 | H95: 0 | I95: 1 | J95: 3 | K95: 1 | L95: 2 | M95: 1 | N95: 0 | O95: 0 | P95: 0 | Q95: 1 | R95: 1 | S95: =SUM(E95:R95) -> 13
B96: 3 | C96: 3. VINA VERONIKA | E96: 1 | F96: 0 | G96: 1 | H96: 0 | I96: 0 | J96: 1 | K96: 1 | L96: 0 | M96: 0 | N96: 1 | O96: 0 | P96: 0 | Q96: 1 | R96: 1 | S96: =SUM(E96:R96) -> 7
B97: 4 | C97: 4. TEDDY ANUGRIANTO | E97: 2 | F97: 0 | G97: 0 | H97: 0 | I97: 0 | J97: 0 | K97: 1 | L97: 0 | M97: 0 | N97: 0 | O97: 1 | P97: 0 | Q97: 2 | R97: 3 | S97: =SUM(E97:R97) -> 9
B98: 5 | C98: 5. INSAN KAMIL | E98: 0 | F98: 0 | G98: 1 | H98: 0 | I98: 1 | J98: 0 | K98: 0 | L98: 0 | M98: 0 | N98: 0 | O98: 0 | P98: 0 | Q98: 0 | R98: 0 | S98: =SUM(E98:R98) -> 2
B99: 6 | C99: 6. LILIK LINDARWATI | E99: 0 | F99: 0 | G99: 0 | H99: 0 | I99: 1 | J99: 0 | K99: 0 | L99: 0 | M99: 0 | N99: 0 | O99: 0 | P99: 0 | Q99: 0 | R99: 0 | S99: =SUM(E99:R99) -> 1
B100: 7 | C100: 7. YULI ANITA | E100: 0 | F100: 0 | G100: 1 | H100: 0 | I100: 0 | J100: 0 | K100: 1 | L100: 1 | M100: 0 | N100: 0 | O100: 0 | P100: 1 | Q100: 1 | R100: 0 | S100: =SUM(E100:R100) -> 5
S101: =SUM(E101:R101) -> 0
S102: =SUM(E102:R102) -> 0
A103: B | B103: JUMLAH SUARA SAH PARTAI POLITIK DAN CALON (A1 + A2) | E103: =SUM(E93:E100) -> 6 | F103: =SUM(F93:F100) -> 2 | G103: =SUM(G93:G100) -> 8 | H103: =SUM(H93:H100) -> 1 | I103: =SUM(I93:I100) -> 3 | J103: =SUM(J93:J100) -> 6 | K103: =SUM(K93:K100) -> 6 | L103: =SUM(L93:L100) -> 7 | ... R103: =SUM(R93:R100) -> 12 | S103: =SUM(E103:R103) -> 69
A105: A.1 | B105: 6. | C105: Partai Buruh | E105: 0 | F105: 0 | G105: 1 | H105: 0 | I105: 0 | J105: 0 | K105: 0 | L105: 0 | M105: 0 | N105: 0 | O105: 0 | P105: 0 | Q105: 0 | R105: 0 | S105: =SUM(E105:R105) -> 1
A106: A.2 | B106: 1 | C106: 1. KHOIRUL ANAM | E106: 0 | F106: 0 | G106: 0 | H106: 0 | I106: 0 | J106: 0 | K106: 0 | L106: 0 | M106: 0 | N106: 1 | O106: 0 | P106: 1 | Q106: 0 | R106: 0 | S106: =SUM(E106:R106) -> 2
B107: 2 | C107: 2. INA KURNIA | E107: 0 | F107: 0 | G107: 0 | H107: 0 | I107: 0 | J107: 1 | K107: 2 | L107: 2 | M107: 0 | N107: 0 | O107: 0 | P107: 0 | Q107: 0 | R107: 0 | S107: =SUM(E107:R107) -> 5
B108: 3 | C108: 3. JIBRAL TAROUK | E108: 0 | F108: 0 | G108: 0 | H108: 0 | I108: 0 | J108: 0 | K108: 0 | L108: 0 | M108: 0 | N108: 0 | O108: 0 | P108: 0 | Q108: 0 | R108: 0 | S108: =SUM(E108:R108) -> 0
B109: 4 | C109: 4. ASTUTI DAENG PUJI | E109: 0 | F109: 1 | G109: 0 | H109: 0 | I109: 0 | J109: 0 | K109: 0 | L109: 0 | M109: 0 | N109: 0 | O109: 1 | P109: 0 | Q109: 0 | R109: 0 | S109: =SUM(E109:R109) -> 2
B110: 5 | C110: 5. ASDARMAWAN | E110: 0 | F110: 0 | G110: 0 | H110: 0 | I110: 0 | J110: 0 | K110: 0 | L110: 0 | M110: 0 | N110: 0 | O110: 0 | P110: 0 | Q110: 0 | R110: 0 | S110: =SUM(E110:R110) -> 0
B111: 6 | C111: 6. RIFQI MUBAROK | E111: 0 | F111: 0 | G111: 0 | H111: 0 | I111: 0 | J111: 0 | K111: 0 | L111: 0 | M111: 0 | N111: 0 | O111: 0 | P111: 0 | Q111: 0 | R111: 0 | S111: =SUM(E111:R111) -> 0
B112: 7 | C112: 7. FIRNANDA ALTA MEGA | E112: 0 | F112: 1 | G112: 0 | H112: 0 | I112: 0 | J112: 1 | K112: 0 | L112: 0 | M112: 0 | N112: 0 | O112: 0 | P112: 0 | Q112: 1 | R112: 0 | S112: =SUM(E112:R112) -> 3
S113: =SUM(E113:R113) -> 0
S114: =SUM(E114:R114) -> 0
A115: B | B115: JUMLAH SUARA SAH PARTAI POLITIK DAN CALON (A1 + A2) | E115: =SUM(E105:E112) -> 0 | F115: =SUM(F105:F112) -> 2 | G115: =SUM(G105:G112) -> 1 | H115: =SUM(H105:H112) -> 0 | I115: =SUM(I105:I112) -> 0 | J115: =SUM(J105:J112) -> 2 | K115: =SUM(K105:K112) -> 2 | L115: =SUM(L105:L112) -> 2 | ... R115: =SUM(R105:R112) -> 0 | S115: =SUM(E115:R115) -> 13
A117: A.1 | B117: 7. | C117: Partai Gelombang Rakyat Indonesia | E117: 2 | F117: 1 | G117: 1 | H117: 1 | I117: 1 | L117: 1 | M117: 1 | O117: 1 | S117: =SUM(E117:R117) -> 9
...

Sheet SEPANJANG
C2: Kecamatan | D2: GLENMORE
C3: Kabupaten | D3: BANYUWANGI
C4: Provinsi | D4: JAWA TIMUR
C9: Kelurahan | D9: SEPANJANG
A12: I | B12: DATA PEMILIH DAN PENGGUNAAN HAK PILIH | AJ12: JUMLAH AKHIR
A13: A | B13: DATA PEMILIH | E13: TPS 001 | F13: TPS 002 | G13: TPS 003 | H13: TPS 004 | I13: TPS 005 | J13: TPS 006 | K13: TPS 007 | L13: TPS 008 | M13: TPS 009 | N13: TPS 010 | O13: TPS 011 | P13: TPS 012 | Q13: TPS 013 | R13: TPS 014 | S13: TPS 015 | T13: TPS 016 | U13: TPS 017 | V13: TPS 018 | W13: TPS 019 | X13: TPS 020 | Y13: TPS 021 | Z13: TPS 022 | AA13: TPS 023 | AB13: TPS 024 | AC13: TPS 025 | AD13: TPS 026 | AE13: TPS 027 | AF13: TPS 028 | AG13: TPS 029 | AH13: TPS 030 | AI13: TPS 031
B14: Jumlah Pemilih dalam Daftar Pemilih Tetap (DPT) | D14: LK | E14: 148 | F14: 122 | G14: 150 | H14: 138 | I14: 116 | J14: 149 | K14: 118 | L14: 112 | M14: 137 | N14: 138 | O14: 106 | P14: 129 | Q14: 135 | R14: 147 | S14: 122 | T14: 136 | U14: 125 | V14: 138 | W14: 128 | X14: 146 | Y14: 110 | Z14: 102 | AA14: 121 | AB14: 122 | AC14: 116 | AD14: 128 | AE14: 125 | AF14: 134 | AG14: 117 | AH14: 139 | AI14: 152 | AJ14: =SUM(E14:AI14) -> 4006
D15: PR | E15: 143 | F15: 129 | G15: 144 | H15: 147 | I15: 116 | J15: 146 | K15: 131 | L15: 126 | M15: 158 | N15: 154 | O15: 126 | P15: 136 | Q15: 143 | R15: 144 | S15: 130 | T15: 135 | U15: 140 | V15: 122 | W15: 127 | X15: 148 | Y15: 108 | Z15: 100 | AA15: 121 | AB15: 114 | AC15: 131 | AD15: 147 | AE15: 133 | AF15: 156 | AG15: 113 | AH15: 146 | AI15: 140 | AJ15: =SUM(E15:AI15) -> 4154
D16: JML | E16: =SUM(E14:E15) -> 291 | F16: =SUM(F14:F15) -> 251 | G16: =SUM(G14:G15) -> 294 | H16: =SUM(H14:H15) -> 285 | I16: =SUM(I14:I15) -> 232 | J16: =SUM(J14:J15) -> 295 | K16: =SUM(K14:K15) -> 249 | L16: =SUM(L14:L15) -> 238 | ... AI16: =SUM(AI14:AI15) -> 292 | AJ16: =SUM(E16:AI16) -> 8160
A18: B | B18: PENGGUNA HAK PILIH
B19: 1. | C19: Jumlah pengguna hak pilih dalam Daftar Pemilih Tetap (DPT) | D19: LK | E19: 110 | F19: 89 | G19: 114 | H19: 97 | I19: 90 | J19: 113 | K19: 84 | L19: 68 | M19: 105 | N19: 100 | O19: 84 | P19: 103 | Q19: 103 | R19: 112 | S19: 91 | T19: 105 | U19: 84 | V19: 99 | W19: 94 | X19: 98 | Y19: 87 | Z19: 82 | AA19: 86 | AB19: 84 | AC19: 80 | AD19: 84 | AE19: 94 | AF19: 95 | AG19: 95 | AH19: 107 | AI19: 116 | AJ19: =SUM(E19:AI19) -> 2953
D20: PR | E20: 111 | F20: 107 | G20: 117 | H20: 118 | I20: 95 | J20: 117 | K20: 93 | L20: 97 | M20: 124 | N20: 113 | O20: 101 | P20: 110 | Q20: 111 | R20: 121 | S20: 108 | T20: 99 | U20: 99 | V20: 98 | W20: 97 | X20: 117 | Y20: 92 | Z20: 83 | AA20: 101 | AB20: 86 | AC20: 99 | AD20: 105 | AE20: 104 | AF20: 118 | AG20: 89 | AH20: 119 | AI20: 127 | AJ20: =SUM(E20:AI20) -> 3276
D21: JML | E21: =SUM(E19:E20) -> 221 | F21: =SUM(F19:F20) -> 196 | G21: =SUM(G19:G20) -> 231 | H21: =SUM(H19:H20) -> 215 | I21: =SUM(I19:I20) -> 185 | J21: =SUM(J19:J20) -> 230 | K21: =SUM(K19:K20) -> 177 | L21: =SUM(L19:L20) -> 165 | ... AI21: =SUM(AI19:AI20) -> 243 | AJ21: =SUM(E21:AI21) -> 6229
B22: 2. | C22: Jumlah pengguna hak pilih dalam Daftar Pemilih Tambahan (DPTb) | D22: LK | I22: 1 | K22: 1 | L22: 1 | O22: 1 | S22: 1 | T22: 1 | X22: 1 | AA22: 1 | AB22: 1 | AC22: 1 | AD22: 2 | AE22: 1 | AH22: 1 | AI22: 1 | AJ22: =SUM(E22:AI22) -> 15
D23: PR | E23: 1 | L23: 1 | N23: 1 | T23: 2 | V23: 1 | W23: 1 | Y23: 1 | Z23: 1 | AD23: 1 | AF23: 1 | AG23: 1 | AJ23: =SUM(E23:AI23) -> 12
D24: JML | E24: =SUM(E22:E23) -> 1 | F24: =SUM(F22:F23) -> 0 | G24: =SUM(G22:G23) -> 0 | H24: =SUM(H22:H23) -> 0 | I24: =SUM(I22:I23) -> 1 | J24: =SUM(J22:J23) -> 0 | K24: =SUM(K22:K23) -> 1 | L24: =SUM(L22:L23) -> 2 | ... AI24: =SUM(AI22:AI23) -> 1 | AJ24: =SUM(E24:AI24) -> 27
B25: 3. | C25: Jumlah pengguna hak pilih dalam Daftar Pemilih Khusus (DPK) | D25: LK | F25: 2 | H25: 1 | J25: 7 | K25: 1 | O25: 1 | Q25: 2 | S25: 2 | T25: 1 | U25: 1 | W25: 1 | AD25: 1 | AF25: 2 | AJ25: =SUM(E25:AI25) -> 22
D26: PR | H26: 1 | J26: 5 | K26: 2 | O26: 1 | Q26: 4 | S26: 5 | T26: 2 | U26: 1 | W26: 2 | AA26: 1 | AE26: 1 | AF26: 1 | AJ26: =SUM(E26:AI26) -> 26
D27: JML | E27: =SUM(E25:E26) -> 0 | F27: =SUM(F25:F26) -> 2 | G27: =SUM(G25:G26) -> 0 | H27: =SUM(H25:H26) -> 2 | I27: =SUM(I25:I26) -> 0 | J27: =SUM(J25:J26) -> 12 | K27: =SUM(K25:K26) -> 3 | L27: =SUM(L25:L26) -> 0 | ... AI27: =SUM(AI25:AI26) -> 0 | AJ27: =SUM(E27:AI27) -> 48
B28: 4. | C28: Jumlah Pengguna Hak Pilih (B.1+B.2+B.3) | D28: LK | E28: =SUM(E19,E22,E25) -> 110 | F28: =SUM(F19,F22,F25) -> 91 | G28: =SUM(G19,G22,G25) -> 114 | H28: =SUM(H19,H22,H25) -> 98 | I28: =SUM(I19,I22,I25) -> 91 | J28: =SUM(J19,J22,J25) -> 120 | K28: =SUM(K19,K22,K25) -> 86 | L28: =SUM(L19,L22,L25) -> 69 | ... AI28: =SUM(AI19,AI22,AI25) -> 117 | AJ28: =SUM(E28:AI28) -> 2990
D29: PR | E29: =SUM(E20,E23,E26) -> 112 | F29: =SUM(F20,F23,F26) -> 107 | G29: =SUM(G20,G23,G26) -> 117 | H29: =SUM(H20,H23,H26) -> 119 | I29: =SUM(I20,I23,I26) -> 95 | J29: =SUM(J20,J23,J26) -> 122 | K29: =SUM(K20,K23,K26) -> 95 | L29: =SUM(L20,L23,L26) -> 98 | ... AI29: =SUM(AI20,AI23,AI26) -> 127 | AJ29: =SUM(E29:AI29) -> 3314
D30: JML | E30: =SUM(E28:E29) -> 222 | F30: =SUM(F28:F29) -> 198 | G30: =SUM(G28:G29) -> 231 | H30: =SUM(H28:H29) -> 217 | I30: =SUM(I28:I29) -> 186 | J30: =SUM(J28:J29) -> 242 | K30: =SUM(K28:K29) -> 181 | L30: =SUM(L28:L29) -> 167 | ... AI30: =SUM(AI28:AI29) -> 244 | AJ30: =SUM(E30:AI30) -> 6304
A32: II | B32: DATA PENGGUNAAN SURAT SUARA
A33: 1 | B33: Jumlah surat suara yang diterima, termasuk surat suara cadangan 2,5% dari DPT | E33: 298 | F33: 257 | G33: 300 | H33: 291 | I33: 237 | J33: 300 | K33: 254 | L33: 243 | M33: 300 | N33: 298 | O33: 237 | P33: 271 | Q33: 284 | R33: 297 | S33: 258 | T33: 276 | U33: 272 | V33: 269 | W33: 261 | X33: 298 | Y33: 223 | Z33: 207 | AA33: 247 | AB33: 241 | AC33: 252 | AD33: 281 | AE33: 264 | AF33: 296 | AG33: 235 | AH33: 310 | AI33: 299 | AJ33: =SUM(E33:AI33) -> 8356
A34: 2 | B34: Jumlah surat suara yang digunakan | E34: 222 | F34: 198 | G34: 231 | H34: 217 | I34: 186 | J34: 242 | K34: 181 | L34: 167 | M34: 229 | N34: 214 | O34: 188 | P34: 213 | Q34: 220 | R34: 233 | S34: 207 | T34: 210 | U34: 185 | V34: 198 | W34: 195 | X34: 216 | Y34: 180 | Z34: 166 | AA34: 189 | AB34: 171 | AC34: 180 | AD34: 193 | AE34: 200 | AF34: 217 | AG34: 185 | AH34: 227 | AI34: 244 | AJ34: =SUM(E34:AI34) -> 6304
A35: 3 | B35: Jumlah surat suara dikembalikan oleh pemilih (karena rusak atau keliru coblos) | J35: 1 | AF35: 1 | AJ35: =SUM(E35:AI35) -> 2
A36: 4 | B36: Jumlah surat suara yang tidak digunakan/tidak terpakai, termasuk sisa surat suara cadangan | E36: =E33-(E34+E35) -> 76 | F36: =F33-(F34+F35) -> 59 | G36: =G33-(G34+G35) -> 69 | H36: =H33-(H34+H35) -> 74 | I36: =I33-(I34+I35) -> 51 | J36: =J33-(J34+J35) -> 57 | K36: =K33-(K34+K35) -> 73 | L36: =L33-(L34+L35) -> 76 | ... AI36: =AI33-(AI34+AI35) -> 55 | AJ36: =SUM(E36:AI36) -> 2050
A38: III | B38: DATA PEMILIH DISABILITAS
B39: Jumlah seluruh Pemilih disabilitas yang menggunakan hak pilih | D39: LK | N39: 2 | AJ39: =SUM(E39:AI39) -> 2
D40: PR | K40: 1 | L40: 1 | N40: 6 | AJ40: =SUM(E40:AI40) -> 8
D41: JML | E41: =SUM(E39:E40) -> 0 | F41: =SUM(F39:F40) -> 0 | G41: =SUM(G39:G40) -> 0 | H41: =SUM(H39:H40) -> 0 | I41: =SUM(I39:I40) -> 0 | J41: =SUM(J39:J40) -> 0 | K41: =SUM(K39:K40) -> 1 | L41: =SUM(L39:L40) -> 1 | ... AI41: =SUM(AI39:AI40) -> 0 | AJ41: =SUM(E41:AI41) -> 10
A43: IV | B43: DATA RINCIAN PEROLEHAN SUARA PASANGAN CALON BUPATI DAN WAKIL BUPATI
A44: NOMOR DAN NAMA CALON
A45: A.1 | B45: 1. | C45: Partai Kebangkitan Bangsa | E45: 9 | F45: 5 | G45: 3 | H45: 3 | I45: 2 | J45: 14 | K45: 4 | L45: 2 | M45: 4 | N45: 1 | O45: 2 | P45: 3 | Q45: 3 | R45: 3 | S45: 6 | T45: 1 | U45: 4 | V45: 2 | W45: 4 | X45: 6 | Y45: 6 | Z45: 4 | AA45: 6 | AB45: 14 | AC45: 5 | AD45: 6 | AE45: 2 | AF45: 2 | AG45: 1 | AH45: 2 | AI45: 7 | AJ45: =SUM(E45:AI45) -> 136
A46: A.2 | B46: 1 | C46: 1. Dr. Hj. NIHAYATUL WAFIROH, M.A. | E46: 14 | F46: 13 | G46: 10 | H46: 13 | I46: 13 | J46: 33 | K46: 7 | L46: 4 | M46: 13 | N46: 7 | O46: 14 | P46: 16 | Q46: 12 | R46: 21 | S46: 17 | T46: 5 | U46: 5 | V46: 6 | W46: 10 | X46: 32 | Y46: 24 | Z46: 10 | AA46: 25 | AB46: 52 | AC46: 10 | AD46: 14 | AE46: 4 | AF46: 8 | AG46: 12 | AH46: 8 | AI46: 9 | AJ46: =SUM(E46:AI46) -> 441
B47: 2 | C47: 2. H. M. NASIM KHAN | E47: 5 | F47: 4 | G47: 1 | H47: 2 | I47: 2 | J47: 2 | K47: 2 | L47: 1 | M47: 2 | N47: 4 | O47: 0 | P47: 2 | Q47: 1 | R47: 2 | S47: 1 | T47: 3 | U47: 1 | V47: 3 | W47: 0 | X47: 3 | Y47: 1 | Z47: 6 | AA47: 7 | AB47: 1 | AC47: 1 | AD47: 2 | AE47: 0 | AF47: 0 | AG47: 1 | AH47: 3 | AI47: 1 | AJ47: =SUM(E47:AI47) -> 64
B48: 3 | C48: 3. Dr. H. AKIK ZAMAN, M.Pd.I. | E48: 2 | F48: 0 | G48: 0 | H48: 2 | I48: 0 | J48: 0 | K48: 1 | L48: 0 | M48: 2 | N48: 4 | O48: 0 | P48: 1 | Q48: 0 | R48: 0 | S48: 0 | T48: 0 | U48: 0 | V48: 0 | W48: 2 | X48: 0 | Y48: 2 | Z48: 1 | AA48: 3 | AB48: 1 | AC48: 1 | AD48: 1 | AE48: 0 | AF48: 0 | AG48: 1 | AH48: 2 | AI48: 5 | AJ48: =SUM(E48:AI48) -> 31
B49: 4 | C49: 4. AHMAD RIFA'I, S.H. | E49: 1 | F49: 0 | G49: 0 | H49: 1 | I49: 1 | J49: 3 | K49: 0 | L49: 1 | M49: 1 | N49: 0 | O49: 0 | P49: 0 | Q49: 3 | R49: 3 | S49: 1 | T49: 2 | U49: 0 | V49: 1 | W49: 0 | X49: 1 | Y49: 1 | Z49: 1 | AA49: 1 | AB49: 1 | AC49: 0 | AD49: 2 | AE49: 0 | AF49: 1 | AG49: 0 | AH49: 0 | AJ49: =SUM(E49:AI49) -> 26
B50: 5 | C50: 5. Drs. H. MAHFUD M.N. | E50: 1 | F50: 0 | G50: 0 | H50: 1 | I50: 0 | J50: 1 | K50: 0 | L50: 0 | M50: 0 | N50: 1 | O50: 1 | P50: 0 | Q50: 0 | R50: 1 | S50: 0 | T50: 1 | U50: 1 | V50: 0 | W50: 0 | X50: 0 | Y50: 0 | Z50: 2 | AA50: 0 | AB50: 1 | AC50: 0 | AD50: 0 | AE50: 0 | AF50: 0 | AG50: 0 | AH50: 0 | AJ50: =SUM(E50:AI50) -> 11
B51: 6 | C51: 6. NURHAYATI, S.Pd. | E51: 0 | F51: 0 | G51: 0 | H51: 0 | I51: 0 | J51: 0 | K51: 1 | L51: 0 | M51: 0 | N51: 0 | O51: 0 | P51: 0 | Q51: 0 | R51: 0 | S51: 0 | T51: 0 | U51: 0 | V51: 1 | W51: 0 | X51: 0 | Y51: 0 | Z51: 0 | AA51: 0 | AB51: 0 | AC51: 0 | AD51: 1 | AE51: 1 | AF51: 0 | AG51: 0 | AH51: 0 | AJ51: =SUM(E51:AI51) -> 4
B52: 7 | C52: 7. MAFTUHA KISWAH | E52: 0 | F52: 0 | G52: 0 | H52: 0 | I52: 0 | J52: 0 | K52: 0 | L52: 0 | M52: 1 | N52: 0 | O52: 0 | P52: 0 | Q52: 0 | R52: 0 | S52: 0 | T52: 0 | U52: 0 | V52: 0 | W52: 0 | X52: 0 | Y52: 0 | Z52: 0 | AA52: 1 | AB52: 0 | AC52: 0 | AD52: 0 | AE52: 0 | AF52: 0 | AG52: 0 | AH52: 0 | AJ52: =SUM(E52:AI52) -> 2
AJ53: =SUM(E53:AI53) -> 0
AJ54: =SUM(E54:AI54) -> 0
A55: B | B55: JUMLAH SUARA SAH PARTAI POLITIK DAN CALON (A1 + A2) | E55: =SUM(E45:E52) -> 32 | F55: =SUM(F45:F52) -> 22 | G55: =SUM(G45:G52) -> 14 | H55: =SUM(H45:H52) -> 22 | I55: =SUM(I45:I52) -> 18 | J55: =SUM(J45:J52) -> 53 | K55: =SUM(K45:K52) -> 15 | L55: =SUM(L45:L52) -> 8 | ... AI55: =SUM(AI45:AI52) -> 22 | AJ55: =SUM(E55:AI55) -> 715
A57: A.1 | B57: 2. | C57: Partai Gerakan Indonesia Raya | E57: 4 | F57: 8 | G57: 14 | H57: 14 | I57: 6 | J57: 12 | K57: 7 | L57: 6 | M57: 20 | N57: 5 | O57: 5 | P57: 8 | Q57: 5 | R57: 10 | S57: 8 | T57: 8 | U57: 14 | V57: 8 | W57: 10 | X57: 11 | Y57: 8 | Z57: 7 | AA57: 10 | AB57: 9 | AC57: 11 | AD57: 4 | AE57: 18 | AF57: 10 | AG57: 6 | AH57: 7 | AI57: 4 | AJ57: =SUM(E57:AI57) -> 277
A58: A.2 | B58: 1 | C58: 1. SUMAIL ABDULLAH | E58: 45 | F58: 53 | G58: 107 | H58: 53 | I58: 59 | J58: 45 | K58: 39 | L58: 29 | M58: 44 | N58: 59 | O58: 34 | P58: 59 | Q58: 71 | R58: 41 | S58: 18 | T58: 30 | U58: 16 | V58: 108 | W58: 49 | X58: 40 | Y58: 75 | Z58: 16 | AA58: 39 | AB58: 12 | AC58: 59 | AD58: 58 | AE58: 71 | AF58: 45 | AG58: 58 | AH58: 47 | AI58: 112 | AJ58: =SUM(E58:AI58) -> 1591
B59: 2 | C59: 2. MUHAMMAD ALI ADRIAN SALEH | E59: 2 | F59: 5 | G59: 2 | H59: 5 | I59: 6 | J59: 4 | K59: 1 | L59: 2 | M59: 3 | N59: 5 | O59: 2 | P59: 1 | Q59: 1 | R59: 6 | S59: 3 | T59: 5 | U59: 4 | V59: 0 | W59: 1 | X59: 2 | Y59: 0 | Z59: 3 | AA59: 2 | AB59: 1 | AC59: 1 | AD59: 4 | AE59: 3 | AF59: 2 | AG59: 4 | AH59: 3 | AI59: 3 | AJ59: =SUM(E59:AI59) -> 86
B60: 3 | C60: 3. DURROTUN NAFISAH | E60: 1 | F60: 1 | G60: 0 | H60: 1 | I60: 0 | J60: 0 | K60: 1 | L60: 1 | M60: 0 | N60: 0 | O60: 0 | P60: 3 | Q60: 2 | R60: 0 | S60: 2 | T60: 1 | U60: 0 | V60: 0 | W60: 1 | X60: 0 | Y60: 0 | Z60: 2 | AA60: 1 | AB60: 2 | AC60: 0 | AD60: 1 | AE60: 2 | AF60: 1 | AG60: 1 | AH60: 1 | AI60: 2 | AJ60: =SUM(E60:AI60) -> 27
B61: 4 | C61: 4. H. EKO SUSILO NURHIDAYAT | E61: 3 | F61: 1 | G61: 3 | H61: 1 | I61: 3 | J61: 3 | K61: 3 | L61: 6 | M61: 6 | N61: 0 | O61: 1 | P61: 4 | Q61: 2 | R61: 3 | S61: 1 | T61: 3 | U61: 2 | V61: 3 | W61: 1 | X61: 3 | Y61: 5 | Z61: 0 | AA61: 0 | AB61: 0 | AC61: 4 | AD61: 3 | AE61: 4 | AF61: 1 | AG61: 0 | AH61: 11 | AI61: 1 | AJ61: =SUM(E61:AI61) -> 81
B62: 5 | C62: 5. KARNADI HARIJANTO, S.S. | E62: 1 | F62: 0 | G62: 0 | H62: 0 | I62: 1 | J62: 0 | K62: 0 | L62: 2 | M62: 0 | N62: 0 | O62: 1 | P62: 1 | Q62: 4 | R62: 0 | S62: 1 | T62: 1 | U62: 1 | V62: 0 | W62: 0 | X62: 5 | Y62: 1 | Z62: 2 | AA62: 0 | AB62: 0 | AC62: 0 | AD62: 0 | AE62: 1 | AF62: 2 | AG62: 2 | AH62: 0 | AI62: 1 | AJ62: =SUM(E62:AI62) -> 27
B63: 6 | C63: 6. NURHAYATI | E63: 1 | F63: 1 | G63: 0 | H63: 0 | I63: 1 | J63: 0 | K63: 0 | L63: 0 | M63: 0 | N63: 1 | O63: 1 | P63: 1 | Q63: 1 | R63: 0 | S63: 0 | T63: 4 | U63: 0 | V63: 0 | W63: 0 | X63: 1 | Y63: 0 | Z63: 0 | AA63: 0 | AB63: 1 | AC63: 0 | AD63: 1 | AE63: 0 | AF63: 0 | AG63: 0 | AH63: 0 | AI63: 1 | AJ63: =SUM(E63:AI63) -> 15
B64: 7 | C64: 7. MASHUDI | E64: 1 | F64: 0 | G64: 0 | H64: 0 | I64: 4 | J64: 0 | K64: 0 | L64: 1 | M64: 1 | N64: 0 | O64: 1 | P64: 4 | Q64: 1 | R64: 1 | S64: 1 | T64: 0 | U64: 4 | V64: 0 | W64: 3 | X64: 0 | Y64: 0 | Z64: 0 | AA64: 4 | AB64: 0 | AC64: 0 | AD64: 1 | AE64: 2 | AF64: 0 | AG64: 0 | AH64: 0 | AI64: 2 | AJ64: =SUM(E64:AI64) -> 31
AJ65: =SUM(E65:AI65) -> 0
AJ66: =SUM(E66:AI66) -> 0
A67: B | B67: JUMLAH SUARA SAH PARTAI POLITIK DAN CALON (A1 + A2) | E67: =SUM(E57:E64) -> 58 | F67: =SUM(F57:F64) -> 69 | G67: =SUM(G57:G64) -> 126 | H67: =SUM(H57:H64) -> 74 | I67: =SUM(I57:I64) -> 80 | J67: =SUM(J57:J64) -> 64 | K67: =SUM(K57:K64) -> 51 | L67: =SUM(L57:L64) -> 47 | ... AI67: =SUM(AI57:AI64) -> 126 | AJ67: =SUM(E67:AI67) -> 2135
A69: A.1 | B69: 3. | C69: Partai Demokrasi Indonesia Perjuangan | E69: 2 | F69: 6 | G69: 6 | H69: 6 | I69: 4 | J69: 4 | K69: 2 | L69: 2 | M69: 3 | N69: 4 | O69: 7 | P69: 2 | Q69: 7 | R69: 2 | S69: 6 | T69: 3 | U69: 7 | V69: 3 | W69: 3 | X69: 4 | Y69: 0 | Z69: 6 | AA69: 2 | AB69: 5 | AC69: 6 | AD69: 4 | AE69: 4 | AF69: 3 | AG69: 5 | AH69: 9 | AI69: 7 | AJ69: =SUM(E69:AI69) -> 134
A70: A.2 | B70: 1 | C70: 1. SONNY TRI DANAPARAMITA, S.H., M.H. | E70: 1 | F70: 3 | G70: 4 | H70: 7 | I70: 2 | J70: 2 | K70: 8 | L70: 4 | M70: 3 | N70: 9 | O70: 5 | P70: 2 | Q70: 2 | R70: 3 | S70: 8 | T70: 4 | U70: 6 | V70: 1 | W70: 7 | X70: 5 | Y70: 1 | Z70: 3 | AA70: 4 | AB70: 3 | AC70: 5 | AD70: 4 | AE70: 0 | AF70: 6 | AG70: 5 | AH70: 7 | AI70: 19 | AJ70: =SUM(E70:AI70) -> 143
B71: 2 | C71: 2. H. MOHAMAD GUNTUR ROMLI | E71: 0 | F71: 3 | G71: 1 | H71: 3 | I71: 4 | J71: 5 | K71: 2 | L71: 3 | M71: 2 | N71: 0 | O71: 2 | P71: 0 | Q71: 1 | R71: 1 | S71: 1 | T71: 1 | U71: 1 | V71: 2 | W71: 3 | X71: 3 | Y71: 1 | Z71: 2 | AA71: 3 | AB71: 3 | AC71: 5 | AD71: 2 | AE71: 0 | AF71: 5 | AG71: 2 | AH71: 0 | AI71: 3 | AJ71: =SUM(E71:AI71) -> 64
B72: 3 | C72: 3. INA AMMANIA | E72: 0 | F72: 0 | G72: 1 | H72: 2 | I72: 1 | J72: 1 | K72: 1 | L72: 4 | M72: 2 | N72: 0 | O72: 14 | P72: 12 | Q72: 22 | R72: 0 | S72: 3 | T72: 0 | U72: 2 | V72: 1 | W72: 2 | X72: 3 | Y72: 1 | Z72: 0 | AA72: 5 | AB72: 0 | AC72: 17 | AD72: 2 | AE72: 2 | AF72: 1 | AG72: 0 | AH72: 74 | AI72: 7 | AJ72: =SUM(E72:AI72) -> 180
B73: 4 | C73: 4. IRWAN BACHTIAR RACHMAT, M.Si. | E73: 0 | F73: 0 | G73: 0 | H73: 2 | I73: 2 | J73: 0 | K73: 1 | L73: 0 | M73: 0 | N73: 0 | O73: 0 | P73: 0 | Q73: 0 | R73: 0 | S73: 1 | T73: 0 | U73: 1 | V73: 2 | W73: 0 | X73: 0 | Y73: 0 | Z73: 0 | AA73: 0 | AB73: 0 | AC73: 1 | AD73: 0 | AE73: 1 | AF73: 0 | AG73: 1 | AH73: 0 | AJ73: =SUM(E73:AI73) -> 12
B74: 5 | C74: 5. LUCKY PERDANA | E74: 0 | F74: 8 | G74: 2 | H74: 3 | I74: 4 | J74: 0 | K74: 2 | L74: 2 | M74: 4 | N74: 3 | O74: 2 | P74: 1 | Q74: 0 | R74: 4 | S74: 2 | T74: 2 | U74: 4 | V74: 1 | W74: 4 | X74: 3 | Y74: 0 | Z74: 1 | AA74: 0 | AB74: 0 | AC74: 5 | AD74: 0 | AE74: 2 | AF74: 4 | AG74: 2 | AH74: 2 | AI74: 1 | AJ74: =SUM(E74:AI74) -> 68
B75: 6 | C75: 6. WIWIK PUJIYATI | E75: 1 | F75: 0 | G75: 1 | H75: 1 | I75: 0 | J75: 0 | K75: 0 | L75: 1 | M75: 0 | N75: 0 | O75: 2 | P75: 2 | Q75: 0 | R75: 0 | S75: 1 | T75: 0 | U75: 0 | V75: 0 | W75: 0 | X75: 0 | Y75: 0 | Z75: 1 | AA75: 1 | AB75: 1 | AC75: 0 | AD75: 0 | AE75: 0 | AF75: 1 | AG75: 0 | AH75: 0 | AJ75: =SUM(E75:AI75) -> 13
B76: 7 | C76: 7. CHANDRA ASTAN, S.T. | E76: 0 | F76: 0 | G76: 0 | H76: 1 | I76: 0 | J76: 0 | K76: 0 | L76: 0 | M76: 0 | N76: 0 | O76: 1 | P76: 0 | Q76: 1 | R76: 0 | S76: 0 | T76: 4 | U76: 0 | V76: 0 | W76: 0 | X76: 0 | Y76: 0 | Z76: 0 | AA76: 0 | AB76: 1 | AC76: 1 | AD76: 0 | AE76: 0 | AF76: 0 | AG76: 0 | AH76: 1 | AJ76: =SUM(E76:AI76) -> 10
AJ77: =SUM(E77:AI77) -> 0
AJ78: =SUM(E78:AI78) -> 0
A79: B | B79: JUMLAH SUARA SAH PARTAI POLITIK DAN CALON (A1 + A2) | E79: =SUM(E69:E76) -> 4 | F79: =SUM(F69:F76) -> 20 | G79: =SUM(G69:G76) -> 15 | H79: =SUM(H69:H76) -> 25 | I79: =SUM(I69:I76) -> 17 | J79: =SUM(J69:J76) -> 12 | K79: =SUM(K69:K76) -> 16 | L79: =SUM(L69:L76) -> 16 | ... AI79: =SUM(AI69:AI76) -> 37 | AJ79: =SUM(E79:AI79) -> 624
A81: A.1 | B81: 4. | C81: Partai Golongan Karya | E81: 7 | F81: 4 | G81: 4 | H81: 4 | I81: 0 | J81: 12 | K81: 5 | L81: 2 | M81: 4 | N81: 5 | O81: 4 | P81: 7 | Q81: 1 | R81: 4 | S81: 6 | T81: 1 | U81: 4 | V81: 4 | W81: 4 | X81: 4 | Y81: 14 | Z81: 7 | AA81: 5 | AB81: 4 | AC81: 3 | AD81: 3 | AE81: 1 | AF81: 3 | AG81: 2 | AH81: 3 | AI81: 5 | AJ81: =SUM(E81:AI81) -> 136
A82: A.2 | B82: 1 | C82: 1. ZULFIKAR ARSE SADIKIN, S.I.P., M.Si. | E82: 20 | F82: 7 | G82: 11 | H82: 4 | I82: 2 | J82: 21 | K82: 22 | L82: 15 | M82: 25 | N82: 5 | O82: 10 | P82: 10 | Q82: 4 | R82: 8 | S82: 27 | T82: 11 | U82: 5 | V82: 13 | W82: 14 | X82: 16 | Y82: 6 | Z82: 12 | AA82: 9 | AB82: 3 | AC82: 0 | AD82: 11 | AE82: 8 | AF82: 25 | AG82: 8 | AH82: 6 | AI82: 3 | AJ82: =SUM(E82:AI82) -> 341
B83: 2 | C83: 2. HANDOKO | E83: 8 | F83: 4 | G83: 3 | H83: 1 | I83: 4 | J83: 4 | K83: 3 | L83: 3 | M83: 4 | N83: 9 | O83: 9 | P83: 12 | Q83: 4 | R83: 1 | S83: 12 | T83: 3 | U83: 6 | V83: 4 | W83: 7 | X83: 2 | Y83: 6 | Z83: 18 | AA83: 12 | AB83: 6 | AC83: 0 | AD83: 2 | AE83: 3 | AF83: 0 | AG83: 7 | AH83: 1 | AI83: 4 | AJ83: =SUM(E83:AI83) -> 162
B84: 3 | C84: 3. Hj. OVI DEWI YANTI | E84: 2 | F84: 0 | G84: 1 | H84: 2 | I84: 0 | J84: 4 | K84: 0 | L84: 0 | M84: 0 | N84: 0 | O84: 0 | P84: 0 | Q84: 0 | R84: 2 | S84: 3 | T84: 1 | U84: 1 | V84: 0 | W84: 3 | X84: 2 | Y84: 1 | Z84: 1 | AA84: 0 | AB84: 1 | AC84: 0 | AD84: 1 | AE84: 0 | AF84: 2 | AG84: 0 | AH84: 1 | AJ84: =SUM(E84:AI84) -> 28
B85: 4 | C85: 4. Ir. AZAM AZMAN NATAWIJANA | E85: 1 | F85: 0 | G85: 0 | H85: 0 | I85: 1 | J85: 4 | K85: 0 | L85: 0 | M85: 4 | N85: 2 | O85: 0 | P85: 0 | Q85: 4 | R85: 1 | S85: 0 | T85: 1 | U85: 1 | V85: 0 | W85: 0 | X85: 0 | Y85: 0 | Z85: 0 | AA85: 0 | AB85: 1 | AC85: 1 | AD85: 0 | AE85: 2 | AF85: 2 | AG85: 2 | AH85: 0 | AI85: 1 | AJ85: =SUM(E85:AI85) -> 28
B86: 5 | C86: 5. UBAIDILLAH AMIN, S.Kom. | E86: 2 | F86: 1 | G86: 0 | H86: 0 | I86: 0 | J86: 1 | K86: 3 | L86: 2 | M86: 5 | N86: 2 | O86: 5 | P86: 1 | Q86: 0 | R86: 0 | S86: 1 | T86: 2 | U86: 3 | V86: 0 | W86: 2 | X86: 2 | Y86: 0 | Z86: 1 | AA86: 7 | AB86: 2 | AC86: 0 | AD86: 1 | AE86: 2 | AF86: 0 | AG86: 4 | AH86: 1 | AJ86: =SUM(E86:AI86) -> 50
B87: 6 | C87: 6. DENNY YUNIANDARI, S.H., M.Kn. | E87: 0 | F87: 0 | G87: 0 | H87: 0 | I87: 0 | J87: 1 | K87: 0 | L87: 0 | M87: 0 | N87: 0 | O87: 1 | P87: 0 | Q87: 0 | R87: 1 | S87: 0 | T87: 0 | U87: 0 | V87: 0 | W87: 0 | X87: 0 | Y87: 0 | Z87: 0 | AA87: 0 | AB87: 0 | AC87: 0 | AD87: 0 | AE87: 0 | AF87: 1 | AG87: 0 | AH87: 0 | AJ87: =SUM(E87:AI87) -> 4
B88: 7 | C88: 7. ERNADI, S.H.I. | E88: 0 | F88: 0 | G88: 0 | H88: 0 | I88: 0 | J88: 0 | K88: 0 | L88: 0 | M88: 0 | N88: 0 | O88: 0 | P88: 0 | Q88: 2 | R88: 0 | S88: 0 | T88: 0 | U88: 0 | V88: 0 | W88: 0 | X88: 0 | Y88: 0 | Z88: 0 | AA88: 0 | AB88: 0 | AC88: 0 | AD88: 0 | AE88: 0 | AF88: 0 | AG88: 0 | AH88: 0 | AJ88: =SUM(E88:AI88) -> 2
AJ89: =SUM(E89:AI89) -> 0
AJ90: =SUM(E90:AI90) -> 0
A91: B | B91: JUMLAH SUARA SAH PARTAI POLITIK DAN CALON (A1 + A2) | E91: =SUM(E81:E88) -> 40 | F91: =SUM(F81:F88) -> 16 | G91: =SUM(G81:G88) -> 19 | H91: =SUM(H81:H88) -> 11 | I91: =SUM(I81:I88) -> 7 | J91: =SUM(J81:J88) -> 47 | K91: =SUM(K81:K88) -> 33 | L91: =SUM(L81:L88) -> 22 | ... AI91: =SUM(AI81:AI88) -> 13 | AJ91: =SUM(E91:AI91) -> 751
A93: A.1 | B93: 5. | C93: Partai NasDem | E93: 3 | F93: 1 | G93: 1 | H93: 4 | I93: 0 | J93: 2 | K93: 3 | L93: 0 | M93: 3 | N93: 1 | O93: 2 | P93: 1 | Q93: 3 | R93: 2 | S93: 4 | T93: 5 | V93: 1 | W93: 2 | X93: 2 | Z93: 2 | AA93: 2 | AD93: 1 | AG93: 1 | AI93: 1 | AJ93: =SUM(E93:AI93) -> 47
A94: A.2 | B94: 1 | C94: 1. ACH. FADIL MUZAKKI SYAH | E94: 4 | F94: 5 | G94: 2 | H94: 2 | I94: 4 | J94: 2 | K94: 3 | L94: 5 | M94: 2 | N94: 7 | O94: 1 | P94: 1 | Q94: 6 | R94: 27 | S94: 5 | T94: 13 | U94: 4 | V94: 1 | W94: 1 | X94: 1 | Z94: 1 | AA94: 1 | AB94: 1 | AC94: 1 | AD94: 2 | AE94: 5 | AF94: 6 | AG94: 2 | AI94: 2 | AJ94: =SUM(E94:AI94) -> 117
B95: 2 | C95: 2. BENY | E95: 0 | F95: 2 | G95: 0 | H95: 0 | I95: 1 | J95: 0 | K95: 4 | L95: 2 | M95: 0 | N95: 7 | O95: 2 | P95: 4 | Q95: 6 | R95: 6 | S95: 7 | T95: 3 | U95: 5 | V95: 0 | W95: 4 | X95: 1 | Y95: 0 | Z95: 1 | AA95: 0 | AB95: 0 | AC95: 0 | AD95: 0 | AE95: 0 | AF95: 9 | AG95: 0 | AH95: 2 | AJ95: =SUM(E95:AI95) -> 66
B96: 3 | C96: 3. VINA VERONIKA | E96: 1 | F96: 0 | G96: 1 | H96: 0 | I96: 0 | J96: 0 | K96: 1 | L96: 0 | M96: 0 | N96: 0 | O96: 1 | P96: 0 | Q96: 0 | R96: 1 | S96: 0 | T96: 0 | U96: 0 | V96: 0 | W96: 1 | X96: 0 | Y96: 0 | Z96: 0 | AA96: 1 | AB96: 0 | AC96: 0 | AD96: 0 | AE96: 0 | AF96: 1 | AG96: 0 | AH96: 0 | AJ96: =SUM(E96:AI96) -> 8
B97: 4 | C97: 4. TEDDY ANUGRIANTO | E97: 2 | F97: 1 | G97: 0 | H97: 0 | I97: 0 | J97: 0 | K97: 1 | L97: 2 | M97: 0 | N97: 3 | O97: 2 | P97: 2 | Q97: 1 | R97: 0 | S97: 1 | T97: 3 | U97: 1 | V97: 2 | W97: 0 | X97: 1 | Y97: 0 | Z97: 0 | AA97: 0 | AB97: 0 | AC97: 0 | AD97: 2 | AE97: 2 | AF97: 1 | AG97: 4 | AH97: 0 | AJ97: =SUM(E97:AI97) -> 31
B98: 5 | C98: 5. INSAN KAMIL | E98: 1 | F98: 0 | G98: 0 | H98: 0 | I98: 0 | J98: 1 | K98: 2 | L98: 2 | M98: 1 | N98: 0 | O98: 0 | P98: 0 | Q98: 0 | R98: 1 | S98: 0 | T98: 3 | U98: 0 | V98: 0 | W98: 0 | X98: 0 | Y98: 0 | Z98: 0 | AA98: 0 | AB98: 0 | AC98: 0 | AD98: 1 | AE98: 0 | AF98: 1 | AG98: 1 | AH98: 0 | AJ98: =SUM(E98:AI98) -> 14
B99: 6 | C99: 6. LILIK LINDARWATI | E99: 0 | F99: 0 | G99: 0 | H99: 0 | I99: 1 | J99: 0 | K99: 2 | L99: 0 | M99: 0 | N99: 0 | O99: 0 | P99: 0 | Q99: 0 | R99: 1 | S99: 0 | T99: 0 | U99: 0 | V99: 0 | W99: 0 | X99: 0 | Y99: 0 | Z99: 0 | AA99: 0 | AB99: 0 | AC99: 0 | AD99: 0 | AE99: 0 | AF99: 1 | AG99: 1 | AH99: 0 | AJ99: =SUM(E99:AI99) -> 6
B100: 7 | C100: 7. YULI ANITA | E100: 0 | F100: 0 | G100: 0 | H100: 0 | I100: 0 | J100: 0 | K100: 3 | L100: 0 | M100: 0 | N100: 0 | O100: 0 | P100: 1 | Q100: 0 | R100: 1 | S100: 0 | T100: 2 | U100: 0 | V100: 0 | W100: 0 | X100: 1 | Y100: 0 | Z100: 0 | AA100: 1 | AB100: 0 | AC100: 0 | AD100: 0 | AE100: 0 | AF100: 0 | AG100: 0 | AH100: 0 | AI100: 1 | AJ100: =SUM(E100:AI100) -> 10
AJ101: =SUM(E101:AI101) -> 0
AJ102: =SUM(E102:AI102) -> 0
A103: B | B103: JUMLAH SUARA SAH PARTAI POLITIK DAN CALON (A1 + A2) | E103: =SUM(E93:E100) -> 11 | F103: =SUM(F93:F100) -> 9 | G103: =SUM(G93:G100) -> 4 | H103: =SUM(H93:H100) -> 6 | I103: =SUM(I93:I100) -> 6 | J103: =SUM(J93:J100) -> 5 | K103: =SUM(K93:K100) -> 19 | L103: =SUM(L93:L100) -> 11 | ... AI103: =SUM(AI93:AI100) -> 4 | AJ103: =SUM(E103:AI103) -> 299
A105: A.1 | B105: 6. | C105: Partai Buruh | E105: 0 | F105: 0 | G105: 0 | H105: 1 | I105: 0 | J105: 0 | K105: 0 | L105: 0 | M105: 0 | N105: 0 | O105: 0 | P105: 0 | Q105: 0 | R105: 0 | S105: 1 | T105: 0 | U105: 1 | V105: 0 | W105: 0 | X105: 0 | Y105: 0 | Z105: 0 | AA105: 0 | AB105: 1 | AC105: 0 | AD105: 0 | AE105: 0 | AF105: 0 | AG105: 0 | AH105: 1 | AI105: 0 | AJ105: =SUM(E105:AI105) -> 5
A106: A.2 | B106: 1 | C106: 1. KHOIRUL ANAM | E106: 0 | F106: 0 | G106: 1 | H106: 0 | I106: 0 | J106: 0 | K106: 1 | L106: 0 | M106: 0 | N106: 0 | O106: 0 | P106: 0 | Q106: 1 | R106: 0 | S106: 0 | T106: 0 | U106: 0 | V106: 0 | W106: 1 | X106: 0 | Y106: 0 | Z106: 0 | AA106: 0 | AB106: 0 | AC106: 1 | AD106: 0 | AE106: 0 | AF106: 0 | AG106: 0 | AH106: 0 | AI106: 0 | AJ106: =SUM(E106:AI106) -> 5
B107: 2 | C107: 2. INA KURNIA | E107: 0 | F107: 0 | G107: 0 | H107: 0 | I107: 0 | J107: 0 | K107: 0 | L107: 0 | M107: 0 | N107: 0 | O107: 0 | P107: 0 | Q107: 0 | R107: 0 | S107: 0 | T107: 1 | U107: 0 | V107: 0 | W107: 0 | X107: 0 | Y107: 0 | Z107: 0 | AA107: 0 | AB107: 0 | AC107: 0 | AD107: 0 | AE107: 1 | AF107: 0 | AG107: 0 | AH107: 0 | AI107: 0 | AJ107: =SUM(E107:AI107) -> 2
B108: 3 | C108: 3. JIBRAL TAROUK | E108: 0 | F108: 0 | G108: 0 | H108: 0 | I108: 1 | J108: 0 | K108: 0 | L108: 0 | M108: 0 | N108: 0 | O108: 0 | P108: 0 | Q108: 0 | R108: 1 | S108: 0 | T108: 0 | U108: 0 | V108: 0 | W108: 0 | X108: 0 | Y108: 0 | Z108: 0 | AA108: 0 | AB108: 0 | AC108: 0 | AD108: 0 | AE108: 0 | AF108: 0 | AG108: 0 | AH108: 0 | AI108: 0 | AJ108: =SUM(E108:AI108) -> 2
B109: 4 | C109: 4. ASTUTI DAENG PUJI | E109: 0 | F109: 0 | G109: 0 | H109: 0 | I109: 0 | J109: 0 | K109: 1 | L109: 0 | M109: 0 | N109: 0 | O109: 0 | P109: 0 | Q109: 0 | R109: 0 | S109: 0 | T109: 0 | U109: 0 | V109: 0 | W109: 0 | X109: 0 | Y109: 0 | Z109: 0 | AA109: 0 | AB109: 0 | AC109: 0 | AD109: 0 | AE109: 0 | AF109: 0 | AG109: 0 | AH109: 0 | AI109: 0 | AJ109: =SUM(E109:AI109) -> 1
B110: 5 | C110: 5. ASDARMAWAN | E110: 0 | F110: 0 | G110: 0 | H110: 0 | I110: 0 | J110: 0 | K110: 0 | L110: 0 | M110: 0 | N110: 0 | O110: 0 | P110: 1 | Q110: 0 | R110: 0 | S110: 1 | T110: 0 | U110: 0 | V110: 0 | W110: 0 | X110: 0 | Y110: 0 | Z110: 0 | AA110: 0 | AB110: 0 | AC110: 0 | AD110: 0 | AE110: 0 | AF110: 0 | AG110: 1 | AH110: 0 | AI110: 0 | AJ110: =SUM(E110:AI110) -> 3
B111: 6 | C111: 6. RIFQI MUBAROK | E111: 0 | F111: 0 | G111: 0 | H111: 0 | I111: 0 | J111: 0 | K111: 0 | L111: 0 | M111: 0 | N111: 0 | O111: 1 | P111: 1 | Q111: 0 | R111: 1 | S111: 0 | T111: 0 | U111: 0 | V111: 0 | W111: 0 | X111: 0 | Y111: 0 | Z111: 0 | AA111: 0 | AB111: 0 | AC111: 0 | AD111: 0 | AE111: 0 | AF111: 0 | AG111: 0 | AH111: 0 | AI111: 0 | AJ111: =SUM(E111:AI111) -> 3
B112: 7 | C112: 7. FIRNANDA ALTA MEGA | E112: 0 | F112: 0 | G112: 0 | H112: 0 | I112: 0 | J112: 0 | K112: 0 | L112: 0 | M112: 0 | N112: 0 | O112: 0 | P112: 0 | Q112: 0 | R112: 0 | S112: 0 | T112: 0 | U112: 0 | V112: 0 | W112: 0 | X112: 0 | Y112: 0 | Z112: 0 | AA112: 0 | AB112: 0 | AC112: 0 | AD112: 0 | AE112: 0 | AF112: 0 | AG112: 0 | AH112: 0 | AI112: 0 | AJ112: =SUM(E112:AI112) -> 0
AJ113: =SUM(E113:AI113) -> 0
AJ114: =SUM(E114:AI114) -> 0
A115: B | B115: JUMLAH SUARA SAH PARTAI POLITIK DAN CALON (A1 + A2) | E115: =SUM(E105:E112) -> 0 | F115: =SUM(F105:F112) -> 0 | G115: =SUM(G105:G112) -> 1 | H115: =SUM(H105:H112) -> 1 | I115: =SUM(I105:I112) -> 1 | J115: =SUM(J105:J112) -> 0 | K115: =SUM(K105:K112) -> 2 | L115: =SUM(L105:L112) -> 0 | ... AI115: =SUM(AI105:AI112) -> 0 | AJ115: =SUM(E115:AI115) -> 21
A117: A.1 | B117: 7. | C117: Partai Gelombang Rakyat Indonesia | E117: 1 | F117: 0 | G117: 0 | H117: 3 | I117: 0 | J117: 1 | K117: 0 | L117: 1 | M117: 2 | N117: 4 | O117: 2 | P117: 1 | Q117: 0 | R117: 1 | S117: 0 | U117: 1 | W117: 1 | X117: 1 | Z117: 1 | AA117: 1 | AG117: 1 | AH117: 1 | AJ117: =SUM(E117:AI117) -> 23
...

Sheet SUMBERGONDO
C2: Kecamatan | D2: GLENMORE
C3: Kabupaten | D3: BANYUWANGI
C4: Provinsi | D4: JAWA TIMUR
C9: Kelurahan | D9: SUMBERGONDO
A12: I | B12: DATA PEMILIH DAN PENGGUNAAN HAK PILIH | AB12: JUMLAH AKHIR
A13: A | B13: DATA PEMILIH | E13: TPS 001 | F13: TPS 002 | G13: TPS 003 | H13: TPS 004 | I13: TPS 005 | J13: TPS 006 | K13: TPS 007 | L13: TPS 008 | M13: TPS 009 | N13: TPS 010 | O13: TPS 011 | P13: TPS 012 | Q13: TPS 013 | R13: TPS 014 | S13: TPS 015 | T13: TPS 016 | U13: TPS 017 | V13: TPS 018 | W13: TPS 019 | X13: TPS 020 | Y13: TPS 021 | Z13: TPS 022 | AA13: TPS 023
B14: Jumlah Pemilih dalam Daftar Pemilih Tetap (DPT) | D14: LK | E14: 126 | F14: 129 | G14: 134 | H14: 125 | I14: 79 | J14: 90 | K14: 102 | L14: 83 | M14: 154 | N14: 128 | O14: 152 | P14: 134 | Q14: 146 | R14: 144 | S14: 137 | T14: 130 | U14: 143 | V14: 131 | W14: 124 | X14: 143 | Y14: 134 | Z14: 117 | AA14: 86 | AB14: =SUM(E14:AA14) -> 2871
D15: PR | E15: 123 | F15: 119 | G15: 158 | H15: 130 | I15: 81 | J15: 80 | K15: 96 | L15: 86 | M15: 146 | N15: 122 | O15: 141 | P15: 144 | Q15: 133 | R15: 148 | S15: 137 | T15: 143 | U15: 155 | V15: 130 | W15: 144 | X15: 146 | Y15: 124 | Z15: 113 | AA15: 80 | AB15: =SUM(E15:AA15) -> 2879
D16: JML | E16: =SUM(E14:E15) -> 249 | F16: =SUM(F14:F15) -> 248 | G16: =SUM(G14:G15) -> 292 | H16: =SUM(H14:H15) -> 255 | I16: =SUM(I14:I15) -> 160 | J16: =SUM(J14:J15) -> 170 | K16: =SUM(K14:K15) -> 198 | L16: =SUM(L14:L15) -> 169 | ... AA16: =SUM(AA14:AA15) -> 166 | AB16: =SUM(E16:AA16) -> 5750
A18: B | B18: PENGGUNA HAK PILIH
B19: 1. | C19: Jumlah pengguna hak pilih dalam Daftar Pemilih Tetap (DPT) | D19: LK | E19: 81 | F19: 83 | G19: 103 | H19: 97 | I19: 59 | J19: 71 | K19: 74 | L19: 61 | M19: 112 | N19: 98 | O19: 109 | P19: 105 | Q19: 95 | R19: 105 | S19: 88 | T19: 96 | U19: 116 | V19: 90 | W19: 93 | X19: 106 | Y19: 103 | Z19: 63 | AA19: 59 | AB19: =SUM(E19:AA19) -> 2067
D20: PR | E20: 91 | F20: 105 | G20: 131 | H20: 98 | I20: 62 | J20: 63 | K20: 67 | L20: 64 | M20: 117 | N20: 89 | O20: 119 | P20: 109 | Q20: 106 | R20: 117 | S20: 99 | T20: 114 | U20: 124 | V20: 100 | W20: 108 | X20: 113 | Y20: 91 | Z20: 79 | AA20: 61 | AB20: =SUM(E20:AA20) -> 2227
D21: JML | E21: =SUM(E19:E20) -> 172 | F21: =SUM(F19:F20) -> 188 | G21: =SUM(G19:G20) -> 234 | H21: =SUM(H19:H20) -> 195 | I21: =SUM(I19:I20) -> 121 | J21: =SUM(J19:J20) -> 134 | K21: =SUM(K19:K20) -> 141 | L21: =SUM(L19:L20) -> 125 | ... AA21: =SUM(AA19:AA20) -> 120 | AB21: =SUM(E21:AA21) -> 4294
B22: 2. | C22: Jumlah pengguna hak pilih dalam Daftar Pemilih Tambahan (DPTb) | D22: LK | F22: 1 | I22: 2 | AB22: =SUM(E22:AA22) -> 3
D23: PR | I23: 1 | P23: 1 | Q23: 1 | AB23: =SUM(E23:AA23) -> 3
D24: JML | E24: =SUM(E22:E23) -> 0 | F24: =SUM(F22:F23) -> 1 | G24: =SUM(G22:G23) -> 0 | H24: =SUM(H22:H23) -> 0 | I24: =SUM(I22:I23) -> 3 | J24: =SUM(J22:J23) -> 0 | K24: =SUM(K22:K23) -> 0 | L24: =SUM(L22:L23) -> 0 | ... AA24: =SUM(AA22:AA23) -> 0 | AB24: =SUM(E24:AA24) -> 6
B25: 3. | C25: Jumlah pengguna hak pilih dalam Daftar Pemilih Khusus (DPK) | D25: LK | H25: 1 | J25: 1 | P25: 2 | Q25: 2 | V25: 1 | X25: 4 | Y25: 1 | AB25: =SUM(E25:AA25) -> 12
D26: PR | E26: 3 | F26: 1 | G26: 1 | H26: 1 | J26: 3 | K26: 3 | L26: 1 | N26: 1 | P26: 2 | T26: 1 | U26: 1 | V26: 2 | W26: 1 | X26: 3 | Y26: 4 | AA26: 1 | AB26: =SUM(E26:AA26) -> 29
D27: JML | E27: =SUM(E25:E26) -> 3 | F27: =SUM(F25:F26) -> 1 | G27: =SUM(G25:G26) -> 1 | H27: =SUM(H25:H26) -> 2 | I27: =SUM(I25:I26) -> 0 | J27: =SUM(J25:J26) -> 4 | K27: =SUM(K25:K26) -> 3 | L27: =SUM(L25:L26) -> 1 | ... AA27: =SUM(AA25:AA26) -> 1 | AB27: =SUM(E27:AA27) -> 41
B28: 4. | C28: Jumlah Pengguna Hak Pilih (B.1+B.2+B.3) | D28: LK | E28: =SUM(E19,E22,E25) -> 81 | F28: =SUM(F19,F22,F25) -> 84 | G28: =SUM(G19,G22,G25) -> 103 | H28: =SUM(H19,H22,H25) -> 98 | I28: =SUM(I19,I22,I25) -> 61 | J28: =SUM(J19,J22,J25) -> 72 | K28: =SUM(K19,K22,K25) -> 74 | L28: =SUM(L19,L22,L25) -> 61 | ... AA28: =SUM(AA19,AA22,AA25) -> 59 | AB28: =SUM(E28:AA28) -> 2082
D29: PR | E29: =SUM(E20,E23,E26) -> 94 | F29: =SUM(F20,F23,F26) -> 106 | G29: =SUM(G20,G23,G26) -> 132 | H29: =SUM(H20,H23,H26) -> 99 | I29: =SUM(I20,I23,I26) -> 63 | J29: =SUM(J20,J23,J26) -> 66 | K29: =SUM(K20,K23,K26) -> 70 | L29: =SUM(L20,L23,L26) -> 65 | ... AA29: =SUM(AA20,AA23,AA26) -> 62 | AB29: =SUM(E29:AA29) -> 2259
D30: JML | E30: =SUM(E28:E29) -> 175 | F30: =SUM(F28:F29) -> 190 | G30: =SUM(G28:G29) -> 235 | H30: =SUM(H28:H29) -> 197 | I30: =SUM(I28:I29) -> 124 | J30: =SUM(J28:J29) -> 138 | K30: =SUM(K28:K29) -> 144 | L30: =SUM(L28:L29) -> 126 | ... AA30: =SUM(AA28:AA29) -> 121 | AB30: =SUM(E30:AA30) -> 4341
A32: II | B32: DATA PENGGUNAAN SURAT SUARA
A33: 1 | B33: Jumlah surat suara yang diterima, termasuk surat suara cadangan 2,5% dari DPT | E33: 254 | F33: 253 | G33: 298 | H33: 261 | I33: 164 | J33: 174 | K33: 201 | L33: 173 | M33: 306 | N33: 255 | O33: 299 | P33: 284 | Q33: 285 | R33: 298 | S33: 280 | T33: 279 | U33: 305 | V33: 267 | W33: 274 | X33: 294 | Y33: 268 | Z33: 235 | AA33: 170 | AB33: =SUM(E33:AA33) -> 5877
A34: 2 | B34: Jumlah surat suara yang digunakan | E34: 175 | F34: 190 | G34: 235 | H34: 197 | I34: 124 | J34: 138 | K34: 144 | L34: 126 | M34: 229 | N34: 188 | O34: 228 | P34: 219 | Q34: 204 | R34: 222 | S34: 187 | T34: 211 | U34: 241 | V34: 193 | W34: 202 | X34: 226 | Y34: 199 | Z34: 142 | AA34: 121 | AB34: =SUM(E34:AA34) -> 4341
A35: 3 | B35: Jumlah surat suara dikembalikan oleh pemilih (karena rusak atau keliru coblos) | H35: 1 | N35: 1 | X35: 1 | AB35: =SUM(E35:AA35) -> 3
A36: 4 | B36: Jumlah surat suara yang tidak digunakan/tidak terpakai, termasuk sisa surat suara cadangan | E36: =E33-(E34+E35) -> 79 | F36: =F33-(F34+F35) -> 63 | G36: =G33-(G34+G35) -> 63 | H36: =H33-(H34+H35) -> 63 | I36: =I33-(I34+I35) -> 40 | J36: =J33-(J34+J35) -> 36 | K36: =K33-(K34+K35) -> 57 | L36: =L33-(L34+L35) -> 47 | ... AA36: =AA33-(AA34+AA35) -> 49 | AB36: =SUM(E36:AA36) -> 1533
A38: III | B38: DATA PEMILIH DISABILITAS
B39: Jumlah seluruh Pemilih disabilitas yang menggunakan hak pilih | D39: LK | J39: 1 | V39: 1 | AB39: =SUM(E39:AA39) -> 2
D40: PR | AB40: =SUM(E40:AA40) -> 0
D41: JML | E41: =SUM(E39:E40) -> 0 | F41: =SUM(F39:F40) -> 0 | G41: =SUM(G39:G40) -> 0 | H41: =SUM(H39:H40) -> 0 | I41: =SUM(I39:I40) -> 0 | J41: =SUM(J39:J40) -> 1 | K41: =SUM(K39:K40) -> 0 | L41: =SUM(L39:L40) -> 0 | ... AA41: =SUM(AA39:AA40) -> 0 | AB41: =SUM(E41:AA41) -> 2
A43: IV | B43: DATA RINCIAN PEROLEHAN SUARA PASANGAN CALON BUPATI DAN WAKIL BUPATI
A44: NOMOR DAN NAMA CALON
A45: A.1 | B45: 1. | C45: Partai Kebangkitan Bangsa | E45: 7 | F45: 9 | G45: 12 | H45: 6 | I45: 1 | J45: 1 | K45: 7 | L45: 4 | M45: 2 | N45: 2 | O45: 9 | P45: 7 | Q45: 8 | R45: 1 | S45: 10 | T45: 5 | U45: 7 | V45: 5 | W45: 1 | X45: 2 | Y45: 6 | Z45: 5 | AA45: 1 | AB45: =SUM(E45:AA45) -> 118
A46: A.2 | B46: 1 | C46: 1. Dr. Hj. NIHAYATUL WAFIROH, M.A. | E46: 18 | F46: 43 | G46: 74 | H46: 21 | I46: 8 | J46: 4 | K46: 31 | L46: 9 | M46: 0 | N46: 1 | O46: 12 | P46: 19 | Q46: 10 | R46: 8 | S46: 9 | T46: 36 | U46: 18 | V46: 19 | W46: 23 | X46: 51 | Y46: 22 | Z46: 5 | AA46: 6 | AB46: =SUM(E46:AA46) -> 447
B47: 2 | C47: 2. H. M. NASIM KHAN | E47: 2 | F47: 2 | G47: 6 | H47: 3 | I47: 1 | J47: 0 | K47: 4 | L47: 4 | M47: 3 | N47: 3 | O47: 15 | P47: 20 | Q47: 1 | R47: 0 | S47: 44 | T47: 20 | U47: 12 | V47: 7 | W47: 4 | X47: 8 | Y47: 6 | Z47: 1 | AA47: 4 | AB47: =SUM(E47:AA47) -> 170
B48: 3 | C48: 3. Dr. H. AKIK ZAMAN, M.Pd.I. | E48: 3 | F48: 0 | G48: 1 | H48: 0 | I48: 0 | J48: 0 | K48: 1 | L48: 0 | M48: 2 | N48: 0 | O48: 1 | P48: 4 | Q48: 2 | R48: 0 | S48: 4 | T48: 0 | U48: 0 | V48: 1 | W48: 0 | X48: 1 | Y48: 0 | Z48: 0 | AA48: 0 | AB48: =SUM(E48:AA48) -> 20
B49: 4 | C49: 4. AHMAD RIFA'I, S.H. | E49: 1 | F49: 2 | G49: 1 | H49: 0 | I49: 0 | J49: 0 | K49: 0 | L49: 0 | M49: 0 | N49: 0 | O49: 1 | P49: 0 | Q49: 1 | R49: 0 | S49: 1 | T49: 0 | U49: 0 | V49: 0 | W49: 0 | X49: 0 | Y49: 0 | Z49: 0 | AA49: 0 | AB49: =SUM(E49:AA49) -> 7
B50: 5 | C50: 5. Drs. H. MAHFUD M.N. | E50: 0 | F50: 0 | G50: 0 | H50: 0 | I50: 0 | J50: 1 | K50: 0 | L50: 0 | M50: 0 | N50: 0 | O50: 1 | P50: 0 | Q50: 0 | R50: 0 | S50: 0 | T50: 0 | U50: 0 | V50: 0 | W50: 0 | X50: 0 | Y50: 0 | Z50: 1 | AA50: 0 | AB50: =SUM(E50:AA50) -> 3
B51: 6 | C51: 6. NURHAYATI, S.Pd. | E51: 0 | F51: 1 | G51: 0 | H51: 0 | I51: 1 | J51: 0 | K51: 0 | L51: 0 | M51: 0 | N51: 0 | O51: 0 | P51: 0 | Q51: 0 | R51: 2 | S51: 1 | T51: 1 | U51: 0 | V51: 0 | W51: 0 | X51: 0 | Y51: 0 | Z51: 0 | AA51: 0 | AB51: =SUM(E51:AA51) -> 6
B52: 7 | C52: 7. MAFTUHA KISWAH | E52: 0 | F52: 0 | G52: 0 | H52: 0 | I52: 1 | J52: 0 | K52: 0 | L52: 0 | M52: 0 | N52: 0 | O52: 0 | P52: 0 | Q52: 0 | R52: 0 | S52: 0 | T52: 1 | U52: 0 | V52: 0 | W52: 0 | X52: 0 | Y52: 0 | Z52: 0 | AA52: 0 | AB52: =SUM(E52:AA52) -> 2
AB53: =SUM(E53:AA53) -> 0
AB54: =SUM(E54:AA54) -> 0
A55: B | B55: JUMLAH SUARA SAH PARTAI POLITIK DAN CALON (A1 + A2) | E55: =SUM(E45:E52) -> 31 | F55: =SUM(F45:F52) -> 57 | G55: =SUM(G45:G52) -> 94 | H55: =SUM(H45:H52) -> 30 | I55: =SUM(I45:I52) -> 12 | J55: =SUM(J45:J52) -> 6 | K55: =SUM(K45:K52) -> 43 | L55: =SUM(L45:L52) -> 17 | ... AA55: =SUM(AA45:AA52) -> 11 | AB55: =SUM(E55:AA55) -> 773
A57: A.1 | B57: 2. | C57: Partai Gerakan Indonesia Raya | E57: 6 | F57: 9 | G57: 5 | H57: 7 | I57: 6 | J57: 1 | K57: 3 | L57: 4 | M57: 5 | N57: 5 | O57: 6 | P57: 6 | Q57: 8 | R57: 7 | S57: 9 | T57: 5 | U57: 9 | V57: 12 | W57: 5 | X57: 6 | Y57: 5 | Z57: 6 | AA57: 5 | AB57: =SUM(E57:AA57) -> 140
A58: A.2 | B58: 1 | C58: 1. SUMAIL ABDULLAH | E58: 10 | F58: 4 | G58: 2 | H58: 1 | I58: 4 | J58: 2 | K58: 0 | L58: 4 | M58: 0 | N58: 2 | O58: 5 | P58: 1 | Q58: 6 | R58: 4 | S58: 11 | T58: 2 | U58: 10 | V58: 5 | W58: 3 | X58: 9 | Y58: 6 | Z58: 4 | AA58: 2 | AB58: =SUM(E58:AA58) -> 97
B59: 2 | C59: 2. MUHAMMAD ALI ADRIAN SALEH | E59: 0 | F59: 0 | G59: 1 | H59: 1 | I59: 0 | J59: 0 | K59: 2 | L59: 2 | M59: 1 | N59: 0 | O59: 10 | P59: 1 | Q59: 29 | R59: 27 | S59: 8 | T59: 14 | U59: 28 | V59: 14 | W59: 18 | X59: 55 | Y59: 3 | Z59: 30 | AA59: 25 | AB59: =SUM(E59:AA59) -> 269
B60: 3 | C60: 3. DURROTUN NAFISAH | E60: 1 | F60: 0 | G60: 0 | H60: 0 | I60: 0 | J60: 0 | K60: 1 | L60: 0 | M60: 0 | N60: 0 | O60: 1 | P60: 0 | Q60: 1 | R60: 0 | S60: 1 | T60: 0 | U60: 0 | V60: 1 | W60: 1 | X60: 1 | Y60: 2 | Z60: 0 | AA60: 0 | AB60: =SUM(E60:AA60) -> 10
B61: 4 | C61: 4. H. EKO SUSILO NURHIDAYAT | E61: 30 | F61: 27 | G61: 84 | H61: 108 | I61: 16 | J61: 12 | K61: 43 | L61: 19 | M61: 35 | N61: 7 | O61: 25 | P61: 15 | Q61: 2 | R61: 8 | S61: 3 | T61: 15 | U61: 7 | V61: 17 | W61: 12 | X61: 2 | Y61: 22 | Z61: 9 | AA61: 12 | AB61: =SUM(E61:AA61) -> 530
B62: 5 | C62: 5. KARNADI HARIJANTO, S.S. | E62: 0 | F62: 1 | G62: 0 | H62: 0 | I62: 0 | J62: 0 | K62: 0 | L62: 0 | M62: 0 | N62: 0 | O62: 0 | P62: 0 | Q62: 1 | R62: 0 | S62: 0 | T62: 0 | U62: 0 | V62: 0 | W62: 0 | X62: 0 | Y62: 0 | Z62: 0 | AA62: 0 | AB62: =SUM(E62:AA62) -> 2
B63: 6 | C63: 6. NURHAYATI | E63: 1 | F63: 0 | G63: 0 | H63: 0 | I63: 0 | J63: 0 | K63: 1 | L63: 0 | M63: 0 | N63: 0 | O63: 0 | P63: 0 | Q63: 0 | R63: 0 | S63: 0 | T63: 0 | U63: 0 | V63: 0 | W63: 0 | X63: 0 | Y63: 0 | Z63: 0 | AA63: 0 | AB63: =SUM(E63:AA63) -> 2
B64: 7 | C64: 7. MASHUDI | E64: 0 | F64: 0 | G64: 0 | H64: 0 | I64: 0 | J64: 1 | K64: 0 | L64: 0 | M64: 0 | N64: 0 | O64: 0 | P64: 1 | Q64: 0 | R64: 0 | S64: 0 | T64: 0 | U64: 0 | V64: 0 | W64: 4 | X64: 2 | Y64: 0 | Z64: 0 | AA64: 0 | AB64: =SUM(E64:AA64) -> 8
AB65: =SUM(E65:AA65) -> 0
AB66: =SUM(E66:AA66) -> 0
A67: B | B67: JUMLAH SUARA SAH PARTAI POLITIK DAN CALON (A1 + A2) | E67: =SUM(E57:E64) -> 48 | F67: =SUM(F57:F64) -> 41 | G67: =SUM(G57:G64) -> 92 | H67: =SUM(H57:H64) -> 117 | I67: =SUM(I57:I64) -> 26 | J67: =SUM(J57:J64) -> 16 | K67: =SUM(K57:K64) -> 50 | L67: =SUM(L57:L64) -> 29 | ... AA67: =SUM(AA57:AA64) -> 44 | AB67: =SUM(E67:AA67) -> 1058
A69: A.1 | B69: 3. | C69: Partai Demokrasi Indonesia Perjuangan | E69: 11 | F69: 10 | G69: 1 | H69: 4 | I69: 11 | J69: 7 | K69: 0 | L69: 6 | M69: 3 | N69: 4 | O69: 11 | P69: 12 | Q69: 1 | R69: 3 | S69: 13 | T69: 9 | U69: 7 | V69: 6 | W69: 10 | X69: 7 | Y69: 9 | Z69: 6 | AA69: 2 | AB69: =SUM(E69:AA69) -> 153
A70: A.2 | B70: 1 | C70: 1. SONNY TRI DANAPARAMITA, S.H., M.H. | E70: 28 | F70: 17 | G70: 6 | H70: 12 | I70: 7 | J70: 39 | K70: 5 | L70: 8 | M70: 19 | N70: 33 | O70: 9 | P70: 25 | Q70: 7 | R70: 8 | S70: 16 | T70: 20 | U70: 36 | V70: 35 | W70: 41 | X70: 15 | Y70: 22 | Z70: 11 | AA70: 15 | AB70: =SUM(E70:AA70) -> 434
B71: 2 | C71: 2. H. MOHAMAD GUNTUR ROMLI | E71: 0 | F71: 1 | G71: 5 | H71: 1 | I71: 1 | J71: 2 | K71: 0 | L71: 1 | M71: 5 | N71: 3 | O71: 2 | P71: 3 | Q71: 4 | R71: 1 | S71: 3 | T71: 0 | U71: 5 | V71: 0 | W71: 0 | X71: 1 | Y71: 4 | Z71: 1 | AA71: 0 | AB71: =SUM(E71:AA71) -> 43
B72: 3 | C72: 3. INA AMMANIA | E72: 5 | F72: 12 | G72: 0 | H72: 3 | I72: 0 | J72: 4 | K72: 0 | L72: 1 | M72: 0 | N72: 0 | O72: 3 | P72: 9 | Q72: 3 | R72: 0 | S72: 4 | T72: 10 | U72: 5 | V72: 1 | W72: 3 | X72: 0 | Y72: 0 | Z72: 1 | AA72: 0 | AB72: =SUM(E72:AA72) -> 64
B73: 4 | C73: 4. IRWAN BACHTIAR RACHMAT, M.Si. | E73: 0 | F73: 0 | G73: 0 | H73: 0 | I73: 0 | J73: 1 | K73: 0 | L73: 1 | M73: 0 | N73: 0 | O73: 0 | P73: 0 | Q73: 0 | R73: 1 | S73: 1 | T73: 0 | U73: 0 | V73: 0 | W73: 1 | X73: 0 | Y73: 1 | Z73: 1 | AA73: 1 | AB73: =SUM(E73:AA73) -> 8
B74: 5 | C74: 5. LUCKY PERDANA | E74: 2 | F74: 0 | G74: 2 | H74: 1 | I74: 3 | J74: 5 | K74: 1 | L74: 4 | M74: 2 | N74: 1 | O74: 2 | P74: 4 | Q74: 0 | R74: 0 | S74: 1 | T74: 1 | U74: 1 | V74: 0 | W74: 2 | X74: 1 | Y74: 1 | Z74: 0 | AA74: 0 | AB74: =SUM(E74:AA74) -> 34
B75: 6 | C75: 6. WIWIK PUJIYATI | E75: 0 | F75: 0 | G75: 1 | H75: 0 | I75: 0 | J75: 0 | K75: 0 | L75: 1 | M75: 0 | N75: 0 | O75: 0 | P75: 2 | Q75: 0 | R75: 0 | S75: 0 | T75: 0 | U75: 0 | V75: 0 | W75: 0 | X75: 0 | Y75: 0 | Z75: 0 | AA75: 2 | AB75: =SUM(E75:AA75) -> 6
B76: 7 | C76: 7. CHANDRA ASTAN, S.T. | E76: 0 | F76: 1 | G76: 0 | H76: 0 | I76: 0 | J76: 0 | K76: 0 | L76: 0 | M76: 1 | N76: 0 | O76: 0 | P76: 1 | Q76: 0 | R76: 1 | S76: 0 | T76: 0 | U76: 0 | V76: 1 | W76: 0 | X76: 4 | Y76: 0 | Z76: 0 | AA76: 0 | AB76: =SUM(E76:AA76) -> 9
AB77: =SUM(E77:AA77) -> 0
AB78: =SUM(E78:AA78) -> 0
A79: B | B79: JUMLAH SUARA SAH PARTAI POLITIK DAN CALON (A1 + A2) | E79: =SUM(E69:E76) -> 46 | F79: =SUM(F69:F76) -> 41 | G79: =SUM(G69:G76) -> 15 | H79: =SUM(H69:H76) -> 21 | I79: =SUM(I69:I76) -> 22 | J79: =SUM(J69:J76) -> 58 | K79: =SUM(K69:K76) -> 6 | L79: =SUM(L69:L76) -> 22 | ... AA79: =SUM(AA69:AA76) -> 20 | AB79: =SUM(E79:AA79) -> 751
A81: A.1 | B81: 4. | C81: Partai Golongan Karya | E81: 2 | F81: 3 | G81: 2 | H81: 3 | I81: 4 | J81: 2 | K81: 4 | L81: 6 | M81: 6 | N81: 8 | O81: 18 | P81: 8 | Q81: 11 | R81: 23 | S81: 4 | T81: 8 | U81: 6 | V81: 3 | W81: 1 | X81: 2 | Y81: 4 | Z81: 22 | AA81: 0 | AB81: =SUM(E81:AA81) -> 150
A82: A.2 | B82: 1 | C82: 1. ZULFIKAR ARSE SADIKIN, S.I.P., M.Si. | E82: 5 | F82: 1 | G82: 0 | H82: 1 | I82: 1 | J82: 2 | K82: 3 | L82: 4 | M82: 8 | N82: 8 | O82: 48 | P82: 15 | Q82: 48 | R82: 71 | S82: 1 | T82: 5 | U82: 5 | V82: 3 | W82: 5 | X82: 8 | Y82: 0 | Z82: 12 | AA82: 27 | AB82: =SUM(E82:AA82) -> 281
B83: 2 | C83: 2. HANDOKO | E83: 21 | F83: 14 | G83: 13 | H83: 10 | I83: 25 | J83: 25 | K83: 13 | L83: 17 | M83: 105 | N83: 76 | O83: 19 | P83: 20 | Q83: 12 | R83: 15 | S83: 17 | T83: 18 | U83: 28 | V83: 16 | W83: 29 | X83: 23 | Y83: 30 | Z83: 7 | AA83: 3 | AB83: =SUM(E83:AA83) -> 556
B84: 3 | C84: 3. Hj. OVI DEWI YANTI | E84: 0 | F84: 0 | G84: 0 | H84: 0 | I84: 0 | J84: 0 | K84: 0 | L84: 1 | M84: 1 | N84: 0 | O84: 3 | P84: 0 | Q84: 1 | R84: 0 | S84: 1 | T84: 1 | U84: 0 | V84: 0 | W84: 1 | X84: 0 | Y84: 0 | Z84: 0 | AA84: 0 | AB84: =SUM(E84:AA84) -> 9
B85: 4 | C85: 4. Ir. AZAM AZMAN NATAWIJANA | E85: 0 | F85: 0 | G85: 0 | H85: 2 | I85: 0 | J85: 0 | K85: 0 | L85: 0 | M85: 1 | N85: 0 | O85: 0 | P85: 0 | Q85: 1 | R85: 0 | S85: 0 | T85: 0 | U85: 1 | V85: 0 | W85: 0 | X85: 0 | Y85: 0 | Z85: 0 | AA85: 0 | AB85: =SUM(E85:AA85) -> 5
B86: 5 | C86: 5. UBAIDILLAH AMIN, S.Kom. | E86: 0 | F86: 0 | G86: 0 | H86: 0 | I86: 0 | J86: 0 | K86: 0 | L86: 0 | M86: 0 | N86: 1 | O86: 0 | P86: 0 | Q86: 1 | R86: 1 | S86: 1 | T86: 2 | U86: 0 | V86: 1 | W86: 1 | X86: 0 | Y86: 0 | Z86: 0 | AA86: 1 | AB86: =SUM(E86:AA86) -> 9
B87: 6 | C87: 6. DENNY YUNIANDARI, S.H., M.Kn. | E87: 0 | F87: 0 | G87: 0 | H87: 0 | I87: 0 | J87: 0 | K87: 0 | L87: 0 | M87: 0 | N87: 0 | O87: 0 | P87: 1 | Q87: 0 | R87: 0 | S87: 0 | T87: 0 | U87: 0 | V87: 0 | W87: 0 | X87: 0 | Y87: 0 | Z87: 0 | AA87: 0 | AB87: =SUM(E87:AA87) -> 1
B88: 7 | C88: 7. ERNADI, S.H.I. | E88: 0 | F88: 0 | G88: 0 | H88: 0 | I88: 0 | J88: 0 | K88: 0 | L88: 0 | M88: 0 | N88: 0 | O88: 0 | P88: 1 | Q88: 0 | R88: 0 | S88: 0 | T88: 0 | U88: 0 | V88: 0 | W88: 0 | X88: 0 | Y88: 0 | Z88: 0 | AA88: 0 | AB88: =SUM(E88:AA88) -> 1
AB89: =SUM(E89:AA89) -> 0
AB90: =SUM(E90:AA90) -> 0
A91: B | B91: JUMLAH SUARA SAH PARTAI POLITIK DAN CALON (A1 + A2) | E91: =SUM(E81:E88) -> 28 | F91: =SUM(F81:F88) -> 18 | G91: =SUM(G81:G88) -> 15 | H91: =SUM(H81:H88) -> 16 | I91: =SUM(I81:I88) -> 30 | J91: =SUM(J81:J88) -> 29 | K91: =SUM(K81:K88) -> 20 | L91: =SUM(L81:L88) -> 28 | ... AA91: =SUM(AA81:AA88) -> 31 | AB91: =SUM(E91:AA91) -> 1012
A93: A.1 | B93: 5. | C93: Partai NasDem | E93: 0 | F93: 1 | G93: 0 | H93: 0 | I93: 3 | J93: 0 | K93: 1 | L93: 1 | M93: 1 | N93: 0 | O93: 3 | P93: 2 | Q93: 1 | R93: 0 | S93: 0 | T93: 2 | U93: 1 | V93: 0 | W93: 0 | X93: 0 | Y93: 0 | Z93: 2 | AA93: 0 | AB93: =SUM(E93:AA93) -> 18
A94: A.2 | B94: 1 | C94: 1. ACH. FADIL MUZAKKI SYAH | E94: 0 | F94: 2 | G94: 0 | H94: 0 | I94: 0 | J94: 2 | K94: 2 | L94: 0 | M94: 0 | N94: 1 | O94: 0 | P94: 1 | Q94: 0 | R94: 0 | S94: 1 | T94: 1 | U94: 0 | V94: 0 | W94: 0 | X94: 0 | Y94: 0 | Z94: 0 | AA94: 0 | AB94: =SUM(E94:AA94) -> 10
B95: 2 | C95: 2. BENY | E95: 0 | F95: 0 | G95: 0 | H95: 0 | I95: 0 | J95: 0 | K95: 0 | L95: 1 | M95: 0 | N95: 0 | O95: 2 | P95: 2 | Q95: 1 | R95: 1 | S95: 1 | T95: 1 | U95: 0 | V95: 0 | W95: 0 | X95: 0 | Y95: 0 | Z95: 0 | AA95: 0 | AB95: =SUM(E95:AA95) -> 9
B96: 3 | C96: 3. VINA VERONIKA | E96: 0 | F96: 0 | G96: 0 | H96: 0 | I96: 0 | J96: 0 | K96: 0 | L96: 2 | M96: 0 | N96: 0 | O96: 0 | P96: 0 | Q96: 0 | R96: 0 | S96: 0 | T96: 0 | U96: 0 | V96: 0 | W96: 0 | X96: 0 | Y96: 0 | Z96: 0 | AA96: 0 | AB96: =SUM(E96:AA96) -> 2
B97: 4 | C97: 4. TEDDY ANUGRIANTO | E97: 0 | F97: 0 | G97: 0 | H97: 0 | I97: 0 | J97: 0 | K97: 0 | L97: 0 | M97: 0 | N97: 0 | O97: 0 | P97: 0 | Q97: 0 | R97: 0 | S97: 0 | T97: 0 | U97: 0 | V97: 0 | W97: 0 | X97: 0 | Y97: 0 | Z97: 0 | AA97: 0 | AB97: =SUM(E97:AA97) -> 0
B98: 5 | C98: 5. INSAN KAMIL | E98: 0 | F98: 0 | G98: 0 | H98: 0 | I98: 0 | J98: 0 | K98: 0 | L98: 1 | M98: 0 | N98: 0 | O98: 0 | P98: 0 | Q98: 0 | R98: 0 | S98: 0 | T98: 0 | U98: 0 | V98: 0 | W98: 0 | X98: 0 | Y98: 0 | Z98: 0 | AA98: 0 | AB98: =SUM(E98:AA98) -> 1
B99: 6 | C99: 6. LILIK LINDARWATI | E99: 0 | F99: 0 | G99: 0 | H99: 0 | I99: 0 | J99: 0 | K99: 0 | L99: 0 | M99: 0 | N99: 0 | O99: 0 | P99: 0 | Q99: 0 | R99: 0 | S99: 0 | T99: 1 | U99: 0 | V99: 0 | W99: 0 | X99: 0 | Y99: 0 | Z99: 0 | AA99: 0 | AB99: =SUM(E99:AA99) -> 1
B100: 7 | C100: 7. YULI ANITA | E100: 0 | F100: 0 | G100: 0 | H100: 0 | I100: 0 | J100: 0 | K100: 2 | L100: 0 | M100: 0 | N100: 0 | O100: 0 | P100: 0 | Q100: 1 | R100: 0 | S100: 0 | T100: 0 | U100: 0 | V100: 0 | W100: 0 | X100: 0 | Y100: 0 | Z100: 0 | AA100: 0 | AB100: =SUM(E100:AA100) -> 3
AB101: =SUM(E101:AA101) -> 0
AB102: =SUM(E102:AA102) -> 0
A103: B | B103: JUMLAH SUARA SAH PARTAI POLITIK DAN CALON (A1 + A2) | E103: =SUM(E93:E100) -> 0 | F103: =SUM(F93:F100) -> 3 | G103: =SUM(G93:G100) -> 0 | H103: =SUM(H93:H100) -> 0 | I103: =SUM(I93:I100) -> 3 | J103: =SUM(J93:J100) -> 2 | K103: =SUM(K93:K100) -> 5 | L103: =SUM(L93:L100) -> 5 | ... AA103: =SUM(AA93:AA100) -> 0 | AB103: =SUM(E103:AA103) -> 44
A105: A.1 | B105: 6. | C105: Partai Buruh | E105: 0 | F105: 0 | G105: 0 | H105: 0 | I105: 1 | J105: 0 | K105: 0 | L105: 0 | M105: 0 | N105: 0 | O105: 0 | P105: 0 | Q105: 0 | R105: 0 | S105: 0 | T105: 1 | U105: 0 | V105: 0 | W105: 0 | X105: 0 | Y105: 0 | Z105: 0 | AA105: 0 | AB105: =SUM(E105:AA105) -> 2
A106: A.2 | B106: 1 | C106: 1. KHOIRUL ANAM | E106: 0 | F106: 0 | G106: 0 | H106: 0 | I106: 0 | J106: 0 | K106: 0 | L106: 0 | M106: 0 | N106: 0 | O106: 0 | P106: 0 | Q106: 0 | R106: 0 | S106: 0 | T106: 0 | U106: 0 | V106: 0 | W106: 0 | X106: 0 | Y106: 0 | Z106: 0 | AA106: 0 | AB106: =SUM(E106:AA106) -> 0
B107: 2 | C107: 2. INA KURNIA | E107: 0 | F107: 0 | G107: 0 | H107: 0 | I107: 1 | J107: 0 | K107: 1 | L107: 0 | M107: 0 | N107: 0 | O107: 0 | P107: 0 | Q107: 0 | R107: 0 | S107: 0 | T107: 0 | U107: 0 | V107: 1 | W107: 0 | X107: 0 | Y107: 0 | Z107: 0 | AA107: 0 | AB107: =SUM(E107:AA107) -> 3
B108: 3 | C108: 3. JIBRAL TAROUK | E108: 0 | F108: 1 | G108: 0 | H108: 0 | I108: 0 | J108: 0 | K108: 0 | L108: 0 | M108: 0 | N108: 0 | O108: 0 | P108: 0 | Q108: 0 | R108: 0 | S108: 0 | T108: 0 | U108: 0 | V108: 0 | W108: 0 | X108: 0 | Y108: 0 | Z108: 0 | AA108: 0 | AB108: =SUM(E108:AA108) -> 1
B109: 4 | C109: 4. ASTUTI DAENG PUJI | E109: 0 | F109: 0 | G109: 0 | H109: 0 | I109: 0 | J109: 0 | K109: 0 | L109: 0 | M109: 0 | N109: 1 | O109: 0 | P109: 0 | Q109: 0 | R109: 0 | S109: 0 | T109: 0 | U109: 0 | V109: 0 | W109: 0 | X109: 0 | Y109: 0 | Z109: 0 | AA109: 0 | AB109: =SUM(E109:AA109) -> 1
B110: 5 | C110: 5. ASDARMAWAN | E110: 0 | F110: 0 | G110: 0 | H110: 0 | I110: 0 | J110: 0 | K110: 0 | L110: 0 | M110: 0 | N110: 0 | O110: 1 | P110: 0 | Q110: 0 | R110: 0 | S110: 0 | T110: 0 | U110: 0 | V110: 0 | W110: 0 | X110: 0 | Y110: 0 | Z110: 0 | AA110: 0 | AB110: =SUM(E110:AA110) -> 1
B111: 6 | C111: 6. RIFQI MUBAROK | E111: 0 | F111: 0 | G111: 0 | H111: 0 | I111: 0 | J111: 0 | K111: 0 | L111: 0 | M111: 0 | N111: 0 | O111: 0 | P111: 0 | Q111: 0 | R111: 0 | S111: 0 | T111: 0 | U111: 0 | V111: 0 | W111: 0 | X111: 0 | Y111: 0 | Z111: 0 | AA111: 0 | AB111: =SUM(E111:AA111) -> 0
B112: 7 | C112: 7. FIRNANDA ALTA MEGA | E112: 0 | F112: 0 | G112: 0 | H112: 0 | I112: 0 | J112: 0 | K112: 1 | L112: 0 | M112: 0 | N112: 0 | O112: 0 | P112: 0 | Q112: 0 | R112: 0 | S112: 0 | T112: 0 | U112: 0 | V112: 0 | W112: 0 | X112: 0 | Y112: 0 | Z112: 0 | AA112: 0 | AB112: =SUM(E112:AA112) -> 1
AB113: =SUM(E113:AA113) -> 0
AB114: =SUM(E114:AA114) -> 0
A115: B | B115: JUMLAH SUARA SAH PARTAI POLITIK DAN CALON (A1 + A2) | E115: =SUM(E105:E112) -> 0 | F115: =SUM(F105:F112) -> 1 | G115: =SUM(G105:G112) -> 0 | H115: =SUM(H105:H112) -> 0 | I115: =SUM(I105:I112) -> 2 | J115: =SUM(J105:J112) -> 0 | K115: =SUM(K105:K112) -> 2 | L115: =SUM(L105:L112) -> 0 | ... AA115: =SUM(AA105:AA112) -> 0 | AB115: =SUM(E115:AA115) -> 9
A117: A.1 | B117: 7. | C117: Partai Gelombang Rakyat Indonesia | E117: 1 | F117: 0 | G117: 0 | H117: 1 | I117: 0 | J117: 0 | K117: 2 | L117: 2 | M117: 2 | N117: 0 | O117: 1 | P117: 1 | Q117: 0 | R117: 0 | S117: 0 | T117: 0 | U117: 0 | V117: 0 | W117: 0 | X117: 0 | Y117: 0 | Z117: 0 | AA117: 0 | AB117: =SUM(E117:AA117) -> 10
...

Sheet TEGALHARJO
C2: Kecamatan | D2: GLENMORE
C3: Kabupaten | D3: BANYUWANGI
C4: Provinsi | D4: JAWA TIMUR
C9: Kelurahan | D9: TEGALHARJO
A12: I | B12: DATA PEMILIH DAN PENGGUNAAN HAK PILIH | AP12: JUMLAH AKHIR
A13: A | B13: DATA PEMILIH | E13: TPS 001 | F13: TPS 002 | G13: TPS 003 | H13: TPS 004 | I13: TPS 005 | J13: TPS 006 | K13: TPS 007 | L13: TPS 008 | M13: TPS 009 | N13: TPS 010 | O13: TPS 011 | P13: TPS 012 | Q13: TPS 013 | R13: TPS 014 | S13: TPS 015 | T13: TPS 016 | U13: TPS 017 | V13: TPS 018 | W13: TPS 019 | X13: TPS 020 | Y13: TPS 021 | Z13: TPS 022 | AA13: TPS 023 | AB13: TPS 024 | AC13: TPS 025 | AD13: TPS 026 | AE13: TPS 027 | AF13: TPS 028 | AG13: TPS 029 | AH13: TPS 030 | AI13: TPS 031 | AJ13: TPS 032 | AK13: TPS 033 | AL13: TPS 034 | AM13: TPS 035 | AN13: TPS 036 | AO13: TPS 037
B14: Jumlah Pemilih dalam Daftar Pemilih Tetap (DPT) | D14: LK | E14: 146 | F14: 90 | G14: 124 | H14: 88 | I14: 100 | J14: 130 | K14: 149 | L14: 149 | M14: 146 | N14: 129 | O14: 102 | P14: 117 | Q14: 117 | R14: 142 | S14: 147 | T14: 127 | U14: 81 | V14: 139 | W14: 98 | X14: 137 | Y14: 141 | Z14: 134 | AA14: 102 | AB14: 132 | AC14: 88 | AD14: 88 | AE14: 97 | AF14: 105 | AG14: 112 | AH14: 117 | AI14: 107 | AJ14: 104 | AK14: 109 | AL14: 143 | AM14: 126 | AN14: 109 | AO14: 99 | AP14: =SUM(E14:AO14) -> 4371
D15: PR | E15: 148 | F15: 85 | G15: 124 | H15: 94 | I15: 110 | J15: 116 | K15: 144 | L15: 145 | M15: 145 | N15: 116 | O15: 108 | P15: 114 | Q15: 135 | R15: 153 | S15: 143 | T15: 141 | U15: 80 | V15: 145 | W15: 96 | X15: 131 | Y15: 149 | Z15: 142 | AA15: 109 | AB15: 132 | AC15: 107 | AD15: 96 | AE15: 102 | AF15: 103 | AG15: 141 | AH15: 103 | AI15: 105 | AJ15: 116 | AK15: 111 | AL15: 137 | AM15: 122 | AN15: 115 | AO15: 103 | AP15: =SUM(E15:AO15) -> 4466
D16: JML | E16: =SUM(E14:E15) -> 294 | F16: =SUM(F14:F15) -> 175 | G16: =SUM(G14:G15) -> 248 | H16: =SUM(H14:H15) -> 182 | I16: =SUM(I14:I15) -> 210 | J16: =SUM(J14:J15) -> 246 | K16: =SUM(K14:K15) -> 293 | L16: =SUM(L14:L15) -> 294 | ... AO16: =SUM(AO14:AO15) -> 202 | AP16: =SUM(E16:AO16) -> 8837
A18: B | B18: PENGGUNA HAK PILIH
B19: 1. | C19: Jumlah pengguna hak pilih dalam Daftar Pemilih Tetap (DPT) | D19: LK | E19: 99 | F19: 69 | G19: 95 | H19: 53 | I19: 84 | J19: 98 | K19: 111 | L19: 112 | M19: 109 | N19: 90 | O19: 77 | P19: 80 | Q19: 95 | R19: 101 | S19: 107 | T19: 88 | U19: 64 | V19: 114 | W19: 74 | X19: 104 | Y19: 115 | Z19: 85 | AA19: 75 | AB19: 89 | AC19: 73 | AD19: 69 | AE19: 82 | AF19: 83 | AG19: 89 | AH19: 92 | AI19: 74 | AJ19: 86 | AK19: 93 | AL19: 95 | AM19: 104 | AN19: 82 | AO19: 90 | AP19: =SUM(E19:AO19) -> 3300
D20: PR | E20: 122 | F20: 69 | G20: 98 | H20: 73 | I20: 75 | J20: 97 | K20: 121 | L20: 123 | M20: 119 | N20: 94 | O20: 84 | P20: 91 | Q20: 108 | R20: 116 | S20: 106 | T20: 103 | U20: 66 | V20: 122 | W20: 79 | X20: 107 | Y20: 125 | Z20: 106 | AA20: 94 | AB20: 89 | AC20: 87 | AD20: 77 | AE20: 86 | AF20: 93 | AG20: 107 | AH20: 89 | AI20: 87 | AJ20: 98 | AK20: 92 | AL20: 115 | AM20: 99 | AN20: 98 | AO20: 98 | AP20: =SUM(E20:AO20) -> 3613
D21: JML | E21: =SUM(E19:E20) -> 221 | F21: =SUM(F19:F20) -> 138 | G21: =SUM(G19:G20) -> 193 | H21: =SUM(H19:H20) -> 126 | I21: =SUM(I19:I20) -> 159 | J21: =SUM(J19:J20) -> 195 | K21: =SUM(K19:K20) -> 232 | L21: =SUM(L19:L20) -> 235 | ... AO21: =SUM(AO19:AO20) -> 188 | AP21: =SUM(E21:AO21) -> 6913
B22: 2. | C22: Jumlah pengguna hak pilih dalam Daftar Pemilih Tambahan (DPTb) | D22: LK | E22: 0 | F22: 0 | G22: 0 | H22: 0 | I22: 1 | J22: 0 | K22: 0 | L22: 0 | M22: 0 | N22: 0 | O22: 0 | P22: 0 | Q22: 0 | R22: 0 | S22: 0 | T22: 0 | U22: 0 | V22: 2 | W22: 1 | X22: 0 | Y22: 0 | Z22: 0 | AA22: 0 | AB22: 0 | AC22: 0 | AD22: 0 | AE22: 0 | AF22: 0 | AG22: 1 | AH22: 1 | AI22: 1 | AJ22: 2 | AK22: 1 | AL22: 0 | AM22: 1 | AN22: 1 | AO22: 1 | AP22: =SUM(E22:AO22) -> 13
D23: PR | E23: 0 | F23: 0 | G23: 0 | H23: 0 | I23: 0 | J23: 0 | K23: 0 | L23: 0 | M23: 0 | N23: 1 | O23: 0 | P23: 0 | Q23: 1 | R23: 0 | S23: 0 | T23: 0 | U23: 0 | V23: 2 | W23: 1 | X23: 0 | Y23: 1 | Z23: 0 | AA23: 0 | AB23: 0 | AC23: 0 | AD23: 0 | AE23: 0 | AF23: 2 | AG23: 0 | AH23: 0 | AI23: 0 | AJ23: 2 | AK23: 0 | AL23: 0 | AM23: 0 | AN23: 0 | AO23: 0 | AP23: =SUM(E23:AO23) -> 10
D24: JML | E24: =SUM(E22:E23) -> 0 | F24: =SUM(F22:F23) -> 0 | G24: =SUM(G22:G23) -> 0 | H24: =SUM(H22:H23) -> 0 | I24: =SUM(I22:I23) -> 1 | J24: =SUM(J22:J23) -> 0 | K24: =SUM(K22:K23) -> 0 | L24: =SUM(L22:L23) -> 0 | ... AO24: =SUM(AO22:AO23) -> 1 | AP24: =SUM(E24:AO24) -> 23
B25: 3. | C25: Jumlah pengguna hak pilih dalam Daftar Pemilih Khusus (DPK) | D25: LK | E25: 0 | F25: 1 | G25: 0 | H25: 1 | I25: 0 | J25: 1 | K25: 0 | L25: 1 | M25: 0 | N25: 0 | O25: 0 | P25: 1 | Q25: 0 | R25: 4 | S25: 0 | T25: 3 | U25: 0 | V25: 1 | W25: 1 | X25: 2 | Y25: 0 | Z25: 2 | AA25: 4 | AB25: 4 | AC25: 0 | AD25: 0 | AE25: 3 | AF25: 0 | AG25: 0 | AH25: 5 | AI25: 2 | AJ25: 0 | AK25: 1 | AL25: 0 | AM25: 0 | AN25: 0 | AO25: 0 | AP25: =SUM(E25:AO25) -> 37
D26: PR | E26: 0 | F26: 1 | G26: 2 | H26: 1 | I26: 3 | J26: 3 | K26: 0 | L26: 2 | M26: 1 | N26: 0 | O26: 3 | P26: 1 | Q26: 0 | R26: 9 | S26: 0 | T26: 5 | U26: 0 | V26: 1 | W26: 0 | X26: 1 | Y26: 0 | Z26: 3 | AA26: 3 | AB26: 3 | AC26: 2 | AD26: 0 | AE26: 2 | AF26: 0 | AG26: 0 | AH26: 4 | AI26: 3 | AJ26: 0 | AK26: 2 | AL26: 0 | AM26: 4 | AN26: 0 | AO26: 0 | AP26: =SUM(E26:AO26) -> 59
D27: JML | E27: =SUM(E25:E26) -> 0 | F27: =SUM(F25:F26) -> 2 | G27: =SUM(G25:G26) -> 2 | H27: =SUM(H25:H26) -> 2 | I27: =SUM(I25:I26) -> 3 | J27: =SUM(J25:J26) -> 4 | K27: =SUM(K25:K26) -> 0 | L27: =SUM(L25:L26) -> 3 | ... AO27: =SUM(AO25:AO26) -> 0 | AP27: =SUM(E27:AO27) -> 96
B28: 4. | C28: Jumlah Pengguna Hak Pilih (B.1+B.2+B.3) | D28: LK | E28: =SUM(E19,E22,E25) -> 99 | F28: =SUM(F19,F22,F25) -> 70 | G28: =SUM(G19,G22,G25) -> 95 | H28: =SUM(H19,H22,H25) -> 54 | I28: =SUM(I19,I22,I25) -> 85 | J28: =SUM(J19,J22,J25) -> 99 | K28: =SUM(K19,K22,K25) -> 111 | L28: =SUM(L19,L22,L25) -> 113 | ... AO28: =SUM(AO19,AO22,AO25) -> 91 | AP28: =SUM(E28:AO28) -> 3350
D29: PR | E29: =SUM(E20,E23,E26) -> 122 | F29: =SUM(F20,F23,F26) -> 70 | G29: =SUM(G20,G23,G26) -> 100 | H29: =SUM(H20,H23,H26) -> 74 | I29: =SUM(I20,I23,I26) -> 78 | J29: =SUM(J20,J23,J26) -> 100 | K29: =SUM(K20,K23,K26) -> 121 | L29: =SUM(L20,L23,L26) -> 125 | ... AO29: =SUM(AO20,AO23,AO26) -> 98 | AP29: =SUM(E29:AO29) -> 3682
D30: JML | E30: =SUM(E28:E29) -> 221 | F30: =SUM(F28:F29) -> 140 | G30: =SUM(G28:G29) -> 195 | H30: =SUM(H28:H29) -> 128 | I30: =SUM(I28:I29) -> 163 | J30: =SUM(J28:J29) -> 199 | K30: =SUM(K28:K29) -> 232 | L30: =SUM(L28:L29) -> 238 | ... AO30: =SUM(AO28:AO29) -> 189 | AP30: =SUM(E30:AO30) -> 7032
A32: II | B32: DATA PENGGUNAAN SURAT SUARA
A33: 1 | B33: Jumlah surat suara yang diterima, termasuk surat suara cadangan 2,5% dari DPT | E33: 300 | F33: 179 | G33: 253 | H33: 186 | I33: 215 | J33: 247 | K33: 299 | L33: 300 | M33: 297 | N33: 252 | O33: 215 | P33: 236 | Q33: 258 | R33: 303 | S33: 294 | T33: 272 | U33: 165 | V33: 290 | W33: 198 | X33: 274 | Y33: 296 | Z33: 282 | AA33: 216 | AB33: 270 | AC33: 199 | AD33: 188 | AE33: 203 | AF33: 213 | AG33: 259 | AH33: 255 | AI33: 217 | AJ33: 225 | AK33: 223 | AL33: 286 | AM33: 252 | AN33: 230 | AO33: 209 | AP33: =SUM(E33:AO33) -> 9056
A34: 2 | B34: Jumlah surat suara yang digunakan | E34: 221 | F34: 140 | G34: 195 | H34: 128 | I34: 163 | J34: 199 | K34: 232 | L34: 238 | M34: 229 | N34: 185 | O34: 164 | P34: 173 | Q34: 204 | R34: 230 | S34: 213 | T34: 199 | U34: 130 | V34: 242 | W34: 156 | X34: 214 | Y34: 241 | Z34: 196 | AA34: 176 | AB34: 185 | AC34: 162 | AD34: 146 | AE34: 173 | AF34: 178 | AG34: 197 | AH34: 191 | AI34: 167 | AJ34: 188 | AK34: 189 | AL34: 210 | AM34: 208 | AN34: 181 | AO34: 189 | AP34: =SUM(E34:AO34) -> 7032
A35: 3 | B35: Jumlah surat suara dikembalikan oleh pemilih (karena rusak atau keliru coblos) | E35: 1 | F35: 0 | G35: 0 | H35: 0 | I35: 0 | J35: 3 | K35: 0 | L35: 1 | M35: 1 | N35: 0 | O35: 0 | P35: 0 | Q35: 0 | R35: 1 | S35: 1 | T35: 0 | U35: 0 | V35: 0 | W35: 2 | X35: 1 | Y35: 0 | Z35: 0 | AA35: 0 | AB35: 1 | AC35: 1 | AD35: 0 | AE35: 0 | AF35: 3 | AG35: 0 | AH35: 0 | AI35: 0 | AJ35: 0 | AK35: 0 | AL35: 0 | AM35: 0 | AN35: 2 | AO35: 0 | AP35: =SUM(E35:AO35) -> 18
A36: 4 | B36: Jumlah surat suara yang tidak digunakan/tidak terpakai, termasuk sisa surat suara cadangan | E36: =E33-(E34+E35) -> 78 | F36: =F33-(F34+F35) -> 39 | G36: =G33-(G34+G35) -> 58 | H36: =H33-(H34+H35) -> 58 | I36: =I33-(I34+I35) -> 52 | J36: =J33-(J34+J35) -> 45 | K36: =K33-(K34+K35) -> 67 | L36: =L33-(L34+L35) -> 61 | ... AO36: =AO33-(AO34+AO35) -> 20 | AP36: =SUM(E36:AO36) -> 2006
A38: III | B38: DATA PEMILIH DISABILITAS
B39: Jumlah seluruh Pemilih disabilitas yang menggunakan hak pilih | D39: LK | J39: 1 | L39: 1 | O39: 2 | W39: 2 | AF39: 1 | AP39: =SUM(E39:AO39) -> 7
D40: PR | J40: 5 | K40: 2 | L40: 2 | O40: 2 | R40: 1 | W40: 1 | AF40: 1 | AP40: =SUM(E40:AO40) -> 14
D41: JML | E41: =SUM(E39:E40) -> 0 | F41: =SUM(F39:F40) -> 0 | G41: =SUM(G39:G40) -> 0 | H41: =SUM(H39:H40) -> 0 | I41: =SUM(I39:I40) -> 0 | J41: =SUM(J39:J40) -> 6 | K41: =SUM(K39:K40) -> 2 | L41: =SUM(L39:L40) -> 3 | ... AO41: =SUM(AO39:AO40) -> 0 | AP41: =SUM(E41:AO41) -> 21
A43: IV | B43: DATA RINCIAN PEROLEHAN SUARA PASANGAN CALON BUPATI DAN WAKIL BUPATI
A44: NOMOR DAN NAMA CALON
A45: A.1 | B45: 1. | C45: Partai Kebangkitan Bangsa | E45: 15 | F45: 10 | G45: 7 | H45: 5 | I45: 13 | J45: 6 | K45: 4 | L45: 4 | M45: 0 | N45: 3 | O45: 2 | P45: 1 | Q45: 2 | R45: 4 | S45: 6 | T45: 6 | U45: 1 | V45: 2 | W45: 6 | X45: 5 | Y45: 7 | Z45: 1 | AA45: 4 | AB45: 4 | AC45: 6 | AD45: 2 | AE45: 9 | AF45: 1 | AG45: 5 | AH45: 4 | AI45: 3 | AJ45: 2 | AK45: 4 | AL45: 40 | AM45: 29 | AN45: 7 | AO45: 4 | AP45: =SUM(E45:AO45) -> 234
A46: A.2 | B46: 1 | C46: 1. Dr. Hj. NIHAYATUL WAFIROH, M.A. | E46: 7 | F46: 4 | G46: 14 | H46: 7 | I46: 11 | J46: 6 | K46: 20 | L46: 29 | M46: 13 | N46: 15 | O46: 16 | P46: 7 | Q46: 6 | R46: 15 | S46: 6 | T46: 11 | U46: 1 | V46: 7 | W46: 8 | X46: 10 | Y46: 5 | Z46: 2 | AA46: 6 | AB46: 2 | AC46: 6 | AD46: 21 | AE46: 26 | AF46: 9 | AG46: 6 | AH46: 13 | AI46: 2 | AJ46: 2 | AK46: 1 | AL46: 73 | AM46: 76 | AN46: 26 | AO46: 8 | AP46: =SUM(E46:AO46) -> 497
B47: 2 | C47: 2. H. M. NASIM KHAN | E47: 1 | F47: 7 | G47: 5 | H47: 1 | I47: 2 | J47: 28 | K47: 21 | L47: 11 | M47: 1 | N47: 7 | O47: 1 | P47: 1 | Q47: 0 | R47: 2 | S47: 2 | T47: 1 | U47: 1 | V47: 3 | W47: 0 | X47: 2 | Y47: 2 | Z47: 1 | AA47: 2 | AB47: 2 | AC47: 3 | AD47: 0 | AE47: 5 | AF47: 4 | AG47: 1 | AH47: 2 | AI47: 3 | AJ47: 7 | AK47: 2 | AL47: 5 | AM47: 7 | AN47: 3 | AO47: 4 | AP47: =SUM(E47:AO47) -> 150
B48: 3 | C48: 3. Dr. H. AKIK ZAMAN, M.Pd.I. | E48: 7 | F48: 5 | G48: 5 | H48: 1 | I48: 11 | J48: 3 | K48: 2 | L48: 6 | M48: 1 | N48: 2 | O48: 3 | P48: 1 | Q48: 3 | R48: 1 | S48: 2 | T48: 0 | U48: 2 | V48: 3 | W48: 2 | X48: 6 | Y48: 0 | Z48: 0 | AA48: 0 | AB48: 2 | AC48: 0 | AD48: 4 | AE48: 3 | AF48: 3 | AG48: 1 | AH48: 4 | AI48: 0 | AJ48: 0 | AK48: 0 | AL48: 3 | AM48: 2 | AN48: 0 | AO48: 0 | AP48: =SUM(E48:AO48) -> 88
B49: 4 | C49: 4. AHMAD RIFA'I, S.H. | E49: 1 | F49: 3 | G49: 1 | H49: 0 | I49: 0 | J49: 0 | K49: 1 | L49: 1 | M49: 0 | N49: 1 | O49: 1 | P49: 0 | Q49: 1 | R49: 1 | S49: 0 | T49: 0 | U49: 0 | V49: 1 | W49: 0 | X49: 0 | Y49: 0 | Z49: 0 | AA49: 0 | AB49: 1 | AC49: 0 | AD49: 0 | AE49: 0 | AF49: 1 | AG49: 0 | AH49: 1 | AI49: 3 | AJ49: 0 | AK49: 0 | AL49: 2 | AM49: 0 | AN49: 0 | AO49: 0 | AP49: =SUM(E49:AO49) -> 20
B50: 5 | C50: 5. Drs. H. MAHFUD M.N. | E50: 1 | F50: 1 | G50: 0 | H50: 0 | I50: 4 | J50: 0 | K50: 0 | L50: 0 | M50: 1 | N50: 1 | O50: 0 | P50: 0 | Q50: 0 | R50: 0 | S50: 0 | T50: 1 | U50: 0 | V50: 1 | W50: 0 | X50: 0 | Y50: 0 | Z50: 0 | AA50: 0 | AB50: 1 | AC50: 0 | AD50: 1 | AE50: 0 | AF50: 2 | AG50: 0 | AH50: 0 | AI50: 0 | AJ50: 1 | AK50: 0 | AL50: 1 | AM50: 1 | AN50: 0 | AO50: 0 | AP50: =SUM(E50:AO50) -> 17
B51: 6 | C51: 6. NURHAYATI, S.Pd. | E51: 0 | F51: 0 | G51: 0 | H51: 0 | I51: 0 | J51: 0 | K51: 0 | L51: 0 | M51: 0 | N51: 0 | O51: 0 | P51: 0 | Q51: 0 | R51: 0 | S51: 0 | T51: 0 | U51: 1 | V51: 0 | W51: 0 | X51: 1 | Y51: 0 | Z51: 1 | AA51: 0 | AB51: 1 | AC51: 0 | AD51: 0 | AE51: 1 | AF51: 0 | AG51: 0 | AH51: 0 | AI51: 0 | AJ51: 1 | AK51: 0 | AL51: 0 | AM51: 0 | AN51: 0 | AO51: 0 | AP51: =SUM(E51:AO51) -> 6
B52: 7 | C52: 7. MAFTUHA KISWAH | E52: 0 | F52: 1 | G52: 0 | H52: 0 | I52: 0 | J52: 0 | K52: 1 | L52: 0 | M52: 0 | N52: 0 | O52: 0 | P52: 0 | Q52: 0 | R52: 0 | S52: 0 | T52: 1 | U52: 0 | V52: 0 | W52: 0 | X52: 0 | Y52: 0 | Z52: 0 | AA52: 0 | AB52: 0 | AC52: 0 | AD52: 0 | AE52: 0 | AF52: 0 | AG52: 0 | AH52: 0 | AI52: 0 | AJ52: 0 | AK52: 0 | AL52: 0 | AM52: 0 | AN52: 0 | AO52: 0 | AP52: =SUM(E52:AO52) -> 3
AP53: =SUM(E53:AO53) -> 0
AP54: =SUM(E54:AO54) -> 0
A55: B | B55: JUMLAH SUARA SAH PARTAI POLITIK DAN CALON (A1 + A2) | E55: =SUM(E45:E52) -> 32 | F55: =SUM(F45:F52) -> 31 | G55: =SUM(G45:G52) -> 32 | H55: =SUM(H45:H52) -> 14 | I55: =SUM(I45:I52) -> 41 | J55: =SUM(J45:J52) -> 43 | K55: =SUM(K45:K52) -> 49 | L55: =SUM(L45:L52) -> 51 | ... AO55: =SUM(AO45:AO52) -> 16 | AP55: =SUM(E55:AO55) -> 1015
A57: A.1 | B57: 2. | C57: Partai Gerakan Indonesia Raya | E57: 14 | F57: 9 | G57: 7 | H57: 4 | I57: 1 | J57: 3 | K57: 2 | L57: 1 | M57: 3 | N57: 3 | O57: 11 | P57: 5 | Q57: 11 | R57: 16 | S57: 14 | T57: 16 | U57: 4 | V57: 14 | W57: 12 | X57: 6 | Y57: 8 | Z57: 6 | AA57: 9 | AB57: 12 | AC57: 6 | AD57: 5 | AE57: 4 | AF57: 24 | AG57: 9 | AH57: 6 | AI57: 11 | AJ57: 1 | AK57: 8 | AL57: 0 | AM57: 3 | AN57: 3 | AO57: 4 | AP57: =SUM(E57:AO57) -> 275
A58: A.2 | B58: 1 | C58: 1. SUMAIL ABDULLAH | E58: 5 | F58: 8 | G58: 3 | H58: 2 | I58: 6 | J58: 2 | K58: 6 | L58: 3 | M58: 3 | N58: 5 | O58: 4 | P58: 5 | Q58: 5 | R58: 10 | S58: 6 | T58: 7 | U58: 5 | V58: 10 | W58: 10 | X58: 11 | Y58: 15 | Z58: 10 | AA58: 9 | AB58: 10 | AC58: 3 | AD58: 8 | AE58: 8 | AF58: 15 | AG58: 9 | AH58: 6 | AI58: 18 | AJ58: 6 | AK58: 10 | AL58: 11 | AM58: 5 | AN58: 4 | AO58: 18 | AP58: =SUM(E58:AO58) -> 281
B59: 2 | C59: 2. MUHAMMAD ALI ADRIAN SALEH | E59: 0 | F59: 2 | G59: 5 | H59: 1 | I59: 1 | J59: 16 | K59: 4 | L59: 6 | M59: 15 | N59: 0 | O59: 2 | P59: 2 | Q59: 1 | R59: 64 | S59: 3 | T59: 20 | U59: 54 | V59: 21 | W59: 34 | X59: 49 | Y59: 88 | Z59: 83 | AA59: 21 | AB59: 19 | AC59: 20 | AD59: 21 | AE59: 3 | AF59: 30 | AG59: 66 | AH59: 84 | AI59: 68 | AJ59: 6 | AK59: 72 | AL59: 1 | AM59: 1 | AN59: 3 | AO59: 0 | AP59: =SUM(E59:AO59) -> 886
B60: 3 | C60: 3. DURROTUN NAFISAH | E60: 1 | F60: 1 | G60: 1 | H60: 1 | I60: 0 | J60: 0 | K60: 0 | L60: 1 | M60: 0 | N60: 0 | O60: 2 | P60: 0 | Q60: 2 | R60: 1 | S60: 1 | T60: 2 | U60: 1 | V60: 2 | W60: 0 | X60: 2 | Y60: 1 | Z60: 0 | AA60: 4 | AB60: 0 | AC60: 0 | AD60: 3 | AE60: 0 | AF60: 2 | AG60: 2 | AH60: 0 | AI60: 0 | AJ60: 0 | AK60: 0 | AL60: 0 | AM60: 0 | AN60: 1 | AO60: 0 | AP60: =SUM(E60:AO60) -> 31
B61: 4 | C61: 4. H. EKO SUSILO NURHIDAYAT | E61: 2 | F61: 1 | G61: 1 | H61: 5 | I61: 1 | J61: 1 | K61: 0 | L61: 0 | M61: 2 | N61: 1 | O61: 1 | P61: 0 | Q61: 6 | R61: 4 | S61: 2 | T61: 0 | U61: 1 | V61: 5 | W61: 2 | X61: 16 | Y61: 0 | Z61: 2 | AA61: 2 | AB61: 3 | AC61: 0 | AD61: 2 | AE61: 0 | AF61: 2 | AG61: 2 | AH61: 2 | AI61: 1 | AJ61: 0 | AK61: 1 | AL61: 1 | AM61: 0 | AN61: 1 | AO61: 0 | AP61: =SUM(E61:AO61) -> 70
B62: 5 | C62: 5. KARNADI HARIJANTO, S.S. | E62: 1 | F62: 0 | G62: 0 | H62: 0 | I62: 0 | J62: 0 | K62: 0 | L62: 0 | M62: 0 | N62: 0 | O62: 0 | P62: 1 | Q62: 1 | R62: 0 | S62: 0 | T62: 0 | U62: 0 | V62: 2 | W62: 0 | X62: 0 | Y62: 0 | Z62: 0 | AA62: 4 | AB62: 0 | AC62: 0 | AD62: 0 | AE62: 0 | AF62: 0 | AG62: 0 | AH62: 0 | AI62: 0 | AJ62: 0 | AK62: 0 | AL62: 0 | AM62: 0 | AN62: 0 | AO62: 0 | AP62: =SUM(E62:AO62) -> 9
B63: 6 | C63: 6. NURHAYATI | E63: 1 | F63: 0 | G63: 1 | H63: 0 | I63: 1 | J63: 0 | K63: 0 | L63: 1 | M63: 1 | N63: 0 | O63: 0 | P63: 0 | Q63: 1 | R63: 2 | S63: 1 | T63: 0 | U63: 0 | V63: 0 | W63: 0 | X63: 0 | Y63: 0 | Z63: 0 | AA63: 1 | AB63: 0 | AC63: 0 | AD63: 0 | AE63: 0 | AF63: 1 | AG63: 0 | AH63: 0 | AI63: 0 | AJ63: 0 | AK63: 1 | AL63: 0 | AM63: 0 | AN63: 0 | AO63: 0 | AP63: =SUM(E63:AO63) -> 12
B64: 7 | C64: 7. MASHUDI | E64: 0 | F64: 0 | G64: 0 | H64: 1 | I64: 0 | J64: 1 | K64: 1 | L64: 1 | M64: 0 | N64: 0 | O64: 1 | P64: 0 | Q64: 1 | R64: 0 | S64: 1 | T64: 0 | U64: 0 | V64: 0 | W64: 3 | X64: 1 | Y64: 1 | Z64: 0 | AA64: 0 | AB64: 1 | AC64: 1 | AD64: 0 | AE64: 0 | AF64: 0 | AG64: 0 | AH64: 1 | AI64: 0 | AJ64: 2 | AK64: 0 | AL64: 0 | AM64: 0 | AN64: 0 | AO64: 0 | AP64: =SUM(E64:AO64) -> 17
AP65: =SUM(E65:AO65) -> 0
AP66: =SUM(E66:AO66) -> 0
A67: B | B67: JUMLAH SUARA SAH PARTAI POLITIK DAN CALON (A1 + A2) | E67: =SUM(E57:E64) -> 24 | F67: =SUM(F57:F64) -> 21 | G67: =SUM(G57:G64) -> 18 | H67: =SUM(H57:H64) -> 14 | I67: =SUM(I57:I64) -> 10 | J67: =SUM(J57:J64) -> 23 | K67: =SUM(K57:K64) -> 13 | L67: =SUM(L57:L64) -> 13 | ... AO67: =SUM(AO57:AO64) -> 22 | AP67: =SUM(E67:AO67) -> 1581
A69: A.1 | B69: 3. | C69: Partai Demokrasi Indonesia Perjuangan | E69: 3 | F69: 11 | G69: 4 | H69: 4 | I69: 6 | J69: 2 | K69: 5 | L69: 8 | M69: 1 | N69: 4 | O69: 5 | P69: 7 | Q69: 9 | R69: 2 | S69: 4 | T69: 7 | U69: 1 | V69: 6 | W69: 1 | X69: 6 | Y69: 3 | Z69: 0 | AA69: 7 | AB69: 8 | AC69: 6 | AD69: 2 | AE69: 4 | AF69: 5 | AG69: 7 | AH69: 1 | AI69: 3 | AJ69: 0 | AK69: 4 | AL69: 10 | AM69: 9 | AN69: 1 | AO69: 2 | AP69: =SUM(E69:AO69) -> 168
A70: A.2 | B70: 1 | C70: 1. SONNY TRI DANAPARAMITA, S.H., M.H. | E70: 0 | F70: 4 | G70: 1 | H70: 6 | I70: 2 | J70: 5 | K70: 10 | L70: 3 | M70: 6 | N70: 7 | O70: 19 | P70: 14 | Q70: 5 | R70: 1 | S70: 9 | T70: 5 | U70: 7 | V70: 10 | W70: 3 | X70: 5 | Y70: 2 | Z70: 4 | AA70: 2 | AB70: 3 | AC70: 5 | AD70: 3 | AE70: 4 | AF70: 5 | AG70: 5 | AH70: 5 | AI70: 1 | AJ70: 1 | AK70: 5 | AL70: 4 | AM70: 9 | AN70: 5 | AO70: 0 | AP70: =SUM(E70:AO70) -> 185
B71: 2 | C71: 2. H. MOHAMAD GUNTUR ROMLI | E71: 1 | F71: 4 | G71: 1 | H71: 1 | I71: 2 | J71: 1 | K71: 2 | L71: 6 | M71: 1 | N71: 1 | O71: 5 | P71: 1 | Q71: 2 | R71: 4 | S71: 3 | T71: 1 | U71: 0 | V71: 2 | W71: 0 | X71: 3 | Y71: 1 | Z71: 0 | AA71: 1 | AB71: 4 | AC71: 1 | AD71: 1 | AE71: 5 | AF71: 3 | AG71: 1 | AH71: 3 | AI71: 1 | AJ71: 0 | AK71: 1 | AL71: 6 | AM71: 9 | AN71: 0 | AO71: 0 | AP71: =SUM(E71:AO71) -> 78
B72: 3 | C72: 3. INA AMMANIA | E72: 1 | F72: 1 | G72: 19 | H72: 2 | I72: 6 | J72: 35 | K72: 32 | L72: 86 | M72: 35 | N72: 52 | O72: 4 | P72: 51 | Q72: 39 | R72: 1 | S72: 0 | T72: 2 | U72: 0 | V72: 1 | W72: 5 | X72: 1 | Y72: 10 | Z72: 4 | AA72: 13 | AB72: 14 | AC72: 25 | AD72: 3 | AE72: 55 | AF72: 13 | AG72: 24 | AH72: 12 | AI72: 2 | AJ72: 0 | AK72: 1 | AL72: 13 | AM72: 15 | AN72: 6 | AO72: 0 | AP72: =SUM(E72:AO72) -> 583
B73: 4 | C73: 4. IRWAN BACHTIAR RACHMAT, M.Si. | E73: 2 | F73: 1 | G73: 0 | H73: 0 | I73: 0 | J73: 0 | K73: 0 | L73: 1 | M73: 0 | N73: 0 | O73: 0 | P73: 2 | Q73: 0 | R73: 1 | S73: 1 | T73: 1 | U73: 1 | V73: 0 | W73: 0 | X73: 0 | Y73: 2 | Z73: 4 | AA73: 1 | AB73: 0 | AC73: 0 | AD73: 0 | AE73: 0 | AF73: 2 | AG73: 1 | AH73: 0 | AI73: 0 | AJ73: 0 | AK73: 0 | AL73: 2 | AM73: 0 | AN73: 0 | AO73: 0 | AP73: =SUM(E73:AO73) -> 22
B74: 5 | C74: 5. LUCKY PERDANA | E74: 2 | F74: 1 | G74: 0 | H74: 0 | I74: 0 | J74: 0 | K74: 1 | L74: 1 | M74: 1 | N74: 2 | O74: 3 | P74: 1 | Q74: 2 | R74: 0 | S74: 3 | T74: 1 | U74: 1 | V74: 2 | W74: 0 | X74: 0 | Y74: 3 | Z74: 2 | AA74: 1 | AB74: 0 | AC74: 3 | AD74: 1 | AE74: 0 | AF74: 0 | AG74: 1 | AH74: 0 | AI74: 1 | AJ74: 0 | AK74: 0 | AL74: 0 | AM74: 2 | AN74: 0 | AO74: 0 | AP74: =SUM(E74:AO74) -> 35
B75: 6 | C75: 6. WIWIK PUJIYATI | E75: 0 | F75: 0 | G75: 0 | H75: 0 | I75: 0 | J75: 0 | K75: 0 | L75: 0 | M75: 0 | N75: 1 | O75: 1 | P75: 0 | Q75: 0 | R75: 0 | S75: 0 | T75: 1 | U75: 0 | V75: 0 | W75: 0 | X75: 0 | Y75: 0 | Z75: 0 | AA75: 0 | AB75: 0 | AC75: 1 | AD75: 1 | AE75: 1 | AF75: 0 | AG75: 0 | AH75: 0 | AI75: 0 | AJ75: 1 | AK75: 1 | AL75: 0 | AM75: 1 | AN75: 0 | AO75: 1 | AP75: =SUM(E75:AO75) -> 10
B76: 7 | C76: 7. CHANDRA ASTAN, S.T. | E76: 0 | F76: 1 | G76: 1 | H76: 2 | I76: 0 | J76: 0 | K76: 0 | L76: 0 | M76: 0 | N76: 0 | O76: 1 | P76: 0 | Q76: 1 | R76: 0 | S76: 0 | T76: 0 | U76: 0 | V76: 1 | W76: 0 | X76: 0 | Y76: 1 | Z76: 1 | AA76: 0 | AB76: 0 | AC76: 2 | AD76: 0 | AE76: 0 | AF76: 0 | AG76: 0 | AH76: 0 | AI76: 0 | AJ76: 0 | AK76: 0 | AL76: 0 | AM76: 0 | AN76: 3 | AO76: 0 | AP76: =SUM(E76:AO76) -> 14
AP77: =SUM(E77:AO77) -> 0
AP78: =SUM(E78:AO78) -> 0
A79: B | B79: JUMLAH SUARA SAH PARTAI POLITIK DAN CALON (A1 + A2) | E79: =SUM(E69:E76) -> 9 | F79: =SUM(F69:F76) -> 23 | G79: =SUM(G69:G76) -> 26 | H79: =SUM(H69:H76) -> 15 | I79: =SUM(I69:I76) -> 16 | J79: =SUM(J69:J76) -> 43 | K79: =SUM(K69:K76) -> 50 | L79: =SUM(L69:L76) -> 105 | ... AO79: =SUM(AO69:AO76) -> 3 | AP79: =SUM(E79:AO79) -> 1095
A81: A.1 | B81: 4. | C81: Partai Golongan Karya | E81: 2 | F81: 0 | G81: 2 | H81: 7 | I81: 1 | J81: 0 | K81: 1 | L81: 2 | M81: 2 | N81: 2 | O81: 3 | P81: 1 | Q81: 4 | R81: 3 | S81: 9 | T81: 5 | U81: 1 | V81: 4 | W81: 3 | X81: 15 | Y81: 1 | Z81: 5 | AA81: 6 | AB81: 4 | AC81: 2 | AD81: 5 | AE81: 6 | AF81: 11 | AG81: 4 | AH81: 3 | AI81: 1 | AJ81: 3 | AK81: 6 | AL81: 8 | AM81: 9 | AN81: 9 | AO81: 10 | AP81: =SUM(E81:AO81) -> 160
A82: A.2 | B82: 1 | C82: 1. ZULFIKAR ARSE SADIKIN, S.I.P., M.Si. | E82: 4 | F82: 2 | G82: 1 | H82: 7 | I82: 4 | J82: 3 | K82: 1 | L82: 0 | M82: 6 | N82: 1 | O82: 6 | P82: 1 | Q82: 6 | R82: 11 | S82: 12 | T82: 11 | U82: 4 | V82: 9 | W82: 3 | X82: 8 | Y82: 13 | Z82: 15 | AA82: 11 | AB82: 15 | AC82: 5 | AD82: 3 | AE82: 10 | AF82: 10 | AG82: 4 | AH82: 0 | AI82: 1 | AJ82: 120 | AK82: 6 | AL82: 3 | AM82: 1 | AN82: 15 | AO82: 25 | AP82: =SUM(E82:AO82) -> 357
B83: 2 | C83: 2. HANDOKO | E83: 6 | F83: 0 | G83: 1 | H83: 8 | I83: 1 | J83: 0 | K83: 1 | L83: 1 | M83: 1 | N83: 0 | O83: 1 | P83: 2 | Q83: 5 | R83: 2 | S83: 5 | T83: 2 | U83: 0 | V83: 6 | W83: 2 | X83: 0 | Y83: 6 | Z83: 1 | AA83: 4 | AB83: 9 | AC83: 1 | AD83: 1 | AE83: 3 | AF83: 3 | AG83: 2 | AH83: 0 | AI83: 1 | AJ83: 3 | AK83: 4 | AL83: 0 | AM83: 3 | AN83: 4 | AO83: 3 | AP83: =SUM(E83:AO83) -> 92
B84: 3 | C84: 3. Hj. OVI DEWI YANTI | E84: 0 | F84: 0 | G84: 0 | H84: 2 | I84: 0 | J84: 0 | K84: 0 | L84: 0 | M84: 0 | N84: 0 | O84: 1 | P84: 2 | Q84: 0 | R84: 1 | S84: 1 | T84: 0 | U84: 0 | V84: 0 | W84: 0 | X84: 0 | Y84: 2 | Z84: 0 | AA84: 1 | AB84: 0 | AC84: 0 | AD84: 1 | AE84: 2 | AF84: 2 | AG84: 0 | AH84: 0 | AI84: 0 | AJ84: 0 | AK84: 0 | AL84: 0 | AM84: 1 | AN84: 1 | AO84: 1 | AP84: =SUM(E84:AO84) -> 18
B85: 4 | C85: 4. Ir. AZAM AZMAN NATAWIJANA | E85: 20 | F85: 0 | G85: 1 | H85: 1 | I85: 0 | J85: 1 | K85: 1 | L85: 0 | M85: 0 | N85: 0 | O85: 0 | P85: 0 | Q85: 0 | R85: 0 | S85: 0 | T85: 0 | U85: 1 | V85: 1 | W85: 0 | X85: 1 | Y85: 0 | Z85: 0 | AA85: 1 | AB85: 1 | AC85: 1 | AD85: 0 | AE85: 0 | AF85: 1 | AG85: 0 | AH85: 2 | AI85: 1 | AJ85: 1 | AK85: 2 | AL85: 0 | AM85: 0 | AN85: 1 | AO85: 0 | AP85: =SUM(E85:AO85) -> 38
B86: 5 | C86: 5. UBAIDILLAH AMIN, S.Kom. | E86: 0 | F86: 0 | G86: 1 | H86: 1 | I86: 0 | J86: 1 | K86: 0 | L86: 0 | M86: 0 | N86: 0 | O86: 1 | P86: 0 | Q86: 1 | R86: 0 | S86: 2 | T86: 0 | U86: 0 | V86: 0 | W86: 0 | X86: 2 | Y86: 0 | Z86: 1 | AA86: 1 | AB86: 0 | AC86: 0 | AD86: 0 | AE86: 0 | AF86: 0 | AG86: 1 | AH86: 1 | AI86: 0 | AJ86: 0 | AK86: 0 | AL86: 0 | AM86: 0 | AN86: 0 | AO86: 0 | AP86: =SUM(E86:AO86) -> 13
B87: 6 | C87: 6. DENNY YUNIANDARI, S.H., M.Kn. | E87: 0 | F87: 0 | G87: 0 | H87: 0 | I87: 0 | J87: 0 | K87: 0 | L87: 0 | M87: 0 | N87: 0 | O87: 0 | P87: 0 | Q87: 0 | R87: 0 | S87: 0 | T87: 0 | U87: 0 | V87: 0 | W87: 0 | X87: 0 | Y87: 0 | Z87: 0 | AA87: 0 | AB87: 0 | AC87: 0 | AD87: 1 | AE87: 0 | AF87: 1 | AG87: 0 | AH87: 0 | AI87: 0 | AJ87: 0 | AK87: 0 | AL87: 0 | AM87: 0 | AN87: 0 | AO87: 0 | AP87: =SUM(E87:AO87) -> 2
B88: 7 | C88: 7. ERNADI, S.H.I. | E88: 1 | F88: 0 | G88: 0 | H88: 0 | I88: 0 | J88: 0 | K88: 0 | L88: 0 | M88: 0 | N88: 0 | O88: 1 | P88: 0 | Q88: 0 | R88: 0 | S88: 0 | T88: 0 | U88: 0 | V88: 0 | W88: 0 | X88: 1 | Y88: 0 | Z88: 0 | AA88: 0 | AB88: 0 | AC88: 0 | AD88: 1 | AE88: 1 | AF88: 0 | AG88: 0 | AH88: 0 | AI88: 1 | AJ88: 0 | AK88: 0 | AL88: 0 | AM88: 0 | AN88: 0 | AO88: 0 | AP88: =SUM(E88:AO88) -> 6
AP89: =SUM(E89:AO89) -> 0
AP90: =SUM(E90:AO90) -> 0
A91: B | B91: JUMLAH SUARA SAH PARTAI POLITIK DAN CALON (A1 + A2) | E91: =SUM(E81:E88) -> 33 | F91: =SUM(F81:F88) -> 2 | G91: =SUM(G81:G88) -> 6 | H91: =SUM(H81:H88) -> 26 | I91: =SUM(I81:I88) -> 6 | J91: =SUM(J81:J88) -> 5 | K91: =SUM(K81:K88) -> 4 | L91: =SUM(L81:L88) -> 3 | ... AO91: =SUM(AO81:AO88) -> 39 | AP91: =SUM(E91:AO91) -> 686
A93: A.1 | B93: 5. | C93: Partai NasDem | E93: 5 | F93: 3 | G93: 1 | H93: 0 | I93: 0 | J93: 0 | K93: 0 | L93: 4 | M93: 2 | N93: 0 | O93: 4 | P93: 1 | Q93: 0 | R93: 1 | S93: 1 | T93: 6 | U93: 0 | V93: 0 | W93: 1 | X93: 1 | Y93: 0 | Z93: 1 | AA93: 1 | AB93: 1 | AC93: 0 | AD93: 1 | AE93: 1 | AF93: 0 | AG93: 2 | AH93: 0 | AJ93: 2 | AK93: 1 | AL93: 4 | AM93: 1 | AO93: 3 | AP93: =SUM(E93:AO93) -> 48
A94: A.2 | B94: 1 | C94: 1. ACH. FADIL MUZAKKI SYAH | E94: 3 | F94: 2 | G94: 8 | H94: 2 | I94: 18 | J94: 4 | K94: 2 | L94: 6 | M94: 2 | N94: 2 | O94: 1 | P94: 4 | Q94: 4 | R94: 2 | S94: 2 | T94: 4 | U94: 1 | V94: 9 | W94: 3 | X94: 4 | Y94: 11 | Z94: 10 | AA94: 2 | AB94: 2 | AC94: 5 | AD94: 20 | AE94: 2 | AF94: 0 | AG94: 0 | AH94: 2 | AI94: 1 | AO94: 1 | AP94: =SUM(E94:AO94) -> 139
B95: 2 | C95: 2. BENY | E95: 0 | F95: 0 | G95: 1 | H95: 2 | I95: 0 | J95: 0 | K95: 0 | L95: 0 | M95: 0 | N95: 1 | O95: 0 | P95: 0 | Q95: 1 | R95: 0 | S95: 2 | T95: 1 | U95: 2 | V95: 0 | W95: 0 | X95: 0 | Y95: 0 | Z95: 1 | AA95: 0 | AB95: 0 | AC95: 0 | AD95: 1 | AE95: 1 | AF95: 0 | AG95: 0 | AH95: 0 | AI95: 1 | AN95: 4 | AO95: 1 | AP95: =SUM(E95:AO95) -> 19
B96: 3 | C96: 3. VINA VERONIKA | E96: 0 | F96: 1 | G96: 0 | H96: 0 | I96: 0 | J96: 0 | K96: 0 | L96: 1 | M96: 0 | N96: 0 | O96: 1 | P96: 0 | Q96: 0 | R96: 0 | S96: 1 | T96: 0 | U96: 0 | V96: 0 | W96: 0 | X96: 0 | Y96: 0 | Z96: 0 | AA96: 0 | AB96: 0 | AC96: 0 | AD96: 0 | AE96: 0 | AF96: 0 | AG96: 0 | AH96: 0 | AJ96: 1 | AP96: =SUM(E96:AO96) -> 5
B97: 4 | C97: 4. TEDDY ANUGRIANTO | E97: 1 | F97: 1 | G97: 0 | H97: 0 | I97: 0 | J97: 0 | K97: 0 | L97: 4 | M97: 0 | N97: 0 | O97: 0 | P97: 0 | Q97: 2 | R97: 0 | S97: 1 | T97: 1 | U97: 1 | V97: 0 | W97: 0 | X97: 0 | Y97: 0 | Z97: 2 | AA97: 0 | AB97: 0 | AC97: 4 | AD97: 0 | AE97: 0 | AF97: 1 | AG97: 0 | AH97: 0 | AJ97: 2 | AK97: 1 | AN97: 1 | AP97: =SUM(E97:AO97) -> 22
B98: 5 | C98: 5. INSAN KAMIL | E98: 0 | F98: 0 | G98: 0 | H98: 0 | I98: 0 | J98: 0 | K98: 0 | L98: 2 | M98: 0 | N98: 0 | O98: 0 | P98: 0 | Q98: 0 | R98: 1 | S98: 2 | T98: 0 | U98: 0 | V98: 0 | W98: 1 | X98: 1 | Y98: 0 | Z98: 0 | AA98: 0 | AB98: 0 | AC98: 0 | AD98: 0 | AE98: 0 | AF98: 0 | AG98: 0 | AH98: 0 | AJ98: 1 | AK98: 1 | AM98: 1 | AN98: 1 | AP98: =SUM(E98:AO98) -> 11
B99: 6 | C99: 6. LILIK LINDARWATI | E99: 0 | F99: 0 | G99: 0 | H99: 0 | I99: 0 | J99: 0 | K99: 0 | L99: 0 | M99: 0 | N99: 0 | O99: 0 | P99: 1 | Q99: 0 | R99: 1 | S99: 1 | T99: 1 | U99: 1 | V99: 0 | W99: 0 | X99: 0 | Y99: 0 | Z99: 0 | AA99: 0 | AB99: 0 | AC99: 1 | AD99: 0 | AE99: 0 | AF99: 1 | AG99: 0 | AH99: 0 | AP99: =SUM(E99:AO99) -> 7
B100: 7 | C100: 7. YULI ANITA | E100: 1 | F100: 0 | G100: 0 | H100: 1 | I100: 1 | J100: 0 | K100: 0 | L100: 0 | M100: 0 | N100: 0 | O100: 0 | P100: 0 | Q100: 0 | R100: 0 | S100: 1 | T100: 2 | U100: 0 | V100: 0 | W100: 0 | X100: 0 | Y100: 0 | Z100: 0 | AA100: 1 | AB100: 0 | AC100: 0 | AD100: 0 | AE100: 0 | AF100: 0 | AG100: 0 | AH100: 0 | AP100: =SUM(E100:AO100) -> 7
AP101: =SUM(E101:AO101) -> 0
AP102: =SUM(E102:AO102) -> 0
A103: B | B103: JUMLAH SUARA SAH PARTAI POLITIK DAN CALON (A1 + A2) | E103: =SUM(E93:E100) -> 10 | F103: =SUM(F93:F100) -> 7 | G103: =SUM(G93:G100) -> 10 | H103: =SUM(H93:H100) -> 5 | I103: =SUM(I93:I100) -> 19 | J103: =SUM(J93:J100) -> 4 | K103: =SUM(K93:K100) -> 2 | L103: =SUM(L93:L100) -> 17 | ... AO103: =SUM(AO93:AO100) -> 5 | AP103: =SUM(E103:AO103) -> 258
A105: A.1 | B105: 6. | C105: Partai Buruh | E105: 0 | F105: 0 | G105: 0 | H105: 0 | I105: 0 | J105: 0 | K105: 0 | L105: 0 | M105: 0 | N105: 0 | O105: 0 | P105: 0 | Q105: 0 | R105: 1 | S105: 0 | T105: 0 | U105: 0 | V105: 0 | W105: 0 | X105: 1 | Y105: 0 | Z105: 0 | AA105: 0 | AB105: 0 | AC105: 1 | AD105: 0 | AE105: 1 | AF105: 0 | AG105: 1 | AH105: 0 | AP105: =SUM(E105:AO105) -> 5
A106: A.2 | B106: 1 | C106: 1. KHOIRUL ANAM | E106: 1 | F106: 0 | G106: 0 | H106: 1 | I106: 0 | J106: 0 | K106: 0 | L106: 0 | M106: 1 | N106: 0 | O106: 0 | P106: 0 | Q106: 0 | R106: 0 | S106: 0 | T106: 0 | U106: 0 | V106: 0 | W106: 0 | X106: 0 | Y106: 0 | Z106: 0 | AA106: 0 | AB106: 0 | AC106: 0 | AD106: 1 | AE106: 0 | AF106: 0 | AG106: 0 | AH106: 0 | AP106: =SUM(E106:AO106) -> 4
B107: 2 | C107: 2. INA KURNIA | E107: 0 | F107: 1 | G107: 0 | H107: 0 | I107: 0 | J107: 0 | K107: 0 | L107: 0 | M107: 0 | N107: 0 | O107: 0 | P107: 1 | Q107: 0 | R107: 0 | S107: 0 | T107: 0 | U107: 0 | V107: 0 | W107: 0 | X107: 0 | Y107: 0 | Z107: 0 | AA107: 0 | AB107: 0 | AC107: 1 | AD107: 0 | AE107: 0 | AF107: 0 | AG107: 0 | AH107: 0 | AK107: 1 | AL107: 1 | AP107: =SUM(E107:AO107) -> 5
B108: 3 | C108: 3. JIBRAL TAROUK | E108: 1 | F108: 0 | G108: 1 | H108: 0 | I108: 0 | J108: 0 | K108: 0 | L108: 0 | M108: 0 | N108: 0 | O108: 0 | P108: 0 | Q108: 0 | R108: 0 | S108: 0 | T108: 0 | U108: 0 | V108: 0 | W108: 0 | X108: 1 | Y108: 1 | Z108: 0 | AA108: 0 | AB108: 0 | AC108: 0 | AD108: 0 | AE108: 0 | AF108: 0 | AG108: 0 | AH108: 0 | AP108: =SUM(E108:AO108) -> 4
B109: 4 | C109: 4. ASTUTI DAENG PUJI | E109: 0 | F109: 0 | G109: 0 | H109: 0 | I109: 0 | J109: 0 | K109: 0 | L109: 0 | M109: 0 | N109: 0 | O109: 0 | P109: 0 | Q109: 0 | R109: 1 | S109: 0 | T109: 0 | U109: 0 | V109: 0 | W109: 0 | X109: 0 | Y109: 0 | Z109: 0 | AA109: 0 | AB109: 0 | AC109: 0 | AD109: 0 | AE109: 0 | AF109: 1 | AG109: 0 | AH109: 0 | AJ109: 1 | AL109: 1 | AP109: =SUM(E109:AO109) -> 4
B110: 5 | C110: 5. ASDARMAWAN | E110: 0 | F110: 0 | G110: 0 | H110: 0 | I110: 0 | J110: 0 | K110: 0 | L110: 0 | M110: 0 | N110: 0 | O110: 0 | P110: 0 | Q110: 0 | R110: 0 | S110: 0 | T110: 0 | U110: 0 | V110: 0 | W110: 0 | X110: 0 | Y110: 0 | Z110: 0 | AA110: 0 | AB110: 0 | AC110: 0 | AD110: 0 | AE110: 0 | AF110: 0 | AG110: 0 | AH110: 0 | AP110: =SUM(E110:AO110) -> 0
B111: 6 | C111: 6. RIFQI MUBAROK | E111: 0 | F111: 0 | G111: 0 | H111: 0 | I111: 0 | J111: 0 | K111: 0 | L111: 0 | M111: 0 | N111: 0 | O111: 0 | P111: 0 | Q111: 0 | R111: 0 | S111: 0 | T111: 0 | U111: 0 | V111: 0 | W111: 0 | X111: 0 | Y111: 0 | Z111: 0 | AA111: 0 | AB111: 0 | AC111: 0 | AD111: 0 | AE111: 0 | AF111: 0 | AG111: 0 | AH111: 0 | AP111: =SUM(E111:AO111) -> 0
B112: 7 | C112: 7. FIRNANDA ALTA MEGA | E112: 0 | F112: 0 | G112: 0 | H112: 0 | I112: 0 | J112: 0 | K112: 0 | L112: 0 | M112: 0 | N112: 0 | O112: 0 | P112: 0 | Q112: 0 | R112: 0 | S112: 0 | T112: 0 | U112: 0 | V112: 1 | W112: 0 | X112: 0 | Y112: 0 | Z112: 0 | AA112: 0 | AB112: 0 | AC112: 0 | AD112: 0 | AE112: 0 | AF112: 0 | AG112: 0 | AH112: 0 | AP112: =SUM(E112:AO112) -> 1
AP113: =SUM(E113:AO113) -> 0
AP114: =SUM(E114:AO114) -> 0
A115: B | B115: JUMLAH SUARA SAH PARTAI POLITIK DAN CALON (A1 + A2) | E115: =SUM(E105:E112) -> 2 | F115: =SUM(F105:F112) -> 1 | G115: =SUM(G105:G112) -> 1 | H115: =SUM(H105:H112) -> 1 | I115: =SUM(I105:I112) -> 0 | J115: =SUM(J105:J112) -> 0 | K115: =SUM(K105:K112) -> 0 | L115: =SUM(L105:L112) -> 0 | ... AO115: =SUM(AO105:AO112) -> 0 | AP115: =SUM(E115:AO115) -> 23
A117: A.1 | B117: 7. | C117: Partai Gelombang Rakyat Indonesia | E117: 1 | F117: 1 | G117: 2 | H117: 0 | I117: 0 | J117: 0 | K117: 0 | L117: 0 | M117: 1 | N117: 0 | O117: 0 | P117: 0 | Q117: 1 | R117: 0 | S117: 2 | T117: 2 | U117: 1 | V117: 0 | W117: 2 | X117: 1 | Y117: 0 | Z117: 0 | AA117: 1 | AB117: 1 | AC117: 0 | AD117: 0 | AE117: 4 | AF117: 0 | AG117: 0 | AH117: 0 | AI117: 1 | AP117: =SUM(E117:AO117) -> 21
...

Sheet TULUNGREJO
C2: Kecamatan | D2: GLENMORE
C3: Kabupaten | D3: BANYUWANGI
C4: Provinsi | D4: JAWA TIMUR
C9: Kelurahan | D9: TULUNGREJO
A12: I | B12: DATA PEMILIH DAN PENGGUNAAN HAK PILIH | BL12: JUMLAH AKHIR
A13: A | B13: DATA PEMILIH | E13: TPS 001 | F13: TPS 002 | G13: TPS 003 | H13: TPS 004 | I13: TPS 005 | J13: TPS 006 | K13: TPS 007 | L13: TPS 008 | M13: TPS 009 | N13: TPS 010 | O13: TPS 011 | P13: TPS 012 | Q13: TPS 013 | R13: TPS 014 | S13: TPS 015 | T13: TPS 016 | U13: TPS 017 | V13: TPS 018 | W13: TPS 019 | X13: TPS 020 | Y13: TPS 021 | Z13: TPS 022 | AA13: TPS 023 | AB13: TPS 024 | AC13: TPS 025 | AD13: TPS 026 | AE13: TPS 027 | AF13: TPS 028 | AG13: TPS 029 | AH13: TPS 030 | AI13: TPS 031 | AJ13: TPS 032 | AK13: TPS 033 | AL13: TPS 034 | AM13: TPS 035 | AN13: TPS 036 | AO13: TPS 037 | AP13: TPS 038 | AQ13: TPS 039 | AR13: TPS 040 | AS13: TPS 041 | AT13: TPS 042 | AU13: TPS 043 | AV13: TPS 044 | AW13: TPS 045 | AX13: TPS 046 | AY13: TPS 047 | AZ13: TPS 048 | BA13: TPS 049 | BB13: TPS 050 | BC13: TPS 051 | BD13: TPS 052 | BE13: TPS 053 | BF13: TPS 054 | BG13: TPS 055 | BH13: TPS 056 | BI13: TPS 057 | BJ13: TPS 058 | BK13: TPS 059
B14: Jumlah Pemilih dalam Daftar Pemilih Tetap (DPT) | D14: LK | E14: 128 | F14: 143 | G14: 132 | H14: 93 | I14: 143 | J14: 135 | K14: 131 | L14: 148 | M14: 151 | N14: 82 | O14: 97 | P14: 124 | Q14: 119 | R14: 144 | S14: 141 | T14: 82 | U14: 130 | V14: 138 | W14: 123 | X14: 107 | Y14: 141 | Z14: 148 | AA14: 87 | AB14: 74 | AC14: 63 | AD14: 127 | AE14: 116 | AF14: 111 | AG14: 101 | AH14: 84 | AI14: 140 | AJ14: 155 | AK14: 150 | AL14: 110 | AM14: 122 | AN14: 90 | AO14: 131 | AP14: 77 | AQ14: 92 | AR14: 150 | AS14: 128 | AT14: 103 | AU14: 96 | AV14: 80 | AW14: 134 | AX14: 113 | AY14: 105 | AZ14: 105 | BA14: 71 | BB14: 88 | BC14: 136 | BD14: 120 | BE14: 138 | BF14: 130 | BG14: 55 | BH14: 95 | BI14: 89 | BJ14: 88 | BK14: 101 | BL14: =SUM(E14:BK14) -> 6735
D15: PR | E15: 134 | F15: 142 | G15: 132 | H15: 96 | I15: 156 | J15: 149 | K15: 153 | L15: 145 | M15: 144 | N15: 93 | O15: 103 | P15: 152 | Q15: 111 | R15: 149 | S15: 147 | T15: 73 | U15: 163 | V15: 133 | W15: 147 | X15: 112 | Y15: 144 | Z15: 149 | AA15: 95 | AB15: 81 | AC15: 73 | AD15: 133 | AE15: 122 | AF15: 94 | AG15: 116 | AH15: 89 | AI15: 152 | AJ15: 144 | AK15: 147 | AL15: 101 | AM15: 120 | AN15: 105 | AO15: 131 | AP15: 82 | AQ15: 88 | AR15: 149 | AS15: 156 | AT15: 110 | AU15: 86 | AV15: 80 | AW15: 137 | AX15: 120 | AY15: 105 | AZ15: 120 | BA15: 68 | BB15: 106 | BC15: 142 | BD15: 141 | BE15: 141 | BF15: 162 | BG15: 57 | BH15: 99 | BI15: 100 | BJ15: 99 | BK15: 112 | BL15: =SUM(E15:BK15) -> 7090
D16: JML | E16: =SUM(E14:E15) -> 262 | F16: =SUM(F14:F15) -> 285 | G16: =SUM(G14:G15) -> 264 | H16: =SUM(H14:H15) -> 189 | I16: =SUM(I14:I15) -> 299 | J16: =SUM(J14:J15) -> 284 | K16: =SUM(K14:K15) -> 284 | L16: =SUM(L14:L15) -> 293 | ... BK16: =SUM(BK14:BK15) -> 213 | BL16: =SUM(E16:BK16) -> 13825
A18: B | B18: PENGGUNA HAK PILIH
B19: 1. | C19: Jumlah pengguna hak pilih dalam Daftar Pemilih Tetap (DPT) | D19: LK | E19: 89 | F19: 92 | G19: 100 | H19: 69 | I19: 106 | J19: 93 | K19: 82 | L19: 109 | M19: 112 | N19: 53 | O19: 77 | P19: 96 | Q19: 112 | R19: 119 | S19: 105 | T19: 62 | U19: 90 | V19: 84 | W19: 87 | X19: 75 | Y19: 105 | Z19: 112 | AA19: 63 | AB19: 61 | AC19: 53 | AD19: 93 | AE19: 93 | AF19: 88 | AG19: 74 | AH19: 58 | AI19: 103 | AJ19: 112 | AK19: 114 | AL19: 90 | AM19: 90 | AN19: 68 | AO19: 87 | AP19: 57 | AQ19: 66 | AR19: 117 | AS19: 102 | AT19: 72 | AU19: 60 | AV19: 60 | AW19: 101 | AX19: 88 | AY19: 87 | AZ19: 89 | BA19: 60 | BB19: 58 | BC19: 86 | BD19: 74 | BE19: 103 | BF19: 79 | BG19: 54 | BH19: 86 | BI19: 82 | BJ19: 66 | BK19: 89 | BL19: =SUM(E19:BK19) -> 5012
D20: PR | E20: 96 | F20: 102 | G20: 104 | H20: 82 | I20: 121 | J20: 114 | K20: 117 | L20: 109 | M20: 116 | N20: 77 | O20: 77 | P20: 105 | Q20: 104 | R20: 126 | S20: 125 | T20: 59 | U20: 123 | V20: 92 | W20: 104 | X20: 86 | Y20: 108 | Z20: 128 | AA20: 70 | AB20: 66 | AC20: 67 | AD20: 104 | AE20: 94 | AF20: 84 | AG20: 99 | AH20: 70 | AI20: 125 | AJ20: 111 | AK20: 113 | AL20: 87 | AM20: 91 | AN20: 77 | AO20: 102 | AP20: 76 | AQ20: 70 | AR20: 131 | AS20: 128 | AT20: 84 | AU20: 71 | AV20: 66 | AW20: 104 | AX20: 96 | AY20: 90 | AZ20: 96 | BA20: 61 | BB20: 85 | BC20: 98 | BD20: 102 | BE20: 107 | BF20: 107 | BG20: 57 | BH20: 96 | BI20: 95 | BJ20: 68 | BK20: 104 | BL20: =SUM(E20:BK20) -> 5627
D21: JML | E21: =SUM(E19:E20) -> 185 | F21: =SUM(F19:F20) -> 194 | G21: =SUM(G19:G20) -> 204 | H21: =SUM(H19:H20) -> 151 | I21: =SUM(I19:I20) -> 227 | J21: =SUM(J19:J20) -> 207 | K21: =SUM(K19:K20) -> 199 | L21: =SUM(L19:L20) -> 218 | ... BK21: =SUM(BK19:BK20) -> 193 | BL21: =SUM(E21:BK21) -> 10639
B22: 2. | C22: Jumlah pengguna hak pilih dalam Daftar Pemilih Tambahan (DPTb) | D22: LK | AF22: 1 | AN22: 1 | AZ22: 2 | BC22: 1 | BD22: 1 | BG22: 1 | BH22: 1 | BK22: 2 | BL22: =SUM(E22:BK22) -> 10
D23: PR | Q23: 4 | AJ23: 1 | AO23: 1 | AZ23: 1 | BK23: 1 | BL23: =SUM(E23:BK23) -> 8
D24: JML | E24: =SUM(E22:E23) -> 0 | F24: =SUM(F22:F23) -> 0 | G24: =SUM(G22:G23) -> 0 | H24: =SUM(H22:H23) -> 0 | I24: =SUM(I22:I23) -> 0 | J24: =SUM(J22:J23) -> 0 | K24: =SUM(K22:K23) -> 0 | L24: =SUM(L22:L23) -> 0 | ... BK24: =SUM(BK22:BK23) -> 3 | BL24: =SUM(E24:BK24) -> 18
B25: 3. | C25: Jumlah pengguna hak pilih dalam Daftar Pemilih Khusus (DPK) | D25: LK | F25: 2 | H25: 1 | J25: 1 | L25: 4 | M25: 2 | P25: 2 | W25: 2 | Y25: 1 | AG25: 1 | AH25: 2 | AI25: 1 | AL25: 1 | AM25: 2 | AO25: 3 | AV25: 5 | AZ25: 2 | BC25: 3 | BL25: =SUM(E25:BK25) -> 35
D26: PR | F26: 1 | H26: 3 | K26: 1 | L26: 1 | M26: 1 | P26: 1 | V26: 1 | W26: 4 | Y26: 1 | AF26: 2 | AG26: 1 | AH26: 1 | AI26: 1 | AJ26: 1 | AK26: 2 | AL26: 3 | AM26: 1 | AV26: 1 | AZ26: 1 | BA26: 2 | BC26: 6 | BL26: =SUM(E26:BK26) -> 36
D27: JML | E27: =SUM(E25:E26) -> 0 | F27: =SUM(F25:F26) -> 3 | G27: =SUM(G25:G26) -> 0 | H27: =SUM(H25:H26) -> 4 | I27: =SUM(I25:I26) -> 0 | J27: =SUM(J25:J26) -> 1 | K27: =SUM(K25:K26) -> 1 | L27: =SUM(L25:L26) -> 5 | ... BK27: =SUM(BK25:BK26) -> 0 | BL27: =SUM(E27:BK27) -> 71
B28: 4. | C28: Jumlah Pengguna Hak Pilih (B.1+B.2+B.3) | D28: LK | E28: =SUM(E19,E22,E25) -> 89 | F28: =SUM(F19,F22,F25) -> 94 | G28: =SUM(G19,G22,G25) -> 100 | H28: =SUM(H19,H22,H25) -> 70 | I28: =SUM(I19,I22,I25) -> 106 | J28: =SUM(J19,J22,J25) -> 94 | K28: =SUM(K19,K22,K25) -> 82 | L28: =SUM(L19,L22,L25) -> 113 | ... BK28: =SUM(BK19,BK22,BK25) -> 91 | BL28: =SUM(E28:BK28) -> 5057
D29: PR | E29: =SUM(E20,E23,E26) -> 96 | F29: =SUM(F20,F23,F26) -> 103 | G29: =SUM(G20,G23,G26) -> 104 | H29: =SUM(H20,H23,H26) -> 85 | I29: =SUM(I20,I23,I26) -> 121 | J29: =SUM(J20,J23,J26) -> 114 | K29: =SUM(K20,K23,K26) -> 118 | L29: =SUM(L20,L23,L26) -> 110 | ... BK29: =SUM(BK20,BK23,BK26) -> 105 | BL29: =SUM(E29:BK29) -> 5671
D30: JML | E30: =SUM(E28:E29) -> 185 | F30: =SUM(F28:F29) -> 197 | G30: =SUM(G28:G29) -> 204 | H30: =SUM(H28:H29) -> 155 | I30: =SUM(I28:I29) -> 227 | J30: =SUM(J28:J29) -> 208 | K30: =SUM(K28:K29) -> 200 | L30: =SUM(L28:L29) -> 223 | ... BK30: =SUM(BK28:BK29) -> 196 | BL30: =SUM(E30:BK30) -> 10728
A32: II | B32: DATA PENGGUNAAN SURAT SUARA
A33: 1 | B33: Jumlah surat suara yang diterima, termasuk surat suara cadangan 2,5% dari DPT | E33: 268 | F33: 291 | G33: 270 | H33: 194 | I33: 305 | J33: 290 | K33: 291 | L33: 299 | M33: 301 | N33: 178 | O33: 204 | P33: 281 | Q33: 235 | R33: 299 | S33: 292 | T33: 158 | U33: 300 | V33: 277 | W33: 275 | X33: 224 | Y33: 291 | Z33: 310 | AA33: 186 | AB33: 159 | AC33: 139 | AD33: 269 | AE33: 243 | AF33: 210 | AG33: 222 | AH33: 177 | AI33: 298 | AJ33: 305 | AK33: 303 | AL33: 216 | AM33: 248 | AN33: 199 | AO33: 266 | AP33: 164 | AQ33: 183 | AR33: 305 | AS33: 290 | AT33: 218 | AU33: 185 | AV33: 164 | AW33: 279 | AX33: 239 | AY33: 215 | AZ33: 220 | BA33: 142 | BB33: 198 | BC33: 284 | BD33: 275 | BE33: 285 | BF33: 288 | BG33: 115 | BH33: 198 | BI33: 193 | BJ33: 191 | BK33: 217 | BL33: =SUM(E33:BK33) -> 14121
A34: 2 | B34: Jumlah surat suara yang digunakan | E34: 185 | F34: 197 | G34: 204 | H34: 155 | I34: 227 | J34: 208 | K34: 200 | L34: 223 | M34: 231 | N34: 130 | O34: 154 | P34: 204 | Q34: 220 | R34: 245 | S34: 230 | T34: 121 | U34: 213 | V34: 177 | W34: 197 | X34: 161 | Y34: 215 | Z34: 240 | AA34: 133 | AB34: 127 | AC34: 120 | AD34: 197 | AE34: 187 | AF34: 175 | AG34: 175 | AH34: 131 | AI34: 230 | AJ34: 225 | AK34: 229 | AL34: 181 | AM34: 184 | AN34: 146 | AO34: 193 | AP34: 133 | AQ34: 136 | AR34: 248 | AS34: 230 | AT34: 156 | AU34: 131 | AV34: 132 | AW34: 205 | AX34: 184 | AY34: 177 | AZ34: 191 | BA34: 123 | BB34: 143 | BC34: 194 | BD34: 177 | BE34: 210 | BF34: 186 | BG34: 112 | BH34: 183 | BI34: 177 | BJ34: 134 | BK34: 196 | BL34: =SUM(E34:BK34) -> 10728
A35: 3 | B35: Jumlah surat suara dikembalikan oleh pemilih (karena rusak atau keliru coblos) | H35: 1 | P35: 1 | Q35: 2 | V35: 1 | X35: 2 | Z35: 4 | AF35: 1 | AK35: 3 | AM35: 1 | BB35: 1 | BC35: 9 | BI35: 2 | BL35: =SUM(E35:BK35) -> 28
A36: 4 | B36: Jumlah surat suara yang tidak digunakan/tidak terpakai, termasuk sisa surat suara cadangan | E36: =E33-(E34+E35) -> 83 | F36: =F33-(F34+F35) -> 94 | G36: =G33-(G34+G35) -> 66 | H36: =H33-(H34+H35) -> 38 | I36: =I33-(I34+I35) -> 78 | J36: =J33-(J34+J35) -> 82 | K36: =K33-(K34+K35) -> 91 | L36: =L33-(L34+L35) -> 76 | ... BK36: =BK33-(BK34+BK35) -> 21 | BL36: =SUM(E36:BK36) -> 3365
A38: III | B38: DATA PEMILIH DISABILITAS
B39: Jumlah seluruh Pemilih disabilitas yang menggunakan hak pilih | D39: LK | AO39: 2 | BL39: =SUM(E39:BK39) -> 2
D40: PR | K40: 1 | L40: 2 | S40: 6 | AC40: 2 | BL40: =SUM(E40:BK40) -> 11
D41: JML | E41: =SUM(E39:E40) -> 0 | F41: =SUM(F39:F40) -> 0 | G41: =SUM(G39:G40) -> 0 | H41: =SUM(H39:H40) -> 0 | I41: =SUM(I39:I40) -> 0 | J41: =SUM(J39:J40) -> 0 | K41: =SUM(K39:K40) -> 1 | L41: =SUM(L39:L40) -> 2 | ... BK41: =SUM(BK39:BK40) -> 0 | BL41: =SUM(E41:BK41) -> 13
A43: IV | B43: DATA RINCIAN PEROLEHAN SUARA PASANGAN CALON BUPATI DAN WAKIL BUPATI
A44: NOMOR DAN NAMA CALON
A45: A.1 | B45: 1. | C45: Partai Kebangkitan Bangsa | E45: 10 | F45: 9 | G45: 8 | H45: 2 | I45: 8 | J45: 9 | K45: 4 | L45: 6 | M45: 9 | N45: 1 | O45: 9 | P45: 6 | Q45: 6 | R45: 2 | S45: 7 | T45: 2 | U45: 9 | V45: 9 | W45: 7 | X45: 6 | Y45: 6 | Z45: 6 | AA45: 5 | AB45: 5 | AC45: 3 | AD45: 3 | AE45: 3 | AF45: 4 | AG45: 4 | AH45: 4 | AI45: 1 | AJ45: 8 | AK45: 2 | AL45: 2 | AM45: 1 | AN45: 2 | AO45: 6 | AP45: 2 | AQ45: 6 | AR45: 11 | AS45: 11 | AT45: 6 | AU45: 3 | AV45: 1 | AW45: 0 | AX45: 2 | AY45: 2 | AZ45: 5 | BA45: 1 | BB45: 0 | BC45: 0 | BD45: 6 | BE45: 3 | BF45: 2 | BG45: 0 | BH45: 0 | BI45: 0 | BJ45: 2 | BK45: 7 | BL45: =SUM(E45:BK45) -> 264
A46: A.2 | B46: 1 | C46: 1. Dr. Hj. NIHAYATUL WAFIROH, M.A. | E46: 12 | F46: 4 | G46: 20 | H46: 6 | I46: 8 | J46: 11 | K46: 10 | L46: 11 | M46: 35 | N46: 14 | O46: 34 | P46: 11 | Q46: 6 | R46: 12 | S46: 24 | T46: 8 | U46: 9 | V46: 5 | W46: 17 | X46: 9 | Y46: 14 | Z46: 32 | AA46: 1 | AB46: 25 | AC46: 14 | AD46: 24 | AE46: 3 | AF46: 7 | AG46: 8 | AH46: 6 | AI46: 2 | AJ46: 1 | AK46: 7 | AL46: 0 | AM46: 0 | AN46: 0 | AO46: 4 | AP46: 3 | AQ46: 22 | AR46: 59 | AS46: 33 | AT46: 33 | AU46: 28 | AV46: 1 | AW46: 3 | AX46: 1 | AY46: 9 | AZ46: 8 | BA46: 9 | BB46: 6 | BC46: 5 | BD46: 3 | BE46: 6 | BF46: 4 | BG46: 2 | BH46: 3 | BI46: 1 | BJ46: 0 | BK46: 5 | BL46: =SUM(E46:BK46) -> 658
B47: 2 | C47: 2. H. M. NASIM KHAN | E47: 1 | F47: 4 | G47: 4 | H47: 3 | I47: 0 | J47: 5 | K47: 4 | L47: 1 | M47: 2 | N47: 0 | O47: 1 | P47: 1 | Q47: 4 | R47: 85 | S47: 8 | T47: 0 | U47: 28 | V47: 6 | W47: 15 | X47: 25 | Y47: 27 | Z47: 28 | AA47: 44 | AB47: 5 | AC47: 3 | AD47: 14 | AE47: 10 | AF47: 18 | AG47: 19 | AH47: 8 | AI47: 1 | AJ47: 1 | AK47: 17 | AL47: 0 | AM47: 0 | AN47: 0 | AO47: 7 | AP47: 2 | AQ47: 12 | AR47: 1 | AS47: 4 | AT47: 7 | AU47: 3 | AV47: 0 | AW47: 2 | AX47: 0 | AY47: 10 | AZ47: 21 | BA47: 3 | BB47: 15 | BC47: 11 | BD47: 3 | BE47: 5 | BF47: 2 | BG47: 0 | BH47: 5 | BI47: 1 | BJ47: 2 | BK47: 1 | BL47: =SUM(E47:BK47) -> 509
B48: 3 | C48: 3. Dr. H. AKIK ZAMAN, M.Pd.I. | E48: 1 | F48: 2 | G48: 3 | H48: 3 | I48: 1 | J48: 1 | K48: 1 | L48: 1 | M48: 2 | N48: 0 | O48: 1 | P48: 0 | Q48: 6 | R48: 2 | S48: 0 | T48: 0 | U48: 2 | V48: 1 | W48: 0 | X48: 1 | Y48: 1 | Z48: 1 | AA48: 3 | AB48: 6 | AC48: 1 | AD48: 0 | AE48: 0 | AF48: 1 | AG48: 2 | AH48: 1 | AI48: 1 | AJ48: 0 | AK48: 2 | AL48: 0 | AM48: 0 | AN48: 0 | AO48: 2 | AP48: 2 | AQ48: 4 | AR48: 6 | AS48: 1 | AT48: 1 | AU48: 0 | AV48: 0 | AW48: 0 | BG48: 1 | BI48: 1 | BK48: 1 | BL48: =SUM(E48:BK48) -> 66
B49: 4 | C49: 4. AHMAD RIFA'I, S.H. | E49: 1 | F49: 1 | G49: 2 | H49: 1 | I49: 0 | J49: 1 | K49: 0 | L49: 0 | M49: 0 | N49: 0 | O49: 0 | P49: 0 | Q49: 2 | R49: 0 | S49: 0 | T49: 0 | U49: 1 | V49: 0 | W49: 1 | X49: 0 | Y49: 3 | Z49: 3 | AA49: 0 | AB49: 0 | AC49: 1 | AD49: 1 | AE49: 0 | AF49: 3 | AG49: 0 | AH49: 2 | AI49: 0 | AJ49: 0 | AK49: 4 | AL49: 0 | AM49: 0 | AN49: 0 | AO49: 0 | AQ49: 1 | AR49: 3 | AS49: 2 | AT49: 1 | AU49: 0 | AV49: 0 | AW49: 0 | AY49: 1 | BC49: 1 | BD49: 1 | BF49: 3 | BJ49: 1 | BK49: 1 | BL49: =SUM(E49:BK49) -> 42
B50: 5 | C50: 5. Drs. H. MAHFUD M.N. | E50: 1 | F50: 0 | G50: 2 | H50: 1 | I50: 1 | J50: 1 | K50: 0 | L50: 0 | M50: 0 | N50: 2 | O50: 0 | P50: 0 | Q50: 2 | R50: 0 | S50: 1 | T50: 0 | U50: 1 | V50: 2 | W50: 1 | X50: 2 | Y50: 1 | Z50: 0 | AA50: 0 | AB50: 1 | AC50: 0 | AD50: 0 | AE50: 0 | AF50: 1 | AG50: 0 | AH50: 1 | AI50: 0 | AJ50: 0 | AK50: 1 | AL50: 0 | AM50: 0 | AO50: 1 | AQ50: 1 | AR50: 1 | AS50: 1 | AT50: 0 | AU50: 0 | AV50: 0 | AW50: 0 | BE50: 1 | BJ50: 1 | BL50: =SUM(E50:BK50) -> 28
B51: 6 | C51: 6. NURHAYATI, S.Pd. | E51: 0 | F51: 0 | G51: 1 | H51: 0 | I51: 0 | J51: 0 | K51: 1 | L51: 0 | M51: 0 | N51: 0 | O51: 0 | P51: 0 | Q51: 0 | R51: 0 | S51: 0 | T51: 0 | U51: 0 | V51: 0 | W51: 0 | X51: 0 | Y51: 0 | Z51: 1 | AA51: 0 | AB51: 0 | AC51: 0 | AD51: 0 | AE51: 0 | AF51: 0 | AG51: 1 | AH51: 0 | AI51: 0 | AJ51: 0 | AK51: 0 | AL51: 0 | AM51: 0 | AN51: 0 | AO51: 0 | AP51: 1 | AQ51: 0 | AR51: 0 | AS51: 0 | AT51: 0 | AU51: 1 | AV51: 0 | AW51: 0 | BL51: =SUM(E51:BK51) -> 6
B52: 7 | C52: 7. MAFTUHA KISWAH | E52: 0 | F52: 0 | G52: 0 | H52: 0 | I52: 0 | J52: 0 | K52: 0 | L52: 0 | M52: 0 | N52: 0 | O52: 0 | P52: 0 | Q52: 0 | R52: 0 | S52: 0 | T52: 0 | U52: 0 | V52: 0 | W52: 0 | X52: 0 | Y52: 0 | Z52: 1 | AA52: 0 | AB52: 0 | AC52: 0 | AD52: 0 | AE52: 0 | AF52: 0 | AG52: 0 | AH52: 0 | AI52: 0 | AJ52: 0 | AK52: 0 | AL52: 0 | AM52: 0 | AN52: 0 | AO52: 0 | AP52: 0 | AQ52: 0 | AR52: 0 | AS52: 0 | AT52: 0 | AU52: 0 | AV52: 0 | AW52: 0 | BL52: =SUM(E52:BK52) -> 1
BL53: =SUM(E53:BK53) -> 0
BL54: =SUM(E54:BK54) -> 0
A55: B | B55: JUMLAH SUARA SAH PARTAI POLITIK DAN CALON (A1 + A2) | E55: =SUM(E45:E52) -> 26 | F55: =SUM(F45:F52) -> 20 | G55: =SUM(G45:G52) -> 40 | H55: =SUM(H45:H52) -> 16 | I55: =SUM(I45:I52) -> 18 | J55: =SUM(J45:J52) -> 28 | K55: =SUM(K45:K52) -> 20 | L55: =SUM(L45:L52) -> 19 | ... BK55: =SUM(BK45:BK52) -> 15 | BL55: =SUM(E55:BK55) -> 1574
A57: A.1 | B57: 2. | C57: Partai Gerakan Indonesia Raya | E57: 9 | F57: 8 | G57: 5 | H57: 3 | I57: 7 | J57: 7 | K57: 6 | L57: 8 | M57: 4 | N57: 2 | O57: 9 | P57: 12 | Q57: 1 | R57: 1 | S57: 0 | T57: 3 | U57: 10 | V57: 7 | W57: 3 | X57: 4 | Y57: 2 | Z57: 3 | AA57: 3 | AB57: 0 | AC57: 1 | AD57: 6 | AE57: 1 | AF57: 7 | AG57: 10 | AH57: 1 | AI57: 3 | AJ57: 5 | AK57: 13 | AL57: 6 | AM57: 4 | AN57: 3 | AO57: 14 | AP57: 7 | AQ57: 2 | AR57: 5 | AS57: 12 | AT57: 4 | AU57: 5 | AV57: 1 | AW57: 0 | AX57: 1 | AY57: 5 | AZ57: 7 | BA57: 0 | BB57: 6 | BC57: 10 | BD57: 12 | BE57: 7 | BF57: 5 | BG57: 1 | BH57: 4 | BI57: 0 | BJ57: 4 | BK57: 12 | BL57: =SUM(E57:BK57) -> 301
A58: A.2 | B58: 1 | C58: 1. SUMAIL ABDULLAH | E58: 4 | F58: 5 | G58: 7 | H58: 5 | I58: 13 | J58: 10 | K58: 4 | L58: 10 | M58: 6 | N58: 14 | O58: 4 | P58: 5 | Q58: 8 | R58: 2 | S58: 0 | T58: 2 | U58: 5 | V58: 4 | W58: 2 | X58: 4 | Y58: 1 | Z58: 5 | AA58: 1 | AB58: 1 | AC58: 4 | AD58: 2 | AE58: 3 | AF58: 4 | AG58: 5 | AH58: 2 | AI58: 0 | AJ58: 2 | AK58: 3 | AL58: 3 | AM58: 5 | AN58: 1 | AO58: 2 | AP58: 1 | AQ58: 3 | AR58: 5 | AS58: 4 | AT58: 0 | AU58: 11 | AV58: 2 | AW58: 2 | AX58: 5 | AY58: 4 | AZ58: 4 | BA58: 2 | BB58: 4 | BC58: 10 | BD58: 3 | BE58: 7 | BF58: 9 | BG58: 3 | BH58: 2 | BI58: 1 | BJ58: 2 | BK58: 14 | BL58: =SUM(E58:BK58) -> 256
B59: 2 | C59: 2. MUHAMMAD ALI ADRIAN SALEH | E59: 4 | F59: 2 | G59: 1 | H59: 3 | I59: 1 | J59: 4 | K59: 4 | L59: 0 | M59: 2 | N59: 1 | O59: 2 | P59: 5 | Q59: 1 | R59: 2 | S59: 2 | T59: 0 | U59: 0 | V59: 2 | W59: 4 | X59: 1 | Y59: 3 | Z59: 1 | AA59: 1 | AB59: 0 | AC59: 0 | AD59: 1 | AE59: 1 | AF59: 5 | AG59: 1 | AH59: 1 | AI59: 0 | AJ59: 3 | AK59: 3 | AL59: 0 | AM59: 0 | AN59: 0 | AO59: 1 | AP59: 0 | AQ59: 2 | AR59: 1 | AS59: 2 | AT59: 2 | AU59: 2 | AV59: 0 | AW59: 0 | AX59: 1 | AY59: 4 | AZ59: 0 | BA59: 6 | BB59: 4 | BC59: 4 | BD59: 4 | BE59: 2 | BF59: 2 | BG59: 0 | BH59: 0 | BI59: 0 | BJ59: 4 | BK59: 8 | BL59: =SUM(E59:BK59) -> 110
B60: 3 | C60: 3. DURROTUN NAFISAH | E60: 0 | F60: 0 | G60: 1 | H60: 1 | I60: 1 | J60: 0 | K60: 1 | L60: 3 | M60: 0 | N60: 0 | O60: 0 | P60: 1 | Q60: 0 | R60: 1 | S60: 0 | T60: 0 | U60: 0 | V60: 0 | W60: 1 | X60: 1 | Y60: 0 | Z60: 0 | AA60: 0 | AB60: 2 | AC60: 0 | AD60: 0 | AE60: 0 | AF60: 2 | AG60: 1 | AH60: 0 | AI60: 0 | AJ60: 0 | AK60: 0 | AL60: 1 | AM60: 0 | AN60: 0 | AO60: 2 | AP60: 0 | AR60: 2 | AS60: 0 | AT60: 0 | AU60: 0 | AV60: 0 | AW60: 0 | AX60: 0 | AY60: 2 | AZ60: 1 | BA60: 1 | BB60: 1 | BC60: 4 | BD60: 1 | BE60: 1 | BF60: 2 | BG60: 0 | BH60: 2 | BI60: 0 | BJ60: 0 | BK60: 1 | BL60: =SUM(E60:BK60) -> 37
B61: 4 | C61: 4. H. EKO SUSILO NURHIDAYAT | E61: 0 | F61: 1 | G61: 3 | H61: 1 | I61: 5 | J61: 1 | K61: 1 | L61: 3 | M61: 1 | N61: 0 | O61: 0 | P61: 4 | Q61: 0 | R61: 11 | S61: 1 | T61: 3 | U61: 8 | V61: 2 | W61: 2 | X61: 2 | Y61: 0 | Z61: 1 | AA61: 1 | AB61: 1 | AC61: 3 | AD61: 1 | AE61: 1 | AF61: 2 | AG61: 2 | AH61: 3 | AI61: 0 | AJ61: 1 | AK61: 1 | AL61: 4 | AM61: 1 | AN61: 1 | AO61: 9 | AP61: 3 | AQ61: 13 | AR61: 9 | AS61: 8 | AT61: 4 | AU61: 4 | AV61: 1 | AW61: 2 | AX61: 0 | AY61: 1 | AZ61: 0 | BA61: 2 | BB61: 2 | BC61: 7 | BD61: 3 | BE61: 4 | BF61: 1 | BG61: 0 | BH61: 2 | BI61: 0 | BJ61: 4 | BK61: 3 | BL61: =SUM(E61:BK61) -> 154
B62: 5 | C62: 5. KARNADI HARIJANTO, S.S. | E62: 0 | F62: 1 | H62: 0 | I62: 0 | J62: 0 | K62: 0 | L62: 0 | M62: 1 | N62: 0 | O62: 0 | P62: 0 | Q62: 0 | R62: 0 | S62: 1 | T62: 0 | U62: 0 | V62: 0 | W62: 3 | X62: 0 | Y62: 0 | Z62: 0 | AA62: 1 | AB62: 1 | AC62: 0 | AD62: 0 | AE62: 0 | AF62: 0 | AG62: 1 | AH62: 0 | AI62: 0 | AJ62: 0 | AK62: 3 | AL62: 0 | AM62: 1 | AN62: 0 | AO62: 0 | AP62: 1 | AQ62: 0 | AR62: 1 | AS62: 1 | AT62: 0 | AU62: 1 | AV62: 0 | AW62: 3 | AX62: 0 | AY62: 0 | AZ62: 1 | BA62: 0 | BB62: 0 | BC62: 3 | BD62: 0 | BE62: 0 | BF62: 0 | BG62: 0 | BH62: 0 | BI62: 0 | BJ62: 1 | BK62: 1 | BL62: =SUM(E62:BK62) -> 26
B63: 6 | C63: 6. NURHAYATI | E63: 0 | F63: 1 | G63: 0 | H63: 0 | I63: 0 | J63: 3 | K63: 0 | L63: 1 | M63: 0 | N63: 0 | O63: 0 | P63: 0 | Q63: 0 | R63: 0 | S63: 1 | T63: 0 | U63: 0 | V63: 0 | W63: 0 | X63: 0 | Y63: 0 | Z63: 0 | AA63: 0 | AB63: 0 | AC63: 0 | AD63: 1 | AE63: 1 | AF63: 0 | AG63: 0 | AH63: 2 | AJ63: 1 | AK63: 0 | AL63: 0 | AM63: 1 | AN63: 1 | AO63: 0 | AP63: 0 | AQ63: 1 | AR63: 1 | AT63: 1 | AU63: 0 | AV63: 0 | AW63: 0 | AX63: 0 | AY63: 0 | AZ63: 0 | BA63: 0 | BB63: 1 | BC63: 1 | BD63: 2 | BE63: 0 | BF63: 0 | BG63: 1 | BH63: 1 | BI63: 0 | BJ63: 1 | BK63: 1 | BL63: =SUM(E63:BK63) -> 24
B64: 7 | C64: 7. MASHUDI | E64: 0 | F64: 0 | G64: 0 | H64: 0 | I64: 1 | J64: 0 | K64: 0 | L64: 0 | M64: 3 | N64: 0 | O64: 0 | P64: 0 | Q64: 1 | R64: 0 | S64: 0 | T64: 1 | U64: 0 | V64: 0 | W64: 1 | X64: 1 | Y64: 0 | Z64: 0 | AA64: 1 | AB64: 0 | AD64: 1 | AE64: 0 | AF64: 0 | AG64: 0 | AH64: 1 | AI64: 0 | AJ64: 0 | AK64: 0 | AL64: 0 | AM64: 0 | AN64: 0 | AO64: 0 | AP64: 0 | AQ64: 0 | AR64: 2 | AS64: 0 | AT64: 0 | AU64: 0 | AV64: 0 | AW64: 0 | AX64: 0 | AY64: 0 | AZ64: 0 | BA64: 0 | BB64: 0 | BC64: 0 | BD64: 2 | BE64: 0 | BF64: 0 | BG64: 0 | BH64: 0 | BI64: 0 | BJ64: 0 | BK64: 1 | BL64: =SUM(E64:BK64) -> 16
BL65: =SUM(E65:BK65) -> 0
BL66: =SUM(E66:BK66) -> 0
