Workbook

Sheet DPR
C8: Kecamatan | D8: SILIRAGUNG
C9: Kabupaten | D9: BANYUWANGI
C10: Provinsi | D10: JAWA TIMUR
A12: I | B12: DATA PEMILIH DAN PENGGUNAAN HAK PILIH | E12: JUMLAH AKHIR
A13: A | B13: DATA PEMILIH
B14: Jumlah Pemilih dalam Daftar Pemilih Tetap (DPT) | D14: LK | E14: =BARUREJO!AX14+BULUAGUNG!AC14+KESILIR!AJ14+SENEPOREJO!AB14+SILIRAGUNG!AB14 -> 19220
D15: PR | E15: =BARUREJO!AX15+BULUAGUNG!AC15+KESILIR!AJ15+SENEPOREJO!AB15+SILIRAGUNG!AB15 -> 18803
D16: JML | E16: =SUM(E14:E15) -> 38023
A18: B | B18: PENGGUNA HAK PILIH
B19: 1. | C19: Jumlah pengguna hak pilih dalam Daftar Pemilih Tetap (DPT) | D19: LK | E19: =BARUREJO!AX19+BULUAGUNG!AC19+KESILIR!AJ19+SENEPOREJO!AB19+SILIRAGUNG!AB19 -> 14553
D20: PR | E20: =BARUREJO!AX20+BULUAGUNG!AC20+KESILIR!AJ20+SENEPOREJO!AB20+SILIRAGUNG!AB20 -> 14882
D21: JML | E21: =SUM(E19:E20) -> 29435
B22: 2. | C22: Jumlah pengguna hak pilih dalam Daftar Pemilih Tambahan (DPTb) | D22: LK | E22: =BARUREJO!AX22+BULUAGUNG!AC22+KESILIR!AJ22+SENEPOREJO!AB22+SILIRAGUNG!AB22 -> 10
D23: PR | E23: =BARUREJO!AX23+BULUAGUNG!AC23+KESILIR!AJ23+SENEPOREJO!AB23+SILIRAGUNG!AB23 -> 3
D24: JML | E24: =SUM(E22:E23) -> 13
B25: 3. | C25: Jumlah pengguna hak pilih dalam Daftar Pemilih Khusus (DPK) | D25: LK | E25: =BARUREJO!AX25+BULUAGUNG!AC25+KESILIR!AJ25+SENEPOREJO!AB25+SILIRAGUNG!AB25 -> 272
D26: PR | E26: =BARUREJO!AX26+BULUAGUNG!AC26+KESILIR!AJ26+SENEPOREJO!AB26+SILIRAGUNG!AB26 -> 391
D27: JML | E27: =SUM(E25:E26) -> 663
B28: 4. | C28: Jumlah Pengguna Hak Pilih (B.1+B.2+B.3) | D28: LK | E28: =E19+E22+E25 -> 14835
D29: PR | E29: =E20+E23+E26 -> 15276
D30: JML | E30: =SUM(E28:E29) -> 30111
A32: II | B32: DATA PENGGUNAAN SURAT SUARA
A33: 1 | B33: Jumlah surat suara yang diterima, termasuk surat suara cadangan 2,5% dari DPT | E33: =BARUREJO!AX33+BULUAGUNG!AC33+KESILIR!AJ33+SENEPOREJO!AB33+SILIRAGUNG!AB33 -> 38901
A34: 2 | B34: Jumlah surat suara yang digunakan | E34: =BARUREJO!AX34+BULUAGUNG!AC34+KESILIR!AJ34+SENEPOREJO!AB34+SILIRAGUNG!AB34 -> 30111
A35: 3 | B35: Jumlah surat suara dikembalikan oleh pemilih (karena rusak atau keliru coblos) | E35: =BARUREJO!AX35+BULUAGUNG!AC35+KESILIR!AJ35+SENEPOREJO!AB35+SILIRAGUNG!AB35 -> 71
A36: 4 | B36: Jumlah surat suara yang tidak digunakan/tidak terpakai, termasuk sisa surat suara cadangan | E36: =E33-(E34+E35) -> 8719
A38: III | B38: DATA PEMILIH DISABILITAS
B39: Jumlah seluruh Pemilih disabilitas yang menggunakan hak pilih | D39: LK | E39: =BARUREJO!AX39+BULUAGUNG!AC39+KESILIR!AJ39+SENEPOREJO!AB39+SILIRAGUNG!AB39 -> 11
D40: PR | E40: =BARUREJO!AX40+BULUAGUNG!AC40+KESILIR!AJ40+SENEPOREJO!AB40+SILIRAGUNG!AB40 -> 22
D41: JML | E41: =SUM(E39:E40) -> 33
A43: IV | B43: DATA RINCIAN PEROLEHAN SUARA PASANGAN CALON BUPATI DAN WAKIL BUPATI
A44: NOMOR DAN NAMA CALON
A45: A.1 | B45: 1. | C45: Partai Kebangkitan Bangsa | E45: =BARUREJO!AX45+BULUAGUNG!AC45+KESILIR!AJ45+SENEPOREJO!AB45+SILIRAGUNG!AB45 -> 1041
A46: A.2 | B46: 1 | C46: 1. Dr. Hj. NIHAYATUL WAFIROH, M.A. | E46: =BARUREJO!AX46+BULUAGUNG!AC46+KESILIR!AJ46+SENEPOREJO!AB46+SILIRAGUNG!AB46 -> 3894
B47: 2 | C47: 2. H. M. NASIM KHAN | E47: =BARUREJO!AX47+BULUAGUNG!AC47+KESILIR!AJ47+SENEPOREJO!AB47+SILIRAGUNG!AB47 -> 221
B48: 3 | C48: 3. Dr. H. AKIK ZAMAN, M.Pd.I. | E48: =BARUREJO!AX48+BULUAGUNG!AC48+KESILIR!AJ48+SENEPOREJO!AB48+SILIRAGUNG!AB48 -> 104
B49: 4 | C49: 4. AHMAD RIFA'I, S.H. | E49: =BARUREJO!AX49+BULUAGUNG!AC49+KESILIR!AJ49+SENEPOREJO!AB49+SILIRAGUNG!AB49 -> 122
B50: 5 | C50: 5. Drs. H. MAHFUD M.N. | E50: =BARUREJO!AX50+BULUAGUNG!AC50+KESILIR!AJ50+SENEPOREJO!AB50+SILIRAGUNG!AB50 -> 107
B51: 6 | C51: 6. NURHAYATI, S.Pd. | E51: =BARUREJO!AX51+BULUAGUNG!AC51+KESILIR!AJ51+SENEPOREJO!AB51+SILIRAGUNG!AB51 -> 78
B52: 7 | C52: 7. MAFTUHA KISWAH | E52: =BARUREJO!AX52+BULUAGUNG!AC52+KESILIR!AJ52+SENEPOREJO!AB52+SILIRAGUNG!AB52 -> 63
A55: B | B55: JUMLAH SUARA SAH PARTAI POLITIK DAN CALON (A1 + A2) | E55: =SUM(E45:E54) -> 5630
A57: A.1 | B57: 2. | C57: Partai Gerakan Indonesia Raya | E57: =BARUREJO!AX57+BULUAGUNG!AC57+KESILIR!AJ57+SENEPOREJO!AB57+SILIRAGUNG!AB57 -> 1396
A58: A.2 | B58: 1 | C58: 1. SUMAIL ABDULLAH | E58: =BARUREJO!AX58+BULUAGUNG!AC58+KESILIR!AJ58+SENEPOREJO!AB58+SILIRAGUNG!AB58 -> 1202
B59: 2 | C59: 2. MUHAMMAD ALI ADRIAN SALEH | E59: =BARUREJO!AX59+BULUAGUNG!AC59+KESILIR!AJ59+SENEPOREJO!AB59+SILIRAGUNG!AB59 -> 1926
B60: 3 | C60: 3. DURROTUN NAFISAH | E60: =BARUREJO!AX60+BULUAGUNG!AC60+KESILIR!AJ60+SENEPOREJO!AB60+SILIRAGUNG!AB60 -> 169
B61: 4 | C61: 4. H. EKO SUSILO NURHIDAYAT | E61: =BARUREJO!AX61+BULUAGUNG!AC61+KESILIR!AJ61+SENEPOREJO!AB61+SILIRAGUNG!AB61 -> 329
B62: 5 | C62: 5. KARNADI HARIJANTO, S.S. | E62: =BARUREJO!AX62+BULUAGUNG!AC62+KESILIR!AJ62+SENEPOREJO!AB62+SILIRAGUNG!AB62 -> 58
B63: 6 | C63: 6. NURHAYATI | E63: =BARUREJO!AX63+BULUAGUNG!AC63+KESILIR!AJ63+SENEPOREJO!AB63+SILIRAGUNG!AB63 -> 276
B64: 7 | C64: 7. MASHUDI | E64: =BARUREJO!AX64+BULUAGUNG!AC64+KESILIR!AJ64+SENEPOREJO!AB64+SILIRAGUNG!AB64 -> 61
A67: B | B67: JUMLAH SUARA SAH PARTAI POLITIK DAN CALON (A1 + A2) | E67: =SUM(E57:E66) -> 5417
A69: A.1 | B69: 3. | C69: Partai Demokrasi Indonesia Perjuangan | E69: =BARUREJO!AX69+BULUAGUNG!AC69+KESILIR!AJ69+SENEPOREJO!AB69+SILIRAGUNG!AB69 -> 1090
A70: A.2 | B70: 1 | C70: 1. SONNY TRI DANAPARAMITA, S.H., M.H. | E70: =BARUREJO!AX70+BULUAGUNG!AC70+KESILIR!AJ70+SENEPOREJO!AB70+SILIRAGUNG!AB70 -> 1227
B71: 2 | C71: 2. H. MOHAMAD GUNTUR ROMLI | E71: =BARUREJO!AX71+BULUAGUNG!AC71+KESILIR!AJ71+SENEPOREJO!AB71+SILIRAGUNG!AB71 -> 1026
B72: 3 | C72: 3. INA AMMANIA | E72: =BARUREJO!AX72+BULUAGUNG!AC72+KESILIR!AJ72+SENEPOREJO!AB72+SILIRAGUNG!AB72 -> 869
B73: 4 | C73: 4. IRWAN BACHTIAR RACHMAT, M.Si. | E73: =BARUREJO!AX73+BULUAGUNG!AC73+KESILIR!AJ73+SENEPOREJO!AB73+SILIRAGUNG!AB73 -> 412
B74: 5 | C74: 5. LUCKY PERDANA | E74: =BARUREJO!AX74+BULUAGUNG!AC74+KESILIR!AJ74+SENEPOREJO!AB74+SILIRAGUNG!AB74 -> 753
B75: 6 | C75: 6. WIWIK PUJIYATI | E75: =BARUREJO!AX75+BULUAGUNG!AC75+KESILIR!AJ75+SENEPOREJO!AB75+SILIRAGUNG!AB75 -> 218
B76: 7 | C76: 7. CHANDRA ASTAN, S.T. | E76: =BARUREJO!AX76+BULUAGUNG!AC76+KESILIR!AJ76+SENEPOREJO!AB76+SILIRAGUNG!AB76 -> 591
A79: B | B79: JUMLAH SUARA SAH PARTAI POLITIK DAN CALON (A1 + A2) | E79: =SUM(E69:E78) -> 6186
A81: A.1 | B81: 4. | C81: Partai Golongan Karya | E81: =BARUREJO!AX81+BULUAGUNG!AC81+KESILIR!AJ81+SENEPOREJO!AB81+SILIRAGUNG!AB81 -> 497
A82: A.2 | B82: 1 | C82: 1. ZULFIKAR ARSE SADIKIN, S.I.P., M.Si. | E82: =BARUREJO!AX82+BULUAGUNG!AC82+KESILIR!AJ82+SENEPOREJO!AB82+SILIRAGUNG!AB82 -> 1633
B83: 2 | C83: 2. HANDOKO | E83: =BARUREJO!AX83+BULUAGUNG!AC83+KESILIR!AJ83+SENEPOREJO!AB83+SILIRAGUNG!AB83 -> 719
B84: 3 | C84: 3. Hj. OVI DEWI YANTI | E84: =BARUREJO!AX84+BULUAGUNG!AC84+KESILIR!AJ84+SENEPOREJO!AB84+SILIRAGUNG!AB84 -> 62
B85: 4 | C85: 4. Ir. AZAM AZMAN NATAWIJANA | E85: =BARUREJO!AX85+BULUAGUNG!AC85+KESILIR!AJ85+SENEPOREJO!AB85+SILIRAGUNG!AB85 -> 185
B86: 5 | C86: 5. UBAIDILLAH AMIN, S.Kom. | E86: =BARUREJO!AX86+BULUAGUNG!AC86+KESILIR!AJ86+SENEPOREJO!AB86+SILIRAGUNG!AB86 -> 215
B87: 6 | C87: 6. DENNY YUNIANDARI, S.H., M.Kn. | E87: =BARUREJO!AX87+BULUAGUNG!AC87+KESILIR!AJ87+SENEPOREJO!AB87+SILIRAGUNG!AB87 -> 29
B88: 7 | C88: 7. ERNADI, S.H.I. | E88: =BARUREJO!AX88+BULUAGUNG!AC88+KESILIR!AJ88+SENEPOREJO!AB88+SILIRAGUNG!AB88 -> 11
A91: B | B91: JUMLAH SUARA SAH PARTAI POLITIK DAN CALON (A1 + A2) | E91: =SUM(E81:E90) -> 3351
A93: A.1 | B93: 5. | C93: Partai NasDem | E93: =BARUREJO!AX93+BULUAGUNG!AC93+KESILIR!AJ93+SENEPOREJO!AB93+SILIRAGUNG!AB93 -> 276
A94: A.2 | B94: 1 | C94: 1. ACH. FADIL MUZAKKI SYAH | E94: =BARUREJO!AX94+BULUAGUNG!AC94+KESILIR!AJ94+SENEPOREJO!AB94+SILIRAGUNG!AB94 -> 206
B95: 2 | C95: 2. BENY | E95: =BARUREJO!AX95+BULUAGUNG!AC95+KESILIR!AJ95+SENEPOREJO!AB95+SILIRAGUNG!AB95 -> 409
B96: 3 | C96: 3. VINA VERONIKA | E96: =BARUREJO!AX96+BULUAGUNG!AC96+KESILIR!AJ96+SENEPOREJO!AB96+SILIRAGUNG!AB96 -> 53
B97: 4 | C97: 4. TEDDY ANUGRIANTO | E97: =BARUREJO!AX97+BULUAGUNG!AC97+KESILIR!AJ97+SENEPOREJO!AB97+SILIRAGUNG!AB97 -> 53
B98: 5 | C98: 5. INSAN KAMIL | E98: =BARUREJO!AX98+BULUAGUNG!AC98+KESILIR!AJ98+SENEPOREJO!AB98+SILIRAGUNG!AB98 -> 31
B99: 6 | C99: 6. LILIK LINDARWATI | E99: =BARUREJO!AX99+BULUAGUNG!AC99+KESILIR!AJ99+SENEPOREJO!AB99+SILIRAGUNG!AB99 -> 18
B100: 7 | C100: 7. YULI ANITA | E100: =BARUREJO!AX100+BULUAGUNG!AC100+KESILIR!AJ100+SENEPOREJO!AB100+SILIRAGUNG!AB100 -> 27
A103: B | B103: JUMLAH SUARA SAH PARTAI POLITIK DAN CALON (A1 + A2) | E103: =SUM(E93:E102) -> 1073
A105: A.1 | B105: 6. | C105: Partai Buruh | E105: =BARUREJO!AX105+BULUAGUNG!AC105+KESILIR!AJ105+SENEPOREJO!AB105+SILIRAGUNG!AB105 -> 35
A106: A.2 | B106: 1 | C106: 1. KHOIRUL ANAM | E106: =BARUREJO!AX106+BULUAGUNG!AC106+KESILIR!AJ106+SENEPOREJO!AB106+SILIRAGUNG!AB106 -> 31
B107: 2 | C107: 2. INA KURNIA | E107: =BARUREJO!AX107+BULUAGUNG!AC107+KESILIR!AJ107+SENEPOREJO!AB107+SILIRAGUNG!AB107 -> 20
B108: 3 | C108: 3. JIBRAL TAROUK | E108: =BARUREJO!AX108+BULUAGUNG!AC108+KESILIR!AJ108+SENEPOREJO!AB108+SILIRAGUNG!AB108 -> 3
B109: 4 | C109: 4. ASTUTI DAENG PUJI | E109: =BARUREJO!AX109+BULUAGUNG!AC109+KESILIR!AJ109+SENEPOREJO!AB109+SILIRAGUNG!AB109 -> 9
B110: 5 | C110: 5. ASDARMAWAN | E110: =BARUREJO!AX110+BULUAGUNG!AC110+KESILIR!AJ110+SENEPOREJO!AB110+SILIRAGUNG!AB110 -> 3
B111: 6 | C111: 6. RIFQI MUBAROK | E111: =BARUREJO!AX111+BULUAGUNG!AC111+KESILIR!AJ111+SENEPOREJO!AB111+SILIRAGUNG!AB111 -> 5
B112: 7 | C112: 7. FIRNANDA ALTA MEGA | E112: =BARUREJO!AX112+BULUAGUNG!AC112+KESILIR!AJ112+SENEPOREJO!AB112+SILIRAGUNG!AB112 -> 5
A115: B | B115: JUMLAH SUARA SAH PARTAI POLITIK DAN CALON (A1 + A2) | E115: =SUM(E105:E114) -> 111
A117: A.1 | B117: 7. | C117: Partai Gelombang Rakyat Indonesia | E117: =BARUREJO!AX117+BULUAGUNG!AC117+KESILIR!AJ117+SENEPOREJO!AB117+SILIRAGUNG!AB117 -> 223
A118: A.2 | B118: 1 | C118: 1. TITI WIDORETNO WARISMAN | E118: =BARUREJO!AX118+BULUAGUNG!AC118+KESILIR!AJ118+SENEPOREJO!AB118+SILIRAGUNG!AB118 -> 36
B119: 2 | C119: 2. MAMIEK SETYANINGSIH | E119: =BARUREJO!AX119+BULUAGUNG!AC119+KESILIR!AJ119+SENEPOREJO!AB119+SILIRAGUNG!AB119 -> 19
B120: 3 | C120: 3. ROMIL AZIZEN | E120: =BARUREJO!AX120+BULUAGUNG!AC120+KESILIR!AJ120+SENEPOREJO!AB120+SILIRAGUNG!AB120 -> 22
A127: B | B127: JUMLAH SUARA SAH PARTAI POLITIK DAN CALON (A1 + A2) | E127: =SUM(E117:E126) -> 300
A129: A.1 | B129: 8. | C129: Partai Keadilan Sejahtera | E129: =BARUREJO!AX129+BULUAGUNG!AC129+KESILIR!AJ129+SENEPOREJO!AB129+SILIRAGUNG!AB129 -> 63
A130: A.2 | B130: 1 | C130: 1. H. SAIMI SALEH, S.E., M.M. | E130: =BARUREJO!AX130+BULUAGUNG!AC130+KESILIR!AJ130+SENEPOREJO!AB130+SILIRAGUNG!AB130 -> 191
B131: 2 | C131: 2. Prof. Dr. H. EGGI SUDJANA, S.H., M.Si. | E131: =BARUREJO!AX131+BULUAGUNG!AC131+KESILIR!AJ131+SENEPOREJO!AB131+SILIRAGUNG!AB131 -> 37
B132: 3 | C132: 3. NURUL KHOTIMAH | E132: =BARUREJO!AX132+BULUAGUNG!AC132+KESILIR!AJ132+SENEPOREJO!AB132+SILIRAGUNG!AB132 -> 11
B133: 4 | C133: 4. AKHMAD SUYANTO, S.T., M.T. | E133: =BARUREJO!AX133+BULUAGUNG!AC133+KESILIR!AJ133+SENEPOREJO!AB133+SILIRAGUNG!AB133 -> 8
B134: 5 | C134: 5. PUJIYATNI | E134: =BARUREJO!AX134+BULUAGUNG!AC134+KESILIR!AJ134+SENEPOREJO!AB134+SILIRAGUNG!AB134 -> 3
B135: 6 | C135: 6. HENI PURWATININGSIH | E135: =BARUREJO!AX135+BULUAGUNG!AC135+KESILIR!AJ135+SENEPOREJO!AB135+SILIRAGUNG!AB135 -> 7
B136: 7 | C136: 7. MUHADI | E136: =BARUREJO!AX136+BULUAGUNG!AC136+KESILIR!AJ136+SENEPOREJO!AB136+SILIRAGUNG!AB136 -> 5
A139: B | B139: JUMLAH SUARA SAH PARTAI POLITIK DAN CALON (A1 + A2) | E139: =SUM(E129:E138) -> 325
...

Sheet BARUREJO
C2: Kecamatan | D2: SILIRAGUNG
C3: Kabupaten | D3: BANYUWANGI
C4: Provinsi | D4: JAWA TIMUR
C9: Kelurahan | D9: BARUREJO
A12: I | B12: DATA PEMILIH DAN PENGGUNAAN HAK PILIH | AX12: JUMLAH AKHIR
A13: A | B13: DATA PEMILIH | E13: TPS 001 | F13: TPS 002 | G13: TPS 003 | H13: TPS 004 | I13: TPS 005 | J13: TPS 006 | K13: TPS 007 | L13: TPS 008 | M13: TPS 009 | N13: TPS 010 | O13: TPS 011 | P13: TPS 012 | Q13: TPS 013 | R13: TPS 014 | S13: TPS 015 | T13: TPS 016 | U13: TPS 017 | V13: TPS 018 | W13: TPS 019 | X13: TPS 020 | Y13: TPS 021 | Z13: TPS 022 | AA13: TPS 023 | AB13: TPS 024 | AC13: TPS 025 | AD13: TPS 026 | AE13: TPS 027 | AF13: TPS 028 | AG13: TPS 029 | AH13: TPS 030 | AI13: TPS 031 | AJ13: TPS 032 | AK13: TPS 033 | AL13: TPS 034 | AM13: TPS 035 | AN13: TPS 036 | AO13: TPS 037 | AP13: TPS 038 | AQ13: TPS 039 | AR13: TPS 040 | AS13: TPS 041 | AT13: TPS 042 | AU13: TPS 043 | AV13: TPS 044 | AW13: TPS 045
B14: Jumlah Pemilih dalam Daftar Pemilih Tetap (DPT) | D14: LK | E14: 139 | F14: 140 | G14: 131 | H14: 134 | I14: 139 | J14: 143 | K14: 137 | L14: 144 | M14: 148 | N14: 142 | O14: 153 | P14: 138 | Q14: 148 | R14: 151 | S14: 122 | T14: 96 | U14: 104 | V14: 146 | W14: 135 | X14: 127 | Y14: 143 | Z14: 139 | AA14: 129 | AB14: 135 | AC14: 119 | AD14: 140 | AE14: 123 | AF14: 132 | AG14: 122 | AH14: 146 | AI14: 142 | AJ14: 153 | AK14: 119 | AL14: 102 | AM14: 84 | AN14: 152 | AO14: 142 | AP14: 154 | AQ14: 105 | AR14: 117 | AS14: 144 | AT14: 143 | AU14: 128 | AV14: 86 | AW14: 36 | AX14: =SUM(E14:AW14) -> 5852
D15: PR | E15: 128 | F15: 121 | G15: 118 | H15: 129 | I15: 140 | J15: 137 | K15: 126 | L15: 148 | M15: 135 | N15: 142 | O15: 139 | P15: 128 | Q15: 140 | R15: 129 | S15: 121 | T15: 94 | U15: 119 | V15: 130 | W15: 127 | X15: 119 | Y15: 128 | Z15: 123 | AA15: 133 | AB15: 147 | AC15: 107 | AD15: 140 | AE15: 124 | AF15: 127 | AG15: 110 | AH15: 147 | AI15: 148 | AJ15: 142 | AK15: 136 | AL15: 87 | AM15: 61 | AN15: 138 | AO15: 130 | AP15: 144 | AQ15: 94 | AR15: 127 | AS15: 153 | AT15: 143 | AU15: 141 | AV15: 71 | AW15: 39 | AX15: =SUM(E15:AW15) -> 5610
D16: JML | E16: =SUM(E14:E15) -> 267 | F16: =SUM(F14:F15) -> 261 | G16: =SUM(G14:G15) -> 249 | H16: =SUM(H14:H15) -> 263 | I16: =SUM(I14:I15) -> 279 | J16: =SUM(J14:J15) -> 280 | K16: =SUM(K14:K15) -> 263 | L16: =SUM(L14:L15) -> 292 | ... AW16: =SUM(AW14:AW15) -> 75 | AX16: =SUM(E16:AW16) -> 11462
A18: B | B18: PENGGUNA HAK PILIH
B19: 1. | C19: Jumlah pengguna hak pilih dalam Daftar Pemilih Tetap (DPT) | D19: LK | E19: 100 | F19: 112 | G19: 114 | H19: 100 | I19: 100 | J19: 99 | K19: 117 | L19: 101 | M19: 93 | N19: 93 | O19: 114 | P19: 109 | Q19: 109 | R19: 114 | S19: 92 | T19: 69 | U19: 80 | V19: 104 | W19: 109 | X19: 89 | Y19: 102 | Z19: 117 | AA19: 99 | AB19: 105 | AC19: 71 | AD19: 96 | AE19: 82 | AF19: 92 | AG19: 92 | AH19: 106 | AI19: 95 | AJ19: 98 | AK19: 95 | AL19: 79 | AM19: 48 | AN19: 102 | AO19: 103 | AP19: 100 | AQ19: 77 | AR19: 81 | AS19: 96 | AT19: 90 | AU19: 100 | AV19: 74 | AW19: 23 | AX19: =SUM(E19:AW19) -> 4241
D20: PR | E20: 93 | F20: 102 | G20: 87 | H20: 101 | I20: 100 | J20: 110 | K20: 98 | L20: 118 | M20: 113 | N20: 108 | O20: 114 | P20: 103 | Q20: 109 | R20: 98 | S20: 96 | T20: 69 | U20: 95 | V20: 106 | W20: 99 | X20: 95 | Y20: 100 | Z20: 105 | AA20: 100 | AB20: 119 | AC20: 81 | AD20: 112 | AE20: 97 | AF20: 95 | AG20: 89 | AH20: 115 | AI20: 113 | AJ20: 102 | AK20: 111 | AL20: 63 | AM20: 42 | AN20: 100 | AO20: 98 | AP20: 108 | AQ20: 72 | AR20: 97 | AS20: 103 | AT20: 100 | AU20: 109 | AV20: 58 | AW20: 28 | AX20: =SUM(E20:AW20) -> 4331
D21: JML | E21: =SUM(E19:E20) -> 193 | F21: =SUM(F19:F20) -> 214 | G21: =SUM(G19:G20) -> 201 | H21: =SUM(H19:H20) -> 201 | I21: =SUM(I19:I20) -> 200 | J21: =SUM(J19:J20) -> 209 | K21: =SUM(K19:K20) -> 215 | L21: =SUM(L19:L20) -> 219 | ... AW21: =SUM(AW19:AW20) -> 51 | AX21: =SUM(E21:AW21) -> 8572
B22: 2. | C22: Jumlah pengguna hak pilih dalam Daftar Pemilih Tambahan (DPTb) | D22: LK | E22: 0 | F22: 0 | G22: 0 | H22: 0 | I22: 0 | J22: 0 | K22: 1 | L22: 0 | M22: 1 | N22: 0 | O22: 0 | P22: 0 | Q22: 0 | R22: 0 | S22: 1 | AX22: =SUM(E22:AW22) -> 3
D23: PR | E23: 0 | F23: 0 | G23: 0 | H23: 0 | I23: 0 | J23: 0 | K23: 0 | L23: 0 | M23: 0 | N23: 0 | O23: 0 | P23: 0 | Q23: 0 | R23: 0 | S23: 0 | AX23: =SUM(E23:AW23) -> 0
D24: JML | E24: =SUM(E22:E23) -> 0 | F24: =SUM(F22:F23) -> 0 | G24: =SUM(G22:G23) -> 0 | H24: =SUM(H22:H23) -> 0 | I24: =SUM(I22:I23) -> 0 | J24: =SUM(J22:J23) -> 0 | K24: =SUM(K22:K23) -> 1 | L24: =SUM(L22:L23) -> 0 | ... AW24: =SUM(AW22:AW23) -> 0 | AX24: =SUM(E24:AW24) -> 3
B25: 3. | C25: Jumlah pengguna hak pilih dalam Daftar Pemilih Khusus (DPK) | D25: LK | E25: 4 | F25: 0 | G25: 4 | H25: 3 | I25: 1 | J25: 3 | K25: 4 | L25: 2 | M25: 3 | N25: 1 | O25: 5 | P25: 0 | Q25: 3 | R25: 4 | S25: 6 | T25: 5 | U25: 8 | V25: 3 | W25: 1 | X25: 2 | Y25: 1 | Z25: 2 | AA25: 2 | AB25: 0 | AC25: 3 | AD25: 3 | AE25: 5 | AF25: 6 | AG25: 0 | AH25: 1 | AI25: 0 | AJ25: 2 | AK25: 3 | AL25: 4 | AM25: 1 | AN25: 2 | AO25: 0 | AP25: 0 | AQ25: 1 | AR25: 1 | AS25: 1 | AT25: 4 | AU25: 3 | AV25: 0 | AW25: 0 | AX25: =SUM(E25:AW25) -> 107
D26: PR | E26: 5 | F26: 1 | G26: 7 | H26: 10 | I26: 4 | J26: 3 | K26: 2 | L26: 2 | M26: 3 | N26: 3 | O26: 5 | P26: 0 | Q26: 5 | R26: 7 | S26: 3 | T26: 6 | U26: 9 | V26: 3 | W26: 2 | X26: 2 | Y26: 1 | Z26: 3 | AA26: 2 | AB26: 4 | AC26: 5 | AD26: 1 | AE26: 4 | AF26: 5 | AG26: 2 | AH26: 6 | AI26: 0 | AJ26: 7 | AK26: 3 | AL26: 3 | AM26: 3 | AN26: 1 | AO26: 2 | AP26: 0 | AQ26: 2 | AR26: 0 | AS26: 5 | AT26: 9 | AU26: 6 | AV26: 0 | AW26: 0 | AX26: =SUM(E26:AW26) -> 156
D27: JML | E27: =SUM(E25:E26) -> 9 | F27: =SUM(F25:F26) -> 1 | G27: =SUM(G25:G26) -> 11 | H27: =SUM(H25:H26) -> 13 | I27: =SUM(I25:I26) -> 5 | J27: =SUM(J25:J26) -> 6 | K27: =SUM(K25:K26) -> 6 | L27: =SUM(L25:L26) -> 4 | ... AW27: =SUM(AW25:AW26) -> 0 | AX27: =SUM(E27:AW27) -> 263
B28: 4. | C28: Jumlah Pengguna Hak Pilih (B.1+B.2+B.3) | D28: LK | E28: =SUM(E19,E22,E25) -> 104 | F28: =SUM(F19,F22,F25) -> 112 | G28: =SUM(G19,G22,G25) -> 118 | H28: =SUM(H19,H22,H25) -> 103 | I28: =SUM(I19,I22,I25) -> 101 | J28: =SUM(J19,J22,J25) -> 102 | K28: =SUM(K19,K22,K25) -> 122 | L28: =SUM(L19,L22,L25) -> 103 | ... AW28: =SUM(AW19,AW22,AW25) -> 23 | AX28: =SUM(E28:AW28) -> 4351
D29: PR | E29: =SUM(E20,E23,E26) -> 98 | F29: =SUM(F20,F23,F26) -> 103 | G29: =SUM(G20,G23,G26) -> 94 | H29: =SUM(H20,H23,H26) -> 111 | I29: =SUM(I20,I23,I26) -> 104 | J29: =SUM(J20,J23,J26) -> 113 | K29: =SUM(K20,K23,K26) -> 100 | L29: =SUM(L20,L23,L26) -> 120 | ... AW29: =SUM(AW20,AW23,AW26) -> 28 | AX29: =SUM(E29:AW29) -> 4487
D30: JML | E30: =SUM(E28:E29) -> 202 | F30: =SUM(F28:F29) -> 215 | G30: =SUM(G28:G29) -> 212 | H30: =SUM(H28:H29) -> 214 | I30: =SUM(I28:I29) -> 205 | J30: =SUM(J28:J29) -> 215 | K30: =SUM(K28:K29) -> 222 | L30: =SUM(L28:L29) -> 223 | ... AW30: =SUM(AW28:AW29) -> 51 | AX30: =SUM(E30:AW30) -> 8838
A32: II | B32: DATA PENGGUNAAN SURAT SUARA
A33: 1 | B33: Jumlah surat suara yang diterima, termasuk surat suara cadangan 2,5% dari DPT | E33: 273 | F33: 272 | G33: 254 | H33: 269 | I33: 285 | J33: 286 | K33: 269 | L33: 299 | M33: 289 | N33: 300 | O33: 298 | P33: 273 | Q33: 295 | R33: 286 | S33: 248 | T33: 196 | U33: 228 | V33: 282 | W33: 270 | X33: 251 | Y33: 277 | Z33: 268 | AA33: 268 | AB33: 288 | AC33: 231 | AD33: 284 | AE33: 252 | AF33: 271 | AG33: 237 | AH33: 297 | AI33: 296 | AJ33: 301 | AK33: 261 | AL33: 193 | AM33: 148 | AN33: 296 | AO33: 278 | AP33: 304 | AQ33: 203 | AR33: 249 | AS33: 303 | AT33: 292 | AU33: 294 | AV33: 161 | AW33: 77 | AX33: =SUM(E33:AW33) -> 11752
A34: 2 | B34: Jumlah surat suara yang digunakan | E34: 202 | F34: 215 | G34: 212 | H34: 214 | I34: 205 | J34: 215 | K34: 222 | L34: 223 | M34: 213 | N34: 205 | O34: 238 | P34: 212 | Q34: 226 | R34: 223 | S34: 198 | T34: 149 | U34: 192 | V34: 216 | W34: 211 | X34: 188 | Y34: 204 | Z34: 227 | AA34: 203 | AB34: 228 | AC34: 160 | AD34: 212 | AE34: 188 | AF34: 198 | AG34: 183 | AH34: 228 | AI34: 208 | AJ34: 209 | AK34: 212 | AL34: 149 | AM34: 94 | AN34: 205 | AO34: 203 | AP34: 208 | AQ34: 152 | AR34: 179 | AS34: 205 | AT34: 203 | AU34: 218 | AV34: 132 | AW34: 51 | AX34: =SUM(E34:AW34) -> 8838
A35: 3 | B35: Jumlah surat suara dikembalikan oleh pemilih (karena rusak atau keliru coblos) | E35: 1 | L35: 1 | N35: 1 | P35: 19 | Q35: 1 | R35: 2 | S35: 1 | T35: 3 | V35: 1 | W35: 4 | Y35: 1 | AI35: 0 | AJ35: 0 | AK35: 1 | AL35: 1 | AM35: 0 | AN35: 1 | AO35: 0 | AP35: 0 | AQ35: 0 | AR35: 0 | AS35: 0 | AT35: 0 | AU35: 0 | AV35: 0 | AW35: 0 | AX35: =SUM(E35:AW35) -> 38
A36: 4 | B36: Jumlah surat suara yang tidak digunakan/tidak terpakai, termasuk sisa surat suara cadangan | E36: =E33-(E34+E35) -> 70 | F36: =F33-(F34+F35) -> 57 | G36: =G33-(G34+G35) -> 42 | H36: =H33-(H34+H35) -> 55 | I36: =I33-(I34+I35) -> 80 | J36: =J33-(J34+J35) -> 71 | K36: =K33-(K34+K35) -> 47 | L36: =L33-(L34+L35) -> 75 | ... AW36: =AW33-(AW34+AW35) -> 26 | AX36: =SUM(E36:AW36) -> 2876
A38: III | B38: DATA PEMILIH DISABILITAS
B39: Jumlah seluruh Pemilih disabilitas yang menggunakan hak pilih | D39: LK | T39: 0 | U39: 0 | V39: 0 | W39: 1 | X39: 0 | Y39: 0 | Z39: 0 | AA39: 0 | AB39: 0 | AC39: 0 | AD39: 0 | AE39: 0 | AF39: 0 | AG39: 0 | AH39: 0 | AX39: =SUM(E39:AW39) -> 1
D40: PR | E40: 0 | F40: 0 | G40: 0 | H40: 0 | I40: 0 | J40: 0 | K40: 0 | L40: 0 | M40: 0 | N40: 1 | O40: 0 | P40: 0 | Q40: 0 | R40: 0 | S40: 2 | T40: 1 | U40: 0 | V40: 0 | W40: 0 | X40: 0 | Y40: 0 | Z40: 0 | AA40: 0 | AB40: 0 | AC40: 0 | AD40: 0 | AE40: 0 | AF40: 0 | AG40: 0 | AH40: 0 | AI40: 0 | AJ40: 0 | AK40: 0 | AL40: 0 | AM40: 0 | AN40: 0 | AO40: 0 | AP40: 0 | AQ40: 0 | AR40: 1 | AS40: 1 | AT40: 0 | AU40: 0 | AV40: 0 | AW40: 0 | AX40: =SUM(E40:AW40) -> 6
D41: JML | E41: =SUM(E39:E40) -> 0 | F41: =SUM(F39:F40) -> 0 | G41: =SUM(G39:G40) -> 0 | H41: =SUM(H39:H40) -> 0 | I41: =SUM(I39:I40) -> 0 | J41: =SUM(J39:J40) -> 0 | K41: =SUM(K39:K40) -> 0 | L41: =SUM(L39:L40) -> 0 | ... AW41: =SUM(AW39:AW40) -> 0 | AX41: =SUM(E41:AW41) -> 7
A43: IV | B43: DATA RINCIAN PEROLEHAN SUARA PASANGAN CALON BUPATI DAN WAKIL BUPATI
A44: NOMOR DAN NAMA CALON
A45: A.1 | B45: 1. | C45: Partai Kebangkitan Bangsa | E45: 7 | F45: 15 | G45: 12 | H45: 8 | I45: 11 | J45: 14 | K45: 8 | L45: 4 | M45: 19 | N45: 22 | O45: 11 | P45: 6 | Q45: 2 | R45: 7 | S45: 14 | T45: 6 | U45: 11 | V45: 12 | W45: 8 | X45: 4 | Y45: 4 | Z45: 15 | AA45: 19 | AB45: 11 | AC45: 6 | AD45: 11 | AE45: 12 | AF45: 15 | AG45: 14 | AH45: 42 | AI45: 18 | AJ45: 12 | AK45: 11 | AL45: 3 | AM45: 0 | AN45: 17 | AO45: 5 | AP45: 4 | AQ45: 4 | AR45: 8 | AS45: 1 | AT45: 5 | AU45: 5 | AV45: 1 | AW45: 7 | AX45: =SUM(E45:AW45) -> 451
A46: A.2 | B46: 1 | C46: 1. Dr. Hj. NIHAYATUL WAFIROH, M.A. | E46: 9 | F46: 24 | G46: 7 | H46: 21 | I46: 21 | J46: 43 | K46: 40 | L46: 22 | M46: 45 | N46: 38 | O46: 77 | P46: 31 | Q46: 17 | R46: 14 | S46: 41 | T46: 10 | U46: 32 | V46: 37 | W46: 38 | X46: 25 | Y46: 10 | Z46: 22 | AA46: 28 | AB46: 23 | AC46: 66 | AD46: 90 | AE46: 57 | AF46: 89 | AG46: 93 | AH46: 111 | AI46: 58 | AJ46: 48 | AK46: 45 | AL46: 7 | AM46: 1 | AN46: 63 | AO46: 19 | AP46: 13 | AQ46: 3 | AR46: 37 | AS46: 4 | AT46: 33 | AU46: 17 | AV46: 12 | AW46: 5 | AX46: =SUM(E46:AW46) -> 1546
B47: 2 | C47: 2. H. M. NASIM KHAN | E47: 0 | F47: 0 | G47: 1 | H47: 1 | I47: 3 | J47: 9 | K47: 3 | L47: 5 | M47: 3 | N47: 0 | O47: 2 | P47: 3 | Q47: 2 | R47: 1 | S47: 1 | T47: 2 | U47: 0 | V47: 3 | W47: 1 | X47: 0 | Y47: 1 | Z47: 2 | AA47: 0 | AB47: 1 | AC47: 0 | AD47: 2 | AE47: 4 | AF47: 0 | AG47: 0 | AH47: 1 | AI47: 1 | AJ47: 3 | AK47: 3 | AL47: 0 | AM47: 0 | AN47: 4 | AO47: 4 | AP47: 1 | AQ47: 1 | AR47: 5 | AS47: 1 | AT47: 0 | AU47: 0 | AV47: 0 | AW47: 0 | AX47: =SUM(E47:AW47) -> 74
B48: 3 | C48: 3. Dr. H. AKIK ZAMAN, M.Pd.I. | E48: 0 | F48: 1 | G48: 0 | H48: 1 | I48: 0 | J48: 1 | K48: 2 | L48: 0 | M48: 2 | N48: 0 | O48: 0 | P48: 1 | Q48: 0 | R48: 0 | S48: 5 | T48: 0 | U48: 0 | V48: 1 | W48: 1 | X48: 0 | Y48: 1 | Z48: 2 | AA48: 3 | AB48: 0 | AC48: 0 | AD48: 2 | AE48: 0 | AF48: 0 | AG48: 0 | AH48: 0 | AI48: 1 | AJ48: 1 | AK48: 0 | AL48: 0 | AM48: 0 | AN48: 3 | AO48: 0 | AP48: 0 | AQ48: 0 | AR48: 1 | AS48: 0 | AT48: 0 | AU48: 0 | AV48: 0 | AW48: 3 | AX48: =SUM(E48:AW48) -> 32
B49: 4 | C49: 4. AHMAD RIFA'I, S.H. | E49: 0 | F49: 4 | G49: 1 | H49: 0 | I49: 2 | J49: 3 | K49: 1 | L49: 0 | M49: 0 | N49: 1 | O49: 1 | P49: 0 | Q49: 0 | R49: 1 | S49: 0 | T49: 0 | U49: 0 | V49: 0 | W49: 0 | X49: 0 | Y49: 0 | Z49: 0 | AA49: 1 | AB49: 0 | AC49: 2 | AD49: 2 | AE49: 0 | AF49: 1 | AG49: 1 | AH49: 0 | AI49: 1 | AJ49: 0 | AK49: 3 | AL49: 0 | AM49: 0 | AN49: 3 | AO49: 0 | AP49: 0 | AQ49: 0 | AR49: 2 | AS49: 0 | AT49: 0 | AU49: 1 | AV49: 0 | AW49: 0 | AX49: =SUM(E49:AW49) -> 31
B50: 5 | C50: 5. Drs. H. MAHFUD M.N. | E50: 2 | F50: 0 | G50: 1 | H50: 2 | I50: 0 | J50: 0 | K50: 0 | L50: 1 | M50: 0 | N50: 0 | O50: 1 | P50: 2 | Q50: 2 | R50: 1 | S50: 3 | T50: 1 | U50: 1 | V50: 0 | W50: 1 | X50: 0 | Y50: 1 | Z50: 1 | AA50: 0 | AB50: 0 | AC50: 0 | AD50: 1 | AE50: 0 | AF50: 0 | AG50: 0 | AH50: 0 | AI50: 0 | AJ50: 2 | AK50: 2 | AL50: 1 | AM50: 0 | AN50: 0 | AO50: 0 | AP50: 1 | AQ50: 0 | AR50: 0 | AS50: 0 | AT50: 0 | AU50: 2 | AV50: 0 | AW50: 0 | AX50: =SUM(E50:AW50) -> 29
B51: 6 | C51: 6. NURHAYATI, S.Pd. | E51: 0 | F51: 1 | G51: 0 | H51: 0 | I51: 0 | J51: 0 | K51: 0 | L51: 0 | M51: 0 | N51: 0 | O51: 0 | P51: 0 | Q51: 0 | R51: 1 | S51: 2 | T51: 0 | U51: 0 | V51: 0 | W51: 0 | X51: 0 | Y51: 0 | Z51: 1 | AA51: 1 | AB51: 0 | AC51: 0 | AD51: 0 | AE51: 0 | AF51: 1 | AG51: 2 | AH51: 1 | AI51: 1 | AJ51: 0 | AK51: 0 | AL51: 0 | AM51: 0 | AN51: 0 | AO51: 0 | AP51: 0 | AQ51: 0 | AR51: 1 | AS51: 0 | AT51: 1 | AU51: 0 | AV51: 0 | AW51: 0 | AX51: =SUM(E51:AW51) -> 13
B52: 7 | C52: 7. MAFTUHA KISWAH | E52: 0 | F52: 1 | G52: 0 | H52: 1 | I52: 1 | J52: 0 | K52: 0 | L52: 0 | M52: 0 | N52: 0 | O52: 0 | P52: 2 | Q52: 1 | R52: 1 | S52: 1 | T52: 0 | U52: 0 | V52: 2 | W52: 3 | X52: 1 | Y52: 1 | Z52: 0 | AA52: 0 | AB52: 0 | AC52: 1 | AD52: 1 | AE52: 4 | AF52: 0 | AG52: 0 | AH52: 1 | AI52: 0 | AJ52: 1 | AK52: 0 | AL52: 0 | AM52: 1 | AN52: 0 | AO52: 0 | AP52: 0 | AQ52: 0 | AR52: 1 | AS52: 0 | AT52: 0 | AU52: 0 | AV52: 0 | AW52: 0 | AX52: =SUM(E52:AW52) -> 25
AX53: =SUM(E53:AW53) -> 0
AX54: =SUM(E54:AW54) -> 0
A55: B | B55: JUMLAH SUARA SAH PARTAI POLITIK DAN CALON (A1 + A2) | E55: =SUM(E45:E54) -> 18 | F55: =SUM(F45:F54) -> 46 | G55: =SUM(G45:G54) -> 22 | H55: =SUM(H45:H54) -> 34 | I55: =SUM(I45:I54) -> 38 | J55: =SUM(J45:J54) -> 70 | K55: =SUM(K45:K54) -> 54 | L55: =SUM(L45:L54) -> 32 | ... AX55: =SUM(AX45:AX54) -> 2201
A57: A.1 | B57: 2. | C57: Partai Gerakan Indonesia Raya | E57: 17 | F57: 16 | G57: 15 | H57: 15 | I57: 14 | J57: 6 | K57: 6 | L57: 7 | M57: 7 | N57: 9 | O57: 13 | P57: 4 | Q57: 7 | R57: 2 | S57: 9 | T57: 3 | U57: 5 | V57: 4 | W57: 11 | X57: 12 | Y57: 12 | Z57: 5 | AA57: 11 | AB57: 6 | AC57: 2 | AD57: 2 | AE57: 17 | AF57: 6 | AG57: 7 | AH57: 3 | AI57: 19 | AJ57: 3 | AK57: 5 | AL57: 16 | AM57: 1 | AN57: 12 | AO57: 19 | AP57: 21 | AQ57: 14 | AR57: 11 | AS57: 26 | AT57: 15 | AU57: 28 | AV57: 10 | AW57: 4 | AX57: =SUM(E57:AW57) -> 457
A58: A.2 | B58: 1 | C58: 1. SUMAIL ABDULLAH | E58: 12 | F58: 7 | G58: 8 | H58: 9 | I58: 60 | J58: 57 | K58: 28 | L58: 22 | M58: 21 | N58: 5 | O58: 41 | P58: 14 | Q58: 7 | R58: 2 | S58: 9 | T58: 9 | U58: 4 | V58: 9 | W58: 6 | X58: 10 | Y58: 7 | Z58: 14 | AA58: 14 | AB58: 12 | AC58: 3 | AD58: 3 | AE58: 9 | AF58: 9 | AG58: 2 | AH58: 4 | AI58: 2 | AJ58: 8 | AK58: 7 | AL58: 4 | AM58: 2 | AN58: 7 | AO58: 10 | AP58: 14 | AQ58: 14 | AR58: 12 | AS58: 10 | AT58: 13 | AU58: 12 | AV58: 2 | AW58: 2 | AX58: =SUM(E58:AW58) -> 536
B59: 2 | C59: 2. MUHAMMAD ALI ADRIAN SALEH | E59: 26 | F59: 14 | G59: 7 | H59: 7 | I59: 9 | J59: 17 | K59: 39 | L59: 55 | M59: 22 | N59: 14 | O59: 7 | P59: 17 | Q59: 20 | R59: 4 | S59: 11 | T59: 12 | U59: 9 | V59: 2 | W59: 8 | X59: 3 | Y59: 6 | Z59: 8 | AA59: 2 | AB59: 4 | AC59: 3 | AD59: 6 | AE59: 7 | AF59: 7 | AG59: 3 | AH59: 6 | AI59: 4 | AJ59: 2 | AK59: 3 | AL59: 3 | AM59: 1 | AN59: 12 | AO59: 37 | AP59: 50 | AQ59: 15 | AR59: 22 | AS59: 35 | AT59: 38 | AU59: 33 | AV59: 76 | AW59: 2 | AX59: =SUM(E59:AW59) -> 688
B60: 3 | C60: 3. DURROTUN NAFISAH | E60: 1 | F60: 0 | G60: 1 | H60: 0 | I60: 0 | J60: 0 | K60: 3 | L60: 1 | M60: 3 | N60: 1 | O60: 2 | P60: 0 | Q60: 0 | R60: 1 | S60: 0 | T60: 0 | U60: 1 | V60: 0 | W60: 1 | X60: 6 | Y60: 0 | Z60: 0 | AA60: 1 | AB60: 0 | AC60: 0 | AD60: 1 | AE60: 1 | AF60: 0 | AG60: 0 | AH60: 1 | AI60: 0 | AJ60: 2 | AK60: 0 | AL60: 2 | AM60: 0 | AN60: 1 | AO60: 3 | AP60: 2 | AQ60: 0 | AR60: 1 | AS60: 0 | AT60: 2 | AU60: 1 | AV60: 2 | AW60: 0 | AX60: =SUM(E60:AW60) -> 41
B61: 4 | C61: 4. H. EKO SUSILO NURHIDAYAT | E61: 0 | F61: 2 | G61: 1 | H61: 1 | I61: 0 | J61: 0 | K61: 1 | L61: 0 | M61: 1 | N61: 3 | O61: 2 | P61: 0 | Q61: 1 | R61: 0 | S61: 2 | T61: 3 | U61: 1 | V61: 2 | W61: 0 | X61: 1 | Y61: 3 | Z61: 1 | AA61: 0 | AB61: 1 | AC61: 1 | AD61: 2 | AE61: 0 | AF61: 1 | AG61: 0 | AH61: 1 | AI61: 0 | AJ61: 2 | AK61: 0 | AL61: 1 | AM61: 1 | AN61: 2 | AO61: 4 | AP61: 1 | AQ61: 11 | AR61: 2 | AS61: 3 | AT61: 6 | AU61: 7 | AV61: 0 | AW61: 0 | AX61: =SUM(E61:AW61) -> 71
B62: 5 | C62: 5. KARNADI HARIJANTO, S.S. | E62: 1 | F62: 0 | G62: 0 | H62: 1 | I62: 1 | J62: 0 | K62: 0 | L62: 0 | M62: 0 | N62: 1 | O62: 1 | P62: 0 | Q62: 1 | R62: 0 | S62: 0 | T62: 0 | U62: 2 | V62: 1 | W62: 0 | X62: 0 | Y62: 0 | Z62: 0 | AA62: 0 | AB62: 0 | AC62: 0 | AD62: 0 | AE62: 0 | AF62: 1 | AG62: 0 | AH62: 0 | AI62: 0 | AJ62: 0 | AK62: 0 | AL62: 0 | AM62: 0 | AN62: 0 | AO62: 1 | AP62: 0 | AQ62: 0 | AR62: 1 | AS62: 0 | AT62: 0 | AU62: 0 | AV62: 0 | AW62: 1 | AX62: =SUM(E62:AW62) -> 13
B63: 6 | C63: 6. NURHAYATI | E63: 1 | F63: 7 | G63: 2 | H63: 2 | I63: 1 | J63: 2 | K63: 2 | L63: 3 | M63: 1 | N63: 0 | O63: 1 | P63: 2 | Q63: 1 | R63: 2 | S63: 2 | T63: 0 | U63: 1 | V63: 0 | W63: 0 | X63: 1 | Y63: 0 | Z63: 4 | AA63: 2 | AB63: 0 | AC63: 0 | AD63: 0 | AE63: 0 | AF63: 0 | AG63: 0 | AH63: 1 | AI63: 0 | AJ63: 0 | AK63: 0 | AL63: 1 | AM63: 0 | AN63: 1 | AO63: 1 | AP63: 1 | AQ63: 1 | AR63: 1 | AS63: 3 | AT63: 3 | AU63: 0 | AV63: 0 | AW63: 0 | AX63: =SUM(E63:AW63) -> 50
B64: 7 | C64: 7. MASHUDI | E64: 0 | F64: 2 | G64: 0 | H64: 3 | I64: 1 | J64: 0 | K64: 0 | L64: 3 | M64: 0 | N64: 0 | O64: 0 | P64: 0 | Q64: 1 | R64: 0 | S64: 0 | T64: 0 | U64: 0 | V64: 1 | W64: 0 | X64: 1 | Y64: 1 | Z64: 1 | AA64: 0 | AB64: 0 | AC64: 0 | AD64: 0 | AE64: 0 | AF64: 0 | AG64: 0 | AI64: 0 | AJ64: 0 | AK64: 0 | AL64: 0 | AM64: 0 | AN64: 0 | AO64: 2 | AP64: 0 | AQ64: 0 | AR64: 1 | AS64: 0 | AT64: 0 | AU64: 1 | AV64: 0 | AW64: 0 | AX64: =SUM(E64:AW64) -> 18
AX65: =SUM(E65:AW65) -> 0
AX66: =SUM(E66:AW66) -> 0
A67: B | B67: JUMLAH SUARA SAH PARTAI POLITIK DAN CALON (A1 + A2) | E67: =SUM(E57:E66) -> 58 | F67: =SUM(F57:F66) -> 48 | G67: =SUM(G57:G66) -> 34 | H67: =SUM(H57:H66) -> 38 | I67: =SUM(I57:I66) -> 86 | J67: =SUM(J57:J66) -> 82 | K67: =SUM(K57:K66) -> 79 | L67: =SUM(L57:L66) -> 91 | ... AX67: =SUM(AX57:AX66) -> 1874
A69: A.1 | B69: 3. | C69: Partai Demokrasi Indonesia Perjuangan | E69: 7 | F69: 11 | G69: 24 | H69: 15 | I69: 3 | J69: 2 | K69: 5 | L69: 5 | M69: 9 | N69: 10 | O69: 7 | P69: 9 | Q69: 15 | R69: 8 | S69: 9 | T69: 2 | U69: 6 | V69: 6 | W69: 2 | X69: 16 | Y69: 9 | Z69: 10 | AA69: 9 | AB69: 9 | AC69: 2 | AD69: 4 | AE69: 6 | AF69: 0 | AG69: 0 | AH69: 1 | AI69: 10 | AJ69: 4 | AK69: 20 | AL69: 23 | AM69: 1 | AN69: 9 | AO69: 6 | AP69: 7 | AQ69: 11 | AR69: 2 | AS69: 8 | AT69: 5 | AU69: 7 | AV69: 3 | AW69: 5 | AX69: =SUM(E69:AW69) -> 342
A70: A.2 | B70: 1 | C70: 1. SONNY TRI DANAPARAMITA, S.H., M.H. | E70: 5 | F70: 3 | G70: 10 | H70: 5 | I70: 2 | J70: 5 | K70: 13 | L70: 6 | M70: 1 | N70: 4 | O70: 4 | P70: 8 | Q70: 7 | R70: 7 | S70: 11 | T70: 5 | U70: 2 | V70: 2 | W70: 4 | X70: 17 | Y70: 11 | Z70: 4 | AA70: 2 | AB70: 107 | AC70: 18 | AD70: 33 | AE70: 6 | AF70: 2 | AG70: 6 | AH70: 6 | AI70: 0 | AJ70: 3 | AK70: 7 | AL70: 56 | AM70: 66 | AN70: 3 | AO70: 4 | AP70: 7 | AQ70: 0 | AR70: 4 | AS70: 9 | AT70: 10 | AU70: 7 | AV70: 2 | AW70: 4 | AX70: =SUM(E70:AW70) -> 498
B71: 2 | C71: 2. H. MOHAMAD GUNTUR ROMLI | E71: 8 | F71: 5 | G71: 30 | H71: 24 | I71: 0 | J71: 0 | K71: 1 | L71: 2 | M71: 0 | N71: 3 | O71: 2 | P71: 8 | Q71: 12 | R71: 6 | S71: 1 | T71: 1 | U71: 2 | V71: 9 | W71: 3 | X71: 12 | Y71: 20 | Z71: 6 | AA71: 5 | AB71: 1 | AC71: 0 | AD71: 0 | AE71: 0 | AF71: 0 | AG71: 0 | AH71: 1 | AI71: 0 | AJ71: 1 | AK71: 2 | AL71: 1 | AM71: 0 | AN71: 2 | AO71: 0 | AP71: 2 | AQ71: 1 | AR71: 1 | AS71: 2 | AT71: 6 | AU71: 2 | AV71: 2 | AW71: 0 | AX71: =SUM(E71:AW71) -> 184
B72: 3 | C72: 3. INA AMMANIA | E72: 3 | F72: 7 | G72: 11 | H72: 8 | I72: 5 | J72: 6 | K72: 13 | L72: 16 | M72: 12 | N72: 19 | O72: 7 | P72: 14 | Q72: 23 | R72: 10 | S72: 14 | T72: 22 | U72: 10 | V72: 31 | W72: 13 | X72: 5 | Y72: 27 | Z72: 7 | AA72: 2 | AB72: 2 | AC72: 1 | AD72: 2 | AE72: 0 | AF72: 1 | AG72: 2 | AH72: 0 | AI72: 1 | AJ72: 1 | AK72: 0 | AL72: 3 | AM72: 2 | AN72: 1 | AO72: 0 | AP72: 1 | AQ72: 1 | AR72: 1 | AS72: 1 | AT72: 2 | AU72: 2 | AV72: 6 | AW72: 0 | AX72: =SUM(E72:AW72) -> 315
B73: 4 | C73: 4. IRWAN BACHTIAR RACHMAT, M.Si. | E73: 1 | F73: 0 | G73: 5 | H73: 0 | I73: 1 | J73: 0 | K73: 1 | L73: 0 | M73: 0 | N73: 2 | O73: 0 | P73: 1 | Q73: 0 | R73: 1 | S73: 1 | T73: 1 | U73: 0 | V73: 0 | W73: 0 | X73: 0 | Y73: 0 | Z73: 0 | AA73: 0 | AB73: 0 | AC73: 1 | AD73: 0 | AE73: 1 | AF73: 1 | AG73: 0 | AH73: 0 | AI73: 0 | AJ73: 0 | AK73: 2 | AL73: 0 | AM73: 0 | AN73: 0 | AO73: 1 | AP73: 1 | AQ73: 0 | AR73: 1 | AS73: 1 | AT73: 2 | AU73: 0 | AV73: 0 | AW73: 0 | AX73: =SUM(E73:AW73) -> 25
B74: 5 | C74: 5. LUCKY PERDANA | E74: 5 | F74: 12 | G74: 3 | H74: 4 | I74: 5 | J74: 3 | K74: 3 | L74: 6 | M74: 2 | N74: 1 | O74: 6 | P74: 6 | Q74: 12 | R74: 8 | S74: 6 | T74: 9 | U74: 18 | V74: 5 | W74: 8 | X74: 7 | Y74: 10 | Z74: 7 | AA74: 8 | AB74: 7 | AC74: 7 | AD74: 0 | AE74: 2 | AF74: 3 | AG74: 3 | AH74: 0 | AI74: 2 | AJ74: 1 | AK74: 30 | AL74: 0 | AM74: 0 | AN74: 2 | AO74: 3 | AP74: 1 | AQ74: 3 | AR74: 4 | AS74: 3 | AT74: 2 | AU74: 5 | AV74: 0 | AW74: 0 | AX74: =SUM(E74:AW74) -> 232
B75: 6 | C75: 6. WIWIK PUJIYATI | E75: 1 | F75: 0 | G75: 2 | H75: 2 | I75: 0 | J75: 1 | K75: 1 | L75: 2 | M75: 1 | N75: 0 | O75: 3 | P75: 3 | Q75: 6 | R75: 4 | S75: 1 | T75: 2 | U75: 2 | V75: 1 | W75: 1 | X75: 0 | Y75: 3 | Z75: 0 | AA75: 0 | AB75: 1 | AC75: 0 | AD75: 0 | AE75: 0 | AF75: 1 | AG75: 0 | AH75: 1 | AI75: 0 | AJ75: 0 | AK75: 5 | AL75: 0 | AM75: 1 | AN75: 0 | AO75: 3 | AP75: 0 | AQ75: 0 | AR75: 3 | AS75: 0 | AT75: 0 | AU75: 0 | AV75: 0 | AW75: 0 | AX75: =SUM(E75:AW75) -> 51
B76: 7 | C76: 7. CHANDRA ASTAN, S.T. | E76: 21 | F76: 1 | G76: 5 | H76: 19 | I76: 0 | J76: 2 | K76: 0 | L76: 2 | M76: 2 | N76: 0 | O76: 0 | P76: 7 | Q76: 11 | R76: 3 | S76: 1 | T76: 1 | U76: 0 | V76: 0 | W76: 0 | X76: 0 | Y76: 0 | Z76: 0 | AA76: 0 | AB76: 1 | AC76: 0 | AD76: 0 | AE76: 2 | AF76: 0 | AG76: 0 | AH76: 0 | AI76: 1 | AJ76: 0 | AK76: 1 | AL76: 0 | AM76: 0 | AN76: 1 | AO76: 0 | AP76: 2 | AQ76: 0 | AR76: 1 | AS76: 0 | AT76: 0 | AU76: 1 | AV76: 0 | AW76: 2 | AX76: =SUM(E76:AW76) -> 87
AX77: =SUM(E77:AW77) -> 0
AX78: =SUM(E78:AW78) -> 0
A79: B | B79: JUMLAH SUARA SAH PARTAI POLITIK DAN CALON (A1 + A2) | E79: =SUM(E69:E78) -> 51 | F79: =SUM(F69:F78) -> 39 | G79: =SUM(G69:G78) -> 90 | H79: =SUM(H69:H78) -> 77 | I79: =SUM(I69:I78) -> 16 | J79: =SUM(J69:J78) -> 19 | K79: =SUM(K69:K78) -> 37 | L79: =SUM(L69:L78) -> 39 | ... AX79: =SUM(AX69:AX78) -> 1734
A81: A.1 | B81: 4. | C81: Partai Golongan Karya | E81: 6 | F81: 6 | G81: 4 | H81: 3 | I81: 3 | J81: 0 | K81: 3 | L81: 0 | M81: 3 | N81: 0 | O81: 1 | P81: 3 | Q81: 5 | R81: 7 | S81: 2 | T81: 4 | U81: 3 | V81: 4 | W81: 2 | X81: 1 | Y81: 4 | Z81: 9 | AA81: 3 | AB81: 2 | AC81: 2 | AD81: 3 | AE81: 2 | AF81: 3 | AG81: 5 | AH81: 3 | AI81: 5 | AJ81: 3 | AK81: 6 | AL81: 0 | AM81: 0 | AN81: 4 | AO81: 3 | AP81: 2 | AQ81: 1 | AR81: 1 | AS81: 6 | AT81: 3 | AU81: 2 | AV81: 0 | AW81: 0 | AX81: =SUM(E81:AW81) -> 132
A82: A.2 | B82: 1 | C82: 1. ZULFIKAR ARSE SADIKIN, S.I.P., M.Si. | E82: 13 | F82: 12 | G82: 3 | H82: 19 | I82: 2 | J82: 1 | K82: 2 | L82: 11 | M82: 12 | N82: 9 | O82: 1 | P82: 16 | Q82: 17 | R82: 79 | S82: 4 | T82: 6 | U82: 14 | V82: 16 | W82: 8 | X82: 17 | Y82: 16 | Z82: 31 | AA82: 17 | AB82: 7 | AC82: 13 | AD82: 5 | AE82: 2 | AF82: 6 | AG82: 10 | AH82: 16 | AI82: 16 | AJ82: 59 | AK82: 11 | AL82: 1 | AM82: 15 | AN82: 2 | AO82: 6 | AP82: 5 | AQ82: 0 | AR82: 4 | AS82: 10 | AT82: 2 | AU82: 1 | AV82: 0 | AW82: 0 | AX82: =SUM(E82:AW82) -> 517
B83: 2 | C83: 2. HANDOKO | E83: 4 | F83: 1 | G83: 2 | H83: 3 | I83: 5 | J83: 1 | K83: 7 | L83: 2 | M83: 4 | N83: 3 | O83: 7 | P83: 3 | Q83: 1 | R83: 3 | S83: 1 | T83: 4 | U83: 4 | V83: 0 | W83: 3 | X83: 2 | Y83: 1 | Z83: 4 | AA83: 6 | AB83: 0 | AC83: 1 | AD83: 4 | AE83: 1 | AF83: 0 | AG83: 1 | AH83: 0 | AI83: 4 | AJ83: 3 | AK83: 7 | AL83: 0 | AM83: 0 | AN83: 1 | AO83: 1 | AP83: 2 | AQ83: 0 | AR83: 3 | AS83: 4 | AT83: 6 | AU83: 4 | AV83: 0 | AW83: 1 | AX83: =SUM(E83:AW83) -> 114
B84: 3 | C84: 3. Hj. OVI DEWI YANTI | E84: 0 | F84: 0 | G84: 0 | H84: 0 | I84: 1 | J84: 0 | K84: 1 | L84: 0 | M84: 0 | N84: 0 | O84: 0 | P84: 0 | Q84: 0 | R84: 0 | S84: 0 | T84: 0 | U84: 0 | V84: 0 | W84: 0 | X84: 2 | Y84: 0 | Z84: 0 | AA84: 1 | AB84: 0 | AC84: 0 | AD84: 2 | AE84: 0 | AF84: 0 | AG84: 0 | AH84: 0 | AI84: 0 | AJ84: 2 | AK84: 0 | AL84: 0 | AM84: 0 | AN84: 0 | AO84: 2 | AP84: 0 | AQ84: 0 | AR84: 1 | AS84: 0 | AT84: 1 | AU84: 1 | AV84: 0 | AW84: 0 | AX84: =SUM(E84:AW84) -> 14
B85: 4 | C85: 4. Ir. AZAM AZMAN NATAWIJANA | E85: 0 | F85: 0 | G85: 1 | H85: 1 | I85: 0 | J85: 1 | K85: 1 | L85: 0 | M85: 0 | N85: 0 | O85: 0 | P85: 0 | Q85: 1 | R85: 0 | S85: 1 | T85: 0 | U85: 0 | V85: 0 | W85: 1 | X85: 0 | Y85: 1 | Z85: 0 | AA85: 1 | AB85: 2 | AC85: 0 | AD85: 0 | AE85: 0 | AF85: 2 | AG85: 1 | AH85: 0 | AI85: 1 | AJ85: 1 | AK85: 0 | AL85: 0 | AM85: 0 | AN85: 0 | AO85: 0 | AP85: 0 | AQ85: 0 | AR85: 0 | AS85: 1 | AT85: 0 | AU85: 1 | AV85: 1 | AW85: 0 | AX85: =SUM(E85:AW85) -> 19
B86: 5 | C86: 5. UBAIDILLAH AMIN, S.Kom. | E86: 3 | F86: 3 | G86: 0 | H86: 0 | I86: 0 | J86: 0 | K86: 1 | L86: 0 | M86: 0 | N86: 0 | O86: 0 | P86: 1 | Q86: 1 | R86: 0 | S86: 2 | T86: 0 | U86: 0 | V86: 0 | W86: 0 | X86: 0 | Y86: 2 | Z86: 1 | AA86: 0 | AB86: 0 | AC86: 0 | AD86: 1 | AE86: 0 | AF86: 1 | AG86: 0 | AH86: 0 | AI86: 0 | AJ86: 0 | AK86: 1 | AL86: 0 | AM86: 0 | AN86: 0 | AO86: 1 | AP86: 1 | AQ86: 0 | AR86: 1 | AS86: 0 | AT86: 0 | AU86: 0 | AV86: 0 | AW86: 0 | AX86: =SUM(E86:AW86) -> 20
B87: 6 | C87: 6. DENNY YUNIANDARI, S.H., M.Kn. | E87: 0 | F87: 0 | G87: 0 | H87: 0 | I87: 0 | J87: 1 | K87: 0 | L87: 0 | M87: 0 | N87: 0 | O87: 0 | P87: 0 | Q87: 0 | R87: 0 | S87: 0 | T87: 0 | U87: 0 | V87: 0 | W87: 0 | X87: 0 | Y87: 0 | Z87: 0 | AA87: 0 | AB87: 0 | AC87: 0 | AD87: 0 | AE87: 0 | AF87: 0 | AG87: 1 | AH87: 0 | AI87: 0 | AJ87: 0 | AK87: 0 | AL87: 0 | AM87: 0 | AN87: 0 | AO87: 0 | AP87: 0 | AQ87: 0 | AR87: 0 | AS87: 1 | AT87: 0 | AU87: 0 | AV87: 0 | AW87: 0 | AX87: =SUM(E87:AW87) -> 3
B88: 7 | C88: 7. ERNADI, S.H.I. | E88: 0 | F88: 0 | G88: 0 | H88: 0 | I88: 0 | J88: 0 | K88: 0 | L88: 0 | M88: 0 | N88: 0 | O88: 0 | P88: 0 | Q88: 0 | R88: 1 | S88: 0 | T88: 0 | U88: 0 | V88: 0 | W88: 1 | X88: 0 | Y88: 0 | Z88: 0 | AA88: 0 | AB88: 0 | AC88: 0 | AD88: 0 | AE88: 0 | AF88: 0 | AG88: 0 | AH88: 0 | AI88: 0 | AJ88: 0 | AK88: 0 | AL88: 0 | AM88: 0 | AN88: 0 | AO88: 1 | AP88: 0 | AQ88: 0 | AR88: 0 | AS88: 0 | AT88: 0 | AU88: 0 | AV88: 0 | AW88: 0 | AX88: =SUM(E88:AW88) -> 3
AX89: =SUM(E89:AW89) -> 0
AX90: =SUM(E90:AW90) -> 0
A91: B | B91: JUMLAH SUARA SAH PARTAI POLITIK DAN CALON (A1 + A2) | E91: =SUM(E81:E90) -> 26 | F91: =SUM(F81:F90) -> 22 | G91: =SUM(G81:G90) -> 10 | H91: =SUM(H81:H90) -> 26 | I91: =SUM(I81:I90) -> 11 | J91: =SUM(J81:J90) -> 4 | K91: =SUM(K81:K90) -> 15 | L91: =SUM(L81:L90) -> 13 | ... AX91: =SUM(AX81:AX90) -> 822
A93: A.1 | B93: 5. | C93: Partai NasDem | E93: 1 | F93: 3 | G93: 5 | H93: 1 | I93: 0 | J93: 0 | K93: 3 | L93: 0 | M93: 2 | N93: 2 | O93: 0 | P93: 1 | Q93: 1 | R93: 2 | S93: 1 | T93: 2 | U93: 0 | V93: 1 | W93: 0 | X93: 1 | Y93: 1 | Z93: 0 | AA93: 0 | AB93: 0 | AC93: 0 | AD93: 0 | AE93: 0 | AF93: 0 | AG93: 2 | AH93: 0 | AI93: 1 | AJ93: 2 | AK93: 2 | AL93: 0 | AM93: 0 | AN93: 1 | AO93: 0 | AP93: 2 | AQ93: 2 | AR93: 0 | AS93: 1 | AT93: 0 | AU93: 1 | AV93: 0 | AW93: 0 | AX93: =SUM(E93:AW93) -> 41
A94: A.2 | B94: 1 | C94: 1. ACH. FADIL MUZAKKI SYAH | E94: 0 | F94: 3 | G94: 4 | H94: 2 | I94: 1 | J94: 0 | K94: 0 | L94: 3 | M94: 1 | N94: 1 | O94: 0 | P94: 0 | Q94: 1 | R94: 0 | S94: 0 | T94: 0 | U94: 0 | V94: 1 | W94: 1 | X94: 0 | Y94: 0 | Z94: 0 | AA94: 2 | AB94: 0 | AC94: 0 | AD94: 0 | AE94: 2 | AF94: 2 | AG94: 0 | AH94: 4 | AI94: 0 | AJ94: 1 | AK94: 2 | AL94: 1 | AM94: 0 | AN94: 2 | AO94: 0 | AP94: 0 | AQ94: 1 | AR94: 0 | AS94: 2 | AT94: 0 | AU94: 0 | AV94: 0 | AW94: 0 | AX94: =SUM(E94:AW94) -> 37
B95: 2 | C95: 2. BENY | E95: 0 | F95: 1 | G95: 3 | H95: 1 | I95: 1 | J95: 2 | K95: 0 | L95: 1 | M95: 0 | N95: 2 | O95: 2 | P95: 0 | Q95: 0 | R95: 1 | S95: 0 | T95: 0 | U95: 0 | V95: 0 | W95: 1 | X95: 0 | Y95: 0 | Z95: 0 | AA95: 0 | AB95: 3 | AC95: 4 | AD95: 5 | AE95: 9 | AF95: 21 | AG95: 6 | AH95: 0 | AI95: 0 | AJ95: 1 | AK95: 1 | AL95: 1 | AM95: 0 | AN95: 0 | AO95: 9 | AP95: 4 | AQ95: 1 | AR95: 0 | AS95: 0 | AT95: 0 | AU95: 1 | AV95: 0 | AW95: 0 | AX95: =SUM(E95:AW95) -> 81
B96: 3 | C96: 3. VINA VERONIKA | E96: 0 | F96: 0 | G96: 1 | H96: 1 | I96: 1 | J96: 0 | K96: 1 | L96: 0 | M96: 0 | N96: 0 | O96: 0 | P96: 1 | Q96: 0 | R96: 0 | S96: 0 | T96: 0 | U96: 0 | V96: 0 | W96: 0 | X96: 1 | Y96: 0 | Z96: 0 | AA96: 0 | AB96: 0 | AC96: 0 | AD96: 0 | AE96: 0 | AF96: 0 | AG96: 0 | AH96: 1 | AI96: 0 | AJ96: 0 | AK96: 0 | AL96: 0 | AM96: 0 | AN96: 0 | AO96: 0 | AP96: 1 | AQ96: 0 | AR96: 0 | AS96: 0 | AT96: 0 | AU96: 0 | AV96: 0 | AW96: 0 | AX96: =SUM(E96:AW96) -> 8
B97: 4 | C97: 4. TEDDY ANUGRIANTO | E97: 0 | F97: 0 | G97: 1 | H97: 1 | I97: 0 | J97: 0 | K97: 0 | L97: 0 | M97: 0 | N97: 1 | O97: 0 | P97: 0 | Q97: 1 | R97: 0 | S97: 0 | T97: 0 | U97: 0 | V97: 0 | W97: 0 | X97: 0 | Y97: 0 | Z97: 0 | AA97: 0 | AB97: 0 | AC97: 0 | AD97: 0 | AE97: 2 | AF97: 0 | AG97: 0 | AH97: 0 | AI97: 1 | AJ97: 1 | AK97: 0 | AL97: 0 | AM97: 0 | AN97: 0 | AO97: 0 | AP97: 0 | AQ97: 1 | AR97: 0 | AS97: 0 | AT97: 0 | AU97: 0 | AV97: 0 | AW97: 1 | AX97: =SUM(E97:AW97) -> 10
B98: 5 | C98: 5. INSAN KAMIL | E98: 0 | F98: 0 | G98: 0 | H98: 0 | I98: 1 | J98: 0 | K98: 0 | L98: 0 | M98: 0 | N98: 0 | O98: 0 | P98: 1 | Q98: 0 | R98: 1 | S98: 0 | T98: 0 | U98: 0 | V98: 1 | W98: 0 | X98: 0 | Y98: 0 | Z98: 0 | AA98: 1 | AB98: 0 | AC98: 0 | AD98: 1 | AE98: 0 | AF98: 0 | AG98: 2 | AH98: 0 | AI98: 1 | AJ98: 0 | AK98: 0 | AL98: 0 | AM98: 0 | AN98: 0 | AO98: 0 | AP98: 0 | AQ98: 0 | AR98: 0 | AS98: 0 | AT98: 0 | AU98: 1 | AV98: 0 | AW98: 0 | AX98: =SUM(E98:AW98) -> 10
B99: 6 | C99: 6. LILIK LINDARWATI | E99: 0 | F99: 0 | G99: 0 | H99: 1 | I99: 0 | J99: 0 | K99: 0 | L99: 0 | M99: 0 | N99: 0 | O99: 0 | P99: 0 | Q99: 0 | R99: 0 | S99: 0 | T99: 0 | U99: 0 | V99: 0 | W99: 0 | X99: 0 | Y99: 0 | Z99: 1 | AA99: 0 | AB99: 1 | AC99: 0 | AD99: 0 | AE99: 0 | AF99: 0 | AG99: 0 | AH99: 0 | AI99: 0 | AJ99: 0 | AK99: 0 | AL99: 0 | AM99: 0 | AN99: 0 | AO99: 0 | AP99: 0 | AQ99: 0 | AR99: 0 | AS99: 1 | AT99: 0 | AU99: 1 | AV99: 0 | AW99: 0 | AX99: =SUM(E99:AW99) -> 5
B100: 7 | C100: 7. YULI ANITA | E100: 0 | F100: 0 | G100: 0 | H100: 0 | I100: 0 | J100: 0 | K100: 0 | L100: 0 | M100: 0 | N100: 0 | O100: 0 | P100: 0 | Q100: 0 | R100: 0 | S100: 0 | T100: 0 | U100: 0 | V100: 1 | W100: 0 | X100: 0 | Y100: 0 | Z100: 0 | AA100: 0 | AB100: 1 | AC100: 0 | AD100: 2 | AE100: 0 | AF100: 0 | AG100: 0 | AH100: 1 | AI100: 0 | AJ100: 2 | AK100: 1 | AL100: 0 | AM100: 0 | AN100: 2 | AO100: 1 | AP100: 0 | AQ100: 0 | AR100: 1 | AS100: 0 | AT100: 0 | AU100: 0 | AV100: 0 | AW100: 0 | AX100: =SUM(E100:AW100) -> 12
AX101: =SUM(E101:AW101) -> 0
AX102: =SUM(E102:AW102) -> 0
A103: B | B103: JUMLAH SUARA SAH PARTAI POLITIK DAN CALON (A1 + A2) | E103: =SUM(E93:E102) -> 1 | F103: =SUM(F93:F102) -> 7 | G103: =SUM(G93:G102) -> 14 | H103: =SUM(H93:H102) -> 7 | I103: =SUM(I93:I102) -> 4 | J103: =SUM(J93:J102) -> 2 | K103: =SUM(K93:K102) -> 4 | L103: =SUM(L93:L102) -> 4 | ... AX103: =SUM(AX93:AX102) -> 204
A105: A.1 | B105: 6. | C105: Partai Buruh | E105: 2 | F105: 0 | G105: 2 | H105: 0 | I105: 0 | J105: 0 | K105: 0 | L105: 0 | M105: 0 | N105: 1 | O105: 0 | P105: 0 | Q105: 0 | R105: 0 | S105: 0 | T105: 0 | U105: 0 | V105: 0 | W105: 1 | X105: 0 | Y105: 0 | Z105: 0 | AA105: 0 | AB105: 0 | AC105: 0 | AD105: 0 | AE105: 0 | AF105: 1 | AG105: 0 | AH105: 0 | AI105: 0 | AJ105: 1 | AK105: 0 | AL105: 0 | AM105: 0 | AN105: 0 | AO105: 1 | AP105: 0 | AQ105: 0 | AR105: 2 | AS105: 0 | AT105: 2 | AU105: 0 | AV105: 0 | AW105: 0 | AX105: =SUM(E105:AW105) -> 13
A106: A.2 | B106: 1 | C106: 1. KHOIRUL ANAM | E106: 0 | F106: 0 | G106: 1 | H106: 1 | I106: 0 | J106: 0 | K106: 0 | L106: 0 | M106: 0 | N106: 0 | O106: 0 | P106: 0 | Q106: 0 | R106: 1 | S106: 0 | T106: 1 | U106: 0 | V106: 0 | W106: 0 | X106: 1 | Y106: 0 | Z106: 0 | AA106: 0 | AB106: 0 | AC106: 0 | AD106: 0 | AE106: 0 | AF106: 0 | AG106: 0 | AH106: 0 | AI106: 0 | AJ106: 0 | AK106: 0 | AL106: 0 | AM106: 0 | AN106: 0 | AO106: 0 | AP106: 0 | AQ106: 1 | AR106: 0 | AS106: 0 | AT106: 0 | AU106: 0 | AV106: 0 | AW106: 0 | AX106: =SUM(E106:AW106) -> 6
B107: 2 | C107: 2. INA KURNIA | E107: 0 | F107: 1 | G107: 0 | H107: 0 | I107: 0 | J107: 0 | K107: 1 | L107: 0 | M107: 0 | N107: 0 | O107: 0 | P107: 0 | Q107: 0 | R107: 0 | S107: 0 | T107: 0 | U107: 0 | V107: 0 | W107: 0 | X107: 0 | Y107: 0 | Z107: 1 | AA107: 0 | AB107: 0 | AC107: 0 | AD107: 0 | AE107: 0 | AF107: 0 | AG107: 0 | AH107: 0 | AI107: 0 | AJ107: 0 | AK107: 0 | AL107: 0 | AM107: 0 | AN107: 0 | AO107: 0 | AP107: 0 | AQ107: 0 | AR107: 0 | AS107: 0 | AT107: 0 | AU107: 0 | AV107: 0 | AW107: 0 | AX107: =SUM(E107:AW107) -> 3
B108: 3 | C108: 3. JIBRAL TAROUK | E108: 0 | F108: 0 | G108: 0 | H108: 0 | I108: 0 | J108: 0 | K108: 0 | L108: 0 | M108: 0 | N108: 0 | O108: 0 | P108: 0 | Q108: 0 | R108: 0 | S108: 0 | T108: 0 | U108: 0 | V108: 0 | W108: 0 | X108: 0 | Y108: 0 | Z108: 0 | AA108: 0 | AB108: 0 | AC108: 0 | AD108: 0 | AE108: 0 | AF108: 0 | AG108: 0 | AH108: 0 | AI108: 0 | AJ108: 0 | AK108: 0 | AL108: 0 | AM108: 0 | AN108: 0 | AO108: 0 | AP108: 0 | AQ108: 0 | AR108: 0 | AS108: 0 | AT108: 0 | AU108: 0 | AV108: 0 | AW108: 0 | AX108: =SUM(E108:AW108) -> 0
B109: 4 | C109: 4. ASTUTI DAENG PUJI | E109: 0 | F109: 0 | G109: 1 | H109: 0 | I109: 0 | J109: 0 | K109: 0 | L109: 0 | M109: 0 | N109: 0 | O109: 0 | P109: 0 | Q109: 0 | R109: 0 | S109: 0 | T109: 0 | U109: 0 | V109: 0 | W109: 0 | X109: 0 | Y109: 0 | Z109: 0 | AA109: 0 | AB109: 0 | AC109: 0 | AD109: 0 | AE109: 0 | AF109: 1 | AG109: 0 | AH109: 0 | AI109: 0 | AJ109: 1 | AK109: 0 | AL109: 0 | AM109: 0 | AN109: 0 | AO109: 0 | AP109: 0 | AQ109: 0 | AR109: 0 | AS109: 0 | AT109: 0 | AU109: 0 | AV109: 0 | AW109: 0 | AX109: =SUM(E109:AW109) -> 3
B110: 5 | C110: 5. ASDARMAWAN | E110: 0 | F110: 1 | G110: 0 | H110: 0 | I110: 0 | J110: 0 | K110: 0 | L110: 0 | M110: 0 | N110: 0 | O110: 0 | P110: 0 | Q110: 0 | R110: 0 | S110: 0 | T110: 0 | U110: 0 | V110: 0 | W110: 0 | X110: 0 | Y110: 0 | Z110: 0 | AA110: 0 | AB110: 0 | AC110: 0 | AD110: 0 | AE110: 0 | AF110: 0 | AG110: 0 | AH110: 0 | AI110: 0 | AJ110: 0 | AK110: 0 | AL110: 1 | AM110: 0 | AN110: 0 | AO110: 0 | AP110: 0 | AQ110: 0 | AR110: 0 | AS110: 0 | AT110: 0 | AU110: 0 | AV110: 0 | AW110: 0 | AX110: =SUM(E110:AW110) -> 2
B111: 6 | C111: 6. RIFQI MUBAROK | E111: 0 | F111: 0 | G111: 1 | H111: 0 | I111: 0 | J111: 0 | K111: 0 | L111: 0 | M111: 0 | N111: 0 | O111: 0 | P111: 0 | Q111: 0 | R111: 0 | S111: 0 | T111: 0 | U111: 0 | V111: 0 | W111: 0 | X111: 0 | Y111: 0 | Z111: 0 | AA111: 0 | AB111: 0 | AC111: 0 | AD111: 0 | AE111: 0 | AF111: 0 | AG111: 0 | AH111: 0 | AI111: 0 | AJ111: 0 | AK111: 0 | AL111: 0 | AM111: 0 | AN111: 0 | AO111: 0 | AP111: 0 | AQ111: 0 | AR111: 0 | AS111: 0 | AT111: 0 | AU111: 0 | AV111: 0 | AW111: 0 | AX111: =SUM(E111:AW111) -> 1
B112: 7 | C112: 7. FIRNANDA ALTA MEGA | E112: 0 | F112: 0 | G112: 0 | H112: 0 | I112: 0 | J112: 0 | K112: 0 | L112: 0 | M112: 0 | N112: 0 | O112: 0 | P112: 0 | Q112: 0 | R112: 0 | S112: 0 | T112: 0 | U112: 0 | V112: 0 | W112: 0 | X112: 0 | Y112: 0 | Z112: 0 | AA112: 0 | AB112: 0 | AC112: 0 | AD112: 0 | AE112: 0 | AF112: 0 | AG112: 0 | AH112: 0 | AI112: 0 | AJ112: 0 | AK112: 0 | AL112: 0 | AM112: 0 | AN112: 0 | AO112: 0 | AP112: 0 | AQ112: 0 | AR112: 0 | AS112: 0 | AT112: 0 | AU112: 0 | AV112: 0 | AW112: 0 | AX112: =SUM(E112:AW112) -> 0
AX113: =SUM(E113:AW113) -> 0
AX114: =SUM(E114:AW114) -> 0
A115: B | B115: JUMLAH SUARA SAH PARTAI POLITIK DAN CALON (A1 + A2) | E115: =SUM(E105:E114) -> 2 | F115: =SUM(F105:F114) -> 2 | G115: =SUM(G105:G114) -> 5 | H115: =SUM(H105:H114) -> 1 | I115: =SUM(I105:I114) -> 0 | J115: =SUM(J105:J114) -> 0 | K115: =SUM(K105:K114) -> 1 | L115: =SUM(L105:L114) -> 0 | ... AX115: =SUM(AX105:AX114) -> 28
A117: A.1 | B117: 7. | C117: Partai Gelombang Rakyat Indonesia | E117: 8 | F117: 4 | G117: 1 | H117: 3 | I117: 0 | J117: 1 | K117: 0 | L117: 6 | M117: 0 | N117: 4 | O117: 2 | P117: 2 | Q117: 7 | R117: 10 | S117: 0 | T117: 0 | U117: 0 | V117: 1 | W117: 0 | X117: 2 | Y117: 0 | Z117: 0 | AA117: 2 | AB117: 0 | AC117: 0 | AD117: 0 | AE117: 2 | AF117: 0 | AG117: 0 | AH117: 0 | AI117: 0 | AJ117: 2 | AK117: 3 | AL117: 0 | AM117: 0 | AN117: 1 | AO117: 0 | AP117: 0 | AQ117: 6 | AR117: 2 | AS117: 1 | AT117: 2 | AU117: 1 | AV117: 1 | AW117: 3 | AX117: =SUM(E117:AW117) -> 77
...

Sheet BULUAGUNG
C2: Kecamatan | D2: SILIRAGUNG
C3: Kabupaten | D3: BANYUWANGI
C4: Provinsi | D4: JAWA TIMUR
C9: Kelurahan | D9: BULUAGUNG
A12: I | B12: DATA PEMILIH DAN PENGGUNAAN HAK PILIH | AC12: JUMLAH AKHIR
A13: A | B13: DATA PEMILIH | E13: TPS 001 | F13: TPS 002 | G13: TPS 003 | H13: TPS 004 | I13: TPS 005 | J13: TPS 006 | K13: TPS 007 | L13: TPS 008 | M13: TPS 009 | N13: TPS 010 | O13: TPS 011 | P13: TPS 012 | Q13: TPS 013 | R13: TPS 014 | S13: TPS 015 | T13: TPS 016 | U13: TPS 017 | V13: TPS 018 | W13: TPS 019 | X13: TPS 020 | Y13: TPS 021 | Z13: TPS 022 | AA13: TPS 023 | AB13: TPS 024
B14: Jumlah Pemilih dalam Daftar Pemilih Tetap (DPT) | D14: LK | E14: 136 | F14: 147 | G14: 138 | H14: 129 | I14: 138 | J14: 136 | K14: 136 | L14: 134 | M14: 130 | N14: 135 | O14: 134 | P14: 131 | Q14: 147 | R14: 140 | S14: 144 | T14: 140 | U14: 150 | V14: 143 | W14: 162 | X14: 149 | Y14: 145 | Z14: 141 | AA14: 143 | AB14: 118 | AC14: =SUM(E14:AB14) -> 3346
D15: PR | E15: 146 | F15: 143 | G15: 130 | H15: 130 | I15: 136 | J15: 126 | K15: 125 | L15: 135 | M15: 130 | N15: 137 | O15: 137 | P15: 132 | Q15: 146 | R15: 150 | S15: 143 | T15: 148 | U15: 142 | V15: 150 | W15: 134 | X15: 127 | Y15: 143 | Z15: 134 | AA15: 131 | AB15: 104 | AC15: =SUM(E15:AB15) -> 3259
D16: JML | E16: =SUM(E14:E15) -> 282 | F16: =SUM(F14:F15) -> 290 | G16: =SUM(G14:G15) -> 268 | H16: =SUM(H14:H15) -> 259 | I16: =SUM(I14:I15) -> 274 | J16: =SUM(J14:J15) -> 262 | K16: =SUM(K14:K15) -> 261 | L16: =SUM(L14:L15) -> 269 | ... AB16: =SUM(AB14:AB15) -> 222 | AC16: =SUM(E16:AB16) -> 6605
A18: B | B18: PENGGUNA HAK PILIH
B19: 1. | C19: Jumlah pengguna hak pilih dalam Daftar Pemilih Tetap (DPT) | D19: LK | E19: 106 | F19: 114 | G19: 103 | H19: 86 | I19: 102 | J19: 107 | K19: 96 | L19: 96 | M19: 95 | N19: 95 | O19: 104 | P19: 116 | Q19: 106 | R19: 105 | S19: 117 | T19: 105 | U19: 108 | V19: 107 | W19: 120 | X19: 112 | Y19: 106 | Z19: 105 | AA19: 117 | AB19: 76 | AC19: =SUM(E19:AB19) -> 2504
D20: PR | E20: 103 | F20: 108 | G20: 98 | H20: 115 | I20: 95 | J20: 95 | K20: 97 | L20: 110 | M20: 95 | N20: 108 | O20: 100 | P20: 112 | Q20: 118 | R20: 112 | S20: 114 | T20: 108 | U20: 117 | V20: 129 | W20: 106 | X20: 93 | Y20: 108 | Z20: 106 | AA20: 106 | AB20: 69 | AC20: =SUM(E20:AB20) -> 2522
D21: JML | E21: =SUM(E19:E20) -> 209 | F21: =SUM(F19:F20) -> 222 | G21: =SUM(G19:G20) -> 201 | H21: =SUM(H19:H20) -> 201 | I21: =SUM(I19:I20) -> 197 | J21: =SUM(J19:J20) -> 202 | K21: =SUM(K19:K20) -> 193 | L21: =SUM(L19:L20) -> 206 | ... AB21: =SUM(AB19:AB20) -> 145 | AC21: =SUM(E21:AB21) -> 5026
B22: 2. | C22: Jumlah pengguna hak pilih dalam Daftar Pemilih Tambahan (DPTb) | D22: LK | E22: 1 | F22: 0 | G22: 0 | H22: 1 | I22: 0 | J22: 0 | K22: 0 | L22: 0 | M22: 0 | N22: 1 | O22: 0 | P22: 0 | Q22: 0 | R22: 0 | S22: 0 | AC22: =SUM(E22:AB22) -> 3
D23: PR | E23: 0 | F23: 0 | G23: 0 | H23: 1 | I23: 0 | J23: 0 | K23: 0 | L23: 0 | M23: 0 | N23: 0 | O23: 0 | P23: 0 | Q23: 0 | R23: 0 | S23: 0 | AC23: =SUM(E23:AB23) -> 1
D24: JML | E24: =SUM(E22:E23) -> 1 | F24: =SUM(F22:F23) -> 0 | G24: =SUM(G22:G23) -> 0 | H24: =SUM(H22:H23) -> 2 | I24: =SUM(I22:I23) -> 0 | J24: =SUM(J22:J23) -> 0 | K24: =SUM(K22:K23) -> 0 | L24: =SUM(L22:L23) -> 0 | ... AB24: =SUM(AB22:AB23) -> 0 | AC24: =SUM(E24:AB24) -> 4
B25: 3. | C25: Jumlah pengguna hak pilih dalam Daftar Pemilih Khusus (DPK) | D25: LK | E25: 1 | F25: 0 | G25: 0 | H25: 1 | I25: 0 | J25: 1 | K25: 2 | L25: 3 | M25: 0 | N25: 0 | O25: 2 | P25: 1 | Q25: 4 | R25: 1 | S25: 0 | T25: 6 | U25: 2 | V25: 0 | W25: 1 | X25: 1 | Y25: 0 | Z25: 0 | AA25: 2 | AB25: 0 | AC25: =SUM(E25:AB25) -> 28
D26: PR | E26: 4 | F26: 1 | G26: 0 | H26: 0 | I26: 0 | J26: 4 | K26: 3 | L26: 1 | M26: 0 | N26: 2 | O26: 3 | P26: 1 | Q26: 4 | R26: 4 | S26: 0 | T26: 5 | U26: 3 | V26: 4 | W26: 0 | X26: 0 | Y26: 1 | Z26: 2 | AA26: 0 | AB26: 1 | AC26: =SUM(E26:AB26) -> 43
D27: JML | E27: =SUM(E25:E26) -> 5 | F27: =SUM(F25:F26) -> 1 | G27: =SUM(G25:G26) -> 0 | H27: =SUM(H25:H26) -> 1 | I27: =SUM(I25:I26) -> 0 | J27: =SUM(J25:J26) -> 5 | K27: =SUM(K25:K26) -> 5 | L27: =SUM(L25:L26) -> 4 | ... AB27: =SUM(AB25:AB26) -> 1 | AC27: =SUM(E27:AB27) -> 71
B28: 4. | C28: Jumlah Pengguna Hak Pilih (B.1+B.2+B.3) | D28: LK | E28: =SUM(E19,E22,E25) -> 108 | F28: =SUM(F19,F22,F25) -> 114 | G28: =SUM(G19,G22,G25) -> 103 | H28: =SUM(H19,H22,H25) -> 88 | I28: =SUM(I19,I22,I25) -> 102 | J28: =SUM(J19,J22,J25) -> 108 | K28: =SUM(K19,K22,K25) -> 98 | L28: =SUM(L19,L22,L25) -> 99 | ... AB28: =SUM(AB19,AB22,AB25) -> 76 | AC28: =SUM(E28:AB28) -> 2535
D29: PR | E29: =SUM(E20,E23,E26) -> 107 | F29: =SUM(F20,F23,F26) -> 109 | G29: =SUM(G20,G23,G26) -> 98 | H29: =SUM(H20,H23,H26) -> 116 | I29: =SUM(I20,I23,I26) -> 95 | J29: =SUM(J20,J23,J26) -> 99 | K29: =SUM(K20,K23,K26) -> 100 | L29: =SUM(L20,L23,L26) -> 111 | ... AB29: =SUM(AB20,AB23,AB26) -> 70 | AC29: =SUM(E29:AB29) -> 2566
D30: JML | E30: =SUM(E28:E29) -> 215 | F30: =SUM(F28:F29) -> 223 | G30: =SUM(G28:G29) -> 201 | H30: =SUM(H28:H29) -> 204 | I30: =SUM(I28:I29) -> 197 | J30: =SUM(J28:J29) -> 207 | K30: =SUM(K28:K29) -> 198 | L30: =SUM(L28:L29) -> 210 | ... AB30: =SUM(AB28:AB29) -> 146 | AC30: =SUM(E30:AB30) -> 5101
A32: II | B32: DATA PENGGUNAAN SURAT SUARA
A33: 1 | B33: Jumlah surat suara yang diterima, termasuk surat suara cadangan 2,5% dari DPT | E33: 288 | F33: 296 | G33: 274 | H33: 265 | I33: 280 | J33: 268 | K33: 277 | L33: 275 | M33: 266 | N33: 276 | O33: 277 | P33: 268 | Q33: 299 | R33: 296 | S33: 293 | T33: 294 | U33: 298 | V33: 299 | W33: 302 | X33: 282 | Y33: 294 | Z33: 281 | AA33: 281 | AB33: 227 | AC33: =SUM(E33:AB33) -> 6756
A34: 2 | B34: Jumlah surat suara yang digunakan | E34: 215 | F34: 223 | G34: 201 | H34: 204 | I34: 197 | J34: 207 | K34: 198 | L34: 210 | M34: 190 | N34: 206 | O34: 209 | P34: 230 | Q34: 232 | R34: 222 | S34: 231 | T34: 224 | U34: 230 | V34: 240 | W34: 227 | X34: 206 | Y34: 215 | Z34: 213 | AA34: 225 | AB34: 146 | AC34: =SUM(E34:AB34) -> 5101
A35: 3 | B35: Jumlah surat suara dikembalikan oleh pemilih (karena rusak atau keliru coblos) | E35: 0 | F35: 0 | G35: 0 | H35: 0 | I35: 1 | J35: 0 | K35: 0 | L35: 0 | M35: 0 | N35: 0 | O35: 0 | P35: 0 | Q35: 0 | R35: 0 | S35: 0 | AC35: =SUM(E35:AB35) -> 1
A36: 4 | B36: Jumlah surat suara yang tidak digunakan/tidak terpakai, termasuk sisa surat suara cadangan | E36: =E33-(E34+E35) -> 73 | F36: =F33-(F34+F35) -> 73 | G36: =G33-(G34+G35) -> 73 | H36: =H33-(H34+H35) -> 61 | I36: =I33-(I34+I35) -> 82 | J36: =J33-(J34+J35) -> 61 | K36: =K33-(K34+K35) -> 79 | L36: =L33-(L34+L35) -> 65 | ... AB36: =AB33-(AB34+AB35) -> 81 | AC36: =SUM(E36:AB36) -> 1654
A38: III | B38: DATA PEMILIH DISABILITAS
B39: Jumlah seluruh Pemilih disabilitas yang menggunakan hak pilih | D39: LK | H39: 1 | Y39: 1 | AC39: =SUM(E39:AB39) -> 2
D40: PR | E40: 1 | G40: 2 | H40: 3 | Y40: 1 | AA40: 1 | AC40: =SUM(E40:AB40) -> 8
D41: JML | E41: =SUM(E39:E40) -> 1 | F41: =SUM(F39:F40) -> 0 | G41: =SUM(G39:G40) -> 2 | H41: =SUM(H39:H40) -> 4 | I41: =SUM(I39:I40) -> 0 | J41: =SUM(J39:J40) -> 0 | K41: =SUM(K39:K40) -> 0 | L41: =SUM(L39:L40) -> 0 | ... AB41: =SUM(AB39:AB40) -> 0 | AC41: =SUM(E41:AB41) -> 10
A43: IV | B43: DATA RINCIAN PEROLEHAN SUARA PASANGAN CALON BUPATI DAN WAKIL BUPATI
A44: NOMOR DAN NAMA CALON
A45: A.1 | B45: 1. | C45: Partai Kebangkitan Bangsa | E45: 6 | F45: 6 | G45: 4 | H45: 13 | I45: 13 | J45: 9 | K45: 6 | L45: 7 | M45: 12 | N45: 1 | O45: 14 | P45: 8 | Q45: 2 | R45: 3 | S45: 8 | T45: 6 | U45: 17 | V45: 26 | W45: 13 | X45: 0 | Y45: 4 | Z45: 1 | AA45: 3 | AB45: 7 | AC45: =SUM(E45:AB45) -> 189
A46: A.2 | B46: 1 | C46: 1. Dr. Hj. NIHAYATUL WAFIROH, M.A. | E46: 31 | F46: 46 | G46: 33 | H46: 44 | I46: 54 | J46: 25 | K46: 24 | L46: 37 | M46: 40 | N46: 39 | O46: 33 | P46: 16 | Q46: 14 | R46: 12 | S46: 18 | T46: 31 | U46: 53 | V46: 99 | W46: 35 | X46: 1 | Y46: 5 | Z46: 0 | AA46: 1 | AB46: 28 | AC46: =SUM(E46:AB46) -> 719
B47: 2 | C47: 2. H. M. NASIM KHAN | E47: 1 | F47: 1 | G47: 3 | H47: 4 | I47: 1 | J47: 0 | K47: 5 | L47: 1 | M47: 0 | N47: 1 | O47: 1 | P47: 3 | Q47: 1 | R47: 0 | S47: 0 | T47: 0 | U47: 1 | V47: 5 | W47: 2 | X47: 0 | Y47: 0 | Z47: 0 | AA47: 1 | AB47: 0 | AC47: =SUM(E47:AB47) -> 31
B48: 3 | C48: 3. Dr. H. AKIK ZAMAN, M.Pd.I. | E48: 0 | F48: 1 | G48: 2 | H48: 0 | I48: 4 | J48: 0 | K48: 3 | L48: 0 | M48: 0 | N48: 0 | O48: 1 | P48: 0 | Q48: 0 | R48: 0 | S48: 0 | T48: 1 | U48: 0 | V48: 2 | W48: 0 | X48: 0 | Y48: 0 | Z48: 0 | AA48: 0 | AB48: 0 | AC48: =SUM(E48:AB48) -> 14
B49: 4 | C49: 4. AHMAD RIFA'I, S.H. | E49: 0 | F49: 1 | G49: 4 | H49: 0 | I49: 0 | J49: 1 | K49: 1 | L49: 3 | M49: 1 | N49: 0 | O49: 0 | P49: 0 | Q49: 1 | R49: 0 | S49: 1 | T49: 0 | U49: 1 | V49: 1 | W49: 0 | X49: 0 | Y49: 0 | Z49: 0 | AA49: 0 | AB49: 0 | AC49: =SUM(E49:AB49) -> 15
B50: 5 | C50: 5. Drs. H. MAHFUD M.N. | E50: 1 | F50: 0 | G50: 1 | H50: 0 | I50: 3 | J50: 0 | K50: 0 | L50: 1 | M50: 1 | N50: 0 | O50: 2 | P50: 0 | Q50: 1 | R50: 0 | S50: 0 | T50: 0 | U50: 0 | V50: 1 | W50: 1 | X50: 0 | Y50: 2 | Z50: 0 | AA50: 0 | AB50: 2 | AC50: =SUM(E50:AB50) -> 16
B51: 6 | C51: 6. NURHAYATI, S.Pd. | E51: 2 | F51: 0 | G51: 3 | H51: 0 | I51: 0 | J51: 0 | K51: 1 | L51: 0 | M51: 3 | N51: 0 | O51: 1 | P51: 1 | Q51: 0 | R51: 0 | S51: 0 | T51: 1 | U51: 1 | V51: 1 | W51: 1 | X51: 0 | Y51: 0 | Z51: 1 | AA51: 0 | AB51: 0 | AC51: =SUM(E51:AB51) -> 16
B52: 7 | C52: 7. MAFTUHA KISWAH | E52: 2 | F52: 2 | G52: 0 | H52: 0 | I52: 0 | J52: 0 | K52: 0 | L52: 0 | M52: 0 | N52: 0 | O52: 1 | P52: 0 | Q52: 1 | R52: 0 | S52: 0 | T52: 2 | U52: 2 | V52: 0 | W52: 1 | X52: 0 | Y52: 0 | Z52: 0 | AA52: 0 | AB52: 0 | AC52: =SUM(E52:AB52) -> 11
AC53: =SUM(E53:AB53) -> 0
AC54: =SUM(E54:AB54) -> 0
A55: B | B55: JUMLAH SUARA SAH PARTAI POLITIK DAN CALON (A1 + A2) | E55: =SUM(E45:E54) -> 43 | F55: =SUM(F45:F54) -> 57 | G55: =SUM(G45:G54) -> 50 | H55: =SUM(H45:H54) -> 61 | I55: =SUM(I45:I54) -> 75 | J55: =SUM(J45:J54) -> 35 | K55: =SUM(K45:K54) -> 40 | L55: =SUM(L45:L54) -> 49 | ... AC55: =SUM(AC45:AC54) -> 1011
A57: A.1 | B57: 2. | C57: Partai Gerakan Indonesia Raya | E57: 5 | F57: 10 | G57: 5 | H57: 14 | I57: 9 | J57: 13 | K57: 2 | L57: 5 | M57: 11 | N57: 9 | O57: 7 | P57: 17 | Q57: 13 | R57: 10 | S57: 9 | T57: 11 | U57: 3 | V57: 3 | W57: 14 | X57: 0 | Y57: 12 | Z57: 4 | AA57: 3 | AB57: 6 | AC57: =SUM(E57:AB57) -> 195
A58: A.2 | B58: 1 | C58: 1. SUMAIL ABDULLAH | E58: 7 | F58: 8 | G58: 5 | H58: 6 | I58: 4 | J58: 6 | K58: 4 | L58: 10 | M58: 2 | N58: 5 | O58: 11 | P58: 13 | Q58: 9 | R58: 8 | S58: 8 | T58: 6 | U58: 10 | V58: 6 | W58: 19 | X58: 2 | Y58: 5 | Z58: 4 | AA58: 4 | AB58: 9 | AC58: =SUM(E58:AB58) -> 171
B59: 2 | C59: 2. MUHAMMAD ALI ADRIAN SALEH | E59: 5 | F59: 7 | G59: 12 | H59: 3 | I59: 22 | J59: 23 | K59: 11 | L59: 14 | M59: 7 | N59: 12 | O59: 8 | P59: 21 | Q59: 25 | R59: 12 | S59: 14 | T59: 6 | U59: 7 | V59: 1 | W59: 16 | X59: 3 | Y59: 3 | Z59: 6 | AA59: 5 | AB59: 3 | AC59: =SUM(E59:AB59) -> 246
B60: 3 | C60: 3. DURROTUN NAFISAH | E60: 3 | F60: 1 | G60: 1 | H60: 1 | I60: 2 | J60: 1 | K60: 0 | L60: 0 | M60: 1 | N60: 0 | O60: 2 | P60: 1 | Q60: 4 | R60: 3 | S60: 1 | T60: 1 | U60: 1 | V60: 1 | W60: 3 | X60: 0 | Y60: 0 | Z60: 1 | AA60: 0 | AB60: 1 | AC60: =SUM(E60:AB60) -> 29
B61: 4 | C61: 4. H. EKO SUSILO NURHIDAYAT | E61: 5 | F61: 4 | G61: 4 | H61: 0 | I61: 1 | J61: 3 | K61: 5 | L61: 10 | M61: 5 | N61: 1 | O61: 0 | P61: 7 | Q61: 0 | R61: 1 | S61: 2 | T61: 1 | U61: 1 | V61: 0 | W61: 1 | X61: 1 | Y61: 2 | Z61: 1 | AA61: 6 | AB61: 1 | AC61: =SUM(E61:AB61) -> 62
B62: 5 | C62: 5. KARNADI HARIJANTO, S.S. | E62: 0 | F62: 0 | G62: 0 | H62: 1 | I62: 0 | J62: 1 | K62: 1 | L62: 0 | M62: 0 | N62: 2 | O62: 0 | P62: 1 | Q62: 1 | R62: 1 | S62: 0 | T62: 1 | U62: 0 | V62: 0 | W62: 1 | X62: 0 | Y62: 0 | Z62: 2 | AA62: 1 | AB62: 0 | AC62: =SUM(E62:AB62) -> 13
B63: 6 | C63: 6. NURHAYATI | E63: 9 | F63: 6 | G63: 2 | H63: 4 | I63: 2 | J63: 3 | K63: 4 | L63: 3 | M63: 6 | N63: 3 | O63: 6 | P63: 5 | Q63: 6 | R63: 5 | S63: 1 | T63: 1 | U63: 2 | V63: 5 | W63: 1 | X63: 0 | Y63: 1 | Z63: 3 | AA63: 1 | AB63: 0 | AC63: =SUM(E63:AB63) -> 79
B64: 7 | C64: 7. MASHUDI | E64: 0 | F64: 2 | G64: 0 | H64: 1 | I64: 1 | J64: 0 | K64: 0 | L64: 0 | M64: 0 | N64: 0 | O64: 1 | P64: 1 | Q64: 0 | R64: 0 | S64: 0 | T64: 0 | U64: 1 | V64: 0 | W64: 1 | X64: 0 | Y64: 0 | Z64: 0 | AA64: 0 | AB64: 0 | AC64: =SUM(E64:AB64) -> 8
AC65: =SUM(E65:AB65) -> 0
AC66: =SUM(E66:AB66) -> 0
A67: B | B67: JUMLAH SUARA SAH PARTAI POLITIK DAN CALON (A1 + A2) | E67: =SUM(E57:E66) -> 34 | F67: =SUM(F57:F66) -> 38 | G67: =SUM(G57:G66) -> 29 | H67: =SUM(H57:H66) -> 30 | I67: =SUM(I57:I66) -> 41 | J67: =SUM(J57:J66) -> 50 | K67: =SUM(K57:K66) -> 27 | L67: =SUM(L57:L66) -> 42 | ... AC67: =SUM(AC57:AC66) -> 803
A69: A.1 | B69: 3. | C69: Partai Demokrasi Indonesia Perjuangan | AC69: =SUM(E69:AB69) -> 0
A70: A.2 | B70: 1 | C70: 1. SONNY TRI DANAPARAMITA, S.H., M.H. | AC70: =SUM(E70:AB70) -> 0
B71: 2 | C71: 2. H. MOHAMAD GUNTUR ROMLI | E71: 14 | F71: 8 | G71: 17 | H71: 10 | I71: 4 | J71: 17 | K71: 8 | L71: 2 | M71: 5 | N71: 2 | O71: 4 | P71: 8 | Q71: 29 | R71: 7 | S71: 14 | T71: 10 | U71: 7 | V71: 6 | W71: 6 | X71: 10 | Y71: 13 | Z71: 18 | AA71: 10 | AB71: 15 | AC71: =SUM(E71:AB71) -> 244
B72: 3 | C72: 3. INA AMMANIA | E72: 7 | F72: 10 | G72: 7 | H72: 3 | I72: 3 | J72: 9 | K72: 6 | L72: 0 | M72: 4 | N72: 3 | O72: 4 | P72: 10 | Q72: 5 | R72: 10 | S72: 5 | T72: 4 | U72: 3 | V72: 6 | W72: 0 | X72: 15 | Y72: 23 | Z72: 12 | AA72: 19 | AB72: 11 | AC72: =SUM(E72:AB72) -> 179
B73: 4 | C73: 4. IRWAN BACHTIAR RACHMAT, M.Si. | E73: 13 | F73: 7 | G73: 8 | H73: 3 | I73: 2 | J73: 12 | K73: 8 | L73: 4 | M73: 4 | N73: 4 | O73: 2 | P73: 7 | Q73: 45 | R73: 72 | S73: 29 | T73: 29 | U73: 23 | V73: 4 | W73: 2 | X73: 10 | Y73: 11 | Z73: 5 | AA73: 9 | AB73: 8 | AC73: =SUM(E73:AB73) -> 321
B74: 5 | C74: 5. LUCKY PERDANA | E74: 10 | F74: 3 | G74: 4 | H74: 7 | I74: 2 | J74: 4 | K74: 3 | L74: 3 | M74: 1 | N74: 2 | O74: 0 | P74: 3 | Q74: 4 | R74: 5 | S74: 2 | T74: 6 | U74: 6 | V74: 4 | W74: 4 | X74: 4 | Y74: 5 | Z74: 4 | AA74: 9 | AB74: 3 | AC74: =SUM(E74:AB74) -> 98
B75: 6 | C75: 6. WIWIK PUJIYATI | E75: 0 | F75: 1 | G75: 4 | H75: 0 | I75: 1 | J75: 2 | K75: 4 | L75: 0 | M75: 0 | N75: 0 | O75: 0 | P75: 0 | Q75: 1 | R75: 2 | S75: 0 | T75: 2 | U75: 2 | V75: 0 | W75: 0 | X75: 0 | Y75: 4 | Z75: 3 | AA75: 1 | AB75: 1 | AC75: =SUM(E75:AB75) -> 28
B76: 7 | C76: 7. CHANDRA ASTAN, S.T. | E76: 9 | F76: 3 | G76: 5 | H76: 2 | I76: 2 | J76: 3 | K76: 12 | L76: 3 | M76: 5 | N76: 7 | O76: 4 | P76: 1 | Q76: 13 | R76: 17 | S76: 13 | T76: 2 | U76: 6 | V76: 3 | W76: 0 | X76: 8 | Y76: 4 | Z76: 5 | AA76: 2 | AB76: 0 | AC76: =SUM(E76:AB76) -> 129
E77: 2 | F77: 5 | G77: 9 | H77: 2 | I77: 0 | J77: 2 | K77: 4 | L77: 1 | M77: 3 | N77: 3 | O77: 4 | P77: 2 | Q77: 2 | R77: 1 | S77: 2 | T77: 1 | U77: 0 | V77: 1 | W77: 5 | X77: 4 | Y77: 8 | Z77: 10 | AA77: 7 | AB77: 0 | AC77: =SUM(E77:AB77) -> 78
E78: 2 | F78: 5 | G78: 15 | H78: 7 | I78: 3 | J78: 14 | K78: 27 | L78: 4 | M78: 1 | N78: 4 | O78: 1 | P78: 5 | Q78: 3 | R78: 2 | S78: 13 | T78: 2 | U78: 5 | V78: 1 | W78: 1 | X78: 2 | Y78: 0 | Z78: 2 | AA78: 3 | AB78: 0 | AC78: =SUM(E78:AB78) -> 122
A79: B | B79: JUMLAH SUARA SAH PARTAI POLITIK DAN CALON (A1 + A2) | E79: =SUM(E69:E78) -> 57 | F79: =SUM(F69:F78) -> 42 | G79: =SUM(G69:G78) -> 69 | H79: =SUM(H69:H78) -> 34 | I79: =SUM(I69:I78) -> 17 | J79: =SUM(J69:J78) -> 63 | K79: =SUM(K69:K78) -> 72 | L79: =SUM(L69:L78) -> 17 | ... AC79: =SUM(AC69:AC78) -> 1199
A81: A.1 | B81: 4. | C81: Partai Golongan Karya | E81: 7 | F81: 4 | G81: 5 | H81: 1 | I81: 0 | J81: 2 | K81: 1 | L81: 6 | M81: 4 | N81: 1 | O81: 3 | P81: 1 | Q81: 5 | R81: 5 | S81: 5 | T81: 12 | U81: 2 | V81: 1 | W81: 2 | X81: 2 | Y81: 5 | Z81: 2 | AA81: 6 | AB81: 5 | AC81: =SUM(E81:AB81) -> 87
A82: A.2 | B82: 1 | C82: 1. ZULFIKAR ARSE SADIKIN, S.I.P., M.Si. | E82: 5 | F82: 8 | G82: 3 | H82: 10 | I82: 9 | J82: 5 | K82: 4 | L82: 19 | M82: 3 | N82: 6 | O82: 4 | P82: 6 | Q82: 13 | R82: 12 | S82: 17 | T82: 11 | U82: 7 | V82: 1 | W82: 6 | X82: 1 | Y82: 2 | Z82: 5 | AA82: 5 | AB82: 4 | AC82: =SUM(E82:AB82) -> 166
B83: 2 | C83: 2. HANDOKO | E83: 9 | F83: 3 | G83: 6 | H83: 9 | I83: 7 | J83: 2 | K83: 0 | L83: 8 | M83: 14 | N83: 28 | O83: 7 | P83: 5 | Q83: 2 | R83: 1 | S83: 3 | T83: 5 | U83: 3 | V83: 2 | W83: 2 | X83: 5 | Y83: 2 | Z83: 4 | AA83: 6 | AB83: 4 | AC83: =SUM(E83:AB83) -> 137
B84: 3 | C84: 3. Hj. OVI DEWI YANTI | E84: 3 | F84: 0 | G84: 1 | H84: 0 | I84: 0 | J84: 1 | K84: 1 | L84: 1 | M84: 2 | N84: 0 | O84: 0 | P84: 0 | Q84: 1 | R84: 1 | S84: 1 | T84: 0 | U84: 0 | V84: 0 | W84: 0 | X84: 0 | Y84: 0 | Z84: 0 | AA84: 1 | AB84: 0 | AC84: =SUM(E84:AB84) -> 13
B85: 4 | C85: 4. Ir. AZAM AZMAN NATAWIJANA | E85: 2 | F85: 2 | G85: 0 | H85: 1 | I85: 0 | J85: 0 | K85: 1 | L85: 1 | M85: 0 | N85: 0 | O85: 0 | P85: 0 | Q85: 4 | R85: 2 | S85: 2 | T85: 4 | U85: 3 | V85: 0 | W85: 0 | X85: 0 | Y85: 2 | Z85: 0 | AA85: 2 | AB85: 0 | AC85: =SUM(E85:AB85) -> 26
B86: 5 | C86: 5. UBAIDILLAH AMIN, S.Kom. | E86: 1 | F86: 1 | G86: 0 | H86: 2 | I86: 0 | J86: 0 | K86: 0 | L86: 6 | M86: 7 | N86: 2 | O86: 11 | P86: 3 | Q86: 1 | R86: 5 | S86: 5 | T86: 5 | U86: 16 | V86: 9 | W86: 10 | X86: 0 | Y86: 7 | Z86: 2 | AA86: 3 | AB86: 8 | AC86: =SUM(E86:AB86) -> 104
B87: 6 | C87: 6. DENNY YUNIANDARI, S.H., M.Kn. | E87: 0 | F87: 2 | G87: 0 | H87: 0 | I87: 0 | J87: 0 | K87: 1 | L87: 0 | M87: 0 | N87: 0 | O87: 1 | P87: 0 | Q87: 0 | R87: 0 | S87: 1 | T87: 0 | U87: 0 | V87: 0 | W87: 0 | X87: 0 | Y87: 0 | Z87: 1 | AA87: 1 | AB87: 0 | AC87: =SUM(E87:AB87) -> 7
B88: 7 | C88: 7. ERNADI, S.H.I. | E88: 0 | F88: 0 | G88: 0 | H88: 0 | I88: 0 | J88: 0 | K88: 0 | L88: 0 | M88: 0 | N88: 0 | O88: 0 | P88: 0 | Q88: 0 | R88: 0 | S88: 0 | T88: 0 | U88: 0 | V88: 0 | W88: 1 | X88: 0 | Y88: 0 | Z88: 0 | AA88: 0 | AB88: 0 | AC88: =SUM(E88:AB88) -> 1
AC89: =SUM(E89:AB89) -> 0
AC90: =SUM(E90:AB90) -> 0
A91: B | B91: JUMLAH SUARA SAH PARTAI POLITIK DAN CALON (A1 + A2) | E91: =SUM(E81:E90) -> 27 | F91: =SUM(F81:F90) -> 20 | G91: =SUM(G81:G90) -> 15 | H91: =SUM(H81:H90) -> 23 | I91: =SUM(I81:I90) -> 16 | J91: =SUM(J81:J90) -> 10 | K91: =SUM(K81:K90) -> 8 | L91: =SUM(L81:L90) -> 41 | ... AC91: =SUM(AC81:AC90) -> 541
A93: A.1 | B93: 5. | C93: Partai NasDem | E93: 0 | F93: 2 | G93: 0 | H93: 5 | I93: 1 | J93: 0 | K93: 1 | L93: 1 | M93: 3 | N93: 2 | O93: 2 | P93: 0 | Q93: 0 | R93: 1 | S93: 3 | T93: 8 | U93: 1 | V93: 2 | W93: 3 | X93: 0 | Y93: 2 | Z93: 0 | AA93: 1 | AB93: 2 | AC93: =SUM(E93:AB93) -> 40
A94: A.2 | B94: 1 | C94: 1. ACH. FADIL MUZAKKI SYAH | E94: 0 | F94: 1 | G94: 0 | H94: 0 | I94: 1 | J94: 1 | K94: 1 | L94: 3 | M94: 1 | N94: 4 | O94: 1 | P94: 1 | Q94: 1 | R94: 0 | S94: 1 | T94: 1 | U94: 1 | V94: 0 | W94: 3 | X94: 0 | Y94: 0 | Z94: 2 | AA94: 4 | AB94: 2 | AC94: =SUM(E94:AB94) -> 29
B95: 2 | C95: 2. BENY | E95: 0 | F95: 1 | G95: 0 | H95: 0 | I95: 0 | J95: 0 | K95: 0 | L95: 2 | M95: 1 | N95: 0 | O95: 0 | P95: 0 | Q95: 0 | R95: 2 | S95: 6 | T95: 1 | U95: 0 | V95: 0 | W95: 1 | X95: 2 | Y95: 0 | Z95: 3 | AA95: 0 | AB95: 0 | AC95: =SUM(E95:AB95) -> 19
B96: 3 | C96: 3. VINA VERONIKA | E96: 2 | F96: 1 | G96: 0 | H96: 0 | I96: 1 | J96: 0 | K96: 0 | L96: 1 | M96: 0 | N96: 1 | O96: 0 | P96: 0 | Q96: 0 | R96: 0 | S96: 0 | T96: 0 | U96: 1 | V96: 0 | W96: 0 | X96: 0 | Y96: 0 | Z96: 0 | AA96: 0 | AB96: 1 | AC96: =SUM(E96:AB96) -> 8
B97: 4 | C97: 4. TEDDY ANUGRIANTO | E97: 0 | F97: 0 | G97: 0 | H97: 0 | I97: 0 | J97: 0 | K97: 0 | L97: 0 | M97: 1 | N97: 1 | O97: 0 | P97: 1 | Q97: 0 | R97: 0 | S97: 0 | T97: 0 | U97: 0 | V97: 0 | W97: 2 | X97: 0 | Y97: 2 | Z97: 0 | AA97: 0 | AB97: 0 | AC97: =SUM(E97:AB97) -> 7
B98: 5 | C98: 5. INSAN KAMIL | E98: 0 | F98: 0 | G98: 0 | H98: 1 | I98: 0 | J98: 0 | K98: 2 | L98: 0 | M98: 0 | N98: 0 | O98: 0 | P98: 0 | Q98: 0 | R98: 0 | S98: 0 | T98: 1 | U98: 0 | V98: 0 | W98: 0 | X98: 0 | Y98: 0 | Z98: 0 | AA98: 0 | AB98: 0 | AC98: =SUM(E98:AB98) -> 4
B99: 6 | C99: 6. LILIK LINDARWATI | E99: 0 | F99: 0 | G99: 0 | H99: 0 | I99: 0 | J99: 0 | K99: 0 | L99: 1 | M99: 0 | N99: 0 | O99: 0 | P99: 0 | Q99: 0 | R99: 1 | S99: 0 | T99: 1 | U99: 0 | V99: 0 | W99: 0 | X99: 0 | Y99: 0 | Z99: 0 | AA99: 0 | AB99: 0 | AC99: =SUM(E99:AB99) -> 3
B100: 7 | C100: 7. YULI ANITA | E100: 0 | F100: 0 | G100: 0 | H100: 0 | I100: 0 | J100: 0 | K100: 0 | L100: 0 | M100: 0 | N100: 0 | O100: 0 | P100: 1 | Q100: 0 | R100: 0 | S100: 0 | T100: 0 | U100: 0 | V100: 0 | W100: 0 | X100: 0 | Y100: 0 | Z100: 0 | AA100: 0 | AB100: 0 | AC100: =SUM(E100:AB100) -> 1
AC101: =SUM(E101:AB101) -> 0
AC102: =SUM(E102:AB102) -> 0
A103: B | B103: JUMLAH SUARA SAH PARTAI POLITIK DAN CALON (A1 + A2) | E103: =SUM(E93:E102) -> 2 | F103: =SUM(F93:F102) -> 5 | G103: =SUM(G93:G102) -> 0 | H103: =SUM(H93:H102) -> 6 | I103: =SUM(I93:I102) -> 3 | J103: =SUM(J93:J102) -> 1 | K103: =SUM(K93:K102) -> 4 | L103: =SUM(L93:L102) -> 8 | ... AC103: =SUM(AC93:AC102) -> 111
A105: A.1 | B105: 6. | C105: Partai Buruh | E105: 0 | F105: 0 | G105: 0 | H105: 0 | I105: 1 | J105: 1 | K105: 0 | L105: 0 | M105: 0 | N105: 0 | O105: 0 | P105: 0 | Q105: 1 | R105: 0 | S105: 0 | T105: 0 | U105: 0 | V105: 0 | W105: 0 | X105: 0 | Y105: 1 | Z105: 1 | AA105: 1 | AB105: 0 | AC105: =SUM(E105:AB105) -> 6
A106: A.2 | B106: 1 | C106: 1. KHOIRUL ANAM | E106: 0 | F106: 0 | G106: 2 | H106: 1 | I106: 0 | J106: 0 | K106: 1 | L106: 1 | M106: 0 | N106: 0 | O106: 0 | P106: 1 | Q106: 0 | R106: 0 | S106: 0 | T106: 0 | U106: 0 | V106: 0 | W106: 0 | X106: 0 | Y106: 0 | Z106: 0 | AA106: 1 | AB106: 0 | AC106: =SUM(E106:AB106) -> 7
B107: 2 | C107: 2. INA KURNIA | E107: 1 | F107: 0 | G107: 0 | H107: 0 | I107: 0 | J107: 0 | K107: 0 | L107: 0 | M107: 0 | N107: 0 | O107: 0 | P107: 0 | Q107: 0 | R107: 0 | S107: 0 | T107: 0 | U107: 0 | V107: 0 | W107: 0 | X107: 1 | Y107: 0 | Z107: 1 | AA107: 0 | AB107: 0 | AC107: =SUM(E107:AB107) -> 3
B108: 3 | C108: 3. JIBRAL TAROUK | E108: 0 | F108: 0 | G108: 0 | H108: 0 | I108: 0 | J108: 0 | K108: 0 | L108: 0 | M108: 0 | N108: 0 | O108: 0 | P108: 0 | Q108: 0 | R108: 0 | S108: 0 | T108: 0 | U108: 1 | V108: 0 | W108: 0 | X108: 0 | Y108: 0 | Z108: 0 | AA108: 0 | AB108: 0 | AC108: =SUM(E108:AB108) -> 1
B109: 4 | C109: 4. ASTUTI DAENG PUJI | E109: 0 | F109: 0 | G109: 0 | H109: 0 | I109: 0 | J109: 0 | K109: 0 | L109: 0 | M109: 0 | N109: 0 | O109: 0 | P109: 0 | Q109: 0 | R109: 0 | S109: 0 | T109: 0 | U109: 1 | V109: 0 | W109: 0 | X109: 0 | Y109: 0 | Z109: 0 | AA109: 0 | AB109: 0 | AC109: =SUM(E109:AB109) -> 1
B110: 5 | C110: 5. ASDARMAWAN | E110: 0 | F110: 0 | G110: 0 | H110: 0 | I110: 0 | J110: 0 | K110: 0 | L110: 0 | M110: 0 | N110: 0 | O110: 0 | P110: 0 | Q110: 0 | R110: 0 | S110: 0 | T110: 0 | U110: 0 | V110: 0 | W110: 0 | X110: 0 | Y110: 0 | Z110: 0 | AA110: 0 | AB110: 0 | AC110: =SUM(E110:AB110) -> 0
B111: 6 | C111: 6. RIFQI MUBAROK | E111: 1 | F111: 0 | G111: 0 | H111: 0 | I111: 0 | J111: 0 | K111: 0 | L111: 0 | M111: 0 | N111: 0 | O111: 0 | P111: 0 | Q111: 0 | R111: 0 | S111: 0 | T111: 0 | U111: 0 | V111: 0 | W111: 0 | X111: 0 | Y111: 0 | Z111: 0 | AA111: 1 | AB111: 0 | AC111: =SUM(E111:AB111) -> 2
B112: 7 | C112: 7. FIRNANDA ALTA MEGA | E112: 0 | F112: 0 | G112: 0 | H112: 0 | I112: 0 | J112: 0 | K112: 0 | L112: 0 | M112: 1 | N112: 0 | O112: 0 | P112: 0 | Q112: 0 | R112: 0 | S112: 0 | T112: 0 | U112: 0 | V112: 0 | W112: 0 | X112: 0 | Y112: 0 | Z112: 0 | AA112: 0 | AB112: 0 | AC112: =SUM(E112:AB112) -> 1
AC113: =SUM(E113:AB113) -> 0
AC114: =SUM(E114:AB114) -> 0
A115: B | B115: JUMLAH SUARA SAH PARTAI POLITIK DAN CALON (A1 + A2) | E115: =SUM(E105:E114) -> 2 | F115: =SUM(F105:F114) -> 0 | G115: =SUM(G105:G114) -> 2 | H115: =SUM(H105:H114) -> 1 | I115: =SUM(I105:I114) -> 1 | J115: =SUM(J105:J114) -> 1 | K115: =SUM(K105:K114) -> 1 | L115: =SUM(L105:L114) -> 1 | ... AC115: =SUM(AC105:AC114) -> 21
A117: A.1 | B117: 7. | C117: Partai Gelombang Rakyat Indonesia | E117: 0 | F117: 1 | G117: 2 | H117: 0 | I117: 1 | J117: 3 | K117: 2 | L117: 0 | M117: 1 | N117: 0 | O117: 1 | P117: 1 | Q117: 4 | R117: 2 | S117: 4 | T117: 1 | U117: 2 | V117: 2 | W117: 1 | X117: 0 | Y117: 1 | Z117: 1 | AA117: 7 | AB117: 1 | AC117: =SUM(E117:AB117) -> 38
...

Sheet KESILIR
C2: Kecamatan | D2: SILIRAGUNG
C3: Kabupaten | D3: BANYUWANGI
C4: Provinsi | D4: JAWA TIMUR
C9: Kelurahan | D9: KESILIR
A12: I | B12: DATA PEMILIH DAN PENGGUNAAN HAK PILIH | AJ12: JUMLAH AKHIR
A13: A | B13: DATA PEMILIH | E13: TPS 001 | F13: TPS 002 | G13: TPS 003 | H13: TPS 004 | I13: TPS 005 | J13: TPS 006 | K13: TPS 007 | L13: TPS 008 | M13: TPS 009 | N13: TPS 010 | O13: TPS 011 | P13: TPS 012 | Q13: TPS 013 | R13: TPS 014 | S13: TPS 015 | T13: TPS 016 | U13: TPS 017 | V13: TPS 018 | W13: TPS 019 | X13: TPS 020 | Y13: TPS 021 | Z13: TPS 022 | AA13: TPS 023 | AB13: TPS 024 | AC13: TPS 025 | AD13: TPS 026 | AE13: TPS 027 | AF13: TPS 028 | AG13: TPS 029 | AH13: TPS 030 | AI13: TPS 031
B14: Jumlah Pemilih dalam Daftar Pemilih Tetap (DPT) | D14: LK | E14: 136 | F14: 134 | G14: 138 | H14: 149 | I14: 111 | J14: 124 | K14: 130 | L14: 121 | M14: 121 | N14: 142 | O14: 141 | P14: 134 | Q14: 120 | R14: 141 | S14: 131 | T14: 123 | U14: 125 | V14: 131 | W14: 132 | X14: 127 | Y14: 142 | Z14: 122 | AA14: 134 | AB14: 125 | AC14: 128 | AD14: 136 | AE14: 135 | AF14: 115 | AG14: 126 | AH14: 141 | AI14: 132 | AJ14: =SUM(E14:AI14) -> 4047
D15: PR | E15: 114 | F15: 111 | G15: 135 | H15: 138 | I15: 123 | J15: 131 | K15: 131 | L15: 118 | M15: 127 | N15: 126 | O15: 131 | P15: 149 | Q15: 111 | R15: 124 | S15: 130 | T15: 117 | U15: 130 | V15: 121 | W15: 122 | X15: 116 | Y15: 119 | Z15: 128 | AA15: 142 | AB15: 128 | AC15: 130 | AD15: 140 | AE15: 123 | AF15: 127 | AG15: 142 | AH15: 128 | AI15: 133 | AJ15: =SUM(E15:AI15) -> 3945
D16: JML | E16: =SUM(E14:E15) -> 250 | F16: =SUM(F14:F15) -> 245 | G16: =SUM(G14:G15) -> 273 | H16: =SUM(H14:H15) -> 287 | I16: =SUM(I14:I15) -> 234 | J16: =SUM(J14:J15) -> 255 | K16: =SUM(K14:K15) -> 261 | L16: =SUM(L14:L15) -> 239 | ... AI16: =SUM(AI14:AI15) -> 265 | AJ16: =SUM(E16:AI16) -> 7992
A18: B | B18: PENGGUNA HAK PILIH
B19: 1. | C19: Jumlah pengguna hak pilih dalam Daftar Pemilih Tetap (DPT) | D19: LK | E19: 108 | F19: 107 | G19: 111 | H19: 110 | I19: 91 | J19: 99 | K19: 109 | L19: 92 | M19: 102 | N19: 116 | O19: 107 | P19: 110 | Q19: 108 | R19: 108 | S19: 95 | T19: 93 | U19: 105 | V19: 96 | W19: 98 | X19: 98 | Y19: 108 | Z19: 98 | AA19: 111 | AB19: 94 | AC19: 110 | AD19: 101 | AE19: 115 | AF19: 102 | AG19: 108 | AH19: 115 | AI19: 110 | AJ19: =SUM(E19:AI19) -> 3235
D20: PR | E20: 94 | F20: 96 | G20: 111 | H20: 113 | I20: 100 | J20: 103 | K20: 112 | L20: 94 | M20: 93 | N20: 104 | O20: 105 | P20: 119 | Q20: 91 | R20: 103 | S20: 100 | T20: 95 | U20: 116 | V20: 101 | W20: 91 | X20: 92 | Y20: 108 | Z20: 111 | AA20: 114 | AB20: 90 | AC20: 109 | AD20: 105 | AE20: 101 | AF20: 111 | AG20: 116 | AH20: 102 | AI20: 112 | AJ20: =SUM(E20:AI20) -> 3212
D21: JML | E21: =SUM(E19:E20) -> 202 | F21: =SUM(F19:F20) -> 203 | G21: =SUM(G19:G20) -> 222 | H21: =SUM(H19:H20) -> 223 | I21: =SUM(I19:I20) -> 191 | J21: =SUM(J19:J20) -> 202 | K21: =SUM(K19:K20) -> 221 | L21: =SUM(L19:L20) -> 186 | ... AI21: =SUM(AI19:AI20) -> 222 | AJ21: =SUM(E21:AI21) -> 6447
B22: 2. | C22: Jumlah pengguna hak pilih dalam Daftar Pemilih Tambahan (DPTb) | D22: LK | Z22: 1 | AJ22: =SUM(E22:AI22) -> 1
D23: PR | AJ23: =SUM(E23:AI23) -> 0
D24: JML | E24: =SUM(E22:E23) -> 0 | F24: =SUM(F22:F23) -> 0 | G24: =SUM(G22:G23) -> 0 | H24: =SUM(H22:H23) -> 0 | I24: =SUM(I22:I23) -> 0 | J24: =SUM(J22:J23) -> 0 | K24: =SUM(K22:K23) -> 0 | L24: =SUM(L22:L23) -> 0 | ... AI24: =SUM(AI22:AI23) -> 0 | AJ24: =SUM(E24:AI24) -> 1
B25: 3. | C25: Jumlah pengguna hak pilih dalam Daftar Pemilih Khusus (DPK) | D25: LK | E25: 4 | F25: 3 | G25: 3 | H25: 1 | I25: 0 | J25: 6 | K25: 3 | L25: 3 | M25: 3 | N25: 0 | O25: 1 | P25: 0 | Q25: 0 | R25: 1 | S25: 6 | T25: 3 | U25: 1 | V25: 4 | W25: 6 | X25: 4 | Y25: 3 | Z25: 1 | AA25: 4 | AB25: 3 | AC25: 0 | AD25: 0 | AE25: 4 | AF25: 0 | AG25: 2 | AH25: 5 | AI25: 1 | AJ25: =SUM(E25:AI25) -> 75
D26: PR | E26: 5 | F26: 6 | G26: 4 | H26: 2 | I26: 0 | J26: 7 | K26: 5 | L26: 6 | M26: 5 | N26: 1 | O26: 1 | P26: 3 | Q26: 0 | R26: 1 | S26: 11 | T26: 6 | U26: 1 | V26: 3 | W26: 8 | X26: 2 | Y26: 4 | Z26: 1 | AA26: 3 | AB26: 2 | AC26: 0 | AD26: 1 | AE26: 3 | AF26: 0 | AG26: 1 | AH26: 5 | AI26: 4 | AJ26: =SUM(E26:AI26) -> 101
D27: JML | E27: =SUM(E25:E26) -> 9 | F27: =SUM(F25:F26) -> 9 | G27: =SUM(G25:G26) -> 7 | H27: =SUM(H25:H26) -> 3 | I27: =SUM(I25:I26) -> 0 | J27: =SUM(J25:J26) -> 13 | K27: =SUM(K25:K26) -> 8 | L27: =SUM(L25:L26) -> 9 | ... AI27: =SUM(AI25:AI26) -> 5 | AJ27: =SUM(E27:AI27) -> 176
B28: 4. | C28: Jumlah Pengguna Hak Pilih (B.1+B.2+B.3) | D28: LK | E28: =SUM(E19,E22,E25) -> 112 | F28: =SUM(F19,F22,F25) -> 110 | G28: =SUM(G19,G22,G25) -> 114 | H28: =SUM(H19,H22,H25) -> 111 | I28: =SUM(I19,I22,I25) -> 91 | J28: =SUM(J19,J22,J25) -> 105 | K28: =SUM(K19,K22,K25) -> 112 | L28: =SUM(L19,L22,L25) -> 95 | ... AI28: =SUM(AI19,AI22,AI25) -> 111 | AJ28: =SUM(E28:AI28) -> 3311
D29: PR | E29: =SUM(E20,E23,E26) -> 99 | F29: =SUM(F20,F23,F26) -> 102 | G29: =SUM(G20,G23,G26) -> 115 | H29: =SUM(H20,H23,H26) -> 115 | I29: =SUM(I20,I23,I26) -> 100 | J29: =SUM(J20,J23,J26) -> 110 | K29: =SUM(K20,K23,K26) -> 117 | L29: =SUM(L20,L23,L26) -> 100 | ... AI29: =SUM(AI20,AI23,AI26) -> 116 | AJ29: =SUM(E29:AI29) -> 3313
D30: JML | E30: =SUM(E28:E29) -> 211 | F30: =SUM(F28:F29) -> 212 | G30: =SUM(G28:G29) -> 229 | H30: =SUM(H28:H29) -> 226 | I30: =SUM(I28:I29) -> 191 | J30: =SUM(J28:J29) -> 215 | K30: =SUM(K28:K29) -> 229 | L30: =SUM(L28:L29) -> 195 | ... AI30: =SUM(AI28:AI29) -> 227 | AJ30: =SUM(E30:AI30) -> 6624
A32: II | B32: DATA PENGGUNAAN SURAT SUARA
A33: 1 | B33: Jumlah surat suara yang diterima, termasuk surat suara cadangan 2,5% dari DPT | E33: 255 | F33: 250 | G33: 279 | H33: 293 | I33: 239 | J33: 261 | K33: 277 | L33: 244 | M33: 253 | N33: 274 | O33: 267 | P33: 289 | Q33: 236 | R33: 271 | S33: 268 | T33: 245 | U33: 261 | V33: 258 | W33: 260 | X33: 249 | Y33: 267 | Z33: 255 | AA33: 272 | AB33: 259 | AC33: 264 | AD33: 282 | AE33: 265 | AF33: 247 | AG33: 284 | AH33: 275 | AI33: 271 | AJ33: =SUM(E33:AI33) -> 8170
A34: 2 | B34: Jumlah surat suara yang digunakan | E34: 211 | F34: 212 | G34: 229 | H34: 226 | I34: 191 | J34: 215 | K34: 229 | L34: 195 | M34: 203 | N34: 221 | O34: 214 | P34: 232 | Q34: 199 | R34: 213 | S34: 212 | T34: 197 | U34: 223 | V34: 204 | W34: 203 | X34: 196 | Y34: 223 | Z34: 212 | AA34: 232 | AB34: 189 | AC34: 219 | AD34: 207 | AE34: 223 | AF34: 213 | AG34: 227 | AH34: 227 | AI34: 227 | AJ34: =SUM(E34:AI34) -> 6624
A35: 3 | B35: Jumlah surat suara dikembalikan oleh pemilih (karena rusak atau keliru coblos) | T35: 0 | U35: 0 | V35: 3 | W35: 0 | X35: 0 | Y35: 0 | Z35: 0 | AA35: 0 | AB35: 0 | AC35: 1 | AD35: 1 | AE35: 0 | AF35: 0 | AG35: 0 | AH35: 1 | AI35: 1 | AJ35: =SUM(E35:AI35) -> 7
A36: 4 | B36: Jumlah surat suara yang tidak digunakan/tidak terpakai, termasuk sisa surat suara cadangan | E36: =E33-(E34+E35) -> 44 | F36: =F33-(F34+F35) -> 38 | G36: =G33-(G34+G35) -> 50 | H36: =H33-(H34+H35) -> 67 | I36: =I33-(I34+I35) -> 48 | J36: =J33-(J34+J35) -> 46 | K36: =K33-(K34+K35) -> 48 | L36: =L33-(L34+L35) -> 49 | ... AI36: =AI33-(AI34+AI35) -> 43 | AJ36: =SUM(E36:AI36) -> 1539
A38: III | B38: DATA PEMILIH DISABILITAS
B39: Jumlah seluruh Pemilih disabilitas yang menggunakan hak pilih | D39: LK | L39: 1 | N39: 2 | X39: 1 | AJ39: =SUM(E39:AI39) -> 4
D40: PR | AJ40: =SUM(E40:AI40) -> 0
D41: JML | E41: =SUM(E39:E40) -> 0 | F41: =SUM(F39:F40) -> 0 | G41: =SUM(G39:G40) -> 0 | H41: =SUM(H39:H40) -> 0 | I41: =SUM(I39:I40) -> 0 | J41: =SUM(J39:J40) -> 0 | K41: =SUM(K39:K40) -> 0 | L41: =SUM(L39:L40) -> 1 | ... AI41: =SUM(AI39:AI40) -> 0 | AJ41: =SUM(E41:AI41) -> 4
A43: IV | B43: DATA RINCIAN PEROLEHAN SUARA PASANGAN CALON BUPATI DAN WAKIL BUPATI
A44: NOMOR DAN NAMA CALON
A45: A.1 | B45: 1. | C45: Partai Kebangkitan Bangsa | E45: 5 | F45: 3 | G45: 5 | H45: 4 | I45: 6 | J45: 2 | K45: 6 | L45: 5 | M45: 10 | N45: 5 | O45: 5 | P45: 2 | Q45: 2 | R45: 4 | S45: 3 | T45: 5 | U45: 7 | V45: 10 | W45: 3 | X45: 2 | Y45: 4 | Z45: 11 | AA45: 1 | AB45: 5 | AC45: 4 | AD45: 1 | AE45: 5 | AF45: 1 | AG45: 7 | AH45: 7 | AI45: 3 | AJ45: =SUM(E45:AI45) -> 143
A46: A.2 | B46: 1 | C46: 1. Dr. Hj. NIHAYATUL WAFIROH, M.A. | E46: 21 | F46: 21 | G46: 25 | H46: 10 | I46: 20 | J46: 8 | K46: 30 | L46: 15 | M46: 32 | N46: 45 | O46: 19 | P46: 22 | Q46: 5 | R46: 11 | S46: 13 | T46: 15 | U46: 23 | V46: 26 | W46: 30 | X46: 7 | Y46: 25 | Z46: 34 | AA46: 15 | AB46: 14 | AC46: 15 | AD46: 4 | AE46: 16 | AF46: 9 | AG46: 24 | AH46: 12 | AI46: 19 | AJ46: =SUM(E46:AI46) -> 585
B47: 2 | C47: 2. H. M. NASIM KHAN | E47: 4 | F47: 5 | G47: 3 | H47: 4 | I47: 2 | J47: 0 | K47: 1 | L47: 0 | M47: 1 | N47: 1 | O47: 3 | P47: 2 | Q47: 0 | R47: 0 | S47: 0 | T47: 0 | U47: 6 | V47: 0 | W47: 5 | X47: 2 | Y47: 0 | Z47: 1 | AA47: 0 | AB47: 0 | AC47: 1 | AD47: 1 | AE47: 3 | AF47: 1 | AG47: 7 | AH47: 1 | AI47: 1 | AJ47: =SUM(E47:AI47) -> 55
B48: 3 | C48: 3. Dr. H. AKIK ZAMAN, M.Pd.I. | E48: 1 | F48: 6 | G48: 2 | H48: 0 | I48: 2 | J48: 0 | K48: 1 | L48: 0 | M48: 9 | N48: 1 | O48: 0 | P48: 4 | Q48: 0 | R48: 0 | S48: 0 | T48: 1 | U48: 0 | V48: 0 | W48: 0 | X48: 2 | Y48: 0 | Z48: 1 | AA48: 0 | AB48: 0 | AC48: 1 | AD48: 1 | AE48: 1 | AF48: 0 | AG48: 0 | AH48: 0 | AI48: 0 | AJ48: =SUM(E48:AI48) -> 33
B49: 4 | C49: 4. AHMAD RIFA'I, S.H. | E49: 2 | F49: 1 | G49: 3 | H49: 1 | I49: 3 | J49: 0 | K49: 3 | L49: 1 | M49: 0 | N49: 2 | O49: 1 | P49: 1 | Q49: 0 | R49: 5 | S49: 6 | T49: 2 | U49: 0 | V49: 2 | W49: 1 | X49: 1 | Y49: 0 | Z49: 1 | AA49: 1 | AB49: 0 | AC49: 0 | AD49: 0 | AE49: 0 | AF49: 1 | AG49: 0 | AH49: 2 | AI49: 1 | AJ49: =SUM(E49:AI49) -> 41
B50: 5 | C50: 5. Drs. H. MAHFUD M.N. | E50: 3 | F50: 2 | G50: 3 | H50: 2 | I50: 0 | J50: 0 | K50: 0 | L50: 0 | M50: 0 | N50: 0 | O50: 0 | P50: 1 | Q50: 0 | R50: 0 | S50: 2 | T50: 0 | U50: 1 | V50: 0 | W50: 0 | X50: 0 | Y50: 0 | Z50: 0 | AA50: 0 | AB50: 1 | AC50: 0 | AD50: 1 | AE50: 0 | AF50: 0 | AG50: 0 | AH50: 0 | AI50: 0 | AJ50: =SUM(E50:AI50) -> 16
B51: 6 | C51: 6. NURHAYATI, S.Pd. | E51: 0 | F51: 1 | G51: 3 | H51: 1 | I51: 1 | J51: 0 | K51: 0 | L51: 0 | M51: 2 | N51: 1 | O51: 0 | P51: 0 | Q51: 0 | R51: 2 | S51: 0 | T51: 0 | U51: 4 | V51: 2 | W51: 1 | X51: 0 | Y51: 1 | Z51: 2 | AA51: 0 | AB51: 0 | AC51: 0 | AD51: 2 | AE51: 0 | AF51: 0 | AG51: 0 | AH51: 0 | AI51: 1 | AJ51: =SUM(E51:AI51) -> 24
B52: 7 | C52: 7. MAFTUHA KISWAH | E52: 1 | F52: 3 | G52: 0 | H52: 1 | I52: 1 | J52: 0 | K52: 0 | L52: 1 | M52: 1 | N52: 0 | O52: 1 | P52: 0 | Q52: 0 | R52: 0 | S52: 0 | T52: 0 | U52: 0 | V52: 1 | W52: 0 | X52: 0 | Y52: 0 | Z52: 0 | AA52: 0 | AB52: 0 | AC52: 1 | AD52: 1 | AE52: 0 | AF52: 0 | AG52: 0 | AH52: 1 | AI52: 0 | AJ52: =SUM(E52:AI52) -> 13
AJ53: =SUM(E53:AI53) -> 0
AJ54: =SUM(E54:AI54) -> 0
A55: B | B55: JUMLAH SUARA SAH PARTAI POLITIK DAN CALON (A1 + A2) | E55: =SUM(E45:E54) -> 37 | F55: =SUM(F45:F54) -> 42 | G55: =SUM(G45:G54) -> 44 | H55: =SUM(H45:H54) -> 23 | I55: =SUM(I45:I54) -> 35 | J55: =SUM(J45:J54) -> 10 | K55: =SUM(K45:K54) -> 41 | L55: =SUM(L45:L54) -> 22 | ... AJ55: =SUM(AJ45:AJ54) -> 910
A57: A.1 | B57: 2. | C57: Partai Gerakan Indonesia Raya | E57: 9 | F57: 17 | G57: 21 | H57: 10 | I57: 5 | J57: 3 | K57: 7 | L57: 6 | M57: 11 | N57: 6 | O57: 9 | P57: 10 | Q57: 6 | R57: 10 | S57: 12 | T57: 13 | U57: 9 | V57: 10 | W57: 7 | X57: 17 | Y57: 4 | Z57: 12 | AA57: 5 | AB57: 8 | AC57: 2 | AD57: 6 | AE57: 7 | AF57: 12 | AG57: 2 | AH57: 12 | AI57: 10 | AJ57: =SUM(E57:AI57) -> 278
A58: A.2 | B58: 1 | C58: 1. SUMAIL ABDULLAH | E58: 18 | F58: 32 | G58: 16 | H58: 8 | I58: 7 | J58: 3 | K58: 4 | L58: 3 | M58: 10 | N58: 6 | O58: 4 | P58: 4 | Q58: 11 | R58: 4 | S58: 7 | T58: 6 | U58: 10 | V58: 6 | W58: 5 | X58: 4 | Y58: 4 | Z58: 8 | AA58: 8 | AB58: 4 | AC58: 3 | AD58: 2 | AE58: 6 | AF58: 6 | AG58: 2 | AH58: 3 | AI58: 5 | AJ58: =SUM(E58:AI58) -> 219
B59: 2 | C59: 2. MUHAMMAD ALI ADRIAN SALEH | E59: 9 | F59: 25 | G59: 13 | H59: 23 | I59: 18 | J59: 5 | K59: 19 | L59: 34 | M59: 5 | N59: 3 | O59: 14 | P59: 12 | Q59: 20 | R59: 7 | S59: 8 | T59: 9 | U59: 4 | V59: 13 | W59: 15 | X59: 29 | Y59: 24 | Z59: 7 | AA59: 7 | AB59: 4 | AC59: 10 | AD59: 5 | AE59: 3 | AF59: 6 | AG59: 9 | AH59: 5 | AI59: 2 | AJ59: =SUM(E59:AI59) -> 367
B60: 3 | C60: 3. DURROTUN NAFISAH | E60: 2 | F60: 1 | G60: 6 | H60: 2 | I60: 2 | J60: 0 | K60: 3 | L60: 1 | M60: 2 | N60: 0 | O60: 0 | P60: 0 | Q60: 1 | R60: 0 | S60: 2 | T60: 2 | U60: 2 | V60: 2 | W60: 2 | X60: 0 | Y60: 0 | Z60: 1 | AA60: 1 | AB60: 3 | AC60: 0 | AD60: 1 | AE60: 0 | AF60: 1 | AG60: 0 | AH60: 2 | AI60: 1 | AJ60: =SUM(E60:AI60) -> 40
B61: 4 | C61: 4. H. EKO SUSILO NURHIDAYAT | E61: 5 | F61: 1 | G61: 4 | H61: 2 | I61: 2 | J61: 2 | K61: 3 | L61: 1 | M61: 0 | N61: 0 | O61: 1 | P61: 3 | Q61: 2 | R61: 2 | S61: 2 | T61: 3 | U61: 9 | V61: 7 | W61: 6 | X61: 3 | Y61: 4 | Z61: 5 | AA61: 3 | AB61: 2 | AC61: 1 | AD61: 4 | AE61: 2 | AF61: 4 | AG61: 3 | AH61: 3 | AI61: 0 | AJ61: =SUM(E61:AI61) -> 89
B62: 5 | C62: 5. KARNADI HARIJANTO, S.S. | E62: 1 | F62: 1 | G62: 0 | H62: 0 | I62: 0 | J62: 0 | K62: 0 | L62: 0 | M62: 0 | N62: 0 | O62: 3 | P62: 0 | Q62: 0 | R62: 1 | S62: 0 | T62: 0 | U62: 0 | V62: 2 | W62: 0 | X62: 0 | Y62: 0 | Z62: 1 | AA62: 1 | AB62: 1 | AC62: 1 | AD62: 0 | AE62: 0 | AF62: 1 | AG62: 0 | AH62: 0 | AI62: 0 | AJ62: =SUM(E62:AI62) -> 13
B63: 6 | C63: 6. NURHAYATI | E63: 3 | F63: 4 | G63: 4 | H63: 1 | I63: 2 | J63: 2 | K63: 1 | L63: 1 | M63: 2 | N63: 1 | O63: 0 | P63: 1 | Q63: 1 | R63: 1 | S63: 2 | T63: 1 | U63: 1 | V63: 3 | W63: 1 | X63: 4 | Y63: 2 | Z63: 1 | AA63: 2 | AB63: 1 | AC63: 0 | AD63: 4 | AE63: 2 | AF63: 2 | AG63: 1 | AH63: 2 | AI63: 2 | AJ63: =SUM(E63:AI63) -> 55
B64: 7 | C64: 7. MASHUDI | E64: 0 | F64: 0 | G64: 0 | H64: 1 | I64: 0 | J64: 0 | K64: 1 | L64: 0 | M64: 0 | N64: 1 | O64: 0 | P64: 0 | Q64: 0 | R64: 0 | S64: 0 | T64: 0 | U64: 0 | V64: 3 | W64: 1 | X64: 0 | Y64: 0 | Z64: 0 | AA64: 0 | AB64: 0 | AC64: 1 | AD64: 1 | AE64: 0 | AF64: 0 | AG64: 0 | AH64: 0 | AI64: 0 | AJ64: =SUM(E64:AI64) -> 9
AJ65: =SUM(E65:AI65) -> 0
AJ66: =SUM(E66:AI66) -> 0
A67: B | B67: JUMLAH SUARA SAH PARTAI POLITIK DAN CALON (A1 + A2) | E67: =SUM(E57:E66) -> 47 | F67: =SUM(F57:F66) -> 81 | G67: =SUM(G57:G66) -> 64 | H67: =SUM(H57:H66) -> 47 | I67: =SUM(I57:I66) -> 36 | J67: =SUM(J57:J66) -> 15 | K67: =SUM(K57:K66) -> 38 | L67: =SUM(L57:L66) -> 46 | ... AJ67: =SUM(AJ57:AJ66) -> 1070
A69: A.1 | B69: 3. | C69: Partai Demokrasi Indonesia Perjuangan | E69: 5 | F69: 5 | G69: 5 | H69: 15 | I69: 7 | J69: 9 | K69: 14 | L69: 9 | M69: 12 | N69: 8 | O69: 9 | P69: 14 | Q69: 14 | R69: 11 | S69: 8 | T69: 11 | U69: 8 | V69: 7 | W69: 5 | X69: 6 | Y69: 8 | Z69: 6 | AA69: 12 | AB69: 12 | AC69: 9 | AD69: 26 | AE69: 10 | AF69: 15 | AG69: 8 | AH69: 19 | AI69: 5 | AJ69: =SUM(E69:AI69) -> 312
A70: A.2 | B70: 1 | C70: 1. SONNY TRI DANAPARAMITA, S.H., M.H. | E70: 5 | F70: 4 | G70: 4 | H70: 3 | I70: 7 | J70: 25 | K70: 12 | L70: 8 | M70: 7 | N70: 3 | O70: 7 | P70: 20 | Q70: 7 | R70: 11 | S70: 14 | T70: 4 | U70: 11 | V70: 1 | W70: 2 | X70: 3 | Y70: 6 | Z70: 5 | AA70: 3 | AB70: 4 | AC70: 2 | AD70: 93 | AE70: 51 | AF70: 12 | AG70: 7 | AH70: 13 | AI70: 11 | AJ70: =SUM(E70:AI70) -> 365
B71: 2 | C71: 2. H. MOHAMAD GUNTUR ROMLI | E71: 10 | F71: 2 | G71: 3 | H71: 4 | I71: 2 | J71: 2 | K71: 8 | L71: 4 | M71: 5 | N71: 9 | O71: 25 | P71: 2 | Q71: 16 | R71: 13 | S71: 0 | T71: 1 | U71: 4 | V71: 5 | W71: 5 | X71: 0 | Y71: 4 | Z71: 0 | AA71: 6 | AB71: 0 | AC71: 8 | AD71: 4 | AE71: 8 | AF71: 8 | AG71: 7 | AH71: 26 | AI71: 25 | AJ71: =SUM(E71:AI71) -> 216
B72: 3 | C72: 3. INA AMMANIA | E72: 5 | F72: 5 | G72: 12 | H72: 14 | I72: 1 | J72: 4 | K72: 16 | L72: 12 | M72: 2 | N72: 8 | O72: 1 | P72: 7 | Q72: 7 | R72: 8 | S72: 1 | T72: 7 | U72: 13 | V72: 1 | W72: 3 | X72: 9 | Y72: 7 | Z72: 3 | AA72: 13 | AB72: 7 | AC72: 8 | AD72: 1 | AE72: 6 | AF72: 2 | AG72: 3 | AH72: 4 | AI72: 1 | AJ72: =SUM(E72:AI72) -> 191
B73: 4 | C73: 4. IRWAN BACHTIAR RACHMAT, M.Si. | E73: 1 | F73: 0 | G73: 0 | H73: 0 | I73: 1 | J73: 0 | K73: 3 | L73: 0 | M73: 2 | N73: 0 | O73: 1 | P73: 1 | Q73: 2 | R73: 0 | S73: 1 | T73: 0 | U73: 1 | V73: 0 | W73: 0 | X73: 1 | Y73: 0 | Z73: 0 | AA73: 1 | AB73: 1 | AC73: 0 | AD73: 0 | AE73: 0 | AF73: 1 | AG73: 0 | AH73: 1 | AI73: 3 | AJ73: =SUM(E73:AI73) -> 21
B74: 5 | C74: 5. LUCKY PERDANA | E74: 11 | F74: 10 | G74: 2 | H74: 11 | I74: 6 | J74: 6 | K74: 6 | L74: 3 | M74: 4 | N74: 6 | O74: 7 | P74: 5 | Q74: 6 | R74: 6 | S74: 3 | T74: 12 | U74: 9 | V74: 6 | W74: 8 | X74: 3 | Y74: 6 | Z74: 13 | AA74: 5 | AB74: 4 | AC74: 8 | AD74: 2 | AE74: 7 | AF74: 3 | AG74: 4 | AH74: 9 | AI74: 3 | AJ74: =SUM(E74:AI74) -> 194
B75: 6 | C75: 6. WIWIK PUJIYATI | E75: 1 | F75: 0 | G75: 2 | H75: 1 | I75: 0 | J75: 2 | K75: 2 | L75: 1 | M75: 2 | N75: 9 | O75: 4 | P75: 3 | Q75: 3 | R75: 1 | S75: 1 | T75: 2 | U75: 5 | V75: 5 | W75: 2 | X75: 2 | Y75: 0 | Z75: 3 | AA75: 0 | AB75: 0 | AC75: 1 | AD75: 1 | AE75: 1 | AF75: 1 | AG75: 4 | AH75: 4 | AI75: 4 | AJ75: =SUM(E75:AI75) -> 67
B76: 7 | C76: 7. CHANDRA ASTAN, S.T. | E76: 2 | F76: 0 | G76: 3 | H76: 1 | I76: 1 | J76: 4 | K76: 1 | L76: 1 | M76: 3 | N76: 2 | O76: 2 | P76: 0 | Q76: 14 | R76: 5 | S76: 2 | T76: 2 | U76: 8 | V76: 1 | W76: 0 | X76: 12 | Y76: 1 | Z76: 3 | AA76: 1 | AB76: 2 | AC76: 5 | AD76: 6 | AE76: 3 | AF76: 1 | AG76: 3 | AH76: 11 | AI76: 2 | AJ76: =SUM(E76:AI76) -> 102
AJ77: =SUM(E77:AI77) -> 0
AJ78: =SUM(E78:AI78) -> 0
A79: B | B79: JUMLAH SUARA SAH PARTAI POLITIK DAN CALON (A1 + A2) | E79: =SUM(E69:E78) -> 40 | F79: =SUM(F69:F78) -> 26 | G79: =SUM(G69:G78) -> 31 | H79: =SUM(H69:H78) -> 49 | I79: =SUM(I69:I78) -> 25 | J79: =SUM(J69:J78) -> 52 | K79: =SUM(K69:K78) -> 62 | L79: =SUM(L69:L78) -> 38 | ... AJ79: =SUM(AJ69:AJ78) -> 1468
A81: A.1 | B81: 4. | C81: Partai Golongan Karya | E81: 5 | F81: 1 | G81: 4 | H81: 3 | I81: 3 | J81: 1 | K81: 2 | L81: 4 | M81: 3 | N81: 2 | O81: 2 | P81: 3 | Q81: 3 | R81: 2 | S81: 10 | T81: 9 | U81: 3 | V81: 1 | W81: 4 | X81: 6 | Y81: 5 | Z81: 0 | AA81: 7 | AB81: 7 | AC81: 9 | AD81: 2 | AE81: 3 | AF81: 8 | AG81: 4 | AH81: 6 | AI81: 6 | AJ81: =SUM(E81:AI81) -> 128
A82: A.2 | B82: 1 | C82: 1. ZULFIKAR ARSE SADIKIN, S.I.P., M.Si. | E82: 3 | F82: 4 | G82: 3 | H82: 3 | I82: 11 | J82: 3 | K82: 4 | L82: 6 | M82: 8 | N82: 6 | O82: 5 | P82: 7 | Q82: 13 | R82: 1 | S82: 15 | T82: 15 | U82: 4 | V82: 12 | W82: 8 | X82: 4 | Y82: 19 | Z82: 9 | AA82: 73 | AB82: 39 | AC82: 66 | AD82: 4 | AE82: 27 | AF82: 7 | AG82: 44 | AH82: 22 | AI82: 30 | AJ82: =SUM(E82:AI82) -> 475
B83: 2 | C83: 2. HANDOKO | E83: 6 | F83: 8 | G83: 5 | H83: 9 | I83: 5 | J83: 7 | K83: 23 | L83: 5 | M83: 3 | N83: 4 | O83: 3 | P83: 13 | Q83: 6 | R83: 4 | S83: 9 | T83: 4 | U83: 6 | V83: 4 | W83: 4 | X83: 16 | Y83: 7 | Z83: 7 | AA83: 2 | AB83: 6 | AC83: 1 | AD83: 1 | AE83: 9 | AF83: 19 | AG83: 6 | AH83: 1 | AI83: 4 | AJ83: =SUM(E83:AI83) -> 207
B84: 3 | C84: 3. Hj. OVI DEWI YANTI | E84: 1 | F84: 1 | G84: 1 | H84: 0 | I84: 0 | J84: 1 | K84: 0 | L84: 0 | M84: 0 | N84: 1 | O84: 0 | P84: 2 | Q84: 0 | R84: 0 | S84: 2 | T84: 0 | U84: 0 | V84: 2 | W84: 0 | X84: 0 | Y84: 1 | Z84: 0 | AA84: 3 | AB84: 0 | AC84: 0 | AD84: 0 | AE84: 0 | AF84: 1 | AG84: 0 | AH84: 1 | AI84: 0 | AJ84: =SUM(E84:AI84) -> 17
B85: 4 | C85: 4. Ir. AZAM AZMAN NATAWIJANA | E85: 0 | F85: 0 | G85: 1 | H85: 1 | I85: 1 | J85: 0 | K85: 0 | L85: 1 | M85: 3 | N85: 0 | O85: 0 | P85: 1 | Q85: 1 | R85: 0 | S85: 0 | T85: 0 | U85: 3 | V85: 2 | W85: 0 | X85: 0 | Y85: 2 | Z85: 0 | AA85: 0 | AB85: 2 | AC85: 0 | AD85: 1 | AE85: 1 | AF85: 2 | AG85: 1 | AH85: 0 | AI85: 0 | AJ85: =SUM(E85:AI85) -> 23
B86: 5 | C86: 5. UBAIDILLAH AMIN, S.Kom. | E86: 1 | F86: 1 | G86: 2 | H86: 1 | I86: 2 | J86: 1 | K86: 0 | L86: 0 | M86: 1 | N86: 2 | O86: 0 | P86: 0 | Q86: 0 | R86: 0 | S86: 1 | T86: 1 | U86: 0 | V86: 0 | W86: 9 | X86: 1 | Y86: 1 | Z86: 4 | AA86: 0 | AB86: 0 | AC86: 0 | AD86: 0 | AE86: 1 | AF86: 5 | AG86: 3 | AH86: 5 | AI86: 3 | AJ86: =SUM(E86:AI86) -> 45
B87: 6 | C87: 6. DENNY YUNIANDARI, S.H., M.Kn. | E87: 0 | F87: 0 | G87: 0 | H87: 0 | I87: 1 | J87: 0 | K87: 0 | L87: 1 | M87: 0 | N87: 0 | O87: 0 | P87: 0 | Q87: 0 | R87: 1 | S87: 0 | T87: 0 | U87: 0 | V87: 2 | W87: 0 | X87: 0 | Y87: 0 | Z87: 0 | AA87: 0 | AB87: 0 | AC87: 0 | AD87: 0 | AE87: 0 | AF87: 1 | AG87: 0 | AH87: 0 | AI87: 0 | AJ87: =SUM(E87:AI87) -> 6
B88: 7 | C88: 7. ERNADI, S.H.I. | E88: 0 | F88: 0 | G88: 0 | H88: 0 | I88: 0 | J88: 0 | K88: 0 | L88: 0 | M88: 0 | N88: 0 | O88: 0 | P88: 0 | Q88: 0 | R88: 0 | S88: 0 | T88: 0 | U88: 0 | V88: 0 | W88: 0 | X88: 0 | Y88: 0 | Z88: 0 | AA88: 1 | AB88: 0 | AC88: 0 | AD88: 0 | AE88: 0 | AF88: 0 | AG88: 0 | AH88: 0 | AI88: 0 | AJ88: =SUM(E88:AI88) -> 1
AJ89: =SUM(E89:AI89) -> 0
AJ90: =SUM(E90:AI90) -> 0
A91: B | B91: JUMLAH SUARA SAH PARTAI POLITIK DAN CALON (A1 + A2) | E91: =SUM(E81:E90) -> 16 | F91: =SUM(F81:F90) -> 15 | G91: =SUM(G81:G90) -> 16 | H91: =SUM(H81:H90) -> 17 | I91: =SUM(I81:I90) -> 23 | J91: =SUM(J81:J90) -> 13 | K91: =SUM(K81:K90) -> 29 | L91: =SUM(L81:L90) -> 17 | ... AJ91: =SUM(AJ81:AJ90) -> 902
A93: A.1 | B93: 5. | C93: Partai NasDem | E93: 3 | F93: 1 | G93: 4 | H93: 4 | I93: 4 | J93: 4 | K93: 8 | L93: 2 | M93: 2 | N93: 5 | O93: 5 | P93: 14 | Q93: 2 | R93: 1 | S93: 10 | T93: 1 | U93: 9 | V93: 5 | W93: 1 | X93: 2 | Y93: 4 | Z93: 3 | AA93: 3 | AB93: 11 | AC93: 0 | AD93: 2 | AE93: 1 | AF93: 4 | AG93: 5 | AH93: 10 | AI93: 4 | AJ93: =SUM(E93:AI93) -> 134
A94: A.2 | B94: 1 | C94: 1. ACH. FADIL MUZAKKI SYAH | E94: 1 | F94: 4 | G94: 5 | H94: 3 | I94: 5 | J94: 13 | K94: 3 | L94: 1 | M94: 0 | N94: 4 | O94: 5 | P94: 9 | Q94: 2 | R94: 4 | S94: 7 | T94: 4 | U94: 3 | V94: 3 | W94: 3 | X94: 2 | Y94: 3 | Z94: 1 | AA94: 2 | AB94: 2 | AC94: 1 | AD94: 1 | AE94: 1 | AF94: 3 | AG94: 2 | AH94: 1 | AI94: 8 | AJ94: =SUM(E94:AI94) -> 106
B95: 2 | C95: 2. BENY | E95: 2 | F95: 5 | G95: 4 | H95: 2 | I95: 10 | J95: 43 | K95: 5 | L95: 7 | M95: 0 | N95: 4 | O95: 2 | P95: 1 | Q95: 5 | R95: 17 | S95: 8 | T95: 1 | U95: 1 | V95: 18 | W95: 8 | X95: 9 | Y95: 4 | Z95: 2 | AA95: 3 | AB95: 4 | AC95: 0 | AD95: 0 | AE95: 2 | AF95: 18 | AG95: 0 | AH95: 2 | AI95: 21 | AJ95: =SUM(E95:AI95) -> 208
B96: 3 | C96: 3. VINA VERONIKA | E96: 1 | F96: 1 | G96: 1 | H96: 3 | I96: 0 | J96: 1 | K96: 2 | L96: 1 | M96: 0 | N96: 0 | O96: 1 | P96: 0 | Q96: 0 | R96: 1 | S96: 1 | T96: 2 | U96: 0 | V96: 1 | W96: 0 | X96: 0 | Y96: 1 | Z96: 0 | AA96: 2 | AB96: 1 | AC96: 0 | AD96: 1 | AE96: 1 | AF96: 0 | AG96: 1 | AH96: 0 | AI96: 1 | AJ96: =SUM(E96:AI96) -> 24
B97: 4 | C97: 4. TEDDY ANUGRIANTO | E97: 0 | F97: 0 | G97: 1 | H97: 0 | I97: 3 | J97: 1 | K97: 0 | L97: 0 | M97: 0 | N97: 0 | O97: 0 | P97: 0 | Q97: 0 | R97: 1 | S97: 2 | T97: 1 | U97: 2 | V97: 0 | W97: 1 | X97: 0 | Y97: 0 | Z97: 0 | AA97: 1 | AB97: 0 | AC97: 0 | AD97: 0 | AE97: 0 | AF97: 0 | AG97: 1 | AH97: 0 | AI97: 4 | AJ97: =SUM(E97:AI97) -> 18
B98: 5 | C98: 5. INSAN KAMIL | E98: 0 | F98: 1 | G98: 0 | H98: 2 | I98: 0 | J98: 0 | K98: 0 | L98: 0 | M98: 0 | N98: 0 | O98: 0 | P98: 1 | Q98: 1 | R98: 0 | S98: 1 | T98: 0 | U98: 0 | V98: 0 | W98: 0 | X98: 0 | Y98: 0 | Z98: 0 | AA98: 0 | AB98: 1 | AC98: 0 | AD98: 0 | AE98: 0 | AF98: 0 | AG98: 0 | AH98: 0 | AI98: 2 | AJ98: =SUM(E98:AI98) -> 9
B99: 6 | C99: 6. LILIK LINDARWATI | E99: 0 | F99: 0 | G99: 0 | H99: 0 | I99: 0 | J99: 0 | K99: 0 | L99: 0 | M99: 0 | N99: 0 | O99: 1 | P99: 1 | Q99: 1 | R99: 1 | S99: 1 | T99: 0 | U99: 0 | V99: 0 | W99: 1 | X99: 0 | Y99: 1 | Z99: 0 | AA99: 0 | AB99: 1 | AC99: 0 | AD99: 0 | AE99: 1 | AF99: 0 | AG99: 0 | AH99: 0 | AJ99: =SUM(E99:AI99) -> 9
B100: 7 | C100: 7. YULI ANITA | E100: 0 | F100: 0 | G100: 0 | H100: 0 | I100: 2 | J100: 0 | K100: 0 | L100: 0 | M100: 1 | N100: 0 | O100: 1 | P100: 0 | Q100: 0 | R100: 0 | S100: 0 | T100: 0 | U100: 3 | V100: 0 | W100: 1 | X100: 0 | Y100: 0 | Z100: 0 | AA100: 0 | AB100: 0 | AC100: 0 | AD100: 1 | AE100: 0 | AF100: 1 | AG100: 0 | AH100: 0 | AJ100: =SUM(E100:AI100) -> 10
AJ101: =SUM(E101:AI101) -> 0
AJ102: =SUM(E102:AI102) -> 0
A103: B | B103: JUMLAH SUARA SAH PARTAI POLITIK DAN CALON (A1 + A2) | E103: =SUM(E93:E102) -> 7 | F103: =SUM(F93:F102) -> 12 | G103: =SUM(G93:G102) -> 15 | H103: =SUM(H93:H102) -> 14 | I103: =SUM(I93:I102) -> 24 | J103: =SUM(J93:J102) -> 62 | K103: =SUM(K93:K102) -> 18 | L103: =SUM(L93:L102) -> 11 | ... AJ103: =SUM(AJ93:AJ102) -> 518
A105: A.1 | B105: 6. | C105: Partai Buruh | E105: 0 | F105: 0 | G105: 0 | H105: 0 | I105: 1 | J105: 0 | K105: 0 | L105: 0 | M105: 0 | N105: 0 | O105: 0 | P105: 0 | Q105: 0 | R105: 0 | S105: 0 | T105: 1 | U105: 0 | V105: 0 | W105: 1 | X105: 0 | Y105: 2 | Z105: 0 | AA105: 1 | AB105: 0 | AC105: 0 | AD105: 0 | AE105: 0 | AF105: 2 | AG105: 0 | AH105: 0 | AJ105: =SUM(E105:AI105) -> 8
A106: A.2 | B106: 1 | C106: 1. KHOIRUL ANAM | E106: 0 | F106: 0 | G106: 0 | H106: 1 | I106: 1 | J106: 0 | K106: 0 | L106: 0 | M106: 0 | N106: 0 | O106: 0 | P106: 0 | Q106: 1 | R106: 0 | S106: 0 | T106: 0 | U106: 0 | V106: 1 | W106: 0 | X106: 1 | Y106: 0 | Z106: 0 | AA106: 1 | AB106: 0 | AC106: 0 | AD106: 0 | AE106: 0 | AF106: 0 | AG106: 1 | AH106: 0 | AJ106: =SUM(E106:AI106) -> 7
B107: 2 | C107: 2. INA KURNIA | E107: 1 | F107: 0 | G107: 0 | H107: 2 | I107: 0 | J107: 0 | K107: 0 | L107: 1 | M107: 0 | N107: 0 | O107: 0 | P107: 0 | Q107: 2 | R107: 0 | S107: 0 | T107: 0 | U107: 1 | V107: 0 | W107: 1 | X107: 0 | Y107: 0 | Z107: 0 | AA107: 0 | AB107: 0 | AC107: 0 | AD107: 0 | AE107: 0 | AF107: 0 | AG107: 0 | AH107: 0 | AJ107: =SUM(E107:AI107) -> 8
B108: 3 | C108: 3. JIBRAL TAROUK | E108: 0 | F108: 0 | G108: 0 | H108: 0 | I108: 0 | J108: 0 | K108: 0 | L108: 0 | M108: 0 | N108: 0 | O108: 0 | P108: 0 | Q108: 0 | R108: 0 | S108: 0 | T108: 1 | U108: 0 | V108: 0 | W108: 0 | X108: 0 | Y108: 0 | Z108: 0 | AA108: 0 | AB108: 1 | AC108: 0 | AD108: 0 | AE108: 0 | AF108: 0 | AG108: 0 | AH108: 0 | AJ108: =SUM(E108:AI108) -> 2
B109: 4 | C109: 4. ASTUTI DAENG PUJI | E109: 0 | F109: 0 | G109: 0 | H109: 0 | I109: 0 | J109: 0 | K109: 1 | L109: 0 | M109: 0 | N109: 0 | O109: 0 | P109: 0 | Q109: 0 | R109: 0 | S109: 0 | T109: 0 | U109: 0 | V109: 0 | W109: 0 | X109: 0 | Y109: 0 | Z109: 0 | AA109: 0 | AB109: 0 | AC109: 0 | AD109: 0 | AE109: 1 | AF109: 0 | AG109: 0 | AH109: 0 | AJ109: =SUM(E109:AI109) -> 2
B110: 5 | C110: 5. ASDARMAWAN | E110: 0 | F110: 0 | G110: 0 | H110: 0 | I110: 0 | J110: 0 | K110: 0 | L110: 0 | M110: 0 | N110: 0 | O110: 0 | P110: 0 | Q110: 1 | R110: 0 | S110: 0 | T110: 0 | U110: 0 | V110: 0 | W110: 0 | X110: 0 | Y110: 0 | Z110: 0 | AA110: 0 | AB110: 0 | AC110: 0 | AD110: 0 | AE110: 0 | AF110: 0 | AG110: 0 | AH110: 0 | AJ110: =SUM(E110:AI110) -> 1
B111: 6 | C111: 6. RIFQI MUBAROK | E111: 0 | F111: 0 | G111: 0 | H111: 0 | I111: 0 | J111: 0 | K111: 0 | L111: 0 | M111: 0 | N111: 0 | O111: 1 | P111: 0 | Q111: 0 | R111: 0 | S111: 0 | T111: 0 | U111: 0 | V111: 0 | W111: 0 | X111: 0 | Y111: 0 | Z111: 0 | AA111: 0 | AB111: 0 | AC111: 0 | AD111: 0 | AE111: 0 | AF111: 0 | AG111: 0 | AH111: 0 | AJ111: =SUM(E111:AI111) -> 1
B112: 7 | C112: 7. FIRNANDA ALTA MEGA | E112: 0 | F112: 0 | G112: 0 | H112: 0 | I112: 0 | J112: 0 | K112: 0 | L112: 0 | M112: 0 | N112: 0 | O112: 0 | P112: 0 | Q112: 0 | R112: 0 | S112: 0 | T112: 0 | U112: 0 | V112: 1 | W112: 0 | X112: 0 | Y112: 0 | Z112: 0 | AA112: 0 | AB112: 0 | AC112: 0 | AD112: 0 | AE112: 0 | AF112: 0 | AG112: 0 | AH112: 0 | AJ112: =SUM(E112:AI112) -> 1
AJ113: =SUM(E113:AI113) -> 0
AJ114: =SUM(E114:AI114) -> 0
A115: B | B115: JUMLAH SUARA SAH PARTAI POLITIK DAN CALON (A1 + A2) | E115: =SUM(E105:E114) -> 1 | F115: =SUM(F105:F114) -> 0 | G115: =SUM(G105:G114) -> 0 | H115: =SUM(H105:H114) -> 3 | I115: =SUM(I105:I114) -> 2 | J115: =SUM(J105:J114) -> 0 | K115: =SUM(K105:K114) -> 1 | L115: =SUM(L105:L114) -> 1 | ... AJ115: =SUM(AJ105:AJ114) -> 30
A117: A.1 | B117: 7. | C117: Partai Gelombang Rakyat Indonesia | E117: 3 | F117: 1 | G117: 3 | H117: 1 | I117: 0 | J117: 0 | K117: 1 | L117: 1 | M117: 0 | N117: 6 | O117: 0 | P117: 0 | Q117: 1 | R117: 5 | S117: 0 | T117: 1 | U117: 2 | V117: 0 | W117: 1 | X117: 1 | Y117: 1 | Z117: 1 | AA117: 1 | AB117: 1 | AC117: 0 | AD117: 1 | AE117: 3 | AF117: 3 | AG117: 4 | AH117: 0 | AI117: 1 | AJ117: =SUM(E117:AI117) -> 43
...

Sheet SENEPOREJO
C2: Kecamatan | D2: SILIRAGUNG
C3: Kabupaten | D3: BANYUWANGI
C4: Provinsi | D4: JAWA TIMUR
C9: Kelurahan | D9: SENEPOREJO
A12: I | B12: DATA PEMILIH DAN PENGGUNAAN HAK PILIH | AB12: JUMLAH AKHIR
A13: A | B13: DATA PEMILIH | E13: TPS 001 | F13: TPS 002 | G13: TPS 003 | H13: TPS 004 | I13: TPS 005 | J13: TPS 006 | K13: TPS 007 | L13: TPS 008 | M13: TPS 009 | N13: TPS 010 | O13: TPS 011 | P13: TPS 012 | Q13: TPS 013 | R13: TPS 014 | S13: TPS 015 | T13: TPS 016 | U13: TPS 017 | V13: TPS 018 | W13: TPS 019 | X13: TPS 020 | Y13: TPS 021 | Z13: TPS 022 | AA13: TPS 023
B14: Jumlah Pemilih dalam Daftar Pemilih Tetap (DPT) | D14: LK | E14: 133 | F14: 132 | G14: 142 | H14: 138 | I14: 136 | J14: 115 | K14: 118 | L14: 107 | M14: 150 | N14: 140 | O14: 90 | P14: 91 | Q14: 134 | R14: 109 | S14: 136 | T14: 100 | U14: 130 | V14: 139 | W14: 134 | X14: 135 | Y14: 123 | Z14: 149 | AA14: 143 | AB14: =SUM(E14:AA14) -> 2924
D15: PR | E15: 148 | F15: 134 | G15: 140 | H15: 136 | I15: 142 | J15: 119 | K15: 112 | L15: 104 | M15: 127 | N15: 144 | O15: 88 | P15: 85 | Q15: 119 | R15: 119 | S15: 143 | T15: 99 | U15: 146 | V15: 139 | W15: 131 | X15: 148 | Y15: 120 | Z15: 144 | AA15: 140 | AB15: =SUM(E15:AA15) -> 2927
D16: JML | E16: =SUM(E14:E15) -> 281 | F16: =SUM(F14:F15) -> 266 | G16: =SUM(G14:G15) -> 282 | H16: =SUM(H14:H15) -> 274 | I16: =SUM(I14:I15) -> 278 | J16: =SUM(J14:J15) -> 234 | K16: =SUM(K14:K15) -> 230 | L16: =SUM(L14:L15) -> 211 | ... AA16: =SUM(AA14:AA15) -> 283 | AB16: =SUM(E16:AA16) -> 5851
A18: B | B18: PENGGUNA HAK PILIH
B19: 1. | C19: Jumlah pengguna hak pilih dalam Daftar Pemilih Tetap (DPT) | D19: LK | E19: 105 | F19: 102 | G19: 111 | H19: 105 | I19: 108 | J19: 91 | K19: 95 | L19: 80 | M19: 109 | N19: 124 | O19: 77 | P19: 80 | Q19: 100 | R19: 89 | S19: 110 | T19: 79 | U19: 106 | V19: 107 | W19: 113 | X19: 111 | Y19: 100 | Z19: 103 | AA19: 116 | AB19: =SUM(E19:AA19) -> 2321
D20: PR | E20: 116 | F20: 114 | G20: 116 | H20: 105 | I20: 119 | J20: 101 | K20: 95 | L20: 87 | M20: 102 | N20: 126 | O20: 75 | P20: 75 | Q20: 93 | R20: 98 | S20: 122 | T20: 73 | U20: 125 | V20: 115 | W20: 114 | X20: 125 | Y20: 99 | Z20: 117 | AA20: 112 | AB20: =SUM(E20:AA20) -> 2424
D21: JML | E21: =SUM(E19:E20) -> 221 | F21: =SUM(F19:F20) -> 216 | G21: =SUM(G19:G20) -> 227 | H21: =SUM(H19:H20) -> 210 | I21: =SUM(I19:I20) -> 227 | J21: =SUM(J19:J20) -> 192 | K21: =SUM(K19:K20) -> 190 | L21: =SUM(L19:L20) -> 167 | ... AA21: =SUM(AA19:AA20) -> 228 | AB21: =SUM(E21:AA21) -> 4745
B22: 2. | C22: Jumlah pengguna hak pilih dalam Daftar Pemilih Tambahan (DPTb) | D22: LK | E22: 0 | F22: 0 | G22: 0 | H22: 2 | I22: 0 | J22: 0 | K22: 0 | L22: 0 | M22: 0 | N22: 0 | O22: 0 | P22: 0 | Q22: 0 | R22: 0 | S22: 0 | AB22: =SUM(E22:AA22) -> 2
D23: PR | E23: 0 | F23: 1 | G23: 0 | H23: 1 | I23: 0 | J23: 0 | K23: 0 | L23: 0 | M23: 0 | N23: 0 | O23: 0 | P23: 0 | Q23: 0 | R23: 0 | S23: 0 | AB23: =SUM(E23:AA23) -> 2
D24: JML | E24: =SUM(E22:E23) -> 0 | F24: =SUM(F22:F23) -> 1 | G24: =SUM(G22:G23) -> 0 | H24: =SUM(H22:H23) -> 3 | I24: =SUM(I22:I23) -> 0 | J24: =SUM(J22:J23) -> 0 | K24: =SUM(K22:K23) -> 0 | L24: =SUM(L22:L23) -> 0 | ... AA24: =SUM(AA22:AA23) -> 0 | AB24: =SUM(E24:AA24) -> 4
B25: 3. | C25: Jumlah pengguna hak pilih dalam Daftar Pemilih Khusus (DPK) | D25: LK | E25: 0 | F25: 0 | G25: 0 | H25: 3 | I25: 1 | J25: 2 | K25: 2 | L25: 0 | M25: 0 | N25: 0 | O25: 1 | P25: 1 | Q25: 2 | R25: 0 | S25: 0 | T25: 0 | U25: 0 | V25: 1 | W25: 0 | X25: 1 | Y25: 0 | Z25: 1 | AA25: 0 | AB25: =SUM(E25:AA25) -> 15
D26: PR | E26: 2 | F26: 0 | G26: 2 | H26: 1 | I26: 0 | J26: 0 | K26: 3 | L26: 1 | M26: 0 | N26: 0 | O26: 1 | P26: 0 | Q26: 0 | R26: 2 | S26: 0 | T26: 0 | U26: 1 | V26: 3 | W26: 0 | X26: 0 | Y26: 0 | Z26: 0 | AA26: 0 | AB26: =SUM(E26:AA26) -> 16
D27: JML | E27: =SUM(E25:E26) -> 2 | F27: =SUM(F25:F26) -> 0 | G27: =SUM(G25:G26) -> 2 | H27: =SUM(H25:H26) -> 4 | I27: =SUM(I25:I26) -> 1 | J27: =SUM(J25:J26) -> 2 | K27: =SUM(K25:K26) -> 5 | L27: =SUM(L25:L26) -> 1 | ... AA27: =SUM(AA25:AA26) -> 0 | AB27: =SUM(E27:AA27) -> 31
B28: 4. | C28: Jumlah Pengguna Hak Pilih (B.1+B.2+B.3) | D28: LK | E28: =SUM(E19,E22,E25) -> 105 | F28: =SUM(F19,F22,F25) -> 102 | G28: =SUM(G19,G22,G25) -> 111 | H28: =SUM(H19,H22,H25) -> 110 | I28: =SUM(I19,I22,I25) -> 109 | J28: =SUM(J19,J22,J25) -> 93 | K28: =SUM(K19,K22,K25) -> 97 | L28: =SUM(L19,L22,L25) -> 80 | ... AA28: =SUM(AA19,AA22,AA25) -> 116 | AB28: =SUM(E28:AA28) -> 2338
D29: PR | E29: =SUM(E20,E23,E26) -> 118 | F29: =SUM(F20,F23,F26) -> 115 | G29: =SUM(G20,G23,G26) -> 118 | H29: =SUM(H20,H23,H26) -> 107 | I29: =SUM(I20,I23,I26) -> 119 | J29: =SUM(J20,J23,J26) -> 101 | K29: =SUM(K20,K23,K26) -> 98 | L29: =SUM(L20,L23,L26) -> 88 | ... AA29: =SUM(AA20,AA23,AA26) -> 112 | AB29: =SUM(E29:AA29) -> 2442
D30: JML | E30: =SUM(E28:E29) -> 223 | F30: =SUM(F28:F29) -> 217 | G30: =SUM(G28:G29) -> 229 | H30: =SUM(H28:H29) -> 217 | I30: =SUM(I28:I29) -> 228 | J30: =SUM(J28:J29) -> 194 | K30: =SUM(K28:K29) -> 195 | L30: =SUM(L28:L29) -> 168 | ... AA30: =SUM(AA28:AA29) -> 228 | AB30: =SUM(E30:AA30) -> 4780
A32: II | B32: DATA PENGGUNAAN SURAT SUARA
A33: 1 | B33: Jumlah surat suara yang diterima, termasuk surat suara cadangan 2,5% dari DPT | E33: 287 | F33: 271 | G33: 288 | H33: 280 | I33: 285 | J33: 239 | K33: 235 | L33: 217 | M33: 283 | N33: 290 | O33: 183 | P33: 191 | Q33: 259 | R33: 233 | S33: 286 | T33: 203 | U33: 282 | V33: 284 | W33: 271 | X33: 289 | Y33: 248 | Z33: 299 | AA33: 289 | AB33: =SUM(E33:AA33) -> 5992
A34: 2 | B34: Jumlah surat suara yang digunakan | E34: 223 | F34: 217 | G34: 229 | H34: 217 | I34: 228 | J34: 194 | K34: 195 | L34: 168 | M34: 211 | N34: 250 | O34: 154 | P34: 156 | Q34: 195 | R34: 189 | S34: 232 | T34: 152 | U34: 232 | V34: 226 | W34: 227 | X34: 237 | Y34: 199 | Z34: 221 | AA34: 228 | AB34: =SUM(E34:AA34) -> 4780
A35: 3 | B35: Jumlah surat suara dikembalikan oleh pemilih (karena rusak atau keliru coblos) | E35: 0 | F35: 1 | G35: 1 | H35: 3 | I35: 1 | J35: 1 | K35: 0 | L35: 2 | M35: 0 | N35: 2 | O35: 0 | P35: 1 | Q35: 0 | R35: 0 | S35: 0 | T35: 0 | U35: 0 | V35: 2 | W35: 0 | X35: 1 | Y35: 3 | Z35: 1 | AA35: 0 | AB35: =SUM(E35:AA35) -> 19
A36: 4 | B36: Jumlah surat suara yang tidak digunakan/tidak terpakai, termasuk sisa surat suara cadangan | E36: =E33-(E34+E35) -> 64 | F36: =F33-(F34+F35) -> 53 | G36: =G33-(G34+G35) -> 58 | H36: =H33-(H34+H35) -> 60 | I36: =I33-(I34+I35) -> 56 | J36: =J33-(J34+J35) -> 44 | K36: =K33-(K34+K35) -> 40 | L36: =L33-(L34+L35) -> 47 | ... AA36: =AA33-(AA34+AA35) -> 61 | AB36: =SUM(E36:AA36) -> 1193
A38: III | B38: DATA PEMILIH DISABILITAS
B39: Jumlah seluruh Pemilih disabilitas yang menggunakan hak pilih | D39: LK | I39: 1 | S39: 1 | AB39: =SUM(E39:AA39) -> 2
D40: PR | I40: 1 | L40: 1 | T40: 1 | AB40: =SUM(E40:AA40) -> 3
D41: JML | E41: =SUM(E39:E40) -> 0 | F41: =SUM(F39:F40) -> 0 | G41: =SUM(G39:G40) -> 0 | H41: =SUM(H39:H40) -> 0 | I41: =SUM(I39:I40) -> 2 | J41: =SUM(J39:J40) -> 0 | K41: =SUM(K39:K40) -> 0 | L41: =SUM(L39:L40) -> 1 | ... AA41: =SUM(AA39:AA40) -> 0 | AB41: =SUM(E41:AA41) -> 5
A43: IV | B43: DATA RINCIAN PEROLEHAN SUARA PASANGAN CALON BUPATI DAN WAKIL BUPATI
A44: NOMOR DAN NAMA CALON
A45: A.1 | B45: 1. | C45: Partai Kebangkitan Bangsa | E45: 5 | F45: 8 | G45: 2 | H45: 8 | I45: 1 | J45: 10 | K45: 3 | L45: 4 | M45: 8 | N45: 3 | O45: 4 | P45: 3 | Q45: 8 | R45: 1 | S45: 3 | T45: 3 | U45: 1 | V45: 4 | W45: 3 | X45: 8 | Y45: 5 | Z45: 2 | AA45: 3 | AB45: =SUM(E45:AA45) -> 100
A46: A.2 | B46: 1 | C46: 1. Dr. Hj. NIHAYATUL WAFIROH, M.A. | E46: 59 | F46: 80 | G46: 30 | H46: 44 | I46: 9 | J46: 36 | K46: 24 | L46: 26 | M46: 23 | N46: 19 | O46: 22 | P46: 30 | Q46: 12 | R46: 37 | S46: 24 | T46: 12 | U46: 10 | V46: 5 | W46: 9 | X46: 12 | Y46: 5 | Z46: 10 | AA46: 14 | AB46: =SUM(E46:AA46) -> 552
B47: 2 | C47: 2. H. M. NASIM KHAN | E47: 2 | F47: 0 | G47: 0 | H47: 2 | I47: 0 | J47: 0 | K47: 2 | L47: 3 | M47: 0 | N47: 1 | O47: 3 | P47: 1 | Q47: 0 | R47: 0 | S47: 3 | T47: 0 | U47: 0 | V47: 0 | W47: 1 | X47: 0 | Y47: 2 | Z47: 0 | AA47: 2 | AB47: =SUM(E47:AA47) -> 22
B48: 3 | C48: 3. Dr. H. AKIK ZAMAN, M.Pd.I. | E48: 4 | F48: 0 | G48: 0 | H48: 0 | I48: 2 | J48: 2 | K48: 0 | L48: 0 | M48: 0 | N48: 0 | O48: 0 | P48: 0 | Q48: 0 | R48: 1 | S48: 0 | T48: 0 | U48: 0 | V48: 0 | W48: 2 | X48: 0 | Y48: 0 | Z48: 0 | AA48: 1 | AB48: =SUM(E48:AA48) -> 12
B49: 4 | C49: 4. AHMAD RIFA'I, S.H. | E49: 2 | F49: 1 | G49: 0 | H49: 0 | I49: 1 | J49: 0 | K49: 0 | L49: 0 | M49: 0 | N49: 2 | O49: 1 | P49: 0 | Q49: 0 | R49: 0 | S49: 0 | T49: 0 | U49: 2 | V49: 0 | W49: 0 | X49: 0 | Y49: 0 | Z49: 1 | AA49: 0 | AB49: =SUM(E49:AA49) -> 10
B50: 5 | C50: 5. Drs. H. MAHFUD M.N. | E50: 0 | F50: 0 | G50: 0 | H50: 1 | I50: 0 | J50: 0 | K50: 1 | L50: 1 | M50: 2 | N50: 2 | O50: 0 | P50: 0 | Q50: 1 | R50: 1 | S50: 1 | T50: 0 | U50: 1 | V50: 1 | W50: 1 | X50: 1 | Y50: 1 | Z50: 0 | AA50: 0 | AB50: =SUM(E50:AA50) -> 15
B51: 6 | C51: 6. NURHAYATI, S.Pd. | E51: 1 | F51: 1 | G51: 1 | H51: 0 | I51: 0 | J51: 0 | K51: 0 | L51: 1 | M51: 1 | N51: 0 | O51: 0 | P51: 0 | Q51: 1 | R51: 0 | S51: 1 | T51: 0 | U51: 0 | V51: 0 | W51: 0 | X51: 0 | Y51: 0 | Z51: 0 | AA51: 0 | AB51: =SUM(E51:AA51) -> 7
B52: 7 | C52: 7. MAFTUHA KISWAH | E52: 1 | F52: 0 | G52: 0 | H52: 2 | I52: 0 | J52: 0 | K52: 0 | L52: 2 | M52: 0 | N52: 0 | O52: 0 | P52: 0 | Q52: 0 | R52: 0 | S52: 0 | T52: 0 | U52: 1 | V52: 0 | W52: 2 | X52: 1 | Y52: 0 | Z52: 0 | AA52: 0 | AB52: =SUM(E52:AA52) -> 9
AB53: =SUM(E53:AA53) -> 0
AB54: =SUM(E54:AA54) -> 0
A55: B | B55: JUMLAH SUARA SAH PARTAI POLITIK DAN CALON (A1 + A2) | E55: =SUM(E45:E54) -> 74 | F55: =SUM(F45:F54) -> 90 | G55: =SUM(G45:G54) -> 33 | H55: =SUM(H45:H54) -> 57 | I55: =SUM(I45:I54) -> 13 | J55: =SUM(J45:J54) -> 48 | K55: =SUM(K45:K54) -> 30 | L55: =SUM(L45:L54) -> 37 | ... AB55: =SUM(AB45:AB54) -> 727
A57: A.1 | B57: 2. | C57: Partai Gerakan Indonesia Raya | E57: 3 | F57: 3 | G57: 4 | H57: 2 | I57: 12 | J57: 5 | K57: 7 | L57: 4 | M57: 6 | N57: 8 | O57: 1 | P57: 4 | Q57: 8 | R57: 6 | S57: 2 | T57: 4 | U57: 4 | V57: 4 | W57: 9 | X57: 17 | Y57: 14 | Z57: 6 | AA57: 8 | AB57: =SUM(E57:AA57) -> 141
A58: A.2 | B58: 1 | C58: 1. SUMAIL ABDULLAH | E58: 8 | F58: 4 | G58: 8 | H58: 2 | I58: 4 | J58: 5 | K58: 1 | L58: 0 | M58: 2 | N58: 7 | O58: 3 | P58: 0 | Q58: 4 | R58: 4 | S58: 6 | T58: 5 | U58: 5 | V58: 1 | W58: 9 | X58: 8 | Y58: 5 | Z58: 7 | AA58: 8 | AB58: =SUM(E58:AA58) -> 106
B59: 2 | C59: 2. MUHAMMAD ALI ADRIAN SALEH | E59: 30 | F59: 12 | G59: 16 | H59: 12 | I59: 50 | J59: 36 | K59: 29 | L59: 9 | M59: 14 | N59: 39 | O59: 18 | P59: 11 | Q59: 2 | R59: 3 | S59: 1 | T59: 9 | U59: 17 | V59: 3 | W59: 6 | X59: 10 | Y59: 6 | Z59: 4 | AA59: 2 | AB59: =SUM(E59:AA59) -> 339
B60: 3 | C60: 3. DURROTUN NAFISAH | E60: 2 | F60: 1 | G60: 2 | H60: 0 | I60: 0 | J60: 1 | K60: 0 | L60: 1 | M60: 0 | N60: 0 | O60: 0 | P60: 0 | Q60: 1 | R60: 0 | S60: 1 | T60: 1 | U60: 0 | V60: 0 | W60: 0 | X60: 0 | Y60: 0 | Z60: 1 | AA60: 2 | AB60: =SUM(E60:AA60) -> 13
B61: 4 | C61: 4. H. EKO SUSILO NURHIDAYAT | E61: 4 | F61: 2 | G61: 2 | H61: 3 | I61: 0 | J61: 1 | K61: 1 | L61: 1 | M61: 2 | N61: 1 | O61: 0 | P61: 0 | Q61: 4 | R61: 0 | S61: 4 | T61: 1 | U61: 2 | V61: 0 | W61: 2 | X61: 3 | Y61: 1 | Z61: 1 | AA61: 2 | AB61: =SUM(E61:AA61) -> 37
B62: 5 | C62: 5. KARNADI HARIJANTO, S.S. | E62: 0 | F62: 1 | G62: 1 | H62: 1 | I62: 1 | J62: 0 | K62: 1 | L62: 0 | M62: 0 | N62: 0 | O62: 0 | P62: 0 | Q62: 0 | R62: 0 | S62: 0 | T62: 0 | U62: 0 | V62: 1 | W62: 0 | X62: 2 | Y62: 1 | Z62: 1 | AA62: 0 | AB62: =SUM(E62:AA62) -> 10
B63: 6 | C63: 6. NURHAYATI | E63: 1 | F63: 2 | G63: 0 | H63: 1 | I63: 0 | J63: 1 | K63: 1 | L63: 2 | M63: 3 | N63: 4 | O63: 0 | P63: 0 | Q63: 3 | R63: 4 | S63: 0 | T63: 1 | U63: 0 | V63: 4 | W63: 1 | X63: 0 | Y63: 1 | Z63: 1 | AA63: 1 | AB63: =SUM(E63:AA63) -> 31
B64: 7 | C64: 7. MASHUDI | E64: 1 | F64: 0 | G64: 0 | H64: 0 | I64: 3 | J64: 0 | K64: 1 | L64: 1 | M64: 3 | N64: 0 | O64: 0 | P64: 0 | Q64: 0 | R64: 1 | S64: 1 | T64: 0 | U64: 1 | V64: 0 | W64: 1 | X64: 0 | Y64: 1 | Z64: 1 | AA64: 0 | AB64: =SUM(E64:AA64) -> 15
AB65: =SUM(E65:AA65) -> 0
AB66: =SUM(E66:AA66) -> 0
A67: B | B67: JUMLAH SUARA SAH PARTAI POLITIK DAN CALON (A1 + A2) | E67: =SUM(E57:E66) -> 49 | F67: =SUM(F57:F66) -> 25 | G67: =SUM(G57:G66) -> 33 | H67: =SUM(H57:H66) -> 21 | I67: =SUM(I57:I66) -> 70 | J67: =SUM(J57:J66) -> 49 | K67: =SUM(K57:K66) -> 41 | L67: =SUM(L57:L66) -> 18 | ... AB67: =SUM(AB57:AB66) -> 692
A69: A.1 | B69: 3. | C69: Partai Demokrasi Indonesia Perjuangan | E69: 9 | F69: 7 | G69: 16 | H69: 5 | I69: 16 | J69: 5 | K69: 5 | L69: 9 | M69: 4 | N69: 9 | O69: 4 | P69: 1 | Q69: 8 | R69: 6 | S69: 3 | T69: 5 | U69: 8 | V69: 16 | W69: 10 | X69: 27 | Y69: 34 | Z69: 6 | AA69: 8 | AB69: =SUM(E69:AA69) -> 221
A70: A.2 | B70: 1 | C70: 1. SONNY TRI DANAPARAMITA, S.H., M.H. | E70: 2 | F70: 4 | G70: 3 | H70: 9 | I70: 6 | J70: 1 | K70: 5 | L70: 20 | M70: 8 | N70: 10 | O70: 2 | P70: 3 | Q70: 52 | R70: 24 | S70: 3 | T70: 3 | U70: 16 | V70: 14 | W70: 16 | X70: 14 | Y70: 12 | Z70: 12 | AA70: 17 | AB70: =SUM(E70:AA70) -> 256
B71: 2 | C71: 2. H. MOHAMAD GUNTUR ROMLI | E71: 3 | F71: 7 | G71: 1 | H71: 1 | I71: 2 | J71: 2 | K71: 1 | L71: 7 | M71: 3 | N71: 3 | O71: 2 | P71: 5 | Q71: 1 | R71: 0 | S71: 1 | T71: 4 | U71: 4 | V71: 47 | W71: 52 | X71: 38 | Y71: 23 | Z71: 29 | AA71: 36 | AB71: =SUM(E71:AA71) -> 272
B72: 3 | C72: 3. INA AMMANIA | E72: 4 | F72: 8 | G72: 41 | H72: 2 | I72: 2 | J72: 6 | K72: 0 | L72: 4 | M72: 2 | N72: 4 | O72: 3 | P72: 2 | Q72: 0 | R72: 0 | S72: 0 | T72: 2 | U72: 1 | V72: 4 | W72: 0 | X72: 3 | Y72: 3 | Z72: 3 | AA72: 5 | AB72: =SUM(E72:AA72) -> 99
B73: 4 | C73: 4. IRWAN BACHTIAR RACHMAT, M.Si. | E73: 1 | F73: 3 | G73: 1 | H73: 1 | I73: 0 | J73: 0 | K73: 0 | L73: 1 | M73: 1 | N73: 4 | O73: 0 | P73: 1 | Q73: 0 | R73: 2 | S73: 2 | T73: 0 | U73: 1 | V73: 2 | W73: 2 | X73: 2 | Y73: 1 | Z73: 2 | AA73: 0 | AB73: =SUM(E73:AA73) -> 27
B74: 5 | C74: 5. LUCKY PERDANA | E74: 3 | F74: 3 | G74: 8 | H74: 6 | I74: 7 | J74: 5 | K74: 3 | L74: 4 | M74: 3 | N74: 6 | O74: 2 | P74: 2 | Q74: 12 | R74: 5 | S74: 8 | T74: 5 | U74: 6 | V74: 18 | W74: 6 | X74: 8 | Y74: 5 | Z74: 3 | AA74: 4 | AB74: =SUM(E74:AA74) -> 132
B75: 6 | C75: 6. WIWIK PUJIYATI | E75: 0 | F75: 3 | G75: 1 | H75: 2 | I75: 1 | J75: 1 | K75: 0 | L75: 3 | M75: 1 | N75: 1 | O75: 1 | P75: 0 | Q75: 4 | R75: 2 | S75: 1 | T75: 1 | U75: 0 | V75: 2 | W75: 1 | X75: 0 | Y75: 3 | Z75: 1 | AA75: 5 | AB75: =SUM(E75:AA75) -> 34
B76: 7 | C76: 7. CHANDRA ASTAN, S.T. | E76: 8 | F76: 10 | G76: 10 | H76: 17 | I76: 41 | J76: 12 | K76: 22 | L76: 19 | M76: 6 | N76: 16 | O76: 2 | P76: 10 | Q76: 4 | R76: 7 | S76: 6 | T76: 7 | U76: 6 | V76: 11 | W76: 3 | X76: 6 | Y76: 9 | Z76: 0 | AA76: 2 | AB76: =SUM(E76:AA76) -> 234
AB77: =SUM(E77:AA77) -> 0
AB78: =SUM(E78:AA78) -> 0
A79: B | B79: JUMLAH SUARA SAH PARTAI POLITIK DAN CALON (A1 + A2) | E79: =SUM(E69:E78) -> 30 | F79: =SUM(F69:F78) -> 45 | G79: =SUM(G69:G78) -> 81 | H79: =SUM(H69:H78) -> 43 | I79: =SUM(I69:I78) -> 75 | J79: =SUM(J69:J78) -> 32 | K79: =SUM(K69:K78) -> 36 | L79: =SUM(L69:L78) -> 67 | ... AB79: =SUM(AB69:AB78) -> 1275
A81: A.1 | B81: 4. | C81: Partai Golongan Karya | E81: 1 | F81: 0 | G81: 1 | H81: 2 | I81: 1 | J81: 2 | K81: 2 | L81: 0 | M81: 2 | N81: 1 | O81: 0 | P81: 6 | Q81: 2 | R81: 3 | S81: 1 | T81: 3 | U81: 4 | V81: 2 | W81: 4 | X81: 4 | Y81: 3 | Z81: 3 | AA81: 1 | AB81: =SUM(E81:AA81) -> 48
A82: A.2 | B82: 1 | C82: 1. ZULFIKAR ARSE SADIKIN, S.I.P., M.Si. | E82: 1 | F82: 2 | G82: 3 | H82: 1 | I82: 0 | J82: 2 | K82: 2 | L82: 0 | M82: 0 | N82: 2 | O82: 5 | P82: 2 | Q82: 4 | R82: 27 | S82: 8 | T82: 11 | U82: 43 | V82: 1 | W82: 12 | X82: 31 | Y82: 7 | Z82: 8 | AA82: 8 | AB82: =SUM(E82:AA82) -> 180
B83: 2 | C83: 2. HANDOKO | E83: 3 | F83: 0 | G83: 0 | H83: 0 | I83: 0 | J83: 7 | K83: 7 | L83: 2 | M83: 4 | N83: 2 | O83: 5 | P83: 4 | Q83: 4 | R83: 6 | S83: 3 | T83: 5 | U83: 0 | V83: 3 | W83: 2 | X83: 3 | Y83: 2 | Z83: 3 | AA83: 5 | AB83: =SUM(E83:AA83) -> 70
B84: 3 | C84: 3. Hj. OVI DEWI YANTI | E84: 0 | F84: 0 | G84: 0 | H84: 0 | I84: 1 | J84: 0 | K84: 0 | L84: 0 | M84: 1 | N84: 0 | O84: 1 | P84: 1 | Q84: 0 | R84: 0 | S84: 0 | T84: 0 | U84: 0 | V84: 0 | W84: 0 | X84: 0 | Y84: 0 | Z84: 0 | AA84: 0 | AB84: =SUM(E84:AA84) -> 4
B85: 4 | C85: 4. Ir. AZAM AZMAN NATAWIJANA | E85: 0 | F85: 0 | G85: 0 | H85: 1 | I85: 0 | J85: 0 | K85: 3 | L85: 0 | M85: 0 | N85: 1 | O85: 37 | P85: 52 | Q85: 2 | R85: 0 | S85: 0 | T85: 1 | U85: 1 | V85: 0 | W85: 0 | X85: 1 | Y85: 0 | Z85: 0 | AA85: 0 | AB85: =SUM(E85:AA85) -> 99
B86: 5 | C86: 5. UBAIDILLAH AMIN, S.Kom. | E86: 0 | F86: 0 | G86: 2 | H86: 0 | I86: 2 | J86: 0 | K86: 0 | L86: 0 | M86: 0 | N86: 1 | O86: 0 | P86: 0 | Q86: 0 | R86: 0 | S86: 0 | T86: 0 | U86: 0 | V86: 0 | W86: 0 | X86: 0 | Y86: 4 | Z86: 7 | AA86: 0 | AB86: =SUM(E86:AA86) -> 16
B87: 6 | C87: 6. DENNY YUNIANDARI, S.H., M.Kn. | E87: 0 | F87: 0 | G87: 0 | H87: 1 | I87: 0 | J87: 0 | K87: 0 | L87: 0 | M87: 0 | N87: 1 | O87: 1 | P87: 0 | Q87: 0 | R87: 0 | S87: 2 | T87: 0 | U87: 0 | V87: 1 | W87: 0 | X87: 0 | Y87: 0 | Z87: 0 | AA87: 0 | AB87: =SUM(E87:AA87) -> 6
B88: 7 | C88: 7. ERNADI, S.H.I. | E88: 0 | F88: 1 | G88: 0 | H88: 0 | I88: 0 | J88: 0 | K88: 0 | L88: 0 | M88: 0 | N88: 0 | O88: 0 | P88: 0 | Q88: 0 | R88: 0 | S88: 0 | T88: 0 | U88: 0 | V88: 0 | W88: 0 | X88: 0 | Y88: 1 | Z88: 0 | AA88: 1 | AB88: =SUM(E88:AA88) -> 3
AB89: =SUM(E89:AA89) -> 0
AB90: =SUM(E90:AA90) -> 0
A91: B | B91: JUMLAH SUARA SAH PARTAI POLITIK DAN CALON (A1 + A2) | E91: =SUM(E81:E90) -> 5 | F91: =SUM(F81:F90) -> 3 | G91: =SUM(G81:G90) -> 6 | H91: =SUM(H81:H90) -> 5 | I91: =SUM(I81:I90) -> 4 | J91: =SUM(J81:J90) -> 11 | K91: =SUM(K81:K90) -> 14 | L91: =SUM(L81:L90) -> 2 | ... AB91: =SUM(AB81:AB90) -> 426
A93: A.1 | B93: 5. | C93: Partai NasDem | E93: 0 | F93: 1 | G93: 1 | H93: 0 | I93: 2 | J93: 3 | K93: 1 | L93: 0 | M93: 1 | N93: 0 | O93: 1 | P93: 0 | Q93: 0 | R93: 0 | S93: 2 | T93: 2 | U93: 1 | V93: 0 | W93: 0 | X93: 4 | Y93: 0 | Z93: 0 | AA93: 0 | AB93: =SUM(E93:AA93) -> 19
A94: A.2 | B94: 1 | C94: 1. ACH. FADIL MUZAKKI SYAH | E94: 1 | F94: 0 | G94: 0 | H94: 0 | I94: 0 | J94: 0 | K94: 0 | L94: 0 | M94: 0 | N94: 0 | O94: 0 | P94: 0 | Q94: 0 | R94: 0 | S94: 0 | T94: 1 | U94: 0 | V94: 0 | W94: 1 | X94: 1 | Y94: 0 | Z94: 0 | AA94: 0 | AB94: =SUM(E94:AA94) -> 4
B95: 2 | C95: 2. BENY | E95: 0 | F95: 0 | G95: 3 | H95: 1 | I95: 1 | J95: 1 | K95: 0 | L95: 0 | M95: 0 | N95: 0 | O95: 0 | P95: 0 | Q95: 0 | R95: 0 | S95: 2 | T95: 3 | U95: 13 | V95: 13 | W95: 0 | X95: 0 | Y95: 0 | Z95: 0 | AA95: 0 | AB95: =SUM(E95:AA95) -> 37
B96: 3 | C96: 3. VINA VERONIKA | E96: 0 | F96: 0 | G96: 0 | H96: 0 | I96: 1 | J96: 0 | K96: 1 | L96: 0 | M96: 0 | N96: 0 | O96: 0 | P96: 0 | Q96: 0 | R96: 0 | S96: 0 | T96: 1 | U96: 0 | V96: 1 | W96: 0 | X96: 0 | Y96: 0 | Z96: 0 | AA96: 0 | AB96: =SUM(E96:AA96) -> 4
B97: 4 | C97: 4. TEDDY ANUGRIANTO | E97: 0 | F97: 0 | G97: 1 | H97: 0 | I97: 2 | J97: 0 | K97: 1 | L97: 0 | M97: 0 | N97: 2 | O97: 2 | P97: 0 | Q97: 0 | R97: 1 | S97: 0 | T97: 1 | U97: 0 | V97: 0 | W97: 0 | X97: 0 | Y97: 0 | Z97: 2 | AA97: 0 | AB97: =SUM(E97:AA97) -> 12
B98: 5 | C98: 5. INSAN KAMIL | E98: 0 | F98: 0 | G98: 0 | H98: 0 | I98: 0 | J98: 0 | K98: 0 | L98: 0 | M98: 0 | N98: 0 | O98: 0 | P98: 0 | Q98: 1 | R98: 0 | S98: 0 | T98: 0 | U98: 0 | V98: 0 | W98: 0 | X98: 0 | Y98: 0 | Z98: 0 | AA98: 0 | AB98: =SUM(E98:AA98) -> 1
B99: 6 | C99: 6. LILIK LINDARWATI | E99: 0 | F99: 0 | G99: 0 | H99: 0 | I99: 0 | J99: 0 | K99: 0 | L99: 0 | M99: 0 | N99: 0 | O99: 0 | P99: 0 | Q99: 0 | R99: 0 | S99: 0 | T99: 0 | U99: 0 | V99: 0 | W99: 0 | X99: 0 | Y99: 0 | Z99: 0 | AA99: 0 | AB99: =SUM(E99:AA99) -> 0
B100: 7 | C100: 7. YULI ANITA | E100: 0 | F100: 0 | G100: 0 | H100: 0 | I100: 0 | J100: 0 | K100: 0 | L100: 0 | M100: 0 | N100: 1 | O100: 0 | P100: 0 | Q100: 0 | R100: 0 | S100: 0 | T100: 0 | U100: 0 | V100: 0 | W100: 0 | X100: 0 | Y100: 0 | Z100: 0 | AA100: 0 | AB100: =SUM(E100:AA100) -> 1
AB101: =SUM(E101:AA101) -> 0
AB102: =SUM(E102:AA102) -> 0
A103: B | B103: JUMLAH SUARA SAH PARTAI POLITIK DAN CALON (A1 + A2) | E103: =SUM(E93:E102) -> 1 | F103: =SUM(F93:F102) -> 1 | G103: =SUM(G93:G102) -> 5 | H103: =SUM(H93:H102) -> 1 | I103: =SUM(I93:I102) -> 6 | J103: =SUM(J93:J102) -> 4 | K103: =SUM(K93:K102) -> 3 | L103: =SUM(L93:L102) -> 0 | ... AB103: =SUM(AB93:AB102) -> 78
A105: A.1 | B105: 6. | C105: Partai Buruh | E105: 2 | F105: 0 | G105: 0 | H105: 2 | I105: 0 | J105: 0 | K105: 0 | L105: 0 | M105: 0 | N105: 0 | O105: 0 | P105: 0 | Q105: 0 | R105: 0 | S105: 0 | T105: 0 | U105: 1 | V105: 0 | W105: 0 | X105: 0 | Y105: 1 | Z105: 0 | AA105: 0 | AB105: =SUM(E105:AA105) -> 6
A106: A.2 | B106: 1 | C106: 1. KHOIRUL ANAM | E106: 0 | F106: 0 | G106: 0 | H106: 0 | I106: 0 | J106: 0 | K106: 0 | L106: 0 | M106: 0 | N106: 0 | O106: 1 | P106: 0 | Q106: 0 | R106: 0 | S106: 2 | T106: 0 | U106: 2 | V106: 0 | W106: 0 | X106: 0 | Y106: 0 | Z106: 0 | AA106: 1 | AB106: =SUM(E106:AA106) -> 6
B107: 2 | C107: 2. INA KURNIA | E107: 0 | F107: 0 | G107: 0 | H107: 0 | I107: 0 | J107: 0 | K107: 0 | L107: 0 | M107: 0 | N107: 3 | O107: 0 | P107: 0 | Q107: 0 | R107: 0 | S107: 0 | T107: 1 | U107: 0 | V107: 0 | W107: 0 | X107: 0 | Y107: 0 | Z107: 0 | AA107: 0 | AB107: =SUM(E107:AA107) -> 4
B108: 3 | C108: 3. JIBRAL TAROUK | E108: 0 | F108: 0 | G108: 0 | H108: 0 | I108: 0 | J108: 0 | K108: 0 | L108: 0 | M108: 0 | N108: 0 | O108: 0 | P108: 0 | Q108: 0 | R108: 0 | S108: 0 | T108: 0 | U108: 0 | V108: 0 | W108: 0 | X108: 0 | Y108: 0 | Z108: 0 | AA108: 0 | AB108: =SUM(E108:AA108) -> 0
B109: 4 | C109: 4. ASTUTI DAENG PUJI | E109: 0 | F109: 0 | G109: 0 | H109: 0 | I109: 0 | J109: 0 | K109: 1 | L109: 0 | M109: 0 | N109: 0 | O109: 0 | P109: 0 | Q109: 0 | R109: 0 | S109: 0 | T109: 0 | U109: 0 | V109: 0 | W109: 0 | X109: 0 | Y109: 0 | Z109: 0 | AA109: 0 | AB109: =SUM(E109:AA109) -> 1
B110: 5 | C110: 5. ASDARMAWAN | E110: 0 | F110: 0 | G110: 0 | H110: 0 | I110: 0 | J110: 0 | K110: 0 | L110: 0 | M110: 0 | N110: 0 | O110: 0 | P110: 0 | Q110: 0 | R110: 0 | S110: 0 | T110: 0 | U110: 0 | V110: 0 | W110: 0 | X110: 0 | Y110: 0 | Z110: 0 | AA110: 0 | AB110: =SUM(E110:AA110) -> 0
B111: 6 | C111: 6. RIFQI MUBAROK | E111: 0 | F111: 0 | G111: 0 | H111: 0 | I111: 0 | J111: 0 | K111: 0 | L111: 0 | M111: 0 | N111: 0 | O111: 0 | P111: 0 | Q111: 0 | R111: 0 | S111: 0 | T111: 0 | U111: 0 | V111: 0 | W111: 0 | Y111: 0 | Z111: 0 | AA111: 0 | AB111: =SUM(E111:AA111) -> 0
B112: 7 | C112: 7. FIRNANDA ALTA MEGA | E112: 0 | F112: 0 | G112: 1 | H112: 0 | I112: 0 | J112: 0 | K112: 0 | L112: 0 | M112: 0 | N112: 0 | O112: 0 | P112: 0 | Q112: 0 | R112: 0 | S112: 0 | X112: 1 | AB112: =SUM(E112:AA112) -> 2
AB113: =SUM(E113:AA113) -> 0
AB114: =SUM(E114:AA114) -> 0
A115: B | B115: JUMLAH SUARA SAH PARTAI POLITIK DAN CALON (A1 + A2) | E115: =SUM(E105:E114) -> 2 | F115: =SUM(F105:F114) -> 0 | G115: =SUM(G105:G114) -> 1 | H115: =SUM(H105:H114) -> 2 | I115: =SUM(I105:I114) -> 0 | J115: =SUM(J105:J114) -> 0 | K115: =SUM(K105:K114) -> 1 | L115: =SUM(L105:L114) -> 0 | ... AB115: =SUM(AB105:AB114) -> 19
A117: A.1 | B117: 7. | C117: Partai Gelombang Rakyat Indonesia | E117: 0 | F117: 1 | G117: 8 | H117: 2 | I117: 5 | J117: 1 | K117: 4 | L117: 4 | M117: 1 | N117: 2 | O117: 0 | P117: 0 | Q117: 1 | R117: 3 | S117: 2 | T117: 0 | U117: 0 | V117: 1 | W117: 1 | X117: 2 | Y117: 1 | Z117: 0 | AA117: 2 | AB117: =SUM(E117:AA117) -> 41
...

Sheet SILIRAGUNG
C2: Kecamatan | D2: SILIRAGUNG
C3: Kabupaten | D3: BANYUWANGI
C4: Provinsi | D4: JAWA TIMUR
C9: Kelurahan | D9: SILIRAGUNG
A12: I | B12: DATA PEMILIH DAN PENGGUNAAN HAK PILIH | AB12: JUMLAH AKHIR
A13: A | B13: DATA PEMILIH | E13: TPS 001 | F13: TPS 002 | G13: TPS 003 | H13: TPS 004 | I13: TPS 005 | J13: TPS 006 | K13: TPS 007 | L13: TPS 008 | M13: TPS 009 | N13: TPS 010 | O13: TPS 011 | P13: TPS 012 | Q13: TPS 013 | R13: TPS 014 | S13: TPS 015 | T13: TPS 016 | U13: TPS 017 | V13: TPS 018 | W13: TPS 019 | X13: TPS 020 | Y13: TPS 021 | Z13: TPS 022 | AA13: TPS 023
B14: Jumlah Pemilih dalam Daftar Pemilih Tetap (DPT) | D14: LK | E14: 145 | F14: 131 | G14: 134 | H14: 122 | I14: 121 | J14: 109 | K14: 127 | L14: 130 | M14: 140 | N14: 125 | O14: 136 | P14: 142 | Q14: 134 | R14: 131 | S14: 124 | T14: 148 | U14: 136 | V14: 131 | W14: 138 | X14: 139 | Y14: 139 | Z14: 133 | AA14: 136 | AB14: =SUM(E14:AA14) -> 3051
D15: PR | E15: 125 | F15: 123 | G15: 135 | H15: 131 | I15: 133 | J15: 129 | K15: 126 | L15: 137 | M15: 131 | N15: 144 | O15: 134 | P15: 126 | Q15: 133 | R15: 140 | S15: 142 | T15: 125 | U15: 143 | V15: 124 | W15: 145 | X15: 141 | Y15: 137 | Z15: 126 | AA15: 132 | AB15: =SUM(E15:AA15) -> 3062
D16: JML | E16: =SUM(E14:E15) -> 270 | F16: =SUM(F14:F15) -> 254 | G16: =SUM(G14:G15) -> 269 | H16: =SUM(H14:H15) -> 253 | I16: =SUM(I14:I15) -> 254 | J16: =SUM(J14:J15) -> 238 | K16: =SUM(K14:K15) -> 253 | L16: =SUM(L14:L15) -> 267 | ... AA16: =SUM(AA14:AA15) -> 268 | AB16: =SUM(E16:AA16) -> 6113
A18: B | B18: PENGGUNA HAK PILIH
B19: 1. | C19: Jumlah pengguna hak pilih dalam Daftar Pemilih Tetap (DPT) | D19: LK | E19: 109 | F19: 97 | G19: 104 | H19: 86 | I19: 89 | J19: 83 | K19: 89 | L19: 100 | M19: 107 | N19: 93 | O19: 91 | P19: 94 | Q19: 97 | R19: 96 | S19: 88 | T19: 113 | U19: 109 | V19: 90 | W19: 109 | X19: 110 | Y19: 104 | Z19: 94 | AA19: 100 | AB19: =SUM(E19:AA19) -> 2252
D20: PR | E20: 98 | F20: 104 | G20: 107 | H20: 98 | I20: 105 | J20: 108 | K20: 100 | L20: 108 | M20: 104 | N20: 112 | O20: 101 | P20: 87 | Q20: 99 | R20: 109 | S20: 95 | T20: 98 | U20: 120 | V20: 94 | W20: 119 | X20: 122 | Y20: 111 | Z20: 95 | AA20: 99 | AB20: =SUM(E20:AA20) -> 2393
D21: JML | E21: =SUM(E19:E20) -> 207 | F21: =SUM(F19:F20) -> 201 | G21: =SUM(G19:G20) -> 211 | H21: =SUM(H19:H20) -> 184 | I21: =SUM(I19:I20) -> 194 | J21: =SUM(J19:J20) -> 191 | K21: =SUM(K19:K20) -> 189 | L21: =SUM(L19:L20) -> 208 | ... AA21: =SUM(AA19:AA20) -> 199 | AB21: =SUM(E21:AA21) -> 4645
B22: 2. | C22: Jumlah pengguna hak pilih dalam Daftar Pemilih Tambahan (DPTb) | D22: LK | E22: 0 | F22: 0 | G22: 0 | H22: 0 | I22: 0 | J22: 0 | K22: 0 | L22: 0 | M22: 0 | N22: 0 | O22: 0 | P22: 0 | Q22: 0 | R22: 0 | S22: 1 | AB22: =SUM(E22:AA22) -> 1
D23: PR | E23: 0 | F23: 0 | G23: 0 | H23: 0 | I23: 0 | J23: 0 | K23: 0 | L23: 0 | M23: 0 | N23: 0 | O23: 0 | P23: 0 | Q23: 0 | R23: 0 | S23: 0 | AB23: =SUM(E23:AA23) -> 0
D24: JML | E24: =SUM(E22:E23) -> 0 | F24: =SUM(F22:F23) -> 0 | G24: =SUM(G22:G23) -> 0 | H24: =SUM(H22:H23) -> 0 | I24: =SUM(I22:I23) -> 0 | J24: =SUM(J22:J23) -> 0 | K24: =SUM(K22:K23) -> 0 | L24: =SUM(L22:L23) -> 0 | ... AA24: =SUM(AA22:AA23) -> 0 | AB24: =SUM(E24:AA24) -> 1
B25: 3. | C25: Jumlah pengguna hak pilih dalam Daftar Pemilih Khusus (DPK) | D25: LK | E25: 2 | F25: 2 | G25: 4 | H25: 1 | I25: 1 | J25: 6 | K25: 5 | L25: 1 | M25: 0 | N25: 1 | O25: 0 | P25: 4 | Q25: 0 | R25: 3 | S25: 2 | T25: 2 | U25: 4 | V25: 2 | W25: 0 | X25: 0 | Y25: 1 | Z25: 5 | AA25: 1 | AB25: =SUM(E25:AA25) -> 47
D26: PR | E26: 3 | F26: 6 | G26: 6 | H26: 3 | I26: 4 | J26: 4 | K26: 4 | L26: 0 | M26: 5 | N26: 5 | O26: 1 | P26: 9 | Q26: 1 | R26: 2 | S26: 1 | T26: 5 | U26: 3 | V26: 2 | W26: 2 | X26: 2 | Y26: 2 | Z26: 3 | AA26: 2 | AB26: =SUM(E26:AA26) -> 75
D27: JML | E27: =SUM(E25:E26) -> 5 | F27: =SUM(F25:F26) -> 8 | G27: =SUM(G25:G26) -> 10 | H27: =SUM(H25:H26) -> 4 | I27: =SUM(I25:I26) -> 5 | J27: =SUM(J25:J26) -> 10 | K27: =SUM(K25:K26) -> 9 | L27: =SUM(L25:L26) -> 1 | ... AA27: =SUM(AA25:AA26) -> 3 | AB27: =SUM(E27:AA27) -> 122
B28: 4. | C28: Jumlah Pengguna Hak Pilih (B.1+B.2+B.3) | D28: LK | E28: =SUM(E19,E22,E25) -> 111 | F28: =SUM(F19,F22,F25) -> 99 | G28: =SUM(G19,G22,G25) -> 108 | H28: =SUM(H19,H22,H25) -> 87 | I28: =SUM(I19,I22,I25) -> 90 | J28: =SUM(J19,J22,J25) -> 89 | K28: =SUM(K19,K22,K25) -> 94 | L28: =SUM(L19,L22,L25) -> 101 | ... AA28: =SUM(AA19,AA22,AA25) -> 101 | AB28: =SUM(E28:AA28) -> 2300
D29: PR | E29: =SUM(E20,E23,E26) -> 101 | F29: =SUM(F20,F23,F26) -> 110 | G29: =SUM(G20,G23,G26) -> 113 | H29: =SUM(H20,H23,H26) -> 101 | I29: =SUM(I20,I23,I26) -> 109 | J29: =SUM(J20,J23,J26) -> 112 | K29: =SUM(K20,K23,K26) -> 104 | L29: =SUM(L20,L23,L26) -> 108 | ... AA29: =SUM(AA20,AA23,AA26) -> 101 | AB29: =SUM(E29:AA29) -> 2468
D30: JML | E30: =SUM(E28:E29) -> 212 | F30: =SUM(F28:F29) -> 209 | G30: =SUM(G28:G29) -> 221 | H30: =SUM(H28:H29) -> 188 | I30: =SUM(I28:I29) -> 199 | J30: =SUM(J28:J29) -> 201 | K30: =SUM(K28:K29) -> 198 | L30: =SUM(L28:L29) -> 209 | ... AA30: =SUM(AA28:AA29) -> 202 | AB30: =SUM(E30:AA30) -> 4768
A32: II | B32: DATA PENGGUNAAN SURAT SUARA
A33: 1 | B33: Jumlah surat suara yang diterima, termasuk surat suara cadangan 2,5% dari DPT | E33: 266 | F33: 260 | G33: 275 | H33: 259 | I33: 260 | J33: 243 | K33: 259 | L33: 273 | M33: 276 | N33: 275 | O33: 276 | P33: 274 | Q33: 273 | R33: 277 | S33: 272 | T33: 279 | U33: 285 | V33: 261 | W33: 291 | X33: 286 | Y33: 282 | Z33: 265 | AA33: 264 | AB33: =SUM(E33:AA33) -> 6231
A34: 2 | B34: Jumlah surat suara yang digunakan | E34: 212 | F34: 209 | G34: 221 | H34: 188 | I34: 199 | J34: 201 | K34: 198 | L34: 209 | M34: 216 | N34: 211 | O34: 193 | P34: 194 | Q34: 197 | R34: 210 | S34: 187 | T34: 218 | U34: 236 | V34: 188 | W34: 230 | X34: 234 | Y34: 218 | Z34: 197 | AA34: 202 | AB34: =SUM(E34:AA34) -> 4768
A35: 3 | B35: Jumlah surat suara dikembalikan oleh pemilih (karena rusak atau keliru coblos) | E35: 0 | F35: 0 | G35: 0 | H35: 0 | I35: 0 | J35: 0 | K35: 0 | L35: 0 | M35: 0 | N35: 1 | O35: 1 | P35: 3 | Q35: 0 | R35: 0 | S35: 1 | AB35: =SUM(E35:AA35) -> 6
A36: 4 | B36: Jumlah surat suara yang tidak digunakan/tidak terpakai, termasuk sisa surat suara cadangan | E36: =E33-(E34+E35) -> 54 | F36: =F33-(F34+F35) -> 51 | G36: =G33-(G34+G35) -> 54 | H36: =H33-(H34+H35) -> 71 | I36: =I33-(I34+I35) -> 61 | J36: =J33-(J34+J35) -> 42 | K36: =K33-(K34+K35) -> 61 | L36: =L33-(L34+L35) -> 64 | ... AA36: =AA33-(AA34+AA35) -> 62 | AB36: =SUM(E36:AA36) -> 1457
A38: III | B38: DATA PEMILIH DISABILITAS
B39: Jumlah seluruh Pemilih disabilitas yang menggunakan hak pilih | D39: LK | N39: 1 | AA39: 1 | AB39: =SUM(E39:AA39) -> 2
D40: PR | J40: 1 | N40: 1 | X40: 2 | AA40: 1 | AB40: =SUM(E40:AA40) -> 5
D41: JML | E41: =SUM(E39:E40) -> 0 | F41: =SUM(F39:F40) -> 0 | G41: =SUM(G39:G40) -> 0 | H41: =SUM(H39:H40) -> 0 | I41: =SUM(I39:I40) -> 0 | J41: =SUM(J39:J40) -> 1 | K41: =SUM(K39:K40) -> 0 | L41: =SUM(L39:L40) -> 0 | ... AA41: =SUM(AA39:AA40) -> 2 | AB41: =SUM(E41:AA41) -> 7
A43: IV | B43: DATA RINCIAN PEROLEHAN SUARA PASANGAN CALON BUPATI DAN WAKIL BUPATI
A44: NOMOR DAN NAMA CALON
A45: A.1 | B45: 1. | C45: Partai Kebangkitan Bangsa | E45: 12 | F45: 9 | G45: 7 | H45: 5 | I45: 7 | J45: 14 | K45: 3 | L45: 7 | M45: 4 | N45: 3 | O45: 6 | P45: 5 | Q45: 16 | R45: 10 | S45: 6 | T45: 11 | U45: 6 | V45: 3 | W45: 1 | X45: 1 | Y45: 8 | Z45: 5 | AA45: 9 | AB45: =SUM(E45:AA45) -> 158
A46: A.2 | B46: 1 | C46: 1. Dr. Hj. NIHAYATUL WAFIROH, M.A. | E46: 42 | F46: 22 | G46: 18 | H46: 14 | I46: 8 | J46: 12 | K46: 20 | L46: 11 | M46: 5 | N46: 12 | O46: 14 | P46: 19 | Q46: 44 | R46: 40 | S46: 23 | T46: 23 | U46: 33 | V46: 23 | W46: 12 | X46: 28 | Y46: 42 | Z46: 9 | AA46: 18 | AB46: =SUM(E46:AA46) -> 492
B47: 2 | C47: 2. H. M. NASIM KHAN | E47: 3 | F47: 2 | G47: 0 | H47: 0 | I47: 1 | J47: 1 | K47: 0 | L47: 6 | M47: 2 | N47: 2 | O47: 1 | P47: 2 | Q47: 2 | R47: 1 | S47: 0 | T47: 1 | U47: 2 | V47: 0 | W47: 0 | X47: 1 | Y47: 1 | Z47: 8 | AA47: 3 | AB47: =SUM(E47:AA47) -> 39
B48: 3 | C48: 3. Dr. H. AKIK ZAMAN, M.Pd.I. | E48: 0 | F48: 0 | G48: 1 | H48: 0 | I48: 1 | J48: 1 | K48: 0 | L48: 1 | M48: 0 | N48: 0 | O48: 1 | P48: 1 | Q48: 1 | R48: 0 | S48: 1 | T48: 0 | U48: 1 | V48: 1 | W48: 0 | X48: 0 | Y48: 1 | Z48: 2 | AA48: 0 | AB48: =SUM(E48:AA48) -> 13
B49: 4 | C49: 4. AHMAD RIFA'I, S.H. | E49: 0 | F49: 0 | G49: 0 | H49: 3 | I49: 3 | J49: 4 | K49: 1 | L49: 1 | M49: 0 | N49: 0 | O49: 1 | P49: 1 | Q49: 0 | R49: 2 | S49: 1 | T49: 0 | U49: 4 | V49: 0 | W49: 0 | X49: 2 | Y49: 2 | Z49: 0 | AA49: 0 | AB49: =SUM(E49:AA49) -> 25
B50: 5 | C50: 5. Drs. H. MAHFUD M.N. | E50: 4 | F50: 1 | G50: 1 | H50: 0 | I50: 1 | J50: 1 | K50: 1 | L50: 0 | M50: 1 | N50: 2 | O50: 0 | P50: 1 | Q50: 0 | R50: 2 | S50: 1 | T50: 1 | U50: 0 | V50: 1 | W50: 1 | X50: 4 | Y50: 3 | Z50: 2 | AA50: 3 | AB50: =SUM(E50:AA50) -> 31
B51: 6 | C51: 6. NURHAYATI, S.Pd. | E51: 1 | F51: 0 | G51: 0 | H51: 2 | I51: 0 | J51: 1 | K51: 0 | L51: 0 | M51: 0 | N51: 1 | O51: 2 | P51: 2 | Q51: 0 | R51: 1 | S51: 0 | T51: 0 | U51: 0 | V51: 3 | W51: 2 | X51: 1 | Y51: 0 | Z51: 1 | AA51: 1 | AB51: =SUM(E51:AA51) -> 18
B52: 7 | C52: 7. MAFTUHA KISWAH | E52: 0 | F52: 0 | G52: 1 | H52: 0 | I52: 0 | J52: 0 | K52: 1 | L52: 0 | M52: 0 | N52: 0 | O52: 1 | P52: 0 | Q52: 0 | R52: 1 | S52: 0 | T52: 0 | U52: 1 | V52: 0 | W52: 0 | X52: 0 | Y52: 0 | Z52: 0 | AA52: 0 | AB52: =SUM(E52:AA52) -> 5
AB53: =SUM(E53:AA53) -> 0
AB54: =SUM(E54:AA54) -> 0
A55: B | B55: JUMLAH SUARA SAH PARTAI POLITIK DAN CALON (A1 + A2) | E55: =SUM(E45:E54) -> 62 | F55: =SUM(F45:F54) -> 34 | G55: =SUM(G45:G54) -> 28 | H55: =SUM(H45:H54) -> 24 | I55: =SUM(I45:I54) -> 21 | J55: =SUM(J45:J54) -> 34 | K55: =SUM(K45:K54) -> 26 | L55: =SUM(L45:L54) -> 26 | ... AB55: =SUM(AB45:AB54) -> 781
A57: A.1 | B57: 2. | C57: Partai Gerakan Indonesia Raya | E57: 15 | F57: 14 | G57: 12 | H57: 12 | I57: 12 | J57: 12 | K57: 14 | L57: 14 | M57: 17 | N57: 14 | O57: 21 | P57: 14 | Q57: 23 | R57: 9 | S57: 14 | T57: 8 | U57: 16 | V57: 9 | W57: 15 | X57: 12 | Y57: 7 | Z57: 18 | AA57: 23 | AB57: =SUM(E57:AA57) -> 325
A58: A.2 | B58: 1 | C58: 1. SUMAIL ABDULLAH | E58: 15 | F58: 6 | G58: 10 | H58: 9 | I58: 5 | J58: 9 | K58: 15 | L58: 5 | M58: 11 | N58: 18 | O58: 2 | P58: 5 | Q58: 5 | R58: 13 | S58: 4 | T58: 4 | U58: 7 | V58: 7 | W58: 3 | X58: 0 | Y58: 5 | Z58: 4 | AA58: 8 | AB58: =SUM(E58:AA58) -> 170
B59: 2 | C59: 2. MUHAMMAD ALI ADRIAN SALEH | E59: 6 | F59: 13 | G59: 30 | H59: 12 | I59: 4 | J59: 6 | K59: 6 | L59: 22 | M59: 40 | N59: 27 | O59: 18 | P59: 6 | Q59: 4 | R59: 12 | S59: 2 | T59: 13 | U59: 21 | V59: 5 | W59: 5 | X59: 4 | Y59: 7 | Z59: 4 | AA59: 19 | AB59: =SUM(E59:AA59) -> 286
B60: 3 | C60: 3. DURROTUN NAFISAH | E60: 1 | F60: 3 | G60: 1 | H60: 1 | I60: 8 | J60: 0 | K60: 2 | L60: 1 | M60: 1 | N60: 3 | O60: 3 | P60: 3 | Q60: 1 | R60: 2 | S60: 0 | T60: 1 | U60: 7 | V60: 2 | W60: 3 | X60: 1 | Y60: 1 | Z60: 0 | AA60: 1 | AB60: =SUM(E60:AA60) -> 46
B61: 4 | C61: 4. H. EKO SUSILO NURHIDAYAT | E61: 3 | F61: 3 | G61: 6 | H61: 3 | I61: 1 | J61: 4 | K61: 2 | L61: 4 | M61: 3 | N61: 4 | O61: 3 | P61: 3 | Q61: 3 | R61: 2 | S61: 4 | T61: 4 | U61: 4 | V61: 5 | W61: 2 | X61: 4 | Y61: 1 | Z61: 0 | AA61: 2 | AB61: =SUM(E61:AA61) -> 70
B62: 5 | C62: 5. KARNADI HARIJANTO, S.S. | E62: 0 | F62: 0 | G62: 1 | H62: 0 | I62: 3 | J62: 1 | K62: 0 | L62: 1 | M62: 0 | N62: 0 | O62: 0 | P62: 0 | Q62: 0 | R62: 0 | S62: 1 | T62: 1 | U62: 0 | V62: 0 | W62: 0 | X62: 1 | Y62: 0 | Z62: 0 | AA62: 0 | AB62: =SUM(E62:AA62) -> 9
B63: 6 | C63: 6. NURHAYATI | E63: 1 | F63: 3 | G63: 0 | H63: 1 | I63: 1 | J63: 0 | K63: 3 | L63: 2 | M63: 5 | N63: 4 | O63: 3 | P63: 2 | Q63: 1 | R63: 6 | S63: 5 | T63: 2 | U63: 2 | V63: 5 | W63: 5 | X63: 2 | Y63: 2 | Z63: 3 | AA63: 3 | AB63: =SUM(E63:AA63) -> 61
B64: 7 | C64: 7. MASHUDI | E64: 0 | F64: 1 | G64: 1 | H64: 0 | I64: 0 | J64: 2 | K64: 1 | L64: 0 | M64: 0 | N64: 3 | O64: 0 | P64: 0 | Q64: 1 | R64: 0 | S64: 0 | T64: 1 | U64: 0 | V64: 1 | W64: 0 | X64: 0 | Y64: 0 | Z64: 0 | AA64: 0 | AB64: =SUM(E64:AA64) -> 11
AB65: =SUM(E65:AA65) -> 0
AB66: =SUM(E66:AA66) -> 0
A67: B | B67: JUMLAH SUARA SAH PARTAI POLITIK DAN CALON (A1 + A2) | E67: =SUM(E57:E66) -> 41 | F67: =SUM(F57:F66) -> 43 | G67: =SUM(G57:G66) -> 61 | H67: =SUM(H57:H66) -> 38 | I67: =SUM(I57:I66) -> 34 | J67: =SUM(J57:J66) -> 34 | K67: =SUM(K57:K66) -> 43 | L67: =SUM(L57:L66) -> 49 | ... AB67: =SUM(AB57:AB66) -> 978
A69: A.1 | B69: 3. | C69: Partai Demokrasi Indonesia Perjuangan | E69: 6 | F69: 12 | G69: 4 | H69: 8 | I69: 6 | J69: 12 | K69: 8 | L69: 17 | M69: 8 | N69: 4 | O69: 10 | P69: 13 | Q69: 9 | R69: 3 | S69: 12 | T69: 6 | U69: 12 | V69: 5 | W69: 10 | X69: 6 | Y69: 13 | Z69: 20 | AA69: 11 | AB69: =SUM(E69:AA69) -> 215
A70: A.2 | B70: 1 | C70: 1. SONNY TRI DANAPARAMITA, S.H., M.H. | E70: 0 | F70: 7 | G70: 6 | H70: 4 | I70: 7 | J70: 5 | K70: 7 | L70: 1 | M70: 9 | N70: 3 | O70: 1 | P70: 4 | Q70: 1 | R70: 2 | S70: 7 | T70: 7 | U70: 4 | V70: 4 | W70: 6 | X70: 5 | Y70: 2 | Z70: 8 | AA70: 8 | AB70: =SUM(E70:AA70) -> 108
B71: 2 | C71: 2. H. MOHAMAD GUNTUR ROMLI | E71: 5 | F71: 5 | G71: 0 | H71: 4 | I71: 2 | J71: 9 | K71: 5 | L71: 0 | M71: 7 | N71: 4 | O71: 6 | P71: 7 | Q71: 2 | R71: 0 | S71: 2 | T71: 9 | U71: 3 | V71: 6 | W71: 16 | X71: 8 | Y71: 5 | Z71: 0 | AA71: 5 | AB71: =SUM(E71:AA71) -> 110
B72: 3 | C72: 3. INA AMMANIA | E72: 0 | F72: 2 | G72: 6 | H72: 4 | I72: 6 | J72: 0 | K72: 2 | L72: 2 | M72: 4 | N72: 5 | O72: 4 | P72: 5 | Q72: 1 | R72: 2 | S72: 2 | T72: 5 | U72: 3 | V72: 2 | W72: 2 | X72: 7 | Y72: 14 | Z72: 1 | AA72: 6 | AB72: =SUM(E72:AA72) -> 85
B73: 4 | C73: 4. IRWAN BACHTIAR RACHMAT, M.Si. | E73: 0 | F73: 0 | G73: 0 | H73: 0 | I73: 1 | J73: 1 | K73: 0 | L73: 1 | M73: 1 | N73: 4 | O73: 0 | P73: 2 | Q73: 1 | R73: 1 | S73: 1 | T73: 0 | U73: 1 | V73: 0 | W73: 2 | X73: 1 | Y73: 0 | Z73: 1 | AA73: 0 | AB73: =SUM(E73:AA73) -> 18
B74: 5 | C74: 5. LUCKY PERDANA | E74: 1 | F74: 3 | G74: 3 | H74: 5 | I74: 13 | J74: 3 | K74: 3 | L74: 8 | M74: 2 | N74: 7 | O74: 4 | P74: 6 | Q74: 4 | R74: 3 | S74: 5 | T74: 3 | U74: 3 | V74: 4 | W74: 5 | X74: 4 | Y74: 1 | Z74: 5 | AA74: 2 | AB74: =SUM(E74:AA74) -> 97
B75: 6 | C75: 6. WIWIK PUJIYATI | E75: 0 | F75: 1 | G75: 0 | H75: 4 | I75: 1 | J75: 2 | K75: 2 | L75: 3 | M75: 2 | N75: 0 | O75: 1 | P75: 3 | Q75: 0 | R75: 2 | S75: 1 | T75: 1 | U75: 1 | V75: 3 | W75: 3 | X75: 1 | Y75: 3 | Z75: 3 | AA75: 1 | AB75: =SUM(E75:AA75) -> 38
B76: 7 | C76: 7. CHANDRA ASTAN, S.T. | E76: 0 | F76: 1 | G76: 1 | H76: 0 | I76: 5 | J76: 1 | K76: 1 | L76: 0 | M76: 1 | N76: 2 | O76: 0 | P76: 0 | Q76: 1 | R76: 1 | S76: 2 | T76: 4 | U76: 8 | V76: 1 | W76: 6 | X76: 1 | Y76: 1 | Z76: 0 | AA76: 2 | AB76: =SUM(E76:AA76) -> 39
AB77: =SUM(E77:AA77) -> 0
AB78: =SUM(E78:AA78) -> 0
A79: B | B79: JUMLAH SUARA SAH PARTAI POLITIK DAN CALON (A1 + A2) | E79: =SUM(E69:E78) -> 12 | F79: =SUM(F69:F78) -> 31 | G79: =SUM(G69:G78) -> 20 | H79: =SUM(H69:H78) -> 29 | I79: =SUM(I69:I78) -> 41 | J79: =SUM(J69:J78) -> 33 | K79: =SUM(K69:K78) -> 28 | L79: =SUM(L69:L78) -> 32 | ... AB79: =SUM(AB69:AB78) -> 710
A81: A.1 | B81: 4. | C81: Partai Golongan Karya | E81: 2 | F81: 5 | G81: 4 | H81: 3 | I81: 3 | J81: 3 | K81: 10 | L81: 2 | M81: 1 | N81: 6 | O81: 4 | P81: 3 | Q81: 1 | R81: 7 | S81: 11 | T81: 5 | U81: 3 | V81: 2 | W81: 8 | X81: 1 | Y81: 5 | Z81: 10 | AA81: 3 | AB81: =SUM(E81:AA81) -> 102
A82: A.2 | B82: 1 | C82: 1. ZULFIKAR ARSE SADIKIN, S.I.P., M.Si. | E82: 14 | F82: 12 | G82: 7 | H82: 9 | I82: 12 | J82: 9 | K82: 11 | L82: 8 | M82: 6 | N82: 10 | O82: 24 | P82: 11 | Q82: 8 | R82: 4 | S82: 9 | T82: 5 | U82: 5 | V82: 8 | W82: 7 | X82: 15 | Y82: 32 | Z82: 52 | AA82: 17 | AB82: =SUM(E82:AA82) -> 295
B83: 2 | C83: 2. HANDOKO | E83: 0 | F83: 5 | G83: 15 | H83: 7 | I83: 4 | J83: 5 | K83: 5 | L83: 5 | M83: 2 | N83: 3 | O83: 6 | P83: 2 | Q83: 6 | R83: 3 | S83: 3 | T83: 14 | U83: 10 | V83: 9 | W83: 32 | X83: 33 | Y83: 8 | Z83: 10 | AA83: 4 | AB83: =SUM(E83:AA83) -> 191
B84: 3 | C84: 3. Hj. OVI DEWI YANTI | E84: 0 | F84: 0 | G84: 1 | H84: 1 | I84: 1 | J84: 0 | K84: 1 | L84: 0 | M84: 0 | N84: 1 | O84: 0 | P84: 0 | Q84: 0 | R84: 0 | S84: 1 | T84: 0 | U84: 1 | V84: 2 | W84: 1 | X84: 0 | Y84: 1 | Z84: 1 | AA84: 2 | AB84: =SUM(E84:AA84) -> 14
B85: 4 | C85: 4. Ir. AZAM AZMAN NATAWIJANA | E85: 0 | F85: 0 | G85: 0 | H85: 0 | I85: 0 | J85: 0 | K85: 1 | L85: 1 | M85: 1 | N85: 2 | O85: 0 | P85: 2 | Q85: 0 | R85: 1 | S85: 1 | T85: 2 | U85: 1 | V85: 2 | W85: 0 | X85: 0 | Y85: 0 | Z85: 4 | AA85: 0 | AB85: =SUM(E85:AA85) -> 18
B86: 5 | C86: 5. UBAIDILLAH AMIN, S.Kom. | E86: 1 | F86: 0 | G86: 1 | H86: 0 | I86: 8 | J86: 4 | K86: 1 | L86: 2 | M86: 1 | N86: 2 | O86: 0 | P86: 2 | Q86: 0 | R86: 0 | S86: 1 | T86: 3 | U86: 2 | V86: 1 | W86: 0 | X86: 0 | Y86: 1 | Z86: 0 | AA86: 0 | AB86: =SUM(E86:AA86) -> 30
B87: 6 | C87: 6. DENNY YUNIANDARI, S.H., M.Kn. | E87: 1 | F87: 0 | G87: 0 | H87: 0 | I87: 1 | J87: 0 | K87: 0 | L87: 1 | M87: 0 | N87: 0 | O87: 0 | P87: 1 | Q87: 0 | R87: 0 | S87: 1 | T87: 0 | U87: 0 | V87: 2 | W87: 0 | X87: 0 | Y87: 0 | Z87: 0 | AA87: 0 | AB87: =SUM(E87:AA87) -> 7
B88: 7 | C88: 7. ERNADI, S.H.I. | E88: 0 | F88: 0 | G88: 0 | H88: 1 | I88: 0 | J88: 0 | K88: 0 | L88: 1 | M88: 0 | N88: 0 | O88: 0 | P88: 0 | Q88: 0 | R88: 0 | S88: 0 | T88: 1 | U88: 0 | V88: 0 | W88: 0 | X88: 0 | Y88: 0 | Z88: 0 | AA88: 0 | AB88: =SUM(E88:AA88) -> 3
AB89: =SUM(E89:AA89) -> 0
AB90: =SUM(E90:AA90) -> 0
A91: B | B91: JUMLAH SUARA SAH PARTAI POLITIK DAN CALON (A1 + A2) | E91: =SUM(E81:E90) -> 18 | F91: =SUM(F81:F90) -> 22 | G91: =SUM(G81:G90) -> 28 | H91: =SUM(H81:H90) -> 21 | I91: =SUM(I81:I90) -> 29 | J91: =SUM(J81:J90) -> 21 | K91: =SUM(K81:K90) -> 29 | L91: =SUM(L81:L90) -> 20 | ... AB91: =SUM(AB81:AB90) -> 660
A93: A.1 | B93: 5. | C93: Partai NasDem | E93: 1 | F93: 2 | G93: 1 | H93: 1 | I93: 3 | J93: 3 | K93: 1 | L93: 4 | M93: 3 | N93: 5 | O93: 3 | P93: 3 | Q93: 0 | R93: 0 | S93: 1 | T93: 2 | U93: 3 | V93: 1 | W93: 1 | X93: 1 | Y93: 1 | Z93: 1 | AA93: 1 | AB93: =SUM(E93:AA93) -> 42
A94: A.2 | B94: 1 | C94: 1. ACH. FADIL MUZAKKI SYAH | E94: 1 | F94: 0 | G94: 3 | H94: 0 | I94: 4 | J94: 0 | K94: 0 | L94: 1 | M94: 4 | N94: 1 | O94: 2 | P94: 0 | Q94: 0 | R94: 1 | S94: 1 | T94: 1 | U94: 3 | V94: 1 | W94: 3 | X94: 2 | Y94: 0 | Z94: 2 | AA94: 0 | AB94: =SUM(E94:AA94) -> 30
B95: 2 | C95: 2. BENY | E95: 2 | F95: 3 | G95: 4 | H95: 1 | I95: 3 | J95: 1 | K95: 19 | L95: 5 | M95: 2 | N95: 0 | O95: 0 | P95: 0 | Q95: 1 | R95: 3 | S95: 0 | T95: 2 | U95: 0 | V95: 0 | W95: 2 | X95: 2 | Y95: 14 | Z95: 0 | AA95: 0 | AB95: =SUM(E95:AA95) -> 64
B96: 3 | C96: 3. VINA VERONIKA | E96: 0 | F96: 0 | G96: 1 | H96: 0 | I96: 0 | J96: 2 | K96: 0 | L96: 1 | M96: 0 | N96: 0 | O96: 0 | P96: 0 | Q96: 1 | R96: 0 | S96: 1 | T96: 0 | U96: 0 | V96: 0 | W96: 2 | X96: 1 | Y96: 0 | Z96: 0 | AA96: 0 | AB96: =SUM(E96:AA96) -> 9
B97: 4 | C97: 4. TEDDY ANUGRIANTO | E97: 0 | F97: 0 | G97: 1 | H97: 1 | I97: 2 | J97: 0 | K97: 0 | L97: 0 | M97: 0 | N97: 0 | O97: 0 | P97: 1 | Q97: 0 | R97: 0 | S97: 0 | T97: 0 | U97: 0 | V97: 0 | W97: 1 | X97: 0 | Y97: 0 | Z97: 0 | AA97: 0 | AB97: =SUM(E97:AA97) -> 6
B98: 5 | C98: 5. INSAN KAMIL | E98: 0 | F98: 0 | G98: 0 | H98: 0 | I98: 1 | J98: 0 | K98: 0 | L98: 1 | M98: 1 | N98: 0 | O98: 0 | P98: 0 | Q98: 0 | R98: 0 | S98: 1 | T98: 0 | U98: 0 | V98: 1 | W98: 0 | X98: 0 | Y98: 1 | Z98: 0 | AA98: 1 | AB98: =SUM(E98:AA98) -> 7
B99: 6 | C99: 6. LILIK LINDARWATI | E99: 0 | F99: 1 | G99: 0 | H99: 0 | I99: 0 | J99: 0 | K99: 0 | L99: 0 | M99: 0 | N99: 0 | O99: 0 | P99: 0 | Q99: 0 | R99: 0 | S99: 0 | T99: 0 | U99: 0 | V99: 0 | W99: 0 | X99: 0 | Y99: 0 | Z99: 0 | AA99: 0 | AB99: =SUM(E99:AA99) -> 1
B100: 7 | C100: 7. YULI ANITA | E100: 0 | F100: 0 | G100: 0 | H100: 0 | I100: 0 | J100: 0 | K100: 0 | L100: 0 | M100: 0 | N100: 0 | O100: 0 | P100: 0 | Q100: 1 | R100: 0 | S100: 1 | T100: 0 | U100: 1 | V100: 0 | W100: 0 | X100: 0 | Y100: 0 | Z100: 0 | AA100: 0 | AB100: =SUM(E100:AA100) -> 3
AB101: =SUM(E101:AA101) -> 0
AB102: =SUM(E102:AA102) -> 0
A103: B | B103: JUMLAH SUARA SAH PARTAI POLITIK DAN CALON (A1 + A2) | E103: =SUM(E93:E102) -> 4 | F103: =SUM(F93:F102) -> 6 | G103: =SUM(G93:G102) -> 10 | H103: =SUM(H93:H102) -> 3 | I103: =SUM(I93:I102) -> 13 | J103: =SUM(J93:J102) -> 6 | K103: =SUM(K93:K102) -> 20 | L103: =SUM(L93:L102) -> 12 | ... AB103: =SUM(AB93:AB102) -> 162
A105: A.1 | B105: 6. | C105: Partai Buruh | H105: 1 | T105: 0 | U105: 0 | V105: 0 | W105: 1 | X105: 0 | Y105: 0 | Z105: 0 | AA105: 0 | AB105: =SUM(E105:AA105) -> 2
A106: A.2 | B106: 1 | C106: 1. KHOIRUL ANAM | F106: 1 | G106: 1 | N106: 1 | Q106: 1 | T106: 0 | U106: 0 | V106: 0 | W106: 0 | X106: 0 | Y106: 1 | Z106: 0 | AA106: 0 | AB106: =SUM(E106:AA106) -> 5
B107: 2 | C107: 2. INA KURNIA | T107: 0 | U107: 0 | V107: 1 | W107: 0 | X107: 1 | Y107: 0 | Z107: 0 | AA107: 0 | AB107: =SUM(E107:AA107) -> 2
B108: 3 | C108: 3. JIBRAL TAROUK | T108: 0 | U108: 0 | V108: 0 | W108: 0 | X108: 0 | Y108: 0 | Z108: 0 | AA108: 0 | AB108: =SUM(E108:AA108) -> 0
B109: 4 | C109: 4. ASTUTI DAENG PUJI | P109: 2 | T109: 0 | U109: 0 | V109: 0 | W109: 0 | X109: 0 | Y109: 0 | Z109: 0 | AA109: 0 | AB109: =SUM(E109:AA109) -> 2
B110: 5 | C110: 5. ASDARMAWAN | T110: 0 | U110: 0 | V110: 0 | W110: 0 | X110: 0 | Y110: 0 | Z110: 0 | AA110: 0 | AB110: =SUM(E110:AA110) -> 0
B111: 6 | C111: 6. RIFQI MUBAROK | H111: 1 | T111: 0 | U111: 0 | V111: 0 | W111: 0 | X111: 0 | Y111: 0 | Z111: 0 | AA111: 0 | AB111: =SUM(E111:AA111) -> 1
B112: 7 | C112: 7. FIRNANDA ALTA MEGA | T112: 0 | U112: 0 | V112: 0 | W112: 0 | X112: 0 | Y112: 0 | Z112: 1 | AA112: 0 | AB112: =SUM(E112:AA112) -> 1
AB113: =SUM(E113:AA113) -> 0
AB114: =SUM(E114:AA114) -> 0
A115: B | B115: JUMLAH SUARA SAH PARTAI POLITIK DAN CALON (A1 + A2) | E115: =SUM(E105:E114) -> 0 | F115: =SUM(F105:F114) -> 1 | G115: =SUM(G105:G114) -> 1 | H115: =SUM(H105:H114) -> 2 | I115: =SUM(I105:I114) -> 0 | J115: =SUM(J105:J114) -> 0 | K115: =SUM(K105:K114) -> 0 | L115: =SUM(L105:L114) -> 0 | ... AB115: =SUM(AB105:AB114) -> 13
A117: A.1 | B117: 7. | C117: Partai Gelombang Rakyat Indonesia | E117: 0 | F117: 3 | G117: 0 | H117: 0 | I117: 0 | J117: 0 | K117: 0 | L117: 3 | M117: 2 | N117: 1 | O117: 0 | P117: 0 | Q117: 0 | R117: 1 | S117: 0 | T117: 0 | U117: 3 | V117: 2 | W117: 1 | X117: 3 | Y117: 1 | Z117: 0 | AA117: 4 | AB117: =SUM(E117:AA117) -> 24
...
