Workbook

Sheet DPR
C8: Kecamatan | D8: WONGSOREJO
C9: Kabupaten | D9: BANYUWANGI
C10: Provinsi | D10: JAWA TIMUR
A12: I | B12: DATA PEMILIH DAN PENGGUNAAN HAK PILIH | E12: JUMLAH AKHIR
A13: A | B13: DATA PEMILIH
B14: Jumlah Pemilih dalam Daftar Pemilih Tetap (DPT) | D14: LK | E14: =ALASBULUH!AG14+ALASREJO!U14+BAJULMATI!AD14+BANGSRING!W14+BENGKAK!Y14+BIMOREJO!R14+SIDODADI!U14+SIDOWANGI!P14+SUMBERANYAR!N14+SUMBERKENCONO!T14+WATUKEBO!Y14+WONGSOREJO!AM14 -> 29810
D15: PR | E15: =ALASBULUH!AG15+ALASREJO!U15+BAJULMATI!AD15+BANGSRING!W15+BENGKAK!Y15+BIMOREJO!R15+SIDODADI!U15+SIDOWANGI!P15+SUMBERANYAR!N15+SUMBERKENCONO!T15+WATUKEBO!Y15+WONGSOREJO!AM15 -> 30473
D16: JML | E16: =SUM(E14:E15) -> 60283
A18: B | B18: PENGGUNA HAK PILIH
B19: 1. | C19: Jumlah pengguna hak pilih dalam Daftar Pemilih Tetap (DPT) | D19: LK | E19: =ALASBULUH!AG19+ALASREJO!U19+BAJULMATI!AD19+BANGSRING!W19+BENGKAK!Y19+BIMOREJO!R19+SIDODADI!U19+SIDOWANGI!P19+SUMBERANYAR!N19+SUMBERKENCONO!T19+WATUKEBO!Y19+WONGSOREJO!AM19 -> 22313
D20: PR | E20: =ALASBULUH!AG20+ALASREJO!U20+BAJULMATI!AD20+BANGSRING!W20+BENGKAK!Y20+BIMOREJO!R20+SIDODADI!U20+SIDOWANGI!P20+SUMBERANYAR!N20+SUMBERKENCONO!T20+WATUKEBO!Y20+WONGSOREJO!AM20 -> 24225
D21: JML | E21: =SUM(E19:E20) -> 46538
B22: 2. | C22: Jumlah pengguna hak pilih dalam Daftar Pemilih Tambahan (DPTb) | D22: LK | E22: =ALASBULUH!AG22+ALASREJO!U22+BAJULMATI!AD22+BANGSRING!W22+BENGKAK!Y22+BIMOREJO!R22+SIDODADI!U22+SIDOWANGI!P22+SUMBERANYAR!N22+SUMBERKENCONO!T22+WATUKEBO!Y22+WONGSOREJO!AM22 -> 40
D23: PR | E23: =ALASBULUH!AG23+ALASREJO!U23+BAJULMATI!AD23+BANGSRING!W23+BENGKAK!Y23+BIMOREJO!R23+SIDODADI!U23+SIDOWANGI!P23+SUMBERANYAR!N23+SUMBERKENCONO!T23+WATUKEBO!Y23+WONGSOREJO!AM23 -> 28
D24: JML | E24: =SUM(E22:E23) -> 68
B25: 3. | C25: Jumlah pengguna hak pilih dalam Daftar Pemilih Khusus (DPK) | D25: LK | E25: =ALASBULUH!AG25+ALASREJO!U25+BAJULMATI!AD25+BANGSRING!W25+BENGKAK!Y25+BIMOREJO!R25+SIDODADI!U25+SIDOWANGI!P25+SUMBERANYAR!N25+SUMBERKENCONO!T25+WATUKEBO!Y25+WONGSOREJO!AM25 -> 160
D26: PR | E26: =ALASBULUH!AG26+ALASREJO!U26+BAJULMATI!AD26+BANGSRING!W26+BENGKAK!Y26+BIMOREJO!R26+SIDODADI!U26+SIDOWANGI!P26+SUMBERANYAR!N26+SUMBERKENCONO!T26+WATUKEBO!Y26+WONGSOREJO!AM26 -> 196
D27: JML | E27: =SUM(E25:E26) -> 356
B28: 4. | C28: Jumlah Pengguna Hak Pilih (B.1+B.2+B.3) | D28: LK | E28: =E19+E22+E25 -> 22513
D29: PR | E29: =E20+E23+E26 -> 24449
D30: JML | E30: =SUM(E28:E29) -> 46962
A32: II | B32: DATA PENGGUNAAN SURAT SUARA
A33: 1 | B33: Jumlah surat suara yang diterima, termasuk surat suara cadangan 2,5% dari DPT | E33: =ALASBULUH!AG33+ALASREJO!U33+BAJULMATI!AD33+BANGSRING!W33+BENGKAK!Y33+BIMOREJO!R33+SIDODADI!U33+SIDOWANGI!P33+SUMBERANYAR!N33+SUMBERKENCONO!T33+WATUKEBO!Y33+WONGSOREJO!AM33 -> 61519
A34: 2 | B34: Jumlah surat suara yang digunakan | E34: =ALASBULUH!AG34+ALASREJO!U34+BAJULMATI!AD34+BANGSRING!W34+BENGKAK!Y34+BIMOREJO!R34+SIDODADI!U34+SIDOWANGI!P34+SUMBERANYAR!N34+SUMBERKENCONO!T34+WATUKEBO!Y34+WONGSOREJO!AM34 -> 46962
A35: 3 | B35: Jumlah surat suara dikembalikan oleh pemilih (karena rusak atau keliru coblos) | E35: =ALASBULUH!AG35+ALASREJO!U35+BAJULMATI!AD35+BANGSRING!W35+BENGKAK!Y35+BIMOREJO!R35+SIDODADI!U35+SIDOWANGI!P35+SUMBERANYAR!N35+SUMBERKENCONO!T35+WATUKEBO!Y35+WONGSOREJO!AM35 -> 92
A36: 4 | B36: Jumlah surat suara yang tidak digunakan/tidak terpakai, termasuk sisa surat suara cadangan | E36: =E33-(E34+E35) -> 14465
A38: III | B38: DATA PEMILIH DISABILITAS
B39: Jumlah seluruh Pemilih disabilitas yang menggunakan hak pilih | D39: LK | E39: =ALASBULUH!AG39+ALASREJO!U39+BAJULMATI!AD39+BANGSRING!W39+BENGKAK!Y39+BIMOREJO!R39+SIDODADI!U39+SIDOWANGI!P39+SUMBERANYAR!N39+SUMBERKENCONO!T39+WATUKEBO!Y39+WONGSOREJO!AM39 -> 10
D40: PR | E40: =ALASBULUH!AG40+ALASREJO!U40+BAJULMATI!AD40+BANGSRING!W40+BENGKAK!Y40+BIMOREJO!R40+SIDODADI!U40+SIDOWANGI!P40+SUMBERANYAR!N40+SUMBERKENCONO!T40+WATUKEBO!Y40+WONGSOREJO!AM40 -> 27
D41: JML | E41: =SUM(E39:E40) -> 37
A43: IV | B43: DATA RINCIAN PEROLEHAN SUARA PASANGAN CALON BUPATI DAN WAKIL BUPATI
A44: NOMOR DAN NAMA CALON
A45: A.1 | B45: 1. | C45: Partai Kebangkitan Bangsa | E45: =ALASBULUH!AG45+ALASREJO!U45+BAJULMATI!AD45+BANGSRING!W45+BENGKAK!Y45+BIMOREJO!R45+SIDODADI!U45+SIDOWANGI!P45+SUMBERANYAR!N45+SUMBERKENCONO!T45+WATUKEBO!Y45+WONGSOREJO!AM45 -> 1710
A46: A.2 | B46: 1 | C46: 1. Dr. Hj. NIHAYATUL WAFIROH, M.A. | E46: =ALASBULUH!AG46+ALASREJO!U46+BAJULMATI!AD46+BANGSRING!W46+BENGKAK!Y46+BIMOREJO!R46+SIDODADI!U46+SIDOWANGI!P46+SUMBERANYAR!N46+SUMBERKENCONO!T46+WATUKEBO!Y46+WONGSOREJO!AM46 -> 2343
B47: 2 | C47: 2. H. M. NASIM KHAN | E47: =ALASBULUH!AG47+ALASREJO!U47+BAJULMATI!AD47+BANGSRING!W47+BENGKAK!Y47+BIMOREJO!R47+SIDODADI!U47+SIDOWANGI!P47+SUMBERANYAR!N47+SUMBERKENCONO!T47+WATUKEBO!Y47+WONGSOREJO!AM47 -> 2314
B48: 3 | C48: 3. Dr. H. AKIK ZAMAN, M.Pd.I. | E48: =ALASBULUH!AG48+ALASREJO!U48+BAJULMATI!AD48+BANGSRING!W48+BENGKAK!Y48+BIMOREJO!R48+SIDODADI!U48+SIDOWANGI!P48+SUMBERANYAR!N48+SUMBERKENCONO!T48+WATUKEBO!Y48+WONGSOREJO!AM48 -> 642
B49: 4 | C49: 4. AHMAD RIFA'I, S.H. | E49: =ALASBULUH!AG49+ALASREJO!U49+BAJULMATI!AD49+BANGSRING!W49+BENGKAK!Y49+BIMOREJO!R49+SIDODADI!U49+SIDOWANGI!P49+SUMBERANYAR!N49+SUMBERKENCONO!T49+WATUKEBO!Y49+WONGSOREJO!AM49 -> 205
B50: 5 | C50: 5. Drs. H. MAHFUD M.N. | E50: =ALASBULUH!AG50+ALASREJO!U50+BAJULMATI!AD50+BANGSRING!W50+BENGKAK!Y50+BIMOREJO!R50+SIDODADI!U50+SIDOWANGI!P50+SUMBERANYAR!N50+SUMBERKENCONO!T50+WATUKEBO!Y50+WONGSOREJO!AM50 -> 61
B51: 6 | C51: 6. NURHAYATI, S.Pd. | E51: =ALASBULUH!AG51+ALASREJO!U51+BAJULMATI!AD51+BANGSRING!W51+BENGKAK!Y51+BIMOREJO!R51+SIDODADI!U51+SIDOWANGI!P51+SUMBERANYAR!N51+SUMBERKENCONO!T51+WATUKEBO!Y51+WONGSOREJO!AM51 -> 40
B52: 7 | C52: 7. MAFTUHA KISWAH | E52: =ALASBULUH!AG52+ALASREJO!U52+BAJULMATI!AD52+BANGSRING!W52+BENGKAK!Y52+BIMOREJO!R52+SIDODADI!U52+SIDOWANGI!P52+SUMBERANYAR!N52+SUMBERKENCONO!T52+WATUKEBO!Y52+WONGSOREJO!AM52 -> 26
A55: B | B55: JUMLAH SUARA SAH PARTAI POLITIK DAN CALON (A1 + A2) | E55: =SUM(E45:E52) -> 7341
A57: A.1 | B57: 2. | C57: Partai Gerakan Indonesia Raya | E57: =ALASBULUH!AG57+ALASREJO!U57+BAJULMATI!AD57+BANGSRING!W57+BENGKAK!Y57+BIMOREJO!R57+SIDODADI!U57+SIDOWANGI!P57+SUMBERANYAR!N57+SUMBERKENCONO!T57+WATUKEBO!Y57+WONGSOREJO!AM57 -> 2764
A58: A.2 | B58: 1 | C58: 1. SUMAIL ABDULLAH | E58: =ALASBULUH!AG58+ALASREJO!U58+BAJULMATI!AD58+BANGSRING!W58+BENGKAK!Y58+BIMOREJO!R58+SIDODADI!U58+SIDOWANGI!P58+SUMBERANYAR!N58+SUMBERKENCONO!T58+WATUKEBO!Y58+WONGSOREJO!AM58 -> 12287
B59: 2 | C59: 2. MUHAMMAD ALI ADRIAN SALEH | E59: =ALASBULUH!AG59+ALASREJO!U59+BAJULMATI!AD59+BANGSRING!W59+BENGKAK!Y59+BIMOREJO!R59+SIDODADI!U59+SIDOWANGI!P59+SUMBERANYAR!N59+SUMBERKENCONO!T59+WATUKEBO!Y59+WONGSOREJO!AM59 -> 1242
B60: 3 | C60: 3. DURROTUN NAFISAH | E60: =ALASBULUH!AG60+ALASREJO!U60+BAJULMATI!AD60+BANGSRING!W60+BENGKAK!Y60+BIMOREJO!R60+SIDODADI!U60+SIDOWANGI!P60+SUMBERANYAR!N60+SUMBERKENCONO!T60+WATUKEBO!Y60+WONGSOREJO!AM60 -> 136
B61: 4 | C61: 4. H. EKO SUSILO NURHIDAYAT | E61: =ALASBULUH!AG61+ALASREJO!U61+BAJULMATI!AD61+BANGSRING!W61+BENGKAK!Y61+BIMOREJO!R61+SIDODADI!U61+SIDOWANGI!P61+SUMBERANYAR!N61+SUMBERKENCONO!T61+WATUKEBO!Y61+WONGSOREJO!AM61 -> 122
B62: 5 | C62: 5. KARNADI HARIJANTO, S.S. | E62: =ALASBULUH!AG62+ALASREJO!U62+BAJULMATI!AD62+BANGSRING!W62+BENGKAK!Y62+BIMOREJO!R62+SIDODADI!U62+SIDOWANGI!P62+SUMBERANYAR!N62+SUMBERKENCONO!T62+WATUKEBO!Y62+WONGSOREJO!AM62 -> 37
B63: 6 | C63: 6. NURHAYATI | E63: =ALASBULUH!AG63+ALASREJO!U63+BAJULMATI!AD63+BANGSRING!W63+BENGKAK!Y63+BIMOREJO!R63+SIDODADI!U63+SIDOWANGI!P63+SUMBERANYAR!N63+SUMBERKENCONO!T63+WATUKEBO!Y63+WONGSOREJO!AM63 -> 64
B64: 7 | C64: 7. MASHUDI | E64: =ALASBULUH!AG64+ALASREJO!U64+BAJULMATI!AD64+BANGSRING!W64+BENGKAK!Y64+BIMOREJO!R64+SIDODADI!U64+SIDOWANGI!P64+SUMBERANYAR!N64+SUMBERKENCONO!T64+WATUKEBO!Y64+WONGSOREJO!AM64 -> 26
A67: B | B67: JUMLAH SUARA SAH PARTAI POLITIK DAN CALON (A1 + A2) | E67: =SUM(E57:E64) -> 16678
A69: A.1 | B69: 3. | C69: Partai Demokrasi Indonesia Perjuangan | E69: =ALASBULUH!AG69+ALASREJO!U69+BAJULMATI!AD69+BANGSRING!W69+BENGKAK!Y69+BIMOREJO!R69+SIDODADI!U69+SIDOWANGI!P69+SUMBERANYAR!N69+SUMBERKENCONO!T69+WATUKEBO!Y69+WONGSOREJO!AM69 -> 1078
A70: A.2 | B70: 1 | C70: 1. SONNY TRI DANAPARAMITA, S.H., M.H. | E70: =ALASBULUH!AG70+ALASREJO!U70+BAJULMATI!AD70+BANGSRING!W70+BENGKAK!Y70+BIMOREJO!R70+SIDODADI!U70+SIDOWANGI!P70+SUMBERANYAR!N70+SUMBERKENCONO!T70+WATUKEBO!Y70+WONGSOREJO!AM70 -> 1008
B71: 2 | C71: 2. H. MOHAMAD GUNTUR ROMLI | E71: =ALASBULUH!AG71+ALASREJO!U71+BAJULMATI!AD71+BANGSRING!W71+BENGKAK!Y71+BIMOREJO!R71+SIDODADI!U71+SIDOWANGI!P71+SUMBERANYAR!N71+SUMBERKENCONO!T71+WATUKEBO!Y71+WONGSOREJO!AM71 -> 528
B72: 3 | C72: 3. INA AMMANIA | E72: =ALASBULUH!AG72+ALASREJO!U72+BAJULMATI!AD72+BANGSRING!W72+BENGKAK!Y72+BIMOREJO!R72+SIDODADI!U72+SIDOWANGI!P72+SUMBERANYAR!N72+SUMBERKENCONO!T72+WATUKEBO!Y72+WONGSOREJO!AM72 -> 603
B73: 4 | C73: 4. IRWAN BACHTIAR RACHMAT, M.Si. | E73: =ALASBULUH!AG73+ALASREJO!U73+BAJULMATI!AD73+BANGSRING!W73+BENGKAK!Y73+BIMOREJO!R73+SIDODADI!U73+SIDOWANGI!P73+SUMBERANYAR!N73+SUMBERKENCONO!T73+WATUKEBO!Y73+WONGSOREJO!AM73 -> 76
B74: 5 | C74: 5. LUCKY PERDANA | E74: =ALASBULUH!AG74+ALASREJO!U74+BAJULMATI!AD74+BANGSRING!W74+BENGKAK!Y74+BIMOREJO!R74+SIDODADI!U74+SIDOWANGI!P74+SUMBERANYAR!N74+SUMBERKENCONO!T74+WATUKEBO!Y74+WONGSOREJO!AM74 -> 181
B75: 6 | C75: 6. WIWIK PUJIYATI | E75: =ALASBULUH!AG75+ALASREJO!U75+BAJULMATI!AD75+BANGSRING!W75+BENGKAK!Y75+BIMOREJO!R75+SIDODADI!U75+SIDOWANGI!P75+SUMBERANYAR!N75+SUMBERKENCONO!T75+WATUKEBO!Y75+WONGSOREJO!AM75 -> 108
B76: 7 | C76: 7. CHANDRA ASTAN, S.T. | E76: =ALASBULUH!AG76+ALASREJO!U76+BAJULMATI!AD76+BANGSRING!W76+BENGKAK!Y76+BIMOREJO!R76+SIDODADI!U76+SIDOWANGI!P76+SUMBERANYAR!N76+SUMBERKENCONO!T76+WATUKEBO!Y76+WONGSOREJO!AM76 -> 1981
A79: B | B79: JUMLAH SUARA SAH PARTAI POLITIK DAN CALON (A1 + A2) | E79: =SUM(E69:E76) -> 5563
A81: A.1 | B81: 4. | C81: Partai Golongan Karya | E81: =ALASBULUH!AG81+ALASREJO!U81+BAJULMATI!AD81+BANGSRING!W81+BENGKAK!Y81+BIMOREJO!R81+SIDODADI!U81+SIDOWANGI!P81+SUMBERANYAR!N81+SUMBERKENCONO!T81+WATUKEBO!Y81+WONGSOREJO!AM81 -> 515
A82: A.2 | B82: 1 | C82: 1. ZULFIKAR ARSE SADIKIN, S.I.P., M.Si. | E82: =ALASBULUH!AG82+ALASREJO!U82+BAJULMATI!AD82+BANGSRING!W82+BENGKAK!Y82+BIMOREJO!R82+SIDODADI!U82+SIDOWANGI!P82+SUMBERANYAR!N82+SUMBERKENCONO!T82+WATUKEBO!Y82+WONGSOREJO!AM82 -> 1628
B83: 2 | C83: 2. HANDOKO | E83: =ALASBULUH!AG83+ALASREJO!U83+BAJULMATI!AD83+BANGSRING!W83+BENGKAK!Y83+BIMOREJO!R83+SIDODADI!U83+SIDOWANGI!P83+SUMBERANYAR!N83+SUMBERKENCONO!T83+WATUKEBO!Y83+WONGSOREJO!AM83 -> 381
B84: 3 | C84: 3. Hj. OVI DEWI YANTI | E84: =ALASBULUH!AG84+ALASREJO!U84+BAJULMATI!AD84+BANGSRING!W84+BENGKAK!Y84+BIMOREJO!R84+SIDODADI!U84+SIDOWANGI!P84+SUMBERANYAR!N84+SUMBERKENCONO!T84+WATUKEBO!Y84+WONGSOREJO!AM84 -> 61
B85: 4 | C85: 4. Ir. AZAM AZMAN NATAWIJANA | E85: =ALASBULUH!AG85+ALASREJO!U85+BAJULMATI!AD85+BANGSRING!W85+BENGKAK!Y85+BIMOREJO!R85+SIDODADI!U85+SIDOWANGI!P85+SUMBERANYAR!N85+SUMBERKENCONO!T85+WATUKEBO!Y85+WONGSOREJO!AM85 -> 141
B86: 5 | C86: 5. UBAIDILLAH AMIN, S.Kom. | E86: =ALASBULUH!AG86+ALASREJO!U86+BAJULMATI!AD86+BANGSRING!W86+BENGKAK!Y86+BIMOREJO!R86+SIDODADI!U86+SIDOWANGI!P86+SUMBERANYAR!N86+SUMBERKENCONO!T86+WATUKEBO!Y86+WONGSOREJO!AM86 -> 42
B87: 6 | C87: 6. DENNY YUNIANDARI, S.H., M.Kn. | E87: =ALASBULUH!AG87+ALASREJO!U87+BAJULMATI!AD87+BANGSRING!W87+BENGKAK!Y87+BIMOREJO!R87+SIDODADI!U87+SIDOWANGI!P87+SUMBERANYAR!N87+SUMBERKENCONO!T87+WATUKEBO!Y87+WONGSOREJO!AM87 -> 9
B88: 7 | C88: 7. ERNADI, S.H.I. | E88: =ALASBULUH!AG88+ALASREJO!U88+BAJULMATI!AD88+BANGSRING!W88+BENGKAK!Y88+BIMOREJO!R88+SIDODADI!U88+SIDOWANGI!P88+SUMBERANYAR!N88+SUMBERKENCONO!T88+WATUKEBO!Y88+WONGSOREJO!AM88 -> 12
A91: B | B91: JUMLAH SUARA SAH PARTAI POLITIK DAN CALON (A1 + A2) | E91: =SUM(E81:E88) -> 2789
A93: A.1 | B93: 5. | C93: Partai NasDem | E93: =ALASBULUH!AG93+ALASREJO!U93+BAJULMATI!AD93+BANGSRING!W93+BENGKAK!Y93+BIMOREJO!R93+SIDODADI!U93+SIDOWANGI!P93+SUMBERANYAR!N93+SUMBERKENCONO!T93+WATUKEBO!Y93+WONGSOREJO!AM93 -> 201
A94: A.2 | B94: 1 | C94: 1. ACH. FADIL MUZAKKI SYAH | E94: =ALASBULUH!AG94+ALASREJO!U94+BAJULMATI!AD94+BANGSRING!W94+BENGKAK!Y94+BIMOREJO!R94+SIDODADI!U94+SIDOWANGI!P94+SUMBERANYAR!N94+SUMBERKENCONO!T94+WATUKEBO!Y94+WONGSOREJO!AM94 -> 426
B95: 2 | C95: 2. BENY | E95: =ALASBULUH!AG95+ALASREJO!U95+BAJULMATI!AD95+BANGSRING!W95+BENGKAK!Y95+BIMOREJO!R95+SIDODADI!U95+SIDOWANGI!P95+SUMBERANYAR!N95+SUMBERKENCONO!T95+WATUKEBO!Y95+WONGSOREJO!AM95 -> 51
B96: 3 | C96: 3. VINA VERONIKA | E96: =ALASBULUH!AG96+ALASREJO!U96+BAJULMATI!AD96+BANGSRING!W96+BENGKAK!Y96+BIMOREJO!R96+SIDODADI!U96+SIDOWANGI!P96+SUMBERANYAR!N96+SUMBERKENCONO!T96+WATUKEBO!Y96+WONGSOREJO!AM96 -> 20
B97: 4 | C97: 4. TEDDY ANUGRIANTO | E97: =ALASBULUH!AG97+ALASREJO!U97+BAJULMATI!AD97+BANGSRING!W97+BENGKAK!Y97+BIMOREJO!R97+SIDODADI!U97+SIDOWANGI!P97+SUMBERANYAR!N97+SUMBERKENCONO!T97+WATUKEBO!Y97+WONGSOREJO!AM97 -> 57
B98: 5 | C98: 5. INSAN KAMIL | E98: =ALASBULUH!AG98+ALASREJO!U98+BAJULMATI!AD98+BANGSRING!W98+BENGKAK!Y98+BIMOREJO!R98+SIDODADI!U98+SIDOWANGI!P98+SUMBERANYAR!N98+SUMBERKENCONO!T98+WATUKEBO!Y98+WONGSOREJO!AM98 -> 34
B99: 6 | C99: 6. LILIK LINDARWATI | E99: =ALASBULUH!AG99+ALASREJO!U99+BAJULMATI!AD99+BANGSRING!W99+BENGKAK!Y99+BIMOREJO!R99+SIDODADI!U99+SIDOWANGI!P99+SUMBERANYAR!N99+SUMBERKENCONO!T99+WATUKEBO!Y99+WONGSOREJO!AM99 -> 116
B100: 7 | C100: 7. YULI ANITA | E100: =ALASBULUH!AG100+ALASREJO!U100+BAJULMATI!AD100+BANGSRING!W100+BENGKAK!Y100+BIMOREJO!R100+SIDODADI!U100+SIDOWANGI!P100+SUMBERANYAR!N100+SUMBERKENCONO!T100+WATUKEBO!Y100+WONGSOREJO!AM100 -> 43
A103: B | B103: JUMLAH SUARA SAH PARTAI POLITIK DAN CALON (A1 + A2) | E103: =SUM(E93:E100) -> 948
A105: A.1 | B105: 6. | C105: Partai Buruh | E105: =ALASBULUH!AG105+ALASREJO!U105+BAJULMATI!AD105+BANGSRING!W105+BENGKAK!Y105+BIMOREJO!R105+SIDODADI!U105+SIDOWANGI!P105+SUMBERANYAR!N105+SUMBERKENCONO!T105+WATUKEBO!Y105+WONGSOREJO!AM105 -> 106
A106: A.2 | B106: 1 | C106: 1. KHOIRUL ANAM | E106: =ALASBULUH!AG106+ALASREJO!U106+BAJULMATI!AD106+BANGSRING!W106+BENGKAK!Y106+BIMOREJO!R106+SIDODADI!U106+SIDOWANGI!P106+SUMBERANYAR!N106+SUMBERKENCONO!T106+WATUKEBO!Y106+WONGSOREJO!AM106 -> 24
B107: 2 | C107: 2. INA KURNIA | E107: =ALASBULUH!AG107+ALASREJO!U107+BAJULMATI!AD107+BANGSRING!W107+BENGKAK!Y107+BIMOREJO!R107+SIDODADI!U107+SIDOWANGI!P107+SUMBERANYAR!N107+SUMBERKENCONO!T107+WATUKEBO!Y107+WONGSOREJO!AM107 -> 23
B108: 3 | C108: 3. JIBRAL TAROUK | E108: =ALASBULUH!AG108+ALASREJO!U108+BAJULMATI!AD108+BANGSRING!W108+BENGKAK!Y108+BIMOREJO!R108+SIDODADI!U108+SIDOWANGI!P108+SUMBERANYAR!N108+SUMBERKENCONO!T108+WATUKEBO!Y108+WONGSOREJO!AM108 -> 7
B109: 4 | C109: 4. ASTUTI DAENG PUJI | E109: =ALASBULUH!AG109+ALASREJO!U109+BAJULMATI!AD109+BANGSRING!W109+BENGKAK!Y109+BIMOREJO!R109+SIDODADI!U109+SIDOWANGI!P109+SUMBERANYAR!N109+SUMBERKENCONO!T109+WATUKEBO!Y109+WONGSOREJO!AM109 -> 9
B110: 5 | C110: 5. ASDARMAWAN | E110: =ALASBULUH!AG110+ALASREJO!U110+BAJULMATI!AD110+BANGSRING!W110+BENGKAK!Y110+BIMOREJO!R110+SIDODADI!U110+SIDOWANGI!P110+SUMBERANYAR!N110+SUMBERKENCONO!T110+WATUKEBO!Y110+WONGSOREJO!AM110 -> 3
B111: 6 | C111: 6. RIFQI MUBAROK | E111: =ALASBULUH!AG111+ALASREJO!U111+BAJULMATI!AD111+BANGSRING!W111+BENGKAK!Y111+BIMOREJO!R111+SIDODADI!U111+SIDOWANGI!P111+SUMBERANYAR!N111+SUMBERKENCONO!T111+WATUKEBO!Y111+WONGSOREJO!AM111 -> 9
B112: 7 | C112: 7. FIRNANDA ALTA MEGA | E112: =ALASBULUH!AG112+ALASREJO!U112+BAJULMATI!AD112+BANGSRING!W112+BENGKAK!Y112+BIMOREJO!R112+SIDODADI!U112+SIDOWANGI!P112+SUMBERANYAR!N112+SUMBERKENCONO!T112+WATUKEBO!Y112+WONGSOREJO!AM112 -> 2
A115: B | B115: JUMLAH SUARA SAH PARTAI POLITIK DAN CALON (A1 + A2) | E115: =SUM(E105:E112) -> 183
A117: A.1 | B117: 7. | C117: Partai Gelombang Rakyat Indonesia | E117: =ALASBULUH!AG117+ALASREJO!U117+BAJULMATI!AD117+BANGSRING!W117+BENGKAK!Y117+BIMOREJO!R117+SIDODADI!U117+SIDOWANGI!P117+SUMBERANYAR!N117+SUMBERKENCONO!T117+WATUKEBO!Y117+WONGSOREJO!AM117 -> 94
A118: A.2 | B118: 1 | C118: 1. TITI WIDORETNO WARISMAN | E118: =ALASBULUH!AG118+ALASREJO!U118+BAJULMATI!AD118+BANGSRING!W118+BENGKAK!Y118+BIMOREJO!R118+SIDODADI!U118+SIDOWANGI!P118+SUMBERANYAR!N118+SUMBERKENCONO!T118+WATUKEBO!Y118+WONGSOREJO!AM118 -> 26
B119: 2 | C119: 2. MAMIEK SETYANINGSIH | E119: =ALASBULUH!AG119+ALASREJO!U119+BAJULMATI!AD119+BANGSRING!W119+BENGKAK!Y119+BIMOREJO!R119+SIDODADI!U119+SIDOWANGI!P119+SUMBERANYAR!N119+SUMBERKENCONO!T119+WATUKEBO!Y119+WONGSOREJO!AM119 -> 11
B120: 3 | C120: 3. ROMIL AZIZEN | E120: =ALASBULUH!AG120+ALASREJO!U120+BAJULMATI!AD120+BANGSRING!W120+BENGKAK!Y120+BIMOREJO!R120+SIDODADI!U120+SIDOWANGI!P120+SUMBERANYAR!N120+SUMBERKENCONO!T120+WATUKEBO!Y120+WONGSOREJO!AM120 -> 7
A127: B | B127: JUMLAH SUARA SAH PARTAI POLITIK DAN CALON (A1 + A2) | E127: =SUM(E117:E120) -> 138
A129: A.1 | B129: 8. | C129: Partai Keadilan Sejahtera | E129: =ALASBULUH!AG129+ALASREJO!U129+BAJULMATI!AD129+BANGSRING!W129+BENGKAK!Y129+BIMOREJO!R129+SIDODADI!U129+SIDOWANGI!P129+SUMBERANYAR!N129+SUMBERKENCONO!T129+WATUKEBO!Y129+WONGSOREJO!AM129 -> 124
A130: A.2 | B130: 1 | C130: 1. H. SAIMI SALEH, S.E., M.M. | E130: =ALASBULUH!AG130+ALASREJO!U130+BAJULMATI!AD130+BANGSRING!W130+BENGKAK!Y130+BIMOREJO!R130+SIDODADI!U130+SIDOWANGI!P130+SUMBERANYAR!N130+SUMBERKENCONO!T130+WATUKEBO!Y130+WONGSOREJO!AM130 -> 165
B131: 2 | C131: 2. Prof. Dr. H. EGGI SUDJANA, S.H., M.Si. | E131: =ALASBULUH!AG131+ALASREJO!U131+BAJULMATI!AD131+BANGSRING!W131+BENGKAK!Y131+BIMOREJO!R131+SIDODADI!U131+SIDOWANGI!P131+SUMBERANYAR!N131+SUMBERKENCONO!T131+WATUKEBO!Y131+WONGSOREJO!AM131 -> 102
B132: 3 | C132: 3. NURUL KHOTIMAH | E132: =ALASBULUH!AG132+ALASREJO!U132+BAJULMATI!AD132+BANGSRING!W132+BENGKAK!Y132+BIMOREJO!R132+SIDODADI!U132+SIDOWANGI!P132+SUMBERANYAR!N132+SUMBERKENCONO!T132+WATUKEBO!Y132+WONGSOREJO!AM132 -> 27
B133: 4 | C133: 4. AKHMAD SUYANTO, S.T., M.T. | E133: =ALASBULUH!AG133+ALASREJO!U133+BAJULMATI!AD133+BANGSRING!W133+BENGKAK!Y133+BIMOREJO!R133+SIDODADI!U133+SIDOWANGI!P133+SUMBERANYAR!N133+SUMBERKENCONO!T133+WATUKEBO!Y133+WONGSOREJO!AM133 -> 14
B134: 5 | C134: 5. PUJIYATNI | E134: =ALASBULUH!AG134+ALASREJO!U134+BAJULMATI!AD134+BANGSRING!W134+BENGKAK!Y134+BIMOREJO!R134+SIDODADI!U134+SIDOWANGI!P134+SUMBERANYAR!N134+SUMBERKENCONO!T134+WATUKEBO!Y134+WONGSOREJO!AM134 -> 6
B135: 6 | C135: 6. HENI PURWATININGSIH | E135: =ALASBULUH!AG135+ALASREJO!U135+BAJULMATI!AD135+BANGSRING!W135+BENGKAK!Y135+BIMOREJO!R135+SIDODADI!U135+SIDOWANGI!P135+SUMBERANYAR!N135+SUMBERKENCONO!T135+WATUKEBO!Y135+WONGSOREJO!AM135 -> 6
B136: 7 | C136: 7. MUHADI | E136: =ALASBULUH!AG136+ALASREJO!U136+BAJULMATI!AD136+BANGSRING!W136+BENGKAK!Y136+BIMOREJO!R136+SIDODADI!U136+SIDOWANGI!P136+SUMBERANYAR!N136+SUMBERKENCONO!T136+WATUKEBO!Y136+WONGSOREJO!AM136 -> 2
A139: B | B139: JUMLAH SUARA SAH PARTAI POLITIK DAN CALON (A1 + A2) | E139: =SUM(E129:E136) -> 446
...

Sheet BANGSRING
C2: Kecamatan | D2: WONGSOREJO
C3: Kabupaten | D3: BANYUWANGI
C4: Provinsi | D4: JAWA TIMUR
C9: Kelurahan | D9: BANGSRING
A12: I | B12: DATA PEMILIH DAN PENGGUNAAN HAK PILIH | W12: JUMLAH AKHIR
A13: A | B13: DATA PEMILIH | E13: TPS 001 | F13: TPS 002 | G13: TPS 003 | H13: TPS 004 | I13: TPS 005 | J13: TPS 006 | K13: TPS 007 | L13: TPS 008 | M13: TPS 009 | N13: TPS 010 | O13: TPS 011 | P13: TPS 012 | Q13: TPS 013 | R13: TPS 014 | S13: TPS 015 | T13: TPS 016 | U13: TPS 017 | V13: TPS 018
B14: Jumlah Pemilih dalam Daftar Pemilih Tetap (DPT) | D14: LK | E14: 142 | F14: 135 | G14: 133 | H14: 137 | I14: 142 | J14: 148 | K14: 143 | L14: 147 | M14: 143 | N14: 61 | O14: 150 | P14: 143 | Q14: 122 | R14: 136 | S14: 147 | T14: 115 | U14: 122 | V14: 126 | W14: =SUM(E14:V14) -> 2392
D15: PR | E15: 138 | F15: 131 | G15: 149 | H15: 140 | I15: 150 | J15: 149 | K15: 143 | L15: 151 | M15: 140 | N15: 64 | O15: 142 | P15: 149 | Q15: 134 | R15: 152 | S15: 146 | T15: 121 | U15: 131 | V15: 125 | W15: =SUM(E15:V15) -> 2455
D16: JML | E16: =SUM(E14:E15) -> 280 | F16: =SUM(F14:F15) -> 266 | G16: =SUM(G14:G15) -> 282 | H16: =SUM(H14:H15) -> 277 | I16: =SUM(I14:I15) -> 292 | J16: =SUM(J14:J15) -> 297 | K16: =SUM(K14:K15) -> 286 | L16: =SUM(L14:L15) -> 298 | ... V16: =SUM(V14:V15) -> 251 | W16: =SUM(E16:V16) -> 4847
A18: B | B18: PENGGUNA HAK PILIH
B19: 1. | C19: Jumlah pengguna hak pilih dalam Daftar Pemilih Tetap (DPT) | D19: LK | E19: 107 | F19: 95 | G19: 93 | H19: 91 | I19: 106 | J19: 111 | K19: 108 | L19: 107 | M19: 121 | N19: 50 | O19: 123 | P19: 121 | Q19: 95 | R19: 96 | S19: 113 | T19: 96 | U19: 98 | V19: 100 | W19: =SUM(E19:V19) -> 1831
D20: PR | E20: 112 | F20: 100 | G20: 132 | H20: 113 | I20: 120 | J20: 127 | K20: 119 | L20: 129 | M20: 118 | N20: 56 | O20: 113 | P20: 113 | Q20: 110 | R20: 116 | S20: 120 | T20: 88 | U20: 112 | V20: 106 | W20: =SUM(E20:V20) -> 2004
D21: JML | E21: =SUM(E19:E20) -> 219 | F21: =SUM(F19:F20) -> 195 | G21: =SUM(G19:G20) -> 225 | H21: =SUM(H19:H20) -> 204 | I21: =SUM(I19:I20) -> 226 | J21: =SUM(J19:J20) -> 238 | K21: =SUM(K19:K20) -> 227 | L21: =SUM(L19:L20) -> 236 | ... V21: =SUM(V19:V20) -> 206 | W21: =SUM(E21:V21) -> 3835
B22: 2. | C22: Jumlah pengguna hak pilih dalam Daftar Pemilih Tambahan (DPTb) | D22: LK | E22: 0 | F22: 0 | G22: 0 | H22: 0 | I22: 0 | J22: 0 | K22: 0 | L22: 0 | M22: 0 | N22: 0 | O22: 0 | P22: 0 | Q22: 0 | R22: 0 | S22: 0 | T22: 0 | U22: 0 | V22: 0 | W22: =SUM(E22:V22) -> 0
D23: PR | E23: 0 | F23: 0 | G23: 0 | H23: 0 | I23: 0 | J23: 0 | K23: 0 | L23: 0 | M23: 0 | N23: 0 | O23: 0 | P23: 0 | Q23: 0 | R23: 0 | S23: 0 | T23: 0 | U23: 0 | V23: 0 | W23: =SUM(E23:V23) -> 0
D24: JML | E24: =SUM(E22:E23) -> 0 | F24: =SUM(F22:F23) -> 0 | G24: =SUM(G22:G23) -> 0 | H24: =SUM(H22:H23) -> 0 | I24: =SUM(I22:I23) -> 0 | J24: =SUM(J22:J23) -> 0 | K24: =SUM(K22:K23) -> 0 | L24: =SUM(L22:L23) -> 0 | ... V24: =SUM(V22:V23) -> 0 | W24: =SUM(E24:V24) -> 0
B25: 3. | C25: Jumlah pengguna hak pilih dalam Daftar Pemilih Khusus (DPK) | D25: LK | E25: 3 | F25: 3 | G25: 0 | H25: 4 | I25: 2 | J25: 0 | K25: 3 | L25: 0 | M25: 0 | N25: 1 | O25: 0 | P25: 3 | Q25: 6 | R25: 0 | S25: 0 | T25: 1 | U25: 3 | V25: 0 | W25: =SUM(E25:V25) -> 29
D26: PR | E26: 5 | F26: 7 | G26: 1 | H26: 4 | I26: 0 | J26: 1 | K26: 3 | L26: 0 | M26: 1 | N26: 1 | O26: 0 | P26: 9 | Q26: 2 | R26: 0 | S26: 0 | T26: 2 | U26: 6 | V26: 0 | W26: =SUM(E26:V26) -> 42
D27: JML | E27: =SUM(E25:E26) -> 8 | F27: =SUM(F25:F26) -> 10 | G27: =SUM(G25:G26) -> 1 | H27: =SUM(H25:H26) -> 8 | I27: =SUM(I25:I26) -> 2 | J27: =SUM(J25:J26) -> 1 | K27: =SUM(K25:K26) -> 6 | L27: =SUM(L25:L26) -> 0 | ... V27: =SUM(V25:V26) -> 0 | W27: =SUM(E27:V27) -> 71
B28: 4. | C28: Jumlah Pengguna Hak Pilih (B.1+B.2+B.3) | D28: LK | E28: =SUM(E19,E22,E25) -> 110 | F28: =SUM(F19,F22,F25) -> 98 | G28: =SUM(G19,G22,G25) -> 93 | H28: =SUM(H19,H22,H25) -> 95 | I28: =SUM(I19,I22,I25) -> 108 | J28: =SUM(J19,J22,J25) -> 111 | K28: =SUM(K19,K22,K25) -> 111 | L28: =SUM(L19,L22,L25) -> 107 | ... V28: =SUM(V19,V22,V25) -> 100 | W28: =SUM(E28:V28) -> 1860
D29: PR | E29: =SUM(E20,E23,E26) -> 117 | F29: =SUM(F20,F23,F26) -> 107 | G29: =SUM(G20,G23,G26) -> 133 | H29: =SUM(H20,H23,H26) -> 117 | I29: =SUM(I20,I23,I26) -> 120 | J29: =SUM(J20,J23,J26) -> 128 | K29: =SUM(K20,K23,K26) -> 122 | L29: =SUM(L20,L23,L26) -> 129 | ... V29: =SUM(V20,V23,V26) -> 106 | W29: =SUM(E29:V29) -> 2046
D30: JML | E30: =SUM(E28:E29) -> 227 | F30: =SUM(F28:F29) -> 205 | G30: =SUM(G28:G29) -> 226 | H30: =SUM(H28:H29) -> 212 | I30: =SUM(I28:I29) -> 228 | J30: =SUM(J28:J29) -> 239 | K30: =SUM(K28:K29) -> 233 | L30: =SUM(L28:L29) -> 236 | ... V30: =SUM(V28:V29) -> 206 | W30: =SUM(E30:V30) -> 3906
A32: II | B32: DATA PENGGUNAAN SURAT SUARA
A33: 1 | B33: Jumlah surat suara yang diterima, termasuk surat suara cadangan 2,5% dari DPT | E33: 286 | F33: 272 | G33: 288 | H33: 280 | I33: 300 | J33: 303 | K33: 288 | L33: 304 | M33: 285 | N33: 128 | O33: 298 | P33: 298 | Q33: 262 | R33: 295 | S33: 299 | T33: 237 | U33: 263 | V33: 256 | W33: =SUM(E33:V33) -> 4942
A34: 2 | B34: Jumlah surat suara yang digunakan | E34: 227 | F34: 205 | G34: 226 | H34: 212 | I34: 228 | J34: 239 | K34: 233 | L34: 236 | M34: 240 | N34: 108 | O34: 236 | P34: 246 | Q34: 213 | R34: 212 | S34: 233 | T34: 187 | U34: 219 | V34: 206 | W34: =SUM(E34:V34) -> 3906
A35: 3 | B35: Jumlah surat suara dikembalikan oleh pemilih (karena rusak atau keliru coblos) | E35: 0 | F35: 0 | G35: 0 | H35: 0 | I35: 0 | J35: 0 | K35: 0 | L35: 0 | M35: 0 | N35: 0 | O35: 0 | P35: 0 | Q35: 2 | R35: 0 | S35: 0 | T35: 9 | U35: 0 | V35: 0 | W35: =SUM(E35:V35) -> 11
A36: 4 | B36: Jumlah surat suara yang tidak digunakan/tidak terpakai, termasuk sisa surat suara cadangan | E36: =E33-(E34+E35) -> 59 | F36: =F33-(F34+F35) -> 67 | G36: =G33-(G34+G35) -> 62 | H36: =H33-(H34+H35) -> 68 | I36: =I33-(I34+I35) -> 72 | J36: =J33-(J34+J35) -> 64 | K36: =K33-(K34+K35) -> 55 | L36: =L33-(L34+L35) -> 68 | ... V36: =V33-(V34+V35) -> 50 | W36: =SUM(E36:V36) -> 1025
A38: III | B38: DATA PEMILIH DISABILITAS
B39: Jumlah seluruh Pemilih disabilitas yang menggunakan hak pilih | D39: LK | E39: 0 | F39: 2 | G39: 1 | H39: 0 | I39: 0 | J39: 0 | K39: 0 | L39: 0 | M39: 0 | N39: 0 | O39: 0 | P39: 0 | Q39: 0 | R39: 0 | S39: 0 | T39: 0 | U39: 0 | V39: 0 | W39: =SUM(E39:V39) -> 3
D40: PR | E40: 0 | F40: 2 | G40: 0 | H40: 0 | I40: 0 | J40: 0 | K40: 0 | L40: 0 | M40: 0 | N40: 0 | O40: 0 | P40: 0 | Q40: 0 | R40: 2 | S40: 0 | T40: 0 | U40: 0 | V40: 0 | W40: =SUM(E40:V40) -> 4
D41: JML | E41: =SUM(E39:E40) -> 0 | F41: =SUM(F39:F40) -> 4 | G41: =SUM(G39:G40) -> 1 | H41: =SUM(H39:H40) -> 0 | I41: =SUM(I39:I40) -> 0 | J41: =SUM(J39:J40) -> 0 | K41: =SUM(K39:K40) -> 0 | L41: =SUM(L39:L40) -> 0 | ... V41: =SUM(V39:V40) -> 0 | W41: =SUM(E41:V41) -> 7
A43: IV | B43: DATA RINCIAN PEROLEHAN SUARA PASANGAN CALON BUPATI DAN WAKIL BUPATI
A44: NOMOR DAN NAMA CALON
A45: A.1 | B45: 1. | C45: Partai Kebangkitan Bangsa | E45: 13 | F45: 5 | G45: 8 | H45: 7 | I45: 5 | J45: 6 | K45: 4 | L45: 3 | M45: 5 | N45: 0 | O45: 6 | P45: 3 | Q45: 2 | R45: 6 | S45: 11 | T45: 6 | U45: 3 | V45: 1 | W45: =SUM(E45:V45) -> 94
A46: A.2 | B46: 1 | C46: 1. Dr. Hj. NIHAYATUL WAFIROH, M.A. | E46: 6 | F46: 6 | G46: 4 | H46: 12 | I46: 7 | J46: 2 | K46: 2 | L46: 3 | M46: 1 | N46: 0 | O46: 4 | P46: 6 | Q46: 6 | R46: 5 | S46: 10 | T46: 8 | U46: 7 | V46: 3 | W46: =SUM(E46:V46) -> 92
B47: 2 | C47: 2. H. M. NASIM KHAN | E47: 9 | F47: 5 | G47: 4 | H47: 4 | I47: 4 | J47: 14 | K47: 3 | L47: 2 | M47: 10 | N47: 0 | O47: 13 | P47: 17 | Q47: 5 | R47: 6 | S47: 13 | T47: 10 | U47: 8 | V47: 3 | W47: =SUM(E47:V47) -> 130
B48: 3 | C48: 3. Dr. H. AKIK ZAMAN, M.Pd.I. | E48: 5 | F48: 4 | G48: 2 | H48: 7 | I48: 8 | J48: 0 | K48: 1 | L48: 2 | M48: 1 | N48: 0 | O48: 0 | P48: 2 | Q48: 7 | R48: 4 | S48: 6 | T48: 1 | U48: 0 | V48: 2 | W48: =SUM(E48:V48) -> 52
B49: 4 | C49: 4. AHMAD RIFA'I, S.H. | E49: 1 | F49: 0 | G49: 0 | H49: 0 | I49: 0 | J49: 0 | K49: 0 | L49: 0 | M49: 0 | N49: 0 | O49: 0 | P49: 0 | Q49: 1 | R49: 0 | S49: 0 | T49: 0 | U49: 0 | V49: 0 | W49: =SUM(E49:V49) -> 2
B50: 5 | C50: 5. Drs. H. MAHFUD M.N. | E50: 0 | F50: 0 | G50: 0 | H50: 0 | I50: 0 | J50: 0 | K50: 0 | L50: 0 | M50: 0 | N50: 0 | O50: 0 | P50: 0 | Q50: 0 | R50: 1 | S50: 0 | T50: 2 | U50: 0 | V50: 0 | W50: =SUM(E50:V50) -> 3
B51: 6 | C51: 6. NURHAYATI, S.Pd. | E51: 0 | F51: 0 | G51: 0 | H51: 1 | I51: 0 | J51: 1 | K51: 0 | L51: 0 | M51: 0 | N51: 0 | O51: 0 | P51: 0 | Q51: 0 | R51: 0 | S51: 0 | T51: 0 | U51: 0 | V51: 0 | W51: =SUM(E51:V51) -> 2
B52: 7 | C52: 7. MAFTUHA KISWAH | E52: 0 | F52: 0 | G52: 0 | H52: 0 | I52: 0 | J52: 0 | K52: 0 | L52: 0 | M52: 0 | N52: 0 | O52: 0 | P52: 0 | Q52: 0 | R52: 0 | S52: 0 | T52: 0 | U52: 0 | V52: 0 | W52: =SUM(E52:V52) -> 0
W53: =SUM(E53:V53) -> 0
W54: =SUM(E54:V54) -> 0
A55: B | B55: JUMLAH SUARA SAH PARTAI POLITIK DAN CALON (A1 + A2) | E55: =SUM(E45:E54) -> 34 | F55: =SUM(F45:F54) -> 20 | G55: =SUM(G45:G54) -> 18 | H55: =SUM(H45:H54) -> 31 | I55: =SUM(I45:I54) -> 24 | J55: =SUM(J45:J54) -> 23 | K55: =SUM(K45:K54) -> 10 | L55: =SUM(L45:L54) -> 10 | ... W55: =SUM(W45:W54) -> 375
A57: A.1 | B57: 2. | C57: Partai Gerakan Indonesia Raya | E57: 6 | F57: 0 | G57: 0 | H57: 7 | I57: 3 | J57: 12 | K57: 1 | L57: 7 | M57: 2 | N57: 0 | O57: 4 | P57: 2 | Q57: 2 | R57: 11 | S57: 6 | T57: 11 | U57: 2 | V57: 4 | W57: =SUM(E57:V57) -> 80
A58: A.2 | B58: 1 | C58: 1. SUMAIL ABDULLAH | E58: 12 | F58: 10 | G58: 6 | H58: 6 | I58: 14 | J58: 20 | K58: 5 | L58: 5 | M58: 12 | N58: 0 | O58: 9 | P58: 2 | Q58: 7 | R58: 23 | S58: 34 | T58: 32 | U58: 5 | V58: 16 | W58: =SUM(E58:V58) -> 218
B59: 2 | C59: 2. MUHAMMAD ALI ADRIAN SALEH | E59: 1 | F59: 1 | G59: 0 | H59: 1 | I59: 3 | J59: 1 | K59: 1 | L59: 0 | M59: 2 | N59: 0 | O59: 0 | P59: 2 | Q59: 0 | R59: 2 | S59: 3 | T59: 3 | U59: 3 | V59: 0 | W59: =SUM(E59:V59) -> 23
B60: 3 | C60: 3. DURROTUN NAFISAH | E60: 0 | F60: 0 | G60: 0 | H60: 0 | I60: 0 | J60: 0 | K60: 1 | L60: 0 | M60: 1 | N60: 0 | O60: 0 | P60: 0 | Q60: 0 | R60: 0 | S60: 0 | T60: 2 | U60: 1 | V60: 1 | W60: =SUM(E60:V60) -> 6
B61: 4 | C61: 4. H. EKO SUSILO NURHIDAYAT | E61: 1 | F61: 0 | G61: 0 | H61: 0 | I61: 0 | J61: 0 | K61: 0 | L61: 0 | M61: 1 | N61: 1 | O61: 0 | P61: 0 | Q61: 0 | R61: 0 | S61: 1 | T61: 0 | U61: 0 | V61: 1 | W61: =SUM(E61:V61) -> 5
B62: 5 | C62: 5. KARNADI HARIJANTO, S.S. | E62: 0 | F62: 0 | G62: 0 | H62: 0 | I62: 0 | J62: 0 | K62: 0 | L62: 0 | M62: 0 | N62: 0 | O62: 0 | P62: 0 | Q62: 0 | R62: 0 | S62: 0 | T62: 0 | U62: 0 | V62: 0 | W62: =SUM(E62:V62) -> 0
B63: 6 | C63: 6. NURHAYATI | E63: 0 | F63: 0 | G63: 0 | H63: 0 | I63: 0 | J63: 1 | K63: 1 | L63: 0 | M63: 0 | N63: 1 | O63: 0 | P63: 0 | Q63: 1 | R63: 0 | S63: 0 | T63: 0 | U63: 0 | V63: 0 | W63: =SUM(E63:V63) -> 4
B64: 7 | C64: 7. MASHUDI | E64: 0 | F64: 0 | G64: 0 | H64: 0 | I64: 0 | J64: 0 | K64: 0 | L64: 0 | M64: 0 | N64: 0 | O64: 0 | P64: 1 | Q64: 0 | R64: 0 | S64: 0 | T64: 0 | U64: 1 | V64: 0 | W64: =SUM(E64:V64) -> 2
W65: =SUM(E65:V65) -> 0
W66: =SUM(E66:V66) -> 0
A67: B | B67: JUMLAH SUARA SAH PARTAI POLITIK DAN CALON (A1 + A2) | E67: =SUM(E57:E66) -> 20 | F67: =SUM(F57:F66) -> 11 | G67: =SUM(G57:G66) -> 6 | H67: =SUM(H57:H66) -> 14 | I67: =SUM(I57:I66) -> 20 | J67: =SUM(J57:J66) -> 34 | K67: =SUM(K57:K66) -> 9 | L67: =SUM(L57:L66) -> 12 | ... W67: =SUM(W57:W66) -> 338
A69: A.1 | B69: 3. | C69: Partai Demokrasi Indonesia Perjuangan | E69: 3 | F69: 3 | G69: 2 | H69: 5 | I69: 2 | J69: 3 | K69: 3 | L69: 0 | M69: 2 | N69: 3 | O69: 2 | P69: 1 | Q69: 1 | R69: 5 | S69: 1 | T69: 2 | U69: 2 | V69: 3 | W69: =SUM(E69:V69) -> 43
A70: A.2 | B70: 1 | C70: 1. SONNY TRI DANAPARAMITA, S.H., M.H. | E70: 5 | F70: 3 | G70: 3 | H70: 0 | I70: 0 | J70: 2 | K70: 0 | L70: 0 | M70: 2 | N70: 0 | O70: 6 | P70: 1 | Q70: 1 | R70: 28 | S70: 5 | T70: 1 | U70: 0 | V70: 6 | W70: =SUM(E70:V70) -> 63
B71: 2 | C71: 2. H. MOHAMAD GUNTUR ROMLI | E71: 2 | F71: 0 | G71: 0 | H71: 1 | I71: 1 | J71: 0 | K71: 1 | L71: 0 | M71: 0 | N71: 0 | O71: 2 | P71: 0 | Q71: 0 | R71: 7 | S71: 2 | T71: 1 | U71: 1 | V71: 0 | W71: =SUM(E71:V71) -> 18
B72: 3 | C72: 3. INA AMMANIA | E72: 1 | F72: 0 | G72: 2 | H72: 0 | I72: 1 | J72: 0 | K72: 0 | L72: 1 | M72: 0 | N72: 1 | O72: 2 | P72: 0 | Q72: 2 | R72: 2 | S72: 1 | T72: 0 | U72: 0 | V72: 2 | W72: =SUM(E72:V72) -> 15
B73: 4 | C73: 4. IRWAN BACHTIAR RACHMAT, M.Si. | E73: 1 | F73: 0 | G73: 0 | H73: 0 | I73: 0 | J73: 0 | K73: 1 | L73: 0 | M73: 0 | N73: 0 | O73: 0 | P73: 2 | Q73: 0 | R73: 0 | S73: 1 | T73: 0 | U73: 1 | V73: 0 | W73: =SUM(E73:V73) -> 6
B74: 5 | C74: 5. LUCKY PERDANA | E74: 0 | F74: 1 | G74: 4 | H74: 0 | I74: 1 | J74: 0 | K74: 1 | L74: 0 | M74: 1 | N74: 0 | O74: 0 | P74: 0 | Q74: 0 | R74: 1 | S74: 1 | T74: 1 | U74: 1 | V74: 0 | W74: =SUM(E74:V74) -> 12
B75: 6 | C75: 6. WIWIK PUJIYATI | E75: 0 | F75: 0 | G75: 0 | H75: 0 | I75: 0 | J75: 0 | K75: 0 | L75: 1 | M75: 1 | N75: 0 | O75: 0 | P75: 0 | Q75: 0 | R75: 0 | S75: 0 | T75: 0 | U75: 0 | V75: 0 | W75: =SUM(E75:V75) -> 2
B76: 7 | C76: 7. CHANDRA ASTAN, S.T. | E76: 51 | F76: 41 | G76: 60 | H76: 12 | I76: 9 | J76: 6 | K76: 11 | L76: 15 | M76: 16 | N76: 72 | O76: 33 | P76: 16 | Q76: 10 | R76: 20 | S76: 24 | T76: 10 | U76: 23 | V76: 13 | W76: =SUM(E76:V76) -> 442
W77: =SUM(E77:V77) -> 0
W78: =SUM(E78:V78) -> 0
A79: B | B79: JUMLAH SUARA SAH PARTAI POLITIK DAN CALON (A1 + A2) | E79: =SUM(E69:E78) -> 63 | F79: =SUM(F69:F78) -> 48 | G79: =SUM(G69:G78) -> 71 | H79: =SUM(H69:H78) -> 18 | I79: =SUM(I69:I78) -> 14 | J79: =SUM(J69:J78) -> 11 | K79: =SUM(K69:K78) -> 17 | L79: =SUM(L69:L78) -> 17 | ... W79: =SUM(W69:W78) -> 601
A81: A.1 | B81: 4. | C81: Partai Golongan Karya | E81: 0 | F81: 1 | G81: 4 | H81: 1 | I81: 2 | J81: 1 | K81: 0 | L81: 0 | M81: 1 | N81: 0 | O81: 1 | P81: 0 | Q81: 1 | R81: 1 | S81: 1 | T81: 2 | U81: 2 | V81: 0 | W81: =SUM(E81:V81) -> 18
A82: A.2 | B82: 1 | C82: 1. ZULFIKAR ARSE SADIKIN, S.I.P., M.Si. | E82: 1 | F82: 0 | G82: 8 | H82: 1 | I82: 0 | J82: 0 | K82: 1 | L82: 1 | M82: 2 | N82: 1 | O82: 0 | P82: 1 | Q82: 1 | R82: 1 | S82: 13 | T82: 1 | U82: 10 | V82: 8 | W82: =SUM(E82:V82) -> 50
B83: 2 | C83: 2. HANDOKO | E83: 0 | F83: 0 | G83: 0 | H83: 1 | I83: 0 | J83: 0 | K83: 0 | L83: 0 | M83: 0 | N83: 0 | O83: 1 | P83: 0 | Q83: 0 | R83: 0 | S83: 0 | T83: 3 | U83: 1 | V83: 1 | W83: =SUM(E83:V83) -> 7
B84: 3 | C84: 3. Hj. OVI DEWI YANTI | E84: 0 | F84: 0 | G84: 0 | H84: 0 | I84: 0 | J84: 0 | K84: 0 | L84: 0 | M84: 0 | N84: 0 | O84: 0 | P84: 0 | Q84: 0 | R84: 0 | S84: 0 | T84: 0 | U84: 0 | V84: 0 | W84: =SUM(E84:V84) -> 0
B85: 4 | C85: 4. Ir. AZAM AZMAN NATAWIJANA | E85: 0 | F85: 0 | G85: 0 | H85: 0 | I85: 0 | J85: 0 | K85: 0 | L85: 0 | M85: 0 | N85: 0 | O85: 2 | P85: 0 | Q85: 0 | R85: 0 | S85: 0 | T85: 0 | U85: 1 | V85: 1 | W85: =SUM(E85:V85) -> 4
B86: 5 | C86: 5. UBAIDILLAH AMIN, S.Kom. | E86: 0 | F86: 0 | G86: 0 | H86: 0 | I86: 0 | J86: 0 | K86: 0 | L86: 0 | M86: 0 | N86: 0 | O86: 1 | P86: 0 | Q86: 0 | R86: 0 | S86: 0 | T86: 0 | U86: 0 | V86: 0 | W86: =SUM(E86:V86) -> 1
B87: 6 | C87: 6. DENNY YUNIANDARI, S.H., M.Kn. | E87: 0 | F87: 0 | G87: 0 | H87: 0 | I87: 0 | J87: 0 | K87: 0 | L87: 0 | M87: 0 | N87: 0 | O87: 0 | P87: 0 | Q87: 0 | R87: 0 | S87: 0 | T87: 0 | U87: 0 | V87: 0 | W87: =SUM(E87:V87) -> 0
B88: 7 | C88: 7. ERNADI, S.H.I. | E88: 0 | F88: 0 | G88: 0 | H88: 0 | I88: 1 | J88: 0 | K88: 0 | L88: 0 | M88: 0 | N88: 0 | O88: 0 | P88: 0 | Q88: 0 | R88: 0 | S88: 0 | T88: 0 | U88: 0 | V88: 0 | W88: =SUM(E88:V88) -> 1
W89: =SUM(E89:V89) -> 0
W90: =SUM(E90:V90) -> 0
A91: B | B91: JUMLAH SUARA SAH PARTAI POLITIK DAN CALON (A1 + A2) | E91: =SUM(E81:E90) -> 1 | F91: =SUM(F81:F90) -> 1 | G91: =SUM(G81:G90) -> 12 | H91: =SUM(H81:H90) -> 3 | I91: =SUM(I81:I90) -> 3 | J91: =SUM(J81:J90) -> 1 | K91: =SUM(K81:K90) -> 1 | L91: =SUM(L81:L90) -> 1 | ... W91: =SUM(W81:W90) -> 81
A93: A.1 | B93: 5. | C93: Partai NasDem | E93: 2 | F93: 3 | G93: 2 | H93: 2 | I93: 0 | J93: 1 | K93: 2 | L93: 1 | M93: 2 | N93: 0 | O93: 0 | P93: 0 | Q93: 0 | R93: 3 | S93: 5 | T93: 2 | U93: 0 | V93: 0 | W93: =SUM(E93:V93) -> 25
A94: A.2 | B94: 1 | C94: 1. ACH. FADIL MUZAKKI SYAH | E94: 3 | F94: 3 | G94: 1 | H94: 5 | I94: 4 | J94: 20 | K94: 5 | L94: 8 | M94: 11 | N94: 0 | O94: 2 | P94: 6 | Q94: 3 | R94: 10 | S94: 30 | T94: 8 | U94: 7 | V94: 1 | W94: =SUM(E94:V94) -> 127
B95: 2 | C95: 2. BENY | E95: 0 | F95: 0 | G95: 5 | H95: 0 | I95: 0 | J95: 0 | K95: 0 | L95: 0 | M95: 1 | N95: 0 | O95: 0 | P95: 0 | Q95: 1 | R95: 1 | S95: 0 | T95: 17 | U95: 0 | V95: 0 | W95: =SUM(E95:V95) -> 25
B96: 3 | C96: 3. VINA VERONIKA | E96: 0 | F96: 0 | G96: 0 | H96: 0 | I96: 0 | J96: 0 | K96: 0 | L96: 0 | M96: 0 | N96: 0 | O96: 1 | P96: 0 | Q96: 0 | R96: 2 | S96: 0 | T96: 0 | U96: 0 | V96: 0 | W96: =SUM(E96:V96) -> 3
B97: 4 | C97: 4. TEDDY ANUGRIANTO | E97: 0 | F97: 0 | G97: 1 | H97: 0 | I97: 0 | J97: 0 | K97: 0 | L97: 0 | M97: 0 | N97: 0 | O97: 0 | P97: 0 | Q97: 0 | R97: 4 | S97: 0 | T97: 0 | U97: 0 | V97: 1 | W97: =SUM(E97:V97) -> 6
B98: 5 | C98: 5. INSAN KAMIL | E98: 0 | F98: 0 | G98: 1 | H98: 0 | I98: 0 | J98: 0 | K98: 0 | L98: 0 | M98: 0 | N98: 0 | O98: 0 | P98: 0 | Q98: 1 | R98: 0 | S98: 0 | T98: 0 | U98: 0 | V98: 0 | W98: =SUM(E98:V98) -> 2
B99: 6 | C99: 6. LILIK LINDARWATI | E99: 0 | F99: 0 | G99: 0 | H99: 0 | I99: 0 | J99: 0 | K99: 0 | L99: 0 | M99: 0 | N99: 0 | O99: 0 | P99: 0 | Q99: 0 | R99: 0 | S99: 0 | T99: 0 | U99: 0 | V99: 0 | W99: =SUM(E99:V99) -> 0
B100: 7 | C100: 7. YULI ANITA | E100: 0 | F100: 0 | G100: 0 | H100: 0 | I100: 0 | J100: 0 | K100: 0 | L100: 0 | M100: 0 | N100: 0 | O100: 0 | P100: 0 | Q100: 0 | R100: 0 | S100: 0 | T100: 0 | U100: 0 | V100: 0 | W100: =SUM(E100:V100) -> 0
W101: =SUM(E101:V101) -> 0
W102: =SUM(E102:V102) -> 0
A103: B | B103: JUMLAH SUARA SAH PARTAI POLITIK DAN CALON (A1 + A2) | E103: =SUM(E93:E102) -> 5 | F103: =SUM(F93:F102) -> 6 | G103: =SUM(G93:G102) -> 10 | H103: =SUM(H93:H102) -> 7 | I103: =SUM(I93:I102) -> 4 | J103: =SUM(J93:J102) -> 21 | K103: =SUM(K93:K102) -> 7 | L103: =SUM(L93:L102) -> 9 | ... W103: =SUM(W93:W102) -> 188
A105: A.1 | B105: 6. | C105: Partai Buruh | E105: 0 | F105: 0 | G105: 0 | H105: 0 | I105: 0 | J105: 0 | K105: 0 | L105: 0 | M105: 0 | N105: 0 | O105: 0 | P105: 0 | Q105: 0 | R105: 1 | S105: 0 | T105: 0 | U105: 0 | V105: 0 | W105: =SUM(E105:V105) -> 1
A106: A.2 | B106: 1 | C106: 1. KHOIRUL ANAM | E106: 0 | F106: 2 | G106: 0 | H106: 0 | I106: 0 | J106: 0 | K106: 0 | L106: 0 | M106: 0 | N106: 0 | O106: 0 | P106: 0 | Q106: 0 | R106: 0 | S106: 1 | T106: 1 | U106: 0 | V106: 0 | W106: =SUM(E106:V106) -> 4
B107: 2 | C107: 2. INA KURNIA | E107: 0 | F107: 0 | G107: 0 | H107: 0 | I107: 0 | J107: 0 | K107: 0 | L107: 0 | M107: 0 | N107: 0 | O107: 0 | P107: 0 | Q107: 0 | R107: 0 | S107: 0 | T107: 0 | U107: 0 | V107: 0 | W107: =SUM(E107:V107) -> 0
B108: 3 | C108: 3. JIBRAL TAROUK | E108: 0 | F108: 0 | G108: 0 | H108: 0 | I108: 0 | J108: 0 | K108: 0 | L108: 0 | M108: 0 | N108: 0 | O108: 0 | P108: 0 | Q108: 1 | R108: 0 | S108: 0 | T108: 0 | U108: 0 | V108: 0 | W108: =SUM(E108:V108) -> 1
B109: 4 | C109: 4. ASTUTI DAENG PUJI | E109: 0 | F109: 0 | G109: 0 | H109: 0 | I109: 1 | J109: 0 | K109: 0 | L109: 0 | M109: 0 | N109: 0 | O109: 0 | P109: 0 | Q109: 0 | R109: 0 | S109: 0 | T109: 0 | U109: 0 | V109: 0 | W109: =SUM(E109:V109) -> 1
B110: 5 | C110: 5. ASDARMAWAN | E110: 0 | F110: 0 | G110: 0 | H110: 0 | I110: 0 | J110: 0 | K110: 0 | L110: 0 | M110: 0 | N110: 0 | O110: 0 | P110: 0 | Q110: 0 | R110: 0 | S110: 0 | T110: 0 | U110: 0 | V110: 0 | W110: =SUM(E110:V110) -> 0
B111: 6 | C111: 6. RIFQI MUBAROK | E111: 0 | F111: 0 | G111: 0 | H111: 0 | I111: 0 | J111: 0 | K111: 0 | L111: 0 | M111: 0 | N111: 0 | O111: 0 | P111: 0 | Q111: 0 | R111: 0 | S111: 0 | T111: 0 | U111: 0 | V111: 0 | W111: =SUM(E111:V111) -> 0
B112: 7 | C112: 7. FIRNANDA ALTA MEGA | E112: 0 | F112: 0 | G112: 0 | H112: 0 | I112: 0 | J112: 0 | K112: 0 | L112: 0 | M112: 0 | N112: 0 | O112: 0 | P112: 0 | Q112: 0 | R112: 0 | S112: 0 | T112: 0 | U112: 0 | V112: 0 | W112: =SUM(E112:V112) -> 0
W113: =SUM(E113:V113) -> 0
W114: =SUM(E114:V114) -> 0
A115: B | B115: JUMLAH SUARA SAH PARTAI POLITIK DAN CALON (A1 + A2) | E115: =SUM(E105:E114) -> 0 | F115: =SUM(F105:F114) -> 2 | G115: =SUM(G105:G114) -> 0 | H115: =SUM(H105:H114) -> 0 | I115: =SUM(I105:I114) -> 1 | J115: =SUM(J105:J114) -> 0 | K115: =SUM(K105:K114) -> 0 | L115: =SUM(L105:L114) -> 0 | ... W115: =SUM(W105:W114) -> 7
A117: A.1 | B117: 7. | C117: Partai Gelombang Rakyat Indonesia | E117: 0 | F117: 0 | G117: 1 | H117: 2 | I117: 0 | J117: 1 | K117: 0 | L117: 0 | M117: 0 | N117: 0 | O117: 0 | P117: 0 | Q117: 0 | R117: 0 | S117: 0 | T117: 1 | U117: 1 | V117: 1 | W117: =SUM(E117:V117) -> 7
...

Sheet BENGKAK
C2: Kecamatan | D2: WONGSOREJO
C3: Kabupaten | D3: BANYUWANGI
C4: Provinsi | D4: JAWA TIMUR
C9: Kelurahan | D9: BENGKAK
A12: I | B12: DATA PEMILIH DAN PENGGUNAAN HAK PILIH | Y12: JUMLAH AKHIR
A13: A | B13: DATA PEMILIH | E13: TPS 001 | F13: TPS 002 | G13: TPS 003 | H13: TPS 004 | I13: TPS 005 | J13: TPS 006 | K13: TPS 007 | L13: TPS 008 | M13: TPS 009 | N13: TPS 010 | O13: TPS 011 | P13: TPS 012 | Q13: TPS 013 | R13: TPS 014 | S13: TPS 015 | T13: TPS 016 | U13: TPS 017 | V13: TPS 018 | W13: TPS 019 | X13: TPS 020
B14: Jumlah Pemilih dalam Daftar Pemilih Tetap (DPT) | D14: LK | E14: 121 | F14: 137 | G14: 150 | H14: 141 | I14: 129 | J14: 142 | K14: 142 | L14: 142 | M14: 132 | N14: 111 | O14: 121 | P14: 140 | Q14: 115 | R14: 135 | S14: 139 | T14: 110 | U14: 151 | V14: 139 | W14: 133 | X14: 132 | Y14: =SUM(E14:X14) -> 2662
D15: PR | E15: 114 | F15: 156 | G15: 148 | H15: 137 | I15: 143 | J15: 151 | K15: 148 | L15: 141 | M15: 135 | N15: 129 | O15: 129 | P15: 121 | Q15: 115 | R15: 147 | S15: 152 | T15: 132 | U15: 146 | V15: 149 | W15: 147 | X15: 144 | Y15: =SUM(E15:X15) -> 2784
D16: JML | E16: =SUM(E14:E15) -> 235 | F16: =SUM(F14:F15) -> 293 | G16: =SUM(G14:G15) -> 298 | H16: =SUM(H14:H15) -> 278 | I16: =SUM(I14:I15) -> 272 | J16: =SUM(J14:J15) -> 293 | K16: =SUM(K14:K15) -> 290 | L16: =SUM(L14:L15) -> 283 | ... X16: =SUM(X14:X15) -> 276 | Y16: =SUM(E16:X16) -> 5446
A18: B | B18: PENGGUNA HAK PILIH
B19: 1. | C19: Jumlah pengguna hak pilih dalam Daftar Pemilih Tetap (DPT) | D19: LK | E19: 98 | F19: 99 | G19: 122 | H19: 107 | I19: 94 | J19: 114 | K19: 107 | L19: 116 | M19: 97 | N19: 83 | O19: 89 | P19: 107 | Q19: 93 | R19: 96 | S19: 99 | T19: 75 | U19: 137 | V19: 107 | W19: 109 | X19: 101 | Y19: =SUM(E19:X19) -> 2050
D20: PR | E20: 102 | F20: 117 | G20: 109 | H20: 100 | I20: 110 | J20: 129 | K20: 123 | L20: 110 | M20: 112 | N20: 110 | O20: 116 | P20: 106 | Q20: 100 | R20: 118 | S20: 123 | T20: 94 | U20: 138 | V20: 124 | W20: 116 | X20: 114 | Y20: =SUM(E20:X20) -> 2271
D21: JML | E21: =SUM(E19:E20) -> 200 | F21: =SUM(F19:F20) -> 216 | G21: =SUM(G19:G20) -> 231 | H21: =SUM(H19:H20) -> 207 | I21: =SUM(I19:I20) -> 204 | J21: =SUM(J19:J20) -> 243 | K21: =SUM(K19:K20) -> 230 | L21: =SUM(L19:L20) -> 226 | ... X21: =SUM(X19:X20) -> 215 | Y21: =SUM(E21:X21) -> 4321
B22: 2. | C22: Jumlah pengguna hak pilih dalam Daftar Pemilih Tambahan (DPTb) | D22: LK | E22: 0 | F22: 0 | G22: 0 | H22: 0 | I22: 0 | J22: 0 | K22: 0 | L22: 0 | M22: 0 | N22: 0 | O22: 0 | P22: 0 | Q22: 0 | R22: 0 | S22: 0 | T22: 0 | U22: 0 | V22: 0 | W22: 0 | X22: 0 | Y22: =SUM(E22:X22) -> 0
D23: PR | E23: 0 | F23: 0 | G23: 0 | H23: 0 | I23: 0 | J23: 0 | K23: 0 | L23: 0 | M23: 0 | N23: 0 | O23: 0 | P23: 0 | Q23: 0 | R23: 0 | S23: 0 | T23: 0 | U23: 0 | V23: 0 | W23: 0 | X23: 0 | Y23: =SUM(E23:X23) -> 0
D24: JML | E24: =SUM(E22:E23) -> 0 | F24: =SUM(F22:F23) -> 0 | G24: =SUM(G22:G23) -> 0 | H24: =SUM(H22:H23) -> 0 | I24: =SUM(I22:I23) -> 0 | J24: =SUM(J22:J23) -> 0 | K24: =SUM(K22:K23) -> 0 | L24: =SUM(L22:L23) -> 0 | ... X24: =SUM(X22:X23) -> 0 | Y24: =SUM(E24:X24) -> 0
B25: 3. | C25: Jumlah pengguna hak pilih dalam Daftar Pemilih Khusus (DPK) | D25: LK | E25: 0 | F25: 0 | G25: 0 | H25: 0 | I25: 0 | J25: 0 | K25: 0 | L25: 0 | M25: 0 | N25: 0 | O25: 0 | P25: 0 | Q25: 0 | R25: 0 | S25: 0 | T25: 0 | U25: 1 | V25: 0 | W25: 0 | X25: 1 | Y25: =SUM(E25:X25) -> 2
D26: PR | E26: 0 | F26: 0 | G26: 0 | H26: 0 | I26: 0 | J26: 0 | K26: 0 | L26: 0 | M26: 0 | N26: 0 | O26: 0 | P26: 0 | Q26: 0 | R26: 0 | S26: 0 | T26: 0 | U26: 0 | V26: 0 | W26: 0 | X26: 1 | Y26: =SUM(E26:X26) -> 1
D27: JML | E27: =SUM(E25:E26) -> 0 | F27: =SUM(F25:F26) -> 0 | G27: =SUM(G25:G26) -> 0 | H27: =SUM(H25:H26) -> 0 | I27: =SUM(I25:I26) -> 0 | J27: =SUM(J25:J26) -> 0 | K27: =SUM(K25:K26) -> 0 | L27: =SUM(L25:L26) -> 0 | ... X27: =SUM(X25:X26) -> 2 | Y27: =SUM(E27:X27) -> 3
B28: 4. | C28: Jumlah Pengguna Hak Pilih (B.1+B.2+B.3) | D28: LK | E28: =SUM(E19,E22,E25) -> 98 | F28: =SUM(F19,F22,F25) -> 99 | G28: =SUM(G19,G22,G25) -> 122 | H28: =SUM(H19,H22,H25) -> 107 | I28: =SUM(I19,I22,I25) -> 94 | J28: =SUM(J19,J22,J25) -> 114 | K28: =SUM(K19,K22,K25) -> 107 | L28: =SUM(L19,L22,L25) -> 116 | ... X28: =SUM(X19,X22,X25) -> 102 | Y28: =SUM(E28:X28) -> 2052
D29: PR | E29: =SUM(E20,E23,E26) -> 102 | F29: =SUM(F20,F23,F26) -> 117 | G29: =SUM(G20,G23,G26) -> 109 | H29: =SUM(H20,H23,H26) -> 100 | I29: =SUM(I20,I23,I26) -> 110 | J29: =SUM(J20,J23,J26) -> 129 | K29: =SUM(K20,K23,K26) -> 123 | L29: =SUM(L20,L23,L26) -> 110 | ... X29: =SUM(X20,X23,X26) -> 115 | Y29: =SUM(E29:X29) -> 2272
D30: JML | E30: =SUM(E28:E29) -> 200 | F30: =SUM(F28:F29) -> 216 | G30: =SUM(G28:G29) -> 231 | H30: =SUM(H28:H29) -> 207 | I30: =SUM(I28:I29) -> 204 | J30: =SUM(J28:J29) -> 243 | K30: =SUM(K28:K29) -> 230 | L30: =SUM(L28:L29) -> 226 | ... X30: =SUM(X28:X29) -> 217 | Y30: =SUM(E30:X30) -> 4324
A32: II | B32: DATA PENGGUNAAN SURAT SUARA
A33: 1 | B33: Jumlah surat suara yang diterima, termasuk surat suara cadangan 2,5% dari DPT | E33: 240 | F33: 299 | G33: 304 | H33: 284 | I33: 277 | J33: 298 | K33: 296 | L33: 289 | M33: 273 | N33: 245 | O33: 255 | P33: 267 | Q33: 235 | R33: 287 | S33: 297 | T33: 247 | U33: 303 | V33: 294 | W33: 286 | X33: 280 | Y33: =SUM(E33:X33) -> 5556
A34: 2 | B34: Jumlah surat suara yang digunakan | E34: 200 | F34: 216 | G34: 231 | H34: 207 | I34: 204 | J34: 243 | K34: 230 | L34: 226 | M34: 209 | N34: 193 | O34: 205 | P34: 213 | Q34: 193 | R34: 214 | S34: 222 | T34: 169 | U34: 276 | V34: 231 | W34: 225 | X34: 217 | Y34: =SUM(E34:X34) -> 4324
A35: 3 | B35: Jumlah surat suara dikembalikan oleh pemilih (karena rusak atau keliru coblos) | E35: 0 | F35: 0 | G35: 1 | H35: 0 | I35: 0 | J35: 0 | K35: 1 | L35: 0 | M35: 0 | N35: 0 | O35: 0 | P35: 0 | Q35: 0 | R35: 0 | S35: 0 | T35: 0 | U35: 0 | V35: 1 | W35: 1 | X35: 0 | Y35: =SUM(E35:X35) -> 4
A36: 4 | B36: Jumlah surat suara yang tidak digunakan/tidak terpakai, termasuk sisa surat suara cadangan | E36: =E33-(E34+E35) -> 40 | F36: =F33-(F34+F35) -> 83 | G36: =G33-(G34+G35) -> 72 | H36: =H33-(H34+H35) -> 77 | I36: =I33-(I34+I35) -> 73 | J36: =J33-(J34+J35) -> 55 | K36: =K33-(K34+K35) -> 65 | L36: =L33-(L34+L35) -> 63 | ... X36: =X33-(X34+X35) -> 63 | Y36: =SUM(E36:X36) -> 1228
A38: III | B38: DATA PEMILIH DISABILITAS
B39: Jumlah seluruh Pemilih disabilitas yang menggunakan hak pilih | D39: LK | E39: 0 | F39: 0 | G39: 0 | H39: 0 | I39: 0 | J39: 0 | K39: 0 | L39: 0 | M39: 0 | N39: 0 | O39: 0 | P39: 0 | Q39: 0 | R39: 0 | S39: 0 | T39: 0 | U39: 0 | V39: 0 | W39: 0 | X39: 0 | Y39: =SUM(E39:X39) -> 0
D40: PR | E40: 0 | F40: 0 | G40: 0 | H40: 0 | I40: 0 | J40: 0 | K40: 0 | L40: 0 | M40: 0 | N40: 0 | O40: 1 | P40: 0 | Q40: 0 | R40: 0 | S40: 0 | T40: 0 | U40: 0 | V40: 0 | W40: 0 | X40: 0 | Y40: =SUM(E40:X40) -> 1
D41: JML | E41: =SUM(E39:E40) -> 0 | F41: =SUM(F39:F40) -> 0 | G41: =SUM(G39:G40) -> 0 | H41: =SUM(H39:H40) -> 0 | I41: =SUM(I39:I40) -> 0 | J41: =SUM(J39:J40) -> 0 | K41: =SUM(K39:K40) -> 0 | L41: =SUM(L39:L40) -> 0 | ... X41: =SUM(X39:X40) -> 0 | Y41: =SUM(E41:X41) -> 1
A43: IV | B43: DATA RINCIAN PEROLEHAN SUARA PASANGAN CALON BUPATI DAN WAKIL BUPATI
A44: NOMOR DAN NAMA CALON
A45: A.1 | B45: 1. | C45: Partai Kebangkitan Bangsa | E45: 3 | F45: 2 | G45: 4 | H45: 3 | I45: 7 | J45: 3 | K45: 4 | L45: 7 | M45: 7 | N45: 4 | O45: 11 | P45: 6 | Q45: 4 | R45: 16 | S45: 5 | T45: 6 | U45: 8 | V45: 17 | W45: 6 | X45: 2 | Y45: =SUM(E45:X45) -> 125
A46: A.2 | B46: 1 | C46: 1. Dr. Hj. NIHAYATUL WAFIROH, M.A. | E46: 3 | F46: 6 | G46: 4 | H46: 2 | I46: 1 | J46: 10 | K46: 25 | L46: 14 | M46: 2 | N46: 3 | O46: 19 | P46: 11 | Q46: 6 | R46: 40 | S46: 7 | T46: 2 | U46: 15 | V46: 13 | W46: 2 | X46: 13 | Y46: =SUM(E46:X46) -> 198
B47: 2 | C47: 2. H. M. NASIM KHAN | E47: 2 | F47: 5 | G47: 11 | H47: 8 | I47: 3 | J47: 3 | K47: 15 | L47: 8 | M47: 4 | N47: 4 | O47: 20 | P47: 12 | Q47: 4 | R47: 7 | S47: 7 | T47: 6 | U47: 12 | V47: 10 | W47: 11 | X47: 12 | Y47: =SUM(E47:X47) -> 164
B48: 3 | C48: 3. Dr. H. AKIK ZAMAN, M.Pd.I. | E48: 1 | F48: 4 | G48: 2 | H48: 0 | I48: 0 | J48: 2 | K48: 5 | L48: 3 | M48: 15 | N48: 19 | O48: 11 | P48: 16 | Q48: 0 | R48: 4 | S48: 6 | T48: 4 | U48: 0 | V48: 14 | W48: 3 | X48: 5 | Y48: =SUM(E48:X48) -> 114
B49: 4 | C49: 4. AHMAD RIFA'I, S.H. | E49: 0 | F49: 0 | G49: 0 | H49: 0 | I49: 0 | J49: 0 | K49: 0 | L49: 1 | M49: 1 | N49: 0 | O49: 0 | P49: 1 | Q49: 1 | R49: 0 | S49: 1 | T49: 0 | U49: 0 | V49: 0 | W49: 0 | X49: 1 | Y49: =SUM(E49:X49) -> 6
B50: 5 | C50: 5. Drs. H. MAHFUD M.N. | E50: 1 | F50: 0 | G50: 0 | H50: 0 | I50: 0 | J50: 0 | K50: 0 | L50: 0 | M50: 0 | N50: 1 | O50: 0 | P50: 0 | Q50: 0 | R50: 1 | S50: 0 | T50: 0 | U50: 2 | V50: 0 | W50: 1 | X50: 0 | Y50: =SUM(E50:X50) -> 6
B51: 6 | C51: 6. NURHAYATI, S.Pd. | E51: 1 | F51: 0 | G51: 0 | H51: 0 | I51: 0 | J51: 0 | K51: 2 | L51: 0 | M51: 0 | N51: 0 | O51: 0 | P51: 0 | Q51: 0 | R51: 0 | S51: 0 | T51: 1 | U51: 1 | V51: 0 | W51: 0 | X51: 0 | Y51: =SUM(E51:X51) -> 5
B52: 7 | C52: 7. MAFTUHA KISWAH | E52: 0 | F52: 0 | G52: 0 | H52: 0 | I52: 0 | J52: 0 | K52: 0 | L52: 0 | M52: 0 | N52: 0 | O52: 0 | P52: 0 | Q52: 0 | R52: 0 | S52: 0 | T52: 0 | U52: 0 | V52: 0 | W52: 2 | X52: 0 | Y52: =SUM(E52:X52) -> 2
Y53: =SUM(E53:X53) -> 0
Y54: =SUM(E54:X54) -> 0
A55: B | B55: JUMLAH SUARA SAH PARTAI POLITIK DAN CALON (A1 + A2) | E55: =SUM(E45:E54) -> 11 | F55: =SUM(F45:F54) -> 17 | G55: =SUM(G45:G54) -> 21 | H55: =SUM(H45:H54) -> 13 | I55: =SUM(I45:I54) -> 11 | J55: =SUM(J45:J54) -> 18 | K55: =SUM(K45:K54) -> 51 | L55: =SUM(L45:L54) -> 33 | ... Y55: =SUM(Y45:Y54) -> 620
A57: A.1 | B57: 2. | C57: Partai Gerakan Indonesia Raya | E57: 12 | F57: 9 | G57: 7 | H57: 8 | I57: 3 | J57: 13 | K57: 3 | L57: 5 | M57: 11 | N57: 11 | O57: 6 | P57: 9 | Q57: 4 | R57: 16 | S57: 15 | T57: 6 | U57: 5 | V57: 7 | W57: 7 | X57: 10 | Y57: =SUM(E57:X57) -> 167
A58: A.2 | B58: 1 | C58: 1. SUMAIL ABDULLAH | E58: 14 | F58: 32 | G58: 46 | H58: 34 | I58: 25 | J58: 41 | K58: 34 | L58: 26 | M58: 13 | N58: 31 | O58: 18 | P58: 14 | Q58: 42 | R58: 5 | S58: 25 | T58: 22 | U58: 15 | V58: 28 | W58: 26 | X58: 49 | Y58: =SUM(E58:X58) -> 540
B59: 2 | C59: 2. MUHAMMAD ALI ADRIAN SALEH | E59: 1 | F59: 0 | G59: 11 | H59: 14 | I59: 4 | J59: 10 | K59: 13 | L59: 6 | M59: 13 | N59: 6 | O59: 11 | P59: 1 | Q59: 1 | R59: 6 | S59: 12 | T59: 11 | U59: 17 | V59: 2 | W59: 12 | X59: 26 | Y59: =SUM(E59:X59) -> 177
B60: 3 | C60: 3. DURROTUN NAFISAH | E60: 0 | F60: 0 | G60: 1 | H60: 0 | I60: 0 | J60: 0 | K60: 0 | L60: 0 | M60: 2 | N60: 1 | O60: 0 | P60: 0 | Q60: 0 | R60: 0 | S60: 1 | T60: 0 | U60: 0 | V60: 0 | W60: 0 | X60: 0 | Y60: =SUM(E60:X60) -> 5
B61: 4 | C61: 4. H. EKO SUSILO NURHIDAYAT | E61: 0 | F61: 0 | G61: 2 | H61: 0 | I61: 0 | J61: 0 | K61: 0 | L61: 0 | M61: 0 | N61: 1 | O61: 0 | P61: 0 | Q61: 0 | R61: 0 | S61: 0 | T61: 0 | U61: 0 | V61: 0 | W61: 0 | X61: 0 | Y61: =SUM(E61:X61) -> 3
B62: 5 | C62: 5. KARNADI HARIJANTO, S.S. | E62: 0 | F62: 0 | G62: 0 | H62: 0 | I62: 0 | J62: 0 | K62: 0 | L62: 0 | M62: 0 | N62: 0 | O62: 0 | P62: 0 | Q62: 1 | R62: 0 | S62: 0 | T62: 1 | U62: 0 | V62: 0 | W62: 1 | X62: 0 | Y62: =SUM(E62:X62) -> 3
B63: 6 | C63: 6. NURHAYATI | E63: 0 | F63: 0 | G63: 0 | H63: 0 | I63: 0 | J63: 0 | K63: 0 | L63: 0 | M63: 0 | N63: 0 | O63: 0 | P63: 0 | Q63: 0 | R63: 0 | S63: 0 | T63: 0 | U63: 1 | V63: 0 | W63: 0 | X63: 0 | Y63: =SUM(E63:X63) -> 1
B64: 7 | C64: 7. MASHUDI | E64: 0 | F64: 0 | G64: 0 | H64: 0 | I64: 0 | J64: 0 | K64: 0 | L64: 0 | M64: 0 | N64: 1 | O64: 0 | P64: 0 | Q64: 0 | R64: 0 | S64: 0 | T64: 0 | U64: 1 | V64: 0 | W64: 0 | X64: 0 | Y64: =SUM(E64:X64) -> 2
Y65: =SUM(E65:X65) -> 0
Y66: =SUM(E66:X66) -> 0
A67: B | B67: JUMLAH SUARA SAH PARTAI POLITIK DAN CALON (A1 + A2) | E67: =SUM(E57:E66) -> 27 | F67: =SUM(F57:F66) -> 41 | G67: =SUM(G57:G66) -> 67 | H67: =SUM(H57:H66) -> 56 | I67: =SUM(I57:I66) -> 32 | J67: =SUM(J57:J66) -> 64 | K67: =SUM(K57:K66) -> 50 | L67: =SUM(L57:L66) -> 37 | ... Y67: =SUM(Y57:Y66) -> 898
A69: A.1 | B69: 3. | C69: Partai Demokrasi Indonesia Perjuangan | E69: 2 | F69: 1 | G69: 3 | H69: 4 | I69: 4 | J69: 0 | K69: 1 | L69: 0 | M69: 5 | N69: 2 | O69: 3 | P69: 2 | Q69: 0 | R69: 3 | S69: 10 | T69: 5 | U69: 6 | V69: 3 | W69: 7 | X69: 5 | Y69: =SUM(E69:X69) -> 66
A70: A.2 | B70: 1 | C70: 1. SONNY TRI DANAPARAMITA, S.H., M.H. | E70: 1 | F70: 7 | G70: 8 | H70: 0 | I70: 1 | J70: 6 | K70: 3 | L70: 1 | M70: 0 | N70: 2 | O70: 1 | P70: 3 | Q70: 10 | R70: 0 | S70: 7 | T70: 2 | U70: 4 | V70: 4 | W70: 6 | X70: 5 | Y70: =SUM(E70:X70) -> 71
B71: 2 | C71: 2. H. MOHAMAD GUNTUR ROMLI | E71: 1 | F71: 3 | G71: 1 | H71: 2 | I71: 1 | J71: 1 | K71: 1 | L71: 3 | M71: 11 | N71: 1 | O71: 3 | P71: 0 | Q71: 1 | R71: 1 | S71: 4 | T71: 6 | U71: 1 | V71: 8 | W71: 0 | X71: 2 | Y71: =SUM(E71:X71) -> 51
B72: 3 | C72: 3. INA AMMANIA | E72: 1 | F72: 0 | G72: 0 | H72: 3 | I72: 0 | J72: 0 | K72: 0 | L72: 4 | M72: 0 | N72: 0 | O72: 2 | P72: 0 | Q72: 0 | R72: 0 | S72: 1 | T72: 1 | U72: 17 | V72: 2 | W72: 2 | X72: 3 | Y72: =SUM(E72:X72) -> 36
B73: 4 | C73: 4. IRWAN BACHTIAR RACHMAT, M.Si. | E73: 0 | F73: 0 | G73: 0 | H73: 0 | I73: 1 | J73: 0 | K73: 0 | L73: 0 | M73: 0 | N73: 4 | O73: 1 | P73: 0 | Q73: 0 | R73: 0 | S73: 0 | T73: 0 | U73: 2 | V73: 0 | W73: 1 | X73: 0 | Y73: =SUM(E73:X73) -> 9
B74: 5 | C74: 5. LUCKY PERDANA | E74: 0 | F74: 1 | G74: 1 | H74: 5 | I74: 0 | J74: 2 | K74: 2 | L74: 2 | M74: 0 | N74: 0 | O74: 3 | P74: 0 | Q74: 0 | R74: 0 | S74: 2 | T74: 1 | U74: 1 | V74: 0 | W74: 0 | X74: 0 | Y74: =SUM(E74:X74) -> 20
B75: 6 | C75: 6. WIWIK PUJIYATI | E75: 4 | F75: 1 | G75: 0 | H75: 1 | I75: 0 | J75: 0 | K75: 0 | L75: 2 | M75: 1 | N75: 0 | O75: 1 | P75: 0 | Q75: 0 | R75: 0 | S75: 0 | T75: 1 | U75: 3 | V75: 0 | W75: 0 | X75: 1 | Y75: =SUM(E75:X75) -> 15
B76: 7 | C76: 7. CHANDRA ASTAN, S.T. | E76: 0 | F76: 15 | G76: 4 | H76: 70 | I76: 15 | J76: 6 | K76: 16 | L76: 11 | M76: 2 | N76: 1 | O76: 10 | P76: 8 | Q76: 4 | R76: 6 | S76: 17 | T76: 12 | U76: 91 | V76: 16 | W76: 24 | X76: 15 | Y76: =SUM(E76:X76) -> 343
Y77: =SUM(E77:X77) -> 0
Y78: =SUM(E78:X78) -> 0
A79: B | B79: JUMLAH SUARA SAH PARTAI POLITIK DAN CALON (A1 + A2) | E79: =SUM(E69:E78) -> 9 | F79: =SUM(F69:F78) -> 28 | G79: =SUM(G69:G78) -> 17 | H79: =SUM(H69:H78) -> 85 | I79: =SUM(I69:I78) -> 22 | J79: =SUM(J69:J78) -> 15 | K79: =SUM(K69:K78) -> 23 | L79: =SUM(L69:L78) -> 23 | ... Y79: =SUM(Y69:Y78) -> 611
A81: A.1 | B81: 4. | C81: Partai Golongan Karya | E81: 1 | F81: 5 | G81: 2 | H81: 1 | I81: 2 | J81: 2 | K81: 1 | L81: 2 | M81: 3 | N81: 3 | O81: 3 | P81: 4 | Q81: 1 | R81: 3 | S81: 4 | T81: 2 | U81: 1 | V81: 1 | W81: 5 | X81: 2 | Y81: =SUM(E81:X81) -> 48
A82: A.2 | B82: 1 | C82: 1. ZULFIKAR ARSE SADIKIN, S.I.P., M.Si. | E82: 0 | F82: 7 | G82: 8 | H82: 0 | I82: 0 | J82: 3 | K82: 16 | L82: 0 | M82: 2 | N82: 0 | O82: 1 | P82: 2 | Q82: 1 | R82: 5 | S82: 18 | T82: 10 | U82: 3 | V82: 7 | W82: 4 | X82: 2 | Y82: =SUM(E82:X82) -> 89
B83: 2 | C83: 2. HANDOKO | E83: 0 | F83: 1 | G83: 0 | H83: 0 | I83: 0 | J83: 7 | K83: 2 | L83: 2 | M83: 7 | N83: 9 | O83: 1 | P83: 1 | Q83: 0 | R83: 1 | S83: 2 | T83: 1 | U83: 0 | V83: 0 | W83: 4 | X83: 2 | Y83: =SUM(E83:X83) -> 40
B84: 3 | C84: 3. Hj. OVI DEWI YANTI | E84: 0 | F84: 0 | G84: 0 | H84: 0 | I84: 0 | J84: 0 | K84: 0 | L84: 1 | M84: 0 | N84: 0 | O84: 1 | P84: 1 | Q84: 0 | R84: 0 | S84: 0 | T84: 1 | U84: 0 | V84: 0 | W84: 1 | X84: 1 | Y84: =SUM(E84:X84) -> 6
B85: 4 | C85: 4. Ir. AZAM AZMAN NATAWIJANA | E85: 0 | F85: 0 | G85: 2 | H85: 2 | I85: 0 | J85: 3 | K85: 4 | L85: 1 | M85: 3 | N85: 0 | O85: 18 | P85: 1 | Q85: 0 | R85: 0 | S85: 3 | T85: 1 | U85: 0 | V85: 6 | W85: 7 | X85: 0 | Y85: =SUM(E85:X85) -> 51
B86: 5 | C86: 5. UBAIDILLAH AMIN, S.Kom. | E86: 0 | F86: 0 | G86: 0 | H86: 0 | I86: 1 | J86: 0 | K86: 2 | L86: 0 | M86: 2 | N86: 0 | O86: 0 | P86: 0 | Q86: 0 | R86: 1 | S86: 1 | T86: 0 | U86: 0 | V86: 0 | W86: 0 | X86: 0 | Y86: =SUM(E86:X86) -> 7
B87: 6 | C87: 6. DENNY YUNIANDARI, S.H., M.Kn. | E87: 0 | F87: 0 | G87: 0 | H87: 0 | I87: 0 | J87: 0 | K87: 0 | L87: 0 | M87: 0 | N87: 1 | O87: 0 | P87: 0 | Q87: 0 | R87: 0 | S87: 0 | T87: 0 | U87: 0 | V87: 0 | W87: 1 | X87: 0 | Y87: =SUM(E87:X87) -> 2
B88: 7 | C88: 7. ERNADI, S.H.I. | E88: 0 | F88: 0 | G88: 0 | H88: 0 | I88: 0 | J88: 0 | K88: 0 | L88: 0 | M88: 0 | N88: 0 | O88: 0 | P88: 0 | Q88: 0 | R88: 1 | S88: 0 | T88: 0 | U88: 0 | V88: 0 | W88: 0 | X88: 0 | Y88: =SUM(E88:X88) -> 1
Y89: =SUM(E89:X89) -> 0
Y90: =SUM(E90:X90) -> 0
A91: B | B91: JUMLAH SUARA SAH PARTAI POLITIK DAN CALON (A1 + A2) | E91: =SUM(E81:E90) -> 1 | F91: =SUM(F81:F90) -> 13 | G91: =SUM(G81:G90) -> 12 | H91: =SUM(H81:H90) -> 3 | I91: =SUM(I81:I90) -> 3 | J91: =SUM(J81:J90) -> 15 | K91: =SUM(K81:K90) -> 25 | L91: =SUM(L81:L90) -> 6 | ... Y91: =SUM(Y81:Y90) -> 244
A93: A.1 | B93: 5. | C93: Partai NasDem | E93: 0 | F93: 0 | G93: 2 | H93: 2 | I93: 1 | J93: 0 | K93: 0 | L93: 0 | M93: 0 | N93: 1 | O93: 1 | P93: 0 | Q93: 0 | R93: 1 | S93: 3 | T93: 1 | U93: 0 | V93: 2 | W93: 0 | X93: 0 | Y93: =SUM(E93:X93) -> 14
A94: A.2 | B94: 1 | C94: 1. ACH. FADIL MUZAKKI SYAH | E94: 2 | F94: 0 | G94: 0 | H94: 2 | I94: 4 | J94: 0 | K94: 0 | L94: 3 | M94: 0 | N94: 0 | O94: 1 | P94: 6 | Q94: 12 | R94: 0 | S94: 4 | T94: 4 | U94: 8 | V94: 1 | W94: 11 | X94: 3 | Y94: =SUM(E94:X94) -> 61
B95: 2 | C95: 2. BENY | E95: 0 | F95: 0 | G95: 0 | H95: 0 | I95: 1 | J95: 0 | K95: 0 | L95: 0 | M95: 0 | N95: 0 | O95: 0 | P95: 0 | Q95: 0 | R95: 0 | S95: 0 | T95: 0 | U95: 0 | V95: 0 | W95: 0 | X95: 0 | Y95: =SUM(E95:X95) -> 1
B96: 3 | C96: 3. VINA VERONIKA | E96: 0 | F96: 0 | G96: 0 | H96: 0 | I96: 0 | J96: 0 | K96: 0 | L96: 0 | M96: 0 | N96: 0 | O96: 0 | P96: 1 | Q96: 0 | R96: 1 | S96: 0 | T96: 0 | U96: 0 | V96: 0 | W96: 0 | X96: 0 | Y96: =SUM(E96:X96) -> 2
B97: 4 | C97: 4. TEDDY ANUGRIANTO | E97: 0 | F97: 0 | G97: 0 | H97: 0 | I97: 0 | J97: 0 | K97: 0 | L97: 0 | M97: 0 | N97: 0 | O97: 0 | P97: 0 | Q97: 1 | R97: 0 | S97: 0 | T97: 0 | U97: 0 | V97: 0 | W97: 3 | X97: 0 | Y97: =SUM(E97:X97) -> 4
B98: 5 | C98: 5. INSAN KAMIL | E98: 0 | F98: 0 | G98: 0 | H98: 0 | I98: 0 | J98: 0 | K98: 0 | L98: 0 | M98: 0 | N98: 0 | O98: 0 | P98: 0 | Q98: 0 | R98: 0 | S98: 0 | T98: 0 | U98: 0 | V98: 0 | W98: 0 | X98: 0 | Y98: =SUM(E98:X98) -> 0
B99: 6 | C99: 6. LILIK LINDARWATI | E99: 0 | F99: 1 | G99: 0 | H99: 0 | I99: 0 | J99: 0 | K99: 0 | L99: 0 | M99: 0 | N99: 2 | O99: 0 | P99: 0 | Q99: 0 | R99: 0 | S99: 0 | T99: 0 | U99: 0 | V99: 2 | W99: 3 | X99: 0 | Y99: =SUM(E99:X99) -> 8
B100: 7 | C100: 7. YULI ANITA | E100: 0 | F100: 0 | G100: 0 | H100: 0 | I100: 0 | J100: 0 | K100: 0 | L100: 0 | M100: 0 | N100: 0 | O100: 0 | P100: 0 | Q100: 0 | R100: 0 | S100: 0 | T100: 1 | U100: 0 | V100: 1 | W100: 0 | X100: 0 | Y100: =SUM(E100:X100) -> 2
Y101: =SUM(E101:X101) -> 0
Y102: =SUM(E102:X102) -> 0
A103: B | B103: JUMLAH SUARA SAH PARTAI POLITIK DAN CALON (A1 + A2) | E103: =SUM(E93:E102) -> 2 | F103: =SUM(F93:F102) -> 1 | G103: =SUM(G93:G102) -> 2 | H103: =SUM(H93:H102) -> 4 | I103: =SUM(I93:I102) -> 6 | J103: =SUM(J93:J102) -> 0 | K103: =SUM(K93:K102) -> 0 | L103: =SUM(L93:L102) -> 3 | ... Y103: =SUM(Y93:Y102) -> 92
A105: A.1 | B105: 6. | C105: Partai Buruh | E105: 0 | F105: 1 | G105: 0 | H105: 0 | I105: 0 | J105: 1 | K105: 0 | L105: 0 | M105: 0 | N105: 0 | O105: 0 | P105: 0 | Q105: 0 | R105: 1 | S105: 0 | T105: 0 | U105: 5 | V105: 0 | W105: 1 | X105: 0 | Y105: =SUM(E105:X105) -> 9
A106: A.2 | B106: 1 | C106: 1. KHOIRUL ANAM | E106: 0 | F106: 0 | G106: 0 | H106: 0 | I106: 0 | J106: 0 | K106: 0 | L106: 1 | M106: 2 | N106: 0 | O106: 0 | P106: 0 | Q106: 0 | R106: 0 | S106: 0 | T106: 0 | U106: 0 | V106: 0 | W106: 0 | X106: 0 | Y106: =SUM(E106:X106) -> 3
B107: 2 | C107: 2. INA KURNIA | E107: 0 | F107: 0 | G107: 0 | H107: 0 | I107: 0 | J107: 1 | K107: 0 | L107: 0 | M107: 0 | N107: 0 | O107: 0 | P107: 0 | Q107: 0 | R107: 0 | S107: 0 | T107: 1 | U107: 0 | V107: 0 | W107: 0 | X107: 0 | Y107: =SUM(E107:X107) -> 2
B108: 3 | C108: 3. JIBRAL TAROUK | E108: 0 | F108: 0 | G108: 0 | H108: 0 | I108: 0 | J108: 0 | K108: 0 | L108: 0 | M108: 0 | N108: 0 | O108: 0 | P108: 0 | Q108: 1 | R108: 0 | S108: 0 | T108: 0 | U108: 0 | V108: 0 | W108: 0 | X108: 0 | Y108: =SUM(E108:X108) -> 1
B109: 4 | C109: 4. ASTUTI DAENG PUJI | E109: 0 | F109: 0 | G109: 0 | H109: 0 | I109: 0 | J109: 0 | K109: 0 | L109: 0 | M109: 0 | N109: 0 | O109: 0 | P109: 0 | Q109: 0 | R109: 0 | S109: 0 | T109: 0 | U109: 0 | V109: 0 | W109: 0 | X109: 0 | Y109: =SUM(E109:X109) -> 0
B110: 5 | C110: 5. ASDARMAWAN | E110: 0 | F110: 0 | G110: 0 | H110: 0 | I110: 0 | J110: 0 | K110: 0 | L110: 0 | M110: 0 | N110: 1 | O110: 0 | P110: 0 | Q110: 0 | R110: 0 | S110: 0 | T110: 0 | U110: 0 | V110: 0 | W110: 0 | X110: 0 | Y110: =SUM(E110:X110) -> 1
B111: 6 | C111: 6. RIFQI MUBAROK | E111: 0 | F111: 0 | G111: 0 | H111: 0 | I111: 0 | J111: 0 | K111: 0 | L111: 0 | M111: 0 | N111: 0 | O111: 0 | P111: 0 | Q111: 0 | R111: 0 | S111: 0 | T111: 0 | U111: 1 | V111: 0 | W111: 0 | X111: 0 | Y111: =SUM(E111:X111) -> 1
B112: 7 | C112: 7. FIRNANDA ALTA MEGA | E112: 0 | F112: 0 | G112: 0 | H112: 0 | I112: 0 | J112: 0 | K112: 0 | L112: 0 | M112: 0 | N112: 0 | O112: 0 | P112: 0 | Q112: 0 | R112: 0 | S112: 0 | T112: 0 | U112: 0 | V112: 0 | W112: 0 | X112: 0 | Y112: =SUM(E112:X112) -> 0
Y113: =SUM(E113:X113) -> 0
Y114: =SUM(E114:X114) -> 0
A115: B | B115: JUMLAH SUARA SAH PARTAI POLITIK DAN CALON (A1 + A2) | E115: =SUM(E105:E114) -> 0 | F115: =SUM(F105:F114) -> 1 | G115: =SUM(G105:G114) -> 0 | H115: =SUM(H105:H114) -> 0 | I115: =SUM(I105:I114) -> 0 | J115: =SUM(J105:J114) -> 2 | K115: =SUM(K105:K114) -> 0 | L115: =SUM(L105:L114) -> 1 | ... Y115: =SUM(Y105:Y114) -> 17
A117: A.1 | B117: 7. | C117: Partai Gelombang Rakyat Indonesia | E117: 0 | F117: 3 | G117: 1 | H117: 0 | I117: 0 | J117: 2 | K117: 0 | L117: 0 | M117: 1 | N117: 1 | O117: 0 | P117: 1 | Q117: 0 | R117: 2 | S117: 0 | T117: 1 | U117: 2 | V117: 0 | W117: 0 | X117: 2 | Y117: =SUM(E117:X117) -> 16
...

Sheet ALASBULUH
C2: Kecamatan | D2: WONGSOREJO
C3: Kabupaten | D3: BANYUWANGI
C4: Provinsi | D4: JAWA TIMUR
C9: Kelurahan | D9: ALASBULUH
A12: I | B12: DATA PEMILIH DAN PENGGUNAAN HAK PILIH | AG12: JUMLAH AKHIR
A13: A | B13: DATA PEMILIH | E13: TPS 001 | F13: TPS 002 | G13: TPS 003 | H13: TPS 004 | I13: TPS 005 | J13: TPS 006 | K13: TPS 007 | L13: TPS 008 | M13: TPS 009 | N13: TPS 010 | O13: TPS 011 | P13: TPS 012 | Q13: TPS 013 | R13: TPS 014 | S13: TPS 015 | T13: TPS 016 | U13: TPS 017 | V13: TPS 018 | W13: TPS 019 | X13: TPS 020 | Y13: TPS 021 | Z13: TPS 022 | AA13: TPS 023 | AB13: TPS 024 | AC13: TPS 025 | AD13: TPS 026 | AE13: TPS 027 | AF13: TPS 028
B14: Jumlah Pemilih dalam Daftar Pemilih Tetap (DPT) | D14: LK | E14: 152 | F14: 132 | G14: 152 | H14: 172 | I14: 136 | J14: 167 | K14: 143 | L14: 151 | M14: 160 | N14: 142 | O14: 147 | P14: 140 | Q14: 116 | R14: 134 | S14: 135 | T14: 154 | U14: 129 | V14: 155 | W14: 147 | X14: 147 | Y14: 128 | Z14: 123 | AA14: 151 | AB14: 115 | AC14: 135 | AD14: 141 | AE14: 118 | AF14: 124 | AG14: =SUM(E14:AF14) -> 3946
D15: PR | E15: 145 | F15: 168 | G15: 145 | H15: 127 | I15: 163 | J15: 130 | K15: 156 | L15: 148 | M15: 139 | N15: 157 | O15: 139 | P15: 154 | Q15: 126 | R15: 151 | S15: 145 | T15: 143 | U15: 133 | V15: 142 | W15: 152 | X15: 153 | Y15: 141 | Z15: 120 | AA15: 149 | AB15: 100 | AC15: 145 | AD15: 137 | AE15: 120 | AF15: 141 | AG15: =SUM(E15:AF15) -> 3969
D16: JML | E16: =SUM(E14:E15) -> 297 | F16: =SUM(F14:F15) -> 300 | G16: =SUM(G14:G15) -> 297 | H16: =SUM(H14:H15) -> 299 | I16: =SUM(I14:I15) -> 299 | J16: =SUM(J14:J15) -> 297 | K16: =SUM(K14:K15) -> 299 | L16: =SUM(L14:L15) -> 299 | ... AF16: =SUM(AF14:AF15) -> 265 | AG16: =SUM(E16:AF16) -> 7915
A18: B | B18: PENGGUNA HAK PILIH
B19: 1. | C19: Jumlah pengguna hak pilih dalam Daftar Pemilih Tetap (DPT) | D19: LK | E19: 109 | F19: 120 | G19: 113 | H19: 126 | I19: 83 | J19: 116 | K19: 93 | L19: 97 | M19: 125 | N19: 109 | O19: 111 | P19: 118 | Q19: 85 | R19: 101 | S19: 97 | T19: 98 | U19: 99 | V19: 104 | W19: 93 | X19: 124 | Y19: 104 | Z19: 89 | AA19: 101 | AB19: 92 | AC19: 113 | AD19: 104 | AE19: 101 | AF19: 85 | AG19: =SUM(E19:AF19) -> 2910
D20: PR | E20: 106 | F20: 86 | G20: 99 | H20: 104 | I20: 137 | J20: 101 | K20: 110 | L20: 127 | M20: 122 | N20: 137 | O20: 109 | P20: 126 | Q20: 94 | R20: 115 | S20: 101 | T20: 92 | U20: 98 | V20: 98 | W20: 117 | X20: 124 | Y20: 110 | Z20: 92 | AA20: 115 | AB20: 87 | AC20: 120 | AD20: 122 | AE20: 97 | AF20: 102 | AG20: =SUM(E20:AF20) -> 3048
D21: JML | E21: =SUM(E19:E20) -> 215 | F21: =SUM(F19:F20) -> 206 | G21: =SUM(G19:G20) -> 212 | H21: =SUM(H19:H20) -> 230 | I21: =SUM(I19:I20) -> 220 | J21: =SUM(J19:J20) -> 217 | K21: =SUM(K19:K20) -> 203 | L21: =SUM(L19:L20) -> 224 | ... AF21: =SUM(AF19:AF20) -> 187 | AG21: =SUM(E21:AF21) -> 5958
B22: 2. | C22: Jumlah pengguna hak pilih dalam Daftar Pemilih Tambahan (DPTb) | D22: LK | E22: 0 | F22: 1 | G22: 0 | H22: 0 | I22: 0 | J22: 0 | K22: 1 | L22: 0 | M22: 0 | N22: 0 | O22: 0 | P22: 0 | Q22: 0 | R22: 0 | S22: 0 | T22: 0 | U22: 0 | V22: 0 | W22: 0 | X22: 0 | Y22: 0 | Z22: 0 | AA22: 0 | AB22: 0 | AC22: 0 | AD22: 0 | AE22: 1 | AF22: 0 | AG22: =SUM(E22:AF22) -> 3
D23: PR | E23: 0 | F23: 1 | G23: 0 | H23: 0 | I23: 0 | J23: 0 | K23: 0 | L23: 0 | M23: 0 | N23: 0 | O23: 0 | P23: 0 | Q23: 0 | R23: 0 | S23: 0 | T23: 0 | U23: 0 | V23: 0 | W23: 0 | X23: 0 | Y23: 0 | Z23: 0 | AA23: 0 | AB23: 0 | AC23: 0 | AD23: 0 | AE23: 0 | AF23: 0 | AG23: =SUM(E23:AF23) -> 1
D24: JML | E24: =SUM(E22:E23) -> 0 | F24: =SUM(F22:F23) -> 2 | G24: =SUM(G22:G23) -> 0 | H24: =SUM(H22:H23) -> 0 | I24: =SUM(I22:I23) -> 0 | J24: =SUM(J22:J23) -> 0 | K24: =SUM(K22:K23) -> 1 | L24: =SUM(L22:L23) -> 0 | ... AF24: =SUM(AF22:AF23) -> 0 | AG24: =SUM(E24:AF24) -> 4
B25: 3. | C25: Jumlah pengguna hak pilih dalam Daftar Pemilih Khusus (DPK) | D25: LK | E25: 0 | F25: 0 | G25: 0 | H25: 0 | I25: 0 | J25: 0 | K25: 0 | L25: 0 | M25: 0 | N25: 0 | O25: 0 | P25: 0 | Q25: 1 | R25: 0 | S25: 0 | T25: 0 | U25: 0 | V25: 0 | W25: 0 | X25: 0 | Y25: 6 | Z25: 0 | AA25: 0 | AB25: 0 | AC25: 0 | AD25: 0 | AE25: 0 | AF25: 8 | AG25: =SUM(E25:AF25) -> 15
D26: PR | E26: 0 | F26: 0 | G26: 0 | H26: 0 | I26: 0 | J26: 0 | K26: 0 | L26: 0 | M26: 0 | N26: 0 | O26: 0 | P26: 0 | Q26: 2 | R26: 0 | S26: 0 | T26: 0 | U26: 0 | V26: 0 | W26: 0 | X26: 0 | Y26: 10 | Z26: 0 | AA26: 0 | AB26: 0 | AC26: 0 | AD26: 0 | AE26: 0 | AF26: 6 | AG26: =SUM(E26:AF26) -> 18
D27: JML | E27: =SUM(E25:E26) -> 0 | F27: =SUM(F25:F26) -> 0 | G27: =SUM(G25:G26) -> 0 | H27: =SUM(H25:H26) -> 0 | I27: =SUM(I25:I26) -> 0 | J27: =SUM(J25:J26) -> 0 | K27: =SUM(K25:K26) -> 0 | L27: =SUM(L25:L26) -> 0 | ... AF27: =SUM(AF25:AF26) -> 14 | AG27: =SUM(E27:AF27) -> 33
B28: 4. | C28: Jumlah Pengguna Hak Pilih (B.1+B.2+B.3) | D28: LK | E28: =SUM(E19,E22,E25) -> 109 | F28: =SUM(F19,F22,F25) -> 121 | G28: =SUM(G19,G22,G25) -> 113 | H28: =SUM(H19,H22,H25) -> 126 | I28: =SUM(I19,I22,I25) -> 83 | J28: =SUM(J19,J22,J25) -> 116 | K28: =SUM(K19,K22,K25) -> 94 | L28: =SUM(L19,L22,L25) -> 97 | ... AF28: =SUM(AF19,AF22,AF25) -> 93 | AG28: =SUM(E28:AF28) -> 2928
D29: PR | E29: =SUM(E20,E23,E26) -> 106 | F29: =SUM(F20,F23,F26) -> 87 | G29: =SUM(G20,G23,G26) -> 99 | H29: =SUM(H20,H23,H26) -> 104 | I29: =SUM(I20,I23,I26) -> 137 | J29: =SUM(J20,J23,J26) -> 101 | K29: =SUM(K20,K23,K26) -> 110 | L29: =SUM(L20,L23,L26) -> 127 | ... AF29: =SUM(AF20,AF23,AF26) -> 108 | AG29: =SUM(E29:AF29) -> 3067
D30: JML | E30: =SUM(E28:E29) -> 215 | F30: =SUM(F28:F29) -> 208 | G30: =SUM(G28:G29) -> 212 | H30: =SUM(H28:H29) -> 230 | I30: =SUM(I28:I29) -> 220 | J30: =SUM(J28:J29) -> 217 | K30: =SUM(K28:K29) -> 204 | L30: =SUM(L28:L29) -> 224 | ... AF30: =SUM(AF28:AF29) -> 201 | AG30: =SUM(E30:AF30) -> 5995
A32: II | B32: DATA PENGGUNAAN SURAT SUARA
A33: 1 | B33: Jumlah surat suara yang diterima, termasuk surat suara cadangan 2,5% dari DPT | E33: 293 | F33: 306 | G33: 303 | H33: 305 | I33: 305 | J33: 303 | K33: 305 | L33: 305 | M33: 305 | N33: 305 | O33: 292 | P33: 300 | Q33: 247 | R33: 291 | S33: 286 | T33: 303 | U33: 268 | V33: 303 | W33: 305 | X33: 306 | Y33: 275 | Z33: 248 | AA33: 306 | AB33: 220 | AC33: 286 | AD33: 284 | AE33: 243 | AF33: 271 | AG33: =SUM(E33:AF33) -> 8069
A34: 2 | B34: Jumlah surat suara yang digunakan | E34: 215 | F34: 208 | G34: 212 | H34: 230 | I34: 220 | J34: 217 | K34: 204 | L34: 224 | M34: 247 | N34: 246 | O34: 220 | P34: 244 | Q34: 182 | R34: 216 | S34: 198 | T34: 190 | U34: 197 | V34: 202 | W34: 210 | X34: 248 | Y34: 230 | Z34: 181 | AA34: 216 | AB34: 179 | AC34: 233 | AD34: 226 | AE34: 199 | AF34: 201 | AG34: =SUM(E34:AF34) -> 5995
A35: 3 | B35: Jumlah surat suara dikembalikan oleh pemilih (karena rusak atau keliru coblos) | E35: 1 | F35: 0 | G35: 0 | H35: 0 | I35: 0 | J35: 1 | K35: 3 | L35: 0 | M35: 0 | N35: 0 | O35: 0 | P35: 0 | Q35: 0 | R35: 0 | S35: 0 | T35: 0 | U35: 0 | V35: 0 | W35: 0 | X35: 0 | Y35: 0 | Z35: 0 | AA35: 0 | AB35: 0 | AC35: 5 | AD35: 1 | AE35: 0 | AF35: 0 | AG35: =SUM(E35:AF35) -> 11
A36: 4 | B36: Jumlah surat suara yang tidak digunakan/tidak terpakai, termasuk sisa surat suara cadangan | E36: =E33-(E34+E35) -> 77 | F36: =F33-(F34+F35) -> 98 | G36: =G33-(G34+G35) -> 91 | H36: =H33-(H34+H35) -> 75 | I36: =I33-(I34+I35) -> 85 | J36: =J33-(J34+J35) -> 85 | K36: =K33-(K34+K35) -> 98 | L36: =L33-(L34+L35) -> 81 | ... AF36: =AF33-(AF34+AF35) -> 70 | AG36: =SUM(E36:AF36) -> 2063
A38: III | B38: DATA PEMILIH DISABILITAS
B39: Jumlah seluruh Pemilih disabilitas yang menggunakan hak pilih | D39: LK | E39: 0 | F39: 0 | G39: 0 | H39: 0 | I39: 0 | J39: 0 | K39: 0 | L39: 0 | M39: 0 | N39: 0 | O39: 0 | P39: 0 | Q39: 0 | R39: 0 | S39: 0 | T39: 0 | U39: 0 | V39: 0 | W39: 0 | X39: 0 | Y39: 0 | Z39: 0 | AA39: 0 | AB39: 0 | AC39: 0 | AD39: 0 | AE39: 0 | AF39: 0 | AG39: =SUM(E39:AF39) -> 0
D40: PR | E40: 0 | F40: 0 | G40: 0 | H40: 0 | I40: 0 | J40: 0 | K40: 0 | L40: 0 | M40: 0 | N40: 0 | O40: 0 | P40: 0 | Q40: 0 | R40: 0 | S40: 0 | T40: 0 | U40: 0 | V40: 0 | W40: 0 | X40: 0 | Y40: 0 | Z40: 0 | AA40: 2 | AB40: 0 | AC40: 0 | AD40: 0 | AE40: 0 | AF40: 0 | AG40: =SUM(E40:AF40) -> 2
D41: JML | E41: =SUM(E39:E40) -> 0 | F41: =SUM(F39:F40) -> 0 | G41: =SUM(G39:G40) -> 0 | H41: =SUM(H39:H40) -> 0 | I41: =SUM(I39:I40) -> 0 | J41: =SUM(J39:J40) -> 0 | K41: =SUM(K39:K40) -> 0 | L41: =SUM(L39:L40) -> 0 | ... AF41: =SUM(AF39:AF40) -> 0 | AG41: =SUM(E41:AF41) -> 2
A43: IV | B43: DATA RINCIAN PEROLEHAN SUARA PASANGAN CALON BUPATI DAN WAKIL BUPATI
A44: NOMOR DAN NAMA CALON
A45: A.1 | B45: 1. | C45: Partai Kebangkitan Bangsa | E45: 16 | F45: 6 | G45: 7 | H45: 8 | I45: 11 | J45: 5 | K45: 16 | L45: 17 | M45: 13 | N45: 9 | O45: 15 | P45: 14 | Q45: 16 | R45: 8 | S45: 5 | T45: 5 | U45: 9 | V45: 17 | W45: 17 | X45: 10 | Y45: 10 | Z45: 22 | AA45: 15 | AB45: 0 | AC45: 8 | AD45: 5 | AE45: 15 | AF45: 12 | AG45: =SUM(E45:AF45) -> 311
A46: A.2 | B46: 1 | C46: 1. Dr. Hj. NIHAYATUL WAFIROH, M.A. | E46: 12 | F46: 6 | G46: 6 | H46: 5 | I46: 13 | J46: 7 | K46: 18 | L46: 29 | M46: 24 | N46: 7 | O46: 15 | P46: 17 | Q46: 8 | R46: 8 | S46: 10 | T46: 12 | U46: 17 | V46: 12 | W46: 19 | X46: 11 | Y46: 6 | Z46: 3 | AA46: 2 | AB46: 5 | AC46: 6 | AD46: 13 | AE46: 15 | AF46: 21 | AG46: =SUM(E46:AF46) -> 327
B47: 2 | C47: 2. H. M. NASIM KHAN | E47: 8 | F47: 6 | G47: 7 | H47: 6 | I47: 6 | J47: 13 | K47: 4 | L47: 4 | M47: 22 | N47: 5 | O47: 14 | P47: 11 | Q47: 1 | R47: 11 | S47: 6 | T47: 12 | U47: 4 | V47: 23 | W47: 18 | X47: 16 | Y47: 16 | Z47: 20 | AA47: 13 | AB47: 14 | AC47: 61 | AD47: 25 | AE47: 49 | AF47: 11 | AG47: =SUM(E47:AF47) -> 406
B48: 3 | C48: 3. Dr. H. AKIK ZAMAN, M.Pd.I. | E48: 9 | F48: 7 | G48: 9 | H48: 8 | I48: 7 | J48: 18 | K48: 28 | L48: 41 | M48: 10 | N48: 2 | O48: 7 | P48: 24 | Q48: 0 | R48: 3 | S48: 13 | T48: 4 | U48: 12 | V48: 8 | W48: 1 | X48: 2 | Y48: 2 | Z48: 1 | AA48: 2 | AB48: 0 | AC48: 1 | AD48: 7 | AE48: 3 | AF48: 4 | AG48: =SUM(E48:AF48) -> 233
B49: 4 | C49: 4. AHMAD RIFA'I, S.H. | E49: 0 | F49: 2 | G49: 0 | H49: 5 | I49: 0 | J49: 4 | K49: 0 | L49: 0 | M49: 1 | N49: 0 | O49: 0 | P49: 0 | Q49: 1 | R49: 1 | S49: 3 | T49: 1 | U49: 2 | V49: 2 | W49: 4 | X49: 4 | Y49: 1 | Z49: 1 | AA49: 0 | AB49: 0 | AC49: 1 | AD49: 1 | AE49: 1 | AF49: 1 | AG49: =SUM(E49:AF49) -> 36
B50: 5 | C50: 5. Drs. H. MAHFUD M.N. | E50: 0 | F50: 0 | G50: 1 | H50: 0 | I50: 0 | J50: 0 | K50: 1 | L50: 0 | M50: 1 | N50: 0 | O50: 1 | P50: 1 | Q50: 0 | R50: 1 | S50: 0 | T50: 0 | U50: 0 | V50: 2 | W50: 1 | X50: 0 | Y50: 2 | Z50: 1 | AA50: 0 | AB50: 0 | AC50: 0 | AD50: 0 | AE50: 0 | AF50: 1 | AG50: =SUM(E50:AF50) -> 13
B51: 6 | C51: 6. NURHAYATI, S.Pd. | E51: 0 | F51: 0 | G51: 0 | H51: 0 | I51: 0 | J51: 0 | K51: 0 | L51: 0 | M51: 0 | N51: 0 | O51: 1 | P51: 0 | Q51: 0 | R51: 0 | S51: 1 | T51: 0 | U51: 0 | V51: 0 | W51: 1 | X51: 0 | Y51: 0 | Z51: 0 | AA51: 1 | AB51: 0 | AC51: 1 | AD51: 0 | AE51: 0 | AF51: 0 | AG51: =SUM(E51:AF51) -> 5
B52: 7 | C52: 7. MAFTUHA KISWAH | E52: 0 | F52: 0 | G52: 0 | H52: 0 | I52: 0 | J52: 0 | K52: 0 | L52: 0 | M52: 0 | N52: 0 | O52: 0 | P52: 0 | Q52: 1 | R52: 1 | S52: 0 | T52: 0 | U52: 0 | V52: 1 | W52: 1 | X52: 0 | Y52: 0 | Z52: 0 | AA52: 0 | AB52: 0 | AC52: 0 | AD52: 0 | AE52: 0 | AF52: 0 | AG52: =SUM(E52:AF52) -> 4
AG53: =SUM(E53:AF53) -> 0
AG54: =SUM(E54:AF54) -> 0
A55: B | B55: JUMLAH SUARA SAH PARTAI POLITIK DAN CALON (A1 + A2) | E55: =SUM(E45:E54) -> 45 | F55: =SUM(F45:F54) -> 27 | G55: =SUM(G45:G54) -> 30 | H55: =SUM(H45:H54) -> 32 | I55: =SUM(I45:I54) -> 37 | J55: =SUM(J45:J54) -> 47 | K55: =SUM(K45:K54) -> 67 | L55: =SUM(L45:L54) -> 91 | ... AG55: =SUM(AG45:AG54) -> 1335
A57: A.1 | B57: 2. | C57: Partai Gerakan Indonesia Raya | E57: 21 | F57: 18 | G57: 19 | H57: 8 | I57: 18 | J57: 9 | K57: 10 | L57: 9 | M57: 8 | N57: 6 | O57: 15 | P57: 13 | Q57: 8 | R57: 12 | S57: 6 | T57: 11 | U57: 9 | V57: 18 | W57: 20 | X57: 7 | Y57: 15 | Z57: 19 | AA57: 12 | AB57: 4 | AC57: 5 | AD57: 11 | AE57: 12 | AF57: 13 | AG57: =SUM(E57:AF57) -> 336
A58: A.2 | B58: 1 | C58: 1. SUMAIL ABDULLAH | E58: 41 | F58: 69 | G58: 66 | H58: 43 | I58: 43 | J58: 51 | K58: 26 | L58: 53 | M58: 33 | N58: 60 | O58: 46 | P58: 53 | Q58: 76 | R58: 70 | S58: 41 | T58: 39 | U58: 44 | V58: 38 | W58: 62 | X58: 37 | Y58: 47 | Z58: 34 | AA58: 66 | AB58: 54 | AC58: 33 | AD58: 67 | AE58: 41 | AF58: 49 | AG58: =SUM(E58:AF58) -> 1382
B59: 2 | C59: 2. MUHAMMAD ALI ADRIAN SALEH | E59: 8 | F59: 5 | G59: 2 | H59: 0 | I59: 4 | J59: 3 | K59: 1 | L59: 4 | M59: 7 | N59: 2 | O59: 3 | P59: 2 | Q59: 1 | R59: 1 | S59: 1 | T59: 2 | U59: 2 | V59: 0 | W59: 2 | X59: 1 | Y59: 7 | Z59: 3 | AA59: 2 | AB59: 0 | AC59: 2 | AD59: 3 | AE59: 6 | AF59: 1 | AG59: =SUM(E59:AF59) -> 75
B60: 3 | C60: 3. DURROTUN NAFISAH | E60: 3 | F60: 2 | G60: 0 | H60: 0 | I60: 0 | J60: 0 | K60: 0 | L60: 1 | M60: 2 | N60: 0 | O60: 1 | P60: 0 | Q60: 0 | R60: 0 | S60: 0 | T60: 0 | U60: 3 | V60: 2 | W60: 0 | X60: 1 | Y60: 1 | Z60: 0 | AA60: 0 | AB60: 0 | AC60: 1 | AD60: 1 | AE60: 0 | AF60: 0 | AG60: =SUM(E60:AF60) -> 18
B61: 4 | C61: 4. H. EKO SUSILO NURHIDAYAT | E61: 1 | F61: 0 | G61: 2 | H61: 0 | I61: 3 | J61: 1 | K61: 0 | L61: 0 | M61: 0 | N61: 0 | O61: 1 | P61: 0 | Q61: 0 | R61: 0 | S61: 7 | T61: 2 | U61: 0 | V61: 1 | W61: 0 | X61: 0 | Y61: 1 | Z61: 1 | AA61: 0 | AB61: 0 | AC61: 0 | AD61: 1 | AE61: 2 | AF61: 1 | AG61: =SUM(E61:AF61) -> 24
B62: 5 | C62: 5. KARNADI HARIJANTO, S.S. | E62: 0 | F62: 0 | G62: 0 | H62: 0 | I62: 0 | J62: 0 | K62: 0 | L62: 0 | M62: 1 | N62: 2 | O62: 0 | P62: 1 | Q62: 0 | R62: 0 | S62: 1 | T62: 0 | U62: 0 | V62: 1 | W62: 0 | X62: 0 | Y62: 0 | Z62: 0 | AA62: 0 | AB62: 0 | AC62: 0 | AD62: 0 | AE62: 0 | AF62: 0 | AG62: =SUM(E62:AF62) -> 6
B63: 6 | C63: 6. NURHAYATI | E63: 0 | F63: 1 | G63: 0 | H63: 0 | I63: 0 | J63: 0 | K63: 0 | L63: 0 | M63: 0 | N63: 0 | O63: 1 | P63: 0 | Q63: 0 | R63: 0 | S63: 0 | T63: 0 | U63: 0 | V63: 1 | W63: 0 | X63: 1 | Y63: 1 | Z63: 0 | AA63: 1 | AB63: 0 | AC63: 0 | AD63: 2 | AE63: 0 | AF63: 0 | AG63: =SUM(E63:AF63) -> 8
B64: 7 | C64: 7. MASHUDI | E64: 0 | F64: 0 | G64: 0 | H64: 0 | I64: 0 | J64: 0 | K64: 0 | L64: 0 | M64: 0 | N64: 0 | O64: 0 | P64: 1 | Q64: 0 | R64: 0 | S64: 0 | T64: 0 | U64: 0 | V64: 0 | W64: 0 | X64: 1 | Y64: 1 | Z64: 0 | AA64: 0 | AB64: 0 | AC64: 0 | AD64: 0 | AE64: 0 | AF64: 0 | AG64: =SUM(E64:AF64) -> 3
AG65: =SUM(E65:AF65) -> 0
AG66: =SUM(E66:AF66) -> 0
A67: B | B67: JUMLAH SUARA SAH PARTAI POLITIK DAN CALON (A1 + A2) | E67: =SUM(E57:E66) -> 74 | F67: =SUM(F57:F66) -> 95 | G67: =SUM(G57:G66) -> 89 | H67: =SUM(H57:H66) -> 51 | I67: =SUM(I57:I66) -> 68 | J67: =SUM(J57:J66) -> 64 | K67: =SUM(K57:K66) -> 37 | L67: =SUM(L57:L66) -> 67 | ... AG67: =SUM(AG57:AG66) -> 1852
A69: A.1 | B69: 3. | C69: Partai Demokrasi Indonesia Perjuangan | E69: 7 | F69: 8 | G69: 4 | H69: 9 | I69: 3 | J69: 9 | K69: 9 | L69: 3 | M69: 12 | N69: 1 | O69: 3 | P69: 13 | Q69: 2 | R69: 2 | S69: 3 | T69: 7 | U69: 5 | V69: 5 | W69: 3 | X69: 10 | Y69: 4 | Z69: 9 | AA69: 4 | AB69: 8 | AC69: 4 | AD69: 3 | AE69: 3 | AF69: 6 | AG69: =SUM(E69:AF69) -> 159
A70: A.2 | B70: 1 | C70: 1. SONNY TRI DANAPARAMITA, S.H., M.H. | E70: 1 | F70: 7 | G70: 9 | H70: 17 | I70: 12 | J70: 14 | K70: 11 | L70: 14 | M70: 8 | N70: 2 | O70: 2 | P70: 21 | Q70: 3 | R70: 3 | S70: 12 | T70: 8 | U70: 1 | V70: 4 | W70: 3 | X70: 13 | Y70: 5 | Z70: 10 | AA70: 4 | AB70: 20 | AC70: 3 | AD70: 17 | AE70: 3 | AF70: 11 | AG70: =SUM(E70:AF70) -> 238
B71: 2 | C71: 2. H. MOHAMAD GUNTUR ROMLI | E71: 12 | F71: 2 | G71: 10 | H71: 5 | I71: 4 | J71: 1 | K71: 3 | L71: 1 | M71: 2 | N71: 1 | O71: 0 | P71: 0 | Q71: 0 | R71: 1 | S71: 1 | T71: 3 | U71: 0 | V71: 1 | W71: 1 | X71: 8 | Y71: 2 | Z71: 2 | AA71: 0 | AB71: 1 | AC71: 0 | AD71: 2 | AE71: 2 | AF71: 2 | AG71: =SUM(E71:AF71) -> 67
B72: 3 | C72: 3. INA AMMANIA | E72: 1 | F72: 2 | G72: 1 | H72: 0 | I72: 3 | J72: 0 | K72: 0 | L72: 2 | M72: 1 | N72: 0 | O72: 0 | P72: 1 | Q72: 0 | R72: 1 | S72: 1 | T72: 1 | U72: 1 | V72: 0 | W72: 2 | X72: 22 | Y72: 0 | Z72: 0 | AA72: 1 | AB72: 2 | AC72: 0 | AD72: 0 | AE72: 0 | AF72: 5 | AG72: =SUM(E72:AF72) -> 47
B73: 4 | C73: 4. IRWAN BACHTIAR RACHMAT, M.Si. | E73: 0 | F73: 0 | G73: 1 | H73: 0 | I73: 0 | J73: 0 | K73: 0 | L73: 0 | M73: 1 | N73: 0 | O73: 0 | P73: 0 | Q73: 1 | R73: 0 | S73: 0 | T73: 0 | U73: 0 | V73: 0 | W73: 0 | X73: 1 | Y73: 0 | Z73: 1 | AA73: 0 | AB73: 0 | AC73: 0 | AD73: 0 | AE73: 1 | AF73: 1 | AG73: =SUM(E73:AF73) -> 7
B74: 5 | C74: 5. LUCKY PERDANA | E74: 1 | F74: 1 | G74: 0 | H74: 0 | I74: 0 | J74: 1 | K74: 0 | L74: 0 | M74: 1 | N74: 0 | O74: 1 | P74: 0 | Q74: 0 | R74: 0 | S74: 0 | T74: 0 | U74: 1 | V74: 2 | W74: 1 | X74: 1 | Y74: 0 | Z74: 0 | AA74: 0 | AB74: 0 | AC74: 0 | AD74: 2 | AE74: 0 | AF74: 1 | AG74: =SUM(E74:AF74) -> 13
B75: 6 | C75: 6. WIWIK PUJIYATI | E75: 3 | F75: 0 | G75: 0 | H75: 0 | I75: 1 | J75: 0 | K75: 0 | L75: 0 | M75: 0 | N75: 0 | O75: 0 | P75: 0 | Q75: 0 | R75: 0 | S75: 0 | T75: 0 | U75: 0 | V75: 0 | W75: 1 | X75: 0 | Y75: 0 | Z75: 0 | AA75: 0 | AB75: 1 | AC75: 0 | AD75: 1 | AE75: 0 | AF75: 0 | AG75: =SUM(E75:AF75) -> 7
B76: 7 | C76: 7. CHANDRA ASTAN, S.T. | E76: 9 | F76: 15 | G76: 23 | H76: 23 | I76: 16 | J76: 23 | K76: 33 | L76: 9 | M76: 6 | N76: 1 | O76: 6 | P76: 0 | Q76: 0 | R76: 2 | S76: 26 | T76: 26 | U76: 35 | V76: 8 | W76: 7 | X76: 3 | Y76: 3 | Z76: 5 | AA76: 3 | AB76: 34 | AC76: 1 | AD76: 0 | AE76: 4 | AF76: 4 | AG76: =SUM(E76:AF76) -> 325
AG77: =SUM(E77:AF77) -> 0
AG78: =SUM(E78:AF78) -> 0
A79: B | B79: JUMLAH SUARA SAH PARTAI POLITIK DAN CALON (A1 + A2) | E79: =SUM(E69:E78) -> 34 | F79: =SUM(F69:F78) -> 35 | G79: =SUM(G69:G78) -> 48 | H79: =SUM(H69:H78) -> 54 | I79: =SUM(I69:I78) -> 39 | J79: =SUM(J69:J78) -> 48 | K79: =SUM(K69:K78) -> 56 | L79: =SUM(L69:L78) -> 29 | ... AG79: =SUM(AG69:AG78) -> 863
A81: A.1 | B81: 4. | C81: Partai Golongan Karya | E81: 3 | F81: 6 | G81: 1 | H81: 12 | I81: 4 | J81: 6 | K81: 5 | L81: 6 | M81: 6 | N81: 3 | O81: 0 | P81: 4 | Q81: 0 | R81: 2 | S81: 4 | T81: 5 | U81: 4 | V81: 5 | W81: 1 | X81: 2 | Y81: 3 | Z81: 1 | AA81: 1 | AB81: 1 | AC81: 3 | AD81: 4 | AE81: 2 | AF81: 4 | AG81: =SUM(E81:AF81) -> 98
A82: A.2 | B82: 1 | C82: 1. ZULFIKAR ARSE SADIKIN, S.I.P., M.Si. | E82: 1 | F82: 2 | G82: 7 | H82: 22 | I82: 25 | J82: 15 | K82: 4 | L82: 3 | M82: 0 | N82: 3 | O82: 1 | P82: 1 | Q82: 1 | R82: 0 | S82: 1 | T82: 3 | U82: 6 | V82: 8 | W82: 2 | X82: 0 | Y82: 9 | Z82: 6 | AA82: 5 | AB82: 2 | AC82: 67 | AD82: 3 | AE82: 9 | AF82: 0 | AG82: =SUM(E82:AF82) -> 206
B83: 2 | C83: 2. HANDOKO | E83: 0 | F83: 1 | G83: 4 | H83: 11 | I83: 7 | J83: 8 | K83: 7 | L83: 4 | M83: 0 | N83: 1 | O83: 1 | P83: 0 | Q83: 0 | R83: 0 | S83: 0 | T83: 0 | U83: 1 | V83: 0 | W83: 0 | X83: 1 | Y83: 1 | Z83: 2 | AA83: 0 | AB83: 0 | AC83: 2 | AD83: 3 | AE83: 0 | AF83: 0 | AG83: =SUM(E83:AF83) -> 54
B84: 3 | C84: 3. Hj. OVI DEWI YANTI | E84: 0 | F84: 0 | G84: 0 | H84: 5 | I84: 0 | J84: 1 | K84: 1 | L84: 0 | M84: 0 | N84: 0 | O84: 0 | P84: 0 | Q84: 0 | R84: 0 | S84: 2 | T84: 0 | U84: 1 | V84: 0 | W84: 0 | X84: 0 | Y84: 0 | Z84: 1 | AA84: 0 | AB84: 0 | AC84: 0 | AD84: 0 | AE84: 0 | AF84: 0 | AG84: =SUM(E84:AF84) -> 11
B85: 4 | C85: 4. Ir. AZAM AZMAN NATAWIJANA | E85: 0 | F85: 0 | G85: 0 | H85: 3 | I85: 0 | J85: 1 | K85: 1 | L85: 0 | M85: 3 | N85: 0 | O85: 0 | P85: 1 | Q85: 0 | R85: 0 | S85: 0 | T85: 0 | U85: 0 | V85: 0 | W85: 0 | X85: 0 | Y85: 0 | Z85: 1 | AA85: 0 | AB85: 0 | AC85: 0 | AD85: 0 | AE85: 0 | AF85: 0 | AG85: =SUM(E85:AF85) -> 10
B86: 5 | C86: 5. UBAIDILLAH AMIN, S.Kom. | E86: 0 | F86: 0 | G86: 0 | H86: 0 | I86: 0 | J86: 0 | K86: 0 | L86: 0 | M86: 1 | N86: 0 | O86: 1 | P86: 0 | Q86: 0 | R86: 0 | S86: 0 | T86: 0 | U86: 0 | V86: 0 | W86: 0 | X86: 0 | Y86: 0 | Z86: 0 | AA86: 0 | AB86: 0 | AC86: 0 | AD86: 0 | AE86: 0 | AF86: 1 | AG86: =SUM(E86:AF86) -> 3
B87: 6 | C87: 6. DENNY YUNIANDARI, S.H., M.Kn. | E87: 0 | F87: 0 | G87: 0 | H87: 0 | I87: 0 | J87: 1 | K87: 0 | L87: 0 | M87: 0 | N87: 0 | O87: 0 | P87: 0 | Q87: 0 | R87: 0 | S87: 0 | T87: 0 | U87: 0 | V87: 0 | W87: 0 | X87: 0 | Y87: 0 | Z87: 0 | AA87: 0 | AB87: 0 | AC87: 0 | AD87: 0 | AE87: 0 | AF87: 0 | AG87: =SUM(E87:AF87) -> 1
B88: 7 | C88: 7. ERNADI, S.H.I. | E88: 0 | F88: 0 | G88: 0 | H88: 0 | I88: 0 | J88: 0 | K88: 0 | L88: 0 | M88: 1 | N88: 0 | O88: 0 | P88: 0 | Q88: 0 | R88: 0 | S88: 0 | T88: 0 | U88: 0 | V88: 0 | W88: 0 | X88: 0 | Y88: 1 | Z88: 1 | AA88: 0 | AB88: 0 | AC88: 0 | AD88: 0 | AE88: 0 | AF88: 0 | AG88: =SUM(E88:AF88) -> 3
AG89: =SUM(E89:AF89) -> 0
AG90: =SUM(E90:AF90) -> 0
A91: B | B91: JUMLAH SUARA SAH PARTAI POLITIK DAN CALON (A1 + A2) | E91: =SUM(E81:E90) -> 4 | F91: =SUM(F81:F90) -> 9 | G91: =SUM(G81:G90) -> 12 | H91: =SUM(H81:H90) -> 53 | I91: =SUM(I81:I90) -> 36 | J91: =SUM(J81:J90) -> 32 | K91: =SUM(K81:K90) -> 18 | L91: =SUM(L81:L90) -> 13 | ... AG91: =SUM(AG81:AG90) -> 386
A93: A.1 | B93: 5. | C93: Partai NasDem | E93: 0 | F93: 1 | G93: 1 | H93: 0 | I93: 0 | J93: 1 | K93: 0 | L93: 0 | M93: 1 | N93: 1 | O93: 0 | P93: 3 | Q93: 1 | R93: 0 | S93: 2 | T93: 2 | U93: 2 | V93: 2 | W93: 1 | X93: 3 | Y93: 8 | Z93: 7 | AA93: 3 | AB93: 5 | AC93: 0 | AD93: 4 | AE93: 1 | AF93: 0 | AG93: =SUM(E93:AF93) -> 49
A94: A.2 | B94: 1 | C94: 1. ACH. FADIL MUZAKKI SYAH | E94: 1 | F94: 0 | G94: 0 | H94: 1 | I94: 3 | J94: 2 | K94: 1 | L94: 1 | M94: 1 | N94: 2 | O94: 1 | P94: 1 | Q94: 0 | R94: 0 | S94: 1 | T94: 3 | U94: 1 | V94: 0 | W94: 0 | X94: 1 | Y94: 5 | Z94: 1 | AA94: 2 | AB94: 1 | AC94: 2 | AD94: 2 | AE94: 2 | AF94: 1 | AG94: =SUM(E94:AF94) -> 36
B95: 2 | C95: 2. BENY | E95: 0 | F95: 0 | G95: 0 | H95: 0 | I95: 1 | J95: 0 | K95: 1 | L95: 0 | M95: 0 | N95: 0 | O95: 0 | P95: 0 | Q95: 0 | R95: 0 | S95: 0 | T95: 0 | U95: 0 | V95: 1 | W95: 0 | X95: 0 | Y95: 1 | Z95: 0 | AA95: 0 | AB95: 1 | AC95: 0 | AD95: 0 | AE95: 0 | AF95: 0 | AG95: =SUM(E95:AF95) -> 5
B96: 3 | C96: 3. VINA VERONIKA | E96: 0 | F96: 0 | G96: 0 | H96: 0 | I96: 0 | J96: 0 | K96: 0 | L96: 0 | M96: 0 | N96: 0 | O96: 0 | P96: 1 | Q96: 0 | R96: 0 | S96: 0 | T96: 1 | U96: 0 | V96: 0 | W96: 0 | X96: 0 | Y96: 0 | Z96: 0 | AA96: 0 | AB96: 1 | AC96: 0 | AD96: 0 | AE96: 1 | AF96: 0 | AG96: =SUM(E96:AF96) -> 4
B97: 4 | C97: 4. TEDDY ANUGRIANTO | E97: 0 | F97: 0 | G97: 0 | H97: 0 | I97: 0 | J97: 0 | K97: 0 | L97: 0 | M97: 0 | N97: 0 | O97: 0 | P97: 0 | Q97: 0 | R97: 0 | S97: 0 | T97: 0 | U97: 0 | V97: 1 | W97: 1 | X97: 0 | Y97: 0 | Z97: 1 | AA97: 0 | AB97: 1 | AC97: 1 | AD97: 1 | AE97: 1 | AF97: 0 | AG97: =SUM(E97:AF97) -> 7
B98: 5 | C98: 5. INSAN KAMIL | E98: 0 | F98: 0 | G98: 0 | H98: 0 | I98: 0 | J98: 0 | K98: 0 | L98: 0 | M98: 0 | N98: 0 | O98: 0 | P98: 0 | Q98: 0 | R98: 1 | S98: 0 | T98: 0 | U98: 0 | V98: 0 | W98: 0 | X98: 0 | Y98: 1 | Z98: 2 | AA98: 0 | AB98: 0 | AC98: 0 | AD98: 1 | AE98: 4 | AF98: 0 | AG98: =SUM(E98:AF98) -> 9
B99: 6 | C99: 6. LILIK LINDARWATI | E99: 1 | F99: 0 | G99: 0 | H99: 0 | I99: 0 | J99: 1 | K99: 0 | L99: 0 | M99: 0 | N99: 0 | O99: 0 | P99: 0 | Q99: 0 | R99: 3 | S99: 1 | T99: 2 | U99: 0 | V99: 0 | W99: 0 | X99: 2 | Y99: 10 | Z99: 3 | AA99: 3 | AB99: 5 | AC99: 6 | AD99: 1 | AE99: 2 | AF99: 0 | AG99: =SUM(E99:AF99) -> 40
B100: 7 | C100: 7. YULI ANITA | E100: 0 | F100: 0 | G100: 0 | H100: 0 | I100: 0 | J100: 0 | K100: 0 | L100: 0 | M100: 0 | N100: 0 | O100: 0 | P100: 0 | Q100: 0 | R100: 1 | S100: 0 | T100: 0 | U100: 0 | V100: 0 | W100: 0 | X100: 0 | Y100: 3 | Z100: 0 | AA100: 6 | AB100: 0 | AC100: 3 | AD100: 0 | AE100: 1 | AF100: 0 | AG100: =SUM(E100:AF100) -> 14
AG101: =SUM(E101:AF101) -> 0
AG102: =SUM(E102:AF102) -> 0
A103: B | B103: JUMLAH SUARA SAH PARTAI POLITIK DAN CALON (A1 + A2) | E103: =SUM(E93:E102) -> 2 | F103: =SUM(F93:F102) -> 1 | G103: =SUM(G93:G102) -> 1 | H103: =SUM(H93:H102) -> 1 | I103: =SUM(I93:I102) -> 4 | J103: =SUM(J93:J102) -> 4 | K103: =SUM(K93:K102) -> 2 | L103: =SUM(L93:L102) -> 1 | ... AG103: =SUM(AG93:AG102) -> 164
A105: A.1 | B105: 6. | C105: Partai Buruh | E105: 0 | F105: 0 | G105: 1 | H105: 0 | I105: 0 | J105: 0 | K105: 0 | L105: 0 | M105: 1 | N105: 1 | O105: 1 | P105: 0 | Q105: 0 | R105: 0 | S105: 0 | T105: 1 | U105: 3 | V105: 2 | W105: 0 | X105: 0 | Y105: 6 | Z105: 2 | AA105: 2 | AB105: 0 | AC105: 1 | AD105: 1 | AE105: 0 | AF105: 1 | AG105: =SUM(E105:AF105) -> 23
A106: A.2 | B106: 1 | C106: 1. KHOIRUL ANAM | E106: 0 | F106: 0 | G106: 0 | H106: 0 | I106: 0 | J106: 0 | K106: 0 | L106: 0 | M106: 0 | N106: 0 | O106: 0 | P106: 0 | Q106: 0 | R106: 0 | S106: 0 | T106: 0 | U106: 0 | V106: 0 | W106: 0 | X106: 0 | Y106: 0 | Z106: 0 | AA106: 0 | AB106: 0 | AC106: 0 | AD106: 0 | AE106: 2 | AF106: 0 | AG106: =SUM(E106:AF106) -> 2
B107: 2 | C107: 2. INA KURNIA | E107: 1 | F107: 0 | G107: 0 | H107: 0 | I107: 0 | J107: 0 | K107: 0 | L107: 0 | M107: 2 | N107: 0 | O107: 0 | P107: 0 | Q107: 0 | R107: 0 | S107: 0 | T107: 0 | U107: 0 | V107: 0 | W107: 0 | X107: 0 | Y107: 0 | Z107: 0 | AA107: 0 | AB107: 1 | AC107: 0 | AD107: 0 | AE107: 0 | AF107: 0 | AG107: =SUM(E107:AF107) -> 4
B108: 3 | C108: 3. JIBRAL TAROUK | E108: 0 | F108: 0 | G108: 0 | H108: 0 | I108: 0 | J108: 0 | K108: 0 | L108: 0 | M108: 0 | N108: 0 | O108: 0 | P108: 0 | Q108: 0 | R108: 0 | S108: 0 | T108: 0 | U108: 0 | V108: 0 | W108: 0 | X108: 0 | Y108: 0 | Z108: 0 | AA108: 0 | AB108: 0 | AC108: 0 | AD108: 0 | AE108: 0 | AF108: 0 | AG108: =SUM(E108:AF108) -> 0
B109: 4 | C109: 4. ASTUTI DAENG PUJI | E109: 0 | F109: 0 | G109: 0 | H109: 1 | I109: 0 | J109: 0 | K109: 0 | L109: 0 | M109: 0 | N109: 0 | O109: 0 | P109: 0 | Q109: 0 | R109: 0 | S109: 0 | T109: 0 | U109: 0 | V109: 0 | W109: 0 | X109: 0 | Y109: 0 | Z109: 0 | AA109: 0 | AB109: 0 | AC109: 0 | AD109: 0 | AE109: 0 | AF109: 0 | AG109: =SUM(E109:AF109) -> 1
B110: 5 | C110: 5. ASDARMAWAN | E110: 0 | F110: 0 | G110: 0 | H110: 0 | I110: 0 | J110: 0 | K110: 0 | L110: 0 | M110: 0 | N110: 0 | O110: 0 | P110: 0 | Q110: 0 | R110: 0 | S110: 0 | T110: 0 | U110: 0 | V110: 0 | W110: 0 | X110: 0 | Y110: 0 | Z110: 0 | AA110: 0 | AB110: 0 | AC110: 0 | AD110: 0 | AE110: 0 | AF110: 0 | AG110: =SUM(E110:AF110) -> 0
B111: 6 | C111: 6. RIFQI MUBAROK | E111: 0 | F111: 0 | G111: 0 | H111: 0 | I111: 0 | J111: 0 | K111: 0 | L111: 0 | M111: 0 | N111: 0 | O111: 0 | P111: 0 | Q111: 0 | R111: 0 | S111: 0 | T111: 0 | U111: 0 | V111: 0 | W111: 0 | X111: 0 | Y111: 0 | Z111: 0 | AA111: 1 | AB111: 0 | AC111: 1 | AD111: 0 | AE111: 0 | AF111: 0 | AG111: =SUM(E111:AF111) -> 2
B112: 7 | C112: 7. FIRNANDA ALTA MEGA | E112: 0 | F112: 0 | G112: 0 | H112: 0 | I112: 0 | J112: 0 | K112: 0 | L112: 0 | M112: 0 | N112: 0 | O112: 0 | P112: 0 | Q112: 0 | R112: 0 | S112: 0 | T112: 0 | U112: 0 | V112: 0 | W112: 0 | X112: 0 | Y112: 0 | Z112: 0 | AA112: 0 | AB112: 0 | AC112: 0 | AD112: 0 | AE112: 0 | AF112: 0 | AG112: =SUM(E112:AF112) -> 0
AG113: =SUM(E113:AF113) -> 0
AG114: =SUM(E114:AF114) -> 0
A115: B | B115: JUMLAH SUARA SAH PARTAI POLITIK DAN CALON (A1 + A2) | E115: =SUM(E105:E114) -> 1 | F115: =SUM(F105:F114) -> 0 | G115: =SUM(G105:G114) -> 1 | H115: =SUM(H105:H114) -> 1 | I115: =SUM(I105:I114) -> 0 | J115: =SUM(J105:J114) -> 0 | K115: =SUM(K105:K114) -> 0 | L115: =SUM(L105:L114) -> 0 | ... AG115: =SUM(AG105:AG114) -> 32
A117: A.1 | B117: 7. | C117: Partai Gelombang Rakyat Indonesia | E117: 1 | F117: 1 | G117: 0 | H117: 1 | I117: 0 | J117: 0 | K117: 1 | L117: 1 | M117: 0 | N117: 0 | O117: 0 | P117: 0 | Q117: 0 | R117: 0 | S117: 0 | T117: 2 | U117: 0 | V117: 0 | W117: 0 | X117: 0 | Y117: 0 | Z117: 0 | AA117: 2 | AB117: 3 | AC117: 0 | AD117: 1 | AE117: 0 | AF117: 0 | AG117: =SUM(E117:AF117) -> 13
...

Sheet WONGSOREJO
C2: Kecamatan | D2: WONGSOREJO
C3: Kabupaten | D3: BANYUWANGI
C4: Provinsi | D4: JAWA TIMUR
C9: Kelurahan | D9: WONGSOREJO
A12: I | B12: DATA PEMILIH DAN PENGGUNAAN HAK PILIH | AM12: JUMLAH AKHIR
A13: A | B13: DATA PEMILIH | E13: TPS 001 | F13: TPS 002 | G13: TPS 003 | H13: TPS 004 | I13: TPS 005 | J13: TPS 006 | K13: TPS 007 | L13: TPS 008 | M13: TPS 009 | N13: TPS 010 | O13: TPS 011 | P13: TPS 012 | Q13: TPS 013 | R13: TPS 014 | S13: TPS 015 | T13: TPS 016 | U13: TPS 017 | V13: TPS 018 | W13: TPS 019 | X13: TPS 020 | Y13: TPS 021 | Z13: TPS 022 | AA13: TPS 023 | AB13: TPS 024 | AC13: TPS 025 | AD13: TPS 026 | AE13: TPS 027 | AF13: TPS 028 | AG13: TPS 029 | AH13: TPS 030 | AI13: TPS 031 | AJ13: TPS 032 | AK13: TPS 033 | AL13: TPS 034
B14: Jumlah Pemilih dalam Daftar Pemilih Tetap (DPT) | D14: LK | E14: 119 | F14: 124 | G14: 138 | H14: 131 | I14: 132 | J14: 132 | K14: 122 | L14: 113 | M14: 135 | N14: 124 | O14: 121 | P14: 123 | Q14: 132 | R14: 132 | S14: 144 | T14: 130 | U14: 123 | V14: 132 | W14: 120 | X14: 125 | Y14: 90 | Z14: 116 | AA14: 127 | AB14: 120 | AC14: 118 | AD14: 139 | AE14: 119 | AF14: 114 | AG14: 137 | AH14: 116 | AI14: 141 | AJ14: 117 | AK14: 101 | AL14: 106 | AM14: =SUM(E14:AL14) -> 4213
D15: PR | E15: 124 | F15: 149 | G15: 136 | H15: 131 | I15: 132 | J15: 139 | K15: 148 | L15: 115 | M15: 134 | N15: 119 | O15: 130 | P15: 131 | Q15: 138 | R15: 128 | S15: 142 | T15: 134 | U15: 125 | V15: 146 | W15: 131 | X15: 124 | Y15: 107 | Z15: 146 | AA15: 142 | AB15: 138 | AC15: 130 | AD15: 138 | AE15: 122 | AF15: 115 | AG15: 138 | AH15: 110 | AI15: 135 | AJ15: 115 | AK15: 111 | AL15: 101 | AM15: =SUM(E15:AL15) -> 4404
D16: JML | E16: =SUM(E14:E15) -> 243 | F16: =SUM(F14:F15) -> 273 | G16: =SUM(G14:G15) -> 274 | H16: =SUM(H14:H15) -> 262 | I16: =SUM(I14:I15) -> 264 | J16: =SUM(J14:J15) -> 271 | K16: =SUM(K14:K15) -> 270 | L16: =SUM(L14:L15) -> 228 | ... AL16: =SUM(AL14:AL15) -> 207 | AM16: =SUM(E16:AL16) -> 8617
A18: B | B18: PENGGUNA HAK PILIH
B19: 1. | C19: Jumlah pengguna hak pilih dalam Daftar Pemilih Tetap (DPT) | D19: LK | E19: 82 | F19: 86 | G19: 111 | H19: 92 | I19: 98 | J19: 93 | K19: 94 | L19: 90 | M19: 94 | N19: 97 | O19: 90 | P19: 97 | Q19: 109 | R19: 97 | S19: 118 | T19: 100 | U19: 89 | V19: 105 | W19: 81 | X19: 88 | Y19: 58 | Z19: 85 | AA19: 99 | AB19: 105 | AC19: 88 | AD19: 100 | AE19: 83 | AF19: 89 | AG19: 96 | AH19: 81 | AI19: 92 | AJ19: 103 | AK19: 74 | AL19: 79 | AM19: =SUM(E19:AL19) -> 3143
D20: PR | E20: 93 | F20: 102 | G20: 111 | H20: 123 | I20: 112 | J20: 118 | K20: 117 | L20: 96 | M20: 107 | N20: 100 | O20: 102 | P20: 102 | Q20: 118 | R20: 106 | S20: 121 | T20: 106 | U20: 93 | V20: 116 | W20: 94 | X20: 91 | Y20: 79 | Z20: 109 | AA20: 105 | AB20: 118 | AC20: 99 | AD20: 113 | AE20: 84 | AF20: 87 | AG20: 109 | AH20: 76 | AI20: 80 | AJ20: 100 | AK20: 83 | AL20: 73 | AM20: =SUM(E20:AL20) -> 3443
D21: JML | E21: =SUM(E19:E20) -> 175 | F21: =SUM(F19:F20) -> 188 | G21: =SUM(G19:G20) -> 222 | H21: =SUM(H19:H20) -> 215 | I21: =SUM(I19:I20) -> 210 | J21: =SUM(J19:J20) -> 211 | K21: =SUM(K19:K20) -> 211 | L21: =SUM(L19:L20) -> 186 | ... AL21: =SUM(AL19:AL20) -> 152 | AM21: =SUM(E21:AL21) -> 6586
B22: 2. | C22: Jumlah pengguna hak pilih dalam Daftar Pemilih Tambahan (DPTb) | D22: LK | E22: 0 | F22: 0 | G22: 0 | H22: 0 | I22: 0 | J22: 0 | K22: 0 | L22: 0 | M22: 0 | N22: 0 | O22: 0 | P22: 1 | Q22: 0 | R22: 0 | S22: 0 | T22: 0 | U22: 0 | V22: 0 | W22: 0 | X22: 0 | Y22: 0 | Z22: 0 | AA22: 0 | AB22: 0 | AC22: 0 | AD22: 0 | AE22: 1 | AF22: 1 | AG22: 4 | AH22: 3 | AI22: 0 | AJ22: 1 | AK22: 4 | AL22: 0 | AM22: =SUM(E22:AL22) -> 15
D23: PR | E23: 0 | F23: 0 | G23: 0 | H23: 0 | I23: 0 | J23: 0 | K23: 0 | L23: 0 | M23: 0 | N23: 1 | O23: 0 | P23: 1 | Q23: 0 | R23: 0 | S23: 0 | T23: 0 | U23: 0 | V23: 0 | W23: 0 | X23: 0 | Y23: 0 | Z23: 1 | AA23: 1 | AB23: 0 | AC23: 1 | AD23: 1 | AE23: 2 | AF23: 0 | AG23: 0 | AH23: 2 | AI23: 0 | AJ23: 0 | AK23: 1 | AL23: 0 | AM23: =SUM(E23:AL23) -> 11
D24: JML | E24: =SUM(E22:E23) -> 0 | F24: =SUM(F22:F23) -> 0 | G24: =SUM(G22:G23) -> 0 | H24: =SUM(H22:H23) -> 0 | I24: =SUM(I22:I23) -> 0 | J24: =SUM(J22:J23) -> 0 | K24: =SUM(K22:K23) -> 0 | L24: =SUM(L22:L23) -> 0 | ... AL24: =SUM(AL22:AL23) -> 0 | AM24: =SUM(E24:AL24) -> 26
B25: 3. | C25: Jumlah pengguna hak pilih dalam Daftar Pemilih Khusus (DPK) | D25: LK | E25: 1 | F25: 2 | G25: 0 | H25: 5 | I25: 0 | J25: 0 | K25: 0 | L25: 0 | M25: 0 | N25: 0 | O25: 0 | P25: 2 | Q25: 0 | R25: 0 | S25: 0 | T25: 0 | U25: 0 | V25: 1 | W25: 0 | X25: 1 | Y25: 0 | Z25: 1 | AA25: 1 | AB25: 2 | AC25: 3 | AD25: 1 | AE25: 0 | AF25: 0 | AG25: 1 | AH25: 0 | AI25: 4 | AJ25: 1 | AK25: 0 | AL25: 0 | AM25: =SUM(E25:AL25) -> 26
D26: PR | E26: 2 | F26: 1 | G26: 0 | H26: 4 | I26: 0 | J26: 3 | K26: 0 | L26: 0 | M26: 0 | N26: 0 | O26: 0 | P26: 0 | Q26: 0 | R26: 0 | S26: 0 | T26: 0 | U26: 0 | V26: 3 | W26: 0 | X26: 2 | Y26: 1 | Z26: 1 | AA26: 1 | AB26: 1 | AC26: 1 | AD26: 3 | AE26: 0 | AF26: 0 | AG26: 1 | AH26: 0 | AI26: 2 | AJ26: 1 | AK26: 0 | AL26: 0 | AM26: =SUM(E26:AL26) -> 27
D27: JML | E27: =SUM(E25:E26) -> 3 | F27: =SUM(F25:F26) -> 3 | G27: =SUM(G25:G26) -> 0 | H27: =SUM(H25:H26) -> 9 | I27: =SUM(I25:I26) -> 0 | J27: =SUM(J25:J26) -> 3 | K27: =SUM(K25:K26) -> 0 | L27: =SUM(L25:L26) -> 0 | ... AL27: =SUM(AL25:AL26) -> 0 | AM27: =SUM(E27:AL27) -> 53
B28: 4. | C28: Jumlah Pengguna Hak Pilih (B.1+B.2+B.3) | D28: LK | E28: =SUM(E19,E22,E25) -> 83 | F28: =SUM(F19,F22,F25) -> 88 | G28: =SUM(G19,G22,G25) -> 111 | H28: =SUM(H19,H22,H25) -> 97 | I28: =SUM(I19,I22,I25) -> 98 | J28: =SUM(J19,J22,J25) -> 93 | K28: =SUM(K19,K22,K25) -> 94 | L28: =SUM(L19,L22,L25) -> 90 | ... AL28: =SUM(AL19,AL22,AL25) -> 79 | AM28: =SUM(E28:AL28) -> 3184
D29: PR | E29: =SUM(E20,E23,E26) -> 95 | F29: =SUM(F20,F23,F26) -> 103 | G29: =SUM(G20,G23,G26) -> 111 | H29: =SUM(H20,H23,H26) -> 127 | I29: =SUM(I20,I23,I26) -> 112 | J29: =SUM(J20,J23,J26) -> 121 | K29: =SUM(K20,K23,K26) -> 117 | L29: =SUM(L20,L23,L26) -> 96 | ... AL29: =SUM(AL20,AL23,AL26) -> 73 | AM29: =SUM(E29:AL29) -> 3481
D30: JML | E30: =SUM(E28:E29) -> 178 | F30: =SUM(F28:F29) -> 191 | G30: =SUM(G28:G29) -> 222 | H30: =SUM(H28:H29) -> 224 | I30: =SUM(I28:I29) -> 210 | J30: =SUM(J28:J29) -> 214 | K30: =SUM(K28:K29) -> 211 | L30: =SUM(L28:L29) -> 186 | ... AL30: =SUM(AL28:AL29) -> 152 | AM30: =SUM(E30:AL30) -> 6665
A32: II | B32: DATA PENGGUNAAN SURAT SUARA
A33: 1 | B33: Jumlah surat suara yang diterima, termasuk surat suara cadangan 2,5% dari DPT | E33: 248 | F33: 279 | G33: 280 | H33: 268 | I33: 270 | J33: 277 | K33: 276 | L33: 233 | M33: 275 | N33: 248 | O33: 257 | P33: 260 | Q33: 276 | R33: 266 | S33: 292 | T33: 270 | U33: 253 | V33: 284 | W33: 257 | X33: 254 | Y33: 197 | Z33: 268 | AA33: 275 | AB33: 264 | AC33: 253 | AD33: 283 | AE33: 246 | AF33: 234 | AG33: 281 | AH33: 231 | AI33: 282 | AJ33: 237 | AK33: 217 | AL33: 212 | AM33: =SUM(E33:AL33) -> 8803
A34: 2 | B34: Jumlah surat suara yang digunakan | E34: 178 | F34: 191 | G34: 222 | H34: 224 | I34: 210 | J34: 214 | K34: 211 | L34: 186 | M34: 201 | N34: 198 | O34: 192 | P34: 203 | Q34: 227 | R34: 203 | S34: 239 | T34: 206 | U34: 182 | V34: 225 | W34: 175 | X34: 182 | Y34: 138 | Z34: 197 | AA34: 207 | AB34: 226 | AC34: 192 | AD34: 218 | AE34: 170 | AF34: 177 | AG34: 211 | AH34: 162 | AI34: 178 | AJ34: 206 | AK34: 162 | AL34: 152 | AM34: =SUM(E34:AL34) -> 6665
A35: 3 | B35: Jumlah surat suara dikembalikan oleh pemilih (karena rusak atau keliru coblos) | E35: 1 | F35: 0 | G35: 1 | H35: 0 | I35: 0 | J35: 0 | K35: 0 | L35: 0 | M35: 0 | N35: 0 | O35: 0 | P35: 0 | Q35: 0 | R35: 0 | S35: 0 | T35: 1 | U35: 2 | V35: 2 | W35: 1 | X35: 0 | Y35: 0 | Z35: 0 | AA35: 0 | AB35: 0 | AC35: 0 | AD35: 0 | AE35: 0 | AF35: 0 | AG35: 0 | AH35: 0 | AI35: 0 | AJ35: 0 | AK35: 0 | AL35: 0 | AM35: =SUM(E35:AL35) -> 8
A36: 4 | B36: Jumlah surat suara yang tidak digunakan/tidak terpakai, termasuk sisa surat suara cadangan | E36: =E33-(E34+E35) -> 69 | F36: =F33-(F34+F35) -> 88 | G36: =G33-(G34+G35) -> 57 | H36: =H33-(H34+H35) -> 44 | I36: =I33-(I34+I35) -> 60 | J36: =J33-(J34+J35) -> 63 | K36: =K33-(K34+K35) -> 65 | L36: =L33-(L34+L35) -> 47 | ... AL36: =AL33-(AL34+AL35) -> 60 | AM36: =SUM(E36:AL36) -> 2130
A38: III | B38: DATA PEMILIH DISABILITAS
B39: Jumlah seluruh Pemilih disabilitas yang menggunakan hak pilih | D39: LK | E39: 0 | F39: 0 | G39: 0 | H39: 2 | I39: 0 | J39: 0 | K39: 0 | L39: 0 | M39: 0 | N39: 0 | O39: 0 | P39: 0 | Q39: 0 | R39: 0 | S39: 0 | T39: 0 | U39: 0 | V39: 0 | W39: 0 | X39: 0 | Y39: 0 | Z39: 0 | AA39: 0 | AB39: 0 | AC39: 0 | AD39: 0 | AE39: 0 | AF39: 0 | AG39: 0 | AH39: 0 | AI39: 0 | AJ39: 0 | AK39: 0 | AL39: 0 | AM39: =SUM(E39:AL39) -> 2
D40: PR | E40: 0 | F40: 0 | G40: 0 | H40: 0 | I40: 0 | J40: 0 | K40: 0 | L40: 0 | M40: 0 | N40: 0 | O40: 0 | P40: 0 | Q40: 0 | R40: 0 | S40: 0 | T40: 0 | U40: 0 | V40: 0 | W40: 0 | X40: 0 | Y40: 0 | Z40: 0 | AA40: 1 | AB40: 0 | AC40: 0 | AD40: 0 | AE40: 0 | AF40: 0 | AG40: 1 | AH40: 0 | AI40: 0 | AJ40: 0 | AK40: 0 | AL40: 0 | AM40: =SUM(E40:AL40) -> 2
D41: JML | E41: =SUM(E39:E40) -> 0 | F41: =SUM(F39:F40) -> 0 | G41: =SUM(G39:G40) -> 0 | H41: =SUM(H39:H40) -> 2 | I41: =SUM(I39:I40) -> 0 | J41: =SUM(J39:J40) -> 0 | K41: =SUM(K39:K40) -> 0 | L41: =SUM(L39:L40) -> 0 | ... AL41: =SUM(AL39:AL40) -> 0 | AM41: =SUM(E41:AL41) -> 4
A43: IV | B43: DATA RINCIAN PEROLEHAN SUARA PASANGAN CALON BUPATI DAN WAKIL BUPATI
A44: NOMOR DAN NAMA CALON
A45: A.1 | B45: 1. | C45: Partai Kebangkitan Bangsa | E45: 14 | F45: 7 | G45: 5 | H45: 18 | I45: 5 | J45: 7 | K45: 2 | L45: 17 | M45: 5 | N45: 10 | O45: 11 | P45: 17 | Q45: 6 | R45: 14 | S45: 3 | T45: 9 | U45: 5 | V45: 5 | W45: 8 | X45: 8 | Y45: 8 | Z45: 11 | AA45: 13 | AB45: 6 | AC45: 8 | AD45: 7 | AE45: 15 | AF45: 7 | AG45: 19 | AH45: 20 | AI45: 11 | AJ45: 3 | AK45: 6 | AL45: 4 | AM45: =SUM(E45:AL45) -> 314
A46: A.2 | B46: 1 | C46: 1. Dr. Hj. NIHAYATUL WAFIROH, M.A. | E46: 8 | F46: 6 | G46: 17 | H46: 16 | I46: 4 | J46: 5 | K46: 15 | L46: 6 | M46: 30 | N46: 7 | O46: 13 | P46: 5 | Q46: 6 | R46: 3 | S46: 8 | T46: 12 | U46: 9 | V46: 11 | W46: 10 | X46: 9 | Y46: 11 | Z46: 10 | AA46: 12 | AB46: 2 | AC46: 14 | AD46: 10 | AE46: 14 | AF46: 6 | AG46: 13 | AH46: 7 | AI46: 10 | AJ46: 3 | AK46: 4 | AL46: 9 | AM46: =SUM(E46:AL46) -> 325
B47: 2 | C47: 2. H. M. NASIM KHAN | E47: 12 | F47: 15 | G47: 16 | H47: 29 | I47: 30 | J47: 17 | K47: 19 | L47: 29 | M47: 41 | N47: 17 | O47: 15 | P47: 34 | Q47: 11 | R47: 8 | S47: 33 | T47: 27 | U47: 19 | V47: 21 | W47: 18 | X47: 13 | Y47: 6 | Z47: 13 | AA47: 33 | AB47: 36 | AC47: 17 | AD47: 12 | AE47: 11 | AF47: 23 | AG47: 13 | AH47: 11 | AI47: 6 | AJ47: 21 | AK47: 6 | AL47: 1 | AM47: =SUM(E47:AL47) -> 633
B48: 3 | C48: 3. Dr. H. AKIK ZAMAN, M.Pd.I. | E48: 12 | F48: 9 | G48: 2 | H48: 14 | I48: 1 | J48: 5 | K48: 2 | L48: 2 | M48: 1 | N48: 5 | O48: 0 | P48: 1 | Q48: 0 | R48: 0 | S48: 0 | T48: 5 | U48: 4 | V48: 4 | W48: 0 | X48: 0 | Y48: 2 | Z48: 0 | AA48: 2 | AB48: 3 | AC48: 6 | AD48: 0 | AE48: 0 | AF48: 1 | AG48: 5 | AH48: 0 | AI48: 1 | AJ48: 0 | AK48: 0 | AL48: 0 | AM48: =SUM(E48:AL48) -> 87
B49: 4 | C49: 4. AHMAD RIFA'I, S.H. | E49: 0 | F49: 0 | G49: 0 | H49: 0 | I49: 2 | J49: 0 | K49: 3 | L49: 0 | M49: 1 | N49: 1 | O49: 2 | P49: 1 | Q49: 1 | R49: 0 | S49: 1 | T49: 0 | U49: 3 | V49: 0 | W49: 0 | X49: 2 | Y49: 0 | Z49: 0 | AA49: 1 | AB49: 2 | AC49: 1 | AD49: 1 | AE49: 0 | AF49: 0 | AG49: 3 | AH49: 1 | AI49: 0 | AJ49: 0 | AK49: 3 | AL49: 4 | AM49: =SUM(E49:AL49) -> 33
B50: 5 | C50: 5. Drs. H. MAHFUD M.N. | E50: 0 | F50: 0 | G50: 0 | H50: 2 | I50: 1 | J50: 1 | K50: 2 | L50: 0 | M50: 0 | N50: 0 | O50: 0 | P50: 0 | Q50: 1 | R50: 0 | S50: 0 | T50: 0 | U50: 0 | V50: 0 | W50: 1 | X50: 0 | Y50: 0 | Z50: 0 | AA50: 0 | AB50: 0 | AC50: 1 | AD50: 0 | AE50: 1 | AF50: 1 | AG50: 0 | AH50: 0 | AI50: 0 | AJ50: 0 | AK50: 1 | AL50: 1 | AM50: =SUM(E50:AL50) -> 13
B51: 6 | C51: 6. NURHAYATI, S.Pd. | E51: 0 | F51: 1 | G51: 0 | H51: 0 | I51: 0 | J51: 0 | K51: 0 | L51: 0 | M51: 0 | N51: 1 | O51: 0 | P51: 0 | Q51: 1 | R51: 0 | S51: 0 | T51: 0 | U51: 0 | V51: 0 | W51: 0 | X51: 0 | Y51: 0 | Z51: 0 | AA51: 0 | AB51: 0 | AC51: 0 | AD51: 0 | AE51: 0 | AF51: 0 | AG51: 0 | AH51: 1 | AI51: 0 | AJ51: 0 | AK51: 0 | AL51: 0 | AM51: =SUM(E51:AL51) -> 4
B52: 7 | C52: 7. MAFTUHA KISWAH | E52: 0 | F52: 0 | G52: 1 | H52: 0 | I52: 0 | J52: 0 | K52: 0 | L52: 1 | M52: 0 | N52: 2 | O52: 0 | P52: 0 | Q52: 0 | R52: 0 | S52: 0 | T52: 0 | U52: 0 | V52: 0 | W52: 1 | X52: 0 | Y52: 0 | Z52: 0 | AA52: 1 | AB52: 0 | AC52: 0 | AD52: 1 | AE52: 0 | AF52: 0 | AG52: 0 | AH52: 0 | AI52: 0 | AJ52: 0 | AK52: 1 | AL52: 0 | AM52: =SUM(E52:AL52) -> 8
AM53: =SUM(E53:AL53) -> 0
AM54: =SUM(E54:AL54) -> 0
A55: B | B55: JUMLAH SUARA SAH PARTAI POLITIK DAN CALON (A1 + A2) | E55: =SUM(E45:E54) -> 46 | F55: =SUM(F45:F54) -> 38 | G55: =SUM(G45:G54) -> 41 | H55: =SUM(H45:H54) -> 79 | I55: =SUM(I45:I54) -> 43 | J55: =SUM(J45:J54) -> 35 | K55: =SUM(K45:K54) -> 43 | L55: =SUM(L45:L54) -> 55 | ... AM55: =SUM(AM45:AM54) -> 1417
A57: A.1 | B57: 2. | C57: Partai Gerakan Indonesia Raya | E57: 22 | F57: 17 | G57: 12 | H57: 11 | I57: 13 | J57: 7 | K57: 10 | L57: 12 | M57: 6 | N57: 13 | O57: 10 | P57: 22 | Q57: 16 | R57: 19 | S57: 6 | T57: 11 | U57: 14 | V57: 12 | W57: 13 | X57: 11 | Y57: 10 | Z57: 17 | AA57: 6 | AB57: 0 | AC57: 8 | AD57: 8 | AE57: 15 | AF57: 5 | AG57: 27 | AH57: 28 | AI57: 29 | AJ57: 10 | AK57: 12 | AL57: 10 | AM57: =SUM(E57:AL57) -> 442
A58: A.2 | B58: 1 | C58: 1. SUMAIL ABDULLAH | E58: 35 | F58: 48 | G58: 56 | H58: 34 | I58: 64 | J58: 46 | K58: 71 | L58: 50 | M58: 29 | N58: 38 | O58: 46 | P58: 49 | Q58: 41 | R58: 38 | S58: 70 | T58: 44 | U58: 63 | V58: 72 | W58: 55 | X58: 51 | Y58: 45 | Z58: 92 | AA58: 78 | AB58: 59 | AC58: 42 | AD58: 68 | AE58: 41 | AF58: 48 | AG58: 59 | AH58: 41 | AI58: 30 | AJ58: 144 | AK58: 57 | AL58: 24 | AM58: =SUM(E58:AL58) -> 1828
B59: 2 | C59: 2. MUHAMMAD ALI ADRIAN SALEH | E59: 3 | F59: 2 | G59: 1 | H59: 2 | I59: 2 | J59: 4 | K59: 1 | L59: 0 | M59: 2 | N59: 3 | O59: 1 | P59: 0 | Q59: 2 | R59: 1 | S59: 1 | T59: 1 | U59: 1 | V59: 3 | W59: 0 | X59: 2 | Y59: 1 | Z59: 6 | AA59: 2 | AB59: 3 | AC59: 2 | AD59: 6 | AE59: 0 | AF59: 3 | AG59: 4 | AH59: 3 | AI59: 5 | AJ59: 1 | AK59: 1 | AL59: 3 | AM59: =SUM(E59:AL59) -> 72
B60: 3 | C60: 3. DURROTUN NAFISAH | E60: 2 | F60: 1 | G60: 0 | H60: 1 | I60: 2 | J60: 0 | K60: 0 | L60: 0 | M60: 2 | N60: 1 | O60: 0 | P60: 0 | Q60: 2 | R60: 0 | S60: 0 | T60: 1 | U60: 0 | V60: 1 | W60: 1 | X60: 1 | Y60: 0 | Z60: 2 | AA60: 0 | AB60: 0 | AC60: 0 | AD60: 1 | AE60: 1 | AF60: 1 | AG60: 3 | AH60: 0 | AI60: 4 | AJ60: 0 | AK60: 0 | AL60: 0 | AM60: =SUM(E60:AL60) -> 27
B61: 4 | C61: 4. H. EKO SUSILO NURHIDAYAT | E61: 1 | F61: 2 | G61: 1 | H61: 0 | I61: 0 | J61: 0 | K61: 0 | L61: 2 | M61: 0 | N61: 2 | O61: 1 | P61: 0 | Q61: 0 | R61: 2 | S61: 0 | T61: 0 | U61: 2 | V61: 0 | W61: 0 | X61: 2 | Y61: 0 | Z61: 0 | AA61: 2 | AB61: 0 | AC61: 0 | AD61: 0 | AE61: 0 | AF61: 0 | AG61: 1 | AH61: 0 | AI61: 0 | AJ61: 1 | AK61: 2 | AL61: 0 | AM61: =SUM(E61:AL61) -> 21
B62: 5 | C62: 5. KARNADI HARIJANTO, S.S. | E62: 0 | F62: 0 | G62: 0 | H62: 0 | I62: 0 | J62: 0 | K62: 0 | L62: 0 | M62: 0 | N62: 0 | O62: 0 | P62: 0 | Q62: 0 | R62: 0 | S62: 0 | T62: 0 | U62: 0 | V62: 0 | W62: 1 | X62: 0 | Y62: 0 | Z62: 0 | AA62: 0 | AB62: 0 | AC62: 0 | AD62: 1 | AE62: 0 | AF62: 0 | AG62: 0 | AH62: 0 | AI62: 0 | AJ62: 0 | AK62: 0 | AL62: 0 | AM62: =SUM(E62:AL62) -> 2
B63: 6 | C63: 6. NURHAYATI | E63: 0 | F63: 0 | G63: 0 | H63: 0 | I63: 1 | J63: 0 | K63: 1 | L63: 0 | M63: 1 | N63: 0 | O63: 0 | P63: 0 | Q63: 0 | R63: 1 | S63: 0 | T63: 0 | U63: 0 | V63: 0 | W63: 0 | X63: 0 | Y63: 0 | Z63: 0 | AA63: 0 | AB63: 0 | AC63: 0 | AD63: 0 | AE63: 1 | AF63: 1 | AG63: 2 | AH63: 0 | AI63: 1 | AJ63: 0 | AK63: 2 | AL63: 1 | AM63: =SUM(E63:AL63) -> 12
B64: 7 | C64: 7. MASHUDI | E64: 0 | F64: 0 | G64: 0 | H64: 0 | I64: 0 | J64: 0 | K64: 0 | L64: 0 | M64: 0 | N64: 0 | O64: 0 | P64: 0 | Q64: 0 | R64: 0 | S64: 0 | T64: 0 | U64: 0 | V64: 1 | W64: 0 | X64: 0 | Y64: 0 | Z64: 0 | AA64: 0 | AB64: 0 | AC64: 0 | AD64: 1 | AE64: 0 | AF64: 0 | AG64: 0 | AH64: 1 | AI64: 0 | AJ64: 0 | AK64: 1 | AL64: 0 | AM64: =SUM(E64:AL64) -> 4
AM65: =SUM(E65:AL65) -> 0
AM66: =SUM(E66:AL66) -> 0
A67: B | B67: JUMLAH SUARA SAH PARTAI POLITIK DAN CALON (A1 + A2) | E67: =SUM(E57:E66) -> 63 | F67: =SUM(F57:F66) -> 70 | G67: =SUM(G57:G66) -> 70 | H67: =SUM(H57:H66) -> 48 | I67: =SUM(I57:I66) -> 82 | J67: =SUM(J57:J66) -> 57 | K67: =SUM(K57:K66) -> 83 | L67: =SUM(L57:L66) -> 64 | ... AM67: =SUM(AM57:AM66) -> 2408
A69: A.1 | B69: 3. | C69: Partai Demokrasi Indonesia Perjuangan | E69: 2 | F69: 7 | G69: 11 | H69: 10 | I69: 5 | J69: 6 | K69: 2 | L69: 3 | M69: 1 | N69: 3 | O69: 4 | P69: 8 | Q69: 10 | R69: 8 | S69: 3 | T69: 4 | U69: 5 | V69: 4 | W69: 3 | X69: 8 | Y69: 3 | Z69: 3 | AA69: 0 | AB69: 2 | AC69: 2 | AD69: 3 | AE69: 10 | AF69: 3 | AG69: 7 | AH69: 3 | AI69: 11 | AJ69: 1 | AK69: 5 | AL69: 8 | AM69: =SUM(E69:AL69) -> 168
A70: A.2 | B70: 1 | C70: 1. SONNY TRI DANAPARAMITA, S.H., M.H. | E70: 3 | F70: 5 | G70: 2 | H70: 1 | I70: 4 | J70: 15 | K70: 6 | L70: 4 | M70: 0 | N70: 4 | O70: 1 | P70: 1 | Q70: 30 | R70: 1 | S70: 4 | T70: 6 | U70: 4 | V70: 2 | W70: 4 | X70: 2 | Y70: 5 | Z70: 1 | AA70: 4 | AB70: 2 | AC70: 2 | AD70: 4 | AE70: 1 | AF70: 0 | AG70: 2 | AH70: 1 | AI70: 4 | AJ70: 0 | AK70: 18 | AL70: 15 | AM70: =SUM(E70:AL70) -> 158
B71: 2 | C71: 2. H. MOHAMAD GUNTUR ROMLI | E71: 2 | F71: 3 | G71: 2 | H71: 4 | I71: 3 | J71: 1 | K71: 10 | L71: 1 | M71: 3 | N71: 2 | O71: 1 | P71: 2 | Q71: 1 | R71: 3 | S71: 6 | T71: 17 | U71: 3 | V71: 1 | W71: 2 | X71: 5 | Y71: 1 | Z71: 1 | AA71: 0 | AB71: 2 | AC71: 2 | AD71: 3 | AE71: 0 | AF71: 1 | AG71: 1 | AH71: 1 | AI71: 2 | AJ71: 1 | AK71: 3 | AL71: 1 | AM71: =SUM(E71:AL71) -> 91
B72: 3 | C72: 3. INA AMMANIA | E72: 0 | F72: 2 | G72: 0 | H72: 0 | I72: 0 | J72: 1 | K72: 2 | L72: 2 | M72: 1 | N72: 2 | O72: 2 | P72: 9 | Q72: 8 | R72: 9 | S72: 0 | T72: 1 | U72: 0 | V72: 1 | W72: 0 | X72: 0 | Y72: 0 | Z72: 1 | AA72: 0 | AB72: 22 | AC72: 12 | AD72: 3 | AE72: 1 | AF72: 1 | AG72: 3 | AH72: 1 | AI72: 2 | AJ72: 0 | AK72: 0 | AL72: 1 | AM72: =SUM(E72:AL72) -> 87
B73: 4 | C73: 4. IRWAN BACHTIAR RACHMAT, M.Si. | E73: 0 | F73: 1 | G73: 2 | H73: 0 | I73: 0 | J73: 0 | K73: 0 | L73: 0 | M73: 1 | N73: 0 | O73: 0 | P73: 0 | Q73: 1 | R73: 1 | S73: 0 | T73: 3 | U73: 0 | V73: 0 | W73: 0 | X73: 0 | Y73: 1 | Z73: 1 | AA73: 0 | AB73: 0 | AC73: 1 | AD73: 2 | AE73: 0 | AF73: 0 | AG73: 0 | AH73: 0 | AI73: 1 | AJ73: 0 | AK73: 0 | AL73: 0 | AM73: =SUM(E73:AL73) -> 15
B74: 5 | C74: 5. LUCKY PERDANA | E74: 0 | F74: 1 | G74: 7 | H74: 3 | I74: 1 | J74: 1 | K74: 2 | L74: 0 | M74: 1 | N74: 2 | O74: 0 | P74: 0 | Q74: 0 | R74: 0 | S74: 2 | T74: 0 | U74: 0 | V74: 9 | W74: 1 | X74: 0 | Y74: 0 | Z74: 0 | AA74: 0 | AB74: 2 | AC74: 2 | AD74: 1 | AE74: 0 | AF74: 0 | AG74: 0 | AH74: 0 | AI74: 1 | AJ74: 0 | AK74: 0 | AL74: 1 | AM74: =SUM(E74:AL74) -> 37
B75: 6 | C75: 6. WIWIK PUJIYATI | E75: 1 | F75: 0 | G75: 0 | H75: 0 | I75: 0 | J75: 0 | K75: 0 | L75: 0 | M75: 1 | N75: 0 | O75: 0 | P75: 0 | Q75: 0 | R75: 0 | S75: 1 | T75: 0 | U75: 0 | V75: 0 | W75: 0 | X75: 0 | Y75: 0 | Z75: 0 | AA75: 1 | AB75: 0 | AC75: 0 | AD75: 0 | AE75: 11 | AF75: 1 | AG75: 0 | AH75: 3 | AI75: 1 | AJ75: 1 | AK75: 1 | AL75: 0 | AM75: =SUM(E75:AL75) -> 22
B76: 7 | C76: 7. CHANDRA ASTAN, S.T. | E76: 10 | F76: 7 | G76: 5 | H76: 14 | I76: 1 | J76: 18 | K76: 6 | L76: 6 | M76: 7 | N76: 2 | O76: 20 | P76: 9 | Q76: 8 | R76: 9 | S76: 6 | T76: 3 | U76: 2 | V76: 7 | W76: 6 | X76: 3 | Y76: 0 | Z76: 2 | AA76: 1 | AB76: 3 | AC76: 12 | AD76: 20 | AE76: 5 | AF76: 4 | AG76: 1 | AH76: 0 | AI76: 0 | AJ76: 6 | AK76: 2 | AL76: 43 | AM76: =SUM(E76:AL76) -> 248
AM77: =SUM(E77:AL77) -> 0
AM78: =SUM(E78:AL78) -> 0
A79: B | B79: JUMLAH SUARA SAH PARTAI POLITIK DAN CALON (A1 + A2) | E79: =SUM(E69:E78) -> 18 | F79: =SUM(F69:F78) -> 26 | G79: =SUM(G69:G78) -> 29 | H79: =SUM(H69:H78) -> 32 | I79: =SUM(I69:I78) -> 14 | J79: =SUM(J69:J78) -> 42 | K79: =SUM(K69:K78) -> 28 | L79: =SUM(L69:L78) -> 16 | ... AM79: =SUM(AM69:AM78) -> 826
A81: A.1 | B81: 4. | C81: Partai Golongan Karya | E81: 2 | F81: 3 | G81: 6 | H81: 8 | I81: 2 | J81: 2 | K81: 1 | L81: 2 | M81: 1 | N81: 4 | O81: 6 | P81: 3 | Q81: 3 | R81: 1 | S81: 1 | T81: 3 | U81: 0 | V81: 0 | W81: 1 | X81: 7 | Y81: 2 | Z81: 2 | AA81: 0 | AB81: 0 | AC81: 2 | AD81: 2 | AE81: 2 | AF81: 1 | AG81: 2 | AH81: 0 | AI81: 2 | AJ81: 0 | AK81: 3 | AL81: 2 | AM81: =SUM(E81:AL81) -> 76
A82: A.2 | B82: 1 | C82: 1. ZULFIKAR ARSE SADIKIN, S.I.P., M.Si. | E82: 6 | F82: 7 | G82: 5 | H82: 32 | I82: 4 | J82: 2 | K82: 1 | L82: 0 | M82: 1 | N82: 2 | O82: 0 | P82: 3 | Q82: 1 | R82: 2 | S82: 3 | T82: 1 | U82: 4 | V82: 2 | W82: 0 | X82: 2 | Y82: 9 | Z82: 0 | AA82: 2 | AB82: 3 | AC82: 2 | AD82: 4 | AE82: 0 | AF82: 0 | AG82: 3 | AH82: 0 | AI82: 0 | AJ82: 2 | AK82: 1 | AL82: 0 | AM82: =SUM(E82:AL82) -> 104
B83: 2 | C83: 2. HANDOKO | E83: 2 | F83: 2 | G83: 11 | H83: 1 | I83: 3 | J83: 1 | K83: 0 | L83: 0 | M83: 0 | N83: 0 | O83: 0 | P83: 0 | Q83: 11 | R83: 0 | S83: 3 | T83: 3 | U83: 2 | V83: 0 | W83: 8 | X83: 0 | Y83: 0 | Z83: 1 | AA83: 2 | AB83: 5 | AC83: 1 | AD83: 1 | AE83: 0 | AF83: 0 | AG83: 2 | AH83: 0 | AI83: 1 | AJ83: 0 | AK83: 0 | AL83: 0 | AM83: =SUM(E83:AL83) -> 60
B84: 3 | C84: 3. Hj. OVI DEWI YANTI | E84: 0 | F84: 0 | G84: 0 | H84: 1 | I84: 1 | J84: 0 | K84: 0 | L84: 0 | M84: 1 | N84: 1 | O84: 0 | P84: 0 | Q84: 0 | R84: 0 | S84: 0 | T84: 0 | U84: 0 | V84: 1 | W84: 1 | X84: 0 | Y84: 0 | Z84: 1 | AA84: 1 | AB84: 0 | AC84: 0 | AD84: 0 | AE84: 0 | AF84: 1 | AG84: 0 | AH84: 0 | AI84: 0 | AJ84: 0 | AK84: 0 | AL84: 1 | AM84: =SUM(E84:AL84) -> 10
B85: 4 | C85: 4. Ir. AZAM AZMAN NATAWIJANA | E85: 1 | F85: 0 | G85: 3 | H85: 0 | I85: 0 | J85: 0 | K85: 0 | L85: 0 | M85: 0 | N85: 1 | O85: 4 | P85: 0 | Q85: 0 | R85: 0 | S85: 0 | T85: 0 | U85: 0 | V85: 5 | W85: 1 | X85: 0 | Y85: 0 | Z85: 0 | AA85: 1 | AB85: 2 | AC85: 0 | AD85: 14 | AE85: 0 | AF85: 0 | AG85: 0 | AH85: 0 | AI85: 1 | AJ85: 0 | AK85: 2 | AL85: 0 | AM85: =SUM(E85:AL85) -> 35
B86: 5 | C86: 5. UBAIDILLAH AMIN, S.Kom. | E86: 0 | F86: 1 | G86: 0 | H86: 0 | I86: 0 | J86: 1 | K86: 0 | L86: 0 | M86: 0 | N86: 0 | O86: 0 | P86: 0 | Q86: 0 | R86: 0 | S86: 0 | T86: 0 | U86: 0 | V86: 1 | W86: 0 | X86: 1 | Y86: 0 | Z86: 0 | AA86: 0 | AB86: 0 | AC86: 0 | AD86: 2 | AE86: 0 | AF86: 0 | AG86: 0 | AH86: 0 | AI86: 0 | AJ86: 0 | AK86: 0 | AL86: 0 | AM86: =SUM(E86:AL86) -> 6
B87: 6 | C87: 6. DENNY YUNIANDARI, S.H., M.Kn. | E87: 0 | F87: 0 | G87: 0 | H87: 0 | I87: 0 | J87: 0 | K87: 0 | L87: 0 | M87: 0 | N87: 0 | O87: 0 | P87: 0 | Q87: 0 | R87: 0 | S87: 0 | T87: 0 | U87: 0 | V87: 0 | W87: 0 | X87: 0 | Y87: 0 | Z87: 0 | AA87: 0 | AB87: 0 | AC87: 0 | AD87: 0 | AE87: 0 | AF87: 0 | AG87: 0 | AH87: 0 | AI87: 0 | AJ87: 0 | AK87: 0 | AL87: 0 | AM87: =SUM(E87:AL87) -> 0
B88: 7 | C88: 7. ERNADI, S.H.I. | E88: 0 | F88: 0 | G88: 0 | H88: 0 | I88: 0 | J88: 0 | K88: 0 | L88: 0 | M88: 0 | N88: 0 | O88: 0 | P88: 0 | Q88: 0 | R88: 1 | S88: 0 | T88: 0 | U88: 0 | V88: 0 | W88: 0 | X88: 0 | Y88: 0 | Z88: 0 | AA88: 0 | AB88: 0 | AC88: 0 | AD88: 0 | AE88: 0 | AF88: 0 | AG88: 0 | AH88: 0 | AI88: 0 | AJ88: 0 | AK88: 0 | AL88: 0 | AM88: =SUM(E88:AL88) -> 1
AM89: =SUM(E89:AL89) -> 0
AM90: =SUM(E90:AL90) -> 0
A91: B | B91: JUMLAH SUARA SAH PARTAI POLITIK DAN CALON (A1 + A2) | E91: =SUM(E81:E90) -> 11 | F91: =SUM(F81:F90) -> 13 | G91: =SUM(G81:G90) -> 25 | H91: =SUM(H81:H90) -> 42 | I91: =SUM(I81:I90) -> 10 | J91: =SUM(J81:J90) -> 6 | K91: =SUM(K81:K90) -> 2 | L91: =SUM(L81:L90) -> 2 | ... AM91: =SUM(AM81:AM90) -> 292
A93: A.1 | B93: 5. | C93: Partai NasDem | E93: 0 | F93: 2 | G93: 0 | H93: 2 | I93: 0 | J93: 0 | K93: 0 | L93: 6 | M93: 1 | N93: 1 | O93: 2 | P93: 1 | Q93: 1 | R93: 0 | S93: 0 | T93: 3 | U93: 0 | V93: 2 | W93: 4 | X93: 0 | Y93: 0 | Z93: 0 | AA93: 2 | AB93: 0 | AC93: 1 | AD93: 1 | AE93: 0 | AF93: 1 | AG93: 1 | AH93: 0 | AI93: 0 | AJ93: 0 | AK93: 2 | AL93: 0 | AM93: =SUM(E93:AL93) -> 33
A94: A.2 | B94: 1 | C94: 1. ACH. FADIL MUZAKKI SYAH | E94: 1 | F94: 4 | G94: 3 | H94: 0 | I94: 0 | J94: 3 | K94: 0 | L94: 0 | M94: 5 | N94: 0 | O94: 4 | P94: 0 | Q94: 1 | R94: 0 | S94: 1 | T94: 0 | U94: 2 | V94: 2 | W94: 0 | X94: 1 | Y94: 0 | Z94: 0 | AA94: 2 | AB94: 0 | AC94: 0 | AD94: 1 | AE94: 0 | AF94: 1 | AG94: 0 | AH94: 0 | AI94: 0 | AJ94: 0 | AK94: 2 | AL94: 0 | AM94: =SUM(E94:AL94) -> 33
B95: 2 | C95: 2. BENY | E95: 0 | F95: 0 | G95: 0 | H95: 0 | I95: 0 | J95: 0 | K95: 1 | L95: 0 | M95: 0 | N95: 0 | O95: 0 | P95: 2 | Q95: 0 | R95: 0 | S95: 0 | T95: 0 | U95: 1 | V95: 0 | W95: 0 | X95: 0 | Y95: 0 | Z95: 0 | AA95: 0 | AB95: 0 | AC95: 0 | AD95: 0 | AE95: 0 | AF95: 0 | AG95: 0 | AH95: 0 | AI95: 0 | AJ95: 0 | AK95: 0 | AL95: 0 | AM95: =SUM(E95:AL95) -> 4
B96: 3 | C96: 3. VINA VERONIKA | E96: 0 | F96: 0 | G96: 0 | H96: 0 | I96: 0 | J96: 0 | K96: 0 | L96: 0 | M96: 1 | N96: 0 | O96: 1 | P96: 0 | Q96: 0 | R96: 0 | S96: 0 | T96: 0 | U96: 0 | V96: 0 | W96: 0 | X96: 0 | Y96: 0 | Z96: 0 | AA96: 0 | AB96: 0 | AC96: 0 | AD96: 1 | AE96: 0 | AF96: 0 | AG96: 0 | AH96: 0 | AI96: 0 | AJ96: 0 | AK96: 1 | AL96: 0 | AM96: =SUM(E96:AL96) -> 4
B97: 4 | C97: 4. TEDDY ANUGRIANTO | E97: 0 | F97: 2 | G97: 0 | H97: 0 | I97: 0 | J97: 0 | K97: 1 | L97: 0 | M97: 0 | N97: 0 | O97: 4 | P97: 0 | Q97: 0 | R97: 1 | S97: 1 | T97: 0 | U97: 0 | V97: 1 | W97: 2 | X97: 0 | Y97: 0 | Z97: 1 | AA97: 1 | AB97: 0 | AC97: 0 | AD97: 1 | AE97: 0 | AF97: 0 | AG97: 0 | AH97: 0 | AI97: 0 | AJ97: 0 | AK97: 0 | AL97: 0 | AM97: =SUM(E97:AL97) -> 15
B98: 5 | C98: 5. INSAN KAMIL | E98: 0 | F98: 1 | G98: 0 | H98: 0 | I98: 0 | J98: 0 | K98: 1 | L98: 0 | M98: 1 | N98: 0 | O98: 0 | P98: 0 | Q98: 0 | R98: 0 | S98: 0 | T98: 0 | U98: 1 | V98: 0 | W98: 0 | X98: 0 | Y98: 1 | Z98: 1 | AA98: 0 | AB98: 0 | AC98: 0 | AD98: 0 | AE98: 0 | AF98: 0 | AG98: 0 | AH98: 0 | AI98: 0 | AJ98: 0 | AK98: 0 | AL98: 0 | AM98: =SUM(E98:AL98) -> 6
B99: 6 | C99: 6. LILIK LINDARWATI | E99: 0 | F99: 0 | G99: 1 | H99: 0 | I99: 0 | J99: 0 | K99: 0 | L99: 0 | M99: 0 | N99: 0 | O99: 0 | P99: 0 | Q99: 0 | R99: 0 | S99: 1 | T99: 1 | U99: 3 | V99: 0 | W99: 0 | X99: 0 | Y99: 0 | Z99: 0 | AA99: 0 | AB99: 0 | AC99: 0 | AD99: 0 | AE99: 0 | AF99: 0 | AG99: 1 | AH99: 0 | AI99: 0 | AJ99: 0 | AK99: 7 | AL99: 0 | AM99: =SUM(E99:AL99) -> 14
B100: 7 | C100: 7. YULI ANITA | E100: 0 | F100: 0 | G100: 0 | H100: 0 | I100: 0 | J100: 0 | K100: 0 | L100: 0 | M100: 0 | N100: 0 | O100: 0 | P100: 0 | Q100: 0 | R100: 0 | S100: 1 | T100: 0 | U100: 0 | V100: 1 | W100: 0 | X100: 2 | Y100: 0 | Z100: 0 | AA100: 0 | AB100: 0 | AC100: 0 | AD100: 0 | AE100: 0 | AF100: 0 | AG100: 0 | AH100: 0 | AI100: 0 | AJ100: 0 | AK100: 1 | AL100: 1 | AM100: =SUM(E100:AL100) -> 6
AM101: =SUM(E101:AL101) -> 0
AM102: =SUM(E102:AL102) -> 0
A103: B | B103: JUMLAH SUARA SAH PARTAI POLITIK DAN CALON (A1 + A2) | E103: =SUM(E93:E102) -> 1 | F103: =SUM(F93:F102) -> 9 | G103: =SUM(G93:G102) -> 4 | H103: =SUM(H93:H102) -> 2 | I103: =SUM(I93:I102) -> 0 | J103: =SUM(J93:J102) -> 3 | K103: =SUM(K93:K102) -> 3 | L103: =SUM(L93:L102) -> 6 | ... AM103: =SUM(AM93:AM102) -> 115
A105: A.1 | B105: 6. | C105: Partai Buruh | E105: 0 | F105: 1 | G105: 1 | H105: 0 | I105: 1 | J105: 0 | K105: 0 | L105: 0 | M105: 0 | N105: 0 | O105: 0 | P105: 0 | Q105: 0 | R105: 1 | S105: 0 | T105: 0 | U105: 0 | V105: 0 | W105: 0 | X105: 0 | Y105: 0 | Z105: 0 | AA105: 0 | AB105: 0 | AC105: 0 | AD105: 0 | AE105: 2 | AF105: 0 | AG105: 4 | AH105: 1 | AI105: 4 | AJ105: 0 | AK105: 1 | AL105: 2 | AM105: =SUM(E105:AL105) -> 18
A106: A.2 | B106: 1 | C106: 1. KHOIRUL ANAM | E106: 0 | F106: 0 | G106: 0 | H106: 0 | I106: 0 | J106: 0 | K106: 0 | L106: 0 | M106: 0 | N106: 0 | O106: 0 | P106: 0 | Q106: 0 | R106: 0 | S106: 0 | T106: 0 | U106: 0 | V106: 0 | W106: 0 | X106: 0 | Y106: 0 | Z106: 0 | AA106: 0 | AB106: 0 | AC106: 0 | AD106: 0 | AE106: 0 | AF106: 0 | AG106: 0 | AH106: 0 | AI106: 0 | AJ106: 1 | AK106: 0 | AL106: 0 | AM106: =SUM(E106:AL106) -> 1
B107: 2 | C107: 2. INA KURNIA | E107: 0 | F107: 1 | G107: 0 | H107: 0 | I107: 1 | J107: 1 | K107: 0 | L107: 0 | M107: 0 | N107: 0 | O107: 0 | P107: 0 | Q107: 0 | R107: 0 | S107: 0 | T107: 0 | U107: 0 | V107: 0 | W107: 0 | X107: 0 | Y107: 1 | Z107: 0 | AA107: 0 | AB107: 0 | AC107: 0 | AD107: 0 | AE107: 0 | AF107: 0 | AG107: 3 | AH107: 0 | AI107: 0 | AJ107: 0 | AK107: 0 | AL107: 1 | AM107: =SUM(E107:AL107) -> 8
B108: 3 | C108: 3. JIBRAL TAROUK | E108: 0 | F108: 0 | G108: 0 | H108: 0 | I108: 0 | J108: 0 | K108: 0 | L108: 1 | M108: 0 | N108: 0 | O108: 0 | P108: 0 | Q108: 0 | R108: 0 | S108: 0 | T108: 0 | U108: 0 | V108: 0 | W108: 0 | X108: 0 | Y108: 0 | Z108: 0 | AA108: 0 | AB108: 0 | AC108: 0 | AD108: 0 | AE108: 0 | AF108: 0 | AG108: 0 | AH108: 0 | AI108: 0 | AJ108: 0 | AK108: 0 | AL108: 0 | AM108: =SUM(E108:AL108) -> 1
B109: 4 | C109: 4. ASTUTI DAENG PUJI | E109: 0 | F109: 0 | G109: 0 | H109: 0 | I109: 0 | J109: 1 | K109: 0 | L109: 0 | M109: 1 | N109: 1 | O109: 0 | P109: 0 | Q109: 0 | R109: 0 | S109: 0 | T109: 0 | U109: 0 | V109: 0 | W109: 0 | X109: 0 | Y109: 0 | Z109: 0 | AA109: 0 | AB109: 0 | AC109: 0 | AD109: 0 | AE109: 0 | AF109: 0 | AG109: 0 | AH109: 0 | AI109: 0 | AJ109: 0 | AK109: 0 | AL109: 1 | AM109: =SUM(E109:AL109) -> 4
B110: 5 | C110: 5. ASDARMAWAN | E110: 0 | F110: 0 | G110: 0 | H110: 0 | I110: 0 | J110: 0 | K110: 0 | L110: 0 | M110: 0 | N110: 0 | O110: 0 | P110: 0 | Q110: 0 | R110: 0 | S110: 0 | T110: 0 | U110: 0 | V110: 1 | W110: 0 | X110: 0 | Y110: 0 | Z110: 0 | AA110: 0 | AB110: 0 | AC110: 0 | AD110: 0 | AE110: 1 | AF110: 0 | AG110: 0 | AH110: 0 | AI110: 0 | AJ110: 0 | AK110: 0 | AL110: 0 | AM110: =SUM(E110:AL110) -> 2
B111: 6 | C111: 6. RIFQI MUBAROK | E111: 0 | F111: 0 | G111: 0 | H111: 0 | I111: 0 | J111: 0 | K111: 0 | L111: 0 | M111: 0 | N111: 1 | O111: 0 | P111: 0 | Q111: 0 | R111: 0 | S111: 0 | T111: 0 | U111: 0 | V111: 0 | W111: 0 | X111: 0 | Y111: 0 | Z111: 0 | AA111: 0 | AB111: 0 | AC111: 0 | AD111: 0 | AE111: 1 | AF111: 0 | AG111: 0 | AH111: 0 | AI111: 0 | AJ111: 0 | AK111: 0 | AL111: 0 | AM111: =SUM(E111:AL111) -> 2
B112: 7 | C112: 7. FIRNANDA ALTA MEGA | E112: 0 | F112: 0 | G112: 0 | H112: 0 | I112: 0 | J112: 0 | K112: 0 | L112: 0 | M112: 0 | N112: 0 | O112: 0 | P112: 0 | Q112: 0 | R112: 0 | S112: 0 | T112: 0 | U112: 0 | V112: 0 | W112: 0 | X112: 0 | Y112: 0 | Z112: 0 | AA112: 0 | AB112: 0 | AC112: 0 | AD112: 0 | AE112: 0 | AF112: 0 | AG112: 0 | AH112: 0 | AI112: 0 | AJ112: 0 | AK112: 0 | AL112: 0 | AM112: =SUM(E112:AL112) -> 0
AM113: =SUM(E113:AL113) -> 0
AM114: =SUM(E114:AL114) -> 0
A115: B | B115: JUMLAH SUARA SAH PARTAI POLITIK DAN CALON (A1 + A2) | E115: =SUM(E105:E114) -> 0 | F115: =SUM(F105:F114) -> 2 | G115: =SUM(G105:G114) -> 1 | H115: =SUM(H105:H114) -> 0 | I115: =SUM(I105:I114) -> 2 | J115: =SUM(J105:J114) -> 2 | K115: =SUM(K105:K114) -> 0 | L115: =SUM(L105:L114) -> 1 | ... AM115: =SUM(AM105:AM114) -> 36
A117: A.1 | B117: 7. | C117: Partai Gelombang Rakyat Indonesia | E117: 0 | F117: 0 | G117: 0 | H117: 4 | I117: 0 | J117: 0 | K117: 0 | L117: 0 | M117: 2 | N117: 0 | O117: 2 | P117: 1 | Q117: 1 | R117: 1 | S117: 0 | T117: 0 | U117: 0 | V117: 0 | W117: 0 | X117: 1 | Y117: 0 | Z117: 0 | AA117: 0 | AB117: 0 | AC117: 0 | AD117: 1 | AE117: 2 | AF117: 1 | AG117: 0 | AH117: 2 | AI117: 1 | AJ117: 0 | AK117: 3 | AL117: 2 | AM117: =SUM(E117:AL117) -> 24
...

Sheet SUMBERKENCONO
C2: Kecamatan | D2: WONGSOREJO
C3: Kabupaten | D3: BANYUWANGI
C4: Provinsi | D4: JAWA TIMUR
C9: Kelurahan | D9: SUMBERKENCONO
A12: I | B12: DATA PEMILIH DAN PENGGUNAAN HAK PILIH | T12: JUMLAH AKHIR
A13: A | B13: DATA PEMILIH | E13: TPS 001 | F13: TPS 002 | G13: TPS 003 | H13: TPS 004 | I13: TPS 005 | J13: TPS 006 | K13: TPS 007 | L13: TPS 008 | M13: TPS 009 | N13: TPS 010 | O13: TPS 011 | P13: TPS 012 | Q13: TPS 013 | R13: TPS 014 | S13: TPS 015
B14: Jumlah Pemilih dalam Daftar Pemilih Tetap (DPT) | D14: LK | E14: 140 | F14: 147 | G14: 125 | H14: 131 | I14: 134 | J14: 149 | K14: 141 | L14: 143 | M14: 154 | N14: 131 | O14: 140 | P14: 148 | Q14: 146 | R14: 131 | S14: 141 | T14: =SUM(E14:S14) -> 2101
D15: PR | E15: 127 | F15: 140 | G15: 123 | H15: 145 | I15: 129 | J15: 145 | K15: 149 | L15: 149 | M15: 144 | N15: 150 | O15: 146 | P15: 138 | Q15: 150 | R15: 156 | S15: 152 | T15: =SUM(E15:S15) -> 2143
D16: JML | E16: =SUM(E14:E15) -> 267 | F16: =SUM(F14:F15) -> 287 | G16: =SUM(G14:G15) -> 248 | H16: =SUM(H14:H15) -> 276 | I16: =SUM(I14:I15) -> 263 | J16: =SUM(J14:J15) -> 294 | K16: =SUM(K14:K15) -> 290 | L16: =SUM(L14:L15) -> 292 | ... S16: =SUM(S14:S15) -> 293 | T16: =SUM(E16:S16) -> 4244
A18: B | B18: PENGGUNA HAK PILIH
B19: 1. | C19: Jumlah pengguna hak pilih dalam Daftar Pemilih Tetap (DPT) | D19: LK | E19: 99 | F19: 108 | G19: 94 | H19: 91 | I19: 106 | J19: 109 | K19: 118 | L19: 101 | M19: 108 | N19: 97 | O19: 104 | P19: 117 | Q19: 105 | R19: 105 | S19: 111 | T19: =SUM(E19:S19) -> 1573
D20: PR | E20: 112 | F20: 111 | G20: 98 | H20: 110 | I20: 114 | J20: 111 | K20: 125 | L20: 111 | M20: 107 | N20: 121 | O20: 118 | P20: 114 | Q20: 121 | R20: 120 | S20: 132 | T20: =SUM(E20:S20) -> 1725
D21: JML | E21: =SUM(E19:E20) -> 211 | F21: =SUM(F19:F20) -> 219 | G21: =SUM(G19:G20) -> 192 | H21: =SUM(H19:H20) -> 201 | I21: =SUM(I19:I20) -> 220 | J21: =SUM(J19:J20) -> 220 | K21: =SUM(K19:K20) -> 243 | L21: =SUM(L19:L20) -> 212 | ... S21: =SUM(S19:S20) -> 243 | T21: =SUM(E21:S21) -> 3298
B22: 2. | C22: Jumlah pengguna hak pilih dalam Daftar Pemilih Tambahan (DPTb) | D22: LK | E22: 0 | F22: 0 | G22: 0 | H22: 2 | I22: 1 | J22: 0 | K22: 0 | L22: 0 | M22: 0 | N22: 0 | O22: 0 | P22: 0 | Q22: 0 | R22: 0 | S22: 0 | T22: =SUM(E22:S22) -> 3
D23: PR | E23: 0 | F23: 0 | G23: 0 | H23: 2 | I23: 1 | J23: 0 | K23: 0 | L23: 0 | M23: 0 | N23: 0 | O23: 0 | P23: 0 | Q23: 0 | R23: 0 | S23: 0 | T23: =SUM(E23:S23) -> 3
D24: JML | E24: =SUM(E22:E23) -> 0 | F24: =SUM(F22:F23) -> 0 | G24: =SUM(G22:G23) -> 0 | H24: =SUM(H22:H23) -> 4 | I24: =SUM(I22:I23) -> 2 | J24: =SUM(J22:J23) -> 0 | K24: =SUM(K22:K23) -> 0 | L24: =SUM(L22:L23) -> 0 | ... S24: =SUM(S22:S23) -> 0 | T24: =SUM(E24:S24) -> 6
B25: 3. | C25: Jumlah pengguna hak pilih dalam Daftar Pemilih Khusus (DPK) | D25: LK | E25: 0 | F25: 0 | G25: 0 | H25: 0 | I25: 0 | J25: 0 | K25: 0 | L25: 0 | M25: 0 | N25: 0 | O25: 0 | P25: 0 | Q25: 0 | R25: 1 | S25: 2 | T25: =SUM(E25:S25) -> 3
D26: PR | E26: 0 | F26: 0 | G26: 0 | H26: 0 | I26: 0 | J26: 0 | K26: 0 | L26: 0 | M26: 2 | N26: 0 | O26: 0 | P26: 0 | Q26: 0 | R26: 0 | S26: 1 | T26: =SUM(E26:S26) -> 3
D27: JML | E27: =SUM(E25:E26) -> 0 | F27: =SUM(F25:F26) -> 0 | G27: =SUM(G25:G26) -> 0 | H27: =SUM(H25:H26) -> 0 | I27: =SUM(I25:I26) -> 0 | J27: =SUM(J25:J26) -> 0 | K27: =SUM(K25:K26) -> 0 | L27: =SUM(L25:L26) -> 0 | ... S27: =SUM(S25:S26) -> 3 | T27: =SUM(E27:S27) -> 6
B28: 4. | C28: Jumlah Pengguna Hak Pilih (B.1+B.2+B.3) | D28: LK | E28: =SUM(E19,E22,E25) -> 99 | F28: =SUM(F19,F22,F25) -> 108 | G28: =SUM(G19,G22,G25) -> 94 | H28: =SUM(H19,H22,H25) -> 93 | I28: =SUM(I19,I22,I25) -> 107 | J28: =SUM(J19,J22,J25) -> 109 | K28: =SUM(K19,K22,K25) -> 118 | L28: =SUM(L19,L22,L25) -> 101 | ... S28: =SUM(S19,S22,S25) -> 113 | T28: =SUM(E28:S28) -> 1579
D29: PR | E29: =SUM(E20,E23,E26) -> 112 | F29: =SUM(F20,F23,F26) -> 111 | G29: =SUM(G20,G23,G26) -> 98 | H29: =SUM(H20,H23,H26) -> 112 | I29: =SUM(I20,I23,I26) -> 115 | J29: =SUM(J20,J23,J26) -> 111 | K29: =SUM(K20,K23,K26) -> 125 | L29: =SUM(L20,L23,L26) -> 111 | ... S29: =SUM(S20,S23,S26) -> 133 | T29: =SUM(E29:S29) -> 1731
D30: JML | E30: =SUM(E28:E29) -> 211 | F30: =SUM(F28:F29) -> 219 | G30: =SUM(G28:G29) -> 192 | H30: =SUM(H28:H29) -> 205 | I30: =SUM(I28:I29) -> 222 | J30: =SUM(J28:J29) -> 220 | K30: =SUM(K28:K29) -> 243 | L30: =SUM(L28:L29) -> 212 | ... S30: =SUM(S28:S29) -> 246 | T30: =SUM(E30:S30) -> 3310
A32: II | B32: DATA PENGGUNAAN SURAT SUARA
A33: 1 | B33: Jumlah surat suara yang diterima, termasuk surat suara cadangan 2,5% dari DPT | E33: 273 | F33: 293 | G33: 253 | H33: 282 | I33: 269 | J33: 300 | K33: 296 | L33: 297 | M33: 304 | N33: 287 | O33: 292 | P33: 292 | Q33: 302 | R33: 293 | S33: 299 | T33: =SUM(E33:S33) -> 4332
A34: 2 | B34: Jumlah surat suara yang digunakan | E34: 211 | F34: 219 | G34: 192 | H34: 205 | I34: 222 | J34: 220 | K34: 243 | L34: 212 | M34: 217 | N34: 218 | O34: 222 | P34: 231 | Q34: 226 | R34: 226 | S34: 246 | T34: =SUM(E34:S34) -> 3310
A35: 3 | B35: Jumlah surat suara dikembalikan oleh pemilih (karena rusak atau keliru coblos) | E35: 0 | F35: 0 | G35: 1 | H35: 0 | I35: 1 | J35: 0 | K35: 0 | L35: 0 | M35: 0 | N35: 0 | O35: 0 | P35: 0 | Q35: 0 | R35: 0 | S35: 2 | T35: =SUM(E35:S35) -> 4
A36: 4 | B36: Jumlah surat suara yang tidak digunakan/tidak terpakai, termasuk sisa surat suara cadangan | E36: =E33-(E34+E35) -> 62 | F36: =F33-(F34+F35) -> 74 | G36: =G33-(G34+G35) -> 60 | H36: =H33-(H34+H35) -> 77 | I36: =I33-(I34+I35) -> 46 | J36: =J33-(J34+J35) -> 80 | K36: =K33-(K34+K35) -> 53 | L36: =L33-(L34+L35) -> 85 | ... S36: =S33-(S34+S35) -> 51 | T36: =SUM(E36:S36) -> 1018
A38: III | B38: DATA PEMILIH DISABILITAS
B39: Jumlah seluruh Pemilih disabilitas yang menggunakan hak pilih | D39: LK | E39: 0 | F39: 0 | G39: 0 | H39: 0 | I39: 0 | J39: 0 | K39: 1 | L39: 0 | M39: 0 | N39: 0 | O39: 0 | P39: 0 | Q39: 0 | R39: 0 | S39: 0 | T39: =SUM(E39:S39) -> 1
D40: PR | E40: 0 | F40: 0 | G40: 0 | H40: 0 | I40: 0 | J40: 0 | K40: 0 | L40: 0 | M40: 0 | N40: 0 | O40: 0 | P40: 0 | Q40: 0 | R40: 0 | S40: 0 | T40: =SUM(E40:S40) -> 0
D41: JML | E41: =SUM(E39:E40) -> 0 | F41: =SUM(F39:F40) -> 0 | G41: =SUM(G39:G40) -> 0 | H41: =SUM(H39:H40) -> 0 | I41: =SUM(I39:I40) -> 0 | J41: =SUM(J39:J40) -> 0 | K41: =SUM(K39:K40) -> 1 | L41: =SUM(L39:L40) -> 0 | ... S41: =SUM(S39:S40) -> 0 | T41: =SUM(E41:S41) -> 1
A43: IV | B43: DATA RINCIAN PEROLEHAN SUARA PASANGAN CALON BUPATI DAN WAKIL BUPATI
A44: NOMOR DAN NAMA CALON
A45: A.1 | B45: 1. | C45: Partai Kebangkitan Bangsa | E45: 13 | F45: 5 | G45: 8 | H45: 10 | I45: 9 | J45: 2 | K45: 4 | L45: 7 | M45: 7 | N45: 12 | O45: 5 | P45: 3 | Q45: 4 | R45: 9 | S45: 15 | T45: =SUM(E45:S45) -> 113
A46: A.2 | B46: 1 | C46: 1. Dr. Hj. NIHAYATUL WAFIROH, M.A. | E46: 22 | F46: 12 | G46: 18 | H46: 10 | I46: 21 | J46: 10 | K46: 10 | L46: 11 | M46: 8 | N46: 6 | O46: 9 | P46: 24 | Q46: 8 | R46: 25 | S46: 9 | T46: =SUM(E46:S46) -> 203
B47: 2 | C47: 2. H. M. NASIM KHAN | E47: 14 | F47: 4 | G47: 4 | H47: 2 | I47: 3 | J47: 2 | K47: 14 | L47: 1 | M47: 3 | N47: 0 | O47: 7 | P47: 10 | Q47: 10 | R47: 13 | S47: 34 | T47: =SUM(E47:S47) -> 121
B48: 3 | C48: 3. Dr. H. AKIK ZAMAN, M.Pd.I. | E48: 0 | F48: 0 | G48: 4 | H48: 2 | I48: 0 | J48: 0 | K48: 8 | L48: 0 | M48: 0 | N48: 2 | O48: 0 | P48: 0 | Q48: 2 | R48: 4 | S48: 3 | T48: =SUM(E48:S48) -> 25
B49: 4 | C49: 4. AHMAD RIFA'I, S.H. | E49: 0 | F49: 0 | G49: 2 | H49: 0 | I49: 0 | J49: 0 | K49: 0 | L49: 0 | M49: 0 | N49: 2 | O49: 0 | P49: 2 | Q49: 0 | R49: 1 | S49: 0 | T49: =SUM(E49:S49) -> 7
B50: 5 | C50: 5. Drs. H. MAHFUD M.N. | E50: 0 | F50: 0 | G50: 1 | H50: 0 | I50: 0 | J50: 0 | K50: 0 | L50: 0 | M50: 0 | N50: 0 | O50: 0 | P50: 1 | Q50: 0 | R50: 0 | S50: 1 | T50: =SUM(E50:S50) -> 3
B51: 6 | C51: 6. NURHAYATI, S.Pd. | E51: 0 | F51: 0 | G51: 0 | H51: 0 | I51: 0 | J51: 0 | K51: 0 | L51: 0 | M51: 0 | N51: 1 | O51: 0 | P51: 0 | Q51: 2 | R51: 0 | S51: 1 | T51: =SUM(E51:S51) -> 4
B52: 7 | C52: 7. MAFTUHA KISWAH | E52: 0 | F52: 0 | G52: 0 | H52: 0 | I52: 0 | J52: 0 | K52: 0 | L52: 0 | M52: 0 | N52: 0 | O52: 0 | P52: 0 | Q52: 0 | R52: 1 | S52: 0 | T52: =SUM(E52:S52) -> 1
T53: =SUM(E53:S53) -> 0
T54: =SUM(E54:S54) -> 0
A55: B | B55: JUMLAH SUARA SAH PARTAI POLITIK DAN CALON (A1 + A2) | E55: =SUM(E45:E54) -> 49 | F55: =SUM(F45:F54) -> 21 | G55: =SUM(G45:G54) -> 37 | H55: =SUM(H45:H54) -> 24 | I55: =SUM(I45:I54) -> 33 | J55: =SUM(J45:J54) -> 14 | K55: =SUM(K45:K54) -> 36 | L55: =SUM(L45:L54) -> 19 | ... T55: =SUM(T45:T54) -> 477
A57: A.1 | B57: 2. | C57: Partai Gerakan Indonesia Raya | E57: 13 | F57: 18 | G57: 12 | H57: 15 | I57: 18 | J57: 35 | K57: 13 | L57: 26 | M57: 29 | N57: 21 | O57: 28 | P57: 16 | Q57: 17 | R57: 17 | S57: 16 | T57: =SUM(E57:S57) -> 294
A58: A.2 | B58: 1 | C58: 1. SUMAIL ABDULLAH | E58: 44 | F58: 100 | G58: 47 | H58: 63 | I58: 89 | J58: 61 | K58: 25 | L58: 60 | M58: 47 | N58: 46 | O58: 92 | P58: 58 | Q58: 41 | R58: 50 | S58: 75 | T58: =SUM(E58:S58) -> 898
B59: 2 | C59: 2. MUHAMMAD ALI ADRIAN SALEH | E59: 1 | F59: 4 | G59: 8 | H59: 8 | I59: 9 | J59: 31 | K59: 2 | L59: 3 | M59: 18 | N59: 9 | O59: 8 | P59: 1 | Q59: 3 | R59: 4 | S59: 1 | T59: =SUM(E59:S59) -> 110
B60: 3 | C60: 3. DURROTUN NAFISAH | E60: 1 | F60: 2 | G60: 1 | H60: 2 | I60: 1 | J60: 2 | K60: 0 | L60: 1 | M60: 1 | N60: 0 | O60: 0 | P60: 1 | Q60: 2 | R60: 2 | S60: 0 | T60: =SUM(E60:S60) -> 16
B61: 4 | C61: 4. H. EKO SUSILO NURHIDAYAT | E61: 2 | F61: 1 | G61: 0 | H61: 0 | I61: 2 | J61: 0 | K61: 1 | L61: 1 | M61: 3 | N61: 1 | O61: 0 | P61: 0 | Q61: 1 | R61: 0 | S61: 0 | T61: =SUM(E61:S61) -> 12
B62: 5 | C62: 5. KARNADI HARIJANTO, S.S. | E62: 0 | F62: 1 | G62: 0 | H62: 0 | I62: 0 | J62: 0 | K62: 0 | L62: 0 | M62: 1 | N62: 0 | O62: 1 | P62: 0 | Q62: 0 | R62: 0 | S62: 1 | T62: =SUM(E62:S62) -> 4
B63: 6 | C63: 6. NURHAYATI | E63: 0 | F63: 0 | G63: 0 | H63: 3 | I63: 2 | J63: 0 | K63: 1 | L63: 1 | M63: 0 | N63: 1 | O63: 0 | P63: 0 | Q63: 0 | R63: 0 | S63: 0 | T63: =SUM(E63:S63) -> 8
B64: 7 | C64: 7. MASHUDI | E64: 0 | F64: 1 | G64: 0 | H64: 0 | I64: 0 | J64: 1 | K64: 2 | L64: 0 | M64: 1 | N64: 0 | O64: 0 | P64: 0 | Q64: 0 | R64: 0 | S64: 1 | T64: =SUM(E64:S64) -> 6
T65: =SUM(E65:S65) -> 0
T66: =SUM(E66:S66) -> 0
A67: B | B67: JUMLAH SUARA SAH PARTAI POLITIK DAN CALON (A1 + A2) | E67: =SUM(E57:E66) -> 61 | F67: =SUM(F57:F66) -> 127 | G67: =SUM(G57:G66) -> 68 | H67: =SUM(H57:H66) -> 91 | I67: =SUM(I57:I66) -> 121 | J67: =SUM(J57:J66) -> 130 | K67: =SUM(K57:K66) -> 44 | L67: =SUM(L57:L66) -> 92 | ... T67: =SUM(T57:T66) -> 1348
A69: A.1 | B69: 3. | C69: Partai Demokrasi Indonesia Perjuangan | E69: 10 | F69: 8 | G69: 4 | H69: 7 | I69: 3 | J69: 10 | K69: 4 | L69: 5 | M69: 8 | N69: 14 | O69: 2 | P69: 15 | Q69: 6 | R69: 14 | S69: 2 | T69: =SUM(E69:S69) -> 112
A70: A.2 | B70: 1 | C70: 1. SONNY TRI DANAPARAMITA, S.H., M.H. | E70: 0 | F70: 7 | G70: 1 | H70: 3 | I70: 1 | J70: 4 | K70: 1 | L70: 5 | M70: 1 | N70: 3 | O70: 0 | P70: 3 | Q70: 1 | R70: 2 | S70: 3 | T70: =SUM(E70:S70) -> 35
B71: 2 | C71: 2. H. MOHAMAD GUNTUR ROMLI | E71: 4 | F71: 5 | G71: 2 | H71: 3 | I71: 2 | J71: 1 | K71: 0 | L71: 3 | M71: 6 | N71: 5 | O71: 0 | P71: 5 | Q71: 4 | R71: 2 | S71: 0 | T71: =SUM(E71:S71) -> 42
B72: 3 | C72: 3. INA AMMANIA | E72: 16 | F72: 0 | G72: 9 | H72: 0 | I72: 0 | J72: 0 | K72: 25 | L72: 2 | M72: 4 | N72: 2 | O72: 0 | P72: 4 | Q72: 1 | R72: 3 | S72: 1 | T72: =SUM(E72:S72) -> 67
B73: 4 | C73: 4. IRWAN BACHTIAR RACHMAT, M.Si. | E73: 1 | F73: 0 | G73: 0 | H73: 0 | I73: 0 | J73: 0 | K73: 0 | L73: 0 | M73: 1 | N73: 1 | O73: 0 | P73: 0 | Q73: 0 | R73: 1 | S73: 0 | T73: =SUM(E73:S73) -> 4
B74: 5 | C74: 5. LUCKY PERDANA | E74: 1 | F74: 6 | G74: 0 | H74: 2 | I74: 0 | J74: 1 | K74: 0 | L74: 0 | M74: 2 | N74: 2 | O74: 0 | P74: 2 | Q74: 0 | R74: 0 | S74: 0 | T74: =SUM(E74:S74) -> 16
B75: 6 | C75: 6. WIWIK PUJIYATI | E75: 1 | F75: 1 | G75: 0 | H75: 0 | I75: 2 | J75: 1 | K75: 0 | L75: 0 | M75: 0 | N75: 0 | O75: 1 | P75: 1 | Q75: 5 | R75: 2 | S75: 0 | T75: =SUM(E75:S75) -> 14
B76: 7 | C76: 7. CHANDRA ASTAN, S.T. | E76: 1 | F76: 1 | G76: 8 | H76: 4 | I76: 0 | J76: 3 | K76: 11 | L76: 3 | M76: 2 | N76: 6 | O76: 2 | P76: 21 | Q76: 31 | R76: 7 | S76: 23 | T76: =SUM(E76:S76) -> 123
T77: =SUM(E77:S77) -> 0
T78: =SUM(E78:S78) -> 0
A79: B | B79: JUMLAH SUARA SAH PARTAI POLITIK DAN CALON (A1 + A2) | E79: =SUM(E69:E78) -> 34 | F79: =SUM(F69:F78) -> 28 | G79: =SUM(G69:G78) -> 24 | H79: =SUM(H69:H78) -> 19 | I79: =SUM(I69:I78) -> 8 | J79: =SUM(J69:J78) -> 20 | K79: =SUM(K69:K78) -> 41 | L79: =SUM(L69:L78) -> 18 | ... T79: =SUM(T69:T78) -> 413
A81: A.1 | B81: 4. | C81: Partai Golongan Karya | E81: 3 | F81: 6 | G81: 2 | H81: 1 | I81: 3 | J81: 4 | K81: 6 | L81: 8 | M81: 9 | N81: 4 | O81: 1 | P81: 2 | Q81: 9 | R81: 2 | S81: 2 | T81: =SUM(E81:S81) -> 62
A82: A.2 | B82: 1 | C82: 1. ZULFIKAR ARSE SADIKIN, S.I.P., M.Si. | E82: 9 | F82: 9 | G82: 10 | H82: 15 | I82: 10 | J82: 17 | K82: 36 | L82: 3 | M82: 5 | N82: 11 | O82: 0 | P82: 11 | Q82: 27 | R82: 3 | S82: 4 | T82: =SUM(E82:S82) -> 170
B83: 2 | C83: 2. HANDOKO | E83: 2 | F83: 1 | G83: 0 | H83: 0 | I83: 1 | J83: 0 | K83: 0 | L83: 6 | M83: 2 | N83: 2 | O83: 0 | P83: 0 | Q83: 0 | R83: 2 | S83: 0 | T83: =SUM(E83:S83) -> 16
B84: 3 | C84: 3. Hj. OVI DEWI YANTI | E84: 0 | F84: 0 | G84: 0 | H84: 0 | I84: 0 | J84: 1 | K84: 0 | L84: 0 | M84: 0 | N84: 0 | O84: 0 | P84: 0 | Q84: 1 | R84: 0 | S84: 0 | T84: =SUM(E84:S84) -> 2
B85: 4 | C85: 4. Ir. AZAM AZMAN NATAWIJANA | E85: 1 | F85: 1 | G85: 0 | H85: 0 | I85: 0 | J85: 1 | K85: 1 | L85: 0 | M85: 1 | N85: 0 | O85: 0 | P85: 0 | Q85: 2 | R85: 1 | S85: 3 | T85: =SUM(E85:S85) -> 11
B86: 5 | C86: 5. UBAIDILLAH AMIN, S.Kom. | E86: 0 | F86: 0 | G86: 0 | H86: 0 | I86: 0 | J86: 0 | K86: 0 | L86: 0 | M86: 0 | N86: 0 | O86: 0 | P86: 3 | Q86: 0 | R86: 0 | S86: 0 | T86: =SUM(E86:S86) -> 3
B87: 6 | C87: 6. DENNY YUNIANDARI, S.H., M.Kn. | E87: 0 | F87: 0 | G87: 0 | H87: 0 | I87: 0 | J87: 0 | K87: 0 | L87: 0 | M87: 0 | N87: 0 | O87: 0 | P87: 0 | Q87: 1 | R87: 0 | S87: 0 | T87: =SUM(E87:S87) -> 1
B88: 7 | C88: 7. ERNADI, S.H.I. | E88: 0 | F88: 0 | G88: 0 | H88: 0 | I88: 0 | J88: 0 | K88: 0 | L88: 0 | M88: 1 | N88: 0 | O88: 0 | P88: 0 | Q88: 0 | R88: 0 | S88: 0 | T88: =SUM(E88:S88) -> 1
T89: =SUM(E89:S89) -> 0
T90: =SUM(E90:S90) -> 0
A91: B | B91: JUMLAH SUARA SAH PARTAI POLITIK DAN CALON (A1 + A2) | E91: =SUM(E81:E90) -> 15 | F91: =SUM(F81:F90) -> 17 | G91: =SUM(G81:G90) -> 12 | H91: =SUM(H81:H90) -> 16 | I91: =SUM(I81:I90) -> 14 | J91: =SUM(J81:J90) -> 23 | K91: =SUM(K81:K90) -> 43 | L91: =SUM(L81:L90) -> 17 | ... T91: =SUM(T81:T90) -> 266
A93: A.1 | B93: 5. | C93: Partai NasDem | E93: 0 | F93: 0 | G93: 0 | H93: 3 | I93: 0 | J93: 0 | K93: 0 | L93: 0 | M93: 1 | N93: 1 | O93: 2 | P93: 1 | Q93: 0 | R93: 1 | S93: 0 | T93: =SUM(E93:S93) -> 9
A94: A.2 | B94: 1 | C94: 1. ACH. FADIL MUZAKKI SYAH | E94: 11 | F94: 3 | G94: 1 | H94: 1 | I94: 0 | J94: 0 | K94: 0 | L94: 2 | M94: 3 | N94: 3 | O94: 9 | P94: 1 | Q94: 0 | R94: 0 | S94: 0 | T94: =SUM(E94:S94) -> 34
B95: 2 | C95: 2. BENY | E95: 0 | F95: 0 | G95: 0 | H95: 0 | I95: 0 | J95: 1 | K95: 0 | L95: 0 | M95: 0 | N95: 1 | O95: 0 | P95: 0 | Q95: 0 | R95: 0 | S95: 0 | T95: =SUM(E95:S95) -> 2
B96: 3 | C96: 3. VINA VERONIKA | E96: 0 | F96: 0 | G96: 0 | H96: 0 | I96: 0 | J96: 0 | K96: 0 | L96: 0 | M96: 0 | N96: 0 | O96: 0 | P96: 1 | Q96: 0 | R96: 0 | S96: 0 | T96: =SUM(E96:S96) -> 1
B97: 4 | C97: 4. TEDDY ANUGRIANTO | E97: 0 | F97: 1 | G97: 0 | H97: 1 | I97: 0 | J97: 0 | K97: 1 | L97: 0 | M97: 0 | N97: 0 | O97: 0 | P97: 0 | Q97: 0 | R97: 0 | S97: 0 | T97: =SUM(E97:S97) -> 3
B98: 5 | C98: 5. INSAN KAMIL | E98: 0 | F98: 0 | G98: 0 | H98: 0 | I98: 0 | J98: 0 | K98: 0 | L98: 0 | M98: 0 | N98: 0 | O98: 0 | P98: 1 | Q98: 0 | R98: 0 | S98: 0 | T98: =SUM(E98:S98) -> 1
B99: 6 | C99: 6. LILIK LINDARWATI | E99: 0 | F99: 0 | G99: 1 | H99: 0 | I99: 0 | J99: 0 | K99: 1 | L99: 1 | M99: 0 | N99: 0 | O99: 0 | P99: 2 | Q99: 0 | R99: 1 | S99: 3 | T99: =SUM(E99:S99) -> 9
B100: 7 | C100: 7. YULI ANITA | E100: 0 | F100: 0 | G100: 0 | H100: 0 | I100: 0 | J100: 0 | K100: 0 | L100: 0 | M100: 0 | N100: 0 | O100: 2 | P100: 0 | Q100: 0 | R100: 0 | S100: 0 | T100: =SUM(E100:S100) -> 2
T101: =SUM(E101:S101) -> 0
T102: =SUM(E102:S102) -> 0
A103: B | B103: JUMLAH SUARA SAH PARTAI POLITIK DAN CALON (A1 + A2) | E103: =SUM(E93:E102) -> 11 | F103: =SUM(F93:F102) -> 4 | G103: =SUM(G93:G102) -> 2 | H103: =SUM(H93:H102) -> 5 | I103: =SUM(I93:I102) -> 0 | J103: =SUM(J93:J102) -> 1 | K103: =SUM(K93:K102) -> 2 | L103: =SUM(L93:L102) -> 3 | ... T103: =SUM(T93:T102) -> 61
A105: A.1 | B105: 6. | C105: Partai Buruh | E105: 0 | F105: 0 | G105: 0 | H105: 0 | I105: 0 | J105: 0 | K105: 0 | L105: 1 | M105: 0 | N105: 1 | O105: 0 | P105: 2 | Q105: 3 | R105: 1 | S105: 0 | T105: =SUM(E105:S105) -> 8
A106: A.2 | B106: 1 | C106: 1. KHOIRUL ANAM | E106: 0 | F106: 0 | G106: 0 | H106: 0 | I106: 0 | J106: 0 | K106: 0 | L106: 0 | M106: 0 | N106: 0 | O106: 0 | P106: 0 | Q106: 0 | R106: 2 | S106: 0 | T106: =SUM(E106:S106) -> 2
B107: 2 | C107: 2. INA KURNIA | E107: 0 | F107: 0 | G107: 0 | H107: 0 | I107: 0 | J107: 0 | K107: 0 | L107: 0 | M107: 0 | N107: 0 | O107: 0 | P107: 0 | Q107: 0 | R107: 0 | S107: 0 | T107: =SUM(E107:S107) -> 0
B108: 3 | C108: 3. JIBRAL TAROUK | E108: 1 | F108: 0 | G108: 0 | H108: 0 | I108: 0 | J108: 0 | K108: 0 | L108: 0 | M108: 0 | N108: 0 | O108: 0 | P108: 1 | Q108: 0 | R108: 0 | S108: 0 | T108: =SUM(E108:S108) -> 2
B109: 4 | C109: 4. ASTUTI DAENG PUJI | E109: 1 | F109: 0 | G109: 0 | H109: 0 | I109: 0 | J109: 0 | K109: 0 | L109: 0 | M109: 0 | N109: 0 | O109: 0 | P109: 0 | Q109: 0 | R109: 0 | S109: 0 | T109: =SUM(E109:S109) -> 1
B110: 5 | C110: 5. ASDARMAWAN | E110: 0 | F110: 0 | G110: 0 | H110: 0 | I110: 0 | J110: 0 | K110: 0 | L110: 0 | M110: 0 | N110: 0 | O110: 0 | P110: 0 | Q110: 0 | R110: 0 | S110: 0 | T110: =SUM(E110:S110) -> 0
B111: 6 | C111: 6. RIFQI MUBAROK | E111: 1 | F111: 0 | G111: 0 | H111: 0 | I111: 0 | J111: 0 | K111: 0 | L111: 0 | M111: 0 | N111: 0 | O111: 0 | P111: 0 | Q111: 0 | R111: 0 | S111: 0 | T111: =SUM(E111:S111) -> 1
B112: 7 | C112: 7. FIRNANDA ALTA MEGA | E112: 0 | F112: 0 | G112: 0 | H112: 0 | I112: 0 | J112: 0 | K112: 0 | L112: 0 | M112: 0 | N112: 0 | O112: 0 | P112: 0 | Q112: 0 | R112: 0 | S112: 0 | T112: =SUM(E112:S112) -> 0
T113: =SUM(E113:S113) -> 0
T114: =SUM(E114:S114) -> 0
A115: B | B115: JUMLAH SUARA SAH PARTAI POLITIK DAN CALON (A1 + A2) | E115: =SUM(E105:E114) -> 3 | F115: =SUM(F105:F114) -> 0 | G115: =SUM(G105:G114) -> 0 | H115: =SUM(H105:H114) -> 0 | I115: =SUM(I105:I114) -> 0 | J115: =SUM(J105:J114) -> 0 | K115: =SUM(K105:K114) -> 0 | L115: =SUM(L105:L114) -> 1 | ... T115: =SUM(T105:T114) -> 14
A117: A.1 | B117: 7. | C117: Partai Gelombang Rakyat Indonesia | E117: 0 | F117: 0 | G117: 0 | H117: 0 | I117: 0 | J117: 0 | K117: 0 | L117: 0 | M117: 0 | N117: 0 | O117: 0 | P117: 0 | Q117: 2 | R117: 1 | S117: 0 | T117: =SUM(E117:S117) -> 3
...

Sheet SIDODADI
C2: Kecamatan | D2: WONGSOREJO
C3: Kabupaten | D3: BANYUWANGI
C4: Provinsi | D4: JAWA TIMUR
C9: Kelurahan | D9: SIDODADI
A12: I | B12: DATA PEMILIH DAN PENGGUNAAN HAK PILIH | U12: JUMLAH AKHIR
A13: A | B13: DATA PEMILIH | E13: TPS 001 | F13: TPS 002 | G13: TPS 003 | H13: TPS 004 | I13: TPS 005 | J13: TPS 006 | K13: TPS 007 | L13: TPS 008 | M13: TPS 009 | N13: TPS 010 | O13: TPS 011 | P13: TPS 012 | Q13: TPS 013 | R13: TPS 014 | S13: TPS 015 | T13: TPS 016
B14: Jumlah Pemilih dalam Daftar Pemilih Tetap (DPT) | D14: LK | E14: 137 | F14: 130 | G14: 151 | H14: 129 | I14: 134 | J14: 151 | K14: 141 | L14: 120 | M14: 133 | N14: 121 | O14: 141 | P14: 144 | Q14: 148 | R14: 149 | S14: 130 | T14: 94 | U14: =SUM(E14:T14) -> 2153
D15: PR | E15: 138 | F15: 132 | G15: 139 | H15: 125 | I15: 157 | J15: 135 | K15: 134 | L15: 113 | M15: 136 | N15: 126 | O15: 146 | P15: 143 | Q15: 138 | R15: 146 | S15: 122 | T15: 89 | U15: =SUM(E15:T15) -> 2119
D16: JML | E16: =SUM(E14:E15) -> 275 | F16: =SUM(F14:F15) -> 262 | G16: =SUM(G14:G15) -> 290 | H16: =SUM(H14:H15) -> 254 | I16: =SUM(I14:I15) -> 291 | J16: =SUM(J14:J15) -> 286 | K16: =SUM(K14:K15) -> 275 | L16: =SUM(L14:L15) -> 233 | ... T16: =SUM(T14:T15) -> 183 | U16: =SUM(E16:T16) -> 4272
A18: B | B18: PENGGUNA HAK PILIH
B19: 1. | C19: Jumlah pengguna hak pilih dalam Daftar Pemilih Tetap (DPT) | D19: LK | E19: 111 | F19: 98 | G19: 131 | H19: 96 | I19: 95 | J19: 122 | K19: 103 | L19: 85 | M19: 92 | N19: 85 | O19: 89 | P19: 107 | Q19: 106 | R19: 109 | S19: 93 | T19: 73 | U19: =SUM(E19:T19) -> 1595
D20: PR | E20: 114 | F20: 112 | G20: 123 | H20: 94 | I20: 115 | J20: 118 | K20: 109 | L20: 94 | M20: 104 | N20: 103 | O20: 117 | P20: 126 | Q20: 97 | R20: 120 | S20: 103 | T20: 72 | U20: =SUM(E20:T20) -> 1721
D21: JML | E21: =SUM(E19:E20) -> 225 | F21: =SUM(F19:F20) -> 210 | G21: =SUM(G19:G20) -> 254 | H21: =SUM(H19:H20) -> 190 | I21: =SUM(I19:I20) -> 210 | J21: =SUM(J19:J20) -> 240 | K21: =SUM(K19:K20) -> 212 | L21: =SUM(L19:L20) -> 179 | ... T21: =SUM(T19:T20) -> 145 | U21: =SUM(E21:T21) -> 3316
B22: 2. | C22: Jumlah pengguna hak pilih dalam Daftar Pemilih Tambahan (DPTb) | D22: LK | E22: 0 | F22: 0 | G22: 0 | H22: 0 | I22: 1 | J22: 0 | K22: 0 | L22: 0 | M22: 0 | N22: 0 | O22: 0 | P22: 0 | Q22: 0 | R22: 1 | S22: 0 | T22: 0 | U22: =SUM(E22:T22) -> 2
D23: PR | E23: 0 | F23: 0 | G23: 0 | H23: 0 | I23: 0 | J23: 0 | K23: 0 | L23: 0 | M23: 0 | N23: 0 | O23: 0 | P23: 0 | Q23: 0 | R23: 0 | S23: 1 | T23: 1 | U23: =SUM(E23:T23) -> 2
D24: JML | E24: =SUM(E22:E23) -> 0 | F24: =SUM(F22:F23) -> 0 | G24: =SUM(G22:G23) -> 0 | H24: =SUM(H22:H23) -> 0 | I24: =SUM(I22:I23) -> 1 | J24: =SUM(J22:J23) -> 0 | K24: =SUM(K22:K23) -> 0 | L24: =SUM(L22:L23) -> 0 | ... T24: =SUM(T22:T23) -> 1 | U24: =SUM(E24:T24) -> 4
B25: 3. | C25: Jumlah pengguna hak pilih dalam Daftar Pemilih Khusus (DPK) | D25: LK | E25: 0 | F25: 3 | G25: 0 | H25: 1 | I25: 1 | J25: 0 | K25: 2 | L25: 1 | M25: 0 | N25: 1 | O25: 0 | P25: 0 | Q25: 0 | R25: 0 | S25: 1 | T25: 0 | U25: =SUM(E25:T25) -> 10
D26: PR | E26: 0 | F26: 2 | G26: 0 | H26: 2 | I26: 3 | J26: 0 | K26: 3 | L26: 0 | M26: 0 | N26: 1 | O26: 0 | P26: 0 | Q26: 0 | R26: 0 | S26: 2 | T26: 0 | U26: =SUM(E26:T26) -> 13
D27: JML | E27: =SUM(E25:E26) -> 0 | F27: =SUM(F25:F26) -> 5 | G27: =SUM(G25:G26) -> 0 | H27: =SUM(H25:H26) -> 3 | I27: =SUM(I25:I26) -> 4 | J27: =SUM(J25:J26) -> 0 | K27: =SUM(K25:K26) -> 5 | L27: =SUM(L25:L26) -> 1 | ... T27: =SUM(T25:T26) -> 0 | U27: =SUM(E27:T27) -> 23
B28: 4. | C28: Jumlah Pengguna Hak Pilih (B.1+B.2+B.3) | D28: LK | E28: =SUM(E19,E22,E25) -> 111 | F28: =SUM(F19,F22,F25) -> 101 | G28: =SUM(G19,G22,G25) -> 131 | H28: =SUM(H19,H22,H25) -> 97 | I28: =SUM(I19,I22,I25) -> 97 | J28: =SUM(J19,J22,J25) -> 122 | K28: =SUM(K19,K22,K25) -> 105 | L28: =SUM(L19,L22,L25) -> 86 | ... T28: =SUM(T19,T22,T25) -> 73 | U28: =SUM(E28:T28) -> 1607
D29: PR | E29: =SUM(E20,E23,E26) -> 114 | F29: =SUM(F20,F23,F26) -> 114 | G29: =SUM(G20,G23,G26) -> 123 | H29: =SUM(H20,H23,H26) -> 96 | I29: =SUM(I20,I23,I26) -> 118 | J29: =SUM(J20,J23,J26) -> 118 | K29: =SUM(K20,K23,K26) -> 112 | L29: =SUM(L20,L23,L26) -> 94 | ... T29: =SUM(T20,T23,T26) -> 73 | U29: =SUM(E29:T29) -> 1736
D30: JML | E30: =SUM(E28:E29) -> 225 | F30: =SUM(F28:F29) -> 215 | G30: =SUM(G28:G29) -> 254 | H30: =SUM(H28:H29) -> 193 | I30: =SUM(I28:I29) -> 215 | J30: =SUM(J28:J29) -> 240 | K30: =SUM(K28:K29) -> 217 | L30: =SUM(L28:L29) -> 180 | ... T30: =SUM(T28:T29) -> 146 | U30: =SUM(E30:T30) -> 3343
A32: II | B32: DATA PENGGUNAAN SURAT SUARA
A33: 1 | B33: Jumlah surat suara yang diterima, termasuk surat suara cadangan 2,5% dari DPT | E33: 280 | F33: 267 | G33: 295 | H33: 259 | I33: 297 | J33: 291 | K33: 273 | L33: 241 | M33: 273 | N33: 252 | O33: 292 | P33: 282 | Q33: 291 | R33: 292 | S33: 257 | T33: 186 | U33: =SUM(E33:T33) -> 4328
A34: 2 | B34: Jumlah surat suara yang digunakan | E34: 225 | F34: 215 | G34: 254 | H34: 193 | I34: 215 | J34: 240 | K34: 217 | L34: 180 | M34: 196 | N34: 190 | O34: 206 | P34: 233 | Q34: 203 | R34: 230 | S34: 200 | T34: 146 | U34: =SUM(E34:T34) -> 3343
A35: 3 | B35: Jumlah surat suara dikembalikan oleh pemilih (karena rusak atau keliru coblos) | E35: 0 | F35: 0 | G35: 1 | H35: 0 | I35: 0 | J35: 0 | K35: 0 | L35: 0 | M35: 0 | N35: 0 | O35: 0 | P35: 0 | Q35: 0 | R35: 0 | S35: 0 | T35: 0 | U35: =SUM(E35:T35) -> 1
A36: 4 | B36: Jumlah surat suara yang tidak digunakan/tidak terpakai, termasuk sisa surat suara cadangan | E36: =E33-(E34+E35) -> 55 | F36: =F33-(F34+F35) -> 52 | G36: =G33-(G34+G35) -> 40 | H36: =H33-(H34+H35) -> 66 | I36: =I33-(I34+I35) -> 82 | J36: =J33-(J34+J35) -> 51 | K36: =K33-(K34+K35) -> 56 | L36: =L33-(L34+L35) -> 61 | ... T36: =T33-(T34+T35) -> 40 | U36: =SUM(E36:T36) -> 984
A38: III | B38: DATA PEMILIH DISABILITAS
B39: Jumlah seluruh Pemilih disabilitas yang menggunakan hak pilih | D39: LK | E39: 0 | F39: 0 | G39: 0 | H39: 0 | I39: 0 | J39: 0 | K39: 0 | L39: 0 | M39: 0 | N39: 0 | O39: 0 | P39: 0 | Q39: 0 | R39: 0 | S39: 1 | T39: 0 | U39: =SUM(E39:T39) -> 1
D40: PR | E40: 0 | F40: 0 | G40: 0 | H40: 0 | I40: 0 | J40: 0 | K40: 0 | L40: 0 | M40: 1 | N40: 0 | O40: 0 | P40: 0 | Q40: 0 | R40: 0 | S40: 0 | T40: 0 | U40: =SUM(E40:T40) -> 1
D41: JML | E41: =SUM(E39:E40) -> 0 | F41: =SUM(F39:F40) -> 0 | G41: =SUM(G39:G40) -> 0 | H41: =SUM(H39:H40) -> 0 | I41: =SUM(I39:I40) -> 0 | J41: =SUM(J39:J40) -> 0 | K41: =SUM(K39:K40) -> 0 | L41: =SUM(L39:L40) -> 0 | ... T41: =SUM(T39:T40) -> 0 | U41: =SUM(E41:T41) -> 2
A43: IV | B43: DATA RINCIAN PEROLEHAN SUARA PASANGAN CALON BUPATI DAN WAKIL BUPATI
A44: NOMOR DAN NAMA CALON
A45: A.1 | B45: 1. | C45: Partai Kebangkitan Bangsa | E45: 7 | F45: 3 | G45: 2 | H45: 6 | I45: 6 | J45: 9 | K45: 6 | L45: 3 | M45: 12 | N45: 4 | O45: 1 | P45: 11 | Q45: 3 | R45: 5 | S45: 9 | T45: 4 | U45: =SUM(E45:T45) -> 91
A46: A.2 | B46: 1 | C46: 1. Dr. Hj. NIHAYATUL WAFIROH, M.A. | E46: 17 | F46: 11 | G46: 3 | H46: 8 | I46: 6 | J46: 16 | K46: 9 | L46: 5 | M46: 29 | N46: 7 | O46: 6 | P46: 6 | Q46: 7 | R46: 5 | S46: 13 | T46: 2 | U46: =SUM(E46:T46) -> 150
B47: 2 | C47: 2. H. M. NASIM KHAN | E47: 1 | F47: 6 | G47: 4 | H47: 13 | I47: 2 | J47: 1 | K47: 3 | L47: 3 | M47: 1 | N47: 4 | O47: 4 | P47: 6 | Q47: 5 | R47: 1 | S47: 0 | T47: 5 | U47: =SUM(E47:T47) -> 59
B48: 3 | C48: 3. Dr. H. AKIK ZAMAN, M.Pd.I. | E48: 2 | F48: 0 | G48: 0 | H48: 1 | I48: 1 | J48: 4 | K48: 0 | L48: 3 | M48: 1 | N48: 0 | O48: 0 | P48: 3 | Q48: 1 | R48: 1 | S48: 0 | T48: 0 | U48: =SUM(E48:T48) -> 17
B49: 4 | C49: 4. AHMAD RIFA'I, S.H. | E49: 0 | F49: 2 | G49: 1 | H49: 2 | I49: 2 | J49: 8 | K49: 1 | L49: 4 | M49: 3 | N49: 3 | O49: 1 | P49: 2 | Q49: 1 | R49: 2 | S49: 3 | T49: 1 | U49: =SUM(E49:T49) -> 36
B50: 5 | C50: 5. Drs. H. MAHFUD M.N. | E50: 0 | F50: 0 | G50: 0 | H50: 0 | I50: 0 | J50: 1 | K50: 0 | L50: 1 | M50: 0 | N50: 0 | O50: 0 | P50: 1 | Q50: 0 | R50: 0 | S50: 0 | T50: 0 | U50: =SUM(E50:T50) -> 3
B51: 6 | C51: 6. NURHAYATI, S.Pd. | E51: 0 | F51: 0 | G51: 0 | H51: 0 | I51: 0 | J51: 0 | K51: 0 | L51: 0 | M51: 0 | N51: 0 | O51: 0 | P51: 1 | Q51: 1 | R51: 0 | S51: 1 | T51: 0 | U51: =SUM(E51:T51) -> 3
B52: 7 | C52: 7. MAFTUHA KISWAH | E52: 0 | F52: 0 | G52: 0 | H52: 0 | I52: 0 | J52: 0 | K52: 0 | L52: 1 | M52: 0 | N52: 0 | O52: 0 | P52: 0 | Q52: 0 | R52: 0 | S52: 0 | T52: 0 | U52: =SUM(E52:T52) -> 1
U53: =SUM(E53:T53) -> 0
U54: =SUM(E54:T54) -> 0
A55: B | B55: JUMLAH SUARA SAH PARTAI POLITIK DAN CALON (A1 + A2) | E55: =SUM(E45:E54) -> 27 | F55: =SUM(F45:F54) -> 22 | G55: =SUM(G45:G54) -> 10 | H55: =SUM(H45:H54) -> 30 | I55: =SUM(I45:I54) -> 17 | J55: =SUM(J45:J54) -> 39 | K55: =SUM(K45:K54) -> 19 | L55: =SUM(L45:L54) -> 20 | ... U55: =SUM(U45:U54) -> 360
A57: A.1 | B57: 2. | C57: Partai Gerakan Indonesia Raya | E57: 21 | F57: 8 | G57: 5 | H57: 6 | I57: 18 | J57: 11 | K57: 14 | L57: 9 | M57: 14 | N57: 12 | O57: 27 | P57: 17 | Q57: 8 | R57: 11 | S57: 6 | T57: 2 | U57: =SUM(E57:T57) -> 189
A58: A.2 | B58: 1 | C58: 1. SUMAIL ABDULLAH | E58: 55 | F58: 59 | G58: 100 | H58: 65 | I58: 55 | J58: 65 | K58: 59 | L58: 91 | M58: 69 | N58: 87 | O58: 56 | P58: 44 | Q58: 29 | R58: 21 | S58: 35 | T58: 22 | U58: =SUM(E58:T58) -> 912
B59: 2 | C59: 2. MUHAMMAD ALI ADRIAN SALEH | E59: 12 | F59: 22 | G59: 10 | H59: 9 | I59: 16 | J59: 18 | K59: 6 | L59: 2 | M59: 5 | N59: 3 | O59: 1 | P59: 6 | Q59: 7 | R59: 5 | S59: 0 | T59: 1 | U59: =SUM(E59:T59) -> 123
B60: 3 | C60: 3. DURROTUN NAFISAH | E60: 0 | F60: 0 | G60: 0 | H60: 0 | I60: 3 | J60: 0 | K60: 2 | L60: 2 | M60: 0 | N60: 1 | O60: 0 | P60: 0 | Q60: 0 | R60: 0 | S60: 0 | T60: 0 | U60: =SUM(E60:T60) -> 8
B61: 4 | C61: 4. H. EKO SUSILO NURHIDAYAT | E61: 0 | F61: 0 | G61: 1 | H61: 0 | I61: 0 | J61: 2 | K61: 0 | L61: 0 | M61: 0 | N61: 1 | O61: 1 | P61: 0 | Q61: 0 | R61: 1 | S61: 1 | T61: 0 | U61: =SUM(E61:T61) -> 7
B62: 5 | C62: 5. KARNADI HARIJANTO, S.S. | E62: 0 | F62: 0 | G62: 0 | H62: 0 | I62: 1 | J62: 2 | K62: 0 | L62: 0 | M62: 0 | N62: 0 | O62: 0 | P62: 0 | Q62: 0 | R62: 0 | S62: 0 | T62: 1 | U62: =SUM(E62:T62) -> 4
B63: 6 | C63: 6. NURHAYATI | E63: 0 | F63: 0 | G63: 0 | H63: 1 | I63: 0 | J63: 0 | K63: 0 | L63: 0 | M63: 0 | N63: 0 | O63: 0 | P63: 0 | Q63: 0 | R63: 0 | S63: 0 | T63: 0 | U63: =SUM(E63:T63) -> 1
B64: 7 | C64: 7. MASHUDI | E64: 0 | F64: 0 | G64: 0 | H64: 0 | I64: 1 | J64: 0 | K64: 0 | L64: 0 | M64: 0 | N64: 1 | O64: 0 | P64: 0 | Q64: 0 | R64: 0 | S64: 0 | T64: 0 | U64: =SUM(E64:T64) -> 2
U65: =SUM(E65:T65) -> 0
U66: =SUM(E66:T66) -> 0
A67: B | B67: JUMLAH SUARA SAH PARTAI POLITIK DAN CALON (A1 + A2) | E67: =SUM(E57:E66) -> 88 | F67: =SUM(F57:F66) -> 89 | G67: =SUM(G57:G66) -> 116 | H67: =SUM(H57:H66) -> 81 | I67: =SUM(I57:I66) -> 94 | J67: =SUM(J57:J66) -> 98 | K67: =SUM(K57:K66) -> 81 | L67: =SUM(L57:L66) -> 104 | ... U67: =SUM(U57:U66) -> 1246
A69: A.1 | B69: 3. | C69: Partai Demokrasi Indonesia Perjuangan | E69: 12 | F69: 2 | G69: 2 | H69: 0 | I69: 3 | J69: 1 | K69: 5 | L69: 3 | M69: 7 | N69: 11 | O69: 5 | P69: 16 | Q69: 13 | R69: 17 | S69: 13 | T69: 3 | U69: =SUM(E69:T69) -> 113
A70: A.2 | B70: 1 | C70: 1. SONNY TRI DANAPARAMITA, S.H., M.H. | E70: 10 | F70: 3 | G70: 2 | H70: 2 | I70: 5 | J70: 17 | K70: 0 | L70: 5 | M70: 5 | N70: 7 | O70: 11 | P70: 9 | Q70: 39 | R70: 7 | S70: 29 | T70: 3 | U70: =SUM(E70:T70) -> 154
B71: 2 | C71: 2. H. MOHAMAD GUNTUR ROMLI | E71: 2 | F71: 6 | G71: 4 | H71: 2 | I71: 6 | J71: 0 | K71: 1 | L71: 1 | M71: 2 | N71: 8 | O71: 7 | P71: 17 | Q71: 9 | R71: 16 | S71: 5 | T71: 13 | U71: =SUM(E71:T71) -> 99
B72: 3 | C72: 3. INA AMMANIA | E72: 2 | F72: 1 | G72: 0 | H72: 0 | I72: 1 | J72: 1 | K72: 8 | L72: 0 | M72: 1 | N72: 3 | O72: 7 | P72: 14 | Q72: 26 | R72: 42 | S72: 5 | T72: 17 | U72: =SUM(E72:T72) -> 128
B73: 4 | C73: 4. IRWAN BACHTIAR RACHMAT, M.Si. | E73: 0 | F73: 0 | G73: 0 | H73: 0 | I73: 0 | J73: 0 | K73: 0 | L73: 0 | M73: 1 | N73: 0 | O73: 0 | P73: 0 | Q73: 1 | R73: 0 | S73: 0 | T73: 0 | U73: =SUM(E73:T73) -> 2
B74: 5 | C74: 5. LUCKY PERDANA | E74: 0 | F74: 0 | G74: 1 | H74: 1 | I74: 2 | J74: 3 | K74: 5 | L74: 0 | M74: 0 | N74: 1 | O74: 0 | P74: 4 | Q74: 0 | R74: 0 | S74: 1 | T74: 0 | U74: =SUM(E74:T74) -> 18
B75: 6 | C75: 6. WIWIK PUJIYATI | E75: 0 | F75: 0 | G75: 0 | H75: 1 | I75: 1 | J75: 0 | K75: 0 | L75: 0 | M75: 0 | N75: 0 | O75: 0 | P75: 0 | Q75: 0 | R75: 2 | S75: 0 | T75: 0 | U75: =SUM(E75:T75) -> 4
B76: 7 | C76: 7. CHANDRA ASTAN, S.T. | E76: 4 | F76: 2 | G76: 1 | H76: 2 | I76: 1 | J76: 4 | K76: 9 | L76: 2 | M76: 0 | N76: 0 | O76: 6 | P76: 5 | Q76: 7 | R76: 4 | S76: 0 | T76: 7 | U76: =SUM(E76:T76) -> 54
U77: =SUM(E77:T77) -> 0
U78: =SUM(E78:T78) -> 0
A79: B | B79: JUMLAH SUARA SAH PARTAI POLITIK DAN CALON (A1 + A2) | E79: =SUM(E69:E78) -> 30 | F79: =SUM(F69:F78) -> 14 | G79: =SUM(G69:G78) -> 10 | H79: =SUM(H69:H78) -> 8 | I79: =SUM(I69:I78) -> 19 | J79: =SUM(J69:J78) -> 26 | K79: =SUM(K69:K78) -> 28 | L79: =SUM(L69:L78) -> 11 | ... U79: =SUM(U69:U78) -> 572
A81: A.1 | B81: 4. | C81: Partai Golongan Karya | E81: 4 | F81: 2 | G81: 0 | H81: 1 | I81: 2 | J81: 1 | K81: 2 | L81: 2 | M81: 1 | N81: 0 | O81: 7 | P81: 3 | Q81: 1 | R81: 1 | S81: 4 | T81: 2 | U81: =SUM(E81:T81) -> 33
A82: A.2 | B82: 1 | C82: 1. ZULFIKAR ARSE SADIKIN, S.I.P., M.Si. | E82: 0 | F82: 2 | G82: 2 | H82: 7 | I82: 3 | J82: 8 | K82: 6 | L82: 1 | M82: 5 | N82: 1 | O82: 5 | P82: 7 | Q82: 11 | R82: 21 | S82: 31 | T82: 31 | U82: =SUM(E82:T82) -> 141
B83: 2 | C83: 2. HANDOKO | E83: 5 | F83: 2 | G83: 0 | H83: 3 | I83: 2 | J83: 0 | K83: 2 | L83: 4 | M83: 0 | N83: 0 | O83: 8 | P83: 0 | Q83: 2 | R83: 4 | S83: 1 | T83: 2 | U83: =SUM(E83:T83) -> 35
B84: 3 | C84: 3. Hj. OVI DEWI YANTI | E84: 0 | F84: 0 | G84: 0 | H84: 0 | I84: 0 | J84: 0 | K84: 1 | L84: 0 | M84: 0 | N84: 1 | O84: 1 | P84: 0 | Q84: 0 | R84: 0 | S84: 0 | T84: 0 | U84: =SUM(E84:T84) -> 3
B85: 4 | C85: 4. Ir. AZAM AZMAN NATAWIJANA | E85: 0 | F85: 0 | G85: 0 | H85: 0 | I85: 0 | J85: 1 | K85: 0 | L85: 0 | M85: 0 | N85: 0 | O85: 0 | P85: 2 | Q85: 1 | R85: 0 | S85: 0 | T85: 1 | U85: =SUM(E85:T85) -> 5
B86: 5 | C86: 5. UBAIDILLAH AMIN, S.Kom. | E86: 1 | F86: 0 | G86: 0 | H86: 0 | I86: 1 | J86: 0 | K86: 0 | L86: 0 | M86: 0 | N86: 0 | O86: 0 | P86: 0 | Q86: 0 | R86: 0 | S86: 0 | T86: 0 | U86: =SUM(E86:T86) -> 2
B87: 6 | C87: 6. DENNY YUNIANDARI, S.H., M.Kn. | E87: 0 | F87: 0 | G87: 0 | H87: 1 | I87: 0 | J87: 0 | K87: 0 | L87: 0 | M87: 0 | N87: 0 | O87: 0 | P87: 0 | Q87: 1 | R87: 0 | S87: 0 | T87: 0 | U87: =SUM(E87:T87) -> 2
B88: 7 | C88: 7. ERNADI, S.H.I. | E88: 0 | F88: 0 | G88: 0 | H88: 0 | I88: 0 | J88: 0 | K88: 0 | L88: 0 | M88: 0 | N88: 0 | O88: 0 | P88: 0 | Q88: 0 | R88: 0 | S88: 0 | T88: 0 | U88: =SUM(E88:T88) -> 0
U89: =SUM(E89:T89) -> 0
U90: =SUM(E90:T90) -> 0
A91: B | B91: JUMLAH SUARA SAH PARTAI POLITIK DAN CALON (A1 + A2) | E91: =SUM(E81:E90) -> 10 | F91: =SUM(F81:F90) -> 6 | G91: =SUM(G81:G90) -> 2 | H91: =SUM(H81:H90) -> 12 | I91: =SUM(I81:I90) -> 8 | J91: =SUM(J81:J90) -> 10 | K91: =SUM(K81:K90) -> 11 | L91: =SUM(L81:L90) -> 7 | ... U91: =SUM(U81:U90) -> 221
A93: A.1 | B93: 5. | C93: Partai NasDem | E93: 0 | F93: 0 | G93: 0 | H93: 1 | I93: 0 | J93: 0 | K93: 0 | L93: 0 | M93: 0 | N93: 0 | O93: 0 | P93: 1 | Q93: 0 | R93: 1 | S93: 0 | T93: 0 | U93: =SUM(E93:T93) -> 3
A94: A.2 | B94: 1 | C94: 1. ACH. FADIL MUZAKKI SYAH | E94: 0 | F94: 1 | G94: 0 | H94: 1 | I94: 1 | J94: 0 | K94: 1 | L94: 0 | M94: 0 | N94: 0 | O94: 1 | P94: 0 | Q94: 0 | R94: 0 | S94: 1 | T94: 0 | U94: =SUM(E94:T94) -> 6
B95: 2 | C95: 2. BENY | E95: 0 | F95: 0 | G95: 0 | H95: 0 | I95: 0 | J95: 0 | K95: 0 | L95: 0 | M95: 0 | N95: 0 | O95: 0 | P95: 0 | Q95: 0 | R95: 0 | S95: 0 | T95: 0 | U95: =SUM(E95:T95) -> 0
B96: 3 | C96: 3. VINA VERONIKA | E96: 0 | F96: 0 | G96: 0 | H96: 0 | I96: 0 | J96: 0 | K96: 0 | L96: 0 | M96: 0 | N96: 0 | O96: 0 | P96: 0 | Q96: 1 | R96: 0 | S96: 0 | T96: 0 | U96: =SUM(E96:T96) -> 1
B97: 4 | C97: 4. TEDDY ANUGRIANTO | E97: 0 | F97: 1 | G97: 0 | H97: 0 | I97: 0 | J97: 0 | K97: 0 | L97: 0 | M97: 0 | N97: 0 | O97: 0 | P97: 0 | Q97: 0 | R97: 1 | S97: 0 | T97: 0 | U97: =SUM(E97:T97) -> 2
B98: 5 | C98: 5. INSAN KAMIL | E98: 0 | F98: 0 | G98: 0 | H98: 0 | I98: 0 | J98: 0 | K98: 0 | L98: 0 | M98: 0 | N98: 0 | O98: 0 | P98: 0 | Q98: 0 | R98: 0 | S98: 0 | T98: 0 | U98: =SUM(E98:T98) -> 0
B99: 6 | C99: 6. LILIK LINDARWATI | E99: 0 | F99: 0 | G99: 0 | H99: 0 | I99: 0 | J99: 0 | K99: 0 | L99: 0 | M99: 0 | N99: 3 | O99: 0 | P99: 0 | Q99: 0 | R99: 1 | S99: 0 | T99: 0 | U99: =SUM(E99:T99) -> 4
B100: 7 | C100: 7. YULI ANITA | E100: 0 | F100: 0 | G100: 1 | H100: 0 | I100: 0 | J100: 0 | K100: 0 | L100: 0 | M100: 0 | N100: 0 | O100: 0 | P100: 0 | Q100: 0 | R100: 0 | S100: 0 | T100: 0 | U100: =SUM(E100:T100) -> 1
U101: =SUM(E101:T101) -> 0
U102: =SUM(E102:T102) -> 0
A103: B | B103: JUMLAH SUARA SAH PARTAI POLITIK DAN CALON (A1 + A2) | E103: =SUM(E93:E102) -> 0 | F103: =SUM(F93:F102) -> 2 | G103: =SUM(G93:G102) -> 1 | H103: =SUM(H93:H102) -> 2 | I103: =SUM(I93:I102) -> 1 | J103: =SUM(J93:J102) -> 0 | K103: =SUM(K93:K102) -> 1 | L103: =SUM(L93:L102) -> 0 | ... U103: =SUM(U93:U102) -> 17
A105: A.1 | B105: 6. | C105: Partai Buruh | E105: 0 | F105: 1 | G105: 0 | H105: 0 | I105: 0 | J105: 0 | K105: 0 | L105: 0 | M105: 0 | N105: 0 | O105: 2 | P105: 0 | Q105: 0 | R105: 2 | S105: 0 | T105: 0 | U105: =SUM(E105:T105) -> 5
A106: A.2 | B106: 1 | C106: 1. KHOIRUL ANAM | E106: 0 | F106: 0 | G106: 0 | H106: 1 | I106: 1 | J106: 0 | K106: 0 | L106: 0 | M106: 0 | N106: 0 | O106: 0 | P106: 0 | Q106: 0 | R106: 0 | S106: 0 | T106: 0 | U106: =SUM(E106:T106) -> 2
B107: 2 | C107: 2. INA KURNIA | E107: 0 | F107: 0 | G107: 0 | H107: 0 | I107: 0 | J107: 0 | K107: 0 | L107: 0 | M107: 0 | N107: 0 | O107: 0 | P107: 1 | Q107: 0 | R107: 1 | S107: 0 | T107: 0 | U107: =SUM(E107:T107) -> 2
B108: 3 | C108: 3. JIBRAL TAROUK | E108: 0 | F108: 0 | G108: 0 | H108: 0 | I108: 0 | J108: 0 | K108: 0 | L108: 0 | M108: 0 | N108: 0 | O108: 0 | P108: 0 | Q108: 0 | R108: 0 | S108: 0 | T108: 0 | U108: =SUM(E108:T108) -> 0
B109: 4 | C109: 4. ASTUTI DAENG PUJI | E109: 0 | F109: 0 | G109: 0 | H109: 0 | I109: 0 | J109: 0 | K109: 0 | L109: 0 | M109: 0 | N109: 0 | O109: 0 | P109: 0 | Q109: 0 | R109: 0 | S109: 0 | T109: 0 | U109: =SUM(E109:T109) -> 0
B110: 5 | C110: 5. ASDARMAWAN | E110: 0 | F110: 0 | G110: 0 | H110: 0 | I110: 0 | J110: 0 | K110: 0 | L110: 0 | M110: 0 | N110: 0 | O110: 0 | P110: 0 | Q110: 0 | R110: 0 | S110: 0 | T110: 0 | U110: =SUM(E110:T110) -> 0
B111: 6 | C111: 6. RIFQI MUBAROK | E111: 0 | F111: 0 | G111: 0 | H111: 0 | I111: 0 | J111: 0 | K111: 0 | L111: 0 | M111: 0 | N111: 0 | O111: 0 | P111: 0 | Q111: 0 | R111: 0 | S111: 0 | T111: 0 | U111: =SUM(E111:T111) -> 0
B112: 7 | C112: 7. FIRNANDA ALTA MEGA | E112: 0 | F112: 0 | G112: 0 | H112: 0 | I112: 0 | J112: 0 | K112: 0 | L112: 0 | M112: 0 | N112: 0 | O112: 0 | P112: 0 | Q112: 0 | R112: 0 | S112: 0 | T112: 0 | U112: =SUM(E112:T112) -> 0
U113: =SUM(E113:T113) -> 0
U114: =SUM(E114:T114) -> 0
A115: B | B115: JUMLAH SUARA SAH PARTAI POLITIK DAN CALON (A1 + A2) | E115: =SUM(E105:E114) -> 0 | F115: =SUM(F105:F114) -> 1 | G115: =SUM(G105:G114) -> 0 | H115: =SUM(H105:H114) -> 1 | I115: =SUM(I105:I114) -> 1 | J115: =SUM(J105:J114) -> 0 | K115: =SUM(K105:K114) -> 0 | L115: =SUM(L105:L114) -> 0 | ... U115: =SUM(U105:U114) -> 9
A117: A.1 | B117: 7. | C117: Partai Gelombang Rakyat Indonesia | E117: 0 | F117: 0 | G117: 0 | H117: 0 | I117: 1 | J117: 0 | K117: 0 | L117: 0 | M117: 1 | N117: 0 | O117: 1 | P117: 1 | Q117: 1 | R117: 0 | S117: 0 | T117: 0 | U117: =SUM(E117:T117) -> 5
...

Sheet BAJULMATI
C2: Kecamatan | D2: WONGSOREJO
C3: Kabupaten | D3: BANYUWANGI
C4: Provinsi | D4: JAWA TIMUR
C9: Kelurahan | D9: BAJULMATI
A12: I | B12: DATA PEMILIH DAN PENGGUNAAN HAK PILIH | AD12: JUMLAH AKHIR
A13: A | B13: DATA PEMILIH | E13: TPS 001 | F13: TPS 002 | G13: TPS 003 | H13: TPS 004 | I13: TPS 005 | J13: TPS 006 | K13: TPS 007 | L13: TPS 008 | M13: TPS 009 | N13: TPS 010 | O13: TPS 011 | P13: TPS 012 | Q13: TPS 013 | R13: TPS 014 | S13: TPS 015 | T13: TPS 016 | U13: TPS 017 | V13: TPS 018 | W13: TPS 019 | X13: TPS 020 | Y13: TPS 021 | Z13: TPS 022 | AA13: TPS 023 | AB13: TPS 024 | AC13: TPS 025
B14: Jumlah Pemilih dalam Daftar Pemilih Tetap (DPT) | D14: LK | E14: 135 | F14: 140 | G14: 137 | H14: 147 | I14: 154 | J14: 129 | K14: 124 | L14: 140 | M14: 144 | N14: 125 | O14: 113 | P14: 137 | Q14: 104 | R14: 126 | S14: 131 | T14: 125 | U14: 131 | V14: 149 | W14: 142 | X14: 134 | Y14: 131 | Z14: 115 | AA14: 141 | AB14: 130 | AC14: 114 | AD14: =SUM(E14:AC14) -> 3298
D15: PR | E15: 145 | F15: 132 | G15: 135 | H15: 140 | I15: 134 | J15: 131 | K15: 136 | L15: 152 | M15: 148 | N15: 129 | O15: 125 | P15: 138 | Q15: 147 | R15: 118 | S15: 153 | T15: 116 | U15: 151 | V15: 145 | W15: 136 | X15: 147 | Y15: 141 | Z15: 113 | AA15: 140 | AB15: 127 | AC15: 131 | AD15: =SUM(E15:AC15) -> 3410
D16: JML | E16: =SUM(E14:E15) -> 280 | F16: =SUM(F14:F15) -> 272 | G16: =SUM(G14:G15) -> 272 | H16: =SUM(H14:H15) -> 287 | I16: =SUM(I14:I15) -> 288 | J16: =SUM(J14:J15) -> 260 | K16: =SUM(K14:K15) -> 260 | L16: =SUM(L14:L15) -> 292 | ... AC16: =SUM(AC14:AC15) -> 245 | AD16: =SUM(E16:AC16) -> 6708
A18: B | B18: PENGGUNA HAK PILIH
B19: 1. | C19: Jumlah pengguna hak pilih dalam Daftar Pemilih Tetap (DPT) | D19: LK | E19: 111 | F19: 99 | G19: 97 | H19: 93 | I19: 112 | J19: 91 | K19: 85 | L19: 98 | M19: 79 | N19: 99 | O19: 85 | P19: 93 | Q19: 66 | R19: 88 | S19: 82 | T19: 96 | U19: 89 | V19: 115 | W19: 99 | X19: 102 | Y19: 93 | Z19: 73 | AA19: 96 | AB19: 88 | AC19: 102 | AD19: =SUM(E19:AC19) -> 2331
D20: PR | E20: 117 | F20: 96 | G20: 107 | H20: 95 | I20: 111 | J20: 88 | K20: 99 | L20: 117 | M20: 95 | N20: 104 | O20: 103 | P20: 106 | Q20: 106 | R20: 91 | S20: 113 | T20: 86 | U20: 108 | V20: 110 | W20: 106 | X20: 123 | Y20: 113 | Z20: 72 | AA20: 104 | AB20: 95 | AC20: 98 | AD20: =SUM(E20:AC20) -> 2563
D21: JML | E21: =SUM(E19:E20) -> 228 | F21: =SUM(F19:F20) -> 195 | G21: =SUM(G19:G20) -> 204 | H21: =SUM(H19:H20) -> 188 | I21: =SUM(I19:I20) -> 223 | J21: =SUM(J19:J20) -> 179 | K21: =SUM(K19:K20) -> 184 | L21: =SUM(L19:L20) -> 215 | ... AC21: =SUM(AC19:AC20) -> 200 | AD21: =SUM(E21:AC21) -> 4894
B22: 2. | C22: Jumlah pengguna hak pilih dalam Daftar Pemilih Tambahan (DPTb) | D22: LK | E22: 0 | F22: 0 | G22: 0 | H22: 0 | I22: 0 | J22: 1 | K22: 1 | L22: 0 | M22: 0 | N22: 0 | O22: 2 | P22: 1 | Q22: 0 | R22: 0 | S22: 0 | T22: 0 | U22: 0 | V22: 0 | W22: 0 | X22: 0 | Y22: 0 | Z22: 0 | AA22: 0 | AB22: 0 | AC22: 0 | AD22: =SUM(E22:AC22) -> 5
D23: PR | E23: 0 | F23: 0 | G23: 0 | H23: 0 | I23: 0 | J23: 0 | K23: 0 | L23: 1 | M23: 0 | N23: 0 | O23: 1 | P23: 0 | Q23: 0 | R23: 0 | S23: 0 | T23: 0 | U23: 0 | V23: 0 | W23: 0 | X23: 0 | Y23: 0 | Z23: 1 | AA23: 0 | AB23: 0 | AC23: 1 | AD23: =SUM(E23:AC23) -> 4
D24: JML | E24: =SUM(E22:E23) -> 0 | F24: =SUM(F22:F23) -> 0 | G24: =SUM(G22:G23) -> 0 | H24: =SUM(H22:H23) -> 0 | I24: =SUM(I22:I23) -> 0 | J24: =SUM(J22:J23) -> 1 | K24: =SUM(K22:K23) -> 1 | L24: =SUM(L22:L23) -> 1 | ... AC24: =SUM(AC22:AC23) -> 1 | AD24: =SUM(E24:AC24) -> 9
B25: 3. | C25: Jumlah pengguna hak pilih dalam Daftar Pemilih Khusus (DPK) | D25: LK | E25: 0 | F25: 1 | G25: 0 | H25: 0 | I25: 0 | J25: 3 | K25: 3 | L25: 0 | M25: 0 | N25: 0 | O25: 4 | P25: 0 | Q25: 2 | R25: 2 | S25: 1 | T25: 2 | U25: 4 | V25: 1 | W25: 1 | X25: 0 | Y25: 0 | Z25: 0 | AA25: 5 | AB25: 4 | AC25: 3 | AD25: =SUM(E25:AC25) -> 36
D26: PR | E26: 0 | F26: 3 | G26: 0 | H26: 1 | I26: 0 | J26: 7 | K26: 2 | L26: 0 | M26: 3 | N26: 0 | O26: 2 | P26: 3 | Q26: 3 | R26: 2 | S26: 1 | T26: 5 | U26: 2 | V26: 1 | W26: 2 | X26: 0 | Y26: 0 | Z26: 0 | AA26: 6 | AB26: 3 | AC26: 6 | AD26: =SUM(E26:AC26) -> 52
D27: JML | E27: =SUM(E25:E26) -> 0 | F27: =SUM(F25:F26) -> 4 | G27: =SUM(G25:G26) -> 0 | H27: =SUM(H25:H26) -> 1 | I27: =SUM(I25:I26) -> 0 | J27: =SUM(J25:J26) -> 10 | K27: =SUM(K25:K26) -> 5 | L27: =SUM(L25:L26) -> 0 | ... AC27: =SUM(AC25:AC26) -> 9 | AD27: =SUM(E27:AC27) -> 88
B28: 4. | C28: Jumlah Pengguna Hak Pilih (B.1+B.2+B.3) | D28: LK | E28: =SUM(E19,E22,E25) -> 111 | F28: =SUM(F19,F22,F25) -> 100 | G28: =SUM(G19,G22,G25) -> 97 | H28: =SUM(H19,H22,H25) -> 93 | I28: =SUM(I19,I22,I25) -> 112 | J28: =SUM(J19,J22,J25) -> 95 | K28: =SUM(K19,K22,K25) -> 89 | L28: =SUM(L19,L22,L25) -> 98 | ... AC28: =SUM(AC19,AC22,AC25) -> 105 | AD28: =SUM(E28:AC28) -> 2372
D29: PR | E29: =SUM(E20,E23,E26) -> 117 | F29: =SUM(F20,F23,F26) -> 99 | G29: =SUM(G20,G23,G26) -> 107 | H29: =SUM(H20,H23,H26) -> 96 | I29: =SUM(I20,I23,I26) -> 111 | J29: =SUM(J20,J23,J26) -> 95 | K29: =SUM(K20,K23,K26) -> 101 | L29: =SUM(L20,L23,L26) -> 118 | ... AC29: =SUM(AC20,AC23,AC26) -> 105 | AD29: =SUM(E29:AC29) -> 2619
D30: JML | E30: =SUM(E28:E29) -> 228 | F30: =SUM(F28:F29) -> 199 | G30: =SUM(G28:G29) -> 204 | H30: =SUM(H28:H29) -> 189 | I30: =SUM(I28:I29) -> 223 | J30: =SUM(J28:J29) -> 190 | K30: =SUM(K28:K29) -> 190 | L30: =SUM(L28:L29) -> 216 | ... AC30: =SUM(AC28:AC29) -> 210 | AD30: =SUM(E30:AC30) -> 4991
A32: II | B32: DATA PENGGUNAAN SURAT SUARA
A33: 1 | B33: Jumlah surat suara yang diterima, termasuk surat suara cadangan 2,5% dari DPT | E33: 286 | F33: 278 | G33: 278 | H33: 293 | I33: 294 | J33: 266 | K33: 266 | L33: 298 | M33: 298 | N33: 260 | O33: 243 | P33: 281 | Q33: 255 | R33: 249 | S33: 290 | T33: 247 | U33: 288 | V33: 299 | W33: 284 | X33: 287 | Y33: 278 | Z33: 232 | AA33: 287 | AB33: 263 | AC33: 250 | AD33: =SUM(E33:AC33) -> 6850
A34: 2 | B34: Jumlah surat suara yang digunakan | E34: 228 | F34: 199 | G34: 204 | H34: 189 | I34: 223 | J34: 190 | K34: 190 | L34: 216 | M34: 177 | N34: 203 | O34: 197 | P34: 203 | Q34: 177 | R34: 183 | S34: 197 | T34: 189 | U34: 203 | V34: 227 | W34: 208 | X34: 225 | Y34: 206 | Z34: 146 | AA34: 211 | AB34: 190 | AC34: 210 | AD34: =SUM(E34:AC34) -> 4991
A35: 3 | B35: Jumlah surat suara dikembalikan oleh pemilih (karena rusak atau keliru coblos) | E35: 2 | F35: 0 | G35: 0 | H35: 0 | I35: 0 | J35: 0 | K35: 0 | L35: 0 | M35: 0 | N35: 0 | O35: 1 | P35: 0 | Q35: 0 | R35: 1 | S35: 0 | T35: 0 | U35: 0 | V35: 0 | W35: 0 | X35: 1 | Y35: 0 | Z35: 0 | AA35: 0 | AB35: 0 | AC35: 0 | AD35: =SUM(E35:AC35) -> 5
A36: 4 | B36: Jumlah surat suara yang tidak digunakan/tidak terpakai, termasuk sisa surat suara cadangan | E36: =E33-(E34+E35) -> 56 | F36: =F33-(F34+F35) -> 79 | G36: =G33-(G34+G35) -> 74 | H36: =H33-(H34+H35) -> 104 | I36: =I33-(I34+I35) -> 71 | J36: =J33-(J34+J35) -> 76 | K36: =K33-(K34+K35) -> 76 | L36: =L33-(L34+L35) -> 82 | ... AC36: =AC33-(AC34+AC35) -> 40 | AD36: =SUM(E36:AC36) -> 1854
A38: III | B38: DATA PEMILIH DISABILITAS
B39: Jumlah seluruh Pemilih disabilitas yang menggunakan hak pilih | D39: LK | E39: 0 | F39: 0 | G39: 0 | H39: 0 | I39: 0 | J39: 0 | K39: 0 | L39: 1 | M39: 0 | N39: 0 | O39: 0 | P39: 0 | Q39: 0 | R39: 0 | S39: 0 | T39: 0 | U39: 0 | V39: 0 | W39: 0 | X39: 0 | Y39: 0 | Z39: 0 | AA39: 0 | AB39: 0 | AC39: 0 | AD39: =SUM(E39:AC39) -> 1
D40: PR | E40: 0 | F40: 0 | G40: 0 | H40: 1 | I40: 0 | J40: 0 | K40: 0 | L40: 11 | M40: 0 | N40: 0 | O40: 0 | P40: 0 | Q40: 0 | R40: 0 | S40: 0 | T40: 0 | U40: 0 | V40: 0 | W40: 0 | X40: 0 | Y40: 0 | Z40: 0 | AA40: 2 | AB40: 0 | AC40: 0 | AD40: =SUM(E40:AC40) -> 14
D41: JML | E41: =SUM(E39:E40) -> 0 | F41: =SUM(F39:F40) -> 0 | G41: =SUM(G39:G40) -> 0 | H41: =SUM(H39:H40) -> 1 | I41: =SUM(I39:I40) -> 0 | J41: =SUM(J39:J40) -> 0 | K41: =SUM(K39:K40) -> 0 | L41: =SUM(L39:L40) -> 12 | ... AC41: =SUM(AC39:AC40) -> 0 | AD41: =SUM(E41:AC41) -> 15
A43: IV | B43: DATA RINCIAN PEROLEHAN SUARA PASANGAN CALON BUPATI DAN WAKIL BUPATI
A44: NOMOR DAN NAMA CALON
A45: A.1 | B45: 1. | C45: Partai Kebangkitan Bangsa | E45: 1 | F45: 4 | G45: 6 | H45: 16 | I45: 15 | J45: 8 | K45: 5 | L45: 10 | M45: 4 | N45: 5 | O45: 2 | P45: 3 | Q45: 9 | R45: 4 | S45: 0 | T45: 4 | U45: 3 | V45: 3 | W45: 9 | X45: 7 | Y45: 10 | Z45: 8 | AA45: 7 | AB45: 4 | AC45: 5 | AD45: =SUM(E45:AC45) -> 152
A46: A.2 | B46: 1 | C46: 1. Dr. Hj. NIHAYATUL WAFIROH, M.A. | E46: 8 | F46: 8 | G46: 9 | H46: 7 | I46: 10 | J46: 5 | K46: 6 | L46: 4 | M46: 11 | N46: 10 | O46: 11 | P46: 9 | Q46: 4 | R46: 7 | S46: 2 | T46: 1 | U46: 7 | V46: 4 | W46: 9 | X46: 20 | Y46: 12 | Z46: 19 | AA46: 25 | AB46: 10 | AC46: 6 | AD46: =SUM(E46:AC46) -> 224
B47: 2 | C47: 2. H. M. NASIM KHAN | E47: 3 | F47: 8 | G47: 10 | H47: 11 | I47: 12 | J47: 10 | K47: 8 | L47: 10 | M47: 8 | N47: 5 | O47: 3 | P47: 10 | Q47: 4 | R47: 1 | S47: 2 | T47: 2 | U47: 2 | V47: 2 | W47: 4 | X47: 13 | Y47: 11 | Z47: 22 | AA47: 9 | AB47: 8 | AC47: 3 | AD47: =SUM(E47:AC47) -> 181
B48: 3 | C48: 3. Dr. H. AKIK ZAMAN, M.Pd.I. | E48: 1 | F48: 0 | G48: 2 | H48: 1 | I48: 0 | J48: 2 | K48: 1 | L48: 6 | M48: 4 | N48: 5 | O48: 0 | P48: 0 | Q48: 1 | R48: 1 | S48: 1 | T48: 0 | U48: 1 | V48: 1 | W48: 0 | X48: 2 | Y48: 2 | Z48: 1 | AA48: 0 | AB48: 0 | AC48: 0 | AD48: =SUM(E48:AC48) -> 32
B49: 4 | C49: 4. AHMAD RIFA'I, S.H. | E49: 1 | F49: 1 | G49: 0 | H49: 0 | I49: 1 | J49: 0 | K49: 2 | L49: 0 | M49: 3 | N49: 1 | O49: 2 | P49: 0 | Q49: 2 | R49: 1 | S49: 1 | T49: 0 | U49: 1 | V49: 1 | W49: 1 | X49: 2 | Y49: 0 | Z49: 2 | AA49: 1 | AB49: 0 | AC49: 1 | AD49: =SUM(E49:AC49) -> 24
B50: 5 | C50: 5. Drs. H. MAHFUD M.N. | E50: 0 | F50: 0 | G50: 0 | H50: 1 | I50: 0 | J50: 0 | K50: 0 | L50: 0 | M50: 0 | N50: 1 | O50: 0 | P50: 1 | Q50: 0 | R50: 0 | S50: 0 | T50: 0 | U50: 0 | V50: 2 | W50: 0 | X50: 1 | Y50: 0 | Z50: 0 | AA50: 0 | AB50: 0 | AC50: 0 | AD50: =SUM(E50:AC50) -> 6
B51: 6 | C51: 6. NURHAYATI, S.Pd. | E51: 0 | F51: 1 | G51: 0 | H51: 0 | I51: 0 | J51: 0 | K51: 0 | L51: 0 | M51: 0 | N51: 0 | O51: 0 | P51: 1 | Q51: 0 | R51: 1 | S51: 0 | T51: 0 | U51: 0 | V51: 0 | W51: 0 | X51: 0 | Y51: 0 | Z51: 0 | AA51: 0 | AB51: 0 | AC51: 0 | AD51: =SUM(E51:AC51) -> 3
B52: 7 | C52: 7. MAFTUHA KISWAH | E52: 0 | F52: 0 | G52: 0 | H52: 0 | I52: 0 | J52: 0 | K52: 0 | L52: 0 | M52: 0 | N52: 0 | O52: 0 | P52: 1 | Q52: 0 | R52: 1 | S52: 0 | T52: 0 | U52: 0 | V52: 0 | W52: 0 | X52: 0 | Y52: 0 | Z52: 0 | AA52: 0 | AB52: 0 | AC52: 0 | AD52: =SUM(E52:AC52) -> 2
AD53: =SUM(E53:AC53) -> 0
AD54: =SUM(E54:AC54) -> 0
A55: B | B55: JUMLAH SUARA SAH PARTAI POLITIK DAN CALON (A1 + A2) | E55: =SUM(E45:E54) -> 14 | F55: =SUM(F45:F54) -> 22 | G55: =SUM(G45:G54) -> 27 | H55: =SUM(H45:H54) -> 36 | I55: =SUM(I45:I54) -> 38 | J55: =SUM(J45:J54) -> 25 | K55: =SUM(K45:K54) -> 22 | L55: =SUM(L45:L54) -> 30 | ... AD55: =SUM(AD45:AD54) -> 624
A57: A.1 | B57: 2. | C57: Partai Gerakan Indonesia Raya | E57: 14 | F57: 10 | G57: 18 | H57: 14 | I57: 10 | J57: 9 | K57: 24 | L57: 8 | M57: 13 | N57: 14 | O57: 10 | P57: 19 | Q57: 17 | R57: 10 | S57: 13 | T57: 11 | U57: 13 | V57: 12 | W57: 23 | X57: 10 | Y57: 5 | Z57: 3 | AA57: 12 | AB57: 10 | AC57: 15 | AD57: =SUM(E57:AC57) -> 317
A58: A.2 | B58: 1 | C58: 1. SUMAIL ABDULLAH | E58: 150 | F58: 88 | G58: 68 | H58: 53 | I58: 61 | J58: 61 | K58: 57 | L58: 75 | M58: 53 | N58: 45 | O58: 67 | P58: 62 | Q58: 71 | R58: 56 | S58: 74 | T58: 64 | U58: 46 | V58: 58 | W58: 58 | X58: 63 | Y58: 41 | Z58: 27 | AA58: 39 | AB58: 58 | AC58: 69 | AD58: =SUM(E58:AC58) -> 1564
B59: 2 | C59: 2. MUHAMMAD ALI ADRIAN SALEH | E59: 4 | F59: 6 | G59: 3 | H59: 1 | I59: 4 | J59: 0 | K59: 4 | L59: 9 | M59: 2 | N59: 3 | O59: 2 | P59: 2 | Q59: 2 | R59: 1 | S59: 1 | T59: 1 | U59: 0 | V59: 4 | W59: 1 | X59: 1 | Y59: 0 | Z59: 2 | AA59: 1 | AB59: 2 | AC59: 3 | AD59: =SUM(E59:AC59) -> 59
B60: 3 | C60: 3. DURROTUN NAFISAH | E60: 0 | F60: 1 | G60: 1 | H60: 0 | I60: 2 | J60: 0 | K60: 0 | L60: 1 | M60: 2 | N60: 0 | O60: 1 | P60: 0 | Q60: 1 | R60: 0 | S60: 1 | T60: 1 | U60: 2 | V60: 0 | W60: 0 | X60: 2 | Y60: 0 | Z60: 1 | AA60: 2 | AB60: 0 | AC60: 0 | AD60: =SUM(E60:AC60) -> 18
B61: 4 | C61: 4. H. EKO SUSILO NURHIDAYAT | E61: 0 | F61: 0 | G61: 1 | H61: 1 | I61: 0 | J61: 1 | K61: 0 | L61: 1 | M61: 1 | N61: 0 | O61: 1 | P61: 1 | Q61: 2 | R61: 1 | S61: 0 | T61: 0 | U61: 1 | V61: 2 | W61: 0 | X61: 0 | Y61: 0 | Z61: 1 | AA61: 1 | AB61: 1 | AC61: 1 | AD61: =SUM(E61:AC61) -> 17
B62: 5 | C62: 5. KARNADI HARIJANTO, S.S. | E62: 0 | F62: 1 | G62: 0 | H62: 0 | I62: 0 | J62: 0 | K62: 0 | L62: 1 | M62: 0 | N62: 0 | O62: 0 | P62: 1 | Q62: 0 | R62: 0 | S62: 0 | T62: 0 | U62: 2 | V62: 0 | W62: 0 | X62: 0 | Y62: 0 | Z62: 0 | AA62: 0 | AB62: 0 | AC62: 0 | AD62: =SUM(E62:AC62) -> 5
B63: 6 | C63: 6. NURHAYATI | E63: 3 | F63: 0 | G63: 0 | H63: 0 | I63: 0 | J63: 0 | K63: 0 | L63: 0 | M63: 1 | N63: 0 | O63: 0 | P63: 0 | Q63: 0 | R63: 0 | S63: 0 | T63: 0 | U63: 0 | V63: 1 | W63: 1 | X63: 0 | Y63: 2 | Z63: 0 | AA63: 1 | AB63: 0 | AC63: 0 | AD63: =SUM(E63:AC63) -> 9
B64: 7 | C64: 7. MASHUDI | E64: 1 | F64: 0 | G64: 0 | H64: 0 | I64: 0 | J64: 0 | K64: 0 | L64: 0 | M64: 0 | N64: 0 | O64: 0 | P64: 0 | Q64: 0 | R64: 0 | S64: 0 | T64: 1 | U64: 0 | V64: 0 | W64: 0 | X64: 0 | Y64: 0 | Z64: 0 | AA64: 0 | AB64: 0 | AC64: 0 | AD64: =SUM(E64:AC64) -> 2
AD65: =SUM(E65:AC65) -> 0
AD66: =SUM(E66:AC66) -> 0
A67: B | B67: JUMLAH SUARA SAH PARTAI POLITIK DAN CALON (A1 + A2) | E67: =SUM(E57:E66) -> 172 | F67: =SUM(F57:F66) -> 106 | G67: =SUM(G57:G66) -> 91 | H67: =SUM(H57:H66) -> 69 | I67: =SUM(I57:I66) -> 77 | J67: =SUM(J57:J66) -> 71 | K67: =SUM(K57:K66) -> 85 | L67: =SUM(L57:L66) -> 95 | ... AD67: =SUM(AD57:AD66) -> 1991
A69: A.1 | B69: 3. | C69: Partai Demokrasi Indonesia Perjuangan | E69: 6 | F69: 3 | G69: 8 | H69: 6 | I69: 8 | J69: 3 | K69: 7 | L69: 2 | M69: 7 | N69: 4 | O69: 6 | P69: 9 | Q69: 6 | R69: 9 | S69: 4 | T69: 6 | U69: 10 | V69: 18 | W69: 13 | X69: 3 | Y69: 3 | Z69: 2 | AA69: 7 | AB69: 2 | AC69: 2 | AD69: =SUM(E69:AC69) -> 154
A70: A.2 | B70: 1 | C70: 1. SONNY TRI DANAPARAMITA, S.H., M.H. | E70: 7 | F70: 7 | G70: 5 | H70: 1 | I70: 5 | J70: 6 | K70: 2 | L70: 7 | M70: 18 | N70: 14 | O70: 2 | P70: 19 | Q70: 3 | R70: 10 | S70: 7 | T70: 6 | U70: 1 | V70: 4 | W70: 7 | X70: 1 | Y70: 2 | Z70: 2 | AA70: 5 | AB70: 2 | AC70: 3 | AD70: =SUM(E70:AC70) -> 146
B71: 2 | C71: 2. H. MOHAMAD GUNTUR ROMLI | E71: 1 | F71: 2 | G71: 0 | H71: 0 | I71: 1 | J71: 2 | K71: 0 | L71: 3 | M71: 2 | N71: 2 | O71: 2 | P71: 2 | Q71: 0 | R71: 4 | S71: 8 | T71: 3 | U71: 6 | V71: 8 | W71: 2 | X71: 0 | Y71: 2 | Z71: 1 | AA71: 4 | AB71: 5 | AC71: 2 | AD71: =SUM(E71:AC71) -> 62
B72: 3 | C72: 3. INA AMMANIA | E72: 0 | F72: 1 | G72: 2 | H72: 0 | I72: 5 | J72: 2 | K72: 0 | L72: 3 | M72: 1 | N72: 0 | O72: 1 | P72: 1 | Q72: 0 | R72: 3 | S72: 1 | T72: 1 | U72: 0 | V72: 4 | W72: 0 | X72: 5 | Y72: 4 | Z72: 1 | AA72: 9 | AB72: 0 | AC72: 5 | AD72: =SUM(E72:AC72) -> 49
B73: 4 | C73: 4. IRWAN BACHTIAR RACHMAT, M.Si. | E73: 0 | F73: 1 | G73: 0 | H73: 0 | I73: 0 | J73: 0 | K73: 0 | L73: 3 | M73: 0 | N73: 0 | O73: 0 | P73: 1 | Q73: 1 | R73: 0 | S73: 0 | T73: 1 | U73: 0 | V73: 0 | W73: 2 | X73: 0 | Y73: 1 | Z73: 1 | AA73: 2 | AB73: 0 | AC73: 0 | AD73: =SUM(E73:AC73) -> 13
B74: 5 | C74: 5. LUCKY PERDANA | E74: 1 | F74: 0 | G74: 1 | H74: 1 | I74: 0 | J74: 3 | K74: 0 | L74: 1 | M74: 0 | N74: 0 | O74: 1 | P74: 0 | Q74: 3 | R74: 5 | S74: 1 | T74: 2 | U74: 3 | V74: 2 | W74: 2 | X74: 5 | Y74: 1 | Z74: 0 | AA74: 0 | AB74: 0 | AC74: 0 | AD74: =SUM(E74:AC74) -> 32
B75: 6 | C75: 6. WIWIK PUJIYATI | E75: 0 | F75: 1 | G75: 0 | H75: 0 | I75: 0 | J75: 0 | K75: 2 | L75: 1 | M75: 1 | N75: 0 | O75: 1 | P75: 1 | Q75: 1 | R75: 0 | S75: 0 | T75: 0 | U75: 0 | V75: 1 | W75: 1 | X75: 0 | Y75: 0 | Z75: 0 | AA75: 2 | AB75: 0 | AC75: 0 | AD75: =SUM(E75:AC75) -> 12
B76: 7 | C76: 7. CHANDRA ASTAN, S.T. | E76: 5 | F76: 11 | G76: 2 | H76: 1 | I76: 11 | J76: 12 | K76: 6 | L76: 4 | M76: 0 | N76: 3 | O76: 6 | P76: 3 | Q76: 8 | R76: 1 | S76: 5 | T76: 16 | U76: 7 | V76: 6 | W76: 12 | X76: 1 | Y76: 4 | Z76: 2 | AA76: 11 | AB76: 6 | AC76: 4 | AD76: =SUM(E76:AC76) -> 147
AD77: =SUM(E77:AC77) -> 0
AD78: =SUM(E78:AC78) -> 0
A79: B | B79: JUMLAH SUARA SAH PARTAI POLITIK DAN CALON (A1 + A2) | E79: =SUM(E69:E78) -> 20 | F79: =SUM(F69:F78) -> 26 | G79: =SUM(G69:G78) -> 18 | H79: =SUM(H69:H78) -> 9 | I79: =SUM(I69:I78) -> 30 | J79: =SUM(J69:J78) -> 28 | K79: =SUM(K69:K78) -> 17 | L79: =SUM(L69:L78) -> 24 | ... AD79: =SUM(AD69:AD78) -> 615
A81: A.1 | B81: 4. | C81: Partai Golongan Karya | E81: 0 | F81: 1 | G81: 6 | H81: 0 | I81: 4 | J81: 2 | K81: 3 | L81: 2 | M81: 0 | N81: 5 | O81: 5 | P81: 4 | Q81: 1 | R81: 6 | S81: 1 | T81: 7 | U81: 4 | V81: 3 | W81: 1 | X81: 2 | Y81: 3 | Z81: 1 | AA81: 3 | AB81: 6 | AC81: 1 | AD81: =SUM(E81:AC81) -> 71
A82: A.2 | B82: 1 | C82: 1. ZULFIKAR ARSE SADIKIN, S.I.P., M.Si. | E82: 2 | F82: 5 | G82: 14 | H82: 31 | I82: 21 | J82: 16 | K82: 15 | L82: 25 | M82: 10 | N82: 20 | O82: 4 | P82: 8 | Q82: 3 | R82: 20 | S82: 8 | T82: 28 | U82: 11 | V82: 3 | W82: 5 | X82: 26 | Y82: 34 | Z82: 18 | AA82: 6 | AB82: 14 | AC82: 10 | AD82: =SUM(E82:AC82) -> 357
B83: 2 | C83: 2. HANDOKO | E83: 0 | F83: 1 | G83: 2 | H83: 1 | I83: 9 | J83: 0 | K83: 0 | L83: 1 | M83: 2 | N83: 1 | O83: 3 | P83: 2 | Q83: 0 | R83: 1 | S83: 2 | T83: 0 | U83: 1 | V83: 0 | W83: 0 | X83: 9 | Y83: 2 | Z83: 1 | AA83: 1 | AB83: 5 | AC83: 1 | AD83: =SUM(E83:AC83) -> 45
B84: 3 | C84: 3. Hj. OVI DEWI YANTI | E84: 0 | F84: 0 | G84: 1 | H84: 0 | I84: 1 | J84: 0 | K84: 0 | L84: 0 | M84: 0 | N84: 0 | O84: 1 | P84: 1 | Q84: 1 | R84: 0 | S84: 2 | T84: 1 | U84: 0 | V84: 0 | W84: 0 | X84: 0 | Y84: 1 | Z84: 0 | AA84: 0 | AB84: 0 | AC84: 0 | AD84: =SUM(E84:AC84) -> 9
B85: 4 | C85: 4. Ir. AZAM AZMAN NATAWIJANA | E85: 0 | F85: 0 | G85: 0 | H85: 1 | I85: 1 | J85: 0 | K85: 0 | L85: 1 | M85: 1 | N85: 0 | O85: 0 | P85: 1 | Q85: 0 | R85: 1 | S85: 0 | T85: 0 | U85: 0 | V85: 0 | W85: 1 | X85: 0 | Y85: 0 | Z85: 1 | AA85: 0 | AB85: 0 | AC85: 0 | AD85: =SUM(E85:AC85) -> 8
B86: 5 | C86: 5. UBAIDILLAH AMIN, S.Kom. | E86: 1 | F86: 1 | G86: 0 | H86: 0 | I86: 0 | J86: 0 | K86: 0 | L86: 0 | M86: 0 | N86: 0 | O86: 0 | P86: 1 | Q86: 0 | R86: 1 | S86: 0 | T86: 0 | U86: 0 | V86: 0 | W86: 0 | X86: 1 | Y86: 2 | Z86: 0 | AA86: 0 | AB86: 0 | AC86: 1 | AD86: =SUM(E86:AC86) -> 8
B87: 6 | C87: 6. DENNY YUNIANDARI, S.H., M.Kn. | E87: 0 | F87: 0 | G87: 0 | H87: 0 | I87: 0 | J87: 0 | K87: 0 | L87: 1 | M87: 0 | N87: 0 | O87: 0 | P87: 0 | Q87: 0 | R87: 0 | S87: 0 | T87: 0 | U87: 0 | V87: 0 | W87: 0 | X87: 0 | Y87: 0 | Z87: 0 | AA87: 0 | AB87: 0 | AC87: 0 | AD87: =SUM(E87:AC87) -> 1
B88: 7 | C88: 7. ERNADI, S.H.I. | E88: 0 | F88: 0 | G88: 0 | H88: 0 | I88: 0 | J88: 0 | K88: 0 | L88: 0 | M88: 0 | N88: 0 | O88: 1 | P88: 1 | Q88: 0 | R88: 0 | S88: 0 | T88: 0 | U88: 0 | V88: 1 | W88: 0 | X88: 0 | Y88: 0 | Z88: 0 | AA88: 0 | AB88: 0 | AC88: 0 | AD88: =SUM(E88:AC88) -> 3
AD89: =SUM(E89:AC89) -> 0
AD90: =SUM(E90:AC90) -> 0
A91: B | B91: JUMLAH SUARA SAH PARTAI POLITIK DAN CALON (A1 + A2) | E91: =SUM(E81:E90) -> 3 | F91: =SUM(F81:F90) -> 8 | G91: =SUM(G81:G90) -> 23 | H91: =SUM(H81:H90) -> 33 | I91: =SUM(I81:I90) -> 36 | J91: =SUM(J81:J90) -> 18 | K91: =SUM(K81:K90) -> 18 | L91: =SUM(L81:L90) -> 30 | ... AD91: =SUM(AD81:AD90) -> 502
A93: A.1 | B93: 5. | C93: Partai NasDem | E93: 1 | F93: 1 | G93: 1 | H93: 1 | I93: 0 | J93: 1 | K93: 0 | L93: 0 | M93: 0 | N93: 0 | O93: 1 | P93: 3 | Q93: 0 | R93: 0 | S93: 1 | T93: 0 | U93: 2 | V93: 2 | W93: 2 | X93: 0 | Y93: 0 | Z93: 0 | AA93: 0 | AB93: 0 | AC93: 0 | AD93: =SUM(E93:AC93) -> 16
A94: A.2 | B94: 1 | C94: 1. ACH. FADIL MUZAKKI SYAH | E94: 2 | F94: 7 | G94: 0 | H94: 1 | I94: 0 | J94: 1 | K94: 1 | L94: 1 | M94: 0 | N94: 1 | O94: 1 | P94: 0 | Q94: 1 | R94: 0 | S94: 0 | T94: 0 | U94: 3 | V94: 2 | W94: 2 | X94: 0 | Y94: 0 | Z94: 0 | AA94: 0 | AB94: 0 | AC94: 0 | AD94: =SUM(E94:AC94) -> 23
B95: 2 | C95: 2. BENY | E95: 0 | F95: 0 | G95: 0 | H95: 0 | I95: 0 | J95: 0 | K95: 1 | L95: 0 | M95: 0 | N95: 0 | O95: 1 | P95: 0 | Q95: 0 | R95: 1 | S95: 0 | T95: 0 | U95: 0 | V95: 0 | W95: 0 | X95: 0 | Y95: 0 | Z95: 0 | AA95: 0 | AB95: 0 | AC95: 0 | AD95: =SUM(E95:AC95) -> 3
B96: 3 | C96: 3. VINA VERONIKA | E96: 1 | F96: 0 | G96: 0 | H96: 0 | I96: 0 | J96: 0 | K96: 0 | L96: 0 | M96: 0 | N96: 0 | O96: 0 | P96: 0 | Q96: 0 | R96: 0 | S96: 0 | T96: 0 | U96: 0 | V96: 0 | W96: 0 | X96: 0 | Y96: 0 | Z96: 0 | AA96: 0 | AB96: 0 | AC96: 0 | AD96: =SUM(E96:AC96) -> 1
B97: 4 | C97: 4. TEDDY ANUGRIANTO | E97: 0 | F97: 0 | G97: 0 | H97: 0 | I97: 0 | J97: 0 | K97: 1 | L97: 0 | M97: 0 | N97: 0 | O97: 0 | P97: 0 | Q97: 1 | R97: 0 | S97: 0 | T97: 0 | U97: 0 | V97: 0 | W97: 0 | X97: 1 | Y97: 1 | Z97: 0 | AA97: 0 | AB97: 0 | AC97: 0 | AD97: =SUM(E97:AC97) -> 4
B98: 5 | C98: 5. INSAN KAMIL | E98: 1 | F98: 0 | G98: 0 | H98: 0 | I98: 0 | J98: 0 | K98: 0 | L98: 0 | M98: 0 | N98: 0 | O98: 0 | P98: 1 | Q98: 0 | R98: 0 | S98: 0 | T98: 0 | U98: 0 | V98: 0 | W98: 2 | X98: 0 | Y98: 0 | Z98: 0 | AA98: 0 | AB98: 0 | AC98: 0 | AD98: =SUM(E98:AC98) -> 4
B99: 6 | C99: 6. LILIK LINDARWATI | E99: 1 | F99: 1 | G99: 0 | H99: 0 | I99: 0 | J99: 1 | K99: 1 | L99: 1 | M99: 0 | N99: 0 | O99: 1 | P99: 2 | Q99: 0 | R99: 0 | S99: 0 | T99: 0 | U99: 0 | V99: 0 | W99: 0 | X99: 0 | Y99: 1 | Z99: 0 | AA99: 1 | AB99: 0 | AC99: 1 | AD99: =SUM(E99:AC99) -> 11
B100: 7 | C100: 7. YULI ANITA | E100: 0 | F100: 1 | G100: 0 | H100: 0 | I100: 0 | J100: 0 | K100: 1 | L100: 1 | M100: 0 | N100: 0 | O100: 0 | P100: 1 | Q100: 0 | R100: 0 | S100: 0 | T100: 0 | U100: 0 | V100: 1 | W100: 0 | X100: 1 | Y100: 0 | Z100: 0 | AA100: 0 | AB100: 0 | AC100: 0 | AD100: =SUM(E100:AC100) -> 6
AD101: =SUM(E101:AC101) -> 0
AD102: =SUM(E102:AC102) -> 0
A103: B | B103: JUMLAH SUARA SAH PARTAI POLITIK DAN CALON (A1 + A2) | E103: =SUM(E93:E102) -> 6 | F103: =SUM(F93:F102) -> 10 | G103: =SUM(G93:G102) -> 1 | H103: =SUM(H93:H102) -> 2 | I103: =SUM(I93:I102) -> 0 | J103: =SUM(J93:J102) -> 3 | K103: =SUM(K93:K102) -> 5 | L103: =SUM(L93:L102) -> 3 | ... AD103: =SUM(AD93:AD102) -> 68
A105: A.1 | B105: 6. | C105: Partai Buruh | E105: 2 | F105: 0 | G105: 0 | H105: 0 | I105: 0 | J105: 0 | K105: 1 | L105: 0 | M105: 1 | N105: 0 | O105: 0 | P105: 0 | Q105: 0 | R105: 0 | S105: 0 | T105: 0 | U105: 0 | V105: 0 | W105: 0 | X105: 0 | Y105: 0 | Z105: 0 | AA105: 0 | AB105: 0 | AC105: 0 | AD105: =SUM(E105:AC105) -> 4
A106: A.2 | B106: 1 | C106: 1. KHOIRUL ANAM | E106: 0 | F106: 0 | G106: 0 | H106: 0 | I106: 0 | J106: 0 | K106: 0 | L106: 0 | M106: 0 | N106: 0 | O106: 0 | P106: 0 | Q106: 0 | R106: 0 | S106: 0 | T106: 0 | U106: 0 | V106: 1 | W106: 0 | X106: 0 | Y106: 0 | Z106: 0 | AA106: 1 | AB106: 0 | AC106: 0 | AD106: =SUM(E106:AC106) -> 2
B107: 2 | C107: 2. INA KURNIA | E107: 0 | F107: 0 | G107: 0 | H107: 0 | I107: 0 | J107: 0 | K107: 0 | L107: 0 | M107: 0 | N107: 0 | O107: 0 | P107: 0 | Q107: 0 | R107: 0 | S107: 0 | T107: 0 | U107: 0 | V107: 0 | W107: 0 | X107: 0 | Y107: 0 | Z107: 0 | AA107: 0 | AB107: 0 | AC107: 0 | AD107: =SUM(E107:AC107) -> 0
B108: 3 | C108: 3. JIBRAL TAROUK | E108: 0 | F108: 0 | G108: 0 | H108: 0 | I108: 0 | J108: 0 | K108: 0 | L108: 0 | M108: 0 | N108: 0 | O108: 0 | P108: 0 | Q108: 0 | R108: 0 | S108: 0 | T108: 0 | U108: 0 | V108: 1 | W108: 0 | X108: 0 | Y108: 0 | Z108: 0 | AA108: 0 | AB108: 0 | AC108: 0 | AD108: =SUM(E108:AC108) -> 1
B109: 4 | C109: 4. ASTUTI DAENG PUJI | E109: 0 | F109: 0 | G109: 0 | H109: 0 | I109: 0 | J109: 0 | K109: 0 | L109: 0 | M109: 0 | N109: 0 | O109: 0 | P109: 0 | Q109: 0 | R109: 0 | S109: 0 | T109: 0 | U109: 0 | V109: 0 | W109: 0 | X109: 0 | Y109: 0 | Z109: 0 | AA109: 0 | AB109: 0 | AC109: 0 | AD109: =SUM(E109:AC109) -> 0
B110: 5 | C110: 5. ASDARMAWAN | E110: 0 | F110: 0 | G110: 0 | H110: 0 | I110: 0 | J110: 0 | K110: 0 | L110: 0 | M110: 0 | N110: 0 | O110: 0 | P110: 0 | Q110: 0 | R110: 0 | S110: 0 | T110: 0 | U110: 0 | V110: 0 | W110: 0 | X110: 0 | Y110: 0 | Z110: 0 | AA110: 0 | AB110: 0 | AC110: 0 | AD110: =SUM(E110:AC110) -> 0
B111: 6 | C111: 6. RIFQI MUBAROK | E111: 1 | F111: 0 | G111: 0 | H111: 0 | I111: 0 | J111: 0 | K111: 0 | L111: 0 | M111: 0 | N111: 0 | O111: 0 | P111: 0 | Q111: 0 | R111: 0 | S111: 0 | T111: 0 | U111: 0 | V111: 0 | W111: 0 | X111: 0 | Y111: 0 | Z111: 0 | AA111: 0 | AB111: 0 | AC111: 0 | AD111: =SUM(E111:AC111) -> 1
B112: 7 | C112: 7. FIRNANDA ALTA MEGA | E112: 0 | F112: 0 | G112: 0 | H112: 0 | I112: 0 | J112: 0 | K112: 0 | L112: 0 | M112: 0 | N112: 0 | O112: 0 | P112: 0 | Q112: 0 | R112: 0 | S112: 0 | T112: 0 | U112: 0 | V112: 0 | W112: 0 | X112: 0 | Y112: 0 | Z112: 0 | AA112: 1 | AB112: 0 | AC112: 0 | AD112: =SUM(E112:AC112) -> 1
AD113: =SUM(E113:AC113) -> 0
AD114: =SUM(E114:AC114) -> 0
A115: B | B115: JUMLAH SUARA SAH PARTAI POLITIK DAN CALON (A1 + A2) | E115: =SUM(E105:E114) -> 3 | F115: =SUM(F105:F114) -> 0 | G115: =SUM(G105:G114) -> 0 | H115: =SUM(H105:H114) -> 0 | I115: =SUM(I105:I114) -> 0 | J115: =SUM(J105:J114) -> 0 | K115: =SUM(K105:K114) -> 1 | L115: =SUM(L105:L114) -> 0 | ... AD115: =SUM(AD105:AD114) -> 9
A117: A.1 | B117: 7. | C117: Partai Gelombang Rakyat Indonesia | E117: 0 | F117: 0 | G117: 0 | H117: 0 | I117: 0 | J117: 0 | K117: 0 | L117: 0 | M117: 0 | N117: 0 | O117: 2 | P117: 0 | Q117: 0 | R117: 1 | S117: 0 | T117: 0 | U117: 0 | V117: 0 | W117: 0 | X117: 0 | Y117: 0 | Z117: 0 | AA117: 0 | AB117: 0 | AC117: 1 | AD117: =SUM(E117:AC117) -> 4
...

Sheet WATUKEBO
C2: Kecamatan | D2: WONGSOREJO
C3: Kabupaten | D3: BANYUWANGI
C4: Provinsi | D4: JAWA TIMUR
C9: Kelurahan | D9: WATUKEBO
A12: I | B12: DATA PEMILIH DAN PENGGUNAAN HAK PILIH | Y12: JUMLAH AKHIR
A13: A | B13: DATA PEMILIH | E13: TPS 001 | F13: TPS 002 | G13: TPS 003 | H13: TPS 004 | I13: TPS 005 | J13: TPS 006 | K13: TPS 007 | L13: TPS 008 | M13: TPS 009 | N13: TPS 010 | O13: TPS 011 | P13: TPS 012 | Q13: TPS 013 | R13: TPS 014 | S13: TPS 015 | T13: TPS 016 | U13: TPS 017 | V13: TPS 018 | W13: TPS 019 | X13: TPS 020
B14: Jumlah Pemilih dalam Daftar Pemilih Tetap (DPT) | D14: LK | E14: 115 | F14: 120 | G14: 132 | H14: 144 | I14: 136 | J14: 136 | K14: 143 | L14: 95 | M14: 108 | N14: 143 | O14: 135 | P14: 150 | Q14: 145 | R14: 131 | S14: 143 | T14: 136 | U14: 151 | V14: 134 | W14: 143 | X14: 110 | Y14: =SUM(E14:X14) -> 2650
D15: PR | E15: 117 | F15: 129 | G15: 134 | H15: 145 | I15: 146 | J15: 151 | K15: 141 | L15: 106 | M15: 115 | N15: 151 | O15: 150 | P15: 139 | Q15: 146 | R15: 144 | S15: 152 | T15: 152 | U15: 133 | V15: 137 | W15: 151 | X15: 111 | Y15: =SUM(E15:X15) -> 2750
D16: JML | E16: =SUM(E14:E15) -> 232 | F16: =SUM(F14:F15) -> 249 | G16: =SUM(G14:G15) -> 266 | H16: =SUM(H14:H15) -> 289 | I16: =SUM(I14:I15) -> 282 | J16: =SUM(J14:J15) -> 287 | K16: =SUM(K14:K15) -> 284 | L16: =SUM(L14:L15) -> 201 | ... X16: =SUM(X14:X15) -> 221 | Y16: =SUM(E16:X16) -> 5400
A18: B | B18: PENGGUNA HAK PILIH
B19: 1. | C19: Jumlah pengguna hak pilih dalam Daftar Pemilih Tetap (DPT) | D19: LK | E19: 97 | F19: 92 | G19: 100 | H19: 122 | I19: 119 | J19: 110 | K19: 112 | L19: 86 | M19: 92 | N19: 117 | O19: 119 | P19: 111 | Q19: 110 | R19: 106 | S19: 115 | T19: 106 | U19: 122 | V19: 108 | W19: 124 | X19: 101 | Y19: =SUM(E19:X19) -> 2169
D20: PR | E20: 100 | F20: 110 | G20: 121 | H20: 129 | I20: 132 | J20: 117 | K20: 107 | L20: 92 | M20: 95 | N20: 127 | O20: 118 | P20: 115 | Q20: 107 | R20: 126 | S20: 124 | T20: 124 | U20: 119 | V20: 107 | W20: 137 | X20: 100 | Y20: =SUM(E20:X20) -> 2307
D21: JML | E21: =SUM(E19:E20) -> 197 | F21: =SUM(F19:F20) -> 202 | G21: =SUM(G19:G20) -> 221 | H21: =SUM(H19:H20) -> 251 | I21: =SUM(I19:I20) -> 251 | J21: =SUM(J19:J20) -> 227 | K21: =SUM(K19:K20) -> 219 | L21: =SUM(L19:L20) -> 178 | ... X21: =SUM(X19:X20) -> 201 | Y21: =SUM(E21:X21) -> 4476
B22: 2. | C22: Jumlah pengguna hak pilih dalam Daftar Pemilih Tambahan (DPTb) | D22: LK | E22: 0 | F22: 1 | G22: 1 | H22: 0 | I22: 0 | J22: 0 | K22: 0 | L22: 0 | M22: 0 | N22: 0 | O22: 0 | P22: 0 | Q22: 0 | R22: 0 | S22: 0 | T22: 0 | U22: 0 | V22: 1 | W22: 0 | X22: 0 | Y22: =SUM(E22:X22) -> 3
D23: PR | E23: 0 | F23: 0 | G23: 0 | H23: 0 | I23: 0 | J23: 0 | K23: 0 | L23: 0 | M23: 0 | N23: 0 | O23: 0 | P23: 0 | Q23: 0 | R23: 0 | S23: 0 | T23: 0 | U23: 0 | V23: 0 | W23: 0 | X23: 0 | Y23: =SUM(E23:X23) -> 0
D24: JML | E24: =SUM(E22:E23) -> 0 | F24: =SUM(F22:F23) -> 1 | G24: =SUM(G22:G23) -> 1 | H24: =SUM(H22:H23) -> 0 | I24: =SUM(I22:I23) -> 0 | J24: =SUM(J22:J23) -> 0 | K24: =SUM(K22:K23) -> 0 | L24: =SUM(L22:L23) -> 0 | ... X24: =SUM(X22:X23) -> 0 | Y24: =SUM(E24:X24) -> 3
B25: 3. | C25: Jumlah pengguna hak pilih dalam Daftar Pemilih Khusus (DPK) | D25: LK | E25: 1 | F25: 3 | G25: 0 | H25: 0 | I25: 0 | J25: 0 | K25: 0 | L25: 0 | M25: 0 | N25: 0 | O25: 0 | P25: 0 | Q25: 11 | R25: 0 | S25: 0 | T25: 0 | U25: 0 | V25: 0 | W25: 0 | X25: 0 | Y25: =SUM(E25:X25) -> 15
D26: PR | E26: 0 | F26: 2 | G26: 0 | H26: 0 | I26: 0 | J26: 0 | K26: 0 | L26: 0 | M26: 0 | N26: 0 | O26: 0 | P26: 0 | Q26: 9 | R26: 0 | S26: 0 | T26: 0 | U26: 1 | V26: 0 | W26: 0 | X26: 0 | Y26: =SUM(E26:X26) -> 12
D27: JML | E27: =SUM(E25:E26) -> 1 | F27: =SUM(F25:F26) -> 5 | G27: =SUM(G25:G26) -> 0 | H27: =SUM(H25:H26) -> 0 | I27: =SUM(I25:I26) -> 0 | J27: =SUM(J25:J26) -> 0 | K27: =SUM(K25:K26) -> 0 | L27: =SUM(L25:L26) -> 0 | ... X27: =SUM(X25:X26) -> 0 | Y27: =SUM(E27:X27) -> 27
B28: 4. | C28: Jumlah Pengguna Hak Pilih (B.1+B.2+B.3) | D28: LK | E28: =SUM(E19,E22,E25) -> 98 | F28: =SUM(F19,F22,F25) -> 96 | G28: =SUM(G19,G22,G25) -> 101 | H28: =SUM(H19,H22,H25) -> 122 | I28: =SUM(I19,I22,I25) -> 119 | J28: =SUM(J19,J22,J25) -> 110 | K28: =SUM(K19,K22,K25) -> 112 | L28: =SUM(L19,L22,L25) -> 86 | ... X28: =SUM(X19,X22,X25) -> 101 | Y28: =SUM(E28:X28) -> 2187
D29: PR | E29: =SUM(E20,E23,E26) -> 100 | F29: =SUM(F20,F23,F26) -> 112 | G29: =SUM(G20,G23,G26) -> 121 | H29: =SUM(H20,H23,H26) -> 129 | I29: =SUM(I20,I23,I26) -> 132 | J29: =SUM(J20,J23,J26) -> 117 | K29: =SUM(K20,K23,K26) -> 107 | L29: =SUM(L20,L23,L26) -> 92 | ... X29: =SUM(X20,X23,X26) -> 100 | Y29: =SUM(E29:X29) -> 2319
D30: JML | E30: =SUM(E28:E29) -> 198 | F30: =SUM(F28:F29) -> 208 | G30: =SUM(G28:G29) -> 222 | H30: =SUM(H28:H29) -> 251 | I30: =SUM(I28:I29) -> 251 | J30: =SUM(J28:J29) -> 227 | K30: =SUM(K28:K29) -> 219 | L30: =SUM(L28:L29) -> 178 | ... X30: =SUM(X28:X29) -> 201 | Y30: =SUM(E30:X30) -> 4506
A32: II | B32: DATA PENGGUNAAN SURAT SUARA
A33: 1 | B33: Jumlah surat suara yang diterima, termasuk surat suara cadangan 2,5% dari DPT | E33: 237 | F33: 254 | G33: 272 | H33: 295 | I33: 288 | J33: 293 | K33: 290 | L33: 206 | M33: 228 | N33: 300 | O33: 291 | P33: 295 | Q33: 297 | R33: 281 | S33: 301 | T33: 294 | U33: 290 | V33: 271 | W33: 300 | X33: 226 | Y33: =SUM(E33:X33) -> 5509
A34: 2 | B34: Jumlah surat suara yang digunakan | E34: 198 | F34: 208 | G34: 222 | H34: 251 | I34: 251 | J34: 227 | K34: 219 | L34: 178 | M34: 187 | N34: 244 | O34: 237 | P34: 226 | Q34: 237 | R34: 232 | S34: 239 | T34: 230 | U34: 242 | V34: 216 | W34: 261 | X34: 201 | Y34: =SUM(E34:X34) -> 4506
A35: 3 | B35: Jumlah surat suara dikembalikan oleh pemilih (karena rusak atau keliru coblos) | E35: 0 | F35: 0 | G35: 0 | H35: 0 | I35: 0 | J35: 0 | K35: 0 | L35: 0 | M35: 0 | N35: 0 | O35: 1 | P35: 0 | Q35: 2 | R35: 0 | S35: 0 | T35: 0 | U35: 0 | V35: 4 | W35: 0 | X35: 2 | Y35: =SUM(E35:X35) -> 9
A36: 4 | B36: Jumlah surat suara yang tidak digunakan/tidak terpakai, termasuk sisa surat suara cadangan | E36: =E33-(E34+E35) -> 39 | F36: =F33-(F34+F35) -> 46 | G36: =G33-(G34+G35) -> 50 | H36: =H33-(H34+H35) -> 44 | I36: =I33-(I34+I35) -> 37 | J36: =J33-(J34+J35) -> 66 | K36: =K33-(K34+K35) -> 71 | L36: =L33-(L34+L35) -> 28 | ... X36: =X33-(X34+X35) -> 23 | Y36: =SUM(E36:X36) -> 994
A38: III | B38: DATA PEMILIH DISABILITAS
B39: Jumlah seluruh Pemilih disabilitas yang menggunakan hak pilih | D39: LK | E39: 0 | F39: 0 | G39: 0 | H39: 0 | I39: 0 | J39: 0 | K39: 0 | L39: 0 | M39: 0 | N39: 0 | O39: 0 | P39: 0 | Q39: 0 | R39: 0 | S39: 0 | Y39: =SUM(E39:X39) -> 0
D40: PR | E40: 0 | F40: 0 | G40: 0 | H40: 0 | I40: 0 | J40: 0 | K40: 0 | L40: 0 | M40: 0 | N40: 0 | O40: 0 | P40: 0 | Q40: 0 | R40: 0 | S40: 0 | Y40: =SUM(E40:X40) -> 0
D41: JML | E41: =SUM(E39:E40) -> 0 | F41: =SUM(F39:F40) -> 0 | G41: =SUM(G39:G40) -> 0 | H41: =SUM(H39:H40) -> 0 | I41: =SUM(I39:I40) -> 0 | J41: =SUM(J39:J40) -> 0 | K41: =SUM(K39:K40) -> 0 | L41: =SUM(L39:L40) -> 0 | ... X41: =SUM(X39:X40) -> 0 | Y41: =SUM(E41:X41) -> 0
A43: IV | B43: DATA RINCIAN PEROLEHAN SUARA PASANGAN CALON BUPATI DAN WAKIL BUPATI
A44: NOMOR DAN NAMA CALON
A45: A.1 | B45: 1. | C45: Partai Kebangkitan Bangsa | E45: 8 | F45: 2 | G45: 11 | H45: 8 | I45: 11 | J45: 19 | K45: 8 | L45: 3 | M45: 14 | N45: 4 | O45: 8 | P45: 3 | Q45: 4 | R45: 11 | S45: 8 | T45: 1 | U45: 5 | V45: 3 | W45: 2 | X45: 2 | Y45: =SUM(E45:X45) -> 135
A46: A.2 | B46: 1 | C46: 1. Dr. Hj. NIHAYATUL WAFIROH, M.A. | E46: 13 | F46: 8 | G46: 16 | H46: 15 | I46: 8 | J46: 14 | K46: 9 | L46: 4 | M46: 9 | N46: 5 | O46: 15 | P46: 19 | Q46: 2 | R46: 12 | S46: 11 | T46: 1 | U46: 11 | V46: 0 | W46: 1 | X46: 0 | Y46: =SUM(E46:X46) -> 173
B47: 2 | C47: 2. H. M. NASIM KHAN | E47: 9 | F47: 10 | G47: 7 | H47: 42 | I47: 9 | J47: 14 | K47: 5 | L47: 2 | M47: 27 | N47: 5 | O47: 8 | P47: 10 | Q47: 10 | R47: 9 | S47: 27 | T47: 1 | U47: 5 | V47: 1 | W47: 3 | X47: 0 | Y47: =SUM(E47:X47) -> 204
B48: 3 | C48: 3. Dr. H. AKIK ZAMAN, M.Pd.I. | E48: 0 | F48: 0 | G48: 3 | H48: 1 | I48: 0 | J48: 3 | K48: 0 | L48: 2 | M48: 2 | N48: 0 | O48: 0 | P48: 0 | Q48: 2 | R48: 0 | S48: 0 | T48: 0 | U48: 1 | V48: 0 | W48: 0 | X48: 0 | Y48: =SUM(E48:X48) -> 14
B49: 4 | C49: 4. AHMAD RIFA'I, S.H. | E49: 0 | F49: 1 | G49: 1 | H49: 0 | I49: 0 | J49: 1 | K49: 0 | L49: 0 | M49: 0 | N49: 0 | O49: 0 | P49: 0 | Q49: 1 | R49: 0 | S49: 0 | T49: 0 | U49: 0 | V49: 1 | W49: 1 | X49: 0 | Y49: =SUM(E49:X49) -> 6
B50: 5 | C50: 5. Drs. H. MAHFUD M.N. | E50: 0 | F50: 0 | G50: 0 | H50: 0 | I50: 0 | J50: 0 | K50: 0 | L50: 0 | M50: 1 | N50: 0 | O50: 1 | P50: 1 | Q50: 0 | R50: 0 | S50: 1 | T50: 0 | U50: 0 | V50: 0 | W50: 0 | X50: 0 | Y50: =SUM(E50:X50) -> 4
B51: 6 | C51: 6. NURHAYATI, S.Pd. | E51: 0 | F51: 0 | G51: 0 | H51: 0 | I51: 0 | J51: 0 | K51: 0 | L51: 0 | M51: 0 | N51: 0 | O51: 0 | P51: 0 | Q51: 0 | R51: 0 | S51: 0 | T51: 0 | U51: 0 | V51: 0 | W51: 0 | X51: 0 | Y51: =SUM(E51:X51) -> 0
B52: 7 | C52: 7. MAFTUHA KISWAH | E52: 0 | F52: 0 | G52: 0 | H52: 1 | I52: 0 | J52: 0 | K52: 0 | L52: 0 | M52: 0 | N52: 0 | O52: 0 | P52: 0 | Q52: 0 | R52: 0 | S52: 0 | T52: 0 | U52: 0 | V52: 0 | W52: 0 | X52: 0 | Y52: =SUM(E52:X52) -> 1
Y53: =SUM(E53:X53) -> 0
Y54: =SUM(E54:X54) -> 0
A55: B | B55: JUMLAH SUARA SAH PARTAI POLITIK DAN CALON (A1 + A2) | E55: =SUM(E45:E54) -> 30 | F55: =SUM(F45:F54) -> 21 | G55: =SUM(G45:G54) -> 38 | H55: =SUM(H45:H54) -> 67 | I55: =SUM(I45:I54) -> 28 | J55: =SUM(J45:J54) -> 51 | K55: =SUM(K45:K54) -> 22 | L55: =SUM(L45:L54) -> 11 | ... Y55: =SUM(Y45:Y54) -> 537
A57: A.1 | B57: 2. | C57: Partai Gerakan Indonesia Raya | E57: 12 | F57: 11 | G57: 14 | H57: 9 | I57: 14 | J57: 37 | K57: 19 | L57: 19 | M57: 12 | N57: 27 | O57: 17 | P57: 25 | Q57: 8 | R57: 20 | S57: 21 | T57: 9 | U57: 12 | V57: 19 | W57: 9 | X57: 3 | Y57: =SUM(E57:X57) -> 317
A58: A.2 | B58: 1 | C58: 1. SUMAIL ABDULLAH | E58: 132 | F58: 153 | G58: 100 | H58: 107 | I58: 184 | J58: 92 | K58: 129 | L58: 57 | M58: 88 | N58: 160 | O58: 136 | P58: 131 | Q58: 201 | R58: 116 | S58: 103 | T58: 207 | U58: 178 | V58: 163 | W58: 221 | X58: 193 | Y58: =SUM(E58:X58) -> 2851
B59: 2 | C59: 2. MUHAMMAD ALI ADRIAN SALEH | E59: 1 | F59: 2 | G59: 0 | H59: 2 | I59: 2 | J59: 2 | K59: 0 | L59: 0 | M59: 0 | N59: 5 | O59: 1 | P59: 4 | Q59: 0 | R59: 0 | S59: 2 | T59: 1 | U59: 2 | V59: 2 | W59: 2 | X59: 0 | Y59: =SUM(E59:X59) -> 28
B60: 3 | C60: 3. DURROTUN NAFISAH | E60: 0 | F60: 0 | G60: 1 | H60: 0 | I60: 1 | J60: 0 | K60: 1 | L60: 1 | M60: 2 | N60: 0 | O60: 0 | P60: 1 | Q60: 0 | R60: 2 | S60: 1 | T60: 0 | U60: 2 | V60: 1 | W60: 0 | X60: 1 | Y60: =SUM(E60:X60) -> 14
B61: 4 | C61: 4. H. EKO SUSILO NURHIDAYAT | E61: 0 | F61: 0 | G61: 0 | H61: 0 | I61: 1 | J61: 1 | K61: 0 | L61: 0 | M61: 1 | N61: 2 | O61: 1 | P61: 0 | Q61: 0 | R61: 0 | S61: 0 | T61: 0 | U61: 1 | V61: 1 | W61: 0 | X61: 0 | Y61: =SUM(E61:X61) -> 8
B62: 5 | C62: 5. KARNADI HARIJANTO, S.S. | E62: 0 | F62: 1 | G62: 0 | H62: 0 | I62: 0 | J62: 0 | K62: 0 | L62: 0 | M62: 0 | N62: 0 | O62: 0 | P62: 0 | Q62: 0 | R62: 0 | S62: 0 | T62: 0 | U62: 0 | V62: 0 | W62: 0 | X62: 0 | Y62: =SUM(E62:X62) -> 1
B63: 6 | C63: 6. NURHAYATI | E63: 0 | F63: 0 | G63: 1 | H63: 0 | I63: 0 | J63: 1 | K63: 0 | L63: 0 | M63: 0 | N63: 0 | O63: 0 | P63: 1 | Q63: 0 | R63: 0 | S63: 0 | T63: 0 | U63: 0 | V63: 0 | W63: 2 | X63: 0 | Y63: =SUM(E63:X63) -> 5
B64: 7 | C64: 7. MASHUDI | E64: 0 | F64: 0 | G64: 0 | H64: 0 | I64: 0 | J64: 0 | K64: 0 | L64: 0 | M64: 0 | N64: 0 | O64: 0 | P64: 0 | Q64: 0 | R64: 0 | S64: 0 | T64: 0 | U64: 0 | V64: 0 | W64: 0 | X64: 0 | Y64: =SUM(E64:X64) -> 0
Y65: =SUM(E65:X65) -> 0
Y66: =SUM(E66:X66) -> 0
A67: B | B67: JUMLAH SUARA SAH PARTAI POLITIK DAN CALON (A1 + A2) | E67: =SUM(E57:E66) -> 145 | F67: =SUM(F57:F66) -> 167 | G67: =SUM(G57:G66) -> 116 | H67: =SUM(H57:H66) -> 118 | I67: =SUM(I57:I66) -> 202 | J67: =SUM(J57:J66) -> 133 | K67: =SUM(K57:K66) -> 149 | L67: =SUM(L57:L66) -> 77 | ... Y67: =SUM(Y57:Y66) -> 3224
A69: A.1 | B69: 3. | C69: Partai Demokrasi Indonesia Perjuangan | E69: 2 | F69: 3 | G69: 2 | H69: 1 | I69: 2 | J69: 7 | K69: 7 | L69: 1 | M69: 0 | N69: 5 | O69: 1 | P69: 5 | Q69: 2 | R69: 2 | S69: 3 | T69: 0 | U69: 1 | V69: 0 | W69: 0 | X69: 0 | Y69: =SUM(E69:X69) -> 44
A70: A.2 | B70: 1 | C70: 1. SONNY TRI DANAPARAMITA, S.H., M.H. | E70: 1 | F70: 0 | G70: 0 | H70: 0 | I70: 2 | J70: 0 | K70: 0 | L70: 0 | M70: 1 | N70: 2 | O70: 3 | P70: 0 | Q70: 0 | R70: 1 | S70: 0 | T70: 0 | U70: 1 | V70: 1 | W70: 1 | X70: 0 | Y70: =SUM(E70:X70) -> 13
B71: 2 | C71: 2. H. MOHAMAD GUNTUR ROMLI | E71: 0 | F71: 1 | G71: 0 | H71: 0 | I71: 2 | J71: 1 | K71: 0 | L71: 0 | M71: 0 | N71: 0 | O71: 0 | P71: 0 | Q71: 0 | R71: 0 | S71: 2 | T71: 0 | U71: 0 | V71: 1 | W71: 0 | X71: 0 | Y71: =SUM(E71:X71) -> 7
B72: 3 | C72: 3. INA AMMANIA | E72: 0 | F72: 0 | G72: 0 | H72: 1 | I72: 1 | J72: 0 | K72: 0 | L72: 0 | M72: 1 | N72: 0 | O72: 0 | P72: 0 | Q72: 0 | R72: 0 | S72: 0 | T72: 0 | U72: 0 | V72: 1 | W72: 0 | X72: 0 | Y72: =SUM(E72:X72) -> 4
B73: 4 | C73: 4. IRWAN BACHTIAR RACHMAT, M.Si. | E73: 0 | F73: 0 | G73: 0 | H73: 0 | I73: 0 | J73: 0 | K73: 0 | L73: 0 | M73: 0 | N73: 0 | O73: 0 | P73: 0 | Q73: 0 | R73: 0 | S73: 0 | T73: 0 | U73: 1 | V73: 0 | W73: 0 | X73: 0 | Y73: =SUM(E73:X73) -> 1
B74: 5 | C74: 5. LUCKY PERDANA | E74: 2 | F74: 1 | G74: 0 | H74: 1 | I74: 1 | J74: 0 | K74: 0 | L74: 1 | M74: 0 | N74: 0 | O74: 0 | P74: 0 | Q74: 0 | R74: 0 | S74: 2 | T74: 0 | U74: 0 | V74: 0 | W74: 0 | X74: 0 | Y74: =SUM(E74:X74) -> 8
B75: 6 | C75: 6. WIWIK PUJIYATI | E75: 0 | F75: 0 | G75: 0 | H75: 0 | I75: 0 | J75: 1 | K75: 0 | L75: 0 | M75: 0 | N75: 0 | O75: 0 | P75: 0 | Q75: 0 | R75: 1 | S75: 0 | T75: 0 | U75: 0 | V75: 0 | W75: 0 | X75: 0 | Y75: =SUM(E75:X75) -> 2
B76: 7 | C76: 7. CHANDRA ASTAN, S.T. | E76: 1 | F76: 1 | G76: 2 | H76: 0 | I76: 0 | J76: 1 | K76: 4 | L76: 3 | M76: 3 | N76: 1 | O76: 4 | P76: 6 | Q76: 3 | R76: 18 | S76: 9 | T76: 0 | U76: 13 | V76: 10 | W76: 2 | X76: 0 | Y76: =SUM(E76:X76) -> 81
Y77: =SUM(E77:X77) -> 0
Y78: =SUM(E78:X78) -> 0
A79: B | B79: JUMLAH SUARA SAH PARTAI POLITIK DAN CALON (A1 + A2) | E79: =SUM(E69:E78) -> 6 | F79: =SUM(F69:F78) -> 6 | G79: =SUM(G69:G78) -> 4 | H79: =SUM(H69:H78) -> 3 | I79: =SUM(I69:I78) -> 8 | J79: =SUM(J69:J78) -> 10 | K79: =SUM(K69:K78) -> 11 | L79: =SUM(L69:L78) -> 5 | ... Y79: =SUM(Y69:Y78) -> 160
A81: A.1 | B81: 4. | C81: Partai Golongan Karya | E81: 1 | F81: 1 | G81: 0 | H81: 2 | I81: 0 | J81: 5 | K81: 1 | L81: 1 | M81: 0 | N81: 3 | O81: 1 | P81: 2 | Q81: 0 | R81: 0 | S81: 1 | T81: 1 | U81: 1 | V81: 1 | W81: 1 | X81: 0 | Y81: =SUM(E81:X81) -> 22
A82: A.2 | B82: 1 | C82: 1. ZULFIKAR ARSE SADIKIN, S.I.P., M.Si. | E82: 4 | F82: 0 | G82: 18 | H82: 2 | I82: 2 | J82: 9 | K82: 9 | L82: 1 | M82: 1 | N82: 5 | O82: 7 | P82: 0 | Q82: 0 | R82: 2 | S82: 25 | T82: 2 | U82: 3 | V82: 3 | W82: 1 | X82: 0 | Y82: =SUM(E82:X82) -> 94
B83: 2 | C83: 2. HANDOKO | E83: 2 | F83: 1 | G83: 1 | H83: 1 | I83: 2 | J83: 0 | K83: 11 | L83: 2 | M83: 0 | N83: 0 | O83: 3 | P83: 0 | Q83: 0 | R83: 0 | S83: 3 | T83: 0 | U83: 1 | V83: 0 | W83: 0 | X83: 0 | Y83: =SUM(E83:X83) -> 27
B84: 3 | C84: 3. Hj. OVI DEWI YANTI | E84: 0 | F84: 0 | G84: 0 | H84: 1 | I84: 0 | J84: 1 | K84: 0 | L84: 0 | M84: 0 | N84: 0 | O84: 0 | P84: 0 | Q84: 0 | R84: 1 | S84: 0 | T84: 0 | U84: 0 | V84: 0 | W84: 0 | X84: 0 | Y84: =SUM(E84:X84) -> 3
B85: 4 | C85: 4. Ir. AZAM AZMAN NATAWIJANA | E85: 0 | F85: 0 | G85: 0 | H85: 0 | I85: 0 | J85: 0 | K85: 0 | L85: 0 | M85: 2 | N85: 0 | O85: 0 | P85: 0 | Q85: 1 | R85: 0 | S85: 0 | T85: 0 | U85: 0 | V85: 0 | W85: 0 | X85: 0 | Y85: =SUM(E85:X85) -> 3
B86: 5 | C86: 5. UBAIDILLAH AMIN, S.Kom. | E86: 0 | F86: 0 | G86: 0 | H86: 0 | I86: 0 | J86: 0 | K86: 0 | L86: 0 | M86: 0 | N86: 0 | O86: 1 | P86: 0 | Q86: 0 | R86: 0 | S86: 0 | T86: 0 | U86: 0 | V86: 0 | W86: 0 | X86: 0 | Y86: =SUM(E86:X86) -> 1
B87: 6 | C87: 6. DENNY YUNIANDARI, S.H., M.Kn. | E87: 0 | F87: 0 | G87: 0 | H87: 0 | I87: 0 | J87: 0 | K87: 0 | L87: 0 | M87: 0 | N87: 0 | O87: 0 | P87: 0 | Q87: 0 | R87: 0 | S87: 0 | T87: 0 | U87: 0 | V87: 0 | W87: 0 | X87: 0 | Y87: =SUM(E87:X87) -> 0
B88: 7 | C88: 7. ERNADI, S.H.I. | E88: 0 | F88: 0 | G88: 0 | H88: 0 | I88: 0 | J88: 0 | K88: 0 | L88: 0 | M88: 0 | N88: 0 | O88: 0 | P88: 0 | Q88: 0 | R88: 0 | S88: 1 | T88: 0 | U88: 0 | V88: 0 | W88: 0 | X88: 0 | Y88: =SUM(E88:X88) -> 1
Y89: =SUM(E89:X89) -> 0
Y90: =SUM(E90:X90) -> 0
A91: B | B91: JUMLAH SUARA SAH PARTAI POLITIK DAN CALON (A1 + A2) | E91: =SUM(E81:E90) -> 7 | F91: =SUM(F81:F90) -> 2 | G91: =SUM(G81:G90) -> 19 | H91: =SUM(H81:H90) -> 6 | I91: =SUM(I81:I90) -> 4 | J91: =SUM(J81:J90) -> 15 | K91: =SUM(K81:K90) -> 21 | L91: =SUM(L81:L90) -> 4 | ... Y91: =SUM(Y81:Y90) -> 151
A93: A.1 | B93: 5. | C93: Partai NasDem | E93: 0 | F93: 0 | G93: 0 | H93: 0 | I93: 0 | J93: 0 | K93: 1 | L93: 0 | M93: 0 | N93: 0 | O93: 0 | P93: 0 | Q93: 0 | R93: 1 | S93: 1 | T93: 0 | U93: 0 | V93: 1 | W93: 0 | X93: 0 | Y93: =SUM(E93:X93) -> 4
A94: A.2 | B94: 1 | C94: 1. ACH. FADIL MUZAKKI SYAH | E94: 0 | F94: 0 | G94: 1 | H94: 0 | I94: 0 | J94: 0 | K94: 0 | L94: 0 | M94: 0 | N94: 1 | O94: 0 | P94: 0 | Q94: 0 | R94: 0 | S94: 0 | T94: 0 | U94: 0 | V94: 0 | W94: 0 | X94: 0 | Y94: =SUM(E94:X94) -> 2
B95: 2 | C95: 2. BENY | E95: 0 | F95: 0 | G95: 0 | H95: 0 | I95: 0 | J95: 0 | K95: 0 | L95: 0 | M95: 0 | N95: 0 | O95: 0 | P95: 0 | Q95: 0 | R95: 0 | S95: 0 | T95: 0 | U95: 0 | V95: 0 | W95: 0 | X95: 0 | Y95: =SUM(E95:X95) -> 0
