Workbook

Sheet DPR
C8: Kecamatan | D8: TEGALDLIMO
C9: Kabupaten | D9: BANYUWANGI
C10: Provinsi | D10: JAWA TIMUR
A12: I | B12: DATA PEMILIH DAN PENGGUNAAN HAK PILIH | E12: JUMLAH AKHIR
A13: A | B13: DATA PEMILIH
B14: Jumlah Pemilih dalam Daftar Pemilih Tetap (DPT) | D14: LK | E14: =KALIPAIT!X14+KEDUNGASRI!AD14+KEDUNGGEBANG!AM14+KEDUNGWUNGU!AF14+KENDALREJO!V14+PURWOAGUNG!S14+PURWOASRI!S14+TEGALDLIMO!AF14+WRINGINPITU!AF14 -> 26681
D15: PR | E15: =KALIPAIT!X15+KEDUNGASRI!AD15+KEDUNGGEBANG!AM15+KEDUNGWUNGU!AF15+KENDALREJO!V15+PURWOAGUNG!S15+PURWOASRI!S15+TEGALDLIMO!AF15+WRINGINPITU!AF15 -> 26213
D16: JML | E16: =SUM(E14:E15) -> 52894
A18: B | B18: PENGGUNA HAK PILIH
B19: 1. | C19: Jumlah pengguna hak pilih dalam Daftar Pemilih Tetap (DPT) | D19: LK | E19: =KALIPAIT!X19+KEDUNGASRI!AD19+KEDUNGGEBANG!AM19+KEDUNGWUNGU!AF19+KENDALREJO!V19+PURWOAGUNG!S19+PURWOASRI!S19+TEGALDLIMO!AF19+WRINGINPITU!AF19 -> 20784
D20: PR | E20: =KALIPAIT!X20+KEDUNGASRI!AD20+KEDUNGGEBANG!AM20+KEDUNGWUNGU!AF20+KENDALREJO!V20+PURWOAGUNG!S20+PURWOASRI!S20+TEGALDLIMO!AF20+WRINGINPITU!AF20 -> 21177
D21: JML | E21: =SUM(E19:E20) -> 41961
B22: 2. | C22: Jumlah pengguna hak pilih dalam Daftar Pemilih Tambahan (DPTb) | D22: LK | E22: =KALIPAIT!X22+KEDUNGASRI!AD22+KEDUNGGEBANG!AM22+KEDUNGWUNGU!AF22+KENDALREJO!V22+PURWOAGUNG!S22+PURWOASRI!S22+TEGALDLIMO!AF22+WRINGINPITU!AF22 -> 30
D23: PR | E23: =KALIPAIT!X23+KEDUNGASRI!AD23+KEDUNGGEBANG!AM23+KEDUNGWUNGU!AF23+KENDALREJO!V23+PURWOAGUNG!S23+PURWOASRI!S23+TEGALDLIMO!AF23+WRINGINPITU!AF23 -> 28
D24: JML | E24: =SUM(E22:E23) -> 58
B25: 3. | C25: Jumlah pengguna hak pilih dalam Daftar Pemilih Khusus (DPK) | D25: LK | E25: =KALIPAIT!X25+KEDUNGASRI!AD25+KEDUNGGEBANG!AM25+KEDUNGWUNGU!AF25+KENDALREJO!V25+PURWOAGUNG!S25+PURWOASRI!S25+TEGALDLIMO!AF25+WRINGINPITU!AF25 -> 56
D26: PR | E26: =KALIPAIT!X26+KEDUNGASRI!AD26+KEDUNGGEBANG!AM26+KEDUNGWUNGU!AF26+KENDALREJO!V26+PURWOAGUNG!S26+PURWOASRI!S26+TEGALDLIMO!AF26+WRINGINPITU!AF26 -> 87
D27: JML | E27: =SUM(E25:E26) -> 143
B28: 4. | C28: Jumlah Pengguna Hak Pilih (B.1+B.2+B.3) | D28: LK | E28: =E19+E22+E25 -> 20870
D29: PR | E29: =E20+E23+E26 -> 21292
D30: JML | E30: =SUM(E28:E29) -> 42162
A32: II | B32: DATA PENGGUNAAN SURAT SUARA
A33: 1 | B33: Jumlah surat suara yang diterima, termasuk surat suara cadangan 2,5% dari DPT | E33: =KALIPAIT!X33+KEDUNGASRI!AD33+KEDUNGGEBANG!AM33+KEDUNGWUNGU!AF33+KENDALREJO!V33+PURWOAGUNG!S33+PURWOASRI!S33+TEGALDLIMO!AF33+WRINGINPITU!AF33 -> 54067
A34: 2 | B34: Jumlah surat suara yang digunakan | E34: =KALIPAIT!X34+KEDUNGASRI!AD34+KEDUNGGEBANG!AM34+KEDUNGWUNGU!AF34+KENDALREJO!V34+PURWOAGUNG!S34+PURWOASRI!S34+TEGALDLIMO!AF34+WRINGINPITU!AF34 -> 42162
A35: 3 | B35: Jumlah surat suara dikembalikan oleh pemilih (karena rusak atau keliru coblos) | E35: =KALIPAIT!X35+KEDUNGASRI!AD35+KEDUNGGEBANG!AM35+KEDUNGWUNGU!AF35+KENDALREJO!V35+PURWOAGUNG!S35+PURWOASRI!S35+TEGALDLIMO!AF35+WRINGINPITU!AF35 -> 63
A36: 4 | B36: Jumlah surat suara yang tidak digunakan/tidak terpakai, termasuk sisa surat suara cadangan | E36: =E33-(E34+E35) -> 11842
A38: III | B38: DATA PEMILIH DISABILITAS
B39: Jumlah seluruh Pemilih disabilitas yang menggunakan hak pilih | D39: LK | E39: =KALIPAIT!X39+KEDUNGASRI!AD39+KEDUNGGEBANG!AM39+KEDUNGWUNGU!AF39+KENDALREJO!V39+PURWOAGUNG!S39+PURWOASRI!S39+TEGALDLIMO!AF39+WRINGINPITU!AF39 -> 17
D40: PR | E40: =KALIPAIT!X40+KEDUNGASRI!AD40+KEDUNGGEBANG!AM40+KEDUNGWUNGU!AF40+KENDALREJO!V40+PURWOAGUNG!S40+PURWOASRI!S40+TEGALDLIMO!AF40+WRINGINPITU!AF40 -> 22
D41: JML | E41: =SUM(E39:E40) -> 39
A43: IV | B43: DATA RINCIAN PEROLEHAN SUARA PASANGAN CALON BUPATI DAN WAKIL BUPATI
A44: NOMOR DAN NAMA CALON
A45: A.1 | B45: 1. | C45: Partai Kebangkitan Bangsa | E45: =KALIPAIT!X45+KEDUNGASRI!AD45+KEDUNGGEBANG!AM45+KEDUNGWUNGU!AF45+KENDALREJO!V45+PURWOAGUNG!S45+PURWOASRI!S45+TEGALDLIMO!AF45+WRINGINPITU!AF45 -> 1149
A46: A.2 | B46: 1 | C46: 1. Dr. Hj. NIHAYATUL WAFIROH, M.A. | E46: =KALIPAIT!X46+KEDUNGASRI!AD46+KEDUNGGEBANG!AM46+KEDUNGWUNGU!AF46+KENDALREJO!V46+PURWOAGUNG!S46+PURWOASRI!S46+TEGALDLIMO!AF46+WRINGINPITU!AF46 -> 2817
B47: 2 | C47: 2. H. M. NASIM KHAN | E47: =KALIPAIT!X47+KEDUNGASRI!AD47+KEDUNGGEBANG!AM47+KEDUNGWUNGU!AF47+KENDALREJO!V47+PURWOAGUNG!S47+PURWOASRI!S47+TEGALDLIMO!AF47+WRINGINPITU!AF47 -> 425
B48: 3 | C48: 3. Dr. H. AKIK ZAMAN, M.Pd.I. | E48: =KALIPAIT!X48+KEDUNGASRI!AD48+KEDUNGGEBANG!AM48+KEDUNGWUNGU!AF48+KENDALREJO!V48+PURWOAGUNG!S48+PURWOASRI!S48+TEGALDLIMO!AF48+WRINGINPITU!AF48 -> 99
B49: 4 | C49: 4. AHMAD RIFA'I, S.H. | E49: =KALIPAIT!X49+KEDUNGASRI!AD49+KEDUNGGEBANG!AM49+KEDUNGWUNGU!AF49+KENDALREJO!V49+PURWOAGUNG!S49+PURWOASRI!S49+TEGALDLIMO!AF49+WRINGINPITU!AF49 -> 135
B50: 5 | C50: 5. Drs. H. MAHFUD M.N. | E50: =KALIPAIT!X50+KEDUNGASRI!AD50+KEDUNGGEBANG!AM50+KEDUNGWUNGU!AF50+KENDALREJO!V50+PURWOAGUNG!S50+PURWOASRI!S50+TEGALDLIMO!AF50+WRINGINPITU!AF50 -> 78
B51: 6 | C51: 6. NURHAYATI, S.Pd. | E51: =KALIPAIT!X51+KEDUNGASRI!AD51+KEDUNGGEBANG!AM51+KEDUNGWUNGU!AF51+KENDALREJO!V51+PURWOAGUNG!S51+PURWOASRI!S51+TEGALDLIMO!AF51+WRINGINPITU!AF51 -> 65
B52: 7 | C52: 7. MAFTUHA KISWAH | E52: =KALIPAIT!X52+KEDUNGASRI!AD52+KEDUNGGEBANG!AM52+KEDUNGWUNGU!AF52+KENDALREJO!V52+PURWOAGUNG!S52+PURWOASRI!S52+TEGALDLIMO!AF52+WRINGINPITU!AF52 -> 34
A53: B | B53: JUMLAH SUARA SAH PARTAI POLITIK DAN CALON (A1 + A2) | E53: =SUM(E45:E52) -> 4802
A55: A.1 | B55: 2. | C55: Partai Gerakan Indonesia Raya | E55: =KALIPAIT!X55+KEDUNGASRI!AD55+KEDUNGGEBANG!AM55+KEDUNGWUNGU!AF55+KENDALREJO!V55+PURWOAGUNG!S55+PURWOASRI!S55+TEGALDLIMO!AF55+WRINGINPITU!AF55 -> 1186
A56: A.2 | B56: 1 | C56: 1. SUMAIL ABDULLAH | E56: =KALIPAIT!X56+KEDUNGASRI!AD56+KEDUNGGEBANG!AM56+KEDUNGWUNGU!AF56+KENDALREJO!V56+PURWOAGUNG!S56+PURWOASRI!S56+TEGALDLIMO!AF56+WRINGINPITU!AF56 -> 1248
B57: 2 | C57: 2. MUHAMMAD ALI ADRIAN SALEH | E57: =KALIPAIT!X57+KEDUNGASRI!AD57+KEDUNGGEBANG!AM57+KEDUNGWUNGU!AF57+KENDALREJO!V57+PURWOAGUNG!S57+PURWOASRI!S57+TEGALDLIMO!AF57+WRINGINPITU!AF57 -> 757
B58: 3 | C58: 3. DURROTUN NAFISAH | E58: =KALIPAIT!X58+KEDUNGASRI!AD58+KEDUNGGEBANG!AM58+KEDUNGWUNGU!AF58+KENDALREJO!V58+PURWOAGUNG!S58+PURWOASRI!S58+TEGALDLIMO!AF58+WRINGINPITU!AF58 -> 211
B59: 4 | C59: 4. H. EKO SUSILO NURHIDAYAT | E59: =KALIPAIT!X59+KEDUNGASRI!AD59+KEDUNGGEBANG!AM59+KEDUNGWUNGU!AF59+KENDALREJO!V59+PURWOAGUNG!S59+PURWOASRI!S59+TEGALDLIMO!AF59+WRINGINPITU!AF59 -> 207
B60: 5 | C60: 5. KARNADI HARIJANTO, S.S. | E60: =KALIPAIT!X60+KEDUNGASRI!AD60+KEDUNGGEBANG!AM60+KEDUNGWUNGU!AF60+KENDALREJO!V60+PURWOAGUNG!S60+PURWOASRI!S60+TEGALDLIMO!AF60+WRINGINPITU!AF60 -> 56
B61: 6 | C61: 6. NURHAYATI | E61: =KALIPAIT!X61+KEDUNGASRI!AD61+KEDUNGGEBANG!AM61+KEDUNGWUNGU!AF61+KENDALREJO!V61+PURWOAGUNG!S61+PURWOASRI!S61+TEGALDLIMO!AF61+WRINGINPITU!AF61 -> 114
B62: 7 | C62: 7. MASHUDI | E62: =KALIPAIT!X62+KEDUNGASRI!AD62+KEDUNGGEBANG!AM62+KEDUNGWUNGU!AF62+KENDALREJO!V62+PURWOAGUNG!S62+PURWOASRI!S62+TEGALDLIMO!AF62+WRINGINPITU!AF62 -> 33
A63: B | B63: JUMLAH SUARA SAH PARTAI POLITIK DAN CALON (A1 + A2) | E63: =SUM(E55:E62) -> 3812
A65: A.1 | B65: 3. | C65: Partai Demokrasi Indonesia Perjuangan | E65: =KALIPAIT!X65+KEDUNGASRI!AD65+KEDUNGGEBANG!AM65+KEDUNGWUNGU!AF65+KENDALREJO!V65+PURWOAGUNG!S65+PURWOASRI!S65+TEGALDLIMO!AF65+WRINGINPITU!AF65 -> 1539
A66: A.2 | B66: 1 | C66: 1. SONNY TRI DANAPARAMITA, S.H., M.H. | E66: =KALIPAIT!X66+KEDUNGASRI!AD66+KEDUNGGEBANG!AM66+KEDUNGWUNGU!AF66+KENDALREJO!V66+PURWOAGUNG!S66+PURWOASRI!S66+TEGALDLIMO!AF66+WRINGINPITU!AF66 -> 1363
B67: 2 | C67: 2. H. MOHAMAD GUNTUR ROMLI | E67: =KALIPAIT!X67+KEDUNGASRI!AD67+KEDUNGGEBANG!AM67+KEDUNGWUNGU!AF67+KENDALREJO!V67+PURWOAGUNG!S67+PURWOASRI!S67+TEGALDLIMO!AF67+WRINGINPITU!AF67 -> 982
B68: 3 | C68: 3. INA AMMANIA | E68: =KALIPAIT!X68+KEDUNGASRI!AD68+KEDUNGGEBANG!AM68+KEDUNGWUNGU!AF68+KENDALREJO!V68+PURWOAGUNG!S68+PURWOASRI!S68+TEGALDLIMO!AF68+WRINGINPITU!AF68 -> 2467
B69: 4 | C69: 4. IRWAN BACHTIAR RACHMAT, M.Si. | E69: =KALIPAIT!X69+KEDUNGASRI!AD69+KEDUNGGEBANG!AM69+KEDUNGWUNGU!AF69+KENDALREJO!V69+PURWOAGUNG!S69+PURWOASRI!S69+TEGALDLIMO!AF69+WRINGINPITU!AF69 -> 444
B70: 5 | C70: 5. LUCKY PERDANA | E70: =KALIPAIT!X70+KEDUNGASRI!AD70+KEDUNGGEBANG!AM70+KEDUNGWUNGU!AF70+KENDALREJO!V70+PURWOAGUNG!S70+PURWOASRI!S70+TEGALDLIMO!AF70+WRINGINPITU!AF70 -> 403
B71: 6 | C71: 6. WIWIK PUJIYATI | E71: =KALIPAIT!X71+KEDUNGASRI!AD71+KEDUNGGEBANG!AM71+KEDUNGWUNGU!AF71+KENDALREJO!V71+PURWOAGUNG!S71+PURWOASRI!S71+TEGALDLIMO!AF71+WRINGINPITU!AF71 -> 230
B72: 7 | C72: 7. CHANDRA ASTAN, S.T. | E72: =KALIPAIT!X72+KEDUNGASRI!AD72+KEDUNGGEBANG!AM72+KEDUNGWUNGU!AF72+KENDALREJO!V72+PURWOAGUNG!S72+PURWOASRI!S72+TEGALDLIMO!AF72+WRINGINPITU!AF72 -> 940
A73: B | B73: JUMLAH SUARA SAH PARTAI POLITIK DAN CALON (A1 + A2) | E73: =SUM(E65:E72) -> 8368
A75: A.1 | B75: 4. | C75: Partai Golongan Karya | E75: =KALIPAIT!X75+KEDUNGASRI!AD75+KEDUNGGEBANG!AM75+KEDUNGWUNGU!AF75+KENDALREJO!V75+PURWOAGUNG!S75+PURWOASRI!S75+TEGALDLIMO!AF75+WRINGINPITU!AF75 -> 631
A76: A.2 | B76: 1 | C76: 1. ZULFIKAR ARSE SADIKIN, S.I.P., M.Si. | E76: =KALIPAIT!X76+KEDUNGASRI!AD76+KEDUNGGEBANG!AM76+KEDUNGWUNGU!AF76+KENDALREJO!V76+PURWOAGUNG!S76+PURWOASRI!S76+TEGALDLIMO!AF76+WRINGINPITU!AF76 -> 2581
B77: 2 | C77: 2. HANDOKO | E77: =KALIPAIT!X77+KEDUNGASRI!AD77+KEDUNGGEBANG!AM77+KEDUNGWUNGU!AF77+KENDALREJO!V77+PURWOAGUNG!S77+PURWOASRI!S77+TEGALDLIMO!AF77+WRINGINPITU!AF77 -> 1787
B78: 3 | C78: 3. Hj. OVI DEWI YANTI | E78: =KALIPAIT!X78+KEDUNGASRI!AD78+KEDUNGGEBANG!AM78+KEDUNGWUNGU!AF78+KENDALREJO!V78+PURWOAGUNG!S78+PURWOASRI!S78+TEGALDLIMO!AF78+WRINGINPITU!AF78 -> 63
B79: 4 | C79: 4. Ir. AZAM AZMAN NATAWIJANA | E79: =KALIPAIT!X79+KEDUNGASRI!AD79+KEDUNGGEBANG!AM79+KEDUNGWUNGU!AF79+KENDALREJO!V79+PURWOAGUNG!S79+PURWOASRI!S79+TEGALDLIMO!AF79+WRINGINPITU!AF79 -> 140
B80: 5 | C80: 5. UBAIDILLAH AMIN, S.Kom. | E80: =KALIPAIT!X80+KEDUNGASRI!AD80+KEDUNGGEBANG!AM80+KEDUNGWUNGU!AF80+KENDALREJO!V80+PURWOAGUNG!S80+PURWOASRI!S80+TEGALDLIMO!AF80+WRINGINPITU!AF80 -> 654
B81: 6 | C81: 6. DENNY YUNIANDARI, S.H., M.Kn. | E81: =KALIPAIT!X81+KEDUNGASRI!AD81+KEDUNGGEBANG!AM81+KEDUNGWUNGU!AF81+KENDALREJO!V81+PURWOAGUNG!S81+PURWOASRI!S81+TEGALDLIMO!AF81+WRINGINPITU!AF81 -> 25
B82: 7 | C82: 7. ERNADI, S.H.I. | E82: =KALIPAIT!X82+KEDUNGASRI!AD82+KEDUNGGEBANG!AM82+KEDUNGWUNGU!AF82+KENDALREJO!V82+PURWOAGUNG!S82+PURWOASRI!S82+TEGALDLIMO!AF82+WRINGINPITU!AF82 -> 22
A83: B | B83: JUMLAH SUARA SAH PARTAI POLITIK DAN CALON (A1 + A2) | E83: =SUM(E75:E82) -> 5903
A85: A.1 | B85: 5. | C85: Partai NasDem | E85: =KALIPAIT!X85+KEDUNGASRI!AD85+KEDUNGGEBANG!AM85+KEDUNGWUNGU!AF85+KENDALREJO!V85+PURWOAGUNG!S85+PURWOASRI!S85+TEGALDLIMO!AF85+WRINGINPITU!AF85 -> 215
A86: A.2 | B86: 1 | C86: 1. ACH. FADIL MUZAKKI SYAH | E86: =KALIPAIT!X86+KEDUNGASRI!AD86+KEDUNGGEBANG!AM86+KEDUNGWUNGU!AF86+KENDALREJO!V86+PURWOAGUNG!S86+PURWOASRI!S86+TEGALDLIMO!AF86+WRINGINPITU!AF86 -> 240
B87: 2 | C87: 2. BENY | E87: =KALIPAIT!X87+KEDUNGASRI!AD87+KEDUNGGEBANG!AM87+KEDUNGWUNGU!AF87+KENDALREJO!V87+PURWOAGUNG!S87+PURWOASRI!S87+TEGALDLIMO!AF87+WRINGINPITU!AF87 -> 151
B88: 3 | C88: 3. VINA VERONIKA | E88: =KALIPAIT!X88+KEDUNGASRI!AD88+KEDUNGGEBANG!AM88+KEDUNGWUNGU!AF88+KENDALREJO!V88+PURWOAGUNG!S88+PURWOASRI!S88+TEGALDLIMO!AF88+WRINGINPITU!AF88 -> 53
B89: 4 | C89: 4. TEDDY ANUGRIANTO | E89: =KALIPAIT!X89+KEDUNGASRI!AD89+KEDUNGGEBANG!AM89+KEDUNGWUNGU!AF89+KENDALREJO!V89+PURWOAGUNG!S89+PURWOASRI!S89+TEGALDLIMO!AF89+WRINGINPITU!AF89 -> 106
B90: 5 | C90: 5. INSAN KAMIL | E90: =KALIPAIT!X90+KEDUNGASRI!AD90+KEDUNGGEBANG!AM90+KEDUNGWUNGU!AF90+KENDALREJO!V90+PURWOAGUNG!S90+PURWOASRI!S90+TEGALDLIMO!AF90+WRINGINPITU!AF90 -> 48
B91: 6 | C91: 6. LILIK LINDARWATI | E91: =KALIPAIT!X91+KEDUNGASRI!AD91+KEDUNGGEBANG!AM91+KEDUNGWUNGU!AF91+KENDALREJO!V91+PURWOAGUNG!S91+PURWOASRI!S91+TEGALDLIMO!AF91+WRINGINPITU!AF91 -> 18
B92: 7 | C92: 7. YULI ANITA | E92: =KALIPAIT!X92+KEDUNGASRI!AD92+KEDUNGGEBANG!AM92+KEDUNGWUNGU!AF92+KENDALREJO!V92+PURWOAGUNG!S92+PURWOASRI!S92+TEGALDLIMO!AF92+WRINGINPITU!AF92 -> 20
A93: B | B93: JUMLAH SUARA SAH PARTAI POLITIK DAN CALON (A1 + A2) | E93: =SUM(E85:E92) -> 851
A95: A.1 | B95: 6. | C95: Partai Buruh | E95: =KALIPAIT!X95+KEDUNGASRI!AD95+KEDUNGGEBANG!AM95+KEDUNGWUNGU!AF95+KENDALREJO!V95+PURWOAGUNG!S95+PURWOASRI!S95+TEGALDLIMO!AF95+WRINGINPITU!AF95 -> 96
A96: A.2 | B96: 1 | C96: 1. KHOIRUL ANAM | E96: =KALIPAIT!X96+KEDUNGASRI!AD96+KEDUNGGEBANG!AM96+KEDUNGWUNGU!AF96+KENDALREJO!V96+PURWOAGUNG!S96+PURWOASRI!S96+TEGALDLIMO!AF96+WRINGINPITU!AF96 -> 79
B97: 2 | C97: 2. INA KURNIA | E97: =KALIPAIT!X97+KEDUNGASRI!AD97+KEDUNGGEBANG!AM97+KEDUNGWUNGU!AF97+KENDALREJO!V97+PURWOAGUNG!S97+PURWOASRI!S97+TEGALDLIMO!AF97+WRINGINPITU!AF97 -> 45
B98: 3 | C98: 3. JIBRAL TAROUK | E98: =KALIPAIT!X98+KEDUNGASRI!AD98+KEDUNGGEBANG!AM98+KEDUNGWUNGU!AF98+KENDALREJO!V98+PURWOAGUNG!S98+PURWOASRI!S98+TEGALDLIMO!AF98+WRINGINPITU!AF98 -> 15
B99: 4 | C99: 4. ASTUTI DAENG PUJI | E99: =KALIPAIT!X99+KEDUNGASRI!AD99+KEDUNGGEBANG!AM99+KEDUNGWUNGU!AF99+KENDALREJO!V99+PURWOAGUNG!S99+PURWOASRI!S99+TEGALDLIMO!AF99+WRINGINPITU!AF99 -> 13
B100: 5 | C100: 5. ASDARMAWAN | E100: =KALIPAIT!X100+KEDUNGASRI!AD100+KEDUNGGEBANG!AM100+KEDUNGWUNGU!AF100+KENDALREJO!V100+PURWOAGUNG!S100+PURWOASRI!S100+TEGALDLIMO!AF100+WRINGINPITU!AF100 -> 2
B101: 6 | C101: 6. RIFQI MUBAROK | E101: =KALIPAIT!X101+KEDUNGASRI!AD101+KEDUNGGEBANG!AM101+KEDUNGWUNGU!AF101+KENDALREJO!V101+PURWOAGUNG!S101+PURWOASRI!S101+TEGALDLIMO!AF101+WRINGINPITU!AF101 -> 5
B102: 7 | C102: 7. FIRNANDA ALTA MEGA | E102: =KALIPAIT!X102+KEDUNGASRI!AD102+KEDUNGGEBANG!AM102+KEDUNGWUNGU!AF102+KENDALREJO!V102+PURWOAGUNG!S102+PURWOASRI!S102+TEGALDLIMO!AF102+WRINGINPITU!AF102 -> 3
A103: B | B103: JUMLAH SUARA SAH PARTAI POLITIK DAN CALON (A1 + A2) | E103: =SUM(E95:E102) -> 258
A105: A.1 | B105: 7. | C105: Partai Gelombang Rakyat Indonesia | E105: =KALIPAIT!X105+KEDUNGASRI!AD105+KEDUNGGEBANG!AM105+KEDUNGWUNGU!AF105+KENDALREJO!V105+PURWOAGUNG!S105+PURWOASRI!S105+TEGALDLIMO!AF105+WRINGINPITU!AF105 -> 138
A106: A.2 | B106: 1 | C106: 1. TITI WIDORETNO WARISMAN | E106: =KALIPAIT!X106+KEDUNGASRI!AD106+KEDUNGGEBANG!AM106+KEDUNGWUNGU!AF106+KENDALREJO!V106+PURWOAGUNG!S106+PURWOASRI!S106+TEGALDLIMO!AF106+WRINGINPITU!AF106 -> 43
B107: 2 | C107: 2. MAMIEK SETYANINGSIH | E107: =KALIPAIT!X107+KEDUNGASRI!AD107+KEDUNGGEBANG!AM107+KEDUNGWUNGU!AF107+KENDALREJO!V107+PURWOAGUNG!S107+PURWOASRI!S107+TEGALDLIMO!AF107+WRINGINPITU!AF107 -> 28
B108: 3 | C108: 3. ROMIL AZIZEN | E108: =KALIPAIT!X108+KEDUNGASRI!AD108+KEDUNGGEBANG!AM108+KEDUNGWUNGU!AF108+KENDALREJO!V108+PURWOAGUNG!S108+PURWOASRI!S108+TEGALDLIMO!AF108+WRINGINPITU!AF108 -> 11
A109: B | B109: JUMLAH SUARA SAH PARTAI POLITIK DAN CALON (A1 + A2) | E109: =SUM(E105:E108) -> 220
A111: A.1 | B111: 8. | C111: Partai Keadilan Sejahtera | E111: =KALIPAIT!X111+KEDUNGASRI!AD111+KEDUNGGEBANG!AM111+KEDUNGWUNGU!AF111+KENDALREJO!V111+PURWOAGUNG!S111+PURWOASRI!S111+TEGALDLIMO!AF111+WRINGINPITU!AF111 -> 79
A112: A.2 | B112: 1 | C112: 1. H. SAIMI SALEH, S.E., M.M. | E112: =KALIPAIT!X112+KEDUNGASRI!AD112+KEDUNGGEBANG!AM112+KEDUNGWUNGU!AF112+KENDALREJO!V112+PURWOAGUNG!S112+PURWOASRI!S112+TEGALDLIMO!AF112+WRINGINPITU!AF112 -> 197
B113: 2 | C113: 2. Prof. Dr. H. EGGI SUDJANA, S.H., M.Si. | E113: =KALIPAIT!X113+KEDUNGASRI!AD113+KEDUNGGEBANG!AM113+KEDUNGWUNGU!AF113+KENDALREJO!V113+PURWOAGUNG!S113+PURWOASRI!S113+TEGALDLIMO!AF113+WRINGINPITU!AF113 -> 56
B114: 3 | C114: 3. NURUL KHOTIMAH | E114: =KALIPAIT!X114+KEDUNGASRI!AD114+KEDUNGGEBANG!AM114+KEDUNGWUNGU!AF114+KENDALREJO!V114+PURWOAGUNG!S114+PURWOASRI!S114+TEGALDLIMO!AF114+WRINGINPITU!AF114 -> 8
B115: 4 | C115: 4. AKHMAD SUYANTO, S.T., M.T. | E115: =KALIPAIT!X115+KEDUNGASRI!AD115+KEDUNGGEBANG!AM115+KEDUNGWUNGU!AF115+KENDALREJO!V115+PURWOAGUNG!S115+PURWOASRI!S115+TEGALDLIMO!AF115+WRINGINPITU!AF115 -> 4
B116: 5 | C116: 5. PUJIYATNI | E116: =KALIPAIT!X116+KEDUNGASRI!AD116+KEDUNGGEBANG!AM116+KEDUNGWUNGU!AF116+KENDALREJO!V116+PURWOAGUNG!S116+PURWOASRI!S116+TEGALDLIMO!AF116+WRINGINPITU!AF116 -> 12
B117: 6 | C117: 6. HENI PURWATININGSIH | E117: =KALIPAIT!X117+KEDUNGASRI!AD117+KEDUNGGEBANG!AM117+KEDUNGWUNGU!AF117+KENDALREJO!V117+PURWOAGUNG!S117+PURWOASRI!S117+TEGALDLIMO!AF117+WRINGINPITU!AF117 -> 1
B118: 7 | C118: 7. MUHADI | E118: =KALIPAIT!X118+KEDUNGASRI!AD118+KEDUNGGEBANG!AM118+KEDUNGWUNGU!AF118+KENDALREJO!V118+PURWOAGUNG!S118+PURWOASRI!S118+TEGALDLIMO!AF118+WRINGINPITU!AF118 -> 4
A119: B | B119: JUMLAH SUARA SAH PARTAI POLITIK DAN CALON (A1 + A2) | E119: =SUM(E111:E118) -> 361
...

Sheet KALIPAIT
C2: Kecamatan | D2: TEGALDLIMO
C3: Kabupaten | D3: BANYUWANGI
C4: Provinsi | D4: JAWA TIMUR
C9: Kelurahan | D9: KALIPAIT
A12: I | B12: DATA PEMILIH DAN PENGGUNAAN HAK PILIH | X12: JUMLAH AKHIR
A13: A | B13: DATA PEMILIH | E13: TPS 001 | F13: TPS 002 | G13: TPS 003 | H13: TPS 004 | I13: TPS 005 | J13: TPS 006 | K13: TPS 007 | L13: TPS 008 | M13: TPS 009 | N13: TPS 010 | O13: TPS 011 | P13: TPS 012 | Q13: TPS 013 | R13: TPS 014 | S13: TPS 015 | T13: TPS 016 | U13: TPS 017 | V13: TPS 018 | W13: TPS 019
B14: Jumlah Pemilih dalam Daftar Pemilih Tetap (DPT) | D14: LK | E14: 120 | F14: 126 | G14: 116 | H14: 132 | I14: 127 | J14: 120 | K14: 130 | L14: 135 | M14: 143 | N14: 139 | O14: 138 | P14: 127 | Q14: 144 | R14: 134 | S14: 128 | T14: 125 | U14: 107 | V14: 136 | W14: 128 | X14: =SUM(E14:W14) -> 2455
D15: PR | E15: 130 | F15: 121 | G15: 128 | H15: 134 | I15: 133 | J15: 126 | K15: 121 | L15: 127 | M15: 116 | N15: 126 | O15: 135 | P15: 141 | Q15: 130 | R15: 117 | S15: 123 | T15: 119 | U15: 132 | V15: 130 | W15: 123 | X15: =SUM(E15:W15) -> 2412
D16: JML | E16: =SUM(E14:E15) -> 250 | F16: =SUM(F14:F15) -> 247 | G16: =SUM(G14:G15) -> 244 | H16: =SUM(H14:H15) -> 266 | I16: =SUM(I14:I15) -> 260 | J16: =SUM(J14:J15) -> 246 | K16: =SUM(K14:K15) -> 251 | L16: =SUM(L14:L15) -> 262 | ... W16: =SUM(W14:W15) -> 251 | X16: =SUM(E16:W16) -> 4867
A18: B | B18: PENGGUNA HAK PILIH
B19: 1. | C19: Jumlah pengguna hak pilih dalam Daftar Pemilih Tetap (DPT) | D19: LK | E19: 94 | F19: 93 | G19: 93 | H19: 104 | I19: 101 | J19: 103 | K19: 109 | L19: 112 | M19: 107 | N19: 119 | O19: 123 | P19: 105 | Q19: 129 | R19: 109 | S19: 98 | T19: 103 | U19: 87 | V19: 113 | W19: 107 | X19: =SUM(E19:W19) -> 2009
D20: PR | E20: 117 | F20: 100 | G20: 104 | H20: 116 | I20: 118 | J20: 109 | K20: 106 | L20: 110 | M20: 93 | N20: 114 | O20: 110 | P20: 112 | Q20: 113 | R20: 95 | S20: 92 | T20: 100 | U20: 107 | V20: 107 | W20: 103 | X20: =SUM(E20:W20) -> 2026
D21: JML | E21: =SUM(E19:E20) -> 211 | F21: =SUM(F19:F20) -> 193 | G21: =SUM(G19:G20) -> 197 | H21: =SUM(H19:H20) -> 220 | I21: =SUM(I19:I20) -> 219 | J21: =SUM(J19:J20) -> 212 | K21: =SUM(K19:K20) -> 215 | L21: =SUM(L19:L20) -> 222 | ... W21: =SUM(W19:W20) -> 210 | X21: =SUM(E21:W21) -> 4035
B22: 2. | C22: Jumlah pengguna hak pilih dalam Daftar Pemilih Tambahan (DPTb) | D22: LK | E22: 0 | F22: 0 | G22: 0 | H22: 0 | I22: 0 | J22: 0 | K22: 0 | L22: 1 | M22: 0 | N22: 0 | O22: 0 | P22: 0 | Q22: 1 | R22: 0 | S22: 0 | X22: =SUM(E22:W22) -> 2
D23: PR | E23: 0 | F23: 0 | G23: 0 | H23: 0 | I23: 0 | J23: 0 | K23: 0 | L23: 0 | M23: 1 | N23: 0 | O23: 0 | P23: 0 | Q23: 0 | R23: 0 | S23: 0 | X23: =SUM(E23:W23) -> 1
D24: JML | E24: =SUM(E22:E23) -> 0 | F24: =SUM(F22:F23) -> 0 | G24: =SUM(G22:G23) -> 0 | H24: =SUM(H22:H23) -> 0 | I24: =SUM(I22:I23) -> 0 | J24: =SUM(J22:J23) -> 0 | K24: =SUM(K22:K23) -> 0 | L24: =SUM(L22:L23) -> 1 | ... W24: =SUM(W22:W23) -> 0 | X24: =SUM(E24:W24) -> 3
B25: 3. | C25: Jumlah pengguna hak pilih dalam Daftar Pemilih Khusus (DPK) | D25: LK | E25: 0 | F25: 1 | G25: 2 | H25: 1 | I25: 2 | J25: 0 | K25: 0 | L25: 0 | M25: 0 | N25: 0 | O25: 0 | P25: 0 | Q25: 0 | R25: 0 | S25: 0 | T25: 0 | U25: 0 | V25: 2 | W25: 0 | X25: =SUM(E25:W25) -> 8
D26: PR | E26: 0 | F26: 0 | G26: 2 | H26: 1 | I26: 0 | J26: 0 | K26: 0 | L26: 1 | M26: 0 | N26: 2 | O26: 0 | P26: 0 | Q26: 0 | R26: 0 | S26: 0 | T26: 1 | U26: 0 | V26: 1 | W26: 0 | X26: =SUM(E26:W26) -> 8
D27: JML | E27: =SUM(E25:E26) -> 0 | F27: =SUM(F25:F26) -> 1 | G27: =SUM(G25:G26) -> 4 | H27: =SUM(H25:H26) -> 2 | I27: =SUM(I25:I26) -> 2 | J27: =SUM(J25:J26) -> 0 | K27: =SUM(K25:K26) -> 0 | L27: =SUM(L25:L26) -> 1 | ... W27: =SUM(W25:W26) -> 0 | X27: =SUM(E27:W27) -> 16
B28: 4. | C28: Jumlah Pengguna Hak Pilih (B.1+B.2+B.3) | D28: LK | E28: =SUM(E19,E22,E25) -> 94 | F28: =SUM(F19,F22,F25) -> 94 | G28: =SUM(G19,G22,G25) -> 95 | H28: =SUM(H19,H22,H25) -> 105 | I28: =SUM(I19,I22,I25) -> 103 | J28: =SUM(J19,J22,J25) -> 103 | K28: =SUM(K19,K22,K25) -> 109 | L28: =SUM(L19,L22,L25) -> 113 | ... W28: =SUM(W19,W22,W25) -> 107 | X28: =SUM(E28:W28) -> 2019
D29: PR | E29: =SUM(E20,E23,E26) -> 117 | F29: =SUM(F20,F23,F26) -> 100 | G29: =SUM(G20,G23,G26) -> 106 | H29: =SUM(H20,H23,H26) -> 117 | I29: =SUM(I20,I23,I26) -> 118 | J29: =SUM(J20,J23,J26) -> 109 | K29: =SUM(K20,K23,K26) -> 106 | L29: =SUM(L20,L23,L26) -> 111 | ... W29: =SUM(W20,W23,W26) -> 103 | X29: =SUM(E29:W29) -> 2035
D30: JML | E30: =SUM(E28:E29) -> 211 | F30: =SUM(F28:F29) -> 194 | G30: =SUM(G28:G29) -> 201 | H30: =SUM(H28:H29) -> 222 | I30: =SUM(I28:I29) -> 221 | J30: =SUM(J28:J29) -> 212 | K30: =SUM(K28:K29) -> 215 | L30: =SUM(L28:L29) -> 224 | ... W30: =SUM(W28:W29) -> 210 | X30: =SUM(E30:W30) -> 4054
A32: II | B32: DATA PENGGUNAAN SURAT SUARA
A33: 1 | B33: Jumlah surat suara yang diterima, termasuk surat suara cadangan 2,5% dari DPT | E33: 255 | F33: 253 | G33: 250 | H33: 272 | I33: 266 | J33: 251 | K33: 256 | L33: 267 | M33: 265 | N33: 271 | O33: 279 | P33: 275 | Q33: 280 | R33: 260 | S33: 258 | T33: 250 | U33: 244 | V33: 273 | W33: 255 | X33: =SUM(E33:W33) -> 4980
A34: 2 | B34: Jumlah surat suara yang digunakan | E34: 211 | F34: 194 | G34: 201 | H34: 222 | I34: 221 | J34: 212 | K34: 215 | L34: 224 | M34: 201 | N34: 235 | O34: 233 | P34: 217 | Q34: 243 | R34: 204 | S34: 190 | T34: 204 | U34: 194 | V34: 223 | W34: 210 | X34: =SUM(E34:W34) -> 4054
A35: 3 | B35: Jumlah surat suara dikembalikan oleh pemilih (karena rusak atau keliru coblos) | E35: 1 | F35: 0 | G35: 0 | H35: 0 | I35: 0 | J35: 0 | K35: 0 | L35: 0 | M35: 0 | N35: 0 | O35: 0 | P35: 0 | Q35: 0 | R35: 0 | S35: 0 | T35: 0 | U35: 0 | V35: 0 | W35: 0 | X35: =SUM(E35:W35) -> 1
A36: 4 | B36: Jumlah surat suara yang tidak digunakan/tidak terpakai, termasuk sisa surat suara cadangan | E36: =E33-(E34+E35) -> 43 | F36: =F33-(F34+F35) -> 59 | G36: =G33-(G34+G35) -> 49 | H36: =H33-(H34+H35) -> 50 | I36: =I33-(I34+I35) -> 45 | J36: =J33-(J34+J35) -> 39 | K36: =K33-(K34+K35) -> 41 | L36: =L33-(L34+L35) -> 43 | ... W36: =W33-(W34+W35) -> 45 | X36: =SUM(E36:W36) -> 925
A38: III | B38: DATA PEMILIH DISABILITAS
B39: Jumlah seluruh Pemilih disabilitas yang menggunakan hak pilih | D39: LK | E39: 0 | F39: 0 | G39: 0 | H39: 0 | I39: 0 | J39: 0 | K39: 0 | L39: 0 | M39: 0 | N39: 0 | O39: 0 | P39: 0 | Q39: 0 | R39: 0 | S39: 0 | T39: 1 | U39: 0 | V39: 0 | W39: 0 | X39: =SUM(E39:W39) -> 1
D40: PR | E40: 0 | F40: 0 | G40: 0 | H40: 0 | I40: 0 | J40: 0 | K40: 0 | L40: 0 | M40: 0 | N40: 0 | O40: 0 | P40: 0 | Q40: 0 | R40: 0 | S40: 0 | T40: 0 | U40: 0 | V40: 0 | W40: 0 | X40: =SUM(E40:W40) -> 0
D41: JML | E41: =SUM(E39:E40) -> 0 | F41: =SUM(F39:F40) -> 0 | G41: =SUM(G39:G40) -> 0 | H41: =SUM(H39:H40) -> 0 | I41: =SUM(I39:I40) -> 0 | J41: =SUM(J39:J40) -> 0 | K41: =SUM(K39:K40) -> 0 | L41: =SUM(L39:L40) -> 0 | ... W41: =SUM(W39:W40) -> 0 | X41: =SUM(E41:W41) -> 1
A43: IV | B43: DATA RINCIAN PEROLEHAN SUARA PASANGAN CALON BUPATI DAN WAKIL BUPATI
A44: NOMOR DAN NAMA CALON
A45: A.1 | B45: 1. | C45: Partai Kebangkitan Bangsa | E45: 8 | F45: 4 | G45: 7 | H45: 5 | I45: 4 | J45: 0 | K45: 1 | L45: 11 | M45: 2 | N45: 0 | O45: 4 | P45: 11 | Q45: 4 | R45: 2 | S45: 4 | T45: 0 | U45: 5 | V45: 4 | W45: 8 | X45: =SUM(E45:W45) -> 84
A46: A.2 | B46: 1 | C46: 1. Dr. Hj. NIHAYATUL WAFIROH, M.A. | E46: 20 | F46: 14 | G46: 21 | H46: 7 | I46: 10 | J46: 9 | K46: 2 | L46: 18 | M46: 9 | N46: 4 | O46: 14 | P46: 11 | Q46: 3 | R46: 1 | S46: 5 | T46: 8 | U46: 6 | V46: 0 | W46: 6 | X46: =SUM(E46:W46) -> 168
B47: 2 | C47: 2. H. M. NASIM KHAN | E47: 1 | F47: 1 | G47: 3 | H47: 2 | I47: 0 | J47: 0 | K47: 1 | L47: 1 | M47: 2 | N47: 2 | O47: 1 | P47: 0 | Q47: 0 | R47: 0 | S47: 0 | T47: 1 | U47: 2 | V47: 2 | W47: 1 | X47: =SUM(E47:W47) -> 20
B48: 3 | C48: 3. Dr. H. AKIK ZAMAN, M.Pd.I. | E48: 0 | F48: 1 | G48: 0 | H48: 0 | I48: 0 | J48: 1 | K48: 0 | L48: 0 | M48: 1 | N48: 1 | O48: 1 | P48: 0 | Q48: 1 | R48: 0 | S48: 0 | T48: 0 | U48: 0 | V48: 0 | W48: 0 | X48: =SUM(E48:W48) -> 6
B49: 4 | C49: 4. AHMAD RIFA'I, S.H. | E49: 1 | F49: 0 | G49: 1 | H49: 0 | I49: 3 | J49: 4 | K49: 1 | L49: 0 | M49: 1 | N49: 1 | O49: 0 | P49: 0 | Q49: 0 | R49: 0 | S49: 1 | T49: 1 | U49: 1 | V49: 0 | W49: 2 | X49: =SUM(E49:W49) -> 17
B50: 5 | C50: 5. Drs. H. MAHFUD M.N. | E50: 1 | F50: 1 | G50: 1 | H50: 0 | I50: 0 | J50: 0 | K50: 0 | L50: 0 | M50: 0 | N50: 0 | O50: 0 | P50: 0 | Q50: 0 | R50: 0 | S50: 0 | T50: 0 | U50: 1 | V50: 0 | W50: 0 | X50: =SUM(E50:W50) -> 4
B51: 6 | C51: 6. NURHAYATI, S.Pd. | E51: 1 | F51: 0 | G51: 0 | H51: 0 | I51: 0 | J51: 0 | K51: 0 | L51: 0 | M51: 0 | N51: 0 | O51: 0 | P51: 0 | Q51: 0 | R51: 0 | S51: 0 | T51: 0 | U51: 0 | V51: 1 | W51: 1 | X51: =SUM(E51:W51) -> 3
B52: 7 | C52: 7. MAFTUHA KISWAH | E52: 0 | F52: 0 | G52: 0 | H52: 1 | I52: 1 | J52: 1 | K52: 0 | L52: 0 | M52: 0 | N52: 0 | O52: 0 | P52: 0 | Q52: 0 | R52: 0 | S52: 0 | T52: 0 | U52: 0 | V52: 0 | W52: 0 | X52: =SUM(E52:W52) -> 3
A53: B | B53: JUMLAH SUARA SAH PARTAI POLITIK DAN CALON (A1 + A2) | E53: =SUM(E45:E52) -> 32 | F53: =SUM(F45:F52) -> 21 | G53: =SUM(G45:G52) -> 33 | H53: =SUM(H45:H52) -> 15 | I53: =SUM(I45:I52) -> 18 | J53: =SUM(J45:J52) -> 15 | K53: =SUM(K45:K52) -> 5 | L53: =SUM(L45:L52) -> 30 | ... X53: =SUM(X45:X52) -> 305
A55: A.1 | B55: 2. | C55: Partai Gerakan Indonesia Raya | E55: 3 | F55: 1 | G55: 6 | H55: 8 | I55: 2 | J55: 2 | K55: 1 | L55: 3 | M55: 0 | N55: 1 | O55: 5 | P55: 9 | Q55: 11 | R55: 5 | S55: 4 | T55: 4 | U55: 3 | V55: 1 | W55: 6 | X55: =SUM(E55:W55) -> 75
A56: A.2 | B56: 1 | C56: 1. SUMAIL ABDULLAH | E56: 9 | F56: 5 | G56: 4 | H56: 5 | I56: 6 | J56: 3 | K56: 3 | L56: 0 | M56: 4 | N56: 7 | O56: 2 | P56: 4 | Q56: 4 | R56: 2 | S56: 1 | T56: 1 | U56: 4 | V56: 2 | W56: 8 | X56: =SUM(E56:W56) -> 74
B57: 2 | C57: 2. MUHAMMAD ALI ADRIAN SALEH | E57: 4 | F57: 0 | G57: 0 | H57: 3 | I57: 0 | J57: 3 | K57: 1 | L57: 1 | M57: 3 | N57: 2 | O57: 3 | P57: 5 | Q57: 2 | R57: 3 | S57: 1 | T57: 1 | U57: 6 | V57: 0 | W57: 3 | X57: =SUM(E57:W57) -> 41
B58: 3 | C58: 3. DURROTUN NAFISAH | E58: 0 | F58: 0 | G58: 1 | H58: 0 | I58: 0 | J58: 4 | K58: 1 | L58: 0 | M58: 0 | N58: 1 | O58: 2 | P58: 0 | Q58: 1 | R58: 1 | S58: 1 | T58: 0 | U58: 1 | V58: 1 | W58: 0 | X58: =SUM(E58:W58) -> 14
B59: 4 | C59: 4. H. EKO SUSILO NURHIDAYAT | E59: 2 | F59: 0 | G59: 1 | H59: 0 | I59: 0 | J59: 0 | K59: 1 | L59: 0 | M59: 1 | N59: 2 | O59: 2 | P59: 0 | Q59: 0 | R59: 1 | S59: 3 | T59: 1 | U59: 0 | V59: 1 | W59: 3 | X59: =SUM(E59:W59) -> 18
B60: 5 | C60: 5. KARNADI HARIJANTO, S.S. | E60: 2 | F60: 0 | G60: 0 | H60: 0 | I60: 0 | J60: 0 | K60: 0 | L60: 1 | M60: 0 | N60: 0 | O60: 0 | P60: 0 | Q60: 0 | R60: 0 | S60: 0 | T60: 0 | U60: 0 | V60: 0 | W60: 1 | X60: =SUM(E60:W60) -> 4
B61: 6 | C61: 6. NURHAYATI | E61: 1 | F61: 0 | G61: 0 | H61: 0 | I61: 1 | J61: 1 | K61: 0 | L61: 0 | M61: 0 | N61: 0 | O61: 0 | P61: 0 | Q61: 1 | R61: 0 | S61: 1 | T61: 0 | U61: 0 | V61: 0 | W61: 0 | X61: =SUM(E61:W61) -> 5
B62: 7 | C62: 7. MASHUDI | E62: 0 | F62: 0 | G62: 0 | H62: 0 | I62: 0 | J62: 0 | K62: 0 | L62: 0 | M62: 0 | N62: 0 | O62: 0 | P62: 0 | Q62: 0 | R62: 0 | S62: 0 | T62: 1 | U62: 0 | V62: 0 | W62: 1 | X62: =SUM(E62:W62) -> 2
A63: B | B63: JUMLAH SUARA SAH PARTAI POLITIK DAN CALON (A1 + A2) | E63: =SUM(E55:E62) -> 21 | F63: =SUM(F55:F62) -> 6 | G63: =SUM(G55:G62) -> 12 | H63: =SUM(H55:H62) -> 16 | I63: =SUM(I55:I62) -> 9 | J63: =SUM(J55:J62) -> 13 | K63: =SUM(K55:K62) -> 7 | L63: =SUM(L55:L62) -> 5 | ... X63: =SUM(X55:X62) -> 233
A65: A.1 | B65: 3. | C65: Partai Demokrasi Indonesia Perjuangan | E65: 7 | F65: 5 | G65: 9 | H65: 8 | I65: 2 | J65: 1 | K65: 3 | L65: 1 | M65: 4 | N65: 2 | O65: 1 | P65: 1 | Q65: 3 | R65: 5 | S65: 8 | T65: 1 | U65: 1 | V65: 6 | W65: 6 | X65: =SUM(E65:W65) -> 74
A66: A.2 | B66: 1 | C66: 1. SONNY TRI DANAPARAMITA, S.H., M.H. | E66: 17 | F66: 23 | G66: 16 | H66: 18 | I66: 6 | J66: 15 | K66: 1 | L66: 4 | M66: 1 | N66: 2 | O66: 1 | P66: 1 | Q66: 3 | R66: 4 | S66: 8 | T66: 2 | U66: 4 | V66: 2 | W66: 2 | X66: =SUM(E66:W66) -> 130
B67: 2 | C67: 2. H. MOHAMAD GUNTUR ROMLI | E67: 0 | F67: 2 | G67: 2 | H67: 0 | I67: 0 | J67: 1 | K67: 30 | L67: 0 | M67: 2 | N67: 27 | O67: 1 | P67: 2 | Q67: 1 | R67: 1 | S67: 1 | T67: 1 | U67: 2 | V67: 1 | W67: 1 | X67: =SUM(E67:W67) -> 75
B68: 3 | C68: 3. INA AMMANIA | E68: 1 | F68: 3 | G68: 4 | H68: 2 | I68: 37 | J68: 27 | K68: 12 | L68: 5 | M68: 66 | N68: 3 | O68: 4 | P68: 1 | Q68: 0 | R68: 2 | S68: 1 | T68: 1 | U68: 0 | V68: 2 | W68: 2 | X68: =SUM(E68:W68) -> 173
B69: 4 | C69: 4. IRWAN BACHTIAR RACHMAT, M.Si. | E69: 1 | F69: 0 | G69: 2 | H69: 1 | I69: 2 | J69: 0 | K69: 1 | L69: 0 | M69: 0 | N69: 3 | O69: 1 | P69: 1 | Q69: 2 | R69: 2 | S69: 2 | T69: 1 | U69: 0 | V69: 1 | W69: 1 | X69: =SUM(E69:W69) -> 21
B70: 5 | C70: 5. LUCKY PERDANA | E70: 2 | F70: 0 | G70: 0 | H70: 2 | I70: 3 | J70: 1 | K70: 3 | L70: 2 | M70: 12 | N70: 7 | O70: 0 | P70: 1 | Q70: 1 | R70: 1 | S70: 3 | T70: 0 | U70: 0 | V70: 2 | W70: 1 | X70: =SUM(E70:W70) -> 41
B71: 6 | C71: 6. WIWIK PUJIYATI | E71: 0 | F71: 1 | G71: 0 | H71: 1 | I71: 2 | J71: 0 | K71: 0 | L71: 0 | M71: 1 | N71: 0 | O71: 0 | P71: 0 | Q71: 1 | R71: 0 | S71: 1 | T71: 0 | U71: 0 | V71: 0 | W71: 0 | X71: =SUM(E71:W71) -> 7
B72: 7 | C72: 7. CHANDRA ASTAN, S.T. | E72: 1 | F72: 2 | G72: 9 | H72: 12 | I72: 7 | J72: 0 | K72: 1 | L72: 0 | M72: 4 | N72: 0 | O72: 5 | P72: 2 | Q72: 4 | R72: 2 | S72: 1 | T72: 11 | U72: 13 | V72: 3 | W72: 0 | X72: =SUM(E72:W72) -> 77
A73: B | B73: JUMLAH SUARA SAH PARTAI POLITIK DAN CALON (A1 + A2) | E73: =SUM(E65:E72) -> 29 | F73: =SUM(F65:F72) -> 36 | G73: =SUM(G65:G72) -> 42 | H73: =SUM(H65:H72) -> 44 | I73: =SUM(I65:I72) -> 59 | J73: =SUM(J65:J72) -> 45 | K73: =SUM(K65:K72) -> 51 | L73: =SUM(L65:L72) -> 12 | ... X73: =SUM(X65:X72) -> 598
A75: A.1 | B75: 4. | C75: Partai Golongan Karya | E75: 1 | F75: 0 | G75: 2 | H75: 3 | I75: 3 | J75: 0 | K75: 0 | L75: 2 | M75: 1 | N75: 0 | O75: 4 | P75: 7 | Q75: 9 | R75: 9 | S75: 2 | T75: 2 | U75: 1 | V75: 7 | W75: 5 | X75: =SUM(E75:W75) -> 58
A76: A.2 | B76: 1 | C76: 1. ZULFIKAR ARSE SADIKIN, S.I.P., M.Si. | E76: 7 | F76: 4 | G76: 6 | H76: 29 | I76: 10 | J76: 4 | K76: 2 | L76: 1 | M76: 1 | N76: 1 | O76: 11 | P76: 14 | Q76: 57 | R76: 3 | S76: 2 | T76: 0 | U76: 2 | V76: 4 | W76: 1 | X76: =SUM(E76:W76) -> 159
B77: 2 | C77: 2. HANDOKO | E77: 16 | F77: 29 | G77: 11 | H77: 2 | I77: 19 | J77: 1 | K77: 3 | L77: 0 | M77: 5 | N77: 31 | O77: 66 | P77: 76 | Q77: 44 | R77: 89 | S77: 80 | T77: 73 | U77: 61 | V77: 115 | W77: 88 | X77: =SUM(E77:W77) -> 809
B78: 3 | C78: 3. Hj. OVI DEWI YANTI | E78: 1 | F78: 1 | G78: 0 | H78: 0 | I78: 0 | J78: 0 | K78: 0 | L78: 0 | M78: 0 | N78: 0 | O78: 0 | P78: 1 | Q78: 0 | R78: 0 | S78: 0 | T78: 1 | U78: 0 | V78: 0 | W78: 0 | X78: =SUM(E78:W78) -> 4
B79: 4 | C79: 4. Ir. AZAM AZMAN NATAWIJANA | E79: 0 | F79: 1 | G79: 3 | H79: 0 | I79: 1 | J79: 0 | K79: 0 | L79: 0 | M79: 0 | N79: 0 | O79: 0 | P79: 0 | Q79: 0 | R79: 1 | S79: 1 | T79: 1 | U79: 0 | V79: 0 | W79: 1 | X79: =SUM(E79:W79) -> 9
B80: 5 | C80: 5. UBAIDILLAH AMIN, S.Kom. | E80: 0 | F80: 0 | G80: 2 | H80: 0 | I80: 0 | J80: 0 | K80: 0 | L80: 0 | M80: 0 | N80: 0 | O80: 1 | P80: 0 | Q80: 0 | R80: 0 | S80: 0 | T80: 0 | U80: 0 | V80: 0 | W80: 0 | X80: =SUM(E80:W80) -> 3
B81: 6 | C81: 6. DENNY YUNIANDARI, S.H., M.Kn. | E81: 0 | F81: 0 | G81: 0 | H81: 0 | I81: 0 | J81: 0 | K81: 0 | L81: 0 | M81: 0 | N81: 0 | O81: 0 | P81: 0 | Q81: 0 | R81: 0 | S81: 0 | T81: 0 | U81: 0 | V81: 0 | W81: 0 | X81: =SUM(E81:W81) -> 0
B82: 7 | C82: 7. ERNADI, S.H.I. | E82: 0 | F82: 0 | G82: 0 | H82: 0 | I82: 0 | J82: 0 | K82: 0 | L82: 0 | M82: 0 | N82: 0 | O82: 0 | P82: 0 | Q82: 0 | R82: 0 | S82: 0 | T82: 0 | U82: 0 | V82: 0 | W82: 0 | X82: =SUM(E82:W82) -> 0
A83: B | B83: JUMLAH SUARA SAH PARTAI POLITIK DAN CALON (A1 + A2) | E83: =SUM(E75:E82) -> 25 | F83: =SUM(F75:F82) -> 35 | G83: =SUM(G75:G82) -> 24 | H83: =SUM(H75:H82) -> 34 | I83: =SUM(I75:I82) -> 33 | J83: =SUM(J75:J82) -> 5 | K83: =SUM(K75:K82) -> 5 | L83: =SUM(L75:L82) -> 3 | ... X83: =SUM(X75:X82) -> 1042
A85: A.1 | B85: 5. | C85: Partai NasDem | E85: 4 | F85: 2 | G85: 0 | H85: 1 | I85: 2 | J85: 0 | K85: 0 | L85: 0 | M85: 0 | N85: 0 | O85: 0 | P85: 0 | Q85: 0 | R85: 0 | S85: 0 | T85: 1 | U85: 0 | V85: 0 | W85: 0 | X85: =SUM(E85:W85) -> 10
A86: A.2 | B86: 1 | C86: 1. ACH. FADIL MUZAKKI SYAH | E86: 0 | F86: 2 | G86: 0 | H86: 0 | I86: 0 | J86: 0 | K86: 0 | L86: 0 | M86: 0 | N86: 1 | O86: 0 | P86: 1 | Q86: 0 | R86: 2 | S86: 0 | T86: 0 | U86: 0 | V86: 0 | W86: 0 | X86: =SUM(E86:W86) -> 6
B87: 2 | C87: 2. BENY | E87: 0 | F87: 1 | G87: 0 | H87: 0 | I87: 0 | J87: 0 | K87: 0 | L87: 0 | M87: 0 | N87: 0 | O87: 0 | P87: 0 | Q87: 0 | R87: 0 | S87: 0 | T87: 0 | U87: 0 | V87: 0 | W87: 0 | X87: =SUM(E87:W87) -> 1
B88: 3 | C88: 3. VINA VERONIKA | E88: 0 | F88: 0 | G88: 0 | H88: 0 | I88: 0 | J88: 0 | K88: 0 | L88: 0 | M88: 0 | N88: 0 | O88: 0 | P88: 0 | Q88: 0 | R88: 0 | S88: 0 | T88: 2 | U88: 0 | V88: 0 | W88: 0 | X88: =SUM(E88:W88) -> 2
B89: 4 | C89: 4. TEDDY ANUGRIANTO | E89: 0 | F89: 0 | G89: 0 | H89: 1 | I89: 0 | J89: 0 | K89: 1 | L89: 0 | M89: 0 | N89: 1 | O89: 0 | P89: 2 | Q89: 0 | R89: 0 | S89: 0 | T89: 0 | U89: 0 | V89: 0 | W89: 0 | X89: =SUM(E89:W89) -> 5
B90: 5 | C90: 5. INSAN KAMIL | E90: 0 | F90: 0 | G90: 0 | H90: 0 | I90: 0 | J90: 0 | K90: 2 | L90: 0 | M90: 0 | N90: 0 | O90: 0 | P90: 0 | Q90: 0 | R90: 0 | S90: 0 | T90: 0 | U90: 0 | V90: 0 | W90: 0 | X90: =SUM(E90:W90) -> 2
B91: 6 | C91: 6. LILIK LINDARWATI | E91: 0 | F91: 0 | G91: 0 | H91: 0 | I91: 1 | J91: 0 | K91: 0 | L91: 0 | M91: 0 | N91: 0 | O91: 0 | P91: 0 | Q91: 0 | R91: 0 | S91: 0 | T91: 0 | U91: 0 | V91: 0 | W91: 0 | X91: =SUM(E91:W91) -> 1
B92: 7 | C92: 7. YULI ANITA | E92: 0 | F92: 0 | G92: 0 | H92: 0 | I92: 0 | J92: 0 | K92: 0 | L92: 0 | M92: 0 | N92: 0 | O92: 0 | P92: 0 | Q92: 0 | R92: 0 | S92: 0 | T92: 0 | U92: 0 | V92: 0 | W92: 0 | X92: =SUM(E92:W92) -> 0
A93: B | B93: JUMLAH SUARA SAH PARTAI POLITIK DAN CALON (A1 + A2) | E93: =SUM(E85:E92) -> 4 | F93: =SUM(F85:F92) -> 5 | G93: =SUM(G85:G92) -> 0 | H93: =SUM(H85:H92) -> 2 | I93: =SUM(I85:I92) -> 3 | J93: =SUM(J85:J92) -> 0 | K93: =SUM(K85:K92) -> 3 | L93: =SUM(L85:L92) -> 0 | ... X93: =SUM(X85:X92) -> 27
A95: A.1 | B95: 6. | C95: Partai Buruh | E95: 0 | F95: 1 | G95: 2 | H95: 1 | I95: 0 | J95: 0 | K95: 0 | L95: 0 | M95: 0 | N95: 0 | O95: 1 | P95: 0 | Q95: 0 | R95: 0 | S95: 0 | T95: 0 | U95: 2 | V95: 0 | W95: 0 | X95: =SUM(E95:W95) -> 7
A96: A.2 | B96: 1 | C96: 1. KHOIRUL ANAM | E96: 0 | F96: 0 | G96: 0 | H96: 0 | I96: 0 | J96: 0 | K96: 0 | L96: 0 | M96: 1 | N96: 0 | O96: 1 | P96: 0 | Q96: 0 | R96: 0 | S96: 0 | T96: 0 | U96: 0 | V96: 0 | W96: 0 | X96: =SUM(E96:W96) -> 2
B97: 2 | C97: 2. INA KURNIA | E97: 0 | F97: 0 | G97: 0 | H97: 0 | I97: 0 | J97: 0 | K97: 0 | L97: 0 | M97: 0 | N97: 0 | O97: 1 | P97: 0 | Q97: 0 | R97: 0 | S97: 1 | T97: 0 | U97: 0 | V97: 0 | W97: 0 | X97: =SUM(E97:W97) -> 2
B98: 3 | C98: 3. JIBRAL TAROUK | E98: 0 | F98: 0 | G98: 0 | H98: 0 | I98: 1 | J98: 0 | K98: 0 | L98: 0 | M98: 0 | N98: 0 | O98: 0 | P98: 0 | Q98: 0 | R98: 0 | S98: 0 | T98: 0 | U98: 0 | V98: 0 | W98: 0 | X98: =SUM(E98:W98) -> 1
B99: 4 | C99: 4. ASTUTI DAENG PUJI | E99: 0 | F99: 0 | G99: 0 | H99: 0 | I99: 0 | J99: 0 | K99: 0 | L99: 0 | M99: 0 | N99: 0 | O99: 0 | P99: 0 | Q99: 0 | R99: 0 | S99: 0 | T99: 0 | U99: 0 | V99: 0 | W99: 0 | X99: =SUM(E99:W99) -> 0
B100: 5 | C100: 5. ASDARMAWAN | E100: 0 | F100: 0 | G100: 0 | H100: 0 | I100: 0 | J100: 0 | K100: 0 | L100: 0 | M100: 0 | N100: 0 | O100: 0 | P100: 0 | Q100: 0 | R100: 0 | S100: 1 | T100: 0 | U100: 0 | V100: 0 | W100: 0 | X100: =SUM(E100:W100) -> 1
B101: 6 | C101: 6. RIFQI MUBAROK | E101: 0 | F101: 0 | G101: 0 | H101: 0 | I101: 0 | J101: 0 | K101: 0 | L101: 0 | M101: 0 | N101: 0 | O101: 0 | P101: 0 | Q101: 0 | R101: 0 | S101: 0 | T101: 0 | U101: 0 | V101: 0 | W101: 0 | X101: =SUM(E101:W101) -> 0
B102: 7 | C102: 7. FIRNANDA ALTA MEGA | E102: 0 | F102: 0 | G102: 0 | H102: 0 | I102: 0 | J102: 0 | K102: 0 | L102: 0 | M102: 0 | N102: 0 | O102: 0 | P102: 0 | Q102: 0 | R102: 0 | S102: 0 | T102: 0 | U102: 0 | V102: 0 | W102: 0 | X102: =SUM(E102:W102) -> 0
A103: B | B103: JUMLAH SUARA SAH PARTAI POLITIK DAN CALON (A1 + A2) | E103: =SUM(E95:E102) -> 0 | F103: =SUM(F95:F102) -> 1 | G103: =SUM(G95:G102) -> 2 | H103: =SUM(H95:H102) -> 1 | I103: =SUM(I95:I102) -> 1 | J103: =SUM(J95:J102) -> 0 | K103: =SUM(K95:K102) -> 0 | L103: =SUM(L95:L102) -> 0 | ... X103: =SUM(X95:X102) -> 13
A105: A.1 | B105: 7. | C105: Partai Gelombang Rakyat Indonesia | E105: 1 | F105: 0 | G105: 1 | H105: 2 | I105: 0 | J105: 1 | K105: 0 | L105: 0 | M105: 0 | N105: 4 | O105: 3 | P105: 0 | Q105: 2 | R105: 1 | S105: 0 | T105: 0 | U105: 4 | V105: 0 | W105: 0 | X105: =SUM(E105:W105) -> 19
A106: A.2 | B106: 1 | C106: 1. TITI WIDORETNO WARISMAN | E106: 0 | F106: 0 | G106: 1 | H106: 1 | I106: 0 | J106: 0 | K106: 0 | L106: 0 | M106: 0 | N106: 1 | O106: 0 | P106: 0 | Q106: 0 | R106: 0 | S106: 0 | T106: 0 | U106: 0 | V106: 0 | W106: 0 | X106: =SUM(E106:W106) -> 3
B107: 2 | C107: 2. MAMIEK SETYANINGSIH | E107: 0 | F107: 0 | G107: 0 | H107: 0 | I107: 0 | J107: 0 | K107: 0 | L107: 0 | M107: 0 | N107: 0 | O107: 1 | P107: 0 | Q107: 0 | R107: 0 | S107: 0 | T107: 0 | U107: 0 | V107: 0 | W107: 0 | X107: =SUM(E107:W107) -> 1
B108: 3 | C108: 3. ROMIL AZIZEN | E108: 0 | F108: 0 | G108: 0 | H108: 0 | I108: 0 | J108: 0 | K108: 0 | L108: 0 | M108: 0 | N108: 0 | O108: 0 | P108: 0 | Q108: 0 | R108: 0 | S108: 0 | T108: 0 | U108: 0 | V108: 0 | W108: 0 | X108: =SUM(E108:W108) -> 0
A109: B | B109: JUMLAH SUARA SAH PARTAI POLITIK DAN CALON (A1 + A2) | E109: =SUM(E105:E108) -> 1 | F109: =SUM(F105:F108) -> 0 | G109: =SUM(G105:G108) -> 2 | H109: =SUM(H105:H108) -> 3 | I109: =SUM(I105:I108) -> 0 | J109: =SUM(J105:J108) -> 1 | K109: =SUM(K105:K108) -> 0 | L109: =SUM(L105:L108) -> 0 | ... X109: =SUM(X105:X108) -> 23
A111: A.1 | B111: 8. | C111: Partai Keadilan Sejahtera | E111: 0 | F111: 0 | G111: 1 | H111: 2 | I111: 1 | J111: 0 | K111: 0 | L111: 0 | M111: 0 | N111: 0 | O111: 0 | P111: 0 | Q111: 0 | R111: 0 | S111: 0 | X111: =SUM(E111:W111) -> 4
A112: A.2 | B112: 1 | C112: 1. H. SAIMI SALEH, S.E., M.M. | E112: 0 | F112: 0 | G112: 0 | H112: 1 | I112: 1 | J112: 0 | K112: 0 | L112: 2 | M112: 0 | N112: 0 | O112: 0 | P112: 0 | Q112: 0 | R112: 0 | S112: 0 | X112: =SUM(E112:W112) -> 4
B113: 2 | C113: 2. Prof. Dr. H. EGGI SUDJANA, S.H., M.Si. | E113: 0 | F113: 0 | G113: 1 | H113: 1 | I113: 1 | J113: 0 | K113: 1 | L113: 0 | M113: 0 | N113: 0 | O113: 0 | P113: 0 | Q113: 0 | R113: 0 | S113: 0 | X113: =SUM(E113:W113) -> 4
B114: 3 | C114: 3. NURUL KHOTIMAH | E114: 0 | F114: 0 | G114: 0 | H114: 0 | I114: 0 | J114: 0 | K114: 0 | L114: 0 | M114: 0 | N114: 0 | O114: 0 | P114: 0 | Q114: 0 | R114: 0 | S114: 0 | X114: =SUM(E114:W114) -> 0
B115: 4 | C115: 4. AKHMAD SUYANTO, S.T., M.T. | E115: 0 | F115: 0 | G115: 0 | H115: 0 | I115: 0 | J115: 0 | K115: 1 | L115: 0 | M115: 0 | N115: 0 | O115: 0 | P115: 0 | Q115: 0 | R115: 0 | S115: 0 | X115: =SUM(E115:W115) -> 1
B116: 5 | C116: 5. PUJIYATNI | E116: 0 | F116: 0 | G116: 1 | H116: 0 | I116: 0 | J116: 0 | K116: 0 | L116: 0 | M116: 0 | N116: 0 | O116: 0 | P116: 0 | Q116: 0 | R116: 0 | S116: 0 | X116: =SUM(E116:W116) -> 1
B117: 6 | C117: 6. HENI PURWATININGSIH | E117: 0 | F117: 0 | G117: 0 | H117: 0 | I117: 0 | J117: 0 | K117: 0 | L117: 0 | M117: 0 | N117: 0 | O117: 0 | P117: 0 | Q117: 0 | R117: 0 | S117: 0 | X117: =SUM(E117:W117) -> 0
B118: 7 | C118: 7. MUHADI | E118: 0 | F118: 0 | G118: 0 | H118: 0 | I118: 0 | J118: 0 | K118: 0 | L118: 0 | M118: 0 | N118: 0 | O118: 0 | P118: 0 | Q118: 0 | R118: 0 | S118: 0 | X118: =SUM(E118:W118) -> 0
...

Sheet KEDUNGASRI
C2: Kecamatan | D2: TEGALDLIMO
C3: Kabupaten | D3: BANYUWANGI
C4: Provinsi | D4: JAWA TIMUR
C9: Kelurahan | D9: KEDUNGASRI
A12: I | B12: DATA PEMILIH DAN PENGGUNAAN HAK PILIH | AD12: JUMLAH AKHIR
A13: A | B13: DATA PEMILIH | E13: TPS 001 | F13: TPS 002 | G13: TPS 003 | H13: TPS 004 | I13: TPS 005 | J13: TPS 006 | K13: TPS 007 | L13: TPS 008 | M13: TPS 009 | N13: TPS 010 | O13: TPS 011 | P13: TPS 012 | Q13: TPS 013 | R13: TPS 014 | S13: TPS 015 | T13: TPS 016 | U13: TPS 017 | V13: TPS 018 | W13: TPS 019 | X13: TPS 020 | Y13: TPS 021 | Z13: TPS 022 | AA13: TPS 023 | AB13: TPS 024 | AC13: TPS 025
B14: Jumlah Pemilih dalam Daftar Pemilih Tetap (DPT) | D14: LK | E14: 138 | F14: 129 | G14: 132 | H14: 134 | I14: 116 | J14: 124 | K14: 130 | L14: 140 | M14: 136 | N14: 124 | O14: 126 | P14: 136 | Q14: 135 | R14: 132 | S14: 147 | T14: 130 | U14: 135 | V14: 149 | W14: 110 | X14: 88 | Y14: 127 | Z14: 128 | AA14: 142 | AB14: 134 | AC14: 127 | AD14: =SUM(E14:AC14) -> 3249
D15: PR | E15: 129 | F15: 136 | G15: 138 | H15: 132 | I15: 122 | J15: 126 | K15: 130 | L15: 137 | M15: 139 | N15: 139 | O15: 137 | P15: 130 | Q15: 129 | R15: 134 | S15: 135 | T15: 137 | U15: 136 | V15: 133 | W15: 111 | X15: 66 | Y15: 131 | Z15: 126 | AA15: 115 | AB15: 134 | AC15: 127 | AD15: =SUM(E15:AC15) -> 3209
D16: JML | E16: =SUM(E14:E15) -> 267 | F16: =SUM(F14:F15) -> 265 | G16: =SUM(G14:G15) -> 270 | H16: =SUM(H14:H15) -> 266 | I16: =SUM(I14:I15) -> 238 | J16: =SUM(J14:J15) -> 250 | K16: =SUM(K14:K15) -> 260 | L16: =SUM(L14:L15) -> 277 | ... AC16: =SUM(AC14:AC15) -> 254 | AD16: =SUM(E16:AC16) -> 6458
A18: B | B18: PENGGUNA HAK PILIH
B19: 1. | C19: Jumlah pengguna hak pilih dalam Daftar Pemilih Tetap (DPT) | D19: LK | E19: 121 | F19: 98 | G19: 101 | H19: 107 | I19: 81 | J19: 101 | K19: 97 | L19: 123 | M19: 102 | N19: 90 | O19: 97 | P19: 110 | Q19: 102 | R19: 101 | S19: 103 | T19: 95 | U19: 118 | V19: 123 | W19: 88 | X19: 66 | Y19: 97 | Z19: 106 | AA19: 97 | AB19: 107 | AC19: 108 | AD19: =SUM(E19:AC19) -> 2539
D20: PR | E20: 117 | F20: 100 | G20: 108 | H20: 118 | I20: 97 | J20: 103 | K20: 106 | L20: 119 | M20: 108 | N20: 114 | O20: 112 | P20: 104 | Q20: 105 | R20: 108 | S20: 110 | T20: 108 | U20: 110 | V20: 106 | W20: 93 | X20: 55 | Y20: 106 | Z20: 99 | AA20: 92 | AB20: 115 | AC20: 114 | AD20: =SUM(E20:AC20) -> 2627
D21: JML | E21: =SUM(E19:E20) -> 238 | F21: =SUM(F19:F20) -> 198 | G21: =SUM(G19:G20) -> 209 | H21: =SUM(H19:H20) -> 225 | I21: =SUM(I19:I20) -> 178 | J21: =SUM(J19:J20) -> 204 | K21: =SUM(K19:K20) -> 203 | L21: =SUM(L19:L20) -> 242 | ... AC21: =SUM(AC19:AC20) -> 222 | AD21: =SUM(E21:AC21) -> 5166
B22: 2. | C22: Jumlah pengguna hak pilih dalam Daftar Pemilih Tambahan (DPTb) | D22: LK | AD22: =SUM(E22:AC22) -> 0
D23: PR | AD23: =SUM(E23:AC23) -> 0
D24: JML | E24: =SUM(E22:E23) -> 0 | F24: =SUM(F22:F23) -> 0 | G24: =SUM(G22:G23) -> 0 | H24: =SUM(H22:H23) -> 0 | I24: =SUM(I22:I23) -> 0 | J24: =SUM(J22:J23) -> 0 | K24: =SUM(K22:K23) -> 0 | L24: =SUM(L22:L23) -> 0 | ... AC24: =SUM(AC22:AC23) -> 0 | AD24: =SUM(E24:AC24) -> 0
B25: 3. | C25: Jumlah pengguna hak pilih dalam Daftar Pemilih Khusus (DPK) | D25: LK | T25: 0 | U25: 0 | V25: 0 | W25: 0 | X25: 0 | Y25: 0 | Z25: 0 | AA25: 0 | AB25: 0 | AC25: 1 | AD25: =SUM(E25:AC25) -> 1
D26: PR | T26: 0 | U26: 0 | V26: 0 | W26: 2 | X26: 0 | Y26: 0 | Z26: 0 | AA26: 0 | AB26: 0 | AC26: 0 | AD26: =SUM(E26:AC26) -> 2
D27: JML | E27: =SUM(E25:E26) -> 0 | F27: =SUM(F25:F26) -> 0 | G27: =SUM(G25:G26) -> 0 | H27: =SUM(H25:H26) -> 0 | I27: =SUM(I25:I26) -> 0 | J27: =SUM(J25:J26) -> 0 | K27: =SUM(K25:K26) -> 0 | L27: =SUM(L25:L26) -> 0 | ... AC27: =SUM(AC25:AC26) -> 1 | AD27: =SUM(E27:AC27) -> 3
B28: 4. | C28: Jumlah Pengguna Hak Pilih (B.1+B.2+B.3) | D28: LK | E28: =SUM(E19,E22,E25) -> 121 | F28: =SUM(F19,F22,F25) -> 98 | G28: =SUM(G19,G22,G25) -> 101 | H28: =SUM(H19,H22,H25) -> 107 | I28: =SUM(I19,I22,I25) -> 81 | J28: =SUM(J19,J22,J25) -> 101 | K28: =SUM(K19,K22,K25) -> 97 | L28: =SUM(L19,L22,L25) -> 123 | ... AC28: =SUM(AC19,AC22,AC25) -> 109 | AD28: =SUM(E28:AC28) -> 2540
D29: PR | E29: =SUM(E20,E23,E26) -> 117 | F29: =SUM(F20,F23,F26) -> 100 | G29: =SUM(G20,G23,G26) -> 108 | H29: =SUM(H20,H23,H26) -> 118 | I29: =SUM(I20,I23,I26) -> 97 | J29: =SUM(J20,J23,J26) -> 103 | K29: =SUM(K20,K23,K26) -> 106 | L29: =SUM(L20,L23,L26) -> 119 | ... AC29: =SUM(AC20,AC23,AC26) -> 114 | AD29: =SUM(E29:AC29) -> 2629
D30: JML | E30: =SUM(E28:E29) -> 238 | F30: =SUM(F28:F29) -> 198 | G30: =SUM(G28:G29) -> 209 | H30: =SUM(H28:H29) -> 225 | I30: =SUM(I28:I29) -> 178 | J30: =SUM(J28:J29) -> 204 | K30: =SUM(K28:K29) -> 203 | L30: =SUM(L28:L29) -> 242 | ... AC30: =SUM(AC28:AC29) -> 223 | AD30: =SUM(E30:AC30) -> 5169
A32: II | B32: DATA PENGGUNAAN SURAT SUARA
A33: 1 | B33: Jumlah surat suara yang diterima, termasuk surat suara cadangan 2,5% dari DPT | E33: 273 | F33: 271 | G33: 276 | H33: 272 | I33: 243 | J33: 255 | K33: 266 | L33: 283 | M33: 281 | N33: 269 | O33: 269 | P33: 271 | Q33: 270 | R33: 272 | S33: 288 | T33: 272 | U33: 277 | V33: 288 | W33: 226 | X33: 158 | Y33: 264 | Z33: 260 | AA33: 263 | AB33: 273 | AC33: 260 | AD33: =SUM(E33:AC33) -> 6600
A34: 2 | B34: Jumlah surat suara yang digunakan | E34: 238 | F34: 198 | G34: 209 | H34: 225 | I34: 178 | J34: 204 | K34: 203 | L34: 242 | M34: 210 | N34: 204 | O34: 209 | P34: 214 | Q34: 207 | R34: 209 | S34: 213 | T34: 203 | U34: 228 | V34: 229 | W34: 183 | X34: 121 | Y34: 203 | Z34: 205 | AA34: 189 | AB34: 222 | AC34: 223 | AD34: =SUM(E34:AC34) -> 5169
A35: 3 | B35: Jumlah surat suara dikembalikan oleh pemilih (karena rusak atau keliru coblos) | E35: 0 | F35: 0 | G35: 0 | H35: 0 | I35: 0 | J35: 0 | K35: 0 | L35: 0 | M35: 1 | N35: 0 | O35: 0 | P35: 0 | Q35: 1 | R35: 0 | S35: 0 | T35: 0 | U35: 0 | V35: 0 | W35: 0 | X35: 5 | Y35: 0 | Z35: 0 | AA35: 0 | AB35: 0 | AC35: 0 | AD35: =SUM(E35:AC35) -> 7
A36: 4 | B36: Jumlah surat suara yang tidak digunakan/tidak terpakai, termasuk sisa surat suara cadangan | E36: =E33-(E34+E35) -> 35 | F36: =F33-(F34+F35) -> 73 | G36: =G33-(G34+G35) -> 67 | H36: =H33-(H34+H35) -> 47 | I36: =I33-(I34+I35) -> 65 | J36: =J33-(J34+J35) -> 51 | K36: =K33-(K34+K35) -> 63 | L36: =L33-(L34+L35) -> 41 | ... AC36: =AC33-(AC34+AC35) -> 37 | AD36: =SUM(E36:AC36) -> 1424
A38: III | B38: DATA PEMILIH DISABILITAS
B39: Jumlah seluruh Pemilih disabilitas yang menggunakan hak pilih | D39: LK | AC39: 1 | AD39: =SUM(E39:AC39) -> 1
D40: PR | AC40: 2 | AD40: =SUM(E40:AC40) -> 2
D41: JML | E41: =SUM(E39:E40) -> 0 | F41: =SUM(F39:F40) -> 0 | G41: =SUM(G39:G40) -> 0 | H41: =SUM(H39:H40) -> 0 | I41: =SUM(I39:I40) -> 0 | J41: =SUM(J39:J40) -> 0 | K41: =SUM(K39:K40) -> 0 | L41: =SUM(L39:L40) -> 0 | ... AC41: =SUM(AC39:AC40) -> 3 | AD41: =SUM(E41:AC41) -> 3
A43: IV | B43: DATA RINCIAN PEROLEHAN SUARA PASANGAN CALON BUPATI DAN WAKIL BUPATI
A44: NOMOR DAN NAMA CALON
A45: A.1 | B45: 1. | C45: Partai Kebangkitan Bangsa | E45: 5 | F45: 0 | G45: 7 | H45: 1 | I45: 4 | J45: 4 | K45: 0 | L45: 7 | M45: 7 | N45: 0 | O45: 3 | P45: 5 | Q45: 8 | R45: 5 | S45: 3 | T45: 2 | U45: 7 | V45: 7 | W45: 2 | X45: 0 | Y45: 3 | Z45: 2 | AA45: 4 | AB45: 0 | AC45: 4 | AD45: =SUM(E45:AC45) -> 90
A46: A.2 | B46: 1 | C46: 1. Dr. Hj. NIHAYATUL WAFIROH, M.A. | E46: 9 | F46: 30 | G46: 36 | H46: 0 | I46: 3 | J46: 2 | K46: 12 | L46: 38 | M46: 8 | N46: 16 | O46: 9 | P46: 10 | Q46: 8 | R46: 7 | S46: 8 | T46: 8 | U46: 8 | V46: 7 | W46: 28 | X46: 1 | Y46: 9 | Z46: 2 | AA46: 11 | AB46: 6 | AC46: 11 | AD46: =SUM(E46:AC46) -> 287
B47: 2 | C47: 2. H. M. NASIM KHAN | E47: 0 | F47: 0 | G47: 1 | H47: 0 | I47: 0 | J47: 1 | K47: 0 | L47: 3 | M47: 0 | N47: 0 | O47: 0 | P47: 2 | Q47: 1 | R47: 1 | S47: 1 | T47: 1 | U47: 1 | V47: 0 | W47: 2 | X47: 0 | Y47: 0 | Z47: 0 | AA47: 3 | AB47: 0 | AC47: 2 | AD47: =SUM(E47:AC47) -> 19
B48: 3 | C48: 3. Dr. H. AKIK ZAMAN, M.Pd.I. | E48: 1 | F48: 0 | G48: 2 | H48: 0 | I48: 0 | J48: 0 | K48: 0 | L48: 0 | M48: 0 | N48: 0 | O48: 1 | P48: 2 | Q48: 0 | R48: 2 | S48: 0 | T48: 0 | U48: 0 | V48: 1 | W48: 0 | X48: 0 | Y48: 1 | Z48: 0 | AA48: 0 | AB48: 0 | AC48: 1 | AD48: =SUM(E48:AC48) -> 11
B49: 4 | C49: 4. AHMAD RIFA'I, S.H. | E49: 0 | F49: 1 | G49: 1 | H49: 0 | I49: 0 | J49: 0 | K49: 1 | L49: 1 | M49: 0 | N49: 0 | O49: 1 | P49: 0 | Q49: 0 | R49: 1 | S49: 0 | T49: 0 | U49: 0 | V49: 2 | W49: 1 | X49: 0 | Y49: 0 | Z49: 1 | AA49: 0 | AB49: 0 | AC49: 0 | AD49: =SUM(E49:AC49) -> 10
B50: 5 | C50: 5. Drs. H. MAHFUD M.N. | E50: 1 | F50: 0 | G50: 2 | H50: 0 | I50: 0 | J50: 0 | K50: 0 | L50: 0 | M50: 1 | N50: 0 | O50: 1 | P50: 0 | Q50: 0 | R50: 0 | S50: 0 | T50: 1 | U50: 0 | V50: 1 | W50: 0 | X50: 0 | Y50: 0 | Z50: 0 | AA50: 0 | AB50: 0 | AC50: 0 | AD50: =SUM(E50:AC50) -> 7
B51: 6 | C51: 6. NURHAYATI, S.Pd. | E51: 0 | F51: 1 | G51: 0 | H51: 0 | I51: 0 | J51: 0 | K51: 0 | L51: 0 | M51: 1 | N51: 0 | O51: 0 | P51: 0 | Q51: 0 | R51: 0 | S51: 0 | T51: 0 | U51: 1 | V51: 0 | W51: 1 | X51: 0 | Y51: 0 | Z51: 1 | AA51: 0 | AB51: 0 | AC51: 1 | AD51: =SUM(E51:AC51) -> 6
B52: 7 | C52: 7. MAFTUHA KISWAH | E52: 0 | F52: 0 | G52: 0 | H52: 0 | I52: 0 | J52: 0 | K52: 0 | L52: 0 | M52: 0 | N52: 2 | O52: 0 | P52: 1 | Q52: 0 | R52: 0 | S52: 0 | T52: 0 | U52: 0 | V52: 0 | W52: 0 | X52: 0 | Y52: 1 | Z52: 0 | AA52: 0 | AB52: 0 | AC52: 0 | AD52: =SUM(E52:AC52) -> 4
A53: B | B53: JUMLAH SUARA SAH PARTAI POLITIK DAN CALON (A1 + A2) | E53: =SUM(E45:E52) -> 16 | F53: =SUM(F45:F52) -> 32 | G53: =SUM(G45:G52) -> 49 | H53: =SUM(H45:H52) -> 1 | I53: =SUM(I45:I52) -> 7 | J53: =SUM(J45:J52) -> 7 | K53: =SUM(K45:K52) -> 13 | L53: =SUM(L45:L52) -> 49 | ... AD53: =SUM(AD45:AD52) -> 434
A55: A.1 | B55: 2. | C55: Partai Gerakan Indonesia Raya | E55: 7 | F55: 7 | G55: 3 | H55: 6 | I55: 4 | J55: 2 | K55: 1 | L55: 8 | M55: 7 | N55: 6 | O55: 9 | P55: 7 | Q55: 7 | R55: 3 | S55: 7 | T55: 5 | U55: 24 | V55: 6 | W55: 5 | X55: 1 | Y55: 7 | Z55: 1 | AA55: 11 | AB55: 10 | AC55: 5 | AD55: =SUM(E55:AC55) -> 159
A56: A.2 | B56: 1 | C56: 1. SUMAIL ABDULLAH | E56: 2 | F56: 15 | G56: 8 | H56: 5 | I56: 12 | J56: 8 | K56: 6 | L56: 5 | M56: 6 | N56: 4 | O56: 4 | P56: 12 | Q56: 5 | R56: 11 | S56: 6 | T56: 3 | U56: 8 | V56: 11 | W56: 8 | X56: 2 | Y56: 5 | Z56: 3 | AA56: 5 | AB56: 3 | AC56: 4 | AD56: =SUM(E56:AC56) -> 161
B57: 2 | C57: 2. MUHAMMAD ALI ADRIAN SALEH | E57: 3 | F57: 3 | G57: 2 | H57: 1 | I57: 1 | J57: 1 | K57: 3 | L57: 6 | M57: 0 | N57: 2 | O57: 8 | P57: 5 | Q57: 4 | R57: 6 | S57: 3 | T57: 2 | U57: 1 | V57: 2 | W57: 3 | X57: 3 | Y57: 0 | Z57: 2 | AA57: 3 | AB57: 2 | AC57: 2 | AD57: =SUM(E57:AC57) -> 68
B58: 3 | C58: 3. DURROTUN NAFISAH | E58: 1 | F58: 1 | G58: 2 | H58: 0 | I58: 0 | J58: 0 | K58: 0 | L58: 4 | M58: 1 | N58: 2 | O58: 1 | P58: 0 | Q58: 3 | R58: 4 | S58: 1 | T58: 0 | U58: 1 | V58: 0 | W58: 2 | X58: 0 | Y58: 2 | Z58: 0 | AA58: 4 | AB58: 0 | AC58: 0 | AD58: =SUM(E58:AC58) -> 29
B59: 4 | C59: 4. H. EKO SUSILO NURHIDAYAT | E59: 0 | F59: 0 | G59: 3 | H59: 0 | I59: 0 | J59: 0 | K59: 0 | L59: 1 | M59: 1 | N59: 0 | O59: 0 | P59: 2 | Q59: 1 | R59: 2 | S59: 2 | T59: 0 | U59: 0 | V59: 2 | W59: 0 | X59: 2 | Y59: 0 | Z59: 0 | AA59: 1 | AB59: 2 | AC59: 2 | AD59: =SUM(E59:AC59) -> 21
B60: 5 | C60: 5. KARNADI HARIJANTO, S.S. | E60: 0 | F60: 1 | G60: 2 | H60: 0 | I60: 0 | J60: 0 | K60: 0 | L60: 0 | M60: 0 | N60: 0 | O60: 0 | P60: 0 | Q60: 0 | R60: 0 | S60: 0 | T60: 1 | U60: 0 | V60: 0 | W60: 1 | X60: 1 | Y60: 1 | Z60: 1 | AA60: 1 | AB60: 1 | AC60: 0 | AD60: =SUM(E60:AC60) -> 10
B61: 6 | C61: 6. NURHAYATI | E61: 0 | F61: 0 | G61: 0 | H61: 0 | I61: 0 | J61: 2 | K61: 0 | L61: 1 | M61: 0 | N61: 1 | O61: 1 | P61: 2 | Q61: 2 | R61: 1 | S61: 1 | T61: 0 | U61: 0 | V61: 0 | W61: 1 | X61: 0 | Y61: 0 | Z61: 1 | AA61: 1 | AB61: 1 | AC61: 1 | AD61: =SUM(E61:AC61) -> 16
B62: 7 | C62: 7. MASHUDI | E62: 0 | F62: 1 | G62: 0 | H62: 0 | I62: 0 | J62: 0 | K62: 1 | L62: 0 | M62: 0 | N62: 1 | O62: 0 | P62: 0 | Q62: 0 | R62: 0 | S62: 0 | T62: 1 | U62: 0 | V62: 1 | W62: 1 | X62: 0 | Y62: 0 | Z62: 0 | AA62: 0 | AB62: 0 | AC62: 0 | AD62: =SUM(E62:AC62) -> 6
A63: B | B63: JUMLAH SUARA SAH PARTAI POLITIK DAN CALON (A1 + A2) | E63: =SUM(E55:E62) -> 13 | F63: =SUM(F55:F62) -> 28 | G63: =SUM(G55:G62) -> 20 | H63: =SUM(H55:H62) -> 12 | I63: =SUM(I55:I62) -> 17 | J63: =SUM(J55:J62) -> 13 | K63: =SUM(K55:K62) -> 11 | L63: =SUM(L55:L62) -> 25 | ... AD63: =SUM(AD55:AD62) -> 470
A65: A.1 | B65: 3. | C65: Partai Demokrasi Indonesia Perjuangan | E65: 7 | F65: 6 | G65: 3 | H65: 13 | I65: 8 | J65: 15 | K65: 6 | L65: 6 | M65: 15 | N65: 3 | O65: 9 | P65: 9 | Q65: 7 | R65: 11 | S65: 13 | T65: 4 | U65: 82 | V65: 2 | W65: 4 | X65: 3 | Y65: 3 | Z65: 12 | AA65: 8 | AB65: 8 | AC65: 8 | AD65: =SUM(E65:AC65) -> 265
A66: A.2 | B66: 1 | C66: 1. SONNY TRI DANAPARAMITA, S.H., M.H. | E66: 2 | F66: 5 | G66: 1 | H66: 4 | I66: 5 | J66: 3 | K66: 1 | L66: 5 | M66: 5 | N66: 16 | O66: 8 | P66: 6 | Q66: 11 | R66: 12 | S66: 10 | T66: 2 | U66: 7 | V66: 8 | W66: 11 | X66: 4 | Y66: 1 | Z66: 4 | AA66: 4 | AB66: 4 | AC66: 4 | AD66: =SUM(E66:AC66) -> 143
B67: 2 | C67: 2. H. MOHAMAD GUNTUR ROMLI | E67: 3 | F67: 1 | G67: 4 | H67: 3 | I67: 3 | J67: 14 | K67: 0 | L67: 4 | M67: 11 | N67: 53 | O67: 41 | P67: 4 | Q67: 3 | R67: 11 | S67: 8 | T67: 7 | U67: 3 | V67: 1 | W67: 5 | X67: 1 | Y67: 4 | Z67: 4 | AA67: 5 | AB67: 31 | AC67: 34 | AD67: =SUM(E67:AC67) -> 258
B68: 3 | C68: 3. INA AMMANIA | E68: 27 | F68: 9 | G68: 15 | H68: 35 | I68: 15 | J68: 24 | K68: 73 | L68: 1 | M68: 3 | N68: 2 | O68: 4 | P68: 0 | Q68: 25 | R68: 13 | S68: 1 | T68: 0 | U68: 2 | V68: 6 | W68: 1 | X68: 1 | Y68: 2 | Z68: 9 | AA68: 3 | AB68: 22 | AC68: 9 | AD68: =SUM(E68:AC68) -> 302
B69: 4 | C69: 4. IRWAN BACHTIAR RACHMAT, M.Si. | E69: 1 | F69: 2 | G69: 3 | H69: 0 | I69: 2 | J69: 1 | K69: 1 | L69: 3 | M69: 1 | N69: 7 | O69: 2 | P69: 6 | Q69: 3 | R69: 7 | S69: 0 | T69: 1 | U69: 1 | V69: 4 | W69: 2 | X69: 2 | Y69: 4 | Z69: 7 | AA69: 2 | AB69: 3 | AC69: 3 | AD69: =SUM(E69:AC69) -> 68
B70: 5 | C70: 5. LUCKY PERDANA | E70: 2 | F70: 3 | G70: 1 | H70: 2 | I70: 2 | J70: 1 | K70: 2 | L70: 1 | M70: 0 | N70: 2 | O70: 4 | P70: 4 | Q70: 2 | R70: 2 | S70: 1 | T70: 1 | U70: 0 | V70: 1 | W70: 6 | X70: 1 | Y70: 1 | Z70: 4 | AA70: 1 | AB70: 2 | AC70: 2 | AD70: =SUM(E70:AC70) -> 48
B71: 6 | C71: 6. WIWIK PUJIYATI | E71: 1 | F71: 0 | G71: 1 | H71: 0 | I71: 2 | J71: 2 | K71: 0 | L71: 0 | M71: 2 | N71: 6 | O71: 1 | P71: 1 | Q71: 1 | R71: 2 | S71: 1 | T71: 0 | U71: 0 | V71: 1 | W71: 3 | X71: 0 | Y71: 1 | Z71: 2 | AA71: 0 | AB71: 1 | AC71: 3 | AD71: =SUM(E71:AC71) -> 31
B72: 7 | C72: 7. CHANDRA ASTAN, S.T. | E72: 1 | F72: 1 | G72: 0 | H72: 1 | I72: 3 | J72: 6 | K72: 1 | L72: 3 | M72: 2 | N72: 3 | O72: 3 | P72: 1 | Q72: 3 | R72: 2 | S72: 2 | T72: 3 | U72: 2 | V72: 2 | W72: 1 | X72: 3 | Y72: 1 | Z72: 8 | AA72: 1 | AB72: 2 | AC72: 5 | AD72: =SUM(E72:AC72) -> 60
A73: B | B73: JUMLAH SUARA SAH PARTAI POLITIK DAN CALON (A1 + A2) | E73: =SUM(E65:E72) -> 44 | F73: =SUM(F65:F72) -> 27 | G73: =SUM(G65:G72) -> 28 | H73: =SUM(H65:H72) -> 58 | I73: =SUM(I65:I72) -> 40 | J73: =SUM(J65:J72) -> 66 | K73: =SUM(K65:K72) -> 84 | L73: =SUM(L65:L72) -> 23 | ... AD73: =SUM(AD65:AD72) -> 1175
A75: A.1 | B75: 4. | C75: Partai Golongan Karya | E75: 5 | F75: 4 | G75: 4 | H75: 4 | I75: 1 | J75: 1 | K75: 5 | L75: 0 | M75: 4 | N75: 2 | O75: 2 | P75: 2 | Q75: 2 | R75: 4 | S75: 4 | T75: 7 | U75: 1 | V75: 5 | W75: 0 | X75: 5 | Y75: 3 | Z75: 4 | AA75: 3 | AB75: 4 | AC75: 4 | AD75: =SUM(E75:AC75) -> 80
A76: A.2 | B76: 1 | C76: 1. ZULFIKAR ARSE SADIKIN, S.I.P., M.Si. | E76: 43 | F76: 13 | G76: 4 | H76: 33 | I76: 11 | J76: 20 | K76: 52 | L76: 1 | M76: 1 | N76: 7 | O76: 10 | P76: 7 | Q76: 13 | R76: 6 | S76: 22 | T76: 39 | U76: 7 | V76: 15 | W76: 6 | X76: 65 | Y76: 3 | Z76: 18 | AA76: 4 | AB76: 1 | AC76: 3 | AD76: =SUM(E76:AC76) -> 404
B77: 2 | C77: 2. HANDOKO | E77: 21 | F77: 9 | G77: 2 | H77: 4 | I77: 15 | J77: 33 | K77: 1 | L77: 2 | M77: 2 | N77: 2 | O77: 5 | P77: 3 | Q77: 2 | R77: 5 | S77: 5 | T77: 2 | U77: 2 | V77: 9 | W77: 7 | X77: 1 | Y77: 40 | Z77: 42 | AA77: 52 | AB77: 19 | AC77: 11 | AD77: =SUM(E77:AC77) -> 296
B78: 3 | C78: 3. Hj. OVI DEWI YANTI | E78: 0 | F78: 0 | G78: 0 | H78: 0 | I78: 0 | J78: 0 | K78: 0 | L78: 1 | M78: 0 | N78: 0 | O78: 1 | P78: 0 | Q78: 1 | R78: 0 | S78: 0 | T78: 0 | U78: 0 | V78: 0 | W78: 2 | X78: 0 | Y78: 0 | Z78: 0 | AA78: 0 | AB78: 0 | AC78: 0 | AD78: =SUM(E78:AC78) -> 5
B79: 4 | C79: 4. Ir. AZAM AZMAN NATAWIJANA | E79: 0 | F79: 1 | G79: 0 | H79: 1 | I79: 1 | J79: 4 | K79: 2 | L79: 1 | M79: 0 | N79: 1 | O79: 1 | P79: 0 | Q79: 0 | R79: 0 | S79: 2 | T79: 0 | U79: 0 | V79: 0 | W79: 0 | X79: 0 | Y79: 1 | Z79: 2 | AA79: 0 | AB79: 1 | AC79: 2 | AD79: =SUM(E79:AC79) -> 20
B80: 5 | C80: 5. UBAIDILLAH AMIN, S.Kom. | E80: 0 | F80: 0 | G80: 3 | H80: 1 | I80: 1 | J80: 0 | K80: 0 | L80: 0 | M80: 1 | N80: 0 | O80: 14 | P80: 1 | Q80: 0 | R80: 1 | S80: 9 | T80: 9 | U80: 1 | V80: 0 | W80: 1 | X80: 1 | Y80: 0 | Z80: 25 | AA80: 0 | AB80: 6 | AC80: 0 | AD80: =SUM(E80:AC80) -> 74
B81: 6 | C81: 6. DENNY YUNIANDARI, S.H., M.Kn. | E81: 0 | F81: 0 | G81: 0 | H81: 0 | I81: 0 | J81: 0 | K81: 0 | L81: 0 | M81: 0 | N81: 1 | O81: 0 | P81: 0 | Q81: 0 | R81: 0 | S81: 1 | T81: 0 | U81: 0 | V81: 1 | W81: 0 | X81: 1 | Y81: 1 | Z81: 0 | AA81: 0 | AB81: 0 | AC81: 0 | AD81: =SUM(E81:AC81) -> 5
B82: 7 | C82: 7. ERNADI, S.H.I. | E82: 0 | F82: 0 | G82: 0 | H82: 0 | I82: 0 | J82: 0 | K82: 0 | L82: 0 | M82: 0 | N82: 0 | O82: 0 | P82: 0 | Q82: 0 | R82: 0 | S82: 0 | T82: 0 | U82: 0 | V82: 0 | W82: 0 | X82: 0 | Y82: 0 | Z82: 0 | AA82: 0 | AB82: 0 | AC82: 0 | AD82: =SUM(E82:AC82) -> 0
A83: B | B83: JUMLAH SUARA SAH PARTAI POLITIK DAN CALON (A1 + A2) | E83: =SUM(E75:E82) -> 69 | F83: =SUM(F75:F82) -> 27 | G83: =SUM(G75:G82) -> 13 | H83: =SUM(H75:H82) -> 43 | I83: =SUM(I75:I82) -> 29 | J83: =SUM(J75:J82) -> 58 | K83: =SUM(K75:K82) -> 60 | L83: =SUM(L75:L82) -> 5 | ... AD83: =SUM(AD75:AD82) -> 884
A85: A.1 | B85: 5. | C85: Partai NasDem | E85: 1 | F85: 1 | G85: 3 | H85: 0 | I85: 0 | J85: 0 | K85: 0 | L85: 0 | M85: 0 | N85: 1 | O85: 0 | P85: 1 | Q85: 1 | R85: 0 | S85: 0 | T85: 0 | U85: 1 | V85: 1 | W85: 0 | X85: 0 | Y85: 1 | Z85: 1 | AA85: 0 | AB85: 1 | AC85: 0 | AD85: =SUM(E85:AC85) -> 13
A86: A.2 | B86: 1 | C86: 1. ACH. FADIL MUZAKKI SYAH | E86: 1 | F86: 4 | G86: 0 | H86: 1 | I86: 0 | J86: 1 | K86: 0 | L86: 0 | M86: 0 | N86: 3 | O86: 0 | P86: 0 | Q86: 1 | R86: 1 | S86: 1 | T86: 1 | U86: 1 | V86: 2 | W86: 2 | X86: 0 | Y86: 0 | Z86: 0 | AA86: 0 | AB86: 0 | AC86: 3 | AD86: =SUM(E86:AC86) -> 22
B87: 2 | C87: 2. BENY | E87: 2 | F87: 0 | G87: 0 | H87: 0 | I87: 0 | J87: 0 | K87: 0 | L87: 0 | M87: 0 | N87: 1 | O87: 0 | P87: 0 | Q87: 0 | R87: 0 | S87: 0 | T87: 0 | U87: 0 | V87: 1 | W87: 0 | X87: 0 | Y87: 1 | Z87: 0 | AA87: 0 | AB87: 0 | AC87: 0 | AD87: =SUM(E87:AC87) -> 5
B88: 3 | C88: 3. VINA VERONIKA | E88: 0 | F88: 0 | G88: 0 | H88: 1 | I88: 0 | J88: 0 | K88: 0 | L88: 0 | M88: 0 | N88: 0 | O88: 0 | P88: 0 | Q88: 2 | R88: 0 | S88: 0 | T88: 0 | U88: 0 | V88: 0 | W88: 0 | X88: 0 | Y88: 0 | Z88: 0 | AA88: 0 | AB88: 0 | AC88: 0 | AD88: =SUM(E88:AC88) -> 3
B89: 4 | C89: 4. TEDDY ANUGRIANTO | E89: 0 | F89: 0 | G89: 0 | H89: 0 | I89: 0 | J89: 0 | K89: 0 | L89: 0 | M89: 0 | N89: 0 | O89: 1 | P89: 2 | Q89: 0 | R89: 1 | S89: 1 | T89: 0 | U89: 0 | V89: 0 | W89: 0 | X89: 0 | Y89: 1 | Z89: 1 | AA89: 2 | AB89: 0 | AC89: 1 | AD89: =SUM(E89:AC89) -> 10
B90: 5 | C90: 5. INSAN KAMIL | E90: 0 | F90: 0 | G90: 0 | H90: 0 | I90: 0 | J90: 0 | K90: 1 | L90: 0 | M90: 0 | N90: 0 | O90: 0 | P90: 0 | Q90: 0 | R90: 0 | S90: 0 | T90: 0 | U90: 0 | V90: 0 | W90: 0 | X90: 0 | Y90: 1 | Z90: 0 | AA90: 0 | AB90: 1 | AC90: 0 | AD90: =SUM(E90:AC90) -> 3
B91: 6 | C91: 6. LILIK LINDARWATI | E91: 0 | F91: 0 | G91: 0 | H91: 0 | I91: 0 | J91: 0 | K91: 0 | L91: 0 | M91: 0 | N91: 0 | O91: 0 | P91: 0 | Q91: 0 | R91: 0 | S91: 0 | T91: 0 | U91: 0 | V91: 0 | W91: 0 | X91: 0 | Y91: 0 | Z91: 0 | AA91: 0 | AB91: 0 | AC91: 0 | AD91: =SUM(E91:AC91) -> 0
B92: 7 | C92: 7. YULI ANITA | E92: 0 | F92: 0 | G92: 0 | H92: 0 | I92: 0 | J92: 0 | K92: 0 | L92: 0 | M92: 0 | N92: 0 | O92: 0 | P92: 0 | Q92: 0 | R92: 1 | S92: 0 | T92: 0 | U92: 0 | V92: 0 | W92: 0 | X92: 0 | Y92: 0 | Z92: 0 | AA92: 0 | AB92: 0 | AC92: 0 | AD92: =SUM(E92:AC92) -> 1
A93: B | B93: JUMLAH SUARA SAH PARTAI POLITIK DAN CALON (A1 + A2) | E93: =SUM(E85:E92) -> 4 | F93: =SUM(F85:F92) -> 5 | G93: =SUM(G85:G92) -> 3 | H93: =SUM(H85:H92) -> 2 | I93: =SUM(I85:I92) -> 0 | J93: =SUM(J85:J92) -> 1 | K93: =SUM(K85:K92) -> 1 | L93: =SUM(L85:L92) -> 0 | ... AD93: =SUM(AD85:AD92) -> 57
A95: A.1 | B95: 6. | C95: Partai Buruh | E95: 1 | F95: 0 | G95: 1 | H95: 1 | I95: 0 | J95: 0 | K95: 0 | L95: 0 | M95: 0 | N95: 0 | O95: 0 | P95: 0 | Q95: 0 | R95: 0 | S95: 0 | T95: 1 | U95: 0 | V95: 1 | W95: 0 | X95: 0 | Y95: 2 | Z95: 1 | AA95: 0 | AB95: 0 | AC95: 1 | AD95: =SUM(E95:AC95) -> 9
A96: A.2 | B96: 1 | C96: 1. KHOIRUL ANAM | E96: 0 | F96: 0 | G96: 0 | H96: 0 | I96: 0 | J96: 0 | K96: 2 | L96: 0 | M96: 0 | N96: 0 | O96: 1 | P96: 0 | Q96: 0 | R96: 0 | S96: 0 | T96: 0 | U96: 2 | V96: 0 | W96: 1 | X96: 0 | Y96: 1 | Z96: 0 | AA96: 1 | AB96: 0 | AC96: 2 | AD96: =SUM(E96:AC96) -> 10
B97: 2 | C97: 2. INA KURNIA | E97: 0 | F97: 0 | G97: 1 | H97: 0 | I97: 0 | J97: 0 | K97: 0 | L97: 0 | M97: 0 | N97: 0 | O97: 0 | P97: 0 | Q97: 0 | R97: 1 | S97: 0 | T97: 0 | U97: 0 | V97: 0 | W97: 0 | X97: 0 | Y97: 0 | Z97: 0 | AA97: 0 | AB97: 0 | AC97: 0 | AD97: =SUM(E97:AC97) -> 2
B98: 3 | C98: 3. JIBRAL TAROUK | E98: 0 | F98: 0 | G98: 0 | H98: 0 | I98: 0 | J98: 0 | K98: 0 | L98: 0 | M98: 0 | N98: 0 | O98: 0 | P98: 0 | Q98: 0 | R98: 0 | S98: 0 | T98: 0 | U98: 0 | V98: 0 | W98: 0 | X98: 0 | Y98: 0 | Z98: 0 | AA98: 1 | AB98: 0 | AC98: 0 | AD98: =SUM(E98:AC98) -> 1
B99: 4 | C99: 4. ASTUTI DAENG PUJI | E99: 0 | F99: 0 | G99: 0 | H99: 0 | I99: 0 | J99: 0 | K99: 0 | L99: 0 | M99: 1 | N99: 0 | O99: 0 | P99: 0 | Q99: 0 | R99: 0 | S99: 0 | T99: 0 | U99: 0 | V99: 0 | W99: 0 | X99: 0 | Y99: 0 | Z99: 0 | AA99: 0 | AB99: 0 | AC99: 0 | AD99: =SUM(E99:AC99) -> 1
B100: 5 | C100: 5. ASDARMAWAN | E100: 0 | F100: 0 | G100: 0 | H100: 0 | I100: 0 | J100: 0 | K100: 0 | L100: 0 | M100: 0 | N100: 0 | O100: 0 | P100: 0 | Q100: 0 | R100: 0 | S100: 0 | T100: 0 | U100: 0 | V100: 0 | W100: 0 | X100: 0 | Y100: 0 | Z100: 0 | AA100: 0 | AB100: 0 | AC100: 0 | AD100: =SUM(E100:AC100) -> 0
B101: 6 | C101: 6. RIFQI MUBAROK | E101: 0 | F101: 0 | G101: 0 | H101: 0 | I101: 0 | J101: 0 | K101: 1 | L101: 0 | M101: 0 | N101: 0 | O101: 0 | P101: 0 | Q101: 0 | R101: 0 | S101: 0 | T101: 0 | U101: 0 | V101: 0 | W101: 0 | X101: 0 | Y101: 0 | Z101: 0 | AA101: 0 | AB101: 0 | AC101: 0 | AD101: =SUM(E101:AC101) -> 1
B102: 7 | C102: 7. FIRNANDA ALTA MEGA | E102: 0 | F102: 0 | G102: 0 | H102: 0 | I102: 0 | J102: 0 | K102: 0 | L102: 0 | M102: 0 | N102: 0 | O102: 0 | P102: 0 | Q102: 0 | R102: 0 | S102: 0 | T102: 0 | U102: 0 | V102: 0 | W102: 0 | X102: 0 | Y102: 0 | Z102: 0 | AA102: 0 | AB102: 0 | AC102: 0 | AD102: =SUM(E102:AC102) -> 0
A103: B | B103: JUMLAH SUARA SAH PARTAI POLITIK DAN CALON (A1 + A2) | E103: =SUM(E95:E102) -> 1 | F103: =SUM(F95:F102) -> 0 | G103: =SUM(G95:G102) -> 2 | H103: =SUM(H95:H102) -> 1 | I103: =SUM(I95:I102) -> 0 | J103: =SUM(J95:J102) -> 0 | K103: =SUM(K95:K102) -> 3 | L103: =SUM(L95:L102) -> 0 | ... AD103: =SUM(AD95:AD102) -> 24
A105: A.1 | B105: 7. | C105: Partai Gelombang Rakyat Indonesia | E105: 1 | F105: 2 | G105: 0 | H105: 1 | I105: 0 | J105: 0 | K105: 0 | L105: 0 | M105: 0 | N105: 1 | O105: 1 | P105: 1 | Q105: 0 | R105: 0 | S105: 1 | T105: 1 | U105: 1 | V105: 0 | W105: 1 | X105: 1 | Y105: 0 | Z105: 1 | AA105: 0 | AB105: 0 | AC105: 2 | AD105: =SUM(E105:AC105) -> 15
A106: A.2 | B106: 1 | C106: 1. TITI WIDORETNO WARISMAN | E106: 0 | F106: 0 | G106: 0 | H106: 0 | I106: 0 | J106: 0 | K106: 0 | L106: 0 | M106: 0 | N106: 0 | O106: 0 | P106: 0 | Q106: 1 | R106: 0 | S106: 0 | T106: 0 | U106: 0 | V106: 0 | W106: 0 | X106: 0 | Y106: 0 | Z106: 0 | AA106: 0 | AB106: 1 | AC106: 0 | AD106: =SUM(E106:AC106) -> 2
B107: 2 | C107: 2. MAMIEK SETYANINGSIH | E107: 0 | F107: 0 | G107: 0 | H107: 0 | I107: 0 | J107: 0 | K107: 0 | L107: 0 | M107: 0 | N107: 0 | O107: 2 | P107: 2 | Q107: 0 | R107: 0 | S107: 0 | T107: 0 | U107: 0 | V107: 1 | W107: 0 | X107: 0 | Y107: 1 | Z107: 0 | AA107: 0 | AB107: 0 | AC107: 1 | AD107: =SUM(E107:AC107) -> 7
B108: 3 | C108: 3. ROMIL AZIZEN | E108: 0 | F108: 0 | G108: 0 | H108: 0 | I108: 0 | J108: 0 | K108: 0 | L108: 0 | M108: 0 | N108: 0 | O108: 1 | P108: 0 | Q108: 0 | R108: 0 | S108: 1 | T108: 0 | U108: 0 | V108: 0 | W108: 0 | X108: 0 | Y108: 0 | Z108: 0 | AA108: 0 | AB108: 0 | AC108: 1 | AD108: =SUM(E108:AC108) -> 3
A109: B | B109: JUMLAH SUARA SAH PARTAI POLITIK DAN CALON (A1 + A2) | E109: =SUM(E105:E108) -> 1 | F109: =SUM(F105:F108) -> 2 | G109: =SUM(G105:G108) -> 0 | H109: =SUM(H105:H108) -> 1 | I109: =SUM(I105:I108) -> 0 | J109: =SUM(J105:J108) -> 0 | K109: =SUM(K105:K108) -> 0 | L109: =SUM(L105:L108) -> 0 | ... AD109: =SUM(AD105:AD108) -> 27
A111: A.1 | B111: 8. | C111: Partai Keadilan Sejahtera | E111: 0 | F111: 0 | G111: 1 | H111: 0 | I111: 0 | J111: 1 | K111: 0 | L111: 0 | M111: 0 | N111: 0 | O111: 0 | P111: 0 | Q111: 0 | R111: 0 | S111: 1 | T111: 0 | U111: 0 | V111: 0 | W111: 0 | X111: 0 | Y111: 2 | Z111: 0 | AA111: 0 | AB111: 0 | AC111: 0 | AD111: =SUM(E111:AC111) -> 5
A112: A.2 | B112: 1 | C112: 1. H. SAIMI SALEH, S.E., M.M. | E112: 1 | F112: 4 | G112: 5 | H112: 0 | I112: 0 | J112: 2 | K112: 3 | L112: 0 | M112: 0 | N112: 1 | O112: 2 | P112: 0 | Q112: 0 | R112: 0 | S112: 0 | T112: 3 | U112: 3 | V112: 0 | W112: 0 | X112: 1 | Y112: 4 | Z112: 0 | AA112: 0 | AB112: 0 | AC112: 0 | AD112: =SUM(E112:AC112) -> 29
B113: 2 | C113: 2. Prof. Dr. H. EGGI SUDJANA, S.H., M.Si. | E113: 0 | F113: 0 | G113: 1 | H113: 2 | I113: 0 | J113: 0 | K113: 0 | L113: 0 | M113: 1 | N113: 1 | O113: 1 | P113: 3 | Q113: 0 | R113: 3 | S113: 0 | T113: 0 | U113: 0 | V113: 0 | W113: 1 | X113: 0 | Y113: 0 | Z113: 0 | AA113: 0 | AB113: 1 | AC113: 0 | AD113: =SUM(E113:AC113) -> 14
B114: 3 | C114: 3. NURUL KHOTIMAH | E114: 0 | F114: 0 | G114: 0 | H114: 0 | I114: 0 | J114: 0 | K114: 0 | L114: 0 | M114: 0 | N114: 0 | O114: 0 | P114: 0 | Q114: 0 | R114: 0 | S114: 0 | T114: 0 | U114: 0 | V114: 0 | W114: 0 | X114: 0 | Y114: 0 | Z114: 0 | AA114: 0 | AB114: 0 | AC114: 0 | AD114: =SUM(E114:AC114) -> 0
B115: 4 | C115: 4. AKHMAD SUYANTO, S.T., M.T. | E115: 0 | F115: 0 | G115: 0 | H115: 0 | I115: 0 | J115: 0 | K115: 0 | L115: 0 | M115: 0 | N115: 0 | O115: 0 | P115: 0 | Q115: 0 | R115: 0 | S115: 0 | T115: 0 | U115: 0 | V115: 0 | W115: 0 | X115: 0 | Y115: 0 | Z115: 0 | AA115: 0 | AB115: 0 | AC115: 0 | AD115: =SUM(E115:AC115) -> 0
B116: 5 | C116: 5. PUJIYATNI | E116: 0 | F116: 0 | G116: 0 | H116: 0 | I116: 0 | J116: 0 | K116: 0 | L116: 0 | M116: 0 | N116: 0 | O116: 0 | P116: 0 | Q116: 0 | R116: 0 | S116: 0 | T116: 0 | U116: 0 | V116: 0 | W116: 0 | X116: 0 | Y116: 0 | Z116: 0 | AA116: 0 | AB116: 0 | AC116: 0 | AD116: =SUM(E116:AC116) -> 0
B117: 6 | C117: 6. HENI PURWATININGSIH | E117: 0 | F117: 0 | G117: 0 | H117: 0 | I117: 0 | J117: 0 | K117: 0 | L117: 0 | M117: 0 | N117: 0 | O117: 0 | P117: 0 | Q117: 0 | R117: 0 | S117: 0 | T117: 0 | U117: 0 | V117: 0 | W117: 0 | X117: 0 | Y117: 0 | Z117: 0 | AA117: 0 | AB117: 0 | AC117: 0 | AD117: =SUM(E117:AC117) -> 0
B118: 7 | C118: 7. MUHADI | E118: 0 | F118: 0 | G118: 1 | H118: 0 | I118: 0 | J118: 0 | K118: 0 | L118: 0 | M118: 0 | N118: 0 | O118: 0 | P118: 0 | Q118: 0 | R118: 0 | S118: 0 | T118: 0 | U118: 0 | V118: 0 | W118: 0 | X118: 0 | Y118: 0 | Z118: 0 | AA118: 0 | AB118: 0 | AC118: 0 | AD118: =SUM(E118:AC118) -> 1
...

Sheet KEDUNGGEBANG
C2: Kecamatan | D2: TEGALDLIMO
C3: Kabupaten | D3: BANYUWANGI
C4: Provinsi | D4: JAWA TIMUR
C9: Kelurahan | D9: KEDUNGGEBANG
A12: I | B12: DATA PEMILIH DAN PENGGUNAAN HAK PILIH | AM12: JUMLAH AKHIR
A13: A | B13: DATA PEMILIH | E13: TPS 001 | F13: TPS 002 | G13: TPS 003 | H13: TPS 004 | I13: TPS 005 | J13: TPS 006 | K13: TPS 007 | L13: TPS 008 | M13: TPS 009 | N13: TPS 010 | O13: TPS 011 | P13: TPS 012 | Q13: TPS 013 | R13: TPS 014 | S13: TPS 015 | T13: TPS 016 | U13: TPS 017 | V13: TPS 018 | W13: TPS 019 | X13: TPS 020 | Y13: TPS 021 | Z13: TPS 022 | AA13: TPS 023 | AB13: TPS 024 | AC13: TPS 025 | AD13: TPS 026 | AE13: TPS 027 | AF13: TPS 028 | AG13: TPS 029 | AH13: TPS 030 | AI13: TPS 031 | AJ13: TPS 032 | AK13: TPS 033 | AL13: TPS 034
B14: Jumlah Pemilih dalam Daftar Pemilih Tetap (DPT) | D14: LK | E14: 147 | F14: 147 | G14: 137 | H14: 154 | I14: 140 | J14: 139 | K14: 139 | L14: 148 | M14: 144 | N14: 94 | O14: 105 | P14: 134 | Q14: 117 | R14: 130 | S14: 131 | T14: 129 | U14: 129 | V14: 132 | W14: 133 | X14: 139 | Y14: 138 | Z14: 131 | AA14: 122 | AB14: 144 | AC14: 132 | AD14: 127 | AE14: 129 | AF14: 127 | AG14: 121 | AH14: 119 | AI14: 131 | AJ14: 131 | AK14: 116 | AL14: 123 | AM14: =SUM(E14:AL14) -> 4459
D15: PR | E15: 140 | F15: 146 | G15: 149 | H15: 140 | I15: 140 | J15: 138 | K15: 124 | L15: 143 | M15: 143 | N15: 91 | O15: 91 | P15: 126 | Q15: 134 | R15: 126 | S15: 124 | T15: 124 | U15: 122 | V15: 124 | W15: 118 | X15: 125 | Y15: 116 | Z15: 118 | AA15: 120 | AB15: 123 | AC15: 128 | AD15: 138 | AE15: 122 | AF15: 133 | AG15: 121 | AH15: 129 | AI15: 128 | AJ15: 128 | AK15: 126 | AL15: 123 | AM15: =SUM(E15:AL15) -> 4321
D16: JML | E16: =SUM(E14:E15) -> 287 | F16: =SUM(F14:F15) -> 293 | G16: =SUM(G14:G15) -> 286 | H16: =SUM(H14:H15) -> 294 | I16: =SUM(I14:I15) -> 280 | J16: =SUM(J14:J15) -> 277 | K16: =SUM(K14:K15) -> 263 | L16: =SUM(L14:L15) -> 291 | ... AL16: =SUM(AL14:AL15) -> 246 | AM16: =SUM(E16:AL16) -> 8780
A18: B | B18: PENGGUNA HAK PILIH
B19: 1. | C19: Jumlah pengguna hak pilih dalam Daftar Pemilih Tetap (DPT) | D19: LK | E19: 106 | F19: 100 | G19: 99 | H19: 118 | I19: 107 | J19: 112 | K19: 112 | L19: 117 | M19: 104 | N19: 72 | O19: 71 | P19: 100 | Q19: 98 | R19: 110 | S19: 100 | T19: 101 | U19: 85 | V19: 112 | W19: 90 | X19: 112 | Y19: 111 | Z19: 96 | AA19: 92 | AB19: 112 | AC19: 102 | AD19: 89 | AE19: 101 | AF19: 96 | AG19: 90 | AH19: 97 | AI19: 93 | AJ19: 104 | AK19: 88 | AL19: 94 | AM19: =SUM(E19:AL19) -> 3391
D20: PR | E20: 118 | F20: 112 | G20: 110 | H20: 109 | I20: 124 | J20: 113 | K20: 108 | L20: 124 | M20: 110 | N20: 70 | O20: 64 | P20: 105 | Q20: 108 | R20: 102 | S20: 92 | T20: 108 | U20: 101 | V20: 103 | W20: 86 | X20: 110 | Y20: 94 | Z20: 95 | AA20: 99 | AB20: 102 | AC20: 109 | AD20: 113 | AE20: 101 | AF20: 115 | AG20: 104 | AH20: 106 | AI20: 102 | AJ20: 104 | AK20: 103 | AL20: 105 | AM20: =SUM(E20:AL20) -> 3529
D21: JML | E21: =SUM(E19:E20) -> 224 | F21: =SUM(F19:F20) -> 212 | G21: =SUM(G19:G20) -> 209 | H21: =SUM(H19:H20) -> 227 | I21: =SUM(I19:I20) -> 231 | J21: =SUM(J19:J20) -> 225 | K21: =SUM(K19:K20) -> 220 | L21: =SUM(L19:L20) -> 241 | ... AL21: =SUM(AL19:AL20) -> 199 | AM21: =SUM(E21:AL21) -> 6920
B22: 2. | C22: Jumlah pengguna hak pilih dalam Daftar Pemilih Tambahan (DPTb) | D22: LK | E22: 1 | F22: 0 | G22: 0 | H22: 1 | I22: 1 | J22: 0 | K22: 0 | L22: 0 | M22: 2 | N22: 0 | O22: 0 | P22: 0 | Q22: 0 | R22: 0 | S22: 0 | T22: 0 | U22: 0 | V22: 0 | W22: 0 | X22: 0 | Y22: 0 | Z22: 0 | AA22: 0 | AB22: 1 | AC22: 0 | AD22: 1 | AE22: 1 | AF22: 0 | AG22: 0 | AH22: 2 | AI22: 0 | AJ22: 0 | AK22: 0 | AL22: 0 | AM22: =SUM(E22:AL22) -> 10
D23: PR | E23: 0 | F23: 0 | G23: 1 | H23: 0 | I23: 0 | J23: 0 | K23: 0 | L23: 0 | M23: 1 | N23: 0 | O23: 1 | P23: 0 | Q23: 0 | R23: 1 | S23: 0 | T23: 1 | U23: 1 | V23: 0 | W23: 0 | X23: 0 | Y23: 0 | Z23: 0 | AA23: 0 | AB23: 1 | AC23: 0 | AD23: 1 | AE23: 0 | AF23: 0 | AG23: 0 | AH23: 1 | AI23: 0 | AJ23: 0 | AK23: 0 | AL23: 0 | AM23: =SUM(E23:AL23) -> 9
D24: JML | E24: =SUM(E22:E23) -> 1 | F24: =SUM(F22:F23) -> 0 | G24: =SUM(G22:G23) -> 1 | H24: =SUM(H22:H23) -> 1 | I24: =SUM(I22:I23) -> 1 | J24: =SUM(J22:J23) -> 0 | K24: =SUM(K22:K23) -> 0 | L24: =SUM(L22:L23) -> 0 | ... AL24: =SUM(AL22:AL23) -> 0 | AM24: =SUM(E24:AL24) -> 19
B25: 3. | C25: Jumlah pengguna hak pilih dalam Daftar Pemilih Khusus (DPK) | D25: LK | E25: 0 | F25: 1 | G25: 0 | H25: 0 | I25: 0 | J25: 0 | K25: 0 | L25: 4 | M25: 3 | N25: 0 | O25: 0 | P25: 0 | Q25: 0 | R25: 0 | S25: 1 | T25: 0 | U25: 1 | V25: 2 | W25: 0 | X25: 0 | Y25: 1 | Z25: 0 | AA25: 0 | AB25: 0 | AC25: 0 | AD25: 0 | AE25: 0 | AF25: 0 | AG25: 1 | AH25: 0 | AI25: 0 | AJ25: 0 | AK25: 0 | AL25: 0 | AM25: =SUM(E25:AL25) -> 14
D26: PR | E26: 0 | F26: 3 | G26: 0 | H26: 0 | I26: 0 | J26: 0 | K26: 0 | L26: 4 | M26: 2 | N26: 0 | O26: 0 | P26: 0 | Q26: 0 | R26: 0 | S26: 4 | T26: 0 | U26: 5 | V26: 4 | W26: 0 | X26: 0 | Y26: 1 | Z26: 0 | AA26: 0 | AB26: 0 | AC26: 0 | AD26: 0 | AE26: 0 | AF26: 0 | AG26: 2 | AH26: 0 | AI26: 0 | AJ26: 0 | AK26: 0 | AL26: 1 | AM26: =SUM(E26:AL26) -> 26
D27: JML | E27: =SUM(E25:E26) -> 0 | F27: =SUM(F25:F26) -> 4 | G27: =SUM(G25:G26) -> 0 | H27: =SUM(H25:H26) -> 0 | I27: =SUM(I25:I26) -> 0 | J27: =SUM(J25:J26) -> 0 | K27: =SUM(K25:K26) -> 0 | L27: =SUM(L25:L26) -> 8 | ... AL27: =SUM(AL25:AL26) -> 1 | AM27: =SUM(E27:AL27) -> 40
B28: 4. | C28: Jumlah Pengguna Hak Pilih (B.1+B.2+B.3) | D28: LK | E28: =SUM(E19,E22,E25) -> 107 | F28: =SUM(F19,F22,F25) -> 101 | G28: =SUM(G19,G22,G25) -> 99 | H28: =SUM(H19,H22,H25) -> 119 | I28: =SUM(I19,I22,I25) -> 108 | J28: =SUM(J19,J22,J25) -> 112 | K28: =SUM(K19,K22,K25) -> 112 | L28: =SUM(L19,L22,L25) -> 121 | ... AL28: =SUM(AL19,AL22,AL25) -> 94 | AM28: =SUM(E28:AL28) -> 3415
D29: PR | E29: =SUM(E20,E23,E26) -> 118 | F29: =SUM(F20,F23,F26) -> 115 | G29: =SUM(G20,G23,G26) -> 111 | H29: =SUM(H20,H23,H26) -> 109 | I29: =SUM(I20,I23,I26) -> 124 | J29: =SUM(J20,J23,J26) -> 113 | K29: =SUM(K20,K23,K26) -> 108 | L29: =SUM(L20,L23,L26) -> 128 | ... AL29: =SUM(AL20,AL23,AL26) -> 106 | AM29: =SUM(E29:AL29) -> 3564
D30: JML | E30: =SUM(E28:E29) -> 225 | F30: =SUM(F28:F29) -> 216 | G30: =SUM(G28:G29) -> 210 | H30: =SUM(H28:H29) -> 228 | I30: =SUM(I28:I29) -> 232 | J30: =SUM(J28:J29) -> 225 | K30: =SUM(K28:K29) -> 220 | L30: =SUM(L28:L29) -> 249 | ... AL30: =SUM(AL28:AL29) -> 200 | AM30: =SUM(E30:AL30) -> 6979
A32: II | B32: DATA PENGGUNAAN SURAT SUARA
A33: 1 | B33: Jumlah surat suara yang diterima, termasuk surat suara cadangan 2,5% dari DPT | E33: 289 | F33: 299 | G33: 292 | H33: 300 | I33: 286 | J33: 283 | K33: 269 | L33: 297 | M33: 293 | N33: 189 | O33: 225 | P33: 266 | Q33: 257 | R33: 262 | S33: 261 | T33: 257 | U33: 257 | V33: 262 | W33: 257 | X33: 270 | Y33: 260 | Z33: 254 | AA33: 247 | AB33: 270 | AC33: 266 | AD33: 271 | AE33: 257 | AF33: 266 | AG33: 247 | AH33: 253 | AI33: 265 | AJ33: 266 | AK33: 247 | AL33: 251 | AM33: =SUM(E33:AL33) -> 8991
A34: 2 | B34: Jumlah surat suara yang digunakan | E34: 225 | F34: 216 | G34: 210 | H34: 228 | I34: 232 | J34: 225 | K34: 220 | L34: 249 | M34: 222 | N34: 142 | O34: 136 | P34: 205 | Q34: 206 | R34: 213 | S34: 197 | T34: 210 | U34: 193 | V34: 221 | W34: 176 | X34: 222 | Y34: 207 | Z34: 191 | AA34: 191 | AB34: 216 | AC34: 211 | AD34: 204 | AE34: 203 | AF34: 211 | AG34: 197 | AH34: 206 | AI34: 195 | AJ34: 208 | AK34: 191 | AL34: 200 | AM34: =SUM(E34:AL34) -> 6979
A35: 3 | B35: Jumlah surat suara dikembalikan oleh pemilih (karena rusak atau keliru coblos) | E35: 0 | F35: 0 | G35: 0 | H35: 0 | I35: 0 | J35: 0 | K35: 0 | L35: 0 | M35: 0 | N35: 0 | O35: 0 | P35: 0 | Q35: 0 | R35: 0 | S35: 0 | T35: 0 | U35: 0 | V35: 0 | W35: 0 | X35: 0 | Y35: 1 | Z35: 0 | AA35: 0 | AB35: 0 | AC35: 0 | AD35: 0 | AE35: 0 | AF35: 0 | AG35: 13 | AH35: 0 | AI35: 0 | AJ35: 0 | AK35: 0 | AL35: 0 | AM35: =SUM(E35:AL35) -> 14
A36: 4 | B36: Jumlah surat suara yang tidak digunakan/tidak terpakai, termasuk sisa surat suara cadangan | E36: =E33-(E34+E35) -> 64 | F36: =F33-(F34+F35) -> 83 | G36: =G33-(G34+G35) -> 82 | H36: =H33-(H34+H35) -> 72 | I36: =I33-(I34+I35) -> 54 | J36: =J33-(J34+J35) -> 58 | K36: =K33-(K34+K35) -> 49 | L36: =L33-(L34+L35) -> 48 | ... AL36: =AL33-(AL34+AL35) -> 51 | AM36: =SUM(E36:AL36) -> 1998
A38: III | B38: DATA PEMILIH DISABILITAS
B39: Jumlah seluruh Pemilih disabilitas yang menggunakan hak pilih | D39: LK | AM39: =SUM(E39:AL39) -> 0
D40: PR | AM40: =SUM(E40:AL40) -> 0
D41: JML | E41: =SUM(E39:E40) -> 0 | F41: =SUM(F39:F40) -> 0 | G41: =SUM(G39:G40) -> 0 | H41: =SUM(H39:H40) -> 0 | I41: =SUM(I39:I40) -> 0 | J41: =SUM(J39:J40) -> 0 | K41: =SUM(K39:K40) -> 0 | L41: =SUM(L39:L40) -> 0 | ... AL41: =SUM(AL39:AL40) -> 0 | AM41: =SUM(E41:AL41) -> 0
A43: IV | B43: DATA RINCIAN PEROLEHAN SUARA PASANGAN CALON BUPATI DAN WAKIL BUPATI
A44: NOMOR DAN NAMA CALON
A45: A.1 | B45: 1. | C45: Partai Kebangkitan Bangsa | E45: 8 | F45: 10 | G45: 6 | H45: 19 | I45: 15 | J45: 24 | K45: 8 | L45: 14 | M45: 6 | N45: 10 | O45: 5 | P45: 5 | Q45: 5 | R45: 10 | S45: 4 | T45: 8 | U45: 3 | V45: 4 | W45: 1 | X45: 11 | Y45: 10 | Z45: 10 | AA45: 6 | AB45: 8 | AC45: 13 | AD45: 12 | AE45: 11 | AF45: 7 | AG45: 14 | AH45: 8 | AI45: 6 | AJ45: 10 | AK45: 6 | AL45: 8 | AM45: =SUM(E45:AL45) -> 305
A46: A.2 | B46: 1 | C46: 1. Dr. Hj. NIHAYATUL WAFIROH, M.A. | E46: 13 | F46: 14 | G46: 8 | H46: 14 | I46: 9 | J46: 16 | K46: 17 | L46: 16 | M46: 9 | N46: 3 | O46: 4 | P46: 12 | Q46: 9 | R46: 29 | S46: 5 | T46: 8 | U46: 8 | V46: 10 | W46: 14 | X46: 21 | Y46: 23 | Z46: 13 | AA46: 14 | AB46: 29 | AC46: 10 | AD46: 33 | AE46: 35 | AF46: 17 | AG46: 14 | AH46: 26 | AI46: 17 | AJ46: 20 | AK46: 35 | AL46: 36 | AM46: =SUM(E46:AL46) -> 561
B47: 2 | C47: 2. H. M. NASIM KHAN | E47: 0 | F47: 4 | G47: 4 | H47: 6 | I47: 3 | J47: 4 | K47: 2 | L47: 5 | M47: 2 | N47: 0 | O47: 0 | P47: 0 | Q47: 1 | R47: 3 | S47: 0 | T47: 0 | U47: 1 | V47: 3 | W47: 2 | X47: 1 | Y47: 1 | Z47: 0 | AA47: 2 | AB47: 2 | AC47: 4 | AD47: 4 | AE47: 5 | AF47: 5 | AG47: 1 | AH47: 1 | AI47: 5 | AJ47: 4 | AK47: 2 | AL47: 2 | AM47: =SUM(E47:AL47) -> 79
B48: 3 | C48: 3. Dr. H. AKIK ZAMAN, M.Pd.I. | E48: 1 | F48: 0 | G48: 0 | H48: 0 | I48: 0 | J48: 1 | K48: 1 | L48: 0 | M48: 0 | N48: 0 | O48: 0 | P48: 0 | Q48: 1 | R48: 1 | S48: 0 | T48: 1 | U48: 1 | V48: 1 | W48: 1 | X48: 0 | Y48: 4 | Z48: 0 | AA48: 1 | AB48: 0 | AC48: 1 | AD48: 1 | AE48: 0 | AF48: 0 | AG48: 0 | AH48: 0 | AI48: 0 | AJ48: 1 | AK48: 0 | AL48: 1 | AM48: =SUM(E48:AL48) -> 18
B49: 4 | C49: 4. AHMAD RIFA'I, S.H. | E49: 1 | F49: 3 | G49: 0 | H49: 2 | I49: 2 | J49: 1 | K49: 3 | L49: 1 | M49: 0 | N49: 0 | O49: 0 | P49: 1 | Q49: 1 | R49: 1 | S49: 0 | T49: 0 | U49: 3 | V49: 0 | W49: 0 | X49: 2 | Y49: 1 | Z49: 1 | AA49: 0 | AB49: 0 | AC49: 0 | AD49: 1 | AE49: 1 | AF49: 0 | AG49: 0 | AH49: 2 | AI49: 0 | AJ49: 0 | AK49: 1 | AL49: 2 | AM49: =SUM(E49:AL49) -> 30
B50: 5 | C50: 5. Drs. H. MAHFUD M.N. | E50: 1 | F50: 0 | G50: 0 | H50: 3 | I50: 1 | J50: 0 | K50: 0 | L50: 0 | M50: 0 | N50: 1 | O50: 0 | P50: 0 | Q50: 1 | R50: 0 | S50: 0 | T50: 0 | U50: 0 | V50: 1 | W50: 2 | X50: 2 | Y50: 0 | Z50: 0 | AA50: 0 | AB50: 1 | AC50: 2 | AD50: 1 | AE50: 0 | AF50: 1 | AG50: 1 | AH50: 1 | AI50: 0 | AJ50: 1 | AK50: 0 | AL50: 1 | AM50: =SUM(E50:AL50) -> 21
B51: 6 | C51: 6. NURHAYATI, S.Pd. | E51: 0 | F51: 1 | G51: 2 | H51: 0 | I51: 1 | J51: 1 | K51: 1 | L51: 0 | M51: 0 | N51: 0 | O51: 1 | P51: 0 | Q51: 1 | R51: 1 | S51: 0 | T51: 0 | U51: 0 | V51: 1 | W51: 0 | X51: 0 | Y51: 1 | Z51: 0 | AA51: 0 | AB51: 0 | AC51: 1 | AD51: 0 | AE51: 0 | AF51: 1 | AG51: 0 | AH51: 0 | AI51: 1 | AJ51: 1 | AK51: 1 | AL51: 0 | AM51: =SUM(E51:AL51) -> 16
B52: 7 | C52: 7. MAFTUHA KISWAH | E52: 0 | F52: 1 | G52: 0 | H52: 0 | I52: 0 | J52: 0 | K52: 0 | L52: 0 | M52: 0 | N52: 0 | O52: 0 | P52: 0 | Q52: 0 | R52: 0 | S52: 0 | T52: 1 | U52: 0 | V52: 0 | W52: 2 | X52: 0 | Y52: 0 | Z52: 0 | AA52: 0 | AB52: 0 | AC52: 0 | AD52: 0 | AE52: 0 | AF52: 1 | AG52: 0 | AH52: 0 | AI52: 1 | AJ52: 0 | AK52: 0 | AL52: 0 | AM52: =SUM(E52:AL52) -> 6
A53: B | B53: JUMLAH SUARA SAH PARTAI POLITIK DAN CALON (A1 + A2) | E53: =SUM(E45:E52) -> 24 | F53: =SUM(F45:F52) -> 33 | G53: =SUM(G45:G52) -> 20 | H53: =SUM(H45:H52) -> 44 | I53: =SUM(I45:I52) -> 31 | J53: =SUM(J45:J52) -> 47 | K53: =SUM(K45:K52) -> 32 | L53: =SUM(L45:L52) -> 36 | ... AM53: =SUM(AM45:AM52) -> 1036
A55: A.1 | B55: 2. | C55: Partai Gerakan Indonesia Raya | E55: 17 | F55: 15 | G55: 13 | H55: 10 | I55: 5 | J55: 9 | K55: 3 | L55: 4 | M55: 23 | N55: 9 | O55: 7 | P55: 8 | Q55: 5 | R55: 4 | S55: 4 | T55: 8 | U55: 5 | V55: 6 | W55: 1 | X55: 5 | Y55: 3 | Z55: 7 | AA55: 3 | AB55: 6 | AC55: 6 | AD55: 8 | AE55: 8 | AF55: 6 | AG55: 2 | AH55: 4 | AI55: 9 | AJ55: 0 | AK55: 4 | AL55: 3 | AM55: =SUM(E55:AL55) -> 230
A56: A.2 | B56: 1 | C56: 1. SUMAIL ABDULLAH | E56: 36 | F56: 11 | G56: 6 | H56: 9 | I56: 5 | J56: 10 | K56: 5 | L56: 13 | M56: 19 | N56: 6 | O56: 7 | P56: 12 | Q56: 4 | R56: 11 | S56: 8 | T56: 10 | U56: 26 | V56: 12 | W56: 5 | X56: 1 | Y56: 10 | Z56: 3 | AA56: 14 | AB56: 10 | AC56: 12 | AD56: 7 | AE56: 6 | AF56: 8 | AG56: 6 | AH56: 8 | AI56: 0 | AJ56: 9 | AK56: 6 | AL56: 10 | AM56: =SUM(E56:AL56) -> 325
B57: 2 | C57: 2. MUHAMMAD ALI ADRIAN SALEH | E57: 10 | F57: 2 | G57: 6 | H57: 3 | I57: 1 | J57: 2 | K57: 5 | L57: 4 | M57: 4 | N57: 4 | O57: 0 | P57: 1 | Q57: 1 | R57: 3 | S57: 7 | T57: 1 | U57: 3 | V57: 1 | W57: 2 | X57: 2 | Y57: 2 | Z57: 0 | AA57: 1 | AB57: 1 | AC57: 2 | AD57: 1 | AE57: 4 | AF57: 2 | AG57: 2 | AH57: 4 | AI57: 2 | AJ57: 0 | AK57: 1 | AL57: 3 | AM57: =SUM(E57:AL57) -> 87
B58: 3 | C58: 3. DURROTUN NAFISAH | E58: 2 | F58: 0 | G58: 3 | H58: 0 | I58: 3 | J58: 0 | K58: 0 | L58: 1 | M58: 0 | N58: 2 | O58: 0 | P58: 0 | Q58: 0 | R58: 1 | S58: 2 | T58: 1 | U58: 2 | V58: 1 | W58: 0 | X58: 0 | Y58: 2 | Z58: 1 | AA58: 2 | AB58: 2 | AC58: 1 | AD58: 2 | AE58: 0 | AF58: 1 | AG58: 1 | AH58: 4 | AI58: 2 | AJ58: 3 | AK58: 1 | AL58: 3 | AM58: =SUM(E58:AL58) -> 43
B59: 4 | C59: 4. H. EKO SUSILO NURHIDAYAT | E59: 0 | F59: 1 | G59: 1 | H59: 1 | I59: 3 | J59: 6 | K59: 1 | L59: 1 | M59: 2 | N59: 1 | O59: 0 | P59: 3 | Q59: 1 | R59: 1 | S59: 0 | T59: 0 | U59: 2 | V59: 2 | W59: 1 | X59: 2 | Y59: 2 | Z59: 1 | AA59: 1 | AB59: 1 | AC59: 1 | AD59: 3 | AE59: 1 | AF59: 0 | AG59: 0 | AH59: 0 | AI59: 1 | AJ59: 3 | AK59: 0 | AL59: 0 | AM59: =SUM(E59:AL59) -> 43
B60: 5 | C60: 5. KARNADI HARIJANTO, S.S. | E60: 0 | F60: 1 | G60: 1 | H60: 0 | I60: 0 | J60: 0 | K60: 0 | L60: 0 | M60: 3 | N60: 0 | O60: 1 | P60: 1 | Q60: 0 | R60: 0 | S60: 0 | T60: 1 | U60: 0 | V60: 0 | W60: 1 | X60: 0 | Y60: 0 | Z60: 1 | AA60: 1 | AB60: 0 | AC60: 0 | AD60: 1 | AE60: 0 | AF60: 0 | AG60: 0 | AH60: 0 | AI60: 0 | AJ60: 0 | AK60: 0 | AL60: 0 | AM60: =SUM(E60:AL60) -> 12
B61: 6 | C61: 6. NURHAYATI | E61: 2 | F61: 1 | G61: 2 | H61: 0 | I61: 1 | J61: 1 | K61: 0 | L61: 0 | M61: 1 | N61: 1 | O61: 2 | P61: 0 | Q61: 2 | R61: 0 | S61: 1 | T61: 0 | U61: 1 | V61: 0 | W61: 1 | X61: 0 | Y61: 1 | Z61: 0 | AA61: 0 | AB61: 0 | AC61: 2 | AD61: 0 | AE61: 0 | AF61: 2 | AG61: 1 | AH61: 0 | AI61: 0 | AJ61: 0 | AK61: 0 | AL61: 0 | AM61: =SUM(E61:AL61) -> 22
B62: 7 | C62: 7. MASHUDI | E62: 0 | F62: 0 | G62: 0 | H62: 0 | I62: 0 | J62: 0 | K62: 0 | L62: 0 | M62: 0 | N62: 0 | O62: 0 | P62: 0 | Q62: 0 | R62: 0 | S62: 0 | T62: 0 | U62: 0 | V62: 0 | W62: 0 | X62: 0 | Y62: 0 | Z62: 0 | AA62: 0 | AB62: 0 | AC62: 0 | AD62: 1 | AE62: 2 | AF62: 0 | AG62: 0 | AH62: 0 | AI62: 0 | AJ62: 0 | AK62: 0 | AL62: 1 | AM62: =SUM(E62:AL62) -> 4
A63: B | B63: JUMLAH SUARA SAH PARTAI POLITIK DAN CALON (A1 + A2) | E63: =SUM(E55:E62) -> 67 | F63: =SUM(F55:F62) -> 31 | G63: =SUM(G55:G62) -> 32 | H63: =SUM(H55:H62) -> 23 | I63: =SUM(I55:I62) -> 18 | J63: =SUM(J55:J62) -> 28 | K63: =SUM(K55:K62) -> 14 | L63: =SUM(L55:L62) -> 23 | ... AM63: =SUM(AM55:AM62) -> 766
A65: A.1 | B65: 3. | C65: Partai Demokrasi Indonesia Perjuangan | E65: 13 | F65: 5 | G65: 5 | H65: 4 | I65: 9 | J65: 16 | K65: 4 | L65: 11 | M65: 8 | N65: 10 | O65: 7 | P65: 4 | Q65: 5 | R65: 6 | S65: 6 | T65: 8 | U65: 11 | V65: 8 | W65: 5 | X65: 3 | Y65: 6 | Z65: 4 | AA65: 3 | AB65: 4 | AC65: 2 | AD65: 3 | AE65: 8 | AF65: 0 | AG65: 3 | AH65: 1 | AI65: 10 | AJ65: 1 | AK65: 2 | AL65: 2 | AM65: =SUM(E65:AL65) -> 197
A66: A.2 | B66: 1 | C66: 1. SONNY TRI DANAPARAMITA, S.H., M.H. | E66: 6 | F66: 8 | G66: 7 | H66: 10 | I66: 1 | J66: 6 | K66: 1 | L66: 3 | M66: 4 | N66: 3 | O66: 4 | P66: 5 | Q66: 6 | R66: 3 | S66: 8 | T66: 7 | U66: 3 | V66: 5 | W66: 5 | X66: 4 | Y66: 4 | Z66: 3 | AA66: 2 | AB66: 12 | AC66: 5 | AD66: 4 | AE66: 7 | AF66: 0 | AG66: 1 | AH66: 2 | AI66: 2 | AJ66: 0 | AK66: 1 | AL66: 0 | AM66: =SUM(E66:AL66) -> 142
B67: 2 | C67: 2. H. MOHAMAD GUNTUR ROMLI | E67: 5 | F67: 0 | G67: 3 | H67: 1 | I67: 6 | J67: 3 | K67: 3 | L67: 2 | M67: 4 | N67: 13 | O67: 0 | P67: 34 | Q67: 17 | R67: 9 | S67: 2 | T67: 7 | U67: 3 | V67: 5 | W67: 2 | X67: 2 | Y67: 1 | Z67: 5 | AA67: 4 | AB67: 2 | AC67: 7 | AD67: 1 | AE67: 1 | AF67: 3 | AG67: 1 | AH67: 6 | AI67: 10 | AJ67: 1 | AK67: 0 | AL67: 2 | AM67: =SUM(E67:AL67) -> 165
B68: 3 | C68: 3. INA AMMANIA | E68: 5 | F68: 1 | G68: 3 | H68: 3 | I68: 18 | J68: 16 | K68: 14 | L68: 25 | M68: 13 | N68: 12 | O68: 10 | P68: 3 | Q68: 4 | R68: 19 | S68: 15 | T68: 14 | U68: 5 | V68: 39 | W68: 11 | X68: 42 | Y68: 77 | Z68: 50 | AA68: 19 | AB68: 2 | AC68: 10 | AD68: 5 | AE68: 4 | AF68: 7 | AG68: 3 | AH68: 0 | AI68: 1 | AJ68: 2 | AK68: 2 | AL68: 1 | AM68: =SUM(E68:AL68) -> 455
B69: 4 | C69: 4. IRWAN BACHTIAR RACHMAT, M.Si. | E69: 3 | F69: 1 | G69: 1 | H69: 1 | I69: 2 | J69: 0 | K69: 0 | L69: 0 | M69: 0 | N69: 1 | O69: 1 | P69: 1 | Q69: 1 | R69: 3 | S69: 2 | T69: 4 | U69: 1 | V69: 2 | W69: 0 | X69: 0 | Y69: 1 | Z69: 3 | AA69: 0 | AB69: 1 | AC69: 2 | AD69: 1 | AE69: 0 | AF69: 0 | AG69: 1 | AH69: 0 | AI69: 1 | AJ69: 0 | AK69: 0 | AL69: 1 | AM69: =SUM(E69:AL69) -> 35
B70: 5 | C70: 5. LUCKY PERDANA | E70: 1 | F70: 0 | G70: 0 | H70: 2 | I70: 1 | J70: 0 | K70: 2 | L70: 0 | M70: 2 | N70: 3 | O70: 1 | P70: 3 | Q70: 5 | R70: 4 | S70: 0 | T70: 0 | U70: 2 | V70: 3 | W70: 1 | X70: 0 | Y70: 0 | Z70: 2 | AA70: 2 | AB70: 1 | AC70: 2 | AD70: 1 | AE70: 2 | AF70: 1 | AG70: 0 | AH70: 0 | AI70: 6 | AJ70: 2 | AK70: 0 | AL70: 2 | AM70: =SUM(E70:AL70) -> 51
B71: 6 | C71: 6. WIWIK PUJIYATI | E71: 3 | F71: 1 | G71: 1 | H71: 2 | I71: 2 | J71: 1 | K71: 0 | L71: 0 | M71: 1 | N71: 1 | O71: 1 | P71: 0 | Q71: 1 | R71: 1 | S71: 1 | T71: 1 | U71: 2 | V71: 1 | W71: 1 | X71: 1 | Y71: 1 | Z71: 0 | AA71: 0 | AB71: 0 | AC71: 2 | AD71: 1 | AE71: 0 | AF71: 0 | AG71: 0 | AH71: 0 | AI71: 3 | AJ71: 0 | AK71: 0 | AL71: 0 | AM71: =SUM(E71:AL71) -> 29
B72: 7 | C72: 7. CHANDRA ASTAN, S.T. | E72: 2 | F72: 9 | G72: 7 | H72: 8 | I72: 5 | J72: 0 | K72: 1 | L72: 2 | M72: 3 | N72: 3 | O72: 4 | P72: 0 | Q72: 4 | R72: 2 | S72: 7 | T72: 11 | U72: 1 | V72: 0 | W72: 1 | X72: 2 | Y72: 0 | Z72: 2 | AA72: 4 | AB72: 3 | AC72: 2 | AD72: 13 | AE72: 2 | AF72: 2 | AG72: 2 | AH72: 0 | AI72: 7 | AJ72: 3 | AK72: 0 | AL72: 3 | AM72: =SUM(E72:AL72) -> 115
A73: B | B73: JUMLAH SUARA SAH PARTAI POLITIK DAN CALON (A1 + A2) | E73: =SUM(E65:E72) -> 38 | F73: =SUM(F65:F72) -> 25 | G73: =SUM(G65:G72) -> 27 | H73: =SUM(H65:H72) -> 31 | I73: =SUM(I65:I72) -> 44 | J73: =SUM(J65:J72) -> 42 | K73: =SUM(K65:K72) -> 25 | L73: =SUM(L65:L72) -> 43 | ... AM73: =SUM(AM65:AM72) -> 1189
A75: A.1 | B75: 4. | C75: Partai Golongan Karya | E75: 2 | F75: 4 | G75: 2 | H75: 3 | I75: 3 | J75: 1 | K75: 2 | L75: 1 | M75: 5 | N75: 4 | O75: 1 | P75: 3 | Q75: 4 | R75: 5 | S75: 5 | T75: 7 | U75: 6 | V75: 1 | W75: 4 | X75: 5 | Y75: 3 | Z75: 2 | AA75: 0 | AB75: 1 | AC75: 2 | AD75: 3 | AE75: 5 | AF75: 3 | AG75: 1 | AH75: 2 | AI75: 1 | AJ75: 2 | AK75: 2 | AL75: 2 | AM75: =SUM(E75:AL75) -> 97
A76: A.2 | B76: 1 | C76: 1. ZULFIKAR ARSE SADIKIN, S.I.P., M.Si. | E76: 1 | F76: 11 | G76: 1 | H76: 5 | I76: 5 | J76: 6 | K76: 4 | L76: 11 | M76: 10 | N76: 5 | O76: 4 | P76: 14 | Q76: 10 | R76: 17 | S76: 5 | T76: 7 | U76: 15 | V76: 16 | W76: 7 | X76: 17 | Y76: 11 | Z76: 15 | AA76: 11 | AB76: 9 | AC76: 4 | AD76: 5 | AE76: 9 | AF76: 6 | AG76: 2 | AH76: 2 | AI76: 5 | AJ76: 34 | AK76: 12 | AL76: 0 | AM76: =SUM(E76:AL76) -> 296
B77: 2 | C77: 2. HANDOKO | E77: 5 | F77: 4 | G77: 2 | H77: 2 | I77: 3 | J77: 1 | K77: 1 | L77: 3 | M77: 6 | N77: 2 | O77: 2 | P77: 2 | Q77: 17 | R77: 4 | S77: 13 | T77: 32 | U77: 22 | V77: 39 | W77: 12 | X77: 0 | Y77: 0 | Z77: 0 | AA77: 7 | AB77: 1 | AC77: 4 | AD77: 1 | AE77: 3 | AF77: 5 | AG77: 5 | AH77: 0 | AI77: 2 | AJ77: 1 | AK77: 2 | AL77: 1 | AM77: =SUM(E77:AL77) -> 204
B78: 3 | C78: 3. Hj. OVI DEWI YANTI | E78: 0 | F78: 1 | G78: 0 | H78: 1 | I78: 0 | J78: 0 | K78: 0 | L78: 0 | M78: 0 | N78: 0 | O78: 0 | P78: 1 | Q78: 0 | R78: 1 | S78: 0 | T78: 0 | U78: 0 | V78: 1 | W78: 0 | X78: 1 | Y78: 0 | Z78: 0 | AA78: 0 | AB78: 0 | AC78: 0 | AD78: 0 | AE78: 2 | AF78: 0 | AG78: 0 | AH78: 0 | AI78: 0 | AJ78: 1 | AK78: 0 | AL78: 0 | AM78: =SUM(E78:AL78) -> 9
B79: 4 | C79: 4. Ir. AZAM AZMAN NATAWIJANA | E79: 0 | F79: 0 | G79: 0 | H79: 1 | I79: 1 | J79: 2 | K79: 0 | L79: 0 | M79: 2 | N79: 0 | O79: 0 | P79: 0 | Q79: 0 | R79: 0 | S79: 2 | T79: 0 | U79: 1 | V79: 0 | W79: 1 | X79: 0 | Y79: 0 | Z79: 0 | AA79: 0 | AB79: 0 | AC79: 1 | AD79: 0 | AE79: 0 | AF79: 0 | AG79: 0 | AH79: 0 | AI79: 0 | AJ79: 0 | AK79: 1 | AL79: 0 | AM79: =SUM(E79:AL79) -> 12
B80: 5 | C80: 5. UBAIDILLAH AMIN, S.Kom. | E80: 1 | F80: 14 | G80: 5 | H80: 2 | I80: 0 | J80: 4 | K80: 8 | L80: 5 | M80: 2 | N80: 1 | O80: 2 | P80: 6 | Q80: 5 | R80: 3 | S80: 0 | T80: 0 | U80: 6 | V80: 3 | W80: 4 | X80: 5 | Y80: 2 | Z80: 3 | AA80: 3 | AB80: 7 | AC80: 3 | AD80: 0 | AE80: 2 | AF80: 4 | AG80: 11 | AH80: 1 | AI80: 0 | AJ80: 10 | AK80: 22 | AL80: 3 | AM80: =SUM(E80:AL80) -> 147
B81: 6 | C81: 6. DENNY YUNIANDARI, S.H., M.Kn. | E81: 0 | F81: 0 | G81: 0 | H81: 0 | I81: 1 | J81: 0 | K81: 0 | L81: 0 | M81: 0 | N81: 0 | O81: 0 | P81: 0 | Q81: 1 | R81: 0 | S81: 0 | T81: 0 | U81: 0 | V81: 0 | W81: 0 | X81: 0 | Y81: 0 | Z81: 0 | AA81: 0 | AB81: 1 | AC81: 0 | AD81: 0 | AE81: 0 | AF81: 0 | AG81: 0 | AH81: 1 | AI81: 0 | AJ81: 0 | AK81: 1 | AL81: 0 | AM81: =SUM(E81:AL81) -> 5
B82: 7 | C82: 7. ERNADI, S.H.I. | E82: 0 | F82: 1 | G82: 0 | H82: 1 | I82: 0 | J82: 0 | K82: 0 | L82: 0 | M82: 0 | N82: 0 | O82: 0 | P82: 0 | Q82: 0 | R82: 0 | S82: 0 | T82: 0 | U82: 0 | V82: 0 | W82: 1 | X82: 0 | Y82: 0 | Z82: 0 | AA82: 0 | AB82: 1 | AC82: 0 | AD82: 0 | AE82: 0 | AF82: 0 | AG82: 1 | AH82: 0 | AI82: 0 | AJ82: 0 | AK82: 0 | AL82: 0 | AM82: =SUM(E82:AL82) -> 5
A83: B | B83: JUMLAH SUARA SAH PARTAI POLITIK DAN CALON (A1 + A2) | E83: =SUM(E75:E82) -> 9 | F83: =SUM(F75:F82) -> 35 | G83: =SUM(G75:G82) -> 10 | H83: =SUM(H75:H82) -> 15 | I83: =SUM(I75:I82) -> 13 | J83: =SUM(J75:J82) -> 14 | K83: =SUM(K75:K82) -> 15 | L83: =SUM(L75:L82) -> 20 | ... AM83: =SUM(AM75:AM82) -> 775
A85: A.1 | B85: 5. | C85: Partai NasDem | E85: 0 | F85: 3 | G85: 0 | H85: 0 | I85: 1 | J85: 0 | K85: 1 | L85: 1 | M85: 0 | N85: 0 | O85: 0 | P85: 2 | Q85: 1 | R85: 0 | S85: 0 | T85: 2 | U85: 4 | V85: 1 | W85: 1 | X85: 0 | Y85: 0 | Z85: 2 | AA85: 0 | AB85: 1 | AC85: 0 | AD85: 0 | AE85: 0 | AF85: 0 | AG85: 1 | AH85: 0 | AI85: 0 | AJ85: 1 | AK85: 2 | AL85: 2 | AM85: =SUM(E85:AL85) -> 26
A86: A.2 | B86: 1 | C86: 1. ACH. FADIL MUZAKKI SYAH | E86: 0 | F86: 1 | G86: 0 | H86: 0 | I86: 2 | J86: 2 | K86: 0 | L86: 0 | M86: 0 | N86: 1 | O86: 0 | P86: 0 | Q86: 0 | R86: 1 | S86: 0 | T86: 0 | U86: 0 | V86: 0 | W86: 0 | X86: 0 | Y86: 0 | Z86: 3 | AA86: 2 | AB86: 1 | AC86: 0 | AD86: 0 | AE86: 0 | AF86: 0 | AG86: 0 | AH86: 0 | AI86: 1 | AJ86: 2 | AK86: 1 | AL86: 1 | AM86: =SUM(E86:AL86) -> 18
B87: 2 | C87: 2. BENY | E87: 0 | F87: 0 | G87: 1 | H87: 0 | I87: 0 | J87: 0 | K87: 0 | L87: 0 | M87: 1 | N87: 0 | O87: 0 | P87: 0 | Q87: 4 | R87: 1 | S87: 0 | T87: 0 | U87: 0 | V87: 0 | W87: 3 | X87: 1 | Y87: 0 | Z87: 0 | AA87: 0 | AB87: 0 | AC87: 0 | AD87: 0 | AE87: 1 | AF87: 1 | AG87: 0 | AH87: 1 | AI87: 0 | AJ87: 0 | AK87: 1 | AL87: 2 | AM87: =SUM(E87:AL87) -> 17
B88: 3 | C88: 3. VINA VERONIKA | E88: 0 | F88: 0 | G88: 1 | H88: 0 | I88: 0 | J88: 0 | K88: 0 | L88: 0 | M88: 0 | N88: 0 | O88: 0 | P88: 0 | Q88: 0 | R88: 0 | S88: 0 | T88: 0 | U88: 0 | V88: 0 | W88: 0 | X88: 2 | Y88: 0 | Z88: 0 | AA88: 0 | AB88: 0 | AC88: 0 | AD88: 0 | AE88: 0 | AF88: 0 | AG88: 0 | AH88: 1 | AI88: 0 | AJ88: 0 | AK88: 0 | AL88: 0 | AM88: =SUM(E88:AL88) -> 4
B89: 4 | C89: 4. TEDDY ANUGRIANTO | E89: 2 | F89: 0 | G89: 0 | H89: 0 | I89: 1 | J89: 2 | K89: 0 | L89: 0 | M89: 0 | N89: 0 | O89: 0 | P89: 1 | Q89: 0 | R89: 1 | S89: 0 | T89: 1 | U89: 1 | V89: 0 | W89: 1 | X89: 0 | Y89: 0 | Z89: 0 | AA89: 0 | AB89: 0 | AC89: 2 | AD89: 0 | AE89: 0 | AF89: 1 | AG89: 1 | AH89: 0 | AI89: 0 | AJ89: 0 | AK89: 0 | AL89: 0 | AM89: =SUM(E89:AL89) -> 14
B90: 5 | C90: 5. INSAN KAMIL | E90: 0 | F90: 1 | G90: 0 | H90: 1 | I90: 0 | J90: 0 | K90: 1 | L90: 0 | M90: 0 | N90: 0 | O90: 0 | P90: 0 | Q90: 0 | R90: 0 | S90: 0 | T90: 0 | U90: 0 | V90: 1 | W90: 0 | X90: 0 | Y90: 0 | Z90: 0 | AA90: 0 | AB90: 0 | AC90: 0 | AD90: 0 | AE90: 0 | AF90: 0 | AG90: 0 | AH90: 0 | AI90: 0 | AJ90: 0 | AK90: 0 | AL90: 0 | AM90: =SUM(E90:AL90) -> 4
B91: 6 | C91: 6. LILIK LINDARWATI | E91: 0 | F91: 0 | G91: 0 | H91: 0 | I91: 0 | J91: 0 | K91: 0 | L91: 0 | M91: 1 | N91: 0 | O91: 0 | P91: 0 | Q91: 0 | R91: 0 | S91: 0 | T91: 0 | U91: 0 | V91: 0 | W91: 0 | X91: 0 | Y91: 0 | Z91: 0 | AA91: 0 | AB91: 1 | AC91: 0 | AD91: 0 | AE91: 0 | AF91: 0 | AG91: 0 | AH91: 0 | AI91: 0 | AJ91: 1 | AK91: 0 | AL91: 1 | AM91: =SUM(E91:AL91) -> 4
B92: 7 | C92: 7. YULI ANITA | E92: 0 | F92: 0 | G92: 0 | H92: 0 | I92: 0 | J92: 0 | K92: 0 | L92: 0 | M92: 0 | N92: 0 | O92: 0 | P92: 0 | Q92: 0 | R92: 0 | S92: 0 | T92: 0 | U92: 0 | V92: 0 | W92: 0 | X92: 0 | Y92: 0 | Z92: 0 | AA92: 0 | AB92: 0 | AC92: 0 | AD92: 0 | AE92: 0 | AF92: 0 | AG92: 0 | AH92: 0 | AI92: 0 | AJ92: 0 | AK92: 0 | AL92: 0 | AM92: =SUM(E92:AL92) -> 0
A93: B | B93: JUMLAH SUARA SAH PARTAI POLITIK DAN CALON (A1 + A2) | E93: =SUM(E85:E92) -> 2 | F93: =SUM(F85:F92) -> 5 | G93: =SUM(G85:G92) -> 2 | H93: =SUM(H85:H92) -> 1 | I93: =SUM(I85:I92) -> 4 | J93: =SUM(J85:J92) -> 4 | K93: =SUM(K85:K92) -> 2 | L93: =SUM(L85:L92) -> 1 | ... AM93: =SUM(AM85:AM92) -> 87
A95: A.1 | B95: 6. | C95: Partai Buruh | E95: 0 | F95: 1 | G95: 0 | H95: 1 | I95: 0 | J95: 0 | K95: 0 | L95: 1 | M95: 0 | N95: 0 | O95: 0 | P95: 0 | Q95: 1 | R95: 0 | S95: 0 | T95: 0 | U95: 1 | V95: 0 | W95: 0 | X95: 0 | Y95: 0 | Z95: 0 | AA95: 0 | AB95: 0 | AC95: 0 | AD95: 0 | AE95: 0 | AF95: 0 | AG95: 1 | AH95: 0 | AI95: 2 | AJ95: 1 | AK95: 2 | AL95: 0 | AM95: =SUM(E95:AL95) -> 11
A96: A.2 | B96: 1 | C96: 1. KHOIRUL ANAM | E96: 1 | F96: 0 | G96: 0 | H96: 1 | I96: 1 | J96: 2 | K96: 1 | L96: 0 | M96: 0 | N96: 1 | O96: 0 | P96: 0 | Q96: 0 | R96: 0 | S96: 0 | T96: 0 | U96: 0 | V96: 0 | W96: 1 | X96: 1 | Y96: 0 | Z96: 0 | AA96: 0 | AB96: 0 | AC96: 0 | AD96: 0 | AE96: 0 | AF96: 0 | AG96: 1 | AH96: 0 | AI96: 0 | AJ96: 0 | AK96: 1 | AL96: 1 | AM96: =SUM(E96:AL96) -> 12
B97: 2 | C97: 2. INA KURNIA | E97: 0 | F97: 0 | G97: 0 | H97: 0 | I97: 0 | J97: 0 | K97: 0 | L97: 0 | M97: 0 | N97: 0 | O97: 0 | P97: 0 | Q97: 0 | R97: 1 | S97: 0 | T97: 0 | U97: 0 | V97: 0 | W97: 0 | X97: 0 | Y97: 1 | Z97: 0 | AA97: 0 | AB97: 0 | AC97: 0 | AD97: 0 | AE97: 0 | AF97: 0 | AG97: 1 | AH97: 0 | AI97: 0 | AJ97: 0 | AK97: 0 | AL97: 0 | AM97: =SUM(E97:AL97) -> 3
B98: 3 | C98: 3. JIBRAL TAROUK | E98: 0 | F98: 0 | G98: 0 | H98: 0 | I98: 1 | J98: 0 | K98: 0 | L98: 0 | M98: 0 | N98: 0 | O98: 0 | P98: 0 | Q98: 0 | R98: 0 | S98: 0 | T98: 0 | U98: 0 | V98: 0 | W98: 0 | X98: 0 | Y98: 0 | Z98: 1 | AA98: 0 | AB98: 0 | AC98: 0 | AD98: 0 | AE98: 0 | AF98: 0 | AG98: 0 | AH98: 0 | AI98: 0 | AJ98: 0 | AK98: 0 | AL98: 0 | AM98: =SUM(E98:AL98) -> 2
B99: 4 | C99: 4. ASTUTI DAENG PUJI | E99: 0 | F99: 0 | G99: 1 | H99: 0 | I99: 0 | J99: 0 | K99: 0 | L99: 0 | M99: 0 | N99: 0 | O99: 0 | P99: 0 | Q99: 0 | R99: 0 | S99: 0 | T99: 0 | U99: 0 | V99: 0 | W99: 0 | X99: 0 | Y99: 0 | Z99: 0 | AA99: 0 | AB99: 0 | AC99: 0 | AD99: 0 | AE99: 0 | AF99: 0 | AG99: 0 | AH99: 0 | AI99: 0 | AJ99: 0 | AK99: 0 | AL99: 0 | AM99: =SUM(E99:AL99) -> 1
B100: 5 | C100: 5. ASDARMAWAN | E100: 0 | F100: 0 | G100: 0 | H100: 0 | I100: 0 | J100: 0 | K100: 0 | L100: 0 | M100: 0 | N100: 0 | O100: 0 | P100: 0 | Q100: 0 | R100: 0 | S100: 0 | T100: 0 | U100: 0 | V100: 0 | W100: 0 | X100: 0 | Y100: 0 | Z100: 0 | AA100: 0 | AB100: 0 | AC100: 0 | AD100: 0 | AE100: 0 | AF100: 0 | AG100: 0 | AH100: 0 | AI100: 0 | AJ100: 0 | AK100: 0 | AL100: 0 | AM100: =SUM(E100:AL100) -> 0
B101: 6 | C101: 6. RIFQI MUBAROK | E101: 0 | F101: 0 | G101: 0 | H101: 0 | I101: 0 | J101: 0 | K101: 0 | L101: 0 | M101: 0 | N101: 0 | O101: 0 | P101: 0 | Q101: 0 | R101: 0 | S101: 0 | T101: 0 | U101: 0 | V101: 0 | W101: 0 | X101: 0 | Y101: 0 | Z101: 0 | AA101: 0 | AB101: 0 | AC101: 0 | AD101: 0 | AE101: 0 | AF101: 0 | AG101: 0 | AH101: 0 | AI101: 0 | AJ101: 0 | AK101: 0 | AL101: 0 | AM101: =SUM(E101:AL101) -> 0
B102: 7 | C102: 7. FIRNANDA ALTA MEGA | E102: 0 | F102: 0 | G102: 0 | H102: 0 | I102: 0 | J102: 0 | K102: 0 | L102: 0 | M102: 0 | N102: 0 | O102: 0 | P102: 0 | Q102: 0 | R102: 0 | S102: 0 | T102: 0 | U102: 0 | V102: 0 | W102: 0 | X102: 0 | Y102: 0 | Z102: 0 | AA102: 0 | AB102: 0 | AC102: 0 | AD102: 1 | AE102: 0 | AF102: 0 | AG102: 0 | AH102: 0 | AI102: 0 | AJ102: 0 | AK102: 0 | AL102: 0 | AM102: =SUM(E102:AL102) -> 1
A103: B | B103: JUMLAH SUARA SAH PARTAI POLITIK DAN CALON (A1 + A2) | E103: =SUM(E95:E102) -> 1 | F103: =SUM(F95:F102) -> 1 | G103: =SUM(G95:G102) -> 1 | H103: =SUM(H95:H102) -> 2 | I103: =SUM(I95:I102) -> 2 | J103: =SUM(J95:J102) -> 2 | K103: =SUM(K95:K102) -> 1 | L103: =SUM(L95:L102) -> 1 | ... AM103: =SUM(AM95:AM102) -> 30
A105: A.1 | B105: 7. | C105: Partai Gelombang Rakyat Indonesia | E105: 1 | F105: 1 | G105: 0 | H105: 0 | I105: 0 | J105: 3 | K105: 0 | L105: 0 | M105: 0 | N105: 0 | O105: 0 | P105: 1 | Q105: 3 | R105: 0 | S105: 0 | T105: 0 | U105: 0 | V105: 1 | W105: 0 | X105: 0 | Y105: 0 | Z105: 0 | AA105: 1 | AB105: 0 | AC105: 1 | AD105: 1 | AE105: 0 | AF105: 0 | AG105: 3 | AH105: 1 | AI105: 1 | AJ105: 1 | AK105: 0 | AL105: 1 | AM105: =SUM(E105:AL105) -> 20
A106: A.2 | B106: 1 | C106: 1. TITI WIDORETNO WARISMAN | E106: 0 | F106: 0 | G106: 0 | H106: 1 | I106: 0 | J106: 0 | K106: 0 | L106: 1 | M106: 1 | N106: 0 | O106: 0 | P106: 0 | Q106: 0 | R106: 0 | S106: 0 | T106: 0 | U106: 0 | V106: 0 | W106: 0 | X106: 0 | Y106: 0 | Z106: 1 | AA106: 1 | AB106: 0 | AC106: 0 | AD106: 0 | AE106: 0 | AF106: 0 | AG106: 0 | AH106: 0 | AI106: 1 | AJ106: 0 | AK106: 0 | AL106: 0 | AM106: =SUM(E106:AL106) -> 6
B107: 2 | C107: 2. MAMIEK SETYANINGSIH | E107: 0 | F107: 0 | G107: 0 | H107: 0 | I107: 0 | J107: 0 | K107: 0 | L107: 0 | M107: 1 | N107: 0 | O107: 0 | P107: 0 | Q107: 1 | R107: 0 | S107: 0 | T107: 0 | U107: 0 | V107: 0 | W107: 0 | X107: 0 | Y107: 0 | Z107: 0 | AA107: 0 | AB107: 0 | AC107: 0 | AD107: 1 | AE107: 0 | AF107: 0 | AG107: 1 | AH107: 0 | AI107: 0 | AJ107: 0 | AK107: 0 | AL107: 0 | AM107: =SUM(E107:AL107) -> 4
B108: 3 | C108: 3. ROMIL AZIZEN | E108: 0 | F108: 0 | G108: 0 | H108: 0 | I108: 0 | J108: 0 | K108: 0 | L108: 0 | M108: 0 | N108: 0 | O108: 0 | P108: 0 | Q108: 0 | R108: 0 | S108: 0 | T108: 0 | U108: 0 | V108: 0 | W108: 0 | X108: 0 | Y108: 0 | Z108: 0 | AA108: 0 | AB108: 0 | AC108: 0 | AD108: 0 | AE108: 0 | AF108: 0 | AG108: 0 | AH108: 0 | AI108: 0 | AJ108: 0 | AK108: 0 | AL108: 0 | AM108: =SUM(E108:AL108) -> 0
A109: B | B109: JUMLAH SUARA SAH PARTAI POLITIK DAN CALON (A1 + A2) | E109: =SUM(E105:E108) -> 1 | F109: =SUM(F105:F108) -> 1 | G109: =SUM(G105:G108) -> 0 | H109: =SUM(H105:H108) -> 1 | I109: =SUM(I105:I108) -> 0 | J109: =SUM(J105:J108) -> 3 | K109: =SUM(K105:K108) -> 0 | L109: =SUM(L105:L108) -> 1 | ... AM109: =SUM(AM105:AM108) -> 30
A111: A.1 | B111: 8. | C111: Partai Keadilan Sejahtera | E111: 0 | F111: 0 | G111: 1 | H111: 0 | I111: 0 | J111: 0 | K111: 0 | L111: 0 | M111: 0 | N111: 0 | O111: 0 | P111: 1 | Q111: 0 | R111: 0 | S111: 1 | T111: 1 | U111: 0 | V111: 0 | W111: 0 | X111: 0 | Y111: 1 | Z111: 0 | AA111: 0 | AB111: 0 | AC111: 0 | AD111: 2 | AE111: 0 | AF111: 0 | AG111: 1 | AH111: 0 | AI111: 0 | AJ111: 0 | AK111: 0 | AL111: 0 | AM111: =SUM(E111:AL111) -> 8
A112: A.2 | B112: 1 | C112: 1. H. SAIMI SALEH, S.E., M.M. | E112: 0 | F112: 1 | G112: 0 | H112: 0 | I112: 0 | J112: 0 | K112: 0 | L112: 0 | M112: 0 | N112: 1 | O112: 0 | P112: 0 | Q112: 0 | R112: 1 | S112: 1 | T112: 4 | U112: 4 | V112: 3 | W112: 1 | X112: 1 | Y112: 0 | Z112: 0 | AA112: 0 | AB112: 0 | AC112: 0 | AD112: 0 | AE112: 1 | AF112: 0 | AG112: 0 | AH112: 0 | AI112: 0 | AJ112: 0 | AK112: 2 | AL112: 2 | AM112: =SUM(E112:AL112) -> 22
B113: 2 | C113: 2. Prof. Dr. H. EGGI SUDJANA, S.H., M.Si. | E113: 0 | F113: 2 | G113: 0 | H113: 0 | I113: 0 | J113: 0 | K113: 0 | L113: 0 | M113: 0 | N113: 0 | O113: 0 | P113: 0 | Q113: 2 | R113: 0 | S113: 0 | T113: 0 | U113: 0 | V113: 0 | W113: 0 | X113: 0 | Y113: 0 | Z113: 3 | AA113: 0 | AB113: 0 | AC113: 0 | AD113: 2 | AE113: 0 | AF113: 0 | AG113: 1 | AH113: 0 | AI113: 0 | AJ113: 0 | AK113: 0 | AL113: 0 | AM113: =SUM(E113:AL113) -> 10
B114: 3 | C114: 3. NURUL KHOTIMAH | E114: 0 | F114: 0 | G114: 0 | H114: 0 | I114: 1 | J114: 0 | K114: 0 | L114: 0 | M114: 0 | N114: 0 | O114: 0 | P114: 0 | Q114: 0 | R114: 0 | S114: 0 | T114: 1 | U114: 0 | V114: 0 | W114: 0 | X114: 0 | Y114: 0 | Z114: 0 | AA114: 0 | AB114: 0 | AC114: 0 | AD114: 0 | AE114: 0 | AF114: 0 | AG114: 0 | AH114: 0 | AI114: 0 | AJ114: 0 | AK114: 0 | AL114: 0 | AM114: =SUM(E114:AL114) -> 2
B115: 4 | C115: 4. AKHMAD SUYANTO, S.T., M.T. | E115: 0 | F115: 0 | G115: 0 | H115: 0 | I115: 0 | J115: 0 | K115: 0 | L115: 0 | M115: 0 | N115: 0 | O115: 0 | P115: 0 | Q115: 0 | R115: 0 | S115: 1 | T115: 0 | U115: 0 | V115: 0 | W115: 0 | X115: 0 | Y115: 0 | Z115: 0 | AA115: 0 | AB115: 0 | AC115: 0 | AD115: 0 | AE115: 0 | AF115: 0 | AG115: 0 | AH115: 0 | AI115: 0 | AJ115: 0 | AK115: 0 | AL115: 0 | AM115: =SUM(E115:AL115) -> 1
B116: 5 | C116: 5. PUJIYATNI | E116: 0 | F116: 0 | G116: 0 | H116: 0 | I116: 0 | J116: 0 | K116: 0 | L116: 0 | M116: 0 | N116: 0 | O116: 0 | P116: 0 | Q116: 0 | R116: 0 | S116: 0 | T116: 0 | U116: 0 | V116: 0 | W116: 0 | X116: 0 | Y116: 0 | Z116: 1 | AA116: 0 | AB116: 0 | AC116: 0 | AD116: 0 | AE116: 0 | AF116: 0 | AG116: 0 | AH116: 0 | AI116: 0 | AJ116: 0 | AK116: 0 | AL116: 0 | AM116: =SUM(E116:AL116) -> 1
B117: 6 | C117: 6. HENI PURWATININGSIH | E117: 0 | F117: 0 | G117: 0 | H117: 0 | I117: 0 | J117: 0 | K117: 0 | L117: 0 | M117: 0 | N117: 0 | O117: 0 | P117: 0 | Q117: 0 | R117: 0 | S117: 0 | T117: 0 | U117: 0 | V117: 0 | W117: 0 | X117: 0 | Y117: 0 | Z117: 0 | AA117: 0 | AB117: 0 | AC117: 1 | AD117: 0 | AE117: 0 | AF117: 0 | AG117: 0 | AH117: 0 | AI117: 0 | AJ117: 0 | AK117: 0 | AL117: 0 | AM117: =SUM(E117:AL117) -> 1
B118: 7 | C118: 7. MUHADI | E118: 0 | F118: 0 | G118: 0 | H118: 0 | I118: 0 | J118: 0 | K118: 0 | L118: 0 | M118: 0 | N118: 0 | O118: 0 | P118: 0 | Q118: 0 | R118: 0 | S118: 0 | T118: 0 | U118: 0 | V118: 0 | W118: 0 | X118: 0 | Y118: 0 | Z118: 1 | AA118: 0 | AB118: 0 | AC118: 0 | AD118: 0 | AE118: 0 | AF118: 0 | AG118: 0 | AH118: 0 | AI118: 0 | AJ118: 0 | AK118: 1 | AL118: 0 | AM118: =SUM(E118:AL118) -> 2
...

Sheet KEDUNGWUNGU
C2: Kecamatan | D2: TEGALDLIMO
C3: Kabupaten | D3: BANYUWANGI
C4: Provinsi | D4: JAWA TIMUR
C9: Kelurahan | D9: KEDUNGWUNGU
A12: I | B12: DATA PEMILIH DAN PENGGUNAAN HAK PILIH | AF12: JUMLAH AKHIR
A13: A | B13: DATA PEMILIH | E13: TPS 001 | F13: TPS 002 | G13: TPS 003 | H13: TPS 004 | I13: TPS 005 | J13: TPS 006 | K13: TPS 007 | L13: TPS 008 | M13: TPS 009 | N13: TPS 010 | O13: TPS 011 | P13: TPS 012 | Q13: TPS 013 | R13: TPS 014 | S13: TPS 015 | T13: TPS 016 | U13: TPS 017 | V13: TPS 018 | W13: TPS 019 | X13: TPS 020 | Y13: TPS 021 | Z13: TPS 022 | AA13: TPS 023 | AB13: TPS 024 | AC13: TPS 025 | AD13: TPS 026 | AE13: TPS 027
B14: Jumlah Pemilih dalam Daftar Pemilih Tetap (DPT) | D14: LK | E14: 121 | F14: 121 | G14: 145 | H14: 129 | I14: 120 | J14: 134 | K14: 117 | L14: 139 | M14: 91 | N14: 126 | O14: 144 | P14: 132 | Q14: 104 | R14: 147 | S14: 143 | T14: 146 | U14: 136 | V14: 143 | W14: 118 | X14: 145 | Y14: 139 | Z14: 141 | AA14: 140 | AB14: 154 | AC14: 149 | AD14: 104 | AE14: 104 | AF14: =SUM(E14:AE14) -> 3532
D15: PR | E15: 121 | F15: 125 | G15: 132 | H15: 131 | I15: 128 | J15: 123 | K15: 130 | L15: 139 | M15: 97 | N15: 125 | O15: 137 | P15: 135 | Q15: 113 | R15: 119 | S15: 138 | T15: 141 | U15: 145 | V15: 143 | W15: 104 | X15: 133 | Y15: 143 | Z15: 145 | AA15: 140 | AB15: 139 | AC15: 144 | AD15: 104 | AE15: 119 | AF15: =SUM(E15:AE15) -> 3493
D16: JML | E16: =SUM(E14:E15) -> 242 | F16: =SUM(F14:F15) -> 246 | G16: =SUM(G14:G15) -> 277 | H16: =SUM(H14:H15) -> 260 | I16: =SUM(I14:I15) -> 248 | J16: =SUM(J14:J15) -> 257 | K16: =SUM(K14:K15) -> 247 | L16: =SUM(L14:L15) -> 278 | ... AE16: =SUM(AE14:AE15) -> 223 | AF16: =SUM(E16:AE16) -> 7025
A18: B | B18: PENGGUNA HAK PILIH
B19: 1. | C19: Jumlah pengguna hak pilih dalam Daftar Pemilih Tetap (DPT) | D19: LK | E19: 83 | F19: 95 | G19: 107 | H19: 104 | I19: 95 | J19: 106 | K19: 100 | L19: 98 | M19: 78 | N19: 103 | O19: 102 | P19: 102 | Q19: 92 | R19: 128 | S19: 113 | T19: 108 | U19: 119 | V19: 104 | W19: 77 | X19: 106 | Y19: 102 | Z19: 107 | AA19: 106 | AB19: 123 | AC19: 115 | AD19: 69 | AE19: 79 | AF19: =SUM(E19:AE19) -> 2721
D20: PR | E20: 93 | F20: 97 | G20: 108 | H20: 113 | I20: 96 | J20: 99 | K20: 113 | L20: 108 | M20: 80 | N20: 97 | O20: 122 | P20: 111 | Q20: 99 | R20: 104 | S20: 112 | T20: 105 | U20: 124 | V20: 114 | W20: 73 | X20: 99 | Y20: 110 | Z20: 118 | AA20: 110 | AB20: 106 | AC20: 103 | AD20: 68 | AE20: 94 | AF20: =SUM(E20:AE20) -> 2776
D21: JML | E21: =SUM(E19:E20) -> 176 | F21: =SUM(F19:F20) -> 192 | G21: =SUM(G19:G20) -> 215 | H21: =SUM(H19:H20) -> 217 | I21: =SUM(I19:I20) -> 191 | J21: =SUM(J19:J20) -> 205 | K21: =SUM(K19:K20) -> 213 | L21: =SUM(L19:L20) -> 206 | ... AE21: =SUM(AE19:AE20) -> 173 | AF21: =SUM(E21:AE21) -> 5497
B22: 2. | C22: Jumlah pengguna hak pilih dalam Daftar Pemilih Tambahan (DPTb) | D22: LK | E22: 0 | F22: 0 | G22: 0 | H22: 0 | I22: 0 | J22: 0 | K22: 0 | L22: 0 | M22: 0 | N22: 0 | O22: 0 | P22: 0 | Q22: 0 | R22: 0 | S22: 0 | T22: 0 | U22: 0 | V22: 0 | W22: 0 | X22: 0 | Y22: 0 | Z22: 0 | AA22: 1 | AB22: 0 | AC22: 0 | AD22: 0 | AE22: 0 | AF22: =SUM(E22:AE22) -> 1
D23: PR | E23: 0 | F23: 0 | G23: 0 | H23: 0 | I23: 0 | J23: 0 | K23: 0 | L23: 0 | M23: 0 | N23: 0 | O23: 0 | P23: 0 | Q23: 0 | R23: 0 | S23: 0 | T23: 0 | U23: 0 | V23: 0 | W23: 0 | X23: 0 | Y23: 0 | Z23: 0 | AA23: 0 | AB23: 0 | AC23: 0 | AD23: 0 | AE23: 0 | AF23: =SUM(E23:AE23) -> 0
D24: JML | E24: =SUM(E22:E23) -> 0 | F24: =SUM(F22:F23) -> 0 | G24: =SUM(G22:G23) -> 0 | H24: =SUM(H22:H23) -> 0 | I24: =SUM(I22:I23) -> 0 | J24: =SUM(J22:J23) -> 0 | K24: =SUM(K22:K23) -> 0 | L24: =SUM(L22:L23) -> 0 | ... AE24: =SUM(AE22:AE23) -> 0 | AF24: =SUM(E24:AE24) -> 1
B25: 3. | C25: Jumlah pengguna hak pilih dalam Daftar Pemilih Khusus (DPK) | D25: LK | E25: 0 | F25: 0 | G25: 0 | H25: 0 | I25: 0 | J25: 0 | K25: 0 | L25: 0 | M25: 0 | N25: 0 | O25: 0 | P25: 0 | Q25: 0 | R25: 0 | S25: 0 | T25: 0 | U25: 0 | V25: 0 | W25: 0 | X25: 0 | Y25: 0 | Z25: 0 | AA25: 0 | AB25: 0 | AC25: 0 | AD25: 0 | AE25: 0 | AF25: =SUM(E25:AE25) -> 0
D26: PR | E26: 0 | F26: 0 | G26: 0 | H26: 0 | I26: 0 | J26: 0 | K26: 0 | L26: 0 | M26: 0 | N26: 0 | O26: 0 | P26: 3 | Q26: 0 | R26: 0 | S26: 0 | T26: 0 | U26: 0 | V26: 0 | W26: 0 | X26: 0 | Y26: 0 | Z26: 0 | AA26: 0 | AB26: 0 | AC26: 0 | AD26: 0 | AE26: 0 | AF26: =SUM(E26:AE26) -> 3
D27: JML | E27: =SUM(E25:E26) -> 0 | F27: =SUM(F25:F26) -> 0 | G27: =SUM(G25:G26) -> 0 | H27: =SUM(H25:H26) -> 0 | I27: =SUM(I25:I26) -> 0 | J27: =SUM(J25:J26) -> 0 | K27: =SUM(K25:K26) -> 0 | L27: =SUM(L25:L26) -> 0 | ... AE27: =SUM(AE25:AE26) -> 0 | AF27: =SUM(E27:AE27) -> 3
B28: 4. | C28: Jumlah Pengguna Hak Pilih (B.1+B.2+B.3) | D28: LK | E28: =SUM(E19,E22,E25) -> 83 | F28: =SUM(F19,F22,F25) -> 95 | G28: =SUM(G19,G22,G25) -> 107 | H28: =SUM(H19,H22,H25) -> 104 | I28: =SUM(I19,I22,I25) -> 95 | J28: =SUM(J19,J22,J25) -> 106 | K28: =SUM(K19,K22,K25) -> 100 | L28: =SUM(L19,L22,L25) -> 98 | ... AE28: =SUM(AE19,AE22,AE25) -> 79 | AF28: =SUM(E28:AE28) -> 2722
D29: PR | E29: =SUM(E20,E23,E26) -> 93 | F29: =SUM(F20,F23,F26) -> 97 | G29: =SUM(G20,G23,G26) -> 108 | H29: =SUM(H20,H23,H26) -> 113 | I29: =SUM(I20,I23,I26) -> 96 | J29: =SUM(J20,J23,J26) -> 99 | K29: =SUM(K20,K23,K26) -> 113 | L29: =SUM(L20,L23,L26) -> 108 | ... AE29: =SUM(AE20,AE23,AE26) -> 94 | AF29: =SUM(E29:AE29) -> 2779
D30: JML | E30: =SUM(E28:E29) -> 176 | F30: =SUM(F28:F29) -> 192 | G30: =SUM(G28:G29) -> 215 | H30: =SUM(H28:H29) -> 217 | I30: =SUM(I28:I29) -> 191 | J30: =SUM(J28:J29) -> 205 | K30: =SUM(K28:K29) -> 213 | L30: =SUM(L28:L29) -> 206 | ... AE30: =SUM(AE28:AE29) -> 173 | AF30: =SUM(E30:AE30) -> 5501
A32: II | B32: DATA PENGGUNAAN SURAT SUARA
A33: 1 | B33: Jumlah surat suara yang diterima, termasuk surat suara cadangan 2,5% dari DPT | E33: 247 | F33: 251 | G33: 283 | H33: 266 | I33: 253 | J33: 263 | K33: 253 | L33: 284 | M33: 192 | N33: 256 | O33: 287 | P33: 289 | Q33: 222 | R33: 272 | S33: 288 | T33: 293 | U33: 287 | V33: 292 | W33: 227 | X33: 294 | Y33: 288 | Z33: 292 | AA33: 286 | AB33: 299 | AC33: 299 | AD33: 213 | AE33: 228 | AF33: =SUM(E33:AE33) -> 7204
A34: 2 | B34: Jumlah surat suara yang digunakan | E34: 176 | F34: 192 | G34: 215 | H34: 217 | I34: 191 | J34: 205 | K34: 213 | L34: 206 | M34: 158 | N34: 200 | O34: 224 | P34: 216 | Q34: 191 | R34: 232 | S34: 225 | T34: 213 | U34: 243 | V34: 218 | W34: 150 | X34: 205 | Y34: 212 | Z34: 225 | AA34: 217 | AB34: 229 | AC34: 218 | AD34: 137 | AE34: 173 | AF34: =SUM(E34:AE34) -> 5501
A35: 3 | B35: Jumlah surat suara dikembalikan oleh pemilih (karena rusak atau keliru coblos) | E35: 0 | F35: 0 | G35: 0 | H35: 0 | I35: 0 | J35: 0 | K35: 0 | L35: 0 | M35: 0 | N35: 5 | O35: 0 | P35: 0 | Q35: 0 | R35: 0 | S35: 0 | T35: 2 | U35: 0 | V35: 0 | W35: 0 | X35: 0 | Y35: 0 | Z35: 0 | AA35: 0 | AB35: 0 | AC35: 0 | AD35: 0 | AE35: 0 | AF35: =SUM(E35:AE35) -> 7
A36: 4 | B36: Jumlah surat suara yang tidak digunakan/tidak terpakai, termasuk sisa surat suara cadangan | E36: =E33-(E34+E35) -> 71 | F36: =F33-(F34+F35) -> 59 | G36: =G33-(G34+G35) -> 68 | H36: =H33-(H34+H35) -> 49 | I36: =I33-(I34+I35) -> 62 | J36: =J33-(J34+J35) -> 58 | K36: =K33-(K34+K35) -> 40 | L36: =L33-(L34+L35) -> 78 | ... AE36: =AE33-(AE34+AE35) -> 55 | AF36: =SUM(E36:AE36) -> 1696
A38: III | B38: DATA PEMILIH DISABILITAS
B39: Jumlah seluruh Pemilih disabilitas yang menggunakan hak pilih | D39: LK | O39: 2 | AF39: =SUM(E39:AE39) -> 2
D40: PR | W40: 2 | AF40: =SUM(E40:AE40) -> 2
D41: JML | E41: =SUM(E39:E40) -> 0 | F41: =SUM(F39:F40) -> 0 | G41: =SUM(G39:G40) -> 0 | H41: =SUM(H39:H40) -> 0 | I41: =SUM(I39:I40) -> 0 | J41: =SUM(J39:J40) -> 0 | K41: =SUM(K39:K40) -> 0 | L41: =SUM(L39:L40) -> 0 | ... AE41: =SUM(AE39:AE40) -> 0 | AF41: =SUM(E41:AE41) -> 4
A43: IV | B43: DATA RINCIAN PEROLEHAN SUARA PASANGAN CALON BUPATI DAN WAKIL BUPATI
A44: NOMOR DAN NAMA CALON
A45: A.1 | B45: 1. | C45: Partai Kebangkitan Bangsa | E45: 2 | F45: 2 | G45: 10 | H45: 5 | I45: 6 | J45: 4 | K45: 7 | L45: 7 | M45: 1 | N45: 8 | O45: 9 | P45: 4 | Q45: 0 | R45: 1 | S45: 0 | T45: 8 | U45: 6 | V45: 8 | W45: 3 | X45: 7 | Y45: 7 | Z45: 4 | AA45: 5 | AB45: 12 | AC45: 4 | AD45: 9 | AE45: 3 | AF45: =SUM(E45:AE45) -> 142
A46: A.2 | B46: 1 | C46: 1. Dr. Hj. NIHAYATUL WAFIROH, M.A. | E46: 1 | F46: 1 | G46: 22 | H46: 15 | I46: 3 | J46: 6 | K46: 10 | L46: 15 | M46: 10 | N46: 9 | O46: 25 | P46: 6 | Q46: 25 | R46: 10 | S46: 14 | T46: 18 | U46: 25 | V46: 8 | W46: 9 | X46: 7 | Y46: 4 | Z46: 11 | AA46: 17 | AB46: 42 | AC46: 12 | AD46: 7 | AE46: 13 | AF46: =SUM(E46:AE46) -> 345
B47: 2 | C47: 2. H. M. NASIM KHAN | E47: 3 | F47: 0 | G47: 2 | H47: 2 | I47: 1 | J47: 2 | K47: 2 | L47: 1 | M47: 2 | N47: 3 | O47: 1 | P47: 1 | Q47: 0 | R47: 1 | S47: 0 | T47: 1 | U47: 4 | V47: 0 | W47: 1 | X47: 1 | Y47: 1 | Z47: 1 | AA47: 1 | AB47: 3 | AC47: 2 | AD47: 3 | AE47: 1 | AF47: =SUM(E47:AE47) -> 40
B48: 3 | C48: 3. Dr. H. AKIK ZAMAN, M.Pd.I. | E48: 0 | F48: 0 | G48: 0 | H48: 2 | I48: 1 | J48: 0 | K48: 0 | L48: 0 | M48: 0 | N48: 1 | O48: 0 | P48: 0 | Q48: 0 | R48: 0 | S48: 0 | T48: 0 | U48: 1 | V48: 0 | W48: 0 | X48: 0 | Y48: 1 | Z48: 0 | AA48: 0 | AB48: 0 | AC48: 0 | AD48: 1 | AE48: 0 | AF48: =SUM(E48:AE48) -> 7
B49: 4 | C49: 4. AHMAD RIFA'I, S.H. | E49: 1 | F49: 0 | G49: 2 | H49: 0 | I49: 1 | J49: 0 | K49: 0 | L49: 0 | M49: 0 | N49: 0 | O49: 0 | P49: 1 | Q49: 0 | R49: 0 | S49: 0 | T49: 0 | U49: 0 | V49: 1 | W49: 1 | X49: 0 | Y49: 1 | Z49: 2 | AA49: 3 | AB49: 0 | AC49: 3 | AD49: 0 | AE49: 0 | AF49: =SUM(E49:AE49) -> 16
B50: 5 | C50: 5. Drs. H. MAHFUD M.N. | E50: 1 | F50: 1 | G50: 1 | H50: 0 | I50: 0 | J50: 1 | K50: 0 | L50: 0 | M50: 0 | N50: 0 | O50: 0 | P50: 0 | Q50: 0 | R50: 1 | S50: 0 | T50: 0 | U50: 1 | V50: 0 | W50: 1 | X50: 1 | Y50: 0 | Z50: 0 | AA50: 1 | AB50: 1 | AC50: 1 | AD50: 0 | AE50: 0 | AF50: =SUM(E50:AE50) -> 11
B51: 6 | C51: 6. NURHAYATI, S.Pd. | E51: 0 | F51: 0 | G51: 1 | H51: 2 | I51: 0 | J51: 1 | K51: 1 | L51: 0 | M51: 0 | N51: 0 | O51: 0 | P51: 0 | Q51: 0 | R51: 0 | S51: 0 | T51: 1 | U51: 1 | V51: 0 | W51: 0 | X51: 0 | Y51: 0 | Z51: 0 | AA51: 0 | AB51: 0 | AC51: 0 | AD51: 0 | AE51: 0 | AF51: =SUM(E51:AE51) -> 7
B52: 7 | C52: 7. MAFTUHA KISWAH | E52: 0 | F52: 0 | G52: 0 | H52: 2 | I52: 0 | J52: 0 | K52: 0 | L52: 0 | M52: 0 | N52: 0 | O52: 1 | P52: 0 | Q52: 0 | R52: 0 | S52: 0 | T52: 0 | U52: 0 | V52: 0 | W52: 0 | X52: 0 | Y52: 0 | Z52: 0 | AA52: 1 | AB52: 0 | AC52: 0 | AD52: 0 | AE52: 0 | AF52: =SUM(E52:AE52) -> 4
A53: B | B53: JUMLAH SUARA SAH PARTAI POLITIK DAN CALON (A1 + A2) | E53: =SUM(E45:E52) -> 8 | F53: =SUM(F45:F52) -> 4 | G53: =SUM(G45:G52) -> 38 | H53: =SUM(H45:H52) -> 28 | I53: =SUM(I45:I52) -> 12 | J53: =SUM(J45:J52) -> 14 | K53: =SUM(K45:K52) -> 20 | L53: =SUM(L45:L52) -> 23 | ... AF53: =SUM(AF45:AF52) -> 572
A55: A.1 | B55: 2. | C55: Partai Gerakan Indonesia Raya | E55: 11 | F55: 9 | G55: 17 | H55: 14 | I55: 2 | J55: 7 | K55: 3 | L55: 7 | M55: 6 | N55: 10 | O55: 5 | P55: 4 | Q55: 2 | R55: 1 | S55: 5 | T55: 2 | U55: 7 | V55: 6 | W55: 6 | X55: 8 | Y55: 7 | Z55: 5 | AA55: 6 | AB55: 13 | AC55: 11 | AD55: 5 | AE55: 5 | AF55: =SUM(E55:AE55) -> 184
A56: A.2 | B56: 1 | C56: 1. SUMAIL ABDULLAH | E56: 5 | F56: 9 | G56: 9 | H56: 6 | I56: 3 | J56: 1 | K56: 3 | L56: 9 | M56: 6 | N56: 4 | O56: 7 | P56: 4 | Q56: 7 | R56: 10 | S56: 6 | T56: 4 | U56: 3 | V56: 12 | W56: 4 | X56: 1 | Y56: 11 | Z56: 5 | AA56: 9 | AB56: 7 | AC56: 9 | AD56: 6 | AE56: 4 | AF56: =SUM(E56:AE56) -> 164
B57: 2 | C57: 2. MUHAMMAD ALI ADRIAN SALEH | E57: 3 | F57: 0 | G57: 1 | H57: 3 | I57: 1 | J57: 8 | K57: 2 | L57: 2 | M57: 0 | N57: 7 | O57: 4 | P57: 4 | Q57: 4 | R57: 3 | S57: 3 | T57: 3 | U57: 0 | V57: 3 | W57: 3 | X57: 3 | Y57: 4 | Z57: 1 | AA57: 2 | AB57: 3 | AC57: 5 | AD57: 3 | AE57: 0 | AF57: =SUM(E57:AE57) -> 75
B58: 3 | C58: 3. DURROTUN NAFISAH | E58: 1 | F58: 1 | G58: 0 | H58: 0 | I58: 3 | J58: 1 | K58: 0 | L58: 1 | M58: 2 | N58: 3 | O58: 2 | P58: 1 | Q58: 0 | R58: 1 | S58: 0 | T58: 0 | U58: 2 | V58: 2 | W58: 1 | X58: 11 | Y58: 2 | Z58: 2 | AA58: 4 | AB58: 5 | AC58: 1 | AD58: 0 | AE58: 0 | AF58: =SUM(E58:AE58) -> 46
B59: 4 | C59: 4. H. EKO SUSILO NURHIDAYAT | E59: 4 | F59: 2 | G59: 1 | H59: 1 | I59: 1 | J59: 2 | K59: 2 | L59: 1 | M59: 0 | N59: 1 | O59: 2 | P59: 0 | Q59: 0 | R59: 0 | S59: 1 | T59: 0 | U59: 0 | V59: 0 | W59: 0 | X59: 2 | Y59: 2 | Z59: 5 | AA59: 0 | AB59: 0 | AC59: 2 | AD59: 0 | AE59: 0 | AF59: =SUM(E59:AE59) -> 29
B60: 5 | C60: 5. KARNADI HARIJANTO, S.S. | E60: 0 | F60: 0 | G60: 0 | H60: 0 | I60: 0 | J60: 0 | K60: 2 | L60: 1 | M60: 0 | N60: 0 | O60: 0 | P60: 0 | Q60: 1 | R60: 0 | S60: 1 | T60: 0 | U60: 2 | V60: 1 | W60: 1 | X60: 1 | Y60: 0 | Z60: 1 | AA60: 0 | AB60: 0 | AC60: 0 | AD60: 0 | AE60: 0 | AF60: =SUM(E60:AE60) -> 11
B61: 6 | C61: 6. NURHAYATI | E61: 0 | F61: 0 | G61: 1 | H61: 0 | I61: 0 | J61: 2 | K61: 1 | L61: 0 | M61: 2 | N61: 0 | O61: 0 | P61: 1 | Q61: 0 | R61: 0 | S61: 2 | T61: 1 | U61: 0 | V61: 0 | W61: 1 | X61: 1 | Y61: 1 | Z61: 1 | AA61: 0 | AB61: 1 | AC61: 2 | AD61: 1 | AE61: 0 | AF61: =SUM(E61:AE61) -> 18
B62: 7 | C62: 7. MASHUDI | E62: 0 | F62: 0 | G62: 0 | H62: 0 | I62: 1 | J62: 0 | K62: 0 | L62: 1 | M62: 0 | N62: 0 | O62: 1 | P62: 0 | Q62: 0 | R62: 0 | S62: 0 | T62: 0 | U62: 1 | V62: 0 | W62: 0 | X62: 0 | Y62: 1 | Z62: 0 | AA62: 0 | AB62: 0 | AC62: 0 | AD62: 1 | AE62: 1 | AF62: =SUM(E62:AE62) -> 7
A63: B | B63: JUMLAH SUARA SAH PARTAI POLITIK DAN CALON (A1 + A2) | E63: =SUM(E55:E62) -> 24 | F63: =SUM(F55:F62) -> 21 | G63: =SUM(G55:G62) -> 29 | H63: =SUM(H55:H62) -> 24 | I63: =SUM(I55:I62) -> 11 | J63: =SUM(J55:J62) -> 21 | K63: =SUM(K55:K62) -> 13 | L63: =SUM(L55:L62) -> 22 | ... AF63: =SUM(AF55:AF62) -> 534
A65: A.1 | B65: 3. | C65: Partai Demokrasi Indonesia Perjuangan | E65: 15 | F65: 7 | G65: 9 | H65: 4 | I65: 6 | J65: 6 | K65: 3 | L65: 6 | M65: 0 | N65: 9 | O65: 6 | P65: 6 | Q65: 1 | R65: 4 | S65: 11 | T65: 5 | U65: 7 | V65: 6 | W65: 3 | X65: 3 | Y65: 17 | Z65: 3 | AA65: 4 | AB65: 6 | AC65: 12 | AD65: 3 | AE65: 5 | AF65: =SUM(E65:AE65) -> 167
A66: A.2 | B66: 1 | C66: 1. SONNY TRI DANAPARAMITA, S.H., M.H. | E66: 1 | F66: 4 | G66: 1 | H66: 5 | I66: 1 | J66: 6 | K66: 1 | L66: 3 | M66: 1 | N66: 3 | O66: 6 | P66: 2 | Q66: 2 | R66: 7 | S66: 8 | T66: 4 | U66: 2 | V66: 1 | W66: 5 | X66: 9 | Y66: 2 | Z66: 4 | AA66: 4 | AB66: 14 | AC66: 2 | AD66: 2 | AE66: 3 | AF66: =SUM(E66:AE66) -> 103
B67: 2 | C67: 2. H. MOHAMAD GUNTUR ROMLI | E67: 4 | F67: 0 | G67: 2 | H67: 5 | I67: 2 | J67: 2 | K67: 0 | L67: 1 | M67: 0 | N67: 3 | O67: 4 | P67: 1 | Q67: 1 | R67: 1 | S67: 3 | T67: 1 | U67: 1 | V67: 0 | W67: 10 | X67: 3 | Y67: 1 | Z67: 1 | AA67: 2 | AB67: 8 | AC67: 9 | AD67: 3 | AE67: 4 | AF67: =SUM(E67:AE67) -> 72
B68: 3 | C68: 3. INA AMMANIA | E68: 42 | F68: 23 | G68: 1 | H68: 9 | I68: 2 | J68: 3 | K68: 0 | L68: 10 | M68: 2 | N68: 5 | O68: 33 | P68: 34 | Q68: 6 | R68: 17 | S68: 9 | T68: 20 | U68: 3 | V68: 6 | W68: 7 | X68: 11 | Y68: 13 | Z68: 4 | AA68: 1 | AB68: 4 | AC68: 2 | AD68: 3 | AE68: 7 | AF68: =SUM(E68:AE68) -> 277
B69: 4 | C69: 4. IRWAN BACHTIAR RACHMAT, M.Si. | E69: 4 | F69: 0 | G69: 2 | H69: 3 | I69: 2 | J69: 0 | K69: 1 | L69: 0 | M69: 1 | N69: 4 | O69: 2 | P69: 3 | Q69: 0 | R69: 6 | S69: 8 | T69: 3 | U69: 5 | V69: 3 | W69: 6 | X69: 0 | Y69: 3 | Z69: 0 | AA69: 1 | AB69: 1 | AC69: 4 | AD69: 0 | AE69: 4 | AF69: =SUM(E69:AE69) -> 66
B70: 5 | C70: 5. LUCKY PERDANA | E70: 2 | F70: 4 | G70: 6 | H70: 4 | I70: 2 | J70: 0 | K70: 1 | L70: 1 | M70: 5 | N70: 4 | O70: 3 | P70: 3 | Q70: 0 | R70: 0 | S70: 3 | T70: 2 | U70: 3 | V70: 2 | W70: 2 | X70: 0 | Y70: 2 | Z70: 2 | AA70: 1 | AB70: 5 | AC70: 3 | AD70: 2 | AE70: 1 | AF70: =SUM(E70:AE70) -> 63
B71: 6 | C71: 6. WIWIK PUJIYATI | E71: 5 | F71: 2 | G71: 0 | H71: 0 | I71: 1 | J71: 2 | K71: 0 | L71: 1 | M71: 0 | N71: 0 | O71: 0 | P71: 2 | Q71: 0 | R71: 1 | S71: 0 | T71: 0 | U71: 0 | V71: 0 | W71: 0 | X71: 0 | Y71: 1 | Z71: 0 | AA71: 2 | AB71: 0 | AC71: 1 | AD71: 3 | AE71: 0 | AF71: =SUM(E71:AE71) -> 21
B72: 7 | C72: 7. CHANDRA ASTAN, S.T. | E72: 3 | F72: 2 | G72: 3 | H72: 0 | I72: 1 | J72: 3 | K72: 1 | L72: 1 | M72: 0 | N72: 4 | O72: 0 | P72: 2 | Q72: 0 | R72: 0 | S72: 3 | T72: 2 | U72: 5 | V72: 0 | W72: 3 | X72: 4 | Y72: 4 | Z72: 4 | AA72: 1 | AB72: 2 | AC72: 6 | AD72: 1 | AE72: 1 | AF72: =SUM(E72:AE72) -> 56
A73: B | B73: JUMLAH SUARA SAH PARTAI POLITIK DAN CALON (A1 + A2) | E73: =SUM(E65:E72) -> 76 | F73: =SUM(F65:F72) -> 42 | G73: =SUM(G65:G72) -> 24 | H73: =SUM(H65:H72) -> 30 | I73: =SUM(I65:I72) -> 17 | J73: =SUM(J65:J72) -> 22 | K73: =SUM(K65:K72) -> 7 | L73: =SUM(L65:L72) -> 23 | ... AF73: =SUM(AF65:AF72) -> 825
A75: A.1 | B75: 4. | C75: Partai Golongan Karya | E75: 0 | F75: 2 | G75: 5 | H75: 6 | I75: 4 | J75: 3 | K75: 1 | L75: 3 | M75: 1 | N75: 0 | O75: 1 | P75: 9 | Q75: 1 | R75: 7 | S75: 8 | T75: 1 | U75: 1 | V75: 1 | W75: 4 | X75: 2 | Y75: 5 | Z75: 0 | AA75: 1 | AB75: 1 | AC75: 1 | AD75: 1 | AE75: 2 | AF75: =SUM(E75:AE75) -> 71
A76: A.2 | B76: 1 | C76: 1. ZULFIKAR ARSE SADIKIN, S.I.P., M.Si. | E76: 0 | F76: 9 | G76: 5 | H76: 5 | I76: 14 | J76: 7 | K76: 16 | L76: 6 | M76: 2 | N76: 9 | O76: 12 | P76: 27 | Q76: 62 | R76: 65 | S76: 36 | T76: 14 | U76: 1 | V76: 4 | W76: 4 | X76: 2 | Y76: 2 | Z76: 4 | AA76: 1 | AB76: 6 | AC76: 10 | AD76: 7 | AE76: 2 | AF76: =SUM(E76:AE76) -> 332
B77: 2 | C77: 2. HANDOKO | E77: 1 | F77: 18 | G77: 3 | H77: 4 | I77: 0 | J77: 3 | K77: 0 | L77: 3 | M77: 3 | N77: 1 | O77: 7 | P77: 1 | Q77: 4 | R77: 1 | S77: 3 | T77: 1 | U77: 6 | V77: 5 | W77: 3 | X77: 0 | Y77: 0 | Z77: 7 | AA77: 4 | AB77: 1 | AC77: 3 | AD77: 2 | AE77: 6 | AF77: =SUM(E77:AE77) -> 90
B78: 3 | C78: 3. Hj. OVI DEWI YANTI | E78: 0 | F78: 1 | G78: 2 | H78: 1 | I78: 0 | J78: 1 | K78: 1 | L78: 0 | M78: 0 | N78: 0 | O78: 0 | P78: 1 | Q78: 0 | R78: 1 | S78: 0 | T78: 0 | U78: 0 | V78: 0 | W78: 0 | X78: 0 | Y78: 1 | Z78: 0 | AA78: 0 | AB78: 1 | AC78: 0 | AD78: 0 | AE78: 0 | AF78: =SUM(E78:AE78) -> 10
B79: 4 | C79: 4. Ir. AZAM AZMAN NATAWIJANA | E79: 0 | F79: 0 | G79: 0 | H79: 3 | I79: 0 | J79: 0 | K79: 0 | L79: 0 | M79: 0 | N79: 0 | O79: 1 | P79: 0 | Q79: 0 | R79: 3 | S79: 0 | T79: 0 | U79: 0 | V79: 0 | W79: 1 | X79: 0 | Y79: 4 | Z79: 0 | AA79: 0 | AB79: 0 | AC79: 0 | AD79: 0 | AE79: 1 | AF79: =SUM(E79:AE79) -> 13
B80: 5 | C80: 5. UBAIDILLAH AMIN, S.Kom. | E80: 0 | F80: 2 | G80: 2 | H80: 0 | I80: 0 | J80: 3 | K80: 0 | L80: 0 | M80: 0 | N80: 0 | O80: 3 | P80: 1 | Q80: 1 | R80: 0 | S80: 0 | T80: 2 | U80: 11 | V80: 9 | W80: 0 | X80: 2 | Y80: 1 | Z80: 15 | AA80: 0 | AB80: 4 | AC80: 0 | AD80: 2 | AE80: 1 | AF80: =SUM(E80:AE80) -> 59
B81: 6 | C81: 6. DENNY YUNIANDARI, S.H., M.Kn. | E81: 0 | F81: 0 | G81: 0 | H81: 1 | I81: 0 | J81: 0 | K81: 0 | L81: 0 | M81: 0 | N81: 0 | O81: 0 | P81: 0 | Q81: 0 | R81: 0 | S81: 0 | T81: 0 | U81: 0 | V81: 1 | W81: 0 | X81: 0 | Y81: 0 | Z81: 0 | AA81: 0 | AB81: 0 | AC81: 0 | AD81: 0 | AE81: 0 | AF81: =SUM(E81:AE81) -> 2
B82: 7 | C82: 7. ERNADI, S.H.I. | E82: 0 | F82: 0 | G82: 0 | H82: 0 | I82: 0 | J82: 0 | K82: 0 | L82: 0 | M82: 0 | N82: 2 | O82: 0 | P82: 0 | Q82: 0 | R82: 0 | S82: 0 | T82: 0 | U82: 0 | V82: 1 | W82: 0 | X82: 0 | Y82: 0 | Z82: 0 | AA82: 0 | AB82: 0 | AC82: 0 | AD82: 0 | AE82: 0 | AF82: =SUM(E82:AE82) -> 3
A83: B | B83: JUMLAH SUARA SAH PARTAI POLITIK DAN CALON (A1 + A2) | E83: =SUM(E75:E82) -> 1 | F83: =SUM(F75:F82) -> 32 | G83: =SUM(G75:G82) -> 17 | H83: =SUM(H75:H82) -> 20 | I83: =SUM(I75:I82) -> 18 | J83: =SUM(J75:J82) -> 17 | K83: =SUM(K75:K82) -> 18 | L83: =SUM(L75:L82) -> 12 | ... AF83: =SUM(AF75:AF82) -> 580
A85: A.1 | B85: 5. | C85: Partai NasDem | E85: 1 | F85: 4 | G85: 3 | H85: 3 | I85: 4 | J85: 4 | K85: 1 | L85: 8 | M85: 6 | N85: 0 | O85: 0 | P85: 1 | Q85: 0 | R85: 0 | S85: 0 | T85: 1 | U85: 0 | V85: 1 | W85: 0 | X85: 0 | Y85: 0 | Z85: 0 | AA85: 1 | AB85: 0 | AC85: 1 | AD85: 0 | AE85: 0 | AF85: =SUM(E85:AE85) -> 39
A86: A.2 | B86: 1 | C86: 1. ACH. FADIL MUZAKKI SYAH | E86: 1 | F86: 4 | G86: 7 | H86: 4 | I86: 5 | J86: 6 | K86: 3 | L86: 6 | M86: 10 | N86: 3 | O86: 0 | P86: 9 | Q86: 0 | R86: 0 | S86: 0 | T86: 0 | U86: 0 | V86: 0 | W86: 0 | X86: 1 | Y86: 1 | Z86: 0 | AA86: 2 | AB86: 0 | AC86: 0 | AD86: 2 | AE86: 0 | AF86: =SUM(E86:AE86) -> 64
B87: 2 | C87: 2. BENY | E87: 0 | F87: 1 | G87: 1 | H87: 1 | I87: 0 | J87: 1 | K87: 0 | L87: 0 | M87: 1 | N87: 0 | O87: 0 | P87: 0 | Q87: 0 | R87: 0 | S87: 0 | T87: 1 | U87: 0 | V87: 0 | W87: 0 | X87: 0 | Y87: 0 | Z87: 0 | AA87: 0 | AB87: 0 | AC87: 0 | AD87: 0 | AE87: 0 | AF87: =SUM(E87:AE87) -> 6
B88: 3 | C88: 3. VINA VERONIKA | E88: 1 | F88: 0 | G88: 1 | H88: 3 | I88: 1 | J88: 2 | K88: 0 | L88: 2 | M88: 1 | N88: 1 | O88: 0 | P88: 2 | Q88: 1 | R88: 0 | S88: 0 | T88: 0 | U88: 0 | V88: 0 | W88: 0 | X88: 0 | Y88: 0 | Z88: 0 | AA88: 1 | AB88: 0 | AC88: 0 | AD88: 0 | AE88: 0 | AF88: =SUM(E88:AE88) -> 16
B89: 4 | C89: 4. TEDDY ANUGRIANTO | E89: 0 | F89: 2 | G89: 1 | H89: 0 | I89: 0 | J89: 1 | K89: 0 | L89: 5 | M89: 0 | N89: 1 | O89: 3 | P89: 0 | Q89: 0 | R89: 0 | S89: 0 | T89: 0 | U89: 1 | V89: 0 | W89: 0 | X89: 0 | Y89: 0 | Z89: 1 | AA89: 0 | AB89: 0 | AC89: 0 | AD89: 0 | AE89: 0 | AF89: =SUM(E89:AE89) -> 15
B90: 5 | C90: 5. INSAN KAMIL | E90: 0 | F90: 1 | G90: 0 | H90: 0 | I90: 0 | J90: 0 | K90: 0 | L90: 0 | M90: 0 | N90: 0 | O90: 0 | P90: 0 | Q90: 0 | R90: 0 | S90: 0 | T90: 0 | U90: 0 | V90: 0 | W90: 0 | X90: 1 | Y90: 0 | Z90: 0 | AA90: 1 | AB90: 0 | AC90: 0 | AD90: 0 | AE90: 0 | AF90: =SUM(E90:AE90) -> 3
B91: 6 | C91: 6. LILIK LINDARWATI | E91: 0 | F91: 2 | G91: 0 | H91: 1 | I91: 0 | J91: 3 | K91: 1 | L91: 1 | M91: 0 | N91: 0 | O91: 0 | P91: 0 | Q91: 0 | R91: 0 | S91: 0 | T91: 0 | U91: 0 | V91: 0 | W91: 0 | X91: 0 | Y91: 0 | Z91: 0 | AA91: 0 | AB91: 0 | AC91: 0 | AD91: 0 | AE91: 0 | AF91: =SUM(E91:AE91) -> 8
B92: 7 | C92: 7. YULI ANITA | E92: 0 | F92: 0 | G92: 0 | H92: 0 | I92: 0 | J92: 0 | K92: 0 | L92: 0 | M92: 0 | N92: 0 | O92: 0 | P92: 0 | Q92: 0 | R92: 0 | S92: 0 | T92: 0 | U92: 0 | V92: 0 | W92: 0 | X92: 0 | Y92: 0 | Z92: 1 | AA92: 0 | AB92: 0 | AC92: 0 | AD92: 0 | AE92: 0 | AF92: =SUM(E92:AE92) -> 1
A93: B | B93: JUMLAH SUARA SAH PARTAI POLITIK DAN CALON (A1 + A2) | E93: =SUM(E85:E92) -> 3 | F93: =SUM(F85:F92) -> 14 | G93: =SUM(G85:G92) -> 13 | H93: =SUM(H85:H92) -> 12 | I93: =SUM(I85:I92) -> 10 | J93: =SUM(J85:J92) -> 17 | K93: =SUM(K85:K92) -> 5 | L93: =SUM(L85:L92) -> 22 | ... AF93: =SUM(AF85:AF92) -> 152
A95: A.1 | B95: 6. | C95: Partai Buruh | E95: 1 | F95: 1 | G95: 0 | H95: 1 | I95: 0 | J95: 2 | K95: 0 | L95: 2 | M95: 1 | N95: 0 | O95: 2 | P95: 0 | Q95: 0 | R95: 0 | S95: 1 | T95: 2 | U95: 0 | V95: 0 | W95: 1 | X95: 0 | Y95: 2 | Z95: 2 | AA95: 1 | AB95: 0 | AC95: 1 | AD95: 0 | AE95: 1 | AF95: =SUM(E95:AE95) -> 21
A96: A.2 | B96: 1 | C96: 1. KHOIRUL ANAM | E96: 0 | F96: 1 | G96: 0 | H96: 0 | I96: 0 | J96: 1 | K96: 1 | L96: 0 | M96: 0 | N96: 0 | O96: 0 | P96: 0 | Q96: 0 | R96: 1 | S96: 1 | T96: 0 | U96: 1 | V96: 0 | W96: 1 | X96: 0 | Y96: 0 | Z96: 0 | AA96: 0 | AB96: 1 | AC96: 0 | AD96: 0 | AE96: 0 | AF96: =SUM(E96:AE96) -> 8
B97: 2 | C97: 2. INA KURNIA | E97: 0 | F97: 1 | G97: 1 | H97: 2 | I97: 0 | J97: 0 | K97: 0 | L97: 1 | M97: 0 | N97: 1 | O97: 1 | P97: 0 | Q97: 0 | R97: 0 | S97: 0 | T97: 1 | U97: 0 | V97: 0 | W97: 1 | X97: 1 | Y97: 0 | Z97: 1 | AA97: 1 | AB97: 0 | AC97: 0 | AD97: 0 | AE97: 0 | AF97: =SUM(E97:AE97) -> 12
B98: 3 | C98: 3. JIBRAL TAROUK | E98: 0 | F98: 0 | G98: 0 | H98: 0 | I98: 0 | J98: 0 | K98: 0 | L98: 1 | M98: 0 | N98: 0 | O98: 0 | P98: 0 | Q98: 0 | R98: 0 | S98: 0 | T98: 0 | U98: 0 | V98: 0 | W98: 1 | X98: 0 | Y98: 1 | Z98: 0 | AA98: 0 | AB98: 1 | AC98: 0 | AD98: 0 | AE98: 0 | AF98: =SUM(E98:AE98) -> 4
B99: 4 | C99: 4. ASTUTI DAENG PUJI | E99: 0 | F99: 0 | G99: 0 | H99: 0 | I99: 0 | J99: 0 | K99: 0 | L99: 1 | M99: 2 | N99: 1 | O99: 0 | P99: 0 | Q99: 0 | R99: 0 | S99: 0 | T99: 0 | U99: 0 | V99: 0 | W99: 0 | X99: 0 | Y99: 1 | Z99: 0 | AA99: 0 | AB99: 0 | AC99: 0 | AD99: 0 | AE99: 0 | AF99: =SUM(E99:AE99) -> 5
B100: 5 | C100: 5. ASDARMAWAN | E100: 0 | F100: 0 | G100: 0 | H100: 0 | I100: 0 | J100: 0 | K100: 0 | L100: 0 | M100: 0 | N100: 0 | O100: 0 | P100: 0 | Q100: 0 | R100: 0 | S100: 0 | T100: 0 | U100: 0 | V100: 0 | W100: 0 | X100: 0 | Y100: 0 | Z100: 0 | AA100: 0 | AB100: 0 | AC100: 0 | AD100: 0 | AE100: 0 | AF100: =SUM(E100:AE100) -> 0
B101: 6 | C101: 6. RIFQI MUBAROK | E101: 0 | F101: 0 | G101: 0 | H101: 0 | I101: 0 | J101: 0 | K101: 0 | L101: 0 | M101: 0 | N101: 1 | O101: 0 | P101: 0 | Q101: 0 | R101: 0 | S101: 0 | T101: 0 | U101: 0 | V101: 0 | W101: 0 | X101: 0 | Y101: 0 | Z101: 0 | AA101: 0 | AB101: 0 | AC101: 0 | AD101: 0 | AE101: 0 | AF101: =SUM(E101:AE101) -> 1
B102: 7 | C102: 7. FIRNANDA ALTA MEGA | E102: 0 | F102: 0 | G102: 0 | H102: 0 | I102: 0 | J102: 0 | K102: 0 | L102: 0 | M102: 0 | N102: 0 | O102: 0 | P102: 0 | Q102: 0 | R102: 0 | S102: 0 | T102: 0 | U102: 0 | V102: 0 | W102: 0 | X102: 0 | Y102: 0 | Z102: 0 | AA102: 0 | AB102: 0 | AC102: 0 | AD102: 0 | AE102: 0 | AF102: =SUM(E102:AE102) -> 0
A103: B | B103: JUMLAH SUARA SAH PARTAI POLITIK DAN CALON (A1 + A2) | E103: =SUM(E95:E102) -> 1 | F103: =SUM(F95:F102) -> 3 | G103: =SUM(G95:G102) -> 1 | H103: =SUM(H95:H102) -> 3 | I103: =SUM(I95:I102) -> 0 | J103: =SUM(J95:J102) -> 3 | K103: =SUM(K95:K102) -> 1 | L103: =SUM(L95:L102) -> 5 | ... AF103: =SUM(AF95:AF102) -> 51
A105: A.1 | B105: 7. | C105: Partai Gelombang Rakyat Indonesia | E105: 2 | F105: 1 | G105: 1 | H105: 0 | I105: 1 | J105: 0 | K105: 1 | L105: 2 | M105: 0 | N105: 1 | O105: 2 | P105: 0 | Q105: 0 | R105: 1 | S105: 0 | T105: 1 | U105: 0 | V105: 1 | W105: 1 | X105: 0 | Y105: 2 | Z105: 1 | AA105: 2 | AB105: 0 | AC105: 0 | AD105: 1 | AE105: 0 | AF105: =SUM(E105:AE105) -> 21
A106: A.2 | B106: 1 | C106: 1. TITI WIDORETNO WARISMAN | E106: 0 | F106: 0 | G106: 0 | H106: 0 | I106: 2 | J106: 0 | K106: 0 | L106: 0 | M106: 0 | N106: 0 | O106: 1 | P106: 0 | Q106: 0 | R106: 0 | S106: 0 | T106: 0 | U106: 0 | V106: 0 | W106: 0 | X106: 0 | Y106: 0 | Z106: 0 | AA106: 2 | AB106: 2 | AC106: 0 | AD106: 0 | AE106: 0 | AF106: =SUM(E106:AE106) -> 7
B107: 2 | C107: 2. MAMIEK SETYANINGSIH | E107: 0 | F107: 0 | G107: 0 | H107: 0 | I107: 0 | J107: 0 | K107: 0 | L107: 0 | M107: 0 | N107: 0 | O107: 0 | P107: 0 | Q107: 0 | R107: 1 | S107: 0 | T107: 0 | U107: 0 | V107: 0 | W107: 0 | X107: 0 | Y107: 0 | Z107: 0 | AA107: 0 | AB107: 0 | AC107: 0 | AD107: 0 | AE107: 0 | AF107: =SUM(E107:AE107) -> 1
B108: 3 | C108: 3. ROMIL AZIZEN | E108: 0 | F108: 0 | G108: 0 | H108: 0 | I108: 0 | J108: 0 | K108: 0 | L108: 0 | M108: 0 | N108: 0 | O108: 0 | P108: 0 | Q108: 0 | R108: 1 | S108: 0 | T108: 0 | U108: 0 | V108: 0 | W108: 0 | X108: 0 | Y108: 0 | Z108: 0 | AA108: 0 | AB108: 0 | AC108: 0 | AD108: 0 | AE108: 0 | AF108: =SUM(E108:AE108) -> 1
A109: B | B109: JUMLAH SUARA SAH PARTAI POLITIK DAN CALON (A1 + A2) | E109: =SUM(E105:E108) -> 2 | F109: =SUM(F105:F108) -> 1 | G109: =SUM(G105:G108) -> 1 | H109: =SUM(H105:H108) -> 0 | I109: =SUM(I105:I108) -> 3 | J109: =SUM(J105:J108) -> 0 | K109: =SUM(K105:K108) -> 1 | L109: =SUM(L105:L108) -> 2 | ... AF109: =SUM(AF105:AF108) -> 30
A111: A.1 | B111: 8. | C111: Partai Keadilan Sejahtera | E111: 0 | F111: 0 | G111: 0 | H111: 0 | I111: 0 | J111: 0 | K111: 1 | L111: 0 | M111: 0 | N111: 0 | O111: 1 | P111: 1 | Q111: 0 | R111: 2 | S111: 1 | T111: 0 | U111: 0 | V111: 2 | W111: 1 | X111: 1 | Y111: 1 | Z111: 2 | AA111: 0 | AB111: 0 | AC111: 0 | AD111: 0 | AE111: 1 | AF111: =SUM(E111:AE111) -> 14
A112: A.2 | B112: 1 | C112: 1. H. SAIMI SALEH, S.E., M.M. | E112: 1 | F112: 0 | G112: 0 | H112: 0 | I112: 2 | J112: 1 | K112: 0 | L112: 0 | M112: 0 | N112: 0 | O112: 0 | P112: 2 | Q112: 0 | R112: 0 | S112: 0 | T112: 0 | U112: 0 | V112: 0 | W112: 1 | X112: 0 | Y112: 0 | Z112: 5 | AA112: 2 | AB112: 1 | AC112: 1 | AD112: 0 | AE112: 0 | AF112: =SUM(E112:AE112) -> 16
B113: 2 | C113: 2. Prof. Dr. H. EGGI SUDJANA, S.H., M.Si. | E113: 0 | F113: 0 | G113: 0 | H113: 2 | I113: 0 | J113: 0 | K113: 0 | L113: 0 | M113: 0 | N113: 0 | O113: 0 | P113: 1 | Q113: 0 | R113: 0 | S113: 0 | T113: 1 | U113: 0 | V113: 1 | W113: 0 | X113: 0 | Y113: 0 | Z113: 0 | AA113: 0 | AB113: 0 | AC113: 0 | AD113: 0 | AE113: 0 | AF113: =SUM(E113:AE113) -> 5
B114: 3 | C114: 3. NURUL KHOTIMAH | E114: 0 | F114: 0 | G114: 0 | H114: 0 | I114: 0 | J114: 0 | K114: 0 | L114: 0 | M114: 0 | N114: 0 | O114: 0 | P114: 0 | Q114: 0 | R114: 0 | S114: 0 | T114: 0 | U114: 0 | V114: 0 | W114: 0 | X114: 0 | Y114: 0 | Z114: 0 | AA114: 1 | AB114: 0 | AC114: 0 | AD114: 0 | AE114: 0 | AF114: =SUM(E114:AE114) -> 1
B115: 4 | C115: 4. AKHMAD SUYANTO, S.T., M.T. | E115: 0 | F115: 0 | G115: 0 | H115: 0 | I115: 0 | J115: 0 | K115: 0 | L115: 0 | M115: 0 | N115: 0 | O115: 0 | P115: 0 | Q115: 0 | R115: 0 | S115: 0 | T115: 0 | U115: 0 | V115: 0 | W115: 0 | X115: 0 | Y115: 0 | Z115: 0 | AA115: 0 | AB115: 0 | AC115: 0 | AD115: 0 | AE115: 0 | AF115: =SUM(E115:AE115) -> 0
B116: 5 | C116: 5. PUJIYATNI | E116: 0 | F116: 0 | G116: 0 | H116: 0 | I116: 0 | J116: 0 | K116: 2 | L116: 0 | M116: 0 | N116: 0 | O116: 0 | P116: 1 | Q116: 0 | R116: 0 | S116: 0 | T116: 0 | U116: 0 | V116: 0 | W116: 0 | X116: 0 | Y116: 0 | Z116: 0 | AA116: 0 | AB116: 0 | AC116: 0 | AD116: 0 | AE116: 0 | AF116: =SUM(E116:AE116) -> 3
B117: 6 | C117: 6. HENI PURWATININGSIH | E117: 0 | F117: 0 | G117: 0 | H117: 0 | I117: 0 | J117: 0 | K117: 0 | L117: 0 | M117: 0 | N117: 0 | O117: 0 | P117: 0 | Q117: 0 | R117: 0 | S117: 0 | T117: 0 | U117: 0 | V117: 0 | W117: 0 | X117: 0 | Y117: 0 | Z117: 0 | AA117: 0 | AB117: 0 | AC117: 0 | AD117: 0 | AE117: 0 | AF117: =SUM(E117:AE117) -> 0
B118: 7 | C118: 7. MUHADI | E118: 0 | F118: 0 | G118: 0 | H118: 0 | I118: 0 | J118: 0 | K118: 0 | L118: 0 | M118: 0 | N118: 0 | O118: 0 | P118: 0 | Q118: 0 | R118: 0 | S118: 0 | T118: 0 | U118: 0 | V118: 0 | W118: 0 | X118: 0 | Y118: 0 | Z118: 0 | AA118: 0 | AB118: 0 | AC118: 0 | AD118: 0 | AE118: 0 | AF118: =SUM(E118:AE118) -> 0
...

Sheet KENDALREJO
C2: Kecamatan | D2: TEGALDLIMO
C3: Kabupaten | D3: BANYUWANGI
C4: Provinsi | D4: JAWA TIMUR
C9: Kelurahan | D9: KENDALREJO
A12: I | B12: DATA PEMILIH DAN PENGGUNAAN HAK PILIH | V12: JUMLAH AKHIR
A13: A | B13: DATA PEMILIH | E13: TPS 001 | F13: TPS 002 | G13: TPS 003 | H13: TPS 004 | I13: TPS 005 | J13: TPS 006 | K13: TPS 007 | L13: TPS 008 | M13: TPS 009 | N13: TPS 010 | O13: TPS 011 | P13: TPS 012 | Q13: TPS 013 | R13: TPS 014 | S13: TPS 015 | T13: TPS 016 | U13: TPS 017
B14: Jumlah Pemilih dalam Daftar Pemilih Tetap (DPT) | D14: LK | E14: 108 | F14: 112 | G14: 113 | H14: 115 | I14: 136 | J14: 130 | K14: 128 | L14: 134 | M14: 130 | N14: 131 | O14: 136 | P14: 79 | Q14: 123 | R14: 111 | S14: 100 | T14: 114 | U14: 98 | V14: =SUM(E14:U14) -> 1998
D15: PR | E15: 113 | F15: 106 | G15: 112 | H15: 115 | I15: 120 | J15: 133 | K15: 127 | L15: 130 | M15: 127 | N15: 126 | O15: 122 | P15: 92 | Q15: 121 | R15: 107 | S15: 96 | T15: 105 | U15: 92 | V15: =SUM(E15:U15) -> 1944
D16: JML | E16: =SUM(E14:E15) -> 221 | F16: =SUM(F14:F15) -> 218 | G16: =SUM(G14:G15) -> 225 | H16: =SUM(H14:H15) -> 230 | I16: =SUM(I14:I15) -> 256 | J16: =SUM(J14:J15) -> 263 | K16: =SUM(K14:K15) -> 255 | L16: =SUM(L14:L15) -> 264 | ... U16: =SUM(U14:U15) -> 190 | V16: =SUM(E16:U16) -> 3942
A18: B | B18: PENGGUNA HAK PILIH
B19: 1. | C19: Jumlah pengguna hak pilih dalam Daftar Pemilih Tetap (DPT) | D19: LK | E19: 92 | F19: 95 | G19: 88 | H19: 91 | I19: 111 | J19: 115 | K19: 109 | L19: 118 | M19: 99 | N19: 92 | O19: 93 | P19: 67 | Q19: 102 | R19: 85 | S19: 76 | T19: 94 | U19: 82 | V19: =SUM(E19:U19) -> 1609
D20: PR | E20: 83 | F20: 86 | G20: 94 | H20: 97 | I20: 104 | J20: 107 | K20: 107 | L20: 117 | M20: 98 | N20: 94 | O20: 97 | P20: 77 | Q20: 103 | R20: 87 | S20: 76 | T20: 86 | U20: 77 | V20: =SUM(E20:U20) -> 1590
D21: JML | E21: =SUM(E19:E20) -> 175 | F21: =SUM(F19:F20) -> 181 | G21: =SUM(G19:G20) -> 182 | H21: =SUM(H19:H20) -> 188 | I21: =SUM(I19:I20) -> 215 | J21: =SUM(J19:J20) -> 222 | K21: =SUM(K19:K20) -> 216 | L21: =SUM(L19:L20) -> 235 | ... U21: =SUM(U19:U20) -> 159 | V21: =SUM(E21:U21) -> 3199
B22: 2. | C22: Jumlah pengguna hak pilih dalam Daftar Pemilih Tambahan (DPTb) | D22: LK | E22: 0 | F22: 0 | G22: 0 | H22: 1 | I22: 0 | J22: 0 | K22: 0 | L22: 0 | M22: 2 | N22: 0 | O22: 1 | P22: 0 | Q22: 1 | R22: 0 | S22: 0 | T22: 0 | U22: 0 | V22: =SUM(E22:U22) -> 5
D23: PR | E23: 0 | F23: 0 | G23: 0 | H23: 0 | I23: 0 | J23: 1 | K23: 1 | L23: 0 | M23: 2 | N23: 1 | O23: 0 | P23: 0 | Q23: 0 | R23: 0 | S23: 0 | T23: 0 | U23: 0 | V23: =SUM(E23:U23) -> 5
D24: JML | E24: =SUM(E22:E23) -> 0 | F24: =SUM(F22:F23) -> 0 | G24: =SUM(G22:G23) -> 0 | H24: =SUM(H22:H23) -> 1 | I24: =SUM(I22:I23) -> 0 | J24: =SUM(J22:J23) -> 1 | K24: =SUM(K22:K23) -> 1 | L24: =SUM(L22:L23) -> 0 | ... U24: =SUM(U22:U23) -> 0 | V24: =SUM(E24:U24) -> 10
B25: 3. | C25: Jumlah pengguna hak pilih dalam Daftar Pemilih Khusus (DPK) | D25: LK | E25: 0 | F25: 0 | G25: 0 | H25: 0 | I25: 0 | J25: 0 | K25: 0 | L25: 0 | M25: 0 | N25: 0 | O25: 0 | P25: 0 | Q25: 1 | R25: 0 | S25: 0 | T25: 0 | U25: 0 | V25: =SUM(E25:U25) -> 1
D26: PR | E26: 0 | F26: 0 | G26: 0 | H26: 0 | I26: 0 | J26: 0 | K26: 0 | L26: 0 | M26: 0 | N26: 0 | O26: 0 | P26: 0 | Q26: 0 | R26: 0 | S26: 0 | T26: 0 | U26: 0 | V26: =SUM(E26:U26) -> 0
D27: JML | E27: =SUM(E25:E26) -> 0 | F27: =SUM(F25:F26) -> 0 | G27: =SUM(G25:G26) -> 0 | H27: =SUM(H25:H26) -> 0 | I27: =SUM(I25:I26) -> 0 | J27: =SUM(J25:J26) -> 0 | K27: =SUM(K25:K26) -> 0 | L27: =SUM(L25:L26) -> 0 | ... U27: =SUM(U25:U26) -> 0 | V27: =SUM(E27:U27) -> 1
B28: 4. | C28: Jumlah Pengguna Hak Pilih (B.1+B.2+B.3) | D28: LK | E28: =SUM(E19,E22,E25) -> 92 | F28: =SUM(F19,F22,F25) -> 95 | G28: =SUM(G19,G22,G25) -> 88 | H28: =SUM(H19,H22,H25) -> 92 | I28: =SUM(I19,I22,I25) -> 111 | J28: =SUM(J19,J22,J25) -> 115 | K28: =SUM(K19,K22,K25) -> 109 | L28: =SUM(L19,L22,L25) -> 118 | ... U28: =SUM(U19,U22,U25) -> 82 | V28: =SUM(E28:U28) -> 1615
D29: PR | E29: =SUM(E20,E23,E26) -> 83 | F29: =SUM(F20,F23,F26) -> 86 | G29: =SUM(G20,G23,G26) -> 94 | H29: =SUM(H20,H23,H26) -> 97 | I29: =SUM(I20,I23,I26) -> 104 | J29: =SUM(J20,J23,J26) -> 108 | K29: =SUM(K20,K23,K26) -> 108 | L29: =SUM(L20,L23,L26) -> 117 | ... U29: =SUM(U20,U23,U26) -> 77 | V29: =SUM(E29:U29) -> 1595
D30: JML | E30: =SUM(E28:E29) -> 175 | F30: =SUM(F28:F29) -> 181 | G30: =SUM(G28:G29) -> 182 | H30: =SUM(H28:H29) -> 189 | I30: =SUM(I28:I29) -> 215 | J30: =SUM(J28:J29) -> 223 | K30: =SUM(K28:K29) -> 217 | L30: =SUM(L28:L29) -> 235 | ... U30: =SUM(U28:U29) -> 159 | V30: =SUM(E30:U30) -> 3210
A32: II | B32: DATA PENGGUNAAN SURAT SUARA
A33: 1 | B33: Jumlah surat suara yang diterima, termasuk surat suara cadangan 2,5% dari DPT | E33: 221 | F33: 223 | G33: 230 | H33: 226 | I33: 262 | J33: 269 | K33: 261 | L33: 270 | M33: 263 | N33: 263 | O33: 264 | P33: 172 | Q33: 248 | R33: 223 | S33: 200 | T33: 219 | U33: 194 | V33: =SUM(E33:U33) -> 4008
A34: 2 | B34: Jumlah surat suara yang digunakan | E34: 175 | F34: 181 | G34: 182 | H34: 189 | I34: 215 | J34: 223 | K34: 217 | L34: 235 | M34: 201 | N34: 187 | O34: 191 | P34: 144 | Q34: 207 | R34: 172 | S34: 152 | T34: 180 | U34: 159 | V34: =SUM(E34:U34) -> 3210
A35: 3 | B35: Jumlah surat suara dikembalikan oleh pemilih (karena rusak atau keliru coblos) | E35: 0 | F35: 2 | G35: 0 | H35: 0 | I35: 0 | J35: 0 | K35: 0 | L35: 0 | M35: 0 | N35: 0 | O35: 0 | P35: 0 | Q35: 0 | R35: 0 | S35: 0 | T35: 0 | U35: 0 | V35: =SUM(E35:U35) -> 2
A36: 4 | B36: Jumlah surat suara yang tidak digunakan/tidak terpakai, termasuk sisa surat suara cadangan | E36: =E33-(E34+E35) -> 46 | F36: =F33-(F34+F35) -> 40 | G36: =G33-(G34+G35) -> 48 | H36: =H33-(H34+H35) -> 37 | I36: =I33-(I34+I35) -> 47 | J36: =J33-(J34+J35) -> 46 | K36: =K33-(K34+K35) -> 44 | L36: =L33-(L34+L35) -> 35 | ... U36: =U33-(U34+U35) -> 35 | V36: =SUM(E36:U36) -> 796
A38: III | B38: DATA PEMILIH DISABILITAS
B39: Jumlah seluruh Pemilih disabilitas yang menggunakan hak pilih | D39: LK | U39: 2 | V39: =SUM(E39:U39) -> 2
D40: PR | V40: =SUM(E40:U40) -> 0
D41: JML | E41: =SUM(E39:E40) -> 0 | F41: =SUM(F39:F40) -> 0 | G41: =SUM(G39:G40) -> 0 | H41: =SUM(H39:H40) -> 0 | I41: =SUM(I39:I40) -> 0 | J41: =SUM(J39:J40) -> 0 | K41: =SUM(K39:K40) -> 0 | L41: =SUM(L39:L40) -> 0 | ... U41: =SUM(U39:U40) -> 2 | V41: =SUM(E41:U41) -> 2
A43: IV | B43: DATA RINCIAN PEROLEHAN SUARA PASANGAN CALON BUPATI DAN WAKIL BUPATI
A44: NOMOR DAN NAMA CALON
A45: A.1 | B45: 1. | C45: Partai Kebangkitan Bangsa | E45: 8 | F45: 4 | G45: 5 | H45: 10 | I45: 6 | J45: 4 | K45: 6 | L45: 7 | M45: 3 | N45: 6 | O45: 4 | P45: 5 | Q45: 4 | R45: 2 | S45: 2 | T45: 1 | U45: 0 | V45: =SUM(E45:U45) -> 77
A46: A.2 | B46: 1 | C46: 1. Dr. Hj. NIHAYATUL WAFIROH, M.A. | E46: 19 | F46: 16 | G46: 14 | H46: 15 | I46: 44 | J46: 11 | K46: 21 | L46: 22 | M46: 8 | N46: 22 | O46: 12 | P46: 5 | Q46: 47 | R46: 22 | S46: 6 | T46: 2 | U46: 2 | V46: =SUM(E46:U46) -> 288
B47: 2 | C47: 2. H. M. NASIM KHAN | E47: 4 | F47: 2 | G47: 1 | H47: 3 | I47: 1 | J47: 0 | K47: 2 | L47: 2 | M47: 0 | N47: 2 | O47: 0 | P47: 0 | Q47: 0 | R47: 1 | S47: 0 | T47: 1 | U47: 0 | V47: =SUM(E47:U47) -> 19
B48: 3 | C48: 3. Dr. H. AKIK ZAMAN, M.Pd.I. | E48: 1 | F48: 0 | G48: 1 | H48: 1 | I48: 0 | J48: 0 | K48: 0 | L48: 0 | M48: 0 | N48: 0 | O48: 1 | P48: 0 | Q48: 1 | R48: 0 | S48: 0 | T48: 1 | U48: 0 | V48: =SUM(E48:U48) -> 6
B49: 4 | C49: 4. AHMAD RIFA'I, S.H. | E49: 0 | F49: 1 | G49: 1 | H49: 3 | I49: 0 | J49: 1 | K49: 3 | L49: 2 | M49: 0 | N49: 0 | O49: 1 | P49: 0 | Q49: 0 | R49: 0 | S49: 0 | T49: 0 | U49: 0 | V49: =SUM(E49:U49) -> 12
B50: 5 | C50: 5. Drs. H. MAHFUD M.N. | E50: 0 | F50: 0 | G50: 0 | H50: 0 | I50: 0 | J50: 0 | K50: 1 | L50: 0 | M50: 2 | N50: 0 | O50: 0 | P50: 0 | Q50: 2 | R50: 0 | S50: 0 | T50: 0 | U50: 0 | V50: =SUM(E50:U50) -> 5
B51: 6 | C51: 6. NURHAYATI, S.Pd. | E51: 0 | F51: 0 | G51: 1 | H51: 0 | I51: 0 | J51: 1 | K51: 0 | L51: 0 | M51: 0 | N51: 0 | O51: 3 | P51: 0 | Q51: 0 | R51: 0 | S51: 1 | T51: 0 | U51: 0 | V51: =SUM(E51:U51) -> 6
B52: 7 | C52: 7. MAFTUHA KISWAH | E52: 0 | F52: 0 | G52: 0 | H52: 1 | I52: 0 | J52: 0 | K52: 0 | L52: 0 | M52: 0 | N52: 0 | O52: 1 | P52: 1 | Q52: 0 | R52: 0 | S52: 0 | T52: 0 | U52: 0 | V52: =SUM(E52:U52) -> 3
A53: B | B53: JUMLAH SUARA SAH PARTAI POLITIK DAN CALON (A1 + A2) | E53: =SUM(E45:E52) -> 32 | F53: =SUM(F45:F52) -> 23 | G53: =SUM(G45:G52) -> 23 | H53: =SUM(H45:H52) -> 33 | I53: =SUM(I45:I52) -> 51 | J53: =SUM(J45:J52) -> 17 | K53: =SUM(K45:K52) -> 33 | L53: =SUM(L45:L52) -> 33 | ... V53: =SUM(V45:V52) -> 416
A55: A.1 | B55: 2. | C55: Partai Gerakan Indonesia Raya | E55: 7 | F55: 2 | G55: 4 | H55: 4 | I55: 2 | J55: 10 | K55: 3 | L55: 2 | M55: 5 | N55: 3 | O55: 10 | P55: 5 | Q55: 2 | R55: 3 | S55: 2 | T55: 2 | U55: 5 | V55: =SUM(E55:U55) -> 71
A56: A.2 | B56: 1 | C56: 1. SUMAIL ABDULLAH | E56: 4 | F56: 0 | G56: 4 | H56: 3 | I56: 12 | J56: 30 | K56: 7 | L56: 4 | M56: 8 | N56: 7 | O56: 15 | P56: 6 | Q56: 6 | R56: 3 | S56: 1 | T56: 0 | U56: 4 | V56: =SUM(E56:U56) -> 114
B57: 2 | C57: 2. MUHAMMAD ALI ADRIAN SALEH | E57: 1 | F57: 0 | G57: 1 | H57: 1 | I57: 5 | J57: 6 | K57: 1 | L57: 3 | M57: 2 | N57: 2 | O57: 5 | P57: 0 | Q57: 2 | R57: 0 | S57: 0 | T57: 0 | U57: 3 | V57: =SUM(E57:U57) -> 32
B58: 3 | C58: 3. DURROTUN NAFISAH | E58: 2 | F58: 1 | G58: 1 | H58: 1 | I58: 1 | J58: 1 | K58: 0 | L58: 2 | M58: 1 | N58: 2 | O58: 0 | P58: 0 | Q58: 0 | R58: 0 | S58: 2 | T58: 0 | U58: 0 | V58: =SUM(E58:U58) -> 14
B59: 4 | C59: 4. H. EKO SUSILO NURHIDAYAT | E59: 1 | F59: 0 | G59: 0 | H59: 1 | I59: 0 | J59: 3 | K59: 2 | L59: 0 | M59: 0 | N59: 4 | O59: 1 | P59: 5 | Q59: 3 | R59: 0 | S59: 0 | T59: 0 | U59: 0 | V59: =SUM(E59:U59) -> 20
B60: 5 | C60: 5. KARNADI HARIJANTO, S.S. | E60: 0 | F60: 0 | G60: 0 | H60: 0 | I60: 0 | J60: 2 | K60: 0 | L60: 1 | M60: 0 | N60: 0 | O60: 1 | P60: 1 | Q60: 0 | R60: 0 | S60: 0 | T60: 0 | U60: 0 | V60: =SUM(E60:U60) -> 5
B61: 6 | C61: 6. NURHAYATI | E61: 0 | F61: 0 | G61: 0 | H61: 0 | I61: 0 | J61: 1 | K61: 0 | L61: 0 | M61: 1 | N61: 1 | O61: 0 | P61: 0 | Q61: 1 | R61: 0 | S61: 0 | T61: 0 | U61: 0 | V61: =SUM(E61:U61) -> 4
B62: 7 | C62: 7. MASHUDI | E62: 0 | F62: 1 | G62: 0 | H62: 1 | I62: 0 | J62: 0 | K62: 0 | L62: 1 | M62: 0 | N62: 0 | O62: 0 | P62: 0 | Q62: 1 | R62: 1 | S62: 0 | T62: 0 | U62: 0 | V62: =SUM(E62:U62) -> 5
A63: B | B63: JUMLAH SUARA SAH PARTAI POLITIK DAN CALON (A1 + A2) | E63: =SUM(E55:E62) -> 15 | F63: =SUM(F55:F62) -> 4 | G63: =SUM(G55:G62) -> 10 | H63: =SUM(H55:H62) -> 11 | I63: =SUM(I55:I62) -> 20 | J63: =SUM(J55:J62) -> 53 | K63: =SUM(K55:K62) -> 13 | L63: =SUM(L55:L62) -> 13 | ... V63: =SUM(V55:V62) -> 265
A65: A.1 | B65: 3. | C65: Partai Demokrasi Indonesia Perjuangan | E65: 6 | F65: 11 | G65: 9 | H65: 2 | I65: 5 | J65: 6 | K65: 8 | L65: 5 | M65: 5 | N65: 15 | O65: 8 | P65: 6 | Q65: 4 | R65: 3 | S65: 0 | T65: 5 | U65: 4 | V65: =SUM(E65:U65) -> 102
A66: A.2 | B66: 1 | C66: 1. SONNY TRI DANAPARAMITA, S.H., M.H. | E66: 8 | F66: 13 | G66: 15 | H66: 3 | I66: 3 | J66: 4 | K66: 11 | L66: 2 | M66: 7 | N66: 6 | O66: 4 | P66: 6 | Q66: 3 | R66: 4 | S66: 1 | T66: 1 | U66: 0 | V66: =SUM(E66:U66) -> 91
B67: 2 | C67: 2. H. MOHAMAD GUNTUR ROMLI | E67: 0 | F67: 1 | G67: 4 | H67: 1 | I67: 1 | J67: 0 | K67: 0 | L67: 1 | M67: 5 | N67: 8 | O67: 34 | P67: 12 | Q67: 0 | R67: 1 | S67: 0 | T67: 0 | U67: 2 | V67: =SUM(E67:U67) -> 70
B68: 3 | C68: 3. INA AMMANIA | E68: 23 | F68: 51 | G68: 2 | H68: 5 | I68: 3 | J68: 4 | K68: 10 | L68: 23 | M68: 24 | N68: 8 | O68: 5 | P68: 2 | Q68: 1 | R68: 1 | S68: 0 | T68: 0 | U68: 22 | V68: =SUM(E68:U68) -> 184
B69: 4 | C69: 4. IRWAN BACHTIAR RACHMAT, M.Si. | E69: 0 | F69: 4 | G69: 4 | H69: 0 | I69: 3 | J69: 4 | K69: 1 | L69: 1 | M69: 3 | N69: 2 | O69: 3 | P69: 1 | Q69: 3 | R69: 0 | S69: 0 | T69: 1 | U69: 0 | V69: =SUM(E69:U69) -> 30
B70: 5 | C70: 5. LUCKY PERDANA | E70: 2 | F70: 1 | G70: 1 | H70: 2 | I70: 2 | J70: 0 | K70: 2 | L70: 4 | M70: 2 | N70: 2 | O70: 1 | P70: 0 | Q70: 11 | R70: 8 | S70: 0 | T70: 0 | U70: 0 | V70: =SUM(E70:U70) -> 38
B71: 6 | C71: 6. WIWIK PUJIYATI | E71: 1 | F71: 2 | G71: 0 | H71: 2 | I71: 2 | J71: 0 | K71: 1 | L71: 1 | M71: 2 | N71: 1 | O71: 0 | P71: 3 | Q71: 0 | R71: 1 | S71: 0 | T71: 0 | U71: 1 | V71: =SUM(E71:U71) -> 17
B72: 7 | C72: 7. CHANDRA ASTAN, S.T. | E72: 2 | F72: 2 | G72: 1 | H72: 3 | I72: 2 | J72: 2 | K72: 1 | L72: 6 | M72: 3 | N72: 2 | O72: 2 | P72: 0 | Q72: 6 | R72: 1 | S72: 2 | T72: 51 | U72: 23 | V72: =SUM(E72:U72) -> 109
A73: B | B73: JUMLAH SUARA SAH PARTAI POLITIK DAN CALON (A1 + A2) | E73: =SUM(E65:E72) -> 42 | F73: =SUM(F65:F72) -> 85 | G73: =SUM(G65:G72) -> 36 | H73: =SUM(H65:H72) -> 18 | I73: =SUM(I65:I72) -> 21 | J73: =SUM(J65:J72) -> 20 | K73: =SUM(K65:K72) -> 34 | L73: =SUM(L65:L72) -> 43 | ... V73: =SUM(V65:V72) -> 641
A75: A.1 | B75: 4. | C75: Partai Golongan Karya | E75: 3 | F75: 1 | G75: 2 | H75: 3 | I75: 3 | J75: 5 | K75: 4 | L75: 3 | M75: 7 | N75: 7 | O75: 2 | P75: 1 | Q75: 0 | R75: 1 | S75: 3 | T75: 3 | U75: 3 | V75: =SUM(E75:U75) -> 51
A76: A.2 | B76: 1 | C76: 1. ZULFIKAR ARSE SADIKIN, S.I.P., M.Si. | E76: 2 | F76: 0 | G76: 7 | H76: 2 | I76: 46 | J76: 13 | K76: 16 | L76: 50 | M76: 8 | N76: 11 | O76: 4 | P76: 4 | Q76: 2 | R76: 3 | S76: 4 | T76: 30 | U76: 21 | V76: =SUM(E76:U76) -> 223
B77: 2 | C77: 2. HANDOKO | E77: 0 | F77: 2 | G77: 5 | H77: 1 | I77: 1 | J77: 2 | K77: 2 | L77: 2 | M77: 6 | N77: 2 | O77: 4 | P77: 13 | Q77: 0 | R77: 8 | S77: 6 | T77: 3 | U77: 2 | V77: =SUM(E77:U77) -> 59
B78: 3 | C78: 3. Hj. OVI DEWI YANTI | E78: 0 | F78: 0 | G78: 0 | H78: 1 | I78: 0 | J78: 0 | K78: 0 | L78: 1 | M78: 0 | N78: 0 | O78: 0 | P78: 1 | Q78: 0 | R78: 0 | S78: 0 | T78: 0 | U78: 1 | V78: =SUM(E78:U78) -> 4
B79: 4 | C79: 4. Ir. AZAM AZMAN NATAWIJANA | E79: 1 | F79: 0 | G79: 1 | H79: 1 | I79: 0 | J79: 0 | K79: 0 | L79: 1 | M79: 0 | N79: 0 | O79: 1 | P79: 1 | Q79: 0 | R79: 0 | S79: 1 | T79: 1 | U79: 1 | V79: =SUM(E79:U79) -> 9
B80: 5 | C80: 5. UBAIDILLAH AMIN, S.Kom. | E80: 1 | F80: 0 | G80: 0 | H80: 4 | I80: 0 | J80: 1 | K80: 21 | L80: 33 | M80: 22 | N80: 6 | O80: 1 | P80: 1 | Q80: 0 | R80: 0 | S80: 1 | T80: 0 | U80: 0 | V80: =SUM(E80:U80) -> 91
B81: 6 | C81: 6. DENNY YUNIANDARI, S.H., M.Kn. | E81: 0 | F81: 0 | G81: 0 | H81: 0 | I81: 0 | J81: 0 | K81: 0 | L81: 0 | M81: 1 | N81: 0 | O81: 0 | P81: 0 | Q81: 0 | R81: 0 | S81: 0 | T81: 0 | U81: 0 | V81: =SUM(E81:U81) -> 1
B82: 7 | C82: 7. ERNADI, S.H.I. | E82: 0 | F82: 0 | G82: 0 | H82: 0 | I82: 0 | J82: 0 | K82: 0 | L82: 0 | M82: 1 | N82: 0 | O82: 0 | P82: 0 | Q82: 0 | R82: 2 | S82: 0 | T82: 0 | U82: 0 | V82: =SUM(E82:U82) -> 3
A83: B | B83: JUMLAH SUARA SAH PARTAI POLITIK DAN CALON (A1 + A2) | E83: =SUM(E75:E82) -> 7 | F83: =SUM(F75:F82) -> 3 | G83: =SUM(G75:G82) -> 15 | H83: =SUM(H75:H82) -> 12 | I83: =SUM(I75:I82) -> 50 | J83: =SUM(J75:J82) -> 21 | K83: =SUM(K75:K82) -> 43 | L83: =SUM(L75:L82) -> 90 | ... V83: =SUM(V75:V82) -> 441
A85: A.1 | B85: 5. | C85: Partai NasDem | E85: 0 | F85: 1 | G85: 1 | H85: 0 | I85: 0 | J85: 1 | K85: 2 | L85: 1 | M85: 0 | N85: 0 | O85: 1 | P85: 1 | Q85: 0 | R85: 0 | S85: 3 | T85: 0 | U85: 0 | V85: =SUM(E85:U85) -> 11
A86: A.2 | B86: 1 | C86: 1. ACH. FADIL MUZAKKI SYAH | E86: 0 | F86: 0 | G86: 0 | H86: 0 | I86: 1 | J86: 0 | K86: 1 | L86: 1 | M86: 0 | N86: 0 | O86: 0 | P86: 1 | Q86: 0 | R86: 0 | S86: 0 | T86: 0 | U86: 0 | V86: =SUM(E86:U86) -> 4
B87: 2 | C87: 2. BENY | E87: 1 | F87: 0 | G87: 0 | H87: 0 | I87: 0 | J87: 0 | K87: 0 | L87: 0 | M87: 0 | N87: 0 | O87: 0 | P87: 0 | Q87: 0 | R87: 0 | S87: 0 | T87: 0 | U87: 0 | V87: =SUM(E87:U87) -> 1
B88: 3 | C88: 3. VINA VERONIKA | E88: 0 | F88: 0 | G88: 0 | H88: 1 | I88: 1 | J88: 0 | K88: 0 | L88: 0 | M88: 0 | N88: 0 | O88: 0 | P88: 0 | Q88: 0 | R88: 0 | S88: 0 | T88: 0 | U88: 0 | V88: =SUM(E88:U88) -> 2
B89: 4 | C89: 4. TEDDY ANUGRIANTO | E89: 0 | F89: 0 | G89: 1 | H89: 0 | I89: 1 | J89: 0 | K89: 1 | L89: 2 | M89: 1 | N89: 1 | O89: 0 | P89: 0 | Q89: 0 | R89: 0 | S89: 0 | T89: 0 | U89: 0 | V89: =SUM(E89:U89) -> 7
B90: 5 | C90: 5. INSAN KAMIL | E90: 0 | F90: 0 | G90: 0 | H90: 0 | I90: 0 | J90: 0 | K90: 0 | L90: 0 | M90: 0 | N90: 0 | O90: 0 | P90: 0 | Q90: 1 | R90: 0 | S90: 0 | T90: 0 | U90: 0 | V90: =SUM(E90:U90) -> 1
B91: 6 | C91: 6. LILIK LINDARWATI | E91: 0 | F91: 0 | G91: 0 | H91: 0 | I91: 0 | J91: 0 | K91: 0 | L91: 0 | M91: 0 | N91: 0 | O91: 0 | P91: 0 | Q91: 0 | R91: 0 | S91: 0 | T91: 0 | U91: 0 | V91: =SUM(E91:U91) -> 0
B92: 7 | C92: 7. YULI ANITA | E92: 0 | F92: 0 | G92: 0 | H92: 0 | I92: 0 | J92: 0 | K92: 0 | L92: 0 | M92: 0 | N92: 0 | O92: 0 | P92: 0 | Q92: 0 | R92: 0 | S92: 0 | T92: 0 | U92: 1 | V92: =SUM(E92:U92) -> 1
A93: B | B93: JUMLAH SUARA SAH PARTAI POLITIK DAN CALON (A1 + A2) | E93: =SUM(E85:E92) -> 1 | F93: =SUM(F85:F92) -> 1 | G93: =SUM(G85:G92) -> 2 | H93: =SUM(H85:H92) -> 1 | I93: =SUM(I85:I92) -> 3 | J93: =SUM(J85:J92) -> 1 | K93: =SUM(K85:K92) -> 4 | L93: =SUM(L85:L92) -> 4 | ... V93: =SUM(V85:V92) -> 27
A95: A.1 | B95: 6. | C95: Partai Buruh | E95: 0 | F95: 0 | G95: 0 | H95: 0 | I95: 0 | J95: 1 | K95: 0 | L95: 0 | M95: 0 | N95: 1 | O95: 0 | P95: 0 | Q95: 0 | R95: 1 | S95: 0 | T95: 0 | U95: 1 | V95: =SUM(E95:U95) -> 4
A96: A.2 | B96: 1 | C96: 1. KHOIRUL ANAM | E96: 0 | F96: 0 | G96: 2 | H96: 0 | I96: 1 | J96: 0 | K96: 0 | L96: 0 | M96: 1 | N96: 0 | O96: 0 | P96: 0 | Q96: 0 | R96: 1 | S96: 0 | T96: 0 | U96: 2 | V96: =SUM(E96:U96) -> 7
B97: 2 | C97: 2. INA KURNIA | E97: 0 | F97: 0 | G97: 0 | H97: 0 | I97: 0 | J97: 0 | K97: 0 | L97: 0 | M97: 0 | N97: 0 | O97: 0 | P97: 0 | Q97: 0 | R97: 0 | S97: 0 | T97: 0 | U97: 1 | V97: =SUM(E97:U97) -> 1
B98: 3 | C98: 3. JIBRAL TAROUK | E98: 0 | F98: 0 | G98: 0 | H98: 0 | I98: 0 | J98: 0 | K98: 0 | L98: 0 | M98: 0 | N98: 0 | O98: 0 | P98: 0 | Q98: 0 | R98: 0 | S98: 0 | T98: 0 | U98: 1 | V98: =SUM(E98:U98) -> 1
B99: 4 | C99: 4. ASTUTI DAENG PUJI | E99: 0 | F99: 0 | G99: 0 | H99: 0 | I99: 0 | J99: 0 | K99: 0 | L99: 0 | M99: 0 | N99: 0 | O99: 0 | P99: 0 | Q99: 0 | R99: 0 | S99: 0 | T99: 0 | U99: 0 | V99: =SUM(E99:U99) -> 0
B100: 5 | C100: 5. ASDARMAWAN | E100: 0 | F100: 0 | G100: 1 | H100: 0 | I100: 0 | J100: 0 | K100: 0 | L100: 0 | M100: 0 | N100: 0 | O100: 0 | P100: 0 | Q100: 0 | R100: 0 | S100: 0 | T100: 0 | U100: 0 | V100: =SUM(E100:U100) -> 1
B101: 6 | C101: 6. RIFQI MUBAROK | E101: 0 | F101: 0 | G101: 0 | H101: 0 | I101: 0 | J101: 0 | K101: 0 | L101: 0 | M101: 0 | N101: 0 | O101: 0 | P101: 0 | Q101: 0 | R101: 0 | S101: 0 | T101: 0 | U101: 0 | V101: =SUM(E101:U101) -> 0
B102: 7 | C102: 7. FIRNANDA ALTA MEGA | E102: 0 | F102: 0 | G102: 0 | H102: 0 | I102: 0 | J102: 0 | K102: 0 | L102: 0 | M102: 0 | N102: 0 | O102: 0 | P102: 0 | Q102: 0 | R102: 0 | S102: 0 | T102: 0 | U102: 0 | V102: =SUM(E102:U102) -> 0
A103: B | B103: JUMLAH SUARA SAH PARTAI POLITIK DAN CALON (A1 + A2) | E103: =SUM(E95:E102) -> 0 | F103: =SUM(F95:F102) -> 0 | G103: =SUM(G95:G102) -> 3 | H103: =SUM(H95:H102) -> 0 | I103: =SUM(I95:I102) -> 1 | J103: =SUM(J95:J102) -> 1 | K103: =SUM(K95:K102) -> 0 | L103: =SUM(L95:L102) -> 0 | ... V103: =SUM(V95:V102) -> 14
A105: A.1 | B105: 7. | C105: Partai Gelombang Rakyat Indonesia | E105: 2 | F105: 0 | G105: 0 | H105: 1 | I105: 1 | J105: 1 | K105: 1 | L105: 0 | M105: 3 | N105: 1 | O105: 3 | P105: 0 | Q105: 0 | R105: 0 | S105: 0 | T105: 2 | U105: 0 | V105: =SUM(E105:U105) -> 15
A106: A.2 | B106: 1 | C106: 1. TITI WIDORETNO WARISMAN | E106: 1 | F106: 0 | G106: 0 | H106: 1 | I106: 1 | J106: 0 | K106: 0 | L106: 0 | M106: 0 | N106: 0 | O106: 0 | P106: 0 | Q106: 0 | R106: 0 | S106: 0 | T106: 0 | U106: 0 | V106: =SUM(E106:U106) -> 3
B107: 2 | C107: 2. MAMIEK SETYANINGSIH | E107: 0 | F107: 0 | G107: 0 | H107: 0 | I107: 0 | J107: 0 | K107: 0 | L107: 0 | M107: 0 | N107: 0 | O107: 0 | P107: 0 | Q107: 0 | R107: 0 | S107: 0 | T107: 0 | U107: 0 | V107: =SUM(E107:U107) -> 0
B108: 3 | C108: 3. ROMIL AZIZEN | E108: 0 | F108: 0 | G108: 0 | H108: 0 | I108: 0 | J108: 0 | K108: 0 | L108: 0 | M108: 0 | N108: 0 | O108: 0 | P108: 0 | Q108: 0 | R108: 0 | S108: 0 | T108: 0 | U108: 0 | V108: =SUM(E108:U108) -> 0
A109: B | B109: JUMLAH SUARA SAH PARTAI POLITIK DAN CALON (A1 + A2) | E109: =SUM(E105:E108) -> 3 | F109: =SUM(F105:F108) -> 0 | G109: =SUM(G105:G108) -> 0 | H109: =SUM(H105:H108) -> 2 | I109: =SUM(I105:I108) -> 2 | J109: =SUM(J105:J108) -> 1 | K109: =SUM(K105:K108) -> 1 | L109: =SUM(L105:L108) -> 0 | ... V109: =SUM(V105:V108) -> 18
A111: A.1 | B111: 8. | C111: Partai Keadilan Sejahtera | E111: 0 | F111: 0 | G111: 1 | H111: 1 | I111: 0 | J111: 0 | K111: 1 | L111: 0 | M111: 0 | N111: 0 | O111: 0 | P111: 0 | Q111: 2 | R111: 0 | S111: 0 | T111: 0 | U111: 0 | V111: =SUM(E111:U111) -> 5
A112: A.2 | B112: 1 | C112: 1. H. SAIMI SALEH, S.E., M.M. | E112: 0 | F112: 0 | G112: 0 | H112: 0 | I112: 1 | J112: 1 | K112: 0 | L112: 0 | M112: 2 | N112: 2 | O112: 2 | P112: 0 | Q112: 5 | R112: 3 | S112: 0 | T112: 0 | U112: 0 | V112: =SUM(E112:U112) -> 16
B113: 2 | C113: 2. Prof. Dr. H. EGGI SUDJANA, S.H., M.Si. | E113: 1 | F113: 0 | G113: 1 | H113: 0 | I113: 0 | J113: 0 | K113: 0 | L113: 0 | M113: 1 | N113: 0 | O113: 0 | P113: 0 | Q113: 0 | R113: 0 | S113: 0 | T113: 0 | U113: 0 | V113: =SUM(E113:U113) -> 3
B114: 3 | C114: 3. NURUL KHOTIMAH | E114: 0 | F114: 0 | G114: 0 | H114: 0 | I114: 0 | J114: 0 | K114: 0 | L114: 0 | M114: 0 | N114: 0 | O114: 0 | P114: 0 | Q114: 0 | R114: 0 | S114: 0 | T114: 0 | U114: 0 | V114: =SUM(E114:U114) -> 0
B115: 4 | C115: 4. AKHMAD SUYANTO, S.T., M.T. | E115: 0 | F115: 0 | G115: 0 | H115: 0 | I115: 0 | J115: 0 | K115: 0 | L115: 0 | M115: 0 | N115: 0 | O115: 0 | P115: 0 | Q115: 0 | R115: 0 | S115: 0 | T115: 0 | U115: 0 | V115: =SUM(E115:U115) -> 0
B116: 5 | C116: 5. PUJIYATNI | E116: 0 | F116: 0 | G116: 0 | H116: 0 | I116: 0 | J116: 0 | K116: 0 | L116: 0 | M116: 1 | N116: 0 | O116: 0 | P116: 0 | Q116: 0 | R116: 0 | S116: 0 | T116: 0 | U116: 0 | V116: =SUM(E116:U116) -> 1
B117: 6 | C117: 6. HENI PURWATININGSIH | E117: 0 | F117: 0 | G117: 0 | H117: 0 | I117: 0 | J117: 0 | K117: 0 | L117: 0 | M117: 0 | N117: 0 | O117: 0 | P117: 0 | Q117: 0 | R117: 0 | S117: 0 | T117: 0 | U117: 0 | V117: =SUM(E117:U117) -> 0
B118: 7 | C118: 7. MUHADI | E118: 0 | F118: 0 | G118: 0 | H118: 0 | I118: 0 | J118: 0 | K118: 0 | L118: 0 | M118: 0 | N118: 0 | O118: 0 | P118: 0 | Q118: 0 | R118: 0 | S118: 0 | T118: 0 | U118: 0 | V118: =SUM(E118:U118) -> 0
...

Sheet PURWOAGUNG
C2: Kecamatan | D2: TEGALDLIMO
C3: Kabupaten | D3: BANYUWANGI
C4: Provinsi | D4: JAWA TIMUR
C9: Kelurahan | D9: PURWOAGUNG
A12: I | B12: DATA PEMILIH DAN PENGGUNAAN HAK PILIH | S12: JUMLAH AKHIR
A13: A | B13: DATA PEMILIH | E13: TPS 001 | F13: TPS 002 | G13: TPS 003 | H13: TPS 004 | I13: TPS 005 | J13: TPS 006 | K13: TPS 007 | L13: TPS 008 | M13: TPS 009 | N13: TPS 010 | O13: TPS 011 | P13: TPS 012 | Q13: TPS 013 | R13: TPS 014
B14: Jumlah Pemilih dalam Daftar Pemilih Tetap (DPT) | D14: LK | E14: 140 | F14: 97 | G14: 117 | H14: 127 | I14: 131 | J14: 133 | K14: 116 | L14: 108 | M14: 131 | N14: 123 | O14: 118 | P14: 116 | Q14: 128 | R14: 129 | S14: =SUM(E14:R14) -> 1714
D15: PR | E15: 115 | F15: 100 | G15: 116 | H15: 135 | I15: 128 | J15: 135 | K15: 124 | L15: 94 | M15: 140 | N15: 128 | O15: 108 | P15: 111 | Q15: 121 | R15: 111 | S15: =SUM(E15:R15) -> 1666
D16: JML | E16: =SUM(E14:E15) -> 255 | F16: =SUM(F14:F15) -> 197 | G16: =SUM(G14:G15) -> 233 | H16: =SUM(H14:H15) -> 262 | I16: =SUM(I14:I15) -> 259 | J16: =SUM(J14:J15) -> 268 | K16: =SUM(K14:K15) -> 240 | L16: =SUM(L14:L15) -> 202 | ... R16: =SUM(R14:R15) -> 240 | S16: =SUM(E16:R16) -> 3380
A18: B | B18: PENGGUNA HAK PILIH
B19: 1. | C19: Jumlah pengguna hak pilih dalam Daftar Pemilih Tetap (DPT) | D19: LK | E19: 111 | F19: 71 | G19: 89 | H19: 98 | I19: 99 | J19: 110 | K19: 87 | L19: 87 | M19: 100 | N19: 93 | O19: 95 | P19: 101 | Q19: 107 | R19: 112 | S19: =SUM(E19:R19) -> 1360
D20: PR | E20: 89 | F20: 70 | G20: 91 | H20: 112 | I20: 101 | J20: 109 | K20: 99 | L20: 83 | M20: 109 | N20: 101 | O20: 91 | P20: 88 | Q20: 98 | R20: 98 | S20: =SUM(E20:R20) -> 1339
D21: JML | E21: =SUM(E19:E20) -> 200 | F21: =SUM(F19:F20) -> 141 | G21: =SUM(G19:G20) -> 180 | H21: =SUM(H19:H20) -> 210 | I21: =SUM(I19:I20) -> 200 | J21: =SUM(J19:J20) -> 219 | K21: =SUM(K19:K20) -> 186 | L21: =SUM(L19:L20) -> 170 | ... R21: =SUM(R19:R20) -> 210 | S21: =SUM(E21:R21) -> 2699
B22: 2. | C22: Jumlah pengguna hak pilih dalam Daftar Pemilih Tambahan (DPTb) | D22: LK | E22: 0 | F22: 0 | G22: 0 | H22: 0 | I22: 0 | J22: 0 | K22: 0 | L22: 0 | M22: 0 | N22: 0 | O22: 0 | P22: 0 | Q22: 0 | R22: 0 | S22: =SUM(E22:R22) -> 0
D23: PR | E23: 0 | F23: 0 | G23: 0 | H23: 0 | I23: 0 | J23: 0 | K23: 0 | L23: 0 | M23: 0 | N23: 0 | O23: 0 | P23: 0 | Q23: 0 | R23: 0 | S23: =SUM(E23:R23) -> 0
D24: JML | E24: =SUM(E22:E23) -> 0 | F24: =SUM(F22:F23) -> 0 | G24: =SUM(G22:G23) -> 0 | H24: =SUM(H22:H23) -> 0 | I24: =SUM(I22:I23) -> 0 | J24: =SUM(J22:J23) -> 0 | K24: =SUM(K22:K23) -> 0 | L24: =SUM(L22:L23) -> 0 | ... R24: =SUM(R22:R23) -> 0 | S24: =SUM(E24:R24) -> 0
B25: 3. | C25: Jumlah pengguna hak pilih dalam Daftar Pemilih Khusus (DPK) | D25: LK | E25: 0 | F25: 0 | G25: 0 | H25: 0 | I25: 0 | J25: 0 | K25: 0 | L25: 0 | M25: 0 | N25: 0 | O25: 0 | P25: 0 | Q25: 0 | R25: 0 | S25: =SUM(E25:R25) -> 0
D26: PR | E26: 0 | F26: 0 | G26: 0 | H26: 0 | I26: 0 | J26: 0 | K26: 0 | L26: 0 | M26: 0 | N26: 0 | O26: 0 | P26: 0 | Q26: 0 | R26: 0 | S26: =SUM(E26:R26) -> 0
D27: JML | E27: =SUM(E25:E26) -> 0 | F27: =SUM(F25:F26) -> 0 | G27: =SUM(G25:G26) -> 0 | H27: =SUM(H25:H26) -> 0 | I27: =SUM(I25:I26) -> 0 | J27: =SUM(J25:J26) -> 0 | K27: =SUM(K25:K26) -> 0 | L27: =SUM(L25:L26) -> 0 | ... R27: =SUM(R25:R26) -> 0 | S27: =SUM(E27:R27) -> 0
B28: 4. | C28: Jumlah Pengguna Hak Pilih (B.1+B.2+B.3) | D28: LK | E28: =SUM(E19,E22,E25) -> 111 | F28: =SUM(F19,F22,F25) -> 71 | G28: =SUM(G19,G22,G25) -> 89 | H28: =SUM(H19,H22,H25) -> 98 | I28: =SUM(I19,I22,I25) -> 99 | J28: =SUM(J19,J22,J25) -> 110 | K28: =SUM(K19,K22,K25) -> 87 | L28: =SUM(L19,L22,L25) -> 87 | ... R28: =SUM(R19,R22,R25) -> 112 | S28: =SUM(E28:R28) -> 1360
D29: PR | E29: =SUM(E20,E23,E26) -> 89 | F29: =SUM(F20,F23,F26) -> 70 | G29: =SUM(G20,G23,G26) -> 91 | H29: =SUM(H20,H23,H26) -> 112 | I29: =SUM(I20,I23,I26) -> 101 | J29: =SUM(J20,J23,J26) -> 109 | K29: =SUM(K20,K23,K26) -> 99 | L29: =SUM(L20,L23,L26) -> 83 | ... R29: =SUM(R20,R23,R26) -> 98 | S29: =SUM(E29:R29) -> 1339
D30: JML | E30: =SUM(E28:E29) -> 200 | F30: =SUM(F28:F29) -> 141 | G30: =SUM(G28:G29) -> 180 | H30: =SUM(H28:H29) -> 210 | I30: =SUM(I28:I29) -> 200 | J30: =SUM(J28:J29) -> 219 | K30: =SUM(K28:K29) -> 186 | L30: =SUM(L28:L29) -> 170 | ... R30: =SUM(R28:R29) -> 210 | S30: =SUM(E30:R30) -> 2699
A32: II | B32: DATA PENGGUNAAN SURAT SUARA
A33: 1 | B33: Jumlah surat suara yang diterima, termasuk surat suara cadangan 2,5% dari DPT | E33: 261 | F33: 201 | G33: 238 | H33: 268 | I33: 265 | J33: 274 | K33: 245 | L33: 207 | M33: 277 | N33: 257 | O33: 231 | P33: 232 | Q33: 254 | R33: 245 | S33: =SUM(E33:R33) -> 3455
A34: 2 | B34: Jumlah surat suara yang digunakan | E34: 200 | F34: 141 | G34: 180 | H34: 210 | I34: 200 | J34: 219 | K34: 186 | L34: 170 | M34: 209 | N34: 194 | O34: 186 | P34: 189 | Q34: 205 | R34: 210 | S34: =SUM(E34:R34) -> 2699
A35: 3 | B35: Jumlah surat suara dikembalikan oleh pemilih (karena rusak atau keliru coblos) | E35: 0 | F35: 0 | G35: 1 | H35: 1 | I35: 0 | J35: 0 | K35: 1 | L35: 0 | M35: 0 | N35: 2 | O35: 1 | P35: 0 | Q35: 0 | R35: 0 | S35: =SUM(E35:R35) -> 6
A36: 4 | B36: Jumlah surat suara yang tidak digunakan/tidak terpakai, termasuk sisa surat suara cadangan | E36: =E33-(E34+E35) -> 61 | F36: =F33-(F34+F35) -> 60 | G36: =G33-(G34+G35) -> 57 | H36: =H33-(H34+H35) -> 57 | I36: =I33-(I34+I35) -> 65 | J36: =J33-(J34+J35) -> 55 | K36: =K33-(K34+K35) -> 58 | L36: =L33-(L34+L35) -> 37 | ... R36: =R33-(R34+R35) -> 35 | S36: =SUM(E36:R36) -> 750
A38: III | B38: DATA PEMILIH DISABILITAS
B39: Jumlah seluruh Pemilih disabilitas yang menggunakan hak pilih | D39: LK | E39: 0 | F39: 0 | G39: 0 | H39: 0 | I39: 0 | J39: 0 | K39: 0 | L39: 1 | M39: 0 | N39: 4 | O39: 0 | P39: 0 | Q39: 0 | R39: 1 | S39: =SUM(E39:R39) -> 6
D40: PR | E40: 0 | F40: 0 | G40: 0 | H40: 0 | I40: 0 | J40: 0 | K40: 1 | L40: 0 | M40: 0 | N40: 0 | O40: 0 | P40: 0 | Q40: 0 | R40: 2 | S40: =SUM(E40:R40) -> 3
D41: JML | E41: =SUM(E39:E40) -> 0 | F41: =SUM(F39:F40) -> 0 | G41: =SUM(G39:G40) -> 0 | H41: =SUM(H39:H40) -> 0 | I41: =SUM(I39:I40) -> 0 | J41: =SUM(J39:J40) -> 0 | K41: =SUM(K39:K40) -> 1 | L41: =SUM(L39:L40) -> 1 | ... R41: =SUM(R39:R40) -> 3 | S41: =SUM(E41:R41) -> 9
A43: IV | B43: DATA RINCIAN PEROLEHAN SUARA PASANGAN CALON BUPATI DAN WAKIL BUPATI
A44: NOMOR DAN NAMA CALON
A45: A.1 | B45: 1. | C45: Partai Kebangkitan Bangsa | E45: 8 | F45: 9 | G45: 4 | H45: 18 | I45: 5 | J45: 10 | K45: 7 | L45: 10 | M45: 7 | N45: 5 | O45: 4 | P45: 9 | Q45: 4 | R45: 3 | S45: =SUM(E45:R45) -> 103
A46: A.2 | B46: 1 | C46: 1. Dr. Hj. NIHAYATUL WAFIROH, M.A. | E46: 8 | F46: 18 | G46: 3 | H46: 38 | I46: 17 | J46: 26 | K46: 29 | L46: 14 | M46: 13 | N46: 16 | O46: 19 | P46: 21 | Q46: 8 | R46: 9 | S46: =SUM(E46:R46) -> 239
B47: 2 | C47: 2. H. M. NASIM KHAN | E47: 2 | F47: 2 | G47: 3 | H47: 2 | I47: 2 | J47: 3 | K47: 1 | L47: 0 | M47: 0 | N47: 2 | O47: 0 | P47: 3 | Q47: 0 | R47: 1 | S47: =SUM(E47:R47) -> 21
B48: 3 | C48: 3. Dr. H. AKIK ZAMAN, M.Pd.I. | E48: 1 | F48: 0 | G48: 0 | H48: 2 | I48: 0 | J48: 2 | K48: 1 | L48: 2 | M48: 0 | N48: 0 | O48: 0 | P48: 0 | Q48: 0 | R48: 1 | S48: =SUM(E48:R48) -> 9
B49: 4 | C49: 4. AHMAD RIFA'I, S.H. | E49: 0 | F49: 0 | G49: 0 | H49: 0 | I49: 1 | J49: 1 | K49: 1 | L49: 0 | M49: 0 | N49: 0 | O49: 0 | P49: 0 | Q49: 0 | R49: 0 | S49: =SUM(E49:R49) -> 3
B50: 5 | C50: 5. Drs. H. MAHFUD M.N. | E50: 0 | F50: 0 | G50: 1 | H50: 0 | I50: 1 | J50: 0 | K50: 1 | L50: 0 | M50: 0 | N50: 1 | O50: 0 | P50: 0 | Q50: 0 | R50: 0 | S50: =SUM(E50:R50) -> 4
B51: 6 | C51: 6. NURHAYATI, S.Pd. | E51: 0 | F51: 0 | G51: 0 | H51: 1 | I51: 0 | J51: 0 | K51: 0 | L51: 0 | M51: 1 | N51: 0 | O51: 1 | P51: 0 | Q51: 0 | R51: 0 | S51: =SUM(E51:R51) -> 3
B52: 7 | C52: 7. MAFTUHA KISWAH | E52: 0 | F52: 0 | G52: 1 | H52: 0 | I52: 1 | J52: 0 | K52: 0 | L52: 0 | M52: 0 | N52: 0 | O52: 0 | P52: 0 | Q52: 1 | R52: 0 | S52: =SUM(E52:R52) -> 3
A53: B | B53: JUMLAH SUARA SAH PARTAI POLITIK DAN CALON (A1 + A2) | E53: =SUM(E45:E52) -> 19 | F53: =SUM(F45:F52) -> 29 | G53: =SUM(G45:G52) -> 12 | H53: =SUM(H45:H52) -> 61 | I53: =SUM(I45:I52) -> 27 | J53: =SUM(J45:J52) -> 42 | K53: =SUM(K45:K52) -> 40 | L53: =SUM(L45:L52) -> 26 | ... S53: =SUM(S45:S52) -> 385
A55: A.1 | B55: 2. | C55: Partai Gerakan Indonesia Raya | E55: 7 | F55: 3 | G55: 5 | H55: 4 | I55: 2 | J55: 8 | K55: 1 | L55: 4 | M55: 6 | N55: 1 | O55: 4 | P55: 2 | Q55: 4 | R55: 4 | S55: =SUM(E55:R55) -> 55
A56: A.2 | B56: 1 | C56: 1. SUMAIL ABDULLAH | E56: 2 | F56: 2 | G56: 4 | H56: 8 | I56: 10 | J56: 2 | K56: 0 | L56: 7 | M56: 4 | N56: 1 | O56: 15 | P56: 3 | Q56: 10 | R56: 4 | S56: =SUM(E56:R56) -> 72
B57: 2 | C57: 2. MUHAMMAD ALI ADRIAN SALEH | E57: 6 | F57: 1 | G57: 2 | H57: 0 | I57: 5 | J57: 4 | K57: 8 | L57: 1 | M57: 1 | N57: 3 | O57: 0 | P57: 0 | Q57: 1 | R57: 0 | S57: =SUM(E57:R57) -> 32
B58: 3 | C58: 3. DURROTUN NAFISAH | E58: 1 | F58: 0 | G58: 0 | H58: 2 | I58: 1 | J58: 2 | K58: 1 | L58: 1 | M58: 1 | N58: 0 | O58: 0 | P58: 0 | Q58: 0 | R58: 1 | S58: =SUM(E58:R58) -> 10
B59: 4 | C59: 4. H. EKO SUSILO NURHIDAYAT | E59: 1 | F59: 0 | G59: 0 | H59: 1 | I59: 3 | J59: 1 | K59: 1 | L59: 0 | M59: 1 | N59: 0 | O59: 1 | P59: 0 | Q59: 1 | R59: 3 | S59: =SUM(E59:R59) -> 13
B60: 5 | C60: 5. KARNADI HARIJANTO, S.S. | E60: 0 | F60: 0 | G60: 1 | H60: 0 | I60: 0 | J60: 1 | K60: 0 | L60: 0 | M60: 0 | N60: 0 | O60: 0 | P60: 0 | Q60: 0 | R60: 0 | S60: =SUM(E60:R60) -> 2
B61: 6 | C61: 6. NURHAYATI | E61: 0 | F61: 0 | G61: 0 | H61: 0 | I61: 1 | J61: 2 | K61: 0 | L61: 1 | M61: 0 | N61: 0 | O61: 0 | P61: 1 | Q61: 1 | R61: 0 | S61: =SUM(E61:R61) -> 6
B62: 7 | C62: 7. MASHUDI | E62: 0 | F62: 0 | G62: 0 | H62: 0 | I62: 0 | J62: 0 | K62: 0 | L62: 0 | M62: 0 | N62: 0 | O62: 0 | P62: 0 | Q62: 0 | R62: 0 | S62: =SUM(E62:R62) -> 0
A63: B | B63: JUMLAH SUARA SAH PARTAI POLITIK DAN CALON (A1 + A2) | E63: =SUM(E55:E62) -> 17 | F63: =SUM(F55:F62) -> 6 | G63: =SUM(G55:G62) -> 12 | H63: =SUM(H55:H62) -> 15 | I63: =SUM(I55:I62) -> 22 | J63: =SUM(J55:J62) -> 20 | K63: =SUM(K55:K62) -> 11 | L63: =SUM(L55:L62) -> 14 | ... S63: =SUM(S55:S62) -> 190
A65: A.1 | B65: 3. | C65: Partai Demokrasi Indonesia Perjuangan | E65: 21 | F65: 6 | G65: 6 | H65: 12 | I65: 6 | J65: 7 | K65: 10 | L65: 3 | M65: 12 | N65: 3 | O65: 8 | P65: 9 | Q65: 15 | R65: 7 | S65: =SUM(E65:R65) -> 125
A66: A.2 | B66: 1 | C66: 1. SONNY TRI DANAPARAMITA, S.H., M.H. | E66: 29 | F66: 4 | G66: 17 | H66: 4 | I66: 26 | J66: 10 | K66: 22 | L66: 7 | M66: 2 | N66: 5 | O66: 7 | P66: 7 | Q66: 12 | R66: 17 | S66: =SUM(E66:R66) -> 169
B67: 2 | C67: 2. H. MOHAMAD GUNTUR ROMLI | E67: 9 | F67: 2 | G67: 3 | H67: 13 | I67: 1 | J67: 3 | K67: 4 | L67: 0 | M67: 5 | N67: 4 | O67: 1 | P67: 3 | Q67: 2 | R67: 2 | S67: =SUM(E67:R67) -> 52
B68: 3 | C68: 3. INA AMMANIA | E68: 8 | F68: 2 | G68: 2 | H68: 19 | I68: 6 | J68: 4 | K68: 3 | L68: 3 | M68: 18 | N68: 35 | O68: 19 | P68: 21 | Q68: 27 | R68: 5 | S68: =SUM(E68:R68) -> 172
B69: 4 | C69: 4. IRWAN BACHTIAR RACHMAT, M.Si. | E69: 1 | F69: 3 | G69: 6 | H69: 5 | I69: 0 | J69: 0 | K69: 1 | L69: 0 | M69: 9 | N69: 0 | O69: 1 | P69: 4 | Q69: 7 | R69: 2 | S69: =SUM(E69:R69) -> 39
B70: 5 | C70: 5. LUCKY PERDANA | E70: 3 | F70: 0 | G70: 0 | H70: 0 | I70: 2 | J70: 0 | K70: 0 | L70: 1 | M70: 0 | N70: 0 | O70: 1 | P70: 2 | Q70: 4 | R70: 1 | S70: =SUM(E70:R70) -> 14
B71: 6 | C71: 6. WIWIK PUJIYATI | E71: 0 | F71: 0 | G71: 1 | H71: 0 | I71: 3 | J71: 0 | K71: 2 | L71: 0 | M71: 0 | N71: 1 | O71: 2 | P71: 0 | Q71: 0 | R71: 0 | S71: =SUM(E71:R71) -> 9
B72: 7 | C72: 7. CHANDRA ASTAN, S.T. | E72: 2 | F72: 1 | G72: 10 | H72: 2 | I72: 1 | J72: 4 | K72: 3 | L72: 2 | M72: 0 | N72: 0 | O72: 3 | P72: 7 | Q72: 7 | R72: 2 | S72: =SUM(E72:R72) -> 44
A73: B | B73: JUMLAH SUARA SAH PARTAI POLITIK DAN CALON (A1 + A2) | E73: =SUM(E65:E72) -> 73 | F73: =SUM(F65:F72) -> 18 | G73: =SUM(G65:G72) -> 45 | H73: =SUM(H65:H72) -> 55 | I73: =SUM(I65:I72) -> 45 | J73: =SUM(J65:J72) -> 28 | K73: =SUM(K65:K72) -> 45 | L73: =SUM(L65:L72) -> 16 | ... S73: =SUM(S65:S72) -> 624
A75: A.1 | B75: 4. | C75: Partai Golongan Karya | E75: 4 | F75: 7 | G75: 4 | H75: 0 | I75: 1 | J75: 6 | K75: 3 | L75: 12 | M75: 2 | N75: 0 | O75: 0 | P75: 4 | Q75: 5 | R75: 4 | S75: =SUM(E75:R75) -> 52
A76: A.2 | B76: 1 | C76: 1. ZULFIKAR ARSE SADIKIN, S.I.P., M.Si. | E76: 11 | F76: 28 | G76: 12 | H76: 6 | I76: 12 | J76: 24 | K76: 4 | L76: 50 | M76: 1 | N76: 12 | O76: 6 | P76: 3 | Q76: 5 | R76: 7 | S76: =SUM(E76:R76) -> 181
B77: 2 | C77: 2. HANDOKO | E77: 8 | F77: 0 | G77: 6 | H77: 1 | I77: 32 | J77: 14 | K77: 6 | L77: 3 | M77: 3 | N77: 5 | O77: 2 | P77: 5 | Q77: 9 | R77: 42 | S77: =SUM(E77:R77) -> 136
B78: 3 | C78: 3. Hj. OVI DEWI YANTI | E78: 0 | F78: 0 | G78: 0 | H78: 0 | I78: 1 | J78: 0 | K78: 0 | L78: 1 | M78: 0 | N78: 0 | O78: 0 | P78: 1 | Q78: 0 | R78: 0 | S78: =SUM(E78:R78) -> 3
B79: 4 | C79: 4. Ir. AZAM AZMAN NATAWIJANA | E79: 0 | F79: 0 | G79: 1 | H79: 1 | I79: 4 | J79: 6 | K79: 0 | L79: 0 | M79: 0 | N79: 0 | O79: 0 | P79: 0 | Q79: 1 | R79: 1 | S79: =SUM(E79:R79) -> 14
B80: 5 | C80: 5. UBAIDILLAH AMIN, S.Kom. | E80: 0 | F80: 0 | G80: 0 | H80: 1 | I80: 2 | J80: 3 | K80: 3 | L80: 0 | M80: 1 | N80: 5 | O80: 1 | P80: 0 | Q80: 2 | R80: 2 | S80: =SUM(E80:R80) -> 20
B81: 6 | C81: 6. DENNY YUNIANDARI, S.H., M.Kn. | E81: 1 | F81: 0 | G81: 0 | H81: 0 | I81: 0 | J81: 0 | K81: 2 | L81: 0 | M81: 0 | N81: 0 | O81: 0 | P81: 0 | Q81: 0 | R81: 0 | S81: =SUM(E81:R81) -> 3
B82: 7 | C82: 7. ERNADI, S.H.I. | E82: 0 | F82: 0 | G82: 0 | H82: 0 | I82: 0 | J82: 1 | K82: 0 | L82: 0 | M82: 0 | N82: 0 | O82: 0 | P82: 0 | Q82: 1 | R82: 0 | S82: =SUM(E82:R82) -> 2
A83: B | B83: JUMLAH SUARA SAH PARTAI POLITIK DAN CALON (A1 + A2) | E83: =SUM(E75:E82) -> 24 | F83: =SUM(F75:F82) -> 35 | G83: =SUM(G75:G82) -> 23 | H83: =SUM(H75:H82) -> 9 | I83: =SUM(I75:I82) -> 52 | J83: =SUM(J75:J82) -> 54 | K83: =SUM(K75:K82) -> 18 | L83: =SUM(L75:L82) -> 66 | ... S83: =SUM(S75:S82) -> 411
A85: A.1 | B85: 5. | C85: Partai NasDem | E85: 3 | F85: 2 | G85: 3 | H85: 0 | I85: 1 | J85: 2 | K85: 2 | L85: 2 | M85: 0 | N85: 3 | O85: 0 | P85: 1 | Q85: 0 | R85: 0 | S85: =SUM(E85:R85) -> 19
A86: A.2 | B86: 1 | C86: 1. ACH. FADIL MUZAKKI SYAH | E86: 3 | F86: 3 | G86: 3 | H86: 0 | I86: 0 | J86: 1 | K86: 0 | L86: 0 | M86: 0 | N86: 4 | O86: 2 | P86: 1 | Q86: 1 | R86: 0 | S86: =SUM(E86:R86) -> 18
B87: 2 | C87: 2. BENY | E87: 1 | F87: 0 | G87: 2 | H87: 0 | I87: 0 | J87: 0 | K87: 0 | L87: 0 | M87: 0 | N87: 0 | O87: 0 | P87: 0 | Q87: 0 | R87: 0 | S87: =SUM(E87:R87) -> 3
B88: 3 | C88: 3. VINA VERONIKA | E88: 0 | F88: 0 | G88: 1 | H88: 0 | I88: 1 | J88: 0 | K88: 1 | L88: 0 | M88: 0 | N88: 1 | O88: 0 | P88: 0 | Q88: 0 | R88: 1 | S88: =SUM(E88:R88) -> 5
B89: 4 | C89: 4. TEDDY ANUGRIANTO | E89: 0 | F89: 0 | G89: 6 | H89: 0 | I89: 2 | J89: 0 | K89: 0 | L89: 0 | M89: 0 | N89: 1 | O89: 0 | P89: 0 | Q89: 0 | R89: 1 | S89: =SUM(E89:R89) -> 10
B90: 5 | C90: 5. INSAN KAMIL | E90: 0 | F90: 0 | G90: 0 | H90: 0 | I90: 0 | J90: 0 | K90: 0 | L90: 0 | M90: 0 | N90: 2 | O90: 0 | P90: 0 | Q90: 0 | R90: 0 | S90: =SUM(E90:R90) -> 2
B91: 6 | C91: 6. LILIK LINDARWATI | E91: 0 | F91: 0 | G91: 1 | H91: 0 | I91: 0 | J91: 0 | K91: 0 | L91: 0 | M91: 0 | N91: 0 | O91: 0 | P91: 0 | Q91: 0 | R91: 0 | S91: =SUM(E91:R91) -> 1
B92: 7 | C92: 7. YULI ANITA | E92: 0 | F92: 0 | G92: 4 | H92: 0 | I92: 0 | J92: 0 | K92: 0 | L92: 0 | M92: 0 | N92: 0 | O92: 0 | P92: 0 | Q92: 0 | R92: 0 | S92: =SUM(E92:R92) -> 4
A93: B | B93: JUMLAH SUARA SAH PARTAI POLITIK DAN CALON (A1 + A2) | E93: =SUM(E85:E92) -> 7 | F93: =SUM(F85:F92) -> 5 | G93: =SUM(G85:G92) -> 20 | H93: =SUM(H85:H92) -> 0 | I93: =SUM(I85:I92) -> 4 | J93: =SUM(J85:J92) -> 3 | K93: =SUM(K85:K92) -> 3 | L93: =SUM(L85:L92) -> 2 | ... S93: =SUM(S85:S92) -> 62
A95: A.1 | B95: 6. | C95: Partai Buruh | E95: 0 | F95: 0 | G95: 0 | H95: 0 | I95: 0 | J95: 0 | K95: 1 | L95: 0 | M95: 0 | N95: 1 | O95: 0 | P95: 1 | Q95: 0 | R95: 0 | S95: =SUM(E95:R95) -> 3
A96: A.2 | B96: 1 | C96: 1. KHOIRUL ANAM | E96: 0 | F96: 1 | G96: 0 | H96: 0 | I96: 0 | J96: 0 | K96: 1 | L96: 0 | M96: 0 | N96: 3 | O96: 0 | P96: 0 | Q96: 1 | R96: 0 | S96: =SUM(E96:R96) -> 6
B97: 2 | C97: 2. INA KURNIA | E97: 0 | F97: 0 | G97: 0 | H97: 0 | I97: 1 | J97: 0 | K97: 0 | L97: 0 | M97: 0 | N97: 1 | O97: 1 | P97: 0 | Q97: 0 | R97: 1 | S97: =SUM(E97:R97) -> 4
B98: 3 | C98: 3. JIBRAL TAROUK | E98: 0 | F98: 0 | G98: 0 | H98: 0 | I98: 0 | J98: 0 | K98: 0 | L98: 0 | M98: 0 | N98: 0 | O98: 0 | P98: 0 | Q98: 0 | R98: 0 | S98: =SUM(E98:R98) -> 0
B99: 4 | C99: 4. ASTUTI DAENG PUJI | E99: 0 | F99: 0 | G99: 0 | H99: 0 | I99: 0 | J99: 0 | K99: 0 | L99: 0 | M99: 0 | N99: 0 | O99: 0 | P99: 0 | Q99: 0 | R99: 0 | S99: =SUM(E99:R99) -> 0
B100: 5 | C100: 5. ASDARMAWAN | E100: 0 | F100: 0 | G100: 0 | H100: 0 | I100: 0 | J100: 0 | K100: 0 | L100: 0 | M100: 0 | N100: 0 | O100: 0 | P100: 0 | Q100: 0 | R100: 0 | S100: =SUM(E100:R100) -> 0
B101: 6 | C101: 6. RIFQI MUBAROK | E101: 0 | F101: 0 | G101: 0 | H101: 0 | I101: 0 | J101: 0 | K101: 0 | L101: 0 | M101: 0 | N101: 0 | O101: 0 | P101: 0 | Q101: 0 | R101: 0 | S101: =SUM(E101:R101) -> 0
B102: 7 | C102: 7. FIRNANDA ALTA MEGA | E102: 0 | F102: 0 | G102: 0 | H102: 0 | I102: 0 | J102: 0 | K102: 0 | L102: 0 | M102: 0 | N102: 0 | O102: 0 | P102: 0 | Q102: 0 | R102: 0 | S102: =SUM(E102:R102) -> 0
A103: B | B103: JUMLAH SUARA SAH PARTAI POLITIK DAN CALON (A1 + A2) | E103: =SUM(E95:E102) -> 0 | F103: =SUM(F95:F102) -> 1 | G103: =SUM(G95:G102) -> 0 | H103: =SUM(H95:H102) -> 0 | I103: =SUM(I95:I102) -> 1 | J103: =SUM(J95:J102) -> 0 | K103: =SUM(K95:K102) -> 2 | L103: =SUM(L95:L102) -> 0 | ... S103: =SUM(S95:S102) -> 13
A105: A.1 | B105: 7. | C105: Partai Gelombang Rakyat Indonesia | E105: 1 | F105: 0 | G105: 1 | H105: 0 | I105: 0 | J105: 0 | K105: 1 | L105: 0 | M105: 0 | N105: 2 | O105: 0 | P105: 1 | Q105: 2 | R105: 0 | S105: =SUM(E105:R105) -> 8
A106: A.2 | B106: 1 | C106: 1. TITI WIDORETNO WARISMAN | E106: 0 | F106: 0 | G106: 0 | H106: 2 | I106: 0 | J106: 0 | K106: 0 | L106: 0 | M106: 0 | N106: 0 | O106: 1 | P106: 0 | Q106: 0 | R106: 0 | S106: =SUM(E106:R106) -> 3
B107: 2 | C107: 2. MAMIEK SETYANINGSIH | E107: 0 | F107: 0 | G107: 1 | H107: 0 | I107: 0 | J107: 0 | K107: 0 | L107: 0 | M107: 0 | N107: 1 | O107: 0 | P107: 0 | Q107: 0 | R107: 0 | S107: =SUM(E107:R107) -> 2
B108: 3 | C108: 3. ROMIL AZIZEN | E108: 0 | F108: 0 | G108: 0 | H108: 0 | I108: 0 | J108: 0 | K108: 1 | L108: 0 | M108: 1 | N108: 1 | O108: 0 | P108: 0 | Q108: 0 | R108: 0 | S108: =SUM(E108:R108) -> 3
A109: B | B109: JUMLAH SUARA SAH PARTAI POLITIK DAN CALON (A1 + A2) | E109: =SUM(E105:E108) -> 1 | F109: =SUM(F105:F108) -> 0 | G109: =SUM(G105:G108) -> 2 | H109: =SUM(H105:H108) -> 2 | I109: =SUM(I105:I108) -> 0 | J109: =SUM(J105:J108) -> 0 | K109: =SUM(K105:K108) -> 2 | L109: =SUM(L105:L108) -> 0 | ... S109: =SUM(S105:S108) -> 16
A111: A.1 | B111: 8. | C111: Partai Keadilan Sejahtera | E111: 1 | F111: 1 | G111: 1 | H111: 1 | I111: 1 | J111: 0 | K111: 1 | L111: 0 | M111: 0 | N111: 0 | O111: 0 | P111: 2 | Q111: 0 | R111: 0 | S111: =SUM(E111:R111) -> 8
A112: A.2 | B112: 1 | C112: 1. H. SAIMI SALEH, S.E., M.M. | E112: 0 | F112: 1 | G112: 3 | H112: 1 | I112: 3 | J112: 0 | K112: 3 | L112: 0 | M112: 4 | N112: 0 | O112: 1 | P112: 1 | Q112: 2 | R112: 0 | S112: =SUM(E112:R112) -> 19
B113: 2 | C113: 2. Prof. Dr. H. EGGI SUDJANA, S.H., M.Si. | E113: 0 | F113: 1 | G113: 0 | H113: 0 | I113: 0 | J113: 0 | K113: 1 | L113: 0 | M113: 0 | N113: 2 | O113: 0 | P113: 0 | Q113: 0 | R113: 0 | S113: =SUM(E113:R113) -> 4
B114: 3 | C114: 3. NURUL KHOTIMAH | E114: 0 | F114: 0 | G114: 0 | H114: 0 | I114: 0 | J114: 0 | K114: 0 | L114: 0 | M114: 0 | N114: 0 | O114: 0 | P114: 0 | Q114: 0 | R114: 0 | S114: =SUM(E114:R114) -> 0
B115: 4 | C115: 4. AKHMAD SUYANTO, S.T., M.T. | E115: 0 | F115: 0 | G115: 0 | H115: 0 | I115: 0 | J115: 0 | K115: 0 | L115: 0 | M115: 0 | N115: 0 | O115: 0 | P115: 0 | Q115: 0 | R115: 0 | S115: =SUM(E115:R115) -> 0
B116: 5 | C116: 5. PUJIYATNI | E116: 0 | F116: 3 | G116: 0 | H116: 0 | I116: 0 | J116: 0 | K116: 0 | L116: 0 | M116: 0 | N116: 0 | O116: 0 | P116: 0 | Q116: 0 | R116: 0 | S116: =SUM(E116:R116) -> 3
B117: 6 | C117: 6. HENI PURWATININGSIH | E117: 0 | F117: 0 | G117: 0 | H117: 0 | I117: 0 | J117: 0 | K117: 0 | L117: 0 | M117: 0 | N117: 0 | O117: 0 | P117: 0 | Q117: 0 | R117: 0 | S117: =SUM(E117:R117) -> 0
B118: 7 | C118: 7. MUHADI | E118: 0 | F118: 0 | G118: 0 | H118: 0 | I118: 0 | J118: 0 | K118: 0 | L118: 0 | M118: 0 | N118: 0 | O118: 0 | P118: 0 | Q118: 0 | R118: 0 | S118: =SUM(E118:R118) -> 0
...

Sheet PURWOASRI
C2: Kecamatan | D2: TEGALDLIMO
C3: Kabupaten | D3: BANYUWANGI
C4: Provinsi | D4: JAWA TIMUR
C9: Kelurahan | D9: PURWOASRI
A12: I | B12: DATA PEMILIH DAN PENGGUNAAN HAK PILIH | S12: JUMLAH AKHIR
A13: A | B13: DATA PEMILIH | E13: TPS 001 | F13: TPS 002 | G13: TPS 003 | H13: TPS 004 | I13: TPS 005 | J13: TPS 006 | K13: TPS 007 | L13: TPS 008 | M13: TPS 009 | N13: TPS 010 | O13: TPS 011 | P13: TPS 012 | Q13: TPS 013 | R13: TPS 014
B14: Jumlah Pemilih dalam Daftar Pemilih Tetap (DPT) | D14: LK | E14: 139 | F14: 143 | G14: 158 | H14: 131 | I14: 140 | J14: 115 | K14: 152 | L14: 144 | M14: 155 | N14: 138 | O14: 136 | P14: 141 | Q14: 129 | R14: 142 | S14: =SUM(E14:R14) -> 1963
D15: PR | E15: 145 | F15: 152 | G15: 137 | H15: 142 | I15: 139 | J15: 126 | K15: 129 | L15: 143 | M15: 135 | N15: 146 | O15: 138 | P15: 129 | Q15: 141 | R15: 131 | S15: =SUM(E15:R15) -> 1933
D16: JML | E16: =SUM(E14:E15) -> 284 | F16: =SUM(F14:F15) -> 295 | G16: =SUM(G14:G15) -> 295 | H16: =SUM(H14:H15) -> 273 | I16: =SUM(I14:I15) -> 279 | J16: =SUM(J14:J15) -> 241 | K16: =SUM(K14:K15) -> 281 | L16: =SUM(L14:L15) -> 287 | ... R16: =SUM(R14:R15) -> 273 | S16: =SUM(E16:R16) -> 3896
A18: B | B18: PENGGUNA HAK PILIH
B19: 1. | C19: Jumlah pengguna hak pilih dalam Daftar Pemilih Tetap (DPT) | D19: LK | E19: 113 | F19: 123 | G19: 139 | H19: 101 | I19: 98 | J19: 98 | K19: 130 | L19: 125 | M19: 107 | N19: 110 | O19: 100 | P19: 105 | Q19: 100 | R19: 110 | S19: =SUM(E19:R19) -> 1559
D20: PR | E20: 120 | F20: 127 | G20: 122 | H20: 114 | I20: 111 | J20: 103 | K20: 109 | L20: 131 | M20: 94 | N20: 120 | O20: 108 | P20: 100 | Q20: 115 | R20: 106 | S20: =SUM(E20:R20) -> 1580
D21: JML | E21: =SUM(E19:E20) -> 233 | F21: =SUM(F19:F20) -> 250 | G21: =SUM(G19:G20) -> 261 | H21: =SUM(H19:H20) -> 215 | I21: =SUM(I19:I20) -> 209 | J21: =SUM(J19:J20) -> 201 | K21: =SUM(K19:K20) -> 239 | L21: =SUM(L19:L20) -> 256 | ... R21: =SUM(R19:R20) -> 216 | S21: =SUM(E21:R21) -> 3139
B22: 2. | C22: Jumlah pengguna hak pilih dalam Daftar Pemilih Tambahan (DPTb) | D22: LK | E22: 0 | F22: 1 | G22: 1 | H22: 1 | I22: 0 | J22: 1 | K22: 0 | L22: 0 | M22: 0 | N22: 1 | O22: 0 | P22: 0 | Q22: 0 | R22: 1 | S22: =SUM(E22:R22) -> 6
D23: PR | E23: 0 | F23: 2 | G23: 0 | H23: 0 | I23: 0 | J23: 1 | K23: 0 | L23: 1 | M23: 0 | N23: 1 | O23: 0 | P23: 0 | Q23: 0 | R23: 0 | S23: =SUM(E23:R23) -> 5
D24: JML | E24: =SUM(E22:E23) -> 0 | F24: =SUM(F22:F23) -> 3 | G24: =SUM(G22:G23) -> 1 | H24: =SUM(H22:H23) -> 1 | I24: =SUM(I22:I23) -> 0 | J24: =SUM(J22:J23) -> 2 | K24: =SUM(K22:K23) -> 0 | L24: =SUM(L22:L23) -> 1 | ... R24: =SUM(R22:R23) -> 1 | S24: =SUM(E24:R24) -> 11
B25: 3. | C25: Jumlah pengguna hak pilih dalam Daftar Pemilih Khusus (DPK) | D25: LK | E25: 2 | F25: 0 | G25: 0 | H25: 1 | I25: 0 | J25: 0 | K25: 0 | L25: 0 | M25: 0 | N25: 2 | O25: 0 | P25: 1 | Q25: 0 | R25: 0 | S25: =SUM(E25:R25) -> 6
D26: PR | E26: 0 | F26: 0 | G26: 0 | H26: 5 | I26: 0 | J26: 0 | K26: 1 | L26: 0 | M26: 0 | N26: 1 | O26: 2 | P26: 1 | Q26: 0 | R26: 1 | S26: =SUM(E26:R26) -> 11
D27: JML | E27: =SUM(E25:E26) -> 2 | F27: =SUM(F25:F26) -> 0 | G27: =SUM(G25:G26) -> 0 | H27: =SUM(H25:H26) -> 6 | I27: =SUM(I25:I26) -> 0 | J27: =SUM(J25:J26) -> 0 | K27: =SUM(K25:K26) -> 1 | L27: =SUM(L25:L26) -> 0 | ... R27: =SUM(R25:R26) -> 1 | S27: =SUM(E27:R27) -> 17
B28: 4. | C28: Jumlah Pengguna Hak Pilih (B.1+B.2+B.3) | D28: LK | E28: =SUM(E19,E22,E25) -> 115 | F28: =SUM(F19,F22,F25) -> 124 | G28: =SUM(G19,G22,G25) -> 140 | H28: =SUM(H19,H22,H25) -> 103 | I28: =SUM(I19,I22,I25) -> 98 | J28: =SUM(J19,J22,J25) -> 99 | K28: =SUM(K19,K22,K25) -> 130 | L28: =SUM(L19,L22,L25) -> 125 | ... R28: =SUM(R19,R22,R25) -> 111 | S28: =SUM(E28:R28) -> 1571
D29: PR | E29: =SUM(E20,E23,E26) -> 120 | F29: =SUM(F20,F23,F26) -> 129 | G29: =SUM(G20,G23,G26) -> 122 | H29: =SUM(H20,H23,H26) -> 119 | I29: =SUM(I20,I23,I26) -> 111 | J29: =SUM(J20,J23,J26) -> 104 | K29: =SUM(K20,K23,K26) -> 110 | L29: =SUM(L20,L23,L26) -> 132 | ... R29: =SUM(R20,R23,R26) -> 107 | S29: =SUM(E29:R29) -> 1596
D30: JML | E30: =SUM(E28:E29) -> 235 | F30: =SUM(F28:F29) -> 253 | G30: =SUM(G28:G29) -> 262 | H30: =SUM(H28:H29) -> 222 | I30: =SUM(I28:I29) -> 209 | J30: =SUM(J28:J29) -> 203 | K30: =SUM(K28:K29) -> 240 | L30: =SUM(L28:L29) -> 257 | ... R30: =SUM(R28:R29) -> 218 | S30: =SUM(E30:R30) -> 3167
A32: II | B32: DATA PENGGUNAAN SURAT SUARA
A33: 1 | B33: Jumlah surat suara yang diterima, termasuk surat suara cadangan 2,5% dari DPT | E33: 290 | F33: 301 | G33: 301 | H33: 279 | I33: 285 | J33: 245 | K33: 287 | L33: 293 | M33: 296 | N33: 290 | O33: 280 | P33: 276 | Q33: 276 | R33: 279 | S33: =SUM(E33:R33) -> 3978
A34: 2 | B34: Jumlah surat suara yang digunakan | E34: 235 | F34: 253 | G34: 262 | H34: 222 | I34: 209 | J34: 203 | K34: 240 | L34: 257 | M34: 201 | N34: 235 | O34: 210 | P34: 207 | Q34: 215 | R34: 218 | S34: =SUM(E34:R34) -> 3167
A35: 3 | B35: Jumlah surat suara dikembalikan oleh pemilih (karena rusak atau keliru coblos) | E35: 2 | F35: 0 | G35: 0 | H35: 0 | I35: 1 | J35: 0 | K35: 1 | L35: 0 | M35: 1 | N35: 0 | O35: 0 | P35: 1 | Q35: 1 | R35: 0 | S35: =SUM(E35:R35) -> 7
A36: 4 | B36: Jumlah surat suara yang tidak digunakan/tidak terpakai, termasuk sisa surat suara cadangan | E36: =E33-(E34+E35) -> 53 | F36: =F33-(F34+F35) -> 48 | G36: =G33-(G34+G35) -> 39 | H36: =H33-(H34+H35) -> 57 | I36: =I33-(I34+I35) -> 75 | J36: =J33-(J34+J35) -> 42 | K36: =K33-(K34+K35) -> 46 | L36: =L33-(L34+L35) -> 36 | ... R36: =R33-(R34+R35) -> 61 | S36: =SUM(E36:R36) -> 804
A38: III | B38: DATA PEMILIH DISABILITAS
B39: Jumlah seluruh Pemilih disabilitas yang menggunakan hak pilih | D39: LK | E39: 1 | N39: 1 | P39: 1 | S39: =SUM(E39:R39) -> 3
D40: PR | E40: 1 | I40: 1 | O40: 1 | P40: 3 | S40: =SUM(E40:R40) -> 6
D41: JML | E41: =SUM(E39:E40) -> 2 | F41: =SUM(F39:F40) -> 0 | G41: =SUM(G39:G40) -> 0 | H41: =SUM(H39:H40) -> 0 | I41: =SUM(I39:I40) -> 1 | J41: =SUM(J39:J40) -> 0 | K41: =SUM(K39:K40) -> 0 | L41: =SUM(L39:L40) -> 0 | ... R41: =SUM(R39:R40) -> 0 | S41: =SUM(E41:R41) -> 9
A43: IV | B43: DATA RINCIAN PEROLEHAN SUARA PASANGAN CALON BUPATI DAN WAKIL BUPATI
A44: NOMOR DAN NAMA CALON
A45: A.1 | B45: 1. | C45: Partai Kebangkitan Bangsa | E45: 4 | F45: 8 | G45: 8 | H45: 1 | I45: 4 | J45: 4 | K45: 3 | L45: 9 | M45: 5 | N45: 5 | O45: 4 | P45: 2 | Q45: 5 | R45: 7 | S45: =SUM(E45:R45) -> 69
A46: A.2 | B46: 1 | C46: 1. Dr. Hj. NIHAYATUL WAFIROH, M.A. | E46: 36 | F46: 10 | G46: 26 | H46: 5 | I46: 9 | J46: 16 | K46: 12 | L46: 31 | M46: 26 | N46: 26 | O46: 3 | P46: 15 | Q46: 17 | R46: 13 | S46: =SUM(E46:R46) -> 245
B47: 2 | C47: 2. H. M. NASIM KHAN | E47: 1 | F47: 1 | G47: 2 | H47: 2 | I47: 1 | J47: 5 | K47: 9 | L47: 0 | M47: 0 | N47: 1 | O47: 1 | P47: 1 | Q47: 11 | R47: 0 | S47: =SUM(E47:R47) -> 35
B48: 3 | C48: 3. Dr. H. AKIK ZAMAN, M.Pd.I. | E48: 1 | F48: 1 | G48: 2 | H48: 0 | I48: 0 | J48: 0 | K48: 0 | L48: 0 | M48: 0 | N48: 1 | O48: 0 | P48: 1 | Q48: 1 | R48: 1 | S48: =SUM(E48:R48) -> 8
B49: 4 | C49: 4. AHMAD RIFA'I, S.H. | E49: 0 | F49: 0 | G49: 0 | H49: 0 | I49: 1 | J49: 0 | K49: 0 | L49: 3 | M49: 0 | N49: 1 | O49: 0 | P49: 0 | Q49: 1 | R49: 1 | S49: =SUM(E49:R49) -> 7
B50: 5 | C50: 5. Drs. H. MAHFUD M.N. | E50: 0 | F50: 0 | G50: 1 | H50: 1 | I50: 0 | J50: 0 | K50: 0 | L50: 1 | M50: 0 | N50: 0 | O50: 1 | P50: 0 | Q50: 0 | R50: 0 | S50: =SUM(E50:R50) -> 4
B51: 6 | C51: 6. NURHAYATI, S.Pd. | E51: 0 | F51: 0 | G51: 0 | H51: 0 | I51: 0 | J51: 0 | K51: 1 | L51: 1 | M51: 2 | N51: 1 | O51: 0 | P51: 0 | Q51: 2 | R51: 0 | S51: =SUM(E51:R51) -> 7
B52: 7 | C52: 7. MAFTUHA KISWAH | E52: 0 | F52: 1 | G52: 0 | H52: 0 | I52: 0 | J52: 0 | K52: 3 | L52: 0 | M52: 0 | N52: 0 | O52: 0 | P52: 0 | Q52: 0 | R52: 0 | S52: =SUM(E52:R52) -> 4
A53: B | B53: JUMLAH SUARA SAH PARTAI POLITIK DAN CALON (A1 + A2) | E53: =SUM(E45:E52) -> 42 | F53: =SUM(F45:F52) -> 21 | G53: =SUM(G45:G52) -> 39 | H53: =SUM(H45:H52) -> 9 | I53: =SUM(I45:I52) -> 15 | J53: =SUM(J45:J52) -> 25 | K53: =SUM(K45:K52) -> 28 | L53: =SUM(L45:L52) -> 45 | ... S53: =SUM(S45:S52) -> 379
A55: A.1 | B55: 2. | C55: Partai Gerakan Indonesia Raya | E55: 2 | F55: 3 | G55: 0 | H55: 8 | I55: 11 | J55: 3 | K55: 6 | L55: 7 | M55: 4 | N55: 8 | O55: 1 | P55: 8 | Q55: 10 | R55: 2 | S55: =SUM(E55:R55) -> 73
A56: A.2 | B56: 1 | C56: 1. SUMAIL ABDULLAH | E56: 8 | F56: 4 | G56: 1 | H56: 4 | I56: 6 | J56: 10 | K56: 7 | L56: 4 | M56: 2 | N56: 2 | O56: 1 | P56: 3 | Q56: 11 | R56: 0 | S56: =SUM(E56:R56) -> 63
B57: 2 | C57: 2. MUHAMMAD ALI ADRIAN SALEH | E57: 4 | F57: 1 | G57: 6 | H57: 1 | I57: 1 | J57: 1 | K57: 1 | L57: 1 | M57: 0 | N57: 1 | O57: 2 | P57: 1 | Q57: 3 | R57: 0 | S57: =SUM(E57:R57) -> 23
B58: 3 | C58: 3. DURROTUN NAFISAH | E58: 0 | F58: 0 | G58: 0 | H58: 0 | I58: 2 | J58: 1 | K58: 0 | L58: 1 | M58: 1 | N58: 0 | O58: 0 | P58: 0 | Q58: 0 | R58: 1 | S58: =SUM(E58:R58) -> 6
B59: 4 | C59: 4. H. EKO SUSILO NURHIDAYAT | E59: 0 | F59: 9 | G59: 0 | H59: 0 | I59: 2 | J59: 0 | K59: 0 | L59: 1 | M59: 0 | N59: 0 | O59: 1 | P59: 0 | Q59: 2 | R59: 0 | S59: =SUM(E59:R59) -> 15
B60: 5 | C60: 5. KARNADI HARIJANTO, S.S. | E60: 0 | F60: 0 | G60: 0 | H60: 0 | I60: 0 | J60: 0 | K60: 0 | L60: 0 | M60: 0 | N60: 0 | O60: 1 | P60: 0 | Q60: 0 | R60: 0 | S60: =SUM(E60:R60) -> 1
B61: 6 | C61: 6. NURHAYATI | E61: 0 | F61: 0 | G61: 0 | H61: 2 | I61: 2 | J61: 0 | K61: 0 | L61: 0 | M61: 0 | N61: 0 | O61: 2 | P61: 1 | Q61: 0 | R61: 0 | S61: =SUM(E61:R61) -> 7
B62: 7 | C62: 7. MASHUDI | E62: 0 | F62: 0 | G62: 0 | H62: 0 | I62: 2 | J62: 0 | K62: 0 | L62: 0 | M62: 0 | N62: 0 | O62: 0 | P62: 0 | Q62: 0 | R62: 0 | S62: =SUM(E62:R62) -> 2
A63: B | B63: JUMLAH SUARA SAH PARTAI POLITIK DAN CALON (A1 + A2) | E63: =SUM(E55:E62) -> 14 | F63: =SUM(F55:F62) -> 17 | G63: =SUM(G55:G62) -> 7 | H63: =SUM(H55:H62) -> 15 | I63: =SUM(I55:I62) -> 26 | J63: =SUM(J55:J62) -> 15 | K63: =SUM(K55:K62) -> 14 | L63: =SUM(L55:L62) -> 14 | ... S63: =SUM(S55:S62) -> 190
A65: A.1 | B65: 3. | C65: Partai Demokrasi Indonesia Perjuangan | E65: 5 | F65: 22 | G65: 9 | H65: 10 | I65: 8 | J65: 1 | K65: 6 | L65: 3 | M65: 6 | N65: 5 | O65: 6 | P65: 2 | Q65: 1 | R65: 1 | S65: =SUM(E65:R65) -> 85
A66: A.2 | B66: 1 | C66: 1. SONNY TRI DANAPARAMITA, S.H., M.H. | E66: 16 | F66: 10 | G66: 9 | H66: 10 | I66: 6 | J66: 6 | K66: 27 | L66: 5 | M66: 6 | N66: 5 | O66: 13 | P66: 5 | Q66: 3 | R66: 0 | S66: =SUM(E66:R66) -> 121
B67: 2 | C67: 2. H. MOHAMAD GUNTUR ROMLI | E67: 4 | F67: 16 | G67: 13 | H67: 2 | I67: 1 | J67: 3 | K67: 1 | L67: 2 | M67: 7 | N67: 1 | O67: 9 | P67: 0 | Q67: 0 | R67: 1 | S67: =SUM(E67:R67) -> 60
B68: 3 | C68: 3. INA AMMANIA | E68: 5 | F68: 6 | G68: 3 | H68: 6 | I68: 2 | J68: 3 | K68: 0 | L68: 1 | M68: 9 | N68: 2 | O68: 3 | P68: 0 | Q68: 6 | R68: 1 | S68: =SUM(E68:R68) -> 47
B69: 4 | C69: 4. IRWAN BACHTIAR RACHMAT, M.Si. | E69: 4 | F69: 6 | G69: 4 | H69: 3 | I69: 3 | J69: 2 | K69: 1 | L69: 0 | M69: 1 | N69: 2 | O69: 3 | P69: 1 | Q69: 1 | R69: 2 | S69: =SUM(E69:R69) -> 33
B70: 5 | C70: 5. LUCKY PERDANA | E70: 0 | F70: 3 | G70: 4 | H70: 6 | I70: 2 | J70: 6 | K70: 0 | L70: 2 | M70: 2 | N70: 2 | O70: 2 | P70: 1 | Q70: 2 | R70: 0 | S70: =SUM(E70:R70) -> 32
B71: 6 | C71: 6. WIWIK PUJIYATI | E71: 5 | F71: 3 | G71: 3 | H71: 1 | I71: 0 | J71: 3 | K71: 2 | L71: 2 | M71: 3 | N71: 1 | O71: 1 | P71: 0 | Q71: 1 | R71: 0 | S71: =SUM(E71:R71) -> 25
B72: 7 | C72: 7. CHANDRA ASTAN, S.T. | E72: 8 | F72: 6 | G72: 6 | H72: 1 | I72: 2 | J72: 5 | K72: 2 | L72: 7 | M72: 7 | N72: 4 | O72: 1 | P72: 3 | Q72: 1 | R72: 0 | S72: =SUM(E72:R72) -> 53
A73: B | B73: JUMLAH SUARA SAH PARTAI POLITIK DAN CALON (A1 + A2) | E73: =SUM(E65:E72) -> 47 | F73: =SUM(F65:F72) -> 72 | G73: =SUM(G65:G72) -> 51 | H73: =SUM(H65:H72) -> 39 | I73: =SUM(I65:I72) -> 24 | J73: =SUM(J65:J72) -> 29 | K73: =SUM(K65:K72) -> 39 | L73: =SUM(L65:L72) -> 22 | ... S73: =SUM(S65:S72) -> 456
A75: A.1 | B75: 4. | C75: Partai Golongan Karya | E75: 2 | F75: 0 | G75: 1 | H75: 0 | I75: 2 | J75: 0 | K75: 7 | L75: 1 | M75: 3 | N75: 4 | O75: 8 | P75: 7 | Q75: 3 | R75: 1 | S75: =SUM(E75:R75) -> 39
A76: A.2 | B76: 1 | C76: 1. ZULFIKAR ARSE SADIKIN, S.I.P., M.Si. | E76: 3 | F76: 14 | G76: 5 | H76: 30 | I76: 15 | J76: 8 | K76: 8 | L76: 4 | M76: 27 | N76: 5 | O76: 29 | P76: 36 | Q76: 8 | R76: 14 | S76: =SUM(E76:R76) -> 206
B77: 2 | C77: 2. HANDOKO | E77: 2 | F77: 5 | G77: 10 | H77: 7 | I77: 4 | J77: 0 | K77: 2 | L77: 3 | M77: 2 | N77: 0 | O77: 6 | P77: 2 | Q77: 1 | R77: 2 | S77: =SUM(E77:R77) -> 46
B78: 3 | C78: 3. Hj. OVI DEWI YANTI | E78: 0 | F78: 0 | G78: 0 | H78: 2 | I78: 0 | J78: 2 | K78: 0 | L78: 0 | M78: 0 | N78: 0 | O78: 0 | P78: 0 | Q78: 0 | R78: 0 | S78: =SUM(E78:R78) -> 4
B79: 4 | C79: 4. Ir. AZAM AZMAN NATAWIJANA | E79: 1 | F79: 1 | G79: 0 | H79: 0 | I79: 0 | J79: 1 | K79: 3 | L79: 2 | M79: 0 | N79: 0 | O79: 1 | P79: 1 | Q79: 1 | R79: 0 | S79: =SUM(E79:R79) -> 11
B80: 5 | C80: 5. UBAIDILLAH AMIN, S.Kom. | E80: 0 | F80: 0 | G80: 5 | H80: 2 | I80: 16 | J80: 27 | K80: 34 | L80: 84 | M80: 3 | N80: 5 | O80: 2 | P80: 1 | Q80: 13 | R80: 3 | S80: =SUM(E80:R80) -> 195
B81: 6 | C81: 6. DENNY YUNIANDARI, S.H., M.Kn. | E81: 0 | F81: 0 | G81: 1 | H81: 0 | I81: 0 | J81: 0 | K81: 1 | L81: 1 | M81: 0 | N81: 0 | O81: 0 | P81: 0 | Q81: 0 | R81: 0 | S81: =SUM(E81:R81) -> 3
B82: 7 | C82: 7. ERNADI, S.H.I. | E82: 0 | F82: 0 | G82: 0 | H82: 0 | I82: 0 | J82: 0 | K82: 0 | L82: 0 | M82: 0 | N82: 0 | O82: 0 | P82: 0 | Q82: 0 | R82: 0 | S82: =SUM(E82:R82) -> 0
A83: B | B83: JUMLAH SUARA SAH PARTAI POLITIK DAN CALON (A1 + A2) | E83: =SUM(E75:E82) -> 8 | F83: =SUM(F75:F82) -> 20 | G83: =SUM(G75:G82) -> 22 | H83: =SUM(H75:H82) -> 41 | I83: =SUM(I75:I82) -> 37 | J83: =SUM(J75:J82) -> 38 | K83: =SUM(K75:K82) -> 55 | L83: =SUM(L75:L82) -> 95 | ... S83: =SUM(S75:S82) -> 504
A85: A.1 | B85: 5. | C85: Partai NasDem | E85: 1 | F85: 0 | G85: 1 | H85: 1 | I85: 13 | J85: 3 | K85: 2 | L85: 6 | M85: 1 | N85: 3 | O85: 3 | P85: 5 | Q85: 4 | R85: 0 | S85: =SUM(E85:R85) -> 43
A86: A.2 | B86: 1 | C86: 1. ACH. FADIL MUZAKKI SYAH | E86: 1 | F86: 5 | G86: 5 | H86: 0 | I86: 1 | J86: 0 | K86: 3 | L86: 0 | M86: 1 | N86: 5 | O86: 2 | P86: 2 | Q86: 1 | R86: 0 | S86: =SUM(E86:R86) -> 26
B87: 2 | C87: 2. BENY | E87: 0 | F87: 1 | G87: 1 | H87: 0 | I87: 2 | J87: 0 | K87: 1 | L87: 2 | M87: 0 | N87: 2 | O87: 1 | P87: 0 | Q87: 3 | R87: 0 | S87: =SUM(E87:R87) -> 13
B88: 3 | C88: 3. VINA VERONIKA | E88: 0 | F88: 0 | G88: 0 | H88: 4 | I88: 1 | J88: 0 | K88: 0 | L88: 1 | M88: 0 | N88: 0 | O88: 0 | P88: 0 | Q88: 0 | R88: 0 | S88: =SUM(E88:R88) -> 6
B89: 4 | C89: 4. TEDDY ANUGRIANTO | E89: 1 | F89: 0 | G89: 0 | H89: 3 | I89: 3 | J89: 0 | K89: 1 | L89: 3 | M89: 0 | N89: 0 | O89: 5 | P89: 2 | Q89: 1 | R89: 0 | S89: =SUM(E89:R89) -> 19
B90: 5 | C90: 5. INSAN KAMIL | E90: 0 | F90: 0 | G90: 0 | H90: 1 | I90: 2 | J90: 1 | K90: 0 | L90: 1 | M90: 1 | N90: 1 | O90: 2 | P90: 1 | Q90: 1 | R90: 0 | S90: =SUM(E90:R90) -> 11
B91: 6 | C91: 6. LILIK LINDARWATI | E91: 0 | F91: 0 | G91: 0 | H91: 1 | I91: 1 | J91: 0 | K91: 0 | L91: 0 | M91: 0 | N91: 0 | O91: 0 | P91: 0 | Q91: 0 | R91: 0 | S91: =SUM(E91:R91) -> 2
B92: 7 | C92: 7. YULI ANITA | E92: 0 | F92: 0 | G92: 0 | H92: 0 | I92: 1 | J92: 0 | K92: 0 | L92: 1 | M92: 0 | N92: 1 | O92: 2 | P92: 0 | Q92: 0 | R92: 0 | S92: =SUM(E92:R92) -> 5
A93: B | B93: JUMLAH SUARA SAH PARTAI POLITIK DAN CALON (A1 + A2) | E93: =SUM(E85:E92) -> 3 | F93: =SUM(F85:F92) -> 6 | G93: =SUM(G85:G92) -> 7 | H93: =SUM(H85:H92) -> 10 | I93: =SUM(I85:I92) -> 24 | J93: =SUM(J85:J92) -> 4 | K93: =SUM(K85:K92) -> 7 | L93: =SUM(L85:L92) -> 14 | ... S93: =SUM(S85:S92) -> 125
A95: A.1 | B95: 6. | C95: Partai Buruh | E95: 0 | F95: 0 | G95: 0 | H95: 0 | I95: 2 | J95: 1 | K95: 1 | L95: 0 | M95: 2 | N95: 1 | O95: 1 | P95: 0 | Q95: 0 | R95: 1 | S95: =SUM(E95:R95) -> 9
A96: A.2 | B96: 1 | C96: 1. KHOIRUL ANAM | E96: 1 | F96: 0 | G96: 0 | H96: 2 | I96: 0 | J96: 1 | K96: 1 | L96: 2 | M96: 0 | N96: 0 | O96: 0 | P96: 0 | Q96: 0 | R96: 0 | S96: =SUM(E96:R96) -> 7
B97: 2 | C97: 2. INA KURNIA | E97: 0 | F97: 0 | G97: 1 | H97: 1 | I97: 1 | J97: 0 | K97: 0 | L97: 0 | M97: 0 | N97: 0 | O97: 0 | P97: 0 | Q97: 1 | R97: 0 | S97: =SUM(E97:R97) -> 4
B98: 3 | C98: 3. JIBRAL TAROUK | E98: 0 | F98: 0 | G98: 0 | H98: 0 | I98: 1 | J98: 0 | K98: 0 | L98: 0 | M98: 1 | N98: 0 | O98: 0 | P98: 0 | Q98: 0 | R98: 0 | S98: =SUM(E98:R98) -> 2
B99: 4 | C99: 4. ASTUTI DAENG PUJI | E99: 0 | F99: 0 | G99: 0 | H99: 0 | I99: 1 | J99: 0 | K99: 0 | L99: 0 | M99: 0 | N99: 0 | O99: 0 | P99: 0 | Q99: 0 | R99: 0 | S99: =SUM(E99:R99) -> 1
B100: 5 | C100: 5. ASDARMAWAN | E100: 0 | F100: 0 | G100: 0 | H100: 0 | I100: 0 | J100: 0 | K100: 0 | L100: 0 | M100: 0 | N100: 0 | O100: 0 | P100: 0 | Q100: 0 | R100: 0 | S100: =SUM(E100:R100) -> 0
B101: 6 | C101: 6. RIFQI MUBAROK | E101: 0 | F101: 0 | G101: 0 | H101: 0 | I101: 0 | J101: 0 | K101: 0 | L101: 0 | M101: 1 | N101: 0 | O101: 0 | P101: 0 | Q101: 0 | R101: 0 | S101: =SUM(E101:R101) -> 1
B102: 7 | C102: 7. FIRNANDA ALTA MEGA | E102: 0 | F102: 0 | G102: 0 | H102: 0 | I102: 0 | J102: 0 | K102: 0 | L102: 0 | M102: 0 | N102: 0 | O102: 0 | P102: 0 | Q102: 0 | R102: 0 | S102: =SUM(E102:R102) -> 0
A103: B | B103: JUMLAH SUARA SAH PARTAI POLITIK DAN CALON (A1 + A2) | E103: =SUM(E95:E102) -> 1 | F103: =SUM(F95:F102) -> 0 | G103: =SUM(G95:G102) -> 1 | H103: =SUM(H95:H102) -> 3 | I103: =SUM(I95:I102) -> 5 | J103: =SUM(J95:J102) -> 2 | K103: =SUM(K95:K102) -> 2 | L103: =SUM(L95:L102) -> 2 | ... S103: =SUM(S95:S102) -> 24
A105: A.1 | B105: 7. | C105: Partai Gelombang Rakyat Indonesia | E105: 0 | F105: 0 | G105: 1 | H105: 1 | I105: 3 | J105: 0 | K105: 0 | L105: 0 | M105: 0 | N105: 0 | O105: 0 | P105: 0 | Q105: 0 | R105: 0 | S105: =SUM(E105:R105) -> 5
A106: A.2 | B106: 1 | C106: 1. TITI WIDORETNO WARISMAN | E106: 0 | F106: 0 | G106: 0 | H106: 0 | I106: 1 | J106: 0 | K106: 0 | L106: 1 | M106: 0 | N106: 0 | O106: 1 | P106: 0 | Q106: 0 | R106: 0 | S106: =SUM(E106:R106) -> 3
B107: 2 | C107: 2. MAMIEK SETYANINGSIH | E107: 0 | F107: 0 | G107: 3 | H107: 0 | I107: 0 | J107: 0 | K107: 0 | L107: 0 | M107: 0 | N107: 0 | O107: 0 | P107: 0 | Q107: 0 | R107: 0 | S107: =SUM(E107:R107) -> 3
B108: 3 | C108: 3. ROMIL AZIZEN | E108: 0 | F108: 0 | G108: 0 | H108: 0 | I108: 0 | J108: 0 | K108: 0 | L108: 0 | M108: 0 | N108: 0 | O108: 0 | P108: 0 | Q108: 0 | R108: 2 | S108: =SUM(E108:R108) -> 2
A109: B | B109: JUMLAH SUARA SAH PARTAI POLITIK DAN CALON (A1 + A2) | E109: =SUM(E105:E108) -> 0 | F109: =SUM(F105:F108) -> 0 | G109: =SUM(G105:G108) -> 4 | H109: =SUM(H105:H108) -> 1 | I109: =SUM(I105:I108) -> 4 | J109: =SUM(J105:J108) -> 0 | K109: =SUM(K105:K108) -> 0 | L109: =SUM(L105:L108) -> 1 | ... S109: =SUM(S105:S108) -> 13
A111: A.1 | B111: 8. | C111: Partai Keadilan Sejahtera | E111: 3 | F111: 0 | G111: 0 | H111: 1 | I111: 0 | J111: 0 | K111: 0 | L111: 0 | M111: 0 | N111: 0 | O111: 0 | P111: 3 | Q111: 3 | R111: 3 | S111: =SUM(E111:R111) -> 13
A112: A.2 | B112: 1 | C112: 1. H. SAIMI SALEH, S.E., M.M. | E112: 1 | F112: 0 | G112: 0 | H112: 0 | I112: 3 | J112: 0 | K112: 0 | L112: 0 | M112: 0 | N112: 0 | O112: 0 | P112: 3 | Q112: 5 | R112: 15 | S112: =SUM(E112:R112) -> 27
B113: 2 | C113: 2. Prof. Dr. H. EGGI SUDJANA, S.H., M.Si. | E113: 0 | F113: 0 | G113: 0 | H113: 0 | I113: 0 | J113: 0 | K113: 2 | L113: 0 | M113: 0 | N113: 0 | O113: 0 | P113: 1 | Q113: 1 | R113: 0 | S113: =SUM(E113:R113) -> 4
B114: 3 | C114: 3. NURUL KHOTIMAH | E114: 0 | F114: 0 | G114: 0 | H114: 0 | I114: 0 | J114: 0 | K114: 0 | L114: 0 | M114: 1 | N114: 0 | O114: 0 | P114: 1 | Q114: 0 | R114: 0 | S114: =SUM(E114:R114) -> 2
B115: 4 | C115: 4. AKHMAD SUYANTO, S.T., M.T. | E115: 0 | F115: 0 | G115: 0 | H115: 0 | I115: 0 | J115: 0 | K115: 0 | L115: 0 | M115: 0 | N115: 0 | O115: 0 | P115: 0 | Q115: 0 | R115: 0 | S115: =SUM(E115:R115) -> 0
B116: 5 | C116: 5. PUJIYATNI | E116: 0 | F116: 0 | G116: 0 | H116: 0 | I116: 0 | J116: 0 | K116: 0 | L116: 0 | M116: 0 | N116: 0 | O116: 0 | P116: 0 | Q116: 0 | R116: 0 | S116: =SUM(E116:R116) -> 0
B117: 6 | C117: 6. HENI PURWATININGSIH | E117: 0 | F117: 0 | G117: 0 | H117: 0 | I117: 0 | J117: 0 | K117: 0 | L117: 0 | M117: 0 | N117: 0 | O117: 0 | P117: 0 | Q117: 0 | R117: 0 | S117: =SUM(E117:R117) -> 0
B118: 7 | C118: 7. MUHADI | E118: 0 | F118: 0 | G118: 0 | H118: 1 | I118: 0 | J118: 0 | K118: 0 | L118: 0 | M118: 0 | N118: 0 | O118: 0 | P118: 0 | Q118: 0 | R118: 0 | S118: =SUM(E118:R118) -> 1
...

Sheet TEGALDLIMO
C2: Kecamatan | D2: TEGALDLIMO
C3: Kabupaten | D3: BANYUWANGI
C4: Provinsi | D4: JAWA TIMUR
C9: Kelurahan | D9: TEGALDLIMO
A12: I | B12: DATA PEMILIH DAN PENGGUNAAN HAK PILIH | AF12: JUMLAH AKHIR
A13: A | B13: DATA PEMILIH | E13: TPS 001 | F13: TPS 002 | G13: TPS 003 | H13: TPS 004 | I13: TPS 005 | J13: TPS 006 | K13: TPS 007 | L13: TPS 008 | M13: TPS 009 | N13: TPS 010 | O13: TPS 011 | P13: TPS 012 | Q13: TPS 013 | R13: TPS 014 | S13: TPS 015 | T13: TPS 016 | U13: TPS 017 | V13: TPS 018 | W13: TPS 019 | X13: TPS 020 | Y13: TPS 021 | Z13: TPS 022 | AA13: TPS 023 | AB13: TPS 024 | AC13: TPS 025 | AD13: TPS 026 | AE13: TPS 027
B14: Jumlah Pemilih dalam Daftar Pemilih Tetap (DPT) | D14: LK | E14: 135 | F14: 140 | G14: 141 | H14: 135 | I14: 144 | J14: 125 | K14: 150 | L14: 148 | M14: 126 | N14: 142 | O14: 146 | P14: 147 | Q14: 136 | R14: 129 | S14: 146 | T14: 150 | U14: 144 | V14: 139 | W14: 151 | X14: 140 | Y14: 125 | Z14: 115 | AA14: 121 | AB14: 118 | AC14: 120 | AD14: 116 | AE14: 117 | AF14: =SUM(E14:AE14) -> 3646
D15: PR | E15: 133 | F15: 150 | G15: 148 | H15: 141 | I15: 124 | J15: 139 | K15: 138 | L15: 144 | M15: 152 | N15: 144 | O15: 137 | P15: 127 | Q15: 147 | R15: 124 | S15: 133 | T15: 141 | U15: 138 | V15: 147 | W15: 135 | X15: 136 | Y15: 132 | Z15: 116 | AA15: 117 | AB15: 118 | AC15: 125 | AD15: 118 | AE15: 122 | AF15: =SUM(E15:AE15) -> 3626
D16: JML | E16: =SUM(E14:E15) -> 268 | F16: =SUM(F14:F15) -> 290 | G16: =SUM(G14:G15) -> 289 | H16: =SUM(H14:H15) -> 276 | I16: =SUM(I14:I15) -> 268 | J16: =SUM(J14:J15) -> 264 | K16: =SUM(K14:K15) -> 288 | L16: =SUM(L14:L15) -> 292 | ... AE16: =SUM(AE14:AE15) -> 239 | AF16: =SUM(E16:AE16) -> 7272
A18: B | B18: PENGGUNA HAK PILIH
B19: 1. | C19: Jumlah pengguna hak pilih dalam Daftar Pemilih Tetap (DPT) | D19: LK | E19: 108 | F19: 104 | G19: 113 | H19: 99 | I19: 108 | J19: 87 | K19: 108 | L19: 106 | M19: 100 | N19: 111 | O19: 104 | P19: 117 | Q19: 105 | R19: 82 | S19: 120 | T19: 115 | U19: 104 | V19: 107 | W19: 112 | X19: 115 | Y19: 90 | Z19: 95 | AA19: 96 | AB19: 93 | AC19: 97 | AD19: 93 | AE19: 93 | AF19: =SUM(E19:AE19) -> 2782
D20: PR | E20: 111 | F20: 108 | G20: 111 | H20: 111 | I20: 98 | J20: 100 | K20: 103 | L20: 110 | M20: 119 | N20: 114 | O20: 108 | P20: 102 | Q20: 108 | R20: 98 | S20: 113 | T20: 113 | U20: 108 | V20: 108 | W20: 98 | X20: 114 | Y20: 104 | Z20: 97 | AA20: 95 | AB20: 95 | AC20: 96 | AD20: 92 | AE20: 97 | AF20: =SUM(E20:AE20) -> 2831
D21: JML | E21: =SUM(E19:E20) -> 219 | F21: =SUM(F19:F20) -> 212 | G21: =SUM(G19:G20) -> 224 | H21: =SUM(H19:H20) -> 210 | I21: =SUM(I19:I20) -> 206 | J21: =SUM(J19:J20) -> 187 | K21: =SUM(K19:K20) -> 211 | L21: =SUM(L19:L20) -> 216 | ... AE21: =SUM(AE19:AE20) -> 190 | AF21: =SUM(E21:AE21) -> 5613
B22: 2. | C22: Jumlah pengguna hak pilih dalam Daftar Pemilih Tambahan (DPTb) | D22: LK | E22: 0 | F22: 0 | G22: 0 | H22: 0 | I22: 0 | J22: 0 | K22: 0 | L22: 0 | M22: 0 | N22: 0 | O22: 0 | P22: 0 | Q22: 0 | R22: 1 | S22: 0 | T22: 0 | U22: 0 | V22: 0 | W22: 0 | X22: 0 | Y22: 0 | Z22: 0 | AA22: 0 | AB22: 0 | AC22: 0 | AD22: 0 | AE22: 0 | AF22: =SUM(E22:AE22) -> 1
D23: PR | E23: 0 | F23: 0 | G23: 0 | H23: 0 | I23: 0 | J23: 0 | K23: 1 | L23: 0 | M23: 0 | N23: 0 | O23: 0 | P23: 0 | Q23: 0 | R23: 0 | S23: 0 | T23: 0 | U23: 0 | V23: 0 | W23: 0 | X23: 0 | Y23: 0 | Z23: 0 | AA23: 0 | AB23: 0 | AC23: 0 | AD23: 0 | AE23: 0 | AF23: =SUM(E23:AE23) -> 1
D24: JML | E24: =SUM(E22:E23) -> 0 | F24: =SUM(F22:F23) -> 0 | G24: =SUM(G22:G23) -> 0 | H24: =SUM(H22:H23) -> 0 | I24: =SUM(I22:I23) -> 0 | J24: =SUM(J22:J23) -> 0 | K24: =SUM(K22:K23) -> 1 | L24: =SUM(L22:L23) -> 0 | ... AE24: =SUM(AE22:AE23) -> 0 | AF24: =SUM(E24:AE24) -> 2
B25: 3. | C25: Jumlah pengguna hak pilih dalam Daftar Pemilih Khusus (DPK) | D25: LK | E25: 0 | F25: 1 | G25: 0 | H25: 4 | I25: 1 | J25: 0 | K25: 0 | L25: 0 | M25: 1 | N25: 0 | O25: 1 | P25: 0 | Q25: 2 | R25: 0 | S25: 1 | T25: 1 | U25: 0 | V25: 0 | W25: 4 | X25: 0 | Y25: 0 | Z25: 0 | AA25: 1 | AB25: 2 | AC25: 2 | AD25: 1 | AE25: 0 | AF25: =SUM(E25:AE25) -> 22
D26: PR | E26: 0 | F26: 1 | G26: 0 | H26: 6 | I26: 6 | J26: 0 | K26: 0 | L26: 1 | M26: 0 | N26: 0 | O26: 1 | P26: 0 | Q26: 3 | R26: 1 | S26: 3 | T26: 2 | U26: 0 | V26: 0 | W26: 2 | X26: 2 | Y26: 0 | Z26: 0 | AA26: 1 | AB26: 2 | AC26: 1 | AD26: 0 | AE26: 1 | AF26: =SUM(E26:AE26) -> 33
D27: JML | E27: =SUM(E25:E26) -> 0 | F27: =SUM(F25:F26) -> 2 | G27: =SUM(G25:G26) -> 0 | H27: =SUM(H25:H26) -> 10 | I27: =SUM(I25:I26) -> 7 | J27: =SUM(J25:J26) -> 0 | K27: =SUM(K25:K26) -> 0 | L27: =SUM(L25:L26) -> 1 | ... AE27: =SUM(AE25:AE26) -> 1 | AF27: =SUM(E27:AE27) -> 55
B28: 4. | C28: Jumlah Pengguna Hak Pilih (B.1+B.2+B.3) | D28: LK | E28: =SUM(E19,E22,E25) -> 108 | F28: =SUM(F19,F22,F25) -> 105 | G28: =SUM(G19,G22,G25) -> 113 | H28: =SUM(H19,H22,H25) -> 103 | I28: =SUM(I19,I22,I25) -> 109 | J28: =SUM(J19,J22,J25) -> 87 | K28: =SUM(K19,K22,K25) -> 108 | L28: =SUM(L19,L22,L25) -> 106 | ... AE28: =SUM(AE19,AE22,AE25) -> 93 | AF28: =SUM(E28:AE28) -> 2805
D29: PR | E29: =SUM(E20,E23,E26) -> 111 | F29: =SUM(F20,F23,F26) -> 109 | G29: =SUM(G20,G23,G26) -> 111 | H29: =SUM(H20,H23,H26) -> 117 | I29: =SUM(I20,I23,I26) -> 104 | J29: =SUM(J20,J23,J26) -> 100 | K29: =SUM(K20,K23,K26) -> 104 | L29: =SUM(L20,L23,L26) -> 111 | ... AE29: =SUM(AE20,AE23,AE26) -> 98 | AF29: =SUM(E29:AE29) -> 2865
D30: JML | E30: =SUM(E28:E29) -> 219 | F30: =SUM(F28:F29) -> 214 | G30: =SUM(G28:G29) -> 224 | H30: =SUM(H28:H29) -> 220 | I30: =SUM(I28:I29) -> 213 | J30: =SUM(J28:J29) -> 187 | K30: =SUM(K28:K29) -> 212 | L30: =SUM(L28:L29) -> 217 | ... AE30: =SUM(AE28:AE29) -> 191 | AF30: =SUM(E30:AE30) -> 5670
A32: II | B32: DATA PENGGUNAAN SURAT SUARA
