Workbook

Sheet DPR RI
C8: Kecamatan | D8: GIRI
C9: Kabupaten | D9: BANYUWANGI
C10: Provinsi | D10: JAWA TIMUR
A12: I | B12: DATA PEMILIH DAN PENGGUNAAN HAK PILIH | E12: JUMLAH AKHIR
A13: A | B13: DATA PEMILIH
B14: Jumlah Pemilih dalam Daftar Pemilih Tetap (DPT) | D14: LK | E14: =BOYOLANGU!U14+GIRI!V14+GROGOL!V14+JAMBESARI!O14+MOJOPANGGUNG!V14+PENATABAN!V14 -> 12715
D15: PR | E15: =BOYOLANGU!U15+GIRI!V15+GROGOL!V15+JAMBESARI!O15+MOJOPANGGUNG!V15+PENATABAN!V15 -> 12285
D16: JML | E16: =SUM(E14:E15) -> 25000
A18: B | B18: PENGGUNA HAK PILIH
B19: 1. | C19: Jumlah pengguna hak pilih dalam Daftar Pemilih Tetap (DPT) | D19: LK | E19: =BOYOLANGU!U19+GIRI!V19+GROGOL!V19+JAMBESARI!O19+MOJOPANGGUNG!V19+PENATABAN!V19 -> 9671
D20: PR | E20: =BOYOLANGU!U20+GIRI!V20+GROGOL!V20+JAMBESARI!O20+MOJOPANGGUNG!V20+PENATABAN!V20 -> 10223
D21: JML | E21: =SUM(E19:E20) -> 19894
B22: 2. | C22: Jumlah pengguna hak pilih dalam Daftar Pemilih Tambahan (DPTb) | D22: LK | E22: =BOYOLANGU!U22+GIRI!V22+GROGOL!V22+JAMBESARI!O22+MOJOPANGGUNG!V22+PENATABAN!V22 -> 324
D23: PR | E23: =BOYOLANGU!U23+GIRI!V23+GROGOL!V23+JAMBESARI!O23+MOJOPANGGUNG!V23+PENATABAN!V23 -> 32
D24: JML | E24: =SUM(E22:E23) -> 356
B25: 3. | C25: Jumlah pengguna hak pilih dalam Daftar Pemilih Khusus (DPK) | D25: LK | E25: =BOYOLANGU!U25+GIRI!V25+GROGOL!V25+JAMBESARI!O25+MOJOPANGGUNG!V25+PENATABAN!V25 -> 52
D26: PR | E26: =BOYOLANGU!U26+GIRI!V26+GROGOL!V26+JAMBESARI!O26+MOJOPANGGUNG!V26+PENATABAN!V26 -> 95
D27: JML | E27: =SUM(E25:E26) -> 147
B28: 4. | C28: Jumlah Pengguna Hak Pilih (B.1+B.2+B.3) | D28: LK | E28: =E19+E22+E25 -> 10047
D29: PR | E29: =E20+E23+E26 -> 10350
D30: JML | E30: =SUM(E28:E29) -> 20397
A32: II | B32: DATA PENGGUNAAN SURAT SUARA
A33: 1 | B33: Jumlah surat suara yang diterima, termasuk surat suara cadangan 2,5% dari DPT | E33: =BOYOLANGU!U33+GIRI!V33+GROGOL!V33+JAMBESARI!O33+MOJOPANGGUNG!V33+PENATABAN!V33 -> 25554
A34: 2 | B34: Jumlah surat suara yang digunakan | E34: =BOYOLANGU!U34+GIRI!V34+GROGOL!V34+JAMBESARI!O34+MOJOPANGGUNG!V34+PENATABAN!V34 -> 20397
A35: 3 | B35: Jumlah surat suara dikembalikan oleh pemilih (karena rusak atau keliru coblos) | E35: =BOYOLANGU!U35+GIRI!V35+GROGOL!V35+JAMBESARI!O35+MOJOPANGGUNG!V35+PENATABAN!V35 -> 56
A36: 4 | B36: Jumlah surat suara yang tidak digunakan/tidak terpakai, termasuk sisa surat suara cadangan | E36: =E33-(E34+E35) -> 5101
A38: III | B38: DATA PEMILIH DISABILITAS
B39: Jumlah seluruh Pemilih disabilitas yang menggunakan hak pilih | D39: LK | E39: =BOYOLANGU!U39+GIRI!V39+GROGOL!V39+JAMBESARI!O39+MOJOPANGGUNG!V39+PENATABAN!V39 -> 28
D40: PR | E40: =BOYOLANGU!U40+GIRI!V40+GROGOL!V40+JAMBESARI!O40+MOJOPANGGUNG!V40+PENATABAN!V40 -> 20
D41: JML | E41: =SUM(E39:E40) -> 48
A43: IV | B43: DATA RINCIAN PEROLEHAN SUARA PASANGAN CALON BUPATI DAN WAKIL BUPATI
A44: NOMOR DAN NAMA CALON
A45: A.1 | B45: 1. | C45: Partai Kebangkitan Bangsa | E45: =BOYOLANGU!U45+GIRI!V45+GROGOL!V45+JAMBESARI!O45+MOJOPANGGUNG!V45+PENATABAN!V45 -> 989
A46: A.2 | B46: 1 | C46: 1. Dr. Hj. NIHAYATUL WAFIROH, M.A. | E46: =BOYOLANGU!U46+GIRI!V46+GROGOL!V46+JAMBESARI!O46+MOJOPANGGUNG!V46+PENATABAN!V46 -> 2938
B47: 2 | C47: 2. H. M. NASIM KHAN | E47: =BOYOLANGU!U47+GIRI!V47+GROGOL!V47+JAMBESARI!O47+MOJOPANGGUNG!V47+PENATABAN!V47 -> 217
B48: 3 | C48: 3. Dr. H. AKIK ZAMAN, M.Pd.I. | E48: =BOYOLANGU!U48+GIRI!V48+GROGOL!V48+JAMBESARI!O48+MOJOPANGGUNG!V48+PENATABAN!V48 -> 48
B49: 4 | C49: 4. AHMAD RIFA'I, S.H. | E49: =BOYOLANGU!U49+GIRI!V49+GROGOL!V49+JAMBESARI!O49+MOJOPANGGUNG!V49+PENATABAN!V49 -> 49
B50: 5 | C50: 5. Drs. H. MAHFUD M.N. | E50: =BOYOLANGU!U50+GIRI!V50+GROGOL!V50+JAMBESARI!O50+MOJOPANGGUNG!V50+PENATABAN!V50 -> 28
B51: 6 | C51: 6. NURHAYATI, S.Pd. | E51: =BOYOLANGU!U51+GIRI!V51+GROGOL!V51+JAMBESARI!O51+MOJOPANGGUNG!V51+PENATABAN!V51 -> 20
B52: 7 | C52: 7. MAFTUHA KISWAH | E52: =BOYOLANGU!U52+GIRI!V52+GROGOL!V52+JAMBESARI!O52+MOJOPANGGUNG!V52+PENATABAN!V52 -> 31
A55: B | B55: JUMLAH SUARA SAH PARTAI POLITIK DAN CALON (A1 + A2) | E55: =SUM(E45:E52) -> 4320
A57: A.1 | B57: 2. | C57: Partai Gerakan Indonesia Raya | E57: =BOYOLANGU!U57+GIRI!V57+GROGOL!V57+JAMBESARI!O57+MOJOPANGGUNG!V57+PENATABAN!V57 -> 985
A58: A.2 | B58: 1 | C58: 1. SUMAIL ABDULLAH | E58: =BOYOLANGU!U58+GIRI!V58+GROGOL!V58+JAMBESARI!O58+MOJOPANGGUNG!V58+PENATABAN!V58 -> 1180
B59: 2 | C59: 2. MUHAMMAD ALI ADRIAN SALEH | E59: =BOYOLANGU!U59+GIRI!V59+GROGOL!V59+JAMBESARI!O59+MOJOPANGGUNG!V59+PENATABAN!V59 -> 276
B60: 3 | C60: 3. DURROTUN NAFISAH | E60: =BOYOLANGU!U60+GIRI!V60+GROGOL!V60+JAMBESARI!O60+MOJOPANGGUNG!V60+PENATABAN!V60 -> 87
B61: 4 | C61: 4. H. EKO SUSILO NURHIDAYAT | E61: =BOYOLANGU!U61+GIRI!V61+GROGOL!V61+JAMBESARI!O61+MOJOPANGGUNG!V61+PENATABAN!V61 -> 112
B62: 5 | C62: 5. KARNADI HARIJANTO, S.S. | E62: =BOYOLANGU!U62+GIRI!V62+GROGOL!V62+JAMBESARI!O62+MOJOPANGGUNG!V62+PENATABAN!V62 -> 30
B63: 6 | C63: 6. NURHAYATI | E63: =BOYOLANGU!U63+GIRI!V63+GROGOL!V63+JAMBESARI!O63+MOJOPANGGUNG!V63+PENATABAN!V63 -> 79
B64: 7 | C64: 7. MASHUDI | E64: =BOYOLANGU!U64+GIRI!V64+GROGOL!V64+JAMBESARI!O64+MOJOPANGGUNG!V64+PENATABAN!V64 -> 27
A67: B | B67: JUMLAH SUARA SAH PARTAI POLITIK DAN CALON (A1 + A2) | E67: =SUM(E57:E64) -> 2776
A69: A.1 | B69: 3. | C69: Partai Demokrasi Indonesia Perjuangan | E69: =BOYOLANGU!U69+GIRI!V69+GROGOL!V69+JAMBESARI!O69+MOJOPANGGUNG!V69+PENATABAN!V69 -> 889
A70: A.2 | B70: 1 | C70: 1. SONNY TRI DANAPARAMITA, S.H., M.H. | E70: =BOYOLANGU!U70+GIRI!V70+GROGOL!V70+JAMBESARI!O70+MOJOPANGGUNG!V70+PENATABAN!V70 -> 1368
B71: 2 | C71: 2. H. MOHAMAD GUNTUR ROMLI | E71: =BOYOLANGU!U71+GIRI!V71+GROGOL!V71+JAMBESARI!O71+MOJOPANGGUNG!V71+PENATABAN!V71 -> 551
B72: 3 | C72: 3. INA AMMANIA | E72: =BOYOLANGU!U72+GIRI!V72+GROGOL!V72+JAMBESARI!O72+MOJOPANGGUNG!V72+PENATABAN!V72 -> 1331
B73: 4 | C73: 4. IRWAN BACHTIAR RACHMAT, M.Si. | E73: =BOYOLANGU!U73+GIRI!V73+GROGOL!V73+JAMBESARI!O73+MOJOPANGGUNG!V73+PENATABAN!V73 -> 64
B74: 5 | C74: 5. LUCKY PERDANA | E74: =BOYOLANGU!U74+GIRI!V74+GROGOL!V74+JAMBESARI!O74+MOJOPANGGUNG!V74+PENATABAN!V74 -> 577
B75: 6 | C75: 6. WIWIK PUJIYATI | E75: =BOYOLANGU!U75+GIRI!V75+GROGOL!V75+JAMBESARI!O75+MOJOPANGGUNG!V75+PENATABAN!V75 -> 59
B76: 7 | C76: 7. CHANDRA ASTAN, S.T. | E76: =BOYOLANGU!U76+GIRI!V76+GROGOL!V76+JAMBESARI!O76+MOJOPANGGUNG!V76+PENATABAN!V76 -> 258
A79: B | B79: JUMLAH SUARA SAH PARTAI POLITIK DAN CALON (A1 + A2) | E79: =SUM(E69:E76) -> 5097
A81: A.1 | B81: 4. | C81: Partai Golongan Karya | E81: =BOYOLANGU!U81+GIRI!V81+GROGOL!V81+JAMBESARI!O81+MOJOPANGGUNG!V81+PENATABAN!V81 -> 459
A82: A.2 | B82: 1 | C82: 1. ZULFIKAR ARSE SADIKIN, S.I.P., M.Si. | E82: =BOYOLANGU!U82+GIRI!V82+GROGOL!V82+JAMBESARI!O82+MOJOPANGGUNG!V82+PENATABAN!V82 -> 832
B83: 2 | C83: 2. HANDOKO | E83: =BOYOLANGU!U83+GIRI!V83+GROGOL!V83+JAMBESARI!O83+MOJOPANGGUNG!V83+PENATABAN!V83 -> 342
B84: 3 | C84: 3. Hj. OVI DEWI YANTI | E84: =BOYOLANGU!U84+GIRI!V84+GROGOL!V84+JAMBESARI!O84+MOJOPANGGUNG!V84+PENATABAN!V84 -> 77
B85: 4 | C85: 4. Ir. AZAM AZMAN NATAWIJANA | E85: =BOYOLANGU!U85+GIRI!V85+GROGOL!V85+JAMBESARI!O85+MOJOPANGGUNG!V85+PENATABAN!V85 -> 80
B86: 5 | C86: 5. UBAIDILLAH AMIN, S.Kom. | E86: =BOYOLANGU!U86+GIRI!V86+GROGOL!V86+JAMBESARI!O86+MOJOPANGGUNG!V86+PENATABAN!V86 -> 67
B87: 6 | C87: 6. DENNY YUNIANDARI, S.H., M.Kn. | E87: =BOYOLANGU!U87+GIRI!V87+GROGOL!V87+JAMBESARI!O87+MOJOPANGGUNG!V87+PENATABAN!V87 -> 12
B88: 7 | C88: 7. ERNADI, S.H.I. | E88: =BOYOLANGU!U88+GIRI!V88+GROGOL!V88+JAMBESARI!O88+MOJOPANGGUNG!V88+PENATABAN!V88 -> 9
A91: B | B91: JUMLAH SUARA SAH PARTAI POLITIK DAN CALON (A1 + A2) | E91: =SUM(E81:E88) -> 1878
A93: A.1 | B93: 5. | C93: Partai NasDem | E93: =BOYOLANGU!U93+GIRI!V93+GROGOL!V93+JAMBESARI!O93+MOJOPANGGUNG!V93+PENATABAN!V93 -> 153
A94: A.2 | B94: 1 | C94: 1. ACH. FADIL MUZAKKI SYAH | E94: =BOYOLANGU!U94+GIRI!V94+GROGOL!V94+JAMBESARI!O94+MOJOPANGGUNG!V94+PENATABAN!V94 -> 306
B95: 2 | C95: 2. BENY | E95: =BOYOLANGU!U95+GIRI!V95+GROGOL!V95+JAMBESARI!O95+MOJOPANGGUNG!V95+PENATABAN!V95 -> 137
B96: 3 | C96: 3. VINA VERONIKA | E96: =BOYOLANGU!U96+GIRI!V96+GROGOL!V96+JAMBESARI!O96+MOJOPANGGUNG!V96+PENATABAN!V96 -> 18
B97: 4 | C97: 4. TEDDY ANUGRIANTO | E97: =BOYOLANGU!U97+GIRI!V97+GROGOL!V97+JAMBESARI!O97+MOJOPANGGUNG!V97+PENATABAN!V97 -> 25
B98: 5 | C98: 5. INSAN KAMIL | E98: =BOYOLANGU!U98+GIRI!V98+GROGOL!V98+JAMBESARI!O98+MOJOPANGGUNG!V98+PENATABAN!V98 -> 22
B99: 6 | C99: 6. LILIK LINDARWATI | E99: =BOYOLANGU!U99+GIRI!V99+GROGOL!V99+JAMBESARI!O99+MOJOPANGGUNG!V99+PENATABAN!V99 -> 26
B100: 7 | C100: 7. YULI ANITA | E100: =BOYOLANGU!U100+GIRI!V100+GROGOL!V100+JAMBESARI!O100+MOJOPANGGUNG!V100+PENATABAN!V100 -> 11
A103: B | B103: JUMLAH SUARA SAH PARTAI POLITIK DAN CALON (A1 + A2) | E103: =SUM(E93:E100) -> 698
A105: A.1 | B105: 6. | C105: Partai Buruh | E105: =BOYOLANGU!U105+GIRI!V105+GROGOL!V105+JAMBESARI!O105+MOJOPANGGUNG!V105+PENATABAN!V105 -> 39
A106: A.2 | B106: 1 | C106: 1. KHOIRUL ANAM | E106: =BOYOLANGU!U106+GIRI!V106+GROGOL!V106+JAMBESARI!O106+MOJOPANGGUNG!V106+PENATABAN!V106 -> 10
B107: 2 | C107: 2. INA KURNIA | E107: =BOYOLANGU!U107+GIRI!V107+GROGOL!V107+JAMBESARI!O107+MOJOPANGGUNG!V107+PENATABAN!V107 -> 6
B108: 3 | C108: 3. JIBRAL TAROUK | E108: =BOYOLANGU!U108+GIRI!V108+GROGOL!V108+JAMBESARI!O108+MOJOPANGGUNG!V108+PENATABAN!V108 -> 2
B109: 4 | C109: 4. ASTUTI DAENG PUJI | E109: =BOYOLANGU!U109+GIRI!V109+GROGOL!V109+JAMBESARI!O109+MOJOPANGGUNG!V109+PENATABAN!V109 -> 3
B110: 5 | C110: 5. ASDARMAWAN | E110: =BOYOLANGU!U110+GIRI!V110+GROGOL!V110+JAMBESARI!O110+MOJOPANGGUNG!V110+PENATABAN!V110 -> 0
B111: 6 | C111: 6. RIFQI MUBAROK | E111: =BOYOLANGU!U111+GIRI!V111+GROGOL!V111+JAMBESARI!O111+MOJOPANGGUNG!V111+PENATABAN!V111 -> 4
B112: 7 | C112: 7. FIRNANDA ALTA MEGA | E112: =BOYOLANGU!U112+GIRI!V112+GROGOL!V112+JAMBESARI!O112+MOJOPANGGUNG!V112+PENATABAN!V112 -> 0
A115: B | B115: JUMLAH SUARA SAH PARTAI POLITIK DAN CALON (A1 + A2) | E115: =SUM(E105:E112) -> 64
A117: A.1 | B117: 7. | C117: Partai Gelombang Rakyat Indonesia | E117: =BOYOLANGU!U117+GIRI!V117+GROGOL!V117+JAMBESARI!O117+MOJOPANGGUNG!V117+PENATABAN!V117 -> 44
A118: A.2 | B118: 1 | C118: 1. TITI WIDORETNO WARISMAN | E118: =BOYOLANGU!U118+GIRI!V118+GROGOL!V118+JAMBESARI!O118+MOJOPANGGUNG!V118+PENATABAN!V118 -> 14
B119: 2 | C119: 2. MAMIEK SETYANINGSIH | E119: =BOYOLANGU!U119+GIRI!V119+GROGOL!V119+JAMBESARI!O119+MOJOPANGGUNG!V119+PENATABAN!V119 -> 10
B120: 3 | C120: 3. ROMIL AZIZEN | E120: =BOYOLANGU!U120+GIRI!V120+GROGOL!V120+JAMBESARI!O120+MOJOPANGGUNG!V120+PENATABAN!V120 -> 5
A127: B | B127: JUMLAH SUARA SAH PARTAI POLITIK DAN CALON (A1 + A2) | E127: =SUM(E117:E120) -> 73
A129: A.1 | B129: 8. | C129: Partai Keadilan Sejahtera | E129: =BOYOLANGU!U129+GIRI!V129+GROGOL!V129+JAMBESARI!O129+MOJOPANGGUNG!V129+PENATABAN!V129 -> 160
A130: A.2 | B130: 1 | C130: 1. H. SAIMI SALEH, S.E., M.M. | E130: =BOYOLANGU!U130+GIRI!V130+GROGOL!V130+JAMBESARI!O130+MOJOPANGGUNG!V130+PENATABAN!V130 -> 230
B131: 2 | C131: 2. Prof. Dr. H. EGGI SUDJANA, S.H., M.Si. | E131: =BOYOLANGU!U131+GIRI!V131+GROGOL!V131+JAMBESARI!O131+MOJOPANGGUNG!V131+PENATABAN!V131 -> 168
B132: 3 | C132: 3. NURUL KHOTIMAH | E132: =BOYOLANGU!U132+GIRI!V132+GROGOL!V132+JAMBESARI!O132+MOJOPANGGUNG!V132+PENATABAN!V132 -> 27
B133: 4 | C133: 4. AKHMAD SUYANTO, S.T., M.T. | E133: =BOYOLANGU!U133+GIRI!V133+GROGOL!V133+JAMBESARI!O133+MOJOPANGGUNG!V133+PENATABAN!V133 -> 7
B134: 5 | C134: 5. PUJIYATNI | E134: =BOYOLANGU!U134+GIRI!V134+GROGOL!V134+JAMBESARI!O134+MOJOPANGGUNG!V134+PENATABAN!V134 -> 4
B135: 6 | C135: 6. HENI PURWATININGSIH | E135: =BOYOLANGU!U135+GIRI!V135+GROGOL!V135+JAMBESARI!O135+MOJOPANGGUNG!V135+PENATABAN!V135 -> 10
B136: 7 | C136: 7. MUHADI | E136: =BOYOLANGU!U136+GIRI!V136+GROGOL!V136+JAMBESARI!O136+MOJOPANGGUNG!V136+PENATABAN!V136 -> 2
A139: B | B139: JUMLAH SUARA SAH PARTAI POLITIK DAN CALON (A1 + A2) | E139: =SUM(E129:E136) -> 608
...

Sheet BOYOLANGU
C2: Kecamatan | D2: GIRI
C3: Kabupaten | D3: BANYUWANGI
C4: Provinsi | D4: JAWA TIMUR
C9: Kelurahan | D9: BOYOLANGU
A12: I | B12: DATA PEMILIH DAN PENGGUNAAN HAK PILIH | U12: JUMLAH AKHIR
A13: A | B13: DATA PEMILIH | E13: TPS 001 | F13: TPS 002 | G13: TPS 003 | H13: TPS 004 | I13: TPS 005 | J13: TPS 006 | K13: TPS 007 | L13: TPS 008 | M13: TPS 009 | N13: TPS 010 | O13: TPS 011 | P13: TPS 012 | Q13: TPS 013 | R13: TPS 014 | S13: TPS 015 | T13: TPS 016
B14: Jumlah Pemilih dalam Daftar Pemilih Tetap (DPT) | D14: LK | E14: 137 | F14: 142 | G14: 142 | H14: 141 | I14: 150 | J14: 155 | K14: 146 | L14: 155 | M14: 152 | N14: 139 | O14: 110 | P14: 125 | Q14: 110 | R14: 108 | S14: 70 | T14: 139 | U14: =SUM(E14:T14) -> 2121
D15: PR | E15: 158 | F15: 154 | G15: 155 | H15: 156 | I15: 146 | J15: 142 | K15: 152 | L15: 143 | M15: 145 | N15: 159 | O15: 111 | P15: 133 | Q15: 117 | R15: 117 | S15: 78 | T15: 128 | U15: =SUM(E15:T15) -> 2194
D16: JML | E16: =SUM(E14:E15) -> 295 | F16: =SUM(F14:F15) -> 296 | G16: =SUM(G14:G15) -> 297 | H16: =SUM(H14:H15) -> 297 | I16: =SUM(I14:I15) -> 296 | J16: =SUM(J14:J15) -> 297 | K16: =SUM(K14:K15) -> 298 | L16: =SUM(L14:L15) -> 298 | ... T16: =SUM(T14:T15) -> 267 | U16: =SUM(E16:T16) -> 4315
A18: B | B18: PENGGUNA HAK PILIH
B19: 1. | C19: Jumlah pengguna hak pilih dalam Daftar Pemilih Tetap (DPT) | D19: LK | E19: 89 | F19: 113 | G19: 117 | H19: 118 | I19: 115 | J19: 121 | K19: 107 | L19: 115 | M19: 129 | N19: 105 | O19: 88 | P19: 101 | Q19: 99 | R19: 90 | S19: 51 | T19: 106 | U19: =SUM(E19:T19) -> 1664
D20: PR | E20: 117 | F20: 120 | G20: 134 | H20: 136 | I20: 114 | J20: 123 | K20: 135 | L20: 121 | M20: 131 | N20: 128 | O20: 103 | P20: 112 | Q20: 110 | R20: 100 | S20: 68 | T20: 109 | U20: =SUM(E20:T20) -> 1861
D21: JML | E21: =SUM(E19:E20) -> 206 | F21: =SUM(F19:F20) -> 233 | G21: =SUM(G19:G20) -> 251 | H21: =SUM(H19:H20) -> 254 | I21: =SUM(I19:I20) -> 229 | J21: =SUM(J19:J20) -> 244 | K21: =SUM(K19:K20) -> 242 | L21: =SUM(L19:L20) -> 236 | ... T21: =SUM(T19:T20) -> 215 | U21: =SUM(E21:T21) -> 3525
B22: 2. | C22: Jumlah pengguna hak pilih dalam Daftar Pemilih Tambahan (DPTb) | D22: LK | E22: 0 | F22: 0 | G22: 0 | H22: 0 | I22: 0 | J22: 0 | K22: 0 | L22: 0 | M22: 0 | N22: 0 | O22: 0 | P22: 0 | Q22: 0 | R22: 0 | S22: 0 | T22: 0 | U22: =SUM(E22:T22) -> 0
D23: PR | E23: 1 | F23: 0 | G23: 0 | H23: 0 | I23: 0 | J23: 0 | K23: 0 | L23: 0 | M23: 0 | N23: 0 | O23: 0 | P23: 0 | Q23: 0 | R23: 0 | S23: 0 | T23: 0 | U23: =SUM(E23:T23) -> 1
D24: JML | E24: =SUM(E22:E23) -> 1 | F24: =SUM(F22:F23) -> 0 | G24: =SUM(G22:G23) -> 0 | H24: =SUM(H22:H23) -> 0 | I24: =SUM(I22:I23) -> 0 | J24: =SUM(J22:J23) -> 0 | K24: =SUM(K22:K23) -> 0 | L24: =SUM(L22:L23) -> 0 | ... T24: =SUM(T22:T23) -> 0 | U24: =SUM(E24:T24) -> 1
B25: 3. | C25: Jumlah pengguna hak pilih dalam Daftar Pemilih Khusus (DPK) | D25: LK | E25: 3 | F25: 2 | G25: 0 | H25: 2 | I25: 0 | J25: 0 | K25: 0 | L25: 0 | M25: 0 | N25: 1 | O25: 0 | P25: 0 | Q25: 0 | R25: 0 | S25: 1 | T25: 0 | U25: =SUM(E25:T25) -> 9
D26: PR | E26: 5 | F26: 0 | G26: 0 | H26: 1 | I26: 1 | J26: 0 | K26: 0 | L26: 1 | M26: 0 | N26: 1 | O26: 0 | P26: 0 | Q26: 0 | R26: 1 | S26: 0 | T26: 0 | U26: =SUM(E26:T26) -> 10
D27: JML | E27: =SUM(E25:E26) -> 8 | F27: =SUM(F25:F26) -> 2 | G27: =SUM(G25:G26) -> 0 | H27: =SUM(H25:H26) -> 3 | I27: =SUM(I25:I26) -> 1 | J27: =SUM(J25:J26) -> 0 | K27: =SUM(K25:K26) -> 0 | L27: =SUM(L25:L26) -> 1 | ... T27: =SUM(T25:T26) -> 0 | U27: =SUM(E27:T27) -> 19
B28: 4. | C28: Jumlah Pengguna Hak Pilih (B.1+B.2+B.3) | D28: LK | E28: =SUM(E19,E22,E25) -> 92 | F28: =SUM(F19,F22,F25) -> 115 | G28: =SUM(G19,G22,G25) -> 117 | H28: =SUM(H19,H22,H25) -> 120 | I28: =SUM(I19,I22,I25) -> 115 | J28: =SUM(J19,J22,J25) -> 121 | K28: =SUM(K19,K22,K25) -> 107 | L28: =SUM(L19,L22,L25) -> 115 | ... T28: =SUM(T19,T22,T25) -> 106 | U28: =SUM(E28:T28) -> 1673
D29: PR | E29: =SUM(E20,E23,E26) -> 123 | F29: =SUM(F20,F23,F26) -> 120 | G29: =SUM(G20,G23,G26) -> 134 | H29: =SUM(H20,H23,H26) -> 137 | I29: =SUM(I20,I23,I26) -> 115 | J29: =SUM(J20,J23,J26) -> 123 | K29: =SUM(K20,K23,K26) -> 135 | L29: =SUM(L20,L23,L26) -> 122 | ... T29: =SUM(T20,T23,T26) -> 109 | U29: =SUM(E29:T29) -> 1872
D30: JML | E30: =SUM(E28:E29) -> 215 | F30: =SUM(F28:F29) -> 235 | G30: =SUM(G28:G29) -> 251 | H30: =SUM(H28:H29) -> 257 | I30: =SUM(I28:I29) -> 230 | J30: =SUM(J28:J29) -> 244 | K30: =SUM(K28:K29) -> 242 | L30: =SUM(L28:L29) -> 237 | ... T30: =SUM(T28:T29) -> 215 | U30: =SUM(E30:T30) -> 3545
A32: II | B32: DATA PENGGUNAAN SURAT SUARA
A33: 1 | B33: Jumlah surat suara yang diterima, termasuk surat suara cadangan 2,5% dari DPT | E33: 302 | F33: 302 | G33: 303 | H33: 303 | I33: 302 | J33: 303 | K33: 304 | L33: 305 | M33: 303 | N33: 304 | O33: 226 | P33: 264 | Q33: 232 | R33: 230 | S33: 151 | T33: 274 | U33: =SUM(E33:T33) -> 4408
A34: 2 | B34: Jumlah surat suara yang digunakan | E34: 215 | F34: 235 | G34: 251 | H34: 257 | I34: 230 | J34: 244 | K34: 242 | L34: 237 | M34: 260 | N34: 235 | O34: 191 | P34: 213 | Q34: 209 | R34: 191 | S34: 120 | T34: 215 | U34: =SUM(E34:T34) -> 3545
A35: 3 | B35: Jumlah surat suara dikembalikan oleh pemilih (karena rusak atau keliru coblos) | E35: 1 | F35: 1 | G35: 0 | H35: 1 | I35: 0 | J35: 0 | K35: 0 | L35: 0 | M35: 0 | N35: 0 | O35: 0 | P35: 0 | Q35: 0 | R35: 0 | S35: 0 | T35: 0 | U35: =SUM(E35:T35) -> 3
A36: 4 | B36: Jumlah surat suara yang tidak digunakan/tidak terpakai, termasuk sisa surat suara cadangan | E36: =E33-(E34+E35) -> 86 | F36: =F33-(F34+F35) -> 66 | G36: =G33-(G34+G35) -> 52 | H36: =H33-(H34+H35) -> 45 | I36: =I33-(I34+I35) -> 72 | J36: =J33-(J34+J35) -> 59 | K36: =K33-(K34+K35) -> 62 | L36: =L33-(L34+L35) -> 68 | ... T36: =T33-(T34+T35) -> 59 | U36: =SUM(E36:T36) -> 860
A38: III | B38: DATA PEMILIH DISABILITAS
B39: Jumlah seluruh Pemilih disabilitas yang menggunakan hak pilih | D39: LK | E39: 0 | F39: 1 | G39: 0 | H39: 0 | I39: 1 | J39: 0 | K39: 0 | L39: 0 | M39: 0 | N39: 0 | O39: 0 | P39: 0 | Q39: 2 | R39: 0 | S39: 0 | T39: 0 | U39: =SUM(E39:T39) -> 4
D40: PR | E40: 0 | F40: 0 | G40: 0 | H40: 0 | I40: 0 | J40: 0 | K40: 0 | L40: 0 | M40: 1 | N40: 0 | O40: 0 | P40: 0 | Q40: 0 | R40: 0 | S40: 0 | T40: 0 | U40: =SUM(E40:T40) -> 1
D41: JML | E41: =SUM(E39:E40) -> 0 | F41: =SUM(F39:F40) -> 1 | G41: =SUM(G39:G40) -> 0 | H41: =SUM(H39:H40) -> 0 | I41: =SUM(I39:I40) -> 1 | J41: =SUM(J39:J40) -> 0 | K41: =SUM(K39:K40) -> 0 | L41: =SUM(L39:L40) -> 0 | ... T41: =SUM(T39:T40) -> 0 | U41: =SUM(E41:T41) -> 5
A43: IV | B43: DATA RINCIAN PEROLEHAN SUARA PASANGAN CALON BUPATI DAN WAKIL BUPATI
A44: NOMOR DAN NAMA CALON
A45: A.1 | B45: 1. | C45: Partai Kebangkitan Bangsa | E45: 5 | F45: 10 | G45: 13 | H45: 17 | I45: 5 | J45: 13 | K45: 10 | L45: 6 | M45: 7 | N45: 7 | O45: 15 | P45: 4 | Q45: 7 | R45: 3 | S45: 4 | T45: 4 | U45: =SUM(E45:T45) -> 130
A46: A.2 | B46: 1 | C46: 1. Dr. Hj. NIHAYATUL WAFIROH, M.A. | E46: 10 | F46: 13 | G46: 47 | H46: 67 | I46: 20 | J46: 15 | K46: 14 | L46: 21 | M46: 26 | N46: 11 | O46: 19 | P46: 27 | Q46: 15 | R46: 4 | S46: 5 | T46: 26 | U46: =SUM(E46:T46) -> 340
B47: 2 | C47: 2. H. M. NASIM KHAN | E47: 0 | F47: 0 | G47: 2 | H47: 5 | I47: 3 | J47: 4 | K47: 1 | L47: 3 | M47: 1 | N47: 1 | O47: 1 | P47: 1 | Q47: 1 | R47: 1 | S47: 2 | T47: 0 | U47: =SUM(E47:T47) -> 26
B48: 3 | C48: 3. Dr. H. AKIK ZAMAN, M.Pd.I. | E48: 1 | F48: 0 | G48: 0 | H48: 0 | I48: 0 | J48: 1 | K48: 1 | L48: 0 | M48: 0 | N48: 1 | O48: 1 | P48: 2 | Q48: 0 | R48: 0 | S48: 0 | T48: 0 | U48: =SUM(E48:T48) -> 7
B49: 4 | C49: 4. AHMAD RIFA'I, S.H. | E49: 1 | F49: 1 | G49: 0 | H49: 10 | I49: 0 | J49: 4 | K49: 0 | L49: 3 | M49: 0 | N49: 0 | O49: 0 | P49: 0 | Q49: 0 | R49: 0 | S49: 0 | T49: 0 | U49: =SUM(E49:T49) -> 19
B50: 5 | C50: 5. Drs. H. MAHFUD M.N. | E50: 0 | F50: 0 | G50: 1 | H50: 0 | I50: 0 | J50: 1 | K50: 1 | L50: 0 | M50: 0 | N50: 0 | O50: 0 | P50: 0 | Q50: 0 | R50: 0 | S50: 0 | T50: 0 | U50: =SUM(E50:T50) -> 3
B51: 6 | C51: 6. NURHAYATI, S.Pd. | E51: 1 | F51: 0 | G51: 1 | H51: 1 | I51: 0 | J51: 0 | K51: 1 | L51: 0 | M51: 0 | N51: 0 | O51: 0 | P51: 0 | Q51: 0 | R51: 0 | S51: 0 | T51: 1 | U51: =SUM(E51:T51) -> 5
B52: 7 | C52: 7. MAFTUHA KISWAH | E52: 0 | F52: 2 | G52: 0 | H52: 1 | I52: 0 | J52: 0 | K52: 1 | L52: 0 | M52: 0 | N52: 0 | O52: 0 | P52: 0 | Q52: 0 | R52: 0 | S52: 0 | T52: 0 | U52: =SUM(E52:T52) -> 4
U53: =SUM(E53:T53) -> 0
U54: =SUM(E54:T54) -> 0
A55: B | B55: JUMLAH SUARA SAH PARTAI POLITIK DAN CALON (A1 + A2) | E55: =SUM(E45:E52) -> 18 | F55: =SUM(F45:F52) -> 26 | G55: =SUM(G45:G52) -> 64 | H55: =SUM(H45:H52) -> 101 | I55: =SUM(I45:I52) -> 28 | J55: =SUM(J45:J52) -> 38 | K55: =SUM(K45:K52) -> 29 | L55: =SUM(L45:L52) -> 33 | ... T55: =SUM(T45:T52) -> 31 | U55: =SUM(E55:T55) -> 534
A57: A.1 | B57: 2. | C57: Partai Gerakan Indonesia Raya | E57: 16 | F57: 8 | G57: 10 | H57: 7 | I57: 12 | J57: 9 | K57: 18 | L57: 6 | M57: 10 | N57: 9 | O57: 3 | P57: 9 | Q57: 15 | R57: 22 | S57: 8 | T57: 11 | U57: =SUM(E57:T57) -> 173
A58: A.2 | B58: 1 | C58: 1. SUMAIL ABDULLAH | E58: 19 | F58: 19 | G58: 16 | H58: 6 | I58: 4 | J58: 9 | K58: 15 | L58: 7 | M58: 28 | N58: 2 | O58: 9 | P58: 8 | Q58: 8 | R58: 4 | S58: 3 | T58: 7 | U58: =SUM(E58:T58) -> 164
B59: 2 | C59: 2. MUHAMMAD ALI ADRIAN SALEH | E59: 2 | F59: 7 | G59: 2 | H59: 2 | I59: 2 | J59: 3 | K59: 2 | L59: 2 | M59: 1 | N59: 4 | O59: 1 | P59: 2 | Q59: 4 | R59: 6 | S59: 0 | T59: 2 | U59: =SUM(E59:T59) -> 42
B60: 3 | C60: 3. DURROTUN NAFISAH | E60: 1 | F60: 1 | G60: 0 | H60: 0 | I60: 1 | J60: 1 | K60: 0 | L60: 0 | M60: 1 | N60: 1 | O60: 0 | P60: 1 | Q60: 0 | R60: 0 | S60: 0 | T60: 0 | U60: =SUM(E60:T60) -> 7
B61: 4 | C61: 4. H. EKO SUSILO NURHIDAYAT | E61: 2 | F61: 1 | G61: 0 | H61: 3 | I61: 0 | J61: 2 | K61: 0 | L61: 1 | M61: 1 | N61: 0 | O61: 1 | P61: 0 | Q61: 1 | R61: 0 | S61: 0 | T61: 0 | U61: =SUM(E61:T61) -> 12
B62: 5 | C62: 5. KARNADI HARIJANTO, S.S. | E62: 0 | F62: 1 | G62: 0 | H62: 0 | I62: 0 | J62: 0 | K62: 0 | L62: 1 | M62: 0 | N62: 1 | O62: 0 | P62: 0 | Q62: 0 | R62: 0 | S62: 0 | T62: 0 | U62: =SUM(E62:T62) -> 3
B63: 6 | C63: 6. NURHAYATI | E63: 1 | F63: 2 | G63: 0 | H63: 2 | I63: 2 | J63: 2 | K63: 0 | L63: 0 | M63: 0 | N63: 0 | O63: 0 | P63: 1 | Q63: 1 | R63: 0 | S63: 0 | T63: 0 | U63: =SUM(E63:T63) -> 11
B64: 7 | C64: 7. MASHUDI | E64: 0 | F64: 1 | G64: 0 | H64: 0 | I64: 0 | J64: 0 | K64: 0 | L64: 1 | M64: 0 | N64: 0 | O64: 0 | P64: 0 | Q64: 0 | R64: 0 | S64: 0 | T64: 1 | U64: =SUM(E64:T64) -> 3
U65: =SUM(E65:T65) -> 0
U66: =SUM(E66:T66) -> 0
A67: B | B67: JUMLAH SUARA SAH PARTAI POLITIK DAN CALON (A1 + A2) | E67: =SUM(E57:E64) -> 41 | F67: =SUM(F57:F64) -> 40 | G67: =SUM(G57:G64) -> 28 | H67: =SUM(H57:H64) -> 20 | I67: =SUM(I57:I64) -> 21 | J67: =SUM(J57:J64) -> 26 | K67: =SUM(K57:K64) -> 35 | L67: =SUM(L57:L64) -> 18 | ... T67: =SUM(T57:T64) -> 21 | U67: =SUM(E67:T67) -> 415
A69: A.1 | B69: 3. | C69: Partai Demokrasi Indonesia Perjuangan | E69: 7 | F69: 14 | G69: 4 | H69: 3 | I69: 18 | J69: 11 | K69: 15 | L69: 10 | M69: 9 | N69: 15 | O69: 4 | P69: 3 | Q69: 15 | R69: 14 | S69: 9 | T69: 17 | U69: =SUM(E69:T69) -> 168
A70: A.2 | B70: 1 | C70: 1. SONNY TRI DANAPARAMITA, S.H., M.H. | E70: 14 | F70: 9 | G70: 10 | H70: 11 | I70: 30 | J70: 61 | K70: 28 | L70: 41 | M70: 55 | N70: 20 | O70: 5 | P70: 9 | Q70: 86 | R70: 24 | S70: 6 | T70: 15 | U70: =SUM(E70:T70) -> 424
B71: 2 | C71: 2. H. MOHAMAD GUNTUR ROMLI | E71: 7 | F71: 9 | G71: 8 | H71: 4 | I71: 9 | J71: 12 | K71: 6 | L71: 7 | M71: 12 | N71: 10 | O71: 1 | P71: 2 | Q71: 2 | R71: 4 | S71: 4 | T71: 5 | U71: =SUM(E71:T71) -> 102
B72: 3 | C72: 3. INA AMMANIA | E72: 6 | F72: 20 | G72: 8 | H72: 6 | I72: 15 | J72: 26 | K72: 28 | L72: 10 | M72: 14 | N72: 14 | O72: 1 | P72: 0 | Q72: 3 | R72: 22 | S72: 10 | T72: 48 | U72: =SUM(E72:T72) -> 231
B73: 4 | C73: 4. IRWAN BACHTIAR RACHMAT, M.Si. | E73: 1 | F73: 0 | G73: 1 | H73: 0 | I73: 0 | J73: 1 | K73: 0 | L73: 0 | M73: 2 | N73: 0 | O73: 0 | P73: 0 | Q73: 0 | R73: 0 | S73: 0 | T73: 1 | U73: =SUM(E73:T73) -> 6
B74: 5 | C74: 5. LUCKY PERDANA | E74: 16 | F74: 11 | G74: 4 | H74: 12 | I74: 13 | J74: 3 | K74: 9 | L74: 12 | M74: 2 | N74: 1 | O74: 3 | P74: 1 | Q74: 0 | R74: 2 | S74: 3 | T74: 7 | U74: =SUM(E74:T74) -> 99
B75: 6 | C75: 6. WIWIK PUJIYATI | E75: 0 | F75: 0 | G75: 0 | H75: 0 | I75: 1 | J75: 0 | K75: 0 | L75: 1 | M75: 0 | N75: 0 | O75: 0 | P75: 0 | Q75: 1 | R75: 0 | S75: 0 | T75: 0 | U75: =SUM(E75:T75) -> 3
B76: 7 | C76: 7. CHANDRA ASTAN, S.T. | E76: 6 | F76: 1 | G76: 0 | H76: 1 | I76: 5 | J76: 1 | K76: 1 | L76: 2 | M76: 0 | N76: 0 | O76: 1 | P76: 0 | Q76: 2 | R76: 0 | S76: 0 | T76: 2 | U76: =SUM(E76:T76) -> 22
U77: =SUM(E77:T77) -> 0
U78: =SUM(E78:T78) -> 0
A79: B | B79: JUMLAH SUARA SAH PARTAI POLITIK DAN CALON (A1 + A2) | E79: =SUM(E69:E76) -> 57 | F79: =SUM(F69:F76) -> 64 | G79: =SUM(G69:G76) -> 35 | H79: =SUM(H69:H76) -> 37 | I79: =SUM(I69:I76) -> 91 | J79: =SUM(J69:J76) -> 115 | K79: =SUM(K69:K76) -> 87 | L79: =SUM(L69:L76) -> 83 | ... T79: =SUM(T69:T76) -> 95 | U79: =SUM(E79:T79) -> 1055
A81: A.1 | B81: 4. | C81: Partai Golongan Karya | E81: 3 | F81: 6 | G81: 10 | H81: 11 | I81: 9 | J81: 0 | K81: 7 | L81: 9 | M81: 6 | N81: 9 | O81: 10 | P81: 6 | Q81: 3 | R81: 16 | S81: 8 | T81: 2 | U81: =SUM(E81:T81) -> 115
A82: A.2 | B82: 1 | C82: 1. ZULFIKAR ARSE SADIKIN, S.I.P., M.Si. | E82: 4 | F82: 2 | G82: 19 | H82: 14 | I82: 3 | J82: 9 | K82: 18 | L82: 13 | M82: 1 | N82: 7 | O82: 52 | P82: 25 | Q82: 4 | R82: 4 | S82: 10 | T82: 8 | U82: =SUM(E82:T82) -> 193
B83: 2 | C83: 2. HANDOKO | E83: 0 | F83: 1 | G83: 8 | H83: 10 | I83: 11 | J83: 1 | K83: 2 | L83: 5 | M83: 3 | N83: 11 | O83: 7 | P83: 1 | Q83: 6 | R83: 10 | S83: 2 | T83: 3 | U83: =SUM(E83:T83) -> 81
B84: 3 | C84: 3. Hj. OVI DEWI YANTI | E84: 1 | F84: 0 | G84: 2 | H84: 0 | I84: 2 | J84: 0 | K84: 0 | L84: 2 | M84: 0 | N84: 3 | O84: 0 | P84: 1 | Q84: 2 | R84: 1 | S84: 1 | T84: 0 | U84: =SUM(E84:T84) -> 15
B85: 4 | C85: 4. Ir. AZAM AZMAN NATAWIJANA | E85: 0 | F85: 3 | G85: 4 | H85: 0 | I85: 2 | J85: 1 | K85: 1 | L85: 0 | M85: 0 | N85: 2 | O85: 0 | P85: 1 | Q85: 0 | R85: 1 | S85: 0 | T85: 1 | U85: =SUM(E85:T85) -> 16
B86: 5 | C86: 5. UBAIDILLAH AMIN, S.Kom. | E86: 2 | F86: 0 | G86: 0 | H86: 0 | I86: 0 | J86: 2 | K86: 0 | L86: 0 | M86: 0 | N86: 0 | O86: 0 | P86: 0 | Q86: 0 | R86: 0 | S86: 1 | T86: 1 | U86: =SUM(E86:T86) -> 6
B87: 6 | C87: 6. DENNY YUNIANDARI, S.H., M.Kn. | E87: 0 | F87: 0 | G87: 1 | H87: 0 | I87: 1 | J87: 0 | K87: 0 | L87: 0 | M87: 0 | N87: 1 | O87: 0 | P87: 0 | Q87: 0 | R87: 0 | S87: 0 | T87: 0 | U87: =SUM(E87:T87) -> 3
B88: 7 | C88: 7. ERNADI, S.H.I. | E88: 2 | F88: 0 | G88: 0 | H88: 0 | I88: 0 | J88: 0 | K88: 0 | L88: 0 | M88: 0 | N88: 0 | O88: 0 | P88: 0 | Q88: 0 | R88: 0 | S88: 0 | T88: 0 | U88: =SUM(E88:T88) -> 2
U89: =SUM(E89:T89) -> 0
U90: =SUM(E90:T90) -> 0
A91: B | B91: JUMLAH SUARA SAH PARTAI POLITIK DAN CALON (A1 + A2) | E91: =SUM(E81:E88) -> 12 | F91: =SUM(F81:F88) -> 12 | G91: =SUM(G81:G88) -> 44 | H91: =SUM(H81:H88) -> 35 | I91: =SUM(I81:I88) -> 28 | J91: =SUM(J81:J88) -> 13 | K91: =SUM(K81:K88) -> 28 | L91: =SUM(L81:L88) -> 29 | ... T91: =SUM(T81:T88) -> 15 | U91: =SUM(E91:T91) -> 431
A93: A.1 | B93: 5. | C93: Partai NasDem | E93: 5 | F93: 3 | G93: 1 | H93: 0 | I93: 2 | J93: 1 | K93: 3 | L93: 1 | M93: 0 | N93: 3 | O93: 3 | P93: 4 | Q93: 0 | R93: 0 | S93: 1 | T93: 0 | U93: =SUM(E93:T93) -> 27
A94: A.2 | B94: 1 | C94: 1. ACH. FADIL MUZAKKI SYAH | E94: 1 | F94: 2 | G94: 3 | H94: 2 | I94: 1 | J94: 2 | K94: 0 | L94: 1 | M94: 0 | N94: 1 | O94: 21 | P94: 37 | Q94: 0 | R94: 1 | S94: 1 | T94: 1 | U94: =SUM(E94:T94) -> 74
B95: 2 | C95: 2. BENY | E95: 0 | F95: 4 | G95: 7 | H95: 9 | I95: 1 | J95: 6 | K95: 2 | L95: 26 | M95: 3 | N95: 31 | O95: 2 | P95: 0 | Q95: 1 | R95: 0 | S95: 0 | T95: 1 | U95: =SUM(E95:T95) -> 93
B96: 3 | C96: 3. VINA VERONIKA | E96: 2 | F96: 2 | G96: 0 | H96: 0 | I96: 0 | J96: 0 | K96: 0 | L96: 1 | M96: 0 | N96: 0 | O96: 0 | P96: 1 | Q96: 0 | R96: 0 | S96: 1 | T96: 0 | U96: =SUM(E96:T96) -> 7
B97: 4 | C97: 4. TEDDY ANUGRIANTO | E97: 0 | F97: 0 | G97: 0 | H97: 0 | I97: 0 | J97: 0 | K97: 0 | L97: 0 | M97: 0 | N97: 0 | O97: 0 | P97: 0 | Q97: 0 | R97: 0 | S97: 0 | T97: 0 | U97: =SUM(E97:T97) -> 0
B98: 5 | C98: 5. INSAN KAMIL | E98: 2 | F98: 2 | G98: 1 | H98: 0 | I98: 0 | J98: 0 | K98: 0 | L98: 0 | M98: 0 | N98: 1 | O98: 0 | P98: 0 | Q98: 0 | R98: 0 | S98: 0 | T98: 0 | U98: =SUM(E98:T98) -> 6
B99: 6 | C99: 6. LILIK LINDARWATI | E99: 1 | F99: 0 | G99: 0 | H99: 0 | I99: 0 | J99: 0 | K99: 0 | L99: 0 | M99: 1 | N99: 0 | O99: 0 | P99: 0 | Q99: 0 | R99: 0 | S99: 0 | T99: 0 | U99: =SUM(E99:T99) -> 2
B100: 7 | C100: 7. YULI ANITA | E100: 0 | F100: 0 | G100: 0 | H100: 0 | I100: 0 | J100: 0 | K100: 0 | L100: 0 | M100: 0 | N100: 0 | O100: 0 | P100: 0 | Q100: 0 | R100: 0 | S100: 0 | T100: 0 | U100: =SUM(E100:T100) -> 0
U101: =SUM(E101:T101) -> 0
U102: =SUM(E102:T102) -> 0
A103: B | B103: JUMLAH SUARA SAH PARTAI POLITIK DAN CALON (A1 + A2) | E103: =SUM(E93:E100) -> 11 | F103: =SUM(F93:F100) -> 13 | G103: =SUM(G93:G100) -> 12 | H103: =SUM(H93:H100) -> 11 | I103: =SUM(I93:I100) -> 4 | J103: =SUM(J93:J100) -> 9 | K103: =SUM(K93:K100) -> 5 | L103: =SUM(L93:L100) -> 29 | ... T103: =SUM(T93:T100) -> 2 | U103: =SUM(E103:T103) -> 209
A105: A.1 | B105: 6. | C105: Partai Buruh | E105: 0 | F105: 0 | G105: 0 | H105: 0 | I105: 0 | J105: 0 | K105: 0 | L105: 0 | M105: 0 | N105: 0 | O105: 1 | P105: 0 | Q105: 0 | R105: 0 | S105: 0 | T105: 0 | U105: =SUM(E105:T105) -> 1
A106: A.2 | B106: 1 | C106: 1. KHOIRUL ANAM | E106: 0 | F106: 0 | G106: 0 | H106: 0 | I106: 0 | J106: 0 | K106: 0 | L106: 2 | M106: 0 | N106: 0 | O106: 0 | P106: 0 | Q106: 0 | R106: 0 | S106: 0 | T106: 1 | U106: =SUM(E106:T106) -> 3
B107: 2 | C107: 2. INA KURNIA | E107: 0 | F107: 0 | G107: 0 | H107: 0 | I107: 0 | J107: 0 | K107: 0 | L107: 0 | M107: 0 | N107: 0 | O107: 0 | P107: 0 | Q107: 0 | R107: 0 | S107: 0 | T107: 0 | U107: =SUM(E107:T107) -> 0
B108: 3 | C108: 3. JIBRAL TAROUK | E108: 0 | F108: 0 | G108: 0 | H108: 0 | I108: 0 | J108: 0 | K108: 0 | L108: 0 | M108: 0 | N108: 0 | O108: 0 | P108: 0 | Q108: 0 | R108: 0 | S108: 0 | T108: 0 | U108: =SUM(E108:T108) -> 0
B109: 4 | C109: 4. ASTUTI DAENG PUJI | E109: 0 | F109: 0 | G109: 0 | H109: 0 | I109: 0 | J109: 0 | K109: 0 | L109: 0 | M109: 0 | N109: 0 | O109: 0 | P109: 0 | Q109: 0 | R109: 0 | S109: 0 | T109: 0 | U109: =SUM(E109:T109) -> 0
B110: 5 | C110: 5. ASDARMAWAN | E110: 0 | F110: 0 | G110: 0 | H110: 0 | I110: 0 | J110: 0 | K110: 0 | L110: 0 | M110: 0 | N110: 0 | O110: 0 | P110: 0 | Q110: 0 | R110: 0 | S110: 0 | T110: 0 | U110: =SUM(E110:T110) -> 0
B111: 6 | C111: 6. RIFQI MUBAROK | E111: 0 | F111: 0 | G111: 0 | H111: 0 | I111: 0 | J111: 0 | K111: 0 | L111: 0 | M111: 0 | N111: 0 | O111: 0 | P111: 0 | Q111: 0 | R111: 0 | S111: 0 | T111: 0 | U111: =SUM(E111:T111) -> 0
B112: 7 | C112: 7. FIRNANDA ALTA MEGA | E112: 0 | F112: 0 | G112: 0 | H112: 0 | I112: 0 | J112: 0 | K112: 0 | L112: 0 | M112: 0 | N112: 0 | O112: 0 | P112: 0 | Q112: 0 | R112: 0 | S112: 0 | T112: 0 | U112: =SUM(E112:T112) -> 0
U113: =SUM(E113:T113) -> 0
U114: =SUM(E114:T114) -> 0
A115: B | B115: JUMLAH SUARA SAH PARTAI POLITIK DAN CALON (A1 + A2) | E115: =SUM(E105:E112) -> 0 | F115: =SUM(F105:F112) -> 0 | G115: =SUM(G105:G112) -> 0 | H115: =SUM(H105:H112) -> 0 | I115: =SUM(I105:I112) -> 0 | J115: =SUM(J105:J112) -> 0 | K115: =SUM(K105:K112) -> 0 | L115: =SUM(L105:L112) -> 2 | ... T115: =SUM(T105:T112) -> 1 | U115: =SUM(E115:T115) -> 4
A117: A.1 | B117: 7. | C117: Partai Gelombang Rakyat Indonesia | E117: 2 | F117: 2 | G117: 1 | H117: 0 | I117: 0 | J117: 0 | K117: 0 | L117: 1 | M117: 0 | N117: 0 | O117: 1 | P117: 2 | Q117: 1 | R117: 0 | S117: 0 | T117: 2 | U117: =SUM(E117:T117) -> 12
...

Sheet GIRI
C2: Kecamatan | D2: GIRI
C3: Kabupaten | D3: BANYUWANGI
C4: Provinsi | D4: JAWA TIMUR
C9: Kelurahan | D9: GIRI
A12: I | B12: DATA PEMILIH DAN PENGGUNAAN HAK PILIH | V12: JUMLAH AKHIR
A13: A | B13: DATA PEMILIH | E13: TPS 001 | F13: TPS 002 | G13: TPS 003 | H13: TPS 004 | I13: TPS 005 | J13: TPS 006 | K13: TPS 007 | L13: TPS 008 | M13: TPS 009 | N13: TPS 010 | O13: TPS 011 | P13: TPS 012 | Q13: TPS 013 | R13: TPS 014 | S13: TPS 015 | T13: TPS 016 | U13: TPS 017
B14: Jumlah Pemilih dalam Daftar Pemilih Tetap (DPT) | D14: LK | E14: 140 | F14: 148 | G14: 141 | H14: 141 | I14: 140 | J14: 132 | K14: 121 | L14: 134 | M14: 142 | N14: 112 | O14: 135 | P14: 125 | Q14: 110 | R14: 128 | S14: 139 | T14: 134 | U14: 141 | V14: =SUM(E14:U14) -> 2263
D15: PR | E15: 148 | F15: 140 | G15: 148 | H15: 145 | I15: 148 | J15: 147 | K15: 124 | L15: 143 | M15: 135 | N15: 122 | O15: 151 | P15: 147 | Q15: 111 | R15: 137 | S15: 138 | T15: 135 | U15: 143 | V15: =SUM(E15:U15) -> 2362
D16: JML | E16: =SUM(E14:E15) -> 288 | F16: =SUM(F14:F15) -> 288 | G16: =SUM(G14:G15) -> 289 | H16: =SUM(H14:H15) -> 286 | I16: =SUM(I14:I15) -> 288 | J16: =SUM(J14:J15) -> 279 | K16: =SUM(K14:K15) -> 245 | L16: =SUM(L14:L15) -> 277 | ... U16: =SUM(U14:U15) -> 284 | V16: =SUM(E16:U16) -> 4625
A18: B | B18: PENGGUNA HAK PILIH
B19: 1. | C19: Jumlah pengguna hak pilih dalam Daftar Pemilih Tetap (DPT) | D19: LK | E19: 92 | F19: 99 | G19: 107 | H19: 107 | I19: 90 | J19: 96 | K19: 99 | L19: 101 | M19: 114 | N19: 76 | O19: 98 | P19: 95 | Q19: 84 | R19: 94 | S19: 110 | T19: 93 | U19: 119 | V19: =SUM(E19:U19) -> 1674
D20: PR | E20: 118 | F20: 105 | G20: 129 | H20: 117 | I20: 116 | J20: 122 | K20: 103 | L20: 128 | M20: 108 | N20: 84 | O20: 123 | P20: 122 | Q20: 91 | R20: 104 | S20: 104 | T20: 107 | U20: 124 | V20: =SUM(E20:U20) -> 1905
D21: JML | E21: =SUM(E19:E20) -> 210 | F21: =SUM(F19:F20) -> 204 | G21: =SUM(G19:G20) -> 236 | H21: =SUM(H19:H20) -> 224 | I21: =SUM(I19:I20) -> 206 | J21: =SUM(J19:J20) -> 218 | K21: =SUM(K19:K20) -> 202 | L21: =SUM(L19:L20) -> 229 | ... U21: =SUM(U19:U20) -> 243 | V21: =SUM(E21:U21) -> 3579
B22: 2. | C22: Jumlah pengguna hak pilih dalam Daftar Pemilih Tambahan (DPTb) | D22: LK | E22: 0 | F22: 0 | G22: 2 | H22: 0 | I22: 0 | J22: 0 | K22: 0 | L22: 0 | M22: 0 | N22: 1 | O22: 0 | P22: 0 | Q22: 0 | R22: 0 | S22: 0 | T22: 0 | U22: 0 | V22: =SUM(E22:U22) -> 3
D23: PR | E23: 0 | F23: 0 | G23: 3 | H23: 0 | I23: 0 | J23: 0 | K23: 1 | L23: 0 | M23: 0 | N23: 1 | O23: 0 | P23: 0 | Q23: 0 | R23: 1 | S23: 0 | T23: 0 | U23: 0 | V23: =SUM(E23:U23) -> 6
D24: JML | E24: =SUM(E22:E23) -> 0 | F24: =SUM(F22:F23) -> 0 | G24: =SUM(G22:G23) -> 5 | H24: =SUM(H22:H23) -> 0 | I24: =SUM(I22:I23) -> 0 | J24: =SUM(J22:J23) -> 0 | K24: =SUM(K22:K23) -> 1 | L24: =SUM(L22:L23) -> 0 | ... U24: =SUM(U22:U23) -> 0 | V24: =SUM(E24:U24) -> 9
B25: 3. | C25: Jumlah pengguna hak pilih dalam Daftar Pemilih Khusus (DPK) | D25: LK | E25: 0 | F25: 2 | G25: 3 | H25: 3 | I25: 0 | J25: 0 | K25: 0 | L25: 1 | M25: 0 | N25: 0 | O25: 0 | P25: 0 | Q25: 2 | R25: 3 | S25: 0 | T25: 0 | U25: 0 | V25: =SUM(E25:U25) -> 14
D26: PR | E26: 2 | F26: 4 | G26: 3 | H26: 3 | I26: 0 | J26: 0 | K26: 1 | L26: 0 | M26: 0 | N26: 0 | O26: 0 | P26: 3 | Q26: 2 | R26: 6 | S26: 1 | T26: 2 | U26: 1 | V26: =SUM(E26:U26) -> 28
D27: JML | E27: =SUM(E25:E26) -> 2 | F27: =SUM(F25:F26) -> 6 | G27: =SUM(G25:G26) -> 6 | H27: =SUM(H25:H26) -> 6 | I27: =SUM(I25:I26) -> 0 | J27: =SUM(J25:J26) -> 0 | K27: =SUM(K25:K26) -> 1 | L27: =SUM(L25:L26) -> 1 | ... U27: =SUM(U25:U26) -> 1 | V27: =SUM(E27:U27) -> 42
B28: 4. | C28: Jumlah Pengguna Hak Pilih (B.1+B.2+B.3) | D28: LK | E28: =SUM(E19,E22,E25) -> 92 | F28: =SUM(F19,F22,F25) -> 101 | G28: =SUM(G19,G22,G25) -> 112 | H28: =SUM(H19,H22,H25) -> 110 | I28: =SUM(I19,I22,I25) -> 90 | J28: =SUM(J19,J22,J25) -> 96 | K28: =SUM(K19,K22,K25) -> 99 | L28: =SUM(L19,L22,L25) -> 102 | ... U28: =SUM(U19,U22,U25) -> 119 | V28: =SUM(E28:U28) -> 1691
D29: PR | E29: =SUM(E20,E23,E26) -> 120 | F29: =SUM(F20,F23,F26) -> 109 | G29: =SUM(G20,G23,G26) -> 135 | H29: =SUM(H20,H23,H26) -> 120 | I29: =SUM(I20,I23,I26) -> 116 | J29: =SUM(J20,J23,J26) -> 122 | K29: =SUM(K20,K23,K26) -> 105 | L29: =SUM(L20,L23,L26) -> 128 | ... U29: =SUM(U20,U23,U26) -> 125 | V29: =SUM(E29:U29) -> 1939
D30: JML | E30: =SUM(E28:E29) -> 212 | F30: =SUM(F28:F29) -> 210 | G30: =SUM(G28:G29) -> 247 | H30: =SUM(H28:H29) -> 230 | I30: =SUM(I28:I29) -> 206 | J30: =SUM(J28:J29) -> 218 | K30: =SUM(K28:K29) -> 204 | L30: =SUM(L28:L29) -> 230 | ... U30: =SUM(U28:U29) -> 244 | V30: =SUM(E30:U30) -> 3630
A32: II | B32: DATA PENGGUNAAN SURAT SUARA
A33: 1 | B33: Jumlah surat suara yang diterima, termasuk surat suara cadangan 2,5% dari DPT | E33: 292 | F33: 293 | G33: 293 | H33: 292 | I33: 292 | J33: 283 | K33: 248 | L33: 282 | M33: 281 | N33: 237 | O33: 292 | P33: 278 | Q33: 226 | R33: 271 | S33: 284 | T33: 275 | U33: 300 | V33: =SUM(E33:U33) -> 4719
A34: 2 | B34: Jumlah surat suara yang digunakan | E34: 212 | F34: 210 | G34: 247 | H34: 230 | I34: 206 | J34: 218 | K34: 204 | L34: 230 | M34: 222 | N34: 162 | O34: 221 | P34: 220 | Q34: 179 | R34: 208 | S34: 215 | T34: 202 | U34: 244 | V34: =SUM(E34:U34) -> 3630
A35: 3 | B35: Jumlah surat suara dikembalikan oleh pemilih (karena rusak atau keliru coblos) | E35: 0 | F35: 0 | G35: 0 | H35: 1 | I35: 0 | J35: 0 | K35: 0 | L35: 0 | M35: 1 | N35: 0 | O35: 1 | P35: 0 | Q35: 0 | R35: 0 | S35: 0 | T35: 0 | U35: 0 | V35: =SUM(E35:U35) -> 3
A36: 4 | B36: Jumlah surat suara yang tidak digunakan/tidak terpakai, termasuk sisa surat suara cadangan | E36: =E33-(E34+E35) -> 80 | F36: =F33-(F34+F35) -> 83 | G36: =G33-(G34+G35) -> 46 | H36: =H33-(H34+H35) -> 61 | I36: =I33-(I34+I35) -> 86 | J36: =J33-(J34+J35) -> 65 | K36: =K33-(K34+K35) -> 44 | L36: =L33-(L34+L35) -> 52 | ... N36: =N33-(N34+N35) -> 75 | O36: 69 | P36: =P33-(P34+P35) -> 58 | Q36: =Q33-(Q34+Q35) -> 47 | R36: =R33-(R34+R35) -> 63 | S36: =S33-(S34+S35) -> 69 | T36: =T33-(T34+T35) -> 73 | U36: =U33-(U34+U35) -> 56 | V36: =SUM(E36:U36) -> 1085
A38: III | B38: DATA PEMILIH DISABILITAS
B39: Jumlah seluruh Pemilih disabilitas yang menggunakan hak pilih | D39: LK | E39: 2 | F39: 0 | G39: 0 | H39: 0 | I39: 0 | J39: 0 | K39: 0 | L39: 0 | M39: 0 | N39: 0 | O39: 0 | P39: 0 | Q39: 0 | R39: 0 | S39: 1 | T39: 0 | U39: 0 | V39: =SUM(E39:U39) -> 3
D40: PR | E40: 2 | F40: 0 | G40: 0 | H40: 0 | I40: 0 | J40: 1 | K40: 0 | L40: 0 | M40: 0 | N40: 0 | O40: 0 | P40: 0 | Q40: 0 | R40: 0 | S40: 1 | T40: 0 | U40: 0 | V40: =SUM(E40:U40) -> 4
D41: JML | E41: =SUM(E39:E40) -> 4 | F41: =SUM(F39:F40) -> 0 | G41: =SUM(G39:G40) -> 0 | H41: =SUM(H39:H40) -> 0 | I41: =SUM(I39:I40) -> 0 | J41: =SUM(J39:J40) -> 1 | K41: =SUM(K39:K40) -> 0 | L41: =SUM(L39:L40) -> 0 | ... U41: =SUM(U39:U40) -> 0 | V41: =SUM(E41:U41) -> 7
A43: IV | B43: DATA RINCIAN PEROLEHAN SUARA PASANGAN CALON BUPATI DAN WAKIL BUPATI
A44: NOMOR DAN NAMA CALON
A45: A.1 | B45: 1. | C45: Partai Kebangkitan Bangsa | E45: 3 | F45: 6 | G45: 2 | H45: 6 | I45: 3 | J45: 8 | K45: 5 | L45: 16 | M45: 14 | N45: 5 | O45: 6 | P45: 4 | Q45: 10 | R45: 17 | S45: 18 | T45: 15 | U45: 14 | V45: =SUM(E45:U45) -> 152
A46: A.2 | B46: 1 | C46: 1. Dr. Hj. NIHAYATUL WAFIROH, M.A. | E46: 5 | F46: 22 | G46: 14 | H46: 7 | I46: 8 | J46: 29 | K46: 59 | L46: 39 | M46: 28 | N46: 20 | O46: 15 | P46: 12 | Q46: 26 | R46: 44 | S46: 31 | T46: 13 | U46: 34 | V46: =SUM(E46:U46) -> 406
B47: 2 | C47: 2. H. M. NASIM KHAN | E47: 0 | F47: 3 | G47: 0 | H47: 2 | I47: 3 | J47: 2 | K47: 2 | L47: 5 | M47: 5 | N47: 2 | O47: 1 | P47: 5 | Q47: 4 | R47: 0 | S47: 2 | T47: 6 | U47: 5 | V47: =SUM(E47:U47) -> 47
B48: 3 | C48: 3. Dr. H. AKIK ZAMAN, M.Pd.I. | E48: 0 | F48: 1 | G48: 1 | H48: 0 | I48: 0 | J48: 0 | K48: 1 | L48: 0 | M48: 0 | N48: 1 | O48: 0 | P48: 0 | Q48: 1 | R48: 1 | S48: 1 | T48: 0 | U48: 2 | V48: =SUM(E48:U48) -> 9
B49: 4 | C49: 4. AHMAD RIFA'I, S.H. | E49: 0 | F49: 0 | G49: 0 | H49: 0 | I49: 0 | J49: 1 | K49: 0 | L49: 1 | M49: 0 | N49: 0 | O49: 0 | P49: 0 | Q49: 0 | R49: 0 | S49: 0 | T49: 0 | U49: 1 | V49: =SUM(E49:U49) -> 3
B50: 5 | C50: 5. Drs. H. MAHFUD M.N. | E50: 0 | F50: 1 | G50: 2 | H50: 0 | I50: 0 | J50: 1 | K50: 0 | L50: 1 | M50: 0 | N50: 0 | O50: 0 | P50: 0 | Q50: 0 | R50: 0 | S50: 0 | T50: 0 | U50: 1 | V50: =SUM(E50:U50) -> 6
B51: 6 | C51: 6. NURHAYATI, S.Pd. | E51: 0 | F51: 0 | G51: 0 | H51: 1 | I51: 1 | J51: 0 | K51: 0 | L51: 0 | M51: 0 | N51: 0 | O51: 0 | P51: 0 | Q51: 0 | R51: 0 | S51: 0 | T51: 0 | U51: 1 | V51: =SUM(E51:U51) -> 3
B52: 7 | C52: 7. MAFTUHA KISWAH | E52: 1 | F52: 1 | G52: 1 | H52: 0 | I52: 0 | J52: 0 | K52: 0 | L52: 1 | M52: 0 | N52: 0 | O52: 0 | P52: 0 | Q52: 0 | R52: 0 | S52: 0 | T52: 0 | U52: 0 | V52: =SUM(E52:U52) -> 4
V53: =SUM(E53:U53) -> 0
V54: =SUM(E54:U54) -> 0
A55: B | B55: JUMLAH SUARA SAH PARTAI POLITIK DAN CALON (A1 + A2) | E55: =SUM(E45:E52) -> 9 | F55: =SUM(F45:F52) -> 34 | G55: =SUM(G45:G52) -> 20 | H55: =SUM(H45:H52) -> 16 | I55: =SUM(I45:I52) -> 15 | J55: =SUM(J45:J52) -> 41 | K55: =SUM(K45:K52) -> 67 | L55: =SUM(L45:L52) -> 63 | ... U55: =SUM(U45:U52) -> 58 | V55: =SUM(E55:U55) -> 630
A57: A.1 | B57: 2. | C57: Partai Gerakan Indonesia Raya | E57: 7 | F57: 16 | G57: 21 | H57: 11 | I57: 6 | J57: 11 | K57: 10 | L57: 9 | M57: 15 | N57: 8 | O57: 10 | P57: 16 | Q57: 8 | R57: 7 | S57: 20 | T57: 21 | U57: 15 | V57: =SUM(E57:U57) -> 211
A58: A.2 | B58: 1 | C58: 1. SUMAIL ABDULLAH | E58: 12 | F58: 21 | G58: 22 | H58: 17 | I58: 8 | J58: 20 | K58: 9 | L58: 15 | M58: 21 | N58: 20 | O58: 33 | P58: 35 | Q58: 12 | R58: 16 | S58: 12 | T58: 11 | U58: 9 | V58: =SUM(E58:U58) -> 293
B59: 2 | C59: 2. MUHAMMAD ALI ADRIAN SALEH | E59: 0 | F59: 5 | G59: 4 | H59: 4 | I59: 0 | J59: 2 | K59: 4 | L59: 4 | M59: 6 | N59: 0 | O59: 3 | P59: 2 | Q59: 3 | R59: 3 | S59: 2 | T59: 6 | U59: 3 | V59: =SUM(E59:U59) -> 51
B60: 3 | C60: 3. DURROTUN NAFISAH | E60: 0 | F60: 2 | G60: 0 | H60: 1 | I60: 0 | J60: 2 | K60: 0 | L60: 3 | M60: 0 | N60: 2 | O60: 0 | P60: 2 | Q60: 1 | R60: 0 | S60: 3 | T60: 0 | U60: 1 | V60: =SUM(E60:U60) -> 17
B61: 4 | C61: 4. H. EKO SUSILO NURHIDAYAT | E61: 1 | F61: 1 | G61: 4 | H61: 1 | I61: 2 | J61: 2 | K61: 1 | L61: 2 | M61: 0 | N61: 3 | O61: 3 | P61: 1 | Q61: 0 | R61: 2 | S61: 0 | T61: 2 | U61: 2 | V61: =SUM(E61:U61) -> 27
B62: 5 | C62: 5. KARNADI HARIJANTO, S.S. | E62: 0 | F62: 1 | G62: 1 | H62: 1 | I62: 0 | J62: 2 | K62: 0 | L62: 0 | M62: 0 | N62: 0 | O62: 0 | P62: 0 | Q62: 1 | R62: 0 | S62: 2 | T62: 0 | U62: 1 | V62: =SUM(E62:U62) -> 9
B63: 6 | C63: 6. NURHAYATI | E63: 0 | F63: 2 | G63: 2 | H63: 0 | I63: 2 | J63: 0 | K63: 0 | L63: 0 | M63: 0 | N63: 1 | O63: 3 | P63: 0 | Q63: 1 | R63: 0 | S63: 0 | T63: 3 | U63: 0 | V63: =SUM(E63:U63) -> 14
B64: 7 | C64: 7. MASHUDI | E64: 0 | F64: 1 | G64: 1 | H64: 0 | I64: 0 | J64: 0 | K64: 0 | L64: 0 | M64: 0 | N64: 0 | O64: 0 | P64: 0 | Q64: 0 | R64: 0 | S64: 0 | T64: 0 | U64: 0 | V64: =SUM(E64:U64) -> 2
V65: =SUM(E65:U65) -> 0
V66: =SUM(E66:U66) -> 0
A67: B | B67: JUMLAH SUARA SAH PARTAI POLITIK DAN CALON (A1 + A2) | E67: =SUM(E57:E64) -> 20 | F67: =SUM(F57:F64) -> 49 | G67: =SUM(G57:G64) -> 55 | H67: =SUM(H57:H64) -> 35 | I67: =SUM(I57:I64) -> 18 | J67: =SUM(J57:J64) -> 39 | K67: =SUM(K57:K64) -> 24 | L67: =SUM(L57:L64) -> 33 | ... U67: =SUM(U57:U64) -> 31 | V67: =SUM(E67:U67) -> 624
A69: A.1 | B69: 3. | C69: Partai Demokrasi Indonesia Perjuangan | E69: 15 | F69: 2 | G69: 4 | H69: 15 | I69: 19 | J69: 5 | K69: 3 | L69: 4 | M69: 7 | N69: 1 | O69: 3 | P69: 12 | Q69: 9 | R69: 7 | S69: 7 | T69: 5 | U69: 6 | V69: =SUM(E69:U69) -> 124
A70: A.2 | B70: 1 | C70: 1. SONNY TRI DANAPARAMITA, S.H., M.H. | E70: 53 | F70: 13 | G70: 8 | H70: 6 | I70: 10 | J70: 21 | K70: 8 | L70: 15 | M70: 8 | N70: 5 | O70: 11 | P70: 25 | Q70: 11 | R70: 40 | S70: 9 | T70: 5 | U70: 20 | V70: =SUM(E70:U70) -> 268
B71: 2 | C71: 2. H. MOHAMAD GUNTUR ROMLI | E71: 3 | F71: 0 | G71: 6 | H71: 3 | I71: 5 | J71: 2 | K71: 2 | L71: 2 | M71: 1 | N71: 5 | O71: 25 | P71: 11 | Q71: 1 | R71: 1 | S71: 15 | T71: 3 | U71: 6 | V71: =SUM(E71:U71) -> 91
B72: 3 | C72: 3. INA AMMANIA | E72: 6 | F72: 11 | G72: 14 | H72: 32 | I72: 35 | J72: 15 | K72: 17 | L72: 15 | M72: 1 | N72: 2 | O72: 2 | P72: 5 | Q72: 2 | R72: 3 | S72: 3 | T72: 1 | U72: 14 | V72: =SUM(E72:U72) -> 178
B73: 4 | C73: 4. IRWAN BACHTIAR RACHMAT, M.Si. | E73: 0 | F73: 0 | G73: 1 | H73: 0 | I73: 0 | J73: 2 | K73: 0 | L73: 0 | M73: 2 | N73: 0 | O73: 1 | P73: 0 | Q73: 0 | R73: 0 | S73: 0 | T73: 0 | U73: 0 | V73: =SUM(E73:U73) -> 6
B74: 5 | C74: 5. LUCKY PERDANA | E74: 8 | F74: 18 | G74: 24 | H74: 14 | I74: 17 | J74: 6 | K74: 3 | L74: 5 | M74: 2 | N74: 2 | O74: 4 | P74: 4 | Q74: 7 | R74: 3 | S74: 3 | T74: 1 | U74: 3 | V74: =SUM(E74:U74) -> 124
B75: 6 | C75: 6. WIWIK PUJIYATI | E75: 0 | F75: 0 | G75: 0 | H75: 0 | I75: 0 | J75: 0 | K75: 1 | L75: 0 | M75: 0 | N75: 0 | O75: 0 | P75: 1 | Q75: 0 | R75: 0 | S75: 0 | T75: 1 | U75: 1 | V75: =SUM(E75:U75) -> 4
B76: 7 | C76: 7. CHANDRA ASTAN, S.T. | E76: 5 | F76: 2 | G76: 2 | H76: 18 | I76: 15 | J76: 8 | K76: 1 | L76: 5 | M76: 3 | N76: 1 | O76: 1 | P76: 0 | Q76: 0 | R76: 2 | S76: 2 | T76: 0 | U76: 1 | V76: =SUM(E76:U76) -> 66
V77: =SUM(E77:U77) -> 0
V78: =SUM(E78:U78) -> 0
A79: B | B79: JUMLAH SUARA SAH PARTAI POLITIK DAN CALON (A1 + A2) | E79: =SUM(E69:E76) -> 90 | F79: =SUM(F69:F76) -> 46 | G79: =SUM(G69:G76) -> 59 | H79: =SUM(H69:H76) -> 88 | I79: =SUM(I69:I76) -> 101 | J79: =SUM(J69:J76) -> 59 | K79: =SUM(K69:K76) -> 35 | L79: =SUM(L69:L76) -> 46 | ... U79: =SUM(U69:U76) -> 51 | V79: =SUM(E79:U79) -> 861
A81: A.1 | B81: 4. | C81: Partai Golongan Karya | E81: 5 | F81: 3 | G81: 4 | H81: 5 | I81: 2 | J81: 2 | K81: 1 | L81: 0 | M81: 3 | N81: 3 | O81: 6 | P81: 4 | Q81: 5 | R81: 6 | S81: 10 | T81: 12 | U81: 10 | V81: =SUM(E81:U81) -> 81
A82: A.2 | B82: 1 | C82: 1. ZULFIKAR ARSE SADIKIN, S.I.P., M.Si. | E82: 1 | F82: 2 | G82: 1 | H82: 3 | I82: 2 | J82: 3 | K82: 1 | L82: 4 | M82: 2 | N82: 30 | O82: 10 | P82: 4 | Q82: 29 | R82: 20 | S82: 5 | T82: 7 | U82: 7 | V82: =SUM(E82:U82) -> 131
B83: 2 | C83: 2. HANDOKO | E83: 4 | F83: 1 | G83: 2 | H83: 3 | I83: 2 | J83: 2 | K83: 1 | L83: 1 | M83: 3 | N83: 6 | O83: 3 | P83: 2 | Q83: 1 | R83: 1 | S83: 2 | T83: 7 | U83: 25 | V83: =SUM(E83:U83) -> 66
B84: 3 | C84: 3. Hj. OVI DEWI YANTI | E84: 0 | F84: 0 | G84: 0 | H84: 1 | I84: 1 | J84: 0 | K84: 1 | L84: 0 | M84: 1 | N84: 0 | O84: 1 | P84: 0 | Q84: 0 | R84: 0 | S84: 1 | T84: 2 | U84: 5 | V84: =SUM(E84:U84) -> 13
B85: 4 | C85: 4. Ir. AZAM AZMAN NATAWIJANA | E85: 0 | F85: 0 | G85: 0 | H85: 0 | I85: 3 | J85: 0 | K85: 0 | L85: 0 | M85: 9 | N85: 4 | O85: 0 | P85: 2 | Q85: 0 | R85: 0 | S85: 2 | T85: 3 | U85: 1 | V85: =SUM(E85:U85) -> 24
B86: 5 | C86: 5. UBAIDILLAH AMIN, S.Kom. | E86: 5 | F86: 1 | G86: 1 | H86: 0 | I86: 0 | J86: 0 | K86: 2 | L86: 0 | M86: 0 | N86: 0 | O86: 5 | P86: 0 | Q86: 2 | R86: 1 | S86: 0 | T86: 0 | U86: 3 | V86: =SUM(E86:U86) -> 20
B87: 6 | C87: 6. DENNY YUNIANDARI, S.H., M.Kn. | E87: 0 | F87: 0 | G87: 0 | H87: 0 | I87: 0 | J87: 0 | K87: 0 | L87: 0 | M87: 0 | N87: 0 | O87: 0 | P87: 0 | Q87: 1 | R87: 0 | S87: 0 | T87: 0 | U87: 1 | V87: =SUM(E87:U87) -> 2
B88: 7 | C88: 7. ERNADI, S.H.I. | E88: 0 | F88: 0 | G88: 0 | H88: 0 | I88: 0 | J88: 0 | K88: 0 | L88: 0 | M88: 0 | N88: 0 | O88: 0 | P88: 0 | Q88: 0 | R88: 0 | S88: 0 | T88: 0 | U88: 0 | V88: =SUM(E88:U88) -> 0
V89: =SUM(E89:U89) -> 0
V90: =SUM(E90:U90) -> 0
A91: B | B91: JUMLAH SUARA SAH PARTAI POLITIK DAN CALON (A1 + A2) | E91: =SUM(E81:E88) -> 15 | F91: =SUM(F81:F88) -> 7 | G91: =SUM(G81:G88) -> 8 | H91: =SUM(H81:H88) -> 12 | I91: =SUM(I81:I88) -> 10 | J91: =SUM(J81:J88) -> 7 | K91: =SUM(K81:K88) -> 6 | L91: =SUM(L81:L88) -> 5 | ... U91: =SUM(U81:U88) -> 52 | V91: =SUM(E91:U91) -> 337
A93: A.1 | B93: 5. | C93: Partai NasDem | E93: 3 | F93: 2 | G93: 2 | H93: 2 | I93: 3 | J93: 0 | K93: 1 | L93: 1 | M93: 4 | N93: 1 | O93: 4 | P93: 4 | Q93: 1 | R93: 0 | S93: 0 | T93: 3 | U93: 0 | V93: =SUM(E93:U93) -> 31
A94: A.2 | B94: 1 | C94: 1. ACH. FADIL MUZAKKI SYAH | E94: 0 | F94: 1 | G94: 0 | H94: 1 | I94: 1 | J94: 2 | K94: 3 | L94: 3 | M94: 7 | N94: 1 | O94: 1 | P94: 1 | Q94: 2 | R94: 0 | S94: 1 | T94: 4 | U94: 1 | V94: =SUM(E94:U94) -> 29
B95: 2 | C95: 2. BENY | E95: 0 | F95: 1 | G95: 2 | H95: 2 | I95: 2 | J95: 1 | K95: 5 | L95: 0 | M95: 0 | N95: 0 | O95: 0 | P95: 0 | Q95: 0 | R95: 2 | S95: 2 | T95: 1 | U95: 2 | V95: =SUM(E95:U95) -> 20
B96: 3 | C96: 3. VINA VERONIKA | E96: 0 | F96: 0 | G96: 0 | H96: 0 | I96: 0 | J96: 0 | K96: 0 | L96: 0 | M96: 0 | N96: 0 | O96: 0 | P96: 0 | Q96: 0 | R96: 0 | S96: 0 | T96: 0 | U96: 1 | V96: =SUM(E96:U96) -> 1
B97: 4 | C97: 4. TEDDY ANUGRIANTO | E97: 1 | F97: 0 | G97: 2 | H97: 0 | I97: 0 | J97: 0 | K97: 0 | L97: 0 | M97: 1 | N97: 0 | O97: 6 | P97: 3 | Q97: 0 | R97: 0 | S97: 0 | T97: 0 | U97: 0 | V97: =SUM(E97:U97) -> 13
B98: 5 | C98: 5. INSAN KAMIL | E98: 0 | F98: 0 | G98: 0 | H98: 0 | I98: 0 | J98: 0 | K98: 0 | L98: 0 | M98: 0 | N98: 0 | O98: 0 | P98: 0 | Q98: 1 | R98: 0 | S98: 0 | T98: 0 | U98: 0 | V98: =SUM(E98:U98) -> 1
B99: 6 | C99: 6. LILIK LINDARWATI | E99: 0 | F99: 0 | G99: 0 | H99: 0 | I99: 0 | J99: 0 | K99: 0 | L99: 0 | M99: 0 | N99: 0 | O99: 0 | P99: 1 | Q99: 0 | R99: 0 | S99: 0 | T99: 0 | U99: 0 | V99: =SUM(E99:U99) -> 1
B100: 7 | C100: 7. YULI ANITA | E100: 1 | F100: 0 | G100: 0 | H100: 0 | I100: 0 | J100: 0 | K100: 0 | L100: 0 | M100: 0 | N100: 0 | O100: 0 | P100: 0 | Q100: 0 | R100: 0 | S100: 0 | T100: 0 | U100: 0 | V100: =SUM(E100:U100) -> 1
V101: =SUM(E101:U101) -> 0
V102: =SUM(E102:U102) -> 0
A103: B | B103: JUMLAH SUARA SAH PARTAI POLITIK DAN CALON (A1 + A2) | E103: =SUM(E93:E100) -> 5 | F103: =SUM(F93:F100) -> 4 | G103: =SUM(G93:G100) -> 6 | H103: =SUM(H93:H100) -> 5 | I103: =SUM(I93:I100) -> 6 | J103: =SUM(J93:J100) -> 3 | K103: =SUM(K93:K100) -> 9 | L103: =SUM(L93:L100) -> 4 | ... U103: =SUM(U93:U100) -> 4 | V103: =SUM(E103:U103) -> 97
A105: A.1 | B105: 6. | C105: Partai Buruh | E105: 2 | F105: 0 | G105: 0 | H105: 0 | I105: 0 | J105: 0 | K105: 0 | L105: 1 | M105: 0 | N105: 0 | O105: 1 | P105: 0 | Q105: 0 | R105: 0 | S105: 0 | T105: 1 | U105: 0 | V105: =SUM(E105:U105) -> 5
A106: A.2 | B106: 1 | C106: 1. KHOIRUL ANAM | E106: 0 | F106: 0 | G106: 0 | H106: 0 | I106: 0 | J106: 0 | K106: 0 | L106: 0 | M106: 1 | N106: 0 | O106: 0 | P106: 0 | Q106: 0 | R106: 0 | S106: 0 | T106: 0 | U106: 0 | V106: =SUM(E106:U106) -> 1
B107: 2 | C107: 2. INA KURNIA | E107: 1 | F107: 0 | G107: 0 | H107: 1 | I107: 0 | J107: 0 | K107: 0 | L107: 0 | M107: 0 | N107: 1 | O107: 0 | P107: 0 | Q107: 0 | R107: 0 | S107: 0 | T107: 0 | U107: 0 | V107: =SUM(E107:U107) -> 3
B108: 3 | C108: 3. JIBRAL TAROUK | E108: 0 | F108: 0 | G108: 0 | H108: 0 | I108: 0 | J108: 0 | K108: 0 | L108: 0 | M108: 0 | N108: 0 | O108: 0 | P108: 0 | Q108: 0 | R108: 0 | S108: 0 | T108: 0 | U108: 0 | V108: =SUM(E108:U108) -> 0
B109: 4 | C109: 4. ASTUTI DAENG PUJI | E109: 0 | F109: 0 | G109: 0 | H109: 0 | I109: 0 | J109: 0 | K109: 1 | L109: 0 | M109: 0 | N109: 0 | O109: 0 | P109: 0 | Q109: 0 | R109: 0 | S109: 0 | T109: 0 | U109: 0 | V109: =SUM(E109:U109) -> 1
B110: 5 | C110: 5. ASDARMAWAN | E110: 0 | F110: 0 | G110: 0 | H110: 0 | I110: 0 | J110: 0 | K110: 0 | L110: 0 | M110: 0 | N110: 0 | O110: 0 | P110: 0 | Q110: 0 | R110: 0 | S110: 0 | T110: 0 | U110: 0 | V110: =SUM(E110:U110) -> 0
B111: 6 | C111: 6. RIFQI MUBAROK | E111: 0 | F111: 0 | G111: 0 | H111: 0 | I111: 0 | J111: 0 | K111: 0 | L111: 0 | M111: 0 | N111: 0 | O111: 0 | P111: 0 | Q111: 0 | R111: 0 | S111: 0 | T111: 0 | U111: 0 | V111: =SUM(E111:U111) -> 0
B112: 7 | C112: 7. FIRNANDA ALTA MEGA | E112: 0 | F112: 0 | G112: 0 | H112: 0 | I112: 0 | J112: 0 | K112: 0 | L112: 0 | M112: 0 | N112: 0 | O112: 0 | P112: 0 | Q112: 0 | R112: 0 | S112: 0 | T112: 0 | U112: 0 | V112: =SUM(E112:U112) -> 0
V113: =SUM(E113:U113) -> 0
V114: =SUM(E114:U114) -> 0
A115: B | B115: JUMLAH SUARA SAH PARTAI POLITIK DAN CALON (A1 + A2) | E115: =SUM(E105:E112) -> 3 | F115: =SUM(F105:F112) -> 0 | G115: =SUM(G105:G112) -> 0 | H115: =SUM(H105:H112) -> 1 | I115: =SUM(I105:I112) -> 0 | J115: =SUM(J105:J112) -> 0 | K115: =SUM(K105:K112) -> 1 | L115: =SUM(L105:L112) -> 1 | ... U115: =SUM(U105:U112) -> 0 | V115: =SUM(E115:U115) -> 10
A117: A.1 | B117: 7. | C117: Partai Gelombang Rakyat Indonesia | E117: 0 | F117: 0 | G117: 0 | H117: 1 | I117: 0 | J117: 1 | K117: 0 | L117: 1 | M117: 0 | N117: 0 | O117: 0 | P117: 0 | Q117: 0 | R117: 1 | S117: 1 | T117: 0 | U117: 0 | V117: =SUM(E117:U117) -> 5
...

Sheet GROGOL
C2: Kecamatan | D2: GIRI
C3: Kabupaten | D3: BANYUWANGI
C4: Provinsi | D4: JAWA TIMUR
C9: Kelurahan | D9: GROGOL
A12: I | B12: DATA PEMILIH DAN PENGGUNAAN HAK PILIH | V12: JUMLAH AKHIR
A13: A | B13: DATA PEMILIH | E13: TPS 001 | F13: TPS 002 | G13: TPS 003 | H13: TPS 004 | I13: TPS 005 | J13: TPS 006 | K13: TPS 007 | L13: TPS 008 | M13: TPS 009 | N13: TPS 010 | O13: TPS 011 | P13: TPS 012 | Q13: TPS 013 | R13: TPS 014 | S13: TPS 015 | T13: TPS 016 | U13: TPS 017
B14: Jumlah Pemilih dalam Daftar Pemilih Tetap (DPT) | D14: LK | E14: 139 | F14: 128 | G14: 99 | H14: 119 | I14: 112 | J14: 141 | K14: 133 | L14: 137 | M14: 126 | N14: 121 | O14: 109 | P14: 113 | Q14: 144 | R14: 122 | S14: 93 | T14: 96 | U14: 116 | V14: =SUM(E14:U14) -> 2048
D15: PR | E15: 146 | F15: 135 | G15: 104 | H15: 131 | I15: 104 | J15: 148 | K15: 146 | L15: 151 | M15: 144 | N15: 123 | O15: 119 | P15: 114 | Q15: 132 | R15: 128 | S15: 108 | T15: 102 | U15: 103 | V15: =SUM(E15:U15) -> 2138
D16: JML | E16: =SUM(E14:E15) -> 285 | F16: =SUM(F14:F15) -> 263 | G16: =SUM(G14:G15) -> 203 | H16: =SUM(H14:H15) -> 250 | I16: =SUM(I14:I15) -> 216 | J16: =SUM(J14:J15) -> 289 | K16: =SUM(K14:K15) -> 279 | L16: =SUM(L14:L15) -> 288 | ... U16: =SUM(U14:U15) -> 219 | V16: =SUM(E16:U16) -> 4186
A18: B | B18: PENGGUNA HAK PILIH
B19: 1. | C19: Jumlah pengguna hak pilih dalam Daftar Pemilih Tetap (DPT) | D19: LK | E19: 113 | F19: 109 | G19: 76 | H19: 89 | I19: 99 | J19: 106 | K19: 94 | L19: 105 | M19: 99 | N19: 90 | O19: 88 | P19: 96 | Q19: 120 | R19: 95 | S19: 75 | T19: 80 | U19: 87 | V19: =SUM(E19:U19) -> 1621
D20: PR | E20: 117 | F20: 113 | G20: 83 | H20: 110 | I20: 96 | J20: 117 | K20: 127 | L20: 127 | M20: 122 | N20: 102 | O20: 99 | P20: 102 | Q20: 109 | R20: 109 | S20: 94 | T20: 85 | U20: 79 | V20: =SUM(E20:U20) -> 1791
D21: JML | E21: =SUM(E19:E20) -> 230 | F21: =SUM(F19:F20) -> 222 | G21: =SUM(G19:G20) -> 159 | H21: =SUM(H19:H20) -> 199 | I21: =SUM(I19:I20) -> 195 | J21: =SUM(J19:J20) -> 223 | K21: =SUM(K19:K20) -> 221 | L21: =SUM(L19:L20) -> 232 | ... U21: =SUM(U19:U20) -> 166 | V21: =SUM(E21:U21) -> 3412
B22: 2. | C22: Jumlah pengguna hak pilih dalam Daftar Pemilih Tambahan (DPTb) | D22: LK | E22: 1 | F22: 0 | G22: 0 | H22: 0 | I22: 0 | J22: 0 | K22: 0 | L22: 0 | M22: 0 | N22: 0 | O22: 0 | P22: 0 | Q22: 1 | R22: 0 | S22: 0 | V22: =SUM(E22:U22) -> 2
D23: PR | E23: 1 | F23: 0 | G23: 0 | H23: 0 | I23: 0 | J23: 0 | K23: 0 | L23: 0 | M23: 0 | N23: 0 | O23: 1 | P23: 0 | Q23: 1 | R23: 0 | S23: 0 | V23: =SUM(E23:U23) -> 3
D24: JML | E24: =SUM(E22:E23) -> 2 | F24: =SUM(F22:F23) -> 0 | G24: =SUM(G22:G23) -> 0 | H24: =SUM(H22:H23) -> 0 | I24: =SUM(I22:I23) -> 0 | J24: =SUM(J22:J23) -> 0 | K24: =SUM(K22:K23) -> 0 | L24: =SUM(L22:L23) -> 0 | ... U24: =SUM(U22:U23) -> 0 | V24: =SUM(E24:U24) -> 5
B25: 3. | C25: Jumlah pengguna hak pilih dalam Daftar Pemilih Khusus (DPK) | D25: LK | E25: 0 | F25: 0 | G25: 0 | H25: 1 | I25: 1 | J25: 0 | K25: 0 | L25: 0 | M25: 0 | N25: 0 | O25: 0 | P25: 0 | Q25: 1 | R25: 0 | S25: 0 | V25: =SUM(E25:U25) -> 3
D26: PR | E26: 1 | F26: 1 | G26: 0 | H26: 1 | I26: 1 | J26: 0 | K26: 0 | L26: 0 | M26: 1 | N26: 3 | O26: 1 | P26: 2 | Q26: 0 | R26: 0 | S26: 1 | T26: 2 | V26: =SUM(E26:U26) -> 14
D27: JML | E27: =SUM(E25:E26) -> 1 | F27: =SUM(F25:F26) -> 1 | G27: =SUM(G25:G26) -> 0 | H27: =SUM(H25:H26) -> 2 | I27: =SUM(I25:I26) -> 2 | J27: =SUM(J25:J26) -> 0 | K27: =SUM(K25:K26) -> 0 | L27: =SUM(L25:L26) -> 0 | ... U27: =SUM(U25:U26) -> 0 | V27: =SUM(E27:U27) -> 17
B28: 4. | C28: Jumlah Pengguna Hak Pilih (B.1+B.2+B.3) | D28: LK | E28: =SUM(E19,E22,E25) -> 114 | F28: =SUM(F19,F22,F25) -> 109 | G28: =SUM(G19,G22,G25) -> 76 | H28: =SUM(H19,H22,H25) -> 90 | I28: =SUM(I19,I22,I25) -> 100 | J28: =SUM(J19,J22,J25) -> 106 | K28: =SUM(K19,K22,K25) -> 94 | L28: =SUM(L19,L22,L25) -> 105 | ... U28: =SUM(U19,U22,U25) -> 87 | V28: =SUM(E28:U28) -> 1626
D29: PR | E29: =SUM(E20,E23,E26) -> 119 | F29: =SUM(F20,F23,F26) -> 114 | G29: =SUM(G20,G23,G26) -> 83 | H29: =SUM(H20,H23,H26) -> 111 | I29: =SUM(I20,I23,I26) -> 97 | J29: =SUM(J20,J23,J26) -> 117 | K29: =SUM(K20,K23,K26) -> 127 | L29: =SUM(L20,L23,L26) -> 127 | ... U29: =SUM(U20,U23,U26) -> 79 | V29: =SUM(E29:U29) -> 1808
D30: JML | E30: =SUM(E28:E29) -> 233 | F30: =SUM(F28:F29) -> 223 | G30: =SUM(G28:G29) -> 159 | H30: =SUM(H28:H29) -> 201 | I30: =SUM(I28:I29) -> 197 | J30: =SUM(J28:J29) -> 223 | K30: =SUM(K28:K29) -> 221 | L30: =SUM(L28:L29) -> 232 | ... U30: =SUM(U28:U29) -> 166 | V30: =SUM(E30:U30) -> 3434
A32: II | B32: DATA PENGGUNAAN SURAT SUARA
A33: 1 | B33: Jumlah surat suara yang diterima, termasuk surat suara cadangan 2,5% dari DPT | E33: 289 | F33: 267 | G33: 206 | H33: 253 | I33: 219 | J33: 292 | K33: 283 | L33: 292 | M33: 274 | N33: 248 | O33: 240 | P33: 231 | Q33: 280 | R33: 253 | S33: 204 | T33: 200 | U33: 222 | V33: =SUM(E33:U33) -> 4253
A34: 2 | B34: Jumlah surat suara yang digunakan | E34: 233 | F34: 223 | G34: 159 | H34: 201 | I34: 197 | J34: 223 | K34: 221 | L34: 232 | M34: 222 | N34: 195 | O34: 189 | P34: 200 | Q34: 232 | R34: 204 | S34: 170 | T34: 167 | U34: 166 | V34: =SUM(E34:U34) -> 3434
A35: 3 | B35: Jumlah surat suara dikembalikan oleh pemilih (karena rusak atau keliru coblos) | E35: 0 | F35: 0 | G35: 0 | H35: 0 | I35: 1 | J35: 0 | K35: 0 | L35: 1 | M35: 0 | N35: 0 | O35: 1 | P35: 0 | Q35: 0 | R35: 0 | S35: 0 | V35: =SUM(E35:U35) -> 3
A36: 4 | B36: Jumlah surat suara yang tidak digunakan/tidak terpakai, termasuk sisa surat suara cadangan | E36: =E33-(E34+E35) -> 56 | F36: =F33-(F34+F35) -> 44 | G36: =G33-(G34+G35) -> 47 | H36: =H33-(H34+H35) -> 52 | I36: =I33-(I34+I35) -> 21 | J36: =J33-(J34+J35) -> 69 | K36: =K33-(K34+K35) -> 62 | L36: =L33-(L34+L35) -> 59 | ... U36: =U33-(U34+U35) -> 56 | V36: =SUM(E36:U36) -> 816
A38: III | B38: DATA PEMILIH DISABILITAS
B39: Jumlah seluruh Pemilih disabilitas yang menggunakan hak pilih | D39: LK | I39: 3 | V39: =SUM(E39:U39) -> 3
D40: PR | I40: 1 | V40: =SUM(E40:U40) -> 1
D41: JML | E41: =SUM(E39:E40) -> 0 | F41: =SUM(F39:F40) -> 0 | G41: =SUM(G39:G40) -> 0 | H41: =SUM(H39:H40) -> 0 | I41: =SUM(I39:I40) -> 4 | J41: =SUM(J39:J40) -> 0 | K41: =SUM(K39:K40) -> 0 | L41: =SUM(L39:L40) -> 0 | ... U41: =SUM(U39:U40) -> 0 | V41: =SUM(E41:U41) -> 4
A43: IV | B43: DATA RINCIAN PEROLEHAN SUARA PASANGAN CALON BUPATI DAN WAKIL BUPATI
A44: NOMOR DAN NAMA CALON
A45: A.1 | B45: 1. | C45: Partai Kebangkitan Bangsa | E45: 6 | F45: 6 | G45: 12 | H45: 13 | I45: 26 | J45: 19 | K45: 23 | L45: 14 | M45: 15 | N45: 18 | O45: 17 | P45: 19 | Q45: 22 | R45: 15 | S45: 12 | T45: 12 | U45: 8 | V45: =SUM(E45:U45) -> 257
A46: A.2 | B46: 1 | C46: 1. Dr. Hj. NIHAYATUL WAFIROH, M.A. | E46: 49 | F46: 33 | G46: 30 | H46: 45 | I46: 66 | J46: 72 | K46: 83 | L46: 80 | M46: 47 | N46: 39 | O46: 83 | P46: 84 | Q46: 61 | R46: 27 | S46: 28 | T46: 47 | U46: 38 | V46: =SUM(E46:U46) -> 912
B47: 2 | C47: 2. H. M. NASIM KHAN | E47: 3 | F47: 4 | G47: 1 | H47: 1 | I47: 3 | J47: 2 | K47: 1 | L47: 0 | M47: 3 | N47: 1 | O47: 2 | P47: 0 | Q47: 4 | R47: 1 | S47: 2 | T47: 1 | U47: 2 | V47: =SUM(E47:U47) -> 31
B48: 3 | C48: 3. Dr. H. AKIK ZAMAN, M.Pd.I. | E48: 1 | F48: 1 | G48: 0 | H48: 1 | I48: 1 | J48: 1 | K48: 0 | L48: 0 | M48: 2 | N48: 0 | O48: 0 | P48: 0 | Q48: 1 | R48: 1 | S48: 0 | T48: 0 | U48: 0 | V48: =SUM(E48:U48) -> 9
B49: 4 | C49: 4. AHMAD RIFA'I, S.H. | E49: 0 | F49: 0 | G49: 0 | H49: 1 | I49: 1 | J49: 0 | K49: 0 | L49: 0 | M49: 0 | N49: 0 | O49: 0 | P49: 0 | Q49: 0 | R49: 0 | S49: 0 | T49: 0 | U49: 0 | V49: =SUM(E49:U49) -> 2
B50: 5 | C50: 5. Drs. H. MAHFUD M.N. | E50: 0 | F50: 0 | G50: 0 | H50: 1 | I50: 0 | J50: 1 | K50: 1 | L50: 0 | M50: 0 | N50: 0 | O50: 0 | P50: 0 | Q50: 0 | R50: 0 | S50: 1 | T50: 0 | U50: 0 | V50: =SUM(E50:U50) -> 4
B51: 6 | C51: 6. NURHAYATI, S.Pd. | E51: 0 | F51: 0 | G51: 0 | H51: 0 | I51: 0 | J51: 0 | K51: 0 | L51: 0 | M51: 0 | N51: 0 | O51: 0 | P51: 0 | Q51: 0 | R51: 1 | S51: 0 | T51: 0 | U51: 0 | V51: =SUM(E51:U51) -> 1
B52: 7 | C52: 7. MAFTUHA KISWAH | E52: 0 | F52: 0 | G52: 0 | H52: 2 | I52: 0 | J52: 0 | K52: 1 | L52: 0 | M52: 0 | N52: 0 | O52: 0 | P52: 0 | Q52: 0 | R52: 0 | S52: 1 | T52: 0 | U52: 0 | V52: =SUM(E52:U52) -> 4
V53: =SUM(E53:U53) -> 0
V54: =SUM(E54:U54) -> 0
A55: B | B55: JUMLAH SUARA SAH PARTAI POLITIK DAN CALON (A1 + A2) | E55: =SUM(E45:E52) -> 59 | F55: =SUM(F45:F52) -> 44 | G55: =SUM(G45:G52) -> 43 | H55: =SUM(H45:H52) -> 64 | I55: =SUM(I45:I52) -> 97 | J55: =SUM(J45:J52) -> 95 | K55: =SUM(K45:K52) -> 109 | L55: =SUM(L45:L52) -> 94 | ... U55: =SUM(U45:U52) -> 48 | V55: =SUM(E55:U55) -> 1220
A57: A.1 | B57: 2. | C57: Partai Gerakan Indonesia Raya | E57: 10 | F57: 7 | G57: 10 | H57: 14 | I57: 7 | J57: 11 | K57: 11 | L57: 5 | M57: 4 | N57: 8 | O57: 3 | P57: 9 | Q57: 15 | R57: 9 | S57: 4 | T57: 5 | U57: 10 | V57: =SUM(E57:U57) -> 142
A58: A.2 | B58: 1 | C58: 1. SUMAIL ABDULLAH | E58: 10 | F58: 9 | G58: 4 | H58: 5 | I58: 7 | J58: 8 | K58: 8 | L58: 11 | M58: 9 | N58: 6 | O58: 6 | P58: 4 | Q58: 14 | R58: 18 | S58: 30 | T58: 19 | U58: 8 | V58: =SUM(E58:U58) -> 176
B59: 2 | C59: 2. MUHAMMAD ALI ADRIAN SALEH | E59: 2 | F59: 1 | G59: 2 | H59: 3 | I59: 0 | J59: 6 | K59: 1 | L59: 2 | M59: 1 | N59: 1 | O59: 2 | P59: 5 | Q59: 1 | R59: 8 | S59: 3 | T59: 0 | U59: 2 | V59: =SUM(E59:U59) -> 40
B60: 3 | C60: 3. DURROTUN NAFISAH | E60: 3 | F60: 0 | G60: 0 | H60: 1 | I60: 0 | J60: 3 | K60: 0 | L60: 1 | M60: 0 | N60: 0 | O60: 0 | P60: 1 | Q60: 5 | R60: 1 | S60: 0 | T60: 0 | U60: 0 | V60: =SUM(E60:U60) -> 15
B61: 4 | C61: 4. H. EKO SUSILO NURHIDAYAT | E61: 0 | F61: 0 | G61: 0 | H61: 0 | I61: 0 | J61: 2 | K61: 1 | L61: 5 | M61: 0 | N61: 1 | O61: 0 | P61: 0 | Q61: 2 | R61: 0 | S61: 0 | T61: 0 | U61: 1 | V61: =SUM(E61:U61) -> 12
B62: 5 | C62: 5. KARNADI HARIJANTO, S.S. | E62: 0 | F62: 0 | G62: 0 | H62: 0 | I62: 0 | J62: 0 | K62: 0 | L62: 0 | M62: 0 | N62: 0 | O62: 1 | P62: 0 | Q62: 0 | R62: 0 | S62: 0 | T62: 0 | U62: 0 | V62: =SUM(E62:U62) -> 1
B63: 6 | C63: 6. NURHAYATI | E63: 1 | F63: 0 | G63: 1 | H63: 0 | I63: 0 | J63: 1 | K63: 1 | L63: 1 | M63: 0 | N63: 0 | O63: 0 | P63: 0 | Q63: 5 | R63: 5 | S63: 0 | T63: 0 | U63: 0 | V63: =SUM(E63:U63) -> 15
B64: 7 | C64: 7. MASHUDI | E64: 0 | F64: 0 | G64: 1 | H64: 0 | I64: 0 | J64: 2 | K64: 0 | L64: 0 | M64: 0 | N64: 0 | O64: 0 | P64: 0 | Q64: 0 | R64: 0 | S64: 0 | T64: 0 | U64: 0 | V64: =SUM(E64:U64) -> 3
V65: =SUM(E65:U65) -> 0
V66: =SUM(E66:U66) -> 0
A67: B | B67: JUMLAH SUARA SAH PARTAI POLITIK DAN CALON (A1 + A2) | E67: =SUM(E57:E64) -> 26 | F67: =SUM(F57:F64) -> 17 | G67: =SUM(G57:G64) -> 18 | H67: =SUM(H57:H64) -> 23 | I67: =SUM(I57:I64) -> 14 | J67: =SUM(J57:J64) -> 33 | K67: =SUM(K57:K64) -> 22 | L67: =SUM(L57:L64) -> 25 | ... U67: =SUM(U57:U64) -> 21 | V67: =SUM(E67:U67) -> 404
A69: A.1 | B69: 3. | C69: Partai Demokrasi Indonesia Perjuangan | E69: 21 | F69: 18 | G69: 10 | H69: 9 | I69: 7 | J69: 5 | K69: 3 | L69: 10 | M69: 4 | N69: 4 | O69: 2 | P69: 2 | Q69: 5 | R69: 6 | S69: 1 | T69: 3 | U69: 3 | V69: =SUM(E69:U69) -> 113
A70: A.2 | B70: 1 | C70: 1. SONNY TRI DANAPARAMITA, S.H., M.H. | E70: 9 | F70: 38 | G70: 6 | H70: 5 | I70: 29 | J70: 6 | K70: 5 | L70: 2 | M70: 5 | N70: 1 | O70: 1 | P70: 4 | Q70: 3 | R70: 1 | S70: 1 | T70: 3 | U70: 54 | V70: =SUM(E70:U70) -> 173
B71: 2 | C71: 2. H. MOHAMAD GUNTUR ROMLI | E71: 4 | F71: 4 | G71: 1 | H71: 4 | I71: 0 | J71: 3 | K71: 20 | L71: 6 | M71: 27 | N71: 14 | O71: 5 | P71: 7 | Q71: 6 | R71: 1 | S71: 0 | T71: 1 | U71: 3 | V71: =SUM(E71:U71) -> 106
B72: 3 | C72: 3. INA AMMANIA | E72: 52 | F72: 52 | G72: 13 | H72: 26 | I72: 0 | J72: 4 | K72: 0 | L72: 1 | M72: 2 | N72: 1 | O72: 0 | P72: 1 | Q72: 0 | R72: 1 | S72: 1 | T72: 0 | U72: 1 | V72: =SUM(E72:U72) -> 155
B73: 4 | C73: 4. IRWAN BACHTIAR RACHMAT, M.Si. | E73: 2 | F73: 1 | G73: 2 | H73: 1 | I73: 0 | J73: 1 | K73: 0 | L73: 8 | M73: 3 | N73: 0 | O73: 1 | P73: 0 | Q73: 0 | R73: 0 | S73: 0 | T73: 0 | U73: 0 | V73: =SUM(E73:U73) -> 19
B74: 5 | C74: 5. LUCKY PERDANA | E74: 3 | F74: 5 | G74: 4 | H74: 9 | I74: 3 | J74: 11 | K74: 0 | L74: 12 | M74: 2 | N74: 5 | O74: 4 | P74: 4 | Q74: 3 | R74: 1 | S74: 1 | T74: 1 | U74: 6 | V74: =SUM(E74:U74) -> 74
B75: 6 | C75: 6. WIWIK PUJIYATI | E75: 0 | F75: 0 | G75: 3 | H75: 2 | I75: 2 | J75: 1 | K75: 0 | L75: 1 | M75: 0 | N75: 1 | O75: 1 | P75: 1 | Q75: 1 | R75: 0 | S75: 0 | T75: 0 | U75: 0 | V75: =SUM(E75:U75) -> 13
B76: 7 | C76: 7. CHANDRA ASTAN, S.T. | E76: 2 | F76: 1 | G76: 3 | H76: 2 | I76: 2 | J76: 2 | K76: 2 | L76: 1 | M76: 2 | N76: 2 | O76: 1 | P76: 4 | Q76: 3 | R76: 0 | S76: 1 | T76: 0 | U76: 2 | V76: =SUM(E76:U76) -> 30
V77: =SUM(E77:U77) -> 0
V78: =SUM(E78:U78) -> 0
A79: B | B79: JUMLAH SUARA SAH PARTAI POLITIK DAN CALON (A1 + A2) | E79: =SUM(E69:E76) -> 93 | F79: =SUM(F69:F76) -> 119 | G79: =SUM(G69:G76) -> 42 | H79: =SUM(H69:H76) -> 58 | I79: =SUM(I69:I76) -> 43 | J79: =SUM(J69:J76) -> 33 | K79: =SUM(K69:K76) -> 30 | L79: =SUM(L69:L76) -> 41 | ... U79: =SUM(U69:U76) -> 69 | V79: =SUM(E79:U79) -> 683
A81: A.1 | B81: 4. | C81: Partai Golongan Karya | E81: 3 | F81: 2 | G81: 0 | H81: 7 | I81: 6 | J81: 2 | K81: 5 | L81: 0 | M81: 2 | N81: 7 | O81: 2 | P81: 1 | Q81: 2 | R81: 14 | S81: 6 | T81: 15 | U81: 0 | V81: =SUM(E81:U81) -> 74
A82: A.2 | B82: 1 | C82: 1. ZULFIKAR ARSE SADIKIN, S.I.P., M.Si. | E82: 2 | F82: 1 | G82: 3 | H82: 1 | I82: 4 | J82: 2 | K82: 7 | L82: 3 | M82: 5 | N82: 35 | O82: 4 | P82: 3 | Q82: 2 | R82: 38 | S82: 34 | T82: 23 | U82: 0 | V82: =SUM(E82:U82) -> 167
B83: 2 | C83: 2. HANDOKO | E83: 3 | F83: 1 | G83: 0 | H83: 0 | I83: 2 | J83: 1 | K83: 3 | L83: 1 | M83: 1 | N83: 0 | O83: 2 | P83: 3 | Q83: 1 | R83: 1 | S83: 1 | T83: 0 | U83: 1 | V83: =SUM(E83:U83) -> 21
B84: 3 | C84: 3. Hj. OVI DEWI YANTI | E84: 0 | F84: 1 | G84: 0 | H84: 0 | I84: 0 | J84: 0 | K84: 1 | L84: 1 | M84: 0 | N84: 0 | O84: 0 | P84: 0 | Q84: 1 | R84: 3 | S84: 2 | T84: 1 | U84: 0 | V84: =SUM(E84:U84) -> 10
B85: 4 | C85: 4. Ir. AZAM AZMAN NATAWIJANA | E85: 0 | F85: 0 | G85: 0 | H85: 0 | I85: 1 | J85: 0 | K85: 0 | L85: 1 | M85: 2 | N85: 1 | O85: 2 | P85: 0 | Q85: 0 | R85: 1 | S85: 0 | T85: 1 | U85: 0 | V85: =SUM(E85:U85) -> 9
B86: 5 | C86: 5. UBAIDILLAH AMIN, S.Kom. | E86: 0 | F86: 0 | G86: 0 | H86: 0 | I86: 0 | J86: 1 | K86: 2 | L86: 0 | M86: 2 | N86: 0 | O86: 1 | P86: 0 | Q86: 0 | R86: 0 | S86: 2 | T86: 1 | U86: 0 | V86: =SUM(E86:U86) -> 9
B87: 6 | C87: 6. DENNY YUNIANDARI, S.H., M.Kn. | E87: 1 | F87: 0 | G87: 0 | H87: 0 | I87: 0 | J87: 0 | K87: 0 | L87: 0 | M87: 0 | N87: 0 | O87: 0 | P87: 0 | Q87: 0 | R87: 0 | S87: 0 | T87: 0 | U87: 0 | V87: =SUM(E87:U87) -> 1
B88: 7 | C88: 7. ERNADI, S.H.I. | E88: 0 | F88: 0 | G88: 0 | H88: 0 | I88: 0 | J88: 0 | K88: 1 | L88: 1 | M88: 1 | N88: 0 | O88: 0 | P88: 0 | Q88: 0 | R88: 0 | S88: 0 | T88: 0 | U88: 0 | V88: =SUM(E88:U88) -> 3
V89: =SUM(E89:U89) -> 0
V90: =SUM(E90:U90) -> 0
A91: B | B91: JUMLAH SUARA SAH PARTAI POLITIK DAN CALON (A1 + A2) | E91: =SUM(E81:E88) -> 9 | F91: =SUM(F81:F88) -> 5 | G91: =SUM(G81:G88) -> 3 | H91: =SUM(H81:H88) -> 8 | I91: =SUM(I81:I88) -> 13 | J91: =SUM(J81:J88) -> 6 | K91: =SUM(K81:K88) -> 19 | L91: =SUM(L81:L88) -> 7 | ... U91: =SUM(U81:U88) -> 1 | V91: =SUM(E91:U91) -> 294
A93: A.1 | B93: 5. | C93: Partai NasDem | E93: 0 | F93: 2 | G93: 0 | H93: 1 | I93: 1 | J93: 1 | K93: 0 | L93: 4 | M93: 4 | N93: 1 | O93: 1 | P93: 2 | Q93: 0 | R93: 0 | S93: 1 | T93: 1 | U93: 0 | V93: =SUM(E93:U93) -> 19
A94: A.2 | B94: 1 | C94: 1. ACH. FADIL MUZAKKI SYAH | E94: 1 | F94: 1 | G94: 1 | H94: 0 | I94: 2 | J94: 3 | K94: 2 | L94: 6 | M94: 19 | N94: 5 | O94: 17 | P94: 8 | Q94: 5 | R94: 10 | S94: 3 | T94: 1 | U94: 2 | V94: =SUM(E94:U94) -> 86
B95: 2 | C95: 2. BENY | E95: 0 | F95: 0 | G95: 0 | H95: 1 | I95: 0 | J95: 0 | K95: 0 | L95: 0 | M95: 0 | N95: 1 | O95: 0 | P95: 0 | Q95: 2 | R95: 1 | S95: 0 | T95: 0 | U95: 0 | V95: =SUM(E95:U95) -> 5
B96: 3 | C96: 3. VINA VERONIKA | E96: 0 | F96: 1 | G96: 0 | H96: 0 | I96: 0 | J96: 0 | K96: 0 | L96: 0 | M96: 1 | N96: 1 | O96: 0 | P96: 0 | Q96: 1 | R96: 0 | S96: 0 | T96: 0 | U96: 0 | V96: =SUM(E96:U96) -> 4
B97: 4 | C97: 4. TEDDY ANUGRIANTO | E97: 0 | F97: 0 | G97: 0 | H97: 0 | I97: 0 | J97: 0 | K97: 0 | L97: 1 | M97: 1 | N97: 0 | O97: 0 | P97: 0 | Q97: 0 | R97: 1 | S97: 0 | T97: 0 | U97: 0 | V97: =SUM(E97:U97) -> 3
B98: 5 | C98: 5. INSAN KAMIL | E98: 0 | F98: 0 | G98: 0 | H98: 1 | I98: 0 | J98: 0 | K98: 1 | L98: 1 | M98: 0 | N98: 0 | O98: 1 | P98: 0 | Q98: 0 | R98: 0 | S98: 0 | T98: 0 | U98: 0 | V98: =SUM(E98:U98) -> 4
B99: 6 | C99: 6. LILIK LINDARWATI | E99: 1 | F99: 0 | G99: 0 | H99: 0 | I99: 1 | J99: 0 | K99: 0 | L99: 0 | M99: 0 | N99: 0 | O99: 0 | P99: 0 | Q99: 1 | R99: 0 | S99: 2 | T99: 4 | U99: 0 | V99: =SUM(E99:U99) -> 9
B100: 7 | C100: 7. YULI ANITA | E100: 0 | F100: 0 | G100: 2 | H100: 0 | I100: 0 | J100: 0 | K100: 0 | L100: 0 | M100: 0 | N100: 0 | O100: 0 | P100: 0 | Q100: 0 | R100: 0 | S100: 0 | T100: 0 | U100: 0 | V100: =SUM(E100:U100) -> 2
V101: =SUM(E101:U101) -> 0
V102: =SUM(E102:U102) -> 0
A103: B | B103: JUMLAH SUARA SAH PARTAI POLITIK DAN CALON (A1 + A2) | E103: =SUM(E93:E100) -> 2 | F103: =SUM(F93:F100) -> 4 | G103: =SUM(G93:G100) -> 3 | H103: =SUM(H93:H100) -> 3 | I103: =SUM(I93:I100) -> 4 | J103: =SUM(J93:J100) -> 4 | K103: =SUM(K93:K100) -> 3 | L103: =SUM(L93:L100) -> 12 | ... U103: =SUM(U93:U100) -> 2 | V103: =SUM(E103:U103) -> 132
A105: A.1 | B105: 6. | C105: Partai Buruh | E105: 0 | F105: 0 | G105: 0 | H105: 1 | I105: 0 | J105: 0 | K105: 2 | L105: 3 | M105: 3 | N105: 0 | O105: 0 | P105: 1 | Q105: 3 | R105: 1 | S105: 0 | T105: 1 | U105: 1 | V105: =SUM(E105:U105) -> 16
A106: A.2 | B106: 1 | C106: 1. KHOIRUL ANAM | E106: 0 | F106: 0 | G106: 0 | H106: 0 | I106: 0 | J106: 1 | K106: 0 | L106: 0 | M106: 0 | N106: 3 | O106: 0 | P106: 0 | Q106: 0 | R106: 0 | S106: 0 | T106: 0 | U106: 0 | V106: =SUM(E106:U106) -> 4
B107: 2 | C107: 2. INA KURNIA | E107: 0 | F107: 0 | G107: 0 | H107: 0 | I107: 0 | J107: 0 | K107: 1 | L107: 0 | M107: 0 | N107: 0 | O107: 0 | P107: 0 | Q107: 0 | R107: 0 | S107: 0 | T107: 0 | U107: 0 | V107: =SUM(E107:U107) -> 1
B108: 3 | C108: 3. JIBRAL TAROUK | E108: 0 | F108: 0 | G108: 0 | H108: 0 | I108: 0 | J108: 0 | K108: 0 | L108: 0 | M108: 0 | N108: 0 | O108: 0 | P108: 0 | Q108: 1 | R108: 0 | S108: 0 | T108: 0 | U108: 0 | V108: =SUM(E108:U108) -> 1
B109: 4 | C109: 4. ASTUTI DAENG PUJI | E109: 0 | F109: 0 | G109: 0 | H109: 0 | I109: 1 | J109: 0 | K109: 0 | L109: 0 | M109: 1 | N109: 0 | O109: 0 | P109: 0 | Q109: 0 | R109: 0 | S109: 0 | T109: 0 | U109: 0 | V109: =SUM(E109:U109) -> 2
B110: 5 | C110: 5. ASDARMAWAN | E110: 0 | F110: 0 | G110: 0 | H110: 0 | I110: 0 | J110: 0 | K110: 0 | L110: 0 | M110: 0 | N110: 0 | O110: 0 | P110: 0 | Q110: 0 | R110: 0 | S110: 0 | T110: 0 | U110: 0 | V110: =SUM(E110:U110) -> 0
B111: 6 | C111: 6. RIFQI MUBAROK | E111: 0 | F111: 0 | G111: 0 | H111: 0 | I111: 0 | J111: 0 | K111: 0 | L111: 1 | M111: 0 | N111: 0 | O111: 0 | P111: 0 | Q111: 0 | R111: 0 | S111: 0 | T111: 0 | U111: 0 | V111: =SUM(E111:U111) -> 1
B112: 7 | C112: 7. FIRNANDA ALTA MEGA | E112: 0 | F112: 0 | G112: 0 | H112: 0 | I112: 0 | J112: 0 | K112: 0 | L112: 0 | M112: 0 | N112: 0 | O112: 0 | P112: 0 | Q112: 0 | R112: 0 | S112: 0 | T112: 0 | U112: 0 | V112: =SUM(E112:U112) -> 0
V113: =SUM(E113:U113) -> 0
V114: =SUM(E114:U114) -> 0
A115: B | B115: JUMLAH SUARA SAH PARTAI POLITIK DAN CALON (A1 + A2) | E115: =SUM(E105:E112) -> 0 | F115: =SUM(F105:F112) -> 0 | G115: =SUM(G105:G112) -> 0 | H115: =SUM(H105:H112) -> 1 | I115: =SUM(I105:I112) -> 1 | J115: =SUM(J105:J112) -> 1 | K115: =SUM(K105:K112) -> 3 | L115: =SUM(L105:L112) -> 4 | ... U115: =SUM(U105:U112) -> 1 | V115: =SUM(E115:U115) -> 25
A117: A.1 | B117: 7. | C117: Partai Gelombang Rakyat Indonesia | E117: 1 | F117: 0 | G117: 0 | H117: 1 | I117: 0 | J117: 0 | K117: 0 | L117: 2 | M117: 0 | N117: 0 | O117: 0 | P117: 0 | Q117: 2 | R117: 0 | S117: 1 | T117: 0 | U117: 0 | V117: =SUM(E117:U117) -> 7
...

Sheet JAMBESARI
C2: Kecamatan | D2: GIRI
C3: Kabupaten | D3: BANYUWANGI
C4: Provinsi | D4: JAWA TIMUR
C9: Kelurahan | D9: JAMBESARI
A12: I | B12: DATA PEMILIH DAN PENGGUNAAN HAK PILIH | O12: JUMLAH AKHIR
A13: A | B13: DATA PEMILIH | E13: TPS 001 | F13: TPS 002 | G13: TPS 003 | H13: TPS 004 | I13: TPS 005 | J13: TPS 006 | K13: TPS 007 | L13: TPS 008 | M13: TPS 009 | N13: TPS 010
B14: Jumlah Pemilih dalam Daftar Pemilih Tetap (DPT) | D14: LK | E14: 151 | F14: 137 | G14: 145 | H14: 145 | I14: 147 | J14: 141 | K14: 124 | L14: 133 | M14: 123 | N14: 90 | O14: =SUM(E14:N14) -> 1336
D15: PR | E15: 144 | F15: 156 | G15: 151 | H15: 150 | I15: 145 | J15: 145 | K15: 136 | L15: 127 | M15: 125 | N15: 96 | O15: =SUM(E15:N15) -> 1375
D16: JML | E16: =SUM(E14:E15) -> 295 | F16: =SUM(F14:F15) -> 293 | G16: =SUM(G14:G15) -> 296 | H16: =SUM(H14:H15) -> 295 | I16: =SUM(I14:I15) -> 292 | J16: =SUM(J14:J15) -> 286 | K16: =SUM(K14:K15) -> 260 | L16: =SUM(L14:L15) -> 260 | ... N16: =SUM(N14:N15) -> 186 | O16: =SUM(E16:N16) -> 2711
A18: B | B18: PENGGUNA HAK PILIH
B19: 1. | C19: Jumlah pengguna hak pilih dalam Daftar Pemilih Tetap (DPT) | D19: LK | E19: 122 | F19: 119 | G19: 129 | H19: 118 | I19: 122 | J19: 114 | K19: 103 | L19: 114 | M19: 101 | N19: 76 | O19: =SUM(E19:N19) -> 1118
D20: PR | E20: 126 | F20: 131 | G20: 138 | H20: 134 | I20: 117 | J20: 128 | K20: 118 | L20: 115 | M20: 110 | N20: 86 | O20: =SUM(E20:N20) -> 1203
D21: JML | E21: =SUM(E19:E20) -> 248 | F21: =SUM(F19:F20) -> 250 | G21: =SUM(G19:G20) -> 267 | H21: =SUM(H19:H20) -> 252 | I21: =SUM(I19:I20) -> 239 | J21: =SUM(J19:J20) -> 242 | K21: =SUM(K19:K20) -> 221 | L21: =SUM(L19:L20) -> 229 | ... N21: =SUM(N19:N20) -> 162 | O21: =SUM(E21:N21) -> 2321
B22: 2. | C22: Jumlah pengguna hak pilih dalam Daftar Pemilih Tambahan (DPTb) | D22: LK | E22: 0 | F22: 0 | G22: 0 | H22: 0 | I22: 0 | J22: 0 | K22: 0 | L22: 1 | M22: 0 | N22: 0 | O22: =SUM(E22:N22) -> 1
D23: PR | E23: 0 | F23: 0 | G23: 0 | H23: 0 | I23: 0 | J23: 0 | K23: 0 | L23: 1 | M23: 0 | N23: 0 | O23: =SUM(E23:N23) -> 1
D24: JML | E24: =SUM(E22:E23) -> 0 | F24: =SUM(F22:F23) -> 0 | G24: =SUM(G22:G23) -> 0 | H24: =SUM(H22:H23) -> 0 | I24: =SUM(I22:I23) -> 0 | J24: =SUM(J22:J23) -> 0 | K24: =SUM(K22:K23) -> 0 | L24: =SUM(L22:L23) -> 2 | ... N24: =SUM(N22:N23) -> 0 | O24: =SUM(E24:N24) -> 2
B25: 3. | C25: Jumlah pengguna hak pilih dalam Daftar Pemilih Khusus (DPK) | D25: LK | E25: 0 | F25: 0 | G25: 1 | H25: 0 | I25: 0 | J25: 0 | K25: 0 | L25: 1 | M25: 0 | N25: 0 | O25: =SUM(E25:N25) -> 2
D26: PR | E26: 0 | F26: 2 | G26: 0 | H26: 0 | I26: 0 | J26: 1 | K26: 0 | L26: 2 | M26: 1 | N26: 0 | O26: =SUM(E26:N26) -> 6
D27: JML | E27: =SUM(E25:E26) -> 0 | F27: =SUM(F25:F26) -> 2 | G27: =SUM(G25:G26) -> 1 | H27: =SUM(H25:H26) -> 0 | I27: =SUM(I25:I26) -> 0 | J27: =SUM(J25:J26) -> 1 | K27: =SUM(K25:K26) -> 0 | L27: =SUM(L25:L26) -> 3 | ... N27: =SUM(N25:N26) -> 0 | O27: =SUM(E27:N27) -> 8
B28: 4. | C28: Jumlah Pengguna Hak Pilih (B.1+B.2+B.3) | D28: LK | E28: =SUM(E19,E22,E25) -> 122 | F28: =SUM(F19,F22,F25) -> 119 | G28: =SUM(G19,G22,G25) -> 130 | H28: =SUM(H19,H22,H25) -> 118 | I28: =SUM(I19,I22,I25) -> 122 | J28: =SUM(J19,J22,J25) -> 114 | K28: =SUM(K19,K22,K25) -> 103 | L28: =SUM(L19,L22,L25) -> 116 | ... N28: =SUM(N19,N22,N25) -> 76 | O28: =SUM(E28:N28) -> 1121
D29: PR | E29: =SUM(E20,E23,E26) -> 126 | F29: =SUM(F20,F23,F26) -> 133 | G29: =SUM(G20,G23,G26) -> 138 | H29: =SUM(H20,H23,H26) -> 134 | I29: =SUM(I20,I23,I26) -> 117 | J29: =SUM(J20,J23,J26) -> 129 | K29: =SUM(K20,K23,K26) -> 118 | L29: =SUM(L20,L23,L26) -> 118 | ... N29: =SUM(N20,N23,N26) -> 86 | O29: =SUM(E29:N29) -> 1210
D30: JML | E30: =SUM(E28:E29) -> 248 | F30: =SUM(F28:F29) -> 252 | G30: =SUM(G28:G29) -> 268 | H30: =SUM(H28:H29) -> 252 | I30: =SUM(I28:I29) -> 239 | J30: =SUM(J28:J29) -> 243 | K30: =SUM(K28:K29) -> 221 | L30: =SUM(L28:L29) -> 234 | ... N30: =SUM(N28:N29) -> 162 | O30: =SUM(E30:N30) -> 2331
A32: II | B32: DATA PENGGUNAAN SURAT SUARA
A33: 1 | B33: Jumlah surat suara yang diterima, termasuk surat suara cadangan 2,5% dari DPT | E33: 301 | F33: 299 | G33: 302 | H33: 301 | I33: 298 | J33: 292 | K33: 266 | L33: 266 | M33: 253 | N33: 190 | O33: =SUM(E33:N33) -> 2768
A34: 2 | B34: Jumlah surat suara yang digunakan | E34: 248 | F34: 252 | G34: 268 | H34: 252 | I34: 239 | J34: 243 | K34: 221 | L34: 234 | M34: 212 | N34: 162 | O34: =SUM(E34:N34) -> 2331
A35: 3 | B35: Jumlah surat suara dikembalikan oleh pemilih (karena rusak atau keliru coblos) | E35: 0 | F35: 0 | G35: 0 | H35: 0 | I35: 0 | J35: 1 | K35: 0 | L35: 2 | M35: 28 | N35: 0 | O35: =SUM(E35:N35) -> 31
A36: 4 | B36: Jumlah surat suara yang tidak digunakan/tidak terpakai, termasuk sisa surat suara cadangan | E36: =E33-(E34+E35) -> 53 | F36: =F33-(F34+F35) -> 47 | G36: =G33-(G34+G35) -> 34 | H36: =H33-(H34+H35) -> 49 | I36: =I33-(I34+I35) -> 59 | J36: =J33-(J34+J35) -> 48 | K36: =K33-(K34+K35) -> 45 | L36: =L33-(L34+L35) -> 30 | ... N36: =N33-(N34+N35) -> 28 | O36: =SUM(E36:N36) -> 406
A38: III | B38: DATA PEMILIH DISABILITAS
B39: Jumlah seluruh Pemilih disabilitas yang menggunakan hak pilih | D39: LK | E39: 2 | F39: 1 | G39: 0 | H39: 0 | I39: 0 | J39: 0 | K39: 0 | L39: 0 | M39: 0 | N39: 0 | O39: =SUM(E39:N39) -> 3
D40: PR | E40: 0 | F40: 0 | G40: 0 | H40: 0 | I40: 1 | J40: 1 | K40: 0 | L40: 0 | M40: 0 | N40: 0 | O40: =SUM(E40:N40) -> 2
D41: JML | E41: =SUM(E39:E40) -> 2 | F41: =SUM(F39:F40) -> 1 | G41: =SUM(G39:G40) -> 0 | H41: =SUM(H39:H40) -> 0 | I41: =SUM(I39:I40) -> 1 | J41: =SUM(J39:J40) -> 1 | K41: =SUM(K39:K40) -> 0 | L41: =SUM(L39:L40) -> 0 | ... N41: =SUM(N39:N40) -> 0 | O41: =SUM(E41:N41) -> 5
A43: IV | B43: DATA RINCIAN PEROLEHAN SUARA PASANGAN CALON BUPATI DAN WAKIL BUPATI
A44: NOMOR DAN NAMA CALON
A45: A.1 | B45: 1. | C45: Partai Kebangkitan Bangsa | E45: 5 | F45: 12 | G45: 22 | H45: 16 | I45: 24 | J45: 29 | K45: 31 | L45: 24 | M45: 35 | N45: 19 | O45: =SUM(E45:N45) -> 217
A46: A.2 | B46: 1 | C46: 1. Dr. Hj. NIHAYATUL WAFIROH, M.A. | E46: 19 | F46: 28 | G46: 54 | H46: 36 | I46: 69 | J46: 82 | K46: 73 | L46: 87 | M46: 84 | N46: 55 | O46: =SUM(E46:N46) -> 587
B47: 2 | C47: 2. H. M. NASIM KHAN | E47: 2 | F47: 1 | G47: 2 | H47: 4 | I47: 6 | J47: 4 | K47: 2 | L47: 5 | M47: 4 | N47: 2 | O47: =SUM(E47:N47) -> 32
B48: 3 | C48: 3. Dr. H. AKIK ZAMAN, M.Pd.I. | E48: 0 | F48: 0 | G48: 2 | H48: 1 | I48: 2 | J48: 0 | K48: 1 | L48: 0 | M48: 0 | N48: 0 | O48: =SUM(E48:N48) -> 6
B49: 4 | C49: 4. AHMAD RIFA'I, S.H. | E49: 0 | F49: 0 | G49: 0 | H49: 0 | I49: 0 | J49: 1 | K49: 1 | L49: 1 | M49: 1 | N49: 0 | O49: =SUM(E49:N49) -> 4
B50: 5 | C50: 5. Drs. H. MAHFUD M.N. | E50: 1 | F50: 0 | G50: 0 | H50: 0 | I50: 0 | J50: 0 | K50: 0 | L50: 0 | M50: 0 | N50: 0 | O50: =SUM(E50:N50) -> 1
B51: 6 | C51: 6. NURHAYATI, S.Pd. | E51: 0 | F51: 0 | G51: 0 | H51: 1 | I51: 1 | J51: 0 | K51: 0 | L51: 2 | M51: 1 | N51: 0 | O51: =SUM(E51:N51) -> 5
B52: 7 | C52: 7. MAFTUHA KISWAH | E52: 1 | F52: 0 | G52: 0 | H52: 0 | I52: 0 | J52: 0 | K52: 1 | L52: 0 | M52: 0 | N52: 0 | O52: =SUM(E52:N52) -> 2
O53: =SUM(E53:N53) -> 0
O54: =SUM(E54:N54) -> 0
A55: B | B55: JUMLAH SUARA SAH PARTAI POLITIK DAN CALON (A1 + A2) | E55: =SUM(E45:E52) -> 28 | F55: =SUM(F45:F52) -> 41 | G55: =SUM(G45:G52) -> 80 | H55: =SUM(H45:H52) -> 58 | I55: =SUM(I45:I52) -> 102 | J55: =SUM(J45:J52) -> 116 | K55: =SUM(K45:K52) -> 109 | L55: =SUM(L45:L52) -> 119 | ... N55: =SUM(N45:N52) -> 76 | O55: =SUM(E55:N55) -> 854
A57: A.1 | B57: 2. | C57: Partai Gerakan Indonesia Raya | E57: 20 | F57: 16 | G57: 9 | H57: 11 | I57: 15 | J57: 15 | K57: 9 | L57: 4 | M57: 7 | N57: 9 | O57: =SUM(E57:N57) -> 115
A58: A.2 | B58: 1 | C58: 1. SUMAIL ABDULLAH | E58: 5 | F58: 8 | G58: 5 | H58: 25 | I58: 13 | J58: 4 | K58: 9 | L58: 8 | M58: 6 | N58: 11 | O58: =SUM(E58:N58) -> 94
B59: 2 | C59: 2. MUHAMMAD ALI ADRIAN SALEH | E59: 2 | F59: 2 | G59: 3 | H59: 0 | I59: 2 | J59: 2 | K59: 5 | L59: 3 | M59: 1 | N59: 3 | O59: =SUM(E59:N59) -> 23
B60: 3 | C60: 3. DURROTUN NAFISAH | E60: 0 | F60: 1 | G60: 0 | H60: 1 | I60: 0 | J60: 1 | K60: 1 | L60: 0 | M60: 1 | N60: 1 | O60: =SUM(E60:N60) -> 6
B61: 4 | C61: 4. H. EKO SUSILO NURHIDAYAT | E61: 0 | F61: 0 | G61: 1 | H61: 0 | I61: 0 | J61: 1 | K61: 1 | L61: 2 | M61: 2 | N61: 0 | O61: =SUM(E61:N61) -> 7
B62: 5 | C62: 5. KARNADI HARIJANTO, S.S. | E62: 0 | F62: 0 | G62: 2 | H62: 0 | I62: 0 | J62: 2 | K62: 0 | L62: 0 | M62: 0 | N62: 0 | O62: =SUM(E62:N62) -> 4
B63: 6 | C63: 6. NURHAYATI | E63: 0 | F63: 1 | G63: 0 | H63: 1 | I63: 1 | J63: 0 | K63: 0 | L63: 1 | M63: 1 | N63: 0 | O63: =SUM(E63:N63) -> 5
B64: 7 | C64: 7. MASHUDI | E64: 0 | F64: 0 | G64: 0 | H64: 0 | I64: 0 | J64: 0 | K64: 0 | L64: 0 | M64: 0 | N64: 0 | O64: =SUM(E64:N64) -> 0
O65: =SUM(E65:N65) -> 0
O66: =SUM(E66:N66) -> 0
A67: B | B67: JUMLAH SUARA SAH PARTAI POLITIK DAN CALON (A1 + A2) | E67: =SUM(E57:E64) -> 27 | F67: =SUM(F57:F64) -> 28 | G67: =SUM(G57:G64) -> 20 | H67: =SUM(H57:H64) -> 38 | I67: =SUM(I57:I64) -> 31 | J67: =SUM(J57:J64) -> 25 | K67: =SUM(K57:K64) -> 25 | L67: =SUM(L57:L64) -> 18 | ... N67: =SUM(N57:N64) -> 24 | O67: =SUM(E67:N67) -> 254
A69: A.1 | B69: 3. | C69: Partai Demokrasi Indonesia Perjuangan | E69: 6 | F69: 5 | G69: 8 | H69: 9 | I69: 3 | J69: 5 | K69: 4 | L69: 0 | M69: 9 | N69: 4 | O69: =SUM(E69:N69) -> 53
A70: A.2 | B70: 1 | C70: 1. SONNY TRI DANAPARAMITA, S.H., M.H. | E70: 6 | F70: 3 | G70: 3 | H70: 2 | I70: 5 | J70: 5 | K70: 2 | L70: 1 | M70: 2 | N70: 3 | O70: =SUM(E70:N70) -> 32
B71: 2 | C71: 2. H. MOHAMAD GUNTUR ROMLI | E71: 3 | F71: 2 | G71: 4 | H71: 6 | I71: 4 | J71: 8 | K71: 8 | L71: 3 | M71: 0 | N71: 0 | O71: =SUM(E71:N71) -> 38
B72: 3 | C72: 3. INA AMMANIA | E72: 1 | F72: 1 | G72: 0 | H72: 0 | I72: 1 | J72: 1 | K72: 2 | L72: 0 | M72: 0 | N72: 0 | O72: =SUM(E72:N72) -> 6
B73: 4 | C73: 4. IRWAN BACHTIAR RACHMAT, M.Si. | E73: 0 | F73: 0 | G73: 0 | H73: 0 | I73: 0 | J73: 1 | K73: 0 | L73: 0 | M73: 0 | N73: 0 | O73: =SUM(E73:N73) -> 1
B74: 5 | C74: 5. LUCKY PERDANA | E74: 1 | F74: 1 | G74: 4 | H74: 2 | I74: 1 | J74: 0 | K74: 4 | L74: 5 | M74: 1 | N74: 2 | O74: =SUM(E74:N74) -> 21
B75: 6 | C75: 6. WIWIK PUJIYATI | E75: 0 | F75: 1 | G75: 1 | H75: 0 | I75: 0 | J75: 0 | K75: 0 | L75: 1 | M75: 0 | N75: 0 | O75: =SUM(E75:N75) -> 3
B76: 7 | C76: 7. CHANDRA ASTAN, S.T. | E76: 2 | F76: 0 | G76: 2 | H76: 3 | I76: 0 | J76: 1 | K76: 1 | L76: 0 | M76: 1 | N76: 2 | O76: =SUM(E76:N76) -> 12
O77: =SUM(E77:N77) -> 0
O78: =SUM(E78:N78) -> 0
A79: B | B79: JUMLAH SUARA SAH PARTAI POLITIK DAN CALON (A1 + A2) | E79: =SUM(E69:E76) -> 19 | F79: =SUM(F69:F76) -> 13 | G79: =SUM(G69:G76) -> 22 | H79: =SUM(H69:H76) -> 22 | I79: =SUM(I69:I76) -> 14 | J79: =SUM(J69:J76) -> 21 | K79: =SUM(K69:K76) -> 21 | L79: =SUM(L69:L76) -> 10 | ... N79: =SUM(N69:N76) -> 11 | O79: =SUM(E79:N79) -> 166
A81: A.1 | B81: 4. | C81: Partai Golongan Karya | E81: 8 | F81: 2 | G81: 12 | H81: 9 | I81: 7 | J81: 2 | K81: 5 | L81: 4 | M81: 1 | N81: 6 | O81: =SUM(E81:N81) -> 56
A82: A.2 | B82: 1 | C82: 1. ZULFIKAR ARSE SADIKIN, S.I.P., M.Si. | E82: 14 | F82: 7 | G82: 11 | H82: 33 | I82: 6 | J82: 3 | K82: 6 | L82: 4 | M82: 1 | N82: 11 | O82: =SUM(E82:N82) -> 96
B83: 2 | C83: 2. HANDOKO | E83: 13 | F83: 2 | G83: 2 | H83: 4 | I83: 6 | J83: 3 | K83: 2 | L83: 2 | M83: 0 | N83: 5 | O83: =SUM(E83:N83) -> 39
B84: 3 | C84: 3. Hj. OVI DEWI YANTI | E84: 5 | F84: 2 | G84: 1 | H84: 0 | I84: 1 | J84: 0 | K84: 0 | L84: 1 | M84: 0 | N84: 0 | O84: =SUM(E84:N84) -> 10
B85: 4 | C85: 4. Ir. AZAM AZMAN NATAWIJANA | E85: 1 | F85: 0 | G85: 0 | H85: 0 | I85: 0 | J85: 0 | K85: 0 | L85: 0 | M85: 0 | N85: 1 | O85: =SUM(E85:N85) -> 2
B86: 5 | C86: 5. UBAIDILLAH AMIN, S.Kom. | E86: 1 | F86: 0 | G86: 0 | H86: 0 | I86: 0 | J86: 0 | K86: 0 | L86: 0 | M86: 0 | N86: 1 | O86: =SUM(E86:N86) -> 2
B87: 6 | C87: 6. DENNY YUNIANDARI, S.H., M.Kn. | E87: 0 | F87: 0 | G87: 0 | H87: 0 | I87: 0 | J87: 0 | K87: 0 | L87: 0 | M87: 0 | N87: 0 | O87: =SUM(E87:N87) -> 0
B88: 7 | C88: 7. ERNADI, S.H.I. | E88: 2 | F88: 0 | G88: 0 | H88: 0 | I88: 0 | J88: 0 | K88: 0 | L88: 0 | M88: 0 | N88: 0 | O88: =SUM(E88:N88) -> 2
O89: =SUM(E89:N89) -> 0
O90: =SUM(E90:N90) -> 0
A91: B | B91: JUMLAH SUARA SAH PARTAI POLITIK DAN CALON (A1 + A2) | E91: =SUM(E81:E88) -> 44 | F91: =SUM(F81:F88) -> 13 | G91: =SUM(G81:G88) -> 26 | H91: =SUM(H81:H88) -> 46 | I91: =SUM(I81:I88) -> 20 | J91: =SUM(J81:J88) -> 8 | K91: =SUM(K81:K88) -> 13 | L91: =SUM(L81:L88) -> 11 | ... N91: =SUM(N81:N88) -> 24 | O91: =SUM(E91:N91) -> 207
A93: A.1 | B93: 5. | C93: Partai NasDem | E93: 4 | F93: 2 | G93: 2 | H93: 5 | I93: 2 | J93: 1 | K93: 0 | L93: 3 | M93: 3 | N93: 0 | O93: =SUM(E93:N93) -> 22
A94: A.2 | B94: 1 | C94: 1. ACH. FADIL MUZAKKI SYAH | E94: 2 | F94: 5 | G94: 0 | H94: 10 | I94: 3 | J94: 1 | K94: 1 | L94: 13 | M94: 2 | N94: 0 | O94: =SUM(E94:N94) -> 37
B95: 2 | C95: 2. BENY | E95: 0 | F95: 0 | G95: 0 | H95: 2 | I95: 0 | J95: 0 | K95: 0 | L95: 0 | M95: 0 | N95: 0 | O95: =SUM(E95:N95) -> 2
B96: 3 | C96: 3. VINA VERONIKA | E96: 1 | F96: 0 | G96: 0 | H96: 0 | I96: 0 | J96: 0 | K96: 0 | L96: 0 | M96: 0 | N96: 0 | O96: =SUM(E96:N96) -> 1
B97: 4 | C97: 4. TEDDY ANUGRIANTO | E97: 0 | F97: 0 | G97: 0 | H97: 0 | I97: 0 | J97: 1 | K97: 0 | L97: 0 | M97: 0 | N97: 0 | O97: =SUM(E97:N97) -> 1
B98: 5 | C98: 5. INSAN KAMIL | E98: 0 | F98: 0 | G98: 0 | H98: 0 | I98: 0 | J98: 0 | K98: 0 | L98: 0 | M98: 0 | N98: 0 | O98: =SUM(E98:N98) -> 0
B99: 6 | C99: 6. LILIK LINDARWATI | E99: 4 | F99: 2 | G99: 1 | H99: 0 | I99: 0 | J99: 0 | K99: 2 | L99: 1 | M99: 0 | N99: 0 | O99: =SUM(E99:N99) -> 10
B100: 7 | C100: 7. YULI ANITA | E100: 0 | F100: 3 | G100: 0 | H100: 0 | I100: 0 | J100: 0 | K100: 0 | L100: 0 | M100: 1 | N100: 0 | O100: =SUM(E100:N100) -> 4
O101: =SUM(E101:N101) -> 0
O102: =SUM(E102:N102) -> 0
A103: B | B103: JUMLAH SUARA SAH PARTAI POLITIK DAN CALON (A1 + A2) | E103: =SUM(E93:E100) -> 11 | F103: =SUM(F93:F100) -> 12 | G103: =SUM(G93:G100) -> 3 | H103: =SUM(H93:H100) -> 17 | I103: =SUM(I93:I100) -> 5 | J103: =SUM(J93:J100) -> 3 | K103: =SUM(K93:K100) -> 3 | L103: =SUM(L93:L100) -> 17 | ... N103: =SUM(N93:N100) -> 0 | O103: =SUM(E103:N103) -> 77
A105: A.1 | B105: 6. | C105: Partai Buruh | E105: 1 | F105: 4 | G105: 1 | H105: 1 | I105: 0 | J105: 1 | K105: 1 | L105: 0 | M105: 0 | N105: 0 | O105: =SUM(E105:N105) -> 9
A106: A.2 | B106: 1 | C106: 1. KHOIRUL ANAM | E106: 0 | F106: 0 | G106: 0 | H106: 0 | I106: 0 | J106: 0 | K106: 0 | L106: 0 | M106: 1 | N106: 1 | O106: =SUM(E106:N106) -> 2
B107: 2 | C107: 2. INA KURNIA | E107: 0 | F107: 0 | G107: 0 | H107: 0 | I107: 0 | J107: 0 | K107: 0 | L107: 0 | M107: 0 | N107: 0 | O107: =SUM(E107:N107) -> 0
B108: 3 | C108: 3. JIBRAL TAROUK | E108: 0 | F108: 0 | G108: 0 | H108: 0 | I108: 0 | J108: 0 | K108: 0 | L108: 0 | M108: 0 | N108: 0 | O108: =SUM(E108:N108) -> 0
B109: 4 | C109: 4. ASTUTI DAENG PUJI | E109: 0 | F109: 0 | G109: 0 | H109: 0 | I109: 0 | J109: 0 | K109: 0 | L109: 0 | M109: 0 | N109: 0 | O109: =SUM(E109:N109) -> 0
B110: 5 | C110: 5. ASDARMAWAN | E110: 0 | F110: 0 | G110: 0 | H110: 0 | I110: 0 | J110: 0 | K110: 0 | L110: 0 | M110: 0 | N110: 0 | O110: =SUM(E110:N110) -> 0
B111: 6 | C111: 6. RIFQI MUBAROK | E111: 0 | F111: 0 | G111: 0 | H111: 0 | I111: 0 | J111: 1 | K111: 0 | L111: 0 | M111: 0 | N111: 0 | O111: =SUM(E111:N111) -> 1
B112: 7 | C112: 7. FIRNANDA ALTA MEGA | O112: =SUM(E112:N112) -> 0
O113: =SUM(E113:N113) -> 0
O114: =SUM(E114:N114) -> 0
A115: B | B115: JUMLAH SUARA SAH PARTAI POLITIK DAN CALON (A1 + A2) | E115: =SUM(E105:E112) -> 1 | F115: =SUM(F105:F112) -> 4 | G115: =SUM(G105:G112) -> 1 | H115: =SUM(H105:H112) -> 1 | I115: =SUM(I105:I112) -> 0 | J115: =SUM(J105:J112) -> 2 | K115: =SUM(K105:K112) -> 1 | L115: =SUM(L105:L112) -> 0 | ... N115: =SUM(N105:N112) -> 1 | O115: =SUM(E115:N115) -> 12
A117: A.1 | B117: 7. | C117: Partai Gelombang Rakyat Indonesia | E117: 2 | F117: 0 | G117: 0 | H117: 1 | I117: 1 | J117: 1 | K117: 1 | L117: 1 | M117: 0 | N117: 1 | O117: =SUM(E117:N117) -> 8
...

Sheet MOJOPANGGUNG
C2: Kecamatan | D2: GIRI
C3: Kabupaten | D3: BANYUWANGI
C4: Provinsi | D4: JAWA TIMUR
C9: Kelurahan | D9: MOJOPANGGUNG
A12: I | B12: DATA PEMILIH DAN PENGGUNAAN HAK PILIH | V12: JUMLAH AKHIR
A13: A | B13: DATA PEMILIH | E13: TPS 001 | F13: TPS 002 | G13: TPS 003 | H13: TPS 004 | I13: TPS 005 | J13: TPS 006 | K13: TPS 007 | L13: TPS 008 | M13: TPS 009 | N13: TPS 010 | O13: TPS 011 | P13: TPS 012 | Q13: TPS 013 | R13: TPS 014 | S13: TPS 015 | T13: TPS 016 | U13: TPS 017
B14: Jumlah Pemilih dalam Daftar Pemilih Tetap (DPT) | D14: LK | E14: 137 | F14: 134 | G14: 136 | H14: 139 | I14: 135 | J14: 127 | K14: 116 | L14: 120 | M14: 127 | N14: 141 | O14: 123 | P14: 119 | Q14: 129 | R14: 137 | S14: 155 | T14: 140 | U14: 135 | V14: =SUM(E14:U14) -> 2250
D15: PR | E15: 142 | F15: 134 | G15: 136 | H15: 141 | I15: 157 | J15: 150 | K15: 139 | L15: 139 | M15: 123 | N15: 133 | O15: 118 | P15: 121 | Q15: 152 | R15: 162 | S15: 140 | T15: 143 | U15: 147 | V15: =SUM(E15:U15) -> 2377
D16: JML | E16: =SUM(E14:E15) -> 279 | F16: =SUM(F14:F15) -> 268 | G16: =SUM(G14:G15) -> 272 | H16: =SUM(H14:H15) -> 280 | I16: =SUM(I14:I15) -> 292 | J16: =SUM(J14:J15) -> 277 | K16: =SUM(K14:K15) -> 255 | L16: =SUM(L14:L15) -> 259 | ... U16: =SUM(U14:U15) -> 282 | V16: =SUM(E16:U16) -> 4627
A18: B | B18: PENGGUNA HAK PILIH
B19: 1. | C19: Jumlah pengguna hak pilih dalam Daftar Pemilih Tetap (DPT) | D19: LK | E19: 95 | F19: 96 | G19: 107 | H19: 105 | I19: 93 | J19: 96 | K19: 83 | L19: 94 | M19: 98 | N19: 117 | O19: 89 | P19: 96 | Q19: 106 | R19: 97 | S19: 123 | T19: 100 | U19: 97 | V19: =SUM(E19:U19) -> 1692
D20: PR | E20: 112 | F20: 102 | G20: 109 | H20: 115 | I20: 121 | J20: 124 | K20: 109 | L20: 112 | M20: 104 | N20: 120 | O20: 91 | P20: 112 | Q20: 128 | R20: 127 | S20: 114 | T20: 117 | U20: 120 | V20: =SUM(E20:U20) -> 1937
D21: JML | E21: =SUM(E19:E20) -> 207 | F21: =SUM(F19:F20) -> 198 | G21: =SUM(G19:G20) -> 216 | H21: =SUM(H19:H20) -> 220 | I21: =SUM(I19:I20) -> 214 | J21: =SUM(J19:J20) -> 220 | K21: =SUM(K19:K20) -> 192 | L21: =SUM(L19:L20) -> 206 | ... U21: =SUM(U19:U20) -> 217 | V21: =SUM(E21:U21) -> 3629
B22: 2. | C22: Jumlah pengguna hak pilih dalam Daftar Pemilih Tambahan (DPTb) | D22: LK | E22: 0 | F22: 1 | G22: 0 | H22: 2 | I22: 1 | J22: 0 | K22: 2 | L22: 0 | M22: 0 | N22: 0 | O22: 0 | P22: 0 | Q22: 0 | R22: 0 | S22: 0 | T22: 1 | U22: 0 | V22: =SUM(E22:U22) -> 7
D23: PR | E23: 0 | F23: 1 | G23: 0 | H23: 0 | I23: 0 | J23: 0 | K23: 1 | L23: 0 | M23: 0 | N23: 0 | O23: 0 | P23: 0 | Q23: 0 | R23: 0 | S23: 0 | T23: 0 | U23: 0 | V23: =SUM(E23:U23) -> 2
D24: JML | E24: =SUM(E22:E23) -> 0 | F24: =SUM(F22:F23) -> 2 | G24: =SUM(G22:G23) -> 0 | H24: =SUM(H22:H23) -> 2 | I24: =SUM(I22:I23) -> 1 | J24: =SUM(J22:J23) -> 0 | K24: =SUM(K22:K23) -> 3 | L24: =SUM(L22:L23) -> 0 | ... U24: =SUM(U22:U23) -> 0 | V24: =SUM(E24:U24) -> 9
B25: 3. | C25: Jumlah pengguna hak pilih dalam Daftar Pemilih Khusus (DPK) | D25: LK | E25: 0 | F25: 2 | G25: 0 | H25: 0 | I25: 2 | J25: 0 | K25: 0 | L25: 0 | M25: 0 | N25: 0 | O25: 0 | P25: 1 | Q25: 0 | R25: 1 | S25: 2 | T25: 1 | U25: 2 | V25: =SUM(E25:U25) -> 11
D26: PR | E26: 0 | F26: 2 | G26: 0 | H26: 1 | I26: 3 | J26: 1 | K26: 2 | L26: 0 | M26: 1 | N26: 0 | O26: 0 | P26: 0 | Q26: 0 | R26: 0 | S26: 1 | T26: 5 | U26: 1 | V26: =SUM(E26:U26) -> 17
D27: JML | E27: =SUM(E25:E26) -> 0 | F27: =SUM(F25:F26) -> 4 | G27: =SUM(G25:G26) -> 0 | H27: =SUM(H25:H26) -> 1 | I27: =SUM(I25:I26) -> 5 | J27: =SUM(J25:J26) -> 1 | K27: =SUM(K25:K26) -> 2 | L27: =SUM(L25:L26) -> 0 | ... U27: =SUM(U25:U26) -> 3 | V27: =SUM(E27:U27) -> 28
B28: 4. | C28: Jumlah Pengguna Hak Pilih (B.1+B.2+B.3) | D28: LK | E28: =SUM(E19,E22,E25) -> 95 | F28: =SUM(F19,F22,F25) -> 99 | G28: =SUM(G19,G22,G25) -> 107 | H28: =SUM(H19,H22,H25) -> 107 | I28: =SUM(I19,I22,I25) -> 96 | J28: =SUM(J19,J22,J25) -> 96 | K28: =SUM(K19,K22,K25) -> 85 | L28: =SUM(L19,L22,L25) -> 94 | ... U28: =SUM(U19,U22,U25) -> 99 | V28: =SUM(E28:U28) -> 1710
D29: PR | E29: =SUM(E20,E23,E26) -> 112 | F29: =SUM(F20,F23,F26) -> 105 | G29: =SUM(G20,G23,G26) -> 109 | H29: =SUM(H20,H23,H26) -> 116 | I29: =SUM(I20,I23,I26) -> 124 | J29: =SUM(J20,J23,J26) -> 125 | K29: =SUM(K20,K23,K26) -> 112 | L29: =SUM(L20,L23,L26) -> 112 | ... U29: =SUM(U20,U23,U26) -> 121 | V29: =SUM(E29:U29) -> 1956
D30: JML | E30: =SUM(E28:E29) -> 207 | F30: =SUM(F28:F29) -> 204 | G30: =SUM(G28:G29) -> 216 | H30: =SUM(H28:H29) -> 223 | I30: =SUM(I28:I29) -> 220 | J30: =SUM(J28:J29) -> 221 | K30: =SUM(K28:K29) -> 197 | L30: =SUM(L28:L29) -> 206 | ... U30: =SUM(U28:U29) -> 220 | V30: =SUM(E30:U30) -> 3666
A32: II | B32: DATA PENGGUNAAN SURAT SUARA
A33: 1 | B33: Jumlah surat suara yang diterima, termasuk surat suara cadangan 2,5% dari DPT | E33: 283 | F33: 273 | G33: 276 | H33: 284 | I33: 296 | J33: 281 | K33: 261 | L33: 263 | M33: 250 | N33: 278 | O33: 246 | P33: 245 | Q33: 287 | R33: 303 | S33: 301 | T33: 286 | U33: 286 | V33: =SUM(E33:U33) -> 4699
A34: 2 | B34: Jumlah surat suara yang digunakan | E34: 207 | F34: 204 | G34: 216 | H34: 223 | I34: 220 | J34: 221 | K34: 197 | L34: 206 | M34: 203 | N34: 237 | O34: 180 | P34: 209 | Q34: 234 | R34: 225 | S34: 240 | T34: 224 | U34: 220 | V34: =SUM(E34:U34) -> 3666
A35: 3 | B35: Jumlah surat suara dikembalikan oleh pemilih (karena rusak atau keliru coblos) | E35: 0 | F35: 0 | G35: 0 | H35: 0 | I35: 0 | J35: 0 | K35: 0 | L35: 0 | M35: 2 | N35: 0 | O35: 4 | P35: 1 | Q35: 0 | R35: 0 | S35: 0 | T35: 3 | U35: 0 | V35: =SUM(E35:U35) -> 10
A36: 4 | B36: Jumlah surat suara yang tidak digunakan/tidak terpakai, termasuk sisa surat suara cadangan | E36: =E33-(E34+E35) -> 76 | F36: =F33-(F34+F35) -> 69 | G36: =G33-(G34+G35) -> 60 | H36: =H33-(H34+H35) -> 61 | I36: =I33-(I34+I35) -> 76 | J36: =J33-(J34+J35) -> 60 | K36: =K33-(K34+K35) -> 64 | L36: =L33-(L34+L35) -> 57 | ... U36: =U33-(U34+U35) -> 66 | V36: =SUM(E36:U36) -> 1023
A38: III | B38: DATA PEMILIH DISABILITAS
B39: Jumlah seluruh Pemilih disabilitas yang menggunakan hak pilih | D39: LK | E39: 0 | F39: 0 | G39: 1 | H39: 1 | I39: 1 | J39: 0 | K39: 0 | L39: 1 | M39: 0 | N39: 1 | O39: 4 | P39: 0 | Q39: 0 | R39: 1 | S39: 0 | U39: 1 | V39: =SUM(E39:U39) -> 11
D40: PR | E40: 0 | F40: 0 | G40: 0 | H40: 0 | I40: 0 | J40: 0 | K40: 0 | L40: 5 | M40: 0 | N40: 1 | O40: 3 | P40: 0 | Q40: 0 | R40: 0 | S40: 0 | V40: =SUM(E40:U40) -> 9
D41: JML | E41: =SUM(E39:E40) -> 0 | F41: =SUM(F39:F40) -> 0 | G41: =SUM(G39:G40) -> 1 | H41: =SUM(H39:H40) -> 1 | I41: =SUM(I39:I40) -> 1 | J41: =SUM(J39:J40) -> 0 | K41: =SUM(K39:K40) -> 0 | L41: =SUM(L39:L40) -> 6 | ... U41: =SUM(U39:U40) -> 1 | V41: =SUM(E41:U41) -> 20
A43: IV | B43: DATA RINCIAN PEROLEHAN SUARA PASANGAN CALON BUPATI DAN WAKIL BUPATI
A44: NOMOR DAN NAMA CALON
A45: A.1 | B45: 1. | C45: Partai Kebangkitan Bangsa | E45: 3 | F45: 4 | G45: 7 | H45: 5 | I45: 4 | J45: 6 | K45: 1 | L45: 1 | M45: 12 | N45: 14 | O45: 3 | P45: 8 | Q45: 4 | R45: 3 | S45: 11 | T45: 3 | U45: 3 | V45: =SUM(E45:U45) -> 92
A46: A.2 | B46: 1 | C46: 1. Dr. Hj. NIHAYATUL WAFIROH, M.A. | E46: 14 | F46: 12 | G46: 5 | H46: 13 | I46: 15 | J46: 20 | K46: 6 | L46: 14 | M46: 27 | N46: 28 | O46: 24 | P46: 12 | Q46: 1 | R46: 17 | S46: 9 | T46: 14 | U46: 8 | V46: =SUM(E46:U46) -> 239
B47: 2 | C47: 2. H. M. NASIM KHAN | E47: 1 | F47: 1 | G47: 3 | H47: 0 | I47: 0 | J47: 0 | K47: 0 | L47: 0 | M47: 4 | N47: 0 | O47: 1 | P47: 3 | Q47: 1 | R47: 0 | S47: 0 | T47: 1 | U47: 2 | V47: =SUM(E47:U47) -> 17
B48: 3 | C48: 3. Dr. H. AKIK ZAMAN, M.Pd.I. | E48: 0 | F48: 1 | G48: 0 | H48: 1 | I48: 0 | J48: 2 | K48: 0 | L48: 0 | M48: 0 | N48: 0 | O48: 1 | P48: 0 | Q48: 0 | R48: 2 | S48: 0 | T48: 0 | U48: 2 | V48: =SUM(E48:U48) -> 9
B49: 4 | C49: 4. AHMAD RIFA'I, S.H. | E49: 0 | F49: 0 | G49: 0 | H49: 0 | I49: 0 | J49: 1 | K49: 0 | L49: 2 | M49: 0 | N49: 0 | O49: 0 | P49: 0 | Q49: 0 | R49: 0 | S49: 0 | T49: 1 | U49: 1 | V49: =SUM(E49:U49) -> 5
B50: 5 | C50: 5. Drs. H. MAHFUD M.N. | E50: 0 | F50: 0 | G50: 0 | H50: 0 | I50: 2 | J50: 0 | K50: 0 | L50: 0 | M50: 0 | N50: 0 | O50: 0 | P50: 1 | Q50: 0 | R50: 2 | S50: 0 | T50: 0 | U50: 0 | V50: =SUM(E50:U50) -> 5
B51: 6 | C51: 6. NURHAYATI, S.Pd. | E51: 0 | F51: 0 | G51: 0 | H51: 0 | I51: 0 | J51: 0 | K51: 0 | L51: 0 | M51: 0 | N51: 0 | O51: 0 | P51: 0 | Q51: 0 | R51: 0 | S51: 0 | T51: 0 | U51: 0 | V51: =SUM(E51:U51) -> 0
B52: 7 | C52: 7. MAFTUHA KISWAH | E52: 1 | F52: 0 | G52: 0 | H52: 0 | I52: 0 | J52: 1 | K52: 1 | L52: 0 | M52: 1 | N52: 0 | O52: 0 | P52: 0 | Q52: 0 | R52: 1 | S52: 0 | T52: 2 | U52: 2 | V52: =SUM(E52:U52) -> 9
V53: =SUM(E53:U53) -> 0
V54: =SUM(E54:U54) -> 0
A55: B | B55: JUMLAH SUARA SAH PARTAI POLITIK DAN CALON (A1 + A2) | E55: =SUM(E45:E52) -> 19 | F55: =SUM(F45:F52) -> 18 | G55: =SUM(G45:G52) -> 15 | H55: =SUM(H45:H52) -> 19 | I55: =SUM(I45:I52) -> 21 | J55: =SUM(J45:J52) -> 30 | K55: =SUM(K45:K52) -> 8 | L55: =SUM(L45:L52) -> 17 | ... U55: =SUM(U45:U52) -> 18 | V55: =SUM(E55:U55) -> 376
A57: A.1 | B57: 2. | C57: Partai Gerakan Indonesia Raya | E57: 5 | F57: 8 | G57: 9 | H57: 10 | I57: 7 | J57: 15 | K57: 10 | L57: 13 | M57: 7 | N57: 5 | O57: 4 | P57: 8 | Q57: 13 | R57: 15 | S57: 15 | T57: 8 | U57: 13 | V57: =SUM(E57:U57) -> 165
A58: A.2 | B58: 1 | C58: 1. SUMAIL ABDULLAH | E58: 12 | F58: 7 | G58: 11 | H58: 8 | I58: 7 | J58: 11 | K58: 13 | L58: 3 | M58: 2 | N58: 8 | O58: 3 | P58: 6 | Q58: 9 | R58: 18 | S58: 9 | T58: 17 | U58: 11 | V58: =SUM(E58:U58) -> 155
B59: 2 | C59: 2. MUHAMMAD ALI ADRIAN SALEH | E59: 3 | F59: 3 | G59: 3 | H59: 2 | I59: 2 | J59: 2 | K59: 3 | L59: 6 | M59: 5 | N59: 3 | O59: 2 | P59: 0 | Q59: 0 | R59: 6 | S59: 6 | T59: 2 | U59: 2 | V59: =SUM(E59:U59) -> 50
B60: 3 | C60: 3. DURROTUN NAFISAH | E60: 1 | F60: 0 | G60: 1 | H60: 1 | I60: 0 | J60: 2 | K60: 0 | L60: 0 | M60: 0 | N60: 0 | O60: 0 | P60: 1 | Q60: 0 | R60: 0 | S60: 3 | T60: 5 | U60: 1 | V60: =SUM(E60:U60) -> 15
B61: 4 | C61: 4. H. EKO SUSILO NURHIDAYAT | E61: 4 | F61: 2 | G61: 3 | H61: 1 | I61: 2 | J61: 1 | K61: 1 | L61: 2 | M61: 1 | N61: 1 | O61: 0 | P61: 1 | Q61: 2 | R61: 1 | S61: 0 | T61: 7 | U61: 1 | V61: =SUM(E61:U61) -> 30
B62: 5 | C62: 5. KARNADI HARIJANTO, S.S. | E62: 0 | F62: 1 | G62: 0 | H62: 0 | I62: 0 | J62: 0 | K62: 1 | L62: 2 | M62: 0 | N62: 0 | O62: 0 | P62: 2 | Q62: 0 | R62: 0 | S62: 0 | T62: 1 | U62: 0 | V62: =SUM(E62:U62) -> 7
B63: 6 | C63: 6. NURHAYATI | E63: 2 | F63: 0 | G63: 1 | H63: 2 | I63: 1 | J63: 1 | K63: 0 | L63: 0 | M63: 0 | N63: 1 | O63: 0 | P63: 0 | Q63: 0 | R63: 1 | S63: 1 | T63: 1 | U63: 2 | V63: =SUM(E63:U63) -> 13
B64: 7 | C64: 7. MASHUDI | E64: 2 | F64: 0 | G64: 0 | H64: 0 | I64: 0 | J64: 0 | K64: 0 | L64: 1 | M64: 0 | N64: 0 | O64: 0 | P64: 1 | Q64: 1 | R64: 1 | S64: 0 | T64: 1 | U64: 2 | V64: =SUM(E64:U64) -> 9
V65: =SUM(E65:U65) -> 0
V66: =SUM(E66:U66) -> 0
A67: B | B67: JUMLAH SUARA SAH PARTAI POLITIK DAN CALON (A1 + A2) | E67: =SUM(E57:E64) -> 29 | F67: =SUM(F57:F64) -> 21 | G67: =SUM(G57:G64) -> 28 | H67: =SUM(H57:H64) -> 24 | I67: =SUM(I57:I64) -> 19 | J67: =SUM(J57:J64) -> 32 | K67: =SUM(K57:K64) -> 28 | L67: =SUM(L57:L64) -> 27 | ... U67: =SUM(U57:U64) -> 32 | V67: =SUM(E67:U67) -> 444
A69: A.1 | B69: 3. | C69: Partai Demokrasi Indonesia Perjuangan | E69: 12 | F69: 10 | G69: 14 | H69: 17 | I69: 12 | J69: 9 | K69: 14 | L69: 21 | M69: 14 | N69: 17 | O69: 11 | P69: 11 | Q69: 30 | R69: 10 | S69: 22 | T69: 11 | U69: 15 | V69: =SUM(E69:U69) -> 250
A70: A.2 | B70: 1 | C70: 1. SONNY TRI DANAPARAMITA, S.H., M.H. | E70: 9 | F70: 11 | G70: 14 | H70: 5 | I70: 12 | J70: 11 | K70: 20 | L70: 13 | M70: 17 | N70: 22 | O70: 17 | P70: 37 | Q70: 43 | R70: 15 | S70: 13 | T70: 6 | U70: 19 | V70: =SUM(E70:U70) -> 284
B71: 2 | C71: 2. H. MOHAMAD GUNTUR ROMLI | E71: 2 | F71: 1 | G71: 0 | H71: 1 | I71: 2 | J71: 2 | K71: 5 | L71: 1 | M71: 2 | N71: 1 | O71: 4 | P71: 1 | Q71: 4 | R71: 6 | S71: 3 | T71: 5 | U71: 1 | V71: =SUM(E71:U71) -> 41
B72: 3 | C72: 3. INA AMMANIA | E72: 34 | F72: 40 | G72: 42 | H72: 44 | I72: 18 | J72: 6 | K72: 35 | L72: 31 | M72: 17 | N72: 60 | O72: 43 | P72: 39 | Q72: 18 | R72: 4 | S72: 17 | T72: 19 | U72: 22 | V72: =SUM(E72:U72) -> 489
B73: 4 | C73: 4. IRWAN BACHTIAR RACHMAT, M.Si. | E73: 1 | F73: 0 | G73: 0 | H73: 2 | I73: 0 | J73: 1 | K73: 0 | L73: 0 | M73: 0 | N73: 1 | O73: 0 | P73: 1 | Q73: 0 | R73: 1 | S73: 3 | T73: 1 | U73: 0 | V73: =SUM(E73:U73) -> 11
B74: 5 | C74: 5. LUCKY PERDANA | E74: 6 | F74: 19 | G74: 6 | H74: 6 | I74: 10 | J74: 2 | K74: 8 | L74: 7 | M74: 2 | N74: 8 | O74: 5 | P74: 7 | Q74: 6 | R74: 13 | S74: 25 | T74: 9 | U74: 14 | V74: =SUM(E74:U74) -> 153
B75: 6 | C75: 6. WIWIK PUJIYATI | E75: 0 | F75: 0 | G75: 1 | H75: 0 | I75: 0 | J75: 0 | K75: 2 | L75: 0 | M75: 1 | N75: 1 | O75: 0 | P75: 2 | Q75: 0 | R75: 0 | S75: 1 | T75: 3 | U75: 0 | V75: =SUM(E75:U75) -> 11
B76: 7 | C76: 7. CHANDRA ASTAN, S.T. | E76: 4 | F76: 2 | G76: 1 | H76: 4 | I76: 11 | J76: 6 | K76: 9 | L76: 1 | M76: 1 | N76: 1 | O76: 2 | P76: 0 | Q76: 4 | R76: 1 | S76: 0 | T76: 7 | U76: 2 | V76: =SUM(E76:U76) -> 56
V77: =SUM(E77:U77) -> 0
V78: =SUM(E78:U78) -> 0
A79: B | B79: JUMLAH SUARA SAH PARTAI POLITIK DAN CALON (A1 + A2) | E79: =SUM(E69:E76) -> 68 | F79: =SUM(F69:F76) -> 83 | G79: =SUM(G69:G76) -> 78 | H79: =SUM(H69:H76) -> 79 | I79: =SUM(I69:I76) -> 65 | J79: =SUM(J69:J76) -> 37 | K79: =SUM(K69:K76) -> 93 | L79: =SUM(L69:L76) -> 74 | ... U79: =SUM(U69:U76) -> 73 | V79: =SUM(E79:U79) -> 1295
A81: A.1 | B81: 4. | C81: Partai Golongan Karya | E81: 11 | F81: 4 | G81: 6 | H81: 7 | I81: 5 | J81: 6 | K81: 6 | L81: 4 | M81: 4 | N81: 8 | O81: 7 | P81: 4 | Q81: 9 | R81: 9 | S81: 2 | T81: 1 | U81: 2 | V81: =SUM(E81:U81) -> 95
A82: A.2 | B82: 1 | C82: 1. ZULFIKAR ARSE SADIKIN, S.I.P., M.Si. | E82: 10 | F82: 9 | G82: 8 | H82: 18 | I82: 8 | J82: 10 | K82: 8 | L82: 10 | M82: 4 | N82: 2 | O82: 2 | P82: 2 | Q82: 10 | R82: 3 | S82: 3 | T82: 0 | U82: 1 | V82: =SUM(E82:U82) -> 108
B83: 2 | C83: 2. HANDOKO | E83: 5 | F83: 6 | G83: 9 | H83: 5 | I83: 7 | J83: 0 | K83: 1 | L83: 2 | M83: 1 | N83: 0 | O83: 3 | P83: 3 | Q83: 3 | R83: 4 | S83: 0 | T83: 1 | U83: 7 | V83: =SUM(E83:U83) -> 57
B84: 3 | C84: 3. Hj. OVI DEWI YANTI | E84: 0 | F84: 0 | G84: 1 | H84: 1 | I84: 0 | J84: 1 | K84: 1 | L84: 1 | M84: 0 | N84: 2 | O84: 3 | P84: 1 | Q84: 1 | R84: 0 | S84: 0 | T84: 1 | U84: 1 | V84: =SUM(E84:U84) -> 14
B85: 4 | C85: 4. Ir. AZAM AZMAN NATAWIJANA | E85: 1 | F85: 0 | G85: 2 | H85: 0 | I85: 3 | J85: 0 | K85: 1 | L85: 1 | M85: 1 | N85: 0 | O85: 1 | P85: 1 | Q85: 2 | R85: 1 | S85: 1 | T85: 0 | U85: 2 | V85: =SUM(E85:U85) -> 17
B86: 5 | C86: 5. UBAIDILLAH AMIN, S.Kom. | E86: 3 | F86: 1 | G86: 0 | H86: 0 | I86: 0 | J86: 0 | K86: 0 | L86: 1 | M86: 3 | N86: 0 | O86: 2 | P86: 1 | Q86: 1 | R86: 1 | S86: 2 | T86: 3 | U86: 0 | V86: =SUM(E86:U86) -> 18
B87: 6 | C87: 6. DENNY YUNIANDARI, S.H., M.Kn. | E87: 0 | F87: 0 | G87: 1 | H87: 1 | I87: 0 | J87: 0 | K87: 0 | L87: 0 | M87: 0 | N87: 0 | O87: 0 | P87: 0 | Q87: 0 | R87: 1 | S87: 0 | T87: 0 | U87: 0 | V87: =SUM(E87:U87) -> 3
B88: 7 | C88: 7. ERNADI, S.H.I. | E88: 0 | F88: 0 | G88: 0 | H88: 0 | I88: 0 | J88: 0 | K88: 0 | L88: 0 | M88: 0 | N88: 1 | O88: 0 | P88: 0 | Q88: 0 | R88: 0 | S88: 0 | T88: 0 | U88: 0 | V88: =SUM(E88:U88) -> 1
V89: =SUM(E89:U89) -> 0
V90: =SUM(E90:U90) -> 0
A91: B | B91: JUMLAH SUARA SAH PARTAI POLITIK DAN CALON (A1 + A2) | E91: =SUM(E81:E88) -> 30 | F91: =SUM(F81:F88) -> 20 | G91: =SUM(G81:G88) -> 27 | H91: =SUM(H81:H88) -> 32 | I91: =SUM(I81:I88) -> 23 | J91: =SUM(J81:J88) -> 17 | K91: =SUM(K81:K88) -> 17 | L91: =SUM(L81:L88) -> 19 | ... U91: =SUM(U81:U88) -> 13 | V91: =SUM(E91:U91) -> 313
A93: A.1 | B93: 5. | C93: Partai NasDem | E93: 0 | F93: 0 | G93: 1 | H93: 2 | I93: 0 | J93: 4 | K93: 1 | L93: 0 | M93: 2 | N93: 1 | O93: 2 | P93: 2 | Q93: 3 | R93: 0 | S93: 0 | T93: 3 | U93: 2 | V93: =SUM(E93:U93) -> 23
A94: A.2 | B94: 1 | C94: 1. ACH. FADIL MUZAKKI SYAH | E94: 1 | F94: 0 | G94: 0 | H94: 0 | I94: 3 | J94: 0 | K94: 0 | L94: 0 | M94: 2 | N94: 1 | O94: 4 | P94: 2 | Q94: 0 | R94: 1 | S94: 2 | T94: 1 | U94: 2 | V94: =SUM(E94:U94) -> 19
B95: 2 | C95: 2. BENY | E95: 0 | F95: 0 | G95: 0 | H95: 0 | I95: 1 | J95: 0 | K95: 3 | L95: 1 | M95: 2 | N95: 0 | O95: 0 | P95: 0 | Q95: 0 | R95: 0 | S95: 0 | T95: 0 | U95: 0 | V95: =SUM(E95:U95) -> 7
B96: 3 | C96: 3. VINA VERONIKA | E96: 0 | F96: 0 | G96: 0 | H96: 0 | I96: 0 | J96: 0 | K96: 0 | L96: 0 | M96: 0 | N96: 1 | O96: 0 | P96: 1 | Q96: 0 | R96: 0 | S96: 0 | T96: 0 | U96: 1 | V96: =SUM(E96:U96) -> 3
B97: 4 | C97: 4. TEDDY ANUGRIANTO | E97: 0 | F97: 0 | G97: 0 | H97: 0 | I97: 1 | J97: 0 | K97: 0 | L97: 1 | M97: 0 | N97: 0 | O97: 0 | P97: 0 | Q97: 0 | R97: 2 | S97: 2 | T97: 0 | U97: 0 | V97: =SUM(E97:U97) -> 6
B98: 5 | C98: 5. INSAN KAMIL | E98: 0 | F98: 0 | G98: 0 | H98: 0 | I98: 0 | J98: 0 | K98: 0 | L98: 0 | M98: 0 | N98: 0 | O98: 0 | P98: 0 | Q98: 0 | R98: 0 | S98: 0 | T98: 1 | U98: 0 | V98: =SUM(E98:U98) -> 1
B99: 6 | C99: 6. LILIK LINDARWATI | E99: 0 | F99: 0 | G99: 0 | H99: 0 | I99: 0 | J99: 1 | K99: 0 | L99: 0 | M99: 1 | N99: 1 | O99: 0 | P99: 0 | Q99: 0 | R99: 0 | S99: 0 | T99: 0 | U99: 0 | V99: =SUM(E99:U99) -> 3
B100: 7 | C100: 7. YULI ANITA | E100: 0 | F100: 0 | G100: 0 | H100: 0 | I100: 1 | J100: 0 | K100: 0 | L100: 0 | M100: 0 | N100: 0 | O100: 0 | P100: 0 | Q100: 0 | R100: 0 | S100: 0 | T100: 0 | U100: 0 | V100: =SUM(E100:U100) -> 1
V101: =SUM(E101:U101) -> 0
V102: =SUM(E102:U102) -> 0
A103: B | B103: JUMLAH SUARA SAH PARTAI POLITIK DAN CALON (A1 + A2) | E103: =SUM(E93:E100) -> 1 | F103: =SUM(F93:F100) -> 0 | G103: =SUM(G93:G100) -> 1 | H103: =SUM(H93:H100) -> 2 | I103: =SUM(I93:I100) -> 6 | J103: =SUM(J93:J100) -> 5 | K103: =SUM(K93:K100) -> 4 | L103: =SUM(L93:L100) -> 2 | ... U103: =SUM(U93:U100) -> 5 | V103: =SUM(E103:U103) -> 63
A105: A.1 | B105: 6. | C105: Partai Buruh | E105: 0 | F105: 0 | G105: 0 | H105: 0 | I105: 0 | J105: 0 | K105: 0 | L105: 0 | M105: 2 | N105: 0 | O105: 0 | P105: 0 | Q105: 0 | R105: 3 | S105: 0 | T105: 1 | U105: 0 | V105: =SUM(E105:U105) -> 6
A106: A.2 | B106: 1 | C106: 1. KHOIRUL ANAM | E106: 0 | F106: 0 | G106: 0 | H106: 0 | I106: 0 | J106: 0 | K106: 0 | L106: 0 | M106: 0 | N106: 0 | O106: 0 | P106: 0 | Q106: 0 | R106: 0 | S106: 0 | T106: 0 | U106: 0 | V106: =SUM(E106:U106) -> 0
B107: 2 | C107: 2. INA KURNIA | E107: 0 | F107: 0 | G107: 0 | H107: 1 | I107: 1 | J107: 0 | K107: 0 | L107: 0 | M107: 0 | N107: 0 | O107: 0 | P107: 0 | Q107: 0 | R107: 0 | S107: 0 | T107: 0 | U107: 0 | V107: =SUM(E107:U107) -> 2
B108: 3 | C108: 3. JIBRAL TAROUK | E108: 0 | F108: 0 | G108: 0 | H108: 0 | I108: 0 | J108: 0 | K108: 0 | L108: 0 | M108: 1 | N108: 0 | O108: 0 | P108: 0 | Q108: 0 | R108: 0 | S108: 0 | T108: 0 | U108: 0 | V108: =SUM(E108:U108) -> 1
B109: 4 | C109: 4. ASTUTI DAENG PUJI | E109: 0 | F109: 0 | G109: 0 | H109: 0 | I109: 0 | J109: 0 | K109: 0 | L109: 0 | M109: 0 | N109: 0 | O109: 0 | P109: 0 | Q109: 0 | R109: 0 | S109: 0 | T109: 0 | U109: 0 | V109: =SUM(E109:U109) -> 0
B110: 5 | C110: 5. ASDARMAWAN | E110: 0 | F110: 0 | G110: 0 | H110: 0 | I110: 0 | J110: 0 | K110: 0 | L110: 0 | M110: 0 | N110: 0 | O110: 0 | P110: 0 | Q110: 0 | R110: 0 | S110: 0 | T110: 0 | U110: 0 | V110: =SUM(E110:U110) -> 0
B111: 6 | C111: 6. RIFQI MUBAROK | E111: 0 | F111: 0 | G111: 0 | H111: 0 | I111: 0 | J111: 0 | K111: 0 | L111: 0 | M111: 0 | N111: 0 | O111: 0 | P111: 0 | Q111: 0 | R111: 1 | S111: 0 | T111: 0 | U111: 0 | V111: =SUM(E111:U111) -> 1
B112: 7 | C112: 7. FIRNANDA ALTA MEGA | E112: 0 | F112: 0 | G112: 0 | H112: 0 | I112: 0 | J112: 0 | K112: 0 | L112: 0 | M112: 0 | N112: 0 | O112: 0 | P112: 0 | Q112: 0 | R112: 0 | S112: 0 | T112: 0 | U112: 0 | V112: =SUM(E112:U112) -> 0
V113: =SUM(E113:U113) -> 0
V114: =SUM(E114:U114) -> 0
A115: B | B115: JUMLAH SUARA SAH PARTAI POLITIK DAN CALON (A1 + A2) | E115: =SUM(E105:E112) -> 0 | F115: =SUM(F105:F112) -> 0 | G115: =SUM(G105:G112) -> 0 | H115: =SUM(H105:H112) -> 1 | I115: =SUM(I105:I112) -> 1 | J115: =SUM(J105:J112) -> 0 | K115: =SUM(K105:K112) -> 0 | L115: =SUM(L105:L112) -> 0 | ... U115: =SUM(U105:U112) -> 0 | V115: =SUM(E115:U115) -> 10
A117: A.1 | B117: 7. | C117: Partai Gelombang Rakyat Indonesia | E117: 2 | F117: 0 | G117: 1 | H117: 1 | I117: 1 | J117: 0 | K117: 1 | L117: 0 | M117: 0 | N117: 0 | O117: 0 | P117: 1 | Q117: 1 | R117: 0 | S117: 0 | T117: 0 | U117: 0 | V117: =SUM(E117:U117) -> 8
...

Sheet PENATABAN
C2: Kecamatan | D2: GIRI
C3: Kabupaten | D3: BANYUWANGI
C4: Provinsi | D4: JAWA TIMUR
C9: Kelurahan | D9: PENATABAN
A12: I | B12: DATA PEMILIH DAN PENGGUNAAN HAK PILIH | V12: JUMLAH AKHIR
A13: A | B13: DATA PEMILIH | E13: TPS 001 | F13: TPS 002 | G13: TPS 003 | H13: TPS 004 | I13: TPS 005 | J13: TPS 006 | K13: TPS 007 | L13: TPS 008 | M13: TPS 009 | N13: TPS 010 | O13: TPS 011 | P13: TPS 012 | Q13: TPS 013 | R13: TPS 901 | S13: TPS 902 | T13: TPS 903 | U13: TPS 904
B14: Jumlah Pemilih dalam Daftar Pemilih Tetap (DPT) | D14: LK | E14: 142 | F14: 145 | G14: 140 | H14: 144 | I14: 144 | J14: 147 | K14: 145 | L14: 159 | M14: 142 | N14: 129 | O14: 143 | P14: 115 | Q14: 77 | R14: 249 | S14: 252 | T14: 235 | U14: 189 | V14: =SUM(E14:U14) -> 2697
D15: PR | E15: 147 | F15: 150 | G15: 151 | H15: 141 | I15: 147 | J15: 138 | K15: 140 | L15: 134 | M15: 131 | N15: 137 | O15: 154 | P15: 134 | Q15: 97 | R15: 9 | S15: 7 | T15: 14 | U15: 8 | V15: =SUM(E15:U15) -> 1839
D16: JML | E16: =SUM(E14:E15) -> 289 | F16: =SUM(F14:F15) -> 295 | G16: =SUM(G14:G15) -> 291 | H16: =SUM(H14:H15) -> 285 | I16: =SUM(I14:I15) -> 291 | J16: =SUM(J14:J15) -> 285 | K16: =SUM(K14:K15) -> 285 | L16: =SUM(L14:L15) -> 293 | ... U16: =SUM(U14:U15) -> 197 | V16: =SUM(E16:U16) -> 4536
A18: B | B18: PENGGUNA HAK PILIH
B19: 1. | C19: Jumlah pengguna hak pilih dalam Daftar Pemilih Tetap (DPT) | D19: LK | E19: 114 | F19: 114 | G19: 108 | H19: 107 | I19: 111 | J19: 111 | K19: 124 | L19: 116 | M19: 122 | N19: 107 | O19: 117 | P19: 92 | Q19: 63 | R19: 151 | S19: 174 | T19: 126 | U19: 45 | V19: =SUM(E19:U19) -> 1902
D20: PR | E20: 124 | F20: 114 | G20: 128 | H20: 115 | I20: 125 | J20: 116 | K20: 123 | L20: 110 | M20: 121 | N20: 115 | O20: 126 | P20: 102 | Q20: 85 | R20: 6 | S20: 6 | T20: 5 | U20: 5 | V20: =SUM(E20:U20) -> 1526
D21: JML | E21: =SUM(E19:E20) -> 238 | F21: =SUM(F19:F20) -> 228 | G21: =SUM(G19:G20) -> 236 | H21: =SUM(H19:H20) -> 222 | I21: =SUM(I19:I20) -> 236 | J21: =SUM(J19:J20) -> 227 | K21: =SUM(K19:K20) -> 247 | L21: =SUM(L19:L20) -> 226 | ... U21: =SUM(U19:U20) -> 50 | V21: =SUM(E21:U21) -> 3428
B22: 2. | C22: Jumlah pengguna hak pilih dalam Daftar Pemilih Tambahan (DPTb) | D22: LK | E22: 0 | F22: 2 | G22: 0 | H22: 0 | I22: 0 | J22: 0 | K22: 1 | L22: 0 | M22: 0 | N22: 0 | O22: 0 | P22: 0 | Q22: 1 | R22: 80 | S22: 75 | T22: 83 | U22: 69 | V22: =SUM(E22:U22) -> 311
D23: PR | E23: 1 | F23: 0 | G23: 1 | H23: 0 | I23: 0 | J23: 0 | K23: 0 | L23: 0 | M23: 0 | N23: 0 | O23: 0 | P23: 0 | Q23: 1 | R23: 2 | S23: 2 | T23: 8 | U23: 4 | V23: =SUM(E23:U23) -> 19
D24: JML | E24: =SUM(E22:E23) -> 1 | F24: =SUM(F22:F23) -> 2 | G24: =SUM(G22:G23) -> 1 | H24: =SUM(H22:H23) -> 0 | I24: =SUM(I22:I23) -> 0 | J24: =SUM(J22:J23) -> 0 | K24: =SUM(K22:K23) -> 1 | L24: =SUM(L22:L23) -> 0 | ... U24: =SUM(U22:U23) -> 73 | V24: =SUM(E24:U24) -> 330
B25: 3. | C25: Jumlah pengguna hak pilih dalam Daftar Pemilih Khusus (DPK) | D25: LK | E25: 0 | F25: 1 | G25: 2 | H25: 1 | I25: 0 | J25: 3 | K25: 2 | L25: 3 | M25: 1 | N25: 0 | O25: 0 | P25: 0 | Q25: 0 | R25: 0 | S25: 0 | T25: 0 | U25: 0 | V25: =SUM(E25:U25) -> 13
D26: PR | E26: 0 | F26: 0 | G26: 4 | H26: 1 | I26: 2 | J26: 1 | K26: 1 | L26: 3 | M26: 1 | N26: 0 | O26: 3 | P26: 3 | Q26: 1 | R26: 0 | S26: 0 | T26: 0 | U26: 0 | V26: =SUM(E26:U26) -> 20
D27: JML | E27: =SUM(E25:E26) -> 0 | F27: =SUM(F25:F26) -> 1 | G27: =SUM(G25:G26) -> 6 | H27: =SUM(H25:H26) -> 2 | I27: =SUM(I25:I26) -> 2 | J27: =SUM(J25:J26) -> 4 | K27: =SUM(K25:K26) -> 3 | L27: =SUM(L25:L26) -> 6 | ... U27: =SUM(U25:U26) -> 0 | V27: =SUM(E27:U27) -> 33
B28: 4. | C28: Jumlah Pengguna Hak Pilih (B.1+B.2+B.3) | D28: LK | E28: =SUM(E19,E22,E25) -> 114 | F28: =SUM(F19,F22,F25) -> 117 | G28: =SUM(G19,G22,G25) -> 110 | H28: =SUM(H19,H22,H25) -> 108 | I28: =SUM(I19,I22,I25) -> 111 | J28: =SUM(J19,J22,J25) -> 114 | K28: =SUM(K19,K22,K25) -> 127 | L28: =SUM(L19,L22,L25) -> 119 | ... U28: =SUM(U19,U22,U25) -> 114 | V28: =SUM(E28:U28) -> 2226
D29: PR | E29: =SUM(E20,E23,E26) -> 125 | F29: =SUM(F20,F23,F26) -> 114 | G29: =SUM(G20,G23,G26) -> 133 | H29: =SUM(H20,H23,H26) -> 116 | I29: =SUM(I20,I23,I26) -> 127 | J29: =SUM(J20,J23,J26) -> 117 | K29: =SUM(K20,K23,K26) -> 124 | L29: =SUM(L20,L23,L26) -> 113 | ... U29: =SUM(U20,U23,U26) -> 9 | V29: =SUM(E29:U29) -> 1565
D30: JML | E30: =SUM(E28:E29) -> 239 | F30: =SUM(F28:F29) -> 231 | G30: =SUM(G28:G29) -> 243 | H30: =SUM(H28:H29) -> 224 | I30: =SUM(I28:I29) -> 238 | J30: =SUM(J28:J29) -> 231 | K30: =SUM(K28:K29) -> 251 | L30: =SUM(L28:L29) -> 232 | ... U30: =SUM(U28:U29) -> 123 | V30: =SUM(E30:U30) -> 3791
A32: II | B32: DATA PENGGUNAAN SURAT SUARA
A33: 1 | B33: Jumlah surat suara yang diterima, termasuk surat suara cadangan 2,5% dari DPT | E33: 293 | F33: 299 | G33: 295 | H33: 289 | I33: 295 | J33: 289 | K33: 289 | L33: 297 | M33: 277 | N33: 270 | O33: 301 | P33: 253 | Q33: 276 | R33: 264 | S33: 265 | T33: 254 | U33: 201 | V33: =SUM(E33:U33) -> 4707
A34: 2 | B34: Jumlah surat suara yang digunakan | E34: 239 | F34: 231 | G34: 243 | H34: 224 | I34: 238 | J34: 231 | K34: 251 | L34: 232 | M34: 245 | N34: 222 | O34: 246 | P34: 197 | Q34: 151 | R34: 239 | S34: 257 | T34: 222 | U34: 123 | V34: =SUM(E34:U34) -> 3791
A35: 3 | B35: Jumlah surat suara dikembalikan oleh pemilih (karena rusak atau keliru coblos) | E35: 0 | F35: 1 | G35: 0 | H35: 0 | I35: 1 | J35: 0 | K35: 0 | L35: 0 | M35: 0 | N35: 0 | O35: 1 | P35: 2 | Q35: 0 | R35: 1 | S35: 0 | T35: 0 | U35: 0 | V35: =SUM(E35:U35) -> 6
A36: 4 | B36: Jumlah surat suara yang tidak digunakan/tidak terpakai, termasuk sisa surat suara cadangan | E36: =E33-(E34+E35) -> 54 | F36: =F33-(F34+F35) -> 67 | G36: =G33-(G34+G35) -> 52 | H36: =H33-(H34+H35) -> 65 | I36: =I33-(I34+I35) -> 56 | J36: =J33-(J34+J35) -> 58 | K36: =K33-(K34+K35) -> 38 | L36: =L33-(L34+L35) -> 65 | ... U36: =U33-(U34+U35) -> 78 | V36: =SUM(E36:U36) -> 910
A38: III | B38: DATA PEMILIH DISABILITAS
B39: Jumlah seluruh Pemilih disabilitas yang menggunakan hak pilih | D39: LK | E39: 0 | F39: 0 | G39: 0 | H39: 0 | I39: 0 | J39: 0 | K39: 0 | L39: 0 | M39: 0 | N39: 0 | O39: 0 | P39: 2 | Q39: 0 | R39: 0 | S39: 2 | V39: =SUM(E39:U39) -> 4
D40: PR | E40: 0 | F40: 0 | G40: 0 | H40: 0 | I40: 0 | J40: 0 | K40: 0 | L40: 0 | M40: 0 | N40: 0 | O40: 0 | P40: 3 | Q40: 0 | R40: 0 | S40: 0 | V40: =SUM(E40:U40) -> 3
D41: JML | E41: =SUM(E39:E40) -> 0 | F41: =SUM(F39:F40) -> 0 | G41: =SUM(G39:G40) -> 0 | H41: =SUM(H39:H40) -> 0 | I41: =SUM(I39:I40) -> 0 | J41: =SUM(J39:J40) -> 0 | K41: =SUM(K39:K40) -> 0 | L41: =SUM(L39:L40) -> 0 | ... U41: =SUM(U39:U40) -> 0 | V41: =SUM(E41:U41) -> 7
A43: IV | B43: DATA RINCIAN PEROLEHAN SUARA PASANGAN CALON BUPATI DAN WAKIL BUPATI
A44: NOMOR DAN NAMA CALON
A45: A.1 | B45: 1. | C45: Partai Kebangkitan Bangsa | E45: 10 | F45: 9 | G45: 15 | H45: 14 | I45: 14 | J45: 5 | K45: 12 | L45: 7 | M45: 15 | N45: 8 | O45: 11 | P45: 4 | Q45: 2 | R45: 2 | S45: 5 | T45: 5 | U45: 3 | V45: =SUM(E45:U45) -> 141
A46: A.2 | B46: 1 | C46: 1. Dr. Hj. NIHAYATUL WAFIROH, M.A. | E46: 54 | F46: 38 | G46: 31 | H46: 27 | I46: 38 | J46: 31 | K46: 37 | L46: 51 | M46: 46 | N46: 36 | O46: 20 | P46: 4 | Q46: 27 | R46: 6 | S46: 4 | T46: 3 | U46: 1 | V46: =SUM(E46:U46) -> 454
B47: 2 | C47: 2. H. M. NASIM KHAN | E47: 3 | F47: 4 | G47: 3 | H47: 2 | I47: 2 | J47: 7 | K47: 4 | L47: 5 | M47: 14 | N47: 3 | O47: 3 | P47: 0 | Q47: 1 | R47: 3 | S47: 4 | T47: 1 | U47: 5 | V47: =SUM(E47:U47) -> 64
B48: 3 | C48: 3. Dr. H. AKIK ZAMAN, M.Pd.I. | E48: 1 | F48: 0 | G48: 1 | H48: 0 | I48: 0 | J48: 1 | K48: 1 | L48: 0 | M48: 0 | N48: 1 | O48: 1 | P48: 0 | Q48: 0 | R48: 1 | S48: 1 | T48: 0 | U48: 0 | V48: =SUM(E48:U48) -> 8
B49: 4 | C49: 4. AHMAD RIFA'I, S.H. | E49: 0 | F49: 1 | G49: 0 | H49: 1 | I49: 1 | J49: 3 | K49: 0 | L49: 1 | M49: 1 | N49: 0 | O49: 0 | P49: 2 | Q49: 1 | R49: 0 | S49: 1 | T49: 3 | U49: 1 | V49: =SUM(E49:U49) -> 16
B50: 5 | C50: 5. Drs. H. MAHFUD M.N. | E50: 0 | F50: 0 | G50: 0 | H50: 1 | I50: 1 | J50: 2 | K50: 0 | L50: 0 | M50: 1 | N50: 0 | O50: 0 | P50: 0 | Q50: 1 | R50: 2 | S50: 0 | T50: 1 | U50: 0 | V50: =SUM(E50:U50) -> 9
B51: 6 | C51: 6. NURHAYATI, S.Pd. | E51: 2 | F51: 0 | G51: 0 | H51: 0 | I51: 0 | J51: 0 | K51: 0 | L51: 0 | M51: 0 | N51: 0 | O51: 1 | P51: 0 | Q51: 1 | R51: 0 | S51: 2 | T51: 0 | U51: 0 | V51: =SUM(E51:U51) -> 6
B52: 7 | C52: 7. MAFTUHA KISWAH | E52: 2 | F52: 0 | G52: 0 | H52: 1 | I52: 2 | J52: 0 | K52: 0 | L52: 0 | M52: 0 | N52: 0 | O52: 0 | P52: 2 | Q52: 1 | R52: 0 | S52: 0 | T52: 0 | U52: 0 | V52: =SUM(E52:U52) -> 8
V53: =SUM(E53:U53) -> 0
V54: =SUM(E54:U54) -> 0
A55: B | B55: JUMLAH SUARA SAH PARTAI POLITIK DAN CALON (A1 + A2) | E55: =SUM(E45:E52) -> 72 | F55: =SUM(F45:F52) -> 52 | G55: =SUM(G45:G52) -> 50 | H55: =SUM(H45:H52) -> 46 | I55: =SUM(I45:I52) -> 58 | J55: =SUM(J45:J52) -> 49 | K55: =SUM(K45:K52) -> 54 | L55: =SUM(L45:L52) -> 64 | ... U55: =SUM(U45:U52) -> 10 | V55: =SUM(E55:U55) -> 706
A57: A.1 | B57: 2. | C57: Partai Gerakan Indonesia Raya | E57: 14 | F57: 16 | G57: 7 | H57: 11 | I57: 6 | J57: 9 | K57: 5 | L57: 2 | M57: 7 | N57: 10 | O57: 19 | P57: 13 | Q57: 10 | R57: 12 | S57: 10 | T57: 21 | U57: 7 | V57: =SUM(E57:U57) -> 179
A58: A.2 | B58: 1 | C58: 1. SUMAIL ABDULLAH | E58: 16 | F58: 13 | G58: 17 | H58: 20 | I58: 31 | J58: 15 | K58: 14 | L58: 12 | M58: 15 | N58: 21 | O58: 21 | P58: 16 | Q58: 8 | R58: 33 | S58: 13 | T58: 18 | U58: 15 | V58: =SUM(E58:U58) -> 298
B59: 2 | C59: 2. MUHAMMAD ALI ADRIAN SALEH | E59: 4 | F59: 6 | G59: 1 | H59: 3 | I59: 3 | J59: 5 | K59: 0 | L59: 2 | M59: 0 | N59: 2 | O59: 5 | P59: 1 | Q59: 1 | R59: 11 | S59: 10 | T59: 10 | U59: 6 | V59: =SUM(E59:U59) -> 70
B60: 3 | C60: 3. DURROTUN NAFISAH | E60: 1 | F60: 2 | G60: 0 | H60: 1 | I60: 0 | J60: 2 | K60: 1 | L60: 1 | M60: 3 | N60: 0 | O60: 2 | P60: 1 | Q60: 2 | R60: 1 | S60: 4 | T60: 4 | U60: 2 | V60: =SUM(E60:U60) -> 27
B61: 4 | C61: 4. H. EKO SUSILO NURHIDAYAT | E61: 1 | F61: 0 | G61: 1 | H61: 0 | I61: 1 | J61: 1 | K61: 0 | L61: 0 | M61: 0 | N61: 1 | O61: 1 | P61: 2 | Q61: 0 | R61: 4 | S61: 5 | T61: 6 | U61: 1 | V61: =SUM(E61:U61) -> 24
B62: 5 | C62: 5. KARNADI HARIJANTO, S.S. | E62: 0 | F62: 2 | G62: 0 | H62: 0 | I62: 1 | J62: 0 | K62: 1 | L62: 0 | M62: 0 | N62: 1 | O62: 0 | P62: 0 | Q62: 0 | R62: 0 | S62: 0 | T62: 1 | U62: 0 | V62: =SUM(E62:U62) -> 6
B63: 6 | C63: 6. NURHAYATI | E63: 0 | F63: 0 | G63: 3 | H63: 0 | I63: 0 | J63: 0 | K63: 1 | L63: 3 | M63: 0 | N63: 0 | O63: 0 | P63: 1 | Q63: 0 | R63: 1 | S63: 6 | T63: 4 | U63: 2 | V63: =SUM(E63:U63) -> 21
B64: 7 | C64: 7. MASHUDI | E64: 0 | F64: 0 | G64: 0 | H64: 4 | I64: 0 | J64: 0 | K64: 0 | L64: 0 | M64: 3 | N64: 0 | O64: 1 | P64: 0 | Q64: 0 | R64: 1 | S64: 0 | T64: 1 | U64: 0 | V64: =SUM(E64:U64) -> 10
V65: =SUM(E65:U65) -> 0
V66: =SUM(E66:U66) -> 0
A67: B | B67: JUMLAH SUARA SAH PARTAI POLITIK DAN CALON (A1 + A2) | E67: =SUM(E57:E64) -> 36 | F67: =SUM(F57:F64) -> 39 | G67: =SUM(G57:G64) -> 29 | H67: =SUM(H57:H64) -> 39 | I67: =SUM(I57:I64) -> 42 | J67: =SUM(J57:J64) -> 32 | K67: =SUM(K57:K64) -> 22 | L67: =SUM(L57:L64) -> 20 | ... U67: =SUM(U57:U64) -> 33 | V67: =SUM(E67:U67) -> 635
A69: A.1 | B69: 3. | C69: Partai Demokrasi Indonesia Perjuangan | E69: 6 | F69: 6 | G69: 4 | H69: 12 | I69: 2 | J69: 5 | K69: 10 | L69: 5 | M69: 10 | N69: 12 | O69: 11 | P69: 8 | Q69: 7 | R69: 24 | S69: 18 | T69: 26 | U69: 15 | V69: =SUM(E69:U69) -> 181
A70: A.2 | B70: 1 | C70: 1. SONNY TRI DANAPARAMITA, S.H., M.H. | E70: 11 | F70: 19 | G70: 10 | H70: 3 | I70: 8 | J70: 7 | K70: 16 | L70: 10 | M70: 5 | N70: 7 | O70: 9 | P70: 11 | Q70: 9 | R70: 18 | S70: 23 | T70: 13 | U70: 8 | V70: =SUM(E70:U70) -> 187
B71: 2 | C71: 2. H. MOHAMAD GUNTUR ROMLI | E71: 20 | F71: 9 | G71: 6 | H71: 2 | I71: 13 | J71: 5 | K71: 5 | L71: 1 | M71: 6 | N71: 2 | O71: 8 | P71: 12 | Q71: 0 | R71: 21 | S71: 31 | T71: 18 | U71: 14 | V71: =SUM(E71:U71) -> 173
B72: 3 | C72: 3. INA AMMANIA | E72: 0 | F72: 3 | G72: 1 | H72: 3 | I72: 5 | J72: 1 | K72: 46 | L72: 0 | M72: 61 | N72: 43 | O72: 45 | P72: 11 | Q72: 2 | R72: 11 | S72: 15 | T72: 19 | U72: 6 | V72: =SUM(E72:U72) -> 272
B73: 4 | C73: 4. IRWAN BACHTIAR RACHMAT, M.Si. | E73: 0 | F73: 0 | G73: 1 | H73: 0 | I73: 1 | J73: 1 | K73: 0 | L73: 0 | M73: 1 | N73: 0 | O73: 0 | P73: 1 | Q73: 0 | R73: 7 | S73: 3 | T73: 5 | U73: 1 | V73: =SUM(E73:U73) -> 21
B74: 5 | C74: 5. LUCKY PERDANA | E74: 11 | F74: 6 | G74: 2 | H74: 9 | I74: 5 | J74: 3 | K74: 2 | L74: 4 | M74: 3 | N74: 2 | O74: 6 | P74: 13 | Q74: 11 | R74: 8 | S74: 8 | T74: 5 | U74: 8 | V74: =SUM(E74:U74) -> 106
B75: 6 | C75: 6. WIWIK PUJIYATI | E75: 0 | F75: 0 | G75: 0 | H75: 0 | I75: 0 | J75: 0 | K75: 0 | L75: 0 | M75: 0 | N75: 0 | O75: 0 | P75: 0 | Q75: 1 | R75: 5 | S75: 10 | T75: 7 | U75: 2 | V75: =SUM(E75:U75) -> 25
B76: 7 | C76: 7. CHANDRA ASTAN, S.T. | E76: 4 | F76: 7 | G76: 6 | H76: 11 | I76: 10 | J76: 3 | K76: 4 | L76: 2 | M76: 3 | N76: 5 | O76: 8 | P76: 4 | Q76: 2 | R76: 0 | S76: 2 | T76: 1 | U76: 0 | V76: =SUM(E76:U76) -> 72
V77: =SUM(E77:U77) -> 0
V78: =SUM(E78:U78) -> 0
A79: B | B79: JUMLAH SUARA SAH PARTAI POLITIK DAN CALON (A1 + A2) | E79: =SUM(E69:E76) -> 52 | F79: =SUM(F69:F76) -> 50 | G79: =SUM(G69:G76) -> 30 | H79: =SUM(H69:H76) -> 40 | I79: =SUM(I69:I76) -> 44 | J79: =SUM(J69:J76) -> 25 | K79: =SUM(K69:K76) -> 83 | L79: =SUM(L69:L76) -> 22 | ... U79: =SUM(U69:U76) -> 54 | V79: =SUM(E79:U79) -> 1037
A81: A.1 | B81: 4. | C81: Partai Golongan Karya | E81: 6 | F81: 1 | G81: 5 | H81: 4 | I81: 0 | J81: 0 | K81: 3 | L81: 5 | M81: 3 | N81: 1 | O81: 2 | P81: 3 | Q81: 0 | R81: 2 | S81: 2 | T81: 1 | U81: 0 | V81: =SUM(E81:U81) -> 38
A82: A.2 | B82: 1 | C82: 1. ZULFIKAR ARSE SADIKIN, S.I.P., M.Si. | E82: 8 | F82: 5 | G82: 41 | H82: 12 | I82: 4 | J82: 4 | K82: 5 | L82: 12 | M82: 5 | N82: 10 | O82: 8 | P82: 7 | Q82: 1 | R82: 3 | S82: 7 | T82: 5 | U82: 0 | V82: =SUM(E82:U82) -> 137
B83: 2 | C83: 2. HANDOKO | E83: 1 | F83: 8 | G83: 9 | H83: 2 | I83: 10 | J83: 15 | K83: 7 | L83: 8 | M83: 4 | N83: 0 | O83: 4 | P83: 2 | Q83: 1 | R83: 1 | S83: 3 | T83: 0 | U83: 3 | V83: =SUM(E83:U83) -> 78
B84: 3 | C84: 3. Hj. OVI DEWI YANTI | E84: 0 | F84: 0 | G84: 0 | H84: 1 | I84: 0 | J84: 0 | K84: 0 | L84: 0 | M84: 0 | N84: 1 | O84: 1 | P84: 6 | Q84: 1 | R84: 0 | S84: 3 | T84: 2 | U84: 0 | V84: =SUM(E84:U84) -> 15
B85: 4 | C85: 4. Ir. AZAM AZMAN NATAWIJANA | E85: 1 | F85: 0 | G85: 1 | H85: 2 | I85: 1 | J85: 1 | K85: 0 | L85: 0 | M85: 0 | N85: 0 | O85: 0 | P85: 5 | Q85: 1 | R85: 0 | S85: 0 | T85: 0 | U85: 0 | V85: =SUM(E85:U85) -> 12
B86: 5 | C86: 5. UBAIDILLAH AMIN, S.Kom. | E86: 0 | F86: 2 | G86: 1 | H86: 0 | I86: 0 | J86: 0 | K86: 0 | L86: 0 | M86: 1 | N86: 3 | O86: 2 | P86: 2 | Q86: 1 | R86: 0 | S86: 0 | T86: 0 | U86: 0 | V86: =SUM(E86:U86) -> 12
B87: 6 | C87: 6. DENNY YUNIANDARI, S.H., M.Kn. | E87: 0 | F87: 0 | G87: 0 | H87: 0 | I87: 2 | J87: 0 | K87: 0 | L87: 1 | M87: 0 | N87: 0 | O87: 0 | P87: 0 | Q87: 0 | R87: 0 | S87: 0 | T87: 0 | U87: 0 | V87: =SUM(E87:U87) -> 3
B88: 7 | C88: 7. ERNADI, S.H.I. | E88: 0 | F88: 0 | G88: 0 | H88: 0 | I88: 0 | J88: 0 | K88: 0 | L88: 0 | M88: 0 | N88: 1 | O88: 0 | P88: 0 | Q88: 0 | R88: 0 | S88: 0 | T88: 0 | U88: 0 | V88: =SUM(E88:U88) -> 1
V89: =SUM(E89:U89) -> 0
V90: =SUM(E90:U90) -> 0
A91: B | B91: JUMLAH SUARA SAH PARTAI POLITIK DAN CALON (A1 + A2) | E91: =SUM(E81:E88) -> 16 | F91: =SUM(F81:F88) -> 16 | G91: =SUM(G81:G88) -> 57 | H91: =SUM(H81:H88) -> 21 | I91: =SUM(I81:I88) -> 17 | J91: =SUM(J81:J88) -> 20 | K91: =SUM(K81:K88) -> 15 | L91: =SUM(L81:L88) -> 26 | ... U91: =SUM(U81:U88) -> 3 | V91: =SUM(E91:U91) -> 296
A93: A.1 | B93: 5. | C93: Partai NasDem | E93: 1 | F93: 1 | G93: 6 | H93: 6 | I93: 5 | J93: 1 | K93: 2 | L93: 0 | M93: 0 | N93: 3 | O93: 2 | P93: 1 | Q93: 1 | R93: 1 | S93: 1 | T93: 0 | U93: 0 | V93: =SUM(E93:U93) -> 31
A94: A.2 | B94: 1 | C94: 1. ACH. FADIL MUZAKKI SYAH | E94: 4 | F94: 14 | G94: 13 | H94: 2 | I94: 4 | J94: 4 | K94: 6 | L94: 0 | M94: 3 | N94: 5 | O94: 1 | P94: 0 | Q94: 0 | R94: 2 | S94: 2 | T94: 0 | U94: 1 | V94: =SUM(E94:U94) -> 61
B95: 2 | C95: 2. BENY | E95: 0 | F95: 0 | G95: 2 | H95: 1 | I95: 0 | J95: 0 | K95: 2 | L95: 0 | M95: 0 | N95: 0 | O95: 0 | P95: 1 | Q95: 0 | R95: 2 | S95: 1 | T95: 0 | U95: 1 | V95: =SUM(E95:U95) -> 10
B96: 3 | C96: 3. VINA VERONIKA | E96: 0 | F96: 0 | G96: 0 | H96: 0 | I96: 0 | J96: 1 | K96: 0 | L96: 0 | M96: 0 | N96: 0 | O96: 0 | P96: 0 | Q96: 0 | R96: 0 | S96: 1 | T96: 0 | U96: 0 | V96: =SUM(E96:U96) -> 2
B97: 4 | C97: 4. TEDDY ANUGRIANTO | E97: 0 | F97: 0 | G97: 0 | H97: 0 | I97: 0 | J97: 0 | K97: 0 | L97: 0 | M97: 0 | N97: 0 | O97: 0 | P97: 0 | Q97: 0 | R97: 0 | S97: 0 | T97: 2 | U97: 0 | V97: =SUM(E97:U97) -> 2
B98: 5 | C98: 5. INSAN KAMIL | E98: 4 | F98: 1 | G98: 2 | H98: 0 | I98: 0 | J98: 0 | K98: 0 | L98: 1 | M98: 1 | N98: 0 | O98: 0 | P98: 0 | Q98: 0 | R98: 0 | S98: 0 | T98: 1 | U98: 0 | V98: =SUM(E98:U98) -> 10
B99: 6 | C99: 6. LILIK LINDARWATI | E99: 0 | F99: 0 | G99: 0 | H99: 0 | I99: 0 | J99: 0 | K99: 0 | L99: 0 | M99: 0 | N99: 0 | O99: 0 | P99: 0 | Q99: 1 | R99: 0 | S99: 0 | T99: 0 | U99: 0 | V99: =SUM(E99:U99) -> 1
B100: 7 | C100: 7. YULI ANITA | E100: 0 | F100: 0 | G100: 0 | H100: 0 | I100: 0 | J100: 0 | K100: 0 | L100: 0 | M100: 0 | N100: 0 | O100: 0 | P100: 1 | Q100: 0 | R100: 1 | S100: 1 | T100: 0 | U100: 0 | V100: =SUM(E100:U100) -> 3
V101: =SUM(E101:U101) -> 0
V102: =SUM(E102:U102) -> 0
A103: B | B103: JUMLAH SUARA SAH PARTAI POLITIK DAN CALON (A1 + A2) | E103: =SUM(E93:E100) -> 9 | F103: =SUM(F93:F100) -> 16 | G103: =SUM(G93:G100) -> 23 | H103: =SUM(H93:H100) -> 9 | I103: =SUM(I93:I100) -> 9 | J103: =SUM(J93:J100) -> 6 | K103: =SUM(K93:K100) -> 10 | L103: =SUM(L93:L100) -> 1 | ... U103: =SUM(U93:U100) -> 2 | V103: =SUM(E103:U103) -> 120
A105: A.1 | B105: 6. | C105: Partai Buruh | E105: 0 | F105: 0 | G105: 0 | H105: 1 | I105: 0 | J105: 1 | K105: 0 | L105: 0 | M105: 0 | N105: 0 | O105: 0 | P105: 0 | Q105: 0 | R105: 0 | S105: 0 | T105: 0 | U105: 0 | V105: =SUM(E105:U105) -> 2
A106: A.2 | B106: 1 | C106: 1. KHOIRUL ANAM | E106: 0 | F106: 0 | G106: 0 | H106: 0 | I106: 0 | J106: 0 | K106: 0 | L106: 0 | M106: 0 | N106: 0 | O106: 0 | P106: 0 | Q106: 0 | R106: 0 | S106: 0 | T106: 0 | U106: 0 | V106: =SUM(E106:U106) -> 0
B107: 2 | C107: 2. INA KURNIA | E107: 0 | F107: 0 | G107: 0 | H107: 0 | I107: 0 | J107: 0 | K107: 0 | L107: 0 | M107: 0 | N107: 0 | O107: 0 | P107: 0 | Q107: 0 | R107: 0 | S107: 0 | T107: 0 | U107: 0 | V107: =SUM(E107:U107) -> 0
B108: 3 | C108: 3. JIBRAL TAROUK | E108: 0 | F108: 0 | G108: 0 | H108: 0 | I108: 0 | J108: 0 | K108: 0 | L108: 0 | M108: 0 | N108: 0 | O108: 0 | P108: 0 | Q108: 0 | R108: 0 | S108: 0 | T108: 0 | U108: 0 | V108: =SUM(E108:U108) -> 0
B109: 4 | C109: 4. ASTUTI DAENG PUJI | E109: 0 | F109: 0 | G109: 0 | H109: 0 | I109: 0 | J109: 0 | K109: 0 | L109: 0 | M109: 0 | N109: 0 | O109: 0 | P109: 0 | Q109: 0 | R109: 0 | S109: 0 | T109: 0 | U109: 0 | V109: =SUM(E109:U109) -> 0
B110: 5 | C110: 5. ASDARMAWAN | E110: 0 | F110: 0 | G110: 0 | H110: 0 | I110: 0 | J110: 0 | K110: 0 | L110: 0 | M110: 0 | N110: 0 | O110: 0 | P110: 0 | Q110: 0 | R110: 0 | S110: 0 | T110: 0 | U110: 0 | V110: =SUM(E110:U110) -> 0
B111: 6 | C111: 6. RIFQI MUBAROK | E111: 0 | F111: 0 | G111: 0 | H111: 0 | I111: 0 | J111: 0 | K111: 0 | L111: 0 | M111: 0 | N111: 0 | O111: 0 | P111: 1 | Q111: 0 | R111: 0 | S111: 0 | T111: 0 | U111: 0 | V111: =SUM(E111:U111) -> 1
B112: 7 | C112: 7. FIRNANDA ALTA MEGA | E112: 0 | F112: 0 | G112: 0 | H112: 0 | I112: 0 | J112: 0 | K112: 0 | L112: 0 | M112: 0 | N112: 0 | O112: 0 | P112: 0 | Q112: 0 | R112: 0 | S112: 0 | T112: 0 | U112: 0 | V112: =SUM(E112:U112) -> 0
V113: =SUM(E113:U113) -> 0
V114: =SUM(E114:U114) -> 0
A115: B | B115: JUMLAH SUARA SAH PARTAI POLITIK DAN CALON (A1 + A2) | E115: =SUM(E105:E112) -> 0 | F115: =SUM(F105:F112) -> 0 | G115: =SUM(G105:G112) -> 0 | H115: =SUM(H105:H112) -> 1 | I115: =SUM(I105:I112) -> 0 | J115: =SUM(J105:J112) -> 1 | K115: =SUM(K105:K112) -> 0 | L115: =SUM(L105:L112) -> 0 | ... U115: =SUM(U105:U112) -> 0 | V115: =SUM(E115:U115) -> 3
A117: A.1 | B117: 7. | C117: Partai Gelombang Rakyat Indonesia | E117: 1 | F117: 0 | G117: 0 | H117: 0 | I117: 0 | J117: 0 | K117: 0 | L117: 0 | M117: 2 | N117: 0 | O117: 0 | P117: 0 | Q117: 1 | R117: 0 | S117: 0 | T117: 0 | U117: 0 | V117: =SUM(E117:U117) -> 4
...
