Workbook

Sheet DPR
C8: Kecamatan | D8: TEGALSARI
C9: Kabupaten | D9: BANYUWANGI
C10: Provinsi | D10: JAWA TIMUR
A12: I | B12: DATA PEMILIH DAN PENGGUNAAN HAK PILIH | E12: JUMLAH AKHIR
A13: A | B13: DATA PEMILIH
B14: Jumlah Pemilih dalam Daftar Pemilih Tetap (DPT) | D14: LK | E14: =DASRI!AA14+KARANGDORO!AV14+KARANGMULYO!W14+TAMANSARI!AA14+TEGALREJO!AB14+TEGALSARI!AU14 -> 21381
D15: PR | E15: =DASRI!AA15+KARANGDORO!AV15+KARANGMULYO!W15+TAMANSARI!AA15+TEGALREJO!AB15+TEGALSARI!AU15 -> 21258
D16: JML | E16: =SUM(E14:E15) -> 42639
A18: B | B18: PENGGUNA HAK PILIH
B19: 1. | C19: Jumlah pengguna hak pilih dalam Daftar Pemilih Tetap (DPT) | D19: LK | E19: =DASRI!AA19+KARANGDORO!AV19+KARANGMULYO!W19+TAMANSARI!AA19+TEGALREJO!AB19+TEGALSARI!AU19 -> 14885
D20: PR | E20: =DASRI!AA20+KARANGDORO!AV20+KARANGMULYO!W20+TAMANSARI!AA20+TEGALREJO!AB20+TEGALSARI!AU20 -> 15702
D21: JML | E21: =SUM(E19:E20) -> 30587
B22: 2. | C22: Jumlah pengguna hak pilih dalam Daftar Pemilih Tambahan (DPTb) | D22: LK | E22: =DASRI!AA22+KARANGDORO!AV22+KARANGMULYO!W22+TAMANSARI!AA22+TEGALREJO!AB22+TEGALSARI!AU22 -> 24
D23: PR | E23: =DASRI!AA23+KARANGDORO!AV23+KARANGMULYO!W23+TAMANSARI!AA23+TEGALREJO!AB23+TEGALSARI!AU23 -> 33
D24: JML | E24: =SUM(E22:E23) -> 57
B25: 3. | C25: Jumlah pengguna hak pilih dalam Daftar Pemilih Khusus (DPK) | D25: LK | E25: =DASRI!AA25+KARANGDORO!AV25+KARANGMULYO!W25+TAMANSARI!AA25+TEGALREJO!AB25+TEGALSARI!AU25 -> 224
D26: PR | E26: =DASRI!AA26+KARANGDORO!AV26+KARANGMULYO!W26+TAMANSARI!AA26+TEGALREJO!AB26+TEGALSARI!AU26 -> 267
D27: JML | E27: =SUM(E25:E26) -> 491
B28: 4. | C28: Jumlah Pengguna Hak Pilih (B.1+B.2+B.3) | D28: LK | E28: =E19+E22+E25 -> 15133
D29: PR | E29: =E20+E23+E26 -> 16002
D30: JML | E30: =SUM(E28:E29) -> 31135
A32: II | B32: DATA PENGGUNAAN SURAT SUARA
A33: 1 | B33: Jumlah surat suara yang diterima, termasuk surat suara cadangan 2,5% dari DPT | E33: =DASRI!AA33+KARANGDORO!AV33+KARANGMULYO!W33+TAMANSARI!AA33+TEGALREJO!AB33+TEGALSARI!AU33 -> 43580
A34: 2 | B34: Jumlah surat suara yang digunakan | E34: =DASRI!AA34+KARANGDORO!AV34+KARANGMULYO!W34+TAMANSARI!AA34+TEGALREJO!AB34+TEGALSARI!AU34 -> 31135
A35: 3 | B35: Jumlah surat suara dikembalikan oleh pemilih (karena rusak atau keliru coblos) | E35: =DASRI!AA35+KARANGDORO!AV35+KARANGMULYO!W35+TAMANSARI!AA35+TEGALREJO!AB35+TEGALSARI!AU35 -> 158
A36: 4 | B36: Jumlah surat suara yang tidak digunakan/tidak terpakai, termasuk sisa surat suara cadangan | E36: =E33-(E34+E35) -> 12287
A38: III | B38: DATA PEMILIH DISABILITAS
B39: Jumlah seluruh Pemilih disabilitas yang menggunakan hak pilih | D39: LK | E39: =DASRI!AA39+KARANGDORO!AV39+KARANGMULYO!W39+TAMANSARI!AA39+TEGALREJO!AB39+TEGALSARI!AU39 -> 17
D40: PR | E40: =DASRI!AA40+KARANGDORO!AV40+KARANGMULYO!W40+TAMANSARI!AA40+TEGALREJO!AB40+TEGALSARI!AU40 -> 18
D41: JML | E41: =SUM(E39:E40) -> 35
A43: IV | B43: DATA RINCIAN PEROLEHAN SUARA PASANGAN CALON BUPATI DAN WAKIL BUPATI
A44: NOMOR DAN NAMA CALON
A45: A.1 | B45: 1. | C45: Partai Kebangkitan Bangsa | E45: =DASRI!AA45+KARANGDORO!AV45+KARANGMULYO!W45+TAMANSARI!AA45+TEGALREJO!AB45+TEGALSARI!AU45 -> 953
A46: A.2 | B46: 1 | C46: 1. Dr. Hj. NIHAYATUL WAFIROH, M.A. | E46: =DASRI!AA46+KARANGDORO!AV46+KARANGMULYO!W46+TAMANSARI!AA46+TEGALREJO!AB46+TEGALSARI!AU46 -> 4139
B47: 2 | C47: 2. H. M. NASIM KHAN | E47: =DASRI!AA47+KARANGDORO!AV47+KARANGMULYO!W47+TAMANSARI!AA47+TEGALREJO!AB47+TEGALSARI!AU47 -> 367
B48: 3 | C48: 3. Dr. H. AKIK ZAMAN, M.Pd.I. | E48: =DASRI!AA48+KARANGDORO!AV48+KARANGMULYO!W48+TAMANSARI!AA48+TEGALREJO!AB48+TEGALSARI!AU48 -> 186
B49: 4 | C49: 4. AHMAD RIFA'I, S.H. | E49: =DASRI!AA49+KARANGDORO!AV49+KARANGMULYO!W49+TAMANSARI!AA49+TEGALREJO!AB49+TEGALSARI!AU49 -> 137
B50: 5 | C50: 5. Drs. H. MAHFUD M.N. | E50: =DASRI!AA50+KARANGDORO!AV50+KARANGMULYO!W50+TAMANSARI!AA50+TEGALREJO!AB50+TEGALSARI!AU50 -> 81
B51: 6 | C51: 6. NURHAYATI, S.Pd. | E51: =DASRI!AA51+KARANGDORO!AV51+KARANGMULYO!W51+TAMANSARI!AA51+TEGALREJO!AB51+TEGALSARI!AU51 -> 155
B52: 7 | C52: 7. MAFTUHA KISWAH | E52: =DASRI!AA52+KARANGDORO!AV52+KARANGMULYO!W52+TAMANSARI!AA52+TEGALREJO!AB52+TEGALSARI!AU52 -> 56
A55: B | B55: JUMLAH SUARA SAH PARTAI POLITIK DAN CALON (A1 + A2) | E55: =SUM(E45:E52) -> 6074
A57: A.1 | B57: 2. | C57: Partai Gerakan Indonesia Raya | E57: =DASRI!AA57+KARANGDORO!AV57+KARANGMULYO!W57+TAMANSARI!AA57+TEGALREJO!AB57+TEGALSARI!AU57 -> 1021
A58: A.2 | B58: 1 | C58: 1. SUMAIL ABDULLAH | E58: =DASRI!AA58+KARANGDORO!AV58+KARANGMULYO!W58+TAMANSARI!AA58+TEGALREJO!AB58+TEGALSARI!AU58 -> 3268
B59: 2 | C59: 2. MUHAMMAD ALI ADRIAN SALEH | E59: =DASRI!AA59+KARANGDORO!AV59+KARANGMULYO!W59+TAMANSARI!AA59+TEGALREJO!AB59+TEGALSARI!AU59 -> 946
B60: 3 | C60: 3. DURROTUN NAFISAH | E60: =DASRI!AA60+KARANGDORO!AV60+KARANGMULYO!W60+TAMANSARI!AA60+TEGALREJO!AB60+TEGALSARI!AU60 -> 89
B61: 4 | C61: 4. H. EKO SUSILO NURHIDAYAT | E61: =DASRI!AA61+KARANGDORO!AV61+KARANGMULYO!W61+TAMANSARI!AA61+TEGALREJO!AB61+TEGALSARI!AU61 -> 275
B62: 5 | C62: 5. KARNADI HARIJANTO, S.S. | E62: =DASRI!AA62+KARANGDORO!AV62+KARANGMULYO!W62+TAMANSARI!AA62+TEGALREJO!AB62+TEGALSARI!AU62 -> 39
B63: 6 | C63: 6. NURHAYATI | E63: =DASRI!AA63+KARANGDORO!AV63+KARANGMULYO!W63+TAMANSARI!AA63+TEGALREJO!AB63+TEGALSARI!AU63 -> 79
B64: 7 | C64: 7. MASHUDI | E64: =DASRI!AA64+KARANGDORO!AV64+KARANGMULYO!W64+TAMANSARI!AA64+TEGALREJO!AB64+TEGALSARI!AU64 -> 48
A67: B | B67: JUMLAH SUARA SAH PARTAI POLITIK DAN CALON (A1 + A2) | E67: =SUM(E57:E64) -> 5765
A69: A.1 | B69: 3. | C69: Partai Demokrasi Indonesia Perjuangan | E69: =DASRI!AA69+KARANGDORO!AV69+KARANGMULYO!W69+TAMANSARI!AA69+TEGALREJO!AB69+TEGALSARI!AU69 -> 1411
A70: A.2 | B70: 1 | C70: 1. SONNY TRI DANAPARAMITA, S.H., M.H. | E70: =DASRI!AA70+KARANGDORO!AV70+KARANGMULYO!W70+TAMANSARI!AA70+TEGALREJO!AB70+TEGALSARI!AU70 -> 1898
B71: 2 | C71: 2. H. MOHAMAD GUNTUR ROMLI | E71: =DASRI!AA71+KARANGDORO!AV71+KARANGMULYO!W71+TAMANSARI!AA71+TEGALREJO!AB71+TEGALSARI!AU71 -> 315
B72: 3 | C72: 3. INA AMMANIA | E72: =DASRI!AA72+KARANGDORO!AV72+KARANGMULYO!W72+TAMANSARI!AA72+TEGALREJO!AB72+TEGALSARI!AU72 -> 1576
B73: 4 | C73: 4. IRWAN BACHTIAR RACHMAT, M.Si. | E73: =DASRI!AA73+KARANGDORO!AV73+KARANGMULYO!W73+TAMANSARI!AA73+TEGALREJO!AB73+TEGALSARI!AU73 -> 347
B74: 5 | C74: 5. LUCKY PERDANA | E74: =DASRI!AA74+KARANGDORO!AV74+KARANGMULYO!W74+TAMANSARI!AA74+TEGALREJO!AB74+TEGALSARI!AU74 -> 323
B75: 6 | C75: 6. WIWIK PUJIYATI | E75: =DASRI!AA75+KARANGDORO!AV75+KARANGMULYO!W75+TAMANSARI!AA75+TEGALREJO!AB75+TEGALSARI!AU75 -> 136
B76: 7 | C76: 7. CHANDRA ASTAN, S.T. | E76: =DASRI!AA76+KARANGDORO!AV76+KARANGMULYO!W76+TAMANSARI!AA76+TEGALREJO!AB76+TEGALSARI!AU76 -> 213
A79: B | B79: JUMLAH SUARA SAH PARTAI POLITIK DAN CALON (A1 + A2) | E79: =SUM(E69:E76) -> 6219
A81: A.1 | B81: 4. | C81: Partai Golongan Karya | E81: =DASRI!AA81+KARANGDORO!AV81+KARANGMULYO!W81+TAMANSARI!AA81+TEGALREJO!AB81+TEGALSARI!AU81 -> 496
A82: A.2 | B82: 1 | C82: 1. ZULFIKAR ARSE SADIKIN, S.I.P., M.Si. | E82: =DASRI!AA82+KARANGDORO!AV82+KARANGMULYO!W82+TAMANSARI!AA82+TEGALREJO!AB82+TEGALSARI!AU82 -> 1381
B83: 2 | C83: 2. HANDOKO | E83: =DASRI!AA83+KARANGDORO!AV83+KARANGMULYO!W83+TAMANSARI!AA83+TEGALREJO!AB83+TEGALSARI!AU83 -> 677
B84: 3 | C84: 3. Hj. OVI DEWI YANTI | E84: =DASRI!AA84+KARANGDORO!AV84+KARANGMULYO!W84+TAMANSARI!AA84+TEGALREJO!AB84+TEGALSARI!AU84 -> 86
B85: 4 | C85: 4. Ir. AZAM AZMAN NATAWIJANA | E85: =DASRI!AA85+KARANGDORO!AV85+KARANGMULYO!W85+TAMANSARI!AA85+TEGALREJO!AB85+TEGALSARI!AU85 -> 69
B86: 5 | C86: 5. UBAIDILLAH AMIN, S.Kom. | E86: =DASRI!AA86+KARANGDORO!AV86+KARANGMULYO!W86+TAMANSARI!AA86+TEGALREJO!AB86+TEGALSARI!AU86 -> 99
B87: 6 | C87: 6. DENNY YUNIANDARI, S.H., M.Kn. | E87: =DASRI!AA87+KARANGDORO!AV87+KARANGMULYO!W87+TAMANSARI!AA87+TEGALREJO!AB87+TEGALSARI!AU87 -> 26
B88: 7 | C88: 7. ERNADI, S.H.I. | E88: =DASRI!AA88+KARANGDORO!AV88+KARANGMULYO!W88+TAMANSARI!AA88+TEGALREJO!AB88+TEGALSARI!AU88 -> 13
A91: B | B91: JUMLAH SUARA SAH PARTAI POLITIK DAN CALON (A1 + A2) | E91: =SUM(E81:E88) -> 2847
A93: A.1 | B93: 5. | C93: Partai NasDem | E93: =DASRI!AA93+KARANGDORO!AV93+KARANGMULYO!W93+TAMANSARI!AA93+TEGALREJO!AB93+TEGALSARI!AU93 -> 251
A94: A.2 | B94: 1 | C94: 1. ACH. FADIL MUZAKKI SYAH | E94: =DASRI!AA94+KARANGDORO!AV94+KARANGMULYO!W94+TAMANSARI!AA94+TEGALREJO!AB94+TEGALSARI!AU94 -> 321
B95: 2 | C95: 2. BENY | E95: =DASRI!AA95+KARANGDORO!AV95+KARANGMULYO!W95+TAMANSARI!AA95+TEGALREJO!AB95+TEGALSARI!AU95 -> 541
B96: 3 | C96: 3. VINA VERONIKA | E96: =DASRI!AA96+KARANGDORO!AV96+KARANGMULYO!W96+TAMANSARI!AA96+TEGALREJO!AB96+TEGALSARI!AU96 -> 20
B97: 4 | C97: 4. TEDDY ANUGRIANTO | E97: =DASRI!AA97+KARANGDORO!AV97+KARANGMULYO!W97+TAMANSARI!AA97+TEGALREJO!AB97+TEGALSARI!AU97 -> 43
B98: 5 | C98: 5. INSAN KAMIL | E98: =DASRI!AA98+KARANGDORO!AV98+KARANGMULYO!W98+TAMANSARI!AA98+TEGALREJO!AB98+TEGALSARI!AU98 -> 9
B99: 6 | C99: 6. LILIK LINDARWATI | E99: =DASRI!AA99+KARANGDORO!AV99+KARANGMULYO!W99+TAMANSARI!AA99+TEGALREJO!AB99+TEGALSARI!AU99 -> 12
B100: 7 | C100: 7. YULI ANITA | E100: =DASRI!AA100+KARANGDORO!AV100+KARANGMULYO!W100+TAMANSARI!AA100+TEGALREJO!AB100+TEGALSARI!AU100 -> 7
A103: B | B103: JUMLAH SUARA SAH PARTAI POLITIK DAN CALON (A1 + A2) | E103: =SUM(E93:E100) -> 1204
A105: A.1 | B105: 6. | C105: Partai Buruh | E105: =DASRI!AA105+KARANGDORO!AV105+KARANGMULYO!W105+TAMANSARI!AA105+TEGALREJO!AB105+TEGALSARI!AU105 -> 127
A106: A.2 | B106: 1 | C106: 1. KHOIRUL ANAM | E106: =DASRI!AA106+KARANGDORO!AV106+KARANGMULYO!W106+TAMANSARI!AA106+TEGALREJO!AB106+TEGALSARI!AU106 -> 35
B107: 2 | C107: 2. INA KURNIA | E107: =DASRI!AA107+KARANGDORO!AV107+KARANGMULYO!W107+TAMANSARI!AA107+TEGALREJO!AB107+TEGALSARI!AU107 -> 27
B108: 3 | C108: 3. JIBRAL TAROUK | E108: =DASRI!AA108+KARANGDORO!AV108+KARANGMULYO!W108+TAMANSARI!AA108+TEGALREJO!AB108+TEGALSARI!AU108 -> 11
B109: 4 | C109: 4. ASTUTI DAENG PUJI | E109: =DASRI!AA109+KARANGDORO!AV109+KARANGMULYO!W109+TAMANSARI!AA109+TEGALREJO!AB109+TEGALSARI!AU109 -> 8
B110: 5 | C110: 5. ASDARMAWAN | E110: =DASRI!AA110+KARANGDORO!AV110+KARANGMULYO!W110+TAMANSARI!AA110+TEGALREJO!AB110+TEGALSARI!AU110 -> 4
B111: 6 | C111: 6. RIFQI MUBAROK | E111: =DASRI!AA111+KARANGDORO!AV111+KARANGMULYO!W111+TAMANSARI!AA111+TEGALREJO!AB111+TEGALSARI!AU111 -> 5
B112: 7 | C112: 7. FIRNANDA ALTA MEGA | E112: =DASRI!AA112+KARANGDORO!AV112+KARANGMULYO!W112+TAMANSARI!AA112+TEGALREJO!AB112+TEGALSARI!AU112 -> 2
A115: B | B115: JUMLAH SUARA SAH PARTAI POLITIK DAN CALON (A1 + A2) | E115: =SUM(E105:E112) -> 219
A117: A.1 | B117: 7. | C117: Partai Gelombang Rakyat Indonesia | E117: =DASRI!AA117+KARANGDORO!AV117+KARANGMULYO!W117+TAMANSARI!AA117+TEGALREJO!AB117+TEGALSARI!AU117 -> 99
A118: A.2 | B118: 1 | C118: 1. TITI WIDORETNO WARISMAN | E118: =DASRI!AA118+KARANGDORO!AV118+KARANGMULYO!W118+TAMANSARI!AA118+TEGALREJO!AB118+TEGALSARI!AU118 -> 29
B119: 2 | C119: 2. MAMIEK SETYANINGSIH | E119: =DASRI!AA119+KARANGDORO!AV119+KARANGMULYO!W119+TAMANSARI!AA119+TEGALREJO!AB119+TEGALSARI!AU119 -> 14
B120: 3 | C120: 3. ROMIL AZIZEN | E120: =DASRI!AA120+KARANGDORO!AV120+KARANGMULYO!W120+TAMANSARI!AA120+TEGALREJO!AB120+TEGALSARI!AU120 -> 9
A127: B | B127: JUMLAH SUARA SAH PARTAI POLITIK DAN CALON (A1 + A2) | E127: =SUM(E117:E120) -> 151
A129: A.1 | B129: 8. | C129: Partai Keadilan Sejahtera | E129: =DASRI!AA129+KARANGDORO!AV129+KARANGMULYO!W129+TAMANSARI!AA129+TEGALREJO!AB129+TEGALSARI!AU129 -> 66
A130: A.2 | B130: 1 | C130: 1. H. SAIMI SALEH, S.E., M.M. | E130: =DASRI!AA130+KARANGDORO!AV130+KARANGMULYO!W130+TAMANSARI!AA130+TEGALREJO!AB130+TEGALSARI!AU130 -> 127
B131: 2 | C131: 2. Prof. Dr. H. EGGI SUDJANA, S.H., M.Si. | E131: =DASRI!AA131+KARANGDORO!AV131+KARANGMULYO!W131+TAMANSARI!AA131+TEGALREJO!AB131+TEGALSARI!AU131 -> 36
B132: 3 | C132: 3. NURUL KHOTIMAH | E132: =DASRI!AA132+KARANGDORO!AV132+KARANGMULYO!W132+TAMANSARI!AA132+TEGALREJO!AB132+TEGALSARI!AU132 -> 12
B133: 4 | C133: 4. AKHMAD SUYANTO, S.T., M.T. | E133: =DASRI!AA133+KARANGDORO!AV133+KARANGMULYO!W133+TAMANSARI!AA133+TEGALREJO!AB133+TEGALSARI!AU133 -> 8
B134: 5 | C134: 5. PUJIYATNI | E134: =DASRI!AA134+KARANGDORO!AV134+KARANGMULYO!W134+TAMANSARI!AA134+TEGALREJO!AB134+TEGALSARI!AU134 -> 5
B135: 6 | C135: 6. HENI PURWATININGSIH | E135: =DASRI!AA135+KARANGDORO!AV135+KARANGMULYO!W135+TAMANSARI!AA135+TEGALREJO!AB135+TEGALSARI!AU135 -> 5
B136: 7 | C136: 7. MUHADI | E136: =DASRI!AA136+KARANGDORO!AV136+KARANGMULYO!W136+TAMANSARI!AA136+TEGALREJO!AB136+TEGALSARI!AU136 -> 0
A139: B | B139: JUMLAH SUARA SAH PARTAI POLITIK DAN CALON (A1 + A2) | E139: =SUM(E129:E136) -> 259
...

Sheet DASRI
C2: Kecamatan | D2: TEGALSARI
C3: Kabupaten | D3: BANYUWANGI
C4: Provinsi | D4: JAWA TIMUR
C9: Kelurahan | D9: DASRI
A12: I | B12: DATA PEMILIH DAN PENGGUNAAN HAK PILIH | AA12: JUMLAH AKHIR
A13: A | B13: DATA PEMILIH | E13: TPS 001 | F13: TPS 002 | G13: TPS 003 | H13: TPS 004 | I13: TPS 005 | J13: TPS 006 | K13: TPS 007 | L13: TPS 008 | M13: TPS 009 | N13: TPS 010 | O13: TPS 011 | P13: TPS 012 | Q13: TPS 013 | R13: TPS 014 | S13: TPS 015 | T13: TPS 016 | U13: TPS 017 | V13: TPS 018 | W13: TPS 019 | X13: TPS 020 | Y13: TPS 021 | Z13: TPS 022
B14: Jumlah Pemilih dalam Daftar Pemilih Tetap (DPT) | D14: LK | E14: 128 | F14: 110 | G14: 133 | H14: 138 | I14: 130 | J14: 102 | K14: 122 | L14: 149 | M14: 146 | N14: 155 | O14: 163 | P14: 131 | Q14: 123 | R14: 136 | S14: 137 | T14: 119 | U14: 117 | V14: 124 | W14: 135 | X14: 121 | Y14: 129 | Z14: 148 | AA14: =SUM(E14:Z14) -> 2896
D15: PR | E15: 117 | F15: 123 | G15: 120 | H15: 135 | I15: 136 | J15: 105 | K15: 127 | L15: 145 | M15: 152 | N15: 144 | O15: 137 | P15: 119 | Q15: 122 | R15: 140 | S15: 113 | T15: 124 | U15: 110 | V15: 127 | W15: 132 | X15: 130 | Y15: 113 | Z15: 131 | AA15: =SUM(E15:Z15) -> 2802
D16: JML | E16: =SUM(E14:E15) -> 245 | F16: =SUM(F14:F15) -> 233 | G16: =SUM(G14:G15) -> 253 | H16: =SUM(H14:H15) -> 273 | I16: =SUM(I14:I15) -> 266 | J16: =SUM(J14:J15) -> 207 | K16: =SUM(K14:K15) -> 249 | L16: =SUM(L14:L15) -> 294 | ... Z16: =SUM(Z14:Z15) -> 279 | AA16: =SUM(E16:Z16) -> 5698
A18: B | B18: PENGGUNA HAK PILIH
B19: 1. | C19: Jumlah pengguna hak pilih dalam Daftar Pemilih Tetap (DPT) | D19: LK | E19: 97 | F19: 85 | G19: 92 | H19: 99 | I19: 94 | J19: 73 | K19: 88 | L19: 104 | M19: 101 | N19: 109 | O19: 114 | P19: 86 | Q19: 79 | R19: 104 | S19: 77 | T19: 87 | U19: 81 | V19: 95 | W19: 96 | X19: 81 | Y19: 85 | Z19: 108 | AA19: =SUM(E19:Z19) -> 2035
D20: PR | E20: 89 | F20: 89 | G20: 88 | H20: 109 | I20: 98 | J20: 78 | K20: 98 | L20: 108 | M20: 109 | N20: 109 | O20: 110 | P20: 77 | Q20: 86 | R20: 109 | S20: 74 | T20: 84 | U20: 81 | V20: 92 | W20: 92 | X20: 105 | Y20: 80 | Z20: 104 | AA20: =SUM(E20:Z20) -> 2069
D21: JML | E21: =SUM(E19:E20) -> 186 | F21: =SUM(F19:F20) -> 174 | G21: =SUM(G19:G20) -> 180 | H21: =SUM(H19:H20) -> 208 | I21: =SUM(I19:I20) -> 192 | J21: =SUM(J19:J20) -> 151 | K21: =SUM(K19:K20) -> 186 | L21: =SUM(L19:L20) -> 212 | ... Z21: =SUM(Z19:Z20) -> 212 | AA21: =SUM(E21:Z21) -> 4104
B22: 2. | C22: Jumlah pengguna hak pilih dalam Daftar Pemilih Tambahan (DPTb) | D22: LK | E22: 0 | F22: 0 | G22: 0 | H22: 0 | I22: 1 | J22: 0 | K22: 0 | L22: 0 | M22: 0 | N22: 0 | O22: 0 | P22: 1 | Q22: 0 | R22: 0 | S22: 0 | T22: 0 | U22: 0 | V22: 0 | W22: 0 | X22: 0 | Y22: 0 | Z22: 0 | AA22: =SUM(E22:Z22) -> 2
D23: PR | E23: 0 | F23: 0 | G23: 0 | H23: 0 | I23: 0 | J23: 0 | K23: 0 | L23: 0 | M23: 0 | N23: 0 | O23: 0 | P23: 0 | Q23: 0 | R23: 0 | S23: 0 | T23: 0 | U23: 0 | V23: 0 | W23: 0 | X23: 0 | Y23: 0 | Z23: 0 | AA23: =SUM(E23:Z23) -> 0
D24: JML | E24: =SUM(E22:E23) -> 0 | F24: =SUM(F22:F23) -> 0 | G24: =SUM(G22:G23) -> 0 | H24: =SUM(H22:H23) -> 0 | I24: =SUM(I22:I23) -> 1 | J24: =SUM(J22:J23) -> 0 | K24: =SUM(K22:K23) -> 0 | L24: =SUM(L22:L23) -> 0 | ... Z24: =SUM(Z22:Z23) -> 0 | AA24: =SUM(E24:Z24) -> 2
B25: 3. | C25: Jumlah pengguna hak pilih dalam Daftar Pemilih Khusus (DPK) | D25: LK | E25: 1 | F25: 2 | G25: 0 | H25: 1 | I25: 2 | J25: 5 | K25: 4 | L25: 0 | M25: 1 | N25: 2 | O25: 0 | P25: 0 | Q25: 2 | R25: 2 | S25: 1 | T25: 3 | U25: 2 | V25: 4 | W25: 1 | X25: 2 | Y25: 0 | Z25: 2 | AA25: =SUM(E25:Z25) -> 37
D26: PR | E26: 2 | F26: 1 | G26: 4 | H26: 0 | I26: 4 | J26: 5 | K26: 1 | L26: 1 | M26: 2 | N26: 3 | O26: 1 | P26: 1 | Q26: 1 | R26: 2 | S26: 4 | T26: 4 | U26: 3 | V26: 3 | W26: 2 | X26: 0 | Y26: 1 | Z26: 0 | AA26: =SUM(E26:Z26) -> 45
D27: JML | E27: =SUM(E25:E26) -> 3 | F27: =SUM(F25:F26) -> 3 | G27: =SUM(G25:G26) -> 4 | H27: =SUM(H25:H26) -> 1 | I27: =SUM(I25:I26) -> 6 | J27: =SUM(J25:J26) -> 10 | K27: =SUM(K25:K26) -> 5 | L27: =SUM(L25:L26) -> 1 | ... Z27: =SUM(Z25:Z26) -> 2 | AA27: =SUM(E27:Z27) -> 82
B28: 4. | C28: Jumlah Pengguna Hak Pilih (B.1+B.2+B.3) | D28: LK | E28: =SUM(E19,E22,E25) -> 98 | F28: =SUM(F19,F22,F25) -> 87 | G28: =SUM(G19,G22,G25) -> 92 | H28: =SUM(H19,H22,H25) -> 100 | I28: =SUM(I19,I22,I25) -> 97 | J28: =SUM(J19,J22,J25) -> 78 | K28: =SUM(K19,K22,K25) -> 92 | L28: =SUM(L19,L22,L25) -> 104 | ... Z28: =SUM(Z19,Z22,Z25) -> 110 | AA28: =SUM(E28:Z28) -> 2074
D29: PR | E29: =SUM(E20,E23,E26) -> 91 | F29: =SUM(F20,F23,F26) -> 90 | G29: =SUM(G20,G23,G26) -> 92 | H29: =SUM(H20,H23,H26) -> 109 | I29: =SUM(I20,I23,I26) -> 102 | J29: =SUM(J20,J23,J26) -> 83 | K29: =SUM(K20,K23,K26) -> 99 | L29: =SUM(L20,L23,L26) -> 109 | ... Z29: =SUM(Z20,Z23,Z26) -> 104 | AA29: =SUM(E29:Z29) -> 2114
D30: JML | E30: =SUM(E28:E29) -> 189 | F30: =SUM(F28:F29) -> 177 | G30: =SUM(G28:G29) -> 184 | H30: =SUM(H28:H29) -> 209 | I30: =SUM(I28:I29) -> 199 | J30: =SUM(J28:J29) -> 161 | K30: =SUM(K28:K29) -> 191 | L30: =SUM(L28:L29) -> 213 | ... Z30: =SUM(Z28:Z29) -> 214 | AA30: =SUM(E30:Z30) -> 4188
A32: II | B32: DATA PENGGUNAAN SURAT SUARA
A33: 1 | B33: Jumlah surat suara yang diterima, termasuk surat suara cadangan 2,5% dari DPT | E33: 250 | F33: 238 | G33: 259 | H33: 279 | I33: 272 | J33: 212 | K33: 254 | L33: 300 | M33: 304 | N33: 305 | O33: 299 | P33: 255 | Q33: 250 | R33: 283 | S33: 256 | T33: 248 | U33: 232 | V33: 257 | W33: 273 | X33: 257 | Y33: 249 | Z33: 285 | AA33: =SUM(E33:Z33) -> 5817
A34: 2 | B34: Jumlah surat suara yang digunakan | E34: 189 | F34: 177 | G34: 184 | H34: 209 | I34: 199 | J34: 161 | K34: 191 | L34: 213 | M34: 213 | N34: 223 | O34: 225 | P34: 165 | Q34: 168 | R34: 217 | S34: 156 | T34: 178 | U34: 167 | V34: 194 | W34: 191 | X34: 188 | Y34: 166 | Z34: 214 | AA34: =SUM(E34:Z34) -> 4188
A35: 3 | B35: Jumlah surat suara dikembalikan oleh pemilih (karena rusak atau keliru coblos) | E35: 0 | F35: 0 | G35: 0 | H35: 1 | I35: 0 | J35: 2 | K35: 0 | L35: 0 | M35: 0 | N35: 0 | O35: 1 | P35: 0 | Q35: 1 | R35: 0 | S35: 0 | T35: 1 | U35: 0 | V35: 0 | W35: 0 | X35: 2 | Y35: 0 | Z35: 2 | AA35: =SUM(E35:Z35) -> 10
A36: 4 | B36: Jumlah surat suara yang tidak digunakan/tidak terpakai, termasuk sisa surat suara cadangan | E36: =E33-(E34+E35) -> 61 | F36: =F33-(F34+F35) -> 61 | G36: =G33-(G34+G35) -> 75 | H36: =H33-(H34+H35) -> 69 | I36: =I33-(I34+I35) -> 73 | J36: =J33-(J34+J35) -> 49 | K36: =K33-(K34+K35) -> 63 | L36: =L33-(L34+L35) -> 87 | ... Z36: =Z33-(Z34+Z35) -> 69 | AA36: =SUM(E36:Z36) -> 1619
A38: III | B38: DATA PEMILIH DISABILITAS
B39: Jumlah seluruh Pemilih disabilitas yang menggunakan hak pilih | D39: LK | E39: 0 | F39: 0 | G39: 0 | H39: 0 | I39: 0 | J39: 0 | K39: 0 | L39: 0 | M39: 0 | N39: 0 | O39: 0 | P39: 0 | Q39: 0 | R39: 0 | S39: 0 | T39: 0 | U39: 1 | V39: 0 | W39: 0 | X39: 0 | Y39: 0 | Z39: 0 | AA39: =SUM(E39:Z39) -> 1
D40: PR | E40: 0 | F40: 0 | G40: 0 | H40: 0 | I40: 0 | J40: 0 | K40: 0 | L40: 0 | M40: 0 | N40: 0 | O40: 0 | P40: 0 | Q40: 0 | R40: 0 | S40: 0 | T40: 0 | U40: 1 | V40: 0 | W40: 0 | X40: 0 | Y40: 0 | Z40: 0 | AA40: =SUM(E40:Z40) -> 1
D41: JML | E41: =SUM(E39:E40) -> 0 | F41: =SUM(F39:F40) -> 0 | G41: =SUM(G39:G40) -> 0 | H41: =SUM(H39:H40) -> 0 | I41: =SUM(I39:I40) -> 0 | J41: =SUM(J39:J40) -> 0 | K41: =SUM(K39:K40) -> 0 | L41: =SUM(L39:L40) -> 0 | ... Z41: =SUM(Z39:Z40) -> 0 | AA41: =SUM(E41:Z41) -> 2
A43: IV | B43: DATA RINCIAN PEROLEHAN SUARA PASANGAN CALON BUPATI DAN WAKIL BUPATI
A44: NOMOR DAN NAMA CALON
A45: A.1 | B45: 1. | C45: Partai Kebangkitan Bangsa | E45: 1 | F45: 1 | G45: 5 | H45: 5 | I45: 7 | J45: 0 | K45: 2 | L45: 0 | M45: 1 | N45: 4 | O45: 2 | P45: 3 | Q45: 5 | R45: 7 | S45: 6 | T45: 9 | U45: 10 | V45: 3 | W45: 6 | X45: 6 | Y45: 5 | Z45: 7 | AA45: =SUM(E45:Z45) -> 95
A46: A.2 | B46: 1 | C46: 1. Dr. Hj. NIHAYATUL WAFIROH, M.A. | E46: 10 | F46: 9 | G46: 9 | H46: 20 | I46: 7 | J46: 7 | K46: 7 | L46: 22 | M46: 13 | N46: 6 | O46: 5 | P46: 1 | Q46: 2 | R46: 33 | S46: 11 | T46: 41 | U46: 24 | V46: 14 | W46: 19 | X46: 5 | Y46: 6 | Z46: 71 | AA46: =SUM(E46:Z46) -> 342
B47: 2 | C47: 2. H. M. NASIM KHAN | E47: 2 | F47: 0 | G47: 3 | H47: 2 | I47: 2 | J47: 0 | K47: 0 | L47: 0 | M47: 0 | N47: 0 | O47: 0 | P47: 0 | Q47: 0 | R47: 1 | S47: 1 | T47: 0 | U47: 2 | V47: 0 | W47: 0 | X47: 0 | Y47: 0 | Z47: 0 | AA47: =SUM(E47:Z47) -> 13
B48: 3 | C48: 3. Dr. H. AKIK ZAMAN, M.Pd.I. | E48: 1 | F48: 0 | G48: 1 | H48: 1 | I48: 0 | J48: 0 | K48: 0 | L48: 2 | M48: 0 | N48: 1 | O48: 0 | P48: 0 | Q48: 0 | R48: 3 | S48: 2 | T48: 9 | U48: 19 | V48: 8 | W48: 0 | X48: 5 | Y48: 0 | Z48: 0 | AA48: =SUM(E48:Z48) -> 52
B49: 4 | C49: 4. AHMAD RIFA'I, S.H. | E49: 1 | F49: 1 | G49: 4 | H49: 0 | I49: 1 | J49: 0 | K49: 0 | L49: 1 | M49: 2 | N49: 0 | O49: 0 | P49: 1 | Q49: 0 | R49: 1 | S49: 1 | T49: 1 | U49: 1 | V49: 0 | W49: 0 | X49: 0 | Y49: 0 | Z49: 3 | AA49: =SUM(E49:Z49) -> 18
B50: 5 | C50: 5. Drs. H. MAHFUD M.N. | E50: 1 | F50: 1 | G50: 0 | H50: 0 | I50: 0 | J50: 1 | K50: 1 | L50: 0 | M50: 0 | N50: 0 | O50: 0 | P50: 0 | Q50: 1 | R50: 0 | S50: 0 | T50: 2 | U50: 1 | V50: 0 | W50: 0 | X50: 0 | Y50: 0 | Z50: 1 | AA50: =SUM(E50:Z50) -> 9
B51: 6 | C51: 6. NURHAYATI, S.Pd. | E51: 0 | F51: 0 | G51: 0 | H51: 0 | I51: 1 | J51: 0 | K51: 0 | L51: 0 | M51: 2 | N51: 0 | O51: 0 | P51: 0 | Q51: 2 | R51: 0 | S51: 0 | T51: 2 | U51: 2 | V51: 1 | W51: 2 | X51: 3 | Y51: 0 | Z51: 0 | AA51: =SUM(E51:Z51) -> 15
B52: 7 | C52: 7. MAFTUHA KISWAH | E52: 0 | F52: 1 | G52: 0 | H52: 0 | I52: 0 | J52: 0 | K52: 1 | L52: 0 | M52: 0 | N52: 0 | O52: 0 | P52: 0 | Q52: 0 | R52: 0 | S52: 0 | T52: 0 | U52: 0 | V52: 1 | W52: 0 | X52: 0 | Y52: 0 | Z52: 0 | AA52: =SUM(E52:Z52) -> 3
AA53: =SUM(E53:Z53) -> 0
AA54: =SUM(E54:Z54) -> 0
A55: B | B55: JUMLAH SUARA SAH PARTAI POLITIK DAN CALON (A1 + A2) | E55: =SUM(E45:E54) -> 16 | F55: =SUM(F45:F54) -> 13 | G55: =SUM(G45:G54) -> 22 | H55: =SUM(H45:H54) -> 28 | I55: =SUM(I45:I54) -> 18 | J55: =SUM(J45:J54) -> 8 | K55: =SUM(K45:K54) -> 11 | L55: =SUM(L45:L54) -> 25 | ... AA55: =SUM(AA45:AA54) -> 547
A57: A.1 | B57: 2. | C57: Partai Gerakan Indonesia Raya | E57: 2 | F57: 3 | G57: 11 | H57: 12 | I57: 10 | J57: 10 | K57: 5 | L57: 5 | M57: 8 | N57: 6 | O57: 16 | P57: 10 | Q57: 6 | R57: 5 | S57: 11 | T57: 8 | U57: 7 | V57: 7 | W57: 8 | X57: 7 | Y57: 3 | Z57: 5 | AA57: =SUM(E57:Z57) -> 165
A58: A.2 | B58: 1 | C58: 1. SUMAIL ABDULLAH | E58: 2 | F58: 9 | G58: 2 | H58: 4 | I58: 1 | J58: 3 | K58: 7 | L58: 13 | M58: 6 | N58: 1 | O58: 6 | P58: 8 | Q58: 6 | R58: 8 | S58: 5 | T58: 0 | U58: 7 | V58: 4 | W58: 11 | X58: 9 | Y58: 0 | Z58: 38 | AA58: =SUM(E58:Z58) -> 150
B59: 2 | C59: 2. MUHAMMAD ALI ADRIAN SALEH | E59: 1 | F59: 3 | G59: 2 | H59: 1 | I59: 0 | J59: 3 | K59: 2 | L59: 2 | M59: 6 | N59: 4 | O59: 2 | P59: 0 | Q59: 6 | R59: 1 | S59: 3 | T59: 2 | U59: 2 | V59: 1 | W59: 4 | X59: 1 | Y59: 1 | Z59: 3 | AA59: =SUM(E59:Z59) -> 50
B60: 3 | C60: 3. DURROTUN NAFISAH | E60: 1 | F60: 0 | G60: 0 | H60: 0 | I60: 2 | J60: 2 | K60: 0 | L60: 1 | M60: 0 | N60: 0 | O60: 1 | P60: 0 | Q60: 0 | R60: 2 | S60: 1 | T60: 1 | U60: 0 | V60: 0 | W60: 0 | X60: 0 | Y60: 1 | Z60: 1 | AA60: =SUM(E60:Z60) -> 13
B61: 4 | C61: 4. H. EKO SUSILO NURHIDAYAT | E61: 0 | F61: 1 | G61: 1 | H61: 2 | I61: 3 | J61: 0 | K61: 2 | L61: 0 | M61: 4 | N61: 1 | O61: 1 | P61: 0 | Q61: 2 | R61: 2 | S61: 2 | T61: 2 | U61: 0 | V61: 1 | W61: 4 | X61: 2 | Y61: 2 | Z61: 0 | AA61: =SUM(E61:Z61) -> 32
B62: 5 | C62: 5. KARNADI HARIJANTO, S.S. | E62: 1 | F62: 1 | G62: 1 | H62: 1 | I62: 0 | J62: 0 | K62: 0 | L62: 0 | M62: 0 | N62: 0 | O62: 0 | P62: 0 | Q62: 0 | R62: 1 | S62: 0 | T62: 1 | U62: 1 | V62: 0 | W62: 0 | X62: 0 | Y62: 0 | Z62: 0 | AA62: =SUM(E62:Z62) -> 7
B63: 6 | C63: 6. NURHAYATI | E63: 1 | F63: 1 | G63: 1 | H63: 0 | I63: 0 | J63: 0 | K63: 0 | L63: 0 | M63: 1 | N63: 2 | O63: 1 | P63: 1 | Q63: 0 | R63: 0 | S63: 1 | T63: 1 | U63: 0 | V63: 2 | W63: 0 | X63: 1 | Y63: 0 | Z63: 0 | AA63: =SUM(E63:Z63) -> 13
B64: 7 | C64: 7. MASHUDI | E64: 0 | F64: 0 | G64: 0 | H64: 0 | I64: 0 | J64: 1 | K64: 0 | L64: 0 | M64: 0 | N64: 1 | O64: 0 | P64: 0 | Q64: 0 | R64: 0 | S64: 0 | T64: 1 | U64: 0 | V64: 0 | W64: 0 | X64: 0 | Y64: 0 | Z64: 0 | AA64: =SUM(E64:Z64) -> 3
AA65: =SUM(E65:Z65) -> 0
AA66: =SUM(E66:Z66) -> 0
A67: B | B67: JUMLAH SUARA SAH PARTAI POLITIK DAN CALON (A1 + A2) | E67: =SUM(E57:E66) -> 8 | F67: =SUM(F57:F66) -> 18 | G67: =SUM(G57:G66) -> 18 | H67: =SUM(H57:H66) -> 20 | I67: =SUM(I57:I66) -> 16 | J67: =SUM(J57:J66) -> 19 | K67: =SUM(K57:K66) -> 16 | L67: =SUM(L57:L66) -> 21 | ... AA67: =SUM(AA57:AA66) -> 433
A69: A.1 | B69: 3. | C69: Partai Demokrasi Indonesia Perjuangan | E69: 10 | F69: 11 | G69: 19 | H69: 34 | I69: 21 | J69: 16 | K69: 14 | L69: 8 | M69: 9 | N69: 15 | O69: 16 | P69: 5 | Q69: 13 | R69: 24 | S69: 18 | T69: 8 | U69: 7 | V69: 5 | W69: 6 | X69: 8 | Y69: 9 | Z69: 2 | AA69: =SUM(E69:Z69) -> 278
A70: A.2 | B70: 1 | C70: 1. SONNY TRI DANAPARAMITA, S.H., M.H. | E70: 14 | F70: 7 | G70: 21 | H70: 10 | I70: 14 | J70: 10 | K70: 12 | L70: 15 | M70: 5 | N70: 19 | O70: 63 | P70: 20 | Q70: 49 | R70: 28 | S70: 20 | T70: 10 | U70: 19 | V70: 16 | W70: 13 | X70: 21 | Y70: 52 | Z70: 13 | AA70: =SUM(E70:Z70) -> 451
B71: 2 | C71: 2. H. MOHAMAD GUNTUR ROMLI | E71: 2 | F71: 1 | G71: 3 | H71: 5 | I71: 4 | J71: 1 | K71: 3 | L71: 6 | M71: 4 | N71: 5 | O71: 5 | P71: 5 | Q71: 1 | R71: 2 | S71: 1 | T71: 1 | U71: 1 | V71: 0 | W71: 3 | X71: 0 | Y71: 0 | Z71: 3 | AA71: =SUM(E71:Z71) -> 56
B72: 3 | C72: 3. INA AMMANIA | E72: 1 | F72: 11 | G72: 6 | H72: 3 | I72: 16 | J72: 41 | K72: 8 | L72: 31 | M72: 11 | N72: 18 | O72: 0 | P72: 3 | Q72: 3 | R72: 9 | S72: 10 | T72: 2 | U72: 6 | V72: 18 | W72: 17 | X72: 11 | Y72: 12 | Z72: 10 | AA72: =SUM(E72:Z72) -> 247
B73: 4 | C73: 4. IRWAN BACHTIAR RACHMAT, M.Si. | E73: 1 | F73: 0 | G73: 9 | H73: 3 | I73: 4 | J73: 1 | K73: 3 | L73: 3 | M73: 1 | N73: 3 | O73: 4 | P73: 0 | Q73: 2 | R73: 1 | S73: 4 | T73: 2 | U73: 5 | V73: 0 | W73: 7 | X73: 0 | Y73: 1 | Z73: 4 | AA73: =SUM(E73:Z73) -> 58
B74: 5 | C74: 5. LUCKY PERDANA | E74: 1 | F74: 2 | G74: 3 | H74: 2 | I74: 5 | J74: 0 | K74: 3 | L74: 4 | M74: 2 | N74: 4 | O74: 3 | P74: 4 | Q74: 5 | R74: 6 | S74: 3 | T74: 1 | U74: 0 | V74: 0 | W74: 4 | X74: 2 | Y74: 0 | Z74: 0 | AA74: =SUM(E74:Z74) -> 54
B75: 6 | C75: 6. WIWIK PUJIYATI | E75: 1 | F75: 0 | G75: 4 | H75: 1 | I75: 3 | J75: 2 | K75: 1 | L75: 0 | M75: 1 | N75: 1 | O75: 1 | P75: 0 | Q75: 1 | R75: 1 | S75: 0 | T75: 1 | U75: 1 | V75: 0 | W75: 3 | X75: 1 | Y75: 0 | Z75: 0 | AA75: =SUM(E75:Z75) -> 23
B76: 7 | C76: 7. CHANDRA ASTAN, S.T. | E76: 1 | F76: 0 | G76: 0 | H76: 1 | I76: 1 | J76: 0 | K76: 2 | L76: 1 | M76: 2 | N76: 4 | O76: 3 | P76: 0 | Q76: 1 | R76: 0 | S76: 1 | T76: 0 | U76: 2 | V76: 1 | W76: 8 | X76: 6 | Y76: 22 | Z76: 0 | AA76: =SUM(E76:Z76) -> 56
AA77: =SUM(E77:Z77) -> 0
AA78: =SUM(E78:Z78) -> 0
A79: B | B79: JUMLAH SUARA SAH PARTAI POLITIK DAN CALON (A1 + A2) | E79: =SUM(E69:E78) -> 31 | F79: =SUM(F69:F78) -> 32 | G79: =SUM(G69:G78) -> 65 | H79: =SUM(H69:H78) -> 59 | I79: =SUM(I69:I78) -> 68 | J79: =SUM(J69:J78) -> 71 | K79: =SUM(K69:K78) -> 46 | L79: =SUM(L69:L78) -> 68 | ... AA79: =SUM(AA69:AA78) -> 1223
A81: A.1 | B81: 4. | C81: Partai Golongan Karya | E81: 2 | F81: 2 | G81: 9 | H81: 6 | I81: 6 | J81: 3 | K81: 7 | L81: 7 | M81: 4 | N81: 7 | O81: 4 | P81: 3 | Q81: 3 | R81: 3 | S81: 3 | T81: 6 | U81: 4 | V81: 6 | W81: 3 | X81: 5 | Y81: 1 | Z81: 1 | AA81: =SUM(E81:Z81) -> 95
A82: A.2 | B82: 1 | C82: 1. ZULFIKAR ARSE SADIKIN, S.I.P., M.Si. | E82: 7 | F82: 5 | G82: 1 | H82: 3 | I82: 1 | J82: 0 | K82: 11 | L82: 4 | M82: 30 | N82: 9 | O82: 7 | P82: 64 | Q82: 9 | R82: 4 | S82: 6 | T82: 2 | U82: 2 | V82: 39 | W82: 2 | X82: 48 | Y82: 0 | Z82: 0 | AA82: =SUM(E82:Z82) -> 254
B83: 2 | C83: 2. HANDOKO | E83: 5 | F83: 8 | G83: 7 | H83: 1 | I83: 7 | J83: 8 | K83: 7 | L83: 12 | M83: 10 | N83: 6 | O83: 11 | P83: 5 | Q83: 5 | R83: 9 | S83: 4 | T83: 7 | U83: 1 | V83: 1 | W83: 8 | X83: 3 | Y83: 0 | Z83: 1 | AA83: =SUM(E83:Z83) -> 126
B84: 3 | C84: 3. Hj. OVI DEWI YANTI | E84: 2 | F84: 0 | G84: 1 | H84: 0 | I84: 1 | J84: 1 | K84: 3 | L84: 7 | M84: 0 | N84: 4 | O84: 1 | P84: 1 | Q84: 2 | R84: 1 | S84: 0 | T84: 0 | U84: 0 | V84: 0 | W84: 0 | X84: 3 | Y84: 0 | Z84: 1 | AA84: =SUM(E84:Z84) -> 28
B85: 4 | C85: 4. Ir. AZAM AZMAN NATAWIJANA | E85: 0 | F85: 2 | G85: 2 | H85: 0 | I85: 2 | J85: 0 | K85: 0 | L85: 1 | M85: 2 | N85: 1 | O85: 1 | P85: 2 | Q85: 1 | R85: 0 | S85: 0 | T85: 2 | U85: 0 | V85: 0 | W85: 0 | X85: 0 | Y85: 0 | Z85: 0 | AA85: =SUM(E85:Z85) -> 16
B86: 5 | C86: 5. UBAIDILLAH AMIN, S.Kom. | E86: 0 | F86: 0 | G86: 1 | H86: 2 | I86: 5 | J86: 0 | K86: 0 | L86: 0 | M86: 0 | N86: 1 | O86: 0 | P86: 1 | Q86: 0 | R86: 2 | S86: 0 | T86: 0 | U86: 0 | V86: 0 | W86: 0 | X86: 0 | Y86: 0 | Z86: 0 | AA86: =SUM(E86:Z86) -> 12
B87: 6 | C87: 6. DENNY YUNIANDARI, S.H., M.Kn. | E87: 0 | F87: 0 | G87: 0 | H87: 1 | I87: 0 | J87: 0 | K87: 0 | L87: 0 | M87: 0 | N87: 0 | O87: 0 | P87: 0 | Q87: 1 | R87: 0 | S87: 0 | T87: 0 | U87: 0 | V87: 0 | W87: 0 | X87: 1 | Y87: 0 | Z87: 0 | AA87: =SUM(E87:Z87) -> 3
B88: 7 | C88: 7. ERNADI, S.H.I. | E88: 0 | F88: 0 | G88: 0 | H88: 0 | I88: 0 | J88: 0 | K88: 0 | L88: 0 | M88: 0 | N88: 0 | O88: 1 | P88: 0 | Q88: 0 | R88: 0 | S88: 0 | T88: 0 | U88: 0 | V88: 0 | W88: 0 | X88: 1 | Y88: 0 | Z88: 0 | AA88: =SUM(E88:Z88) -> 2
AA89: =SUM(E89:Z89) -> 0
AA90: =SUM(E90:Z90) -> 0
A91: B | B91: JUMLAH SUARA SAH PARTAI POLITIK DAN CALON (A1 + A2) | E91: =SUM(E81:E90) -> 16 | F91: =SUM(F81:F90) -> 17 | G91: =SUM(G81:G90) -> 21 | H91: =SUM(H81:H90) -> 13 | I91: =SUM(I81:I90) -> 22 | J91: =SUM(J81:J90) -> 12 | K91: =SUM(K81:K90) -> 28 | L91: =SUM(L81:L90) -> 31 | ... AA91: =SUM(AA81:AA90) -> 536
A93: A.1 | B93: 5. | C93: Partai NasDem | E93: 1 | F93: 2 | G93: 0 | H93: 4 | I93: 1 | J93: 1 | K93: 2 | L93: 0 | M93: 1 | N93: 3 | O93: 5 | P93: 0 | Q93: 0 | R93: 0 | S93: 0 | T93: 0 | U93: 5 | V93: 1 | W93: 0 | X93: 1 | Y93: 0 | Z93: 5 | AA93: =SUM(E93:Z93) -> 32
A94: A.2 | B94: 1 | C94: 1. ACH. FADIL MUZAKKI SYAH | E94: 3 | F94: 0 | G94: 0 | H94: 18 | I94: 1 | J94: 2 | K94: 0 | L94: 0 | M94: 1 | N94: 2 | O94: 1 | P94: 0 | Q94: 0 | R94: 0 | S94: 1 | T94: 3 | U94: 3 | V94: 1 | W94: 3 | X94: 0 | Y94: 1 | Z94: 9 | AA94: =SUM(E94:Z94) -> 49
B95: 2 | C95: 2. BENY | E95: 2 | F95: 1 | G95: 0 | H95: 11 | I95: 18 | J95: 9 | K95: 19 | L95: 22 | M95: 18 | N95: 33 | O95: 15 | P95: 0 | Q95: 1 | R95: 0 | S95: 0 | T95: 1 | U95: 1 | V95: 0 | W95: 0 | X95: 0 | Y95: 1 | Z95: 1 | AA95: =SUM(E95:Z95) -> 153
B96: 3 | C96: 3. VINA VERONIKA | E96: 0 | F96: 0 | G96: 0 | H96: 0 | I96: 0 | J96: 0 | K96: 0 | L96: 0 | M96: 0 | N96: 0 | O96: 0 | P96: 0 | Q96: 0 | R96: 0 | S96: 0 | T96: 0 | U96: 0 | V96: 0 | W96: 0 | X96: 1 | Y96: 0 | Z96: 0 | AA96: =SUM(E96:Z96) -> 1
B97: 4 | C97: 4. TEDDY ANUGRIANTO | E97: 1 | F97: 0 | G97: 0 | H97: 2 | I97: 3 | J97: 1 | K97: 1 | L97: 0 | M97: 1 | N97: 1 | O97: 0 | P97: 0 | Q97: 1 | R97: 0 | S97: 0 | T97: 0 | U97: 0 | V97: 0 | W97: 0 | X97: 0 | Y97: 0 | Z97: 0 | AA97: =SUM(E97:Z97) -> 11
B98: 5 | C98: 5. INSAN KAMIL | E98: 0 | F98: 0 | G98: 0 | H98: 0 | I98: 0 | J98: 0 | K98: 0 | L98: 0 | M98: 0 | N98: 0 | O98: 0 | P98: 0 | Q98: 0 | R98: 0 | S98: 0 | T98: 0 | U98: 0 | V98: 0 | W98: 0 | X98: 0 | Y98: 0 | Z98: 0 | AA98: =SUM(E98:Z98) -> 0
B99: 6 | C99: 6. LILIK LINDARWATI | E99: 0 | F99: 0 | G99: 0 | H99: 0 | I99: 0 | J99: 0 | K99: 0 | L99: 0 | M99: 0 | N99: 0 | O99: 0 | P99: 0 | Q99: 0 | R99: 0 | S99: 0 | T99: 1 | U99: 0 | V99: 0 | W99: 0 | X99: 0 | Y99: 0 | Z99: 0 | AA99: =SUM(E99:Z99) -> 1
B100: 7 | C100: 7. YULI ANITA | E100: 0 | F100: 0 | G100: 0 | H100: 0 | I100: 0 | J100: 0 | K100: 0 | L100: 0 | M100: 0 | N100: 0 | O100: 0 | P100: 0 | Q100: 0 | R100: 0 | S100: 0 | T100: 0 | U100: 0 | V100: 0 | W100: 0 | X100: 0 | Y100: 0 | Z100: 0 | AA100: =SUM(E100:Z100) -> 0
AA101: =SUM(E101:Z101) -> 0
AA102: =SUM(E102:Z102) -> 0
A103: B | B103: JUMLAH SUARA SAH PARTAI POLITIK DAN CALON (A1 + A2) | E103: =SUM(E93:E102) -> 7 | F103: =SUM(F93:F102) -> 3 | G103: =SUM(G93:G102) -> 0 | H103: =SUM(H93:H102) -> 35 | I103: =SUM(I93:I102) -> 23 | J103: =SUM(J93:J102) -> 13 | K103: =SUM(K93:K102) -> 22 | L103: =SUM(L93:L102) -> 22 | ... AA103: =SUM(AA93:AA102) -> 247
A105: A.1 | B105: 6. | C105: Partai Buruh | E105: 0 | F105: 0 | G105: 1 | H105: 1 | I105: 1 | J105: 0 | K105: 2 | L105: 1 | M105: 0 | N105: 0 | O105: 0 | P105: 1 | Q105: 0 | R105: 0 | S105: 0 | T105: 2 | U105: 0 | V105: 2 | W105: 2 | X105: 1 | Y105: 1 | Z105: 0 | AA105: =SUM(E105:Z105) -> 15
A106: A.2 | B106: 1 | C106: 1. KHOIRUL ANAM | E106: 0 | F106: 0 | G106: 0 | H106: 1 | I106: 0 | J106: 0 | K106: 0 | L106: 0 | M106: 0 | N106: 0 | O106: 0 | P106: 0 | Q106: 2 | R106: 0 | S106: 0 | T106: 0 | U106: 1 | V106: 1 | W106: 0 | X106: 0 | Y106: 0 | Z106: 0 | AA106: =SUM(E106:Z106) -> 5
B107: 2 | C107: 2. INA KURNIA | E107: 0 | F107: 0 | G107: 1 | H107: 0 | I107: 0 | J107: 0 | K107: 0 | L107: 0 | M107: 0 | N107: 0 | O107: 0 | P107: 0 | Q107: 0 | R107: 0 | S107: 0 | T107: 0 | U107: 0 | V107: 0 | W107: 0 | X107: 1 | Y107: 0 | Z107: 0 | AA107: =SUM(E107:Z107) -> 2
B108: 3 | C108: 3. JIBRAL TAROUK | E108: 0 | F108: 1 | G108: 0 | H108: 0 | I108: 0 | J108: 0 | K108: 0 | L108: 0 | M108: 0 | N108: 0 | O108: 0 | P108: 0 | Q108: 0 | R108: 0 | S108: 0 | T108: 0 | U108: 0 | V108: 0 | W108: 0 | X108: 0 | Y108: 0 | Z108: 0 | AA108: =SUM(E108:Z108) -> 1
B109: 4 | C109: 4. ASTUTI DAENG PUJI | E109: 0 | F109: 0 | G109: 0 | H109: 0 | I109: 0 | J109: 0 | K109: 0 | L109: 0 | M109: 0 | N109: 0 | O109: 0 | P109: 0 | Q109: 0 | R109: 0 | S109: 0 | T109: 0 | U109: 0 | V109: 0 | W109: 0 | X109: 0 | Y109: 0 | Z109: 0 | AA109: =SUM(E109:Z109) -> 0
B110: 5 | C110: 5. ASDARMAWAN | E110: 0 | F110: 0 | G110: 0 | H110: 0 | I110: 0 | J110: 0 | K110: 0 | L110: 0 | M110: 0 | N110: 0 | O110: 0 | P110: 0 | Q110: 0 | R110: 0 | S110: 0 | T110: 0 | U110: 0 | V110: 0 | W110: 0 | X110: 0 | Y110: 0 | Z110: 0 | AA110: =SUM(E110:Z110) -> 0
B111: 6 | C111: 6. RIFQI MUBAROK | E111: 0 | F111: 0 | G111: 0 | H111: 0 | I111: 0 | J111: 0 | K111: 0 | L111: 0 | M111: 0 | N111: 0 | O111: 0 | P111: 0 | Q111: 0 | R111: 0 | S111: 0 | T111: 0 | U111: 0 | V111: 0 | W111: 0 | X111: 0 | Y111: 0 | Z111: 0 | AA111: =SUM(E111:Z111) -> 0
B112: 7 | C112: 7. FIRNANDA ALTA MEGA | E112: 0 | F112: 0 | G112: 0 | H112: 0 | I112: 0 | J112: 0 | K112: 0 0 | L112: 0 | M112: 0 | N112: 0 | O112: 0 | P112: 0 | Q112: 0 | R112: 0 | S112: 0 | T112: 0 | U112: 0 | V112: 0 | W112: 0 | X112: 0 | Y112: 0 | Z112: 0 | AA112: =SUM(E112:Z112) -> 0
AA113: =SUM(E113:Z113) -> 0
AA114: =SUM(E114:Z114) -> 0
A115: B | B115: JUMLAH SUARA SAH PARTAI POLITIK DAN CALON (A1 + A2) | E115: =SUM(E105:E114) -> 0 | F115: =SUM(F105:F114) -> 1 | G115: =SUM(G105:G114) -> 2 | H115: =SUM(H105:H114) -> 2 | I115: =SUM(I105:I114) -> 1 | J115: =SUM(J105:J114) -> 0 | K115: =SUM(K105:K114) -> 2 | L115: =SUM(L105:L114) -> 1 | ... AA115: =SUM(AA105:AA114) -> 23
A117: A.1 | B117: 7. | C117: Partai Gelombang Rakyat Indonesia | E117: 0 | F117: 0 | G117: 0 | H117: 0 | I117: 0 | J117: 2 | K117: 0 | L117: 1 | M117: 0 | N117: 0 | O117: 1 | P117: 0 | Q117: 0 | R117: 4 | S117: 1 | T117: 0 | U117: 1 | V117: 0 | W117: 0 | X117: 1 | Y117: 2 | Z117: 1 | AA117: =SUM(E117:Z117) -> 14
...

Sheet KARANGDORO
C2: Kecamatan | D2: TEGALSARI
C3: Kabupaten | D3: BANYUWANGI
C4: Provinsi | D4: JAWA TIMUR
C9: Kelurahan | D9: KARANGDORO
A12: I | B12: DATA PEMILIH DAN PENGGUNAAN HAK PILIH | AV12: JUMLAH AKHIR
A13: A | B13: DATA PEMILIH | E13: TPS 001 | F13: TPS 002 | G13: TPS 003 | H13: TPS 004 | I13: TPS 005 | J13: TPS 006 | K13: TPS 007 | L13: TPS 008 | M13: TPS 009 | N13: TPS 010 | O13: TPS 011 | P13: TPS 012 | Q13: TPS 013 | R13: TPS 014 | S13: TPS 015 | T13: TPS 016 | U13: TPS 017 | V13: TPS 018 | W13: TPS 019 | X13: TPS 020 | Y13: TPS 021 | Z13: TPS 022 | AA13: TPS 023 | AB13: TPS 024 | AC13: TPS 025 | AD13: TPS 026 | AE13: TPS 027 | AF13: TPS 028 | AG13: TPS 029 | AH13: TPS 030 | AI13: TPS 031 | AJ13: TPS 032 | AK13: TPS 033 | AL13: TPS 034 | AM13: TPS 035 | AN13: TPS 901 | AO13: TPS 902 | AP13: TPS 903 | AQ13: TPS 904 | AR13: TPS 905 | AS13: TPS 906 | AT13: TPS 907 | AU13: TPS 908
B14: Jumlah Pemilih dalam Daftar Pemilih Tetap (DPT) | D14: LK | E14: 157 | F14: 141 | G14: 125 | H14: 133 | I14: 139 | J14: 119 | K14: 131 | L14: 139 | M14: 132 | N14: 140 | O14: 139 | P14: 114 | Q14: 108 | R14: 135 | S14: 126 | T14: 140 | U14: 141 | V14: 136 | W14: 135 | X14: 144 | Y14: 135 | Z14: 152 | AA14: 151 | AB14: 143 | AC14: 120 | AD14: 119 | AE14: 119 | AF14: 106 | AG14: 105 | AH14: 112 | AI14: 114 | AJ14: 116 | AK14: 123 | AL14: 141 | AM14: 136 | AN14: 0 | AO14: 0 | AP14: 0 | AQ14: 300 | AR14: 298 | AS14: 298 | AT14: 65 | AV14: =SUM(E14:AU14) -> 5527
D15: PR | E15: 142 | F15: 155 | G15: 139 | H15: 136 | I15: 132 | J15: 119 | K15: 127 | L15: 142 | M15: 132 | N15: 128 | O15: 124 | P15: 121 | Q15: 116 | R15: 125 | S15: 116 | T15: 122 | U15: 140 | V15: 140 | W15: 120 | X15: 135 | Y15: 132 | Z15: 143 | AA15: 145 | AB15: 151 | AC15: 114 | AD15: 111 | AE15: 103 | AF15: 125 | AG15: 106 | AH15: 84 | AI15: 119 | AJ15: 101 | AK15: 123 | AL15: 147 | AM15: 158 | AN15: 300 | AO15: 292 | AP15: 297 | AQ15: 187 | AR15: 0 | AS15: 0 | AT15: 0 | AV15: =SUM(E15:AU15) -> 5549
D16: JML | E16: =SUM(E14:E15) -> 299 | F16: =SUM(F14:F15) -> 296 | G16: =SUM(G14:G15) -> 264 | H16: =SUM(H14:H15) -> 269 | I16: =SUM(I14:I15) -> 271 | J16: =SUM(J14:J15) -> 238 | K16: =SUM(K14:K15) -> 258 | L16: =SUM(L14:L15) -> 281 | ... AU16: =SUM(AU14:AU15) -> 0 | AV16: =SUM(E16:AU16) -> 11076
A18: B | B18: PENGGUNA HAK PILIH
B19: 1. | C19: Jumlah pengguna hak pilih dalam Daftar Pemilih Tetap (DPT) | D19: LK | E19: 113 | F19: 108 | G19: 93 | H19: 93 | I19: 106 | J19: 95 | K19: 96 | L19: 108 | M19: 91 | N19: 103 | O19: 109 | P19: 75 | Q19: 68 | R19: 97 | S19: 71 | T19: 114 | U19: 103 | V19: 101 | W19: 105 | X19: 108 | Y19: 92 | Z19: 104 | AA19: 117 | AB19: 101 | AC19: 87 | AD19: 79 | AE19: 91 | AF19: 77 | AG19: 77 | AH19: 81 | AI19: 91 | AJ19: 79 | AK19: 84 | AL19: 119 | AM19: 98 | AN19: 0 | AO19: 0 | AP19: 0 | AQ19: 0 | AR19: 1 | AS19: 0 | AT19: 2 | AU19: 0 | AV19: =SUM(E19:AU19) -> 3337
D20: PR | E20: 114 | F20: 124 | G20: 101 | H20: 108 | I20: 99 | J20: 98 | K20: 97 | L20: 120 | M20: 91 | N20: 99 | O20: 96 | P20: 85 | Q20: 83 | R20: 100 | S20: 75 | T20: 104 | U20: 102 | V20: 106 | W20: 104 | X20: 113 | Y20: 109 | Z20: 101 | AA20: 116 | AB20: 118 | AC20: 91 | AD20: 78 | AE20: 75 | AF20: 95 | AG20: 87 | AH20: 61 | AI20: 97 | AJ20: 82 | AK20: 88 | AL20: 124 | AM20: 107 | AN20: 0 | AO20: 0 | AP20: 3 | AQ20: 1 | AR20: 0 | AS20: 0 | AT20: 0 | AU20: 0 | AV20: =SUM(E20:AU20) -> 3452
D21: JML | E21: =SUM(E19:E20) -> 227 | F21: =SUM(F19:F20) -> 232 | G21: =SUM(G19:G20) -> 194 | H21: =SUM(H19:H20) -> 201 | I21: =SUM(I19:I20) -> 205 | J21: =SUM(J19:J20) -> 193 | K21: =SUM(K19:K20) -> 193 | L21: =SUM(L19:L20) -> 228 | ... AU21: =SUM(AU19:AU20) -> 0 | AV21: =SUM(E21:AU21) -> 6789
B22: 2. | C22: Jumlah pengguna hak pilih dalam Daftar Pemilih Tambahan (DPTb) | D22: LK | E22: 0 | F22: 1 | G22: 0 | H22: 3 | I22: 1 | J22: 2 | K22: 1 | L22: 0 | M22: 0 | N22: 0 | O22: 0 | P22: 0 | Q22: 0 | R22: 1 | S22: 0 | T22: 1 | U22: 1 | V22: 0 | W22: 0 | X22: 0 | Y22: 0 | Z22: 0 | AA22: 0 | AB22: 1 | AC22: 0 | AD22: 0 | AE22: 0 | AF22: 0 | AG22: 0 | AH22: 0 | AI22: 0 | AJ22: 0 | AK22: 0 | AL22: 0 | AM22: 0 | AN22: 0 | AO22: 0 | AP22: 0 | AQ22: 0 | AR22: 0 | AS22: 0 | AT22: 0 | AU22: 0 | AV22: =SUM(E22:AU22) -> 12
D23: PR | E23: 0 | F23: 3 | G23: 0 | H23: 0 | I23: 0 | J23: 0 | K23: 0 | L23: 0 | M23: 0 | N23: 0 | O23: 0 | P23: 0 | Q23: 0 | R23: 3 | S23: 5 | T23: 8 | U23: 2 | V23: 1 | W23: 0 | X23: 0 | Y23: 0 | Z23: 0 | AA23: 0 | AB23: 0 | AC23: 0 | AD23: 0 | AE23: 0 | AF23: 0 | AG23: 0 | AH23: 0 | AI23: 0 | AJ23: 0 | AK23: 0 | AL23: 0 | AM23: 0 | AN23: 0 | AO23: 0 | AP23: 0 | AQ23: 0 | AR23: 0 | AS23: 0 | AT23: 0 | AU23: 0 | AV23: =SUM(E23:AU23) -> 22
D24: JML | E24: =SUM(E22:E23) -> 0 | F24: =SUM(F22:F23) -> 4 | G24: =SUM(G22:G23) -> 0 | H24: =SUM(H22:H23) -> 3 | I24: =SUM(I22:I23) -> 1 | J24: =SUM(J22:J23) -> 2 | K24: =SUM(K22:K23) -> 1 | L24: =SUM(L22:L23) -> 0 | ... AU24: =SUM(AU22:AU23) -> 0 | AV24: =SUM(E24:AU24) -> 34
B25: 3. | C25: Jumlah pengguna hak pilih dalam Daftar Pemilih Khusus (DPK) | D25: LK | E25: 2 | F25: 3 | G25: 4 | H25: 3 | I25: 2 | J25: 3 | K25: 2 | L25: 2 | M25: 20 | N25: 11 | O25: 1 | P25: 1 | Q25: 1 | R25: 2 | S25: 5 | T25: 2 | U25: 2 | V25: 0 | W25: 0 | X25: 0 | Y25: 1 | Z25: 0 | AA25: 0 | AB25: 0 | AC25: 1 | AD25: 1 | AE25: 0 | AF25: 0 | AG25: 0 | AH25: 1 | AI25: 0 | AJ25: 0 | AK25: 0 | AL25: 3 | AM25: 3 | AN25: 0 | AO25: 0 | AP25: 0 | AQ25: 0 | AR25: 0 | AS25: 0 | AT25: 0 | AU25: 0 | AV25: =SUM(E25:AU25) -> 76
D26: PR | E26: 0 | F26: 3 | G26: 6 | H26: 6 | I26: 4 | J26: 3 | K26: 3 | L26: 2 | M26: 1 | N26: 0 | O26: 4 | P26: 1 | Q26: 2 | R26: 3 | S26: 5 | T26: 0 | U26: 2 | V26: 0 | W26: 1 | X26: 0 | Y26: 3 | Z26: 0 | AA26: 2 | AB26: 0 | AC26: 1 | AD26: 1 | AE26: 4 | AF26: 1 | AG26: 2 | AH26: 3 | AI26: 0 | AJ26: 0 | AK26: 1 | AL26: 0 | AM26: 5 | AN26: 0 | AO26: 0 | AP26: 0 | AQ26: 0 | AR26: 0 | AS26: 0 | AT26: 0 | AU26: 0 | AV26: =SUM(E26:AU26) -> 69
D27: JML | E27: =SUM(E25:E26) -> 2 | F27: =SUM(F25:F26) -> 6 | G27: =SUM(G25:G26) -> 10 | H27: =SUM(H25:H26) -> 9 | I27: =SUM(I25:I26) -> 6 | J27: =SUM(J25:J26) -> 6 | K27: =SUM(K25:K26) -> 5 | L27: =SUM(L25:L26) -> 4 | ... AU27: =SUM(AU25:AU26) -> 0 | AV27: =SUM(E27:AU27) -> 145
B28: 4. | C28: Jumlah Pengguna Hak Pilih (B.1+B.2+B.3) | D28: LK | E28: =SUM(E19,E22,E25) -> 115 | F28: =SUM(F19,F22,F25) -> 112 | G28: =SUM(G19,G22,G25) -> 97 | H28: =SUM(H19,H22,H25) -> 99 | I28: =SUM(I19,I22,I25) -> 109 | J28: =SUM(J19,J22,J25) -> 100 | K28: =SUM(K19,K22,K25) -> 99 | L28: =SUM(L19,L22,L25) -> 110 | ... AU28: =SUM(AU19,AU22,AU25) -> 0 | AV28: =SUM(E28:AU28) -> 3425
D29: PR | E29: =SUM(E20,E23,E26) -> 114 | F29: =SUM(F20,F23,F26) -> 130 | G29: =SUM(G20,G23,G26) -> 107 | H29: =SUM(H20,H23,H26) -> 114 | I29: =SUM(I20,I23,I26) -> 103 | J29: =SUM(J20,J23,J26) -> 101 | K29: =SUM(K20,K23,K26) -> 100 | L29: =SUM(L20,L23,L26) -> 122 | ... AU29: =SUM(AU20,AU23,AU26) -> 0 | AV29: =SUM(E29:AU29) -> 3543
D30: JML | E30: =SUM(E28:E29) -> 229 | F30: =SUM(F28:F29) -> 242 | G30: =SUM(G28:G29) -> 204 | H30: =SUM(H28:H29) -> 213 | I30: =SUM(I28:I29) -> 212 | J30: =SUM(J28:J29) -> 201 | K30: =SUM(K28:K29) -> 199 | L30: =SUM(L28:L29) -> 232 | ... AU30: =SUM(AU28:AU29) -> 0 | AV30: =SUM(E30:AU30) -> 6968
A32: II | B32: DATA PENGGUNAAN SURAT SUARA
A33: 1 | B33: Jumlah surat suara yang diterima, termasuk surat suara cadangan 2,5% dari DPT | E33: 305 | F33: 303 | G33: 269 | H33: 274 | I33: 294 | J33: 243 | K33: 244 | L33: 287 | M33: 269 | N33: 274 | O33: 269 | P33: 244 | Q33: 229 | R33: 266 | S33: 248 | T33: 268 | U33: 287 | V33: 279 | W33: 261 | X33: 285 | Y33: 273 | Z33: 301 | AA33: 302 | AB33: 300 | AC33: 240 | AD33: 235 | AE33: 227 | AF33: 226 | AG33: 216 | AH33: 201 | AI33: 238 | AJ33: 222 | AK33: 251 | AL33: 294 | AM33: 300 | AN33: 306 | AO33: 299 | AP33: 303 | AQ33: 191 | AR33: 307 | AS33: 304 | AT33: 304 | AU33: 67 | AV33: =SUM(E33:AU33) -> 11305
A34: 2 | B34: Jumlah surat suara yang digunakan | E34: 229 | F34: 242 | G34: 204 | H34: 213 | I34: 212 | J34: 201 | K34: 199 | L34: 232 | M34: 203 | N34: 213 | O34: 210 | P34: 162 | Q34: 154 | R34: 206 | S34: 161 | T34: 229 | U34: 212 | V34: 208 | W34: 210 | X34: 221 | Y34: 205 | Z34: 205 | AA34: 235 | AB34: 220 | AC34: 180 | AD34: 159 | AE34: 170 | AF34: 173 | AG34: 166 | AH34: 146 | AI34: 188 | AJ34: 161 | AK34: 173 | AL34: 246 | AM34: 213 | AN34: 0 | AO34: 0 | AP34: 3 | AQ34: 1 | AR34: 1 | AS34: 0 | AT34: 2 | AU34: 0 | AV34: =SUM(E34:AU34) -> 6968
A35: 3 | B35: Jumlah surat suara dikembalikan oleh pemilih (karena rusak atau keliru coblos) | E35: 0 | F35: 0 | G35: 0 | H35: 0 | I35: 15 | J35: 0 | K35: 3 | L35: 0 | M35: 5 | N35: 0 | O35: 0 | P35: 0 | Q35: 0 | R35: 0 | S35: 0 | T35: 0 | U35: 0 | V35: 0 | W35: 0 | X35: 0 | Y35: 0 | Z35: 0 | AA35: 0 | AB35: 0 | AC35: 60 | AD35: 0 | AE35: 0 | AF35: 0 | AG35: 0 | AH35: 0 | AI35: 1 | AJ35: 0 | AK35: 2 | AL35: 3 | AM35: 0 | AN35: 0 | AO35: 0 | AP35: 0 | AQ35: 0 | AR35: 0 | AS35: 0 | AT35: 0 | AU35: 0 | AV35: =SUM(E35:AU35) -> 89
A36: 4 | B36: Jumlah surat suara yang tidak digunakan/tidak terpakai, termasuk sisa surat suara cadangan | E36: =E33-(E34+E35) -> 76 | F36: =F33-(F34+F35) -> 61 | G36: =G33-(G34+G35) -> 65 | H36: =H33-(H34+H35) -> 61 | I36: =I33-(I34+I35) -> 67 | J36: =J33-(J34+J35) -> 42 | K36: =K33-(K34+K35) -> 42 | L36: =L33-(L34+L35) -> 55 | ... AU36: =AU33-(AU34+AU35) -> 67 | AV36: =SUM(E36:AU36) -> 4248
A38: III | B38: DATA PEMILIH DISABILITAS
B39: Jumlah seluruh Pemilih disabilitas yang menggunakan hak pilih | D39: LK | E39: 1 | F39: 0 | G39: 1 | H39: 0 | I39: 0 | J39: 0 | K39: 0 | L39: 1 | M39: 0 | N39: 0 | O39: 0 | P39: 0 | Q39: 0 | R39: 0 | S39: 0 | T39: 0 | U39: 0 | V39: 0 | W39: 0 | X39: 0 | Y39: 0 | Z39: 0 | AA39: 0 | AB39: 0 | AC39: 0 | AD39: 0 | AE39: 0 | AF39: 0 | AG39: 1 | AH39: 0 | AI39: 0 | AJ39: 1 | AK39: 0 | AL39: 0 | AM39: 0 | AN39: 0 | AO39: 0 | AP39: 0 | AQ39: 0 | AR39: 0 | AS39: 0 | AT39: 0 | AU39: 0 | AV39: =SUM(E39:AU39) -> 5
D40: PR | E40: 0 | F40: 0 | G40: 4 | H40: 0 | I40: 0 | J40: 0 | K40: 0 | L40: 1 | M40: 0 | N40: 0 | O40: 0 | P40: 0 | Q40: 0 | R40: 0 | S40: 0 | T40: 0 | U40: 0 | V40: 0 | W40: 0 | X40: 0 | Y40: 0 | Z40: 0 | AA40: 0 | AB40: 0 | AC40: 0 | AD40: 0 | AE40: 0 | AF40: 0 | AG40: 2 | AH40: 0 | AI40: 0 | AJ40: 0 | AK40: 0 | AL40: 0 | AM40: 1 | AN40: 0 | AO40: 0 | AP40: 0 | AQ40: 0 | AR40: 0 | AS40: 0 | AT40: 0 | AU40: 0 | AV40: =SUM(E40:AU40) -> 8
D41: JML | E41: 1 | F41: 0 | G41: 5 | H41: 0 | I41: 0 | J41: 0 | K41: 0 | L41: 2 | M41: 0 | N41: 0 | O41: 0 | P41: 0 | Q41: 0 | R41: 0 | S41: 0 | T41: =SUM(T39:T40) -> 0 | U41: =SUM(U39:U40) -> 0 | V41: =SUM(V39:V40) -> 0 | W41: =SUM(W39:W40) -> 0 | X41: =SUM(X39:X40) -> 0 | Y41: =SUM(Y39:Y40) -> 0 | Z41: =SUM(Z39:Z40) -> 0 | AA41: =SUM(AA39:AA40) -> 0 | ... AU41: =SUM(AU39:AU40) -> 0 | AV41: =SUM(E41:AU41) -> 13
A43: IV | B43: DATA RINCIAN PEROLEHAN SUARA PASANGAN CALON BUPATI DAN WAKIL BUPATI
A44: NOMOR DAN NAMA CALON
A45: A.1 | B45: 1. | C45: Partai Kebangkitan Bangsa | E45: 1 | F45: 2 | G45: 3 | H45: 4 | I45: 3 | J45: 5 | K45: 1 | L45: 3 | M45: 3 | N45: 3 | O45: 4 | P45: 13 | Q45: 4 | R45: 7 | S45: 5 | T45: 24 | U45: 15 | V45: 27 | W45: 17 | X45: 11 | Y45: 28 | Z45: 17 | AA45: 17 | AB45: 8 | AC45: 3 | AD45: 6 | AE45: 8 | AF45: 7 | AG45: 2 | AH45: 2 | AI45: 2 | AJ45: 3 | AK45: 3 | AL45: 5 | AM45: 6 | AN45: 0 | AO45: 0 | AP45: 0 | AQ45: 0 | AR45: 0 | AS45: 0 | AT45: 0 | AU45: 0 | AV45: =SUM(E45:AU45) -> 272
A46: A.2 | B46: 1 | C46: 1. Dr. Hj. NIHAYATUL WAFIROH, M.A. | E46: 11 | F46: 13 | G46: 7 | H46: 15 | I46: 21 | J46: 22 | K46: 13 | L46: 30 | M46: 31 | N46: 30 | O46: 72 | P46: 35 | Q46: 18 | R46: 135 | S46: 34 | T46: 124 | U46: 82 | V46: 139 | W46: 175 | X46: 163 | Y46: 116 | Z46: 76 | AA46: 71 | AB46: 55 | AC46: 15 | AD46: 15 | AE46: 32 | AF46: 22 | AG46: 6 | AH46: 26 | AI46: 0 | AJ46: 10 | AK46: 17 | AL46: 15 | AM46: 25 | AN46: 0 | AO46: 0 | AP46: 2 | AQ46: 1 | AR46: 1 | AS46: 0 | AT46: 2 | AU46: 0 | AV46: =SUM(E46:AU46) -> 1677
B47: 2 | C47: 2. H. M. NASIM KHAN | E47: 2 | F47: 0 | G47: 1 | H47: 0 | I47: 0 | J47: 0 | K47: 0 | L47: 0 | M47: 9 | N47: 9 | O47: 0 | P47: 0 | Q47: 2 | R47: 1 | S47: 1 | T47: 3 | U47: 4 | V47: 1 | W47: 1 | X47: 2 | Y47: 4 | Z47: 4 | AA47: 0 | AB47: 1 | AC47: 0 | AD47: 1 | AE47: 0 | AF47: 1 | AG47: 0 | AH47: 0 | AI47: 0 | AJ47: 1 | AK47: 1 | AL47: 1 | AM47: 0 | AN47: 0 | AO47: 0 | AP47: 0 | AQ47: 0 | AR47: 0 | AS47: 0 | AT47: 0 | AU47: 0 | AV47: =SUM(E47:AU47) -> 50
B48: 3 | C48: 3. Dr. H. AKIK ZAMAN, M.Pd.I. | E48: 0 | F48: 1 | G48: 0 | H48: 0 | I48: 0 | J48: 0 | K48: 0 | L48: 1 | M48: 1 | N48: 1 | O48: 1 | P48: 1 | Q48: 0 | R48: 1 | S48: 1 | T48: 2 | U48: 1 | V48: 0 | W48: 2 | X48: 2 | Y48: 0 | Z48: 2 | AA48: 1 | AB48: 1 | AC48: 1 | AD48: 0 | AE48: 0 | AF48: 0 | AG48: 0 | AH48: 0 | AI48: 0 | AJ48: 0 | AK48: 0 | AL48: 0 | AM48: 0 | AN48: 0 | AO48: 0 | AP48: 0 | AQ48: 0 | AR48: 0 | AS48: 0 | AT48: 0 | AU48: 0 | AV48: =SUM(E48:AU48) -> 20
B49: 4 | C49: 4. AHMAD RIFA'I, S.H. | E49: 0 | F49: 0 | G49: 0 | H49: 0 | I49: 1 | J49: 0 | K49: 0 | L49: 0 | M49: 0 | N49: 0 | O49: 0 | P49: 0 | Q49: 1 | R49: 1 | S49: 0 | T49: 0 | U49: 0 | V49: 0 | W49: 3 | X49: 1 | Y49: 2 | Z49: 1 | AA49: 2 | AB49: 0 | AC49: 0 | AD49: 2 | AE49: 0 | AF49: 2 | AG49: 0 | AH49: 0 | AI49: 0 | AJ49: 0 | AK49: 0 | AL49: 1 | AM49: 0 | AN49: 0 | AO49: 0 | AP49: 0 | AQ49: 0 | AR49: 0 | AS49: 0 | AT49: 0 | AU49: 0 | AV49: =SUM(E49:AU49) -> 17
B50: 5 | C50: 5. Drs. H. MAHFUD M.N. | E50: 0 | F50: 0 | G50: 0 | H50: 0 | I50: 1 | J50: 0 | K50: 0 | L50: 0 | M50: 0 | N50: 0 | O50: 1 | P50: 1 | Q50: 0 | R50: 2 | S50: 0 | T50: 2 | U50: 1 | V50: 0 | W50: 1 | X50: 0 | Y50: 1 | Z50: 0 | AA50: 1 | AB50: 1 | AC50: 0 | AD50: 0 | AE50: 0 | AF50: 0 | AG50: 0 | AH50: 0 | AI50: 0 | AJ50: 0 | AK50: 0 | AL50: 0 | AM50: 1 | AN50: 0 | AO50: 0 | AP50: 0 | AQ50: 0 | AR50: 0 | AS50: 0 | AT50: 0 | AU50: 0 | AV50: =SUM(E50:AU50) -> 13
B51: 6 | C51: 6. NURHAYATI, S.Pd. | E51: 0 | F51: 0 | G51: 1 | H51: 0 | I51: 0 | J51: 0 | K51: 0 | L51: 0 | M51: 0 | N51: 0 | O51: 1 | P51: 0 | Q51: 0 | R51: 0 | S51: 0 | T51: 0 | U51: 0 | V51: 0 | W51: 0 | X51: 0 | Y51: 1 | Z51: 1 | AA51: 0 | AB51: 1 | AC51: 0 | AD51: 1 | AE51: 0 | AF51: 0 | AG51: 0 | AH51: 0 | AI51: 1 | AJ51: 0 | AK51: 0 | AL51: 1 | AM51: 0 | AN51: 0 | AO51: 0 | AP51: 0 | AQ51: 0 | AR51: 0 | AS51: 0 | AT51: 0 | AU51: 0 | AV51: =SUM(E51:AU51) -> 8
B52: 7 | C52: 7. MAFTUHA KISWAH | E52: 0 | F52: 0 | G52: 0 | H52: 0 | I52: 0 | J52: 0 | K52: 0 | L52: 0 | M52: 0 | N52: 0 | O52: 0 | P52: 0 | Q52: 0 | R52: 0 | S52: 0 | T52: 0 | U52: 0 | V52: 0 | W52: 0 | X52: 0 | Y52: 0 | Z52: 0 | AA52: 0 | AB52: 0 | AC52: 0 | AD52: 0 | AE52: 0 | AF52: 1 | AG52: 0 | AH52: 0 | AI52: 0 | AJ52: 0 | AK52: 0 | AL52: 0 | AM52: 0 | AN52: 0 | AO52: 0 | AP52: 0 | AQ52: 0 | AR52: 0 | AS52: 0 | AT52: 0 | AU52: 0 | AV52: =SUM(E52:AU52) -> 1
AV53: =SUM(E53:AU53) -> 0
AV54: =SUM(E54:AU54) -> 0
A55: B | B55: JUMLAH SUARA SAH PARTAI POLITIK DAN CALON (A1 + A2) | E55: =SUM(E45:E54) -> 14 | F55: =SUM(F45:F54) -> 16 | G55: =SUM(G45:G54) -> 12 | H55: =SUM(H45:H54) -> 19 | I55: =SUM(I45:I54) -> 26 | J55: =SUM(J45:J54) -> 27 | K55: =SUM(K45:K54) -> 14 | L55: =SUM(L45:L54) -> 34 | ... AV55: =SUM(AV45:AV54) -> 2058
A57: A.1 | B57: 2. | C57: Partai Gerakan Indonesia Raya | E57: 3 | F57: 2 | G57: 5 | H57: 6 | I57: 9 | J57: 3 | K57: 1 | L57: 8 | M57: 9 | N57: 12 | O57: 9 | P57: 4 | Q57: 9 | R57: 4 | S57: 4 | T57: 2 | U57: 2 | V57: 2 | W57: 0 | X57: 0 | Y57: 3 | Z57: 9 | AA57: 12 | AB57: 7 | AC57: 4 | AD57: 9 | AE57: 7 | AF57: 6 | AG57: 14 | AH57: 6 | AI57: 7 | AJ57: 12 | AK57: 10 | AL57: 7 | AM57: 10 | AN57: 0 | AO57: 0 | AP57: 0 | AQ57: 0 | AR57: 0 | AS57: 0 | AT57: 0 | AU57: 0 | AV57: =SUM(E57:AU57) -> 217
A58: A.2 | B58: 1 | C58: 1. SUMAIL ABDULLAH | E58: 24 | F58: 15 | G58: 14 | H58: 33 | I58: 24 | J58: 10 | K58: 94 | L58: 24 | M58: 37 | N58: 35 | O58: 20 | P58: 33 | Q58: 27 | R58: 5 | S58: 24 | T58: 8 | U58: 18 | V58: 2 | W58: 4 | X58: 7 | Y58: 9 | Z58: 34 | AA58: 35 | AB58: 29 | AC58: 29 | AD58: 36 | AE58: 53 | AF58: 23 | AG58: 68 | AH58: 20 | AI58: 79 | AJ58: 29 | AK58: 20 | AL58: 65 | AM58: 42 | AN58: 0 | AO58: 0 | AP58: 0 | AQ58: 0 | AR58: 0 | AS58: 0 | AT58: 0 | AU58: 0 | AV58: =SUM(E58:AU58) -> 1029
B59: 2 | C59: 2. MUHAMMAD ALI ADRIAN SALEH | E59: 0 | F59: 1 | G59: 1 | H59: 2 | I59: 2 | J59: 1 | K59: 4 | L59: 2 | M59: 3 | N59: 7 | O59: 2 | P59: 2 | Q59: 1 | R59: 0 | S59: 3 | T59: 1 | U59: 2 | V59: 0 | W59: 0 | X59: 1 | Y59: 1 | Z59: 2 | AA59: 4 | AB59: 5 | AC59: 34 | AD59: 19 | AE59: 0 | AF59: 4 | AG59: 2 | AH59: 3 | AI59: 8 | AJ59: 2 | AK59: 2 | AL59: 1 | AM59: 0 | AN59: 0 | AO59: 0 | AP59: 0 | AQ59: 0 | AR59: 0 | AS59: 0 | AT59: 0 | AU59: 0 | AV59: =SUM(E59:AU59) -> 122
B60: 3 | C60: 3. DURROTUN NAFISAH | E60: 0 | F60: 0 | G60: 0 | H60: 0 | I60: 1 | J60: 0 | K60: 0 | L60: 1 | M60: 2 | N60: 0 | O60: 0 | P60: 0 | Q60: 0 | R60: 1 | S60: 2 | T60: 0 | U60: 0 | V60: 0 | W60: 0 | X60: 0 | Y60: 0 | Z60: 1 | AA60: 0 | AB60: 1 | AC60: 0 | AD60: 0 | AE60: 1 | AF60: 0 | AG60: 0 | AH60: 0 | AI60: 1 | AJ60: 0 | AK60: 0 | AL60: 0 | AM60: 3 | AN60: 0 | AO60: 0 | AP60: 0 | AQ60: 0 | AR60: 0 | AS60: 0 | AT60: 0 | AU60: 0 | AV60: =SUM(E60:AU60) -> 14
B61: 4 | C61: 4. H. EKO SUSILO NURHIDAYAT | E61: 1 | F61: 0 | G61: 1 | H61: 3 | I61: 2 | J61: 0 | K61: 3 | L61: 1 | M61: 2 | N61: 4 | O61: 2 | P61: 0 | Q61: 3 | R61: 0 | S61: 2 | T61: 1 | U61: 2 | V61: 0 | W61: 0 | X61: 0 | Y61: 0 | Z61: 1 | AA61: 1 | AB61: 1 | AC61: 5 | AD61: 3 | AE61: 1 | AF61: 2 | AG61: 1 | AH61: 1 | AI61: 1 | AJ61: 0 | AK61: 0 | AL61: 3 | AM61: 0 | AN61: 0 | AO61: 0 | AP61: 0 | AQ61: 0 | AR61: 0 | AS61: 0 | AT61: 0 | AU61: 0 | AV61: =SUM(E61:AU61) -> 47
B62: 5 | C62: 5. KARNADI HARIJANTO, S.S. | E62: 0 | F62: 0 | G62: 1 | H62: 0 | I62: 0 | J62: 0 | K62: 2 | L62: 1 | M62: 0 | N62: 1 | O62: 0 | P62: 0 | Q62: 0 | R62: 0 | S62: 0 | T62: 0 | U62: 1 | V62: 0 | W62: 0 | X62: 0 | Y62: 0 | Z62: 0 | AA62: 0 | AB62: 1 | AC62: 0 | AD62: 0 | AE62: 0 | AF62: 0 | AG62: 1 | AH62: 0 | AI62: 0 | AJ62: 0 | AK62: 0 | AL62: 1 | AM62: 1 | AN62: 0 | AO62: 0 | AP62: 0 | AQ62: 0 | AR62: 0 | AS62: 0 | AT62: 0 | AU62: 0 | AV62: =SUM(E62:AU62) -> 10
B63: 6 | C63: 6. NURHAYATI | E63: 0 | F63: 0 | G63: 0 | H63: 0 | I63: 0 | J63: 0 | K63: 1 | L63: 0 | M63: 0 | N63: 1 | O63: 0 | P63: 0 | Q63: 1 | R63: 0 | S63: 0 | T63: 0 | U63: 0 | V63: 0 | W63: 0 | X63: 0 | Y63: 1 | Z63: 0 | AA63: 0 | AB63: 0 | AC63: 2 | AD63: 0 | AE63: 0 | AF63: 1 | AG63: 1 | AH63: 0 | AI63: 0 | AJ63: 0 | AK63: 0 | AL63: 1 | AM63: 1 | AN63: 0 | AO63: 0 | AP63: 0 | AQ63: 0 | AR63: 0 | AS63: 0 | AT63: 0 | AU63: 0 | AV63: =SUM(E63:AU63) -> 10
B64: 7 | C64: 7. MASHUDI | E64: 0 | F64: 1 | G64: 0 | H64: 0 | I64: 0 | J64: 0 | K64: 0 | L64: 0 | M64: 0 | N64: 0 | O64: 0 | P64: 1 | Q64: 1 | R64: 0 | S64: 1 | T64: 0 | U64: 0 | V64: 0 | W64: 0 | X64: 1 | Y64: 0 | Z64: 0 | AA64: 0 | AB64: 0 | AC64: 0 | AD64: 0 | AE64: 0 | AF64: 0 | AG64: 0 | AH64: 0 | AI64: 0 | AJ64: 0 | AK64: 0 | AL64: 1 | AM64: 0 | AN64: 0 | AO64: 0 | AP64: 0 | AQ64: 0 | AR64: 0 | AS64: 0 | AT64: 0 | AU64: 0 | AV64: =SUM(E64:AU64) -> 6
AV65: =SUM(E65:AU65) -> 0
AV66: =SUM(E66:AU66) -> 0
A67: B | B67: JUMLAH SUARA SAH PARTAI POLITIK DAN CALON (A1 + A2) | E67: =SUM(E57:E66) -> 28 | F67: =SUM(F57:F66) -> 19 | G67: =SUM(G57:G66) -> 22 | H67: =SUM(H57:H66) -> 44 | I67: =SUM(I57:I66) -> 38 | J67: =SUM(J57:J66) -> 14 | K67: =SUM(K57:K66) -> 105 | L67: =SUM(L57:L66) -> 37 | ... AV67: =SUM(AV57:AV66) -> 1455
A69: A.1 | B69: 3. | C69: Partai Demokrasi Indonesia Perjuangan | E69: 18 | F69: 22 | G69: 28 | H69: 15 | I69: 19 | J69: 25 | K69: 2 | L69: 14 | M69: 14 | N69: 12 | O69: 13 | P69: 9 | Q69: 5 | R69: 2 | S69: 10 | T69: 9 | U69: 7 | V69: 3 | W69: 0 | X69: 3 | Y69: 1 | Z69: 6 | AA69: 5 | AB69: 24 | AC69: 14 | AD69: 16 | AE69: 11 | AF69: 18 | AG69: 11 | AH69: 21 | AI69: 14 | AJ69: 18 | AK69: 13 | AL69: 9 | AM69: 14 | AN69: 0 | AO69: 0 | AP69: 0 | AQ69: 0 | AR69: 0 | AS69: 0 | AT69: 0 | AU69: 0 | AV69: =SUM(E69:AU69) -> 425
A70: A.2 | B70: 1 | C70: 1. SONNY TRI DANAPARAMITA, S.H., M.H. | E70: 59 | F70: 80 | G70: 46 | H70: 67 | I70: 55 | J70: 102 | K70: 9 | L70: 8 | M70: 10 | N70: 16 | O70: 13 | P70: 3 | Q70: 16 | R70: 1 | S70: 4 | T70: 4 | U70: 5 | V70: 2 | W70: 2 | X70: 2 | Y70: 4 | Z70: 1 | AA70: 6 | AB70: 5 | AC70: 6 | AD70: 6 | AE70: 8 | AF70: 10 | AG70: 14 | AH70: 15 | AI70: 7 | AJ70: 17 | AK70: 10 | AL70: 35 | AM70: 2 | AN70: 0 | AO70: 0 | AP70: 0 | AQ70: 0 | AR70: 0 | AS70: 0 | AT70: 0 | AU70: 0 | AV70: =SUM(E70:AU70) -> 650
B71: 2 | C71: 2. H. MOHAMAD GUNTUR ROMLI | E71: 2 | F71: 5 | G71: 4 | H71: 2 | I71: 3 | J71: 0 | K71: 3 | L71: 3 | M71: 2 | N71: 6 | O71: 4 | P71: 5 | Q71: 6 | R71: 1 | S71: 2 | T71: 1 | U71: 4 | V71: 0 | W71: 0 | X71: 1 | Y71: 1 | Z71: 1 | AA71: 1 | AB71: 6 | AC71: 3 | AD71: 5 | AE71: 3 | AF71: 3 | AG71: 3 | AH71: 2 | AI71: 5 | AJ71: 5 | AK71: 2 | AL71: 2 | AM71: 5 | AN71: 0 | AO71: 0 | AP71: 0 | AQ71: 0 | AR71: 0 | AS71: 0 | AT71: 0 | AU71: 0 | AV71: =SUM(E71:AU71) -> 101
B72: 3 | C72: 3. INA AMMANIA | E72: 6 | F72: 3 | G72: 2 | H72: 4 | I72: 3 | J72: 1 | K72: 37 | L72: 81 | M72: 16 | N72: 8 | O72: 4 | P72: 2 | Q72: 3 | R72: 1 | S72: 3 | T72: 4 | U72: 7 | V72: 2 | W72: 0 | X72: 0 | Y72: 3 | Z72: 2 | AA72: 2 | AB72: 11 | AC72: 4 | AD72: 2 | AE72: 3 | AF72: 4 | AG72: 9 | AH72: 7 | AI72: 37 | AJ72: 7 | AK72: 2 | AL72: 36 | AM72: 13 | AN72: 0 | AO72: 0 | AP72: 0 | AQ72: 0 | AR72: 0 | AS72: 0 | AT72: 0 | AU72: 0 | AV72: =SUM(E72:AU72) -> 329
B73: 4 | C73: 4. IRWAN BACHTIAR RACHMAT, M.Si. | E73: 6 | F73: 4 | G73: 9 | H73: 7 | I73: 6 | J73: 5 | K73: 0 | L73: 6 | M73: 6 | N73: 6 | O73: 3 | P73: 11 | Q73: 3 | R73: 4 | S73: 3 | T73: 1 | U73: 6 | V73: 1 | W73: 0 | X73: 2 | Y73: 1 | Z73: 2 | AA73: 1 | AB73: 9 | AC73: 5 | AD73: 2 | AE73: 3 | AF73: 11 | AG73: 3 | AH73: 1 | AI73: 2 | AJ73: 5 | AK73: 3 | AL73: 0 | AM73: 6 | AN73: 0 | AO73: 0 | AP73: 0 | AQ73: 0 | AR73: 0 | AS73: 0 | AT73: 0 | AU73: 0 | AV73: =SUM(E73:AU73) -> 143
B74: 5 | C74: 5. LUCKY PERDANA | E74: 1 | F74: 2 | G74: 3 | H74: 3 | I74: 4 | J74: 0 | K74: 1 | L74: 3 | M74: 2 | N74: 1 | O74: 2 | P74: 1 | Q74: 3 | R74: 0 | S74: 2 | T74: 2 | U74: 6 | V74: 2 | W74: 1 | X74: 1 | Y74: 8 | Z74: 3 | AA74: 6 | AB74: 3 | AC74: 4 | AD74: 3 | AE74: 0 | AF74: 2 | AG74: 2 | AH74: 1 | AI74: 0 | AJ74: 5 | AK74: 2 | AL74: 1 | AM74: 1 | AN74: 0 | AO74: 0 | AP74: 0 | AQ74: 0 | AR74: 0 | AS74: 0 | AT74: 0 | AU74: 0 | AV74: =SUM(E74:AU74) -> 81
B75: 6 | C75: 6. WIWIK PUJIYATI | E75: 1 | F75: 1 | G75: 0 | H75: 0 | I75: 0 | J75: 1 | K75: 1 | L75: 1 | M75: 1 | N75: 1 | O75: 3 | P75: 1 | Q75: 2 | R75: 1 | S75: 1 | T75: 2 | U75: 2 | V75: 0 | W75: 0 | X75: 1 | Y75: 0 | Z75: 1 | AA75: 2 | AB75: 2 | AC75: 0 | AD75: 1 | AE75: 2 | AF75: 1 | AG75: 0 | AH75: 1 | AI75: 0 | AJ75: 0 | AK75: 1 | AL75: 1 | AM75: 1 | AN75: 0 | AO75: 0 | AP75: 0 | AQ75: 0 | AR75: 0 | AS75: 0 | AT75: 0 | AU75: 0 | AV75: =SUM(E75:AU75) -> 33
B76: 7 | C76: 7. CHANDRA ASTAN, S.T. | E76: 2 | F76: 3 | G76: 1 | H76: 0 | I76: 4 | J76: 1 | K76: 1 | L76: 0 | M76: 0 | N76: 2 | O76: 0 | P76: 0 | Q76: 0 | R76: 0 | S76: 0 | T76: 2 | U76: 0 | V76: 0 | W76: 0 | X76: 0 | Y76: 0 | Z76: 0 | AA76: 0 | AB76: 2 | AC76: 3 | AD76: 2 | AE76: 2 | AF76: 0 | AG76: 8 | AH76: 0 | AI76: 0 | AJ76: 2 | AK76: 0 | AL76: 0 | AM76: 0 | AN76: 0 | AO76: 0 | AP76: 0 | AQ76: 0 | AR76: 0 | AS76: 0 | AT76: 0 | AU76: 0 | AV76: =SUM(E76:AU76) -> 35
AV77: =SUM(E77:AU77) -> 0
AV78: =SUM(E78:AU78) -> 0
A79: B | B79: JUMLAH SUARA SAH PARTAI POLITIK DAN CALON (A1 + A2) | E79: =SUM(E69:E78) -> 95 | F79: =SUM(F69:F78) -> 120 | G79: =SUM(G69:G78) -> 93 | H79: =SUM(H69:H78) -> 98 | I79: =SUM(I69:I78) -> 94 | J79: =SUM(J69:J78) -> 135 | K79: =SUM(K69:K78) -> 54 | L79: =SUM(L69:L78) -> 116 | ... AV79: =SUM(AV69:AV78) -> 1797
A81: A.1 | B81: 4. | C81: Partai Golongan Karya | E81: 8 | F81: 7 | G81: 9 | H81: 4 | I81: 6 | J81: 1 | K81: 1 | L81: 3 | M81: 4 | N81: 4 | O81: 3 | P81: 3 | Q81: 3 | R81: 3 | S81: 9 | T81: 3 | U81: 4 | V81: 0 | W81: 0 | X81: 1 | Y81: 0 | Z81: 1 | AA81: 3 | AB81: 2 | AC81: 3 | AD81: 1 | AE81: 0 | AF81: 3 | AG81: 3 | AH81: 1 | AI81: 3 | AJ81: 6 | AK81: 2 | AL81: 3 | AM81: 3 | AN81: 0 | AO81: 0 | AP81: 0 | AQ81: 0 | AR81: 0 | AS81: 0 | AT81: 0 | AU81: 0 | AV81: =SUM(E81:AU81) -> 110
A82: A.2 | B82: 1 | C82: 1. ZULFIKAR ARSE SADIKIN, S.I.P., M.Si. | E82: 30 | F82: 25 | G82: 7 | H82: 13 | I82: 12 | J82: 1 | K82: 8 | L82: 0 | M82: 2 | N82: 0 | O82: 0 | P82: 0 | Q82: 0 | R82: 1 | S82: 8 | T82: 8 | U82: 4 | V82: 1 | W82: 0 | X82: 0 | Y82: 1 | Z82: 3 | AA82: 5 | AB82: 5 | AC82: 1 | AD82: 0 | AE82: 0 | AF82: 7 | AG82: 2 | AH82: 2 | AI82: 11 | AJ82: 3 | AK82: 1 | AL82: 1 | AM82: 2 | AN82: 0 | AO82: 0 | AP82: 0 | AQ82: 0 | AR82: 0 | AS82: 0 | AT82: 0 | AU82: 0 | AV82: =SUM(E82:AU82) -> 164
B83: 2 | C83: 2. HANDOKO | E83: 5 | F83: 11 | G83: 3 | H83: 2 | I83: 2 | J83: 2 | K83: 0 | L83: 2 | M83: 3 | N83: 4 | O83: 1 | P83: 2 | Q83: 4 | R83: 1 | S83: 2 | T83: 0 | U83: 2 | V83: 1 | W83: 0 | X83: 0 | Y83: 0 | Z83: 0 | AA83: 2 | AB83: 1 | AC83: 5 | AD83: 0 | AE83: 2 | AF83: 4 | AG83: 1 | AH83: 8 | AI83: 2 | AJ83: 3 | AK83: 1 | AL83: 2 | AM83: 4 | AN83: 0 | AO83: 0 | AP83: 0 | AQ83: 0 | AR83: 0 | AS83: 0 | AT83: 0 | AU83: 0 | AV83: =SUM(E83:AU83) -> 82
B84: 3 | C84: 3. Hj. OVI DEWI YANTI | E84: 1 | F84: 0 | G84: 0 | H84: 0 | I84: 0 | J84: 0 | K84: 0 | L84: 1 | M84: 1 | N84: 1 | O84: 0 | P84: 0 | Q84: 1 | R84: 0 | S84: 0 | T84: 0 | U84: 0 | V84: 0 | W84: 0 | X84: 0 | Y84: 0 | Z84: 0 | AA84: 0 | AB84: 1 | AC84: 0 | AD84: 1 | AE84: 0 | AF84: 0 | AG84: 0 | AH84: 0 | AI84: 0 | AJ84: 0 | AK84: 0 | AL84: 1 | AM84: 1 | AN84: 0 | AO84: 0 | AP84: 0 | AQ84: 0 | AR84: 0 | AS84: 0 | AT84: 0 | AU84: 0 | AV84: =SUM(E84:AU84) -> 9
B85: 4 | C85: 4. Ir. AZAM AZMAN NATAWIJANA | E85: 1 | F85: 1 | G85: 0 | H85: 1 | I85: 1 | J85: 0 | K85: 0 | L85: 0 | M85: 1 | N85: 0 | O85: 0 | P85: 2 | Q85: 1 | R85: 0 | S85: 0 | T85: 0 | U85: 0 | V85: 0 | W85: 0 | X85: 0 | Y85: 0 | Z85: 0 | AA85: 0 | AB85: 0 | AC85: 0 | AD85: 0 | AE85: 0 | AF85: 0 | AG85: 0 | AH85: 0 | AI85: 0 | AJ85: 0 | AK85: 0 | AL85: 0 | AM85: 1 | AN85: 0 | AO85: 0 | AP85: 0 | AQ85: 0 | AR85: 0 | AS85: 0 | AT85: 0 | AU85: 0 | AV85: =SUM(E85:AU85) -> 9
B86: 5 | C86: 5. UBAIDILLAH AMIN, S.Kom. | E86: 1 | F86: 0 | G86: 2 | H86: 1 | I86: 0 | J86: 0 | K86: 0 | L86: 0 | M86: 0 | N86: 2 | O86: 0 | P86: 0 | Q86: 1 | R86: 0 | S86: 0 | T86: 0 | U86: 0 | V86: 0 | W86: 0 | X86: 0 | Y86: 0 | Z86: 0 | AA86: 0 | AB86: 0 | AC86: 0 | AD86: 1 | AE86: 0 | AF86: 0 | AG86: 0 | AH86: 0 | AI86: 0 | AJ86: 1 | AK86: 0 | AL86: 0 | AM86: 2 | AN86: 0 | AO86: 0 | AP86: 0 | AQ86: 0 | AR86: 0 | AS86: 0 | AT86: 0 | AU86: 0 | AV86: =SUM(E86:AU86) -> 11
B87: 6 | C87: 6. DENNY YUNIANDARI, S.H., M.Kn. | E87: 0 | F87: 0 | G87: 0 | H87: 0 | I87: 0 | J87: 0 | K87: 0 | L87: 0 | M87: 0 | N87: 1 | O87: 0 | P87: 0 | Q87: 0 | R87: 0 | S87: 0 | T87: 0 | U87: 1 | V87: 0 | W87: 0 | X87: 0 | Y87: 0 | Z87: 0 | AA87: 0 | AB87: 0 | AC87: 0 | AD87: 0 | AE87: 0 | AF87: 0 | AG87: 0 | AH87: 0 | AI87: 0 | AJ87: 0 | AK87: 0 | AL87: 0 | AM87: 0 | AN87: 0 | AO87: 0 | AP87: 0 | AQ87: 0 | AR87: 0 | AS87: 0 | AT87: 0 | AU87: 0 | AV87: =SUM(E87:AU87) -> 2
B88: 7 | C88: 7. ERNADI, S.H.I. | E88: 1 | F88: 0 | G88: 0 | H88: 0 | I88: 0 | J88: 0 | K88: 0 | L88: 0 | M88: 1 | N88: 0 | O88: 0 | P88: 0 | Q88: 0 | R88: 0 | S88: 0 | T88: 0 | U88: 0 | V88: 0 | W88: 0 | X88: 0 | Y88: 0 | Z88: 0 | AA88: 0 | AB88: 0 | AC88: 0 | AD88: 0 | AE88: 0 | AF88: 1 | AG88: 0 | AH88: 0 | AI88: 0 | AJ88: 0 | AK88: 0 | AL88: 0 | AM88: 0 | AN88: 0 | AO88: 0 | AP88: 0 | AQ88: 0 | AR88: 0 | AS88: 0 | AT88: 0 | AU88: 0 | AV88: =SUM(E88:AU88) -> 3
AV89: =SUM(E89:AU89) -> 0
AV90: =SUM(E90:AU90) -> 0
A91: B | B91: JUMLAH SUARA SAH PARTAI POLITIK DAN CALON (A1 + A2) | E91: =SUM(E81:E90) -> 47 | F91: =SUM(F81:F90) -> 44 | G91: =SUM(G81:G90) -> 21 | H91: =SUM(H81:H90) -> 21 | I91: =SUM(I81:I90) -> 21 | J91: =SUM(J81:J90) -> 4 | K91: =SUM(K81:K90) -> 9 | L91: =SUM(L81:L90) -> 6 | ... AV91: =SUM(AV81:AV90) -> 390
A93: A.1 | B93: 5. | C93: Partai NasDem | E93: 1 | F93: 0 | G93: 0 | H93: 1 | I93: 1 | J93: 0 | K93: 0 | L93: 0 | M93: 0 | N93: 0 | O93: 3 | P93: 0 | Q93: 0 | R93: 0 | S93: 0 | T93: 1 | U93: 0 | V93: 0 | W93: 0 | X93: 0 | Y93: 0 | Z93: 0 | AA93: 0 | AB93: 0 | AC93: 0 | AD93: 2 | AE93: 0 | AF93: 0 | AG93: 0 | AH93: 0 | AI93: 0 | AJ93: 0 | AK93: 3 | AL93: 4 | AM93: 3 | AN93: 0 | AO93: 0 | AP93: 0 | AQ93: 0 | AR93: 0 | AS93: 0 | AT93: 0 | AU93: 0 | AV93: =SUM(E93:AU93) -> 19
A94: A.2 | B94: 1 | C94: 1. ACH. FADIL MUZAKKI SYAH | E94: 2 | F94: 0 | G94: 1 | H94: 1 | I94: 0 | J94: 0 | K94: 0 | L94: 0 | M94: 0 | N94: 0 | O94: 1 | P94: 9 | Q94: 0 | R94: 0 | S94: 0 | T94: 0 | U94: 0 | V94: 1 | W94: 0 | X94: 0 | Y94: 1 | Z94: 0 | AA94: 11 | AB94: 1 | AC94: 1 | AD94: 0 | AE94: 3 | AF94: 0 | AG94: 0 | AH94: 0 | AI94: 0 | AJ94: 5 | AK94: 6 | AL94: 14 | AM94: 12 | AN94: 0 | AO94: 0 | AP94: 0 | AQ94: 0 | AR94: 0 | AS94: 0 | AT94: 0 | AU94: 0 | AV94: =SUM(E94:AU94) -> 69
B95: 2 | C95: 2. BENY | E95: 3 | F95: 18 | G95: 2 | H95: 2 | I95: 0 | J95: 0 | K95: 0 | L95: 1 | M95: 0 | N95: 0 | O95: 0 | P95: 0 | Q95: 0 | R95: 0 | S95: 1 | T95: 0 | U95: 0 | V95: 4 | W95: 0 | X95: 0 | Y95: 1 | Z95: 0 | AA95: 0 | AB95: 0 | AC95: 0 | AD95: 0 | AE95: 0 | AF95: 0 | AG95: 0 | AH95: 0 | AI95: 0 | AJ95: 0 | AK95: 2 | AL95: 0 | AM95: 3 | AN95: 0 | AO95: 0 | AP95: 0 | AQ95: 0 | AR95: 0 | AS95: 0 | AT95: 0 | AU95: 0 | AV95: =SUM(E95:AU95) -> 37
B96: 3 | C96: 3. VINA VERONIKA | E96: 1 | F96: 0 | G96: 0 | H96: 0 | I96: 0 | J96: 0 | K96: 0 | L96: 0 | M96: 0 | N96: 0 | O96: 0 | P96: 0 | Q96: 0 | R96: 0 | S96: 0 | T96: 0 | U96: 0 | V96: 0 | W96: 0 | X96: 0 | Y96: 0 | Z96: 0 | AA96: 0 | AB96: 0 | AC96: 0 | AD96: 0 | AE96: 0 | AF96: 0 | AG96: 0 | AH96: 0 | AI96: 0 | AJ96: 0 | AK96: 0 | AL96: 0 | AM96: 1 | AN96: 0 | AO96: 0 | AP96: 0 | AQ96: 0 | AR96: 0 | AS96: 0 | AT96: 0 | AU96: 0 | AV96: =SUM(E96:AU96) -> 2
B97: 4 | C97: 4. TEDDY ANUGRIANTO | E97: 0 | F97: 0 | G97: 0 | H97: 0 | I97: 0 | J97: 0 | K97: 0 | L97: 0 | M97: 0 | N97: 0 | O97: 0 | P97: 0 | Q97: 0 | R97: 0 | S97: 1 | T97: 0 | U97: 0 | V97: 0 | W97: 0 | X97: 0 | Y97: 0 | Z97: 0 | AA97: 0 | AB97: 0 | AC97: 0 | AD97: 0 | AE97: 1 | AF97: 0 | AG97: 0 | AH97: 0 | AI97: 0 | AJ97: 0 | AK97: 0 | AL97: 0 | AM97: 0 | AN97: 0 | AO97: 0 | AP97: 0 | AQ97: 0 | AR97: 0 | AS97: 0 | AT97: 0 | AU97: 0 | AV97: =SUM(E97:AU97) -> 2
B98: 5 | C98: 5. INSAN KAMIL | E98: 0 | F98: 0 | G98: 0 | H98: 0 | I98: 0 | J98: 0 | K98: 0 | L98: 0 | M98: 0 | N98: 0 | O98: 0 | P98: 0 | Q98: 0 | R98: 0 | S98: 0 | T98: 0 | U98: 0 | V98: 0 | W98: 0 | X98: 0 | Y98: 0 | Z98: 0 | AA98: 0 | AB98: 0 | AC98: 0 | AD98: 0 | AE98: 0 | AF98: 0 | AG98: 0 | AH98: 0 | AI98: 0 | AJ98: 0 | AK98: 0 | AL98: 0 | AM98: 1 | AN98: 0 | AO98: 0 | AP98: 0 | AQ98: 0 | AR98: 0 | AS98: 0 | AT98: 0 | AU98: 0 | AV98: =SUM(E98:AU98) -> 1
B99: 6 | C99: 6. LILIK LINDARWATI | E99: 0 | F99: 0 | G99: 0 | H99: 0 | I99: 0 | J99: 0 | K99: 0 | L99: 0 | M99: 0 | N99: 0 | O99: 0 | P99: 0 | Q99: 0 | R99: 0 | S99: 0 | T99: 0 | U99: 0 | V99: 0 | W99: 0 | X99: 0 | Y99: 0 | Z99: 0 | AA99: 0 | AB99: 0 | AC99: 0 | AD99: 0 | AE99: 1 | AF99: 0 | AG99: 0 | AH99: 0 | AI99: 0 | AJ99: 0 | AK99: 0 | AL99: 0 | AM99: 0 | AN99: 0 | AO99: 0 | AP99: 0 | AQ99: 0 | AR99: 0 | AS99: 0 | AT99: 0 | AU99: 0 | AV99: =SUM(E99:AU99) -> 1
B100: 7 | C100: 7. YULI ANITA | E100: 0 | F100: 0 | G100: 0 | H100: 0 | I100: 0 | J100: 0 | K100: 0 | L100: 0 | M100: 0 | N100: 0 | O100: 0 | P100: 0 | Q100: 1 | R100: 0 | S100: 0 | T100: 0 | U100: 0 | V100: 0 | W100: 0 | X100: 0 | Y100: 0 | Z100: 0 | AA100: 0 | AB100: 0 | AC100: 0 | AD100: 0 | AE100: 0 | AF100: 0 | AG100: 0 | AH100: 0 | AI100: 0 | AJ100: 0 | AK100: 0 | AL100: 0 | AM100: 0 | AN100: 0 | AO100: 0 | AP100: 0 | AQ100: 0 | AR100: 0 | AS100: 0 | AT100: 0 | AU100: 0 | AV100: =SUM(E100:AU100) -> 1
AV101: =SUM(E101:AU101) -> 0
AV102: =SUM(E102:AU102) -> 0
A103: B | B103: JUMLAH SUARA SAH PARTAI POLITIK DAN CALON (A1 + A2) | E103: =SUM(E93:E102) -> 7 | F103: =SUM(F93:F102) -> 18 | G103: =SUM(G93:G102) -> 3 | H103: =SUM(H93:H102) -> 4 | I103: =SUM(I93:I102) -> 1 | J103: =SUM(J93:J102) -> 0 | K103: =SUM(K93:K102) -> 0 | L103: =SUM(L93:L102) -> 1 | ... AV103: =SUM(AV93:AV102) -> 132
A105: A.1 | B105: 6. | C105: Partai Buruh | E105: 1 | F105: 0 | G105: 0 | H105: 0 | I105: 0 | J105: 1 | K105: 0 | L105: 0 | M105: 2 | N105: 1 | O105: 0 | P105: 0 | Q105: 0 | R105: 1 | S105: 0 | T105: 0 | U105: 0 | V105: 0 | W105: 0 | X105: 0 | Y105: 0 | Z105: 1 | AA105: 0 | AB105: 0 | AC105: 0 | AD105: 0 | AE105: 0 | AF105: 1 | AG105: 0 | AH105: 0 | AI105: 0 | AJ105: 2 | AK105: 0 | AL105: 0 | AM105: 1 | AN105: 0 | AO105: 0 | AP105: 0 | AQ105: 0 | AR105: 0 | AS105: 0 | AT105: 0 | AU105: 0 | AV105: =SUM(E105:AU105) -> 11
A106: A.2 | B106: 1 | C106: 1. KHOIRUL ANAM | E106: 0 | F106: 1 | G106: 0 | H106: 0 | I106: 0 | J106: 0 | K106: 0 | L106: 0 | M106: 0 | N106: 0 | O106: 0 | P106: 1 | Q106: 0 | R106: 0 | S106: 0 | T106: 0 | U106: 0 | V106: 0 | W106: 0 | X106: 0 | Y106: 0 | Z106: 0 | AA106: 0 | AB106: 0 | AC106: 0 | AD106: 1 | AE106: 0 | AF106: 1 | AG106: 0 | AH106: 0 | AI106: 0 | AJ106: 0 | AK106: 0 | AL106: 1 | AM106: 0 | AN106: 0 | AO106: 0 | AP106: 0 | AQ106: 0 | AR106: 0 | AS106: 0 | AT106: 0 | AU106: 0 | AV106: =SUM(E106:AU106) -> 5
B107: 2 | C107: 2. INA KURNIA | E107: 0 | F107: 0 | G107: 0 | H107: 0 | I107: 0 | J107: 0 | K107: 0 | L107: 0 | M107: 0 | N107: 0 | O107: 0 | P107: 0 | Q107: 0 | R107: 0 | S107: 0 | T107: 0 | U107: 0 | V107: 0 | W107: 0 | X107: 0 | Y107: 0 | Z107: 0 | AA107: 0 | AB107: 0 | AC107: 0 | AD107: 0 | AE107: 0 | AF107: 0 | AG107: 0 | AH107: 0 | AI107: 0 | AJ107: 0 | AK107: 3 | AL107: 0 | AM107: 0 | AN107: 0 | AO107: 0 | AP107: 0 | AQ107: 0 | AR107: 0 | AS107: 0 | AT107: 0 | AU107: 0 | AV107: =SUM(E107:AU107) -> 3
B108: 3 | C108: 3. JIBRAL TAROUK | E108: 0 | F108: 0 | G108: 0 | H108: 0 | I108: 0 | J108: 0 | K108: 0 | L108: 0 | M108: 0 | N108: 0 | O108: 0 | P108: 0 | Q108: 0 | R108: 1 | S108: 0 | T108: 1 | U108: 0 | V108: 0 | W108: 0 | X108: 0 | Y108: 0 | Z108: 0 | AA108: 0 | AB108: 0 | AC108: 0 | AD108: 0 | AE108: 0 | AF108: 0 | AG108: 0 | AH108: 0 | AI108: 0 | AJ108: 0 | AK108: 0 | AL108: 0 | AM108: 0 | AN108: 0 | AO108: 0 | AP108: 0 | AQ108: 0 | AR108: 0 | AS108: 0 | AT108: 0 | AU108: 0 | AV108: =SUM(E108:AU108) -> 2
B109: 4 | C109: 4. ASTUTI DAENG PUJI | E109: 0 | F109: 0 | G109: 0 | H109: 1 | I109: 0 | J109: 0 | K109: 0 | L109: 0 | M109: 0 | N109: 0 | O109: 0 | P109: 0 | Q109: 0 | R109: 0 | S109: 0 | T109: 0 | U109: 0 | V109: 0 | W109: 0 | X109: 0 | Y109: 0 | Z109: 0 | AA109: 0 | AB109: 0 | AC109: 0 | AD109: 0 | AE109: 0 | AF109: 0 | AG109: 0 | AH109: 0 | AI109: 0 | AJ109: 0 | AK109: 1 | AL109: 0 | AM109: 0 | AN109: 0 | AO109: 0 | AP109: 0 | AQ109: 0 | AR109: 0 | AS109: 0 | AT109: 0 | AU109: 0 | AV109: =SUM(E109:AU109) -> 2
B110: 5 | C110: 5. ASDARMAWAN | E110: 0 | F110: 0 | G110: 0 | H110: 0 | I110: 0 | J110: 0 | K110: 0 | L110: 0 | M110: 0 | N110: 0 | O110: 0 | P110: 0 | Q110: 0 | R110: 0 | S110: 0 | T110: 0 | U110: 0 | V110: 0 | W110: 0 | X110: 0 | Y110: 0 | Z110: 0 | AA110: 0 | AB110: 1 | AC110: 0 | AD110: 0 | AE110: 0 | AF110: 0 | AG110: 0 | AH110: 0 | AI110: 0 | AJ110: 0 | AK110: 0 | AL110: 0 | AM110: 0 | AN110: 0 | AO110: 0 | AP110: 0 | AQ110: 0 | AR110: 0 | AS110: 0 | AT110: 0 | AU110: 0 | AV110: =SUM(E110:AU110) -> 1
B111: 6 | C111: 6. RIFQI MUBAROK | E111: 0 | F111: 0 | G111: 0 | H111: 0 | I111: 0 | J111: 0 | K111: 0 | L111: 0 | M111: 0 | N111: 0 | O111: 0 | P111: 0 | Q111: 0 | R111: 0 | S111: 0 | T111: 0 | U111: 0 | V111: 0 | W111: 0 | X111: 0 | Y111: 0 | Z111: 0 | AA111: 0 | AB111: 0 | AC111: 0 | AD111: 0 | AE111: 0 | AF111: 0 | AG111: 0 | AH111: 0 | AI111: 0 | AJ111: 0 | AK111: 0 | AL111: 0 | AM111: 0 | AN111: 0 | AO111: 0 | AP111: 0 | AQ111: 0 | AR111: 0 | AS111: 0 | AT111: 0 | AU111: 0 | AV111: =SUM(E111:AU111) -> 0
B112: 7 | C112: 7. FIRNANDA ALTA MEGA | E112: 0 | F112: 0 | G112: 0 | H112: 0 | I112: 0 | J112: 0 | K112: 0 | L112: 0 | M112: 0 | N112: 0 | O112: 0 | P112: 0 | Q112: 0 | R112: 0 | S112: 0 | T112: 0 | U112: 0 | V112: 0 | W112: 0 | X112: 0 | Y112: 0 | Z112: 0 | AA112: 0 | AB112: 0 | AC112: 0 | AD112: 0 | AE112: 0 | AF112: 0 | AG112: 0 | AH112: 0 | AI112: 0 | AJ112: 0 | AK112: 0 | AL112: 0 | AM112: 0 | AN112: 0 | AO112: 0 | AP112: 0 | AQ112: 0 | AR112: 0 | AS112: 0 | AT112: 0 | AU112: 0 | AV112: =SUM(E112:AU112) -> 0
AV113: =SUM(E113:AU113) -> 0
AV114: =SUM(E114:AU114) -> 0
A115: B | B115: JUMLAH SUARA SAH PARTAI POLITIK DAN CALON (A1 + A2) | E115: =SUM(E105:E114) -> 1 | F115: =SUM(F105:F114) -> 1 | G115: =SUM(G105:G114) -> 0 | H115: =SUM(H105:H114) -> 1 | I115: =SUM(I105:I114) -> 0 | J115: =SUM(J105:J114) -> 1 | K115: =SUM(K105:K114) -> 0 | L115: =SUM(L105:L114) -> 0 | ... AV115: =SUM(AV105:AV114) -> 24
A117: A.1 | B117: 7. | C117: Partai Gelombang Rakyat Indonesia | E117: 0 | F117: 0 | G117: 0 | H117: 0 | I117: 0 | J117: 1 | K117: 0 | L117: 0 | M117: 0 | N117: 0 | O117: 0 | P117: 1 | Q117: 1 | R117: 0 | S117: 1 | T117: 0 | U117: 1 | V117: 0 | W117: 0 | X117: 0 | Y117: 1 | Z117: 0 | AA117: 0 | AB117: 1 | AC117: 0 | AD117: 1 | AE117: 3 | AF117: 3 | AG117: 0 | AH117: 0 | AI117: 0 | AJ117: 0 | AK117: 2 | AL117: 1 | AM117: 1 | AN117: 0 | AO117: 0 | AP117: 0 | AQ117: 0 | AR117: 0 | AS117: 0 | AT117: 0 | AU117: 0 | AV117: =SUM(E117:AU117) -> 18
...

Sheet KARANGMULYO
C2: Kecamatan | D2: TEGALSARI
C3: Kabupaten | D3: BANYUWANGI
C4: Provinsi | D4: JAWA TIMUR
C9: Kelurahan | D9: KARANGMULYO
A12: I | B12: DATA PEMILIH DAN PENGGUNAAN HAK PILIH | W12: JUMLAH AKHIR
A13: A | B13: DATA PEMILIH | E13: TPS 001 | F13: TPS 002 | G13: TPS 003 | H13: TPS 004 | I13: TPS 005 | J13: TPS 006 | K13: TPS 007 | L13: TPS 008 | M13: TPS 009 | N13: TPS 010 | O13: TPS 011 | P13: TPS 012 | Q13: TPS 013 | R13: TPS 014 | S13: TPS 015 | T13: TPS 016 | U13: TPS 017 | V13: TPS 018
B14: Jumlah Pemilih dalam Daftar Pemilih Tetap (DPT) | D14: LK | E14: 134 | F14: 122 | G14: 127 | H14: 124 | I14: 130 | J14: 113 | K14: 133 | L14: 118 | M14: 138 | N14: 145 | O14: 127 | P14: 128 | Q14: 135 | R14: 117 | S14: 107 | T14: 118 | U14: 120 | V14: 134 | W14: =SUM(E14:V14) -> 2270
D15: PR | E15: 122 | F15: 131 | G15: 128 | H15: 136 | I15: 120 | J15: 127 | K15: 117 | L15: 125 | M15: 132 | N15: 131 | O15: 147 | P15: 128 | Q15: 125 | R15: 125 | S15: 99 | T15: 132 | U15: 117 | V15: 134 | W15: =SUM(E15:V15) -> 2276
D16: JML | E16: =SUM(E14:E15) -> 256 | F16: =SUM(F14:F15) -> 253 | G16: =SUM(G14:G15) -> 255 | H16: =SUM(H14:H15) -> 260 | I16: =SUM(I14:I15) -> 250 | J16: =SUM(J14:J15) -> 240 | K16: =SUM(K14:K15) -> 250 | L16: =SUM(L14:L15) -> 243 | ... V16: =SUM(V14:V15) -> 268 | W16: =SUM(E16:V16) -> 4546
A18: B | B18: PENGGUNA HAK PILIH
B19: 1. | C19: Jumlah pengguna hak pilih dalam Daftar Pemilih Tetap (DPT) | D19: LK | E19: 93 | F19: 88 | G19: 91 | H19: 86 | I19: 101 | J19: 82 | K19: 106 | L19: 89 | M19: 105 | N19: 110 | O19: 96 | P19: 85 | Q19: 103 | R19: 78 | S19: 73 | T19: 86 | U19: 95 | V19: 102 | W19: =SUM(E19:V19) -> 1669
D20: PR | E20: 88 | F20: 105 | G20: 99 | H20: 99 | I20: 93 | J20: 94 | K20: 94 | L20: 104 | M20: 105 | N20: 100 | O20: 111 | P20: 99 | Q20: 98 | R20: 97 | S20: 71 | T20: 100 | U20: 102 | V20: 99 | W20: =SUM(E20:V20) -> 1758
D21: JML | E21: =SUM(E19:E20) -> 181 | F21: =SUM(F19:F20) -> 193 | G21: =SUM(G19:G20) -> 190 | H21: =SUM(H19:H20) -> 185 | I21: =SUM(I19:I20) -> 194 | J21: =SUM(J19:J20) -> 176 | K21: =SUM(K19:K20) -> 200 | L21: =SUM(L19:L20) -> 193 | ... V21: =SUM(V19:V20) -> 201 | W21: =SUM(E21:V21) -> 3427
B22: 2. | C22: Jumlah pengguna hak pilih dalam Daftar Pemilih Tambahan (DPTb) | D22: LK | E22: 0 | F22: 0 | G22: 1 | H22: 0 | I22: 0 | J22: 0 | K22: 0 | L22: 0 | M22: 0 | N22: 0 | O22: 0 | P22: 0 | Q22: 0 | R22: 0 | S22: 0 | T22: 0 | U22: 1 | V22: 0 | W22: =SUM(E22:V22) -> 2
D23: PR | E23: 0 | F23: 0 | G23: 0 | H23: 0 | I23: 0 | J23: 0 | K23: 0 | L23: 0 | M23: 0 | N23: 0 | O23: 0 | P23: 0 | Q23: 0 | R23: 0 | S23: 0 | T23: 0 | U23: 0 | V23: 0 | W23: =SUM(E23:V23) -> 0
D24: JML | E24: =SUM(E22:E23) -> 0 | F24: =SUM(F22:F23) -> 0 | G24: =SUM(G22:G23) -> 1 | H24: =SUM(H22:H23) -> 0 | I24: =SUM(I22:I23) -> 0 | J24: =SUM(J22:J23) -> 0 | K24: =SUM(K22:K23) -> 0 | L24: =SUM(L22:L23) -> 0 | ... V24: =SUM(V22:V23) -> 0 | W24: =SUM(E24:V24) -> 2
B25: 3. | C25: Jumlah pengguna hak pilih dalam Daftar Pemilih Khusus (DPK) | D25: LK | E25: 1 | F25: 0 | G25: 0 | H25: 1 | I25: 0 | J25: 2 | K25: 0 | L25: 0 | M25: 0 | N25: 0 | O25: 3 | P25: 1 | Q25: 2 | R25: 1 | S25: 0 | T25: 1 | U25: 2 | V25: 0 | W25: =SUM(E25:V25) -> 14
D26: PR | E26: 2 | F26: 0 | G26: 0 | H26: 1 | I26: 0 | J26: 0 | K26: 0 | L26: 0 | M26: 1 | N26: 2 | O26: 1 | P26: 1 | Q26: 2 | R26: 2 | S26: 0 | T26: 6 | U26: 1 | V26: 1 | W26: =SUM(E26:V26) -> 20
D27: JML | E27: =SUM(E25:E26) -> 3 | F27: =SUM(F25:F26) -> 0 | G27: =SUM(G25:G26) -> 0 | H27: =SUM(H25:H26) -> 2 | I27: =SUM(I25:I26) -> 0 | J27: =SUM(J25:J26) -> 2 | K27: =SUM(K25:K26) -> 0 | L27: =SUM(L25:L26) -> 0 | ... V27: =SUM(V25:V26) -> 1 | W27: =SUM(E27:V27) -> 34
B28: 4. | C28: Jumlah Pengguna Hak Pilih (B.1+B.2+B.3) | D28: LK | E28: =SUM(E19,E22,E25) -> 94 | F28: =SUM(F19,F22,F25) -> 88 | G28: =SUM(G19,G22,G25) -> 92 | H28: =SUM(H19,H22,H25) -> 87 | I28: =SUM(I19,I22,I25) -> 101 | J28: =SUM(J19,J22,J25) -> 84 | K28: =SUM(K19,K22,K25) -> 106 | L28: =SUM(L19,L22,L25) -> 89 | ... V28: =SUM(V19,V22,V25) -> 102 | W28: =SUM(E28:V28) -> 1685
D29: PR | E29: =SUM(E20,E23,E26) -> 90 | F29: =SUM(F20,F23,F26) -> 105 | G29: =SUM(G20,G23,G26) -> 99 | H29: =SUM(H20,H23,H26) -> 100 | I29: =SUM(I20,I23,I26) -> 93 | J29: =SUM(J20,J23,J26) -> 94 | K29: =SUM(K20,K23,K26) -> 94 | L29: =SUM(L20,L23,L26) -> 104 | ... V29: =SUM(V20,V23,V26) -> 100 | W29: =SUM(E29:V29) -> 1778
D30: JML | E30: =SUM(E28:E29) -> 184 | F30: =SUM(F28:F29) -> 193 | G30: =SUM(G28:G29) -> 191 | H30: =SUM(H28:H29) -> 187 | I30: =SUM(I28:I29) -> 194 | J30: =SUM(J28:J29) -> 178 | K30: =SUM(K28:K29) -> 200 | L30: =SUM(L28:L29) -> 193 | ... V30: =SUM(V28:V29) -> 202 | W30: =SUM(E30:V30) -> 3463
A32: II | B32: DATA PENGGUNAAN SURAT SUARA
A33: 1 | B33: Jumlah surat suara yang diterima, termasuk surat suara cadangan 2,5% dari DPT | E33: 262 | F33: 259 | G33: 261 | H33: 266 | I33: 255 | J33: 245 | K33: 255 | L33: 248 | M33: 277 | N33: 282 | O33: 280 | P33: 272 | Q33: 266 | R33: 247 | S33: 211 | T33: 257 | U33: 242 | V33: 274 | W33: =SUM(E33:V33) -> 4659
A34: 2 | B34: Jumlah surat suara yang digunakan | E34: 184 | F34: 193 | G34: 191 | H34: 187 | I34: 194 | J34: 178 | K34: 200 | L34: 193 | M34: 211 | N34: 212 | O34: 211 | P34: 186 | Q34: 205 | R34: 178 | S34: 144 | T34: 193 | U34: 201 | V34: 202 | W34: =SUM(E34:V34) -> 3463
A35: 3 | B35: Jumlah surat suara dikembalikan oleh pemilih (karena rusak atau keliru coblos) | E35: 0 | F35: 0 | G35: 0 | H35: 0 | I35: 1 | J35: 0 | K35: 0 | L35: 0 | M35: 1 | N35: 1 | O35: 0 | P35: 0 | Q35: 0 | R35: 0 | S35: 0 | T35: 1 | U35: 0 | V35: 0 | W35: =SUM(E35:V35) -> 4
A36: 4 | B36: Jumlah surat suara yang tidak digunakan/tidak terpakai, termasuk sisa surat suara cadangan | E36: =E33-(E34+E35) -> 78 | F36: =F33-(F34+F35) -> 66 | G36: =G33-(G34+G35) -> 70 | H36: =H33-(H34+H35) -> 79 | I36: =I33-(I34+I35) -> 60 | J36: =J33-(J34+J35) -> 67 | K36: =K33-(K34+K35) -> 55 | L36: =L33-(L34+L35) -> 55 | ... V36: =V33-(V34+V35) -> 72 | W36: =SUM(E36:V36) -> 1192
A38: III | B38: DATA PEMILIH DISABILITAS
B39: Jumlah seluruh Pemilih disabilitas yang menggunakan hak pilih | D39: LK | E39: 0 | F39: 0 | G39: 0 | H39: 0 | I39: 0 | J39: 0 | K39: 0 | L39: 0 | M39: 0 | N39: 1 | O39: 0 | P39: 0 | Q39: 0 | R39: 0 | S39: 0 | T39: 0 | U39: 0 | V39: 0 | W39: =SUM(E39:V39) -> 1
D40: PR | E40: 0 | F40: 0 | G40: 0 | H40: 0 | I40: 0 | J40: 0 | K40: 0 | L40: 0 | M40: 0 | N40: 0 | O40: 0 | P40: 0 | Q40: 0 | R40: 0 | S40: 0 | T40: 0 | U40: 0 | V40: 0 | W40: =SUM(E40:V40) -> 0
D41: JML | E41: =SUM(E39:E40) -> 0 | F41: =SUM(F39:F40) -> 0 | G41: =SUM(G39:G40) -> 0 | H41: =SUM(H39:H40) -> 0 | I41: =SUM(I39:I40) -> 0 | J41: =SUM(J39:J40) -> 0 | K41: =SUM(K39:K40) -> 0 | L41: =SUM(L39:L40) -> 0 | ... V41: =SUM(V39:V40) -> 0 | W41: =SUM(E41:V41) -> 1
A43: IV | B43: DATA RINCIAN PEROLEHAN SUARA PASANGAN CALON BUPATI DAN WAKIL BUPATI
A44: NOMOR DAN NAMA CALON
A45: A.1 | B45: 1. | C45: Partai Kebangkitan Bangsa | E45: 0 | F45: 7 | G45: 5 | H45: 10 | I45: 6 | J45: 4 | K45: 7 | L45: 4 | M45: 15 | N45: 4 | O45: 3 | P45: 9 | Q45: 6 | R45: 8 | S45: 4 | T45: 4 | U45: 5 | V45: 16 | W45: =SUM(E45:V45) -> 117
A46: A.2 | B46: 1 | C46: 1. Dr. Hj. NIHAYATUL WAFIROH, M.A. | E46: 37 | F46: 30 | G46: 30 | H46: 36 | I46: 12 | J46: 16 | K46: 9 | L46: 11 | M46: 27 | N46: 16 | O46: 10 | P46: 36 | Q46: 44 | R46: 19 | S46: 21 | T46: 20 | U46: 45 | V46: 37 | W46: =SUM(E46:V46) -> 456
B47: 2 | C47: 2. H. M. NASIM KHAN | E47: 0 | F47: 1 | G47: 1 | H47: 0 | I47: 0 | J47: 0 | K47: 0 | L47: 9 | M47: 0 | N47: 1 | O47: 0 | P47: 8 | Q47: 0 | R47: 1 | S47: 1 | T47: 1 | U47: 4 | V47: 1 | W47: =SUM(E47:V47) -> 28
B48: 3 | C48: 3. Dr. H. AKIK ZAMAN, M.Pd.I. | E48: 0 | F48: 0 | G48: 1 | H48: 0 | I48: 0 | J48: 0 | K48: 0 | L48: 0 | M48: 1 | N48: 0 | O48: 1 | P48: 0 | Q48: 1 | R48: 0 | S48: 1 | T48: 0 | U48: 0 | V48: 1 | W48: =SUM(E48:V48) -> 6
B49: 4 | C49: 4. AHMAD RIFA'I, S.H. | E49: 1 | F49: 0 | G49: 0 | H49: 1 | I49: 1 | J49: 5 | K49: 2 | L49: 1 | M49: 1 | N49: 0 | O49: 0 | P49: 1 | Q49: 1 | R49: 3 | S49: 0 | T49: 1 | U49: 0 | V49: 1 | W49: =SUM(E49:V49) -> 19
B50: 5 | C50: 5. Drs. H. MAHFUD M.N. | E50: 0 | F50: 0 | G50: 0 | H50: 0 | I50: 0 | J50: 0 | K50: 0 | L50: 0 | M50: 0 | N50: 0 | O50: 1 | P50: 0 | Q50: 0 | R50: 0 | S50: 1 | T50: 1 | U50: 0 | V50: 0 | W50: =SUM(E50:V50) -> 3
B51: 6 | C51: 6. NURHAYATI, S.Pd. | E51: 0 | F51: 0 | G51: 0 | H51: 0 | I51: 0 | J51: 0 | K51: 0 | L51: 0 | M51: 1 | N51: 0 | O51: 0 | P51: 0 | Q51: 0 | R51: 3 | S51: 0 | T51: 0 | U51: 1 | V51: 0 | W51: =SUM(E51:V51) -> 5
B52: 7 | C52: 7. MAFTUHA KISWAH | E52: 0 | F52: 0 | G52: 0 | H52: 1 | I52: 0 | J52: 0 | K52: 0 | L52: 0 | M52: 1 | N52: 0 | O52: 0 | P52: 0 | Q52: 0 | R52: 1 | S52: 0 | T52: 0 | U52: 0 | V52: 0 | W52: =SUM(E52:V52) -> 3
W53: =SUM(E53:V53) -> 0
W54: =SUM(E54:V54) -> 0
A55: B | B55: JUMLAH SUARA SAH PARTAI POLITIK DAN CALON (A1 + A2) | E55: =SUM(E45:E54) -> 38 | F55: =SUM(F45:F54) -> 38 | G55: =SUM(G45:G54) -> 37 | H55: =SUM(H45:H54) -> 48 | I55: =SUM(I45:I54) -> 19 | J55: =SUM(J45:J54) -> 25 | K55: =SUM(K45:K54) -> 18 | L55: =SUM(L45:L54) -> 25 | ... W55: =SUM(W45:W54) -> 637
A57: A.1 | B57: 2. | C57: Partai Gerakan Indonesia Raya | E57: 4 | F57: 9 | G57: 5 | H57: 8 | I57: 6 | J57: 6 | K57: 7 | L57: 12 | M57: 8 | N57: 9 | O57: 11 | P57: 8 | Q57: 6 | R57: 3 | S57: 9 | T57: 12 | U57: 6 | V57: 3 | W57: =SUM(E57:V57) -> 132
A58: A.2 | B58: 1 | C58: 1. SUMAIL ABDULLAH | E58: 28 | F58: 11 | G58: 43 | H58: 39 | I58: 40 | J58: 29 | K58: 44 | L58: 44 | M58: 9 | N58: 20 | O58: 15 | P58: 22 | Q58: 8 | R58: 20 | S58: 37 | T58: 52 | U58: 43 | V58: 10 | W58: =SUM(E58:V58) -> 514
B59: 2 | C59: 2. MUHAMMAD ALI ADRIAN SALEH | E59: 7 | F59: 2 | G59: 2 | H59: 1 | I59: 5 | J59: 5 | K59: 6 | L59: 2 | M59: 17 | N59: 50 | O59: 22 | P59: 4 | Q59: 22 | R59: 2 | S59: 3 | T59: 8 | U59: 2 | V59: 55 | W59: =SUM(E59:V59) -> 215
B60: 3 | C60: 3. DURROTUN NAFISAH | E60: 0 | F60: 0 | G60: 0 | H60: 0 | I60: 0 | J60: 0 | K60: 0 | L60: 0 | M60: 1 | N60: 1 | O60: 0 | P60: 0 | Q60: 1 | R60: 0 | S60: 2 | T60: 0 | U60: 1 | V60: 1 | W60: =SUM(E60:V60) -> 7
B61: 4 | C61: 4. H. EKO SUSILO NURHIDAYAT | E61: 0 | F61: 4 | G61: 1 | H61: 0 | I61: 0 | J61: 1 | K61: 1 | L61: 0 | M61: 4 | N61: 4 | O61: 3 | P61: 0 | Q61: 2 | R61: 2 | S61: 0 | T61: 0 | U61: 1 | V61: 5 | W61: =SUM(E61:V61) -> 28
B62: 5 | C62: 5. KARNADI HARIJANTO, S.S. | E62: 1 | F62: 0 | G62: 0 | H62: 0 | I62: 0 | J62: 0 | K62: 0 | L62: 0 | M62: 0 | N62: 1 | O62: 0 | P62: 0 | Q62: 1 | R62: 0 | S62: 0 | T62: 1 | U62: 0 | V62: 0 | W62: =SUM(E62:V62) -> 4
B63: 6 | C63: 6. NURHAYATI | E63: 2 | F63: 1 | G63: 0 | H63: 0 | I63: 0 | J63: 2 | K63: 0 | L63: 0 | M63: 0 | N63: 1 | O63: 1 | P63: 0 | Q63: 1 | R63: 1 | S63: 0 | T63: 0 | U63: 0 | V63: 0 | W63: =SUM(E63:V63) -> 9
B64: 7 | C64: 7. MASHUDI | E64: 0 | F64: 0 | G64: 0 | H64: 0 | I64: 0 | J64: 0 | K64: 0 | L64: 0 | M64: 0 | N64: 0 | O64: 1 | P64: 0 | Q64: 1 | R64: 0 | S64: 1 | T64: 0 | U64: 0 | V64: 1 | W64: =SUM(E64:V64) -> 4
W65: =SUM(E65:V65) -> 0
W66: =SUM(E66:V66) -> 0
A67: B | B67: JUMLAH SUARA SAH PARTAI POLITIK DAN CALON (A1 + A2) | E67: =SUM(E57:E66) -> 42 | F67: =SUM(F57:F66) -> 27 | G67: =SUM(G57:G66) -> 51 | H67: =SUM(H57:H66) -> 48 | I67: =SUM(I57:I66) -> 51 | J67: =SUM(J57:J66) -> 43 | K67: =SUM(K57:K66) -> 58 | L67: =SUM(L57:L66) -> 58 | ... W67: =SUM(W57:W66) -> 913
A69: A.1 | B69: 3. | C69: Partai Demokrasi Indonesia Perjuangan | E69: 7 | F69: 8 | G69: 6 | H69: 3 | I69: 6 | J69: 12 | K69: 8 | L69: 13 | M69: 6 | N69: 8 | O69: 11 | P69: 10 | Q69: 15 | R69: 4 | S69: 2 | T69: 7 | U69: 9 | V69: 4 | W69: =SUM(E69:V69) -> 139
A70: A.2 | B70: 1 | C70: 1. SONNY TRI DANAPARAMITA, S.H., M.H. | E70: 3 | F70: 2 | G70: 8 | H70: 3 | I70: 7 | J70: 4 | K70: 4 | L70: 12 | M70: 6 | N70: 4 | O70: 5 | P70: 2 | Q70: 6 | R70: 7 | S70: 6 | T70: 4 | U70: 8 | V70: 8 | W70: =SUM(E70:V70) -> 99
B71: 2 | C71: 2. H. MOHAMAD GUNTUR ROMLI | E71: 0 | F71: 4 | G71: 0 | H71: 1 | I71: 0 | J71: 4 | K71: 4 | L71: 1 | M71: 4 | N71: 1 | O71: 2 | P71: 4 | Q71: 4 | R71: 3 | S71: 2 | T71: 4 | U71: 4 | V71: 5 | W71: =SUM(E71:V71) -> 47
B72: 3 | C72: 3. INA AMMANIA | E72: 20 | F72: 53 | G72: 25 | H72: 3 | I72: 2 | J72: 5 | K72: 7 | L72: 9 | M72: 7 | N72: 1 | O72: 3 | P72: 6 | Q72: 5 | R72: 2 | S72: 1 | T72: 2 | U72: 5 | V72: 1 | W72: =SUM(E72:V72) -> 157
B73: 4 | C73: 4. IRWAN BACHTIAR RACHMAT, M.Si. | E73: 0 | F73: 1 | G73: 0 | H73: 2 | I73: 1 | J73: 2 | K73: 3 | L73: 4 | M73: 1 | N73: 4 | O73: 0 | P73: 8 | Q73: 2 | R73: 1 | S73: 0 | T73: 8 | U73: 5 | V73: 1 | W73: =SUM(E73:V73) -> 43
B74: 5 | C74: 5. LUCKY PERDANA | E74: 4 | F74: 1 | G74: 0 | H74: 1 | I74: 1 | J74: 1 | K74: 6 | L74: 4 | M74: 2 | N74: 2 | O74: 3 | P74: 2 | Q74: 0 | R74: 3 | S74: 1 | T74: 2 | U74: 2 | V74: 0 | W74: =SUM(E74:V74) -> 35
B75: 6 | C75: 6. WIWIK PUJIYATI | E75: 1 | F75: 2 | G75: 0 | H75: 0 | I75: 0 | J75: 1 | K75: 2 | L75: 2 | M75: 2 | N75: 1 | O75: 2 | P75: 1 | Q75: 2 | R75: 0 | S75: 3 | T75: 2 | U75: 3 | V75: 1 | W75: =SUM(E75:V75) -> 25
B76: 7 | C76: 7. CHANDRA ASTAN, S.T. | E76: 1 | F76: 1 | G76: 0 | H76: 0 | I76: 1 | J76: 0 | K76: 0 | L76: 0 | M76: 1 | N76: 0 | O76: 0 | P76: 0 | Q76: 0 | R76: 0 | S76: 0 | T76: 1 | U76: 0 | V76: 0 | W76: =SUM(E76:V76) -> 5
W77: =SUM(E77:V77) -> 0
W78: =SUM(E78:V78) -> 0
A79: B | B79: JUMLAH SUARA SAH PARTAI POLITIK DAN CALON (A1 + A2) | E79: =SUM(E69:E78) -> 36 | F79: =SUM(F69:F78) -> 72 | G79: =SUM(G69:G78) -> 39 | H79: =SUM(H69:H78) -> 13 | I79: =SUM(I69:I78) -> 18 | J79: =SUM(J69:J78) -> 29 | K79: =SUM(K69:K78) -> 34 | L79: =SUM(L69:L78) -> 45 | ... W79: =SUM(W69:W78) -> 550
A81: A.1 | B81: 4. | C81: Partai Golongan Karya | E81: 3 | F81: 1 | G81: 3 | H81: 2 | I81: 2 | J81: 7 | K81: 3 | L81: 6 | M81: 6 | N81: 7 | O81: 6 | P81: 4 | Q81: 1 | R81: 5 | S81: 3 | T81: 4 | U81: 5 | V81: 3 | W81: =SUM(E81:V81) -> 71
A82: A.2 | B82: 1 | C82: 1. ZULFIKAR ARSE SADIKIN, S.I.P., M.Si. | E82: 3 | F82: 11 | G82: 5 | H82: 8 | I82: 19 | J82: 20 | K82: 16 | L82: 16 | M82: 11 | N82: 12 | O82: 20 | P82: 1 | Q82: 2 | R82: 4 | S82: 8 | T82: 9 | U82: 5 | V82: 4 | W82: =SUM(E82:V82) -> 174
B83: 2 | C83: 2. HANDOKO | E83: 2 | F83: 2 | G83: 0 | H83: 5 | I83: 7 | J83: 3 | K83: 4 | L83: 3 | M83: 9 | N83: 12 | O83: 4 | P83: 4 | Q83: 2 | R83: 0 | S83: 1 | T83: 3 | U83: 2 | V83: 1 | W83: =SUM(E83:V83) -> 64
B84: 3 | C84: 3. Hj. OVI DEWI YANTI | E84: 0 | F84: 0 | G84: 0 | H84: 0 | I84: 0 | J84: 0 | K84: 2 | L84: 1 | M84: 0 | N84: 1 | O84: 2 | P84: 1 | Q84: 0 | R84: 0 | S84: 0 | T84: 1 | U84: 0 | V84: 0 | W84: =SUM(E84:V84) -> 8
B85: 4 | C85: 4. Ir. AZAM AZMAN NATAWIJANA | E85: 1 | F85: 0 | G85: 0 | H85: 1 | I85: 1 | J85: 0 | K85: 0 | L85: 1 | M85: 0 | N85: 0 | O85: 1 | P85: 1 | Q85: 0 | R85: 0 | S85: 0 | T85: 0 | U85: 2 | V85: 0 | W85: =SUM(E85:V85) -> 8
B86: 5 | C86: 5. UBAIDILLAH AMIN, S.Kom. | E86: 0 | F86: 0 | G86: 0 | H86: 1 | I86: 0 | J86: 0 | K86: 0 | L86: 0 | M86: 0 | N86: 0 | O86: 1 | P86: 2 | Q86: 0 | R86: 0 | S86: 0 | T86: 0 | U86: 1 | V86: 0 | W86: =SUM(E86:V86) -> 5
B87: 6 | C87: 6. DENNY YUNIANDARI, S.H., M.Kn. | E87: 0 | F87: 0 | G87: 0 | H87: 0 | I87: 0 | J87: 0 | K87: 1 | L87: 2 | M87: 0 | N87: 0 | O87: 0 | P87: 0 | Q87: 0 | R87: 1 | S87: 0 | T87: 0 | U87: 0 | V87: 0 | W87: =SUM(E87:V87) -> 4
B88: 7 | C88: 7. ERNADI, S.H.I. | E88: 0 | F88: 0 | G88: 0 | H88: 0 | I88: 0 | J88: 0 | K88: 0 | L88: 1 | M88: 0 | N88: 1 | O88: 0 | P88: 0 | Q88: 0 | R88: 0 | S88: 0 | T88: 0 | U88: 0 | V88: 0 | W88: =SUM(E88:V88) -> 2
W89: =SUM(E89:V89) -> 0
W90: =SUM(E90:V90) -> 0
A91: B | B91: JUMLAH SUARA SAH PARTAI POLITIK DAN CALON (A1 + A2) | E91: =SUM(E81:E90) -> 9 | F91: =SUM(F81:F90) -> 14 | G91: =SUM(G81:G90) -> 8 | H91: =SUM(H81:H90) -> 17 | I91: =SUM(I81:I90) -> 29 | J91: =SUM(J81:J90) -> 30 | K91: =SUM(K81:K90) -> 26 | L91: =SUM(L81:L90) -> 30 | ... W91: =SUM(W81:W90) -> 336
A93: A.1 | B93: 5. | C93: Partai NasDem | E93: 0 | F93: 0 | G93: 0 | H93: 0 | I93: 2 | J93: 0 | K93: 1 | L93: 0 | M93: 6 | N93: 0 | O93: 7 | P93: 2 | Q93: 1 | R93: 0 | S93: 0 | T93: 1 | U93: 0 | V93: 2 | W93: =SUM(E93:V93) -> 22
A94: A.2 | B94: 1 | C94: 1. ACH. FADIL MUZAKKI SYAH | E94: 1 | F94: 0 | G94: 0 | H94: 1 | I94: 2 | J94: 0 | K94: 2 | L94: 0 | M94: 3 | N94: 0 | O94: 12 | P94: 3 | Q94: 0 | R94: 0 | S94: 1 | T94: 0 | U94: 0 | V94: 0 | W94: =SUM(E94:V94) -> 25
B95: 2 | C95: 2. BENY | E95: 0 | F95: 0 | G95: 0 | H95: 0 | I95: 0 | J95: 0 | K95: 0 | L95: 0 | M95: 0 | N95: 0 | O95: 0 | P95: 0 | Q95: 0 | R95: 0 | S95: 0 | T95: 0 | U95: 0 | V95: 0 | W95: =SUM(E95:V95) -> 0
B96: 3 | C96: 3. VINA VERONIKA | E96: 0 | F96: 0 | G96: 1 | H96: 0 | I96: 0 | J96: 0 | K96: 0 | L96: 0 | M96: 0 | N96: 0 | O96: 0 | P96: 0 | Q96: 0 | R96: 0 | S96: 0 | T96: 0 | U96: 0 | V96: 0 | W96: =SUM(E96:V96) -> 1
B97: 4 | C97: 4. TEDDY ANUGRIANTO | E97: 0 | F97: 1 | G97: 0 | H97: 0 | I97: 1 | J97: 0 | K97: 0 | L97: 2 | M97: 1 | N97: 0 | O97: 3 | P97: 0 | Q97: 1 | R97: 1 | S97: 0 | T97: 0 | U97: 0 | V97: 0 | W97: =SUM(E97:V97) -> 10
B98: 5 | C98: 5. INSAN KAMIL | E98: 0 | F98: 0 | G98: 0 | H98: 0 | I98: 0 | J98: 0 | K98: 0 | L98: 0 | M98: 0 | N98: 0 | O98: 0 | P98: 0 | Q98: 0 | R98: 0 | S98: 0 | T98: 0 | U98: 0 | V98: 0 | W98: =SUM(E98:V98) -> 0
B99: 6 | C99: 6. LILIK LINDARWATI | E99: 0 | F99: 0 | G99: 0 | H99: 0 | I99: 0 | J99: 0 | K99: 0 | L99: 0 | M99: 0 | N99: 0 | O99: 0 | P99: 0 | Q99: 0 | R99: 0 | S99: 0 | T99: 0 | U99: 0 | V99: 0 | W99: =SUM(E99:V99) -> 0
B100: 7 | C100: 7. YULI ANITA | E100: 0 | F100: 0 | G100: 0 | H100: 0 | I100: 0 | J100: 0 | K100: 0 | L100: 0 | M100: 0 | N100: 0 | O100: 0 | P100: 0 | Q100: 0 | R100: 0 | S100: 0 | T100: 0 | U100: 0 | V100: 0 | W100: =SUM(E100:V100) -> 0
W101: =SUM(E101:V101) -> 0
W102: =SUM(E102:V102) -> 0
A103: B | B103: JUMLAH SUARA SAH PARTAI POLITIK DAN CALON (A1 + A2) | E103: =SUM(E93:E102) -> 1 | F103: =SUM(F93:F102) -> 1 | G103: =SUM(G93:G102) -> 1 | H103: =SUM(H93:H102) -> 1 | I103: =SUM(I93:I102) -> 5 | J103: =SUM(J93:J102) -> 0 | K103: =SUM(K93:K102) -> 3 | L103: =SUM(L93:L102) -> 2 | ... W103: =SUM(W93:W102) -> 58
A105: A.1 | B105: 6. | C105: Partai Buruh | E105: 0 | F105: 0 | G105: 0 | H105: 1 | I105: 1 | J105: 0 | K105: 0 | L105: 0 | M105: 0 | N105: 0 | O105: 0 | P105: 0 | Q105: 1 | R105: 0 | S105: 1 | T105: 2 | U105: 4 | V105: 0 | W105: =SUM(E105:V105) -> 10
A106: A.2 | B106: 1 | C106: 1. KHOIRUL ANAM | E106: 1 | F106: 0 | G106: 0 | H106: 0 | I106: 0 | J106: 0 | K106: 0 | L106: 0 | M106: 0 | N106: 0 | O106: 0 | P106: 0 | Q106: 0 | R106: 0 | S106: 1 | T106: 0 | U106: 2 | V106: 0 | W106: =SUM(E106:V106) -> 4
B107: 2 | C107: 2. INA KURNIA | E107: 1 | F107: 0 | G107: 1 | H107: 0 | I107: 0 | J107: 0 | K107: 0 | L107: 1 | M107: 0 | N107: 0 | O107: 1 | P107: 0 | Q107: 0 | R107: 0 | S107: 0 | T107: 0 | U107: 0 | V107: 0 | W107: =SUM(E107:V107) -> 4
B108: 3 | C108: 3. JIBRAL TAROUK | E108: 0 | F108: 0 | G108: 0 | H108: 0 | I108: 0 | J108: 0 | K108: 0 | L108: 0 | M108: 0 | N108: 0 | O108: 0 | P108: 0 | Q108: 0 | R108: 0 | S108: 0 | T108: 0 | U108: 0 | V108: 0 | W108: =SUM(E108:V108) -> 0
B109: 4 | C109: 4. ASTUTI DAENG PUJI | E109: 0 | F109: 0 | G109: 0 | H109: 0 | I109: 0 | J109: 0 | K109: 0 | L109: 0 | M109: 0 | N109: 0 | O109: 0 | P109: 0 | Q109: 0 | R109: 0 | S109: 0 | T109: 0 | U109: 0 | V109: 0 | W109: =SUM(E109:V109) -> 0
B110: 5 | C110: 5. ASDARMAWAN | E110: 0 | F110: 0 | G110: 0 | H110: 0 | I110: 0 | J110: 0 | K110: 0 | L110: 0 | M110: 0 | N110: 0 | O110: 0 | P110: 0 | Q110: 1 | R110: 1 | S110: 0 | T110: 0 | U110: 0 | V110: 0 | W110: =SUM(E110:V110) -> 2
B111: 6 | C111: 6. RIFQI MUBAROK | E111: 0 | F111: 0 | G111: 0 | H111: 0 | I111: 0 | J111: 0 | K111: 0 | L111: 0 | M111: 0 | N111: 0 | O111: 0 | P111: 0 | Q111: 0 | R111: 0 | S111: 0 | T111: 0 | U111: 1 | V111: 0 | W111: =SUM(E111:V111) -> 1
B112: 7 | C112: 7. FIRNANDA ALTA MEGA | E112: 0 | F112: 0 | G112: 0 | H112: 0 | I112: 0 | J112: 0 | K112: 0 | L112: 0 | M112: 0 | N112: 0 | O112: 0 | P112: 0 | Q112: 0 | R112: 0 | S112: 0 | T112: 0 | U112: 0 | V112: 0 | W112: =SUM(E112:V112) -> 0
W113: =SUM(E113:V113) -> 0
W114: =SUM(E114:V114) -> 0
A115: B | B115: JUMLAH SUARA SAH PARTAI POLITIK DAN CALON (A1 + A2) | E115: =SUM(E105:E114) -> 2 | F115: =SUM(F105:F114) -> 0 | G115: =SUM(G105:G114) -> 1 | H115: =SUM(H105:H114) -> 1 | I115: =SUM(I105:I114) -> 1 | J115: =SUM(J105:J114) -> 0 | K115: =SUM(K105:K114) -> 0 | L115: =SUM(L105:L114) -> 1 | ... W115: =SUM(W105:W114) -> 21
A117: A.1 | B117: 7. | C117: Partai Gelombang Rakyat Indonesia | E117: 0 | F117: 0 | G117: 0 | H117: 0 | I117: 0 | J117: 0 | K117: 1 | L117: 1 | M117: 1 | N117: 3 | O117: 0 | P117: 0 | Q117: 1 | R117: 1 | S117: 0 | T117: 1 | U117: 1 | V117: 0 | W117: =SUM(E117:V117) -> 10
...

Sheet TAMANSARI
C2: Kecamatan | D2: TEGALSARI
C3: Kabupaten | D3: BANYUWANGI
C4: Provinsi | D4: JAWA TIMUR
C9: Kelurahan | D9: TAMANSARI
A12: I | B12: DATA PEMILIH DAN PENGGUNAAN HAK PILIH | AA12: JUMLAH AKHIR
A13: A | B13: DATA PEMILIH | E13: TPS 001 | F13: TPS 002 | G13: TPS 003 | H13: TPS 004 | I13: TPS 005 | J13: TPS 006 | K13: TPS 007 | L13: TPS 008 | M13: TPS 009 | N13: TPS 010 | O13: TPS 011 | P13: TPS 012 | Q13: TPS 013 | R13: TPS 014 | S13: TPS 015 | T13: TPS 016 | U13: TPS 017 | V13: TPS 018 | W13: TPS 019 | X13: TPS 020 | Y13: TPS 021 | Z13: TPS 022
B14: Jumlah Pemilih dalam Daftar Pemilih Tetap (DPT) | D14: LK | E14: 113 | F14: 120 | G14: 114 | H14: 127 | I14: 126 | J14: 116 | K14: 116 | L14: 149 | M14: 147 | N14: 134 | O14: 133 | P14: 129 | Q14: 114 | R14: 127 | S14: 136 | T14: 104 | U14: 133 | V14: 107 | W14: 102 | X14: 123 | Y14: 106 | Z14: 134 | AA14: =SUM(E14:Z14) -> 2710
D15: PR | E15: 108 | F15: 110 | G15: 111 | H15: 117 | I15: 123 | J15: 125 | K15: 137 | L15: 144 | M15: 143 | N15: 132 | O15: 152 | P15: 121 | Q15: 127 | R15: 128 | S15: 123 | T15: 110 | U15: 133 | V15: 104 | W15: 106 | X15: 115 | Y15: 112 | Z15: 141 | AA15: =SUM(E15:Z15) -> 2722
D16: JML | E16: =SUM(E14:E15) -> 221 | F16: =SUM(F14:F15) -> 230 | G16: =SUM(G14:G15) -> 225 | H16: =SUM(H14:H15) -> 244 | I16: =SUM(I14:I15) -> 249 | J16: =SUM(J14:J15) -> 241 | K16: =SUM(K14:K15) -> 253 | L16: =SUM(L14:L15) -> 293 | ... Z16: =SUM(Z14:Z15) -> 275 | AA16: =SUM(E16:Z16) -> 5432
A18: B | B18: PENGGUNA HAK PILIH
B19: 1. | C19: Jumlah pengguna hak pilih dalam Daftar Pemilih Tetap (DPT) | D19: LK | E19: 80 | F19: 83 | G19: 79 | H19: 103 | I19: 90 | J19: 76 | K19: 86 | L19: 115 | M19: 104 | N19: 107 | O19: 89 | P19: 90 | Q19: 96 | R19: 91 | S19: 103 | T19: 78 | U19: 93 | V19: 73 | W19: 68 | X19: 95 | Y19: 79 | Z19: 106 | AA19: =SUM(E19:Z19) -> 1984
D20: PR | E20: 93 | F20: 99 | G20: 91 | H20: 98 | I20: 91 | J20: 98 | K20: 95 | L20: 117 | M20: 104 | N20: 90 | O20: 115 | P20: 95 | Q20: 96 | R20: 99 | S20: 99 | T20: 87 | U20: 100 | V20: 87 | W20: 92 | X20: 90 | Y20: 83 | Z20: 112 | AA20: =SUM(E20:Z20) -> 2131
D21: JML | E21: =SUM(E19:E20) -> 173 | F21: =SUM(F19:F20) -> 182 | G21: =SUM(G19:G20) -> 170 | H21: =SUM(H19:H20) -> 201 | I21: =SUM(I19:I20) -> 181 | J21: =SUM(J19:J20) -> 174 | K21: =SUM(K19:K20) -> 181 | L21: =SUM(L19:L20) -> 232 | ... Z21: =SUM(Z19:Z20) -> 218 | AA21: =SUM(E21:Z21) -> 4115
B22: 2. | C22: Jumlah pengguna hak pilih dalam Daftar Pemilih Tambahan (DPTb) | D22: LK | E22: 0 | F22: 0 | G22: 0 | H22: 0 | I22: 0 | J22: 1 | K22: 0 | L22: 0 | M22: 0 | N22: 0 | O22: 0 | P22: 0 | Q22: 0 | R22: 0 | S22: 1 | T22: 0 | U22: 0 | V22: 0 | W22: 0 | X22: 0 | Y22: 0 | Z22: 0 | AA22: =SUM(E22:Z22) -> 2
D23: PR | E23: 0 | F23: 0 | G23: 0 | H23: 0 | I23: 0 | J23: 0 | K23: 0 | L23: 0 | M23: 0 | N23: 0 | O23: 0 | P23: 0 | Q23: 0 | R23: 0 | S23: 3 | T23: 0 | U23: 0 | V23: 0 | W23: 0 | X23: 0 | Y23: 0 | Z23: 0 | AA23: =SUM(E23:Z23) -> 3
D24: JML | E24: =SUM(E22:E23) -> 0 | F24: =SUM(F22:F23) -> 0 | G24: =SUM(G22:G23) -> 0 | H24: =SUM(H22:H23) -> 0 | I24: =SUM(I22:I23) -> 0 | J24: =SUM(J22:J23) -> 1 | K24: =SUM(K22:K23) -> 0 | L24: =SUM(L22:L23) -> 0 | ... Z24: =SUM(Z22:Z23) -> 0 | AA24: =SUM(E24:Z24) -> 5
B25: 3. | C25: Jumlah pengguna hak pilih dalam Daftar Pemilih Khusus (DPK) | D25: LK | E25: 3 | F25: 0 | G25: 0 | H25: 0 | I25: 0 | J25: 3 | K25: 1 | L25: 1 | M25: 1 | N25: 9 | O25: 4 | P25: 0 | Q25: 0 | R25: 1 | S25: 0 | T25: 1 | U25: 0 | V25: 3 | W25: 2 | X25: 6 | Y25: 3 | Z25: 0 | AA25: =SUM(E25:Z25) -> 38
D26: PR | E26: 1 | F26: 0 | G26: 0 | H26: 0 | I26: 0 | J26: 3 | K26: 2 | L26: 0 | M26: 1 | N26: 6 | O26: 2 | P26: 1 | Q26: 0 | R26: 4 | S26: 1 | T26: 1 | U26: 0 | V26: 4 | W26: 2 | X26: 5 | Y26: 4 | Z26: 0 | AA26: =SUM(E26:Z26) -> 37
D27: JML | E27: =SUM(E25:E26) -> 4 | F27: =SUM(F25:F26) -> 0 | G27: =SUM(G25:G26) -> 0 | H27: =SUM(H25:H26) -> 0 | I27: =SUM(I25:I26) -> 0 | J27: =SUM(J25:J26) -> 6 | K27: =SUM(K25:K26) -> 3 | L27: =SUM(L25:L26) -> 1 | ... Z27: =SUM(Z25:Z26) -> 0 | AA27: =SUM(E27:Z27) -> 75
B28: 4. | C28: Jumlah Pengguna Hak Pilih (B.1+B.2+B.3) | D28: LK | E28: =SUM(E19,E22,E25) -> 83 | F28: =SUM(F19,F22,F25) -> 83 | G28: =SUM(G19,G22,G25) -> 79 | H28: =SUM(H19,H22,H25) -> 103 | I28: =SUM(I19,I22,I25) -> 90 | J28: =SUM(J19,J22,J25) -> 80 | K28: =SUM(K19,K22,K25) -> 87 | L28: =SUM(L19,L22,L25) -> 116 | ... Z28: =SUM(Z19,Z22,Z25) -> 106 | AA28: =SUM(E28:Z28) -> 2024
D29: PR | E29: =SUM(E20,E23,E26) -> 94 | F29: =SUM(F20,F23,F26) -> 99 | G29: =SUM(G20,G23,G26) -> 91 | H29: =SUM(H20,H23,H26) -> 98 | I29: =SUM(I20,I23,I26) -> 91 | J29: =SUM(J20,J23,J26) -> 101 | K29: =SUM(K20,K23,K26) -> 97 | L29: =SUM(L20,L23,L26) -> 117 | ... Z29: =SUM(Z20,Z23,Z26) -> 112 | AA29: =SUM(E29:Z29) -> 2171
D30: JML | E30: =SUM(E28:E29) -> 177 | F30: =SUM(F28:F29) -> 182 | G30: =SUM(G28:G29) -> 170 | H30: =SUM(H28:H29) -> 201 | I30: =SUM(I28:I29) -> 181 | J30: =SUM(J28:J29) -> 181 | K30: =SUM(K28:K29) -> 184 | L30: =SUM(L28:L29) -> 233 | ... Z30: =SUM(Z28:Z29) -> 218 | AA30: =SUM(E30:Z30) -> 4195
A32: II | B32: DATA PENGGUNAAN SURAT SUARA
A33: 1 | B33: Jumlah surat suara yang diterima, termasuk surat suara cadangan 2,5% dari DPT | E33: 226 | F33: 235 | G33: 230 | H33: 249 | I33: 254 | J33: 246 | K33: 259 | L33: 300 | M33: 296 | N33: 272 | O33: 291 | P33: 255 | Q33: 246 | R33: 261 | S33: 265 | T33: 219 | U33: 272 | V33: 216 | W33: 213 | X33: 243 | Y33: 223 | Z33: 281 | AA33: =SUM(E33:Z33) -> 5552
A34: 2 | B34: Jumlah surat suara yang digunakan | E34: 177 | F34: 182 | G34: 170 | H34: 201 | I34: 181 | J34: 181 | K34: 184 | L34: 233 | M34: 210 | N34: 212 | O34: 210 | P34: 186 | Q34: 192 | R34: 195 | S34: 207 | T34: 167 | U34: 193 | V34: 167 | W34: 164 | X34: 196 | Y34: 169 | Z34: 218 | AA34: =SUM(E34:Z34) -> 4195
A35: 3 | B35: Jumlah surat suara dikembalikan oleh pemilih (karena rusak atau keliru coblos) | E35: 0 | F35: 0 | G35: 0 | H35: 0 | I35: 0 | J35: 0 | K35: 0 | L35: 0 | M35: 1 | N35: 0 | O35: 0 | P35: 2 | Q35: 0 | R35: 3 | S35: 1 | T35: 0 | U35: 0 | V35: 0 | W35: 1 | X35: 0 | Y35: 1 | Z35: 0 | AA35: =SUM(E35:Z35) -> 9
A36: 4 | B36: Jumlah surat suara yang tidak digunakan/tidak terpakai, termasuk sisa surat suara cadangan | E36: =E33-(E34+E35) -> 49 | F36: =F33-(F34+F35) -> 53 | G36: =G33-(G34+G35) -> 60 | H36: =H33-(H34+H35) -> 48 | I36: =I33-(I34+I35) -> 73 | J36: =J33-(J34+J35) -> 65 | K36: =K33-(K34+K35) -> 75 | L36: =L33-(L34+L35) -> 67 | ... Z36: =Z33-(Z34+Z35) -> 63 | AA36: =SUM(E36:Z36) -> 1348
A38: III | B38: DATA PEMILIH DISABILITAS
B39: Jumlah seluruh Pemilih disabilitas yang menggunakan hak pilih | D39: LK | E39: 0 | F39: 0 | G39: 0 | H39: 0 | I39: 0 | J39: 0 | K39: 0 | L39: 0 | M39: 0 | N39: 0 | O39: 0 | P39: 0 | Q39: 0 | R39: 0 | S39: 0 | T39: 0 | U39: 0 | V39: 0 | W39: 0 | X39: 0 | Y39: 0 | Z39: 0 | AA39: =SUM(E39:Z39) -> 0
D40: PR | E40: 0 | F40: 0 | G40: 0 | H40: 0 | I40: 0 | J40: 0 | K40: 0 | L40: 0 | M40: 0 | N40: 0 | O40: 0 | P40: 0 | Q40: 0 | R40: 0 | S40: 1 | T40: 0 | U40: 0 | V40: 0 | W40: 0 | X40: 0 | Y40: 0 | Z40: 0 | AA40: =SUM(E40:Z40) -> 1
D41: JML | E41: =SUM(E39:E40) -> 0 | F41: =SUM(F39:F40) -> 0 | G41: =SUM(G39:G40) -> 0 | H41: =SUM(H39:H40) -> 0 | I41: =SUM(I39:I40) -> 0 | J41: =SUM(J39:J40) -> 0 | K41: =SUM(K39:K40) -> 0 | L41: =SUM(L39:L40) -> 0 | ... Z41: =SUM(Z39:Z40) -> 0 | AA41: =SUM(E41:Z41) -> 1
A43: IV | B43: DATA RINCIAN PEROLEHAN SUARA PASANGAN CALON BUPATI DAN WAKIL BUPATI
A44: NOMOR DAN NAMA CALON
A45: A.1 | B45: 1. | C45: Partai Kebangkitan Bangsa | E45: 1 | F45: 13 | G45: 3 | H45: 10 | I45: 10 | J45: 6 | K45: 3 | L45: 6 | M45: 4 | N45: 3 | O45: 7 | P45: 4 | Q45: 2 | R45: 2 | S45: 1 | T45: 5 | U45: 2 | V45: 2 | W45: 6 | X45: 6 | Y45: 19 | Z45: 11 | AA45: =SUM(E45:Z45) -> 126
A46: A.2 | B46: 1 | C46: 1. Dr. Hj. NIHAYATUL WAFIROH, M.A. | E46: 10 | F46: 11 | G46: 10 | H46: 66 | I46: 31 | J46: 12 | K46: 18 | L46: 20 | M46: 14 | N46: 8 | O46: 13 | P46: 9 | Q46: 12 | R46: 6 | S46: 10 | T46: 14 | U46: 7 | V46: 25 | W46: 36 | X46: 40 | Y46: 54 | Z46: 24 | AA46: =SUM(E46:Z46) -> 450
B47: 2 | C47: 2. H. M. NASIM KHAN | E47: 0 | F47: 0 | G47: 0 | H47: 1 | I47: 0 | J47: 1 | K47: 1 | L47: 2 | M47: 0 | N47: 0 | O47: 0 | P47: 0 | Q47: 0 | R47: 0 | S47: 4 | T47: 0 | U47: 1 | V47: 2 | W47: 1 | X47: 0 | Y47: 0 | Z47: 1 | AA47: =SUM(E47:Z47) -> 14
B48: 3 | C48: 3. Dr. H. AKIK ZAMAN, M.Pd.I. | E48: 0 | F48: 2 | G48: 0 | H48: 0 | I48: 0 | J48: 1 | K48: 0 | L48: 0 | M48: 0 | N48: 0 | O48: 0 | P48: 0 | Q48: 0 | R48: 0 | S48: 0 | T48: 0 | U48: 0 | V48: 0 | W48: 1 | X48: 0 | Y48: 1 | Z48: 0 | AA48: =SUM(E48:Z48) -> 5
B49: 4 | C49: 4. AHMAD RIFA'I, S.H. | E49: 0 | F49: 0 | G49: 0 | H49: 2 | I49: 1 | J49: 0 | K49: 0 | L49: 2 | M49: 0 | N49: 0 | O49: 0 | P49: 1 | Q49: 1 | R49: 0 | S49: 0 | T49: 0 | U49: 1 | V49: 1 | W49: 1 | X49: 1 | Y49: 1 | Z49: 3 | AA49: =SUM(E49:Z49) -> 15
B50: 5 | C50: 5. Drs. H. MAHFUD M.N. | E50: 0 | F50: 0 | G50: 0 | H50: 2 | I50: 0 | J50: 0 | K50: 0 | L50: 0 | M50: 0 | N50: 1 | O50: 0 | P50: 0 | Q50: 1 | R50: 0 | S50: 0 | T50: 1 | U50: 0 | V50: 1 | W50: 0 | X50: 0 | Y50: 0 | Z50: 1 | AA50: =SUM(E50:Z50) -> 7
B51: 6 | C51: 6. NURHAYATI, S.Pd. | E51: 0 | F51: 0 | G51: 0 | H51: 1 | I51: 1 | J51: 1 | K51: 0 | L51: 0 | M51: 0 | N51: 3 | O51: 0 | P51: 0 | Q51: 0 | R51: 1 | S51: 1 | T51: 1 | U51: 0 | V51: 2 | W51: 3 | X51: 3 | Y51: 7 | Z51: 2 | AA51: =SUM(E51:Z51) -> 26
B52: 7 | C52: 7. MAFTUHA KISWAH | E52: 0 | F52: 0 | G52: 0 | H52: 1 | I52: 1 | J52: 3 | K52: 0 | L52: 2 | M52: 2 | N52: 1 | O52: 0 | P52: 0 | Q52: 0 | R52: 0 | S52: 0 | T52: 0 | U52: 0 | V52: 0 | W52: 0 | X52: 2 | Y52: 0 | Z52: 0 | AA52: =SUM(E52:Z52) -> 12
AA53: =SUM(E53:Z53) -> 0
AA54: =SUM(E54:Z54) -> 0
A55: B | B55: JUMLAH SUARA SAH PARTAI POLITIK DAN CALON (A1 + A2) | E55: =SUM(E45:E54) -> 11 | F55: =SUM(F45:F54) -> 26 | G55: =SUM(G45:G54) -> 13 | H55: =SUM(H45:H54) -> 83 | I55: =SUM(I45:I54) -> 44 | J55: =SUM(J45:J54) -> 24 | K55: =SUM(K45:K54) -> 22 | L55: =SUM(L45:L54) -> 32 | ... AA55: =SUM(AA45:AA54) -> 655
A57: A.1 | B57: 2. | C57: Partai Gerakan Indonesia Raya | E57: 0 | F57: 5 | G57: 4 | H57: 5 | I57: 2 | J57: 6 | K57: 9 | L57: 7 | M57: 7 | N57: 7 | O57: 4 | P57: 8 | Q57: 3 | R57: 5 | S57: 5 | T57: 6 | U57: 2 | V57: 5 | W57: 3 | X57: 4 | Y57: 0 | Z57: 5 | AA57: =SUM(E57:Z57) -> 102
A58: A.2 | B58: 1 | C58: 1. SUMAIL ABDULLAH | E58: 15 | F58: 11 | G58: 35 | H58: 9 | I58: 15 | J58: 54 | K58: 56 | L58: 28 | M58: 14 | N58: 9 | O58: 23 | P58: 7 | Q58: 11 | R58: 29 | S58: 6 | T58: 5 | U58: 6 | V58: 2 | W58: 8 | X58: 25 | Y58: 6 | Z58: 2 | AA58: =SUM(E58:Z58) -> 376
B59: 2 | C59: 2. MUHAMMAD ALI ADRIAN SALEH | E59: 2 | F59: 4 | G59: 2 | H59: 0 | I59: 1 | J59: 5 | K59: 2 | L59: 5 | M59: 5 | N59: 1 | O59: 3 | P59: 0 | Q59: 1 | R59: 1 | S59: 2 | T59: 0 | U59: 2 | V59: 1 | W59: 2 | X59: 5 | Y59: 1 | Z59: 1 | AA59: =SUM(E59:Z59) -> 46
B60: 3 | C60: 3. DURROTUN NAFISAH | E60: 0 | F60: 1 | G60: 0 | H60: 0 | I60: 0 | J60: 0 | K60: 0 | L60: 2 | M60: 0 | N60: 0 | O60: 1 | P60: 0 | Q60: 1 | R60: 2 | S60: 0 | T60: 0 | U60: 0 | V60: 0 | W60: 1 | X60: 0 | Y60: 0 | Z60: 1 | AA60: =SUM(E60:Z60) -> 9
B61: 4 | C61: 4. H. EKO SUSILO NURHIDAYAT | E61: 0 | F61: 3 | G61: 0 | H61: 3 | I61: 2 | J61: 1 | K61: 4 | L61: 2 | M61: 1 | N61: 2 | O61: 0 | P61: 2 | Q61: 7 | R61: 9 | S61: 4 | T61: 0 | U61: 2 | V61: 0 | W61: 1 | X61: 0 | Y61: 0 | Z61: 2 | AA61: =SUM(E61:Z61) -> 45
B62: 5 | C62: 5. KARNADI HARIJANTO, S.S. | E62: 0 | F62: 0 | G62: 0 | H62: 1 | I62: 0 | J62: 0 | K62: 0 | L62: 0 | M62: 1 | N62: 0 | O62: 0 | P62: 0 | Q62: 1 | R62: 0 | S62: 0 | T62: 0 | U62: 0 | V62: 0 | W62: 0 | X62: 0 | Y62: 0 | Z62: 0 | AA62: =SUM(E62:Z62) -> 3
B63: 6 | C63: 6. NURHAYATI | E63: 1 | F63: 0 | G63: 2 | H63: 0 | I63: 1 | J63: 0 | K63: 0 | L63: 0 | M63: 0 | N63: 1 | O63: 2 | P63: 0 | Q63: 0 | R63: 1 | S63: 0 | T63: 2 | U63: 0 | V63: 0 | W63: 1 | X63: 1 | Y63: 0 | Z63: 0 | AA63: =SUM(E63:Z63) -> 12
B64: 7 | C64: 7. MASHUDI | E64: 0 | F64: 1 | G64: 0 | H64: 0 | I64: 0 | J64: 1 | K64: 1 | L64: 0 | M64: 0 | N64: 1 | O64: 0 | P64: 1 | Q64: 1 | R64: 0 | S64: 0 | T64: 0 | U64: 0 | V64: 0 | W64: 0 | X64: 1 | Y64: 0 | Z64: 0 | AA64: =SUM(E64:Z64) -> 7
AA65: =SUM(E65:Z65) -> 0
AA66: =SUM(E66:Z66) -> 0
A67: B | B67: JUMLAH SUARA SAH PARTAI POLITIK DAN CALON (A1 + A2) | E67: =SUM(E57:E66) -> 18 | F67: =SUM(F57:F66) -> 25 | G67: =SUM(G57:G66) -> 43 | H67: =SUM(H57:H66) -> 18 | I67: =SUM(I57:I66) -> 21 | J67: =SUM(J57:J66) -> 67 | K67: =SUM(K57:K66) -> 72 | L67: =SUM(L57:L66) -> 44 | ... AA67: =SUM(AA57:AA66) -> 600
A69: A.1 | B69: 3. | C69: Partai Demokrasi Indonesia Perjuangan | E69: 1 | F69: 1 | G69: 3 | H69: 3 | I69: 2 | J69: 2 | K69: 11 | L69: 22 | M69: 25 | N69: 24 | O69: 8 | P69: 14 | Q69: 11 | R69: 21 | S69: 29 | T69: 15 | U69: 4 | V69: 5 | W69: 4 | X69: 7 | Y69: 4 | Z69: 10 | AA69: =SUM(E69:Z69) -> 226
A70: A.2 | B70: 1 | C70: 1. SONNY TRI DANAPARAMITA, S.H., M.H. | E70: 1 | F70: 1 | G70: 5 | H70: 5 | I70: 9 | J70: 5 | K70: 5 | L70: 26 | M70: 20 | N70: 42 | O70: 6 | P70: 24 | Q70: 32 | R70: 15 | S70: 22 | T70: 14 | U70: 11 | V70: 41 | W70: 5 | X70: 8 | Y70: 8 | Z70: 4 | AA70: =SUM(E70:Z70) -> 309
B71: 2 | C71: 2. H. MOHAMAD GUNTUR ROMLI | E71: 1 | F71: 0 | G71: 0 | H71: 2 | I71: 2 | J71: 0 | K71: 2 | L71: 5 | M71: 1 | N71: 0 | O71: 0 | P71: 5 | Q71: 2 | R71: 1 | S71: 2 | T71: 7 | U71: 2 | V71: 2 | W71: 3 | X71: 1 | Y71: 0 | Z71: 3 | AA71: =SUM(E71:Z71) -> 41
B72: 3 | C72: 3. INA AMMANIA | E72: 0 | F72: 0 | G72: 2 | H72: 1 | I72: 0 | J72: 0 | K72: 1 | L72: 3 | M72: 8 | N72: 2 | O72: 3 | P72: 15 | Q72: 31 | R72: 5 | S72: 21 | T72: 9 | U72: 2 | V72: 5 | W72: 3 | X72: 2 | Y72: 1 | Z72: 1 | AA72: =SUM(E72:Z72) -> 115
B73: 4 | C73: 4. IRWAN BACHTIAR RACHMAT, M.Si. | E73: 1 | F73: 2 | G73: 0 | H73: 2 | I73: 1 | J73: 0 | K73: 1 | L73: 6 | M73: 2 | N73: 5 | O73: 0 | P73: 3 | Q73: 1 | R73: 8 | S73: 4 | T73: 3 | U73: 1 | V73: 4 | W73: 1 | X73: 2 | Y73: 2 | Z73: 5 | AA73: =SUM(E73:Z73) -> 54
B74: 5 | C74: 5. LUCKY PERDANA | E74: 0 | F74: 1 | G74: 4 | H74: 0 | I74: 4 | J74: 0 | K74: 0 | L74: 2 | M74: 6 | N74: 3 | O74: 1 | P74: 2 | Q74: 1 | R74: 2 | S74: 7 | T74: 1 | U74: 0 | V74: 4 | W74: 0 | X74: 0 | Y74: 0 | Z74: 6 | AA74: =SUM(E74:Z74) -> 44
B75: 6 | C75: 6. WIWIK PUJIYATI | E75: 0 | F75: 1 | G75: 1 | H75: 2 | I75: 0 | J75: 0 | K75: 1 | L75: 2 | M75: 2 | N75: 2 | O75: 0 | P75: 1 | Q75: 2 | R75: 0 | S75: 0 | T75: 0 | U75: 2 | V75: 0 | W75: 1 | X75: 1 | Y75: 0 | Z75: 1 | AA75: =SUM(E75:Z75) -> 19
B76: 7 | C76: 7. CHANDRA ASTAN, S.T. | E76: 0 | F76: 0 | G76: 0 | H76: 0 | I76: 1 | J76: 1 | K76: 2 | L76: 0 | M76: 19 | N76: 21 | O76: 0 | P76: 3 | Q76: 7 | R76: 6 | S76: 12 | T76: 0 | U76: 1 | V76: 2 | W76: 0 | X76: 1 | Y76: 0 | Z76: 1 | AA76: =SUM(E76:Z76) -> 77
AA77: =SUM(E77:Z77) -> 0
AA78: =SUM(E78:Z78) -> 0
A79: B | B79: JUMLAH SUARA SAH PARTAI POLITIK DAN CALON (A1 + A2) | E79: =SUM(E69:E78) -> 4 | F79: =SUM(F69:F78) -> 6 | G79: =SUM(G69:G78) -> 15 | H79: =SUM(H69:H78) -> 15 | I79: =SUM(I69:I78) -> 19 | J79: =SUM(J69:J78) -> 8 | K79: =SUM(K69:K78) -> 23 | L79: =SUM(L69:L78) -> 66 | ... AA79: =SUM(AA69:AA78) -> 885
A81: A.1 | B81: 4. | C81: Partai Golongan Karya | E81: 5 | F81: 8 | G81: 9 | H81: 2 | I81: 4 | J81: 3 | K81: 8 | L81: 5 | M81: 9 | N81: 1 | O81: 11 | P81: 5 | Q81: 7 | R81: 5 | S81: 1 | T81: 3 | U81: 2 | V81: 2 | W81: 3 | X81: 3 | Y81: 1 | Z81: 5 | AA81: =SUM(E81:Z81) -> 102
A82: A.2 | B82: 1 | C82: 1. ZULFIKAR ARSE SADIKIN, S.I.P., M.Si. | E82: 123 | F82: 85 | G82: 56 | H82: 27 | I82: 7 | J82: 14 | K82: 7 | L82: 3 | M82: 1 | N82: 1 | O82: 12 | P82: 3 | Q82: 2 | R82: 10 | S82: 1 | T82: 3 | U82: 9 | V82: 5 | W82: 2 | X82: 4 | Y82: 4 | Z82: 6 | AA82: =SUM(E82:Z82) -> 385
B83: 2 | C83: 2. HANDOKO | E83: 3 | F83: 3 | G83: 4 | H83: 2 | I83: 3 | J83: 13 | K83: 15 | L83: 8 | M83: 9 | N83: 4 | O83: 12 | P83: 2 | Q83: 9 | R83: 12 | S83: 4 | T83: 4 | U83: 6 | V83: 4 | W83: 2 | X83: 2 | Y83: 2 | Z83: 3 | AA83: =SUM(E83:Z83) -> 126
B84: 3 | C84: 3. Hj. OVI DEWI YANTI | E84: 0 | F84: 0 | G84: 1 | H84: 2 | I84: 0 | J84: 0 | K84: 1 | L84: 0 | M84: 0 | N84: 0 | O84: 1 | P84: 0 | Q84: 0 | R84: 3 | S84: 0 | T84: 1 | U84: 0 | V84: 1 | W84: 1 | X84: 0 | Y84: 1 | Z84: 2 | AA84: =SUM(E84:Z84) -> 14
B85: 4 | C85: 4. Ir. AZAM AZMAN NATAWIJANA | E85: 1 | F85: 0 | G85: 0 | H85: 0 | I85: 0 | J85: 0 | K85: 2 | L85: 0 | M85: 0 | N85: 1 | O85: 0 | P85: 0 | Q85: 1 | R85: 0 | S85: 0 | T85: 0 | U85: 1 | V85: 0 | W85: 0 | X85: 0 | Y85: 1 | Z85: 0 | AA85: =SUM(E85:Z85) -> 7
B86: 5 | C86: 5. UBAIDILLAH AMIN, S.Kom. | E86: 0 | F86: 2 | G86: 0 | H86: 0 | I86: 0 | J86: 0 | K86: 1 | L86: 1 | M86: 0 | N86: 0 | O86: 1 | P86: 0 | Q86: 2 | R86: 0 | S86: 0 | T86: 0 | U86: 0 | V86: 0 | W86: 0 | X86: 0 | Y86: 0 | Z86: 0 | AA86: =SUM(E86:Z86) -> 7
B87: 6 | C87: 6. DENNY YUNIANDARI, S.H., M.Kn. | E87: 0 | F87: 0 | G87: 2 | H87: 0 | I87: 1 | J87: 0 | K87: 0 | L87: 0 | M87: 1 | N87: 0 | O87: 0 | P87: 1 | Q87: 0 | R87: 0 | S87: 0 | T87: 0 | U87: 0 | V87: 0 | W87: 1 | X87: 0 | Y87: 0 | Z87: 0 | AA87: =SUM(E87:Z87) -> 6
B88: 7 | C88: 7. ERNADI, S.H.I. | E88: 0 | F88: 0 | G88: 0 | H88: 0 | I88: 0 | J88: 0 | K88: 0 | L88: 0 | M88: 0 | N88: 0 | O88: 0 | P88: 0 0 | Q88: 0 | R88: 0 | S88: 0 | T88: 0 | U88: 0 | V88: 0 | W88: 0 | X88: 0 | Y88: 0 | Z88: 0 | AA88: =SUM(E88:Z88) -> 0
AA89: =SUM(E89:Z89) -> 0
AA90: =SUM(E90:Z90) -> 0
A91: B | B91: JUMLAH SUARA SAH PARTAI POLITIK DAN CALON (A1 + A2) | E91: =SUM(E81:E90) -> 132 | F91: =SUM(F81:F90) -> 98 | G91: =SUM(G81:G90) -> 72 | H91: =SUM(H81:H90) -> 33 | I91: =SUM(I81:I90) -> 15 | J91: =SUM(J81:J90) -> 30 | K91: =SUM(K81:K90) -> 34 | L91: =SUM(L81:L90) -> 17 | ... AA91: =SUM(AA81:AA90) -> 647
A93: A.1 | B93: 5. | C93: Partai NasDem | E93: 2 | F93: 1 | G93: 1 | H93: 2 | I93: 2 | J93: 1 | K93: 1 | L93: 0 | M93: 1 | N93: 1 | O93: 0 | P93: 2 | Q93: 0 | R93: 0 | S93: 2 | T93: 0 | U93: 2 | V93: 0 | W93: 0 | X93: 6 | Y93: 1 | Z93: 6 | AA93: =SUM(E93:Z93) -> 31
A94: A.2 | B94: 1 | C94: 1. ACH. FADIL MUZAKKI SYAH | E94: 0 | F94: 0 | G94: 0 | H94: 4 | I94: 3 | J94: 0 | K94: 0 | L94: 2 | M94: 0 | N94: 1 | O94: 1 | P94: 0 | Q94: 0 | R94: 0 | S94: 1 | T94: 3 | U94: 0 | V94: 1 | W94: 0 | X94: 5 | Y94: 0 | Z94: 3 | AA94: =SUM(E94:Z94) -> 24
B95: 2 | C95: 2. BENY | E95: 5 | F95: 0 | G95: 5 | H95: 10 | I95: 30 | J95: 19 | K95: 2 | L95: 4 | M95: 0 | N95: 1 | O95: 12 | P95: 3 | Q95: 1 | R95: 0 | S95: 0 | T95: 8 | U95: 7 | V95: 0 | W95: 17 | X95: 7 | Y95: 20 | Z95: 37 | AA95: =SUM(E95:Z95) -> 188
B96: 3 | C96: 3. VINA VERONIKA | E96: 0 | F96: 1 | G96: 0 | H96: 0 | I96: 0 | J96: 0 | K96: 0 | L96: 0 | M96: 0 | N96: 0 | O96: 0 | P96: 0 | Q96: 0 | R96: 0 | S96: 0 | T96: 1 | U96: 0 | V96: 0 | W96: 0 | X96: 0 | Y96: 0 | Z96: 0 | AA96: =SUM(E96:Z96) -> 2
B97: 4 | C97: 4. TEDDY ANUGRIANTO | E97: 0 | F97: 0 | G97: 1 | H97: 0 | I97: 0 | J97: 0 | K97: 0 | L97: 0 | M97: 0 | N97: 0 | O97: 0 | P97: 0 | Q97: 1 | R97: 0 | S97: 3 | T97: 0 | U97: 0 | V97: 1 | W97: 1 | X97: 0 | Y97: 0 | Z97: 0 | AA97: =SUM(E97:Z97) -> 7
B98: 5 | C98: 5. INSAN KAMIL | E98: 0 | F98: 0 | G98: 0 | H98: 0 | I98: 0 | J98: 0 | K98: 0 | L98: 0 | M98: 0 | N98: 0 | O98: 0 | P98: 0 | Q98: 1 | R98: 0 | S98: 0 | T98: 0 | U98: 0 | V98: 0 | W98: 0 | X98: 0 | Y98: 0 | Z98: 0 | AA98: =SUM(E98:Z98) -> 1
B99: 6 | C99: 6. LILIK LINDARWATI | E99: 0 | F99: 0 | G99: 0 | H99: 0 | I99: 0 | J99: 0 | K99: 0 | L99: 0 | M99: 0 | N99: 0 | O99: 0 | P99: 0 | Q99: 0 | R99: 0 | S99: 0 | T99: 0 | U99: 0 | V99: 0 | W99: 0 | X99: 0 | Y99: 0 | Z99: 0 | AA99: =SUM(E99:Z99) -> 0
B100: 7 | C100: 7. YULI ANITA | E100: 0 | F100: 0 | G100: 0 | H100: 0 | I100: 0 | J100: 0 | K100: 0 | L100: 0 | M100: 0 | N100: 0 | O100: 0 | P100: 0 | Q100: 0 | R100: 0 | S100: 0 | T100: 0 | U100: 0 | V100: 0 | W100: 0 | X100: 0 | Y100: 0 | Z100: 0 | AA100: =SUM(E100:Z100) -> 0
AA101: =SUM(E101:Z101) -> 0
AA102: =SUM(E102:Z102) -> 0
A103: B | B103: JUMLAH SUARA SAH PARTAI POLITIK DAN CALON (A1 + A2) | E103: =SUM(E93:E102) -> 7 | F103: =SUM(F93:F102) -> 2 | G103: =SUM(G93:G102) -> 7 | H103: =SUM(H93:H102) -> 16 | I103: =SUM(I93:I102) -> 35 | J103: =SUM(J93:J102) -> 20 | K103: =SUM(K93:K102) -> 3 | L103: =SUM(L93:L102) -> 6 | ... AA103: =SUM(AA93:AA102) -> 253
A105: A.1 | B105: 6. | C105: Partai Buruh | E105: 0 | F105: 0 | G105: 2 | H105: 0 | I105: 0 | J105: 1 | K105: 0 | L105: 4 | M105: 1 | N105: 0 | O105: 0 | P105: 2 | Q105: 0 | R105: 0 | S105: 0 | T105: 0 | U105: 0 | V105: 1 | W105: 0 | X105: 0 | Y105: 1 | Z105: 0 | AA105: =SUM(E105:Z105) -> 12
A106: A.2 | B106: 1 | C106: 1. KHOIRUL ANAM | E106: 0 | F106: 0 | G106: 0 | H106: 0 | I106: 0 | J106: 0 | K106: 2 | L106: 0 | M106: 0 | N106: 0 | O106: 0 | P106: 0 | Q106: 0 | R106: 0 | S106: 0 | T106: 0 | U106: 0 | V106: 0 | W106: 0 | X106: 0 | Y106: 1 | Z106: 0 | AA106: =SUM(E106:Z106) -> 3
B107: 2 | C107: 2. INA KURNIA | E107: 0 | F107: 0 | G107: 0 | H107: 0 | I107: 0 | J107: 0 | K107: 0 | L107: 1 | M107: 0 | N107: 0 | O107: 0 | P107: 0 | Q107: 0 | R107: 0 | S107: 1 | T107: 0 | U107: 1 | V107: 0 | W107: 0 | X107: 0 | Y107: 0 | Z107: 0 | AA107: =SUM(E107:Z107) -> 3
B108: 3 | C108: 3. JIBRAL TAROUK | E108: 0 | F108: 0 | G108: 0 | H108: 0 | I108: 0 | J108: 0 | K108: 0 | L108: 0 | M108: 0 | N108: 0 | O108: 0 | P108: 0 | Q108: 0 | R108: 0 | S108: 0 | T108: 0 | U108: 0 | V108: 0 | W108: 0 | X108: 0 | Y108: 0 | Z108: 0 | AA108: =SUM(E108:Z108) -> 0
B109: 4 | C109: 4. ASTUTI DAENG PUJI | E109: 0 | F109: 0 | G109: 0 | H109: 0 | I109: 0 | J109: 1 | K109: 0 | L109: 0 | M109: 0 | N109: 1 | O109: 0 | P109: 0 | Q109: 0 | R109: 0 | S109: 0 | T109: 0 | U109: 0 | V109: 0 | W109: 0 | X109: 0 | Y109: 0 | Z109: 0 | AA109: =SUM(E109:Z109) -> 2
B110: 5 | C110: 5. ASDARMAWAN | E110: 0 | F110: 0 | G110: 0 | H110: 0 | I110: 0 | J110: 0 | K110: 0 | L110: 0 | M110: 0 | N110: 0 | O110: 0 | P110: 0 | Q110: 0 | R110: 0 | S110: 0 | T110: 0 | U110: 0 | V110: 0 | W110: 0 | X110: 0 | Y110: 0 | Z110: 0 | AA110: =SUM(E110:Z110) -> 0
B111: 6 | C111: 6. RIFQI MUBAROK | E111: 0 | F111: 0 | G111: 0 | H111: 0 | I111: 0 | J111: 0 | K111: 0 | L111: 1 | M111: 0 | N111: 0 | O111: 0 | P111: 0 | Q111: 0 | R111: 0 | S111: 0 | T111: 0 | U111: 0 | V111: 0 | W111: 0 | X111: 0 | Y111: 0 | Z111: 0 | AA111: =SUM(E111:Z111) -> 1
B112: 7 | C112: 7. FIRNANDA ALTA MEGA | E112: 0 | F112: 0 | G112: 0 | H112: 0 | I112: 0 | J112: 0 | K112: 0 | L112: 0 | M112: 0 | N112: 0 | O112: 0 | P112: 0 | Q112: 0 | R112: 0 | S112: 0 | T112: 0 | U112: 0 | V112: 0 | W112: 0 | X112: 0 | Y112: 0 | Z112: 0 | AA112: =SUM(E112:Z112) -> 0
AA113: =SUM(E113:Z113) -> 0
AA114: =SUM(E114:Z114) -> 0
A115: B | B115: JUMLAH SUARA SAH PARTAI POLITIK DAN CALON (A1 + A2) | E115: =SUM(E105:E114) -> 0 | F115: =SUM(F105:F114) -> 0 | G115: =SUM(G105:G114) -> 2 | H115: =SUM(H105:H114) -> 0 | I115: =SUM(I105:I114) -> 0 | J115: =SUM(J105:J114) -> 2 | K115: =SUM(K105:K114) -> 2 | L115: =SUM(L105:L114) -> 6 | ... AA115: =SUM(AA105:AA114) -> 21
A117: A.1 | B117: 7. | C117: Partai Gelombang Rakyat Indonesia | E117: 0 | F117: 0 | G117: 0 | H117: 1 | I117: 0 | J117: 0 | K117: 0 | L117: 0 | M117: 1 | N117: 1 | O117: 0 | P117: 0 | Q117: 0 | R117: 0 | S117: 2 | T117: 0 | U117: 0 | V117: 1 | W117: 0 | X117: 1 | Y117: 3 | Z117: 1 | AA117: =SUM(E117:Z117) -> 11
...

Sheet TEGALREJO
C2: Kecamatan | D2: TEGALSARI
C3: Kabupaten | D3: BANYUWANGI
C4: Provinsi | D4: JAWA TIMUR
C9: Kelurahan | D9: TEGALREJO
A12: I | B12: DATA PEMILIH DAN PENGGUNAAN HAK PILIH | AB12: JUMLAH AKHIR
A13: A | B13: DATA PEMILIH | E13: TPS 001 | F13: TPS 002 | G13: TPS 003 | H13: TPS 004 | I13: TPS 005 | J13: TPS 006 | K13: TPS 007 | L13: TPS 008 | M13: TPS 009 | N13: TPS 010 | O13: TPS 011 | P13: TPS 012 | Q13: TPS 013 | R13: TPS 014 | S13: TPS 015 | T13: TPS 016 | U13: TPS 017 | V13: TPS 018 | W13: TPS 019 | X13: TPS 020 | Y13: TPS 021 | Z13: TPS 022 | AA13: TPS 023
B14: Jumlah Pemilih dalam Daftar Pemilih Tetap (DPT) | D14: LK | E14: 148 | F14: 99 | G14: 143 | H14: 144 | I14: 134 | J14: 127 | K14: 136 | L14: 92 | M14: 117 | N14: 105 | O14: 104 | P14: 133 | Q14: 136 | R14: 137 | S14: 107 | T14: 121 | U14: 104 | V14: 112 | W14: 124 | X14: 111 | Y14: 148 | Z14: 124 | AA14: 113 | AB14: =SUM(E14:AA14) -> 2819
D15: PR | E15: 148 | F15: 95 | G15: 151 | H15: 148 | I15: 137 | J15: 125 | K15: 141 | L15: 101 | M15: 105 | N15: 108 | O15: 102 | P15: 115 | Q15: 145 | R15: 146 | S15: 105 | T15: 134 | U15: 93 | V15: 117 | W15: 131 | X15: 106 | Y15: 138 | Z15: 114 | AA15: 92 | AB15: =SUM(E15:AA15) -> 2797
D16: JML | E16: =SUM(E14:E15) -> 296 | F16: =SUM(F14:F15) -> 194 | G16: =SUM(G14:G15) -> 294 | H16: =SUM(H14:H15) -> 292 | I16: =SUM(I14:I15) -> 271 | J16: =SUM(J14:J15) -> 252 | K16: =SUM(K14:K15) -> 277 | L16: =SUM(L14:L15) -> 193 | ... AA16: =SUM(AA14:AA15) -> 205 | AB16: =SUM(E16:AA16) -> 5616
A18: B | B18: PENGGUNA HAK PILIH
B19: 1. | C19: Jumlah pengguna hak pilih dalam Daftar Pemilih Tetap (DPT) | D19: LK | E19: 109 | F19: 81 | G19: 113 | H19: 92 | I19: 105 | J19: 93 | K19: 96 | L19: 58 | M19: 83 | N19: 75 | O19: 76 | P19: 97 | Q19: 109 | R19: 99 | S19: 76 | T19: 89 | U19: 70 | V19: 78 | W19: 90 | X19: 78 | Y19: 108 | Z19: 93 | AA19: 79 | AB19: =SUM(E19:AA19) -> 2047
D20: PR | E20: 111 | F20: 80 | G20: 129 | H20: 117 | I20: 94 | J20: 97 | K20: 98 | L20: 80 | M20: 82 | N20: 83 | O20: 85 | P20: 93 | Q20: 114 | R20: 121 | S20: 85 | T20: 93 | U20: 74 | V20: 87 | W20: 83 | X20: 80 | Y20: 108 | Z20: 81 | AA20: 69 | AB20: =SUM(E20:AA20) -> 2144
D21: JML | E21: =SUM(E19:E20) -> 220 | F21: =SUM(F19:F20) -> 161 | G21: =SUM(G19:G20) -> 242 | H21: =SUM(H19:H20) -> 209 | I21: =SUM(I19:I20) -> 199 | J21: =SUM(J19:J20) -> 190 | K21: =SUM(K19:K20) -> 194 | L21: =SUM(L19:L20) -> 138 | ... AA21: =SUM(AA19:AA20) -> 148 | AB21: =SUM(E21:AA21) -> 4191
B22: 2. | C22: Jumlah pengguna hak pilih dalam Daftar Pemilih Tambahan (DPTb) | D22: LK | E22: 0 | F22: 0 | G22: 1 | H22: 0 | I22: 0 | J22: 0 | K22: 0 | L22: 0 | M22: 0 | N22: 0 | O22: 0 | P22: 0 | Q22: 0 | R22: 0 | S22: 0 | T22: 0 | U22: 0 | V22: 0 | W22: 0 | X22: 0 | Y22: 0 | Z22: 0 | AA22: 1 | AB22: =SUM(E22:AA22) -> 2
D23: PR | E23: 0 | F23: 0 | G23: 1 | H23: 0 | I23: 0 | J23: 0 | K23: 1 | L23: 0 | M23: 0 | N23: 0 | O23: 0 | P23: 0 | Q23: 0 | R23: 0 | S23: 0 | T23: 0 | U23: 0 | V23: 0 | W23: 0 | X23: 0 | Y23: 0 | Z23: 0 | AA23: 1 | AB23: =SUM(E23:AA23) -> 3
D24: JML | E24: =SUM(E22:E23) -> 0 | F24: =SUM(F22:F23) -> 0 | G24: =SUM(G22:G23) -> 2 | H24: =SUM(H22:H23) -> 0 | I24: =SUM(I22:I23) -> 0 | J24: =SUM(J22:J23) -> 0 | K24: =SUM(K22:K23) -> 1 | L24: =SUM(L22:L23) -> 0 | ... AA24: =SUM(AA22:AA23) -> 2 | AB24: =SUM(E24:AA24) -> 5
B25: 3. | C25: Jumlah pengguna hak pilih dalam Daftar Pemilih Khusus (DPK) | D25: LK | E25: 0 | F25: 2 | G25: 3 | H25: 2 | I25: 1 | J25: 0 | K25: 0 | L25: 0 | M25: 1 | N25: 0 | O25: 1 | P25: 1 | Q25: 1 | R25: 0 | S25: 0 | T25: 0 | U25: 0 | V25: 2 | W25: 0 | X25: 1 | Y25: 1 | Z25: 2 | AA25: 2 | AB25: =SUM(E25:AA25) -> 20
D26: PR | E26: 4 | F26: 1 | G26: 0 | H26: 1 | I26: 1 | J26: 0 | K26: 1 | L26: 1 | M26: 7 | N26: 0 | O26: 1 | P26: 3 | Q26: 2 | R26: 2 | S26: 1 | T26: 2 | U26: 1 | V26: 1 | W26: 1 | X26: 0 | Y26: 5 | Z26: 2 | AA26: 5 | AB26: =SUM(E26:AA26) -> 42
D27: JML | E27: =SUM(E25:E26) -> 4 | F27: =SUM(F25:F26) -> 3 | G27: =SUM(G25:G26) -> 3 | H27: =SUM(H25:H26) -> 3 | I27: =SUM(I25:I26) -> 2 | J27: =SUM(J25:J26) -> 0 | K27: =SUM(K25:K26) -> 1 | L27: =SUM(L25:L26) -> 1 | ... AA27: =SUM(AA25:AA26) -> 7 | AB27: =SUM(E27:AA27) -> 62
B28: 4. | C28: Jumlah Pengguna Hak Pilih (B.1+B.2+B.3) | D28: LK | E28: =SUM(E19,E22,E25) -> 109 | F28: =SUM(F19,F22,F25) -> 83 | G28: =SUM(G19,G22,G25) -> 117 | H28: =SUM(H19,H22,H25) -> 94 | I28: =SUM(I19,I22,I25) -> 106 | J28: =SUM(J19,J22,J25) -> 93 | K28: =SUM(K19,K22,K25) -> 96 | L28: =SUM(L19,L22,L25) -> 58 | ... AA28: =SUM(AA19,AA22,AA25) -> 82 | AB28: =SUM(E28:AA28) -> 2069
D29: PR | E29: =SUM(E20,E23,E26) -> 115 | F29: =SUM(F20,F23,F26) -> 81 | G29: =SUM(G20,G23,G26) -> 130 | H29: =SUM(H20,H23,H26) -> 118 | I29: =SUM(I20,I23,I26) -> 95 | J29: =SUM(J20,J23,J26) -> 97 | K29: =SUM(K20,K23,K26) -> 100 | L29: =SUM(L20,L23,L26) -> 81 | ... AA29: =SUM(AA20,AA23,AA26) -> 75 | AB29: =SUM(E29:AA29) -> 2189
D30: JML | E30: =SUM(E28:E29) -> 224 | F30: =SUM(F28:F29) -> 164 | G30: =SUM(G28:G29) -> 247 | H30: =SUM(H28:H29) -> 212 | I30: =SUM(I28:I29) -> 201 | J30: =SUM(J28:J29) -> 190 | K30: =SUM(K28:K29) -> 196 | L30: =SUM(L28:L29) -> 139 | ... AA30: =SUM(AA28:AA29) -> 157 | AB30: =SUM(E30:AA30) -> 4258
A32: II | B32: DATA PENGGUNAAN SURAT SUARA
A33: 1 | B33: Jumlah surat suara yang diterima, termasuk surat suara cadangan 2,5% dari DPT | E33: 302 | F33: 198 | G33: 300 | H33: 299 | I33: 277 | J33: 258 | K33: 283 | L33: 197 | M33: 227 | N33: 219 | O33: 211 | P33: 254 | Q33: 287 | R33: 289 | S33: 227 | T33: 261 | U33: 201 | V33: 234 | W33: 261 | X33: 222 | Y33: 292 | Z33: 242 | AA33: 210 | AB33: =SUM(E33:AA33) -> 5751
A34: 2 | B34: Jumlah surat suara yang digunakan | E34: 224 | F34: 164 | G34: 247 | H34: 212 | I34: 201 | J34: 190 | K34: 196 | L34: 139 | M34: 173 | N34: 158 | O34: 163 | P34: 194 | Q34: 226 | R34: 222 | S34: 162 | T34: 184 | U34: 145 | V34: 168 | W34: 174 | X34: 159 | Y34: 222 | Z34: 178 | AA34: 157 | AB34: =SUM(E34:AA34) -> 4258
A35: 3 | B35: Jumlah surat suara dikembalikan oleh pemilih (karena rusak atau keliru coblos) | E35: 0 | F35: 0 | G35: 0 | H35: 0 | I35: 0 | J35: 0 | K35: 0 | L35: 0 | M35: 0 | N35: 0 | O35: 0 | P35: 1 | Q35: 0 | R35: 0 | S35: 2 | T35: 0 | U35: 0 | V35: 0 | W35: 1 | X35: 0 | Y35: 0 | Z35: 2 | AA35: 0 | AB35: =SUM(E35:AA35) -> 6
A36: 4 | B36: Jumlah surat suara yang tidak digunakan/tidak terpakai, termasuk sisa surat suara cadangan | E36: =E33-(E34+E35) -> 78 | F36: =F33-(F34+F35) -> 34 | G36: =G33-(G34+G35) -> 53 | H36: =H33-(H34+H35) -> 87 | I36: =I33-(I34+I35) -> 76 | J36: =J33-(J34+J35) -> 68 | K36: =K33-(K34+K35) -> 87 | L36: =L33-(L34+L35) -> 58 | ... AA36: =AA33-(AA34+AA35) -> 53 | AB36: =SUM(E36:AA36) -> 1487
A38: III | B38: DATA PEMILIH DISABILITAS
B39: Jumlah seluruh Pemilih disabilitas yang menggunakan hak pilih | D39: LK | E39: 0 | F39: 0 | G39: 0 | H39: 0 | I39: 0 | J39: 0 | K39: 0 | L39: 1 | M39: 0 | N39: 1 | O39: 0 | P39: 0 | Q39: 0 | R39: 0 | S39: 0 | T39: 0 | U39: 2 | V39: 0 | W39: 0 | X39: 1 | Y39: 1 | Z39: 0 | AA39: 0 | AB39: =SUM(E39:AA39) -> 6
D40: PR | E40: 1 | F40: 0 | G40: 0 | H40: 0 | I40: 0 | J40: 0 | K40: 0 | L40: 0 | M40: 1 | N40: 0 | O40: 0 | P40: 0 | Q40: 0 | R40: 0 | S40: 0 | T40: 0 | U40: 0 | V40: 0 | W40: 0 | X40: 1 | Y40: 1 | Z40: 0 | AA40: 0 | AB40: =SUM(E40:AA40) -> 4
D41: JML | E41: =SUM(E39:E40) -> 1 | F41: =SUM(F39:F40) -> 0 | G41: =SUM(G39:G40) -> 0 | H41: =SUM(H39:H40) -> 0 | I41: =SUM(I39:I40) -> 0 | J41: =SUM(J39:J40) -> 0 | K41: =SUM(K39:K40) -> 0 | L41: =SUM(L39:L40) -> 1 | ... AA41: =SUM(AA39:AA40) -> 0 | AB41: =SUM(E41:AA41) -> 10
A43: IV | B43: DATA RINCIAN PEROLEHAN SUARA PASANGAN CALON BUPATI DAN WAKIL BUPATI
A44: NOMOR DAN NAMA CALON
A45: A.1 | B45: 1. | C45: Partai Kebangkitan Bangsa | E45: 15 | F45: 5 | G45: 16 | H45: 10 | I45: 7 | J45: 6 | K45: 5 | L45: 6 | M45: 3 | N45: 6 | O45: 3 | P45: 6 | Q45: 10 | R45: 6 | S45: 0 | T45: 3 | U45: 2 | V45: 4 | W45: 2 | X45: 3 | Y45: 5 | Z45: 4 | AA45: 4 | AB45: =SUM(E45:AA45) -> 131
A46: A.2 | B46: 1 | C46: 1. Dr. Hj. NIHAYATUL WAFIROH, M.A. | E46: 46 | F46: 50 | G46: 51 | H46: 11 | I46: 36 | J46: 13 | K46: 19 | L46: 7 | M46: 23 | N46: 16 | O46: 22 | P46: 16 | Q46: 23 | R46: 14 | S46: 6 | T46: 14 | U46: 6 | V46: 16 | W46: 9 | X46: 8 | Y46: 8 | Z46: 8 | AA46: 9 | AB46: =SUM(E46:AA46) -> 431
B47: 2 | C47: 2. H. M. NASIM KHAN | E47: 1 | F47: 1 | G47: 3 | H47: 8 | I47: 1 | J47: 2 | K47: 2 | L47: 0 | M47: 1 | N47: 2 | O47: 4 | P47: 3 | Q47: 1 | R47: 1 | S47: 0 | T47: 2 | U47: 1 | V47: 2 | W47: 0 | X47: 0 | Y47: 0 | Z47: 2 | AA47: 1 | AB47: =SUM(E47:AA47) -> 38
B48: 3 | C48: 3. Dr. H. AKIK ZAMAN, M.Pd.I. | E48: 2 | F48: 1 | G48: 2 | H48: 3 | I48: 0 | J48: 3 | K48: 2 | L48: 1 | M48: 0 | N48: 5 | O48: 1 | P48: 0 | Q48: 3 | R48: 0 | S48: 0 | T48: 0 | U48: 0 | V48: 2 | W48: 1 | X48: 0 | Y48: 0 | Z48: 0 | AA48: 2 | AB48: =SUM(E48:AA48) -> 28
B49: 4 | C49: 4. AHMAD RIFA'I, S.H. | E49: 0 | F49: 1 | G49: 3 | H49: 0 | I49: 1 | J49: 1 | K49: 1 | L49: 0 | M49: 1 | N49: 0 | O49: 1 | P49: 5 | Q49: 1 | R49: 1 | S49: 0 | T49: 2 | U49: 1 | V49: 2 | W49: 0 | X49: 1 | Y49: 1 | Z49: 0 | AA49: 0 | AB49: =SUM(E49:AA49) -> 23
B50: 5 | C50: 5. Drs. H. MAHFUD M.N. | E50: 2 | F50: 3 | G50: 2 | H50: 2 | I50: 0 | J50: 2 | K50: 0 | L50: 0 | M50: 0 | N50: 0 | O50: 0 | P50: 0 | Q50: 1 | R50: 2 | S50: 2 | T50: 0 | U50: 2 | V50: 1 | W50: 2 | X50: 0 | Y50: 1 | Z50: 0 | AA50: 1 | AB50: =SUM(E50:AA50) -> 23
B51: 6 | C51: 6. NURHAYATI, S.Pd. | E51: 3 | F51: 3 | G51: 5 | H51: 3 | I51: 2 | J51: 1 | K51: 1 | L51: 0 | M51: 2 | N51: 0 | O51: 2 | P51: 5 | Q51: 7 | R51: 2 | S51: 3 | T51: 5 | U51: 1 | V51: 2 | W51: 3 | X51: 0 | Y51: 2 | Z51: 0 | AA51: 0 | AB51: =SUM(E51:AA51) -> 52
B52: 7 | C52: 7. MAFTUHA KISWAH | E52: 0 | F52: 0 | G52: 3 | H52: 0 | I52: 1 | J52: 1 | K52: 0 | L52: 2 | M52: 2 | N52: 1 | O52: 0 | P52: 0 | Q52: 1 | R52: 1 | S52: 0 | T52: 1 | U52: 0 | V52: 2 | W52: 0 | X52: 0 | Y52: 0 | Z52: 0 | AA52: 0 | AB52: =SUM(E52:AA52) -> 15
AB53: =SUM(E53:AA53) -> 0
AB54: =SUM(E54:AA54) -> 0
A55: B | B55: JUMLAH SUARA SAH PARTAI POLITIK DAN CALON (A1 + A2) | E55: =SUM(E45:E54) -> 69 | F55: =SUM(F45:F54) -> 64 | G55: =SUM(G45:G54) -> 85 | H55: =SUM(H45:H54) -> 37 | I55: =SUM(I45:I54) -> 48 | J55: =SUM(J45:J54) -> 29 | K55: =SUM(K45:K54) -> 30 | L55: =SUM(L45:L54) -> 16 | ... AB55: =SUM(AB45:AB54) -> 741
A57: A.1 | B57: 2. | C57: Partai Gerakan Indonesia Raya | E57: 13 | F57: 4 | G57: 7 | H57: 6 | I57: 4 | J57: 6 | K57: 4 | L57: 7 | M57: 2 | N57: 6 | O57: 7 | P57: 5 | Q57: 9 | R57: 12 | S57: 7 | T57: 6 | U57: 1 | V57: 6 | W57: 5 | X57: 5 | Y57: 4 | Z57: 7 | AA57: 7 | AB57: =SUM(E57:AA57) -> 140
A58: A.2 | B58: 1 | C58: 1. SUMAIL ABDULLAH | E58: 14 | F58: 6 | G58: 37 | H58: 18 | I58: 10 | J58: 6 | K58: 10 | L58: 18 | M58: 5 | N58: 5 | O58: 33 | P58: 71 | Q58: 8 | R58: 7 | S58: 4 | T58: 7 | U58: 4 | V58: 13 | W58: 13 | X58: 15 | Y58: 15 | Z58: 23 | AA58: 23 | AB58: =SUM(E58:AA58) -> 365
B59: 2 | C59: 2. MUHAMMAD ALI ADRIAN SALEH | E59: 5 | F59: 7 | G59: 3 | H59: 25 | I59: 1 | J59: 21 | K59: 17 | L59: 27 | M59: 28 | N59: 27 | O59: 18 | P59: 1 | Q59: 21 | R59: 44 | S59: 72 | T59: 19 | U59: 5 | V59: 39 | W59: 11 | X59: 1 | Y59: 12 | Z59: 7 | AA59: 10 | AB59: =SUM(E59:AA59) -> 421
B60: 3 | C60: 3. DURROTUN NAFISAH | E60: 0 | F60: 2 | G60: 4 | H60: 0 | I60: 2 | J60: 0 | K60: 2 | L60: 0 | M60: 0 | N60: 0 | O60: 0 | P60: 0 | Q60: 2 | R60: 0 | S60: 0 | T60: 0 | U60: 0 | V60: 1 | W60: 2 | X60: 0 | Y60: 0 | Z60: 1 | AA60: 1 | AB60: =SUM(E60:AA60) -> 17
B61: 4 | C61: 4. H. EKO SUSILO NURHIDAYAT | E61: 2 | F61: 3 | G61: 8 | H61: 2 | I61: 4 | J61: 1 | K61: 1 | L61: 2 | M61: 0 | N61: 2 | O61: 2 | P61: 2 | Q61: 2 | R61: 0 | S61: 0 | T61: 2 | U61: 1 | V61: 3 | W61: 2 | X61: 0 | Y61: 1 | Z61: 0 | AA61: 0 | AB61: =SUM(E61:AA61) -> 40
B62: 5 | C62: 5. KARNADI HARIJANTO, S.S. | E62: 0 | F62: 0 | G62: 0 | H62: 0 | I62: 0 | J62: 0 | K62: 0 | L62: 0 | M62: 0 | N62: 0 | O62: 1 | P62: 0 | Q62: 2 | R62: 0 | S62: 0 | T62: 0 | U62: 0 | V62: 0 | W62: 0 | X62: 0 | Y62: 0 | Z62: 0 | AA62: 0 | AB62: =SUM(E62:AA62) -> 3
B63: 6 | C63: 6. NURHAYATI | E63: 1 | F63: 1 | G63: 1 | H63: 2 | I63: 0 | J63: 1 | K63: 0 | L63: 0 | M63: 1 | N63: 0 | O63: 0 | P63: 0 | Q63: 2 | R63: 1 | S63: 0 | T63: 0 | U63: 0 | V63: 0 | W63: 0 | X63: 0 | Y63: 0 | Z63: 0 | AA63: 0 | AB63: =SUM(E63:AA63) -> 10
B64: 7 | C64: 7. MASHUDI | E64: 0 | F64: 0 | G64: 0 | H64: 1 | I64: 0 | J64: 0 | K64: 0 | L64: 0 | M64: 0 | N64: 0 | O64: 0 | P64: 0 | Q64: 0 | R64: 0 | S64: 0 | T64: 1 | U64: 0 | V64: 0 | W64: 0 | X64: 0 | Y64: 0 | Z64: 0 | AA64: 0 | AB64: =SUM(E64:AA64) -> 2
AB65: =SUM(E65:AA65) -> 0
AB66: =SUM(E66:AA66) -> 0
A67: B | B67: JUMLAH SUARA SAH PARTAI POLITIK DAN CALON (A1 + A2) | E67: =SUM(E57:E66) -> 35 | F67: =SUM(F57:F66) -> 23 | G67: =SUM(G57:G66) -> 60 | H67: =SUM(H57:H66) -> 54 | I67: =SUM(I57:I66) -> 21 | J67: =SUM(J57:J66) -> 35 | K67: =SUM(K57:K66) -> 34 | L67: =SUM(L57:L66) -> 54 | ... AB67: =SUM(AB57:AB66) -> 998
A69: A.1 | B69: 3. | C69: Partai Demokrasi Indonesia Perjuangan | E69: 8 | F69: 3 | G69: 4 | H69: 2 | I69: 1 | J69: 11 | K69: 3 | L69: 2 | M69: 4 | N69: 8 | O69: 6 | P69: 3 | Q69: 10 | R69: 3 | S69: 3 | T69: 6 | U69: 6 | V69: 9 | W69: 9 | X69: 5 | Y69: 4 | Z69: 6 | AA69: 6 | AB69: =SUM(E69:AA69) -> 122
A70: A.2 | B70: 1 | C70: 1. SONNY TRI DANAPARAMITA, S.H., M.H. | E70: 16 | F70: 6 | G70: 7 | H70: 21 | I70: 6 | J70: 10 | K70: 6 | L70: 2 | M70: 7 | N70: 7 | O70: 8 | P70: 6 | Q70: 12 | R70: 8 | S70: 12 | T70: 7 | U70: 10 | V70: 5 | W70: 6 | X70: 5 | Y70: 3 | Z70: 1 | AA70: 11 | AB70: =SUM(E70:AA70) -> 182
B71: 2 | C71: 2. H. MOHAMAD GUNTUR ROMLI | E71: 0 | F71: 0 | G71: 4 | H71: 0 | I71: 0 | J71: 3 | K71: 1 | L71: 1 | M71: 1 | N71: 1 | O71: 0 | P71: 0 | Q71: 1 | R71: 2 | S71: 2 | T71: 3 | U71: 1 | V71: 0 | W71: 2 | X71: 2 | Y71: 3 | Z71: 0 | AA71: 0 | AB71: =SUM(E71:AA71) -> 27
B72: 3 | C72: 3. INA AMMANIA | E72: 4 | F72: 0 | G72: 1 | H72: 1 | I72: 0 | J72: 3 | K72: 0 | L72: 0 | M72: 0 | N72: 2 | O72: 0 | P72: 4 | Q72: 4 | R72: 0 | S72: 12 | T72: 15 | U72: 42 | V72: 13 | W72: 18 | X72: 52 | Y72: 12 | Z72: 12 | AA72: 10 | AB72: =SUM(E72:AA72) -> 205
B73: 4 | C73: 4. IRWAN BACHTIAR RACHMAT, M.Si. | E73: 0 | F73: 0 | G73: 1 | H73: 0 | I73: 1 | J73: 6 | K73: 1 | L73: 1 | M73: 0 | N73: 2 | O73: 2 | P73: 2 | Q73: 1 | R73: 2 | S73: 0 | T73: 5 | U73: 4 | V73: 3 | W73: 2 | X73: 0 | Y73: 0 | Z73: 0 | AA73: 0 | AB73: =SUM(E73:AA73) -> 33
B74: 5 | C74: 5. LUCKY PERDANA | E74: 1 | F74: 1 | G74: 1 | H74: 0 | I74: 5 | J74: 2 | K74: 2 | L74: 2 | M74: 3 | N74: 1 | O74: 1 | P74: 2 | Q74: 4 | R74: 4 | S74: 3 | T74: 2 | U74: 8 | V74: 1 | W74: 4 | X74: 0 | Y74: 0 | Z74: 0 | AA74: 2 | AB74: =SUM(E74:AA74) -> 49
B75: 6 | C75: 6. WIWIK PUJIYATI | E75: 0 | F75: 0 | G75: 0 | H75: 0 | I75: 0 | J75: 1 | K75: 2 | L75: 1 | M75: 0 | N75: 0 | O75: 0 | P75: 0 | Q75: 2 | R75: 1 | S75: 0 | T75: 3 | U75: 0 | V75: 0 | W75: 0 | X75: 0 | Y75: 0 | Z75: 0 | AA75: 1 | AB75: =SUM(E75:AA75) -> 11
B76: 7 | C76: 7. CHANDRA ASTAN, S.T. | E76: 0 | F76: 1 | G76: 1 | H76: 2 | I76: 0 | J76: 0 | K76: 3 | L76: 3 | M76: 1 | N76: 0 | O76: 2 | P76: 2 | Q76: 3 | R76: 2 | S76: 0 | T76: 4 | U76: 2 | V76: 1 | W76: 0 | X76: 0 | Y76: 0 | Z76: 0 | AA76: 0 | AB76: =SUM(E76:AA76) -> 27
AB77: =SUM(E77:AA77) -> 0
AB78: =SUM(E78:AA78) -> 0
A79: B | B79: JUMLAH SUARA SAH PARTAI POLITIK DAN CALON (A1 + A2) | E79: =SUM(E69:E78) -> 29 | F79: =SUM(F69:F78) -> 11 | G79: =SUM(G69:G78) -> 19 | H79: =SUM(H69:H78) -> 26 | I79: =SUM(I69:I78) -> 13 | J79: =SUM(J69:J78) -> 36 | K79: =SUM(K69:K78) -> 18 | L79: =SUM(L69:L78) -> 12 | ... AB79: =SUM(AB69:AB78) -> 656
A81: A.1 | B81: 4. | C81: Partai Golongan Karya | E81: 1 | F81: 0 | G81: 1 | H81: 1 | I81: 1 | J81: 4 | K81: 3 | L81: 3 | M81: 7 | N81: 2 | O81: 1 | P81: 1 | Q81: 3 | R81: 4 | S81: 2 | T81: 1 | U81: 1 | V81: 0 | W81: 5 | X81: 0 | Y81: 3 | Z81: 5 | AA81: 3 | AB81: =SUM(E81:AA81) -> 52
A82: A.2 | B82: 1 | C82: 1. ZULFIKAR ARSE SADIKIN, S.I.P., M.Si. | E82: 1 | F82: 0 | G82: 3 | H82: 0 | I82: 1 | J82: 2 | K82: 11 | L82: 2 | M82: 3 | N82: 6 | O82: 6 | P82: 25 | Q82: 11 | R82: 17 | S82: 7 | T82: 22 | U82: 6 | V82: 4 | W82: 15 | X82: 17 | Y82: 35 | Z82: 21 | AA82: 3 | AB82: =SUM(E82:AA82) -> 218
B83: 2 | C83: 2. HANDOKO | E83: 0 | F83: 0 | G83: 0 | H83: 4 | I83: 2 | J83: 2 | K83: 11 | L83: 1 | M83: 5 | N83: 6 | O83: 0 | P83: 2 | Q83: 4 | R83: 0 | S83: 1 | T83: 3 | U83: 2 | V83: 3 | W83: 4 | X83: 1 | Y83: 2 | Z83: 2 | AA83: 1 | AB83: =SUM(E83:AA83) -> 56
B84: 3 | C84: 3. Hj. OVI DEWI YANTI | E84: 1 | F84: 0 | G84: 0 | H84: 0 | I84: 0 | J84: 2 | K84: 1 | L84: 3 | M84: 1 | N84: 0 | O84: 0 | P84: 0 | Q84: 0 | R84: 1 | S84: 0 | T84: 0 | U84: 0 | V84: 0 | W84: 0 | X84: 1 | Y84: 0 | Z84: 1 | AA84: 0 | AB84: =SUM(E84:AA84) -> 11
B85: 4 | C85: 4. Ir. AZAM AZMAN NATAWIJANA | E85: 0 | F85: 0 | G85: 0 | H85: 2 | I85: 0 | J85: 0 | K85: 0 | L85: 0 | M85: 1 | N85: 0 | O85: 0 | P85: 0 | Q85: 0 | R85: 0 | S85: 0 | T85: 0 | U85: 2 | V85: 0 | W85: 0 | X85: 0 | Y85: 0 | Z85: 1 | AA85: 0 | AB85: =SUM(E85:AA85) -> 6
B86: 5 | C86: 5. UBAIDILLAH AMIN, S.Kom. | E86: 3 | F86: 3 | G86: 0 | H86: 1 | I86: 2 | J86: 1 | K86: 4 | L86: 0 | M86: 0 | N86: 0 | O86: 0 | P86: 1 | Q86: 1 | R86: 0 | S86: 0 | T86: 3 | U86: 1 | V86: 1 | W86: 0 | X86: 1 | Y86: 6 | Z86: 1 | AA86: 3 | AB86: =SUM(E86:AA86) -> 32
B87: 6 | C87: 6. DENNY YUNIANDARI, S.H., M.Kn. | E87: 0 | F87: 0 | G87: 1 | H87: 0 | I87: 0 | J87: 0 | K87: 1 | L87: 1 | M87: 1 | N87: 0 | O87: 0 | P87: 0 | Q87: 1 | R87: 0 | S87: 0 | T87: 0 | U87: 0 | V87: 0 | W87: 1 | X87: 0 | Y87: 0 | Z87: 0 | AA87: 0 | AB87: =SUM(E87:AA87) -> 6
B88: 7 | C88: 7. ERNADI, S.H.I. | E88: 0 | F88: 0 | G88: 0 | H88: 0 | I88: 0 | J88: 0 | K88: 1 | L88: 0 | M88: 0 | N88: 0 | O88: 0 | P88: 1 | Q88: 0 | R88: 0 | S88: 0 | T88: 0 | U88: 0 | V88: 0 | W88: 0 | X88: 0 | Y88: 0 | Z88: 0 | AA88: 1 | AB88: =SUM(E88:AA88) -> 3
AB89: =SUM(E89:AA89) -> 0
AB90: =SUM(E90:AA90) -> 0
A91: B | B91: JUMLAH SUARA SAH PARTAI POLITIK DAN CALON (A1 + A2) | E91: =SUM(E81:E90) -> 6 | F91: =SUM(F81:F90) -> 3 | G91: =SUM(G81:G90) -> 5 | H91: =SUM(H81:H90) -> 8 | I91: =SUM(I81:I90) -> 6 | J91: =SUM(J81:J90) -> 11 | K91: =SUM(K81:K90) -> 32 | L91: =SUM(L81:L90) -> 10 | ... AB91: =SUM(AB81:AB90) -> 384
A93: A.1 | B93: 5. | C93: Partai NasDem | E93: 14 | F93: 4 | G93: 3 | H93: 2 | I93: 3 | J93: 4 | K93: 3 | L93: 0 | M93: 1 | N93: 3 | O93: 4 | P93: 0 | Q93: 3 | R93: 3 | S93: 0 | T93: 1 | U93: 1 | V93: 1 | W93: 6 | X93: 3 | Y93: 1 | Z93: 4 | AA93: 2 | AB93: =SUM(E93:AA93) -> 66
A94: A.2 | B94: 1 | C94: 1. ACH. FADIL MUZAKKI SYAH | E94: 7 | F94: 5 | G94: 4 | H94: 6 | I94: 1 | J94: 4 | K94: 5 | L94: 0 | M94: 1 | N94: 1 | O94: 4 | P94: 2 | Q94: 12 | R94: 7 | S94: 3 | T94: 4 | U94: 1 | V94: 0 | W94: 2 | X94: 1 | Y94: 1 | Z94: 0 | AA94: 2 | AB94: =SUM(E94:AA94) -> 73
B95: 2 | C95: 2. BENY | E95: 1 | F95: 0 | G95: 5 | H95: 20 | I95: 0 | J95: 0 | K95: 3 | L95: 0 | M95: 0 | N95: 0 | O95: 0 | P95: 0 | Q95: 1 | R95: 0 | S95: 0 | T95: 2 | U95: 0 | V95: 0 | W95: 0 | X95: 0 | Y95: 0 | Z95: 0 | AA95: 0 | AB95: =SUM(E95:AA95) -> 32
B96: 3 | C96: 3. VINA VERONIKA | E96: 0 | F96: 0 | G96: 0 | H96: 0 | I96: 2 | J96: 1 | K96: 0 | L96: 0 | M96: 0 | N96: 0 | O96: 0 | P96: 0 | Q96: 1 | R96: 0 | S96: 0 | T96: 0 | U96: 0 | V96: 0 | W96: 0 | X96: 0 | Y96: 1 | Z96: 0 | AA96: 0 | AB96: =SUM(E96:AA96) -> 5
B97: 4 | C97: 4. TEDDY ANUGRIANTO | E97: 0 | F97: 0 | G97: 1 | H97: 0 | I97: 0 | J97: 0 | K97: 1 | L97: 0 | M97: 0 | N97: 0 | O97: 0 | P97: 0 | Q97: 0 | R97: 0 | S97: 0 | T97: 0 | U97: 0 | V97: 1 | W97: 0 | X97: 0 | Y97: 0 | Z97: 0 | AA97: 1 | AB97: =SUM(E97:AA97) -> 4
B98: 5 | C98: 5. INSAN KAMIL | E98: 0 | F98: 0 | G98: 0 | H98: 0 | I98: 0 | J98: 0 | K98: 0 | L98: 0 | M98: 0 | N98: 0 | O98: 0 | P98: 0 | Q98: 0 | R98: 0 | S98: 0 | T98: 0 | U98: 0 | V98: 0 | W98: 0 | X98: 0 | Y98: 0 | Z98: 0 | AA98: 0 | AB98: =SUM(E98:AA98) -> 0
B99: 6 | C99: 6. LILIK LINDARWATI | E99: 0 | F99: 0 | G99: 0 | H99: 1 | I99: 0 | J99: 0 | K99: 0 | L99: 0 | M99: 0 | N99: 0 | O99: 1 | P99: 0 | Q99: 0 | R99: 2 | S99: 0 | T99: 0 | U99: 0 | V99: 1 | W99: 0 | X99: 0 | Y99: 0 | Z99: 0 | AA99: 0 | AB99: =SUM(E99:AA99) -> 5
B100: 7 | C100: 7. YULI ANITA | E100: 0 | F100: 0 | G100: 0 | H100: 1 | I100: 0 | J100: 0 | K100: 0 | L100: 0 | M100: 0 | N100: 0 | O100: 0 | P100: 0 | Q100: 1 | R100: 0 | S100: 0 | T100: 0 | U100: 0 | V100: 0 | W100: 0 | X100: 0 | Y100: 0 | Z100: 0 | AA100: 0 | AB100: =SUM(E100:AA100) -> 2
AB101: =SUM(E101:AA101) -> 0
AB102: =SUM(E102:AA102) -> 0
A103: B | B103: JUMLAH SUARA SAH PARTAI POLITIK DAN CALON (A1 + A2) | E103: =SUM(E93:E102) -> 22 | F103: =SUM(F93:F102) -> 9 | G103: =SUM(G93:G102) -> 13 | H103: =SUM(H93:H102) -> 30 | I103: =SUM(I93:I102) -> 6 | J103: =SUM(J93:J102) -> 9 | K103: =SUM(K93:K102) -> 12 | L103: =SUM(L93:L102) -> 0 | ... AB103: =SUM(AB93:AB102) -> 187
A105: A.1 | B105: 6. | C105: Partai Buruh | E105: 1 | F105: 2 | G105: 1 | H105: 1 | I105: 2 | J105: 0 | K105: 2 | L105: 1 | M105: 0 | N105: 0 | O105: 0 | P105: 0 | Q105: 3 | R105: 3 | S105: 0 | T105: 1 | U105: 0 | V105: 0 | W105: 0 | X105: 0 | Y105: 1 | Z105: 0 | AA105: 1 | AB105: =SUM(E105:AA105) -> 19
A106: A.2 | B106: 1 | C106: 1. KHOIRUL ANAM | E106: 3 | F106: 0 | G106: 0 | H106: 0 | I106: 0 | J106: 0 | K106: 0 | L106: 0 | M106: 0 | N106: 1 | O106: 1 | P106: 0 | Q106: 1 | R106: 0 | S106: 0 | T106: 0 | U106: 0 | V106: 0 | W106: 1 | X106: 0 | Y106: 1 | Z106: 0 | AA106: 0 | AB106: =SUM(E106:AA106) -> 8
B107: 2 | C107: 2. INA KURNIA | E107: 0 | F107: 0 | G107: 0 | H107: 0 | I107: 0 | J107: 0 | K107: 0 | L107: 0 | M107: 0 | N107: 0 | O107: 0 | P107: 0 | Q107: 0 | R107: 1 | S107: 0 | T107: 0 | U107: 1 | V107: 0 | W107: 0 | X107: 0 | Y107: 1 | Z107: 0 | AA107: 0 | AB107: =SUM(E107:AA107) -> 3
B108: 3 | C108: 3. JIBRAL TAROUK | E108: 0 | F108: 0 | G108: 0 | H108: 1 | I108: 0 | J108: 0 | K108: 1 | L108: 0 | M108: 0 | N108: 0 | O108: 0 | P108: 0 | Q108: 0 | R108: 1 | S108: 0 | T108: 0 | U108: 0 | V108: 0 | W108: 0 | X108: 0 | Y108: 0 | Z108: 0 | AA108: 0 | AB108: =SUM(E108:AA108) -> 3
B109: 4 | C109: 4. ASTUTI DAENG PUJI | E109: 0 | F109: 0 | G109: 0 | H109: 0 | I109: 0 | J109: 0 | K109: 0 | L109: 0 | M109: 0 | N109: 0 | O109: 0 | P109: 0 | Q109: 0 | R109: 0 | S109: 0 | T109: 0 | U109: 0 | V109: 0 | W109: 0 | X109: 0 | Y109: 1 | Z109: 0 | AA109: 0 | AB109: =SUM(E109:AA109) -> 1
B110: 5 | C110: 5. ASDARMAWAN | E110: 0 | F110: 0 | G110: 0 | H110: 1 | I110: 0 | J110: 0 | K110: 0 | L110: 0 | M110: 0 | N110: 0 | O110: 0 | P110: 0 | Q110: 0 | R110: 0 | S110: 0 | T110: 0 | U110: 0 | V110: 0 | W110: 0 | X110: 0 | Y110: 0 | Z110: 0 | AA110: 0 | AB110: =SUM(E110:AA110) -> 1
B111: 6 | C111: 6. RIFQI MUBAROK | E111: 0 | F111: 0 | G111: 0 | H111: 1 | I111: 0 | J111: 0 | K111: 0 | L111: 0 | M111: 0 | N111: 0 | O111: 0 | P111: 1 | Q111: 0 | R111: 0 | S111: 0 | T111: 0 | U111: 0 | V111: 0 | W111: 0 | X111: 0 | Y111: 0 | Z111: 0 | AA111: 0 | AB111: =SUM(E111:AA111) -> 2
B112: 7 | C112: 7. FIRNANDA ALTA MEGA | E112: 0 | F112: 0 | G112: 0 | H112: 0 | I112: 1 | J112: 0 | K112: 0 | L112: 0 | M112: 0 | N112: 0 | O112: 0 | P112: 0 | Q112: 0 | R112: 0 | S112: 0 | T112: 0 | U112: 0 | V112: 0 | W112: 0 | X112: 0 | Y112: 0 | Z112: 0 | AA112: 0 | AB112: =SUM(E112:AA112) -> 1
AB113: =SUM(E113:AA113) -> 0
AB114: =SUM(E114:AA114) -> 0
A115: B | B115: JUMLAH SUARA SAH PARTAI POLITIK DAN CALON (A1 + A2) | E115: =SUM(E105:E114) -> 4 | F115: =SUM(F105:F114) -> 2 | G115: =SUM(G105:G114) -> 1 | H115: =SUM(H105:H114) -> 4 | I115: =SUM(I105:I114) -> 3 | J115: =SUM(J105:J114) -> 0 | K115: =SUM(K105:K114) -> 3 | L115: =SUM(L105:L114) -> 1 | ... AB115: =SUM(AB105:AB114) -> 38
A117: A.1 | B117: 7. | C117: Partai Gelombang Rakyat Indonesia | E117: 0 | F117: 2 | G117: 1 | H117: 0 | I117: 1 | J117: 2 | K117: 0 | L117: 0 | M117: 0 | N117: 2 | O117: 0 | P117: 0 | Q117: 1 | R117: 3 | S117: 1 | T117: 2 | U117: 0 | V117: 0 | W117: 1 | X117: 0 | Y117: 2 | Z117: 0 | AA117: 1 | AB117: =SUM(E117:AA117) -> 19
...

Sheet TEGALSARI
C2: Kecamatan | D2: TEGALSARI
C3: Kabupaten | D3: BANYUWANGI
C4: Provinsi | D4: JAWA TIMUR
C9: Kelurahan | D9: TEGALSARI
A12: I | B12: DATA PEMILIH DAN PENGGUNAAN HAK PILIH | AU12: JUMLAH AKHIR
A13: A | B13: DATA PEMILIH | E13: TPS 001 | F13: TPS 002 | G13: TPS 003 | H13: TPS 004 | I13: TPS 005 | J13: TPS 006 | K13: TPS 007 | L13: TPS 008 | M13: TPS 009 | N13: TPS 010 | O13: TPS 011 | P13: TPS 012 | Q13: TPS 013 | R13: TPS 014 | S13: TPS 015 | T13: TPS 016 | U13: TPS 017 | V13: TPS 018 | W13: TPS 019 | X13: TPS 020 | Y13: TPS 021 | Z13: TPS 022 | AA13: TPS 023 | AB13: TPS 024 | AC13: TPS 025 | AD13: TPS 026 | AE13: TPS 027 | AF13: TPS 028 | AG13: TPS 029 | AH13: TPS 030 | AI13: TPS 031 | AJ13: TPS 032 | AK13: TPS 033 | AL13: TPS 034 | AM13: TPS 035 | AN13: TPS 036 | AO13: TPS 037 | AP13: TPS 038 | AQ13: TPS 039 | AR13: TPS 040 | AS13: TPS 041 | AT13: TPS 042
B14: Jumlah Pemilih dalam Daftar Pemilih Tetap (DPT) | D14: LK | E14: 132 | F14: 123 | G14: 122 | H14: 122 | I14: 126 | J14: 124 | K14: 92 | L14: 89 | M14: 131 | N14: 135 | O14: 144 | P14: 99 | Q14: 110 | R14: 102 | S14: 125 | T14: 143 | U14: 102 | V14: 122 | W14: 140 | X14: 127 | Y14: 120 | Z14: 108 | AA14: 145 | AB14: 126 | AC14: 126 | AD14: 142 | AE14: 128 | AF14: 128 | AG14: 139 | AH14: 107 | AI14: 113 | AJ14: 110 | AK14: 123 | AL14: 121 | AM14: 123 | AN14: 123 | AO14: 121 | AP14: 134 | AQ14: 132 | AR14: 137 | AS14: 151 | AT14: 92 | AU14: =SUM(E14:AT14) -> 5159
D15: PR | E15: 123 | F15: 137 | G15: 99 | H15: 127 | I15: 118 | J15: 128 | K15: 89 | L15: 85 | M15: 131 | N15: 127 | O15: 144 | P15: 96 | Q15: 117 | R15: 112 | S15: 126 | T15: 130 | U15: 104 | V15: 127 | W15: 146 | X15: 134 | Y15: 130 | Z15: 112 | AA15: 143 | AB15: 131 | AC15: 134 | AD15: 140 | AE15: 112 | AF15: 134 | AG15: 136 | AH15: 94 | AI15: 116 | AJ15: 104 | AK15: 138 | AL15: 117 | AM15: 115 | AN15: 109 | AO15: 123 | AP15: 129 | AQ15: 134 | AR15: 131 | AS15: 134 | AT15: 96 | AU15: =SUM(E15:AT15) -> 5112
D16: JML | E16: =SUM(E14:E15) -> 255 | F16: =SUM(F14:F15) -> 260 | G16: =SUM(G14:G15) -> 221 | H16: =SUM(H14:H15) -> 249 | I16: =SUM(I14:I15) -> 244 | J16: =SUM(J14:J15) -> 252 | K16: =SUM(K14:K15) -> 181 | L16: =SUM(L14:L15) -> 174 | ... AT16: =SUM(AT14:AT15) -> 188 | AU16: =SUM(E16:AT16) -> 10271
A18: B | B18: PENGGUNA HAK PILIH
B19: 1. | C19: Jumlah pengguna hak pilih dalam Daftar Pemilih Tetap (DPT) | D19: LK | E19: 105 | F19: 91 | G19: 85 | H19: 103 | I19: 107 | J19: 102 | K19: 61 | L19: 67 | M19: 103 | N19: 113 | O19: 110 | P19: 83 | Q19: 79 | R19: 72 | S19: 76 | T19: 99 | U19: 74 | V19: 83 | W19: 105 | X19: 84 | Y19: 83 | Z19: 72 | AA19: 108 | AB19: 100 | AC19: 95 | AD19: 87 | AE19: 95 | AF19: 99 | AG19: 97 | AH19: 83 | AI19: 91 | AJ19: 81 | AK19: 99 | AL19: 90 | AM19: 88 | AN19: 96 | AO19: 86 | AP19: 91 | AQ19: 110 | AR19: 99 | AS19: 102 | AT19: 59 | AU19: =SUM(E19:AT19) -> 3813
D20: PR | E20: 98 | F20: 113 | G20: 76 | H20: 115 | I20: 100 | J20: 106 | K20: 74 | L20: 72 | M20: 108 | N20: 112 | O20: 107 | P20: 84 | Q20: 97 | R20: 110 | S20: 103 | T20: 103 | U20: 79 | V20: 86 | W20: 107 | X20: 99 | Y20: 97 | Z20: 81 | AA20: 114 | AB20: 112 | AC20: 116 | AD20: 111 | AE20: 95 | AF20: 109 | AG20: 109 | AH20: 78 | AI20: 99 | AJ20: 87 | AK20: 101 | AL20: 100 | AM20: 95 | AN20: 88 | AO20: 98 | AP20: 105 | AQ20: 123 | AR20: 105 | AS20: 107 | AT20: 69 | AU20: =SUM(E20:AT20) -> 4148
D21: JML | E21: =SUM(E19:E20) -> 203 | F21: =SUM(F19:F20) -> 204 | G21: =SUM(G19:G20) -> 161 | H21: =SUM(H19:H20) -> 218 | I21: =SUM(I19:I20) -> 207 | J21: =SUM(J19:J20) -> 208 | K21: =SUM(K19:K20) -> 135 | L21: =SUM(L19:L20) -> 139 | ... AT21: =SUM(AT19:AT20) -> 128 | AU21: =SUM(E21:AT21) -> 7961
B22: 2. | C22: Jumlah pengguna hak pilih dalam Daftar Pemilih Tambahan (DPTb) | D22: LK | E22: 0 | F22: 0 | G22: 0 | H22: 0 | I22: 0 | J22: 1 | K22: 0 | L22: 0 | M22: 0 | N22: 1 | O22: 0 | P22: 0 | Q22: 0 | R22: 0 | S22: 0 | T22: 0 | U22: 0 | V22: 0 | W22: 0 | X22: 0 | Y22: 0 | Z22: 0 | AA22: 0 | AB22: 0 | AC22: 0 | AD22: 0 | AE22: 0 | AF22: 0 | AG22: 1 | AH22: 0 | AI22: 0 | AJ22: 0 | AK22: 0 | AL22: 0 | AM22: 0 | AN22: 0 | AO22: 0 | AP22: 0 | AQ22: 0 | AR22: 1 | AS22: 0 | AT22: 0 | AU22: =SUM(E22:AT22) -> 4
D23: PR | E23: 2 | F23: 0 | G23: 0 | H23: 0 | I23: 0 | J23: 0 | K23: 0 | L23: 0 | M23: 0 | N23: 0 | O23: 0 | P23: 0 | Q23: 0 | R23: 0 | S23: 0 | T23: 0 | U23: 0 | V23: 1 | W23: 0 | X23: 0 | Y23: 0 | Z23: 1 | AA23: 0 | AB23: 0 | AC23: 0 | AD23: 0 | AE23: 0 | AF23: 0 | AG23: 0 | AH23: 0 | AI23: 0 | AJ23: 0 | AK23: 0 | AL23: 0 | AM23: 1 | AN23: 0 | AO23: 0 | AP23: 0 | AQ23: 0 | AR23: 0 | AS23: 0 | AT23: 0 | AU23: =SUM(E23:AT23) -> 5
D24: JML | E24: =SUM(E22:E23) -> 2 | F24: =SUM(F22:F23) -> 0 | G24: =SUM(G22:G23) -> 0 | H24: =SUM(H22:H23) -> 0 | I24: =SUM(I22:I23) -> 0 | J24: =SUM(J22:J23) -> 1 | K24: =SUM(K22:K23) -> 0 | L24: =SUM(L22:L23) -> 0 | ... AT24: =SUM(AT22:AT23) -> 0 | AU24: =SUM(E24:AT24) -> 9
B25: 3. | C25: Jumlah pengguna hak pilih dalam Daftar Pemilih Khusus (DPK) | D25: LK | E25: 1 | F25: 0 | G25: 0 | H25: 0 | I25: 0 | J25: 1 | K25: 0 | L25: 0 | M25: 0 | N25: 2 | O25: 0 | P25: 6 | Q25: 1 | R25: 3 | S25: 3 | T25: 0 | U25: 3 | V25: 0 | W25: 1 | X25: 0 | Y25: 1 | Z25: 0 | AA25: 1 | AB25: 0 | AC25: 2 | AD25: 0 | AE25: 1 | AF25: 0 | AG25: 0 | AH25: 5 | AI25: 0 | AJ25: 0 | AK25: 1 | AL25: 1 | AM25: 1 | AN25: 0 | AO25: 2 | AP25: 0 | AQ25: 1 | AR25: 0 | AS25: 1 | AT25: 1 | AU25: =SUM(E25:AT25) -> 39
D26: PR | E26: 0 | F26: 0 | G26: 1 | H26: 1 | I26: 0 | J26: 2 | K26: 0 | L26: 0 | M26: 0 | N26: 1 | O26: 1 | P26: 3 | Q26: 2 | R26: 1 | S26: 2 | T26: 1 | U26: 1 | V26: 3 | W26: 1 | X26: 0 | Y26: 2 | Z26: 0 | AA26: 0 | AB26: 0 | AC26: 4 | AD26: 1 | AE26: 2 | AF26: 1 | AG26: 1 | AH26: 2 | AI26: 0 | AJ26: 3 | AK26: 4 | AL26: 0 | AM26: 2 | AN26: 2 | AO26: 3 | AP26: 2 | AQ26: 3 | AR26: 1 | AS26: 0 | AT26: 1 | AU26: =SUM(E26:AT26) -> 54
D27: JML | E27: =SUM(E25:E26) -> 1 | F27: =SUM(F25:F26) -> 0 | G27: =SUM(G25:G26) -> 1 | H27: =SUM(H25:H26) -> 1 | I27: =SUM(I25:I26) -> 0 | J27: =SUM(J25:J26) -> 3 | K27: =SUM(K25:K26) -> 0 | L27: =SUM(L25:L26) -> 0 | ... AT27: =SUM(AT25:AT26) -> 2 | AU27: =SUM(E27:AT27) -> 93
B28: 4. | C28: Jumlah Pengguna Hak Pilih (B.1+B.2+B.3) | D28: LK | E28: =SUM(E19,E22,E25) -> 106 | F28: =SUM(F19,F22,F25) -> 91 | G28: =SUM(G19,G22,G25) -> 85 | H28: =SUM(H19,H22,H25) -> 103 | I28: =SUM(I19,I22,I25) -> 107 | J28: =SUM(J19,J22,J25) -> 104 | K28: =SUM(K19,K22,K25) -> 61 | L28: =SUM(L19,L22,L25) -> 67 | ... AT28: =SUM(AT19,AT22,AT25) -> 60 | AU28: =SUM(E28:AT28) -> 3856
D29: PR | E29: =SUM(E20,E23,E26) -> 100 | F29: =SUM(F20,F23,F26) -> 113 | G29: =SUM(G20,G23,G26) -> 77 | H29: =SUM(H20,H23,H26) -> 116 | I29: =SUM(I20,I23,I26) -> 100 | J29: =SUM(J20,J23,J26) -> 108 | K29: =SUM(K20,K23,K26) -> 74 | L29: =SUM(L20,L23,L26) -> 72 | ... AT29: =SUM(AT20,AT23,AT26) -> 70 | AU29: =SUM(E29:AT29) -> 4207
D30: JML | E30: =SUM(E28:E29) -> 206 | F30: =SUM(F28:F29) -> 204 | G30: =SUM(G28:G29) -> 162 | H30: =SUM(H28:H29) -> 219 | I30: =SUM(I28:I29) -> 207 | J30: =SUM(J28:J29) -> 212 | K30: =SUM(K28:K29) -> 135 | L30: =SUM(L28:L29) -> 139 | ... AT30: =SUM(AT28:AT29) -> 130 | AU30: =SUM(E30:AT30) -> 8063
A32: II | B32: DATA PENGGUNAAN SURAT SUARA
A33: 1 | B33: Jumlah surat suara yang diterima, termasuk surat suara cadangan 2,5% dari DPT | E33: 261 | F33: 266 | G33: 227 | H33: 254 | I33: 249 | J33: 257 | K33: 185 | L33: 178 | M33: 268 | N33: 267 | O33: 294 | P33: 197 | Q33: 231 | R33: 219 | S33: 258 | T33: 279 | U33: 211 | V33: 252 | W33: 292 | X33: 264 | Y33: 250 | Z33: 225 | AA33: 294 | AB33: 274 | AC33: 266 | AD33: 288 | AE33: 245 | AF33: 268 | AG33: 281 | AH33: 206 | AI33: 234 | AJ33: 218 | AK33: 268 | AL33: 243 | AM33: 243 | AN33: 237 | AO33: 249 | AP33: 269 | AQ33: 272 | AR33: 275 | AS33: 291 | AT33: 191 | AU33: =SUM(E33:AT33) -> 10496
A34: 2 | B34: Jumlah surat suara yang digunakan | E34: 206 | F34: 204 | G34: 162 | H34: 219 | I34: 207 | J34: 212 | K34: 135 | L34: 139 | M34: 211 | N34: 229 | O34: 218 | P34: 176 | Q34: 179 | R34: 186 | S34: 184 | T34: 203 | U34: 157 | V34: 173 | W34: 214 | X34: 183 | Y34: 183 | Z34: 154 | AA34: 223 | AB34: 212 | AC34: 217 | AD34: 199 | AE34: 193 | AF34: 209 | AG34: 208 | AH34: 168 | AI34: 190 | AJ34: 171 | AK34: 205 | AL34: 191 | AM34: 187 | AN34: 186 | AO34: 189 | AP34: 198 | AQ34: 237 | AR34: 206 | AS34: 210 | AT34: 130 | AU34: =SUM(E34:AT34) -> 8063
A35: 3 | B35: Jumlah surat suara dikembalikan oleh pemilih (karena rusak atau keliru coblos) | E35: 0 | F35: 0 | G35: 1 | H35: 0 | I35: 1 | J35: 0 | K35: 0 | L35: 0 | M35: 0 | N35: 1 | O35: 1 | P35: 0 | Q35: 0 | R35: 3 | S35: 23 | T35: 1 | U35: 1 | V35: 0 | W35: 0 | X35: 1 | Y35: 0 | Z35: 0 | AA35: 0 | AB35: 0 | AC35: 1 | AD35: 0 | AE35: 0 | AF35: 0 | AG35: 0 | AH35: 0 | AI35: 1 | AJ35: 0 | AK35: 0 | AL35: 0 | AM35: 0 | AN35: 2 | AO35: 0 | AP35: 1 | AQ35: 0 | AR35: 2 | AS35: 0 | AT35: 0 | AU35: =SUM(E35:AT35) -> 40
A36: 4 | B36: Jumlah surat suara yang tidak digunakan/tidak terpakai, termasuk sisa surat suara cadangan | E36: =E33-(E34+E35) -> 55 | F36: =F33-(F34+F35) -> 62 | G36: =G33-(G34+G35) -> 64 | H36: =H33-(H34+H35) -> 35 | I36: =I33-(I34+I35) -> 41 | J36: =J33-(J34+J35) -> 45 | K36: =K33-(K34+K35) -> 50 | L36: =L33-(L34+L35) -> 39 | ... AT36: =AT33-(AT34+AT35) -> 61 | AU36: =SUM(E36:AT36) -> 2393
A38: III | B38: DATA PEMILIH DISABILITAS
B39: Jumlah seluruh Pemilih disabilitas yang menggunakan hak pilih | D39: LK | E39: 0 | F39: 0 | G39: 0 | H39: 0 | I39: 0 | J39: 0 | K39: 0 | L39: 1 | M39: 0 | N39: 0 | O39: 0 | P39: 0 | Q39: 0 | R39: 0 | S39: 0 | T39: 0 | U39: 0 | V39: 1 | W39: 0 | X39: 0 | Y39: 0 | Z39: 0 | AA39: 0 | AB39: 0 | AC39: 0 | AD39: 0 | AE39: 1 | AF39: 0 | AG39: 0 | AH39: 0 | AI39: 0 | AJ39: 0 | AK39: 0 | AL39: 0 | AM39: 0 | AN39: 0 | AO39: 0 | AP39: 0 | AQ39: 0 | AR39: 0 | AS39: 0 | AT39: 1 | AU39: =SUM(E39:AT39) -> 4
D40: PR | E40: 0 | F40: 0 | G40: 0 | H40: 0 | I40: 0 | J40: 0 | K40: 0 | L40: 0 | M40: 0 | N40: 0 | O40: 0 | P40: 0 | Q40: 0 | R40: 0 | S40: 0 | T40: 0 | U40: 0 | V40: 1 | W40: 1 | X40: 0 | Y40: 0 | Z40: 0 | AA40: 0 | AB40: 0 | AC40: 0 | AD40: 0 | AE40: 1 | AF40: 0 | AG40: 0 | AH40: 0 | AI40: 0 | AJ40: 0 | AK40: 0 | AL40: 0 | AM40: 0 | AN40: 1 | AO40: 0 | AP40: 0 | AQ40: 0 | AR40: 0 | AS40: 0 | AT40: 0 | AU40: =SUM(E40:AT40) -> 4
D41: JML | E41: =SUM(E39:E40) -> 0 | F41: =SUM(F39:F40) -> 0 | G41: =SUM(G39:G40) -> 0 | H41: =SUM(H39:H40) -> 0 | I41: =SUM(I39:I40) -> 0 | J41: =SUM(J39:J40) -> 0 | K41: =SUM(K39:K40) -> 0 | L41: =SUM(L39:L40) -> 1 | ... AT41: =SUM(AT39:AT40) -> 1 | AU41: =SUM(E41:AT41) -> 8
A43: IV | B43: DATA RINCIAN PEROLEHAN SUARA PASANGAN CALON BUPATI DAN WAKIL BUPATI
A44: NOMOR DAN NAMA CALON
A45: A.1 | B45: 1. | C45: Partai Kebangkitan Bangsa | E45: 3 | F45: 0 | G45: 0 | H45: 0 | I45: 2 | J45: 1 | K45: 1 | L45: 3 | M45: 1 | N45: 6 | O45: 2 | P45: 2 | Q45: 8 | R45: 6 | S45: 4 | T45: 9 | U45: 5 | V45: 1 | W45: 3 | X45: 9 | Y45: 6 | Z45: 8 | AA45: 8 | AB45: 7 | AC45: 3 | AD45: 7 | AE45: 3 | AF45: 6 | AG45: 6 | AH45: 14 | AI45: 6 | AJ45: 4 | AK45: 8 | AL45: 6 | AM45: 7 | AN45: 7 | AO45: 9 | AP45: 3 | AQ45: 8 | AR45: 10 | AS45: 10 | AT45: 0 | AU45: =SUM(E45:AT45) -> 212
A46: A.2 | B46: 1 | C46: 1. Dr. Hj. NIHAYATUL WAFIROH, M.A. | E46: 1 | F46: 3 | G46: 5 | H46: 14 | I46: 11 | J46: 10 | K46: 7 | L46: 2 | M46: 1 | N46: 9 | O46: 14 | P46: 5 | Q46: 21 | R46: 19 | S46: 13 | T46: 20 | U46: 20 | V46: 6 | W46: 19 | X46: 11 | Y46: 12 | Z46: 23 | AA46: 30 | AB46: 28 | AC46: 29 | AD46: 24 | AE46: 29 | AF46: 31 | AG46: 16 | AH46: 28 | AI46: 35 | AJ46: 33 | AK46: 32 | AL46: 27 | AM46: 35 | AN46: 17 | AO46: 27 | AP46: 26 | AQ46: 31 | AR46: 24 | AS46: 25 | AT46: 10 | AU46: =SUM(E46:AT46) -> 783
B47: 2 | C47: 2. H. M. NASIM KHAN | E47: 1 | F47: 2 | G47: 0 | H47: 1 | I47: 4 | J47: 34 | K47: 0 | L47: 2 | M47: 0 | N47: 52 | O47: 20 | P47: 0 | Q47: 24 | R47: 0 | S47: 0 | T47: 1 | U47: 2 | V47: 0 | W47: 5 | X47: 1 | Y47: 1 | Z47: 1 | AA47: 3 | AB47: 0 | AC47: 2 | AD47: 3 | AE47: 11 | AF47: 10 | AG47: 3 | AH47: 2 | AI47: 1 | AJ47: 4 | AK47: 1 | AL47: 4 | AM47: 0 | AN47: 10 | AO47: 6 | AP47: 1 | AQ47: 4 | AR47: 3 | AS47: 4 | AT47: 1 | AU47: =SUM(E47:AT47) -> 224
B48: 3 | C48: 3. Dr. H. AKIK ZAMAN, M.Pd.I. | E48: 0 | F48: 0 | G48: 0 | H48: 0 | I48: 1 | J48: 2 | K48: 0 | L48: 1 | M48: 0 | N48: 2 | O48: 0 | P48: 0 | Q48: 0 | R48: 0 | S48: 0 | T48: 0 | U48: 0 | V48: 0 | W48: 0 | X48: 1 | Y48: 1 | Z48: 1 | AA48: 1 | AB48: 1 | AC48: 3 | AD48: 1 | AE48: 2 | AF48: 2 | AG48: 0 | AH48: 4 | AI48: 1 | AJ48: 0 | AK48: 2 | AL48: 2 | AM48: 1 | AN48: 2 | AO48: 4 | AP48: 7 | AQ48: 25 | AR48: 4 | AS48: 4 | AT48: 0 | AU48: =SUM(E48:AT48) -> 75
B49: 4 | C49: 4. AHMAD RIFA'I, S.H. | E49: 0 | F49: 0 | G49: 0 | H49: 0 | I49: 0 | J49: 0 | K49: 0 | L49: 0 | M49: 1 | N49: 1 | O49: 0 | P49: 2 | Q49: 0 | R49: 2 | S49: 1 | T49: 1 | U49: 0 | V49: 0 | W49: 1 | X49: 0 | Y49: 0 | Z49: 0 | AA49: 1 | AB49: 1 | AC49: 4 | AD49: 2 | AE49: 7 | AF49: 1 | AG49: 1 | AH49: 1 | AI49: 3 | AJ49: 2 | AK49: 1 | AL49: 2 | AM49: 3 | AN49: 1 | AO49: 1 | AP49: 1 | AQ49: 3 | AR49: 1 | AS49: 0 | AT49: 0 | AU49: =SUM(E49:AT49) -> 45
B50: 5 | C50: 5. Drs. H. MAHFUD M.N. | E50: 0 | F50: 0 | G50: 0 | H50: 0 | I50: 0 | J50: 0 | K50: 0 | L50: 0 | M50: 0 | N50: 0 | O50: 1 | P50: 1 | Q50: 0 | R50: 1 | S50: 0 | T50: 0 | U50: 0 | V50: 0 | W50: 3 | X50: 0 | Y50: 1 | Z50: 1 | AA50: 0 | AB50: 0 | AC50: 0 | AD50: 1 | AE50: 2 | AF50: 3 | AG50: 1 | AH50: 2 | AI50: 0 | AJ50: 2 | AK50: 0 | AL50: 0 | AM50: 0 | AN50: 2 | AO50: 1 | AP50: 1 | AQ50: 0 | AR50: 0 | AS50: 2 | AT50: 1 | AU50: =SUM(E50:AT50) -> 26
B51: 6 | C51: 6. NURHAYATI, S.Pd. | E51: 0 | F51: 0 | G51: 1 | H51: 2 | I51: 0 | J51: 1 | K51: 1 | L51: 1 | M51: 0 | N51: 2 | O51: 0 | P51: 0 | Q51: 1 | R51: 0 | S51: 2 | T51: 2 | U51: 3 | V51: 0 | W51: 0 | X51: 0 | Y51: 0 | Z51: 1 | AA51: 2 | AB51: 3 | AC51: 0 | AD51: 0 | AE51: 1 | AF51: 2 | AG51: 3 | AH51: 2 | AI51: 2 | AJ51: 4 | AK51: 3 | AL51: 1 | AM51: 2 | AN51: 0 | AO51: 2 | AP51: 0 | AQ51: 2 | AR51: 2 | AS51: 0 | AT51: 1 | AU51: =SUM(E51:AT51) -> 49
B52: 7 | C52: 7. MAFTUHA KISWAH | E52: 2 | F52: 0 | G52: 0 | H52: 0 | I52: 0 | J52: 2 | K52: 0 | L52: 2 | M52: 0 | N52: 1 | O52: 0 | P52: 0 | Q52: 0 | R52: 0 | S52: 1 | T52: 2 | U52: 0 | V52: 0 | W52: 0 | X52: 0 | Y52: 0 | Z52: 0 | AA52: 0 | AB52: 1 | AC52: 0 | AD52: 0 | AE52: 1 | AF52: 2 | AG52: 2 | AH52: 2 | AI52: 0 | AJ52: 0 | AK52: 2 | AL52: 0 | AM52: 1 | AN52: 0 | AO52: 0 | AP52: 0 | AQ52: 0 | AR52: 1 | AS52: 0 | AT52: 0 | AU52: =SUM(E52:AT52) -> 22
AU53: =SUM(E53:AT53) -> 0
AU54: =SUM(E54:AT54) -> 0
A55: B | B55: JUMLAH SUARA SAH PARTAI POLITIK DAN CALON (A1 + A2) | E55: =SUM(E45:E54) -> 7 | F55: =SUM(F45:F54) -> 5 | G55: =SUM(G45:G54) -> 6 | H55: =SUM(H45:H54) -> 17 | I55: =SUM(I45:I54) -> 18 | J55: =SUM(J45:J54) -> 50 | K55: =SUM(K45:K54) -> 9 | L55: =SUM(L45:L54) -> 11 | ... AU55: =SUM(AU45:AU54) -> 1436
A57: A.1 | B57: 2. | C57: Partai Gerakan Indonesia Raya | E57: 3 | F57: 4 | G57: 3 | H57: 5 | I57: 6 | J57: 3 | K57: 1 | L57: 8 | M57: 2 | N57: 2 | O57: 3 | P57: 3 | Q57: 2 | R57: 5 | S57: 10 | T57: 13 | U57: 8 | V57: 5 | W57: 5 | X57: 9 | Y57: 18 | Z57: 4 | AA57: 13 | AB57: 6 | AC57: 9 | AD57: 6 | AE57: 6 | AF57: 5 | AG57: 15 | AH57: 7 | AI57: 11 | AJ57: 9 | AK57: 5 | AL57: 3 | AM57: 5 | AN57: 5 | AO57: 6 | AP57: 9 | AQ57: 8 | AR57: 4 | AS57: 4 | AT57: 7 | AU57: =SUM(E57:AT57) -> 265
A58: A.2 | B58: 1 | C58: 1. SUMAIL ABDULLAH | E58: 5 | F58: 2 | G58: 9 | H58: 10 | I58: 20 | J58: 19 | K58: 3 | L58: 4 | M58: 5 | N58: 12 | O58: 15 | P58: 6 | Q58: 7 | R58: 1 | S58: 20 | T58: 33 | U58: 21 | V58: 36 | W58: 37 | X58: 32 | Y58: 18 | Z58: 22 | AA58: 28 | AB58: 40 | AC58: 48 | AD58: 19 | AE58: 22 | AF58: 32 | AG58: 37 | AH58: 19 | AI58: 26 | AJ58: 12 | AK58: 41 | AL58: 17 | AM58: 31 | AN58: 15 | AO58: 13 | AP58: 22 | AQ58: 25 | AR58: 30 | AS58: 18 | AT58: 2 | AU58: =SUM(E58:AT58) -> 834
B59: 2 | C59: 2. MUHAMMAD ALI ADRIAN SALEH | E59: 0 | F59: 0 | G59: 2 | H59: 1 | I59: 1 | J59: 2 | K59: 1 | L59: 1 | M59: 3 | N59: 3 | O59: 2 | P59: 0 | Q59: 1 | R59: 1 | S59: 5 | T59: 2 | U59: 2 | V59: 5 | W59: 5 | X59: 5 | Y59: 4 | Z59: 1 | AA59: 4 | AB59: 6 | AC59: 2 | AD59: 2 | AE59: 2 | AF59: 1 | AG59: 3 | AH59: 0 | AI59: 3 | AJ59: 1 | AK59: 0 | AL59: 0 | AM59: 6 | AN59: 4 | AO59: 1 | AP59: 3 | AQ59: 0 | AR59: 1 | AS59: 3 | AT59: 3 | AU59: =SUM(E59:AT59) -> 92
B60: 3 | C60: 3. DURROTUN NAFISAH | E60: 0 | F60: 0 | G60: 1 | H60: 0 | I60: 0 | J60: 1 | K60: 0 | L60: 1 | M60: 0 | N60: 0 | O60: 0 | P60: 0 | Q60: 0 | R60: 0 | S60: 0 | T60: 0 | U60: 1 | V60: 1 | W60: 0 | X60: 0 | Y60: 0 | Z60: 0 | AA60: 0 | AB60: 4 | AC60: 3 | AD60: 2 | AE60: 0 | AF60: 0 | AG60: 2 | AH60: 1 | AI60: 0 | AJ60: 1 | AK60: 2 | AL60: 4 | AM60: 2 | AN60: 0 | AO60: 0 | AP60: 0 | AQ60: 0 | AR60: 1 | AS60: 1 | AT60: 1 | AU60: =SUM(E60:AT60) -> 29
B61: 4 | C61: 4. H. EKO SUSILO NURHIDAYAT | E61: 0 | F61: 2 | G61: 2 | H61: 1 | I61: 2 | J61: 1 | K61: 3 | L61: 1 | M61: 0 | N61: 3 | O61: 1 | P61: 1 | Q61: 1 | R61: 0 | S61: 2 | T61: 1 | U61: 1 | V61: 2 | W61: 1 | X61: 1 | Y61: 1 | Z61: 4 | AA61: 1 | AB61: 13 | AC61: 2 | AD61: 5 | AE61: 0 | AF61: 6 | AG61: 0 | AH61: 3 | AI61: 2 | AJ61: 2 | AK61: 3 | AL61: 0 | AM61: 3 | AN61: 5 | AO61: 0 | AP61: 1 | AQ61: 2 | AR61: 2 | AS61: 0 | AT61: 2 | AU61: =SUM(E61:AT61) -> 83
B62: 5 | C62: 5. KARNADI HARIJANTO, S.S. | E62: 0 | F62: 0 | G62: 0 | H62: 0 | I62: 0 | J62: 0 | K62: 0 | L62: 0 | M62: 1 | N62: 0 | O62: 0 | P62: 0 | Q62: 0 | R62: 0 | S62: 0 | T62: 0 | U62: 0 | V62: 2 | W62: 0 | X62: 0 | Y62: 1 | Z62: 0 | AA62: 1 | AB62: 0 | AC62: 0 | AD62: 1 | AE62: 0 | AF62: 0 | AG62: 1 | AH62: 1 | AI62: 0 | AJ62: 0 | AK62: 1 | AL62: 1 | AM62: 0 | AN62: 0 | AO62: 0 | AP62: 0 | AQ62: 0 | AR62: 0 | AS62: 1 | AT62: 1 | AU62: =SUM(E62:AT62) -> 12
B63: 6 | C63: 6. NURHAYATI | E63: 0 | F63: 0 | G63: 0 | H63: 1 | I63: 0 | J63: 0 | K63: 0 | L63: 0 | M63: 0 | N63: 1 | O63: 0 | P63: 2 | Q63: 1 | R63: 0 | S63: 3 | T63: 1 | U63: 0 | V63: 0 | W63: 0 | X63: 0 | Y63: 2 | Z63: 2 | AA63: 2 | AB63: 0 | AC63: 0 | AD63: 1 | AE63: 0 | AF63: 1 | AG63: 0 | AH63: 0 | AI63: 2 | AJ63: 1 | AK63: 1 | AL63: 0 | AM63: 1 | AN63: 0 | AO63: 0 | AP63: 0 | AQ63: 0 | AR63: 1 | AS63: 1 | AT63: 1 | AU63: =SUM(E63:AT63) -> 25
B64: 7 | C64: 7. MASHUDI | E64: 0 | F64: 1 | G64: 0 | H64: 1 | I64: 0 | J64: 0 | K64: 0 | L64: 2 | M64: 0 | N64: 0 | O64: 1 | P64: 1 | Q64: 1 | R64: 0 | S64: 0 | T64: 0 | U64: 0 | V64: 5 | W64: 1 | X64: 0 | Y64: 0 | Z64: 0 | AA64: 2 | AB64: 1 | AC64: 1 | AD64: 1 | AE64: 0 | AF64: 1 | AG64: 1 | AH64: 1 | AI64: 2 | AJ64: 1 | AK64: 0 | AL64: 0 | AM64: 0 | AN64: 1 | AO64: 1 | AP64: 0 | AQ64: 0 | AR64: 0 | AS64: 0 | AT64: 0 | AU64: =SUM(E64:AT64) -> 26
AU65: =SUM(E65:AT65) -> 0
AU66: =SUM(E66:AT66) -> 0
A67: B | B67: JUMLAH SUARA SAH PARTAI POLITIK DAN CALON (A1 + A2) | E67: =SUM(E57:E66) -> 8 | F67: =SUM(F57:F66) -> 9 | G67: =SUM(G57:G66) -> 17 | H67: =SUM(H57:H66) -> 19 | I67: =SUM(I57:I66) -> 29 | J67: =SUM(J57:J66) -> 26 | K67: =SUM(K57:K66) -> 8 | L67: =SUM(L57:L66) -> 17 | ... AU67: =SUM(AU57:AU66) -> 1366
A69: A.1 | B69: 3. | C69: Partai Demokrasi Indonesia Perjuangan | E69: 4 | F69: 8 | G69: 13 | H69: 11 | I69: 7 | J69: 8 | K69: 7 | L69: 7 | M69: 0 | N69: 8 | O69: 6 | P69: 1 | Q69: 2 | R69: 3 | S69: 6 | T69: 5 | U69: 8 | V69: 17 | W69: 7 | X69: 5 | Y69: 15 | Z69: 5 | AA69: 1 | AB69: 2 | AC69: 6 | AD69: 5 | AE69: 4 | AF69: 2 | AG69: 6 | AH69: 2 | AI69: 2 | AJ69: 4 | AK69: 1 | AL69: 5 | AM69: 4 | AN69: 2 | AO69: 9 | AP69: 0 | AQ69: 0 | AR69: 2 | AS69: 4 | AT69: 7 | AU69: =SUM(E69:AT69) -> 221
A70: A.2 | B70: 1 | C70: 1. SONNY TRI DANAPARAMITA, S.H., M.H. | E70: 4 | F70: 1 | G70: 1 | H70: 4 | I70: 11 | J70: 9 | K70: 12 | L70: 7 | M70: 3 | N70: 1 | O70: 2 | P70: 4 | Q70: 2 | R70: 1 | S70: 4 | T70: 3 | U70: 2 | V70: 9 | W70: 5 | X70: 7 | Y70: 1 | Z70: 6 | AA70: 4 | AB70: 2 | AC70: 6 | AD70: 1 | AE70: 1 | AF70: 4 | AG70: 3 | AH70: 3 | AI70: 3 | AJ70: 3 | AK70: 2 | AL70: 7 | AM70: 5 | AN70: 9 | AO70: 8 | AP70: 9 | AQ70: 7 | AR70: 21 | AS70: 3 | AT70: 7 | AU70: =SUM(E70:AT70) -> 207
B71: 2 | C71: 2. H. MOHAMAD GUNTUR ROMLI | E71: 0 | F71: 4 | G71: 0 | H71: 0 | I71: 0 | J71: 1 | K71: 2 | L71: 5 | M71: 0 | N71: 0 | O71: 2 | P71: 1 | Q71: 0 | R71: 3 | S71: 0 | T71: 0 | U71: 0 | V71: 0 | W71: 5 | X71: 0 | Y71: 2 | Z71: 1 | AA71: 1 | AB71: 0 | AC71: 2 | AD71: 1 | AE71: 0 | AF71: 2 | AG71: 0 | AH71: 0 | AI71: 1 | AJ71: 0 | AK71: 1 | AL71: 0 | AM71: 1 | AN71: 2 | AO71: 1 | AP71: 0 | AQ71: 0 | AR71: 0 | AS71: 1 | AT71: 4 | AU71: =SUM(E71:AT71) -> 43
B72: 3 | C72: 3. INA AMMANIA | E72: 21 | F72: 26 | G72: 16 | H72: 29 | I72: 23 | J72: 11 | K72: 2 | L72: 11 | M72: 1 | N72: 25 | O72: 4 | P72: 2 | Q72: 1 | R72: 1 | S72: 4 | T72: 6 | U72: 5 | V72: 33 | W72: 12 | X72: 18 | Y72: 49 | Z72: 3 | AA72: 5 | AB72: 5 | AC72: 4 | AD72: 6 | AE72: 8 | AF72: 5 | AG72: 14 | AH72: 5 | AI72: 10 | AJ72: 9 | AK72: 13 | AL72: 9 | AM72: 3 | AN72: 36 | AO72: 29 | AP72: 8 | AQ72: 12 | AR72: 4 | AS72: 6 | AT72: 29 | AU72: =SUM(E72:AT72) -> 523
B73: 4 | C73: 4. IRWAN BACHTIAR RACHMAT, M.Si. | E73: 0 | F73: 0 | G73: 0 | H73: 2 | I73: 0 | J73: 2 | K73: 0 | L73: 0 | M73: 0 | N73: 0 | O73: 0 | P73: 0 | Q73: 1 | R73: 0 | S73: 0 | T73: 1 | U73: 0 | V73: 0 | W73: 1 | X73: 0 | Y73: 1 | Z73: 0 | AA73: 0 | AB73: 0 | AC73: 0 | AD73: 0 | AE73: 0 | AF73: 1 | AG73: 1 | AH73: 0 | AI73: 0 | AJ73: 1 | AK73: 1 | AL73: 0 | AM73: 0 | AN73: 3 | AO73: 0 | AP73: 1 | AQ73: 0 | AR73: 0 | AS73: 0 | AT73: 0 | AU73: =SUM(E73:AT73) -> 16
B74: 5 | C74: 5. LUCKY PERDANA | E74: 1 | F74: 0 | G74: 0 | H74: 2 | I74: 0 | J74: 1 | K74: 0 | L74: 1 | M74: 2 | N74: 1 | O74: 2 | P74: 1 | Q74: 1 | R74: 2 | S74: 2 | T74: 1 | U74: 0 | V74: 2 | W74: 0 | X74: 7 | Y74: 0 | Z74: 0 | AA74: 1 | AB74: 3 | AC74: 1 | AD74: 1 | AE74: 2 | AF74: 3 | AG74: 3 | AH74: 5 | AI74: 0 | AJ74: 0 | AK74: 3 | AL74: 1 | AM74: 2 | AN74: 0 | AO74: 0 | AP74: 2 | AQ74: 2 | AR74: 0 | AS74: 2 | AT74: 3 | AU74: =SUM(E74:AT74) -> 60
B75: 6 | C75: 6. WIWIK PUJIYATI | E75: 1 | F75: 1 | G75: 1 | H75: 0 | I75: 1 | J75: 1 | K75: 0 | L75: 0 | M75: 0 | N75: 1 | O75: 0 | P75: 1 | Q75: 0 | R75: 1 | S75: 2 | T75: 2 | U75: 1 | V75: 0 | W75: 0 | X75: 1 | Y75: 0 | Z75: 1 | AA75: 0 | AB75: 1 | AC75: 0 | AD75: 1 | AE75: 0 | AF75: 1 | AG75: 1 | AH75: 1 | AI75: 1 | AJ75: 0 | AK75: 0 | AL75: 0 | AM75: 0 | AN75: 1 | AO75: 0 | AP75: 3 | AQ75: 0 | AR75: 0 | AS75: 0 | AT75: 0 | AU75: =SUM(E75:AT75) -> 25
B76: 7 | C76: 7. CHANDRA ASTAN, S.T. | E76: 0 | F76: 0 | G76: 0 | H76: 1 | I76: 0 | J76: 0 | K76: 0 | L76: 0 | M76: 0 | N76: 3 | O76: 0 | P76: 0 | Q76: 0 | R76: 0 | S76: 0 | T76: 0 | U76: 0 | V76: 1 | W76: 0 | X76: 3 | Y76: 0 | Z76: 0 | AA76: 0 | AB76: 0 | AC76: 0 | AD76: 0 | AE76: 0 | AF76: 0 | AG76: 0 | AH76: 0 | AI76: 0 | AJ76: 0 | AK76: 1 | AL76: 3 | AM76: 0 | AN76: 0 | AO76: 1 | AP76: 0 | AQ76: 0 | AR76: 0 | AS76: 0 | AT76: 0 | AU76: =SUM(E76:AT76) -> 13
AU77: =SUM(E77:AT77) -> 0
AU78: =SUM(E78:AT78) -> 0
A79: B | B79: JUMLAH SUARA SAH PARTAI POLITIK DAN CALON (A1 + A2) | E79: =SUM(E69:E78) -> 31 | F79: =SUM(F69:F78) -> 40 | G79: =SUM(G69:G78) -> 31 | H79: =SUM(H69:H78) -> 49 | I79: =SUM(I69:I78) -> 42 | J79: =SUM(J69:J78) -> 33 | K79: =SUM(K69:K78) -> 23 | L79: =SUM(L69:L78) -> 31 | ... AU79: =SUM(AU69:AU78) -> 1108
A81: A.1 | B81: 4. | C81: Partai Golongan Karya | E81: 1 | F81: 2 | G81: 3 | H81: 1 | I81: 0 | J81: 8 | K81: 2 | L81: 0 | M81: 0 | N81: 3 | O81: 2 | P81: 0 | Q81: 1 | R81: 1 | S81: 1 | T81: 0 | U81: 1 | V81: 2 | W81: 3 | X81: 4 | Y81: 2 | Z81: 1 | AA81: 0 | AB81: 2 | AC81: 1 | AD81: 4 | AE81: 2 | AF81: 1 | AG81: 3 | AH81: 0 | AI81: 4 | AJ81: 0 | AK81: 2 | AL81: 1 | AM81: 0 | AN81: 1 | AO81: 1 | AP81: 2 | AQ81: 0 | AR81: 0 | AS81: 1 | AT81: 3 | AU81: =SUM(E81:AT81) -> 66
A82: A.2 | B82: 1 | C82: 1. ZULFIKAR ARSE SADIKIN, S.I.P., M.Si. | E82: 1 | F82: 1 | G82: 3 | H82: 7 | I82: 16 | J82: 19 | K82: 8 | L82: 4 | M82: 2 | N82: 17 | O82: 8 | P82: 1 | Q82: 1 | R82: 0 | S82: 0 | T82: 3 | U82: 3 | V82: 0 | W82: 1 | X82: 1 | Y82: 2 | Z82: 3 | AA82: 0 | AB82: 2 | AC82: 17 | AD82: 14 | AE82: 6 | AF82: 9 | AG82: 2 | AH82: 6 | AI82: 5 | AJ82: 2 | AK82: 3 | AL82: 2 | AM82: 0 | AN82: 4 | AO82: 0 | AP82: 3 | AQ82: 5 | AR82: 4 | AS82: 1 | AT82: 0 | AU82: =SUM(E82:AT82) -> 186
B83: 2 | C83: 2. HANDOKO | E83: 15 | F83: 14 | G83: 7 | H83: 6 | I83: 2 | J83: 2 | K83: 1 | L83: 1 | M83: 0 | N83: 6 | O83: 0 | P83: 8 | Q83: 3 | R83: 3 | S83: 1 | T83: 0 | U83: 5 | V83: 6 | W83: 4 | X83: 3 | Y83: 1 | Z83: 5 | AA83: 8 | AB83: 4 | AC83: 9 | AD83: 11 | AE83: 10 | AF83: 12 | AG83: 6 | AH83: 1 | AI83: 5 | AJ83: 2 | AK83: 5 | AL83: 7 | AM83: 3 | AN83: 1 | AO83: 6 | AP83: 9 | AQ83: 12 | AR83: 9 | AS83: 7 | AT83: 3 | AU83: =SUM(E83:AT83) -> 223
B84: 3 | C84: 3. Hj. OVI DEWI YANTI | E84: 0 | F84: 0 | G84: 0 | H84: 0 | I84: 0 | J84: 0 | K84: 0 | L84: 0 | M84: 0 | N84: 0 | O84: 0 | P84: 0 | Q84: 2 | R84: 0 | S84: 1 | T84: 1 | U84: 0 | V84: 1 | W84: 1 | X84: 1 | Y84: 0 | Z84: 0 | AA84: 7 | AB84: 0 | AC84: 0 | AD84: 0 | AE84: 0 | AF84: 0 | AG84: 0 | AH84: 1 | AI84: 0 | AJ84: 0 | AK84: 0 | AL84: 0 | AM84: 0 | AN84: 0 | AO84: 0 | AP84: 1 | AQ84: 0 | AR84: 0 | AS84: 0 | AT84: 0 | AU84: =SUM(E84:AT84) -> 16
B85: 4 | C85: 4. Ir. AZAM AZMAN NATAWIJANA | E85: 0 | F85: 1 | G85: 0 | H85: 0 | I85: 0 | J85: 0 | K85: 0 | L85: 0 | M85: 0 | N85: 1 | O85: 0 | P85: 0 | Q85: 2 | R85: 6 | S85: 0 | T85: 1 | U85: 0 | V85: 0 | W85: 0 | X85: 0 | Y85: 0 | Z85: 0 | AA85: 0 | AB85: 3 | AC85: 0 | AD85: 0 | AE85: 1 | AF85: 1 | AG85: 0 | AH85: 1 | AI85: 0 | AJ85: 0 | AK85: 0 | AL85: 1 | AM85: 0 | AN85: 0 | AO85: 0 | AP85: 0 | AQ85: 0 | AR85: 0 | AS85: 0 | AT85: 5 | AU85: =SUM(E85:AT85) -> 23
B86: 5 | C86: 5. UBAIDILLAH AMIN, S.Kom. | E86: 0 | F86: 0 | G86: 0 | H86: 0 | I86: 0 | J86: 1 | K86: 0 | L86: 1 | M86: 0 | N86: 2 | O86: 0 | P86: 0 | Q86: 1 | R86: 1 | S86: 1 | T86: 0 | U86: 1 | V86: 0 | W86: 4 | X86: 0 | Y86: 0 | Z86: 2 | AA86: 3 | AB86: 0 | AC86: 2 | AD86: 2 | AE86: 1 | AF86: 0 | AG86: 0 | AH86: 2 | AI86: 0 | AJ86: 0 | AK86: 0 | AL86: 0 | AM86: 0 | AN86: 1 | AO86: 1 | AP86: 1 | AQ86: 2 | AR86: 1 | AS86: 2 | AT86: 0 | AU86: =SUM(E86:AT86) -> 32
B87: 6 | C87: 6. DENNY YUNIANDARI, S.H., M.Kn. | E87: 0 | F87: 0 | G87: 1 | H87: 0 | I87: 0 | J87: 0 | K87: 0 | L87: 1 | M87: 0 | N87: 1 | O87: 0 | P87: 0 | Q87: 0 | R87: 0 | S87: 0 | T87: 0 | U87: 0 | V87: 0 | W87: 1 | X87: 0 | Y87: 0 | Z87: 0 | AA87: 0 | AB87: 0 | AC87: 0 | AD87: 0 | AE87: 0 | AF87: 0 | AG87: 0 | AH87: 0 | AI87: 0 | AJ87: 0 | AK87: 0 | AL87: 0 | AM87: 0 | AN87: 0 | AO87: 0 | AP87: 0 | AQ87: 0 | AR87: 0 | AS87: 0 | AT87: 1 | AU87: =SUM(E87:AT87) -> 5
B88: 7 | C88: 7. ERNADI, S.H.I. | E88: 0 | F88: 0 | G88: 0 | H88: 0 | I88: 0 | J88: 0 | K88: 0 | L88: 0 | M88: 0 | N88: 0 | O88: 0 | P88: 1 | Q88: 0 | R88: 0 | S88: 0 | T88: 0 | U88: 0 | V88: 0 | W88: 1 | X88: 0 | Y88: 0 | Z88: 0 | AA88: 0 | AB88: 0 | AC88: 0 | AD88: 0 | AE88: 0 | AF88: 0 | AG88: 0 | AH88: 0 | AI88: 0 | AJ88: 0 | AK88: 0 | AL88: 0 | AM88: 0 | AN88: 0 | AO88: 0 | AP88: 0 | AQ88: 1 | AR88: 0 | AS88: 0 | AT88: 0 | AU88: =SUM(E88:AT88) -> 3
AU89: =SUM(E89:AT89) -> 0
AU90: =SUM(E90:AT90) -> 0
A91: B | B91: JUMLAH SUARA SAH PARTAI POLITIK DAN CALON (A1 + A2) | E91: =SUM(E81:E90) -> 17 | F91: =SUM(F81:F90) -> 18 | G91: =SUM(G81:G90) -> 14 | H91: =SUM(H81:H90) -> 14 | I91: =SUM(I81:I90) -> 18 | J91: =SUM(J81:J90) -> 30 | K91: =SUM(K81:K90) -> 11 | L91: =SUM(L81:L90) -> 7 | ... AU91: =SUM(AU81:AU90) -> 554
A93: A.1 | B93: 5. | C93: Partai NasDem | E93: 0 | F93: 1 | G93: 0 | H93: 2 | I93: 1 | J93: 3 | K93: 1 | L93: 1 | M93: 0 | N93: 8 | O93: 4 | P93: 0 | Q93: 1 | R93: 0 | S93: 0 | T93: 0 | U93: 1 | V93: 0 | W93: 1 | X93: 4 | Y93: 5 | Z93: 1 | AA93: 2 | AB93: 1 | AC93: 3 | AD93: 1 | AE93: 3 | AF93: 0 | AG93: 3 | AH93: 2 | AI93: 0 | AJ93: 2 | AK93: 2 | AL93: 2 | AM93: 1 | AN93: 2 | AO93: 0 | AP93: 8 | AQ93: 3 | AR93: 6 | AS93: 6 | AT93: 0 | AU93: =SUM(E93:AT93) -> 81
A94: A.2 | B94: 1 | C94: 1. ACH. FADIL MUZAKKI SYAH | E94: 0 | F94: 3 | G94: 1 | H94: 2 | I94: 0 | J94: 2 | K94: 1 | L94: 1 | M94: 1 | N94: 3 | O94: 3 | P94: 2 | Q94: 4 | R94: 7 | S94: 3 | T94: 1 | U94: 2 | V94: 0 | W94: 1 | X94: 2 | Y94: 2 | Z94: 2 | AA94: 4 | AB94: 1 | AC94: 6 | AD94: 0 | AE94: 3 | AF94: 0 | AG94: 1 | AH94: 2 | AI94: 1 | AJ94: 1 | AK94: 0 | AL94: 1 | AM94: 0 | AN94: 1 | AO94: 2 | AP94: 2 | AQ94: 3 | AR94: 3 | AS94: 3 | AT94: 4 | AU94: =SUM(E94:AT94) -> 81
B95: 2 | C95: 2. BENY | E95: 0 | F95: 0 | G95: 0 | H95: 0 | I95: 0 | J95: 1 | K95: 0 | L95: 0 | M95: 0 | N95: 4 | O95: 1 | P95: 0 | Q95: 3 | R95: 0 | S95: 1 | T95: 6 | U95: 6 | V95: 0 | W95: 0 | X95: 2 | Y95: 2 | Z95: 1 | AA95: 5 | AB95: 0 | AC95: 4 | AD95: 5 | AE95: 0 | AF95: 1 | AG95: 10 | AH95: 11 | AI95: 4 | AJ95: 1 | AK95: 0 | AL95: 8 | AM95: 11 | AN95: 4 | AO95: 12 | AP95: 9 | AQ95: 13 | AR95: 0 | AS95: 6 | AT95: 0 | AU95: =SUM(E95:AT95) -> 131
B96: 3 | C96: 3. VINA VERONIKA | E96: 0 | F96: 0 | G96: 0 | H96: 0 | I96: 0 | J96: 0 | K96: 0 | L96: 0 | M96: 0 | N96: 1 | O96: 1 | P96: 0 | Q96: 0 | R96: 0 | S96: 0 | T96: 0 | U96: 1 | V96: 0 | W96: 0 | X96: 0 | Y96: 0 | Z96: 0 | AA96: 0 | AB96: 0 | AC96: 1 | AD96: 0 | AE96: 0 | AF96: 1 | AG96: 0 | AH96: 0 | AI96: 0 | AJ96: 1 | AK96: 0 | AL96: 0 | AM96: 0 | AN96: 1 | AO96: 0 | AP96: 0 | AQ96: 0 | AR96: 1 | AS96: 1 | AT96: 0 | AU96: =SUM(E96:AT96) -> 9
B97: 4 | C97: 4. TEDDY ANUGRIANTO | E97: 0 | F97: 0 | G97: 0 | H97: 0 | I97: 0 | J97: 0 | K97: 0 | L97: 0 | M97: 1 | N97: 0 | O97: 1 | P97: 0 | Q97: 1 | R97: 0 | S97: 1 | T97: 0 | U97: 0 | V97: 0 | W97: 0 | X97: 0 | Y97: 0 | Z97: 0 | AA97: 0 | AB97: 0 | AC97: 0 | AD97: 0 | AE97: 0 | AF97: 1 | AG97: 1 | AH97: 0 | AI97: 0 | AJ97: 0 | AK97: 0 | AL97: 0 | AM97: 0 | AN97: 1 | AO97: 0 | AP97: 0 | AQ97: 0 | AR97: 1 | AS97: 1 | AT97: 0 | AU97: =SUM(E97:AT97) -> 9
B98: 5 | C98: 5. INSAN KAMIL | E98: 0 | F98: 0 | G98: 0 | H98: 0 | I98: 0 | J98: 0 | K98: 0 | L98: 0 | M98: 0 | N98: 0 | O98: 0 | P98: 0 | Q98: 0 | R98: 0 | S98: 0 | T98: 0 | U98: 0 | V98: 0 | W98: 0 | X98: 1 | Y98: 0 | Z98: 0 | AA98: 1 | AB98: 0 | AC98: 0 | AD98: 1 | AE98: 1 | AF98: 0 | AG98: 0 | AH98: 1 | AI98: 1 | AJ98: 0 | AK98: 0 | AL98: 0 | AM98: 0 | AN98: 0 | AO98: 0 | AP98: 0 | AQ98: 1 | AR98: 0 | AS98: 0 | AT98: 0 | AU98: =SUM(E98:AT98) -> 7
B99: 6 | C99: 6. LILIK LINDARWATI | E99: 0 | F99: 0 | G99: 0 | H99: 0 | I99: 0 | J99: 0 | K99: 0 | L99: 1 | M99: 0 | N99: 0 | O99: 0 | P99: 0 | Q99: 1 | R99: 0 | S99: 0 | T99: 0 | U99: 0 | V99: 1 | W99: 0 | X99: 0 | Y99: 0 | Z99: 0 | AA99: 0 | AB99: 0 | AC99: 0 | AD99: 0 | AE99: 0 | AF99: 0 | AG99: 1 | AH99: 0 | AI99: 0 | AJ99: 0 | AK99: 0 | AL99: 1 | AM99: 0 | AN99: 0 | AO99: 0 | AP99: 0 | AQ99: 0 | AR99: 0 | AS99: 0 | AT99: 0 | AU99: =SUM(E99:AT99) -> 5
B100: 7 | C100: 7. YULI ANITA | E100: 0 | F100: 0 | G100: 0 | H100: 0 | I100: 0 | J100: 0 | K100: 1 | L100: 0 | M100: 0 | N100: 0 | O100: 0 | P100: 0 | Q100: 0 | R100: 0 | S100: 0 | T100: 0 | U100: 0 | V100: 0 | W100: 0 | X100: 0 | Y100: 0 | Z100: 0 | AA100: 0 | AB100: 0 | AC100: 0 | AD100: 0 | AE100: 0 | AF100: 0 | AG100: 0 | AH100: 0 | AI100: 0 | AJ100: 0 | AK100: 0 | AL100: 0 | AM100: 0 | AN100: 0 | AO100: 1 | AP100: 2 | AQ100: 0 | AR100: 0 | AS100: 0 | AT100: 0 | AU100: =SUM(E100:AT100) -> 4
AU101: =SUM(E101:AT101) -> 0
AU102: =SUM(E102:AT102) -> 0
A103: B | B103: JUMLAH SUARA SAH PARTAI POLITIK DAN CALON (A1 + A2) | E103: =SUM(E93:E102) -> 0 | F103: =SUM(F93:F102) -> 4 | G103: =SUM(G93:G102) -> 1 | H103: =SUM(H93:H102) -> 4 | I103: =SUM(I93:I102) -> 1 | J103: =SUM(J93:J102) -> 6 | K103: =SUM(K93:K102) -> 3 | L103: =SUM(L93:L102) -> 3 | ... AU103: =SUM(AU93:AU102) -> 327
A105: A.1 | B105: 6. | C105: Partai Buruh | E105: 0 | F105: 0 | G105: 2 | H105: 1 | I105: 1 | J105: 0 | K105: 1 | L105: 2 | M105: 1 | N105: 2 | O105: 3 | P105: 0 | Q105: 1 | R105: 4 | S105: 5 | T105: 1 | U105: 2 | V105: 0 | W105: 5 | X105: 1 | Y105: 0 | Z105: 2 | AA105: 2 | AB105: 2 | AC105: 0 | AD105: 3 | AE105: 0 | AF105: 3 | AG105: 2 | AH105: 4 | AI105: 1 | AJ105: 2 | AK105: 2 | AL105: 0 | AM105: 1 | AN105: 0 | AO105: 2 | AP105: 0 | AQ105: 1 | AR105: 0 | AS105: 1 | AT105: 0 | AU105: =SUM(E105:AT105) -> 60
A106: A.2 | B106: 1 | C106: 1. KHOIRUL ANAM | E106: 0 | F106: 0 | G106: 0 | H106: 0 | I106: 0 | J106: 1 | K106: 0 | L106: 0 | M106: 1 | N106: 1 | O106: 0 | P106: 0 | Q106: 0 | R106: 0 | S106: 0 | T106: 0 | U106: 0 | V106: 0 | W106: 0 | X106: 0 | Y106: 0 | Z106: 0 | AA106: 0 | AB106: 1 | AC106: 0 | AD106: 0 | AE106: 0 | AF106: 1 | AG106: 0 | AH106: 1 | AI106: 0 | AJ106: 0 | AK106: 1 | AL106: 1 | AM106: 1 | AN106: 0 | AO106: 0 | AP106: 0 | AQ106: 1 | AR106: 0 | AS106: 0 | AT106: 0 | AU106: =SUM(E106:AT106) -> 10
B107: 2 | C107: 2. INA KURNIA | E107: 0 | F107: 0 | G107: 1 | H107: 0 | I107: 0 | J107: 1 | K107: 0 | L107: 0 | M107: 0 | N107: 0 | O107: 1 | P107: 1 | Q107: 0 | R107: 0 | S107: 0 | T107: 1 | U107: 0 | V107: 2 | W107: 0 | X107: 0 | Y107: 1 | Z107: 0 | AA107: 0 | AB107: 0 | AC107: 1 | AD107: 0 | AE107: 0 | AF107: 0 | AG107: 1 | AH107: 0 | AI107: 0 | AJ107: 0 | AK107: 0 | AL107: 0 | AM107: 0 | AN107: 0 | AO107: 1 | AP107: 0 | AQ107: 0 | AR107: 0 | AS107: 0 | AT107: 1 | AU107: =SUM(E107:AT107) -> 12
B108: 3 | C108: 3. JIBRAL TAROUK | E108: 0 | F108: 0 | G108: 0 | H108: 0 | I108: 0 | J108: 0 | K108: 0 | L108: 1 | M108: 0 | N108: 0 | O108: 0 | P108: 0 | Q108: 0 | R108: 0 | S108: 0 | T108: 0 | U108: 0 | V108: 0 | W108: 0 | X108: 0 | Y108: 0 | Z108: 2 | AA108: 1 | AB108: 0 | AC108: 0 | AD108: 0 | AE108: 0 | AF108: 0 | AG108: 0 | AH108: 0 | AI108: 0 | AJ108: 0 | AK108: 0 | AL108: 0 | AM108: 0 | AN108: 0 | AO108: 0 | AP108: 0 | AQ108: 0 | AR108: 0 | AS108: 0 | AT108: 1 | AU108: =SUM(E108:AT108) -> 5
B109: 4 | C109: 4. ASTUTI DAENG PUJI | E109: 0 | F109: 0 | G109: 0 | H109: 0 | I109: 0 | J109: 0 | K109: 0 | L109: 0 | M109: 0 | N109: 0 | O109: 0 | P109: 1 | Q109: 0 | R109: 0 | S109: 0 | T109: 0 | U109: 0 | V109: 0 | W109: 0 | X109: 0 | Y109: 0 | Z109: 0 | AA109: 0 | AB109: 0 | AC109: 0 | AD109: 0 | AE109: 0 | AF109: 0 | AG109: 0 | AH109: 1 | AI109: 0 | AJ109: 0 | AK109: 0 | AL109: 0 | AM109: 0 | AN109: 0 | AO109: 0 | AP109: 0 | AQ109: 0 | AR109: 1 | AS109: 0 | AT109: 0 | AU109: =SUM(E109:AT109) -> 3
B110: 5 | C110: 5. ASDARMAWAN | E110: 0 | F110: 0 | G110: 0 | H110: 0 | I110: 0 | J110: 0 | K110: 0 | L110: 0 | M110: 0 | N110: 0 | O110: 0 | P110: 0 | Q110: 0 | R110: 0 | S110: 0 | T110: 0 | U110: 0 | V110: 0 | W110: 0 | X110: 0 | Y110: 0 | Z110: 0 | AA110: 0 | AB110: 0 | AC110: 0 | AD110: 0 | AE110: 0 | AF110: 0 | AG110: 0 | AH110: 0 | AI110: 0 | AJ110: 0 | AK110: 0 | AL110: 0 | AM110: 0 | AN110: 0 | AO110: 0 | AP110: 0 | AQ110: 0 | AR110: 0 | AS110: 0 | AT110: 0 | AU110: =SUM(E110:AT110) -> 0
B111: 6 | C111: 6. RIFQI MUBAROK | E111: 0 | F111: 0 | G111: 0 | H111: 0 | I111: 0 | J111: 0 | K111: 0 | L111: 0 | M111: 0 | N111: 0 | O111: 0 | P111: 0 | Q111: 0 | R111: 0 | S111: 0 | T111: 0 | U111: 0 | V111: 0 | W111: 0 | X111: 0 | Y111: 0 | Z111: 0 | AA111: 0 | AB111: 1 | AC111: 0 | AD111: 0 | AE111: 0 | AF111: 0 | AG111: 0 | AH111: 0 | AI111: 0 | AJ111: 0 | AK111: 0 | AL111: 0 | AM111: 0 | AN111: 0 | AO111: 0 | AP111: 0 | AQ111: 0 | AR111: 0 | AS111: 0 | AT111: 0 | AU111: =SUM(E111:AT111) -> 1
B112: 7 | C112: 7. FIRNANDA ALTA MEGA | E112: 0 | F112: 0 | G112: 0 | H112: 0 | I112: 0 | J112: 1 | K112: 0 | L112: 0 | M112: 0 | N112: 0 | O112: 0 | P112: 0 | Q112: 0 | R112: 0 | S112: 0 | T112: 0 | U112: 0 | V112: 0 | W112: 0 | X112: 0 | Y112: 0 | Z112: 0 | AA112: 0 | AB112: 0 | AC112: 0 | AD112: 0 | AE112: 0 | AF112: 0 | AG112: 0 | AH112: 0 | AI112: 0 | AJ112: 0 | AK112: 0 | AL112: 0 | AM112: 0 | AN112: 0 | AO112: 0 | AP112: 0 | AQ112: 0 | AR112: 0 | AS112: 0 | AT112: 0 | AU112: =SUM(E112:AT112) -> 1
AU113: =SUM(E113:AT113) -> 0
AU114: =SUM(E114:AT114) -> 0
A115: B | B115: JUMLAH SUARA SAH PARTAI POLITIK DAN CALON (A1 + A2) | E115: =SUM(E105:E114) -> 0 | F115: =SUM(F105:F114) -> 0 | G115: =SUM(G105:G114) -> 3 | H115: =SUM(H105:H114) -> 1 | I115: =SUM(I105:I114) -> 1 | J115: =SUM(J105:J114) -> 3 | K115: =SUM(K105:K114) -> 1 | L115: =SUM(L105:L114) -> 3 | ... AU115: =SUM(AU105:AU114) -> 92
A117: A.1 | B117: 7. | C117: Partai Gelombang Rakyat Indonesia | E117: 0 | F117: 5 | G117: 2 | H117: 3 | I117: 1 | J117: 2 | K117: 0 | L117: 1 | M117: 1 | N117: 0 | O117: 0 | P117: 0 | Q117: 0 | R117: 0 | S117: 2 | T117: 0 | U117: 0 | V117: 0 | W117: 2 | X117: 0 | Y117: 0 | Z117: 0 | AA117: 1 | AB117: 1 | AC117: 0 | AD117: 0 | AE117: 0 | AF117: 1 | AG117: 0 | AH117: 0 | AI117: 1 | AJ117: 2 | AK117: 0 | AL117: 0 | AM117: 0 | AN117: 0 | AO117: 0 | AP117: 1 | AQ117: 0 | AR117: 0 | AS117: 1 | AT117: 0 | AU117: =SUM(E117:AT117) -> 27
...
