Workbook

Sheet DPR
C8: Kecamatan | D8: SEMPU
C9: Kabupaten | D9: BANYUWANGI
C10: Provinsi | D10: JAWA TIMUR
A12: I | B12: DATA PEMILIH DAN PENGGUNAAN HAK PILIH | E12: JUMLAH AKHIR
A13: A | B13: DATA PEMILIH
B14: Jumlah Pemilih dalam Daftar Pemilih Tetap (DPT) | D14: LK | E14: =GENDOH!AG14+JAMBEWANGI!BR14+KARANGSARI!AX14+SEMPU!Y14+TEGALARUM!AA14+TEMUASRI!AJ14+TEMUGURUH!AL14 -> 32583
D15: PR | E15: =GENDOH!AG15+JAMBEWANGI!BR15+KARANGSARI!AX15+SEMPU!Y15+TEGALARUM!AA15+TEMUASRI!AJ15+TEMUGURUH!AL15 -> 32633
D16: JML | E16: =SUM(E14:E15) -> 65216
A18: B | B18: PENGGUNA HAK PILIH
B19: 1. | C19: Jumlah pengguna hak pilih dalam Daftar Pemilih Tetap (DPT) | D19: LK | E19: =GENDOH!AG19+JAMBEWANGI!BR19+KARANGSARI!AX19+SEMPU!Y19+TEGALARUM!AA19+TEMUASRI!AJ19+TEMUGURUH!AL19 -> 23335
D20: PR | E20: =GENDOH!AG20+JAMBEWANGI!BR20+KARANGSARI!AX20+SEMPU!Y20+TEGALARUM!AA20+TEMUASRI!AJ20+TEMUGURUH!AL20 -> 25100
D21: JML | E21: =SUM(E19:E20) -> 48435
B22: 2. | C22: Jumlah pengguna hak pilih dalam Daftar Pemilih Tambahan (DPTb) | D22: LK | E22: =GENDOH!AG22+JAMBEWANGI!BR22+KARANGSARI!AX22+SEMPU!Y22+TEGALARUM!AA22+TEMUASRI!AJ22+TEMUGURUH!AL22 -> 64
D23: PR | E23: =GENDOH!AG23+JAMBEWANGI!BR23+KARANGSARI!AX23+SEMPU!Y23+TEGALARUM!AA23+TEMUASRI!AJ23+TEMUGURUH!AL23 -> 66
D24: JML | E24: =SUM(E22:E23) -> 130
B25: 3. | C25: Jumlah pengguna hak pilih dalam Daftar Pemilih Khusus (DPK) | D25: LK | E25: =GENDOH!AG25+JAMBEWANGI!BR25+KARANGSARI!AX25+SEMPU!Y25+TEGALARUM!AA25+TEMUASRI!AJ25+TEMUGURUH!AL25 -> 208
D26: PR | E26: =GENDOH!AG26+JAMBEWANGI!BR26+KARANGSARI!AX26+SEMPU!Y26+TEGALARUM!AA26+TEMUASRI!AJ26+TEMUGURUH!AL26 -> 282
D27: JML | E27: =SUM(E25:E26) -> 490
B28: 4. | C28: Jumlah Pengguna Hak Pilih (B.1+B.2+B.3) | D28: LK | E28: =E19+E22+E25 -> 23607
D29: PR | E29: =E20+E23+E26 -> 25448
D30: JML | E30: =SUM(E28:E29) -> 49055
A32: II | B32: DATA PENGGUNAAN SURAT SUARA
A33: 1 | B33: Jumlah surat suara yang diterima, termasuk surat suara cadangan 2,5% dari DPT | E33: =GENDOH!AG33+JAMBEWANGI!BR33+KARANGSARI!AX33+SEMPU!Y33+TEGALARUM!AA33+TEMUASRI!AJ33+TEMUGURUH!AL33 -> 66778
A34: 2 | B34: Jumlah surat suara yang digunakan | E34: =GENDOH!AG34+JAMBEWANGI!BR34+KARANGSARI!AX34+SEMPU!Y34+TEGALARUM!AA34+TEMUASRI!AJ34+TEMUGURUH!AL34 -> 49055
A35: 3 | B35: Jumlah surat suara dikembalikan oleh pemilih (karena rusak atau keliru coblos) | E35: =GENDOH!AG35+JAMBEWANGI!BR35+KARANGSARI!AX35+SEMPU!Y35+TEGALARUM!AA35+TEMUASRI!AJ35+TEMUGURUH!AL35 -> 111
A36: 4 | B36: Jumlah surat suara yang tidak digunakan/tidak terpakai, termasuk sisa surat suara cadangan | E36: =E33-(E34+E35) -> 17612
A38: III | B38: DATA PEMILIH DISABILITAS
B39: Jumlah seluruh Pemilih disabilitas yang menggunakan hak pilih | D39: LK | E39: =GENDOH!AG39+JAMBEWANGI!BR39+KARANGSARI!AX39+SEMPU!Y39+TEGALARUM!AA39+TEMUASRI!AJ39+TEMUGURUH!AL39 -> 50
D40: PR | E40: =GENDOH!AG40+JAMBEWANGI!BR40+KARANGSARI!AX40+SEMPU!Y40+TEGALARUM!AA40+TEMUASRI!AJ40+TEMUGURUH!AL40 -> 82
D41: JML | E41: =SUM(E39:E40) -> 132
A43: IV | B43: DATA RINCIAN PEROLEHAN SUARA PASANGAN CALON BUPATI DAN WAKIL BUPATI
A44: NOMOR DAN NAMA CALON
A45: A.1 | B45: 1. | C45: Partai Kebangkitan Bangsa | E45: =GENDOH!AG45+JAMBEWANGI!BR45+KARANGSARI!AX45+SEMPU!Y45+TEGALARUM!AA45+TEMUASRI!AJ45+TEMUGURUH!AL45 -> 1700
A46: A.2 | B46: 1 | C46: 1. Dr. Hj. NIHAYATUL WAFIROH, M.A. | E46: =GENDOH!AG46+JAMBEWANGI!BR46+KARANGSARI!AX46+SEMPU!Y46+TEGALARUM!AA46+TEMUASRI!AJ46+TEMUGURUH!AL46 -> 4018
B47: 2 | C47: 2. H. M. NASIM KHAN | E47: =GENDOH!AG47+JAMBEWANGI!BR47+KARANGSARI!AX47+SEMPU!Y47+TEGALARUM!AA47+TEMUASRI!AJ47+TEMUGURUH!AL47 -> 540
B48: 3 | C48: 3. Dr. H. AKIK ZAMAN, M.Pd.I. | E48: =GENDOH!AG48+JAMBEWANGI!BR48+KARANGSARI!AX48+SEMPU!Y48+TEGALARUM!AA48+TEMUASRI!AJ48+TEMUGURUH!AL48 -> 133
B49: 4 | C49: 4. AHMAD RIFA'I, S.H. | E49: =GENDOH!AG49+JAMBEWANGI!BR49+KARANGSARI!AX49+SEMPU!Y49+TEGALARUM!AA49+TEMUASRI!AJ49+TEMUGURUH!AL49 -> 170
B50: 5 | C50: 5. Drs. H. MAHFUD M.N. | E50: =GENDOH!AG50+JAMBEWANGI!BR50+KARANGSARI!AX50+SEMPU!Y50+TEGALARUM!AA50+TEMUASRI!AJ50+TEMUGURUH!AL50 -> 115
B51: 6 | C51: 6. NURHAYATI, S.Pd. | E51: =GENDOH!AG51+JAMBEWANGI!BR51+KARANGSARI!AX51+SEMPU!Y51+TEGALARUM!AA51+TEMUASRI!AJ51+TEMUGURUH!AL51 -> 136
B52: 7 | C52: 7. MAFTUHA KISWAH | E52: =GENDOH!AG52+JAMBEWANGI!BR52+KARANGSARI!AX52+SEMPU!Y52+TEGALARUM!AA52+TEMUASRI!AJ52+TEMUGURUH!AL52 -> 28
A55: B | B55: JUMLAH SUARA SAH PARTAI POLITIK DAN CALON (A1 + A2) | E55: =SUM(E45:E54) -> 6840
A57: A.1 | B57: 2. | C57: Partai Gerakan Indonesia Raya | E57: =GENDOH!AG57+JAMBEWANGI!BR57+KARANGSARI!AX57+SEMPU!Y57+TEGALARUM!AA57+TEMUASRI!AJ57+TEMUGURUH!AL57 -> 2119
A58: A.2 | B58: 1 | C58: 1. SUMAIL ABDULLAH | E58: =GENDOH!AG58+JAMBEWANGI!BR58+KARANGSARI!AX58+SEMPU!Y58+TEGALARUM!AA58+TEMUASRI!AJ58+TEMUGURUH!AL58 -> 2226
B59: 2 | C59: 2. MUHAMMAD ALI ADRIAN SALEH | E59: =GENDOH!AG59+JAMBEWANGI!BR59+KARANGSARI!AX59+SEMPU!Y59+TEGALARUM!AA59+TEMUASRI!AJ59+TEMUGURUH!AL59 -> 2367
B60: 3 | C60: 3. DURROTUN NAFISAH | E60: =GENDOH!AG60+JAMBEWANGI!BR60+KARANGSARI!AX60+SEMPU!Y60+TEGALARUM!AA60+TEMUASRI!AJ60+TEMUGURUH!AL60 -> 232
B61: 4 | C61: 4. H. EKO SUSILO NURHIDAYAT | E61: =GENDOH!AG61+JAMBEWANGI!BR61+KARANGSARI!AX61+SEMPU!Y61+TEGALARUM!AA61+TEMUASRI!AJ61+TEMUGURUH!AL61 -> 855
B62: 5 | C62: 5. KARNADI HARIJANTO, S.S. | E62: =GENDOH!AG62+JAMBEWANGI!BR62+KARANGSARI!AX62+SEMPU!Y62+TEGALARUM!AA62+TEMUASRI!AJ62+TEMUGURUH!AL62 -> 77
B63: 6 | C63: 6. NURHAYATI | E63: =GENDOH!AG63+JAMBEWANGI!BR63+KARANGSARI!AX63+SEMPU!Y63+TEGALARUM!AA63+TEMUASRI!AJ63+TEMUGURUH!AL63 -> 170
B64: 7 | C64: 7. MASHUDI | E64: =GENDOH!AG64+JAMBEWANGI!BR64+KARANGSARI!AX64+SEMPU!Y64+TEGALARUM!AA64+TEMUASRI!AJ64+TEMUGURUH!AL64 -> 134
A67: B | B67: JUMLAH SUARA SAH PARTAI POLITIK DAN CALON (A1 + A2) | E67: =SUM(E57:E66) -> 8180
A69: A.1 | B69: 3. | C69: Partai Demokrasi Indonesia Perjuangan | E69: =GENDOH!AG69+JAMBEWANGI!BR69+KARANGSARI!AX69+SEMPU!Y69+TEGALARUM!AA69+TEMUASRI!AJ69+TEMUGURUH!AL69 -> 2282
A70: A.2 | B70: 1 | C70: 1. SONNY TRI DANAPARAMITA, S.H., M.H. | E70: =GENDOH!AG70+JAMBEWANGI!BR70+KARANGSARI!AX70+SEMPU!Y70+TEGALARUM!AA70+TEMUASRI!AJ70+TEMUGURUH!AL70 -> 4168
B71: 2 | C71: 2. H. MOHAMAD GUNTUR ROMLI | E71: =GENDOH!AG71+JAMBEWANGI!BR71+KARANGSARI!AX71+SEMPU!Y71+TEGALARUM!AA71+TEMUASRI!AJ71+TEMUGURUH!AL71 -> 747
B72: 3 | C72: 3. INA AMMANIA | E72: =GENDOH!AG72+JAMBEWANGI!BR72+KARANGSARI!AX72+SEMPU!Y72+TEGALARUM!AA72+TEMUASRI!AJ72+TEMUGURUH!AL72 -> 2093
B73: 4 | C73: 4. IRWAN BACHTIAR RACHMAT, M.Si. | E73: =GENDOH!AG73+JAMBEWANGI!BR73+KARANGSARI!AX73+SEMPU!Y73+TEGALARUM!AA73+TEMUASRI!AJ73+TEMUGURUH!AL73 -> 188
B74: 5 | C74: 5. LUCKY PERDANA | E74: =GENDOH!AG74+JAMBEWANGI!BR74+KARANGSARI!AX74+SEMPU!Y74+TEGALARUM!AA74+TEMUASRI!AJ74+TEMUGURUH!AL74 -> 1045
B75: 6 | C75: 6. WIWIK PUJIYATI | E75: =GENDOH!AG75+JAMBEWANGI!BR75+KARANGSARI!AX75+SEMPU!Y75+TEGALARUM!AA75+TEMUASRI!AJ75+TEMUGURUH!AL75 -> 143
B76: 7 | C76: 7. CHANDRA ASTAN, S.T. | E76: =GENDOH!AG76+JAMBEWANGI!BR76+KARANGSARI!AX76+SEMPU!Y76+TEGALARUM!AA76+TEMUASRI!AJ76+TEMUGURUH!AL76 -> 134
A79: B | B79: JUMLAH SUARA SAH PARTAI POLITIK DAN CALON (A1 + A2) | E79: =SUM(E69:E78) -> 10800
A81: A.1 | B81: 4. | C81: Partai Golongan Karya | E81: =GENDOH!AG81+JAMBEWANGI!BR81+KARANGSARI!AX81+SEMPU!Y81+TEGALARUM!AA81+TEMUASRI!AJ81+TEMUGURUH!AL81 -> 1381
A82: A.2 | B82: 1 | C82: 1. ZULFIKAR ARSE SADIKIN, S.I.P., M.Si. | E82: =GENDOH!AG82+JAMBEWANGI!BR82+KARANGSARI!AX82+SEMPU!Y82+TEGALARUM!AA82+TEMUASRI!AJ82+TEMUGURUH!AL82 -> 3179
B83: 2 | C83: 2. HANDOKO | E83: =GENDOH!AG83+JAMBEWANGI!BR83+KARANGSARI!AX83+SEMPU!Y83+TEGALARUM!AA83+TEMUASRI!AJ83+TEMUGURUH!AL83 -> 2537
B84: 3 | C84: 3. Hj. OVI DEWI YANTI | E84: =GENDOH!AG84+JAMBEWANGI!BR84+KARANGSARI!AX84+SEMPU!Y84+TEGALARUM!AA84+TEMUASRI!AJ84+TEMUGURUH!AL84 -> 184
B85: 4 | C85: 4. Ir. AZAM AZMAN NATAWIJANA | E85: =GENDOH!AG85+JAMBEWANGI!BR85+KARANGSARI!AX85+SEMPU!Y85+TEGALARUM!AA85+TEMUASRI!AJ85+TEMUGURUH!AL85 -> 166
B86: 5 | C86: 5. UBAIDILLAH AMIN, S.Kom. | E86: =GENDOH!AG86+JAMBEWANGI!BR86+KARANGSARI!AX86+SEMPU!Y86+TEGALARUM!AA86+TEMUASRI!AJ86+TEMUGURUH!AL86 -> 102
B87: 6 | C87: 6. DENNY YUNIANDARI, S.H., M.Kn. | E87: =GENDOH!AG87+JAMBEWANGI!BR87+KARANGSARI!AX87+SEMPU!Y87+TEGALARUM!AA87+TEMUASRI!AJ87+TEMUGURUH!AL87 -> 56
B88: 7 | C88: 7. ERNADI, S.H.I. | E88: =GENDOH!AG88+JAMBEWANGI!BR88+KARANGSARI!AX88+SEMPU!Y88+TEGALARUM!AA88+TEMUASRI!AJ88+TEMUGURUH!AL88 -> 11
A91: B | B91: JUMLAH SUARA SAH PARTAI POLITIK DAN CALON (A1 + A2) | E91: =SUM(E81:E90) -> 7616
A93: A.1 | B93: 5. | C93: Partai NasDem | E93: =GENDOH!AG93+JAMBEWANGI!BR93+KARANGSARI!AX93+SEMPU!Y93+TEGALARUM!AA93+TEMUASRI!AJ93+TEMUGURUH!AL93 -> 533
A94: A.2 | B94: 1 | C94: 1. ACH. FADIL MUZAKKI SYAH | E94: =GENDOH!AG94+JAMBEWANGI!BR94+KARANGSARI!AX94+SEMPU!Y94+TEGALARUM!AA94+TEMUASRI!AJ94+TEMUGURUH!AL94 -> 667
B95: 2 | C95: 2. BENY | E95: =GENDOH!AG95+JAMBEWANGI!BR95+KARANGSARI!AX95+SEMPU!Y95+TEGALARUM!AA95+TEMUASRI!AJ95+TEMUGURUH!AL95 -> 148
B96: 3 | C96: 3. VINA VERONIKA | E96: =GENDOH!AG96+JAMBEWANGI!BR96+KARANGSARI!AX96+SEMPU!Y96+TEGALARUM!AA96+TEMUASRI!AJ96+TEMUGURUH!AL96 -> 81
B97: 4 | C97: 4. TEDDY ANUGRIANTO | E97: =GENDOH!AG97+JAMBEWANGI!BR97+KARANGSARI!AX97+SEMPU!Y97+TEGALARUM!AA97+TEMUASRI!AJ97+TEMUGURUH!AL97 -> 182
B98: 5 | C98: 5. INSAN KAMIL | E98: =GENDOH!AG98+JAMBEWANGI!BR98+KARANGSARI!AX98+SEMPU!Y98+TEGALARUM!AA98+TEMUASRI!AJ98+TEMUGURUH!AL98 -> 38
B99: 6 | C99: 6. LILIK LINDARWATI | E99: =GENDOH!AG99+JAMBEWANGI!BR99+KARANGSARI!AX99+SEMPU!Y99+TEGALARUM!AA99+TEMUASRI!AJ99+TEMUGURUH!AL99 -> 32
B100: 7 | C100: 7. YULI ANITA | E100: =GENDOH!AG100+JAMBEWANGI!BR100+KARANGSARI!AX100+SEMPU!Y100+TEGALARUM!AA100+TEMUASRI!AJ100+TEMUGURUH!AL100 -> 27
A103: B | B103: JUMLAH SUARA SAH PARTAI POLITIK DAN CALON (A1 + A2) | E103: =SUM(E93:E102) -> 1708
A105: A.1 | B105: 6. | C105: Partai Buruh | E105: =GENDOH!AG105+JAMBEWANGI!BR105+KARANGSARI!AX105+SEMPU!Y105+TEGALARUM!AA105+TEMUASRI!AJ105+TEMUGURUH!AL105 -> 117
A106: A.2 | B106: 1 | C106: 1. KHOIRUL ANAM | E106: =GENDOH!AG106+JAMBEWANGI!BR106+KARANGSARI!AX106+SEMPU!Y106+TEGALARUM!AA106+TEMUASRI!AJ106+TEMUGURUH!AL106 -> 63
B107: 2 | C107: 2. INA KURNIA | E107: =GENDOH!AG107+JAMBEWANGI!BR107+KARANGSARI!AX107+SEMPU!Y107+TEGALARUM!AA107+TEMUASRI!AJ107+TEMUGURUH!AL107 -> 44
B108: 3 | C108: 3. JIBRAL TAROUK | E108: =GENDOH!AG108+JAMBEWANGI!BR108+KARANGSARI!AX108+SEMPU!Y108+TEGALARUM!AA108+TEMUASRI!AJ108+TEMUGURUH!AL108 -> 21
B109: 4 | C109: 4. ASTUTI DAENG PUJI | E109: =GENDOH!AG109+JAMBEWANGI!BR109+KARANGSARI!AX109+SEMPU!Y109+TEGALARUM!AA109+TEMUASRI!AJ109+TEMUGURUH!AL109 -> 7
B110: 5 | C110: 5. ASDARMAWAN | E110: =GENDOH!AG110+JAMBEWANGI!BR110+KARANGSARI!AX110+SEMPU!Y110+TEGALARUM!AA110+TEMUASRI!AJ110+TEMUGURUH!AL110 -> 6
B111: 6 | C111: 6. RIFQI MUBAROK | E111: =GENDOH!AG111+JAMBEWANGI!BR111+KARANGSARI!AX111+SEMPU!Y111+TEGALARUM!AA111+TEMUASRI!AJ111+TEMUGURUH!AL111 -> 11
B112: 7 | C112: 7. FIRNANDA ALTA MEGA | E112: =GENDOH!AG112+JAMBEWANGI!BR112+KARANGSARI!AX112+SEMPU!Y112+TEGALARUM!AA112+TEMUASRI!AJ112+TEMUGURUH!AL112 -> 1
A115: B | B115: JUMLAH SUARA SAH PARTAI POLITIK DAN CALON (A1 + A2) | E115: =SUM(E105:E114) -> 270
A117: A.1 | B117: 7. | C117: Partai Gelombang Rakyat Indonesia | E117: =GENDOH!AG117+JAMBEWANGI!BR117+KARANGSARI!AX117+SEMPU!Y117+TEGALARUM!AA117+TEMUASRI!AJ117+TEMUGURUH!AL117 -> 95
A118: A.2 | B118: 1 | C118: 1. TITI WIDORETNO WARISMAN | E118: =GENDOH!AG118+JAMBEWANGI!BR118+KARANGSARI!AX118+SEMPU!Y118+TEGALARUM!AA118+TEMUASRI!AJ118+TEMUGURUH!AL118 -> 43
B119: 2 | C119: 2. MAMIEK SETYANINGSIH | E119: =GENDOH!AG119+JAMBEWANGI!BR119+KARANGSARI!AX119+SEMPU!Y119+TEGALARUM!AA119+TEMUASRI!AJ119+TEMUGURUH!AL119 -> 18
B120: 3 | C120: 3. ROMIL AZIZEN | E120: =GENDOH!AG120+JAMBEWANGI!BR120+KARANGSARI!AX120+SEMPU!Y120+TEGALARUM!AA120+TEMUASRI!AJ120+TEMUGURUH!AL120 -> 10
A127: B | B127: JUMLAH SUARA SAH PARTAI POLITIK DAN CALON (A1 + A2) | E127: =SUM(E117:E126) -> 166
A129: A.1 | B129: 8. | C129: Partai Keadilan Sejahtera | E129: =GENDOH!AG129+JAMBEWANGI!BR129+KARANGSARI!AX129+SEMPU!Y129+TEGALARUM!AA129+TEMUASRI!AJ129+TEMUGURUH!AL129 -> 277
A130: A.2 | B130: 1 | C130: 1. H. SAIMI SALEH, S.E., M.M. | E130: =GENDOH!AG130+JAMBEWANGI!BR130+KARANGSARI!AX130+SEMPU!Y130+TEGALARUM!AA130+TEMUASRI!AJ130+TEMUGURUH!AL130 -> 796
B131: 2 | C131: 2. Prof. Dr. H. EGGI SUDJANA, S.H., M.Si. | E131: =GENDOH!AG131+JAMBEWANGI!BR131+KARANGSARI!AX131+SEMPU!Y131+TEGALARUM!AA131+TEMUASRI!AJ131+TEMUGURUH!AL131 -> 172
B132: 3 | C132: 3. NURUL KHOTIMAH | E132: =GENDOH!AG132+JAMBEWANGI!BR132+KARANGSARI!AX132+SEMPU!Y132+TEGALARUM!AA132+TEMUASRI!AJ132+TEMUGURUH!AL132 -> 28
B133: 4 | C133: 4. AKHMAD SUYANTO, S.T., M.T. | E133: =GENDOH!AG133+JAMBEWANGI!BR133+KARANGSARI!AX133+SEMPU!Y133+TEGALARUM!AA133+TEMUASRI!AJ133+TEMUGURUH!AL133 -> 14
B134: 5 | C134: 5. PUJIYATNI | E134: =GENDOH!AG134+JAMBEWANGI!BR134+KARANGSARI!AX134+SEMPU!Y134+TEGALARUM!AA134+TEMUASRI!AJ134+TEMUGURUH!AL134 -> 19
B135: 6 | C135: 6. HENI PURWATININGSIH | E135: =GENDOH!AG135+JAMBEWANGI!BR135+KARANGSARI!AX135+SEMPU!Y135+TEGALARUM!AA135+TEMUASRI!AJ135+TEMUGURUH!AL135 -> 18
B136: 7 | C136: 7. MUHADI | E136: =GENDOH!AG136+JAMBEWANGI!BR136+KARANGSARI!AX136+SEMPU!Y136+TEGALARUM!AA136+TEMUASRI!AJ136+TEMUGURUH!AL136 -> 7
A139: B | B139: JUMLAH SUARA SAH PARTAI POLITIK DAN CALON (A1 + A2) | E139: =SUM(E129:E138) -> 1331
...

Sheet SEMPU
C2: Kecamatan | D2: SEMPU
C3: Kabupaten | D3: BANYUWANGI
C4: Provinsi | D4: JAWA TIMUR
C9: Kelurahan | D9: SEMPU
A12: I | B12: DATA PEMILIH DAN PENGGUNAAN HAK PILIH | Y12: JUMLAH AKHIR
A13: A | B13: DATA PEMILIH | E13: TPS 001 | F13: TPS 002 | G13: TPS 003 | H13: TPS 004 | I13: TPS 005 | J13: TPS 006 | K13: TPS 007 | L13: TPS 008 | M13: TPS 009 | N13: TPS 010 | O13: TPS 011 | P13: TPS 012 | Q13: TPS 013 | R13: TPS 014 | S13: TPS 015 | T13: TPS 016 | U13: TPS 017 | V13: TPS 018 | W13: TPS 019 | X13: TPS 020
B14: Jumlah Pemilih dalam Daftar Pemilih Tetap (DPT) | D14: LK | E14: 131 | F14: 133 | G14: 87 | H14: 116 | I14: 126 | J14: 145 | K14: 80 | L14: 103 | M14: 142 | N14: 129 | O14: 151 | P14: 129 | Q14: 136 | R14: 109 | S14: 132 | T14: 141 | U14: 134 | V14: 99 | W14: 108 | X14: 79 | Y14: =SUM(E14:X14) -> 2410
D15: PR | E15: 140 | F15: 146 | G15: 106 | H15: 107 | I15: 133 | J15: 145 | K15: 104 | L15: 99 | M15: 135 | N15: 146 | O15: 135 | P15: 148 | Q15: 149 | R15: 120 | S15: 143 | T15: 142 | U15: 129 | V15: 112 | W15: 133 | X15: 71 | Y15: =SUM(E15:X15) -> 2543
D16: JML | E16: =SUM(E14:E15) -> 271 | F16: =SUM(F14:F15) -> 279 | G16: =SUM(G14:G15) -> 193 | H16: =SUM(H14:H15) -> 223 | I16: =SUM(I14:I15) -> 259 | J16: =SUM(J14:J15) -> 290 | K16: =SUM(K14:K15) -> 184 | L16: =SUM(L14:L15) -> 202 | ... X16: =SUM(X14:X15) -> 150 | Y16: =SUM(E16:X16) -> 4953
A18: B | B18: PENGGUNA HAK PILIH
B19: 1. | C19: Jumlah pengguna hak pilih dalam Daftar Pemilih Tetap (DPT) | D19: LK | E19: 108 | F19: 92 | G19: 68 | H19: 84 | I19: 96 | J19: 100 | K19: 55 | L19: 86 | M19: 112 | N19: 96 | O19: 113 | P19: 97 | Q19: 99 | R19: 85 | S19: 95 | T19: 99 | U19: 103 | V19: 76 | W19: 77 | X19: 62 | Y19: =SUM(E19:X19) -> 1803
D20: PR | E20: 106 | F20: 114 | G20: 86 | H20: 86 | I20: 101 | J20: 114 | K20: 77 | L20: 82 | M20: 112 | N20: 112 | O20: 109 | P20: 127 | Q20: 116 | R20: 91 | S20: 117 | T20: 108 | U20: 109 | V20: 92 | W20: 107 | X20: 62 | Y20: =SUM(E20:X20) -> 2028
D21: JML | E21: =SUM(E19:E20) -> 214 | F21: =SUM(F19:F20) -> 206 | G21: =SUM(G19:G20) -> 154 | H21: =SUM(H19:H20) -> 170 | I21: =SUM(I19:I20) -> 197 | J21: =SUM(J19:J20) -> 214 | K21: =SUM(K19:K20) -> 132 | L21: =SUM(L19:L20) -> 168 | ... X21: =SUM(X19:X20) -> 124 | Y21: =SUM(E21:X21) -> 3831
B22: 2. | C22: Jumlah pengguna hak pilih dalam Daftar Pemilih Tambahan (DPTb) | D22: LK | E22: 0 | F22: 0 | G22: 0 | H22: 0 | I22: 0 | J22: 0 | K22: 1 | L22: 0 | M22: 0 | N22: 0 | O22: 0 | P22: 0 | Q22: 0 | R22: 2 | S22: 0 | T22: 0 | U22: 0 | V22: 0 | W22: 0 | X22: 0 | Y22: =SUM(E22:X22) -> 3
D23: PR | E23: 0 | F23: 0 | G23: 0 | H23: 0 | I23: 0 | J23: 0 | K23: 4 | L23: 0 | M23: 0 | N23: 0 | O23: 0 | P23: 0 | Q23: 0 | R23: 1 | S23: 0 | T23: 0 | U23: 0 | V23: 0 | W23: 0 | X23: 0 | Y23: =SUM(E23:X23) -> 5
D24: JML | E24: =SUM(E22:E23) -> 0 | F24: =SUM(F22:F23) -> 0 | G24: =SUM(G22:G23) -> 0 | H24: =SUM(H22:H23) -> 0 | I24: =SUM(I22:I23) -> 0 | J24: =SUM(J22:J23) -> 0 | K24: =SUM(K22:K23) -> 5 | L24: =SUM(L22:L23) -> 0 | ... X24: =SUM(X22:X23) -> 0 | Y24: =SUM(E24:X24) -> 8
B25: 3. | C25: Jumlah pengguna hak pilih dalam Daftar Pemilih Khusus (DPK) | D25: LK | E25: 2 | F25: 1 | G25: 0 | H25: 3 | I25: 1 | J25: 1 | K25: 1 | L25: 1 | M25: 2 | N25: 0 | O25: 0 | P25: 1 | Q25: 1 | R25: 3 | S25: 2 | T25: 0 | U25: 10 | V25: 1 | W25: 0 | X25: 1 | Y25: =SUM(E25:X25) -> 31
D26: PR | E26: 1 | F26: 5 | G26: 0 | H26: 4 | I26: 1 | J26: 3 | K26: 0 | L26: 1 | M26: 4 | N26: 0 | O26: 0 | P26: 1 | Q26: 1 | R26: 1 | S26: 4 | T26: 1 | U26: 6 | V26: 5 | W26: 1 | X26: 1 | Y26: =SUM(E26:X26) -> 40
D27: JML | E27: =SUM(E25:E26) -> 3 | F27: =SUM(F25:F26) -> 6 | G27: =SUM(G25:G26) -> 0 | H27: =SUM(H25:H26) -> 7 | I27: =SUM(I25:I26) -> 2 | J27: =SUM(J25:J26) -> 4 | K27: =SUM(K25:K26) -> 1 | L27: =SUM(L25:L26) -> 2 | ... N27: =SUM(N25:N26) -> 0 | O27: 0 | P27: =SUM(P25:P26) -> 2 | Q27: =SUM(Q25:Q26) -> 2 | R27: =SUM(R25:R26) -> 4 | S27: =SUM(S25:S26) -> 6 | T27: =SUM(T25:T26) -> 1 | U27: =SUM(U25:U26) -> 16 | V27: =SUM(V25:V26) -> 6 | W27: =SUM(W25:W26) -> 1 | X27: =SUM(X25:X26) -> 2 | Y27: =SUM(E27:X27) -> 71
B28: 4. | C28: Jumlah Pengguna Hak Pilih (B.1+B.2+B.3) | D28: LK | E28: =SUM(E19,E22,E25) -> 110 | F28: =SUM(F19,F22,F25) -> 93 | G28: =SUM(G19,G22,G25) -> 68 | H28: =SUM(H19,H22,H25) -> 87 | I28: =SUM(I19,I22,I25) -> 97 | J28: =SUM(J19,J22,J25) -> 101 | K28: =SUM(K19,K22,K25) -> 57 | L28: =SUM(L19,L22,L25) -> 87 | ... X28: =SUM(X19,X22,X25) -> 63 | Y28: =SUM(E28:X28) -> 1837
D29: PR | E29: =SUM(E20,E23,E26) -> 107 | F29: =SUM(F20,F23,F26) -> 119 | G29: =SUM(G20,G23,G26) -> 86 | H29: =SUM(H20,H23,H26) -> 90 | I29: =SUM(I20,I23,I26) -> 102 | J29: =SUM(J20,J23,J26) -> 117 | K29: =SUM(K20,K23,K26) -> 81 | L29: =SUM(L20,L23,L26) -> 83 | ... X29: =SUM(X20,X23,X26) -> 63 | Y29: =SUM(E29:X29) -> 2073
D30: JML | E30: =SUM(E28:E29) -> 217 | F30: =SUM(F28:F29) -> 212 | G30: =SUM(G28:G29) -> 154 | H30: =SUM(H28:H29) -> 177 | I30: =SUM(I28:I29) -> 199 | J30: =SUM(J28:J29) -> 218 | K30: =SUM(K28:K29) -> 138 | L30: =SUM(L28:L29) -> 170 | ... X30: =SUM(X28:X29) -> 126 | Y30: =SUM(E30:X30) -> 3910
A32: II | B32: DATA PENGGUNAAN SURAT SUARA
A33: 1 | B33: Jumlah surat suara yang diterima, termasuk surat suara cadangan 2,5% dari DPT | E33: 260 | F33: 287 | G33: 197 | H33: 228 | I33: 265 | J33: 296 | K33: 187 | L33: 207 | M33: 283 | N33: 281 | O33: 292 | P33: 281 | Q33: 291 | R33: 233 | S33: 281 | T33: 289 | U33: 269 | V33: 236 | W33: 246 | X33: 153 | Y33: =SUM(E33:X33) -> 5062
A34: 2 | B34: Jumlah surat suara yang digunakan | E34: 217 | F34: 212 | G34: 154 | H34: 177 | I34: 199 | J34: 218 | K34: 138 | L34: 170 | M34: 230 | N34: 208 | O34: 222 | P34: 226 | Q34: 217 | R34: 183 | S34: 218 | T34: 208 | U34: 228 | V34: 174 | W34: 185 | X34: 126 | Y34: =SUM(E34:X34) -> 3910
A35: 3 | B35: Jumlah surat suara dikembalikan oleh pemilih (karena rusak atau keliru coblos) | E35: 0 | F35: 0 | G35: 0 | H35: 0 | I35: 0 | J35: 0 | K35: 0 | L35: 0 | M35: 0 | N35: 0 | O35: 0 | P35: 0 | Q35: 0 | R35: 0 | S35: 0 | T35: 1 | U35: 0 | V35: 0 | W35: 0 | X35: 0 | Y35: =SUM(E35:X35) -> 1
A36: 4 | B36: Jumlah surat suara yang tidak digunakan/tidak terpakai, termasuk sisa surat suara cadangan | E36: =E33-(E34+E35) -> 43 | F36: =F33-(F34+F35) -> 75 | G36: =G33-(G34+G35) -> 43 | H36: =H33-(H34+H35) -> 51 | I36: =I33-(I34+I35) -> 66 | J36: =J33-(J34+J35) -> 78 | K36: =K33-(K34+K35) -> 49 | L36: =L33-(L34+L35) -> 37 | ... X36: =X33-(X34+X35) -> 27 | Y36: =SUM(E36:X36) -> 1151
A38: III | B38: DATA PEMILIH DISABILITAS
B39: Jumlah seluruh Pemilih disabilitas yang menggunakan hak pilih | D39: LK | E39: 0 | F39: 1 | G39: 0 | H39: 1 | I39: 0 | J39: 0 | K39: 0 | L39: 0 | M39: 0 | N39: 0 | O39: 0 | P39: 1 | Q39: 0 | R39: 0 | S39: 0 | T39: 0 | U39: 0 | V39: 0 | W39: 0 | X39: 2 | Y39: =SUM(E39:X39) -> 5
D40: PR | E40: 0 | F40: 0 | G40: 0 | H40: 1 | I40: 0 | J40: 0 | K40: 0 | L40: 2 | M40: 0 | N40: 0 | O40: 0 | P40: 0 | Q40: 0 | R40: 0 | S40: 0 | T40: 0 | U40: 0 | V40: 0 | W40: 2 | X40: 0 | Y40: =SUM(E40:X40) -> 5
D41: JML | E41: =SUM(E39:E40) -> 0 | F41: =SUM(F39:F40) -> 1 | G41: =SUM(G39:G40) -> 0 | H41: =SUM(H39:H40) -> 2 | I41: =SUM(I39:I40) -> 0 | J41: =SUM(J39:J40) -> 0 | K41: =SUM(K39:K40) -> 0 | L41: =SUM(L39:L40) -> 2 | ... X41: =SUM(X39:X40) -> 2 | Y41: =SUM(E41:X41) -> 10
A43: IV | B43: DATA RINCIAN PEROLEHAN SUARA PASANGAN CALON BUPATI DAN WAKIL BUPATI
A44: NOMOR DAN NAMA CALON
A45: A.1 | B45: 1. | C45: Partai Kebangkitan Bangsa | E45: 2 | F45: 5 | G45: 2 | H45: 5 | I45: 9 | J45: 9 | K45: 3 | L45: 3 | M45: 5 | N45: 6 | O45: 2 | P45: 9 | Q45: 0 | R45: 4 | S45: 3 | T45: 6 | U45: 8 | V45: 6 | W45: 3 | X45: 6 | Y45: =SUM(E45:X45) -> 96
A46: A.2 | B46: 1 | C46: 1. Dr. Hj. NIHAYATUL WAFIROH, M.A. | E46: 15 | F46: 10 | G46: 5 | H46: 9 | I46: 17 | J46: 7 | K46: 3 | L46: 3 | M46: 20 | N46: 8 | O46: 3 | P46: 57 | Q46: 9 | R46: 15 | S46: 16 | T46: 15 | U46: 21 | V46: 7 | W46: 18 | X46: 5 | Y46: =SUM(E46:X46) -> 263
B47: 2 | C47: 2. H. M. NASIM KHAN | E47: 2 | F47: 3 | G47: 0 | H47: 0 | I47: 0 | J47: 0 | K47: 0 | L47: 1 | M47: 0 | N47: 2 | O47: 0 | P47: 1 | Q47: 23 | R47: 0 | S47: 2 | T47: 3 | U47: 2 | V47: 2 | W47: 2 | X47: 2 | Y47: =SUM(E47:X47) -> 45
B48: 3 | C48: 3. Dr. H. AKIK ZAMAN, M.Pd.I. | E48: 1 | F48: 0 | G48: 0 | H48: 0 | I48: 0 | J48: 0 | K48: 0 | L48: 0 | M48: 1 | N48: 0 | O48: 0 | P48: 1 | Q48: 3 | R48: 0 | S48: 0 | T48: 1 | U48: 2 | V48: 1 | W48: 0 | X48: 1 | Y48: =SUM(E48:X48) -> 11
B49: 4 | C49: 4. AHMAD RIFA'I, S.H. | E49: 1 | F49: 2 | G49: 1 | H49: 0 | I49: 0 | J49: 0 | K49: 0 | L49: 1 | M49: 0 | N49: 1 | O49: 0 | P49: 4 | Q49: 0 | R49: 1 | S49: 1 | T49: 1 | U49: 1 | V49: 1 | W49: 1 | X49: 0 | Y49: =SUM(E49:X49) -> 16
B50: 5 | C50: 5. Drs. H. MAHFUD M.N. | E50: 0 | F50: 0 | G50: 0 | H50: 0 | I50: 0 | J50: 0 | K50: 0 | L50: 1 | M50: 1 | N50: 0 | O50: 0 | P50: 2 | Q50: 0 | R50: 0 | S50: 0 | T50: 1 | U50: 2 | V50: 0 | W50: 1 | X50: 1 | Y50: =SUM(E50:X50) -> 9
B51: 6 | C51: 6. NURHAYATI, S.Pd. | E51: 0 | F51: 0 | G51: 0 | H51: 0 | I51: 0 | J51: 0 | K51: 0 | L51: 0 | M51: 0 | N51: 0 | O51: 0 | P51: 1 | Q51: 0 | R51: 1 | S51: 1 | T51: 0 | U51: 0 | V51: 0 | W51: 1 | X51: 0 | Y51: =SUM(E51:X51) -> 4
B52: 7 | C52: 7. MAFTUHA KISWAH | E52: 0 | F52: 0 | G52: 0 | H52: 0 | I52: 0 | J52: 0 | K52: 0 | L52: 0 | M52: 0 | N52: 0 | O52: 0 | P52: 0 | Q52: 0 | R52: 1 | S52: 0 | T52: 0 | U52: 0 | V52: 0 | W52: 0 | X52: 0 | Y52: =SUM(E52:X52) -> 1
Y53: =SUM(E53:X53) -> 0
Y54: =SUM(E54:X54) -> 0
A55: B | B55: JUMLAH SUARA SAH PARTAI POLITIK DAN CALON (A1 + A2) | E55: =SUM(E45:E54) -> 21 | F55: =SUM(F45:F54) -> 20 | G55: =SUM(G45:G54) -> 8 | H55: =SUM(H45:H54) -> 14 | I55: =SUM(I45:I54) -> 26 | J55: =SUM(J45:J54) -> 16 | K55: =SUM(K45:K54) -> 6 | L55: =SUM(L45:L54) -> 9 | ... Y55: =SUM(Y45:Y54) -> 445
A57: A.1 | B57: 2. | C57: Partai Gerakan Indonesia Raya | E57: 9 | F57: 10 | G57: 2 | H57: 7 | I57: 9 | J57: 9 | K57: 7 | L57: 6 | M57: 2 | N57: 12 | O57: 5 | P57: 5 | Q57: 4 | R57: 5 | S57: 6 | T57: 12 | U57: 13 | V57: 16 | W57: 3 | X57: 7 | Y57: =SUM(E57:X57) -> 149
A58: A.2 | B58: 1 | C58: 1. SUMAIL ABDULLAH | E58: 7 | F58: 19 | G58: 9 | H58: 14 | I58: 24 | J58: 8 | K58: 10 | L58: 6 | M58: 4 | N58: 42 | O58: 8 | P58: 8 | Q58: 1 | R58: 4 | S58: 3 | T58: 11 | U58: 14 | V58: 21 | W58: 23 | X58: 24 | Y58: =SUM(E58:X58) -> 260
B59: 2 | C59: 2. MUHAMMAD ALI ADRIAN SALEH | E59: 88 | F59: 4 | G59: 3 | H59: 4 | I59: 5 | J59: 3 | K59: 1 | L59: 3 | M59: 1 | N59: 14 | O59: 66 | P59: 1 | Q59: 0 | R59: 2 | S59: 52 | T59: 50 | U59: 26 | V59: 9 | W59: 57 | X59: 0 | Y59: =SUM(E59:X59) -> 389
B60: 3 | C60: 3. DURROTUN NAFISAH | E60: 1 | F60: 2 | G60: 0 | H60: 0 | I60: 5 | J60: 1 | K60: 0 | L60: 1 | M60: 0 | N60: 0 | O60: 2 | P60: 3 | Q60: 0 | R60: 0 | S60: 2 | T60: 1 | U60: 0 | V60: 0 | W60: 0 | X60: 0 | Y60: =SUM(E60:X60) -> 18
B61: 4 | C61: 4. H. EKO SUSILO NURHIDAYAT | E61: 0 | F61: 6 | G61: 3 | H61: 9 | I61: 0 | J61: 3 | K61: 2 | L61: 3 | M61: 3 | N61: 0 | O61: 3 | P61: 7 | Q61: 3 | R61: 9 | S61: 1 | T61: 1 | U61: 7 | V61: 4 | W61: 3 | X61: 0 | Y61: =SUM(E61:X61) -> 67
B62: 5 | C62: 5. KARNADI HARIJANTO, S.S. | E62: 0 | F62: 0 | G62: 1 | H62: 0 | I62: 2 | J62: 0 | K62: 0 | L62: 1 | M62: 0 | N62: 0 | O62: 0 | P62: 1 | Q62: 0 | R62: 0 | S62: 0 | T62: 1 | U62: 1 | V62: 0 | W62: 0 | X62: 0 | Y62: =SUM(E62:X62) -> 7
B63: 6 | C63: 6. NURHAYATI | E63: 0 | F63: 1 | G63: 0 | H63: 0 | I63: 0 | J63: 0 | K63: 1 | L63: 0 | M63: 0 | N63: 0 | O63: 2 | P63: 0 | Q63: 0 | R63: 0 | S63: 1 | T63: 1 | U63: 0 | V63: 0 | W63: 0 | X63: 1 | Y63: =SUM(E63:X63) -> 7
B64: 7 | C64: 7. MASHUDI | E64: 1 | F64: 0 | G64: 0 | H64: 0 | I64: 2 | J64: 3 | K64: 0 | L64: 0 | M64: 2 | N64: 1 | O64: 0 | P64: 6 | Q64: 0 | R64: 0 | S64: 0 | T64: 0 | U64: 1 | V64: 0 | W64: 0 | X64: 0 | Y64: =SUM(E64:X64) -> 16
Y65: =SUM(E65:X65) -> 0
Y66: =SUM(E66:X66) -> 0
A67: B | B67: JUMLAH SUARA SAH PARTAI POLITIK DAN CALON (A1 + A2) | E67: =SUM(E57:E66) -> 106 | F67: =SUM(F57:F66) -> 42 | G67: =SUM(G57:G66) -> 18 | H67: =SUM(H57:H66) -> 34 | I67: =SUM(I57:I66) -> 47 | J67: =SUM(J57:J66) -> 27 | K67: =SUM(K57:K66) -> 21 | L67: =SUM(L57:L66) -> 20 | ... Y67: =SUM(Y57:Y66) -> 913
A69: A.1 | B69: 3. | C69: Partai Demokrasi Indonesia Perjuangan | E69: 6 | F69: 7 | G69: 8 | H69: 11 | I69: 9 | J69: 18 | K69: 11 | L69: 10 | M69: 6 | N69: 1 | O69: 11 | P69: 1 | Q69: 6 | R69: 6 | S69: 7 | T69: 3 | U69: 4 | V69: 4 | W69: 4 | X69: 8 | Y69: =SUM(E69:X69) -> 141
A70: A.2 | B70: 1 | C70: 1. SONNY TRI DANAPARAMITA, S.H., M.H. | E70: 5 | F70: 21 | G70: 10 | H70: 19 | I70: 15 | J70: 35 | K70: 36 | L70: 29 | M70: 13 | N70: 9 | O70: 11 | P70: 5 | Q70: 25 | R70: 10 | S70: 5 | T70: 16 | U70: 24 | V70: 1 | W70: 9 | X70: 3 | Y70: =SUM(E70:X70) -> 301
B71: 2 | C71: 2. H. MOHAMAD GUNTUR ROMLI | E71: 0 | F71: 1 | G71: 1 | H71: 3 | I71: 2 | J71: 3 | K71: 1 | L71: 5 | M71: 0 | N71: 0 | O71: 3 | P71: 2 | Q71: 0 | R71: 3 | S71: 1 | T71: 1 | U71: 0 | V71: 1 | W71: 0 | X71: 0 | Y71: =SUM(E71:X71) -> 27
B72: 3 | C72: 3. INA AMMANIA | E72: 2 | F72: 1 | G72: 2 | H72: 8 | I72: 2 | J72: 6 | K72: 3 | L72: 1 | M72: 1 | N72: 1 | O72: 27 | P72: 3 | Q72: 3 | R72: 3 | S72: 5 | T72: 8 | U72: 2 | V72: 1 | W72: 1 | X72: 0 | Y72: =SUM(E72:X72) -> 80
B73: 4 | C73: 4. IRWAN BACHTIAR RACHMAT, M.Si. | E73: 0 | F73: 0 | G73: 0 | H73: 0 | I73: 0 | J73: 0 | K73: 0 | L73: 0 | M73: 0 | N73: 0 | O73: 0 | P73: 0 | Q73: 0 | R73: 0 | S73: 1 | T73: 0 | U73: 1 | V73: 1 | W73: 0 | X73: 0 | Y73: =SUM(E73:X73) -> 3
B74: 5 | C74: 5. LUCKY PERDANA | E74: 4 | F74: 2 | G74: 22 | H74: 20 | I74: 0 | J74: 16 | K74: 0 | L74: 15 | M74: 36 | N74: 13 | O74: 17 | P74: 15 | Q74: 13 | R74: 0 | S74: 14 | T74: 3 | U74: 12 | V74: 1 | W74: 0 | X74: 2 | Y74: =SUM(E74:X74) -> 205
B75: 6 | C75: 6. WIWIK PUJIYATI | E75: 0 | F75: 0 | G75: 0 | H75: 0 | I75: 0 | J75: 2 | K75: 0 | L75: 2 | M75: 0 | N75: 1 | O75: 0 | P75: 0 | Q75: 1 | R75: 2 | S75: 1 | T75: 1 | U75: 2 | V75: 0 | W75: 0 | X75: 0 | Y75: =SUM(E75:X75) -> 12
B76: 7 | C76: 7. CHANDRA ASTAN, S.T. | E76: 0 | F76: 0 | G76: 0 | H76: 0 | I76: 1 | J76: 0 | K76: 0 | L76: 0 | M76: 2 | N76: 1 | O76: 0 | P76: 0 | Q76: 0 | R76: 0 | S76: 0 | T76: 0 | U76: 0 | V76: 0 | W76: 0 | X76: 0 | Y76: =SUM(E76:X76) -> 4
Y77: =SUM(E77:X77) -> 0
Y78: =SUM(E78:X78) -> 0
A79: B | B79: JUMLAH SUARA SAH PARTAI POLITIK DAN CALON (A1 + A2) | E79: =SUM(E69:E78) -> 17 | F79: =SUM(F69:F78) -> 32 | G79: =SUM(G69:G78) -> 43 | H79: =SUM(H69:H78) -> 61 | I79: =SUM(I69:I78) -> 29 | J79: =SUM(J69:J78) -> 80 | K79: =SUM(K69:K78) -> 51 | L79: =SUM(L69:L78) -> 62 | ... Y79: =SUM(Y69:Y78) -> 773
A81: A.1 | B81: 4. | C81: Partai Golongan Karya | E81: 1 | F81: 6 | G81: 2 | H81: 4 | I81: 5 | J81: 1 | K81: 0 | L81: 3 | M81: 1 | N81: 7 | O81: 3 | P81: 4 | Q81: 2 | R81: 4 | S81: 5 | T81: 4 | U81: 7 | V81: 10 | W81: 0 | X81: 7 | Y81: =SUM(E81:X81) -> 76
A82: A.2 | B82: 1 | C82: 1. ZULFIKAR ARSE SADIKIN, S.I.P., M.Si. | E82: 8 | F82: 28 | G82: 5 | H82: 0 | I82: 9 | J82: 6 | K82: 1 | L82: 0 | M82: 1 | N82: 28 | O82: 3 | P82: 19 | Q82: 4 | R82: 0 | S82: 8 | T82: 6 | U82: 8 | V82: 22 | W82: 4 | X82: 15 | Y82: =SUM(E82:X82) -> 175
B83: 2 | C83: 2. HANDOKO | E83: 6 | F83: 15 | G83: 14 | H83: 4 | I83: 8 | J83: 4 | K83: 2 | L83: 9 | M83: 21 | N83: 14 | O83: 7 | P83: 4 | Q83: 16 | R83: 24 | S83: 16 | T83: 5 | U83: 9 | V83: 36 | W83: 18 | X83: 6 | Y83: =SUM(E83:X83) -> 238
B84: 3 | C84: 3. Hj. OVI DEWI YANTI | E84: 0 | F84: 1 | G84: 0 | H84: 1 | I84: 1 | J84: 0 | K84: 1 | L84: 0 | M84: 0 | N84: 2 | O84: 0 | P84: 0 | Q84: 0 | R84: 1 | S84: 0 | T84: 0 | U84: 0 | V84: 1 | W84: 0 | X84: 4 | Y84: =SUM(E84:X84) -> 12
B85: 4 | C85: 4. Ir. AZAM AZMAN NATAWIJANA | E85: 1 | F85: 0 | G85: 1 | H85: 1 | I85: 0 | J85: 0 | K85: 0 | L85: 0 | M85: 1 | N85: 2 | O85: 2 | P85: 0 | Q85: 1 | R85: 0 | S85: 0 | T85: 1 | U85: 0 | V85: 2 | W85: 1 | X85: 0 | Y85: =SUM(E85:X85) -> 13
B86: 5 | C86: 5. UBAIDILLAH AMIN, S.Kom. | E86: 2 | F86: 4 | G86: 1 | H86: 0 | I86: 1 | J86: 0 | K86: 0 | L86: 0 | M86: 0 | N86: 0 | O86: 0 | P86: 1 | Q86: 0 | R86: 0 | S86: 0 | T86: 0 | U86: 1 | V86: 0 | W86: 1 | X86: 0 | Y86: =SUM(E86:X86) -> 11
B87: 6 | C87: 6. DENNY YUNIANDARI, S.H., M.Kn. | E87: 1 | F87: 0 | G87: 1 | H87: 0 | I87: 1 | J87: 0 | K87: 0 | L87: 0 | M87: 1 | N87: 0 | O87: 0 | P87: 0 | Q87: 0 | R87: 0 | S87: 0 | T87: 0 | U87: 0 | V87: 0 | W87: 0 | X87: 0 | Y87: =SUM(E87:X87) -> 4
B88: 7 | C88: 7. ERNADI, S.H.I. | E88: 0 | F88: 1 | G88: 0 | H88: 0 | I88: 0 | J88: 0 | K88: 0 | L88: 0 | M88: 0 | N88: 0 | O88: 0 | P88: 0 | Q88: 0 | R88: 0 | S88: 0 | T88: 0 | U88: 0 | V88: 0 | W88: 0 | X88: 0 | Y88: =SUM(E88:X88) -> 1
Y89: =SUM(E89:X89) -> 0
Y90: =SUM(E90:X90) -> 0
A91: B | B91: JUMLAH SUARA SAH PARTAI POLITIK DAN CALON (A1 + A2) | E91: =SUM(E81:E90) -> 19 | F91: =SUM(F81:F90) -> 55 | G91: =SUM(G81:G90) -> 24 | H91: =SUM(H81:H90) -> 10 | I91: =SUM(I81:I90) -> 25 | J91: =SUM(J81:J90) -> 11 | K91: =SUM(K81:K90) -> 4 | L91: =SUM(L81:L90) -> 12 | ... Y91: =SUM(Y81:Y90) -> 530
A93: A.1 | B93: 5. | C93: Partai NasDem | E93: 1 | F93: 1 | G93: 2 | H93: 1 | I93: 2 | J93: 2 | K93: 1 | L93: 3 | M93: 0 | N93: 4 | O93: 4 | P93: 3 | Q93: 2 | R93: 2 | S93: 2 | T93: 9 | U93: 4 | V93: 2 | W93: 0 | X93: 3 | Y93: =SUM(E93:X93) -> 48
A94: A.2 | B94: 1 | C94: 1. ACH. FADIL MUZAKKI SYAH | E94: 2 | F94: 1 | G94: 2 | H94: 0 | I94: 2 | J94: 2 | K94: 1 | L94: 2 | M94: 1 | N94: 7 | O94: 3 | P94: 3 | Q94: 3 | R94: 2 | S94: 4 | T94: 6 | U94: 6 | V94: 1 | W94: 3 | X94: 4 | Y94: =SUM(E94:X94) -> 55
B95: 2 | C95: 2. BENY | E95: 0 | F95: 0 | G95: 0 | H95: 0 | I95: 0 | J95: 0 | K95: 0 | L95: 0 | M95: 0 | N95: 0 | O95: 0 | P95: 1 | Q95: 0 | R95: 0 | S95: 1 | T95: 4 | U95: 0 | V95: 0 | W95: 1 | X95: 0 | Y95: =SUM(E95:X95) -> 7
B96: 3 | C96: 3. VINA VERONIKA | E96: 0 | F96: 0 | G96: 0 | H96: 0 | I96: 0 | J96: 0 | K96: 0 | L96: 1 | M96: 0 | N96: 0 | O96: 1 | P96: 0 | Q96: 0 | R96: 2 | S96: 0 | T96: 0 | U96: 0 | V96: 0 | W96: 0 | X96: 1 | Y96: =SUM(E96:X96) -> 5
B97: 4 | C97: 4. TEDDY ANUGRIANTO | E97: 0 | F97: 0 | G97: 0 | H97: 0 | I97: 0 | J97: 1 | K97: 0 | L97: 0 | M97: 0 | N97: 0 | O97: 0 | P97: 0 | Q97: 2 | R97: 0 | S97: 0 | T97: 0 | U97: 0 | V97: 2 | W97: 1 | X97: 0 | Y97: =SUM(E97:X97) -> 6
B98: 5 | C98: 5. INSAN KAMIL | E98: 0 | F98: 0 | G98: 0 | H98: 1 | I98: 0 | J98: 0 | K98: 2 | L98: 0 | M98: 0 | N98: 0 | O98: 0 | P98: 0 | Q98: 0 | R98: 0 | S98: 0 | T98: 0 | U98: 0 | V98: 0 | W98: 0 | X98: 0 | Y98: =SUM(E98:X98) -> 3
B99: 6 | C99: 6. LILIK LINDARWATI | E99: 0 | F99: 0 | G99: 0 | H99: 0 | I99: 0 | J99: 0 | K99: 0 | L99: 2 | M99: 0 | N99: 0 | O99: 0 | P99: 0 | Q99: 0 | R99: 0 | S99: 0 | T99: 0 | U99: 1 | V99: 0 | W99: 1 | X99: 0 | Y99: =SUM(E99:X99) -> 4
B100: 7 | C100: 7. YULI ANITA | E100: 0 | F100: 0 | G100: 0 | H100: 0 | I100: 0 | J100: 1 | K100: 0 | L100: 0 | M100: 0 | N100: 0 | O100: 0 | P100: 0 | Q100: 0 | R100: 1 | S100: 0 | T100: 0 | U100: 0 | V100: 0 | W100: 1 | X100: 0 | Y100: =SUM(E100:X100) -> 3
Y101: =SUM(E101:X101) -> 0
Y102: =SUM(E102:X102) -> 0
A103: B | B103: JUMLAH SUARA SAH PARTAI POLITIK DAN CALON (A1 + A2) | E103: =SUM(E93:E102) -> 3 | F103: =SUM(F93:F102) -> 2 | G103: =SUM(G93:G102) -> 4 | H103: =SUM(H93:H102) -> 2 | I103: =SUM(I93:I102) -> 4 | J103: =SUM(J93:J102) -> 6 | K103: =SUM(K93:K102) -> 4 | L103: =SUM(L93:L102) -> 8 | ... Y103: =SUM(Y93:Y102) -> 131
A105: A.1 | B105: 6. | C105: Partai Buruh | E105: 1 | F105: 0 | G105: 0 | H105: 1 | I105: 1 | J105: 0 | K105: 1 | L105: 1 | M105: 0 | N105: 0 | O105: 0 | P105: 1 | Q105: 0 | R105: 0 | S105: 0 | T105: 0 | U105: 1 | V105: 0 | W105: 0 | X105: 0 | Y105: =SUM(E105:X105) -> 7
A106: A.2 | B106: 1 | C106: 1. KHOIRUL ANAM | E106: 0 | F106: 0 | G106: 0 | H106: 0 | I106: 0 | J106: 1 | K106: 1 | L106: 1 | M106: 0 | N106: 0 | O106: 0 | P106: 0 | Q106: 0 | R106: 0 | S106: 0 | T106: 1 | U106: 0 | V106: 0 | W106: 0 | X106: 0 | Y106: =SUM(E106:X106) -> 4
B107: 2 | C107: 2. INA KURNIA | E107: 0 | F107: 0 | G107: 0 | H107: 0 | I107: 1 | J107: 0 | K107: 1 | L107: 0 | M107: 0 | N107: 1 | O107: 0 | P107: 0 | Q107: 0 | R107: 0 | S107: 0 | T107: 0 | U107: 1 | V107: 1 | W107: 1 | X107: 0 | Y107: =SUM(E107:X107) -> 6
B108: 3 | C108: 3. JIBRAL TAROUK | E108: 0 | F108: 0 | G108: 0 | H108: 0 | I108: 0 | J108: 0 | K108: 0 | L108: 1 | M108: 0 | N108: 0 | O108: 1 | P108: 0 | Q108: 0 | R108: 0 | S108: 0 | T108: 0 | U108: 0 | V108: 0 | W108: 0 | X108: 0 | Y108: =SUM(E108:X108) -> 2
B109: 4 | C109: 4. ASTUTI DAENG PUJI | E109: 0 | F109: 0 | G109: 0 | H109: 0 | I109: 0 | J109: 0 | K109: 0 | L109: 0 | M109: 0 | N109: 0 | O109: 0 | P109: 0 | Q109: 0 | R109: 0 | S109: 0 | T109: 0 | U109: 0 | V109: 0 | W109: 0 | X109: 0 | Y109: =SUM(E109:X109) -> 0
B110: 5 | C110: 5. ASDARMAWAN | E110: 0 | F110: 0 | G110: 0 | H110: 0 | I110: 0 | J110: 0 | K110: 0 | L110: 0 | M110: 0 | N110: 0 | O110: 0 | P110: 0 | Q110: 0 | R110: 1 | S110: 0 | T110: 1 | U110: 0 | V110: 0 | W110: 0 | X110: 0 | Y110: =SUM(E110:X110) -> 2
B111: 6 | C111: 6. RIFQI MUBAROK | E111: 0 | F111: 1 | G111: 0 | H111: 0 | I111: 0 | J111: 0 | K111: 0 | L111: 0 | M111: 0 | N111: 0 | O111: 0 | P111: 0 | Q111: 0 | R111: 0 | S111: 0 | T111: 0 | U111: 1 | V111: 0 | W111: 0 | X111: 0 | Y111: =SUM(E111:X111) -> 2
B112: 7 | C112: 7. FIRNANDA ALTA MEGA | E112: 0 | F112: 0 | G112: 0 | H112: 0 | I112: 0 | J112: 0 | K112: 0 | L112: 0 | M112: 0 | N112: 0 | O112: 0 | P112: 0 | Q112: 0 | R112: 0 | S112: 0 | T112: 0 | U112: 0 | V112: 0 | W112: 0 | X112: 0 | Y112: =SUM(E112:X112) -> 0
Y113: =SUM(E113:X113) -> 0
Y114: =SUM(E114:X114) -> 0
A115: B | B115: JUMLAH SUARA SAH PARTAI POLITIK DAN CALON (A1 + A2) | E115: =SUM(E105:E114) -> 1 | F115: =SUM(F105:F114) -> 1 | G115: =SUM(G105:G114) -> 0 | H115: =SUM(H105:H114) -> 1 | I115: =SUM(I105:I114) -> 2 | J115: =SUM(J105:J114) -> 1 | K115: =SUM(K105:K114) -> 3 | L115: =SUM(L105:L114) -> 3 | ... Y115: =SUM(Y105:Y114) -> 23
A117: A.1 | B117: 7. | C117: Partai Gelombang Rakyat Indonesia | E117: 0 | F117: 0 | G117: 0 | H117: 0 | I117: 0 | J117: 1 | K117: 1 | L117: 0 | M117: 0 | N117: 1 | O117: 1 | P117: 1 | Q117: 0 | R117: 0 | S117: 0 | T117: 0 | U117: 1 | V117: 0 | W117: 0 | X117: 1 | Y117: =SUM(E117:X117) -> 7
...

Sheet JAMBEWANGI
C2: Kecamatan | D2: SEMPU
C3: Kabupaten | D3: BANYUWANGI
C4: Provinsi | D4: JAWA TIMUR
C9: Kelurahan | D9: JAMBEWANGI
A12: I | B12: DATA PEMILIH DAN PENGGUNAAN HAK PILIH | BR12: JUMLAH AKHIR
A13: A | B13: DATA PEMILIH | E13: TPS 001 | F13: TPS 002 | G13: TPS 003 | H13: TPS 004 | I13: TPS 005 | J13: TPS 006 | K13: TPS 007 | L13: TPS 008 | M13: TPS 009 | N13: TPS 010 | O13: TPS 011 | P13: TPS 012 | Q13: TPS 013 | R13: TPS 014 | S13: TPS 015 | T13: TPS 016 | U13: TPS 017 | V13: TPS 018 | W13: TPS 019 | X13: TPS 020 | Y13: TPS 021 | Z13: TPS 022 | AA13: TPS 023 | AB13: TPS 024 | AC13: TPS 025 | AD13: TPS 026 | AE13: TPS 027 | AF13: TPS 028 | AG13: TPS 029 | AH13: TPS 030 | AI13: TPS 031 | AJ13: TPS 032 | AK13: TPS 033 | AL13: TPS 034 | AM13: TPS 035 | AN13: TPS 036 | AO13: TPS 037 | AP13: TPS 038 | AQ13: TPS 039 | AR13: TPS 040 | AS13: TPS 041 | AT13: TPS 042 | AU13: TPS 043 | AV13: TPS 044 | AW13: TPS 045 | AX13: TPS 046 | AY13: TPS 047 | AZ13: TPS 048 | BA13: TPS 049 | BB13: TPS 050 | BC13: TPS 051 | BD13: TPS 052 | BE13: TPS 053 | BF13: TPS 054 | BG13: TPS 055 | BH13: TPS 056 | BI13: TPS 057 | BJ13: TPS 058 | BK13: TPS 059 | BL13: TPS 060 | BM13: TPS 061 | BN13: TPS 062 | BO13: TPS 063 | BP13: TPS 064 | BQ13: TPS 065
B14: Jumlah Pemilih dalam Daftar Pemilih Tetap (DPT) | D14: LK | E14: 122 | F14: 121 | G14: 102 | H14: 136 | I14: 143 | J14: 138 | K14: 140 | L14: 114 | M14: 153 | N14: 150 | O14: 146 | P14: 146 | Q14: 136 | R14: 131 | S14: 140 | T14: 142 | U14: 139 | V14: 147 | W14: 140 | X14: 143 | Y14: 143 | Z14: 162 | AA14: 144 | AB14: 145 | AC14: 155 | AD14: 149 | AE14: 157 | AF14: 146 | AG14: 138 | AH14: 145 | AI14: 145 | AJ14: 144 | AK14: 143 | AL14: 133 | AM14: 122 | AN14: 160 | AO14: 153 | AP14: 139 | AQ14: 136 | AR14: 105 | AS14: 115 | AT14: 112 | AU14: 147 | AV14: 126 | AW14: 120 | AX14: 142 | AY14: 144 | AZ14: 140 | BA14: 137 | BB14: 94 | BC14: 108 | BD14: 146 | BE14: 110 | BF14: 132 | BG14: 146 | BH14: 122 | BI14: 126 | BJ14: 140 | BK14: 124 | BL14: 153 | BM14: 132 | BN14: 149 | BO14: 142 | BP14: 146 | BQ14: 133 | BR14: =SUM(E14:BQ14) -> 8879
D15: PR | E15: 118 | F15: 102 | G15: 97 | H15: 144 | I15: 136 | J15: 129 | K15: 142 | L15: 135 | M15: 137 | N15: 144 | O15: 147 | P15: 147 | Q15: 154 | R15: 143 | S15: 141 | T15: 151 | U15: 141 | V15: 132 | W15: 137 | X15: 128 | Y15: 146 | Z15: 136 | AA15: 145 | AB15: 143 | AC15: 136 | AD15: 147 | AE15: 139 | AF15: 149 | AG15: 138 | AH15: 143 | AI15: 139 | AJ15: 147 | AK15: 143 | AL15: 107 | AM15: 121 | AN15: 136 | AO15: 141 | AP15: 143 | AQ15: 142 | AR15: 122 | AS15: 133 | AT15: 103 | AU15: 126 | AV15: 120 | AW15: 132 | AX15: 149 | AY15: 143 | AZ15: 129 | BA15: 145 | BB15: 96 | BC15: 96 | BD15: 143 | BE15: 119 | BF15: 150 | BG15: 131 | BH15: 123 | BI15: 115 | BJ15: 137 | BK15: 132 | BL15: 144 | BM15: 125 | BN15: 141 | BO15: 143 | BP15: 139 | BQ15: 133 | BR15: =SUM(E15:BQ15) -> 8715
D16: JML | E16: =SUM(E14:E15) -> 240 | F16: =SUM(F14:F15) -> 223 | G16: =SUM(G14:G15) -> 199 | H16: =SUM(H14:H15) -> 280 | I16: =SUM(I14:I15) -> 279 | J16: =SUM(J14:J15) -> 267 | K16: =SUM(K14:K15) -> 282 | L16: =SUM(L14:L15) -> 249 | ... BQ16: =SUM(BQ14:BQ15) -> 266 | BR16: =SUM(E16:BQ16) -> 17594
A18: B | B18: PENGGUNA HAK PILIH
B19: 1. | C19: Jumlah pengguna hak pilih dalam Daftar Pemilih Tetap (DPT) | D19: LK | E19: 78 | F19: 85 | G19: 77 | H19: 90 | I19: 103 | J19: 117 | K19: 100 | L19: 82 | M19: 95 | N19: 106 | O19: 94 | P19: 103 | Q19: 88 | R19: 81 | S19: 97 | T19: 86 | U19: 100 | V19: 94 | W19: 84 | X19: 94 | Y19: 109 | Z19: 113 | AA19: 98 | AB19: 104 | AC19: 120 | AD19: 109 | AE19: 113 | AF19: 99 | AG19: 93 | AH19: 95 | AI19: 98 | AJ19: 111 | AK19: 107 | AL19: 104 | AM19: 95 | AN19: 120 | AO19: 118 | AP19: 98 | AQ19: 101 | AR19: 87 | AS19: 87 | AT19: 84 | AU19: 122 | AV19: 80 | AW19: 86 | AX19: 101 | AY19: 94 | AZ19: 98 | BA19: 105 | BB19: 62 | BC19: 81 | BD19: 104 | BE19: 82 | BF19: 101 | BG19: 122 | BH19: 95 | BI19: 101 | BJ19: 112 | BK19: 101 | BL19: 113 | BM19: 96 | BN19: 107 | BO19: 105 | BP19: 115 | BQ19: 109 | BR19: =SUM(E19:BQ19) -> 6409
D20: PR | E20: 93 | F20: 72 | G20: 76 | H20: 107 | I20: 104 | J20: 112 | K20: 112 | L20: 109 | M20: 110 | N20: 122 | O20: 108 | P20: 115 | Q20: 120 | R20: 118 | S20: 108 | T20: 104 | U20: 108 | V20: 96 | W20: 103 | X20: 92 | Y20: 111 | Z20: 107 | AA20: 110 | AB20: 100 | AC20: 115 | AD20: 115 | AE20: 102 | AF20: 122 | AG20: 98 | AH20: 105 | AI20: 102 | AJ20: 116 | AK20: 111 | AL20: 93 | AM20: 98 | AN20: 101 | AO20: 118 | AP20: 121 | AQ20: 110 | AR20: 105 | AS20: 110 | AT20: 83 | AU20: 111 | AV20: 98 | AW20: 102 | AX20: 115 | AY20: 106 | AZ20: 99 | BA20: 109 | BB20: 66 | BC20: 86 | BD20: 119 | BE20: 101 | BF20: 122 | BG20: 108 | BH20: 103 | BI20: 98 | BJ20: 108 | BK20: 103 | BL20: 110 | BM20: 89 | BN20: 121 | BO20: 107 | BP20: 113 | BQ20: 115 | BR20: =SUM(E20:BQ20) -> 6851
D21: JML | E21: =SUM(E19:E20) -> 171 | F21: =SUM(F19:F20) -> 157 | G21: =SUM(G19:G20) -> 153 | H21: =SUM(H19:H20) -> 197 | I21: =SUM(I19:I20) -> 207 | J21: =SUM(J19:J20) -> 229 | K21: =SUM(K19:K20) -> 212 | L21: =SUM(L19:L20) -> 191 | ... BQ21: =SUM(BQ19:BQ20) -> 224 | BR21: =SUM(E21:BQ21) -> 13260
B22: 2. | C22: Jumlah pengguna hak pilih dalam Daftar Pemilih Tambahan (DPTb) | D22: LK | E22: 0 | F22: 0 | G22: 0 | H22: 0 | I22: 0 | J22: 0 | K22: 0 | L22: 0 | M22: 1 | N22: 1 | O22: 1 | P22: 1 | Q22: 0 | R22: 0 | S22: 0 | T22: 2 | U22: 0 | V22: 0 | W22: 0 | X22: 0 | Y22: 0 | Z22: 0 | AA22: 0 | AB22: 1 | AC22: 0 | AD22: 0 | AE22: 0 | AF22: 0 | AG22: 0 | AH22: 0 | AI22: 0 | AJ22: 0 | AK22: 0 | AL22: 0 | AM22: 0 | AN22: 0 | AO22: 0 | AP22: 0 | AQ22: 0 | AR22: 0 | AS22: 0 | AT22: 0 | AU22: 0 | AV22: 0 | AW22: 0 | AX22: 0 | AY22: 0 | AZ22: 0 | BA22: 0 | BB22: 1 | BC22: 0 | BD22: 0 | BE22: 0 | BF22: 0 | BG22: 0 | BH22: 0 | BI22: 0 | BJ22: 0 | BK22: 0 | BL22: 0 | BM22: 2 | BN22: 0 | BO22: 1 | BP22: 0 | BQ22: 0 | BR22: =SUM(E22:BQ22) -> 11
D23: PR | E23: 0 | F23: 0 | G23: 0 | H23: 0 | I23: 0 | J23: 0 | K23: 0 | L23: 0 | M23: 0 | N23: 1 | O23: 0 | P23: 0 | Q23: 0 | R23: 0 | S23: 0 | T23: 1 | U23: 0 | V23: 0 | W23: 0 | X23: 0 | Y23: 0 | Z23: 0 | AA23: 1 | AB23: 0 | AC23: 0 | AD23: 0 | AE23: 0 | AF23: 0 | AG23: 0 | AH23: 0 | AI23: 0 | AJ23: 0 | AK23: 0 | AL23: 0 | AM23: 0 | AN23: 0 | AO23: 1 | AP23: 0 | AQ23: 0 | AR23: 0 | AS23: 0 | AT23: 0 | AU23: 0 | AV23: 0 | AW23: 0 | AX23: 0 | AY23: 0 | AZ23: 0 | BA23: 0 | BB23: 0 | BC23: 0 | BD23: 0 | BE23: 0 | BF23: 0 | BG23: 0 | BH23: 0 | BI23: 0 | BJ23: 0 | BK23: 0 | BL23: 0 | BM23: 1 | BN23: 0 | BO23: 0 | BP23: 0 | BQ23: 0 | BR23: =SUM(E23:BQ23) -> 5
D24: JML | E24: =SUM(E22:E23) -> 0 | F24: =SUM(F22:F23) -> 0 | G24: =SUM(G22:G23) -> 0 | H24: =SUM(H22:H23) -> 0 | I24: =SUM(I22:I23) -> 0 | J24: =SUM(J22:J23) -> 0 | K24: =SUM(K22:K23) -> 0 | L24: =SUM(L22:L23) -> 0 | ... BQ24: =SUM(BQ22:BQ23) -> 0 | BR24: =SUM(E24:BQ24) -> 16
B25: 3. | C25: Jumlah pengguna hak pilih dalam Daftar Pemilih Khusus (DPK) | D25: LK | E25: 0 | F25: 2 | G25: 0 | H25: 1 | I25: 0 | J25: 0 | K25: 5 | L25: 2 | M25: 1 | N25: 3 | O25: 0 | P25: 0 | Q25: 0 | R25: 3 | S25: 1 | T25: 0 | U25: 0 | V25: 0 | W25: 0 | X25: 3 | Y25: 0 | Z25: 0 | AA25: 0 | AB25: 0 | AC25: 0 | AD25: 0 | AE25: 0 | AF25: 0 | AG25: 0 | AH25: 0 | AI25: 0 | AJ25: 0 | AK25: 0 | AL25: 0 | AM25: 1 | AN25: 2 | AO25: 3 | AP25: 0 | AQ25: 1 | AR25: 0 | AS25: 1 | AT25: 0 | AU25: 0 | AV25: 16 | AW25: 0 | AX25: 0 | AY25: 1 | AZ25: 0 | BA25: 0 | BB25: 0 | BC25: 2 | BD25: 0 | BE25: 0 | BF25: 4 | BG25: 1 | BH25: 2 | BI25: 0 | BJ25: 0 | BK25: 0 | BL25: 0 | BM25: 0 | BN25: 0 | BO25: 0 | BP25: 0 | BQ25: 0 | BR25: =SUM(E25:BQ25) -> 55
D26: PR | E26: 0 | F26: 4 | G26: 0 | H26: 2 | I26: 0 | J26: 0 | K26: 4 | L26: 2 | M26: 2 | N26: 0 | O26: 0 | P26: 0 | Q26: 0 | R26: 1 | S26: 0 | T26: 0 | U26: 0 | V26: 0 | W26: 0 | X26: 5 | Y26: 0 | Z26: 0 | AA26: 0 | AB26: 0 | AC26: 0 | AD26: 0 | AE26: 0 | AF26: 0 | AG26: 1 | AH26: 2 | AI26: 0 | AJ26: 0 | AK26: 3 | AL26: 0 | AM26: 1 | AN26: 0 | AO26: 0 | AP26: 0 | AQ26: 1 | AR26: 0 | AS26: 2 | AT26: 0 | AU26: 0 | AV26: 17 | AW26: 0 | AX26: 0 | AY26: 1 | AZ26: 0 | BA26: 0 | BB26: 0 | BC26: 3 | BD26: 0 | BE26: 0 | BF26: 4 | BG26: 2 | BH26: 3 | BI26: 1 | BJ26: 0 | BK26: 0 | BL26: 0 | BM26: 0 | BN26: 0 | BO26: 2 | BP26: 0 | BQ26: 0 | BR26: =SUM(E26:BQ26) -> 63
D27: JML | E27: =SUM(E25:E26) -> 0 | F27: =SUM(F25:F26) -> 6 | G27: =SUM(G25:G26) -> 0 | H27: =SUM(H25:H26) -> 3 | I27: =SUM(I25:I26) -> 0 | J27: =SUM(J25:J26) -> 0 | K27: =SUM(K25:K26) -> 9 | L27: =SUM(L25:L26) -> 4 | ... BQ27: =SUM(BQ25:BQ26) -> 0 | BR27: =SUM(E27:BQ27) -> 118
B28: 4. | C28: Jumlah Pengguna Hak Pilih (B.1+B.2+B.3) | D28: LK | E28: =SUM(E19,E22,E25) -> 78 | F28: =SUM(F19,F22,F25) -> 87 | G28: =SUM(G19,G22,G25) -> 77 | H28: =SUM(H19,H22,H25) -> 91 | I28: =SUM(I19,I22,I25) -> 103 | J28: =SUM(J19,J22,J25) -> 117 | K28: =SUM(K19,K22,K25) -> 105 | L28: =SUM(L19,L22,L25) -> 84 | ... BQ28: =SUM(BQ19,BQ22,BQ25) -> 109 | BR28: =SUM(E28:BQ28) -> 6475
D29: PR | E29: =SUM(E20,E23,E26) -> 93 | F29: =SUM(F20,F23,F26) -> 76 | G29: =SUM(G20,G23,G26) -> 76 | H29: =SUM(H20,H23,H26) -> 109 | I29: =SUM(I20,I23,I26) -> 104 | J29: =SUM(J20,J23,J26) -> 112 | K29: =SUM(K20,K23,K26) -> 116 | L29: =SUM(L20,L23,L26) -> 111 | ... BQ29: =SUM(BQ20,BQ23,BQ26) -> 115 | BR29: =SUM(E29:BQ29) -> 6919
D30: JML | E30: =SUM(E28:E29) -> 171 | F30: =SUM(F28:F29) -> 163 | G30: =SUM(G28:G29) -> 153 | H30: =SUM(H28:H29) -> 200 | I30: =SUM(I28:I29) -> 207 | J30: =SUM(J28:J29) -> 229 | K30: =SUM(K28:K29) -> 221 | L30: =SUM(L28:L29) -> 195 | ... BQ30: =SUM(BQ28:BQ29) -> 224 | BR30: =SUM(E30:BQ30) -> 13394
A32: II | B32: DATA PENGGUNAAN SURAT SUARA
A33: 1 | B33: Jumlah surat suara yang diterima, termasuk surat suara cadangan 2,5% dari DPT | E33: 246 | F33: 228 | G33: 203 | H33: 286 | I33: 285 | J33: 272 | K33: 288 | L33: 254 | M33: 296 | N33: 305 | O33: 289 | P33: 299 | Q33: 287 | R33: 280 | S33: 286 | T33: 299 | U33: 276 | V33: 285 | W33: 283 | X33: 278 | Y33: 264 | Z33: 304 | AA33: 295 | AB33: 295 | AC33: 299 | AD33: 302 | AE33: 302 | AF33: 311 | AG33: 282 | AH33: 284 | AI33: 270 | AJ33: 297 | AK33: 293 | AL33: 235 | AM33: 248 | AN33: 302 | AO33: 300 | AP33: 296 | AQ33: 284 | AR33: 232 | AS33: 254 | AT33: 222 | AU33: 278 | AV33: 270 | AW33: 258 | AX33: 297 | AY33: 284 | AZ33: 274 | BA33: 289 | BB33: 194 | BC33: 209 | BD33: 304 | BE33: 234 | BF33: 288 | BG33: 283 | BH33: 250 | BI33: 246 | BJ33: 283 | BK33: 262 | BL33: 300 | BM33: 263 | BN33: 316 | BO33: 291 | BP33: 291 | BQ33: 272 | BR33: =SUM(E33:BQ33) -> 17932
A34: 2 | B34: Jumlah surat suara yang digunakan | E34: 171 | F34: 163 | G34: 153 | H34: 200 | I34: 207 | J34: 229 | K34: 221 | L34: 195 | M34: 209 | N34: 233 | O34: 203 | P34: 219 | Q34: 208 | R34: 203 | S34: 206 | T34: 193 | U34: 208 | V34: 190 | W34: 187 | X34: 194 | Y34: 220 | Z34: 220 | AA34: 209 | AB34: 205 | AC34: 235 | AD34: 224 | AE34: 215 | AF34: 221 | AG34: 192 | AH34: 202 | AI34: 200 | AJ34: 227 | AK34: 221 | AL34: 197 | AM34: 195 | AN34: 223 | AO34: 240 | AP34: 219 | AQ34: 213 | AR34: 192 | AS34: 200 | AT34: 167 | AU34: 233 | AV34: 211 | AW34: 188 | AX34: 216 | AY34: 202 | AZ34: 197 | BA34: 214 | BB34: 129 | BC34: 172 | BD34: 223 | BE34: 183 | BF34: 231 | BG34: 233 | BH34: 203 | BI34: 200 | BJ34: 220 | BK34: 204 | BL34: 223 | BM34: 188 | BN34: 228 | BO34: 215 | BP34: 228 | BQ34: 224 | BR34: =SUM(E34:BQ34) -> 13394
A35: 3 | B35: Jumlah surat suara dikembalikan oleh pemilih (karena rusak atau keliru coblos) | E35: 23 | F35: 0 | G35: 0 | H35: 0 | I35: 1 | J35: 0 | K35: 0 | L35: 0 | M35: 2 | N35: 4 | O35: 0 | P35: 0 | Q35: 0 | R35: 0 | S35: 0 | T35: 0 | U35: 1 | V35: 0 | W35: 0 | X35: 2 | Y35: 1 | Z35: 0 | AA35: 0 | AB35: 0 | AC35: 6 | AD35: 0 | AE35: 0 | AF35: 1 | AG35: 1 | AH35: 0 | AI35: 1 | AJ35: 0 | AK35: 1 | AL35: 1 | AM35: 1 | AN35: 0 | AO35: 1 | AP35: 0 | AQ35: 0 | AR35: 2 | AS35: 0 | AT35: 0 | AU35: 0 | AV35: 0 | AW35: 0 | AX35: 0 | AY35: 0 | AZ35: 0 | BA35: 0 | BB35: 0 | BC35: 14 | BD35: 0 | BE35: 0 | BF35: 1 | BG35: 0 | BH35: 1 | BI35: 0 | BJ35: 0 | BK35: 2 | BL35: 0 | BM35: 0 | BN35: 0 | BO35: 0 | BP35: 0 | BQ35: 0 | BR35: =SUM(E35:BQ35) -> 67
A36: 4 | B36: Jumlah surat suara yang tidak digunakan/tidak terpakai, termasuk sisa surat suara cadangan | E36: =E33-(E34+E35) -> 52 | F36: =F33-(F34+F35) -> 65 | G36: =G33-(G34+G35) -> 50 | H36: =H33-(H34+H35) -> 86 | I36: =I33-(I34+I35) -> 77 | J36: =J33-(J34+J35) -> 43 | K36: =K33-(K34+K35) -> 67 | L36: =L33-(L34+L35) -> 59 | ... BQ36: =BQ33-(BQ34+BQ35) -> 48 | BR36: =SUM(E36:BQ36) -> 4471
A38: III | B38: DATA PEMILIH DISABILITAS
B39: Jumlah seluruh Pemilih disabilitas yang menggunakan hak pilih | D39: LK | E39: 0 | F39: 1 | G39: 1 | H39: 0 | I39: 0 | J39: 0 | K39: 0 | L39: 0 | M39: 0 | N39: 0 | O39: 0 | P39: 0 | Q39: 0 | R39: 1 | S39: 0 | T39: 0 | U39: 2 | V39: 0 | W39: 0 | X39: 1 | Y39: 0 | Z39: 0 | AA39: 0 | AB39: 0 | AC39: 0 | AD39: 0 | AE39: 0 | AF39: 0 | AG39: 1 | AH39: 0 | AI39: 0 | AJ39: 0 | AK39: 1 | AL39: 0 | AM39: 0 | AN39: 0 | AO39: 2 | AP39: 0 | AQ39: 1 | AR39: 0 | AS39: 0 | AT39: 0 | AU39: 0 | AV39: 0 | AW39: 0 | AX39: 0 | AY39: 1 | AZ39: 0 | BA39: 0 | BB39: 0 | BC39: 0 | BD39: 1 | BE39: 0 | BF39: 0 | BG39: 0 | BH39: 1 | BI39: 1 | BJ39: 0 | BK39: 0 | BL39: 1 | BM39: 0 | BN39: 0 | BO39: 0 | BP39: 0 | BQ39: 0 | BR39: =SUM(E39:BQ39) -> 16
D40: PR | E40: 0 | F40: 1 | G40: 0 | H40: 0 | I40: 0 | J40: 2 | K40: 0 | L40: 0 | M40: 0 | N40: 0 | O40: 0 | P40: 0 | Q40: 0 | R40: 0 | S40: 1 | T40: 0 | U40: 2 | V40: 0 | W40: 0 | X40: 1 | Y40: 0 | Z40: 1 | AA40: 0 | AB40: 0 | AC40: 0 | AD40: 0 | AE40: 0 | AF40: 0 | AG40: 0 | AH40: 0 | AI40: 0 | AJ40: 0 | AK40: 0 | AL40: 0 | AM40: 0 | AN40: 0 | AO40: 0 | AP40: 0 | AQ40: 0 | AR40: 0 | AS40: 0 | AT40: 0 | AU40: 0 | AV40: 0 | AW40: 0 | AX40: 0 | AY40: 0 | AZ40: 1 | BA40: 0 | BB40: 0 | BC40: 0 | BD40: 1 | BE40: 0 | BF40: 0 | BG40: 0 | BH40: 0 | BI40: 1 | BJ40: 0 | BK40: 0 | BL40: 2 | BM40: 0 | BN40: 1 | BO40: 0 | BP40: 0 | BQ40: 0 | BR40: =SUM(E40:BQ40) -> 14
D41: JML | E41: =SUM(E39:E40) -> 0 | F41: =SUM(F39:F40) -> 2 | G41: =SUM(G39:G40) -> 1 | H41: =SUM(H39:H40) -> 0 | I41: =SUM(I39:I40) -> 0 | J41: =SUM(J39:J40) -> 2 | K41: =SUM(K39:K40) -> 0 | L41: =SUM(L39:L40) -> 0 | ... BQ41: =SUM(BQ39:BQ40) -> 0 | BR41: =SUM(E41:BQ41) -> 30
A43: IV | B43: DATA RINCIAN PEROLEHAN SUARA PASANGAN CALON BUPATI DAN WAKIL BUPATI
A44: NOMOR DAN NAMA CALON
A45: A.1 | B45: 1. | C45: Partai Kebangkitan Bangsa | E45: 2 | F45: 3 | G45: 5 | H45: 7 | I45: 5 | J45: 7 | K45: 6 | L45: 3 | M45: 7 | N45: 0 | O45: 4 | P45: 7 | Q45: 5 | R45: 3 | S45: 15 | T45: 8 | U45: 12 | V45: 8 | W45: 16 | X45: 26 | Y45: 23 | Z45: 5 | AA45: 11 | AB45: 7 | AC45: 4 | AD45: 9 | AE45: 8 | AF45: 22 | AG45: 8 | AH45: 10 | AI45: 6 | AJ45: 8 | AK45: 9 | AL45: 5 | AM45: 10 | AN45: 8 | AO45: 7 | AP45: 11 | AQ45: 5 | AR45: 6 | AS45: 6 | AT45: 4 | AU45: 2 | AV45: 15 | AW45: 7 | AX45: 11 | AY45: 14 | AZ45: 10 | BA45: 15 | BB45: 5 | BC45: 4 | BD45: 6 | BE45: 6 | BF45: 13 | BG45: 9 | BH45: 5 | BI45: 8 | BJ45: 4 | BK45: 2 | BL45: 4 | BM45: 2 | BN45: 4 | BO45: 5 | BP45: 4 | BQ45: 4 | BR45: =SUM(E45:BQ45) -> 500
A46: A.2 | B46: 1 | C46: 1. Dr. Hj. NIHAYATUL WAFIROH, M.A. | E46: 12 | F46: 15 | G46: 2 | H46: 5 | I46: 14 | J46: 25 | K46: 3 | L46: 8 | M46: 15 | N46: 16 | O46: 21 | P46: 11 | Q46: 16 | R46: 2 | S46: 27 | T46: 27 | U46: 20 | V46: 15 | W46: 35 | X46: 17 | Y46: 30 | Z46: 15 | AA46: 27 | AB46: 10 | AC46: 14 | AD46: 14 | AE46: 41 | AF46: 54 | AG46: 25 | AH46: 40 | AI46: 27 | AJ46: 24 | AK46: 20 | AL46: 8 | AM46: 5 | AN46: 12 | AO46: 16 | AP46: 31 | AQ46: 8 | AR46: 50 | AS46: 8 | AT46: 11 | AU46: 17 | AV46: 38 | AW46: 58 | AX46: 40 | AY46: 59 | AZ46: 34 | BA46: 17 | BB46: 14 | BC46: 29 | BD46: 51 | BE46: 43 | BF46: 30 | BG46: 47 | BH46: 21 | BI46: 7 | BJ46: 5 | BK46: 8 | BL46: 9 | BM46: 10 | BN46: 9 | BO46: 3 | BP46: 20 | BQ46: 18 | BR46: =SUM(E46:BQ46) -> 1383
B47: 2 | C47: 2. H. M. NASIM KHAN | E47: 0 | F47: 1 | G47: 0 | H47: 1 | I47: 1 | J47: 5 | K47: 0 | L47: 0 | M47: 0 | N47: 1 | O47: 1 | P47: 1 | Q47: 0 | R47: 2 | S47: 0 | T47: 7 | U47: 0 | V47: 4 | W47: 5 | X47: 4 | Y47: 3 | Z47: 4 | AA47: 0 | AB47: 4 | AC47: 0 | AD47: 2 | AE47: 1 | AF47: 0 | AG47: 2 | AH47: 2 | AI47: 4 | AJ47: 6 | AK47: 1 | AL47: 0 | AM47: 0 | AN47: 2 | AO47: 1 | AP47: 2 | AQ47: 2 | AR47: 9 | AS47: 3 | AT47: 0 | AU47: 0 | AV47: 3 | AW47: 1 | AX47: 0 | AY47: 2 | AZ47: 4 | BA47: 4 | BB47: 0 | BC47: 0 | BD47: 2 | BE47: 0 | BF47: 1 | BG47: 5 | BH47: 0 | BI47: 0 | BJ47: 2 | BK47: 0 | BL47: 3 | BM47: 0 | BN47: 4 | BO47: 0 | BP47: 6 | BQ47: 2 | BR47: =SUM(E47:BQ47) -> 120
B48: 3 | C48: 3. Dr. H. AKIK ZAMAN, M.Pd.I. | E48: 0 | F48: 0 | G48: 0 | H48: 0 | I48: 0 | J48: 1 | K48: 0 | L48: 0 | M48: 0 | N48: 1 | O48: 0 | P48: 2 | Q48: 0 | R48: 0 | S48: 1 | T48: 1 | U48: 0 | V48: 0 | W48: 2 | X48: 1 | Y48: 1 | Z48: 1 | AA48: 0 | AB48: 0 | AC48: 1 | AD48: 0 | AE48: 0 | AF48: 4 | AG48: 2 | AH48: 1 | AI48: 1 | AJ48: 0 | AK48: 1 | AL48: 0 | AM48: 0 | AN48: 0 | AO48: 1 | AP48: 2 | AQ48: 0 | AR48: 2 | AS48: 0 | AT48: 0 | AU48: 2 | AV48: 1 | AW48: 2 | AX48: 0 | AY48: 1 | AZ48: 1 | BA48: 3 | BB48: 0 | BC48: 1 | BD48: 0 | BE48: 0 | BF48: 1 | BG48: 4 | BH48: 0 | BI48: 0 | BJ48: 0 | BK48: 0 | BL48: 0 | BM48: 0 | BN48: 1 | BO48: 0 | BP48: 0 | BQ48: 0 | BR48: =SUM(E48:BQ48) -> 43
B49: 4 | C49: 4. AHMAD RIFA'I, S.H. | E49: 0 | F49: 0 | G49: 0 | H49: 0 | I49: 0 | J49: 0 | K49: 0 | L49: 0 | M49: 0 | N49: 2 | O49: 1 | P49: 1 | Q49: 2 | R49: 1 | S49: 7 | T49: 2 | U49: 2 | V49: 1 | W49: 0 | X49: 1 | Y49: 0 | Z49: 0 | AA49: 1 | AB49: 0 | AC49: 1 | AD49: 0 | AE49: 0 | AF49: 1 | AG49: 1 | AH49: 0 | AI49: 1 | AJ49: 2 | AK49: 3 | AL49: 1 | AM49: 1 | AN49: 0 | AO49: 4 | AP49: 1 | AQ49: 1 | AR49: 3 | AS49: 1 | AT49: 0 | AU49: 0 | AV49: 1 | AW49: 0 | AX49: 1 | AY49: 4 | AZ49: 4 | BA49: 1 | BB49: 1 | BC49: 0 | BD49: 1 | BE49: 1 | BF49: 0 | BG49: 0 | BH49: 0 | BI49: 0 | BJ49: 1 | BK49: 1 | BL49: 1 | BM49: 0 | BN49: 0 | BO49: 2 | BP49: 2 | BQ49: 0 | BR49: =SUM(E49:BQ49) -> 63
B50: 5 | C50: 5. Drs. H. MAHFUD M.N. | E50: 0 | F50: 0 | G50: 0 | H50: 1 | I50: 0 | J50: 0 | K50: 1 | L50: 0 | M50: 0 | N50: 1 | O50: 1 | P50: 0 | Q50: 0 | R50: 0 | S50: 1 | T50: 1 | U50: 2 | V50: 0 | W50: 2 | X50: 3 | Y50: 1 | Z50: 1 | AA50: 7 | AB50: 1 | AC50: 1 | AD50: 0 | AE50: 0 | AF50: 1 | AG50: 1 | AH50: 0 | AI50: 0 | AJ50: 1 | AK50: 0 | AL50: 0 | AM50: 2 | AN50: 0 | AO50: 1 | AP50: 0 | AQ50: 1 | AR50: 1 | AS50: 0 | AT50: 0 | AU50: 0 | AV50: 1 | AW50: 0 | AX50: 1 | AY50: 0 | AZ50: 4 | BA50: 1 | BB50: 0 | BC50: 0 | BD50: 1 | BE50: 0 | BF50: 0 | BG50: 0 | BH50: 0 | BI50: 0 | BJ50: 0 | BK50: 0 | BL50: 1 | BM50: 0 | BN50: 0 | BO50: 0 | BP50: 0 | BQ50: 0 | BR50: =SUM(E50:BQ50) -> 41
B51: 6 | C51: 6. NURHAYATI, S.Pd. | E51: 0 | F51: 0 | G51: 0 | H51: 1 | I51: 0 | J51: 0 | K51: 0 | L51: 0 | M51: 0 | N51: 0 | O51: 1 | P51: 0 | Q51: 1 | R51: 1 | S51: 1 | T51: 4 | U51: 1 | V51: 1 | W51: 3 | X51: 2 | Y51: 4 | Z51: 1 | AA51: 8 | AB51: 2 | AC51: 1 | AD51: 1 | AE51: 0 | AF51: 0 | AG51: 1 | AH51: 3 | AI51: 1 | AJ51: 0 | AK51: 0 | AL51: 0 | AM51: 1 | AN51: 0 | AO51: 2 | AP51: 0 | AQ51: 0 | AR51: 1 | AS51: 0 | AT51: 0 | AU51: 0 | AV51: 0 | AW51: 1 | AX51: 0 | AY51: 1 | AZ51: 1 | BA51: 0 | BB51: 0 | BC51: 2 | BD51: 1 | BE51: 0 | BF51: 2 | BG51: 1 | BH51: 2 | BI51: 1 | BJ51: 0 | BK51: 0 | BL51: 0 | BM51: 0 | BN51: 1 | BO51: 0 | BP51: 1 | BQ51: 0 | BR51: =SUM(E51:BQ51) -> 56
B52: 7 | C52: 7. MAFTUHA KISWAH | E52: 0 | F52: 0 | G52: 1 | H52: 0 | I52: 0 | J52: 0 | K52: 0 | L52: 0 | M52: 0 | N52: 0 | O52: 0 | P52: 0 | Q52: 1 | R52: 1 | S52: 0 | T52: 2 | U52: 1 | V52: 0 | W52: 0 | X52: 0 | Y52: 1 | Z52: 1 | AA52: 1 | AB52: 0 | AC52: 0 | AD52: 0 | AE52: 0 | AF52: 0 | AG52: 0 | AH52: 0 | AI52: 0 | AJ52: 0 | AK52: 0 | AL52: 0 | AM52: 0 | AN52: 0 | AO52: 0 | AP52: 0 | AQ52: 0 | AR52: 0 | AS52: 0 | AT52: 0 | AU52: 0 | AV52: 0 | AW52: 0 | AX52: 0 | AY52: 0 | AZ52: 0 | BA52: 0 | BB52: 0 | BC52: 0 | BD52: 0 | BE52: 0 | BF52: 0 | BG52: 0 | BH52: 0 | BI52: 0 | BJ52: 0 | BK52: 0 | BL52: 0 | BM52: 0 | BN52: 0 | BO52: 0 | BP52: 0 | BQ52: 0 | BR52: =SUM(E52:BQ52) -> 9
BR53: =SUM(E53:BQ53) -> 0
BR54: =SUM(E54:BQ54) -> 0
A55: B | B55: JUMLAH SUARA SAH PARTAI POLITIK DAN CALON (A1 + A2) | E55: =SUM(E45:E54) -> 14 | F55: =SUM(F45:F54) -> 19 | G55: =SUM(G45:G54) -> 8 | H55: =SUM(H45:H54) -> 15 | I55: =SUM(I45:I54) -> 20 | J55: =SUM(J45:J54) -> 38 | K55: =SUM(K45:K54) -> 10 | L55: =SUM(L45:L54) -> 11 | ... BR55: =SUM(BR45:BR54) -> 2215
A57: A.1 | B57: 2. | C57: Partai Gerakan Indonesia Raya | E57: 5 | F57: 5 | G57: 5 | H57: 12 | I57: 4 | J57: 6 | K57: 9 | L57: 5 | M57: 5 | N57: 0 | O57: 5 | P57: 4 | Q57: 9 | R57: 17 | S57: 4 | T57: 2 | U57: 7 | V57: 4 | W57: 6 | X57: 6 | Y57: 16 | Z57: 9 | AA57: 6 | AB57: 7 | AC57: 8 | AD57: 5 | AE57: 3 | AF57: 1 | AG57: 8 | AH57: 12 | AI57: 3 | AJ57: 4 | AK57: 3 | AL57: 6 | AM57: 9 | AN57: 24 | AO57: 16 | AP57: 6 | AQ57: 8 | AR57: 2 | AS57: 2 | AT57: 4 | AU57: 5 | AV57: 9 | AW57: 4 | AX57: 5 | AY57: 2 | AZ57: 5 | BA57: 4 | BB57: 1 | BC57: 8 | BD57: 4 | BE57: 2 | BF57: 8 | BG57: 13 | BH57: 12 | BI57: 8 | BJ57: 9 | BK57: 8 | BL57: 12 | BM57: 6 | BN57: 7 | BO57: 17 | BP57: 6 | BQ57: 7 | BR57: =SUM(E57:BQ57) -> 444
A58: A.2 | B58: 1 | C58: 1. SUMAIL ABDULLAH | E58: 6 | F58: 4 | G58: 1 | H58: 2 | I58: 8 | J58: 5 | K58: 3 | L58: 3 | M58: 3 | N58: 6 | O58: 3 | P58: 2 | Q58: 24 | R58: 7 | S58: 5 | T58: 2 | U58: 4 | V58: 4 | W58: 6 | X58: 2 | Y58: 14 | Z58: 2 | AA58: 9 | AB58: 7 | AC58: 5 | AD58: 11 | AE58: 1 | AF58: 3 | AG58: 6 | AH58: 16 | AI58: 10 | AJ58: 5 | AK58: 6 | AL58: 18 | AM58: 16 | AN58: 18 | AO58: 15 | AP58: 5 | AQ58: 4 | AR58: 4 | AS58: 10 | AT58: 7 | AU58: 2 | AV58: 5 | AW58: 1 | AX58: 1 | AY58: 10 | AZ58: 5 | BA58: 10 | BB58: 8 | BC58: 11 | BD58: 15 | BE58: 7 | BF58: 14 | BG58: 18 | BH58: 8 | BI58: 9 | BJ58: 10 | BK58: 20 | BL58: 10 | BM58: 8 | BN58: 16 | BO58: 11 | BP58: 8 | BQ58: 12 | BR58: =SUM(E58:BQ58) -> 511
B59: 2 | C59: 2. MUHAMMAD ALI ADRIAN SALEH | E59: 12 | F59: 1 | G59: 0 | H59: 3 | I59: 2 | J59: 16 | K59: 5 | L59: 3 | M59: 4 | N59: 2 | O59: 5 | P59: 5 | Q59: 4 | R59: 5 | S59: 4 | T59: 2 | U59: 3 | V59: 0 | W59: 0 | X59: 1 | Y59: 2 | Z59: 1 | AA59: 5 | AB59: 2 | AC59: 5 | AD59: 1 | AE59: 3 | AF59: 1 | AG59: 4 | AH59: 2 | AI59: 4 | AJ59: 4 | AK59: 2 | AL59: 2 | AM59: 5 | AN59: 10 | AO59: 6 | AP59: 3 | AQ59: 14 | AR59: 2 | AS59: 2 | AT59: 2 | AU59: 2 | AV59: 2 | AW59: 5 | AX59: 1 | AY59: 13 | AZ59: 14 | BA59: 2 | BB59: 3 | BC59: 10 | BD59: 4 | BE59: 2 | BF59: 40 | BG59: 40 | BH59: 12 | BI59: 19 | BJ59: 26 | BK59: 2 | BL59: 115 | BM59: 34 | BN59: 6 | BO59: 20 | BP59: 27 | BQ59: 58 | BR59: =SUM(E59:BQ59) -> 616
B60: 3 | C60: 3. DURROTUN NAFISAH | E60: 1 | F60: 1 | G60: 0 | H60: 1 | I60: 0 | J60: 2 | K60: 0 | L60: 1 | M60: 0 | N60: 1 | O60: 0 | P60: 1 | Q60: 3 | R60: 1 | S60: 0 | T60: 1 | U60: 1 | V60: 0 | W60: 2 | X60: 0 | Y60: 0 | Z60: 3 | AA60: 0 | AB60: 0 | AC60: 1 | AD60: 1 | AE60: 0 | AF60: 0 | AG60: 1 | AH60: 0 | AI60: 3 | AJ60: 4 | AK60: 1 | AL60: 1 | AM60: 0 | AN60: 1 | AO60: 3 | AP60: 1 | AQ60: 1 | AR60: 0 | AS60: 1 | AT60: 1 | AU60: 1 | AV60: 3 | AW60: 1 | AX60: 0 | AY60: 0 | AZ60: 0 | BA60: 3 | BB60: 0 | BC60: 0 | BD60: 0 | BE60: 0 | BF60: 0 | BG60: 1 | BH60: 3 | BI60: 0 | BJ60: 1 | BK60: 1 | BL60: 0 | BM60: 2 | BN60: 3 | BO60: 1 | BP60: 0 | BQ60: 2 | BR60: =SUM(E60:BQ60) -> 61
B61: 4 | C61: 4. H. EKO SUSILO NURHIDAYAT | E61: 2 | F61: 1 | G61: 4 | H61: 8 | I61: 18 | J61: 3 | K61: 1 | L61: 1 | M61: 1 | N61: 1 | O61: 2 | P61: 0 | Q61: 3 | R61: 2 | S61: 2 | T61: 8 | U61: 11 | V61: 19 | W61: 11 | X61: 10 | Y61: 9 | Z61: 74 | AA61: 10 | AB61: 15 | AC61: 3 | AD61: 9 | AE61: 0 | AF61: 1 | AG61: 6 | AH61: 2 | AI61: 9 | AJ61: 2 | AK61: 2 | AL61: 0 | AM61: 3 | AN61: 3 | AO61: 4 | AP61: 4 | AQ61: 14 | AR61: 0 | AS61: 5 | AT61: 3 | AU61: 10 | AV61: 5 | AW61: 0 | AX61: 4 | AY61: 4 | AZ61: 8 | BA61: 4 | BB61: 2 | BC61: 9 | BD61: 9 | BE61: 11 | BF61: 5 | BG61: 2 | BH61: 1 | BI61: 4 | BJ61: 23 | BK61: 16 | BL61: 1 | BM61: 2 | BN61: 13 | BO61: 1 | BP61: 7 | BQ61: 3 | BR61: =SUM(E61:BQ61) -> 430
B62: 5 | C62: 5. KARNADI HARIJANTO, S.S. | E62: 0 | F62: 0 | G62: 0 | H62: 0 | I62: 1 | J62: 1 | K62: 0 | L62: 0 | M62: 0 | N62: 0 | O62: 0 | P62: 0 | Q62: 0 | R62: 1 | S62: 0 | T62: 0 | U62: 0 | V62: 0 | W62: 0 | X62: 1 | Y62: 0 | Z62: 0 | AA62: 1 | AB62: 0 | AC62: 0 | AD62: 0 | AE62: 0 | AF62: 0 | AG62: 0 | AH62: 0 | AI62: 0 | AJ62: 0 | AK62: 0 | AL62: 0 | AM62: 0 | AN62: 0 | AO62: 0 | AP62: 0 | AQ62: 0 | AR62: 0 | AS62: 0 | AT62: 1 | AU62: 0 | AV62: 0 | AW62: 0 | AX62: 1 | AY62: 0 | AZ62: 1 | BA62: 0 | BB62: 0 | BC62: 0 | BD62: 2 | BE62: 0 | BF62: 0 | BG62: 1 | BH62: 0 | BI62: 0 | BJ62: 0 | BK62: 2 | BL62: 1 | BM62: 0 | BN62: 1 | BO62: 0 | BP62: 1 | BQ62: 0 | BR62: =SUM(E62:BQ62) -> 16
B63: 6 | C63: 6. NURHAYATI | E63: 1 | F63: 0 | G63: 0 | H63: 2 | I63: 1 | J63: 0 | K63: 1 | L63: 0 | M63: 1 | N63: 1 | O63: 1 | P63: 0 | Q63: 0 | R63: 0 | S63: 0 | T63: 0 | U63: 1 | V63: 1 | W63: 1 | X63: 0 | Y63: 0 | Z63: 1 | AA63: 2 | AB63: 1 | AC63: 0 | AD63: 1 | AE63: 1 | AF63: 0 | AG63: 2 | AH63: 1 | AI63: 1 | AJ63: 1 | AK63: 0 | AL63: 0 | AM63: 2 | AN63: 1 | AO63: 1 | AP63: 1 | AQ63: 1 | AR63: 0 | AS63: 1 | AT63: 1 | AU63: 2 | AV63: 2 | AW63: 0 | AX63: 0 | AY63: 0 | AZ63: 0 | BA63: 2 | BB63: 1 | BC63: 2 | BD63: 2 | BE63: 0 | BF63: 2 | BG63: 0 | BH63: 1 | BI63: 4 | BJ63: 0 | BK63: 3 | BL63: 0 | BM63: 0 | BN63: 0 | BO63: 0 | BP63: 0 | BQ63: 0 | BR63: =SUM(E63:BQ63) -> 51
B64: 7 | C64: 7. MASHUDI | E64: 0 | F64: 0 | G64: 0 | H64: 1 | I64: 0 | J64: 0 | K64: 1 | L64: 0 | M64: 0 | N64: 0 | O64: 0 | P64: 1 | Q64: 0 | R64: 0 | S64: 0 | T64: 0 | U64: 0 | V64: 1 | W64: 0 | X64: 0 | Y64: 1 | Z64: 0 | AA64: 0 | AB64: 0 | AC64: 0 | AD64: 0 | AE64: 0 | AF64: 0 | AG64: 1 | AH64: 2 | AI64: 0 | AJ64: 0 | AK64: 0 | AL64: 1 | AM64: 2 | AN64: 2 | AO64: 0 | AP64: 0 | AQ64: 1 | AR64: 0 | AS64: 0 | AT64: 0 | AU64: 0 | AV64: 0 | AW64: 1 | AX64: 1 | AY64: 0 | AZ64: 0 | BA64: 0 | BB64: 0 | BC64: 0 | BD64: 1 | BE64: 0 | BF64: 0 | BG64: 1 | BH64: 1 | BI64: 0 | BJ64: 0 | BK64: 0 | BL64: 0 | BM64: 0 | BN64: 0 | BO64: 0 | BP64: 0 | BQ64: 0 | BR64: =SUM(E64:BQ64) -> 19
BR65: =SUM(E65:BQ65) -> 0
BR66: =SUM(E66:BQ66) -> 0
A67: B | B67: JUMLAH SUARA SAH PARTAI POLITIK DAN CALON (A1 + A2) | E67: =SUM(E57:E66) -> 27 | F67: =SUM(F57:F66) -> 12 | G67: =SUM(G57:G66) -> 10 | H67: =SUM(H57:H66) -> 29 | I67: =SUM(I57:I66) -> 34 | J67: =SUM(J57:J66) -> 33 | K67: =SUM(K57:K66) -> 20 | L67: =SUM(L57:L66) -> 13 | ... BR67: =SUM(BR57:BR66) -> 2148
A69: A.1 | B69: 3. | C69: Partai Demokrasi Indonesia Perjuangan | E69: 6 | F69: 7 | G69: 2 | H69: 22 | I69: 5 | J69: 6 | K69: 23 | L69: 12 | M69: 17 | N69: 0 | O69: 19 | P69: 16 | Q69: 8 | R69: 10 | S69: 10 | T69: 9 | U69: 12 | V69: 10 | W69: 11 | X69: 12 | Y69: 10 | Z69: 2 | AA69: 4 | AB69: 5 | AC69: 11 | AD69: 14 | AE69: 10 | AF69: 7 | AG69: 5 | AH69: 1 | AI69: 5 | AJ69: 5 | AK69: 9 | AL69: 8 | AM69: 11 | AN69: 12 | AO69: 14 | AP69: 4 | AQ69: 19 | AR69: 4 | AS69: 5 | AT69: 5 | AU69: 3 | AV69: 4 | AW69: 7 | AX69: 10 | AY69: 6 | AZ69: 0 | BA69: 2 | BB69: 5 | BC69: 4 | BD69: 3 | BE69: 0 | BF69: 7 | BG69: 13 | BH69: 5 | BI69: 18 | BJ69: 19 | BK69: 8 | BL69: 1 | BM69: 10 | BN69: 10 | BO69: 11 | BP69: 5 | BQ69: 12 | BR69: =SUM(E69:BQ69) -> 550
A70: A.2 | B70: 1 | C70: 1. SONNY TRI DANAPARAMITA, S.H., M.H. | E70: 8 | F70: 15 | G70: 2 | H70: 17 | I70: 3 | J70: 14 | K70: 17 | L70: 8 | M70: 10 | N70: 8 | O70: 6 | P70: 14 | Q70: 17 | R70: 24 | S70: 21 | T70: 28 | U70: 23 | V70: 16 | W70: 19 | X70: 20 | Y70: 9 | Z70: 7 | AA70: 21 | AB70: 16 | AC70: 36 | AD70: 35 | AE70: 34 | AF70: 16 | AG70: 18 | AH70: 10 | AI70: 11 | AJ70: 21 | AK70: 4 | AL70: 5 | AM70: 17 | AN70: 11 | AO70: 21 | AP70: 11 | AQ70: 20 | AR70: 4 | AS70: 6 | AT70: 6 | AU70: 28 | AV70: 28 | AW70: 11 | AX70: 30 | AY70: 8 | AZ70: 23 | BA70: 5 | BB70: 7 | BC70: 16 | BD70: 42 | BE70: 21 | BF70: 11 | BG70: 17 | BH70: 12 | BI70: 9 | BJ70: 13 | BK70: 23 | BL70: 2 | BM70: 15 | BN70: 14 | BO70: 12 | BP70: 22 | BQ70: 6 | BR70: =SUM(E70:BQ70) -> 1004
B71: 2 | C71: 2. H. MOHAMAD GUNTUR ROMLI | E71: 1 | F71: 1 | G71: 1 | H71: 1 | I71: 2 | J71: 4 | K71: 3 | L71: 3 | M71: 4 | N71: 3 | O71: 3 | P71: 2 | Q71: 1 | R71: 0 | S71: 1 | T71: 1 | U71: 2 | V71: 2 | W71: 2 | X71: 0 | Y71: 1 | Z71: 1 | AA71: 0 | AB71: 3 | AC71: 2 | AD71: 0 | AE71: 1 | AF71: 6 | AG71: 6 | AH71: 16 | AI71: 5 | AJ71: 10 | AK71: 14 | AL71: 36 | AM71: 17 | AN71: 10 | AO71: 4 | AP71: 40 | AQ71: 39 | AR71: 9 | AS71: 24 | AT71: 33 | AU71: 1 | AV71: 2 | AW71: 2 | AX71: 0 | AY71: 2 | AZ71: 2 | BA71: 1 | BB71: 0 | BC71: 1 | BD71: 0 | BE71: 1 | BF71: 4 | BG71: 1 | BH71: 1 | BI71: 7 | BJ71: 2 | BK71: 8 | BL71: 0 | BM71: 2 | BN71: 5 | BO71: 1 | BP71: 2 | BQ71: 1 | BR71: =SUM(E71:BQ71) -> 360
B72: 3 | C72: 3. INA AMMANIA | E72: 3 | F72: 15 | G72: 3 | H72: 11 | I72: 1 | J72: 4 | K72: 44 | L72: 8 | M72: 10 | N72: 11 | O72: 55 | P72: 56 | Q72: 3 | R72: 6 | S72: 0 | T72: 0 | U72: 2 | V72: 1 | W72: 2 | X72: 0 | Y72: 0 | Z72: 1 | AA72: 0 | AB72: 1 | AC72: 2 | AD72: 1 | AE72: 1 | AF72: 3 | AG72: 1 | AH72: 2 | AI72: 2 | AJ72: 2 | AK72: 4 | AL72: 39 | AM72: 7 | AN72: 8 | AO72: 7 | AP72: 1 | AQ72: 5 | AR72: 3 | AS72: 1 | AT72: 0 | AU72: 6 | AV72: 6 | AW72: 35 | AX72: 34 | AY72: 9 | AZ72: 16 | BA72: 17 | BB72: 0 | BC72: 0 | BD72: 0 | BE72: 0 | BF72: 3 | BG72: 10 | BH72: 7 | BI72: 2 | BJ72: 6 | BK72: 4 | BL72: 0 | BM72: 5 | BN72: 3 | BO72: 1 | BP72: 0 | BQ72: 2 | BR72: =SUM(E72:BQ72) -> 492
B73: 4 | C73: 4. IRWAN BACHTIAR RACHMAT, M.Si. | E73: 0 | F73: 0 | G73: 0 | H73: 0 | I73: 0 | J73: 0 | K73: 2 | L73: 1 | M73: 1 | N73: 2 | O73: 1 | P73: 0 | Q73: 0 | R73: 0 | S73: 1 | T73: 0 | U73: 1 | V73: 0 | W73: 1 | X73: 0 | Y73: 1 | Z73: 0 | AA73: 0 | AB73: 0 | AC73: 0 | AD73: 1 | AE73: 1 | AF73: 0 | AG73: 0 | AH73: 0 | AI73: 0 | AJ73: 2 | AK73: 1 | AL73: 1 | AM73: 0 | AN73: 3 | AO73: 0 | AP73: 0 | AQ73: 1 | AR73: 0 | AS73: 0 | AT73: 0 | AU73: 0 | AV73: 0 | AW73: 1 | AX73: 0 | AY73: 2 | AZ73: 0 | BA73: 0 | BB73: 0 | BC73: 0 | BD73: 0 | BE73: 0 | BF73: 2 | BG73: 0 | BH73: 5 | BI73: 1 | BJ73: 2 | BK73: 0 | BL73: 0 | BM73: 1 | BN73: 0 | BO73: 1 | BP73: 1 | BQ73: 0 | BR73: =SUM(E73:BQ73) -> 37
B74: 5 | C74: 5. LUCKY PERDANA | E74: 4 | F74: 1 | G74: 0 | H74: 4 | I74: 1 | J74: 2 | K74: 2 | L74: 0 | M74: 2 | N74: 2 | O74: 2 | P74: 1 | Q74: 19 | R74: 4 | S74: 0 | T74: 1 | U74: 3 | V74: 2 | W74: 4 | X74: 3 | Y74: 6 | Z74: 3 | AA74: 1 | AB74: 2 | AC74: 2 | AD74: 2 | AE74: 3 | AF74: 1 | AG74: 1 | AH74: 1 | AI74: 0 | AJ74: 2 | AK74: 2 | AL74: 1 | AM74: 2 | AN74: 0 | AO74: 8 | AP74: 3 | AQ74: 7 | AR74: 1 | AS74: 2 | AT74: 3 | AU74: 26 | AV74: 2 | AW74: 0 | AX74: 4 | AY74: 1 | AZ74: 0 | BA74: 0 | BB74: 2 | BC74: 2 | BD74: 2 | BE74: 1 | BF74: 10 | BG74: 1 | BH74: 14 | BI74: 23 | BJ74: 6 | BK74: 9 | BL74: 1 | BM74: 2 | BN74: 0 | BO74: 1 | BP74: 0 | BQ74: 2 | BR74: =SUM(E74:BQ74) -> 219
B75: 6 | C75: 6. WIWIK PUJIYATI | E75: 0 | F75: 0 | G75: 1 | H75: 1 | I75: 0 | J75: 0 | K75: 1 | L75: 0 | M75: 1 | N75: 0 | O75: 2 | P75: 1 | Q75: 1 | R75: 2 | S75: 1 | T75: 0 | U75: 2 | V75: 0 | W75: 0 | X75: 0 | Y75: 0 | Z75: 1 | AA75: 1 | AB75: 0 | AC75: 4 | AD75: 1 | AE75: 0 | AF75: 0 | AG75: 0 | AH75: 0 | AI75: 1 | AJ75: 0 | AK75: 2 | AL75: 0 | AM75: 0 | AN75: 2 | AO75: 2 | AP75: 0 | AQ75: 2 | AR75: 1 | AS75: 0 | AT75: 0 | AU75: 0 | AV75: 1 | AW75: 0 | AX75: 0 | AY75: 0 | AZ75: 0 | BA75: 0 | BB75: 0 | BC75: 1 | BD75: 0 | BE75: 1 | BF75: 0 | BG75: 1 | BH75: 1 | BI75: 4 | BJ75: 2 | BK75: 0 | BL75: 1 | BM75: 0 | BN75: 1 | BO75: 0 | BP75: 1 | BQ75: 1 | BR75: =SUM(E75:BQ75) -> 45
B76: 7 | C76: 7. CHANDRA ASTAN, S.T. | E76: 0 | F76: 1 | G76: 0 | H76: 0 | I76: 0 | J76: 0 | K76: 0 | L76: 0 | M76: 0 | N76: 0 | O76: 1 | P76: 1 | Q76: 0 | R76: 0 | S76: 0 | T76: 0 | U76: 0 | V76: 0 | W76: 0 | X76: 0 | Y76: 1 | Z76: 0 | AA76: 2 | AB76: 0 | AC76: 0 | AD76: 0 | AE76: 0 | AF76: 0 | AG76: 0 | AH76: 0 | AI76: 0 | AJ76: 0 | AK76: 0 | AL76: 0 | AM76: 0 | AN76: 0 | AO76: 0 | AP76: 0 | AQ76: 0 | AR76: 0 | AS76: 1 | AT76: 0 | AU76: 0 | AV76: 0 | AW76: 0 | AX76: 1 | AY76: 0 | AZ76: 1 | BA76: 0 | BB76: 0 | BC76: 0 | BD76: 1 | BE76: 0 | BF76: 1 | BG76: 1 | BH76: 0 | BI76: 0 | BJ76: 1 | BK76: 0 | BL76: 0 | BM76: 0 | BN76: 0 | BO76: 0 | BP76: 1 | BQ76: 0 | BR76: =SUM(E76:BQ76) -> 14
BR77: =SUM(E77:BQ77) -> 0
BR78: =SUM(E78:BQ78) -> 0
A79: B | B79: JUMLAH SUARA SAH PARTAI POLITIK DAN CALON (A1 + A2) | E79: =SUM(E69:E78) -> 22 | F79: =SUM(F69:F78) -> 40 | G79: =SUM(G69:G78) -> 9 | H79: =SUM(H69:H78) -> 56 | I79: =SUM(I69:I78) -> 12 | J79: =SUM(J69:J78) -> 30 | K79: =SUM(K69:K78) -> 92 | L79: =SUM(L69:L78) -> 32 | ... BR79: =SUM(BR69:BR78) -> 2721
A81: A.1 | B81: 4. | C81: Partai Golongan Karya | E81: 7 | F81: 5 | G81: 24 | H81: 6 | I81: 6 | J81: 3 | K81: 6 | L81: 0 | M81: 6 | N81: 0 | O81: 3 | P81: 5 | Q81: 1 | R81: 10 | S81: 4 | T81: 3 | U81: 8 | V81: 14 | W81: 2 | X81: 6 | Y81: 1 | Z81: 4 | AA81: 5 | AB81: 3 | AC81: 4 | AD81: 1 | AE81: 10 | AF81: 13 | AG81: 13 | AH81: 11 | AI81: 3 | AJ81: 3 | AK81: 15 | AL81: 5 | AM81: 10 | AN81: 7 | AO81: 4 | AP81: 5 | AQ81: 2 | AR81: 0 | AS81: 15 | AT81: 5 | AU81: 3 | AV81: 0 | AW81: 1 | AX81: 2 | AY81: 2 | AZ81: 2 | BA81: 11 | BB81: 7 | BC81: 1 | BD81: 2 | BE81: 3 | BF81: 2 | BG81: 2 | BH81: 3 | BI81: 1 | BJ81: 3 | BK81: 2 | BL81: 2 | BM81: 3 | BN81: 4 | BO81: 7 | BP81: 4 | BQ81: 3 | BR81: =SUM(E81:BQ81) -> 328
A82: A.2 | B82: 1 | C82: 1. ZULFIKAR ARSE SADIKIN, S.I.P., M.Si. | E82: 44 | F82: 23 | G82: 57 | H82: 29 | I82: 47 | J82: 36 | K82: 32 | L82: 20 | M82: 36 | N82: 69 | O82: 18 | P82: 12 | Q82: 2 | R82: 3 | S82: 6 | T82: 1 | U82: 5 | V82: 5 | W82: 5 | X82: 2 | Y82: 3 | Z82: 3 | AA82: 12 | AB82: 6 | AC82: 9 | AD82: 3 | AE82: 1 | AF82: 7 | AG82: 6 | AH82: 4 | AI82: 9 | AJ82: 3 | AK82: 12 | AL82: 6 | AM82: 1 | AN82: 3 | AO82: 4 | AP82: 9 | AQ82: 3 | AR82: 2 | AS82: 45 | AT82: 58 | AU82: 1 | AV82: 5 | AW82: 1 | AX82: 3 | AY82: 1 | AZ82: 1 | BA82: 31 | BB82: 24 | BC82: 3 | BD82: 6 | BE82: 4 | BF82: 0 | BG82: 2 | BH82: 0 | BI82: 1 | BJ82: 1 | BK82: 6 | BL82: 2 | BM82: 2 | BN82: 6 | BO82: 4 | BP82: 5 | BQ82: 1 | BR82: =SUM(E82:BQ82) -> 771
B83: 2 | C83: 2. HANDOKO | E83: 4 | F83: 11 | G83: 3 | H83: 13 | I83: 3 | J83: 14 | K83: 4 | L83: 4 | M83: 10 | N83: 14 | O83: 3 | P83: 2 | Q83: 20 | R83: 13 | S83: 15 | T83: 21 | U83: 27 | V83: 20 | W83: 7 | X83: 16 | Y83: 14 | Z83: 17 | AA83: 22 | AB83: 12 | AC83: 15 | AD83: 4 | AE83: 49 | AF83: 46 | AG83: 23 | AH83: 12 | AI83: 7 | AJ83: 6 | AK83: 29 | AL83: 15 | AM83: 23 | AN83: 19 | AO83: 23 | AP83: 7 | AQ83: 17 | AR83: 9 | AS83: 29 | AT83: 8 | AU83: 70 | AV83: 21 | AW83: 8 | AX83: 6 | AY83: 1 | AZ83: 9 | BA83: 17 | BB83: 7 | BC83: 6 | BD83: 11 | BE83: 4 | BF83: 9 | BG83: 4 | BH83: 13 | BI83: 10 | BJ83: 19 | BK83: 27 | BL83: 12 | BM83: 36 | BN83: 29 | BO83: 51 | BP83: 24 | BQ83: 21 | BR83: =SUM(E83:BQ83) -> 1045
B84: 3 | C84: 3. Hj. OVI DEWI YANTI | E84: 0 | F84: 0 | G84: 1 | H84: 2 | I84: 0 | J84: 0 | K84: 1 | L84: 0 | M84: 0 | N84: 1 | O84: 1 | P84: 0 | Q84: 0 | R84: 2 | S84: 0 | T84: 1 | U84: 0 | V84: 2 | W84: 2 | X84: 0 | Y84: 0 | Z84: 0 | AA84: 0 | AB84: 1 | AC84: 1 | AD84: 0 | AE84: 0 | AF84: 2 | AG84: 1 | AH84: 2 | AI84: 2 | AJ84: 2 | AK84: 7 | AL84: 2 | AM84: 1 | AN84: 1 | AO84: 0 | AP84: 2 | AQ84: 1 | AR84: 0 | AS84: 1 | AT84: 1 | AU84: 0 | AV84: 0 | AW84: 0 | AX84: 0 | AY84: 0 | AZ84: 0 | BA84: 1 | BB84: 0 | BC84: 0 | BD84: 0 | BE84: 0 | BF84: 1 | BG84: 0 | BH84: 0 | BI84: 0 | BJ84: 0 | BK84: 1 | BL84: 3 | BM84: 1 | BN84: 1 | BO84: 0 | BP84: 0 | BQ84: 0 | BR84: =SUM(E84:BQ84) -> 48
B85: 4 | C85: 4. Ir. AZAM AZMAN NATAWIJANA | E85: 0 | F85: 1 | G85: 1 | H85: 0 | I85: 0 | J85: 0 | K85: 0 | L85: 1 | M85: 0 | N85: 1 | O85: 0 | P85: 1 | Q85: 0 | R85: 2 | S85: 0 | T85: 0 | U85: 1 | V85: 4 | W85: 1 | X85: 0 | Y85: 0 | Z85: 2 | AA85: 0 | AB85: 0 | AC85: 1 | AD85: 0 | AE85: 1 | AF85: 0 | AG85: 2 | AH85: 2 | AI85: 0 | AJ85: 0 | AK85: 5 | AL85: 0 | AM85: 3 | AN85: 0 | AO85: 0 | AP85: 2 | AQ85: 1 | AR85: 0 | AS85: 1 | AT85: 1 | AU85: 0 | AV85: 0 | AW85: 0 | AX85: 2 | AY85: 0 | AZ85: 0 | BA85: 1 | BB85: 0 | BC85: 5 | BD85: 0 | BE85: 0 | BF85: 1 | BG85: 1 | BH85: 0 | BI85: 1 | BJ85: 1 | BK85: 0 | BL85: 0 | BM85: 0 | BN85: 0 | BO85: 0 | BP85: 0 | BQ85: 0 | BR85: =SUM(E85:BQ85) -> 46
B86: 5 | C86: 5. UBAIDILLAH AMIN, S.Kom. | E86: 0 | F86: 0 | G86: 0 | H86: 1 | I86: 0 | J86: 0 | K86: 0 | L86: 0 | M86: 0 | N86: 0 | O86: 0 | P86: 1 | Q86: 0 | R86: 0 | S86: 1 | T86: 1 | U86: 0 | V86: 1 | W86: 0 | X86: 0 | Y86: 0 | Z86: 0 | AA86: 0 | AB86: 0 | AC86: 0 | AD86: 0 | AE86: 0 | AF86: 1 | AG86: 1 | AH86: 1 | AI86: 0 | AJ86: 1 | AK86: 2 | AL86: 0 | AM86: 0 | AN86: 0 | AO86: 1 | AP86: 2 | AQ86: 0 | AR86: 4 | AS86: 3 | AT86: 0 | AU86: 0 | AV86: 0 | AW86: 0 | AX86: 0 | AY86: 0 | AZ86: 0 | BA86: 0 | BB86: 0 | BC86: 0 | BD86: 0 | BE86: 1 | BF86: 3 | BG86: 2 | BH86: 0 | BI86: 0 | BJ86: 0 | BK86: 2 | BL86: 0 | BM86: 0 | BN86: 0 | BO86: 1 | BP86: 2 | BQ86: 0 | BR86: =SUM(E86:BQ86) -> 32
B87: 6 | C87: 6. DENNY YUNIANDARI, S.H., M.Kn. | E87: 0 | F87: 0 | G87: 0 | H87: 0 | I87: 0 | J87: 0 | K87: 0 | L87: 0 | M87: 1 | N87: 0 | O87: 0 | P87: 0 | Q87: 0 | R87: 0 | S87: 0 | T87: 0 | U87: 0 | V87: 1 | W87: 1 | X87: 0 | Y87: 0 | Z87: 0 | AA87: 1 | AB87: 0 | AC87: 0 | AD87: 0 | AE87: 0 | AF87: 0 | AG87: 0 | AH87: 0 | AI87: 0 | AJ87: 0 | AK87: 1 | AL87: 0 | AM87: 1 | AN87: 3 | AO87: 0 | AP87: 0 | AQ87: 0 | AR87: 0 | AS87: 0 | AT87: 0 | AU87: 0 | AV87: 1 | AW87: 0 | AX87: 0 | AY87: 1 | AZ87: 0 | BA87: 0 | BB87: 0 | BC87: 0 | BD87: 0 | BE87: 1 | BF87: 0 | BG87: 0 | BH87: 0 | BI87: 0 | BJ87: 0 | BK87: 0 | BL87: 0 | BM87: 0 | BN87: 1 | BO87: 0 | BP87: 0 | BQ87: 0 | BR87: =SUM(E87:BQ87) -> 13
B88: 7 | C88: 7. ERNADI, S.H.I. | E88: 0 | F88: 0 | G88: 0 | H88: 0 | I88: 0 | J88: 0 | K88: 0 | L88: 0 | M88: 0 | N88: 1 | O88: 0 | P88: 0 | Q88: 0 | R88: 0 | S88: 1 | T88: 0 | U88: 0 | V88: 0 | W88: 0 | X88: 0 | Y88: 0 | Z88: 0 | AA88: 0 | AB88: 0 | AC88: 0 | AD88: 0 | AE88: 0 | AF88: 0 | AG88: 0 | AH88: 0 | AI88: 0 | AJ88: 0 | AK88: 1 | AL88: 1 | AM88: 0 | AN88: 0 | AO88: 0 | AP88: 0 | AQ88: 0 | AR88: 0 | AS88: 0 | AT88: 0 | AU88: 0 | AV88: 0 | AW88: 0 | AX88: 0 | AY88: 0 | AZ88: 0 | BA88: 0 | BB88: 0 | BC88: 0 | BD88: 0 | BE88: 0 | BF88: 0 | BG88: 0 | BH88: 0 | BI88: 0 | BJ88: 0 | BK88: 0 | BL88: 0 | BM88: 0 | BN88: 0 | BO88: 0 | BP88: 0 | BQ88: 0 | BR88: =SUM(E88:BQ88) -> 4
BR89: =SUM(E89:BQ89) -> 0
BR90: =SUM(E90:BQ90) -> 0
A91: B | B91: JUMLAH SUARA SAH PARTAI POLITIK DAN CALON (A1 + A2) | E91: =SUM(E81:E90) -> 55 | F91: =SUM(F81:F90) -> 40 | G91: =SUM(G81:G90) -> 86 | H91: =SUM(H81:H90) -> 51 | I91: =SUM(I81:I90) -> 56 | J91: =SUM(J81:J90) -> 53 | K91: =SUM(K81:K90) -> 43 | L91: =SUM(L81:L90) -> 25 | ... BR91: =SUM(BR81:BR90) -> 2287
A93: A.1 | B93: 5. | C93: Partai NasDem | E93: 5 | F93: 5 | G93: 4 | H93: 3 | I93: 5 | J93: 7 | K93: 3 | L93: 0 | M93: 2 | N93: 0 | O93: 1 | P93: 0 | Q93: 2 | R93: 9 | S93: 1 | T93: 0 | U93: 2 | V93: 2 | W93: 2 | X93: 0 | Y93: 5 | Z93: 2 | AA93: 2 | AB93: 9 | AC93: 8 | AD93: 19 | AE93: 2 | AF93: 0 | AG93: 0 | AH93: 1 | AI93: 2 | AJ93: 5 | AK93: 0 | AL93: 1 | AM93: 3 | AN93: 1 | AO93: 10 | AP93: 4 | AQ93: 7 | AR93: 5 | AS93: 1 | AT93: 1 | AU93: 0 | AV93: 3 | AW93: 5 | AX93: 0 | AY93: 3 | AZ93: 2 | BA93: 2 | BB93: 1 | BC93: 5 | BD93: 5 | BE93: 3 | BF93: 13 | BG93: 1 | BH93: 6 | BI93: 7 | BJ93: 4 | BK93: 4 | BL93: 3 | BM93: 3 | BN93: 12 | BO93: 8 | BP93: 9 | BQ93: 6 | BR93: =SUM(E93:BQ93) -> 246
A94: A.2 | B94: 1 | C94: 1. ACH. FADIL MUZAKKI SYAH | E94: 6 | F94: 5 | G94: 6 | H94: 3 | I94: 3 | J94: 8 | K94: 3 | L94: 0 | M94: 2 | N94: 5 | O94: 0 | P94: 1 | Q94: 0 | R94: 5 | S94: 8 | T94: 1 | U94: 2 | V94: 2 | W94: 0 | X94: 1 | Y94: 1 | Z94: 7 | AA94: 0 | AB94: 6 | AC94: 8 | AD94: 7 | AE94: 1 | AF94: 0 | AG94: 1 | AH94: 2 | AI94: 9 | AJ94: 11 | AK94: 0 | AL94: 3 | AM94: 2 | AN94: 2 | AO94: 5 | AP94: 0 | AQ94: 2 | AR94: 5 | AS94: 2 | AT94: 0 | AU94: 0 | AV94: 2 | AW94: 2 | AX94: 3 | AY94: 3 | AZ94: 3 | BA94: 1 | BB94: 0 | BC94: 0 | BD94: 4 | BE94: 5 | BF94: 9 | BG94: 2 | BH94: 3 | BI94: 7 | BJ94: 2 | BK94: 3 | BL94: 5 | BM94: 3 | BN94: 16 | BO94: 16 | BP94: 15 | BQ94: 8 | BR94: =SUM(E94:BQ94) -> 247
B95: 2 | C95: 2. BENY | E95: 0 | F95: 0 | G95: 0 | H95: 1 | I95: 0 | J95: 0 | K95: 0 | L95: 0 | M95: 0 | N95: 0 | O95: 0 | P95: 0 | Q95: 0 | R95: 4 | S95: 2 | T95: 1 | U95: 0 | V95: 2 | W95: 0 | X95: 0 | Y95: 0 | Z95: 0 | AA95: 0 | AB95: 0 | AC95: 2 | AD95: 0 | AE95: 0 | AF95: 0 | AG95: 0 | AH95: 0 | AI95: 2 | AJ95: 1 | AK95: 1 | AL95: 0 | AM95: 1 | AN95: 1 | AO95: 3 | AP95: 0 | AQ95: 0 | AR95: 0 | AS95: 0 | AT95: 0 | AU95: 0 | AV95: 1 | AW95: 0 | AX95: 0 | AY95: 0 | AZ95: 0 | BA95: 1 | BB95: 0 | BC95: 0 | BD95: 0 | BE95: 0 | BF95: 0 | BG95: 1 | BH95: 1 | BI95: 1 | BJ95: 0 | BK95: 0 | BL95: 2 | BM95: 0 | BN95: 1 | BO95: 2 | BP95: 5 | BQ95: 2 | BR95: =SUM(E95:BQ95) -> 38
B96: 3 | C96: 3. VINA VERONIKA | E96: 2 | F96: 0 | G96: 1 | H96: 0 | I96: 0 | J96: 1 | K96: 1 | L96: 0 | M96: 1 | N96: 0 | O96: 0 | P96: 0 | Q96: 0 | R96: 3 | S96: 0 | T96: 0 | U96: 1 | V96: 0 | W96: 0 | X96: 0 | Y96: 0 | Z96: 1 | AA96: 0 | AB96: 3 | AC96: 2 | AD96: 1 | AE96: 0 | AF96: 0 | AG96: 0 | AH96: 0 | AI96: 3 | AJ96: 2 | AK96: 0 | AL96: 0 | AM96: 0 | AN96: 0 | AO96: 1 | AP96: 0 | AQ96: 1 | AR96: 1 | AS96: 0 | AT96: 0 | AU96: 0 | AV96: 0 | AW96: 0 | AX96: 0 | AY96: 0 | AZ96: 0 | BA96: 0 | BB96: 0 | BC96: 1 | BD96: 2 | BE96: 0 | BF96: 3 | BG96: 0 | BH96: 1 | BI96: 0 | BJ96: 0 | BK96: 0 | BL96: 0 | BM96: 1 | BN96: 3 | BO96: 1 | BP96: 2 | BQ96: 3 | BR96: =SUM(E96:BQ96) -> 42
B97: 4 | C97: 4. TEDDY ANUGRIANTO | E97: 0 | F97: 0 | G97: 0 | H97: 1 | I97: 1 | J97: 0 | K97: 1 | L97: 0 | M97: 0 | N97: 0 | O97: 0 | P97: 0 | Q97: 0 | R97: 0 | S97: 0 | T97: 1 | U97: 0 | V97: 0 | W97: 0 | X97: 0 | Y97: 0 | Z97: 1 | AA97: 0 | AB97: 0 | AC97: 1 | AD97: 0 | AE97: 0 | AF97: 0 | AG97: 0 | AH97: 0 | AI97: 0 | AJ97: 1 | AK97: 0 | AL97: 0 | AM97: 0 | AN97: 2 | AO97: 1 | AP97: 0 | AQ97: 1 | AR97: 1 | AS97: 0 | AT97: 0 | AU97: 2 | AV97: 0 | AW97: 0 | AX97: 0 | AY97: 1 | AZ97: 0 | BA97: 1 | BB97: 0 | BC97: 0 | BD97: 0 | BE97: 1 | BF97: 0 | BG97: 0 | BH97: 0 | BI97: 1 | BJ97: 2 | BK97: 0 | BL97: 0 | BM97: 0 | BN97: 0 | BO97: 0 | BP97: 0 | BQ97: 0 | BR97: =SUM(E97:BQ97) -> 20
B98: 5 | C98: 5. INSAN KAMIL | E98: 0 | F98: 0 | G98: 0 | H98: 0 | I98: 1 | J98: 0 | K98: 0 | L98: 0 | M98: 0 | N98: 1 | O98: 0 | P98: 0 | Q98: 0 | R98: 0 | S98: 0 | T98: 0 | U98: 1 | V98: 0 | W98: 0 | X98: 0 | Y98: 0 | Z98: 0 | AA98: 0 | AB98: 0 | AC98: 1 | AD98: 0 | AE98: 0 | AF98: 0 | AG98: 0 | AH98: 0 | AI98: 0 | AJ98: 1 | AK98: 1 | AL98: 0 | AM98: 0 | AN98: 0 | AO98: 0 | AP98: 0 | AQ98: 2 | AR98: 0 | AS98: 0 | AT98: 0 | AU98: 0 | AV98: 0 | AW98: 0 | AX98: 0 | AY98: 0 | AZ98: 0 | BA98: 0 | BB98: 0 | BC98: 0 | BD98: 2 | BE98: 0 | BF98: 0 | BG98: 0 | BH98: 0 | BI98: 0 | BJ98: 1 | BK98: 0 | BL98: 0 | BM98: 1 | BN98: 0 | BO98: 1 | BP98: 0 | BQ98: 2 | BR98: =SUM(E98:BQ98) -> 15
B99: 6 | C99: 6. LILIK LINDARWATI | E99: 1 | F99: 0 | G99: 0 | H99: 0 | I99: 0 | J99: 0 | K99: 0 | L99: 0 | M99: 1 | N99: 2 | O99: 0 | P99: 0 | Q99: 0 | R99: 0 | S99: 1 | T99: 0 | U99: 0 | V99: 2 | W99: 0 | X99: 1 | Y99: 1 | Z99: 0 | AA99: 0 | AB99: 0 | AC99: 0 | AD99: 0 | AE99: 0 | AF99: 0 | AG99: 0 | AH99: 0 | AI99: 0 | AJ99: 1 | AK99: 0 | AL99: 0 | AM99: 0 | AN99: 1 | AO99: 0 | AP99: 0 | AQ99: 0 | AR99: 0 | AS99: 0 | AT99: 0 | AU99: 0 | AV99: 0 | AW99: 0 | AX99: 1 | AY99: 0 | AZ99: 0 | BA99: 0 | BB99: 0 | BC99: 0 | BD99: 1 | BE99: 0 | BF99: 0 | BG99: 0 | BH99: 1 | BI99: 0 | BJ99: 0 | BK99: 0 | BL99: 1 | BM99: 0 | BN99: 2 | BO99: 0 | BP99: 1 | BQ99: 0 | BR99: =SUM(E99:BQ99) -> 18
B100: 7 | C100: 7. YULI ANITA | E100: 0 | F100: 1 | G100: 0 | H100: 1 | I100: 0 | J100: 0 | K100: 0 | L100: 0 | M100: 0 | N100: 1 | O100: 0 | P100: 0 | Q100: 0 | R100: 0 | S100: 0 | T100: 0 | U100: 0 | V100: 0 | W100: 0 | X100: 0 | Y100: 1 | Z100: 0 | AA100: 0 | AB100: 0 | AC100: 0 | AD100: 0 | AE100: 0 | AF100: 0 | AG100: 1 | AH100: 0 | AI100: 0 | AJ100: 0 | AK100: 0 | AL100: 0 | AM100: 0 | AN100: 0 | AO100: 0 | AP100: 0 | AQ100: 0 | AR100: 0 | AS100: 0 | AT100: 0 | AU100: 0 | AV100: 0 | AW100: 0 | AX100: 0 | AY100: 0 | AZ100: 0 | BA100: 0 | BB100: 0 | BC100: 0 | BD100: 0 | BE100: 1 | BF100: 0 | BG100: 1 | BH100: 0 | BI100: 1 | BJ100: 0 | BK100: 1 | BL100: 0 | BM100: 1 | BN100: 0 | BO100: 0 | BP100: 0 | BQ100: 0 | BR100: =SUM(E100:BQ100) -> 10
BR101: =SUM(E101:BQ101) -> 0
BR102: =SUM(E102:BQ102) -> 0
A103: B | B103: JUMLAH SUARA SAH PARTAI POLITIK DAN CALON (A1 + A2) | E103: =SUM(E93:E102) -> 14 | F103: =SUM(F93:F102) -> 11 | G103: =SUM(G93:G102) -> 11 | H103: =SUM(H93:H102) -> 9 | I103: =SUM(I93:I102) -> 10 | J103: =SUM(J93:J102) -> 16 | K103: =SUM(K93:K102) -> 8 | L103: =SUM(L93:L102) -> 0 | ... BR103: =SUM(BR93:BR102) -> 636
A105: A.1 | B105: 6. | C105: Partai Buruh | E105: 0 | F105: 0 | G105: 0 | H105: 1 | I105: 0 | J105: 0 | K105: 0 | L105: 0 | M105: 0 | N105: 0 | O105: 0 | P105: 0 | Q105: 0 | R105: 1 | S105: 1 | T105: 2 | U105: 2 | V105: 2 | W105: 3 | X105: 0 | Y105: 2 | Z105: 0 | AA105: 3 | AB105: 0 | AC105: 2 | AD105: 0 | AE105: 0 | AF105: 0 | AG105: 1 | AH105: 0 | AI105: 0 | AJ105: 0 | AK105: 0 | AL105: 0 | AM105: 0 | AN105: 1 | AO105: 0 | AP105: 1 | AQ105: 0 | AR105: 1 | AS105: 0 | AT105: 0 | AU105: 2 | AV105: 1 | AW105: 0 | AX105: 0 | AY105: 1 | AZ105: 1 | BA105: 0 | BB105: 0 | BC105: 0 | BD105: 0 | BE105: 1 | BF105: 1 | BG105: 0 | BH105: 1 | BI105: 0 | BJ105: 0 | BK105: 0 | BL105: 1 | BM105: 0 | BN105: 2 | BO105: 1 | BP105: 2 | BQ105: 1 | BR105: =SUM(E105:BQ105) -> 38
A106: A.2 | B106: 1 | C106: 1. KHOIRUL ANAM | E106: 0 | F106: 2 | G106: 0 | H106: 1 | I106: 0 | J106: 0 | K106: 0 | L106: 0 | M106: 0 | N106: 0 | O106: 0 | P106: 0 | Q106: 0 | R106: 0 | S106: 2 | T106: 0 | U106: 1 | V106: 0 | W106: 0 | X106: 1 | Y106: 1 | Z106: 0 | AA106: 1 | AB106: 1 | AC106: 0 | AD106: 0 | AE106: 1 | AF106: 1 | AG106: 0 | AH106: 1 | AI106: 2 | AJ106: 0 | AK106: 0 | AL106: 0 | AM106: 0 | AN106: 2 | AO106: 1 | AP106: 0 | AQ106: 0 | AR106: 1 | AS106: 0 | AT106: 0 | AU106: 0 | AV106: 0 | AW106: 0 | AX106: 0 | AY106: 0 | AZ106: 0 | BA106: 0 | BB106: 0 | BC106: 0 | BD106: 0 | BE106: 1 | BF106: 0 | BG106: 0 | BH106: 0 | BI106: 0 | BJ106: 0 | BK106: 0 | BL106: 0 | BM106: 2 | BN106: 0 | BO106: 0 | BP106: 1 | BQ106: 2 | BR106: =SUM(E106:BQ106) -> 25
B107: 2 | C107: 2. INA KURNIA | E107: 0 | F107: 0 | G107: 0 | H107: 0 | I107: 0 | J107: 0 | K107: 1 | L107: 0 | M107: 0 | N107: 0 | O107: 1 | P107: 0 | Q107: 0 | R107: 0 | S107: 1 | T107: 0 | U107: 0 | V107: 0 | W107: 0 | X107: 0 | Y107: 0 | Z107: 1 | AA107: 0 | AB107: 0 | AC107: 0 | AD107: 0 | AE107: 0 | AF107: 0 | AG107: 0 | AH107: 0 | AI107: 0 | AJ107: 1 | AK107: 0 | AL107: 0 | AM107: 0 | AN107: 0 | AO107: 0 | AP107: 0 | AQ107: 0 | AR107: 0 | AS107: 0 | AT107: 0 | AU107: 0 | AV107: 0 | AW107: 1 | AX107: 1 | AY107: 0 | AZ107: 0 | BA107: 0 | BB107: 0 | BC107: 0 | BD107: 0 | BE107: 0 | BF107: 0 | BG107: 0 | BH107: 1 | BI107: 0 | BJ107: 1 | BK107: 0 | BL107: 0 | BM107: 0 | BN107: 0 | BO107: 0 | BP107: 0 | BQ107: 2 | BR107: =SUM(E107:BQ107) -> 11
B108: 3 | C108: 3. JIBRAL TAROUK | E108: 0 | F108: 0 | G108: 0 | H108: 0 | I108: 0 | J108: 0 | K108: 1 | L108: 0 | M108: 0 | N108: 0 | O108: 0 | P108: 0 | Q108: 0 | R108: 0 | S108: 0 | T108: 0 | U108: 0 | V108: 0 | W108: 0 | X108: 0 | Y108: 1 | Z108: 0 | AA108: 0 | AB108: 0 | AC108: 0 | AD108: 0 | AE108: 0 | AF108: 0 | AG108: 0 | AH108: 0 | AI108: 0 | AJ108: 0 | AK108: 0 | AL108: 0 | AM108: 0 | AN108: 0 | AO108: 0 | AP108: 0 | AQ108: 0 | AR108: 0 | AS108: 0 | AT108: 0 | AU108: 0 | AV108: 0 | AW108: 0 | AX108: 0 | AY108: 0 | AZ108: 0 | BA108: 0 | BB108: 0 | BC108: 0 | BD108: 0 | BE108: 0 | BF108: 0 | BG108: 0 | BH108: 0 | BI108: 0 | BJ108: 0 | BK108: 0 | BL108: 0 | BM108: 0 | BN108: 0 | BO108: 0 | BP108: 3 | BQ108: 0 | BR108: =SUM(E108:BQ108) -> 5
B109: 4 | C109: 4. ASTUTI DAENG PUJI | E109: 0 | F109: 0 | G109: 0 | H109: 0 | I109: 0 | J109: 0 | K109: 0 | L109: 0 | M109: 0 | N109: 0 | O109: 0 | P109: 0 | Q109: 0 | R109: 0 | S109: 0 | T109: 0 | U109: 0 | V109: 0 | W109: 0 | X109: 0 | Y109: 0 | Z109: 0 | AA109: 0 | AB109: 0 | AC109: 0 | AD109: 0 | AE109: 0 | AF109: 0 | AG109: 0 | AH109: 0 | AI109: 0 | AJ109: 0 | AK109: 0 | AL109: 0 | AM109: 0 | AN109: 0 | AO109: 0 | AP109: 0 | AQ109: 0 | AR109: 0 | AS109: 0 | AT109: 0 | AU109: 0 | AV109: 0 | AW109: 0 | AX109: 0 | AY109: 0 | AZ109: 0 | BA109: 0 | BB109: 0 | BC109: 0 | BD109: 0 | BE109: 0 | BF109: 0 | BG109: 0 | BH109: 1 | BI109: 1 | BJ109: 0 | BK109: 0 | BL109: 0 | BM109: 0 | BN109: 0 | BO109: 0 | BP109: 0 | BQ109: 0 | BR109: =SUM(E109:BQ109) -> 2
B110: 5 | C110: 5. ASDARMAWAN | E110: 0 | F110: 0 | G110: 0 | H110: 0 | I110: 0 | J110: 0 | K110: 0 | L110: 0 | M110: 0 | N110: 0 | O110: 0 | P110: 0 | Q110: 0 | R110: 0 | S110: 0 | T110: 0 | U110: 0 | V110: 0 | W110: 0 | X110: 0 | Y110: 0 | Z110: 0 | AA110: 0 | AB110: 0 | AC110: 0 | AD110: 0 | AE110: 0 | AF110: 0 | AG110: 0 | AH110: 0 | AI110: 0 | AJ110: 0 | AK110: 0 | AL110: 0 | AM110: 0 | AN110: 0 | AO110: 0 | AP110: 0 | AQ110: 0 | AR110: 0 | AS110: 0 | AT110: 0 | AU110: 0 | AV110: 1 | AW110: 0 | AX110: 0 | AY110: 0 | AZ110: 0 | BA110: 0 | BB110: 0 | BC110: 0 | BD110: 1 | BE110: 0 | BF110: 0 | BG110: 0 | BH110: 0 | BI110: 0 | BJ110: 0 | BK110: 0 | BL110: 0 | BM110: 0 | BN110: 0 | BO110: 0 | BP110: 0 | BQ110: 0 | BR110: =SUM(E110:BQ110) -> 2
B111: 6 | C111: 6. RIFQI MUBAROK | E111: 0 | F111: 0 | G111: 0 | H111: 0 | I111: 0 | J111: 0 | K111: 0 | L111: 0 | M111: 0 | N111: 0 | O111: 0 | P111: 0 | Q111: 0 | R111: 0 | S111: 0 | T111: 0 | U111: 0 | V111: 0 | W111: 0 | X111: 0 | Y111: 1 | Z111: 0 | AA111: 0 | AB111: 0 | AC111: 0 | AD111: 0 | AE111: 0 | AF111: 0 | AG111: 0 | AH111: 1 | AI111: 0 | AJ111: 0 | AK111: 0 | AL111: 0 | AM111: 0 | AN111: 0 | AO111: 0 | AP111: 0 | AQ111: 0 | AR111: 0 | AS111: 0 | AT111: 0 | AU111: 0 | AV111: 0 | AW111: 0 | AX111: 0 | AY111: 0 | AZ111: 0 | BA111: 0 | BB111: 0 | BC111: 0 | BD111: 0 | BE111: 0 | BF111: 0 | BG111: 0 | BH111: 1 | BI111: 0 | BJ111: 0 | BK111: 0 | BL111: 0 | BM111: 0 | BN111: 0 | BO111: 0 | BP111: 0 | BQ111: 0 | BR111: =SUM(E111:BQ111) -> 3
B112: 7 | C112: 7. FIRNANDA ALTA MEGA | E112: 0 | F112: 0 | G112: 0 | H112: 0 | I112: 0 | J112: 0 | K112: 0 | L112: 0 | M112: 0 | N112: 0 | O112: 0 | P112: 0 | Q112: 0 | R112: 0 | S112: 0 | T112: 0 | U112: 0 | V112: 0 | W112: 0 | X112: 0 | Y112: 0 | Z112: 0 | AA112: 0 | AB112: 0 | AC112: 0 | AD112: 0 | AE112: 0 | AF112: 0 | AG112: 0 | AH112: 0 | AI112: 0 | AJ112: 0 | AK112: 0 | AL112: 0 | AM112: 0 | AN112: 0 | AO112: 0 | AP112: 0 | AQ112: 0 | AR112: 0 | AS112: 0 | AT112: 0 | AU112: 0 | AV112: 0 | AW112: 0 | AX112: 0 | AY112: 0 | AZ112: 0 | BA112: 1 | BB112: 0 | BC112: 0 | BD112: 0 | BE112: 0 | BF112: 0 | BG112: 0 | BH112: 0 | BI112: 0 | BJ112: 0 | BK112: 0 | BL112: 0 | BM112: 0 | BN112: 0 | BO112: 0 | BP112: 0 | BQ112: 0 | BR112: =SUM(E112:BQ112) -> 1
BR113: =SUM(E113:BQ113) -> 0
BR114: =SUM(E114:BQ114) -> 0
A115: B | B115: JUMLAH SUARA SAH PARTAI POLITIK DAN CALON (A1 + A2) | E115: =SUM(E105:E114) -> 0 | F115: =SUM(F105:F114) -> 2 | G115: =SUM(G105:G114) -> 0 | H115: =SUM(H105:H114) -> 2 | I115: =SUM(I105:I114) -> 0 | J115: =SUM(J105:J114) -> 0 | K115: =SUM(K105:K114) -> 2 | L115: =SUM(L105:L114) -> 0 | ... BR115: =SUM(BR105:BR114) -> 87
A117: A.1 | B117: 7. | C117: Partai Gelombang Rakyat Indonesia | E117: 0 | F117: 0 | G117: 1 | H117: 0 | I117: 2 | J117: 0 | K117: 0 | L117: 0 | M117: 1 | N117: 0 | O117: 2 | P117: 0 | Q117: 0 | R117: 2 | S117: 1 | T117: 1 | U117: 0 | V117: 0 | W117: 1 | X117: 0 | Y117: 0 | Z117: 1 | AA117: 1 | AB117: 0 | AC117: 2 | AD117: 0 | AE117: 0 | AF117: 2 | AG117: 3 | AH117: 0 | AI117: 1 | AJ117: 0 | AK117: 0 | AL117: 0 | AM117: 0 | AN117: 1 | AO117: 0 | AP117: 0 | AQ117: 1 | AR117: 0 | AS117: 0 | AT117: 1 | AU117: 0 | AV117: 0 | AW117: 0 | AX117: 0 | AY117: 0 | AZ117: 0 | BA117: 2 | BB117: 0 | BC117: 1 | BD117: 1 | BE117: 0 | BF117: 0 | BG117: 0 | BH117: 3 | BI117: 1 | BJ117: 1 | BK117: 0 | BL117: 0 | BM117: 2 | BN117: 1 | BO117: 0 | BP117: 2 | BQ117: 0 | BR117: =SUM(E117:BQ117) -> 38
...

Sheet KARANGSARI
C2: Kecamatan | D2: SEMPU
C3: Kabupaten | D3: BANYUWANGI
C4: Provinsi | D4: JAWA TIMUR
C9: Kelurahan | D9: KARANGSARI
A12: I | B12: DATA PEMILIH DAN PENGGUNAAN HAK PILIH | AX12: JUMLAH AKHIR
A13: A | B13: DATA PEMILIH | E13: TPS 001 | F13: TPS 002 | G13: TPS 003 | H13: TPS 004 | I13: TPS 005 | J13: TPS 006 | K13: TPS 007 | L13: TPS 008 | M13: TPS 009 | N13: TPS 010 | O13: TPS 011 | P13: TPS 012 | Q13: TPS 013 | R13: TPS 014 | S13: TPS 015 | T13: TPS 016 | U13: TPS 017 | V13: TPS 018 | W13: TPS 019 | X13: TPS 020 | Y13: TPS 021 | Z13: TPS 022 | AA13: TPS 023 | AB13: TPS 024 | AC13: TPS 025 | AD13: TPS 026 | AE13: TPS 027 | AF13: TPS 028 | AG13: TPS 029 | AH13: TPS 030 | AI13: TPS 031 | AJ13: TPS 032 | AK13: TPS 033 | AL13: TPS 034 | AM13: TPS 035 | AN13: TPS 036 | AO13: TPS 037 | AP13: TPS 038 | AQ13: TPS 039 | AR13: TPS 040 | AS13: TPS 041 | AT13: TPS 042 | AU13: TPS 043 | AV13: TPS 044 | AW13: TPS 045
B14: Jumlah Pemilih dalam Daftar Pemilih Tetap (DPT) | D14: LK | E14: 149 | F14: 145 | G14: 119 | H14: 137 | I14: 143 | J14: 101 | K14: 146 | L14: 146 | M14: 150 | N14: 133 | O14: 124 | P14: 95 | Q14: 142 | R14: 147 | S14: 130 | T14: 108 | U14: 149 | V14: 135 | W14: 148 | X14: 149 | Y14: 157 | Z14: 143 | AA14: 163 | AB14: 143 | AC14: 111 | AD14: 116 | AE14: 138 | AF14: 121 | AG14: 136 | AH14: 148 | AI14: 98 | AJ14: 140 | AK14: 107 | AL14: 149 | AM14: 144 | AN14: 121 | AO14: 90 | AP14: 145 | AQ14: 153 | AR14: 135 | AS14: 148 | AT14: 142 | AU14: 140 | AV14: 136 | AW14: 141 | AX14: =SUM(E14:AW14) -> 6061
D15: PR | E15: 128 | F15: 151 | G15: 121 | H15: 140 | I15: 145 | J15: 101 | K15: 146 | L15: 143 | M15: 144 | N15: 128 | O15: 116 | P15: 95 | Q15: 149 | R15: 148 | S15: 138 | T15: 104 | U15: 129 | V15: 132 | W15: 144 | X15: 141 | Y15: 140 | Z15: 134 | AA15: 135 | AB15: 145 | AC15: 122 | AD15: 118 | AE15: 159 | AF15: 128 | AG15: 137 | AH15: 130 | AI15: 93 | AJ15: 136 | AK15: 114 | AL15: 144 | AM15: 148 | AN15: 126 | AO15: 98 | AP15: 143 | AQ15: 145 | AR15: 137 | AS15: 140 | AT15: 152 | AU15: 134 | AV15: 150 | AW15: 154 | AX15: =SUM(E15:AW15) -> 6005
D16: JML | E16: =SUM(E14:E15) -> 277 | F16: =SUM(F14:F15) -> 296 | G16: =SUM(G14:G15) -> 240 | H16: =SUM(H14:H15) -> 277 | I16: =SUM(I14:I15) -> 288 | J16: =SUM(J14:J15) -> 202 | K16: =SUM(K14:K15) -> 292 | L16: =SUM(L14:L15) -> 289 | ... AW16: =SUM(AW14:AW15) -> 295 | AX16: =SUM(E16:AW16) -> 12066
A18: B | B18: PENGGUNA HAK PILIH
B19: 1. | C19: Jumlah pengguna hak pilih dalam Daftar Pemilih Tetap (DPT) | D19: LK | E19: 103 | F19: 106 | G19: 89 | H19: 106 | I19: 101 | J19: 63 | K19: 78 | L19: 102 | M19: 107 | N19: 71 | O19: 85 | P19: 71 | Q19: 111 | R19: 102 | S19: 95 | T19: 77 | U19: 114 | V19: 106 | W19: 100 | X19: 108 | Y19: 105 | Z19: 92 | AA19: 107 | AB19: 94 | AC19: 80 | AD19: 96 | AE19: 93 | AF19: 93 | AG19: 105 | AH19: 115 | AI19: 82 | AJ19: 114 | AK19: 75 | AL19: 104 | AM19: 102 | AN19: 93 | AO19: 71 | AP19: 110 | AQ19: 113 | AR19: 91 | AS19: 123 | AT19: 95 | AU19: 97 | AV19: 96 | AW19: 107 | AX19: =SUM(E19:AW19) -> 4348
D20: PR | E20: 106 | F20: 123 | G20: 88 | H20: 112 | I20: 113 | J20: 73 | K20: 96 | L20: 111 | M20: 95 | N20: 93 | O20: 91 | P20: 72 | Q20: 117 | R20: 111 | S20: 97 | T20: 80 | U20: 104 | V20: 107 | W20: 109 | X20: 111 | Y20: 106 | Z20: 103 | AA20: 103 | AB20: 110 | AC20: 104 | AD20: 90 | AE20: 120 | AF20: 98 | AG20: 116 | AH20: 105 | AI20: 80 | AJ20: 109 | AK20: 94 | AL20: 90 | AM20: 106 | AN20: 101 | AO20: 81 | AP20: 118 | AQ20: 116 | AR20: 106 | AS20: 121 | AT20: 124 | AU20: 102 | AV20: 114 | AW20: 107 | AX20: =SUM(E20:AW20) -> 4633
D21: JML | E21: =SUM(E19:E20) -> 209 | F21: =SUM(F19:F20) -> 229 | G21: =SUM(G19:G20) -> 177 | H21: =SUM(H19:H20) -> 218 | I21: =SUM(I19:I20) -> 214 | J21: =SUM(J19:J20) -> 136 | K21: =SUM(K19:K20) -> 174 | L21: =SUM(L19:L20) -> 213 | ... AW21: =SUM(AW19:AW20) -> 214 | AX21: =SUM(E21:AW21) -> 8981
B22: 2. | C22: Jumlah pengguna hak pilih dalam Daftar Pemilih Tambahan (DPTb) | D22: LK | E22: 0 | F22: 0 | G22: 0 | H22: 0 | I22: 2 | J22: 1 | K22: 0 | L22: 0 | M22: 0 | N22: 0 | O22: 0 | P22: 1 | Q22: 0 | R22: 0 | S22: 0 | T22: 1 | U22: 0 | V22: 0 | W22: 0 | X22: 0 | Y22: 0 | Z22: 0 | AA22: 0 | AB22: 0 | AC22: 0 | AD22: 0 | AE22: 0 | AF22: 0 | AG22: 0 | AH22: 1 | AI22: 1 | AJ22: 0 | AK22: 0 | AL22: 0 | AM22: 1 | AN22: 1 | AO22: 0 | AP22: 1 | AQ22: 0 | AR22: 1 | AS22: 0 | AT22: 1 | AU22: 0 | AV22: 0 | AW22: 0 | AX22: =SUM(E22:AW22) -> 12
D23: PR | E23: 0 | F23: 1 | G23: 1 | H23: 1 | I23: 0 | J23: 0 | K23: 0 | L23: 1 | M23: 1 | N23: 0 | O23: 0 | P23: 0 | Q23: 0 | R23: 1 | S23: 0 | T23: 0 | U23: 0 | V23: 1 | W23: 0 | X23: 0 | Y23: 0 | Z23: 0 | AA23: 0 | AB23: 0 | AC23: 1 | AD23: 0 | AE23: 0 | AF23: 0 | AG23: 2 | AH23: 0 | AI23: 0 | AJ23: 0 | AK23: 0 | AL23: 1 | AM23: 0 | AN23: 0 | AO23: 0 | AP23: 4 | AQ23: 0 | AR23: 1 | AS23: 0 | AT23: 0 | AU23: 0 | AV23: 0 | AW23: 2 | AX23: =SUM(E23:AW23) -> 18
D24: JML | E24: =SUM(E22:E23) -> 0 | F24: =SUM(F22:F23) -> 1 | G24: =SUM(G22:G23) -> 1 | H24: =SUM(H22:H23) -> 1 | I24: =SUM(I22:I23) -> 2 | J24: =SUM(J22:J23) -> 1 | K24: =SUM(K22:K23) -> 0 | L24: =SUM(L22:L23) -> 1 | ... AW24: =SUM(AW22:AW23) -> 2 | AX24: =SUM(E24:AW24) -> 30
B25: 3. | C25: Jumlah pengguna hak pilih dalam Daftar Pemilih Khusus (DPK) | D25: LK | E25: 0 | F25: 0 | G25: 0 | H25: 0 | I25: 0 | J25: 0 | K25: 2 | L25: 4 | M25: 0 | N25: 0 | O25: 0 | P25: 2 | Q25: 0 | R25: 1 | S25: 1 | T25: 0 | U25: 6 | V25: 1 | W25: 3 | X25: 1 | Y25: 2 | Z25: 0 | AA25: 0 | AB25: 2 | AC25: 0 | AD25: 0 | AE25: 0 | AF25: 0 | AG25: 0 | AH25: 0 | AI25: 0 | AJ25: 2 | AK25: 4 | AL25: 0 | AM25: 4 | AN25: 0 | AO25: 0 | AP25: 0 | AQ25: 1 | AR25: 3 | AS25: 0 | AT25: 0 | AU25: 0 | AV25: 0 | AW25: 0 | AX25: =SUM(E25:AW25) -> 39
D26: PR | E26: 0 | F26: 0 | G26: 0 | H26: 0 | I26: 0 | J26: 0 | K26: 2 | L26: 4 | M26: 0 | N26: 0 | O26: 0 | P26: 4 | Q26: 0 | R26: 3 | S26: 3 | T26: 0 | U26: 7 | V26: 0 | W26: 2 | X26: 1 | Y26: 0 | Z26: 0 | AA26: 0 | AB26: 0 | AC26: 0 | AD26: 0 | AE26: 0 | AF26: 0 | AG26: 0 | AH26: 0 | AI26: 1 | AJ26: 3 | AK26: 0 | AL26: 2 | AM26: 3 | AN26: 2 | AO26: 0 | AP26: 0 | AQ26: 0 | AR26: 3 | AS26: 0 | AT26: 0 | AU26: 0 | AV26: 1 | AW26: 2 | AX26: =SUM(E26:AW26) -> 43
D27: JML | E27: =SUM(E25:E26) -> 0 | F27: =SUM(F25:F26) -> 0 | G27: =SUM(G25:G26) -> 0 | H27: =SUM(H25:H26) -> 0 | I27: =SUM(I25:I26) -> 0 | J27: =SUM(J25:J26) -> 0 | K27: =SUM(K25:K26) -> 4 | L27: =SUM(L25:L26) -> 8 | ... AW27: =SUM(AW25:AW26) -> 2 | AX27: =SUM(E27:AW27) -> 82
B28: 4. | C28: Jumlah Pengguna Hak Pilih (B.1+B.2+B.3) | D28: LK | E28: =SUM(E19,E22,E25) -> 103 | F28: =SUM(F19,F22,F25) -> 106 | G28: =SUM(G19,G22,G25) -> 89 | H28: =SUM(H19,H22,H25) -> 106 | I28: =SUM(I19,I22,I25) -> 103 | J28: =SUM(J19,J22,J25) -> 64 | K28: =SUM(K19,K22,K25) -> 80 | L28: =SUM(L19,L22,L25) -> 106 | ... AW28: =SUM(AW19,AW22,AW25) -> 107 | AX28: =SUM(E28:AW28) -> 4399
D29: PR | E29: =SUM(E20,E23,E26) -> 106 | F29: =SUM(F20,F23,F26) -> 124 | G29: =SUM(G20,G23,G26) -> 89 | H29: =SUM(H20,H23,H26) -> 113 | I29: =SUM(I20,I23,I26) -> 113 | J29: =SUM(J20,J23,J26) -> 73 | K29: =SUM(K20,K23,K26) -> 98 | L29: =SUM(L20,L23,L26) -> 116 | ... AW29: =SUM(AW20,AW23,AW26) -> 111 | AX29: =SUM(E29:AW29) -> 4694
D30: JML | E30: =SUM(E28:E29) -> 209 | F30: =SUM(F28:F29) -> 230 | G30: =SUM(G28:G29) -> 178 | H30: =SUM(H28:H29) -> 219 | I30: =SUM(I28:I29) -> 216 | J30: =SUM(J28:J29) -> 137 | K30: =SUM(K28:K29) -> 178 | L30: =SUM(L28:L29) -> 222 | ... AW30: =SUM(AW28:AW29) -> 218 | AX30: =SUM(E30:AW30) -> 9093
A32: II | B32: DATA PENGGUNAAN SURAT SUARA
A33: 1 | B33: Jumlah surat suara yang diterima, termasuk surat suara cadangan 2,5% dari DPT | E33: 283 | F33: 303 | G33: 245 | H33: 283 | I33: 294 | J33: 286 | K33: 287 | L33: 295 | M33: 300 | N33: 267 | O33: 245 | P33: 194 | Q33: 297 | R33: 301 | S33: 274 | T33: 217 | U33: 287 | V33: 273 | W33: 309 | X33: 316 | Y33: 303 | Z33: 283 | AA33: 304 | AB33: 294 | AC33: 238 | AD33: 249 | AE33: 323 | AF33: 253 | AG33: 279 | AH33: 284 | AI33: 195 | AJ33: 281 | AK33: 226 | AL33: 299 | AM33: 297 | AN33: 252 | AO33: 192 | AP33: 305 | AQ33: 309 | AR33: 278 | AS33: 295 | AT33: 300 | AU33: 280 | AV33: 292 | AW33: 300 | AX33: =SUM(E33:AW33) -> 12467
A34: 2 | B34: Jumlah surat suara yang digunakan | E34: 209 | F34: 230 | G34: 178 | H34: 219 | I34: 216 | J34: 137 | K34: 178 | L34: 222 | M34: 203 | N34: 164 | O34: 176 | P34: 150 | Q34: 228 | R34: 218 | S34: 196 | T34: 158 | U34: 231 | V34: 215 | W34: 214 | X34: 221 | Y34: 213 | Z34: 195 | AA34: 210 | AB34: 206 | AC34: 185 | AD34: 186 | AE34: 213 | AF34: 191 | AG34: 223 | AH34: 221 | AI34: 164 | AJ34: 228 | AK34: 173 | AL34: 197 | AM34: 216 | AN34: 197 | AO34: 152 | AP34: 233 | AQ34: 230 | AR34: 205 | AS34: 244 | AT34: 220 | AU34: 199 | AV34: 211 | AW34: 218 | AX34: =SUM(E34:AW34) -> 9093
A35: 3 | B35: Jumlah surat suara dikembalikan oleh pemilih (karena rusak atau keliru coblos) | E35: 0 | F35: 0 | G35: 0 | H35: 0 | I35: 0 | J35: 0 | K35: 1 | L35: 2 | M35: 0 | N35: 0 | O35: 0 | P35: 0 | Q35: 0 | R35: 2 | S35: 1 | T35: 0 | U35: 0 | V35: 0 | W35: 0 | X35: 0 | Y35: 0 | Z35: 0 | AA35: 0 | AB35: 0 | AC35: 0 | AD35: 0 | AE35: 1 | AF35: 0 | AG35: 0 | AH35: 0 | AI35: 0 | AJ35: 1 | AK35: 1 | AL35: 0 | AM35: 0 | AN35: 1 | AO35: 0 | AP35: 0 | AQ35: 0 | AR35: 0 | AS35: 1 | AT35: 0 | AU35: 0 | AV35: 2 | AW35: 0 | AX35: =SUM(E35:AW35) -> 13
A36: 4 | B36: Jumlah surat suara yang tidak digunakan/tidak terpakai, termasuk sisa surat suara cadangan | E36: =E33-(E34+E35) -> 74 | F36: =F33-(F34+F35) -> 73 | G36: =G33-(G34+G35) -> 67 | H36: =H33-(H34+H35) -> 64 | I36: =I33-(I34+I35) -> 78 | J36: =J33-(J34+J35) -> 149 | K36: =K33-(K34+K35) -> 108 | L36: =L33-(L34+L35) -> 71 | ... AW36: =AW33-(AW34+AW35) -> 82 | AX36: =SUM(E36:AW36) -> 3361
A38: III | B38: DATA PEMILIH DISABILITAS
B39: Jumlah seluruh Pemilih disabilitas yang menggunakan hak pilih | D39: LK | E39: 0 | F39: 0 | G39: 0 | H39: 0 | I39: 1 | J39: 0 | K39: 0 | L39: 0 | M39: 0 | N39: 0 | O39: 0 | P39: 0 | Q39: 0 | R39: 0 | S39: 0 | T39: 0 | U39: 0 | V39: 0 | W39: 0 | X39: 0 | Y39: 0 | Z39: 0 | AA39: 0 | AB39: 0 | AC39: 0 | AD39: 0 | AE39: 0 | AF39: 0 | AG39: 0 | AH39: 1 | AI39: 1 | AJ39: 0 | AK39: 0 | AL39: 0 | AM39: 0 | AN39: 0 | AO39: 0 | AP39: 0 | AQ39: 0 | AR39: 0 | AS39: 0 | AT39: 0 | AU39: 0 | AV39: 0 | AW39: 1 | AX39: =SUM(E39:AW39) -> 4
D40: PR | E40: 0 | F40: 0 | G40: 0 | H40: 0 | I40: 0 | J40: 0 | K40: 0 | L40: 0 | M40: 0 | N40: 0 | O40: 0 | P40: 0 | Q40: 0 | R40: 1 | S40: 0 | T40: 0 | U40: 0 | V40: 0 | W40: 0 | X40: 0 | Y40: 0 | Z40: 0 | AA40: 0 | AB40: 0 | AC40: 1 | AD40: 0 | AE40: 0 | AF40: 0 | AG40: 0 | AH40: 0 | AI40: 0 | AJ40: 0 | AK40: 0 | AL40: 0 | AM40: 0 | AN40: 0 | AO40: 0 | AP40: 0 | AQ40: 0 | AR40: 0 | AS40: 0 | AT40: 1 | AU40: 0 | AV40: 0 | AW40: 0 | AX40: =SUM(E40:AW40) -> 3
D41: JML | E41: =SUM(E39:E40) -> 0 | F41: =SUM(F39:F40) -> 0 | G41: =SUM(G39:G40) -> 0 | H41: =SUM(H39:H40) -> 0 | I41: =SUM(I39:I40) -> 1 | J41: =SUM(J39:J40) -> 0 | K41: =SUM(K39:K40) -> 0 | L41: =SUM(L39:L40) -> 0 | ... AW41: =SUM(AW39:AW40) -> 1 | AX41: =SUM(E41:AW41) -> 7
A43: IV | B43: DATA RINCIAN PEROLEHAN SUARA PASANGAN CALON BUPATI DAN WAKIL BUPATI
A44: NOMOR DAN NAMA CALON
A45: A.1 | B45: 1. | C45: Partai Kebangkitan Bangsa | E45: 10 | F45: 4 | G45: 0 | H45: 4 | I45: 7 | J45: 3 | K45: 1 | L45: 3 | M45: 5 | N45: 6 | O45: 7 | P45: 3 | Q45: 0 | R45: 7 | S45: 4 | T45: 4 | U45: 2 | V45: 7 | W45: 5 | X45: 9 | Y45: 4 | Z45: 4 | AA45: 6 | AB45: 7 | AC45: 3 | AD45: 6 | AE45: 8 | AF45: 4 | AG45: 9 | AH45: 9 | AI45: 8 | AJ45: 5 | AK45: 6 | AL45: 6 | AM45: 9 | AN45: 10 | AO45: 11 | AP45: 8 | AQ45: 3 | AR45: 7 | AS45: 12 | AT45: 3 | AU45: 5 | AV45: 8 | AW45: 2 | AX45: =SUM(E45:AW45) -> 254
A46: A.2 | B46: 1 | C46: 1. Dr. Hj. NIHAYATUL WAFIROH, M.A. | E46: 6 | F46: 2 | G46: 10 | H46: 6 | I46: 12 | J46: 12 | K46: 4 | L46: 11 | M46: 14 | N46: 16 | O46: 6 | P46: 6 | Q46: 18 | R46: 12 | S46: 10 | T46: 4 | U46: 11 | V46: 6 | W46: 18 | X46: 14 | Y46: 7 | Z46: 3 | AA46: 11 | AB46: 9 | AC46: 23 | AD46: 7 | AE46: 29 | AF46: 23 | AG46: 9 | AH46: 9 | AI46: 15 | AJ46: 30 | AK46: 9 | AL46: 6 | AM46: 29 | AN46: 19 | AO46: 16 | AP46: 28 | AQ46: 8 | AR46: 32 | AS46: 59 | AT46: 11 | AU46: 9 | AV46: 12 | AW46: 15 | AX46: =SUM(E46:AW46) -> 626
B47: 2 | C47: 2. H. M. NASIM KHAN | E47: 1 | F47: 0 | G47: 1 | H47: 1 | I47: 1 | J47: 0 | K47: 0 | L47: 7 | M47: 3 | N47: 4 | O47: 0 | P47: 1 | Q47: 1 | R47: 4 | S47: 0 | T47: 0 | U47: 5 | V47: 0 | W47: 0 | X47: 5 | Y47: 4 | Z47: 3 | AA47: 5 | AB47: 2 | AC47: 3 | AD47: 1 | AE47: 1 | AF47: 1 | AG47: 2 | AH47: 4 | AI47: 0 | AJ47: 1 | AK47: 1 | AL47: 0 | AM47: 11 | AN47: 2 | AO47: 2 | AP47: 2 | AQ47: 2 | AR47: 3 | AS47: 1 | AT47: 1 | AU47: 1 | AV47: 1 | AW47: 1 | AX47: =SUM(E47:AW47) -> 89
B48: 3 | C48: 3. Dr. H. AKIK ZAMAN, M.Pd.I. | E48: 0 | F48: 0 | G48: 1 | H48: 1 | I48: 0 | J48: 0 | K48: 0 | L48: 1 | M48: 0 | N48: 0 | O48: 0 | P48: 1 | Q48: 0 | R48: 0 | S48: 1 | T48: 0 | U48: 0 | V48: 0 | W48: 1 | X48: 1 | Y48: 0 | Z48: 0 | AA48: 1 | AB48: 0 | AC48: 0 | AD48: 0 | AE48: 0 | AF48: 0 | AG48: 1 | AH48: 1 | AI48: 1 | AJ48: 1 | AK48: 0 | AL48: 0 | AM48: 1 | AN48: 1 | AO48: 2 | AP48: 0 | AQ48: 0 | AR48: 0 | AS48: 1 | AT48: 1 | AU48: 0 | AV48: 0 | AW48: 0 | AX48: =SUM(E48:AW48) -> 18
B49: 4 | C49: 4. AHMAD RIFA'I, S.H. | E49: 0 | F49: 0 | G49: 0 | H49: 0 | I49: 0 | J49: 1 | K49: 0 | L49: 0 | M49: 0 | N49: 2 | O49: 0 | P49: 0 | Q49: 0 | R49: 0 | S49: 1 | T49: 0 | U49: 0 | V49: 0 | W49: 0 | X49: 6 | Y49: 0 | Z49: 1 | AA49: 2 | AB49: 2 | AC49: 0 | AD49: 1 | AE49: 1 | AF49: 2 | AG49: 1 | AH49: 1 | AI49: 0 | AJ49: 0 | AK49: 0 | AL49: 0 | AM49: 3 | AN49: 1 | AO49: 1 | AP49: 0 | AQ49: 0 | AR49: 0 | AS49: 5 | AT49: 0 | AU49: 2 | AV49: 1 | AW49: 0 | AX49: =SUM(E49:AW49) -> 34
B50: 5 | C50: 5. Drs. H. MAHFUD M.N. | E50: 0 | F50: 0 | G50: 0 | H50: 1 | I50: 1 | J50: 0 | K50: 0 | L50: 0 | M50: 0 | N50: 0 | O50: 1 | P50: 0 | Q50: 0 | R50: 0 | S50: 0 | T50: 0 | U50: 0 | V50: 0 | W50: 0 | X50: 1 | Y50: 0 | Z50: 0 | AA50: 0 | AB50: 2 | AC50: 0 | AD50: 0 | AE50: 0 | AF50: 0 | AG50: 0 | AH50: 0 | AI50: 0 | AJ50: 0 | AK50: 0 | AL50: 0 | AM50: 2 | AN50: 0 | AO50: 3 | AP50: 0 | AQ50: 1 | AR50: 0 | AS50: 2 | AT50: 0 | AU50: 1 | AV50: 1 | AW50: 0 | AX50: =SUM(E50:AW50) -> 16
B51: 6 | C51: 6. NURHAYATI, S.Pd. | E51: 0 | F51: 0 | G51: 0 | H51: 0 | I51: 0 | J51: 0 | K51: 0 | L51: 0 | M51: 1 | N51: 0 | O51: 3 | P51: 0 | Q51: 0 | R51: 2 | S51: 1 | T51: 0 | U51: 0 | V51: 0 | W51: 0 | X51: 0 | Y51: 0 | Z51: 0 | AA51: 1 | AB51: 0 | AC51: 1 | AD51: 0 | AE51: 0 | AF51: 2 | AG51: 0 | AH51: 0 | AI51: 1 | AJ51: 0 | AK51: 0 | AL51: 1 | AM51: 3 | AN51: 2 | AO51: 1 | AP51: 0 | AQ51: 0 | AR51: 1 | AS51: 2 | AT51: 0 | AU51: 0 | AV51: 1 | AW51: 1 | AX51: =SUM(E51:AW51) -> 24
B52: 7 | C52: 7. MAFTUHA KISWAH | E52: 0 | F52: 0 | G52: 0 | H52: 0 | I52: 0 | J52: 0 | K52: 0 | L52: 0 | M52: 1 | N52: 0 | O52: 0 | P52: 0 | Q52: 0 | R52: 0 | S52: 1 | T52: 0 | U52: 0 | V52: 0 | W52: 0 | X52: 0 | Y52: 0 | Z52: 0 | AA52: 0 | AB52: 0 | AC52: 0 | AD52: 0 | AE52: 0 | AF52: 0 | AG52: 0 | AH52: 0 | AI52: 0 | AJ52: 0 | AK52: 1 | AL52: 0 | AM52: 1 | AN52: 0 | AO52: 0 | AP52: 0 | AQ52: 0 | AR52: 0 | AS52: 0 | AT52: 0 | AU52: 0 | AV52: 0 | AW52: 0 | AX52: =SUM(E52:AW52) -> 4
AX53: =SUM(E53:AW53) -> 0
AX54: =SUM(E54:AW54) -> 0
A55: B | B55: JUMLAH SUARA SAH PARTAI POLITIK DAN CALON (A1 + A2) | E55: =SUM(E45:E54) -> 17 | F55: =SUM(F45:F54) -> 6 | G55: =SUM(G45:G54) -> 12 | H55: =SUM(H45:H54) -> 13 | I55: =SUM(I45:I54) -> 21 | J55: =SUM(J45:J54) -> 16 | K55: =SUM(K45:K54) -> 5 | L55: =SUM(L45:L54) -> 22 | ... AX55: =SUM(AX45:AX54) -> 1065
A57: A.1 | B57: 2. | C57: Partai Gerakan Indonesia Raya | E57: 11 | F57: 9 | G57: 9 | H57: 17 | I57: 11 | J57: 10 | K57: 11 | L57: 5 | M57: 7 | N57: 7 | O57: 5 | P57: 5 | Q57: 5 | R57: 10 | S57: 12 | T57: 5 | U57: 4 | V57: 7 | W57: 8 | X57: 5 | Y57: 6 | Z57: 8 | AA57: 11 | AB57: 12 | AC57: 3 | AD57: 8 | AE57: 8 | AF57: 3 | AG57: 3 | AH57: 3 | AI57: 6 | AJ57: 7 | AK57: 2 | AL57: 8 | AM57: 6 | AN57: 10 | AO57: 2 | AP57: 9 | AQ57: 10 | AR57: 6 | AS57: 9 | AT57: 8 | AU57: 5 | AV57: 9 | AW57: 8 | AX57: =SUM(E57:AW57) -> 333
A58: A.2 | B58: 1 | C58: 1. SUMAIL ABDULLAH | E58: 10 | F58: 21 | G58: 14 | H58: 31 | I58: 17 | J58: 4 | K58: 9 | L58: 9 | M58: 1 | N58: 4 | O58: 3 | P58: 1 | Q58: 3 | R58: 6 | S58: 4 | T58: 1 | U58: 5 | V58: 8 | W58: 2 | X58: 5 | Y58: 7 | Z58: 9 | AA58: 6 | AB58: 3 | AC58: 8 | AD58: 4 | AE58: 8 | AF58: 13 | AG58: 10 | AH58: 5 | AI58: 6 | AJ58: 10 | AK58: 5 | AL58: 5 | AM58: 6 | AN58: 5 | AO58: 1 | AP58: 6 | AQ58: 5 | AR58: 1 | AS58: 7 | AT58: 6 | AU58: 3 | AV58: 6 | AW58: 4 | AX58: =SUM(E58:AW58) -> 307
B59: 2 | C59: 2. MUHAMMAD ALI ADRIAN SALEH | E59: 2 | F59: 3 | G59: 3 | H59: 4 | I59: 8 | J59: 1 | K59: 6 | L59: 16 | M59: 3 | N59: 6 | O59: 3 | P59: 1 | Q59: 2 | R59: 3 | S59: 15 | T59: 11 | U59: 31 | V59: 13 | W59: 3 | X59: 18 | Y59: 2 | Z59: 2 | AA59: 4 | AB59: 3 | AC59: 1 | AD59: 1 | AE59: 1 | AF59: 0 | AG59: 1 | AH59: 3 | AI59: 2 | AJ59: 11 | AK59: 4 | AL59: 9 | AM59: 1 | AN59: 4 | AO59: 0 | AP59: 12 | AQ59: 9 | AR59: 15 | AS59: 7 | AT59: 5 | AU59: 2 | AV59: 3 | AW59: 6 | AX59: =SUM(E59:AW59) -> 260
B60: 3 | C60: 3. DURROTUN NAFISAH | E60: 1 | F60: 4 | G60: 1 | H60: 0 | I60: 0 | J60: 0 | K60: 1 | L60: 1 | M60: 4 | N60: 2 | O60: 0 | P60: 0 | Q60: 0 | R60: 1 | S60: 0 | T60: 3 | U60: 0 | V60: 1 | W60: 0 | X60: 1 | Y60: 1 | Z60: 0 | AA60: 0 | AB60: 1 | AC60: 0 | AD60: 0 | AE60: 3 | AF60: 11 | AG60: 1 | AH60: 1 | AI60: 0 | AJ60: 0 | AK60: 0 | AL60: 1 | AM60: 2 | AN60: 2 | AO60: 0 | AP60: 0 | AQ60: 2 | AR60: 1 | AS60: 2 | AT60: 1 | AU60: 0 | AV60: 2 | AW60: 2 | AX60: =SUM(E60:AW60) -> 53
B61: 4 | C61: 4. H. EKO SUSILO NURHIDAYAT | E61: 4 | F61: 2 | G61: 0 | H61: 0 | I61: 1 | J61: 0 | K61: 10 | L61: 2 | M61: 6 | N61: 1 | O61: 2 | P61: 1 | Q61: 0 | R61: 3 | S61: 2 | T61: 0 | U61: 0 | V61: 2 | W61: 3 | X61: 2 | Y61: 2 | Z61: 2 | AA61: 6 | AB61: 0 | AC61: 1 | AD61: 0 | AE61: 2 | AF61: 1 | AG61: 0 | AH61: 0 | AI61: 1 | AJ61: 3 | AK61: 0 | AL61: 3 | AM61: 0 | AN61: 3 | AO61: 2 | AP61: 1 | AQ61: 4 | AR61: 0 | AS61: 2 | AT61: 6 | AU61: 0 | AV61: 0 | AW61: 1 | AX61: =SUM(E61:AW61) -> 81
B62: 5 | C62: 5. KARNADI HARIJANTO, S.S. | E62: 1 | F62: 1 | G62: 1 | H62: 0 | I62: 0 | J62: 0 | K62: 0 | L62: 0 | M62: 0 | N62: 1 | O62: 0 | P62: 0 | Q62: 0 | R62: 0 | S62: 0 | T62: 0 | U62: 0 | V62: 2 | W62: 0 | X62: 0 | Y62: 0 | Z62: 1 | AA62: 1 | AB62: 1 | AC62: 0 | AD62: 0 | AE62: 1 | AF62: 0 | AG62: 0 | AH62: 0 | AI62: 0 | AJ62: 0 | AK62: 1 | AL62: 0 | AM62: 1 | AN62: 0 | AO62: 0 | AP62: 0 | AQ62: 0 | AR62: 0 | AS62: 0 | AT62: 0 | AU62: 0 | AV62: 0 | AW62: 0 | AX62: =SUM(E62:AW62) -> 12
B63: 6 | C63: 6. NURHAYATI | E63: 1 | F63: 0 | G63: 0 | H63: 0 | I63: 0 | J63: 0 | K63: 0 | L63: 0 | M63: 1 | N63: 0 | O63: 0 | P63: 0 | Q63: 1 | R63: 0 | S63: 0 | T63: 0 | U63: 1 | V63: 1 | W63: 0 | X63: 0 | Y63: 0 | Z63: 0 | AA63: 0 | AB63: 2 | AC63: 1 | AD63: 0 | AE63: 0 | AF63: 1 | AG63: 2 | AH63: 3 | AI63: 2 | AJ63: 1 | AK63: 2 | AL63: 0 | AM63: 0 | AN63: 2 | AO63: 2 | AP63: 0 | AQ63: 1 | AR63: 0 | AS63: 1 | AT63: 0 | AU63: 2 | AV63: 1 | AW63: 1 | AX63: =SUM(E63:AW63) -> 29
B64: 7 | C64: 7. MASHUDI | E64: 1 | F64: 0 | G64: 0 | H64: 0 | I64: 0 | J64: 0 | K64: 0 | L64: 0 | M64: 0 | N64: 1 | O64: 0 | P64: 0 | Q64: 2 | R64: 0 | S64: 0 | T64: 1 | U64: 0 | V64: 0 | W64: 0 | X64: 0 | Y64: 0 | Z64: 0 | AA64: 1 | AB64: 2 | AC64: 0 | AD64: 0 | AE64: 4 | AF64: 0 | AG64: 0 | AH64: 0 | AI64: 1 | AJ64: 3 | AK64: 0 | AL64: 0 | AM64: 20 | AN64: 13 | AO64: 8 | AP64: 0 | AQ64: 2 | AR64: 0 | AS64: 2 | AT64: 0 | AU64: 0 | AV64: 0 | AW64: 0 | AX64: =SUM(E64:AW64) -> 61
AX65: =SUM(E65:AW65) -> 0
AX66: =SUM(E66:AW66) -> 0
A67: B | B67: JUMLAH SUARA SAH PARTAI POLITIK DAN CALON (A1 + A2) | E67: =SUM(E57:E66) -> 31 | F67: =SUM(F57:F66) -> 40 | G67: =SUM(G57:G66) -> 28 | H67: =SUM(H57:H66) -> 52 | I67: =SUM(I57:I66) -> 37 | J67: =SUM(J57:J66) -> 15 | K67: =SUM(K57:K66) -> 37 | L67: =SUM(L57:L66) -> 33 | ... AX67: =SUM(AX57:AX66) -> 1136
A69: A.1 | B69: 3. | C69: Partai Demokrasi Indonesia Perjuangan | E69: 15 | F69: 15 | G69: 6 | H69: 13 | I69: 16 | J69: 17 | K69: 3 | L69: 2 | M69: 9 | N69: 8 | O69: 12 | P69: 8 | Q69: 4 | R69: 4 | S69: 19 | T69: 5 | U69: 13 | V69: 12 | W69: 15 | X69: 11 | Y69: 15 | Z69: 7 | AA69: 16 | AB69: 11 | AC69: 5 | AD69: 7 | AE69: 10 | AF69: 10 | AG69: 10 | AH69: 7 | AI69: 8 | AJ69: 8 | AK69: 9 | AL69: 10 | AM69: 4 | AN69: 12 | AO69: 3 | AP69: 5 | AQ69: 10 | AR69: 2 | AS69: 8 | AT69: 11 | AU69: 15 | AV69: 14 | AW69: 20 | AX69: =SUM(E69:AW69) -> 444
A70: A.2 | B70: 1 | C70: 1. SONNY TRI DANAPARAMITA, S.H., M.H. | E70: 11 | F70: 11 | G70: 11 | H70: 13 | I70: 9 | J70: 18 | K70: 4 | L70: 8 | M70: 5 | N70: 5 | O70: 4 | P70: 1 | Q70: 4 | R70: 2 | S70: 42 | T70: 24 | U70: 18 | V70: 44 | W70: 14 | X70: 6 | Y70: 4 | Z70: 33 | AA70: 14 | AB70: 42 | AC70: 17 | AD70: 13 | AE70: 16 | AF70: 34 | AG70: 37 | AH70: 11 | AI70: 21 | AJ70: 7 | AK70: 10 | AL70: 49 | AM70: 7 | AN70: 11 | AO70: 7 | AP70: 19 | AQ70: 16 | AR70: 12 | AS70: 18 | AT70: 32 | AU70: 14 | AV70: 36 | AW70: 12 | AX70: =SUM(E70:AW70) -> 746
B71: 2 | C71: 2. H. MOHAMAD GUNTUR ROMLI | E71: 0 | F71: 0 | G71: 2 | H71: 7 | I71: 5 | J71: 1 | K71: 0 | L71: 3 | M71: 1 | N71: 0 | O71: 2 | P71: 0 | Q71: 0 | R71: 0 | S71: 2 | T71: 5 | U71: 5 | V71: 4 | W71: 3 | X71: 5 | Y71: 0 | Z71: 1 | AA71: 6 | AB71: 0 | AC71: 1 | AD71: 6 | AE71: 0 | AF71: 1 | AG71: 1 | AH71: 2 | AI71: 2 | AJ71: 4 | AK71: 3 | AL71: 0 | AM71: 1 | AN71: 1 | AO71: 2 | AP71: 0 | AQ71: 3 | AR71: 1 | AS71: 4 | AT71: 1 | AU71: 3 | AV71: 0 | AW71: 2 | AX71: =SUM(E71:AW71) -> 90
B72: 3 | C72: 3. INA AMMANIA | E72: 36 | F72: 58 | G72: 40 | H72: 39 | I72: 13 | J72: 1 | K72: 4 | L72: 34 | M72: 0 | N72: 4 | O72: 31 | P72: 2 | Q72: 2 | R72: 2 | S72: 2 | T72: 10 | U72: 42 | V72: 5 | W72: 65 | X72: 66 | Y72: 33 | Z72: 19 | AA72: 6 | AB72: 1 | AC72: 6 | AD72: 29 | AE72: 21 | AF72: 10 | AG72: 35 | AH72: 23 | AI72: 22 | AJ72: 32 | AK72: 19 | AL72: 3 | AM72: 4 | AN72: 15 | AO72: 2 | AP72: 0 | AQ72: 14 | AR72: 4 | AS72: 6 | AT72: 25 | AU72: 16 | AV72: 47 | AW72: 27 | AX72: =SUM(E72:AW72) -> 875
B73: 4 | C73: 4. IRWAN BACHTIAR RACHMAT, M.Si. | E73: 0 | F73: 0 | G73: 0 | H73: 1 | I73: 2 | J73: 0 | K73: 0 | L73: 2 | M73: 0 | N73: 1 | O73: 0 | P73: 0 | Q73: 1 | R73: 0 | S73: 0 | T73: 2 | U73: 0 | V73: 1 | W73: 0 | X73: 1 | Y73: 2 | Z73: 0 | AA73: 0 | AB73: 0 | AC73: 1 | AD73: 0 | AE73: 0 | AF73: 1 | AG73: 0 | AH73: 0 | AI73: 1 | AJ73: 2 | AK73: 0 | AL73: 0 | AM73: 0 | AN73: 0 | AO73: 0 | AP73: 0 | AQ73: 0 | AR73: 0 | AS73: 0 | AT73: 3 | AU73: 2 | AV73: 0 | AW73: 0 | AX73: =SUM(E73:AW73) -> 23
B74: 5 | C74: 5. LUCKY PERDANA | E74: 1 | F74: 3 | G74: 1 | H74: 4 | I74: 4 | J74: 1 | K74: 4 | L74: 3 | M74: 2 | N74: 4 | O74: 1 | P74: 1 | Q74: 1 | R74: 1 | S74: 1 | T74: 3 | U74: 1 | V74: 2 | W74: 12 | X74: 0 | Y74: 4 | Z74: 4 | AA74: 8 | AB74: 18 | AC74: 8 | AD74: 3 | AE74: 6 | AF74: 4 | AG74: 1 | AH74: 2 | AI74: 0 | AJ74: 6 | AK74: 10 | AL74: 8 | AM74: 3 | AN74: 15 | AO74: 1 | AP74: 7 | AQ74: 2 | AR74: 4 | AS74: 3 | AT74: 2 | AU74: 4 | AV74: 1 | AW74: 4 | AX74: =SUM(E74:AW74) -> 178
B75: 6 | C75: 6. WIWIK PUJIYATI | E75: 1 | F75: 2 | G75: 0 | H75: 0 | I75: 0 | J75: 0 | K75: 1 | L75: 0 | M75: 1 | N75: 0 | O75: 0 | P75: 0 | Q75: 0 | R75: 0 | S75: 0 | T75: 1 | U75: 0 | V75: 1 | W75: 2 | X75: 0 | Y75: 1 | Z75: 0 | AA75: 0 | AB75: 0 | AC75: 0 | AD75: 2 | AE75: 0 | AF75: 0 | AG75: 1 | AH75: 0 | AI75: 0 | AJ75: 0 | AK75: 0 | AL75: 1 | AM75: 1 | AN75: 0 | AO75: 1 | AP75: 2 | AQ75: 2 | AR75: 1 | AS75: 1 | AT75: 1 | AU75: 0 | AV75: 0 | AW75: 0 | AX75: =SUM(E75:AW75) -> 23
B76: 7 | C76: 7. CHANDRA ASTAN, S.T. | E76: 0 | F76: 0 | G76: 0 | H76: 0 | I76: 0 | J76: 0 | K76: 0 | L76: 0 | M76: 0 | N76: 0 | O76: 0 | P76: 2 | Q76: 0 | R76: 0 | S76: 0 | T76: 0 | U76: 0 | V76: 0 | W76: 0 | X76: 0 | Y76: 0 | Z76: 0 | AA76: 1 | AB76: 1 | AC76: 0 | AD76: 0 | AE76: 1 | AF76: 0 | AG76: 0 | AH76: 0 | AI76: 1 | AJ76: 0 | AK76: 1 | AL76: 0 | AM76: 0 | AN76: 0 | AO76: 0 | AP76: 0 | AQ76: 0 | AR76: 0 | AS76: 2 | AT76: 1 | AU76: 3 | AV76: 0 | AW76: 3 | AX76: =SUM(E76:AW76) -> 16
AX77: =SUM(E77:AW77) -> 0
AX78: =SUM(E78:AW78) -> 0
A79: B | B79: JUMLAH SUARA SAH PARTAI POLITIK DAN CALON (A1 + A2) | E79: =SUM(E69:E78) -> 64 | F79: =SUM(F69:F78) -> 89 | G79: =SUM(G69:G78) -> 60 | H79: =SUM(H69:H78) -> 77 | I79: =SUM(I69:I78) -> 49 | J79: =SUM(J69:J78) -> 38 | K79: =SUM(K69:K78) -> 16 | L79: =SUM(L69:L78) -> 52 | ... AX79: =SUM(AX69:AX78) -> 2395
A81: A.1 | B81: 4. | C81: Partai Golongan Karya | E81: 3 | F81: 1 | G81: 2 | H81: 4 | I81: 11 | J81: 2 | K81: 4 | L81: 4 | M81: 4 | N81: 9 | O81: 12 | P81: 24 | Q81: 15 | R81: 13 | S81: 3 | T81: 4 | U81: 5 | V81: 8 | W81: 3 | X81: 2 | Y81: 13 | Z81: 13 | AA81: 12 | AB81: 10 | AC81: 3 | AD81: 2 | AE81: 1 | AF81: 0 | AG81: 6 | AH81: 0 | AI81: 4 | AJ81: 14 | AK81: 3 | AL81: 10 | AM81: 11 | AN81: 6 | AO81: 13 | AP81: 3 | AQ81: 2 | AR81: 3 | AS81: 1 | AT81: 1 | AU81: 2 | AV81: 2 | AW81: 2 | AX81: =SUM(E81:AW81) -> 270
A82: A.2 | B82: 1 | C82: 1. ZULFIKAR ARSE SADIKIN, S.I.P., M.Si. | E82: 4 | F82: 8 | G82: 4 | H82: 3 | I82: 7 | J82: 6 | K82: 5 | L82: 6 | M82: 21 | N82: 5 | O82: 23 | P82: 51 | Q82: 102 | R82: 55 | S82: 13 | T82: 9 | U82: 46 | V82: 33 | W82: 9 | X82: 9 | Y82: 60 | Z82: 31 | AA82: 32 | AB82: 10 | AC82: 35 | AD82: 24 | AE82: 6 | AF82: 8 | AG82: 7 | AH82: 21 | AI82: 3 | AJ82: 13 | AK82: 9 | AL82: 11 | AM82: 18 | AN82: 4 | AO82: 23 | AP82: 3 | AQ82: 2 | AR82: 9 | AS82: 4 | AT82: 10 | AU82: 0 | AV82: 2 | AW82: 5 | AX82: =SUM(E82:AW82) -> 769
B83: 2 | C83: 2. HANDOKO | E83: 2 | F83: 8 | G83: 6 | H83: 1 | I83: 9 | J83: 5 | K83: 4 | L83: 2 | M83: 4 | N83: 3 | O83: 7 | P83: 1 | Q83: 13 | R83: 35 | S83: 5 | T83: 3 | U83: 2 | V83: 7 | W83: 4 | X83: 2 | Y83: 4 | Z83: 6 | AA83: 6 | AB83: 5 | AC83: 2 | AD83: 5 | AE83: 3 | AF83: 0 | AG83: 14 | AH83: 7 | AI83: 5 | AJ83: 15 | AK83: 12 | AL83: 3 | AM83: 12 | AN83: 4 | AO83: 4 | AP83: 0 | AQ83: 9 | AR83: 4 | AS83: 2 | AT83: 6 | AU83: 9 | AV83: 2 | AW83: 0 | AX83: =SUM(E83:AW83) -> 262
B84: 3 | C84: 3. Hj. OVI DEWI YANTI | E84: 1 | F84: 1 | G84: 1 | H84: 0 | I84: 0 | J84: 4 | K84: 1 | L84: 1 | M84: 0 | N84: 2 | O84: 0 | P84: 1 | Q84: 1 | R84: 3 | S84: 0 | T84: 0 | U84: 6 | V84: 0 | W84: 1 | X84: 0 | Y84: 0 | Z84: 2 | AA84: 2 | AB84: 2 | AC84: 3 | AD84: 1 | AE84: 1 | AF84: 2 | AG84: 0 | AH84: 0 | AI84: 0 | AJ84: 0 | AK84: 1 | AL84: 0 | AM84: 0 | AN84: 2 | AO84: 2 | AP84: 0 | AQ84: 0 | AR84: 3 | AS84: 0 | AT84: 0 | AU84: 0 | AV84: 0 | AW84: 0 | AX84: =SUM(E84:AW84) -> 44
B85: 4 | C85: 4. Ir. AZAM AZMAN NATAWIJANA | E85: 0 | F85: 1 | G85: 0 | H85: 0 | I85: 3 | J85: 0 | K85: 3 | L85: 0 | M85: 1 | N85: 0 | O85: 0 | P85: 1 | Q85: 0 | R85: 0 | S85: 0 | T85: 1 | U85: 2 | V85: 0 | W85: 0 | X85: 0 | Y85: 1 | Z85: 0 | AA85: 1 | AB85: 0 | AC85: 0 | AD85: 2 | AE85: 0 | AF85: 0 | AG85: 1 | AH85: 0 | AI85: 0 | AJ85: 0 | AK85: 0 | AL85: 0 | AM85: 0 | AN85: 2 | AO85: 0 | AP85: 0 | AQ85: 0 | AR85: 1 | AS85: 0 | AT85: 0 | AU85: 0 | AV85: 0 | AW85: 1 | AX85: =SUM(E85:AW85) -> 21
B86: 5 | C86: 5. UBAIDILLAH AMIN, S.Kom. | E86: 0 | F86: 0 | G86: 0 | H86: 1 | I86: 1 | J86: 2 | K86: 0 | L86: 0 | M86: 0 | N86: 0 | O86: 1 | P86: 0 | Q86: 0 | R86: 0 | S86: 0 | T86: 0 | U86: 0 | V86: 1 | W86: 0 | X86: 2 | Y86: 0 | Z86: 0 | AA86: 1 | AB86: 0 | AC86: 0 | AD86: 2 | AE86: 0 | AF86: 1 | AG86: 1 | AH86: 0 | AI86: 1 | AJ86: 0 | AK86: 1 | AL86: 0 | AM86: 0 | AN86: 0 | AO86: 0 | AP86: 0 | AQ86: 1 | AR86: 0 | AS86: 1 | AT86: 0 | AU86: 0 | AV86: 0 | AW86: 0 | AX86: =SUM(E86:AW86) -> 17
B87: 6 | C87: 6. DENNY YUNIANDARI, S.H., M.Kn. | E87: 0 | F87: 0 | G87: 0 | H87: 0 | I87: 0 | J87: 0 | K87: 0 | L87: 1 | M87: 0 | N87: 0 | O87: 0 | P87: 1 | Q87: 0 | R87: 0 | S87: 0 | T87: 0 | U87: 0 | V87: 1 | W87: 1 | X87: 0 | Y87: 1 | Z87: 0 | AA87: 0 | AB87: 0 | AC87: 0 | AD87: 1 | AE87: 0 | AF87: 0 | AG87: 0 | AH87: 0 | AI87: 0 | AJ87: 1 | AK87: 1 | AL87: 1 | AM87: 0 | AN87: 0 | AO87: 0 | AP87: 0 | AQ87: 0 | AR87: 0 | AS87: 0 | AT87: 0 | AU87: 0 | AV87: 0 | AW87: 0 | AX87: =SUM(E87:AW87) -> 9
B88: 7 | C88: 7. ERNADI, S.H.I. | E88: 0 | F88: 0 | G88: 0 | H88: 0 | I88: 0 | J88: 0 | K88: 0 | L88: 1 | M88: 0 | N88: 0 | O88: 0 | P88: 0 | Q88: 0 | R88: 0 | S88: 0 | T88: 0 | U88: 0 | V88: 0 | W88: 0 | X88: 0 | Y88: 0 | Z88: 0 | AA88: 0 | AB88: 0 | AC88: 0 | AD88: 0 | AE88: 0 | AF88: 0 | AG88: 0 | AH88: 0 | AI88: 0 | AJ88: 0 | AK88: 0 | AL88: 0 | AM88: 0 | AN88: 0 | AO88: 0 | AP88: 0 | AQ88: 0 | AR88: 0 | AS88: 0 | AT88: 0 | AU88: 0 | AV88: 0 | AW88: 0 | AX88: =SUM(E88:AW88) -> 1
AX89: =SUM(E89:AW89) -> 0
AX90: =SUM(E90:AW90) -> 0
A91: B | B91: JUMLAH SUARA SAH PARTAI POLITIK DAN CALON (A1 + A2) | E91: =SUM(E81:E90) -> 10 | F91: =SUM(F81:F90) -> 19 | G91: =SUM(G81:G90) -> 13 | H91: =SUM(H81:H90) -> 9 | I91: =SUM(I81:I90) -> 31 | J91: =SUM(J81:J90) -> 19 | K91: =SUM(K81:K90) -> 17 | L91: =SUM(L81:L90) -> 15 | ... AX91: =SUM(AX81:AX90) -> 1393
A93: A.1 | B93: 5. | C93: Partai NasDem | E93: 1 | F93: 1 | G93: 1 | H93: 1 | I93: 0 | J93: 0 | K93: 0 | L93: 2 | M93: 1 | N93: 0 | O93: 0 | P93: 2 | Q93: 1 | R93: 1 | S93: 6 | T93: 2 | U93: 0 | V93: 1 | W93: 0 | X93: 2 | Y93: 4 | Z93: 0 | AA93: 5 | AB93: 2 | AC93: 1 | AD93: 0 | AE93: 0 | AF93: 1 | AG93: 6 | AH93: 5 | AI93: 0 | AJ93: 1 | AK93: 1 | AL93: 0 | AM93: 2 | AN93: 6 | AO93: 5 | AP93: 5 | AQ93: 1 | AR93: 4 | AS93: 4 | AT93: 0 | AU93: 1 | AV93: 1 | AW93: 2 | AX93: =SUM(E93:AW93) -> 79
A94: A.2 | B94: 1 | C94: 1. ACH. FADIL MUZAKKI SYAH | E94: 2 | F94: 1 | G94: 0 | H94: 0 | I94: 0 | J94: 1 | K94: 1 | L94: 1 | M94: 1 | N94: 0 | O94: 0 | P94: 0 | Q94: 0 | R94: 0 | S94: 1 | T94: 1 | U94: 0 | V94: 1 | W94: 5 | X94: 2 | Y94: 0 | Z94: 0 | AA94: 1 | AB94: 2 | AC94: 5 | AD94: 4 | AE94: 0 | AF94: 2 | AG94: 26 | AH94: 56 | AI94: 0 | AJ94: 2 | AK94: 1 | AL94: 0 | AM94: 1 | AN94: 1 | AO94: 0 | AP94: 4 | AQ94: 0 | AR94: 1 | AS94: 0 | AT94: 1 | AU94: 1 | AV94: 0 | AW94: 0 | AX94: =SUM(E94:AW94) -> 125
B95: 2 | C95: 2. BENY | E95: 0 | F95: 0 | G95: 0 | H95: 0 | I95: 1 | J95: 0 | K95: 0 | L95: 1 | M95: 0 | N95: 0 | O95: 0 | P95: 0 | Q95: 0 | R95: 0 | S95: 0 | T95: 0 | U95: 0 | V95: 1 | W95: 0 | X95: 0 | Y95: 0 | Z95: 0 | AA95: 0 | AB95: 0 | AC95: 0 | AD95: 1 | AE95: 0 | AF95: 1 | AG95: 0 | AH95: 0 | AI95: 0 | AJ95: 0 | AK95: 0 | AL95: 0 | AM95: 0 | AN95: 0 | AO95: 0 | AP95: 0 | AQ95: 0 | AR95: 0 | AS95: 1 | AT95: 0 | AU95: 0 | AV95: 0 | AW95: 0 | AX95: =SUM(E95:AW95) -> 6
B96: 3 | C96: 3. VINA VERONIKA | E96: 0 | F96: 0 | G96: 0 | H96: 0 | I96: 0 | J96: 0 | K96: 0 | L96: 0 | M96: 0 | N96: 0 | O96: 0 | P96: 0 | Q96: 0 | R96: 0 | S96: 1 | T96: 0 | U96: 0 | V96: 0 | W96: 0 | X96: 1 | Y96: 0 | Z96: 0 | AA96: 0 | AB96: 0 | AC96: 1 | AD96: 1 | AE96: 0 | AF96: 0 | AG96: 0 | AH96: 1 | AI96: 0 | AJ96: 0 | AK96: 0 | AL96: 0 | AM96: 0 | AN96: 0 | AO96: 0 | AP96: 0 | AQ96: 1 | AR96: 1 | AS96: 0 | AT96: 0 | AU96: 0 | AV96: 1 | AW96: 0 | AX96: =SUM(E96:AW96) -> 8
B97: 4 | C97: 4. TEDDY ANUGRIANTO | E97: 3 | F97: 1 | G97: 4 | H97: 1 | I97: 3 | J97: 1 | K97: 1 | L97: 5 | M97: 7 | N97: 2 | O97: 1 | P97: 0 | Q97: 14 | R97: 2 | S97: 0 | T97: 0 | U97: 0 | V97: 0 | W97: 0 | X97: 0 | Y97: 1 | Z97: 0 | AA97: 0 | AB97: 1 | AC97: 0 | AD97: 0 | AE97: 1 | AF97: 3 | AG97: 2 | AH97: 0 | AI97: 0 | AJ97: 0 | AK97: 0 | AL97: 0 | AM97: 0 | AN97: 0 | AO97: 1 | AP97: 0 | AQ97: 0 | AR97: 0 | AS97: 0 | AT97: 0 | AU97: 0 | AV97: 2 | AW97: 3 | AX97: =SUM(E97:AW97) -> 59
B98: 5 | C98: 5. INSAN KAMIL | E98: 0 | F98: 1 | G98: 0 | H98: 0 | I98: 0 | J98: 0 | K98: 0 | L98: 0 | M98: 1 | N98: 0 | O98: 0 | P98: 2 | Q98: 0 | R98: 0 | S98: 0 | T98: 1 | U98: 0 | V98: 0 | W98: 0 | X98: 0 | Y98: 0 | Z98: 0 | AA98: 0 | AB98: 0 | AC98: 0 | AD98: 0 | AE98: 0 | AF98: 0 | AG98: 1 | AH98: 0 | AI98: 0 | AJ98: 1 | AK98: 0 | AL98: 1 | AM98: 0 | AN98: 1 | AO98: 2 | AP98: 0 | AQ98: 0 | AR98: 0 | AS98: 0 | AT98: 0 | AU98: 0 | AV98: 1 | AW98: 0 | AX98: =SUM(E98:AW98) -> 12
B99: 6 | C99: 6. LILIK LINDARWATI | E99: 0 | F99: 0 | G99: 0 | H99: 1 | I99: 0 | J99: 0 | K99: 0 | L99: 0 | M99: 0 | N99: 0 | O99: 0 | P99: 0 | Q99: 0 | R99: 0 | S99: 0 | T99: 0 | U99: 0 | V99: 0 | W99: 0 | X99: 0 | Y99: 1 | Z99: 0 | AA99: 0 | AB99: 0 | AC99: 0 | AD99: 0 | AE99: 0 | AF99: 0 | AG99: 0 | AH99: 0 | AI99: 0 | AJ99: 0 | AK99: 0 | AL99: 0 | AM99: 0 | AN99: 0 | AO99: 0 | AP99: 1 | AQ99: 0 | AR99: 0 | AS99: 0 | AT99: 0 | AU99: 0 | AV99: 0 | AW99: 0 | AX99: =SUM(E99:AW99) -> 3
B100: 7 | C100: 7. YULI ANITA | E100: 0 | F100: 0 | G100: 0 | H100: 0 | I100: 0 | J100: 0 | K100: 0 | L100: 0 | M100: 0 | N100: 0 | O100: 0 | P100: 0 | Q100: 0 | R100: 0 | S100: 0 | T100: 0 | U100: 0 | V100: 0 | W100: 0 | X100: 1 | Y100: 2 | Z100: 0 | AA100: 0 | AB100: 0 | AC100: 0 | AD100: 0 | AE100: 0 | AF100: 1 | AG100: 0 | AH100: 0 | AI100: 0 | AJ100: 0 | AK100: 0 | AL100: 0 | AM100: 0 | AN100: 0 | AO100: 0 | AP100: 0 | AQ100: 0 | AR100: 0 | AS100: 0 | AT100: 0 | AU100: 0 | AV100: 0 | AW100: 0 | AX100: =SUM(E100:AW100) -> 4
AX101: =SUM(E101:AW101) -> 0
AX102: =SUM(E102:AW102) -> 0
A103: B | B103: JUMLAH SUARA SAH PARTAI POLITIK DAN CALON (A1 + A2) | E103: =SUM(E93:E102) -> 6 | F103: =SUM(F93:F102) -> 4 | G103: =SUM(G93:G102) -> 5 | H103: =SUM(H93:H102) -> 3 | I103: =SUM(I93:I102) -> 4 | J103: =SUM(J93:J102) -> 2 | K103: =SUM(K93:K102) -> 2 | L103: =SUM(L93:L102) -> 9 | ... AX103: =SUM(AX93:AX102) -> 296
A105: A.1 | B105: 6. | C105: Partai Buruh | E105: 2 | F105: 0 | G105: 0 | H105: 1 | I105: 0 | J105: 0 | K105: 1 | L105: 0 | M105: 1 | N105: 3 | O105: 1 | P105: 0 | Q105: 0 | R105: 0 | S105: 0 | T105: 0 | U105: 0 | V105: 1 | W105: 0 | X105: 0 | Y105: 2 | Z105: 0 | AA105: 1 | AB105: 0 | AC105: 0 | AD105: 0 | AE105: 1 | AF105: 0 | AG105: 0 | AH105: 0 | AI105: 0 | AJ105: 0 | AK105: 0 | AL105: 0 | AM105: 0 | AN105: 0 | AO105: 2 | AP105: 0 | AQ105: 1 | AR105: 0 | AS105: 0 | AT105: 2 | AU105: 1 | AV105: 2 | AW105: 0 | AX105: =SUM(E105:AW105) -> 22
A106: A.2 | B106: 1 | C106: 1. KHOIRUL ANAM | E106: 0 | F106: 0 | G106: 0 | H106: 0 | I106: 0 | J106: 0 | K106: 0 | L106: 0 | M106: 0 | N106: 0 | O106: 0 | P106: 0 | Q106: 0 | R106: 0 | S106: 0 | T106: 0 | U106: 0 | V106: 0 | W106: 0 | X106: 0 | Y106: 0 | Z106: 2 | AA106: 0 | AB106: 0 | AC106: 0 | AD106: 0 | AE106: 2 | AF106: 0 | AG106: 0 | AH106: 0 | AI106: 0 | AJ106: 0 | AK106: 0 | AL106: 1 | AM106: 1 | AN106: 0 | AO106: 0 | AP106: 0 | AQ106: 0 | AR106: 0 | AS106: 1 | AT106: 0 | AU106: 0 | AV106: 0 | AW106: 0 | AX106: =SUM(E106:AW106) -> 7
B107: 2 | C107: 2. INA KURNIA | E107: 0 | F107: 0 | G107: 0 | H107: 0 | I107: 0 | J107: 1 | K107: 0 | L107: 0 | M107: 0 | N107: 0 | O107: 1 | P107: 0 | Q107: 0 | R107: 0 | S107: 1 | T107: 0 | U107: 0 | V107: 0 | W107: 1 | X107: 0 | Y107: 0 | Z107: 0 | AA107: 0 | AB107: 2 | AC107: 0 | AD107: 0 | AE107: 0 | AF107: 0 | AG107: 0 | AH107: 3 | AI107: 1 | AJ107: 1 | AK107: 0 | AL107: 0 | AM107: 0 | AN107: 0 | AO107: 0 | AP107: 0 | AQ107: 0 | AR107: 0 | AS107: 1 | AT107: 1 | AU107: 0 | AV107: 1 | AW107: 0 | AX107: =SUM(E107:AW107) -> 14
B108: 3 | C108: 3. JIBRAL TAROUK | E108: 0 | F108: 0 | G108: 0 | H108: 0 | I108: 0 | J108: 0 | K108: 0 | L108: 0 | M108: 0 | N108: 1 | O108: 0 | P108: 0 | Q108: 0 | R108: 0 | S108: 0 | T108: 0 | U108: 0 | V108: 0 | W108: 0 | X108: 0 | Y108: 0 | Z108: 0 | AA108: 0 | AB108: 0 | AC108: 0 | AD108: 0 | AE108: 0 | AF108: 1 | AG108: 0 | AH108: 1 | AI108: 0 | AJ108: 0 | AK108: 0 | AL108: 0 | AM108: 0 | AN108: 1 | AO108: 1 | AP108: 0 | AQ108: 0 | AR108: 0 | AS108: 0 | AT108: 0 | AU108: 0 | AV108: 0 | AW108: 0 | AX108: =SUM(E108:AW108) -> 5
B109: 4 | C109: 4. ASTUTI DAENG PUJI | E109: 0 | F109: 0 | G109: 0 | H109: 0 | I109: 1 | J109: 0 | K109: 0 | L109: 0 | M109: 0 | N109: 0 | O109: 0 | P109: 0 | Q109: 0 | R109: 0 | S109: 0 | T109: 0 | U109: 0 | V109: 0 | W109: 0 | X109: 0 | Y109: 0 | Z109: 0 | AA109: 0 | AB109: 0 | AC109: 0 | AD109: 0 | AE109: 0 | AF109: 0 | AG109: 0 | AH109: 1 | AI109: 0 | AJ109: 0 | AK109: 0 | AL109: 0 | AM109: 0 | AN109: 0 | AO109: 0 | AP109: 0 | AQ109: 0 | AR109: 0 | AS109: 0 | AT109: 0 | AU109: 0 | AV109: 0 | AW109: 0 | AX109: =SUM(E109:AW109) -> 2
B110: 5 | C110: 5. ASDARMAWAN | E110: 0 | F110: 0 | G110: 0 | H110: 0 | I110: 0 | J110: 0 | K110: 0 | L110: 0 | M110: 1 | N110: 0 | O110: 0 | P110: 0 | Q110: 0 | R110: 0 | S110: 0 | T110: 0 | U110: 0 | V110: 0 | W110: 0 | X110: 0 | Y110: 0 | Z110: 0 | AA110: 1 | AB110: 0 | AC110: 0 | AD110: 0 | AE110: 0 | AF110: 0 | AG110: 0 | AH110: 0 | AI110: 0 | AJ110: 0 | AK110: 0 | AL110: 0 | AM110: 0 | AN110: 0 | AO110: 0 | AP110: 0 | AQ110: 0 | AR110: 0 | AS110: 0 | AT110: 0 | AU110: 0 | AV110: 0 | AW110: 0 | AX110: =SUM(E110:AW110) -> 2
B111: 6 | C111: 6. RIFQI MUBAROK | E111: 0 | F111: 0 | G111: 0 | H111: 0 | I111: 0 | J111: 0 | K111: 0 | L111: 0 | M111: 1 | N111: 0 | O111: 0 | P111: 0 | Q111: 0 | R111: 0 | S111: 0 | T111: 0 | U111: 0 | V111: 0 | W111: 0 | X111: 0 | Y111: 1 | Z111: 0 | AA111: 0 | AB111: 0 | AC111: 0 | AD111: 0 | AE111: 0 | AF111: 0 | AG111: 0 | AH111: 0 | AI111: 0 | AJ111: 0 | AK111: 0 | AL111: 0 | AM111: 0 | AN111: 0 | AO111: 0 | AP111: 0 | AQ111: 0 | AR111: 0 | AS111: 0 | AT111: 0 | AU111: 0 | AV111: 0 | AW111: 0 | AX111: =SUM(E111:AW111) -> 2
B112: 7 | C112: 7. FIRNANDA ALTA MEGA | E112: 0 | F112: 0 | G112: 0 | H112: 0 | I112: 0 | J112: 0 | K112: 0 | L112: 0 | M112: 0 | N112: 0 | O112: 0 | P112: 0 | Q112: 0 | R112: 0 | S112: 0 | T112: 0 | U112: 0 | V112: 0 | W112: 0 | X112: 0 | Y112: 0 | Z112: 0 | AA112: 0 | AB112: 0 | AC112: 0 | AD112: 0 | AE112: 0 | AF112: 0 | AG112: 0 | AH112: 0 | AI112: 0 | AJ112: 0 | AK112: 0 | AL112: 0 | AM112: 0 | AN112: 0 | AO112: 0 | AP112: 0 | AQ112: 0 | AR112: 0 | AS112: 0 | AT112: 0 | AU112: 0 | AV112: 0 | AW112: 0 | AX112: =SUM(E112:AW112) -> 0
AX113: =SUM(E113:AW113) -> 0
AX114: =SUM(E114:AW114) -> 0
A115: B | B115: JUMLAH SUARA SAH PARTAI POLITIK DAN CALON (A1 + A2) | E115: =SUM(E105:E114) -> 2 | F115: =SUM(F105:F114) -> 0 | G115: =SUM(G105:G114) -> 0 | H115: =SUM(H105:H114) -> 1 | I115: =SUM(I105:I114) -> 1 | J115: =SUM(J105:J114) -> 1 | K115: =SUM(K105:K114) -> 1 | L115: =SUM(L105:L114) -> 0 | ... AX115: =SUM(AX105:AX114) -> 54
A117: A.1 | B117: 7. | C117: Partai Gelombang Rakyat Indonesia | E117: 0 | F117: 0 | G117: 0 | H117: 1 | I117: 2 | J117: 1 | K117: 0 | L117: 0 | M117: 0 | N117: 0 | O117: 1 | P117: 0 | Q117: 0 | R117: 0 | S117: 1 | T117: 0 | U117: 0 | V117: 0 | W117: 0 | X117: 0 | Y117: 1 | Z117: 0 | AA117: 0 | AB117: 0 | AC117: 0 | AD117: 0 | AE117: 0 | AF117: 1 | AG117: 0 | AH117: 0 | AI117: 1 | AJ117: 1 | AK117: 0 | AL117: 1 | AM117: 0 | AN117: 1 | AO117: 0 | AP117: 0 | AQ117: 0 | AR117: 1 | AS117: 0 | AT117: 0 | AU117: 0 | AV117: 0 | AW117: 0 | AX117: =SUM(E117:AW117) -> 13
...

Sheet TEMUGURUH
C2: Kecamatan | D2: SEMPU
C3: Kabupaten | D3: BANYUWANGI
C4: Provinsi | D4: JAWA TIMUR
C9: Kelurahan | D9: TEMUGURUH
A12: I | B12: DATA PEMILIH DAN PENGGUNAAN HAK PILIH | AL12: JUMLAH AKHIR
A13: A | B13: DATA PEMILIH | E13: TPS 001 | F13: TPS 002 | G13: TPS 003 | H13: TPS 004 | I13: TPS 005 | J13: TPS 006 | K13: TPS 007 | L13: TPS 008 | M13: TPS 009 | N13: TPS 010 | O13: TPS 011 | P13: TPS 012 | Q13: TPS 013 | R13: TPS 014 | S13: TPS 015 | T13: TPS 016 | U13: TPS 017 | V13: TPS 018 | W13: TPS 019 | X13: TPS 020 | Y13: TPS 021 | Z13: TPS 022 | AA13: TPS 023 | AB13: TPS 024 | AC13: TPS 025 | AD13: TPS 026 | AE13: TPS 027 | AF13: TPS 028 | AG13: TPS 029 | AH13: TPS 030 | AI13: TPS 031 | AJ13: TPS 032 | AK13: TPS 033
B14: Jumlah Pemilih dalam Daftar Pemilih Tetap (DPT) | D14: LK | E14: 149 | F14: 118 | G14: 119 | H14: 126 | I14: 112 | J14: 139 | K14: 141 | L14: 143 | M14: 110 | N14: 142 | O14: 114 | P14: 115 | Q14: 119 | R14: 146 | S14: 131 | T14: 105 | U14: 140 | V14: 152 | W14: 136 | X14: 121 | Y14: 108 | Z14: 112 | AA14: 148 | AB14: 143 | AC14: 149 | AD14: 144 | AE14: 146 | AF14: 150 | AG14: 154 | AH14: 146 | AI14: 158 | AJ14: 144 | AK14: 149 | AL14: =SUM(E14:AK14) -> 4429
D15: PR | E15: 136 | F15: 113 | G15: 123 | H15: 137 | I15: 113 | J15: 131 | K15: 142 | L15: 134 | M15: 141 | N15: 150 | O15: 121 | P15: 131 | Q15: 122 | R15: 144 | S15: 117 | T15: 95 | U15: 126 | V15: 138 | W15: 149 | X15: 115 | Y15: 94 | Z15: 117 | AA15: 135 | AB15: 152 | AC15: 150 | AD15: 146 | AE15: 151 | AF15: 145 | AG15: 143 | AH15: 130 | AI15: 137 | AJ15: 147 | AK15: 146 | AL15: =SUM(E15:AK15) -> 4371
D16: JML | E16: =SUM(E14:E15) -> 285 | F16: =SUM(F14:F15) -> 231 | G16: =SUM(G14:G15) -> 242 | H16: =SUM(H14:H15) -> 263 | I16: =SUM(I14:I15) -> 225 | J16: =SUM(J14:J15) -> 270 | K16: =SUM(K14:K15) -> 283 | L16: =SUM(L14:L15) -> 277 | ... AK16: =SUM(AK14:AK15) -> 295 | AL16: =SUM(E16:AK16) -> 8800
A18: B | B18: PENGGUNA HAK PILIH
B19: 1. | C19: Jumlah pengguna hak pilih dalam Daftar Pemilih Tetap (DPT) | D19: LK | E19: 112 | F19: 80 | G19: 88 | H19: 87 | I19: 80 | J19: 96 | K19: 104 | L19: 105 | M19: 81 | N19: 98 | O19: 77 | P19: 80 | Q19: 83 | R19: 86 | S19: 103 | T19: 71 | U19: 93 | V19: 100 | W19: 97 | X19: 68 | Y19: 67 | Z19: 79 | AA19: 105 | AB19: 90 | AC19: 99 | AD19: 146 | AE19: 112 | AF19: 90 | AG19: 118 | AH19: 100 | AI19: 106 | AJ19: 107 | AK19: 117 | AL19: =SUM(E19:AK19) -> 3125
D20: PR | E20: 98 | F20: 87 | G20: 90 | H20: 97 | I20: 81 | J20: 92 | K20: 110 | L20: 98 | M20: 104 | N20: 110 | O20: 99 | P20: 91 | Q20: 92 | R20: 96 | S20: 98 | T20: 76 | U20: 86 | V20: 94 | W20: 110 | X20: 77 | Y20: 75 | Z20: 86 | AA20: 108 | AB20: 106 | AC20: 119 | AD20: 66 | AE20: 128 | AF20: 95 | AG20: 119 | AH20: 95 | AI20: 104 | AJ20: 123 | AK20: 122 | AL20: =SUM(E20:AK20) -> 3232
D21: JML | E21: =SUM(E19:E20) -> 210 | F21: =SUM(F19:F20) -> 167 | G21: =SUM(G19:G20) -> 178 | H21: =SUM(H19:H20) -> 184 | I21: =SUM(I19:I20) -> 161 | J21: =SUM(J19:J20) -> 188 | K21: =SUM(K19:K20) -> 214 | L21: =SUM(L19:L20) -> 203 | ... AK21: =SUM(AK19:AK20) -> 239 | AL21: =SUM(E21:AK21) -> 6357
B22: 2. | C22: Jumlah pengguna hak pilih dalam Daftar Pemilih Tambahan (DPTb) | D22: LK | E22: 0 | F22: 0 | G22: 1 | H22: 0 | I22: 1 | J22: 1 | K22: 1 | L22: 0 | M22: 0 | N22: 0 | O22: 0 | P22: 0 | Q22: 0 | R22: 0 | S22: 0 | T22: 0 | U22: 0 | V22: 0 | W22: 0 | X22: 0 | Y22: 0 | Z22: 0 | AA22: 0 | AB22: 0 | AC22: 1 | AD22: 0 | AE22: 0 | AF22: 0 | AG22: 0 | AH22: 0 | AI22: 1 | AJ22: 0 | AK22: 0 | AL22: =SUM(E22:AK22) -> 6
D23: PR | E23: 0 | F23: 0 | G23: 1 | H23: 1 | I23: 0 | J23: 0 | K23: 0 | L23: 0 | M23: 0 | N23: 1 | O23: 0 | P23: 0 | Q23: 0 | R23: 0 | S23: 0 | T23: 0 | U23: 0 | V23: 0 | W23: 1 | X23: 0 | Y23: 0 | Z23: 1 | AA23: 0 | AB23: 0 | AC23: 0 | AD23: 0 | AE23: 0 | AF23: 0 | AG23: 1 | AH23: 1 | AI23: 0 | AJ23: 0 | AK23: 1 | AL23: =SUM(E23:AK23) -> 8
D24: JML | E24: =SUM(E22:E23) -> 0 | F24: =SUM(F22:F23) -> 0 | G24: =SUM(G22:G23) -> 2 | H24: =SUM(H22:H23) -> 1 | I24: =SUM(I22:I23) -> 1 | J24: =SUM(J22:J23) -> 1 | K24: =SUM(K22:K23) -> 1 | L24: =SUM(L22:L23) -> 0 | ... AK24: =SUM(AK22:AK23) -> 1 | AL24: =SUM(E24:AK24) -> 14
B25: 3. | C25: Jumlah pengguna hak pilih dalam Daftar Pemilih Khusus (DPK) | D25: LK | E25: 0 | F25: 0 | G25: 0 | H25: 1 | I25: 1 | J25: 2 | K25: 1 | L25: 2 | M25: 1 | N25: 1 | O25: 0 | P25: 1 | Q25: 1 | R25: 0 | S25: 1 | T25: 0 | U25: 0 | V25: 0 | W25: 0 | X25: 0 | Y25: 0 | Z25: 2 | AA25: 0 | AB25: 0 | AC25: 0 | AD25: 0 | AE25: 0 | AF25: 0 | AG25: 0 | AH25: 0 | AI25: 0 | AJ25: 2 | AK25: 2 | AL25: =SUM(E25:AK25) -> 18
D26: PR | E26: 0 | F26: 0 | G26: 2 | H26: 0 | I26: 2 | J26: 2 | K26: 1 | L26: 2 | M26: 3 | N26: 4 | O26: 0 | P26: 2 | Q26: 1 | R26: 0 | S26: 1 | T26: 1 | U26: 0 | V26: 0 | W26: 0 | X26: 0 | Y26: 0 | Z26: 2 | AA26: 0 | AB26: 0 | AC26: 0 | AD26: 0 | AE26: 0 | AF26: 0 | AG26: 0 | AH26: 1 | AI26: 0 | AJ26: 2 | AK26: 3 | AL26: =SUM(E26:AK26) -> 29
D27: JML | E27: =SUM(E25:E26) -> 0 | F27: =SUM(F25:F26) -> 0 | G27: =SUM(G25:G26) -> 2 | H27: =SUM(H25:H26) -> 1 | I27: =SUM(I25:I26) -> 3 | J27: =SUM(J25:J26) -> 4 | K27: =SUM(K25:K26) -> 2 | L27: =SUM(L25:L26) -> 4 | ... AK27: =SUM(AK25:AK26) -> 5 | AL27: =SUM(E27:AK27) -> 47
B28: 4. | C28: Jumlah Pengguna Hak Pilih (B.1+B.2+B.3) | D28: LK | E28: =SUM(E19,E22,E25) -> 112 | F28: =SUM(F19,F22,F25) -> 80 | G28: =SUM(G19,G22,G25) -> 89 | H28: =SUM(H19,H22,H25) -> 88 | I28: =SUM(I19,I22,I25) -> 82 | J28: =SUM(J19,J22,J25) -> 99 | K28: =SUM(K19,K22,K25) -> 106 | L28: =SUM(L19,L22,L25) -> 107 | ... AK28: =SUM(AK19,AK22,AK25) -> 119 | AL28: =SUM(E28:AK28) -> 3149
D29: PR | E29: =SUM(E20,E23,E26) -> 98 | F29: =SUM(F20,F23,F26) -> 87 | G29: =SUM(G20,G23,G26) -> 93 | H29: =SUM(H20,H23,H26) -> 98 | I29: =SUM(I20,I23,I26) -> 83 | J29: =SUM(J20,J23,J26) -> 94 | K29: =SUM(K20,K23,K26) -> 111 | L29: =SUM(L20,L23,L26) -> 100 | ... AK29: =SUM(AK20,AK23,AK26) -> 126 | AL29: =SUM(E29:AK29) -> 3269
D30: JML | E30: =SUM(E28:E29) -> 210 | F30: =SUM(F28:F29) -> 167 | G30: =SUM(G28:G29) -> 182 | H30: =SUM(H28:H29) -> 186 | I30: =SUM(I28:I29) -> 165 | J30: =SUM(J28:J29) -> 193 | K30: =SUM(K28:K29) -> 217 | L30: =SUM(L28:L29) -> 207 | ... AK30: =SUM(AK28:AK29) -> 245 | AL30: =SUM(E30:AK30) -> 6418
A32: II | B32: DATA PENGGUNAAN SURAT SUARA
A33: 1 | B33: Jumlah surat suara yang diterima, termasuk surat suara cadangan 2,5% dari DPT | E33: 291 | F33: 236 | G33: 247 | H33: 270 | I33: 229 | J33: 276 | K33: 289 | L33: 294 | M33: 247 | N33: 298 | O33: 240 | P33: 251 | Q33: 246 | R33: 296 | S33: 253 | T33: 204 | U33: 272 | V33: 294 | W33: 291 | X33: 241 | Y33: 208 | Z33: 234 | AA33: 280 | AB33: 311 | AC33: 305 | AD33: 296 | AE33: 293 | AF33: 301 | AG33: 293 | AH33: 282 | AI33: 291 | AJ33: 280 | AK33: 301 | AL33: =SUM(E33:AK33) -> 8940
A34: 2 | B34: Jumlah surat suara yang digunakan | E34: 210 | F34: 167 | G34: 182 | H34: 186 | I34: 165 | J34: 193 | K34: 217 | L34: 207 | M34: 189 | N34: 214 | O34: 176 | P34: 174 | Q34: 177 | R34: 182 | S34: 203 | T34: 148 | U34: 179 | V34: 194 | W34: 208 | X34: 145 | Y34: 142 | Z34: 170 | AA34: 213 | AB34: 196 | AC34: 219 | AD34: 212 | AE34: 240 | AF34: 185 | AG34: 238 | AH34: 197 | AI34: 211 | AJ34: 234 | AK34: 245 | AL34: =SUM(E34:AK34) -> 6418
A35: 3 | B35: Jumlah surat suara dikembalikan oleh pemilih (karena rusak atau keliru coblos) | E35: 0 | F35: 0 | G35: 0 | H35: 0 | I35: 0 | J35: 1 | K35: 1 | L35: 1 | M35: 0 | N35: 1 | O35: 0 | P35: 0 | Q35: 0 | R35: 1 | S35: 0 | T35: 0 | U35: 0 | V35: 0 | W35: 0 | X35: 0 | Y35: 0 | Z35: 1 | AA35: 0 | AB35: 0 | AC35: 0 | AD35: 0 | AE35: 0 | AF35: 1 | AG35: 0 | AH35: 0 | AI35: 2 | AJ35: 0 | AK35: 3 | AL35: =SUM(E35:AK35) -> 12
A36: 4 | B36: Jumlah surat suara yang tidak digunakan/tidak terpakai, termasuk sisa surat suara cadangan | E36: =E33-(E34+E35) -> 81 | F36: =F33-(F34+F35) -> 69 | G36: =G33-(G34+G35) -> 65 | H36: =H33-(H34+H35) -> 84 | I36: =I33-(I34+I35) -> 64 | J36: =J33-(J34+J35) -> 82 | K36: =K33-(K34+K35) -> 71 | L36: =L33-(L34+L35) -> 86 | ... AK36: =AK33-(AK34+AK35) -> 53 | AL36: =SUM(E36:AK36) -> 2510
A38: III | B38: DATA PEMILIH DISABILITAS
B39: Jumlah seluruh Pemilih disabilitas yang menggunakan hak pilih | D39: LK | E39: 0 | F39: 0 | G39: 0 | H39: 0 | I39: 0 | J39: 0 | K39: 1 | L39: 0 | M39: 1 | N39: 0 | O39: 0 | P39: 0 | Q39: 0 | R39: 0 | S39: 0 | T39: 0 | U39: 0 | V39: 0 | W39: 0 | X39: 0 | Y39: 0 | Z39: 1 | AA39: 0 | AB39: 0 | AC39: 0 | AD39: 0 | AE39: 0 | AF39: 2 | AG39: 0 | AH39: 0 | AI39: 0 | AJ39: 0 | AK39: 0 | AL39: =SUM(E39:AK39) -> 5
D40: PR | E40: 0 | F40: 0 | G40: 0 | H40: 0 | I40: 0 | J40: 0 | K40: 0 | L40: 0 | M40: 0 | N40: 0 | O40: 0 | P40: 0 | Q40: 0 | R40: 0 | S40: 0 | T40: 0 | U40: 0 | V40: 0 | W40: 0 | X40: 0 | Y40: 0 | Z40: 0 | AA40: 0 | AB40: 0 | AC40: 0 | AD40: 0 | AE40: 1 | AF40: 1 | AG40: 0 | AH40: 0 | AI40: 0 | AJ40: 0 | AK40: 0 | AL40: =SUM(E40:AK40) -> 2
D41: JML | E41: =SUM(E39:E40) -> 0 | F41: =SUM(F39:F40) -> 0 | G41: =SUM(G39:G40) -> 0 | H41: =SUM(H39:H40) -> 0 | I41: =SUM(I39:I40) -> 0 | J41: =SUM(J39:J40) -> 0 | K41: =SUM(K39:K40) -> 1 | L41: =SUM(L39:L40) -> 0 | ... AK41: =SUM(AK39:AK40) -> 0 | AL41: =SUM(E41:AK41) -> 7
A43: IV | B43: DATA RINCIAN PEROLEHAN SUARA PASANGAN CALON BUPATI DAN WAKIL BUPATI
A44: NOMOR DAN NAMA CALON
A45: A.1 | B45: 1. | C45: Partai Kebangkitan Bangsa | E45: 3 | F45: 0 | G45: 6 | H45: 10 | I45: 5 | J45: 7 | K45: 2 | L45: 14 | M45: 9 | N45: 16 | O45: 14 | P45: 21 | Q45: 6 | R45: 10 | S45: 13 | T45: 7 | U45: 8 | V45: 7 | W45: 4 | X45: 8 | Y45: 5 | Z45: 13 | AA45: 6 | AB45: 5 | AC45: 6 | AD45: 6 | AE45: 12 | AF45: 11 | AG45: 2 | AH45: 3 | AI45: 4 | AJ45: 9 | AK45: 8 | AL45: =SUM(E45:AK45) -> 260
A46: A.2 | B46: 1 | C46: 1. Dr. Hj. NIHAYATUL WAFIROH, M.A. | E46: 1 | F46: 3 | G46: 10 | H46: 15 | I46: 7 | J46: 21 | K46: 11 | L46: 24 | M46: 27 | N46: 22 | O46: 18 | P46: 21 | Q46: 38 | R46: 37 | S46: 26 | T46: 18 | U46: 17 | V46: 8 | W46: 24 | X46: 19 | Y46: 6 | Z46: 30 | AA46: 22 | AB46: 18 | AC46: 12 | AD46: 14 | AE46: 16 | AF46: 15 | AG46: 7 | AH46: 1 | AI46: 0 | AJ46: 6 | AK46: 12 | AL46: =SUM(E46:AK46) -> 526
B47: 2 | C47: 2. H. M. NASIM KHAN | E47: 2 | F47: 2 | G47: 4 | H47: 2 | I47: 6 | J47: 7 | K47: 3 | L47: 8 | M47: 9 | N47: 7 | O47: 1 | P47: 3 | Q47: 7 | R47: 3 | S47: 4 | T47: 2 | U47: 3 | V47: 3 | W47: 2 | X47: 3 | Y47: 0 | Z47: 6 | AA47: 0 | AB47: 2 | AC47: 0 | AD47: 2 | AE47: 1 | AF47: 5 | AG47: 1 | AH47: 1 | AI47: 1 | AJ47: 2 | AK47: 0 | AL47: =SUM(E47:AK47) -> 102
B48: 3 | C48: 3. Dr. H. AKIK ZAMAN, M.Pd.I. | E48: 0 | F48: 1 | G48: 1 | H48: 0 | I48: 2 | J48: 0 | K48: 1 | L48: 2 | M48: 3 | N48: 0 | O48: 1 | P48: 2 | Q48: 0 | R48: 2 | S48: 3 | T48: 0 | U48: 0 | V48: 1 | W48: 1 | X48: 0 | Y48: 0 | Z48: 0 | AA48: 0 | AB48: 0 | AC48: 0 | AD48: 0 | AE48: 0 | AF48: 0 | AG48: 0 | AH48: 0 | AI48: 0 | AJ48: 1 | AK48: 1 | AL48: =SUM(E48:AK48) -> 22
B49: 4 | C49: 4. AHMAD RIFA'I, S.H. | E49: 1 | F49: 0 | G49: 1 | H49: 0 | I49: 0 | J49: 0 | K49: 0 | L49: 0 | M49: 2 | N49: 2 | O49: 0 | P49: 0 | Q49: 2 | R49: 1 | S49: 2 | T49: 0 | U49: 0 | V49: 0 | W49: 1 | X49: 0 | Y49: 0 | Z49: 0 | AA49: 0 | AB49: 0 | AC49: 0 | AD49: 0 | AE49: 2 | AF49: 0 | AG49: 0 | AH49: 0 | AI49: 0 | AJ49: 1 | AK49: 0 | AL49: =SUM(E49:AK49) -> 15
B50: 5 | C50: 5. Drs. H. MAHFUD M.N. | E50: 0 | F50: 0 | G50: 1 | H50: 0 | I50: 0 | J50: 1 | K50: 1 | L50: 0 | M50: 0 | N50: 1 | O50: 0 | P50: 2 | Q50: 1 | R50: 2 | S50: 0 | T50: 0 | U50: 0 | V50: 0 | W50: 0 | X50: 0 | Y50: 0 | Z50: 1 | AA50: 0 | AB50: 0 | AC50: 1 | AD50: 1 | AE50: 0 | AF50: 1 | AG50: 0 | AH50: 0 | AI50: 0 | AJ50: 0 | AK50: 0 | AL50: =SUM(E50:AK50) -> 13
B51: 6 | C51: 6. NURHAYATI, S.Pd. | E51: 0 | F51: 0 | G51: 1 | H51: 0 | I51: 0 | J51: 0 | K51: 0 | L51: 2 | M51: 1 | N51: 0 | O51: 0 | P51: 0 | Q51: 1 | R51: 0 | S51: 0 | T51: 0 | U51: 1 | V51: 1 | W51: 0 | X51: 0 | Y51: 0 | Z51: 0 | AA51: 1 | AB51: 0 | AC51: 0 | AD51: 0 | AE51: 0 | AF51: 0 | AG51: 0 | AH51: 0 | AI51: 0 | AJ51: 0 | AK51: 0 | AL51: =SUM(E51:AK51) -> 8
B52: 7 | C52: 7. MAFTUHA KISWAH | E52: 0 | F52: 0 | G52: 0 | H52: 0 | I52: 0 | J52: 0 | K52: 0 | L52: 1 | M52: 0 | N52: 0 | O52: 2 | P52: 0 | Q52: 0 | R52: 0 | S52: 1 | T52: 0 | U52: 0 | V52: 0 | W52: 0 | X52: 0 | Y52: 0 | Z52: 0 | AA52: 0 | AB52: 0 | AC52: 0 | AD52: 1 | AE52: 0 | AF52: 0 | AG52: 0 | AH52: 0 | AI52: 1 | AJ52: 0 | AK52: 0 | AL52: =SUM(E52:AK52) -> 6
AL53: =SUM(E53:AK53) -> 0
AL54: =SUM(E54:AK54) -> 0
A55: B | B55: JUMLAH SUARA SAH PARTAI POLITIK DAN CALON (A1 + A2) | E55: =SUM(E45:E54) -> 7 | F55: =SUM(F45:F54) -> 6 | G55: =SUM(G45:G54) -> 24 | H55: =SUM(H45:H54) -> 27 | I55: =SUM(I45:I54) -> 20 | J55: =SUM(J45:J54) -> 36 | K55: =SUM(K45:K54) -> 18 | L55: =SUM(L45:L54) -> 51 | ... AL55: =SUM(AL45:AL54) -> 952
A57: A.1 | B57: 2. | C57: Partai Gerakan Indonesia Raya | E57: 5 | F57: 7 | G57: 10 | H57: 8 | I57: 6 | J57: 3 | K57: 10 | L57: 16 | M57: 8 | N57: 13 | O57: 2 | P57: 6 | Q57: 10 | R57: 7 | S57: 9 | T57: 2 | U57: 12 | V57: 13 | W57: 1 | X57: 9 | Y57: 5 | Z57: 9 | AA57: 23 | AB57: 17 | AC57: 18 | AD57: 4 | AE57: 14 | AF57: 12 | AG57: 6 | AH57: 7 | AI57: 13 | AJ57: 18 | AK57: 8 | AL57: =SUM(E57:AK57) -> 311
A58: A.2 | B58: 1 | C58: 1. SUMAIL ABDULLAH | E58: 1 | F58: 6 | G58: 7 | H58: 8 | I58: 13 | J58: 8 | K58: 5 | L58: 13 | M58: 16 | N58: 9 | O58: 9 | P58: 4 | Q58: 8 | R58: 4 | S58: 2 | T58: 4 | U58: 14 | V58: 5 | W58: 6 | X58: 4 | Y58: 1 | Z58: 4 | AA58: 8 | AB58: 11 | AC58: 13 | AD58: 3 | AE58: 10 | AF58: 6 | AG58: 2 | AH58: 11 | AI58: 17 | AJ58: 33 | AK58: 15 | AL58: =SUM(E58:AK58) -> 280
B59: 2 | C59: 2. MUHAMMAD ALI ADRIAN SALEH | E59: 0 | F59: 4 | G59: 2 | H59: 7 | I59: 6 | J59: 6 | K59: 3 | L59: 5 | M59: 0 | N59: 4 | O59: 0 | P59: 2 | Q59: 2 | R59: 1 | S59: 4 | T59: 1 | U59: 3 | V59: 3 | W59: 2 | X59: 2 | Y59: 1 | Z59: 1 | AA59: 4 | AB59: 2 | AC59: 4 | AD59: 4 | AE59: 3 | AF59: 3 | AG59: 2 | AH59: 2 | AI59: 3 | AJ59: 11 | AK59: 6 | AL59: =SUM(E59:AK59) -> 103
B60: 3 | C60: 3. DURROTUN NAFISAH | E60: 1 | F60: 1 | G60: 0 | H60: 1 | I60: 2 | J60: 0 | K60: 0 | L60: 2 | M60: 0 | N60: 0 | O60: 0 | P60: 1 | Q60: 1 | R60: 0 | S60: 1 | T60: 0 | U60: 2 | V60: 1 | W60: 0 | X60: 1 | Y60: 0 | Z60: 1 | AA60: 5 | AB60: 1 | AC60: 0 | AD60: 0 | AE60: 0 | AF60: 0 | AG60: 1 | AH60: 2 | AI60: 1 | AJ60: 1 | AK60: 0 | AL60: =SUM(E60:AK60) -> 26
B61: 4 | C61: 4. H. EKO SUSILO NURHIDAYAT | E61: 4 | F61: 1 | G61: 5 | H61: 1 | I61: 2 | J61: 2 | K61: 2 | L61: 0 | M61: 1 | N61: 0 | O61: 0 | P61: 4 | Q61: 1 | R61: 1 | S61: 3 | T61: 2 | U61: 4 | V61: 0 | W61: 2 | X61: 3 | Y61: 0 | Z61: 17 | AA61: 5 | AB61: 3 | AC61: 6 | AD61: 0 | AE61: 5 | AF61: 5 | AG61: 0 | AH61: 2 | AI61: 0 | AJ61: 2 | AK61: 1 | AL61: =SUM(E61:AK61) -> 84
B62: 5 | C62: 5. KARNADI HARIJANTO, S.S. | E62: 1 | F62: 0 | G62: 0 | H62: 0 | I62: 0 | J62: 1 | K62: 0 | L62: 0 | M62: 0 | N62: 1 | O62: 0 | P62: 1 | Q62: 1 | R62: 1 | S62: 0 | T62: 1 | U62: 1 | V62: 0 | W62: 0 | X62: 0 | Y62: 0 | Z62: 1 | AA62: 0 | AB62: 2 | AC62: 1 | AD62: 2 | AE62: 0 | AF62: 0 | AG62: 0 | AH62: 0 | AI62: 0 | AJ62: 0 | AK62: 0 | AL62: =SUM(E62:AK62) -> 14
B63: 6 | C63: 6. NURHAYATI | E63: 1 | F63: 0 | G63: 0 | H63: 1 | I63: 1 | J63: 2 | K63: 1 | L63: 0 | M63: 2 | N63: 2 | O63: 0 | P63: 1 | Q63: 0 | R63: 0 | S63: 0 | T63: 0 | U63: 0 | V63: 1 | W63: 0 | X63: 0 | Y63: 0 | Z63: 0 | AA63: 1 | AB63: 2 | AC63: 1 | AD63: 0 | AE63: 0 | AF63: 1 | AG63: 1 | AH63: 1 | AI63: 1 | AJ63: 1 | AK63: 0 | AL63: =SUM(E63:AK63) -> 21
B64: 7 | C64: 7. MASHUDI | E64: 0 | F64: 0 | G64: 0 | H64: 0 | I64: 1 | J64: 0 | K64: 0 | L64: 0 | M64: 0 | N64: 0 | O64: 0 | P64: 0 | Q64: 0 | R64: 1 | S64: 0 | T64: 0 | U64: 1 | V64: 0 | W64: 0 | X64: 0 | Y64: 0 | Z64: 0 | AA64: 1 | AB64: 0 | AC64: 0 | AD64: 0 | AE64: 1 | AF64: 1 | AG64: 1 | AH64: 0 | AI64: 0 | AJ64: 1 | AK64: 0 | AL64: =SUM(E64:AK64) -> 8
AL65: =SUM(E65:AK65) -> 0
AL66: =SUM(E66:AK66) -> 0
A67: B | B67: JUMLAH SUARA SAH PARTAI POLITIK DAN CALON (A1 + A2) | E67: =SUM(E57:E66) -> 13 | F67: =SUM(F57:F66) -> 19 | G67: =SUM(G57:G66) -> 24 | H67: =SUM(H57:H66) -> 26 | I67: =SUM(I57:I66) -> 31 | J67: =SUM(J57:J66) -> 22 | K67: =SUM(K57:K66) -> 21 | L67: =SUM(L57:L66) -> 36 | ... AL67: =SUM(AL57:AL66) -> 847
A69: A.1 | B69: 3. | C69: Partai Demokrasi Indonesia Perjuangan | E69: 12 | F69: 12 | G69: 11 | H69: 5 | I69: 2 | J69: 7 | K69: 15 | L69: 3 | M69: 3 | N69: 4 | O69: 1 | P69: 4 | Q69: 4 | R69: 3 | S69: 13 | T69: 3 | U69: 5 | V69: 3 | W69: 12 | X69: 10 | Y69: 7 | Z69: 8 | AA69: 13 | AB69: 16 | AC69: 16 | AD69: 9 | AE69: 14 | AF69: 13 | AG69: 17 | AH69: 10 | AI69: 5 | AJ69: 2 | AK69: 7 | AL69: =SUM(E69:AK69) -> 269
A70: A.2 | B70: 1 | C70: 1. SONNY TRI DANAPARAMITA, S.H., M.H. | E70: 12 | F70: 12 | G70: 15 | H70: 15 | I70: 10 | J70: 20 | K70: 21 | L70: 14 | M70: 21 | N70: 8 | O70: 2 | P70: 8 | Q70: 5 | R70: 11 | S70: 5 | T70: 2 | U70: 13 | V70: 12 | W70: 39 | X70: 10 | Y70: 5 | Z70: 21 | AA70: 29 | AB70: 22 | AC70: 42 | AD70: 44 | AE70: 31 | AF70: 38 | AG70: 33 | AH70: 4 | AI70: 11 | AJ70: 13 | AK70: 10 | AL70: =SUM(E70:AK70) -> 558
B71: 2 | C71: 2. H. MOHAMAD GUNTUR ROMLI | E71: 9 | F71: 5 | G71: 1 | H71: 0 | I71: 0 | J71: 1 | K71: 4 | L71: 0 | M71: 1 | N71: 2 | O71: 1 | P71: 1 | Q71: 1 | R71: 1 | S71: 2 | T71: 3 | U71: 0 | V71: 0 | W71: 0 | X71: 3 | Y71: 0 | Z71: 2 | AA71: 2 | AB71: 1 | AC71: 3 | AD71: 0 | AE71: 3 | AF71: 2 | AG71: 0 | AH71: 2 | AI71: 10 | AJ71: 4 | AK71: 9 | AL71: =SUM(E71:AK71) -> 73
B72: 3 | C72: 3. INA AMMANIA | E72: 1 | F72: 2 | G72: 2 | H72: 1 | I72: 1 | J72: 0 | K72: 0 | L72: 1 | M72: 1 | N72: 0 | O72: 3 | P72: 2 | Q72: 0 | R72: 1 | S72: 4 | T72: 0 | U72: 2 | V72: 0 | W72: 2 | X72: 4 | Y72: 1 | Z72: 2 | AA72: 5 | AB72: 0 | AC72: 3 | AD72: 3 | AE72: 1 | AF72: 2 | AG72: 3 | AH72: 87 | AI72: 27 | AJ72: 1 | AK72: 2 | AL72: =SUM(E72:AK72) -> 164
B73: 4 | C73: 4. IRWAN BACHTIAR RACHMAT, M.Si. | E73: 3 | F73: 0 | G73: 0 | H73: 0 | I73: 2 | J73: 0 | K73: 0 | L73: 0 | M73: 0 | N73: 1 | O73: 0 | P73: 0 | Q73: 1 | R73: 1 | S73: 0 | T73: 0 | U73: 0 | V73: 3 | W73: 1 | X73: 4 | Y73: 0 | Z73: 1 | AA73: 3 | AB73: 0 | AC73: 2 | AD73: 6 | AE73: 6 | AF73: 5 | AG73: 2 | AH73: 0 | AI73: 2 | AJ73: 0 | AK73: 0 | AL73: =SUM(E73:AK73) -> 43
B74: 5 | C74: 5. LUCKY PERDANA | E74: 4 | F74: 2 | G74: 1 | H74: 2 | I74: 5 | J74: 3 | K74: 4 | L74: 2 | M74: 1 | N74: 3 | O74: 2 | P74: 2 | Q74: 2 | R74: 0 | S74: 3 | T74: 0 | U74: 3 | V74: 2 | W74: 0 | X74: 7 | Y74: 0 | Z74: 4 | AA74: 8 | AB74: 2 | AC74: 4 | AD74: 4 | AE74: 11 | AF74: 2 | AG74: 3 | AH74: 0 | AI74: 1 | AJ74: 2 | AK74: 3 | AL74: =SUM(E74:AK74) -> 92
B75: 6 | C75: 6. WIWIK PUJIYATI | E75: 0 | F75: 1 | G75: 0 | H75: 1 | I75: 0 | J75: 1 | K75: 2 | L75: 0 | M75: 0 | N75: 0 | O75: 0 | P75: 2 | Q75: 2 | R75: 1 | S75: 0 | T75: 0 | U75: 1 | V75: 0 | W75: 1 | X75: 2 | Y75: 0 | Z75: 0 | AA75: 1 | AB75: 1 | AC75: 0 | AD75: 0 | AE75: 0 | AF75: 1 | AG75: 0 | AH75: 0 | AI75: 1 | AJ75: 1 | AK75: 0 | AL75: =SUM(E75:AK75) -> 19
B76: 7 | C76: 7. CHANDRA ASTAN, S.T. | E76: 0 | F76: 1 | G76: 0 | H76: 1 | I76: 0 | J76: 0 | K76: 0 | L76: 0 | M76: 0 | N76: 0 | O76: 0 | P76: 0 | Q76: 0 | R76: 2 | S76: 0 | T76: 0 | U76: 0 | V76: 0 | W76: 0 | X76: 0 | Y76: 0 | Z76: 0 | AA76: 0 | AB76: 0 | AC76: 0 | AD76: 0 | AE76: 1 | AF76: 1 | AG76: 0 | AH76: 0 | AI76: 1 | AJ76: 1 | AK76: 0 | AL76: =SUM(E76:AK76) -> 8
AL77: =SUM(E77:AK77) -> 0
AL78: =SUM(E78:AK78) -> 0
A79: B | B79: JUMLAH SUARA SAH PARTAI POLITIK DAN CALON (A1 + A2) | E79: =SUM(E69:E78) -> 41 | F79: =SUM(F69:F78) -> 35 | G79: =SUM(G69:G78) -> 30 | H79: =SUM(H69:H78) -> 25 | I79: =SUM(I69:I78) -> 20 | J79: =SUM(J69:J78) -> 32 | K79: =SUM(K69:K78) -> 46 | L79: =SUM(L69:L78) -> 20 | ... AL79: =SUM(AL69:AL78) -> 1226
A81: A.1 | B81: 4. | C81: Partai Golongan Karya | E81: 13 | F81: 14 | G81: 1 | H81: 5 | I81: 1 | J81: 3 | K81: 3 | L81: 0 | M81: 1 | N81: 3 | O81: 3 | P81: 4 | Q81: 5 | R81: 7 | S81: 4 | T81: 7 | U81: 3 | V81: 3 | W81: 14 | X81: 7 | Y81: 14 | Z81: 3 | AA81: 7 | AB81: 15 | AC81: 6 | AD81: 20 | AE81: 16 | AF81: 9 | AG81: 38 | AH81: 5 | AI81: 7 | AJ81: 8 | AK81: 5 | AL81: =SUM(E81:AK81) -> 254
A82: A.2 | B82: 1 | C82: 1. ZULFIKAR ARSE SADIKIN, S.I.P., M.Si. | E82: 71 | F82: 29 | G82: 17 | H82: 12 | I82: 17 | J82: 14 | K82: 7 | L82: 14 | M82: 3 | N82: 15 | O82: 20 | P82: 8 | Q82: 6 | R82: 29 | S82: 9 | T82: 4 | U82: 3 | V82: 5 | W82: 24 | X82: 12 | Y82: 28 | Z82: 4 | AA82: 9 | AB82: 11 | AC82: 8 | AD82: 27 | AE82: 30 | AF82: 1 | AG82: 44 | AH82: 4 | AI82: 4 | AJ82: 1 | AK82: 2 | AL82: =SUM(E82:AK82) -> 492
B83: 2 | C83: 2. HANDOKO | E83: 28 | F83: 18 | G83: 2 | H83: 1 | I83: 6 | J83: 6 | K83: 4 | L83: 2 | M83: 0 | N83: 1 | O83: 2 | P83: 3 | Q83: 3 | R83: 7 | S83: 2 | T83: 2 | U83: 5 | V83: 3 | W83: 19 | X83: 11 | Y83: 51 | Z83: 6 | AA83: 10 | AB83: 7 | AC83: 2 | AD83: 10 | AE83: 6 | AF83: 6 | AG83: 11 | AH83: 11 | AI83: 32 | AJ83: 28 | AK83: 44 | AL83: =SUM(E83:AK83) -> 349
B84: 3 | C84: 3. Hj. OVI DEWI YANTI | E84: 0 | F84: 0 | G84: 0 | H84: 1 | I84: 0 | J84: 0 | K84: 1 | L84: 0 | M84: 0 | N84: 0 | O84: 0 | P84: 1 | Q84: 0 | R84: 2 | S84: 1 | T84: 0 | U84: 0 | V84: 1 | W84: 3 | X84: 0 | Y84: 0 | Z84: 0 | AA84: 2 | AB84: 0 | AC84: 3 | AD84: 1 | AE84: 4 | AF84: 1 | AG84: 2 | AH84: 1 | AI84: 0 | AJ84: 2 | AK84: 0 | AL84: =SUM(E84:AK84) -> 26
B85: 4 | C85: 4. Ir. AZAM AZMAN NATAWIJANA | E85: 3 | F85: 0 | G85: 0 | H85: 1 | I85: 0 | J85: 0 | K85: 0 | L85: 0 | M85: 1 | N85: 0 | O85: 1 | P85: 0 | Q85: 0 | R85: 1 | S85: 1 | T85: 0 | U85: 0 | V85: 0 | W85: 0 | X85: 1 | Y85: 0 | Z85: 1 | AA85: 1 | AB85: 1 | AC85: 4 | AD85: 1 | AE85: 0 | AF85: 1 | AG85: 2 | AH85: 1 | AI85: 0 | AJ85: 2 | AK85: 0 | AL85: =SUM(E85:AK85) -> 23
B86: 5 | C86: 5. UBAIDILLAH AMIN, S.Kom. | E86: 0 | F86: 0 | G86: 0 | H86: 0 | I86: 0 | J86: 0 | K86: 1 | L86: 0 | M86: 1 | N86: 0 | O86: 0 | P86: 0 | Q86: 3 | R86: 2 | S86: 0 | T86: 0 | U86: 0 | V86: 0 | W86: 0 | X86: 0 | Y86: 0 | Z86: 1 | AA86: 0 | AB86: 0 | AC86: 1 | AD86: 0 | AE86: 0 | AF86: 1 | AG86: 2 | AH86: 0 | AI86: 0 | AJ86: 0 | AK86: 1 | AL86: =SUM(E86:AK86) -> 13
B87: 6 | C87: 6. DENNY YUNIANDARI, S.H., M.Kn. | E87: 0 | F87: 0 | G87: 0 | H87: 0 | I87: 0 | J87: 0 | K87: 0 | L87: 1 | M87: 0 | N87: 0 | O87: 2 | P87: 0 | Q87: 0 | R87: 0 | S87: 1 | T87: 0 | U87: 0 | V87: 0 | W87: 0 | X87: 0 | Y87: 0 | Z87: 0 | AA87: 0 | AB87: 0 | AC87: 1 | AD87: 1 | AE87: 0 | AF87: 0 | AG87: 2 | AH87: 0 | AI87: 0 | AJ87: 1 | AK87: 0 | AL87: =SUM(E87:AK87) -> 9
B88: 7 | C88: 7. ERNADI, S.H.I. | E88: 0 | F88: 0 | G88: 0 | H88: 0 | I88: 0 | J88: 1 | K88: 0 | L88: 0 | M88: 0 | N88: 1 | O88: 0 | P88: 0 | Q88: 0 | R88: 0 | S88: 0 | T88: 0 | U88: 0 | V88: 0 | W88: 0 | X88: 0 | Y88: 0 | Z88: 0 | AA88: 0 | AB88: 0 | AC88: 0 | AD88: 0 | AE88: 0 | AF88: 0 | AG88: 0 | AH88: 0 | AI88: 0 | AJ88: 0 | AK88: 0 | AL88: =SUM(E88:AK88) -> 2
AL89: =SUM(E89:AK89) -> 0
AL90: =SUM(E90:AK90) -> 0
A91: B | B91: JUMLAH SUARA SAH PARTAI POLITIK DAN CALON (A1 + A2) | E91: =SUM(E81:E90) -> 115 | F91: =SUM(F81:F90) -> 61 | G91: =SUM(G81:G90) -> 20 | H91: =SUM(H81:H90) -> 20 | I91: =SUM(I81:I90) -> 24 | J91: =SUM(J81:J90) -> 24 | K91: =SUM(K81:K90) -> 16 | L91: =SUM(L81:L90) -> 17 | ... AL91: =SUM(AL81:AL90) -> 1168
A93: A.1 | B93: 5. | C93: Partai NasDem | E93: 0 | F93: 0 | G93: 0 | H93: 0 | I93: 0 | J93: 0 | K93: 0 | L93: 1 | M93: 0 | N93: 2 | O93: 2 | P93: 3 | Q93: 0 | R93: 1 | S93: 6 | T93: 3 | U93: 4 | V93: 5 | W93: 1 | X93: 1 | Y93: 0 | Z93: 3 | AA93: 0 | AB93: 0 | AC93: 0 | AD93: 1 | AE93: 0 | AF93: 0 | AG93: 0 | AH93: 2 | AI93: 2 | AJ93: 13 | AK93: 12 | AL93: =SUM(E93:AK93) -> 62
A94: A.2 | B94: 1 | C94: 1. ACH. FADIL MUZAKKI SYAH | E94: 0 | F94: 0 | G94: 0 | H94: 0 | I94: 0 | J94: 2 | K94: 0 | L94: 0 | M94: 0 | N94: 0 | O94: 1 | P94: 1 | Q94: 0 | R94: 0 | S94: 4 | T94: 10 | U94: 1 | V94: 7 | W94: 2 | X94: 0 | Y94: 0 | Z94: 1 | AA94: 0 | AB94: 0 | AC94: 0 | AD94: 3 | AE94: 5 | AF94: 2 | AG94: 1 | AH94: 3 | AI94: 9 | AJ94: 15 | AK94: 22 | AL94: =SUM(E94:AK94) -> 89
B95: 2 | C95: 2. BENY | E95: 0 | F95: 1 | G95: 0 | H95: 0 | I95: 0 | J95: 0 | K95: 0 | L95: 0 | M95: 0 | N95: 2 | O95: 2 | P95: 0 | Q95: 0 | R95: 7 | S95: 17 | T95: 40 | U95: 4 | V95: 0 | W95: 0 | X95: 0 | Y95: 0 | Z95: 0 | AA95: 0 | AB95: 0 | AC95: 0 | AD95: 0 | AE95: 1 | AF95: 0 | AG95: 0 | AH95: 1 | AI95: 0 | AJ95: 2 | AK95: 0 | AL95: =SUM(E95:AK95) -> 77
B96: 3 | C96: 3. VINA VERONIKA | E96: 0 | F96: 0 | G96: 0 | H96: 0 | I96: 0 | J96: 0 | K96: 0 | L96: 0 | M96: 0 | N96: 1 | O96: 0 | P96: 0 | Q96: 0 | R96: 0 | S96: 0 | T96: 0 | U96: 1 | V96: 2 | W96: 0 | X96: 0 | Y96: 0 | Z96: 1 | AA96: 0 | AB96: 0 | AC96: 0 | AD96: 2 | AE96: 0 | AF96: 0 | AG96: 0 | AH96: 3 | AI96: 2 | AJ96: 3 | AK96: 3 | AL96: =SUM(E96:AK96) -> 18
B97: 4 | C97: 4. TEDDY ANUGRIANTO | E97: 0 | F97: 2 | G97: 2 | H97: 4 | I97: 6 | J97: 2 | K97: 0 | L97: 0 | M97: 2 | N97: 0 | O97: 0 | P97: 4 | Q97: 0 | R97: 0 | S97: 0 | T97: 0 | U97: 1 | V97: 2 | W97: 0 | X97: 0 | Y97: 0 | Z97: 0 | AA97: 0 | AB97: 1 | AC97: 1 | AD97: 1 | AE97: 1 | AF97: 3 | AG97: 0 | AH97: 0 | AI97: 0 | AJ97: 1 | AK97: 5 | AL97: =SUM(E97:AK97) -> 38
B98: 5 | C98: 5. INSAN KAMIL | E98: 0 | F98: 0 | G98: 0 | H98: 0 | I98: 0 | J98: 0 | K98: 0 | L98: 0 | M98: 0 | N98: 0 | O98: 0 | P98: 0 | Q98: 0 | R98: 0 | S98: 0 | T98: 0 | U98: 0 | V98: 0 | W98: 0 | X98: 0 | Y98: 0 | Z98: 0 | AA98: 0 | AB98: 0 | AC98: 0 | AD98: 0 | AE98: 0 | AF98: 0 | AG98: 0 | AH98: 0 | AI98: 0 | AJ98: 0 | AK98: 0 | AL98: =SUM(E98:AK98) -> 0
B99: 6 | C99: 6. LILIK LINDARWATI | E99: 0 | F99: 0 | G99: 0 | H99: 0 | I99: 0 | J99: 0 | K99: 0 | L99: 0 | M99: 0 | N99: 0 | O99: 0 | P99: 0 | Q99: 0 | R99: 0 | S99: 0 | T99: 0 | U99: 0 | V99: 1 | W99: 0 | X99: 0 | Y99: 0 | Z99: 0 | AA99: 0 | AB99: 0 | AC99: 0 | AD99: 0 | AE99: 0 | AF99: 0 | AG99: 0 | AH99: 0 | AI99: 0 | AJ99: 0 | AK99: 0 | AL99: =SUM(E99:AK99) -> 1
B100: 7 | C100: 7. YULI ANITA | E100: 0 | F100: 0 | G100: 0 | H100: 0 | I100: 0 | J100: 0 | K100: 0 | L100: 0 | M100: 0 | N100: 0 | O100: 0 | P100: 0 | Q100: 0 | R100: 0 | S100: 0 | T100: 0 | U100: 0 | V100: 0 | W100: 1 | X100: 0 | Y100: 0 | Z100: 0 | AA100: 0 | AB100: 1 | AC100: 0 | AD100: 0 | AE100: 0 | AF100: 0 | AG100: 0 | AH100: 0 | AI100: 0 | AJ100: 0 | AK100: 0 | AL100: =SUM(E100:AK100) -> 2
AL101: =SUM(E101:AK101) -> 0
AL102: =SUM(E102:AK102) -> 0
A103: B | B103: JUMLAH SUARA SAH PARTAI POLITIK DAN CALON (A1 + A2) | E103: =SUM(E93:E102) -> 0 | F103: =SUM(F93:F102) -> 3 | G103: =SUM(G93:G102) -> 2 | H103: =SUM(H93:H102) -> 4 | I103: =SUM(I93:I102) -> 6 | J103: =SUM(J93:J102) -> 4 | K103: =SUM(K93:K102) -> 0 | L103: =SUM(L93:L102) -> 1 | ... AL103: =SUM(AL93:AL102) -> 287
A105: A.1 | B105: 6. | C105: Partai Buruh | E105: 0 | F105: 0 | G105: 0 | H105: 0 | I105: 0 | J105: 1 | K105: 3 | L105: 2 | M105: 0 | N105: 0 | O105: 0 | P105: 0 | Q105: 1 | R105: 0 | S105: 5 | T105: 0 | U105: 3 | V105: 0 | W105: 0 | X105: 0 | Y105: 0 | Z105: 0 | AA105: 1 | AB105: 0 | AC105: 0 | AD105: 0 | AE105: 0 | AF105: 0 | AG105: 0 | AH105: 0 | AI105: 0 | AJ105: 0 | AK105: 0 | AL105: =SUM(E105:AK105) -> 16
A106: A.2 | B106: 1 | C106: 1. KHOIRUL ANAM | E106: 0 | F106: 0 | G106: 0 | H106: 0 | I106: 0 | J106: 0 | K106: 0 | L106: 1 | M106: 0 | N106: 0 | O106: 0 | P106: 0 | Q106: 0 | R106: 0 | S106: 0 | T106: 1 | U106: 1 | V106: 0 | W106: 0 | X106: 0 | Y106: 0 | Z106: 1 | AA106: 0 | AB106: 1 | AC106: 0 | AD106: 0 | AE106: 0 | AF106: 0 | AG106: 1 | AH106: 0 | AI106: 1 | AJ106: 0 | AK106: 0 | AL106: =SUM(E106:AK106) -> 7
B107: 2 | C107: 2. INA KURNIA | E107: 0 | F107: 0 | G107: 0 | H107: 1 | I107: 0 | J107: 0 | K107: 0 | L107: 1 | M107: 0 | N107: 0 | O107: 0 | P107: 0 | Q107: 0 | R107: 0 | S107: 0 | T107: 0 | U107: 0 | V107: 0 | W107: 0 | X107: 0 | Y107: 0 | Z107: 0 | AA107: 0 | AB107: 0 | AC107: 0 | AD107: 0 | AE107: 0 | AF107: 0 | AG107: 0 | AH107: 1 | AI107: 0 | AJ107: 0 | AK107: 0 | AL107: =SUM(E107:AK107) -> 3
B108: 3 | C108: 3. JIBRAL TAROUK | E108: 0 | F108: 0 | G108: 0 | H108: 0 | I108: 0 | J108: 0 | K108: 0 | L108: 0 | M108: 0 | N108: 0 | O108: 0 | P108: 0 | Q108: 0 | R108: 0 | S108: 0 | T108: 0 | U108: 0 | V108: 0 | W108: 0 | X108: 0 | Y108: 0 | Z108: 0 | AA108: 0 | AB108: 0 | AC108: 0 | AD108: 1 | AE108: 0 | AF108: 0 | AG108: 0 | AH108: 0 | AI108: 0 | AJ108: 0 | AK108: 0 | AL108: =SUM(E108:AK108) -> 1
B109: 4 | C109: 4. ASTUTI DAENG PUJI | E109: 0 | F109: 0 | G109: 0 | H109: 0 | I109: 0 | J109: 0 | K109: 0 | L109: 0 | M109: 0 | N109: 0 | O109: 0 | P109: 0 | Q109: 0 | R109: 0 | S109: 0 | T109: 0 | U109: 0 | V109: 0 | W109: 0 | X109: 0 | Y109: 0 | Z109: 0 | AA109: 0 | AB109: 0 | AC109: 0 | AD109: 0 | AE109: 0 | AF109: 0 | AG109: 0 | AH109: 0 | AI109: 0 | AJ109: 0 | AK109: 0 | AL109: =SUM(E109:AK109) -> 0
B110: 5 | C110: 5. ASDARMAWAN | E110: 0 | F110: 0 | G110: 0 | H110: 0 | I110: 0 | J110: 0 | K110: 0 | L110: 0 | M110: 0 | N110: 0 | O110: 0 | P110: 0 | Q110: 0 | R110: 0 | S110: 0 | T110: 0 | U110: 0 | V110: 0 | W110: 0 | X110: 0 | Y110: 0 | Z110: 0 | AA110: 0 | AB110: 0 | AC110: 0 | AD110: 0 | AE110: 0 | AF110: 0 | AG110: 0 | AH110: 0 | AI110: 0 | AJ110: 0 | AK110: 0 | AL110: =SUM(E110:AK110) -> 0
B111: 6 | C111: 6. RIFQI MUBAROK | E111: 0 | F111: 0 | G111: 1 | H111: 0 | I111: 0 | J111: 0 | K111: 0 | L111: 0 | M111: 0 | N111: 0 | O111: 0 | P111: 0 | Q111: 0 | R111: 0 | S111: 0 | T111: 0 | U111: 0 | V111: 0 | W111: 0 | X111: 0 | Y111: 0 | Z111: 0 | AA111: 1 | AB111: 0 | AC111: 0 | AD111: 0 | AE111: 0 | AF111: 0 | AG111: 0 | AH111: 0 | AI111: 0 | AJ111: 0 | AK111: 0 | AL111: =SUM(E111:AK111) -> 2
B112: 7 | C112: 7. FIRNANDA ALTA MEGA | E112: 0 | F112: 0 | G112: 0 | H112: 0 | I112: 0 | J112: 0 | K112: 0 | L112: 0 | M112: 0 | N112: 0 | O112: 0 | P112: 0 | Q112: 0 | R112: 0 | S112: 0 | T112: 0 | U112: 0 | V112: 0 | W112: 0 | X112: 0 | Y112: 0 | Z112: 0 | AA112: 0 | AB112: 0 | AC112: 0 | AD112: 0 | AE112: 0 | AF112: 0 | AG112: 0 | AH112: 0 | AI112: 0 | AJ112: 0 | AK112: 0 | AL112: =SUM(E112:AK112) -> 0
AL113: =SUM(E113:AK113) -> 0
AL114: =SUM(E114:AK114) -> 0
A115: B | B115: JUMLAH SUARA SAH PARTAI POLITIK DAN CALON (A1 + A2) | E115: =SUM(E105:E114) -> 0 | F115: =SUM(F105:F114) -> 0 | G115: =SUM(G105:G114) -> 1 | H115: =SUM(H105:H114) -> 1 | I115: =SUM(I105:I114) -> 0 | J115: =SUM(J105:J114) -> 1 | K115: =SUM(K105:K114) -> 3 | L115: =SUM(L105:L114) -> 4 | ... AL115: =SUM(AL105:AL114) -> 29
A117: A.1 | B117: 7. | C117: Partai Gelombang Rakyat Indonesia | E117: 0 | F117: 0 | G117: 0 | H117: 0 | I117: 1 | J117: 3 | K117: 0 | L117: 0 | M117: 0 | N117: 0 | O117: 0 | P117: 1 | Q117: 0 | R117: 0 | S117: 2 | T117: 0 | U117: 0 | V117: 0 | W117: 0 | X117: 0 | Y117: 0 | Z117: 0 | AA117: 0 | AB117: 0 | AC117: 0 | AD117: 2 | AE117: 1 | AF117: 1 | AG117: 0 | AH117: 1 | AI117: 1 | AJ117: 0 | AK117: 1 | AL117: =SUM(E117:AK117) -> 14
...

Sheet GENDOH
C2: Kecamatan | D2: SEMPU
C3: Kabupaten | D3: BANYUWANGI
C4: Provinsi | D4: JAWA TIMUR
C9: Kelurahan | D9: GENDOH
A12: I | B12: DATA PEMILIH DAN PENGGUNAAN HAK PILIH | AG12: JUMLAH AKHIR
A13: A | B13: DATA PEMILIH | E13: TPS 001 | F13: TPS 002 | G13: TPS 003 | H13: TPS 004 | I13: TPS 005 | J13: TPS 006 | K13: TPS 007 | L13: TPS 008 | M13: TPS 009 | N13: TPS 010 | O13: TPS 011 | P13: TPS 012 | Q13: TPS 013 | R13: TPS 014 | S13: TPS 015 | T13: TPS 016 | U13: TPS 017 | V13: TPS 018 | W13: TPS 019 | X13: TPS 020 | Y13: TPS 021 | Z13: TPS 022 | AA13: TPS 023 | AB13: TPS 024 | AC13: TPS 025 | AD13: TPS 026 | AE13: TPS 027 | AF13: TPS 028
B14: Jumlah Pemilih dalam Daftar Pemilih Tetap (DPT) | D14: LK | E14: 142 | F14: 136 | G14: 137 | H14: 141 | I14: 144 | J14: 147 | K14: 140 | L14: 128 | M14: 150 | N14: 138 | O14: 139 | P14: 136 | Q14: 140 | R14: 118 | S14: 129 | T14: 151 | U14: 105 | V14: 135 | W14: 147 | X14: 146 | Y14: 112 | Z14: 111 | AA14: 96 | AB14: 129 | AC14: 139 | AD14: 126 | AE14: 107 | AF14: 133 | AG14: =SUM(E14:AF14) -> 3702
D15: PR | E15: 153 | F15: 155 | G15: 148 | H15: 139 | I15: 144 | J15: 137 | K15: 137 | L15: 148 | M15: 143 | N15: 146 | O15: 133 | P15: 153 | Q15: 148 | R15: 121 | S15: 150 | T15: 142 | U15: 132 | V15: 137 | W15: 141 | X15: 130 | Y15: 132 | Z15: 113 | AA15: 96 | AB15: 149 | AC15: 144 | AD15: 135 | AE15: 96 | AF15: 121 | AG15: =SUM(E15:AF15) -> 3823
D16: JML | E16: =SUM(E14:E15) -> 295 | F16: =SUM(F14:F15) -> 291 | G16: =SUM(G14:G15) -> 285 | H16: =SUM(H14:H15) -> 280 | I16: =SUM(I14:I15) -> 288 | J16: =SUM(J14:J15) -> 284 | K16: =SUM(K14:K15) -> 277 | L16: =SUM(L14:L15) -> 276 | ... AF16: =SUM(AF14:AF15) -> 254 | AG16: =SUM(E16:AF16) -> 7525
A18: B | B18: PENGGUNA HAK PILIH
B19: 1. | C19: Jumlah pengguna hak pilih dalam Daftar Pemilih Tetap (DPT) | D19: LK | E19: 100 | F19: 104 | G19: 96 | H19: 81 | I19: 88 | J19: 102 | K19: 87 | L19: 84 | M19: 102 | N19: 106 | O19: 98 | P19: 79 | Q19: 99 | R19: 80 | S19: 87 | T19: 101 | U19: 72 | V19: 83 | W19: 104 | X19: 105 | Y19: 82 | Z19: 68 | AA19: 69 | AB19: 78 | AC19: 93 | AD19: 94 | AE19: 73 | AF19: 101 | AG19: =SUM(E19:AF19) -> 2516
D20: PR | E20: 107 | F20: 126 | G20: 117 | H20: 109 | I20: 101 | J20: 98 | K20: 100 | L20: 97 | M20: 113 | N20: 120 | O20: 96 | P20: 102 | Q20: 106 | R20: 95 | S20: 116 | T20: 101 | U20: 90 | V20: 102 | W20: 104 | X20: 103 | Y20: 99 | Z20: 78 | AA20: 74 | AB20: 94 | AC20: 105 | AD20: 104 | AE20: 77 | AF20: 95 | AG20: =SUM(E20:AF20) -> 2829
D21: JML | E21: =SUM(E19:E20) -> 207 | F21: =SUM(F19:F20) -> 230 | G21: =SUM(G19:G20) -> 213 | H21: =SUM(H19:H20) -> 190 | I21: =SUM(I19:I20) -> 189 | J21: =SUM(J19:J20) -> 200 | K21: =SUM(K19:K20) -> 187 | L21: =SUM(L19:L20) -> 181 | ... AF21: =SUM(AF19:AF20) -> 196 | AG21: =SUM(E21:AF21) -> 5345
B22: 2. | C22: Jumlah pengguna hak pilih dalam Daftar Pemilih Tambahan (DPTb) | D22: LK | E22: 0 | F22: 0 | G22: 1 | H22: 0 | I22: 1 | J22: 0 | K22: 0 | L22: 1 | M22: 0 | N22: 0 | O22: 1 | P22: 0 | Q22: 0 | R22: 0 | S22: 0 | T22: 1 | U22: 1 | V22: 1 | W22: 1 | X22: 0 | Y22: 0 | Z22: 0 | AA22: 0 | AB22: 1 | AC22: 0 | AD22: 0 | AE22: 1 | AF22: 1 | AG22: =SUM(E22:AF22) -> 11
D23: PR | E23: 1 | F23: 0 | G23: 0 | H23: 1 | I23: 0 | J23: 0 | K23: 1 | L23: 1 | M23: 0 | N23: 0 | O23: 0 | P23: 0 | Q23: 0 | R23: 0 | S23: 0 | T23: 1 | U23: 0 | V23: 0 | W23: 0 | X23: 0 | Y23: 0 | Z23: 0 | AA23: 0 | AB23: 0 | AC23: 1 | AD23: 0 | AE23: 0 | AF23: 0 | AG23: =SUM(E23:AF23) -> 6
D24: JML | E24: =SUM(E22:E23) -> 1 | F24: =SUM(F22:F23) -> 0 | G24: =SUM(G22:G23) -> 1 | H24: =SUM(H22:H23) -> 1 | I24: =SUM(I22:I23) -> 1 | J24: =SUM(J22:J23) -> 0 | K24: =SUM(K22:K23) -> 1 | L24: =SUM(L22:L23) -> 2 | ... AF24: =SUM(AF22:AF23) -> 1 | AG24: =SUM(E24:AF24) -> 17
B25: 3. | C25: Jumlah pengguna hak pilih dalam Daftar Pemilih Khusus (DPK) | D25: LK | E25: 1 | F25: 1 | G25: 0 | H25: 0 | I25: 0 | J25: 0 | K25: 0 | L25: 0 | M25: 2 | N25: 1 | O25: 4 | P25: 0 | Q25: 1 | R25: 1 | S25: 2 | T25: 0 | U25: 1 | V25: 0 | W25: 0 | X25: 0 | Y25: 0 | Z25: 0 | AA25: 0 | AB25: 0 | AC25: 0 | AD25: 0 | AE25: 1 | AF25: 0 | AG25: =SUM(E25:AF25) -> 15
D26: PR | E26: 3 | F26: 0 | G26: 1 | H26: 1 | I26: 0 | J26: 1 | K26: 1 | L26: 1 | M26: 1 | N26: 1 | O26: 5 | P26: 0 | Q26: 2 | R26: 0 | S26: 0 | T26: 2 | U26: 1 | V26: 0 | W26: 0 | X26: 0 | Y26: 0 | Z26: 0 | AA26: 0 | AB26: 0 | AC26: 1 | AD26: 0 | AE26: 3 | AF26: 0 | AG26: =SUM(E26:AF26) -> 24
D27: JML | E27: =SUM(E25:E26) -> 4 | F27: =SUM(F25:F26) -> 1 | G27: =SUM(G25:G26) -> 1 | H27: =SUM(H25:H26) -> 1 | I27: =SUM(I25:I26) -> 0 | J27: =SUM(J25:J26) -> 1 | K27: =SUM(K25:K26) -> 1 | L27: =SUM(L25:L26) -> 1 | ... AF27: =SUM(AF25:AF26) -> 0 | AG27: =SUM(E27:AF27) -> 39
B28: 4. | C28: Jumlah Pengguna Hak Pilih (B.1+B.2+B.3) | D28: LK | E28: =SUM(E19,E22,E25) -> 101 | F28: =SUM(F19,F22,F25) -> 105 | G28: =SUM(G19,G22,G25) -> 97 | H28: =SUM(H19,H22,H25) -> 81 | I28: =SUM(I19,I22,I25) -> 89 | J28: =SUM(J19,J22,J25) -> 102 | K28: =SUM(K19,K22,K25) -> 87 | L28: =SUM(L19,L22,L25) -> 85 | ... AF28: =SUM(AF19,AF22,AF25) -> 102 | AG28: =SUM(E28:AF28) -> 2542
D29: PR | E29: =SUM(E20,E23,E26) -> 111 | F29: =SUM(F20,F23,F26) -> 126 | G29: =SUM(G20,G23,G26) -> 118 | H29: =SUM(H20,H23,H26) -> 111 | I29: =SUM(I20,I23,I26) -> 101 | J29: =SUM(J20,J23,J26) -> 99 | K29: =SUM(K20,K23,K26) -> 102 | L29: =SUM(L20,L23,L26) -> 99 | ... AF29: =SUM(AF20,AF23,AF26) -> 95 | AG29: =SUM(E29:AF29) -> 2859
D30: JML | E30: =SUM(E28:E29) -> 212 | F30: =SUM(F28:F29) -> 231 | G30: =SUM(G28:G29) -> 215 | H30: =SUM(H28:H29) -> 192 | I30: =SUM(I28:I29) -> 190 | J30: =SUM(J28:J29) -> 201 | K30: =SUM(K28:K29) -> 189 | L30: =SUM(L28:L29) -> 184 | ... AF30: =SUM(AF28:AF29) -> 197 | AG30: =SUM(E30:AF30) -> 5401
A32: II | B32: DATA PENGGUNAAN SURAT SUARA
A33: 1 | B33: Jumlah surat suara yang diterima, termasuk surat suara cadangan 2,5% dari DPT | E33: 301 | F33: 298 | G33: 290 | H33: 287 | I33: 294 | J33: 290 | K33: 284 | L33: 282 | M33: 289 | N33: 310 | O33: 278 | P33: 295 | Q33: 291 | R33: 244 | S33: 284 | T33: 299 | U33: 242 | V33: 278 | W33: 294 | X33: 282 | Y33: 249 | Z33: 229 | AA33: 296 | AB33: 284 | AC33: 289 | AD33: 267 | AE33: 208 | AF33: 260 | AG33: =SUM(E33:AF33) -> 7794
A34: 2 | B34: Jumlah surat suara yang digunakan | E34: 212 | F34: 231 | G34: 215 | H34: 192 | I34: 190 | J34: 201 | K34: 189 | L34: 184 | M34: 218 | N34: 228 | O34: 204 | P34: 181 | Q34: 208 | R34: 176 | S34: 205 | T34: 206 | U34: 165 | V34: 186 | W34: 209 | X34: 208 | Y34: 181 | Z34: 146 | AA34: 143 | AB34: 173 | AC34: 200 | AD34: 198 | AE34: 155 | AF34: 197 | AG34: =SUM(E34:AF34) -> 5401
A35: 3 | B35: Jumlah surat suara dikembalikan oleh pemilih (karena rusak atau keliru coblos) | E35: 2 | F35: 0 | G35: 0 | H35: 0 | I35: 1 | J35: 0 | K35: 0 | L35: 2 | M35: 0 | N35: 0 | O35: 0 | P35: 0 | Q35: 0 | R35: 0 | S35: 1 | T35: 0 | U35: 1 | V35: 0 | W35: 0 | X35: 0 | Y35: 0 | Z35: 1 | AA35: 0 | AB35: 3 | AC35: 0 | AD35: 0 | AE35: 0 | AF35: 0 | AG35: =SUM(E35:AF35) -> 11
A36: 4 | B36: Jumlah surat suara yang tidak digunakan/tidak terpakai, termasuk sisa surat suara cadangan | E36: =E33-(E34+E35) -> 87 | F36: =F33-(F34+F35) -> 67 | G36: =G33-(G34+G35) -> 75 | H36: =H33-(H34+H35) -> 95 | I36: =I33-(I34+I35) -> 103 | J36: =J33-(J34+J35) -> 89 | K36: =K33-(K34+K35) -> 95 | L36: =L33-(L34+L35) -> 96 | ... AF36: =AF33-(AF34+AF35) -> 63 | AG36: =SUM(E36:AF36) -> 2382
A38: III | B38: DATA PEMILIH DISABILITAS
B39: Jumlah seluruh Pemilih disabilitas yang menggunakan hak pilih | D39: LK | E39: 1 | F39: 1 | G39: 0 | H39: 0 | I39: 3 | J39: 1 | K39: 0 | L39: 0 | M39: 0 | N39: 1 | O39: 1 | P39: 0 | Q39: 0 | R39: 0 | S39: 0 | T39: 1 | U39: 1 | V39: 0 | W39: 0 | X39: 0 | Y39: 0 | Z39: 0 | AA39: 0 | AB39: 0 | AC39: 1 | AD39: 0 | AE39: 0 | AF39: 0 | AG39: =SUM(E39:AF39) -> 11
D40: PR | E40: 4 | F40: 10 | G40: 7 | H40: 0 | I40: 6 | J40: 7 | K40: 1 | L40: 0 | M40: 2 | N40: 1 | O40: 3 | P40: 0 | Q40: 0 | R40: 0 | S40: 0 | T40: 4 | U40: 3 | V40: 1 | W40: 0 | X40: 0 | Y40: 0 | Z40: 0 | AA40: 0 | AB40: 0 | AC40: 1 | AD40: 0 | AE40: 0 | AF40: 0 | AG40: =SUM(E40:AF40) -> 50
D41: JML | E41: =SUM(E39:E40) -> 5 | F41: =SUM(F39:F40) -> 11 | G41: =SUM(G39:G40) -> 7 | H41: =SUM(H39:H40) -> 0 | I41: =SUM(I39:I40) -> 9 | J41: =SUM(J39:J40) -> 8 | K41: =SUM(K39:K40) -> 1 | L41: =SUM(L39:L40) -> 0 | ... AF41: =SUM(AF39:AF40) -> 0 | AG41: =SUM(E41:AF41) -> 61
A43: IV | B43: DATA RINCIAN PEROLEHAN SUARA PASANGAN CALON BUPATI DAN WAKIL BUPATI
A44: NOMOR DAN NAMA CALON
A45: A.1 | B45: 1. | C45: Partai Kebangkitan Bangsa | E45: 5 | F45: 9 | G45: 7 | H45: 18 | I45: 6 | J45: 15 | K45: 17 | L45: 11 | M45: 1 | N45: 3 | O45: 9 | P45: 4 | Q45: 3 | R45: 7 | S45: 2 | T45: 4 | U45: 5 | V45: 15 | W45: 20 | X45: 16 | Y45: 16 | Z45: 9 | AA45: 5 | AB45: 7 | AC45: 13 | AD45: 5 | AE45: 5 | AF45: 2 | AG45: =SUM(E45:AF45) -> 239
A46: A.2 | B46: 1 | C46: 1. Dr. Hj. NIHAYATUL WAFIROH, M.A. | E46: 17 | F46: 28 | G46: 17 | H46: 19 | I46: 21 | J46: 26 | K46: 45 | L46: 7 | M46: 3 | N46: 13 | O46: 2 | P46: 5 | Q46: 3 | R46: 5 | S46: 3 | T46: 4 | U46: 4 | V46: 8 | W46: 18 | X46: 43 | Y46: 27 | Z46: 11 | AA46: 5 | AB46: 21 | AC46: 16 | AD46: 26 | AE46: 7 | AF46: 4 | AG46: =SUM(E46:AF46) -> 408
B47: 2 | C47: 2. H. M. NASIM KHAN | E47: 1 | F47: 1 | G47: 9 | H47: 2 | I47: 1 | J47: 5 | K47: 3 | L47: 0 | M47: 0 | N47: 3 | O47: 0 | P47: 0 | Q47: 2 | R47: 1 | S47: 2 | T47: 0 | U47: 1 | V47: 0 | W47: 2 | X47: 4 | Y47: 5 | Z47: 3 | AA47: 4 | AB47: 4 | AC47: 32 | AD47: 16 | AE47: 0 | AF47: 1 | AG47: =SUM(E47:AF47) -> 102
B48: 3 | C48: 3. Dr. H. AKIK ZAMAN, M.Pd.I. | E48: 0 | F48: 0 | G48: 0 | H48: 0 | I48: 1 | J48: 0 | K48: 1 | L48: 1 | M48: 1 | N48: 1 | O48: 0 | P48: 3 | Q48: 1 | R48: 0 | S48: 0 | T48: 0 | U48: 2 | V48: 0 | W48: 0 | X48: 1 | Y48: 0 | Z48: 0 | AA48: 0 | AB48: 1 | AC48: 1 | AD48: 1 | AE48: 0 | AF48: 0 | AG48: =SUM(E48:AF48) -> 15
B49: 4 | C49: 4. AHMAD RIFA'I, S.H. | E49: 0 | F49: 0 | G49: 1 | H49: 0 | I49: 1 | J49: 2 | K49: 0 | L49: 0 | M49: 1 | N49: 0 | O49: 1 | P49: 1 | Q49: 1 | R49: 0 | S49: 0 | T49: 1 | U49: 2 | V49: 0 | W49: 0 | X49: 2 | Y49: 0 | Z49: 0 | AA49: 0 | AB49: 1 | AC49: 3 | AD49: 0 | AE49: 0 | AF49: 0 | AG49: =SUM(E49:AF49) -> 17
B50: 5 | C50: 5. Drs. H. MAHFUD M.N. | E50: 0 | F50: 0 | G50: 0 | H50: 3 | I50: 0 | J50: 0 | K50: 0 | L50: 3 | M50: 2 | N50: 0 | O50: 1 | P50: 0 | Q50: 1 | R50: 1 | S50: 1 | T50: 0 | U50: 0 | V50: 0 | W50: 0 | X50: 1 | Y50: 0 | Z50: 2 | AA50: 0 | AB50: 2 | AC50: 0 | AD50: 0 | AE50: 0 | AF50: 0 | AG50: =SUM(E50:AF50) -> 17
B51: 6 | C51: 6. NURHAYATI, S.Pd. | E51: 0 | F51: 0 | G51: 2 | H51: 0 | I51: 0 | J51: 1 | K51: 0 | L51: 0 | M51: 1 | N51: 0 | O51: 2 | P51: 2 | Q51: 0 | R51: 0 | S51: 3 | T51: 0 | U51: 0 | V51: 4 | W51: 2 | X51: 0 | Y51: 1 | Z51: 0 | AA51: 0 | AB51: 0 | AC51: 0 | AD51: 0 | AE51: 0 | AF51: 0 | AG51: =SUM(E51:AF51) -> 18
B52: 7 | C52: 7. MAFTUHA KISWAH | E52: 0 | F52: 0 | G52: 0 | H52: 0 | I52: 0 | J52: 0 | K52: 0 | L52: 1 | M52: 0 | N52: 0 | O52: 0 | P52: 0 | Q52: 0 | R52: 0 | S52: 0 | T52: 0 | U52: 0 | V52: 1 | W52: 0 | X52: 0 | Y52: 0 | Z52: 0 | AA52: 0 | AB52: 1 | AC52: 0 | AD52: 0 | AE52: 0 | AF52: 0 | AG52: =SUM(E52:AF52) -> 3
AG53: =SUM(E53:AF53) -> 0
AG54: =SUM(E54:AF54) -> 0
A55: B | B55: JUMLAH SUARA SAH PARTAI POLITIK DAN CALON (A1 + A2) | E55: =SUM(E45:E54) -> 23 | F55: =SUM(F45:F54) -> 38 | G55: =SUM(G45:G54) -> 36 | H55: =SUM(H45:H54) -> 42 | I55: =SUM(I45:I54) -> 30 | J55: =SUM(J45:J54) -> 49 | K55: =SUM(K45:K54) -> 66 | L55: =SUM(L45:L54) -> 23 | ... AG55: =SUM(AG45:AG54) -> 819
A57: A.1 | B57: 2. | C57: Partai Gerakan Indonesia Raya | E57: 5 | F57: 15 | G57: 17 | H57: 15 | I57: 20 | J57: 20 | K57: 11 | L57: 14 | M57: 14 | N57: 10 | O57: 10 | P57: 13 | Q57: 9 | R57: 12 | S57: 13 | T57: 17 | U57: 4 | V57: 12 | W57: 13 | X57: 19 | Y57: 21 | Z57: 9 | AA57: 18 | AB57: 7 | AC57: 16 | AD57: 8 | AE57: 6 | AF57: 23 | AG57: =SUM(E57:AF57) -> 371
A58: A.2 | B58: 1 | C58: 1. SUMAIL ABDULLAH | E58: 10 | F58: 14 | G58: 16 | H58: 7 | I58: 16 | J58: 15 | K58: 7 | L58: 9 | M58: 9 | N58: 12 | O58: 5 | P58: 6 | Q58: 3 | R58: 11 | S58: 12 | T58: 81 | U58: 3 | V58: 19 | W58: 12 | X58: 17 | Y58: 10 | Z58: 7 | AA58: 10 | AB58: 24 | AC58: 16 | AD58: 10 | AE58: 5 | AF58: 18 | AG58: =SUM(E58:AF58) -> 384
B59: 2 | C59: 2. MUHAMMAD ALI ADRIAN SALEH | E59: 6 | F59: 4 | G59: 20 | H59: 19 | I59: 8 | J59: 9 | K59: 7 | L59: 13 | M59: 2 | N59: 10 | O59: 13 | P59: 23 | Q59: 14 | R59: 11 | S59: 8 | T59: 9 | U59: 3 | V59: 9 | W59: 44 | X59: 19 | Y59: 17 | Z59: 23 | AA59: 18 | AB59: 18 | AC59: 28 | AD59: 10 | AE59: 5 | AF59: 16 | AG59: =SUM(E59:AF59) -> 386
B60: 3 | C60: 3. DURROTUN NAFISAH | E60: 1 | F60: 3 | G60: 4 | H60: 0 | I60: 1 | J60: 1 | K60: 1 | L60: 1 | M60: 1 | N60: 3 | O60: 0 | P60: 1 | Q60: 0 | R60: 2 | S60: 1 | T60: 0 | U60: 0 | V60: 2 | W60: 1 | X60: 0 | Y60: 3 | Z60: 0 | AA60: 1 | AB60: 0 | AC60: 2 | AD60: 1 | AE60: 0 | AF60: 5 | AG60: =SUM(E60:AF60) -> 35
B61: 4 | C61: 4. H. EKO SUSILO NURHIDAYAT | E61: 0 | F61: 4 | G61: 4 | H61: 8 | I61: 5 | J61: 1 | K61: 3 | L61: 1 | M61: 3 | N61: 1 | O61: 2 | P61: 1 | Q61: 1 | R61: 5 | S61: 2 | T61: 3 | U61: 2 | V61: 3 | W61: 1 | X61: 1 | Y61: 0 | Z61: 0 | AA61: 1 | AB61: 0 | AC61: 3 | AD61: 2 | AE61: 4 | AF61: 1 | AG61: =SUM(E61:AF61) -> 62
B62: 5 | C62: 5. KARNADI HARIJANTO, S.S. | E62: 0 | F62: 1 | G62: 0 | H62: 0 | I62: 2 | J62: 1 | K62: 0 | L62: 1 | M62: 0 | N62: 1 | O62: 0 | P62: 0 | Q62: 0 | R62: 0 | S62: 1 | T62: 0 | U62: 0 | V62: 3 | W62: 0 | X62: 0 | Y62: 1 | Z62: 0 | AA62: 1 | AB62: 0 | AC62: 0 | AD62: 0 | AE62: 0 | AF62: 0 | AG62: =SUM(E62:AF62) -> 12
B63: 6 | C63: 6. NURHAYATI | E63: 0 | F63: 1 | G63: 2 | H63: 1 | I63: 1 | J63: 0 | K63: 0 | L63: 0 | M63: 1 | N63: 2 | O63: 2 | P63: 0 | Q63: 1 | R63: 0 | S63: 1 | T63: 3 | U63: 1 | V63: 1 | W63: 1 | X63: 1 | Y63: 1 | Z63: 0 | AA63: 1 | AB63: 0 | AC63: 1 | AD63: 1 | AE63: 0 | AF63: 0 | AG63: =SUM(E63:AF63) -> 23
B64: 7 | C64: 7. MASHUDI | E64: 0 | F64: 2 | G64: 0 | H64: 0 | I64: 0 | J64: 0 | K64: 0 | L64: 0 | M64: 0 | N64: 0 | O64: 2 | P64: 1 | Q64: 0 | R64: 0 | S64: 0 | T64: 0 | U64: 0 | V64: 1 | W64: 0 | X64: 0 | Y64: 0 | Z64: 0 | AA64: 0 | AB64: 2 | AC64: 0 | AD64: 1 | AE64: 0 | AF64: 0 | AG64: =SUM(E64:AF64) -> 9
AG65: =SUM(E65:AF65) -> 0
AG66: =SUM(E66:AF66) -> 0
A67: B | B67: JUMLAH SUARA SAH PARTAI POLITIK DAN CALON (A1 + A2) | E67: =SUM(E57:E66) -> 22 | F67: =SUM(F57:F66) -> 44 | G67: =SUM(G57:G66) -> 63 | H67: =SUM(H57:H66) -> 50 | I67: =SUM(I57:I66) -> 53 | J67: =SUM(J57:J66) -> 47 | K67: =SUM(K57:K66) -> 29 | L67: =SUM(L57:L66) -> 39 | ... AG67: =SUM(AG57:AG66) -> 1282
A69: A.1 | B69: 3. | C69: Partai Demokrasi Indonesia Perjuangan | E69: 8 | F69: 5 | G69: 8 | H69: 5 | I69: 7 | J69: 7 | K69: 1 | L69: 8 | M69: 11 | N69: 17 | O69: 13 | P69: 13 | Q69: 15 | R69: 8 | S69: 5 | T69: 2 | U69: 1 | V69: 3 | W69: 2 | X69: 6 | Y69: 7 | Z69: 3 | AA69: 3 | AB69: 1 | AC69: 4 | AD69: 8 | AE69: 2 | AF69: 5 | AG69: =SUM(E69:AF69) -> 178
A70: A.2 | B70: 1 | C70: 1. SONNY TRI DANAPARAMITA, S.H., M.H. | E70: 28 | F70: 10 | G70: 12 | H70: 9 | I70: 6 | J70: 6 | K70: 5 | L70: 5 | M70: 13 | N70: 14 | O70: 19 | P70: 21 | Q70: 57 | R70: 4 | S70: 2 | T70: 7 | U70: 6 | V70: 4 | W70: 0 | X70: 9 | Y70: 2 | Z70: 5 | AA70: 6 | AB70: 8 | AC70: 7 | AD70: 7 | AE70: 1 | AF70: 8 | AG70: =SUM(E70:AF70) -> 281
B71: 2 | C71: 2. H. MOHAMAD GUNTUR ROMLI | E71: 0 | F71: 0 | G71: 1 | H71: 0 | I71: 0 | J71: 1 | K71: 0 | L71: 3 | M71: 7 | N71: 3 | O71: 3 | P71: 1 | Q71: 0 | R71: 0 | S71: 0 | T71: 0 | U71: 1 | V71: 0 | W71: 0 | X71: 1 | Y71: 1 | Z71: 0 | AA71: 1 | AB71: 0 | AC71: 4 | AD71: 2 | AE71: 1 | AF71: 7 | AG71: =SUM(E71:AF71) -> 37
B72: 3 | C72: 3. INA AMMANIA | E72: 2 | F72: 4 | G72: 0 | H72: 0 | I72: 0 | J72: 1 | K72: 0 | L72: 2 | M72: 37 | N72: 2 | O72: 1 | P72: 6 | Q72: 33 | R72: 19 | S72: 1 | T72: 4 | U72: 0 | V72: 1 | W72: 0 | X72: 3 | Y72: 0 | Z72: 4 | AA72: 2 | AB72: 1 | AC72: 0 | AD72: 2 | AE72: 0 | AF72: 2 | AG72: =SUM(E72:AF72) -> 127
B73: 4 | C73: 4. IRWAN BACHTIAR RACHMAT, M.Si. | E73: 1 | F73: 0 | G73: 2 | H73: 1 | I73: 2 | J73: 4 | K73: 0 | L73: 2 | M73: 1 | N73: 6 | O73: 6 | P73: 1 | Q73: 1 | R73: 1 | S73: 3 | T73: 1 | U73: 0 | V73: 0 | W73: 3 | X73: 0 | Y73: 0 | Z73: 0 | AA73: 0 | AB73: 0 | AC73: 0 | AD73: 0 | AE73: 0 | AF73: 2 | AG73: =SUM(E73:AF73) -> 37
B74: 5 | C74: 5. LUCKY PERDANA | E74: 12 | F74: 8 | G74: 2 | H74: 1 | I74: 4 | J74: 6 | K74: 2 | L74: 5 | M74: 11 | N74: 5 | O74: 13 | P74: 5 | Q74: 7 | R74: 1 | S74: 1 | T74: 2 | U74: 5 | V74: 1 | W74: 3 | X74: 4 | Y74: 0 | Z74: 3 | AA74: 5 | AB74: 2 | AC74: 3 | AD74: 2 | AE74: 3 | AF74: 4 | AG74: =SUM(E74:AF74) -> 120
B75: 6 | C75: 6. WIWIK PUJIYATI | E75: 1 | F75: 2 | G75: 0 | H75: 0 | I75: 2 | J75: 0 | K75: 0 | L75: 0 | M75: 2 | N75: 1 | O75: 0 | P75: 1 | Q75: 0 | R75: 3 | S75: 1 | T75: 0 | U75: 0 | V75: 0 | W75: 0 | X75: 0 | Y75: 0 | Z75: 0 | AA75: 0 | AB75: 1 | AC75: 1 | AD75: 0 | AE75: 0 | AF75: 0 | AG75: =SUM(E75:AF75) -> 15
B76: 7 | C76: 7. CHANDRA ASTAN, S.T. | E76: 0 | F76: 1 | G76: 0 | H76: 0 | I76: 1 | J76: 2 | K76: 1 | L76: 0 | M76: 6 | N76: 1 | O76: 3 | P76: 7 | Q76: 1 | R76: 0 | S76: 0 | T76: 0 | U76: 0 | V76: 0 | W76: 0 | X76: 0 | Y76: 0 | Z76: 1 | AA76: 0 | AB76: 0 | AC76: 1 | AD76: 0 | AE76: 0 | AF76: 0 | AG76: =SUM(E76:AF76) -> 25
AG77: =SUM(E77:AF77) -> 0
AG78: =SUM(E78:AF78) -> 0
A79: B | B79: JUMLAH SUARA SAH PARTAI POLITIK DAN CALON (A1 + A2) | E79: =SUM(E69:E78) -> 52 | F79: =SUM(F69:F78) -> 30 | G79: =SUM(G69:G78) -> 25 | H79: =SUM(H69:H78) -> 16 | I79: =SUM(I69:I78) -> 22 | J79: =SUM(J69:J78) -> 27 | K79: =SUM(K69:K78) -> 9 | L79: =SUM(L69:L78) -> 25 | ... AG79: =SUM(AG69:AG78) -> 820
A81: A.1 | B81: 4. | C81: Partai Golongan Karya | E81: 18 | F81: 22 | G81: 18 | H81: 3 | I81: 4 | J81: 7 | K81: 2 | L81: 1 | M81: 3 | N81: 1 | O81: 5 | P81: 7 | Q81: 2 | R81: 2 | S81: 6 | T81: 4 | U81: 10 | V81: 6 | W81: 3 | X81: 5 | Y81: 3 | Z81: 7 | AA81: 8 | AB81: 2 | AC81: 1 | AD81: 6 | AE81: 25 | AF81: 9 | AG81: =SUM(E81:AF81) -> 190
A82: A.2 | B82: 1 | C82: 1. ZULFIKAR ARSE SADIKIN, S.I.P., M.Si. | E82: 22 | F82: 11 | G82: 11 | H82: 5 | I82: 5 | J82: 14 | K82: 18 | L82: 13 | M82: 1 | N82: 2 | O82: 3 | P82: 5 | Q82: 1 | R82: 2 | S82: 5 | T82: 4 | U82: 39 | V82: 21 | W82: 20 | X82: 3 | Y82: 2 | Z82: 3 | AA82: 5 | AB82: 1 | AC82: 1 | AD82: 27 | AE82: 51 | AF82: 24 | AG82: =SUM(E82:AF82) -> 319
B83: 2 | C83: 2. HANDOKO | E83: 34 | F83: 35 | G83: 11 | H83: 3 | I83: 6 | J83: 3 | K83: 6 | L83: 4 | M83: 17 | N83: 6 | O83: 5 | P83: 3 | Q83: 5 | R83: 12 | S83: 14 | T83: 4 | U83: 4 | V83: 4 | W83: 2 | X83: 3 | Y83: 1 | Z83: 0 | AA83: 6 | AB83: 3 | AC83: 1 | AD83: 7 | AE83: 3 | AF83: 4 | AG83: =SUM(E83:AF83) -> 206
B84: 3 | C84: 3. Hj. OVI DEWI YANTI | E84: 3 | F84: 1 | G84: 1 | H84: 0 | I84: 0 | J84: 1 | K84: 1 | L84: 0 | M84: 0 | N84: 0 | O84: 0 | P84: 1 | Q84: 1 | R84: 2 | S84: 1 | T84: 2 | U84: 0 | V84: 0 | W84: 0 | X84: 1 | Y84: 0 | Z84: 0 | AA84: 0 | AB84: 0 | AC84: 0 | AD84: 0 | AE84: 0 | AF84: 1 | AG84: =SUM(E84:AF84) -> 16
B85: 4 | C85: 4. Ir. AZAM AZMAN NATAWIJANA | E85: 3 | F85: 0 | G85: 1 | H85: 0 | I85: 1 | J85: 0 | K85: 0 | L85: 0 | M85: 0 | N85: 2 | O85: 0 | P85: 0 | Q85: 0 | R85: 4 | S85: 0 | T85: 1 | U85: 0 | V85: 0 | W85: 0 | X85: 1 | Y85: 0 | Z85: 0 | AA85: 0 | AB85: 2 | AC85: 0 | AD85: 1 | AE85: 4 | AF85: 2 | AG85: =SUM(E85:AF85) -> 22
B86: 5 | C86: 5. UBAIDILLAH AMIN, S.Kom. | E86: 0 | F86: 0 | G86: 2 | H86: 0 | I86: 2 | J86: 1 | K86: 0 | L86: 0 | M86: 1 | N86: 0 | O86: 0 | P86: 0 | Q86: 0 | R86: 0 | S86: 0 | T86: 0 | U86: 0 | V86: 0 | W86: 0 | X86: 1 | Y86: 0 | Z86: 0 | AA86: 0 | AB86: 0 | AC86: 1 | AD86: 0 | AE86: 1 | AF86: 0 | AG86: =SUM(E86:AF86) -> 9
B87: 6 | C87: 6. DENNY YUNIANDARI, S.H., M.Kn. | E87: 0 | F87: 0 | G87: 0 | H87: 2 | I87: 0 | J87: 0 | K87: 0 | L87: 0 | M87: 0 | N87: 0 | O87: 0 | P87: 1 | Q87: 0 | R87: 0 | S87: 0 | T87: 0 | U87: 2 | V87: 0 | W87: 0 | X87: 0 | Y87: 0 | Z87: 0 | AA87: 0 | AB87: 0 | AC87: 0 | AD87: 0 | AE87: 1 | AF87: 0 | AG87: =SUM(E87:AF87) -> 6
B88: 7 | C88: 7. ERNADI, S.H.I. | E88: 0 | F88: 0 | G88: 0 | H88: 0 | I88: 0 | J88: 0 | K88: 0 | L88: 0 | M88: 0 | N88: 0 | O88: 0 | P88: 0 | Q88: 0 | R88: 0 | S88: 0 | T88: 0 | U88: 0 | V88: 0 | W88: 0 | X88: 0 | Y88: 0 | Z88: 0 | AA88: 0 | AB88: 0 | AC88: 0 | AD88: 0 | AE88: 0 | AF88: 0 | AG88: =SUM(E88:AF88) -> 0
AG89: =SUM(E89:AF89) -> 0
AG90: =SUM(E90:AF90) -> 0
A91: B | B91: JUMLAH SUARA SAH PARTAI POLITIK DAN CALON (A1 + A2) | E91: =SUM(E81:E90) -> 80 | F91: =SUM(F81:F90) -> 69 | G91: =SUM(G81:G90) -> 44 | H91: =SUM(H81:H90) -> 13 | I91: =SUM(I81:I90) -> 18 | J91: =SUM(J81:J90) -> 26 | K91: =SUM(K81:K90) -> 27 | L91: =SUM(L81:L90) -> 18 | ... AG91: =SUM(AG81:AG90) -> 768
A93: A.1 | B93: 5. | C93: Partai NasDem | E93: 0 | F93: 0 | G93: 1 | H93: 0 | I93: 1 | J93: 2 | K93: 0 | L93: 0 | M93: 0 | N93: 0 | O93: 1 | P93: 0 | Q93: 0 | R93: 0 | S93: 0 | T93: 0 | U93: 1 | V93: 0 | W93: 0 | X93: 0 | Y93: 0 | Z93: 0 | AA93: 5 | AB93: 0 | AC93: 2 | AD93: 0 | AE93: 0 | AF93: 1 | AG93: =SUM(E93:AF93) -> 14
A94: A.2 | B94: 1 | C94: 1. ACH. FADIL MUZAKKI SYAH | E94: 0 | F94: 0 | G94: 3 | H94: 1 | I94: 1 | J94: 2 | K94: 0 | L94: 0 | M94: 1 | N94: 2 | O94: 3 | P94: 1 | Q94: 1 | R94: 1 | S94: 0 | T94: 0 | U94: 1 | V94: 0 | W94: 0 | X94: 0 | Y94: 1 | Z94: 1 | AA94: 1 | AB94: 0 | AC94: 1 | AD94: 0 | AE94: 0 | AF94: 0 | AG94: =SUM(E94:AF94) -> 21
B95: 2 | C95: 2. BENY | E95: 2 | F95: 1 | G95: 0 | H95: 0 | I95: 0 | J95: 0 | K95: 0 | L95: 0 | M95: 0 | N95: 0 | O95: 0 | P95: 2 | Q95: 0 | R95: 0 | S95: 0 | T95: 0 | U95: 0 | V95: 0 | W95: 0 | X95: 0 | Y95: 0 | Z95: 1 | AA95: 0 | AB95: 0 | AC95: 0 | AD95: 1 | AE95: 0 | AF95: 0 | AG95: =SUM(E95:AF95) -> 7
B96: 3 | C96: 3. VINA VERONIKA | E96: 0 | F96: 0 | G96: 0 | H96: 0 | I96: 0 | J96: 0 | K96: 0 | L96: 0 | M96: 0 | N96: 0 | O96: 0 | P96: 0 | Q96: 0 | R96: 0 | S96: 0 | T96: 0 | U96: 0 | V96: 0 | W96: 0 | X96: 0 | Y96: 0 | Z96: 0 | AA96: 0 | AB96: 0 | AC96: 0 | AD96: 0 | AE96: 0 | AF96: 0 | AG96: =SUM(E96:AF96) -> 0
B97: 4 | C97: 4. TEDDY ANUGRIANTO | E97: 0 | F97: 1 | G97: 1 | H97: 0 | I97: 0 | J97: 0 | K97: 1 | L97: 1 | M97: 6 | N97: 4 | O97: 1 | P97: 1 | Q97: 0 | R97: 0 | S97: 0 | T97: 2 | U97: 0 | V97: 0 | W97: 1 | X97: 0 | Y97: 1 | Z97: 0 | AA97: 0 | AB97: 0 | AC97: 0 | AD97: 0 | AE97: 0 | AF97: 0 | AG97: =SUM(E97:AF97) -> 20
B98: 5 | C98: 5. INSAN KAMIL | E98: 0 | F98: 0 | G98: 0 | H98: 0 | I98: 0 | J98: 1 | K98: 0 | L98: 0 | M98: 0 | N98: 0 | O98: 0 | P98: 0 | Q98: 0 | R98: 0 | S98: 0 | T98: 0 | U98: 0 | V98: 0 | W98: 0 | X98: 1 | Y98: 0 | Z98: 0 | AA98: 0 | AB98: 0 | AC98: 1 | AD98: 0 | AE98: 0 | AF98: 0 | AG98: =SUM(E98:AF98) -> 3
B99: 6 | C99: 6. LILIK LINDARWATI | E99: 0 | F99: 0 | G99: 0 | H99: 0 | I99: 0 | J99: 0 | K99: 0 | L99: 0 | M99: 1 | N99: 0 | O99: 0 | P99: 0 | Q99: 0 | R99: 0 | S99: 0 | T99: 0 | U99: 0 | V99: 0 | W99: 0 | X99: 0 | Y99: 0 | Z99: 0 | AA99: 0 | AB99: 0 | AC99: 0 | AD99: 0 | AE99: 0 | AF99: 0 | AG99: =SUM(E99:AF99) -> 1
B100: 7 | C100: 7. YULI ANITA | E100: 0 | F100: 0 | G100: 0 | H100: 0 | I100: 0 | J100: 0 | K100: 0 | L100: 0 | M100: 0 | N100: 0 | O100: 0 | P100: 0 | Q100: 0 | R100: 0 | S100: 0 | T100: 0 | U100: 0 | V100: 0 | W100: 0 | X100: 0 | Y100: 0 | Z100: 0 | AA100: 0 | AB100: 0 | AC100: 0 | AD100: 0 | AE100: 0 | AF100: 0 | AG100: =SUM(E100:AF100) -> 0
AG101: =SUM(E101:AF101) -> 0
AG102: =SUM(E102:AF102) -> 0
A103: B | B103: JUMLAH SUARA SAH PARTAI POLITIK DAN CALON (A1 + A2) | E103: =SUM(E93:E102) -> 2 | F103: =SUM(F93:F102) -> 2 | G103: =SUM(G93:G102) -> 5 | H103: =SUM(H93:H102) -> 1 | I103: =SUM(I93:I102) -> 2 | J103: =SUM(J93:J102) -> 5 | K103: =SUM(K93:K102) -> 1 | L103: =SUM(L93:L102) -> 1 | ... AG103: =SUM(AG93:AG102) -> 66
A105: A.1 | B105: 6. | C105: Partai Buruh | E105: 1 | F105: 0 | G105: 0 | H105: 0 | I105: 2 | J105: 0 | K105: 0 | L105: 0 | M105: 0 | N105: 1 | O105: 0 | P105: 0 | Q105: 0 | R105: 2 | S105: 0 | T105: 4 | U105: 3 | V105: 2 | W105: 0 | X105: 1 | Y105: 2 | Z105: 0 | AA105: 0 | AB105: 0 | AC105: 0 | AD105: 0 | AE105: 0 | AF105: 0 | AG105: =SUM(E105:AF105) -> 18
A106: A.2 | B106: 1 | C106: 1. KHOIRUL ANAM | E106: 0 | F106: 1 | G106: 1 | H106: 0 | I106: 0 | J106: 0 | K106: 0 | L106: 0 | M106: 0 | N106: 2 | O106: 0 | P106: 0 | Q106: 0 | R106: 0 | S106: 0 | T106: 0 | U106: 0 | V106: 0 | W106: 0 | X106: 0 | Y106: 0 | Z106: 0 | AA106: 0 | AB106: 1 | AC106: 0 | AD106: 0 | AE106: 0 | AF106: 0 | AG106: =SUM(E106:AF106) -> 5
B107: 2 | C107: 2. INA KURNIA | E107: 0 | F107: 0 | G107: 0 | H107: 0 | I107: 0 | J107: 0 | K107: 0 | L107: 0 | M107: 0 | N107: 0 | O107: 0 | P107: 1 | Q107: 0 | R107: 2 | S107: 0 | T107: 0 | U107: 0 | V107: 0 | W107: 0 | X107: 0 | Y107: 1 | Z107: 0 | AA107: 0 | AB107: 0 | AC107: 0 | AD107: 0 | AE107: 0 | AF107: 0 | AG107: =SUM(E107:AF107) -> 4
B108: 3 | C108: 3. JIBRAL TAROUK | E108: 0 | F108: 1 | G108: 0 | H108: 0 | I108: 0 | J108: 0 | K108: 0 | L108: 0 | M108: 1 | N108: 0 | O108: 0 | P108: 0 | Q108: 1 | R108: 0 | S108: 0 | T108: 0 | U108: 0 | V108: 0 | W108: 0 | X108: 0 | Y108: 0 | Z108: 0 | AA108: 0 | AB108: 0 | AC108: 0 | AD108: 0 | AE108: 0 | AF108: 0 | AG108: =SUM(E108:AF108) -> 3
B109: 4 | C109: 4. ASTUTI DAENG PUJI | E109: 0 | F109: 0 | G109: 0 | H109: 0 | I109: 0 | J109: 0 | K109: 0 | L109: 0 | M109: 0 | N109: 0 | O109: 0 | P109: 0 | Q109: 0 | R109: 0 | S109: 0 | T109: 0 | U109: 0 | V109: 0 | W109: 0 | X109: 0 | Y109: 0 | Z109: 0 | AA109: 0 | AB109: 0 | AC109: 0 | AD109: 0 | AE109: 0 | AF109: 0 | AG109: =SUM(E109:AF109) -> 0
B110: 5 | C110: 5. ASDARMAWAN | E110: 0 | F110: 0 | G110: 0 | H110: 0 | I110: 0 | J110: 0 | K110: 0 | L110: 0 | M110: 0 | N110: 0 | O110: 0 | P110: 0 | Q110: 0 | R110: 0 | S110: 0 | T110: 0 | U110: 0 | V110: 0 | W110: 0 | X110: 0 | Y110: 0 | Z110: 0 | AA110: 0 | AB110: 0 | AC110: 0 | AD110: 0 | AE110: 0 | AF110: 0 | AG110: =SUM(E110:AF110) -> 0
B111: 6 | C111: 6. RIFQI MUBAROK | E111: 0 | F111: 0 | G111: 0 | H111: 1 | I111: 0 | J111: 0 | K111: 0 | L111: 0 | M111: 0 | N111: 0 | O111: 0 | P111: 0 | Q111: 0 | R111: 0 | S111: 0 | T111: 0 | U111: 0 | V111: 0 | W111: 1 | X111: 0 | Y111: 0 | Z111: 0 | AA111: 0 | AB111: 0 | AC111: 0 | AD111: 0 | AE111: 0 | AF111: 0 | AG111: =SUM(E111:AF111) -> 2
B112: 7 | C112: 7. FIRNANDA ALTA MEGA | E112: 0 | F112: 0 | G112: 0 | H112: 0 | I112: 0 | J112: 0 | K112: 0 | L112: 0 | M112: 0 | N112: 0 | O112: 0 | P112: 0 | Q112: 0 | R112: 0 | S112: 0 | T112: 0 | U112: 0 | V112: 0 | W112: 0 | X112: 0 | Y112: 0 | Z112: 0 | AA112: 0 | AB112: 0 | AC112: 0 | AD112: 0 | AE112: 0 | AF112: 0 | AG112: =SUM(E112:AF112) -> 0
AG113: =SUM(E113:AF113) -> 0
AG114: =SUM(E114:AF114) -> 0
A115: B | B115: JUMLAH SUARA SAH PARTAI POLITIK DAN CALON (A1 + A2) | E115: =SUM(E105:E114) -> 1 | F115: =SUM(F105:F114) -> 2 | G115: =SUM(G105:G114) -> 1 | H115: =SUM(H105:H114) -> 1 | I115: =SUM(I105:I114) -> 2 | J115: =SUM(J105:J114) -> 0 | K115: =SUM(K105:K114) -> 0 | L115: =SUM(L105:L114) -> 0 | ... AG115: =SUM(AG105:AG114) -> 32
A117: A.1 | B117: 7. | C117: Partai Gelombang Rakyat Indonesia | E117: 0 | F117: 0 | G117: 0 | H117: 1 | I117: 0 | J117: 0 | K117: 1 | L117: 0 | M117: 0 | N117: 1 | O117: 0 | P117: 0 | Q117: 0 | R117: 0 | S117: 0 | T117: 0 | U117: 0 | V117: 1 | W117: 0 | X117: 1 | Y117: 0 | Z117: 1 | AA117: 1 | AB117: 0 | AC117: 0 | AD117: 0 | AE117: 0 | AF117: 1 | AG117: =SUM(E117:AF117) -> 8
...

Sheet TEMUASRI
C2: Kecamatan | D2: SEMPU
C3: Kabupaten | D3: BANYUWANGI
C4: Provinsi | D4: JAWA TIMUR
C9: Kelurahan | D9: TEMUASRI
A12: I | B12: DATA PEMILIH DAN PENGGUNAAN HAK PILIH | AJ12: JUMLAH AKHIR
A13: A | B13: DATA PEMILIH | E13: TPS 001 | F13: TPS 002 | G13: TPS 003 | H13: TPS 004 | I13: TPS 005 | J13: TPS 006 | K13: TPS 007 | L13: TPS 008 | M13: TPS 009 | N13: TPS 010 | O13: TPS 011 | P13: TPS 012 | Q13: TPS 013 | R13: TPS 014 | S13: TPS 015 | T13: TPS 016 | U13: TPS 017 | V13: TPS 018 | W13: TPS 019 | X13: TPS 020 | Y13: TPS 021 | Z13: TPS 022 | AA13: TPS 023 | AB13: TPS 024 | AC13: TPS 025 | AD13: TPS 026 | AE13: TPS 027 | AF13: TPS 028 | AG13: TPS 029 | AH13: TPS 030 | AI13: TPS 031
B14: Jumlah Pemilih dalam Daftar Pemilih Tetap (DPT) | D14: LK | E14: 82 | F14: 145 | G14: 137 | H14: 143 | I14: 118 | J14: 149 | K14: 148 | L14: 104 | M14: 96 | N14: 142 | O14: 144 | P14: 127 | Q14: 94 | R14: 135 | S14: 138 | T14: 145 | U14: 122 | V14: 144 | W14: 149 | X14: 146 | Y14: 147 | Z14: 141 | AA14: 138 | AB14: 141 | AC14: 141 | AD14: 130 | AE14: 139 | AF14: 134 | AG14: 137 | AH14: 128 | AI14: 126 | AJ14: =SUM(E14:AI14) -> 4110
D15: PR | E15: 88 | F15: 145 | G15: 131 | H15: 125 | I15: 152 | J15: 147 | K15: 144 | L15: 109 | M15: 103 | N15: 145 | O15: 134 | P15: 117 | Q15: 103 | R15: 128 | S15: 144 | T15: 149 | U15: 123 | V15: 144 | W15: 137 | X15: 140 | Y15: 145 | Z15: 130 | AA15: 130 | AB15: 144 | AC15: 146 | AD15: 149 | AE15: 138 | AF15: 152 | AG15: 133 | AH15: 124 | AI15: 147 | AJ15: =SUM(E15:AI15) -> 4146
D16: JML | E16: =SUM(E14:E15) -> 170 | F16: =SUM(F14:F15) -> 290 | G16: =SUM(G14:G15) -> 268 | H16: =SUM(H14:H15) -> 268 | I16: =SUM(I14:I15) -> 270 | J16: =SUM(J14:J15) -> 296 | K16: =SUM(K14:K15) -> 292 | L16: =SUM(L14:L15) -> 213 | ... AI16: =SUM(AI14:AI15) -> 273 | AJ16: =SUM(E16:AI16) -> 8256
A18: B | B18: PENGGUNA HAK PILIH
B19: 1. | C19: Jumlah pengguna hak pilih dalam Daftar Pemilih Tetap (DPT) | D19: LK | E19: 63 | F19: 91 | G19: 95 | H19: 105 | I19: 82 | J19: 103 | K19: 105 | L19: 80 | M19: 75 | N19: 112 | O19: 107 | P19: 96 | Q19: 76 | R19: 101 | S19: 91 | T19: 107 | U19: 91 | V19: 95 | W19: 118 | X19: 111 | Y19: 108 | Z19: 94 | AA19: 97 | AB19: 100 | AC19: 109 | AD19: 88 | AE19: 103 | AF19: 98 | AG19: 102 | AH19: 83 | AI19: 99 | AJ19: =SUM(E19:AI19) -> 2985
D20: PR | E20: 67 | F20: 99 | G20: 93 | H20: 91 | I20: 107 | J20: 112 | K20: 110 | L20: 91 | M20: 73 | N20: 117 | O20: 106 | P20: 94 | Q20: 71 | R20: 100 | S20: 101 | T20: 108 | U20: 77 | V20: 109 | W20: 111 | X20: 99 | Y20: 124 | Z20: 94 | AA20: 99 | AB20: 111 | AC20: 119 | AD20: 109 | AE20: 119 | AF20: 120 | AG20: 102 | AH20: 94 | AI20: 120 | AJ20: =SUM(E20:AI20) -> 3147
D21: JML | E21: =SUM(E19:E20) -> 130 | F21: =SUM(F19:F20) -> 190 | G21: =SUM(G19:G20) -> 188 | H21: =SUM(H19:H20) -> 196 | I21: =SUM(I19:I20) -> 189 | J21: =SUM(J19:J20) -> 215 | K21: =SUM(K19:K20) -> 215 | L21: =SUM(L19:L20) -> 171 | ... AI21: =SUM(AI19:AI20) -> 219 | AJ21: =SUM(E21:AI21) -> 6132
B22: 2. | C22: Jumlah pengguna hak pilih dalam Daftar Pemilih Tambahan (DPTb) | D22: LK | E22: 0 | F22: 0 | G22: 0 | H22: 1 | I22: 0 | J22: 0 | K22: 0 | L22: 0 | M22: 0 | N22: 0 | O22: 0 | P22: 0 | Q22: 0 | R22: 0 | S22: 1 | T22: 0 | U22: 2 | V22: 0 | W22: 0 | X22: 0 | Y22: 0 | Z22: 0 | AA22: 0 | AB22: 0 | AC22: 0 | AD22: 0 | AE22: 0 | AF22: 0 | AG22: 0 | AH22: 0 | AI22: 0 | AJ22: =SUM(E22:AI22) -> 4
D23: PR | E23: 1 | F23: 1 | G23: 0 | H23: 0 | I23: 0 | J23: 0 | K23: 0 | L23: 0 | M23: 0 | N23: 0 | O23: 0 | P23: 0 | Q23: 0 | R23: 0 | S23: 0 | T23: 0 | U23: 1 | V23: 0 | W23: 0 | X23: 0 | Y23: 0 | Z23: 0 | AA23: 0 | AB23: 0 | AC23: 0 | AD23: 0 | AE23: 0 | AF23: 0 | AG23: 0 | AH23: 0 | AI23: 0 | AJ23: =SUM(E23:AI23) -> 3
D24: JML | E24: =SUM(E22:E23) -> 1 | F24: =SUM(F22:F23) -> 1 | G24: =SUM(G22:G23) -> 0 | H24: =SUM(H22:H23) -> 1 | I24: =SUM(I22:I23) -> 0 | J24: =SUM(J22:J23) -> 0 | K24: =SUM(K22:K23) -> 0 | L24: =SUM(L22:L23) -> 0 | ... AI24: =SUM(AI22:AI23) -> 0 | AJ24: =SUM(E24:AI24) -> 7
B25: 3. | C25: Jumlah pengguna hak pilih dalam Daftar Pemilih Khusus (DPK) | D25: LK | E25: 0 | F25: 1 | G25: 0 | H25: 2 | I25: 0 | J25: 0 | K25: 0 | L25: 1 | M25: 2 | N25: 0 | O25: 1 | P25: 0 | Q25: 0 | R25: 1 | S25: 0 | T25: 0 | U25: 1 | V25: 0 | W25: 0 | X25: 0 | Y25: 0 | Z25: 0 | AA25: 0 | AB25: 2 | AC25: 0 | AD25: 1 | AE25: 0 | AF25: 0 | AG25: 1 | AH25: 1 | AI25: 0 | AJ25: =SUM(E25:AI25) -> 14
D26: PR | E26: 0 | F26: 5 | G26: 0 | H26: 2 | I26: 2 | J26: 0 | K26: 1 | L26: 3 | M26: 0 | N26: 0 | O26: 2 | P26: 0 | Q26: 0 | R26: 0 | S26: 0 | T26: 1 | U26: 2 | V26: 0 | W26: 0 | X26: 0 | Y26: 3 | Z26: 0 | AA26: 0 | AB26: 5 | AC26: 1 | AD26: 1 | AE26: 0 | AF26: 3 | AG26: 1 | AH26: 6 | AI26: 0 | AJ26: =SUM(E26:AI26) -> 38
D27: JML | E27: =SUM(E25:E26) -> 0 | F27: =SUM(F25:F26) -> 6 | G27: =SUM(G25:G26) -> 0 | H27: =SUM(H25:H26) -> 4 | I27: =SUM(I25:I26) -> 2 | J27: =SUM(J25:J26) -> 0 | K27: =SUM(K25:K26) -> 1 | L27: =SUM(L25:L26) -> 4 | ... AI27: =SUM(AI25:AI26) -> 0 | AJ27: =SUM(E27:AI27) -> 52
B28: 4. | C28: Jumlah Pengguna Hak Pilih (B.1+B.2+B.3) | D28: LK | E28: =SUM(E19,E22,E25) -> 63 | F28: =SUM(F19,F22,F25) -> 92 | G28: =SUM(G19,G22,G25) -> 95 | H28: =SUM(H19,H22,H25) -> 108 | I28: =SUM(I19,I22,I25) -> 82 | J28: =SUM(J19,J22,J25) -> 103 | K28: =SUM(K19,K22,K25) -> 105 | L28: =SUM(L19,L22,L25) -> 81 | ... AI28: =SUM(AI19,AI22,AI25) -> 99 | AJ28: =SUM(E28:AI28) -> 3003
D29: PR | E29: =SUM(E20,E23,E26) -> 68 | F29: =SUM(F20,F23,F26) -> 105 | G29: =SUM(G20,G23,G26) -> 93 | H29: =SUM(H20,H23,H26) -> 93 | I29: =SUM(I20,I23,I26) -> 109 | J29: =SUM(J20,J23,J26) -> 112 | K29: =SUM(K20,K23,K26) -> 111 | L29: =SUM(L20,L23,L26) -> 94 | ... AI29: =SUM(AI20,AI23,AI26) -> 120 | AJ29: =SUM(E29:AI29) -> 3188
D30: JML | E30: =SUM(E28:E29) -> 131 | F30: =SUM(F28:F29) -> 197 | G30: =SUM(G28:G29) -> 188 | H30: =SUM(H28:H29) -> 201 | I30: =SUM(I28:I29) -> 191 | J30: =SUM(J28:J29) -> 215 | K30: =SUM(K28:K29) -> 216 | L30: =SUM(L28:L29) -> 175 | ... AI30: =SUM(AI28:AI29) -> 219 | AJ30: =SUM(E30:AI30) -> 6191
A32: II | B32: DATA PENGGUNAAN SURAT SUARA
A33: 1 | B33: Jumlah surat suara yang diterima, termasuk surat suara cadangan 2,5% dari DPT | E33: 174 | F33: 286 | G33: 274 | H33: 274 | I33: 276 | J33: 302 | K33: 297 | L33: 218 | M33: 203 | N33: 293 | O33: 284 | P33: 258 | Q33: 201 | R33: 269 | S33: 299 | T33: 299 | U33: 250 | V33: 295 | W33: 292 | X33: 292 | Y33: 298 | Z33: 277 | AA33: 274 | AB33: 291 | AC33: 283 | AD33: 285 | AE33: 283 | AF33: 282 | AG33: 276 | AH33: 255 | AI33: 270 | AJ33: =SUM(E33:AI33) -> 8410
A34: 2 | B34: Jumlah surat suara yang digunakan | E34: 131 | F34: 197 | G34: 188 | H34: 201 | I34: 191 | J34: 215 | K34: 216 | L34: 175 | M34: 150 | N34: 229 | O34: 216 | P34: 190 | Q34: 147 | R34: 202 | S34: 193 | T34: 216 | U34: 174 | V34: 204 | W34: 229 | X34: 210 | Y34: 235 | Z34: 188 | AA34: 196 | AB34: 218 | AC34: 229 | AD34: 199 | AE34: 222 | AF34: 221 | AG34: 206 | AH34: 184 | AI34: 219 | AJ34: =SUM(E34:AI34) -> 6191
A35: 3 | B35: Jumlah surat suara dikembalikan oleh pemilih (karena rusak atau keliru coblos) | E35: 0 | F35: 0 | G35: 0 | H35: 0 | I35: 0 | J35: 0 | K35: 0 | L35: 0 | M35: 0 | N35: 0 | O35: 0 | P35: 0 | Q35: 2 | R35: 0 | S35: 0 | T35: 0 | U35: 0 | V35: 0 | W35: 0 | X35: 0 | Y35: 0 | Z35: 0 | AA35: 0 | AB35: 0 | AC35: 0 | AD35: 0 | AE35: 0 | AF35: 0 | AG35: 0 | AH35: 0 | AI35: 0 | AJ35: =SUM(E35:AI35) -> 2
A36: 4 | B36: Jumlah surat suara yang tidak digunakan/tidak terpakai, termasuk sisa surat suara cadangan | E36: =E33-(E34+E35) -> 43 | F36: =F33-(F34+F35) -> 89 | G36: =G33-(G34+G35) -> 86 | H36: =H33-(H34+H35) -> 73 | I36: =I33-(I34+I35) -> 85 | J36: =J33-(J34+J35) -> 87 | K36: =K33-(K34+K35) -> 81 | L36: =L33-(L34+L35) -> 43 | ... AI36: =AI33-(AI34+AI35) -> 51 | AJ36: =SUM(E36:AI36) -> 2217
A38: III | B38: DATA PEMILIH DISABILITAS
B39: Jumlah seluruh Pemilih disabilitas yang menggunakan hak pilih | D39: LK | E39: 1 | F39: 1 | G39: 0 | H39: 0 | I39: 0 | J39: 0 | K39: 0 | L39: 0 | M39: 0 | N39: 0 | O39: 0 | P39: 0 | Q39: 0 | R39: 0 | S39: 0 | T39: 0 | U39: 2 | V39: 0 | W39: 0 | X39: 0 | Y39: 0 | Z39: 0 | AA39: 0 | AB39: 0 | AC39: 0 | AD39: 1 | AE39: 0 | AF39: 0 | AG39: 0 | AH39: 0 | AI39: 0 | AJ39: =SUM(E39:AI39) -> 5
D40: PR | E40: 1 | F40: 0 | G40: 0 | H40: 0 | I40: 0 | J40: 0 | K40: 0 | L40: 0 | M40: 0 | N40: 0 | O40: 0 | P40: 0 | Q40: 0 | R40: 0 | S40: 0 | T40: 0 | U40: 2 | V40: 0 | W40: 0 | X40: 0 | Y40: 0 | Z40: 0 | AA40: 0 | AB40: 0 | AC40: 0 | AD40: 0 | AE40: 0 | AF40: 1 | AG40: 0 | AH40: 0 | AI40: 0 | AJ40: =SUM(E40:AI40) -> 4
D41: JML | E41: =SUM(E39:E40) -> 2 | F41: =SUM(F39:F40) -> 1 | G41: =SUM(G39:G40) -> 0 | H41: =SUM(H39:H40) -> 0 | I41: =SUM(I39:I40) -> 0 | J41: =SUM(J39:J40) -> 0 | K41: =SUM(K39:K40) -> 0 | L41: =SUM(L39:L40) -> 0 | ... AI41: =SUM(AI39:AI40) -> 0 | AJ41: =SUM(E41:AI41) -> 9
A43: IV | B43: DATA RINCIAN PEROLEHAN SUARA PASANGAN CALON BUPATI DAN WAKIL BUPATI
A44: NOMOR DAN NAMA CALON
A45: A.1 | B45: 1. | C45: Partai Kebangkitan Bangsa | E45: 6 | F45: 5 | G45: 4 | H45: 2 | I45: 12 | J45: 7 | K45: 10 | L45: 2 | M45: 2 | N45: 8 | O45: 6 | P45: 4 | Q45: 1 | R45: 5 | S45: 8 | T45: 16 | U45: 4 | V45: 2 | W45: 7 | X45: 7 | Y45: 11 | Z45: 8 | AA45: 9 | AB45: 8 | AC45: 8 | AD45: 11 | AE45: 2 | AF45: 3 | AG45: 16 | AH45: 9 | AI45: 8 | AJ45: =SUM(E45:AI45) -> 211
A46: A.2 | B46: 1 | C46: 1. Dr. Hj. NIHAYATUL WAFIROH, M.A. | E46: 2 | F46: 8 | G46: 5 | H46: 17 | I46: 7 | J46: 9 | K46: 27 | L46: 5 | M46: 7 | N46: 12 | O46: 17 | P46: 6 | Q46: 4 | R46: 9 | S46: 11 | T46: 51 | U46: 21 | V46: 8 | W46: 15 | X46: 5 | Y46: 26 | Z46: 35 | AA46: 7 | AB46: 20 | AC46: 22 | AD46: 27 | AE46: 12 | AF46: 17 | AG46: 22 | AH46: 11 | AI46: 31 | AJ46: =SUM(E46:AI46) -> 476
B47: 2 | C47: 2. H. M. NASIM KHAN | E47: 1 | F47: 0 | G47: 2 | H47: 1 | I47: 0 | J47: 1 | K47: 1 | L47: 0 | M47: 0 | N47: 0 | O47: 1 | P47: 1 | Q47: 0 | R47: 3 | S47: 1 | T47: 0 | U47: 2 | V47: 0 | W47: 1 | X47: 1 | Y47: 1 | Z47: 1 | AA47: 1 | AB47: 3 | AC47: 4 | AD47: 0 | AE47: 3 | AF47: 3 | AG47: 23 | AH47: 2 | AI47: 1 | AJ47: =SUM(E47:AI47) -> 58
B48: 3 | C48: 3. Dr. H. AKIK ZAMAN, M.Pd.I. | E48: 0 | F48: 0 | G48: 0 | H48: 0 | I48: 0 | J48: 0 | K48: 1 | L48: 0 | M48: 0 | N48: 0 | O48: 0 | P48: 0 | Q48: 0 | R48: 0 | S48: 1 | T48: 3 | U48: 0 | V48: 0 | W48: 0 | X48: 0 | Y48: 0 | Z48: 0 | AA48: 1 | AB48: 2 | AC48: 2 | AD48: 0 | AE48: 0 | AF48: 1 | AG48: 2 | AH48: 1 | AI48: 1 | AJ48: =SUM(E48:AI48) -> 15
B49: 4 | C49: 4. AHMAD RIFA'I, S.H. | E49: 0 | F49: 1 | G49: 0 | H49: 0 | I49: 0 | J49: 0 | K49: 1 | L49: 0 | M49: 0 | N49: 0 | O49: 1 | P49: 0 | Q49: 0 | R49: 0 | S49: 0 | T49: 1 | U49: 0 | V49: 0 | W49: 0 | X49: 0 | Y49: 2 | Z49: 2 | AA49: 0 | AB49: 0 | AC49: 6 | AD49: 1 | AE49: 1 | AF49: 1 | AG49: 0 | AH49: 2 | AI49: 0 | AJ49: =SUM(E49:AI49) -> 19
B50: 5 | C50: 5. Drs. H. MAHFUD M.N. | E50: 0 | F50: 0 | G50: 0 | H50: 0 | I50: 0 | J50: 0 | K50: 0 | L50: 0 | M50: 0 | N50: 1 | O50: 1 | P50: 0 | Q50: 0 | R50: 0 | S50: 0 | T50: 1 | U50: 2 | V50: 0 | W50: 0 | X50: 0 | Y50: 0 | Z50: 0 | AA50: 1 | AB50: 0 | AC50: 3 | AD50: 1 | AE50: 0 | AF50: 0 | AG50: 2 | AH50: 1 | AI50: 1 | AJ50: =SUM(E50:AI50) -> 14
B51: 6 | C51: 6. NURHAYATI, S.Pd. | E51: 0 | F51: 1 | G51: 0 | H51: 0 | I51: 0 | J51: 0 | K51: 0 | L51: 0 | M51: 0 | N51: 1 | O51: 1 | P51: 0 | Q51: 0 | R51: 0 | S51: 0 | T51: 0 | U51: 0 | V51: 2 | W51: 0 | X51: 0 | Y51: 2 | Z51: 0 | AA51: 0 | AB51: 1 | AC51: 0 | AD51: 3 | AE51: 2 | AF51: 0 | AG51: 1 | AH51: 2 | AI51: 0 | AJ51: =SUM(E51:AI51) -> 16
B52: 7 | C52: 7. MAFTUHA KISWAH | E52: 0 | F52: 0 | G52: 0 | H52: 0 | I52: 0 | J52: 0 | K52: 0 | L52: 0 | M52: 0 | N52: 0 | O52: 0 | P52: 0 | Q52: 0 | R52: 1 | S52: 0 | T52: 0 | U52: 0 | V52: 0 | W52: 0 | X52: 0 | Y52: 0 | Z52: 0 | AA52: 0 | AB52: 0 | AC52: 0 | AD52: 0 | AE52: 1 | AF52: 0 | AG52: 0 | AH52: 0 | AI52: 1 | AJ52: =SUM(E52:AI52) -> 3
AJ53: =SUM(E53:AI53) -> 0
AJ54: =SUM(E54:AI54) -> 0
A55: B | B55: JUMLAH SUARA SAH PARTAI POLITIK DAN CALON (A1 + A2) | E55: =SUM(E45:E54) -> 9 | F55: =SUM(F45:F54) -> 15 | G55: =SUM(G45:G54) -> 11 | H55: =SUM(H45:H54) -> 20 | I55: =SUM(I45:I54) -> 19 | J55: =SUM(J45:J54) -> 17 | K55: =SUM(K45:K54) -> 40 | L55: =SUM(L45:L54) -> 7 | ... AJ55: =SUM(AJ45:AJ54) -> 812
A57: A.1 | B57: 2. | C57: Partai Gerakan Indonesia Raya | E57: 7 | F57: 13 | G57: 7 | H57: 15 | I57: 16 | J57: 26 | K57: 17 | L57: 14 | M57: 10 | N57: 8 | O57: 10 | P57: 8 | Q57: 4 | R57: 13 | S57: 4 | T57: 7 | U57: 11 | V57: 4 | W57: 10 | X57: 6 | Y57: 6 | Z57: 4 | AA57: 7 | AB57: 4 | AC57: 11 | AD57: 8 | AE57: 12 | AF57: 10 | AG57: 9 | AH57: 8 | AI57: 18 | AJ57: =SUM(E57:AI57) -> 307
A58: A.2 | B58: 1 | C58: 1. SUMAIL ABDULLAH | E58: 11 | F58: 13 | G58: 6 | H58: 12 | I58: 5 | J58: 11 | K58: 3 | L58: 9 | M58: 3 | N58: 14 | O58: 5 | P58: 2 | Q58: 2 | R58: 8 | S58: 6 | T58: 2 | U58: 20 | V58: 11 | W58: 6 | X58: 13 | Y58: 12 | Z58: 4 | AA58: 8 | AB58: 10 | AC58: 11 | AD58: 11 | AE58: 18 | AF58: 20 | AG58: 0 | AH58: 4 | AI58: 8 | AJ58: =SUM(E58:AI58) -> 268
B59: 2 | C59: 2. MUHAMMAD ALI ADRIAN SALEH | E59: 0 | F59: 5 | G59: 6 | H59: 8 | I59: 12 | J59: 10 | K59: 21 | L59: 35 | M59: 10 | N59: 1 | O59: 5 | P59: 4 | Q59: 2 | R59: 15 | S59: 35 | T59: 8 | U59: 6 | V59: 10 | W59: 20 | X59: 22 | Y59: 18 | Z59: 12 | AA59: 3 | AB59: 0 | AC59: 0 | AD59: 4 | AE59: 11 | AF59: 1 | AG59: 2 | AH59: 3 | AI59: 4 | AJ59: =SUM(E59:AI59) -> 293
B60: 3 | C60: 3. DURROTUN NAFISAH | E60: 0 | F60: 1 | G60: 0 | H60: 0 | I60: 1 | J60: 0 | K60: 3 | L60: 1 | M60: 2 | N60: 0 | O60: 1 | P60: 0 | Q60: 0 | R60: 2 | S60: 1 | T60: 0 | U60: 2 | V60: 0 | W60: 0 | X60: 2 | Y60: 0 | Z60: 0 | AA60: 0 | AB60: 1 | AC60: 0 | AD60: 0 | AE60: 1 | AF60: 1 | AG60: 0 | AH60: 2 | AI60: 1 | AJ60: =SUM(E60:AI60) -> 22
B61: 4 | C61: 4. H. EKO SUSILO NURHIDAYAT | E61: 1 | F61: 2 | G61: 4 | H61: 11 | I61: 2 | J61: 2 | K61: 7 | L61: 3 | M61: 2 | N61: 1 | O61: 1 | P61: 3 | Q61: 3 | R61: 4 | S61: 4 | T61: 1 | U61: 1 | V61: 9 | W61: 1 | X61: 1 | Y61: 2 | Z61: 2 | AA61: 3 | AB61: 2 | AC61: 5 | AD61: 1 | AE61: 2 | AF61: 2 | AG61: 1 | AH61: 0 | AI61: 0 | AJ61: =SUM(E61:AI61) -> 83
B62: 5 | C62: 5. KARNADI HARIJANTO, S.S. | E62: 1 | F62: 0 | G62: 0 | H62: 0 | I62: 0 | J62: 0 | K62: 0 | L62: 0 | M62: 0 | N62: 0 | O62: 0 | P62: 0 | Q62: 0 | R62: 1 | S62: 0 | T62: 1 | U62: 1 | V62: 0 | W62: 0 | X62: 0 | Y62: 1 | Z62: 1 | AA62: 0 | AB62: 0 | AC62: 0 | AD62: 2 | AE62: 1 | AF62: 0 | AG62: 0 | AH62: 0 | AI62: 0 | AJ62: =SUM(E62:AI62) -> 9
B63: 6 | C63: 6. NURHAYATI | E63: 0 | F63: 3 | G63: 1 | H63: 4 | I63: 0 | J63: 1 | K63: 1 | L63: 0 | M63: 0 | N63: 2 | O63: 1 | P63: 3 | Q63: 0 | R63: 0 | S63: 1 | T63: 0 | U63: 0 | V63: 1 | W63: 0 | X63: 1 | Y63: 1 | Z63: 1 | AA63: 0 | AB63: 2 | AC63: 0 | AD63: 1 | AE63: 0 | AF63: 1 | AG63: 1 | AH63: 0 | AI63: 0 | AJ63: =SUM(E63:AI63) -> 26
B64: 7 | C64: 7. MASHUDI | E64: 1 | F64: 0 | G64: 0 | H64: 0 | I64: 1 | J64: 0 | K64: 1 | L64: 1 | M64: 0 | N64: 0 | O64: 1 | P64: 0 | Q64: 1 | R64: 0 | S64: 0 | T64: 0 | U64: 1 | V64: 0 | W64: 0 | X64: 0 | Y64: 1 | Z64: 0 | AA64: 0 | AB64: 0 | AC64: 0 | AD64: 0 | AE64: 0 | AF64: 0 | AG64: 0 | AH64: 0 | AI64: 0 | AJ64: =SUM(E64:AI64) -> 8
AJ65: =SUM(E65:AI65) -> 0
AJ66: =SUM(E66:AI66) -> 0
A67: B | B67: JUMLAH SUARA SAH PARTAI POLITIK DAN CALON (A1 + A2) | E67: =SUM(E57:E66) -> 21 | F67: =SUM(F57:F66) -> 37 | G67: =SUM(G57:G66) -> 24 | H67: =SUM(H57:H66) -> 50 | I67: =SUM(I57:I66) -> 37 | J67: =SUM(J57:J66) -> 50 | K67: =SUM(K57:K66) -> 53 | L67: =SUM(L57:L66) -> 63 | ... AJ67: =SUM(AJ57:AJ66) -> 1016
A69: A.1 | B69: 3. | C69: Partai Demokrasi Indonesia Perjuangan | E69: 3 | F69: 19 | G69: 12 | H69: 11 | I69: 18 | J69: 18 | K69: 20 | L69: 3 | M69: 14 | N69: 16 | O69: 29 | P69: 39 | Q69: 22 | R69: 11 | S69: 6 | T69: 6 | U69: 10 | V69: 5 | W69: 12 | X69: 11 | Y69: 11 | Z69: 9 | AA69: 6 | AB69: 10 | AC69: 6 | AD69: 10 | AE69: 12 | AF69: 11 | AG69: 7 | AH69: 8 | AI69: 10 | AJ69: =SUM(E69:AI69) -> 385
A70: A.2 | B70: 1 | C70: 1. SONNY TRI DANAPARAMITA, S.H., M.H. | E70: 17 | F70: 20 | G70: 15 | H70: 18 | I70: 14 | J70: 15 | K70: 15 | L70: 12 | M70: 10 | N70: 29 | O70: 38 | P70: 20 | Q70: 21 | R70: 16 | S70: 12 | T70: 16 | U70: 22 | V70: 46 | W70: 63 | X70: 35 | Y70: 15 | Z70: 27 | AA70: 12 | AB70: 31 | AC70: 29 | AD70: 17 | AE70: 17 | AF70: 21 | AG70: 12 | AH70: 10 | AI70: 14 | AJ70: =SUM(E70:AI70) -> 659
B71: 2 | C71: 2. H. MOHAMAD GUNTUR ROMLI | E71: 1 | F71: 6 | G71: 3 | H71: 2 | I71: 2 | J71: 4 | K71: 4 | L71: 1 | M71: 0 | N71: 4 | O71: 5 | P71: 3 | Q71: 16 | R71: 2 | S71: 3 | T71: 2 | U71: 0 | V71: 1 | W71: 1 | X71: 3 | Y71: 3 | Z71: 1 | AA71: 2 | AB71: 2 | AC71: 0 | AD71: 1 | AE71: 3 | AF71: 3 | AG71: 1 | AH71: 0 | AI71: 0 | AJ71: =SUM(E71:AI71) -> 79
B72: 3 | C72: 3. INA AMMANIA | E72: 8 | F72: 2 | G72: 2 | H72: 1 | I72: 2 | J72: 3 | K72: 1 | L72: 0 | M72: 0 | N72: 15 | O72: 19 | P72: 13 | Q72: 11 | R72: 1 | S72: 0 | T72: 0 | U72: 1 | V72: 1 | W72: 1 | X72: 1 | Y72: 3 | Z72: 1 | AA72: 0 | AB72: 1 | AC72: 2 | AD72: 3 | AE72: 0 | AF72: 5 | AG72: 0 | AH72: 3 | AI72: 1 | AJ72: =SUM(E72:AI72) -> 101
