Workbook

Sheet DPR RI
C8: Kecamatan | D8: CLURING
C9: Kabupaten | D9: BANYUWANGI
C10: Provinsi | D10: JAWA TIMUR
A12: I | B12: DATA PEMILIH DAN PENGGUNAAN HAK PILIH | E12: JUMLAH AKHIR
A13: A | B13: DATA PEMILIH
B14: Jumlah Pemilih dalam Daftar Pemilih Tetap (DPT) | D14: LK | E14: =BENCULUK!AS14+CLURING!AL14+KALIPLOSO!Q14+PLAMPANGREJO!AE14+SARIMULYO!AA14+SEMBULUNG!AC14+SRATEN!AB14+TAMANAGUNG!AH14+TAMPO!AB14 -> 20590
D15: PR | E15: =BENCULUK!AS15+CLURING!AL15+KALIPLOSO!Q15+PLAMPANGREJO!AE15+SARIMULYO!AA15+SEMBULUNG!AC15+SRATEN!AB15+TAMANAGUNG!AH15+TAMPO!AB15 -> 20719
D16: JML | E16: =SUM(E14:E15) -> 41309
A18: B | B18: PENGGUNA HAK PILIH
B19: 1. | C19: Jumlah pengguna hak pilih dalam Daftar Pemilih Tetap (DPT) | D19: LK | E19: =BENCULUK!AS19+CLURING!AL19+KALIPLOSO!Q19+PLAMPANGREJO!AE19+SARIMULYO!AA19+SEMBULUNG!AC19+SRATEN!AB19+TAMANAGUNG!AH19+TAMPO!AB19 -> 16716
D20: PR | E20: =BENCULUK!AS20+CLURING!AL20+KALIPLOSO!Q20+PLAMPANGREJO!AE20+SARIMULYO!AA20+SEMBULUNG!AC20+SRATEN!AB20+TAMANAGUNG!AH20+TAMPO!AB20 -> 17715
D21: JML | E21: =SUM(E19:E20) -> 34431
B22: 2. | C22: Jumlah pengguna hak pilih dalam Daftar Pemilih Tambahan (DPTb) | D22: LK | E22: =BENCULUK!AS22+CLURING!AL22+KALIPLOSO!Q22+PLAMPANGREJO!AE22+SARIMULYO!AA22+SEMBULUNG!AC22+SRATEN!AB22+TAMANAGUNG!AH22+TAMPO!AB22 -> 18
D23: PR | E23: =BENCULUK!AS23+CLURING!AL23+KALIPLOSO!Q23+PLAMPANGREJO!AE23+SARIMULYO!AA23+SEMBULUNG!AC23+SRATEN!AB23+TAMANAGUNG!AH23+TAMPO!AB23 -> 20
D24: JML | E24: =SUM(E22:E23) -> 38
B25: 3. | C25: Jumlah pengguna hak pilih dalam Daftar Pemilih Khusus (DPK) | D25: LK | E25: =BENCULUK!AS25+CLURING!AL25+KALIPLOSO!Q25+PLAMPANGREJO!AE25+SARIMULYO!AA25+SEMBULUNG!AC25+SRATEN!AB25+TAMANAGUNG!AH25+TAMPO!AB25 -> 169
D26: PR | E26: =BENCULUK!AS26+CLURING!AL26+KALIPLOSO!Q26+PLAMPANGREJO!AE26+SARIMULYO!AA26+SEMBULUNG!AC26+SRATEN!AB26+TAMANAGUNG!AH26+TAMPO!AB26 -> 222
D27: JML | E27: =SUM(E25:E26) -> 391
B28: 4. | C28: Jumlah Pengguna Hak Pilih (B.1+B.2+B.3) | D28: LK | E28: =E19+E22+E25 -> 16903
D29: PR | E29: =E20+E23+E26 -> 17957
D30: JML | E30: =SUM(E28:E29) -> 34860
A32: II | B32: DATA PENGGUNAAN SURAT SUARA
A33: 1 | B33: Jumlah surat suara yang diterima, termasuk surat suara cadangan 2,5% dari DPT | E33: =BENCULUK!AS33+CLURING!AL33+KALIPLOSO!Q33+PLAMPANGREJO!AE33+SARIMULYO!AA33+SEMBULUNG!AC33+SRATEN!AB33+TAMANAGUNG!AH33+TAMPO!AB33 -> 45250
A34: 2 | B34: Jumlah surat suara yang digunakan | E34: =BENCULUK!AS34+CLURING!AL34+KALIPLOSO!Q34+PLAMPANGREJO!AE34+SARIMULYO!AA34+SEMBULUNG!AC34+SRATEN!AB34+TAMANAGUNG!AH34+TAMPO!AB34 -> 34874
A35: 3 | B35: Jumlah surat suara dikembalikan oleh pemilih (karena rusak atau keliru coblos) | E35: =BENCULUK!AS35+CLURING!AL35+KALIPLOSO!Q35+PLAMPANGREJO!AE35+SARIMULYO!AA35+SEMBULUNG!AC35+SRATEN!AB35+TAMANAGUNG!AH35+TAMPO!AB35 -> 78
A36: 4 | B36: Jumlah surat suara yang tidak digunakan/tidak terpakai, termasuk sisa surat suara cadangan | E36: =E33-(E34+E35) -> 10298
A38: III | B38: DATA PEMILIH DISABILITAS
B39: Jumlah seluruh Pemilih disabilitas yang menggunakan hak pilih | D39: LK | E39: =BENCULUK!AS39+CLURING!AL39+KALIPLOSO!Q39+PLAMPANGREJO!AE39+SARIMULYO!AA39+SEMBULUNG!AC39+SRATEN!AB39+TAMANAGUNG!AH39+TAMPO!AB39 -> 22
D40: PR | E40: =BENCULUK!AS40+CLURING!AL40+KALIPLOSO!Q40+PLAMPANGREJO!AE40+SARIMULYO!AA40+SEMBULUNG!AC40+SRATEN!AB40+TAMANAGUNG!AH40+TAMPO!AB40 -> 21
D41: JML | E41: =SUM(E39:E40) -> 43
A43: IV | B43: DATA RINCIAN PEROLEHAN SUARA PASANGAN CALON BUPATI DAN WAKIL BUPATI
A44: NOMOR DAN NAMA CALON
A45: A.1 | B45: 1. | C45: Partai Kebangkitan Bangsa | E45: =BENCULUK!AS45+CLURING!AL45+KALIPLOSO!Q45+PLAMPANGREJO!AE45+SARIMULYO!AA45+SEMBULUNG!AC45+SRATEN!AB45+TAMANAGUNG!AH45+TAMPO!AB45 -> 886
A46: A.2 | B46: 1 | C46: 1. Dr. Hj. NIHAYATUL WAFIROH, M.A. | E46: =BENCULUK!AS46+CLURING!AL46+KALIPLOSO!Q46+PLAMPANGREJO!AE46+SARIMULYO!AA46+SEMBULUNG!AC46+SRATEN!AB46+TAMANAGUNG!AH46+TAMPO!AB46 -> 2536
B47: 2 | C47: 2. H. M. NASIM KHAN | E47: =BENCULUK!AS47+CLURING!AL47+KALIPLOSO!Q47+PLAMPANGREJO!AE47+SARIMULYO!AA47+SEMBULUNG!AC47+SRATEN!AB47+TAMANAGUNG!AH47+TAMPO!AB47 -> 710
B48: 3 | C48: 3. Dr. H. AKIK ZAMAN, M.Pd.I. | E48: =BENCULUK!AS48+CLURING!AL48+KALIPLOSO!Q48+PLAMPANGREJO!AE48+SARIMULYO!AA48+SEMBULUNG!AC48+SRATEN!AB48+TAMANAGUNG!AH48+TAMPO!AB48 -> 99
B49: 4 | C49: 4. AHMAD RIFA'I, S.H. | E49: =BENCULUK!AS49+CLURING!AL49+KALIPLOSO!Q49+PLAMPANGREJO!AE49+SARIMULYO!AA49+SEMBULUNG!AC49+SRATEN!AB49+TAMANAGUNG!AH49+TAMPO!AB49 -> 66
B50: 5 | C50: 5. Drs. H. MAHFUD M.N. | E50: =BENCULUK!AS50+CLURING!AL50+KALIPLOSO!Q50+PLAMPANGREJO!AE50+SARIMULYO!AA50+SEMBULUNG!AC50+SRATEN!AB50+TAMANAGUNG!AH50+TAMPO!AB50 -> 61
B51: 6 | C51: 6. NURHAYATI, S.Pd. | E51: =BENCULUK!AS51+CLURING!AL51+KALIPLOSO!Q51+PLAMPANGREJO!AE51+SARIMULYO!AA51+SEMBULUNG!AC51+SRATEN!AB51+TAMANAGUNG!AH51+TAMPO!AB51 -> 111
B52: 7 | C52: 7. MAFTUHA KISWAH | E52: =BENCULUK!AS52+CLURING!AL52+KALIPLOSO!Q52+PLAMPANGREJO!AE52+SARIMULYO!AA52+SEMBULUNG!AC52+SRATEN!AB52+TAMANAGUNG!AH52+TAMPO!AB52 -> 27
A55: B | B55: JUMLAH SUARA SAH PARTAI POLITIK DAN CALON (A1 + A2) | E55: =SUM(E45:E52) -> 4496
A57: A.1 | B57: 2. | C57: Partai Gerakan Indonesia Raya | E57: =BENCULUK!AS57+CLURING!AL57+KALIPLOSO!Q57+PLAMPANGREJO!AE57+SARIMULYO!AA57+SEMBULUNG!AC57+SRATEN!AB57+TAMANAGUNG!AH57+TAMPO!AB57 -> 1493
A58: A.2 | B58: 1 | C58: 1. SUMAIL ABDULLAH | E58: =BENCULUK!AS58+CLURING!AL58+KALIPLOSO!Q58+PLAMPANGREJO!AE58+SARIMULYO!AA58+SEMBULUNG!AC58+SRATEN!AB58+TAMANAGUNG!AH58+TAMPO!AB58 -> 2789
B59: 2 | C59: 2. MUHAMMAD ALI ADRIAN SALEH | E59: =BENCULUK!AS59+CLURING!AL59+KALIPLOSO!Q59+PLAMPANGREJO!AE59+SARIMULYO!AA59+SEMBULUNG!AC59+SRATEN!AB59+TAMANAGUNG!AH59+TAMPO!AB59 -> 1601
B60: 3 | C60: 3. DURROTUN NAFISAH | E60: =BENCULUK!AS60+CLURING!AL60+KALIPLOSO!Q60+PLAMPANGREJO!AE60+SARIMULYO!AA60+SEMBULUNG!AC60+SRATEN!AB60+TAMANAGUNG!AH60+TAMPO!AB60 -> 162
B61: 4 | C61: 4. H. EKO SUSILO NURHIDAYAT | E61: =BENCULUK!AS61+CLURING!AL61+KALIPLOSO!Q61+PLAMPANGREJO!AE61+SARIMULYO!AA61+SEMBULUNG!AC61+SRATEN!AB61+TAMANAGUNG!AH61+TAMPO!AB61 -> 273
B62: 5 | C62: 5. KARNADI HARIJANTO, S.S. | E62: =BENCULUK!AS62+CLURING!AL62+KALIPLOSO!Q62+PLAMPANGREJO!AE62+SARIMULYO!AA62+SEMBULUNG!AC62+SRATEN!AB62+TAMANAGUNG!AH62+TAMPO!AB62 -> 44
B63: 6 | C63: 6. NURHAYATI | E63: =BENCULUK!AS63+CLURING!AL63+KALIPLOSO!Q63+PLAMPANGREJO!AE63+SARIMULYO!AA63+SEMBULUNG!AC63+SRATEN!AB63+TAMANAGUNG!AH63+TAMPO!AB63 -> 103
B64: 7 | C64: 7. MASHUDI | E64: =BENCULUK!AS64+CLURING!AL64+KALIPLOSO!Q64+PLAMPANGREJO!AE64+SARIMULYO!AA64+SEMBULUNG!AC64+SRATEN!AB64+TAMANAGUNG!AH64+TAMPO!AB64 -> 38
A67: B | B67: JUMLAH SUARA SAH PARTAI POLITIK DAN CALON (A1 + A2) | E67: =SUM(E57:E64) -> 6503
A69: A.1 | B69: 3. | C69: Partai Demokrasi Indonesia Perjuangan | E69: =BENCULUK!AS69+CLURING!AL69+KALIPLOSO!Q69+PLAMPANGREJO!AE69+SARIMULYO!AA69+SEMBULUNG!AC69+SRATEN!AB69+TAMANAGUNG!AH69+TAMPO!AB69 -> 1624
A70: A.2 | B70: 1 | C70: 1. SONNY TRI DANAPARAMITA, S.H., M.H. | E70: =BENCULUK!AS70+CLURING!AL70+KALIPLOSO!Q70+PLAMPANGREJO!AE70+SARIMULYO!AA70+SEMBULUNG!AC70+SRATEN!AB70+TAMANAGUNG!AH70+TAMPO!AB70 -> 3111
B71: 2 | C71: 2. H. MOHAMAD GUNTUR ROMLI | E71: =BENCULUK!AS71+CLURING!AL71+KALIPLOSO!Q71+PLAMPANGREJO!AE71+SARIMULYO!AA71+SEMBULUNG!AC71+SRATEN!AB71+TAMANAGUNG!AH71+TAMPO!AB71 -> 605
B72: 3 | C72: 3. INA AMMANIA | E72: =BENCULUK!AS72+CLURING!AL72+KALIPLOSO!Q72+PLAMPANGREJO!AE72+SARIMULYO!AA72+SEMBULUNG!AC72+SRATEN!AB72+TAMANAGUNG!AH72+TAMPO!AB72 -> 2074
B73: 4 | C73: 4. IRWAN BACHTIAR RACHMAT, M.Si. | E73: =BENCULUK!AS73+CLURING!AL73+KALIPLOSO!Q73+PLAMPANGREJO!AE73+SARIMULYO!AA73+SEMBULUNG!AC73+SRATEN!AB73+TAMANAGUNG!AH73+TAMPO!AB73 -> 110
B74: 5 | C74: 5. LUCKY PERDANA | E74: =BENCULUK!AS74+CLURING!AL74+KALIPLOSO!Q74+PLAMPANGREJO!AE74+SARIMULYO!AA74+SEMBULUNG!AC74+SRATEN!AB74+TAMANAGUNG!AH74+TAMPO!AB74 -> 404
B75: 6 | C75: 6. WIWIK PUJIYATI | E75: =BENCULUK!AS75+CLURING!AL75+KALIPLOSO!Q75+PLAMPANGREJO!AE75+SARIMULYO!AA75+SEMBULUNG!AC75+SRATEN!AB75+TAMANAGUNG!AH75+TAMPO!AB75 -> 105
B76: 7 | C76: 7. CHANDRA ASTAN, S.T. | E76: =BENCULUK!AS76+CLURING!AL76+KALIPLOSO!Q76+PLAMPANGREJO!AE76+SARIMULYO!AA76+SEMBULUNG!AC76+SRATEN!AB76+TAMANAGUNG!AH76+TAMPO!AB76 -> 346
A79: B | B79: JUMLAH SUARA SAH PARTAI POLITIK DAN CALON (A1 + A2) | E79: =SUM(E69:E76) -> 8379
A81: A.1 | B81: 4. | C81: Partai Golongan Karya | E81: =BENCULUK!AS81+CLURING!AL81+KALIPLOSO!Q81+PLAMPANGREJO!AE81+SARIMULYO!AA81+SEMBULUNG!AC81+SRATEN!AB81+TAMANAGUNG!AH81+TAMPO!AB81 -> 725
A82: A.2 | B82: 1 | C82: 1. ZULFIKAR ARSE SADIKIN, S.I.P., M.Si. | E82: =BENCULUK!AS82+CLURING!AL82+KALIPLOSO!Q82+PLAMPANGREJO!AE82+SARIMULYO!AA82+SEMBULUNG!AC82+SRATEN!AB82+TAMANAGUNG!AH82+TAMPO!AB82 -> 2276
B83: 2 | C83: 2. HANDOKO | E83: =BENCULUK!AS83+CLURING!AL83+KALIPLOSO!Q83+PLAMPANGREJO!AE83+SARIMULYO!AA83+SEMBULUNG!AC83+SRATEN!AB83+TAMANAGUNG!AH83+TAMPO!AB83 -> 1038
B84: 3 | C84: 3. Hj. OVI DEWI YANTI | E84: =BENCULUK!AS84+CLURING!AL84+KALIPLOSO!Q84+PLAMPANGREJO!AE84+SARIMULYO!AA84+SEMBULUNG!AC84+SRATEN!AB84+TAMANAGUNG!AH84+TAMPO!AB84 -> 89
B85: 4 | C85: 4. Ir. AZAM AZMAN NATAWIJANA | E85: =BENCULUK!AS85+CLURING!AL85+KALIPLOSO!Q85+PLAMPANGREJO!AE85+SARIMULYO!AA85+SEMBULUNG!AC85+SRATEN!AB85+TAMANAGUNG!AH85+TAMPO!AB85 -> 84
B86: 5 | C86: 5. UBAIDILLAH AMIN, S.Kom. | E86: =BENCULUK!AS86+CLURING!AL86+KALIPLOSO!Q86+PLAMPANGREJO!AE86+SARIMULYO!AA86+SEMBULUNG!AC86+SRATEN!AB86+TAMANAGUNG!AH86+TAMPO!AB86 -> 133
B87: 6 | C87: 6. DENNY YUNIANDARI, S.H., M.Kn. | E87: =BENCULUK!AS87+CLURING!AL87+KALIPLOSO!Q87+PLAMPANGREJO!AE87+SARIMULYO!AA87+SEMBULUNG!AC87+SRATEN!AB87+TAMANAGUNG!AH87+TAMPO!AB87 -> 25
B88: 7 | C88: 7. ERNADI, S.H.I. | E88: =BENCULUK!AS88+CLURING!AL88+KALIPLOSO!Q88+PLAMPANGREJO!AE88+SARIMULYO!AA88+SEMBULUNG!AC88+SRATEN!AB88+TAMANAGUNG!AH88+TAMPO!AB88 -> 11
A91: B | B91: JUMLAH SUARA SAH PARTAI POLITIK DAN CALON (A1 + A2) | E91: =SUM(E81:E88) -> 4381
A93: A.1 | B93: 5. | C93: Partai NasDem | E93: =BENCULUK!AS93+CLURING!AL93+KALIPLOSO!Q93+PLAMPANGREJO!AE93+SARIMULYO!AA93+SEMBULUNG!AC93+SRATEN!AB93+TAMANAGUNG!AH93+TAMPO!AB93 -> 127
A94: A.2 | B94: 1 | C94: 1. ACH. FADIL MUZAKKI SYAH | E94: =BENCULUK!AS94+CLURING!AL94+KALIPLOSO!Q94+PLAMPANGREJO!AE94+SARIMULYO!AA94+SEMBULUNG!AC94+SRATEN!AB94+TAMANAGUNG!AH94+TAMPO!AB94 -> 217
B95: 2 | C95: 2. BENY | E95: =BENCULUK!AS95+CLURING!AL95+KALIPLOSO!Q95+PLAMPANGREJO!AE95+SARIMULYO!AA95+SEMBULUNG!AC95+SRATEN!AB95+TAMANAGUNG!AH95+TAMPO!AB95 -> 458
B96: 3 | C96: 3. VINA VERONIKA | E96: =BENCULUK!AS96+CLURING!AL96+KALIPLOSO!Q96+PLAMPANGREJO!AE96+SARIMULYO!AA96+SEMBULUNG!AC96+SRATEN!AB96+TAMANAGUNG!AH96+TAMPO!AB96 -> 23
B97: 4 | C97: 4. TEDDY ANUGRIANTO | E97: =BENCULUK!AS97+CLURING!AL97+KALIPLOSO!Q97+PLAMPANGREJO!AE97+SARIMULYO!AA97+SEMBULUNG!AC97+SRATEN!AB97+TAMANAGUNG!AH97+TAMPO!AB97 -> 208
B98: 5 | C98: 5. INSAN KAMIL | E98: =BENCULUK!AS98+CLURING!AL98+KALIPLOSO!Q98+PLAMPANGREJO!AE98+SARIMULYO!AA98+SEMBULUNG!AC98+SRATEN!AB98+TAMANAGUNG!AH98+TAMPO!AB98 -> 61
B99: 6 | C99: 6. LILIK LINDARWATI | E99: =BENCULUK!AS99+CLURING!AL99+KALIPLOSO!Q99+PLAMPANGREJO!AE99+SARIMULYO!AA99+SEMBULUNG!AC99+SRATEN!AB99+TAMANAGUNG!AH99+TAMPO!AB99 -> 4
B100: 7 | C100: 7. YULI ANITA | E100: =BENCULUK!AS100+CLURING!AL100+KALIPLOSO!Q100+PLAMPANGREJO!AE100+SARIMULYO!AA100+SEMBULUNG!AC100+SRATEN!AB100+TAMANAGUNG!AH100+TAMPO!AB100 -> 1
A103: B | B103: JUMLAH SUARA SAH PARTAI POLITIK DAN CALON (A1 + A2) | E103: =SUM(E93:E100) -> 1099
A105: A.1 | B105: 6. | C105: Partai Buruh | E105: =BENCULUK!AS105+CLURING!AL105+KALIPLOSO!Q105+PLAMPANGREJO!AE105+SARIMULYO!AA105+SEMBULUNG!AC105+SRATEN!AB105+TAMANAGUNG!AH105+TAMPO!AB105 -> 61
A106: A.2 | B106: 1 | C106: 1. KHOIRUL ANAM | E106: =BENCULUK!AS106+CLURING!AL106+KALIPLOSO!Q106+PLAMPANGREJO!AE106+SARIMULYO!AA106+SEMBULUNG!AC106+SRATEN!AB106+TAMANAGUNG!AH106+TAMPO!AB106 -> 30
B107: 2 | C107: 2. INA KURNIA | E107: =BENCULUK!AS107+CLURING!AL107+KALIPLOSO!Q107+PLAMPANGREJO!AE107+SARIMULYO!AA107+SEMBULUNG!AC107+SRATEN!AB107+TAMANAGUNG!AH107+TAMPO!AB107 -> 24
B108: 3 | C108: 3. JIBRAL TAROUK | E108: =BENCULUK!AS108+CLURING!AL108+KALIPLOSO!Q108+PLAMPANGREJO!AE108+SARIMULYO!AA108+SEMBULUNG!AC108+SRATEN!AB108+TAMANAGUNG!AH108+TAMPO!AB108 -> 10
B109: 4 | C109: 4. ASTUTI DAENG PUJI | E109: =BENCULUK!AS109+CLURING!AL109+KALIPLOSO!Q109+PLAMPANGREJO!AE109+SARIMULYO!AA109+SEMBULUNG!AC109+SRATEN!AB109+TAMANAGUNG!AH109+TAMPO!AB109 -> 5
B110: 5 | C110: 5. ASDARMAWAN | E110: =BENCULUK!AS110+CLURING!AL110+KALIPLOSO!Q110+PLAMPANGREJO!AE110+SARIMULYO!AA110+SEMBULUNG!AC110+SRATEN!AB110+TAMANAGUNG!AH110+TAMPO!AB110 -> 2
B111: 6 | C111: 6. RIFQI MUBAROK | E111: =BENCULUK!AS111+CLURING!AL111+KALIPLOSO!Q111+PLAMPANGREJO!AE111+SARIMULYO!AA111+SEMBULUNG!AC111+SRATEN!AB111+TAMANAGUNG!AH111+TAMPO!AB111 -> 8
B112: 7 | C112: 7. FIRNANDA ALTA MEGA | E112: =BENCULUK!AS112+CLURING!AL112+KALIPLOSO!Q112+PLAMPANGREJO!AE112+SARIMULYO!AA112+SEMBULUNG!AC112+SRATEN!AB112+TAMANAGUNG!AH112+TAMPO!AB112 -> 2
A115: B | B115: JUMLAH SUARA SAH PARTAI POLITIK DAN CALON (A1 + A2) | E115: =SUM(E105:E112) -> 142
A117: A.1 | B117: 7. | C117: Partai Gelombang Rakyat Indonesia | E117: =BENCULUK!AS117+CLURING!AL117+KALIPLOSO!Q117+PLAMPANGREJO!AE117+SARIMULYO!AA117+SEMBULUNG!AC117+SRATEN!AB117+TAMANAGUNG!AH117+TAMPO!AB117 -> 54
A118: A.2 | B118: 1 | C118: 1. TITI WIDORETNO WARISMAN | E118: =BENCULUK!AS118+CLURING!AL118+KALIPLOSO!Q118+PLAMPANGREJO!AE118+SARIMULYO!AA118+SEMBULUNG!AC118+SRATEN!AB118+TAMANAGUNG!AH118+TAMPO!AB118 -> 29
B119: 2 | C119: 2. MAMIEK SETYANINGSIH | E119: =BENCULUK!AS119+CLURING!AL119+KALIPLOSO!Q119+PLAMPANGREJO!AE119+SARIMULYO!AA119+SEMBULUNG!AC119+SRATEN!AB119+TAMANAGUNG!AH119+TAMPO!AB119 -> 10
B120: 3 | C120: 3. ROMIL AZIZEN | E120: =BENCULUK!AS120+CLURING!AL120+KALIPLOSO!Q120+PLAMPANGREJO!AE120+SARIMULYO!AA120+SEMBULUNG!AC120+SRATEN!AB120+TAMANAGUNG!AH120+TAMPO!AB120 -> 9
A127: B | B127: JUMLAH SUARA SAH PARTAI POLITIK DAN CALON (A1 + A2) | E127: =SUM(E117:E120) -> 102
A129: A.1 | B129: 8. | C129: Partai Keadilan Sejahtera | E129: =BENCULUK!AS129+CLURING!AL129+KALIPLOSO!Q129+PLAMPANGREJO!AE129+SARIMULYO!AA129+SEMBULUNG!AC129+SRATEN!AB129+TAMANAGUNG!AH129+TAMPO!AB129 -> 93
A130: A.2 | B130: 1 | C130: 1. H. SAIMI SALEH, S.E., M.M. | E130: =BENCULUK!AS130+CLURING!AL130+KALIPLOSO!Q130+PLAMPANGREJO!AE130+SARIMULYO!AA130+SEMBULUNG!AC130+SRATEN!AB130+TAMANAGUNG!AH130+TAMPO!AB130 -> 119
B131: 2 | C131: 2. Prof. Dr. H. EGGI SUDJANA, S.H., M.Si. | E131: =BENCULUK!AS131+CLURING!AL131+KALIPLOSO!Q131+PLAMPANGREJO!AE131+SARIMULYO!AA131+SEMBULUNG!AC131+SRATEN!AB131+TAMANAGUNG!AH131+TAMPO!AB131 -> 77
B132: 3 | C132: 3. NURUL KHOTIMAH | E132: =BENCULUK!AS132+CLURING!AL132+KALIPLOSO!Q132+PLAMPANGREJO!AE132+SARIMULYO!AA132+SEMBULUNG!AC132+SRATEN!AB132+TAMANAGUNG!AH132+TAMPO!AB132 -> 14
B133: 4 | C133: 4. AKHMAD SUYANTO, S.T., M.T. | E133: =BENCULUK!AS133+CLURING!AL133+KALIPLOSO!Q133+PLAMPANGREJO!AE133+SARIMULYO!AA133+SEMBULUNG!AC133+SRATEN!AB133+TAMANAGUNG!AH133+TAMPO!AB133 -> 9
B134: 5 | C134: 5. PUJIYATNI | E134: =BENCULUK!AS134+CLURING!AL134+KALIPLOSO!Q134+PLAMPANGREJO!AE134+SARIMULYO!AA134+SEMBULUNG!AC134+SRATEN!AB134+TAMANAGUNG!AH134+TAMPO!AB134 -> 7
B135: 6 | C135: 6. HENI PURWATININGSIH | E135: =BENCULUK!AS135+CLURING!AL135+KALIPLOSO!Q135+PLAMPANGREJO!AE135+SARIMULYO!AA135+SEMBULUNG!AC135+SRATEN!AB135+TAMANAGUNG!AH135+TAMPO!AB135 -> 3
B136: 7 | C136: 7. MUHADI | E136: =BENCULUK!AS136+CLURING!AL136+KALIPLOSO!Q136+PLAMPANGREJO!AE136+SARIMULYO!AA136+SEMBULUNG!AC136+SRATEN!AB136+TAMANAGUNG!AH136+TAMPO!AB136 -> 3
A139: B | B139: JUMLAH SUARA SAH PARTAI POLITIK DAN CALON (A1 + A2) | E139: =SUM(E129:E136) -> 325
...

Sheet BENCULUK
C2: Kecamatan | D2: CLURING
C3: Kabupaten | D3: BANYUWANGI
C4: Provinsi | D4: JAWA TIMUR
C9: Kelurahan | D9: BENCULUK
A12: I | B12: DATA PEMILIH DAN PENGGUNAAN HAK PILIH | AS12: JUMLAH AKHIR
A13: A | B13: DATA PEMILIH | E13: TPS 001 | F13: TPS 002 | G13: TPS 003 | H13: TPS 004 | I13: TPS 005 | J13: TPS 006 | K13: TPS 007 | L13: TPS 008 | M13: TPS 009 | N13: TPS 010 | O13: TPS 011 | P13: TPS 012 | Q13: TPS 013 | R13: TPS 014 | S13: TPS 015 | T13: TPS 016 | U13: TPS 017 | V13: TPS 018 | W13: TPS 019 | X13: TPS 020 | Y13: TPS 021 | Z13: TPS 022 | AA13: TPS 023 | AB13: TPS 024 | AC13: TPS 025 | AD13: TPS 026 | AE13: TPS 027 | AF13: TPS 028 | AG13: TPS 029 | AH13: TPS 030 | AI13: TPS 031 | AJ13: TPS 032 | AK13: TPS 033 | AL13: TPS 034 | AM13: TPS 035 | AN13: TPS 036 | AO13: TPS 037 | AP13: TPS 038 | AQ13: TPS 039 | AR13: TPS 040
B14: Jumlah Pemilih dalam Daftar Pemilih Tetap (DPT) | D14: LK | AS14: =SUM(E14:AR14) -> 0
D15: PR | AS15: =SUM(E15:AR15) -> 0
D16: JML | E16: =SUM(E14:E15) -> 0 | F16: =SUM(F14:F15) -> 0 | G16: =SUM(G14:G15) -> 0 | H16: =SUM(H14:H15) -> 0 | I16: =SUM(I14:I15) -> 0 | J16: =SUM(J14:J15) -> 0 | K16: =SUM(K14:K15) -> 0 | L16: =SUM(L14:L15) -> 0 | ... AR16: =SUM(AR14:AR15) -> 0 | AS16: =SUM(E16:AR16) -> 0
A18: B | B18: PENGGUNA HAK PILIH
B19: 1. | C19: Jumlah pengguna hak pilih dalam Daftar Pemilih Tetap (DPT) | D19: LK | AS19: =SUM(E19:AR19) -> 0
D20: PR | AS20: =SUM(E20:AR20) -> 0
D21: JML | E21: =SUM(E19:E20) -> 0 | F21: =SUM(F19:F20) -> 0 | G21: =SUM(G19:G20) -> 0 | H21: =SUM(H19:H20) -> 0 | I21: =SUM(I19:I20) -> 0 | J21: =SUM(J19:J20) -> 0 | K21: =SUM(K19:K20) -> 0 | L21: =SUM(L19:L20) -> 0 | ... AR21: =SUM(AR19:AR20) -> 0 | AS21: =SUM(E21:AR21) -> 0
B22: 2. | C22: Jumlah pengguna hak pilih dalam Daftar Pemilih Tambahan (DPTb) | D22: LK | AS22: =SUM(E22:AR22) -> 0
D23: PR | AS23: =SUM(E23:AR23) -> 0
D24: JML | E24: =SUM(E22:E23) -> 0 | F24: =SUM(F22:F23) -> 0 | G24: =SUM(G22:G23) -> 0 | H24: =SUM(H22:H23) -> 0 | I24: =SUM(I22:I23) -> 0 | J24: =SUM(J22:J23) -> 0 | K24: =SUM(K22:K23) -> 0 | L24: =SUM(L22:L23) -> 0 | ... AR24: =SUM(AR22:AR23) -> 0 | AS24: =SUM(E24:AR24) -> 0
B25: 3. | C25: Jumlah pengguna hak pilih dalam Daftar Pemilih Khusus (DPK) | D25: LK | AS25: =SUM(E25:AR25) -> 0
D26: PR | AS26: =SUM(E26:AR26) -> 0
D27: JML | E27: =SUM(E25:E26) -> 0 | F27: =SUM(F25:F26) -> 0 | G27: =SUM(G25:G26) -> 0 | H27: =SUM(H25:H26) -> 0 | I27: =SUM(I25:I26) -> 0 | J27: =SUM(J25:J26) -> 0 | K27: =SUM(K25:K26) -> 0 | L27: =SUM(L25:L26) -> 0 | ... AR27: =SUM(AR25:AR26) -> 0 | AS27: =SUM(E27:AR27) -> 0
B28: 4. | C28: Jumlah Pengguna Hak Pilih (B.1+B.2+B.3) | D28: LK | E28: =SUM(E19,E22,E25) -> 0 | F28: =SUM(F19,F22,F25) -> 0 | G28: =SUM(G19,G22,G25) -> 0 | H28: =SUM(H19,H22,H25) -> 0 | I28: =SUM(I19,I22,I25) -> 0 | J28: =SUM(J19,J22,J25) -> 0 | K28: =SUM(K19,K22,K25) -> 0 | L28: =SUM(L19,L22,L25) -> 0 | ... AR28: =SUM(AR19,AR22,AR25) -> 0 | AS28: =SUM(E28:AR28) -> 0
D29: PR | E29: =SUM(E20,E23,E26) -> 0 | F29: =SUM(F20,F23,F26) -> 0 | G29: =SUM(G20,G23,G26) -> 0 | H29: =SUM(H20,H23,H26) -> 0 | I29: =SUM(I20,I23,I26) -> 0 | J29: =SUM(J20,J23,J26) -> 0 | K29: =SUM(K20,K23,K26) -> 0 | L29: =SUM(L20,L23,L26) -> 0 | ... AR29: =SUM(AR20,AR23,AR26) -> 0 | AS29: =SUM(E29:AR29) -> 0
D30: JML | E30: =SUM(E28:E29) -> 0 | F30: =SUM(F28:F29) -> 0 | G30: =SUM(G28:G29) -> 0 | H30: =SUM(H28:H29) -> 0 | I30: =SUM(I28:I29) -> 0 | J30: =SUM(J28:J29) -> 0 | K30: =SUM(K28:K29) -> 0 | L30: =SUM(L28:L29) -> 0 | ... AR30: =SUM(AR28:AR29) -> 0 | AS30: =SUM(E30:AR30) -> 0
A32: II | B32: DATA PENGGUNAAN SURAT SUARA
A33: 1 | B33: Jumlah surat suara yang diterima, termasuk surat suara cadangan 2,5% dari DPT | AS33: =SUM(E33:AR33) -> 0
A34: 2 | B34: Jumlah surat suara yang digunakan | AS34: =SUM(E34:AR34) -> 0
A35: 3 | B35: Jumlah surat suara dikembalikan oleh pemilih (karena rusak atau keliru coblos) | AS35: =SUM(E35:AR35) -> 0
A36: 4 | B36: Jumlah surat suara yang tidak digunakan/tidak terpakai, termasuk sisa surat suara cadangan | E36: =E33-(E34+E35) -> 0 | F36: =F33-(F34+F35) -> 0 | G36: =G33-(G34+G35) -> 0 | H36: =H33-(H34+H35) -> 0 | I36: =I33-(I34+I35) -> 0 | J36: =J33-(J34+J35) -> 0 | K36: =K33-(K34+K35) -> 0 | L36: =L33-(L34+L35) -> 0 | ... AR36: =AR33-(AR34+AR35) -> 0 | AS36: =SUM(E36:AR36) -> 0
A38: III | B38: DATA PEMILIH DISABILITAS
B39: Jumlah seluruh Pemilih disabilitas yang menggunakan hak pilih | D39: LK | AS39: =SUM(E39:AR39) -> 0
D40: PR | AS40: =SUM(E40:AR40) -> 0
D41: JML | E41: =SUM(E39:E40) -> 0 | F41: =SUM(F39:F40) -> 0 | G41: =SUM(G39:G40) -> 0 | H41: =SUM(H39:H40) -> 0 | I41: =SUM(I39:I40) -> 0 | J41: =SUM(J39:J40) -> 0 | K41: =SUM(K39:K40) -> 0 | L41: =SUM(L39:L40) -> 0 | ... AR41: =SUM(AR39:AR40) -> 0 | AS41: =SUM(E41:AR41) -> 0
A43: IV | B43: DATA RINCIAN PEROLEHAN SUARA PASANGAN CALON BUPATI DAN WAKIL BUPATI
A44: NOMOR DAN NAMA CALON
A45: A.1 | B45: 1. | C45: Partai Kebangkitan Bangsa | AS45: =SUM(E45:AR45) -> 0
A46: A.2 | B46: 1 | C46: 1. Dr. Hj. NIHAYATUL WAFIROH, M.A. | AS46: =SUM(E46:AR46) -> 0
B47: 2 | C47: 2. H. M. NASIM KHAN | AS47: =SUM(E47:AR47) -> 0
B48: 3 | C48: 3. Dr. H. AKIK ZAMAN, M.Pd.I. | AS48: =SUM(E48:AR48) -> 0
B49: 4 | C49: 4. AHMAD RIFA'I, S.H. | AS49: =SUM(E49:AR49) -> 0
B50: 5 | C50: 5. Drs. H. MAHFUD M.N. | AS50: =SUM(E50:AR50) -> 0
B51: 6 | C51: 6. NURHAYATI, S.Pd. | AS51: =SUM(E51:AR51) -> 0
B52: 7 | C52: 7. MAFTUHA KISWAH | AS52: =SUM(E52:AR52) -> 0
A55: B | B55: JUMLAH SUARA SAH PARTAI POLITIK DAN CALON (A1 + A2) | E55: =SUM(E45:E52) -> 0 | F55: =SUM(F45:F52) -> 0 | G55: =SUM(G45:G52) -> 0 | H55: =SUM(H45:H52) -> 0 | I55: =SUM(I45:I52) -> 0 | J55: =SUM(J45:J52) -> 0 | K55: =SUM(K45:K52) -> 0 | L55: =SUM(L45:L52) -> 0 | ... AR55: =SUM(AR45:AR52) -> 0 | AS55: =SUM(E55:AR55) -> 0
A57: A.1 | B57: 2. | C57: Partai Gerakan Indonesia Raya | AS57: =SUM(E57:AR57) -> 0
A58: A.2 | B58: 1 | C58: 1. SUMAIL ABDULLAH | AS58: =SUM(E58:AR58) -> 0
B59: 2 | C59: 2. MUHAMMAD ALI ADRIAN SALEH | AS59: =SUM(E59:AR59) -> 0
B60: 3 | C60: 3. DURROTUN NAFISAH | AS60: =SUM(E60:AR60) -> 0
B61: 4 | C61: 4. H. EKO SUSILO NURHIDAYAT | AS61: =SUM(E61:AR61) -> 0
B62: 5 | C62: 5. KARNADI HARIJANTO, S.S. | AS62: =SUM(E62:AR62) -> 0
B63: 6 | C63: 6. NURHAYATI | AS63: =SUM(E63:AR63) -> 0
B64: 7 | C64: 7. MASHUDI | AS64: =SUM(E64:AR64) -> 0
A67: B | B67: JUMLAH SUARA SAH PARTAI POLITIK DAN CALON (A1 + A2) | E67: =SUM(E57:E64) -> 0 | F67: =SUM(F57:F64) -> 0 | G67: =SUM(G57:G64) -> 0 | H67: =SUM(H57:H64) -> 0 | I67: =SUM(I57:I64) -> 0 | J67: =SUM(J57:J64) -> 0 | K67: =SUM(K57:K64) -> 0 | L67: =SUM(L57:L64) -> 0 | ... AR67: =SUM(AR57:AR64) -> 0 | AS67: =SUM(E67:AR67) -> 0
A69: A.1 | B69: 3. | C69: Partai Demokrasi Indonesia Perjuangan | AS69: =SUM(E69:AR69) -> 0
A70: A.2 | B70: 1 | C70: 1. SONNY TRI DANAPARAMITA, S.H., M.H. | AS70: =SUM(E70:AR70) -> 0
B71: 2 | C71: 2. H. MOHAMAD GUNTUR ROMLI | AS71: =SUM(E71:AR71) -> 0
B72: 3 | C72: 3. INA AMMANIA | AS72: =SUM(E72:AR72) -> 0
B73: 4 | C73: 4. IRWAN BACHTIAR RACHMAT, M.Si. | AS73: =SUM(E73:AR73) -> 0
B74: 5 | C74: 5. LUCKY PERDANA | AS74: =SUM(E74:AR74) -> 0
B75: 6 | C75: 6. WIWIK PUJIYATI | AS75: =SUM(E75:AR75) -> 0
B76: 7 | C76: 7. CHANDRA ASTAN, S.T. | AS76: =SUM(E76:AR76) -> 0
A79: B | B79: JUMLAH SUARA SAH PARTAI POLITIK DAN CALON (A1 + A2) | E79: =SUM(E69:E76) -> 0 | F79: =SUM(F69:F76) -> 0 | G79: =SUM(G69:G76) -> 0 | H79: =SUM(H69:H76) -> 0 | I79: =SUM(I69:I76) -> 0 | J79: =SUM(J69:J76) -> 0 | K79: =SUM(K69:K76) -> 0 | L79: =SUM(L69:L76) -> 0 | ... AR79: =SUM(AR69:AR76) -> 0 | AS79: =SUM(E79:AR79) -> 0
A81: A.1 | B81: 4. | C81: Partai Golongan Karya | AS81: =SUM(E81:AR81) -> 0
A82: A.2 | B82: 1 | C82: 1. ZULFIKAR ARSE SADIKIN, S.I.P., M.Si. | AS82: =SUM(E82:AR82) -> 0
B83: 2 | C83: 2. HANDOKO | AS83: =SUM(E83:AR83) -> 0
B84: 3 | C84: 3. Hj. OVI DEWI YANTI | AS84: =SUM(E84:AR84) -> 0
B85: 4 | C85: 4. Ir. AZAM AZMAN NATAWIJANA | AS85: =SUM(E85:AR85) -> 0
B86: 5 | C86: 5. UBAIDILLAH AMIN, S.Kom. | AS86: =SUM(E86:AR86) -> 0
B87: 6 | C87: 6. DENNY YUNIANDARI, S.H., M.Kn. | AS87: =SUM(E87:AR87) -> 0
B88: 7 | C88: 7. ERNADI, S.H.I. | AS88: =SUM(E88:AR88) -> 0
A91: B | B91: JUMLAH SUARA SAH PARTAI POLITIK DAN CALON (A1 + A2) | E91: =SUM(E81:E88) -> 0 | F91: =SUM(F81:F88) -> 0 | G91: =SUM(G81:G88) -> 0 | H91: =SUM(H81:H88) -> 0 | I91: =SUM(I81:I88) -> 0 | J91: =SUM(J81:J88) -> 0 | K91: =SUM(K81:K88) -> 0 | L91: =SUM(L81:L88) -> 0 | ... AR91: =SUM(AR81:AR88) -> 0 | AS91: =SUM(E91:AR91) -> 0
A93: A.1 | B93: 5. | C93: Partai NasDem | AS93: =SUM(E93:AR93) -> 0
A94: A.2 | B94: 1 | C94: 1. ACH. FADIL MUZAKKI SYAH | AS94: =SUM(E94:AR94) -> 0
B95: 2 | C95: 2. BENY | AS95: =SUM(E95:AR95) -> 0
B96: 3 | C96: 3. VINA VERONIKA | AS96: =SUM(E96:AR96) -> 0
B97: 4 | C97: 4. TEDDY ANUGRIANTO | AS97: =SUM(E97:AR97) -> 0
B98: 5 | C98: 5. INSAN KAMIL | AS98: =SUM(E98:AR98) -> 0
B99: 6 | C99: 6. LILIK LINDARWATI | AS99: =SUM(E99:AR99) -> 0
B100: 7 | C100: 7. YULI ANITA | AS100: =SUM(E100:AR100) -> 0
A103: B | B103: JUMLAH SUARA SAH PARTAI POLITIK DAN CALON (A1 + A2) | E103: =SUM(E93:E100) -> 0 | F103: =SUM(F93:F100) -> 0 | G103: =SUM(G93:G100) -> 0 | H103: =SUM(H93:H100) -> 0 | I103: =SUM(I93:I100) -> 0 | J103: =SUM(J93:J100) -> 0 | K103: =SUM(K93:K100) -> 0 | L103: =SUM(L93:L100) -> 0 | ... AR103: =SUM(AR93:AR100) -> 0 | AS103: =SUM(E103:AR103) -> 0
A105: A.1 | B105: 6. | C105: Partai Buruh | AS105: =SUM(E105:AR105) -> 0
A106: A.2 | B106: 1 | C106: 1. KHOIRUL ANAM | AS106: =SUM(E106:AR106) -> 0
B107: 2 | C107: 2. INA KURNIA | AS107: =SUM(E107:AR107) -> 0
B108: 3 | C108: 3. JIBRAL TAROUK | AS108: =SUM(E108:AR108) -> 0
B109: 4 | C109: 4. ASTUTI DAENG PUJI | AS109: =SUM(E109:AR109) -> 0
B110: 5 | C110: 5. ASDARMAWAN | AS110: =SUM(E110:AR110) -> 0
B111: 6 | C111: 6. RIFQI MUBAROK | AS111: =SUM(E111:AR111) -> 0
B112: 7 | C112: 7. FIRNANDA ALTA MEGA | AS112: =SUM(E112:AR112) -> 0
A115: B | B115: JUMLAH SUARA SAH PARTAI POLITIK DAN CALON (A1 + A2) | E115: =SUM(E105:E112) -> 0 | F115: =SUM(F105:F112) -> 0 | G115: =SUM(G105:G112) -> 0 | H115: =SUM(H105:H112) -> 0 | I115: =SUM(I105:I112) -> 0 | J115: =SUM(J105:J112) -> 0 | K115: =SUM(K105:K112) -> 0 | L115: =SUM(L105:L112) -> 0 | ... AR115: =SUM(AR105:AR112) -> 0 | AS115: =SUM(E115:AR115) -> 0
A117: A.1 | B117: 7. | C117: Partai Gelombang Rakyat Indonesia | AS117: =SUM(E117:AR117) -> 0
A118: A.2 | B118: 1 | C118: 1. TITI WIDORETNO WARISMAN | AS118: =SUM(E118:AR118) -> 0
B119: 2 | C119: 2. MAMIEK SETYANINGSIH | AS119: =SUM(E119:AR119) -> 0
B120: 3 | C120: 3. ROMIL AZIZEN | AS120: =SUM(E120:AR120) -> 0
A127: B | B127: JUMLAH SUARA SAH PARTAI POLITIK DAN CALON (A1 + A2) | E127: =SUM(E117:E120) -> 0 | F127: =SUM(F117:F120) -> 0 | G127: =SUM(G117:G120) -> 0 | H127: =SUM(H117:H120) -> 0 | I127: =SUM(I117:I120) -> 0 | J127: =SUM(J117:J120) -> 0 | K127: =SUM(K117:K120) -> 0 | L127: =SUM(L117:L120) -> 0 | ... AR127: =SUM(AR117:AR120) -> 0 | AS127: =SUM(E127:AR127) -> 0
A129: A.1 | B129: 8. | C129: Partai Keadilan Sejahtera | AS129: =SUM(E129:AR129) -> 0
A130: A.2 | B130: 1 | C130: 1. H. SAIMI SALEH, S.E., M.M. | AS130: =SUM(E130:AR130) -> 0
B131: 2 | C131: 2. Prof. Dr. H. EGGI SUDJANA, S.H., M.Si. | AS131: =SUM(E131:AR131) -> 0
B132: 3 | C132: 3. NURUL KHOTIMAH | AS132: =SUM(E132:AR132) -> 0
B133: 4 | C133: 4. AKHMAD SUYANTO, S.T., M.T. | AS133: =SUM(E133:AR133) -> 0
B134: 5 | C134: 5. PUJIYATNI | AS134: =SUM(E134:AR134) -> 0
B135: 6 | C135: 6. HENI PURWATININGSIH | AS135: =SUM(E135:AR135) -> 0
B136: 7 | C136: 7. MUHADI | AS136: =SUM(E136:AR136) -> 0
...

Sheet CLURING
C2: Kecamatan | D2: CLURING
C3: Kabupaten | D3: BANYUWANGI
C4: Provinsi | D4: JAWA TIMUR
C9: Kelurahan | D9: CLURING
A12: I | B12: DATA PEMILIH DAN PENGGUNAAN HAK PILIH | AL12: JUMLAH AKHIR
A13: A | B13: DATA PEMILIH | E13: TPS 001 | F13: TPS 002 | G13: TPS 003 | H13: TPS 004 | I13: TPS 005 | J13: TPS 006 | K13: TPS 007 | L13: TPS 008 | M13: TPS 009 | N13: TPS 010 | O13: TPS 011 | P13: TPS 012 | Q13: TPS 013 | R13: TPS 014 | S13: TPS 015 | T13: TPS 016 | U13: TPS 017 | V13: TPS 018 | W13: TPS 019 | X13: TPS 020 | Y13: TPS 021 | Z13: TPS 022 | AA13: TPS 023 | AB13: TPS 024 | AC13: TPS 025 | AD13: TPS 026 | AE13: TPS 027 | AF13: TPS 028 | AG13: TPS 029 | AH13: TPS 030 | AI13: TPS 031 | AJ13: TPS 032 | AK13: TPS 033
B14: Jumlah Pemilih dalam Daftar Pemilih Tetap (DPT) | D14: LK | E14: 136 | F14: 136 | G14: 145 | H14: 148 | I14: 114 | J14: 134 | K14: 130 | L14: 136 | M14: 132 | N14: 123 | O14: 117 | P14: 133 | Q14: 130 | R14: 132 | S14: 145 | T14: 128 | U14: 136 | V14: 122 | W14: 135 | X14: 135 | Y14: 141 | Z14: 133 | AA14: 142 | AB14: 158 | AC14: 141 | AD14: 146 | AE14: 131 | AF14: 140 | AG14: 134 | AH14: 133 | AI14: 121 | AJ14: 131 | AK14: 134 | AL14: =SUM(E14:AK14) -> 4432
D15: PR | E15: 138 | F15: 128 | G15: 154 | H15: 150 | I15: 139 | J15: 132 | K15: 136 | L15: 129 | M15: 126 | N15: 136 | O15: 124 | P15: 141 | Q15: 129 | R15: 122 | S15: 141 | T15: 122 | U15: 132 | V15: 129 | W15: 134 | X15: 137 | Y15: 131 | Z15: 129 | AA15: 150 | AB15: 132 | AC15: 146 | AD15: 146 | AE15: 146 | AF15: 131 | AG15: 136 | AH15: 138 | AI15: 146 | AJ15: 140 | AK15: 132 | AL15: =SUM(E15:AK15) -> 4482
D16: JML | E16: =SUM(E14:E15) -> 274 | F16: =SUM(F14:F15) -> 264 | G16: =SUM(G14:G15) -> 299 | H16: =SUM(H14:H15) -> 298 | I16: =SUM(I14:I15) -> 253 | J16: =SUM(J14:J15) -> 266 | K16: =SUM(K14:K15) -> 266 | L16: =SUM(L14:L15) -> 265 | ... AK16: =SUM(AK14:AK15) -> 266 | AL16: =SUM(E16:AK16) -> 8914
A18: B | B18: PENGGUNA HAK PILIH
B19: 1. | C19: Jumlah pengguna hak pilih dalam Daftar Pemilih Tetap (DPT) | D19: LK | E19: 98 | F19: 91 | G19: 115 | H19: 156 | I19: 75 | J19: 99 | K19: 86 | L19: 95 | M19: 93 | N19: 101 | O19: 68 | P19: 101 | Q19: 76 | R19: 101 | S19: 96 | T19: 92 | U19: 106 | V19: 95 | W19: 98 | X19: 102 | Y19: 104 | Z19: 102 | AA19: 107 | AB19: 109 | AC19: 107 | AD19: 104 | AE19: 112 | AF19: 111 | AG19: 108 | AH19: 104 | AI19: 100 | AJ19: 97 | AK19: 105 | AL19: =SUM(E19:AK19) -> 3314
D20: PR | E20: 102 | F20: 103 | G20: 123 | H20: 90 | I20: 92 | J20: 103 | K20: 98 | L20: 101 | M20: 98 | N20: 118 | O20: 86 | P20: 115 | Q20: 92 | R20: 98 | S20: 103 | T20: 95 | U20: 108 | V20: 108 | W20: 101 | X20: 108 | Y20: 102 | Z20: 103 | AA20: 112 | AB20: 104 | AC20: 109 | AD20: 117 | AE20: 120 | AF20: 107 | AG20: 106 | AH20: 108 | AI20: 119 | AJ20: 118 | AK20: 106 | AL20: =SUM(E20:AK20) -> 3473
D21: JML | E21: 200 | F21: 194 | G21: 238 | H21: 246 | I21: 167 | J21: 202 | K21: 184 | L21: 196 | M21: 191 | N21: 219 | O21: 154 | P21: 216 | Q21: 168 | R21: 199 | S21: 199 | T21: 187 | U21: 214 | V21: 203 | W21: 199 | X21: 210 | Y21: 206 | Z21: 205 | AA21: 219 | AB21: 213 | AC21: 216 | AD21: 221 | AE21: 232 | AF21: 218 | AG21: 214 | AH21: 212 | AI21: =SUM(AI19:AI20) -> 219 | AJ21: =SUM(AJ19:AJ20) -> 215 | AK21: =SUM(AK19:AK20) -> 211 | AL21: =SUM(E21:AK21) -> 6787
B22: 2. | C22: Jumlah pengguna hak pilih dalam Daftar Pemilih Tambahan (DPTb) | D22: LK | E22: 0 | F22: 0 | G22: 1 | H22: 0 | I22: 0 | J22: 0 | K22: 0 | L22: 0 | M22: 1 | N22: 0 | O22: 2 | P22: 0 | Q22: 0 | R22: 0 | S22: 0 | T22: 1 | U22: 0 | V22: 0 | W22: 0 | X22: 0 | Y22: 0 | Z22: 0 | AA22: 0 | AB22: 0 | AC22: 0 | AD22: 0 | AE22: 0 | AF22: 0 | AG22: 0 | AH22: 0 | AI22: 0 | AJ22: 0 | AK22: 0 | AL22: =SUM(E22:AK22) -> 5
D23: PR | E23: 0 | F23: 0 | G23: 0 | H23: 0 | I23: 0 | J23: 0 | K23: 0 | L23: 1 | M23: 0 | N23: 0 | O23: 2 | P23: 0 | Q23: 0 | R23: 0 | S23: 0 | T23: 1 | U23: 0 | V23: 0 | W23: 0 | X23: 0 | Y23: 0 | Z23: 0 | AA23: 0 | AB23: 0 | AC23: 0 | AD23: 0 | AE23: 0 | AF23: 0 | AG23: 0 | AH23: 0 | AI23: 0 | AJ23: 0 | AK23: 0 | AL23: =SUM(E23:AK23) -> 4
D24: JML | E24: 0 | F24: 0 | G24: 1 | H24: 0 | I24: 0 | J24: 0 | K24: 0 | L24: 1 | M24: 1 | N24: 0 | O24: 4 | P24: 0 | Q24: 0 | R24: 0 | S24: 0 | T24: 2 | U24: 0 | V24: 0 | W24: 0 | X24: 0 | Y24: 0 | Z24: 0 | AA24: 0 | AB24: 0 | AC24: 0 | AD24: 0 | AE24: 0 | AF24: 0 | AG24: 0 | AH24: 0 | AI24: =SUM(AI22:AI23) -> 0 | AJ24: =SUM(AJ22:AJ23) -> 0 | AK24: =SUM(AK22:AK23) -> 0 | AL24: =SUM(E24:AK24) -> 9
B25: 3. | C25: Jumlah pengguna hak pilih dalam Daftar Pemilih Khusus (DPK) | D25: LK | E25: 0 | F25: 0 | G25: 0 | H25: 3 | I25: 0 | J25: 4 | K25: 1 | L25: 1 | M25: 0 | N25: 3 | O25: 1 | P25: 2 | Q25: 1 | R25: 4 | S25: 2 | T25: 1 | U25: 0 | V25: 1 | W25: 0 | X25: 0 | Y25: 1 | Z25: 1 | AA25: 0 | AB25: 1 | AC25: 2 | AD25: 1 | AE25: 2 | AF25: 5 | AG25: 3 | AH25: 0 | AI25: 3 | AJ25: 2 | AK25: 3 | AL25: =SUM(E25:AK25) -> 48
D26: PR | E26: 2 | F26: 1 | G26: 0 | H26: 3 | I26: 1 | J26: 2 | K26: 2 | L26: 3 | M26: 1 | N26: 3 | O26: 2 | P26: 3 | Q26: 4 | R26: 1 | S26: 0 | T26: 0 | U26: 2 | V26: 1 | W26: 0 | X26: 0 | Y26: 1 | Z26: 5 | AA26: 1 | AB26: 3 | AC26: 1 | AD26: 4 | AE26: 3 | AF26: 3 | AG26: 2 | AH26: 0 | AI26: 3 | AJ26: 4 | AK26: 5 | AL26: =SUM(E26:AK26) -> 66
D27: JML | E27: 2 | F27: 1 | G27: 0 | H27: 6 | I27: 1 | J27: 6 | K27: 3 | L27: 4 | M27: 1 | N27: 6 | O27: 3 | P27: 5 | Q27: 5 | R27: 5 | S27: 2 | T27: 1 | U27: 2 | V27: 2 | W27: 0 | X27: 0 | Y27: 2 | Z27: 6 | AA27: 1 | AB27: 4 | AC27: 3 | AD27: 5 | AE27: 5 | AF27: 8 | AG27: 5 | AH27: 0 | AI27: =SUM(AI25:AI26) -> 6 | AJ27: =SUM(AJ25:AJ26) -> 6 | AK27: =SUM(AK25:AK26) -> 8 | AL27: =SUM(E27:AK27) -> 114
B28: 4. | C28: Jumlah Pengguna Hak Pilih (B.1+B.2+B.3) | D28: LK | E28: 98 | F28: 91 | G28: 116 | H28: 159 | I28: 75 | J28: 103 | K28: 87 | L28: 96 | M28: 94 | N28: 104 | O28: 71 | P28: 103 | Q28: 77 | R28: 105 | S28: 98 | T28: 94 | U28: 106 | V28: 96 | W28: 98 | X28: 102 | Y28: 105 | Z28: 103 | AA28: 107 | AB28: 110 | AC28: 109 | AD28: 105 | AE28: 114 | AF28: 116 | AG28: 111 | AH28: 104 | AI28: =SUM(AI19,AI22,AI25) -> 103 | AJ28: =SUM(AJ19,AJ22,AJ25) -> 99 | AK28: =SUM(AK19,AK22,AK25) -> 108 | AL28: =SUM(E28:AK28) -> 3367
D29: PR | E29: 104 | F29: 104 | G29: 123 | H29: 93 | I29: 93 | J29: 105 | K29: 100 | L29: 105 | M29: 99 | N29: 121 | O29: 90 | P29: 118 | Q29: 96 | R29: 99 | S29: 103 | T29: 96 | U29: 110 | V29: 109 | W29: 101 | X29: 108 | Y29: 103 | Z29: 108 | AA29: 113 | AB29: 107 | AC29: 110 | AD29: 121 | AE29: 123 | AF29: 110 | AG29: 108 | AH29: 108 | AI29: =SUM(AI20,AI23,AI26) -> 122 | AJ29: =SUM(AJ20,AJ23,AJ26) -> 122 | AK29: =SUM(AK20,AK23,AK26) -> 111 | AL29: =SUM(E29:AK29) -> 3543
D30: JML | E30: 202 | F30: 195 | G30: 239 | H30: 252 | I30: 168 | J30: 208 | K30: 187 | L30: 201 | M30: 193 | N30: 225 | O30: 161 | P30: 221 | Q30: 173 | R30: 204 | S30: 201 | T30: 190 | U30: 216 | V30: 205 | W30: 199 | X30: 210 | Y30: 208 | Z30: 211 | AA30: 220 | AB30: 217 | AC30: 219 | AD30: 226 | AE30: 237 | AF30: 226 | AG30: 219 | AH30: 212 | AI30: =SUM(AI28:AI29) -> 225 | AJ30: =SUM(AJ28:AJ29) -> 221 | AK30: =SUM(AK28:AK29) -> 219 | AL30: =SUM(E30:AK30) -> 6910
A32: II | B32: DATA PENGGUNAAN SURAT SUARA
A33: 1 | B33: Jumlah surat suara yang diterima, termasuk surat suara cadangan 2,5% dari DPT | E33: 280 | F33: 270 | G33: 305 | H33: 284 | I33: 259 | J33: 271 | K33: 272 | L33: 271 | M33: 264 | N33: 255 | O33: 236 | P33: 280 | Q33: 265 | R33: 259 | S33: 262 | T33: 255 | U33: 274 | V33: 288 | W33: 265 | X33: 278 | Y33: 288 | Z33: 268 | AA33: 298 | AB33: 276 | AC33: 293 | AD33: 279 | AE33: 283 | AF33: 278 | AG33: 276 | AH33: 267 | AI33: 243 | AJ33: 277 | AK33: 262 | AL33: =SUM(E33:AK33) -> 8981
A34: 2 | B34: Jumlah surat suara yang digunakan | E34: 202 | F34: 195 | G34: 239 | H34: 252 | I34: 168 | J34: 208 | K34: 187 | L34: 201 | M34: 193 | N34: 225 | O34: 161 | P34: 221 | Q34: 173 | R34: 204 | S34: 201 | T34: 190 | U34: 216 | V34: 205 | W34: 199 | X34: 210 | Y34: 208 | Z34: 211 | AA34: 220 | AB34: 217 | AC34: 219 | AD34: 226 | AE34: 237 | AF34: 226 | AG34: 219 | AH34: 212 | AI34: 225 | AJ34: 221 | AK34: 219 | AL34: =SUM(E34:AK34) -> 6910
A35: 3 | B35: Jumlah surat suara dikembalikan oleh pemilih (karena rusak atau keliru coblos) | E35: 0 | F35: 0 | G35: 2 | H35: 0 | I35: 0 | J35: 0 | K35: 0 | L35: 0 | M35: 0 | N35: 1 | O35: 0 | P35: 0 | Q35: 0 | R35: 0 | S35: 2 | T35: 0 | U35: 0 | V35: 2 | W35: 0 | X35: 0 | Y35: 0 | Z35: 1 | AA35: 0 | AB35: 0 | AC35: 3 | AD35: 0 | AE35: 2 | AF35: 0 | AG35: 0 | AH35: 0 | AI35: 6 | AJ35: 0 | AK35: 8 | AL35: =SUM(E35:AK35) -> 27
A36: 4 | B36: Jumlah surat suara yang tidak digunakan/tidak terpakai, termasuk sisa surat suara cadangan | E36: 78 | F36: 75 | G36: 64 | H36: 32 | I36: 91 | J36: 63 | K36: 85 | L36: 70 | M36: 71 | N36: 29 | O36: 75 | P36: 59 | Q36: 92 | R36: 55 | S36: 59 | T36: 65 | U36: 58 | V36: 81 | W36: 66 | X36: 68 | Y36: 80 | Z36: 56 | AA36: 78 | AB36: 59 | AC36: 71 | AD36: 53 | AE36: 44 | AF36: 52 | AG36: 57 | AH36: 55 | AI36: =AI33-(AI34+AI35) -> 12 | AJ36: =AJ33-(AJ34+AJ35) -> 56 | AK36: =AK33-(AK34+AK35) -> 35 | AL36: =SUM(E36:AK36) -> 2044
A38: III | B38: DATA PEMILIH DISABILITAS
B39: Jumlah seluruh Pemilih disabilitas yang menggunakan hak pilih | D39: LK | E39: 0 | F39: 0 | G39: 1 | H39: 0 | I39: 0 | J39: 2 | K39: 0 | L39: 0 | M39: 0 | N39: 0 | O39: 0 | P39: 0 | Q39: 0 | R39: 0 | S39: 0 | T39: 0 | U39: 0 | V39: 0 | W39: 0 | X39: 0 | Y39: 0 | Z39: 2 | AA39: 0 | AB39: 0 | AC39: 0 | AD39: 0 | AE39: 0 | AF39: 0 | AG39: 0 | AH39: 0 | AI39: 0 | AJ39: 0 | AK39: 0 | AL39: =SUM(E39:AK39) -> 5
D40: PR | E40: 0 | F40: 0 | G40: 1 | H40: 0 | I40: 0 | J40: 1 | K40: 0 | L40: 0 | M40: 1 | N40: 0 | O40: 0 | P40: 0 | Q40: 0 | R40: 0 | S40: 0 | T40: 0 | U40: 0 | V40: 0 | W40: 1 | X40: 0 | Y40: 0 | Z40: 1 | AA40: 0 | AB40: 0 | AC40: 0 | AD40: 0 | AE40: 0 | AF40: 1 | AG40: 0 | AH40: 0 | AI40: 0 | AJ40: 0 | AK40: 0 | AL40: =SUM(E40:AK40) -> 6
D41: JML | E41: =SUM(E39:E40) -> 0 | F41: =SUM(F39:F40) -> 0 | G41: =SUM(G39:G40) -> 2 | H41: =SUM(H39:H40) -> 0 | I41: =SUM(I39:I40) -> 0 | J41: =SUM(J39:J40) -> 3 | K41: =SUM(K39:K40) -> 0 | L41: =SUM(L39:L40) -> 0 | ... AK41: =SUM(AK39:AK40) -> 0 | AL41: =SUM(E41:AK41) -> 11
A43: IV | B43: DATA RINCIAN PEROLEHAN SUARA PASANGAN CALON BUPATI DAN WAKIL BUPATI
A44: NOMOR DAN NAMA CALON
A45: A.1 | B45: 1. | C45: Partai Kebangkitan Bangsa | E45: 3 | F45: 0 | G45: 3 | H45: 4 | I45: 1 | J45: 4 | K45: 4 | L45: 7 | M45: 7 | N45: 4 | O45: 3 | P45: 4 | Q45: 6 | R45: 7 | S45: 11 | T45: 15 | U45: 4 | V45: 5 | W45: 3 | X45: 6 | Y45: 2 | Z45: 9 | AA45: 5 | AB45: 7 | AC45: 6 | AD45: 1 | AE45: 8 | AF45: 1 | AG45: 8 | AH45: 7 | AI45: 9 | AJ45: 11 | AK45: 9 | AL45: =SUM(E45:AK45) -> 184
A46: A.2 | B46: 1 | C46: 1. Dr. Hj. NIHAYATUL WAFIROH, M.A. | E46: 5 | F46: 7 | G46: 11 | H46: 20 | I46: 2 | J46: 6 | K46: 10 | L46: 8 | M46: 10 | N46: 14 | O46: 15 | P46: 16 | Q46: 4 | R46: 12 | S46: 31 | T46: 40 | U46: 16 | V46: 15 | W46: 5 | X46: 2 | Y46: 8 | Z46: 5 | AA46: 11 | AB46: 9 | AC46: 11 | AD46: 5 | AE46: 16 | AF46: 8 | AG46: 15 | AH46: 17 | AI46: 23 | AJ46: 23 | AK46: 20 | AL46: =SUM(E46:AK46) -> 420
B47: 2 | C47: 2. H. M. NASIM KHAN | E47: 0 | F47: 2 | G47: 5 | H47: 2 | I47: 1 | J47: 0 | K47: 2 | L47: 1 | M47: 1 | N47: 0 | O47: 4 | P47: 1 | Q47: 0 | R47: 2 | S47: 3 | T47: 12 | U47: 2 | V47: 1 | W47: 1 | X47: 0 | Y47: 1 | Z47: 0 | AA47: 1 | AB47: 1 | AC47: 0 | AD47: 4 | AE47: 0 | AF47: 1 | AG47: 5 | AH47: 7 | AI47: 3 | AJ47: 1 | AK47: 3 | AL47: =SUM(E47:AK47) -> 67
B48: 3 | C48: 3. Dr. H. AKIK ZAMAN, M.Pd.I. | E48: 1 | F48: 0 | G48: 0 | H48: 2 | I48: 1 | J48: 0 | K48: 0 | L48: 1 | M48: 0 | N48: 0 | O48: 0 | P48: 0 | Q48: 1 | R48: 0 | S48: 1 | T48: 0 | U48: 0 | V48: 0 | W48: 1 | X48: 0 | Y48: 0 | Z48: 1 | AA48: 0 | AB48: 1 | AC48: 0 | AD48: 2 | AE48: 1 | AF48: 1 | AG48: 2 | AH48: 5 | AI48: 0 | AJ48: 0 | AK48: 1 | AL48: =SUM(E48:AK48) -> 22
B49: 4 | C49: 4. AHMAD RIFA'I, S.H. | E49: 1 | F49: 0 | G49: 0 | H49: 0 | I49: 0 | J49: 0 | K49: 1 | L49: 0 | M49: 0 | N49: 0 | O49: 0 | P49: 0 | Q49: 1 | R49: 1 | S49: 0 | T49: 0 | U49: 1 | V49: 2 | W49: 2 | X49: 0 | Y49: 2 | Z49: 0 | AA49: 1 | AB49: 0 | AC49: 0 | AD49: 0 | AE49: 0 | AF49: 0 | AG49: 1 | AH49: 1 | AI49: 0 | AJ49: 0 | AK49: 0 | AL49: =SUM(E49:AK49) -> 14
B50: 5 | C50: 5. Drs. H. MAHFUD M.N. | E50: 2 | F50: 0 | G50: 2 | H50: 1 | I50: 0 | J50: 0 | K50: 0 | L50: 1 | M50: 0 | N50: 0 | O50: 0 | P50: 0 | Q50: 0 | R50: 0 | S50: 1 | T50: 2 | U50: 1 | V50: 1 | W50: 1 | X50: 0 | Y50: 0 | Z50: 0 | AA50: 0 | AB50: 0 | AC50: 0 | AD50: 0 | AE50: 0 | AF50: 0 | AG50: 0 | AH50: 1 | AI50: 0 | AJ50: 0 | AK50: 0 | AL50: =SUM(E50:AK50) -> 13
B51: 6 | C51: 6. NURHAYATI, S.Pd. | E51: 1 | F51: 0 | G51: 0 | H51: 2 | I51: 0 | J51: 0 | K51: 1 | L51: 0 | M51: 2 | N51: 2 | O51: 0 | P51: 0 | Q51: 0 | R51: 0 | S51: 0 | T51: 0 | U51: 1 | V51: 1 | W51: 0 | X51: 0 | Y51: 0 | Z51: 0 | AA51: 0 | AB51: 1 | AC51: 0 | AD51: 4 | AE51: 3 | AF51: 1 | AG51: 0 | AH51: 0 | AI51: 1 | AJ51: 0 | AK51: 0 | AL51: =SUM(E51:AK51) -> 20
B52: 7 | C52: 7. MAFTUHA KISWAH | E52: 0 | F52: 0 | G52: 0 | H52: 0 | I52: 0 | J52: 0 | K52: 0 | L52: 0 | M52: 0 | N52: 0 | O52: 0 | P52: 1 | Q52: 0 | R52: 0 | S52: 0 | T52: 0 | U52: 0 | V52: 0 | W52: 0 | X52: 0 | Y52: 0 | Z52: 0 | AA52: 0 | AB52: 0 | AC52: 0 | AD52: 0 | AE52: 0 | AF52: 0 | AG52: 0 | AH52: 0 | AI52: 0 | AJ52: 0 | AK52: 0 | AL52: =SUM(E52:AK52) -> 1
A55: B | B55: JUMLAH SUARA SAH PARTAI POLITIK DAN CALON (A1 + A2) | E55: =SUM(E45:E52) -> 13 | F55: =SUM(F45:F52) -> 9 | G55: =SUM(G45:G52) -> 21 | H55: =SUM(H45:H52) -> 31 | I55: =SUM(I45:I52) -> 5 | J55: =SUM(J45:J52) -> 10 | K55: =SUM(K45:K52) -> 18 | L55: =SUM(L45:L52) -> 18 | ... AK55: =SUM(AK45:AK52) -> 33 | AL55: =SUM(E55:AK55) -> 741
A57: A.1 | B57: 2. | C57: Partai Gerakan Indonesia Raya | E57: 5 | F57: 13 | G57: 10 | H57: 13 | I57: 7 | J57: 11 | K57: 3 | L57: 10 | M57: 10 | N57: 3 | O57: 10 | P57: 6 | Q57: 12 | R57: 14 | S57: 6 | T57: 10 | U57: 18 | V57: 11 | W57: 8 | X57: 3 | Y57: 7 | Z57: 8 | AA57: 8 | AB57: 20 | AC57: 6 | AD57: 14 | AE57: 15 | AF57: 9 | AG57: 6 | AH57: 7 | AI57: 21 | AJ57: 16 | AK57: 4 | AL57: =SUM(E57:AK57) -> 324
A58: A.2 | B58: 1 | C58: 1. SUMAIL ABDULLAH | E58: 11 | F58: 17 | G58: 12 | H58: 5 | I58: 3 | J58: 6 | K58: 3 | L58: 3 | M58: 13 | N58: 13 | O58: 14 | P58: 4 | Q58: 9 | R58: 3 | S58: 3 | T58: 5 | U58: 2 | V58: 5 | W58: 6 | X58: 4 | Y58: 8 | Z58: 3 | AA58: 4 | AB58: 13 | AC58: 4 | AD58: 2 | AE58: 6 | AF58: 3 | AG58: 5 | AH58: 4 | AI58: 5 | AJ58: 4 | AK58: 6 | AL58: =SUM(E58:AK58) -> 208
B59: 2 | C59: 2. MUHAMMAD ALI ADRIAN SALEH | E59: 9 | F59: 18 | G59: 5 | H59: 1 | I59: 1 | J59: 5 | K59: 2 | L59: 4 | M59: 4 | N59: 2 | O59: 7 | P59: 3 | Q59: 1 | R59: 53 | S59: 33 | T59: 31 | U59: 42 | V59: 27 | W59: 2 | X59: 8 | Y59: 2 | Z59: 2 | AA59: 4 | AB59: 7 | AC59: 7 | AD59: 4 | AE59: 3 | AF59: 4 | AG59: 0 | AH59: 2 | AI59: 4 | AJ59: 2 | AK59: 2 | AL59: =SUM(E59:AK59) -> 301
B60: 3 | C60: 3. DURROTUN NAFISAH | E60: 0 | F60: 0 | G60: 1 | H60: 0 | I60: 0 | J60: 1 | K60: 2 | L60: 0 | M60: 1 | N60: 0 | O60: 0 | P60: 0 | Q60: 0 | R60: 2 | S60: 3 | T60: 1 | U60: 0 | V60: 2 | W60: 0 | X60: 3 | Y60: 1 | Z60: 0 | AA60: 2 | AB60: 0 | AC60: 0 | AD60: 0 | AE60: 2 | AF60: 0 | AG60: 2 | AH60: 0 | AI60: 0 | AJ60: 1 | AK60: 0 | AL60: =SUM(E60:AK60) -> 24
B61: 4 | C61: 4. H. EKO SUSILO NURHIDAYAT | E61: 2 | F61: 0 | G61: 1 | H61: 2 | I61: 1 | J61: 1 | K61: 4 | L61: 2 | M61: 2 | N61: 1 | O61: 3 | P61: 0 | Q61: 1 | R61: 1 | S61: 1 | T61: 1 | U61: 1 | V61: 1 | W61: 1 | X61: 0 | Y61: 0 | Z61: 4 | AA61: 1 | AB61: 1 | AC61: 2 | AD61: 4 | AE61: 4 | AF61: 3 | AG61: 13 | AH61: 5 | AI61: 1 | AJ61: 2 | AK61: 1 | AL61: =SUM(E61:AK61) -> 67
B62: 5 | C62: 5. KARNADI HARIJANTO, S.S. | E62: 1 | F62: 0 | G62: 0 | H62: 0 | I62: 0 | J62: 0 | K62: 1 | L62: 0 | M62: 0 | N62: 0 | O62: 0 | P62: 0 | Q62: 0 | R62: 0 | S62: 0 | T62: 0 | U62: 0 | V62: 0 | W62: 1 | X62: 0 | Y62: 0 | Z62: 0 | AA62: 0 | AB62: 0 | AC62: 0 | AD62: 0 | AE62: 1 | AF62: 0 | AG62: 0 | AH62: 1 | AI62: 0 | AJ62: 2 | AK62: 0 | AL62: =SUM(E62:AK62) -> 7
B63: 6 | C63: 6. NURHAYATI | E63: 1 | F63: 0 | G63: 0 | H63: 0 | I63: 0 | J63: 0 | K63: 0 | L63: 0 | M63: 0 | N63: 1 | O63: 0 | P63: 1 | Q63: 0 | R63: 0 | S63: 0 | T63: 0 | U63: 1 | V63: 0 | W63: 2 | X63: 2 | Y63: 1 | Z63: 1 | AA63: 1 | AB63: 0 | AC63: 0 | AD63: 1 | AE63: 1 | AF63: 0 | AG63: 0 | AH63: 2 | AI63: 1 | AJ63: 2 | AK63: 2 | AL63: =SUM(E63:AK63) -> 20
B64: 7 | C64: 7. MASHUDI | E64: 0 | F64: 0 | G64: 0 | H64: 0 | I64: 0 | J64: 0 | K64: 0 | L64: 0 | M64: 0 | N64: 0 | O64: 1 | P64: 0 | Q64: 1 | R64: 1 | S64: 0 | T64: 0 | U64: 0 | V64: 0 | W64: 0 | X64: 0 | Y64: 0 | Z64: 0 | AA64: 2 | AB64: 0 | AC64: 0 | AD64: 0 | AE64: 1 | AF64: 0 | AG64: 2 | AH64: 0 | AI64: 0 | AJ64: 0 | AK64: 0 | AL64: =SUM(E64:AK64) -> 8
A67: B | B67: JUMLAH SUARA SAH PARTAI POLITIK DAN CALON (A1 + A2) | E67: =SUM(E57:E64) -> 29 | F67: =SUM(F57:F64) -> 48 | G67: =SUM(G57:G64) -> 29 | H67: =SUM(H57:H64) -> 21 | I67: =SUM(I57:I64) -> 12 | J67: =SUM(J57:J64) -> 24 | K67: =SUM(K57:K64) -> 15 | L67: =SUM(L57:L64) -> 19 | ... AK67: =SUM(AK57:AK64) -> 15 | AL67: =SUM(E67:AK67) -> 959
A69: A.1 | B69: 3. | C69: Partai Demokrasi Indonesia Perjuangan | E69: 13 | F69: 6 | G69: 7 | H69: 13 | I69: 10 | J69: 17 | K69: 9 | L69: 10 | M69: 8 | N69: 7 | O69: 5 | P69: 11 | Q69: 13 | R69: 13 | S69: 4 | T69: 6 | U69: 9 | V69: 15 | W69: 18 | X69: 26 | Y69: 19 | Z69: 51 | AA69: 18 | AB69: 18 | AC69: 16 | AD69: 17 | AE69: 18 | AF69: 16 | AG69: 17 | AH69: 20 | AI69: 8 | AJ69: 17 | AK69: 13 | AL69: =SUM(E69:AK69) -> 468
A70: A.2 | B70: 1 | C70: 1. SONNY TRI DANAPARAMITA, S.H., M.H. | E70: 67 | F70: 63 | G70: 53 | H70: 52 | I70: 61 | J70: 62 | K70: 39 | L70: 54 | M70: 28 | N70: 21 | O70: 14 | P70: 105 | Q70: 11 | R70: 19 | S70: 6 | T70: 9 | U70: 5 | V70: 8 | W70: 22 | X70: 65 | Y70: 51 | Z70: 58 | AA70: 41 | AB70: 24 | AC70: 9 | AD70: 30 | AE70: 12 | AF70: 11 | AG70: 27 | AH70: 12 | AI70: 18 | AJ70: 20 | AK70: 12 | AL70: =SUM(E70:AK70) -> 1089
B71: 2 | C71: 2. H. MOHAMAD GUNTUR ROMLI | E71: 6 | F71: 2 | G71: 3 | H71: 2 | I71: 3 | J71: 2 | K71: 1 | L71: 3 | M71: 2 | N71: 0 | O71: 1 | P71: 1 | Q71: 0 | R71: 3 | S71: 1 | T71: 3 | U71: 4 | V71: 7 | W71: 2 | X71: 7 | Y71: 5 | Z71: 1 | AA71: 2 | AB71: 7 | AC71: 5 | AD71: 8 | AE71: 10 | AF71: 13 | AG71: 7 | AH71: 9 | AI71: 5 | AJ71: 2 | AK71: 0 | AL71: =SUM(E71:AK71) -> 127
B72: 3 | C72: 3. INA AMMANIA | E72: 7 | F72: 1 | G72: 0 | H72: 1 | I72: 5 | J72: 1 | K72: 3 | L72: 4 | M72: 6 | N72: 3 | O72: 5 | P72: 4 | Q72: 8 | R72: 8 | S72: 3 | T72: 1 | U72: 6 | V72: 29 | W72: 37 | X72: 7 | Y72: 5 | Z72: 8 | AA72: 12 | AB72: 52 | AC72: 74 | AD72: 40 | AE72: 16 | AF72: 29 | AG72: 14 | AH72: 21 | AI72: 18 | AJ72: 3 | AK72: 9 | AL72: =SUM(E72:AK72) -> 440
B73: 4 | C73: 4. IRWAN BACHTIAR RACHMAT, M.Si. | E73: 0 | F73: 3 | G73: 1 | H73: 1 | I73: 0 | J73: 1 | K73: 1 | L73: 0 | M73: 0 | N73: 0 | O73: 0 | P73: 4 | Q73: 1 | R73: 1 | S73: 1 | T73: 2 | U73: 0 | V73: 1 | W73: 0 | X73: 0 | Y73: 1 | Z73: 2 | AA73: 1 | AB73: 1 | AC73: 0 | AD73: 5 | AE73: 2 | AF73: 0 | AG73: 1 | AH73: 1 | AI73: 0 | AJ73: 1 | AK73: 2 | AL73: =SUM(E73:AK73) -> 34
B74: 5 | C74: 5. LUCKY PERDANA | E74: 2 | F74: 3 | G74: 2 | H74: 1 | I74: 2 | J74: 3 | K74: 2 | L74: 1 | M74: 0 | N74: 10 | O74: 3 | P74: 4 | Q74: 16 | R74: 5 | S74: 4 | T74: 3 | U74: 1 | V74: 2 | W74: 3 | X74: 7 | Y74: 10 | Z74: 3 | AA74: 14 | AB74: 2 | AC74: 2 | AD74: 2 | AE74: 3 | AF74: 2 | AG74: 3 | AH74: 3 | AI74: 4 | AJ74: 2 | AK74: 1 | AL74: =SUM(E74:AK74) -> 125
B75: 6 | C75: 6. WIWIK PUJIYATI | E75: 0 | F75: 0 | G75: 0 | H75: 0 | I75: 1 | J75: 0 | K75: 0 | L75: 0 | M75: 0 | N75: 0 | O75: 0 | P75: 0 | Q75: 1 | R75: 1 | S75: 0 | T75: 4 | U75: 1 | V75: 0 | W75: 2 | X75: 3 | Y75: 2 | Z75: 1 | AA75: 2 | AB75: 1 | AC75: 1 | AD75: 1 | AE75: 0 | AF75: 1 | AG75: 1 | AH75: 3 | AI75: 3 | AJ75: 1 | AK75: 0 | AL75: =SUM(E75:AK75) -> 30
B76: 7 | C76: 7. CHANDRA ASTAN, S.T. | E76: 0 | F76: 1 | G76: 1 | H76: 1 | I76: 8 | J76: 21 | K76: 22 | L76: 5 | M76: 8 | N76: 6 | O76: 0 | P76: 2 | Q76: 25 | R76: 4 | S76: 1 | T76: 0 | U76: 1 | V76: 1 | W76: 0 | X76: 0 | Y76: 5 | Z76: 7 | AA76: 1 | AB76: 0 | AC76: 0 | AD76: 5 | AE76: 1 | AF76: 0 | AG76: 6 | AH76: 9 | AI76: 10 | AJ76: 3 | AK76: 0 | AL76: =SUM(E76:AK76) -> 154
A79: B | B79: JUMLAH SUARA SAH PARTAI POLITIK DAN CALON (A1 + A2) | E79: =SUM(E69:E76) -> 95 | F79: =SUM(F69:F76) -> 79 | G79: =SUM(G69:G76) -> 67 | H79: =SUM(H69:H76) -> 71 | I79: =SUM(I69:I76) -> 90 | J79: =SUM(J69:J76) -> 107 | K79: =SUM(K69:K76) -> 77 | L79: =SUM(L69:L76) -> 77 | ... AK79: =SUM(AK69:AK76) -> 37 | AL79: =SUM(E79:AK79) -> 2467
A81: A.1 | B81: 4. | C81: Partai Golongan Karya | E81: 3 | F81: 1 | G81: 14 | H81: 16 | I81: 3 | J81: 0 | K81: 3 | L81: 3 | M81: 6 | N81: 15 | O81: 4 | P81: 7 | Q81: 3 | R81: 2 | S81: 1 | T81: 4 | U81: 6 | V81: 1 | W81: 4 | X81: 2 | Y81: 3 | Z81: 2 | AA81: 4 | AB81: 2 | AC81: 2 | AD81: 4 | AE81: 4 | AF81: 10 | AG81: 0 | AH81: 0 | AI81: 7 | AJ81: 12 | AK81: 22 | AL81: =SUM(E81:AK81) -> 170
A82: A.2 | B82: 1 | C82: 1. ZULFIKAR ARSE SADIKIN, S.I.P., M.Si. | E82: 4 | F82: 7 | G82: 34 | H82: 62 | I82: 9 | J82: 10 | K82: 11 | L82: 4 | M82: 26 | N82: 65 | O82: 10 | P82: 5 | Q82: 3 | R82: 3 | S82: 7 | T82: 2 | U82: 4 | V82: 1 | W82: 2 | X82: 4 | Y82: 6 | Z82: 2 | AA82: 6 | AB82: 2 | AC82: 1 | AD82: 5 | AE82: 3 | AF82: 7 | AG82: 7 | AH82: 6 | AI82: 15 | AJ82: 37 | AK82: 71 | AL82: =SUM(E82:AK82) -> 441
B83: 2 | C83: 2. HANDOKO | E83: 1 | F83: 2 | G83: 7 | H83: 3 | I83: 0 | J83: 2 | K83: 6 | L83: 2 | M83: 2 | N83: 3 | O83: 4 | P83: 6 | Q83: 3 | R83: 2 | S83: 1 | T83: 2 | U83: 2 | V83: 1 | W83: 3 | X83: 2 | Y83: 5 | Z83: 4 | AA83: 3 | AB83: 2 | AC83: 3 | AD83: 4 | AE83: 3 | AF83: 2 | AG83: 9 | AH83: 5 | AI83: 4 | AJ83: 3 | AK83: 2 | AL83: =SUM(E83:AK83) -> 103
B84: 3 | C84: 3. Hj. OVI DEWI YANTI | E84: 1 | F84: 0 | G84: 0 | H84: 0 | I84: 1 | J84: 1 | K84: 3 | L84: 0 | M84: 2 | N84: 0 | O84: 2 | P84: 0 | Q84: 1 | R84: 0 | S84: 0 | T84: 0 | U84: 1 | V84: 0 | W84: 1 | X84: 0 | Y84: 0 | Z84: 0 | AA84: 0 | AB84: 0 | AC84: 1 | AD84: 0 | AE84: 1 | AF84: 0 | AG84: 1 | AH84: 0 | AI84: 0 | AJ84: 1 | AK84: 2 | AL84: =SUM(E84:AK84) -> 19
B85: 4 | C85: 4. Ir. AZAM AZMAN NATAWIJANA | E85: 1 | F85: 0 | G85: 1 | H85: 0 | I85: 1 | J85: 1 | K85: 0 | L85: 1 | M85: 0 | N85: 1 | O85: 0 | P85: 1 | Q85: 0 | R85: 1 | S85: 0 | T85: 0 | U85: 0 | V85: 0 | W85: 0 | X85: 0 | Y85: 1 | Z85: 0 | AA85: 1 | AB85: 0 | AC85: 0 | AD85: 0 | AE85: 0 | AF85: 2 | AG85: 0 | AH85: 1 | AI85: 1 | AJ85: 0 | AK85: 0 | AL85: =SUM(E85:AK85) -> 14
B86: 5 | C86: 5. UBAIDILLAH AMIN, S.Kom. | E86: 1 | F86: 0 | G86: 0 | H86: 0 | I86: 0 | J86: 0 | K86: 0 | L86: 0 | M86: 1 | N86: 3 | O86: 0 | P86: 0 | Q86: 0 | R86: 1 | S86: 0 | T86: 0 | U86: 0 | V86: 0 | W86: 0 | X86: 0 | Y86: 1 | Z86: 0 | AA86: 1 | AB86: 0 | AC86: 0 | AD86: 1 | AE86: 0 | AF86: 0 | AG86: 1 | AH86: 0 | AI86: 1 | AJ86: 0 | AK86: 1 | AL86: =SUM(E86:AK86) -> 12
B87: 6 | C87: 6. DENNY YUNIANDARI, S.H., M.Kn. | E87: 1 | F87: 0 | G87: 0 | H87: 0 | I87: 0 | J87: 0 | K87: 1 | L87: 0 | M87: 0 | N87: 0 | O87: 0 | P87: 0 | Q87: 0 | R87: 0 | S87: 0 | T87: 0 | U87: 0 | V87: 0 | W87: 0 | X87: 1 | Y87: 1 | Z87: 0 | AA87: 0 | AB87: 1 | AC87: 0 | AD87: 0 | AE87: 0 | AF87: 0 | AG87: 0 | AH87: 0 | AI87: 1 | AJ87: 0 | AK87: 0 | AL87: =SUM(E87:AK87) -> 6
B88: 7 | C88: 7. ERNADI, S.H.I. | E88: 0 | F88: 0 | G88: 0 | H88: 0 | I88: 0 | J88: 0 | K88: 0 | L88: 0 | M88: 0 | N88: 0 | O88: 0 | P88: 0 | Q88: 0 | R88: 0 | S88: 0 | T88: 0 | U88: 0 | V88: 0 | W88: 0 | X88: 0 | Y88: 0 | Z88: 0 | AA88: 0 | AB88: 0 | AC88: 0 | AD88: 0 | AE88: 0 | AF88: 0 | AG88: 1 | AH88: 0 | AI88: 0 | AJ88: 0 | AK88: 1 | AL88: =SUM(E88:AK88) -> 2
A91: B | B91: JUMLAH SUARA SAH PARTAI POLITIK DAN CALON (A1 + A2) | E91: =SUM(E81:E88) -> 12 | F91: =SUM(F81:F88) -> 10 | G91: =SUM(G81:G88) -> 56 | H91: =SUM(H81:H88) -> 81 | I91: =SUM(I81:I88) -> 14 | J91: =SUM(J81:J88) -> 14 | K91: =SUM(K81:K88) -> 24 | L91: =SUM(L81:L88) -> 10 | ... AK91: =SUM(AK81:AK88) -> 99 | AL91: =SUM(E91:AK91) -> 767
A93: A.1 | B93: 5. | C93: Partai NasDem | E93: 0 | F93: 2 | G93: 1 | H93: 3 | I93: 0 | J93: 0 | K93: 0 | L93: 0 | M93: 0 | N93: 1 | O93: 0 | P93: 0 | Q93: 1 | R93: 0 | S93: 0 | T93: 0 | U93: 0 | V93: 0 | W93: 2 | X93: 2 | Y93: 0 | Z93: 0 | AA93: 0 | AB93: 1 | AC93: 2 | AD93: 0 | AE93: 0 | AF93: 0 | AG93: 0 | AH93: 0 | AI93: 1 | AJ93: 1 | AK93: 0 | AL93: =SUM(E93:AK93) -> 17
A94: A.2 | B94: 1 | C94: 1. ACH. FADIL MUZAKKI SYAH | E94: 1 | F94: 1 | G94: 1 | H94: 1 | I94: 0 | J94: 0 | K94: 0 | L94: 5 | M94: 0 | N94: 0 | O94: 0 | P94: 0 | Q94: 3 | R94: 0 | S94: 0 | T94: 1 | U94: 0 | V94: 1 | W94: 0 | X94: 1 | Y94: 0 | Z94: 0 | AA94: 0 | AB94: 1 | AC94: 1 | AD94: 1 | AE94: 6 | AF94: 0 | AG94: 0 | AH94: 3 | AI94: 1 | AJ94: 0 | AK94: 1 | AL94: =SUM(E94:AK94) -> 29
B95: 2 | C95: 2. BENY | E95: 1 | F95: 0 | G95: 2 | H95: 1 | I95: 0 | J95: 2 | K95: 0 | L95: 0 | M95: 0 | N95: 0 | O95: 0 | P95: 0 | Q95: 0 | R95: 4 | S95: 14 | T95: 2 | U95: 13 | V95: 0 | W95: 0 | X95: 0 | Y95: 0 | Z95: 0 | AA95: 1 | AB95: 0 | AC95: 0 | AD95: 0 | AE95: 0 | AF95: 0 | AG95: 0 | AH95: 1 | AI95: 1 | AJ95: 0 | AK95: 0 | AL95: =SUM(E95:AK95) -> 42
B96: 3 | C96: 3. VINA VERONIKA | E96: 0 | F96: 0 | G96: 0 | H96: 0 | I96: 0 | J96: 0 | K96: 1 | L96: 0 | M96: 1 | N96: 0 | O96: 0 | P96: 0 | Q96: 0 | R96: 0 | S96: 0 | T96: 0 | U96: 0 | V96: 0 | W96: 0 | X96: 0 | Y96: 0 | Z96: 0 | AA96: 0 | AB96: 0 | AC96: 0 | AD96: 0 | AE96: 1 | AF96: 0 | AG96: 0 | AH96: 1 | AI96: 0 | AJ96: 0 | AK96: 0 | AL96: =SUM(E96:AK96) -> 4
B97: 4 | C97: 4. TEDDY ANUGRIANTO | E97: 0 | F97: 1 | G97: 0 | H97: 0 | I97: 0 | J97: 1 | K97: 1 | L97: 0 | M97: 0 | N97: 0 | O97: 0 | P97: 2 | Q97: 1 | R97: 0 | S97: 0 | T97: 0 | U97: 0 | V97: 0 | W97: 1 | X97: 0 | Y97: 0 | Z97: 0 | AA97: 1 | AB97: 0 | AC97: 1 | AD97: 0 | AE97: 2 | AF97: 2 | AG97: 0 | AH97: 0 | AI97: 1 | AJ97: 0 | AK97: 0 | AL97: =SUM(E97:AK97) -> 14
B98: 5 | C98: 5. INSAN KAMIL | E98: 0 | F98: 0 | G98: 0 | H98: 0 | I98: 0 | J98: 0 | K98: 0 | L98: 0 | M98: 0 | N98: 0 | O98: 0 | P98: 0 | Q98: 0 | R98: 1 | S98: 0 | T98: 0 | U98: 0 | V98: 1 | W98: 0 | X98: 0 | Y98: 0 | Z98: 0 | AA98: 0 | AB98: 0 | AC98: 0 | AD98: 0 | AE98: 0 | AF98: 0 | AG98: 0 | AH98: 0 | AI98: 0 | AJ98: 0 | AK98: 0 | AL98: =SUM(E98:AK98) -> 2
B99: 6 | C99: 6. LILIK LINDARWATI | E99: 0 | F99: 0 | G99: 0 | H99: 0 | I99: 0 | J99: 0 | K99: 0 | L99: 0 | M99: 0 | N99: 0 | O99: 0 | P99: 0 | Q99: 0 | R99: 0 | S99: 0 | T99: 0 | U99: 0 | V99: 0 | W99: 0 | X99: 0 | Y99: 1 | Z99: 0 | AA99: 0 | AB99: 0 | AC99: 0 | AD99: 0 | AE99: 0 | AF99: 0 | AG99: 0 | AH99: 0 | AI99: 0 | AJ99: 0 | AK99: 0 | AL99: =SUM(E99:AK99) -> 1
B100: 7 | C100: 7. YULI ANITA | E100: 0 | F100: 0 | G100: 0 | H100: 0 | I100: 0 | J100: 0 | K100: 0 | L100: 0 | M100: 0 | N100: 0 | O100: 0 | P100: 0 | Q100: 0 | R100: 0 | S100: 0 | T100: 0 | U100: 0 | V100: 0 | W100: 0 | X100: 0 | Y100: 0 | Z100: 0 | AA100: 0 | AB100: 0 | AC100: 0 | AD100: 0 | AE100: 0 | AF100: 0 | AG100: 0 | AH100: 0 | AI100: 0 | AJ100: 0 | AK100: 0 | AL100: =SUM(E100:AK100) -> 0
A103: B | B103: JUMLAH SUARA SAH PARTAI POLITIK DAN CALON (A1 + A2) | E103: =SUM(E93:E100) -> 2 | F103: =SUM(F93:F100) -> 4 | G103: =SUM(G93:G100) -> 4 | H103: =SUM(H93:H100) -> 5 | I103: =SUM(I93:I100) -> 0 | J103: =SUM(J93:J100) -> 3 | K103: =SUM(K93:K100) -> 2 | L103: =SUM(L93:L100) -> 5 | ... AK103: =SUM(AK93:AK100) -> 1 | AL103: =SUM(E103:AK103) -> 109
A105: A.1 | B105: 6. | C105: Partai Buruh | E105: 0 | F105: 0 | G105: 3 | H105: 0 | I105: 0 | J105: 2 | K105: 0 | L105: 2 | M105: 1 | N105: 0 | O105: 0 | P105: 0 | Q105: 0 | R105: 0 | S105: 0 | T105: 0 | U105: 0 | V105: 0 | W105: 1 | X105: 0 | Y105: 0 | Z105: 0 | AA105: 0 | AB105: 0 | AC105: 0 | AD105: 1 | AE105: 2 | AF105: 1 | AG105: 0 | AH105: 1 | AI105: 1 | AJ105: 0 | AK105: 0 | AL105: =SUM(E105:AK105) -> 15
A106: A.2 | B106: 1 | C106: 1. KHOIRUL ANAM | E106: 0 | F106: 1 | G106: 0 | H106: 0 | I106: 0 | J106: 0 | K106: 0 | L106: 1 | M106: 2 | N106: 0 | O106: 0 | P106: 0 | Q106: 0 | R106: 1 | S106: 0 | T106: 0 | U106: 0 | V106: 0 | W106: 0 | X106: 0 | Y106: 0 | Z106: 0 | AA106: 2 | AB106: 0 | AC106: 1 | AD106: 0 | AE106: 2 | AF106: 0 | AG106: 1 | AH106: 0 | AI106: 0 | AJ106: 0 | AK106: 0 | AL106: =SUM(E106:AK106) -> 11
B107: 2 | C107: 2. INA KURNIA | E107: 0 | F107: 0 | G107: 0 | H107: 0 | I107: 0 | J107: 0 | K107: 0 | L107: 0 | M107: 0 | N107: 0 | O107: 1 | P107: 0 | Q107: 0 | R107: 0 | S107: 0 | T107: 0 | U107: 0 | V107: 0 | W107: 0 | X107: 0 | Y107: 0 | Z107: 0 | AA107: 0 | AB107: 0 | AC107: 0 | AD107: 0 | AE107: 0 | AF107: 0 | AG107: 0 | AH107: 0 | AI107: 1 | AJ107: 0 | AK107: 1 | AL107: =SUM(E107:AK107) -> 3
B108: 3 | C108: 3. JIBRAL TAROUK | E108: 0 | F108: 0 | G108: 0 | H108: 0 | I108: 0 | J108: 0 | K108: 0 | L108: 0 | M108: 0 | N108: 0 | O108: 0 | P108: 0 | Q108: 0 | R108: 0 | S108: 0 | T108: 0 | U108: 0 | V108: 0 | W108: 0 | X108: 0 | Y108: 0 | Z108: 0 | AA108: 0 | AB108: 0 | AC108: 0 | AD108: 0 | AE108: 0 | AF108: 0 | AG108: 0 | AH108: 0 | AI108: 0 | AJ108: 0 | AK108: 0 | AL108: =SUM(E108:AK108) -> 0
B109: 4 | C109: 4. ASTUTI DAENG PUJI | E109: 0 | F109: 0 | G109: 0 | H109: 0 | I109: 0 | J109: 0 | K109: 0 | L109: 0 | M109: 0 | N109: 0 | O109: 0 | P109: 0 | Q109: 0 | R109: 0 | S109: 0 | T109: 0 | U109: 0 | V109: 0 | W109: 0 | X109: 0 | Y109: 0 | Z109: 0 | AA109: 0 | AB109: 0 | AC109: 0 | AD109: 0 | AE109: 0 | AF109: 0 | AG109: 0 | AH109: 0 | AI109: 0 | AJ109: 0 | AK109: 0 | AL109: =SUM(E109:AK109) -> 0
B110: 5 | C110: 5. ASDARMAWAN | E110: 0 | F110: 0 | G110: 0 | H110: 0 | I110: 0 | J110: 0 | K110: 0 | L110: 0 | M110: 0 | N110: 0 | O110: 0 | P110: 0 | Q110: 0 | R110: 0 | S110: 0 | T110: 0 | U110: 0 | V110: 0 | W110: 0 | X110: 0 | Y110: 0 | Z110: 0 | AA110: 0 | AB110: 0 | AC110: 0 | AD110: 0 | AE110: 0 | AF110: 0 | AG110: 0 | AH110: 0 | AI110: 0 | AJ110: 0 | AK110: 0 | AL110: =SUM(E110:AK110) -> 0
B111: 6 | C111: 6. RIFQI MUBAROK | E111: 0 | F111: 0 | G111: 0 | H111: 0 | I111: 0 | J111: 0 | K111: 0 | L111: 0 | M111: 0 | N111: 0 | O111: 0 | P111: 0 | Q111: 0 | R111: 0 | S111: 0 | T111: 0 | U111: 0 | V111: 1 | W111: 0 | X111: 0 | Y111: 0 | Z111: 0 | AA111: 0 | AB111: 0 | AC111: 0 | AD111: 0 | AE111: 0 | AF111: 0 | AG111: 0 | AH111: 0 | AI111: 0 | AJ111: 0 | AK111: 0 | AL111: =SUM(E111:AK111) -> 1
B112: 7 | C112: 7. FIRNANDA ALTA MEGA | E112: 0 | F112: 0 | G112: 0 | H112: 0 | I112: 0 | J112: 0 | K112: 0 | L112: 0 | M112: 0 | N112: 0 | O112: 0 | P112: 0 | Q112: 0 | R112: 0 | S112: 0 | T112: 0 | U112: 0 | V112: 0 | W112: 0 | X112: 0 | Y112: 0 | Z112: 0 | AA112: 0 | AB112: 0 | AC112: 0 | AD112: 0 | AE112: 0 | AF112: 0 | AG112: 0 | AH112: 0 | AI112: 0 | AJ112: 0 | AK112: 0 | AL112: =SUM(E112:AK112) -> 0
A115: B | B115: JUMLAH SUARA SAH PARTAI POLITIK DAN CALON (A1 + A2) | E115: =SUM(E105:E112) -> 0 | F115: =SUM(F105:F112) -> 1 | G115: =SUM(G105:G112) -> 3 | H115: =SUM(H105:H112) -> 0 | I115: =SUM(I105:I112) -> 0 | J115: =SUM(J105:J112) -> 2 | K115: =SUM(K105:K112) -> 0 | L115: =SUM(L105:L112) -> 3 | ... AK115: =SUM(AK105:AK112) -> 1 | AL115: =SUM(E115:AK115) -> 30
A117: A.1 | B117: 7. | C117: Partai Gelombang Rakyat Indonesia | E117: 0 | F117: 0 | G117: 0 | H117: 0 | I117: 0 | J117: 0 | K117: 0 | L117: 0 | M117: 0 | N117: 1 | O117: 1 | P117: 0 | Q117: 2 | R117: 2 | S117: 0 | T117: 0 | U117: 0 | V117: 0 | W117: 0 | X117: 1 | Y117: 1 | Z117: 0 | AA117: 1 | AB117: 0 | AC117: 0 | AD117: 0 | AE117: 0 | AF117: 0 | AG117: 0 | AH117: 1 | AI117: 1 | AJ117: 0 | AK117: 1 | AL117: =SUM(E117:AK117) -> 12
A118: A.2 | B118: 1 | C118: 1. TITI WIDORETNO WARISMAN | E118: 0 | F118: 0 | G118: 0 | H118: 0 | I118: 0 | J118: 0 | K118: 0 | L118: 0 | M118: 0 | N118: 0 | O118: 1 | P118: 0 | Q118: 1 | R118: 0 | S118: 0 | T118: 0 | U118: 0 | V118: 0 | W118: 0 | X118: 0 | Y118: 0 | Z118: 0 | AA118: 0 | AB118: 0 | AC118: 0 | AD118: 0 | AE118: 0 | AF118: 0 | AG118: 0 | AH118: 0 | AI118: 0 | AJ118: 0 | AK118: 0 | AL118: =SUM(E118:AK118) -> 2
B119: 2 | C119: 2. MAMIEK SETYANINGSIH | E119: 1 | F119: 0 | G119: 0 | H119: 0 | I119: 0 | J119: 0 | K119: 0 | L119: 0 | M119: 0 | N119: 0 | O119: 0 | P119: 0 | Q119: 0 | R119: 0 | S119: 1 | T119: 0 | U119: 0 | V119: 0 | W119: 0 | X119: 0 | Y119: 0 | Z119: 0 | AA119: 0 | AB119: 0 | AC119: 0 | AD119: 0 | AE119: 1 | AF119: 0 | AG119: 0 | AH119: 0 | AI119: 0 | AJ119: 0 | AK119: 0 | AL119: =SUM(E119:AK119) -> 3
B120: 3 | C120: 3. ROMIL AZIZEN | E120: 0 | F120: 0 | G120: 0 | H120: 0 | I120: 0 | J120: 0 | K120: 0 | L120: 0 | M120: 0 | N120: 0 | O120: 0 | P120: 0 | Q120: 0 | R120: 0 | S120: 0 | T120: 0 | U120: 0 | V120: 0 | W120: 0 | X120: 0 | Y120: 0 | Z120: 0 | AA120: 1 | AB120: 0 | AC120: 0 | AD120: 1 | AE120: 0 | AF120: 0 | AG120: 0 | AH120: 0 | AI120: 0 | AJ120: 0 | AK120: 0 | AL120: =SUM(E120:AK120) -> 2
A127: B | B127: JUMLAH SUARA SAH PARTAI POLITIK DAN CALON (A1 + A2) | E127: =SUM(E117:E120) -> 1 | F127: =SUM(F117:F120) -> 0 | G127: =SUM(G117:G120) -> 0 | H127: =SUM(H117:H120) -> 0 | I127: =SUM(I117:I120) -> 0 | J127: =SUM(J117:J120) -> 0 | K127: =SUM(K117:K120) -> 0 | L127: =SUM(L117:L120) -> 0 | ... AK127: =SUM(AK117:AK120) -> 1 | AL127: =SUM(E127:AK127) -> 19
A129: A.1 | B129: 8. | C129: Partai Keadilan Sejahtera | E129: 1 | F129: 2 | G129: 0 | H129: 0 | I129: 2 | J129: 1 | K129: 1 | L129: 1 | M129: 3 | N129: 0 | O129: 2 | P129: 0 | Q129: 1 | R129: 0 | S129: 0 | T129: 0 | U129: 1 | V129: 0 | W129: 1 | X129: 0 | Y129: 1 | Z129: 0 | AA129: 1 | AB129: 1 | AC129: 0 | AD129: 0 | AE129: 3 | AF129: 0 | AG129: 0 | AH129: 2 | AI129: 0 | AJ129: 1 | AK129: 0 | AL129: =SUM(E129:AK129) -> 25
A130: A.2 | B130: 1 | C130: 1. H. SAIMI SALEH, S.E., M.M. | E130: 5 | F130: 1 | G130: 1 | H130: 0 | I130: 0 | J130: 0 | K130: 0 | L130: 1 | M130: 0 | N130: 2 | O130: 0 | P130: 0 | Q130: 0 | R130: 1 | S130: 0 | T130: 0 | U130: 0 | V130: 0 | W130: 3 | X130: 0 | Y130: 2 | Z130: 0 | AA130: 0 | AB130: 0 | AC130: 0 | AD130: 2 | AE130: 0 | AF130: 0 | AG130: 0 | AH130: 1 | AI130: 0 | AJ130: 0 | AK130: 0 | AL130: =SUM(E130:AK130) -> 19
B131: 2 | C131: 2. Prof. Dr. H. EGGI SUDJANA, S.H., M.Si. | E131: 2 | F131: 1 | G131: 0 | H131: 1 | I131: 2 | J131: 0 | K131: 0 | L131: 0 | M131: 0 | N131: 0 | O131: 2 | P131: 0 | Q131: 0 | R131: 1 | S131: 0 | T131: 0 | U131: 0 | V131: 2 | W131: 0 | X131: 0 | Y131: 3 | Z131: 0 | AA131: 0 | AB131: 3 | AC131: 0 | AD131: 1 | AE131: 0 | AF131: 0 | AG131: 2 | AH131: 0 | AI131: 2 | AJ131: 1 | AK131: 0 | AL131: =SUM(E131:AK131) -> 23
B132: 3 | C132: 3. NURUL KHOTIMAH | E132: 0 | F132: 0 | G132: 0 | H132: 0 | I132: 0 | J132: 0 | K132: 0 | L132: 0 | M132: 0 | N132: 0 | O132: 0 | P132: 0 | Q132: 0 | R132: 0 | S132: 0 | T132: 0 | U132: 0 | V132: 1 | W132: 0 | X132: 0 | Y132: 1 | Z132: 1 | AA132: 0 | AB132: 0 | AC132: 0 | AD132: 0 | AE132: 0 | AF132: 0 | AG132: 1 | AH132: 0 | AI132: 0 | AJ132: 0 | AK132: 0 | AL132: =SUM(E132:AK132) -> 4
B133: 4 | C133: 4. AKHMAD SUYANTO, S.T., M.T. | E133: 0 | F133: 0 | G133: 0 | H133: 2 | I133: 0 | J133: 0 | K133: 0 | L133: 0 | M133: 0 | N133: 0 | O133: 0 | P133: 0 | Q133: 0 | R133: 0 | S133: 0 | T133: 0 | U133: 0 | V133: 0 | W133: 0 | X133: 0 | Y133: 0 | Z133: 0 | AA133: 0 | AB133: 0 | AC133: 0 | AD133: 0 | AE133: 0 | AF133: 0 | AG133: 0 | AH133: 0 | AI133: 0 | AJ133: 0 | AK133: 0 | AL133: =SUM(E133:AK133) -> 2
B134: 5 | C134: 5. PUJIYATNI | E134: 1 | F134: 2 | G134: 1 | H134: 0 | I134: 0 | J134: 0 | K134: 0 | L134: 0 | M134: 0 | N134: 0 | O134: 0 | P134: 0 | Q134: 0 | R134: 0 | S134: 0 | T134: 0 | U134: 0 | V134: 0 | W134: 0 | X134: 0 | Y134: 0 | Z134: 0 | AA134: 1 | AB134: 0 | AC134: 0 | AD134: 0 | AE134: 0 | AF134: 0 | AG134: 0 | AH134: 0 | AI134: 0 | AJ134: 0 | AK134: 0 | AL134: =SUM(E134:AK134) -> 5
B135: 6 | C135: 6. HENI PURWATININGSIH | E135: 0 | F135: 0 | G135: 0 | H135: 0 | I135: 0 | J135: 0 | K135: 0 | L135: 0 | M135: 0 | N135: 0 | O135: 1 | P135: 0 | Q135: 0 | R135: 0 | S135: 0 | T135: 0 | U135: 0 | V135: 0 | W135: 0 | X135: 0 | Y135: 0 | Z135: 0 | AA135: 0 | AB135: 0 | AC135: 0 | AD135: 0 | AE135: 0 | AF135: 0 | AG135: 0 | AH135: 0 | AI135: 0 | AJ135: 0 | AK135: 0 | AL135: =SUM(E135:AK135) -> 1
B136: 7 | C136: 7. MUHADI | E136: 0 | F136: 0 | G136: 0 | H136: 0 | I136: 0 | J136: 0 | K136: 0 | L136: 0 | M136: 0 | N136: 0 | O136: 0 | P136: 1 | Q136: 0 | R136: 0 | S136: 0 | T136: 0 | U136: 0 | V136: 0 | W136: 0 | X136: 0 | Y136: 0 | Z136: 0 | AA136: 0 | AB136: 0 | AC136: 0 | AD136: 0 | AE136: 0 | AF136: 0 | AG136: 0 | AH136: 0 | AI136: 0 | AJ136: 0 | AK136: 0 | AL136: =SUM(E136:AK136) -> 1
...

Sheet KALIPLOSO
C2: Kecamatan | D2: CLURING
C3: Kabupaten | D3: BANYUWANGI
C4: Provinsi | D4: JAWA TIMUR
C9: Kelurahan | D9: KALIPLOSO
A12: I | B12: DATA PEMILIH DAN PENGGUNAAN HAK PILIH | Q12: JUMLAH AKHIR
A13: A | B13: DATA PEMILIH | E13: TPS 001 | F13: TPS 002 | G13: TPS 003 | H13: TPS 004 | I13: TPS 005 | J13: TPS 006 | K13: TPS 007 | L13: TPS 008 | M13: TPS 009 | N13: TPS 010 | O13: TPS 011 | P13: TPS 012
B14: Jumlah Pemilih dalam Daftar Pemilih Tetap (DPT) | D14: LK | E14: 137 | F14: 152 | G14: 135 | H14: 160 | I14: 142 | J14: 143 | K14: 128 | L14: 122 | M14: 107 | N14: 132 | O14: 142 | P14: 144
D15: PR | E15: 149 | F15: 144 | G15: 156 | H15: 137 | I15: 149 | J15: 143 | K15: 117 | L15: 122 | M15: 98 | N15: 124 | O15: 147 | P15: 150
D16: JML | E16: 286 | F16: 296 | G16: 291 | H16: 297 | I16: 291 | J16: 286 | K16: 245 | L16: 244 | M16: 205 | N16: 256 | O16: 289 | P16: 294
A18: B | B18: PENGGUNA HAK PILIH
B19: 1. | C19: Jumlah pengguna hak pilih dalam Daftar Pemilih Tetap (DPT) | D19: LK | E19: 81 | F19: 107 | G19: 100 | H19: 113 | I19: 121 | J19: 113 | K19: 103 | L19: 97 | M19: 75 | N19: 114 | O19: 116 | P19: 112 | Q19: =SUM(E19:P19) -> 1252
D20: PR | E20: 112 | F20: 117 | G20: 124 | H20: 127 | I20: 121 | J20: 117 | K20: 94 | L20: 95 | M20: 71 | N20: 87 | O20: 127 | P20: 123 | Q20: =SUM(E20:P20) -> 1315
D21: JML | E21: 193 | F21: 224 | G21: 224 | H21: 240 | I21: 242 | J21: 230 | K21: 197 | L21: 192 | M21: 146 | N21: 201 | O21: 243 | P21: 235 | Q21: =SUM(E21:P21) -> 2567
B22: 2. | C22: Jumlah pengguna hak pilih dalam Daftar Pemilih Tambahan (DPTb) | D22: LK | E22: 0 | F22: 1 | G22: 0 | H22: 0 | I22: 0 | J22: 0 | K22: 0 | L22: 0 | M22: 0 | N22: 0 | O22: 0 | P22: 0 | Q22: =SUM(E22:P22) -> 1
D23: PR | E23: 0 | F23: 2 | G23: 0 | H23: 0 | I23: 1 | J23: 0 | K23: 0 | L23: 0 | M23: 0 | N23: 0 | O23: 0 | P23: 1 | Q23: =SUM(E23:P23) -> 4
D24: JML | E24: 0 | F24: 3 | G24: 0 | H24: 0 | I24: 1 | J24: 0 | K24: 0 | L24: 0 | M24: 0 | N24: 0 | O24: 0 | P24: 1 | Q24: =SUM(E24:P24) -> 5
B25: 3. | C25: Jumlah pengguna hak pilih dalam Daftar Pemilih Khusus (DPK) | D25: LK | E25: 1 | F25: 1 | G25: 0 | H25: 0 | I25: 1 | J25: 1 | K25: 1 | L25: 0 | M25: 1 | N25: 0 | O25: 0 | P25: 0 | Q25: =SUM(E25:P25) -> 6
D26: PR | E26: 2 | F26: 1 | G26: 2 | H26: 0 | I26: 2 | J26: 3 | K26: 2 | L26: 0 | M26: 2 | N26: 0 | O26: 0 | P26: 0 | Q26: =SUM(E26:P26) -> 14
D27: JML | E27: 3 | F27: 2 | G27: 2 | H27: 0 | I27: 3 | J27: 4 | K27: 3 | L27: 0 | M27: 3 | N27: 0 | O27: 0 | P27: 0 | Q27: =SUM(E27:P27) -> 20
B28: 4. | C28: Jumlah Pengguna Hak Pilih (B.1+B.2+B.3) | D28: LK | E28: 82 | F28: 109 | G28: 100 | H28: 113 | I28: 122 | J28: 114 | K28: 104 | L28: 97 | M28: 76 | N28: 114 | O28: 116 | P28: 112 | Q28: =SUM(E28:P28) -> 1259
D29: PR | E29: 114 | F29: 120 | G29: 126 | H29: 127 | I29: 124 | J29: 120 | K29: 96 | L29: 95 | M29: 73 | N29: 87 | O29: 127 | P29: 124 | Q29: =SUM(E29:P29) -> 1333
D30: JML | E30: 196 | F30: 229 | G30: 226 | H30: 240 | I30: 246 | J30: 234 | K30: 200 | L30: 192 | M30: 149 | N30: 201 | O30: 243 | P30: 236 | Q30: =SUM(E30:P30) -> 2592
A32: II | B32: DATA PENGGUNAAN SURAT SUARA
A33: 1 | B33: Jumlah surat suara yang diterima, termasuk surat suara cadangan 2,5% dari DPT | E33: 302 | F33: 292 | G33: 289 | H33: 313 | I33: 297 | J33: 292 | K33: 240 | L33: 250 | M33: 211 | N33: 263 | O33: 285 | P33: 300 | Q33: =SUM(E33:P33) -> 3334
A34: 2 | B34: Jumlah surat suara yang digunakan | E34: 196 | F34: 229 | G34: 226 | H34: 240 | I34: 246 | J34: 234 | K34: 200 | L34: 192 | M34: 149 | N34: 201 | O34: 243 | P34: 236 | Q34: =SUM(E34:P34) -> 2592
A35: 3 | B35: Jumlah surat suara dikembalikan oleh pemilih (karena rusak atau keliru coblos) | E35: 0 | F35: 2 | G35: 0 | H35: 0 | I35: 3 | J35: 0 | K35: 2 | L35: 0 | M35: 1 | N35: 0 | O35: 0 | P35: 3 | Q35: =SUM(E35:P35) -> 11
A36: 4 | B36: Jumlah surat suara yang tidak digunakan/tidak terpakai, termasuk sisa surat suara cadangan | E36: 106 | F36: 61 | G36: 63 | H36: 73 | I36: 48 | J36: 58 | K36: 38 | L36: 58 | M36: 61 | N36: 62 | O36: 42 | P36: 61 | Q36: =SUM(E36:P36) -> 731
A38: III | B38: DATA PEMILIH DISABILITAS
B39: Jumlah seluruh Pemilih disabilitas yang menggunakan hak pilih | D39: LK | E39: 0 | F39: 0 | G39: 0 | H39: 0 | I39: 0 | J39: 0 | K39: 0 | L39: 0 | M39: 0 | N39: 0 | O39: 0 | P39: 0 | Q39: =SUM(E39:P39) -> 0
D40: PR | E40: 0 | F40: 0 | G40: 0 | H40: 0 | I40: 0 | J40: 0 | K40: 0 | L40: 0 | M40: 0 | N40: 0 | O40: 0 | P40: 0 | Q40: =SUM(E40:P40) -> 0
D41: JML | E41: =SUM(E39:E40) -> 0 | F41: =SUM(F39:F40) -> 0 | G41: =SUM(G39:G40) -> 0 | H41: =SUM(H39:H40) -> 0 | I41: =SUM(I39:I40) -> 0 | J41: =SUM(J39:J40) -> 0 | K41: =SUM(K39:K40) -> 0 | L41: =SUM(L39:L40) -> 0 | ... P41: =SUM(P39:P40) -> 0 | Q41: =SUM(E41:P41) -> 0
A43: IV | B43: DATA RINCIAN PEROLEHAN SUARA PASANGAN CALON BUPATI DAN WAKIL BUPATI
A44: NOMOR DAN NAMA CALON
A45: A.1 | B45: 1. | C45: Partai Kebangkitan Bangsa | E45: 11 | F45: 2 | G45: 10 | H45: 3 | I45: 6 | J45: 3 | K45: 3 | L45: 1 | M45: 0 | N45: 3 | O45: 0 | P45: 4 | Q45: =SUM(E45:P45) -> 46
A46: A.2 | B46: 1 | C46: 1. Dr. Hj. NIHAYATUL WAFIROH, M.A. | E46: 14 | F46: 6 | G46: 22 | H46: 6 | I46: 22 | J46: 20 | K46: 3 | L46: 4 | M46: 1 | N46: 2 | O46: 5 | P46: 28 | Q46: =SUM(E46:P46) -> 133
B47: 2 | C47: 2. H. M. NASIM KHAN | E47: 0 | F47: 1 | G47: 1 | H47: 0 | I47: 4 | J47: 0 | K47: 0 | L47: 0 | M47: 0 | N47: 0 | O47: 0 | P47: 0 | Q47: =SUM(E47:P47) -> 6
B48: 3 | C48: 3. Dr. H. AKIK ZAMAN, M.Pd.I. | E48: 0 | F48: 0 | G48: 0 | H48: 1 | I48: 2 | J48: 0 | K48: 0 | L48: 1 | M48: 0 | N48: 0 | O48: 0 | P48: 0 | Q48: =SUM(E48:P48) -> 4
B49: 4 | C49: 4. AHMAD RIFA'I, S.H. | E49: 1 | F49: 1 | G49: 0 | H49: 0 | I49: 0 | J49: 0 | K49: 0 | L49: 0 | M49: 0 | N49: 0 | O49: 0 | P49: 2 | Q49: =SUM(E49:P49) -> 4
B50: 5 | C50: 5. Drs. H. MAHFUD M.N. | E50: 0 | F50: 0 | G50: 0 | H50: 0 | I50: 4 | J50: 0 | K50: 0 | L50: 0 | M50: 0 | N50: 0 | O50: 0 | P50: 0 | Q50: =SUM(E50:P50) -> 4
B51: 6 | C51: 6. NURHAYATI, S.Pd. | E51: 0 | F51: 0 | G51: 0 | H51: 0 | I51: 1 | J51: 1 | K51: 0 | L51: 0 | M51: 0 | N51: 0 | O51: 0 | P51: 0 | Q51: =SUM(E51:P51) -> 2
B52: 7 | C52: 7. MAFTUHA KISWAH | E52: 0 | F52: 0 | G52: 0 | H52: 0 | I52: 1 | J52: 0 | K52: 0 | L52: 0 | M52: 0 | N52: 0 | O52: 0 | P52: 0 | Q52: =SUM(E52:P52) -> 1
A55: B | B55: JUMLAH SUARA SAH PARTAI POLITIK DAN CALON (A1 + A2) | E55: =SUM(E45:E52) -> 26 | F55: =SUM(F45:F52) -> 10 | G55: =SUM(G45:G52) -> 33 | H55: =SUM(H45:H52) -> 10 | I55: =SUM(I45:I52) -> 40 | J55: =SUM(J45:J52) -> 24 | K55: =SUM(K45:K52) -> 6 | L55: =SUM(L45:L52) -> 6 | ... P55: =SUM(P45:P52) -> 34 | Q55: =SUM(E55:P55) -> 200
A57: A.1 | B57: 2. | C57: Partai Gerakan Indonesia Raya | E57: 9 | F57: 8 | G57: 22 | H57: 16 | I57: 13 | J57: 8 | K57: 12 | L57: 4 | M57: 2 | N57: 8 | O57: 6 | P57: 5 | Q57: =SUM(E57:P57) -> 113
A58: A.2 | B58: 1 | C58: 1. SUMAIL ABDULLAH | E58: 77 | F58: 149 | G58: 86 | H58: 122 | I58: 82 | J58: 85 | K58: 146 | L58: 77 | M58: 77 | N58: 119 | O58: 153 | P58: 100 | Q58: =SUM(E58:P58) -> 1273
B59: 2 | C59: 2. MUHAMMAD ALI ADRIAN SALEH | E59: 2 | F59: 2 | G59: 3 | H59: 2 | I59: 6 | J59: 1 | K59: 1 | L59: 0 | M59: 2 | N59: 0 | O59: 4 | P59: 1 | Q59: =SUM(E59:P59) -> 24
B60: 3 | C60: 3. DURROTUN NAFISAH | E60: 0 | F60: 1 | G60: 0 | H60: 0 | I60: 2 | J60: 0 | K60: 0 | L60: 2 | M60: 0 | N60: 1 | O60: 1 | P60: 0 | Q60: =SUM(E60:P60) -> 7
B61: 4 | C61: 4. H. EKO SUSILO NURHIDAYAT | E61: 0 | F61: 1 | G61: 0 | H61: 1 | I61: 1 | J61: 0 | K61: 0 | L61: 2 | M61: 0 | N61: 0 | O61: 1 | P61: 0 | Q61: =SUM(E61:P61) -> 6
B62: 5 | C62: 5. KARNADI HARIJANTO, S.S. | E62: 0 | F62: 1 | G62: 0 | H62: 0 | I62: 1 | J62: 0 | K62: 0 | L62: 1 | M62: 0 | N62: 0 | O62: 0 | P62: 0 | Q62: =SUM(E62:P62) -> 3
B63: 6 | C63: 6. NURHAYATI | E63: 1 | F63: 1 | G63: 0 | H63: 1 | I63: 2 | J63: 1 | K63: 0 | L63: 1 | M63: 0 | N63: 0 | O63: 0 | P63: 0 | Q63: =SUM(E63:P63) -> 7
B64: 7 | C64: 7. MASHUDI | E64: 0 | F64: 0 | G64: 0 | H64: 1 | I64: 0 | J64: 0 | K64: 0 | L64: 0 | M64: 0 | N64: 0 | O64: 0 | P64: 1 | Q64: =SUM(E64:P64) -> 2
A67: B | B67: JUMLAH SUARA SAH PARTAI POLITIK DAN CALON (A1 + A2) | E67: =SUM(E57:E64) -> 89 | F67: =SUM(F57:F64) -> 163 | G67: =SUM(G57:G64) -> 111 | H67: =SUM(H57:H64) -> 143 | I67: =SUM(I57:I64) -> 107 | J67: =SUM(J57:J64) -> 95 | K67: =SUM(K57:K64) -> 159 | L67: =SUM(L57:L64) -> 87 | ... P67: =SUM(P57:P64) -> 107 | Q67: =SUM(E67:P67) -> 1435
A69: A.1 | B69: 3. | C69: Partai Demokrasi Indonesia Perjuangan | E69: 2 | F69: 3 | G69: 4 | H69: 7 | I69: 7 | J69: 7 | K69: 0 | L69: 4 | M69: 5 | N69: 14 | O69: 7 | P69: 11 | Q69: =SUM(E69:P69) -> 71
A70: A.2 | B70: 1 | C70: 1. SONNY TRI DANAPARAMITA, S.H., M.H. | E70: 3 | F70: 3 | G70: 6 | H70: 27 | I70: 8 | J70: 21 | K70: 11 | L70: 18 | M70: 9 | N70: 0 | O70: 1 | P70: 2 | Q70: =SUM(E70:P70) -> 109
B71: 2 | C71: 2. H. MOHAMAD GUNTUR ROMLI | E71: 2 | F71: 0 | G71: 0 | H71: 0 | I71: 2 | J71: 0 | K71: 0 | L71: 3 | M71: 1 | N71: 0 | O71: 1 | P71: 1 | Q71: =SUM(E71:P71) -> 10
B72: 3 | C72: 3. INA AMMANIA | E72: 9 | F72: 3 | G72: 12 | H72: 5 | I72: 19 | J72: 38 | K72: 0 | L72: 2 | M72: 17 | N72: 28 | O72: 29 | P72: 31 | Q72: =SUM(E72:P72) -> 193
B73: 4 | C73: 4. IRWAN BACHTIAR RACHMAT, M.Si. | E73: 0 | F73: 1 | G73: 1 | H73: 0 | I73: 1 | J73: 1 | K73: 0 | L73: 0 | M73: 0 | N73: 0 | O73: 0 | P73: 0 | Q73: =SUM(E73:P73) -> 4
B74: 5 | C74: 5. LUCKY PERDANA | E74: 1 | F74: 1 | G74: 2 | H74: 1 | I74: 1 | J74: 1 | K74: 0 | L74: 1 | M74: 0 | N74: 3 | O74: 1 | P74: 1 | Q74: =SUM(E74:P74) -> 13
B75: 6 | C75: 6. WIWIK PUJIYATI | E75: 0 | F75: 2 | G75: 1 | H75: 0 | I75: 0 | J75: 0 | K75: 0 | L75: 0 | M75: 0 | N75: 1 | O75: 0 | P75: 0 | Q75: =SUM(E75:P75) -> 4
B76: 7 | C76: 7. CHANDRA ASTAN, S.T. | E76: 2 | F76: 1 | G76: 0 | H76: 3 | I76: 2 | J76: 2 | K76: 1 | L76: 6 | M76: 0 | N76: 1 | O76: 0 | P76: 4 | Q76: =SUM(E76:P76) -> 22
A79: B | B79: JUMLAH SUARA SAH PARTAI POLITIK DAN CALON (A1 + A2) | E79: =SUM(E69:E76) -> 19 | F79: =SUM(F69:F76) -> 14 | G79: =SUM(G69:G76) -> 26 | H79: =SUM(H69:H76) -> 43 | I79: =SUM(I69:I76) -> 40 | J79: =SUM(J69:J76) -> 70 | K79: =SUM(K69:K76) -> 12 | L79: =SUM(L69:L76) -> 34 | ... P79: =SUM(P69:P76) -> 50 | Q79: =SUM(E79:P79) -> 426
A81: A.1 | B81: 4. | C81: Partai Golongan Karya | E81: 12 | F81: 2 | G81: 5 | H81: 3 | I81: 3 | J81: 6 | K81: 3 | L81: 3 | M81: 3 | N81: 1 | O81: 5 | P81: 0 | Q81: =SUM(E81:P81) -> 46
A82: A.2 | B82: 1 | C82: 1. ZULFIKAR ARSE SADIKIN, S.I.P., M.Si. | E82: 12 | F82: 2 | G82: 11 | H82: 12 | I82: 5 | J82: 3 | K82: 2 | L82: 47 | M82: 19 | N82: 3 | O82: 4 | P82: 3 | Q82: =SUM(E82:P82) -> 123
B83: 2 | C83: 2. HANDOKO | E83: 10 | F83: 11 | G83: 7 | H83: 8 | I83: 15 | J83: 15 | K83: 11 | L83: 2 | M83: 0 | N83: 3 | O83: 8 | P83: 5 | Q83: =SUM(E83:P83) -> 95
B84: 3 | C84: 3. Hj. OVI DEWI YANTI | E84: 1 | F84: 0 | G84: 0 | H84: 0 | I84: 0 | J84: 0 | K84: 0 | L84: 1 | M84: 0 | N84: 2 | O84: 1 | P84: 0 | Q84: =SUM(E84:P84) -> 5
B85: 4 | C85: 4. Ir. AZAM AZMAN NATAWIJANA | E85: 1 | F85: 2 | G85: 1 | H85: 0 | I85: 1 | J85: 0 | K85: 0 | L85: 0 | M85: 0 | N85: 0 | O85: 0 | P85: 0 | Q85: =SUM(E85:P85) -> 5
B86: 5 | C86: 5. UBAIDILLAH AMIN, S.Kom. | E86: 2 | F86: 0 | G86: 0 | H86: 2 | I86: 1 | J86: 0 | K86: 0 | L86: 0 | M86: 0 | N86: 0 | O86: 1 | P86: 2 | Q86: =SUM(E86:P86) -> 8
B87: 6 | C87: 6. DENNY YUNIANDARI, S.H., M.Kn. | E87: 0 | F87: 0 | G87: 1 | H87: 0 | I87: 0 | J87: 0 | K87: 0 | L87: 0 | M87: 0 | N87: 0 | O87: 0 | P87: 0 | Q87: =SUM(E87:P87) -> 1
B88: 7 | C88: 7. ERNADI, S.H.I. | E88: 0 | F88: 0 | G88: 0 | H88: 0 | I88: 0 | J88: 0 | K88: 0 | L88: 0 | M88: 0 | N88: 0 | O88: 0 | P88: 0 | Q88: =SUM(E88:P88) -> 0
A91: B | B91: JUMLAH SUARA SAH PARTAI POLITIK DAN CALON (A1 + A2) | E91: =SUM(E81:E88) -> 38 | F91: =SUM(F81:F88) -> 17 | G91: =SUM(G81:G88) -> 25 | H91: =SUM(H81:H88) -> 25 | I91: =SUM(I81:I88) -> 25 | J91: =SUM(J81:J88) -> 24 | K91: =SUM(K81:K88) -> 16 | L91: =SUM(L81:L88) -> 53 | ... P91: =SUM(P81:P88) -> 10 | Q91: =SUM(E91:P91) -> 283
A93: A.1 | B93: 5. | C93: Partai NasDem | E93: 0 | F93: 0 | G93: 1 | H93: 1 | I93: 1 | J93: 1 | K93: 0 | L93: 0 | M93: 0 | N93: 0 | O93: 0 | P93: 0 | Q93: =SUM(E93:P93) -> 4
A94: A.2 | B94: 1 | C94: 1. ACH. FADIL MUZAKKI SYAH | E94: 0 | F94: 1 | G94: 0 | H94: 1 | I94: 1 | J94: 0 | K94: 0 | L94: 0 | M94: 1 | N94: 0 | O94: 0 | P94: 0 | Q94: =SUM(E94:P94) -> 4
B95: 2 | C95: 2. BENY | E95: 0 | F95: 1 | G95: 0 | H95: 0 | I95: 0 | J95: 0 | K95: 0 | L95: 0 | M95: 0 | N95: 0 | O95: 0 | P95: 0 | Q95: =SUM(E95:P95) -> 1
B96: 3 | C96: 3. VINA VERONIKA | E96: 0 | F96: 0 | G96: 0 | H96: 1 | I96: 0 | J96: 0 | K96: 0 | L96: 0 | M96: 0 | N96: 0 | O96: 0 | P96: 0 | Q96: =SUM(E96:P96) -> 1
B97: 4 | C97: 4. TEDDY ANUGRIANTO | E97: 0 | F97: 0 | G97: 0 | H97: 1 | I97: 0 | J97: 0 | K97: 0 | L97: 0 | M97: 0 | N97: 0 | O97: 1 | P97: 0 | Q97: =SUM(E97:P97) -> 2
B98: 5 | C98: 5. INSAN KAMIL | E98: 0 | F98: 0 | G98: 0 | H98: 0 | I98: 0 | J98: 0 | K98: 0 | L98: 0 | M98: 0 | N98: 0 | O98: 0 | P98: 0 | Q98: =SUM(E98:P98) -> 0
B99: 6 | C99: 6. LILIK LINDARWATI | E99: 0 | F99: 0 | G99: 0 | H99: 0 | I99: 0 | J99: 0 | K99: 0 | L99: 0 | M99: 0 | N99: 0 | O99: 0 | P99: 0 | Q99: =SUM(E99:P99) -> 0
B100: 7 | C100: 7. YULI ANITA | E100: 0 | F100: 0 | G100: 0 | H100: 0 | I100: 0 | J100: 0 | K100: 0 | L100: 0 | M100: 0 | N100: 0 | O100: 0 | P100: 0 | Q100: =SUM(E100:P100) -> 0
A103: B | B103: JUMLAH SUARA SAH PARTAI POLITIK DAN CALON (A1 + A2) | E103: =SUM(E93:E100) -> 0 | F103: =SUM(F93:F100) -> 2 | G103: =SUM(G93:G100) -> 1 | H103: =SUM(H93:H100) -> 4 | I103: =SUM(I93:I100) -> 2 | J103: =SUM(J93:J100) -> 1 | K103: =SUM(K93:K100) -> 0 | L103: =SUM(L93:L100) -> 0 | ... P103: =SUM(P93:P100) -> 0 | Q103: =SUM(E103:P103) -> 12
A105: A.1 | B105: 6. | C105: Partai Buruh | E105: 0 | F105: 0 | G105: 0 | H105: 0 | I105: 1 | J105: 0 | K105: 0 | L105: 0 | M105: 0 | N105: 0 | O105: 0 | P105: 0 | Q105: =SUM(E105:P105) -> 1
A106: A.2 | B106: 1 | C106: 1. KHOIRUL ANAM | E106: 0 | F106: 0 | G106: 0 | H106: 0 | I106: 0 | J106: 0 | K106: 0 | L106: 0 | M106: 0 | N106: 0 | O106: 0 | P106: 0 | Q106: =SUM(E106:P106) -> 0
B107: 2 | C107: 2. INA KURNIA | E107: 0 | F107: 0 | G107: 0 | H107: 0 | I107: 0 | J107: 0 | K107: 0 | L107: 0 | M107: 0 | N107: 0 | O107: 0 | P107: 0 | Q107: =SUM(E107:P107) -> 0
B108: 3 | C108: 3. JIBRAL TAROUK | E108: 0 | F108: 0 | G108: 0 | H108: 0 | I108: 0 | J108: 0 | K108: 0 | L108: 0 | M108: 0 | N108: 0 | O108: 0 | P108: 0 | Q108: =SUM(E108:P108) -> 0
B109: 4 | C109: 4. ASTUTI DAENG PUJI | E109: 0 | F109: 0 | G109: 0 | H109: 0 | I109: 0 | J109: 0 | K109: 0 | L109: 0 | M109: 0 | N109: 0 | O109: 0 | P109: 0 | Q109: =SUM(E109:P109) -> 0
B110: 5 | C110: 5. ASDARMAWAN | E110: 0 | F110: 0 | G110: 0 | H110: 0 | I110: 0 | J110: 0 | K110: 0 | L110: 0 | M110: 0 | N110: 0 | O110: 0 | P110: 0 | Q110: =SUM(E110:P110) -> 0
B111: 6 | C111: 6. RIFQI MUBAROK | E111: 0 | F111: 0 | G111: 0 | H111: 0 | I111: 0 | J111: 0 | K111: 0 | L111: 0 | M111: 0 | N111: 0 | O111: 0 | P111: 0 | Q111: =SUM(E111:P111) -> 0
B112: 7 | C112: 7. FIRNANDA ALTA MEGA | E112: 0 | F112: 0 | G112: 0 | H112: 0 | I112: 0 | J112: 0 | K112: 0 | L112: 0 | M112: 0 | N112: 0 | O112: 0 | P112: 0 | Q112: =SUM(E112:P112) -> 0
A115: B | B115: JUMLAH SUARA SAH PARTAI POLITIK DAN CALON (A1 + A2) | E115: =SUM(E105:E112) -> 0 | F115: =SUM(F105:F112) -> 0 | G115: =SUM(G105:G112) -> 0 | H115: =SUM(H105:H112) -> 0 | I115: =SUM(I105:I112) -> 1 | J115: =SUM(J105:J112) -> 0 | K115: =SUM(K105:K112) -> 0 | L115: =SUM(L105:L112) -> 0 | ... P115: =SUM(P105:P112) -> 0 | Q115: =SUM(E115:P115) -> 1
A117: A.1 | B117: 7. | C117: Partai Gelombang Rakyat Indonesia | E117: 0 | F117: 0 | G117: 0 | H117: 0 | I117: 0 | J117: 0 | K117: 0 | L117: 0 | M117: 0 | N117: 0 | O117: 0 | P117: 0 | Q117: =SUM(E117:P117) -> 0
A118: A.2 | B118: 1 | C118: 1. TITI WIDORETNO WARISMAN | E118: 0 | F118: 0 | G118: 0 | H118: 0 | I118: 0 | J118: 0 | K118: 0 | L118: 0 | M118: 0 | N118: 0 | O118: 0 | P118: 0 | Q118: =SUM(E118:P118) -> 0
B119: 2 | C119: 2. MAMIEK SETYANINGSIH | E119: 0 | F119: 0 | G119: 0 | H119: 0 | I119: 0 | J119: 0 | K119: 0 | L119: 0 | M119: 0 | N119: 0 | O119: 0 | P119: 0 | Q119: =SUM(E119:P119) -> 0
B120: 3 | C120: 3. ROMIL AZIZEN | E120: 0 | F120: 0 | G120: 0 | H120: 0 | I120: 0 | J120: 0 | K120: 0 | L120: 0 | M120: 0 | N120: 0 | O120: 0 | P120: 0 | Q120: =SUM(E120:P120) -> 0
A127: B | B127: JUMLAH SUARA SAH PARTAI POLITIK DAN CALON (A1 + A2) | E127: =SUM(E117:E120) -> 0 | F127: =SUM(F117:F120) -> 0 | G127: =SUM(G117:G120) -> 0 | H127: =SUM(H117:H120) -> 0 | I127: =SUM(I117:I120) -> 0 | J127: =SUM(J117:J120) -> 0 | K127: =SUM(K117:K120) -> 0 | L127: =SUM(L117:L120) -> 0 | ... P127: =SUM(P117:P120) -> 0 | Q127: =SUM(E127:P127) -> 0
A129: A.1 | B129: 8. | C129: Partai Keadilan Sejahtera | E129: 1 | F129: 4 | G129: 1 | H129: 0 | I129: 0 | J129: 0 | K129: 0 | L129: 0 | M129: 0 | N129: 0 | O129: 0 | P129: 0 | Q129: =SUM(E129:P129) -> 6
A130: A.2 | B130: 1 | C130: 1. H. SAIMI SALEH, S.E., M.M. | E130: 0 | F130: 2 | G130: 2 | H130: 0 | I130: 0 | J130: 2 | K130: 0 | L130: 0 | M130: 0 | N130: 0 | O130: 0 | P130: 1 | Q130: =SUM(E130:P130) -> 7
B131: 2 | C131: 2. Prof. Dr. H. EGGI SUDJANA, S.H., M.Si. | E131: 0 | F131: 0 | G131: 0 | H131: 0 | I131: 0 | J131: 1 | K131: 0 | L131: 0 | M131: 0 | N131: 0 | O131: 0 | P131: 1 | Q131: =SUM(E131:P131) -> 2
B132: 3 | C132: 3. NURUL KHOTIMAH | E132: 0 | F132: 1 | G132: 0 | H132: 0 | I132: 0 | J132: 0 | K132: 0 | L132: 0 | M132: 0 | N132: 0 | O132: 0 | P132: 0 | Q132: =SUM(E132:P132) -> 1
B133: 4 | C133: 4. AKHMAD SUYANTO, S.T., M.T. | E133: 0 | F133: 0 | G133: 0 | H133: 0 | I133: 0 | J133: 0 | K133: 0 | L133: 1 | M133: 0 | N133: 0 | O133: 0 | P133: 0 | Q133: =SUM(E133:P133) -> 1
B134: 5 | C134: 5. PUJIYATNI | E134: 0 | F134: 0 | G134: 0 | H134: 0 | I134: 0 | J134: 0 | K134: 0 | L134: 0 | M134: 1 | N134: 0 | O134: 0 | P134: 0 | Q134: =SUM(E134:P134) -> 1
B135: 6 | C135: 6. HENI PURWATININGSIH | E135: 0 | F135: 0 | G135: 0 | H135: 0 | I135: 0 | J135: 0 | K135: 0 | L135: 0 | M135: 0 | N135: 0 | O135: 0 | P135: 0 | Q135: =SUM(E135:P135) -> 0
B136: 7 | C136: 7. MUHADI | E136: 0 | F136: 0 | G136: 0 | H136: 0 | I136: 0 | J136: 0 | K136: 0 | L136: 0 | M136: 0 | N136: 0 | O136: 0 | P136: 0 | Q136: =SUM(E136:P136) -> 0
...

Sheet PLAMPANGREJO
C2: Kecamatan | D2: CLURING
C3: Kabupaten | D3: BANYUWANGI
C4: Provinsi | D4: JAWA TIMUR
C9: Kelurahan | D9: PLAMPANGREJO
A12: I | B12: DATA PEMILIH DAN PENGGUNAAN HAK PILIH | AE12: JUMLAH AKHIR
A13: A | B13: DATA PEMILIH | E13: TPS 001 | F13: TPS 002 | G13: TPS 003 | H13: TPS 004 | I13: TPS 005 | J13: TPS 006 | K13: TPS 007 | L13: TPS 008 | M13: TPS 009 | N13: TPS 010 | O13: TPS 011 | P13: TPS 012 | Q13: TPS 013 | R13: TPS 014 | S13: TPS 015 | T13: TPS 016 | U13: TPS 017 | V13: TPS 018 | W13: TPS 019 | X13: TPS 020 | Y13: TPS 021 | Z13: TPS 022 | AA13: TPS 023 | AB13: TPS 024 | AC13: TPS 025 | AD13: TPS 026
B14: Jumlah Pemilih dalam Daftar Pemilih Tetap (DPT) | D14: LK | E14: 128 | F14: 141 | G14: 138 | H14: 130 | I14: 137 | J14: 101 | K14: 144 | L14: 119 | M14: 133 | N14: 116 | O14: 121 | P14: 145 | Q14: 148 | R14: 147 | S14: 130 | T14: 136 | U14: 150 | V14: 157 | W14: 148 | X14: 143 | Y14: 152 | Z14: 138 | AA14: 120 | AB14: 109 | AC14: 130 | AD14: 107 | AE14: =SUM(E14:AD14) -> 3468
D15: PR | E15: 130 | F15: 137 | G15: 148 | H15: 121 | I15: 128 | J15: 105 | K15: 140 | L15: 128 | M15: 134 | N15: 125 | O15: 122 | P15: 133 | Q15: 150 | R15: 145 | S15: 134 | T15: 141 | U15: 134 | V15: 141 | W15: 143 | X15: 151 | Y15: 143 | Z15: 150 | AA15: 128 | AB15: 109 | AC15: 139 | AD15: 119 | AE15: =SUM(E15:AD15) -> 3478
D16: JML | E16: 258 | F16: 278 | G16: 286 | H16: 251 | I16: 265 | J16: 206 | K16: 284 | L16: 247 | M16: 267 | N16: 241 | O16: 243 | P16: 278 | Q16: 298 | R16: 292 | S16: 264 | T16: 277 | U16: 284 | V16: 298 | W16: 291 | X16: 294 | Y16: 295 | Z16: 288 | AA16: 248 | AB16: 218 | AC16: 269 | AD16: 226 | AE16: =SUM(E16:AD16) -> 6946
A18: B | B18: PENGGUNA HAK PILIH
B19: 1. | C19: Jumlah pengguna hak pilih dalam Daftar Pemilih Tetap (DPT) | D19: LK | E19: 100 | F19: 106 | G19: 117 | H19: 94 | I19: 103 | J19: 80 | K19: 116 | L19: 89 | M19: 90 | N19: 93 | O19: 93 | P19: 109 | Q19: 114 | R19: 118 | S19: 96 | T19: 102 | U19: 106 | V19: 125 | W19: 119 | X19: 113 | Y19: 112 | Z19: 96 | AA19: 91 | AB19: 89 | AC19: 107 | AD19: 84 | AE19: =SUM(E19:AD19) -> 2662
D20: PR | E20: 108 | F20: 106 | G20: 117 | H20: 98 | I20: 105 | J20: 85 | K20: 119 | L20: 107 | M20: 110 | N20: 98 | O20: 100 | P20: 102 | Q20: 126 | R20: 114 | S20: 106 | T20: 106 | U20: 116 | V20: 110 | W20: 113 | X20: 107 | Y20: 101 | Z20: 113 | AA20: 97 | AB20: 86 | AC20: 112 | AD20: 96 | AE20: =SUM(E20:AD20) -> 2758
D21: JML | E21: 208 | F21: 212 | G21: 234 | H21: 192 | I21: 208 | J21: 165 | K21: 235 | L21: 196 | M21: 200 | N21: 191 | O21: 193 | P21: 211 | Q21: 240 | R21: 232 | S21: =SUM(S19:S20) -> 202 | T21: 208 | U21: 222 | V21: 235 | W21: 232 | X21: 220 | Y21: 213 | Z21: 209 | AA21: 188 | AB21: 175 | AC21: 219 | AD21: 180 | AE21: =SUM(E21:AD21) -> 5420
B22: 2. | C22: Jumlah pengguna hak pilih dalam Daftar Pemilih Tambahan (DPTb) | D22: LK | E22: 0 | F22: 0 | G22: 0 | H22: 0 | I22: 0 | J22: 1 | K22: 1 | L22: 0 | M22: 0 | N22: 0 | O22: 0 | P22: 0 | Q22: 0 | R22: 1 | S22: 1 | T22: 0 | U22: 2 | V22: 0 | W22: 0 | X22: 0 | Y22: 0 | Z22: 0 | AA22: 0 | AB22: 0 | AC22: 0 | AD22: 0 | AE22: =SUM(E22:AD22) -> 6
D23: PR | E23: 0 | F23: 0 | G23: 0 | H23: 0 | I23: 0 | J23: 0 | K23: 1 | L23: 0 | M23: 0 | N23: 1 | O23: 1 | P23: 0 | Q23: 0 | R23: 1 | S23: 0 | T23: 0 | U23: 0 | V23: 1 | W23: 1 | X23: 0 | Y23: 0 | Z23: 0 | AA23: 0 | AB23: 0 | AC23: 0 | AD23: 0 | AE23: =SUM(E23:AD23) -> 6
D24: JML | E24: 0 | F24: 0 | G24: 0 | H24: 0 | I24: 0 | J24: 1 | K24: 2 | L24: 0 | M24: 0 | N24: 1 | O24: 1 | P24: 0 | Q24: 0 | R24: 2 | S24: =SUM(S22:S23) -> 1 | T24: 0 | U24: 2 | V24: 1 | W24: 1 | X24: 0 | Y24: 0 | Z24: 0 | AA24: 0 | AB24: 0 | AC24: 0 | AD24: 0 | AE24: =SUM(E24:AD24) -> 12
B25: 3. | C25: Jumlah pengguna hak pilih dalam Daftar Pemilih Khusus (DPK) | D25: LK | E25: 1 | F25: 1 | G25: 1 | H25: 0 | I25: 1 | J25: 0 | K25: 0 | L25: 0 | M25: 4 | N25: 1 | O25: 0 | P25: 1 | Q25: 0 | R25: 2 | S25: 2 | T25: 0 | U25: 0 | V25: 0 | W25: 1 | X25: 0 | Y25: 0 | Z25: 2 | AA25: 0 | AB25: 0 | AC25: 1 | AD25: 0 | AE25: =SUM(E25:AD25) -> 18
D26: PR | E26: 1 | F26: 1 | G26: 1 | H26: 0 | I26: 2 | J26: 0 | K26: 0 | L26: 0 | M26: 1 | N26: 0 | O26: 1 | P26: 0 | Q26: 0 | R26: 0 | S26: 4 | T26: 1 | U26: 0 | V26: 1 | W26: 0 | X26: 0 | Y26: 1 | Z26: 2 | AA26: 0 | AB26: 0 | AC26: 0 | AD26: 1 | AE26: =SUM(E26:AD26) -> 17
D27: JML | E27: 2 | F27: 2 | G27: 2 | H27: 0 | I27: 3 | J27: 0 | K27: 0 | L27: 0 | M27: 5 | N27: 1 | O27: 1 | P27: 1 | Q27: 0 | R27: 2 | S27: =SUM(S25:S26) -> 6 | T27: 1 | U27: 0 | V27: 1 | W27: 1 | X27: 0 | Y27: 1 | Z27: 4 | AA27: 0 | AB27: 0 | AC27: 1 | AD27: 1 | AE27: =SUM(E27:AD27) -> 35
B28: 4. | C28: Jumlah Pengguna Hak Pilih (B.1+B.2+B.3) | D28: LK | E28: 101 | F28: 107 | G28: 118 | H28: 94 | I28: 104 | J28: 81 | K28: 117 | L28: 89 | M28: 94 | N28: 94 | O28: 93 | P28: 110 | Q28: 114 | R28: 121 | S28: =SUM(S19,S22,S25) -> 99 | T28: 102 | U28: 108 | V28: 125 | W28: 120 | X28: 113 | Y28: 112 | Z28: 98 | AA28: 91 | AB28: 89 | AC28: 108 | AD28: 84 | AE28: =SUM(E28:AD28) -> 2686
D29: PR | E29: 109 | F29: 107 | G29: 118 | H29: 98 | I29: 107 | J29: 85 | K29: 120 | L29: 107 | M29: 111 | N29: 99 | O29: 102 | P29: 102 | Q29: 126 | R29: 115 | S29: =SUM(S20,S23,S26) -> 110 | T29: 107 | U29: 116 | V29: 112 | W29: 114 | X29: 107 | Y29: 102 | Z29: 115 | AA29: 97 | AB29: 86 | AC29: 112 | AD29: 97 | AE29: =SUM(E29:AD29) -> 2781
D30: JML | E30: 210 | F30: 214 | G30: 236 | H30: 192 | I30: 211 | J30: 166 | K30: 237 | L30: 196 | M30: 205 | N30: 193 | O30: 195 | P30: 212 | Q30: 240 | R30: 236 | S30: =SUM(S28:S29) -> 209 | T30: 209 | U30: 224 | V30: 237 | W30: 234 | X30: 220 | Y30: 214 | Z30: 213 | AA30: 188 | AB30: 175 | AC30: 220 | AD30: 181 | AE30: =SUM(E30:AD30) -> 5467
A32: II | B32: DATA PENGGUNAAN SURAT SUARA
A33: 1 | B33: Jumlah surat suara yang diterima, termasuk surat suara cadangan 2,5% dari DPT | E33: 264 | F33: 284 | G33: 262 | H33: 252 | I33: 271 | J33: 212 | K33: 290 | L33: 252 | M33: 273 | N33: 246 | O33: 248 | P33: 284 | Q33: 304 | R33: 298 | S33: 270 | T33: 283 | U33: 290 | V33: 304 | W33: 297 | X33: 300 | Y33: 292 | Z33: 294 | AA33: 253 | AB33: 223 | AC33: 275 | AD33: 253 | AE33: =SUM(E33:AD33) -> 7074
A34: 2 | B34: Jumlah surat suara yang digunakan | E34: 210 | F34: 214 | G34: 236 | H34: 192 | I34: 211 | J34: 166 | K34: 237 | L34: 196 | M34: 205 | N34: 193 | O34: 195 | P34: 212 | Q34: 240 | R34: 236 | S34: 209 | T34: 209 | U34: 224 | V34: 237 | W34: 234 | X34: 220 | Y34: 214 | Z34: 213 | AA34: 188 | AB34: 175 | AC34: 220 | AD34: 181 | AE34: =SUM(E34:AD34) -> 5467
A35: 3 | B35: Jumlah surat suara dikembalikan oleh pemilih (karena rusak atau keliru coblos) | E35: 0 | F35: 0 | G35: 2 | H35: 1 | I35: 0 | J35: 0 | K35: 0 | L35: 0 | M35: 0 | N35: 1 | O35: 0 | P35: 2 | Q35: 1 | R35: 0 | S35: 0 | T35: 0 | U35: 0 | V35: 0 | W35: 0 | X35: 0 | Y35: 1 | Z35: 0 | AA35: 0 | AB35: 3 | AC35: 0 | AD35: 0 | AE35: =SUM(E35:AD35) -> 11
A36: 4 | B36: Jumlah surat suara yang tidak digunakan/tidak terpakai, termasuk sisa surat suara cadangan | E36: 54 | F36: 70 | G36: 24 | H36: 59 | I36: 60 | J36: 46 | K36: 53 | L36: 56 | M36: 68 | N36: 52 | O36: 53 | P36: 70 | Q36: 63 | R36: 62 | S36: 61 | T36: 74 | U36: 66 | V36: 67 | W36: 63 | X36: 80 | Y36: 77 | Z36: 81 | AA36: 65 | AB36: 45 | AC36: 55 | AD36: 72 | AE36: =SUM(E36:AD36) -> 1596
A38: III | B38: DATA PEMILIH DISABILITAS
B39: Jumlah seluruh Pemilih disabilitas yang menggunakan hak pilih | D39: LK | E39: 1 | F39: 0 | G39: 0 | H39: 0 | I39: 0 | J39: 0 | K39: 0 | L39: 0 | M39: 0 | N39: 0 | O39: 0 | P39: 5 | Q39: 0 | R39: 0 | S39: 0 | T39: 0 | U39: 0 | V39: 0 | W39: 0 | X39: 0 | Y39: 0 | Z39: 0 | AA39: 0 | AB39: 0 | AC39: 0 | AD39: 0 | AE39: =SUM(E39:AD39) -> 6
D40: PR | E40: 0 | F40: 0 | G40: 0 | H40: 0 | I40: 0 | J40: 0 | K40: 0 | L40: 0 | M40: 0 | N40: 0 | O40: 0 | P40: 4 | Q40: 0 | R40: 0 | S40: 0 | T40: 0 | U40: 0 | V40: 0 | W40: 0 | X40: 0 | Y40: 0 | Z40: 0 | AA40: 0 | AB40: 0 | AC40: 0 | AD40: 0 | AE40: =SUM(E40:AD40) -> 4
D41: JML | E41: 1 | F41: 0 | G41: 0 | H41: 0 | I41: 0 | J41: 0 | K41: 0 | L41: 0 | M41: 0 | N41: 0 | O41: 0 | P41: 9 | Q41: 0 | R41: 0 | S41: 0 | T41: =SUM(T39:T40) -> 0 | U41: =SUM(U39:U40) -> 0 | V41: =SUM(V39:V40) -> 0 | W41: =SUM(W39:W40) -> 0 | X41: =SUM(X39:X40) -> 0 | Y41: =SUM(Y39:Y40) -> 0 | Z41: =SUM(Z39:Z40) -> 0 | AA41: =SUM(AA39:AA40) -> 0 | ... AD41: =SUM(AD39:AD40) -> 0 | AE41: =SUM(E41:AD41) -> 10
A43: IV | B43: DATA RINCIAN PEROLEHAN SUARA PASANGAN CALON BUPATI DAN WAKIL BUPATI
A44: NOMOR DAN NAMA CALON
A45: A.1 | B45: 1. | C45: Partai Kebangkitan Bangsa | E45: 4 | F45: 1 | G45: 4 | H45: 1 | I45: 5 | J45: 1 | K45: 5 | L45: 11 | M45: 9 | N45: 6 | O45: 6 | P45: 5 | Q45: 2 | R45: 5 | S45: 15 | T45: 10 | U45: 15 | V45: 4 | W45: 3 | X45: 6 | Y45: 7 | Z45: 6 | AA45: 16 | AB45: 3 | AC45: 17 | AD45: 1 | AE45: =SUM(E45:AD45) -> 168
A46: A.2 | B46: 1 | C46: 1. Dr. Hj. NIHAYATUL WAFIROH, M.A. | E46: 1 | F46: 4 | G46: 11 | H46: 5 | I46: 14 | J46: 6 | K46: 9 | L46: 37 | M46: 68 | N46: 59 | O46: 38 | P46: 1 | Q46: 9 | R46: 25 | S46: 42 | T46: 42 | U46: 39 | V46: 6 | W46: 7 | X46: 11 | Y46: 12 | Z46: 39 | AA46: 63 | AB46: 9 | AC46: 48 | AD46: 16 | AE46: =SUM(E46:AD46) -> 621
B47: 2 | C47: 2. H. M. NASIM KHAN | E47: 1 | F47: 1 | G47: 1 | H47: 1 | I47: 2 | J47: 1 | K47: 2 | L47: 4 | M47: 6 | N47: 0 | O47: 1 | P47: 1 | Q47: 2 | R47: 2 | S47: 1 | T47: 3 | U47: 5 | V47: 1 | W47: 0 | X47: 2 | Y47: 5 | Z47: 7 | AA47: 5 | AB47: 0 | AC47: 3 | AD47: 10 | AE47: =SUM(E47:AD47) -> 67
B48: 3 | C48: 3. Dr. H. AKIK ZAMAN, M.Pd.I. | E48: 0 | F48: 1 | G48: 1 | H48: 1 | I48: 2 | J48: 0 | K48: 1 | L48: 1 | M48: 1 | N48: 0 | O48: 2 | P48: 0 | Q48: 0 | R48: 1 | S48: 2 | T48: 0 | U48: 0 | V48: 1 | W48: 1 | X48: 1 | Y48: 0 | Z48: 1 | AA48: 6 | AB48: 1 | AC48: 1 | AD48: 1 | AE48: =SUM(E48:AD48) -> 26
B49: 4 | C49: 4. AHMAD RIFA'I, S.H. | E49: 0 | F49: 2 | G49: 0 | H49: 0 | I49: 0 | J49: 1 | K49: 0 | L49: 2 | M49: 1 | N49: 2 | O49: 0 | P49: 1 | Q49: 0 | R49: 0 | S49: 0 | T49: 0 | U49: 2 | V49: 0 | W49: 0 | X49: 0 | Y49: 1 | Z49: 1 | AA49: 0 | AB49: 1 | AC49: 0 | AD49: 1 | AE49: =SUM(E49:AD49) -> 15
B50: 5 | C50: 5. Drs. H. MAHFUD M.N. | E50: 0 | F50: 1 | G50: 0 | H50: 1 | I50: 3 | J50: 0 | K50: 1 | L50: 0 | M50: 0 | N50: 0 | O50: 0 | P50: 0 | Q50: 0 | R50: 0 | S50: 0 | T50: 0 | U50: 1 | V50: 0 | W50: 1 | X50: 0 | Y50: 0 | Z50: 1 | AA50: 2 | AB50: 0 | AC50: 3 | AD50: 0 | AE50: =SUM(E50:AD50) -> 14
B51: 6 | C51: 6. NURHAYATI, S.Pd. | E51: 1 | F51: 0 | G51: 0 | H51: 0 | I51: 0 | J51: 0 | K51: 0 | L51: 1 | M51: 1 | N51: 0 | O51: 2 | P51: 0 | Q51: 0 | R51: 0 | S51: 0 | T51: 1 | U51: 0 | V51: 0 | W51: 0 | X51: 0 | Y51: 1 | Z51: 3 | AA51: 0 | AB51: 0 | AC51: 1 | AD51: 0 | AE51: =SUM(E51:AD51) -> 11
B52: 7 | C52: 7. MAFTUHA KISWAH | E52: 0 | F52: 0 | G52: 0 | H52: 0 | I52: 0 | J52: 0 | K52: 0 | L52: 0 | M52: 0 | N52: 0 | O52: 0 | P52: 0 | Q52: 0 | R52: 0 | S52: 0 | T52: 0 | U52: 0 | V52: 0 | W52: 0 | X52: 0 | Y52: 1 | Z52: 0 | AA52: 1 | AB52: 0 | AC52: 0 | AD52: 0 | AE52: =SUM(E52:AD52) -> 2
A55: B | B55: JUMLAH SUARA SAH PARTAI POLITIK DAN CALON (A1 + A2) | E55: =SUM(E45:E52) -> 7 | F55: =SUM(F45:F52) -> 10 | G55: =SUM(G45:G52) -> 17 | H55: =SUM(H45:H52) -> 9 | I55: =SUM(I45:I52) -> 26 | J55: =SUM(J45:J52) -> 9 | K55: =SUM(K45:K52) -> 18 | L55: =SUM(L45:L52) -> 56 | ... AD55: =SUM(AD45:AD52) -> 29 | AE55: =SUM(E55:AD55) -> 924
A57: A.1 | B57: 2. | C57: Partai Gerakan Indonesia Raya | E57: 8 | F57: 6 | G57: 5 | H57: 4 | I57: 11 | J57: 0 | K57: 6 | L57: 4 | M57: 6 | N57: 7 | O57: 6 | P57: 12 | Q57: 6 | R57: 3 | S57: 6 | T57: 13 | U57: 16 | V57: 6 | W57: 4 | X57: 13 | Y57: 8 | Z57: 8 | AA57: 9 | AB57: 6 | AC57: 18 | AD57: 8 | AE57: =SUM(E57:AD57) -> 199
A58: A.2 | B58: 1 | C58: 1. SUMAIL ABDULLAH | E58: 50 | F58: 31 | G58: 6 | H58: 17 | I58: 26 | J58: 8 | K58: 20 | L58: 20 | M58: 16 | N58: 5 | O58: 7 | P58: 33 | Q58: 5 | R58: 1 | S58: 4 | T58: 9 | U58: 35 | V58: 21 | W58: 7 | X58: 14 | Y58: 2 | Z58: 12 | AA58: 6 | AB58: 5 | AC58: 7 | AD58: 19 | AE58: =SUM(E58:AD58) -> 386
B59: 2 | C59: 2. MUHAMMAD ALI ADRIAN SALEH | E59: 3 | F59: 0 | G59: 0 | H59: 1 | I59: 5 | J59: 0 | K59: 2 | L59: 1 | M59: 2 | N59: 3 | O59: 0 | P59: 1 | Q59: 1 | R59: 2 | S59: 0 | T59: 3 | U59: 3 | V59: 4 | W59: 1 | X59: 11 | Y59: 7 | Z59: 11 | AA59: 11 | AB59: 6 | AC59: 12 | AD59: 23 | AE59: =SUM(E59:AD59) -> 113
B60: 3 | C60: 3. DURROTUN NAFISAH | E60: 3 | F60: 0 | G60: 0 | H60: 1 | I60: 0 | J60: 1 | K60: 0 | L60: 0 | M60: 1 | N60: 1 | O60: 0 | P60: 1 | Q60: 2 | R60: 1 | S60: 1 | T60: 1 | U60: 1 | V60: 2 | W60: 0 | X60: 2 | Y60: 0 | Z60: 0 | AA60: 0 | AB60: 2 | AC60: 1 | AD60: 0 | AE60: =SUM(E60:AD60) -> 21
B61: 4 | C61: 4. H. EKO SUSILO NURHIDAYAT | E61: 2 | F61: 1 | G61: 0 | H61: 1 | I61: 1 | J61: 0 | K61: 0 | L61: 1 | M61: 1 | N61: 1 | O61: 1 | P61: 0 | Q61: 0 | R61: 1 | S61: 1 | T61: 3 | U61: 0 | V61: 1 | W61: 1 | X61: 0 | Y61: 1 | Z61: 1 | AA61: 0 | AB61: 2 | AC61: 1 | AD61: 1 | AE61: =SUM(E61:AD61) -> 22
B62: 5 | C62: 5. KARNADI HARIJANTO, S.S. | E62: 0 | F62: 0 | G62: 0 | H62: 0 | I62: 1 | J62: 0 | K62: 0 | L62: 0 | M62: 0 | N62: 1 | O62: 0 | P62: 1 | Q62: 0 | R62: 1 | S62: 0 | T62: 0 | U62: 0 | V62: 0 | W62: 0 | X62: 1 | Y62: 0 | Z62: 0 | AA62: 0 | AB62: 1 | AC62: 0 | AD62: 0 | AE62: =SUM(E62:AD62) -> 6
B63: 6 | C63: 6. NURHAYATI | E63: 0 | F63: 0 | G63: 0 | H63: 1 | I63: 2 | J63: 2 | K63: 0 | L63: 0 | M63: 1 | N63: 0 | O63: 0 | P63: 0 | Q63: 1 | R63: 1 | S63: 1 | T63: 2 | U63: 0 | V63: 0 | W63: 2 | X63: 0 | Y63: 0 | Z63: 0 | AA63: 0 | AB63: 0 | AC63: 1 | AD63: 0 | AE63: =SUM(E63:AD63) -> 14
B64: 7 | C64: 7. MASHUDI | E64: 0 | F64: 0 | G64: 0 | H64: 0 | I64: 0 | J64: 0 | K64: 0 | L64: 1 | M64: 1 | N64: 0 | O64: 0 | P64: 0 | Q64: 0 | R64: 0 | S64: 0 | T64: 0 | U64: 0 | V64: 2 | W64: 0 | X64: 0 | Y64: 0 | Z64: 0 | AA64: 0 | AB64: 0 | AC64: 0 | AD64: 0 | AE64: =SUM(E64:AD64) -> 4
A67: B | B67: JUMLAH SUARA SAH PARTAI POLITIK DAN CALON (A1 + A2) | E67: =SUM(E57:E64) -> 66 | F67: =SUM(F57:F64) -> 38 | G67: =SUM(G57:G64) -> 11 | H67: =SUM(H57:H64) -> 25 | I67: =SUM(I57:I64) -> 46 | J67: =SUM(J57:J64) -> 11 | K67: =SUM(K57:K64) -> 28 | L67: =SUM(L57:L64) -> 27 | ... AD67: =SUM(AD57:AD64) -> 51 | AE67: =SUM(E67:AD67) -> 765
A69: A.1 | B69: 3. | C69: Partai Demokrasi Indonesia Perjuangan | E69: 28 | F69: 26 | G69: 35 | H69: 19 | I69: 19 | J69: 6 | K69: 9 | L69: 5 | M69: 5 | N69: 4 | O69: 4 | P69: 7 | Q69: 24 | R69: 21 | S69: 11 | T69: 14 | U69: 5 | V69: 6 | W69: 3 | X69: 15 | Y69: 23 | Z69: 12 | AA69: 3 | AB69: 19 | AC69: 12 | AD69: 3 | AE69: =SUM(E69:AD69) -> 338
A70: A.2 | B70: 1 | C70: 1. SONNY TRI DANAPARAMITA, S.H., M.H. | E70: 21 | F70: 40 | G70: 49 | H70: 31 | I70: 38 | J70: 71 | K70: 66 | L70: 6 | M70: 7 | N70: 3 | O70: 17 | P70: 8 | Q70: 51 | R70: 18 | S70: 11 | T70: 3 | U70: 19 | V70: 45 | W70: 6 | X70: 52 | Y70: 29 | Z70: 23 | AA70: 2 | AB70: 62 | AC70: 15 | AD70: 38 | AE70: =SUM(E70:AD70) -> 731
B71: 2 | C71: 2. H. MOHAMAD GUNTUR ROMLI | E71: 4 | F71: 1 | G71: 9 | H71: 1 | I71: 10 | J71: 2 | K71: 1 | L71: 2 | M71: 1 | N71: 0 | O71: 2 | P71: 0 | Q71: 10 | R71: 1 | S71: 1 | T71: 5 | U71: 0 | V71: 4 | W71: 2 | X71: 8 | Y71: 8 | Z71: 4 | AA71: 1 | AB71: 0 | AC71: 4 | AD71: 2 | AE71: =SUM(E71:AD71) -> 83
B72: 3 | C72: 3. INA AMMANIA | E72: 40 | F72: 43 | G72: 64 | H72: 24 | I72: 36 | J72: 37 | K72: 18 | L72: 26 | M72: 0 | N72: 3 | O72: 8 | P72: 4 | Q72: 11 | R72: 13 | S72: 21 | T72: 22 | U72: 1 | V72: 59 | W72: 71 | X72: 28 | Y72: 18 | Z72: 1 | AA72: 10 | AB72: 2 | AC72: 12 | AD72: 3 | AE72: =SUM(E72:AD72) -> 575
B73: 4 | C73: 4. IRWAN BACHTIAR RACHMAT, M.Si. | E73: 1 | F73: 6 | G73: 0 | H73: 0 | I73: 1 | J73: 1 | K73: 1 | L73: 1 | M73: 0 | N73: 1 | O73: 2 | P73: 0 | Q73: 2 | R73: 2 | S73: 2 | T73: 3 | U73: 2 | V73: 0 | W73: 1 | X73: 2 | Y73: 2 | Z73: 0 | AA73: 0 | AB73: 0 | AC73: 0 | AD73: 0 | AE73: =SUM(E73:AD73) -> 30
B74: 5 | C74: 5. LUCKY PERDANA | E74: 1 | F74: 0 | G74: 0 | H74: 6 | I74: 5 | J74: 4 | K74: 2 | L74: 4 | M74: 1 | N74: 2 | O74: 0 | P74: 1 | Q74: 1 | R74: 0 | S74: 3 | T74: 2 | U74: 0 | V74: 0 | W74: 1 | X74: 1 | Y74: 6 | Z74: 2 | AA74: 0 | AB74: 7 | AC74: 1 | AD74: 4 | AE74: =SUM(E74:AD74) -> 54
B75: 6 | C75: 6. WIWIK PUJIYATI | E75: 0 | F75: 0 | G75: 0 | H75: 0 | I75: 0 | J75: 0 | K75: 0 | L75: 1 | M75: 0 | N75: 0 | O75: 1 | P75: 0 | Q75: 2 | R75: 0 | S75: 0 | T75: 0 | U75: 0 | V75: 0 | W75: 0 | X75: 1 | Y75: 1 | Z75: 0 | AA75: 0 | AB75: 0 | AC75: 0 | AD75: 0 | AE75: =SUM(E75:AD75) -> 6
B76: 7 | C76: 7. CHANDRA ASTAN, S.T. | E76: 5 | F76: 3 | G76: 1 | H76: 7 | I76: 6 | J76: 2 | K76: 1 | L76: 1 | M76: 1 | N76: 0 | O76: 5 | P76: 1 | Q76: 1 | R76: 5 | S76: 3 | T76: 7 | U76: 0 | V76: 1 | W76: 0 | X76: 3 | Y76: 7 | Z76: 1 | AA76: 0 | AB76: 8 | AC76: 0 | AD76: 2 | AE76: =SUM(E76:AD76) -> 71
A79: B | B79: JUMLAH SUARA SAH PARTAI POLITIK DAN CALON (A1 + A2) | E79: =SUM(E69:E76) -> 100 | F79: =SUM(F69:F76) -> 119 | G79: =SUM(G69:G76) -> 158 | H79: =SUM(H69:H76) -> 88 | I79: =SUM(I69:I76) -> 115 | J79: =SUM(J69:J76) -> 123 | K79: =SUM(K69:K76) -> 98 | L79: =SUM(L69:L76) -> 46 | ... AD79: =SUM(AD69:AD76) -> 52 | AE79: =SUM(E79:AD79) -> 1888
A81: A.1 | B81: 4. | C81: Partai Golongan Karya | E81: 1 | F81: 4 | G81: 2 | H81: 1 | I81: 1 | J81: 2 | K81: 3 | L81: 4 | M81: 3 | N81: 4 | O81: 4 | P81: 7 | Q81: 4 | R81: 23 | S81: 3 | T81: 2 | U81: 5 | V81: 1 | W81: 0 | X81: 4 | Y81: 2 | Z81: 4 | AA81: 1 | AB81: 0 | AC81: 3 | AD81: 1 | AE81: =SUM(E81:AD81) -> 89
A82: A.2 | B82: 1 | C82: 1. ZULFIKAR ARSE SADIKIN, S.I.P., M.Si. | E82: 2 | F82: 2 | G82: 0 | H82: 1 | I82: 2 | J82: 5 | K82: 8 | L82: 12 | M82: 38 | N82: 40 | O82: 19 | P82: 41 | Q82: 46 | R82: 13 | S82: 10 | T82: 5 | U82: 7 | V82: 11 | W82: 0 | X82: 2 | Y82: 5 | Z82: 2 | AA82: 0 | AB82: 4 | AC82: 2 | AD82: 5 | AE82: =SUM(E82:AD82) -> 282
B83: 2 | C83: 2. HANDOKO | E83: 2 | F83: 4 | G83: 17 | H83: 4 | I83: 2 | J83: 0 | K83: 8 | L83: 1 | M83: 1 | N83: 9 | O83: 20 | P83: 20 | Q83: 30 | R83: 68 | S83: 21 | T83: 3 | U83: 4 | V83: 3 | W83: 3 | X83: 2 | Y83: 8 | Z83: 3 | AA83: 1 | AB83: 1 | AC83: 0 | AD83: 3 | AE83: =SUM(E83:AD83) -> 238
B84: 3 | C84: 3. Hj. OVI DEWI YANTI | E84: 0 | F84: 0 | G84: 0 | H84: 0 | I84: 0 | J84: 0 | K84: 0 | L84: 0 | M84: 0 | N84: 1 | O84: 0 | P84: 0 | Q84: 0 | R84: 1 | S84: 1 | T84: 0 | U84: 0 | V84: 0 | W84: 0 | X84: 2 | Y84: 0 | Z84: 1 | AA84: 0 | AB84: 1 | AC84: 0 | AD84: 0 | AE84: =SUM(E84:AD84) -> 7
B85: 4 | C85: 4. Ir. AZAM AZMAN NATAWIJANA | E85: 0 | F85: 0 | G85: 0 | H85: 2 | I85: 0 | J85: 2 | K85: 0 | L85: 2 | M85: 0 | N85: 1 | O85: 1 | P85: 2 | Q85: 0 | R85: 0 | S85: 1 | T85: 0 | U85: 0 | V85: 0 | W85: 3 | X85: 0 | Y85: 1 | Z85: 1 | AA85: 1 | AB85: 1 | AC85: 0 | AD85: 0 | AE85: =SUM(E85:AD85) -> 18
B86: 5 | C86: 5. UBAIDILLAH AMIN, S.Kom. | E86: 0 | F86: 0 | G86: 3 | H86: 30 | I86: 0 | J86: 0 | K86: 0 | L86: 0 | M86: 0 | N86: 0 | O86: 1 | P86: 1 | Q86: 0 | R86: 2 | S86: 0 | T86: 0 | U86: 3 | V86: 0 | W86: 0 | X86: 0 | Y86: 1 | Z86: 1 | AA86: 0 | AB86: 0 | AC86: 0 | AD86: 0 | AE86: =SUM(E86:AD86) -> 42
B87: 6 | C87: 6. DENNY YUNIANDARI, S.H., M.Kn. | E87: 0 | F87: 0 | G87: 0 | H87: 0 | I87: 1 | J87: 1 | K87: 0 | L87: 0 | M87: 0 | N87: 0 | O87: 0 | P87: 0 | Q87: 0 | R87: 0 | S87: 0 | T87: 1 | U87: 0 | V87: 0 | W87: 0 | X87: 0 | Y87: 0 | Z87: 0 | AA87: 0 | AB87: 0 | AC87: 0 | AD87: 0 | AE87: =SUM(E87:AD87) -> 3
B88: 7 | C88: 7. ERNADI, S.H.I. | E88: 0 | F88: 0 | G88: 0 | H88: 1 | I88: 0 | J88: 0 | K88: 0 | L88: 0 | M88: 0 | N88: 0 | O88: 0 | P88: 0 | Q88: 0 | R88: 0 | S88: 0 | T88: 0 | U88: 0 | V88: 0 | W88: 0 | X88: 0 | Y88: 0 | Z88: 0 | AA88: 0 | AB88: 0 | AC88: 0 | AD88: 0 | AE88: =SUM(E88:AD88) -> 1
A91: B | B91: JUMLAH SUARA SAH PARTAI POLITIK DAN CALON (A1 + A2) | E91: =SUM(E81:E88) -> 5 | F91: =SUM(F81:F88) -> 10 | G91: =SUM(G81:G88) -> 22 | H91: =SUM(H81:H88) -> 39 | I91: =SUM(I81:I88) -> 6 | J91: =SUM(J81:J88) -> 10 | K91: =SUM(K81:K88) -> 19 | L91: =SUM(L81:L88) -> 19 | ... AD91: =SUM(AD81:AD88) -> 9 | AE91: =SUM(E91:AD91) -> 680
A93: A.1 | B93: 5. | C93: Partai NasDem | E93: 2 | F93: 2 | G93: 0 | H93: 0 | I93: 0 | J93: 1 | K93: 2 | L93: 0 | M93: 1 | N93: 1 | O93: 0 | P93: 5 | Q93: 1 | R93: 0 | S93: 0 | T93: 0 | U93: 1 | V93: 0 | W93: 0 | X93: 0 | Y93: 0 | Z93: 1 | AA93: 0 | AB93: 0 | AC93: 2 | AD93: 0 | AE93: =SUM(E93:AD93) -> 19
A94: A.2 | B94: 1 | C94: 1. ACH. FADIL MUZAKKI SYAH | E94: 7 | F94: 8 | G94: 1 | H94: 0 | I94: 1 | J94: 2 | K94: 5 | L94: 1 | M94: 0 | N94: 0 | O94: 0 | P94: 36 | Q94: 2 | R94: 1 | S94: 1 | T94: 2 | U94: 1 | V94: 1 | W94: 0 | X94: 1 | Y94: 0 | Z94: 0 | AA94: 0 | AB94: 0 | AC94: 3 | AD94: 0 | AE94: =SUM(E94:AD94) -> 73
B95: 2 | C95: 2. BENY | E95: 4 | F95: 4 | G95: 1 | H95: 1 | I95: 0 | J95: 0 | K95: 0 | L95: 0 | M95: 0 | N95: 0 | O95: 1 | P95: 0 | Q95: 0 | R95: 0 | S95: 0 | T95: 0 | U95: 0 | V95: 0 | W95: 0 | X95: 0 | Y95: 0 | Z95: 0 | AA95: 0 | AB95: 1 | AC95: 0 | AD95: 0 | AE95: =SUM(E95:AD95) -> 12
B96: 3 | C96: 3. VINA VERONIKA | E96: 0 | F96: 0 | G96: 0 | H96: 0 | I96: 1 | J96: 0 | K96: 0 | L96: 0 | M96: 0 | N96: 0 | O96: 1 | P96: 0 | Q96: 0 | R96: 0 | S96: 0 | T96: 0 | U96: 0 | V96: 0 | W96: 0 | X96: 1 | Y96: 0 | Z96: 0 | AA96: 0 | AB96: 0 | AC96: 0 | AD96: 0 | AE96: =SUM(E96:AD96) -> 3
B97: 4 | C97: 4. TEDDY ANUGRIANTO | E97: 0 | F97: 1 | G97: 0 | H97: 0 | I97: 0 | J97: 0 | K97: 1 | L97: 2 | M97: 0 | N97: 0 | O97: 0 | P97: 0 | Q97: 0 | R97: 1 | S97: 0 | T97: 0 | U97: 0 | V97: 0 | W97: 0 | X97: 0 | Y97: 0 | Z97: 0 | AA97: 1 | AB97: 1 | AC97: 17 | AD97: 1 | AE97: =SUM(E97:AD97) -> 25
B98: 5 | C98: 5. INSAN KAMIL | E98: 0 | F98: 0 | G98: 0 | H98: 0 | I98: 0 | J98: 0 | K98: 0 | L98: 1 | M98: 0 | N98: 0 | O98: 0 | P98: 0 | Q98: 0 | R98: 0 | S98: 0 | T98: 0 | U98: 0 | V98: 1 | W98: 0 | X98: 0 | Y98: 0 | Z98: 0 | AA98: 0 | AB98: 0 | AC98: 0 | AD98: 1 | AE98: =SUM(E98:AD98) -> 3
B99: 6 | C99: 6. LILIK LINDARWATI | E99: 0 | F99: 1 | G99: 0 | H99: 0 | I99: 0 | J99: 0 | K99: 0 | L99: 0 | M99: 0 | N99: 0 | O99: 0 | P99: 0 | Q99: 0 | R99: 0 | S99: 0 | T99: 0 | U99: 0 | V99: 0 | W99: 0 | X99: 0 | Y99: 0 | Z99: 0 | AA99: 0 | AB99: 0 | AC99: 1 | AD99: 0 | AE99: =SUM(E99:AD99) -> 2
B100: 7 | C100: 7. YULI ANITA | E100: 0 | F100: 0 | G100: 0 | H100: 0 | I100: 0 | J100: 0 | K100: 0 | L100: 0 | M100: 0 | N100: 0 | O100: 0 | P100: 0 | Q100: 0 | R100: 0 | S100: 0 | T100: 0 | U100: 0 | V100: 0 | W100: 0 | X100: 0 | Y100: 0 | Z100: 0 | AA100: 0 | AB100: 0 | AC100: 0 | AD100: 0 | AE100: =SUM(E100:AD100) -> 0
A103: B | B103: JUMLAH SUARA SAH PARTAI POLITIK DAN CALON (A1 + A2) | E103: =SUM(E93:E100) -> 13 | F103: =SUM(F93:F100) -> 16 | G103: =SUM(G93:G100) -> 2 | H103: =SUM(H93:H100) -> 1 | I103: =SUM(I93:I100) -> 2 | J103: =SUM(J93:J100) -> 3 | K103: =SUM(K93:K100) -> 8 | L103: =SUM(L93:L100) -> 4 | ... AD103: =SUM(AD93:AD100) -> 2 | AE103: =SUM(E103:AD103) -> 137
A105: A.1 | B105: 6. | C105: Partai Buruh | E105: 1 | F105: 0 | G105: 0 | H105: 0 | I105: 0 | J105: 0 | K105: 0 | L105: 0 | M105: 0 | N105: 0 | O105: 0 | P105: 0 | Q105: 1 | R105: 0 | S105: 0 | T105: 0 | U105: 0 | V105: 1 | W105: 0 | X105: 0 | Y105: 0 | Z105: 1 | AA105: 1 | AB105: 0 | AC105: 0 | AD105: 0 | AE105: =SUM(E105:AD105) -> 5
A106: A.2 | B106: 1 | C106: 1. KHOIRUL ANAM | E106: 1 | F106: 0 | G106: 0 | H106: 0 | I106: 0 | J106: 0 | K106: 1 | L106: 0 | M106: 0 | N106: 0 | O106: 0 | P106: 0 | Q106: 1 | R106: 0 | S106: 0 | T106: 0 | U106: 0 | V106: 0 | W106: 0 | X106: 0 | Y106: 0 | Z106: 0 | AA106: 0 | AB106: 0 | AC106: 0 | AD106: 0 | AE106: =SUM(E106:AD106) -> 3
B107: 2 | C107: 2. INA KURNIA | E107: 0 | F107: 0 | G107: 0 | H107: 0 | I107: 0 | J107: 0 | K107: 1 | L107: 0 | M107: 0 | N107: 0 | O107: 0 | P107: 0 | Q107: 0 | R107: 0 | S107: 0 | T107: 1 | U107: 0 | V107: 0 | W107: 1 | X107: 0 | Y107: 0 | Z107: 0 | AA107: 0 | AB107: 0 | AC107: 0 | AD107: 0 | AE107: =SUM(E107:AD107) -> 3
B108: 3 | C108: 3. JIBRAL TAROUK | E108: 0 | F108: 0 | G108: 0 | H108: 0 | I108: 0 | J108: 0 | K108: 0 | L108: 0 | M108: 0 | N108: 0 | O108: 1 | P108: 0 | Q108: 0 | R108: 0 | S108: 0 | T108: 0 | U108: 0 | V108: 0 | W108: 0 | X108: 0 | Y108: 0 | Z108: 0 | AA108: 0 | AB108: 0 | AC108: 1 | AD108: 0 | AE108: =SUM(E108:AD108) -> 2
B109: 4 | C109: 4. ASTUTI DAENG PUJI | E109: 0 | F109: 0 | G109: 0 | H109: 0 | I109: 0 | J109: 0 | K109: 0 | L109: 0 | M109: 0 | N109: 0 | O109: 0 | P109: 0 | Q109: 0 | R109: 0 | S109: 0 | T109: 0 | U109: 0 | V109: 1 | W109: 0 | X109: 0 | Y109: 0 | Z109: 0 | AA109: 0 | AB109: 0 | AC109: 0 | AD109: 0 | AE109: =SUM(E109:AD109) -> 1
B110: 5 | C110: 5. ASDARMAWAN | E110: 0 | F110: 0 | G110: 0 | H110: 0 | I110: 0 | J110: 0 | K110: 0 | L110: 0 | M110: 0 | N110: 0 | O110: 0 | P110: 0 | Q110: 0 | R110: 0 | S110: 0 | T110: 0 | U110: 0 | V110: 0 | W110: 0 | X110: 0 | Y110: 0 | Z110: 1 | AA110: 0 | AB110: 0 | AC110: 0 | AD110: 0 | AE110: =SUM(E110:AD110) -> 1
B111: 6 | C111: 6. RIFQI MUBAROK | E111: 0 | F111: 0 | G111: 0 | H111: 0 | I111: 0 | J111: 0 | K111: 0 | L111: 0 | M111: 0 | N111: 0 | O111: 0 | P111: 0 | Q111: 0 | R111: 0 | S111: 0 | T111: 0 | U111: 0 | V111: 1 | W111: 0 | X111: 0 | Y111: 0 | Z111: 1 | AA111: 0 | AB111: 0 | AC111: 0 | AD111: 0 | AE111: =SUM(E111:AD111) -> 2
B112: 7 | C112: 7. FIRNANDA ALTA MEGA | E112: 0 | F112: 0 | G112: 0 | H112: 0 | I112: 0 | J112: 0 | K112: 0 | L112: 0 | M112: 0 | N112: 0 | O112: 1 | P112: 0 | Q112: 0 | R112: 0 | S112: 0 | T112: 0 | U112: 0 | V112: 0 | W112: 0 | X112: 0 | Y112: 0 | Z112: 0 | AA112: 0 | AB112: 0 | AC112: 0 | AD112: 0 | AE112: =SUM(E112:AD112) -> 1
A115: B | B115: JUMLAH SUARA SAH PARTAI POLITIK DAN CALON (A1 + A2) | E115: =SUM(E105:E112) -> 2 | F115: =SUM(F105:F112) -> 0 | G115: =SUM(G105:G112) -> 0 | H115: =SUM(H105:H112) -> 0 | I115: =SUM(I105:I112) -> 0 | J115: =SUM(J105:J112) -> 0 | K115: =SUM(K105:K112) -> 2 | L115: =SUM(L105:L112) -> 0 | ... AD115: =SUM(AD105:AD112) -> 0 | AE115: =SUM(E115:AD115) -> 18
A117: A.1 | B117: 7. | C117: Partai Gelombang Rakyat Indonesia | E117: 2 | F117: 0 | G117: 0 | H117: 0 | I117: 0 | J117: 0 | K117: 1 | L117: 1 | M117: 1 | N117: 0 | O117: 0 | P117: 0 | Q117: 0 | R117: 1 | S117: 0 | T117: 0 | U117: 0 | V117: 1 | W117: 0 | X117: 2 | Y117: 1 | Z117: 1 | AA117: 0 | AB117: 0 | AC117: 1 | AD117: 0 | AE117: 12
A118: A.2 | B118: 1 | C118: 1. TITI WIDORETNO WARISMAN | E118: 0 | F118: 0 | G118: 0 | H118: 2 | I118: 0 | J118: 0 | K118: 1 | L118: 0 | M118: 1 | N118: 0 | O118: 0 | P118: 0 | Q118: 0 | R118: 0 | S118: 0 | T118: 0 | U118: 1 | V118: 0 | W118: 1 | X118: 0 | Y118: 0 | Z118: 1 | AA118: 0 | AB118: 0 | AC118: 0 | AD118: 0 | AE118: 7
B119: 2 | C119: 2. MAMIEK SETYANINGSIH | E119: 0 | F119: 0 | G119: 0 | H119: 0 | I119: 0 | J119: 0 | K119: 1 | L119: 0 | M119: 0 | N119: 0 | O119: 0 | P119: 0 | Q119: 0 | R119: 0 | S119: 0 | T119: 0 | U119: 0 | V119: 0 | W119: 0 | X119: 0 | Y119: 0 | Z119: 0 | AA119: 0 | AB119: 0 | AC119: 0 | AD119: 0 | AE119: 1
B120: 3 | C120: 3. ROMIL AZIZEN | E120: 0 | F120: 1 | G120: 0 | H120: 0 | I120: 0 | J120: 0 | K120: 0 | L120: 0 | M120: 0 | N120: 0 | O120: 1 | P120: 0 | Q120: 0 | R120: 0 | S120: 0 | T120: 0 | U120: 0 | V120: 0 | W120: 0 | X120: 0 | Y120: 0 | Z120: 0 | AA120: 0 | AB120: 0 | AC120: 0 | AD120: 0 | AE120: 2
A127: B | B127: JUMLAH SUARA SAH PARTAI POLITIK DAN CALON (A1 + A2) | E127: =SUM(E117:E120) -> 2 | F127: =SUM(F117:F120) -> 1 | G127: =SUM(G117:G120) -> 0 | H127: =SUM(H117:H120) -> 2 | I127: =SUM(I117:I120) -> 0 | J127: =SUM(J117:J120) -> 0 | K127: =SUM(K117:K120) -> 3 | L127: =SUM(L117:L120) -> 1 | ... AD127: =SUM(AD117:AD120) -> 0 | AE127: =SUM(E127:AD127) -> 22
A129: A.1 | B129: 8. | C129: Partai Keadilan Sejahtera | E129: 0 | F129: 0 | G129: 2 | H129: 0 | I129: 0 | J129: 0 | K129: 2 | L129: 0 | M129: 0 | N129: 0 | O129: 0 | P129: 0 | Q129: 0 | R129: 1 | S129: 2 | T129: 0 | U129: 1 | V129: 0 | W129: 1 | X129: 0 | Y129: 0 | Z129: 1 | AA129: 0 | AB129: 0 | AC129: 0 | AD129: 0 | AE129: 10
A130: A.2 | B130: 1 | C130: 1. H. SAIMI SALEH, S.E., M.M. | E130: 0 | F130: 0 | G130: 1 | H130: 0 | I130: 0 | J130: 0 | K130: 1 | L130: 3 | M130: 0 | N130: 0 | O130: 0 | P130: 0 | Q130: 0 | R130: 0 | S130: 0 | T130: 0 | U130: 0 | V130: 1 | W130: 2 | X130: 0 | Y130: 0 | Z130: 1 | AA130: 0 | AB130: 1 | AC130: 0 | AD130: 2 | AE130: 12
B131: 2 | C131: 2. Prof. Dr. H. EGGI SUDJANA, S.H., M.Si. | E131: 0 | F131: 0 | G131: 0 | H131: 0 | I131: 0 | J131: 0 | K131: 1 | L131: 0 | M131: 0 | N131: 1 | O131: 0 | P131: 0 | Q131: 0 | R131: 0 | S131: 0 | T131: 1 | U131: 1 | V131: 0 | W131: 1 | X131: 0 | Y131: 0 | Z131: 0 | AA131: 0 | AB131: 0 | AC131: 0 | AD131: 3 | AE131: 8
B132: 3 | C132: 3. NURUL KHOTIMAH | E132: 0 | F132: 0 | G132: 0 | H132: 0 | I132: 0 | J132: 0 | K132: 0 | L132: 1 | M132: 0 | N132: 0 | O132: 0 | P132: 0 | Q132: 0 | R132: 1 | S132: 0 | T132: 0 | U132: 0 | V132: 0 | W132: 0 | X132: 0 | Y132: 0 | Z132: 0 | AA132: 0 | AB132: 0 | AC132: 0 | AD132: 0 | AE132: 2
B133: 4 | C133: 4. AKHMAD SUYANTO, S.T., M.T. | E133: 0 | F133: 0 | G133: 0 | H133: 0 | I133: 0 | J133: 0 | K133: 0 | L133: 0 | M133: 0 | N133: 0 | O133: 0 | P133: 0 | Q133: 0 | R133: 0 | S133: 1 | T133: 0 | U133: 0 | V133: 0 | W133: 0 | X133: 0 | Y133: 0 | Z133: 0 | AA133: 0 | AB133: 0 | AC133: 0 | AD133: 0 | AE133: 1
B134: 5 | C134: 5. PUJIYATNI | E134: 0 | F134: 0 | G134: 0 | H134: 0 | I134: 0 | J134: 0 | K134: 0 | L134: 0 | M134: 0 | N134: 0 | O134: 0 | P134: 0 | Q134: 0 | R134: 0 | S134: 0 | T134: 0 | U134: 0 | V134: 0 | W134: 0 | X134: 0 | Y134: 0 | Z134: 0 | AA134: 0 | AB134: 0 | AC134: 0 | AD134: 0 | AE134: 0
B135: 6 | C135: 6. HENI PURWATININGSIH | E135: 0 | F135: 0 | G135: 0 | H135: 0 | I135: 0 | J135: 0 | K135: 0 | L135: 0 | M135: 0 | N135: 0 | O135: 0 | P135: 0 | Q135: 0 | R135: 0 | S135: 0 | T135: 0 | U135: 0 | V135: 0 | W135: 0 | X135: 0 | Y135: 0 | Z135: 0 | AA135: 0 | AB135: 0 | AC135: 0 | AD135: 0 | AE135: 0
B136: 7 | C136: 7. MUHADI | E136: 0 | F136: 0 | G136: 0 | H136: 0 | I136: 0 | J136: 0 | K136: 0 | L136: 0 | M136: 0 | N136: 0 | O136: 0 | P136: 0 | Q136: 0 | R136: 0 | S136: 0 | T136: 0 | U136: 0 | V136: 0 | W136: 0 | X136: 0 | Y136: 0 | Z136: 0 | AA136: 0 | AB136: 0 | AC136: 0 | AD136: 1 | AE136: 1
...

Sheet SARIMULYO
C2: Kecamatan | D2: CLURING
C3: Kabupaten | D3: BANYUWANGI
C4: Provinsi | D4: JAWA TIMUR
C9: Kelurahan | D9: SARIMULYO
A12: I | B12: DATA PEMILIH DAN PENGGUNAAN HAK PILIH | AA12: JUMLAH AKHIR
A13: A | B13: DATA PEMILIH | E13: TPS 001 | F13: TPS 002 | G13: TPS 003 | H13: TPS 004 | I13: TPS 005 | J13: TPS 006 | K13: TPS 007 | L13: TPS 008 | M13: TPS 009 | N13: TPS 010 | O13: TPS 011 | P13: TPS 012 | Q13: TPS 013 | R13: TPS 014 | S13: TPS 015 | T13: TPS 016 | U13: TPS 017 | V13: TPS 018 | W13: TPS 019 | X13: TPS 020 | Y13: TPS 021 | Z13: TPS 022
B14: Jumlah Pemilih dalam Daftar Pemilih Tetap (DPT) | D14: LK | E14: 143 | F14: 119 | G14: 113 | H14: 127 | I14: 135 | J14: 129 | K14: 128 | L14: 102 | M14: 122 | N14: 114 | O14: 136 | P14: 113 | Q14: 124 | R14: 135 | S14: 125 | T14: 110 | U14: 115 | V14: 126 | W14: 143 | X14: 155 | Y14: 143 | Z14: 137 | AA14: =SUM(E14:Z14) -> 2794
D15: PR | E15: 125 | F15: 134 | G15: 114 | H15: 133 | I15: 137 | J15: 152 | K15: 136 | L15: 110 | M15: 120 | N15: 117 | O15: 129 | P15: 135 | Q15: 118 | R15: 137 | S15: 122 | T15: 115 | U15: 114 | V15: 139 | W15: 137 | X15: 142 | Y15: 149 | Z15: 132 | AA15: =SUM(E15:Z15) -> 2847
D16: JML | E16: 268 | F16: 253 | G16: 227 | H16: 260 | I16: 272 | J16: 281 | K16: 264 | L16: 212 | M16: 242 | N16: 231 | O16: 265 | P16: 248 | Q16: 242 | R16: 272 | S16: 247 | T16: 225 | U16: 229 | V16: 265 | W16: 280 | X16: 297 | Y16: 292 | Z16: 269 | AA16: =SUM(E16:Z16) -> 5641
A18: B | B18: PENGGUNA HAK PILIH
B19: 1. | C19: Jumlah pengguna hak pilih dalam Daftar Pemilih Tetap (DPT) | D19: LK | E19: 103 | F19: 93 | G19: 79 | H19: 82 | I19: 98 | J19: 95 | K19: 91 | L19: 71 | M19: 92 | N19: 78 | O19: 103 | P19: 94 | Q19: 96 | R19: 96 | S19: 88 | T19: 78 | U19: 94 | V19: 85 | W19: 85 | X19: 119 | Y19: 103 | Z19: 115 | AA19: =SUM(E19:Z19) -> 2038
D20: PR | E20: 104 | F20: 113 | G20: 88 | H20: 106 | I20: 104 | J20: 124 | K20: 107 | L20: 74 | M20: 101 | N20: 84 | O20: 103 | P20: 113 | Q20: 97 | R20: 111 | S20: 94 | T20: 87 | U20: 87 | V20: 118 | W20: 118 | X20: 122 | Y20: 122 | Z20: 113 | AA20: =SUM(E20:Z20) -> 2290
D21: JML | E21: 207 | F21: 206 | G21: 167 | H21: 188 | I21: 202 | J21: 219 | K21: 198 | L21: 145 | M21: 193 | N21: 162 | O21: 206 | P21: 207 | Q21: 193 | R21: 207 | S21: 182 | T21: 165 | U21: 181 | V21: 203 | W21: 203 | X21: 241 | Y21: 225 | Z21: 228 | AA21: =SUM(E21:Z21) -> 4328
B22: 2. | C22: Jumlah pengguna hak pilih dalam Daftar Pemilih Tambahan (DPTb) | D22: LK | E22: 0 | F22: 0 | G22: 0 | H22: 0 | I22: 0 | J22: 0 | K22: 1 | L22: 0 | M22: 0 | N22: 0 | O22: 0 | P22: 0 | Q22: 0 | R22: 0 | S22: 0 | T22: 0 | U22: 0 | V22: 0 | W22: 0 | X22: 0 | Y22: 0 | Z22: 0 | AA22: =SUM(E22:Z22) -> 1
D23: PR | E23: 0 | F23: 0 | G23: 0 | H23: 0 | I23: 0 | J23: 0 | K23: 0 | L23: 0 | M23: 0 | N23: 0 | O23: 0 | P23: 0 | Q23: 0 | R23: 0 | S23: 0 | T23: 0 | U23: 0 | V23: 0 | W23: 0 | X23: 0 | Y23: 0 | Z23: 0 | AA23: =SUM(E23:Z23) -> 0
D24: JML | E24: 0 | F24: 0 | G24: 0 | H24: 0 | I24: 0 | J24: 0 | K24: 1 | L24: 0 | M24: 0 | N24: 0 | O24: 0 | P24: 0 | Q24: 0 | R24: 0 | S24: 0 | T24: 0 | U24: 0 | V24: 0 | W24: 0 | X24: 0 | Y24: 0 | Z24: 0 | AA24: =SUM(E24:Z24) -> 1
B25: 3. | C25: Jumlah pengguna hak pilih dalam Daftar Pemilih Khusus (DPK) | D25: LK | E25: 3 | F25: 1 | G25: 2 | H25: 0 | I25: 2 | J25: 3 | K25: 1 | L25: 1 | M25: 1 | N25: 2 | O25: 0 | P25: 0 | Q25: 2 | R25: 3 | S25: 2 | T25: 0 | U25: 1 | V25: 2 | W25: 2 | X25: 0 | Y25: 0 | Z25: 0 | AA25: =SUM(E25:Z25) -> 28
D26: PR | E26: 2 | F26: 3 | G26: 2 | H26: 1 | I26: 2 | J26: 2 | K26: 0 | L26: 3 | M26: 4 | N26: 3 | O26: 3 | P26: 3 | Q26: 2 | R26: 3 | S26: 4 | T26: 0 | U26: 4 | V26: 2 | W26: 0 | X26: 0 | Y26: 0 | Z26: 0 | AA26: =SUM(E26:Z26) -> 43
D27: JML | E27: 5 | F27: 4 | G27: 4 | H27: 1 | I27: 4 | J27: 5 | K27: 1 | L27: 4 | M27: 5 | N27: 5 | O27: 3 | P27: 3 | Q27: 4 | R27: 6 | S27: 6 | T27: 0 | U27: 5 | V27: 4 | W27: 2 | X27: 0 | Y27: 0 | Z27: 0 | AA27: =SUM(E27:Z27) -> 71
B28: 4. | C28: Jumlah Pengguna Hak Pilih (B.1+B.2+B.3) | D28: LK | E28: 106 | F28: 94 | G28: 81 | H28: 82 | I28: 100 | J28: 98 | K28: 93 | L28: 72 | M28: 93 | N28: 80 | O28: 103 | P28: 94 | Q28: 98 | R28: 99 | S28: 90 | T28: 78 | U28: 95 | V28: 87 | W28: 98 | X28: 119 | Y28: 103 | Z28: 115 | AA28: =SUM(E28:Z28) -> 2078
D29: PR | E29: 106 | F29: 116 | G29: 90 | H29: 107 | I29: 106 | J29: 126 | K29: 107 | L29: 77 | M29: 105 | N29: 87 | O29: 106 | P29: 116 | Q29: 99 | R29: 114 | S29: 98 | T29: 87 | U29: 91 | V29: 120 | W29: 104 | X29: 122 | Y29: 122 | Z29: 113 | AA29: =SUM(E29:Z29) -> 2319
D30: JML | E30: 212 | F30: 210 | G30: 171 | H30: 189 | I30: 206 | J30: 224 | K30: 200 | L30: 149 | M30: 198 | N30: 167 | O30: 209 | P30: 210 | Q30: 197 | R30: 213 | S30: 188 | T30: 165 | U30: 186 | V30: 207 | W30: 202 | X30: 241 | Y30: 225 | Z30: 228 | AA30: =SUM(E30:Z30) -> 4397
A32: II | B32: DATA PENGGUNAAN SURAT SUARA
A33: 1 | B33: Jumlah surat suara yang diterima, termasuk surat suara cadangan 2,5% dari DPT | E33: 275 | F33: 259 | G33: 232 | H33: 256 | I33: 278 | J33: 277 | K33: 270 | L33: 218 | M33: 237 | N33: 236 | O33: 261 | P33: 253 | Q33: 247 | R33: 257 | S33: 252 | T33: 210 | U33: 234 | V33: 271 | W33: 275 | X33: 303 | Y33: 298 | Z33: 275 | AA33: =SUM(E33:Z33) -> 5674
A34: 2 | B34: Jumlah surat suara yang digunakan | E34: 212 | F34: 210 | G34: 171 | H34: 189 | I34: 206 | J34: 224 | K34: 200 | L34: 149 | M34: 203 | N34: 179 | O34: 209 | P34: 210 | Q34: 197 | R34: 213 | S34: 188 | T34: 165 | U34: 186 | V34: 207 | W34: 202 | X34: 241 | Y34: 225 | Z34: 228 | AA34: =SUM(E34:Z34) -> 4414
A35: 3 | B35: Jumlah surat suara dikembalikan oleh pemilih (karena rusak atau keliru coblos) | E35: 0 | F35: 0 | G35: 0 | H35: 1 | I35: 0 | J35: 1 | K35: 0 | L35: 0 | M35: 0 | N35: 0 | O35: 0 | P35: 1 | Q35: 1 | R35: 0 | S35: 0 | T35: 0 | U35: 0 | V35: 2 | W35: 0 | X35: 0 | Y35: 0 | Z35: 0 | AA35: =SUM(E35:Z35) -> 6
A36: 4 | B36: Jumlah surat suara yang tidak digunakan/tidak terpakai, termasuk sisa surat suara cadangan | E36: 63 | F36: 49 | G36: 61 | H36: 66 | I36: 72 | J36: 82 | K36: 70 | L36: 69 | M36: 39 | N36: 69 | O36: 52 | P36: 42 | Q36: 49 | R36: 44 | S36: 64 | T36: 45 | U36: 48 | V36: 62 | W36: 73 | X36: 62 | Y36: 73 | Z36: 47 | AA36: =SUM(E36:Z36) -> 1301
A38: III | B38: DATA PEMILIH DISABILITAS
B39: Jumlah seluruh Pemilih disabilitas yang menggunakan hak pilih | D39: LK | E39: 0 | F39: 0 | G39: 0 | H39: 0 | I39: 0 | J39: 0 | K39: 0 | L39: 0 | M39: 0 | N39: 0 | O39: 0 | P39: 0 | Q39: 0 | R39: 2 | S39: 0 | T39: 0 | U39: 0 | V39: 0 | W39: 0 | X39: 0 | Y39: 0 | Z39: 0 | AA39: =SUM(E39:Z39) -> 2
D40: PR | E40: 0 | F40: 0 | G40: 0 | H40: 0 | I40: 0 | J40: 0 | K40: 0 | L40: 0 | M40: 0 | N40: 0 | O40: 0 | P40: 0 | Q40: 0 | R40: 0 | S40: 0 | T40: 0 | U40: 0 | V40: 0 | W40: 0 | X40: 0 | Y40: 0 | Z40: 0 | AA40: =SUM(E40:Z40) -> 0
D41: JML | E41: =SUM(E39:E40) -> 0 | F41: =SUM(F39:F40) -> 0 | G41: =SUM(G39:G40) -> 0 | H41: =SUM(H39:H40) -> 0 | I41: =SUM(I39:I40) -> 0 | J41: =SUM(J39:J40) -> 0 | K41: =SUM(K39:K40) -> 0 | L41: =SUM(L39:L40) -> 0 | ... Z41: =SUM(Z39:Z40) -> 0 | AA41: =SUM(E41:Z41) -> 2
A43: IV | B43: DATA RINCIAN PEROLEHAN SUARA PASANGAN CALON BUPATI DAN WAKIL BUPATI
A44: NOMOR DAN NAMA CALON
A45: A.1 | B45: 1. | C45: Partai Kebangkitan Bangsa | E45: 22 | F45: 5 | G45: 4 | H45: 8 | I45: 12 | J45: 7 | K45: 5 | L45: 1 | M45: 5 | N45: 5 | O45: 12 | P45: 5 | Q45: 2 | R45: 6 | S45: 1 | T45: 2 | U45: 3 | V45: 8 | W45: 8 | X45: 4 | Y45: 6 | Z45: 4 | AA45: =SUM(E45:Z45) -> 135
A46: A.2 | B46: 1 | C46: 1. Dr. Hj. NIHAYATUL WAFIROH, M.A. | E46: 52 | F46: 19 | G46: 8 | H46: 24 | I46: 28 | J46: 31 | K46: 18 | L46: 7 | M46: 8 | N46: 7 | O46: 21 | P46: 7 | Q46: 10 | R46: 2 | S46: 7 | T46: 5 | U46: 13 | V46: 21 | W46: 9 | X46: 42 | Y46: 20 | Z46: 7 | AA46: =SUM(E46:Z46) -> 366
B47: 2 | C47: 2. H. M. NASIM KHAN | E47: 19 | F47: 22 | G47: 0 | H47: 7 | I47: 7 | J47: 3 | K47: 2 | L47: 16 | M47: 6 | N47: 12 | O47: 10 | P47: 0 | Q47: 2 | R47: 3 | S47: 1 | T47: 1 | U47: 3 | V47: 76 | W47: 75 | X47: 33 | Y47: 16 | Z47: 39 | AA47: =SUM(E47:Z47) -> 353
B48: 3 | C48: 3. Dr. H. AKIK ZAMAN, M.Pd.I. | E48: 1 | F48: 1 | G48: 2 | H48: 1 | I48: 0 | J48: 0 | K48: 0 | L48: 0 | M48: 0 | N48: 1 | O48: 0 | P48: 0 | Q48: 0 | R48: 0 | S48: 0 | T48: 1 | U48: 0 | V48: 1 | W48: 7 | X48: 2 | Y48: 0 | Z48: 1 | AA48: =SUM(E48:Z48) -> 18
B49: 4 | C49: 4. AHMAD RIFA'I, S.H. | E49: 0 | F49: 0 | G49: 1 | H49: 2 | I49: 0 | J49: 0 | K49: 2 | L49: 2 | M49: 1 | N49: 1 | O49: 0 | P49: 0 | Q49: 1 | R49: 0 | S49: 0 | T49: 1 | U49: 0 | V49: 3 | W49: 0 | X49: 1 | Y49: 2 | Z49: 0 | AA49: =SUM(E49:Z49) -> 17
B50: 5 | C50: 5. Drs. H. MAHFUD M.N. | E50: 0 | F50: 0 | G50: 0 | H50: 1 | I50: 0 | J50: 0 | K50: 0 | L50: 0 | M50: 0 | N50: 0 | O50: 1 | P50: 0 | Q50: 1 | R50: 0 | S50: 0 | T50: 0 | U50: 1 | V50: 2 | W50: 1 | X50: 0 | Y50: 0 | Z50: 0 | AA50: =SUM(E50:Z50) -> 7
B51: 6 | C51: 6. NURHAYATI, S.Pd. | E51: 1 | F51: 0 | G51: 0 | H51: 2 | I51: 1 | J51: 0 | K51: 1 | L51: 0 | M51: 0 | N51: 1 | O51: 0 | P51: 0 | Q51: 0 | R51: 1 | S51: 0 | T51: 0 | U51: 0 | V51: 1 | W51: 2 | X51: 1 | Y51: 1 | Z51: 0 | AA51: =SUM(E51:Z51) -> 12
B52: 7 | C52: 7. MAFTUHA KISWAH | E52: 0 | F52: 4 | G52: 0 | H52: 0 | I52: 0 | J52: 0 | K52: 0 | L52: 0 | M52: 0 | N52: 1 | O52: 0 | P52: 0 | Q52: 0 | R52: 0 | S52: 0 | T52: 0 | U52: 0 | V52: 2 | W52: 0 | X52: 0 | Y52: 0 | Z52: 0 | AA52: =SUM(E52:Z52) -> 7
A55: B | B55: JUMLAH SUARA SAH PARTAI POLITIK DAN CALON (A1 + A2) | E55: =SUM(E45:E52) -> 95 | F55: =SUM(F45:F52) -> 51 | G55: =SUM(G45:G52) -> 15 | H55: =SUM(H45:H52) -> 45 | I55: =SUM(I45:I52) -> 48 | J55: =SUM(J45:J52) -> 41 | K55: =SUM(K45:K52) -> 28 | L55: =SUM(L45:L52) -> 26 | ... Z55: =SUM(Z45:Z52) -> 51 | AA55: =SUM(E55:Z55) -> 915
A57: A.1 | B57: 2. | C57: Partai Gerakan Indonesia Raya | E57: 10 | F57: 3 | G57: 5 | H57: 10 | I57: 24 | J57: 9 | K57: 13 | L57: 14 | M57: 5 | N57: 7 | O57: 8 | P57: 9 | Q57: 6 | R57: 15 | S57: 13 | T57: 3 | U57: 6 | V57: 14 | W57: 17 | X57: 5 | Y57: 9 | Z57: 8 | AA57: =SUM(E57:Z57) -> 213
A58: A.2 | B58: 1 | C58: 1. SUMAIL ABDULLAH | E58: 6 | F58: 7 | G58: 42 | H58: 8 | I58: 13 | J58: 6 | K58: 6 | L58: 3 | M58: 14 | N58: 5 | O58: 8 | P58: 3 | Q58: 4 | R58: 40 | S58: 42 | T58: 25 | U58: 32 | V58: 2 | W58: 3 | X58: 24 | Y58: 4 | Z58: 4 | AA58: =SUM(E58:Z58) -> 301
B59: 2 | C59: 2. MUHAMMAD ALI ADRIAN SALEH | E59: 3 | F59: 6 | G59: 2 | H59: 26 | I59: 20 | J59: 35 | K59: 6 | L59: 6 | M59: 8 | N59: 5 | O59: 7 | P59: 1 | Q59: 47 | R59: 8 | S59: 4 | T59: 3 | U59: 3 | V59: 15 | W59: 8 | X59: 19 | Y59: 11 | Z59: 5 | AA59: =SUM(E59:Z59) -> 248
B60: 3 | C60: 3. DURROTUN NAFISAH | E60: 0 | F60: 1 | G60: 0 | H60: 3 | I60: 1 | J60: 2 | K60: 0 | L60: 13 | M60: 0 | N60: 11 | O60: 0 | P60: 3 | Q60: 0 | R60: 4 | S60: 1 | T60: 1 | U60: 0 | V60: 1 | W60: 2 | X60: 0 | Y60: 0 | Z60: 2 | AA60: =SUM(E60:Z60) -> 45
B61: 4 | C61: 4. H. EKO SUSILO NURHIDAYAT | E61: 1 | F61: 2 | G61: 0 | H61: 0 | I61: 1 | J61: 2 | K61: 3 | L61: 0 | M61: 0 | N61: 1 | O61: 1 | P61: 1 | Q61: 1 | R61: 0 | S61: 0 | T61: 2 | U61: 1 | V61: 0 | W61: 1 | X61: 0 | Y61: 0 | Z61: 0 | AA61: =SUM(E61:Z61) -> 17
B62: 5 | C62: 5. KARNADI HARIJANTO, S.S. | E62: 0 | F62: 0 | G62: 0 | H62: 0 | I62: 0 | J62: 0 | K62: 0 | L62: 1 | M62: 0 | N62: 1 | O62: 0 | P62: 0 | Q62: 0 | R62: 0 | S62: 0 | T62: 0 | U62: 0 | V62: 1 | W62: 0 | X62: 0 | Y62: 0 | Z62: 1 | AA62: =SUM(E62:Z62) -> 4
B63: 6 | C63: 6. NURHAYATI | E63: 1 | F63: 0 | G63: 0 | H63: 3 | I63: 0 | J63: 0 | K63: 3 | L63: 1 | M63: 0 | N63: 2 | O63: 0 | P63: 0 | Q63: 0 | R63: 0 | S63: 0 | T63: 1 | U63: 0 | V63: 0 | W63: 1 | X63: 0 | Y63: 0 | Z63: 0 | AA63: =SUM(E63:Z63) -> 12
B64: 7 | C64: 7. MASHUDI | E64: 0 | F64: 0 | G64: 0 | H64: 0 | I64: 0 | J64: 0 | K64: 0 | L64: 0 | M64: 1 | N64: 1 | O64: 0 | P64: 0 | Q64: 0 | R64: 1 | S64: 0 | T64: 0 | U64: 0 | V64: 0 | W64: 0 | X64: 0 | Y64: 0 | Z64: 0 | AA64: =SUM(E64:Z64) -> 3
A67: B | B67: JUMLAH SUARA SAH PARTAI POLITIK DAN CALON (A1 + A2) | E67: =SUM(E57:E64) -> 21 | F67: =SUM(F57:F64) -> 19 | G67: =SUM(G57:G64) -> 49 | H67: =SUM(H57:H64) -> 50 | I67: =SUM(I57:I64) -> 59 | J67: =SUM(J57:J64) -> 54 | K67: =SUM(K57:K64) -> 31 | L67: =SUM(L57:L64) -> 38 | ... Z67: =SUM(Z57:Z64) -> 20 | AA67: =SUM(E67:Z67) -> 843
A69: A.1 | B69: 3. | C69: Partai Demokrasi Indonesia Perjuangan | E69: 5 | F69: 3 | G69: 1 | H69: 8 | I69: 7 | J69: 7 | K69: 2 | L69: 8 | M69: 2 | N69: 2 | O69: 4 | P69: 8 | Q69: 19 | R69: 14 | S69: 5 | T69: 8 | U69: 6 | V69: 4 | W69: 12 | X69: 2 | Y69: 7 | Z69: 6 | AA69: =SUM(E69:Z69) -> 140
A70: A.2 | B70: 1 | C70: 1. SONNY TRI DANAPARAMITA, S.H., M.H. | E70: 15 | F70: 6 | G70: 1 | H70: 12 | I70: 8 | J70: 4 | K70: 0 | L70: 20 | M70: 33 | N70: 17 | O70: 11 | P70: 16 | Q70: 23 | R70: 25 | S70: 18 | T70: 5 | U70: 16 | V70: 5 | W70: 1 | X70: 17 | Y70: 6 | Z70: 4 | AA70: =SUM(E70:Z70) -> 263
B71: 2 | C71: 2. H. MOHAMAD GUNTUR ROMLI | E71: 1 | F71: 0 | G71: 6 | H71: 5 | I71: 3 | J71: 2 | K71: 14 | L71: 0 | M71: 0 | N71: 2 | O71: 5 | P71: 2 | Q71: 2 | R71: 1 | S71: 0 | T71: 2 | U71: 5 | V71: 2 | W71: 2 | X71: 5 | Y71: 3 | Z71: 6 | AA71: =SUM(E71:Z71) -> 68
B72: 3 | C72: 3. INA AMMANIA | E72: 6 | F72: 0 | G72: 2 | H72: 3 | I72: 7 | J72: 3 | K72: 3 | L72: 4 | M72: 0 | N72: 2 | O72: 7 | P72: 1 | Q72: 6 | R72: 8 | S72: 0 | T72: 2 | U72: 2 | V72: 1 | W72: 5 | X72: 10 | Y72: 11 | Z72: 4 | AA72: =SUM(E72:Z72) -> 87
B73: 4 | C73: 4. IRWAN BACHTIAR RACHMAT, M.Si. | E73: 1 | F73: 0 | G73: 0 | H73: 0 | I73: 0 | J73: 0 | K73: 0 | L73: 0 | M73: 1 | N73: 0 | O73: 0 | P73: 0 | Q73: 1 | R73: 1 | S73: 1 | T73: 0 | U73: 1 | V73: 0 | W73: 2 | X73: 0 | Y73: 0 | Z73: 1 | AA73: =SUM(E73:Z73) -> 9
B74: 5 | C74: 5. LUCKY PERDANA | E74: 1 | F74: 2 | G74: 0 | H74: 0 | I74: 1 | J74: 3 | K74: 4 | L74: 3 | M74: 0 | N74: 2 | O74: 7 | P74: 4 | Q74: 15 | R74: 3 | S74: 3 | T74: 1 | U74: 1 | V74: 0 | W74: 1 | X74: 0 | Y74: 0 | Z74: 2 | AA74: =SUM(E74:Z74) -> 53
B75: 6 | C75: 6. WIWIK PUJIYATI | E75: 1 | F75: 0 | G75: 0 | H75: 0 | I75: 0 | J75: 0 | K75: 0 | L75: 1 | M75: 1 | N75: 0 | O75: 0 | P75: 0 | Q75: 1 | R75: 0 | S75: 0 | T75: 1 | U75: 0 | V75: 0 | W75: 1 | X75: 1 | Y75: 1 | Z75: 1 | AA75: =SUM(E75:Z75) -> 9
B76: 7 | C76: 7. CHANDRA ASTAN, S.T. | E76: 0 | F76: 0 | G76: 0 | H76: 1 | I76: 0 | J76: 0 | K76: 0 | L76: 1 | M76: 1 | N76: 0 | O76: 2 | P76: 1 | Q76: 5 | R76: 4 | S76: 1 | T76: 1 | U76: 1 | V76: 0 | W76: 1 | X76: 2 | Y76: 0 | Z76: 2 | AA76: =SUM(E76:Z76) -> 23
A79: B | B79: JUMLAH SUARA SAH PARTAI POLITIK DAN CALON (A1 + A2) | E79: =SUM(E69:E76) -> 30 | F79: =SUM(F69:F76) -> 11 | G79: =SUM(G69:G76) -> 10 | H79: =SUM(H69:H76) -> 29 | I79: =SUM(I69:I76) -> 26 | J79: =SUM(J69:J76) -> 19 | K79: =SUM(K69:K76) -> 23 | L79: =SUM(L69:L76) -> 37 | ... Z79: =SUM(Z69:Z76) -> 26 | AA79: =SUM(E79:Z79) -> 652
A81: A.1 | B81: 4. | C81: Partai Golongan Karya | E81: 1 | F81: 6 | G81: 7 | H81: 10 | I81: 7 | J81: 5 | K81: 10 | L81: 4 | M81: 3 | N81: 6 | O81: 4 | P81: 11 | Q81: 3 | R81: 7 | S81: 2 | T81: 0 | U81: 0 | V81: 0 | W81: 1 | X81: 8 | Y81: 13 | Z81: 19 | AA81: =SUM(E81:Z81) -> 127
A82: A.2 | B82: 1 | C82: 1. ZULFIKAR ARSE SADIKIN, S.I.P., M.Si. | E82: 2 | F82: 31 | G82: 66 | H82: 17 | I82: 11 | J82: 24 | K82: 6 | L82: 6 | M82: 7 | N82: 2 | O82: 3 | P82: 10 | Q82: 0 | R82: 10 | S82: 0 | T82: 0 | U82: 0 | V82: 1 | W82: 2 | X82: 37 | Y82: 95 | Z82: 56 | AA82: =SUM(E82:Z82) -> 386
B83: 2 | C83: 2. HANDOKO | E83: 0 | F83: 2 | G83: 5 | H83: 5 | I83: 10 | J83: 10 | K83: 10 | L83: 6 | M83: 1 | N83: 7 | O83: 2 | P83: 4 | Q83: 1 | R83: 1 | S83: 3 | T83: 1 | U83: 0 | V83: 0 | W83: 0 | X83: 3 | Y83: 10 | Z83: 3 | AA83: =SUM(E83:Z83) -> 84
B84: 3 | C84: 3. Hj. OVI DEWI YANTI | E84: 0 | F84: 0 | G84: 0 | H84: 0 | I84: 1 | J84: 1 | K84: 1 | L84: 1 | M84: 0 | N84: 1 | O84: 3 | P84: 1 | Q84: 1 | R84: 1 | S84: 0 | T84: 0 | U84: 1 | V84: 0 | W84: 0 | X84: 0 | Y84: 1 | Z84: 1 | AA84: =SUM(E84:Z84) -> 14
B85: 4 | C85: 4. Ir. AZAM AZMAN NATAWIJANA | E85: 0 | F85: 2 | G85: 0 | H85: 1 | I85: 0 | J85: 2 | K85: 0 | L85: 0 | M85: 0 | N85: 0 | O85: 0 | P85: 0 | Q85: 0 | R85: 0 | S85: 0 | T85: 0 | U85: 0 | V85: 0 | W85: 0 | X85: 2 | Y85: 0 | Z85: 1 | AA85: =SUM(E85:Z85) -> 8
B86: 5 | C86: 5. UBAIDILLAH AMIN, S.Kom. | E86: 0 | F86: 1 | G86: 1 | H86: 0 | I86: 1 | J86: 2 | K86: 0 | L86: 0 | M86: 0 | N86: 0 | O86: 0 | P86: 1 | Q86: 0 | R86: 0 | S86: 0 | T86: 0 | U86: 0 | V86: 0 | W86: 0 | X86: 0 | Y86: 0 | Z86: 0 | AA86: =SUM(E86:Z86) -> 6
B87: 6 | C87: 6. DENNY YUNIANDARI, S.H., M.Kn. | E87: 0 | F87: 1 | G87: 0 | H87: 0 | I87: 0 | J87: 0 | K87: 0 | L87: 0 | M87: 1 | N87: 0 | O87: 0 | P87: 0 | Q87: 0 | R87: 0 | S87: 0 | T87: 0 | U87: 0 | V87: 1 | W87: 0 | X87: 0 | Y87: 0 | Z87: 0 | AA87: =SUM(E87:Z87) -> 3
B88: 7 | C88: 7. ERNADI, S.H.I. | E88: 0 | F88: 0 | G88: 0 | H88: 0 | I88: 0 | J88: 0 | K88: 0 | L88: 0 | M88: 0 | N88: 0 | O88: 0 | P88: 0 | Q88: 0 | R88: 0 | S88: 0 | T88: 0 | U88: 0 | V88: 0 | W88: 1 | X88: 0 | Y88: 0 | Z88: 0 | AA88: =SUM(E88:Z88) -> 1
A91: B | B91: JUMLAH SUARA SAH PARTAI POLITIK DAN CALON (A1 + A2) | E91: =SUM(E81:E88) -> 3 | F91: =SUM(F81:F88) -> 43 | G91: =SUM(G81:G88) -> 79 | H91: =SUM(H81:H88) -> 33 | I91: =SUM(I81:I88) -> 30 | J91: =SUM(J81:J88) -> 44 | K91: =SUM(K81:K88) -> 27 | L91: =SUM(L81:L88) -> 17 | ... Z91: =SUM(Z81:Z88) -> 80 | AA91: =SUM(E91:Z91) -> 629
A93: A.1 | B93: 5. | C93: Partai NasDem | E93: 0 | F93: 0 | G93: 0 | H93: 1 | I93: 0 | J93: 0 | K93: 3 | L93: 0 | M93: 1 | N93: 2 | O93: 0 | P93: 3 | Q93: 0 | R93: 0 | S93: 0 | T93: 1 | U93: 1 | V93: 3 | W93: 1 | X93: 0 | Y93: 0 | Z93: 1 | AA93: =SUM(E93:Z93) -> 17
A94: A.2 | B94: 1 | C94: 1. ACH. FADIL MUZAKKI SYAH | E94: 0 | F94: 0 | G94: 0 | H94: 0 | I94: 1 | J94: 6 | K94: 0 | L94: 1 | M94: 1 | N94: 2 | O94: 2 | P94: 1 | Q94: 1 | R94: 0 | S94: 0 | T94: 0 | U94: 2 | V94: 1 | W94: 0 | X94: 0 | Y94: 1 | Z94: 2 | AA94: =SUM(E94:Z94) -> 21
B95: 2 | C95: 2. BENY | E95: 3 | F95: 13 | G95: 1 | H95: 2 | I95: 1 | J95: 3 | K95: 0 | L95: 2 | M95: 2 | N95: 22 | O95: 22 | P95: 40 | Q95: 1 | R95: 24 | S95: 44 | T95: 41 | U95: 54 | V95: 2 | W95: 7 | X95: 0 | Y95: 0 | Z95: 0 | AA95: =SUM(E95:Z95) -> 284
B96: 3 | C96: 3. VINA VERONIKA | E96: 0 | F96: 0 | G96: 0 | H96: 0 | I96: 0 | J96: 0 | K96: 0 | L96: 0 | M96: 0 | N96: 0 | O96: 1 | P96: 0 | Q96: 0 | R96: 0 | S96: 0 | T96: 0 | U96: 0 | V96: 0 | W96: 0 | X96: 0 | Y96: 0 | Z96: 0 | AA96: =SUM(E96:Z96) -> 1
B97: 4 | C97: 4. TEDDY ANUGRIANTO | E97: 0 | F97: 0 | G97: 0 | H97: 2 | I97: 0 | J97: 19 | K97: 9 | L97: 0 | M97: 8 | N97: 0 | O97: 7 | P97: 0 | Q97: 0 | R97: 0 | S97: 0 | T97: 1 | U97: 0 | V97: 2 | W97: 0 | X97: 0 | Y97: 0 | Z97: 0 | AA97: =SUM(E97:Z97) -> 48
B98: 5 | C98: 5. INSAN KAMIL | E98: 0 | F98: 0 | G98: 0 | H98: 1 | I98: 0 | J98: 0 | K98: 0 | L98: 0 | M98: 0 | N98: 0 | O98: 0 | P98: 0 | Q98: 0 | R98: 0 | S98: 0 | T98: 0 | U98: 0 | V98: 0 | W98: 0 | X98: 0 | Y98: 0 | Z98: 0 | AA98: =SUM(E98:Z98) -> 1
B99: 6 | C99: 6. LILIK LINDARWATI | E99: 0 | F99: 0 | G99: 0 | H99: 0 | I99: 0 | J99: 0 | K99: 0 | L99: 0 | M99: 0 | N99: 0 | O99: 0 | P99: 0 | Q99: 0 | R99: 0 | S99: 0 | T99: 0 | U99: 0 | V99: 0 | W99: 0 | X99: 0 | Y99: 0 | Z99: 0 | AA99: =SUM(E99:Z99) -> 0
B100: 7 | C100: 7. YULI ANITA | E100: 0 | F100: 0 | G100: 0 | H100: 0 | I100: 0 | J100: 0 | K100: 0 | L100: 0 | M100: 0 | N100: 0 | O100: 0 | P100: 0 | Q100: 0 | R100: 0 | S100: 0 | T100: 0 | U100: 0 | V100: 0 | W100: 0 | X100: 0 | Y100: 0 | Z100: 0 | AA100: =SUM(E100:Z100) -> 0
A103: B | B103: JUMLAH SUARA SAH PARTAI POLITIK DAN CALON (A1 + A2) | E103: =SUM(E93:E100) -> 3 | F103: =SUM(F93:F100) -> 13 | G103: =SUM(G93:G100) -> 1 | H103: =SUM(H93:H100) -> 6 | I103: =SUM(I93:I100) -> 2 | J103: =SUM(J93:J100) -> 28 | K103: =SUM(K93:K100) -> 12 | L103: =SUM(L93:L100) -> 3 | ... Z103: =SUM(Z93:Z100) -> 3 | AA103: =SUM(E103:Z103) -> 372
A105: A.1 | B105: 6. | C105: Partai Buruh | E105: 0 | F105: 0 | G105: 0 | H105: 0 | I105: 0 | J105: 0 | K105: 0 | L105: 1 | M105: 0 | N105: 1 | O105: 1 | P105: 0 | Q105: 1 | R105: 0 | S105: 0 | T105: 0 | U105: 0 | V105: 0 | W105: 1 | X105: 0 | Y105: 0 | Z105: 0 | AA105: =SUM(E105:Z105) -> 5
A106: A.2 | B106: 1 | C106: 1. KHOIRUL ANAM | E106: 0 | F106: 0 | G106: 0 | H106: 0 | I106: 0 | J106: 0 | K106: 1 | L106: 0 | M106: 0 | N106: 0 | O106: 0 | P106: 0 | Q106: 0 | R106: 0 | S106: 0 | T106: 0 | U106: 0 | V106: 0 | W106: 0 | X106: 0 | Y106: 0 | Z106: 1 | AA106: =SUM(E106:Z106) -> 2
B107: 2 | C107: 2. INA KURNIA | E107: 0 | F107: 0 | G107: 0 | H107: 1 | I107: 1 | J107: 0 | K107: 0 | L107: 0 | M107: 0 | N107: 0 | O107: 0 | P107: 0 | Q107: 1 | R107: 0 | S107: 0 | T107: 1 | U107: 0 | V107: 0 | W107: 1 | X107: 0 | Y107: 0 | Z107: 0 | AA107: =SUM(E107:Z107) -> 5
B108: 3 | C108: 3. JIBRAL TAROUK | E108: 0 | F108: 0 | G108: 0 | H108: 0 | I108: 0 | J108: 0 | K108: 0 | L108: 0 | M108: 0 | N108: 0 | O108: 2 | P108: 0 | Q108: 0 | R108: 0 | S108: 0 | T108: 0 | U108: 0 | V108: 0 | W108: 0 | X108: 0 | Y108: 0 | Z108: 0 | AA108: =SUM(E108:Z108) -> 2
B109: 4 | C109: 4. ASTUTI DAENG PUJI | E109: 0 | F109: 0 | G109: 0 | H109: 0 | I109: 0 | J109: 0 | K109: 0 | L109: 0 | M109: 0 | N109: 0 | O109: 0 | P109: 0 | Q109: 0 | R109: 0 | S109: 0 | T109: 0 | U109: 0 | V109: 0 | W109: 0 | X109: 0 | Y109: 0 | Z109: 0 | AA109: =SUM(E109:Z109) -> 0
B110: 5 | C110: 5. ASDARMAWAN | E110: 0 | F110: 0 | G110: 0 | H110: 0 | I110: 0 | J110: 0 | K110: 0 | L110: 0 | M110: 0 | N110: 0 | O110: 0 | P110: 0 | Q110: 0 | R110: 0 | S110: 0 | T110: 0 | U110: 0 | V110: 0 | W110: 0 | X110: 0 | Y110: 0 | Z110: 0 | AA110: =SUM(E110:Z110) -> 0
B111: 6 | C111: 6. RIFQI MUBAROK | E111: 0 | F111: 0 | G111: 0 | H111: 0 | I111: 0 | J111: 0 | K111: 0 | L111: 0 | M111: 0 | N111: 0 | O111: 0 | P111: 0 | Q111: 0 | R111: 0 | S111: 0 | T111: 0 | U111: 0 | V111: 0 | W111: 0 | X111: 0 | Y111: 0 | Z111: 0 | AA111: =SUM(E111:Z111) -> 0
B112: 7 | C112: 7. FIRNANDA ALTA MEGA | E112: 0 | F112: 0 | G112: 0 | H112: 0 | I112: 0 | J112: 0 | K112: 0 | L112: 0 | M112: 0 | N112: 0 | O112: 0 | P112: 0 | Q112: 0 | R112: 0 | S112: 0 | T112: 0 | U112: 0 | V112: 0 | W112: 0 | X112: 0 | Y112: 0 | Z112: 0 | AA112: =SUM(E112:Z112) -> 0
A115: B | B115: JUMLAH SUARA SAH PARTAI POLITIK DAN CALON (A1 + A2) | E115: =SUM(E105:E112) -> 0 | F115: =SUM(F105:F112) -> 0 | G115: =SUM(G105:G112) -> 0 | H115: =SUM(H105:H112) -> 1 | I115: =SUM(I105:I112) -> 1 | J115: =SUM(J105:J112) -> 0 | K115: =SUM(K105:K112) -> 1 | L115: =SUM(L105:L112) -> 1 | ... Z115: =SUM(Z105:Z112) -> 1 | AA115: =SUM(E115:Z115) -> 14
A117: A.1 | B117: 7. | C117: Partai Gelombang Rakyat Indonesia | E117: 0 | F117: 0 | G117: 0 | H117: 0 | I117: 0 | J117: 0 | K117: 0 | L117: 0 | M117: 0 | N117: 1 | O117: 0 | P117: 1 | Q117: 0 | R117: 0 | S117: 0 | T117: 0 | U117: 1 | V117: 0 | W117: 0 | X117: 1 | Y117: 0 | Z117: 1 | AA117: =SUM(E117:Z117) -> 5
A118: A.2 | B118: 1 | C118: 1. TITI WIDORETNO WARISMAN | E118: 0 | F118: 0 | G118: 0 | H118: 0 | I118: 0 | J118: 0 | K118: 0 | L118: 0 | M118: 0 | N118: 0 | O118: 0 | P118: 0 | Q118: 1 | R118: 0 | S118: 0 | T118: 0 | U118: 0 | V118: 0 | W118: 1 | X118: 0 | Y118: 0 | Z118: 0 | AA118: =SUM(E118:Z118) -> 2
B119: 2 | C119: 2. MAMIEK SETYANINGSIH | E119: 0 | F119: 0 | G119: 0 | H119: 0 | I119: 0 | J119: 0 | K119: 0 | L119: 0 | M119: 0 | N119: 0 | O119: 0 | P119: 0 | Q119: 0 | R119: 0 | S119: 1 | T119: 0 | U119: 0 | V119: 0 | W119: 0 | X119: 0 | Y119: 0 | Z119: 0 | AA119: =SUM(E119:Z119) -> 1
B120: 3 | C120: 3. ROMIL AZIZEN | E120: 0 | F120: 0 | G120: 0 | H120: 0 | I120: 0 | J120: 0 | K120: 0 | L120: 0 | M120: 0 | N120: 0 | O120: 0 | P120: 0 | Q120: 0 | R120: 0 | S120: 0 | T120: 0 | U120: 0 | V120: 0 | W120: 0 | X120: 0 | Y120: 0 | Z120: 0 | AA120: =SUM(E120:Z120) -> 0
A127: B | B127: JUMLAH SUARA SAH PARTAI POLITIK DAN CALON (A1 + A2) | E127: =SUM(E117:E120) -> 0 | F127: =SUM(F117:F120) -> 0 | G127: =SUM(G117:G120) -> 0 | H127: =SUM(H117:H120) -> 0 | I127: =SUM(I117:I120) -> 0 | J127: =SUM(J117:J120) -> 0 | K127: =SUM(K117:K120) -> 0 | L127: =SUM(L117:L120) -> 0 | ... Z127: =SUM(Z117:Z120) -> 1 | AA127: =SUM(E127:Z127) -> 8
A129: A.1 | B129: 8. | C129: Partai Keadilan Sejahtera | E129: 3 | F129: 1 | G129: 0 | H129: 0 | I129: 2 | J129: 0 | K129: 2 | L129: 0 | M129: 0 | N129: 0 | O129: 0 | P129: 3 | Q129: 0 | R129: 0 | S129: 0 | T129: 1 | U129: 2 | V129: 0 | W129: 0 | X129: 0 | Y129: 0 | Z129: 0 | AA129: =SUM(E129:Z129) -> 14
A130: A.2 | B130: 1 | C130: 1. H. SAIMI SALEH, S.E., M.M. | E130: 0 | F130: 5 | G130: 1 | H130: 4 | I130: 0 | J130: 0 | K130: 4 | L130: 0 | M130: 0 | N130: 5 | O130: 0 | P130: 2 | Q130: 0 | R130: 0 | S130: 0 | T130: 0 | U130: 1 | V130: 1 | W130: 0 | X130: 0 | Y130: 0 | Z130: 0 | AA130: =SUM(E130:Z130) -> 23
B131: 2 | C131: 2. Prof. Dr. H. EGGI SUDJANA, S.H., M.Si. | E131: 0 | F131: 0 | G131: 0 | H131: 0 | I131: 0 | J131: 0 | K131: 1 | L131: 0 | M131: 0 | N131: 1 | O131: 0 | P131: 1 | Q131: 0 | R131: 0 | S131: 0 | T131: 0 | U131: 0 | V131: 1 | W131: 1 | X131: 0 | Y131: 1 | Z131: 0 | AA131: =SUM(E131:Z131) -> 6
B132: 3 | C132: 3. NURUL KHOTIMAH | E132: 0 | F132: 0 | G132: 0 | H132: 0 | I132: 0 | J132: 0 | K132: 0 | L132: 0 | M132: 0 | N132: 0 | O132: 0 | P132: 0 | Q132: 0 | R132: 0 | S132: 0 | T132: 0 | U132: 0 | V132: 0 | W132: 0 | X132: 0 | Y132: 0 | Z132: 0 | AA132: =SUM(E132:Z132) -> 0
B133: 4 | C133: 4. AKHMAD SUYANTO, S.T., M.T. | E133: 0 | F133: 0 | G133: 0 | H133: 0 | I133: 0 | J133: 0 | K133: 1 | L133: 0 | M133: 0 | N133: 0 | O133: 0 | P133: 0 | Q133: 0 | R133: 0 | S133: 0 | T133: 0 | U133: 0 | V133: 0 | W133: 0 | X133: 0 | Y133: 0 | Z133: 0 | AA133: =SUM(E133:Z133) -> 1
B134: 5 | C134: 5. PUJIYATNI | E134: 0 | F134: 0 | G134: 0 | H134: 0 | I134: 0 | J134: 0 | K134: 0 | L134: 0 | M134: 0 | N134: 0 | O134: 0 | P134: 0 | Q134: 0 | R134: 0 | S134: 0 | T134: 0 | U134: 0 | V134: 0 | W134: 0 | X134: 0 | Y134: 0 | Z134: 0 | AA134: =SUM(E134:Z134) -> 0
B135: 6 | C135: 6. HENI PURWATININGSIH | E135: 0 | F135: 0 | G135: 0 | H135: 0 | I135: 0 | J135: 0 | K135: 0 | L135: 0 | M135: 0 | N135: 0 | O135: 0 | P135: 0 | Q135: 0 | R135: 0 | S135: 0 | T135: 0 | U135: 0 | V135: 0 | W135: 0 | X135: 0 | Y135: 0 | Z135: 0 | AA135: =SUM(E135:Z135) -> 0
B136: 7 | C136: 7. MUHADI | E136: 0 | F136: 0 | G136: 0 | H136: 0 | I136: 0 | J136: 0 | K136: 0 | L136: 0 | M136: 0 | N136: 0 | O136: 0 | P136: 0 | Q136: 0 | R136: 0 | S136: 0 | T136: 0 | U136: 0 | V136: 0 | W136: 0 | X136: 0 | Y136: 0 | Z136: 0 | AA136: =SUM(E136:Z136) -> 0
...

Sheet SEMBULUNG
C2: Kecamatan | D2: CLURING
C3: Kabupaten | D3: BANYUWANGI
C4: Provinsi | D4: JAWA TIMUR
C9: Kelurahan | D9: SEMBULUNG
A12: I | B12: DATA PEMILIH DAN PENGGUNAAN HAK PILIH | AC12: JUMLAH AKHIR
A13: A | B13: DATA PEMILIH | E13: TPS 001 | F13: TPS 002 | G13: TPS 003 | H13: TPS 004 | I13: TPS 005 | J13: TPS 006 | K13: TPS 007 | L13: TPS 008 | M13: TPS 009 | N13: TPS 010 | O13: TPS 011 | P13: TPS 012 | Q13: TPS 013 | R13: TPS 014 | S13: TPS 015 | T13: TPS 016 | U13: TPS 017 | V13: TPS 018 | W13: TPS 019 | X13: TPS 020 | Y13: TPS 021 | Z13: TPS 022 | AA13: TPS 023 | AB13: TPS 024
B14: Jumlah Pemilih dalam Daftar Pemilih Tetap (DPT) | D14: LK | E14: 123 | F14: 126 | G14: 140 | H14: 149 | I14: 141 | J14: 133 | K14: 140 | L14: 143 | M14: 128 | N14: 131 | O14: 126 | P14: 120 | Q14: 133 | R14: 139 | S14: 136 | T14: 139 | U14: 134 | V14: 136 | W14: 146 | X14: 127 | Y14: 128 | Z14: 132 | AA14: 133 | AB14: 122 | AC14: =SUM(E14:AB14) -> 3205
D15: PR | E15: 146 | F15: 131 | G15: 129 | H15: 138 | I15: 132 | J15: 144 | K15: 136 | L15: 148 | M15: 127 | N15: 123 | O15: 129 | P15: 117 | Q15: 120 | R15: 153 | S15: 135 | T15: 142 | U15: 130 | V15: 157 | W15: 133 | X15: 162 | Y15: 127 | Z15: 145 | AA15: 124 | AB15: 112 | AC15: =SUM(E15:AB15) -> 3240
D16: JML | E16: =SUM(E14:E15) -> 269 | F16: =SUM(F14:F15) -> 257 | G16: =SUM(G14:G15) -> 269 | H16: =SUM(H14:H15) -> 287 | I16: =SUM(I14:I15) -> 273 | J16: =SUM(J14:J15) -> 277 | K16: =SUM(K14:K15) -> 276 | L16: =SUM(L14:L15) -> 291 | ... AB16: =SUM(AB14:AB15) -> 234 | AC16: =SUM(E16:AB16) -> 6445
A18: B | B18: PENGGUNA HAK PILIH
B19: 1. | C19: Jumlah pengguna hak pilih dalam Daftar Pemilih Tetap (DPT) | D19: LK | E19: 89 | F19: 100 | G19: 104 | H19: 110 | I19: 120 | J19: 101 | K19: 105 | L19: 112 | M19: 104 | N19: 99 | O19: 95 | P19: 92 | Q19: 91 | R19: 106 | S19: 91 | T19: 100 | U19: 102 | V19: 104 | W19: 116 | X19: 106 | Y19: 93 | Z19: 102 | AA19: 101 | AB19: 97 | AC19: =SUM(E19:AB19) -> 2440
D20: PR | E20: 115 | F20: 107 | G20: 103 | H20: 110 | I20: 114 | J20: 116 | K20: 112 | L20: 123 | M20: 110 | N20: 98 | O20: 102 | P20: 93 | Q20: 86 | R20: 121 | S20: 107 | T20: 109 | U20: 106 | V20: 119 | W20: 110 | X20: 133 | Y20: 99 | Z20: 107 | AA20: 110 | AB20: 87 | AC20: =SUM(E20:AB20) -> 2597
D21: JML | E21: =SUM(E19:E20) -> 204 | F21: =SUM(F19:F20) -> 207 | G21: =SUM(G19:G20) -> 207 | H21: =SUM(H19:H20) -> 220 | I21: =SUM(I19:I20) -> 234 | J21: =SUM(J19:J20) -> 217 | K21: =SUM(K19:K20) -> 217 | L21: =SUM(L19:L20) -> 235 | ... AB21: =SUM(AB19:AB20) -> 184 | AC21: =SUM(E21:AB21) -> 5037
B22: 2. | C22: Jumlah pengguna hak pilih dalam Daftar Pemilih Tambahan (DPTb) | D22: LK | E22: 0 | F22: 0 | G22: 0 | H22: 0 | I22: 0 | J22: 0 | K22: 0 | L22: 0 | M22: 0 | N22: 0 | O22: 0 | P22: 0 | Q22: 0 | R22: 0 | S22: 0 | T22: 0 | U22: 0 | V22: 0 | W22: 0 | X22: 0 | Y22: 0 | Z22: 0 | AA22: 0 | AB22: 1 | AC22: =SUM(E22:AB22) -> 1
D23: PR | E23: 0 | F23: 1 | G23: 0 | H23: 0 | I23: 0 | J23: 0 | K23: 0 | L23: 0 | M23: 0 | N23: 0 | O23: 0 | P23: 0 | Q23: 0 | R23: 1 | S23: 0 | T23: 0 | U23: 0 | V23: 0 | W23: 0 | X23: 0 | Y23: 0 | Z23: 0 | AA23: 0 | AB23: 0 | AC23: =SUM(E23:AB23) -> 2
D24: JML | E24: =SUM(E22:E23) -> 0 | F24: =SUM(F22:F23) -> 1 | G24: =SUM(G22:G23) -> 0 | H24: =SUM(H22:H23) -> 0 | I24: =SUM(I22:I23) -> 0 | J24: =SUM(J22:J23) -> 0 | K24: =SUM(K22:K23) -> 0 | L24: =SUM(L22:L23) -> 0 | ... S24: =SUM(S22:S23) -> 0 | T24: 0 | U24: =SUM(U22:U23) -> 0 | V24: =SUM(V22:V23) -> 0 | W24: =SUM(W22:W23) -> 0 | X24: =SUM(X22:X23) -> 0 | Y24: =SUM(Y22:Y23) -> 0 | Z24: =SUM(Z22:Z23) -> 0 | AA24: =SUM(AA22:AA23) -> 0 | AB24: =SUM(AB22:AB23) -> 1 | AC24: =SUM(E24:AB24) -> 3
B25: 3. | C25: Jumlah pengguna hak pilih dalam Daftar Pemilih Khusus (DPK) | D25: LK | E25: 0 | F25: 1 | G25: 1 | H25: 1 | I25: 0 | J25: 0 | K25: 0 | L25: 1 | M25: 0 | N25: 0 | O25: 3 | P25: 1 | Q25: 2 | R25: 3 | S25: 0 | T25: 0 | U25: 0 | V25: 1 | W25: 0 | X25: 0 | Y25: 0 | Z25: 0 | AA25: 1 | AB25: 0 | AC25: =SUM(E25:AB25) -> 15
D26: PR | E26: 0 | F26: 1 | G26: 0 | H26: 1 | I26: 0 | J26: 2 | K26: 0 | L26: 0 | M26: 0 | N26: 0 | O26: 1 | P26: 0 | Q26: 1 | R26: 0 | S26: 0 | T26: 1 | U26: 0 | V26: 0 | W26: 1 | X26: 0 | Y26: 0 | Z26: 1 | AA26: 1 | AB26: 2 | AC26: =SUM(E26:AB26) -> 12
D27: JML | E27: =SUM(E25:E26) -> 0 | F27: =SUM(F25:F26) -> 2 | G27: =SUM(G25:G26) -> 1 | H27: =SUM(H25:H26) -> 2 | I27: =SUM(I25:I26) -> 0 | J27: =SUM(J25:J26) -> 2 | K27: =SUM(K25:K26) -> 0 | L27: =SUM(L25:L26) -> 1 | ... AB27: =SUM(AB25:AB26) -> 2 | AC27: =SUM(E27:AB27) -> 27
B28: 4. | C28: Jumlah Pengguna Hak Pilih (B.1+B.2+B.3) | D28: LK | E28: =SUM(E19,E22,E25) -> 89 | F28: =SUM(F19,F22,F25) -> 101 | G28: =SUM(G19,G22,G25) -> 105 | H28: =SUM(H19,H22,H25) -> 111 | I28: =SUM(I19,I22,I25) -> 120 | J28: =SUM(J19,J22,J25) -> 101 | K28: =SUM(K19,K22,K25) -> 105 | L28: =SUM(L19,L22,L25) -> 113 | ... AB28: =SUM(AB19,AB22,AB25) -> 98 | AC28: =SUM(E28:AB28) -> 2456
D29: PR | E29: =SUM(E20,E23,E26) -> 115 | F29: =SUM(F20,F23,F26) -> 109 | G29: =SUM(G20,G23,G26) -> 103 | H29: =SUM(H20,H23,H26) -> 111 | I29: =SUM(I20,I23,I26) -> 114 | J29: =SUM(J20,J23,J26) -> 118 | K29: =SUM(K20,K23,K26) -> 112 | L29: =SUM(L20,L23,L26) -> 123 | ... AB29: =SUM(AB20,AB23,AB26) -> 89 | AC29: =SUM(E29:AB29) -> 2611
D30: JML | E30: =SUM(E28:E29) -> 204 | F30: =SUM(F28:F29) -> 210 | G30: =SUM(G28:G29) -> 208 | H30: =SUM(H28:H29) -> 222 | I30: =SUM(I28:I29) -> 234 | J30: =SUM(J28:J29) -> 219 | K30: =SUM(K28:K29) -> 217 | L30: =SUM(L28:L29) -> 236 | ... AB30: =SUM(AB28:AB29) -> 187 | AC30: =SUM(E30:AB30) -> 5067
A32: II | B32: DATA PENGGUNAAN SURAT SUARA
A33: 1 | B33: Jumlah surat suara yang diterima, termasuk surat suara cadangan 2,5% dari DPT | E33: 275 | F33: 263 | G33: 275 | H33: 293 | I33: 279 | J33: 283 | K33: 282 | L33: 297 | M33: 261 | N33: 261 | O33: 261 | P33: 242 | Q33: 259 | R33: 299 | S33: 277 | T33: 285 | U33: 270 | V33: 299 | W33: 285 | X33: 295 | Y33: 261 | Z33: 283 | AA33: 263 | AB33: 239 | AC33: =SUM(E33:AB33) -> 6587
A34: 2 | B34: Jumlah surat suara yang digunakan | E34: 204 | F34: 210 | G34: 208 | H34: 222 | I34: 234 | J34: 219 | K34: 217 | L34: 236 | M34: 214 | N34: 197 | O34: 201 | P34: 186 | Q34: 180 | R34: 231 | S34: 198 | T34: 210 | U34: 208 | V34: 224 | W34: 227 | X34: 239 | Y34: 192 | Z34: 210 | AA34: 213 | AB34: 187 | AC34: =SUM(E34:AB34) -> 5067
A35: 3 | B35: Jumlah surat suara dikembalikan oleh pemilih (karena rusak atau keliru coblos) | E35: 0 | F35: 0 | G35: 0 | H35: 1 | I35: 0 | J35: 0 | K35: 0 | L35: 0 | M35: 0 | N35: 0 | O35: 0 | P35: 0 | Q35: 0 | R35: 0 | S35: 0 | T35: 0 | U35: 0 | V35: 1 | W35: 0 | X35: 0 | Y35: 0 | Z35: 0 | AA35: 0 | AB35: 0 | AC35: =SUM(E35:AB35) -> 2
A36: 4 | B36: Jumlah surat suara yang tidak digunakan/tidak terpakai, termasuk sisa surat suara cadangan | E36: =E33-(E34+E35) -> 71 | F36: =F33-(F34+F35) -> 53 | G36: =G33-(G34+G35) -> 67 | H36: =H33-(H34+H35) -> 70 | I36: =I33-(I34+I35) -> 45 | J36: =J33-(J34+J35) -> 64 | K36: =K33-(K34+K35) -> 65 | L36: =L33-(L34+L35) -> 61 | ... AB36: =AB33-(AB34+AB35) -> 52 | AC36: =SUM(E36:AB36) -> 1518
A38: III | B38: DATA PEMILIH DISABILITAS
B39: Jumlah seluruh Pemilih disabilitas yang menggunakan hak pilih | D39: LK | E39: 0 | F39: 0 | G39: 0 | H39: 0 | I39: 0 | J39: 0 | K39: 0 | L39: 0 | M39: 0 | N39: 0 | O39: 0 | P39: 0 | Q39: 0 | R39: 0 | S39: 0 | T39: 0 | U39: 0 | V39: 0 | W39: 2 | X39: 0 | Y39: 1 | Z39: 0 | AA39: 0 | AB39: 0 | AC39: =SUM(E39:AB39) -> 3
D40: PR | E40: 0 | F40: 0 | G40: 0 | H40: 0 | I40: 0 | J40: 0 | K40: 0 | L40: 0 | M40: 0 | N40: 0 | O40: 0 | P40: 0 | Q40: 0 | R40: 0 | S40: 1 | T40: 0 | U40: 0 | V40: 1 | W40: 1 | X40: 0 | Y40: 0 | Z40: 0 | AA40: 0 | AB40: 0 | AC40: =SUM(E40:AB40) -> 3
D41: JML | E41: =SUM(E39:E40) -> 0 | F41: =SUM(F39:F40) -> 0 | G41: =SUM(G39:G40) -> 0 | H41: =SUM(H39:H40) -> 0 | I41: =SUM(I39:I40) -> 0 | J41: =SUM(J39:J40) -> 0 | K41: =SUM(K39:K40) -> 0 | L41: =SUM(L39:L40) -> 0 | ... AB41: =SUM(AB39:AB40) -> 0 | AC41: =SUM(E41:AB41) -> 6
A43: IV | B43: DATA RINCIAN PEROLEHAN SUARA PASANGAN CALON BUPATI DAN WAKIL BUPATI
A44: NOMOR DAN NAMA CALON
A45: A.1 | B45: 1. | C45: Partai Kebangkitan Bangsa | E45: 6 | F45: 8 | G45: 7 | H45: 10 | I45: 6 | J45: 11 | K45: 7 | L45: 10 | M45: 5 | N45: 9 | O45: 2 | P45: 6 | Q45: 5 | R45: 4 | S45: 8 | T45: 8 | U45: 13 | V45: 9 | W45: 16 | X45: 6 | Y45: 5 | Z45: 8 | AA45: 5 | AB45: 15 | AC45: =SUM(E45:AB45) -> 189
A46: A.2 | B46: 1 | C46: 1. Dr. Hj. NIHAYATUL WAFIROH, M.A. | E46: 20 | F46: 25 | G46: 40 | H46: 19 | I46: 32 | J46: 34 | K46: 40 | L46: 19 | M46: 15 | N46: 7 | O46: 12 | P46: 23 | Q46: 1 | R46: 5 | S46: 6 | T46: 6 | U46: 15 | V46: 17 | W46: 19 | X46: 28 | Y46: 21 | Z46: 20 | AA46: 18 | AB46: 41 | AC46: =SUM(E46:AB46) -> 483
B47: 2 | C47: 2. H. M. NASIM KHAN | E47: 2 | F47: 3 | G47: 1 | H47: 4 | I47: 2 | J47: 7 | K47: 1 | L47: 4 | M47: 3 | N47: 3 | O47: 0 | P47: 8 | Q47: 5 | R47: 3 | S47: 3 | T47: 0 | U47: 6 | V47: 1 | W47: 9 | X47: 2 | Y47: 2 | Z47: 1 | AA47: 1 | AB47: 2 | AC47: =SUM(E47:AB47) -> 73
B48: 3 | C48: 3. Dr. H. AKIK ZAMAN, M.Pd.I. | E48: 0 | F48: 0 | G48: 0 | H48: 2 | I48: 1 | J48: 2 | K48: 1 | L48: 0 | M48: 2 | N48: 0 | O48: 1 | P48: 1 | Q48: 0 | R48: 0 | S48: 0 | T48: 0 | U48: 0 | V48: 0 | W48: 0 | X48: 1 | Y48: 0 | Z48: 0 | AA48: 0 | AB48: 0 | AC48: =SUM(E48:AB48) -> 11
B49: 4 | C49: 4. AHMAD RIFA'I, S.H. | E49: 2 | F49: 0 | G49: 0 | H49: 1 | I49: 0 | J49: 0 | K49: 1 | L49: 0 | M49: 0 | N49: 1 | O49: 0 | P49: 4 | Q49: 0 | R49: 0 | S49: 0 | T49: 0 | U49: 1 | V49: 0 | W49: 0 | X49: 0 | Y49: 0 | Z49: 0 | AA49: 2 | AB49: 0 | AC49: =SUM(E49:AB49) -> 12
B50: 5 | C50: 5. Drs. H. MAHFUD M.N. | E50: 0 | F50: 0 | G50: 1 | H50: 0 | I50: 0 | J50: 1 | K50: 0 | L50: 0 | M50: 1 | N50: 0 | O50: 0 | P50: 2 | Q50: 0 | R50: 0 | S50: 0 | T50: 0 | U50: 1 | V50: 1 | W50: 2 | X50: 1 | Y50: 0 | Z50: 0 | AA50: 0 | AB50: 0 | AC50: =SUM(E50:AB50) -> 10
B51: 6 | C51: 6. NURHAYATI, S.Pd. | E51: 1 | F51: 0 | G51: 2 | H51: 1 | I51: 0 | J51: 2 | K51: 2 | L51: 1 | M51: 0 | N51: 0 | O51: 1 | P51: 2 | Q51: 1 | R51: 1 | S51: 0 | T51: 1 | U51: 2 | V51: 1 | W51: 5 | X51: 1 | Y51: 1 | Z51: 1 | AA51: 0 | AB51: 1 | AC51: =SUM(E51:AB51) -> 27
B52: 7 | C52: 7. MAFTUHA KISWAH | E52: 0 | F52: 0 | G52: 1 | H52: 0 | I52: 1 | J52: 1 | K52: 0 | L52: 0 | M52: 0 | N52: 0 | O52: 0 | P52: 0 | Q52: 1 | R52: 2 | S52: 0 | T52: 0 | U52: 0 | V52: 1 | W52: 0 | X52: 0 | Y52: 1 | Z52: 0 | AA52: 0 | AB52: 0 | AC52: =SUM(E52:AB52) -> 8
A55: B | B55: JUMLAH SUARA SAH PARTAI POLITIK DAN CALON (A1 + A2) | E55: =SUM(E45:E52) -> 31 | F55: =SUM(F45:F52) -> 36 | G55: =SUM(G45:G52) -> 52 | H55: =SUM(H45:H52) -> 37 | I55: =SUM(I45:I52) -> 42 | J55: =SUM(J45:J52) -> 58 | K55: =SUM(K45:K52) -> 52 | L55: =SUM(L45:L52) -> 34 | ... AB55: =SUM(AB45:AB52) -> 59 | AC55: =SUM(E55:AB55) -> 813
A57: A.1 | B57: 2. | C57: Partai Gerakan Indonesia Raya | E57: 3 | F57: 12 | G57: 3 | H57: 9 | I57: 9 | J57: 7 | K57: 6 | L57: 9 | M57: 6 | N57: 7 | O57: 5 | P57: 12 | Q57: 4 | R57: 12 | S57: 11 | T57: 9 | U57: 23 | V57: 15 | W57: 12 | X57: 12 | Y57: 7 | Z57: 14 | AA57: 3 | AB57: 11 | AC57: =SUM(E57:AB57) -> 221
A58: A.2 | B58: 1 | C58: 1. SUMAIL ABDULLAH | E58: 15 | F58: 4 | G58: 5 | H58: 5 | I58: 5 | J58: 2 | K58: 4 | L58: 1 | M58: 8 | N58: 4 | O58: 5 | P58: 4 | Q58: 3 | R58: 3 | S58: 8 | T58: 7 | U58: 12 | V58: 14 | W58: 12 | X58: 11 | Y58: 4 | Z58: 5 | AA58: 3 | AB58: 8 | AC58: =SUM(E58:AB58) -> 152
B59: 2 | C59: 2. MUHAMMAD ALI ADRIAN SALEH | E59: 2 | F59: 6 | G59: 8 | H59: 10 | I59: 21 | J59: 29 | K59: 4 | L59: 2 | M59: 1 | N59: 12 | O59: 12 | P59: 24 | Q59: 9 | R59: 15 | S59: 2 | T59: 14 | U59: 12 | V59: 13 | W59: 30 | X59: 41 | Y59: 8 | Z59: 3 | AA59: 5 | AB59: 15 | AC59: =SUM(E59:AB59) -> 298
B60: 3 | C60: 3. DURROTUN NAFISAH | E60: 1 | F60: 2 | G60: 0 | H60: 1 | I60: 2 | J60: 1 | K60: 0 | L60: 0 | M60: 1 | N60: 0 | O60: 0 | P60: 0 | Q60: 1 | R60: 1 | S60: 1 | T60: 0 | U60: 1 | V60: 2 | W60: 1 | X60: 0 | Y60: 3 | Z60: 0 | AA60: 0 | AB60: 1 | AC60: =SUM(E60:AB60) -> 19
B61: 4 | C61: 4. H. EKO SUSILO NURHIDAYAT | E61: 0 | F61: 0 | G61: 2 | H61: 0 | I61: 1 | J61: 0 | K61: 2 | L61: 2 | M61: 3 | N61: 1 | O61: 0 | P61: 3 | Q61: 0 | R61: 0 | S61: 0 | T61: 2 | U61: 0 | V61: 0 | W61: 2 | X61: 1 | Y61: 3 | Z61: 19 | AA61: 1 | AB61: 3 | AC61: =SUM(E61:AB61) -> 45
B62: 5 | C62: 5. KARNADI HARIJANTO, S.S. | E62: 0 | F62: 1 | G62: 0 | H62: 1 | I62: 0 | J62: 2 | K62: 1 | L62: 0 | M62: 0 | N62: 0 | O62: 0 | P62: 0 | Q62: 0 | R62: 0 | S62: 0 | T62: 1 | U62: 1 | V62: 0 | W62: 1 | X62: 0 | Y62: 1 | Z62: 0 | AA62: 0 | AB62: 0 | AC62: =SUM(E62:AB62) -> 9
B63: 6 | C63: 6. NURHAYATI | E63: 0 | F63: 2 | G63: 0 | H63: 0 | I63: 0 | J63: 0 | K63: 1 | L63: 0 | M63: 1 | N63: 0 | O63: 3 | P63: 1 | Q63: 0 | R63: 0 | S63: 0 | T63: 0 | U63: 0 | V63: 1 | W63: 3 | X63: 2 | Y63: 1 | Z63: 0 | AA63: 0 | AB63: 0 | AC63: =SUM(E63:AB63) -> 15
B64: 7 | C64: 7. MASHUDI | E64: 0 | F64: 0 | G64: 0 | H64: 0 | I64: 0 | J64: 0 | K64: 0 | L64: 0 | M64: 1 | N64: 0 | O64: 0 | P64: 0 | Q64: 0 | R64: 0 | S64: 0 | T64: 0 | U64: 0 | V64: 0 | W64: 2 | X64: 0 | Y64: 0 | Z64: 1 | AA64: 0 | AB64: 0 | AC64: =SUM(E64:AB64) -> 4
A67: B | B67: JUMLAH SUARA SAH PARTAI POLITIK DAN CALON (A1 + A2) | E67: =SUM(E57:E64) -> 21 | F67: =SUM(F57:F64) -> 27 | G67: =SUM(G57:G64) -> 18 | H67: =SUM(H57:H64) -> 26 | I67: =SUM(I57:I64) -> 38 | J67: =SUM(J57:J64) -> 41 | K67: =SUM(K57:K64) -> 18 | L67: =SUM(L57:L64) -> 14 | ... AB67: =SUM(AB57:AB64) -> 38 | AC67: =SUM(E67:AB67) -> 763
A69: A.1 | B69: 3. | C69: Partai Demokrasi Indonesia Perjuangan | E69: 13 | F69: 13 | G69: 9 | H69: 10 | I69: 13 | J69: 4 | K69: 6 | L69: 9 | M69: 10 | N69: 12 | O69: 9 | P69: 3 | Q69: 4 | R69: 14 | S69: 6 | T69: 9 | U69: 10 | V69: 10 | W69: 10 | X69: 7 | Y69: 15 | Z69: 15 | AA69: 7 | AB69: 5 | AC69: =SUM(E69:AB69) -> 223
A70: A.2 | B70: 1 | C70: 1. SONNY TRI DANAPARAMITA, S.H., M.H. | E70: 4 | F70: 8 | G70: 15 | H70: 20 | I70: 29 | J70: 15 | K70: 11 | L70: 17 | M70: 2 | N70: 3 | O70: 4 | P70: 5 | Q70: 1 | R70: 11 | S70: 4 | T70: 4 | U70: 5 | V70: 4 | W70: 9 | X70: 11 | Y70: 10 | Z70: 13 | AA70: 55 | AB70: 26 | AC70: =SUM(E70:AB70) -> 286
B71: 2 | C71: 2. H. MOHAMAD GUNTUR ROMLI | E71: 2 | F71: 3 | G71: 4 | H71: 1 | I71: 2 | J71: 2 | K71: 3 | L71: 6 | M71: 1 | N71: 3 | O71: 2 | P71: 1 | Q71: 2 | R71: 7 | S71: 21 | T71: 5 | U71: 21 | V71: 4 | W71: 2 | X71: 5 | Y71: 2 | Z71: 28 | AA71: 2 | AB71: 0 | AC71: =SUM(E71:AB71) -> 129
B72: 3 | C72: 3. INA AMMANIA | E72: 12 | F72: 5 | G72: 1 | H72: 10 | I72: 13 | J72: 0 | K72: 10 | L72: 4 | M72: 12 | N72: 21 | O72: 27 | P72: 3 | Q72: 11 | R72: 22 | S72: 4 | T72: 15 | U72: 6 | V72: 14 | W72: 17 | X72: 9 | Y72: 2 | Z72: 4 | AA72: 2 | AB72: 3 | AC72: =SUM(E72:AB72) -> 227
B73: 4 | C73: 4. IRWAN BACHTIAR RACHMAT, M.Si. | E73: 0 | F73: 1 | G73: 1 | H73: 0 | I73: 0 | J73: 0 | K73: 0 | L73: 1 | M73: 0 | N73: 0 | O73: 0 | P73: 0 | Q73: 1 | R73: 0 | S73: 0 | T73: 0 | U73: 1 | V73: 0 | W73: 1 | X73: 1 | Y73: 0 | Z73: 0 | AA73: 0 | AB73: 0 | AC73: =SUM(E73:AB73) -> 7
B74: 5 | C74: 5. LUCKY PERDANA | E74: 8 | F74: 1 | G74: 0 | H74: 0 | I74: 1 | J74: 0 | K74: 11 | L74: 6 | M74: 4 | N74: 3 | O74: 4 | P74: 2 | Q74: 1 | R74: 1 | S74: 1 | T74: 1 | U74: 0 | V74: 1 | W74: 1 | X74: 2 | Y74: 1 | Z74: 0 | AA74: 2 | AB74: 0 | AC74: =SUM(E74:AB74) -> 51
B75: 6 | C75: 6. WIWIK PUJIYATI | E75: 1 | F75: 0 | G75: 0 | H75: 0 | I75: 0 | J75: 0 | K75: 1 | L75: 0 | M75: 0 | N75: 2 | O75: 2 | P75: 0 | Q75: 1 | R75: 1 | S75: 1 | T75: 0 | U75: 0 | V75: 2 | W75: 1 | X75: 3 | Y75: 1 | Z75: 1 | AA75: 0 | AB75: 0 | AC75: =SUM(E75:AB75) -> 17
B76: 7 | C76: 7. CHANDRA ASTAN, S.T. | E76: 0 | F76: 0 | G76: 2 | H76: 0 | I76: 0 | J76: 1 | K76: 0 | L76: 4 | M76: 3 | N76: 1 | O76: 0 | P76: 0 | Q76: 2 | R76: 1 | S76: 2 | T76: 0 | U76: 0 | V76: 1 | W76: 0 | X76: 0 | Y76: 1 | Z76: 0 | AA76: 0 | AB76: 0 | AC76: =SUM(E76:AB76) -> 18
A79: B | B79: JUMLAH SUARA SAH PARTAI POLITIK DAN CALON (A1 + A2) | E79: =SUM(E69:E76) -> 40 | F79: =SUM(F69:F76) -> 31 | G79: =SUM(G69:G76) -> 32 | H79: =SUM(H69:H76) -> 41 | I79: =SUM(I69:I76) -> 58 | J79: =SUM(J69:J76) -> 22 | K79: =SUM(K69:K76) -> 42 | L79: =SUM(L69:L76) -> 47 | ... AB79: =SUM(AB69:AB76) -> 34 | AC79: =SUM(E79:AB79) -> 958
A81: A.1 | B81: 4. | C81: Partai Golongan Karya | E81: 4 | F81: 7 | G81: 3 | H81: 8 | I81: 9 | J81: 5 | K81: 2 | L81: 10 | M81: 6 | N81: 4 | O81: 4 | P81: 1 | Q81: 3 | R81: 6 | S81: 5 | T81: 10 | U81: 7 | V81: 4 | W81: 1 | X81: 3 | Y81: 4 | Z81: 3 | AA81: 3 | AB81: 4 | AC81: =SUM(E81:AB81) -> 116
A82: A.2 | B82: 1 | C82: 1. ZULFIKAR ARSE SADIKIN, S.I.P., M.Si. | E82: 27 | F82: 17 | G82: 18 | H82: 35 | I82: 21 | J82: 29 | K82: 41 | L82: 41 | M82: 47 | N82: 27 | O82: 14 | P82: 9 | Q82: 18 | R82: 7 | S82: 41 | T82: 59 | U82: 22 | V82: 32 | W82: 9 | X82: 12 | Y82: 22 | Z82: 27 | AA82: 6 | AB82: 13 | AC82: =SUM(E82:AB82) -> 594
B83: 2 | C83: 2. HANDOKO | E83: 1 | F83: 4 | G83: 4 | H83: 4 | I83: 3 | J83: 2 | K83: 3 | L83: 3 | M83: 5 | N83: 1 | O83: 4 | P83: 1 | Q83: 3 | R83: 1 | S83: 2 | T83: 0 | U83: 2 | V83: 1 | W83: 0 | X83: 2 | Y83: 2 | Z83: 2 | AA83: 3 | AB83: 0 | AC83: =SUM(E83:AB83) -> 53
B84: 3 | C84: 3. Hj. OVI DEWI YANTI | E84: 1 | F84: 0 | G84: 0 | H84: 1 | I84: 0 | J84: 0 | K84: 1 | L84: 3 | M84: 4 | N84: 2 | O84: 0 | P84: 0 | Q84: 0 | R84: 0 | S84: 0 | T84: 1 | U84: 0 | V84: 1 | W84: 0 | X84: 1 | Y84: 1 | Z84: 0 | AA84: 1 | AB84: 0 | AC84: =SUM(E84:AB84) -> 17
B85: 4 | C85: 4. Ir. AZAM AZMAN NATAWIJANA | E85: 0 | F85: 0 | G85: 0 | H85: 0 | I85: 2 | J85: 0 | K85: 0 | L85: 0 | M85: 3 | N85: 0 | O85: 0 | P85: 1 | Q85: 0 | R85: 1 | S85: 1 | T85: 0 | U85: 0 | V85: 1 | W85: 0 | X85: 0 | Y85: 1 | Z85: 0 | AA85: 1 | AB85: 1 | AC85: =SUM(E85:AB85) -> 12
B86: 5 | C86: 5. UBAIDILLAH AMIN, S.Kom. | E86: 0 | F86: 0 | G86: 0 | H86: 0 | I86: 1 | J86: 1 | K86: 0 | L86: 1 | M86: 1 | N86: 0 | O86: 1 | P86: 0 | Q86: 2 | R86: 42 | S86: 1 | T86: 0 | U86: 0 | V86: 0 | W86: 0 | X86: 1 | Y86: 2 | Z86: 0 | AA86: 0 | AB86: 0 | AC86: =SUM(E86:AB86) -> 53
B87: 6 | C87: 6. DENNY YUNIANDARI, S.H., M.Kn. | E87: 0 | F87: 0 | G87: 0 | H87: 0 | I87: 0 | J87: 0 | K87: 0 | L87: 0 | M87: 0 | N87: 1 | O87: 0 | P87: 0 | Q87: 1 | R87: 0 | S87: 0 | T87: 0 | U87: 0 | V87: 0 | W87: 1 | X87: 0 | Y87: 0 | Z87: 1 | AA87: 0 | AB87: 0 | AC87: =SUM(E87:AB87) -> 4
B88: 7 | C88: 7. ERNADI, S.H.I. | E88: 1 | F88: 0 | G88: 1 | H88: 0 | I88: 0 | J88: 0 | K88: 0 | L88: 0 | M88: 0 | N88: 0 | O88: 0 | P88: 1 | Q88: 0 | R88: 1 | S88: 0 | T88: 0 | U88: 0 | V88: 0 | W88: 0 | X88: 1 | Y88: 0 | Z88: 0 | AA88: 0 | AB88: 0 | AC88: =SUM(E88:AB88) -> 5
A91: B | B91: JUMLAH SUARA SAH PARTAI POLITIK DAN CALON (A1 + A2) | E91: =SUM(E81:E88) -> 34 | F91: =SUM(F81:F88) -> 28 | G91: =SUM(G81:G88) -> 26 | H91: =SUM(H81:H88) -> 48 | I91: =SUM(I81:I88) -> 36 | J91: =SUM(J81:J88) -> 37 | K91: =SUM(K81:K88) -> 47 | L91: =SUM(L81:L88) -> 58 | ... AB91: =SUM(AB81:AB88) -> 18 | AC91: =SUM(E91:AB91) -> 854
A93: A.1 | B93: 5. | C93: Partai NasDem | E93: 1 | F93: 0 | G93: 0 | H93: 0 | I93: 0 | J93: 0 | K93: 2 | L93: 0 | M93: 1 | N93: 2 | O93: 0 | P93: 3 | Q93: 0 | R93: 0 | S93: 3 | T93: 1 | U93: 0 | V93: 3 | W93: 1 | X93: 0 | Y93: 1 | Z93: 0 | AA93: 0 | AB93: 0 | AC93: =SUM(E93:AB93) -> 18
A94: A.2 | B94: 1 | C94: 1. ACH. FADIL MUZAKKI SYAH | E94: 0 | F94: 0 | G94: 0 | H94: 1 | I94: 1 | J94: 0 | K94: 1 | L94: 0 | M94: 0 | N94: 1 | O94: 0 | P94: 0 | Q94: 0 | R94: 3 | S94: 4 | T94: 3 | U94: 0 | V94: 1 | W94: 0 | X94: 4 | Y94: 1 | Z94: 1 | AA94: 0 | AB94: 0 | AC94: =SUM(E94:AB94) -> 21
B95: 2 | C95: 2. BENY | E95: 0 | F95: 0 | G95: 0 | H95: 0 | I95: 0 | J95: 0 | K95: 1 | L95: 0 | M95: 0 | N95: 0 | O95: 0 | P95: 0 | Q95: 0 | R95: 3 | S95: 0 | T95: 1 | U95: 2 | V95: 3 | W95: 12 | X95: 14 | Y95: 3 | Z95: 0 | AA95: 0 | AB95: 0 | AC95: =SUM(E95:AB95) -> 39
B96: 3 | C96: 3. VINA VERONIKA | E96: 0 | F96: 0 | G96: 0 | H96: 0 | I96: 0 | J96: 1 | K96: 0 | L96: 1 | M96: 0 | N96: 0 | O96: 0 | P96: 0 | Q96: 0 | R96: 0 | S96: 0 | T96: 1 | U96: 0 | V96: 0 | W96: 0 | X96: 0 | Y96: 1 | Z96: 1 | AA96: 0 | AB96: 0 | AC96: =SUM(E96:AB96) -> 5
B97: 4 | C97: 4. TEDDY ANUGRIANTO | E97: 0 | F97: 0 | G97: 0 | H97: 0 | I97: 0 | J97: 1 | K97: 0 | L97: 1 | M97: 1 | N97: 0 | O97: 0 | P97: 1 | Q97: 0 | R97: 1 | S97: 0 | T97: 1 | U97: 1 | V97: 1 | W97: 5 | X97: 16 | Y97: 3 | Z97: 1 | AA97: 2 | AB97: 0 | AC97: =SUM(E97:AB97) -> 35
B98: 5 | C98: 5. INSAN KAMIL | E98: 0 | F98: 0 | G98: 0 | H98: 0 | I98: 0 | J98: 0 | K98: 1 | L98: 0 | M98: 0 | N98: 0 | O98: 0 | P98: 0 | Q98: 0 | R98: 1 | S98: 0 | T98: 0 | U98: 0 | V98: 0 | W98: 0 | X98: 0 | Y98: 0 | Z98: 0 | AA98: 0 | AB98: 0 | AC98: =SUM(E98:AB98) -> 2
B99: 6 | C99: 6. LILIK LINDARWATI | E99: 0 | F99: 0 | G99: 0 | H99: 0 | I99: 0 | J99: 0 | K99: 0 | L99: 0 | M99: 0 | N99: 0 | O99: 0 | P99: 0 | Q99: 0 | R99: 0 | S99: 0 | T99: 0 | U99: 0 | V99: 0 | W99: 0 | X99: 0 | Y99: 0 | Z99: 0 | AA99: 0 | AB99: 0 | AC99: =SUM(E99:AB99) -> 0
B100: 7 | C100: 7. YULI ANITA | E100: 0 | F100: 0 | G100: 0 | H100: 0 | I100: 0 | J100: 0 | K100: 0 | L100: 0 | M100: 0 | N100: 0 | O100: 0 | P100: 0 | Q100: 0 | R100: 0 | S100: 0 | T100: 0 | U100: 0 | V100: 0 | W100: 0 | X100: 0 | Y100: 0 | Z100: 0 | AA100: 0 | AB100: 0 | AC100: =SUM(E100:AB100) -> 0
A103: B | B103: JUMLAH SUARA SAH PARTAI POLITIK DAN CALON (A1 + A2) | E103: =SUM(E93:E100) -> 1 | F103: =SUM(F93:F100) -> 0 | G103: =SUM(G93:G100) -> 0 | H103: =SUM(H93:H100) -> 1 | I103: =SUM(I93:I100) -> 1 | J103: =SUM(J93:J100) -> 2 | K103: =SUM(K93:K100) -> 5 | L103: =SUM(L93:L100) -> 2 | ... AB103: =SUM(AB93:AB100) -> 0 | AC103: =SUM(E103:AB103) -> 120
A105: A.1 | B105: 6. | C105: Partai Buruh | E105: 0 | F105: 1 | G105: 0 | H105: 1 | I105: 3 | J105: 2 | K105: 0 | L105: 0 | M105: 0 | N105: 0 | O105: 0 | P105: 1 | Q105: 0 | R105: 1 | S105: 1 | T105: 0 | U105: 0 | V105: 0 | W105: 2 | X105: 0 | Y105: 0 | Z105: 1 | AA105: 0 | AB105: 2 | AC105: =SUM(E105:AB105) -> 15
A106: A.2 | B106: 1 | C106: 1. KHOIRUL ANAM | E106: 0 | F106: 0 | G106: 1 | H106: 0 | I106: 0 | J106: 0 | K106: 0 | L106: 0 | M106: 0 | N106: 0 | O106: 0 | P106: 0 | Q106: 0 | R106: 0 | S106: 0 | T106: 1 | U106: 0 | V106: 0 | W106: 1 | X106: 0 | Y106: 0 | Z106: 0 | AA106: 0 | AB106: 0 | AC106: =SUM(E106:AB106) -> 3
B107: 2 | C107: 2. INA KURNIA | E107: 0 | F107: 0 | G107: 0 | H107: 0 | I107: 0 | J107: 0 | K107: 0 | L107: 0 | M107: 1 | N107: 0 | O107: 0 | P107: 0 | Q107: 0 | R107: 0 | S107: 0 | T107: 0 | U107: 1 | V107: 0 | W107: 0 | X107: 0 | Y107: 0 | Z107: 0 | AA107: 0 | AB107: 0 | AC107: =SUM(E107:AB107) -> 2
B108: 3 | C108: 3. JIBRAL TAROUK | E108: 0 | F108: 0 | G108: 0 | H108: 0 | I108: 0 | J108: 0 | K108: 0 | L108: 0 | M108: 0 | N108: 0 | O108: 0 | P108: 0 | Q108: 0 | R108: 0 | S108: 0 | T108: 0 | U108: 0 | V108: 0 | W108: 0 | X108: 0 | Y108: 0 | Z108: 0 | AA108: 0 | AB108: 1 | AC108: =SUM(E108:AB108) -> 1
B109: 4 | C109: 4. ASTUTI DAENG PUJI | E109: 1 | F109: 0 | G109: 0 | H109: 0 | I109: 0 | J109: 0 | K109: 0 | L109: 0 | M109: 0 | N109: 0 | O109: 0 | P109: 0 | Q109: 0 | R109: 0 | S109: 0 | T109: 0 | U109: 0 | V109: 0 | W109: 0 | X109: 0 | Y109: 0 | Z109: 0 | AA109: 0 | AB109: 0 | AC109: =SUM(E109:AB109) -> 1
B110: 5 | C110: 5. ASDARMAWAN | E110: 0 | F110: 0 | G110: 0 | H110: 0 | I110: 0 | J110: 0 | K110: 0 | L110: 0 | M110: 0 | N110: 0 | O110: 0 | P110: 0 | Q110: 0 | R110: 0 | S110: 0 | T110: 0 | U110: 0 | V110: 0 | W110: 0 | X110: 0 | Y110: 0 | Z110: 0 | AA110: 0 | AB110: 0 | AC110: =SUM(E110:AB110) -> 0
B111: 6 | C111: 6. RIFQI MUBAROK | E111: 0 | F111: 0 | G111: 1 | H111: 0 | I111: 1 | J111: 0 | K111: 0 | L111: 0 | M111: 0 | N111: 0 | O111: 0 | P111: 0 | Q111: 0 | R111: 0 | S111: 0 | T111: 0 | U111: 0 | V111: 0 | W111: 0 | X111: 0 | Y111: 0 | Z111: 0 | AA111: 0 | AB111: 0 | AC111: =SUM(E111:AB111) -> 2
B112: 7 | C112: 7. FIRNANDA ALTA MEGA | E112: 0 | F112: 0 | G112: 0 | H112: 0 | I112: 0 | J112: 0 | K112: 0 | L112: 0 | M112: 0 | N112: 0 | O112: 0 | P112: 0 | Q112: 0 | R112: 0 | S112: 0 | T112: 0 | U112: 0 | V112: 0 | W112: 0 | X112: 0 | Y112: 0 | Z112: 0 | AA112: 0 | AB112: 0 | AC112: =SUM(E112:AB112) -> 0
A115: B | B115: JUMLAH SUARA SAH PARTAI POLITIK DAN CALON (A1 + A2) | E115: =SUM(E105:E112) -> 1 | F115: =SUM(F105:F112) -> 1 | G115: =SUM(G105:G112) -> 2 | H115: =SUM(H105:H112) -> 1 | I115: =SUM(I105:I112) -> 4 | J115: =SUM(J105:J112) -> 2 | K115: =SUM(K105:K112) -> 0 | L115: =SUM(L105:L112) -> 0 | ... AB115: =SUM(AB105:AB112) -> 3 | AC115: =SUM(E115:AB115) -> 24
A117: A.1 | B117: 7. | C117: Partai Gelombang Rakyat Indonesia | E117: 2 | F117: 1 | G117: 0 | H117: 1 | I117: 0 | J117: 0 | K117: 0 | L117: 0 | M117: 1 | N117: 1 | O117: 0 | P117: 0 | Q117: 0 | R117: 0 | S117: 0 | T117: 0 | U117: 0 | V117: 1 | W117: 0 | X117: 0 | Y117: 1 | Z117: 3 | AA117: 2 | AB117: 0 | AC117: =SUM(E117:AB117) -> 13
A118: A.2 | B118: 1 | C118: 1. TITI WIDORETNO WARISMAN | E118: 0 | F118: 0 | G118: 0 | H118: 0 | I118: 1 | J118: 1 | K118: 1 | L118: 1 | M118: 0 | N118: 1 | O118: 1 | P118: 1 | Q118: 1 | R118: 0 | S118: 2 | T118: 0 | U118: 0 | V118: 0 | W118: 0 | X118: 0 | Y118: 1 | Z118: 0 | AA118: 0 | AB118: 0 | AC118: =SUM(E118:AB118) -> 11
B119: 2 | C119: 2. MAMIEK SETYANINGSIH | E119: 0 | F119: 0 | G119: 0 | H119: 0 | I119: 0 | J119: 0 | K119: 0 | L119: 0 | M119: 0 | N119: 1 | O119: 0 | P119: 0 | Q119: 0 | R119: 0 | S119: 0 | T119: 0 | U119: 0 | V119: 0 | W119: 0 | X119: 0 | Y119: 0 | Z119: 0 | AA119: 0 | AB119: 0 | AC119: =SUM(E119:AB119) -> 1
B120: 3 | C120: 3. ROMIL AZIZEN | E120: 0 | F120: 0 | G120: 0 | H120: 0 | I120: 0 | J120: 0 | K120: 0 | L120: 0 | M120: 0 | N120: 0 | O120: 0 | P120: 0 | Q120: 0 | R120: 0 | S120: 0 | T120: 0 | U120: 1 | V120: 0 | W120: 0 | X120: 0 | Y120: 0 | Z120: 1 | AA120: 0 | AB120: 0 | AC120: =SUM(E120:AB120) -> 2
A127: B | B127: JUMLAH SUARA SAH PARTAI POLITIK DAN CALON (A1 + A2) | E127: =SUM(E117:E120) -> 2 | F127: =SUM(F117:F120) -> 1 | G127: =SUM(G117:G120) -> 0 | H127: =SUM(H117:H120) -> 1 | I127: =SUM(I117:I120) -> 1 | J127: =SUM(J117:J120) -> 1 | K127: =SUM(K117:K120) -> 1 | L127: =SUM(L117:L120) -> 1 | ... AB127: =SUM(AB117:AB120) -> 0 | AC127: =SUM(E127:AB127) -> 27
A129: A.1 | B129: 8. | C129: Partai Keadilan Sejahtera | E129: 0 | F129: 0 | G129: 2 | H129: 2 | I129: 0 | J129: 1 | K129: 1 | L129: 0 | M129: 0 | N129: 2 | O129: 0 | P129: 3 | Q129: 1 | R129: 0 | S129: 0 | T129: 1 | U129: 1 | V129: 2 | W129: 0 | X129: 0 | Y129: 0 | Z129: 1 | AA129: 0 | AB129: 1 | AC129: =SUM(E129:AB129) -> 18
A130: A.2 | B130: 1 | C130: 1. H. SAIMI SALEH, S.E., M.M. | E130: 0 | F130: 0 | G130: 0 | H130: 0 | I130: 0 | J130: 2 | K130: 0 | L130: 0 | M130: 1 | N130: 0 | O130: 5 | P130: 3 | Q130: 1 | R130: 0 | S130: 3 | T130: 1 | U130: 1 | V130: 3 | W130: 0 | X130: 0 | Y130: 0 | Z130: 1 | AA130: 1 | AB130: 0 | AC130: =SUM(E130:AB130) -> 22
B131: 2 | C131: 2. Prof. Dr. H. EGGI SUDJANA, S.H., M.Si. | E131: 0 | F131: 0 | G131: 1 | H131: 0 | I131: 0 | J131: 0 | K131: 1 | L131: 2 | M131: 0 | N131: 0 | O131: 2 | P131: 0 | Q131: 0 | R131: 0 | S131: 1 | T131: 1 | U131: 0 | V131: 0 | W131: 1 | X131: 0 | Y131: 0 | Z131: 1 | AA131: 0 | AB131: 0 | AC131: =SUM(E131:AB131) -> 10
B132: 3 | C132: 3. NURUL KHOTIMAH | E132: 0 | F132: 0 | G132: 0 | H132: 0 | I132: 0 | J132: 0 | K132: 0 | L132: 0 | M132: 0 | N132: 0 | O132: 0 | P132: 0 | Q132: 0 | R132: 0 | S132: 0 | T132: 0 | U132: 0 | V132: 0 | W132: 0 | X132: 0 | Y132: 0 | Z132: 1 | AA132: 0 | AB132: 0 | AC132: =SUM(E132:AB132) -> 1
B133: 4 | C133: 4. AKHMAD SUYANTO, S.T., M.T. | E133: 0 | F133: 0 | G133: 0 | H133: 0 | I133: 0 | J133: 0 | K133: 0 | L133: 0 | M133: 0 | N133: 0 | O133: 0 | P133: 0 | Q133: 0 | R133: 0 | S133: 0 | T133: 0 | U133: 1 | V133: 0 | W133: 0 | X133: 0 | Y133: 0 | Z133: 0 | AA133: 0 | AB133: 0 | AC133: =SUM(E133:AB133) -> 1
B134: 5 | C134: 5. PUJIYATNI | E134: 0 | F134: 0 | G134: 0 | H134: 0 | I134: 0 | J134: 0 | K134: 0 | L134: 0 | M134: 0 | N134: 0 | O134: 0 | P134: 0 | Q134: 0 | R134: 0 | S134: 0 | T134: 0 | U134: 0 | V134: 0 | W134: 0 | X134: 0 | Y134: 0 | Z134: 0 | AA134: 0 | AB134: 0 | AC134: =SUM(E134:AB134) -> 0
B135: 6 | C135: 6. HENI PURWATININGSIH | E135: 0 | F135: 0 | G135: 0 | H135: 0 | I135: 0 | J135: 0 | K135: 0 | L135: 0 | M135: 0 | N135: 0 | O135: 0 | P135: 0 | Q135: 0 | R135: 0 | S135: 0 | T135: 0 | U135: 0 | V135: 0 | W135: 0 | X135: 0 | Y135: 0 | Z135: 0 | AA135: 0 | AB135: 0 | AC135: =SUM(E135:AB135) -> 0
B136: 7 | C136: 7. MUHADI | E136: 0 | F136: 0 | G136: 0 | H136: 0 | I136: 0 | J136: 0 | K136: 0 | L136: 0 | M136: 0 | N136: 0 | O136: 0 | P136: 0 | Q136: 1 | R136: 0 | S136: 0 | T136: 0 | U136: 0 | V136: 0 | W136: 0 | X136: 0 | Y136: 0 | Z136: 0 | AA136: 0 | AB136: 0 | AC136: =SUM(E136:AB136) -> 1
...

Sheet SRATEN
C2: Kecamatan | D2: CLURING
C3: Kabupaten | D3: BANYUWANGI
C4: Provinsi | D4: JAWA TIMUR
C9: Kelurahan | D9: SRATEN
A12: I | B12: DATA PEMILIH DAN PENGGUNAAN HAK PILIH | AB12: JUMLAH AKHIR
A13: A | B13: DATA PEMILIH | E13: TPS 001 | F13: TPS 002 | G13: TPS 003 | H13: TPS 004 | I13: TPS 005 | J13: TPS 006 | K13: TPS 007 | L13: TPS 008 | M13: TPS 009 | N13: TPS 010 | O13: TPS 011 | P13: TPS 012 | Q13: TPS 013 | R13: TPS 014 | S13: TPS 015 | T13: TPS 016 | U13: TPS 017 | V13: TPS 018 | W13: TPS 019 | X13: TPS 020 | Y13: TPS 021 | Z13: TPS 022 | AA13: TPS 023
B14: Jumlah Pemilih dalam Daftar Pemilih Tetap (DPT) | D14: LK | AB14: =SUM(E14:AA14) -> 0
D15: PR | AB15: =SUM(E15:AA15) -> 0
D16: JML | E16: =SUM(E14:E15) -> 0 | F16: =SUM(F14:F15) -> 0 | G16: =SUM(G14:G15) -> 0 | H16: =SUM(H14:H15) -> 0 | I16: =SUM(I14:I15) -> 0 | J16: =SUM(J14:J15) -> 0 | K16: =SUM(K14:K15) -> 0 | L16: =SUM(L14:L15) -> 0 | ... AA16: =SUM(AA14:AA15) -> 0 | AB16: =SUM(E16:AA16) -> 0
A18: B | B18: PENGGUNA HAK PILIH
B19: 1. | C19: Jumlah pengguna hak pilih dalam Daftar Pemilih Tetap (DPT) | D19: LK | AB19: =SUM(E19:AA19) -> 0
D20: PR | AB20: =SUM(E20:AA20) -> 0
D21: JML | E21: =SUM(E19:E20) -> 0 | F21: =SUM(F19:F20) -> 0 | G21: =SUM(G19:G20) -> 0 | H21: =SUM(H19:H20) -> 0 | I21: =SUM(I19:I20) -> 0 | J21: =SUM(J19:J20) -> 0 | K21: =SUM(K19:K20) -> 0 | L21: =SUM(L19:L20) -> 0 | ... AA21: =SUM(AA19:AA20) -> 0 | AB21: =SUM(E21:AA21) -> 0
B22: 2. | C22: Jumlah pengguna hak pilih dalam Daftar Pemilih Tambahan (DPTb) | D22: LK | AB22: =SUM(E22:AA22) -> 0
D23: PR | AB23: =SUM(E23:AA23) -> 0
D24: JML | E24: =SUM(E22:E23) -> 0 | F24: =SUM(F22:F23) -> 0 | G24: =SUM(G22:G23) -> 0 | H24: =SUM(H22:H23) -> 0 | I24: =SUM(I22:I23) -> 0 | J24: =SUM(J22:J23) -> 0 | K24: =SUM(K22:K23) -> 0 | L24: =SUM(L22:L23) -> 0 | ... AA24: =SUM(AA22:AA23) -> 0 | AB24: =SUM(E24:AA24) -> 0
B25: 3. | C25: Jumlah pengguna hak pilih dalam Daftar Pemilih Khusus (DPK) | D25: LK | AB25: =SUM(E25:AA25) -> 0
D26: PR | AB26: =SUM(E26:AA26) -> 0
D27: JML | E27: =SUM(E25:E26) -> 0 | F27: =SUM(F25:F26) -> 0 | G27: =SUM(G25:G26) -> 0 | H27: =SUM(H25:H26) -> 0 | I27: =SUM(I25:I26) -> 0 | J27: =SUM(J25:J26) -> 0 | K27: =SUM(K25:K26) -> 0 | L27: =SUM(L25:L26) -> 0 | ... AA27: =SUM(AA25:AA26) -> 0 | AB27: =SUM(E27:AA27) -> 0
B28: 4. | C28: Jumlah Pengguna Hak Pilih (B.1+B.2+B.3) | D28: LK | E28: =SUM(E19,E22,E25) -> 0 | F28: =SUM(F19,F22,F25) -> 0 | G28: =SUM(G19,G22,G25) -> 0 | H28: =SUM(H19,H22,H25) -> 0 | I28: =SUM(I19,I22,I25) -> 0 | J28: =SUM(J19,J22,J25) -> 0 | K28: =SUM(K19,K22,K25) -> 0 | L28: =SUM(L19,L22,L25) -> 0 | ... AA28: =SUM(AA19,AA22,AA25) -> 0 | AB28: =SUM(E28:AA28) -> 0
D29: PR | E29: =SUM(E20,E23,E26) -> 0 | F29: =SUM(F20,F23,F26) -> 0 | G29: =SUM(G20,G23,G26) -> 0 | H29: =SUM(H20,H23,H26) -> 0 | I29: =SUM(I20,I23,I26) -> 0 | J29: =SUM(J20,J23,J26) -> 0 | K29: =SUM(K20,K23,K26) -> 0 | L29: =SUM(L20,L23,L26) -> 0 | ... AA29: =SUM(AA20,AA23,AA26) -> 0 | AB29: =SUM(E29:AA29) -> 0
D30: JML | E30: =SUM(E28:E29) -> 0 | F30: =SUM(F28:F29) -> 0 | G30: =SUM(G28:G29) -> 0 | H30: =SUM(H28:H29) -> 0 | I30: =SUM(I28:I29) -> 0 | J30: =SUM(J28:J29) -> 0 | K30: =SUM(K28:K29) -> 0 | L30: =SUM(L28:L29) -> 0 | ... AA30: =SUM(AA28:AA29) -> 0 | AB30: =SUM(E30:AA30) -> 0
A32: II | B32: DATA PENGGUNAAN SURAT SUARA
A33: 1 | B33: Jumlah surat suara yang diterima, termasuk surat suara cadangan 2,5% dari DPT | AB33: =SUM(E33:AA33) -> 0
A34: 2 | B34: Jumlah surat suara yang digunakan | AB34: =SUM(E34:AA34) -> 0
A35: 3 | B35: Jumlah surat suara dikembalikan oleh pemilih (karena rusak atau keliru coblos) | AB35: =SUM(E35:AA35) -> 0
A36: 4 | B36: Jumlah surat suara yang tidak digunakan/tidak terpakai, termasuk sisa surat suara cadangan | E36: =E33-(E34+E35) -> 0 | F36: =F33-(F34+F35) -> 0 | G36: =G33-(G34+G35) -> 0 | H36: =H33-(H34+H35) -> 0 | I36: =I33-(I34+I35) -> 0 | J36: =J33-(J34+J35) -> 0 | K36: =K33-(K34+K35) -> 0 | L36: =L33-(L34+L35) -> 0 | ... AA36: =AA33-(AA34+AA35) -> 0 | AB36: =SUM(E36:AA36) -> 0
A38: III | B38: DATA PEMILIH DISABILITAS
B39: Jumlah seluruh Pemilih disabilitas yang menggunakan hak pilih | D39: LK | AB39: =SUM(E39:AA39) -> 0
D40: PR | AB40: =SUM(E40:AA40) -> 0
D41: JML | E41: =SUM(E39:E40) -> 0 | F41: =SUM(F39:F40) -> 0 | G41: =SUM(G39:G40) -> 0 | H41: =SUM(H39:H40) -> 0 | I41: =SUM(I39:I40) -> 0 | J41: =SUM(J39:J40) -> 0 | K41: =SUM(K39:K40) -> 0 | L41: =SUM(L39:L40) -> 0 | ... AA41: =SUM(AA39:AA40) -> 0 | AB41: =SUM(E41:AA41) -> 0
A43: IV | B43: DATA RINCIAN PEROLEHAN SUARA PASANGAN CALON BUPATI DAN WAKIL BUPATI
A44: NOMOR DAN NAMA CALON
A45: A.1 | B45: 1. | C45: Partai Kebangkitan Bangsa | AB45: =SUM(E45:AA45) -> 0
A46: A.2 | B46: 1 | C46: 1. Dr. Hj. NIHAYATUL WAFIROH, M.A. | AB46: =SUM(E46:AA46) -> 0
B47: 2 | C47: 2. H. M. NASIM KHAN | AB47: =SUM(E47:AA47) -> 0
B48: 3 | C48: 3. Dr. H. AKIK ZAMAN, M.Pd.I. | AB48: =SUM(E48:AA48) -> 0
B49: 4 | C49: 4. AHMAD RIFA'I, S.H. | AB49: =SUM(E49:AA49) -> 0
B50: 5 | C50: 5. Drs. H. MAHFUD M.N. | AB50: =SUM(E50:AA50) -> 0
B51: 6 | C51: 6. NURHAYATI, S.Pd. | AB51: =SUM(E51:AA51) -> 0
B52: 7 | C52: 7. MAFTUHA KISWAH | AB52: =SUM(E52:AA52) -> 0
A55: B | B55: JUMLAH SUARA SAH PARTAI POLITIK DAN CALON (A1 + A2) | E55: =SUM(E45:E52) -> 0 | F55: =SUM(F45:F52) -> 0 | G55: =SUM(G45:G52) -> 0 | H55: =SUM(H45:H52) -> 0 | I55: =SUM(I45:I52) -> 0 | J55: =SUM(J45:J52) -> 0 | K55: =SUM(K45:K52) -> 0 | L55: =SUM(L45:L52) -> 0 | ... AA55: =SUM(AA45:AA52) -> 0 | AB55: =SUM(E55:AA55) -> 0
A57: A.1 | B57: 2. | C57: Partai Gerakan Indonesia Raya | AB57: =SUM(E57:AA57) -> 0
A58: A.2 | B58: 1 | C58: 1. SUMAIL ABDULLAH | AB58: =SUM(E58:AA58) -> 0
B59: 2 | C59: 2. MUHAMMAD ALI ADRIAN SALEH | AB59: =SUM(E59:AA59) -> 0
B60: 3 | C60: 3. DURROTUN NAFISAH | AB60: =SUM(E60:AA60) -> 0
B61: 4 | C61: 4. H. EKO SUSILO NURHIDAYAT | AB61: =SUM(E61:AA61) -> 0
B62: 5 | C62: 5. KARNADI HARIJANTO, S.S. | AB62: =SUM(E62:AA62) -> 0
B63: 6 | C63: 6. NURHAYATI | AB63: =SUM(E63:AA63) -> 0
B64: 7 | C64: 7. MASHUDI | AB64: =SUM(E64:AA64) -> 0
A67: B | B67: JUMLAH SUARA SAH PARTAI POLITIK DAN CALON (A1 + A2) | E67: =SUM(E57:E64) -> 0 | F67: =SUM(F57:F64) -> 0 | G67: =SUM(G57:G64) -> 0 | H67: =SUM(H57:H64) -> 0 | I67: =SUM(I57:I64) -> 0 | J67: =SUM(J57:J64) -> 0 | K67: =SUM(K57:K64) -> 0 | L67: =SUM(L57:L64) -> 0 | ... AA67: =SUM(AA57:AA64) -> 0 | AB67: =SUM(E67:AA67) -> 0
A69: A.1 | B69: 3. | C69: Partai Demokrasi Indonesia Perjuangan | AB69: =SUM(E69:AA69) -> 0
A70: A.2 | B70: 1 | C70: 1. SONNY TRI DANAPARAMITA, S.H., M.H. | AB70: =SUM(E70:AA70) -> 0
B71: 2 | C71: 2. H. MOHAMAD GUNTUR ROMLI | AB71: =SUM(E71:AA71) -> 0
B72: 3 | C72: 3. INA AMMANIA | AB72: =SUM(E72:AA72) -> 0
B73: 4 | C73: 4. IRWAN BACHTIAR RACHMAT, M.Si. | AB73: =SUM(E73:AA73) -> 0
B74: 5 | C74: 5. LUCKY PERDANA | AB74: =SUM(E74:AA74) -> 0
B75: 6 | C75: 6. WIWIK PUJIYATI | AB75: =SUM(E75:AA75) -> 0
B76: 7 | C76: 7. CHANDRA ASTAN, S.T. | AB76: =SUM(E76:AA76) -> 0
A79: B | B79: JUMLAH SUARA SAH PARTAI POLITIK DAN CALON (A1 + A2) | E79: =SUM(E69:E76) -> 0 | F79: =SUM(F69:F76) -> 0 | G79: =SUM(G69:G76) -> 0 | H79: =SUM(H69:H76) -> 0 | I79: =SUM(I69:I76) -> 0 | J79: =SUM(J69:J76) -> 0 | K79: =SUM(K69:K76) -> 0 | L79: =SUM(L69:L76) -> 0 | ... AA79: =SUM(AA69:AA76) -> 0 | AB79: =SUM(E79:AA79) -> 0
A81: A.1 | B81: 4. | C81: Partai Golongan Karya | AB81: =SUM(E81:AA81) -> 0
A82: A.2 | B82: 1 | C82: 1. ZULFIKAR ARSE SADIKIN, S.I.P., M.Si. | AB82: =SUM(E82:AA82) -> 0
B83: 2 | C83: 2. HANDOKO | AB83: =SUM(E83:AA83) -> 0
B84: 3 | C84: 3. Hj. OVI DEWI YANTI | AB84: =SUM(E84:AA84) -> 0
B85: 4 | C85: 4. Ir. AZAM AZMAN NATAWIJANA | AB85: =SUM(E85:AA85) -> 0
B86: 5 | C86: 5. UBAIDILLAH AMIN, S.Kom. | AB86: =SUM(E86:AA86) -> 0
B87: 6 | C87: 6. DENNY YUNIANDARI, S.H., M.Kn. | AB87: =SUM(E87:AA87) -> 0
B88: 7 | C88: 7. ERNADI, S.H.I. | AB88: =SUM(E88:AA88) -> 0
A91: B | B91: JUMLAH SUARA SAH PARTAI POLITIK DAN CALON (A1 + A2) | E91: =SUM(E81:E88) -> 0 | F91: =SUM(F81:F88) -> 0 | G91: =SUM(G81:G88) -> 0 | H91: =SUM(H81:H88) -> 0 | I91: =SUM(I81:I88) -> 0 | J91: =SUM(J81:J88) -> 0 | K91: =SUM(K81:K88) -> 0 | L91: =SUM(L81:L88) -> 0 | ... AA91: =SUM(AA81:AA88) -> 0 | AB91: =SUM(E91:AA91) -> 0
A93: A.1 | B93: 5. | C93: Partai NasDem | AB93: =SUM(E93:AA93) -> 0
A94: A.2 | B94: 1 | C94: 1. ACH. FADIL MUZAKKI SYAH | AB94: =SUM(E94:AA94) -> 0
B95: 2 | C95: 2. BENY | AB95: =SUM(E95:AA95) -> 0
B96: 3 | C96: 3. VINA VERONIKA | AB96: =SUM(E96:AA96) -> 0
B97: 4 | C97: 4. TEDDY ANUGRIANTO | AB97: =SUM(E97:AA97) -> 0
B98: 5 | C98: 5. INSAN KAMIL | AB98: =SUM(E98:AA98) -> 0
B99: 6 | C99: 6. LILIK LINDARWATI | AB99: =SUM(E99:AA99) -> 0
B100: 7 | C100: 7. YULI ANITA | AB100: =SUM(E100:AA100) -> 0
A103: B | B103: JUMLAH SUARA SAH PARTAI POLITIK DAN CALON (A1 + A2) | E103: =SUM(E93:E100) -> 0 | F103: =SUM(F93:F100) -> 0 | G103: =SUM(G93:G100) -> 0 | H103: =SUM(H93:H100) -> 0 | I103: =SUM(I93:I100) -> 0 | J103: =SUM(J93:J100) -> 0 | K103: =SUM(K93:K100) -> 0 | L103: =SUM(L93:L100) -> 0 | ... AA103: =SUM(AA93:AA100) -> 0 | AB103: =SUM(E103:AA103) -> 0
A105: A.1 | B105: 6. | C105: Partai Buruh | AB105: =SUM(E105:AA105) -> 0
A106: A.2 | B106: 1 | C106: 1. KHOIRUL ANAM | AB106: =SUM(E106:AA106) -> 0
B107: 2 | C107: 2. INA KURNIA | AB107: =SUM(E107:AA107) -> 0
B108: 3 | C108: 3. JIBRAL TAROUK | AB108: =SUM(E108:AA108) -> 0
B109: 4 | C109: 4. ASTUTI DAENG PUJI | AB109: =SUM(E109:AA109) -> 0
B110: 5 | C110: 5. ASDARMAWAN | AB110: =SUM(E110:AA110) -> 0
B111: 6 | C111: 6. RIFQI MUBAROK | AB111: =SUM(E111:AA111) -> 0
B112: 7 | C112: 7. FIRNANDA ALTA MEGA | AB112: =SUM(E112:AA112) -> 0
A115: B | B115: JUMLAH SUARA SAH PARTAI POLITIK DAN CALON (A1 + A2) | E115: =SUM(E105:E112) -> 0 | F115: =SUM(F105:F112) -> 0 | G115: =SUM(G105:G112) -> 0 | H115: =SUM(H105:H112) -> 0 | I115: =SUM(I105:I112) -> 0 | J115: =SUM(J105:J112) -> 0 | K115: =SUM(K105:K112) -> 0 | L115: =SUM(L105:L112) -> 0 | ... AA115: =SUM(AA105:AA112) -> 0 | AB115: =SUM(E115:AA115) -> 0
A117: A.1 | B117: 7. | C117: Partai Gelombang Rakyat Indonesia | AB117: =SUM(E117:AA117) -> 0
A118: A.2 | B118: 1 | C118: 1. TITI WIDORETNO WARISMAN | AB118: =SUM(E118:AA118) -> 0
B119: 2 | C119: 2. MAMIEK SETYANINGSIH | AB119: =SUM(E119:AA119) -> 0
B120: 3 | C120: 3. ROMIL AZIZEN | AB120: =SUM(E120:AA120) -> 0
A127: B | B127: JUMLAH SUARA SAH PARTAI POLITIK DAN CALON (A1 + A2) | E127: =SUM(E117:E120) -> 0 | F127: =SUM(F117:F120) -> 0 | G127: =SUM(G117:G120) -> 0 | H127: =SUM(H117:H120) -> 0 | I127: =SUM(I117:I120) -> 0 | J127: =SUM(J117:J120) -> 0 | K127: =SUM(K117:K120) -> 0 | L127: =SUM(L117:L120) -> 0 | ... AA127: =SUM(AA117:AA120) -> 0 | AB127: =SUM(E127:AA127) -> 0
A129: A.1 | B129: 8. | C129: Partai Keadilan Sejahtera | AB129: =SUM(E129:AA129) -> 0
A130: A.2 | B130: 1 | C130: 1. H. SAIMI SALEH, S.E., M.M. | AB130: =SUM(E130:AA130) -> 0
B131: 2 | C131: 2. Prof. Dr. H. EGGI SUDJANA, S.H., M.Si. | AB131: =SUM(E131:AA131) -> 0
B132: 3 | C132: 3. NURUL KHOTIMAH | AB132: =SUM(E132:AA132) -> 0
B133: 4 | C133: 4. AKHMAD SUYANTO, S.T., M.T. | AB133: =SUM(E133:AA133) -> 0
B134: 5 | C134: 5. PUJIYATNI | AB134: =SUM(E134:AA134) -> 0
B135: 6 | C135: 6. HENI PURWATININGSIH | AB135: =SUM(E135:AA135) -> 0
B136: 7 | C136: 7. MUHADI | AB136: =SUM(E136:AA136) -> 0
...

Sheet TAMANAGUNG
C2: Kecamatan | D2: CLURING
C3: Kabupaten | D3: BANYUWANGI
C4: Provinsi | D4: JAWA TIMUR
C9: Kelurahan | D9: TAMANAGUNG
A12: I | B12: DATA PEMILIH DAN PENGGUNAAN HAK PILIH | AH12: JUMLAH AKHIR
A13: A | B13: DATA PEMILIH | E13: TPS 001 | F13: TPS 002 | G13: TPS 003 | H13: TPS 004 | I13: TPS 005 | J13: TPS 006 | K13: TPS 007 | L13: TPS 008 | M13: TPS 009 | N13: TPS 010 | O13: TPS 011 | P13: TPS 012 | Q13: TPS 013 | R13: TPS 014 | S13: TPS 015 | T13: TPS 016 | U13: TPS 017 | V13: TPS 018 | W13: TPS 019 | X13: TPS 020 | Y13: TPS 021 | Z13: TPS 022 | AA13: TPS 023 | AB13: TPS 024 | AC13: TPS 025 | AD13: TPS 026 | AE13: TPS 027 | AF13: TPS 028 | AG13: TPS 029
B14: Jumlah Pemilih dalam Daftar Pemilih Tetap (DPT) | D14: LK | E14: 141 | F14: 121 | G14: 111 | H14: 147 | I14: 125 | J14: 124 | K14: 120 | L14: 97 | M14: 131 | N14: 140 | O14: 147 | P14: 135 | Q14: 129 | R14: 118 | S14: 116 | T14: 130 | U14: 151 | V14: 135 | W14: 105 | X14: 115 | Y14: 81 | Z14: 154 | AA14: 135 | AB14: 139 | AC14: 135 | AD14: 143 | AE14: 119 | AF14: 111 | AG14: 122 | AH14: =SUM(E14:AG14) -> 3677
D15: PR | E15: 133 | F15: 109 | G15: 110 | H15: 146 | I15: 122 | J15: 136 | K15: 117 | L15: 104 | M15: 137 | N15: 146 | O15: 144 | P15: 149 | Q15: 139 | R15: 118 | S15: 118 | T15: 131 | U15: 145 | V15: 134 | W15: 108 | X15: 117 | Y15: 74 | Z15: 137 | AA15: 120 | AB15: 132 | AC15: 123 | AD15: 152 | AE15: 125 | AF15: 98 | AG15: 124 | AH15: =SUM(E15:AG15) -> 3648
D16: JML | E16: 274 | F16: 230 | G16: 221 | H16: 293 | I16: 247 | J16: 260 | K16: 237 | L16: 201 | M16: 268 | N16: 286 | O16: 291 | P16: 284 | Q16: 268 | R16: 236 | S16: 234 | T16: 261 | U16: 296 | V16: 269 | W16: 213 | X16: 232 | Y16: 155 | Z16: 291 | AA16: 255 | AB16: 271 | AC16: 258 | AD16: 295 | AE16: 244 | AF16: 209 | AG16: 246 | AH16: =SUM(E16:AG16) -> 7325
A18: B | B18: PENGGUNA HAK PILIH
B19: 1. | C19: Jumlah pengguna hak pilih dalam Daftar Pemilih Tetap (DPT) | D19: LK | E19: 115 | F19: 92 | G19: 80 | H19: 126 | I19: 97 | J19: 94 | K19: 83 | L19: 73 | M19: 99 | N19: 110 | O19: 113 | P19: 114 | Q19: 96 | R19: 90 | S19: 84 | T19: 96 | U19: 107 | V19: 84 | W19: 78 | X19: 81 | Y19: 57 | Z19: 106 | AA19: 107 | AB19: 103 | AC19: 105 | AD19: 118 | AE19: 92 | AF19: 77 | AG19: 92 | AH19: =SUM(E19:AG19) -> 2769
D20: PR | E20: 112 | F20: 87 | G20: 81 | H20: 122 | I20: 96 | J20: 90 | K20: 96 | L20: 79 | M20: 102 | N20: 126 | O20: 117 | P20: 126 | Q20: 100 | R20: 92 | S20: 99 | T20: 102 | U20: 122 | V20: 90 | W20: 90 | X20: 84 | Y20: 55 | Z20: 110 | AA20: 100 | AB20: 112 | AC20: 100 | AD20: 98 | AE20: 89 | AF20: 78 | AG20: 104 | AH20: =SUM(E20:AG20) -> 2859
D21: JML | E21: 227 | F21: 179 | G21: 161 | H21: 248 | I21: 193 | J21: 184 | K21: 179 | L21: 152 | M21: 201 | N21: 236 | O21: 230 | P21: 240 | Q21: 196 | R21: 182 | S21: 183 | T21: 198 | U21: 229 | V21: 174 | W21: 168 | X21: 165 | Y21: 112 | Z21: 216 | AA21: 207 | AB21: 215 | AC21: 205 | AD21: 216 | AE21: 181 | AF21: 155 | AG21: 196 | AH21: =SUM(E21:AG21) -> 5628
B22: 2. | C22: Jumlah pengguna hak pilih dalam Daftar Pemilih Tambahan (DPTb) | D22: LK | E22: 0 | F22: 0 | G22: 0 | H22: 0 | I22: 0 | J22: 0 | K22: 0 | L22: 0 | M22: 1 | N22: 0 | O22: 0 | P22: 0 | Q22: 0 | R22: 0 | S22: 0 | T22: 0 | U22: 1 | V22: 1 | W22: 0 | X22: 0 | Y22: 0 | Z22: 0 | AA22: 0 | AB22: 0 | AC22: 0 | AD22: 0 | AE22: 0 | AF22: 0 | AG22: 0 | AH22: =SUM(E22:AG22) -> 3
D23: PR | E23: 0 | F23: 0 | G23: 0 | H23: 0 | I23: 1 | J23: 0 | K23: 0 | L23: 0 | M23: 1 | N23: 0 | O23: 0 | P23: 0 | Q23: 0 | R23: 0 | S23: 0 | T23: 0 | U23: 0 | V23: 0 | W23: 0 | X23: 0 | Y23: 0 | Z23: 0 | AA23: 0 | AB23: 0 | AC23: 0 | AD23: 0 | AE23: 0 | AF23: 0 | AG23: 0 | AH23: =SUM(E23:AG23) -> 2
D24: JML | E24: 0 | F24: 0 | G24: 0 | H24: 0 | I24: 1 | J24: 0 | K24: 0 | L24: 0 | M24: 2 | N24: 0 | O24: 0 | P24: 0 | Q24: 0 | R24: 0 | S24: 0 | T24: 0 | U24: 1 | V24: 1 | W24: 0 | X24: 0 | Y24: 0 | Z24: 0 | AA24: 0 | AB24: 0 | AC24: 0 | AD24: 0 | AE24: 0 | AF24: 0 | AG24: 0 | AH24: =SUM(E24:AG24) -> 5
B25: 3. | C25: Jumlah pengguna hak pilih dalam Daftar Pemilih Khusus (DPK) | D25: LK | E25: 0 | F25: 0 | G25: 1 | H25: 3 | I25: 1 | J25: 0 | K25: 0 | L25: 1 | M25: 1 | N25: 1 | O25: 0 | P25: 4 | Q25: 1 | R25: 1 | S25: 0 | T25: 2 | U25: 2 | V25: 1 | W25: 0 | X25: 6 | Y25: 1 | Z25: 0 | AA25: 0 | AB25: 2 | AC25: 1 | AD25: 1 | AE25: 0 | AF25: 0 | AG25: 0 | AH25: =SUM(E25:AG25) -> 30
D26: PR | E26: 0 | F26: 0 | G26: 0 | H26: 4 | I26: 1 | J26: 0 | K26: 1 | L26: 3 | M26: 1 | N26: 2 | O26: 0 | P26: 4 | Q26: 0 | R26: 0 | S26: 0 | T26: 1 | U26: 1 | V26: 0 | W26: 1 | X26: 2 | Y26: 5 | Z26: 0 | AA26: 0 | AB26: 0 | AC26: 0 | AD26: 3 | AE26: 0 | AF26: 3 | AG26: 0 | AH26: =SUM(E26:AG26) -> 32
D27: JML | E27: 0 | F27: 0 | G27: 1 | H27: 7 | I27: 2 | J27: 0 | K27: 1 | L27: 4 | M27: 2 | N27: 3 | O27: 0 | P27: 8 | Q27: 1 | R27: 1 | S27: 0 | T27: 3 | U27: 3 | V27: 1 | W27: 1 | X27: 8 | Y27: 6 | Z27: 0 | AA27: 0 | AB27: 2 | AC27: 1 | AD27: 4 | AE27: 0 | AF27: 3 | AG27: 0 | AH27: =SUM(E27:AG27) -> 62
B28: 4. | C28: Jumlah Pengguna Hak Pilih (B.1+B.2+B.3) | D28: LK | E28: 115 | F28: 92 | G28: 81 | H28: 129 | I28: 98 | J28: 94 | K28: 83 | L28: 74 | M28: 101 | N28: 111 | O28: 113 | P28: 118 | Q28: 97 | R28: 91 | S28: 84 | T28: 98 | U28: 110 | V28: 86 | W28: 78 | X28: 87 | Y28: 58 | Z28: 106 | AA28: 107 | AB28: 105 | AC28: 106 | AD28: 119 | AE28: 92 | AF28: 77 | AG28: 92 | AH28: =SUM(E28:AG28) -> 2802
D29: PR | E29: 112 | F29: 87 | G29: 81 | H29: 126 | I29: 98 | J29: 90 | K29: 97 | L29: 82 | M29: 104 | N29: 128 | O29: 117 | P29: 130 | Q29: 100 | R29: 92 | S29: 99 | T29: 103 | U29: 123 | V29: 90 | W29: 91 | X29: 86 | Y29: 60 | Z29: 110 | AA29: 100 | AB29: 112 | AC29: 100 | AD29: 101 | AE29: 89 | AF29: 81 | AG29: 104 | AH29: =SUM(E29:AG29) -> 2893
D30: JML | E30: 227 | F30: 179 | G30: 162 | H30: 255 | I30: 196 | J30: 184 | K30: 180 | L30: 156 | M30: 205 | N30: 239 | O30: 230 | P30: 248 | Q30: 197 | R30: 183 | S30: 183 | T30: 201 | U30: 233 | V30: 176 | W30: 169 | X30: 173 | Y30: 118 | Z30: 216 | AA30: 207 | AB30: 217 | AC30: 206 | AD30: 220 | AE30: 181 | AF30: 158 | AG30: 196 | AH30: =SUM(E30:AG30) -> 5695
A32: II | B32: DATA PENGGUNAAN SURAT SUARA
A33: 1 | B33: Jumlah surat suara yang diterima, termasuk surat suara cadangan 2,5% dari DPT | E33: 280 | F33: 235 | G33: 216 | H33: 299 | I33: 252 | J33: 266 | K33: 232 | L33: 206 | M33: 274 | N33: 292 | O33: 297 | P33: 290 | Q33: 274 | R33: 242 | S33: 239 | T33: 268 | U33: 302 | V33: 275 | W33: 228 | X33: 237 | Y33: 159 | Z33: 297 | AA33: 263 | AB33: 277 | AC33: 263 | AD33: 301 | AE33: 239 | AF33: 214 | AG33: 251 | AH33: =SUM(E33:AG33) -> 7468
A34: 2 | B34: Jumlah surat suara yang digunakan | E34: 227 | F34: 179 | G34: 162 | H34: 255 | I34: 196 | J34: 184 | K34: 180 | L34: 156 | M34: 205 | N34: 239 | O34: 230 | P34: 248 | Q34: 197 | R34: 183 | S34: 183 | T34: 201 | U34: 233 | V34: 176 | W34: 169 | X34: 173 | Y34: 118 | Z34: 216 | AA34: 207 | AB34: 217 | AC34: 206 | AD34: 220 | AE34: 181 | AF34: 158 | AG34: 196 | AH34: =SUM(E34:AG34) -> 5695
A35: 3 | B35: Jumlah surat suara dikembalikan oleh pemilih (karena rusak atau keliru coblos) | E35: 0 | F35: 0 | G35: 0 | H35: 3 | I35: 0 | J35: 0 | K35: 0 | L35: 0 | M35: 0 | N35: 0 | O35: 0 | P35: 0 | Q35: 0 | R35: 0 | S35: 0 | T35: 2 | U35: 0 | V35: 0 | W35: 0 | X35: 0 | Y35: 0 | Z35: 0 | AA35: 0 | AB35: 0 | AC35: 0 | AD35: 1 | AE35: 0 | AF35: 8 | AG35: 0 | AH35: =SUM(E35:AG35) -> 14
A36: 4 | B36: Jumlah surat suara yang tidak digunakan/tidak terpakai, termasuk sisa surat suara cadangan | E36: 53 | F36: 56 | G36: 54 | H36: 41 | I36: 56 | J36: 81 | K36: 50 | L36: 50 | M36: 69 | N36: 53 | O36: 61 | P36: 42 | Q36: 76 | R36: 59 | S36: 56 | T36: 66 | U36: 69 | V36: 98 | W36: 59 | X36: 63 | Y36: 41 | Z36: 81 | AA36: 55 | AB36: 57 | AC36: 57 | AD36: 80 | AE36: 58 | AF36: 48 | AG36: 55 | AH36: =SUM(E36:AG36) -> 1744
A38: III | B38: DATA PEMILIH DISABILITAS
B39: Jumlah seluruh Pemilih disabilitas yang menggunakan hak pilih | D39: LK | E39: 0 | F39: 0 | G39: 0 | H39: 0 | I39: 0 | J39: 1 | K39: 0 | L39: 0 | M39: 0 | N39: 0 | O39: 0 | P39: 0 | Q39: 0 | R39: 0 | S39: 0 | T39: 0 | U39: 0 | V39: 0 | W39: 0 | X39: 0 | Y39: 2 | Z39: 1 | AA39: 0 | AB39: 0 | AC39: 0 | AD39: 0 | AE39: 0 | AF39: 0 | AG39: 0 | AH39: =SUM(E39:AG39) -> 4
D40: PR | E40: 0 | F40: 0 | G40: 0 | H40: 0 | I40: 0 | J40: 1 | K40: 0 | L40: 0 | M40: 0 | N40: 0 | O40: 0 | P40: 0 | Q40: 1 | R40: 0 | S40: 0 | T40: 0 | U40: 0 | V40: 0 | W40: 0 | X40: 0 | Y40: 1 | Z40: 1 | AA40: 0 | AB40: 0 | AC40: 0 | AD40: 0 | AE40: 0 | AF40: 0 | AG40: 0 | AH40: =SUM(E40:AG40) -> 4
D41: JML | E41: =SUM(E39:E40) -> 0 | F41: =SUM(F39:F40) -> 0 | G41: =SUM(G39:G40) -> 0 | H41: =SUM(H39:H40) -> 0 | I41: =SUM(I39:I40) -> 0 | J41: =SUM(J39:J40) -> 2 | K41: =SUM(K39:K40) -> 0 | L41: =SUM(L39:L40) -> 0 | ... AG41: =SUM(AG39:AG40) -> 0 | AH41: =SUM(E41:AG41) -> 8
A43: IV | B43: DATA RINCIAN PEROLEHAN SUARA PASANGAN CALON BUPATI DAN WAKIL BUPATI
A44: NOMOR DAN NAMA CALON
A45: A.1 | B45: 1. | C45: Partai Kebangkitan Bangsa | E45: 7 | F45: 5 | G45: 3 | H45: 5 | I45: 0 | J45: 2 | K45: 5 | L45: 1 | M45: 10 | N45: 2 | O45: 10 | P45: 13 | Q45: 2 | R45: 4 | S45: 15 | T45: 4 | U45: 12 | V45: 5 | W45: 7 | X45: 4 | Y45: 3 | Z45: 3 | AA45: 7 | AB45: 0 | AC45: 9 | AD45: 1 | AE45: 4 | AF45: 3 | AG45: 4 | AH45: 0
A46: A.2 | B46: 1 | C46: 1. Dr. Hj. NIHAYATUL WAFIROH, M.A. | E46: 51 | F46: 16 | G46: 10 | H46: 17 | I46: 9 | J46: 11 | K46: 26 | L46: 6 | M46: 9 | N46: 9 | O46: 11 | P46: 24 | Q46: 16 | R46: 30 | S46: 49 | T46: 22 | U46: 75 | V46: 15 | W46: 49 | X46: 13 | Y46: 12 | Z46: 17 | AA46: 37 | AB46: 15 | AC46: 24 | AD46: 12 | AE46: 4 | AF46: 4 | AG46: 48 | AH46: 0
B47: 2 | C47: 2. H. M. NASIM KHAN | E47: 12 | F47: 4 | G47: 3 | H47: 2 | I47: 0 | J47: 2 | K47: 4 | L47: 2 | M47: 1 | N47: 23 | O47: 5 | P47: 3 | Q47: 2 | R47: 1 | S47: 6 | T47: 1 | U47: 5 | V47: 2 | W47: 4 | X47: 3 | Y47: 2 | Z47: 6 | AA47: 8 | AB47: 6 | AC47: 4 | AD47: 3 | AE47: 1 | AF47: 4 | AG47: 6 | AH47: 0
B48: 3 | C48: 3. Dr. H. AKIK ZAMAN, M.Pd.I. | E48: 1 | F48: 0 | G48: 0 | H48: 2 | I48: 0 | J48: 1 | K48: 2 | L48: 0 | M48: 0 | N48: 0 | O48: 1 | P48: 1 | Q48: 0 | R48: 1 | S48: 4 | T48: 0 | U48: 0 | V48: 1 | W48: 2 | X48: 1 | Y48: 0 | Z48: 2 | AA48: 2 | AB48: 0 | AC48: 2 | AD48: 2 | AE48: 2 | AF48: 0 | AG48: 0 | AH48: 0
B49: 4 | C49: 4. AHMAD RIFA'I, S.H. | E49: 5 | F49: 1 | G49: 0 | H49: 0 | I49: 0 | J49: 0 | K49: 0 | L49: 0 | M49: 3 | N49: 0 | O49: 1 | P49: 1 | Q49: 0 | R49: 3 | S49: 1 | T49: 0 | U49: 0 | V49: 2 | W49: 0 | X49: 0 | Y49: 1 | Z49: 6 | AA49: 1 | AB49: 0 | AC49: 0 | AD49: 0 | AE49: 0 | AF49: 1 | AG49: 0 | AH49: 0
B50: 5 | C50: 5. Drs. H. MAHFUD M.N. | E50: 0 | F50: 1 | G50: 0 | H50: 1 | I50: 1 | J50: 0 | K50: 1 | L50: 0 | M50: 0 | N50: 0 | O50: 0 | P50: 1 | Q50: 0 | R50: 0 | S50: 0 | T50: 2 | U50: 2 | V50: 0 | W50: 0 | X50: 0 | Y50: 0 | Z50: 0 | AA50: 0 | AB50: 0 | AC50: 2 | AD50: 0 | AE50: 0 | AF50: 0 | AG50: 0 | AH50: 0
B51: 6 | C51: 6. NURHAYATI, S.Pd. | E51: 0 | F51: 1 | G51: 1 | H51: 0 | I51: 0 | J51: 0 | K51: 0 | L51: 0 | M51: 0 | N51: 3 | O51: 0 | P51: 1 | Q51: 3 | R51: 0 | S51: 1 | T51: 0 | U51: 0 | V51: 0 | W51: 0 | X51: 0 | Y51: 0 | Z51: 0 | AA51: 1 | AB51: 0 | AC51: 0 | AD51: 1 | AE51: 0 | AF51: 0 | AG51: 1 | AH51: 0
B52: 7 | C52: 7. MAFTUHA KISWAH | E52: 2 | F52: 0 | G52: 0 | H52: 0 | I52: 0 | J52: 0 | K52: 0 | L52: 0 | M52: 0 | N52: 0 | O52: 0 | P52: 0 | Q52: 0 | R52: 0 | S52: 1 | T52: 1 | U52: 0 | V52: 0 | W52: 0 | X52: 0 | Y52: 0 | Z52: 0 | AA52: 1 | AB52: 0 | AC52: 1 | AD52: 0 | AE52: 0 | AF52: 0 | AG52: 0 | AH52: 0
A55: B | B55: JUMLAH SUARA SAH PARTAI POLITIK DAN CALON (A1 + A2) | E55: =SUM(E45:E52) -> 78 | F55: =SUM(F45:F52) -> 28 | G55: =SUM(G45:G52) -> 17 | H55: =SUM(H45:H52) -> 27 | I55: =SUM(I45:I52) -> 10 | J55: =SUM(J45:J52) -> 16 | K55: =SUM(K45:K52) -> 38 | L55: =SUM(L45:L52) -> 9 | ... AG55: =SUM(AG45:AG52) -> 59 | AH55: =SUM(E55:AG55) -> 999
A57: A.1 | B57: 2. | C57: Partai Gerakan Indonesia Raya | E57: 4 | F57: 9 | G57: 6 | H57: 13 | I57: 9 | J57: 11 | K57: 4 | L57: 2 | M57: 7 | N57: 10 | O57: 3 | P57: 12 | Q57: 10 | R57: 7 | S57: 2 | T57: 3 | U57: 4 | V57: 8 | W57: 4 | X57: 15 | Y57: 9 | Z57: 5 | AA57: 8 | AB57: 0 | AC57: 12 | AD57: 13 | AE57: 5 | AF57: 10 | AG57: 5 | AH57: =SUM(E57:AG57) -> 210
A58: A.2 | B58: 1 | C58: 1. SUMAIL ABDULLAH | E58: 1 | F58: 3 | G58: 0 | H58: 7 | I58: 2 | J58: 12 | K58: 2 | L58: 4 | M58: 1 | N58: 10 | O58: 7 | P58: 11 | Q58: 4 | R58: 4 | S58: 1 | T58: 2 | U58: 5 | V58: 11 | W58: 5 | X58: 34 | Y58: 7 | Z58: 30 | AA58: 14 | AB58: 46 | AC58: 6 | AD58: 1 | AE58: 9 | AF58: 3 | AG58: 14 | AH58: =SUM(E58:AG58) -> 256
B59: 2 | C59: 2. MUHAMMAD ALI ADRIAN SALEH | E59: 37 | F59: 4 | G59: 4 | H59: 7 | I59: 6 | J59: 7 | K59: 2 | L59: 4 | M59: 1 | N59: 5 | O59: 3 | P59: 6 | Q59: 5 | R59: 1 | S59: 0 | T59: 0 | U59: 2 | V59: 2 | W59: 4 | X59: 10 | Y59: 7 | Z59: 20 | AA59: 20 | AB59: 25 | AC59: 41 | AD59: 85 | AE59: 30 | AF59: 46 | AG59: 7 | AH59: =SUM(E59:AG59) -> 391
B60: 3 | C60: 3. DURROTUN NAFISAH | E60: 0 | F60: 0 | G60: 3 | H60: 0 | I60: 4 | J60: 1 | K60: 0 | L60: 0 | M60: 0 | N60: 1 | O60: 1 | P60: 3 | Q60: 0 | R60: 0 | S60: 1 | T60: 1 | U60: 0 | V60: 0 | W60: 1 | X60: 0 | Y60: 0 | Z60: 2 | AA60: 1 | AB60: 5 | AC60: 2 | AD60: 4 | AE60: 0 | AF60: 1 | AG60: 2 | AH60: =SUM(E60:AG60) -> 33
B61: 4 | C61: 4. H. EKO SUSILO NURHIDAYAT | E61: 2 | F61: 5 | G61: 8 | H61: 4 | I61: 4 | J61: 1 | K61: 1 | L61: 0 | M61: 7 | N61: 8 | O61: 1 | P61: 10 | Q61: 3 | R61: 5 | S61: 5 | T61: 2 | U61: 0 | V61: 2 | W61: 0 | X61: 1 | Y61: 0 | Z61: 5 | AA61: 1 | AB61: 3 | AC61: 6 | AD61: 2 | AE61: 0 | AF61: 4 | AG61: 3 | AH61: =SUM(E61:AG61) -> 93
B62: 5 | C62: 5. KARNADI HARIJANTO, S.S. | E62: 0 | F62: 1 | G62: 0 | H62: 2 | I62: 0 | J62: 0 | K62: 0 | L62: 0 | M62: 0 | N62: 1 | O62: 0 | P62: 1 | Q62: 1 | R62: 0 | S62: 0 | T62: 0 | U62: 0 | V62: 0 | W62: 0 | X62: 0 | Y62: 0 | Z62: 0 | AA62: 0 | AB62: 1 | AC62: 0 | AD62: 0 | AE62: 0 | AF62: 0 | AG62: 3 | AH62: =SUM(E62:AG62) -> 10
B63: 6 | C63: 6. NURHAYATI | E63: 0 | F63: 1 | G63: 0 | H63: 1 | I63: 2 | J63: 1 | K63: 1 | L63: 1 | M63: 3 | N63: 0 | O63: 2 | P63: 0 | Q63: 0 | R63: 0 | S63: 1 | T63: 0 | U63: 0 | V63: 0 | W63: 0 | X63: 0 | Y63: 0 | Z63: 2 | AA63: 0 | AB63: 4 | AC63: 1 | AD63: 4 | AE63: 0 | AF63: 1 | AG63: 0 | AH63: =SUM(E63:AG63) -> 25
B64: 7 | C64: 7. MASHUDI | E64: 0 | F64: 1 | G64: 1 | H64: 0 | I64: 0 | J64: 0 | K64: 0 | L64: 0 | M64: 0 | N64: 0 | O64: 1 | P64: 2 | Q64: 1 | R64: 0 | S64: 0 | T64: 0 | U64: 0 | V64: 0 | W64: 0 | X64: 0 | Y64: 0 | Z64: 2 | AA64: 0 | AB64: 0 | AC64: 0 | AD64: 1 | AE64: 0 | AF64: 1 | AG64: 0 | AH64: =SUM(E64:AG64) -> 10
A67: B | B67: JUMLAH SUARA SAH PARTAI POLITIK DAN CALON (A1 + A2) | E67: =SUM(E57:E64) -> 44 | F67: =SUM(F57:F64) -> 24 | G67: =SUM(G57:G64) -> 22 | H67: =SUM(H57:H64) -> 34 | I67: =SUM(I57:I64) -> 27 | J67: =SUM(J57:J64) -> 33 | K67: =SUM(K57:K64) -> 10 | L67: =SUM(L57:L64) -> 11 | ... AG67: =SUM(AG57:AG64) -> 34 | AH67: =SUM(E67:AG67) -> 1028
A69: A.1 | B69: 3. | C69: Partai Demokrasi Indonesia Perjuangan | E69: 5 | F69: 9 | G69: 8 | H69: 7 | I69: 9 | J69: 6 | K69: 5 | L69: 4 | M69: 15 | N69: 14 | O69: 10 | P69: 9 | Q69: 10 | R69: 7 | S69: 5 | T69: 7 | U69: 3 | V69: 3 | W69: 0 | X69: 0 | Y69: 2 | Z69: 2 | AA69: 10 | AB69: 1 | AC69: 3 | AD69: 5 | AE69: 7 | AF69: 9 | AG69: 4 | AH69: =SUM(E69:AG69) -> 179
A70: A.2 | B70: 1 | C70: 1. SONNY TRI DANAPARAMITA, S.H., M.H. | E70: 6 | F70: 4 | G70: 8 | H70: 8 | I70: 7 | J70: 2 | K70: 3 | L70: 5 | M70: 11 | N70: 13 | O70: 11 | P70: 10 | Q70: 4 | R70: 2 | S70: 0 | T70: 3 | U70: 2 | V70: 10 | W70: 2 | X70: 2 | Y70: 4 | Z70: 11 | AA70: 1 | AB70: 3 | AC70: 9 | AD70: 5 | AE70: 3 | AF70: 5 | AG70: 1 | AH70: =SUM(E70:AG70) -> 155
B71: 2 | C71: 2. H. MOHAMAD GUNTUR ROMLI | E71: 2 | F71: 4 | G71: 7 | H71: 10 | I71: 4 | J71: 4 | K71: 2 | L71: 1 | M71: 13 | N71: 15 | O71: 5 | P71: 7 | Q71: 3 | R71: 2 | S71: 1 | T71: 8 | U71: 6 | V71: 3 | W71: 5 | X71: 1 | Y71: 2 | Z71: 1 | AA71: 2 | AB71: 1 | AC71: 1 | AD71: 6 | AE71: 2 | AF71: 3 | AG71: 2 | AH71: =SUM(E71:AG71) -> 123
B72: 3 | C72: 3. INA AMMANIA | E72: 8 | F72: 5 | G72: 5 | H72: 7 | I72: 4 | J72: 10 | K72: 7 | L72: 0 | M72: 19 | N72: 38 | O72: 7 | P72: 8 | Q72: 17 | R72: 12 | S72: 7 | T72: 37 | U72: 29 | V72: 14 | W72: 3 | X72: 9 | Y72: 2 | Z72: 20 | AA72: 23 | AB72: 10 | AC72: 8 | AD72: 12 | AE72: 5 | AF72: 13 | AG72: 22 | AH72: =SUM(E72:AG72) -> 361
B73: 4 | C73: 4. IRWAN BACHTIAR RACHMAT, M.Si. | E73: 0 | F73: 0 | G73: 0 | H73: 1 | I73: 0 | J73: 2 | K73: 0 | L73: 0 | M73: 1 | N73: 1 | O73: 1 | P73: 1 | Q73: 0 | R73: 1 | S73: 0 | T73: 0 | U73: 1 | V73: 1 | W73: 0 | X73: 0 | Y73: 1 | Z73: 2 | AA73: 2 | AB73: 0 | AC73: 0 | AD73: 0 | AE73: 1 | AF73: 0 | AG73: 0 | AH73: =SUM(E73:AG73) -> 16
B74: 5 | C74: 5. LUCKY PERDANA | E74: 4 | F74: 0 | G74: 1 | H74: 9 | I74: 3 | J74: 2 | K74: 0 | L74: 0 | M74: 5 | N74: 1 | O74: 8 | P74: 3 | Q74: 2 | R74: 1 | S74: 1 | T74: 1 | U74: 0 | V74: 2 | W74: 3 | X74: 2 | Y74: 2 | Z74: 3 | AA74: 2 | AB74: 1 | AC74: 0 | AD74: 1 | AE74: 3 | AF74: 1 | AG74: 4 | AH74: =SUM(E74:AG74) -> 65
B75: 6 | C75: 6. WIWIK PUJIYATI | E75: 0 | F75: 0 | G75: 1 | H75: 3 | I75: 0 | J75: 1 | K75: 0 | L75: 0 | M75: 0 | N75: 3 | O75: 1 | P75: 3 | Q75: 0 | R75: 0 | S75: 0 | T75: 0 | U75: 0 | V75: 1 | W75: 1 | X75: 1 | Y75: 0 | Z75: 2 | AA75: 0 | AB75: 1 | AC75: 0 | AD75: 0 | AE75: 2 | AF75: 0 | AG75: 0 | AH75: =SUM(E75:AG75) -> 20
B76: 7 | C76: 7. CHANDRA ASTAN, S.T. | E76: 1 | F76: 0 | G76: 0 | H76: 0 | I76: 0 | J76: 1 | K76: 0 | L76: 0 | M76: 1 | N76: 1 | O76: 0 | P76: 2 | Q76: 0 | R76: 0 | S76: 2 | T76: 1 | U76: 0 | V76: 0 | W76: 0 | X76: 1 | Y76: 0 | Z76: 0 | AA76: 0 | AB76: 5 | AC76: 0 | AD76: 0 | AE76: 1 | AF76: 0 | AG76: 0 | AH76: =SUM(E76:AG76) -> 16
A79: B | B79: JUMLAH SUARA SAH PARTAI POLITIK DAN CALON (A1 + A2) | E79: =SUM(E69:E76) -> 26 | F79: =SUM(F69:F76) -> 22 | G79: =SUM(G69:G76) -> 30 | H79: =SUM(H69:H76) -> 45 | I79: =SUM(I69:I76) -> 27 | J79: =SUM(J69:J76) -> 28 | K79: =SUM(K69:K76) -> 17 | L79: =SUM(L69:L76) -> 10 | ... AG79: =SUM(AG69:AG76) -> 33 | AH79: =SUM(E79:AG79) -> 935
A81: A.1 | B81: 4. | C81: Partai Golongan Karya | E81: 2 | F81: 1 | G81: 3 | H81: 1 | I81: 3 | J81: 3 | K81: 0 | L81: 15 | M81: 8 | N81: 6 | O81: 15 | P81: 4 | Q81: 6 | R81: 2 | S81: 2 | T81: 1 | U81: 1 | V81: 10 | W81: 5 | X81: 10 | Y81: 2 | Z81: 0 | AA81: 1 | AB81: 0 | AC81: 2 | AD81: 0 | AE81: 6 | AF81: 0 | AG81: 2 | AH81: =SUM(E81:AG81) -> 111
A82: A.2 | B82: 1 | C82: 1. ZULFIKAR ARSE SADIKIN, S.I.P., M.Si. | E82: 1 | F82: 0 | G82: 0 | H82: 6 | I82: 6 | J82: 6 | K82: 20 | L82: 36 | M82: 32 | N82: 8 | O82: 31 | P82: 6 | Q82: 10 | R82: 32 | S82: 28 | T82: 0 | U82: 1 | V82: 10 | W82: 6 | X82: 3 | Y82: 1 | Z82: 7 | AA82: 1 | AB82: 3 | AC82: 1 | AD82: 1 | AE82: 16 | AF82: 2 | AG82: 5 | AH82: =SUM(E82:AG82) -> 279
B83: 2 | C83: 2. HANDOKO | E83: 1 | F83: 2 | G83: 6 | H83: 41 | I83: 29 | J83: 4 | K83: 1 | L83: 1 | M83: 9 | N83: 3 | O83: 15 | P83: 7 | Q83: 5 | R83: 9 | S83: 9 | T83: 2 | U83: 5 | V83: 3 | W83: 3 | X83: 6 | Y83: 6 | Z83: 3 | AA83: 12 | AB83: 7 | AC83: 3 | AD83: 1 | AE83: 3 | AF83: 3 | AG83: 9 | AH83: =SUM(E83:AG83) -> 208
B84: 3 | C84: 3. Hj. OVI DEWI YANTI | E84: 1 | F84: 0 | G84: 1 | H84: 0 | I84: 0 | J84: 1 | K84: 0 | L84: 0 | M84: 4 | N84: 1 | O84: 3 | P84: 0 | Q84: 0 | R84: 1 | S84: 0 | T84: 0 | U84: 0 | V84: 0 | W84: 0 | X84: 1 | Y84: 1 | Z84: 0 | AA84: 0 | AB84: 1 | AC84: 1 | AD84: 0 | AE84: 3 | AF84: 0 | AG84: 0 | AH84: =SUM(E84:AG84) -> 19
B85: 4 | C85: 4. Ir. AZAM AZMAN NATAWIJANA | E85: 0 | F85: 0 | G85: 1 | H85: 1 | I85: 0 | J85: 0 | K85: 0 | L85: 0 | M85: 0 | N85: 1 | O85: 2 | P85: 5 | Q85: 0 | R85: 0 | S85: 0 | T85: 0 | U85: 3 | V85: 0 | W85: 0 | X85: 0 | Y85: 1 | Z85: 1 | AA85: 0 | AB85: 0 | AC85: 0 | AD85: 0 | AE85: 0 | AF85: 0 | AG85: 0 | AH85: =SUM(E85:AG85) -> 15
B86: 5 | C86: 5. UBAIDILLAH AMIN, S.Kom. | E86: 2 | F86: 0 | G86: 1 | H86: 0 | I86: 0 | J86: 0 | K86: 0 | L86: 0 | M86: 1 | N86: 0 | O86: 1 | P86: 0 | Q86: 0 | R86: 0 | S86: 0 | T86: 1 | U86: 0 | V86: 0 | W86: 0 | X86: 0 | Y86: 0 | Z86: 0 | AA86: 0 | AB86: 0 | AC86: 0 | AD86: 0 | AE86: 0 | AF86: 0 | AG86: 0 | AH86: =SUM(E86:AG86) -> 6
B87: 6 | C87: 6. DENNY YUNIANDARI, S.H., M.Kn. | E87: 0 | F87: 1 | G87: 0 | H87: 0 | I87: 0 | J87: 0 | K87: 0 | L87: 0 | M87: 0 | N87: 0 | O87: 0 | P87: 0 | Q87: 1 | R87: 1 | S87: 0 | T87: 0 | U87: 0 | V87: 0 | W87: 0 | X87: 0 | Y87: 0 | Z87: 0 | AA87: 0 | AB87: 1 | AC87: 0 | AD87: 0 | AE87: 0 | AF87: 0 | AG87: 0 | AH87: =SUM(E87:AG87) -> 4
B88: 7 | C88: 7. ERNADI, S.H.I. | E88: 0 | F88: 0 | G88: 0 | H88: 0 | I88: 0 | J88: 0 | K88: 0 | L88: 0 | M88: 0 | N88: 0 | O88: 0 | P88: 0 | Q88: 0 | R88: 0 | S88: 0 | T88: 0 | U88: 0 | V88: 0 | W88: 0 | X88: 0 | Y88: 0 | Z88: 0 | AA88: 0 | AB88: 0 | AC88: 0 | AD88: 0 | AE88: 0 | AF88: 0 | AG88: 0 | AH88: =SUM(E88:AG88) -> 0
A91: B | B91: JUMLAH SUARA SAH PARTAI POLITIK DAN CALON (A1 + A2) | E91: =SUM(E81:E88) -> 7 | F91: =SUM(F81:F88) -> 4 | G91: =SUM(G81:G88) -> 12 | H91: =SUM(H81:H88) -> 49 | I91: =SUM(I81:I88) -> 38 | J91: =SUM(J81:J88) -> 14 | K91: =SUM(K81:K88) -> 21 | L91: =SUM(L81:L88) -> 52 | ... AG91: =SUM(AG81:AG88) -> 16 | AH91: =SUM(E91:AG91) -> 642
A93: A.1 | B93: 5. | C93: Partai NasDem | E93: 0 | F93: 0 | G93: 1 | H93: 0 | I93: 0 | J93: 0 | K93: 1 | L93: 0 | M93: 1 | N93: 0 | O93: 1 | P93: 0 | Q93: 1 | R93: 0 | S93: 0 | T93: 0 | U93: 3 | V93: 1 | W93: 0 | X93: 0 | Y93: 1 | Z93: 1 | AA93: 1 | AB93: 0 | AC93: 0 | AD93: 0 | AE93: 0 | AF93: 0 | AG93: 0 | AH93: =SUM(E93:AG93) -> 12
A94: A.2 | B94: 1 | C94: 1. ACH. FADIL MUZAKKI SYAH | E94: 0 | F94: 2 | G94: 0 | H94: 1 | I94: 0 | J94: 1 | K94: 1 | L94: 1 | M94: 0 | N94: 2 | O94: 2 | P94: 1 | Q94: 0 | R94: 3 | S94: 0 | T94: 0 | U94: 0 | V94: 0 | W94: 0 | X94: 1 | Y94: 0 | Z94: 1 | AA94: 0 | AB94: 2 | AC94: 0 | AD94: 0 | AE94: 3 | AF94: 1 | AG94: 0 | AH94: =SUM(E94:AG94) -> 22
B95: 2 | C95: 2. BENY | E95: 0 | F95: 0 | G95: 3 | H95: 0 | I95: 0 | J95: 0 | K95: 0 | L95: 0 | M95: 0 | N95: 0 | O95: 0 | P95: 0 | Q95: 1 | R95: 0 | S95: 0 | T95: 0 | U95: 0 | V95: 0 | W95: 0 | X95: 0 | Y95: 0 | Z95: 0 | AA95: 1 | AB95: 0 | AC95: 0 | AD95: 0 | AE95: 0 | AF95: 0 | AG95: 0 | AH95: =SUM(E95:AG95) -> 5
B96: 3 | C96: 3. VINA VERONIKA | E96: 0 | F96: 0 | G96: 0 | H96: 1 | I96: 0 | J96: 0 | K96: 0 | L96: 0 | M96: 0 | N96: 0 | O96: 0 | P96: 0 | Q96: 0 | R96: 2 | S96: 1 | T96: 0 | U96: 0 | V96: 0 | W96: 0 | X96: 0 | Y96: 0 | Z96: 0 | AA96: 0 | AB96: 0 | AC96: 0 | AD96: 0 | AE96: 0 | AF96: 0 | AG96: 1 | AH96: =SUM(E96:AG96) -> 5
B97: 4 | C97: 4. TEDDY ANUGRIANTO | E97: 1 | F97: 1 | G97: 3 | H97: 0 | I97: 0 | J97: 1 | K97: 2 | L97: 1 | M97: 1 | N97: 1 | O97: 12 | P97: 0 | Q97: 0 | R97: 1 | S97: 1 | T97: 0 | U97: 0 | V97: 0 | W97: 0 | X97: 3 | Y97: 4 | Z97: 24 | AA97: 1 | AB97: 0 | AC97: 0 | AD97: 0 | AE97: 0 | AF97: 0 | AG97: 0 | AH97: =SUM(E97:AG97) -> 57
