Workbook

Sheet DPRD KAB
C8: Kecamatan | D8: BLIMBINGSARI
C9: Kabupaten | D9: BANYUWANGI
C10: Provinsi | D10: JAWA TIMUR
A12: I | B12: DATA PEMILIH DAN PENGGUNAAN HAK PILIH | E12: JUMLAH AKHIR
A13: A | B13: DATA PEMILIH
B14: Jumlah Pemilih dalam Daftar Pemilih Tetap (DPT) | D14: LK | E14: =BADEAN!AB14+BLIMBINGSARI!U14+BOMO!W14+GINTANGAN!Z14+KALIGUNG!R14+KAOTAN!M14+KARANGREJO!P14+PATOMAN!T14+SUKOJATI!P14+WATUKEBO!AK14 -> 21865
D15: PR | E15: =BADEAN!AB15+BLIMBINGSARI!U15+BOMO!W15+GINTANGAN!Z15+KALIGUNG!R15+KAOTAN!M15+KARANGREJO!P15+PATOMAN!T15+SUKOJATI!P15+WATUKEBO!AK15 -> 21891
D16: JML | E16: =SUM(E14:E15) -> 43756
A18: B | B18: PENGGUNA HAK PILIH
B19: 1. | C19: Jumlah pengguna hak pilih dalam Daftar Pemilih Tetap (DPT) | D19: LK | E19: =BADEAN!AB19+BLIMBINGSARI!U19+BOMO!W19+GINTANGAN!Z19+KALIGUNG!R19+KAOTAN!M19+KARANGREJO!P19+PATOMAN!T19+SUKOJATI!P19+WATUKEBO!AK19 -> 16216
D20: PR | E20: =BADEAN!AB20+BLIMBINGSARI!U20+BOMO!W20+GINTANGAN!Z20+KALIGUNG!R20+KAOTAN!M20+KARANGREJO!P20+PATOMAN!T20+SUKOJATI!P20+WATUKEBO!AK20 -> 17851
D21: JML | E21: =SUM(E19:E20) -> 34067
B22: 2. | C22: Jumlah pengguna hak pilih dalam Daftar Pemilih Tambahan (DPTb) | D22: LK | E22: =BADEAN!AB22+BLIMBINGSARI!U22+BOMO!W22+GINTANGAN!Z22+KALIGUNG!R22+KAOTAN!M22+KARANGREJO!P22+PATOMAN!T22+SUKOJATI!P22+WATUKEBO!AK22 -> 14
D23: PR | E23: =BADEAN!AB23+BLIMBINGSARI!U23+BOMO!W23+GINTANGAN!Z23+KALIGUNG!R23+KAOTAN!M23+KARANGREJO!P23+PATOMAN!T23+SUKOJATI!P23+WATUKEBO!AK23 -> 16
D24: JML | E24: =SUM(E22:E23) -> 30
B25: 3. | C25: Jumlah pengguna hak pilih dalam Daftar Pemilih Khusus (DPK) | D25: LK | E25: =BADEAN!AB25+BLIMBINGSARI!U25+BOMO!W25+GINTANGAN!Z25+KALIGUNG!R25+KAOTAN!M25+KARANGREJO!P25+PATOMAN!T25+SUKOJATI!P25+WATUKEBO!AK25 -> 100
D26: PR | E26: =BADEAN!AB26+BLIMBINGSARI!U26+BOMO!W26+GINTANGAN!Z26+KALIGUNG!R26+KAOTAN!M26+KARANGREJO!P26+PATOMAN!T26+SUKOJATI!P26+WATUKEBO!AK26 -> 139
D27: JML | E27: =SUM(E25:E26) -> 239
B28: 4. | C28: Jumlah Pengguna Hak Pilih (B.1+B.2+B.3) | D28: LK | E28: =E19+E22+E25 -> 16330
D29: PR | E29: =E20+E23+E26 -> 18006
D30: JML | E30: =SUM(E28:E29) -> 34336
A32: II | B32: DATA PENGGUNAAN SURAT SUARA
A33: 1 | B33: Jumlah surat suara yang diterima, termasuk surat suara cadangan 2,5% dari DPT | E33: =BADEAN!AB33+BLIMBINGSARI!U33+BOMO!W33+GINTANGAN!Z33+KALIGUNG!R33+KAOTAN!M33+KARANGREJO!P33+PATOMAN!T33+SUKOJATI!P33+WATUKEBO!AK33 -> 44693
A34: 2 | B34: Jumlah surat suara yang digunakan | E34: =BADEAN!AB34+BLIMBINGSARI!U34+BOMO!W34+GINTANGAN!Z34+KALIGUNG!R34+KAOTAN!M34+KARANGREJO!P34+PATOMAN!T34+SUKOJATI!P34+WATUKEBO!AK34 -> 34336
A35: 3 | B35: Jumlah surat suara dikembalikan oleh pemilih (karena rusak atau keliru coblos) | E35: =BADEAN!AB35+BLIMBINGSARI!U35+BOMO!W35+GINTANGAN!Z35+KALIGUNG!R35+KAOTAN!M35+KARANGREJO!P35+PATOMAN!T35+SUKOJATI!P35+WATUKEBO!AK35 -> 126
A36: 4 | B36: Jumlah surat suara yang tidak digunakan/tidak terpakai, termasuk sisa surat suara cadangan | E36: =E33-(E34+E35) -> 10231
A38: III | B38: DATA PEMILIH DISABILITAS
B39: Jumlah seluruh Pemilih disabilitas yang menggunakan hak pilih | D39: LK | E39: =BADEAN!AB39+BLIMBINGSARI!U39+BOMO!W39+GINTANGAN!Z39+KALIGUNG!R39+KAOTAN!M39+KARANGREJO!P39+PATOMAN!T39+SUKOJATI!P39+WATUKEBO!AK39 -> 45
D40: PR | E40: =BADEAN!AB40+BLIMBINGSARI!U40+BOMO!W40+GINTANGAN!Z40+KALIGUNG!R40+KAOTAN!M40+KARANGREJO!P40+PATOMAN!T40+SUKOJATI!P40+WATUKEBO!AK40 -> 49
D41: JML | E41: =SUM(E39:E40) -> 94
A43: IV | B43: DATA RINCIAN PEROLEHAN SUARA PASANGAN CALON BUPATI DAN WAKIL BUPATI
A44: NOMOR DAN NAMA CALON
A45: A.1 | B45: 1. | C45: Partai Kebangkitan Bangsa | E45: =BADEAN!AB45+BLIMBINGSARI!U45+BOMO!W45+GINTANGAN!Z45+KALIGUNG!R45+KAOTAN!M45+KARANGREJO!P45+PATOMAN!T45+SUKOJATI!P45+WATUKEBO!AK45 -> 1269
A46: A.2 | C46: 1. ARVY RIZALDY, S.E. | E46: =BADEAN!AB46+BLIMBINGSARI!U46+BOMO!W46+GINTANGAN!Z46+KALIGUNG!R46+KAOTAN!M46+KARANGREJO!P46+PATOMAN!T46+SUKOJATI!P46+WATUKEBO!AK46 -> 7287
C47: 2. HILMI MUSTOFA | E47: =BADEAN!AB47+BLIMBINGSARI!U47+BOMO!W47+GINTANGAN!Z47+KALIGUNG!R47+KAOTAN!M47+KARANGREJO!P47+PATOMAN!T47+SUKOJATI!P47+WATUKEBO!AK47 -> 201
C48: 3. RUSDIANAH, A.Ma.Pd | E48: =BADEAN!AB48+BLIMBINGSARI!U48+BOMO!W48+GINTANGAN!Z48+KALIGUNG!R48+KAOTAN!M48+KARANGREJO!P48+PATOMAN!T48+SUKOJATI!P48+WATUKEBO!AK48 -> 165
C49: 4. USMAN YUSUF | E49: =BADEAN!AB49+BLIMBINGSARI!U49+BOMO!W49+GINTANGAN!Z49+KALIGUNG!R49+KAOTAN!M49+KARANGREJO!P49+PATOMAN!T49+SUKOJATI!P49+WATUKEBO!AK49 -> 137
C50: 5. SA`ADAH | E50: =BADEAN!AB50+BLIMBINGSARI!U50+BOMO!W50+GINTANGAN!Z50+KALIGUNG!R50+KAOTAN!M50+KARANGREJO!P50+PATOMAN!T50+SUKOJATI!P50+WATUKEBO!AK50 -> 14
C51: 6. FARIHA HASANATUL AMALIA | E51: =BADEAN!AB51+BLIMBINGSARI!U51+BOMO!W51+GINTANGAN!Z51+KALIGUNG!R51+KAOTAN!M51+KARANGREJO!P51+PATOMAN!T51+SUKOJATI!P51+WATUKEBO!AK51 -> 41
A52: B | B52: JUMLAH SUARA SAH PARTAI POLITIK DAN CALON (A1 + A2) | E52: =SUM(E45:E51) -> 9114
A54: A.1 | B54: 2. | C54: Partai Gerakan Indonesia Raya | E54: =BADEAN!AB54+BLIMBINGSARI!U54+BOMO!W54+GINTANGAN!Z54+KALIGUNG!R54+KAOTAN!M54+KARANGREJO!P54+PATOMAN!T54+SUKOJATI!P54+WATUKEBO!AK54 -> 686
A55: A.2 | C55: 1. SUPARMAN EDY H. | E55: =BADEAN!AB55+BLIMBINGSARI!U55+BOMO!W55+GINTANGAN!Z55+KALIGUNG!R55+KAOTAN!M55+KARANGREJO!P55+PATOMAN!T55+SUKOJATI!P55+WATUKEBO!AK55 -> 289
C56: 2. NASIKHUN AMIN | E56: =BADEAN!AB56+BLIMBINGSARI!U56+BOMO!W56+GINTANGAN!Z56+KALIGUNG!R56+KAOTAN!M56+KARANGREJO!P56+PATOMAN!T56+SUKOJATI!P56+WATUKEBO!AK56 -> 138
C57: 3. ENY SETIAWATI, S.H | E57: =BADEAN!AB57+BLIMBINGSARI!U57+BOMO!W57+GINTANGAN!Z57+KALIGUNG!R57+KAOTAN!M57+KARANGREJO!P57+PATOMAN!T57+SUKOJATI!P57+WATUKEBO!AK57 -> 88
C58: 4. H. ABDUL QODIR, S.H., M.H. | E58: =BADEAN!AB58+BLIMBINGSARI!U58+BOMO!W58+GINTANGAN!Z58+KALIGUNG!R58+KAOTAN!M58+KARANGREJO!P58+PATOMAN!T58+SUKOJATI!P58+WATUKEBO!AK58 -> 384
C59: 5. FATMAWATI, S.E. | E59: =BADEAN!AB59+BLIMBINGSARI!U59+BOMO!W59+GINTANGAN!Z59+KALIGUNG!R59+KAOTAN!M59+KARANGREJO!P59+PATOMAN!T59+SUKOJATI!P59+WATUKEBO!AK59 -> 45
C60: 6. NANANG NUR AHMADI | E60: =BADEAN!AB60+BLIMBINGSARI!U60+BOMO!W60+GINTANGAN!Z60+KALIGUNG!R60+KAOTAN!M60+KARANGREJO!P60+PATOMAN!T60+SUKOJATI!P60+WATUKEBO!AK60 -> 211
A61: B | B61: JUMLAH SUARA SAH PARTAI POLITIK DAN CALON (A1 + A2) | E61: =SUM(E54:E60) -> 1841
A63: A.1 | B63: 3. | C63: Partai Demokrasi Indonesia Perjuangan | E63: =BADEAN!AB63+BLIMBINGSARI!U63+BOMO!W63+GINTANGAN!Z63+KALIGUNG!R63+KAOTAN!M63+KARANGREJO!P63+PATOMAN!T63+SUKOJATI!P63+WATUKEBO!AK63 -> 729
A64: A.2 | C64: 1. WAGIANTO | E64: =BADEAN!AB64+BLIMBINGSARI!U64+BOMO!W64+GINTANGAN!Z64+KALIGUNG!R64+KAOTAN!M64+KARANGREJO!P64+PATOMAN!T64+SUKOJATI!P64+WATUKEBO!AK64 -> 1651
C65: 2. ERIK TRISDIANTANA | E65: =BADEAN!AB65+BLIMBINGSARI!U65+BOMO!W65+GINTANGAN!Z65+KALIGUNG!R65+KAOTAN!M65+KARANGREJO!P65+PATOMAN!T65+SUKOJATI!P65+WATUKEBO!AK65 -> 299
C66: 3. NI GALUH PARWATI | E66: =BADEAN!AB66+BLIMBINGSARI!U66+BOMO!W66+GINTANGAN!Z66+KALIGUNG!R66+KAOTAN!M66+KARANGREJO!P66+PATOMAN!T66+SUKOJATI!P66+WATUKEBO!AK66 -> 2079
C67: 4. DZULFIKAR REZKY | E67: =BADEAN!AB67+BLIMBINGSARI!U67+BOMO!W67+GINTANGAN!Z67+KALIGUNG!R67+KAOTAN!M67+KARANGREJO!P67+PATOMAN!T67+SUKOJATI!P67+WATUKEBO!AK67 -> 113
C68: 5. AMALIYAH | E68: =BADEAN!AB68+BLIMBINGSARI!U68+BOMO!W68+GINTANGAN!Z68+KALIGUNG!R68+KAOTAN!M68+KARANGREJO!P68+PATOMAN!T68+SUKOJATI!P68+WATUKEBO!AK68 -> 59
C69: 6. PUTRI PARAMITA CIPTASARI | E69: =BADEAN!AB69+BLIMBINGSARI!U69+BOMO!W69+GINTANGAN!Z69+KALIGUNG!R69+KAOTAN!M69+KARANGREJO!P69+PATOMAN!T69+SUKOJATI!P69+WATUKEBO!AK69 -> 51
A70: B | B70: JUMLAH SUARA SAH PARTAI POLITIK DAN CALON (A1 + A2) | E70: =SUM(E63:E69) -> 4981
A72: A.1 | B72: 4. | C72: Partai Golongan Karya | E72: =BADEAN!AB72+BLIMBINGSARI!U72+BOMO!W72+GINTANGAN!Z72+KALIGUNG!R72+KAOTAN!M72+KARANGREJO!P72+PATOMAN!T72+SUKOJATI!P72+WATUKEBO!AK72 -> 561
A73: A.2 | C73: 1. MARIFATUL KAMILA, S.H. | E73: =BADEAN!AB73+BLIMBINGSARI!U73+BOMO!W73+GINTANGAN!Z73+KALIGUNG!R73+KAOTAN!M73+KARANGREJO!P73+PATOMAN!T73+SUKOJATI!P73+WATUKEBO!AK73 -> 3130
C74: 2. KUSWORO, S.Pd. | E74: =BADEAN!AB74+BLIMBINGSARI!U74+BOMO!W74+GINTANGAN!Z74+KALIGUNG!R74+KAOTAN!M74+KARANGREJO!P74+PATOMAN!T74+SUKOJATI!P74+WATUKEBO!AK74 -> 37
C75: 3. DIDIK SANTOSO, S.Pd. | E75: =BADEAN!AB75+BLIMBINGSARI!U75+BOMO!W75+GINTANGAN!Z75+KALIGUNG!R75+KAOTAN!M75+KARANGREJO!P75+PATOMAN!T75+SUKOJATI!P75+WATUKEBO!AK75 -> 23
C76: 4. ASYIQ RAHMATULLAH, H | E76: =BADEAN!AB76+BLIMBINGSARI!U76+BOMO!W76+GINTANGAN!Z76+KALIGUNG!R76+KAOTAN!M76+KARANGREJO!P76+PATOMAN!T76+SUKOJATI!P76+WATUKEBO!AK76 -> 19
C77: 5. ARI PANGESTI | E77: =BADEAN!AB77+BLIMBINGSARI!U77+BOMO!W77+GINTANGAN!Z77+KALIGUNG!R77+KAOTAN!M77+KARANGREJO!P77+PATOMAN!T77+SUKOJATI!P77+WATUKEBO!AK77 -> 16
C78: 6. H. HANDOKO, S.E. | E78: =BADEAN!AB78+BLIMBINGSARI!U78+BOMO!W78+GINTANGAN!Z78+KALIGUNG!R78+KAOTAN!M78+KARANGREJO!P78+PATOMAN!T78+SUKOJATI!P78+WATUKEBO!AK78 -> 904
A79: B | B79: JUMLAH SUARA SAH PARTAI POLITIK DAN CALON (A1 + A2) | E79: =SUM(E72:E78) -> 4690
A81: A.1 | B81: 5. | C81: Partai NasDem | E81: =BADEAN!AB81+BLIMBINGSARI!U81+BOMO!W81+GINTANGAN!Z81+KALIGUNG!R81+KAOTAN!M81+KARANGREJO!P81+PATOMAN!T81+SUKOJATI!P81+WATUKEBO!AK81 -> 150
A82: A.2 | C82: 1. H. EDI PURNOMO | E82: =BADEAN!AB82+BLIMBINGSARI!U82+BOMO!W82+GINTANGAN!Z82+KALIGUNG!R82+KAOTAN!M82+KARANGREJO!P82+PATOMAN!T82+SUKOJATI!P82+WATUKEBO!AK82 -> 182
C83: 2. I GEDE SUDRO WICANO | E83: =BADEAN!AB83+BLIMBINGSARI!U83+BOMO!W83+GINTANGAN!Z83+KALIGUNG!R83+KAOTAN!M83+KARANGREJO!P83+PATOMAN!T83+SUKOJATI!P83+WATUKEBO!AK83 -> 2255
C84: 3. TRI MARVILA SUKMANA, S.H. | E84: =BADEAN!AB84+BLIMBINGSARI!U84+BOMO!W84+GINTANGAN!Z84+KALIGUNG!R84+KAOTAN!M84+KARANGREJO!P84+PATOMAN!T84+SUKOJATI!P84+WATUKEBO!AK84 -> 49
C85: 4. ISLAMIYAH LESTARI | E85: =BADEAN!AB85+BLIMBINGSARI!U85+BOMO!W85+GINTANGAN!Z85+KALIGUNG!R85+KAOTAN!M85+KARANGREJO!P85+PATOMAN!T85+SUKOJATI!P85+WATUKEBO!AK85 -> 3
C86: 5. LUTFI WAHYUDI | E86: =BADEAN!AB86+BLIMBINGSARI!U86+BOMO!W86+GINTANGAN!Z86+KALIGUNG!R86+KAOTAN!M86+KARANGREJO!P86+PATOMAN!T86+SUKOJATI!P86+WATUKEBO!AK86 -> 29
C87: 6. AGUS MAIDO | E87: =BADEAN!AB87+BLIMBINGSARI!U87+BOMO!W87+GINTANGAN!Z87+KALIGUNG!R87+KAOTAN!M87+KARANGREJO!P87+PATOMAN!T87+SUKOJATI!P87+WATUKEBO!AK87 -> 3
A88: B | B88: JUMLAH SUARA SAH PARTAI POLITIK DAN CALON (A1 + A2) | E88: =SUM(E81:E87) -> 2671
A90: A.1 | B90: 6. | C90: Partai Buruh | E90: =BADEAN!AB90+BLIMBINGSARI!U90+BOMO!W90+GINTANGAN!Z90+KALIGUNG!R90+KAOTAN!M90+KARANGREJO!P90+PATOMAN!T90+SUKOJATI!P90+WATUKEBO!AK90 -> 53
A91: A.2 | C91: 1. ERWIN SANTOSO | E91: =BADEAN!AB91+BLIMBINGSARI!U91+BOMO!W91+GINTANGAN!Z91+KALIGUNG!R91+KAOTAN!M91+KARANGREJO!P91+PATOMAN!T91+SUKOJATI!P91+WATUKEBO!AK91 -> 17
A92: B | B92: JUMLAH SUARA SAH PARTAI POLITIK DAN CALON (A1 + A2) | E92: =SUM(E90:E91) -> 70
A94: A.1 | B94: 7. | C94: Partai Gelombang Rakyat Indonesia | E94: =BADEAN!AB94+BLIMBINGSARI!U94+BOMO!W94+GINTANGAN!Z94+KALIGUNG!R94+KAOTAN!M94+KARANGREJO!P94+PATOMAN!T94+SUKOJATI!P94+WATUKEBO!AK94 -> 62
A95: A.2 | C95: 1. SUTRISNO | E95: =BADEAN!AB95+BLIMBINGSARI!U95+BOMO!W95+GINTANGAN!Z95+KALIGUNG!R95+KAOTAN!M95+KARANGREJO!P95+PATOMAN!T95+SUKOJATI!P95+WATUKEBO!AK95 -> 20
C96: 2. MOH. ANNAS | E96: =BADEAN!AB96+BLIMBINGSARI!U96+BOMO!W96+GINTANGAN!Z96+KALIGUNG!R96+KAOTAN!M96+KARANGREJO!P96+PATOMAN!T96+SUKOJATI!P96+WATUKEBO!AK96 -> 42
C97: 3. NI MADE AYU PUNIARSI | E97: =BADEAN!AB97+BLIMBINGSARI!U97+BOMO!W97+GINTANGAN!Z97+KALIGUNG!R97+KAOTAN!M97+KARANGREJO!P97+PATOMAN!T97+SUKOJATI!P97+WATUKEBO!AK97 -> 7
C98: 4. HENDRA KURNIAWAN | E98: =BADEAN!AB98+BLIMBINGSARI!U98+BOMO!W98+GINTANGAN!Z98+KALIGUNG!R98+KAOTAN!M98+KARANGREJO!P98+PATOMAN!T98+SUKOJATI!P98+WATUKEBO!AK98 -> 1
C99: 5. DEASY GITTA PERWITASARI | E99: =BADEAN!AB99+BLIMBINGSARI!U99+BOMO!W99+GINTANGAN!Z99+KALIGUNG!R99+KAOTAN!M99+KARANGREJO!P99+PATOMAN!T99+SUKOJATI!P99+WATUKEBO!AK99 -> 1
C100: 6. SUPRAPTO | E100: =BADEAN!AB100+BLIMBINGSARI!U100+BOMO!W100+GINTANGAN!Z100+KALIGUNG!R100+KAOTAN!M100+KARANGREJO!P100+PATOMAN!T100+SUKOJATI!P100+WATUKEBO!AK100 -> 5
A101: B | B101: JUMLAH SUARA SAH PARTAI POLITIK DAN CALON (A1 + A2) | E101: =SUM(E94:E100) -> 138
A103: A.1 | B103: 8. | C103: Partai Keadilan Sejahtera | E103: =BADEAN!AB103+BLIMBINGSARI!U103+BOMO!W103+GINTANGAN!Z103+KALIGUNG!R103+KAOTAN!M103+KARANGREJO!P103+PATOMAN!T103+SUKOJATI!P103+WATUKEBO!AK103 -> 29
A104: A.2 | C104: 1. ARIEF WAHYUDI DJ, S.T. | E104: =BADEAN!AB104+BLIMBINGSARI!U104+BOMO!W104+GINTANGAN!Z104+KALIGUNG!R104+KAOTAN!M104+KARANGREJO!P104+PATOMAN!T104+SUKOJATI!P104+WATUKEBO!AK104 -> 43
C105: 2. SUMAJI | E105: =BADEAN!AB105+BLIMBINGSARI!U105+BOMO!W105+GINTANGAN!Z105+KALIGUNG!R105+KAOTAN!M105+KARANGREJO!P105+PATOMAN!T105+SUKOJATI!P105+WATUKEBO!AK105 -> 4
C106: 3. LILIK MARIYANA, S.Pd. | E106: =BADEAN!AB106+BLIMBINGSARI!U106+BOMO!W106+GINTANGAN!Z106+KALIGUNG!R106+KAOTAN!M106+KARANGREJO!P106+PATOMAN!T106+SUKOJATI!P106+WATUKEBO!AK106 -> 13
C107: 4. M. HARUN | E107: =BADEAN!AB107+BLIMBINGSARI!U107+BOMO!W107+GINTANGAN!Z107+KALIGUNG!R107+KAOTAN!M107+KARANGREJO!P107+PATOMAN!T107+SUKOJATI!P107+WATUKEBO!AK107 -> 21
C108: 5. SHOLIHIN, S.P. | E108: =BADEAN!AB108+BLIMBINGSARI!U108+BOMO!W108+GINTANGAN!Z108+KALIGUNG!R108+KAOTAN!M108+KARANGREJO!P108+PATOMAN!T108+SUKOJATI!P108+WATUKEBO!AK108 -> 2
C109: 6. HANIFATUL IMTITSAL, S.K.M. | E109: =BADEAN!AB109+BLIMBINGSARI!U109+BOMO!W109+GINTANGAN!Z109+KALIGUNG!R109+KAOTAN!M109+KARANGREJO!P109+PATOMAN!T109+SUKOJATI!P109+WATUKEBO!AK109 -> 12
A110: B | B110: JUMLAH SUARA SAH PARTAI POLITIK DAN CALON (A1 + A2) | E110: =SUM(E103:E109) -> 124
A112: A.1 | B112: 9. | C112: Partai Kebangkitan Nusantara | E112: =BADEAN!AB112+BLIMBINGSARI!U112+BOMO!W112+GINTANGAN!Z112+KALIGUNG!R112+KAOTAN!M112+KARANGREJO!P112+PATOMAN!T112+SUKOJATI!P112+WATUKEBO!AK112 -> 4
C113: 1. AGUS TARMIDI | E113: =BADEAN!AB113+BLIMBINGSARI!U113+BOMO!W113+GINTANGAN!Z113+KALIGUNG!R113+KAOTAN!M113+KARANGREJO!P113+PATOMAN!T113+SUKOJATI!P113+WATUKEBO!AK113 -> 2
C114: 2. DIAH AYU PERDANA | E114: =BADEAN!AB114+BLIMBINGSARI!U114+BOMO!W114+GINTANGAN!Z114+KALIGUNG!R114+KAOTAN!M114+KARANGREJO!P114+PATOMAN!T114+SUKOJATI!P114+WATUKEBO!AK114 -> 7
C115: 3. SITI SUNARSIH | E115: =BADEAN!AB115+BLIMBINGSARI!U115+BOMO!W115+GINTANGAN!Z115+KALIGUNG!R115+KAOTAN!M115+KARANGREJO!P115+PATOMAN!T115+SUKOJATI!P115+WATUKEBO!AK115 -> 0
A116: A.2 | C116: 4. DIDIK BASUKI | E116: =BADEAN!AB116+BLIMBINGSARI!U116+BOMO!W116+GINTANGAN!Z116+KALIGUNG!R116+KAOTAN!M116+KARANGREJO!P116+PATOMAN!T116+SUKOJATI!P116+WATUKEBO!AK116 -> 2
C117: 5. PUTRI SARI APRILIA | E117: =BADEAN!AB117+BLIMBINGSARI!U117+BOMO!W117+GINTANGAN!Z117+KALIGUNG!R117+KAOTAN!M117+KARANGREJO!P117+PATOMAN!T117+SUKOJATI!P117+WATUKEBO!AK117 -> 0
C118: 6. H. IMAM SOLIKHIN, B.E. | E118: =BADEAN!AB118+BLIMBINGSARI!U118+BOMO!W118+GINTANGAN!Z118+KALIGUNG!R118+KAOTAN!M118+KARANGREJO!P118+PATOMAN!T118+SUKOJATI!P118+WATUKEBO!AK118 -> 0
A119: B | B119: JUMLAH SUARA SAH PARTAI POLITIK DAN CALON (A1 + A2) | E119: =SUM(E112:E118) -> 15
A121: A.1 | B121: 10. | C121: Partai Hati Nurani Rakyat | E121: =BADEAN!AB121+BLIMBINGSARI!U121+BOMO!W121+GINTANGAN!Z121+KALIGUNG!R121+KAOTAN!M121+KARANGREJO!P121+PATOMAN!T121+SUKOJATI!P121+WATUKEBO!AK121 -> 15
...

Sheet BADEAN
C2: Kecamatan | D2: BLIMBINGSARI
C3: Kabupaten | D3: BANYUWANGI
C4: Provinsi | D4: JAWA TIMUR
C9: Kelurahan | D9: BADEAN
A12: I | B12: DATA PEMILIH DAN PENGGUNAAN HAK PILIH | AB12: JUMLAH AKHIR
A13: A | B13: DATA PEMILIH | E13: TPS 001 | F13: TPS 002 | G13: TPS 003 | H13: TPS 004 | I13: TPS 005 | J13: TPS 006 | K13: TPS 007 | L13: TPS 008 | M13: TPS 009 | N13: TPS 010 | O13: TPS 011 | P13: TPS 012 | Q13: TPS 013 | R13: TPS 014 | S13: TPS 015 | T13: TPS 016 | U13: TPS 017 | V13: TPS 018 | W13: TPS 019 | X13: TPS 020 | Y13: TPS 021 | Z13: TPS 022 | AA13: TPS 023
B14: Jumlah Pemilih dalam Daftar Pemilih Tetap (DPT) | D14: LK | E14: 135 | F14: 117 | G14: 109 | H14: 108 | I14: 137 | J14: 145 | K14: 122 | L14: 119 | M14: 144 | N14: 134 | O14: 146 | P14: 128 | Q14: 141 | R14: 115 | S14: 85 | T14: 89 | U14: 124 | V14: 120 | W14: 134 | X14: 136 | Y14: 131 | Z14: 125 | AA14: 125 | AB14: =SUM(E14:AA14) -> 2869
D15: PR | E15: 130 | F15: 129 | G15: 141 | H15: 122 | I15: 129 | J15: 134 | K15: 132 | L15: 151 | M15: 131 | N15: 143 | O15: 129 | P15: 126 | Q15: 125 | R15: 114 | S15: 102 | T15: 101 | U15: 129 | V15: 131 | W15: 126 | X15: 122 | Y15: 124 | Z15: 116 | AA15: 114 | AB15: =SUM(E15:AA15) -> 2901
D16: JML | E16: =SUM(E14:E15) -> 265 | F16: =SUM(F14:F15) -> 246 | G16: =SUM(G14:G15) -> 250 | H16: =SUM(H14:H15) -> 230 | I16: =SUM(I14:I15) -> 266 | J16: =SUM(J14:J15) -> 279 | K16: =SUM(K14:K15) -> 254 | L16: =SUM(L14:L15) -> 270 | ... AA16: =SUM(AA14:AA15) -> 239 | AB16: =SUM(E16:AA16) -> 5770
A18: B | B18: PENGGUNA HAK PILIH
B19: 1. | C19: Jumlah pengguna hak pilih dalam Daftar Pemilih Tetap (DPT) | D19: LK | E19: 111 | F19: 99 | G19: 84 | H19: 86 | I19: 104 | J19: 102 | K19: 85 | L19: 72 | M19: 104 | N19: 93 | O19: 106 | P19: 104 | Q19: 93 | R19: 67 | S19: 64 | T19: 55 | U19: 92 | V19: 91 | W19: 100 | X19: 98 | Y19: 100 | Z19: 104 | AA19: 95 | AB19: =SUM(E19:AA19) -> 2109
D20: PR | E20: 114 | F20: 104 | G20: 115 | H20: 98 | I20: 108 | J20: 102 | K20: 120 | L20: 108 | M20: 111 | N20: 110 | O20: 102 | P20: 107 | Q20: 97 | R20: 81 | S20: 81 | T20: 71 | U20: 107 | V20: 112 | W20: 98 | X20: 104 | Y20: 92 | Z20: 101 | AA20: 94 | AB20: =SUM(E20:AA20) -> 2337
D21: JML | E21: 225 | F21: 203 | G21: 199 | H21: 184 | I21: 212 | J21: 204 | K21: 205 | L21: 180 | M21: 215 | N21: 203 | O21: 208 | P21: 211 | Q21: 190 | R21: 148 | S21: 145 | T21: 126 | U21: 199 | V21: 203 | W21: 198 | X21: 202 | Y21: 192 | Z21: 205 | AA21: 189 | AB21: =SUM(E21:AA21) -> 4446
B22: 2. | C22: Jumlah pengguna hak pilih dalam Daftar Pemilih Tambahan (DPTb) | D22: LK | E22: 0 | F22: 0 | G22: 0 | H22: 0 | I22: 0 | J22: 0 | K22: 0 | L22: 0 | M22: 0 | N22: 0 | O22: 0 | P22: 0 | Q22: 0 | R22: 0 | S22: 0 | T22: 0 | U22: 0 | V22: 0 | W22: 0 | X22: 0 | Y22: 0 | Z22: 0 | AA22: 0 | AB22: =SUM(E22:AA22) -> 0
D23: PR | E23: 0 | F23: 0 | G23: 0 | H23: 0 | I23: 0 | J23: 0 | K23: 0 | L23: 0 | M23: 0 | N23: 0 | O23: 0 | P23: 0 | Q23: 0 | R23: 0 | S23: 0 | T23: 0 | U23: 0 | V23: 0 | W23: 0 | X23: 0 | Y23: 0 | Z23: 0 | AA23: 0 | AB23: =SUM(E23:AA23) -> 0
D24: JML | E24: 0 | F24: 0 | G24: 0 | H24: 0 | I24: 0 | J24: 0 | K24: 0 | L24: 0 | M24: 0 | N24: 0 | O24: 0 | P24: 0 | Q24: 0 | R24: 0 | S24: 0 | T24: 0 | U24: 0 | V24: 0 | W24: 0 | X24: 0 | Y24: 0 | Z24: 0 | AA24: 0 | AB24: =SUM(E24:AA24) -> 0
B25: 3. | C25: Jumlah pengguna hak pilih dalam Daftar Pemilih Khusus (DPK) | D25: LK | E25: 0 | F25: 0 | G25: 4 | H25: 0 | I25: 1 | J25: 3 | K25: 1 | L25: 1 | M25: 0 | N25: 3 | O25: 1 | P25: 2 | Q25: 4 | R25: 3 | S25: 0 | T25: 6 | U25: 0 | V25: 4 | W25: 1 | X25: 0 | Y25: 3 | Z25: 3 | AA25: 1 | AB25: =SUM(E25:AA25) -> 41
D26: PR | E26: 0 | F26: 0 | G26: 2 | H26: 0 | I26: 3 | J26: 6 | K26: 0 | L26: 2 | M26: 2 | N26: 1 | O26: 3 | P26: 4 | Q26: 3 | R26: 3 | S26: 0 | T26: 6 | U26: 0 | V26: 2 | W26: 2 | X26: 0 | Y26: 1 | Z26: 0 | AA26: 0 | AB26: =SUM(E26:AA26) -> 40
D27: JML | E27: 0 | F27: 0 | G27: 6 | H27: 0 | I27: 4 | J27: 9 | K27: 1 | L27: 3 | M27: 2 | N27: 4 | O27: 4 | P27: 6 | Q27: 7 | R27: 6 | S27: 0 | T27: 12 | U27: 0 | V27: 6 | W27: 3 | X27: 0 | Y27: 4 | Z27: 3 | AA27: 1 | AB27: =SUM(E27:AA27) -> 81
B28: 4. | C28: Jumlah Pengguna Hak Pilih (B.1+B.2+B.3) | D28: LK | E28: 111 | F28: 99 | G28: 88 | H28: 86 | I28: 105 | J28: 105 | K28: 86 | L28: 73 | M28: 104 | N28: 96 | O28: 107 | P28: 106 | Q28: 97 | R28: 70 | S28: 64 | T28: 61 | U28: 92 | V28: 95 | W28: 101 | X28: 98 | Y28: 103 | Z28: 107 | AA28: 96 | AB28: =SUM(E28:AA28) -> 2150
D29: PR | E29: 114 | F29: 104 | G29: 117 | H29: 98 | I29: 111 | J29: 108 | K29: 120 | L29: 110 | M29: 113 | N29: 111 | O29: 105 | P29: 111 | Q29: 100 | R29: 84 | S29: 81 | T29: 77 | U29: 107 | V29: 114 | W29: 100 | X29: 104 | Y29: 93 | Z29: 101 | AA29: 94 | AB29: =SUM(E29:AA29) -> 2377
D30: JML | E30: =SUM(E28:E29) -> 225 | F30: =SUM(F28:F29) -> 203 | G30: =SUM(G28:G29) -> 205 | H30: =SUM(H28:H29) -> 184 | I30: =SUM(I28:I29) -> 216 | J30: =SUM(J28:J29) -> 213 | K30: =SUM(K28:K29) -> 206 | L30: =SUM(L28:L29) -> 183 | ... AA30: =SUM(AA28:AA29) -> 190 | AB30: =SUM(E30:AA30) -> 4527
A32: II | B32: DATA PENGGUNAAN SURAT SUARA
A33: 1 | B33: Jumlah surat suara yang diterima, termasuk surat suara cadangan 2,5% dari DPT | E33: 271 | F33: 251 | G33: 255 | H33: 235 | I33: 272 | J33: 285 | K33: 260 | L33: 276 | M33: 261 | N33: 283 | O33: 281 | P33: 260 | Q33: 272 | R33: 233 | S33: 191 | T33: 194 | U33: 250 | V33: 257 | W33: 266 | X33: 264 | Y33: 261 | Z33: 246 | AA33: 245 | AB33: =SUM(E33:AA33) -> 5869
A34: 2 | B34: Jumlah surat suara yang digunakan | E34: 225 | F34: 203 | G34: 205 | H34: 184 | I34: 216 | J34: 213 | K34: 206 | L34: 183 | M34: 217 | N34: 207 | O34: 212 | P34: 217 | Q34: 197 | R34: 154 | S34: 145 | T34: 138 | U34: 199 | V34: 209 | W34: 201 | X34: 202 | Y34: 196 | Z34: 208 | AA34: 190 | AB34: =SUM(E34:AA34) -> 4527
A35: 3 | B35: Jumlah surat suara dikembalikan oleh pemilih (karena rusak atau keliru coblos) | E35: 0 | F35: 0 | G35: 0 | H35: 3 | I35: 0 | J35: 6 | K35: 0 | L35: 0 | M35: 0 | N35: 2 | O35: 1 | P35: 1 | Q35: 0 | R35: 0 | S35: 0 | T35: 0 | U35: 0 | V35: 0 | W35: 0 | X35: 0 | Y35: 0 | Z35: 0 | AA35: 0 | AB35: =SUM(E35:AA35) -> 13
A36: 4 | B36: Jumlah surat suara yang tidak digunakan/tidak terpakai, termasuk sisa surat suara cadangan | E36: 46 | F36: 48 | G36: 50 | H36: 48 | I36: 56 | J36: 66 | K36: 54 | L36: 93 | M36: 44 | N36: 74 | O36: 68 | P36: 42 | Q36: 75 | R36: 79 | S36: 46 | T36: 56 | U36: 51 | V36: 48 | W36: 65 | X36: 62 | Y36: 65 | Z36: 38 | AA36: 55 | AB36: =SUM(E36:AA36) -> 1329
A38: III | B38: DATA PEMILIH DISABILITAS
B39: Jumlah seluruh Pemilih disabilitas yang menggunakan hak pilih | D39: LK | E39: 0 | F39: 0 | G39: 0 | H39: 0 | I39: 1 | J39: 0 | K39: 0 | L39: 0 | M39: 0 | N39: 0 | O39: 0 | P39: 0 | Q39: 0 | R39: 1 | S39: 0 | T39: 0 | U39: 0 | V39: 0 | W39: 0 | X39: 0 | Y39: 0 | Z39: 0 | AA39: 1 | AB39: =SUM(E39:AA39) -> 3
D40: PR | E40: 0 | F40: 0 | G40: 0 | H40: 0 | I40: 1 | J40: 0 | K40: 0 | L40: 0 | M40: 0 | N40: 0 | O40: 0 | P40: 0 | Q40: 0 | R40: 3 | S40: 0 | T40: 0 | U40: 0 | V40: 0 | W40: 0 | X40: 0 | Y40: 0 | Z40: 0 | AA40: 2 | AB40: =SUM(E40:AA40) -> 6
D41: JML | E41: =SUM(E39:E40) -> 0 | F41: =SUM(F39:F40) -> 0 | G41: =SUM(G39:G40) -> 0 | H41: =SUM(H39:H40) -> 0 | I41: =SUM(I39:I40) -> 2 | J41: =SUM(J39:J40) -> 0 | K41: =SUM(K39:K40) -> 0 | L41: =SUM(L39:L40) -> 0 | ... AA41: =SUM(AA39:AA40) -> 3 | AB41: =SUM(E41:AA41) -> 9
A43: IV | B43: DATA RINCIAN PEROLEHAN SUARA PASANGAN CALON BUPATI DAN WAKIL BUPATI
A44: NOMOR DAN NAMA CALON
A45: A.1 | B45: 1. | C45: Partai Kebangkitan Bangsa | E45: 2 | F45: 1 | G45: 2 | H45: 2 | I45: 5 | J45: 0 | K45: 5 | L45: 2 | M45: 7 | N45: 6 | O45: 1 | P45: 15 | Q45: 19 | R45: 10 | S45: 2 | T45: 1 | U45: 4 | V45: 6 | W45: 4 | X45: 5 | Y45: 2 | Z45: 9 | AA45: 5 | AB45: =SUM(E45:AA45) -> 115
A46: A.2 | C46: 1. ARVY RIZALDY, S.E. | E46: 7 | F46: 8 | G46: 5 | H46: 22 | I46: 11 | J46: 12 | K46: 26 | L46: 7 | M46: 18 | N46: 25 | O46: 1 | P46: 67 | Q46: 71 | R46: 56 | S46: 35 | T46: 18 | U46: 0 | V46: 7 | W46: 4 | X46: 5 | Y46: 1 | Z46: 2 | AA46: 5 | AB46: =SUM(E46:AA46) -> 413
C47: 2. HILMI MUSTOFA | E47: 0 | F47: 0 | G47: 0 | H47: 2 | I47: 1 | J47: 1 | K47: 0 | L47: 1 | M47: 0 | N47: 2 | O47: 4 | P47: 2 | Q47: 2 | R47: 1 | S47: 3 | T47: 0 | U47: 0 | V47: 2 | W47: 4 | X47: 2 | Y47: 0 | Z47: 1 | AA47: 0 | AB47: =SUM(E47:AA47) -> 28
C48: 3. RUSDIANAH, A.Ma.Pd | E48: 0 | F48: 0 | G48: 0 | H48: 1 | I48: 0 | J48: 0 | K48: 0 | L48: 1 | M48: 0 | N48: 0 | O48: 0 | P48: 0 | Q48: 1 | R48: 0 | S48: 0 | T48: 0 | U48: 1 | V48: 0 | W48: 1 | X48: 0 | Y48: 0 | Z48: 0 | AA48: 0 | AB48: =SUM(E48:AA48) -> 5
C49: 4. USMAN YUSUF | E49: 0 | F49: 0 | G49: 0 | H49: 0 | I49: 0 | J49: 0 | K49: 0 | L49: 0 | M49: 0 | N49: 0 | O49: 0 | P49: 0 | Q49: 0 | R49: 0 | S49: 0 | T49: 0 | U49: 1 | V49: 1 | W49: 0 | X49: 0 | Y49: 0 | Z49: 0 | AA49: 0 | AB49: =SUM(E49:AA49) -> 2
C50: 5. SA`ADAH | E50: 0 | F50: 0 | G50: 0 | H50: 1 | I50: 0 | J50: 0 | K50: 0 | L50: 0 | M50: 0 | N50: 0 | O50: 0 | P50: 0 | Q50: 0 | R50: 0 | S50: 0 | T50: 0 | U50: 0 | V50: 0 | W50: 0 | X50: 0 | Y50: 0 | Z50: 0 | AA50: 0 | AB50: =SUM(E50:AA50) -> 1
C51: 6. FARIHA HASANATUL AMALIA | E51: 0 | F51: 0 | G51: 0 | H51: 0 | I51: 0 | J51: 0 | K51: 0 | L51: 0 | M51: 0 | N51: 0 | O51: 0 | P51: 1 | Q51: 0 | R51: 0 | S51: 0 | T51: 0 | U51: 0 | V51: 1 | W51: 0 | X51: 0 | Y51: 0 | Z51: 0 | AA51: 0 | AB51: =SUM(E51:AA51) -> 2
A52: B | B52: JUMLAH SUARA SAH PARTAI POLITIK DAN CALON (A1 + A2) | E52: =SUM(E45:E51) -> 9 | F52: =SUM(F45:F51) -> 9 | G52: =SUM(G45:G51) -> 7 | H52: =SUM(H45:H51) -> 28 | I52: =SUM(I45:I51) -> 17 | J52: =SUM(J45:J51) -> 13 | K52: =SUM(K45:K51) -> 31 | L52: =SUM(L45:L51) -> 11 | ... AA52: =SUM(AA45:AA51) -> 10 | AB52: =SUM(E52:AA52) -> 566
A54: A.1 | B54: 2. | C54: Partai Gerakan Indonesia Raya | E54: 2 | F54: 4 | G54: 3 | H54: 0 | I54: 3 | J54: 4 | K54: 3 | L54: 3 | M54: 2 | N54: 11 | O54: 1 | P54: 4 | Q54: 5 | R54: 2 | S54: 2 | T54: 2 | U54: 4 | V54: 6 | W54: 4 | X54: 11 | Y54: 7 | Z54: 11 | AA54: 3 | AB54: =SUM(E54:AA54) -> 97
A55: A.2 | C55: 1. SUPARMAN EDY H. | E55: 0 | F55: 0 | G55: 2 | H55: 0 | I55: 0 | J55: 1 | K55: 0 | L55: 1 | M55: 1 | N55: 1 | O55: 0 | P55: 1 | Q55: 4 | R55: 0 | S55: 0 | T55: 0 | U55: 0 | V55: 1 | W55: 1 | X55: 2 | Y55: 0 | Z55: 1 | AA55: 0 | AB55: =SUM(E55:AA55) -> 16
C56: 2. NASIKHUN AMIN | E56: 0 | F56: 0 | G56: 0 | H56: 0 | I56: 1 | J56: 1 | K56: 0 | L56: 1 | M56: 1 | N56: 0 | O56: 1 | P56: 2 | Q56: 0 | R56: 1 | S56: 0 | T56: 1 | U56: 0 | V56: 0 | W56: 2 | X56: 1 | Y56: 0 | Z56: 0 | AA56: 0 | AB56: =SUM(E56:AA56) -> 12
C57: 3. ENY SETIAWATI, S.H | E57: 6 | F57: 0 | G57: 0 | H57: 0 | I57: 1 | J57: 0 | K57: 0 | L57: 2 | M57: 3 | N57: 1 | O57: 0 | P57: 1 | Q57: 0 | R57: 0 | S57: 0 | T57: 2 | U57: 0 | V57: 0 | W57: 0 | X57: 0 | Y57: 0 | Z57: 0 | AA57: 0 | AB57: =SUM(E57:AA57) -> 16
C58: 4. H. ABDUL QODIR, S.H., M.H. | E58: 0 | F58: 1 | G58: 1 | H58: 0 | I58: 0 | J58: 0 | K58: 2 | L58: 1 | M58: 0 | N58: 0 | O58: 1 | P58: 1 | Q58: 0 | R58: 0 | S58: 0 | T58: 2 | U58: 0 | V58: 0 | W58: 0 | X58: 0 | Y58: 0 | Z58: 0 | AA58: 0 | AB58: =SUM(E58:AA58) -> 9
C59: 5. FATMAWATI, S.E. | E59: 0 | F59: 0 | G59: 0 | H59: 0 | I59: 0 | J59: 0 | K59: 0 | L59: 0 | M59: 0 | N59: 0 | O59: 0 | P59: 0 | Q59: 0 | R59: 0 | S59: 0 | T59: 0 | U59: 1 | V59: 0 | W59: 0 | X59: 0 | Y59: 1 | Z59: 0 | AA59: 1 | AB59: =SUM(E59:AA59) -> 3
C60: 6. NANANG NUR AHMADI | E60: 5 | F60: 0 | G60: 2 | H60: 0 | I60: 0 | J60: 0 | K60: 0 | L60: 1 | M60: 0 | N60: 1 | O60: 0 | P60: 0 | Q60: 0 | R60: 0 | S60: 0 | T60: 0 | U60: 0 | V60: 0 | W60: 0 | X60: 0 | Y60: 0 | Z60: 2 | AA60: 0 | AB60: =SUM(E60:AA60) -> 11
A61: B | B61: JUMLAH SUARA SAH PARTAI POLITIK DAN CALON (A1 + A2) | E61: =SUM(E54:E60) -> 13 | F61: =SUM(F54:F60) -> 5 | G61: =SUM(G54:G60) -> 8 | H61: =SUM(H54:H60) -> 0 | I61: =SUM(I54:I60) -> 5 | J61: =SUM(J54:J60) -> 6 | K61: =SUM(K54:K60) -> 5 | L61: =SUM(L54:L60) -> 9 | ... AA61: =SUM(AA54:AA60) -> 4 | AB61: =SUM(E61:AA61) -> 164
A63: A.1 | B63: 3. | C63: Partai Demokrasi Indonesia Perjuangan | E63: 1 | F63: 3 | G63: 0 | H63: 1 | I63: 1 | J63: 1 | K63: 0 | L63: 1 | M63: 2 | N63: 3 | O63: 1 | P63: 0 | Q63: 2 | R63: 0 | S63: 0 | T63: 1 | U63: 1 | V63: 3 | W63: 0 | X63: 0 | Y63: 1 | Z63: 2 | AA63: 3 | AB63: =SUM(E63:AA63) -> 27
A64: A.2 | C64: 1. WAGIANTO | E64: 1 | F64: 0 | G64: 0 | H64: 0 | I64: 1 | J64: 2 | K64: 0 | L64: 0 | M64: 0 | N64: 1 | O64: 0 | P64: 2 | Q64: 1 | R64: 0 | S64: 1 | T64: 1 | U64: 4 | V64: 1 | W64: 1 | X64: 8 | Y64: 20 | Z64: 4 | AA64: 2 | AB64: =SUM(E64:AA64) -> 50
C65: 2. ERIK TRISDIANTANA | E65: 2 | F65: 0 | G65: 0 | H65: 1 | I65: 2 | J65: 1 | K65: 0 | L65: 1 | M65: 0 | N65: 1 | O65: 9 | P65: 1 | Q65: 0 | R65: 0 | S65: 1 | T65: 0 | U65: 1 | V65: 2 | W65: 0 | X65: 2 | Y65: 1 | Z65: 0 | AA65: 3 | AB65: =SUM(E65:AA65) -> 28
C66: 3. NI GALUH PARWATI | E66: 4 | F66: 1 | G66: 0 | H66: 1 | I66: 1 | J66: 5 | K66: 2 | L66: 0 | M66: 0 | N66: 1 | O66: 0 | P66: 1 | Q66: 0 | R66: 0 | S66: 3 | T66: 0 | U66: 1 | V66: 0 | W66: 0 | X66: 0 | Y66: 0 | Z66: 1 | AA66: 0 | AB66: =SUM(E66:AA66) -> 21
C67: 4. DZULFIKAR REZKY | E67: 2 | F67: 0 | G67: 1 | H67: 0 | I67: 0 | J67: 0 | K67: 0 | L67: 0 | M67: 0 | N67: 2 | O67: 0 | P67: 0 | Q67: 0 | R67: 0 | S67: 0 | T67: 0 | U67: 0 | V67: 0 | W67: 0 | X67: 0 | Y67: 0 | Z67: 0 | AA67: 0 | AB67: =SUM(E67:AA67) -> 5
C68: 5. AMALIYAH | E68: 6 | F68: 0 | G68: 4 | H68: 3 | I68: 0 | J68: 1 | K68: 2 | L68: 6 | M68: 1 | N68: 0 | O68: 0 | P68: 0 | Q68: 0 | R68: 0 | S68: 0 | T68: 0 | U68: 0 | V68: 0 | W68: 0 | X68: 0 | Y68: 0 | Z68: 0 | AA68: 0 | AB68: =SUM(E68:AA68) -> 23
C69: 6. PUTRI PARAMITA CIPTASARI | E69: 0 | F69: 0 | G69: 0 | H69: 0 | I69: 0 | J69: 0 | K69: 0 | L69: 0 | M69: 0 | N69: 0 | O69: 0 | P69: 0 | Q69: 1 | R69: 0 | S69: 0 | T69: 0 | U69: 0 | V69: 0 | W69: 0 | X69: 0 | Y69: 0 | Z69: 0 | AA69: 0 | AB69: =SUM(E69:AA69) -> 1
A70: B | B70: JUMLAH SUARA SAH PARTAI POLITIK DAN CALON (A1 + A2) | E70: =SUM(E63:E69) -> 16 | F70: =SUM(F63:F69) -> 4 | G70: =SUM(G63:G69) -> 5 | H70: =SUM(H63:H69) -> 6 | I70: =SUM(I63:I69) -> 5 | J70: =SUM(J63:J69) -> 10 | K70: =SUM(K63:K69) -> 4 | L70: =SUM(L63:L69) -> 8 | ... AA70: =SUM(AA63:AA69) -> 8 | AB70: =SUM(E70:AA70) -> 155
A72: A.1 | B72: 4. | C72: Partai Golongan Karya | E72: 1 | F72: 6 | G72: 7 | H72: 4 | I72: 4 | J72: 7 | K72: 1 | L72: 4 | M72: 6 | N72: 1 | O72: 4 | P72: 6 | Q72: 14 | R72: 5 | S72: 8 | T72: 11 | U72: 6 | V72: 6 | W72: 5 | X72: 10 | Y72: 18 | Z72: 11 | AA72: 22 | AB72: =SUM(E72:AA72) -> 167
A73: A.2 | C73: 1. MARIFATUL KAMILA, S.H. | E73: 49 | F73: 29 | G73: 76 | H73: 88 | I73: 41 | J73: 44 | K73: 28 | L73: 18 | M73: 56 | N73: 14 | O73: 24 | P73: 23 | Q73: 34 | R73: 41 | S73: 52 | T73: 60 | U73: 39 | V73: 58 | W73: 38 | X73: 69 | Y73: 62 | Z73: 64 | AA73: 66 | AB73: =SUM(E73:AA73) -> 1073
C74: 2. KUSWORO, S.Pd. | E74: 0 | F74: 0 | G74: 0 | H74: 0 | I74: 0 | J74: 0 | K74: 0 | L74: 1 | M74: 0 | N74: 0 | O74: 0 | P74: 0 | Q74: 1 | R74: 0 | S74: 0 | T74: 0 | U74: 0 | V74: 1 | W74: 0 | X74: 1 | Y74: 0 | Z74: 0 | AA74: 0 | AB74: =SUM(E74:AA74) -> 4
C75: 3. DIDIK SANTOSO, S.Pd. | E75: 0 | F75: 0 | G75: 0 | H75: 0 | I75: 0 | J75: 0 | K75: 0 | L75: 1 | M75: 0 | N75: 0 | O75: 0 | P75: 0 | Q75: 0 | R75: 0 | S75: 1 | T75: 0 | U75: 0 | V75: 0 | W75: 0 | X75: 0 | Y75: 0 | Z75: 0 | AA75: 0 | AB75: =SUM(E75:AA75) -> 2
C76: 4. ASYIQ RAHMATULLAH, H | E76: 0 | F76: 0 | G76: 0 | H76: 0 | I76: 0 | J76: 0 | K76: 0 | L76: 0 | M76: 0 | N76: 0 | O76: 0 | P76: 0 | Q76: 0 | R76: 0 | S76: 0 | T76: 1 | U76: 0 | V76: 0 | W76: 0 | X76: 0 | Y76: 0 | Z76: 0 | AA76: 0 | AB76: =SUM(E76:AA76) -> 1
C77: 5. ARI PANGESTI | E77: 1 | F77: 1 | G77: 0 | H77: 0 | I77: 0 | J77: 0 | K77: 0 | L77: 0 | M77: 0 | N77: 0 | O77: 0 | P77: 0 | Q77: 0 | R77: 0 | S77: 0 | T77: 0 | U77: 0 | V77: 0 | W77: 0 | X77: 0 | Y77: 0 | Z77: 0 | AA77: 0 | AB77: =SUM(E77:AA77) -> 2
C78: 6. H. HANDOKO, S.E. | E78: 0 | F78: 0 | G78: 0 | H78: 0 | I78: 0 | J78: 0 | K78: 0 | L78: 0 | M78: 1 | N78: 0 | O78: 0 | P78: 0 | Q78: 2 | R78: 0 | S78: 0 | T78: 1 | U78: 0 | V78: 0 | W78: 0 | X78: 0 | Y78: 0 | Z78: 0 | AA78: 1 | AB78: =SUM(E78:AA78) -> 5
A79: B | B79: JUMLAH SUARA SAH PARTAI POLITIK DAN CALON (A1 + A2) | E79: =SUM(E72:E78) -> 51 | F79: =SUM(F72:F78) -> 36 | G79: =SUM(G72:G78) -> 83 | H79: =SUM(H72:H78) -> 92 | I79: =SUM(I72:I78) -> 45 | J79: =SUM(J72:J78) -> 51 | K79: =SUM(K72:K78) -> 29 | L79: =SUM(L72:L78) -> 24 | ... AA79: =SUM(AA72:AA78) -> 89 | AB79: =SUM(E79:AA79) -> 1254
A81: A.1 | B81: 5. | C81: Partai NasDem | E81: 0 | F81: 1 | G81: 1 | H81: 0 | I81: 0 | J81: 4 | K81: 0 | L81: 3 | M81: 0 | N81: 1 | O81: 1 | P81: 1 | Q81: 0 | R81: 0 | S81: 0 | T81: 0 | U81: 1 | V81: 0 | W81: 1 | X81: 1 | Y81: 2 | Z81: 0 | AA81: 1 | AB81: =SUM(E81:AA81) -> 18
A82: A.2 | C82: 1. H. EDI PURNOMO | E82: 0 | F82: 0 | G82: 1 | H82: 0 | I82: 1 | J82: 1 | K82: 0 | L82: 0 | M82: 0 | N82: 1 | O82: 1 | P82: 1 | Q82: 0 | R82: 0 | S82: 0 | T82: 0 | U82: 0 | V82: 1 | W82: 1 | X82: 0 | Y82: 0 | Z82: 0 | AA82: 0 | AB82: =SUM(E82:AA82) -> 8
C83: 2. I GEDE SUDRO WICANO | E83: 18 | F83: 5 | G83: 4 | H83: 0 | I83: 20 | J83: 18 | K83: 7 | L83: 11 | M83: 0 | N83: 3 | O83: 2 | P83: 0 | Q83: 3 | R83: 0 | S83: 0 | T83: 1 | U83: 1 | V83: 10 | W83: 9 | X83: 3 | Y83: 4 | Z83: 3 | AA83: 2 | AB83: =SUM(E83:AA83) -> 124
C84: 3. TRI MARVILA SUKMANA, S.H. | E84: 0 | F84: 0 | G84: 0 | H84: 0 | I84: 0 | J84: 0 | K84: 0 | L84: 0 | M84: 0 | N84: 0 | O84: 0 | P84: 0 | Q84: 0 | R84: 0 | S84: 0 | T84: 0 | U84: 0 | V84: 0 | W84: 0 | X84: 0 | Y84: 0 | Z84: 0 | AA84: 0 | AB84: =SUM(E84:AA84) -> 0
C85: 4. ISLAMIYAH LESTARI | E85: 0 | F85: 0 | G85: 0 | H85: 0 | I85: 0 | J85: 0 | K85: 0 | L85: 0 | M85: 0 | N85: 0 | O85: 0 | P85: 0 | Q85: 0 | R85: 0 | S85: 0 | T85: 0 | U85: 0 | V85: 0 | W85: 0 | X85: 1 | Y85: 0 | Z85: 0 | AA85: 0 | AB85: =SUM(E85:AA85) -> 1
C86: 5. LUTFI WAHYUDI | E86: 0 | F86: 0 | G86: 0 | H86: 0 | I86: 0 | J86: 0 | K86: 0 | L86: 0 | M86: 0 | N86: 0 | O86: 1 | P86: 1 | Q86: 0 | R86: 0 | S86: 0 | T86: 0 | U86: 0 | V86: 0 | W86: 1 | X86: 0 | Y86: 0 | Z86: 0 | AA86: 0 | AB86: =SUM(E86:AA86) -> 3
C87: 6. AGUS MAIDO | E87: 0 | F87: 0 | G87: 0 | H87: 0 | I87: 0 | J87: 0 | K87: 0 | L87: 0 | M87: 0 | N87: 0 | O87: 0 | P87: 0 | Q87: 0 | R87: 0 | S87: 0 | T87: 0 | U87: 0 | V87: 0 | W87: 0 | X87: 0 | Y87: 0 | Z87: 0 | AA87: 0 | AB87: =SUM(E87:AA87) -> 0
A88: B | B88: JUMLAH SUARA SAH PARTAI POLITIK DAN CALON (A1 + A2) | E88: =SUM(E81:E87) -> 18 | F88: =SUM(F81:F87) -> 6 | G88: =SUM(G81:G87) -> 6 | H88: =SUM(H81:H87) -> 0 | I88: =SUM(I81:I87) -> 21 | J88: =SUM(J81:J87) -> 23 | K88: =SUM(K81:K87) -> 7 | L88: =SUM(L81:L87) -> 14 | ... AA88: =SUM(AA81:AA87) -> 3 | AB88: =SUM(E88:AA88) -> 154
A90: A.1 | B90: 6. | C90: Partai Buruh | E90: 0 | F90: 0 | G90: 0 | H90: 0 | I90: 0 | J90: 0 | K90: 0 | L90: 1 | M90: 0 | N90: 2 | O90: 0 | P90: 0 | Q90: 0 | R90: 0 | S90: 0 | T90: 0 | U90: 0 | V90: 0 | W90: 0 | X90: 0 | Y90: 0 | Z90: 0 | AA90: 0 | AB90: =SUM(E90:AA90) -> 3
A91: A.2 | C91: 1. ERWIN SANTOSO | E91: 1 | F91: 0 | G91: 0 | H91: 0 | I91: 0 | J91: 0 | K91: 0 | L91: 0 | M91: 0 | N91: 0 | O91: 0 | P91: 0 | Q91: 0 | R91: 1 | S91: 0 | T91: 0 | U91: 1 | V91: 0 | W91: 0 | X91: 0 | Y91: 0 | Z91: 0 | AA91: 0 | AB91: =SUM(E91:AA91) -> 3
A92: B | B92: JUMLAH SUARA SAH PARTAI POLITIK DAN CALON (A1 + A2) | E92: =SUM(E90:E91) -> 1 | F92: =SUM(F90:F91) -> 0 | G92: =SUM(G90:G91) -> 0 | H92: =SUM(H90:H91) -> 0 | I92: =SUM(I90:I91) -> 0 | J92: =SUM(J90:J91) -> 0 | K92: =SUM(K90:K91) -> 0 | L92: =SUM(L90:L91) -> 1 | ... S92: =SUM(S90:S91) -> 0 | T92: 0 | U92: =SUM(U90:U91) -> 1 | V92: =SUM(V90:V91) -> 0 | W92: =SUM(W90:W91) -> 0 | X92: =SUM(X90:X91) -> 0 | Y92: =SUM(Y90:Y91) -> 0 | Z92: =SUM(Z90:Z91) -> 0 | AA92: =SUM(AA90:AA91) -> 0 | AB92: =SUM(E92:AA92) -> 6
A94: A.1 | B94: 7. | C94: Partai Gelombang Rakyat Indonesia | E94: 0 | F94: 2 | G94: 0 | H94: 0 | I94: 1 | J94: 2 | K94: 0 | L94: 0 | M94: 0 | N94: 0 | O94: 0 | P94: 0 | Q94: 0 | R94: 0 | S94: 0 | T94: 2 | U94: 1 | V94: 1 | W94: 0 | X94: 0 | Y94: 2 | Z94: 1 | AA94: 1 | AB94: =SUM(E94:AA94) -> 13
A95: A.2 | C95: 1. SUTRISNO | E95: 0 | F95: 0 | G95: 0 | H95: 0 | I95: 0 | J95: 0 | K95: 0 | L95: 0 | M95: 0 | N95: 1 | O95: 0 | P95: 0 | Q95: 0 | R95: 0 | S95: 0 | T95: 0 | U95: 0 | V95: 0 | W95: 0 | X95: 0 | Y95: 0 | Z95: 0 | AA95: 0 | AB95: =SUM(E95:AA95) -> 1
C96: 2. MOH. ANNAS | E96: 1 | F96: 4 | G96: 5 | H96: 0 | I96: 5 | J96: 2 | K96: 1 | L96: 5 | M96: 2 | N96: 1 | O96: 0 | P96: 1 | Q96: 2 | R96: 0 | S96: 0 | T96: 1 | U96: 0 | V96: 0 | W96: 0 | X96: 0 | Y96: 0 | Z96: 0 | AA96: 0 | AB96: =SUM(E96:AA96) -> 30
C97: 3. NI MADE AYU PUNIARSI | E97: 0 | F97: 0 | G97: 0 | H97: 0 | I97: 0 | J97: 0 | K97: 0 | L97: 0 | M97: 0 | N97: 0 | O97: 0 | P97: 0 | Q97: 0 | R97: 0 | S97: 0 | T97: 0 | U97: 0 | V97: 0 | W97: 0 | X97: 0 | Y97: 0 | Z97: 0 | AA97: 0 | AB97: =SUM(E97:AA97) -> 0
C98: 4. HENDRA KURNIAWAN | E98: 0 | F98: 0 | G98: 0 | H98: 0 | I98: 0 | J98: 0 | K98: 0 | L98: 0 | M98: 0 | N98: 0 | O98: 0 | P98: 0 | Q98: 0 | R98: 0 | S98: 0 | T98: 0 | U98: 0 | V98: 0 | W98: 0 | X98: 0 | Y98: 0 | Z98: 0 | AA98: 0 | AB98: =SUM(E98:AA98) -> 0
C99: 5. DEASY GITTA PERWITASARI | E99: 0 | F99: 0 | G99: 0 | H99: 0 | I99: 0 | J99: 0 | K99: 0 | L99: 0 | M99: 0 | N99: 0 | O99: 0 | P99: 0 | Q99: 0 | R99: 0 | S99: 0 | T99: 0 | U99: 0 | V99: 0 | W99: 0 | X99: 0 | Y99: 0 | Z99: 0 | AA99: 0 | AB99: =SUM(E99:AA99) -> 0
C100: 6. SUPRAPTO | E100: 0 | F100: 1 | G100: 0 | H100: 0 | I100: 0 | J100: 0 | K100: 0 | L100: 0 | M100: 0 | N100: 0 | O100: 0 | P100: 0 | Q100: 0 | R100: 0 | S100: 0 | T100: 0 | U100: 0 | V100: 0 | W100: 0 | X100: 0 | Y100: 0 | Z100: 0 | AA100: 0 | AB100: =SUM(E100:AA100) -> 1
A101: B | B101: JUMLAH SUARA SAH PARTAI POLITIK DAN CALON (A1 + A2) | E101: =SUM(E94:E100) -> 1 | F101: =SUM(F94:F100) -> 7 | G101: =SUM(G94:G100) -> 5 | H101: =SUM(H94:H100) -> 0 | I101: =SUM(I94:I100) -> 6 | J101: =SUM(J94:J100) -> 4 | K101: =SUM(K94:K100) -> 1 | L101: =SUM(L94:L100) -> 5 | ... AA101: =SUM(AA94:AA100) -> 1 | AB101: =SUM(E101:AA101) -> 45
A103: A.1 | B103: 8. | C103: Partai Keadilan Sejahtera | E103: 0 | F103: 0 | G103: 0 | H103: 0 | I103: 0 | J103: 0 | K103: 0 | L103: 0 | M103: 0 | N103: 0 | O103: 0 | P103: 0 | Q103: 0 | R103: 0 | S103: 0 | T103: 0 | U103: 0 | V103: 0 | W103: 0 | X103: 0 | Y103: 0 | Z103: 0 | AA103: 0 | AB103: =SUM(E103:AA103) -> 0
A104: A.2 | C104: 1. ARIEF WAHYUDI DJ, S.T. | E104: 0 | F104: 0 | G104: 0 | H104: 0 | I104: 0 | J104: 0 | K104: 0 | L104: 0 | M104: 0 | N104: 0 | O104: 0 | P104: 0 | Q104: 0 | R104: 0 | S104: 1 | T104: 0 | U104: 0 | V104: 0 | W104: 0 | X104: 0 | Y104: 0 | Z104: 0 | AA104: 0 | AB104: =SUM(E104:AA104) -> 1
C105: 2. SUMAJI | E105: 0 | F105: 0 | G105: 0 | H105: 0 | I105: 0 | J105: 0 | K105: 0 | L105: 0 | M105: 0 | N105: 0 | O105: 0 | P105: 0 | Q105: 0 | R105: 0 | S105: 0 | T105: 0 | U105: 0 | V105: 0 | W105: 0 | X105: 0 | Y105: 0 | Z105: 0 | AA105: 0 | AB105: =SUM(E105:AA105) -> 0
C106: 3. LILIK MARIYANA, S.Pd. | E106: 0 | F106: 0 | G106: 0 | H106: 0 | I106: 0 | J106: 0 | K106: 0 | L106: 0 | M106: 0 | N106: 0 | O106: 0 | P106: 0 | Q106: 0 | R106: 0 | S106: 0 | T106: 0 | U106: 0 | V106: 0 | W106: 0 | X106: 0 | Y106: 0 | Z106: 0 | AA106: 0 | AB106: =SUM(E106:AA106) -> 0
C107: 4. M. HARUN | E107: 1 | F107: 0 | G107: 1 | H107: 1 | I107: 0 | J107: 2 | K107: 1 | L107: 0 | M107: 3 | N107: 0 | O107: 0 | P107: 0 | Q107: 0 | R107: 0 | S107: 0 | T107: 0 | U107: 0 | V107: 0 | W107: 0 | X107: 0 | Y107: 1 | Z107: 0 | AA107: 1 | AB107: =SUM(E107:AA107) -> 11
C108: 5. SHOLIHIN, S.P. | E108: 0 | F108: 0 | G108: 0 | H108: 0 | I108: 0 | J108: 0 | K108: 0 | L108: 0 | M108: 0 | N108: 0 | O108: 0 | P108: 0 | Q108: 0 | R108: 0 | S108: 0 | T108: 1 | U108: 0 | V108: 0 | W108: 0 | X108: 0 | Y108: 0 | Z108: 0 | AA108: 0 | AB108: =SUM(E108:AA108) -> 1
C109: 6. HANIFATUL IMTITSAL, S.K.M. | E109: 0 | F109: 0 | G109: 0 | H109: 0 | I109: 1 | J109: 0 | K109: 0 | L109: 0 | M109: 0 | N109: 0 | O109: 0 | P109: 0 | Q109: 0 | R109: 0 | S109: 0 | T109: 0 | U109: 0 | V109: 0 | W109: 0 | X109: 0 | Y109: 0 | Z109: 0 | AA109: 0 | AB109: =SUM(E109:AA109) -> 1
A110: B | B110: JUMLAH SUARA SAH PARTAI POLITIK DAN CALON (A1 + A2) | E110: =SUM(E103:E109) -> 1 | F110: =SUM(F103:F109) -> 0 | G110: =SUM(G103:G109) -> 1 | H110: =SUM(H103:H109) -> 1 | I110: =SUM(I103:I109) -> 1 | J110: =SUM(J103:J109) -> 2 | K110: =SUM(K103:K109) -> 1 | L110: =SUM(L103:L109) -> 0 | ... AA110: =SUM(AA103:AA109) -> 1 | AB110: =SUM(E110:AA110) -> 14
A112: A.1 | B112: 9. | C112: Partai Kebangkitan Nusantara | E112: 0 | F112: 0 | G112: 0 | H112: 0 | I112: 0 | J112: 0 | K112: 0 | L112: 0 | M112: 0 | N112: 0 | O112: 0 | P112: 0 | Q112: 0 | R112: 0 | S112: 0 | T112: 0 | U112: 0 | V112: 0 | W112: 0 | X112: 0 | Y112: 0 | Z112: 0 | AA112: 0 | AB112: =SUM(E112:AA112) -> 0
C113: 1. AGUS TARMIDI | E113: 0 | F113: 0 | G113: 0 | H113: 0 | I113: 0 | J113: 0 | K113: 0 | L113: 0 | M113: 0 | N113: 0 | O113: 0 | P113: 0 | Q113: 0 | R113: 0 | S113: 0 | T113: 0 | U113: 0 | V113: 0 | W113: 0 | X113: 0 | Y113: 0 | Z113: 0 | AA113: 0 | AB113: =SUM(E113:AA113) -> 0
C114: 2. DIAH AYU PERDANA | E114: 0 | F114: 0 | G114: 0 | H114: 0 | I114: 1 | J114: 0 | K114: 0 | L114: 0 | M114: 0 | N114: 0 | O114: 0 | P114: 0 | Q114: 0 | R114: 0 | S114: 0 | T114: 0 | U114: 0 | V114: 0 | W114: 0 | X114: 0 | Y114: 0 | Z114: 0 | AA114: 0 | AB114: =SUM(E114:AA114) -> 1
C115: 3. SITI SUNARSIH | E115: 0 | F115: 0 | G115: 0 | H115: 0 | I115: 0 | J115: 0 | K115: 0 | L115: 0 | M115: 0 | N115: 0 | O115: 0 | P115: 0 | Q115: 0 | R115: 0 | S115: 0 | T115: 0 | U115: 0 | V115: 0 | W115: 0 | X115: 0 | Y115: 0 | Z115: 0 | AA115: 0 | AB115: =SUM(E115:AA115) -> 0
A116: A.2 | C116: 4. DIDIK BASUKI | E116: 0 | F116: 0 | G116: 0 | H116: 0 | I116: 0 | J116: 0 | K116: 0 | L116: 0 | M116: 0 | N116: 0 | O116: 0 | P116: 0 | Q116: 0 | R116: 0 | S116: 0 | T116: 0 | U116: 0 | V116: 0 | W116: 0 | X116: 0 | Y116: 0 | Z116: 0 | AA116: 0 | AB116: =SUM(E116:AA116) -> 0
C117: 5. PUTRI SARI APRILIA | E117: 0 | F117: 0 | G117: 0 | H117: 0 | I117: 0 | J117: 0 | K117: 0 | L117: 0 | M117: 0 | N117: 0 | O117: 0 | P117: 0 | Q117: 0 | R117: 0 | S117: 0 | T117: 0 | U117: 0 | V117: 0 | W117: 0 | X117: 0 | Y117: 0 | Z117: 0 | AA117: 0 | AB117: =SUM(E117:AA117) -> 0
C118: 6. H. IMAM SOLIKHIN, B.E. | E118: 0 | F118: 0 | G118: 0 | H118: 0 | I118: 0 | J118: 0 | K118: 0 | L118: 0 | M118: 0 | N118: 0 | O118: 0 | P118: 0 | Q118: 0 | R118: 0 | S118: 0 | T118: 0 | U118: 0 | V118: 0 | W118: 0 | X118: 0 | Y118: 0 | Z118: 0 | AA118: 0 | AB118: =SUM(E118:AA118) -> 0
A119: B | B119: JUMLAH SUARA SAH PARTAI POLITIK DAN CALON (A1 + A2) | E119: =SUM(E112:E118) -> 0 | F119: =SUM(F112:F118) -> 0 | G119: =SUM(G112:G118) -> 0 | H119: =SUM(H112:H118) -> 0 | I119: =SUM(I112:I118) -> 1 | J119: =SUM(J112:J118) -> 0 | K119: =SUM(K112:K118) -> 0 | L119: =SUM(L112:L118) -> 0 | ... AA119: =SUM(AA112:AA118) -> 0 | AB119: =SUM(E119:AA119) -> 1
...

Sheet BLIMBINGSARI
C2: Kecamatan | D2: BLIMBINGSARI
C3: Kabupaten | D3: BANYUWANGI
C4: Provinsi | D4: JAWA TIMUR
C9: Kelurahan | D9: BLIMBINGSARI
A12: I | B12: DATA PEMILIH DAN PENGGUNAAN HAK PILIH | U12: JUMLAH AKHIR
A13: A | B13: DATA PEMILIH | E13: TPS 001 | F13: TPS 002 | G13: TPS 003 | H13: TPS 004 | I13: TPS 005 | J13: TPS 006 | K13: TPS 007 | L13: TPS 008 | M13: TPS 009 | N13: TPS 010 | O13: TPS 011 | P13: TPS 012 | Q13: TPS 013 | R13: TPS 014 | S13: TPS 015 | T13: TPS 016
B14: Jumlah Pemilih dalam Daftar Pemilih Tetap (DPT) | D14: LK | E14: 131 | F14: 147 | G14: 117 | H14: 106 | I14: 134 | J14: 135 | K14: 123 | L14: 110 | M14: 101 | N14: 126 | O14: 86 | P14: 122 | Q14: 144 | R14: 131 | S14: 112 | T14: 143 | U14: =SUM(E14:T14) -> 1968
D15: PR | E15: 131 | F15: 139 | G15: 132 | H15: 111 | I15: 139 | J15: 140 | K15: 143 | L15: 118 | M15: 116 | N15: 139 | O15: 95 | P15: 114 | Q15: 144 | R15: 141 | S15: 107 | T15: 145 | U15: =SUM(E15:T15) -> 2054
D16: JML | E16: =SUM(E14:E15) -> 262 | F16: =SUM(F14:F15) -> 286 | G16: =SUM(G14:G15) -> 249 | H16: =SUM(H14:H15) -> 217 | I16: =SUM(I14:I15) -> 273 | J16: =SUM(J14:J15) -> 275 | K16: =SUM(K14:K15) -> 266 | L16: =SUM(L14:L15) -> 228 | ... T16: =SUM(T14:T15) -> 288 | U16: =SUM(E16:T16) -> 4022
A18: B | B18: PENGGUNA HAK PILIH
B19: 1. | C19: Jumlah pengguna hak pilih dalam Daftar Pemilih Tetap (DPT) | D19: LK | E19: 101 | F19: 117 | G19: 86 | H19: 84 | I19: 107 | J19: 108 | K19: 94 | L19: 77 | M19: 87 | N19: 98 | O19: 62 | P19: 92 | Q19: 106 | R19: 93 | S19: 84 | T19: 114 | U19: =SUM(E19:T19) -> 1510
D20: PR | E20: 116 | F20: 122 | G20: 109 | H20: 91 | I20: 112 | J20: 110 | K20: 118 | L20: 89 | M20: 99 | N20: 115 | O20: 79 | P20: 102 | Q20: 108 | R20: 97 | S20: 90 | T20: 125 | U20: =SUM(E20:T20) -> 1682
D21: JML | E21: 217 | F21: 239 | G21: 195 | H21: 175 | I21: 219 | J21: 218 | K21: 212 | L21: 166 | M21: 186 | N21: 213 | O21: 141 | P21: 194 | Q21: 214 | R21: 190 | S21: 174 | T21: =SUM(T19:T20) -> 239 | U21: =SUM(E21:T21) -> 3192
B22: 2. | C22: Jumlah pengguna hak pilih dalam Daftar Pemilih Tambahan (DPTb) | D22: LK | E22: 0 | F22: 0 | G22: 0 | H22: 0 | I22: 0 | J22: 0 | K22: 0 | L22: 0 | M22: 0 | N22: 0 | O22: 0 | P22: 0 | Q22: 0 | R22: 0 | S22: 0 | T22: 0 | U22: =SUM(E22:T22) -> 0
D23: PR | E23: 0 | F23: 0 | G23: 0 | H23: 0 | I23: 0 | J23: 0 | K23: 0 | L23: 0 | M23: 0 | N23: 0 | O23: 0 | P23: 0 | Q23: 0 | R23: 0 | S23: 0 | T23: 0 | U23: =SUM(E23:T23) -> 0
D24: JML | E24: 0 | F24: 0 | G24: 0 | H24: 0 | I24: 0 | J24: 0 | K24: 0 | L24: 0 | M24: 0 | N24: 0 | O24: 0 | P24: 0 | Q24: 0 | R24: 0 | S24: 0 | T24: =SUM(T22:T23) -> 0 | U24: =SUM(E24:T24) -> 0
B25: 3. | C25: Jumlah pengguna hak pilih dalam Daftar Pemilih Khusus (DPK) | D25: LK | E25: 1 | F25: 1 | G25: 1 | H25: 3 | I25: 0 | J25: 0 | K25: 1 | L25: 0 | M25: 0 | N25: 2 | O25: 0 | P25: 1 | Q25: 1 | R25: 1 | S25: 4 | T25: 0 | U25: =SUM(E25:T25) -> 16
D26: PR | E26: 2 | F26: 1 | G26: 0 | H26: 1 | I26: 2 | J26: 1 | K26: 1 | L26: 1 | M26: 1 | N26: 2 | O26: 1 | P26: 1 | Q26: 0 | R26: 1 | S26: 3 | T26: 1 | U26: =SUM(E26:T26) -> 19
D27: JML | E27: 3 | F27: 2 | G27: 1 | H27: 4 | I27: 2 | J27: 1 | K27: 2 | L27: 1 | M27: 1 | N27: 4 | O27: 1 | P27: 2 | Q27: 1 | R27: 2 | S27: 7 | T27: =SUM(T25:T26) -> 1 | U27: =SUM(E27:T27) -> 35
B28: 4. | C28: Jumlah Pengguna Hak Pilih (B.1+B.2+B.3) | D28: LK | E28: 102 | F28: 118 | G28: 87 | H28: 87 | I28: 107 | J28: 108 | K28: 95 | L28: 77 | M28: 87 | N28: 100 | O28: 62 | P28: 93 | Q28: 107 | R28: 94 | S28: 88 | T28: =SUM(T19,T22,T25) -> 114 | U28: =SUM(E28:T28) -> 1526
D29: PR | E29: 118 | F29: 123 | G29: 109 | H29: 92 | I29: 114 | J29: 111 | K29: 119 | L29: 90 | M29: 100 | N29: 117 | O29: 80 | P29: 103 | Q29: 108 | R29: 98 | S29: 93 | T29: =SUM(T20,T23,T26) -> 126 | U29: =SUM(E29:T29) -> 1701
D30: JML | E30: =SUM(E28:E29) -> 220 | F30: =SUM(F28:F29) -> 241 | G30: =SUM(G28:G29) -> 196 | H30: =SUM(H28:H29) -> 179 | I30: =SUM(I28:I29) -> 221 | J30: =SUM(J28:J29) -> 219 | K30: =SUM(K28:K29) -> 214 | L30: =SUM(L28:L29) -> 167 | ... T30: =SUM(T28:T29) -> 240 | U30: =SUM(E30:T30) -> 3227
A32: II | B32: DATA PENGGUNAAN SURAT SUARA
A33: 1 | B33: Jumlah surat suara yang diterima, termasuk surat suara cadangan 2,5% dari DPT | E33: 268 | F33: 292 | G33: 254 | H33: 222 | I33: 279 | J33: 281 | K33: 272 | L33: 233 | M33: 222 | N33: 271 | O33: 185 | P33: 241 | Q33: 304 | R33: 278 | S33: 224 | T33: 294 | U33: =SUM(E33:T33) -> 4120
A34: 2 | B34: Jumlah surat suara yang digunakan | E34: 220 | F34: 241 | G34: 196 | H34: 179 | I34: 221 | J34: 219 | K34: 214 | L34: 167 | M34: 187 | N34: 217 | O34: 142 | P34: 196 | Q34: 215 | R34: 192 | S34: 181 | T34: 240 | U34: =SUM(E34:T34) -> 3227
A35: 3 | B35: Jumlah surat suara dikembalikan oleh pemilih (karena rusak atau keliru coblos) | E35: 3 | F35: 0 | G35: 0 | H35: 1 | I35: 1 | J35: 0 | K35: 0 | L35: 5 | M35: 1 | N35: 1 | O35: 0 | P35: 0 | Q35: 1 | R35: 0 | S35: 2 | T35: 1 | U35: =SUM(E35:T35) -> 16
A36: 4 | B36: Jumlah surat suara yang tidak digunakan/tidak terpakai, termasuk sisa surat suara cadangan | E36: 45 | F36: 51 | G36: 58 | H36: 42 | I36: 57 | J36: 62 | K36: 58 | L36: 61 | M36: 34 | N36: 53 | O36: 43 | P36: 45 | Q36: 88 | R36: 86 | S36: 41 | T36: =T33-(T34+T35) -> 53 | U36: =SUM(E36:T36) -> 877
A38: III | B38: DATA PEMILIH DISABILITAS
B39: Jumlah seluruh Pemilih disabilitas yang menggunakan hak pilih | D39: LK | E39: 0 | F39: 0 | G39: 0 | H39: 1 | I39: 0 | J39: 0 | K39: 0 | L39: 0 | M39: 0 | N39: 0 | O39: 2 | P39: 0 | Q39: 1 | R39: 0 | S39: 0 | T39: 0 | U39: =SUM(E39:T39) -> 4
D40: PR | E40: 0 | F40: 0 | G40: 0 | H40: 1 | I40: 0 | J40: 0 | K40: 0 | L40: 1 | M40: 1 | N40: 0 | O40: 1 | P40: 0 | Q40: 1 | R40: 0 | S40: 0 | T40: 0 | U40: =SUM(E40:T40) -> 5
D41: JML | E41: =SUM(E39:E40) -> 0 | F41: =SUM(F39:F40) -> 0 | G41: =SUM(G39:G40) -> 0 | H41: =SUM(H39:H40) -> 2 | I41: =SUM(I39:I40) -> 0 | J41: =SUM(J39:J40) -> 0 | K41: =SUM(K39:K40) -> 0 | L41: =SUM(L39:L40) -> 1 | ... T41: =SUM(T39:T40) -> 0 | U41: =SUM(E41:T41) -> 9
A43: IV | B43: DATA RINCIAN PEROLEHAN SUARA PASANGAN CALON BUPATI DAN WAKIL BUPATI
A44: NOMOR DAN NAMA CALON
A45: A.1 | B45: 1. | C45: Partai Kebangkitan Bangsa | E45: 13 | F45: 23 | G45: 9 | H45: 6 | I45: 14 | J45: 13 | K45: 6 | L45: 21 | M45: 11 | N45: 8 | O45: 15 | P45: 6 | Q45: 14 | R45: 5 | S45: 4 | T45: 6 | U45: =SUM(E45:T45) -> 174
A46: A.2 | C46: 1. ARVY RIZALDY, S.E. | E46: 102 | F46: 138 | G46: 74 | H46: 61 | I46: 95 | J46: 80 | K46: 98 | L46: 71 | M46: 121 | N46: 136 | O46: 86 | P46: 135 | Q46: 70 | R46: 16 | S46: 48 | T46: 38 | U46: =SUM(E46:T46) -> 1369
C47: 2. HILMI MUSTOFA | E47: 2 | F47: 4 | G47: 1 | H47: 1 | I47: 2 | J47: 11 | K47: 4 | L47: 3 | M47: 1 | N47: 1 | O47: 1 | P47: 1 | Q47: 5 | R47: 0 | S47: 1 | T47: 3 | U47: =SUM(E47:T47) -> 41
C48: 3. RUSDIANAH, A.Ma.Pd | E48: 0 | F48: 0 | G48: 1 | H48: 1 | I48: 0 | J48: 0 | K48: 0 | L48: 1 | M48: 0 | N48: 1 | O48: 0 | P48: 0 | Q48: 1 | R48: 1 | S48: 0 | T48: 0 | U48: =SUM(E48:T48) -> 6
C49: 4. USMAN YUSUF | E49: 1 | F49: 0 | G49: 1 | H49: 1 | I49: 0 | J49: 0 | K49: 0 | L49: 0 | M49: 0 | N49: 1 | O49: 0 | P49: 0 | Q49: 0 | R49: 0 | S49: 1 | T49: 0 | U49: =SUM(E49:T49) -> 5
C50: 5. SA`ADAH | E50: 0 | F50: 1 | G50: 0 | H50: 0 | I50: 0 | J50: 0 | K50: 0 | L50: 0 | M50: 0 | N50: 0 | O50: 0 | P50: 0 | Q50: 0 | R50: 0 | S50: 0 | T50: 0 | U50: =SUM(E50:T50) -> 1
C51: 6. FARIHA HASANATUL AMALIA | E51: 0 | F51: 0 | G51: 0 | H51: 0 | I51: 0 | J51: 0 | K51: 0 | L51: 0 | M51: 0 | N51: 0 | O51: 0 | P51: 0 | Q51: 0 | R51: 0 | S51: 0 | T51: 0 | U51: =SUM(E51:T51) -> 0
A52: B | B52: JUMLAH SUARA SAH PARTAI POLITIK DAN CALON (A1 + A2) | E52: =SUM(E45:E51) -> 118 | F52: =SUM(F45:F51) -> 166 | G52: =SUM(G45:G51) -> 86 | H52: =SUM(H45:H51) -> 70 | I52: =SUM(I45:I51) -> 111 | J52: =SUM(J45:J51) -> 104 | K52: =SUM(K45:K51) -> 108 | L52: =SUM(L45:L51) -> 96 | ... T52: =SUM(T45:T51) -> 47 | U52: =SUM(E52:T52) -> 1596
U53: =SUM(E53:T53) -> 0
A54: A.1 | B54: 2. | C54: Partai Gerakan Indonesia Raya | E54: 2 | F54: 2 | G54: 4 | H54: 5 | I54: 0 | J54: 8 | K54: 2 | L54: 1 | M54: 0 | N54: 2 | O54: 3 | P54: 0 | Q54: 7 | R54: 6 | S54: 1 | T54: 2 | U54: =SUM(E54:T54) -> 45
A55: A.2 | C55: 1. SUPARMAN EDY H. | E55: 1 | F55: 2 | G55: 1 | H55: 0 | I55: 3 | J55: 1 | K55: 0 | L55: 2 | M55: 0 | N55: 1 | O55: 1 | P55: 0 | Q55: 3 | R55: 1 | S55: 1 | T55: 2 | U55: =SUM(E55:T55) -> 19
C56: 2. NASIKHUN AMIN | E56: 0 | F56: 1 | G56: 1 | H56: 0 | I56: 0 | J56: 0 | K56: 1 | L56: 0 | M56: 1 | N56: 1 | O56: 0 | P56: 0 | Q56: 3 | R56: 0 | S56: 0 | T56: 1 | U56: =SUM(E56:T56) -> 9
C57: 3. ENY SETIAWATI, S.H | E57: 0 | F57: 0 | G57: 0 | H57: 1 | I57: 0 | J57: 0 | K57: 1 | L57: 1 | M57: 0 | N57: 2 | O57: 0 | P57: 0 | Q57: 5 | R57: 2 | S57: 1 | T57: 0 | U57: =SUM(E57:T57) -> 13
C58: 4. H. ABDUL QODIR, S.H., M.H. | E58: 0 | F58: 1 | G58: 4 | H58: 0 | I58: 1 | J58: 2 | K58: 0 | L58: 1 | M58: 1 | N58: 2 | O58: 0 | P58: 0 | Q58: 0 | R58: 0 | S58: 1 | T58: 0 | U58: =SUM(E58:T58) -> 13
C59: 5. FATMAWATI, S.E. | E59: 0 | F59: 0 | G59: 8 | H59: 0 | I59: 0 | J59: 0 | K59: 0 | L59: 0 | M59: 0 | N59: 0 | O59: 0 | P59: 0 | Q59: 1 | R59: 0 | S59: 0 | T59: 0 | U59: =SUM(E59:T59) -> 9
C60: 6. NANANG NUR AHMADI | E60: 0 | F60: 3 | G60: 0 | H60: 1 | I60: 2 | J60: 1 | K60: 0 | L60: 2 | M60: 1 | N60: 4 | O60: 7 | P60: 1 | Q60: 0 | R60: 0 | S60: 1 | T60: 2 | U60: =SUM(E60:T60) -> 25
A61: B | B61: JUMLAH SUARA SAH PARTAI POLITIK DAN CALON (A1 + A2) | E61: =SUM(E54:E60) -> 3 | F61: =SUM(F54:F60) -> 9 | G61: =SUM(G54:G60) -> 18 | H61: =SUM(H54:H60) -> 7 | I61: =SUM(I54:I60) -> 6 | J61: =SUM(J54:J60) -> 12 | K61: =SUM(K54:K60) -> 4 | L61: =SUM(L54:L60) -> 7 | ... T61: =SUM(T54:T60) -> 7 | U61: =SUM(E61:T61) -> 133
U62: =SUM(E62:T62) -> 0
A63: A.1 | B63: 3. | C63: Partai Demokrasi Indonesia Perjuangan | E63: 6 | F63: 2 | G63: 2 | H63: 2 | I63: 4 | J63: 3 | K63: 6 | L63: 6 | M63: 3 | N63: 1 | O63: 0 | P63: 3 | Q63: 4 | R63: 12 | S63: 1 | T63: 3 | U63: =SUM(E63:T63) -> 58
A64: A.2 | C64: 1. WAGIANTO | E64: 0 | F64: 0 | G64: 2 | H64: 3 | I64: 0 | J64: 3 | K64: 1 | L64: 2 | M64: 0 | N64: 0 | O64: 1 | P64: 0 | Q64: 4 | R64: 4 | S64: 3 | T64: 5 | U64: =SUM(E64:T64) -> 28
C65: 2. ERIK TRISDIANTANA | E65: 1 | F65: 1 | G65: 0 | H65: 0 | I65: 1 | J65: 0 | K65: 0 | L65: 0 | M65: 1 | N65: 1 | O65: 0 | P65: 0 | Q65: 0 | R65: 0 | S65: 2 | T65: 0 | U65: =SUM(E65:T65) -> 7
C66: 3. NI GALUH PARWATI | E66: 37 | F66: 9 | G66: 3 | H66: 2 | I66: 32 | J66: 29 | K66: 22 | L66: 21 | M66: 12 | N66: 16 | O66: 3 | P66: 9 | Q66: 15 | R66: 62 | S66: 23 | T66: 18 | U66: =SUM(E66:T66) -> 313
C67: 4. DZULFIKAR REZKY | E67: 0 | F67: 1 | G67: 0 | H67: 1 | I67: 1 | J67: 1 | K67: 2 | L67: 0 | M67: 1 | N67: 0 | O67: 0 | P67: 0 | Q67: 9 | R67: 0 | S67: 2 | T67: 5 | U67: =SUM(E67:T67) -> 23
C68: 5. AMALIYAH | E68: 0 | F68: 0 | G68: 0 | H68: 0 | I68: 0 | J68: 0 | K68: 0 | L68: 4 | M68: 0 | N68: 0 | O68: 0 | P68: 0 | Q68: 0 | R68: 0 | S68: 0 | T68: 0 | U68: =SUM(E68:T68) -> 4
C69: 6. PUTRI PARAMITA CIPTASARI | E69: 0 | F69: 0 | G69: 0 | H69: 0 | I69: 0 | J69: 1 | K69: 0 | L69: 0 | M69: 0 | N69: 0 | O69: 0 | P69: 0 | Q69: 0 | R69: 0 | S69: 1 | T69: 0 | U69: =SUM(E69:T69) -> 2
A70: B | B70: JUMLAH SUARA SAH PARTAI POLITIK DAN CALON (A1 + A2) | E70: =SUM(E63:E69) -> 44 | F70: =SUM(F63:F69) -> 13 | G70: =SUM(G63:G69) -> 7 | H70: =SUM(H63:H69) -> 8 | I70: =SUM(I63:I69) -> 38 | J70: =SUM(J63:J69) -> 37 | K70: =SUM(K63:K69) -> 31 | L70: =SUM(L63:L69) -> 33 | ... T70: =SUM(T63:T69) -> 31 | U70: =SUM(E70:T70) -> 435
U71: =SUM(E71:T71) -> 0
A72: A.1 | B72: 4. | C72: Partai Golongan Karya | E72: 1 | F72: 0 | G72: 1 | H72: 0 | I72: 0 | J72: 0 | K72: 0 | L72: 0 | M72: 1 | N72: 1 | O72: 1 | P72: 0 | Q72: 0 | R72: 0 | S72: 0 | T72: 0 | U72: =SUM(E72:T72) -> 5
A73: A.2 | C73: 1. MARIFATUL KAMILA, S.H. | E73: 0 | F73: 1 | G73: 1 | H73: 1 | I73: 2 | J73: 4 | K73: 5 | L73: 0 | M73: 2 | N73: 0 | O73: 0 | P73: 0 | Q73: 0 | R73: 1 | S73: 1 | T73: 6 | U73: =SUM(E73:T73) -> 24
C74: 2. KUSWORO, S.Pd. | E74: 0 | F74: 0 | G74: 0 | H74: 0 | I74: 0 | J74: 0 | K74: 0 | L74: 0 | M74: 0 | N74: 0 | O74: 0 | P74: 1 | Q74: 0 | R74: 0 | S74: 0 | T74: 1 | U74: =SUM(E74:T74) -> 2
C75: 3. DIDIK SANTOSO, S.Pd. | E75: 0 | F75: 0 | G75: 0 | H75: 0 | I75: 0 | J75: 0 | K75: 0 | L75: 0 | M75: 0 | N75: 0 | O75: 0 | P75: 0 | Q75: 0 | R75: 0 | S75: 0 | T75: 0 | U75: =SUM(E75:T75) -> 0
C76: 4. ASYIQ RAHMATULLAH, H | E76: 1 | F76: 0 | G76: 0 | H76: 0 | I76: 0 | J76: 0 | K76: 0 | L76: 0 | M76: 0 | N76: 0 | O76: 0 | P76: 0 | Q76: 0 | R76: 0 | S76: 0 | T76: 0 | U76: =SUM(E76:T76) -> 1
C77: 5. ARI PANGESTI | E77: 1 | F77: 0 | G77: 0 | H77: 0 | I77: 0 | J77: 1 | K77: 0 | L77: 0 | M77: 0 | N77: 0 | O77: 0 | P77: 0 | Q77: 0 | R77: 0 | S77: 0 | T77: 0 | U77: =SUM(E77:T77) -> 2
C78: 6. H. HANDOKO, S.E. | E78: 0 | F78: 0 | G78: 0 | H78: 0 | I78: 2 | J78: 0 | K78: 1 | L78: 2 | M78: 0 | N78: 0 | O78: 0 | P78: 1 | Q78: 0 | R78: 0 | S78: 0 | T78: 0 | U78: =SUM(E78:T78) -> 6
A79: B | B79: JUMLAH SUARA SAH PARTAI POLITIK DAN CALON (A1 + A2) | E79: =SUM(E72:E78) -> 3 | F79: =SUM(F72:F78) -> 1 | G79: =SUM(G72:G78) -> 2 | H79: =SUM(H72:H78) -> 1 | I79: =SUM(I72:I78) -> 4 | J79: =SUM(J72:J78) -> 5 | K79: =SUM(K72:K78) -> 6 | L79: =SUM(L72:L78) -> 2 | ... T79: =SUM(T72:T78) -> 7 | U79: =SUM(E79:T79) -> 40
U80: =SUM(E80:T80) -> 0
A81: A.1 | B81: 5. | C81: Partai NasDem | E81: 0 | F81: 0 | G81: 0 | H81: 4 | I81: 3 | J81: 1 | K81: 0 | L81: 0 | M81: 0 | N81: 1 | O81: 0 | P81: 0 | Q81: 1 | R81: 0 | S81: 0 | T81: 0 | U81: =SUM(E81:T81) -> 10
A82: A.2 | C82: 1. H. EDI PURNOMO | E82: 0 | F82: 0 | G82: 0 | H82: 0 | I82: 5 | J82: 2 | K82: 0 | L82: 0 | M82: 0 | N82: 0 | O82: 0 | P82: 0 | Q82: 1 | R82: 0 | S82: 0 | T82: 0 | U82: =SUM(E82:T82) -> 8
C83: 2. I GEDE SUDRO WICANO | E83: 0 | F83: 0 | G83: 1 | H83: 25 | I83: 15 | J83: 4 | K83: 5 | L83: 8 | M83: 5 | N83: 9 | O83: 17 | P83: 23 | Q83: 2 | R83: 14 | S83: 10 | T83: 42 | U83: =SUM(E83:T83) -> 180
C84: 3. TRI MARVILA SUKMANA, S.H. | E84: 1 | F84: 0 | G84: 0 | H84: 0 | I84: 0 | J84: 0 | K84: 0 | L84: 0 | M84: 0 | N84: 0 | O84: 0 | P84: 0 | Q84: 1 | R84: 0 | S84: 0 | T84: 0 | U84: =SUM(E84:T84) -> 2
C85: 4. ISLAMIYAH LESTARI | E85: 0 | F85: 0 | G85: 0 | H85: 1 | I85: 0 | J85: 0 | K85: 0 | L85: 0 | M85: 0 | N85: 0 | O85: 0 | P85: 0 | Q85: 0 | R85: 0 | S85: 0 | T85: 0 | U85: =SUM(E85:T85) -> 1
C86: 5. LUTFI WAHYUDI | E86: 0 | F86: 2 | G86: 0 | H86: 0 | I86: 0 | J86: 0 | K86: 0 | L86: 0 | M86: 1 | N86: 0 | O86: 0 | P86: 0 | Q86: 0 | R86: 0 | S86: 0 | T86: 1 | U86: =SUM(E86:T86) -> 4
C87: 6. AGUS MAIDO | E87: 0 | F87: 0 | G87: 0 | H87: 0 | I87: 0 | J87: 0 | K87: 0 | L87: 0 | M87: 0 | N87: 0 | O87: 0 | P87: 0 | Q87: 0 | R87: 0 | S87: 0 | T87: 0 | U87: =SUM(E87:T87) -> 0
A88: B | B88: JUMLAH SUARA SAH PARTAI POLITIK DAN CALON (A1 + A2) | E88: =SUM(E81:E87) -> 1 | F88: =SUM(F81:F87) -> 2 | G88: =SUM(G81:G87) -> 1 | H88: =SUM(H81:H87) -> 30 | I88: =SUM(I81:I87) -> 23 | J88: =SUM(J81:J87) -> 7 | K88: =SUM(K81:K87) -> 5 | L88: =SUM(L81:L87) -> 8 | ... T88: =SUM(T81:T87) -> 43 | U88: =SUM(E88:T88) -> 205
U89: =SUM(E89:T89) -> 0
A90: A.1 | B90: 6. | C90: Partai Buruh | E90: 0 | F90: 0 | G90: 0 | H90: 0 | I90: 0 | J90: 0 | K90: 0 | L90: 0 | M90: 0 | N90: 0 | O90: 1 | P90: 0 | Q90: 0 | R90: 0 | S90: 0 | T90: 0 | U90: =SUM(E90:T90) -> 1
A91: A.2 | C91: 1. ERWIN SANTOSO | E91: 0 | F91: 0 | G91: 0 | H91: 0 | I91: 0 | J91: 0 | K91: 0 | L91: 0 | M91: 0 | N91: 0 | O91: 0 | P91: 0 | Q91: 0 | R91: 0 | S91: 0 | T91: 0 | U91: =SUM(E91:T91) -> 0
A92: B | B92: JUMLAH SUARA SAH PARTAI POLITIK DAN CALON (A1 + A2) | E92: =SUM(E90:E91) -> 0 | F92: =SUM(F90:F91) -> 0 | G92: =SUM(G90:G91) -> 0 | H92: =SUM(H90:H91) -> 0 | I92: =SUM(I90:I91) -> 0 | J92: =SUM(J90:J91) -> 0 | K92: =SUM(K90:K91) -> 0 | L92: =SUM(L90:L91) -> 0 | ... T92: =SUM(T90:T91) -> 0 | U92: =SUM(E92:T92) -> 1
U93: =SUM(E93:T93) -> 0
A94: A.1 | B94: 7. | C94: Partai Gelombang Rakyat Indonesia | E94: 0 | F94: 0 | G94: 0 | H94: 0 | I94: 0 | J94: 0 | K94: 0 | L94: 0 | M94: 0 | N94: 0 | O94: 0 | P94: 0 | Q94: 0 | R94: 0 | S94: 0 | T94: 0 | U94: =SUM(E94:T94) -> 0
A95: A.2 | C95: 1. SUTRISNO | E95: 0 | F95: 0 | G95: 0 | H95: 0 | I95: 0 | J95: 0 | K95: 0 | L95: 0 | M95: 0 | N95: 0 | O95: 0 | P95: 0 | Q95: 0 | R95: 1 | S95: 0 | T95: 0 | U95: =SUM(E95:T95) -> 1
C96: 2. MOH. ANNAS | E96: 0 | F96: 0 | G96: 0 | H96: 1 | I96: 0 | J96: 0 | K96: 0 | L96: 0 | M96: 0 | N96: 0 | O96: 0 | P96: 0 | Q96: 0 | R96: 0 | S96: 0 | T96: 0 | U96: =SUM(E96:T96) -> 1
C97: 3. NI MADE AYU PUNIARSI | E97: 0 | F97: 0 | G97: 0 | H97: 0 | I97: 0 | J97: 0 | K97: 0 | L97: 0 | M97: 0 | N97: 0 | O97: 0 | P97: 0 | Q97: 0 | R97: 0 | S97: 0 | T97: 0 | U97: =SUM(E97:T97) -> 0
C98: 4. HENDRA KURNIAWAN | E98: 0 | F98: 0 | G98: 0 | H98: 0 | I98: 0 | J98: 0 | K98: 0 | L98: 0 | M98: 0 | N98: 0 | O98: 0 | P98: 0 | Q98: 0 | R98: 0 | S98: 0 | T98: 0 | U98: =SUM(E98:T98) -> 0
C99: 5. DEASY GITTA PERWITASARI | E99: 0 | F99: 0 | G99: 0 | H99: 0 | I99: 0 | J99: 0 | K99: 0 | L99: 0 | M99: 0 | N99: 0 | O99: 0 | P99: 0 | Q99: 0 | R99: 0 | S99: 0 | T99: 0 | U99: =SUM(E99:T99) -> 0
C100: 6. SUPRAPTO | E100: 0 | F100: 0 | G100: 0 | H100: 0 | I100: 1 | J100: 1 | K100: 0 | L100: 0 | M100: 0 | N100: 0 | O100: 0 | P100: 0 | Q100: 0 | R100: 0 | S100: 0 | T100: 0 | U100: =SUM(E100:T100) -> 2
A101: B | B101: JUMLAH SUARA SAH PARTAI POLITIK DAN CALON (A1 + A2) | E101: =SUM(E94:E100) -> 0 | F101: =SUM(F94:F100) -> 0 | G101: =SUM(G94:G100) -> 0 | H101: =SUM(H94:H100) -> 1 | I101: =SUM(I94:I100) -> 1 | J101: =SUM(J94:J100) -> 1 | K101: =SUM(K94:K100) -> 0 | L101: =SUM(L94:L100) -> 0 | ... T101: =SUM(T94:T100) -> 0 | U101: =SUM(E101:T101) -> 4
U102: =SUM(E102:T102) -> 0
A103: A.1 | B103: 8. | C103: Partai Keadilan Sejahtera | E103: 0 | F103: 0 | G103: 0 | H103: 0 | I103: 0 | J103: 0 | K103: 0 | L103: 1 | M103: 0 | N103: 0 | O103: 0 | P103: 0 | Q103: 0 | R103: 0 | S103: 0 | T103: 0 | U103: =SUM(E103:T103) -> 1
A104: A.2 | C104: 1. ARIEF WAHYUDI DJ, S.T. | E104: 0 | F104: 0 | G104: 0 | H104: 1 | I104: 0 | J104: 0 | K104: 0 | L104: 0 | M104: 0 | N104: 0 | O104: 0 | P104: 0 | Q104: 1 | R104: 0 | S104: 0 | T104: 0 | U104: =SUM(E104:T104) -> 2
C105: 2. SUMAJI | E105: 0 | F105: 0 | G105: 0 | H105: 0 | I105: 0 | J105: 0 | K105: 0 | L105: 0 | M105: 0 | N105: 0 | O105: 0 | P105: 0 | Q105: 0 | R105: 0 | S105: 0 | T105: 0 | U105: =SUM(E105:T105) -> 0
C106: 3. LILIK MARIYANA, S.Pd. | E106: 0 | F106: 0 | G106: 0 | H106: 1 | I106: 0 | J106: 0 | K106: 0 | L106: 0 | M106: 0 | N106: 0 | O106: 0 | P106: 0 | Q106: 0 | R106: 0 | S106: 0 | T106: 0 | U106: =SUM(E106:T106) -> 1
C107: 4. M. HARUN | E107: 0 | F107: 0 | G107: 0 | H107: 0 | I107: 0 | J107: 0 | K107: 0 | L107: 0 | M107: 0 | N107: 0 | O107: 0 | P107: 0 | Q107: 0 | R107: 0 | S107: 0 | T107: 0 | U107: =SUM(E107:T107) -> 0
C108: 5. SHOLIHIN, S.P. | E108: 0 | F108: 0 | G108: 0 | H108: 0 | I108: 0 | J108: 0 | K108: 0 | L108: 0 | M108: 0 | N108: 0 | O108: 0 | P108: 0 | Q108: 0 | R108: 0 | S108: 0 | T108: 0 | U108: =SUM(E108:T108) -> 0
C109: 6. HANIFATUL IMTITSAL, S.K.M. | E109: 0 | F109: 0 | G109: 0 | H109: 0 | I109: 0 | J109: 0 | K109: 0 | L109: 0 | M109: 0 | N109: 0 | O109: 0 | P109: 0 | Q109: 0 | R109: 0 | S109: 0 | T109: 0 | U109: =SUM(E109:T109) -> 0
A110: B | B110: JUMLAH SUARA SAH PARTAI POLITIK DAN CALON (A1 + A2) | E110: =SUM(E103:E109) -> 0 | F110: =SUM(F103:F109) -> 0 | G110: =SUM(G103:G109) -> 0 | H110: =SUM(H103:H109) -> 2 | I110: =SUM(I103:I109) -> 0 | J110: =SUM(J103:J109) -> 0 | K110: =SUM(K103:K109) -> 0 | L110: =SUM(L103:L109) -> 1 | ... T110: =SUM(T103:T109) -> 0 | U110: =SUM(E110:T110) -> 4
U111: =SUM(E111:T111) -> 0
...

Sheet BOMO
C2: Kecamatan | D2: BLIMBINGSARI
C3: Kabupaten | D3: BANYUWANGI
C4: Provinsi | D4: JAWA TIMUR
C9: Kelurahan | D9: BOMO
A12: I | B12: DATA PEMILIH DAN PENGGUNAAN HAK PILIH | W12: JUMLAH AKHIR
A13: A | B13: DATA PEMILIH | E13: TPS 001 | F13: TPS 002 | G13: TPS 003 | H13: TPS 004 | I13: TPS 005 | J13: TPS 006 | K13: TPS 007 | L13: TPS 008 | M13: TPS 009 | N13: TPS 010 | O13: TPS 011 | P13: TPS 012 | Q13: TPS 013 | R13: TPS 014 | S13: TPS 015 | T13: TPS 016 | U13: TPS 017 | V13: TPS 018
B14: Jumlah Pemilih dalam Daftar Pemilih Tetap (DPT) | D14: LK | E14: 142 | F14: 123 | G14: 144 | H14: 139 | I14: 133 | J14: 151 | K14: 136 | L14: 141 | M14: 150 | N14: 113 | O14: 133 | P14: 121 | Q14: 121 | R14: 133 | S14: 130 | T14: 121 | U14: 127 | V14: 123 | W14: =SUM(E14:V14) -> 2381
D15: PR | E15: 143 | F15: 143 | G15: 150 | H15: 146 | I15: 133 | J15: 145 | K15: 138 | L15: 156 | M15: 141 | N15: 121 | O15: 140 | P15: 132 | Q15: 131 | R15: 129 | S15: 136 | T15: 122 | U15: 128 | V15: 119 | W15: =SUM(E15:V15) -> 2453
D16: JML | E16: =SUM(E14:E15) -> 285 | F16: =SUM(F14:F15) -> 266 | G16: =SUM(G14:G15) -> 294 | H16: =SUM(H14:H15) -> 285 | I16: =SUM(I14:I15) -> 266 | J16: =SUM(J14:J15) -> 296 | K16: =SUM(K14:K15) -> 274 | L16: =SUM(L14:L15) -> 297 | ... V16: =SUM(V14:V15) -> 242 | W16: =SUM(E16:V16) -> 4834
A18: B | B18: PENGGUNA HAK PILIH
B19: 1. | C19: Jumlah pengguna hak pilih dalam Daftar Pemilih Tetap (DPT) | D19: LK | E19: 117 | F19: 88 | G19: 96 | H19: 104 | I19: 96 | J19: 109 | K19: 105 | L19: 105 | M19: 113 | N19: 96 | O19: 102 | P19: 96 | Q19: 67 | R19: 89 | S19: 95 | T19: 99 | U19: 93 | V19: 83 | W19: =SUM(E19:V19) -> 1753
D20: PR | E20: 122 | F20: 111 | G20: 116 | H20: 118 | I20: 100 | J20: 109 | K20: 112 | L20: 127 | M20: 117 | N20: 99 | O20: 122 | P20: 102 | Q20: 87 | R20: 92 | S20: 106 | T20: 99 | U20: 109 | V20: 88 | W20: =SUM(E20:V20) -> 1936
D21: JML | E21: 239 | F21: 199 | G21: 212 | H21: 222 | I21: 196 | J21: 218 | K21: 217 | L21: 232 | M21: 230 | N21: 195 | O21: 224 | P21: 198 | Q21: 154 | R21: 181 | S21: 201 | T21: =SUM(T19:T20) -> 198 | U21: =SUM(U19:U20) -> 202 | V21: =SUM(V19:V20) -> 171 | W21: =SUM(E21:V21) -> 3689
B22: 2. | C22: Jumlah pengguna hak pilih dalam Daftar Pemilih Tambahan (DPTb) | D22: LK | E22: 0 | F22: 0 | G22: 0 | H22: 0 | I22: 0 | J22: 2 | K22: 0 | L22: 0 | M22: 0 | N22: 0 | O22: 0 | P22: 0 | Q22: 0 | R22: 0 | S22: 0 | T22: 0 | U22: 0 | V22: 0 | W22: =SUM(E22:V22) -> 2
D23: PR | E23: 0 | F23: 0 | G23: 0 | H23: 0 | I23: 0 | J23: 0 | K23: 0 | L23: 0 | M23: 0 | N23: 0 | O23: 0 | P23: 0 | Q23: 0 | R23: 0 | S23: 0 | T23: 0 | U23: 1 | V23: 0 | W23: =SUM(E23:V23) -> 1
D24: JML | E24: 0 | F24: 0 | G24: 0 | H24: 0 | I24: 0 | J24: 2 | K24: 0 | L24: 0 | M24: 0 | N24: 0 | O24: 0 | P24: 0 | Q24: 0 | R24: 0 | S24: 0 | T24: =SUM(T22:T23) -> 0 | U24: =SUM(U22:U23) -> 1 | V24: =SUM(V22:V23) -> 0 | W24: =SUM(E24:V24) -> 3
B25: 3. | C25: Jumlah pengguna hak pilih dalam Daftar Pemilih Khusus (DPK) | D25: LK | E25: 1 | F25: 0 | G25: 2 | H25: 0 | I25: 0 | J25: 0 | K25: 0 | L25: 1 | M25: 1 | N25: 0 | O25: 0 | P25: 1 | Q25: 1 | R25: 0 | S25: 0 | T25: 0 | U25: 1 | V25: 1 | W25: =SUM(E25:V25) -> 9
D26: PR | E26: 2 | F26: 0 | G26: 1 | H26: 0 | I26: 0 | J26: 0 | K26: 0 | L26: 0 | M26: 3 | N26: 0 | O26: 0 | P26: 1 | Q26: 0 | R26: 0 | S26: 1 | T26: 0 | U26: 0 | V26: 1 | W26: =SUM(E26:V26) -> 9
D27: JML | E27: 3 | F27: 0 | G27: 3 | H27: 0 | I27: 0 | J27: 0 | K27: 0 | L27: 1 | M27: 4 | N27: 0 | O27: 0 | P27: 2 | Q27: 1 | R27: 0 | S27: 1 | T27: =SUM(T25:T26) -> 0 | U27: =SUM(U25:U26) -> 1 | V27: =SUM(V25:V26) -> 2 | W27: =SUM(E27:V27) -> 18
B28: 4. | C28: Jumlah Pengguna Hak Pilih (B.1+B.2+B.3) | D28: LK | E28: 118 | F28: 88 | G28: 98 | H28: 104 | I28: 96 | J28: 111 | K28: 105 | L28: 106 | M28: 114 | N28: 96 | O28: 102 | P28: 97 | Q28: 68 | R28: 89 | S28: 95 | T28: =SUM(T19,T22,T25) -> 99 | U28: =SUM(U19,U22,U25) -> 94 | V28: =SUM(V19,V22,V25) -> 84 | W28: =SUM(E28:V28) -> 1764
D29: PR | E29: 124 | F29: 111 | G29: 117 | H29: 118 | I29: 100 | J29: 109 | K29: 112 | L29: 127 | M29: 120 | N29: 99 | O29: 122 | P29: 103 | Q29: 87 | R29: 92 | S29: 107 | T29: =SUM(T20,T23,T26) -> 99 | U29: =SUM(U20,U23,U26) -> 110 | V29: =SUM(V20,V23,V26) -> 89 | W29: =SUM(E29:V29) -> 1946
D30: JML | E30: =SUM(E28:E29) -> 242 | F30: =SUM(F28:F29) -> 199 | G30: =SUM(G28:G29) -> 215 | H30: =SUM(H28:H29) -> 222 | I30: =SUM(I28:I29) -> 196 | J30: =SUM(J28:J29) -> 220 | K30: =SUM(K28:K29) -> 217 | L30: =SUM(L28:L29) -> 233 | ... V30: =SUM(V28:V29) -> 173 | W30: =SUM(E30:V30) -> 3710
A32: II | B32: DATA PENGGUNAAN SURAT SUARA
A33: 1 | B33: Jumlah surat suara yang diterima, termasuk surat suara cadangan 2,5% dari DPT | E33: 291 | F33: 282 | G33: 300 | H33: 291 | I33: 272 | J33: 302 | K33: 280 | L33: 303 | M33: 297 | N33: 239 | O33: 279 | P33: 259 | Q33: 258 | R33: 268 | S33: 272 | T33: 248 | U33: 261 | V33: 247 | W33: =SUM(E33:V33) -> 4949
A34: 2 | B34: Jumlah surat suara yang digunakan | E34: 242 | F34: 199 | G34: 215 | H34: 222 | I34: 196 | J34: 220 | K34: 217 | L34: 233 | M34: 234 | N34: 195 | O34: 224 | P34: 200 | Q34: 155 | R34: 181 | S34: 202 | T34: 198 | U34: 204 | V34: 173 | W34: =SUM(E34:V34) -> 3710
A35: 3 | B35: Jumlah surat suara dikembalikan oleh pemilih (karena rusak atau keliru coblos) | E35: 0 | F35: 0 | G35: 0 | H35: 1 | I35: 1 | J35: 0 | K35: 0 | L35: 0 | M35: 0 | N35: 0 | O35: 2 | P35: 0 | Q35: 0 | R35: 0 | S35: 0 | T35: 0 | U35: 5 | V35: 1 | W35: =SUM(E35:V35) -> 10
A36: 4 | B36: Jumlah surat suara yang tidak digunakan/tidak terpakai, termasuk sisa surat suara cadangan | E36: 49 | F36: 83 | G36: 85 | H36: 68 | I36: 75 | J36: 82 | K36: 63 | L36: 70 | M36: 63 | N36: 44 | O36: 53 | P36: 59 | Q36: 103 | R36: 87 | S36: 70 | T36: =T33-(T34+T35) -> 50 | U36: =U33-(U34+U35) -> 52 | V36: =V33-(V34+V35) -> 73 | W36: =SUM(E36:V36) -> 1229
A38: III | B38: DATA PEMILIH DISABILITAS
B39: Jumlah seluruh Pemilih disabilitas yang menggunakan hak pilih | D39: LK | E39: 0 | F39: 0 | G39: 0 | H39: 0 | I39: 0 | J39: 0 | K39: 0 | L39: 0 | M39: 0 | N39: 0 | O39: 1 | P39: 1 | Q39: 0 | R39: 0 | S39: 0 | T39: 1 | U39: 0 | V39: 1 | W39: =SUM(E39:V39) -> 4
D40: PR | E40: 0 | F40: 0 | G40: 0 | H40: 0 | I40: 0 | J40: 0 | K40: 0 | L40: 0 | M40: 0 | N40: 0 | O40: 0 | P40: 0 | Q40: 0 | R40: 0 | S40: 0 | T40: 0 | U40: 0 | V40: 0 | W40: =SUM(E40:V40) -> 0
D41: JML | E41: =SUM(E39:E40) -> 0 | F41: =SUM(F39:F40) -> 0 | G41: =SUM(G39:G40) -> 0 | H41: =SUM(H39:H40) -> 0 | I41: =SUM(I39:I40) -> 0 | J41: =SUM(J39:J40) -> 0 | K41: =SUM(K39:K40) -> 0 | L41: =SUM(L39:L40) -> 0 | ... V41: =SUM(V39:V40) -> 1 | W41: =SUM(E41:V41) -> 4
A43: IV | B43: DATA RINCIAN PEROLEHAN SUARA PASANGAN CALON BUPATI DAN WAKIL BUPATI
A44: NOMOR DAN NAMA CALON
A45: A.1 | B45: 1. | C45: Partai Kebangkitan Bangsa | E45: 12 | F45: 8 | G45: 2 | H45: 3 | I45: 3 | J45: 1 | K45: 2 | L45: 0 | M45: 0 | N45: 1 | O45: 5 | P45: 11 | Q45: 10 | R45: 2 | S45: 2 | T45: 0 | U45: 0 | V45: 0 | W45: =SUM(E45:V45) -> 62
A46: A.2 | C46: 1. ARVY RIZALDY, S.E. | E46: 33 | F46: 40 | G46: 4 | H46: 6 | I46: 8 | J46: 0 | K46: 0 | L46: 8 | M46: 1 | N46: 0 | O46: 30 | P46: 28 | Q46: 26 | R46: 6 | S46: 3 | T46: 1 | U46: 1 | V46: 5 | W46: =SUM(E46:V46) -> 200
C47: 2. HILMI MUSTOFA | E47: 2 | F47: 1 | G47: 0 | H47: 0 | I47: 0 | J47: 1 | K47: 0 | L47: 0 | M47: 1 | N47: 0 | O47: 2 | P47: 2 | Q47: 0 | R47: 0 | S47: 0 | T47: 1 | U47: 0 | V47: 0 | W47: =SUM(E47:V47) -> 10
C48: 3. RUSDIANAH, A.Ma.Pd | E48: 0 | F48: 1 | G48: 0 | H48: 0 | I48: 0 | J48: 0 | K48: 0 | L48: 0 | M48: 1 | N48: 1 | O48: 1 | P48: 0 | Q48: 0 | R48: 0 | S48: 0 | T48: 0 | U48: 0 | V48: 1 | W48: =SUM(E48:V48) -> 5
C49: 4. USMAN YUSUF | E49: 0 | F49: 0 | G49: 0 | H49: 0 | I49: 0 | J49: 0 | K49: 0 | L49: 0 | M49: 0 | N49: 0 | O49: 0 | P49: 0 | Q49: 0 | R49: 0 | S49: 0 | T49: 0 | U49: 0 | V49: 1 | W49: =SUM(E49:V49) -> 1
C50: 5. SA`ADAH | E50: 0 | F50: 0 | G50: 0 | H50: 0 | I50: 0 | J50: 0 | K50: 0 | L50: 0 | M50: 1 | N50: 0 | O50: 0 | P50: 0 | Q50: 0 | R50: 0 | S50: 0 | T50: 0 | U50: 0 | V50: 0 | W50: =SUM(E50:V50) -> 1
C51: 6. FARIHA HASANATUL AMALIA | E51: 0 | F51: 0 | G51: 0 | H51: 0 | I51: 0 | J51: 0 | K51: 0 | L51: 0 | M51: 1 | N51: 0 | O51: 0 | P51: 0 | Q51: 1 | R51: 0 | S51: 0 | T51: 0 | U51: 0 | V51: 0 | W51: =SUM(E51:V51) -> 2
A52: B | B52: JUMLAH SUARA SAH PARTAI POLITIK DAN CALON (A1 + A2) | E52: 47 | F52: 50 | G52: 6 | H52: 9 | I52: 11 | J52: 2 | K52: 2 | L52: 8 | M52: 5 | N52: 2 | O52: 38 | P52: 41 | Q52: 37 | R52: 8 | S52: 5 | T52: =SUM(T45:T51) -> 2 | U52: 1 | V52: =SUM(V45:V51) -> 7 | W52: =SUM(E52:V52) -> 281
W53: =SUM(E53:V53) -> 0
A54: A.1 | B54: 2. | C54: Partai Gerakan Indonesia Raya | E54: 11 | F54: 6 | G54: 4 | H54: 3 | I54: 13 | J54: 3 | K54: 0 | L54: 2 | M54: 1 | N54: 4 | O54: 3 | P54: 1 | Q54: 4 | R54: 6 | S54: 14 | T54: 1 | U54: 4 | V54: 0 | W54: =SUM(E54:V54) -> 80
A55: A.2 | C55: 1. SUPARMAN EDY H. | E55: 2 | F55: 1 | G55: 2 | H55: 0 | I55: 2 | J55: 2 | K55: 0 | L55: 4 | M55: 0 | N55: 0 | O55: 0 | P55: 1 | Q55: 3 | R55: 1 | S55: 3 | T55: 0 | U55: 0 | V55: 0 | W55: =SUM(E55:V55) -> 21
C56: 2. NASIKHUN AMIN | E56: 8 | F56: 2 | G56: 3 | H56: 1 | I56: 0 | J56: 1 | K56: 1 | L56: 1 | M56: 0 | N56: 0 | O56: 1 | P56: 0 | Q56: 2 | R56: 0 | S56: 1 | T56: 0 | U56: 0 | V56: 0 | W56: =SUM(E56:V56) -> 21
C57: 3. ENY SETIAWATI, S.H | E57: 1 | F57: 0 | G57: 0 | H57: 0 | I57: 0 | J57: 1 | K57: 0 | L57: 1 | M57: 0 | N57: 0 | O57: 0 | P57: 1 | Q57: 1 | R57: 0 | S57: 2 | T57: 0 | U57: 1 | V57: 1 | W57: =SUM(E57:V57) -> 9
C58: 4. H. ABDUL QODIR, S.H., M.H. | E58: 1 | F58: 0 | G58: 0 | H58: 0 | I58: 2 | J58: 3 | K58: 0 | L58: 1 | M58: 2 | N58: 0 | O58: 0 | P58: 0 | Q58: 4 | R58: 0 | S58: 7 | T58: 1 | U58: 0 | V58: 1 | W58: =SUM(E58:V58) -> 22
C59: 5. FATMAWATI, S.E. | E59: 0 | F59: 0 | G59: 0 | H59: 0 | I59: 0 | J59: 2 | K59: 0 | L59: 0 | M59: 0 | N59: 0 | O59: 0 | P59: 0 | Q59: 0 | R59: 0 | S59: 0 | T59: 0 | U59: 0 | V59: 0 | W59: =SUM(E59:V59) -> 2
C60: 6. NANANG NUR AHMADI | E60: 2 | F60: 0 | G60: 0 | H60: 3 | I60: 1 | J60: 4 | K60: 0 | L60: 0 | M60: 0 | N60: 0 | O60: 0 | P60: 0 | Q60: 1 | R60: 0 | S60: 2 | T60: 1 | U60: 1 | V60: 2 | W60: =SUM(E60:V60) -> 17
A61: B | B61: JUMLAH SUARA SAH PARTAI POLITIK DAN CALON (A1 + A2) | E61: 25 | F61: 9 | G61: 9 | H61: 7 | I61: 18 | J61: 16 | K61: 1 | L61: 9 | M61: 3 | N61: 4 | O61: 4 | P61: 3 | Q61: 15 | R61: 7 | S61: 29 | T61: =SUM(T54:T60) -> 3 | U61: =SUM(U54:U60) -> 6 | V61: =SUM(V54:V60) -> 4 | W61: =SUM(E61:V61) -> 172
W62: =SUM(E62:V62) -> 0
A63: A.1 | B63: 3. | C63: Partai Demokrasi Indonesia Perjuangan | E63: 10 | F63: 2 | G63: 8 | H63: 11 | I63: 6 | J63: 4 | K63: 9 | L63: 7 | M63: 6 | N63: 2 | O63: 9 | P63: 9 | Q63: 9 | R63: 19 | S63: 15 | T63: 6 | U63: 4 | V63: 6 | W63: =SUM(E63:V63) -> 142
A64: A.2 | C64: 1. WAGIANTO | E64: 13 | F64: 10 | G64: 50 | H64: 68 | I64: 59 | J64: 32 | K64: 46 | L64: 30 | M64: 25 | N64: 25 | O64: 26 | P64: 14 | Q64: 4 | R64: 9 | S64: 49 | T64: 10 | U64: 22 | V64: 13 | W64: =SUM(E64:V64) -> 505
C65: 2. ERIK TRISDIANTANA | E65: 2 | F65: 2 | G65: 1 | H65: 2 | I65: 0 | J65: 1 | K65: 1 | L65: 0 | M65: 0 | N65: 12 | O65: 20 | P65: 18 | Q65: 17 | R65: 18 | S65: 24 | T65: 24 | U65: 12 | V65: 10 | W65: =SUM(E65:V65) -> 164
C66: 3. NI GALUH PARWATI | E66: 7 | F66: 5 | G66: 0 | H66: 0 | I66: 2 | J66: 0 | K66: 17 | L66: 10 | M66: 13 | N66: 10 | O66: 6 | P66: 21 | Q66: 14 | R66: 21 | S66: 13 | T66: 9 | U66: 4 | V66: 18 | W66: =SUM(E66:V66) -> 170
C67: 4. DZULFIKAR REZKY | E67: 0 | F67: 0 | G67: 0 | H67: 1 | I67: 0 | J67: 0 | K67: 2 | L67: 1 | M67: 0 | N67: 0 | O67: 0 | P67: 0 | Q67: 0 | R67: 1 | S67: 0 | T67: 0 | U67: 2 | V67: 0 | W67: =SUM(E67:V67) -> 7
C68: 5. AMALIYAH | E68: 0 | F68: 0 | G68: 0 | H68: 0 | I68: 0 | J68: 0 | K68: 1 | L68: 0 | M68: 0 | N68: 0 | O68: 0 | P68: 0 | Q68: 0 | R68: 1 | S68: 0 | T68: 0 | U68: 1 | V68: 0 | W68: =SUM(E68:V68) -> 3
C69: 6. PUTRI PARAMITA CIPTASARI | E69: 0 | F69: 0 | G69: 0 | H69: 0 | I69: 0 | J69: 0 | K69: 1 | L69: 0 | M69: 0 | N69: 0 | O69: 1 | P69: 0 | Q69: 0 | R69: 1 | S69: 0 | T69: 0 | U69: 0 | V69: 0 | W69: =SUM(E69:V69) -> 3
A70: B | B70: JUMLAH SUARA SAH PARTAI POLITIK DAN CALON (A1 + A2) | E70: 32 | F70: 19 | G70: 59 | H70: 82 | I70: 67 | J70: 37 | K70: 77 | L70: 48 | M70: 44 | N70: 49 | O70: 62 | P70: 62 | Q70: 44 | R70: 70 | S70: 101 | T70: =SUM(T63:T69) -> 49 | U70: =SUM(U63:U69) -> 45 | V70: =SUM(V63:V69) -> 47 | W70: =SUM(E70:V70) -> 994
W71: =SUM(E71:V71) -> 0
A72: A.1 | B72: 4. | C72: Partai Golongan Karya | E72: 2 | F72: 2 | G72: 1 | H72: 1 | I72: 3 | J72: 5 | K72: 4 | L72: 1 | M72: 1 | N72: 1 | O72: 0 | P72: 0 | Q72: 2 | R72: 0 | S72: 1 | T72: 1 | U72: 1 | V72: 0 | W72: =SUM(E72:V72) -> 26
A73: A.2 | C73: 1. MARIFATUL KAMILA, S.H. | E73: 2 | F73: 0 | G73: 0 | H73: 0 | I73: 0 | J73: 2 | K73: 6 | L73: 3 | M73: 2 | N73: 1 | O73: 0 | P73: 0 | Q73: 0 | R73: 0 | S73: 0 | T73: 0 | U73: 0 | V73: 0 | W73: =SUM(E73:V73) -> 16
C74: 2. KUSWORO, S.Pd. | E74: 0 | F74: 0 | G74: 0 | H74: 0 | I74: 1 | J74: 0 | K74: 0 | L74: 0 | M74: 0 | N74: 0 | O74: 0 | P74: 0 | Q74: 0 | R74: 0 | S74: 0 | T74: 0 | U74: 0 | V74: 0 | W74: =SUM(E74:V74) -> 1
C75: 3. DIDIK SANTOSO, S.Pd. | E75: 1 | F75: 0 | G75: 0 | H75: 0 | I75: 0 | J75: 0 | K75: 0 | L75: 0 | M75: 0 | N75: 0 | O75: 0 | P75: 0 | Q75: 0 | R75: 0 | S75: 0 | T75: 0 | U75: 0 | V75: 0 | W75: =SUM(E75:V75) -> 1
C76: 4. ASYIQ RAHMATULLAH, H | E76: 1 | F76: 0 | G76: 0 | H76: 0 | I76: 0 | J76: 0 | K76: 0 | L76: 0 | M76: 0 | N76: 0 | O76: 1 | P76: 0 | Q76: 0 | R76: 0 | S76: 0 | T76: 0 | U76: 0 | V76: 0 | W76: =SUM(E76:V76) -> 2
C77: 5. ARI PANGESTI | E77: 0 | F77: 0 | G77: 0 | H77: 0 | I77: 1 | J77: 0 | K77: 0 | L77: 0 | M77: 0 | N77: 0 | O77: 0 | P77: 0 | Q77: 0 | R77: 0 | S77: 0 | T77: 0 | U77: 0 | V77: 0 | W77: =SUM(E77:V77) -> 1
C78: 6. H. HANDOKO, S.E. | E78: 1 | F78: 0 | G78: 1 | H78: 4 | I78: 22 | J78: 0 | K78: 1 | L78: 9 | M78: 13 | N78: 13 | O78: 6 | P78: 2 | Q78: 0 | R78: 0 | S78: 0 | T78: 0 | U78: 0 | V78: 0 | W78: =SUM(E78:V78) -> 72
A79: B | B79: JUMLAH SUARA SAH PARTAI POLITIK DAN CALON (A1 + A2) | E79: 7 | F79: 2 | G79: 2 | H79: 5 | I79: 27 | J79: 7 | K79: 11 | L79: 13 | M79: 16 | N79: 15 | O79: 7 | P79: 2 | Q79: 2 | R79: 0 | S79: 1 | T79: =SUM(T72:T78) -> 1 | U79: =SUM(U72:U78) -> 1 | V79: =SUM(V72:V78) -> 0 | W79: =SUM(E79:V79) -> 119
W80: =SUM(E80:V80) -> 0
A81: A.1 | B81: 5. | C81: Partai NasDem | E81: 0 | F81: 1 | G81: 3 | H81: 1 | I81: 0 | J81: 0 | K81: 0 | L81: 0 | M81: 0 | N81: 0 | O81: 2 | P81: 0 | Q81: 1 | R81: 1 | S81: 0 | T81: 0 | U81: 0 | V81: 0 | W81: =SUM(E81:V81) -> 9
A82: A.2 | C82: 1. H. EDI PURNOMO | E82: 1 | F82: 0 | G82: 1 | H82: 0 | I82: 0 | J82: 1 | K82: 0 | L82: 0 | M82: 1 | N82: 0 | O82: 0 | P82: 0 | Q82: 0 | R82: 1 | S82: 0 | T82: 0 | U82: 0 | V82: 1 | W82: =SUM(E82:V82) -> 6
C83: 2. I GEDE SUDRO WICANO | E83: 11 | F83: 8 | G83: 33 | H83: 4 | I83: 9 | J83: 1 | K83: 3 | L83: 1 | M83: 4 | N83: 60 | O83: 17 | P83: 0 | Q83: 7 | R83: 3 | S83: 0 | T83: 3 | U83: 2 | V83: 48 | W83: =SUM(E83:V83) -> 214
C84: 3. TRI MARVILA SUKMANA, S.H. | E84: 1 | F84: 0 | G84: 1 | H84: 0 | I84: 0 | J84: 0 | K84: 0 | L84: 0 | M84: 0 | N84: 0 | O84: 0 | P84: 20 | Q84: 0 | R84: 0 | S84: 0 | T84: 0 | U84: 0 | V84: 0 | W84: =SUM(E84:V84) -> 22
C85: 4. ISLAMIYAH LESTARI | E85: 0 | F85: 0 | G85: 0 | H85: 0 | I85: 0 | J85: 0 | K85: 0 | L85: 0 | M85: 0 | N85: 0 | O85: 0 | P85: 0 | Q85: 0 | R85: 0 | S85: 0 | T85: 0 | U85: 0 | V85: 0 | W85: =SUM(E85:V85) -> 0
C86: 5. LUTFI WAHYUDI | E86: 0 | F86: 0 | G86: 1 | H86: 0 | I86: 1 | J86: 0 | K86: 0 | L86: 0 | M86: 1 | N86: 1 | O86: 0 | P86: 0 | Q86: 1 | R86: 0 | S86: 0 | T86: 2 | U86: 2 | V86: 1 | W86: =SUM(E86:V86) -> 10
C87: 6. AGUS MAIDO | E87: 0 | F87: 0 | G87: 0 | H87: 0 | I87: 0 | J87: 0 | K87: 0 | L87: 0 | M87: 0 | N87: 0 | O87: 0 | P87: 0 | Q87: 0 | R87: 0 | S87: 0 | T87: 0 | U87: 0 | V87: 0 | W87: =SUM(E87:V87) -> 0
A88: B | B88: JUMLAH SUARA SAH PARTAI POLITIK DAN CALON (A1 + A2) | E88: =SUM(E81:E87) -> 13 | F88: =SUM(F81:F87) -> 9 | G88: =SUM(G81:G87) -> 39 | H88: =SUM(H81:H87) -> 5 | I88: =SUM(I81:I87) -> 10 | J88: =SUM(J81:J87) -> 2 | K88: =SUM(K81:K87) -> 3 | L88: =SUM(L81:L87) -> 1 | ... V88: =SUM(V81:V87) -> 50 | W88: =SUM(E88:V88) -> 261
W89: =SUM(E89:V89) -> 0
A90: A.1 | B90: 6. | C90: Partai Buruh | E90: 0 | F90: 0 | G90: 0 | H90: 0 | I90: 1 | J90: 0 | K90: 0 | L90: 0 | M90: 0 | N90: 0 | O90: 1 | P90: 0 | Q90: 0 | R90: 0 | S90: 0 | T90: 0 | U90: 0 | V90: 0 | W90: =SUM(E90:V90) -> 2
A91: A.2 | C91: 1. ERWIN SANTOSO | E91: 0 | F91: 0 | G91: 0 | H91: 0 | I91: 0 | J91: 0 | K91: 0 | L91: 1 | M91: 0 | N91: 0 | O91: 0 | P91: 0 | Q91: 0 | R91: 0 | S91: 1 | T91: 0 | U91: 0 | V91: 0 | W91: =SUM(E91:V91) -> 2
A92: B | B92: JUMLAH SUARA SAH PARTAI POLITIK DAN CALON (A1 + A2) | E92: =SUM(E90:E91) -> 0 | F92: =SUM(F90:F91) -> 0 | G92: =SUM(G90:G91) -> 0 | H92: =SUM(H90:H91) -> 0 | I92: =SUM(I90:I91) -> 1 | J92: =SUM(J90:J91) -> 0 | K92: =SUM(K90:K91) -> 0 | L92: =SUM(L90:L91) -> 1 | ... V92: =SUM(V90:V91) -> 0 | W92: =SUM(E92:V92) -> 4
W93: =SUM(E93:V93) -> 0
A94: A.1 | B94: 7. | C94: Partai Gelombang Rakyat Indonesia | E94: 2 | F94: 0 | G94: 0 | H94: 0 | I94: 1 | J94: 0 | K94: 0 | L94: 0 | M94: 0 | N94: 0 | O94: 1 | P94: 0 | Q94: 0 | R94: 0 | S94: 1 | T94: 0 | U94: 1 | V94: 1 | W94: =SUM(E94:V94) -> 7
A95: A.2 | C95: 1. SUTRISNO | E95: 0 | F95: 0 | G95: 0 | H95: 0 | I95: 0 | J95: 0 | K95: 0 | L95: 0 | M95: 0 | N95: 0 | O95: 1 | P95: 2 | Q95: 1 | R95: 0 | S95: 0 | T95: 0 | U95: 0 | V95: 0 | W95: =SUM(E95:V95) -> 4
C96: 2. MOH. ANNAS | E96: 0 | F96: 0 | G96: 0 | H96: 0 | I96: 0 | J96: 0 | K96: 0 | L96: 0 | M96: 0 | N96: 0 | O96: 0 | P96: 0 | Q96: 0 | R96: 0 | S96: 0 | T96: 0 | U96: 0 | V96: 0 | W96: =SUM(E96:V96) -> 0
C97: 3. NI MADE AYU PUNIARSI | E97: 1 | F97: 0 | G97: 0 | H97: 0 | I97: 0 | J97: 0 | K97: 0 | L97: 0 | M97: 1 | N97: 0 | O97: 0 | P97: 0 | Q97: 0 | R97: 0 | S97: 0 | T97: 0 | U97: 0 | V97: 0 | W97: =SUM(E97:V97) -> 2
C98: 4. HENDRA KURNIAWAN | E98: 0 | F98: 0 | G98: 0 | H98: 0 | I98: 0 | J98: 0 | K98: 0 | L98: 0 | M98: 0 | N98: 0 | O98: 0 | P98: 0 | Q98: 0 | R98: 0 | S98: 0 | T98: 1 | U98: 0 | V98: 0 | W98: =SUM(E98:V98) -> 1
C99: 5. DEASY GITTA PERWITASARI | E99: 0 | F99: 0 | G99: 0 | H99: 0 | I99: 0 | J99: 0 | K99: 0 | L99: 0 | M99: 0 | N99: 0 | O99: 0 | P99: 0 | Q99: 0 | R99: 0 | S99: 0 | T99: 0 | U99: 0 | V99: 0 | W99: =SUM(E99:V99) -> 0
C100: 6. SUPRAPTO | E100: 0 | F100: 0 | G100: 0 | H100: 0 | I100: 0 | J100: 0 | K100: 0 | L100: 0 | M100: 0 | N100: 0 | O100: 0 | P100: 0 | Q100: 0 | R100: 0 | S100: 0 | T100: 0 | U100: 0 | V100: 0 | W100: =SUM(E100:V100) -> 0
A101: B | B101: JUMLAH SUARA SAH PARTAI POLITIK DAN CALON (A1 + A2) | E101: =SUM(E94:E100) -> 3 | F101: =SUM(F94:F100) -> 0 | G101: =SUM(G94:G100) -> 0 | H101: =SUM(H94:H100) -> 0 | I101: =SUM(I94:I100) -> 1 | J101: =SUM(J94:J100) -> 0 | K101: =SUM(K94:K100) -> 0 | L101: =SUM(L94:L100) -> 0 | ... V101: =SUM(V94:V100) -> 1 | W101: =SUM(E101:V101) -> 14
W102: =SUM(E102:V102) -> 0
A103: A.1 | B103: 8. | C103: Partai Keadilan Sejahtera | E103: 0 | F103: 0 | G103: 0 | H103: 1 | I103: 0 | J103: 1 | K103: 0 | L103: 0 | M103: 1 | N103: 0 | O103: 1 | P103: 0 | Q103: 0 | R103: 0 | S103: 0 | T103: 0 | U103: 0 | V103: 0 | W103: =SUM(E103:V103) -> 4
A104: A.2 | C104: 1. ARIEF WAHYUDI DJ, S.T. | E104: 0 | F104: 0 | G104: 0 | H104: 3 | I104: 3 | J104: 5 | K104: 0 | L104: 0 | M104: 0 | N104: 0 | O104: 1 | P104: 0 | Q104: 1 | R104: 2 | S104: 0 | T104: 1 | U104: 0 | V104: 0 | W104: =SUM(E104:V104) -> 16
C105: 2. SUMAJI | E105: 0 | F105: 0 | G105: 0 | H105: 0 | I105: 0 | J105: 0 | K105: 0 | L105: 0 | M105: 0 | N105: 0 | O105: 0 | P105: 0 | Q105: 0 | R105: 0 | S105: 0 | T105: 0 | U105: 0 | V105: 0 | W105: =SUM(E105:V105) -> 0
C106: 3. LILIK MARIYANA, S.Pd. | E106: 0 | F106: 0 | G106: 0 | H106: 0 | I106: 0 | J106: 0 | K106: 0 | L106: 0 | M106: 0 | N106: 0 | O106: 0 | P106: 0 | Q106: 0 | R106: 0 | S106: 0 | T106: 0 | U106: 0 | V106: 0 | W106: =SUM(E106:V106) -> 0
C107: 4. M. HARUN | E107: 0 | F107: 0 | G107: 0 | H107: 0 | I107: 0 | J107: 0 | K107: 0 | L107: 0 | M107: 0 | N107: 0 | O107: 0 | P107: 0 | Q107: 0 | R107: 0 | S107: 0 | T107: 0 | U107: 0 | V107: 0 | W107: =SUM(E107:V107) -> 0
C108: 5. SHOLIHIN, S.P. | E108: 0 | F108: 0 | G108: 0 | H108: 0 | I108: 0 | J108: 0 | K108: 0 | L108: 0 | M108: 0 | N108: 0 | O108: 0 | P108: 0 | Q108: 0 | R108: 0 | S108: 0 | T108: 0 | U108: 0 | V108: 0 | W108: =SUM(E108:V108) -> 0
C109: 6. HANIFATUL IMTITSAL, S.K.M. | E109: 0 | F109: 0 | G109: 0 | H109: 0 | I109: 0 | J109: 0 | K109: 0 | L109: 0 | M109: 0 | N109: 0 | O109: 0 | P109: 0 | Q109: 0 | R109: 0 | S109: 0 | T109: 0 | U109: 0 | V109: 0 | W109: =SUM(E109:V109) -> 0
A110: B | B110: JUMLAH SUARA SAH PARTAI POLITIK DAN CALON (A1 + A2) | E110: =SUM(E103:E109) -> 0 | F110: =SUM(F103:F109) -> 0 | G110: =SUM(G103:G109) -> 0 | H110: =SUM(H103:H109) -> 4 | I110: =SUM(I103:I109) -> 3 | J110: =SUM(J103:J109) -> 6 | K110: =SUM(K103:K109) -> 0 | L110: =SUM(L103:L109) -> 0 | ... V110: =SUM(V103:V109) -> 0 | W110: =SUM(E110:V110) -> 20
W111: =SUM(E111:V111) -> 0
...

Sheet GINTANGAN
C2: Kecamatan | D2: BLIMBINGSARI
C3: Kabupaten | D3: BANYUWANGI
C4: Provinsi | D4: JAWA TIMUR
C9: Kelurahan | D9: GINTANGAN
A12: I | B12: DATA PEMILIH DAN PENGGUNAAN HAK PILIH | Z12: JUMLAH AKHIR
A13: A | B13: DATA PEMILIH | E13: TPS 001 | F13: TPS 002 | G13: TPS 003 | H13: TPS 004 | I13: TPS 005 | J13: TPS 006 | K13: TPS 007 | L13: TPS 008 | M13: TPS 009 | N13: TPS 010 | O13: TPS 011 | P13: TPS 012 | Q13: TPS 013 | R13: TPS 014 | S13: TPS 015 | T13: TPS 016 | U13: TPS 017 | V13: TPS 018 | W13: TPS 019 | X13: TPS 020 | Y13: TPS 021
B14: Jumlah Pemilih dalam Daftar Pemilih Tetap (DPT) | D14: LK | E14: 131 | F14: 144 | G14: 132 | H14: 135 | I14: 130 | J14: 127 | K14: 139 | L14: 150 | M14: 143 | N14: 116 | O14: 128 | P14: 110 | Q14: 120 | R14: 112 | S14: 110 | T14: 139 | U14: 131 | V14: 125 | W14: 127 | X14: 126 | Y14: 133 | Z14: =SUM(E14:Y14) -> 2708
D15: PR | E15: 133 | F15: 142 | G15: 152 | H15: 150 | I15: 140 | J15: 133 | K15: 145 | L15: 139 | M15: 141 | N15: 125 | O15: 107 | P15: 133 | Q15: 124 | R15: 117 | S15: 115 | T15: 138 | U15: 144 | V15: 137 | W15: 140 | X15: 148 | Y15: 136 | Z15: =SUM(E15:Y15) -> 2839
D16: JML | E16: =SUM(E14:E15) -> 264 | F16: =SUM(F14:F15) -> 286 | G16: =SUM(G14:G15) -> 284 | H16: =SUM(H14:H15) -> 285 | I16: =SUM(I14:I15) -> 270 | J16: =SUM(J14:J15) -> 260 | K16: =SUM(K14:K15) -> 284 | L16: =SUM(L14:L15) -> 289 | ... Y16: =SUM(Y14:Y15) -> 269 | Z16: =SUM(E16:Y16) -> 5547
A18: B | B18: PENGGUNA HAK PILIH
B19: 1. | C19: Jumlah pengguna hak pilih dalam Daftar Pemilih Tetap (DPT) | D19: LK | E19: 95 | F19: 101 | G19: 106 | H19: 92 | I19: 99 | J19: 97 | K19: 96 | L19: 125 | M19: 112 | N19: 81 | O19: 88 | P19: 88 | Q19: 104 | R19: 95 | S19: 86 | T19: 98 | U19: 102 | V19: 100 | W19: 91 | X19: 105 | Y19: 90 | Z19: =SUM(E19:Y19) -> 2051
D20: PR | E20: 105 | F20: 108 | G20: 128 | H20: 117 | I20: 119 | J20: 110 | K20: 128 | L20: 116 | M20: 122 | N20: 102 | O20: 88 | P20: 111 | Q20: 106 | R20: 93 | S20: 91 | T20: 113 | U20: 113 | V20: 112 | W20: 105 | X20: 127 | Y20: 107 | Z20: =SUM(E20:Y20) -> 2321
D21: JML | E21: 200 | F21: 209 | G21: 234 | H21: 209 | I21: 218 | J21: 207 | K21: 224 | L21: 241 | M21: 234 | N21: 183 | O21: 176 | P21: 199 | Q21: 210 | R21: 188 | S21: 177 | T21: 211 | U21: 215 | V21: 212 | W21: 196 | X21: 232 | Y21: 197 | Z21: =SUM(E21:Y21) -> 4372
B22: 2. | C22: Jumlah pengguna hak pilih dalam Daftar Pemilih Tambahan (DPTb) | D22: LK | E22: 0 | F22: 0 | G22: 0 | H22: 0 | I22: 1 | J22: 0 | K22: 0 | L22: 0 | M22: 0 | N22: 0 | O22: 0 | P22: 0 | Q22: 1 | R22: 0 | S22: 0 | T22: 0 | U22: 0 | V22: 0 | W22: 0 | X22: 0 | Y22: 0 | Z22: =SUM(E22:Y22) -> 2
D23: PR | E23: 0 | F23: 0 | G23: 0 | H23: 0 | I23: 0 | J23: 1 | K23: 0 | L23: 0 | M23: 0 | N23: 0 | O23: 0 | P23: 1 | Q23: 1 | R23: 0 | S23: 0 | T23: 0 | U23: 0 | V23: 0 | W23: 0 | X23: 0 | Y23: 1 | Z23: =SUM(E23:Y23) -> 4
D24: JML | E24: 0 | F24: 0 | G24: 0 | H24: 0 | I24: 1 | J24: 1 | K24: 0 | L24: 0 | M24: 0 | N24: 0 | O24: 0 | P24: 1 | Q24: 2 | R24: 0 | S24: 0 | T24: 0 | U24: 0 | V24: 0 | W24: 0 | X24: 0 | Y24: 1 | Z24: =SUM(E24:Y24) -> 6
B25: 3. | C25: Jumlah pengguna hak pilih dalam Daftar Pemilih Khusus (DPK) | D25: LK | E25: 0 | F25: 1 | G25: 0 | H25: 0 | I25: 0 | J25: 0 | K25: 1 | L25: 0 | M25: 1 | N25: 0 | O25: 0 | P25: 0 | Q25: 1 | R25: 0 | S25: 0 | T25: 0 | U25: 0 | V25: 0 | W25: 0 | X25: 1 | Y25: 0 | Z25: =SUM(E25:Y25) -> 5
D26: PR | E26: 0 | F26: 0 | G26: 0 | H26: 1 | I26: 1 | J26: 3 | K26: 2 | L26: 2 | M26: 0 | N26: 0 | O26: 0 | P26: 0 | Q26: 1 | R26: 0 | S26: 0 | T26: 0 | U26: 0 | V26: 0 | W26: 0 | X26: 0 | Y26: 0 | Z26: =SUM(E26:Y26) -> 10
D27: JML | E27: 0 | F27: 1 | G27: 0 | H27: 1 | I27: 1 | J27: 3 | K27: 3 | L27: 2 | M27: 1 | N27: 0 | O27: 0 | P27: 0 | Q27: 2 | R27: 0 | S27: 0 | T27: 0 | U27: 0 | V27: 0 | W27: 0 | X27: 1 | Y27: 0 | Z27: =SUM(E27:Y27) -> 15
B28: 4. | C28: Jumlah Pengguna Hak Pilih (B.1+B.2+B.3) | D28: LK | E28: 95 | F28: 102 | G28: 106 | H28: 92 | I28: 100 | J28: 97 | K28: 97 | L28: 125 | M28: 113 | N28: 81 | O28: 88 | P28: 88 | Q28: 106 | R28: 95 | S28: 86 | T28: 98 | U28: 102 | V28: 100 | W28: 91 | X28: 106 | Y28: 90 | Z28: =SUM(E28:Y28) -> 2058
D29: PR | E29: 105 | F29: 108 | G29: 128 | H29: 118 | I29: 120 | J29: 114 | K29: 130 | L29: 118 | M29: 122 | N29: 102 | O29: 88 | P29: 112 | Q29: 108 | R29: 93 | S29: 91 | T29: 113 | U29: 113 | V29: 112 | W29: 105 | X29: 127 | Y29: 108 | Z29: =SUM(E29:Y29) -> 2335
D30: JML | E30: =SUM(E28:E29) -> 200 | F30: =SUM(F28:F29) -> 210 | G30: =SUM(G28:G29) -> 234 | H30: =SUM(H28:H29) -> 210 | I30: =SUM(I28:I29) -> 220 | J30: =SUM(J28:J29) -> 211 | K30: =SUM(K28:K29) -> 227 | L30: =SUM(L28:L29) -> 243 | ... Y30: =SUM(Y28:Y29) -> 198 | Z30: =SUM(E30:Y30) -> 4393
A32: II | B32: DATA PENGGUNAAN SURAT SUARA
A33: 1 | B33: Jumlah surat suara yang diterima, termasuk surat suara cadangan 2,5% dari DPT | E33: 270 | F33: 292 | G33: 290 | H33: 291 | I33: 276 | J33: 266 | K33: 290 | L33: 294 | M33: 290 | N33: 246 | O33: 240 | P33: 248 | Q33: 249 | R33: 234 | S33: 230 | T33: 283 | U33: 281 | V33: 268 | W33: 273 | X33: 280 | Y33: 275 | Z33: =SUM(E33:Y33) -> 5666
A34: 2 | B34: Jumlah surat suara yang digunakan | E34: 200 | F34: 210 | G34: 234 | H34: 210 | I34: 220 | J34: 211 | K34: 227 | L34: 243 | M34: 235 | N34: 183 | O34: 176 | P34: 200 | Q34: 214 | R34: 188 | S34: 177 | T34: 211 | U34: 215 | V34: 212 | W34: 196 | X34: 233 | Y34: 198 | Z34: =SUM(E34:Y34) -> 4393
A35: 3 | B35: Jumlah surat suara dikembalikan oleh pemilih (karena rusak atau keliru coblos) | E35: 1 | F35: 1 | G35: 0 | H35: 0 | I35: 0 | J35: 0 | K35: 3 | L35: 3 | M35: 0 | N35: 0 | O35: 0 | P35: 1 | Q35: 1 | R35: 0 | S35: 3 | T35: 1 | U35: 0 | V35: 1 | W35: 0 | X35: 2 | Y35: 0 | Z35: =SUM(E35:Y35) -> 17
A36: 4 | B36: Jumlah surat suara yang tidak digunakan/tidak terpakai, termasuk sisa surat suara cadangan | E36: =SUM(E33-(E34+E35)) -> 69 | F36: =SUM(F33-(F34+F35)) -> 81 | G36: =SUM(G33-(G34+G35)) -> 56 | H36: =SUM(H33-(H34+H35)) -> 81 | I36: =SUM(I33-(I34+I35)) -> 56 | J36: =SUM(J33-(J34+J35)) -> 55 | K36: =SUM(K33-(K34+K35)) -> 60 | L36: =SUM(L33-(L34+L35)) -> 48 | ... Y36: =SUM(Y33-(Y34+Y35)) -> 77 | Z36: =SUM(E36:Y36) -> 1256
A38: III | B38: DATA PEMILIH DISABILITAS
B39: Jumlah seluruh Pemilih disabilitas yang menggunakan hak pilih | D39: LK | E39: 0 | F39: 0 | G39: 0 | H39: 0 | I39: 0 | J39: 0 | K39: 0 | L39: 2 | M39: 0 | N39: 0 | O39: 0 | P39: 0 | Q39: 0 | R39: 0 | S39: 1 | T39: 0 | U39: 0 | V39: 0 | W39: 0 | X39: 0 | Y39: 0 | Z39: =SUM(E39:Y39) -> 3
D40: PR | E40: 0 | F40: 1 | G40: 0 | H40: 0 | I40: 0 | J40: 0 | K40: 2 | L40: 1 | M40: 0 | N40: 1 | O40: 0 | P40: 0 | Q40: 0 | R40: 0 | S40: 0 | T40: 0 | U40: 0 | V40: 0 | W40: 0 | X40: 1 | Y40: 0 | Z40: =SUM(E40:Y40) -> 6
D41: JML | E41: =SUM(E39:E40) -> 0 | F41: =SUM(F39:F40) -> 1 | G41: =SUM(G39:G40) -> 0 | H41: =SUM(H39:H40) -> 0 | I41: =SUM(I39:I40) -> 0 | J41: =SUM(J39:J40) -> 0 | K41: =SUM(K39:K40) -> 2 | L41: =SUM(L39:L40) -> 3 | ... Y41: =SUM(Y39:Y40) -> 0 | Z41: =SUM(E41:Y41) -> 9
A43: IV | B43: DATA RINCIAN PEROLEHAN SUARA PASANGAN CALON BUPATI DAN WAKIL BUPATI
A44: NOMOR DAN NAMA CALON
A45: A.1 | B45: 1. | C45: Partai Kebangkitan Bangsa | E45: 3 | F45: 9 | G45: 10 | H45: 4 | I45: 5 | J45: 10 | K45: 4 | L45: 5 | M45: 3 | N45: 9 | O45: 3 | P45: 8 | Q45: 4 | R45: 4 | S45: 3 | T45: 17 | U45: 0 | V45: 7 | W45: 12 | X45: 10 | Y45: 5 | Z45: =SUM(E45:Y45) -> 135
A46: A.2 | C46: 1. ARVY RIZALDY, S.E. | E46: 22 | F46: 54 | G46: 59 | H46: 27 | I46: 16 | J46: 30 | K46: 41 | L46: 40 | M46: 25 | N46: 45 | O46: 19 | P46: 23 | Q46: 22 | R46: 9 | S46: 16 | T46: 64 | U46: 112 | V46: 61 | W46: 47 | X46: 73 | Y46: 84 | Z46: =SUM(E46:Y46) -> 889
C47: 2. HILMI MUSTOFA | E47: 2 | F47: 0 | G47: 0 | H47: 0 | I47: 1 | J47: 0 | K47: 0 | L47: 1 | M47: 0 | N47: 4 | O47: 0 | P47: 1 | Q47: 1 | R47: 0 | S47: 0 | T47: 2 | U47: 0 | V47: 0 | W47: 0 | X47: 2 | Y47: 0 | Z47: =SUM(E47:Y47) -> 14
C48: 3. RUSDIANAH, A.Ma.Pd | E48: 4 | F48: 1 | G48: 12 | H48: 5 | I48: 3 | J48: 3 | K48: 5 | L48: 4 | M48: 14 | N48: 0 | O48: 0 | P48: 3 | Q48: 3 | R48: 0 | S48: 15 | T48: 3 | U48: 6 | V48: 2 | W48: 0 | X48: 3 | Y48: 0 | Z48: =SUM(E48:Y48) -> 86
C49: 4. USMAN YUSUF | E49: 0 | F49: 0 | G49: 0 | H49: 0 | I49: 0 | J49: 0 | K49: 0 | L49: 1 | M49: 1 | N49: 3 | O49: 0 | P49: 0 | Q49: 0 | R49: 0 | S49: 0 | T49: 5 | U49: 0 | V49: 0 | W49: 2 | X49: 0 | Y49: 2 | Z49: =SUM(E49:Y49) -> 14
C50: 5. SA`ADAH | E50: 0 | F50: 0 | G50: 0 | H50: 0 | I50: 0 | J50: 0 | K50: 0 | L50: 0 | M50: 0 | N50: 1 | O50: 0 | P50: 0 | Q50: 0 | R50: 0 | S50: 0 | T50: 0 | U50: 0 | V50: 0 | W50: 0 | X50: 0 | Y50: 0 | Z50: =SUM(E50:Y50) -> 1
C51: 6. FARIHA HASANATUL AMALIA | E51: 0 | F51: 0 | G51: 0 | H51: 0 | I51: 1 | J51: 0 | K51: 0 | L51: 0 | M51: 0 | N51: 0 | O51: 0 | P51: 0 | Q51: 0 | R51: 1 | S51: 0 | T51: 0 | U51: 0 | V51: 2 | W51: 0 | X51: 0 | Y51: 0 | Z51: =SUM(E51:Y51) -> 4
A52: B | B52: JUMLAH SUARA SAH PARTAI POLITIK DAN CALON (A1 + A2) | E52: =SUM(E45:E51) -> 31 | F52: =SUM(F45:F51) -> 64 | G52: =SUM(G45:G51) -> 81 | H52: =SUM(H45:H51) -> 36 | I52: =SUM(I45:I51) -> 26 | J52: =SUM(J45:J51) -> 43 | K52: =SUM(K45:K51) -> 50 | L52: =SUM(L45:L51) -> 51 | ... Y52: =SUM(Y45:Y51) -> 91 | Z52: =SUM(E52:Y52) -> 1143
Z53: =SUM(E53:Y53) -> 0
A54: A.1 | B54: 2. | C54: Partai Gerakan Indonesia Raya | E54: 4 | F54: 6 | G54: 6 | H54: 9 | I54: 1 | J54: 7 | K54: 5 | L54: 1 | M54: 4 | N54: 1 | O54: 2 | P54: 3 | Q54: 11 | R54: 5 | S54: 3 | T54: 3 | U54: 1 | V54: 5 | W54: 4 | X54: 4 | Y54: 2 | Z54: =SUM(E54:Y54) -> 87
A55: A.2 | C55: 1. SUPARMAN EDY H. | E55: 1 | F55: 5 | G55: 1 | H55: 1 | I55: 1 | J55: 2 | K55: 4 | L55: 3 | M55: 0 | N55: 2 | O55: 3 | P55: 9 | Q55: 1 | R55: 2 | S55: 1 | T55: 1 | U55: 0 | V55: 1 | W55: 1 | X55: 2 | Y55: 2 | Z55: =SUM(E55:Y55) -> 43
C56: 2. NASIKHUN AMIN | E56: 2 | F56: 0 | G56: 0 | H56: 0 | I56: 1 | J56: 0 | K56: 1 | L56: 0 | M56: 1 | N56: 0 | O56: 0 | P56: 3 | Q56: 0 | R56: 1 | S56: 0 | T56: 0 | U56: 1 | V56: 1 | W56: 1 | X56: 0 | Y56: 0 | Z56: =SUM(E56:Y56) -> 12
C57: 3. ENY SETIAWATI, S.H | E57: 0 | F57: 1 | G57: 0 | H57: 0 | I57: 0 | J57: 0 | K57: 0 | L57: 0 | M57: 0 | N57: 0 | O57: 0 | P57: 1 | Q57: 0 | R57: 0 | S57: 0 | T57: 0 | U57: 0 | V57: 0 | W57: 0 | X57: 0 | Y57: 1 | Z57: =SUM(E57:Y57) -> 3
C58: 4. H. ABDUL QODIR, S.H., M.H. | E58: 9 | F58: 7 | G58: 12 | H58: 28 | I58: 5 | J58: 15 | K58: 6 | L58: 8 | M58: 39 | N58: 7 | O58: 8 | P58: 7 | Q58: 34 | R58: 18 | S58: 26 | T58: 6 | U58: 0 | V58: 11 | W58: 0 | X58: 0 | Y58: 5 | Z58: =SUM(E58:Y58) -> 251
C59: 5. FATMAWATI, S.E. | E59: 0 | F59: 0 | G59: 0 | H59: 0 | I59: 0 | J59: 0 | K59: 0 | L59: 0 | M59: 0 | N59: 0 | O59: 1 | P59: 0 | Q59: 1 | R59: 0 | S59: 0 | T59: 0 | U59: 1 | V59: 1 | W59: 0 | X59: 0 | Y59: 0 | Z59: =SUM(E59:Y59) -> 4
C60: 6. NANANG NUR AHMADI | E60: 5 | F60: 1 | G60: 2 | H60: 1 | I60: 1 | J60: 4 | K60: 0 | L60: 2 | M60: 2 | N60: 0 | O60: 0 | P60: 0 | Q60: 8 | R60: 2 | S60: 4 | T60: 2 | U60: 0 | V60: 1 | W60: 0 | X60: 0 | Y60: 0 | Z60: =SUM(E60:Y60) -> 35
A61: B | B61: JUMLAH SUARA SAH PARTAI POLITIK DAN CALON (A1 + A2) | E61: =SUM(E54:E60) -> 21 | F61: =SUM(F54:F60) -> 20 | G61: =SUM(G54:G60) -> 21 | H61: =SUM(H54:H60) -> 39 | I61: =SUM(I54:I60) -> 9 | J61: =SUM(J54:J60) -> 28 | K61: =SUM(K54:K60) -> 16 | L61: =SUM(L54:L60) -> 14 | ... Y61: =SUM(Y54:Y60) -> 10 | Z61: =SUM(E61:Y61) -> 435
Z62: =SUM(E62:Y62) -> 0
A63: A.1 | B63: 3. | C63: Partai Demokrasi Indonesia Perjuangan | E63: 10 | F63: 3 | G63: 2 | H63: 4 | I63: 9 | J63: 6 | K63: 3 | L63: 7 | M63: 2 | N63: 0 | O63: 5 | P63: 4 | Q63: 1 | R63: 4 | S63: 4 | T63: 2 | U63: 0 | V63: 2 | W63: 3 | X63: 0 | Y63: 1 | Z63: =SUM(E63:Y63) -> 72
A64: A.2 | C64: 1. WAGIANTO | E64: 2 | F64: 5 | G64: 21 | H64: 14 | I64: 42 | J64: 9 | K64: 5 | L64: 8 | M64: 3 | N64: 4 | O64: 1 | P64: 1 | Q64: 8 | R64: 2 | S64: 1 | T64: 16 | U64: 1 | V64: 5 | W64: 1 | X64: 1 | Y64: 0 | Z64: =SUM(E64:Y64) -> 150
C65: 2. ERIK TRISDIANTANA | E65: 2 | F65: 0 | G65: 0 | H65: 1 | I65: 0 | J65: 2 | K65: 2 | L65: 0 | M65: 1 | N65: 1 | O65: 3 | P65: 0 | Q65: 0 | R65: 0 | S65: 1 | T65: 1 | U65: 0 | V65: 0 | W65: 0 | X65: 0 | Y65: 0 | Z65: =SUM(E65:Y65) -> 14
C66: 3. NI GALUH PARWATI | E66: 40 | F66: 25 | G66: 30 | H66: 23 | I66: 13 | J66: 14 | K66: 16 | L66: 14 | M66: 4 | N66: 1 | O66: 3 | P66: 6 | Q66: 8 | R66: 3 | S66: 23 | T66: 1 | U66: 2 | V66: 4 | W66: 4 | X66: 0 | Y66: 1 | Z66: =SUM(E66:Y66) -> 235
C67: 4. DZULFIKAR REZKY | E67: 2 | F67: 1 | G67: 0 | H67: 0 | I67: 0 | J67: 0 | K67: 0 | L67: 10 | M67: 0 | N67: 1 | O67: 0 | P67: 4 | Q67: 1 | R67: 0 | S67: 0 | T67: 0 | U67: 0 | V67: 0 | W67: 0 | X67: 0 | Y67: 0 | Z67: =SUM(E67:Y67) -> 19
C68: 5. AMALIYAH | E68: 1 | F68: 0 | G68: 0 | H68: 1 | I68: 0 | J68: 1 | K68: 0 | L68: 1 | M68: 0 | N68: 0 | O68: 0 | P68: 0 | Q68: 0 | R68: 0 | S68: 0 | T68: 1 | U68: 0 | V68: 2 | W68: 0 | X68: 0 | Y68: 0 | Z68: =SUM(E68:Y68) -> 7
C69: 6. PUTRI PARAMITA CIPTASARI | E69: 10 | F69: 3 | G69: 1 | H69: 0 | I69: 2 | J69: 3 | K69: 1 | L69: 2 | M69: 1 | N69: 2 | O69: 0 | P69: 0 | Q69: 3 | R69: 0 | S69: 1 | T69: 0 | U69: 0 | V69: 0 | W69: 0 | X69: 0 | Y69: 0 | Z69: =SUM(E69:Y69) -> 29
A70: B | B70: JUMLAH SUARA SAH PARTAI POLITIK DAN CALON (A1 + A2) | E70: =SUM(E63:E69) -> 67 | F70: =SUM(F63:F69) -> 37 | G70: =SUM(G63:G69) -> 54 | H70: =SUM(H63:H69) -> 43 | I70: =SUM(I63:I69) -> 66 | J70: =SUM(J63:J69) -> 35 | K70: =SUM(K63:K69) -> 27 | L70: =SUM(L63:L69) -> 42 | ... Y70: =SUM(Y63:Y69) -> 2 | Z70: =SUM(E70:Y70) -> 526
Z71: =SUM(E71:Y71) -> 0
A72: A.1 | B72: 4. | C72: Partai Golongan Karya | E72: 6 | F72: 7 | G72: 2 | H72: 3 | I72: 2 | J72: 3 | K72: 5 | L72: 7 | M72: 3 | N72: 2 | O72: 8 | P72: 6 | Q72: 4 | R72: 3 | S72: 4 | T72: 6 | U72: 1 | V72: 2 | W72: 6 | X72: 7 | Y72: 0 | Z72: =SUM(E72:Y72) -> 87
A73: A.2 | C73: 1. MARIFATUL KAMILA, S.H. | E73: 8 | F73: 16 | G73: 9 | H73: 8 | I73: 12 | J73: 17 | K73: 17 | L73: 11 | M73: 19 | N73: 19 | O73: 35 | P73: 44 | Q73: 15 | R73: 28 | S73: 27 | T73: 14 | U73: 13 | V73: 10 | W73: 43 | X73: 38 | Y73: 0 | Z73: =SUM(E73:Y73) -> 403
C74: 2. KUSWORO, S.Pd. | E74: 0 | F74: 0 | G74: 0 | H74: 0 | I74: 0 | J74: 1 | K74: 0 | L74: 0 | M74: 0 | N74: 1 | O74: 1 | P74: 1 | Q74: 0 | R74: 0 | S74: 0 | T74: 0 | U74: 0 | V74: 0 | W74: 0 | X74: 0 | Y74: 0 | Z74: =SUM(E74:Y74) -> 4
C75: 3. DIDIK SANTOSO, S.Pd. | E75: 0 | F75: 0 | G75: 0 | H75: 0 | I75: 0 | J75: 1 | K75: 0 | L75: 1 | M75: 0 | N75: 0 | O75: 0 | P75: 0 | Q75: 0 | R75: 0 | S75: 0 | T75: 0 | U75: 0 | V75: 0 | W75: 0 | X75: 0 | Y75: 0 | Z75: =SUM(E75:Y75) -> 2
C76: 4. ASYIQ RAHMATULLAH, H | E76: 1 | F76: 1 | G76: 0 | H76: 1 | I76: 0 | J76: 0 | K76: 2 | L76: 0 | M76: 0 | N76: 0 | O76: 0 | P76: 0 | Q76: 0 | R76: 0 | S76: 0 | T76: 0 | U76: 0 | V76: 0 | W76: 0 | X76: 0 | Y76: 0 | Z76: =SUM(E76:Y76) -> 5
C77: 5. ARI PANGESTI | E77: 0 | F77: 0 | G77: 0 | H77: 1 | I77: 1 | J77: 1 | K77: 1 | L77: 0 | M77: 0 | N77: 0 | O77: 0 | P77: 0 | Q77: 1 | R77: 0 | S77: 0 | T77: 0 | U77: 0 | V77: 0 | W77: 0 | X77: 0 | Y77: 0 | Z77: =SUM(E77:Y77) -> 5
C78: 6. H. HANDOKO, S.E. | E78: 26 | F78: 7 | G78: 23 | H78: 9 | I78: 19 | J78: 28 | K78: 6 | L78: 32 | M78: 40 | N78: 35 | O78: 3 | P78: 7 | Q78: 20 | R78: 10 | S78: 6 | T78: 7 | U78: 3 | V78: 8 | W78: 4 | X78: 0 | Y78: 1 | Z78: =SUM(E78:Y78) -> 294
A79: B | B79: JUMLAH SUARA SAH PARTAI POLITIK DAN CALON (A1 + A2) | E79: =SUM(E72:E78) -> 41 | F79: =SUM(F72:F78) -> 31 | G79: =SUM(G72:G78) -> 34 | H79: =SUM(H72:H78) -> 22 | I79: =SUM(I72:I78) -> 34 | J79: =SUM(J72:J78) -> 51 | K79: =SUM(K72:K78) -> 31 | L79: =SUM(L72:L78) -> 51 | ... Y79: =SUM(Y72:Y78) -> 1 | Z79: =SUM(E79:Y79) -> 800
Z80: =SUM(E80:Y80) -> 0
A81: A.1 | B81: 5. | C81: Partai NasDem | E81: 0 | F81: 1 | G81: 0 | H81: 1 | I81: 1 | J81: 2 | K81: 2 | L81: 0 | M81: 0 | N81: 0 | O81: 1 | P81: 0 | Q81: 0 | R81: 0 | S81: 0 | T81: 0 | U81: 1 | V81: 0 | W81: 0 | X81: 0 | Y81: 0 | Z81: =SUM(E81:Y81) -> 9
A82: A.2 | C82: 1. H. EDI PURNOMO | E82: 0 | F82: 0 | G82: 0 | H82: 0 | I82: 0 | J82: 0 | K82: 1 | L82: 0 | M82: 0 | N82: 0 | O82: 0 | P82: 0 | Q82: 0 | R82: 1 | S82: 1 | T82: 0 | U82: 2 | V82: 0 | W82: 1 | X82: 1 | Y82: 0 | Z82: =SUM(E82:Y82) -> 7
C83: 2. I GEDE SUDRO WICANO | E83: 0 | F83: 3 | G83: 6 | H83: 40 | I83: 21 | J83: 3 | K83: 17 | L83: 1 | M83: 9 | N83: 0 | O83: 9 | P83: 4 | Q83: 18 | R83: 15 | S83: 0 | T83: 10 | U83: 32 | V83: 44 | W83: 5 | X83: 9 | Y83: 7 | Z83: =SUM(E83:Y83) -> 253
C84: 3. TRI MARVILA SUKMANA, S.H. | E84: 0 | F84: 5 | G84: 1 | H84: 1 | I84: 0 | J84: 0 | K84: 1 | L84: 0 | M84: 0 | N84: 1 | O84: 0 | P84: 1 | Q84: 0 | R84: 0 | S84: 0 | T84: 0 | U84: 0 | V84: 0 | W84: 0 | X84: 0 | Y84: 0 | Z84: =SUM(E84:Y84) -> 10
C85: 4. ISLAMIYAH LESTARI | E85: 0 | F85: 0 | G85: 0 | H85: 0 | I85: 0 | J85: 0 | K85: 0 | L85: 0 | M85: 0 | N85: 0 | O85: 0 | P85: 0 | Q85: 0 | R85: 0 | S85: 0 | T85: 0 | U85: 0 | V85: 0 | W85: 0 | X85: 0 | Y85: 0 | Z85: =SUM(E85:Y85) -> 0
C86: 5. LUTFI WAHYUDI | E86: 0 | F86: 0 | G86: 0 | H86: 0 | I86: 0 | J86: 0 | K86: 0 | L86: 0 | M86: 0 | N86: 0 | O86: 0 | P86: 0 | Q86: 0 | R86: 0 | S86: 0 | T86: 0 | U86: 0 | V86: 0 | W86: 0 | X86: 0 | Y86: 0 | Z86: =SUM(E86:Y86) -> 0
C87: 6. AGUS MAIDO | E87: 0 | F87: 0 | G87: 0 | H87: 0 | I87: 0 | J87: 0 | K87: 0 | L87: 0 | M87: 0 | N87: 0 | O87: 0 | P87: 0 | Q87: 0 | R87: 0 | S87: 0 | T87: 0 | U87: 0 | V87: 0 | W87: 0 | X87: 0 | Y87: 0 | Z87: =SUM(E87:Y87) -> 0
A88: B | B88: JUMLAH SUARA SAH PARTAI POLITIK DAN CALON (A1 + A2) | E88: =SUM(E81:E87) -> 0 | F88: =SUM(F81:F87) -> 9 | G88: =SUM(G81:G87) -> 7 | H88: =SUM(H81:H87) -> 42 | I88: =SUM(I81:I87) -> 22 | J88: =SUM(J81:J87) -> 5 | K88: =SUM(K81:K87) -> 21 | L88: =SUM(L81:L87) -> 1 | ... Y88: =SUM(Y81:Y87) -> 7 | Z88: =SUM(E88:Y88) -> 279
Z89: =SUM(E89:Y89) -> 0
A90: A.1 | B90: 6. | C90: Partai Buruh | E90: 2 | F90: 1 | G90: 0 | H90: 0 | I90: 1 | J90: 1 | K90: 0 | L90: 1 | M90: 0 | N90: 0 | O90: 0 | P90: 0 | Q90: 1 | R90: 0 | S90: 1 | T90: 0 | U90: 0 | V90: 0 | W90: 0 | X90: 0 | Y90: 0 | Z90: =SUM(E90:Y90) -> 8
A91: A.2 | C91: 1. ERWIN SANTOSO | E91: 0 | F91: 0 | G91: 0 | H91: 0 | I91: 0 | J91: 1 | K91: 0 | L91: 0 | M91: 0 | N91: 0 | O91: 0 | P91: 0 | Q91: 0 | R91: 0 | S91: 0 | T91: 1 | U91: 0 | V91: 0 | W91: 0 | X91: 0 | Y91: 1 | Z91: =SUM(E91:Y91) -> 3
A92: B | B92: JUMLAH SUARA SAH PARTAI POLITIK DAN CALON (A1 + A2) | E92: =SUM(E90:E91) -> 2 | F92: =SUM(F90:F91) -> 1 | G92: =SUM(G90:G91) -> 0 | H92: =SUM(H90:H91) -> 0 | I92: =SUM(I90:I91) -> 1 | J92: =SUM(J90:J91) -> 2 | K92: =SUM(K90:K91) -> 0 | L92: =SUM(L90:L91) -> 1 | ... Y92: =SUM(Y90:Y91) -> 1 | Z92: =SUM(E92:Y92) -> 11
Z93: =SUM(E93:Y93) -> 0
A94: A.1 | B94: 7. | C94: Partai Gelombang Rakyat Indonesia | E94: 1 | F94: 0 | G94: 0 | H94: 0 | I94: 2 | J94: 1 | K94: 0 | L94: 0 | M94: 1 | N94: 0 | O94: 1 | P94: 0 | Q94: 1 | R94: 0 | S94: 1 | T94: 0 | U94: 0 | V94: 1 | W94: 0 | X94: 1 | Y94: 0 | Z94: =SUM(E94:Y94) -> 10
A95: A.2 | C95: 1. SUTRISNO | E95: 0 | F95: 0 | G95: 0 | H95: 1 | I95: 0 | J95: 0 | K95: 0 | L95: 0 | M95: 0 | N95: 1 | O95: 0 | P95: 0 | Q95: 0 | R95: 0 | S95: 0 | T95: 1 | U95: 1 | V95: 0 | W95: 0 | X95: 0 | Y95: 0 | Z95: =SUM(E95:Y95) -> 4
C96: 2. MOH. ANNAS | E96: 0 | F96: 0 | G96: 0 | H96: 0 | I96: 0 | J96: 0 | K96: 0 | L96: 0 | M96: 0 | N96: 0 | O96: 0 | P96: 0 | Q96: 0 | R96: 0 | S96: 0 | T96: 0 | U96: 0 | V96: 0 | W96: 0 | X96: 0 | Y96: 0 | Z96: =SUM(E96:Y96) -> 0
C97: 3. NI MADE AYU PUNIARSI | E97: 0 | F97: 0 | G97: 0 | H97: 0 | I97: 0 | J97: 0 | K97: 0 | L97: 0 | M97: 0 | N97: 0 | O97: 0 | P97: 0 | Q97: 0 | R97: 0 | S97: 0 | T97: 0 | U97: 0 | V97: 0 | W97: 0 | X97: 0 | Y97: 1 | Z97: =SUM(E97:Y97) -> 1
C98: 4. HENDRA KURNIAWAN | E98: 0 | F98: 0 | G98: 0 | H98: 0 | I98: 0 | J98: 0 | K98: 0 | L98: 0 | M98: 0 | N98: 0 | O98: 0 | P98: 0 | Q98: 0 | R98: 0 | S98: 0 | T98: 0 | U98: 0 | V98: 0 | W98: 0 | X98: 0 | Y98: 0 | Z98: =SUM(E98:Y98) -> 0
C99: 5. DEASY GITTA PERWITASARI | E99: 0 | F99: 0 | G99: 0 | H99: 0 | I99: 0 | J99: 0 | K99: 0 | L99: 0 | M99: 0 | N99: 0 | O99: 0 | P99: 0 | Q99: 0 | R99: 0 | S99: 0 | T99: 0 | U99: 0 | V99: 0 | W99: 0 | X99: 0 | Y99: 0 | Z99: =SUM(E99:Y99) -> 0
C100: 6. SUPRAPTO | E100: 0 | F100: 0 | G100: 0 | H100: 0 | I100: 0 | J100: 0 | K100: 0 | L100: 0 | M100: 0 | N100: 0 | O100: 0 | P100: 0 | Q100: 0 | R100: 0 | S100: 0 | T100: 0 | U100: 0 | V100: 0 | W100: 0 | X100: 0 | Y100: 0 | Z100: =SUM(E100:Y100) -> 0
A101: B | B101: JUMLAH SUARA SAH PARTAI POLITIK DAN CALON (A1 + A2) | E101: =SUM(E94:E100) -> 1 | F101: =SUM(F94:F100) -> 0 | G101: =SUM(G94:G100) -> 0 | H101: =SUM(H94:H100) -> 1 | I101: =SUM(I94:I100) -> 2 | J101: =SUM(J94:J100) -> 1 | K101: =SUM(K94:K100) -> 0 | L101: =SUM(L94:L100) -> 0 | ... Y101: =SUM(Y94:Y100) -> 1 | Z101: =SUM(E101:Y101) -> 15
Z102: =SUM(E102:Y102) -> 0
A103: A.1 | B103: 8. | C103: Partai Keadilan Sejahtera | E103: 1 | F103: 2 | G103: 0 | H103: 2 | I103: 0 | J103: 0 | K103: 0 | L103: 1 | M103: 0 | N103: 1 | O103: 0 | P103: 0 | Q103: 1 | R103: 0 | S103: 0 | T103: 0 | U103: 0 | V103: 0 | W103: 0 | X103: 0 | Y103: 0 | Z103: =SUM(E103:Y103) -> 8
A104: A.2 | C104: 1. ARIEF WAHYUDI DJ, S.T. | E104: 1 | F104: 4 | G104: 0 | H104: 0 | I104: 0 | J104: 0 | K104: 0 | L104: 2 | M104: 0 | N104: 0 | O104: 0 | P104: 0 | Q104: 0 | R104: 0 | S104: 0 | T104: 1 | U104: 0 | V104: 0 | W104: 0 | X104: 0 | Y104: 0 | Z104: =SUM(E104:Y104) -> 8
C105: 2. SUMAJI | E105: 0 | F105: 0 | G105: 0 | H105: 0 | I105: 0 | J105: 0 | K105: 0 | L105: 0 | M105: 0 | N105: 0 | O105: 0 | P105: 0 | Q105: 0 | R105: 0 | S105: 0 | T105: 0 | U105: 0 | V105: 0 | W105: 0 | X105: 0 | Y105: 0 | Z105: =SUM(E105:Y105) -> 0
C106: 3. LILIK MARIYANA, S.Pd. | E106: 0 | F106: 0 | G106: 0 | H106: 0 | I106: 0 | J106: 0 | K106: 0 | L106: 1 | M106: 0 | N106: 0 | O106: 0 | P106: 0 | Q106: 0 | R106: 0 | S106: 0 | T106: 0 | U106: 0 | V106: 0 | W106: 0 | X106: 0 | Y106: 0 | Z106: =SUM(E106:Y106) -> 1
C107: 4. M. HARUN | E107: 0 | F107: 0 | G107: 0 | H107: 0 | I107: 0 | J107: 0 | K107: 0 | L107: 0 | M107: 0 | N107: 0 | O107: 0 | P107: 0 | Q107: 0 | R107: 1 | S107: 0 | T107: 0 | U107: 0 | V107: 0 | W107: 0 | X107: 0 | Y107: 0 | Z107: =SUM(E107:Y107) -> 1
C108: 5. SHOLIHIN, S.P. | E108: 0 | F108: 0 | G108: 0 | H108: 0 | I108: 0 | J108: 0 | K108: 0 | L108: 0 | M108: 0 | N108: 0 | O108: 0 | P108: 0 | Q108: 0 | R108: 0 | S108: 0 | T108: 0 | U108: 0 | V108: 0 | W108: 0 | X108: 0 | Y108: 0 | Z108: =SUM(E108:Y108) -> 0
C109: 6. HANIFATUL IMTITSAL, S.K.M. | E109: 0 | F109: 0 | G109: 0 | H109: 0 | I109: 0 | J109: 0 | K109: 0 | L109: 0 | M109: 0 | N109: 0 | O109: 0 | P109: 0 | Q109: 0 | R109: 0 | S109: 0 | T109: 0 | U109: 0 | V109: 0 | W109: 0 | X109: 0 | Y109: 0 | Z109: =SUM(E109:Y109) -> 0
A110: B | B110: JUMLAH SUARA SAH PARTAI POLITIK DAN CALON (A1 + A2) | E110: =SUM(E103:E109) -> 2 | F110: =SUM(F103:F109) -> 6 | G110: =SUM(G103:G109) -> 0 | H110: =SUM(H103:H109) -> 2 | I110: =SUM(I103:I109) -> 0 | J110: =SUM(J103:J109) -> 0 | K110: =SUM(K103:K109) -> 0 | L110: =SUM(L103:L109) -> 4 | ... Y110: =SUM(Y103:Y109) -> 0 | Z110: =SUM(E110:Y110) -> 18
Z111: =SUM(E111:Y111) -> 0
...

Sheet KALIGUNG
C2: Kecamatan | D2: BLIMBINGSARI
C3: Kabupaten | D3: BANYUWANGI
C4: Provinsi | D4: JAWA TIMUR
C9: Kelurahan | D9: KALIGUNG
A12: I | B12: DATA PEMILIH DAN PENGGUNAAN HAK PILIH | R12: JUMLAH AKHIR
A13: A | B13: DATA PEMILIH | E13: TPS 001 | F13: TPS 002 | G13: TPS 003 | H13: TPS 004 | I13: TPS 005 | J13: TPS 006 | K13: TPS 007 | L13: TPS 008 | M13: TPS 009 | N13: TPS 010 | O13: TPS 011 | P13: TPS 901 | Q13: TPS 902
B14: Jumlah Pemilih dalam Daftar Pemilih Tetap (DPT) | D14: LK | E14: 116 | F14: 123 | G14: 135 | H14: 136 | I14: 146 | J14: 140 | K14: 127 | L14: 122 | M14: 134 | N14: 143 | O14: 140 | P14: 267 | Q14: 223 | R14: =SUM(E14:Q14) -> 1952
D15: PR | E15: 119 | F15: 131 | G15: 117 | H15: 138 | I15: 149 | J15: 135 | K15: 123 | L15: 140 | M15: 148 | N15: 139 | O15: 137 | P15: 0 | Q15: 0 | R15: =SUM(E15:Q15) -> 1476
D16: JML | E16: =SUM(E14:E15) -> 235 | F16: =SUM(F14:F15) -> 254 | G16: =SUM(G14:G15) -> 252 | H16: =SUM(H14:H15) -> 274 | I16: =SUM(I14:I15) -> 295 | J16: =SUM(J14:J15) -> 275 | K16: =SUM(K14:K15) -> 250 | L16: =SUM(L14:L15) -> 262 | ... Q16: =SUM(Q14:Q15) -> 223 | R16: =SUM(E16:Q16) -> 3428
A18: B | B18: PENGGUNA HAK PILIH
B19: 1. | C19: Jumlah pengguna hak pilih dalam Daftar Pemilih Tetap (DPT) | D19: LK | E19: 83 | F19: 81 | G19: 95 | H19: 103 | I19: 116 | J19: 101 | K19: 85 | L19: 89 | M19: 97 | N19: 113 | O19: 104 | P19: 1 | Q19: 0 | R19: =SUM(E19:Q19) -> 1068
D20: PR | E20: 91 | F20: 108 | G20: 95 | H20: 115 | I20: 128 | J20: 114 | K20: 100 | L20: 115 | M20: 128 | N20: 104 | O20: 105 | P20: 0 | Q20: 0 | R20: =SUM(E20:Q20) -> 1203
D21: JML | E21: =SUM(E19:E20) -> 174 | F21: =SUM(F19:F20) -> 189 | G21: =SUM(G19:G20) -> 190 | H21: =SUM(H19:H20) -> 218 | I21: =SUM(I19:I20) -> 244 | J21: =SUM(J19:J20) -> 215 | K21: =SUM(K19:K20) -> 185 | L21: =SUM(L19:L20) -> 204 | ... Q21: =SUM(Q19:Q20) -> 0 | R21: =SUM(E21:Q21) -> 2271
B22: 2. | C22: Jumlah pengguna hak pilih dalam Daftar Pemilih Tambahan (DPTb) | D22: LK | R22: =SUM(E22:Q22) -> 0
D23: PR | R23: =SUM(E23:Q23) -> 0
D24: JML | E24: =SUM(E22:E23) -> 0 | F24: =SUM(F22:F23) -> 0 | G24: =SUM(G22:G23) -> 0 | H24: =SUM(H22:H23) -> 0 | I24: =SUM(I22:I23) -> 0 | J24: =SUM(J22:J23) -> 0 | K24: =SUM(K22:K23) -> 0 | L24: =SUM(L22:L23) -> 0 | ... Q24: =SUM(Q22:Q23) -> 0 | R24: =SUM(E24:Q24) -> 0
B25: 3. | C25: Jumlah pengguna hak pilih dalam Daftar Pemilih Khusus (DPK) | D25: LK | E25: 0 | F25: 0 | G25: 1 | H25: 0 | I25: 0 | J25: 0 | K25: 0 | L25: 0 | M25: 0 | N25: 0 | O25: 1 | P25: 0 | Q25: 0 | R25: =SUM(E25:Q25) -> 2
D26: PR | E26: 1 | F26: 0 | G26: 3 | H26: 0 | I26: 0 | J26: 0 | K26: 0 | L26: 2 | M26: 0 | N26: 0 | O26: 2 | P26: 0 | Q26: 0 | R26: =SUM(E26:Q26) -> 8
D27: JML | E27: =SUM(E25:E26) -> 1 | F27: =SUM(F25:F26) -> 0 | G27: =SUM(G25:G26) -> 4 | H27: =SUM(H25:H26) -> 0 | I27: =SUM(I25:I26) -> 0 | J27: =SUM(J25:J26) -> 0 | K27: =SUM(K25:K26) -> 0 | L27: =SUM(L25:L26) -> 2 | ... Q27: =SUM(Q25:Q26) -> 0 | R27: =SUM(E27:Q27) -> 10
B28: 4. | C28: Jumlah Pengguna Hak Pilih (B.1+B.2+B.3) | D28: LK | E28: =E19+E22+E25 -> 83 | F28: =F19+F22+F25 -> 81 | G28: =G19+G22+G25 -> 96 | H28: =H19+H22+H25 -> 103 | I28: =I19+I22+I25 -> 116 | J28: =J19+J22+J25 -> 101 | K28: =K19+K22+K25 -> 85 | L28: =L19+L22+L25 -> 89 | ... Q28: =Q19+Q22+Q25 -> 0 | R28: =SUM(E28:Q28) -> 1070
D29: PR | E29: =E20+E23+E26 -> 92 | F29: =F20+F23+F26 -> 108 | G29: =G20+G23+G26 -> 98 | H29: =H20+H23+H26 -> 115 | I29: =I20+I23+I26 -> 128 | J29: =J20+J23+J26 -> 114 | K29: =K20+K23+K26 -> 100 | L29: =L20+L23+L26 -> 117 | ... Q29: =Q20+Q23+Q26 -> 0 | R29: =SUM(E29:Q29) -> 1211
D30: JML | E30: =SUM(E28:E29) -> 175 | F30: =SUM(F28:F29) -> 189 | G30: =SUM(G28:G29) -> 194 | H30: =SUM(H28:H29) -> 218 | I30: =SUM(I28:I29) -> 244 | J30: =SUM(J28:J29) -> 215 | K30: =SUM(K28:K29) -> 185 | L30: =SUM(L28:L29) -> 206 | ... Q30: =SUM(Q28:Q29) -> 0 | R30: =SUM(E30:Q30) -> 2281
A32: II | B32: DATA PENGGUNAAN SURAT SUARA
A33: 1 | B33: Jumlah surat suara yang diterima, termasuk surat suara cadangan 2,5% dari DPT | E33: 240 | F33: 260 | G33: 258 | H33: 280 | I33: 301 | J33: 281 | K33: 255 | L33: 268 | M33: 288 | N33: 288 | O33: 283 | P33: 273 | Q33: 229 | R33: =SUM(E33:Q33) -> 3504
A34: 2 | B34: Jumlah surat suara yang digunakan | E34: 175 | F34: 189 | G34: 194 | H34: 218 | I34: 244 | J34: 215 | K34: 185 | L34: 206 | M34: 225 | N34: 217 | O34: 212 | P34: 1 | Q34: 0 | R34: =SUM(E34:Q34) -> 2281
A35: 3 | B35: Jumlah surat suara dikembalikan oleh pemilih (karena rusak atau keliru coblos) | E35: 1 | F35: 2 | G35: 1 | H35: 0 | I35: 0 | J35: 0 | K35: 0 | L35: 0 | M35: 0 | N35: 3 | O35: 1 | P35: 0 | Q35: 0 | R35: =SUM(E35:Q35) -> 8
A36: 4 | B36: Jumlah surat suara yang tidak digunakan/tidak terpakai, termasuk sisa surat suara cadangan | E36: =E33-(E34+E35) -> 64 | F36: =F33-(F34+F35) -> 69 | G36: =G33-(G34+G35) -> 63 | H36: =H33-(H34+H35) -> 62 | I36: =I33-(I34+I35) -> 57 | J36: =J33-(J34+J35) -> 66 | K36: =K33-(K34+K35) -> 70 | L36: =L33-(L34+L35) -> 62 | ... Q36: =Q33-(Q34+Q35) -> 229 | R36: =SUM(E36:Q36) -> 1215
A38: III | B38: DATA PEMILIH DISABILITAS
B39: Jumlah seluruh Pemilih disabilitas yang menggunakan hak pilih | D39: LK | E39: 0 | F39: 0 | G39: 0 | H39: 0 | I39: 3 | J39: 0 | K39: 0 | L39: 0 | M39: 0 | N39: 0 | O39: 0 | P39: 0 | Q39: 0 | R39: =SUM(E39:Q39) -> 3
D40: PR | E40: 0 | F40: 0 | G40: 0 | H40: 0 | I40: 1 | J40: 0 | K40: 0 | L40: 0 | M40: 0 | N40: 0 | O40: 1 | P40: 0 | Q40: 0 | R40: =SUM(E40:Q40) -> 2
D41: JML | E41: =SUM(E39:E40) -> 0 | F41: =SUM(F39:F40) -> 0 | G41: =SUM(G39:G40) -> 0 | H41: =SUM(H39:H40) -> 0 | I41: =SUM(I39:I40) -> 4 | J41: =SUM(J39:J40) -> 0 | K41: =SUM(K39:K40) -> 0 | L41: =SUM(L39:L40) -> 0 | ... Q41: =SUM(Q39:Q40) -> 0 | R41: =SUM(E41:Q41) -> 5
A43: IV | B43: DATA RINCIAN PEROLEHAN SUARA PASANGAN CALON BUPATI DAN WAKIL BUPATI
A44: NOMOR DAN NAMA CALON
A45: A.1 | B45: 1. | C45: Partai Kebangkitan Bangsa | E45: 8 | F45: 7 | G45: 5 | H45: 2 | I45: 6 | J45: 7 | K45: 10 | L45: 8 | M45: 6 | N45: 5 | O45: 3 | P45: 0 | Q45: 0 | R45: =SUM(E45:Q45) -> 67
A46: A.2 | C46: 1. ARVY RIZALDY, S.E. | E46: 47 | F46: 27 | G46: 14 | H46: 17 | I46: 45 | J46: 37 | K46: 14 | L46: 24 | M46: 9 | N46: 31 | O46: 2 | P46: 0 | Q46: 0 | R46: =SUM(E46:Q46) -> 267
C47: 2. HILMI MUSTOFA | E47: 2 | F47: 3 | G47: 0 | H47: 0 | I47: 1 | J47: 1 | K47: 1 | L47: 5 | M47: 1 | N47: 0 | O47: 0 | P47: 0 | Q47: 0 | R47: =SUM(E47:Q47) -> 14
C48: 3. RUSDIANAH, A.Ma.Pd | E48: 3 | F48: 0 | G48: 1 | H48: 1 | I48: 3 | J48: 0 | K48: 1 | L48: 4 | M48: 2 | N48: 6 | O48: 2 | P48: 0 | Q48: 0 | R48: =SUM(E48:Q48) -> 23
C49: 4. USMAN YUSUF | E49: 7 | F49: 12 | G49: 7 | H49: 4 | I49: 20 | J49: 21 | K49: 15 | L49: 0 | M49: 0 | N49: 0 | O49: 1 | P49: 0 | Q49: 0 | R49: =SUM(E49:Q49) -> 87
C50: 5. SA`ADAH | E50: 0 | F50: 0 | G50: 0 | H50: 0 | I50: 0 | J50: 1 | K50: 0 | L50: 0 | M50: 0 | N50: 1 | O50: 0 | P50: 0 | Q50: 0 | R50: =SUM(E50:Q50) -> 2
C51: 6. FARIHA HASANATUL AMALIA | E51: 0 | F51: 0 | G51: 0 | H51: 0 | I51: 0 | J51: 0 | K51: 0 | L51: 0 | M51: 0 | N51: 0 | O51: 0 | P51: 0 | Q51: 0 | R51: =SUM(E51:Q51) -> 0
A52: B | B52: JUMLAH SUARA SAH PARTAI POLITIK DAN CALON (A1 + A2) | E52: =SUM(E45:E51) -> 67 | F52: =SUM(F45:F51) -> 49 | G52: =SUM(G45:G51) -> 27 | H52: =SUM(H45:H51) -> 24 | I52: =SUM(I45:I51) -> 75 | J52: =SUM(J45:J51) -> 67 | K52: =SUM(K45:K51) -> 41 | L52: =SUM(L45:L51) -> 41 | ... Q52: =SUM(Q45:Q51) -> 0 | R52: =SUM(E52:Q52) -> 460
A54: A.1 | B54: 2. | C54: Partai Gerakan Indonesia Raya | E54: 4 | F54: 3 | G54: 1 | H54: 2 | I54: 7 | J54: 1 | K54: 8 | L54: 9 | M54: 9 | N54: 2 | O54: 4 | P54: 0 | Q54: 0 | R54: =SUM(E54:Q54) -> 50
A55: A.2 | C55: 1. SUPARMAN EDY H. | E55: 0 | F55: 0 | G55: 1 | H55: 1 | I55: 26 | J55: 5 | K55: 4 | L55: 3 | M55: 2 | N55: 20 | O55: 2 | P55: 0 | Q55: 0 | R55: =SUM(E55:Q55) -> 64
C56: 2. NASIKHUN AMIN | E56: 0 | F56: 2 | G56: 2 | H56: 0 | I56: 1 | J56: 0 | K56: 0 | L56: 2 | M56: 1 | N56: 3 | O56: 0 | P56: 0 | Q56: 0 | R56: =SUM(E56:Q56) -> 11
C57: 3. ENY SETIAWATI, S.H | E57: 0 | F57: 0 | G57: 0 | H57: 1 | I57: 0 | J57: 0 | K57: 0 | L57: 3 | M57: 1 | N57: 8 | O57: 1 | P57: 0 | Q57: 0 | R57: =SUM(E57:Q57) -> 14
C58: 4. H. ABDUL QODIR, S.H., M.H. | E58: 1 | F58: 0 | G58: 0 | H58: 0 | I58: 3 | J58: 0 | K58: 3 | L58: 0 | M58: 3 | N58: 0 | O58: 1 | P58: 0 | Q58: 0 | R58: =SUM(E58:Q58) -> 11
C59: 5. FATMAWATI, S.E. | E59: 0 | F59: 0 | G59: 0 | H59: 0 | I59: 0 | J59: 0 | K59: 0 | L59: 0 | M59: 0 | N59: 0 | O59: 0 | P59: 0 | Q59: 0 | R59: =SUM(E59:Q59) -> 0
C60: 6. NANANG NUR AHMADI | E60: 0 | F60: 0 | G60: 4 | H60: 0 | I60: 0 | J60: 0 | K60: 10 | L60: 0 | M60: 0 | N60: 4 | O60: 0 | P60: 0 | Q60: 0 | R60: =SUM(E60:Q60) -> 18
A61: B | B61: JUMLAH SUARA SAH PARTAI POLITIK DAN CALON (A1 + A2) | E61: =SUM(E54:E60) -> 5 | F61: =SUM(F54:F60) -> 5 | G61: =SUM(G54:G60) -> 8 | H61: =SUM(H54:H60) -> 4 | I61: =SUM(I54:I60) -> 37 | J61: =SUM(J54:J60) -> 6 | K61: =SUM(K54:K60) -> 25 | L61: =SUM(L54:L60) -> 17 | ... Q61: =SUM(Q54:Q60) -> 0 | R61: =SUM(E61:Q61) -> 168
A63: A.1 | B63: 3. | C63: Partai Demokrasi Indonesia Perjuangan | E63: 5 | F63: 2 | G63: 2 | H63: 6 | I63: 1 | J63: 0 | K63: 4 | L63: 7 | M63: 2 | N63: 7 | O63: 7 | P63: 0 | Q63: 0 | R63: =SUM(E63:Q63) -> 43
A64: A.2 | C64: 1. WAGIANTO | E64: 14 | F64: 29 | G64: 38 | H64: 78 | I64: 6 | J64: 2 | K64: 23 | L64: 14 | M64: 24 | N64: 58 | O64: 53 | P64: 0 | Q64: 0 | R64: =SUM(E64:Q64) -> 339
C65: 2. ERIK TRISDIANTANA | E65: 3 | F65: 1 | G65: 1 | H65: 1 | I65: 1 | J65: 4 | K65: 1 | L65: 1 | M65: 3 | N65: 1 | O65: 4 | P65: 0 | Q65: 0 | R65: =SUM(E65:Q65) -> 21
C66: 3. NI GALUH PARWATI | E66: 0 | F66: 1 | G66: 0 | H66: 2 | I66: 0 | J66: 0 | K66: 1 | L66: 1 | M66: 0 | N66: 1 | O66: 1 | P66: 0 | Q66: 0 | R66: =SUM(E66:Q66) -> 7
C67: 4. DZULFIKAR REZKY | E67: 0 | F67: 0 | G67: 0 | H67: 0 | I67: 0 | J67: 0 | K67: 0 | L67: 0 | M67: 1 | N67: 0 | O67: 4 | P67: 0 | Q67: 0 | R67: =SUM(E67:Q67) -> 5
C68: 5. AMALIYAH | E68: 0 | F68: 0 | G68: 0 | H68: 0 | I68: 0 | J68: 0 | K68: 0 | L68: 0 | M68: 0 | N68: 0 | O68: 2 | P68: 0 | Q68: 0 | R68: =SUM(E68:Q68) -> 2
C69: 6. PUTRI PARAMITA CIPTASARI | E69: 0 | F69: 2 | G69: 6 | H69: 0 | I69: 0 | J69: 0 | K69: 0 | L69: 0 | M69: 0 | N69: 0 | O69: 0 | P69: 0 | Q69: 0 | R69: =SUM(E69:Q69) -> 8
A70: B | B70: JUMLAH SUARA SAH PARTAI POLITIK DAN CALON (A1 + A2) | E70: =SUM(E63:E69) -> 22 | F70: =SUM(F63:F69) -> 35 | G70: =SUM(G63:G69) -> 47 | H70: =SUM(H63:H69) -> 87 | I70: =SUM(I63:I69) -> 8 | J70: =SUM(J63:J69) -> 6 | K70: =SUM(K63:K69) -> 29 | L70: =SUM(L63:L69) -> 23 | ... Q70: =SUM(Q63:Q69) -> 0 | R70: =SUM(E70:Q70) -> 425
A72: A.1 | B72: 4. | C72: Partai Golongan Karya | E72: 2 | F72: 1 | G72: 4 | H72: 7 | I72: 8 | J72: 4 | K72: 8 | L72: 6 | M72: 8 | N72: 2 | O72: 3 | P72: 0 | Q72: 0 | R72: =SUM(E72:Q72) -> 53
A73: A.2 | C73: 1. MARIFATUL KAMILA, S.H. | E73: 26 | F73: 12 | G73: 48 | H73: 35 | I73: 19 | J73: 28 | K73: 32 | L73: 8 | M73: 16 | N73: 3 | O73: 31 | P73: 0 | Q73: 0 | R73: =SUM(E73:Q73) -> 258
C74: 2. KUSWORO, S.Pd. | E74: 0 | F74: 0 | G74: 0 | H74: 0 | I74: 1 | J74: 0 | K74: 2 | L74: 0 | M74: 3 | N74: 0 | O74: 0 | P74: 0 | Q74: 0 | R74: =SUM(E74:Q74) -> 6
C75: 3. DIDIK SANTOSO, S.Pd. | E75: 0 | F75: 0 | G75: 0 | H75: 0 | I75: 0 | J75: 0 | K75: 0 | L75: 2 | M75: 1 | N75: 0 | O75: 0 | P75: 0 | Q75: 0 | R75: =SUM(E75:Q75) -> 3
C76: 4. ASYIQ RAHMATULLAH, H | E76: 1 | F76: 0 | G76: 0 | H76: 0 | I76: 0 | J76: 0 | K76: 0 | L76: 0 | M76: 0 | N76: 0 | O76: 0 | P76: 0 | Q76: 0 | R76: =SUM(E76:Q76) -> 1
C77: 5. ARI PANGESTI | E77: 0 | F77: 0 | G77: 0 | H77: 0 | I77: 0 | J77: 0 | K77: 0 | L77: 2 | M77: 0 | N77: 0 | O77: 0 | P77: 0 | Q77: 0 | R77: =SUM(E77:Q77) -> 2
C78: 6. H. HANDOKO, S.E. | E78: 13 | F78: 10 | G78: 9 | H78: 20 | I78: 31 | J78: 34 | K78: 1 | L78: 1 | M78: 9 | N78: 9 | O78: 20 | P78: 0 | Q78: 0 | R78: =SUM(E78:Q78) -> 157
A79: B | B79: JUMLAH SUARA SAH PARTAI POLITIK DAN CALON (A1 + A2) | E79: =SUM(E72:E78) -> 42 | F79: =SUM(F72:F78) -> 23 | G79: =SUM(G72:G78) -> 61 | H79: =SUM(H72:H78) -> 62 | I79: =SUM(I72:I78) -> 59 | J79: =SUM(J72:J78) -> 66 | K79: =SUM(K72:K78) -> 43 | L79: =SUM(L72:L78) -> 19 | ... Q79: =SUM(Q72:Q78) -> 0 | R79: =SUM(E79:Q79) -> 480
A81: A.1 | B81: 5. | C81: Partai NasDem | E81: 0 | F81: 0 | G81: 1 | H81: 0 | I81: 0 | J81: 0 | K81: 1 | L81: 1 | M81: 3 | N81: 2 | O81: 1 | P81: 0 | Q81: 0 | R81: =SUM(E81:Q81) -> 9
A82: A.2 | C82: 1. H. EDI PURNOMO | E82: 0 | F82: 0 | G82: 0 | H82: 0 | I82: 1 | J82: 0 | K82: 0 | L82: 3 | M82: 2 | N82: 0 | O82: 0 | P82: 0 | Q82: 0 | R82: =SUM(E82:Q82) -> 6
C83: 2. I GEDE SUDRO WICANO | E83: 0 | F83: 0 | G83: 0 | H83: 0 | I83: 0 | J83: 0 | K83: 0 | L83: 0 | M83: 0 | N83: 0 | O83: 0 | P83: 0 | Q83: 0 | R83: =SUM(E83:Q83) -> 0
C84: 3. TRI MARVILA SUKMANA, S.H. | E84: 0 | F84: 0 | G84: 0 | H84: 0 | I84: 0 | J84: 0 | K84: 0 | L84: 0 | M84: 0 | N84: 0 | O84: 0 | P84: 0 | Q84: 0 | R84: =SUM(E84:Q84) -> 0
C85: 4. ISLAMIYAH LESTARI | E85: 0 | F85: 0 | G85: 0 | H85: 0 | I85: 0 | J85: 0 | K85: 0 | L85: 0 | M85: 0 | N85: 0 | O85: 0 | P85: 0 | Q85: 0 | R85: =SUM(E85:Q85) -> 0
C86: 5. LUTFI WAHYUDI | E86: 0 | F86: 0 | G86: 1 | H86: 0 | I86: 0 | J86: 0 | K86: 0 | L86: 0 | M86: 0 | N86: 1 | O86: 0 | P86: 0 | Q86: 0 | R86: =SUM(E86:Q86) -> 2
C87: 6. AGUS MAIDO | E87: 0 | F87: 0 | G87: 0 | H87: 0 | I87: 0 | J87: 0 | K87: 0 | L87: 0 | M87: 0 | N87: 0 | O87: 0 | P87: 0 | Q87: 0 | R87: =SUM(E87:Q87) -> 0
A88: B | B88: JUMLAH SUARA SAH PARTAI POLITIK DAN CALON (A1 + A2) | E88: =SUM(E81:E87) -> 0 | F88: =SUM(F81:F87) -> 0 | G88: =SUM(G81:G87) -> 2 | H88: =SUM(H81:H87) -> 0 | I88: =SUM(I81:I87) -> 1 | J88: =SUM(J81:J87) -> 0 | K88: =SUM(K81:K87) -> 1 | L88: =SUM(L81:L87) -> 4 | ... Q88: =SUM(Q81:Q87) -> 0 | R88: =SUM(E88:Q88) -> 17
R89: =SUM(E89:Q89) -> 0
A90: A.1 | B90: 6. | C90: Partai Buruh | E90: 0 | F90: 0 | G90: 0 | H90: 0 | I90: 3 | J90: 2 | K90: 0 | L90: 1 | M90: 1 | N90: 1 | O90: 4 | P90: 0 | Q90: 0 | R90: =SUM(E90:Q90) -> 12
A91: A.2 | C91: 1. ERWIN SANTOSO | E91: 0 | F91: 0 | G91: 0 | H91: 0 | I91: 0 | J91: 0 | K91: 0 | L91: 0 | M91: 0 | N91: 0 | O91: 0 | P91: 0 | Q91: 0 | R91: =SUM(E91:Q91) -> 0
A92: B | B92: JUMLAH SUARA SAH PARTAI POLITIK DAN CALON (A1 + A2) | E92: =SUM(E90:E91) -> 0 | F92: =SUM(F90:F91) -> 0 | G92: =SUM(G90:G91) -> 0 | H92: =SUM(H90:H91) -> 0 | I92: =SUM(I90:I91) -> 3 | J92: =SUM(J90:J91) -> 2 | K92: =SUM(K90:K91) -> 0 | L92: =SUM(L90:L91) -> 1 | ... Q92: =SUM(Q90:Q91) -> 0 | R92: =SUM(E92:Q92) -> 12
R93: =SUM(E93:Q93) -> 0
A94: A.1 | B94: 7. | C94: Partai Gelombang Rakyat Indonesia | E94: 0 | F94: 0 | G94: 0 | H94: 1 | I94: 1 | J94: 0 | K94: 0 | L94: 0 | M94: 2 | N94: 0 | O94: 1 | P94: 0 | Q94: 0 | R94: =SUM(E94:Q94) -> 5
A95: A.2 | C95: 1. SUTRISNO | E95: 0 | F95: 0 | G95: 0 | H95: 0 | I95: 0 | J95: 0 | K95: 0 | L95: 0 | M95: 0 | N95: 0 | O95: 0 | P95: 0 | Q95: 0 | R95: =SUM(E95:Q95) -> 0
C96: 2. MOH. ANNAS | E96: 0 | F96: 0 | G96: 0 | H96: 0 | I96: 0 | J96: 1 | K96: 0 | L96: 0 | M96: 0 | N96: 0 | O96: 0 | P96: 0 | Q96: 0 | R96: =SUM(E96:Q96) -> 1
C97: 3. NI MADE AYU PUNIARSI | E97: 0 | F97: 0 | G97: 0 | H97: 0 | I97: 0 | J97: 0 | K97: 0 | L97: 0 | M97: 1 | N97: 0 | O97: 0 | P97: 0 | Q97: 0 | R97: =SUM(E97:Q97) -> 1
C98: 4. HENDRA KURNIAWAN | E98: 0 | F98: 0 | G98: 0 | H98: 0 | I98: 0 | J98: 0 | K98: 0 | L98: 0 | M98: 0 | N98: 0 | O98: 0 | P98: 0 | Q98: 0 | R98: =SUM(E98:Q98) -> 0
C99: 5. DEASY GITTA PERWITASARI | E99: 0 | F99: 0 | G99: 0 | H99: 0 | I99: 0 | J99: 0 | K99: 0 | L99: 0 | M99: 0 | N99: 0 | O99: 0 | P99: 0 | Q99: 0 | R99: =SUM(E99:Q99) -> 0
C100: 6. SUPRAPTO | E100: 0 | F100: 0 | G100: 0 | H100: 0 | I100: 0 | J100: 0 | K100: 0 | L100: 0 | M100: 0 | N100: 0 | O100: 0 | P100: 0 | Q100: 0 | R100: =SUM(E100:Q100) -> 0
A101: B | B101: JUMLAH SUARA SAH PARTAI POLITIK DAN CALON (A1 + A2) | E101: =SUM(E94:E100) -> 0 | F101: =SUM(F94:F100) -> 0 | G101: =SUM(G94:G100) -> 0 | H101: =SUM(H94:H100) -> 1 | I101: =SUM(I94:I100) -> 1 | J101: =SUM(J94:J100) -> 1 | K101: =SUM(K94:K100) -> 0 | L101: =SUM(L94:L100) -> 0 | ... Q101: =SUM(Q94:Q100) -> 0 | R101: =SUM(E101:Q101) -> 7
A103: A.1 | B103: 8. | C103: Partai Keadilan Sejahtera | E103: 0 | F103: 0 | G103: 0 | H103: 0 | I103: 0 | J103: 0 | K103: 0 | L103: 3 | M103: 1 | N103: 0 | O103: 1 | P103: 0 | Q103: 0 | R103: =SUM(E103:Q103) -> 5
A104: A.2 | C104: 1. ARIEF WAHYUDI DJ, S.T. | E104: 0 | F104: 2 | G104: 1 | H104: 0 | I104: 0 | J104: 0 | K104: 0 | L104: 0 | M104: 5 | N104: 0 | O104: 0 | P104: 0 | Q104: 0 | R104: =SUM(E104:Q104) -> 8
C105: 2. SUMAJI | E105: 0 | F105: 0 | G105: 1 | H105: 0 | I105: 0 | J105: 0 | K105: 0 | L105: 0 | M105: 0 | N105: 0 | O105: 0 | P105: 0 | Q105: 0 | R105: =SUM(E105:Q105) -> 1
C106: 3. LILIK MARIYANA, S.Pd. | E106: 0 | F106: 0 | G106: 0 | H106: 0 | I106: 0 | J106: 0 | K106: 0 | L106: 0 | M106: 0 | N106: 0 | O106: 0 | P106: 0 | Q106: 0 | R106: =SUM(E106:Q106) -> 0
C107: 4. M. HARUN | E107: 0 | F107: 0 | G107: 0 | H107: 0 | I107: 0 | J107: 0 | K107: 0 | L107: 0 | M107: 1 | N107: 0 | O107: 0 | P107: 0 | Q107: 0 | R107: =SUM(E107:Q107) -> 1
C108: 5. SHOLIHIN, S.P. | E108: 0 | F108: 0 | G108: 0 | H108: 0 | I108: 0 | J108: 0 | K108: 0 | L108: 0 | M108: 0 | N108: 0 | O108: 0 | P108: 0 | Q108: 0 | R108: =SUM(E108:Q108) -> 0
C109: 6. HANIFATUL IMTITSAL, S.K.M. | E109: 0 | F109: 0 | G109: 0 | H109: 0 | I109: 0 | J109: 0 | K109: 0 | L109: 0 | M109: 1 | N109: 0 | O109: 1 | P109: 0 | Q109: 0 | R109: =SUM(E109:Q109) -> 2
A110: B | B110: JUMLAH SUARA SAH PARTAI POLITIK DAN CALON (A1 + A2) | E110: =SUM(E103:E109) -> 0 | F110: =SUM(F103:F109) -> 2 | G110: =SUM(G103:G109) -> 2 | H110: =SUM(H103:H109) -> 0 | I110: =SUM(I103:I109) -> 0 | J110: =SUM(J103:J109) -> 0 | K110: =SUM(K103:K109) -> 0 | L110: =SUM(L103:L109) -> 3 | ... Q110: =SUM(Q103:Q109) -> 0 | R110: =SUM(E110:Q110) -> 17
A112: A.1 | B112: 9. | C112: Partai Kebangkitan Nusantara | E112: 0 | F112: 0 | G112: 0 | H112: 0 | I112: 0 | J112: 0 | K112: 1 | L112: 0 | M112: 0 | N112: 0 | O112: 0 | P112: 0 | Q112: 0 | R112: =SUM(E112:Q112) -> 1
C113: 1. AGUS TARMIDI | E113: 0 | F113: 0 | G113: 0 | H113: 0 | I113: 0 | J113: 0 | K113: 0 | L113: 0 | M113: 0 | N113: 0 | O113: 0 | P113: 0 | Q113: 0 | R113: =SUM(E113:Q113) -> 0
C114: 2. DIAH AYU PERDANA | E114: 0 | F114: 0 | G114: 0 | H114: 0 | I114: 0 | J114: 0 | K114: 0 | L114: 0 | M114: 0 | N114: 0 | O114: 0 | P114: 0 | Q114: 0 | R114: =SUM(E114:Q114) -> 0
C115: 3. SITI SUNARSIH | E115: 0 | F115: 0 | G115: 0 | H115: 0 | I115: 0 | J115: 0 | K115: 0 | L115: 0 | M115: 0 | N115: 0 | O115: 0 | P115: 0 | Q115: 0 | R115: =SUM(E115:Q115) -> 0
A116: A.2 | C116: 4. DIDIK BASUKI | E116: 0 | F116: 0 | G116: 0 | H116: 0 | I116: 0 | J116: 0 | K116: 0 | L116: 0 | M116: 0 | N116: 0 | O116: 0 | P116: 0 | Q116: 0 | R116: =SUM(E116:Q116) -> 0
C117: 5. PUTRI SARI APRILIA | E117: 0 | F117: 0 | G117: 0 | H117: 0 | I117: 0 | J117: 0 | K117: 0 | L117: 0 | M117: 0 | N117: 0 | O117: 0 | P117: 0 | Q117: 0 | R117: =SUM(E117:Q117) -> 0
...

Sheet KAOTAN
C2: Kecamatan | D2: BLIMBINGSARI
C3: Kabupaten | D3: BANYUWANGI
C4: Provinsi | D4: JAWA TIMUR
C9: Kelurahan | D9: KAOTAN
A12: I | B12: DATA PEMILIH DAN PENGGUNAAN HAK PILIH | M12: JUMLAH AKHIR
A13: A | B13: DATA PEMILIH | E13: TPS 001 | F13: TPS 002 | G13: TPS 003 | H13: TPS 004 | I13: TPS 005 | J13: TPS 006 | K13: TPS 007 | L13: TPS 008
B14: Jumlah Pemilih dalam Daftar Pemilih Tetap (DPT) | D14: LK | E14: 143 | F14: 142 | G14: 147 | H14: 115 | I14: 127 | J14: 132 | K14: 135 | L14: 139 | M14: =SUM(E14:L14) -> 1080
D15: PR | E15: 147 | F15: 139 | G15: 121 | H15: 123 | I15: 130 | J15: 136 | K15: 141 | L15: 148 | M15: =SUM(E15:L15) -> 1085
D16: JML | E16: =SUM(E14:E15) -> 290 | F16: =SUM(F14:F15) -> 281 | G16: =SUM(G14:G15) -> 268 | H16: =SUM(H14:H15) -> 238 | I16: =SUM(I14:I15) -> 257 | J16: =SUM(J14:J15) -> 268 | K16: =SUM(K14:K15) -> 276 | L16: =SUM(L14:L15) -> 287 | M16: =SUM(E16:L16) -> 2165
A18: B | B18: PENGGUNA HAK PILIH
B19: 1. | C19: Jumlah pengguna hak pilih dalam Daftar Pemilih Tetap (DPT) | D19: LK | E19: 117 | F19: 103 | G19: 125 | H19: 102 | I19: 110 | J19: 119 | K19: 109 | L19: 115 | M19: =SUM(E19:L19) -> 900
D20: PR | E20: 123 | F20: 111 | G20: 108 | H20: 102 | I20: 117 | J20: 99 | K20: 119 | L20: 127 | M20: =SUM(E20:L20) -> 906
D21: JML | E21: =SUM(E19:E20) -> 240 | F21: =SUM(F19:F20) -> 214 | G21: =SUM(G19:G20) -> 233 | H21: =SUM(H19:H20) -> 204 | I21: =SUM(I19:I20) -> 227 | J21: =SUM(J19:J20) -> 218 | K21: =SUM(K19:K20) -> 228 | L21: =SUM(L19:L20) -> 242 | M21: =SUM(E21:L21) -> 1806
B22: 2. | C22: Jumlah pengguna hak pilih dalam Daftar Pemilih Tambahan (DPTb) | D22: LK | E22: 0 | F22: 1 | G22: 0 | H22: 0 | I22: 0 | J22: 1 | K22: 1 | L22: 0 | M22: =SUM(E22:L22) -> 3
D23: PR | E23: 0 | F23: 1 | G23: 1 | H23: 0 | I23: 0 | J23: 0 | K23: 1 | L23: 0 | M23: =SUM(E23:L23) -> 3
D24: JML | E24: =SUM(E22:E23) -> 0 | F24: =SUM(F22:F23) -> 2 | G24: =SUM(G22:G23) -> 1 | H24: =SUM(H22:H23) -> 0 | I24: =SUM(I22:I23) -> 0 | J24: =SUM(J22:J23) -> 1 | K24: =SUM(K22:K23) -> 2 | L24: =SUM(L22:L23) -> 0 | M24: =SUM(E24:L24) -> 6
B25: 3. | C25: Jumlah pengguna hak pilih dalam Daftar Pemilih Khusus (DPK) | D25: LK | E25: 0 | F25: 1 | G25: 0 | H25: 0 | I25: 0 | J25: 0 | K25: 0 | L25: 0 | M25: =SUM(E25:L25) -> 1
D26: PR | E26: 0 | F26: 2 | G26: 0 | H26: 0 | I26: 0 | J26: 1 | K26: 0 | L26: 0 | M26: =SUM(E26:L26) -> 3
D27: JML | E27: =SUM(E25:E26) -> 0 | F27: =SUM(F25:F26) -> 3 | G27: =SUM(G25:G26) -> 0 | H27: =SUM(H25:H26) -> 0 | I27: =SUM(I25:I26) -> 0 | J27: =SUM(J25:J26) -> 1 | K27: =SUM(K25:K26) -> 0 | L27: =SUM(L25:L26) -> 0 | M27: =SUM(E27:L27) -> 4
B28: 4. | C28: Jumlah Pengguna Hak Pilih (B.1+B.2+B.3) | D28: LK | E28: 117 | F28: 105 | G28: 125 | H28: 102 | I28: 110 | J28: 120 | K28: 110 | L28: 115 | M28: =SUM(E28:L28) -> 904
D29: PR | E29: 123 | F29: 114 | G29: 109 | H29: 102 | I29: 117 | J29: 100 | K29: 120 | L29: 127 | M29: =SUM(E29:L29) -> 912
D30: JML | E30: =SUM(E28:E29) -> 240 | F30: =SUM(F28:F29) -> 219 | G30: =SUM(G28:G29) -> 234 | H30: =SUM(H28:H29) -> 204 | I30: =SUM(I28:I29) -> 227 | J30: =SUM(J28:J29) -> 220 | K30: =SUM(K28:K29) -> 230 | L30: =SUM(L28:L29) -> 242 | M30: =SUM(E30:L30) -> 1816
A32: II | B32: DATA PENGGUNAAN SURAT SUARA
A33: 1 | B33: Jumlah surat suara yang diterima, termasuk surat suara cadangan 2,5% dari DPT | E33: 297 | F33: 287 | G33: 274 | H33: 243 | I33: 263 | J33: 274 | K33: 282 | L33: 293 | M33: =SUM(E33:L33) -> 2213
A34: 2 | B34: Jumlah surat suara yang digunakan | E34: 240 | F34: 219 | G34: 234 | H34: 204 | I34: 227 | J34: 220 | K34: 230 | L34: 242 | M34: =SUM(E34:L34) -> 1816
A35: 3 | B35: Jumlah surat suara dikembalikan oleh pemilih (karena rusak atau keliru coblos) | E35: 0 | F35: 0 | G35: 3 | H35: 0 | I35: 0 | J35: 2 | K35: 1 | L35: 1 | M35: =SUM(E35:L35) -> 7
A36: 4 | B36: Jumlah surat suara yang tidak digunakan/tidak terpakai, termasuk sisa surat suara cadangan | E36: =E33-(E34+E35) -> 57 | F36: =F33-(F34+F35) -> 68 | G36: =G33-(G34+G35) -> 37 | H36: =H33-(H34+H35) -> 39 | I36: =I33-(I34+I35) -> 36 | J36: =J33-(J34+J35) -> 52 | K36: =K33-(K34+K35) -> 51 | L36: =L33-(L34+L35) -> 50 | M36: =SUM(E36:L36) -> 390
A38: III | B38: DATA PEMILIH DISABILITAS
B39: Jumlah seluruh Pemilih disabilitas yang menggunakan hak pilih | D39: LK | E39: 1 | F39: 0 | G39: 0 | H39: 1 | I39: 0 | J39: 0 | K39: 0 | L39: 1 | M39: =SUM(E39:L39) -> 3
D40: PR | E40: 0 | F40: 0 | G40: 0 | H40: 3 | I40: 0 | J40: 2 | K40: 1 | L40: 4 | M40: =SUM(E40:L40) -> 10
D41: JML | E41: =SUM(E39:E40) -> 1 | F41: =SUM(F39:F40) -> 0 | G41: =SUM(G39:G40) -> 0 | H41: =SUM(H39:H40) -> 4 | I41: =SUM(I39:I40) -> 0 | J41: =SUM(J39:J40) -> 2 | K41: =SUM(K39:K40) -> 1 | L41: =SUM(L39:L40) -> 5 | M41: =SUM(E41:L41) -> 13
A43: IV | B43: DATA RINCIAN PEROLEHAN SUARA PASANGAN CALON BUPATI DAN WAKIL BUPATI
A44: NOMOR DAN NAMA CALON
A45: A.1 | B45: 1. | C45: Partai Kebangkitan Bangsa | E45: 1 | F45: 4 | G45: 7 | H45: 3 | I45: 1 | J45: 8 | K45: 7 | L45: 7 | M45: =SUM(E45:L45) -> 38
A46: A.2 | C46: 1. ARVY RIZALDY, S.E. | E46: 24 | F46: 34 | G46: 33 | H46: 16 | I46: 5 | J46: 13 | K46: 12 | L46: 36 | M46: =SUM(E46:L46) -> 173
C47: 2. HILMI MUSTOFA | E47: 1 | F47: 0 | G47: 1 | H47: 1 | I47: 0 | J47: 1 | K47: 0 | M47: =SUM(E47:L47) -> 4
C48: 3. RUSDIANAH, A.Ma.Pd | E48: 2 | F48: 2 | G48: 0 | H48: 0 | I48: 0 | J48: 0 | K48: 1 | L48: 2 | M48: =SUM(E48:L48) -> 7
C49: 4. USMAN YUSUF | E49: 0 | F49: 0 | G49: 0 | H49: 0 | I49: 0 | J49: 0 | L49: 1 | M49: =SUM(E49:L49) -> 1
C50: 5. SA`ADAH | E50: 0 | F50: 0 | G50: 0 | H50: 0 | I50: 0 | J50: 0 | M50: =SUM(E50:L50) -> 0
C51: 6. FARIHA HASANATUL AMALIA | E51: 0 | F51: 0 | G51: 1 | H51: 0 | I51: 0 | L51: 1 | M51: =SUM(E51:L51) -> 2
A52: B | B52: JUMLAH SUARA SAH PARTAI POLITIK DAN CALON (A1 + A2) | E52: =SUM(E45:E51) -> 28 | F52: =SUM(F45:F51) -> 40 | G52: =SUM(G45:G51) -> 42 | H52: =SUM(H45:H51) -> 20 | I52: =SUM(I45:I51) -> 6 | J52: =SUM(J45:J51) -> 22 | K52: =SUM(K45:K51) -> 20 | L52: =SUM(L45:L51) -> 47 | M52: =SUM(E52:L52) -> 225
M53: =SUM(E53:L53) -> 0
A54: A.1 | B54: 2. | C54: Partai Gerakan Indonesia Raya | E54: 3 | F54: 1 | G54: 10 | H54: 2 | I54: 2 | J54: 1 | K54: 2 | L54: 3 | M54: =SUM(E54:L54) -> 24
A55: A.2 | C55: 1. SUPARMAN EDY H. | E55: 1 | F55: 2 | G55: 0 | H55: 0 | I55: 0 | J55: 0 | K55: 1 | L55: 2 | M55: =SUM(E55:L55) -> 6
C56: 2. NASIKHUN AMIN | E56: 1 | F56: 2 | G56: 1 | H56: 0 | I56: 0 | J56: 2 | K56: 2 | M56: =SUM(E56:L56) -> 8
C57: 3. ENY SETIAWATI, S.H | E57: 0 | F57: 0 | G57: 0 | H57: 0 | I57: 0 | L57: 1 | M57: =SUM(E57:L57) -> 1
C58: 4. H. ABDUL QODIR, S.H., M.H. | E58: 2 | F58: 0 | G58: 7 | H58: 0 | I58: 0 | J58: 3 | M58: =SUM(E58:L58) -> 12
C59: 5. FATMAWATI, S.E. | E59: 0 | F59: 0 | G59: 0 | H59: 0 | I59: 0 | J59: 0 | M59: =SUM(E59:L59) -> 0
C60: 6. NANANG NUR AHMADI | E60: 0 | F60: 1 | G60: 2 | H60: 5 | I60: 1 | J60: 0 | K60: 1 | L60: 2 | M60: =SUM(E60:L60) -> 12
A61: B | B61: JUMLAH SUARA SAH PARTAI POLITIK DAN CALON (A1 + A2) | E61: =SUM(E54:E60) -> 7 | F61: =SUM(F54:F60) -> 6 | G61: =SUM(G54:G60) -> 20 | H61: =SUM(H54:H60) -> 7 | I61: =SUM(I54:I60) -> 3 | J61: =SUM(J54:J60) -> 6 | K61: =SUM(K54:K60) -> 6 | L61: =SUM(L54:L60) -> 8 | M61: =SUM(E61:L61) -> 63
M62: =SUM(E62:L62) -> 0
A63: A.1 | B63: 3. | C63: Partai Demokrasi Indonesia Perjuangan | E63: 1 | F63: 5 | G63: 6 | H63: 1 | I63: 0 | J63: 1 | K63: 7 | L63: 7 | M63: =SUM(E63:L63) -> 28
A64: A.2 | C64: 1. WAGIANTO | E64: 4 | F64: 1 | G64: 1 | H64: 1 | I64: 3 | J64: 1 | K64: 6 | L64: 7 | M64: =SUM(E64:L64) -> 24
C65: 2. ERIK TRISDIANTANA | E65: 1 | F65: 0 | G65: 0 | H65: 0 | I65: 0 | J65: 1 | L65: 1 | M65: =SUM(E65:L65) -> 3
C66: 3. NI GALUH PARWATI | E66: 18 | F66: 8 | G66: 12 | H66: 10 | I66: 11 | J66: 20 | K66: 16 | L66: 51 | M66: =SUM(E66:L66) -> 146
C67: 4. DZULFIKAR REZKY | E67: 0 | F67: 0 | G67: 1 | H67: 0 | I67: 1 | J67: 1 | K67: 0 | M67: =SUM(E67:L67) -> 3
C68: 5. AMALIYAH | E68: 0 | F68: 0 | G68: 0 | H68: 0 | I68: 0 | J68: 1 | K68: 1 | M68: =SUM(E68:L68) -> 2
C69: 6. PUTRI PARAMITA CIPTASARI | E69: 0 | F69: 1 | G69: 0 | H69: 0 | I69: 0 | J69: 0 | M69: =SUM(E69:L69) -> 1
A70: B | B70: JUMLAH SUARA SAH PARTAI POLITIK DAN CALON (A1 + A2) | E70: =SUM(E63:E69) -> 24 | F70: =SUM(F63:F69) -> 15 | G70: =SUM(G63:G69) -> 20 | H70: =SUM(H63:H69) -> 12 | I70: =SUM(I63:I69) -> 15 | J70: =SUM(J63:J69) -> 25 | K70: =SUM(K63:K69) -> 30 | L70: =SUM(L63:L69) -> 66 | M70: =SUM(E70:L70) -> 207
M71: =SUM(E71:L71) -> 0
A72: A.1 | B72: 4. | C72: Partai Golongan Karya | E72: 13 | F72: 10 | G72: 10 | H72: 8 | I72: 5 | J72: 12 | K72: 16 | L72: 4 | M72: =SUM(E72:L72) -> 78
A73: A.2 | C73: 1. MARIFATUL KAMILA, S.H. | E73: 100 | F73: 80 | G73: 50 | H73: 91 | I73: 107 | J73: 129 | K73: 119 | L73: 83 | M73: =SUM(E73:L73) -> 759
C74: 2. KUSWORO, S.Pd. | E74: 0 | F74: 1 | G74: 0 | H74: 0 | I74: 0 | J74: 1 | M74: =SUM(E74:L74) -> 2
C75: 3. DIDIK SANTOSO, S.Pd. | E75: 0 | F75: 0 | G75: 0 | H75: 1 | I75: 0 | J75: 0 | L75: 2 | M75: =SUM(E75:L75) -> 3
C76: 4. ASYIQ RAHMATULLAH, H | E76: 0 | F76: 0 | G76: 0 | H76: 0 | I76: 1 | J76: 1 | M76: =SUM(E76:L76) -> 2
C77: 5. ARI PANGESTI | E77: 0 | F77: 0 | G77: 0 | H77: 0 | I77: 0 | J77: 0 | M77: =SUM(E77:L77) -> 0
C78: 6. H. HANDOKO, S.E. | E78: 0 | F78: 1 | G78: 0 | H78: 0 | I78: 1 | J78: 0 | K78: 1 | L78: 1 | M78: =SUM(E78:L78) -> 4
A79: B | B79: JUMLAH SUARA SAH PARTAI POLITIK DAN CALON (A1 + A2) | E79: =SUM(E72:E78) -> 113 | F79: =SUM(F72:F78) -> 92 | G79: =SUM(G72:G78) -> 60 | H79: =SUM(H72:H78) -> 100 | I79: =SUM(I72:I78) -> 114 | J79: =SUM(J72:J78) -> 143 | K79: =SUM(K72:K78) -> 136 | L79: =SUM(L72:L78) -> 90 | M79: =SUM(E79:L79) -> 848
A81: A.1 | B81: 5. | C81: Partai NasDem | E81: 1 | F81: 1 | G81: 1 | H81: 1 | I81: 1 | J81: 0 | K81: 0 | L81: 3 | M81: =SUM(E81:L81) -> 8
A82: A.2 | C82: 1. H. EDI PURNOMO | E82: 24 | F82: 9 | G82: 17 | H82: 33 | I82: 36 | J82: 0 | K82: 0 | M82: =SUM(E82:L82) -> 119
C83: 2. I GEDE SUDRO WICANO | E83: 1 | F83: 1 | G83: 0 | H83: 0 | I83: 1 | J83: 0 | K83: 0 | M83: =SUM(E83:L83) -> 3
C84: 3. TRI MARVILA SUKMANA, S.H. | E84: 0 | F84: 0 | G84: 0 | H84: 0 | I84: 0 | L84: 1 | M84: =SUM(E84:L84) -> 1
C85: 4. ISLAMIYAH LESTARI | E85: 0 | F85: 0 | G85: 0 | H85: 0 | I85: 0 | M85: =SUM(E85:L85) -> 0
C86: 5. LUTFI WAHYUDI | E86: 0 | F86: 0 | G86: 0 | H86: 0 | I86: 0 | J86: 0 | K86: 1 | L86: 2 | M86: =SUM(E86:L86) -> 3
C87: 6. AGUS MAIDO | E87: 0 | F87: 1 | G87: 0 | H87: 0 | I87: 0 | J87: 0 | M87: =SUM(E87:L87) -> 1
A88: B | B88: JUMLAH SUARA SAH PARTAI POLITIK DAN CALON (A1 + A2) | E88: =SUM(E81:E87) -> 26 | F88: =SUM(F81:F87) -> 12 | G88: =SUM(G81:G87) -> 18 | H88: =SUM(H81:H87) -> 34 | I88: =SUM(I81:I87) -> 38 | J88: =SUM(J81:J87) -> 0 | K88: =SUM(K81:K87) -> 1 | L88: =SUM(L81:L87) -> 6 | M88: =SUM(E88:L88) -> 135
A90: A.1 | B90: 6. | C90: Partai Buruh | E90: 0 | F90: 0 | G90: 1 | H90: 0 | I90: 0 | J90: 0 | K90: 1 | M90: =SUM(E90:L90) -> 2
A91: A.2 | C91: 1. ERWIN SANTOSO | E91: 0 | F91: 0 | G91: 0 | H91: 0 | I91: 0 | J91: 0 | M91: =SUM(E91:L91) -> 0
A92: B | B92: JUMLAH SUARA SAH PARTAI POLITIK DAN CALON (A1 + A2) | E92: =SUM(E90:E91) -> 0 | F92: =SUM(F90:F91) -> 0 | G92: =SUM(G90:G91) -> 1 | H92: =SUM(H90:H91) -> 0 | I92: =SUM(I90:I91) -> 0 | J92: =SUM(J90:J91) -> 0 | K92: =SUM(K90:K91) -> 1 | L92: =SUM(L90:L91) -> 0 | M92: =SUM(E92:L92) -> 2
M93: =SUM(E93:L93) -> 0
A94: A.1 | B94: 7. | C94: Partai Gelombang Rakyat Indonesia | E94: 0 | F94: 0 | G94: 2 | H94: 0 | I94: 0 | J94: 0 | L94: 1 | M94: =SUM(E94:L94) -> 3
A95: A.2 | C95: 1. SUTRISNO | E95: 0 | F95: 0 | G95: 1 | H95: 0 | I95: 0 | J95: 0 | M95: =SUM(E95:L95) -> 1
C96: 2. MOH. ANNAS | E96: 0 | F96: 0 | G96: 0 | H96: 0 | I96: 0 | J96: 0 | M96: =SUM(E96:L96) -> 0
C97: 3. NI MADE AYU PUNIARSI | E97: 0 | F97: 0 | G97: 0 | H97: 0 | I97: 0 | J97: 0 | M97: =SUM(E97:L97) -> 0
C98: 4. HENDRA KURNIAWAN | E98: 0 | F98: 0 | G98: 0 | H98: 0 | I98: 0 | J98: 0 | M98: =SUM(E98:L98) -> 0
C99: 5. DEASY GITTA PERWITASARI | E99: 0 | F99: 0 | G99: 0 | H99: 0 | I99: 0 | J99: 0 | M99: =SUM(E99:L99) -> 0
C100: 6. SUPRAPTO | E100: 0 | F100: 0 | G100: 0 | H100: 0 | I100: 0 | J100: 0 | M100: =SUM(E100:L100) -> 0
A101: B | B101: JUMLAH SUARA SAH PARTAI POLITIK DAN CALON (A1 + A2) | E101: =SUM(E94:E100) -> 0 | F101: =SUM(F94:F100) -> 0 | G101: =SUM(G94:G100) -> 3 | H101: =SUM(H94:H100) -> 0 | I101: =SUM(I94:I100) -> 0 | J101: =SUM(J94:J100) -> 0 | K101: =SUM(K94:K100) -> 0 | L101: =SUM(L94:L100) -> 1 | M101: =SUM(E101:L101) -> 4
A103: A.1 | B103: 8. | C103: Partai Keadilan Sejahtera | E103: 0 | F103: 0 | G103: 0 | H103: 0 | I103: 0 | J103: 0 | L103: 1 | M103: =SUM(E103:L103) -> 1
A104: A.2 | C104: 1. ARIEF WAHYUDI DJ, S.T. | E104: 0 | F104: 0 | G104: 0 | H104: 0 | I104: 0 | J104: 0 | K104: 1 | M104: =SUM(E104:L104) -> 1
C105: 2. SUMAJI | E105: 0 | F105: 0 | G105: 0 | H105: 0 | I105: 0 | J105: 0 | M105: =SUM(E105:L105) -> 0
C106: 3. LILIK MARIYANA, S.Pd. | E106: 5 | F106: 3 | G106: 0 | H106: 0 | I106: 0 | J106: 1 | M106: =SUM(E106:L106) -> 9
C107: 4. M. HARUN | E107: 0 | F107: 0 | G107: 0 | H107: 0 | I107: 0 | J107: 0 | M107: =SUM(E107:L107) -> 0
C108: 5. SHOLIHIN, S.P. | E108: 0 | F108: 0 | G108: 0 | H108: 0 | I108: 0 | J108: 0 | M108: =SUM(E108:L108) -> 0
C109: 6. HANIFATUL IMTITSAL, S.K.M. | E109: 0 | F109: 0 | G109: 0 | H109: 0 | I109: 0 | J109: 1 | L109: 2 | M109: =SUM(E109:L109) -> 3
A110: B | B110: JUMLAH SUARA SAH PARTAI POLITIK DAN CALON (A1 + A2) | E110: =SUM(E103:E109) -> 5 | F110: =SUM(F103:F109) -> 3 | G110: =SUM(G103:G109) -> 0 | H110: =SUM(H103:H109) -> 0 | I110: =SUM(I103:I109) -> 0 | J110: =SUM(J103:J109) -> 2 | K110: =SUM(K103:K109) -> 1 | L110: =SUM(L103:L109) -> 3 | M110: =SUM(E110:L110) -> 14
A112: A.1 | B112: 9. | C112: Partai Kebangkitan Nusantara | E112: 0 | F112: 0 | G112: 0 | H112: 0 | I112: 0 | J112: 0 | M112: =SUM(E112:L112) -> 0
C113: 1. AGUS TARMIDI | E113: 0 | F113: 0 | G113: 0 | H113: 0 | I113: 0 | J113: 0 | M113: =SUM(E113:L113) -> 0
C114: 2. DIAH AYU PERDANA | E114: 0 | F114: 0 | G114: 0 | H114: 1 | I114: 0 | L114: 1 | M114: =SUM(E114:L114) -> 2
C115: 3. SITI SUNARSIH | E115: 0 | F115: 0 | G115: 0 | H115: 0 | I115: 0 | J115: 0 | M115: =SUM(E115:L115) -> 0
...

Sheet KARANGREJO
C2: Kecamatan | D2: BLIMBINGSARI
C3: Kabupaten | D3: BANYUWANGI
C4: Provinsi | D4: JAWA TIMUR
C9: Kelurahan | D9: KARANGREJO
A12: I | B12: DATA PEMILIH DAN PENGGUNAAN HAK PILIH | P12: JUMLAH AKHIR
A13: A | B13: DATA PEMILIH | E13: TPS 001 | F13: TPS 002 | G13: TPS 003 | H13: TPS 004 | I13: TPS 005 | J13: TPS 006 | K13: TPS 007 | L13: TPS 008 | M13: TPS 009 | N13: TPS 010 | O13: TPS 011
B14: Jumlah Pemilih dalam Daftar Pemilih Tetap (DPT) | D14: LK | E14: 116 | F14: 118 | G14: 141 | H14: 136 | I14: 143 | J14: 130 | K14: 131 | L14: 127 | M14: 127 | N14: 121 | O14: 116 | P14: =SUM(E14:O14) -> 1406
D15: PR | E15: 112 | F15: 113 | G15: 122 | H15: 150 | I15: 134 | J15: 139 | K15: 128 | L15: 133 | M15: 124 | N15: 131 | O15: 126 | P15: =SUM(E15:O15) -> 1412
D16: JML | E16: =SUM(E14:E15) -> 228 | F16: =SUM(F14:F15) -> 231 | G16: =SUM(G14:G15) -> 263 | H16: =SUM(H14:H15) -> 286 | I16: =SUM(I14:I15) -> 277 | J16: =SUM(J14:J15) -> 269 | K16: =SUM(K14:K15) -> 259 | L16: =SUM(L14:L15) -> 260 | ... O16: =SUM(O14:O15) -> 242 | P16: =SUM(E16:O16) -> 2818
A18: B | B18: PENGGUNA HAK PILIH
B19: 1. | C19: Jumlah pengguna hak pilih dalam Daftar Pemilih Tetap (DPT) | D19: LK | E19: 79 | F19: 73 | G19: 108 | H19: 104 | I19: 113 | J19: 99 | K19: 100 | L19: 103 | M19: 85 | N19: 79 | O19: 81 | P19: =SUM(E19:O19) -> 1024
D20: PR | E20: 85 | F20: 88 | G20: 105 | H20: 120 | I20: 114 | J20: 112 | K20: 101 | L20: 116 | M20: 101 | N20: 94 | O20: 97 | P20: =SUM(E20:O20) -> 1133
D21: JML | E21: =SUM(E19:E20) -> 164 | F21: =SUM(F19:F20) -> 161 | G21: =SUM(G19:G20) -> 213 | H21: =SUM(H19:H20) -> 224 | I21: =SUM(I19:I20) -> 227 | J21: =SUM(J19:J20) -> 211 | K21: =SUM(K19:K20) -> 201 | L21: =SUM(L19:L20) -> 219 | ... O21: =SUM(O19:O20) -> 178 | P21: =SUM(E21:O21) -> 2157
B22: 2. | C22: Jumlah pengguna hak pilih dalam Daftar Pemilih Tambahan (DPTb) | D22: LK | E22: 0 | F22: 2 | G22: 0 | H22: 2 | I22: 0 | J22: 0 | K22: 0 | L22: 0 | M22: 1 | N22: 0 | O22: 0 | P22: =SUM(E22:O22) -> 5
D23: PR | E23: 0 | F23: 0 | G23: 1 | H23: 1 | I23: 0 | J23: 0 | K23: 0 | L23: 0 | M23: 0 | N23: 0 | O23: 1 | P23: =SUM(E23:O23) -> 3
D24: JML | E24: =SUM(E22:E23) -> 0 | F24: =SUM(F22:F23) -> 2 | G24: =SUM(G22:G23) -> 1 | H24: =SUM(H22:H23) -> 3 | I24: =SUM(I22:I23) -> 0 | J24: =SUM(J22:J23) -> 0 | K24: =SUM(K22:K23) -> 0 | L24: =SUM(L22:L23) -> 0 | ... O24: =SUM(O22:O23) -> 1 | P24: =SUM(E24:O24) -> 8
B25: 3. | C25: Jumlah pengguna hak pilih dalam Daftar Pemilih Khusus (DPK) | D25: LK | E25: 0 | F25: 0 | G25: 0 | H25: 1 | I25: 0 | J25: 0 | K25: 1 | L25: 1 | M25: 0 | N25: 0 | O25: 0 | P25: =SUM(E25:O25) -> 3
D26: PR | E26: 0 | F26: 0 | G26: 1 | H26: 1 | I26: 0 | J26: 0 | K26: 1 | L26: 2 | M26: 0 | N26: 1 | O26: 1 | P26: =SUM(E26:O26) -> 7
D27: JML | E27: =SUM(E25:E26) -> 0 | F27: =SUM(F25:F26) -> 0 | G27: =SUM(G25:G26) -> 1 | H27: =SUM(H25:H26) -> 2 | I27: =SUM(I25:I26) -> 0 | J27: =SUM(J25:J26) -> 0 | K27: =SUM(K25:K26) -> 2 | L27: =SUM(L25:L26) -> 3 | ... O27: =SUM(O25:O26) -> 1 | P27: =SUM(E27:O27) -> 10
B28: 4. | C28: Jumlah Pengguna Hak Pilih (B.1+B.2+B.3) | D28: LK | E28: 79 | F28: 75 | G28: 108 | H28: 107 | I28: 113 | J28: 99 | K28: 101 | L28: 104 | M28: 86 | N28: 79 | O28: 81 | P28: =SUM(E28:O28) -> 1032
D29: PR | E29: 85 | F29: 88 | G29: 107 | H29: 122 | I29: 114 | J29: 112 | K29: 102 | L29: 118 | M29: 101 | N29: 95 | O29: 99 | P29: =SUM(E29:O29) -> 1143
D30: JML | E30: =SUM(E28:E29) -> 164 | F30: =SUM(F28:F29) -> 163 | G30: =SUM(G28:G29) -> 215 | H30: =SUM(H28:H29) -> 229 | I30: =SUM(I28:I29) -> 227 | J30: =SUM(J28:J29) -> 211 | K30: =SUM(K28:K29) -> 203 | L30: =SUM(L28:L29) -> 222 | ... O30: =SUM(O28:O29) -> 180 | P30: =SUM(E30:O30) -> 2175
A32: II | B32: DATA PENGGUNAAN SURAT SUARA
A33: 1 | B33: Jumlah surat suara yang diterima, termasuk surat suara cadangan 2,5% dari DPT | E33: 233 | F33: 236 | G33: 269 | H33: 292 | I33: 283 | J33: 275 | K33: 265 | L33: 266 | M33: 257 | N33: 258 | O33: 247 | P33: =SUM(E33:O33) -> 2881
A34: 2 | B34: Jumlah surat suara yang digunakan | E34: 164 | F34: 163 | G34: 215 | H34: 229 | I34: 227 | J34: 211 | K34: 203 | L34: 222 | M34: 187 | N34: 174 | O34: 180 | P34: =SUM(E34:O34) -> 2175
A35: 3 | B35: Jumlah surat suara dikembalikan oleh pemilih (karena rusak atau keliru coblos) | E35: 5 | F35: 0 | G35: 0 | H35: 3 | I35: 1 | J35: 19 | K35: 0 | L35: 1 | M35: 0 | N35: 1 | O35: 0 | P35: =SUM(E35:O35) -> 30
A36: 4 | B36: Jumlah surat suara yang tidak digunakan/tidak terpakai, termasuk sisa surat suara cadangan | E36: =E33-(E34+E35) -> 64 | F36: =F33-(F34+F35) -> 73 | G36: =G33-(G34+G35) -> 54 | H36: =H33-(H34+H35) -> 60 | I36: =I33-(I34+I35) -> 55 | J36: =J33-(J34+J35) -> 45 | K36: =K33-(K34+K35) -> 62 | L36: =L33-(L34+L35) -> 43 | ... O36: =O33-(O34+O35) -> 67 | P36: =SUM(E36:O36) -> 676
A38: III | B38: DATA PEMILIH DISABILITAS
B39: Jumlah seluruh Pemilih disabilitas yang menggunakan hak pilih | D39: LK | E39: 0 | F39: 1 | G39: 1 | H39: 3 | I39: 0 | J39: 0 | K39: 1 | L39: 1 | M39: 0 | N39: 0 | O39: 0 | P39: =SUM(E39:O39) -> 7
D40: PR | E40: 1 | F40: 1 | G40: 0 | H40: 1 | I40: 0 | J40: 0 | K40: 1 | L40: 1 | M40: 0 | N40: 0 | O40: 0 | P40: =SUM(E40:O40) -> 5
D41: JML | E41: =SUM(E39:E40) -> 1 | F41: =SUM(F39:F40) -> 2 | G41: =SUM(G39:G40) -> 1 | H41: =SUM(H39:H40) -> 4 | I41: =SUM(I39:I40) -> 0 | J41: =SUM(J39:J40) -> 0 | K41: =SUM(K39:K40) -> 2 | L41: =SUM(L39:L40) -> 2 | ... O41: =SUM(O39:O40) -> 0 | P41: =SUM(E41:O41) -> 12
A43: IV | B43: DATA RINCIAN PEROLEHAN SUARA PASANGAN CALON BUPATI DAN WAKIL BUPATI
A44: NOMOR DAN NAMA CALON
A45: A.1 | B45: 1. | C45: Partai Kebangkitan Bangsa | E45: 11 | F45: 11 | G45: 7 | H45: 5 | I45: 8 | J45: 4 | K45: 3 | L45: 6 | M45: 1 | N45: 4 | O45: 2 | P45: =SUM(E45:O45) -> 62
A46: A.2 | C46: 1. ARVY RIZALDY, S.E. | E46: 47 | F46: 31 | G46: 34 | H46: 17 | I46: 28 | J46: 6 | K46: 16 | L46: 8 | M46: 1 | N46: 6 | O46: 4 | P46: =SUM(E46:O46) -> 198
C47: 2. HILMI MUSTOFA | E47: 1 | F47: 1 | G47: 0 | H47: 0 | I47: 2 | J47: 0 | K47: 0 | L47: 1 | M47: 1 | N47: 0 | O47: 0 | P47: =SUM(E47:O47) -> 6
C48: 3. RUSDIANAH, A.Ma.Pd | E48: 2 | F48: 1 | G48: 0 | H48: 0 | I48: 0 | J48: 0 | K48: 0 | L48: 1 | M48: 0 | N48: 0 | O48: 0 | P48: =SUM(E48:O48) -> 4
C49: 4. USMAN YUSUF | E49: 1 | F49: 0 | G49: 0 | H49: 1 | I49: 0 | J49: 0 | K49: 1 | L49: 0 | M49: 7 | N49: 7 | O49: 2 | P49: =SUM(E49:O49) -> 19
C50: 5. SA`ADAH | E50: 0 | F50: 0 | G50: 0 | H50: 0 | I50: 0 | J50: 0 | K50: 0 | L50: 0 | M50: 0 | N50: 0 | O50: 0 | P50: =SUM(E50:O50) -> 0
C51: 6. FARIHA HASANATUL AMALIA | E51: 0 | F51: 2 | G51: 0 | H51: 0 | I51: 0 | J51: 0 | K51: 0 | L51: 0 | M51: 0 | N51: 0 | O51: 0 | P51: =SUM(E51:O51) -> 2
A52: B | B52: JUMLAH SUARA SAH PARTAI POLITIK DAN CALON (A1 + A2) | E52: =SUM(E45:E51) -> 62 | F52: =SUM(F45:F51) -> 46 | G52: =SUM(G45:G51) -> 41 | H52: =SUM(H45:H51) -> 23 | I52: =SUM(I45:I51) -> 38 | J52: =SUM(J45:J51) -> 10 | K52: =SUM(K45:K51) -> 20 | L52: =SUM(L45:L51) -> 16 | ... O52: =SUM(O45:O51) -> 8 | P52: =SUM(E52:O52) -> 291
P53: =SUM(E53:O53) -> 0
A54: A.1 | B54: 2. | C54: Partai Gerakan Indonesia Raya | E54: 1 | F54: 4 | G54: 4 | H54: 3 | I54: 0 | J54: 10 | K54: 13 | L54: 6 | M54: 10 | N54: 9 | O54: 14 | P54: =SUM(E54:O54) -> 74
A55: A.2 | C55: 1. SUPARMAN EDY H. | E55: 1 | F55: 0 | G55: 0 | H55: 1 | I55: 1 | J55: 6 | K55: 2 | L55: 1 | M55: 6 | N55: 5 | O55: 16 | P55: =SUM(E55:O55) -> 39
C56: 2. NASIKHUN AMIN | E56: 1 | F56: 0 | G56: 2 | H56: 1 | I56: 0 | J56: 0 | K56: 1 | L56: 0 | M56: 1 | N56: 0 | O56: 2 | P56: =SUM(E56:O56) -> 8
C57: 3. ENY SETIAWATI, S.H | E57: 2 | F57: 0 | G57: 0 | H57: 0 | I57: 1 | J57: 0 | K57: 1 | L57: 0 | M57: 0 | N57: 0 | O57: 0 | P57: =SUM(E57:O57) -> 4
C58: 4. H. ABDUL QODIR, S.H., M.H. | E58: 2 | F58: 0 | G58: 0 | H58: 0 | I58: 3 | J58: 0 | K58: 2 | L58: 0 | M58: 3 | N58: 1 | O58: 0 | P58: =SUM(E58:O58) -> 11
C59: 5. FATMAWATI, S.E. | E59: 0 | F59: 0 | G59: 0 | H59: 0 | I59: 0 | J59: 0 | K59: 0 | L59: 1 | M59: 0 | N59: 0 | O59: 0 | P59: =SUM(E59:O59) -> 1
C60: 6. NANANG NUR AHMADI | E60: 0 | F60: 1 | G60: 1 | H60: 0 | I60: 2 | J60: 0 | K60: 0 | L60: 1 | M60: 0 | N60: 3 | O60: 0 | P60: =SUM(E60:O60) -> 8
A61: B | B61: JUMLAH SUARA SAH PARTAI POLITIK DAN CALON (A1 + A2) | E61: =SUM(E54:E60) -> 7 | F61: =SUM(F54:F60) -> 5 | G61: =SUM(G54:G60) -> 7 | H61: =SUM(H54:H60) -> 5 | I61: =SUM(I54:I60) -> 7 | J61: =SUM(J54:J60) -> 16 | K61: =SUM(K54:K60) -> 19 | L61: =SUM(L54:L60) -> 9 | ... O61: =SUM(O54:O60) -> 32 | P61: =SUM(E61:O61) -> 145
P62: =SUM(E62:O62) -> 0
A63: A.1 | B63: 3. | C63: Partai Demokrasi Indonesia Perjuangan | E63: 4 | F63: 10 | G63: 9 | H63: 15 | I63: 14 | J63: 9 | K63: 18 | L63: 10 | M63: 6 | N63: 6 | O63: 7 | P63: =SUM(E63:O63) -> 108
A64: A.2 | C64: 1. WAGIANTO | E64: 8 | F64: 2 | G64: 23 | H64: 41 | I64: 33 | J64: 32 | K64: 58 | L64: 20 | M64: 6 | N64: 23 | O64: 14 | P64: =SUM(E64:O64) -> 260
C65: 2. ERIK TRISDIANTANA | E65: 0 | F65: 0 | G65: 2 | H65: 3 | I65: 0 | J65: 1 | K65: 0 | L65: 2 | M65: 1 | N65: 1 | O65: 2 | P65: =SUM(E65:O65) -> 12
C66: 3. NI GALUH PARWATI | E66: 6 | F66: 5 | G66: 11 | H66: 17 | I66: 9 | J66: 11 | K66: 10 | L66: 3 | M66: 11 | N66: 1 | O66: 1 | P66: =SUM(E66:O66) -> 85
C67: 4. DZULFIKAR REZKY | E67: 0 | F67: 2 | G67: 3 | H67: 2 | I67: 0 | J67: 0 | K67: 0 | L67: 0 | M67: 1 | N67: 4 | O67: 0 | P67: =SUM(E67:O67) -> 12
C68: 5. AMALIYAH | E68: 0 | F68: 0 | G68: 0 | H68: 0 | I68: 0 | J68: 0 | K68: 1 | L68: 0 | M68: 0 | N68: 1 | O68: 1 | P68: =SUM(E68:O68) -> 3
C69: 6. PUTRI PARAMITA CIPTASARI | E69: 0 | F69: 0 | G69: 0 | H69: 0 | I69: 0 | J69: 0 | K69: 0 | L69: 1 | M69: 0 | N69: 0 | O69: 0 | P69: =SUM(E69:O69) -> 1
A70: B | B70: JUMLAH SUARA SAH PARTAI POLITIK DAN CALON (A1 + A2) | E70: =SUM(E63:E69) -> 18 | F70: =SUM(F63:F69) -> 19 | G70: =SUM(G63:G69) -> 48 | H70: =SUM(H63:H69) -> 78 | I70: =SUM(I63:I69) -> 56 | J70: =SUM(J63:J69) -> 53 | K70: =SUM(K63:K69) -> 87 | L70: =SUM(L63:L69) -> 36 | ... O70: =SUM(O63:O69) -> 25 | P70: =SUM(E70:O70) -> 481
P71: =SUM(E71:O71) -> 0
A72: A.1 | B72: 4. | C72: Partai Golongan Karya | E72: 2 | F72: 6 | G72: 4 | H72: 6 | I72: 1 | J72: 11 | K72: 1 | L72: 10 | M72: 1 | N72: 4 | O72: 1 | P72: =SUM(E72:O72) -> 47
A73: A.2 | C73: 1. MARIFATUL KAMILA, S.H. | E73: 3 | F73: 1 | G73: 2 | H73: 7 | I73: 3 | J73: 24 | K73: 2 | L73: 1 | M73: 1 | N73: 2 | O73: 1 | P73: =SUM(E73:O73) -> 47
C74: 2. KUSWORO, S.Pd. | E74: 0 | F74: 0 | G74: 0 | H74: 0 | I74: 0 | J74: 3 | K74: 0 | L74: 0 | M74: 1 | N74: 0 | O74: 0 | P74: =SUM(E74:O74) -> 4
C75: 3. DIDIK SANTOSO, S.Pd. | E75: 0 | F75: 0 | G75: 0 | H75: 1 | I75: 0 | J75: 1 | K75: 0 | L75: 1 | M75: 0 | N75: 1 | O75: 0 | P75: =SUM(E75:O75) -> 4
C76: 4. ASYIQ RAHMATULLAH, H | E76: 1 | F76: 0 | G76: 0 | H76: 0 | I76: 0 | J76: 0 | K76: 0 | L76: 0 | M76: 0 | N76: 0 | O76: 0 | P76: =SUM(E76:O76) -> 1
C77: 5. ARI PANGESTI | E77: 0 | F77: 0 | G77: 0 | H77: 0 | I77: 0 | J77: 0 | K77: 0 | L77: 0 | M77: 0 | N77: 0 | O77: 1 | P77: =SUM(E77:O77) -> 1
C78: 6. H. HANDOKO, S.E. | E78: 34 | F78: 47 | G78: 6 | H78: 15 | I78: 41 | J78: 32 | K78: 21 | L78: 86 | M78: 3 | N78: 14 | O78: 2 | P78: =SUM(E78:O78) -> 301
A79: B | B79: JUMLAH SUARA SAH PARTAI POLITIK DAN CALON (A1 + A2) | E79: =SUM(E72:E78) -> 40 | F79: =SUM(F72:F78) -> 54 | G79: =SUM(G72:G78) -> 12 | H79: =SUM(H72:H78) -> 29 | I79: =SUM(I72:I78) -> 45 | J79: =SUM(J72:J78) -> 71 | K79: =SUM(K72:K78) -> 24 | L79: =SUM(L72:L78) -> 98 | ... O79: =SUM(O72:O78) -> 5 | P79: =SUM(E79:O79) -> 405
P80: =SUM(E80:O80) -> 0
A81: A.1 | B81: 5. | C81: Partai NasDem | E81: 1 | F81: 0 | G81: 2 | H81: 2 | I81: 1 | J81: 0 | K81: 0 | L81: 0 | M81: 3 | N81: 1 | O81: 4 | P81: =SUM(E81:O81) -> 14
A82: A.2 | C82: 1. H. EDI PURNOMO | E82: 0 | F82: 0 | G82: 1 | H82: 0 | I82: 0 | J82: 0 | K82: 1 | L82: 0 | M82: 0 | N82: 0 | O82: 0 | P82: =SUM(E82:O82) -> 2
C83: 2. I GEDE SUDRO WICANO | E83: 6 | F83: 2 | G83: 10 | H83: 7 | I83: 16 | J83: 19 | K83: 7 | L83: 2 | M83: 30 | N83: 14 | O83: 28 | P83: =SUM(E83:O83) -> 141
C84: 3. TRI MARVILA SUKMANA, S.H. | E84: 0 | F84: 0 | G84: 0 | H84: 0 | I84: 0 | J84: 1 | K84: 0 | L84: 0 | M84: 1 | N84: 0 | O84: 2 | P84: =SUM(E84:O84) -> 4
C85: 4. ISLAMIYAH LESTARI | E85: 0 | F85: 0 | G85: 0 | H85: 0 | I85: 0 | J85: 0 | K85: 0 | L85: 0 | M85: 0 | N85: 1 | O85: 0 | P85: =SUM(E85:O85) -> 1
C86: 5. LUTFI WAHYUDI | E86: 0 | F86: 0 | G86: 1 | H86: 0 | I86: 0 | J86: 0 | K86: 0 | L86: 0 | M86: 0 | N86: 0 | O86: 0 | P86: =SUM(E86:O86) -> 1
C87: 6. AGUS MAIDO | E87: 0 | F87: 0 | G87: 0 | H87: 0 | I87: 0 | J87: 0 | K87: 0 | L87: 0 | M87: 0 | N87: 0 | O87: 1 | P87: =SUM(E87:O87) -> 1
A88: B | B88: JUMLAH SUARA SAH PARTAI POLITIK DAN CALON (A1 + A2) | E88: =SUM(E81:E87) -> 7 | F88: =SUM(F81:F87) -> 2 | G88: =SUM(G81:G87) -> 14 | H88: =SUM(H81:H87) -> 9 | I88: =SUM(I81:I87) -> 17 | J88: =SUM(J81:J87) -> 20 | K88: =SUM(K81:K87) -> 8 | L88: =SUM(L81:L87) -> 2 | ... O88: =SUM(O81:O87) -> 35 | P88: =SUM(E88:O88) -> 164
P89: =SUM(E89:O89) -> 0
A90: A.1 | B90: 6. | C90: Partai Buruh | E90: 1 | F90: 1 | G90: 0 | H90: 3 | I90: 2 | J90: 1 | K90: 0 | L90: 7 | M90: 0 | N90: 0 | O90: 1 | P90: =SUM(E90:O90) -> 16
A91: A.2 | C91: 1. ERWIN SANTOSO | E91: 0 | F91: 1 | G91: 1 | H91: 0 | I91: 1 | J91: 1 | K91: 0 | L91: 1 | M91: 0 | N91: 1 | O91: 0 | P91: =SUM(E91:O91) -> 6
A92: B | B92: JUMLAH SUARA SAH PARTAI POLITIK DAN CALON (A1 + A2) | E92: =SUM(E90:E91) -> 1 | F92: =SUM(F90:F91) -> 2 | G92: =SUM(G90:G91) -> 1 | H92: =SUM(H90:H91) -> 3 | I92: =SUM(I90:I91) -> 3 | J92: =SUM(J90:J91) -> 2 | K92: =SUM(K90:K91) -> 0 | L92: =SUM(L90:L91) -> 8 | ... O92: =SUM(O90:O91) -> 1 | P92: =SUM(E92:O92) -> 22
P93: =SUM(E93:O93) -> 0
A94: A.1 | B94: 7. | C94: Partai Gelombang Rakyat Indonesia | E94: 1 | F94: 0 | G94: 0 | H94: 2 | I94: 0 | J94: 0 | K94: 0 | L94: 1 | M94: 2 | N94: 1 | O94: 0 | P94: =SUM(E94:O94) -> 7
A95: A.2 | C95: 1. SUTRISNO | E95: 0 | F95: 0 | G95: 0 | H95: 0 | I95: 0 | J95: 0 | K95: 0 | L95: 0 | M95: 0 | N95: 1 | O95: 0 | P95: =SUM(E95:O95) -> 1
C96: 2. MOH. ANNAS | E96: 0 | F96: 0 | G96: 0 | H96: 0 | I96: 1 | J96: 0 | K96: 0 | L96: 0 | M96: 0 | N96: 0 | O96: 0 | P96: =SUM(E96:O96) -> 1
C97: 3. NI MADE AYU PUNIARSI | E97: 0 | F97: 0 | G97: 0 | H97: 0 | I97: 0 | J97: 0 | K97: 0 | L97: 0 | M97: 0 | N97: 0 | O97: 0 | P97: =SUM(E97:O97) -> 0
C98: 4. HENDRA KURNIAWAN | E98: 0 | F98: 0 | G98: 0 | H98: 0 | I98: 0 | J98: 0 | K98: 0 | L98: 0 | M98: 0 | N98: 0 | O98: 0 | P98: =SUM(E98:O98) -> 0
C99: 5. DEASY GITTA PERWITASARI | E99: 0 | F99: 0 | G99: 0 | H99: 0 | I99: 0 | J99: 0 | K99: 0 | L99: 0 | M99: 0 | N99: 0 | O99: 0 | P99: =SUM(E99:O99) -> 0
C100: 6. SUPRAPTO | E100: 0 | F100: 0 | G100: 0 | H100: 0 | I100: 0 | J100: 0 | K100: 0 | L100: 0 | M100: 0 | N100: 0 | O100: 0 | P100: =SUM(E100:O100) -> 0
A101: B | B101: JUMLAH SUARA SAH PARTAI POLITIK DAN CALON (A1 + A2) | E101: =SUM(E94:E100) -> 1 | F101: =SUM(F94:F100) -> 0 | G101: =SUM(G94:G100) -> 0 | H101: =SUM(H94:H100) -> 2 | I101: =SUM(I94:I100) -> 1 | J101: =SUM(J94:J100) -> 0 | K101: =SUM(K94:K100) -> 0 | L101: =SUM(L94:L100) -> 1 | ... O101: =SUM(O94:O100) -> 0 | P101: =SUM(E101:O101) -> 9
P102: =SUM(E102:O102) -> 0
A103: A.1 | B103: 8. | C103: Partai Keadilan Sejahtera | E103: 0 | F103: 0 | G103: 3 | H103: 1 | I103: 0 | J103: 0 | K103: 0 | L103: 0 | M103: 0 | N103: 0 | O103: 0 | P103: =SUM(E103:O103) -> 4
A104: A.2 | C104: 1. ARIEF WAHYUDI DJ, S.T. | E104: 0 | F104: 0 | G104: 0 | H104: 1 | I104: 0 | J104: 0 | K104: 1 | L104: 0 | M104: 0 | N104: 0 | O104: 0 | P104: =SUM(E104:O104) -> 2
C105: 2. SUMAJI | E105: 0 | F105: 1 | G105: 0 | H105: 0 | I105: 0 | J105: 0 | K105: 0 | L105: 0 | M105: 0 | N105: 0 | O105: 0 | P105: =SUM(E105:O105) -> 1
C106: 3. LILIK MARIYANA, S.Pd. | E106: 0 | F106: 0 | G106: 0 | H106: 0 | I106: 0 | J106: 0 | K106: 0 | L106: 0 | M106: 0 | N106: 0 | O106: 0 | P106: =SUM(E106:O106) -> 0
C107: 4. M. HARUN | E107: 0 | F107: 0 | G107: 0 | H107: 0 | I107: 0 | J107: 0 | K107: 0 | L107: 0 | M107: 0 | N107: 0 | O107: 0 | P107: =SUM(E107:O107) -> 0
C108: 5. SHOLIHIN, S.P. | E108: 0 | F108: 0 | G108: 0 | H108: 0 | I108: 0 | J108: 0 | K108: 0 | L108: 0 | M108: 0 | N108: 0 | O108: 0 | P108: =SUM(E108:O108) -> 0
C109: 6. HANIFATUL IMTITSAL, S.K.M. | E109: 0 | F109: 0 | G109: 0 | H109: 0 | I109: 0 | J109: 0 | K109: 0 | L109: 1 | M109: 0 | N109: 0 | O109: 0 | P109: =SUM(E109:O109) -> 1
A110: B | B110: JUMLAH SUARA SAH PARTAI POLITIK DAN CALON (A1 + A2) | E110: =SUM(E103:E109) -> 0 | F110: =SUM(F103:F109) -> 1 | G110: =SUM(G103:G109) -> 3 | H110: =SUM(H103:H109) -> 2 | I110: =SUM(I103:I109) -> 0 | J110: =SUM(J103:J109) -> 0 | K110: =SUM(K103:K109) -> 1 | L110: =SUM(L103:L109) -> 1 | ... O110: =SUM(O103:O109) -> 0 | P110: =SUM(E110:O110) -> 8
P111: =SUM(E111:O111) -> 0
...

Sheet PATOMAN
C2: Kecamatan | D2: BLIMBINGSARI
C3: Kabupaten | D3: BANYUWANGI
C4: Provinsi | D4: JAWA TIMUR
C9: Kelurahan | D9: PATOMAN
A12: I | B12: DATA PEMILIH DAN PENGGUNAAN HAK PILIH | T12: JUMLAH AKHIR
A13: A | B13: DATA PEMILIH | E13: TPS 001 | F13: TPS 002 | G13: TPS 003 | H13: TPS 004 | I13: TPS 005 | J13: TPS 006 | K13: TPS 007 | L13: TPS 008 | M13: TPS 009 | N13: TPS 010 | O13: TPS 011 | P13: TPS 012 | Q13: TPS 013 | R13: TPS 014 | S13: TPS 015
B14: Jumlah Pemilih dalam Daftar Pemilih Tetap (DPT) | D14: LK | E14: 128 | F14: 137 | G14: 126 | H14: 121 | I14: 118 | J14: 134 | K14: 114 | L14: 126 | M14: 150 | N14: 147 | O14: 145 | P14: 123 | Q14: 137 | R14: 138 | S14: 144 | T14: =SUM(E14:S14) -> 1988
D15: PR | E15: 161 | F15: 147 | G15: 125 | H15: 118 | I15: 123 | J15: 133 | K15: 137 | L15: 132 | M15: 138 | N15: 147 | O15: 136 | P15: 125 | Q15: 147 | R15: 146 | S15: 147 | T15: =SUM(E15:S15) -> 2062
D16: JML | E16: =SUM(E14:E15) -> 289 | F16: =SUM(F14:F15) -> 284 | G16: =SUM(G14:G15) -> 251 | H16: =SUM(H14:H15) -> 239 | I16: =SUM(I14:I15) -> 241 | J16: =SUM(J14:J15) -> 267 | K16: =SUM(K14:K15) -> 251 | L16: =SUM(L14:L15) -> 258 | ... S16: =SUM(S14:S15) -> 291 | T16: =SUM(E16:S16) -> 4050
A18: B | B18: PENGGUNA HAK PILIH
B19: 1. | C19: Jumlah pengguna hak pilih dalam Daftar Pemilih Tetap (DPT) | D19: LK | E19: 109 | F19: 111 | G19: 98 | H19: 109 | I19: 97 | J19: 95 | K19: 91 | L19: 94 | M19: 120 | N19: 111 | O19: 112 | P19: 92 | Q19: 107 | R19: 106 | S19: 107 | T19: =SUM(E19:S19) -> 1559
D20: PR | E20: 146 | F20: 120 | G20: 101 | H20: 104 | I20: 107 | J20: 110 | K20: 109 | L20: 105 | M20: 116 | N20: 118 | O20: 113 | P20: 98 | Q20: 121 | R20: 116 | S20: 109 | T20: =SUM(E20:S20) -> 1693
D21: JML | E21: =SUM(E19:E20) -> 255 | F21: =SUM(F19:F20) -> 231 | G21: =SUM(G19:G20) -> 199 | H21: =SUM(H19:H20) -> 213 | I21: =SUM(I19:I20) -> 204 | J21: =SUM(J19:J20) -> 205 | K21: =SUM(K19:K20) -> 200 | L21: =SUM(L19:L20) -> 199 | ... S21: =SUM(S19:S20) -> 216 | T21: =SUM(E21:S21) -> 3252
B22: 2. | C22: Jumlah pengguna hak pilih dalam Daftar Pemilih Tambahan (DPTb) | D22: LK | E22: 0 | F22: 0 | G22: 0 | H22: 0 | I22: 0 | J22: 0 | K22: 0 | L22: 0 | M22: 0 | N22: 0 | O22: 0 | P22: 0 | Q22: 0 | R22: 0 | S22: 0 | T22: =SUM(E22:S22) -> 0
D23: PR | E23: 0 | F23: 0 | G23: 0 | H23: 1 | I23: 0 | J23: 0 | K23: 0 | L23: 0 | M23: 0 | N23: 0 | O23: 0 | P23: 0 | Q23: 0 | R23: 0 | S23: 0 | T23: =SUM(E23:S23) -> 1
D24: JML | E24: 0 | F24: =SUM(F22:F23) -> 0 | G24: =SUM(G22:G23) -> 0 | H24: =SUM(H22:H23) -> 1 | I24: =SUM(I22:I23) -> 0 | J24: =SUM(J22:J23) -> 0 | K24: =SUM(K22:K23) -> 0 | L24: =SUM(L22:L23) -> 0 | M24: =SUM(M22:M23) -> 0 | ... S24: =SUM(S22:S23) -> 0 | T24: =SUM(E24:S24) -> 1
B25: 3. | C25: Jumlah pengguna hak pilih dalam Daftar Pemilih Khusus (DPK) | D25: LK | E25: 0 | F25: 2 | G25: 1 | H25: 0 | I25: 0 | J25: 0 | K25: 0 | L25: 0 | M25: 1 | N25: 1 | O25: 0 | P25: 0 | Q25: 1 | R25: 0 | S25: 0 | T25: =SUM(E25:S25) -> 6
D26: PR | E26: 0 | F26: 4 | G26: 1 | H26: 0 | I26: 0 | J26: 1 | K26: 0 | L26: 0 | M26: 1 | N26: 2 | O26: 0 | P26: 0 | Q26: 2 | R26: 0 | S26: 0 | T26: =SUM(E26:S26) -> 11
D27: JML | E27: =SUM(E25:E26) -> 0 | F27: =SUM(F25:F26) -> 6 | G27: =SUM(G25:G26) -> 2 | H27: =SUM(H25:H26) -> 0 | I27: =SUM(I25:I26) -> 0 | J27: =SUM(J25:J26) -> 1 | K27: =SUM(K25:K26) -> 0 | L27: =SUM(L25:L26) -> 0 | ... S27: =SUM(S25:S26) -> 0 | T27: =SUM(E27:S27) -> 17
B28: 4. | C28: Jumlah Pengguna Hak Pilih (B.1+B.2+B.3) | D28: LK | E28: 109 | F28: 113 | G28: 99 | H28: 109 | I28: 97 | J28: 95 | K28: 91 | L28: 94 | M28: 121 | N28: 112 | O28: 112 | P28: 92 | Q28: 108 | R28: 106 | S28: 107 | T28: =SUM(E28:S28) -> 1565
D29: PR | E29: 146 | F29: 124 | G29: 102 | H29: 105 | I29: 107 | J29: 111 | K29: 109 | L29: 105 | M29: 117 | N29: 120 | O29: 113 | P29: 98 | Q29: 123 | R29: 116 | S29: 109 | T29: =SUM(E29:S29) -> 1705
D30: JML | E30: =SUM(E28:E29) -> 255 | F30: =SUM(F28:F29) -> 237 | G30: =SUM(G28:G29) -> 201 | H30: =SUM(H28:H29) -> 214 | I30: =SUM(I28:I29) -> 204 | J30: =SUM(J28:J29) -> 206 | K30: =SUM(K28:K29) -> 200 | L30: =SUM(L28:L29) -> 199 | ... S30: =SUM(S28:S29) -> 216 | T30: =SUM(E30:S30) -> 3270
A32: II | B32: DATA PENGGUNAAN SURAT SUARA
A33: 1 | B33: Jumlah surat suara yang diterima, termasuk surat suara cadangan 2,5% dari DPT | E33: 295 | F33: 290 | G33: 257 | H33: 244 | I33: 246 | J33: 273 | K33: 257 | L33: 264 | M33: 294 | N33: 300 | O33: 287 | P33: 253 | Q33: 290 | R33: 290 | S33: 297 | T33: =SUM(E33:S33) -> 4137
A34: 2 | B34: Jumlah surat suara yang digunakan | E34: 255 | F34: 237 | G34: 201 | H34: 214 | I34: 204 | J34: 206 | K34: 200 | L34: 199 | M34: 238 | N34: 232 | O34: 225 | P34: 190 | Q34: 231 | R34: 222 | S34: 216 | T34: =SUM(E34:S34) -> 3270
A35: 3 | B35: Jumlah surat suara dikembalikan oleh pemilih (karena rusak atau keliru coblos) | E35: 0 | F35: 0 | G35: 0 | H35: 0 | I35: 0 | J35: 3 | K35: 0 | L35: 1 | M35: 0 | N35: 0 | O35: 0 | P35: 2 | Q35: 1 | R35: 0 | S35: 0 | T35: =SUM(E35:S35) -> 7
A36: 4 | B36: Jumlah surat suara yang tidak digunakan/tidak terpakai, termasuk sisa surat suara cadangan | E36: =E33-(E34+E35) -> 40 | F36: =F33-(F34+F35) -> 53 | G36: =G33-(G34+G35) -> 56 | H36: =H33-(H34+H35) -> 30 | I36: =I33-(I34+I35) -> 42 | J36: =J33-(J34+J35) -> 64 | K36: =K33-(K34+K35) -> 57 | L36: =L33-(L34+L35) -> 64 | ... S36: =S33-(S34+S35) -> 81 | T36: =SUM(E36:S36) -> 860
A38: III | B38: DATA PEMILIH DISABILITAS
B39: Jumlah seluruh Pemilih disabilitas yang menggunakan hak pilih | D39: LK | E39: 0 | F39: 0 | G39: 0 | H39: 0 | I39: 1 | J39: 0 | K39: 0 | L39: 0 | M39: 0 | N39: 0 | O39: 0 | P39: 0 | Q39: 0 | R39: 0 | S39: 0 | T39: =SUM(E39:S39) -> 1
D40: PR | E40: 0 | F40: 0 | G40: 0 | H40: 0 | I40: 3 | J40: 0 | K40: 0 | L40: 0 | M40: 0 | N40: 0 | O40: 0 | P40: 0 | Q40: 0 | R40: 0 | S40: 0 | T40: =SUM(E40:S40) -> 3
D41: JML | E41: =SUM(E39:E40) -> 0 | F41: =SUM(F39:F40) -> 0 | G41: =SUM(G39:G40) -> 0 | H41: =SUM(H39:H40) -> 0 | I41: =SUM(I39:I40) -> 4 | J41: =SUM(J39:J40) -> 0 | K41: =SUM(K39:K40) -> 0 | L41: =SUM(L39:L40) -> 0 | ... S41: =SUM(S39:S40) -> 0 | T41: =SUM(E41:S41) -> 4
A43: IV | B43: DATA RINCIAN PEROLEHAN SUARA PASANGAN CALON BUPATI DAN WAKIL BUPATI
A44: NOMOR DAN NAMA CALON
A45: A.1 | B45: 1. | C45: Partai Kebangkitan Bangsa | E45: 6 | F45: 5 | G45: 11 | H45: 3 | I45: 3 | J45: 5 | K45: 5 | L45: 6 | M45: 6 | N45: 2 | O45: 0 | P45: 1 | Q45: 5 | R45: 8 | S45: 2 | T45: =SUM(E45:S45) -> 68
A46: A.2 | C46: 1. ARVY RIZALDY, S.E. | E46: 35 | F46: 31 | G46: 27 | H46: 13 | I46: 24 | J46: 21 | K46: 17 | L46: 22 | M46: 26 | N46: 21 | O46: 1 | Q46: 16 | R46: 52 | S46: 24 | T46: =SUM(E46:S46) -> 330
C47: 2. HILMI MUSTOFA | E47: 2 | F47: 11 | G47: 1 | H47: 2 | I47: 2 | K47: 12 | L47: 5 | N47: 0 | Q47: 2 | R47: 4 | S47: 2 | T47: =SUM(E47:S47) -> 43
C48: 3. RUSDIANAH, A.Ma.Pd | E48: 3 | F48: 0 | G48: 0 | H48: 1 | I48: 2 | J48: 1 | K48: 1 | L48: 0 | N48: 1 | Q48: 4 | R48: 1 | S48: 1 | T48: =SUM(E48:S48) -> 15
C49: 4. USMAN YUSUF | E49: 0 | F49: 1 | H49: 0 | J49: 1 | K49: 0 | L49: 0 | Q49: 0 | R49: 0 | S49: 1 | T49: =SUM(E49:S49) -> 3
C50: 5. SA`ADAH | H50: 1 | J50: 1 | K50: 0 | L50: 0 | Q50: 0 | R50: 0 | S50: 0 | T50: =SUM(E50:S50) -> 2
C51: 6. FARIHA HASANATUL AMALIA | F51: 1 | G51: 1 | H51: 0 | K51: 19 | L51: 1 | M51: 2 | Q51: 0 | R51: 0 | S51: 0 | T51: =SUM(E51:S51) -> 24
A52: B | B52: JUMLAH SUARA SAH PARTAI POLITIK DAN CALON (A1 + A2) | E52: =SUM(E45:E51) -> 46 | F52: =SUM(F45:F51) -> 49 | G52: =SUM(G45:G51) -> 40 | H52: =SUM(H45:H51) -> 20 | I52: =SUM(I45:I51) -> 31 | J52: =SUM(J45:J51) -> 29 | K52: =SUM(K45:K51) -> 54 | L52: =SUM(L45:L51) -> 34 | ... S52: =SUM(S45:S51) -> 30 | T52: =SUM(E52:S52) -> 485
T53: =SUM(E53:S53) -> 0
A54: A.1 | B54: 2. | C54: Partai Gerakan Indonesia Raya | E54: 4 | F54: 3 | G54: 3 | H54: 3 | I54: 0 | J54: 6 | K54: 3 | L54: 4 | M54: 3 | N54: 5 | O54: 5 | P54: 1 | Q54: 2 | R54: 7 | S54: 11 | T54: =SUM(E54:S54) -> 60
A55: A.2 | C55: 1. SUPARMAN EDY H. | E55: 3 | G55: 1 | H55: 1 | I55: 1 | J55: 2 | K55: 0 | L55: 0 | N55: 3 | Q55: 0 | R55: 2 | S55: 2 | T55: =SUM(E55:S55) -> 15
C56: 2. NASIKHUN AMIN | E56: 4 | F56: 3 | G56: 1 | H56: 0 | J56: 1 | K56: 0 | L56: 1 | M56: 3 | N56: 1 | Q56: 2 | R56: 0 | S56: 2 | T56: =SUM(E56:S56) -> 18
C57: 3. ENY SETIAWATI, S.H | G57: 0 | H57: 0 | J57: 1 | K57: 0 | L57: 0 | M57: 1 | N57: 2 | Q57: 0 | R57: 0 | S57: 1 | T57: =SUM(E57:S57) -> 5
C58: 4. H. ABDUL QODIR, S.H., M.H. | E58: 1 | G58: 3 | H58: 0 | I58: 1 | J58: 1 | K58: 0 | L58: 0 | M58: 1 | N58: 0 | O58: 3 | Q58: 0 | R58: 0 | S58: 6 | T58: =SUM(E58:S58) -> 16
C59: 5. FATMAWATI, S.E. | H59: 0 | K59: 1 | L59: 0 | N59: 0 | Q59: 0 | R59: 0 | S59: 0 | T59: =SUM(E59:S59) -> 1
C60: 6. NANANG NUR AHMADI | F60: 20 | H60: 0 | I60: 4 | J60: 1 | K60: 0 | L60: 0 | N60: 0 | O60: 9 | Q60: 0 | R60: 5 | S60: 10 | T60: =SUM(E60:S60) -> 49
A61: B | B61: JUMLAH SUARA SAH PARTAI POLITIK DAN CALON (A1 + A2) | E61: =SUM(E54:E60) -> 12 | F61: =SUM(F54:F60) -> 26 | G61: =SUM(G54:G60) -> 8 | H61: =SUM(H54:H60) -> 4 | I61: =SUM(I54:I60) -> 6 | J61: =SUM(J54:J60) -> 12 | K61: =SUM(K54:K60) -> 4 | L61: =SUM(L54:L60) -> 5 | ... S61: =SUM(S54:S60) -> 32 | T61: =SUM(E61:S61) -> 164
T62: =SUM(E62:S62) -> 0
A63: A.1 | B63: 3. | C63: Partai Demokrasi Indonesia Perjuangan | E63: 5 | F63: 6 | G63: 4 | H63: 2 | I63: 7 | J63: 3 | K63: 4 | L63: 9 | M63: 10 | N63: 16 | O63: 17 | P63: 13 | Q63: 4 | R63: 8 | S63: 5 | T63: =SUM(E63:S63) -> 113
A64: A.2 | C64: 1. WAGIANTO | E64: 3 | F64: 5 | G64: 0 | H64: 1 | I64: 2 | J64: 0 | K64: 5 | L64: 25 | M64: 73 | N64: 8 | O64: 1 | P64: 1 | Q64: 3 | R64: 1 | S64: 0 | T64: =SUM(E64:S64) -> 128
C65: 2. ERIK TRISDIANTANA | E65: 2 | F65: 2 | G65: 2 | H65: 0 | J65: 1 | K65: 4 | L65: 1 | M65: 8 | N65: 1 | O65: 1 | P65: 1 | Q65: 3 | R65: 6 | S65: 0 | T65: =SUM(E65:S65) -> 32
C66: 3. NI GALUH PARWATI | E66: 74 | F66: 52 | G66: 26 | H66: 32 | I66: 78 | J66: 5 | K66: 30 | L66: 58 | M66: 46 | N66: 73 | O66: 129 | P66: 134 | Q66: 73 | R66: 32 | S66: 10 | T66: =SUM(E66:S66) -> 852
C67: 4. DZULFIKAR REZKY | E67: 3 | F67: 12 | G67: 1 | H67: 0 | J67: 1 | K67: 0 | L67: 0 | M67: 1 | N67: 0 | O67: 0 | Q67: 0 | R67: 1 | S67: 0 | T67: =SUM(E67:S67) -> 19
C68: 5. AMALIYAH | F68: 0 | H68: 0 | K68: 1 | L68: 0 | N68: 0 | Q68: 0 | R68: 0 | S68: 0 | T68: =SUM(E68:S68) -> 1
C69: 6. PUTRI PARAMITA CIPTASARI | H69: 0 | J69: 1 | K69: 0 | L69: 0 | N69: 0 | Q69: 0 | R69: 0 | S69: 0 | T69: =SUM(E69:S69) -> 1
A70: B | B70: JUMLAH SUARA SAH PARTAI POLITIK DAN CALON (A1 + A2) | E70: =SUM(E63:E69) -> 87 | F70: =SUM(F63:F69) -> 77 | G70: =SUM(G63:G69) -> 33 | H70: =SUM(H63:H69) -> 35 | I70: =SUM(I63:I69) -> 87 | J70: =SUM(J63:J69) -> 11 | K70: =SUM(K63:K69) -> 44 | L70: =SUM(L63:L69) -> 93 | ... S70: =SUM(S63:S69) -> 15 | T70: =SUM(E70:S70) -> 1146
T71: =SUM(E71:S71) -> 0
A72: A.1 | B72: 4. | C72: Partai Golongan Karya | F72: 2 | G72: 2 | H72: 1 | I72: 1 | J72: 0 | K72: 0 | L72: 1 | M72: 1 | N72: 0 | O72: 0 | Q72: 0 | R72: 0 | S72: 1 | T72: =SUM(E72:S72) -> 9
A73: A.2 | C73: 1. MARIFATUL KAMILA, S.H. | E73: 3 | F73: 1 | G73: 1 | H73: 0 | I73: 1 | K73: 1 | L73: 3 | M73: 1 | N73: 1 | O73: 1 | Q73: 4 | R73: 2 | S73: 5 | T73: =SUM(E73:S73) -> 24
C74: 2. KUSWORO, S.Pd. | F74: 1 | H74: 0 | K74: 0 | L74: 1 | N74: 0 | Q74: 0 | R74: 0 | S74: 0 | T74: =SUM(E74:S74) -> 2
C75: 3. DIDIK SANTOSO, S.Pd. | F75: 2 | H75: 0 | K75: 0 | L75: 0 | N75: 0 | Q75: 0 | R75: 1 | S75: 0 | T75: =SUM(E75:S75) -> 3
C76: 4. ASYIQ RAHMATULLAH, H | H76: 1 | K76: 0 | L76: 0 | N76: 0 | O76: 1 | Q76: 0 | R76: 0 | S76: 0 | T76: =SUM(E76:S76) -> 2
C77: 5. ARI PANGESTI | H77: 0 | K77: 0 | L77: 0 | N77: 0 | Q77: 0 | R77: 0 | S77: 0 | T77: =SUM(E77:S77) -> 0
C78: 6. H. HANDOKO, S.E. | H78: 3 | I78: 1 | K78: 1 | L78: 1 | M78: 1 | N78: 1 | Q78: 0 | R78: 0 | S78: 0 | T78: =SUM(E78:S78) -> 8
A79: B | B79: JUMLAH SUARA SAH PARTAI POLITIK DAN CALON (A1 + A2) | E79: =SUM(E72:E78) -> 3 | F79: =SUM(F72:F78) -> 6 | G79: =SUM(G72:G78) -> 3 | H79: =SUM(H72:H78) -> 5 | I79: =SUM(I72:I78) -> 3 | J79: =SUM(J72:J78) -> 0 | K79: =SUM(K72:K78) -> 2 | L79: =SUM(L72:L78) -> 6 | ... S79: =SUM(S72:S78) -> 6 | T79: =SUM(E79:S79) -> 48
T80: =SUM(E80:S80) -> 0
A81: A.1 | B81: 5. | C81: Partai NasDem | E81: 4 | F81: 2 | G81: 1 | H81: 1 | I81: 0 | J81: 3 | K81: 1 | L81: 0 | P81: 1 | Q81: 0 | R81: 2 | S81: 1 | T81: =SUM(E81:S81) -> 16
A82: A.2 | C82: 1. H. EDI PURNOMO | E82: 1 | F82: 0 | G82: 0 | H82: 0 | K82: 0 | L82: 0 | P82: 1 | Q82: 1 | R82: 0 | S82: 0 | T82: =SUM(E82:S82) -> 3
C83: 2. I GEDE SUDRO WICANO | E83: 61 | F83: 19 | G83: 1 | H83: 1 | I83: 3 | J83: 18 | K83: 15 | L83: 1 | N83: 2 | O83: 43 | P83: 30 | Q83: 39 | R83: 28 | S83: 18 | T83: =SUM(E83:S83) -> 279
C84: 3. TRI MARVILA SUKMANA, S.H. | E84: 1 | H84: 0 | K84: 0 | L84: 0 | P84: 1 | Q84: 0 | R84: 0 | S84: 0 | T84: =SUM(E84:S84) -> 2
C85: 4. ISLAMIYAH LESTARI | H85: 0 | K85: 0 | L85: 0 | Q85: 0 | R85: 0 | S85: 0 | T85: =SUM(E85:S85) -> 0
C86: 5. LUTFI WAHYUDI | H86: 0 | K86: 0 | L86: 0 | Q86: 0 | R86: 0 | S86: 0 | T86: =SUM(E86:S86) -> 0
C87: 6. AGUS MAIDO | H87: 0 | K87: 0 | L87: 0 | Q87: 0 | R87: 0 | S87: 0 | T87: =SUM(E87:S87) -> 0
A88: B | B88: JUMLAH SUARA SAH PARTAI POLITIK DAN CALON (A1 + A2) | E88: =SUM(E81:E87) -> 67 | F88: =SUM(F81:F87) -> 21 | G88: =SUM(G81:G87) -> 2 | H88: =SUM(H81:H87) -> 2 | I88: =SUM(I81:I87) -> 3 | J88: =SUM(J81:J87) -> 21 | K88: =SUM(K81:K87) -> 16 | L88: =SUM(L81:L87) -> 1 | ... S88: =SUM(S81:S87) -> 19 | T88: =SUM(E88:S88) -> 300
T89: =SUM(E89:S89) -> 0
A90: A.1 | B90: 6. | C90: Partai Buruh | H90: 0 | K90: 1 | L90: 0 | N90: 0 | Q90: 0 | S90: 0 | T90: =SUM(E90:S90) -> 1
A91: A.2 | C91: 1. ERWIN SANTOSO | H91: 0 | K91: 1 | L91: 0 | N91: 0 | Q91: 0 | S91: 0 | T91: =SUM(E91:S91) -> 1
A92: B | B92: JUMLAH SUARA SAH PARTAI POLITIK DAN CALON (A1 + A2) | E92: =SUM(E90:E91) -> 0 | F92: =SUM(F90:F91) -> 0 | G92: =SUM(G90:G91) -> 0 | H92: =SUM(H90:H91) -> 0 | I92: =SUM(I90:I91) -> 0 | J92: =SUM(J90:J91) -> 0 | K92: =SUM(K90:K91) -> 2 | L92: =SUM(L90:L91) -> 0 | ... S92: =SUM(S90:S91) -> 0 | T92: =SUM(E92:S92) -> 2
T93: =SUM(E93:S93) -> 0
A94: A.1 | B94: 7. | C94: Partai Gelombang Rakyat Indonesia | E94: 1 | G94: 2 | H94: 0 | K94: 0 | L94: 0 | Q94: 3 | S94: 0 | T94: =SUM(E94:S94) -> 6
A95: A.2 | C95: 1. SUTRISNO | H95: 0 | K95: 0 | L95: 0 | N95: 1 | Q95: 0 | S95: 1 | T95: =SUM(E95:S95) -> 2
C96: 2. MOH. ANNAS | E96: 1 | H96: 0 | I96: 2 | J96: 1 | K96: 0 | L96: 0 | Q96: 0 | S96: 0 | T96: =SUM(E96:S96) -> 4
C97: 3. NI MADE AYU PUNIARSI | H97: 0 | K97: 0 | L97: 0 | Q97: 0 | S97: 0 | T97: =SUM(E97:S97) -> 0
C98: 4. HENDRA KURNIAWAN | H98: 0 | K98: 0 | L98: 0 | Q98: 0 | S98: 0 | T98: =SUM(E98:S98) -> 0
C99: 5. DEASY GITTA PERWITASARI | H99: 0 | K99: 0 | L99: 0 | Q99: 0 | S99: 0 | T99: =SUM(E99:S99) -> 0
C100: 6. SUPRAPTO | E100: 0 | F100: 1 | H100: 0 | K100: 0 | L100: 0 | Q100: 0 | S100: 0 | T100: =SUM(E100:S100) -> 1
A101: B | B101: JUMLAH SUARA SAH PARTAI POLITIK DAN CALON (A1 + A2) | E101: =SUM(E94:E100) -> 2 | F101: =SUM(F94:F100) -> 1 | G101: =SUM(G94:G100) -> 2 | H101: =SUM(H94:H100) -> 0 | I101: =SUM(I94:I100) -> 2 | J101: =SUM(J94:J100) -> 1 | K101: =SUM(K94:K100) -> 0 | L101: =SUM(L94:L100) -> 0 | ... S101: =SUM(S94:S100) -> 1 | T101: =SUM(E101:S101) -> 13
T102: =SUM(E102:S102) -> 0
A103: A.1 | B103: 8. | C103: Partai Keadilan Sejahtera | H103: 0 | K103: 0 | L103: 0 | N103: 0 | O103: 1 | Q103: 1 | S103: 0 | T103: =SUM(E103:S103) -> 2
A104: A.2 | C104: 1. ARIEF WAHYUDI DJ, S.T. | E104: 1 | H104: 0 | K104: 0 | L104: 0 | N104: 0 | O104: 0 | Q104: 1 | S104: 0 | T104: =SUM(E104:S104) -> 2
C105: 2. SUMAJI | H105: 0 | K105: 0 | L105: 0 | N105: 0 | Q105: 0 | S105: 0 | T105: =SUM(E105:S105) -> 0
C106: 3. LILIK MARIYANA, S.Pd. | H106: 0 | K106: 0 | L106: 0 | N106: 0 | Q106: 0 | S106: 0 | T106: =SUM(E106:S106) -> 0
C107: 4. M. HARUN | H107: 0 | K107: 0 | L107: 0 | N107: 0 | Q107: 0 | R107: 1 | S107: 0 | T107: =SUM(E107:S107) -> 1
C108: 5. SHOLIHIN, S.P. | H108: 0 | K108: 0 | L108: 0 | N108: 0 | Q108: 0 | S108: 0 | T108: =SUM(E108:S108) -> 0
C109: 6. HANIFATUL IMTITSAL, S.K.M. | H109: 0 | K109: 0 | L109: 0 | M109: 3 | N109: 0 | Q109: 0 | S109: 0 | T109: =SUM(E109:S109) -> 3
A110: B | B110: JUMLAH SUARA SAH PARTAI POLITIK DAN CALON (A1 + A2) | E110: =SUM(E103:E109) -> 1 | F110: =SUM(F103:F109) -> 0 | G110: =SUM(G103:G109) -> 0 | H110: =SUM(H103:H109) -> 0 | I110: =SUM(I103:I109) -> 0 | J110: =SUM(J103:J109) -> 0 | K110: =SUM(K103:K109) -> 0 | L110: =SUM(L103:L109) -> 0 | ... S110: =SUM(S103:S109) -> 0 | T110: =SUM(E110:S110) -> 8
T111: =SUM(E111:S111) -> 0
...

Sheet SUKOJATI
C2: Kecamatan | D2: BLIMBINGSARI
C3: Kabupaten | D3: BANYUWANGI
C4: Provinsi | D4: JAWA TIMUR
C9: Kelurahan | D9: SUKOJATI
A12: I | B12: DATA PEMILIH DAN PENGGUNAAN HAK PILIH | P12: JUMLAH AKHIR
A13: A | B13: DATA PEMILIH | E13: TPS 001 | F13: TPS 002 | G13: TPS 003 | H13: TPS 004 | I13: TPS 005 | J13: TPS 006 | K13: TPS 007 | L13: TPS 008 | M13: TPS 009 | N13: TPS 010 | O13: TPS 011
B14: Jumlah Pemilih dalam Daftar Pemilih Tetap (DPT) | D14: LK | E14: 144 | F14: 103 | G14: 108 | H14: 112 | I14: 127 | J14: 153 | K14: 123 | L14: 145 | M14: 135 | N14: 118 | O14: 109 | P14: =SUM(E14:O14) -> 1377
D15: PR | E15: 130 | F15: 96 | G15: 103 | H15: 110 | I15: 120 | J15: 143 | K15: 123 | L15: 144 | M15: 137 | N15: 111 | O15: 116 | P15: =SUM(E15:O15) -> 1333
D16: JML | E16: =SUM(E14:E15) -> 274 | F16: =SUM(F14:F15) -> 199 | G16: =SUM(G14:G15) -> 211 | H16: =SUM(H14:H15) -> 222 | I16: =SUM(I14:I15) -> 247 | J16: =SUM(J14:J15) -> 296 | K16: =SUM(K14:K15) -> 246 | L16: =SUM(L14:L15) -> 289 | ... O16: =SUM(O14:O15) -> 225 | P16: =SUM(E16:O16) -> 2710
A18: B | B18: PENGGUNA HAK PILIH
B19: 1. | C19: Jumlah pengguna hak pilih dalam Daftar Pemilih Tetap (DPT) | D19: LK | E19: 117 | F19: 75 | G19: 75 | H19: 85 | I19: 98 | J19: 115 | K19: 92 | L19: 101 | M19: 89 | N19: 95 | O19: 81 | P19: =SUM(E19:O19) -> 1023
D20: PR | E20: 112 | F20: 79 | G20: 89 | H20: 92 | I20: 99 | J20: 118 | K20: 103 | L20: 120 | M20: 110 | N20: 93 | O20: 104 | P20: =SUM(E20:O20) -> 1119
D21: JML | E21: =SUM(E19:E20) -> 229 | F21: =SUM(F19:F20) -> 154 | G21: =SUM(G19:G20) -> 164 | H21: =SUM(H19:H20) -> 177 | I21: =SUM(I19:I20) -> 197 | J21: =SUM(J19:J20) -> 233 | K21: =SUM(K19:K20) -> 195 | L21: =SUM(L19:L20) -> 221 | ... O21: =SUM(O19:O20) -> 185 | P21: =SUM(E21:O21) -> 2142
B22: 2. | C22: Jumlah pengguna hak pilih dalam Daftar Pemilih Tambahan (DPTb) | D22: LK | E22: 0 | F22: 1 | G22: 0 | H22: 1 | I22: 0 | J22: 0 | K22: 0 | L22: 0 | M22: 0 | N22: 0 | O22: 0 | P22: =SUM(E22:O22) -> 2
D23: PR | E23: 1 | F23: 1 | G23: 0 | H23: 0 | I23: 0 | J23: 1 | K23: 0 | L23: 0 | M23: 0 | N23: 0 | O23: 0 | P23: =SUM(E23:O23) -> 3
D24: JML | E24: =SUM(E22:E23) -> 1 | F24: =SUM(F22:F23) -> 2 | G24: =SUM(G22:G23) -> 0 | H24: =SUM(H22:H23) -> 1 | I24: =SUM(I22:I23) -> 0 | J24: =SUM(J22:J23) -> 1 | K24: =SUM(K22:K23) -> 0 | L24: =SUM(L22:L23) -> 0 | ... O24: =SUM(O22:O23) -> 0 | P24: =SUM(E24:O24) -> 5
B25: 3. | C25: Jumlah pengguna hak pilih dalam Daftar Pemilih Khusus (DPK) | D25: LK | E25: 0 | F25: 0 | G25: 0 | H25: 1 | I25: 0 | J25: 1 | K25: 0 | L25: 0 | M25: 0 | N25: 0 | O25: 0 | P25: =SUM(E25:O25) -> 2
D26: PR | E26: 0 | F26: 0 | G26: 1 | H26: 0 | I26: 1 | J26: 1 | K26: 0 | L26: 0 | M26: 1 | N26: 2 | O26: 0 | P26: =SUM(E26:O26) -> 6
D27: JML | E27: =SUM(E25:E26) -> 0 | F27: =SUM(F25:F26) -> 0 | G27: =SUM(G25:G26) -> 1 | H27: =SUM(H25:H26) -> 1 | I27: =SUM(I25:I26) -> 1 | J27: =SUM(J25:J26) -> 2 | K27: =SUM(K25:K26) -> 0 | L27: =SUM(L25:L26) -> 0 | ... O27: =SUM(O25:O26) -> 0 | P27: =SUM(E27:O27) -> 8
B28: 4. | C28: Jumlah Pengguna Hak Pilih (B.1+B.2+B.3) | D28: LK | E28: 117 | F28: 76 | G28: 75 | H28: 87 | I28: 98 | J28: 116 | K28: 92 | L28: 101 | M28: 89 | N28: 95 | O28: 81 | P28: =SUM(E28:O28) -> 1027
D29: PR | E29: 113 | F29: 80 | G29: 90 | H29: 92 | I29: 100 | J29: 120 | K29: 103 | L29: 120 | M29: 111 | N29: 95 | O29: 104 | P29: =SUM(E29:O29) -> 1128
D30: JML | E30: =SUM(E28:E29) -> 230 | F30: =SUM(F28:F29) -> 156 | G30: =SUM(G28:G29) -> 165 | H30: =SUM(H28:H29) -> 179 | I30: =SUM(I28:I29) -> 198 | J30: =SUM(J28:J29) -> 236 | K30: =SUM(K28:K29) -> 195 | L30: =SUM(L28:L29) -> 221 | ... O30: =SUM(O28:O29) -> 185 | P30: =SUM(E30:O30) -> 2155
A32: II | B32: DATA PENGGUNAAN SURAT SUARA
A33: 1 | B33: Jumlah surat suara yang diterima, termasuk surat suara cadangan 2,5% dari DPT | E33: 280 | F33: 203 | G33: 216 | H33: 227 | I33: 252 | J33: 302 | K33: 251 | L33: 295 | M33: 278 | N33: 234 | O33: 230 | P33: =SUM(E33:O33) -> 2768
A34: 2 | B34: Jumlah surat suara yang digunakan | E34: 230 | F34: 156 | G34: 165 | H34: 179 | I34: 198 | J34: 236 | K34: 195 | L34: 221 | M34: 200 | N34: 190 | O34: 185 | P34: =SUM(E34:O34) -> 2155
A35: 3 | B35: Jumlah surat suara dikembalikan oleh pemilih (karena rusak atau keliru coblos) | E35: 2 | F35: 0 | G35: 0 | H35: 0 | I35: 0 | J35: 2 | K35: 0 | L35: 1 | M35: 0 | N35: 0 | O35: 0 | P35: =SUM(E35:O35) -> 5
A36: 4 | B36: Jumlah surat suara yang tidak digunakan/tidak terpakai, termasuk sisa surat suara cadangan | E36: =E33-(E34+E35) -> 48 | F36: =F33-(F34+F35) -> 47 | G36: =G33-(G34+G35) -> 51 | H36: =H33-(H34+H35) -> 48 | I36: =I33-(I34+I35) -> 54 | J36: =J33-(J34+J35) -> 64 | K36: =K33-(K34+K35) -> 56 | L36: =L33-(L34+L35) -> 73 | ... O36: =O33-(O34+O35) -> 45 | P36: =SUM(E36:O36) -> 608
A38: III | B38: DATA PEMILIH DISABILITAS
B39: Jumlah seluruh Pemilih disabilitas yang menggunakan hak pilih | D39: LK | E39: 0 | F39: 0 | G39: 0 | H39: 0 | I39: 1 | J39: 0 | K39: 0 | L39: 0 | M39: 0 | N39: 1 | O39: 1 | P39: =SUM(E39:O39) -> 3
D40: PR | E40: 1 | F40: 0 | G40: 0 | H40: 0 | I40: 0 | J40: 0 | K40: 0 | L40: 0 | M40: 0 | N40: 0 | O40: 1 | P40: =SUM(E40:O40) -> 2
D41: JML | E41: =SUM(E39:E40) -> 1 | F41: =SUM(F39:F40) -> 0 | G41: =SUM(G39:G40) -> 0 | H41: =SUM(H39:H40) -> 0 | I41: =SUM(I39:I40) -> 1 | J41: =SUM(J39:J40) -> 0 | K41: =SUM(K39:K40) -> 0 | L41: =SUM(L39:L40) -> 0 | ... O41: =SUM(O39:O40) -> 2 | P41: =SUM(E41:O41) -> 5
A43: IV | B43: DATA RINCIAN PEROLEHAN SUARA PASANGAN CALON BUPATI DAN WAKIL BUPATI
A44: NOMOR DAN NAMA CALON
A45: A.1 | B45: 1. | C45: Partai Kebangkitan Bangsa | E45: 12 | F45: 6 | G45: 9 | H45: 9 | I45: 16 | J45: 9 | K45: 5 | L45: 12 | M45: 9 | N45: 9 | O45: 11 | P45: =SUM(E45:O45) -> 107
A46: A.2 | C46: 1. ARVY RIZALDY, S.E. | E46: 46 | F46: 12 | G46: 7 | H46: 24 | I46: 46 | J46: 32 | K46: 43 | L46: 70 | M46: 81 | N46: 57 | O46: 37 | P46: =SUM(E46:O46) -> 455
C47: 2. HILMI MUSTOFA | E47: 1 | F47: 0 | G47: 0 | H47: 2 | I47: 2 | J47: 1 | K47: 3 | L47: 2 | M47: 0 | N47: 2 | O47: 2 | P47: =SUM(E47:O47) -> 15
C48: 3. RUSDIANAH, A.Ma.Pd | E48: 0 | F48: 0 | G48: 0 | H48: 0 | I48: 0 | J48: 0 | K48: 0 | L48: 2 | M48: 0 | N48: 0 | O48: 0 | P48: =SUM(E48:O48) -> 2
C49: 4. USMAN YUSUF | E49: 1 | F49: 0 | G49: 0 | H49: 1 | I49: 0 | J49: 0 | K49: 1 | L49: 0 | M49: 0 | O49: 0 | P49: =SUM(E49:O49) -> 3
C50: 5. SA`ADAH | E50: 0 | F50: 0 | G50: 0 | H50: 1 | I50: 0 | J50: 0 | K50: 0 | L50: 2 | M50: 0 | O50: 0 | P50: =SUM(E50:O50) -> 3
C51: 6. FARIHA HASANATUL AMALIA | E51: 0 | F51: 0 | G51: 1 | H51: 0 | I51: 0 | J51: 0 | K51: 0 | L51: 0 | M51: 0 | O51: 0 | P51: =SUM(E51:O51) -> 1
A52: B | B52: JUMLAH SUARA SAH PARTAI POLITIK DAN CALON (A1 + A2) | E52: =SUM(E45:E51) -> 60 | F52: =SUM(F45:F51) -> 18 | G52: =SUM(G45:G51) -> 17 | H52: =SUM(H45:H51) -> 37 | I52: =SUM(I45:I51) -> 64 | J52: =SUM(J45:J51) -> 42 | K52: =SUM(K45:K51) -> 52 | L52: =SUM(L45:L51) -> 88 | ... O52: =SUM(O45:O51) -> 50 | P52: =SUM(E52:O52) -> 586
P53: =SUM(E53:O53) -> 0
A54: A.1 | B54: 2. | C54: Partai Gerakan Indonesia Raya | E54: 4 | F54: 5 | G54: 5 | H54: 7 | I54: 5 | J54: 9 | K54: 8 | L54: 3 | M54: 6 | N54: 11 | O54: 8 | P54: =SUM(E54:O54) -> 71
A55: A.2 | C55: 1. SUPARMAN EDY H. | E55: 2 | F55: 2 | G55: 1 | H55: 4 | I55: 6 | J55: 2 | K55: 4 | L55: 4 | M55: 5 | N55: 4 | O55: 4 | P55: =SUM(E55:O55) -> 38
C56: 2. NASIKHUN AMIN | E56: 2 | F56: 0 | G56: 5 | H56: 7 | I56: 0 | J56: 4 | K56: 3 | L56: 1 | M56: 1 | N56: 3 | O56: 2 | P56: =SUM(E56:O56) -> 28
C57: 3. ENY SETIAWATI, S.H | E57: 0 | F57: 0 | G57: 1 | H57: 0 | I57: 1 | J57: 0 | K57: 2 | L57: 0 | M57: 7 | N57: 1 | O57: 1 | P57: =SUM(E57:O57) -> 13
C58: 4. H. ABDUL QODIR, S.H., M.H. | E58: 1 | F58: 0 | G58: 1 | H58: 3 | I58: 6 | J58: 0 | K58: 0 | L58: 0 | M58: 0 | N58: 1 | O58: 0 | P58: =SUM(E58:O58) -> 12
C59: 5. FATMAWATI, S.E. | E59: 0 | F59: 0 | G59: 0 | H59: 0 | I59: 0 | J59: 1 | K59: 1 | L59: 5 | M59: 9 | N59: 0 | O59: 4 | P59: =SUM(E59:O59) -> 20
C60: 6. NANANG NUR AHMADI | E60: 0 | F60: 0 | G60: 0 | H60: 6 | I60: 4 | J60: 0 | K60: 0 | L60: 2 | M60: 2 | N60: 0 | O60: 0 | P60: =SUM(E60:O60) -> 14
A61: B | B61: JUMLAH SUARA SAH PARTAI POLITIK DAN CALON (A1 + A2) | E61: =SUM(E54:E60) -> 9 | F61: =SUM(F54:F60) -> 7 | G61: =SUM(G54:G60) -> 13 | H61: =SUM(H54:H60) -> 27 | I61: =SUM(I54:I60) -> 22 | J61: =SUM(J54:J60) -> 16 | K61: =SUM(K54:K60) -> 18 | L61: =SUM(L54:L60) -> 15 | ... O61: =SUM(O54:O60) -> 19 | P61: =SUM(E61:O61) -> 196
P62: =SUM(E62:O62) -> 0
A63: A.1 | B63: 3. | C63: Partai Demokrasi Indonesia Perjuangan | E63: 4 | F63: 4 | G63: 0 | H63: 1 | I63: 3 | J63: 2 | K63: 3 | L63: 3 | M63: 5 | N63: 4 | O63: 4 | P63: =SUM(E63:O63) -> 33
A64: A.2 | C64: 1. WAGIANTO | E64: 2 | F64: 3 | G64: 0 | H64: 5 | I64: 1 | J64: 2 | K64: 4 | L64: 4 | M64: 5 | N64: 9 | O64: 6 | P64: =SUM(E64:O64) -> 41
C65: 2. ERIK TRISDIANTANA | E65: 1 | F65: 0 | G65: 1 | H65: 0 | I65: 2 | J65: 1 | K65: 0 | L65: 1 | M65: 1 | N65: 1 | O65: 2 | P65: =SUM(E65:O65) -> 10
C66: 3. NI GALUH PARWATI | E66: 1 | F66: 0 | G66: 0 | H66: 0 | I66: 0 | J66: 0 | K66: 0 | L66: 0 | M66: 0 | N66: 5 | O66: 6 | P66: =SUM(E66:O66) -> 12
C67: 4. DZULFIKAR REZKY | E67: 0 | F67: 0 | G67: 1 | H67: 0 | I67: 1 | J67: 0 | K67: 2 | L67: 0 | M67: 2 | N67: 2 | O67: 0 | P67: =SUM(E67:O67) -> 8
C68: 5. AMALIYAH | E68: 0 | F68: 0 | G68: 0 | H68: 0 | I68: 0 | J68: 1 | K68: 0 | L68: 1 | M68: 1 | N68: 3 | O68: 0 | P68: =SUM(E68:O68) -> 6
C69: 6. PUTRI PARAMITA CIPTASARI | E69: 0 | F69: 0 | G69: 0 | H69: 0 | I69: 0 | J69: 0 | K69: 0 | L69: 0 | M69: 0 | N69: 0 | O69: 0 | P69: =SUM(E69:O69) -> 0
A70: B | B70: JUMLAH SUARA SAH PARTAI POLITIK DAN CALON (A1 + A2) | E70: =SUM(E63:E69) -> 8 | F70: =SUM(F63:F69) -> 7 | G70: =SUM(G63:G69) -> 2 | H70: =SUM(H63:H69) -> 6 | I70: =SUM(I63:I69) -> 7 | J70: =SUM(J63:J69) -> 6 | K70: =SUM(K63:K69) -> 9 | L70: =SUM(L63:L69) -> 9 | ... O70: =SUM(O63:O69) -> 18 | P70: =SUM(E70:O70) -> 110
P71: =SUM(E71:O71) -> 0
A72: A.1 | B72: 4. | C72: Partai Golongan Karya | E72: 6 | F72: 6 | G72: 1 | H72: 3 | I72: 0 | J72: 4 | K72: 3 | L72: 2 | M72: 1 | N72: 0 | O72: 0 | P72: =SUM(E72:O72) -> 26
A73: A.2 | C73: 1. MARIFATUL KAMILA, S.H. | E73: 38 | F73: 31 | G73: 34 | H73: 7 | I73: 20 | J73: 34 | K73: 6 | L73: 3 | M73: 5 | N73: 1 | O73: 3 | P73: =SUM(E73:O73) -> 182
C74: 2. KUSWORO, S.Pd. | E74: 1 | F74: 1 | G74: 2 | H74: 0 | I74: 0 | J74: 0 | K74: 0 | L74: 0 | M74: 0 | N74: 0 | P74: =SUM(E74:O74) -> 4
C75: 3. DIDIK SANTOSO, S.Pd. | E75: 0 | F75: 0 | G75: 0 | H75: 0 | J75: 1 | K75: 0 | L75: 0 | M75: 0 | P75: =SUM(E75:O75) -> 1
C76: 4. ASYIQ RAHMATULLAH, H | E76: 1 | F76: 0 | G76: 0 | H76: 0 | J76: 0 | K76: 0 | L76: 0 | M76: 0 | P76: =SUM(E76:O76) -> 1
C77: 5. ARI PANGESTI | E77: 0 | F77: 1 | G77: 0 | H77: 0 | J77: 0 | K77: 0 | L77: 0 | M77: 0 | P77: =SUM(E77:O77) -> 1
C78: 6. H. HANDOKO, S.E. | E78: 0 | F78: 0 | G78: 0 | H78: 2 | J78: 2 | K78: 3 | L78: 13 | M78: 1 | P78: =SUM(E78:O78) -> 21
A79: B | B79: JUMLAH SUARA SAH PARTAI POLITIK DAN CALON (A1 + A2) | E79: =SUM(E72:E78) -> 46 | F79: =SUM(F72:F78) -> 39 | G79: =SUM(G72:G78) -> 37 | H79: =SUM(H72:H78) -> 12 | I79: =SUM(I72:I78) -> 20 | J79: =SUM(J72:J78) -> 41 | K79: =SUM(K72:K78) -> 12 | L79: =SUM(L72:L78) -> 18 | ... O79: =SUM(O72:O78) -> 3 | P79: =SUM(E79:O79) -> 236
P80: =SUM(E80:O80) -> 0
A81: A.1 | B81: 5. | C81: Partai NasDem | E81: 1 | F81: 1 | G81: 0 | H81: 0 | I81: 1 | J81: 1 | K81: 0 | L81: 0 | M81: 1 | N81: 0 | O81: 1 | P81: =SUM(E81:O81) -> 6
A82: A.2 | C82: 1. H. EDI PURNOMO | E82: 0 | F82: 0 | G82: 0 | H82: 1 | I82: 0 | J82: 1 | K82: 0 | L82: 1 | M82: 1 | N82: 0 | O82: 0 | P82: =SUM(E82:O82) -> 4
C83: 2. I GEDE SUDRO WICANO | F83: 1 | G83: 0 | H83: 1 | I83: 5 | J83: 6 | K83: 4 | L83: 5 | M83: 12 | N83: 6 | O83: 8 | P83: =SUM(E83:O83) -> 48
C84: 3. TRI MARVILA SUKMANA, S.H. | F84: 0 | G84: 0 | H84: 0 | I84: 0 | J84: 1 | K84: 0 | L84: 0 | M84: 0 | N84: 0 | O84: 0 | P84: =SUM(E84:O84) -> 1
C85: 4. ISLAMIYAH LESTARI | G85: 0 | H85: 0 | I85: 0 | J85: 0 | K85: 0 | M85: 0 | N85: 0 | O85: 0 | P85: =SUM(E85:O85) -> 0
C86: 5. LUTFI WAHYUDI | G86: 0 | H86: 0 | I86: 0 | J86: 0 | K86: 0 | M86: 0 | N86: 1 | O86: 0 | P86: =SUM(E86:O86) -> 1
C87: 6. AGUS MAIDO | G87: 0 | H87: 0 | I87: 0 | J87: 0 | K87: 1 | M87: 0 | N87: 0 | O87: 0 | P87: =SUM(E87:O87) -> 1
A88: B | B88: JUMLAH SUARA SAH PARTAI POLITIK DAN CALON (A1 + A2) | E88: =SUM(E81:E87) -> 1 | F88: =SUM(F81:F87) -> 2 | G88: =SUM(G81:G87) -> 0 | H88: =SUM(H81:H87) -> 2 | I88: =SUM(I81:I87) -> 6 | J88: =SUM(J81:J87) -> 9 | K88: =SUM(K81:K87) -> 5 | L88: =SUM(L81:L87) -> 6 | ... O88: =SUM(O81:O87) -> 9 | P88: =SUM(E88:O88) -> 61
P89: =SUM(E89:O89) -> 0
A90: A.1 | B90: 6. | C90: Partai Buruh | G90: 0 | H90: 0 | I90: 2 | J90: 0 | L90: 1 | M90: 1 | P90: =SUM(E90:O90) -> 4
A91: A.2 | C91: 1. ERWIN SANTOSO | G91: 1 | H91: 0 | I91: 0 | J91: 0 | L91: 0 | M91: 0 | P91: =SUM(E91:O91) -> 1
A92: B | B92: JUMLAH SUARA SAH PARTAI POLITIK DAN CALON (A1 + A2) | E92: =SUM(E90:E91) -> 0 | F92: =SUM(F90:F91) -> 0 | G92: =SUM(G90:G91) -> 1 | H92: =SUM(H90:H91) -> 0 | I92: =SUM(I90:I91) -> 2 | J92: =SUM(J90:J91) -> 0 | K92: =SUM(K90:K91) -> 0 | L92: =SUM(L90:L91) -> 1 | ... O92: =SUM(O90:O91) -> 0 | P92: =SUM(E92:O92) -> 5
P93: =SUM(E93:O93) -> 0
A94: A.1 | B94: 7. | C94: Partai Gelombang Rakyat Indonesia | F94: 0 | G94: 0 | H94: 0 | I94: 0 | J94: 1 | K94: 2 | L94: 0 | M94: 0 | O94: 0 | P94: =SUM(E94:O94) -> 3
A95: A.2 | C95: 1. SUTRISNO | G95: 0 | H95: 0 | I95: 0 | J95: 0 | K95: 0 | L95: 3 | M95: 0 | O95: 1 | P95: =SUM(E95:O95) -> 4
C96: 2. MOH. ANNAS | G96: 0 | H96: 0 | I96: 1 | J96: 1 | L96: 1 | M96: 0 | O96: 0 | P96: =SUM(E96:O96) -> 3
C97: 3. NI MADE AYU PUNIARSI | G97: 0 | H97: 0 | I97: 0 | J97: 0 | L97: 0 | M97: 0 | O97: 0 | P97: =SUM(E97:O97) -> 0
C98: 4. HENDRA KURNIAWAN | G98: 0 | H98: 0 | J98: 0 | L98: 0 | M98: 0 | O98: 0 | P98: =SUM(E98:O98) -> 0
C99: 5. DEASY GITTA PERWITASARI | G99: 0 | H99: 0 | J99: 0 | L99: 0 | M99: 0 | O99: 1 | P99: =SUM(E99:O99) -> 1
C100: 6. SUPRAPTO | G100: 0 | H100: 0 | J100: 0 | L100: 0 | M100: 1 | O100: 0 | P100: =SUM(E100:O100) -> 1
A101: B | B101: JUMLAH SUARA SAH PARTAI POLITIK DAN CALON (A1 + A2) | E101: =SUM(E94:E100) -> 0 | F101: =SUM(F94:F100) -> 0 | G101: =SUM(G94:G100) -> 0 | H101: =SUM(H94:H100) -> 0 | I101: =SUM(I94:I100) -> 1 | J101: =SUM(J94:J100) -> 2 | K101: =SUM(K94:K100) -> 2 | L101: =SUM(L94:L100) -> 4 | ... O101: =SUM(O94:O100) -> 2 | P101: =SUM(E101:O101) -> 12
P102: =SUM(E102:O102) -> 0
A103: A.1 | B103: 8. | C103: Partai Keadilan Sejahtera | F103: 0 | G103: 0 | H103: 0 | I103: 1 | J103: 0 | M103: 0 | O103: 0 | P103: =SUM(E103:O103) -> 1
A104: A.2 | C104: 1. ARIEF WAHYUDI DJ, S.T. | F104: 1 | G104: 1 | H104: 0 | I104: 0 | J104: 0 | M104: 0 | O104: 0 | P104: =SUM(E104:O104) -> 2
C105: 2. SUMAJI | F105: 0 | G105: 0 | H105: 0 | I105: 0 | J105: 0 | M105: 0 | O105: 1 | P105: =SUM(E105:O105) -> 1
C106: 3. LILIK MARIYANA, S.Pd. | G106: 0 | H106: 1 | I106: 0 | J106: 0 | M106: 0 | O106: 0 | P106: =SUM(E106:O106) -> 1
C107: 4. M. HARUN | G107: 0 | H107: 0 | I107: 1 | J107: 0 | M107: 0 | O107: 2 | P107: =SUM(E107:O107) -> 3
C108: 5. SHOLIHIN, S.P. | G108: 0 | H108: 0 | I108: 1 | J108: 0 | M108: 0 | O108: 0 | P108: =SUM(E108:O108) -> 1
C109: 6. HANIFATUL IMTITSAL, S.K.M. | G109: 0 | H109: 1 | I109: 0 | J109: 0 | M109: 0 | O109: 0 | P109: =SUM(E109:O109) -> 1
A110: B | B110: JUMLAH SUARA SAH PARTAI POLITIK DAN CALON (A1 + A2) | E110: =SUM(E103:E109) -> 0 | F110: =SUM(F103:F109) -> 1 | G110: =SUM(G103:G109) -> 1 | H110: =SUM(H103:H109) -> 2 | I110: =SUM(I103:I109) -> 3 | J110: =SUM(J103:J109) -> 0 | K110: =SUM(K103:K109) -> 0 | L110: =SUM(L103:L109) -> 0 | ... O110: =SUM(O103:O109) -> 3 | P110: =SUM(E110:O110) -> 10
P111: =SUM(E111:O111) -> 0
...

Sheet WATUKEBO
C2: Kecamatan | D2: BLIMBINGSARI
C3: Kabupaten | D3: BANYUWANGI
C4: Provinsi | D4: JAWA TIMUR
C9: Kelurahan | D9: WATUKEBO
A12: I | B12: DATA PEMILIH DAN PENGGUNAAN HAK PILIH | AK12: JUMLAH AKHIR
A13: A | B13: DATA PEMILIH | E13: TPS 001 | F13: TPS 002 | G13: TPS 003 | H13: TPS 004 | I13: TPS 005 | J13: TPS 006 | K13: TPS 007 | L13: TPS 008 | M13: TPS 009 | N13: TPS 010 | O13: TPS 011 | P13: TPS 012 | Q13: TPS 013 | R13: TPS 014 | S13: TPS 015 | T13: TPS 016 | U13: TPS 017 | V13: TPS 018 | W13: TPS 019 | X13: TPS 020 | Y13: TPS 021 | Z13: TPS 022 | AA13: TPS 023 | AB13: TPS 024 | AC13: TPS 025 | AD13: TPS 026 | AE13: TPS 027 | AF13: TPS 028 | AG13: TPS 029 | AH13: TPS 030 | AI13: TPS 031 | AJ13: TPS 032
B14: Jumlah Pemilih dalam Daftar Pemilih Tetap (DPT) | D14: LK | E14: 138 | F14: 123 | G14: 119 | H14: 144 | I14: 128 | J14: 138 | K14: 117 | L14: 143 | M14: 141 | N14: 141 | O14: 116 | P14: 135 | Q14: 122 | R14: 117 | S14: 136 | T14: 147 | U14: 112 | V14: 95 | W14: 116 | X14: 146 | Y14: 132 | Z14: 129 | AA14: 144 | AB14: 151 | AC14: 117 | AD14: 109 | AE14: 149 | AF14: 131 | AG14: 147 | AH14: 118 | AI14: 127 | AJ14: 108 | AK14: =SUM(E14:AJ14) -> 4136
D15: PR | E15: 139 | F15: 128 | G15: 134 | H15: 150 | I15: 132 | J15: 141 | K15: 132 | L15: 150 | M15: 151 | N15: 153 | O15: 117 | P15: 138 | Q15: 146 | R15: 148 | S15: 137 | T15: 143 | U15: 103 | V15: 90 | W15: 116 | X15: 141 | Y15: 134 | Z15: 138 | AA15: 144 | AB15: 137 | AC15: 112 | AD15: 136 | AE15: 140 | AF15: 130 | AG15: 149 | AH15: 128 | AI15: 124 | AJ15: 115 | AK15: =SUM(E15:AJ15) -> 4276
D16: JML | E16: =SUM(E14:E15) -> 277 | F16: =SUM(F14:F15) -> 251 | G16: =SUM(G14:G15) -> 253 | H16: =SUM(H14:H15) -> 294 | I16: =SUM(I14:I15) -> 260 | J16: =SUM(J14:J15) -> 279 | K16: =SUM(K14:K15) -> 249 | L16: =SUM(L14:L15) -> 293 | ... AJ16: =SUM(AJ14:AJ15) -> 223 | AK16: =SUM(E16:AJ16) -> 8412
A18: B | B18: PENGGUNA HAK PILIH
B19: 1. | C19: Jumlah pengguna hak pilih dalam Daftar Pemilih Tetap (DPT) | D19: LK | E19: 117 | F19: 103 | G19: 100 | H19: 113 | I19: 109 | J19: 112 | K19: 90 | L19: 101 | M19: 114 | N19: 110 | O19: 82 | P19: 100 | Q19: 84 | R19: 85 | S19: 101 | T19: 106 | U19: 81 | V19: 76 | W19: 85 | X19: 115 | Y19: 90 | Z19: 101 | AA19: 115 | AB19: 125 | AC19: 86 | AD19: 93 | AE19: 108 | AF19: 93 | AG19: 120 | AH19: 118 | AI19: 96 | AJ19: 90 | AK19: =SUM(E19:AJ19) -> 3219
D20: PR | E20: 111 | F20: 106 | G20: 110 | H20: 126 | I20: 115 | J20: 116 | K20: 107 | L20: 120 | M20: 129 | N20: 132 | O20: 95 | P20: 117 | Q20: 109 | R20: 129 | S20: 124 | T20: 115 | U20: 74 | V20: 65 | W20: 85 | X20: 108 | Y20: 99 | Z20: 111 | AA20: 104 | AB20: 115 | AC20: 89 | AD20: 118 | AE20: 118 | AF20: 113 | AG20: 128 | AH20: 128 | AI20: 110 | AJ20: 95 | AK20: =SUM(E20:AJ20) -> 3521
D21: JML | E21: 228 | F21: 209 | G21: 210 | H21: 239 | I21: 224 | J21: 228 | K21: 197 | L21: 221 | M21: 243 | N21: 242 | O21: 177 | P21: 217 | Q21: 193 | R21: 214 | S21: 225 | T21: 221 | U21: 155 | V21: 141 | W21: 170 | X21: 223 | Y21: 189 | Z21: 212 | AA21: 219 | AB21: 240 | AC21: 175 | AD21: 211 | AE21: 226 | AF21: 206 | AG21: 248 | AH21: 246 | AI21: 206 | AJ21: 185 | AK21: =SUM(E21:AJ21) -> 6740
B22: 2. | C22: Jumlah pengguna hak pilih dalam Daftar Pemilih Tambahan (DPTb) | D22: LK | E22: 0 | F22: 0 | G22: 0 | H22: 0 | I22: 0 | J22: 0 | K22: 0 | L22: 0 | M22: 0 | N22: 0 | O22: 0 | P22: 0 | Q22: 0 | R22: 0 | S22: 0 | T22: 0 | U22: 0 | V22: 0 | W22: 0 | X22: 0 | Y22: 0 | Z22: 0 | AA22: 0 | AB22: 0 | AC22: 0 | AD22: 0 | AE22: 0 | AF22: 0 | AG22: 0 | AH22: 0 | AI22: 0 | AJ22: 0 | AK22: =SUM(E22:AJ22) -> 0
D23: PR | E23: 0 | F23: 0 | G23: 0 | H23: 0 | I23: 1 | J23: 0 | K23: 0 | L23: 0 | M23: 0 | N23: 0 | O23: 0 | P23: 0 | Q23: 0 | R23: 0 | S23: 0 | T23: 0 | U23: 0 | V23: 0 | W23: 0 | X23: 0 | Y23: 0 | Z23: 0 | AA23: 0 | AB23: 0 | AC23: 0 | AD23: 0 | AE23: 0 | AF23: 0 | AG23: 0 | AH23: 0 | AI23: 0 | AJ23: 0 | AK23: =SUM(E23:AJ23) -> 1
D24: JML | E24: 0 | F24: 0 | G24: 0 | H24: 0 | I24: 1 | J24: 0 | K24: 0 | L24: 0 | M24: 0 | N24: 0 | O24: 0 | P24: 0 | Q24: 0 | R24: 0 | S24: 0 | T24: 0 | U24: 0 | V24: 0 | W24: 0 | X24: 0 | Y24: 0 | Z24: 0 | AA24: 0 | AB24: 0 | AC24: 0 | AD24: 0 | AE24: 0 | AF24: 0 | AG24: 0 | AH24: 0 | AI24: 0 | AJ24: 0 | AK24: =SUM(E24:AJ24) -> 1
B25: 3. | C25: Jumlah pengguna hak pilih dalam Daftar Pemilih Khusus (DPK) | D25: LK | E25: 0 | F25: 0 | G25: 0 | H25: 0 | I25: 0 | J25: 0 | K25: 3 | L25: 0 | M25: 0 | N25: 0 | O25: 0 | P25: 0 | Q25: 0 | R25: 0 | S25: 0 | T25: 0 | U25: 1 | V25: 0 | W25: 1 | X25: 2 | Y25: 1 | Z25: 2 | AA25: 0 | AB25: 0 | AC25: 1 | AD25: 0 | AE25: 1 | AF25: 1 | AG25: 1 | AH25: 1 | AI25: 0 | AJ25: 0 | AK25: =SUM(E25:AJ25) -> 15
D26: PR | E26: 0 | F26: 1 | G26: 0 | H26: 1 | I26: 0 | J26: 0 | K26: 0 | L26: 0 | M26: 0 | N26: 0 | O26: 1 | P26: 1 | Q26: 0 | R26: 0 | S26: 2 | T26: 1 | U26: 0 | V26: 0 | W26: 1 | X26: 7 | Y26: 2 | Z26: 4 | AA26: 0 | AB26: 0 | AC26: 2 | AD26: 0 | AE26: 2 | AF26: 0 | AG26: 1 | AH26: 0 | AI26: 0 | AJ26: 0 | AK26: =SUM(E26:AJ26) -> 26
D27: JML | E27: 0 | F27: 1 | G27: 0 | H27: 1 | I27: 0 | J27: 0 | K27: 3 | L27: 0 | M27: 0 | N27: 0 | O27: 0 | P27: 1 | Q27: 1 | R27: 0 | S27: 0 | T27: 1 | U27: 0 | V27: 0 | W27: 2 | X27: 9 | Y27: 3 | Z27: 6 | AA27: 0 | AB27: 0 | AC27: 3 | AD27: 0 | AE27: 3 | AF27: 1 | AG27: 2 | AH27: 1 | AI27: 0 | AJ27: 0 | AK27: =SUM(E27:AJ27) -> 38
B28: 4. | C28: Jumlah Pengguna Hak Pilih (B.1+B.2+B.3) | D28: LK | E28: =SUM(E19+E22+E25) -> 117 | F28: =SUM(F19+F22+F25) -> 103 | G28: =SUM(G19+G22+G25) -> 100 | H28: =SUM(H19+H22+H25) -> 113 | I28: =SUM(I19+I22+I25) -> 109 | J28: =SUM(J19+J22+J25) -> 112 | K28: =SUM(K19+K22+K25) -> 93 | L28: =SUM(L19+L22+L25) -> 101 | ... AJ28: =SUM(AJ19+AJ22+AJ25) -> 90 | AK28: =SUM(E28:AJ28) -> 3234
D29: PR | E29: =SUM(E20+E23+E26) -> 111 | F29: =SUM(F20+F23+F26) -> 107 | G29: =SUM(G20+G23+G26) -> 110 | H29: =SUM(H20+H23+H26) -> 127 | I29: =SUM(I20+I23+I26) -> 116 | J29: =SUM(J20+J23+J26) -> 116 | K29: =SUM(K20+K23+K26) -> 107 | L29: =SUM(L20+L23+L26) -> 120 | ... AJ29: =SUM(AJ20+AJ23+AJ26) -> 95 | AK29: =SUM(E29:AJ29) -> 3548
D30: JML | E30: =SUM(E28:E29) -> 228 | F30: =SUM(F28:F29) -> 210 | G30: =SUM(G28:G29) -> 210 | H30: =SUM(H28:H29) -> 240 | I30: =SUM(I28:I29) -> 225 | J30: =SUM(J28:J29) -> 228 | K30: =SUM(K28:K29) -> 200 | L30: =SUM(L28:L29) -> 221 | ... AK30: =SUM(AK28:AK29) -> 6782
A32: II | B32: DATA PENGGUNAAN SURAT SUARA
A33: 1 | B33: Jumlah surat suara yang diterima, termasuk surat suara cadangan 2,5% dari DPT | E33: 283 | F33: 257 | G33: 259 | H33: 300 | I33: 266 | J33: 285 | K33: 254 | L33: 299 | M33: 298 | N33: 300 | O33: 238 | P33: 279 | Q33: 264 | R33: 273 | S33: 279 | T33: 296 | U33: 220 | V33: 189 | W33: 237 | X33: 293 | Y33: 272 | Z33: 273 | AA33: 294 | AB33: 294 | AC33: 234 | AD33: 250 | AE33: 295 | AF33: 267 | AG33: 302 | AH33: 251 | AI33: 257 | AJ33: 228 | AK33: =SUM(E33:AJ33) -> 8586
A34: 2 | B34: Jumlah surat suara yang digunakan | E34: 228 | F34: 210 | G34: 210 | H34: 240 | I34: 225 | J34: 228 | K34: 200 | L34: 221 | M34: 243 | N34: 242 | O34: 178 | P34: 218 | Q34: 193 | R34: 214 | S34: 227 | T34: 222 | U34: 156 | V34: 141 | W34: 172 | X34: 232 | Y34: 192 | Z34: 218 | AA34: 219 | AB34: 240 | AC34: 178 | AD34: 211 | AE34: 229 | AF34: 207 | AG34: 250 | AH34: 247 | AI34: 206 | AJ34: 185 | AK34: =SUM(E34:AJ34) -> 6782
A35: 3 | B35: Jumlah surat suara dikembalikan oleh pemilih (karena rusak atau keliru coblos) | E35: 0 | F35: 0 | G35: 0 | H35: 1 | I35: 0 | J35: 0 | K35: 1 | L35: 0 | M35: 0 | N35: 0 | O35: 0 | P35: 0 | Q35: 1 | R35: 0 | S35: 0 | T35: 0 | U35: 2 | V35: 0 | W35: 0 | X35: 0 | Y35: 1 | Z35: 0 | AA35: 0 | AB35: 0 | AC35: 0 | AD35: 4 | AE35: 0 | AF35: 0 | AG35: 0 | AH35: 2 | AI35: 0 | AJ35: 1 | AK35: =SUM(E35:AJ35) -> 13
A36: 4 | B36: Jumlah surat suara yang tidak digunakan/tidak terpakai, termasuk sisa surat suara cadangan | E36: =E33-(E34+E35) -> 55 | F36: =F33-(F34+F35) -> 47 | G36: =G33-(G34+G35) -> 49 | H36: =H33-(H34+H35) -> 59 | I36: =I33-(I34+I35) -> 41 | J36: =J33-(J34+J35) -> 57 | K36: =K33-(K34+K35) -> 53 | L36: =L33-(L34+L35) -> 78 | ... AJ36: =AJ33-(AJ34+AJ35) -> 42 | AK36: =SUM(E36:AJ36) -> 1791
A38: III | B38: DATA PEMILIH DISABILITAS
B39: Jumlah seluruh Pemilih disabilitas yang menggunakan hak pilih | D39: LK | E39: 1 | F39: 0 | G39: 0 | H39: 0 | I39: 0 | J39: 0 | K39: 0 | L39: 0 | M39: 0 | N39: 0 | O39: 0 | P39: 0 | Q39: 0 | R39: 0 | S39: 1 | T39: 0 | U39: 2 | V39: 0 | W39: 0 | X39: 1 | Y39: 0 | Z39: 0 | AA39: 0 | AB39: 0 | AC39: 0 | AD39: 0 | AE39: 0 | AF39: 2 | AG39: 1 | AH39: 5 | AI39: 1 | AJ39: 0 | AK39: =SUM(E39:AJ39) -> 14
D40: PR | E40: 0 | F40: 0 | G40: 0 | H40: 0 | I40: 1 | J40: 0 | K40: 0 | L40: 0 | M40: 0 | N40: 0 | O40: 0 | P40: 0 | Q40: 0 | R40: 4 | S40: 0 | T40: 0 | U40: 0 | V40: 0 | W40: 0 | X40: 0 | Y40: 0 | Z40: 0 | AA40: 1 | AB40: 0 | AC40: 0 | AD40: 0 | AE40: 0 | AF40: 0 | AG40: 1 | AH40: 3 | AI40: 0 | AJ40: 0 | AK40: =SUM(E40:AJ40) -> 10
D41: JML | E41: =SUM(E39:E40) -> 1 | F41: =SUM(F39:F40) -> 0 | G41: =SUM(G39:G40) -> 0 | H41: =SUM(H39:H40) -> 0 | I41: =SUM(I39:I40) -> 1 | J41: =SUM(J39:J40) -> 0 | K41: =SUM(K39:K40) -> 0 | L41: =SUM(L39:L40) -> 0 | ... AJ41: =SUM(AJ39:AJ40) -> 0 | AK41: =SUM(E41:AJ41) -> 24
A43: IV | B43: DATA RINCIAN PEROLEHAN SUARA PASANGAN CALON BUPATI DAN WAKIL BUPATI
A44: NOMOR DAN NAMA CALON
A45: A.1 | B45: 1. | C45: Partai Kebangkitan Bangsa | E45: 34 | F45: 12 | G45: 30 | H45: 17 | I45: 15 | J45: 17 | K45: 12 | L45: 28 | M45: 33 | N45: 29 | O45: 14 | P45: 12 | Q45: 10 | R45: 12 | S45: 15 | T45: 12 | U45: 9 | V45: 0 | W45: 0 | X45: 3 | Y45: 9 | Z45: 14 | AA45: 12 | AB45: 7 | AC45: 7 | AD45: 14 | AE45: 8 | AF45: 7 | AG45: 6 | AH45: 14 | AI45: 20 | AJ45: 9 | AK45: =SUM(E45:AJ45) -> 441
A46: A.2 | C46: 1. ARVY RIZALDY, S.E. | E46: 136 | F46: 163 | G46: 158 | H46: 189 | I46: 183 | J46: 96 | K46: 127 | L46: 126 | M46: 123 | N46: 126 | O46: 91 | P46: 76 | Q46: 72 | R46: 85 | S46: 141 | T46: 120 | U46: 111 | V46: 9 | W46: 4 | X46: 42 | Y46: 33 | Z46: 73 | AA46: 48 | AB46: 55 | AC46: 105 | AD46: 143 | AE46: 53 | AF46: 56 | AG46: 69 | AH46: 83 | AI46: 26 | AJ46: 71 | AK46: =SUM(E46:AJ46) -> 2993
C47: 2. HILMI MUSTOFA | E47: 3 | F47: 1 | G47: 3 | H47: 1 | I47: 1 | J47: 0 | K47: 0 | L47: 0 | M47: 1 | N47: 1 | O47: 0 | P47: 1 | Q47: 2 | R47: 6 | S47: 0 | T47: 4 | U47: 0 | V47: 0 | W47: 0 | X47: 0 | Y47: 1 | Z47: 0 | AA47: 0 | AB47: 0 | AC47: 0 | AD47: 0 | AE47: 0 | AF47: 0 | AG47: 1 | AH47: 0 | AI47: 0 | AJ47: 0 | AK47: =SUM(E47:AJ47) -> 26
C48: 3. RUSDIANAH, A.Ma.Pd | E48: 0 | F48: 0 | G48: 2 | H48: 1 | I48: 0 | J48: 0 | K48: 0 | L48: 1 | M48: 0 | N48: 1 | O48: 0 | P48: 0 | Q48: 1 | R48: 1 | S48: 0 | T48: 1 | U48: 0 | V48: 0 | W48: 0 | X48: 0 | Y48: 0 | Z48: 1 | AA48: 2 | AB48: 0 | AC48: 0 | AD48: 1 | AE48: 0 | AF48: 0 | AG48: 0 | AH48: 0 | AI48: 0 | AJ48: 0 | AK48: =SUM(E48:AJ48) -> 12
C49: 4. USMAN YUSUF | E49: 0 | F49: 0 | G49: 0 | H49: 0 | I49: 0 | J49: 0 | K49: 0 | L49: 0 | M49: 0 | N49: 0 | O49: 0 | P49: 1 | Q49: 0 | R49: 0 | S49: 0 | T49: 0 | U49: 1 | V49: 0 | W49: 0 | X49: 0 | Y49: 0 | Z49: 0 | AA49: 0 | AB49: 0 | AC49: 0 | AD49: 0 | AE49: 0 | AF49: 0 | AG49: 0 | AI49: 0 | AJ49: 0 | AK49: =SUM(E49:AJ49) -> 2
C50: 5. SA`ADAH | E50: 0 | F50: 0 | G50: 0 | H50: 0 | I50: 0 | J50: 0 | K50: 0 | L50: 0 | M50: 0 | N50: 0 | O50: 1 | P50: 0 | Q50: 0 | R50: 0 | S50: 0 | T50: 0 | U50: 0 | V50: 0 | W50: 0 | X50: 0 | Y50: 0 | Z50: 0 | AA50: 0 | AB50: 0 | AC50: 0 | AD50: 2 | AE50: 0 | AF50: 0 | AG50: 0 | AI50: 0 | AJ50: 0 | AK50: =SUM(E50:AJ50) -> 3
C51: 6. FARIHA HASANATUL AMALIA | E51: 0 | F51: 0 | G51: 0 | H51: 0 | I51: 0 | J51: 0 | K51: 0 | L51: 0 | M51: 0 | N51: 0 | O51: 0 | P51: 1 | Q51: 0 | R51: 1 | S51: 0 | T51: 0 | U51: 0 | V51: 1 | W51: 0 | X51: 0 | Y51: 0 | Z51: 0 | AA51: 1 | AB51: 0 | AC51: 0 | AD51: 0 | AE51: 0 | AF51: 0 | AG51: 0 | AI51: 0 | AJ51: 0 | AK51: =SUM(E51:AJ51) -> 4
A52: B | B52: JUMLAH SUARA SAH PARTAI POLITIK DAN CALON (A1 + A2) | E52: =SUM(E45:E51) -> 173 | F52: =SUM(F45:F51) -> 176 | G52: =SUM(G45:G51) -> 193 | H52: =SUM(H45:H51) -> 208 | I52: =SUM(I45:I51) -> 199 | J52: =SUM(J45:J51) -> 113 | K52: =SUM(K45:K51) -> 139 | L52: =SUM(L45:L51) -> 155 | ... AJ52: =SUM(AJ45:AJ51) -> 80 | AK52: =SUM(E52:AJ52) -> 3481
AK53: =SUM(E53:AJ53) -> 0
A54: A.1 | B54: 2. | C54: Partai Gerakan Indonesia Raya | E54: 7 | F54: 0 | G54: 2 | H54: 0 | I54: 3 | J54: 2 | K54: 2 | L54: 8 | M54: 3 | N54: 1 | O54: 3 | P54: 5 | Q54: 8 | R54: 4 | S54: 2 | T54: 3 | U54: 3 | V54: 0 | W54: 1 | X54: 0 | Y54: 8 | Z54: 2 | AA54: 6 | AB54: 0 | AC54: 0 | AD54: 3 | AE54: 2 | AF54: 1 | AG54: 2 | AH54: 7 | AI54: 7 | AJ54: 3 | AK54: =SUM(E54:AJ54) -> 98
A55: A.2 | C55: 1. SUPARMAN EDY H. | E55: 0 | F55: 0 | G55: 0 | H55: 0 | I55: 0 | J55: 0 | K55: 1 | L55: 0 | M55: 0 | N55: 3 | O55: 1 | P55: 3 | Q55: 0 | R55: 2 | S55: 3 | T55: 2 | U55: 2 | V55: 0 | W55: 0 | X55: 0 | Y55: 0 | Z55: 1 | AA55: 0 | AB55: 0 | AC55: 0 | AD55: 0 | AE55: 3 | AF55: 0 | AG55: 4 | AH55: 1 | AI55: 1 | AJ55: 1 | AK55: =SUM(E55:AJ55) -> 28
C56: 2. NASIKHUN AMIN | E56: 0 | F56: 0 | G56: 0 | H56: 0 | I56: 0 | J56: 1 | K56: 0 | L56: 0 | M56: 0 | N56: 1 | O56: 0 | P56: 0 | Q56: 0 | R56: 0 | S56: 1 | T56: 2 | U56: 0 | V56: 1 | W56: 0 | X56: 0 | Y56: 1 | Z56: 0 | AA56: 1 | AB56: 0 | AC56: 1 | AD56: 0 | AE56: 0 | AF56: 0 | AG56: 0 | AH56: 1 | AI56: 1 | AJ56: 0 | AK56: =SUM(E56:AJ56) -> 11
