Workbook

Sheet DPRD KABUPATEN
C8: Kecamatan
C9: Kabupaten | D9: BANYUWANGI
C10: Provinsi | D10: JAWA TIMUR
A12: I | B12: DATA PEMILIH DAN PENGGUNAAN HAK PILIH | E12: JUMLAH AKHIR
A13: A | B13: DATA PEMILIH
B14: Jumlah Pemilih dalam Daftar Pemilih Tetap (DPT) | D14: LK | E14: =SONGGON!AF14+BALAK!X14+SRAGI!AG14+PARANGHARJO!S14+BEDEWANG!W14+BAYU!AB14+SUMBERARUM!X14+SUMBERBULU!Q14+BANGUNSARI!O14 -> 22660
D15: PR | E15: =SONGGON!AF15+BALAK!X15+SRAGI!AG15+PARANGHARJO!S15+BEDEWANG!W15+BAYU!AB15+SUMBERARUM!X15+SUMBERBULU!Q15+BANGUNSARI!O15 -> 22859
D16: JML | E16: =SUM(E14:E15) -> 45519
A18: B | B18: PENGGUNA HAK PILIH
B19: 1. | C19: Jumlah pengguna hak pilih dalam Daftar Pemilih Tetap (DPT) | D19: LK | E19: =SONGGON!AF19+BALAK!X19+SRAGI!AG19+PARANGHARJO!S19+BEDEWANG!W19+BAYU!AB19+SUMBERARUM!X19+SUMBERBULU!Q19+BANGUNSARI!O19 -> 16766
D20: PR | E20: =SONGGON!AF20+BALAK!X20+SRAGI!AG20+PARANGHARJO!S20+BEDEWANG!W20+BAYU!AB20+SUMBERARUM!X20+SUMBERBULU!Q20+BANGUNSARI!O20 -> 18135
D21: JML | E21: =SUM(E19:E20) -> 34901
B22: 2. | C22: Jumlah pengguna hak pilih dalam Daftar Pemilih Tambahan (DPTb) | D22: LK | E22: =SONGGON!AF22+BALAK!X22+SRAGI!AG22+PARANGHARJO!S22+BEDEWANG!W22+BAYU!AB22+SUMBERARUM!X22+SUMBERBULU!Q22+BANGUNSARI!O22 -> 5
D23: PR | E23: =SONGGON!AF23+BALAK!X23+SRAGI!AG23+PARANGHARJO!S23+BEDEWANG!W23+BAYU!AB23+SUMBERARUM!X23+SUMBERBULU!Q23+BANGUNSARI!O23 -> 22
D24: JML | E24: =SUM(E22:E23) -> 27
B25: 3. | C25: Jumlah pengguna hak pilih dalam Daftar Pemilih Khusus (DPK) | D25: LK | E25: =SONGGON!AF25+BALAK!X25+SRAGI!AG25+PARANGHARJO!S25+BEDEWANG!W25+BAYU!AB25+SUMBERARUM!X25+SUMBERBULU!Q25+BANGUNSARI!O25 -> 108
D26: PR | E26: =SONGGON!AF26+BALAK!X26+SRAGI!AG26+PARANGHARJO!S26+BEDEWANG!W26+BAYU!AB26+SUMBERARUM!X26+SUMBERBULU!Q26+BANGUNSARI!O26 -> 109
D27: JML | E27: =SUM(E25:E26) -> 217
B28: 4. | C28: Jumlah Pengguna Hak Pilih (B.1+B.2+B.3) | D28: LK | E28: =E19+E22+E25 -> 16879
D29: PR | E29: =E20+E23+E26 -> 18266
D30: JML | E30: =SUM(E28:E29) -> 35145
A32: II | B32: DATA PENGGUNAAN SURAT SUARA
A33: 1 | B33: Jumlah surat suara yang diterima, termasuk surat suara cadangan 2,5% dari DPT | E33: =SONGGON!AF33+BALAK!X33+SRAGI!AG33+PARANGHARJO!S33+BEDEWANG!W33+BAYU!AB33+SUMBERARUM!X33+SUMBERBULU!Q33+BANGUNSARI!O33 -> 46368
A34: 2 | B34: Jumlah surat suara yang digunakan | E34: =SONGGON!AF34+BALAK!X34+SRAGI!AG34+PARANGHARJO!S34+BEDEWANG!W34+BAYU!AB34+SUMBERARUM!X34+SUMBERBULU!Q34+BANGUNSARI!O34 -> 35145
A35: 3 | B35: Jumlah surat suara dikembalikan oleh pemilih (karena rusak atau keliru coblos) | E35: =SONGGON!AF35+BALAK!X35+SRAGI!AG35+PARANGHARJO!S35+BEDEWANG!W35+BAYU!AB35+SUMBERARUM!X35+SUMBERBULU!Q35+BANGUNSARI!O35 -> 58
A36: 4 | B36: Jumlah surat suara yang tidak digunakan/tidak terpakai, termasuk sisa surat suara cadangan | E36: =E33-(E34+E35) -> 11165
A38: III | B38: DATA PEMILIH DISABILITAS
B39: Jumlah seluruh Pemilih disabilitas yang menggunakan hak pilih | D39: LK | E39: =SONGGON!AF39+BALAK!X39+SRAGI!AG39+PARANGHARJO!S39+BEDEWANG!W39+BAYU!AB39+SUMBERARUM!X39+SUMBERBULU!Q39+BANGUNSARI!O39 -> 20
D40: PR | E40: =SONGGON!AF40+BALAK!X40+SRAGI!AG40+PARANGHARJO!S40+BEDEWANG!W40+BAYU!AB40+SUMBERARUM!X40+SUMBERBULU!Q40+BANGUNSARI!O40 -> 27
D41: JML | E41: =SUM(E39:E40) -> 47
A43: IV | B43: DATA RINCIAN PEROLEHAN SUARA PASANGAN CALON BUPATI DAN WAKIL BUPATI
A44: NOMOR DAN NAMA CALON | E44: =SONGGON!AF44+BALAK!X44+SRAGI!AG44+PARANGHARJO!S44+BEDEWANG!W44+BAYU!AB44+SUMBERARUM!X44+SUMBERBULU!Q44+BANGUNSARI!O44 -> 0
A45: A.1 | B45: 1. | C45: Partai Kebangkitan Bangsa | E45: =SONGGON!AF45+BALAK!X45+SRAGI!AG45+PARANGHARJO!S45+BEDEWANG!W45+BAYU!AB45+SUMBERARUM!X45+SUMBERBULU!Q45+BANGUNSARI!O45 -> 1425
A46: A.2 | C46: 1. H. MUHAMMAD ALI MAHRUS, S.H.I., M.H | E46: =SONGGON!AF46+BALAK!X46+SRAGI!AG46+PARANGHARJO!S46+BEDEWANG!W46+BAYU!AB46+SUMBERARUM!X46+SUMBERBULU!Q46+BANGUNSARI!O46 -> 5082
C47: 2. TUPANG SOEDARGO | E47: =SONGGON!AF47+BALAK!X47+SRAGI!AG47+PARANGHARJO!S47+BEDEWANG!W47+BAYU!AB47+SUMBERARUM!X47+SUMBERBULU!Q47+BANGUNSARI!O47 -> 1392
C48: 3. Hj. KHOLIFATUL HASANAH | E48: =SONGGON!AF48+BALAK!X48+SRAGI!AG48+PARANGHARJO!S48+BEDEWANG!W48+BAYU!AB48+SUMBERARUM!X48+SUMBERBULU!Q48+BANGUNSARI!O48 -> 102
C49: 4. FUAD HUMAIDI, S.H.I. | E49: =SONGGON!AF49+BALAK!X49+SRAGI!AG49+PARANGHARJO!S49+BEDEWANG!W49+BAYU!AB49+SUMBERARUM!X49+SUMBERBULU!Q49+BANGUNSARI!O49 -> 55
C50: 5. ENI WIJI LESTARI | E50: =SONGGON!AF50+BALAK!X50+SRAGI!AG50+PARANGHARJO!S50+BEDEWANG!W50+BAYU!AB50+SUMBERARUM!X50+SUMBERBULU!Q50+BANGUNSARI!O50 -> 22
C51: 6. SONNY AGUS SETIAWAN | E51: =SONGGON!AF51+BALAK!X51+SRAGI!AG51+PARANGHARJO!S51+BEDEWANG!W51+BAYU!AB51+SUMBERARUM!X51+SUMBERBULU!Q51+BANGUNSARI!O51 -> 179
A52: B | B52: JUMLAH SUARA SAH PARTAI POLITIK DAN CALON (A1 + A2) | E52: =SUM(E45:E51) -> 8257
A54: A.1 | B54: 2. | C54: Partai Gerakan Indonesia Raya | E54: =SONGGON!AF54+BALAK!X54+SRAGI!AG54+PARANGHARJO!S54+BEDEWANG!W54+BAYU!AB54+SUMBERARUM!X54+SUMBERBULU!Q54+BANGUNSARI!O54 -> 1117
A55: A.2 | C55: 1. SUWITO | E55: =SONGGON!AF55+BALAK!X55+SRAGI!AG55+PARANGHARJO!S55+BEDEWANG!W55+BAYU!AB55+SUMBERARUM!X55+SUMBERBULU!Q55+BANGUNSARI!O55 -> 1701
C56: 2. LIMPAT PRAWIRO DIKDO | E56: =SONGGON!AF56+BALAK!X56+SRAGI!AG56+PARANGHARJO!S56+BEDEWANG!W56+BAYU!AB56+SUMBERARUM!X56+SUMBERBULU!Q56+BANGUNSARI!O56 -> 1063
C57: 3. PUPUT DESI PRATAMA EKA PUTRI | E57: =SONGGON!AF57+BALAK!X57+SRAGI!AG57+PARANGHARJO!S57+BEDEWANG!W57+BAYU!AB57+SUMBERARUM!X57+SUMBERBULU!Q57+BANGUNSARI!O57 -> 88
C58: 4. RUDI HANDOKO | E58: =SONGGON!AF58+BALAK!X58+SRAGI!AG58+PARANGHARJO!S58+BEDEWANG!W58+BAYU!AB58+SUMBERARUM!X58+SUMBERBULU!Q58+BANGUNSARI!O58 -> 361
C59: 5. IWAN SETIAWAN | E59: =SONGGON!AF59+BALAK!X59+SRAGI!AG59+PARANGHARJO!S59+BEDEWANG!W59+BAYU!AB59+SUMBERARUM!X59+SUMBERBULU!Q59+BANGUNSARI!O59 -> 30
C60: 6. JUWITA INDRASARI | E60: =SONGGON!AF60+BALAK!X60+SRAGI!AG60+PARANGHARJO!S60+BEDEWANG!W60+BAYU!AB60+SUMBERARUM!X60+SUMBERBULU!Q60+BANGUNSARI!O60 -> 50
A61: B | B61: JUMLAH SUARA SAH PARTAI POLITIK DAN CALON (A1 + A2) | E61: =SUM(E54:E60) -> 4410
A63: A.1 | B63: 3. | C63: Partai Demokrasi Indonesia Perjuangan | E63: =SONGGON!AF63+BALAK!X63+SRAGI!AG63+PARANGHARJO!S63+BEDEWANG!W63+BAYU!AB63+SUMBERARUM!X63+SUMBERBULU!Q63+BANGUNSARI!O63 -> 1317
A64: A.2 | C64: 1. AHMAD MASROHAN | E64: =SONGGON!AF64+BALAK!X64+SRAGI!AG64+PARANGHARJO!S64+BEDEWANG!W64+BAYU!AB64+SUMBERARUM!X64+SUMBERBULU!Q64+BANGUNSARI!O64 -> 772
C65: 2. HARIYANTO | E65: =SONGGON!AF65+BALAK!X65+SRAGI!AG65+PARANGHARJO!S65+BEDEWANG!W65+BAYU!AB65+SUMBERARUM!X65+SUMBERBULU!Q65+BANGUNSARI!O65 -> 649
C66: 3. INDAH MARHENI | E66: =SONGGON!AF66+BALAK!X66+SRAGI!AG66+PARANGHARJO!S66+BEDEWANG!W66+BAYU!AB66+SUMBERARUM!X66+SUMBERBULU!Q66+BANGUNSARI!O66 -> 464
C67: 4. AGUS PRIYONO | E67: =SONGGON!AF67+BALAK!X67+SRAGI!AG67+PARANGHARJO!S67+BEDEWANG!W67+BAYU!AB67+SUMBERARUM!X67+SUMBERBULU!Q67+BANGUNSARI!O67 -> 3628
C68: 5. SETYA RAHAYU | E68: =SONGGON!AF68+BALAK!X68+SRAGI!AG68+PARANGHARJO!S68+BEDEWANG!W68+BAYU!AB68+SUMBERARUM!X68+SUMBERBULU!Q68+BANGUNSARI!O68 -> 1075
C69: 6. M. HAFI WIJAYA | E69: =SONGGON!AF69+BALAK!X69+SRAGI!AG69+PARANGHARJO!S69+BEDEWANG!W69+BAYU!AB69+SUMBERARUM!X69+SUMBERBULU!Q69+BANGUNSARI!O69 -> 1899
A70: B | B70: JUMLAH SUARA SAH PARTAI POLITIK DAN CALON (A1 + A2) | E70: =SUM(E63:E69) -> 9804
A72: A.1 | B72: 4. | C72: Partai Golongan Karya | E72: =SONGGON!AF72+BALAK!X72+SRAGI!AG72+PARANGHARJO!S72+BEDEWANG!W72+BAYU!AB72+SUMBERARUM!X72+SUMBERBULU!Q72+BANGUNSARI!O72 -> 448
A73: A.2 | C73: 1. SRI YULIANI | E73: =SONGGON!AF73+BALAK!X73+SRAGI!AG73+PARANGHARJO!S73+BEDEWANG!W73+BAYU!AB73+SUMBERARUM!X73+SUMBERBULU!Q73+BANGUNSARI!O73 -> 1088
C74: 2. ACHMAD SUMARNO, S.E. | E74: =SONGGON!AF74+BALAK!X74+SRAGI!AG74+PARANGHARJO!S74+BEDEWANG!W74+BAYU!AB74+SUMBERARUM!X74+SUMBERBULU!Q74+BANGUNSARI!O74 -> 56
C75: 3. MUHAMMAD SAHLAN, S.Sos., M.A. | E75: =SONGGON!AF75+BALAK!X75+SRAGI!AG75+PARANGHARJO!S75+BEDEWANG!W75+BAYU!AB75+SUMBERARUM!X75+SUMBERBULU!Q75+BANGUNSARI!O75 -> 354
C76: 4. MAYA YUSEFA, S.Pd. | E76: =SONGGON!AF76+BALAK!X76+SRAGI!AG76+PARANGHARJO!S76+BEDEWANG!W76+BAYU!AB76+SUMBERARUM!X76+SUMBERBULU!Q76+BANGUNSARI!O76 -> 40
C77: 5. SUPARMAN | E77: =SONGGON!AF77+BALAK!X77+SRAGI!AG77+PARANGHARJO!S77+BEDEWANG!W77+BAYU!AB77+SUMBERARUM!X77+SUMBERBULU!Q77+BANGUNSARI!O77 -> 92
C78: 6. NURHIDAYAT | E78: =SONGGON!AF78+BALAK!X78+SRAGI!AG78+PARANGHARJO!S78+BEDEWANG!W78+BAYU!AB78+SUMBERARUM!X78+SUMBERBULU!Q78+BANGUNSARI!O78 -> 8
A79: B | B79: JUMLAH SUARA SAH PARTAI POLITIK DAN CALON (A1 + A2) | E79: =SUM(E72:E78) -> 2086
A81: A.1 | B81: 5. | C81: Partai NasDem | E81: =SONGGON!AF81+BALAK!X81+SRAGI!AG81+PARANGHARJO!S81+BEDEWANG!W81+BAYU!AB81+SUMBERARUM!X81+SUMBERBULU!Q81+BANGUNSARI!O81 -> 187
A82: A.2 | C82: 1. RATIH NUR HAYATI, S.T. | E82: =SONGGON!AF82+BALAK!X82+SRAGI!AG82+PARANGHARJO!S82+BEDEWANG!W82+BAYU!AB82+SUMBERARUM!X82+SUMBERBULU!Q82+BANGUNSARI!O82 -> 924
C83: 2. ISTILAH MUSTOFA, S.H. | E83: =SONGGON!AF83+BALAK!X83+SRAGI!AG83+PARANGHARJO!S83+BEDEWANG!W83+BAYU!AB83+SUMBERARUM!X83+SUMBERBULU!Q83+BANGUNSARI!O83 -> 296
C84: 3. ACHMAD RIDHO HADISISWOYO, S.Tr.P. | E84: =SONGGON!AF84+BALAK!X84+SRAGI!AG84+PARANGHARJO!S84+BEDEWANG!W84+BAYU!AB84+SUMBERARUM!X84+SUMBERBULU!Q84+BANGUNSARI!O84 -> 17
C85: 4. AKHMAD ROSIDI | E85: =SONGGON!AF85+BALAK!X85+SRAGI!AG85+PARANGHARJO!S85+BEDEWANG!W85+BAYU!AB85+SUMBERARUM!X85+SUMBERBULU!Q85+BANGUNSARI!O85 -> 114
C86: 5. MUHAMAD VAHID FAIQ | E86: =SONGGON!AF86+BALAK!X86+SRAGI!AG86+PARANGHARJO!S86+BEDEWANG!W86+BAYU!AB86+SUMBERARUM!X86+SUMBERBULU!Q86+BANGUNSARI!O86 -> 50
C87: 6. TITIS MEILIKA WIYONO | E87: =SONGGON!AF87+BALAK!X87+SRAGI!AG87+PARANGHARJO!S87+BEDEWANG!W87+BAYU!AB87+SUMBERARUM!X87+SUMBERBULU!Q87+BANGUNSARI!O87 -> 137
A88: B | B88: JUMLAH SUARA SAH PARTAI POLITIK DAN CALON (A1 + A2) | E88: =SUM(E81:E87) -> 1725
A90: A.1 | B90: 6. | C90: Partai Buruh | E90: =SONGGON!AF90+BALAK!X90+SRAGI!AG90+PARANGHARJO!S90+BEDEWANG!W90+BAYU!AB90+SUMBERARUM!X90+SUMBERBULU!Q90+BANGUNSARI!O90 -> 145
A91: A.2 | E91: =SONGGON!AF91+BALAK!X91+SRAGI!AG91+PARANGHARJO!S91+BEDEWANG!W91+BAYU!AB91+SUMBERARUM!X91+SUMBERBULU!Q91+BANGUNSARI!O91 -> 0
A92: B | B92: JUMLAH SUARA SAH PARTAI POLITIK DAN CALON (A1 + A2) | E92: =SUM(E90:E91) -> 145
A94: A.1 | B94: 7. | C94: Partai Gelombang Rakyat Indonesia | E94: =SONGGON!AF94+BALAK!X94+SRAGI!AG94+PARANGHARJO!S94+BEDEWANG!W94+BAYU!AB94+SUMBERARUM!X94+SUMBERBULU!Q94+BANGUNSARI!O94 -> 60
A95: A.2 | C95: 1. RIFKI ALFAN SANI | E95: =SONGGON!AF95+BALAK!X95+SRAGI!AG95+PARANGHARJO!S95+BEDEWANG!W95+BAYU!AB95+SUMBERARUM!X95+SUMBERBULU!Q95+BANGUNSARI!O95 -> 17
C96: 2. RAPI'I | E96: =SONGGON!AF96+BALAK!X96+SRAGI!AG96+PARANGHARJO!S96+BEDEWANG!W96+BAYU!AB96+SUMBERARUM!X96+SUMBERBULU!Q96+BANGUNSARI!O96 -> 9
C97: 3. NUR IKA SETIAWATI | E97: =SONGGON!AF97+BALAK!X97+SRAGI!AG97+PARANGHARJO!S97+BEDEWANG!W97+BAYU!AB97+SUMBERARUM!X97+SUMBERBULU!Q97+BANGUNSARI!O97 -> 5
A98: B | B98: JUMLAH SUARA SAH PARTAI POLITIK DAN CALON (A1 + A2) | E98: =SUM(E94:E97) -> 91
A100: A.1 | B100: 8. | C100: Partai Keadilan Sejahtera | E100: =SONGGON!AF100+BALAK!X100+SRAGI!AG100+PARANGHARJO!S100+BEDEWANG!W100+BAYU!AB100+SUMBERARUM!X100+SUMBERBULU!Q100+BANGUNSARI!O100 -> 194
A101: A.2 | C101: 1. VITA RIMA YANTI, S.KM. | E101: =SONGGON!AF101+BALAK!X101+SRAGI!AG101+PARANGHARJO!S101+BEDEWANG!W101+BAYU!AB101+SUMBERARUM!X101+SUMBERBULU!Q101+BANGUNSARI!O101 -> 1700
C102: 2. EKO WAHYU HIDAYAT, A.Md. | E102: =SONGGON!AF102+BALAK!X102+SRAGI!AG102+PARANGHARJO!S102+BEDEWANG!W102+BAYU!AB102+SUMBERARUM!X102+SUMBERBULU!Q102+BANGUNSARI!O102 -> 22
C103: 3. EDY PURNOMO | E103: =SONGGON!AF103+BALAK!X103+SRAGI!AG103+PARANGHARJO!S103+BEDEWANG!W103+BAYU!AB103+SUMBERARUM!X103+SUMBERBULU!Q103+BANGUNSARI!O103 -> 43
C104: 4. SUNTARIAS PUTRI DAMAYANTI, A.Ma. | E104: =SONGGON!AF104+BALAK!X104+SRAGI!AG104+PARANGHARJO!S104+BEDEWANG!W104+BAYU!AB104+SUMBERARUM!X104+SUMBERBULU!Q104+BANGUNSARI!O104 -> 56
C105: 5. MUHAMMAD AFIF | E105: =SONGGON!AF105+BALAK!X105+SRAGI!AG105+PARANGHARJO!S105+BEDEWANG!W105+BAYU!AB105+SUMBERARUM!X105+SUMBERBULU!Q105+BANGUNSARI!O105 -> 9
C106: 6. SHOHIB QOMAD DILLAH, S.T.P. | E106: =SONGGON!AF106+BALAK!X106+SRAGI!AG106+PARANGHARJO!S106+BEDEWANG!W106+BAYU!AB106+SUMBERARUM!X106+SUMBERBULU!Q106+BANGUNSARI!O106 -> 67
A107: B | B107: JUMLAH SUARA SAH PARTAI POLITIK DAN CALON (A1 + A2) | E107: =SUM(E100:E106) -> 2091
A109: A.1 | B109: 9. | C109: Partai Kebangkitan Nusantara | E109: =SONGGON!AF109+BALAK!X109+SRAGI!AG109+PARANGHARJO!S109+BEDEWANG!W109+BAYU!AB109+SUMBERARUM!X109+SUMBERBULU!Q109+BANGUNSARI!O109 -> 12
A110: A.2 | C110: 1. AGUS TARMIDI | E110: =SONGGON!AF110+BALAK!X110+SRAGI!AG110+PARANGHARJO!S110+BEDEWANG!W110+BAYU!AB110+SUMBERARUM!X110+SUMBERBULU!Q110+BANGUNSARI!O110 -> 0
A111: B | B111: JUMLAH SUARA SAH PARTAI POLITIK DAN CALON (A1 + A2) | E111: =SUM(E109:E110) -> 12
A113: A.1 | B113: 10. | C113: Partai Hati Nurani Rakyat | E113: =SONGGON!AF113+BALAK!X113+SRAGI!AG113+PARANGHARJO!S113+BEDEWANG!W113+BAYU!AB113+SUMBERARUM!X113+SUMBERBULU!Q113+BANGUNSARI!O113 -> 24
A114: A.2 | C114: 1. MOHAMAD ROSUL | E114: =SONGGON!AF114+BALAK!X114+SRAGI!AG114+PARANGHARJO!S114+BEDEWANG!W114+BAYU!AB114+SUMBERARUM!X114+SUMBERBULU!Q114+BANGUNSARI!O114 -> 9
C115: 2. H. AHMAD NUR ALCHAFFAF | E115: =SONGGON!AF115+BALAK!X115+SRAGI!AG115+PARANGHARJO!S115+BEDEWANG!W115+BAYU!AB115+SUMBERARUM!X115+SUMBERBULU!Q115+BANGUNSARI!O115 -> 28
C116: 3. ISTIQUMILAILLI | E116: =SONGGON!AF116+BALAK!X116+SRAGI!AG116+PARANGHARJO!S116+BEDEWANG!W116+BAYU!AB116+SUMBERARUM!X116+SUMBERBULU!Q116+BANGUNSARI!O116 -> 195
C117: 4. JOKO NUGROHO | E117: =SONGGON!AF117+BALAK!X117+SRAGI!AG117+PARANGHARJO!S117+BEDEWANG!W117+BAYU!AB117+SUMBERARUM!X117+SUMBERBULU!Q117+BANGUNSARI!O117 -> 16
C118: 5. MEGA PRAMESWARI | E118: =SONGGON!AF118+BALAK!X118+SRAGI!AG118+PARANGHARJO!S118+BEDEWANG!W118+BAYU!AB118+SUMBERARUM!X118+SUMBERBULU!Q118+BANGUNSARI!O118 -> 2
C119: 6. BUDI HARTONO | E119: =SONGGON!AF119+BALAK!X119+SRAGI!AG119+PARANGHARJO!S119+BEDEWANG!W119+BAYU!AB119+SUMBERARUM!X119+SUMBERBULU!Q119+BANGUNSARI!O119 -> 9
A120: B | B120: JUMLAH SUARA SAH PARTAI POLITIK DAN CALON (A1 + A2) | E120: =SUM(E113:E119) -> 283
A122: A.1 | B122: 11. | C122: Partai Garda Republik Indonesia | E122: =SONGGON!AF122+BALAK!X122+SRAGI!AG122+PARANGHARJO!S122+BEDEWANG!W122+BAYU!AB122+SUMBERARUM!X122+SUMBERBULU!Q122+BANGUNSARI!O122 -> 41
...

Sheet SONGGON
C2: Kecamatan
C3: Kabupaten | D3: BANYUWANGI
C4: Provinsi | D4: JAWA TIMUR
C9: Kelurahan
A12: I | B12: DATA PEMILIH DAN PENGGUNAAN HAK PILIH | AF12: JUMLAH AKHIR
A13: A | B13: DATA PEMILIH | E13: TPS 001 | F13: TPS 002 | G13: TPS 003 | H13: TPS 004 | I13: TPS 005 | J13: TPS 006 | K13: TPS 007 | L13: TPS 008 | M13: TPS 009 | N13: TPS 010 | O13: TPS 011 | P13: TPS 012 | Q13: TPS 013 | R13: TPS 014 | S13: TPS 015 | T13: TPS 016 | U13: TPS 017 | V13: TPS 018 | W13: TPS 019 | X13: TPS 020 | Y13: TPS 021 | Z13: TPS 022 | AA13: TPS 023 | AB13: TPS 024 | AC13: TPS 025 | AD13: TPS 026 | AE13: TPS 027
B14: Jumlah Pemilih dalam Daftar Pemilih Tetap (DPT) | D14: LK | E14: 105 | F14: 135 | G14: 112 | H14: 110 | I14: 120 | J14: 136 | K14: 146 | L14: 92 | M14: 81 | N14: 119 | O14: 140 | P14: 140 | Q14: 140 | R14: 145 | S14: 139 | T14: 94 | U14: 127 | V14: 157 | W14: 149 | X14: 127 | Y14: 140 | Z14: 127 | AA14: 122 | AB14: 147 | AC14: 150 | AD14: 148 | AE14: 136 | AF14: =SUM(E14:AE14) -> 3484
D15: PR | E15: 127 | F15: 134 | G15: 128 | H15: 110 | I15: 127 | J15: 130 | K15: 142 | L15: 98 | M15: 97 | N15: 129 | O15: 140 | P15: 136 | Q15: 134 | R15: 139 | S15: 141 | T15: 103 | U15: 127 | V15: 142 | W15: 148 | X15: 131 | Y15: 150 | Z15: 137 | AA15: 110 | AB15: 132 | AC15: 148 | AD15: 151 | AE15: 144 | AF15: =SUM(E15:AE15) -> 3535
D16: JML | E16: =SUM(E14:E15) -> 232 | F16: =SUM(F14:F15) -> 269 | G16: =SUM(G14:G15) -> 240 | H16: =SUM(H14:H15) -> 220 | I16: =SUM(I14:I15) -> 247 | J16: =SUM(J14:J15) -> 266 | K16: =SUM(K14:K15) -> 288 | L16: =SUM(L14:L15) -> 190 | ... AE16: =SUM(AE14:AE15) -> 280 | AF16: =SUM(E16:AE16) -> 7019
A18: B | B18: PENGGUNA HAK PILIH
B19: 1. | C19: Jumlah pengguna hak pilih dalam Daftar Pemilih Tetap (DPT) | D19: LK | E19: 77 | F19: 95 | G19: 67 | H19: 84 | I19: 101 | J19: 95 | K19: 104 | L19: 65 | M19: 59 | N19: 80 | O19: 108 | P19: 103 | Q19: 109 | R19: 105 | S19: 101 | T19: 76 | U19: 95 | V19: 119 | W19: 110 | X19: 95 | Y19: 99 | Z19: 98 | AA19: 95 | AB19: 110 | AC19: 115 | AD19: 127 | AE19: 112 | AF19: =SUM(E19:AE19) -> 2604
D20: PR | E20: 107 | F20: 106 | G20: 88 | H20: 90 | I20: 104 | J20: 104 | K20: 108 | L20: 69 | M20: 68 | N20: 100 | O20: 108 | P20: 115 | Q20: 103 | R20: 115 | S20: 115 | T20: 81 | U20: 105 | V20: 120 | W20: 128 | X20: 110 | Y20: 116 | Z20: 116 | AA20: 93 | AB20: 109 | AC20: 114 | AD20: 132 | AE20: 127 | AF20: =SUM(E20:AE20) -> 2851
D21: JML | E21: =SUM(E19:E20) -> 184 | F21: =SUM(F19:F20) -> 201 | G21: =SUM(G19:G20) -> 155 | H21: =SUM(H19:H20) -> 174 | I21: =SUM(I19:I20) -> 205 | J21: =SUM(J19:J20) -> 199 | K21: =SUM(K19:K20) -> 212 | L21: =SUM(L19:L20) -> 134 | ... AE21: =SUM(AE19:AE20) -> 239 | AF21: =SUM(E21:AE21) -> 5455
B22: 2. | C22: Jumlah pengguna hak pilih dalam Daftar Pemilih Tambahan (DPTb) | D22: LK | E22: 0 | F22: 0 | G22: 0 | H22: 0 | I22: 0 | J22: 0 | K22: 0 | L22: 0 | M22: 0 | N22: 0 | O22: 0 | P22: 0 | Q22: 0 | R22: 0 | S22: 0 | T22: 0 | U22: 0 | V22: 0 | W22: 1 | X22: 0 | Y22: 0 | Z22: 0 | AA22: 0 | AB22: 0 | AC22: 0 | AD22: 0 | AE22: 0 | AF22: =SUM(E22:AE22) -> 1
D23: PR | E23: 0 | F23: 0 | G23: 0 | H23: 0 | I23: 0 | J23: 0 | K23: 0 | L23: 0 | M23: 0 | N23: 0 | O23: 0 | P23: 0 | Q23: 0 | R23: 0 | S23: 0 | T23: 0 | U23: 0 | V23: 0 | W23: 1 | X23: 0 | Y23: 1 | Z23: 0 | AA23: 0 | AB23: 0 | AC23: 0 | AD23: 0 | AE23: 0 | AF23: =SUM(E23:AE23) -> 2
D24: JML | E24: =SUM(E22:E23) -> 0 | F24: =SUM(F22:F23) -> 0 | G24: =SUM(G22:G23) -> 0 | H24: =SUM(H22:H23) -> 0 | I24: =SUM(I22:I23) -> 0 | J24: =SUM(J22:J23) -> 0 | K24: =SUM(K22:K23) -> 0 | L24: =SUM(L22:L23) -> 0 | ... AE24: =SUM(AE22:AE23) -> 0 | AF24: =SUM(E24:AE24) -> 3
B25: 3. | C25: Jumlah pengguna hak pilih dalam Daftar Pemilih Khusus (DPK) | D25: LK | E25: 0 | F25: 2 | G25: 1 | H25: 1 | I25: 3 | J25: 0 | K25: 0 | L25: 0 | M25: 0 | N25: 1 | O25: 1 | P25: 2 | Q25: 1 | R25: 1 | S25: 0 | T25: 1 | U25: 0 | V25: 0 | W25: 5 | X25: 0 | Y25: 0 | Z25: 1 | AA25: 1 | AB25: 0 | AC25: 0 | AD25: 0 | AE25: 0 | AF25: =SUM(E25:AE25) -> 21
D26: PR | E26: 1 | F26: 0 | G26: 0 | H26: 0 | I26: 1 | J26: 0 | K26: 0 | L26: 0 | M26: 0 | N26: 0 | O26: 0 | P26: 0 | Q26: 0 | R26: 1 | S26: 0 | T26: 0 | U26: 0 | V26: 0 | W26: 4 | X26: 1 | Y26: 1 | Z26: 0 | AA26: 2 | AB26: 0 | AC26: 0 | AD26: 0 | AE26: 0 | AF26: =SUM(E26:AE26) -> 11
D27: JML | E27: =SUM(E25:E26) -> 1 | F27: =SUM(F25:F26) -> 2 | G27: =SUM(G25:G26) -> 1 | H27: =SUM(H25:H26) -> 1 | I27: =SUM(I25:I26) -> 4 | J27: =SUM(J25:J26) -> 0 | K27: =SUM(K25:K26) -> 0 | L27: =SUM(L25:L26) -> 0 | ... AE27: =SUM(AE25:AE26) -> 0 | AF27: =SUM(E27:AE27) -> 32
B28: 4. | C28: Jumlah Pengguna Hak Pilih (B.1+B.2+B.3) | D28: LK | E28: =SUM(E19,E22,E25) -> 77 | F28: =SUM(F19,F22,F25) -> 97 | G28: =SUM(G19,G22,G25) -> 68 | H28: =SUM(H19,H22,H25) -> 85 | I28: =SUM(I19,I22,I25) -> 104 | J28: =SUM(J19,J22,J25) -> 95 | K28: =SUM(K19,K22,K25) -> 104 | L28: =SUM(L19,L22,L25) -> 65 | ... AE28: =SUM(AE19,AE22,AE25) -> 112 | AF28: =SUM(E28:AE28) -> 2626
D29: PR | E29: =SUM(E20,E23,E26) -> 108 | F29: =SUM(F20,F23,F26) -> 106 | G29: =SUM(G20,G23,G26) -> 88 | H29: =SUM(H20,H23,H26) -> 90 | I29: =SUM(I20,I23,I26) -> 105 | J29: =SUM(J20,J23,J26) -> 104 | K29: =SUM(K20,K23,K26) -> 108 | L29: =SUM(L20,L23,L26) -> 69 | ... AE29: =SUM(AE20,AE23,AE26) -> 127 | AF29: =SUM(E29:AE29) -> 2864
D30: JML | E30: =SUM(E28:E29) -> 185 | F30: =SUM(F28:F29) -> 203 | G30: =SUM(G28:G29) -> 156 | H30: =SUM(H28:H29) -> 175 | I30: =SUM(I28:I29) -> 209 | J30: =SUM(J28:J29) -> 199 | K30: =SUM(K28:K29) -> 212 | L30: =SUM(L28:L29) -> 134 | ... AE30: =SUM(AE28:AE29) -> 239 | AF30: =SUM(E30:AE30) -> 5490
A32: II | B32: DATA PENGGUNAAN SURAT SUARA
A33: 1 | B33: Jumlah surat suara yang diterima, termasuk surat suara cadangan 2,5% dari DPT | E33: 237 | F33: 275 | G33: 246 | H33: 225 | I33: 252 | J33: 270 | K33: 294 | L33: 184 | M33: 182 | N33: 253 | O33: 287 | P33: 290 | Q33: 280 | R33: 290 | S33: 286 | T33: 201 | U33: 259 | V33: 305 | W33: 303 | X33: 264 | Y33: 296 | Z33: 270 | AA33: 238 | AB33: 286 | AC33: 304 | AD33: 305 | AE33: 280 | AF33: =SUM(E33:AE33) -> 7162
A34: 2 | B34: Jumlah surat suara yang digunakan | E34: 185 | F34: 203 | G34: 156 | H34: 175 | I34: 209 | J34: 199 | K34: 212 | L34: 134 | M34: 127 | N34: 181 | O34: 217 | P34: 220 | Q34: 213 | R34: 222 | S34: 216 | T34: 158 | U34: 200 | V34: 239 | W34: 249 | X34: 206 | Y34: 217 | Z34: 215 | AA34: 191 | AB34: 219 | AC34: 229 | AD34: 259 | AE34: 239 | AF34: =SUM(E34:AE34) -> 5490
A35: 3 | B35: Jumlah surat suara dikembalikan oleh pemilih (karena rusak atau keliru coblos) | E35: 1 | F35: 0 | G35: 0 | H35: 0 | I35: 1 | J35: 0 | K35: 0 | L35: 3 | M35: 3 | N35: 1 | O35: 2 | P35: 0 | Q35: 1 | R35: 0 | S35: 0 | T35: 1 | U35: 0 | V35: 0 | W35: 0 | X35: 1 | Y35: 1 | Z35: 0 | AA35: 0 | AB35: 0 | AC35: 0 | AD35: 0 | AE35: 0 | AF35: =SUM(E35:AE35) -> 15
A36: 4 | B36: Jumlah surat suara yang tidak digunakan/tidak terpakai, termasuk sisa surat suara cadangan | E36: =E33-(E34+E35) -> 51 | F36: =F33-(F34+F35) -> 72 | G36: =G33-(G34+G35) -> 90 | H36: =H33-(H34+H35) -> 50 | I36: =I33-(I34+I35) -> 42 | J36: =J33-(J34+J35) -> 71 | K36: =K33-(K34+K35) -> 82 | L36: =L33-(L34+L35) -> 47 | ... AE36: =AE33-(AE34+AE35) -> 41 | AF36: =SUM(E36:AE36) -> 1657
A38: III | B38: DATA PEMILIH DISABILITAS
B39: Jumlah seluruh Pemilih disabilitas yang menggunakan hak pilih | D39: LK | E39: 0 | F39: 0 | G39: 0 | H39: 0 | I39: 0 | J39: 0 | K39: 1 | L39: 0 | M39: 0 | N39: 0 | O39: 0 | P39: 0 | Q39: 0 | R39: 2 | S39: 0 | T39: 0 | U39: 0 | V39: 2 | W39: 0 | X39: 0 | Y39: 0 | Z39: 0 | AA39: 0 | AB39: 0 | AC39: 0 | AD39: 0 | AE39: 0 | AF39: =SUM(E39:AE39) -> 5
D40: PR | E40: 0 | F40: 0 | G40: 0 | H40: 0 | I40: 1 | J40: 0 | K40: 0 | L40: 0 | M40: 0 | N40: 2 | O40: 0 | P40: 0 | Q40: 0 | R40: 4 | S40: 0 | T40: 0 | U40: 0 | V40: 2 | W40: 0 | X40: 0 | Y40: 2 | Z40: 0 | AA40: 0 | AB40: 0 | AC40: 0 | AD40: 0 | AE40: 0 | AF40: =SUM(E40:AE40) -> 11
D41: JML | E41: =SUM(E39:E40) -> 0 | F41: =SUM(F39:F40) -> 0 | G41: =SUM(G39:G40) -> 0 | H41: =SUM(H39:H40) -> 0 | I41: =SUM(I39:I40) -> 1 | J41: =SUM(J39:J40) -> 0 | K41: =SUM(K39:K40) -> 1 | L41: =SUM(L39:L40) -> 0 | ... AE41: =SUM(AE39:AE40) -> 0 | AF41: =SUM(E41:AE41) -> 16
A43: IV | B43: DATA RINCIAN PEROLEHAN SUARA PASANGAN CALON BUPATI DAN WAKIL BUPATI
A44: NOMOR DAN NAMA CALON
A45: A.1 | B45: 1. | C45: Partai Kebangkitan Bangsa | E45: 13 | F45: 7 | G45: 4 | H45: 3 | I45: 5 | J45: 6 | K45: 5 | L45: 3 | M45: 11 | N45: 3 | O45: 10 | P45: 10 | Q45: 5 | R45: 8 | S45: 13 | T45: 3 | U45: 2 | V45: 5 | W45: 7 | X45: 8 | Y45: 4 | Z45: 7 | AA45: 5 | AB45: 11 | AC45: 9 | AD45: 8 | AE45: 5 | AF45: =SUM(E45:AE45) -> 180
A46: A.2 | C46: 1. H. MUHAMMAD ALI MAHRUS, S.H.I., M.H | E46: 25 | F46: 28 | G46: 14 | H46: 11 | I46: 23 | J46: 25 | K46: 8 | L46: 39 | M46: 43 | N46: 29 | O46: 39 | P46: 24 | Q46: 29 | R46: 43 | S46: 53 | T46: 4 | U46: 2 | V46: 22 | W46: 22 | X46: 11 | Y46: 7 | Z46: 18 | AA46: 35 | AB46: 49 | AC46: 37 | AD46: 34 | AE46: 9 | AF46: =SUM(E46:AE46) -> 683
C47: 2. TUPANG SOEDARGO | E47: 6 | F47: 10 | G47: 12 | H47: 13 | I47: 12 | J47: 0 | K47: 2 | L47: 1 | M47: 10 | N47: 4 | O47: 15 | P47: 26 | Q47: 13 | R47: 4 | S47: 8 | T47: 21 | U47: 35 | V47: 19 | W47: 28 | X47: 27 | Y47: 35 | Z47: 12 | AA47: 8 | AB47: 9 | AC47: 27 | AD47: 1 | AE47: 0 | AF47: =SUM(E47:AE47) -> 358
C48: 3. Hj. KHOLIFATUL HASANAH | E48: 1 | F48: 0 | G48: 0 | H48: 1 | I48: 0 | J48: 0 | K48: 0 | L48: 0 | M48: 0 | N48: 0 | O48: 2 | P48: 2 | Q48: 1 | R48: 0 | S48: 0 | U48: 0 | V48: 0 | W48: 1 | X48: 0 | Y48: 0 | Z48: 1 | AA48: 0 | AB48: 0 | AC48: 1 | AD48: 1 | AE48: 0 | AF48: =SUM(E48:AE48) -> 11
C49: 4. FUAD HUMAIDI, S.H.I. | F49: 0 | H49: 0 | I49: 0 | J49: 0 | K49: 1 | L49: 0 | M49: 0 | N49: 0 | O49: 0 | P49: 0 | Q49: 0 | R49: 0 | S49: 0 | U49: 0 | V49: 0 | W49: 0 | X49: 0 | Y49: 0 | Z49: 0 | AA49: 1 | AB49: 5 | AC49: 0 | AD49: 0 | AE49: 1 | AF49: =SUM(E49:AE49) -> 8
C50: 5. ENI WIJI LESTARI | F50: 0 | H50: 1 | I50: 0 | J50: 0 | K50: 1 | L50: 0 | M50: 2 | N50: 0 | O50: 0 | P50: 0 | Q50: 0 | R50: 1 | S50: 0 | T50: 1 | U50: 0 | V50: 0 | W50: 0 | X50: 0 | Y50: 0 | Z50: 1 | AA50: 0 | AB50: 0 | AC50: 0 | AD50: 0 | AE50: 1 | AF50: =SUM(E50:AE50) -> 8
C51: 6. SONNY AGUS SETIAWAN | F51: 0 | G51: 1 | H51: 1 | I51: 5 | J51: 1 | K51: 2 | L51: 0 | M51: 0 | N51: 3 | O51: 0 | P51: 5 | Q51: 1 | R51: 0 | S51: 6 | U51: 1 | V51: 0 | W51: 0 | X51: 4 | Y51: 2 | Z51: 2 | AA51: 1 | AB51: 0 | AC51: 0 | AD51: 2 | AE51: 1 | AF51: =SUM(E51:AE51) -> 38
A52: B | B52: JUMLAH SUARA SAH PARTAI POLITIK DAN CALON (A1 + A2) | E52: =SUM(E45:E51) -> 45 | F52: =SUM(F45:F51) -> 45 | G52: =SUM(G45:G51) -> 31 | H52: =SUM(H45:H51) -> 30 | I52: =SUM(I45:I51) -> 45 | J52: =SUM(J45:J51) -> 32 | K52: =SUM(K45:K51) -> 19 | L52: =SUM(L45:L51) -> 43 | ... AE52: =SUM(AE45:AE51) -> 17 | AF52: =SUM(E52:AE52) -> 1286
A54: A.1 | B54: 2. | C54: Partai Gerakan Indonesia Raya | E54: 6 | F54: 11 | G54: 5 | H54: 2 | I54: 1 | J54: 8 | K54: 6 | L54: 5 | M54: 7 | N54: 4 | O54: 1 | P54: 12 | Q54: 7 | R54: 10 | S54: 11 | T54: 8 | U54: 0 | V54: 3 | W54: 1 | X54: 8 | Y54: 2 | Z54: 6 | AA54: 6 | AB54: 10 | AC54: 12 | AD54: 5 | AE54: 6 | AF54: =SUM(E54:AE54) -> 163
A55: A.2 | C55: 1. SUWITO | E55: 12 | F55: 1 | G55: 2 | H55: 1 | I55: 2 | J55: 4 | K55: 11 | L55: 1 | M55: 1 | N55: 5 | O55: 5 | P55: 3 | Q55: 12 | R55: 13 | S55: 1 | T55: 3 | U55: 2 | V55: 1 | W55: 2 | X55: 3 | Y55: 3 | Z55: 5 | AA55: 6 | AB55: 2 | AC55: 1 | AD55: 1 | AE55: 4 | AF55: =SUM(E55:AE55) -> 107
C56: 2. LIMPAT PRAWIRO DIKDO | F56: 1 | G56: 0 | H56: 0 | I56: 0 | J56: 0 | K56: 2 | L56: 1 | N56: 1 | O56: 8 | P56: 4 | Q56: 1 | R56: 2 | S56: 16 | U56: 2 | V56: 6 | W56: 7 | X56: 0 | Y56: 3 | Z56: 3 | AA56: 0 | AB56: 5 | AC56: 5 | AD56: 0 | AE56: 40 | AF56: =SUM(E56:AE56) -> 107
C57: 3. PUPUT DESI PRATAMA EKA PUTRI | F57: 0 | G57: 1 | H57: 0 | I57: 0 | J57: 2 | K57: 1 | L57: 0 | N57: 0 | O57: 1 | P57: 1 | Q57: 1 | R57: 1 | S57: 0 | U57: 0 | V57: 0 | W57: 0 | X57: 0 | Y57: 1 | Z57: 2 | AA57: 1 | AB57: 0 | AC57: 1 | AD57: 0 | AE57: 2 | AF57: =SUM(E57:AE57) -> 15
C58: 4. RUDI HANDOKO | E58: 1 | F58: 0 | H58: 0 | I58: 1 | J58: 1 | K58: 0 | L58: 0 | N58: 0 | O58: 3 | P58: 0 | Q58: 1 | R58: 0 | S58: 0 | U58: 0 | V58: 1 | W58: 1 | X58: 2 | Y58: 2 | AA58: 2 | AB58: 1 | AC58: 0 | AD58: 2 | AE58: 0 | AF58: =SUM(E58:AE58) -> 18
C59: 5. IWAN SETIAWAN | F59: 0 | H59: 0 | I59: 0 | J59: 0 | K59: 0 | L59: 0 | N59: 0 | O59: 0 | P59: 1 | Q59: 0 | R59: 0 | S59: 0 | U59: 0 | V59: 0 | W59: 0 | X59: 1 | Y59: 0 | AA59: 1 | AB59: 0 | AC59: 0 | AD59: 0 | AE59: 0 | AF59: =SUM(E59:AE59) -> 3
C60: 6. JUWITA INDRASARI | F60: 0 | H60: 0 | I60: 0 | J60: 0 | K60: 0 | L60: 0 | N60: 0 | O60: 0 | P60: 0 | Q60: 0 | R60: 0 | S60: 0 | U60: 0 | V60: 0 | W60: 0 | X60: 0 | Y60: 1 | AA60: 8 | AB60: 0 | AC60: 0 | AD60: 0 | AE60: 1 | AF60: =SUM(E60:AE60) -> 10
A61: B | B61: JUMLAH SUARA SAH PARTAI POLITIK DAN CALON (A1 + A2) | E61: =SUM(E54:E60) -> 19 | F61: =SUM(F54:F60) -> 13 | G61: =SUM(G54:G60) -> 8 | H61: =SUM(H54:H60) -> 3 | I61: =SUM(I54:I60) -> 4 | J61: =SUM(J54:J60) -> 15 | K61: =SUM(K54:K60) -> 20 | L61: =SUM(L54:L60) -> 7 | ... AE61: =SUM(AE54:AE60) -> 53 | AF61: =SUM(E61:AE61) -> 423
A63: A.1 | B63: 3. | C63: Partai Demokrasi Indonesia Perjuangan | E63: 13 | F63: 6 | G63: 9 | H63: 15 | I63: 8 | J63: 2 | K63: 15 | L63: 10 | M63: 6 | N63: 7 | O63: 11 | P63: 7 | Q63: 8 | R63: 9 | S63: 11 | T63: 19 | U63: 10 | V63: 3 | W63: 6 | X63: 7 | Y63: 16 | Z63: 13 | AA63: 11 | AB63: 12 | AC63: 14 | AD63: 11 | AE63: 9 | AF63: =SUM(E63:AE63) -> 268
A64: A.2 | C64: 1. AHMAD MASROHAN | E64: 18 | F64: 6 | H64: 0 | I64: 1 | J64: 5 | K64: 2 | L64: 0 | M64: 1 | N64: 4 | O64: 0 | P64: 5 | Q64: 3 | R64: 8 | S64: 3 | T64: 1 | U64: 0 | V64: 4 | W64: 0 | X64: 9 | Y64: 2 | Z64: 14 | AA64: 10 | AB64: 0 | AC64: 3 | AD64: 0 | AE64: 1 | AF64: =SUM(E64:AE64) -> 100
C65: 2. HARIYANTO | E65: 0 | F65: 1 | H65: 1 | I65: 2 | J65: 0 | K65: 0 | L65: 1 | M65: 0 | N65: 0 | O65: 0 | P65: 1 | Q65: 0 | R65: 1 | S65: 4 | T65: 1 | U65: 1 | V65: 0 | W65: 0 | X65: 2 | Y65: 1 | Z65: 2 | AA65: 2 | AB65: 15 | AC65: 7 | AD65: 2 | AE65: 5 | AF65: =SUM(E65:AE65) -> 49
C66: 3. INDAH MARHENI | E66: 1 | F66: 0 | H66: 1 | I66: 2 | J66: 0 | K66: 1 | L66: 2 | M66: 0 | N66: 0 | O66: 0 | P66: 2 | Q66: 7 | R66: 3 | S66: 1 | U66: 2 | V66: 0 | W66: 0 | X66: 3 | Y66: 1 | Z66: 1 | AA66: 1 | AB66: 0 | AC66: 1 | AD66: 1 | AE66: 2 | AF66: =SUM(E66:AE66) -> 32
C67: 4. AGUS PRIYONO | E67: 33 | F67: 50 | G67: 25 | H67: 17 | I67: 3 | J67: 0 | K67: 1 | L67: 34 | M67: 3 | N67: 2 | O67: 31 | P67: 61 | Q67: 11 | R67: 6 | S67: 12 | T67: 25 | U67: 83 | V67: 12 | W67: 11 | X67: 30 | Y67: 35 | Z67: 5 | AA67: 8 | AB67: 18 | AC67: 26 | AD67: 44 | AE67: 33 | AF67: =SUM(E67:AE67) -> 619
C68: 5. SETYA RAHAYU | E68: 5 | F68: 5 | G68: 20 | H68: 64 | I68: 83 | J68: 18 | K68: 37 | L68: 8 | M68: 7 | N68: 42 | O68: 23 | P68: 14 | Q68: 23 | R68: 15 | S68: 27 | T68: 33 | U68: 20 | V68: 9 | W68: 7 | X68: 8 | Y68: 37 | Z68: 21 | AA68: 8 | AB68: 23 | AC68: 7 | AD68: 11 | AE68: 15 | AF68: =SUM(E68:AE68) -> 590
C69: 6. M. HAFI WIJAYA | E69: 0 | F69: 2 | H69: 0 | I69: 1 | J69: 1 | K69: 1 | L69: 2 | M69: 2 | N69: 4 | O69: 3 | P69: 4 | Q69: 37 | R69: 41 | S69: 2 | T69: 4 | U69: 0 | V69: 3 | W69: 0 | X69: 1 | Y69: 1 | Z69: 13 | AA69: 2 | AB69: 0 | AC69: 8 | AD69: 36 | AE69: 4 | AF69: =SUM(E69:AE69) -> 172
A70: B | B70: JUMLAH SUARA SAH PARTAI POLITIK DAN CALON (A1 + A2) | E70: =SUM(E63:E69) -> 70 | F70: =SUM(F63:F69) -> 70 | G70: =SUM(G63:G69) -> 54 | H70: =SUM(H63:H69) -> 98 | I70: =SUM(I63:I69) -> 100 | J70: =SUM(J63:J69) -> 26 | K70: =SUM(K63:K69) -> 57 | L70: =SUM(L63:L69) -> 57 | ... AE70: =SUM(AE63:AE69) -> 69 | AF70: =SUM(E70:AE70) -> 1830
A72: A.1 | B72: 4. | C72: Partai Golongan Karya | E72: 1 | F72: 1 | G72: 2 | H72: 2 | I72: 1 | J72: 1 | K72: 2 | L72: 0 | N72: 0 | O72: 2 | P72: 3 | Q72: 2 | R72: 1 | S72: 3 | T72: 2 | U72: 0 | V72: 1 | W72: 2 | X72: 0 | Y72: 5 | Z72: 0 | AA72: 5 | AB72: 2 | AC72: 3 | AD72: 2 | AE72: 5 | AF72: =SUM(E72:AE72) -> 48
A73: A.2 | C73: 1. SRI YULIANI | F73: 0 | G73: 2 | H73: 0 | I73: 8 | J73: 2 | K73: 1 | L73: 0 | M73: 1 | N73: 5 | O73: 2 | P73: 2 | Q73: 6 | R73: 2 | S73: 0 | T73: 2 | U73: 3 | V73: 8 | W73: 3 | X73: 6 | Y73: 0 | Z73: 3 | AA73: 1 | AB73: 2 | AC73: 1 | AD73: 3 | AE73: 1 | AF73: =SUM(E73:AE73) -> 64
C74: 2. ACHMAD SUMARNO, S.E. | F74: 0 | G74: 0 | H74: 0 | I74: 0 | J74: 0 | K74: 0 | L74: 0 | N74: 0 | O74: 0 | P74: 0 | Q74: 1 | R74: 0 | S74: 0 | U74: 1 | V74: 1 | W74: 1 | X74: 0 | Y74: 1 | Z74: 0 | AA74: 0 | AB74: 0 | AC74: 2 | AD74: 0 | AE74: 0 | AF74: =SUM(E74:AE74) -> 7
C75: 3. MUHAMMAD SAHLAN, S.Sos., M.A. | F75: 0 | G75: 1 | H75: 0 | I75: 0 | J75: 1 | K75: 6 | L75: 0 | N75: 0 | O75: 1 | P75: 1 | Q75: 2 | R75: 4 | S75: 2 | T75: 2 | U75: 0 | V75: 1 | W75: 9 | X75: 0 | Y75: 0 | Z75: 9 | AA75: 1 | AB75: 16 | AC75: 1 | AD75: 0 | AF75: =SUM(E75:AE75) -> 57
C76: 4. MAYA YUSEFA, S.Pd. | F76: 0 | H76: 1 | I76: 0 | J76: 0 | K76: 0 | L76: 0 | N76: 0 | O76: 0 | P76: 0 | Q76: 0 | R76: 0 | S76: 1 | U76: 0 | V76: 1 | W76: 0 | X76: 0 | Y76: 0 | AA76: 0 | AB76: 0 | AC76: 0 | AD76: 1 | AF76: =SUM(E76:AE76) -> 4
C77: 5. SUPARMAN | F77: 0 | H77: 0 | I77: 0 | J77: 0 | K77: 0 | L77: 0 | N77: 0 | O77: 0 | P77: 0 | Q77: 0 | R77: 1 | S77: 2 | U77: 2 | V77: 1 | W77: 2 | X77: 1 | Y77: 0 | AA77: 1 | AB77: 0 | AC77: 0 | AD77: 0 | AF77: =SUM(E77:AE77) -> 10
C78: 6. NURHIDAYAT | F78: 0 | H78: 0 | I78: 0 | J78: 0 | K78: 0 | L78: 0 | N78: 0 | O78: 0 | P78: 0 | Q78: 0 | R78: 0 | S78: 0 | U78: 2 | V78: 0 | W78: 0 | X78: 0 | Y78: 0 | AA78: 0 | AB78: 0 | AC78: 0 | AD78: 0 | AF78: =SUM(E78:AE78) -> 2
A79: B | B79: JUMLAH SUARA SAH PARTAI POLITIK DAN CALON (A1 + A2) | E79: =SUM(E72:E78) -> 1 | F79: =SUM(F72:F78) -> 1 | G79: =SUM(G72:G78) -> 5 | H79: =SUM(H72:H78) -> 3 | I79: =SUM(I72:I78) -> 9 | J79: =SUM(J72:J78) -> 4 | K79: =SUM(K72:K78) -> 9 | L79: =SUM(L72:L78) -> 0 | ... AE79: =SUM(AE72:AE78) -> 6 | AF79: =SUM(E79:AE79) -> 192
A81: A.1 | B81: 5. | C81: Partai NasDem | E81: 2 | F81: 0 | G81: 5 | H81: 2 | I81: 1 | J81: 0 | K81: 1 | L81: 0 | M81: 1 | N81: 0 | O81: 3 | P81: 0 | Q81: 1 | R81: 2 | S81: 1 | T81: 2 | U81: 0 | V81: 1 | W81: 2 | X81: 0 | Y81: 0 | Z81: 3 | AA81: 0 | AB81: 1 | AC81: 0 | AD81: 2 | AE81: 3 | AF81: =SUM(E81:AE81) -> 33
A82: A.2 | C82: 1. RATIH NUR HAYATI, S.T. | F82: 0 | H82: 0 | I82: 0 | J82: 0 | K82: 0 | L82: 0 | N82: 2 | O82: 0 | P82: 1 | Q82: 0 | R82: 0 | S82: 0 | T82: 0 | U82: 1 | V82: 0 | W82: 0 | X82: 0 | Y82: 0 | Z82: 0 | AA82: 0 | AB82: 1 | AC82: 0 | AD82: 2 | AF82: =SUM(E82:AE82) -> 7
C83: 2. ISTILAH MUSTOFA, S.H. | F83: 0 | H83: 0 | I83: 1 | J83: 0 | K83: 0 | L83: 0 | N83: 0 | O83: 0 | P83: 0 | Q83: 0 | R83: 0 | S83: 4 | T83: 3 | U83: 0 | V83: 0 | W83: 0 | X83: 6 | Y83: 0 | Z83: 3 | AA83: 0 | AB83: 0 | AC83: 0 | AD83: 1 | AF83: =SUM(E83:AE83) -> 18
C84: 3. ACHMAD RIDHO HADISISWOYO, S.Tr.P. | F84: 1 | H84: 0 | I84: 0 | J84: 0 | K84: 1 | L84: 0 | N84: 0 | O84: 0 | P84: 0 | Q84: 0 | R84: 0 | S84: 0 | T84: 0 | U84: 0 | V84: 0 | W84: 0 | X84: 1 | Y84: 0 | Z84: 0 | AA84: 0 | AB84: 0 | AC84: 0 | AD84: 0 | AF84: =SUM(E84:AE84) -> 3
C85: 4. AKHMAD ROSIDI | F85: 0 | H85: 0 | I85: 0 | J85: 0 | K85: 0 | L85: 0 | N85: 0 | O85: 1 | P85: 0 | Q85: 2 | R85: 0 | S85: 0 | U85: 0 | V85: 0 | W85: 1 | X85: 0 | Y85: 1 | Z85: 1 | AA85: 0 | AB85: 0 | AC85: 0 | AD85: 0 | AF85: =SUM(E85:AE85) -> 6
C86: 5. MUHAMAD VAHID FAIQ | F86: 0 | H86: 0 | I86: 0 | J86: 0 | K86: 0 | L86: 0 | N86: 0 | O86: 0 | P86: 0 | Q86: 0 | R86: 0 | S86: 0 | U86: 0 | V86: 6 | W86: 4 | X86: 0 | Y86: 0 | Z86: 5 | AA86: 0 | AB86: 0 | AC86: 2 | AD86: 0 | AE86: 5 | AF86: =SUM(E86:AE86) -> 22
C87: 6. TITIS MEILIKA WIYONO | E87: 8 | F87: 2 | G87: 1 | H87: 0 | I87: 0 | J87: 0 | K87: 0 | L87: 0 | N87: 0 | O87: 0 | P87: 0 | Q87: 0 | R87: 0 | S87: 3 | U87: 0 | V87: 0 | W87: 0 | X87: 0 | Y87: 0 | Z87: 16 | AA87: 12 | AB87: 0 | AC87: 17 | AD87: 0 | AF87: =SUM(E87:AE87) -> 59
A88: B | B88: JUMLAH SUARA SAH PARTAI POLITIK DAN CALON (A1 + A2) | E88: =SUM(E81:E87) -> 10 | F88: =SUM(F81:F87) -> 3 | G88: =SUM(G81:G87) -> 6 | H88: =SUM(H81:H87) -> 2 | I88: =SUM(I81:I87) -> 2 | J88: =SUM(J81:J87) -> 0 | K88: =SUM(K81:K87) -> 2 | L88: =SUM(L81:L87) -> 0 | ... AE88: =SUM(AE81:AE87) -> 8 | AF88: =SUM(E88:AE88) -> 148
A90: A.1 | B90: 6. | C90: Partai Buruh | F90: 0 | H90: 0 | I90: 0 | J90: 1 | K90: 1 | L90: 1 | N90: 0 | O90: 0 | P90: 0 | Q90: 2 | R90: 1 | S90: 1 | U90: 0 | V90: 1 | W90: 0 | X90: 1 | Y90: 0 | Z90: 1 | AA90: 1 | AB90: 0 | AC90: 2 | AD90: 5 | AE90: 1 | AF90: =SUM(E90:AE90) -> 19
A91: A.2 | AF91: =SUM(E91:AE91) -> 0
A92: B | B92: JUMLAH SUARA SAH PARTAI POLITIK DAN CALON (A1 + A2) | E92: =SUM(E90:E91) -> 0 | F92: =SUM(F90:F91) -> 0 | G92: =SUM(G90:G91) -> 0 | H92: =SUM(H90:H91) -> 0 | I92: =SUM(I90:I91) -> 0 | J92: =SUM(J90:J91) -> 1 | K92: =SUM(K90:K91) -> 1 | L92: =SUM(L90:L91) -> 1 | ... AE92: =SUM(AE90:AE91) -> 1 | AF92: =SUM(E92:AE92) -> 19
A94: A.1 | B94: 7. | C94: Partai Gelombang Rakyat Indonesia | E94: 0 | F94: 0 | H94: 1 | I94: 0 | J94: 0 | K94: 2 | L94: 1 | N94: 0 | O94: 0 | P94: 1 | Q94: 0 | R94: 0 | S94: 0 | T94: 1 | U94: 0 | V94: 0 | W94: 0 | X94: 2 | Y94: 1 | Z94: 1 | AA94: 0 | AB94: 1 | AC94: 0 | AD94: 0 | AF94: =SUM(E94:AE94) -> 11
A95: A.2 | C95: 1. RIFKI ALFAN SANI | F95: 0 | G95: 1 | H95: 0 | I95: 0 | J95: 0 | K95: 1 | L95: 0 | N95: 0 | O95: 0 | P95: 0 | Q95: 0 | R95: 0 | S95: 0 | U95: 0 | V95: 1 | W95: 0 | X95: 0 | Y95: 0 | AA95: 0 | AB95: 0 | AC95: 0 | AD95: 0 | AF95: =SUM(E95:AE95) -> 3
C96: 2. RAPI'I | F96: 0 | H96: 0 | I96: 0 | J96: 0 | K96: 0 | L96: 0 | N96: 0 | O96: 0 | P96: 0 | Q96: 0 | R96: 0 | S96: 0 | U96: 0 | V96: 0 | W96: 0 | X96: 0 | Y96: 0 | AA96: 0 | AB96: 0 | AC96: 0 | AD96: 0 | AF96: =SUM(E96:AE96) -> 0
C97: 3. NUR IKA SETIAWATI | F97: 0 | H97: 0 | I97: 0 | J97: 0 | K97: 0 | L97: 0 | N97: 0 | O97: 0 | P97: 0 | Q97: 0 | R97: 0 | S97: 0 | U97: 0 | V97: 0 | W97: 0 | X97: 0 | Y97: 0 | AA97: 0 | AB97: 0 | AC97: 0 | AD97: 0 | AF97: =SUM(E97:AE97) -> 0
A98: B | B98: JUMLAH SUARA SAH PARTAI POLITIK DAN CALON (A1 + A2) | E98: =SUM(E94:E97) -> 0 | F98: =SUM(F94:F97) -> 0 | G98: =SUM(G94:G97) -> 1 | H98: =SUM(H94:H97) -> 1 | I98: =SUM(I94:I97) -> 0 | J98: =SUM(J94:J97) -> 0 | K98: =SUM(K94:K97) -> 3 | L98: =SUM(L94:L97) -> 1 | ... AE98: =SUM(AE94:AE97) -> 0 | AF98: =SUM(E98:AE98) -> 14
A100: A.1 | B100: 8. | C100: Partai Keadilan Sejahtera | E100: 1 | F100: 1 | G100: 1 | H100: 4 | I100: 4 | J100: 6 | K100: 0 | L100: 2 | M100: 1 | N100: 4 | O100: 3 | P100: 1 | Q100: 4 | R100: 2 | S100: 1 | U100: 0 | V100: 7 | W100: 10 | X100: 3 | Y100: 5 | Z100: 0 | AA100: 2 | AB100: 1 | AC100: 0 | AD100: 0 | AE100: 1 | AF100: =SUM(E100:AE100) -> 64
A101: A.2 | C101: 1. VITA RIMA YANTI, S.KM. | E101: 12 | F101: 29 | G101: 18 | H101: 17 | I101: 24 | J101: 58 | K101: 8 | L101: 3 | M101: 16 | N101: 26 | O101: 10 | P101: 2 | Q101: 10 | R101: 22 | S101: 3 | T101: 5 | U101: 9 | V101: 102 | W101: 81 | X101: 30 | Y101: 24 | Z101: 31 | AA101: 15 | AB101: 7 | AC101: 0 | AD101: 35 | AE101: 31 | AF101: =SUM(E101:AE101) -> 628
C102: 2. EKO WAHYU HIDAYAT, A.Md. | F102: 0 | G102: 1 | H102: 0 | I102: 0 | J102: 0 | K102: 0 | L102: 0 | M102: 1 | N102: 0 | O102: 0 | P102: 0 | Q102: 0 | R102: 0 | S102: 0 | T102: 1 | U102: 1 | V102: 0 | W102: 0 | X102: 0 | Y102: 0 | AA102: 0 | AB102: 0 | AC102: 0 | AD102: 0 | AF102: =SUM(E102:AE102) -> 4
C103: 3. EDY PURNOMO | E103: 7 | F103: 1 | G103: 1 | H103: 0 | I103: 0 | J103: 0 | K103: 0 | L103: 1 | M103: 0 | N103: 0 | O103: 1 | P103: 1 | Q103: 0 | R103: 0 | S103: 0 | U103: 0 | V103: 0 | W103: 2 | X103: 0 | Y103: 0 | AA103: 4 | AB103: 0 | AC103: 0 | AD103: 0 | AF103: =SUM(E103:AE103) -> 18
C104: 4. SUNTARIAS PUTRI DAMAYANTI, A.Ma. | F104: 1 | H104: 0 | I104: 0 | J104: 0 | K104: 0 | L104: 0 | N104: 0 | O104: 16 | P104: 1 | Q104: 1 | R104: 0 | S104: 0 | U104: 0 | V104: 0 | W104: 0 | X104: 0 | Y104: 0 | Z104: 1 | AA104: 0 | AB104: 0 | AC104: 0 | AD104: 0 | AF104: =SUM(E104:AE104) -> 20
C105: 5. MUHAMMAD AFIF | F105: 0 | H105: 0 | I105: 0 | J105: 0 | K105: 0 | L105: 1 | N105: 0 | O105: 0 | P105: 0 | Q105: 0 | R105: 0 | S105: 0 | U105: 0 | V105: 0 | W105: 0 | X105: 0 | Y105: 0 | AA105: 0 | AB105: 0 | AC105: 0 | AD105: 0 | AF105: =SUM(E105:AE105) -> 1
C106: 6. SHOHIB QOMAD DILLAH, S.T.P. | F106: 0 | G106: 0 | H106: 0 | I106: 0 | J106: 0 | K106: 0 | L106: 3 | N106: 1 | O106: 1 | P106: 0 | Q106: 0 | R106: 0 | S106: 0 | U106: 0 | V106: 0 | W106: 0 | X106: 1 | Y106: 0 | Z106: 0 | AA106: 0 | AB106: 0 | AC106: 0 | AD106: 0 | AF106: =SUM(E106:AE106) -> 6
A107: B | B107: JUMLAH SUARA SAH PARTAI POLITIK DAN CALON (A1 + A2) | E107: =SUM(E100:E106) -> 20 | F107: =SUM(F100:F106) -> 32 | G107: =SUM(G100:G106) -> 21 | H107: =SUM(H100:H106) -> 21 | I107: =SUM(I100:I106) -> 28 | J107: =SUM(J100:J106) -> 64 | K107: =SUM(K100:K106) -> 8 | L107: =SUM(L100:L106) -> 10 | ... AE107: =SUM(AE100:AE106) -> 32 | AF107: =SUM(E107:AE107) -> 741
A109: A.1 | B109: 9. | C109: Partai Kebangkitan Nusantara | E109: 0 | F109: 0 | H109: 0 | I109: 0 | J109: 0 | K109: 0 | L109: 0 | N109: 0 | O109: 0 | P109: 1 | Q109: 0 | R109: 0 | S109: 0 | U109: 0 | V109: 0 | W109: 0 | X109: 0 | Y109: 0 | Z109: 1 | AA109: 0 | AB109: 0 | AC109: 0 | AD109: 0 | AF109: =SUM(E109:AE109) -> 2
A110: A.2 | C110: 1. AGUS TARMIDI | AF110: =SUM(E110:AE110) -> 0
A111: B | B111: JUMLAH SUARA SAH PARTAI POLITIK DAN CALON (A1 + A2) | E111: =SUM(E109:E110) -> 0 | F111: =SUM(F109:F110) -> 0 | G111: =SUM(G109:G110) -> 0 | H111: =SUM(H109:H110) -> 0 | I111: =SUM(I109:I110) -> 0 | J111: =SUM(J109:J110) -> 0 | K111: =SUM(K109:K110) -> 0 | L111: =SUM(L109:L110) -> 0 | ... AE111: =SUM(AE109:AE110) -> 0 | AF111: =SUM(E111:AE111) -> 2
A113: A.1 | B113: 10. | C113: Partai Hati Nurani Rakyat | F113: 1 | H113: 0 | I113: 1 | J113: 0 | K113: 0 | L113: 0 | M113: 1 | N113: 0 | O113: 0 | P113: 0 | Q113: 0 | R113: 0 | S113: 1 | U113: 0 | V113: 0 | W113: 0 | X113: 1 | Y113: 0 | Z113: 0 | AA113: 0 | AB113: 0 | AC113: 0 | AD113: 1 | AF113: =SUM(E113:AE113) -> 6
A114: A.2 | C114: 1. MOHAMAD ROSUL | F114: 0 | H114: 0 | I114: 0 | J114: 0 | K114: 0 | L114: 0 | N114: 0 | O114: 1 | P114: 0 | Q114: 0 | R114: 0 | S114: 0 | U114: 0 | V114: 0 | W114: 0 | X114: 0 | Y114: 1 | AA114: 0 | AB114: 0 | AC114: 0 | AD114: 0 | AF114: =SUM(E114:AE114) -> 2
C115: 2. H. AHMAD NUR ALCHAFFAF | E115: 1 | F115: 12 | H115: 0 | I115: 0 | J115: 1 | K115: 0 | L115: 1 | N115: 0 | O115: 0 | P115: 0 | Q115: 0 | R115: 0 | S115: 0 | U115: 0 | V115: 0 | W115: 3 | X115: 0 | Y115: 0 | AA115: 0 | AB115: 0 | AC115: 0 | AD115: 0 | AF115: =SUM(E115:AE115) -> 18
C116: 3. ISTIQUMILAILLI | E116: 2 | F116: 5 | G116: 6 | H116: 0 | I116: 6 | J116: 25 | K116: 6 | L116: 0 | M116: 1 | N116: 12 | O116: 3 | P116: 0 | Q116: 0 | R116: 8 | S116: 0 | U116: 0 | V116: 1 | W116: 9 | X116: 3 | Y116: 3 | AA116: 0 | AB116: 0 | AC116: 0 | AD116: 0 | AF116: =SUM(E116:AE116) -> 90
C117: 4. JOKO NUGROHO | F117: 0 | H117: 0 | I117: 0 | J117: 0 | K117: 0 | L117: 0 | N117: 0 | O117: 1 | P117: 0 | Q117: 4 | R117: 0 | S117: 0 | U117: 0 | V117: 0 | W117: 0 | X117: 0 | Y117: 0 | AA117: 0 | AB117: 0 | AC117: 0 | AD117: 0 | AF117: =SUM(E117:AE117) -> 5
C118: 5. MEGA PRAMESWARI | F118: 0 | H118: 0 | I118: 0 | J118: 0 | K118: 0 | L118: 0 | N118: 0 | O118: 0 | P118: 0 | Q118: 0 | R118: 0 | S118: 0 | U118: 0 | V118: 0 | W118: 0 | X118: 0 | Y118: 0 | AA118: 1 | AB118: 0 | AC118: 0 | AD118: 0 | AF118: =SUM(E118:AE118) -> 1
C119: 6. BUDI HARTONO | F119: 1 | H119: 0 | I119: 0 | J119: 0 | K119: 0 | L119: 0 | N119: 0 | O119: 0 | P119: 0 | Q119: 0 | R119: 0 | S119: 0 | U119: 0 | V119: 0 | W119: 0 | X119: 0 | Y119: 0 | AA119: 0 | AB119: 0 | AC119: 0 | AD119: 0 | AF119: =SUM(E119:AE119) -> 1
A120: B | B120: JUMLAH SUARA SAH PARTAI POLITIK DAN CALON (A1 + A2) | E120: =SUM(E113:E119) -> 3 | F120: =SUM(F113:F119) -> 19 | G120: =SUM(G113:G119) -> 6 | H120: =SUM(H113:H119) -> 0 | I120: =SUM(I113:I119) -> 7 | J120: =SUM(J113:J119) -> 26 | K120: =SUM(K113:K119) -> 6 | L120: =SUM(L113:L119) -> 1 | ... AE120: =SUM(AE113:AE119) -> 0 | AF120: =SUM(E120:AE120) -> 123
...

Sheet BALAK
C2: Kecamatan
C3: Kabupaten | D3: BANYUWANGI
C4: Provinsi | D4: JAWA TIMUR
C9: Kelurahan
A12: I | B12: DATA PEMILIH DAN PENGGUNAAN HAK PILIH | X12: JUMLAH AKHIR
A13: A | B13: DATA PEMILIH | E13: TPS 001 | F13: TPS 002 | G13: TPS 003 | H13: TPS 004 | I13: TPS 005 | J13: TPS 006 | K13: TPS 007 | L13: TPS 008 | M13: TPS 009 | N13: TPS 010 | O13: TPS 011 | P13: TPS 012 | Q13: TPS 013 | R13: TPS 014 | S13: TPS 015 | T13: TPS 016 | U13: TPS 017 | V13: TPS 018 | W13: TPS 019
B14: Jumlah Pemilih dalam Daftar Pemilih Tetap (DPT) | D14: LK | E14: 138 | F14: 141 | G14: 136 | H14: 140 | I14: 129 | J14: 138 | K14: 139 | L14: 139 | M14: 137 | N14: 138 | O14: 132 | P14: 140 | Q14: 134 | R14: 141 | S14: 131 | T14: 125 | U14: 136 | V14: 136 | W14: 141 | X14: =SUM(E14:W14) -> 2591
D15: PR | E15: 128 | F15: 135 | G15: 145 | H15: 126 | I15: 124 | J15: 136 | K15: 142 | L15: 143 | M15: 147 | N15: 137 | O15: 143 | P15: 150 | Q15: 149 | R15: 145 | S15: 150 | T15: 137 | U15: 141 | V15: 144 | W15: 140 | X15: =SUM(E15:W15) -> 2662
D16: JML | E16: =SUM(E14:E15) -> 266 | F16: =SUM(F14:F15) -> 276 | G16: =SUM(G14:G15) -> 281 | H16: =SUM(H14:H15) -> 266 | I16: =SUM(I14:I15) -> 253 | J16: =SUM(J14:J15) -> 274 | K16: =SUM(K14:K15) -> 281 | L16: =SUM(L14:L15) -> 282 | ... W16: =SUM(W14:W15) -> 281 | X16: =SUM(E16:W16) -> 5253
A18: B | B18: PENGGUNA HAK PILIH
B19: 1. | C19: Jumlah pengguna hak pilih dalam Daftar Pemilih Tetap (DPT) | D19: LK | E19: 73 | F19: 109 | G19: 112 | H19: 93 | I19: 95 | J19: 104 | K19: 96 | L19: 110 | M19: 98 | N19: 104 | O19: 102 | P19: 107 | Q19: 109 | R19: 97 | S19: 93 | T19: 98 | U19: 113 | V19: 104 | W19: 123 | X19: =SUM(E19:W19) -> 1940
D20: PR | E20: 90 | F20: 112 | G20: 118 | H20: 97 | I20: 88 | J20: 110 | K20: 115 | L20: 117 | M20: 127 | N20: 106 | O20: 119 | P20: 122 | Q20: 113 | R20: 122 | S20: 120 | T20: 108 | U20: 116 | V20: 119 | W20: 123 | X20: =SUM(E20:W20) -> 2142
D21: JML | E21: =SUM(E19:E20) -> 163 | F21: =SUM(F19:F20) -> 221 | G21: =SUM(G19:G20) -> 230 | H21: =SUM(H19:H20) -> 190 | I21: =SUM(I19:I20) -> 183 | J21: =SUM(J19:J20) -> 214 | K21: =SUM(K19:K20) -> 211 | L21: =SUM(L19:L20) -> 227 | ... W21: =SUM(W19:W20) -> 246 | X21: =SUM(E21:W21) -> 4082
B22: 2. | C22: Jumlah pengguna hak pilih dalam Daftar Pemilih Tambahan (DPTb) | D22: LK | E22: 0 | F22: 0 | G22: 0 | H22: 0 | I22: 0 | J22: 0 | K22: 0 | L22: 0 | M22: 0 | N22: 0 | O22: 0 | P22: 0 | Q22: 0 | R22: 0 | S22: 0 | T22: 0 | U22: 0 | V22: 0 | W22: 0 | X22: =SUM(E22:W22) -> 0
D23: PR | E23: 0 | F23: 0 | G23: 0 | H23: 0 | I23: 0 | J23: 0 | K23: 0 | L23: 0 | M23: 0 | N23: 0 | O23: 0 | P23: 0 | Q23: 0 | R23: 0 | S23: 0 | T23: 0 | U23: 0 | V23: 0 | W23: 1 | X23: =SUM(E23:W23) -> 1
D24: JML | E24: =SUM(E22:E23) -> 0 | F24: =SUM(F22:F23) -> 0 | G24: =SUM(G22:G23) -> 0 | H24: =SUM(H22:H23) -> 0 | I24: =SUM(I22:I23) -> 0 | J24: =SUM(J22:J23) -> 0 | K24: =SUM(K22:K23) -> 0 | L24: =SUM(L22:L23) -> 0 | ... W24: =SUM(W22:W23) -> 1 | X24: =SUM(E24:W24) -> 1
B25: 3. | C25: Jumlah pengguna hak pilih dalam Daftar Pemilih Khusus (DPK) | D25: LK | E25: 0 | F25: 0 | G25: 2 | H25: 3 | I25: 1 | J25: 0 | K25: 0 | L25: 3 | M25: 0 | N25: 0 | O25: 0 | P25: 0 | Q25: 0 | R25: 2 | S25: 2 | T25: 0 | U25: 0 | V25: 1 | W25: 0 | X25: =SUM(E25:W25) -> 14
D26: PR | E26: 1 | F26: 0 | G26: 1 | H26: 3 | I26: 3 | J26: 1 | K26: 0 | L26: 1 | M26: 0 | N26: 0 | O26: 1 | P26: 0 | Q26: 0 | R26: 3 | S26: 2 | T26: 0 | U26: 2 | V26: 0 | W26: 0 | X26: =SUM(E26:W26) -> 18
D27: JML | E27: =SUM(E25:E26) -> 1 | F27: =SUM(F25:F26) -> 0 | G27: =SUM(G25:G26) -> 3 | H27: =SUM(H25:H26) -> 6 | I27: =SUM(I25:I26) -> 4 | J27: =SUM(J25:J26) -> 1 | K27: =SUM(K25:K26) -> 0 | L27: =SUM(L25:L26) -> 4 | ... W27: =SUM(W25:W26) -> 0 | X27: =SUM(E27:W27) -> 32
B28: 4. | C28: Jumlah Pengguna Hak Pilih (B.1+B.2+B.3) | D28: LK | E28: =SUM(E19,E22,E25) -> 73 | F28: =SUM(F19,F22,F25) -> 109 | G28: =SUM(G19,G22,G25) -> 114 | H28: =SUM(H19,H22,H25) -> 96 | I28: =SUM(I19,I22,I25) -> 96 | J28: =SUM(J19,J22,J25) -> 104 | K28: =SUM(K19,K22,K25) -> 96 | L28: =SUM(L19,L22,L25) -> 113 | ... W28: =SUM(W19,W22,W25) -> 123 | X28: =SUM(E28:W28) -> 1954
D29: PR | E29: =SUM(E20,E23,E26) -> 91 | F29: =SUM(F20,F23,F26) -> 112 | G29: =SUM(G20,G23,G26) -> 119 | H29: =SUM(H20,H23,H26) -> 100 | I29: =SUM(I20,I23,I26) -> 91 | J29: =SUM(J20,J23,J26) -> 111 | K29: =SUM(K20,K23,K26) -> 115 | L29: =SUM(L20,L23,L26) -> 118 | ... W29: =SUM(W20,W23,W26) -> 124 | X29: =SUM(E29:W29) -> 2161
D30: JML | E30: =SUM(E28:E29) -> 164 | F30: =SUM(F28:F29) -> 221 | G30: =SUM(G28:G29) -> 233 | H30: =SUM(H28:H29) -> 196 | I30: =SUM(I28:I29) -> 187 | J30: =SUM(J28:J29) -> 215 | K30: =SUM(K28:K29) -> 211 | L30: =SUM(L28:L29) -> 231 | ... W30: =SUM(W28:W29) -> 247 | X30: =SUM(E30:W30) -> 4115
A32: II | B32: DATA PENGGUNAAN SURAT SUARA
A33: 1 | B33: Jumlah surat suara yang diterima, termasuk surat suara cadangan 2,5% dari DPT | E33: 272 | F33: 282 | G33: 287 | H33: 272 | I33: 259 | J33: 280 | K33: 287 | L33: 288 | M33: 290 | N33: 281 | O33: 306 | P33: 296 | Q33: 289 | R33: 292 | S33: 287 | T33: 268 | U33: 285 | V33: 286 | W33: 290 | X33: =SUM(E33:W33) -> 5397
A34: 2 | B34: Jumlah surat suara yang digunakan | E34: 164 | F34: 221 | G34: 233 | H34: 196 | I34: 187 | J34: 215 | K34: 211 | L34: 231 | M34: 225 | N34: 210 | O34: 222 | P34: 229 | Q34: 222 | R34: 224 | S34: 217 | T34: 206 | U34: 231 | V34: 224 | W34: 247 | X34: =SUM(E34:W34) -> 4115
A35: 3 | B35: Jumlah surat suara dikembalikan oleh pemilih (karena rusak atau keliru coblos) | E35: 0 | F35: 0 | G35: 1 | H35: 0 | I35: 0 | J35: 0 | K35: 0 | L35: 0 | M35: 0 | N35: 0 | O35: 0 | P35: 0 | Q35: 0 | R35: 0 | S35: 0 | T35: 0 | U35: 0 | V35: 1 | W35: 0 | X35: =SUM(E35:W35) -> 2
A36: 4 | B36: Jumlah surat suara yang tidak digunakan/tidak terpakai, termasuk sisa surat suara cadangan | E36: =E33-(E34+E35) -> 108 | F36: =F33-(F34+F35) -> 61 | G36: =G33-(G34+G35) -> 53 | H36: =H33-(H34+H35) -> 76 | I36: =I33-(I34+I35) -> 72 | J36: =J33-(J34+J35) -> 65 | K36: =K33-(K34+K35) -> 76 | L36: =L33-(L34+L35) -> 57 | ... W36: =W33-(W34+W35) -> 43 | X36: =SUM(E36:W36) -> 1280
A38: III | B38: DATA PEMILIH DISABILITAS
B39: Jumlah seluruh Pemilih disabilitas yang menggunakan hak pilih | D39: LK | E39: 0 | F39: 0 | G39: 0 | H39: 0 | I39: 0 | J39: 0 | K39: 0 | L39: 0 | M39: 1 | N39: 0 | O39: 0 | P39: 0 | Q39: 0 | R39: 0 | S39: 0 | T39: 0 | U39: 0 | V39: 0 | W39: 0 | X39: =SUM(E39:W39) -> 1
D40: PR | E40: 0 | F40: 0 | G40: 0 | H40: 0 | I40: 0 | J40: 0 | K40: 0 | L40: 0 | M40: 1 | N40: 0 | O40: 0 | P40: 0 | Q40: 0 | R40: 0 | S40: 0 | T40: 0 | U40: 0 | V40: 0 | W40: 0 | X40: =SUM(E40:W40) -> 1
D41: JML | E41: =SUM(E39:E40) -> 0 | F41: =SUM(F39:F40) -> 0 | G41: =SUM(G39:G40) -> 0 | H41: =SUM(H39:H40) -> 0 | I41: =SUM(I39:I40) -> 0 | J41: =SUM(J39:J40) -> 0 | K41: =SUM(K39:K40) -> 0 | L41: =SUM(L39:L40) -> 0 | ... W41: =SUM(W39:W40) -> 0 | X41: =SUM(E41:W41) -> 2
A43: IV | B43: DATA RINCIAN PEROLEHAN SUARA PASANGAN CALON BUPATI DAN WAKIL BUPATI
A44: NOMOR DAN NAMA CALON
A45: A.1 | B45: 1. | C45: Partai Kebangkitan Bangsa | E45: 19 | F45: 6 | G45: 6 | H45: 4 | I45: 11 | J45: 11 | K45: 7 | L45: 2 | M45: 5 | N45: 4 | O45: 8 | P45: 11 | Q45: 11 | R45: 14 | S45: 20 | T45: 14 | U45: 19 | V45: 18 | W45: 4 | X45: =SUM(E45:W45) -> 194
A46: A.2 | C46: 1. H. MUHAMMAD ALI MAHRUS, S.H.I., M.H | E46: 44 | F46: 17 | G46: 27 | H46: 7 | I46: 21 | J46: 15 | K46: 15 | L46: 22 | M46: 5 | N46: 1 | O46: 18 | P46: 19 | Q46: 84 | R46: 61 | S46: 63 | T46: 55 | U46: 116 | V46: 149 | W46: 17 | X46: =SUM(E46:W46) -> 756
C47: 2. TUPANG SOEDARGO | E47: 14 | F47: 18 | G47: 19 | H47: 5 | I47: 16 | J47: 16 | K47: 36 | L47: 27 | M47: 13 | N47: 14 | O47: 7 | P47: 5 | Q47: 11 | R47: 23 | S47: 18 | T47: 18 | U47: 2 | V47: 7 | W47: 3 | X47: =SUM(E47:W47) -> 272
C48: 3. Hj. KHOLIFATUL HASANAH | E48: 0 | F48: 0 | G48: 0 | H48: 3 | I48: 1 | J48: 0 | K48: 0 | L48: 1 | M48: 0 | N48: 0 | O48: 1 | P48: 1 | Q48: 2 | R48: 2 | S48: 0 | T48: 1 | U48: 0 | V48: 0 | W48: 0 | X48: =SUM(E48:W48) -> 12
C49: 4. FUAD HUMAIDI, S.H.I. | E49: 0 | F49: 0 | G49: 1 | H49: 0 | I49: 0 | J49: 0 | K49: 1 | L49: 0 | M49: 0 | N49: 0 | O49: 0 | P49: 0 | Q49: 0 | R49: 1 | S49: 0 | T49: 0 | U49: 0 | V49: 0 | W49: 0 | X49: =SUM(E49:W49) -> 3
C50: 5. ENI WIJI LESTARI | E50: 0 | F50: 0 | G50: 1 | H50: 0 | I50: 1 | J50: 0 | K50: 1 | L50: 0 | M50: 0 | N50: 0 | O50: 0 | P50: 0 | Q50: 0 | R50: 0 | S50: 1 | T50: 0 | U50: 0 | V50: 1 | W50: 0 | X50: =SUM(E50:W50) -> 5
C51: 6. SONNY AGUS SETIAWAN | E51: 0 | F51: 1 | G51: 1 | H51: 0 | I51: 1 | J51: 0 | K51: 7 | L51: 1 | M51: 0 | N51: 0 | O51: 0 | P51: 0 | Q51: 0 | R51: 0 | S51: 0 | T51: 0 | U51: 0 | V51: 0 | W51: 0 | X51: =SUM(E51:W51) -> 11
A52: B | B52: JUMLAH SUARA SAH PARTAI POLITIK DAN CALON (A1 + A2) | E52: =SUM(E45:E51) -> 77 | F52: =SUM(F45:F51) -> 42 | G52: =SUM(G45:G51) -> 55 | H52: =SUM(H45:H51) -> 19 | I52: =SUM(I45:I51) -> 51 | J52: =SUM(J45:J51) -> 42 | K52: =SUM(K45:K51) -> 67 | L52: =SUM(L45:L51) -> 53 | ... W52: =SUM(W45:W51) -> 24 | X52: =SUM(E52:W52) -> 1253
A54: A.1 | B54: 2. | C54: Partai Gerakan Indonesia Raya | E54: 5 | F54: 2 | G54: 18 | H54: 9 | I54: 6 | J54: 2 | K54: 8 | L54: 8 | M54: 2 | N54: 7 | O54: 5 | P54: 14 | Q54: 7 | R54: 6 | S54: 8 | T54: 2 | U54: 3 | V54: 1 | W54: 6 | X54: =SUM(E54:W54) -> 119
A55: A.2 | C55: 1. SUWITO | E55: 2 | F55: 15 | G55: 19 | H55: 13 | I55: 1 | J55: 8 | K55: 5 | L55: 9 | M55: 8 | N55: 35 | O55: 35 | P55: 10 | Q55: 6 | R55: 7 | S55: 6 | T55: 1 | U55: 3 | V55: 2 | W55: 1 | X55: =SUM(E55:W55) -> 186
C56: 2. LIMPAT PRAWIRO DIKDO | E56: 1 | F56: 13 | G56: 17 | H56: 53 | I56: 12 | J56: 7 | K56: 4 | L56: 3 | M56: 6 | N56: 3 | O56: 18 | P56: 11 | Q56: 2 | R56: 4 | S56: 7 | T56: 0 | U56: 2 | V56: 2 | W56: 3 | X56: =SUM(E56:W56) -> 168
C57: 3. PUPUT DESI PRATAMA EKA PUTRI | E57: 0 | F57: 1 | G57: 1 | H57: 1 | I57: 1 | J57: 0 | K57: 0 | L57: 0 | M57: 1 | N57: 2 | O57: 0 | P57: 1 | Q57: 0 | R57: 1 | S57: 2 | T57: 0 | U57: 1 | V57: 0 | W57: 0 | X57: =SUM(E57:W57) -> 12
C58: 4. RUDI HANDOKO | E58: 1 | F58: 1 | G58: 2 | H58: 0 | I58: 0 | J58: 0 | K58: 0 | L58: 0 | M58: 0 | N58: 0 | O58: 0 | P58: 0 | Q58: 0 | R58: 1 | S58: 0 | T58: 0 | U58: 0 | V58: 0 | W58: 0 | X58: =SUM(E58:W58) -> 5
C59: 5. IWAN SETIAWAN | E59: 0 | F59: 0 | G59: 0 | H59: 0 | I59: 0 | J59: 0 | K59: 1 | L59: 0 | M59: 0 | N59: 0 | O59: 0 | P59: 0 | Q59: 1 | R59: 0 | S59: 1 | T59: 0 | U59: 0 | V59: 0 | W59: 0 | X59: =SUM(E59:W59) -> 3
C60: 6. JUWITA INDRASARI | E60: 0 | F60: 2 | G60: 1 | H60: 0 | I60: 0 | J60: 0 | K60: 0 | L60: 0 | M60: 0 | N60: 0 | O60: 0 | P60: 0 | Q60: 0 | R60: 0 | S60: 1 | T60: 0 | U60: 0 | V60: 0 | W60: 0 | X60: =SUM(E60:W60) -> 4
A61: B | B61: JUMLAH SUARA SAH PARTAI POLITIK DAN CALON (A1 + A2) | E61: =SUM(E54:E60) -> 9 | F61: =SUM(F54:F60) -> 34 | G61: =SUM(G54:G60) -> 58 | H61: =SUM(H54:H60) -> 76 | I61: =SUM(I54:I60) -> 20 | J61: =SUM(J54:J60) -> 17 | K61: =SUM(K54:K60) -> 18 | L61: =SUM(L54:L60) -> 20 | ... W61: =SUM(W54:W60) -> 10 | X61: =SUM(E61:W61) -> 497
A63: A.1 | B63: 3. | C63: Partai Demokrasi Indonesia Perjuangan | E63: 6 | F63: 8 | G63: 5 | H63: 3 | I63: 4 | J63: 16 | K63: 6 | L63: 10 | M63: 30 | N63: 23 | O63: 12 | P63: 13 | Q63: 6 | R63: 16 | S63: 14 | T63: 4 | U63: 2 | V63: 0 | W63: 6 | X63: =SUM(E63:W63) -> 184
A64: A.2 | C64: 1. AHMAD MASROHAN | E64: 1 | F64: 2 | G64: 1 | H64: 0 | I64: 0 | J64: 5 | K64: 3 | L64: 1 | M64: 5 | N64: 1 | O64: 1 | P64: 3 | Q64: 6 | R64: 5 | S64: 9 | T64: 9 | U64: 3 | V64: 3 | W64: 0 | X64: =SUM(E64:W64) -> 58
C65: 2. HARIYANTO | E65: 3 | F65: 0 | G65: 3 | H65: 0 | I65: 2 | J65: 2 | K65: 2 | L65: 1 | M65: 4 | N65: 3 | O65: 3 | P65: 6 | Q65: 2 | R65: 4 | S65: 3 | T65: 3 | U65: 6 | V65: 1 | W65: 178 | X65: =SUM(E65:W65) -> 226
C66: 3. INDAH MARHENI | E66: 1 | F66: 5 | G66: 6 | H66: 2 | I66: 0 | J66: 0 | K66: 1 | L66: 9 | M66: 36 | N66: 46 | O66: 37 | P66: 6 | Q66: 0 | R66: 1 | S66: 0 | T66: 1 | U66: 1 | V66: 0 | W66: 1 | X66: =SUM(E66:W66) -> 153
C67: 4. AGUS PRIYONO | E67: 12 | F67: 1 | G67: 0 | H67: 2 | I67: 0 | J67: 16 | K67: 24 | L67: 22 | M67: 22 | N67: 7 | O67: 15 | P67: 6 | Q67: 18 | R67: 5 | S67: 6 | T67: 8 | U67: 0 | V67: 0 | W67: 0 | X67: =SUM(E67:W67) -> 164
C68: 5. SETYA RAHAYU | E68: 2 | F68: 11 | G68: 12 | H68: 6 | I68: 9 | J68: 0 | K68: 14 | L68: 6 | M68: 1 | N68: 9 | O68: 4 | P68: 5 | Q68: 11 | R68: 11 | S68: 4 | T68: 4 | U68: 11 | V68: 12 | W68: 4 | X68: =SUM(E68:W68) -> 136
C69: 6. M. HAFI WIJAYA | E69: 0 | F69: 0 | G69: 4 | H69: 7 | I69: 3 | J69: 1 | K69: 5 | L69: 5 | M69: 2 | N69: 5 | O69: 8 | P69: 26 | Q69: 10 | R69: 4 | S69: 0 | T69: 0 | U69: 0 | V69: 0 | W69: 0 | X69: =SUM(E69:W69) -> 80
A70: B | B70: JUMLAH SUARA SAH PARTAI POLITIK DAN CALON (A1 + A2) | E70: =SUM(E63:E69) -> 25 | F70: =SUM(F63:F69) -> 27 | G70: =SUM(G63:G69) -> 31 | H70: =SUM(H63:H69) -> 20 | I70: =SUM(I63:I69) -> 18 | J70: =SUM(J63:J69) -> 40 | K70: =SUM(K63:K69) -> 55 | L70: =SUM(L63:L69) -> 54 | ... W70: =SUM(W63:W69) -> 189 | X70: =SUM(E70:W70) -> 1001
A72: A.1 | B72: 4. | C72: Partai Golongan Karya | E72: 4 | F72: 1 | G72: 0 | H72: 2 | I72: 3 | J72: 8 | K72: 3 | L72: 2 | M72: 3 | N72: 1 | O72: 1 | P72: 11 | Q72: 3 | R72: 3 | S72: 2 | T72: 9 | U72: 0 | V72: 0 | W72: 0 | X72: =SUM(E72:W72) -> 56
A73: A.2 | C73: 1. SRI YULIANI | E73: 2 | F73: 4 | G73: 4 | H73: 6 | I73: 4 | J73: 49 | K73: 6 | L73: 6 | M73: 2 | N73: 3 | O73: 12 | P73: 12 | Q73: 4 | R73: 12 | S73: 2 | T73: 43 | U73: 1 | V73: 0 | W73: 0 | X73: =SUM(E73:W73) -> 172
C74: 2. ACHMAD SUMARNO, S.E. | E74: 0 | F74: 0 | G74: 0 | H74: 2 | I74: 0 | J74: 1 | K74: 0 | L74: 0 | M74: 0 | N74: 1 | O74: 0 | P74: 0 | Q74: 2 | R74: 0 | S74: 0 | T74: 0 | U74: 0 | V74: 0 | W74: 0 | X74: =SUM(E74:W74) -> 6
C75: 3. MUHAMMAD SAHLAN, S.Sos., M.A. | E75: 2 | F75: 2 | G75: 1 | H75: 0 | I75: 3 | J75: 5 | K75: 2 | L75: 0 | M75: 0 | N75: 0 | O75: 0 | P75: 7 | Q75: 0 | R75: 0 | S75: 0 | T75: 0 | U75: 1 | V75: 0 | W75: 1 | X75: =SUM(E75:W75) -> 24
C76: 4. MAYA YUSEFA, S.Pd. | E76: 0 | F76: 0 | G76: 0 | H76: 0 | I76: 0 | J76: 1 | K76: 0 | L76: 0 | M76: 1 | N76: 0 | O76: 1 | P76: 0 | Q76: 0 | R76: 1 | S76: 0 | T76: 0 | U76: 0 | V76: 0 | W76: 0 | X76: =SUM(E76:W76) -> 4
C77: 5. SUPARMAN | E77: 0 | F77: 0 | G77: 0 | H77: 0 | I77: 1 | J77: 0 | K77: 0 | L77: 1 | M77: 0 | N77: 0 | O77: 0 | P77: 0 | Q77: 0 | R77: 1 | S77: 0 | T77: 0 | U77: 0 | V77: 0 | W77: 0 | X77: =SUM(E77:W77) -> 3
C78: 6. NURHIDAYAT | E78: 0 | F78: 0 | G78: 0 | H78: 0 | I78: 0 | J78: 1 | K78: 0 | L78: 0 | M78: 0 | N78: 0 | O78: 0 | P78: 0 | Q78: 0 | R78: 0 | S78: 0 | T78: 2 | U78: 0 | V78: 0 | W78: 0 | X78: =SUM(E78:W78) -> 3
A79: B | B79: JUMLAH SUARA SAH PARTAI POLITIK DAN CALON (A1 + A2) | E79: =SUM(E72:E78) -> 8 | F79: =SUM(F72:F78) -> 7 | G79: =SUM(G72:G78) -> 5 | H79: =SUM(H72:H78) -> 10 | I79: =SUM(I72:I78) -> 11 | J79: =SUM(J72:J78) -> 65 | K79: =SUM(K72:K78) -> 11 | L79: =SUM(L72:L78) -> 9 | ... W79: =SUM(W72:W78) -> 1 | X79: =SUM(E79:W79) -> 268
A81: A.1 | B81: 5. | C81: Partai NasDem | E81: 0 | F81: 1 | G81: 4 | H81: 0 | I81: 1 | J81: 0 | K81: 4 | L81: 0 | M81: 0 | N81: 0 | O81: 0 | P81: 2 | Q81: 0 | R81: 3 | S81: 1 | T81: 0 | U81: 0 | V81: 1 | W81: 1 | X81: =SUM(E81:W81) -> 18
A82: A.2 | C82: 1. RATIH NUR HAYATI, S.T. | E82: 0 | F82: 1 | G82: 0 | H82: 0 | I82: 0 | J82: 1 | K82: 1 | L82: 2 | M82: 0 | N82: 0 | O82: 0 | P82: 1 | Q82: 0 | R82: 0 | S82: 1 | T82: 0 | U82: 0 | V82: 0 | W82: 1 | X82: =SUM(E82:W82) -> 8
C83: 2. ISTILAH MUSTOFA, S.H. | E83: 0 | F83: 2 | G83: 2 | H83: 0 | I83: 1 | J83: 0 | K83: 7 | L83: 0 | M83: 0 | N83: 0 | O83: 2 | P83: 2 | Q83: 3 | R83: 2 | S83: 0 | T83: 4 | U83: 0 | V83: 5 | W83: 2 | X83: =SUM(E83:W83) -> 32
C84: 3. ACHMAD RIDHO HADISISWOYO, S.Tr.P. | E84: 0 | F84: 0 | G84: 0 | H84: 0 | I84: 0 | J84: 0 | K84: 0 | L84: 0 | M84: 0 | N84: 0 | O84: 0 | P84: 0 | Q84: 0 | R84: 1 | S84: 1 | T84: 0 | U84: 0 | V84: 0 | W84: 1 | X84: =SUM(E84:W84) -> 3
C85: 4. AKHMAD ROSIDI | E85: 0 | F85: 0 | G85: 0 | H85: 0 | I85: 2 | J85: 0 | K85: 0 | L85: 0 | M85: 0 | N85: 0 | O85: 0 | P85: 0 | Q85: 1 | R85: 0 | S85: 0 | T85: 0 | U85: 0 | V85: 0 | W85: 0 | X85: =SUM(E85:W85) -> 3
C86: 5. MUHAMAD VAHID FAIQ | E86: 0 | F86: 0 | G86: 0 | H86: 0 | I86: 0 | J86: 0 | K86: 0 | L86: 0 | M86: 0 | N86: 0 | O86: 0 | P86: 0 | Q86: 0 | R86: 0 | S86: 0 | T86: 0 | U86: 0 | V86: 2 | W86: 4 | X86: =SUM(E86:W86) -> 6
C87: 6. TITIS MEILIKA WIYONO | E87: 0 | F87: 0 | G87: 0 | H87: 0 | I87: 0 | J87: 0 | K87: 0 | L87: 0 | M87: 0 | N87: 1 | O87: 0 | P87: 0 | Q87: 0 | R87: 0 | S87: 0 | T87: 0 | U87: 0 | V87: 0 | W87: 0 | X87: =SUM(E87:W87) -> 1
A88: B | B88: JUMLAH SUARA SAH PARTAI POLITIK DAN CALON (A1 + A2) | E88: =SUM(E81:E87) -> 0 | F88: =SUM(F81:F87) -> 4 | G88: =SUM(G81:G87) -> 6 | H88: =SUM(H81:H87) -> 0 | I88: =SUM(I81:I87) -> 4 | J88: =SUM(J81:J87) -> 1 | K88: =SUM(K81:K87) -> 12 | L88: =SUM(L81:L87) -> 2 | ... W88: =SUM(W81:W87) -> 9 | X88: =SUM(E88:W88) -> 71
A90: A.1 | B90: 6. | C90: Partai Buruh | E90: 0 | F90: 0 | G90: 0 | H90: 0 | I90: 0 | J90: 0 | K90: 0 | L90: 0 | M90: 1 | N90: 1 | O90: 0 | P90: 1 | Q90: 0 | R90: 1 | S90: 0 | T90: 0 | U90: 0 | V90: 0 | W90: 0 | X90: =SUM(E90:W90) -> 4
A91: A.2 | X91: =SUM(E91:W91) -> 0
A92: B | B92: JUMLAH SUARA SAH PARTAI POLITIK DAN CALON (A1 + A2) | E92: =SUM(E90:E91) -> 0 | F92: =SUM(F90:F91) -> 0 | G92: =SUM(G90:G91) -> 0 | H92: =SUM(H90:H91) -> 0 | I92: =SUM(I90:I91) -> 0 | J92: =SUM(J90:J91) -> 0 | K92: =SUM(K90:K91) -> 0 | L92: =SUM(L90:L91) -> 0 | ... W92: =SUM(W90:W91) -> 0 | X92: =SUM(E92:W92) -> 4
A94: A.1 | B94: 7. | C94: Partai Gelombang Rakyat Indonesia | E94: 0 | F94: 0 | G94: 1 | H94: 0 | I94: 0 | J94: 0 | K94: 0 | L94: 1 | M94: 0 | N94: 1 | O94: 0 | P94: 0 | Q94: 0 | R94: 0 | S94: 0 | T94: 0 | U94: 0 | V94: 0 | W94: 0 | X94: =SUM(E94:W94) -> 3
A95: A.2 | C95: 1. RIFKI ALFAN SANI | E95: 0 | F95: 0 | G95: 0 | H95: 0 | I95: 0 | J95: 1 | K95: 0 | L95: 0 | M95: 0 | N95: 0 | O95: 0 | P95: 0 | Q95: 0 | R95: 0 | S95: 0 | T95: 0 | U95: 0 | V95: 0 | W95: 1 | X95: =SUM(E95:W95) -> 2
C96: 2. RAPI'I | E96: 0 | F96: 0 | G96: 0 | H96: 0 | I96: 0 | J96: 0 | K96: 0 | L96: 0 | M96: 0 | N96: 0 | O96: 0 | P96: 2 | Q96: 0 | R96: 0 | S96: 0 | T96: 0 | U96: 0 | V96: 0 | W96: 0 | X96: =SUM(E96:W96) -> 2
C97: 3. NUR IKA SETIAWATI | E97: 0 | F97: 0 | G97: 0 | H97: 0 | I97: 0 | J97: 0 | K97: 0 | L97: 0 | M97: 0 | N97: 0 | O97: 0 | P97: 0 | Q97: 0 | R97: 0 | S97: 0 | T97: 1 | U97: 0 | V97: 0 | W97: 0 | X97: =SUM(E97:W97) -> 1
A98: B | B98: JUMLAH SUARA SAH PARTAI POLITIK DAN CALON (A1 + A2) | E98: =SUM(E94:E97) -> 0 | F98: =SUM(F94:F97) -> 0 | G98: =SUM(G94:G97) -> 1 | H98: =SUM(H94:H97) -> 0 | I98: =SUM(I94:I97) -> 0 | J98: =SUM(J94:J97) -> 1 | K98: =SUM(K94:K97) -> 0 | L98: =SUM(L94:L97) -> 1 | ... W98: =SUM(W94:W97) -> 1 | X98: =SUM(E98:W98) -> 8
A100: A.1 | B100: 8. | C100: Partai Keadilan Sejahtera | E100: 0 | F100: 0 | G100: 2 | H100: 1 | I100: 0 | J100: 3 | K100: 3 | L100: 3 | M100: 0 | N100: 1 | O100: 0 | P100: 1 | Q100: 0 | R100: 0 | S100: 1 | T100: 1 | U100: 0 | V100: 0 | W100: 0 | X100: =SUM(E100:W100) -> 16
A101: A.2 | C101: 1. VITA RIMA YANTI, S.KM. | E101: 7 | F101: 0 | G101: 13 | H101: 11 | I101: 6 | J101: 21 | K101: 10 | L101: 22 | M101: 10 | N101: 1 | O101: 2 | P101: 5 | Q101: 3 | R101: 0 | S101: 4 | T101: 2 | U101: 3 | V101: 0 | W101: 0 | X101: =SUM(E101:W101) -> 120
C102: 2. EKO WAHYU HIDAYAT, A.Md. | E102: 0 | F102: 0 | G102: 0 | H102: 2 | I102: 0 | J102: 1 | K102: 1 | L102: 0 | M102: 0 | N102: 0 | O102: 0 | P102: 0 | Q102: 0 | R102: 0 | S102: 0 | T102: 0 | U102: 0 | V102: 0 | W102: 0 | X102: =SUM(E102:W102) -> 4
C103: 3. EDY PURNOMO | E103: 0 | F103: 0 | G103: 0 | H103: 0 | I103: 0 | J103: 0 | K103: 0 | L103: 0 | M103: 0 | N103: 0 | O103: 0 | P103: 0 | Q103: 1 | R103: 1 | S103: 1 | T103: 0 | U103: 0 | V103: 0 | W103: 0 | X103: =SUM(E103:W103) -> 3
C104: 4. SUNTARIAS PUTRI DAMAYANTI, A.Ma. | E104: 0 | F104: 0 | G104: 0 | H104: 2 | I104: 0 | J104: 0 | K104: 0 | L104: 0 | M104: 0 | N104: 0 | O104: 0 | P104: 2 | Q104: 0 | R104: 0 | S104: 0 | T104: 0 | U104: 0 | V104: 0 | W104: 0 | X104: =SUM(E104:W104) -> 4
C105: 5. MUHAMMAD AFIF | E105: 0 | F105: 0 | G105: 0 | H105: 0 | I105: 0 | J105: 0 | K105: 0 | L105: 0 | M105: 0 | N105: 0 | O105: 0 | P105: 0 | Q105: 0 | R105: 0 | S105: 0 | T105: 0 | U105: 0 | V105: 0 | W105: 0 | X105: =SUM(E105:W105) -> 0
C106: 6. SHOHIB QOMAD DILLAH, S.T.P. | E106: 8 | F106: 0 | G106: 0 | H106: 0 | I106: 0 | J106: 0 | K106: 0 | L106: 0 | M106: 0 | N106: 0 | O106: 0 | P106: 0 | Q106: 1 | R106: 0 | S106: 1 | T106: 0 | U106: 0 | V106: 0 | W106: 0 | X106: =SUM(E106:W106) -> 10
A107: B | B107: JUMLAH SUARA SAH PARTAI POLITIK DAN CALON (A1 + A2) | E107: =SUM(E100:E106) -> 15 | F107: =SUM(F100:F106) -> 0 | G107: =SUM(G100:G106) -> 15 | H107: =SUM(H100:H106) -> 16 | I107: =SUM(I100:I106) -> 6 | J107: =SUM(J100:J106) -> 25 | K107: =SUM(K100:K106) -> 14 | L107: =SUM(L100:L106) -> 25 | ... W107: =SUM(W100:W106) -> 0 | X107: =SUM(E107:W107) -> 157
A109: A.1 | B109: 9. | C109: Partai Kebangkitan Nusantara | E109: 0 | F109: 0 | G109: 0 | H109: 0 | I109: 0 | J109: 0 | K109: 0 | L109: 0 | M109: 0 | N109: 0 | O109: 0 | Q109: 0 | R109: 0 | S109: 0 | T109: 0 | U109: 0 | V109: 0 | W109: 0 | X109: =SUM(E109:W109) -> 0
A110: A.2 | C110: 1. AGUS TARMIDI | X110: =SUM(E110:W110) -> 0
A111: B | B111: JUMLAH SUARA SAH PARTAI POLITIK DAN CALON (A1 + A2) | E111: =SUM(E109:E110) -> 0 | F111: =SUM(F109:F110) -> 0 | G111: =SUM(G109:G110) -> 0 | H111: =SUM(H109:H110) -> 0 | I111: =SUM(I109:I110) -> 0 | J111: =SUM(J109:J110) -> 0 | K111: =SUM(K109:K110) -> 0 | L111: =SUM(L109:L110) -> 0 | ... W111: =SUM(W109:W110) -> 0 | X111: =SUM(E111:W111) -> 0
A113: A.1 | B113: 10. | C113: Partai Hati Nurani Rakyat | E113: 0 | F113: 0 | G113: 0 | H113: 0 | I113: 0 | J113: 0 | K113: 0 | L113: 0 | M113: 0 | N113: 0 | O113: 0 | P113: 1 | Q113: 0 | R113: 0 | S113: 0 | T113: 0 | U113: 1 | V113: 0 | W113: 0 | X113: =SUM(E113:W113) -> 2
A114: A.2 | C114: 1. MOHAMAD ROSUL | E114: 0 | F114: 0 | G114: 0 | H114: 0 | I114: 0 | J114: 1 | K114: 0 | L114: 0 | M114: 0 | N114: 0 | O114: 0 | P114: 0 | Q114: 0 | R114: 0 | S114: 0 | T114: 0 | U114: 0 | V114: 0 | W114: 0 | X114: =SUM(E114:W114) -> 1
C115: 2. H. AHMAD NUR ALCHAFFAF | E115: 0 | F115: 0 | G115: 0 | H115: 0 | I115: 0 | J115: 0 | K115: 0 | L115: 0 | M115: 0 | N115: 0 | O115: 0 | P115: 3 | Q115: 0 | R115: 0 | S115: 0 | T115: 0 | U115: 0 | V115: 0 | W115: 0 | X115: =SUM(E115:W115) -> 3
C116: 3. ISTIQUMILAILLI | E116: 0 | F116: 1 | G116: 0 | H116: 2 | I116: 0 | J116: 0 | K116: 2 | L116: 0 | M116: 0 | N116: 0 | O116: 1 | P116: 7 | Q116: 1 | R116: 0 | S116: 0 | T116: 7 | U116: 29 | V116: 6 | W116: 0 | X116: =SUM(E116:W116) -> 56
C117: 4. JOKO NUGROHO | E117: 0 | F117: 0 | G117: 0 | H117: 0 | I117: 0 | J117: 1 | K117: 0 | L117: 0 | M117: 0 | N117: 0 | O117: 0 | P117: 0 | Q117: 0 | R117: 0 | S117: 0 | T117: 1 | U117: 0 | V117: 0 | W117: 0 | X117: =SUM(E117:W117) -> 2
C118: 5. MEGA PRAMESWARI | E118: 0 | F118: 0 | G118: 0 | H118: 0 | I118: 0 | J118: 0 | K118: 0 | L118: 0 | M118: 0 | N118: 0 | O118: 0 | P118: 0 | Q118: 0 | R118: 0 | S118: 0 | T118: 0 | U118: 0 | V118: 0 | W118: 0 | X118: =SUM(E118:W118) -> 0
C119: 6. BUDI HARTONO | E119: 0 | F119: 0 | G119: 0 | H119: 0 | I119: 0 | J119: 0 | K119: 0 | L119: 0 | M119: 0 | N119: 2 | O119: 4 | P119: 0 | Q119: 0 | R119: 0 | S119: 0 | T119: 0 | U119: 0 | V119: 0 | W119: 0 | X119: =SUM(E119:W119) -> 6
A120: B | B120: JUMLAH SUARA SAH PARTAI POLITIK DAN CALON (A1 + A2) | E120: =SUM(E113:E119) -> 0 | F120: =SUM(F113:F119) -> 1 | G120: =SUM(G113:G119) -> 0 | H120: =SUM(H113:H119) -> 2 | I120: =SUM(I113:I119) -> 0 | J120: =SUM(J113:J119) -> 2 | K120: =SUM(K113:K119) -> 2 | L120: =SUM(L113:L119) -> 0 | ... W120: =SUM(W113:W119) -> 0 | X120: =SUM(E120:W120) -> 70
...

Sheet SRAGI
C2: Kecamatan
C3: Kabupaten | D3: BANYUWANGI
C4: Provinsi | D4: JAWA TIMUR
C9: Kelurahan
A12: I | B12: DATA PEMILIH DAN PENGGUNAAN HAK PILIH | AG12: JUMLAH AKHIR
A13: A | B13: DATA PEMILIH | E13: TPS 001 | F13: TPS 002 | G13: TPS 003 | H13: TPS 004 | I13: TPS 005 | J13: TPS 006 | K13: TPS 007 | L13: TPS 008 | M13: TPS 009 | N13: TPS 010 | O13: TPS 011 | P13: TPS 012 | Q13: TPS 013 | R13: TPS 014 | S13: TPS 015 | T13: TPS 016 | U13: TPS 017 | V13: TPS 018 | W13: TPS 019 | X13: TPS 020 | Y13: TPS 021 | Z13: TPS 022 | AA13: TPS 023 | AB13: TPS 024 | AC13: TPS 025 | AD13: TPS 026 | AE13: TPS 027 | AF13: TPS 028
B14: Jumlah Pemilih dalam Daftar Pemilih Tetap (DPT) | D14: LK | E14: 133 | F14: 130 | G14: 141 | H14: 116 | I14: 135 | J14: 111 | K14: 134 | L14: 150 | M14: 151 | N14: 146 | O14: 125 | P14: 115 | Q14: 115 | R14: 143 | S14: 150 | T14: 151 | U14: 157 | V14: 140 | W14: 142 | X14: 149 | Y14: 148 | Z14: 151 | AA14: 149 | AB14: 131 | AC14: 127 | AD14: 148 | AE14: 151 | AF14: 135 | AG14: =SUM(E14:AF14) -> 3874
D15: PR | E15: 137 | F15: 129 | G15: 133 | H15: 122 | I15: 125 | J15: 103 | K15: 142 | L15: 148 | M15: 148 | N15: 149 | O15: 132 | P15: 106 | Q15: 115 | R15: 148 | S15: 139 | T15: 142 | U15: 136 | V15: 156 | W15: 152 | X15: 145 | Y15: 148 | Z15: 140 | AA15: 143 | AB15: 117 | AC15: 135 | AD15: 150 | AE15: 140 | AF15: 142 | AG15: =SUM(E15:AF15) -> 3822
D16: JML | E16: =SUM(E14:E15) -> 270 | F16: =SUM(F14:F15) -> 259 | G16: =SUM(G14:G15) -> 274 | H16: =SUM(H14:H15) -> 238 | I16: =SUM(I14:I15) -> 260 | J16: =SUM(J14:J15) -> 214 | K16: =SUM(K14:K15) -> 276 | L16: =SUM(L14:L15) -> 298 | ... AF16: =SUM(AF14:AF15) -> 277 | AG16: =SUM(E16:AF16) -> 7696
A18: B | B18: PENGGUNA HAK PILIH
B19: 1. | C19: Jumlah pengguna hak pilih dalam Daftar Pemilih Tetap (DPT) | D19: LK | E19: 100 | F19: 88 | G19: 101 | H19: 67 | I19: 99 | J19: 81 | K19: 101 | L19: 101 | M19: 113 | N19: 118 | O19: 90 | P19: 90 | Q19: 86 | R19: 111 | S19: 108 | T19: 113 | U19: 101 | V19: 113 | W19: 101 | X19: 116 | Y19: 119 | Z19: 115 | AA19: 112 | AB19: 99 | AC19: 94 | AD19: 102 | AE19: 112 | AF19: 104 | AG19: =SUM(E19:AF19) -> 2855
D20: PR | E20: 104 | F20: 108 | G20: 96 | H20: 86 | I20: 102 | J20: 83 | K20: 109 | L20: 118 | M20: 129 | N20: 124 | O20: 108 | P20: 87 | Q20: 93 | R20: 119 | S20: 108 | T20: 111 | U20: 101 | V20: 126 | W20: 115 | X20: 116 | Y20: 127 | Z20: 108 | AA20: 111 | AB20: 99 | AC20: 107 | AD20: 115 | AE20: 118 | AF20: 111 | AG20: =SUM(E20:AF20) -> 3039
D21: JML | E21: =SUM(E19:E20) -> 204 | F21: =SUM(F19:F20) -> 196 | G21: =SUM(G19:G20) -> 197 | H21: =SUM(H19:H20) -> 153 | I21: =SUM(I19:I20) -> 201 | J21: =SUM(J19:J20) -> 164 | K21: =SUM(K19:K20) -> 210 | L21: =SUM(L19:L20) -> 219 | ... AF21: =SUM(AF19:AF20) -> 215 | AG21: =SUM(E21:AF21) -> 5894
B22: 2. | C22: Jumlah pengguna hak pilih dalam Daftar Pemilih Tambahan (DPTb) | D22: LK | E22: 0 | F22: 0 | G22: 0 | H22: 0 | I22: 0 | J22: 0 | K22: 0 | L22: 0 | M22: 0 | N22: 0 | O22: 0 | P22: 0 | Q22: 0 | R22: 0 | S22: 0 | T22: 0 | U22: 0 | V22: 0 | W22: 0 | X22: 0 | Y22: 0 | Z22: 0 | AA22: 0 | AB22: 0 | AC22: 0 | AD22: 0 | AE22: 0 | AF22: 0 | AG22: =SUM(E22:AF22) -> 0
D23: PR | E23: 0 | F23: 0 | G23: 0 | H23: 0 | I23: 0 | J23: 0 | K23: 0 | L23: 0 | M23: 0 | N23: 0 | O23: 0 | P23: 0 | Q23: 0 | R23: 0 | S23: 0 | T23: 0 | U23: 0 | V23: 0 | W23: 0 | X23: 0 | Y23: 0 | Z23: 0 | AA23: 0 | AB23: 0 | AC23: 0 | AD23: 0 | AE23: 0 | AF23: 0 | AG23: =SUM(E23:AF23) -> 0
D24: JML | E24: =SUM(E22:E23) -> 0 | F24: =SUM(F22:F23) -> 0 | G24: =SUM(G22:G23) -> 0 | H24: =SUM(H22:H23) -> 0 | I24: =SUM(I22:I23) -> 0 | J24: =SUM(J22:J23) -> 0 | K24: =SUM(K22:K23) -> 0 | L24: =SUM(L22:L23) -> 0 | ... AF24: =SUM(AF22:AF23) -> 0 | AG24: =SUM(E24:AF24) -> 0
B25: 3. | C25: Jumlah pengguna hak pilih dalam Daftar Pemilih Khusus (DPK) | D25: LK | E25: 1 | F25: 1 | G25: 0 | H25: 2 | I25: 0 | J25: 0 | K25: 2 | L25: 0 | M25: 1 | N25: 2 | O25: 0 | P25: 0 | Q25: 0 | R25: 0 | S25: 0 | T25: 0 | U25: 1 | V25: 1 | W25: 0 | X25: 0 | Y25: 0 | Z25: 0 | AA25: 0 | AB25: 0 | AC25: 4 | AD25: 1 | AE25: 2 | AF25: 3 | AG25: =SUM(E25:AF25) -> 21
D26: PR | E26: 0 | F26: 0 | G26: 0 | H26: 0 | I26: 1 | J26: 1 | K26: 2 | L26: 2 | M26: 1 | N26: 0 | O26: 0 | P26: 0 | Q26: 1 | R26: 0 | S26: 0 | T26: 0 | U26: 1 | V26: 1 | W26: 0 | X26: 0 | Y26: 1 | Z26: 0 | AA26: 0 | AB26: 0 | AC26: 2 | AD26: 1 | AE26: 1 | AF26: 8 | AG26: =SUM(E26:AF26) -> 23
D27: JML | E27: =SUM(E25:E26) -> 1 | F27: =SUM(F25:F26) -> 1 | G27: =SUM(G25:G26) -> 0 | H27: =SUM(H25:H26) -> 2 | I27: =SUM(I25:I26) -> 1 | J27: =SUM(J25:J26) -> 1 | K27: =SUM(K25:K26) -> 4 | L27: =SUM(L25:L26) -> 2 | ... AF27: =SUM(AF25:AF26) -> 11 | AG27: =SUM(E27:AF27) -> 44
B28: 4. | C28: Jumlah Pengguna Hak Pilih (B.1+B.2+B.3) | D28: LK | E28: =SUM(E19,E22,E25) -> 101 | F28: =SUM(F19,F22,F25) -> 89 | G28: =SUM(G19,G22,G25) -> 101 | H28: =SUM(H19,H22,H25) -> 69 | I28: =SUM(I19,I22,I25) -> 99 | J28: =SUM(J19,J22,J25) -> 81 | K28: =SUM(K19,K22,K25) -> 103 | L28: =SUM(L19,L22,L25) -> 101 | ... AF28: =SUM(AF19,AF22,AF25) -> 107 | AG28: =SUM(E28:AF28) -> 2876
D29: PR | E29: =SUM(E20,E23,E26) -> 104 | F29: =SUM(F20,F23,F26) -> 108 | G29: =SUM(G20,G23,G26) -> 96 | H29: =SUM(H20,H23,H26) -> 86 | I29: =SUM(I20,I23,I26) -> 103 | J29: =SUM(J20,J23,J26) -> 84 | K29: =SUM(K20,K23,K26) -> 111 | L29: =SUM(L20,L23,L26) -> 120 | ... AF29: =SUM(AF20,AF23,AF26) -> 119 | AG29: =SUM(E29:AF29) -> 3062
D30: JML | E30: =SUM(E28:E29) -> 205 | F30: =SUM(F28:F29) -> 197 | G30: =SUM(G28:G29) -> 197 | H30: =SUM(H28:H29) -> 155 | I30: =SUM(I28:I29) -> 202 | J30: =SUM(J28:J29) -> 165 | K30: =SUM(K28:K29) -> 214 | L30: =SUM(L28:L29) -> 221 | ... AF30: =SUM(AF28:AF29) -> 226 | AG30: =SUM(E30:AF30) -> 5938
A32: II | B32: DATA PENGGUNAAN SURAT SUARA
A33: 1 | B33: Jumlah surat suara yang diterima, termasuk surat suara cadangan 2,5% dari DPT | E33: 276 | F33: 265 | G33: 280 | H33: 243 | I33: 267 | J33: 219 | K33: 282 | L33: 294 | M33: 305 | N33: 301 | O33: 263 | P33: 226 | Q33: 235 | R33: 297 | S33: 295 | T33: 299 | U33: 300 | V33: 302 | W33: 301 | X33: 301 | Y33: 302 | Z33: 296 | AA33: 290 | AB33: 253 | AC33: 268 | AD33: 304 | AE33: 297 | AF33: 283 | AG33: =SUM(E33:AF33) -> 7844
A34: 2 | B34: Jumlah surat suara yang digunakan | E34: 205 | F34: 197 | G34: 197 | H34: 155 | I34: 202 | J34: 165 | K34: 214 | L34: 221 | M34: 244 | N34: 244 | O34: 198 | P34: 177 | Q34: 180 | R34: 230 | S34: 216 | T34: 224 | U34: 204 | V34: 241 | W34: 216 | X34: 232 | Y34: 247 | Z34: 223 | AA34: 223 | AB34: 198 | AC34: 207 | AD34: 219 | AE34: 233 | AF34: 226 | AG34: =SUM(E34:AF34) -> 5938
A35: 3 | B35: Jumlah surat suara dikembalikan oleh pemilih (karena rusak atau keliru coblos) | E35: 1 | F35: 0 | G35: 0 | H35: 0 | I35: 0 | J35: 0 | K35: 0 | L35: 0 | M35: 0 | N35: 2 | O35: 0 | P35: 1 | Q35: 0 | R35: 0 | S35: 1 | T35: 0 | U35: 0 | V35: 0 | W35: 0 | X35: 0 | Y35: 4 | Z35: 0 | AA35: 0 | AB35: 0 | AC35: 0 | AD35: 0 | AE35: 0 | AF35: 1 | AG35: =SUM(E35:AF35) -> 10
A36: 4 | B36: Jumlah surat suara yang tidak digunakan/tidak terpakai, termasuk sisa surat suara cadangan | E36: =E33-(E34+E35) -> 70 | F36: =F33-(F34+F35) -> 68 | G36: =G33-(G34+G35) -> 83 | H36: =H33-(H34+H35) -> 88 | I36: =I33-(I34+I35) -> 65 | J36: =J33-(J34+J35) -> 54 | K36: =K33-(K34+K35) -> 68 | L36: =L33-(L34+L35) -> 73 | ... AF36: =AF33-(AF34+AF35) -> 56 | AG36: =SUM(E36:AF36) -> 1896
A38: III | B38: DATA PEMILIH DISABILITAS
B39: Jumlah seluruh Pemilih disabilitas yang menggunakan hak pilih | D39: LK | E39: 0 | F39: 0 | G39: 0 | H39: 0 | I39: 0 | J39: 0 | K39: 2 | L39: 0 | M39: 0 | N39: 0 | O39: 0 | P39: 0 | Q39: 0 | R39: 0 | S39: 0 | T39: 0 | U39: 0 | V39: 0 | W39: 0 | X39: 0 | Y39: 0 | Z39: 0 | AA39: 0 | AB39: 0 | AC39: 0 | AD39: 0 | AE39: 1 | AF39: 1 | AG39: =SUM(E39:AF39) -> 4
D40: PR | E40: 0 | F40: 0 | G40: 0 | H40: 0 | I40: 0 | J40: 0 | K40: 0 | L40: 0 | M40: 0 | N40: 0 | O40: 0 | P40: 0 | Q40: 0 | R40: 0 | S40: 0 | T40: 0 | U40: 0 | V40: 0 | W40: 0 | X40: 0 | Y40: 0 | Z40: 0 | AA40: 0 | AB40: 0 | AC40: 0 | AD40: 1 | AE40: 0 | AF40: 0 | AG40: =SUM(E40:AF40) -> 1
D41: JML | E41: =SUM(E39:E40) -> 0 | F41: =SUM(F39:F40) -> 0 | G41: =SUM(G39:G40) -> 0 | H41: =SUM(H39:H40) -> 0 | I41: =SUM(I39:I40) -> 0 | J41: =SUM(J39:J40) -> 0 | K41: =SUM(K39:K40) -> 2 | L41: =SUM(L39:L40) -> 0 | ... AF41: =SUM(AF39:AF40) -> 1 | AG41: =SUM(E41:AF41) -> 5
A43: IV | B43: DATA RINCIAN PEROLEHAN SUARA PASANGAN CALON BUPATI DAN WAKIL BUPATI
A44: NOMOR DAN NAMA CALON
A45: A.1 | B45: 1. | C45: Partai Kebangkitan Bangsa | E45: 12 | F45: 21 | G45: 6 | H45: 5 | I45: 4 | J45: 4 | K45: 9 | L45: 8 | M45: 10 | N45: 10 | O45: 2 | P45: 14 | Q45: 14 | R45: 13 | S45: 15 | T45: 6 | U45: 3 | V45: 5 | W45: 9 | X45: 1 | Y45: 9 | Z45: 10 | AA45: 2 | AB45: 4 | AC45: 6 | AD45: 6 | AE45: 33 | AF45: 13 | AG45: =SUM(E45:AF45) -> 254
A46: A.2 | C46: 1. H. MUHAMMAD ALI MAHRUS, S.H.I., M.H | E46: 7 | F46: 30 | G46: 12 | H46: 10 | I46: 24 | J46: 13 | K46: 5 | L46: 5 | M46: 22 | N46: 16 | O46: 15 | P46: 18 | Q46: 41 | R46: 35 | S46: 44 | T46: 37 | U46: 20 | V46: 8 | W46: 36 | X46: 7 | Y46: 36 | Z46: 79 | AA46: 7 | AB46: 16 | AC46: 14 | AD46: 40 | AE46: 102 | AF46: 29 | AG46: =SUM(E46:AF46) -> 728
C47: 2. TUPANG SOEDARGO | E47: 1 | F47: 3 | G47: 2 | H47: 0 | I47: 3 | J47: 1 | K47: 4 | L47: 6 | M47: 14 | N47: 10 | O47: 12 | P47: 9 | Q47: 29 | R47: 4 | S47: 2 | T47: 1 | U47: 4 | V47: 4 | W47: 0 | X47: 0 | Y47: 1 | Z47: 1 | AA47: 4 | AB47: 2 | AC47: 3 | AD47: 0 | AE47: 1 | AF47: 2 | AG47: =SUM(E47:AF47) -> 123
C48: 3. Hj. KHOLIFATUL HASANAH | E48: 1 | F48: 1 | G48: 3 | H48: 0 | I48: 0 | J48: 1 | K48: 0 | L48: 0 | M48: 0 | N48: 0 | O48: 0 | P48: 3 | Q48: 2 | R48: 0 | S48: 0 | T48: 0 | U48: 0 | V48: 0 | W48: 0 | X48: 0 | Y48: 0 | Z48: 5 | AA48: 0 | AB48: 1 | AC48: 0 | AD48: 0 | AE48: 1 | AF48: 1 | AG48: =SUM(E48:AF48) -> 19
C49: 4. FUAD HUMAIDI, S.H.I. | E49: 0 | F49: 0 | G49: 3 | H49: 4 | I49: 1 | J49: 0 | K49: 0 | L49: 0 | M49: 1 | N49: 0 | O49: 0 | P49: 0 | Q49: 0 | R49: 0 | S49: 0 | T49: 0 | U49: 1 | V49: 0 | W49: 1 | X49: 0 | Y49: 0 | Z49: 0 | AA49: 0 | AB49: 0 | AC49: 1 | AD49: 0 | AE49: 0 | AF49: 1 | AG49: =SUM(E49:AF49) -> 13
C50: 5. ENI WIJI LESTARI | E50: 0 | F50: 0 | G50: 0 | H50: 0 | I50: 0 | J50: 0 | K50: 1 | L50: 0 | M50: 0 | N50: 0 | O50: 0 | P50: 0 | Q50: 0 | R50: 0 | S50: 1 | T50: 0 | U50: 0 | V50: 0 | W50: 0 | X50: 0 | Y50: 0 | Z50: 0 | AA50: 0 | AB50: 0 | AC50: 0 | AD50: 0 | AE50: 0 | AF50: 0 | AG50: =SUM(E50:AF50) -> 2
C51: 6. SONNY AGUS SETIAWAN | E51: 0 | F51: 0 | G51: 0 | H51: 0 | I51: 0 | J51: 2 | K51: 0 | L51: 2 | M51: 0 | N51: 0 | O51: 0 | P51: 7 | Q51: 1 | R51: 0 | S51: 0 | T51: 2 | U51: 0 | V51: 0 | W51: 0 | X51: 0 | Y51: 0 | Z51: 0 | AA51: 11 | AB51: 3 | AC51: 2 | AD51: 0 | AE51: 0 | AF51: 2 | AG51: =SUM(E51:AF51) -> 32
A52: B | B52: JUMLAH SUARA SAH PARTAI POLITIK DAN CALON (A1 + A2) | E52: =SUM(E45:E51) -> 21 | F52: =SUM(F45:F51) -> 55 | G52: =SUM(G45:G51) -> 26 | H52: =SUM(H45:H51) -> 19 | I52: =SUM(I45:I51) -> 32 | J52: =SUM(J45:J51) -> 21 | K52: =SUM(K45:K51) -> 19 | L52: =SUM(L45:L51) -> 21 | ... AF52: =SUM(AF45:AF51) -> 48 | AG52: =SUM(E52:AF52) -> 1171
A54: A.1 | B54: 2. | C54: Partai Gerakan Indonesia Raya | E54: 11 | F54: 8 | G54: 5 | H54: 11 | I54: 5 | J54: 3 | K54: 3 | L54: 9 | M54: 5 | N54: 19 | O54: 3 | P54: 3 | Q54: 3 | R54: 3 | S54: 2 | T54: 6 | U54: 13 | V54: 4 | W54: 0 | X54: 1 | Y54: 6 | Z54: 3 | AA54: 9 | AB54: 1 | AC54: 5 | AD54: 1 | AE54: 6 | AF54: 5 | AG54: =SUM(E54:AF54) -> 153
A55: A.2 | C55: 1. SUWITO | E55: 5 | F55: 11 | G55: 21 | H55: 6 | I55: 33 | J55: 1 | K55: 6 | L55: 3 | M55: 13 | N55: 27 | O55: 13 | P55: 0 | Q55: 9 | R55: 12 | S55: 19 | T55: 8 | U55: 16 | V55: 9 | W55: 2 | X55: 2 | Y55: 8 | Z55: 7 | AA55: 18 | AB55: 2 | AC55: 3 | AD55: 1 | AE55: 5 | AF55: 11 | AG55: =SUM(E55:AF55) -> 271
C56: 2. LIMPAT PRAWIRO DIKDO | E56: 6 | F56: 1 | G56: 0 | H56: 6 | I56: 2 | J56: 2 | K56: 3 | L56: 5 | M56: 2 | N56: 1 | O56: 4 | P56: 0 | Q56: 1 | R56: 0 | S56: 1 | T56: 0 | U56: 3 | V56: 0 | W56: 1 | X56: 1 | Y56: 1 | Z56: 2 | AA56: 3 | AB56: 0 | AC56: 2 | AD56: 0 | AE56: 1 | AF56: 1 | AG56: =SUM(E56:AF56) -> 49
C57: 3. PUPUT DESI PRATAMA EKA PUTRI | E57: 2 | F57: 0 | G57: 0 | H57: 1 | I57: 0 | J57: 0 | K57: 0 | L57: 0 | M57: 0 | N57: 1 | O57: 0 | P57: 1 | Q57: 0 | R57: 0 | S57: 0 | T57: 0 | U57: 0 | V57: 1 | W57: 0 | X57: 0 | Y57: 0 | Z57: 0 | AA57: 0 | AB57: 1 | AC57: 2 | AD57: 0 | AE57: 0 | AF57: 0 | AG57: =SUM(E57:AF57) -> 9
C58: 4. RUDI HANDOKO | E58: 4 | F58: 2 | G58: 2 | H58: 1 | I58: 0 | J58: 15 | K58: 0 | L58: 0 | M58: 6 | N58: 4 | O58: 0 | P58: 9 | Q58: 0 | R58: 1 | S58: 3 | T58: 2 | U58: 0 | V58: 5 | W58: 0 | X58: 0 | Y58: 2 | Z58: 0 | AA58: 2 | AB58: 2 | AC58: 3 | AD58: 4 | AE58: 6 | AF58: 2 | AG58: =SUM(E58:AF58) -> 75
C59: 5. IWAN SETIAWAN | E59: 0 | F59: 0 | G59: 0 | H59: 0 | I59: 0 | J59: 0 | K59: 1 | L59: 1 | M59: 0 | N59: 0 | O59: 1 | P59: 0 | Q59: 0 | R59: 0 | S59: 1 | T59: 0 | U59: 0 | V59: 0 | W59: 0 | X59: 1 | Y59: 1 | Z59: 0 | AA59: 2 | AB59: 1 | AC59: 0 | AD59: 0 | AE59: 0 | AF59: 0 | AG59: =SUM(E59:AF59) -> 9
C60: 6. JUWITA INDRASARI | E60: 0 | F60: 0 | G60: 1 | H60: 2 | I60: 0 | J60: 0 | K60: 0 | L60: 0 | M60: 1 | N60: 0 | O60: 1 | P60: 0 | Q60: 0 | R60: 0 | S60: 0 | T60: 0 | U60: 0 | V60: 0 | W60: 0 | X60: 0 | Y60: 0 | Z60: 0 | AA60: 0 | AB60: 0 | AC60: 0 | AD60: 0 | AE60: 0 | AF60: 0 | AG60: =SUM(E60:AF60) -> 5
A61: B | B61: JUMLAH SUARA SAH PARTAI POLITIK DAN CALON (A1 + A2) | E61: =SUM(E54:E60) -> 28 | F61: =SUM(F54:F60) -> 22 | G61: =SUM(G54:G60) -> 29 | H61: =SUM(H54:H60) -> 27 | I61: =SUM(I54:I60) -> 40 | J61: =SUM(J54:J60) -> 21 | K61: =SUM(K54:K60) -> 13 | L61: =SUM(L54:L60) -> 18 | ... AF61: =SUM(AF54:AF60) -> 19 | AG61: =SUM(E61:AF61) -> 571
A63: A.1 | B63: 3. | C63: Partai Demokrasi Indonesia Perjuangan | E63: 11 | F63: 9 | G63: 8 | H63: 3 | I63: 3 | J63: 6 | K63: 7 | L63: 7 | M63: 3 | N63: 10 | O63: 2 | P63: 5 | Q63: 2 | R63: 7 | S63: 6 | T63: 7 | U63: 9 | V63: 16 | W63: 6 | X63: 10 | Y63: 7 | Z63: 10 | AA63: 8 | AB63: 4 | AC63: 5 | AD63: 6 | AE63: 6 | AF63: 3 | AG63: =SUM(E63:AF63) -> 186
A64: A.2 | C64: 1. AHMAD MASROHAN | E64: 3 | F64: 3 | G64: 3 | H64: 1 | I64: 5 | J64: 2 | K64: 14 | L64: 0 | M64: 1 | N64: 3 | O64: 0 | P64: 1 | Q64: 7 | R64: 8 | S64: 3 | T64: 17 | U64: 9 | V64: 2 | W64: 2 | X64: 0 | Y64: 7 | Z64: 2 | AA64: 3 | AB64: 6 | AC64: 4 | AD64: 4 | AE64: 1 | AF64: 5 | AG64: =SUM(E64:AF64) -> 116
C65: 2. HARIYANTO | E65: 4 | F65: 3 | G65: 1 | H65: 0 | I65: 0 | J65: 9 | K65: 0 | L65: 1 | M65: 1 | N65: 1 | O65: 0 | P65: 1 | Q65: 2 | R65: 0 | S65: 3 | T65: 6 | U65: 1 | V65: 0 | W65: 3 | X65: 4 | Y65: 0 | Z65: 1 | AA65: 2 | AB65: 3 | AC65: 0 | AD65: 0 | AE65: 1 | AF65: 1 | AG65: =SUM(E65:AF65) -> 48
C66: 3. INDAH MARHENI | E66: 3 | F66: 0 | G66: 1 | H66: 0 | I66: 0 | J66: 0 | K66: 0 | L66: 3 | M66: 1 | N66: 4 | O66: 0 | P66: 0 | Q66: 1 | R66: 0 | S66: 1 | T66: 1 | U66: 5 | V66: 4 | W66: 6 | X66: 16 | Y66: 15 | Z66: 2 | AA66: 3 | AB66: 5 | AC66: 2 | AD66: 1 | AE66: 1 | AF66: 0 | AG66: =SUM(E66:AF66) -> 75
C67: 4. AGUS PRIYONO | E67: 41 | F67: 44 | G67: 36 | H67: 18 | I67: 12 | J67: 8 | K67: 11 | L67: 30 | M67: 94 | N67: 51 | O67: 6 | P67: 9 | Q67: 17 | R67: 36 | S67: 53 | T67: 71 | U67: 61 | V67: 103 | W67: 112 | X67: 138 | Y67: 98 | Z67: 65 | AA67: 34 | AB67: 65 | AC67: 17 | AD67: 4 | AE67: 30 | AF67: 64 | AG67: =SUM(E67:AF67) -> 1328
C68: 5. SETYA RAHAYU | E68: 1 | F68: 0 | G68: 0 | H68: 1 | I68: 0 | J68: 0 | K68: 4 | L68: 1 | M68: 0 | N68: 0 | O68: 4 | P68: 1 | Q68: 1 | R68: 0 | S68: 0 | T68: 1 | U68: 2 | V68: 3 | W68: 0 | X68: 2 | Y68: 1 | Z68: 0 | AA68: 0 | AB68: 2 | AC68: 1 | AD68: 3 | AE68: 0 | AF68: 0 | AG68: =SUM(E68:AF68) -> 28
C69: 6. M. HAFI WIJAYA | E69: 10 | F69: 9 | G69: 11 | H69: 17 | I69: 19 | J69: 43 | K69: 70 | L69: 59 | M69: 34 | N69: 38 | O69: 80 | P69: 66 | Q69: 6 | R69: 38 | S69: 13 | T69: 14 | U69: 8 | V69: 3 | W69: 9 | X69: 16 | Y69: 4 | Z69: 1 | AA69: 62 | AB69: 48 | AC69: 93 | AD69: 90 | AE69: 11 | AF69: 5 | AG69: =SUM(E69:AF69) -> 877
A70: B | B70: JUMLAH SUARA SAH PARTAI POLITIK DAN CALON (A1 + A2) | E70: =SUM(E63:E69) -> 73 | F70: =SUM(F63:F69) -> 68 | G70: =SUM(G63:G69) -> 60 | H70: =SUM(H63:H69) -> 40 | I70: =SUM(I63:I69) -> 39 | J70: =SUM(J63:J69) -> 68 | K70: =SUM(K63:K69) -> 106 | L70: =SUM(L63:L69) -> 101 | ... AF70: =SUM(AF63:AF69) -> 78 | AG70: =SUM(E70:AF70) -> 2658
A72: A.1 | B72: 4. | C72: Partai Golongan Karya | E72: 3 | F72: 8 | G72: 1 | H72: 4 | I72: 0 | J72: 4 | K72: 0 | L72: 6 | M72: 1 | N72: 4 | O72: 0 | P72: 0 | Q72: 1 | R72: 3 | S72: 1 | T72: 3 | U72: 1 | V72: 10 | W72: 3 | X72: 1 | Y72: 6 | Z72: 0 | AA72: 1 | AB72: 2 | AC72: 2 | AD72: 6 | AE72: 3 | AF72: 9 | AG72: =SUM(E72:AF72) -> 83
A73: A.2 | C73: 1. SRI YULIANI | E73: 13 | F73: 3 | G73: 1 | H73: 10 | I73: 2 | J73: 22 | K73: 1 | L73: 13 | M73: 2 | N73: 5 | O73: 2 | P73: 5 | Q73: 2 | R73: 3 | S73: 0 | T73: 2 | U73: 2 | V73: 4 | W73: 3 | X73: 3 | Y73: 11 | Z73: 1 | AA73: 6 | AB73: 1 | AC73: 5 | AD73: 11 | AE73: 3 | AF73: 32 | AG73: =SUM(E73:AF73) -> 168
C74: 2. ACHMAD SUMARNO, S.E. | E74: 0 | F74: 0 | G74: 2 | H74: 1 | I74: 0 | J74: 0 | K74: 0 | L74: 0 | M74: 0 | N74: 0 | O74: 0 | P74: 0 | Q74: 0 | R74: 0 | S74: 0 | T74: 0 | U74: 0 | V74: 0 | W74: 0 | X74: 0 | Y74: 1 | Z74: 0 | AA74: 0 | AB74: 0 | AC74: 1 | AD74: 0 | AE74: 2 | AF74: 1 | AG74: =SUM(E74:AF74) -> 8
C75: 3. MUHAMMAD SAHLAN, S.Sos., M.A. | E75: 0 | F75: 0 | G75: 1 | H75: 0 | I75: 0 | J75: 1 | K75: 0 | L75: 0 | M75: 3 | N75: 0 | O75: 0 | P75: 1 | Q75: 0 | R75: 0 | S75: 0 | T75: 0 | U75: 0 | V75: 3 | W75: 0 | X75: 3 | Y75: 1 | Z75: 0 | AA75: 2 | AB75: 0 | AC75: 3 | AD75: 4 | AE75: 0 | AF75: 1 | AG75: =SUM(E75:AF75) -> 23
C76: 4. MAYA YUSEFA, S.Pd. | E76: 0 | F76: 0 | G76: 0 | H76: 0 | I76: 0 | J76: 0 | K76: 0 | L76: 0 | M76: 2 | N76: 0 | O76: 0 | P76: 0 | Q76: 0 | R76: 1 | S76: 0 | T76: 0 | U76: 0 | V76: 0 | W76: 0 | X76: 0 | Y76: 0 | Z76: 0 | AA76: 1 | AB76: 1 | AC76: 0 | AD76: 0 | AE76: 0 | AF76: 1 | AG76: =SUM(E76:AF76) -> 6
C77: 5. SUPARMAN | E77: 1 | F77: 0 | G77: 0 | H77: 0 | I77: 1 | J77: 0 | K77: 0 | L77: 0 | M77: 0 | N77: 0 | O77: 0 | P77: 0 | Q77: 0 | R77: 1 | S77: 2 | T77: 0 | U77: 0 | V77: 0 | W77: 0 | X77: 0 | Y77: 0 | Z77: 0 | AA77: 0 | AB77: 0 | AC77: 0 | AD77: 0 | AE77: 0 | AF77: 1 | AG77: =SUM(E77:AF77) -> 6
C78: 6. NURHIDAYAT | E78: 0 | F78: 0 | G78: 0 | H78: 0 | I78: 0 | J78: 0 | K78: 0 | L78: 0 | M78: 0 | N78: 0 | O78: 0 | P78: 0 | Q78: 0 | R78: 0 | S78: 0 | T78: 0 | U78: 0 | V78: 0 | W78: 0 | X78: 0 | Y78: 0 | Z78: 0 | AA78: 0 | AB78: 0 | AC78: 0 | AD78: 0 | AE78: 0 | AF78: 0 | AG78: =SUM(E78:AF78) -> 0
A79: B | B79: JUMLAH SUARA SAH PARTAI POLITIK DAN CALON (A1 + A2) | E79: =SUM(E72:E78) -> 17 | F79: =SUM(F72:F78) -> 11 | G79: =SUM(G72:G78) -> 5 | H79: =SUM(H72:H78) -> 15 | I79: =SUM(I72:I78) -> 3 | J79: =SUM(J72:J78) -> 27 | K79: =SUM(K72:K78) -> 1 | L79: =SUM(L72:L78) -> 19 | ... AF79: =SUM(AF72:AF78) -> 45 | AG79: =SUM(E79:AF79) -> 294
A81: A.1 | B81: 5. | C81: Partai NasDem | E81: 1 | F81: 1 | G81: 0 | H81: 0 | I81: 0 | J81: 0 | K81: 0 | L81: 0 | M81: 1 | N81: 0 | O81: 0 | P81: 0 | Q81: 0 | R81: 1 | S81: 0 | T81: 1 | U81: 0 | V81: 3 | W81: 0 | X81: 0 | Y81: 0 | Z81: 0 | AA81: 1 | AB81: 2 | AC81: 0 | AD81: 0 | AE81: 0 | AF81: 0 | AG81: =SUM(E81:AF81) -> 11
A82: A.2 | C82: 1. RATIH NUR HAYATI, S.T. | E82: 0 | F82: 0 | G82: 1 | H82: 0 | I82: 0 | J82: 0 | K82: 0 | L82: 0 | M82: 0 | N82: 0 | O82: 0 | P82: 0 | Q82: 0 | R82: 1 | S82: 0 | T82: 0 | U82: 3 | V82: 2 | W82: 1 | X82: 0 | Y82: 1 | Z82: 0 | AA82: 1 | AB82: 0 | AC82: 1 | AD82: 1 | AE82: 0 | AF82: 0 | AG82: =SUM(E82:AF82) -> 12
C83: 2. ISTILAH MUSTOFA, S.H. | E83: 0 | F83: 1 | G83: 0 | H83: 0 | I83: 0 | J83: 0 | K83: 0 | L83: 0 | M83: 0 | N83: 0 | O83: 0 | P83: 0 | Q83: 0 | R83: 0 | S83: 0 | T83: 2 | U83: 1 | V83: 0 | W83: 0 | X83: 0 | Y83: 0 | Z83: 0 | AA83: 1 | AB83: 4 | AC83: 7 | AD83: 0 | AE83: 0 | AF83: 0 | AG83: =SUM(E83:AF83) -> 16
C84: 3. ACHMAD RIDHO HADISISWOYO, S.Tr.P. | E84: 0 | F84: 0 | G84: 1 | H84: 0 | I84: 0 | J84: 0 | K84: 0 | L84: 0 | M84: 0 | N84: 0 | O84: 0 | P84: 0 | Q84: 0 | R84: 0 | S84: 0 | T84: 0 | U84: 0 | V84: 0 | W84: 0 | X84: 0 | Y84: 0 | Z84: 0 | AA84: 1 | AB84: 0 | AC84: 0 | AD84: 0 | AE84: 0 | AF84: 0 | AG84: =SUM(E84:AF84) -> 2
C85: 4. AKHMAD ROSIDI | E85: 0 | F85: 0 | G85: 1 | H85: 0 | I85: 0 | J85: 0 | K85: 0 | L85: 0 | M85: 0 | N85: 0 | O85: 0 | P85: 0 | Q85: 0 | R85: 0 | S85: 0 | T85: 0 | U85: 3 | V85: 4 | W85: 0 | X85: 2 | Y85: 0 | Z85: 0 | AA85: 1 | AB85: 1 | AC85: 0 | AD85: 1 | AE85: 0 | AF85: 0 | AG85: =SUM(E85:AF85) -> 13
C86: 5. MUHAMAD VAHID FAIQ | E86: 0 | F86: 0 | G86: 0 | H86: 0 | I86: 0 | J86: 0 | K86: 0 | L86: 0 | M86: 0 | N86: 0 | O86: 0 | P86: 0 | Q86: 0 | R86: 0 | S86: 0 | T86: 0 | U86: 0 | V86: 0 | W86: 0 | X86: 0 | Y86: 0 | Z86: 0 | AA86: 0 | AB86: 0 | AC86: 0 | AD86: 0 | AE86: 0 | AF86: 0 | AG86: =SUM(E86:AF86) -> 0
C87: 6. TITIS MEILIKA WIYONO | E87: 0 | F87: 0 | G87: 0 | H87: 0 | I87: 0 | J87: 0 | K87: 0 | L87: 0 | M87: 0 | N87: 0 | O87: 0 | P87: 0 | Q87: 0 | R87: 0 | S87: 0 | T87: 1 | U87: 0 | V87: 0 | W87: 0 | X87: 0 | Y87: 0 | Z87: 0 | AA87: 0 | AB87: 0 | AC87: 1 | AD87: 0 | AE87: 0 | AF87: 0 | AG87: =SUM(E87:AF87) -> 2
A88: B | B88: JUMLAH SUARA SAH PARTAI POLITIK DAN CALON (A1 + A2) | E88: =SUM(E81:E87) -> 1 | F88: =SUM(F81:F87) -> 2 | G88: =SUM(G81:G87) -> 3 | H88: =SUM(H81:H87) -> 0 | I88: =SUM(I81:I87) -> 0 | J88: =SUM(J81:J87) -> 0 | K88: =SUM(K81:K87) -> 0 | L88: =SUM(L81:L87) -> 0 | ... AF88: =SUM(AF81:AF87) -> 0 | AG88: =SUM(E88:AF88) -> 56
A90: A.1 | B90: 6. | C90: Partai Buruh | E90: 0 | F90: 0 | G90: 1 | H90: 0 | I90: 0 | J90: 3 | K90: 11 | L90: 0 | M90: 0 | N90: 2 | O90: 5 | P90: 3 | Q90: 0 | R90: 0 | S90: 0 | T90: 0 | U90: 1 | V90: 2 | W90: 0 | X90: 1 | Y90: 0 | Z90: 0 | AA90: 0 | AB90: 1 | AC90: 2 | AD90: 3 | AE90: 0 | AF90: 3 | AG90: =SUM(E90:AF90) -> 38
A91: A.2 | AG91: =SUM(E91:AF91) -> 0
A92: B | B92: JUMLAH SUARA SAH PARTAI POLITIK DAN CALON (A1 + A2) | E92: =SUM(E90:E91) -> 0 | F92: =SUM(F90:F91) -> 0 | G92: =SUM(G90:G91) -> 1 | H92: =SUM(H90:H91) -> 0 | I92: =SUM(I90:I91) -> 0 | J92: =SUM(J90:J91) -> 3 | K92: =SUM(K90:K91) -> 11 | L92: =SUM(L90:L91) -> 0 | ... AF92: =SUM(AF90:AF91) -> 3 | AG92: =SUM(E92:AF92) -> 38
A94: A.1 | B94: 7. | C94: Partai Gelombang Rakyat Indonesia | E94: 0 | F94: 1 | G94: 0 | H94: 0 | I94: 0 | J94: 0 | K94: 2 | L94: 0 | M94: 1 | N94: 1 | O94: 2 | P94: 0 | Q94: 0 | R94: 1 | S94: 0 | T94: 0 | U94: 0 | V94: 0 | W94: 0 | X94: 0 | Y94: 0 | Z94: 0 | AA94: 0 | AB94: 0 | AC94: 0 | AD94: 1 | AE94: 0 | AF94: 1 | AG94: =SUM(E94:AF94) -> 10
A95: A.2 | C95: 1. RIFKI ALFAN SANI | E95: 0 | F95: 0 | G95: 0 | H95: 0 | I95: 0 | J95: 0 | K95: 0 | L95: 0 | M95: 0 | N95: 0 | O95: 0 | P95: 0 | Q95: 0 | R95: 0 | S95: 0 | T95: 0 | U95: 0 | V95: 0 | W95: 0 | X95: 0 | Y95: 0 | Z95: 0 | AA95: 0 | AB95: 0 | AC95: 0 | AD95: 0 | AE95: 1 | AF95: 0 | AG95: =SUM(E95:AF95) -> 1
C96: 2. RAPI'I | E96: 1 | F96: 0 | G96: 0 | H96: 0 | I96: 0 | J96: 0 | K96: 0 | L96: 0 | M96: 0 | N96: 0 | O96: 0 | P96: 0 | Q96: 0 | R96: 0 | S96: 0 | T96: 0 | U96: 0 | V96: 0 | W96: 0 | X96: 0 | Y96: 0 | Z96: 1 | AA96: 0 | AB96: 0 | AC96: 0 | AD96: 0 | AE96: 0 | AF96: 0 | AG96: =SUM(E96:AF96) -> 2
C97: 3. NUR IKA SETIAWATI | E97: 0 | F97: 0 | G97: 0 | H97: 0 | I97: 0 | J97: 0 | K97: 1 | L97: 0 | M97: 0 | N97: 0 | O97: 0 | P97: 0 | Q97: 0 | R97: 0 | S97: 0 | T97: 0 | U97: 0 | V97: 0 | W97: 0 | X97: 0 | Y97: 0 | Z97: 0 | AA97: 0 | AB97: 0 | AC97: 0 | AD97: 1 | AE97: 0 | AF97: 0 | AG97: =SUM(E97:AF97) -> 2
A98: B | B98: JUMLAH SUARA SAH PARTAI POLITIK DAN CALON (A1 + A2) | E98: =SUM(E94:E97) -> 1 | F98: =SUM(F94:F97) -> 1 | G98: =SUM(G94:G97) -> 0 | H98: =SUM(H94:H97) -> 0 | I98: =SUM(I94:I97) -> 0 | J98: =SUM(J94:J97) -> 0 | K98: =SUM(K94:K97) -> 3 | L98: =SUM(L94:L97) -> 0 | ... AF98: =SUM(AF94:AF97) -> 1 | AG98: =SUM(E98:AF98) -> 15
A100: A.1 | B100: 8. | C100: Partai Keadilan Sejahtera | E100: 1 | F100: 2 | G100: 1 | H100: 0 | I100: 0 | J100: 0 | K100: 1 | L100: 1 | M100: 1 | N100: 0 | O100: 0 | P100: 1 | Q100: 0 | R100: 0 | S100: 0 | T100: 0 | U100: 0 | V100: 1 | W100: 0 | X100: 0 | Y100: 2 | Z100: 2 | AA100: 0 | AB100: 0 | AC100: 0 | AD100: 1 | AE100: 0 | AF100: 1 | AG100: =SUM(E100:AF100) -> 15
A101: A.2 | C101: 1. VITA RIMA YANTI, S.KM. | E101: 2 | F101: 5 | G101: 4 | H101: 2 | I101: 0 | J101: 10 | K101: 1 | L101: 5 | M101: 3 | N101: 0 | O101: 3 | P101: 13 | Q101: 1 | R101: 1 | S101: 0 | T101: 1 | U101: 1 | V101: 4 | W101: 4 | X101: 6 | Y101: 4 | Z101: 13 | AA101: 1 | AB101: 6 | AC101: 1 | AD101: 3 | AE101: 2 | AF101: 1 | AG101: =SUM(E101:AF101) -> 97
C102: 2. EKO WAHYU HIDAYAT, A.Md. | E102: 0 | F102: 0 | G102: 0 | H102: 0 | I102: 0 | J102: 0 | K102: 0 | L102: 2 | M102: 0 | N102: 0 | O102: 0 | P102: 0 | Q102: 0 | R102: 0 | S102: 0 | T102: 0 | U102: 0 | V102: 0 | W102: 0 | X102: 0 | Y102: 0 | Z102: 1 | AA102: 0 | AB102: 0 | AC102: 0 | AD102: 0 | AE102: 0 | AF102: 1 | AG102: =SUM(E102:AF102) -> 4
C103: 3. EDY PURNOMO | E103: 0 | F103: 1 | G103: 0 | H103: 0 | I103: 0 | J103: 0 | K103: 0 | L103: 0 | M103: 0 | N103: 0 | O103: 0 | P103: 0 | Q103: 0 | R103: 3 | S103: 1 | T103: 4 | U103: 0 | V103: 0 | W103: 0 | X103: 0 | Y103: 0 | Z103: 0 | AA103: 0 | AB103: 0 | AC103: 0 | AD103: 0 | AE103: 0 | AF103: 0 | AG103: =SUM(E103:AF103) -> 9
C104: 4. SUNTARIAS PUTRI DAMAYANTI, A.Ma. | E104: 0 | F104: 2 | G104: 1 | H104: 0 | I104: 0 | J104: 0 | K104: 0 | L104: 0 | M104: 0 | N104: 0 | O104: 0 | P104: 0 | Q104: 0 | R104: 2 | S104: 0 | T104: 0 | U104: 0 | V104: 1 | W104: 0 | X104: 0 | Y104: 0 | Z104: 0 | AA104: 1 | AB104: 1 | AC104: 1 | AD104: 2 | AE104: 0 | AF104: 0 | AG104: =SUM(E104:AF104) -> 11
C105: 5. MUHAMMAD AFIF | E105: 0 | F105: 0 | G105: 0 | H105: 0 | I105: 0 | J105: 0 | K105: 0 | L105: 0 | M105: 0 | N105: 0 | O105: 0 | P105: 0 | Q105: 0 | R105: 1 | S105: 0 | T105: 1 | U105: 0 | V105: 4 | W105: 0 | X105: 0 | Y105: 0 | Z105: 0 | AA105: 0 | AB105: 0 | AC105: 0 | AD105: 0 | AE105: 0 | AF105: 0 | AG105: =SUM(E105:AF105) -> 6
C106: 6. SHOHIB QOMAD DILLAH, S.T.P. | E106: 3 | F106: 0 | G106: 0 | H106: 1 | I106: 4 | J106: 0 | K106: 0 | L106: 0 | M106: 0 | N106: 0 | O106: 0 | P106: 2 | Q106: 0 | R106: 0 | S106: 0 | T106: 0 | U106: 0 | V106: 3 | W106: 0 | X106: 0 | Y106: 0 | Z106: 0 | AA106: 0 | AB106: 0 | AC106: 0 | AD106: 0 | AE106: 0 | AF106: 0 | AG106: =SUM(E106:AF106) -> 13
A107: B | B107: JUMLAH SUARA SAH PARTAI POLITIK DAN CALON (A1 + A2) | E107: =SUM(E100:E106) -> 6 | F107: =SUM(F100:F106) -> 10 | G107: =SUM(G100:G106) -> 6 | H107: =SUM(H100:H106) -> 3 | I107: =SUM(I100:I106) -> 4 | J107: =SUM(J100:J106) -> 10 | K107: =SUM(K100:K106) -> 2 | L107: =SUM(L100:L106) -> 8 | ... AF107: =SUM(AF100:AF106) -> 3 | AG107: =SUM(E107:AF107) -> 155
A109: A.1 | B109: 9. | C109: Partai Kebangkitan Nusantara | E109: 0 | F109: 0 | G109: 0 | H109: 0 | I109: 0 | J109: 0 | K109: 1 | L109: 0 | M109: 0 | N109: 0 | O109: 2 | P109: 0 | Q109: 0 | R109: 0 | S109: 0 | T109: 0 | U109: 0 | V109: 0 | W109: 0 | X109: 0 | Y109: 0 | Z109: 0 | AA109: 0 | AB109: 0 | AC109: 0 | AD109: 0 | AE109: 0 | AF109: 0 | AG109: =SUM(E109:AF109) -> 3
A110: A.2 | C110: 1. AGUS TARMIDI | AG110: =SUM(E110:AF110) -> 0
A111: B | B111: JUMLAH SUARA SAH PARTAI POLITIK DAN CALON (A1 + A2) | E111: =SUM(E109:E110) -> 0 | F111: =SUM(F109:F110) -> 0 | G111: =SUM(G109:G110) -> 0 | H111: =SUM(H109:H110) -> 0 | I111: =SUM(I109:I110) -> 0 | J111: =SUM(J109:J110) -> 0 | K111: =SUM(K109:K110) -> 1 | L111: =SUM(L109:L110) -> 0 | ... AF111: =SUM(AF109:AF110) -> 0 | AG111: =SUM(E111:AF111) -> 3
A113: A.1 | B113: 10. | C113: Partai Hati Nurani Rakyat | E113: 0 | F113: 0 | G113: 0 | H113: 0 | I113: 0 | J113: 0 | K113: 1 | L113: 0 | M113: 0 | N113: 0 | O113: 0 | P113: 0 | Q113: 0 | R113: 0 | S113: 0 | T113: 0 | U113: 0 | V113: 0 | W113: 0 | X113: 0 | Y113: 0 | Z113: 0 | AA113: 0 | AB113: 0 | AC113: 0 | AD113: 0 | AE113: 1 | AF113: 0 | AG113: =SUM(E113:AF113) -> 2
A114: A.2 | C114: 1. MOHAMAD ROSUL | E114: 0 | F114: 0 | G114: 0 | H114: 0 | I114: 0 | J114: 0 | K114: 1 | L114: 0 | M114: 0 | N114: 0 | O114: 0 | P114: 0 | Q114: 0 | R114: 0 | S114: 0 | T114: 0 | U114: 0 | V114: 0 | W114: 0 | X114: 0 | Y114: 0 | Z114: 0 | AA114: 0 | AB114: 0 | AC114: 0 | AD114: 0 | AE114: 0 | AF114: 0 | AG114: =SUM(E114:AF114) -> 1
C115: 2. H. AHMAD NUR ALCHAFFAF | E115: 0 | F115: 0 | G115: 0 | H115: 0 | I115: 0 | J115: 0 | K115: 0 | L115: 0 | M115: 0 | N115: 0 | O115: 0 | P115: 0 | Q115: 0 | R115: 0 | S115: 0 | T115: 0 | U115: 0 | V115: 0 | W115: 0 | X115: 0 | Y115: 0 | Z115: 0 | AA115: 0 | AB115: 0 | AC115: 0 | AD115: 0 | AE115: 0 | AF115: 0 | AG115: =SUM(E115:AF115) -> 0
C116: 3. ISTIQUMILAILLI | E116: 0 | F116: 1 | G116: 0 | H116: 0 | I116: 0 | J116: 0 | K116: 0 | L116: 0 | M116: 0 | N116: 0 | O116: 0 | P116: 0 | Q116: 0 | R116: 0 | S116: 0 | T116: 0 | U116: 0 | V116: 0 | W116: 0 | X116: 0 | Y116: 0 | Z116: 0 | AA116: 0 | AB116: 0 | AC116: 0 | AD116: 0 | AE116: 0 | AF116: 0 | AG116: =SUM(E116:AF116) -> 1
C117: 4. JOKO NUGROHO | E117: 3 | F117: 0 | G117: 0 | H117: 0 | I117: 0 | J117: 0 | K117: 0 | L117: 0 | M117: 1 | N117: 0 | O117: 0 | P117: 0 | Q117: 0 | R117: 0 | S117: 0 | T117: 0 | U117: 0 | V117: 0 | W117: 0 | X117: 0 | Y117: 0 | Z117: 0 | AA117: 0 | AB117: 0 | AC117: 0 | AD117: 0 | AE117: 0 | AF117: 0 | AG117: =SUM(E117:AF117) -> 4
C118: 5. MEGA PRAMESWARI | E118: 0 | F118: 0 | G118: 0 | H118: 0 | I118: 0 | J118: 0 | K118: 0 | L118: 0 | M118: 0 | N118: 0 | O118: 0 | P118: 0 | Q118: 0 | R118: 0 | S118: 0 | T118: 0 | U118: 0 | V118: 0 | W118: 0 | X118: 0 | Y118: 0 | Z118: 0 | AA118: 0 | AB118: 0 | AC118: 0 | AD118: 0 | AE118: 0 | AF118: 0 | AG118: =SUM(E118:AF118) -> 0
C119: 6. BUDI HARTONO | E119: 0 | F119: 0 | G119: 0 | H119: 0 | I119: 0 | J119: 0 | K119: 0 | L119: 0 | M119: 0 | N119: 0 | O119: 0 | P119: 0 | Q119: 0 | R119: 0 | S119: 0 | T119: 0 | U119: 0 | V119: 0 | W119: 0 | X119: 0 | Y119: 0 | Z119: 0 | AA119: 0 | AB119: 0 | AC119: 0 | AD119: 0 | AE119: 0 | AF119: 0 | AG119: =SUM(E119:AF119) -> 0
A120: B | B120: JUMLAH SUARA SAH PARTAI POLITIK DAN CALON (A1 + A2) | E120: =SUM(E113:E119) -> 3 | F120: =SUM(F113:F119) -> 1 | G120: =SUM(G113:G119) -> 0 | H120: =SUM(H113:H119) -> 0 | I120: =SUM(I113:I119) -> 0 | J120: =SUM(J113:J119) -> 0 | K120: =SUM(K113:K119) -> 2 | L120: =SUM(L113:L119) -> 0 | ... AF120: =SUM(AF113:AF119) -> 0 | AG120: =SUM(E120:AF120) -> 8
...

Sheet PARANGHARJO
C2: Kecamatan
C3: Kabupaten | D3: BANYUWANGI
C4: Provinsi | D4: JAWA TIMUR
C9: Kelurahan
A12: I | B12: DATA PEMILIH DAN PENGGUNAAN HAK PILIH | S12: JUMLAH AKHIR
A13: A | B13: DATA PEMILIH | E13: TPS 001 | F13: TPS 002 | G13: TPS 003 | H13: TPS 004 | I13: TPS 005 | J13: TPS 006 | K13: TPS 007 | L13: TPS 008 | M13: TPS 009 | N13: TPS 010 | O13: TPS 011 | P13: TPS 012 | Q13: TPS 013 | R13: TPS 014
B14: Jumlah Pemilih dalam Daftar Pemilih Tetap (DPT) | D14: LK | E14: 142 | F14: 126 | G14: 141 | H14: 137 | I14: 124 | J14: 138 | K14: 148 | L14: 124 | M14: 140 | N14: 140 | O14: 112 | P14: 97 | Q14: 113 | R14: 122 | S14: =SUM(E14:R14) -> 1804
D15: PR | E15: 147 | F15: 137 | G15: 137 | H15: 156 | I15: 130 | J15: 126 | K15: 134 | L15: 107 | M15: 129 | N15: 129 | O15: 121 | P15: 103 | Q15: 107 | R15: 113 | S15: =SUM(E15:R15) -> 1776
D16: JML | E16: =SUM(E14:E15) -> 289 | F16: =SUM(F14:F15) -> 263 | G16: =SUM(G14:G15) -> 278 | H16: =SUM(H14:H15) -> 293 | I16: =SUM(I14:I15) -> 254 | J16: =SUM(J14:J15) -> 264 | K16: =SUM(K14:K15) -> 282 | L16: =SUM(L14:L15) -> 231 | ... R16: =SUM(R14:R15) -> 235 | S16: =SUM(E16:R16) -> 3580
A18: B | B18: PENGGUNA HAK PILIH
B19: 1. | C19: Jumlah pengguna hak pilih dalam Daftar Pemilih Tetap (DPT) | D19: LK | E19: 114 | F19: 88 | G19: 96 | H19: 92 | I19: 83 | J19: 95 | K19: 107 | L19: 86 | M19: 110 | N19: 95 | O19: 82 | P19: 60 | Q19: 77 | R19: 91 | S19: =SUM(E19:R19) -> 1276
D20: PR | E20: 121 | F20: 104 | G20: 115 | H20: 115 | I20: 96 | J20: 105 | K20: 104 | L20: 83 | M20: 109 | N20: 113 | O20: 89 | P20: 73 | Q20: 74 | R20: 104 | S20: =SUM(E20:R20) -> 1405
D21: JML | E21: =SUM(E19:E20) -> 235 | F21: =SUM(F19:F20) -> 192 | G21: =SUM(G19:G20) -> 211 | H21: =SUM(H19:H20) -> 207 | I21: =SUM(I19:I20) -> 179 | J21: =SUM(J19:J20) -> 200 | K21: =SUM(K19:K20) -> 211 | L21: =SUM(L19:L20) -> 169 | ... R21: =SUM(R19:R20) -> 195 | S21: =SUM(E21:R21) -> 2681
B22: 2. | C22: Jumlah pengguna hak pilih dalam Daftar Pemilih Tambahan (DPTb) | D22: LK | E22: 0 | F22: 0 | G22: 0 | H22: 0 | I22: 0 | J22: 0 | K22: 0 | L22: 0 | M22: 0 | N22: 0 | O22: 0 | P22: 1 | Q22: 0 | R22: 0 | S22: =SUM(E22:R22) -> 1
D23: PR | E23: 10 | F23: 5 | G23: 3 | H23: 0 | I23: 0 | J23: 0 | K23: 0 | L23: 0 | M23: 0 | N23: 0 | O23: 0 | P23: 1 | Q23: 0 | R23: 0 | S23: =SUM(E23:R23) -> 19
D24: JML | E24: =SUM(E22:E23) -> 10 | F24: =SUM(F22:F23) -> 5 | G24: =SUM(G22:G23) -> 3 | H24: =SUM(H22:H23) -> 0 | I24: =SUM(I22:I23) -> 0 | J24: =SUM(J22:J23) -> 0 | K24: =SUM(K22:K23) -> 0 | L24: =SUM(L22:L23) -> 0 | ... R24: =SUM(R22:R23) -> 0 | S24: =SUM(E24:R24) -> 20
B25: 3. | C25: Jumlah pengguna hak pilih dalam Daftar Pemilih Khusus (DPK) | D25: LK | E25: 3 | F25: 0 | G25: 0 | H25: 0 | I25: 2 | J25: 2 | K25: 0 | L25: 1 | M25: 1 | N25: 0 | O25: 0 | P25: 1 | Q25: 1 | R25: 2 | S25: =SUM(E25:R25) -> 13
D26: PR | E26: 0 | F26: 0 | G26: 1 | H26: 0 | I26: 3 | J26: 2 | K26: 0 | L26: 1 | M26: 2 | N26: 0 | O26: 0 | P26: 6 | Q26: 1 | R26: 2 | S26: =SUM(E26:R26) -> 18
D27: JML | E27: =SUM(E25:E26) -> 3 | F27: =SUM(F25:F26) -> 0 | G27: =SUM(G25:G26) -> 1 | H27: =SUM(H25:H26) -> 0 | I27: =SUM(I25:I26) -> 5 | J27: =SUM(J25:J26) -> 4 | K27: =SUM(K25:K26) -> 0 | L27: =SUM(L25:L26) -> 2 | ... R27: =SUM(R25:R26) -> 4 | S27: =SUM(E27:R27) -> 31
B28: 4. | C28: Jumlah Pengguna Hak Pilih (B.1+B.2+B.3) | D28: LK | E28: =SUM(E19,E22,E25) -> 117 | F28: =SUM(F19,F22,F25) -> 88 | G28: =SUM(G19,G22,G25) -> 96 | H28: =SUM(H19,H22,H25) -> 92 | I28: =SUM(I19,I22,I25) -> 85 | J28: =SUM(J19,J22,J25) -> 97 | K28: =SUM(K19,K22,K25) -> 107 | L28: =SUM(L19,L22,L25) -> 87 | ... R28: =SUM(R19,R22,R25) -> 93 | S28: =SUM(E28:R28) -> 1290
D29: PR | E29: =SUM(E20,E23,E26) -> 131 | F29: =SUM(F20,F23,F26) -> 109 | G29: =SUM(G20,G23,G26) -> 119 | H29: =SUM(H20,H23,H26) -> 115 | I29: =SUM(I20,I23,I26) -> 99 | J29: =SUM(J20,J23,J26) -> 107 | K29: =SUM(K20,K23,K26) -> 104 | L29: =SUM(L20,L23,L26) -> 84 | ... R29: =SUM(R20,R23,R26) -> 106 | S29: =SUM(E29:R29) -> 1442
D30: JML | E30: =SUM(E28:E29) -> 248 | F30: =SUM(F28:F29) -> 197 | G30: =SUM(G28:G29) -> 215 | H30: =SUM(H28:H29) -> 207 | I30: =SUM(I28:I29) -> 184 | J30: =SUM(J28:J29) -> 204 | K30: =SUM(K28:K29) -> 211 | L30: =SUM(L28:L29) -> 171 | ... R30: =SUM(R28:R29) -> 199 | S30: =SUM(E30:R30) -> 2732
A32: II | B32: DATA PENGGUNAAN SURAT SUARA
A33: 1 | B33: Jumlah surat suara yang diterima, termasuk surat suara cadangan 2,5% dari DPT | E33: 295 | F33: 269 | G33: 284 | H33: 299 | I33: 260 | J33: 270 | K33: 289 | L33: 236 | M33: 275 | N33: 275 | O33: 238 | P33: 206 | Q33: 225 | R33: 240 | S33: =SUM(E33:R33) -> 3661
A34: 2 | B34: Jumlah surat suara yang digunakan | E34: 248 | F34: 197 | G34: 215 | H34: 207 | I34: 184 | J34: 204 | K34: 211 | L34: 171 | M34: 222 | N34: 208 | O34: 171 | P34: 142 | Q34: 153 | R34: 199 | S34: =SUM(E34:R34) -> 2732
A35: 3 | B35: Jumlah surat suara dikembalikan oleh pemilih (karena rusak atau keliru coblos) | E35: 0 | F35: 0 | G35: 1 | H35: 0 | I35: 0 | J35: 0 | K35: 0 | L35: 1 | M35: 0 | N35: 2 | O35: 0 | P35: 0 | Q35: 3 | R35: 0 | S35: =SUM(E35:R35) -> 7
A36: 4 | B36: Jumlah surat suara yang tidak digunakan/tidak terpakai, termasuk sisa surat suara cadangan | E36: =E33-(E34+E35) -> 47 | F36: =F33-(F34+F35) -> 72 | G36: =G33-(G34+G35) -> 68 | H36: =H33-(H34+H35) -> 92 | I36: =I33-(I34+I35) -> 76 | J36: =J33-(J34+J35) -> 66 | K36: =K33-(K34+K35) -> 78 | L36: =L33-(L34+L35) -> 64 | ... R36: =R33-(R34+R35) -> 41 | S36: =SUM(E36:R36) -> 922
A38: III | B38: DATA PEMILIH DISABILITAS
B39: Jumlah seluruh Pemilih disabilitas yang menggunakan hak pilih | D39: LK | E39: 0 | F39: 0 | G39: 0 | H39: 0 | I39: 0 | J39: 0 | K39: 0 | L39: 0 | M39: 0 | N39: 0 | O39: 0 | P39: 0 | Q39: 0 | R39: 0 | S39: =SUM(E39:R39) -> 0
D40: PR | E40: 0 | F40: 0 | G40: 0 | H40: 0 | I40: 0 | J40: 0 | K40: 0 | L40: 0 | M40: 0 | N40: 0 | O40: 0 | P40: 0 | Q40: 0 | R40: 2 | S40: =SUM(E40:R40) -> 2
D41: JML | E41: =SUM(E39:E40) -> 0 | F41: =SUM(F39:F40) -> 0 | G41: =SUM(G39:G40) -> 0 | H41: =SUM(H39:H40) -> 0 | I41: =SUM(I39:I40) -> 0 | J41: =SUM(J39:J40) -> 0 | K41: =SUM(K39:K40) -> 0 | L41: =SUM(L39:L40) -> 0 | ... R41: =SUM(R39:R40) -> 2 | S41: =SUM(E41:R41) -> 2
A43: IV | B43: DATA RINCIAN PEROLEHAN SUARA PASANGAN CALON BUPATI DAN WAKIL BUPATI
A44: NOMOR DAN NAMA CALON
A45: A.1 | B45: 1. | C45: Partai Kebangkitan Bangsa | E45: 2 | F45: 4 | G45: 5 | H45: 8 | I45: 7 | J45: 1 | K45: 16 | L45: 11 | M45: 10 | N45: 3 | O45: 11 | P45: 2 | Q45: 7 | R45: 6 | S45: =SUM(E45:R45) -> 93
A46: A.2 | C46: 1. H. MUHAMMAD ALI MAHRUS, S.H.I., M.H | E46: 6 | F46: 3 | G46: 6 | H46: 8 | I46: 9 | J46: 10 | K46: 146 | L46: 63 | M46: 32 | N46: 10 | O46: 37 | P46: 46 | Q46: 67 | R46: 12 | S46: =SUM(E46:R46) -> 455
C47: 2. TUPANG SOEDARGO | E47: 7 | F47: 11 | G47: 16 | H47: 19 | I47: 30 | J47: 47 | K47: 1 | L47: 1 | M47: 9 | N47: 2 | O47: 0 | P47: 0 | Q47: 3 | R47: 5 | S47: =SUM(E47:R47) -> 151
C48: 3. Hj. KHOLIFATUL HASANAH | E48: 1 | F48: 0 | G48: 0 | H48: 0 | I48: 0 | J48: 1 | K48: 0 | L48: 0 | M48: 0 | N48: 1 | O48: 2 | P48: 0 | Q48: 0 | R48: 0 | S48: =SUM(E48:R48) -> 5
C49: 4. FUAD HUMAIDI, S.H.I. | E49: 0 | F49: 0 | G49: 1 | H49: 0 | I49: 0 | J49: 0 | K49: 0 | L49: 0 | M49: 1 | N49: 0 | O49: 1 | P49: 0 | Q49: 0 | R49: 0 | S49: =SUM(E49:R49) -> 3
C50: 5. ENI WIJI LESTARI | E50: 1 | F50: 0 | G50: 0 | H50: 0 | I50: 0 | J50: 0 | K50: 0 | L50: 0 | M50: 0 | N50: 0 | O50: 0 | P50: 0 | Q50: 0 | R50: 0 | S50: =SUM(E50:R50) -> 1
C51: 6. SONNY AGUS SETIAWAN | E51: 1 | F51: 0 | G51: 0 | H51: 2 | I51: 1 | J51: 3 | K51: 0 | L51: 8 | M51: 10 | N51: 1 | O51: 0 | P51: 0 | Q51: 0 | R51: 0 | S51: =SUM(E51:R51) -> 26
A52: B | B52: JUMLAH SUARA SAH PARTAI POLITIK DAN CALON (A1 + A2) | E52: =SUM(E45:E51) -> 18 | F52: =SUM(F45:F51) -> 18 | G52: =SUM(G45:G51) -> 28 | H52: =SUM(H45:H51) -> 37 | I52: =SUM(I45:I51) -> 47 | J52: =SUM(J45:J51) -> 62 | K52: =SUM(K45:K51) -> 163 | L52: =SUM(L45:L51) -> 83 | ... R52: =SUM(R45:R51) -> 23 | S52: =SUM(E52:R52) -> 734
A54: A.1 | B54: 2. | C54: Partai Gerakan Indonesia Raya | E54: 3 | F54: 6 | G54: 13 | H54: 8 | I54: 6 | J54: 7 | K54: 2 | L54: 5 | M54: 6 | N54: 6 | O54: 4 | P54: 3 | Q54: 1 | R54: 3 | S54: =SUM(E54:R54) -> 73
A55: A.2 | C55: 1. SUWITO | E55: 32 | F55: 8 | G55: 17 | H55: 9 | I55: 6 | J55: 0 | K55: 4 | L55: 15 | M55: 36 | N55: 18 | O55: 17 | P55: 16 | Q55: 6 | R55: 11 | S55: =SUM(E55:R55) -> 195
C56: 2. LIMPAT PRAWIRO DIKDO | E56: 5 | F56: 9 | G56: 13 | H56: 5 | I56: 2 | J56: 1 | K56: 0 | L56: 1 | M56: 3 | N56: 1 | O56: 5 | P56: 3 | Q56: 2 | R56: 1 | S56: =SUM(E56:R56) -> 51
C57: 3. PUPUT DESI PRATAMA EKA PUTRI | E57: 2 | F57: 2 | G57: 0 | H57: 0 | I57: 1 | J57: 3 | K57: 0 | L57: 0 | M57: 0 | N57: 0 | O57: 0 | P57: 0 | Q57: 0 | R57: 0 | S57: =SUM(E57:R57) -> 8
C58: 4. RUDI HANDOKO | E58: 2 | F58: 0 | G58: 1 | H58: 1 | I58: 0 | J58: 1 | K58: 0 | L58: 1 | M58: 0 | N58: 0 | O58: 0 | P58: 3 | Q58: 1 | R58: 0 | S58: =SUM(E58:R58) -> 10
C59: 5. IWAN SETIAWAN | E59: 0 | F59: 1 | G59: 1 | H59: 0 | I59: 0 | J59: 0 | K59: 0 | L59: 0 | M59: 0 | N59: 0 | O59: 0 | P59: 0 | Q59: 0 | R59: 0 | S59: =SUM(E59:R59) -> 2
C60: 6. JUWITA INDRASARI | E60: 4 | F60: 1 | G60: 5 | H60: 3 | I60: 0 | J60: 0 | K60: 0 | L60: 0 | M60: 0 | N60: 0 | O60: 0 | P60: 0 | Q60: 0 | R60: 0 | S60: =SUM(E60:R60) -> 13
A61: B | B61: JUMLAH SUARA SAH PARTAI POLITIK DAN CALON (A1 + A2) | E61: =SUM(E54:E60) -> 48 | F61: =SUM(F54:F60) -> 27 | G61: =SUM(G54:G60) -> 50 | H61: =SUM(H54:H60) -> 26 | I61: =SUM(I54:I60) -> 15 | J61: =SUM(J54:J60) -> 12 | K61: =SUM(K54:K60) -> 6 | L61: =SUM(L54:L60) -> 22 | ... R61: =SUM(R54:R60) -> 15 | S61: =SUM(E61:R61) -> 352
A63: A.1 | B63: 3. | C63: Partai Demokrasi Indonesia Perjuangan | E63: 3 | F63: 10 | G63: 8 | H63: 5 | I63: 6 | J63: 8 | K63: 4 | L63: 3 | M63: 3 | N63: 6 | O63: 6 | P63: 2 | Q63: 2 | R63: 8 | S63: =SUM(E63:R63) -> 74
A64: A.2 | C64: 1. AHMAD MASROHAN | E64: 1 | F64: 3 | G64: 2 | H64: 7 | I64: 4 | J64: 2 | K64: 3 | L64: 3 | M64: 2 | N64: 1 | O64: 2 | P64: 0 | Q64: 0 | R64: 2 | S64: =SUM(E64:R64) -> 32
C65: 2. HARIYANTO | E65: 0 | F65: 0 | G65: 2 | H65: 1 | I65: 2 | J65: 0 | K65: 6 | L65: 1 | M65: 0 | N65: 0 | O65: 1 | P65: 3 | Q65: 0 | R65: 2 | S65: =SUM(E65:R65) -> 18
C66: 3. INDAH MARHENI | E66: 1 | F66: 0 | G66: 1 | H66: 3 | I66: 2 | J66: 2 | K66: 0 | L66: 1 | M66: 2 | N66: 0 | O66: 0 | P66: 0 | Q66: 1 | R66: 2 | S66: =SUM(E66:R66) -> 15
C67: 4. AGUS PRIYONO | E67: 2 | F67: 2 | G67: 1 | H67: 0 | I67: 15 | J67: 14 | K67: 0 | L67: 2 | M67: 7 | N67: 4 | O67: 0 | P67: 0 | Q67: 2 | R67: 25 | S67: =SUM(E67:R67) -> 74
C68: 5. SETYA RAHAYU | E68: 9 | F68: 7 | G68: 8 | H68: 12 | I68: 6 | J68: 4 | K68: 0 | L68: 4 | M68: 8 | N68: 2 | O68: 1 | P68: 12 | Q68: 16 | R68: 0 | S68: =SUM(E68:R68) -> 89
C69: 6. M. HAFI WIJAYA | E69: 63 | F69: 59 | G69: 48 | H69: 31 | I69: 12 | J69: 29 | K69: 0 | L69: 8 | M69: 26 | N69: 41 | O69: 30 | P69: 25 | Q69: 1 | R69: 47 | S69: =SUM(E69:R69) -> 420
A70: B | B70: JUMLAH SUARA SAH PARTAI POLITIK DAN CALON (A1 + A2) | E70: =SUM(E63:E69) -> 79 | F70: =SUM(F63:F69) -> 81 | G70: =SUM(G63:G69) -> 70 | H70: =SUM(H63:H69) -> 59 | I70: =SUM(I63:I69) -> 47 | J70: =SUM(J63:J69) -> 59 | K70: =SUM(K63:K69) -> 13 | L70: =SUM(L63:L69) -> 22 | ... R70: =SUM(R63:R69) -> 86 | S70: =SUM(E70:R70) -> 722
A72: A.1 | B72: 4. | C72: Partai Golongan Karya | E72: 0 | F72: 3 | G72: 3 | H72: 2 | I72: 3 | J72: 4 | K72: 0 | L72: 0 | M72: 3 | N72: 2 | O72: 2 | P72: 1 | Q72: 1 | R72: 1 | S72: =SUM(E72:R72) -> 25
A73: A.2 | C73: 1. SRI YULIANI | E73: 2 | F73: 9 | G73: 1 | H73: 1 | I73: 3 | J73: 2 | K73: 0 | L73: 2 | M73: 9 | N73: 13 | O73: 2 | P73: 2 | Q73: 2 | R73: 0 | S73: =SUM(E73:R73) -> 48
C74: 2. ACHMAD SUMARNO, S.E. | E74: 1 | F74: 0 | G74: 1 | H74: 0 | I74: 1 | J74: 0 | K74: 0 | L74: 0 | M74: 1 | N74: 0 | O74: 0 | P74: 0 | Q74: 0 | R74: 0 | S74: =SUM(E74:R74) -> 4
C75: 3. MUHAMMAD SAHLAN, S.Sos., M.A. | E75: 1 | F75: 6 | G75: 9 | H75: 1 | I75: 6 | J75: 14 | K75: 0 | L75: 3 | M75: 1 | N75: 2 | O75: 1 | P75: 2 | Q75: 1 | R75: 1 | S75: =SUM(E75:R75) -> 48
C76: 4. MAYA YUSEFA, S.Pd. | E76: 2 | F76: 2 | G76: 0 | H76: 1 | I76: 0 | J76: 0 | K76: 0 | L76: 0 | M76: 0 | N76: 0 | O76: 0 | P76: 0 | Q76: 0 | R76: 0 | S76: =SUM(E76:R76) -> 5
C77: 5. SUPARMAN | E77: 0 | F77: 0 | G77: 0 | H77: 0 | I77: 0 | J77: 0 | K77: 0 | L77: 0 | M77: 0 | N77: 0 | O77: 1 | P77: 0 | Q77: 1 | R77: 0 | S77: =SUM(E77:R77) -> 2
C78: 6. NURHIDAYAT | E78: 0 | F78: 0 | G78: 0 | H78: 0 | I78: 0 | J78: 0 | K78: 0 | L78: 0 | M78: 0 | N78: 1 | O78: 0 | P78: 0 | Q78: 0 | R78: 0 | S78: =SUM(E78:R78) -> 1
A79: B | B79: JUMLAH SUARA SAH PARTAI POLITIK DAN CALON (A1 + A2) | E79: =SUM(E72:E78) -> 6 | F79: =SUM(F72:F78) -> 20 | G79: =SUM(G72:G78) -> 14 | H79: =SUM(H72:H78) -> 5 | I79: =SUM(I72:I78) -> 13 | J79: =SUM(J72:J78) -> 20 | K79: =SUM(K72:K78) -> 0 | L79: =SUM(L72:L78) -> 5 | ... R79: =SUM(R72:R78) -> 2 | S79: =SUM(E79:R79) -> 133
A81: A.1 | B81: 5. | C81: Partai NasDem | E81: 0 | F81: 0 | G81: 1 | H81: 0 | I81: 1 | J81: 0 | K81: 0 | L81: 2 | M81: 1 | N81: 0 | O81: 1 | P81: 0 | Q81: 1 | R81: 0 | S81: =SUM(E81:R81) -> 7
A82: A.2 | C82: 1. RATIH NUR HAYATI, S.T. | E82: 0 | F82: 0 | G82: 0 | H82: 0 | I82: 0 | J82: 0 | K82: 0 | L82: 0 | M82: 0 | N82: 1 | O82: 1 | P82: 0 | Q82: 0 | R82: 0 | S82: =SUM(E82:R82) -> 2
C83: 2. ISTILAH MUSTOFA, S.H. | E83: 0 | F83: 0 | G83: 0 | H83: 0 | I83: 0 | J83: 2 | K83: 0 | L83: 0 | M83: 0 | N83: 0 | O83: 0 | P83: 0 | Q83: 0 | R83: 0 | S83: =SUM(E83:R83) -> 2
C84: 3. ACHMAD RIDHO HADISISWOYO, S.Tr.P. | E84: 0 | F84: 0 | G84: 0 | H84: 0 | I84: 0 | J84: 0 | K84: 0 | L84: 0 | M84: 0 | N84: 0 | O84: 0 | P84: 0 | Q84: 0 | R84: 0 | S84: =SUM(E84:R84) -> 0
C85: 4. AKHMAD ROSIDI | E85: 0 | F85: 0 | G85: 0 | H85: 0 | I85: 0 | J85: 0 | K85: 0 | L85: 0 | M85: 2 | N85: 0 | O85: 0 | P85: 0 | Q85: 0 | R85: 0 | S85: =SUM(E85:R85) -> 2
C86: 5. MUHAMAD VAHID FAIQ | E86: 0 | F86: 0 | G86: 0 | H86: 0 | I86: 0 | J86: 0 | K86: 0 | L86: 1 | M86: 0 | N86: 3 | O86: 1 | P86: 0 | Q86: 0 | R86: 0 | S86: =SUM(E86:R86) -> 5
C87: 6. TITIS MEILIKA WIYONO | E87: 0 | F87: 0 | G87: 0 | H87: 0 | I87: 0 | J87: 1 | K87: 0 | L87: 0 | M87: 0 | N87: 0 | O87: 0 | P87: 0 | Q87: 0 | R87: 0 | S87: =SUM(E87:R87) -> 1
A88: B | B88: JUMLAH SUARA SAH PARTAI POLITIK DAN CALON (A1 + A2) | E88: =SUM(E81:E87) -> 0 | F88: =SUM(F81:F87) -> 0 | G88: =SUM(G81:G87) -> 1 | H88: =SUM(H81:H87) -> 0 | I88: =SUM(I81:I87) -> 1 | J88: =SUM(J81:J87) -> 3 | K88: =SUM(K81:K87) -> 0 | L88: =SUM(L81:L87) -> 3 | ... R88: =SUM(R81:R87) -> 0 | S88: =SUM(E88:R88) -> 19
A90: A.1 | B90: 6. | C90: Partai Buruh | E90: 1 | F90: 5 | G90: 4 | H90: 5 | I90: 4 | J90: 2 | K90: 0 | L90: 1 | M90: 2 | N90: 1 | O90: 5 | P90: 2 | Q90: 0 | R90: 2 | S90: =SUM(E90:R90) -> 34
A91: A.2 | S91: =SUM(E91:R91) -> 0
A92: B | B92: JUMLAH SUARA SAH PARTAI POLITIK DAN CALON (A1 + A2) | E92: =SUM(E90:E91) -> 1 | F92: =SUM(F90:F91) -> 5 | G92: =SUM(G90:G91) -> 4 | H92: =SUM(H90:H91) -> 5 | I92: =SUM(I90:I91) -> 4 | J92: =SUM(J90:J91) -> 2 | K92: =SUM(K90:K91) -> 0 | L92: =SUM(L90:L91) -> 1 | ... R92: =SUM(R90:R91) -> 2 | S92: =SUM(E92:R92) -> 34
A94: A.1 | B94: 7. | C94: Partai Gelombang Rakyat Indonesia | E94: 0 | F94: 0 | G94: 2 | H94: 0 | I94: 0 | J94: 0 | K94: 0 | L94: 0 | M94: 1 | N94: 0 | O94: 0 | P94: 0 | Q94: 0 | R94: 0 | S94: =SUM(E94:R94) -> 3
A95: A.2 | C95: 1. RIFKI ALFAN SANI | E95: 0 | F95: 0 | G95: 0 | H95: 1 | I95: 0 | J95: 0 | K95: 0 | L95: 0 | M95: 0 | N95: 0 | O95: 0 | P95: 0 | Q95: 0 | R95: 0 | S95: =SUM(E95:R95) -> 1
C96: 2. RAPI'I | E96: 0 | F96: 0 | G96: 0 | H96: 1 | I96: 0 | J96: 0 | K96: 0 | L96: 0 | M96: 0 | N96: 0 | O96: 0 | P96: 0 | Q96: 0 | R96: 0 | S96: =SUM(E96:R96) -> 1
C97: 3. NUR IKA SETIAWATI | E97: 0 | F97: 0 | G97: 0 | H97: 0 | I97: 0 | J97: 0 | K97: 0 | L97: 0 | M97: 0 | N97: 0 | O97: 0 | P97: 0 | Q97: 0 | R97: 0 | S97: =SUM(E97:R97) -> 0
A98: B | B98: JUMLAH SUARA SAH PARTAI POLITIK DAN CALON (A1 + A2) | E98: =SUM(E94:E97) -> 0 | F98: =SUM(F94:F97) -> 0 | G98: =SUM(G94:G97) -> 2 | H98: =SUM(H94:H97) -> 2 | I98: =SUM(I94:I97) -> 0 | J98: =SUM(J94:J97) -> 0 | K98: =SUM(K94:K97) -> 0 | L98: =SUM(L94:L97) -> 0 | ... R98: =SUM(R94:R97) -> 0 | S98: =SUM(E98:R98) -> 5
A100: A.1 | B100: 8. | C100: Partai Keadilan Sejahtera | E100: 1 | F100: 2 | G100: 0 | H100: 1 | I100: 0 | J100: 1 | K100: 0 | L100: 1 | M100: 1 | N100: 1 | O100: 1 | P100: 0 | Q100: 2 | R100: 2 | S100: =SUM(E100:R100) -> 13
A101: A.2 | C101: 1. VITA RIMA YANTI, S.KM. | E101: 19 | F101: 11 | G101: 1 | H101: 7 | I101: 7 | J101: 10 | K101: 0 | L101: 4 | M101: 3 | N101: 1 | O101: 9 | P101: 4 | Q101: 18 | R101: 3 | S101: =SUM(E101:R101) -> 97
C102: 2. EKO WAHYU HIDAYAT, A.Md. | E102: 0 | F102: 1 | G102: 0 | H102: 1 | I102: 0 | J102: 0 | K102: 0 | L102: 0 | M102: 0 | N102: 0 | O102: 0 | P102: 0 | Q102: 0 | R102: 0 | S102: =SUM(E102:R102) -> 2
C103: 3. EDY PURNOMO | E103: 0 | F103: 0 | G103: 0 | H103: 0 | I103: 0 | J103: 0 | K103: 0 | L103: 0 | M103: 0 | N103: 0 | O103: 0 | P103: 0 | Q103: 0 | R103: 0 | S103: =SUM(E103:R103) -> 0
C104: 4. SUNTARIAS PUTRI DAMAYANTI, A.Ma. | E104: 2 | F104: 3 | G104: 0 | H104: 0 | I104: 0 | J104: 0 | K104: 0 | L104: 0 | M104: 0 | N104: 0 | O104: 0 | P104: 0 | Q104: 0 | R104: 0 | S104: =SUM(E104:R104) -> 5
C105: 5. MUHAMMAD AFIF | E105: 1 | F105: 0 | G105: 0 | H105: 0 | I105: 0 | J105: 0 | K105: 0 | L105: 0 | M105: 0 | N105: 0 | O105: 0 | P105: 0 | Q105: 0 | R105: 0 | S105: =SUM(E105:R105) -> 1
C106: 6. SHOHIB QOMAD DILLAH, S.T.P. | E106: 2 | F106: 0 | G106: 0 | H106: 1 | I106: 0 | J106: 0 | K106: 0 | L106: 0 | M106: 0 | N106: 0 | O106: 1 | P106: 0 | Q106: 0 | R106: 7 | S106: =SUM(E106:R106) -> 11
A107: B | B107: JUMLAH SUARA SAH PARTAI POLITIK DAN CALON (A1 + A2) | E107: =SUM(E100:E106) -> 25 | F107: =SUM(F100:F106) -> 17 | G107: =SUM(G100:G106) -> 1 | H107: =SUM(H100:H106) -> 10 | I107: =SUM(I100:I106) -> 7 | J107: =SUM(J100:J106) -> 11 | K107: =SUM(K100:K106) -> 0 | L107: =SUM(L100:L106) -> 5 | ... R107: =SUM(R100:R106) -> 12 | S107: =SUM(E107:R107) -> 129
A109: A.1 | B109: 9. | C109: Partai Kebangkitan Nusantara | E109: 0 | F109: 0 | G109: 1 | H109: 0 | I109: 1 | J109: 0 | K109: 0 | L109: 0 | M109: 0 | N109: 1 | O109: 0 | P109: 0 | Q109: 0 | R109: 0 | S109: =SUM(E109:R109) -> 3
A110: A.2 | C110: 1. AGUS TARMIDI | S110: =SUM(E110:R110) -> 0
A111: B | B111: JUMLAH SUARA SAH PARTAI POLITIK DAN CALON (A1 + A2) | E111: =SUM(E109:E110) -> 0 | F111: =SUM(F109:F110) -> 0 | G111: =SUM(G109:G110) -> 1 | H111: =SUM(H109:H110) -> 0 | I111: =SUM(I109:I110) -> 1 | J111: =SUM(J109:J110) -> 0 | K111: =SUM(K109:K110) -> 0 | L111: =SUM(L109:L110) -> 0 | ... R111: =SUM(R109:R110) -> 0 | S111: =SUM(E111:R111) -> 3
A113: A.1 | B113: 10. | C113: Partai Hati Nurani Rakyat | E113: 0 | F113: 0 | G113: 1 | H113: 3 | I113: 0 | J113: 0 | K113: 0 | L113: 0 | M113: 0 | N113: 0 | O113: 0 | P113: 0 | Q113: 0 | R113: 0 | S113: =SUM(E113:R113) -> 4
A114: A.2 | C114: 1. MOHAMAD ROSUL | E114: 0 | F114: 0 | G114: 0 | H114: 0 | I114: 0 | J114: 0 | K114: 0 | L114: 0 | M114: 0 | N114: 0 | O114: 0 | P114: 0 | Q114: 0 | R114: 0 | S114: =SUM(E114:R114) -> 0
C115: 2. H. AHMAD NUR ALCHAFFAF | E115: 0 | F115: 0 | G115: 0 | H115: 0 | I115: 0 | J115: 0 | K115: 0 | L115: 0 | M115: 0 | N115: 0 | O115: 0 | P115: 1 | Q115: 0 | R115: 0 | S115: =SUM(E115:R115) -> 1
C116: 3. ISTIQUMILAILLI | E116: 1 | F116: 3 | G116: 4 | H116: 3 | I116: 6 | J116: 0 | K116: 0 | L116: 3 | M116: 5 | N116: 4 | O116: 0 | P116: 0 | Q116: 3 | R116: 0 | S116: =SUM(E116:R116) -> 32
C117: 4. JOKO NUGROHO | E117: 0 | F117: 0 | G117: 0 | H117: 0 | I117: 1 | J117: 0 | K117: 0 | L117: 0 | M117: 0 | N117: 0 | O117: 0 | P117: 0 | Q117: 0 | R117: 0 | S117: =SUM(E117:R117) -> 1
C118: 5. MEGA PRAMESWARI | E118: 1 | F118: 0 | G118: 0 | H118: 0 | I118: 0 | J118: 0 | K118: 0 | L118: 0 | M118: 0 | N118: 0 | O118: 0 | P118: 0 | Q118: 0 | R118: 0 | S118: =SUM(E118:R118) -> 1
C119: 6. BUDI HARTONO | E119: 0 | F119: 1 | G119: 0 | H119: 0 | I119: 0 | J119: 0 | K119: 0 | L119: 0 | M119: 0 | N119: 0 | O119: 0 | P119: 0 | Q119: 0 | R119: 0 | S119: =SUM(E119:R119) -> 1
A120: B | B120: JUMLAH SUARA SAH PARTAI POLITIK DAN CALON (A1 + A2) | E120: =SUM(E113:E119) -> 2 | F120: =SUM(F113:F119) -> 4 | G120: =SUM(G113:G119) -> 5 | H120: =SUM(H113:H119) -> 6 | I120: =SUM(I113:I119) -> 7 | J120: =SUM(J113:J119) -> 0 | K120: =SUM(K113:K119) -> 0 | L120: =SUM(L113:L119) -> 3 | ... R120: =SUM(R113:R119) -> 0 | S120: =SUM(E120:R120) -> 40
...

Sheet BEDEWANG
C2: Kecamatan
C3: Kabupaten | D3: BANYUWANGI
C4: Provinsi | D4: JAWA TIMUR
C9: Kelurahan
A12: I | B12: DATA PEMILIH DAN PENGGUNAAN HAK PILIH | W12: JUMLAH AKHIR
A13: A | B13: DATA PEMILIH | E13: TPS 001 | F13: TPS 002 | G13: TPS 003 | H13: TPS 004 | I13: TPS 005 | J13: TPS 006 | K13: TPS 007 | L13: TPS 008 | M13: TPS 009 | N13: TPS 010 | O13: TPS 011 | P13: TPS 012 | Q13: TPS 013 | R13: TPS 014 | S13: TPS 015 | T13: TPS 016 | U13: TPS 017 | V13: TPS 018
B14: Jumlah Pemilih dalam Daftar Pemilih Tetap (DPT) | D14: LK | E14: 143 | F14: 141 | G14: 147 | H14: 147 | I14: 123 | J14: 113 | K14: 136 | L14: 122 | M14: 123 | N14: 129 | O14: 137 | P14: 145 | Q14: 131 | R14: 148 | S14: 133 | T14: 153 | U14: 111 | V14: 87 | W14: =SUM(E14:V14) -> 2369
D15: PR | E15: 149 | F15: 157 | G15: 145 | H15: 141 | I15: 133 | J15: 118 | K15: 126 | L15: 132 | M15: 128 | N15: 131 | O15: 148 | P15: 148 | Q15: 149 | R15: 134 | S15: 143 | T15: 128 | U15: 107 | V15: 79 | W15: =SUM(E15:V15) -> 2396
D16: JML | E16: =SUM(E14:E15) -> 292 | F16: =SUM(F14:F15) -> 298 | G16: =SUM(G14:G15) -> 292 | H16: =SUM(H14:H15) -> 288 | I16: =SUM(I14:I15) -> 256 | J16: =SUM(J14:J15) -> 231 | K16: =SUM(K14:K15) -> 262 | L16: =SUM(L14:L15) -> 254 | ... V16: =SUM(V14:V15) -> 166 | W16: =SUM(E16:V16) -> 4765
A18: B | B18: PENGGUNA HAK PILIH
B19: 1. | C19: Jumlah pengguna hak pilih dalam Daftar Pemilih Tetap (DPT) | D19: LK | E19: 118 | F19: 102 | G19: 113 | H19: 114 | I19: 85 | J19: 88 | K19: 106 | L19: 86 | M19: 82 | N19: 95 | O19: 95 | P19: 107 | Q19: 100 | R19: 108 | S19: 96 | T19: 108 | U19: 76 | V19: 68 | W19: =SUM(E19:V19) -> 1747
D20: PR | E20: 121 | F20: 123 | G20: 110 | H20: 113 | I20: 101 | J20: 91 | K20: 102 | L20: 97 | M20: 100 | N20: 101 | O20: 115 | P20: 114 | Q20: 122 | R20: 102 | S20: 114 | T20: 118 | U20: 83 | V20: 66 | W20: =SUM(E20:V20) -> 1893
D21: JML | E21: =SUM(E19:E20) -> 239 | F21: =SUM(F19:F20) -> 225 | G21: =SUM(G19:G20) -> 223 | H21: =SUM(H19:H20) -> 227 | I21: =SUM(I19:I20) -> 186 | J21: =SUM(J19:J20) -> 179 | K21: =SUM(K19:K20) -> 208 | L21: =SUM(L19:L20) -> 183 | ... V21: =SUM(V19:V20) -> 134 | W21: =SUM(E21:V21) -> 3640
B22: 2. | C22: Jumlah pengguna hak pilih dalam Daftar Pemilih Tambahan (DPTb) | D22: LK | E22: 0 | F22: 0 | G22: 0 | H22: 0 | I22: 0 | J22: 0 | K22: 0 | L22: 0 | M22: 0 | N22: 0 | O22: 0 | P22: 0 | Q22: 0 | R22: 0 | S22: 0 | T22: 0 | U22: 0 | V22: 0 | W22: =SUM(E22:V22) -> 0
D23: PR | E23: 0 | F23: 0 | G23: 0 | H23: 0 | I23: 0 | J23: 0 | K23: 0 | L23: 0 | M23: 0 | N23: 0 | O23: 0 | P23: 0 | Q23: 0 | R23: 0 | S23: 0 | T23: 0 | U23: 0 | V23: 0 | W23: =SUM(E23:V23) -> 0
D24: JML | E24: =SUM(E22:E23) -> 0 | F24: =SUM(F22:F23) -> 0 | G24: =SUM(G22:G23) -> 0 | H24: =SUM(H22:H23) -> 0 | I24: =SUM(I22:I23) -> 0 | J24: =SUM(J22:J23) -> 0 | K24: =SUM(K22:K23) -> 0 | L24: =SUM(L22:L23) -> 0 | ... V24: =SUM(V22:V23) -> 0 | W24: =SUM(E24:V24) -> 0
B25: 3. | C25: Jumlah pengguna hak pilih dalam Daftar Pemilih Khusus (DPK) | D25: LK | E25: 0 | F25: 0 | G25: 0 | H25: 1 | I25: 0 | J25: 0 | K25: 0 | L25: 0 | M25: 0 | N25: 0 | O25: 0 | P25: 0 | Q25: 0 | R25: 0 | S25: 0 | T25: 1 | U25: 0 | V25: 1 | W25: =SUM(E25:V25) -> 3
D26: PR | E26: 0 | F26: 0 | G26: 0 | H26: 0 | I26: 0 | J26: 0 | K26: 0 | L26: 0 | M26: 0 | N26: 0 | O26: 0 | P26: 0 | Q26: 0 | R26: 0 | S26: 0 | T26: 0 | U26: 0 | V26: 1 | W26: =SUM(E26:V26) -> 1
D27: JML | E27: =SUM(E25:E26) -> 0 | F27: =SUM(F25:F26) -> 0 | G27: =SUM(G25:G26) -> 0 | H27: =SUM(H25:H26) -> 1 | I27: =SUM(I25:I26) -> 0 | J27: =SUM(J25:J26) -> 0 | K27: =SUM(K25:K26) -> 0 | L27: =SUM(L25:L26) -> 0 | ... V27: =SUM(V25:V26) -> 2 | W27: =SUM(E27:V27) -> 4
B28: 4. | C28: Jumlah Pengguna Hak Pilih (B.1+B.2+B.3) | D28: LK | E28: =SUM(E19,E22,E25) -> 118 | F28: =SUM(F19,F22,F25) -> 102 | G28: =SUM(G19,G22,G25) -> 113 | H28: =SUM(H19,H22,H25) -> 115 | I28: =SUM(I19,I22,I25) -> 85 | J28: =SUM(J19,J22,J25) -> 88 | K28: =SUM(K19,K22,K25) -> 106 | L28: =SUM(L19,L22,L25) -> 86 | ... V28: =SUM(V19,V22,V25) -> 69 | W28: =SUM(E28:V28) -> 1750
D29: PR | E29: =SUM(E20,E23,E26) -> 121 | F29: =SUM(F20,F23,F26) -> 123 | G29: =SUM(G20,G23,G26) -> 110 | H29: =SUM(H20,H23,H26) -> 113 | I29: =SUM(I20,I23,I26) -> 101 | J29: =SUM(J20,J23,J26) -> 91 | K29: =SUM(K20,K23,K26) -> 102 | L29: =SUM(L20,L23,L26) -> 97 | ... V29: =SUM(V20,V23,V26) -> 67 | W29: =SUM(E29:V29) -> 1894
D30: JML | E30: =SUM(E28:E29) -> 239 | F30: =SUM(F28:F29) -> 225 | G30: =SUM(G28:G29) -> 223 | H30: =SUM(H28:H29) -> 228 | I30: =SUM(I28:I29) -> 186 | J30: =SUM(J28:J29) -> 179 | K30: =SUM(K28:K29) -> 208 | L30: =SUM(L28:L29) -> 183 | ... V30: =SUM(V28:V29) -> 136 | W30: =SUM(E30:V30) -> 3644
A32: II | B32: DATA PENGGUNAAN SURAT SUARA
A33: 1 | B33: Jumlah surat suara yang diterima, termasuk surat suara cadangan 2,5% dari DPT | E33: 298 | F33: 304 | G33: 298 | H33: 299 | I33: 264 | J33: 236 | K33: 268 | L33: 260 | M33: 257 | N33: 266 | O33: 291 | P33: 229 | Q33: 286 | R33: 288 | S33: 282 | T33: 286 | U33: 216 | V33: 170 | W33: =SUM(E33:V33) -> 4798
A34: 2 | B34: Jumlah surat suara yang digunakan | E34: 239 | F34: 225 | G34: 223 | H34: 228 | I34: 186 | J34: 179 | K34: 208 | L34: 183 | M34: 182 | N34: 196 | O34: 210 | P34: 221 | Q34: 222 | R34: 210 | S34: 210 | T34: 227 | U34: 159 | V34: 136 | W34: =SUM(E34:V34) -> 3644
A35: 3 | B35: Jumlah surat suara dikembalikan oleh pemilih (karena rusak atau keliru coblos) | E35: 0 | F35: 0 | G35: 0 | H35: 3 | I35: 0 | J35: 0 | K35: 0 | L35: 0 | M35: 3 | N35: 0 | O35: 0 | P35: 0 | Q35: 0 | R35: 1 | S35: 4 | T35: 0 | U35: 0 | V35: 0 | W35: =SUM(E35:V35) -> 11
A36: 4 | B36: Jumlah surat suara yang tidak digunakan/tidak terpakai, termasuk sisa surat suara cadangan | E36: =E33-(E34+E35) -> 59 | F36: =F33-(F34+F35) -> 79 | G36: =G33-(G34+G35) -> 75 | H36: =H33-(H34+H35) -> 68 | I36: =I33-(I34+I35) -> 78 | J36: =J33-(J34+J35) -> 57 | K36: =K33-(K34+K35) -> 60 | L36: =L33-(L34+L35) -> 77 | ... V36: =V33-(V34+V35) -> 34 | W36: =SUM(E36:V36) -> 1143
A38: III | B38: DATA PEMILIH DISABILITAS
B39: Jumlah seluruh Pemilih disabilitas yang menggunakan hak pilih | D39: LK | E39: 0 | F39: 0 | G39: 0 | H39: 2 | I39: 0 | J39: 0 | K39: 0 | L39: 0 | M39: 0 | N39: 0 | O39: 0 | P39: 1 | Q39: 0 | R39: 0 | S39: 0 | T39: 1 | U39: 0 | V39: 0 | W39: =SUM(E39:V39) -> 4
D40: PR | E40: 0 | F40: 0 | G40: 0 | H40: 1 | I40: 1 | J40: 0 | K40: 0 | L40: 0 | M40: 0 | N40: 0 | O40: 0 | P40: 1 | Q40: 0 | R40: 0 | S40: 0 | T40: 1 | U40: 0 | V40: 0 | W40: =SUM(E40:V40) -> 4
D41: JML | E41: =SUM(E39:E40) -> 0 | F41: =SUM(F39:F40) -> 0 | G41: =SUM(G39:G40) -> 0 | H41: =SUM(H39:H40) -> 3 | I41: =SUM(I39:I40) -> 1 | J41: =SUM(J39:J40) -> 0 | K41: =SUM(K39:K40) -> 0 | L41: =SUM(L39:L40) -> 0 | ... V41: =SUM(V39:V40) -> 0 | W41: =SUM(E41:V41) -> 8
A43: IV | B43: DATA RINCIAN PEROLEHAN SUARA PASANGAN CALON BUPATI DAN WAKIL BUPATI
A44: NOMOR DAN NAMA CALON
A45: A.1 | B45: 1. | C45: Partai Kebangkitan Bangsa | E45: 4 | F45: 10 | G45: 8 | H45: 4 | I45: 10 | J45: 7 | K45: 16 | L45: 7 | M45: 10 | N45: 8 | O45: 7 | P45: 3 | Q45: 13 | R45: 5 | S45: 8 | T45: 2 | U45: 1 | V45: 4 | W45: =SUM(E45:V45) -> 127
A46: A.2 | C46: 1. H. MUHAMMAD ALI MAHRUS, S.H.I., M.H | E46: 42 | F46: 29 | G46: 10 | H46: 36 | I46: 46 | J46: 79 | K46: 65 | L46: 35 | M46: 18 | N46: 20 | O46: 12 | P46: 20 | Q46: 16 | R46: 7 | S46: 20 | T46: 3 | U46: 6 | V46: 124 | W46: =SUM(E46:V46) -> 588
C47: 2. TUPANG SOEDARGO | E47: 0 | F47: 1 | G47: 8 | H47: 1 | I47: 1 | J47: 0 | K47: 1 | L47: 2 | M47: 0 | N47: 2 | O47: 2 | P47: 1 | Q47: 0 | R47: 0 | S47: 0 | T47: 14 | U47: 13 | V47: 1 | W47: =SUM(E47:V47) -> 47
C48: 3. Hj. KHOLIFATUL HASANAH | E48: 1 | F48: 0 | G48: 0 | H48: 1 | I48: 0 | J48: 1 | K48: 1 | L48: 0 | M48: 0 | N48: 2 | O48: 0 | P48: 1 | Q48: 1 | R48: 0 | S48: 2 | T48: 0 | U48: 0 | V48: 0 | W48: =SUM(E48:V48) -> 10
C49: 4. FUAD HUMAIDI, S.H.I. | E49: 0 | F49: 0 | G49: 1 | H49: 1 | I49: 0 | J49: 1 | K49: 0 | L49: 1 | M49: 0 | N49: 0 | O49: 0 | P49: 0 | Q49: 0 | R49: 0 | S49: 0 | T49: 0 | U49: 0 | V49: 0 | W49: =SUM(E49:V49) -> 4
C50: 5. ENI WIJI LESTARI | E50: 1 | F50: 0 | G50: 0 | H50: 1 | I50: 0 | J50: 0 | K50: 0 | L50: 0 | M50: 0 | N50: 0 | O50: 0 | P50: 0 | Q50: 0 | R50: 0 | S50: 0 | T50: 2 | U50: 0 | V50: 0 | W50: =SUM(E50:V50) -> 4
C51: 6. SONNY AGUS SETIAWAN | E51: 0 | F51: 0 | G51: 1 | H51: 0 | I51: 0 | J51: 0 | K51: 0 | L51: 0 | M51: 0 | N51: 0 | O51: 0 | P51: 0 | Q51: 0 | R51: 0 | S51: 0 | T51: 0 | U51: 0 | V51: 1 | W51: =SUM(E51:V51) -> 2
A52: B | B52: JUMLAH SUARA SAH PARTAI POLITIK DAN CALON (A1 + A2) | E52: =SUM(E45:E51) -> 48 | F52: =SUM(F45:F51) -> 40 | G52: =SUM(G45:G51) -> 28 | H52: =SUM(H45:H51) -> 44 | I52: =SUM(I45:I51) -> 57 | J52: =SUM(J45:J51) -> 88 | K52: =SUM(K45:K51) -> 83 | L52: =SUM(L45:L51) -> 45 | ... V52: =SUM(V45:V51) -> 130 | W52: =SUM(E52:V52) -> 782
A54: A.1 | B54: 2. | C54: Partai Gerakan Indonesia Raya | E54: 15 | F54: 18 | G54: 11 | H54: 4 | I54: 2 | J54: 3 | K54: 4 | L54: 3 | M54: 2 | N54: 2 | O54: 1 | P54: 5 | Q54: 5 | R54: 3 | S54: 7 | T54: 8 | U54: 1 | V54: 0 | W54: =SUM(E54:V54) -> 94
A55: A.2 | C55: 1. SUWITO | E55: 55 | F55: 28 | G55: 17 | H55: 16 | I55: 2 | J55: 3 | K55: 2 | L55: 0 | M55: 1 | N55: 2 | O55: 8 | P55: 9 | Q55: 9 | R55: 13 | S55: 10 | T55: 8 | U55: 3 | V55: 0 | W55: =SUM(E55:V55) -> 186
C56: 2. LIMPAT PRAWIRO DIKDO | E56: 6 | F56: 2 | G56: 4 | H56: 2 | I56: 0 | J56: 1 | K56: 0 | L56: 0 | M56: 0 | N56: 0 | O56: 4 | P56: 4 | Q56: 11 | R56: 4 | S56: 6 | T56: 6 | U56: 1 | V56: 0 | W56: =SUM(E56:V56) -> 51
C57: 3. PUPUT DESI PRATAMA EKA PUTRI | E57: 0 | F57: 3 | G57: 0 | H57: 1 | I57: 0 | J57: 0 | K57: 0 | L57: 0 | M57: 1 | N57: 0 | O57: 1 | P57: 0 | Q57: 0 | R57: 0 | S57: 0 | T57: 0 | U57: 0 | V57: 0 | W57: =SUM(E57:V57) -> 6
C58: 4. RUDI HANDOKO | E58: 3 | F58: 7 | G58: 2 | H58: 2 | I58: 2 | J58: 0 | K58: 0 | L58: 0 | M58: 0 | N58: 1 | O58: 1 | P58: 2 | Q58: 0 | R58: 0 | S58: 0 | T58: 0 | U58: 0 | V58: 0 | W58: =SUM(E58:V58) -> 20
C59: 5. IWAN SETIAWAN | E59: 0 | F59: 1 | G59: 0 | H59: 0 | I59: 0 | J59: 0 | K59: 0 | L59: 0 | M59: 0 | N59: 0 | O59: 0 | P59: 1 | Q59: 0 | R59: 0 | S59: 0 | T59: 0 | U59: 0 | V59: 0 | W59: =SUM(E59:V59) -> 2
C60: 6. JUWITA INDRASARI | E60: 0 | F60: 0 | G60: 0 | H60: 0 | I60: 0 | J60: 0 | K60: 0 | L60: 0 | M60: 0 | N60: 0 | O60: 0 | P60: 0 | Q60: 0 | R60: 0 | S60: 0 | T60: 0 | U60: 0 | V60: 0 | W60: =SUM(E60:V60) -> 0
A61: B | B61: JUMLAH SUARA SAH PARTAI POLITIK DAN CALON (A1 + A2) | E61: =SUM(E54:E60) -> 79 | F61: =SUM(F54:F60) -> 59 | G61: =SUM(G54:G60) -> 34 | H61: =SUM(H54:H60) -> 25 | I61: =SUM(I54:I60) -> 6 | J61: =SUM(J54:J60) -> 7 | K61: =SUM(K54:K60) -> 6 | L61: =SUM(L54:L60) -> 3 | ... V61: =SUM(V54:V60) -> 0 | W61: =SUM(E61:V61) -> 359
A63: A.1 | B63: 3. | C63: Partai Demokrasi Indonesia Perjuangan | E63: 6 | F63: 18 | G63: 2 | H63: 2 | I63: 3 | J63: 2 | K63: 6 | L63: 4 | M63: 6 | N63: 3 | O63: 4 | P63: 9 | Q63: 5 | R63: 3 | S63: 13 | T63: 8 | U63: 2 | V63: 0 | W63: =SUM(E63:V63) -> 96
A64: A.2 | C64: 1. AHMAD MASROHAN | E64: 5 | F64: 10 | G64: 13 | H64: 12 | I64: 2 | J64: 0 | K64: 1 | L64: 0 | M64: 2 | N64: 3 | O64: 1 | P64: 9 | Q64: 1 | R64: 3 | S64: 13 | T64: 5 | U64: 5 | V64: 0 | W64: =SUM(E64:V64) -> 85
C65: 2. HARIYANTO | E65: 5 | F65: 25 | G65: 4 | H65: 3 | I65: 0 | J65: 0 | K65: 1 | L65: 0 | M65: 0 | N65: 1 | O65: 1 | P65: 5 | Q65: 2 | R65: 0 | S65: 1 | T65: 0 | U65: 1 | V65: 1 | W65: =SUM(E65:V65) -> 50
C66: 3. INDAH MARHENI | E66: 2 | F66: 1 | G66: 4 | H66: 0 | I66: 1 | J66: 1 | K66: 0 | L66: 0 | M66: 1 | N66: 0 | O66: 0 | P66: 1 | Q66: 0 | R66: 0 | S66: 4 | T66: 0 | U66: 1 | V66: 0 | W66: =SUM(E66:V66) -> 16
C67: 4. AGUS PRIYONO | E67: 1 | F67: 0 | G67: 0 | H67: 2 | I67: 5 | J67: 3 | K67: 8 | L67: 15 | M67: 5 | N67: 12 | O67: 34 | P67: 39 | Q67: 1 | R67: 6 | S67: 13 | T67: 5 | U67: 0 | V67: 0 | W67: =SUM(E67:V67) -> 149
C68: 5. SETYA RAHAYU | E68: 6 | F68: 21 | G68: 4 | H68: 4 | I68: 0 | J68: 0 | K68: 0 | L68: 3 | M68: 1 | N68: 1 | O68: 0 | P68: 1 | Q68: 0 | R68: 0 | S68: 0 | T68: 7 | U68: 1 | V68: 0 | W68: =SUM(E68:V68) -> 49
C69: 6. M. HAFI WIJAYA | E69: 0 | F69: 0 | G69: 2 | H69: 2 | I69: 3 | J69: 8 | K69: 5 | L69: 13 | M69: 10 | N69: 7 | O69: 1 | P69: 0 | Q69: 0 | R69: 1 | S69: 0 | T69: 4 | U69: 6 | V69: 2 | W69: =SUM(E69:V69) -> 64
A70: B | B70: JUMLAH SUARA SAH PARTAI POLITIK DAN CALON (A1 + A2) | E70: =SUM(E63:E69) -> 25 | F70: =SUM(F63:F69) -> 75 | G70: =SUM(G63:G69) -> 29 | H70: =SUM(H63:H69) -> 25 | I70: =SUM(I63:I69) -> 14 | J70: =SUM(J63:J69) -> 14 | K70: =SUM(K63:K69) -> 21 | L70: =SUM(L63:L69) -> 35 | ... V70: =SUM(V63:V69) -> 3 | W70: =SUM(E70:V70) -> 509
A72: A.1 | B72: 4. | C72: Partai Golongan Karya | E72: 4 | F72: 3 | G72: 2 | H72: 0 | I72: 1 | J72: 0 | K72: 4 | L72: 1 | M72: 2 | N72: 1 | O72: 4 | P72: 6 | Q72: 4 | R72: 1 | S72: 2 | T72: 7 | U72: 1 | V72: 0 | W72: =SUM(E72:V72) -> 43
A73: A.2 | C73: 1. SRI YULIANI | E73: 13 | F73: 3 | G73: 8 | H73: 5 | I73: 1 | J73: 3 | K73: 4 | L73: 5 | M73: 3 | N73: 10 | O73: 25 | P73: 17 | Q73: 18 | R73: 5 | S73: 14 | T73: 2 | U73: 5 | V73: 0 | W73: =SUM(E73:V73) -> 141
C74: 2. ACHMAD SUMARNO, S.E. | E74: 1 | F74: 0 | G74: 0 | H74: 0 | I74: 0 | J74: 0 | K74: 0 | L74: 0 | M74: 0 | N74: 0 | O74: 0 | P74: 0 | Q74: 0 | R74: 0 | S74: 0 | T74: 1 | U74: 0 | V74: 0 | W74: =SUM(E74:V74) -> 2
C75: 3. MUHAMMAD SAHLAN, S.Sos., M.A. | E75: 1 | F75: 2 | G75: 4 | H75: 1 | I75: 0 | J75: 0 | K75: 2 | L75: 2 | M75: 0 | N75: 0 | O75: 6 | P75: 3 | Q75: 0 | R75: 0 | S75: 2 | T75: 40 | U75: 17 | V75: 1 | W75: =SUM(E75:V75) -> 81
C76: 4. MAYA YUSEFA, S.Pd. | E76: 1 | F76: 0 | G76: 0 | H76: 0 | I76: 0 | J76: 0 | K76: 0 | L76: 0 | M76: 0 | N76: 0 | O76: 1 | P76: 0 | Q76: 1 | R76: 1 | S76: 0 | T76: 2 | U76: 0 | V76: 0 | W76: =SUM(E76:V76) -> 6
C77: 5. SUPARMAN | E77: 0 | F77: 0 | G77: 7 | H77: 0 | I77: 0 | J77: 0 | K77: 0 | L77: 0 | M77: 0 | N77: 0 | O77: 1 | P77: 0 | Q77: 0 | R77: 0 | S77: 0 | T77: 1 | U77: 0 | V77: 0 | W77: =SUM(E77:V77) -> 9
C78: 6. NURHIDAYAT | E78: 0 | F78: 0 | G78: 0 | H78: 0 | I78: 0 | J78: 0 | K78: 0 | L78: 0 | M78: 0 | N78: 0 | O78: 0 | P78: 0 | Q78: 0 | R78: 0 | S78: 0 | T78: 0 | U78: 0 | V78: 0 | W78: =SUM(E78:V78) -> 0
A79: B | B79: JUMLAH SUARA SAH PARTAI POLITIK DAN CALON (A1 + A2) | E79: =SUM(E72:E78) -> 20 | F79: =SUM(F72:F78) -> 8 | G79: =SUM(G72:G78) -> 21 | H79: =SUM(H72:H78) -> 6 | I79: =SUM(I72:I78) -> 2 | J79: =SUM(J72:J78) -> 3 | K79: =SUM(K72:K78) -> 10 | L79: =SUM(L72:L78) -> 8 | ... V79: =SUM(V72:V78) -> 1 | W79: =SUM(E79:V79) -> 282
A81: A.1 | B81: 5. | C81: Partai NasDem | E81: 0 | F81: 4 | G81: 0 | H81: 0 | I81: 2 | J81: 1 | K81: 2 | L81: 9 | M81: 6 | N81: 7 | O81: 1 | P81: 1 | Q81: 0 | R81: 0 | S81: 1 | T81: 2 | U81: 0 | V81: 0 | W81: =SUM(E81:V81) -> 36
A82: A.2 | C82: 1. RATIH NUR HAYATI, S.T. | E82: 0 | F82: 1 | G82: 1 | H82: 1 | I82: 72 | J82: 24 | K82: 42 | L82: 50 | M82: 68 | N82: 78 | O82: 0 | P82: 0 | Q82: 0 | R82: 0 | S82: 1 | T82: 0 | U82: 0 | V82: 0 | W82: =SUM(E82:V82) -> 338
C83: 2. ISTILAH MUSTOFA, S.H. | E83: 2 | F83: 0 | G83: 0 | H83: 0 | I83: 0 | J83: 0 | K83: 1 | L83: 0 | M83: 1 | N83: 0 | O83: 0 | P83: 0 | Q83: 0 | R83: 0 | S83: 0 | T83: 1 | U83: 0 | V83: 0 | W83: =SUM(E83:V83) -> 5
C84: 3. ACHMAD RIDHO HADISISWOYO, S.Tr.P. | E84: 0 | F84: 0 | G84: 0 | H84: 0 | I84: 0 | J84: 0 | K84: 1 | L84: 0 | M84: 0 | N84: 0 | O84: 0 | P84: 0 | Q84: 0 | R84: 0 | S84: 0 | T84: 0 | U84: 0 | V84: 0 | W84: =SUM(E84:V84) -> 1
C85: 4. AKHMAD ROSIDI | E85: 0 | F85: 0 | G85: 0 | H85: 0 | I85: 0 | J85: 0 | K85: 0 | L85: 0 | M85: 0 | N85: 0 | O85: 0 | P85: 0 | Q85: 1 | R85: 0 | S85: 0 | T85: 0 | U85: 0 | V85: 0 | W85: =SUM(E85:V85) -> 1
C86: 5. MUHAMAD VAHID FAIQ | E86: 0 | F86: 0 | G86: 1 | H86: 4 | I86: 0 | J86: 0 | K86: 0 | L86: 0 | M86: 0 | N86: 0 | O86: 0 | P86: 0 | Q86: 0 | R86: 1 | S86: 0 | T86: 5 | U86: 0 | V86: 0 | W86: =SUM(E86:V86) -> 11
C87: 6. TITIS MEILIKA WIYONO | E87: 0 | F87: 0 | G87: 0 | H87: 0 | I87: 0 | J87: 0 | K87: 0 | L87: 0 | M87: 0 | N87: 0 | O87: 0 | P87: 0 | Q87: 0 | R87: 0 | S87: 0 | T87: 0 | U87: 0 | V87: 0 | W87: =SUM(E87:V87) -> 0
A88: B | B88: JUMLAH SUARA SAH PARTAI POLITIK DAN CALON (A1 + A2) | E88: =SUM(E81:E87) -> 2 | F88: =SUM(F81:F87) -> 5 | G88: =SUM(G81:G87) -> 2 | H88: =SUM(H81:H87) -> 5 | I88: =SUM(I81:I87) -> 74 | J88: =SUM(J81:J87) -> 25 | K88: =SUM(K81:K87) -> 46 | L88: =SUM(L81:L87) -> 59 | ... V88: =SUM(V81:V87) -> 0 | W88: =SUM(E88:V88) -> 392
A90: A.1 | B90: 6. | C90: Partai Buruh | E90: 1 | F90: 0 | G90: 0 | H90: 0 | I90: 0 | J90: 0 | K90: 0 | L90: 0 | M90: 0 | N90: 1 | O90: 0 | P90: 0 | Q90: 0 | R90: 0 | S90: 0 | T90: 1 | U90: 0 | V90: 0 | W90: =SUM(E90:V90) -> 3
A91: A.2 | W91: =SUM(E91:V91) -> 0
A92: B | B92: JUMLAH SUARA SAH PARTAI POLITIK DAN CALON (A1 + A2) | E92: =SUM(E90:E91) -> 1 | F92: =SUM(F90:F91) -> 0 | G92: =SUM(G90:G91) -> 0 | H92: =SUM(H90:H91) -> 0 | I92: =SUM(I90:I91) -> 0 | J92: =SUM(J90:J91) -> 0 | K92: =SUM(K90:K91) -> 0 | L92: =SUM(L90:L91) -> 0 | ... V92: =SUM(V90:V91) -> 0 | W92: =SUM(E92:V92) -> 3
A94: A.1 | B94: 7. | C94: Partai Gelombang Rakyat Indonesia | E94: 0 | F94: 0 | G94: 0 | H94: 2 | I94: 0 | J94: 0 | K94: 1 | L94: 0 | M94: 2 | N94: 0 | O94: 0 | P94: 0 | Q94: 0 | R94: 0 | S94: 0 | T94: 1 | U94: 0 | V94: 0 | W94: =SUM(E94:V94) -> 6
A95: A.2 | C95: 1. RIFKI ALFAN SANI | E95: 0 | F95: 1 | G95: 0 | H95: 0 | I95: 0 | J95: 0 | K95: 0 | L95: 0 | M95: 0 | N95: 1 | O95: 0 | P95: 0 | Q95: 0 | R95: 1 | S95: 0 | T95: 0 | U95: 0 | V95: 0 | W95: =SUM(E95:V95) -> 3
C96: 2. RAPI'I | E96: 0 | F96: 0 | G96: 0 | H96: 0 | I96: 0 | J96: 0 | K96: 0 | L96: 0 | M96: 0 | N96: 0 | O96: 0 | P96: 0 | Q96: 0 | R96: 0 | S96: 0 | T96: 0 | U96: 1 | V96: 0 | W96: =SUM(E96:V96) -> 1
C97: 3. NUR IKA SETIAWATI | E97: 0 | F97: 0 | G97: 0 | H97: 0 | I97: 0 | J97: 0 | K97: 0 | L97: 0 | M97: 0 | N97: 0 | O97: 0 | P97: 0 | Q97: 0 | R97: 0 | S97: 0 | T97: 0 | U97: 0 | V97: 0 | W97: =SUM(E97:V97) -> 0
A98: B | B98: JUMLAH SUARA SAH PARTAI POLITIK DAN CALON (A1 + A2) | E98: =SUM(E94:E97) -> 0 | F98: =SUM(F94:F97) -> 1 | G98: =SUM(G94:G97) -> 0 | H98: =SUM(H94:H97) -> 2 | I98: =SUM(I94:I97) -> 0 | J98: =SUM(J94:J97) -> 0 | K98: =SUM(K94:K97) -> 1 | L98: =SUM(L94:L97) -> 0 | ... V98: =SUM(V94:V97) -> 0 | W98: =SUM(E98:V98) -> 10
A100: A.1 | B100: 8. | C100: Partai Keadilan Sejahtera | E100: 1 | F100: 1 | G100: 0 | H100: 6 | I100: 2 | J100: 1 | K100: 1 | L100: 0 | M100: 1 | N100: 2 | O100: 2 | P100: 1 | Q100: 0 | R100: 1 | S100: 0 | T100: 10 | U100: 6 | V100: 0 | W100: =SUM(E100:V100) -> 35
A101: A.2 | C101: 1. VITA RIMA YANTI, S.KM. | E101: 13 | F101: 4 | G101: 11 | H101: 24 | I101: 16 | J101: 27 | K101: 7 | L101: 2 | M101: 14 | N101: 10 | O101: 26 | P101: 27 | Q101: 27 | R101: 7 | S101: 3 | T101: 50 | U101: 52 | V101: 1 | W101: =SUM(E101:V101) -> 321
C102: 2. EKO WAHYU HIDAYAT, A.Md. | E102: 0 | F102: 0 | G102: 0 | H102: 1 | I102: 0 | J102: 0 | K102: 0 | L102: 0 | M102: 0 | N102: 0 | O102: 1 | P102: 0 | Q102: 0 | R102: 0 | S102: 0 | T102: 1 | U102: 0 | V102: 0 | W102: =SUM(E102:V102) -> 3
C103: 3. EDY PURNOMO | E103: 0 | F103: 0 | G103: 0 | H103: 0 | I103: 0 | J103: 0 | K103: 0 | L103: 0 | M103: 0 | N103: 0 | O103: 1 | P103: 0 | Q103: 0 | R103: 0 | S103: 0 | T103: 1 | U103: 0 | V103: 0 | W103: =SUM(E103:V103) -> 2
C104: 4. SUNTARIAS PUTRI DAMAYANTI, A.Ma. | E104: 0 | F104: 0 | G104: 0 | H104: 0 | I104: 0 | J104: 0 | K104: 0 | L104: 0 | M104: 0 | N104: 0 | O104: 0 | P104: 0 | Q104: 0 | R104: 0 | S104: 0 | T104: 0 | U104: 0 | V104: 0 | W104: =SUM(E104:V104) -> 0
C105: 5. MUHAMMAD AFIF | E105: 0 | F105: 0 | G105: 0 | H105: 0 | I105: 0 | J105: 0 | K105: 0 | L105: 0 | M105: 0 | N105: 0 | O105: 0 | P105: 0 | Q105: 0 | R105: 0 | S105: 0 | T105: 0 | U105: 0 | V105: 0 | W105: =SUM(E105:V105) -> 0
C106: 6. SHOHIB QOMAD DILLAH, S.T.P. | E106: 0 | F106: 0 | G106: 0 | H106: 0 | I106: 0 | J106: 0 | K106: 0 | L106: 0 | M106: 0 | N106: 0 | O106: 0 | P106: 0 | Q106: 0 | R106: 0 | S106: 0 | T106: 0 | U106: 0 | V106: 0 | W106: =SUM(E106:V106) -> 0
A107: B | B107: JUMLAH SUARA SAH PARTAI POLITIK DAN CALON (A1 + A2) | E107: =SUM(E100:E106) -> 14 | F107: =SUM(F100:F106) -> 5 | G107: =SUM(G100:G106) -> 11 | H107: =SUM(H100:H106) -> 31 | I107: =SUM(I100:I106) -> 18 | J107: =SUM(J100:J106) -> 28 | K107: =SUM(K100:K106) -> 8 | L107: =SUM(L100:L106) -> 2 | ... V107: =SUM(V100:V106) -> 1 | W107: =SUM(E107:V107) -> 361
A109: A.1 | B109: 9. | C109: Partai Kebangkitan Nusantara | E109: 0 | F109: 0 | G109: 0 | H109: 0 | I109: 0 | J109: 0 | K109: 0 | L109: 0 | M109: 0 | N109: 0 | O109: 0 | P109: 0 | Q109: 1 | R109: 0 | S109: 0 | T109: 0 | U109: 1 | V109: 0 | W109: =SUM(E109:V109) -> 2
A110: A.2 | C110: 1. AGUS TARMIDI | W110: =SUM(E110:V110) -> 0
A111: B | B111: JUMLAH SUARA SAH PARTAI POLITIK DAN CALON (A1 + A2) | E111: =SUM(E109:E110) -> 0 | F111: =SUM(F109:F110) -> 0 | G111: =SUM(G109:G110) -> 0 | H111: =SUM(H109:H110) -> 0 | I111: =SUM(I109:I110) -> 0 | J111: =SUM(J109:J110) -> 0 | K111: =SUM(K109:K110) -> 0 | L111: =SUM(L109:L110) -> 0 | ... V111: =SUM(V109:V110) -> 0 | W111: =SUM(E111:V111) -> 2
A113: A.1 | B113: 10. | C113: Partai Hati Nurani Rakyat | E113: 0 | F113: 0 | G113: 0 | H113: 0 | I113: 0 | J113: 0 | K113: 0 | L113: 0 | M113: 0 | N113: 0 | O113: 0 | P113: 0 | Q113: 1 | R113: 0 | S113: 0 | T113: 1 | U113: 0 | V113: 0 | W113: =SUM(E113:V113) -> 2
A114: A.2 | C114: 1. MOHAMAD ROSUL | E114: 0 | F114: 0 | G114: 0 | H114: 0 | I114: 0 | J114: 0 | K114: 0 | L114: 0 | M114: 0 | N114: 0 | O114: 0 | P114: 0 | Q114: 0 | R114: 1 | S114: 0 | T114: 0 | U114: 0 | V114: 0 | W114: =SUM(E114:V114) -> 1
C115: 2. H. AHMAD NUR ALCHAFFAF | E115: 0 | F115: 0 | G115: 0 | H115: 0 | I115: 0 | J115: 0 | K115: 0 | L115: 0 | M115: 0 | N115: 0 | O115: 0 | P115: 0 | Q115: 0 | R115: 0 | S115: 0 | T115: 0 | U115: 1 | V115: 0 | W115: =SUM(E115:V115) -> 1
C116: 3. ISTIQUMILAILLI | E116: 0 | F116: 0 | G116: 1 | H116: 0 | I116: 0 | J116: 0 | K116: 0 | L116: 0 | M116: 0 | N116: 0 | O116: 1 | P116: 0 | Q116: 0 | R116: 0 | S116: 0 | T116: 0 | U116: 0 | V116: 0 | W116: =SUM(E116:V116) -> 2
C117: 4. JOKO NUGROHO | E117: 0 | F117: 0 | G117: 0 | H117: 0 | I117: 0 | J117: 0 | K117: 0 | L117: 0 | M117: 0 | N117: 0 | O117: 0 | P117: 0 | Q117: 0 | R117: 0 | S117: 0 | T117: 0 | U117: 0 | V117: 0 | W117: =SUM(E117:V117) -> 0
C118: 5. MEGA PRAMESWARI | E118: 0 | F118: 0 | G118: 0 | H118: 0 | I118: 0 | J118: 0 | K118: 0 | L118: 0 | M118: 0 | N118: 0 | O118: 0 | P118: 0 | Q118: 0 | R118: 0 | S118: 0 | T118: 0 | U118: 0 | V118: 0 | W118: =SUM(E118:V118) -> 0
C119: 6. BUDI HARTONO | E119: 0 | F119: 0 | G119: 0 | H119: 0 | I119: 0 | J119: 0 | K119: 0 | L119: 0 | M119: 0 | N119: 0 | O119: 0 | P119: 1 | Q119: 0 | R119: 0 | S119: 0 | T119: 0 | U119: 0 | V119: 0 | W119: =SUM(E119:V119) -> 1
A120: B | B120: JUMLAH SUARA SAH PARTAI POLITIK DAN CALON (A1 + A2) | E120: =SUM(E113:E119) -> 0 | F120: =SUM(F113:F119) -> 0 | G120: =SUM(G113:G119) -> 1 | H120: =SUM(H113:H119) -> 0 | I120: =SUM(I113:I119) -> 0 | J120: =SUM(J113:J119) -> 0 | K120: =SUM(K113:K119) -> 0 | L120: =SUM(L113:L119) -> 0 | ... V120: =SUM(V113:V119) -> 0 | W120: =SUM(E120:V120) -> 7
...

Sheet BAYU
C2: Kecamatan
C3: Kabupaten | D3: BANYUWANGI
C4: Provinsi | D4: JAWA TIMUR
C9: Kelurahan
A12: I | B12: DATA PEMILIH DAN PENGGUNAAN HAK PILIH | AB12: JUMLAH AKHIR
A13: A | B13: DATA PEMILIH | E13: TPS 001 | F13: TPS 002 | G13: TPS 003 | H13: TPS 004 | I13: TPS 005 | J13: TPS 006 | K13: TPS 007 | L13: TPS 008 | M13: TPS 009 | N13: TPS 010 | O13: TPS 011 | P13: TPS 012 | Q13: TPS 013 | R13: TPS 014 | S13: TPS 015 | T13: TPS 016 | U13: TPS 017 | V13: TPS 018 | W13: TPS 019 | X13: TPS 020 | Y13: TPS 021 | Z13: TPS 022 | AA13: TPS 023
B14: Jumlah Pemilih dalam Daftar Pemilih Tetap (DPT) | D14: LK | E14: 109 | F14: 118 | G14: 129 | H14: 125 | I14: 117 | J14: 132 | K14: 139 | L14: 132 | M14: 137 | N14: 140 | O14: 139 | P14: 128 | Q14: 127 | R14: 131 | S14: 83 | T14: 133 | U14: 139 | V14: 149 | W14: 140 | X14: 152 | Y14: 150 | Z14: 150 | AA14: 147 | AB14: =SUM(E14:AA14) -> 3046
D15: PR | E15: 118 | F15: 140 | G15: 133 | H15: 136 | I15: 140 | J15: 123 | K15: 131 | L15: 146 | M15: 141 | N15: 148 | O15: 135 | P15: 134 | Q15: 123 | R15: 117 | S15: 94 | T15: 151 | U15: 147 | V15: 139 | W15: 151 | X15: 144 | Y15: 144 | Z15: 148 | AA15: 146 | AB15: =SUM(E15:AA15) -> 3129
D16: JML | E16: =SUM(E14:E15) -> 227 | F16: =SUM(F14:F15) -> 258 | G16: =SUM(G14:G15) -> 262 | H16: =SUM(H14:H15) -> 261 | I16: =SUM(I14:I15) -> 257 | J16: =SUM(J14:J15) -> 255 | K16: =SUM(K14:K15) -> 270 | L16: =SUM(L14:L15) -> 278 | ... AA16: =SUM(AA14:AA15) -> 293 | AB16: =SUM(E16:AA16) -> 6175
A18: B | B18: PENGGUNA HAK PILIH
B19: 1. | C19: Jumlah pengguna hak pilih dalam Daftar Pemilih Tetap (DPT) | D19: LK | E19: 95 | F19: 107 | G19: 92 | H19: 103 | I19: 96 | J19: 93 | K19: 100 | L19: 98 | M19: 94 | N19: 108 | O19: 97 | P19: 74 | Q19: 92 | R19: 100 | S19: 66 | T19: 83 | U19: 94 | V19: 103 | W19: 103 | X19: 122 | Y19: 117 | Z19: 121 | AA19: 108 | AB19: =SUM(E19:AA19) -> 2266
D20: PR | E20: 96 | F20: 87 | G20: 105 | H20: 107 | I20: 119 | J20: 106 | K20: 105 | L20: 117 | M20: 107 | N20: 120 | O20: 101 | P20: 88 | Q20: 93 | R20: 100 | S20: 81 | T20: 117 | U20: 116 | V20: 115 | W20: 120 | X20: 106 | Y20: 119 | Z20: 106 | AA20: 109 | AB20: =SUM(E20:AA20) -> 2440
D21: JML | E21: =SUM(E19:E20) -> 191 | F21: =SUM(F19:F20) -> 194 | G21: =SUM(G19:G20) -> 197 | H21: =SUM(H19:H20) -> 210 | I21: =SUM(I19:I20) -> 215 | J21: =SUM(J19:J20) -> 199 | K21: =SUM(K19:K20) -> 205 | L21: =SUM(L19:L20) -> 215 | ... AA21: =SUM(AA19:AA20) -> 217 | AB21: =SUM(E21:AA21) -> 4706
B22: 2. | C22: Jumlah pengguna hak pilih dalam Daftar Pemilih Tambahan (DPTb) | D22: LK | E22: 0 | F22: 0 | G22: 0 | H22: 0 | I22: 0 | J22: 0 | K22: 0 | L22: 0 | M22: 0 | N22: 0 | O22: 1 | P22: 0 | Q22: 0 | R22: 0 | S22: 0 | T22: 0 | U22: 0 | V22: 0 | W22: 0 | X22: 0 | Y22: 0 | Z22: 0 | AA22: 0 | AB22: =SUM(E22:AA22) -> 1
D23: PR | E23: 0 | F23: 0 | G23: 0 | H23: 0 | I23: 0 | J23: 0 | K23: 0 | L23: 0 | M23: 0 | N23: 0 | O23: 0 | P23: 0 | Q23: 0 | R23: 0 | S23: 0 | T23: 0 | U23: 0 | V23: 0 | W23: 0 | X23: 0 | Y23: 0 | Z23: 0 | AA23: 0 | AB23: =SUM(E23:AA23) -> 0
D24: JML | E24: =SUM(E22:E23) -> 0 | F24: =SUM(F22:F23) -> 0 | G24: =SUM(G22:G23) -> 0 | H24: =SUM(H22:H23) -> 0 | I24: =SUM(I22:I23) -> 0 | J24: =SUM(J22:J23) -> 0 | K24: =SUM(K22:K23) -> 0 | L24: =SUM(L22:L23) -> 0 | ... AA24: =SUM(AA22:AA23) -> 0 | AB24: =SUM(E24:AA24) -> 1
B25: 3. | C25: Jumlah pengguna hak pilih dalam Daftar Pemilih Khusus (DPK) | D25: LK | E25: 0 | F25: 0 | G25: 1 | H25: 3 | I25: 0 | J25: 0 | K25: 0 | L25: 0 | M25: 0 | N25: 0 | O25: 0 | P25: 0 | Q25: 0 | R25: 0 | S25: 1 | T25: 2 | U25: 1 | V25: 1 | W25: 0 | X25: 0 | Y25: 2 | Z25: 1 | AA25: 0 | AB25: =SUM(E25:AA25) -> 12
D26: PR | E26: 0 | F26: 0 | G26: 0 | H26: 1 | I26: 0 | J26: 0 | K26: 0 | L26: 1 | M26: 1 | N26: 1 | O26: 0 | P26: 0 | Q26: 0 | R26: 0 | S26: 1 | T26: 1 | U26: 0 | V26: 1 | W26: 1 | X26: 0 | Y26: 0 | Z26: 1 | AA26: 0 | AB26: =SUM(E26:AA26) -> 9
D27: JML | E27: =SUM(E25:E26) -> 0 | F27: =SUM(F25:F26) -> 0 | G27: =SUM(G25:G26) -> 1 | H27: =SUM(H25:H26) -> 4 | I27: =SUM(I25:I26) -> 0 | J27: =SUM(J25:J26) -> 0 | K27: =SUM(K25:K26) -> 0 | L27: =SUM(L25:L26) -> 1 | ... AA27: =SUM(AA25:AA26) -> 0 | AB27: =SUM(E27:AA27) -> 21
B28: 4. | C28: Jumlah Pengguna Hak Pilih (B.1+B.2+B.3) | D28: LK | E28: =SUM(E19,E22,E25) -> 95 | F28: =SUM(F19,F22,F25) -> 107 | G28: =SUM(G19,G22,G25) -> 93 | H28: =SUM(H19,H22,H25) -> 106 | I28: =SUM(I19,I22,I25) -> 96 | J28: =SUM(J19,J22,J25) -> 93 | K28: =SUM(K19,K22,K25) -> 100 | L28: =SUM(L19,L22,L25) -> 98 | ... AA28: =SUM(AA19,AA22,AA25) -> 108 | AB28: =SUM(E28:AA28) -> 2279
D29: PR | E29: =SUM(E20,E23,E26) -> 96 | F29: =SUM(F20,F23,F26) -> 87 | G29: =SUM(G20,G23,G26) -> 105 | H29: =SUM(H20,H23,H26) -> 108 | I29: =SUM(I20,I23,I26) -> 119 | J29: =SUM(J20,J23,J26) -> 106 | K29: =SUM(K20,K23,K26) -> 105 | L29: =SUM(L20,L23,L26) -> 118 | ... AA29: =SUM(AA20,AA23,AA26) -> 109 | AB29: =SUM(E29:AA29) -> 2449
D30: JML | E30: =SUM(E28:E29) -> 191 | F30: =SUM(F28:F29) -> 194 | G30: =SUM(G28:G29) -> 198 | H30: =SUM(H28:H29) -> 214 | I30: =SUM(I28:I29) -> 215 | J30: =SUM(J28:J29) -> 199 | K30: =SUM(K28:K29) -> 205 | L30: =SUM(L28:L29) -> 216 | ... AA30: =SUM(AA28:AA29) -> 217 | AB30: =SUM(E30:AA30) -> 4728
A32: II | B32: DATA PENGGUNAAN SURAT SUARA
A33: 1 | B33: Jumlah surat suara yang diterima, termasuk surat suara cadangan 2,5% dari DPT | E33: 202 | F33: 264 | G33: 268 | H33: 267 | I33: 263 | J33: 261 | K33: 276 | L33: 284 | M33: 283 | N33: 281 | O33: 280 | P33: 267 | Q33: 255 | R33: 253 | S33: 181 | T33: 290 | U33: 292 | V33: 294 | W33: 297 | X33: 312 | Y33: 300 | Z33: 304 | AA33: 298 | AB33: =SUM(E33:AA33) -> 6272
A34: 2 | B34: Jumlah surat suara yang digunakan | E34: 191 | F34: 194 | G34: 198 | H34: 214 | I34: 215 | J34: 199 | K34: 205 | L34: 216 | M34: 202 | N34: 229 | O34: 199 | P34: 162 | Q34: 185 | R34: 200 | S34: 149 | T34: 203 | U34: 211 | V34: 220 | W34: 224 | X34: 228 | Y34: 238 | Z34: 229 | AA34: 217 | AB34: =SUM(E34:AA34) -> 4728
A35: 3 | B35: Jumlah surat suara dikembalikan oleh pemilih (karena rusak atau keliru coblos) | E35: 0 | F35: 0 | G35: 0 | H35: 0 | I35: 0 | J35: 1 | K35: 0 | L35: 0 | M35: 0 | N35: 0 | O35: 0 | P35: 0 | Q35: 0 | R35: 0 | S35: 0 | T35: 1 | U35: 0 | V35: 0 | W35: 0 | X35: 0 | Y35: 0 | Z35: 0 | AA35: 0 | AB35: =SUM(E35:AA35) -> 2
A36: 4 | B36: Jumlah surat suara yang tidak digunakan/tidak terpakai, termasuk sisa surat suara cadangan | E36: =E33-(E34+E35) -> 11 | F36: =F33-(F34+F35) -> 70 | G36: =G33-(G34+G35) -> 70 | H36: =H33-(H34+H35) -> 53 | I36: =I33-(I34+I35) -> 48 | J36: =J33-(J34+J35) -> 61 | K36: =K33-(K34+K35) -> 71 | L36: =L33-(L34+L35) -> 68 | ... AA36: =AA33-(AA34+AA35) -> 81 | AB36: =SUM(E36:AA36) -> 1542
A38: III | B38: DATA PEMILIH DISABILITAS
B39: Jumlah seluruh Pemilih disabilitas yang menggunakan hak pilih | D39: LK | E39: 0 | F39: 0 | G39: 1 | H39: 0 | I39: 0 | J39: 0 | K39: 0 | L39: 0 | M39: 0 | N39: 0 | O39: 0 | P39: 0 | Q39: 0 | R39: 0 | S39: 0 | T39: 0 | U39: 0 | V39: 0 | W39: 0 | X39: 0 | Y39: 0 | Z39: 0 | AA39: 0 | AB39: =SUM(E39:AA39) -> 1
D40: PR | E40: 0 | F40: 0 | G40: 0 | H40: 0 | I40: 0 | J40: 0 | K40: 0 | L40: 0 | M40: 0 | N40: 0 | O40: 0 | P40: 0 | Q40: 0 | R40: 0 | S40: 0 | T40: 0 | U40: 0 | V40: 0 | W40: 0 | X40: 0 | Y40: 0 | Z40: 0 | AA40: 1 | AB40: =SUM(E40:AA40) -> 1
D41: JML | E41: =SUM(E39:E40) -> 0 | F41: =SUM(F39:F40) -> 0 | G41: =SUM(G39:G40) -> 1 | H41: =SUM(H39:H40) -> 0 | I41: =SUM(I39:I40) -> 0 | J41: =SUM(J39:J40) -> 0 | K41: =SUM(K39:K40) -> 0 | L41: =SUM(L39:L40) -> 0 | ... AA41: =SUM(AA39:AA40) -> 1 | AB41: =SUM(E41:AA41) -> 2
A43: IV | B43: DATA RINCIAN PEROLEHAN SUARA PASANGAN CALON BUPATI DAN WAKIL BUPATI
A44: NOMOR DAN NAMA CALON
A45: A.1 | B45: 1. | C45: Partai Kebangkitan Bangsa | E45: 2 | F45: 10 | G45: 10 | H45: 8 | I45: 12 | J45: 9 | K45: 4 | L45: 19 | M45: 9 | N45: 3 | O45: 3 | P45: 5 | Q45: 17 | R45: 5 | S45: 2 | T45: 15 | U45: 19 | V45: 19 | W45: 8 | X45: 6 | Y45: 8 | Z45: 9 | AA45: 5 | AB45: =SUM(E45:AA45) -> 207
A46: A.2 | C46: 1. H. MUHAMMAD ALI MAHRUS, S.H.I., M.H | E46: 12 | F46: 70 | G46: 8 | H46: 29 | I46: 23 | J46: 10 | K46: 7 | L46: 36 | M46: 42 | N46: 4 | O46: 2 | P46: 12 | Q46: 26 | R46: 24 | S46: 8 | T46: 26 | U46: 37 | V46: 33 | W46: 20 | X46: 26 | Y46: 8 | Z46: 14 | AA46: 20 | AB46: =SUM(E46:AA46) -> 497
C47: 2. TUPANG SOEDARGO | E47: 2 | F47: 4 | G47: 0 | H47: 15 | I47: 22 | J47: 9 | K47: 6 | L47: 4 | M47: 2 | N47: 3 | O47: 20 | P47: 12 | Q47: 38 | R47: 17 | S47: 24 | T47: 13 | U47: 8 | V47: 9 | W47: 2 | X47: 4 | Y47: 1 | Z47: 0 | AA47: 8 | AB47: =SUM(E47:AA47) -> 223
C48: 3. Hj. KHOLIFATUL HASANAH | E48: 1 | H48: 2 | I48: 1 | J48: 1 | K48: 0 | L48: 0 | M48: 0 | N48: 2 | O48: 0 | P48: 0 | Q48: 2 | R48: 1 | U48: 2 | V48: 0 | W48: 1 | X48: 0 | Y48: 0 | Z48: 0 | AA48: 1 | AB48: =SUM(E48:AA48) -> 14
C49: 4. FUAD HUMAIDI, S.H.I. | E49: 0 | G49: 1 | H49: 0 | I49: 1 | J49: 0 | L49: 1 | M49: 0 | N49: 5 | O49: 0 | P49: 0 | U49: 0 | V49: 0 | W49: 1 | X49: 1 | Y49: 1 | Z49: 0 | AA49: 1 | AB49: =SUM(E49:AA49) -> 12
C50: 5. ENI WIJI LESTARI | H50: 0 | I50: 0 | J50: 0 | L50: 0 | M50: 0 | N50: 0 | O50: 0 | P50: 0 | V50: 0 | W50: 0 | X50: 0 | Y50: 0 | Z50: 0 | AA50: 0 | AB50: =SUM(E50:AA50) -> 0
C51: 6. SONNY AGUS SETIAWAN | G51: 1 | H51: 0 | I51: 0 | J51: 0 | L51: 0 | M51: 0 | N51: 0 | O51: 0 | P51: 0 | U51: 1 | V51: 0 | W51: 1 | X51: 0 | Y51: 1 | Z51: 3 | AA51: 0 | AB51: =SUM(E51:AA51) -> 7
A52: B | B52: JUMLAH SUARA SAH PARTAI POLITIK DAN CALON (A1 + A2) | E52: =SUM(E45:E51) -> 17 | F52: =SUM(F45:F51) -> 84 | G52: =SUM(G45:G51) -> 20 | H52: =SUM(H45:H51) -> 54 | I52: =SUM(I45:I51) -> 59 | J52: =SUM(J45:J51) -> 29 | K52: =SUM(K45:K51) -> 17 | L52: =SUM(L45:L51) -> 60 | ... AA52: =SUM(AA45:AA51) -> 35 | AB52: =SUM(E52:AA52) -> 960
A54: A.1 | B54: 2. | C54: Partai Gerakan Indonesia Raya | E54: 18 | F54: 9 | G54: 5 | H54: 14 | I54: 12 | J54: 11 | K54: 3 | L54: 12 | M54: 7 | N54: 4 | O54: 11 | P54: 5 | Q54: 7 | R54: 5 | S54: 23 | T54: 7 | U54: 9 | V54: 4 | W54: 9 | X54: 13 | Y54: 17 | Z54: 15 | AA54: 12 | AB54: =SUM(E54:AA54) -> 232
A55: A.2 | C55: 1. SUWITO | E55: 30 | F55: 4 | G55: 10 | H55: 21 | I55: 17 | J55: 10 | K55: 10 | L55: 23 | M55: 25 | N55: 20 | O55: 8 | P55: 6 | Q55: 0 | R55: 6 | S55: 28 | T55: 11 | U55: 6 | V55: 14 | W55: 12 | X55: 23 | Y55: 1 | Z55: 37 | AA55: 26 | AB55: =SUM(E55:AA55) -> 348
C56: 2. LIMPAT PRAWIRO DIKDO | E56: 32 | F56: 15 | G56: 16 | H56: 15 | I56: 5 | J56: 3 | K56: 5 | L56: 33 | M56: 24 | N56: 36 | O56: 46 | P56: 18 | Q56: 5 | R56: 4 | S56: 3 | T56: 9 | U56: 1 | V56: 2 | W56: 1 | X56: 2 | Y56: 4 | Z56: 6 | AA56: 3 | AB56: =SUM(E56:AA56) -> 288
C57: 3. PUPUT DESI PRATAMA EKA PUTRI | E57: 1 | F57: 1 | G57: 0 | H57: 2 | I57: 1 | J57: 0 | K57: 1 | M57: 0 | N57: 0 | O57: 1 | P57: 0 | R57: 1 | S57: 1 | V57: 0 | W57: 2 | X57: 1 | Y57: 2 | Z57: 0 | AA57: 0 | AB57: =SUM(E57:AA57) -> 14
C58: 4. RUDI HANDOKO | E58: 0 | G58: 1 | H58: 10 | I58: 0 | J58: 0 | K58: 2 | M58: 0 | N58: 0 | O58: 0 | P58: 1 | R58: 4 | S58: 0 | U58: 4 | V58: 1 | W58: 0 | X58: 2 | Y58: 1 | Z58: 0 | AA58: 0 | AB58: =SUM(E58:AA58) -> 26
C59: 5. IWAN SETIAWAN | H59: 0 | I59: 0 | J59: 1 | M59: 0 | N59: 0 | O59: 1 | P59: 0 | S59: 1 | U59: 1 | V59: 1 | W59: 0 | X59: 1 | Y59: 0 | Z59: 0 | AA59: 0 | AB59: =SUM(E59:AA59) -> 6
C60: 6. JUWITA INDRASARI | E60: 1 | G60: 1 | H60: 0 | I60: 2 | J60: 0 | M60: 0 | N60: 0 | O60: 0 | P60: 0 | V60: 0 | W60: 0 | X60: 1 | Y60: 0 | Z60: 0 | AA60: 1 | AB60: =SUM(E60:AA60) -> 6
A61: B | B61: JUMLAH SUARA SAH PARTAI POLITIK DAN CALON (A1 + A2) | E61: =SUM(E54:E60) -> 82 | F61: =SUM(F54:F60) -> 29 | G61: =SUM(G54:G60) -> 33 | H61: =SUM(H54:H60) -> 62 | I61: =SUM(I54:I60) -> 37 | J61: =SUM(J54:J60) -> 25 | K61: =SUM(K54:K60) -> 21 | L61: =SUM(L54:L60) -> 68 | ... AA61: =SUM(AA54:AA60) -> 42 | AB61: =SUM(E61:AA61) -> 920
A63: A.1 | B63: 3. | C63: Partai Demokrasi Indonesia Perjuangan | E63: 2 | F63: 8 | G63: 9 | H63: 10 | I63: 11 | J63: 4 | K63: 16 | L63: 17 | M63: 4 | N63: 4 | O63: 4 | P63: 3 | Q63: 7 | R63: 2 | S63: 6 | T63: 17 | U63: 17 | V63: 11 | W63: 8 | X63: 10 | Y63: 13 | Z63: 8 | AA63: 5 | AB63: =SUM(E63:AA63) -> 196
A64: A.2 | C64: 1. AHMAD MASROHAN | E64: 12 | G64: 2 | H64: 1 | I64: 1 | J64: 2 | K64: 4 | L64: 4 | M64: 3 | N64: 6 | O64: 3 | P64: 0 | Q64: 1 | R64: 0 | S64: 7 | T64: 19 | U64: 22 | V64: 2 | W64: 2 | X64: 7 | Y64: 10 | Z64: 6 | AA64: 5 | AB64: =SUM(E64:AA64) -> 119
C65: 2. HARIYANTO | E65: 1 | F65: 1 | G65: 3 | H65: 0 | I65: 1 | J65: 0 | K65: 1 | L65: 1 | M65: 0 | N65: 0 | O65: 1 | P65: 0 | R65: 1 | S65: 1 | U65: 4 | V65: 0 | W65: 1 | X65: 1 | Y65: 3 | Z65: 1 | AA65: 2 | AB65: =SUM(E65:AA65) -> 23
C66: 3. INDAH MARHENI | E66: 2 | F66: 1 | G66: 0 | H66: 0 | I66: 1 | J66: 1 | K66: 2 | L66: 1 | M66: 2 | N66: 1 | O66: 0 | P66: 0 | R66: 1 | S66: 0 | U66: 2 | V66: 4 | W66: 7 | X66: 5 | Y66: 4 | Z66: 3 | AA66: 1 | AB66: =SUM(E66:AA66) -> 38
C67: 4. AGUS PRIYONO | E67: 1 | F67: 16 | G67: 73 | H67: 37 | I67: 33 | J67: 5 | K67: 29 | L67: 6 | M67: 5 | N67: 1 | O67: 5 | P67: 0 | Q67: 9 | R67: 6 | S67: 3 | T67: 14 | U67: 12 | V67: 8 | W67: 33 | X67: 33 | Y67: 27 | Z67: 18 | AA67: 23 | AB67: =SUM(E67:AA67) -> 397
C68: 5. SETYA RAHAYU | E68: 7 | F68: 3 | G68: 1 | H68: 2 | I68: 0 | J68: 2 | K68: 1 | L68: 5 | M68: 5 | N68: 10 | O68: 5 | P68: 1 | Q68: 3 | S68: 12 | T68: 2 | U68: 2 | V68: 15 | W68: 6 | X68: 5 | Y68: 5 | Z68: 6 | AA68: 1 | AB68: =SUM(E68:AA68) -> 99
C69: 6. M. HAFI WIJAYA | E69: 16 | F69: 6 | G69: 2 | H69: 3 | I69: 1 | J69: 6 | K69: 31 | L69: 1 | M69: 15 | N69: 84 | O69: 0 | P69: 0 | Q69: 1 | S69: 1 | T69: 0 | V69: 1 | W69: 0 | X69: 0 | Y69: 0 | Z69: 1 | AA69: 0 | AB69: =SUM(E69:AA69) -> 169
A70: B | B70: JUMLAH SUARA SAH PARTAI POLITIK DAN CALON (A1 + A2) | E70: =SUM(E63:E69) -> 41 | F70: =SUM(F63:F69) -> 35 | G70: =SUM(G63:G69) -> 90 | H70: =SUM(H63:H69) -> 53 | I70: =SUM(I63:I69) -> 48 | J70: =SUM(J63:J69) -> 20 | K70: =SUM(K63:K69) -> 84 | L70: =SUM(L63:L69) -> 35 | ... AA70: =SUM(AA63:AA69) -> 37 | AB70: =SUM(E70:AA70) -> 1041
A72: A.1 | B72: 4. | C72: Partai Golongan Karya | E72: 2 | F72: 1 | G72: 3 | H72: 0 | I72: 3 | J72: 3 | K72: 3 | L72: 1 | M72: 1 | N72: 0 | O72: 2 | P72: 1 | Q72: 4 | R72: 3 | S72: 0 | T72: 9 | U72: 4 | V72: 7 | W72: 2 | X72: 4 | Y72: 9 | Z72: 11 | AA72: 10 | AB72: =SUM(E72:AA72) -> 83
A73: A.2 | C73: 1. SRI YULIANI | E73: 2 | F73: 20 | G73: 15 | H73: 3 | I73: 6 | J73: 1 | K73: 1 | L73: 3 | M73: 1 | N73: 9 | O73: 1 | P73: 3 | Q73: 1 | R73: 34 | S73: 9 | T73: 13 | U73: 4 | V73: 40 | W73: 20 | X73: 29 | Y73: 7 | Z73: 27 | AA73: 48 | AB73: =SUM(E73:AA73) -> 297
C74: 2. ACHMAD SUMARNO, S.E. | G74: 1 | H74: 1 | I74: 0 | J74: 0 | M74: 0 | N74: 0 | O74: 0 | P74: 0 | R74: 0 | S74: 1 | T74: 2 | V74: 2 | W74: 1 | X74: 0 | Y74: 1 | Z74: 3 | AA74: 1 | AB74: =SUM(E74:AA74) -> 13
C75: 3. MUHAMMAD SAHLAN, S.Sos., M.A. | G75: 1 | H75: 1 | I75: 2 | J75: 1 | L75: 2 | M75: 1 | N75: 0 | O75: 0 | P75: 0 | U75: 1 | V75: 9 | W75: 3 | X75: 1 | Y75: 8 | Z75: 0 | AA75: 0 | AB75: =SUM(E75:AA75) -> 30
C76: 4. MAYA YUSEFA, S.Pd. | H76: 0 | I76: 0 | J76: 0 | M76: 0 | N76: 0 | O76: 0 | P76: 0 | V76: 0 | W76: 0 | X76: 5 | Y76: 2 | Z76: 1 | AA76: 0 | AB76: =SUM(E76:AA76) -> 8
C77: 5. SUPARMAN | H77: 0 | I77: 1 | J77: 2 | M77: 0 | N77: 0 | O77: 0 | P77: 8 | T77: 3 | V77: 0 | W77: 0 | X77: 0 | Y77: 0 | Z77: 0 | AA77: 0 | AB77: =SUM(E77:AA77) -> 14
C78: 6. NURHIDAYAT | H78: 0 | I78: 0 | J78: 0 | M78: 0 | N78: 0 | O78: 0 | P78: 0 | V78: 0 | W78: 0 | X78: 0 | Y78: 0 | Z78: 0 | AA78: 1 | AB78: =SUM(E78:AA78) -> 1
A79: B | B79: JUMLAH SUARA SAH PARTAI POLITIK DAN CALON (A1 + A2) | E79: =SUM(E72:E78) -> 4 | F79: =SUM(F72:F78) -> 21 | G79: =SUM(G72:G78) -> 20 | H79: =SUM(H72:H78) -> 5 | I79: =SUM(I72:I78) -> 12 | J79: =SUM(J72:J78) -> 7 | K79: =SUM(K72:K78) -> 4 | L79: =SUM(L72:L78) -> 6 | ... AA79: =SUM(AA72:AA78) -> 60 | AB79: =SUM(E79:AA79) -> 446
A81: A.1 | B81: 5. | C81: Partai NasDem | G81: 1 | H81: 1 | I81: 3 | J81: 5 | K81: 4 | M81: 3 | N81: 4 | O81: 4 | P81: 0 | Q81: 1 | R81: 2 | S81: 0 | T81: 1 | U81: 2 | V81: 0 | W81: 3 | X81: 0 | Y81: 5 | Z81: 1 | AA81: 0 | AB81: =SUM(E81:AA81) -> 40
A82: A.2 | C82: 1. RATIH NUR HAYATI, S.T. | E82: 1 | F82: 1 | G82: 1 | H82: 4 | I82: 3 | J82: 7 | K82: 2 | M82: 13 | N82: 1 | O82: 5 | P82: 0 | Q82: 1 | R82: 1 | T82: 0 | V82: 3 | W82: 1 | X82: 4 | Y82: 22 | Z82: 12 | AA82: 1 | AB82: =SUM(E82:AA82) -> 83
C83: 2. ISTILAH MUSTOFA, S.H. | E83: 1 | G83: 4 | H83: 2 | I83: 6 | J83: 6 | K83: 0 | L83: 13 | M83: 17 | N83: 3 | O83: 2 | P83: 1 | Q83: 4 | R83: 59 | S83: 1 | T83: 1 | U83: 15 | V83: 8 | W83: 27 | X83: 10 | Y83: 26 | Z83: 3 | AA83: 0 | AB83: =SUM(E83:AA83) -> 209
C84: 3. ACHMAD RIDHO HADISISWOYO, S.Tr.P. | G84: 0 | H84: 0 | I84: 0 | J84: 0 | L84: 2 | M84: 0 | N84: 1 | O84: 2 | P84: 0 | R84: 1 | T84: 0 | V84: 0 | W84: 0 | X84: 0 | Y84: 0 | Z84: 0 | AA84: 0 | AB84: =SUM(E84:AA84) -> 6
C85: 4. AKHMAD ROSIDI | H85: 0 | I85: 0 | J85: 0 | L85: 3 | M85: 0 | N85: 13 | O85: 44 | P85: 1 | T85: 1 | V85: 0 | W85: 2 | X85: 0 | Y85: 0 | Z85: 0 | AA85: 0 | AB85: =SUM(E85:AA85) -> 64
C86: 5. MUHAMAD VAHID FAIQ | H86: 0 | I86: 0 | J86: 0 | M86: 0 | N86: 0 | O86: 2 | P86: 1 | T86: 0 | V86: 0 | W86: 0 | X86: 0 | Y86: 0 | Z86: 0 | AA86: 0 | AB86: =SUM(E86:AA86) -> 3
C87: 6. TITIS MEILIKA WIYONO | E87: 2 | H87: 1 | I87: 0 | J87: 19 | K87: 33 | L87: 7 | M87: 0 | N87: 1 | O87: 0 | P87: 1 | Q87: 3 | T87: 0 | V87: 0 | W87: 0 | X87: 0 | Y87: 0 | Z87: 0 | AA87: 0 | AB87: =SUM(E87:AA87) -> 67
A88: B | B88: JUMLAH SUARA SAH PARTAI POLITIK DAN CALON (A1 + A2) | E88: =SUM(E81:E87) -> 4 | F88: =SUM(F81:F87) -> 1 | G88: =SUM(G81:G87) -> 6 | H88: =SUM(H81:H87) -> 8 | I88: =SUM(I81:I87) -> 12 | J88: =SUM(J81:J87) -> 37 | K88: =SUM(K81:K87) -> 39 | L88: =SUM(L81:L87) -> 25 | ... AA88: =SUM(AA81:AA87) -> 1 | AB88: =SUM(E88:AA88) -> 472
A90: A.1 | B90: 6. | C90: Partai Buruh | E90: 1 | H90: 0 | I90: 1 | J90: 3 | K90: 5 | L90: 1 | M90: 1 | N90: 0 | O90: 0 | P90: 0 | S90: 1 | T90: 1 | U90: 1 | V90: 0 | W90: 1 | X90: 0 | Y90: 1 | Z90: 0 | AA90: 1 | AB90: =SUM(E90:AA90) -> 18
A91: A.2 | AB91: =SUM(E91:AA91) -> 0
A92: B | B92: JUMLAH SUARA SAH PARTAI POLITIK DAN CALON (A1 + A2) | E92: =SUM(E90:E91) -> 1 | F92: =SUM(F90:F91) -> 0 | G92: =SUM(G90:G91) -> 0 | H92: =SUM(H90:H91) -> 0 | I92: =SUM(I90:I91) -> 1 | J92: =SUM(J90:J91) -> 3 | K92: =SUM(K90:K91) -> 5 | L92: =SUM(L90:L91) -> 1 | ... AA92: =SUM(AA90:AA91) -> 1 | AB92: =SUM(E92:AA92) -> 18
A94: A.1 | B94: 7. | C94: Partai Gelombang Rakyat Indonesia | E94: 0 | H94: 1 | I94: 0 | J94: 0 | K94: 1 | L94: 0 | M94: 2 | N94: 0 | O94: 0 | P94: 1 | Q94: 1 | T94: 0 | V94: 0 | W94: 1 | X94: 1 | Y94: 2 | Z94: 0 | AA94: 2 | AB94: =SUM(E94:AA94) -> 12
A95: A.2 | C95: 1. RIFKI ALFAN SANI | H95: 0 | I95: 0 | J95: 1 | L95: 0 | M95: 0 | N95: 0 | O95: 0 | P95: 0 | V95: 0 | W95: 0 | X95: 0 | Y95: 0 | Z95: 0 | AA95: 1 | AB95: =SUM(E95:AA95) -> 2
C96: 2. RAPI'I | H96: 0 | I96: 0 | J96: 0 | L96: 0 | M96: 0 | N96: 0 | O96: 0 | P96: 0 | V96: 0 | W96: 0 | X96: 0 | Y96: 0 | Z96: 0 | AA96: 1 | AB96: =SUM(E96:AA96) -> 1
C97: 3. NUR IKA SETIAWATI | H97: 0 | I97: 0 | J97: 0 | L97: 0 | M97: 0 | N97: 0 | O97: 0 | P97: 0 | V97: 0 | W97: 0 | X97: 0 | Y97: 0 | Z97: 0 | AA97: 0 | AB97: =SUM(E97:AA97) -> 0
A98: B | B98: JUMLAH SUARA SAH PARTAI POLITIK DAN CALON (A1 + A2) | E98: =SUM(E94:E97) -> 0 | F98: =SUM(F94:F97) -> 0 | G98: =SUM(G94:G97) -> 0 | H98: =SUM(H94:H97) -> 1 | I98: =SUM(I94:I97) -> 0 | J98: =SUM(J94:J97) -> 1 | K98: =SUM(K94:K97) -> 1 | L98: =SUM(L94:L97) -> 0 | ... AA98: =SUM(AA94:AA97) -> 4 | AB98: =SUM(E98:AA98) -> 15
A100: A.1 | B100: 8. | C100: Partai Keadilan Sejahtera | H100: 0 | I100: 0 | J100: 2 | M100: 0 | N100: 0 | O100: 0 | P100: 0 | R100: 2 | U100: 2 | V100: 0 | W100: 0 | X100: 0 | Y100: 0 | Z100: 0 | AA100: 0 | AB100: =SUM(E100:AA100) -> 6
A101: A.2 | C101: 1. VITA RIMA YANTI, S.KM. | E101: 1 | G101: 5 | H101: 2 | I101: 1 | J101: 2 | M101: 1 | N101: 1 | O101: 3 | P101: 7 | Q101: 3 | R101: 1 | S101: 1 | T101: 1 | U101: 2 | V101: 0 | W101: 2 | X101: 1 | Y101: 2 | Z101: 0 | AA101: 2 | AB101: =SUM(E101:AA101) -> 38
C102: 2. EKO WAHYU HIDAYAT, A.Md. | H102: 0 | I102: 0 | J102: 0 | M102: 0 | N102: 0 | O102: 0 | P102: 0 | V102: 0 | W102: 0 | X102: 0 | Y102: 0 | Z102: 0 | AA102: 0 | AB102: =SUM(E102:AA102) -> 0
C103: 3. EDY PURNOMO | H103: 0 | I103: 0 | J103: 0 | M103: 1 | N103: 0 | O103: 0 | P103: 0 | V103: 0 | W103: 0 | X103: 0 | Y103: 0 | Z103: 1 | AA103: 0 | AB103: =SUM(E103:AA103) -> 2
C104: 4. SUNTARIAS PUTRI DAMAYANTI, A.Ma. | F104: 1 | H104: 0 | I104: 0 | J104: 0 | M104: 0 | N104: 0 | O104: 0 | P104: 0 | V104: 0 | W104: 0 | X104: 0 | Y104: 0 | Z104: 0 | AA104: 0 | AB104: =SUM(E104:AA104) -> 1
C105: 5. MUHAMMAD AFIF | H105: 0 | I105: 0 | J105: 0 | M105: 0 | N105: 0 | O105: 0 | P105: 0 | V105: 0 | W105: 0 | X105: 0 | Y105: 0 | Z105: 0 | AA105: 0 | AB105: =SUM(E105:AA105) -> 0
C106: 6. SHOHIB QOMAD DILLAH, S.T.P. | H106: 0 | I106: 0 | J106: 0 | M106: 0 | N106: 1 | O106: 0 | P106: 0 | V106: 0 | W106: 0 | X106: 0 | Y106: 0 | Z106: 0 | AA106: 0 | AB106: =SUM(E106:AA106) -> 1
A107: B | B107: JUMLAH SUARA SAH PARTAI POLITIK DAN CALON (A1 + A2) | E107: =SUM(E100:E106) -> 1 | F107: =SUM(F100:F106) -> 1 | G107: =SUM(G100:G106) -> 5 | H107: =SUM(H100:H106) -> 2 | I107: =SUM(I100:I106) -> 1 | J107: =SUM(J100:J106) -> 4 | K107: =SUM(K100:K106) -> 0 | L107: =SUM(L100:L106) -> 0 | ... AA107: =SUM(AA100:AA106) -> 2 | AB107: =SUM(E107:AA107) -> 48
A109: A.1 | B109: 9. | C109: Partai Kebangkitan Nusantara | H109: 0 | I109: 0 | J109: 0 | M109: 0 | N109: 0 | O109: 0 | P109: 0 | V109: 0 | W109: 0 | X109: 0 | Y109: 0 | Z109: 0 | AA109: 0 | AB109: =SUM(E109:AA109) -> 0
A110: A.2 | C110: 1. AGUS TARMIDI | AB110: =SUM(E110:AA110) -> 0
A111: B | B111: JUMLAH SUARA SAH PARTAI POLITIK DAN CALON (A1 + A2) | E111: =SUM(E109:E110) -> 0 | F111: =SUM(F109:F110) -> 0 | G111: =SUM(G109:G110) -> 0 | H111: =SUM(H109:H110) -> 0 | I111: =SUM(I109:I110) -> 0 | J111: =SUM(J109:J110) -> 0 | K111: =SUM(K109:K110) -> 0 | L111: =SUM(L109:L110) -> 0 | ... AA111: =SUM(AA109:AA110) -> 0 | AB111: =SUM(E111:AA111) -> 0
A113: A.1 | B113: 10. | C113: Partai Hati Nurani Rakyat | H113: 0 | I113: 0 | J113: 0 | K113: 1 | M113: 0 | N113: 0 | O113: 0 | P113: 0 | S113: 0 | V113: 0 | W113: 0 | X113: 1 | Y113: 0 | Z113: 0 | AA113: 0 | AB113: =SUM(E113:AA113) -> 2
A114: A.2 | C114: 1. MOHAMAD ROSUL | H114: 0 | I114: 0 | J114: 0 | M114: 0 | N114: 0 | O114: 0 | P114: 0 | S114: 0 | V114: 0 | W114: 0 | X114: 0 | Y114: 0 | Z114: 0 | AA114: 0 | AB114: =SUM(E114:AA114) -> 0
C115: 2. H. AHMAD NUR ALCHAFFAF | H115: 0 | I115: 0 | J115: 0 | L115: 1 | M115: 0 | N115: 0 | O115: 0 | P115: 0 | S115: 0 | V115: 0 | W115: 0 | X115: 0 | Y115: 0 | Z115: 0 | AA115: 0 | AB115: =SUM(E115:AA115) -> 1
C116: 3. ISTIQUMILAILLI | H116: 0 | I116: 0 | J116: 0 | M116: 1 | N116: 1 | O116: 0 | P116: 0 | S116: 0 | V116: 0 | W116: 0 | X116: 0 | Y116: 0 | Z116: 0 | AA116: 0 | AB116: =SUM(E116:AA116) -> 2
C117: 4. JOKO NUGROHO | H117: 0 | I117: 0 | J117: 0 | M117: 0 | N117: 0 | O117: 0 | P117: 0 | S117: 0 | V117: 0 | W117: 0 | X117: 0 | Y117: 0 | Z117: 0 | AA117: 0 | AB117: =SUM(E117:AA117) -> 0
C118: 5. MEGA PRAMESWARI | H118: 0 | I118: 0 | J118: 0 | M118: 0 | N118: 0 | O118: 0 | P118: 0 | S118: 0 | V118: 0 | W118: 0 | X118: 0 | Y118: 0 | Z118: 0 | AA118: 0 | AB118: =SUM(E118:AA118) -> 0
C119: 6. BUDI HARTONO | H119: 0 | I119: 0 | J119: 0 | M119: 0 | N119: 0 | O119: 0 | P119: 0 | S119: 0 | V119: 0 | W119: 0 | X119: 0 | Y119: 0 | Z119: 0 | AA119: 0 | AB119: =SUM(E119:AA119) -> 0
A120: B | B120: JUMLAH SUARA SAH PARTAI POLITIK DAN CALON (A1 + A2) | E120: =SUM(E113:E119) -> 0 | F120: =SUM(F113:F119) -> 0 | G120: =SUM(G113:G119) -> 0 | H120: =SUM(H113:H119) -> 0 | I120: =SUM(I113:I119) -> 0 | J120: =SUM(J113:J119) -> 0 | K120: =SUM(K113:K119) -> 1 | L120: =SUM(L113:L119) -> 1 | ... AA120: =SUM(AA113:AA119) -> 0 | AB120: =SUM(E120:AA120) -> 5
...

Sheet SUMBERARUM
C2: Kecamatan
C3: Kabupaten | D3: BANYUWANGI
C4: Provinsi | D4: JAWA TIMUR
C9: Kelurahan
A12: I | B12: DATA PEMILIH DAN PENGGUNAAN HAK PILIH | X12: JUMLAH AKHIR
A13: A | B13: DATA PEMILIH | E13: TPS 001 | F13: TPS 002 | G13: TPS 003 | H13: TPS 004 | I13: TPS 005 | J13: TPS 006 | K13: TPS 007 | L13: TPS 008 | M13: TPS 009 | N13: TPS 010 | O13: TPS 011 | P13: TPS 012 | Q13: TPS 013 | R13: TPS 014 | S13: TPS 015 | T13: TPS 016 | U13: TPS 017 | V13: TPS 018 | W13: TPS 019
B14: Jumlah Pemilih dalam Daftar Pemilih Tetap (DPT) | D14: LK | E14: 141 | F14: 142 | G14: 143 | H14: 153 | I14: 149 | J14: 150 | K14: 144 | L14: 146 | M14: 145 | N14: 141 | O14: 79 | P14: 83 | Q14: 82 | R14: 83 | S14: 141 | T14: 129 | U14: 154 | V14: 101 | W14: 141 | X14: =SUM(E14:W14) -> 2447
D15: PR | E15: 141 | F15: 154 | G15: 147 | H15: 140 | I15: 142 | J15: 145 | K15: 148 | L15: 150 | M15: 149 | N15: 127 | O15: 84 | P15: 90 | Q15: 87 | R15: 89 | S15: 151 | T15: 157 | U15: 145 | V15: 112 | W15: 155 | X15: =SUM(E15:W15) -> 2513
D16: JML | E16: =SUM(E14:E15) -> 282 | F16: =SUM(F14:F15) -> 296 | G16: =SUM(G14:G15) -> 290 | H16: =SUM(H14:H15) -> 293 | I16: =SUM(I14:I15) -> 291 | J16: =SUM(J14:J15) -> 295 | K16: =SUM(K14:K15) -> 292 | L16: =SUM(L14:L15) -> 296 | ... W16: =SUM(W14:W15) -> 296 | X16: =SUM(E16:W16) -> 4960
A18: B | B18: PENGGUNA HAK PILIH
B19: 1. | C19: Jumlah pengguna hak pilih dalam Daftar Pemilih Tetap (DPT) | D19: LK | E19: 104 | F19: 109 | G19: 106 | H19: 110 | I19: 113 | J19: 117 | K19: 95 | L19: 120 | M19: 117 | N19: 102 | O19: 63 | P19: 64 | Q19: 69 | R19: 70 | S19: 123 | T19: 98 | U19: 119 | V19: 78 | W19: 83 | X19: =SUM(E19:W19) -> 1860
D20: PR | E20: 115 | F20: 123 | G20: 123 | H20: 116 | I20: 120 | J20: 112 | K20: 110 | L20: 122 | M20: 116 | N20: 101 | O20: 72 | P20: 79 | Q20: 73 | R20: 80 | S20: 136 | T20: 128 | U20: 108 | V20: 89 | W20: 104 | X20: =SUM(E20:W20) -> 2027
D21: JML | E21: =SUM(E19:E20) -> 219 | F21: =SUM(F19:F20) -> 232 | G21: =SUM(G19:G20) -> 229 | H21: =SUM(H19:H20) -> 226 | I21: =SUM(I19:I20) -> 233 | J21: =SUM(J19:J20) -> 229 | K21: =SUM(K19:K20) -> 205 | L21: =SUM(L19:L20) -> 242 | ... W21: =SUM(W19:W20) -> 187 | X21: =SUM(E21:W21) -> 3887
B22: 2. | C22: Jumlah pengguna hak pilih dalam Daftar Pemilih Tambahan (DPTb) | D22: LK | E22: 0 | F22: 0 | G22: 0 | H22: 0 | I22: 0 | J22: 0 | K22: 0 | L22: 0 | M22: 0 | N22: 0 | O22: 0 | P22: 0 | Q22: 0 | R22: 0 | S22: 0 | T22: 0 | U22: 0 | V22: 0 | W22: 0 | X22: =SUM(E22:W22) -> 0
D23: PR | E23: 0 | F23: 0 | G23: 0 | H23: 0 | I23: 0 | J23: 0 | K23: 0 | L23: 0 | M23: 0 | N23: 0 | O23: 0 | P23: 0 | Q23: 0 | R23: 0 | S23: 0 | T23: 0 | U23: 0 | V23: 0 | W23: 0 | X23: =SUM(E23:W23) -> 0
D24: JML | E24: =SUM(E22:E23) -> 0 | F24: =SUM(F22:F23) -> 0 | G24: =SUM(G22:G23) -> 0 | H24: =SUM(H22:H23) -> 0 | I24: =SUM(I22:I23) -> 0 | J24: =SUM(J22:J23) -> 0 | K24: =SUM(K22:K23) -> 0 | L24: =SUM(L22:L23) -> 0 | ... W24: =SUM(W22:W23) -> 0 | X24: =SUM(E24:W24) -> 0
B25: 3. | C25: Jumlah pengguna hak pilih dalam Daftar Pemilih Khusus (DPK) | D25: LK | E25: 2 | F25: 0 | G25: 0 | H25: 3 | I25: 1 | J25: 0 | K25: 0 | L25: 0 | M25: 0 | N25: 0 | O25: 1 | P25: 0 | Q25: 0 | R25: 0 | S25: 2 | T25: 0 | U25: 2 | V25: 0 | W25: 0 | X25: =SUM(E25:W25) -> 11
D26: PR | E26: 3 | F26: 0 | G26: 0 | H26: 1 | I26: 0 | J26: 0 | K26: 0 | L26: 0 | M26: 0 | N26: 0 | O26: 0 | P26: 0 | Q26: 1 | R26: 0 | S26: 5 | T26: 0 | U26: 0 | V26: 0 | W26: 0 | X26: =SUM(E26:W26) -> 10
D27: JML | E27: =SUM(E25:E26) -> 5 | F27: =SUM(F25:F26) -> 0 | G27: =SUM(G25:G26) -> 0 | H27: =SUM(H25:H26) -> 4 | I27: =SUM(I25:I26) -> 1 | J27: =SUM(J25:J26) -> 0 | K27: =SUM(K25:K26) -> 0 | L27: =SUM(L25:L26) -> 0 | ... W27: =SUM(W25:W26) -> 0 | X27: =SUM(E27:W27) -> 21
B28: 4. | C28: Jumlah Pengguna Hak Pilih (B.1+B.2+B.3) | D28: LK | E28: =SUM(E19,E22,E25) -> 106 | F28: =SUM(F19,F22,F25) -> 109 | G28: =SUM(G19,G22,G25) -> 106 | H28: =SUM(H19,H22,H25) -> 113 | I28: =SUM(I19,I22,I25) -> 114 | J28: =SUM(J19,J22,J25) -> 117 | K28: =SUM(K19,K22,K25) -> 95 | L28: =SUM(L19,L22,L25) -> 120 | ... W28: =SUM(W19,W22,W25) -> 83 | X28: =SUM(E28:W28) -> 1871
D29: PR | E29: =SUM(E20,E23,E26) -> 118 | F29: =SUM(F20,F23,F26) -> 123 | G29: =SUM(G20,G23,G26) -> 123 | H29: =SUM(H20,H23,H26) -> 117 | I29: =SUM(I20,I23,I26) -> 120 | J29: =SUM(J20,J23,J26) -> 112 | K29: =SUM(K20,K23,K26) -> 110 | L29: =SUM(L20,L23,L26) -> 122 | ... W29: =SUM(W20,W23,W26) -> 104 | X29: =SUM(E29:W29) -> 2037
D30: JML | E30: =SUM(E28:E29) -> 224 | F30: =SUM(F28:F29) -> 232 | G30: =SUM(G28:G29) -> 229 | H30: =SUM(H28:H29) -> 230 | I30: =SUM(I28:I29) -> 234 | J30: =SUM(J28:J29) -> 229 | K30: =SUM(K28:K29) -> 205 | L30: =SUM(L28:L29) -> 242 | ... W30: =SUM(W28:W29) -> 187 | X30: =SUM(E30:W30) -> 3908
A32: II | B32: DATA PENGGUNAAN SURAT SUARA
A33: 1 | B33: Jumlah surat suara yang diterima, termasuk surat suara cadangan 2,5% dari DPT | E33: 288 | F33: 303 | G33: 299 | H33: 300 | I33: 293 | J33: 301 | K33: 298 | L33: 292 | M33: 290 | N33: 276 | O33: 167 | P33: 177 | Q33: 173 | R33: 176 | S33: 298 | T33: 289 | U33: 305 | V33: 218 | W33: 304 | X33: =SUM(E33:W33) -> 5047
A34: 2 | B34: Jumlah surat suara yang digunakan | E34: 224 | F34: 232 | G34: 229 | H34: 230 | I34: 234 | J34: 229 | K34: 205 | L34: 242 | M34: 233 | N34: 203 | O34: 136 | P34: 143 | Q34: 143 | R34: 150 | S34: 266 | T34: 226 | U34: 229 | V34: 167 | W34: 187 | X34: =SUM(E34:W34) -> 3908
A35: 3 | B35: Jumlah surat suara dikembalikan oleh pemilih (karena rusak atau keliru coblos) | E35: 0 | F35: 0 | G35: 0 | H35: 2 | I35: 0 | J35: 0 | K35: 0 | L35: 0 | M35: 1 | N35: 0 | O35: 0 | P35: 0 | Q35: 0 | R35: 1 | S35: 0 | T35: 0 | U35: 0 | V35: 0 | W35: 0 | X35: =SUM(E35:W35) -> 4
A36: 4 | B36: Jumlah surat suara yang tidak digunakan/tidak terpakai, termasuk sisa surat suara cadangan | E36: =E33-(E34+E35) -> 64 | F36: =F33-(F34+F35) -> 71 | G36: =G33-(G34+G35) -> 70 | H36: =H33-(H34+H35) -> 68 | I36: =I33-(I34+I35) -> 59 | J36: =J33-(J34+J35) -> 72 | K36: =K33-(K34+K35) -> 93 | L36: =L33-(L34+L35) -> 50 | ... W36: =W33-(W34+W35) -> 117 | X36: =SUM(E36:W36) -> 1135
A38: III | B38: DATA PEMILIH DISABILITAS
B39: Jumlah seluruh Pemilih disabilitas yang menggunakan hak pilih | D39: LK | E39: 0 | F39: 0 | G39: 0 | H39: 0 | I39: 0 | J39: 0 | K39: 0 | L39: 0 | M39: 0 | N39: 0 | O39: 0 | P39: 0 | Q39: 0 | R39: 0 | S39: 0 | T39: 0 | U39: 2 | V39: 0 | W39: 0 | X39: =SUM(E39:W39) -> 2
D40: PR | E40: 0 | F40: 0 | G40: 0 | H40: 0 | I40: 0 | J40: 0 | K40: 0 | L40: 0 | M40: 0 | N40: 0 | O40: 0 | P40: 0 | Q40: 0 | R40: 0 | S40: 0 | T40: 0 | U40: 0 | V40: 0 | W40: 0 | X40: =SUM(E40:W40) -> 0
D41: JML | E41: =SUM(E39:E40) -> 0 | F41: =SUM(F39:F40) -> 0 | G41: =SUM(G39:G40) -> 0 | H41: =SUM(H39:H40) -> 0 | I41: =SUM(I39:I40) -> 0 | J41: =SUM(J39:J40) -> 0 | K41: =SUM(K39:K40) -> 0 | L41: =SUM(L39:L40) -> 0 | ... W41: =SUM(W39:W40) -> 0 | X41: =SUM(E41:W41) -> 2
A43: IV | B43: DATA RINCIAN PEROLEHAN SUARA PASANGAN CALON BUPATI DAN WAKIL BUPATI
A44: NOMOR DAN NAMA CALON
A45: A.1 | B45: 1. | C45: Partai Kebangkitan Bangsa | E45: 10 | F45: 10 | G45: 6 | H45: 6 | I45: 10 | J45: 9 | K45: 7 | L45: 11 | M45: 22 | N45: 11 | O45: 9 | P45: 6 | Q45: 5 | R45: 0 | S45: 11 | T45: 16 | U45: 9 | V45: 1 | W45: 3 | X45: =SUM(E45:W45) -> 162
A46: A.2 | C46: 1. H. MUHAMMAD ALI MAHRUS, S.H.I., M.H | E46: 57 | F46: 28 | G46: 23 | H46: 51 | I46: 56 | J46: 20 | K46: 27 | L46: 67 | M46: 76 | N46: 37 | O46: 42 | P46: 47 | Q46: 34 | R46: 2 | S46: 47 | T46: 59 | U46: 25 | V46: 5 | W46: 10 | X46: =SUM(E46:W46) -> 713
C47: 2. TUPANG SOEDARGO | E47: 9 | F47: 2 | G47: 1 | H47: 3 | I47: 4 | J47: 0 | K47: 2 | L47: 3 | M47: 3 | N47: 0 | O47: 0 | P47: 0 | Q47: 0 | R47: 0 | S47: 2 | T47: 3 | U47: 0 | V47: 0 | W47: 1 | X47: =SUM(E47:W47) -> 33
C48: 3. Hj. KHOLIFATUL HASANAH | E48: 2 | F48: 2 | G48: 1 | H48: 0 | I48: 1 | J48: 0 | K48: 1 | L48: 0 | M48: 2 | N48: 0 | O48: 1 | P48: 0 | Q48: 0 | R48: 0 | S48: 0 | T48: 1 | U48: 1 | V48: 0 | W48: 1 | X48: =SUM(E48:W48) -> 13
C49: 4. FUAD HUMAIDI, S.H.I. | E49: 0 | F49: 0 | G49: 0 | H49: 0 | I49: 2 | J49: 1 | K49: 0 | L49: 1 | M49: 0 | N49: 2 | O49: 0 | P49: 0 | Q49: 0 | R49: 0 | S49: 0 | T49: 1 | U49: 1 | V49: 0 | W49: 0 | X49: =SUM(E49:W49) -> 8
C50: 5. ENI WIJI LESTARI | E50: 0 | F50: 0 | G50: 0 | H50: 0 | I50: 0 | J50: 0 | K50: 0 | L50: 0 | M50: 0 | N50: 0 | O50: 0 | P50: 0 | Q50: 0 | R50: 0 | S50: 1 | T50: 0 | U50: 0 | V50: 0 | W50: 0 | X50: =SUM(E50:W50) -> 1
C51: 6. SONNY AGUS SETIAWAN | E51: 0 | F51: 0 | G51: 7 | H51: 1 | I51: 10 | J51: 3 | K51: 1 | L51: 2 | M51: 1 | N51: 5 | O51: 0 | P51: 0 | Q51: 0 | R51: 0 | S51: 1 | T51: 8 | U51: 6 | V51: 0 | W51: 5 | X51: =SUM(E51:W51) -> 50
A52: B | B52: JUMLAH SUARA SAH PARTAI POLITIK DAN CALON (A1 + A2) | E52: =SUM(E45:E51) -> 78 | F52: =SUM(F45:F51) -> 42 | G52: =SUM(G45:G51) -> 38 | H52: =SUM(H45:H51) -> 61 | I52: =SUM(I45:I51) -> 83 | J52: =SUM(J45:J51) -> 33 | K52: =SUM(K45:K51) -> 38 | L52: =SUM(L45:L51) -> 84 | ... W52: =SUM(W45:W51) -> 20 | X52: =SUM(E52:W52) -> 980
A54: A.1 | B54: 2. | C54: Partai Gerakan Indonesia Raya | E54: 4 | F54: 7 | G54: 8 | H54: 4 | I54: 4 | J54: 11 | K54: 10 | L54: 3 | M54: 9 | N54: 9 | O54: 0 | P54: 3 | Q54: 2 | R54: 0 | S54: 5 | T54: 7 | U54: 7 | V54: 7 | W54: 6 | X54: =SUM(E54:W54) -> 106
A55: A.2 | C55: 1. SUWITO | E55: 3 | F55: 7 | G55: 4 | H55: 6 | I55: 5 | J55: 4 | K55: 5 | L55: 4 | M55: 18 | N55: 11 | O55: 1 | P55: 11 | Q55: 9 | R55: 0 | S55: 1 | T55: 3 | U55: 0 | V55: 12 | W55: 5 | X55: =SUM(E55:W55) -> 109
C56: 2. LIMPAT PRAWIRO DIKDO | E56: 0 | F56: 32 | G56: 47 | H56: 10 | I56: 11 | J56: 4 | K56: 3 | L56: 2 | M56: 0 | N56: 0 | O56: 0 | P56: 0 | Q56: 3 | R56: 2 | S56: 0 | T56: 1 | U56: 1 | V56: 54 | W56: 5 | X56: =SUM(E56:W56) -> 175
C57: 3. PUPUT DESI PRATAMA EKA PUTRI | E57: 1 | F57: 0 | G57: 1 | H57: 0 | I57: 0 | J57: 1 | K57: 1 | L57: 2 | M57: 0 | N57: 0 | O57: 1 | P57: 0 | Q57: 0 | R57: 0 | S57: 0 | T57: 1 | U57: 0 | V57: 1 | W57: 2 | X57: =SUM(E57:W57) -> 11
C58: 4. RUDI HANDOKO | E58: 47 | F58: 29 | G58: 13 | H58: 8 | I58: 2 | J58: 34 | K58: 16 | L58: 9 | M58: 0 | N58: 1 | O58: 4 | P58: 5 | Q58: 0 | R58: 0 | S58: 2 | T58: 1 | U58: 3 | V58: 1 | W58: 0 | X58: =SUM(E58:W58) -> 175
C59: 5. IWAN SETIAWAN | E59: 0 | F59: 0 | G59: 0 | H59: 1 | I59: 0 | J59: 0 | K59: 0 | L59: 0 | M59: 0 | N59: 0 | O59: 0 | P59: 0 | Q59: 0 | R59: 0 | S59: 1 | T59: 0 | U59: 0 | V59: 0 | W59: 0 | X59: =SUM(E59:W59) -> 2
C60: 6. JUWITA INDRASARI | E60: 0 | F60: 0 | G60: 0 | H60: 0 | I60: 0 | J60: 1 | K60: 0 | L60: 0 | M60: 2 | N60: 0 | O60: 0 | P60: 0 | Q60: 0 | R60: 0 | S60: 2 | T60: 3 | U60: 0 | V60: 0 | W60: 0 | X60: =SUM(E60:W60) -> 8
A61: B | B61: JUMLAH SUARA SAH PARTAI POLITIK DAN CALON (A1 + A2) | E61: =SUM(E54:E60) -> 55 | F61: =SUM(F54:F60) -> 75 | G61: =SUM(G54:G60) -> 73 | H61: =SUM(H54:H60) -> 29 | I61: =SUM(I54:I60) -> 22 | J61: =SUM(J54:J60) -> 55 | K61: =SUM(K54:K60) -> 35 | L61: =SUM(L54:L60) -> 20 | ... W61: =SUM(W54:W60) -> 18 | X61: =SUM(E61:W61) -> 586
A63: A.1 | B63: 3. | C63: Partai Demokrasi Indonesia Perjuangan | E63: 3 | F63: 5 | G63: 7 | H63: 8 | I63: 3 | J63: 9 | K63: 13 | L63: 4 | M63: 5 | N63: 8 | O63: 2 | P63: 2 | Q63: 4 | R63: 0 | S63: 12 | T63: 15 | U63: 20 | V63: 4 | W63: 1 | X63: =SUM(E63:W63) -> 125
A64: A.2 | C64: 1. AHMAD MASROHAN | E64: 5 | F64: 2 | G64: 6 | H64: 3 | I64: 16 | J64: 3 | K64: 2 | L64: 6 | M64: 9 | N64: 7 | O64: 4 | P64: 5 | Q64: 2 | R64: 4 | S64: 13 | T64: 5 | U64: 8 | V64: 3 | W64: 1 | X64: =SUM(E64:W64) -> 104
C65: 2. HARIYANTO | E65: 0 | F65: 3 | G65: 5 | H65: 7 | I65: 1 | J65: 0 | K65: 2 | L65: 1 | M65: 0 | N65: 1 | O65: 2 | P65: 2 | Q65: 0 | R65: 0 | S65: 26 | T65: 3 | U65: 6 | V65: 0 | W65: 1 | X65: =SUM(E65:W65) -> 60
C66: 3. INDAH MARHENI | E66: 1 | F66: 1 | G66: 1 | H66: 5 | I66: 1 | J66: 0 | K66: 2 | L66: 0 | M66: 0 | N66: 2 | O66: 0 | P66: 1 | Q66: 1 | R66: 0 | S66: 1 | T66: 3 | U66: 5 | V66: 1 | W66: 1 | X66: =SUM(E66:W66) -> 26
C67: 4. AGUS PRIYONO | E67: 3 | F67: 12 | G67: 29 | H67: 35 | I67: 32 | J67: 36 | K67: 34 | L67: 33 | M67: 25 | N67: 39 | O67: 2 | P67: 5 | Q67: 41 | R67: 14 | S67: 13 | T67: 26 | U67: 66 | V67: 27 | W67: 31 | X67: =SUM(E67:W67) -> 503
C68: 5. SETYA RAHAYU | E68: 3 | F68: 5 | G68: 0 | H68: 0 | I68: 4 | J68: 1 | K68: 0 | L68: 3 | M68: 1 | N68: 0 | O68: 1 | P68: 0 | Q68: 0 | R68: 0 | S68: 7 | T68: 4 | U68: 6 | V68: 0 | W68: 0 | X68: =SUM(E68:W68) -> 35
C69: 6. M. HAFI WIJAYA | E69: 6 | F69: 3 | G69: 6 | H69: 0 | I69: 8 | J69: 7 | K69: 2 | L69: 12 | M69: 6 | N69: 1 | O69: 0 | P69: 0 | Q69: 0 | R69: 1 | S69: 15 | T69: 0 | U69: 5 | V69: 0 | W69: 0 | X69: =SUM(E69:W69) -> 72
A70: B | B70: JUMLAH SUARA SAH PARTAI POLITIK DAN CALON (A1 + A2) | E70: =SUM(E63:E69) -> 21 | F70: =SUM(F63:F69) -> 31 | G70: =SUM(G63:G69) -> 54 | H70: =SUM(H63:H69) -> 58 | I70: =SUM(I63:I69) -> 65 | J70: =SUM(J63:J69) -> 56 | K70: =SUM(K63:K69) -> 55 | L70: =SUM(L63:L69) -> 59 | ... W70: =SUM(W63:W69) -> 35 | X70: =SUM(E70:W70) -> 925
A72: A.1 | B72: 4. | C72: Partai Golongan Karya | E72: 4 | F72: 2 | G72: 0 | H72: 0 | I72: 2 | J72: 8 | K72: 4 | L72: 2 | M72: 2 | N72: 6 | O72: 1 | P72: 1 | Q72: 2 | R72: 2 | S72: 2 | T72: 5 | U72: 5 | V72: 3 | W72: 3 | X72: =SUM(E72:W72) -> 54
A73: A.2 | C73: 1. SRI YULIANI | E73: 7 | F73: 4 | G73: 2 | H73: 4 | I73: 9 | J73: 5 | K73: 12 | L73: 3 | M73: 4 | N73: 8 | O73: 0 | P73: 2 | Q73: 11 | R73: 6 | S73: 3 | T73: 8 | U73: 3 | V73: 3 | W73: 3 | X73: =SUM(E73:W73) -> 97
C74: 2. ACHMAD SUMARNO, S.E. | E74: 1 | F74: 0 | G74: 1 | H74: 1 | I74: 0 | J74: 0 | K74: 0 | L74: 0 | M74: 1 | N74: 0 | O74: 0 | P74: 0 | Q74: 1 | R74: 0 | S74: 0 | T74: 1 | U74: 0 | V74: 0 | W74: 1 | X74: =SUM(E74:W74) -> 7
C75: 3. MUHAMMAD SAHLAN, S.Sos., M.A. | E75: 16 | F75: 8 | G75: 12 | H75: 4 | I75: 5 | J75: 4 | K75: 4 | L75: 2 | M75: 0 | N75: 0 | O75: 12 | P75: 2 | Q75: 0 | R75: 0 | S75: 0 | T75: 3 | U75: 0 | V75: 1 | W75: 0 | X75: =SUM(E75:W75) -> 73
C76: 4. MAYA YUSEFA, S.Pd. | E76: 0 | F76: 0 | G76: 0 | H76: 1 | I76: 0 | J76: 0 | K76: 0 | L76: 0 | M76: 0 | N76: 1 | O76: 0 | P76: 0 | Q76: 0 | R76: 0 | S76: 0 | T76: 1 | U76: 2 | V76: 1 | W76: 0 | X76: =SUM(E76:W76) -> 6
C77: 5. SUPARMAN | E77: 0 | F77: 0 | G77: 0 | H77: 0 | I77: 0 | J77: 0 | K77: 0 | L77: 1 | M77: 0 | N77: 0 | O77: 0 | P77: 0 | Q77: 1 | R77: 0 | S77: 0 | T77: 1 | U77: 0 | V77: 0 | W77: 0 | X77: =SUM(E77:W77) -> 3
C78: 6. NURHIDAYAT | E78: 0 | F78: 0 | G78: 0 | H78: 0 | I78: 1 | J78: 0 | K78: 0 | L78: 0 | M78: 0 | N78: 0 | O78: 0 | P78: 0 | Q78: 0 | R78: 0 | S78: 0 | T78: 0 | U78: 0 | V78: 0 | W78: 0 | X78: =SUM(E78:W78) -> 1
A79: B | B79: JUMLAH SUARA SAH PARTAI POLITIK DAN CALON (A1 + A2) | E79: =SUM(E72:E78) -> 28 | F79: =SUM(F72:F78) -> 14 | G79: =SUM(G72:G78) -> 15 | H79: =SUM(H72:H78) -> 10 | I79: =SUM(I72:I78) -> 17 | J79: =SUM(J72:J78) -> 17 | K79: =SUM(K72:K78) -> 20 | L79: =SUM(L72:L78) -> 8 | ... W79: =SUM(W72:W78) -> 7 | X79: =SUM(E79:W79) -> 241
A81: A.1 | B81: 5. | C81: Partai NasDem | E81: 0 | F81: 0 | G81: 1 | H81: 1 | I81: 0 | J81: 1 | K81: 0 | L81: 0 | M81: 0 | N81: 0 | O81: 0 | P81: 0 | Q81: 0 | R81: 5 | S81: 0 | T81: 0 | U81: 2 | V81: 0 | W81: 9 | X81: =SUM(E81:W81) -> 19
A82: A.2 | C82: 1. RATIH NUR HAYATI, S.T. | E82: 0 | F82: 0 | G82: 0 | H82: 1 | I82: 0 | J82: 0 | K82: 3 | L82: 0 | M82: 0 | N82: 0 | O82: 0 | P82: 0 | Q82: 2 | R82: 101 | S82: 0 | T82: 0 | U82: 1 | V82: 12 | W82: 73 | X82: =SUM(E82:W82) -> 193
C83: 2. ISTILAH MUSTOFA, S.H. | E83: 0 | F83: 0 | G83: 0 | H83: 0 | I83: 0 | J83: 0 | K83: 0 | L83: 0 | M83: 0 | N83: 0 | O83: 0 | P83: 0 | Q83: 0 | R83: 0 | S83: 0 | T83: 0 | U83: 0 | V83: 0 | W83: 2 | X83: =SUM(E83:W83) -> 2
C84: 3. ACHMAD RIDHO HADISISWOYO, S.Tr.P. | E84: 0 | F84: 0 | G84: 0 | H84: 0 | I84: 0 | J84: 0 | K84: 0 | L84: 0 | M84: 0 | N84: 0 | O84: 0 | P84: 0 | Q84: 0 | R84: 0 | S84: 0 | T84: 0 | U84: 0 | V84: 0 | W84: 0 | X84: =SUM(E84:W84) -> 0
C85: 4. AKHMAD ROSIDI | E85: 0 | F85: 1 | G85: 0 | H85: 0 | I85: 0 | J85: 0 | K85: 0 | L85: 0 | M85: 0 | N85: 0 | O85: 0 | P85: 0 | Q85: 0 | R85: 0 | S85: 0 | T85: 0 | U85: 0 | V85: 0 | W85: 0 | X85: =SUM(E85:W85) -> 1
C86: 5. MUHAMAD VAHID FAIQ | E86: 0 | F86: 0 | G86: 0 | H86: 0 | I86: 0 | J86: 2 | K86: 0 | L86: 0 | M86: 0 | N86: 0 | O86: 0 | P86: 0 | Q86: 0 | R86: 0 | S86: 0 | T86: 0 | U86: 0 | V86: 1 | W86: 0 | X86: =SUM(E86:W86) -> 3
C87: 6. TITIS MEILIKA WIYONO | E87: 0 | F87: 3 | G87: 0 | H87: 0 | I87: 0 | J87: 0 | K87: 1 | L87: 0 | M87: 0 | N87: 0 | O87: 0 | P87: 0 | Q87: 0 | R87: 0 | S87: 0 | T87: 0 | U87: 0 | V87: 0 | W87: 0 | X87: =SUM(E87:W87) -> 4
A88: B | B88: JUMLAH SUARA SAH PARTAI POLITIK DAN CALON (A1 + A2) | E88: =SUM(E81:E87) -> 0 | F88: =SUM(F81:F87) -> 4 | G88: =SUM(G81:G87) -> 1 | H88: =SUM(H81:H87) -> 2 | I88: =SUM(I81:I87) -> 0 | J88: =SUM(J81:J87) -> 3 | K88: =SUM(K81:K87) -> 4 | L88: =SUM(L81:L87) -> 0 | ... W88: =SUM(W81:W87) -> 84 | X88: =SUM(E88:W88) -> 222
A90: A.1 | B90: 6. | C90: Partai Buruh | E90: 0 | F90: 0 | G90: 1 | H90: 3 | I90: 1 | J90: 2 | K90: 1 | L90: 0 | M90: 1 | N90: 1 | O90: 0 | P90: 0 | Q90: 0 | R90: 0 | S90: 1 | T90: 2 | U90: 2 | V90: 0 | W90: 3 | X90: =SUM(E90:W90) -> 18
A91: A.2 | X91: =SUM(E91:W91) -> 0
A92: B | B92: JUMLAH SUARA SAH PARTAI POLITIK DAN CALON (A1 + A2) | E92: =SUM(E90:E91) -> 0 | F92: =SUM(F90:F91) -> 0 | G92: =SUM(G90:G91) -> 1 | H92: =SUM(H90:H91) -> 3 | I92: =SUM(I90:I91) -> 1 | J92: =SUM(J90:J91) -> 2 | K92: =SUM(K90:K91) -> 1 | L92: =SUM(L90:L91) -> 0 | ... W92: =SUM(W90:W91) -> 3 | X92: =SUM(E92:W92) -> 18
A94: A.1 | B94: 7. | C94: Partai Gelombang Rakyat Indonesia | E94: 0 | F94: 1 | G94: 0 | H94: 0 | I94: 0 | J94: 0 | K94: 1 | L94: 1 | M94: 1 | N94: 0 | O94: 0 | P94: 0 | Q94: 0 | R94: 0 | S94: 1 | T94: 0 | U94: 0 | V94: 0 | W94: 0 | X94: =SUM(E94:W94) -> 5
A95: A.2 | C95: 1. RIFKI ALFAN SANI | E95: 0 | F95: 0 | G95: 0 | H95: 0 | I95: 0 | J95: 0 | K95: 0 | L95: 0 | M95: 0 | N95: 0 | O95: 0 | P95: 0 | Q95: 0 | R95: 0 | S95: 0 | T95: 0 | U95: 0 | V95: 0 | W95: 0 | X95: =SUM(E95:W95) -> 0
C96: 2. RAPI'I | E96: 0 | F96: 0 | G96: 0 | H96: 0 | I96: 0 | J96: 0 | K96: 1 | L96: 0 | M96: 0 | N96: 0 | O96: 0 | P96: 0 | Q96: 0 | R96: 0 | S96: 0 | T96: 0 | U96: 0 | V96: 0 | W96: 0 | X96: =SUM(E96:W96) -> 1
C97: 3. NUR IKA SETIAWATI | E97: 0 | F97: 0 | G97: 0 | H97: 0 | I97: 0 | J97: 0 | K97: 0 | L97: 0 | M97: 0 | N97: 0 | O97: 0 | P97: 0 | Q97: 0 | R97: 0 | S97: 0 | T97: 0 | U97: 0 | V97: 0 | W97: 0 | X97: =SUM(E97:W97) -> 0
A98: B | B98: JUMLAH SUARA SAH PARTAI POLITIK DAN CALON (A1 + A2) | E98: =SUM(E94:E97) -> 0 | F98: =SUM(F94:F97) -> 1 | G98: =SUM(G94:G97) -> 0 | H98: =SUM(H94:H97) -> 0 | I98: =SUM(I94:I97) -> 0 | J98: =SUM(J94:J97) -> 0 | K98: =SUM(K94:K97) -> 2 | L98: =SUM(L94:L97) -> 1 | ... W98: =SUM(W94:W97) -> 0 | X98: =SUM(E98:W98) -> 6
A100: A.1 | B100: 8. | C100: Partai Keadilan Sejahtera | E100: 1 | F100: 0 | G100: 0 | H100: 0 | I100: 1 | J100: 1 | K100: 1 | L100: 3 | M100: 0 | N100: 0 | O100: 0 | P100: 1 | Q100: 0 | R100: 0 | S100: 1 | T100: 0 | U100: 1 | V100: 0 | W100: 0 | X100: =SUM(E100:W100) -> 10
A101: A.2 | C101: 1. VITA RIMA YANTI, S.KM. | E101: 0 | F101: 3 | G101: 4 | H101: 1 | I101: 1 | J101: 6 | K101: 6 | L101: 27 | M101: 2 | N101: 0 | O101: 8 | P101: 17 | Q101: 0 | R101: 0 | S101: 11 | T101: 0 | U101: 0 | V101: 0 | W101: 0 | X101: =SUM(E101:W101) -> 86
C102: 2. EKO WAHYU HIDAYAT, A.Md. | E102: 1 | F102: 0 | G102: 0 | H102: 0 | I102: 0 | J102: 1 | K102: 0 | L102: 0 | M102: 0 | N102: 0 | O102: 0 | P102: 0 | Q102: 0 | R102: 0 | S102: 0 | T102: 0 | U102: 0 | V102: 0 | W102: 0 | X102: =SUM(E102:W102) -> 2
C103: 3. EDY PURNOMO | E103: 0 | F103: 0 | G103: 0 | H103: 0 | I103: 0 | J103: 0 | K103: 0 | L103: 0 | M103: 0 | N103: 0 | O103: 0 | P103: 0 | Q103: 0 | R103: 0 | S103: 0 | T103: 1 | U103: 0 | V103: 0 | W103: 0 | X103: =SUM(E103:W103) -> 1
C104: 4. SUNTARIAS PUTRI DAMAYANTI, A.Ma. | E104: 1 | F104: 6 | G104: 1 | H104: 0 | I104: 0 | J104: 0 | K104: 0 | L104: 0 | M104: 0 | N104: 0 | O104: 0 | P104: 0 | Q104: 0 | R104: 0 | S104: 0 | T104: 0 | U104: 1 | V104: 0 | W104: 0 | X104: =SUM(E104:W104) -> 9
C105: 5. MUHAMMAD AFIF | E105: 0 | F105: 0 | G105: 0 | H105: 0 | I105: 0 | J105: 0 | K105: 0 | L105: 0 | M105: 0 | N105: 0 | O105: 0 | P105: 1 | Q105: 0 | R105: 0 | S105: 0 | T105: 0 | U105: 0 | V105: 0 | W105: 0 | X105: =SUM(E105:W105) -> 1
C106: 6. SHOHIB QOMAD DILLAH, S.T.P. | E106: 0 | F106: 0 | G106: 0 | H106: 0 | I106: 0 | J106: 0 | K106: 0 | L106: 1 | M106: 0 | N106: 0 | O106: 0 | P106: 8 | Q106: 0 | R106: 0 | S106: 3 | T106: 0 | U106: 8 | V106: 0 | W106: 0 | X106: =SUM(E106:W106) -> 20
A107: B | B107: JUMLAH SUARA SAH PARTAI POLITIK DAN CALON (A1 + A2) | E107: =SUM(E100:E106) -> 3 | F107: =SUM(F100:F106) -> 9 | G107: =SUM(G100:G106) -> 5 | H107: =SUM(H100:H106) -> 1 | I107: =SUM(I100:I106) -> 2 | J107: =SUM(J100:J106) -> 8 | K107: =SUM(K100:K106) -> 7 | L107: =SUM(L100:L106) -> 31 | ... W107: =SUM(W100:W106) -> 0 | X107: =SUM(E107:W107) -> 129
A109: A.1 | B109: 9. | C109: Partai Kebangkitan Nusantara | E109: 0 | F109: 0 | G109: 0 | H109: 0 | I109: 0 | J109: 0 | K109: 0 | L109: 0 | M109: 0 | N109: 0 | O109: 0 | P109: 0 | Q109: 0 | R109: 0 | S109: 0 | T109: 0 | U109: 1 | V109: 0 | W109: 1 | X109: =SUM(E109:W109) -> 2
A110: A.2 | C110: 1. AGUS TARMIDI | X110: =SUM(E110:W110) -> 0
A111: B | B111: JUMLAH SUARA SAH PARTAI POLITIK DAN CALON (A1 + A2) | E111: =SUM(E109:E110) -> 0 | F111: =SUM(F109:F110) -> 0 | G111: =SUM(G109:G110) -> 0 | H111: =SUM(H109:H110) -> 0 | I111: =SUM(I109:I110) -> 0 | J111: =SUM(J109:J110) -> 0 | K111: =SUM(K109:K110) -> 0 | L111: =SUM(L109:L110) -> 0 | ... W111: =SUM(W109:W110) -> 1 | X111: =SUM(E111:W111) -> 2
A113: A.1 | B113: 10. | C113: Partai Hati Nurani Rakyat | E113: 1 | F113: 0 | G113: 0 | H113: 0 | I113: 0 | J113: 0 | K113: 1 | L113: 0 | M113: 0 | N113: 0 | O113: 0 | P113: 0 | Q113: 0 | R113: 0 | S113: 0 | T113: 1 | U113: 0 | V113: 0 | W113: 0 | X113: =SUM(E113:W113) -> 3
A114: A.2 | C114: 1. MOHAMAD ROSUL | E114: 0 | F114: 0 | G114: 0 | H114: 0 | I114: 0 | J114: 0 | K114: 0 | L114: 0 | M114: 0 | N114: 0 | O114: 0 | P114: 0 | Q114: 0 | R114: 0 | S114: 0 | T114: 0 | U114: 1 | V114: 0 | W114: 0 | X114: =SUM(E114:W114) -> 1
C115: 2. H. AHMAD NUR ALCHAFFAF | E115: 0 | F115: 0 | G115: 0 | H115: 0 | I115: 0 | J115: 0 | K115: 0 | L115: 0 | M115: 0 | N115: 0 | O115: 0 | P115: 0 | Q115: 0 | R115: 0 | S115: 0 | T115: 0 | U115: 0 | V115: 0 | W115: 0 | X115: =SUM(E115:W115) -> 0
C116: 3. ISTIQUMILAILLI | E116: 0 | F116: 0 | G116: 0 | H116: 0 | I116: 0 | J116: 0 | K116: 0 | L116: 0 | M116: 0 | N116: 0 | O116: 0 | P116: 0 | Q116: 0 | R116: 0 | S116: 0 | T116: 1 | U116: 0 | V116: 0 | W116: 0 | X116: =SUM(E116:W116) -> 1
C117: 4. JOKO NUGROHO | E117: 0 | F117: 0 | G117: 0 | H117: 0 | I117: 0 | J117: 0 | K117: 2 | L117: 0 | M117: 0 | N117: 0 | O117: 0 | P117: 0 | Q117: 0 | R117: 0 | S117: 0 | T117: 0 | U117: 0 | V117: 0 | W117: 0 | X117: =SUM(E117:W117) -> 2
C118: 5. MEGA PRAMESWARI | E118: 0 | F118: 0 | G118: 0 | H118: 0 | I118: 0 | J118: 0 | K118: 0 | L118: 0 | M118: 0 | N118: 0 | O118: 0 | P118: 0 | Q118: 0 | R118: 0 | S118: 0 | T118: 0 | U118: 0 | V118: 0 | W118: 0 | X118: =SUM(E118:W118) -> 0
C119: 6. BUDI HARTONO | E119: 0 | F119: 0 | G119: 0 | H119: 0 | I119: 0 | J119: 0 | K119: 0 | L119: 0 | M119: 0 | N119: 0 | O119: 0 | P119: 0 | Q119: 0 | R119: 0 | S119: 0 | T119: 0 | U119: 0 | V119: 0 | W119: 0 | X119: =SUM(E119:W119) -> 0
A120: B | B120: JUMLAH SUARA SAH PARTAI POLITIK DAN CALON (A1 + A2) | E120: =SUM(E113:E119) -> 1 | F120: =SUM(F113:F119) -> 0 | G120: =SUM(G113:G119) -> 0 | H120: =SUM(H113:H119) -> 0 | I120: =SUM(I113:I119) -> 0 | J120: =SUM(J113:J119) -> 0 | K120: =SUM(K113:K119) -> 3 | L120: =SUM(L113:L119) -> 0 | ... W120: =SUM(W113:W119) -> 0 | X120: =SUM(E120:W120) -> 7
...

Sheet SUMBERBULU
C2: Kecamatan
C3: Kabupaten | D3: BANYUWANGI
C4: Provinsi | D4: JAWA TIMUR
C9: Kelurahan
A12: I | B12: DATA PEMILIH DAN PENGGUNAAN HAK PILIH | Q12: JUMLAH AKHIR
A13: A | B13: DATA PEMILIH | E13: TPS 001 | F13: TPS 002 | G13: TPS 003 | H13: TPS 004 | I13: TPS 005 | J13: TPS 006 | K13: TPS 007 | L13: TPS 008 | M13: TPS 009 | N13: TPS 010 | O13: TPS 011 | P13: TPS 012
B14: Jumlah Pemilih dalam Daftar Pemilih Tetap (DPT) | D14: LK | E14: 147 | F14: 118 | G14: 145 | H14: 140 | I14: 140 | J14: 140 | K14: 140 | L14: 140 | M14: 125 | N14: 147 | O14: 127 | P14: 138 | Q14: =SUM(E14:P14) -> 1647
D15: PR | E15: 138 | F15: 136 | G15: 147 | H15: 147 | I15: 148 | J15: 142 | K15: 141 | L15: 133 | M15: 123 | N15: 138 | O15: 122 | P15: 130 | Q15: =SUM(E15:P15) -> 1645
D16: JML | E16: =SUM(E14:E15) -> 285 | F16: =SUM(F14:F15) -> 254 | G16: =SUM(G14:G15) -> 292 | H16: =SUM(H14:H15) -> 287 | I16: =SUM(I14:I15) -> 288 | J16: =SUM(J14:J15) -> 282 | K16: =SUM(K14:K15) -> 281 | L16: =SUM(L14:L15) -> 273 | ... P16: =SUM(P14:P15) -> 268 | Q16: =SUM(E16:P16) -> 3292
A18: B | B18: PENGGUNA HAK PILIH
B19: 1. | C19: Jumlah pengguna hak pilih dalam Daftar Pemilih Tetap (DPT) | D19: LK | E19: 114 | F19: 93 | G19: 106 | H19: 107 | I19: 109 | J19: 108 | K19: 100 | L19: 105 | M19: 94 | N19: 102 | O19: 93 | P19: 101 | Q19: =SUM(E19:P19) -> 1232
D20: PR | E20: 112 | F20: 109 | G20: 115 | H20: 113 | I20: 108 | J20: 115 | K20: 105 | L20: 108 | M20: 86 | N20: 104 | O20: 92 | P20: 102 | Q20: =SUM(E20:P20) -> 1269
D21: JML | E21: =SUM(E19:E20) -> 226 | F21: =SUM(F19:F20) -> 202 | G21: =SUM(G19:G20) -> 221 | H21: =SUM(H19:H20) -> 220 | I21: =SUM(I19:I20) -> 217 | J21: =SUM(J19:J20) -> 223 | K21: =SUM(K19:K20) -> 205 | L21: =SUM(L19:L20) -> 213 | ... P21: =SUM(P19:P20) -> 203 | Q21: =SUM(E21:P21) -> 2501
B22: 2. | C22: Jumlah pengguna hak pilih dalam Daftar Pemilih Tambahan (DPTb) | D22: LK | E22: 0 | F22: 0 | G22: 0 | H22: 0 | I22: 0 | J22: 0 | K22: 0 | L22: 0 | M22: 0 | N22: 1 | O22: 0 | P22: 0 | Q22: =SUM(E22:P22) -> 1
D23: PR | E23: 0 | F23: 0 | G23: 0 | H23: 0 | I23: 0 | J23: 0 | K23: 0 | L23: 0 | M23: 0 | N23: 0 | O23: 0 | P23: 0 | Q23: =SUM(E23:P23) -> 0
D24: JML | E24: =SUM(E22:E23) -> 0 | F24: =SUM(F22:F23) -> 0 | G24: =SUM(G22:G23) -> 0 | H24: =SUM(H22:H23) -> 0 | I24: =SUM(I22:I23) -> 0 | J24: =SUM(J22:J23) -> 0 | K24: =SUM(K22:K23) -> 0 | L24: =SUM(L22:L23) -> 0 | ... P24: =SUM(P22:P23) -> 0 | Q24: =SUM(E24:P24) -> 1
B25: 3. | C25: Jumlah pengguna hak pilih dalam Daftar Pemilih Khusus (DPK) | D25: LK | E25: 0 | F25: 0 | G25: 1 | H25: 1 | I25: 2 | J25: 2 | K25: 1 | L25: 0 | M25: 0 | N25: 0 | O25: 0 | P25: 1 | Q25: =SUM(E25:P25) -> 8
D26: PR | E26: 0 | F26: 3 | G26: 1 | H26: 1 | I26: 2 | J26: 2 | K26: 0 | L26: 0 | M26: 0 | N26: 2 | O26: 1 | P26: 0 | Q26: =SUM(E26:P26) -> 12
D27: JML | E27: =SUM(E25:E26) -> 0 | F27: =SUM(F25:F26) -> 3 | G27: =SUM(G25:G26) -> 2 | H27: =SUM(H25:H26) -> 2 | I27: =SUM(I25:I26) -> 4 | J27: =SUM(J25:J26) -> 4 | K27: =SUM(K25:K26) -> 1 | L27: =SUM(L25:L26) -> 0 | ... P27: =SUM(P25:P26) -> 1 | Q27: =SUM(E27:P27) -> 20
B28: 4. | C28: Jumlah Pengguna Hak Pilih (B.1+B.2+B.3) | D28: LK | E28: =SUM(E19,E22,E25) -> 114 | F28: =SUM(F19,F22,F25) -> 93 | G28: =SUM(G19,G22,G25) -> 107 | H28: =SUM(H19,H22,H25) -> 108 | I28: =SUM(I19,I22,I25) -> 111 | J28: =SUM(J19,J22,J25) -> 110 | K28: =SUM(K19,K22,K25) -> 101 | L28: =SUM(L19,L22,L25) -> 105 | ... P28: =SUM(P19,P22,P25) -> 102 | Q28: =SUM(E28:P28) -> 1241
D29: PR | E29: =SUM(E20,E23,E26) -> 112 | F29: =SUM(F20,F23,F26) -> 112 | G29: =SUM(G20,G23,G26) -> 116 | H29: =SUM(H20,H23,H26) -> 114 | I29: =SUM(I20,I23,I26) -> 110 | J29: =SUM(J20,J23,J26) -> 117 | K29: =SUM(K20,K23,K26) -> 105 | L29: =SUM(L20,L23,L26) -> 108 | ... P29: =SUM(P20,P23,P26) -> 102 | Q29: =SUM(E29:P29) -> 1281
D30: JML | E30: =SUM(E28:E29) -> 226 | F30: =SUM(F28:F29) -> 205 | G30: =SUM(G28:G29) -> 223 | H30: =SUM(H28:H29) -> 222 | I30: =SUM(I28:I29) -> 221 | J30: =SUM(J28:J29) -> 227 | K30: =SUM(K28:K29) -> 206 | L30: =SUM(L28:L29) -> 213 | ... P30: =SUM(P28:P29) -> 204 | Q30: =SUM(E30:P30) -> 2522
A32: II | B32: DATA PENGGUNAAN SURAT SUARA
A33: 1 | B33: Jumlah surat suara yang diterima, termasuk surat suara cadangan 2,5% dari DPT | E33: 271 | F33: 259 | G33: 288 | H33: 293 | I33: 294 | J33: 288 | K33: 287 | L33: 279 | M33: 253 | N33: 291 | O33: 253 | P33: 274 | Q33: =SUM(E33:P33) -> 3330
A34: 2 | B34: Jumlah surat suara yang digunakan | E34: 226 | F34: 205 | G34: 223 | H34: 222 | I34: 221 | J34: 227 | K34: 206 | L34: 213 | M34: 180 | N34: 209 | O34: 186 | P34: 204 | Q34: =SUM(E34:P34) -> 2522
A35: 3 | B35: Jumlah surat suara dikembalikan oleh pemilih (karena rusak atau keliru coblos) | E35: 0 | F35: 0 | G35: 0 | H35: 0 | I35: 0 | J35: 1 | K35: 0 | L35: 0 | M35: 0 | N35: 0 | O35: 0 | P35: 2 | Q35: =SUM(E35:P35) -> 3
A36: 4 | B36: Jumlah surat suara yang tidak digunakan/tidak terpakai, termasuk sisa surat suara cadangan | E36: =E33-(E34+E35) -> 45 | F36: =F33-(F34+F35) -> 54 | G36: =G33-(G34+G35) -> 65 | H36: =H33-(H34+H35) -> 71 | I36: =I33-(I34+I35) -> 73 | J36: =J33-(J34+J35) -> 60 | K36: =K33-(K34+K35) -> 81 | L36: =L33-(L34+L35) -> 66 | ... P36: =P33-(P34+P35) -> 68 | Q36: =SUM(E36:P36) -> 805
A38: III | B38: DATA PEMILIH DISABILITAS
B39: Jumlah seluruh Pemilih disabilitas yang menggunakan hak pilih | D39: LK | E39: 0 | F39: 0 | G39: 1 | H39: 0 | I39: 0 | J39: 0 | K39: 0 | L39: 0 | M39: 0 | N39: 1 | O39: 0 | P39: 0 | Q39: =SUM(E39:P39) -> 2
D40: PR | E40: 0 | F40: 3 | G40: 0 | H40: 0 | I40: 0 | J40: 0 | K40: 2 | L40: 0 | M40: 0 | N40: 0 | O40: 0 | P40: 0 | Q40: =SUM(E40:P40) -> 5
D41: JML | E41: =SUM(E39:E40) -> 0 | F41: =SUM(F39:F40) -> 3 | G41: =SUM(G39:G40) -> 1 | H41: =SUM(H39:H40) -> 0 | I41: =SUM(I39:I40) -> 0 | J41: =SUM(J39:J40) -> 0 | K41: =SUM(K39:K40) -> 2 | L41: =SUM(L39:L40) -> 0 | ... P41: =SUM(P39:P40) -> 0 | Q41: =SUM(E41:P41) -> 7
A43: IV | B43: DATA RINCIAN PEROLEHAN SUARA PASANGAN CALON BUPATI DAN WAKIL BUPATI
A44: NOMOR DAN NAMA CALON
A45: A.1 | B45: 1. | C45: Partai Kebangkitan Bangsa | E45: 14 | F45: 15 | G45: 11 | H45: 9 | I45: 16 | J45: 8 | K45: 6 | L45: 13 | M45: 6 | N45: 9 | O45: 8 | P45: 7 | Q45: =SUM(E45:P45) -> 122
A46: A.2 | C46: 1. H. MUHAMMAD ALI MAHRUS, S.H.I., M.H | E46: 30 | F46: 25 | G46: 56 | H46: 16 | I46: 11 | J46: 32 | K46: 7 | L46: 65 | M46: 14 | N46: 60 | O46: 49 | P46: 22 | Q46: =SUM(E46:P46) -> 387
C47: 2. TUPANG SOEDARGO | E47: 13 | F47: 2 | G47: 0 | H47: 36 | I47: 27 | J47: 12 | K47: 42 | L47: 12 | M47: 2 | N47: 4 | O47: 6 | P47: 6 | Q47: =SUM(E47:P47) -> 162
C48: 3. Hj. KHOLIFATUL HASANAH | E48: 3 | F48: 1 | G48: 2 | H48: 0 | I48: 1 | J48: 0 | K48: 1 | L48: 4 | M48: 1 | N48: 0 | O48: 0 | P48: 1 | Q48: =SUM(E48:P48) -> 14
C49: 4. FUAD HUMAIDI, S.H.I. | E49: 0 | F49: 0 | G49: 0 | H49: 1 | I49: 0 | J49: 0 | K49: 2 | L49: 0 | M49: 0 | N49: 0 | O49: 0 | P49: 1 | Q49: =SUM(E49:P49) -> 4
C50: 5. ENI WIJI LESTARI | E50: 0 | F50: 0 | G50: 0 | H50: 0 | I50: 0 | J50: 0 | K50: 0 | L50: 0 | M50: 0 | N50: 0 | O50: 0 | P50: 0 | Q50: =SUM(E50:P50) -> 0
C51: 6. SONNY AGUS SETIAWAN | E51: 8 | F51: 0 | G51: 0 | H51: 0 | I51: 0 | J51: 0 | K51: 0 | L51: 0 | M51: 0 | N51: 0 | O51: 2 | P51: 2 | Q51: =SUM(E51:P51) -> 12
A52: B | B52: JUMLAH SUARA SAH PARTAI POLITIK DAN CALON (A1 + A2) | E52: =SUM(E45:E51) -> 68 | F52: =SUM(F45:F51) -> 43 | G52: =SUM(G45:G51) -> 69 | H52: =SUM(H45:H51) -> 62 | I52: =SUM(I45:I51) -> 55 | J52: =SUM(J45:J51) -> 52 | K52: =SUM(K45:K51) -> 58 | L52: =SUM(L45:L51) -> 94 | ... P52: =SUM(P45:P51) -> 39 | Q52: =SUM(E52:P52) -> 701
A54: A.1 | B54: 2. | C54: Partai Gerakan Indonesia Raya | E54: 6 | F54: 10 | G54: 7 | H54: 10 | I54: 16 | J54: 5 | K54: 3 | L54: 11 | M54: 15 | N54: 9 | O54: 4 | P54: 13 | Q54: =SUM(E54:P54) -> 109
A55: A.2 | C55: 1. SUWITO | E55: 7 | F55: 19 | G55: 6 | H55: 25 | I55: 12 | J55: 22 | K55: 34 | L55: 19 | M55: 54 | N55: 8 | O55: 14 | P55: 8 | Q55: =SUM(E55:P55) -> 228
C56: 2. LIMPAT PRAWIRO DIKDO | E56: 2 | F56: 3 | G56: 6 | H56: 8 | I56: 3 | J56: 4 | K56: 0 | L56: 2 | M56: 1 | N56: 1 | O56: 0 | P56: 6 | Q56: =SUM(E56:P56) -> 36
C57: 3. PUPUT DESI PRATAMA EKA PUTRI | E57: 0 | F57: 2 | G57: 0 | H57: 0 | I57: 0 | J57: 3 | K57: 1 | L57: 0 | M57: 0 | N57: 0 | O57: 0 | P57: 1 | Q57: =SUM(E57:P57) -> 7
C58: 4. RUDI HANDOKO | E58: 2 | F58: 1 | G58: 0 | H58: 2 | I58: 0 | J58: 4 | K58: 1 | L58: 1 | M58: 3 | N58: 2 | O58: 2 | P58: 11 | Q58: =SUM(E58:P58) -> 29
C59: 5. IWAN SETIAWAN | E59: 0 | F59: 0 | G59: 0 | H59: 0 | I59: 0 | J59: 1 | K59: 0 | L59: 0 | M59: 0 | N59: 0 | O59: 0 | P59: 0 | Q59: =SUM(E59:P59) -> 1
C60: 6. JUWITA INDRASARI | E60: 0 | F60: 0 | G60: 0 | H60: 0 | I60: 0 | J60: 0 | K60: 0 | L60: 0 | M60: 0 | N60: 0 | O60: 0 | P60: 0 | Q60: =SUM(E60:P60) -> 0
A61: B | B61: JUMLAH SUARA SAH PARTAI POLITIK DAN CALON (A1 + A2) | E61: =SUM(E54:E60) -> 17 | F61: =SUM(F54:F60) -> 35 | G61: =SUM(G54:G60) -> 19 | H61: =SUM(H54:H60) -> 45 | I61: =SUM(I54:I60) -> 31 | J61: =SUM(J54:J60) -> 39 | K61: =SUM(K54:K60) -> 39 | L61: =SUM(L54:L60) -> 33 | ... P61: =SUM(P54:P60) -> 39 | Q61: =SUM(E61:P61) -> 410
A63: A.1 | B63: 3. | C63: Partai Demokrasi Indonesia Perjuangan | E63: 8 | F63: 12 | G63: 6 | H63: 5 | I63: 13 | J63: 5 | K63: 6 | L63: 5 | M63: 9 | N63: 11 | O63: 8 | P63: 10 | Q63: =SUM(E63:P63) -> 98
A64: A.2 | C64: 1. AHMAD MASROHAN | E64: 27 | F64: 11 | G64: 4 | H64: 4 | I64: 7 | J64: 5 | K64: 1 | L64: 4 | M64: 8 | N64: 8 | O64: 3 | P64: 11 | Q64: =SUM(E64:P64) -> 93
C65: 2. HARIYANTO | E65: 4 | F65: 1 | G65: 2 | H65: 2 | I65: 2 | J65: 1 | K65: 1 | L65: 4 | M65: 3 | N65: 5 | O65: 1 | P65: 0 | Q65: =SUM(E65:P65) -> 26
C66: 3. INDAH MARHENI | E66: 2 | F66: 0 | G66: 4 | H66: 2 | I66: 2 | J66: 0 | K66: 0 | L66: 0 | M66: 0 | N66: 11 | O66: 2 | P66: 0 | Q66: =SUM(E66:P66) -> 23
C67: 4. AGUS PRIYONO | E67: 30 | F67: 20 | G67: 38 | H67: 39 | I67: 29 | J67: 19 | K67: 13 | L67: 19 | M67: 12 | N67: 10 | O67: 12 | P67: 19 | Q67: =SUM(E67:P67) -> 260
C68: 5. SETYA RAHAYU | E68: 5 | F68: 5 | G68: 1 | H68: 1 | I68: 8 | J68: 0 | K68: 0 | L68: 0 | M68: 2 | N68: 1 | O68: 1 | P68: 0 | Q68: =SUM(E68:P68) -> 24
C69: 6. M. HAFI WIJAYA | E69: 1 | F69: 3 | G69: 3 | H69: 2 | I69: 1 | J69: 0 | K69: 2 | L69: 1 | M69: 0 | N69: 5 | O69: 0 | P69: 0 | Q69: =SUM(E69:P69) -> 18
A70: B | B70: JUMLAH SUARA SAH PARTAI POLITIK DAN CALON (A1 + A2) | E70: =SUM(E63:E69) -> 77 | F70: =SUM(F63:F69) -> 52 | G70: =SUM(G63:G69) -> 58 | H70: =SUM(H63:H69) -> 55 | I70: =SUM(I63:I69) -> 62 | J70: =SUM(J63:J69) -> 30 | K70: =SUM(K63:K69) -> 23 | L70: =SUM(L63:L69) -> 33 | ... P70: =SUM(P63:P69) -> 40 | Q70: =SUM(E70:P70) -> 542
A72: A.1 | B72: 4. | C72: Partai Golongan Karya | E72: 2 | F72: 4 | G72: 0 | H72: 0 | I72: 4 | J72: 0 | K72: 3 | L72: 2 | M72: 1 | N72: 4 | O72: 4 | P72: 11 | Q72: =SUM(E72:P72) -> 35
A73: A.2 | C73: 1. SRI YULIANI | E73: 3 | F73: 2 | G73: 2 | H73: 3 | I73: 0 | J73: 2 | K73: 6 | L73: 7 | M73: 2 | N73: 7 | O73: 25 | P73: 7 | Q73: =SUM(E73:P73) -> 66
C74: 2. ACHMAD SUMARNO, S.E. | E74: 0 | F74: 0 | G74: 1 | H74: 0 | I74: 1 | J74: 0 | K74: 1 | L74: 1 | M74: 1 | N74: 1 | O74: 0 | P74: 0 | Q74: =SUM(E74:P74) -> 6
C75: 3. MUHAMMAD SAHLAN, S.Sos., M.A. | E75: 2 | F75: 2 | G75: 0 | H75: 0 | I75: 4 | J75: 1 | K75: 0 | L75: 0 | M75: 1 | N75: 3 | O75: 2 | P75: 1 | Q75: =SUM(E75:P75) -> 16
C76: 4. MAYA YUSEFA, S.Pd. | E76: 0 | F76: 0 | G76: 0 | H76: 0 | I76: 0 | J76: 0 | K76: 0 | L76: 0 | M76: 0 | N76: 0 | O76: 0 | P76: 0 | Q76: =SUM(E76:P76) -> 0
C77: 5. SUPARMAN | E77: 1 | F77: 1 | G77: 0 | H77: 2 | I77: 2 | J77: 9 | K77: 4 | L77: 19 | M77: 0 | N77: 1 | O77: 0 | P77: 1 | Q77: =SUM(E77:P77) -> 40
C78: 6. NURHIDAYAT | E78: 0 | F78: 0 | G78: 0 | H78: 0 | I78: 0 | J78: 0 | K78: 0 | L78: 0 | M78: 0 | N78: 0 | O78: 0 | P78: 0 | Q78: =SUM(E78:P78) -> 0
A79: B | B79: JUMLAH SUARA SAH PARTAI POLITIK DAN CALON (A1 + A2) | E79: =SUM(E72:E78) -> 8 | F79: =SUM(F72:F78) -> 9 | G79: =SUM(G72:G78) -> 3 | H79: =SUM(H72:H78) -> 5 | I79: =SUM(I72:I78) -> 11 | J79: =SUM(J72:J78) -> 12 | K79: =SUM(K72:K78) -> 14 | L79: =SUM(L72:L78) -> 29 | ... P79: =SUM(P72:P78) -> 20 | Q79: =SUM(E79:P79) -> 163
A81: A.1 | B81: 5. | C81: Partai NasDem | E81: 1 | F81: 1 | G81: 0 | H81: 1 | I81: 1 | J81: 0 | K81: 4 | L81: 0 | M81: 0 | N81: 2 | O81: 0 | P81: 2 | Q81: =SUM(E81:P81) -> 12
A82: A.2 | C82: 1. RATIH NUR HAYATI, S.T. | E82: 1 | F82: 1 | G82: 0 | H82: 0 | I82: 1 | J82: 2 | K82: 2 | L82: 1 | M82: 0 | N82: 6 | O82: 2 | P82: 40 | Q82: =SUM(E82:P82) -> 56
C83: 2. ISTILAH MUSTOFA, S.H. | E83: 1 | F83: 0 | G83: 2 | H83: 0 | I83: 1 | J83: 1 | K83: 2 | L83: 0 | M83: 1 | N83: 0 | O83: 0 | P83: 0 | Q83: =SUM(E83:P83) -> 8
C84: 3. ACHMAD RIDHO HADISISWOYO, S.Tr.P. | E84: 0 | F84: 0 | G84: 0 | H84: 0 | I84: 0 | J84: 0 | K84: 1 | L84: 0 | M84: 0 | N84: 0 | O84: 0 | P84: 0 | Q84: =SUM(E84:P84) -> 1
C85: 4. AKHMAD ROSIDI | E85: 0 | F85: 4 | G85: 10 | H85: 2 | I85: 4 | J85: 0 | K85: 0 | L85: 0 | M85: 0 | N85: 1 | O85: 0 | P85: 1 | Q85: =SUM(E85:P85) -> 22
C86: 5. MUHAMAD VAHID FAIQ | E86: 0 | F86: 0 | G86: 0 | H86: 0 | I86: 0 | J86: 0 | K86: 0 | L86: 0 | M86: 0 | N86: 0 | O86: 0 | P86: 0 | Q86: =SUM(E86:P86) -> 0
C87: 6. TITIS MEILIKA WIYONO | E87: 3 | F87: 0 | G87: 0 | H87: 0 | I87: 0 | J87: 0 | K87: 0 | L87: 0 | M87: 0 | N87: 0 | O87: 0 | P87: 0 | Q87: =SUM(E87:P87) -> 3
