Workbook

Sheet DPRD KAB
C8: Kecamatan | D8: PURWOHARJO
C9: Kabupaten | D9: BANYUWANGI
C10: Provinsi | D10: JAWA TIMUR
A12: I | B12: DATA PEMILIH DAN PENGGUNAAN HAK PILIH | E12: JUMLAH AKHIR
A13: A | B13: DATA PEMILIH
B14: Jumlah Pemilih dalam Daftar Pemilih Tetap (DPT) | D14: LK | E14: =BULUREJO!AF14+GLAGAHAGUNG!AA14+GRAJAGAN!AV14+KARETAN!O14+KRADENAN!AK14+PURWOHARJO!AK14+SIDOREJO!AA14+SUMBERASRI!X14 -> 27886
D15: PR | E15: =BULUREJO!AF15+GLAGAHAGUNG!AA15+GRAJAGAN!AV15+KARETAN!O15+KRADENAN!AK15+PURWOHARJO!AK15+SIDOREJO!AA15+SUMBERASRI!X15 -> 27699
D16: JML | E16: =SUM(E14:E15) -> 55585
A18: B | B18: PENGGUNA HAK PILIH
B19: 1. | C19: Jumlah pengguna hak pilih dalam Daftar Pemilih Tetap (DPT) | D19: LK | E19: =BULUREJO!AF19+GLAGAHAGUNG!AA19+GRAJAGAN!AV19+KARETAN!O19+KRADENAN!AK19+PURWOHARJO!AK19+SIDOREJO!AA19+SUMBERASRI!X19 -> 21193
D20: PR | E20: =BULUREJO!AF20+GLAGAHAGUNG!AA20+GRAJAGAN!AV20+KARETAN!O20+KRADENAN!AK20+PURWOHARJO!AK20+SIDOREJO!AA20+SUMBERASRI!X20 -> 21906
D21: JML | E21: =SUM(E19:E20) -> 43099
B22: 2. | C22: Jumlah pengguna hak pilih dalam Daftar Pemilih Tambahan (DPTb) | D22: LK | E22: =BULUREJO!AF22+GLAGAHAGUNG!AA22+GRAJAGAN!AV22+KARETAN!O22+KRADENAN!AK22+PURWOHARJO!AK22+SIDOREJO!AA22+SUMBERASRI!X22 -> 22
D23: PR | E23: =BULUREJO!AF23+GLAGAHAGUNG!AA23+GRAJAGAN!AV23+KARETAN!O23+KRADENAN!AK23+PURWOHARJO!AK23+SIDOREJO!AA23+SUMBERASRI!X23 -> 13
D24: JML | E24: =SUM(E22:E23) -> 35
B25: 3. | C25: Jumlah pengguna hak pilih dalam Daftar Pemilih Khusus (DPK) | D25: LK | E25: =BULUREJO!AF25+GLAGAHAGUNG!AA25+GRAJAGAN!AV25+KARETAN!O25+KRADENAN!AK25+PURWOHARJO!AK25+SIDOREJO!AA25+SUMBERASRI!X25 -> 225
D26: PR | E26: =BULUREJO!AF26+GLAGAHAGUNG!AA26+GRAJAGAN!AV26+KARETAN!O26+KRADENAN!AK26+PURWOHARJO!AK26+SIDOREJO!AA26+SUMBERASRI!X26 -> 277
D27: JML | E27: =SUM(E25:E26) -> 502
B28: 4. | C28: Jumlah Pengguna Hak Pilih (B.1+B.2+B.3) | D28: LK | E28: =E19+E22+E25 -> 21440
D29: PR | E29: =E20+E23+E26 -> 22196
D30: JML | E30: =SUM(E28:E29) -> 43636
A32: II | B32: DATA PENGGUNAAN SURAT SUARA
A33: 1 | B33: Jumlah surat suara yang diterima, termasuk surat suara cadangan 2,5% dari DPT | E33: =BULUREJO!AF33+GLAGAHAGUNG!AA33+GRAJAGAN!AV33+KARETAN!O33+KRADENAN!AK33+PURWOHARJO!AK33+SIDOREJO!AA33+SUMBERASRI!X33 -> 56890
A34: 2 | B34: Jumlah surat suara yang digunakan | E34: =BULUREJO!AF34+GLAGAHAGUNG!AA34+GRAJAGAN!AV34+KARETAN!O34+KRADENAN!AK34+PURWOHARJO!AK34+SIDOREJO!AA34+SUMBERASRI!X34 -> 43636
A35: 3 | B35: Jumlah surat suara dikembalikan oleh pemilih (karena rusak atau keliru coblos) | E35: =BULUREJO!AF35+GLAGAHAGUNG!AA35+GRAJAGAN!AV35+KARETAN!O35+KRADENAN!AK35+PURWOHARJO!AK35+SIDOREJO!AA35+SUMBERASRI!X35 -> 111
A36: 4 | B36: Jumlah surat suara yang tidak digunakan/tidak terpakai, termasuk sisa surat suara cadangan | E36: =E33-(E34+E35) -> 13143
A38: III | B38: DATA PEMILIH DISABILITAS
B39: Jumlah seluruh Pemilih disabilitas yang menggunakan hak pilih | D39: LK | E39: =BULUREJO!AF39+GLAGAHAGUNG!AA39+GRAJAGAN!AV39+KARETAN!O39+KRADENAN!AK39+PURWOHARJO!AK39+SIDOREJO!AA39+SUMBERASRI!X39 -> 19
D40: PR | E40: =BULUREJO!AF40+GLAGAHAGUNG!AA40+GRAJAGAN!AV40+KARETAN!O40+KRADENAN!AK40+PURWOHARJO!AK40+SIDOREJO!AA40+SUMBERASRI!X40 -> 20
D41: JML | E41: =SUM(E39:E40) -> 39
A43: IV | B43: DATA RINCIAN PEROLEHAN SUARA PASANGAN CALON BUPATI DAN WAKIL BUPATI
A44: NOMOR DAN NAMA CALON
A45: A.1 | B45: 1. | C45: Partai Kebangkitan Bangsa | E45: =BULUREJO!AF45+GLAGAHAGUNG!AA45+GRAJAGAN!AV45+KARETAN!O45+KRADENAN!AK45+PURWOHARJO!AK45+SIDOREJO!AA45+SUMBERASRI!X45 -> 984
A46: A.2 | C46: 1. MUKHTAR NABALI MUFAUWIQ | E46: =BULUREJO!AF46+GLAGAHAGUNG!AA46+GRAJAGAN!AV46+KARETAN!O46+KRADENAN!AK46+PURWOHARJO!AK46+SIDOREJO!AA46+SUMBERASRI!X46 -> 877
C47: 2. H. SUSIYANTO | E47: =BULUREJO!AF47+GLAGAHAGUNG!AA47+GRAJAGAN!AV47+KARETAN!O47+KRADENAN!AK47+PURWOHARJO!AK47+SIDOREJO!AA47+SUMBERASRI!X47 -> 6637
C48: 3. DUWI HASTRENI, S.H. | E48: =BULUREJO!AF48+GLAGAHAGUNG!AA48+GRAJAGAN!AV48+KARETAN!O48+KRADENAN!AK48+PURWOHARJO!AK48+SIDOREJO!AA48+SUMBERASRI!X48 -> 877
C49: 4. MIFTAKHODIN | E49: =BULUREJO!AF49+GLAGAHAGUNG!AA49+GRAJAGAN!AV49+KARETAN!O49+KRADENAN!AK49+PURWOHARJO!AK49+SIDOREJO!AA49+SUMBERASRI!X49 -> 22
C50: 5. SITI MUSTIKAH | E50: =BULUREJO!AF50+GLAGAHAGUNG!AA50+GRAJAGAN!AV50+KARETAN!O50+KRADENAN!AK50+PURWOHARJO!AK50+SIDOREJO!AA50+SUMBERASRI!X50 -> 50
C51: 6. ABDUL GHOFUR | E51: =BULUREJO!AF51+GLAGAHAGUNG!AA51+GRAJAGAN!AV51+KARETAN!O51+KRADENAN!AK51+PURWOHARJO!AK51+SIDOREJO!AA51+SUMBERASRI!X51 -> 31
C52: 7. ABDUL ROHMAN, S.Pd. | E52: =BULUREJO!AF52+GLAGAHAGUNG!AA52+GRAJAGAN!AV52+KARETAN!O52+KRADENAN!AK52+PURWOHARJO!AK52+SIDOREJO!AA52+SUMBERASRI!X52 -> 421
A53: B | B53: JUMLAH SUARA SAH PARTAI POLITIK DAN CALON (A1 + A2) | E53: =SUM(E45:E52) -> 9899
A55: A.1 | B55: 2. | C55: Partai Gerakan Indonesia Raya | E55: =BULUREJO!AF55+GLAGAHAGUNG!AA55+GRAJAGAN!AV55+KARETAN!O55+KRADENAN!AK55+PURWOHARJO!AK55+SIDOREJO!AA55+SUMBERASRI!X55 -> 1575
A56: A.2 | C56: 1. Drs. H. SUPRAYOGIN | E56: =BULUREJO!AF56+GLAGAHAGUNG!AA56+GRAJAGAN!AV56+KARETAN!O56+KRADENAN!AK56+PURWOHARJO!AK56+SIDOREJO!AA56+SUMBERASRI!X56 -> 4294
C57: 2. MAHFUD SYAMSUL HADI | E57: =BULUREJO!AF57+GLAGAHAGUNG!AA57+GRAJAGAN!AV57+KARETAN!O57+KRADENAN!AK57+PURWOHARJO!AK57+SIDOREJO!AA57+SUMBERASRI!X57 -> 537
C58: 3. NUR AINI | E58: =BULUREJO!AF58+GLAGAHAGUNG!AA58+GRAJAGAN!AV58+KARETAN!O58+KRADENAN!AK58+PURWOHARJO!AK58+SIDOREJO!AA58+SUMBERASRI!X58 -> 301
C59: 4. ACHMAD ALI WAFFA | E59: =BULUREJO!AF59+GLAGAHAGUNG!AA59+GRAJAGAN!AV59+KARETAN!O59+KRADENAN!AK59+PURWOHARJO!AK59+SIDOREJO!AA59+SUMBERASRI!X59 -> 100
C60: 5. SRI HARTATIK | E60: =BULUREJO!AF60+GLAGAHAGUNG!AA60+GRAJAGAN!AV60+KARETAN!O60+KRADENAN!AK60+PURWOHARJO!AK60+SIDOREJO!AA60+SUMBERASRI!X60 -> 38
C61: 6. MAKIK SIHOMBING | E61: =BULUREJO!AF61+GLAGAHAGUNG!AA61+GRAJAGAN!AV61+KARETAN!O61+KRADENAN!AK61+PURWOHARJO!AK61+SIDOREJO!AA61+SUMBERASRI!X61 -> 7
C62: 7. LIDYA OKTAVIANA | E62: =BULUREJO!AF62+GLAGAHAGUNG!AA62+GRAJAGAN!AV62+KARETAN!O62+KRADENAN!AK62+PURWOHARJO!AK62+SIDOREJO!AA62+SUMBERASRI!X62 -> 40
A63: B | B63: JUMLAH SUARA SAH PARTAI POLITIK DAN CALON (A1 + A2) | E63: =SUM(E55:E62) -> 6892
A65: A.1 | B65: 3. | C65: Partai Demokrasi Indonesia Perjuangan | E65: =BULUREJO!AF65+GLAGAHAGUNG!AA65+GRAJAGAN!AV65+KARETAN!O65+KRADENAN!AK65+PURWOHARJO!AK65+SIDOREJO!AA65+SUMBERASRI!X65 -> 926
A66: A.2 | C66: 1. PATEMO | E66: =BULUREJO!AF66+GLAGAHAGUNG!AA66+GRAJAGAN!AV66+KARETAN!O66+KRADENAN!AK66+PURWOHARJO!AK66+SIDOREJO!AA66+SUMBERASRI!X66 -> 770
C67: 2. EKO HARIYONO | E67: =BULUREJO!AF67+GLAGAHAGUNG!AA67+GRAJAGAN!AV67+KARETAN!O67+KRADENAN!AK67+PURWOHARJO!AK67+SIDOREJO!AA67+SUMBERASRI!X67 -> 1288
C68: 3. SRI RUSMAWATI | E68: =BULUREJO!AF68+GLAGAHAGUNG!AA68+GRAJAGAN!AV68+KARETAN!O68+KRADENAN!AK68+PURWOHARJO!AK68+SIDOREJO!AA68+SUMBERASRI!X68 -> 114
C69: 4. SUGIYANTO | E69: =BULUREJO!AF69+GLAGAHAGUNG!AA69+GRAJAGAN!AV69+KARETAN!O69+KRADENAN!AK69+PURWOHARJO!AK69+SIDOREJO!AA69+SUMBERASRI!X69 -> 68
C70: 5. DHEA SARTIKA | E70: =BULUREJO!AF70+GLAGAHAGUNG!AA70+GRAJAGAN!AV70+KARETAN!O70+KRADENAN!AK70+PURWOHARJO!AK70+SIDOREJO!AA70+SUMBERASRI!X70 -> 665
C71: 6. WIDIAWATI | E71: =BULUREJO!AF71+GLAGAHAGUNG!AA71+GRAJAGAN!AV71+KARETAN!O71+KRADENAN!AK71+PURWOHARJO!AK71+SIDOREJO!AA71+SUMBERASRI!X71 -> 774
C72: 7. ARIF NUR CAHYO | E72: =BULUREJO!AF72+GLAGAHAGUNG!AA72+GRAJAGAN!AV72+KARETAN!O72+KRADENAN!AK72+PURWOHARJO!AK72+SIDOREJO!AA72+SUMBERASRI!X72 -> 835
A73: B | B73: JUMLAH SUARA SAH PARTAI POLITIK DAN CALON (A1 + A2) | E73: =SUM(E65:E72) -> 5440
A75: A.1 | B75: 4. | C75: Partai Golongan Karya | E75: =BULUREJO!AF75+GLAGAHAGUNG!AA75+GRAJAGAN!AV75+KARETAN!O75+KRADENAN!AK75+PURWOHARJO!AK75+SIDOREJO!AA75+SUMBERASRI!X75 -> 377
A76: A.2 | C76: 1. MOCHAMMAD ZAENUL ARIFIN, S.M. | E76: =BULUREJO!AF76+GLAGAHAGUNG!AA76+GRAJAGAN!AV76+KARETAN!O76+KRADENAN!AK76+PURWOHARJO!AK76+SIDOREJO!AA76+SUMBERASRI!X76 -> 562
C77: 2. NANANG EDY SUPRIYONO | E77: =BULUREJO!AF77+GLAGAHAGUNG!AA77+GRAJAGAN!AV77+KARETAN!O77+KRADENAN!AK77+PURWOHARJO!AK77+SIDOREJO!AA77+SUMBERASRI!X77 -> 279
C78: 3. SITI MUNAWAROH | E78: =BULUREJO!AF78+GLAGAHAGUNG!AA78+GRAJAGAN!AV78+KARETAN!O78+KRADENAN!AK78+PURWOHARJO!AK78+SIDOREJO!AA78+SUMBERASRI!X78 -> 49
C79: 4. SINUNG TEGUH SANTOSO, S.H., M.H. | E79: =BULUREJO!AF79+GLAGAHAGUNG!AA79+GRAJAGAN!AV79+KARETAN!O79+KRADENAN!AK79+PURWOHARJO!AK79+SIDOREJO!AA79+SUMBERASRI!X79 -> 53
C80: 5. Drs. ALI MUKHSIN | E80: =BULUREJO!AF80+GLAGAHAGUNG!AA80+GRAJAGAN!AV80+KARETAN!O80+KRADENAN!AK80+PURWOHARJO!AK80+SIDOREJO!AA80+SUMBERASRI!X80 -> 19
C81: 6. JUMIA KAMSISKA | E81: =BULUREJO!AF81+GLAGAHAGUNG!AA81+GRAJAGAN!AV81+KARETAN!O81+KRADENAN!AK81+PURWOHARJO!AK81+SIDOREJO!AA81+SUMBERASRI!X81 -> 8
C82: 7. Dra. DYAH PURWANINGSIH | E82: =BULUREJO!AF82+GLAGAHAGUNG!AA82+GRAJAGAN!AV82+KARETAN!O82+KRADENAN!AK82+PURWOHARJO!AK82+SIDOREJO!AA82+SUMBERASRI!X82 -> 493
A83: B | B83: JUMLAH SUARA SAH PARTAI POLITIK DAN CALON (A1 + A2) | E83: =SUM(E75:E82) -> 1840
A85: A.1 | B85: 5. | C85: Partai NasDem | E85: =BULUREJO!AF85+GLAGAHAGUNG!AA85+GRAJAGAN!AV85+KARETAN!O85+KRADENAN!AK85+PURWOHARJO!AK85+SIDOREJO!AA85+SUMBERASRI!X85 -> 443
A86: A.2 | C86: 1. AGUNG SETYO WIBOWO, S.E. | E86: =BULUREJO!AF86+GLAGAHAGUNG!AA86+GRAJAGAN!AV86+KARETAN!O86+KRADENAN!AK86+PURWOHARJO!AK86+SIDOREJO!AA86+SUMBERASRI!X86 -> 1171
C87: 2. M. AGHISTNI MAULANA S. | E87: =BULUREJO!AF87+GLAGAHAGUNG!AA87+GRAJAGAN!AV87+KARETAN!O87+KRADENAN!AK87+PURWOHARJO!AK87+SIDOREJO!AA87+SUMBERASRI!X87 -> 6526
C88: 3. MUJIATI | E88: =BULUREJO!AF88+GLAGAHAGUNG!AA88+GRAJAGAN!AV88+KARETAN!O88+KRADENAN!AK88+PURWOHARJO!AK88+SIDOREJO!AA88+SUMBERASRI!X88 -> 23
C89: 4. MOH. ALI MAGHFUR, S.S., M.Si. | E89: =BULUREJO!AF89+GLAGAHAGUNG!AA89+GRAJAGAN!AV89+KARETAN!O89+KRADENAN!AK89+PURWOHARJO!AK89+SIDOREJO!AA89+SUMBERASRI!X89 -> 39
C90: 5. NUR HIDAYAH, S.H. | E90: =BULUREJO!AF90+GLAGAHAGUNG!AA90+GRAJAGAN!AV90+KARETAN!O90+KRADENAN!AK90+PURWOHARJO!AK90+SIDOREJO!AA90+SUMBERASRI!X90 -> 558
C91: 6. NUR FATMAWATI | E91: =BULUREJO!AF91+GLAGAHAGUNG!AA91+GRAJAGAN!AV91+KARETAN!O91+KRADENAN!AK91+PURWOHARJO!AK91+SIDOREJO!AA91+SUMBERASRI!X91 -> 4
C92: 7. BAMBANG AGUS SANTOSO | E92: =BULUREJO!AF92+GLAGAHAGUNG!AA92+GRAJAGAN!AV92+KARETAN!O92+KRADENAN!AK92+PURWOHARJO!AK92+SIDOREJO!AA92+SUMBERASRI!X92 -> 25
A93: B | B93: JUMLAH SUARA SAH PARTAI POLITIK DAN CALON (A1 + A2) | E93: =SUM(E85:E92) -> 8789
A95: A.1 | B95: 6. | C95: Partai Buruh | E95: =BULUREJO!AF95+GLAGAHAGUNG!AA95+GRAJAGAN!AV95+KARETAN!O95+KRADENAN!AK95+PURWOHARJO!AK95+SIDOREJO!AA95+SUMBERASRI!X95 -> 59
A96: A.2 | C96: 1. YULIANTO | E96: =BULUREJO!AF96+GLAGAHAGUNG!AA96+GRAJAGAN!AV96+KARETAN!O96+KRADENAN!AK96+PURWOHARJO!AK96+SIDOREJO!AA96+SUMBERASRI!X96 -> 23
A97: B | B97: JUMLAH SUARA SAH PARTAI POLITIK DAN CALON (A1 + A2) | E97: =SUM(E95:E96) -> 82
A99: A.1 | B99: 7. | C99: Partai Gelombang Rakyat Indonesia | E99: =BULUREJO!AF99+GLAGAHAGUNG!AA99+GRAJAGAN!AV99+KARETAN!O99+KRADENAN!AK99+PURWOHARJO!AK99+SIDOREJO!AA99+SUMBERASRI!X99 -> 263
A100: A.2 | C100: 1. AGUNG TUTUKO | E100: =BULUREJO!AF100+GLAGAHAGUNG!AA100+GRAJAGAN!AV100+KARETAN!O100+KRADENAN!AK100+PURWOHARJO!AK100+SIDOREJO!AA100+SUMBERASRI!X100 -> 45
A101: B | B101: JUMLAH SUARA SAH PARTAI POLITIK DAN CALON (A1 + A2) | E101: =SUM(E99:E100) -> 308
A103: A.1 | B103: 8. | C103: Partai Keadilan Sejahtera | E103: =BULUREJO!AF103+GLAGAHAGUNG!AA103+GRAJAGAN!AV103+KARETAN!O103+KRADENAN!AK103+PURWOHARJO!AK103+SIDOREJO!AA103+SUMBERASRI!X103 -> 76
A104: A.2 | C104: 1. IMRON EFFENDI, S.Pd.I. | E104: =BULUREJO!AF104+GLAGAHAGUNG!AA104+GRAJAGAN!AV104+KARETAN!O104+KRADENAN!AK104+PURWOHARJO!AK104+SIDOREJO!AA104+SUMBERASRI!X104 -> 521
C105: 2. RIYANTO | E105: =BULUREJO!AF105+GLAGAHAGUNG!AA105+GRAJAGAN!AV105+KARETAN!O105+KRADENAN!AK105+PURWOHARJO!AK105+SIDOREJO!AA105+SUMBERASRI!X105 -> 18
C106: 3. DYAH RATNAWATI, S.P. | E106: =BULUREJO!AF106+GLAGAHAGUNG!AA106+GRAJAGAN!AV106+KARETAN!O106+KRADENAN!AK106+PURWOHARJO!AK106+SIDOREJO!AA106+SUMBERASRI!X106 -> 18
C107: 4. SLAMET EFENDI, S.Pd.I. | E107: =BULUREJO!AF107+GLAGAHAGUNG!AA107+GRAJAGAN!AV107+KARETAN!O107+KRADENAN!AK107+PURWOHARJO!AK107+SIDOREJO!AA107+SUMBERASRI!X107 -> 11
C108: 5. NIDA'UL A'DILAH | E108: =BULUREJO!AF108+GLAGAHAGUNG!AA108+GRAJAGAN!AV108+KARETAN!O108+KRADENAN!AK108+PURWOHARJO!AK108+SIDOREJO!AA108+SUMBERASRI!X108 -> 0
C109: 6. FUJI ARIANTI, S.Pd. | E109: =BULUREJO!AF109+GLAGAHAGUNG!AA109+GRAJAGAN!AV109+KARETAN!O109+KRADENAN!AK109+PURWOHARJO!AK109+SIDOREJO!AA109+SUMBERASRI!X109 -> 7
C110: 7. PUJI LEGA CAHYONO | E110: =BULUREJO!AF110+GLAGAHAGUNG!AA110+GRAJAGAN!AV110+KARETAN!O110+KRADENAN!AK110+PURWOHARJO!AK110+SIDOREJO!AA110+SUMBERASRI!X110 -> 0
A111: B | B111: JUMLAH SUARA SAH PARTAI POLITIK DAN CALON (A1 + A2) | E111: =SUM(E103:E110) -> 651
A113: A.1 | B113: 9. | C113: Partai Kebangkitan Nusantara | E113: =BULUREJO!AF113+GLAGAHAGUNG!AA113+GRAJAGAN!AV113+KARETAN!O113+KRADENAN!AK113+PURWOHARJO!AK113+SIDOREJO!AA113+SUMBERASRI!X113 -> 8
A114: A.2 | C114: 1. NANIN LINDYAWATI | E114: =BULUREJO!AF114+GLAGAHAGUNG!AA114+GRAJAGAN!AV114+KARETAN!O114+KRADENAN!AK114+PURWOHARJO!AK114+SIDOREJO!AA114+SUMBERASRI!X114 -> 6
A115: B | B115: JUMLAH SUARA SAH PARTAI POLITIK DAN CALON (A1 + A2) | E115: =SUM(E113:E114) -> 14
A117: A.1 | B117: 10. | C117: Partai Hati Nurani Rakyat | E117: =BULUREJO!AF117+GLAGAHAGUNG!AA117+GRAJAGAN!AV117+KARETAN!O117+KRADENAN!AK117+PURWOHARJO!AK117+SIDOREJO!AA117+SUMBERASRI!X117 -> 11
A118: A.2 | B118: A.2 | C118: 1. WAWAN KRISDIANTO, S.T. | E118: =BULUREJO!AF118+GLAGAHAGUNG!AA118+GRAJAGAN!AV118+KARETAN!O118+KRADENAN!AK118+PURWOHARJO!AK118+SIDOREJO!AA118+SUMBERASRI!X118 -> 9
C119: 2. Drs. SUGIYO | E119: =BULUREJO!AF119+GLAGAHAGUNG!AA119+GRAJAGAN!AV119+KARETAN!O119+KRADENAN!AK119+PURWOHARJO!AK119+SIDOREJO!AA119+SUMBERASRI!X119 -> 9
C120: 3. AGUS WIJAYANTI, S.T. | E120: =BULUREJO!AF120+GLAGAHAGUNG!AA120+GRAJAGAN!AV120+KARETAN!O120+KRADENAN!AK120+PURWOHARJO!AK120+SIDOREJO!AA120+SUMBERASRI!X120 -> 16
C121: 4. IMAM SIBAWEH, S.Pd.I., M.H. | E121: =BULUREJO!AF121+GLAGAHAGUNG!AA121+GRAJAGAN!AV121+KARETAN!O121+KRADENAN!AK121+PURWOHARJO!AK121+SIDOREJO!AA121+SUMBERASRI!X121 -> 37
...

Sheet GRAJAGAN
C2: Kecamatan | D2: PURWOHARJO
C3: Kabupaten | D3: BANYUWANGI
C4: Provinsi | D4: JAWA TIMUR
C9: Kelurahan | D9: GRAJAGAN
A12: I | B12: DATA PEMILIH DAN PENGGUNAAN HAK PILIH | AV12: JUMLAH AKHIR
A13: A | B13: DATA PEMILIH | E13: TPS 001 | F13: TPS 002 | G13: TPS 003 | H13: TPS 004 | I13: TPS 005 | J13: TPS 006 | K13: TPS 007 | L13: TPS 008 | M13: TPS 009 | N13: TPS 010 | O13: TPS 011 | P13: TPS 012 | Q13: TPS 013 | R13: TPS 014 | S13: TPS 015 | T13: TPS 016 | U13: TPS 017 | V13: TPS 018 | W13: TPS 019 | X13: TPS 020 | Y13: TPS 021 | Z13: TPS 022 | AA13: TPS 023 | AB13: TPS 024 | AC13: TPS 025 | AD13: TPS 026 | AE13: TPS 027 | AF13: TPS 028 | AG13: TPS 029 | AH13: TPS 030 | AI13: TPS 031 | AJ13: TPS 032 | AK13: TPS 033 | AL13: TPS 034 | AM13: TPS 035 | AN13: TPS 036 | AO13: TPS 037 | AP13: TPS 038 | AQ13: TPS 039 | AR13: TPS 040 | AS13: TPS 041 | AT13: TPS 042 | AU13: TPS 043
B14: Jumlah Pemilih dalam Daftar Pemilih Tetap (DPT) | D14: LK | E14: 133 | F14: 134 | G14: 131 | H14: 125 | I14: 129 | J14: 128 | K14: 127 | L14: 128 | M14: 131 | N14: 133 | O14: 130 | P14: 142 | Q14: 127 | R14: 133 | S14: 135 | T14: 131 | U14: 136 | V14: 131 | W14: 143 | X14: 129 | Y14: 127 | Z14: 131 | AA14: 137 | AB14: 134 | AC14: 141 | AD14: 130 | AE14: 131 | AF14: 138 | AG14: 138 | AH14: 142 | AI14: 133 | AJ14: 139 | AK14: 129 | AL14: 125 | AM14: 132 | AN14: 133 | AO14: 128 | AP14: 149 | AQ14: 130 | AR14: 143 | AS14: 130 | AT14: 136 | AU14: 141 | AV14: =SUM(E14:AU14) -> 5733
D15: PR | E15: 131 | F15: 127 | G15: 135 | H15: 127 | I15: 141 | J15: 136 | K15: 136 | L15: 139 | M15: 138 | N15: 132 | O15: 137 | P15: 121 | Q15: 130 | R15: 130 | S15: 134 | T15: 127 | U15: 129 | V15: 125 | W15: 124 | X15: 124 | Y15: 134 | Z15: 138 | AA15: 140 | AB15: 138 | AC15: 138 | AD15: 128 | AE15: 140 | AF15: 139 | AG15: 134 | AH15: 128 | AI15: 115 | AJ15: 122 | AK15: 138 | AL15: 124 | AM15: 133 | AN15: 124 | AO15: 141 | AP15: 117 | AQ15: 126 | AR15: 121 | AS15: 130 | AT15: 135 | AU15: 133 | AV15: =SUM(E15:AU15) -> 5639
D16: JML | E16: =SUM(E14:E15) -> 264 | F16: =SUM(F14:F15) -> 261 | G16: =SUM(G14:G15) -> 266 | H16: =SUM(H14:H15) -> 252 | I16: =SUM(I14:I15) -> 270 | J16: =SUM(J14:J15) -> 264 | K16: =SUM(K14:K15) -> 263 | L16: =SUM(L14:L15) -> 267 | ... AU16: =SUM(AU14:AU15) -> 274 | AV16: =SUM(E16:AU16) -> 11372
A18: B | B18: PENGGUNA HAK PILIH
B19: 1. | C19: Jumlah pengguna hak pilih dalam Daftar Pemilih Tetap (DPT) | D19: LK | E19: 90 | F19: 97 | G19: 95 | H19: 92 | I19: 89 | J19: 92 | K19: 88 | L19: 95 | M19: 95 | N19: 96 | O19: 93 | P19: 99 | Q19: 93 | R19: 90 | S19: 97 | T19: 88 | U19: 102 | V19: 110 | W19: 106 | X19: 95 | Y19: 108 | Z19: 104 | AA19: 97 | AB19: 106 | AC19: 108 | AD19: 89 | AE19: 101 | AF19: 99 | AG19: 101 | AH19: 105 | AI19: 84 | AJ19: 113 | AK19: 96 | AL19: 86 | AM19: 97 | AN19: 85 | AO19: 98 | AP19: 117 | AQ19: 91 | AR19: 109 | AS19: 100 | AT19: 102 | AU19: 114 | AV19: =SUM(E19:AU19) -> 4212
D20: PR | E20: 104 | F20: 99 | G20: 110 | H20: 94 | I20: 98 | J20: 98 | K20: 106 | L20: 110 | M20: 99 | N20: 96 | O20: 108 | P20: 95 | Q20: 91 | R20: 84 | S20: 100 | T20: 94 | U20: 94 | V20: 108 | W20: 101 | X20: 98 | Y20: 113 | Z20: 117 | AA20: 109 | AB20: 107 | AC20: 112 | AD20: 98 | AE20: 104 | AF20: 113 | AG20: 96 | AH20: 105 | AI20: 81 | AJ20: 88 | AK20: 93 | AL20: 89 | AM20: 94 | AN20: 76 | AO20: 103 | AP20: 93 | AQ20: 96 | AR20: 89 | AS20: 103 | AT20: 105 | AU20: 104 | AV20: =SUM(E20:AU20) -> 4275
D21: JML | E21: =SUM(E19:E20) -> 194 | F21: =SUM(F19:F20) -> 196 | G21: =SUM(G19:G20) -> 205 | H21: =SUM(H19:H20) -> 186 | I21: =SUM(I19:I20) -> 187 | J21: =SUM(J19:J20) -> 190 | K21: =SUM(K19:K20) -> 194 | L21: =SUM(L19:L20) -> 205 | ... AU21: =SUM(AU19:AU20) -> 218 | AV21: =SUM(E21:AU21) -> 8487
B22: 2. | C22: Jumlah pengguna hak pilih dalam Daftar Pemilih Tambahan (DPTb) | D22: LK | E22: 0 | F22: 0 | G22: 0 | H22: 0 | I22: 0 | J22: 0 | K22: 0 | L22: 0 | M22: 0 | N22: 0 | O22: 0 | P22: 0 | Q22: 0 | R22: 0 | S22: 0 | T22: 0 | U22: 0 | V22: 0 | W22: 0 | X22: 0 | Y22: 0 | Z22: 0 | AA22: 0 | AB22: 0 | AC22: 0 | AD22: 0 | AE22: 0 | AF22: 0 | AG22: 0 | AH22: 0 | AI22: 0 | AJ22: 0 | AK22: 0 | AL22: 0 | AM22: 1 | AN22: 0 | AO22: 0 | AP22: 0 | AQ22: 0 | AR22: 0 | AS22: 0 | AT22: 0 | AU22: 0 | AV22: =SUM(E22:AU22) -> 1
D23: PR | E23: 0 | F23: 0 | G23: 0 | H23: 0 | I23: 0 | J23: 0 | K23: 0 | L23: 0 | M23: 0 | N23: 0 | O23: 0 | P23: 0 | Q23: 0 | R23: 0 | S23: 0 | T23: 0 | U23: 0 | V23: 0 | W23: 0 | X23: 0 | Y23: 0 | Z23: 0 | AA23: 0 | AB23: 0 | AC23: 0 | AD23: 0 | AE23: 0 | AF23: 0 | AG23: 0 | AH23: 0 | AI23: 0 | AJ23: 0 | AK23: 0 | AL23: 0 | AM23: 0 | AN23: 0 | AO23: 0 | AP23: 0 | AQ23: 0 | AR23: 0 | AS23: 0 | AT23: 0 | AU23: 0 | AV23: =SUM(E23:AU23) -> 0
D24: JML | E24: =SUM(E22:E23) -> 0 | F24: =SUM(F22:F23) -> 0 | G24: =SUM(G22:G23) -> 0 | H24: =SUM(H22:H23) -> 0 | I24: =SUM(I22:I23) -> 0 | J24: =SUM(J22:J23) -> 0 | K24: =SUM(K22:K23) -> 0 | L24: =SUM(L22:L23) -> 0 | ... AU24: =SUM(AU22:AU23) -> 0 | AV24: =SUM(E24:AU24) -> 1
B25: 3. | C25: Jumlah pengguna hak pilih dalam Daftar Pemilih Khusus (DPK) | D25: LK | E25: 2 | F25: 3 | G25: 2 | H25: 3 | I25: 1 | J25: 5 | K25: 0 | L25: 1 | M25: 2 | N25: 3 | O25: 0 | P25: 0 | Q25: 0 | R25: 1 | S25: 0 | T25: 1 | U25: 0 | V25: 0 | W25: 3 | X25: 4 | Y25: 0 | Z25: 1 | AA25: 0 | AB25: 3 | AC25: 0 | AD25: 0 | AE25: 1 | AF25: 2 | AG25: 2 | AH25: 0 | AI25: 2 | AJ25: 1 | AK25: 0 | AL25: 7 | AM25: 0 | AN25: 6 | AO25: 1 | AP25: 1 | AQ25: 2 | AR25: 3 | AS25: 2 | AT25: 0 | AU25: 0 | AV25: =SUM(E25:AU25) -> 65
D26: PR | E26: 4 | F26: 4 | G26: 1 | H26: 5 | I26: 1 | J26: 9 | K26: 0 | L26: 1 | M26: 1 | N26: 1 | O26: 1 | P26: 0 | Q26: 1 | R26: 1 | S26: 0 | T26: 4 | U26: 1 | V26: 0 | W26: 4 | X26: 4 | Y26: 0 | Z26: 2 | AA26: 0 | AB26: 2 | AC26: 0 | AD26: 1 | AE26: 1 | AF26: 1 | AG26: 2 | AH26: 1 | AI26: 2 | AJ26: 2 | AK26: 0 | AL26: 12 | AM26: 0 | AN26: 7 | AO26: 2 | AP26: 2 | AQ26: 2 | AR26: 1 | AS26: 0 | AT26: 1 | AU26: 0 | AV26: =SUM(E26:AU26) -> 84
D27: JML | E27: =SUM(E25:E26) -> 6 | F27: =SUM(F25:F26) -> 7 | G27: =SUM(G25:G26) -> 3 | H27: =SUM(H25:H26) -> 8 | I27: =SUM(I25:I26) -> 2 | J27: =SUM(J25:J26) -> 14 | K27: =SUM(K25:K26) -> 0 | L27: =SUM(L25:L26) -> 2 | ... AU27: =SUM(AU25:AU26) -> 0 | AV27: =SUM(E27:AU27) -> 149
B28: 4. | C28: Jumlah Pengguna Hak Pilih (B.1+B.2+B.3) | D28: LK | E28: =SUM(E19,E22,E25) -> 92 | F28: =SUM(F19,F22,F25) -> 100 | G28: =SUM(G19,G22,G25) -> 97 | H28: =SUM(H19,H22,H25) -> 95 | I28: =SUM(I19,I22,I25) -> 90 | J28: =SUM(J19,J22,J25) -> 97 | K28: =SUM(K19,K22,K25) -> 88 | L28: =SUM(L19,L22,L25) -> 96 | ... AU28: =SUM(AU19,AU22,AU25) -> 114 | AV28: =SUM(E28:AU28) -> 4278
D29: PR | E29: =SUM(E20,E23,E26) -> 108 | F29: =SUM(F20,F23,F26) -> 103 | G29: =SUM(G20,G23,G26) -> 111 | H29: =SUM(H20,H23,H26) -> 99 | I29: =SUM(I20,I23,I26) -> 99 | J29: =SUM(J20,J23,J26) -> 107 | K29: =SUM(K20,K23,K26) -> 106 | L29: =SUM(L20,L23,L26) -> 111 | ... AU29: =SUM(AU20,AU23,AU26) -> 104 | AV29: =SUM(E29:AU29) -> 4359
D30: JML | E30: =SUM(E28:E29) -> 200 | F30: =SUM(F28:F29) -> 203 | G30: =SUM(G28:G29) -> 208 | H30: =SUM(H28:H29) -> 194 | I30: =SUM(I28:I29) -> 189 | J30: =SUM(J28:J29) -> 204 | K30: =SUM(K28:K29) -> 194 | L30: =SUM(L28:L29) -> 207 | ... AU30: =SUM(AU28:AU29) -> 218 | AV30: =SUM(E30:AU30) -> 8637
A32: II | B32: DATA PENGGUNAAN SURAT SUARA
A33: 1 | B33: Jumlah surat suara yang diterima, termasuk surat suara cadangan 2,5% dari DPT | E33: 270 | F33: 267 | G33: 272 | H33: 258 | I33: 276 | J33: 270 | K33: 269 | L33: 273 | M33: 275 | N33: 271 | O33: 274 | P33: 269 | Q33: 263 | R33: 269 | S33: 275 | T33: 264 | U33: 271 | V33: 263 | W33: 273 | X33: 259 | Y33: 267 | Z33: 275 | AA33: 283 | AB33: 278 | AC33: 285 | AD33: 264 | AE33: 297 | AF33: 283 | AG33: 278 | AH33: 276 | AI33: 253 | AJ33: 267 | AK33: 273 | AL33: 255 | AM33: 270 | AN33: 263 | AO33: 275 | AP33: 272 | AQ33: 262 | AR33: 270 | AS33: 266 | AT33: 277 | AU33: 280 | AV33: =SUM(E33:AU33) -> 11650
A34: 2 | B34: Jumlah surat suara yang digunakan | E34: 200 | F34: 203 | G34: 208 | H34: 194 | I34: 189 | J34: 204 | K34: 194 | L34: 207 | M34: 197 | N34: 196 | O34: 202 | P34: 194 | Q34: 185 | R34: 176 | S34: 197 | T34: 187 | U34: 197 | V34: 218 | W34: 214 | X34: 201 | Y34: 221 | Z34: 224 | AA34: 206 | AB34: 218 | AC34: 220 | AD34: 188 | AE34: 207 | AF34: 215 | AG34: 201 | AH34: 211 | AI34: 169 | AJ34: 204 | AK34: 189 | AL34: 194 | AM34: 192 | AN34: 174 | AO34: 204 | AP34: 213 | AQ34: 191 | AR34: 202 | AS34: 205 | AT34: 208 | AU34: 218 | AV34: =SUM(E34:AU34) -> 8637
A35: 3 | B35: Jumlah surat suara dikembalikan oleh pemilih (karena rusak atau keliru coblos) | E35: 1 | F35: 0 | G35: 0 | H35: 0 | I35: 0 | J35: 0 | K35: 0 | L35: 1 | M35: 0 | N35: 0 | O35: 0 | P35: 0 | Q35: 0 | R35: 0 | S35: 0 | T35: 0 | U35: 0 | V35: 1 | W35: 0 | X35: 0 | Y35: 0 | Z35: 1 | AA35: 0 | AB35: 1 | AC35: 1 | AD35: 1 | AE35: 2 | AF35: 0 | AG35: 1 | AH35: 0 | AI35: 0 | AJ35: 0 | AK35: 0 | AL35: 0 | AM35: 0 | AN35: 0 | AO35: 1 | AP35: 0 | AQ35: 0 | AR35: 0 | AS35: 1 | AT35: 0 | AU35: 0 | AV35: =SUM(E35:AU35) -> 12
A36: 4 | B36: Jumlah surat suara yang tidak digunakan/tidak terpakai, termasuk sisa surat suara cadangan | E36: =E33-(E34+E35) -> 69 | F36: =F33-(F34+F35) -> 64 | G36: =G33-(G34+G35) -> 64 | H36: =H33-(H34+H35) -> 64 | I36: =I33-(I34+I35) -> 87 | J36: =J33-(J34+J35) -> 66 | K36: =K33-(K34+K35) -> 75 | L36: =L33-(L34+L35) -> 65 | ... AU36: =AU33-(AU34+AU35) -> 62 | AV36: =SUM(E36:AU36) -> 3001
A38: III | B38: DATA PEMILIH DISABILITAS
B39: Jumlah seluruh Pemilih disabilitas yang menggunakan hak pilih | D39: LK | E39: 0 | F39: 0 | G39: 0 | H39: 0 | I39: 0 | J39: 0 | K39: 0 | L39: 0 | M39: 0 | N39: 0 | O39: 0 | P39: 0 | Q39: 0 | R39: 0 | S39: 0 | T39: 0 | U39: 0 | V39: 0 | W39: 0 | X39: 0 | Y39: 0 | Z39: 0 | AA39: 0 | AB39: 0 | AC39: 0 | AD39: 0 | AE39: 0 | AF39: 0 | AG39: 0 | AH39: 0 | AI39: 0 | AJ39: 0 | AK39: 0 | AL39: 0 | AM39: 0 | AN39: 0 | AO39: 0 | AP39: 0 | AQ39: 0 | AR39: 1 | AS39: 0 | AT39: 0 | AU39: 0 | AV39: =SUM(E39:AU39) -> 1
D40: PR | E40: 0 | F40: 0 | G40: 0 | H40: 0 | I40: 0 | J40: 0 | K40: 0 | L40: 0 | M40: 0 | N40: 0 | O40: 0 | P40: 0 | Q40: 0 | R40: 0 | S40: 0 | T40: 0 | U40: 0 | V40: 0 | W40: 0 | X40: 0 | Y40: 0 | Z40: 0 | AA40: 0 | AB40: 0 | AC40: 0 | AD40: 0 | AE40: 0 | AF40: 0 | AG40: 0 | AH40: 0 | AI40: 0 | AJ40: 0 | AK40: 0 | AL40: 0 | AM40: 0 | AN40: 0 | AO40: 0 | AP40: 0 | AQ40: 0 | AR40: 0 | AS40: 0 | AT40: 0 | AU40: 0 | AV40: =SUM(E40:AU40) -> 0
D41: JML | E41: =SUM(E39:E40) -> 0 | F41: =SUM(F39:F40) -> 0 | G41: =SUM(G39:G40) -> 0 | H41: =SUM(H39:H40) -> 0 | I41: =SUM(I39:I40) -> 0 | J41: =SUM(J39:J40) -> 0 | K41: =SUM(K39:K40) -> 0 | L41: =SUM(L39:L40) -> 0 | ... AU41: =SUM(AU39:AU40) -> 0 | AV41: =SUM(E41:AU41) -> 1
A43: IV | B43: DATA RINCIAN PEROLEHAN SUARA PASANGAN CALON BUPATI DAN WAKIL BUPATI
A44: NOMOR DAN NAMA CALON
A45: A.1 | B45: 1. | C45: Partai Kebangkitan Bangsa | E45: 4 | F45: 6 | G45: 6 | H45: 1 | I45: 1 | J45: 3 | K45: 6 | L45: 8 | M45: 1 | N45: 3 | O45: 2 | P45: 2 | Q45: 5 | R45: 0 | S45: 0 | T45: 4 | U45: 1 | V45: 0 | W45: 3 | X45: 1 | Y45: 1 | Z45: 8 | AA45: 6 | AB45: 7 | AC45: 3 | AD45: 3 | AE45: 4 | AF45: 4 | AG45: 7 | AH45: 0 | AI45: 2 | AJ45: 1 | AK45: 3 | AL45: 4 | AM45: 2 | AN45: 4 | AO45: 7 | AP45: 1 | AQ45: 5 | AR45: 5 | AS45: 7 | AT45: 4 | AU45: 4 | AV45: =SUM(E45:AU45) -> 149
A46: A.2 | C46: 1. MUKHTAR NABALI MUFAUWIQ | E46: 2 | F46: 1 | G46: 3 | H46: 6 | I46: 1 | J46: 2 | K46: 2 | L46: 1 | M46: 1 | N46: 2 | O46: 0 | P46: 2 | Q46: 0 | R46: 2 | S46: 0 | T46: 4 | U46: 1 | V46: 0 | W46: 2 | X46: 1 | Y46: 1 | Z46: 2 | AA46: 0 | AB46: 3 | AC46: 5 | AD46: 1 | AE46: 3 | AF46: 2 | AG46: 1 | AH46: 2 | AI46: 1 | AJ46: 4 | AK46: 2 | AL46: 4 | AM46: 6 | AN46: 0 | AO46: 4 | AP46: 9 | AQ46: 2 | AR46: 7 | AS46: 4 | AT46: 2 | AU46: 4 | AV46: =SUM(E46:AU46) -> 102
C47: 2. H. SUSIYANTO | E47: 18 | F47: 43 | G47: 44 | H47: 30 | I47: 43 | J47: 25 | K47: 24 | L47: 29 | M47: 39 | N47: 29 | O47: 64 | P47: 16 | Q47: 26 | R47: 20 | S47: 11 | T47: 57 | U47: 26 | V47: 32 | W47: 31 | X47: 14 | Y47: 3 | Z47: 41 | AA47: 31 | AB47: 56 | AC47: 63 | AD47: 58 | AE47: 66 | AF47: 41 | AG47: 53 | AH47: 99 | AI47: 4 | AJ47: 4 | AK47: 8 | AL47: 1 | AM47: 1 | AN47: 1 | AO47: 2 | AP47: 14 | AQ47: 4 | AR47: 4 | AS47: 5 | AT47: 6 | AU47: 3 | AV47: =SUM(E47:AU47) -> 1189
C48: 3. DUWI HASTRENI, S.H. | E48: 0 | F48: 0 | G48: 1 | H48: 0 | I48: 0 | J48: 0 | K48: 0 | L48: 0 | M48: 1 | N48: 0 | O48: 0 | P48: 0 | Q48: 0 | R48: 1 | S48: 0 | T48: 0 | U48: 1 | V48: 0 | W48: 1 | X48: 0 | Y48: 0 | Z48: 2 | AA48: 0 | AB48: 3 | AC48: 14 | AD48: 1 | AE48: 1 | AF48: 0 | AG48: 0 | AH48: 1 | AI48: 0 | AJ48: 5 | AK48: 3 | AL48: 1 | AM48: 0 | AN48: 0 | AO48: 2 | AP48: 1 | AQ48: 0 | AR48: 6 | AS48: 0 | AT48: 1 | AU48: 1 | AV48: =SUM(E48:AU48) -> 47
C49: 4. MIFTAKHODIN | E49: 0 | F49: 0 | G49: 0 | H49: 0 | I49: 0 | J49: 0 | K49: 0 | L49: 0 | M49: 0 | N49: 0 | O49: 0 | P49: 0 | Q49: 0 | R49: 0 | S49: 0 | T49: 0 | U49: 0 | V49: 0 | W49: 0 | X49: 0 | Y49: 0 | Z49: 0 | AA49: 0 | AB49: 0 | AC49: 0 | AD49: 0 | AE49: 0 | AF49: 0 | AG49: 0 | AH49: 0 | AI49: 0 | AJ49: 0 | AK49: 0 | AL49: 0 | AM49: 0 | AN49: 0 | AO49: 0 | AP49: 0 | AQ49: 0 | AR49: 0 | AS49: 1 | AT49: 1 | AU49: 0 | AV49: =SUM(E49:AU49) -> 2
C50: 5. SITI MUSTIKAH | E50: 0 | F50: 0 | G50: 0 | H50: 0 | I50: 0 | J50: 0 | K50: 0 | L50: 0 | M50: 0 | N50: 0 | O50: 0 | P50: 0 | Q50: 0 | R50: 2 | S50: 0 | T50: 0 | U50: 0 | V50: 0 | W50: 0 | X50: 0 | Y50: 0 | Z50: 0 | AA50: 1 | AB50: 1 | AC50: 0 | AD50: 0 | AE50: 1 | AF50: 0 | AG50: 0 | AH50: 0 | AI50: 0 | AJ50: 2 | AK50: 1 | AL50: 0 | AM50: 1 | AN50: 0 | AO50: 0 | AP50: 0 | AQ50: 0 | AR50: 0 | AS50: 0 | AT50: 0 | AU50: 1 | AV50: =SUM(E50:AU50) -> 10
C51: 6. ABDUL GHOFUR | E51: 0 | F51: 0 | G51: 0 | H51: 0 | I51: 0 | J51: 0 | K51: 0 | L51: 0 | M51: 0 | N51: 0 | O51: 0 | P51: 0 | Q51: 1 | R51: 0 | S51: 0 | T51: 0 | U51: 0 | V51: 0 | W51: 0 | X51: 0 | Y51: 0 | Z51: 0 | AA51: 0 | AB51: 0 | AC51: 0 | AD51: 0 | AE51: 0 | AF51: 0 | AG51: 0 | AH51: 0 | AI51: 0 | AJ51: 0 | AK51: 0 | AL51: 0 | AM51: 0 | AN51: 0 | AO51: 1 | AP51: 1 | AQ51: 0 | AR51: 1 | AS51: 0 | AT51: 1 | AU51: 0 | AV51: =SUM(E51:AU51) -> 5
C52: 7. ABDUL ROHMAN, S.Pd. | E52: 0 | F52: 3 | G52: 1 | H52: 5 | I52: 0 | J52: 0 | K52: 3 | L52: 0 | M52: 0 | N52: 0 | O52: 0 | P52: 0 | Q52: 0 | R52: 2 | S52: 2 | T52: 1 | U52: 0 | V52: 8 | W52: 3 | X52: 0 | Y52: 2 | Z52: 1 | AA52: 1 | AB52: 8 | AC52: 0 | AD52: 0 | AE52: 3 | AF52: 0 | AG52: 0 | AH52: 0 | AI52: 7 | AJ52: 0 | AK52: 20 | AL52: 7 | AM52: 8 | AN52: 0 | AO52: 5 | AP52: 8 | AQ52: 5 | AR52: 5 | AS52: 1 | AT52: 14 | AU52: 4 | AV52: =SUM(E52:AU52) -> 127
A53: B | B53: JUMLAH SUARA SAH PARTAI POLITIK DAN CALON (A1 + A2) | E53: =SUM(E45:E52) -> 24 | F53: =SUM(F45:F52) -> 53 | G53: =SUM(G45:G52) -> 55 | H53: =SUM(H45:H52) -> 42 | I53: =SUM(I45:I52) -> 45 | J53: =SUM(J45:J52) -> 30 | K53: =SUM(K45:K52) -> 35 | L53: =SUM(L45:L52) -> 38 | ... AU53: =SUM(AU45:AU52) -> 17 | AV53: =SUM(E53:AU53) -> 1631
A55: A.1 | B55: 2. | C55: Partai Gerakan Indonesia Raya | E55: 16 | F55: 9 | G55: 10 | H55: 11 | I55: 7 | J55: 16 | K55: 10 | L55: 15 | M55: 4 | N55: 16 | O55: 6 | P55: 16 | Q55: 8 | R55: 16 | S55: 8 | T55: 13 | U55: 8 | V55: 6 | W55: 7 | X55: 1 | Y55: 0 | Z55: 16 | AA55: 7 | AB55: 23 | AC55: 13 | AD55: 4 | AE55: 10 | AF55: 20 | AG55: 12 | AH55: 6 | AI55: 12 | AJ55: 9 | AK55: 4 | AL55: 9 | AM55: 11 | AN55: 11 | AO55: 6 | AP55: 12 | AQ55: 8 | AR55: 9 | AS55: 18 | AT55: 21 | AU55: 10 | AV55: =SUM(E55:AU55) -> 454
A56: A.2 | C56: 1. Drs. H. SUPRAYOGIN | E56: 56 | F56: 37 | G56: 28 | H56: 5 | I56: 3 | J56: 9 | K56: 24 | L56: 34 | M56: 77 | N56: 27 | O56: 6 | P56: 109 | Q56: 49 | R56: 14 | S56: 11 | T56: 4 | U56: 6 | V56: 4 | W56: 6 | X56: 58 | Y56: 55 | Z56: 33 | AA56: 13 | AB56: 5 | AC56: 6 | AD56: 5 | AE56: 7 | AF56: 4 | AG56: 3 | AH56: 1 | AI56: 6 | AJ56: 3 | AK56: 15 | AL56: 20 | AM56: 48 | AN56: 29 | AO56: 37 | AP56: 43 | AQ56: 21 | AR56: 10 | AS56: 18 | AT56: 13 | AU56: 10 | AV56: =SUM(E56:AU56) -> 972
C57: 2. MAHFUD SYAMSUL HADI | E57: 8 | F57: 6 | G57: 1 | H57: 2 | I57: 4 | J57: 5 | K57: 5 | L57: 4 | M57: 2 | N57: 5 | O57: 6 | P57: 5 | Q57: 2 | R57: 4 | S57: 2 | T57: 4 | U57: 3 | V57: 4 | W57: 3 | X57: 5 | Y57: 4 | Z57: 5 | AA57: 3 | AB57: 4 | AC57: 4 | AD57: 3 | AE57: 2 | AF57: 2 | AG57: 3 | AH57: 1 | AI57: 1 | AJ57: 1 | AK57: 3 | AL57: 4 | AM57: 2 | AN57: 0 | AO57: 4 | AP57: 2 | AQ57: 1 | AR57: 2 | AS57: 2 | AT57: 3 | AU57: 8 | AV57: =SUM(E57:AU57) -> 144
C58: 3. NUR AINI | E58: 0 | F58: 2 | G58: 1 | H58: 1 | I58: 0 | J58: 1 | K58: 2 | L58: 0 | M58: 0 | N58: 1 | O58: 1 | P58: 1 | Q58: 1 | R58: 1 | S58: 0 | T58: 0 | U58: 0 | V58: 4 | W58: 1 | X58: 0 | Y58: 0 | Z58: 0 | AA58: 1 | AB58: 1 | AC58: 4 | AD58: 1 | AE58: 1 | AF58: 1 | AG58: 0 | AH58: 0 | AI58: 3 | AJ58: 1 | AK58: 1 | AL58: 1 | AM58: 1 | AN58: 1 | AO58: 0 | AP58: 0 | AQ58: 0 | AR58: 2 | AS58: 14 | AT58: 12 | AU58: 2 | AV58: =SUM(E58:AU58) -> 64
C59: 4. ACHMAD ALI WAFFA | E59: 0 | F59: 0 | G59: 1 | H59: 0 | I59: 0 | J59: 0 | K59: 1 | L59: 1 | M59: 0 | N59: 1 | O59: 0 | P59: 0 | Q59: 2 | R59: 1 | S59: 2 | T59: 0 | U59: 0 | V59: 0 | W59: 0 | X59: 1 | Y59: 1 | Z59: 2 | AA59: 0 | AB59: 0 | AC59: 0 | AD59: 0 | AE59: 1 | AF59: 0 | AG59: 0 | AH59: 0 | AI59: 0 | AJ59: 0 | AK59: 0 | AL59: 0 | AM59: 2 | AN59: 0 | AO59: 0 | AP59: 0 | AQ59: 1 | AR59: 0 | AS59: 0 | AT59: 0 | AU59: 1 | AV59: =SUM(E59:AU59) -> 18
C60: 5. SRI HARTATIK | E60: 0 | F60: 0 | G60: 0 | H60: 0 | I60: 0 | J60: 0 | K60: 1 | L60: 0 | M60: 1 | N60: 1 | O60: 0 | P60: 0 | Q60: 0 | R60: 0 | S60: 0 | T60: 0 | U60: 0 | V60: 1 | W60: 0 | X60: 0 | Y60: 0 | Z60: 0 | AA60: 0 | AB60: 1 | AC60: 0 | AD60: 0 | AE60: 0 | AF60: 0 | AG60: 0 | AH60: 0 | AI60: 0 | AJ60: 0 | AK60: 1 | AL60: 0 | AM60: 0 | AN60: 0 | AO60: 0 | AP60: 1 | AQ60: 0 | AR60: 0 | AS60: 0 | AT60: 0 | AU60: 0 | AV60: =SUM(E60:AU60) -> 7
C61: 6. MAKIK SIHOMBING | E61: 0 | F61: 0 | G61: 0 | H61: 0 | I61: 1 | J61: 0 | K61: 0 | L61: 0 | M61: 0 | N61: 0 | O61: 0 | P61: 0 | Q61: 0 | R61: 0 | S61: 0 | T61: 0 | U61: 0 | V61: 0 | W61: 0 | X61: 0 | Y61: 0 | Z61: 0 | AA61: 0 | AB61: 0 | AC61: 0 | AD61: 0 | AE61: 0 | AF61: 0 | AG61: 0 | AH61: 0 | AI61: 0 | AJ61: 0 | AK61: 0 | AL61: 0 | AM61: 0 | AN61: 0 | AO61: 0 | AP61: 0 | AQ61: 1 | AR61: 0 | AS61: 0 | AT61: 0 | AU61: 0 | AV61: =SUM(E61:AU61) -> 2
C62: 7. LIDYA OKTAVIANA | E62: 0 | F62: 0 | G62: 0 | H62: 0 | I62: 0 | J62: 0 | K62: 1 | L62: 0 | M62: 0 | N62: 0 | O62: 0 | P62: 0 | Q62: 1 | R62: 1 | S62: 0 | T62: 0 | U62: 0 | V62: 0 | W62: 0 | X62: 0 | Y62: 0 | Z62: 1 | AA62: 0 | AB62: 0 | AC62: 1 | AD62: 0 | AE62: 0 | AF62: 0 | AG62: 0 | AH62: 0 | AI62: 0 | AJ62: 0 | AK62: 0 | AL62: 1 | AM62: 0 | AN62: 0 | AO62: 0 | AP62: 0 | AQ62: 0 | AR62: 0 | AS62: 0 | AT62: 0 | AU62: 1 | AV62: =SUM(E62:AU62) -> 7
A63: B | B63: JUMLAH SUARA SAH PARTAI POLITIK DAN CALON (A1 + A2) | E63: =SUM(E55:E62) -> 80 | F63: =SUM(F55:F62) -> 54 | G63: =SUM(G55:G62) -> 41 | H63: =SUM(H55:H62) -> 19 | I63: =SUM(I55:I62) -> 15 | J63: =SUM(J55:J62) -> 31 | K63: =SUM(K55:K62) -> 44 | L63: =SUM(L55:L62) -> 54 | ... AU63: =SUM(AU55:AU62) -> 32 | AV63: =SUM(E63:AU63) -> 1668
A65: A.1 | B65: 3. | C65: Partai Demokrasi Indonesia Perjuangan | E65: 3 | F65: 3 | G65: 7 | H65: 2 | I65: 2 | J65: 6 | K65: 5 | L65: 4 | M65: 1 | N65: 7 | O65: 5 | P65: 5 | Q65: 10 | R65: 0 | S65: 4 | T65: 6 | U65: 2 | V65: 4 | W65: 4 | X65: 0 | Y65: 0 | Z65: 10 | AA65: 4 | AB65: 10 | AC65: 8 | AD65: 2 | AE65: 12 | AF65: 20 | AG65: 8 | AH65: 0 | AI65: 10 | AJ65: 7 | AK65: 5 | AL65: 2 | AM65: 11 | AN65: 9 | AO65: 7 | AP65: 7 | AQ65: 4 | AR65: 3 | AS65: 7 | AT65: 13 | AU65: 6 | AV65: =SUM(E65:AU65) -> 245
A66: A.2 | C66: 1. PATEMO | E66: 2 | F66: 8 | G66: 9 | H66: 6 | I66: 0 | J66: 4 | K66: 40 | L66: 6 | M66: 0 | N66: 0 | O66: 0 | P66: 0 | Q66: 5 | R66: 2 | S66: 0 | T66: 1 | U66: 1 | V66: 1 | W66: 1 | X66: 0 | Y66: 0 | Z66: 2 | AA66: 4 | AB66: 0 | AC66: 2 | AD66: 2 | AE66: 1 | AF66: 4 | AG66: 6 | AH66: 0 | AI66: 1 | AJ66: 0 | AK66: 1 | AL66: 2 | AM66: 5 | AN66: 3 | AO66: 0 | AP66: 0 | AQ66: 4 | AR66: 4 | AS66: 0 | AT66: 1 | AU66: 2 | AV66: =SUM(E66:AU66) -> 130
C67: 2. EKO HARIYONO | E67: 1 | F67: 1 | G67: 1 | H67: 2 | I67: 0 | J67: 2 | K67: 6 | L67: 4 | M67: 0 | N67: 2 | O67: 1 | P67: 1 | Q67: 6 | R67: 1 | S67: 0 | T67: 1 | U67: 1 | V67: 2 | W67: 2 | X67: 2 | Y67: 2 | Z67: 20 | AA67: 10 | AB67: 6 | AC67: 7 | AD67: 1 | AE67: 1 | AF67: 2 | AG67: 1 | AH67: 0 | AI67: 5 | AJ67: 7 | AK67: 1 | AL67: 2 | AM67: 2 | AN67: 0 | AO67: 1 | AP67: 2 | AQ67: 5 | AR67: 11 | AS67: 8 | AT67: 2 | AU67: 4 | AV67: =SUM(E67:AU67) -> 136
C68: 3. SRI RUSMAWATI | E68: 0 | F68: 0 | G68: 1 | H68: 1 | I68: 0 | J68: 2 | K68: 1 | L68: 2 | M68: 1 | N68: 2 | O68: 0 | P68: 0 | Q68: 0 | R68: 2 | S68: 2 | T68: 2 | U68: 0 | V68: 0 | W68: 0 | X68: 0 | Y68: 0 | Z68: 1 | AA68: 1 | AB68: 3 | AC68: 0 | AD68: 0 | AE68: 1 | AF68: 2 | AG68: 1 | AH68: 0 | AI68: 0 | AJ68: 0 | AK68: 0 | AL68: 1 | AM68: 2 | AN68: 0 | AO68: 1 | AP68: 0 | AQ68: 0 | AR68: 0 | AS68: 0 | AT68: 3 | AU68: 1 | AV68: =SUM(E68:AU68) -> 33
C69: 4. SUGIYANTO | E69: 1 | F69: 1 | G69: 3 | H69: 0 | I69: 0 | J69: 1 | K69: 2 | L69: 1 | M69: 0 | N69: 1 | O69: 0 | P69: 0 | Q69: 3 | R69: 0 | S69: 1 | T69: 1 | U69: 0 | V69: 0 | W69: 0 | X69: 0 | Y69: 0 | Z69: 0 | AA69: 0 | AB69: 0 | AC69: 0 | AD69: 1 | AE69: 0 | AF69: 1 | AG69: 1 | AH69: 0 | AI69: 0 | AJ69: 0 | AK69: 0 | AL69: 0 | AM69: 1 | AN69: 0 | AO69: 1 | AP69: 0 | AQ69: 2 | AR69: 0 | AS69: 0 | AT69: 0 | AU69: 0 | AV69: =SUM(E69:AU69) -> 22
C70: 5. DHEA SARTIKA | E70: 0 | F70: 1 | G70: 0 | H70: 3 | I70: 1 | J70: 0 | K70: 0 | L70: 0 | M70: 0 | N70: 0 | O70: 0 | P70: 1 | Q70: 1 | R70: 0 | S70: 3 | T70: 0 | U70: 0 | V70: 0 | W70: 19 | X70: 0 | Y70: 0 | Z70: 0 | AA70: 0 | AB70: 1 | AC70: 0 | AD70: 0 | AE70: 1 | AF70: 1 | AG70: 1 | AH70: 0 | AI70: 0 | AJ70: 0 | AK70: 0 | AL70: 0 | AM70: 0 | AN70: 0 | AO70: 0 | AP70: 1 | AQ70: 0 | AR70: 0 | AS70: 1 | AT70: 0 | AU70: 0 | AV70: =SUM(E70:AU70) -> 35
C71: 6. WIDIAWATI | E71: 4 | F71: 2 | G71: 12 | H71: 11 | I71: 2 | J71: 6 | K71: 6 | L71: 19 | M71: 2 | N71: 23 | O71: 19 | P71: 1 | Q71: 12 | R71: 16 | S71: 3 | T71: 13 | U71: 7 | V71: 5 | W71: 3 | X71: 0 | Y71: 1 | Z71: 9 | AA71: 33 | AB71: 12 | AC71: 9 | AD71: 16 | AE71: 23 | AF71: 40 | AG71: 55 | AH71: 1 | AI71: 3 | AJ71: 4 | AK71: 6 | AL71: 6 | AM71: 10 | AN71: 2 | AO71: 3 | AP71: 0 | AQ71: 6 | AR71: 3 | AS71: 6 | AT71: 11 | AU71: 7 | AV71: =SUM(E71:AU71) -> 432
C72: 7. ARIF NUR CAHYO | E72: 0 | F72: 1 | G72: 2 | H72: 2 | I72: 3 | J72: 7 | K72: 3 | L72: 3 | M72: 0 | N72: 2 | O72: 1 | P72: 0 | Q72: 5 | R72: 1 | S72: 5 | T72: 0 | U72: 2 | V72: 4 | W72: 6 | X72: 0 | Y72: 0 | Z72: 1 | AA72: 1 | AB72: 2 | AC72: 0 | AD72: 0 | AE72: 0 | AF72: 14 | AG72: 2 | AH72: 0 | AI72: 1 | AJ72: 0 | AK72: 1 | AL72: 0 | AM72: 2 | AN72: 0 | AO72: 0 | AP72: 0 | AQ72: 0 | AR72: 1 | AS72: 0 | AT72: 3 | AU72: 3 | AV72: =SUM(E72:AU72) -> 78
A73: B | B73: JUMLAH SUARA SAH PARTAI POLITIK DAN CALON (A1 + A2) | E73: =SUM(E65:E72) -> 11 | F73: =SUM(F65:F72) -> 17 | G73: =SUM(G65:G72) -> 35 | H73: =SUM(H65:H72) -> 27 | I73: =SUM(I65:I72) -> 8 | J73: =SUM(J65:J72) -> 28 | K73: =SUM(K65:K72) -> 63 | L73: =SUM(L65:L72) -> 39 | ... AU73: =SUM(AU65:AU72) -> 23 | AV73: =SUM(E73:AU73) -> 1111
A75: A.1 | B75: 4. | C75: Partai Golongan Karya | E75: 1 | F75: 5 | G75: 1 | H75: 1 | I75: 1 | J75: 0 | K75: 2 | L75: 4 | M75: 3 | N75: 5 | O75: 1 | P75: 0 | Q75: 0 | R75: 1 | S75: 1 | T75: 1 | U75: 0 | V75: 1 | W75: 6 | X75: 0 | Y75: 0 | Z75: 3 | AA75: 1 | AB75: 5 | AC75: 5 | AD75: 2 | AE75: 1 | AF75: 4 | AG75: 2 | AH75: 0 | AI75: 1 | AJ75: 0 | AK75: 1 | AL75: 2 | AM75: 2 | AN75: 2 | AO75: 2 | AP75: 0 | AQ75: 3 | AR75: 1 | AS75: 0 | AT75: 5 | AU75: 0 | AV75: =SUM(E75:AU75) -> 76
A76: A.2 | C76: 1. MOCHAMMAD ZAENUL ARIFIN, S.M. | E76: 1 | F76: 2 | G76: 0 | H76: 0 | I76: 2 | J76: 0 | K76: 2 | L76: 11 | M76: 8 | N76: 10 | O76: 9 | P76: 0 | Q76: 0 | R76: 1 | S76: 0 | T76: 1 | U76: 0 | V76: 0 | W76: 3 | X76: 0 | Y76: 0 | Z76: 2 | AA76: 0 | AB76: 0 | AC76: 4 | AD76: 1 | AE76: 7 | AF76: 2 | AG76: 0 | AH76: 0 | AI76: 2 | AJ76: 1 | AK76: 1 | AL76: 4 | AM76: 0 | AN76: 0 | AO76: 0 | AP76: 7 | AQ76: 0 | AR76: 0 | AS76: 1 | AT76: 4 | AU76: 5 | AV76: =SUM(E76:AU76) -> 91
C77: 2. NANANG EDY SUPRIYONO | E77: 0 | F77: 1 | G77: 0 | H77: 0 | I77: 0 | J77: 1 | K77: 1 | L77: 3 | M77: 0 | N77: 0 | O77: 0 | P77: 0 | Q77: 0 | R77: 0 | S77: 0 | T77: 0 | U77: 0 | V77: 2 | W77: 2 | X77: 1 | Y77: 0 | Z77: 2 | AA77: 0 | AB77: 0 | AC77: 2 | AD77: 1 | AE77: 2 | AF77: 1 | AG77: 1 | AH77: 0 | AI77: 0 | AJ77: 1 | AK77: 0 | AL77: 0 | AM77: 0 | AN77: 0 | AO77: 0 | AP77: 0 | AQ77: 2 | AR77: 0 | AS77: 1 | AT77: 0 | AU77: 0 | AV77: =SUM(E77:AU77) -> 24
C78: 3. SITI MUNAWAROH | E78: 0 | F78: 0 | G78: 0 | H78: 0 | I78: 0 | J78: 1 | K78: 0 | L78: 1 | M78: 1 | N78: 0 | O78: 2 | P78: 0 | Q78: 0 | R78: 0 | S78: 1 | T78: 0 | U78: 0 | V78: 0 | W78: 0 | X78: 0 | Y78: 0 | Z78: 0 | AA78: 0 | AB78: 0 | AC78: 0 | AD78: 0 | AE78: 0 | AF78: 0 | AG78: 1 | AH78: 0 | AI78: 0 | AJ78: 0 | AK78: 0 | AL78: 0 | AM78: 0 | AN78: 0 | AO78: 0 | AP78: 0 | AQ78: 1 | AR78: 0 | AS78: 0 | AT78: 1 | AU78: 0 | AV78: =SUM(E78:AU78) -> 9
C79: 4. SINUNG TEGUH SANTOSO, S.H., M.H. | E79: 0 | F79: 0 | G79: 0 | H79: 1 | I79: 0 | J79: 0 | K79: 0 | L79: 0 | M79: 2 | N79: 1 | O79: 0 | P79: 0 | Q79: 2 | R79: 0 | S79: 0 | T79: 0 | U79: 0 | V79: 0 | W79: 0 | X79: 0 | Y79: 0 | Z79: 0 | AA79: 0 | AB79: 1 | AC79: 0 | AD79: 0 | AE79: 0 | AF79: 0 | AG79: 0 | AH79: 1 | AI79: 0 | AJ79: 0 | AK79: 0 | AL79: 0 | AM79: 0 | AN79: 0 | AO79: 0 | AP79: 0 | AQ79: 0 | AR79: 0 | AS79: 0 | AT79: 0 | AU79: 0 | AV79: =SUM(E79:AU79) -> 8
C80: 5. Drs. ALI MUKHSIN | E80: 0 | F80: 0 | G80: 0 | H80: 0 | I80: 0 | J80: 1 | K80: 0 | L80: 0 | M80: 0 | N80: 0 | O80: 0 | P80: 0 | Q80: 0 | R80: 0 | S80: 0 | T80: 1 | U80: 0 | V80: 0 | W80: 0 | X80: 0 | Y80: 0 | Z80: 0 | AA80: 0 | AB80: 1 | AC80: 0 | AD80: 1 | AE80: 0 | AF80: 0 | AG80: 0 | AH80: 0 | AI80: 0 | AJ80: 0 | AK80: 0 | AL80: 0 | AM80: 0 | AN80: 0 | AO80: 0 | AP80: 0 | AQ80: 0 | AR80: 0 | AS80: 0 | AT80: 0 | AU80: 0 | AV80: =SUM(E80:AU80) -> 4
C81: 6. JUMIA KAMSISKA | E81: 0 | F81: 0 | G81: 0 | H81: 0 | I81: 0 | J81: 0 | K81: 0 | L81: 0 | M81: 0 | N81: 1 | O81: 0 | P81: 0 | Q81: 0 | R81: 1 | S81: 0 | T81: 0 | U81: 0 | V81: 0 | W81: 0 | X81: 0 | Y81: 0 | Z81: 0 | AA81: 0 | AB81: 0 | AC81: 0 | AD81: 0 | AE81: 0 | AF81: 0 | AG81: 0 | AH81: 0 | AI81: 0 | AJ81: 0 | AK81: 0 | AL81: 0 | AM81: 0 | AN81: 0 | AO81: 0 | AP81: 0 | AQ81: 0 | AR81: 0 | AS81: 0 | AT81: 0 | AU81: 0 | AV81: =SUM(E81:AU81) -> 2
C82: 7. Dra. DYAH PURWANINGSIH | E82: 0 | F82: 3 | G82: 0 | H82: 7 | I82: 0 | J82: 1 | K82: 8 | L82: 13 | M82: 14 | N82: 2 | O82: 0 | P82: 0 | Q82: 1 | R82: 0 | S82: 0 | T82: 0 | U82: 0 | V82: 7 | W82: 0 | X82: 0 | Y82: 0 | Z82: 0 | AA82: 0 | AB82: 1 | AC82: 0 | AD82: 0 | AE82: 2 | AF82: 6 | AG82: 2 | AH82: 0 | AI82: 0 | AJ82: 0 | AK82: 0 | AL82: 0 | AM82: 0 | AN82: 0 | AO82: 0 | AP82: 0 | AQ82: 0 | AR82: 0 | AS82: 0 | AT82: 0 | AU82: 1 | AV82: =SUM(E82:AU82) -> 68
A83: B | B83: JUMLAH SUARA SAH PARTAI POLITIK DAN CALON (A1 + A2) | E83: =SUM(E75:E82) -> 2 | F83: =SUM(F75:F82) -> 11 | G83: =SUM(G75:G82) -> 1 | H83: =SUM(H75:H82) -> 9 | I83: =SUM(I75:I82) -> 3 | J83: =SUM(J75:J82) -> 4 | K83: =SUM(K75:K82) -> 13 | L83: =SUM(L75:L82) -> 32 | ... AU83: =SUM(AU75:AU82) -> 6 | AV83: =SUM(E83:AU83) -> 282
A85: A.1 | B85: 5. | C85: Partai NasDem | E85: 1 | F85: 5 | G85: 2 | H85: 6 | I85: 4 | J85: 1 | K85: 0 | L85: 1 | M85: 0 | N85: 1 | O85: 4 | P85: 0 | Q85: 0 | R85: 4 | S85: 0 | T85: 1 | U85: 2 | V85: 1 | W85: 3 | X85: 0 | Y85: 1 | Z85: 0 | AA85: 1 | AB85: 3 | AC85: 0 | AD85: 1 | AE85: 1 | AF85: 2 | AG85: 2 | AH85: 0 | AI85: 9 | AJ85: 14 | AK85: 2 | AL85: 1 | AM85: 2 | AN85: 1 | AO85: 10 | AP85: 5 | AQ85: 6 | AR85: 5 | AS85: 10 | AT85: 3 | AU85: 5 | AV85: =SUM(E85:AU85) -> 120
A86: A.2 | C86: 1. AGUNG SETYO WIBOWO, S.E. | E86: 2 | F86: 1 | G86: 1 | H86: 2 | I86: 4 | J86: 0 | K86: 1 | L86: 3 | M86: 5 | N86: 4 | O86: 4 | P86: 1 | Q86: 5 | R86: 3 | S86: 8 | T86: 3 | U86: 4 | V86: 13 | W86: 19 | X86: 14 | Y86: 58 | Z86: 0 | AA86: 1 | AB86: 1 | AC86: 5 | AD86: 60 | AE86: 1 | AF86: 4 | AG86: 2 | AH86: 0 | AI86: 42 | AJ86: 78 | AK86: 64 | AL86: 88 | AM86: 9 | AN86: 5 | AO86: 78 | AP86: 57 | AQ86: 54 | AR86: 81 | AS86: 61 | AT86: 34 | AU86: 109 | AV86: =SUM(E86:AU86) -> 989
C87: 2. M. AGHISTNI MAULANA S. | E87: 12 | F87: 34 | G87: 39 | H87: 51 | I87: 61 | J87: 40 | K87: 9 | L87: 13 | M87: 2 | N87: 10 | O87: 10 | P87: 14 | Q87: 8 | R87: 31 | S87: 49 | T87: 34 | U87: 34 | V87: 11 | W87: 34 | X87: 3 | Y87: 10 | Z87: 22 | AA87: 39 | AB87: 20 | AC87: 7 | AD87: 11 | AE87: 3 | AF87: 6 | AG87: 1 | AH87: 6 | AI87: 29 | AJ87: 20 | AK87: 19 | AL87: 10 | AM87: 20 | AN87: 18 | AO87: 12 | AP87: 14 | AQ87: 8 | AR87: 5 | AS87: 5 | AT87: 6 | AU87: 1 | AV87: =SUM(E87:AU87) -> 791
C88: 3. MUJIATI | E88: 0 | F88: 0 | G88: 1 | H88: 0 | I88: 0 | J88: 0 | K88: 0 | L88: 0 | M88: 0 | N88: 0 | O88: 0 | P88: 0 | Q88: 0 | R88: 0 | S88: 1 | T88: 0 | U88: 0 | V88: 1 | W88: 1 | X88: 0 | Y88: 0 | Z88: 0 | AA88: 0 | AB88: 0 | AC88: 0 | AD88: 1 | AE88: 0 | AF88: 0 | AG88: 0 | AH88: 0 | AI88: 1 | AJ88: 1 | AK88: 0 | AL88: 0 | AM88: 0 | AN88: 0 | AO88: 1 | AP88: 0 | AQ88: 0 | AR88: 0 | AS88: 1 | AT88: 0 | AU88: 0 | AV88: =SUM(E88:AU88) -> 9
C89: 4. MOH. ALI MAGHFUR, S.S., M.Si. | E89: 0 | F89: 1 | G89: 0 | H89: 0 | I89: 0 | J89: 1 | K89: 0 | L89: 0 | M89: 0 | N89: 0 | O89: 0 | P89: 1 | Q89: 0 | R89: 0 | S89: 0 | T89: 0 | U89: 0 | V89: 0 | W89: 0 | X89: 0 | Y89: 0 | Z89: 1 | AA89: 1 | AB89: 1 | AC89: 0 | AD89: 0 | AE89: 0 | AF89: 0 | AG89: 0 | AH89: 0 | AI89: 0 | AJ89: 0 | AK89: 0 | AL89: 0 | AM89: 0 | AN89: 0 | AO89: 0 | AP89: 0 | AQ89: 0 | AR89: 0 | AS89: 1 | AT89: 0 | AU89: 0 | AV89: =SUM(E89:AU89) -> 7
C90: 5. NUR HIDAYAH, S.H. | E90: 0 | F90: 0 | G90: 3 | H90: 0 | I90: 0 | J90: 0 | K90: 3 | L90: 0 | M90: 2 | N90: 3 | O90: 24 | P90: 1 | Q90: 0 | R90: 0 | S90: 0 | T90: 0 | U90: 0 | V90: 1 | W90: 1 | X90: 0 | Y90: 0 | Z90: 1 | AA90: 4 | AB90: 3 | AC90: 8 | AD90: 2 | AE90: 12 | AF90: 1 | AG90: 8 | AH90: 0 | AI90: 1 | AJ90: 12 | AK90: 3 | AL90: 5 | AM90: 2 | AN90: 2 | AO90: 1 | AP90: 10 | AQ90: 13 | AR90: 3 | AS90: 3 | AT90: 3 | AU90: 3 | AV90: =SUM(E90:AU90) -> 138
C91: 6. NUR FATMAWATI | E91: 0 | F91: 0 | G91: 0 | H91: 0 | I91: 0 | J91: 0 | K91: 0 | L91: 0 | M91: 0 | N91: 0 | O91: 0 | P91: 0 | Q91: 0 | R91: 0 | S91: 0 | T91: 0 | U91: 0 | V91: 0 | W91: 0 | X91: 0 | Y91: 0 | Z91: 0 | AA91: 0 | AB91: 0 | AC91: 0 | AD91: 0 | AE91: 0 | AF91: 0 | AG91: 1 | AH91: 0 | AI91: 0 | AJ91: 0 | AK91: 0 | AL91: 0 | AM91: 0 | AN91: 0 | AO91: 0 | AP91: 0 | AQ91: 0 | AR91: 0 | AS91: 0 | AT91: 0 | AU91: 0 | AV91: =SUM(E91:AU91) -> 1
C92: 7. BAMBANG AGUS SANTOSO | E92: 0 | F92: 0 | G92: 0 | H92: 0 | I92: 0 | J92: 0 | K92: 0 | L92: 0 | M92: 0 | N92: 0 | O92: 0 | P92: 0 | Q92: 0 | R92: 0 | S92: 0 | T92: 0 | U92: 1 | V92: 0 | W92: 0 | X92: 0 | Y92: 0 | Z92: 0 | AA92: 0 | AB92: 0 | AC92: 0 | AD92: 0 | AE92: 0 | AF92: 0 | AG92: 1 | AH92: 0 | AI92: 0 | AJ92: 0 | AK92: 0 | AL92: 0 | AM92: 0 | AN92: 0 | AO92: 0 | AP92: 0 | AQ92: 0 | AR92: 0 | AS92: 0 | AT92: 0 | AU92: 1 | AV92: =SUM(E92:AU92) -> 3
A93: B | B93: JUMLAH SUARA SAH PARTAI POLITIK DAN CALON (A1 + A2) | E93: =SUM(E85:E92) -> 15 | F93: =SUM(F85:F92) -> 41 | G93: =SUM(G85:G92) -> 46 | H93: =SUM(H85:H92) -> 59 | I93: =SUM(I85:I92) -> 69 | J93: =SUM(J85:J92) -> 42 | K93: =SUM(K85:K92) -> 13 | L93: =SUM(L85:L92) -> 17 | ... AU93: =SUM(AU85:AU92) -> 119 | AV93: =SUM(E93:AU93) -> 2058
A95: A.1 | B95: 6. | C95: Partai Buruh | E95: 0 | F95: 0 | G95: 0 | H95: 0 | I95: 0 | J95: 1 | K95: 0 | L95: 1 | M95: 0 | N95: 1 | O95: 1 | P95: 0 | Q95: 0 | R95: 2 | S95: 1 | T95: 1 | U95: 0 | V95: 2 | W95: 3 | X95: 0 | Y95: 1 | Z95: 0 | AA95: 0 | AB95: 0 | AC95: 1 | AD95: 0 | AE95: 0 | AF95: 1 | AG95: 1 | AH95: 0 | AI95: 0 | AJ95: 0 | AK95: 1 | AL95: 1 | AM95: 0 | AN95: 0 | AO95: 0 | AP95: 0 | AQ95: 0 | AR95: 0 | AS95: 0 | AT95: 0 | AU95: 0 | AV95: =SUM(E95:AU95) -> 19
A96: A.2 | C96: 1. YULIANTO | E96: 0 | F96: 0 | G96: 0 | H96: 0 | I96: 0 | J96: 0 | K96: 0 | L96: 0 | M96: 0 | N96: 0 | O96: 0 | P96: 0 | Q96: 1 | R96: 0 | S96: 0 | T96: 0 | U96: 0 | V96: 0 | W96: 0 | X96: 0 | Y96: 0 | Z96: 1 | AA96: 0 | AB96: 0 | AC96: 1 | AD96: 0 | AE96: 0 | AF96: 0 | AG96: 0 | AH96: 0 | AI96: 0 | AJ96: 1 | AK96: 0 | AL96: 0 | AM96: 0 | AN96: 0 | AO96: 0 | AP96: 1 | AQ96: 0 | AR96: 0 | AS96: 0 | AT96: 0 | AU96: 1 | AV96: =SUM(E96:AU96) -> 6
A97: B | B97: JUMLAH SUARA SAH PARTAI POLITIK DAN CALON (A1 + A2) | E97: =SUM(E95:E96) -> 0 | F97: =SUM(F95:F96) -> 0 | G97: =SUM(G95:G96) -> 0 | H97: =SUM(H95:H96) -> 0 | I97: =SUM(I95:I96) -> 0 | J97: =SUM(J95:J96) -> 1 | K97: =SUM(K95:K96) -> 0 | L97: =SUM(L95:L96) -> 1 | ... AU97: =SUM(AU95:AU96) -> 1 | AV97: =SUM(E97:AU97) -> 25
A99: A.1 | B99: 7. | C99: Partai Gelombang Rakyat Indonesia | E99: 1 | F99: 0 | G99: 1 | H99: 0 | I99: 0 | J99: 1 | K99: 2 | L99: 0 | M99: 1 | N99: 2 | O99: 1 | P99: 0 | Q99: 1 | R99: 1 | S99: 2 | T99: 0 | U99: 3 | V99: 2 | W99: 3 | X99: 0 | Y99: 0 | Z99: 3 | AA99: 0 | AB99: 0 | AC99: 3 | AD99: 0 | AE99: 2 | AF99: 3 | AG99: 1 | AH99: 1 | AI99: 3 | AJ99: 0 | AK99: 2 | AL99: 1 | AM99: 1 | AN99: 3 | AO99: 2 | AP99: 0 | AQ99: 2 | AR99: 0 | AS99: 1 | AT99: 1 | AU99: 4 | AV99: =SUM(E99:AU99) -> 54
A100: A.2 | C100: 1. AGUNG TUTUKO | E100: 1 | F100: 0 | G100: 0 | H100: 0 | I100: 1 | J100: 0 | K100: 0 | L100: 0 | M100: 0 | N100: 1 | O100: 0 | P100: 0 | Q100: 1 | R100: 0 | S100: 1 | T100: 0 | U100: 1 | V100: 0 | W100: 0 | X100: 0 | Y100: 0 | Z100: 1 | AA100: 0 | AB100: 0 | AC100: 1 | AD100: 0 | AE100: 0 | AF100: 0 | AG100: 0 | AH100: 0 | AI100: 1 | AJ100: 1 | AK100: 0 | AL100: 0 | AM100: 0 | AN100: 0 | AO100: 1 | AP100: 1 | AQ100: 0 | AR100: 0 | AS100: 1 | AT100: 1 | AU100: 1 | AV100: =SUM(E100:AU100) -> 15
A101: B | B101: JUMLAH SUARA SAH PARTAI POLITIK DAN CALON (A1 + A2) | E101: =SUM(E99:E100) -> 2 | F101: =SUM(F99:F100) -> 0 | G101: =SUM(G99:G100) -> 1 | H101: =SUM(H99:H100) -> 0 | I101: =SUM(I99:I100) -> 1 | J101: =SUM(J99:J100) -> 1 | K101: =SUM(K99:K100) -> 2 | L101: =SUM(L99:L100) -> 0 | ... AU101: =SUM(AU99:AU100) -> 5 | AV101: =SUM(E101:AU101) -> 69
A103: A.1 | B103: 8. | C103: Partai Keadilan Sejahtera | E103: 0 | F103: 0 | G103: 0 | H103: 0 | I103: 0 | J103: 1 | K103: 0 | L103: 1 | M103: 0 | N103: 0 | O103: 0 | P103: 1 | Q103: 0 | R103: 0 | S103: 0 | T103: 0 | U103: 0 | V103: 0 | W103: 3 | X103: 0 | Y103: 0 | Z103: 2 | AA103: 0 | AB103: 0 | AC103: 0 | AD103: 0 | AE103: 0 | AF103: 0 | AG103: 0 | AH103: 0 | AI103: 1 | AJ103: 1 | AK103: 0 | AL103: 0 | AM103: 0 | AN103: 0 | AO103: 0 | AP103: 0 | AQ103: 0 | AR103: 0 | AS103: 0 | AT103: 1 | AU103: 0 | AV103: =SUM(E103:AU103) -> 11
A104: A.2 | C104: 1. IMRON EFFENDI, S.Pd.I. | E104: 1 | F104: 1 | G104: 1 | H104: 0 | I104: 2 | J104: 2 | K104: 0 | L104: 5 | M104: 2 | N104: 3 | O104: 3 | P104: 0 | Q104: 2 | R104: 0 | S104: 1 | T104: 1 | U104: 0 | V104: 0 | W104: 9 | X104: 1 | Y104: 0 | Z104: 1 | AA104: 1 | AB104: 2 | AC104: 3 | AD104: 0 | AE104: 0 | AF104: 0 | AG104: 0 | AH104: 0 | AI104: 0 | AJ104: 0 | AK104: 0 | AL104: 0 | AM104: 0 | AN104: 0 | AO104: 0 | AP104: 0 | AQ104: 3 | AR104: 1 | AS104: 0 | AT104: 2 | AU104: 1 | AV104: =SUM(E104:AU104) -> 48
C105: 2. RIYANTO | E105: 0 | F105: 0 | G105: 1 | H105: 0 | I105: 0 | J105: 0 | K105: 1 | L105: 0 | M105: 0 | N105: 0 | O105: 0 | P105: 0 | Q105: 0 | R105: 0 | S105: 0 | T105: 0 | U105: 0 | V105: 0 | W105: 0 | X105: 0 | Y105: 0 | Z105: 1 | AA105: 0 | AB105: 0 | AC105: 0 | AD105: 0 | AE105: 0 | AF105: 0 | AG105: 0 | AH105: 0 | AI105: 0 | AJ105: 0 | AK105: 2 | AL105: 0 | AM105: 0 | AN105: 1 | AO105: 0 | AP105: 0 | AQ105: 0 | AR105: 0 | AS105: 0 | AT105: 1 | AU105: 0 | AV105: =SUM(E105:AU105) -> 7
C106: 3. DYAH RATNAWATI, S.P. | E106: 0 | F106: 0 | G106: 0 | H106: 0 | I106: 0 | J106: 0 | K106: 0 | L106: 2 | M106: 0 | N106: 0 | O106: 0 | P106: 0 | Q106: 0 | R106: 0 | S106: 0 | T106: 0 | U106: 0 | V106: 1 | W106: 0 | X106: 0 | Y106: 0 | Z106: 0 | AA106: 0 | AB106: 0 | AC106: 0 | AD106: 0 | AE106: 0 | AF106: 0 | AG106: 1 | AH106: 0 | AI106: 0 | AJ106: 0 | AK106: 0 | AL106: 0 | AM106: 0 | AN106: 0 | AO106: 0 | AP106: 0 | AQ106: 0 | AR106: 0 | AS106: 0 | AT106: 0 | AU106: 0 | AV106: =SUM(E106:AU106) -> 4
C107: 4. SLAMET EFENDI, S.Pd.I. | E107: 0 | F107: 0 | G107: 0 | H107: 0 | I107: 0 | J107: 0 | K107: 0 | L107: 0 | M107: 0 | N107: 0 | O107: 0 | P107: 0 | Q107: 0 | R107: 0 | S107: 0 | T107: 0 | U107: 0 | V107: 0 | W107: 0 | X107: 0 | Y107: 0 | Z107: 0 | AA107: 0 | AB107: 0 | AC107: 0 | AD107: 0 | AE107: 1 | AF107: 0 | AG107: 0 | AH107: 0 | AI107: 0 | AJ107: 0 | AK107: 0 | AL107: 0 | AM107: 0 | AN107: 0 | AO107: 0 | AP107: 0 | AQ107: 0 | AR107: 0 | AS107: 0 | AT107: 0 | AU107: 0 | AV107: =SUM(E107:AU107) -> 1
C108: 5. NIDA'UL A'DILAH | E108: 0 | F108: 0 | G108: 0 | H108: 0 | I108: 0 | J108: 0 | K108: 0 | L108: 0 | M108: 0 | N108: 0 | O108: 0 | P108: 0 | Q108: 0 | R108: 0 | S108: 0 | T108: 0 | U108: 0 | V108: 0 | W108: 0 | X108: 0 | Y108: 0 | Z108: 0 | AA108: 0 | AB108: 0 | AC108: 0 | AD108: 0 | AE108: 0 | AF108: 0 | AG108: 0 | AH108: 0 | AI108: 0 | AJ108: 0 | AK108: 0 | AL108: 0 | AM108: 0 | AN108: 0 | AO108: 0 | AP108: 0 | AQ108: 0 | AR108: 0 | AS108: 0 | AT108: 0 | AU108: 0 | AV108: =SUM(E108:AU108) -> 0
C109: 6. FUJI ARIANTI, S.Pd. | E109: 0 | F109: 0 | G109: 0 | H109: 0 | I109: 0 | J109: 0 | K109: 0 | L109: 0 | M109: 0 | N109: 0 | O109: 0 | P109: 0 | Q109: 0 | R109: 0 | S109: 0 | T109: 0 | U109: 0 | V109: 0 | W109: 0 | X109: 0 | Y109: 0 | Z109: 0 | AA109: 0 | AB109: 0 | AC109: 0 | AD109: 0 | AE109: 0 | AF109: 0 | AG109: 0 | AH109: 0 | AI109: 0 | AJ109: 0 | AK109: 0 | AL109: 0 | AM109: 0 | AN109: 0 | AO109: 0 | AP109: 0 | AQ109: 0 | AR109: 0 | AS109: 0 | AT109: 0 | AU109: 0 | AV109: =SUM(E109:AU109) -> 0
C110: 7. PUJI LEGA CAHYONO | E110: 0 | F110: 0 | G110: 0 | H110: 0 | I110: 0 | J110: 0 | K110: 0 | L110: 0 | M110: 0 | N110: 0 | O110: 0 | P110: 0 | Q110: 0 | R110: 0 | S110: 0 | T110: 0 | U110: 0 | V110: 0 | W110: 0 | X110: 0 | Y110: 0 | Z110: 0 | AA110: 0 | AB110: 0 | AC110: 0 | AD110: 0 | AE110: 0 | AF110: 0 | AG110: 0 | AH110: 0 | AI110: 0 | AJ110: 0 | AK110: 0 | AL110: 0 | AM110: 0 | AN110: 0 | AO110: 0 | AP110: 0 | AQ110: 0 | AR110: 0 | AS110: 0 | AT110: 0 | AU110: 0 | AV110: =SUM(E110:AU110) -> 0
A111: B | B111: JUMLAH SUARA SAH PARTAI POLITIK DAN CALON (A1 + A2) | E111: =SUM(E103:E110) -> 1 | F111: =SUM(F103:F110) -> 1 | G111: =SUM(G103:G110) -> 2 | H111: =SUM(H103:H110) -> 0 | I111: =SUM(I103:I110) -> 2 | J111: =SUM(J103:J110) -> 3 | K111: =SUM(K103:K110) -> 1 | L111: =SUM(L103:L110) -> 8 | ... AU111: =SUM(AU103:AU110) -> 1 | AV111: =SUM(E111:AU111) -> 71
A113: A.1 | B113: 9. | C113: Partai Kebangkitan Nusantara | E113: 0 | F113: 0 | G113: 0 | H113: 0 | I113: 0 | J113: 0 | K113: 0 | L113: 0 | M113: 0 | N113: 0 | O113: 1 | P113: 0 | Q113: 0 | R113: 0 | S113: 0 | T113: 0 | U113: 0 | V113: 0 | W113: 0 | X113: 0 | Y113: 0 | Z113: 0 | AA113: 0 | AB113: 0 | AC113: 0 | AD113: 0 | AE113: 0 | AF113: 0 | AG113: 0 | AH113: 0 | AI113: 0 | AJ113: 0 | AK113: 0 | AL113: 0 | AM113: 0 | AN113: 0 | AO113: 0 | AP113: 0 | AQ113: 0 | AR113: 0 | AS113: 0 | AT113: 0 | AU113: 0 | AV113: =SUM(E113:AU113) -> 1
A114: A.2 | C114: 1. NANIN LINDYAWATI | E114: 0 | F114: 0 | G114: 0 | H114: 0 | I114: 0 | J114: 0 | K114: 0 | L114: 0 | M114: 0 | N114: 0 | O114: 0 | P114: 0 | Q114: 0 | R114: 0 | S114: 0 | T114: 0 | U114: 0 | V114: 0 | W114: 0 | X114: 0 | Y114: 0 | Z114: 0 | AA114: 0 | AB114: 0 | AC114: 0 | AD114: 0 | AE114: 0 | AF114: 0 | AG114: 0 | AH114: 0 | AI114: 0 | AJ114: 0 | AK114: 0 | AL114: 0 | AM114: 0 | AN114: 1 | AO114: 0 | AP114: 0 | AQ114: 0 | AR114: 0 | AS114: 0 | AT114: 0 | AU114: 0 | AV114: =SUM(E114:AU114) -> 1
A115: B | B115: JUMLAH SUARA SAH PARTAI POLITIK DAN CALON (A1 + A2) | E115: =SUM(E113:E114) -> 0 | F115: =SUM(F113:F114) -> 0 | G115: =SUM(G113:G114) -> 0 | H115: =SUM(H113:H114) -> 0 | I115: =SUM(I113:I114) -> 0 | J115: =SUM(J113:J114) -> 0 | K115: =SUM(K113:K114) -> 0 | L115: =SUM(L113:L114) -> 0 | ... AU115: =SUM(AU113:AU114) -> 0 | AV115: =SUM(E115:AU115) -> 2
A117: A.1 | B117: 10. | C117: Partai Hati Nurani Rakyat | E117: 0 | F117: 0 | G117: 0 | H117: 0 | I117: 0 | J117: 0 | K117: 0 | L117: 1 | M117: 0 | N117: 0 | O117: 0 | P117: 0 | Q117: 0 | R117: 0 | S117: 0 | T117: 0 | U117: 0 | V117: 0 | W117: 0 | X117: 0 | Y117: 0 | Z117: 0 | AA117: 1 | AB117: 0 | AC117: 0 | AD117: 0 | AE117: 0 | AF117: 0 | AG117: 0 | AH117: 0 | AI117: 0 | AJ117: 0 | AK117: 0 | AL117: 0 | AM117: 0 | AN117: 0 | AO117: 0 | AP117: 1 | AQ117: 0 | AR117: 0 | AS117: 0 | AT117: 0 | AU117: 0 | AV117: =SUM(E117:AU117) -> 3
A118: A.2 | B118: A.2 | C118: 1. WAWAN KRISDIANTO, S.T. | E118: 0 | F118: 0 | G118: 0 | H118: 0 | I118: 0 | J118: 0 | K118: 0 | L118: 0 | M118: 0 | N118: 0 | O118: 0 | P118: 0 | Q118: 0 | R118: 0 | S118: 0 | T118: 0 | U118: 0 | V118: 0 | W118: 0 | X118: 0 | Y118: 0 | Z118: 0 | AA118: 0 | AB118: 0 | AC118: 0 | AD118: 0 | AE118: 0 | AF118: 0 | AG118: 0 | AH118: 0 | AI118: 0 | AJ118: 0 | AK118: 1 | AL118: 0 | AM118: 0 | AN118: 0 | AO118: 0 | AP118: 0 | AQ118: 0 | AR118: 0 | AS118: 0 | AT118: 0 | AU118: 0 | AV118: =SUM(E118:AU118) -> 1
C119: 2. Drs. SUGIYO | E119: 0 | F119: 0 | G119: 0 | H119: 1 | I119: 0 | J119: 0 | K119: 0 | L119: 1 | M119: 0 | N119: 0 | O119: 0 | P119: 0 | Q119: 0 | R119: 0 | S119: 0 | T119: 0 | U119: 0 | V119: 0 | W119: 0 | X119: 0 | Y119: 0 | Z119: 0 | AA119: 0 | AB119: 0 | AC119: 0 | AD119: 0 | AE119: 0 | AF119: 0 | AG119: 1 | AH119: 0 | AI119: 0 | AJ119: 0 | AK119: 0 | AL119: 0 | AM119: 0 | AN119: 0 | AO119: 0 | AP119: 0 | AQ119: 0 | AR119: 0 | AS119: 0 | AT119: 0 | AU119: 0 | AV119: =SUM(E119:AU119) -> 3
C120: 3. AGUS WIJAYANTI, S.T. | E120: 1 | F120: 0 | G120: 0 | H120: 0 | I120: 0 | J120: 0 | K120: 0 | L120: 0 | M120: 0 | N120: 0 | O120: 0 | P120: 1 | Q120: 0 | R120: 0 | S120: 0 | T120: 0 | U120: 0 | V120: 0 | W120: 0 | X120: 0 | Y120: 0 | Z120: 0 | AA120: 0 | AB120: 0 | AC120: 0 | AD120: 0 | AE120: 1 | AF120: 0 | AG120: 0 | AH120: 0 | AI120: 0 | AJ120: 0 | AK120: 0 | AL120: 0 | AM120: 0 | AN120: 0 | AO120: 0 | AP120: 0 | AQ120: 0 | AR120: 0 | AS120: 0 | AT120: 0 | AU120: 0 | AV120: =SUM(E120:AU120) -> 3
...

Sheet SUMBERASRI
C2: Kecamatan | D2: PURWOHARJO
C3: Kabupaten | D3: BANYUWANGI
C4: Provinsi | D4: JAWA TIMUR
C9: Kelurahan | D9: SUMBERSARI
A12: I | B12: DATA PEMILIH DAN PENGGUNAAN HAK PILIH | X12: JUMLAH AKHIR
A13: A | B13: DATA PEMILIH | E13: TPS 001 | F13: TPS 002 | G13: TPS 003 | H13: TPS 004 | I13: TPS 005 | J13: TPS 006 | K13: TPS 007 | L13: TPS 008 | M13: TPS 009 | N13: TPS 010 | O13: TPS 011 | P13: TPS 012 | Q13: TPS 013 | R13: TPS 014 | S13: TPS 015 | T13: TPS 016 | U13: TPS 017 | V13: TPS 018 | W13: TPS 019
B14: Jumlah Pemilih dalam Daftar Pemilih Tetap (DPT) | D14: LK | E14: 143 | F14: 127 | G14: 140 | H14: 144 | I14: 152 | J14: 149 | K14: 125 | L14: 146 | M14: 146 | N14: 148 | O14: 147 | P14: 143 | Q14: 143 | R14: 118 | S14: 111 | T14: 153 | U14: 151 | V14: 150 | W14: 143 | X14: =SUM(E14:W14) -> 2679
D15: PR | E15: 140 | F15: 131 | G15: 134 | H15: 142 | I15: 137 | J15: 143 | K15: 119 | L15: 132 | M15: 137 | N15: 145 | O15: 135 | P15: 140 | Q15: 143 | R15: 125 | S15: 115 | T15: 140 | U15: 141 | V15: 145 | W15: 148 | X15: =SUM(E15:W15) -> 2592
D16: JML | E16: =SUM(E14:E15) -> 283 | F16: =SUM(F14:F15) -> 258 | G16: =SUM(G14:G15) -> 274 | H16: =SUM(H14:H15) -> 286 | I16: =SUM(I14:I15) -> 289 | J16: =SUM(J14:J15) -> 292 | K16: =SUM(K14:K15) -> 244 | L16: =SUM(L14:L15) -> 278 | ... W16: =SUM(W14:W15) -> 291 | X16: =SUM(E16:W16) -> 5271
A18: B | B18: PENGGUNA HAK PILIH
B19: 1. | C19: Jumlah pengguna hak pilih dalam Daftar Pemilih Tetap (DPT) | D19: LK | E19: 109 | F19: 97 | G19: 106 | H19: 113 | I19: 115 | J19: 111 | K19: 91 | L19: 113 | M19: 124 | N19: 112 | O19: 113 | P19: 112 | Q19: 114 | R19: 78 | S19: 88 | T19: 120 | U19: 113 | V19: 124 | W19: 133 | X19: =SUM(E19:W19) -> 2086
D20: PR | E20: 118 | F20: 109 | G20: 102 | H20: 113 | I20: 112 | J20: 113 | K20: 96 | L20: 102 | M20: 119 | N20: 117 | O20: 117 | P20: 120 | Q20: 118 | R20: 90 | S20: 93 | T20: 112 | U20: 111 | V20: 116 | W20: 140 | X20: =SUM(E20:W20) -> 2118
D21: JML | E21: =SUM(E19:E20) -> 227 | F21: =SUM(F19:F20) -> 206 | G21: =SUM(G19:G20) -> 208 | H21: =SUM(H19:H20) -> 226 | I21: =SUM(I19:I20) -> 227 | J21: =SUM(J19:J20) -> 224 | K21: =SUM(K19:K20) -> 187 | L21: =SUM(L19:L20) -> 215 | ... W21: =SUM(W19:W20) -> 273 | X21: =SUM(E21:W21) -> 4204
B22: 2. | C22: Jumlah pengguna hak pilih dalam Daftar Pemilih Tambahan (DPTb) | D22: LK | E22: 0 | F22: 1 | G22: 1 | H22: 0 | I22: 0 | J22: 0 | K22: 0 | L22: 0 | M22: 0 | N22: 0 | O22: 0 | P22: 0 | Q22: 1 | R22: 0 | S22: 1 | T22: 0 | U22: 0 | V22: 3 | W22: 1 | X22: =SUM(E22:W22) -> 8
D23: PR | E23: 0 | F23: 0 | G23: 1 | H23: 0 | I23: 0 | J23: 0 | K23: 0 | L23: 0 | M23: 0 | N23: 0 | O23: 0 | P23: 0 | Q23: 2 | R23: 0 | S23: 0 | T23: 0 | U23: 1 | V23: 1 | W23: 1 | X23: =SUM(E23:W23) -> 6
D24: JML | E24: =SUM(E22:E23) -> 0 | F24: =SUM(F22:F23) -> 1 | G24: =SUM(G22:G23) -> 2 | H24: =SUM(H22:H23) -> 0 | I24: =SUM(I22:I23) -> 0 | J24: =SUM(J22:J23) -> 0 | K24: =SUM(K22:K23) -> 0 | L24: =SUM(L22:L23) -> 0 | ... W24: =SUM(W22:W23) -> 2 | X24: =SUM(E24:W24) -> 14
B25: 3. | C25: Jumlah pengguna hak pilih dalam Daftar Pemilih Khusus (DPK) | D25: LK | E25: 0 | F25: 0 | G25: 1 | H25: 1 | I25: 1 | J25: 0 | K25: 0 | L25: 0 | M25: 0 | N25: 0 | O25: 3 | P25: 1 | Q25: 0 | R25: 2 | S25: 1 | T25: 1 | U25: 1 | V25: 1 | W25: 1 | X25: =SUM(E25:W25) -> 14
D26: PR | E26: 2 | F26: 0 | G26: 0 | H26: 0 | I26: 1 | J26: 4 | K26: 0 | L26: 0 | M26: 1 | N26: 2 | O26: 2 | P26: 4 | Q26: 0 | R26: 0 | S26: 1 | T26: 2 | U26: 0 | V26: 1 | W26: 0 | X26: =SUM(E26:W26) -> 20
D27: JML | E27: =SUM(E25:E26) -> 2 | F27: =SUM(F25:F26) -> 0 | G27: =SUM(G25:G26) -> 1 | H27: =SUM(H25:H26) -> 1 | I27: =SUM(I25:I26) -> 2 | J27: =SUM(J25:J26) -> 4 | K27: =SUM(K25:K26) -> 0 | L27: =SUM(L25:L26) -> 0 | ... W27: =SUM(W25:W26) -> 1 | X27: =SUM(E27:W27) -> 34
B28: 4. | C28: Jumlah Pengguna Hak Pilih (B.1+B.2+B.3) | D28: LK | E28: =SUM(E19,E22,E25) -> 109 | F28: =SUM(F19,F22,F25) -> 98 | G28: =SUM(G19,G22,G25) -> 108 | H28: =SUM(H19,H22,H25) -> 114 | I28: =SUM(I19,I22,I25) -> 116 | J28: =SUM(J19,J22,J25) -> 111 | K28: =SUM(K19,K22,K25) -> 91 | L28: =SUM(L19,L22,L25) -> 113 | ... W28: =SUM(W19,W22,W25) -> 135 | X28: =SUM(E28:W28) -> 2108
D29: PR | E29: =SUM(E20,E23,E26) -> 120 | F29: =SUM(F20,F23,F26) -> 109 | G29: =SUM(G20,G23,G26) -> 103 | H29: =SUM(H20,H23,H26) -> 113 | I29: =SUM(I20,I23,I26) -> 113 | J29: =SUM(J20,J23,J26) -> 117 | K29: =SUM(K20,K23,K26) -> 96 | L29: =SUM(L20,L23,L26) -> 102 | ... W29: =SUM(W20,W23,W26) -> 141 | X29: =SUM(E29:W29) -> 2144
D30: JML | E30: =SUM(E28:E29) -> 229 | F30: =SUM(F28:F29) -> 207 | G30: =SUM(G28:G29) -> 211 | H30: =SUM(H28:H29) -> 227 | I30: =SUM(I28:I29) -> 229 | J30: =SUM(J28:J29) -> 228 | K30: =SUM(K28:K29) -> 187 | L30: =SUM(L28:L29) -> 215 | ... W30: =SUM(W28:W29) -> 276 | X30: =SUM(E30:W30) -> 4252
A32: II | B32: DATA PENGGUNAAN SURAT SUARA
A33: 1 | B33: Jumlah surat suara yang diterima, termasuk surat suara cadangan 2,5% dari DPT | E33: 293 | F33: 264 | G33: 280 | H33: 292 | I33: 295 | J33: 298 | K33: 249 | L33: 284 | M33: 289 | N33: 299 | O33: 288 | P33: 289 | Q33: 292 | R33: 248 | S33: 231 | T33: 299 | U33: 298 | V33: 301 | W33: 297 | X33: =SUM(E33:W33) -> 5386
A34: 2 | B34: Jumlah surat suara yang digunakan | E34: 229 | F34: 207 | G34: 211 | H34: 227 | I34: 229 | J34: 228 | K34: 187 | L34: 215 | M34: 244 | N34: 231 | O34: 235 | P34: 237 | Q34: 235 | R34: 170 | S34: 184 | T34: 235 | U34: 226 | V34: 246 | W34: 276 | X34: =SUM(E34:W34) -> 4252
A35: 3 | B35: Jumlah surat suara dikembalikan oleh pemilih (karena rusak atau keliru coblos) | E35: 0 | F35: 12 | G35: 1 | H35: 2 | I35: 1 | J35: 0 | K35: 0 | L35: 2 | M35: 0 | N35: 1 | O35: 0 | P35: 0 | Q35: 1 | R35: 0 | S35: 0 | T35: 1 | U35: 0 | V35: 0 | W35: 6 | X35: =SUM(E35:W35) -> 27
A36: 4 | B36: Jumlah surat suara yang tidak digunakan/tidak terpakai, termasuk sisa surat suara cadangan | E36: =E33-(E34+E35) -> 64 | F36: =F33-(F34+F35) -> 45 | G36: =G33-(G34+G35) -> 68 | H36: =H33-(H34+H35) -> 63 | I36: =I33-(I34+I35) -> 65 | J36: =J33-(J34+J35) -> 70 | K36: =K33-(K34+K35) -> 62 | L36: =L33-(L34+L35) -> 67 | ... W36: =W33-(W34+W35) -> 15 | X36: =SUM(E36:W36) -> 1107
A38: III | B38: DATA PEMILIH DISABILITAS
B39: Jumlah seluruh Pemilih disabilitas yang menggunakan hak pilih | D39: LK | E39: 0 | F39: 0 | G39: 1 | H39: 0 | I39: 0 | J39: 0 | K39: 0 | L39: 0 | M39: 0 | N39: 0 | O39: 0 | P39: 0 | Q39: 0 | R39: 0 | S39: 0 | T39: 0 | U39: 0 | V39: 0 | W39: 0 | X39: =SUM(E39:W39) -> 1
D40: PR | E40: 0 | F40: 0 | G40: 2 | H40: 0 | I40: 0 | J40: 0 | K40: 0 | L40: 0 | M40: 0 | N40: 0 | O40: 0 | P40: 1 | Q40: 1 | R40: 0 | S40: 0 | T40: 0 | U40: 0 | V40: 0 | W40: 0 | X40: =SUM(E40:W40) -> 4
D41: JML | E41: =SUM(E39:E40) -> 0 | F41: =SUM(F39:F40) -> 0 | G41: =SUM(G39:G40) -> 3 | H41: =SUM(H39:H40) -> 0 | I41: =SUM(I39:I40) -> 0 | J41: =SUM(J39:J40) -> 0 | K41: =SUM(K39:K40) -> 0 | L41: =SUM(L39:L40) -> 0 | ... W41: =SUM(W39:W40) -> 0 | X41: =SUM(E41:W41) -> 5
A43: IV | B43: DATA RINCIAN PEROLEHAN SUARA PASANGAN CALON BUPATI DAN WAKIL BUPATI
A44: NOMOR DAN NAMA CALON
A45: A.1 | B45: 1. | C45: Partai Kebangkitan Bangsa | E45: 11 | F45: 12 | G45: 7 | H45: 3 | I45: 8 | J45: 7 | K45: 15 | L45: 2 | M45: 2 | N45: 1 | O45: 6 | P45: 7 | Q45: 10 | R45: 8 | S45: 1 | T45: 11 | U45: 3 | V45: 0 | W45: 0 | X45: =SUM(E45:W45) -> 114
A46: A.2 | C46: 1. MUKHTAR NABALI MUFAUWIQ | E46: 4 | F46: 3 | G46: 2 | H46: 4 | I46: 25 | J46: 3 | K46: 3 | L46: 6 | M46: 2 | N46: 3 | O46: 6 | P46: 12 | Q46: 7 | R46: 7 | S46: 1 | T46: 11 | U46: 8 | V46: 2 | W46: 0 | X46: =SUM(E46:W46) -> 109
C47: 2. H. SUSIYANTO | E47: 65 | F47: 85 | G47: 79 | H47: 58 | I47: 58 | J47: 40 | K47: 75 | L47: 65 | M47: 47 | N47: 130 | O47: 25 | P47: 38 | Q47: 41 | R47: 28 | S47: 19 | T47: 3 | U47: 3 | V47: 0 | W47: 0 | X47: =SUM(E47:W47) -> 859
C48: 3. DUWI HASTRENI, S.H. | E48: 9 | F48: 1 | G48: 4 | H48: 5 | I48: 8 | J48: 4 | K48: 2 | L48: 11 | M48: 0 | N48: 1 | O48: 0 | P48: 3 | Q48: 0 | R48: 10 | S48: 0 | T48: 1 | U48: 0 | V48: 0 | W48: 0 | X48: =SUM(E48:W48) -> 59
C49: 4. MIFTAKHODIN | E49: 0 | F49: 1 | G49: 0 | H49: 0 | I49: 0 | J49: 0 | K49: 1 | L49: 1 | M49: 0 | N49: 0 | O49: 0 | P49: 0 | Q49: 0 | R49: 0 | S49: 0 | T49: 0 | U49: 0 | V49: 0 | W49: 0 | X49: =SUM(E49:W49) -> 3
C50: 5. SITI MUSTIKAH | E50: 0 | F50: 0 | G50: 0 | H50: 0 | I50: 0 | J50: 0 | K50: 0 | L50: 0 | M50: 1 | N50: 0 | O50: 0 | P50: 1 | Q50: 0 | R50: 1 | S50: 0 | T50: 0 | U50: 1 | V50: 0 | W50: 0 | X50: =SUM(E50:W50) -> 4
C51: 6. ABDUL GHOFUR | E51: 1 | F51: 0 | G51: 0 | H51: 1 | I51: 1 | J51: 0 | K51: 0 | L51: 1 | M51: 0 | N51: 0 | O51: 0 | P51: 0 | Q51: 1 | R51: 0 | S51: 0 | T51: 1 | U51: 1 | V51: 0 | W51: 0 | X51: =SUM(E51:W51) -> 7
C52: 7. ABDUL ROHMAN, S.Pd. | E52: 0 | F52: 1 | G52: 6 | H52: 17 | I52: 16 | J52: 6 | K52: 0 | L52: 0 | M52: 3 | N52: 0 | O52: 19 | P52: 12 | Q52: 0 | R52: 0 | S52: 1 | T52: 0 | U52: 0 | V52: 0 | W52: 1 | X52: =SUM(E52:W52) -> 82
A53: B | B53: JUMLAH SUARA SAH PARTAI POLITIK DAN CALON (A1 + A2) | E53: =SUM(E45:E52) -> 90 | F53: =SUM(F45:F52) -> 103 | G53: =SUM(G45:G52) -> 98 | H53: =SUM(H45:H52) -> 88 | I53: =SUM(I45:I52) -> 116 | J53: =SUM(J45:J52) -> 60 | K53: =SUM(K45:K52) -> 96 | L53: =SUM(L45:L52) -> 86 | ... W53: =SUM(W45:W52) -> 1 | X53: =SUM(E53:W53) -> 1237
A55: A.1 | B55: 2. | C55: Partai Gerakan Indonesia Raya | E55: 11 | F55: 9 | G55: 8 | H55: 4 | I55: 1 | J55: 12 | K55: 9 | L55: 6 | M55: 11 | N55: 0 | O55: 13 | P55: 6 | Q55: 11 | R55: 2 | S55: 1 | T55: 15 | U55: 9 | V55: 4 | W55: 1 | X55: =SUM(E55:W55) -> 133
A56: A.2 | C56: 1. Drs. H. SUPRAYOGIN | E56: 39 | F56: 12 | G56: 36 | H56: 78 | I56: 32 | J56: 12 | K56: 19 | L56: 22 | M56: 25 | N56: 0 | O56: 9 | P56: 29 | Q56: 33 | R56: 16 | S56: 4 | T56: 23 | U56: 3 | V56: 4 | W56: 2 | X56: =SUM(E56:W56) -> 398
C57: 2. MAHFUD SYAMSUL HADI | E57: 1 | F57: 2 | G57: 2 | H57: 3 | I57: 1 | J57: 2 | K57: 1 | L57: 4 | M57: 3 | N57: 0 | O57: 2 | P57: 1 | Q57: 2 | R57: 0 | S57: 0 | T57: 1 | U57: 3 | V57: 1 | W57: 0 | X57: =SUM(E57:W57) -> 29
C58: 3. NUR AINI | E58: 0 | F58: 0 | G58: 0 | H58: 1 | I58: 0 | J58: 1 | K58: 1 | L58: 3 | M58: 1 | N58: 1 | O58: 0 | P58: 1 | Q58: 0 | R58: 1 | S58: 0 | T58: 0 | U58: 0 | V58: 0 | W58: 0 | X58: =SUM(E58:W58) -> 10
C59: 4. ACHMAD ALI WAFFA | E59: 0 | F59: 1 | G59: 0 | H59: 0 | I59: 1 | J59: 1 | K59: 1 | L59: 2 | M59: 0 | N59: 0 | O59: 1 | P59: 1 | Q59: 1 | R59: 0 | S59: 0 | T59: 1 | U59: 0 | V59: 0 | W59: 0 | X59: =SUM(E59:W59) -> 10
C60: 5. SRI HARTATIK | E60: 1 | F60: 0 | G60: 0 | H60: 0 | I60: 0 | J60: 0 | K60: 0 | L60: 1 | M60: 0 | N60: 0 | O60: 0 | P60: 0 | Q60: 0 | R60: 0 | S60: 0 | T60: 1 | U60: 0 | V60: 0 | W60: 0 | X60: =SUM(E60:W60) -> 3
C61: 6. MAKIK SIHOMBING | E61: 0 | F61: 0 | G61: 0 | H61: 0 | I61: 0 | J61: 0 | K61: 0 | L61: 0 | M61: 0 | N61: 0 | O61: 0 | P61: 0 | Q61: 0 | R61: 0 | S61: 0 | T61: 0 | U61: 0 | V61: 0 | W61: 0 | X61: =SUM(E61:W61) -> 0
C62: 7. LIDYA OKTAVIANA | E62: 0 | F62: 0 | G62: 1 | H62: 0 | I62: 0 | J62: 0 | K62: 0 | L62: 0 | M62: 0 | N62: 0 | O62: 0 | P62: 1 | Q62: 0 | R62: 0 | S62: 0 | T62: 0 | U62: 0 | V62: 0 | W62: 0 | X62: =SUM(E62:W62) -> 2
A63: B | B63: JUMLAH SUARA SAH PARTAI POLITIK DAN CALON (A1 + A2) | E63: =SUM(E55:E62) -> 52 | F63: =SUM(F55:F62) -> 24 | G63: =SUM(G55:G62) -> 47 | H63: =SUM(H55:H62) -> 86 | I63: =SUM(I55:I62) -> 35 | J63: =SUM(J55:J62) -> 28 | K63: =SUM(K55:K62) -> 31 | L63: =SUM(L55:L62) -> 38 | ... W63: =SUM(W55:W62) -> 3 | X63: =SUM(E63:W63) -> 585
A65: A.1 | B65: 3. | C65: Partai Demokrasi Indonesia Perjuangan | E65: 2 | F65: 1 | G65: 3 | H65: 1 | I65: 1 | J65: 7 | K65: 2 | L65: 4 | M65: 4 | N65: 0 | O65: 1 | P65: 4 | Q65: 2 | R65: 1 | S65: 0 | T65: 5 | U65: 3 | V65: 2 | W65: 3 | X65: =SUM(E65:W65) -> 46
A66: A.2 | C66: 1. PATEMO | E66: 1 | F66: 1 | G66: 0 | H66: 1 | I66: 0 | J66: 0 | K66: 0 | L66: 0 | M66: 0 | N66: 0 | O66: 1 | P66: 2 | Q66: 0 | R66: 0 | S66: 0 | T66: 1 | U66: 0 | V66: 0 | W66: 0 | X66: =SUM(E66:W66) -> 7
C67: 2. EKO HARIYONO | E67: 0 | F67: 3 | G67: 1 | H67: 0 | I67: 1 | J67: 2 | K67: 0 | L67: 0 | M67: 2 | N67: 0 | O67: 0 | P67: 0 | Q67: 0 | R67: 0 | S67: 0 | T67: 0 | U67: 0 | V67: 0 | W67: 1 | X67: =SUM(E67:W67) -> 10
C68: 3. SRI RUSMAWATI | E68: 0 | F68: 1 | G68: 0 | H68: 0 | I68: 0 | J68: 1 | K68: 0 | L68: 1 | M68: 0 | N68: 0 | O68: 0 | P68: 2 | Q68: 1 | R68: 1 | S68: 0 | T68: 0 | U68: 3 | V68: 0 | W68: 1 | X68: =SUM(E68:W68) -> 11
C69: 4. SUGIYANTO | E69: 0 | F69: 0 | G69: 0 | H69: 0 | I69: 0 | J69: 0 | K69: 2 | L69: 0 | M69: 0 | N69: 0 | O69: 0 | P69: 0 | Q69: 0 | R69: 0 | S69: 0 | T69: 0 | U69: 0 | V69: 0 | W69: 0 | X69: =SUM(E69:W69) -> 2
C70: 5. DHEA SARTIKA | E70: 4 | F70: 1 | G70: 2 | H70: 2 | I70: 1 | J70: 2 | K70: 0 | L70: 3 | M70: 0 | N70: 0 | O70: 2 | P70: 1 | Q70: 7 | R70: 0 | S70: 0 | T70: 1 | U70: 5 | V70: 2 | W70: 1 | X70: =SUM(E70:W70) -> 34
C71: 6. WIDIAWATI | E71: 0 | F71: 6 | G71: 0 | H71: 0 | I71: 0 | J71: 5 | K71: 1 | L71: 0 | M71: 3 | N71: 0 | O71: 0 | P71: 0 | Q71: 0 | R71: 3 | S71: 0 | T71: 0 | U71: 0 | V71: 0 | W71: 0 | X71: =SUM(E71:W71) -> 18
C72: 7. ARIF NUR CAHYO | E72: 0 | F72: 1 | G72: 0 | H72: 0 | I72: 2 | J72: 0 | K72: 2 | L72: 0 | M72: 0 | N72: 1 | O72: 0 | P72: 0 | Q72: 1 | R72: 0 | S72: 0 | T72: 1 | U72: 0 | V72: 0 | W72: 0 | X72: =SUM(E72:W72) -> 8
A73: B | B73: JUMLAH SUARA SAH PARTAI POLITIK DAN CALON (A1 + A2) | E73: =SUM(E65:E72) -> 7 | F73: =SUM(F65:F72) -> 14 | G73: =SUM(G65:G72) -> 6 | H73: =SUM(H65:H72) -> 4 | I73: =SUM(I65:I72) -> 5 | J73: =SUM(J65:J72) -> 17 | K73: =SUM(K65:K72) -> 7 | L73: =SUM(L65:L72) -> 8 | ... W73: =SUM(W65:W72) -> 6 | X73: =SUM(E73:W73) -> 136
A75: A.1 | B75: 4. | C75: Partai Golongan Karya | E75: 3 | F75: 3 | G75: 2 | H75: 2 | I75: 3 | J75: 7 | K75: 2 | L75: 3 | M75: 3 | N75: 1 | O75: 5 | P75: 0 | Q75: 1 | R75: 3 | S75: 0 | T75: 11 | U75: 8 | V75: 2 | W75: 1 | X75: =SUM(E75:W75) -> 60
A76: A.2 | C76: 1. MOCHAMMAD ZAENUL ARIFIN, S.M. | E76: 3 | F76: 2 | G76: 11 | H76: 2 | I76: 26 | J76: 33 | K76: 6 | L76: 8 | M76: 2 | N76: 2 | O76: 0 | P76: 1 | Q76: 4 | R76: 1 | S76: 1 | T76: 55 | U76: 55 | V76: 2 | W76: 4 | X76: =SUM(E76:W76) -> 218
C77: 2. NANANG EDY SUPRIYONO | E77: 0 | F77: 4 | G77: 0 | H77: 1 | I77: 7 | J77: 34 | K77: 1 | L77: 6 | M77: 9 | N77: 0 | O77: 1 | P77: 5 | Q77: 1 | R77: 0 | S77: 0 | T77: 0 | U77: 0 | V77: 0 | W77: 0 | X77: =SUM(E77:W77) -> 69
C78: 3. SITI MUNAWAROH | E78: 0 | F78: 0 | G78: 0 | H78: 0 | I78: 0 | J78: 2 | K78: 0 | L78: 1 | M78: 1 | N78: 0 | O78: 0 | P78: 0 | Q78: 0 | R78: 0 | S78: 1 | T78: 0 | U78: 4 | V78: 1 | W78: 0 | X78: =SUM(E78:W78) -> 10
C79: 4. SINUNG TEGUH SANTOSO, S.H., M.H. | E79: 0 | F79: 0 | G79: 0 | H79: 0 | I79: 1 | J79: 1 | K79: 1 | L79: 1 | M79: 0 | N79: 0 | O79: 0 | P79: 0 | Q79: 0 | R79: 0 | S79: 0 | T79: 0 | U79: 0 | V79: 0 | W79: 0 | X79: =SUM(E79:W79) -> 4
C80: 5. Drs. ALI MUKHSIN | E80: 0 | F80: 0 | G80: 0 | H80: 0 | I80: 0 | J80: 0 | K80: 0 | L80: 0 | M80: 0 | N80: 0 | O80: 0 | P80: 0 | Q80: 0 | R80: 0 | S80: 0 | T80: 0 | U80: 0 | V80: 0 | W80: 0 | X80: =SUM(E80:W80) -> 0
C81: 6. JUMIA KAMSISKA | E81: 0 | F81: 0 | G81: 0 | H81: 0 | I81: 0 | J81: 1 | K81: 0 | L81: 0 | M81: 0 | N81: 0 | O81: 0 | P81: 0 | Q81: 0 | R81: 0 | S81: 0 | T81: 0 | U81: 1 | V81: 0 | W81: 0 | X81: =SUM(E81:W81) -> 2
C82: 7. Dra. DYAH PURWANINGSIH | E82: 0 | F82: 0 | G82: 0 | H82: 1 | I82: 1 | J82: 7 | K82: 0 | L82: 0 | M82: 0 | N82: 0 | O82: 0 | P82: 0 | Q82: 4 | R82: 1 | S82: 0 | T82: 0 | U82: 0 | V82: 0 | W82: 1 | X82: =SUM(E82:W82) -> 15
A83: B | B83: JUMLAH SUARA SAH PARTAI POLITIK DAN CALON (A1 + A2) | E83: =SUM(E75:E82) -> 6 | F83: =SUM(F75:F82) -> 9 | G83: =SUM(G75:G82) -> 13 | H83: =SUM(H75:H82) -> 6 | I83: =SUM(I75:I82) -> 38 | J83: =SUM(J75:J82) -> 85 | K83: =SUM(K75:K82) -> 10 | L83: =SUM(L75:L82) -> 19 | ... W83: =SUM(W75:W82) -> 6 | X83: =SUM(E83:W83) -> 378
A85: A.1 | B85: 5. | C85: Partai NasDem | E85: 2 | F85: 0 | G85: 0 | H85: 0 | I85: 0 | J85: 0 | K85: 1 | L85: 1 | M85: 4 | N85: 1 | O85: 4 | P85: 2 | Q85: 5 | R85: 2 | S85: 0 | T85: 3 | U85: 2 | V85: 0 | W85: 0 | X85: =SUM(E85:W85) -> 27
A86: A.2 | C86: 1. AGUNG SETYO WIBOWO, S.E. | E86: 1 | F86: 0 | G86: 0 | H86: 1 | I86: 0 | J86: 1 | K86: 1 | L86: 2 | M86: 2 | N86: 0 | O86: 2 | P86: 2 | Q86: 1 | R86: 3 | S86: 1 | T86: 2 | U86: 0 | V86: 0 | W86: 0 | X86: =SUM(E86:W86) -> 19
C87: 2. M. AGHISTNI MAULANA S. | E87: 23 | F87: 10 | G87: 10 | H87: 8 | I87: 10 | J87: 3 | K87: 12 | L87: 27 | M87: 56 | N87: 12 | O87: 68 | P87: 36 | Q87: 42 | R87: 17 | S87: 3 | T87: 10 | U87: 22 | V87: 1 | W87: 0 | X87: =SUM(E87:W87) -> 370
C88: 3. MUJIATI | E88: 0 | F88: 0 | G88: 0 | H88: 0 | I88: 0 | J88: 0 | K88: 0 | L88: 0 | M88: 0 | N88: 0 | O88: 1 | P88: 0 | Q88: 0 | R88: 0 | S88: 0 | T88: 0 | U88: 0 | V88: 0 | W88: 0 | X88: =SUM(E88:W88) -> 1
C89: 4. MOH. ALI MAGHFUR, S.S., M.Si. | E89: 0 | F89: 0 | G89: 0 | H89: 0 | I89: 0 | J89: 0 | K89: 0 | L89: 0 | M89: 0 | N89: 0 | O89: 0 | P89: 0 | Q89: 0 | R89: 0 | S89: 0 | T89: 0 | U89: 0 | V89: 0 | W89: 0 | X89: =SUM(E89:W89) -> 0
C90: 5. NUR HIDAYAH, S.H. | E90: 0 | F90: 1 | G90: 0 | H90: 1 | I90: 0 | J90: 5 | K90: 0 | L90: 0 | M90: 0 | N90: 0 | O90: 0 | P90: 0 | Q90: 0 | R90: 0 | S90: 1 | T90: 1 | U90: 0 | V90: 0 | W90: 0 | X90: =SUM(E90:W90) -> 9
C91: 6. NUR FATMAWATI | E91: 0 | F91: 0 | G91: 0 | H91: 0 | I91: 0 | J91: 1 | K91: 0 | L91: 0 | M91: 0 | N91: 0 | O91: 0 | P91: 0 | Q91: 0 | R91: 0 | S91: 0 | T91: 0 | U91: 0 | V91: 0 | W91: 0 | X91: =SUM(E91:W91) -> 1
C92: 7. BAMBANG AGUS SANTOSO | E92: 0 | F92: 0 | G92: 0 | H92: 0 | I92: 0 | J92: 0 | K92: 0 | L92: 0 | M92: 0 | N92: 0 | O92: 0 | P92: 0 | Q92: 0 | R92: 0 | S92: 0 | T92: 0 | U92: 0 | V92: 0 | W92: 0 | X92: =SUM(E92:W92) -> 0
A93: B | B93: JUMLAH SUARA SAH PARTAI POLITIK DAN CALON (A1 + A2) | E93: =SUM(E85:E92) -> 26 | F93: =SUM(F85:F92) -> 11 | G93: =SUM(G85:G92) -> 10 | H93: =SUM(H85:H92) -> 10 | I93: =SUM(I85:I92) -> 10 | J93: =SUM(J85:J92) -> 10 | K93: =SUM(K85:K92) -> 14 | L93: =SUM(L85:L92) -> 30 | ... W93: =SUM(W85:W92) -> 0 | X93: =SUM(E93:W93) -> 427
A95: A.1 | B95: 6. | C95: Partai Buruh | E95: 0 | F95: 0 | G95: 0 | H95: 0 | I95: 0 | J95: 0 | K95: 0 | L95: 0 | M95: 0 | N95: 0 | O95: 1 | P95: 1 | Q95: 0 | R95: 0 | S95: 0 | T95: 0 | U95: 0 | V95: 0 | W95: 1 | X95: =SUM(E95:W95) -> 3
A96: A.2 | C96: 1. YULIANTO | E96: 0 | F96: 0 | G96: 0 | H96: 0 | I96: 1 | J96: 0 | K96: 0 | L96: 0 | M96: 0 | N96: 0 | O96: 0 | P96: 0 | Q96: 0 | R96: 0 | S96: 0 | T96: 0 | U96: 0 | V96: 0 | W96: 0 | X96: =SUM(E96:W96) -> 1
A97: B | B97: JUMLAH SUARA SAH PARTAI POLITIK DAN CALON (A1 + A2) | E97: =SUM(E95:E96) -> 0 | F97: =SUM(F95:F96) -> 0 | G97: =SUM(G95:G96) -> 0 | H97: =SUM(H95:H96) -> 0 | I97: =SUM(I95:I96) -> 1 | J97: =SUM(J95:J96) -> 0 | K97: =SUM(K95:K96) -> 0 | L97: =SUM(L95:L96) -> 0 | ... W97: =SUM(W95:W96) -> 1 | X97: =SUM(E97:W97) -> 4
A99: A.1 | B99: 7. | C99: Partai Gelombang Rakyat Indonesia | E99: 1 | F99: 1 | G99: 0 | H99: 0 | I99: 0 | J99: 0 | K99: 0 | L99: 2 | M99: 1 | N99: 0 | O99: 2 | P99: 0 | Q99: 0 | R99: 1 | S99: 1 | T99: 4 | U99: 2 | V99: 5 | W99: 1 | X99: =SUM(E99:W99) -> 21
A100: A.2 | C100: 1. AGUNG TUTUKO | E100: 0 | F100: 0 | G100: 0 | H100: 0 | I100: 0 | J100: 0 | K100: 0 | L100: 0 | M100: 0 | N100: 0 | O100: 0 | P100: 0 | Q100: 0 | R100: 0 | S100: 0 | T100: 0 | U100: 0 | V100: 0 | W100: 0 | X100: =SUM(E100:W100) -> 0
A101: B | B101: JUMLAH SUARA SAH PARTAI POLITIK DAN CALON (A1 + A2) | E101: =SUM(E99:E100) -> 1 | F101: =SUM(F99:F100) -> 1 | G101: =SUM(G99:G100) -> 0 | H101: =SUM(H99:H100) -> 0 | I101: =SUM(I99:I100) -> 0 | J101: =SUM(J99:J100) -> 0 | K101: =SUM(K99:K100) -> 0 | L101: =SUM(L99:L100) -> 2 | ... W101: =SUM(W99:W100) -> 1 | X101: =SUM(E101:W101) -> 21
A103: A.1 | B103: 8. | C103: Partai Keadilan Sejahtera | E103: 3 | F103: 0 | G103: 2 | H103: 1 | I103: 0 | J103: 0 | K103: 0 | L103: 1 | M103: 1 | N103: 0 | O103: 1 | P103: 1 | Q103: 1 | R103: 0 | S103: 1 | T103: 0 | U103: 0 | V103: 0 | W103: 0 | X103: =SUM(E103:W103) -> 12
A104: A.2 | C104: 1. IMRON EFFENDI, S.Pd.I. | E104: 15 | F104: 8 | G104: 9 | H104: 1 | I104: 3 | J104: 4 | K104: 6 | L104: 6 | M104: 5 | N104: 0 | O104: 0 | P104: 1 | Q104: 6 | R104: 6 | S104: 0 | T104: 0 | U104: 0 | V104: 1 | W104: 0 | X104: =SUM(E104:W104) -> 71
C105: 2. RIYANTO | E105: 0 | F105: 0 | G105: 0 | H105: 0 | I105: 0 | J105: 0 | K105: 0 | L105: 2 | M105: 0 | N105: 0 | O105: 0 | P105: 0 | Q105: 0 | R105: 0 | S105: 0 | T105: 0 | U105: 0 | V105: 0 | W105: 0 | X105: =SUM(E105:W105) -> 2
C106: 3. DYAH RATNAWATI, S.P. | E106: 0 | F106: 0 | G106: 0 | H106: 0 | I106: 0 | J106: 0 | K106: 0 | L106: 0 | M106: 0 | N106: 0 | O106: 0 | P106: 0 | Q106: 0 | R106: 0 | S106: 0 | T106: 0 | U106: 0 | V106: 0 | W106: 0 | X106: =SUM(E106:W106) -> 0
C107: 4. SLAMET EFENDI, S.Pd.I. | E107: 0 | F107: 0 | G107: 0 | H107: 1 | I107: 0 | J107: 0 | K107: 0 | L107: 0 | M107: 0 | N107: 0 | O107: 0 | P107: 0 | Q107: 1 | R107: 0 | S107: 0 | T107: 0 | U107: 0 | V107: 0 | W107: 0 | X107: =SUM(E107:W107) -> 2
C108: 5. NIDA'UL A'DILAH | E108: 0 | F108: 0 | G108: 0 | H108: 0 | I108: 0 | J108: 0 | K108: 0 | L108: 0 | M108: 0 | N108: 0 | O108: 0 | P108: 0 | Q108: 0 | R108: 0 | S108: 0 | T108: 0 | U108: 0 | V108: 0 | W108: 0 | X108: =SUM(E108:W108) -> 0
C109: 6. FUJI ARIANTI, S.Pd. | E109: 0 | F109: 0 | G109: 0 | H109: 0 | I109: 0 | J109: 0 | K109: 0 | L109: 1 | M109: 0 | N109: 0 | O109: 0 | P109: 0 | Q109: 1 | R109: 0 | S109: 0 | T109: 0 | U109: 0 | V109: 0 | W109: 0 | X109: =SUM(E109:W109) -> 2
C110: 7. PUJI LEGA CAHYONO | E110: 0 | F110: 0 | G110: 0 | H110: 0 | I110: 0 | J110: 0 | K110: 0 | L110: 0 | M110: 0 | N110: 0 | O110: 0 | P110: 0 | Q110: 0 | R110: 0 | S110: 0 | T110: 0 | U110: 0 | V110: 0 | W110: 0 | X110: =SUM(E110:W110) -> 0
A111: B | B111: JUMLAH SUARA SAH PARTAI POLITIK DAN CALON (A1 + A2) | E111: =SUM(E103:E110) -> 18 | F111: =SUM(F103:F110) -> 8 | G111: =SUM(G103:G110) -> 11 | H111: =SUM(H103:H110) -> 3 | I111: =SUM(I103:I110) -> 3 | J111: =SUM(J103:J110) -> 4 | K111: =SUM(K103:K110) -> 6 | L111: =SUM(L103:L110) -> 10 | ... W111: =SUM(W103:W110) -> 0 | X111: =SUM(E111:W111) -> 89
A113: A.1 | B113: 9. | C113: Partai Kebangkitan Nusantara | E113: 0 | F113: 0 | G113: 0 | H113: 0 | I113: 0 | J113: 0 | K113: 0 | L113: 0 | M113: 0 | N113: 0 | O113: 0 | P113: 0 | Q113: 0 | R113: 0 | S113: 0 | T113: 0 | U113: 0 | V113: 0 | W113: 0 | X113: =SUM(E113:W113) -> 0
A114: A.2 | C114: 1. NANIN LINDYAWATI | E114: 0 | F114: 0 | G114: 0 | H114: 0 | I114: 0 | J114: 0 | K114: 0 | L114: 0 | M114: 0 | N114: 1 | O114: 0 | P114: 0 | Q114: 0 | R114: 0 | S114: 0 | T114: 0 | U114: 0 | V114: 0 | W114: 0 | X114: =SUM(E114:W114) -> 1
A115: B | B115: JUMLAH SUARA SAH PARTAI POLITIK DAN CALON (A1 + A2) | E115: =SUM(E113:E114) -> 0 | F115: =SUM(F113:F114) -> 0 | G115: =SUM(G113:G114) -> 0 | H115: =SUM(H113:H114) -> 0 | I115: =SUM(I113:I114) -> 0 | J115: =SUM(J113:J114) -> 0 | K115: =SUM(K113:K114) -> 0 | L115: =SUM(L113:L114) -> 0 | ... W115: =SUM(W113:W114) -> 0 | X115: =SUM(E115:W115) -> 1
A117: A.1 | B117: 10. | C117: Partai Hati Nurani Rakyat | E117: 0 | F117: 0 | G117: 0 | H117: 0 | I117: 0 | J117: 0 | K117: 0 | L117: 0 | M117: 0 | N117: 0 | O117: 0 | P117: 0 | Q117: 0 | R117: 0 | S117: 0 | T117: 0 | U117: 0 | V117: 0 | W117: 0 | X117: =SUM(E117:W117) -> 0
A118: A.2 | B118: A.2 | C118: 1. WAWAN KRISDIANTO, S.T. | E118: 1 | F118: 1 | G118: 0 | H118: 0 | I118: 0 | J118: 0 | K118: 0 | L118: 0 | M118: 0 | N118: 0 | O118: 0 | P118: 1 | Q118: 0 | R118: 0 | S118: 0 | T118: 0 | U118: 0 | V118: 0 | W118: 0 | X118: =SUM(E118:W118) -> 3
C119: 2. Drs. SUGIYO | E119: 0 | F119: 0 | G119: 0 | H119: 0 | I119: 0 | J119: 0 | K119: 0 | L119: 0 | M119: 0 | N119: 0 | O119: 0 | P119: 0 | Q119: 0 | R119: 0 | S119: 0 | T119: 0 | U119: 0 | V119: 0 | W119: 0 | X119: =SUM(E119:W119) -> 0
C120: 3. AGUS WIJAYANTI, S.T. | E120: 0 | F120: 0 | G120: 0 | H120: 0 | I120: 0 | J120: 0 | K120: 0 | L120: 0 | M120: 0 | N120: 0 | O120: 0 | P120: 0 | Q120: 0 | R120: 0 | S120: 0 | T120: 0 | U120: 0 | V120: 0 | W120: 0 | X120: =SUM(E120:W120) -> 0
...

Sheet GLAGAHAGUNG
C2: Kecamatan | D2: PURWOHARJO
C3: Kabupaten | D3: BANYUWANGI
C4: Provinsi | D4: JAWA TIMUR
C9: Kelurahan | D9: GLAGAHAGUNG
A12: I | B12: DATA PEMILIH DAN PENGGUNAAN HAK PILIH | AA12: JUMLAH AKHIR
A13: A | B13: DATA PEMILIH | E13: TPS 001 | F13: TPS 002 | G13: TPS 003 | H13: TPS 004 | I13: TPS 005 | J13: TPS 006 | K13: TPS 007 | L13: TPS 008 | M13: TPS 009 | N13: TPS 010 | O13: TPS 011 | P13: TPS 012 | Q13: TPS 013 | R13: TPS 014 | S13: TPS 015 | T13: TPS 016 | U13: TPS 017 | V13: TPS 018 | W13: TPS 019 | X13: TPS 020 | Y13: TPS 021 | Z13: TPS 022
B14: Jumlah Pemilih dalam Daftar Pemilih Tetap (DPT) | D14: LK | E14: 142 | F14: 147 | G14: 140 | H14: 141 | I14: 141 | J14: 142 | K14: 122 | L14: 153 | M14: 154 | N14: 113 | O14: 131 | P14: 136 | Q14: 146 | R14: 138 | S14: 147 | T14: 127 | U14: 136 | V14: 142 | W14: 132 | X14: 133 | Y14: 134 | Z14: 148 | AA14: =SUM(E14:Z14) -> 3045
D15: PR | E15: 153 | F15: 130 | G15: 144 | H15: 149 | I15: 141 | J15: 129 | K15: 122 | L15: 125 | M15: 139 | N15: 115 | O15: 144 | P15: 150 | Q15: 135 | R15: 135 | S15: 148 | T15: 117 | U15: 142 | V15: 138 | W15: 141 | X15: 130 | Y15: 148 | Z15: 147 | AA15: =SUM(E15:Z15) -> 3022
D16: JML | E16: =SUM(E14:E15) -> 295 | F16: =SUM(F14:F15) -> 277 | G16: =SUM(G14:G15) -> 284 | H16: =SUM(H14:H15) -> 290 | I16: =SUM(I14:I15) -> 282 | J16: =SUM(J14:J15) -> 271 | K16: =SUM(K14:K15) -> 244 | L16: =SUM(L14:L15) -> 278 | ... Z16: =SUM(Z14:Z15) -> 295 | AA16: =SUM(E16:Z16) -> 6067
A18: B | B18: PENGGUNA HAK PILIH
B19: 1. | C19: Jumlah pengguna hak pilih dalam Daftar Pemilih Tetap (DPT) | D19: LK | E19: 102 | F19: 119 | G19: 113 | H19: 114 | I19: 112 | J19: 109 | K19: 100 | L19: 100 | M19: 118 | N19: 93 | O19: 111 | P19: 104 | Q19: 111 | R19: 111 | S19: 110 | T19: 102 | U19: 107 | V19: 118 | W19: 99 | X19: 100 | Y19: 106 | Z19: 129 | AA19: =SUM(E19:Z19) -> 2388
D20: PR | E20: 116 | F20: 106 | G20: 117 | H20: 115 | I20: 125 | J20: 99 | K20: 101 | L20: 96 | M20: 109 | N20: 101 | O20: 132 | P20: 134 | Q20: 120 | R20: 104 | S20: 107 | T20: 107 | U20: 121 | V20: 125 | W20: 111 | X20: 103 | Y20: 129 | Z20: 129 | AA20: =SUM(E20:Z20) -> 2507
D21: JML | E21: =SUM(E19:E20) -> 218 | F21: =SUM(F19:F20) -> 225 | G21: =SUM(G19:G20) -> 230 | H21: =SUM(H19:H20) -> 229 | I21: =SUM(I19:I20) -> 237 | J21: =SUM(J19:J20) -> 208 | K21: =SUM(K19:K20) -> 201 | L21: =SUM(L19:L20) -> 196 | ... Z21: =SUM(Z19:Z20) -> 258 | AA21: =SUM(E21:Z21) -> 4895
B22: 2. | C22: Jumlah pengguna hak pilih dalam Daftar Pemilih Tambahan (DPTb) | D22: LK | E22: 0 | F22: 0 | G22: 0 | H22: 0 | I22: 0 | J22: 1 | K22: 0 | L22: 1 | M22: 1 | N22: 0 | O22: 0 | P22: 0 | Q22: 0 | R22: 0 | S22: 0 | T22: 1 | U22: 0 | V22: 0 | W22: 1 | X22: 0 | Y22: 0 | Z22: 0 | AA22: =SUM(E22:Z22) -> 5
D23: PR | E23: 0 | F23: 0 | G23: 0 | H23: 0 | I23: 0 | J23: 1 | K23: 0 | L23: 0 | M23: 0 | N23: 0 | O23: 0 | P23: 0 | Q23: 1 | R23: 0 | S23: 0 | T23: 0 | U23: 0 | V23: 0 | W23: 0 | X23: 0 | Y23: 0 | Z23: 0 | AA23: =SUM(E23:Z23) -> 2
D24: JML | E24: =SUM(E22:E23) -> 0 | F24: =SUM(F22:F23) -> 0 | G24: =SUM(G22:G23) -> 0 | H24: =SUM(H22:H23) -> 0 | I24: =SUM(I22:I23) -> 0 | J24: =SUM(J22:J23) -> 2 | K24: =SUM(K22:K23) -> 0 | L24: =SUM(L22:L23) -> 1 | ... Z24: =SUM(Z22:Z23) -> 0 | AA24: =SUM(E24:Z24) -> 7
B25: 3. | C25: Jumlah pengguna hak pilih dalam Daftar Pemilih Khusus (DPK) | D25: LK | E25: 0 | F25: 1 | G25: 0 | H25: 0 | I25: 1 | J25: 1 | K25: 1 | L25: 1 | M25: 2 | N25: 1 | O25: 0 | P25: 0 | Q25: 0 | R25: 3 | S25: 0 | T25: 1 | U25: 2 | V25: 0 | W25: 0 | X25: 2 | Y25: 1 | Z25: 0 | AA25: =SUM(E25:Z25) -> 17
D26: PR | E26: 1 | F26: 1 | G26: 3 | H26: 1 | I26: 2 | J26: 1 | K26: 1 | L26: 2 | M26: 2 | N26: 4 | O26: 0 | P26: 0 | Q26: 0 | R26: 1 | S26: 2 | T26: 1 | U26: 0 | V26: 0 | W26: 0 | X26: 1 | Y26: 1 | Z26: 0 | AA26: =SUM(E26:Z26) -> 24
D27: JML | E27: =SUM(E25:E26) -> 1 | F27: =SUM(F25:F26) -> 2 | G27: =SUM(G25:G26) -> 3 | H27: =SUM(H25:H26) -> 1 | I27: =SUM(I25:I26) -> 3 | J27: =SUM(J25:J26) -> 2 | K27: =SUM(K25:K26) -> 2 | L27: =SUM(L25:L26) -> 3 | ... Z27: =SUM(Z25:Z26) -> 0 | AA27: =SUM(E27:Z27) -> 41
B28: 4. | C28: Jumlah Pengguna Hak Pilih (B.1+B.2+B.3) | D28: LK | E28: =SUM(E19,E22,E25) -> 102 | F28: =SUM(F19,F22,F25) -> 120 | G28: =SUM(G19,G22,G25) -> 113 | H28: =SUM(H19,H22,H25) -> 114 | I28: =SUM(I19,I22,I25) -> 113 | J28: =SUM(J19,J22,J25) -> 111 | K28: =SUM(K19,K22,K25) -> 101 | L28: =SUM(L19,L22,L25) -> 102 | ... Z28: =SUM(Z19,Z22,Z25) -> 129 | AA28: =SUM(E28:Z28) -> 2410
D29: PR | E29: =SUM(E20,E23,E26) -> 117 | F29: =SUM(F20,F23,F26) -> 107 | G29: =SUM(G20,G23,G26) -> 120 | H29: =SUM(H20,H23,H26) -> 116 | I29: =SUM(I20,I23,I26) -> 127 | J29: =SUM(J20,J23,J26) -> 101 | K29: =SUM(K20,K23,K26) -> 102 | L29: =SUM(L20,L23,L26) -> 98 | ... Z29: =SUM(Z20,Z23,Z26) -> 129 | AA29: =SUM(E29:Z29) -> 2533
D30: JML | E30: =SUM(E28:E29) -> 219 | F30: =SUM(F28:F29) -> 227 | G30: =SUM(G28:G29) -> 233 | H30: =SUM(H28:H29) -> 230 | I30: =SUM(I28:I29) -> 240 | J30: =SUM(J28:J29) -> 212 | K30: =SUM(K28:K29) -> 203 | L30: =SUM(L28:L29) -> 200 | ... Z30: =SUM(Z28:Z29) -> 258 | AA30: =SUM(E30:Z30) -> 4943
A32: II | B32: DATA PENGGUNAAN SURAT SUARA
A33: 1 | B33: Jumlah surat suara yang diterima, termasuk surat suara cadangan 2,5% dari DPT | E33: 301 | F33: 283 | G33: 290 | H33: 296 | I33: 288 | J33: 277 | K33: 249 | L33: 294 | M33: 299 | N33: 253 | O33: 281 | P33: 292 | Q33: 298 | R33: 280 | S33: 301 | T33: 250 | U33: 284 | V33: 286 | W33: 279 | X33: 269 | Y33: 288 | Z33: 301 | AA33: =SUM(E33:Z33) -> 6239
A34: 2 | B34: Jumlah surat suara yang digunakan | E34: 219 | F34: 227 | G34: 233 | H34: 230 | I34: 240 | J34: 212 | K34: 203 | L34: 200 | M34: 232 | N34: 199 | O34: 243 | P34: 238 | Q34: 232 | R34: 219 | S34: 219 | T34: 212 | U34: 230 | V34: 243 | W34: 211 | X34: 206 | Y34: 237 | Z34: 258 | AA34: =SUM(E34:Z34) -> 4943
A35: 3 | B35: Jumlah surat suara dikembalikan oleh pemilih (karena rusak atau keliru coblos) | E35: 0 | F35: 2 | G35: 0 | H35: 0 | I35: 2 | J35: 0 | K35: 0 | L35: 0 | M35: 2 | N35: 0 | O35: 0 | P35: 0 | Q35: 2 | R35: 1 | S35: 0 | T35: 0 | U35: 1 | V35: 1 | W35: 0 | X35: 2 | Y35: 0 | Z35: 0 | AA35: =SUM(E35:Z35) -> 13
A36: 4 | B36: Jumlah surat suara yang tidak digunakan/tidak terpakai, termasuk sisa surat suara cadangan | E36: =E33-(E34+E35) -> 82 | F36: =F33-(F34+F35) -> 54 | G36: =G33-(G34+G35) -> 57 | H36: =H33-(H34+H35) -> 66 | I36: =I33-(I34+I35) -> 46 | J36: =J33-(J34+J35) -> 65 | K36: =K33-(K34+K35) -> 46 | L36: =L33-(L34+L35) -> 94 | ... Z36: =Z33-(Z34+Z35) -> 43 | AA36: =SUM(E36:Z36) -> 1283
A38: III | B38: DATA PEMILIH DISABILITAS
B39: Jumlah seluruh Pemilih disabilitas yang menggunakan hak pilih | D39: LK | E39: 1 | F39: 0 | G39: 0 | H39: 0 | I39: 0 | J39: 0 | K39: 0 | L39: 0 | M39: 0 | N39: 0 | O39: 0 | P39: 0 | Q39: 0 | R39: 0 | S39: 2 | T39: 0 | U39: 0 | V39: 0 | W39: 0 | X39: 0 | Y39: 0 | Z39: 0 | AA39: =SUM(E39:Z39) -> 3
D40: PR | E40: 0 | F40: 0 | G40: 0 | H40: 0 | I40: 0 | J40: 0 | K40: 0 | L40: 0 | M40: 0 | N40: 0 | O40: 0 | P40: 0 | Q40: 0 | R40: 0 | S40: 1 | T40: 0 | U40: 1 | V40: 0 | W40: 0 | X40: 0 | Y40: 0 | Z40: 0 | AA40: =SUM(E40:Z40) -> 2
D41: JML | E41: =SUM(E39:E40) -> 1 | F41: =SUM(F39:F40) -> 0 | G41: =SUM(G39:G40) -> 0 | H41: =SUM(H39:H40) -> 0 | I41: =SUM(I39:I40) -> 0 | J41: =SUM(J39:J40) -> 0 | K41: =SUM(K39:K40) -> 0 | L41: =SUM(L39:L40) -> 0 | ... Z41: =SUM(Z39:Z40) -> 0 | AA41: =SUM(E41:Z41) -> 5
A43: IV | B43: DATA RINCIAN PEROLEHAN SUARA PASANGAN CALON BUPATI DAN WAKIL BUPATI
A44: NOMOR DAN NAMA CALON
A45: A.1 | B45: 1. | C45: Partai Kebangkitan Bangsa | E45: 2 | F45: 5 | G45: 6 | H45: 5 | I45: 6 | J45: 9 | K45: 3 | L45: 2 | M45: 4 | N45: 2 | O45: 2 | P45: 1 | Q45: 5 | R45: 4 | S45: 4 | T45: 3 | U45: 2 | V45: 5 | W45: 2 | X45: 1 | Y45: 3 | Z45: 7 | AA45: =SUM(E45:Z45) -> 83
A46: A.2 | C46: 1. MUKHTAR NABALI MUFAUWIQ | E46: 6 | F46: 20 | G46: 6 | H46: 3 | I46: 7 | J46: 11 | K46: 6 | L46: 1 | M46: 3 | N46: 3 | O46: 1 | P46: 1 | Q46: 0 | R46: 3 | S46: 0 | T46: 0 | U46: 4 | V46: 1 | W46: 2 | X46: 0 | Y46: 1 | Z46: 16 | AA46: =SUM(E46:Z46) -> 95
C47: 2. H. SUSIYANTO | E47: 43 | F47: 35 | G47: 25 | H47: 11 | I47: 42 | J47: 23 | K47: 18 | L47: 0 | M47: 22 | N47: 0 | O47: 3 | P47: 2 | Q47: 9 | R47: 11 | S47: 21 | T47: 9 | U47: 19 | V47: 5 | W47: 12 | X47: 11 | Y47: 14 | Z47: 10 | AA47: =SUM(E47:Z47) -> 345
C48: 3. DUWI HASTRENI, S.H. | E48: 0 | F48: 1 | G48: 0 | H48: 0 | I48: 1 | J48: 0 | K48: 0 | L48: 0 | M48: 0 | N48: 0 | O48: 0 | P48: 1 | Q48: 1 | R48: 1 | S48: 0 | T48: 0 | U48: 0 | V48: 0 | W48: 0 | X48: 0 | Y48: 0 | Z48: 0 | AA48: =SUM(E48:Z48) -> 5
C49: 4. MIFTAKHODIN | E49: 0 | F49: 0 | G49: 0 | H49: 4 | I49: 0 | J49: 0 | K49: 0 | L49: 0 | M49: 1 | N49: 0 | O49: 0 | P49: 0 | Q49: 0 | R49: 0 | S49: 0 | T49: 0 | U49: 0 | V49: 0 | W49: 0 | X49: 0 | Y49: 0 | Z49: 0 | AA49: =SUM(E49:Z49) -> 5
C50: 5. SITI MUSTIKAH | E50: 0 | F50: 0 | G50: 0 | H50: 0 | I50: 0 | J50: 0 | K50: 0 | L50: 0 | M50: 0 | N50: 0 | O50: 0 | P50: 0 | Q50: 0 | R50: 0 | S50: 0 | T50: 0 | U50: 0 | V50: 0 | W50: 0 | X50: 0 | Y50: 0 | Z50: 0 | AA50: =SUM(E50:Z50) -> 0
C51: 6. ABDUL GHOFUR | E51: 0 | F51: 0 | G51: 0 | H51: 0 | I51: 0 | J51: 0 | K51: 0 | L51: 0 | M51: 0 | N51: 0 | O51: 0 | P51: 0 | Q51: 0 | R51: 0 | S51: 0 | T51: 0 | U51: 1 | V51: 0 | W51: 0 | X51: 1 | Y51: 0 | Z51: 0 | AA51: =SUM(E51:Z51) -> 2
C52: 7. ABDUL ROHMAN, S.Pd. | E52: 1 | F52: 0 | G52: 0 | H52: 0 | I52: 1 | J52: 0 | K52: 0 | L52: 0 | M52: 0 | N52: 0 | O52: 0 | P52: 0 | Q52: 0 | R52: 5 | S52: 0 | T52: 0 | U52: 0 | V52: 0 | W52: 1 | X52: 1 | Y52: 0 | Z52: 4 | AA52: =SUM(E52:Z52) -> 13
A53: B | B53: JUMLAH SUARA SAH PARTAI POLITIK DAN CALON (A1 + A2) | E53: =SUM(E45:E52) -> 52 | F53: =SUM(F45:F52) -> 61 | G53: =SUM(G45:G52) -> 37 | H53: =SUM(H45:H52) -> 23 | I53: =SUM(I45:I52) -> 57 | J53: =SUM(J45:J52) -> 43 | K53: =SUM(K45:K52) -> 27 | L53: =SUM(L45:L52) -> 3 | ... Z53: =SUM(Z45:Z52) -> 37 | AA53: =SUM(E53:Z53) -> 548
A55: A.1 | B55: 2. | C55: Partai Gerakan Indonesia Raya | E55: 2 | F55: 10 | G55: 18 | H55: 11 | I55: 1 | J55: 10 | K55: 16 | L55: 5 | M55: 8 | N55: 12 | O55: 10 | P55: 11 | Q55: 15 | R55: 19 | S55: 24 | T55: 8 | U55: 12 | V55: 15 | W55: 9 | X55: 10 | Y55: 9 | Z55: 22 | AA55: =SUM(E55:Z55) -> 257
A56: A.2 | C56: 1. Drs. H. SUPRAYOGIN | E56: 54 | F56: 52 | G56: 62 | H56: 55 | I56: 54 | J56: 100 | K56: 96 | L56: 53 | M56: 53 | N56: 59 | O56: 130 | P56: 115 | Q56: 124 | R56: 97 | S56: 71 | T56: 83 | U56: 80 | V56: 96 | W56: 77 | X56: 49 | Y56: 70 | Z56: 78 | AA56: =SUM(E56:Z56) -> 1708
C57: 2. MAHFUD SYAMSUL HADI | E57: 0 | F57: 6 | G57: 3 | H57: 1 | I57: 0 | J57: 0 | K57: 3 | L57: 0 | M57: 26 | N57: 2 | O57: 1 | P57: 1 | Q57: 0 | R57: 2 | S57: 0 | T57: 1 | U57: 3 | V57: 0 | W57: 2 | X57: 0 | Y57: 3 | Z57: 3 | AA57: =SUM(E57:Z57) -> 57
C58: 3. NUR AINI | E58: 0 | F58: 1 | G58: 2 | H58: 0 | I58: 1 | J58: 0 | K58: 0 | L58: 0 | M58: 2 | N58: 0 | O58: 1 | P58: 0 | Q58: 2 | R58: 1 | S58: 0 | T58: 0 | U58: 0 | V58: 2 | W58: 0 | X58: 1 | Y58: 1 | Z58: 0 | AA58: =SUM(E58:Z58) -> 14
C59: 4. ACHMAD ALI WAFFA | E59: 0 | F59: 0 | G59: 0 | H59: 0 | I59: 0 | J59: 1 | K59: 2 | L59: 0 | M59: 0 | N59: 0 | O59: 0 | P59: 0 | Q59: 0 | R59: 1 | S59: 0 | T59: 0 | U59: 1 | V59: 0 | W59: 0 | X59: 0 | Y59: 0 | Z59: 0 | AA59: =SUM(E59:Z59) -> 5
C60: 5. SRI HARTATIK | E60: 0 | F60: 0 | G60: 0 | H60: 1 | I60: 0 | J60: 0 | K60: 0 | L60: 0 | M60: 0 | N60: 0 | O60: 0 | P60: 0 | Q60: 0 | R60: 0 | S60: 1 | T60: 0 | U60: 0 | V60: 0 | W60: 0 | X60: 0 | Y60: 1 | Z60: 0 | AA60: =SUM(E60:Z60) -> 3
C61: 6. MAKIK SIHOMBING | E61: 0 | F61: 0 | G61: 0 | H61: 0 | I61: 0 | J61: 0 | K61: 0 | L61: 0 | M61: 0 | N61: 0 | O61: 0 | P61: 1 | Q61: 0 | R61: 0 | S61: 0 | T61: 0 | U61: 0 | V61: 0 | W61: 0 | X61: 0 | Y61: 0 | Z61: 0 | AA61: =SUM(E61:Z61) -> 1
C62: 7. LIDYA OKTAVIANA | E62: 0 | F62: 0 | G62: 0 | H62: 0 | I62: 0 | J62: 0 | K62: 0 | L62: 0 | M62: 0 | N62: 0 | O62: 1 | P62: 1 | Q62: 0 | R62: 0 | S62: 0 | T62: 0 | U62: 0 | V62: 0 | W62: 0 | X62: 1 | Y62: 0 | Z62: 0 | AA62: =SUM(E62:Z62) -> 3
A63: B | B63: JUMLAH SUARA SAH PARTAI POLITIK DAN CALON (A1 + A2) | E63: =SUM(E55:E62) -> 56 | F63: =SUM(F55:F62) -> 69 | G63: =SUM(G55:G62) -> 85 | H63: =SUM(H55:H62) -> 68 | I63: =SUM(I55:I62) -> 56 | J63: =SUM(J55:J62) -> 111 | K63: =SUM(K55:K62) -> 117 | L63: =SUM(L55:L62) -> 58 | ... Z63: =SUM(Z55:Z62) -> 103 | AA63: =SUM(E63:Z63) -> 2048
A65: A.1 | B65: 3. | C65: Partai Demokrasi Indonesia Perjuangan | E65: 3 | F65: 3 | G65: 1 | H65: 2 | I65: 2 | J65: 2 | K65: 2 | L65: 3 | M65: 1 | N65: 2 | O65: 1 | P65: 2 | Q65: 2 | R65: 6 | S65: 10 | T65: 1 | U65: 3 | V65: 1 | W65: 2 | X65: 1 | Y65: 0 | Z65: 2 | AA65: =SUM(E65:Z65) -> 52
A66: A.2 | C66: 1. PATEMO | E66: 5 | F66: 1 | G66: 1 | H66: 0 | I66: 1 | J66: 1 | K66: 2 | L66: 0 | M66: 0 | N66: 0 | O66: 0 | P66: 1 | Q66: 1 | R66: 3 | S66: 2 | T66: 1 | U66: 1 | V66: 1 | W66: 0 | X66: 0 | Y66: 4 | Z66: 1 | AA66: =SUM(E66:Z66) -> 26
C67: 2. EKO HARIYONO | E67: 1 | F67: 2 | G67: 0 | H67: 2 | I67: 1 | J67: 3 | K67: 3 | L67: 1 | M67: 3 | N67: 1 | O67: 2 | P67: 4 | Q67: 2 | R67: 0 | S67: 1 | T67: 3 | U67: 6 | V67: 2 | W67: 1 | X67: 2 | Y67: 3 | Z67: 2 | AA67: =SUM(E67:Z67) -> 45
C68: 3. SRI RUSMAWATI | E68: 0 | F68: 0 | G68: 1 | H68: 1 | I68: 0 | J68: 0 | K68: 0 | L68: 0 | M68: 0 | N68: 0 | O68: 1 | P68: 0 | Q68: 0 | R68: 2 | S68: 0 | T68: 0 | U68: 0 | V68: 1 | W68: 0 | X68: 0 | Y68: 0 | Z68: 0 | AA68: =SUM(E68:Z68) -> 6
C69: 4. SUGIYANTO | E69: 0 | F69: 0 | G69: 0 | H69: 1 | I69: 0 | J69: 1 | K69: 0 | L69: 1 | M69: 0 | N69: 0 | O69: 0 | P69: 0 | Q69: 0 | R69: 0 | S69: 0 | T69: 0 | U69: 0 | V69: 0 | W69: 1 | X69: 0 | Y69: 0 | Z69: 0 | AA69: =SUM(E69:Z69) -> 4
C70: 5. DHEA SARTIKA | E70: 1 | F70: 1 | G70: 0 | H70: 0 | I70: 0 | J70: 0 | K70: 0 | L70: 0 | M70: 1 | N70: 0 | O70: 0 | P70: 0 | Q70: 0 | R70: 0 | S70: 3 | T70: 1 | U70: 1 | V70: 0 | W70: 0 | X70: 1 | Y70: 1 | Z70: 0 | AA70: =SUM(E70:Z70) -> 10
C71: 6. WIDIAWATI | E71: 9 | F71: 3 | G71: 1 | H71: 1 | I71: 0 | J71: 1 | K71: 1 | L71: 3 | M71: 0 | N71: 0 | O71: 1 | P71: 1 | Q71: 0 | R71: 0 | S71: 0 | T71: 0 | U71: 0 | V71: 0 | W71: 1 | X71: 1 | Y71: 0 | Z71: 1 | AA71: =SUM(E71:Z71) -> 24
C72: 7. ARIF NUR CAHYO | E72: 9 | F72: 5 | G72: 5 | H72: 17 | I72: 1 | J72: 5 | K72: 0 | L72: 0 | M72: 0 | N72: 1 | O72: 0 | P72: 0 | Q72: 0 | R72: 1 | S72: 0 | T72: 0 | U72: 0 | V72: 0 | W72: 2 | X72: 5 | Y72: 1 | Z72: 0 | AA72: =SUM(E72:Z72) -> 52
A73: B | B73: JUMLAH SUARA SAH PARTAI POLITIK DAN CALON (A1 + A2) | E73: =SUM(E65:E72) -> 28 | F73: =SUM(F65:F72) -> 15 | G73: =SUM(G65:G72) -> 9 | H73: =SUM(H65:H72) -> 24 | I73: =SUM(I65:I72) -> 5 | J73: =SUM(J65:J72) -> 13 | K73: =SUM(K65:K72) -> 8 | L73: =SUM(L65:L72) -> 8 | ... Z73: =SUM(Z65:Z72) -> 6 | AA73: =SUM(E73:Z73) -> 219
A75: A.1 | B75: 4. | C75: Partai Golongan Karya | E75: 1 | F75: 2 | G75: 1 | H75: 1 | I75: 1 | J75: 1 | K75: 1 | L75: 1 | M75: 0 | N75: 1 | O75: 3 | P75: 2 | Q75: 4 | R75: 2 | S75: 3 | T75: 1 | U75: 1 | V75: 0 | W75: 3 | X75: 4 | Y75: 1 | Z75: 1 | AA75: =SUM(E75:Z75) -> 35
A76: A.2 | C76: 1. MOCHAMMAD ZAENUL ARIFIN, S.M. | E76: 2 | F76: 3 | G76: 1 | H76: 4 | I76: 1 | J76: 0 | K76: 3 | L76: 0 | M76: 2 | N76: 0 | O76: 0 | P76: 1 | Q76: 2 | R76: 0 | S76: 0 | T76: 1 | U76: 1 | V76: 0 | W76: 1 | X76: 1 | Y76: 4 | Z76: 0 | AA76: =SUM(E76:Z76) -> 27
C77: 2. NANANG EDY SUPRIYONO | E77: 0 | F77: 0 | G77: 0 | H77: 2 | I77: 1 | J77: 0 | K77: 0 | L77: 0 | M77: 1 | N77: 0 | O77: 0 | P77: 0 | Q77: 0 | R77: 1 | S77: 2 | T77: 3 | U77: 1 | V77: 0 | W77: 0 | X77: 0 | Y77: 0 | Z77: 0 | AA77: =SUM(E77:Z77) -> 11
C78: 3. SITI MUNAWAROH | E78: 0 | F78: 0 | G78: 0 | H78: 0 | I78: 0 | J78: 0 | K78: 0 | L78: 0 | M78: 0 | N78: 0 | O78: 0 | P78: 0 | Q78: 0 | R78: 0 | S78: 0 | T78: 0 | U78: 1 | V78: 0 | W78: 0 | X78: 1 | Y78: 0 | Z78: 1 | AA78: =SUM(E78:Z78) -> 3
C79: 4. SINUNG TEGUH SANTOSO, S.H., M.H. | E79: 0 | F79: 0 | G79: 0 | H79: 0 | I79: 0 | J79: 0 | K79: 0 | L79: 0 | M79: 0 | N79: 0 | O79: 0 | P79: 0 | Q79: 0 | R79: 0 | S79: 0 | T79: 0 | U79: 0 | V79: 1 | W79: 0 | X79: 1 | Y79: 0 | Z79: 1 | AA79: =SUM(E79:Z79) -> 3
C80: 5. Drs. ALI MUKHSIN | E80: 0 | F80: 0 | G80: 0 | H80: 0 | I80: 0 | J80: 0 | K80: 0 | L80: 0 | M80: 0 | N80: 0 | O80: 1 | P80: 0 | Q80: 0 | R80: 0 | S80: 1 | T80: 3 | U80: 0 | V80: 0 | W80: 0 | X80: 0 | Y80: 0 | Z80: 0 | AA80: =SUM(E80:Z80) -> 5
C81: 6. JUMIA KAMSISKA | E81: 0 | F81: 0 | G81: 0 | H81: 0 | I81: 1 | J81: 0 | K81: 0 | L81: 0 | M81: 0 | N81: 0 | O81: 0 | P81: 0 | Q81: 0 | R81: 0 | S81: 0 | T81: 0 | U81: 0 | V81: 0 | W81: 0 | X81: 0 | Y81: 0 | Z81: 0 | AA81: =SUM(E81:Z81) -> 1
C82: 7. Dra. DYAH PURWANINGSIH | E82: 0 | F82: 0 | G82: 0 | H82: 5 | I82: 1 | J82: 0 | K82: 0 | L82: 0 | M82: 0 | N82: 0 | O82: 0 | P82: 0 | Q82: 1 | R82: 3 | S82: 0 | T82: 0 | U82: 0 | V82: 2 | W82: 0 | X82: 0 | Y82: 0 | Z82: 0 | AA82: =SUM(E82:Z82) -> 12
A83: B | B83: JUMLAH SUARA SAH PARTAI POLITIK DAN CALON (A1 + A2) | E83: =SUM(E75:E82) -> 3 | F83: =SUM(F75:F82) -> 5 | G83: =SUM(G75:G82) -> 2 | H83: =SUM(H75:H82) -> 12 | I83: =SUM(I75:I82) -> 5 | J83: =SUM(J75:J82) -> 1 | K83: =SUM(K75:K82) -> 4 | L83: =SUM(L75:L82) -> 1 | ... Z83: =SUM(Z75:Z82) -> 3 | AA83: =SUM(E83:Z83) -> 97
A85: A.1 | B85: 5. | C85: Partai NasDem | E85: 0 | F85: 1 | G85: 0 | H85: 0 | I85: 0 | J85: 1 | K85: 0 | L85: 0 | M85: 1 | N85: 0 | O85: 0 | P85: 1 | Q85: 1 | R85: 0 | S85: 0 | T85: 1 | U85: 0 | V85: 2 | W85: 0 | X85: 0 | Y85: 0 | Z85: 0 | AA85: =SUM(E85:Z85) -> 8
A86: A.2 | C86: 1. AGUNG SETYO WIBOWO, S.E. | E86: 0 | F86: 1 | G86: 0 | H86: 0 | I86: 1 | J86: 0 | K86: 0 | L86: 0 | M86: 5 | N86: 1 | O86: 0 | P86: 1 | Q86: 0 | R86: 0 | S86: 1 | T86: 1 | U86: 0 | V86: 0 | W86: 1 | X86: 0 | Y86: 0 | Z86: 0 | AA86: =SUM(E86:Z86) -> 12
C87: 2. M. AGHISTNI MAULANA S. | E87: 10 | F87: 1 | G87: 4 | H87: 2 | I87: 0 | J87: 2 | K87: 4 | L87: 3 | M87: 21 | N87: 1 | O87: 1 | P87: 8 | Q87: 1 | R87: 7 | S87: 2 | T87: 3 | U87: 1 | V87: 1 | W87: 0 | X87: 9 | Y87: 1 | Z87: 2 | AA87: =SUM(E87:Z87) -> 84
C88: 3. MUJIATI | E88: 0 | F88: 0 | G88: 0 | H88: 0 | I88: 0 | J88: 0 | K88: 0 | L88: 0 | M88: 0 | N88: 0 | O88: 0 | P88: 0 | Q88: 0 | R88: 0 | S88: 0 | T88: 0 | U88: 0 | V88: 0 | W88: 0 | X88: 1 | Y88: 0 | Z88: 0 | AA88: =SUM(E88:Z88) -> 1
C89: 4. MOH. ALI MAGHFUR, S.S., M.Si. | E89: 0 | F89: 0 | G89: 0 | H89: 0 | I89: 0 | J89: 2 | K89: 0 | L89: 0 | M89: 0 | N89: 0 | O89: 0 | P89: 0 | Q89: 0 | R89: 0 | S89: 0 | T89: 0 | U89: 0 | V89: 0 | W89: 0 | X89: 0 | Y89: 0 | Z89: 0 | AA89: =SUM(E89:Z89) -> 2
C90: 5. NUR HIDAYAH, S.H. | E90: 1 | F90: 0 | G90: 0 | H90: 0 | I90: 1 | J90: 0 | K90: 0 | L90: 1 | M90: 4 | N90: 0 | O90: 0 | P90: 1 | Q90: 0 | R90: 0 | S90: 0 | T90: 0 | U90: 0 | V90: 1 | W90: 0 | X90: 0 | Y90: 0 | Z90: 0 | AA90: =SUM(E90:Z90) -> 9
C91: 6. NUR FATMAWATI | E91: 0 | F91: 0 | G91: 0 | H91: 0 | I91: 0 | J91: 0 | K91: 0 | L91: 0 | M91: 0 | N91: 0 | O91: 0 | P91: 0 | Q91: 0 | R91: 0 | S91: 0 | T91: 0 | U91: 0 | V91: 0 | W91: 0 | X91: 0 | Y91: 0 | Z91: 0 | AA91: =SUM(E91:Z91) -> 0
C92: 7. BAMBANG AGUS SANTOSO | E92: 0 | F92: 0 | G92: 0 | H92: 0 | I92: 0 | J92: 0 | K92: 0 | L92: 0 | M92: 0 | N92: 0 | O92: 0 | P92: 0 | Q92: 0 | R92: 0 | S92: 0 | T92: 0 | U92: 0 | V92: 0 | W92: 0 | X92: 0 | Y92: 0 | Z92: 0 | AA92: =SUM(E92:Z92) -> 0
A93: B | B93: JUMLAH SUARA SAH PARTAI POLITIK DAN CALON (A1 + A2) | E93: =SUM(E85:E92) -> 11 | F93: =SUM(F85:F92) -> 3 | G93: =SUM(G85:G92) -> 4 | H93: =SUM(H85:H92) -> 2 | I93: =SUM(I85:I92) -> 2 | J93: =SUM(J85:J92) -> 5 | K93: =SUM(K85:K92) -> 4 | L93: =SUM(L85:L92) -> 4 | ... Z93: =SUM(Z85:Z92) -> 2 | AA93: =SUM(E93:Z93) -> 116
A95: A.1 | B95: 6. | C95: Partai Buruh | E95: 0 | F95: 0 | G95: 1 | H95: 1 | I95: 0 | J95: 0 | K95: 0 | L95: 0 | M95: 0 | N95: 0 | O95: 0 | P95: 0 | Q95: 0 | R95: 0 | S95: 0 | T95: 0 | U95: 0 | V95: 0 | W95: 0 | X95: 0 | Y95: 0 | Z95: 0 | AA95: =SUM(E95:Z95) -> 2
A96: A.2 | C96: 1. YULIANTO | E96: 0 | F96: 0 | G96: 0 | H96: 0 | I96: 0 | J96: 0 | K96: 1 | L96: 0 | M96: 0 | N96: 0 | O96: 0 | P96: 0 | Q96: 0 | R96: 0 | S96: 0 | T96: 0 | U96: 0 | V96: 0 | W96: 0 | X96: 0 | Y96: 1 | Z96: 0 | AA96: =SUM(E96:Z96) -> 2
A97: B | B97: JUMLAH SUARA SAH PARTAI POLITIK DAN CALON (A1 + A2) | E97: =SUM(E95:E96) -> 0 | F97: =SUM(F95:F96) -> 0 | G97: =SUM(G95:G96) -> 1 | H97: =SUM(H95:H96) -> 1 | I97: =SUM(I95:I96) -> 0 | J97: =SUM(J95:J96) -> 0 | K97: =SUM(K95:K96) -> 1 | L97: =SUM(L95:L96) -> 0 | ... Z97: =SUM(Z95:Z96) -> 0 | AA97: =SUM(E97:Z97) -> 4
A99: A.1 | B99: 7. | C99: Partai Gelombang Rakyat Indonesia | E99: 1 | F99: 1 | G99: 2 | H99: 3 | I99: 0 | J99: 0 | K99: 0 | L99: 3 | M99: 1 | N99: 3 | O99: 0 | P99: 1 | Q99: 0 | R99: 2 | S99: 6 | T99: 0 | U99: 2 | V99: 1 | W99: 3 | X99: 1 | Y99: 1 | Z99: 2 | AA99: =SUM(E99:Z99) -> 33
A100: A.2 | C100: 1. AGUNG TUTUKO | E100: 0 | F100: 1 | G100: 0 | H100: 0 | I100: 0 | J100: 0 | K100: 0 | L100: 1 | M100: 0 | N100: 0 | O100: 1 | P100: 1 | Q100: 0 | R100: 0 | S100: 0 | T100: 0 | U100: 0 | V100: 0 | W100: 0 | X100: 0 | Y100: 1 | Z100: 0 | AA100: =SUM(E100:Z100) -> 5
A101: B | B101: JUMLAH SUARA SAH PARTAI POLITIK DAN CALON (A1 + A2) | E101: =SUM(E99:E100) -> 1 | F101: =SUM(F99:F100) -> 2 | G101: =SUM(G99:G100) -> 2 | H101: =SUM(H99:H100) -> 3 | I101: =SUM(I99:I100) -> 0 | J101: =SUM(J99:J100) -> 0 | K101: =SUM(K99:K100) -> 0 | L101: =SUM(L99:L100) -> 4 | ... Z101: =SUM(Z99:Z100) -> 2 | AA101: =SUM(E101:Z101) -> 38
A103: A.1 | B103: 8. | C103: Partai Keadilan Sejahtera | E103: 0 | F103: 0 | G103: 1 | H103: 0 | I103: 0 | J103: 0 | K103: 0 | L103: 1 | M103: 0 | N103: 0 | O103: 2 | P103: 2 | Q103: 3 | R103: 2 | S103: 1 | T103: 0 | U103: 3 | V103: 2 | W103: 5 | X103: 1 | Y103: 1 | Z103: 0 | AA103: =SUM(E103:Z103) -> 24
A104: A.2 | C104: 1. IMRON EFFENDI, S.Pd.I. | E104: 0 | F104: 2 | G104: 0 | H104: 6 | I104: 4 | J104: 4 | K104: 7 | L104: 6 | M104: 2 | N104: 6 | O104: 15 | P104: 31 | Q104: 13 | R104: 16 | S104: 5 | T104: 34 | U104: 21 | V104: 33 | W104: 26 | X104: 29 | Y104: 12 | Z104: 1 | AA104: =SUM(E104:Z104) -> 273
C105: 2. RIYANTO | E105: 0 | F105: 0 | G105: 0 | H105: 0 | I105: 0 | J105: 0 | K105: 0 | L105: 0 | M105: 0 | N105: 0 | O105: 1 | P105: 0 | Q105: 0 | R105: 0 | S105: 0 | T105: 0 | U105: 0 | V105: 1 | W105: 0 | X105: 1 | Y105: 0 | Z105: 0 | AA105: =SUM(E105:Z105) -> 3
C106: 3. DYAH RATNAWATI, S.P. | E106: 0 | F106: 0 | G106: 0 | H106: 0 | I106: 0 | J106: 0 | K106: 0 | L106: 0 | M106: 0 | N106: 0 | O106: 0 | P106: 0 | Q106: 0 | R106: 0 | S106: 0 | T106: 0 | U106: 0 | V106: 0 | W106: 0 | X106: 0 | Y106: 0 | Z106: 0 | AA106: =SUM(E106:Z106) -> 0
C107: 4. SLAMET EFENDI, S.Pd.I. | E107: 0 | F107: 1 | G107: 0 | H107: 0 | I107: 0 | J107: 0 | K107: 0 | L107: 0 | M107: 0 | N107: 0 | O107: 0 | P107: 0 | Q107: 0 | R107: 0 | S107: 0 | T107: 0 | U107: 0 | V107: 0 | W107: 0 | X107: 0 | Y107: 2 | Z107: 0 | AA107: =SUM(E107:Z107) -> 3
C108: 5. NIDA'UL A'DILAH | E108: 0 | F108: 0 | G108: 0 | H108: 0 | I108: 0 | J108: 0 | K108: 0 | L108: 0 | M108: 0 | N108: 0 | O108: 0 | P108: 0 | Q108: 0 | R108: 0 | S108: 0 | T108: 0 | U108: 0 | V108: 0 | W108: 0 | X108: 0 | Y108: 0 | Z108: 0 | AA108: =SUM(E108:Z108) -> 0
C109: 6. FUJI ARIANTI, S.Pd. | E109: 0 | F109: 0 | G109: 0 | H109: 0 | I109: 0 | J109: 0 | K109: 0 | L109: 0 | M109: 0 | N109: 0 | O109: 0 | P109: 0 | Q109: 0 | R109: 0 | S109: 0 | T109: 0 | U109: 0 | V109: 0 | W109: 0 | X109: 1 | Y109: 0 | Z109: 0 | AA109: =SUM(E109:Z109) -> 1
C110: 7. PUJI LEGA CAHYONO | E110: 0 | F110: 0 | G110: 0 | H110: 0 | I110: 0 | J110: 0 | K110: 0 | L110: 0 | M110: 0 | N110: 0 | O110: 0 | P110: 0 | Q110: 0 | R110: 0 | S110: 0 | T110: 0 | U110: 0 | V110: 0 | W110: 0 | X110: 0 | Y110: 0 | Z110: 0 | AA110: =SUM(E110:Z110) -> 0
A111: B | B111: JUMLAH SUARA SAH PARTAI POLITIK DAN CALON (A1 + A2) | E111: =SUM(E103:E110) -> 0 | F111: =SUM(F103:F110) -> 3 | G111: =SUM(G103:G110) -> 1 | H111: =SUM(H103:H110) -> 6 | I111: =SUM(I103:I110) -> 4 | J111: =SUM(J103:J110) -> 4 | K111: =SUM(K103:K110) -> 7 | L111: =SUM(L103:L110) -> 7 | ... Z111: =SUM(Z103:Z110) -> 1 | AA111: =SUM(E111:Z111) -> 304
A113: A.1 | B113: 9. | C113: Partai Kebangkitan Nusantara | E113: 0 | F113: 0 | G113: 0 | H113: 0 | I113: 0 | J113: 0 | K113: 0 | L113: 0 | M113: 0 | N113: 0 | O113: 0 | P113: 0 | Q113: 0 | R113: 0 | S113: 0 | T113: 0 | U113: 0 | V113: 0 | W113: 0 | X113: 0 | Y113: 0 | Z113: 0 | AA113: =SUM(E113:Z113) -> 0
A114: A.2 | C114: 1. NANIN LINDYAWATI | E114: 0 | F114: 0 | G114: 0 | H114: 0 | I114: 0 | J114: 0 | K114: 0 | L114: 0 | M114: 0 | N114: 0 | O114: 0 | P114: 0 | Q114: 1 | R114: 0 | S114: 0 | T114: 0 | U114: 0 | V114: 0 | W114: 0 | X114: 0 | Y114: 0 | Z114: 0 | AA114: =SUM(E114:Z114) -> 1
A115: B | B115: JUMLAH SUARA SAH PARTAI POLITIK DAN CALON (A1 + A2) | E115: =SUM(E113:E114) -> 0 | F115: =SUM(F113:F114) -> 0 | G115: =SUM(G113:G114) -> 0 | H115: =SUM(H113:H114) -> 0 | I115: =SUM(I113:I114) -> 0 | J115: =SUM(J113:J114) -> 0 | K115: =SUM(K113:K114) -> 0 | L115: =SUM(L113:L114) -> 0 | ... Z115: =SUM(Z113:Z114) -> 0 | AA115: =SUM(E115:Z115) -> 1
A117: A.1 | B117: 10. | C117: Partai Hati Nurani Rakyat | E117: 0 | F117: 0 | G117: 0 | H117: 0 | I117: 0 | J117: 0 | K117: 0 | L117: 0 | M117: 0 | N117: 0 | O117: 0 | P117: 0 | Q117: 0 | R117: 0 | S117: 0 | T117: 0 | U117: 0 | V117: 0 | W117: 1 | X117: 0 | Y117: 0 | Z117: 0 | AA117: =SUM(E117:Z117) -> 1
A118: A.2 | B118: A.2 | C118: 1. WAWAN KRISDIANTO, S.T. | E118: 0 | F118: 0 | G118: 0 | H118: 0 | I118: 0 | J118: 0 | K118: 0 | L118: 1 | M118: 0 | N118: 0 | O118: 0 | P118: 0 | Q118: 0 | R118: 1 | S118: 0 | T118: 0 | U118: 0 | V118: 0 | W118: 0 | X118: 0 | Y118: 0 | Z118: 0 | AA118: =SUM(E118:Z118) -> 2
C119: 2. Drs. SUGIYO | E119: 0 | F119: 0 | G119: 0 | H119: 0 | I119: 0 | J119: 0 | K119: 0 | L119: 0 | M119: 0 | N119: 0 | O119: 0 | P119: 0 | Q119: 0 | R119: 0 | S119: 0 | T119: 0 | U119: 0 | V119: 0 | W119: 0 | X119: 0 | Y119: 0 | Z119: 0 | AA119: =SUM(E119:Z119) -> 0
C120: 3. AGUS WIJAYANTI, S.T. | E120: 0 | F120: 0 | G120: 0 | H120: 0 | I120: 0 | J120: 0 | K120: 0 | L120: 0 | M120: 0 | N120: 0 | O120: 0 | P120: 0 | Q120: 0 | R120: 0 | S120: 0 | T120: 0 | U120: 0 | V120: 0 | W120: 0 | X120: 0 | Y120: 0 | Z120: 0 | AA120: =SUM(E120:Z120) -> 0
...

Sheet SIDOREJO
C2: Kecamatan | D2: PURWOHARJO
C3: Kabupaten | D3: BANYUWANGI
C4: Provinsi | D4: JAWA TIMUR
C9: Kelurahan | D9: SIDOREJO
A12: I | B12: DATA PEMILIH DAN PENGGUNAAN HAK PILIH | AA12: JUMLAH AKHIR
A13: A | B13: DATA PEMILIH | E13: TPS 001 | F13: TPS 002 | G13: TPS 003 | H13: TPS 004 | I13: TPS 005 | J13: TPS 006 | K13: TPS 007 | L13: TPS 008 | M13: TPS 009 | N13: TPS 010 | O13: TPS 011 | P13: TPS 012 | Q13: TPS 013 | R13: TPS 014 | S13: TPS 015 | T13: TPS 016 | U13: TPS 017 | V13: TPS 018 | W13: TPS 019 | X13: TPS 020 | Y13: TPS 021 | Z13: TPS 022
B14: Jumlah Pemilih dalam Daftar Pemilih Tetap (DPT) | D14: LK | E14: 131 | F14: 134 | G14: 136 | H14: 143 | I14: 134 | J14: 129 | K14: 142 | L14: 141 | M14: 138 | N14: 150 | O14: 141 | P14: 147 | Q14: 156 | R14: 137 | S14: 123 | T14: 139 | U14: 132 | V14: 132 | W14: 133 | X14: 137 | Y14: 125 | Z14: 139 | AA14: =SUM(E14:Z14) -> 3019
D15: PR | E15: 144 | F15: 132 | G15: 137 | H15: 144 | I15: 136 | J15: 145 | K15: 134 | L15: 136 | M15: 148 | N15: 145 | O15: 140 | P15: 146 | Q15: 141 | R15: 124 | S15: 129 | T15: 125 | U15: 133 | V15: 137 | W15: 133 | X15: 137 | Y15: 133 | Z15: 133 | AA15: =SUM(E15:Z15) -> 3012
D16: JML | E16: =SUM(E14:E15) -> 275 | F16: =SUM(F14:F15) -> 266 | G16: =SUM(G14:G15) -> 273 | H16: =SUM(H14:H15) -> 287 | I16: =SUM(I14:I15) -> 270 | J16: =SUM(J14:J15) -> 274 | K16: =SUM(K14:K15) -> 276 | L16: =SUM(L14:L15) -> 277 | ... Z16: =SUM(Z14:Z15) -> 272 | AA16: =SUM(E16:Z16) -> 6031
A18: B | B18: PENGGUNA HAK PILIH
B19: 1. | C19: Jumlah pengguna hak pilih dalam Daftar Pemilih Tetap (DPT) | D19: LK | E19: 102 | F19: 99 | G19: 104 | H19: 112 | I19: 106 | J19: 100 | K19: 106 | L19: 113 | M19: 101 | N19: 111 | O19: 108 | P19: 122 | Q19: 121 | R19: 111 | S19: 102 | T19: 110 | U19: 103 | V19: 94 | W19: 110 | X19: 100 | Y19: 99 | Z19: 108 | AA19: =SUM(E19:Z19) -> 2342
D20: PR | E20: 123 | F20: 109 | G20: 107 | H20: 111 | I20: 113 | J20: 117 | K20: 113 | L20: 108 | M20: 125 | N20: 113 | O20: 113 | P20: 118 | Q20: 110 | R20: 105 | S20: 115 | T20: 104 | U20: 95 | V20: 105 | W20: 105 | X20: 107 | Y20: 102 | Z20: 109 | AA20: =SUM(E20:Z20) -> 2427
D21: JML | E21: =SUM(E19:E20) -> 225 | F21: =SUM(F19:F20) -> 208 | G21: =SUM(G19:G20) -> 211 | H21: =SUM(H19:H20) -> 223 | I21: =SUM(I19:I20) -> 219 | J21: =SUM(J19:J20) -> 217 | K21: =SUM(K19:K20) -> 219 | L21: =SUM(L19:L20) -> 221 | ... Z21: =SUM(Z19:Z20) -> 217 | AA21: =SUM(E21:Z21) -> 4769
B22: 2. | C22: Jumlah pengguna hak pilih dalam Daftar Pemilih Tambahan (DPTb) | D22: LK | E22: 1 | F22: 0 | G22: 0 | H22: 0 | I22: 0 | J22: 0 | K22: 0 | L22: 0 | M22: 0 | N22: 0 | O22: 0 | P22: 0 | Q22: 0 | R22: 0 | S22: 0 | T22: 0 | U22: 0 | V22: 0 | W22: 0 | X22: 0 | Y22: 0 | Z22: 0 | AA22: =SUM(E22:Z22) -> 1
D23: PR | E23: 0 | F23: 0 | G23: 0 | H23: 0 | I23: 0 | J23: 0 | K23: 0 | L23: 0 | M23: 0 | N23: 0 | O23: 0 | P23: 0 | Q23: 0 | R23: 0 | S23: 0 | T23: 0 | U23: 1 | V23: 0 | W23: 0 | X23: 0 | Y23: 0 | Z23: 0 | AA23: =SUM(E23:Z23) -> 1
D24: JML | E24: =SUM(E22:E23) -> 1 | F24: =SUM(F22:F23) -> 0 | G24: =SUM(G22:G23) -> 0 | H24: =SUM(H22:H23) -> 0 | I24: =SUM(I22:I23) -> 0 | J24: =SUM(J22:J23) -> 0 | K24: =SUM(K22:K23) -> 0 | L24: =SUM(L22:L23) -> 0 | ... Z24: =SUM(Z22:Z23) -> 0 | AA24: =SUM(E24:Z24) -> 2
B25: 3. | C25: Jumlah pengguna hak pilih dalam Daftar Pemilih Khusus (DPK) | D25: LK | E25: 2 | F25: 0 | G25: 3 | H25: 0 | I25: 1 | J25: 0 | K25: 1 | L25: 1 | M25: 0 | N25: 0 | O25: 0 | P25: 0 | Q25: 0 | R25: 0 | S25: 2 | T25: 0 | U25: 1 | V25: 1 | W25: 0 | X25: 2 | Y25: 1 | Z25: 1 | AA25: =SUM(E25:Z25) -> 16
D26: PR | E26: 2 | F26: 0 | G26: 1 | H26: 0 | I26: 3 | J26: 2 | K26: 2 | L26: 1 | M26: 0 | N26: 0 | O26: 6 | P26: 2 | Q26: 0 | R26: 1 | S26: 0 | T26: 0 | U26: 2 | V26: 0 | W26: 0 | X26: 2 | Y26: 1 | Z26: 2 | AA26: =SUM(E26:Z26) -> 27
D27: JML | E27: =SUM(E25:E26) -> 4 | F27: =SUM(F25:F26) -> 0 | G27: =SUM(G25:G26) -> 4 | H27: =SUM(H25:H26) -> 0 | I27: =SUM(I25:I26) -> 4 | J27: =SUM(J25:J26) -> 2 | K27: =SUM(K25:K26) -> 3 | L27: =SUM(L25:L26) -> 2 | ... Z27: =SUM(Z25:Z26) -> 3 | AA27: =SUM(E27:Z27) -> 43
B28: 4. | C28: Jumlah Pengguna Hak Pilih (B.1+B.2+B.3) | D28: LK | E28: =SUM(E19,E22,E25) -> 105 | F28: =SUM(F19,F22,F25) -> 99 | G28: =SUM(G19,G22,G25) -> 107 | H28: =SUM(H19,H22,H25) -> 112 | I28: =SUM(I19,I22,I25) -> 107 | J28: =SUM(J19,J22,J25) -> 100 | K28: =SUM(K19,K22,K25) -> 107 | L28: =SUM(L19,L22,L25) -> 114 | ... Z28: =SUM(Z19,Z22,Z25) -> 109 | AA28: =SUM(E28:Z28) -> 2359
D29: PR | E29: =SUM(E20,E23,E26) -> 125 | F29: =SUM(F20,F23,F26) -> 109 | G29: =SUM(G20,G23,G26) -> 108 | H29: =SUM(H20,H23,H26) -> 111 | I29: =SUM(I20,I23,I26) -> 116 | J29: =SUM(J20,J23,J26) -> 119 | K29: =SUM(K20,K23,K26) -> 115 | L29: =SUM(L20,L23,L26) -> 109 | ... Z29: =SUM(Z20,Z23,Z26) -> 111 | AA29: =SUM(E29:Z29) -> 2455
D30: JML | E30: =SUM(E28:E29) -> 230 | F30: =SUM(F28:F29) -> 208 | G30: =SUM(G28:G29) -> 215 | H30: =SUM(H28:H29) -> 223 | I30: =SUM(I28:I29) -> 223 | J30: =SUM(J28:J29) -> 219 | K30: =SUM(K28:K29) -> 222 | L30: =SUM(L28:L29) -> 223 | ... Z30: =SUM(Z28:Z29) -> 220 | AA30: =SUM(E30:Z30) -> 4814
A32: II | B32: DATA PENGGUNAAN SURAT SUARA
A33: 1 | B33: Jumlah surat suara yang diterima, termasuk surat suara cadangan 2,5% dari DPT | E33: 280 | F33: 272 | G33: 279 | H33: 293 | I33: 276 | J33: 280 | K33: 282 | L33: 283 | M33: 292 | N33: 300 | O33: 287 | P33: 299 | Q33: 303 | R33: 266 | S33: 258 | T33: 270 | U33: 271 | V33: 275 | W33: 272 | X33: 280 | Y33: 264 | Z33: 278 | AA33: =SUM(E33:Z33) -> 6160
A34: 2 | B34: Jumlah surat suara yang digunakan | E34: 230 | F34: 208 | G34: 215 | H34: 223 | I34: 223 | J34: 219 | K34: 222 | L34: 223 | M34: 226 | N34: 224 | O34: 227 | P34: 242 | Q34: 231 | R34: 217 | S34: 219 | T34: 214 | U34: 202 | V34: 200 | W34: 215 | X34: 211 | Y34: 203 | Z34: 220 | AA34: =SUM(E34:Z34) -> 4814
A35: 3 | B35: Jumlah surat suara dikembalikan oleh pemilih (karena rusak atau keliru coblos) | E35: 1 | F35: 0 | G35: 1 | H35: 0 | I35: 0 | J35: 0 | K35: 3 | L35: 0 | M35: 0 | N35: 0 | O35: 0 | P35: 1 | Q35: 2 | R35: 0 | S35: 0 | T35: 0 | U35: 0 | V35: 0 | W35: 0 | X35: 0 | Y35: 0 | Z35: 0 | AA35: =SUM(E35:Z35) -> 8
A36: 4 | B36: Jumlah surat suara yang tidak digunakan/tidak terpakai, termasuk sisa surat suara cadangan | E36: =E33-(E34+E35) -> 49 | F36: =F33-(F34+F35) -> 64 | G36: =G33-(G34+G35) -> 63 | H36: =H33-(H34+H35) -> 70 | I36: =I33-(I34+I35) -> 53 | J36: =J33-(J34+J35) -> 61 | K36: =K33-(K34+K35) -> 57 | L36: =L33-(L34+L35) -> 60 | ... Z36: =Z33-(Z34+Z35) -> 58 | AA36: =SUM(E36:Z36) -> 1338
A38: III | B38: DATA PEMILIH DISABILITAS
B39: Jumlah seluruh Pemilih disabilitas yang menggunakan hak pilih | D39: LK | E39: 0 | F39: 0 | G39: 0 | H39: 1 | I39: 0 | J39: 0 | K39: 0 | L39: 0 | M39: 0 | N39: 0 | O39: 0 | P39: 0 | Q39: 0 | R39: 0 | S39: 0 | T39: 0 | U39: 0 | V39: 0 | W39: 0 | X39: 0 | Y39: 0 | Z39: 0 | AA39: =SUM(E39:Z39) -> 1
D40: PR | E40: 0 | F40: 0 | G40: 0 | H40: 0 | I40: 0 | J40: 0 | K40: 0 | L40: 0 | M40: 0 | N40: 0 | O40: 0 | P40: 0 | Q40: 0 | R40: 0 | S40: 0 | T40: 0 | U40: 0 | V40: 0 | W40: 0 | X40: 0 | Y40: 0 | Z40: 0 | AA40: =SUM(E40:Z40) -> 0
D41: JML | E41: =SUM(E39:E40) -> 0 | F41: =SUM(F39:F40) -> 0 | G41: =SUM(G39:G40) -> 0 | H41: =SUM(H39:H40) -> 1 | I41: =SUM(I39:I40) -> 0 | J41: =SUM(J39:J40) -> 0 | K41: =SUM(K39:K40) -> 0 | L41: =SUM(L39:L40) -> 0 | ... Z41: =SUM(Z39:Z40) -> 0 | AA41: =SUM(E41:Z41) -> 1
A43: IV | B43: DATA RINCIAN PEROLEHAN SUARA PASANGAN CALON BUPATI DAN WAKIL BUPATI
A44: NOMOR DAN NAMA CALON
A45: A.1 | B45: 1. | C45: Partai Kebangkitan Bangsa | E45: 15 | F45: 6 | G45: 8 | H45: 10 | I45: 13 | J45: 8 | K45: 9 | L45: 3 | M45: 4 | N45: 5 | O45: 6 | P45: 12 | Q45: 3 | R45: 4 | S45: 1 | T45: 12 | U45: 7 | V45: 11 | W45: 1 | X45: 4 | Y45: 4 | Z45: 9 | AA45: =SUM(E45:Z45) -> 155
A46: A.2 | C46: 1. MUKHTAR NABALI MUFAUWIQ | E46: 15 | F46: 8 | G46: 0 | H46: 1 | I46: 7 | J46: 2 | K46: 3 | L46: 3 | M46: 4 | N46: 1 | O46: 3 | P46: 2 | Q46: 7 | R46: 7 | S46: 9 | T46: 1 | U46: 1 | V46: 1 | W46: 0 | X46: 1 | Y46: 2 | Z46: 1 | AA46: =SUM(E46:Z46) -> 79
C47: 2. H. SUSIYANTO | E47: 125 | F47: 86 | G47: 96 | H47: 127 | I47: 132 | J47: 127 | K47: 88 | L47: 54 | M47: 61 | N47: 84 | O47: 45 | P47: 67 | Q47: 47 | R47: 29 | S47: 31 | T47: 89 | U47: 78 | V47: 72 | W47: 45 | X47: 35 | Y47: 67 | Z47: 72 | AA47: =SUM(E47:Z47) -> 1657
C48: 3. DUWI HASTRENI, S.H. | E48: 5 | F48: 2 | G48: 1 | H48: 1 | I48: 1 | J48: 1 | K48: 5 | L48: 2 | M48: 0 | N48: 2 | O48: 2 | P48: 0 | Q48: 0 | R48: 0 | S48: 2 | T48: 2 | U48: 2 | V48: 1 | W48: 2 | X48: 3 | Y48: 1 | Z48: 0 | AA48: =SUM(E48:Z48) -> 35
C49: 4. MIFTAKHODIN | E49: 0 | F49: 0 | G49: 0 | H49: 0 | I49: 0 | J49: 0 | K49: 0 | L49: 0 | M49: 1 | N49: 0 | O49: 0 | P49: 0 | Q49: 0 | R49: 0 | S49: 0 | T49: 0 | U49: 0 | V49: 0 | W49: 0 | X49: 0 | Y49: 0 | Z49: 0 | AA49: =SUM(E49:Z49) -> 1
C50: 5. SITI MUSTIKAH | E50: 0 | F50: 0 | G50: 0 | H50: 1 | I50: 0 | J50: 0 | K50: 1 | L50: 1 | M50: 0 | N50: 0 | O50: 0 | P50: 1 | Q50: 0 | R50: 0 | S50: 0 | T50: 0 | U50: 2 | V50: 0 | W50: 2 | X50: 0 | Y50: 0 | Z50: 0 | AA50: =SUM(E50:Z50) -> 8
C51: 6. ABDUL GHOFUR | E51: 1 | F51: 0 | G51: 0 | H51: 0 | I51: 0 | J51: 0 | K51: 1 | L51: 0 | M51: 0 | N51: 0 | O51: 0 | P51: 0 | Q51: 0 | R51: 0 | S51: 0 | T51: 0 | U51: 0 | V51: 1 | W51: 0 | X51: 0 | Y51: 0 | Z51: 0 | AA51: =SUM(E51:Z51) -> 3
C52: 7. ABDUL ROHMAN, S.Pd. | E52: 13 | F52: 4 | G52: 2 | H52: 0 | I52: 0 | J52: 0 | K52: 0 | L52: 0 | M52: 0 | N52: 0 | O52: 0 | P52: 0 | Q52: 0 | R52: 0 | S52: 1 | T52: 0 | U52: 0 | V52: 0 | W52: 0 | X52: 0 | Y52: 0 | Z52: 0 | AA52: =SUM(E52:Z52) -> 20
A53: B | B53: JUMLAH SUARA SAH PARTAI POLITIK DAN CALON (A1 + A2) | E53: =SUM(E45:E52) -> 174 | F53: =SUM(F45:F52) -> 106 | G53: =SUM(G45:G52) -> 107 | H53: =SUM(H45:H52) -> 140 | I53: =SUM(I45:I52) -> 153 | J53: =SUM(J45:J52) -> 138 | K53: =SUM(K45:K52) -> 107 | L53: =SUM(L45:L52) -> 63 | ... Z53: =SUM(Z45:Z52) -> 82 | AA53: =SUM(E53:Z53) -> 1958
A55: A.1 | B55: 2. | C55: Partai Gerakan Indonesia Raya | E55: 3 | F55: 3 | G55: 4 | H55: 12 | I55: 4 | J55: 8 | K55: 8 | L55: 14 | M55: 2 | N55: 8 | O55: 7 | P55: 6 | Q55: 0 | R55: 7 | S55: 0 | T55: 11 | U55: 13 | V55: 16 | W55: 4 | X55: 5 | Y55: 4 | Z55: 5 | AA55: =SUM(E55:Z55) -> 144
A56: A.2 | C56: 1. Drs. H. SUPRAYOGIN | E56: 5 | F56: 2 | G56: 4 | H56: 2 | I56: 5 | J56: 3 | K56: 1 | L56: 3 | M56: 3 | N56: 10 | O56: 2 | P56: 2 | Q56: 64 | R56: 1 | S56: 2 | T56: 4 | U56: 8 | V56: 7 | W56: 6 | X56: 7 | Y56: 3 | Z56: 4 | AA56: =SUM(E56:Z56) -> 148
C57: 2. MAHFUD SYAMSUL HADI | E57: 1 | F57: 6 | G57: 2 | H57: 2 | I57: 2 | J57: 2 | K57: 1 | L57: 2 | M57: 3 | N57: 2 | O57: 2 | P57: 1 | Q57: 0 | R57: 1 | S57: 0 | T57: 2 | U57: 2 | V57: 7 | W57: 7 | X57: 5 | Y57: 1 | Z57: 9 | AA57: =SUM(E57:Z57) -> 60
C58: 3. NUR AINI | E58: 2 | F58: 3 | G58: 3 | H58: 0 | I58: 2 | J58: 0 | K58: 1 | L58: 2 | M58: 1 | N58: 0 | O58: 2 | P58: 0 | Q58: 0 | R58: 0 | S58: 0 | T58: 7 | U58: 0 | V58: 4 | W58: 5 | X58: 1 | Y58: 0 | Z58: 3 | AA58: =SUM(E58:Z58) -> 36
C59: 4. ACHMAD ALI WAFFA | E59: 1 | F59: 1 | G59: 0 | H59: 0 | I59: 0 | J59: 0 | K59: 0 | L59: 0 | M59: 0 | N59: 0 | O59: 0 | P59: 0 | Q59: 0 | R59: 1 | S59: 0 | T59: 1 | U59: 0 | V59: 1 | W59: 0 | X59: 0 | Y59: 0 | Z59: 1 | AA59: =SUM(E59:Z59) -> 6
C60: 5. SRI HARTATIK | E60: 0 | F60: 0 | G60: 0 | H60: 0 | I60: 1 | J60: 0 | K60: 1 | L60: 1 | M60: 0 | N60: 1 | O60: 0 | P60: 0 | Q60: 0 | R60: 0 | S60: 1 | T60: 0 | U60: 0 | V60: 0 | W60: 1 | X60: 0 | Y60: 0 | Z60: 0 | AA60: =SUM(E60:Z60) -> 6
C61: 6. MAKIK SIHOMBING | E61: 0 | F61: 0 | G61: 0 | H61: 0 | I61: 0 | J61: 0 | K61: 0 | L61: 0 | M61: 0 | N61: 0 | O61: 0 | P61: 0 | Q61: 0 | R61: 0 | S61: 0 | T61: 0 | U61: 0 | V61: 0 | W61: 0 | X61: 0 | Y61: 0 | Z61: 0 | AA61: =SUM(E61:Z61) -> 0
C62: 7. LIDYA OKTAVIANA | E62: 0 | F62: 0 | G62: 0 | H62: 0 | I62: 0 | J62: 1 | K62: 0 | L62: 0 | M62: 0 | N62: 0 | O62: 0 | P62: 0 | Q62: 0 | R62: 0 | S62: 0 | T62: 0 | U62: 0 | V62: 0 | W62: 0 | X62: 0 | Y62: 0 | Z62: 0 | AA62: =SUM(E62:Z62) -> 1
A63: B | B63: JUMLAH SUARA SAH PARTAI POLITIK DAN CALON (A1 + A2) | E63: =SUM(E55:E62) -> 12 | F63: =SUM(F55:F62) -> 15 | G63: =SUM(G55:G62) -> 13 | H63: =SUM(H55:H62) -> 16 | I63: =SUM(I55:I62) -> 14 | J63: =SUM(J55:J62) -> 14 | K63: =SUM(K55:K62) -> 12 | L63: =SUM(L55:L62) -> 22 | ... Z63: =SUM(Z55:Z62) -> 22 | AA63: =SUM(E63:Z63) -> 401
A65: A.1 | B65: 3. | C65: Partai Demokrasi Indonesia Perjuangan | E65: 1 | F65: 7 | G65: 4 | H65: 4 | I65: 4 | J65: 2 | K65: 4 | L65: 10 | M65: 8 | N65: 3 | O65: 8 | P65: 9 | Q65: 1 | R65: 2 | S65: 0 | T65: 5 | U65: 4 | V65: 8 | W65: 6 | X65: 7 | Y65: 6 | Z65: 5 | AA65: =SUM(E65:Z65) -> 108
A66: A.2 | C66: 1. PATEMO | E66: 0 | F66: 2 | G66: 1 | H66: 0 | I66: 1 | J66: 0 | K66: 0 | L66: 2 | M66: 40 | N66: 18 | O66: 33 | P66: 6 | Q66: 23 | R66: 1 | S66: 0 | T66: 0 | U66: 0 | V66: 2 | W66: 3 | X66: 3 | Y66: 3 | Z66: 0 | AA66: =SUM(E66:Z66) -> 138
C67: 2. EKO HARIYONO | E67: 3 | F67: 3 | G67: 1 | H67: 2 | I67: 3 | J67: 0 | K67: 3 | L67: 1 | M67: 4 | N67: 4 | O67: 0 | P67: 5 | Q67: 0 | R67: 2 | S67: 2 | T67: 0 | U67: 2 | V67: 3 | W67: 2 | X67: 3 | Y67: 5 | Z67: 0 | AA67: =SUM(E67:Z67) -> 48
C68: 3. SRI RUSMAWATI | E68: 0 | F68: 1 | G68: 0 | H68: 0 | I68: 0 | J68: 1 | K68: 0 | L68: 0 | M68: 0 | N68: 0 | O68: 0 | P68: 1 | Q68: 0 | R68: 0 | S68: 0 | T68: 1 | U68: 1 | V68: 2 | W68: 2 | X68: 0 | Y68: 0 | Z68: 0 | AA68: =SUM(E68:Z68) -> 9
C69: 4. SUGIYANTO | E69: 0 | F69: 0 | G69: 0 | H69: 0 | I69: 0 | J69: 0 | K69: 1 | L69: 0 | M69: 0 | N69: 0 | O69: 0 | P69: 0 | Q69: 1 | R69: 0 | S69: 0 | T69: 1 | U69: 3 | V69: 0 | W69: 1 | X69: 0 | Y69: 1 | Z69: 0 | AA69: =SUM(E69:Z69) -> 8
C70: 5. DHEA SARTIKA | E70: 0 | F70: 3 | G70: 4 | H70: 0 | I70: 5 | J70: 2 | K70: 5 | L70: 6 | M70: 0 | N70: 1 | O70: 0 | P70: 2 | Q70: 1 | R70: 3 | S70: 10 | T70: 0 | U70: 1 | V70: 0 | W70: 8 | X70: 3 | Y70: 1 | Z70: 0 | AA70: =SUM(E70:Z70) -> 55
C71: 6. WIDIAWATI | E71: 0 | F71: 1 | G71: 1 | H71: 0 | I71: 0 | J71: 1 | K71: 2 | L71: 0 | M71: 0 | N71: 0 | O71: 0 | P71: 12 | Q71: 45 | R71: 0 | S71: 0 | T71: 1 | U71: 6 | V71: 0 | W71: 3 | X71: 38 | Y71: 7 | Z71: 15 | AA71: =SUM(E71:Z71) -> 132
C72: 7. ARIF NUR CAHYO | E72: 1 | F72: 7 | G72: 3 | H72: 1 | I72: 2 | J72: 3 | K72: 0 | L72: 0 | M72: 3 | N72: 0 | O72: 4 | P72: 0 | Q72: 0 | R72: 1 | S72: 0 | T72: 1 | U72: 9 | V72: 0 | W72: 0 | X72: 1 | Y72: 3 | Z72: 3 | AA72: =SUM(E72:Z72) -> 42
A73: B | B73: JUMLAH SUARA SAH PARTAI POLITIK DAN CALON (A1 + A2) | E73: =SUM(E65:E72) -> 5 | F73: =SUM(F65:F72) -> 24 | G73: =SUM(G65:G72) -> 14 | H73: =SUM(H65:H72) -> 7 | I73: =SUM(I65:I72) -> 15 | J73: =SUM(J65:J72) -> 9 | K73: =SUM(K65:K72) -> 15 | L73: =SUM(L65:L72) -> 19 | ... Z73: =SUM(Z65:Z72) -> 23 | AA73: =SUM(E73:Z73) -> 540
A75: A.1 | B75: 4. | C75: Partai Golongan Karya | E75: 1 | F75: 2 | G75: 3 | H75: 1 | I75: 1 | J75: 0 | K75: 4 | L75: 4 | M75: 1 | N75: 2 | O75: 1 | P75: 1 | Q75: 1 | R75: 3 | S75: 2 | T75: 3 | U75: 1 | V75: 7 | W75: 6 | X75: 2 | Y75: 1 | Z75: 1 | AA75: =SUM(E75:Z75) -> 48
A76: A.2 | C76: 1. MOCHAMMAD ZAENUL ARIFIN, S.M. | E76: 0 | F76: 1 | G76: 0 | H76: 1 | I76: 2 | J76: 1 | K76: 1 | L76: 0 | M76: 1 | N76: 5 | O76: 0 | P76: 0 | Q76: 0 | R76: 3 | S76: 0 | T76: 0 | U76: 6 | V76: 3 | W76: 9 | X76: 5 | Y76: 3 | Z76: 8 | AA76: =SUM(E76:Z76) -> 49
C77: 2. NANANG EDY SUPRIYONO | E77: 0 | F77: 7 | G77: 5 | H77: 1 | I77: 0 | J77: 0 | K77: 1 | L77: 0 | M77: 8 | N77: 13 | O77: 4 | P77: 0 | Q77: 1 | R77: 0 | S77: 2 | T77: 0 | U77: 2 | V77: 5 | W77: 3 | X77: 0 | Y77: 2 | Z77: 5 | AA77: =SUM(E77:Z77) -> 59
C78: 3. SITI MUNAWAROH | E78: 0 | F78: 0 | G78: 0 | H78: 0 | I78: 0 | J78: 0 | K78: 0 | L78: 1 | M78: 0 | N78: 0 | O78: 1 | P78: 0 | Q78: 0 | R78: 0 | S78: 0 | T78: 0 | U78: 0 | V78: 2 | W78: 0 | X78: 1 | Y78: 1 | Z78: 0 | AA78: =SUM(E78:Z78) -> 6
C79: 4. SINUNG TEGUH SANTOSO, S.H., M.H. | E79: 0 | F79: 0 | G79: 1 | H79: 1 | I79: 0 | J79: 0 | K79: 0 | L79: 0 | M79: 0 | N79: 0 | O79: 0 | P79: 1 | Q79: 0 | R79: 0 | S79: 0 | T79: 0 | U79: 0 | V79: 0 | W79: 0 | X79: 0 | Y79: 0 | Z79: 1 | AA79: =SUM(E79:Z79) -> 4
C80: 5. Drs. ALI MUKHSIN | E80: 0 | F80: 0 | G80: 0 | H80: 0 | I80: 0 | J80: 0 | K80: 1 | L80: 0 | M80: 0 | N80: 0 | O80: 0 | P80: 0 | Q80: 0 | R80: 0 | S80: 0 | T80: 0 | U80: 0 | V80: 1 | W80: 2 | X80: 0 | Y80: 0 | Z80: 0 | AA80: =SUM(E80:Z80) -> 4
C81: 6. JUMIA KAMSISKA | E81: 0 | F81: 0 | G81: 0 | H81: 0 | I81: 0 | J81: 0 | K81: 0 | L81: 0 | M81: 0 | N81: 0 | O81: 0 | P81: 0 | Q81: 0 | R81: 0 | S81: 0 | T81: 0 | U81: 0 | V81: 1 | W81: 0 | X81: 0 | Y81: 0 | Z81: 0 | AA81: =SUM(E81:Z81) -> 1
C82: 7. Dra. DYAH PURWANINGSIH | E82: 0 | F82: 3 | G82: 2 | H82: 2 | I82: 0 | J82: 0 | K82: 0 | L82: 2 | M82: 1 | N82: 6 | O82: 1 | P82: 0 | Q82: 0 | R82: 4 | S82: 5 | T82: 3 | U82: 3 | V82: 5 | W82: 23 | X82: 27 | Y82: 2 | Z82: 3 | AA82: =SUM(E82:Z82) -> 92
A83: B | B83: JUMLAH SUARA SAH PARTAI POLITIK DAN CALON (A1 + A2) | E83: =SUM(E75:E82) -> 1 | F83: =SUM(F75:F82) -> 13 | G83: =SUM(G75:G82) -> 11 | H83: =SUM(H75:H82) -> 6 | I83: =SUM(I75:I82) -> 3 | J83: =SUM(J75:J82) -> 1 | K83: =SUM(K75:K82) -> 7 | L83: =SUM(L75:L82) -> 7 | ... Z83: =SUM(Z75:Z82) -> 18 | AA83: =SUM(E83:Z83) -> 263
A85: A.1 | B85: 5. | C85: Partai NasDem | E85: 0 | F85: 2 | G85: 1 | H85: 1 | I85: 0 | J85: 0 | K85: 2 | L85: 5 | M85: 2 | N85: 4 | O85: 3 | P85: 1 | Q85: 0 | R85: 4 | S85: 1 | T85: 8 | U85: 0 | V85: 3 | W85: 3 | X85: 4 | Y85: 7 | Z85: 2 | AA85: =SUM(E85:Z85) -> 53
A86: A.2 | C86: 1. AGUNG SETYO WIBOWO, S.E. | E86: 1 | F86: 0 | G86: 2 | H86: 0 | I86: 0 | J86: 0 | K86: 1 | L86: 0 | M86: 0 | N86: 0 | O86: 1 | P86: 1 | Q86: 2 | R86: 4 | S86: 1 | T86: 5 | U86: 4 | V86: 1 | W86: 0 | X86: 1 | Y86: 1 | Z86: 0 | AA86: =SUM(E86:Z86) -> 25
C87: 2. M. AGHISTNI MAULANA S. | E87: 15 | F87: 28 | G87: 48 | H87: 33 | I87: 15 | J87: 32 | K87: 48 | L87: 73 | M87: 54 | N87: 38 | O87: 48 | P87: 57 | Q87: 6 | R87: 13 | S87: 105 | T87: 23 | U87: 21 | V87: 15 | W87: 39 | X87: 41 | Y87: 50 | Z87: 40 | AA87: =SUM(E87:Z87) -> 842
C88: 3. MUJIATI | E88: 0 | F88: 0 | G88: 0 | H88: 0 | I88: 0 | J88: 0 | K88: 0 | L88: 0 | M88: 0 | N88: 0 | O88: 0 | P88: 0 | Q88: 0 | R88: 0 | S88: 0 | T88: 0 | U88: 0 | V88: 0 | W88: 0 | X88: 0 | Y88: 0 | Z88: 0 | AA88: =SUM(E88:Z88) -> 0
C89: 4. MOH. ALI MAGHFUR, S.S., M.Si. | E89: 1 | F89: 0 | G89: 0 | H89: 0 | I89: 1 | J89: 0 | K89: 0 | L89: 0 | M89: 0 | N89: 0 | O89: 0 | P89: 0 | Q89: 0 | R89: 1 | S89: 1 | T89: 2 | U89: 0 | V89: 0 | W89: 0 | X89: 0 | Y89: 0 | Z89: 1 | AA89: =SUM(E89:Z89) -> 7
C90: 5. NUR HIDAYAH, S.H. | E90: 0 | F90: 0 | G90: 0 | H90: 0 | I90: 0 | J90: 1 | K90: 0 | L90: 0 | M90: 1 | N90: 0 | O90: 1 | P90: 13 | Q90: 0 | R90: 1 | S90: 0 | T90: 0 | U90: 1 | V90: 1 | W90: 0 | X90: 0 | Y90: 1 | Z90: 1 | AA90: =SUM(E90:Z90) -> 21
C91: 6. NUR FATMAWATI | E91: 0 | F91: 0 | G91: 0 | H91: 0 | I91: 0 | J91: 0 | K91: 0 | L91: 0 | M91: 0 | N91: 0 | O91: 0 | P91: 0 | Q91: 0 | R91: 0 | S91: 0 | T91: 0 | U91: 0 | V91: 0 | W91: 1 | X91: 0 | Y91: 0 | Z91: 0 | AA91: =SUM(E91:Z91) -> 1
C92: 7. BAMBANG AGUS SANTOSO | E92: 1 | F92: 0 | G92: 0 | H92: 0 | I92: 0 | J92: 0 | K92: 0 | L92: 0 | M92: 0 | N92: 0 | O92: 0 | P92: 0 | Q92: 0 | R92: 0 | S92: 0 | T92: 0 | U92: 0 | V92: 0 | W92: 0 | X92: 0 | Y92: 0 | Z92: 0 | AA92: =SUM(E92:Z92) -> 1
A93: B | B93: JUMLAH SUARA SAH PARTAI POLITIK DAN CALON (A1 + A2) | E93: =SUM(E85:E92) -> 18 | F93: =SUM(F85:F92) -> 30 | G93: =SUM(G85:G92) -> 51 | H93: =SUM(H85:H92) -> 34 | I93: =SUM(I85:I92) -> 16 | J93: =SUM(J85:J92) -> 33 | K93: =SUM(K85:K92) -> 51 | L93: =SUM(L85:L92) -> 78 | ... Z93: =SUM(Z85:Z92) -> 44 | AA93: =SUM(E93:Z93) -> 950
A95: A.1 | B95: 6. | C95: Partai Buruh | E95: 0 | F95: 0 | G95: 0 | H95: 0 | I95: 0 | J95: 0 | K95: 0 | L95: 0 | M95: 0 | N95: 0 | O95: 0 | P95: 1 | Q95: 1 | R95: 0 | S95: 0 | T95: 0 | U95: 0 | V95: 0 | W95: 0 | X95: 1 | Y95: 1 | Z95: 1 | AA95: =SUM(E95:Z95) -> 5
A96: A.2 | C96: 1. YULIANTO | E96: 0 | F96: 0 | G96: 0 | H96: 0 | I96: 1 | J96: 0 | K96: 0 | L96: 0 | M96: 0 | N96: 0 | O96: 0 | P96: 1 | Q96: 0 | R96: 0 | S96: 0 | T96: 1 | U96: 0 | V96: 0 | W96: 0 | X96: 0 | Y96: 0 | Z96: 0 | AA96: =SUM(E96:Z96) -> 3
A97: B | B97: JUMLAH SUARA SAH PARTAI POLITIK DAN CALON (A1 + A2) | E97: =SUM(E95:E96) -> 0 | F97: =SUM(F95:F96) -> 0 | G97: =SUM(G95:G96) -> 0 | H97: =SUM(H95:H96) -> 0 | I97: =SUM(I95:I96) -> 1 | J97: =SUM(J95:J96) -> 0 | K97: =SUM(K95:K96) -> 0 | L97: =SUM(L95:L96) -> 0 | ... Z97: =SUM(Z95:Z96) -> 1 | AA97: =SUM(E97:Z97) -> 8
A99: A.1 | B99: 7. | C99: Partai Gelombang Rakyat Indonesia | E99: 0 | F99: 0 | G99: 1 | H99: 2 | I99: 0 | J99: 2 | K99: 0 | L99: 0 | M99: 0 | N99: 0 | O99: 3 | P99: 3 | Q99: 0 | R99: 2 | S99: 2 | T99: 1 | U99: 0 | V99: 0 | W99: 1 | X99: 3 | Y99: 1 | Z99: 0 | AA99: =SUM(E99:Z99) -> 21
A100: A.2 | C100: 1. AGUNG TUTUKO | E100: 0 | F100: 0 | G100: 0 | H100: 0 | I100: 0 | J100: 0 | K100: 0 | L100: 0 | M100: 0 | N100: 0 | O100: 2 | P100: 0 | Q100: 1 | R100: 0 | S100: 0 | T100: 2 | U100: 0 | V100: 0 | W100: 0 | X100: 0 | Y100: 0 | Z100: 0 | AA100: =SUM(E100:Z100) -> 5
A101: B | B101: JUMLAH SUARA SAH PARTAI POLITIK DAN CALON (A1 + A2) | E101: =SUM(E99:E100) -> 0 | F101: =SUM(F99:F100) -> 0 | G101: =SUM(G99:G100) -> 1 | H101: =SUM(H99:H100) -> 2 | I101: =SUM(I99:I100) -> 0 | J101: =SUM(J99:J100) -> 2 | K101: =SUM(K99:K100) -> 0 | L101: =SUM(L99:L100) -> 0 | ... Z101: =SUM(Z99:Z100) -> 0 | AA101: =SUM(E101:Z101) -> 26
A103: A.1 | B103: 8. | C103: Partai Keadilan Sejahtera | E103: 0 | F103: 1 | G103: 1 | H103: 1 | I103: 0 | J103: 0 | K103: 0 | L103: 0 | M103: 0 | N103: 0 | O103: 0 | P103: 0 | Q103: 0 | R103: 0 | S103: 0 | T103: 0 | U103: 0 | V103: 1 | W103: 0 | X103: 0 | Y103: 0 | Z103: 0 | AA103: =SUM(E103:Z103) -> 4
A104: A.2 | C104: 1. IMRON EFFENDI, S.Pd.I. | E104: 1 | F104: 0 | G104: 0 | H104: 0 | I104: 1 | J104: 2 | K104: 1 | L104: 0 | M104: 0 | N104: 2 | O104: 0 | P104: 0 | Q104: 0 | R104: 0 | S104: 0 | T104: 1 | U104: 2 | V104: 0 | W104: 1 | X104: 0 | Y104: 0 | Z104: 0 | AA104: =SUM(E104:Z104) -> 11
C105: 2. RIYANTO | E105: 0 | F105: 0 | G105: 0 | H105: 0 | I105: 0 | J105: 0 | K105: 0 | L105: 0 | M105: 0 | N105: 0 | O105: 0 | P105: 0 | Q105: 0 | R105: 0 | S105: 0 | T105: 0 | U105: 0 | V105: 0 | W105: 0 | X105: 0 | Y105: 0 | Z105: 0 | AA105: =SUM(E105:Z105) -> 0
C106: 3. DYAH RATNAWATI, S.P. | E106: 0 | F106: 0 | G106: 0 | H106: 0 | I106: 0 | J106: 0 | K106: 0 | L106: 1 | M106: 0 | N106: 0 | O106: 0 | P106: 0 | Q106: 0 | R106: 1 | S106: 0 | T106: 0 | U106: 0 | V106: 0 | W106: 0 | X106: 1 | Y106: 0 | Z106: 0 | AA106: =SUM(E106:Z106) -> 3
C107: 4. SLAMET EFENDI, S.Pd.I. | E107: 0 | F107: 0 | G107: 0 | H107: 0 | I107: 0 | J107: 0 | K107: 0 | L107: 0 | M107: 0 | N107: 0 | O107: 0 | P107: 0 | Q107: 0 | R107: 1 | S107: 0 | T107: 0 | U107: 0 | V107: 0 | W107: 0 | X107: 0 | Y107: 0 | Z107: 0 | AA107: =SUM(E107:Z107) -> 1
C108: 5. NIDA'UL A'DILAH | E108: 0 | F108: 0 | G108: 0 | H108: 0 | I108: 0 | J108: 0 | K108: 0 | L108: 0 | M108: 0 | N108: 0 | O108: 0 | P108: 0 | Q108: 0 | R108: 0 | S108: 0 | T108: 0 | U108: 0 | V108: 0 | W108: 0 | X108: 0 | Y108: 0 | Z108: 0 | AA108: =SUM(E108:Z108) -> 0
C109: 6. FUJI ARIANTI, S.Pd. | E109: 0 | F109: 0 | G109: 0 | H109: 0 | I109: 0 | J109: 0 | K109: 0 | L109: 0 | M109: 0 | N109: 0 | O109: 0 | P109: 0 | Q109: 0 | R109: 0 | S109: 0 | T109: 0 | U109: 0 | V109: 0 | W109: 0 | X109: 0 | Y109: 0 | Z109: 0 | AA109: =SUM(E109:Z109) -> 0
C110: 7. PUJI LEGA CAHYONO | E110: 0 | F110: 0 | G110: 0 | H110: 0 | I110: 0 | J110: 0 | K110: 0 | L110: 0 | M110: 0 | N110: 0 | O110: 0 | P110: 0 | Q110: 0 | R110: 0 | S110: 0 | T110: 0 | U110: 0 | V110: 0 | W110: 0 | X110: 0 | Y110: 0 | Z110: 0 | AA110: =SUM(E110:Z110) -> 0
A111: B | B111: JUMLAH SUARA SAH PARTAI POLITIK DAN CALON (A1 + A2) | E111: =SUM(E103:E110) -> 1 | F111: =SUM(F103:F110) -> 1 | G111: =SUM(G103:G110) -> 1 | H111: =SUM(H103:H110) -> 1 | I111: =SUM(I103:I110) -> 1 | J111: =SUM(J103:J110) -> 2 | K111: =SUM(K103:K110) -> 1 | L111: =SUM(L103:L110) -> 1 | ... Z111: =SUM(Z103:Z110) -> 0 | AA111: =SUM(E111:Z111) -> 19
A113: A.1 | B113: 9. | C113: Partai Kebangkitan Nusantara | E113: 0 | F113: 0 | G113: 0 | H113: 0 | I113: 0 | J113: 0 | K113: 0 | L113: 0 | M113: 0 | N113: 0 | O113: 0 | P113: 0 | Q113: 0 | R113: 0 | S113: 0 | T113: 0 | U113: 0 | V113: 1 | W113: 0 | X113: 1 | Y113: 1 | Z113: 0 | AA113: =SUM(E113:Z113) -> 3
A114: A.2 | C114: 1. NANIN LINDYAWATI | E114: 0 | F114: 0 | G114: 0 | H114: 0 | I114: 0 | J114: 0 | K114: 0 | L114: 0 | M114: 0 | N114: 0 | O114: 0 | P114: 0 | Q114: 0 | R114: 0 | S114: 0 | T114: 0 | U114: 0 | V114: 0 | W114: 0 | X114: 0 | Y114: 0 | Z114: 0 | AA114: =SUM(E114:Z114) -> 0
A115: B | B115: JUMLAH SUARA SAH PARTAI POLITIK DAN CALON (A1 + A2) | E115: =SUM(E113:E114) -> 0 | F115: =SUM(F113:F114) -> 0 | G115: =SUM(G113:G114) -> 0 | H115: =SUM(H113:H114) -> 0 | I115: =SUM(I113:I114) -> 0 | J115: =SUM(J113:J114) -> 0 | K115: =SUM(K113:K114) -> 0 | L115: =SUM(L113:L114) -> 0 | ... Z115: =SUM(Z113:Z114) -> 0 | AA115: =SUM(E115:Z115) -> 3
A117: A.1 | B117: 10. | C117: Partai Hati Nurani Rakyat | E117: 0 | F117: 0 | G117: 0 | H117: 0 | I117: 0 | J117: 0 | K117: 1 | L117: 1 | M117: 0 | N117: 1 | O117: 0 | P117: 0 | Q117: 0 | R117: 0 | S117: 0 | T117: 0 | U117: 0 | V117: 0 | W117: 0 | X117: 0 | Y117: 0 | Z117: 0 | AA117: =SUM(E117:Z117) -> 3
A118: A.2 | B118: A.2 | C118: 1. WAWAN KRISDIANTO, S.T. | E118: 0 | F118: 0 | G118: 0 | H118: 0 | I118: 0 | J118: 0 | K118: 0 | L118: 0 | M118: 0 | N118: 0 | O118: 0 | P118: 0 | Q118: 0 | R118: 0 | S118: 0 | T118: 0 | U118: 0 | V118: 0 | W118: 0 | X118: 0 | Y118: 0 | Z118: 0 | AA118: =SUM(E118:Z118) -> 0
C119: 2. Drs. SUGIYO | E119: 0 | F119: 0 | G119: 0 | H119: 0 | I119: 0 | J119: 0 | K119: 0 | L119: 0 | M119: 0 | N119: 0 | O119: 0 | P119: 1 | Q119: 0 | R119: 1 | S119: 0 | T119: 0 | U119: 0 | V119: 0 | W119: 0 | X119: 0 | Y119: 0 | Z119: 0 | AA119: =SUM(E119:Z119) -> 2
C120: 3. AGUS WIJAYANTI, S.T. | E120: 0 | F120: 0 | G120: 0 | H120: 0 | I120: 0 | J120: 0 | K120: 0 | L120: 0 | M120: 0 | N120: 0 | O120: 0 | P120: 0 | Q120: 0 | R120: 0 | S120: 0 | T120: 0 | U120: 0 | V120: 0 | W120: 0 | X120: 0 | Y120: 0 | Z120: 0 | AA120: =SUM(E120:Z120) -> 0
...

Sheet PURWOHARJO
C2: Kecamatan | D2: PURWOHARJO
C3: Kabupaten | D3: BANYUWANGI
C4: Provinsi | D4: JAWA TIMUR
C9: Kelurahan | D9: PURWOHARJO
A12: I | B12: DATA PEMILIH DAN PENGGUNAAN HAK PILIH | AK12: JUMLAH AKHIR
A13: A | B13: DATA PEMILIH | E13: TPS 001 | F13: TPS 002 | G13: TPS 003 | H13: TPS 004 | I13: TPS 005 | J13: TPS 006 | K13: TPS 007 | L13: TPS 008 | M13: TPS 009 | N13: TPS 010 | O13: TPS 011 | P13: TPS 012 | Q13: TPS 013 | R13: TPS 014 | S13: TPS 015 | T13: TPS 016 | U13: TPS 017 | V13: TPS 018 | W13: TPS 019 | X13: TPS 020 | Y13: TPS 021 | Z13: TPS 022 | AA13: TPS 023 | AB13: TPS 024 | AC13: TPS 025 | AD13: TPS 026 | AE13: TPS 027 | AF13: TPS 028 | AG13: TPS 029 | AH13: TPS 030 | AI13: TPS 031 | AJ13: TPS 032
B14: Jumlah Pemilih dalam Daftar Pemilih Tetap (DPT) | D14: LK | E14: 128 | F14: 130 | G14: 145 | H14: 137 | I14: 140 | J14: 140 | K14: 126 | L14: 133 | M14: 131 | N14: 137 | O14: 140 | P14: 134 | Q14: 129 | R14: 129 | S14: 128 | T14: 130 | U14: 130 | V14: 134 | W14: 128 | X14: 134 | Y14: 133 | Z14: 127 | AA14: 137 | AB14: 130 | AC14: 142 | AD14: 133 | AE14: 138 | AF14: 135 | AG14: 125 | AH14: 140 | AI14: 135 | AJ14: 135 | AK14: =SUM(E14:AJ14) -> 4273
D15: PR | E15: 123 | F15: 135 | G15: 138 | H15: 133 | I15: 125 | J15: 139 | K15: 135 | L15: 135 | M15: 140 | N15: 136 | O15: 131 | P15: 138 | Q15: 135 | R15: 137 | S15: 140 | T15: 132 | U15: 138 | V15: 125 | W15: 140 | X15: 134 | Y15: 130 | Z15: 135 | AA15: 133 | AB15: 130 | AC15: 135 | AD15: 133 | AE15: 135 | AF15: 122 | AG15: 121 | AH15: 126 | AI15: 133 | AJ15: 133 | AK15: =SUM(E15:AJ15) -> 4255
D16: JML | E16: =SUM(E14:E15) -> 251 | F16: =SUM(F14:F15) -> 265 | G16: =SUM(G14:G15) -> 283 | H16: =SUM(H14:H15) -> 270 | I16: =SUM(I14:I15) -> 265 | J16: =SUM(J14:J15) -> 279 | K16: =SUM(K14:K15) -> 261 | L16: =SUM(L14:L15) -> 268 | ... AJ16: =SUM(AJ14:AJ15) -> 268 | AK16: =SUM(E16:AJ16) -> 8528
A18: B | B18: PENGGUNA HAK PILIH
B19: 1. | C19: Jumlah pengguna hak pilih dalam Daftar Pemilih Tetap (DPT) | D19: LK | E19: 96 | F19: 92 | G19: 111 | H19: 107 | I19: 106 | J19: 108 | K19: 97 | L19: 102 | M19: 97 | N19: 114 | O19: 101 | P19: 90 | Q19: 99 | R19: 84 | S19: 83 | T19: 102 | U19: 97 | V19: 98 | W19: 102 | X19: 99 | Y19: 100 | Z19: 105 | AA19: 103 | AB19: 101 | AC19: 114 | AD19: 107 | AE19: 106 | AF19: 106 | AG19: 98 | AH19: 108 | AI19: 87 | AJ19: 108 | AK19: =SUM(E19:AJ19) -> 3228
D20: PR | E20: 100 | F20: 103 | G20: 109 | H20: 110 | I20: 112 | J20: 110 | K20: 105 | L20: 112 | M20: 106 | N20: 112 | O20: 103 | P20: 107 | Q20: 113 | R20: 106 | S20: 94 | T20: 109 | U20: 101 | V20: 100 | W20: 115 | X20: 90 | Y20: 101 | Z20: 108 | AA20: 106 | AB20: 105 | AC20: 112 | AD20: 104 | AE20: 100 | AF20: 101 | AG20: 85 | AH20: 95 | AI20: 105 | AJ20: 104 | AK20: =SUM(E20:AJ20) -> 3343
D21: JML | E21: =SUM(E19:E20) -> 196 | F21: =SUM(F19:F20) -> 195 | G21: =SUM(G19:G20) -> 220 | H21: =SUM(H19:H20) -> 217 | I21: =SUM(I19:I20) -> 218 | J21: =SUM(J19:J20) -> 218 | K21: =SUM(K19:K20) -> 202 | L21: =SUM(L19:L20) -> 214 | ... AJ21: =SUM(AJ19:AJ20) -> 212 | AK21: =SUM(E21:AJ21) -> 6571
B22: 2. | C22: Jumlah pengguna hak pilih dalam Daftar Pemilih Tambahan (DPTb) | D22: LK | E22: 0 | F22: 0 | G22: 0 | H22: 0 | I22: 1 | J22: 0 | K22: 0 | L22: 0 | M22: 0 | N22: 0 | O22: 1 | P22: 0 | Q22: 1 | R22: 0 | S22: 0 | T22: 0 | U22: 0 | V22: 0 | W22: 0 | X22: 0 | Y22: 0 | Z22: 1 | AA22: 0 | AB22: 0 | AC22: 0 | AD22: 0 | AE22: 0 | AF22: 1 | AG22: 0 | AH22: 0 | AI22: 0 | AJ22: 0 | AK22: =SUM(E22:AJ22) -> 5
D23: PR | E23: 0 | F23: 0 | G23: 0 | H23: 0 | I23: 1 | J23: 0 | K23: 0 | L23: 0 | M23: 0 | N23: 0 | O23: 1 | P23: 0 | Q23: 0 | R23: 0 | S23: 0 | T23: 0 | U23: 1 | V23: 0 | W23: 0 | X23: 0 | Y23: 0 | Z23: 0 | AA23: 0 | AB23: 0 | AC23: 0 | AD23: 0 | AE23: 0 | AF23: 0 | AG23: 0 | AH23: 0 | AI23: 0 | AJ23: 0 | AK23: =SUM(E23:AJ23) -> 3
D24: JML | E24: =SUM(E22:E23) -> 0 | F24: =SUM(F22:F23) -> 0 | G24: =SUM(G22:G23) -> 0 | H24: =SUM(H22:H23) -> 0 | I24: =SUM(I22:I23) -> 2 | J24: =SUM(J22:J23) -> 0 | K24: =SUM(K22:K23) -> 0 | L24: =SUM(L22:L23) -> 0 | ... AJ24: =SUM(AJ22:AJ23) -> 0 | AK24: =SUM(E24:AJ24) -> 8
B25: 3. | C25: Jumlah pengguna hak pilih dalam Daftar Pemilih Khusus (DPK) | D25: LK | E25: 2 | F25: 2 | G25: 2 | H25: 0 | I25: 0 | J25: 1 | K25: 1 | L25: 0 | M25: 1 | N25: 0 | O25: 1 | P25: 2 | Q25: 2 | R25: 0 | S25: 0 | T25: 1 | U25: 0 | V25: 1 | W25: 0 | X25: 3 | Y25: 0 | Z25: 1 | AA25: 0 | AB25: 1 | AC25: 1 | AD25: 3 | AE25: 2 | AF25: 0 | AG25: 3 | AH25: 1 | AI25: 2 | AJ25: 2 | AK25: =SUM(E25:AJ25) -> 35
D26: PR | E26: 1 | F26: 2 | G26: 3 | H26: 0 | I26: 1 | J26: 1 | K26: 2 | L26: 0 | M26: 2 | N26: 4 | O26: 1 | P26: 2 | Q26: 2 | R26: 1 | S26: 0 | T26: 0 | U26: 2 | V26: 0 | W26: 0 | X26: 5 | Y26: 0 | Z26: 0 | AA26: 4 | AB26: 2 | AC26: 3 | AD26: 0 | AE26: 3 | AF26: 0 | AG26: 2 | AH26: 3 | AI26: 1 | AJ26: 1 | AK26: =SUM(E26:AJ26) -> 48
D27: JML | E27: =SUM(E25:E26) -> 3 | F27: =SUM(F25:F26) -> 4 | G27: =SUM(G25:G26) -> 5 | H27: =SUM(H25:H26) -> 0 | I27: =SUM(I25:I26) -> 1 | J27: =SUM(J25:J26) -> 2 | K27: =SUM(K25:K26) -> 3 | L27: =SUM(L25:L26) -> 0 | ... AJ27: =SUM(AJ25:AJ26) -> 3 | AK27: =SUM(E27:AJ27) -> 83
B28: 4. | C28: Jumlah Pengguna Hak Pilih (B.1+B.2+B.3) | D28: LK | E28: =SUM(E19,E22,E25) -> 98 | F28: =SUM(F19,F22,F25) -> 94 | G28: =SUM(G19,G22,G25) -> 113 | H28: =SUM(H19,H22,H25) -> 107 | I28: =SUM(I19,I22,I25) -> 107 | J28: =SUM(J19,J22,J25) -> 109 | K28: =SUM(K19,K22,K25) -> 98 | L28: =SUM(L19,L22,L25) -> 102 | ... AJ28: =SUM(AJ19,AJ22,AJ25) -> 110 | AK28: =SUM(E28:AJ28) -> 3268
D29: PR | E29: =SUM(E20,E23,E26) -> 101 | F29: =SUM(F20,F23,F26) -> 105 | G29: =SUM(G20,G23,G26) -> 112 | H29: =SUM(H20,H23,H26) -> 110 | I29: =SUM(I20,I23,I26) -> 114 | J29: =SUM(J20,J23,J26) -> 111 | K29: =SUM(K20,K23,K26) -> 107 | L29: =SUM(L20,L23,L26) -> 112 | ... AJ29: =SUM(AJ20,AJ23,AJ26) -> 105 | AK29: =SUM(E29:AJ29) -> 3394
D30: JML | E30: =SUM(E28:E29) -> 199 | F30: =SUM(F28:F29) -> 199 | G30: =SUM(G28:G29) -> 225 | H30: =SUM(H28:H29) -> 217 | I30: =SUM(I28:I29) -> 221 | J30: =SUM(J28:J29) -> 220 | K30: =SUM(K28:K29) -> 205 | L30: =SUM(L28:L29) -> 214 | ... AJ30: =SUM(AJ28:AJ29) -> 215 | AK30: =SUM(E30:AJ30) -> 6662
A32: II | B32: DATA PENGGUNAAN SURAT SUARA
A33: 1 | B33: Jumlah surat suara yang diterima, termasuk surat suara cadangan 2,5% dari DPT | E33: 257 | F33: 271 | G33: 289 | H33: 276 | I33: 271 | J33: 285 | K33: 267 | L33: 284 | M33: 277 | N33: 279 | O33: 277 | P33: 278 | Q33: 269 | R33: 272 | S33: 274 | T33: 268 | U33: 274 | V33: 265 | W33: 274 | X33: 274 | Y33: 269 | Z33: 268 | AA33: 276 | AB33: 266 | AC33: 283 | AD33: 272 | AE33: 280 | AF33: 263 | AG33: 251 | AH33: 272 | AI33: 274 | AJ33: 274 | AK33: =SUM(E33:AJ33) -> 8729
A34: 2 | B34: Jumlah surat suara yang digunakan | E34: 199 | F34: 199 | G34: 225 | H34: 217 | I34: 221 | J34: 220 | K34: 205 | L34: 214 | M34: 206 | N34: 230 | O34: 208 | P34: 201 | Q34: 217 | R34: 191 | S34: 177 | T34: 212 | U34: 201 | V34: 199 | W34: 217 | X34: 197 | Y34: 201 | Z34: 215 | AA34: 213 | AB34: 209 | AC34: 230 | AD34: 214 | AE34: 211 | AF34: 208 | AG34: 188 | AH34: 207 | AI34: 195 | AJ34: 215 | AK34: =SUM(E34:AJ34) -> 6662
A35: 3 | B35: Jumlah surat suara dikembalikan oleh pemilih (karena rusak atau keliru coblos) | E35: 1 | F35: 0 | G35: 2 | H35: 0 | I35: 0 | J35: 0 | K35: 0 | L35: 2 | M35: 0 | N35: 0 | O35: 1 | P35: 0 | Q35: 0 | R35: 0 | S35: 0 | T35: 0 | U35: 0 | V35: 0 | W35: 0 | X35: 2 | Y35: 1 | Z35: 0 | AA35: 0 | AB35: 0 | AC35: 3 | AD35: 0 | AE35: 0 | AF35: 0 | AG35: 0 | AH35: 0 | AI35: 2 | AJ35: 0 | AK35: =SUM(E35:AJ35) -> 14
A36: 4 | B36: Jumlah surat suara yang tidak digunakan/tidak terpakai, termasuk sisa surat suara cadangan | E36: =E33-(E34+E35) -> 57 | F36: =F33-(F34+F35) -> 72 | G36: =G33-(G34+G35) -> 62 | H36: =H33-(H34+H35) -> 59 | I36: =I33-(I34+I35) -> 50 | J36: =J33-(J34+J35) -> 65 | K36: =K33-(K34+K35) -> 62 | L36: =L33-(L34+L35) -> 68 | ... AJ36: =AJ33-(AJ34+AJ35) -> 59 | AK36: =SUM(E36:AJ36) -> 2053
A38: III | B38: DATA PEMILIH DISABILITAS
B39: Jumlah seluruh Pemilih disabilitas yang menggunakan hak pilih | D39: LK | E39: 0 | F39: 0 | G39: 0 | H39: 0 | I39: 0 | J39: 0 | K39: 0 | L39: 0 | M39: 0 | N39: 0 | O39: 1 | P39: 0 | Q39: 0 | R39: 0 | S39: 0 | T39: 0 | U39: 1 | V39: 0 | W39: 0 | X39: 0 | Y39: 0 | Z39: 0 | AA39: 0 | AB39: 0 | AC39: 0 | AD39: 0 | AE39: 0 | AF39: 0 | AG39: 0 | AH39: 0 | AI39: 0 | AJ39: 0 | AK39: =SUM(E39:AJ39) -> 2
D40: PR | E40: 0 | F40: 0 | G40: 0 | H40: 0 | I40: 0 | J40: 0 | K40: 0 | L40: 0 | M40: 0 | N40: 0 | O40: 0 | P40: 0 | Q40: 0 | R40: 0 | S40: 0 | T40: 0 | U40: 2 | V40: 0 | W40: 0 | X40: 0 | Y40: 0 | Z40: 0 | AA40: 0 | AB40: 0 | AC40: 0 | AD40: 0 | AE40: 0 | AF40: 0 | AG40: 0 | AH40: 1 | AI40: 0 | AJ40: 0 | AK40: =SUM(E40:AJ40) -> 3
D41: JML | E41: =SUM(E39:E40) -> 0 | F41: =SUM(F39:F40) -> 0 | G41: =SUM(G39:G40) -> 0 | H41: =SUM(H39:H40) -> 0 | I41: =SUM(I39:I40) -> 0 | J41: =SUM(J39:J40) -> 0 | K41: =SUM(K39:K40) -> 0 | L41: =SUM(L39:L40) -> 0 | ... AJ41: =SUM(AJ39:AJ40) -> 0 | AK41: =SUM(E41:AJ41) -> 5
A43: IV | B43: DATA RINCIAN PEROLEHAN SUARA PASANGAN CALON BUPATI DAN WAKIL BUPATI
A44: NOMOR DAN NAMA CALON
A45: A.1 | B45: 1. | C45: Partai Kebangkitan Bangsa | E45: 4 | F45: 3 | G45: 2 | H45: 2 | I45: 2 | J45: 5 | K45: 3 | L45: 3 | M45: 2 | N45: 2 | O45: 6 | P45: 2 | Q45: 3 | R45: 1 | S45: 1 | T45: 8 | U45: 5 | V45: 5 | W45: 4 | X45: 9 | Y45: 4 | Z45: 3 | AA45: 2 | AB45: 4 | AC45: 3 | AD45: 10 | AE45: 7 | AF45: 4 | AG45: 0 | AH45: 0 | AI45: 1 | AJ45: 6 | AK45: =SUM(E45:AJ45) -> 116
A46: A.2 | C46: 1. MUKHTAR NABALI MUFAUWIQ | E46: 12 | F46: 8 | G46: 4 | H46: 13 | I46: 6 | J46: 13 | K46: 6 | L46: 6 | M46: 8 | N46: 4 | O46: 6 | P46: 4 | Q46: 4 | R46: 4 | S46: 1 | T46: 5 | U46: 2 | V46: 17 | W46: 2 | X46: 7 | Y46: 2 | Z46: 2 | AA46: 5 | AB46: 0 | AC46: 4 | AD46: 6 | AE46: 1 | AF46: 8 | AG46: 1 | AH46: 0 | AI46: 3 | AJ46: 3 | AK46: =SUM(E46:AJ46) -> 167
C47: 2. H. SUSIYANTO | E47: 8 | F47: 16 | G47: 24 | H47: 27 | I47: 12 | J47: 15 | K47: 10 | L47: 8 | M47: 8 | N47: 10 | O47: 28 | P47: 13 | Q47: 28 | R47: 18 | S47: 24 | T47: 33 | U47: 50 | V47: 22 | W47: 30 | X47: 40 | Y47: 24 | Z47: 22 | AA47: 23 | AB47: 25 | AC47: 30 | AD47: 43 | AE47: 34 | AF47: 8 | AG47: 17 | AH47: 21 | AI47: 4 | AJ47: 68 | AK47: =SUM(E47:AJ47) -> 743
C48: 3. DUWI HASTRENI, S.H. | E48: 0 | F48: 10 | G48: 4 | H48: 5 | I48: 16 | J48: 0 | K48: 1 | L48: 3 | M48: 6 | N48: 0 | O48: 1 | P48: 0 | Q48: 1 | R48: 0 | S48: 0 | T48: 2 | U48: 1 | V48: 1 | W48: 0 | X48: 1 | Y48: 1 | Z48: 1 | AA48: 4 | AB48: 0 | AC48: 1 | AD48: 4 | AE48: 0 | AF48: 0 | AG48: 0 | AH48: 0 | AI48: 0 | AJ48: 0 | AK48: =SUM(E48:AJ48) -> 63
C49: 4. MIFTAKHODIN | E49: 1 | F49: 0 | G49: 0 | H49: 0 | I49: 0 | J49: 0 | K49: 0 | L49: 0 | M49: 0 | N49: 0 | O49: 0 | P49: 0 | Q49: 0 | R49: 0 | S49: 0 | T49: 0 | U49: 1 | V49: 0 | W49: 0 | X49: 0 | Y49: 0 | Z49: 1 | AA49: 0 | AB49: 0 | AC49: 0 | AD49: 0 | AE49: 0 | AF49: 0 | AG49: 0 | AH49: 0 | AI49: 0 | AJ49: 0 | AK49: =SUM(E49:AJ49) -> 3
C50: 5. SITI MUSTIKAH | E50: 1 | F50: 1 | G50: 1 | H50: 0 | I50: 0 | J50: 2 | K50: 0 | L50: 0 | M50: 1 | N50: 0 | O50: 0 | P50: 0 | Q50: 0 | R50: 0 | S50: 0 | T50: 0 | U50: 0 | V50: 0 | W50: 0 | X50: 0 | Y50: 0 | Z50: 0 | AA50: 0 | AB50: 0 | AC50: 1 | AD50: 0 | AE50: 0 | AF50: 0 | AG50: 1 | AH50: 0 | AI50: 0 | AJ50: 0 | AK50: =SUM(E50:AJ50) -> 8
C51: 6. ABDUL GHOFUR | E51: 0 | F51: 0 | G51: 0 | H51: 0 | I51: 0 | J51: 0 | K51: 0 | L51: 0 | M51: 1 | N51: 0 | O51: 0 | P51: 0 | Q51: 1 | R51: 1 | S51: 0 | T51: 0 | U51: 1 | V51: 0 | W51: 0 | X51: 1 | Y51: 0 | Z51: 0 | AA51: 0 | AB51: 0 | AC51: 0 | AD51: 0 | AE51: 0 | AF51: 0 | AG51: 0 | AH51: 1 | AI51: 0 | AJ51: 0 | AK51: =SUM(E51:AJ51) -> 6
C52: 7. ABDUL ROHMAN, S.Pd. | E52: 0 | F52: 0 | G52: 0 | H52: 1 | I52: 1 | J52: 0 | K52: 1 | L52: 1 | M52: 1 | N52: 0 | O52: 1 | P52: 0 | Q52: 0 | R52: 2 | S52: 0 | T52: 6 | U52: 1 | V52: 3 | W52: 0 | X52: 0 | Y52: 0 | Z52: 1 | AA52: 0 | AB52: 0 | AC52: 0 | AD52: 0 | AE52: 0 | AF52: 0 | AG52: 0 | AH52: 3 | AI52: 2 | AJ52: 0 | AK52: =SUM(E52:AJ52) -> 24
A53: B | B53: JUMLAH SUARA SAH PARTAI POLITIK DAN CALON (A1 + A2) | E53: =SUM(E45:E52) -> 26 | F53: =SUM(F45:F52) -> 38 | G53: =SUM(G45:G52) -> 35 | H53: =SUM(H45:H52) -> 48 | I53: =SUM(I45:I52) -> 37 | J53: =SUM(J45:J52) -> 35 | K53: =SUM(K45:K52) -> 21 | L53: =SUM(L45:L52) -> 21 | ... AJ53: =SUM(AJ45:AJ52) -> 77 | AK53: =SUM(E53:AJ53) -> 1130
A55: A.1 | B55: 2. | C55: Partai Gerakan Indonesia Raya | E55: 5 | F55: 6 | G55: 2 | H55: 2 | I55: 4 | J55: 14 | K55: 7 | L55: 7 | M55: 2 | N55: 10 | O55: 7 | P55: 4 | Q55: 1 | R55: 6 | S55: 5 | T55: 0 | U55: 7 | V55: 3 | W55: 6 | X55: 6 | Y55: 4 | Z55: 10 | AA55: 4 | AB55: 5 | AC55: 4 | AD55: 3 | AE55: 3 | AF55: 10 | AG55: 3 | AH55: 3 | AI55: 0 | AJ55: 5 | AK55: =SUM(E55:AJ55) -> 158
A56: A.2 | C56: 1. Drs. H. SUPRAYOGIN | E56: 9 | F56: 4 | G56: 2 | H56: 6 | I56: 3 | J56: 3 | K56: 1 | L56: 6 | M56: 3 | N56: 2 | O56: 0 | P56: 5 | Q56: 1 | R56: 5 | S56: 12 | T56: 6 | U56: 0 | V56: 2 | W56: 2 | X56: 5 | Y56: 0 | Z56: 0 | AA56: 3 | AB56: 2 | AC56: 1 | AD56: 3 | AE56: 7 | AF56: 83 | AG56: 0 | AH56: 1 | AI56: 1 | AJ56: 1 | AK56: =SUM(E56:AJ56) -> 179
C57: 2. MAHFUD SYAMSUL HADI | E57: 2 | F57: 2 | G57: 4 | H57: 4 | I57: 3 | J57: 4 | K57: 2 | L57: 5 | M57: 0 | N57: 7 | O57: 3 | P57: 2 | Q57: 3 | R57: 2 | S57: 7 | T57: 2 | U57: 3 | V57: 2 | W57: 3 | X57: 1 | Y57: 2 | Z57: 6 | AA57: 4 | AB57: 5 | AC57: 5 | AD57: 3 | AE57: 2 | AF57: 1 | AG57: 1 | AH57: 1 | AI57: 0 | AJ57: 0 | AK57: =SUM(E57:AJ57) -> 91
C58: 3. NUR AINI | E58: 1 | F58: 1 | G58: 2 | H58: 0 | I58: 1 | J58: 2 | K58: 1 | L58: 0 | M58: 2 | N58: 0 | O58: 9 | P58: 2 | Q58: 4 | R58: 2 | S58: 0 | T58: 1 | U58: 0 | V58: 0 | W58: 2 | X58: 1 | Y58: 0 | Z58: 3 | AA58: 0 | AB58: 0 | AC58: 0 | AD58: 2 | AE58: 3 | AF58: 0 | AG58: 0 | AH58: 0 | AI58: 0 | AJ58: 0 | AK58: =SUM(E58:AJ58) -> 39
C59: 4. ACHMAD ALI WAFFA | E59: 2 | F59: 0 | G59: 0 | H59: 0 | I59: 0 | J59: 1 | K59: 3 | L59: 0 | M59: 0 | N59: 0 | O59: 0 | P59: 2 | Q59: 0 | R59: 0 | S59: 0 | T59: 1 | U59: 1 | V59: 0 | W59: 1 | X59: 0 | Y59: 0 | Z59: 1 | AA59: 1 | AB59: 3 | AC59: 0 | AD59: 0 | AE59: 0 | AF59: 0 | AG59: 3 | AH59: 0 | AI59: 0 | AJ59: 0 | AK59: =SUM(E59:AJ59) -> 19
C60: 5. SRI HARTATIK | E60: 0 | F60: 0 | G60: 0 | H60: 0 | I60: 1 | J60: 1 | K60: 0 | L60: 1 | M60: 1 | N60: 0 | O60: 1 | P60: 0 | Q60: 0 | R60: 0 | S60: 0 | T60: 0 | U60: 0 | V60: 0 | W60: 0 | X60: 0 | Y60: 0 | Z60: 0 | AA60: 0 | AB60: 0 | AC60: 0 | AD60: 0 | AE60: 0 | AF60: 0 | AG60: 0 | AH60: 0 | AI60: 0 | AJ60: 1 | AK60: =SUM(E60:AJ60) -> 6
C61: 6. MAKIK SIHOMBING | E61: 0 | F61: 0 | G61: 0 | H61: 0 | I61: 0 | J61: 0 | K61: 0 | L61: 0 | M61: 1 | N61: 0 | O61: 0 | P61: 0 | Q61: 0 | R61: 0 | S61: 0 | T61: 0 | U61: 0 | V61: 0 | W61: 0 | X61: 0 | Y61: 0 | Z61: 1 | AA61: 0 | AB61: 0 | AC61: 0 | AD61: 0 | AE61: 0 | AF61: 0 | AG61: 0 | AH61: 0 | AI61: 0 | AJ61: 0 | AK61: =SUM(E61:AJ61) -> 2
C62: 7. LIDYA OKTAVIANA | E62: 1 | F62: 0 | G62: 1 | H62: 0 | I62: 0 | J62: 0 | K62: 0 | L62: 1 | M62: 0 | N62: 0 | O62: 2 | P62: 0 | Q62: 1 | R62: 0 | S62: 0 | T62: 0 | U62: 0 | V62: 0 | W62: 0 | X62: 1 | Y62: 0 | Z62: 0 | AA62: 1 | AB62: 1 | AC62: 0 | AD62: 0 | AE62: 0 | AF62: 0 | AG62: 1 | AH62: 0 | AI62: 0 | AJ62: 1 | AK62: =SUM(E62:AJ62) -> 11
A63: B | B63: JUMLAH SUARA SAH PARTAI POLITIK DAN CALON (A1 + A2) | E63: =SUM(E55:E62) -> 20 | F63: =SUM(F55:F62) -> 13 | G63: =SUM(G55:G62) -> 11 | H63: =SUM(H55:H62) -> 12 | I63: =SUM(I55:I62) -> 12 | J63: =SUM(J55:J62) -> 25 | K63: =SUM(K55:K62) -> 14 | L63: =SUM(L55:L62) -> 20 | ... AJ63: =SUM(AJ55:AJ62) -> 8 | AK63: =SUM(E63:AJ63) -> 505
A65: A.1 | B65: 3. | C65: Partai Demokrasi Indonesia Perjuangan | E65: 3 | F65: 0 | G65: 7 | H65: 1 | I65: 6 | J65: 4 | K65: 2 | L65: 1 | M65: 7 | N65: 6 | O65: 4 | P65: 4 | Q65: 4 | R65: 3 | S65: 3 | T65: 7 | U65: 4 | V65: 3 | W65: 2 | X65: 3 | Y65: 6 | Z65: 5 | AA65: 8 | AB65: 2 | AC65: 0 | AD65: 2 | AE65: 2 | AF65: 1 | AG65: 3 | AH65: 1 | AI65: 1 | AJ65: 6 | AK65: =SUM(E65:AJ65) -> 111
A66: A.2 | C66: 1. PATEMO | E66: 1 | F66: 0 | G66: 2 | H66: 0 | I66: 1 | J66: 0 | K66: 2 | L66: 2 | M66: 2 | N66: 1 | O66: 2 | P66: 1 | Q66: 1 | R66: 3 | S66: 1 | T66: 2 | U66: 2 | V66: 0 | W66: 0 | X66: 2 | Y66: 3 | Z66: 7 | AA66: 4 | AB66: 1 | AC66: 0 | AD66: 1 | AE66: 1 | AF66: 6 | AG66: 0 | AH66: 0 | AI66: 0 | AJ66: 2 | AK66: =SUM(E66:AJ66) -> 50
C67: 2. EKO HARIYONO | E67: 7 | F67: 1 | G67: 3 | H67: 4 | I67: 6 | J67: 5 | K67: 11 | L67: 7 | M67: 6 | N67: 18 | O67: 3 | P67: 9 | Q67: 15 | R67: 3 | S67: 2 | T67: 2 | U67: 4 | V67: 12 | W67: 4 | X67: 16 | Y67: 8 | Z67: 0 | AA67: 4 | AB67: 3 | AC67: 3 | AD67: 15 | AE67: 3 | AF67: 7 | AG67: 1 | AH67: 2 | AI67: 3 | AJ67: 2 | AK67: =SUM(E67:AJ67) -> 189
C68: 3. SRI RUSMAWATI | E68: 2 | F68: 0 | G68: 1 | H68: 0 | I68: 1 | J68: 0 | K68: 0 | L68: 1 | M68: 0 | N68: 0 | O68: 2 | P68: 2 | Q68: 2 | R68: 0 | S68: 2 | T68: 2 | U68: 0 | V68: 0 | W68: 0 | X68: 0 | Y68: 1 | Z68: 2 | AA68: 0 | AB68: 0 | AC68: 0 | AD68: 0 | AE68: 1 | AF68: 1 | AG68: 0 | AH68: 0 | AI68: 2 | AJ68: 1 | AK68: =SUM(E68:AJ68) -> 23
C69: 4. SUGIYANTO | E69: 0 | F69: 0 | G69: 0 | H69: 0 | I69: 2 | J69: 0 | K69: 0 | L69: 0 | M69: 1 | N69: 0 | O69: 1 | P69: 0 | Q69: 0 | R69: 0 | S69: 0 | T69: 1 | U69: 0 | V69: 0 | W69: 0 | X69: 0 | Y69: 0 | Z69: 1 | AA69: 1 | AB69: 0 | AC69: 0 | AD69: 0 | AE69: 0 | AF69: 1 | AG69: 0 | AH69: 1 | AI69: 0 | AJ69: 0 | AK69: =SUM(E69:AJ69) -> 9
C70: 5. DHEA SARTIKA | E70: 18 | F70: 9 | G70: 11 | H70: 9 | I70: 3 | J70: 16 | K70: 12 | L70: 3 | M70: 11 | N70: 18 | O70: 6 | P70: 6 | Q70: 11 | R70: 10 | S70: 2 | T70: 16 | U70: 3 | V70: 10 | W70: 11 | X70: 8 | Y70: 4 | Z70: 16 | AA70: 10 | AB70: 9 | AC70: 2 | AD70: 9 | AE70: 1 | AF70: 27 | AG70: 7 | AH70: 0 | AI70: 0 | AJ70: 0 | AK70: =SUM(E70:AJ70) -> 278
C71: 6. WIDIAWATI | E71: 0 | F71: 1 | G71: 9 | H71: 0 | I71: 0 | J71: 1 | K71: 3 | L71: 2 | M71: 2 | N71: 0 | O71: 4 | P71: 0 | Q71: 2 | R71: 5 | S71: 0 | T71: 0 | U71: 0 | V71: 0 | W71: 0 | X71: 1 | Y71: 0 | Z71: 0 | AA71: 0 | AB71: 0 | AC71: 0 | AD71: 0 | AE71: 1 | AF71: 0 | AG71: 0 | AH71: 0 | AI71: 0 | AJ71: 0 | AK71: =SUM(E71:AJ71) -> 31
C72: 7. ARIF NUR CAHYO | E72: 3 | F72: 1 | G72: 1 | H72: 2 | I72: 0 | J72: 1 | K72: 0 | L72: 1 | M72: 2 | N72: 1 | O72: 0 | P72: 0 | Q72: 1 | R72: 1 | S72: 0 | T72: 5 | U72: 2 | V72: 1 | W72: 2 | X72: 1 | Y72: 5 | Z72: 0 | AA72: 1 | AB72: 0 | AC72: 2 | AD72: 0 | AE72: 1 | AF72: 1 | AG72: 0 | AH72: 0 | AI72: 0 | AJ72: 0 | AK72: =SUM(E72:AJ72) -> 35
A73: B | B73: JUMLAH SUARA SAH PARTAI POLITIK DAN CALON (A1 + A2) | E73: =SUM(E65:E72) -> 34 | F73: =SUM(F65:F72) -> 12 | G73: =SUM(G65:G72) -> 34 | H73: =SUM(H65:H72) -> 16 | I73: =SUM(I65:I72) -> 19 | J73: =SUM(J65:J72) -> 27 | K73: =SUM(K65:K72) -> 30 | L73: =SUM(L65:L72) -> 17 | ... AJ73: =SUM(AJ65:AJ72) -> 11 | AK73: =SUM(E73:AJ73) -> 726
A75: A.1 | B75: 4. | C75: Partai Golongan Karya | E75: 0 | F75: 0 | G75: 1 | H75: 0 | I75: 2 | J75: 0 | K75: 1 | L75: 0 | M75: 0 | N75: 0 | O75: 1 | P75: 0 | Q75: 1 | R75: 1 | S75: 1 | T75: 1 | U75: 6 | V75: 4 | W75: 0 | X75: 2 | Y75: 2 | Z75: 1 | AA75: 0 | AB75: 4 | AC75: 1 | AD75: 1 | AE75: 4 | AF75: 2 | AG75: 0 | AH75: 0 | AI75: 0 | AJ75: 10 | AK75: =SUM(E75:AJ75) -> 46
A76: A.2 | C76: 1. MOCHAMMAD ZAENUL ARIFIN, S.M. | E76: 6 | F76: 0 | G76: 3 | H76: 0 | I76: 0 | J76: 4 | K76: 0 | L76: 0 | M76: 2 | N76: 1 | O76: 1 | P76: 0 | Q76: 0 | R76: 0 | S76: 0 | T76: 10 | U76: 2 | V76: 2 | W76: 0 | X76: 2 | Y76: 4 | Z76: 0 | AA76: 0 | AB76: 2 | AC76: 2 | AD76: 2 | AE76: 2 | AF76: 2 | AG76: 0 | AH76: 0 | AI76: 0 | AJ76: 4 | AK76: =SUM(E76:AJ76) -> 51
C77: 2. NANANG EDY SUPRIYONO | E77: 0 | F77: 0 | G77: 0 | H77: 0 | I77: 0 | J77: 0 | K77: 0 | L77: 0 | M77: 0 | N77: 0 | O77: 0 | P77: 0 | Q77: 0 | R77: 1 | S77: 0 | T77: 1 | U77: 0 | V77: 0 | W77: 0 | X77: 0 | Y77: 1 | Z77: 0 | AA77: 3 | AB77: 0 | AC77: 0 | AD77: 0 | AE77: 0 | AF77: 0 | AG77: 0 | AH77: 0 | AI77: 0 | AJ77: 0 | AK77: =SUM(E77:AJ77) -> 6
C78: 3. SITI MUNAWAROH | E78: 0 | F78: 0 | G78: 0 | H78: 1 | I78: 0 | J78: 0 | K78: 0 | L78: 0 | M78: 0 | N78: 0 | O78: 0 | P78: 0 | Q78: 0 | R78: 0 | S78: 0 | T78: 0 | U78: 0 | V78: 0 | W78: 1 | X78: 0 | Y78: 0 | Z78: 1 | AA78: 0 | AB78: 0 | AC78: 2 | AD78: 0 | AE78: 0 | AF78: 0 | AG78: 0 | AH78: 0 | AI78: 0 | AJ78: 1 | AK78: =SUM(E78:AJ78) -> 6
C79: 4. SINUNG TEGUH SANTOSO, S.H., M.H. | E79: 0 | F79: 0 | G79: 1 | H79: 0 | I79: 1 | J79: 0 | K79: 0 | L79: 1 | M79: 0 | N79: 0 | O79: 0 | P79: 1 | Q79: 0 | R79: 0 | S79: 0 | T79: 0 | U79: 0 | V79: 0 | W79: 0 | X79: 0 | Y79: 0 | Z79: 1 | AA79: 0 | AB79: 0 | AC79: 0 | AD79: 0 | AE79: 0 | AF79: 0 | AG79: 0 | AH79: 0 | AI79: 0 | AJ79: 0 | AK79: =SUM(E79:AJ79) -> 5
C80: 5. Drs. ALI MUKHSIN | E80: 0 | F80: 0 | G80: 0 | H80: 0 | I80: 0 | J80: 0 | K80: 0 | L80: 0 | M80: 0 | N80: 0 | O80: 0 | P80: 0 | Q80: 0 | R80: 0 | S80: 0 | T80: 0 | U80: 0 | V80: 0 | W80: 0 | X80: 0 | Y80: 0 | Z80: 0 | AA80: 0 | AB80: 0 | AC80: 0 | AD80: 0 | AE80: 2 | AF80: 0 | AG80: 0 | AH80: 0 | AI80: 0 | AJ80: 0 | AK80: =SUM(E80:AJ80) -> 2
C81: 6. JUMIA KAMSISKA | E81: 0 | F81: 0 | G81: 0 | H81: 0 | I81: 0 | J81: 0 | K81: 0 | L81: 0 | M81: 0 | N81: 0 | O81: 0 | P81: 0 | Q81: 0 | R81: 0 | S81: 0 | T81: 0 | U81: 0 | V81: 0 | W81: 0 | X81: 0 | Y81: 0 | Z81: 0 | AA81: 0 | AB81: 0 | AC81: 0 | AD81: 0 | AE81: 0 | AF81: 0 | AG81: 0 | AH81: 0 | AI81: 0 | AJ81: 0 | AK81: =SUM(E81:AJ81) -> 0
C82: 7. Dra. DYAH PURWANINGSIH | E82: 0 | F82: 0 | G82: 0 | H82: 2 | I82: 1 | J82: 0 | K82: 2 | L82: 0 | M82: 3 | N82: 0 | O82: 0 | P82: 6 | Q82: 0 | R82: 0 | S82: 6 | T82: 12 | U82: 20 | V82: 5 | W82: 0 | X82: 0 | Y82: 1 | Z82: 0 | AA82: 0 | AB82: 1 | AC82: 0 | AD82: 0 | AE82: 0 | AF82: 2 | AG82: 1 | AH82: 0 | AI82: 0 | AJ82: 25 | AK82: =SUM(E82:AJ82) -> 87
A83: B | B83: JUMLAH SUARA SAH PARTAI POLITIK DAN CALON (A1 + A2) | E83: =SUM(E75:E82) -> 6 | F83: =SUM(F75:F82) -> 0 | G83: =SUM(G75:G82) -> 5 | H83: =SUM(H75:H82) -> 3 | I83: =SUM(I75:I82) -> 4 | J83: =SUM(J75:J82) -> 4 | K83: =SUM(K75:K82) -> 3 | L83: =SUM(L75:L82) -> 1 | ... AJ83: =SUM(AJ75:AJ82) -> 40 | AK83: =SUM(E83:AJ83) -> 203
A85: A.1 | B85: 5. | C85: Partai NasDem | E85: 1 | F85: 1 | G85: 1 | H85: 0 | I85: 1 | J85: 3 | K85: 5 | L85: 6 | M85: 4 | N85: 9 | O85: 1 | P85: 5 | Q85: 0 | R85: 1 | S85: 4 | T85: 0 | U85: 4 | V85: 0 | W85: 4 | X85: 2 | Y85: 2 | Z85: 7 | AA85: 2 | AB85: 2 | AC85: 2 | AD85: 4 | AE85: 3 | AF85: 0 | AG85: 1 | AH85: 1 | AI85: 3 | AJ85: 6 | AK85: =SUM(E85:AJ85) -> 85
A86: A.2 | C86: 1. AGUNG SETYO WIBOWO, S.E. | E86: 1 | F86: 2 | G86: 4 | H86: 2 | I86: 0 | J86: 0 | K86: 0 | L86: 3 | M86: 2 | N86: 2 | O86: 0 | P86: 0 | Q86: 1 | R86: 2 | S86: 1 | T86: 1 | U86: 1 | V86: 0 | W86: 1 | X86: 0 | Y86: 2 | Z86: 0 | AA86: 2 | AB86: 2 | AC86: 1 | AD86: 1 | AE86: 0 | AF86: 0 | AG86: 1 | AH86: 0 | AI86: 0 | AJ86: 1 | AK86: =SUM(E86:AJ86) -> 33
C87: 2. M. AGHISTNI MAULANA S. | E87: 71 | F87: 86 | G87: 80 | H87: 45 | I87: 49 | J87: 70 | K87: 94 | L87: 110 | M87: 63 | N87: 92 | O87: 45 | P87: 37 | Q87: 60 | R87: 93 | S87: 78 | T87: 51 | U87: 51 | V87: 67 | W87: 115 | X87: 54 | Y87: 86 | Z87: 88 | AA87: 59 | AB87: 85 | AC87: 98 | AD87: 51 | AE87: 106 | AF87: 27 | AG87: 22 | AH87: 31 | AI87: 77 | AJ87: 14 | AK87: =SUM(E87:AJ87) -> 2155
C88: 3. MUJIATI | E88: 0 | F88: 0 | G88: 0 | H88: 2 | I88: 0 | J88: 0 | K88: 0 | L88: 0 | M88: 0 | N88: 0 | O88: 0 | P88: 0 | Q88: 0 | R88: 0 | S88: 0 | T88: 0 | U88: 0 | V88: 0 | W88: 1 | X88: 0 | Y88: 0 | Z88: 0 | AA88: 0 | AB88: 0 | AC88: 1 | AD88: 1 | AE88: 0 | AF88: 1 | AG88: 0 | AH88: 0 | AI88: 0 | AJ88: 1 | AK88: =SUM(E88:AJ88) -> 7
C89: 4. MOH. ALI MAGHFUR, S.S., M.Si. | E89: 0 | F89: 0 | G89: 0 | H89: 0 | I89: 0 | J89: 0 | K89: 1 | L89: 0 | M89: 0 | N89: 0 | O89: 0 | P89: 0 | Q89: 0 | R89: 0 | S89: 0 | T89: 0 | U89: 1 | V89: 3 | W89: 1 | X89: 0 | Y89: 0 | Z89: 2 | AA89: 0 | AB89: 2 | AC89: 0 | AD89: 0 | AE89: 0 | AF89: 0 | AG89: 0 | AH89: 0 | AI89: 0 | AJ89: 1 | AK89: =SUM(E89:AJ89) -> 11
C90: 5. NUR HIDAYAH, S.H. | E90: 0 | F90: 4 | G90: 1 | H90: 1 | I90: 0 | J90: 1 | K90: 0 | L90: 0 | M90: 3 | N90: 1 | O90: 5 | P90: 1 | Q90: 0 | R90: 0 | S90: 0 | T90: 3 | U90: 0 | V90: 1 | W90: 0 | X90: 0 | Y90: 0 | Z90: 1 | AA90: 14 | AB90: 24 | AC90: 61 | AD90: 21 | AE90: 2 | AF90: 0 | AG90: 0 | AH90: 0 | AI90: 4 | AJ90: 23 | AK90: =SUM(E90:AJ90) -> 171
C91: 6. NUR FATMAWATI | E91: 0 | F91: 0 | G91: 0 | H91: 0 | I91: 0 | J91: 0 | K91: 0 | L91: 0 | M91: 0 | N91: 0 | O91: 0 | P91: 0 | Q91: 0 | R91: 0 | S91: 0 | T91: 0 | U91: 0 | V91: 0 | W91: 0 | X91: 0 | Y91: 0 | Z91: 0 | AA91: 0 | AB91: 0 | AC91: 0 | AD91: 0 | AE91: 0 | AF91: 0 | AG91: 0 | AH91: 0 | AI91: 0 | AJ91: 0 | AK91: =SUM(E91:AJ91) -> 0
C92: 7. BAMBANG AGUS SANTOSO | E92: 0 | F92: 0 | G92: 0 | H92: 0 | I92: 0 | J92: 0 | K92: 0 | L92: 0 | M92: 0 | N92: 0 | O92: 0 | P92: 2 | Q92: 0 | R92: 0 | S92: 0 | T92: 0 | U92: 0 | V92: 0 | W92: 0 | X92: 0 | Y92: 1 | Z92: 0 | AA92: 0 | AB92: 0 | AC92: 0 | AD92: 0 | AE92: 0 | AF92: 0 | AG92: 0 | AH92: 0 | AI92: 0 | AJ92: 0 | AK92: =SUM(E92:AJ92) -> 3
A93: B | B93: JUMLAH SUARA SAH PARTAI POLITIK DAN CALON (A1 + A2) | E93: =SUM(E85:E92) -> 73 | F93: =SUM(F85:F92) -> 93 | G93: =SUM(G85:G92) -> 86 | H93: =SUM(H85:H92) -> 50 | I93: =SUM(I85:I92) -> 50 | J93: =SUM(J85:J92) -> 74 | K93: =SUM(K85:K92) -> 100 | L93: =SUM(L85:L92) -> 119 | ... AJ93: =SUM(AJ85:AJ92) -> 46 | AK93: =SUM(E93:AJ93) -> 2465
A95: A.1 | B95: 6. | C95: Partai Buruh | E95: 0 | F95: 0 | G95: 0 | H95: 2 | I95: 1 | J95: 0 | K95: 0 | L95: 1 | M95: 1 | N95: 0 | O95: 0 | P95: 0 | Q95: 0 | R95: 1 | S95: 0 | T95: 0 | U95: 0 | V95: 0 | W95: 0 | X95: 0 | Y95: 0 | Z95: 1 | AA95: 0 | AB95: 0 | AC95: 0 | AD95: 0 | AE95: 0 | AF95: 0 | AG95: 0 | AH95: 0 | AI95: 0 | AJ95: 2 | AK95: =SUM(E95:AJ95) -> 9
A96: A.2 | C96: 1. YULIANTO | E96: 1 | F96: 0 | G96: 1 | H96: 0 | I96: 0 | J96: 0 | K96: 0 | L96: 0 | M96: 0 | N96: 0 | O96: 0 | P96: 0 | Q96: 0 | R96: 0 | S96: 0 | T96: 0 | U96: 0 | V96: 0 | W96: 0 | X96: 0 | Y96: 0 | Z96: 0 | AA96: 0 | AB96: 0 | AC96: 0 | AD96: 0 | AE96: 0 | AF96: 0 | AG96: 0 | AH96: 0 | AI96: 0 | AJ96: 0 | AK96: =SUM(E96:AJ96) -> 2
A97: B | B97: JUMLAH SUARA SAH PARTAI POLITIK DAN CALON (A1 + A2) | E97: =SUM(E95:E96) -> 1 | F97: =SUM(F95:F96) -> 0 | G97: =SUM(G95:G96) -> 1 | H97: =SUM(H95:H96) -> 2 | I97: =SUM(I95:I96) -> 1 | J97: =SUM(J95:J96) -> 0 | K97: =SUM(K95:K96) -> 0 | L97: =SUM(L95:L96) -> 1 | ... AJ97: =SUM(AJ95:AJ96) -> 2 | AK97: =SUM(E97:AJ97) -> 11
A99: A.1 | B99: 7. | C99: Partai Gelombang Rakyat Indonesia | E99: 0 | F99: 0 | G99: 1 | H99: 0 | I99: 1 | J99: 3 | K99: 0 | L99: 1 | M99: 1 | N99: 2 | O99: 0 | P99: 1 | Q99: 0 | R99: 0 | S99: 0 | T99: 0 | U99: 0 | V99: 0 | W99: 2 | X99: 0 | Y99: 3 | Z99: 0 | AA99: 3 | AB99: 2 | AC99: 0 | AD99: 2 | AE99: 0 | AF99: 0 | AG99: 1 | AH99: 1 | AI99: 0 | AJ99: 2 | AK99: =SUM(E99:AJ99) -> 26
A100: A.2 | C100: 1. AGUNG TUTUKO | E100: 0 | F100: 1 | G100: 0 | H100: 0 | I100: 0 | J100: 0 | K100: 0 | L100: 0 | M100: 1 | N100: 0 | O100: 0 | P100: 0 | Q100: 0 | R100: 0 | S100: 0 | T100: 0 | U100: 1 | V100: 0 | W100: 0 | X100: 0 | Y100: 0 | Z100: 0 | AA100: 0 | AB100: 1 | AC100: 0 | AD100: 0 | AE100: 0 | AF100: 0 | AG100: 0 | AH100: 1 | AI100: 0 | AJ100: 0 | AK100: =SUM(E100:AJ100) -> 5
A101: B | B101: JUMLAH SUARA SAH PARTAI POLITIK DAN CALON (A1 + A2) | E101: =SUM(E99:E100) -> 0 | F101: =SUM(F99:F100) -> 1 | G101: =SUM(G99:G100) -> 1 | H101: =SUM(H99:H100) -> 0 | I101: =SUM(I99:I100) -> 1 | J101: =SUM(J99:J100) -> 3 | K101: =SUM(K99:K100) -> 0 | L101: =SUM(L99:L100) -> 1 | ... AJ101: =SUM(AJ99:AJ100) -> 2 | AK101: =SUM(E101:AJ101) -> 31
A103: A.1 | B103: 8. | C103: Partai Keadilan Sejahtera | E103: 0 | F103: 0 | G103: 0 | H103: 0 | I103: 0 | J103: 0 | K103: 1 | L103: 0 | M103: 1 | N103: 1 | O103: 0 | P103: 1 | Q103: 2 | R103: 0 | S103: 0 | T103: 1 | U103: 0 | V103: 0 | W103: 0 | X103: 0 | Y103: 0 | Z103: 0 | AA103: 0 | AB103: 0 | AC103: 0 | AD103: 0 | AE103: 0 | AF103: 0 | AG103: 0 | AH103: 0 | AI103: 0 | AJ103: 0 | AK103: =SUM(E103:AJ103) -> 7
A104: A.2 | C104: 1. IMRON EFFENDI, S.Pd.I. | E104: 6 | F104: 0 | G104: 7 | H104: 5 | I104: 0 | J104: 11 | K104: 9 | L104: 1 | M104: 1 | N104: 1 | O104: 2 | P104: 2 | Q104: 0 | R104: 0 | S104: 1 | T104: 3 | U104: 3 | V104: 0 | W104: 0 | X104: 0 | Y104: 0 | Z104: 1 | AA104: 0 | AB104: 0 | AC104: 0 | AD104: 0 | AE104: 0 | AF104: 0 | AG104: 1 | AH104: 0 | AI104: 0 | AJ104: 0 | AK104: =SUM(E104:AJ104) -> 54
C105: 2. RIYANTO | E105: 0 | F105: 0 | G105: 0 | H105: 0 | I105: 0 | J105: 0 | K105: 0 | L105: 0 | M105: 0 | N105: 0 | O105: 0 | P105: 0 | Q105: 1 | R105: 0 | S105: 1 | T105: 0 | U105: 0 | V105: 0 | W105: 0 | X105: 0 | Y105: 0 | Z105: 0 | AA105: 0 | AB105: 0 | AC105: 0 | AD105: 0 | AE105: 0 | AF105: 0 | AG105: 0 | AH105: 0 | AI105: 0 | AJ105: 0 | AK105: =SUM(E105:AJ105) -> 2
C106: 3. DYAH RATNAWATI, S.P. | E106: 1 | F106: 0 | G106: 0 | H106: 0 | I106: 0 | J106: 0 | K106: 1 | L106: 0 | M106: 0 | N106: 0 | O106: 0 | P106: 0 | Q106: 0 | R106: 1 | S106: 0 | T106: 0 | U106: 0 | V106: 0 | W106: 0 | X106: 0 | Y106: 0 | Z106: 0 | AA106: 0 | AB106: 0 | AC106: 0 | AD106: 0 | AE106: 0 | AF106: 0 | AG106: 0 | AH106: 0 | AI106: 0 | AJ106: 0 | AK106: =SUM(E106:AJ106) -> 3
C107: 4. SLAMET EFENDI, S.Pd.I. | E107: 0 | F107: 0 | G107: 0 | H107: 0 | I107: 0 | J107: 0 | K107: 0 | L107: 0 | M107: 0 | N107: 0 | O107: 0 | P107: 0 | Q107: 0 | R107: 0 | S107: 0 | T107: 0 | U107: 0 | V107: 0 | W107: 0 | X107: 0 | Y107: 0 | Z107: 0 | AA107: 0 | AB107: 0 | AC107: 0 | AD107: 0 | AE107: 0 | AF107: 0 | AG107: 0 | AH107: 1 | AI107: 0 | AJ107: 0 | AK107: =SUM(E107:AJ107) -> 1
C108: 5. NIDA'UL A'DILAH | E108: 0 | F108: 0 | G108: 0 | H108: 0 | I108: 0 | J108: 0 | K108: 0 | L108: 0 | M108: 0 | N108: 0 | O108: 0 | P108: 0 | Q108: 0 | R108: 0 | S108: 0 | T108: 0 | U108: 0 | V108: 0 | W108: 0 | X108: 0 | Y108: 0 | Z108: 0 | AA108: 0 | AB108: 0 | AC108: 0 | AD108: 0 | AE108: 0 | AF108: 0 | AG108: 0 | AH108: 0 | AI108: 0 | AJ108: 0 | AK108: =SUM(E108:AJ108) -> 0
C109: 6. FUJI ARIANTI, S.Pd. | E109: 0 | F109: 0 | G109: 0 | H109: 0 | I109: 0 | J109: 0 | K109: 0 | L109: 0 | M109: 0 | N109: 0 | O109: 1 | P109: 0 | Q109: 0 | R109: 0 | S109: 0 | T109: 0 | U109: 0 | V109: 0 | W109: 0 | X109: 0 | Y109: 0 | Z109: 0 | AA109: 0 | AB109: 0 | AC109: 0 | AD109: 0 | AE109: 0 | AF109: 0 | AG109: 0 | AH109: 0 | AI109: 0 | AJ109: 0 | AK109: =SUM(E109:AJ109) -> 1
C110: 7. PUJI LEGA CAHYONO | E110: 0 | F110: 0 | G110: 0 | H110: 0 | I110: 0 | J110: 0 | K110: 0 | L110: 0 | M110: 0 | N110: 0 | O110: 0 | P110: 0 | Q110: 0 | R110: 0 | S110: 0 | T110: 0 | U110: 0 | V110: 0 | W110: 0 | X110: 0 | Y110: 0 | Z110: 0 | AA110: 0 | AB110: 0 | AC110: 0 | AD110: 0 | AE110: 0 | AF110: 0 | AG110: 0 | AH110: 0 | AI110: 0 | AJ110: 0 | AK110: =SUM(E110:AJ110) -> 0
A111: B | B111: JUMLAH SUARA SAH PARTAI POLITIK DAN CALON (A1 + A2) | E111: =SUM(E103:E110) -> 7 | F111: =SUM(F103:F110) -> 0 | G111: =SUM(G103:G110) -> 7 | H111: =SUM(H103:H110) -> 5 | I111: =SUM(I103:I110) -> 0 | J111: =SUM(J103:J110) -> 11 | K111: =SUM(K103:K110) -> 11 | L111: =SUM(L103:L110) -> 1 | ... AJ111: =SUM(AJ103:AJ110) -> 0 | AK111: =SUM(E111:AJ111) -> 68
A113: A.1 | B113: 9. | C113: Partai Kebangkitan Nusantara | E113: 0 | F113: 0 | G113: 0 | H113: 0 | I113: 0 | J113: 0 | K113: 0 | L113: 0 | M113: 0 | N113: 0 | O113: 0 | P113: 0 | Q113: 0 | R113: 0 | S113: 0 | T113: 1 | U113: 0 | V113: 1 | W113: 0 | X113: 0 | Y113: 0 | Z113: 0 | AA113: 0 | AB113: 0 | AC113: 0 | AD113: 0 | AE113: 0 | AF113: 0 | AG113: 0 | AH113: 0 | AI113: 0 | AJ113: 0 | AK113: =SUM(E113:AJ113) -> 2
A114: A.2 | C114: 1. NANIN LINDYAWATI | E114: 0 | F114: 0 | G114: 0 | H114: 0 | I114: 0 | J114: 0 | K114: 0 | L114: 0 | M114: 0 | N114: 0 | O114: 0 | P114: 2 | Q114: 0 | R114: 0 | S114: 0 | T114: 0 | U114: 0 | V114: 0 | W114: 0 | X114: 0 | Y114: 0 | Z114: 0 | AA114: 0 | AB114: 0 | AC114: 0 | AD114: 0 | AE114: 0 | AF114: 0 | AG114: 0 | AH114: 0 | AI114: 0 | AJ114: 0 | AK114: =SUM(E114:AJ114) -> 2
A115: B | B115: JUMLAH SUARA SAH PARTAI POLITIK DAN CALON (A1 + A2) | E115: =SUM(E113:E114) -> 0 | F115: =SUM(F113:F114) -> 0 | G115: =SUM(G113:G114) -> 0 | H115: =SUM(H113:H114) -> 0 | I115: =SUM(I113:I114) -> 0 | J115: =SUM(J113:J114) -> 0 | K115: =SUM(K113:K114) -> 0 | L115: =SUM(L113:L114) -> 0 | ... AJ115: =SUM(AJ113:AJ114) -> 0 | AK115: =SUM(E115:AJ115) -> 4
A117: A.1 | B117: 10. | C117: Partai Hati Nurani Rakyat | E117: 0 | F117: 0 | G117: 0 | H117: 0 | I117: 1 | J117: 0 | K117: 0 | L117: 0 | M117: 0 | N117: 0 | O117: 1 | P117: 0 | Q117: 0 | R117: 0 | S117: 0 | T117: 0 | U117: 0 | V117: 0 | W117: 0 | X117: 0 | Y117: 0 | Z117: 0 | AA117: 0 | AB117: 0 | AC117: 0 | AD117: 0 | AE117: 0 | AF117: 0 | AG117: 0 | AH117: 0 | AI117: 0 | AJ117: 0 | AK117: =SUM(E117:AJ117) -> 2
A118: A.2 | B118: A.2 | C118: 1. WAWAN KRISDIANTO, S.T. | E118: 0 | F118: 0 | G118: 0 | H118: 0 | I118: 0 | J118: 0 | K118: 0 | L118: 0 | M118: 0 | N118: 0 | O118: 0 | P118: 0 | Q118: 0 | R118: 0 | S118: 0 | T118: 0 | U118: 1 | V118: 0 | W118: 0 | X118: 0 | Y118: 0 | Z118: 0 | AA118: 0 | AB118: 0 | AC118: 0 | AD118: 0 | AE118: 0 | AF118: 0 | AG118: 0 | AH118: 0 | AI118: 0 | AJ118: 0 | AK118: =SUM(E118:AJ118) -> 1
C119: 2. Drs. SUGIYO | E119: 0 | F119: 1 | G119: 0 | H119: 0 | I119: 0 | J119: 0 | K119: 0 | L119: 0 | M119: 0 | N119: 0 | O119: 0 | P119: 0 | Q119: 0 | R119: 0 | S119: 0 | T119: 0 | U119: 0 | V119: 0 | W119: 0 | X119: 0 | Y119: 0 | Z119: 0 | AA119: 0 | AB119: 0 | AC119: 0 | AD119: 1 | AE119: 0 | AF119: 0 | AG119: 0 | AH119: 0 | AI119: 0 | AJ119: 0 | AK119: =SUM(E119:AJ119) -> 2
C120: 3. AGUS WIJAYANTI, S.T. | E120: 0 | F120: 0 | G120: 0 | H120: 0 | I120: 1 | J120: 1 | K120: 0 | L120: 8 | M120: 0 | N120: 0 | O120: 0 | P120: 1 | Q120: 0 | R120: 1 | S120: 0 | T120: 1 | U120: 0 | V120: 0 | W120: 0 | X120: 0 | Y120: 0 | Z120: 0 | AA120: 0 | AB120: 0 | AC120: 0 | AD120: 0 | AE120: 0 | AF120: 0 | AG120: 0 | AH120: 0 | AI120: 0 | AJ120: 0 | AK120: =SUM(E120:AJ120) -> 13
...

Sheet BULUREJO
C2: Kecamatan | D2: PURWOHARJO
C3: Kabupaten | D3: BANYUWANGI
C4: Provinsi | D4: JAWA TIMUR
C9: Kelurahan | D9: BULUREJO
A12: I | B12: DATA PEMILIH DAN PENGGUNAAN HAK PILIH | AF12: JUMLAH AKHIR
A13: A | B13: DATA PEMILIH | E13: TPS 001 | F13: TPS 002 | G13: TPS 003 | H13: TPS 004 | I13: TPS 005 | J13: TPS 006 | K13: TPS 007 | L13: TPS 008 | M13: TPS 009 | N13: TPS 010 | O13: TPS 011 | P13: TPS 012 | Q13: TPS 013 | R13: TPS 014 | S13: TPS 015 | T13: TPS 016 | U13: TPS 017 | V13: TPS 018 | W13: TPS 019 | X13: TPS 020 | Y13: TPS 021 | Z13: TPS 022 | AA13: TPS 023 | AB13: TPS 024 | AC13: TPS 025 | AD13: TPS 026 | AE13: TPS 027
B14: Jumlah Pemilih dalam Daftar Pemilih Tetap (DPT) | D14: LK | E14: 135 | F14: 123 | G14: 136 | H14: 133 | I14: 128 | J14: 133 | K14: 136 | L14: 143 | M14: 129 | N14: 138 | O14: 134 | P14: 128 | Q14: 143 | R14: 137 | S14: 135 | T14: 129 | U14: 110 | V14: 120 | W14: 117 | X14: 112 | Y14: 116 | Z14: 117 | AA14: 127 | AB14: 133 | AC14: 147 | AD14: 143 | AE14: 147 | AF14: =SUM(E14:AE14) -> 3529
D15: PR | E15: 136 | F15: 136 | G15: 135 | H15: 122 | I15: 135 | J15: 133 | K15: 128 | L15: 118 | M15: 140 | N15: 122 | O15: 126 | P15: 148 | Q15: 125 | R15: 131 | S15: 135 | T15: 138 | U15: 118 | V15: 121 | W15: 130 | X15: 131 | Y15: 128 | Z15: 119 | AA15: 141 | AB15: 146 | AC15: 142 | AD15: 153 | AE15: 147 | AF15: =SUM(E15:AE15) -> 3584
D16: JML | E16: =SUM(E14:E15) -> 271 | F16: =SUM(F14:F15) -> 259 | G16: =SUM(G14:G15) -> 271 | H16: =SUM(H14:H15) -> 255 | I16: =SUM(I14:I15) -> 263 | J16: =SUM(J14:J15) -> 266 | K16: =SUM(K14:K15) -> 264 | L16: =SUM(L14:L15) -> 261 | ... AE16: =SUM(AE14:AE15) -> 294 | AF16: =SUM(E16:AE16) -> 7113
A18: B | B18: PENGGUNA HAK PILIH
B19: 1. | C19: Jumlah pengguna hak pilih dalam Daftar Pemilih Tetap (DPT) | D19: LK | E19: 104 | F19: 105 | G19: 100 | H19: 102 | I19: 90 | J19: 99 | K19: 108 | L19: 103 | M19: 86 | N19: 102 | O19: 98 | P19: 96 | Q19: 99 | R19: 93 | S19: 103 | T19: 99 | U19: 89 | V19: 109 | W19: 88 | X19: 85 | Y19: 94 | Z19: 98 | AA19: 105 | AB19: 104 | AC19: 123 | AD19: 119 | AE19: 110 | AF19: =SUM(E19:AE19) -> 2711
D20: PR | E20: 105 | F20: 117 | G20: 106 | H20: 88 | I20: 95 | J20: 107 | K20: 108 | L20: 96 | M20: 103 | N20: 102 | O20: 102 | P20: 112 | Q20: 105 | R20: 99 | S20: 104 | T20: 101 | U20: 93 | V20: 95 | W20: 105 | X20: 105 | Y20: 98 | Z20: 105 | AA20: 112 | AB20: 123 | AC20: 123 | AD20: 127 | AE20: 113 | AF20: =SUM(E20:AE20) -> 2849
D21: JML | E21: =SUM(E19:E20) -> 209 | F21: =SUM(F19:F20) -> 222 | G21: =SUM(G19:G20) -> 206 | H21: =SUM(H19:H20) -> 190 | I21: =SUM(I19:I20) -> 185 | J21: =SUM(J19:J20) -> 206 | K21: =SUM(K19:K20) -> 216 | L21: =SUM(L19:L20) -> 199 | ... AE21: =SUM(AE19:AE20) -> 223 | AF21: =SUM(E21:AE21) -> 5560
B22: 2. | C22: Jumlah pengguna hak pilih dalam Daftar Pemilih Tambahan (DPTb) | D22: LK | E22: 0 | F22: 0 | G22: 0 | H22: 0 | I22: 0 | J22: 0 | K22: 0 | L22: 0 | M22: 0 | N22: 0 | O22: 0 | P22: 0 | Q22: 1 | R22: 0 | S22: 0 | T22: 1 | U22: 0 | V22: 0 | W22: 0 | X22: 0 | Y22: 0 | Z22: 0 | AA22: 0 | AB22: 0 | AC22: 0 | AD22: 0 | AE22: 0 | AF22: =SUM(E22:AE22) -> 2
D23: PR | E23: 0 | F23: 0 | G23: 0 | H23: 0 | I23: 0 | J23: 0 | K23: 0 | L23: 0 | M23: 0 | N23: 0 | O23: 0 | P23: 0 | Q23: 0 | R23: 0 | S23: 0 | T23: 0 | U23: 0 | V23: 0 | W23: 0 | X23: 0 | Y23: 0 | Z23: 0 | AA23: 0 | AB23: 0 | AC23: 0 | AD23: 0 | AE23: 0 | AF23: =SUM(E23:AE23) -> 0
D24: JML | E24: =SUM(E22:E23) -> 0 | F24: =SUM(F22:F23) -> 0 | G24: =SUM(G22:G23) -> 0 | H24: =SUM(H22:H23) -> 0 | I24: =SUM(I22:I23) -> 0 | J24: =SUM(J22:J23) -> 0 | K24: =SUM(K22:K23) -> 0 | L24: =SUM(L22:L23) -> 0 | ... AE24: =SUM(AE22:AE23) -> 0 | AF24: =SUM(E24:AE24) -> 2
B25: 3. | C25: Jumlah pengguna hak pilih dalam Daftar Pemilih Khusus (DPK) | D25: LK | E25: 0 | F25: 2 | G25: 2 | H25: 0 | I25: 3 | J25: 2 | K25: 0 | L25: 0 | M25: 0 | N25: 3 | O25: 1 | P25: 2 | Q25: 1 | R25: 1 | S25: 0 | T25: 0 | U25: 1 | V25: 2 | W25: 2 | X25: 1 | Y25: 0 | Z25: 1 | AA25: 4 | AB25: 0 | AC25: 1 | AD25: 1 | AE25: 0 | AF25: =SUM(E25:AE25) -> 30
D26: PR | E26: 0 | F26: 3 | G26: 2 | H26: 0 | I26: 1 | J26: 0 | K26: 1 | L26: 0 | M26: 1 | N26: 3 | O26: 0 | P26: 0 | Q26: 0 | R26: 1 | S26: 2 | T26: 0 | U26: 2 | V26: 0 | W26: 0 | X26: 3 | Y26: 0 | Z26: 0 | AA26: 3 | AB26: 0 | AC26: 2 | AD26: 2 | AE26: 0 | AF26: =SUM(E26:AE26) -> 26
D27: JML | E27: =SUM(E25:E26) -> 0 | F27: =SUM(F25:F26) -> 5 | G27: =SUM(G25:G26) -> 4 | H27: =SUM(H25:H26) -> 0 | I27: =SUM(I25:I26) -> 4 | J27: =SUM(J25:J26) -> 2 | K27: =SUM(K25:K26) -> 1 | L27: =SUM(L25:L26) -> 0 | ... AE27: =SUM(AE25:AE26) -> 0 | AF27: =SUM(E27:AE27) -> 56
B28: 4. | C28: Jumlah Pengguna Hak Pilih (B.1+B.2+B.3) | D28: LK | E28: =SUM(E19,E22,E25) -> 104 | F28: =SUM(F19,F22,F25) -> 107 | G28: =SUM(G19,G22,G25) -> 102 | H28: =SUM(H19,H22,H25) -> 102 | I28: =SUM(I19,I22,I25) -> 93 | J28: =SUM(J19,J22,J25) -> 101 | K28: =SUM(K19,K22,K25) -> 108 | L28: =SUM(L19,L22,L25) -> 103 | ... AE28: =SUM(AE19,AE22,AE25) -> 110 | AF28: =SUM(E28:AE28) -> 2743
D29: PR | E29: =SUM(E20,E23,E26) -> 105 | F29: =SUM(F20,F23,F26) -> 120 | G29: =SUM(G20,G23,G26) -> 108 | H29: =SUM(H20,H23,H26) -> 88 | I29: =SUM(I20,I23,I26) -> 96 | J29: =SUM(J20,J23,J26) -> 107 | K29: =SUM(K20,K23,K26) -> 109 | L29: =SUM(L20,L23,L26) -> 96 | ... AE29: =SUM(AE20,AE23,AE26) -> 113 | AF29: =SUM(E29:AE29) -> 2875
D30: JML | E30: =SUM(E28:E29) -> 209 | F30: =SUM(F28:F29) -> 227 | G30: =SUM(G28:G29) -> 210 | H30: =SUM(H28:H29) -> 190 | I30: =SUM(I28:I29) -> 189 | J30: =SUM(J28:J29) -> 208 | K30: =SUM(K28:K29) -> 217 | L30: =SUM(L28:L29) -> 199 | ... AE30: =SUM(AE28:AE29) -> 223 | AF30: =SUM(E30:AE30) -> 5618
A32: II | B32: DATA PENGGUNAAN SURAT SUARA
A33: 1 | B33: Jumlah surat suara yang diterima, termasuk surat suara cadangan 2,5% dari DPT | E33: 277 | F33: 265 | G33: 277 | H33: 262 | I33: 269 | J33: 272 | K33: 270 | L33: 267 | M33: 275 | N33: 266 | O33: 266 | P33: 282 | Q33: 274 | R33: 274 | S33: 276 | T33: 273 | U33: 233 | V33: 246 | W33: 252 | X33: 249 | Y33: 249 | Z33: 241 | AA33: 274 | AB33: 285 | AC33: 295 | AD33: 303 | AE33: 300 | AF33: =SUM(E33:AE33) -> 7272
A34: 2 | B34: Jumlah surat suara yang digunakan | E34: 209 | F34: 227 | G34: 210 | H34: 190 | I34: 189 | J34: 208 | K34: 217 | L34: 199 | M34: 190 | N34: 210 | O34: 201 | P34: 210 | Q34: 206 | R34: 194 | S34: 209 | T34: 201 | U34: 185 | V34: 206 | W34: 195 | X34: 194 | Y34: 192 | Z34: 204 | AA34: 224 | AB34: 227 | AC34: 249 | AD34: 249 | AE34: 223 | AF34: =SUM(E34:AE34) -> 5618
A35: 3 | B35: Jumlah surat suara dikembalikan oleh pemilih (karena rusak atau keliru coblos) | E35: 1 | F35: 0 | G35: 3 | H35: 0 | I35: 0 | J35: 1 | K35: 0 | L35: 0 | M35: 0 | N35: 0 | O35: 0 | P35: 0 | Q35: 1 | R35: 0 | S35: 1 | T35: 0 | U35: 0 | V35: 2 | W35: 1 | X35: 0 | Y35: 0 | Z35: 0 | AA35: 0 | AB35: 1 | AC35: 2 | AD35: 0 | AE35: 1 | AF35: =SUM(E35:AE35) -> 14
A36: 4 | B36: Jumlah surat suara yang tidak digunakan/tidak terpakai, termasuk sisa surat suara cadangan | E36: =E33-(E34+E35) -> 67 | F36: =F33-(F34+F35) -> 38 | G36: =G33-(G34+G35) -> 64 | H36: =H33-(H34+H35) -> 72 | I36: =I33-(I34+I35) -> 80 | J36: =J33-(J34+J35) -> 63 | K36: =K33-(K34+K35) -> 53 | L36: =L33-(L34+L35) -> 68 | ... AE36: =AE33-(AE34+AE35) -> 76 | AF36: =SUM(E36:AE36) -> 1640
A38: III | B38: DATA PEMILIH DISABILITAS
B39: Jumlah seluruh Pemilih disabilitas yang menggunakan hak pilih | D39: LK | E39: 0 | F39: 0 | G39: 0 | H39: 0 | I39: 1 | J39: 0 | K39: 1 | L39: 0 | M39: 0 | N39: 0 | O39: 0 | P39: 0 | Q39: 0 | R39: 0 | S39: 0 | T39: 0 | U39: 0 | V39: 0 | W39: 0 | X39: 0 | Y39: 0 | Z39: 0 | AA39: 0 | AB39: 0 | AC39: 0 | AD39: 0 | AE39: 0 | AF39: =SUM(E39:AE39) -> 2
D40: PR | E40: 0 | F40: 0 | G40: 0 | H40: 0 | I40: 0 | J40: 0 | K40: 1 | L40: 0 | M40: 0 | N40: 0 | O40: 0 | P40: 0 | Q40: 0 | R40: 0 | S40: 0 | T40: 0 | U40: 0 | V40: 0 | W40: 0 | X40: 0 | Y40: 0 | Z40: 0 | AA40: 0 | AB40: 1 | AC40: 0 | AD40: 0 | AE40: 0 | AF40: =SUM(E40:AE40) -> 2
D41: JML | E41: =SUM(E39:E40) -> 0 | F41: =SUM(F39:F40) -> 0 | G41: =SUM(G39:G40) -> 0 | H41: =SUM(H39:H40) -> 0 | I41: =SUM(I39:I40) -> 1 | J41: =SUM(J39:J40) -> 0 | K41: =SUM(K39:K40) -> 2 | L41: =SUM(L39:L40) -> 0 | ... AE41: =SUM(AE39:AE40) -> 0 | AF41: =SUM(E41:AE41) -> 4
A43: IV | B43: DATA RINCIAN PEROLEHAN SUARA PASANGAN CALON BUPATI DAN WAKIL BUPATI
A44: NOMOR DAN NAMA CALON
A45: A.1 | B45: 1. | C45: Partai Kebangkitan Bangsa | E45: 4 | F45: 10 | G45: 8 | H45: 2 | I45: 3 | J45: 6 | K45: 3 | L45: 11 | M45: 6 | N45: 7 | O45: 10 | P45: 3 | Q45: 1 | R45: 10 | S45: 8 | T45: 2 | U45: 4 | V45: 7 | W45: 0 | X45: 1 | Y45: 10 | Z45: 4 | AA45: 5 | AB45: 1 | AC45: 0 | AD45: 2 | AE45: 1 | AF45: =SUM(E45:AE45) -> 129
A46: A.2 | C46: 1. MUKHTAR NABALI MUFAUWIQ | E46: 5 | F46: 12 | G46: 8 | H46: 5 | I46: 0 | J46: 1 | K46: 5 | L46: 5 | M46: 14 | N46: 3 | O46: 2 | P46: 1 | Q46: 1 | R46: 2 | S46: 6 | T46: 3 | U46: 2 | V46: 8 | W46: 2 | X46: 1 | Y46: 7 | Z46: 4 | AA46: 0 | AB46: 2 | AC46: 2 | AD46: 0 | AE46: 2 | AF46: =SUM(E46:AE46) -> 103
C47: 2. H. SUSIYANTO | E47: 6 | F47: 16 | G47: 7 | H47: 1 | I47: 0 | J47: 4 | K47: 0 | L47: 1 | M47: 7 | N47: 26 | O47: 28 | P47: 24 | Q47: 35 | R47: 14 | S47: 29 | T47: 32 | U47: 30 | V47: 20 | W47: 18 | X47: 9 | Y47: 20 | Z47: 38 | AA47: 15 | AB47: 15 | AC47: 2 | AD47: 0 | AE47: 2 | AF47: =SUM(E47:AE47) -> 399
C48: 3. DUWI HASTRENI, S.H. | E48: 24 | F48: 52 | G48: 35 | H48: 28 | I48: 47 | J48: 51 | K48: 63 | L48: 53 | M48: 42 | N48: 38 | O48: 8 | P48: 10 | Q48: 8 | R48: 9 | S48: 10 | T48: 19 | U48: 10 | V48: 8 | W48: 4 | X48: 3 | Y48: 3 | Z48: 9 | AA48: 3 | AB48: 5 | AC48: 1 | AD48: 0 | AE48: 9 | AF48: =SUM(E48:AE48) -> 552
C49: 4. MIFTAKHODIN | E49: 0 | F49: 0 | G49: 0 | H49: 0 | I49: 0 | J49: 0 | K49: 0 | L49: 0 | M49: 0 | N49: 0 | O49: 0 | P49: 0 | Q49: 0 | R49: 0 | S49: 0 | T49: 0 | U49: 0 | V49: 0 | W49: 0 | X49: 0 | Y49: 0 | Z49: 0 | AA49: 0 | AB49: 0 | AC49: 0 | AD49: 0 | AE49: 0 | AF49: =SUM(E49:AE49) -> 0
C50: 5. SITI MUSTIKAH | E50: 0 | F50: 2 | G50: 0 | H50: 0 | I50: 0 | J50: 0 | K50: 0 | L50: 0 | M50: 0 | N50: 0 | O50: 0 | P50: 0 | Q50: 2 | R50: 0 | S50: 1 | T50: 0 | U50: 0 | V50: 0 | W50: 0 | X50: 0 | Y50: 2 | Z50: 0 | AA50: 0 | AB50: 0 | AC50: 0 | AD50: 0 | AE50: 1 | AF50: =SUM(E50:AE50) -> 8
C51: 6. ABDUL GHOFUR | E51: 0 | F51: 0 | G51: 0 | H51: 1 | I51: 0 | J51: 0 | K51: 0 | L51: 0 | M51: 0 | N51: 0 | O51: 0 | P51: 0 | Q51: 0 | R51: 0 | S51: 0 | T51: 0 | U51: 0 | V51: 0 | W51: 0 | X51: 0 | Y51: 0 | Z51: 0 | AA51: 0 | AB51: 0 | AC51: 0 | AD51: 0 | AE51: 0 | AF51: =SUM(E51:AE51) -> 1
C52: 7. ABDUL ROHMAN, S.Pd. | E52: 0 | F52: 0 | G52: 3 | H52: 0 | I52: 0 | J52: 2 | K52: 1 | L52: 0 | M52: 4 | N52: 1 | O52: 0 | P52: 0 | Q52: 1 | R52: 0 | S52: 0 | T52: 0 | U52: 0 | V52: 0 | W52: 0 | X52: 0 | Y52: 0 | Z52: 1 | AA52: 0 | AB52: 0 | AC52: 0 | AD52: 0 | AE52: 0 | AF52: =SUM(E52:AE52) -> 13
A53: B | B53: JUMLAH SUARA SAH PARTAI POLITIK DAN CALON (A1 + A2) | E53: =SUM(E45:E52) -> 39 | F53: =SUM(F45:F52) -> 92 | G53: =SUM(G45:G52) -> 61 | H53: =SUM(H45:H52) -> 37 | I53: =SUM(I45:I52) -> 50 | J53: =SUM(J45:J52) -> 64 | K53: =SUM(K45:K52) -> 72 | L53: =SUM(L45:L52) -> 70 | ... AE53: =SUM(AE45:AE52) -> 15 | AF53: =SUM(E53:AE53) -> 1205
A55: A.1 | B55: 2. | C55: Partai Gerakan Indonesia Raya | E55: 4 | F55: 12 | G55: 7 | H55: 4 | I55: 4 | J55: 5 | K55: 1 | L55: 3 | M55: 3 | N55: 4 | O55: 6 | P55: 4 | Q55: 10 | R55: 9 | S55: 5 | T55: 4 | U55: 6 | V55: 6 | W55: 1 | X55: 2 | Y55: 7 | Z55: 5 | AA55: 3 | AB55: 4 | AC55: 2 | AD55: 9 | AE55: 8 | AF55: =SUM(E55:AE55) -> 138
A56: A.2 | C56: 1. Drs. H. SUPRAYOGIN | E56: 4 | F56: 8 | G56: 2 | H56: 4 | I56: 1 | J56: 1 | K56: 0 | L56: 0 | M56: 2 | N56: 2 | O56: 1 | P56: 1 | Q56: 7 | R56: 5 | S56: 1 | T56: 0 | U56: 1 | V56: 5 | W56: 3 | X56: 5 | Y56: 16 | Z56: 2 | AA56: 0 | AB56: 1 | AC56: 1 | AD56: 5 | AE56: 5 | AF56: =SUM(E56:AE56) -> 83
C57: 2. MAHFUD SYAMSUL HADI | E57: 0 | F57: 2 | G57: 1 | H57: 2 | I57: 1 | J57: 2 | K57: 1 | L57: 4 | M57: 1 | N57: 1 | O57: 1 | P57: 6 | Q57: 3 | R57: 2 | S57: 7 | T57: 16 | U57: 2 | V57: 3 | W57: 2 | X57: 6 | Y57: 1 | Z57: 1 | AA57: 2 | AB57: 0 | AC57: 1 | AD57: 0 | AE57: 3 | AF57: =SUM(E57:AE57) -> 71
C58: 3. NUR AINI | E58: 0 | F58: 0 | G58: 1 | H58: 1 | I58: 0 | J58: 1 | K58: 0 | L58: 0 | M58: 0 | N58: 4 | O58: 1 | P58: 0 | Q58: 1 | R58: 5 | S58: 0 | T58: 0 | U58: 0 | V58: 2 | W58: 0 | X58: 0 | Y58: 0 | Z58: 4 | AA58: 0 | AB58: 1 | AC58: 0 | AD58: 3 | AE58: 1 | AF58: =SUM(E58:AE58) -> 25
C59: 4. ACHMAD ALI WAFFA | E59: 0 | F59: 0 | G59: 1 | H59: 0 | I59: 0 | J59: 0 | K59: 0 | L59: 0 | M59: 1 | N59: 1 | O59: 0 | P59: 2 | Q59: 0 | R59: 1 | S59: 0 | T59: 0 | U59: 0 | V59: 2 | W59: 0 | X59: 0 | Y59: 0 | Z59: 0 | AA59: 0 | AB59: 0 | AC59: 0 | AD59: 0 | AE59: 1 | AF59: =SUM(E59:AE59) -> 9
C60: 5. SRI HARTATIK | E60: 0 | F60: 1 | G60: 0 | H60: 0 | I60: 0 | J60: 0 | K60: 0 | L60: 0 | M60: 0 | N60: 0 | O60: 0 | P60: 0 | Q60: 0 | R60: 0 | S60: 0 | T60: 0 | U60: 1 | V60: 0 | W60: 1 | X60: 0 | Y60: 0 | Z60: 1 | AA60: 0 | AB60: 0 | AC60: 1 | AD60: 0 | AE60: 0 | AF60: =SUM(E60:AE60) -> 5
C61: 6. MAKIK SIHOMBING | E61: 0 | F61: 0 | G61: 0 | H61: 0 | I61: 0 | J61: 0 | K61: 0 | L61: 0 | M61: 0 | N61: 0 | O61: 0 | P61: 0 | Q61: 0 | R61: 0 | S61: 1 | T61: 0 | U61: 0 | V61: 0 | W61: 0 | X61: 0 | Y61: 0 | Z61: 0 | AA61: 0 | AB61: 0 | AC61: 0 | AD61: 0 | AE61: 0 | AF61: =SUM(E61:AE61) -> 1
C62: 7. LIDYA OKTAVIANA | E62: 0 | F62: 0 | G62: 0 | H62: 0 | I62: 0 | J62: 1 | K62: 0 | L62: 1 | M62: 0 | N62: 0 | O62: 1 | P62: 0 | Q62: 0 | R62: 0 | S62: 0 | T62: 0 | U62: 1 | V62: 0 | W62: 0 | X62: 0 | Y62: 0 | Z62: 0 | AA62: 0 | AB62: 0 | AC62: 1 | AD62: 0 | AE62: 0 | AF62: =SUM(E62:AE62) -> 5
A63: B | B63: JUMLAH SUARA SAH PARTAI POLITIK DAN CALON (A1 + A2) | E63: =SUM(E55:E62) -> 8 | F63: =SUM(F55:F62) -> 23 | G63: =SUM(G55:G62) -> 12 | H63: =SUM(H55:H62) -> 11 | I63: =SUM(I55:I62) -> 6 | J63: =SUM(J55:J62) -> 10 | K63: =SUM(K55:K62) -> 2 | L63: =SUM(L55:L62) -> 8 | ... AE63: =SUM(AE55:AE62) -> 18 | AF63: =SUM(E63:AE63) -> 337
A65: A.1 | B65: 3. | C65: Partai Demokrasi Indonesia Perjuangan | E65: 1 | F65: 8 | G65: 9 | H65: 8 | I65: 4 | J65: 11 | K65: 6 | L65: 5 | M65: 6 | N65: 2 | O65: 4 | P65: 7 | Q65: 10 | R65: 5 | S65: 11 | T65: 4 | U65: 5 | V65: 6 | W65: 2 | X65: 4 | Y65: 9 | Z65: 5 | AA65: 2 | AB65: 6 | AC65: 4 | AD65: 13 | AE65: 12 | AF65: =SUM(E65:AE65) -> 169
A66: A.2 | C66: 1. PATEMO | E66: 0 | F66: 0 | G66: 0 | H66: 2 | I66: 1 | J66: 2 | K66: 1 | L66: 3 | M66: 3 | N66: 0 | O66: 2 | P66: 0 | Q66: 0 | R66: 1 | S66: 0 | T66: 1 | U66: 1 | V66: 24 | W66: 6 | X66: 17 | Y66: 25 | Z66: 2 | AA66: 43 | AB66: 19 | AC66: 34 | AD66: 39 | AE66: 33 | AF66: =SUM(E66:AE66) -> 259
C67: 2. EKO HARIYONO | E67: 24 | F67: 5 | G67: 40 | H67: 35 | I67: 38 | J67: 37 | K67: 35 | L67: 7 | M67: 21 | N67: 1 | O67: 7 | P67: 15 | Q67: 10 | R67: 9 | S67: 24 | T67: 28 | U67: 14 | V67: 6 | W67: 7 | X67: 32 | Y67: 33 | Z67: 0 | AA67: 9 | AB67: 9 | AC67: 2 | AD67: 5 | AE67: 3 | AF67: =SUM(E67:AE67) -> 456
C68: 3. SRI RUSMAWATI | E68: 0 | F68: 1 | G68: 0 | H68: 1 | I68: 0 | J68: 1 | K68: 0 | L68: 0 | M68: 0 | N68: 1 | O68: 1 | P68: 0 | Q68: 0 | R68: 0 | S68: 0 | T68: 1 | U68: 1 | V68: 2 | W68: 0 | X68: 0 | Y68: 0 | Z68: 1 | AA68: 0 | AB68: 0 | AC68: 0 | AD68: 0 | AE68: 1 | AF68: =SUM(E68:AE68) -> 11
C69: 4. SUGIYANTO | E69: 0 | F69: 0 | G69: 0 | H69: 0 | I69: 0 | J69: 1 | K69: 0 | L69: 0 | M69: 0 | N69: 0 | O69: 1 | P69: 0 | Q69: 2 | R69: 2 | S69: 0 | T69: 0 | U69: 1 | V69: 0 | W69: 0 | X69: 0 | Y69: 0 | Z69: 0 | AA69: 0 | AB69: 1 | AC69: 0 | AD69: 0 | AE69: 3 | AF69: =SUM(E69:AE69) -> 11
C70: 5. DHEA SARTIKA | E70: 19 | F70: 8 | G70: 1 | H70: 3 | I70: 0 | J70: 1 | K70: 3 | L70: 1 | M70: 2 | N70: 1 | O70: 3 | P70: 1 | Q70: 11 | R70: 23 | S70: 3 | T70: 2 | U70: 1 | V70: 3 | W70: 0 | X70: 7 | Y70: 7 | Z70: 27 | AA70: 38 | AB70: 7 | AC70: 0 | AD70: 1 | AE70: 6 | AF70: =SUM(E70:AE70) -> 179
C71: 6. WIDIAWATI | E71: 0 | F71: 0 | G71: 1 | H71: 4 | I71: 0 | J71: 0 | K71: 0 | L71: 1 | M71: 0 | N71: 1 | O71: 2 | P71: 6 | Q71: 0 | R71: 0 | S71: 10 | T71: 8 | U71: 0 | V71: 0 | W71: 0 | X71: 0 | Y71: 0 | Z71: 0 | AA71: 0 | AB71: 0 | AC71: 0 | AD71: 0 | AE71: 0 | AF71: =SUM(E71:AE71) -> 33
C72: 7. ARIF NUR CAHYO | E72: 0 | F72: 1 | G72: 2 | H72: 1 | I72: 3 | J72: 10 | K72: 2 | L72: 2 | M72: 4 | N72: 0 | O72: 0 | P72: 2 | Q72: 0 | R72: 0 | S72: 0 | T72: 0 | U72: 0 | V72: 12 | W72: 18 | X72: 0 | Y72: 1 | Z72: 0 | AA72: 6 | AB72: 34 | AC72: 0 | AD72: 0 | AE72: 0 | AF72: =SUM(E72:AE72) -> 98
A73: B | B73: JUMLAH SUARA SAH PARTAI POLITIK DAN CALON (A1 + A2) | E73: =SUM(E65:E72) -> 44 | F73: =SUM(F65:F72) -> 23 | G73: =SUM(G65:G72) -> 53 | H73: =SUM(H65:H72) -> 54 | I73: =SUM(I65:I72) -> 46 | J73: =SUM(J65:J72) -> 63 | K73: =SUM(K65:K72) -> 47 | L73: =SUM(L65:L72) -> 19 | ... AE73: =SUM(AE65:AE72) -> 58 | AF73: =SUM(E73:AE73) -> 1216
A75: A.1 | B75: 4. | C75: Partai Golongan Karya | E75: 4 | F75: 3 | G75: 0 | H75: 2 | I75: 1 | J75: 2 | K75: 3 | L75: 1 | M75: 1 | N75: 0 | O75: 5 | P75: 2 | Q75: 3 | R75: 1 | S75: 1 | T75: 2 | U75: 1 | V75: 2 | W75: 2 | X75: 0 | Y75: 1 | Z75: 0 | AA75: 0 | AB75: 2 | AC75: 0 | AD75: 5 | AE75: 5 | AF75: =SUM(E75:AE75) -> 49
A76: A.2 | C76: 1. MOCHAMMAD ZAENUL ARIFIN, S.M. | E76: 12 | F76: 4 | G76: 9 | H76: 2 | I76: 0 | J76: 3 | K76: 2 | L76: 0 | M76: 0 | N76: 0 | O76: 3 | P76: 2 | Q76: 2 | R76: 1 | S76: 0 | T76: 8 | U76: 0 | V76: 4 | W76: 1 | X76: 2 | Y76: 0 | Z76: 1 | AA76: 1 | AB76: 5 | AC76: 0 | AD76: 1 | AE76: 2 | AF76: =SUM(E76:AE76) -> 65
C77: 2. NANANG EDY SUPRIYONO | E77: 2 | F77: 0 | G77: 3 | H77: 3 | I77: 11 | J77: 13 | K77: 18 | L77: 0 | M77: 0 | N77: 0 | O77: 1 | P77: 0 | Q77: 0 | R77: 1 | S77: 1 | T77: 4 | U77: 0 | V77: 6 | W77: 0 | X77: 0 | Y77: 1 | Z77: 2 | AA77: 4 | AB77: 1 | AC77: 1 | AD77: 1 | AE77: 2 | AF77: =SUM(E77:AE77) -> 75
C78: 3. SITI MUNAWAROH | E78: 0 | F78: 1 | G78: 0 | H78: 0 | I78: 0 | J78: 0 | K78: 0 | L78: 0 | M78: 0 | N78: 0 | O78: 0 | P78: 0 | Q78: 0 | R78: 0 | S78: 0 | T78: 0 | U78: 0 | V78: 1 | W78: 1 | X78: 0 | Y78: 1 | Z78: 0 | AA78: 1 | AB78: 1 | AC78: 0 | AD78: 1 | AE78: 2 | AF78: =SUM(E78:AE78) -> 9
C79: 4. SINUNG TEGUH SANTOSO, S.H., M.H. | E79: 0 | F79: 3 | G79: 0 | H79: 0 | I79: 0 | J79: 0 | K79: 0 | L79: 0 | M79: 0 | N79: 0 | O79: 0 | P79: 0 | Q79: 0 | R79: 0 | S79: 1 | T79: 0 | U79: 0 | V79: 0 | W79: 0 | X79: 0 | Y79: 0 | Z79: 0 | AA79: 0 | AB79: 1 | AC79: 0 | AD79: 0 | AE79: 0 | AF79: =SUM(E79:AE79) -> 5
C80: 5. Drs. ALI MUKHSIN | E80: 0 | F80: 0 | G80: 0 | H80: 0 | I80: 1 | J80: 0 | K80: 0 | L80: 0 | M80: 0 | N80: 0 | O80: 0 | P80: 0 | Q80: 0 | R80: 0 | S80: 1 | T80: 0 | U80: 0 | V80: 0 | W80: 1 | X80: 0 | Y80: 0 | Z80: 0 | AA80: 0 | AB80: 0 | AC80: 0 | AD80: 0 | AE80: 0 | AF80: =SUM(E80:AE80) -> 3
C81: 6. JUMIA KAMSISKA | E81: 0 | F81: 0 | G81: 0 | H81: 0 | I81: 0 | J81: 0 | K81: 0 | L81: 0 | M81: 0 | N81: 0 | O81: 0 | P81: 1 | Q81: 0 | R81: 0 | S81: 0 | T81: 0 | U81: 0 | V81: 0 | W81: 0 | X81: 0 | Y81: 0 | Z81: 0 | AA81: 0 | AB81: 0 | AC81: 0 | AD81: 0 | AE81: 0 | AF81: =SUM(E81:AE81) -> 1
C82: 7. Dra. DYAH PURWANINGSIH | E82: 22 | F82: 7 | G82: 10 | H82: 8 | I82: 3 | J82: 3 | K82: 10 | L82: 7 | M82: 7 | N82: 1 | O82: 10 | P82: 28 | Q82: 3 | R82: 2 | S82: 4 | T82: 4 | U82: 2 | V82: 1 | W82: 3 | X82: 1 | Y82: 0 | Z82: 5 | AA82: 7 | AB82: 8 | AC82: 13 | AD82: 17 | AE82: 19 | AF82: =SUM(E82:AE82) -> 205
A83: B | B83: JUMLAH SUARA SAH PARTAI POLITIK DAN CALON (A1 + A2) | E83: =SUM(E75:E82) -> 40 | F83: =SUM(F75:F82) -> 18 | G83: =SUM(G75:G82) -> 22 | H83: =SUM(H75:H82) -> 15 | I83: =SUM(I75:I82) -> 16 | J83: =SUM(J75:J82) -> 21 | K83: =SUM(K75:K82) -> 33 | L83: =SUM(L75:L82) -> 8 | ... AE83: =SUM(AE75:AE82) -> 30 | AF83: =SUM(E83:AE83) -> 412
A85: A.1 | B85: 5. | C85: Partai NasDem | E85: 2 | F85: 2 | G85: 1 | H85: 0 | I85: 0 | J85: 0 | K85: 1 | L85: 1 | M85: 0 | N85: 1 | O85: 1 | P85: 1 | Q85: 1 | R85: 3 | S85: 0 | T85: 0 | U85: 0 | V85: 0 | W85: 0 | X85: 1 | Y85: 1 | Z85: 2 | AA85: 4 | AB85: 3 | AC85: 1 | AD85: 1 | AE85: 2 | AF85: =SUM(E85:AE85) -> 29
A86: A.2 | C86: 1. AGUNG SETYO WIBOWO, S.E. | E86: 1 | F86: 0 | G86: 0 | H86: 0 | I86: 0 | J86: 1 | K86: 1 | L86: 1 | M86: 2 | N86: 0 | O86: 0 | P86: 1 | Q86: 1 | R86: 0 | S86: 0 | T86: 1 | U86: 0 | V86: 0 | W86: 0 | X86: 0 | Y86: 1 | Z86: 1 | AA86: 0 | AB86: 0 | AC86: 2 | AD86: 1 | AE86: 2 | AF86: =SUM(E86:AE86) -> 16
C87: 2. M. AGHISTNI MAULANA S. | E87: 7 | F87: 4 | G87: 12 | H87: 14 | I87: 8 | J87: 4 | K87: 14 | L87: 8 | M87: 14 | N87: 5 | O87: 5 | P87: 16 | Q87: 6 | R87: 31 | S87: 6 | T87: 5 | U87: 4 | V87: 11 | W87: 6 | X87: 24 | Y87: 3 | Z87: 35 | AA87: 22 | AB87: 5 | AC87: 36 | AD87: 37 | AE87: 23 | AF87: =SUM(E87:AE87) -> 365
C88: 3. MUJIATI | E88: 0 | F88: 0 | G88: 0 | H88: 0 | I88: 0 | J88: 0 | K88: 0 | L88: 0 | M88: 0 | N88: 0 | O88: 0 | P88: 0 | Q88: 0 | R88: 0 | S88: 0 | T88: 0 | U88: 0 | V88: 0 | W88: 0 | X88: 0 | Y88: 0 | Z88: 0 | AA88: 0 | AB88: 0 | AC88: 0 | AD88: 0 | AE88: 0 | AF88: =SUM(E88:AE88) -> 0
C89: 4. MOH. ALI MAGHFUR, S.S., M.Si. | E89: 0 | F89: 0 | G89: 0 | H89: 0 | I89: 0 | J89: 0 | K89: 0 | L89: 0 | M89: 0 | N89: 0 | O89: 1 | P89: 0 | Q89: 0 | R89: 0 | S89: 0 | T89: 0 | U89: 0 | V89: 0 | W89: 0 | X89: 0 | Y89: 0 | Z89: 1 | AA89: 0 | AB89: 1 | AC89: 1 | AD89: 0 | AE89: 0 | AF89: =SUM(E89:AE89) -> 4
C90: 5. NUR HIDAYAH, S.H. | E90: 4 | F90: 9 | G90: 2 | H90: 3 | I90: 1 | J90: 1 | K90: 0 | L90: 0 | M90: 0 | N90: 2 | O90: 0 | P90: 4 | Q90: 0 | R90: 0 | S90: 0 | T90: 7 | U90: 1 | V90: 5 | W90: 0 | X90: 1 | Y90: 6 | Z90: 8 | AA90: 31 | AB90: 55 | AC90: 2 | AD90: 1 | AE90: 3 | AF90: =SUM(E90:AE90) -> 146
C91: 6. NUR FATMAWATI | E91: 0 | F91: 0 | G91: 0 | H91: 0 | I91: 0 | J91: 0 | K91: 0 | L91: 0 | M91: 0 | N91: 0 | O91: 0 | P91: 0 | Q91: 0 | R91: 0 | S91: 0 | T91: 0 | U91: 0 | V91: 0 | W91: 0 | X91: 0 | Y91: 0 | Z91: 0 | AA91: 0 | AB91: 0 | AC91: 0 | AD91: 0 | AE91: 0 | AF91: =SUM(E91:AE91) -> 0
C92: 7. BAMBANG AGUS SANTOSO | E92: 0 | F92: 0 | G92: 0 | H92: 0 | I92: 0 | J92: 0 | K92: 1 | L92: 0 | M92: 0 | N92: 0 | O92: 0 | P92: 0 | Q92: 0 | R92: 0 | S92: 0 | T92: 0 | U92: 0 | V92: 0 | W92: 0 | X92: 0 | Y92: 0 | Z92: 0 | AA92: 0 | AB92: 0 | AC92: 0 | AD92: 0 | AE92: 1 | AF92: =SUM(E92:AE92) -> 2
A93: B | B93: JUMLAH SUARA SAH PARTAI POLITIK DAN CALON (A1 + A2) | E93: =SUM(E85:E92) -> 14 | F93: =SUM(F85:F92) -> 15 | G93: =SUM(G85:G92) -> 15 | H93: =SUM(H85:H92) -> 17 | I93: =SUM(I85:I92) -> 9 | J93: =SUM(J85:J92) -> 6 | K93: =SUM(K85:K92) -> 17 | L93: =SUM(L85:L92) -> 10 | ... AE93: =SUM(AE85:AE92) -> 31 | AF93: =SUM(E93:AE93) -> 562
A95: A.1 | B95: 6. | C95: Partai Buruh | E95: 0 | F95: 1 | G95: 1 | H95: 0 | I95: 0 | J95: 0 | K95: 0 | L95: 0 | M95: 0 | N95: 1 | O95: 0 | P95: 1 | Q95: 0 | R95: 0 | S95: 1 | T95: 0 | U95: 0 | V95: 1 | W95: 0 | X95: 0 | Y95: 1 | Z95: 0 | AA95: 0 | AB95: 1 | AC95: 0 | AD95: 1 | AE95: 0 | AF95: =SUM(E95:AE95) -> 9
A96: A.2 | C96: 1. YULIANTO | E96: 0 | F96: 0 | G96: 0 | H96: 0 | I96: 0 | J96: 0 | K96: 0 | L96: 0 | M96: 0 | N96: 0 | O96: 1 | P96: 0 | Q96: 0 | R96: 0 | S96: 3 | T96: 2 | U96: 0 | V96: 0 | W96: 0 | X96: 0 | Y96: 0 | Z96: 0 | AA96: 0 | AB96: 0 | AC96: 0 | AD96: 0 | AE96: 0 | AF96: =SUM(E96:AE96) -> 6
A97: B | B97: JUMLAH SUARA SAH PARTAI POLITIK DAN CALON (A1 + A2) | E97: =SUM(E95:E96) -> 0 | F97: =SUM(F95:F96) -> 1 | G97: =SUM(G95:G96) -> 1 | H97: =SUM(H95:H96) -> 0 | I97: =SUM(I95:I96) -> 0 | J97: =SUM(J95:J96) -> 0 | K97: =SUM(K95:K96) -> 0 | L97: =SUM(L95:L96) -> 0 | ... AE97: =SUM(AE95:AE96) -> 0 | AF97: =SUM(E97:AE97) -> 15
A99: A.1 | B99: 7. | C99: Partai Gelombang Rakyat Indonesia | E99: 1 | F99: 2 | G99: 2 | H99: 3 | I99: 1 | J99: 2 | K99: 1 | L99: 1 | M99: 0 | N99: 2 | O99: 8 | P99: 1 | Q99: 3 | R99: 3 | S99: 4 | T99: 2 | U99: 3 | V99: 3 | W99: 0 | X99: 3 | Y99: 0 | Z99: 2 | AA99: 2 | AB99: 2 | AC99: 7 | AD99: 4 | AE99: 2 | AF99: =SUM(E99:AE99) -> 64
A100: A.2 | C100: 1. AGUNG TUTUKO | E100: 0 | F100: 0 | G100: 0 | H100: 0 | I100: 1 | J100: 0 | K100: 0 | L100: 0 | M100: 0 | N100: 0 | O100: 0 | P100: 0 | Q100: 0 | R100: 0 | S100: 1 | T100: 0 | U100: 1 | V100: 0 | W100: 1 | X100: 0 | Y100: 0 | Z100: 0 | AA100: 0 | AB100: 1 | AC100: 0 | AD100: 1 | AE100: 0 | AF100: =SUM(E100:AE100) -> 6
A101: B | B101: JUMLAH SUARA SAH PARTAI POLITIK DAN CALON (A1 + A2) | E101: =SUM(E99:E100) -> 1 | F101: =SUM(F99:F100) -> 2 | G101: =SUM(G99:G100) -> 2 | H101: =SUM(H99:H100) -> 3 | I101: =SUM(I99:I100) -> 2 | J101: =SUM(J99:J100) -> 2 | K101: =SUM(K99:K100) -> 1 | L101: =SUM(L99:L100) -> 1 | ... AE101: =SUM(AE99:AE100) -> 2 | AF101: =SUM(E101:AE101) -> 70
A103: A.1 | B103: 8. | C103: Partai Keadilan Sejahtera | E103: 1 | F103: 1 | G103: 0 | H103: 0 | I103: 0 | J103: 0 | K103: 0 | L103: 0 | M103: 0 | N103: 0 | O103: 0 | P103: 1 | Q103: 0 | R103: 1 | S103: 0 | T103: 0 | U103: 0 | V103: 0 | W103: 0 | X103: 0 | Y103: 0 | Z103: 1 | AA103: 0 | AB103: 0 | AC103: 0 | AD103: 0 | AE103: 0 | AF103: =SUM(E103:AE103) -> 5
A104: A.2 | C104: 1. IMRON EFFENDI, S.Pd.I. | E104: 4 | F104: 2 | G104: 0 | H104: 0 | I104: 0 | J104: 0 | K104: 0 | L104: 0 | M104: 1 | N104: 0 | O104: 1 | P104: 0 | Q104: 2 | R104: 0 | S104: 0 | T104: 0 | U104: 1 | V104: 0 | W104: 0 | X104: 0 | Y104: 0 | Z104: 0 | AA104: 0 | AB104: 3 | AC104: 0 | AD104: 0 | AE104: 0 | AF104: =SUM(E104:AE104) -> 14
C105: 2. RIYANTO | E105: 0 | F105: 1 | G105: 0 | H105: 0 | I105: 0 | J105: 0 | K105: 0 | L105: 0 | M105: 0 | N105: 0 | O105: 1 | P105: 0 | Q105: 0 | R105: 0 | S105: 0 | T105: 0 | U105: 0 | V105: 0 | W105: 0 | X105: 1 | Y105: 0 | Z105: 0 | AA105: 0 | AB105: 1 | AC105: 0 | AD105: 0 | AE105: 0 | AF105: =SUM(E105:AE105) -> 4
C106: 3. DYAH RATNAWATI, S.P. | E106: 0 | F106: 0 | G106: 0 | H106: 0 | I106: 0 | J106: 0 | K106: 0 | L106: 0 | M106: 0 | N106: 0 | O106: 0 | P106: 0 | Q106: 1 | R106: 0 | S106: 3 | T106: 0 | U106: 0 | V106: 0 | W106: 0 | X106: 0 | Y106: 0 | Z106: 0 | AA106: 1 | AB106: 0 | AC106: 1 | AD106: 1 | AE106: 1 | AF106: =SUM(E106:AE106) -> 8
C107: 4. SLAMET EFENDI, S.Pd.I. | E107: 0 | F107: 0 | G107: 0 | H107: 0 | I107: 0 | J107: 0 | K107: 0 | L107: 0 | M107: 0 | N107: 0 | O107: 0 | P107: 1 | Q107: 0 | R107: 0 | S107: 0 | T107: 0 | U107: 0 | V107: 0 | W107: 0 | X107: 0 | Y107: 0 | Z107: 0 | AA107: 0 | AB107: 1 | AC107: 0 | AD107: 0 | AE107: 0 | AF107: =SUM(E107:AE107) -> 2
C108: 5. NIDA'UL A'DILAH | E108: 0 | F108: 0 | G108: 0 | H108: 0 | I108: 0 | J108: 0 | K108: 0 | L108: 0 | M108: 0 | N108: 0 | O108: 0 | P108: 0 | Q108: 0 | R108: 0 | S108: 0 | T108: 0 | U108: 0 | V108: 0 | W108: 0 | X108: 0 | Y108: 0 | Z108: 0 | AA108: 0 | AB108: 0 | AC108: 0 | AD108: 0 | AE108: 0 | AF108: =SUM(E108:AE108) -> 0
C109: 6. FUJI ARIANTI, S.Pd. | E109: 0 | F109: 0 | G109: 0 | H109: 0 | I109: 0 | J109: 0 | K109: 0 | L109: 0 | M109: 0 | N109: 0 | O109: 0 | P109: 0 | Q109: 0 | R109: 0 | S109: 0 | T109: 0 | U109: 0 | V109: 0 | W109: 0 | X109: 0 | Y109: 0 | Z109: 0 | AA109: 0 | AB109: 0 | AC109: 0 | AD109: 0 | AE109: 0 | AF109: =SUM(E109:AE109) -> 0
C110: 7. PUJI LEGA CAHYONO | E110: 0 | F110: 0 | G110: 0 | H110: 0 | I110: 0 | J110: 0 | K110: 0 | L110: 0 | M110: 0 | N110: 0 | O110: 0 | P110: 0 | Q110: 0 | R110: 0 | S110: 0 | T110: 0 | U110: 0 | V110: 0 | W110: 0 | X110: 0 | Y110: 0 | Z110: 0 | AA110: 0 | AB110: 0 | AC110: 0 | AD110: 0 | AE110: 0 | AF110: =SUM(E110:AE110) -> 0
A111: B | B111: JUMLAH SUARA SAH PARTAI POLITIK DAN CALON (A1 + A2) | E111: =SUM(E103:E110) -> 5 | F111: =SUM(F103:F110) -> 4 | G111: =SUM(G103:G110) -> 0 | H111: =SUM(H103:H110) -> 0 | I111: =SUM(I103:I110) -> 0 | J111: =SUM(J103:J110) -> 0 | K111: =SUM(K103:K110) -> 0 | L111: =SUM(L103:L110) -> 0 | ... AE111: =SUM(AE103:AE110) -> 1 | AF111: =SUM(E111:AE111) -> 33
A113: A.1 | B113: 9. | C113: Partai Kebangkitan Nusantara | E113: 0 | F113: 0 | G113: 0 | H113: 0 | I113: 0 | J113: 0 | K113: 0 | L113: 0 | M113: 0 | N113: 0 | O113: 0 | P113: 0 | Q113: 0 | R113: 0 | S113: 0 | T113: 0 | U113: 1 | V113: 0 | W113: 0 | X113: 0 | Y113: 0 | Z113: 0 | AA113: 0 | AB113: 0 | AC113: 0 | AD113: 0 | AE113: 0 | AF113: =SUM(E113:AE113) -> 1
A114: A.2 | C114: 1. NANIN LINDYAWATI | E114: 0 | F114: 0 | G114: 0 | H114: 0 | I114: 0 | J114: 0 | K114: 0 | L114: 0 | M114: 0 | N114: 0 | O114: 0 | P114: 0 | Q114: 0 | R114: 0 | S114: 0 | T114: 0 | U114: 0 | V114: 0 | W114: 0 | X114: 0 | Y114: 0 | Z114: 0 | AA114: 0 | AB114: 0 | AC114: 0 | AD114: 0 | AE114: 0 | AF114: =SUM(E114:AE114) -> 0
A115: B | B115: JUMLAH SUARA SAH PARTAI POLITIK DAN CALON (A1 + A2) | E115: =SUM(E113:E114) -> 0 | F115: =SUM(F113:F114) -> 0 | G115: =SUM(G113:G114) -> 0 | H115: =SUM(H113:H114) -> 0 | I115: =SUM(I113:I114) -> 0 | J115: =SUM(J113:J114) -> 0 | K115: =SUM(K113:K114) -> 0 | L115: =SUM(L113:L114) -> 0 | ... AE115: =SUM(AE113:AE114) -> 0 | AF115: =SUM(E115:AE115) -> 1
A117: A.1 | B117: 10. | C117: Partai Hati Nurani Rakyat | E117: 0 | F117: 0 | G117: 0 | H117: 0 | I117: 0 | J117: 0 | K117: 0 | L117: 0 | M117: 0 | N117: 0 | O117: 0 | P117: 0 | Q117: 0 | R117: 0 | S117: 0 | T117: 0 | U117: 0 | V117: 1 | W117: 0 | X117: 0 | Y117: 0 | Z117: 0 | AA117: 0 | AB117: 0 | AC117: 0 | AD117: 0 | AE117: 0 | AF117: =SUM(E117:AE117) -> 1
A118: A.2 | B118: A.2 | C118: 1. WAWAN KRISDIANTO, S.T. | E118: 1 | F118: 0 | G118: 0 | H118: 0 | I118: 0 | J118: 0 | K118: 0 | L118: 0 | M118: 0 | N118: 0 | O118: 0 | P118: 0 | Q118: 0 | R118: 0 | S118: 0 | T118: 0 | U118: 0 | V118: 0 | W118: 0 | X118: 0 | Y118: 0 | Z118: 0 | AA118: 0 | AB118: 0 | AC118: 0 | AD118: 0 | AE118: 0 | AF118: =SUM(E118:AE118) -> 1
C119: 2. Drs. SUGIYO | E119: 0 | F119: 0 | G119: 0 | H119: 0 | I119: 0 | J119: 0 | K119: 0 | L119: 0 | M119: 0 | N119: 0 | O119: 0 | P119: 0 | Q119: 0 | R119: 0 | S119: 0 | T119: 0 | U119: 0 | V119: 0 | W119: 0 | X119: 0 | Y119: 0 | Z119: 0 | AA119: 0 | AB119: 0 | AC119: 0 | AD119: 0 | AE119: 0 | AF119: =SUM(E119:AE119) -> 0
C120: 3. AGUS WIJAYANTI, S.T. | E120: 0 | F120: 0 | G120: 0 | H120: 0 | I120: 0 | J120: 0 | K120: 0 | L120: 0 | M120: 0 | N120: 0 | O120: 0 | P120: 0 | Q120: 0 | R120: 0 | S120: 0 | T120: 0 | U120: 0 | V120: 0 | W120: 0 | X120: 0 | Y120: 0 | Z120: 0 | AA120: 0 | AB120: 0 | AC120: 0 | AD120: 0 | AE120: 0 | AF120: =SUM(E120:AE120) -> 0
...

Sheet KRADENAN
C2: Kecamatan | D2: PURWOHARJO
C3: Kabupaten | D3: BANYUWANGI
C4: Provinsi | D4: JAWA TIMUR
C9: Kelurahan | D9: KRADENAN
A12: I | B12: DATA PEMILIH DAN PENGGUNAAN HAK PILIH | AK12: JUMLAH AKHIR
A13: A | B13: DATA PEMILIH | E13: TPS 001 | F13: TPS 002 | G13: TPS 003 | H13: TPS 004 | I13: TPS 005 | J13: TPS 006 | K13: TPS 007 | L13: TPS 008 | M13: TPS 009 | N13: TPS 010 | O13: TPS 011 | P13: TPS 012 | Q13: TPS 013 | R13: TPS 014 | S13: TPS 015 | T13: TPS 016 | U13: TPS 017 | V13: TPS 018 | W13: TPS 019 | X13: TPS 020 | Y13: TPS 021 | Z13: TPS 022 | AA13: TPS 023 | AB13: TPS 024 | AC13: TPS 025 | AD13: TPS 026 | AE13: TPS 027 | AF13: TPS 028 | AG13: TPS 029 | AH13: TPS 030 | AI13: TPS 031 | AJ13: TPS 032
B14: Jumlah Pemilih dalam Daftar Pemilih Tetap (DPT) | D14: LK | E14: 131 | F14: 127 | G14: 128 | H14: 150 | I14: 134 | J14: 136 | K14: 133 | L14: 152 | M14: 145 | N14: 131 | O14: 144 | P14: 135 | Q14: 127 | R14: 138 | S14: 138 | T14: 128 | U14: 140 | V14: 139 | W14: 138 | X14: 135 | Y14: 134 | Z14: 142 | AA14: 127 | AB14: 125 | AC14: 121 | AD14: 132 | AE14: 139 | AF14: 139 | AG14: 134 | AH14: 143 | AI14: 143 | AJ14: 155 | AK14: =SUM(E14:AJ14) -> 4363
D15: PR | E15: 132 | F15: 136 | G15: 128 | H15: 142 | I15: 144 | J15: 136 | K15: 139 | L15: 132 | M15: 135 | N15: 140 | O15: 135 | P15: 136 | Q15: 144 | R15: 142 | S15: 129 | T15: 143 | U15: 143 | V15: 129 | W15: 133 | X15: 132 | Y15: 134 | Z15: 123 | AA15: 147 | AB15: 131 | AC15: 104 | AD15: 132 | AE15: 131 | AF15: 130 | AG15: 137 | AH15: 143 | AI15: 123 | AJ15: 137 | AK15: =SUM(E15:AJ15) -> 4302
D16: JML | E16: =SUM(E14:E15) -> 263 | F16: =SUM(F14:F15) -> 263 | G16: =SUM(G14:G15) -> 256 | H16: =SUM(H14:H15) -> 292 | I16: =SUM(I14:I15) -> 278 | J16: =SUM(J14:J15) -> 272 | K16: =SUM(K14:K15) -> 272 | L16: =SUM(L14:L15) -> 284 | ... AJ16: =SUM(AJ14:AJ15) -> 292 | AK16: =SUM(E16:AJ16) -> 8665
A18: B | B18: PENGGUNA HAK PILIH
B19: 1. | C19: Jumlah pengguna hak pilih dalam Daftar Pemilih Tetap (DPT) | D19: LK | E19: 95 | F19: 101 | G19: 101 | H19: 125 | I19: 96 | J19: 105 | K19: 107 | L19: 100 | M19: 118 | N19: 101 | O19: 109 | P19: 114 | Q19: 101 | R19: 110 | S19: 94 | T19: 98 | U19: 109 | V19: 102 | W19: 111 | X19: 98 | Y19: 87 | Z19: 105 | AA19: 98 | AB19: 98 | AC19: 95 | AD19: 104 | AE19: 105 | AF19: 117 | AG19: 103 | AH19: 121 | AI19: 109 | AJ19: 122 | AK19: =SUM(E19:AJ19) -> 3359
D20: PR | E20: 96 | F20: 108 | G20: 105 | H20: 122 | I20: 109 | J20: 113 | K20: 107 | L20: 101 | M20: 112 | N20: 98 | O20: 118 | P20: 120 | Q20: 110 | R20: 112 | S20: 105 | T20: 115 | U20: 126 | V20: 102 | W20: 96 | X20: 100 | Y20: 98 | Z20: 106 | AA20: 118 | AB20: 106 | AC20: 84 | AD20: 99 | AE20: 101 | AF20: 109 | AG20: 112 | AH20: 118 | AI20: 96 | AJ20: 110 | AK20: =SUM(E20:AJ20) -> 3432
D21: JML | E21: =SUM(E19:E20) -> 191 | F21: =SUM(F19:F20) -> 209 | G21: =SUM(G19:G20) -> 206 | H21: =SUM(H19:H20) -> 247 | I21: =SUM(I19:I20) -> 205 | J21: =SUM(J19:J20) -> 218 | K21: =SUM(K19:K20) -> 214 | L21: =SUM(L19:L20) -> 201 | ... AJ21: =SUM(AJ19:AJ20) -> 232 | AK21: =SUM(E21:AJ21) -> 6791
B22: 2. | C22: Jumlah pengguna hak pilih dalam Daftar Pemilih Tambahan (DPTb) | D22: LK | E22: 0 | F22: 0 | G22: 0 | H22: 0 | I22: 0 | J22: 0 | K22: 0 | L22: 0 | M22: 0 | N22: 0 | O22: 0 | P22: 0 | Q22: 0 | R22: 0 | S22: 0 | T22: 0 | U22: 0 | V22: 0 | W22: 0 | X22: 0 | Y22: 0 | Z22: 0 | AA22: 0 | AB22: 0 | AC22: 0 | AD22: 0 | AE22: 0 | AF22: 0 | AG22: 0 | AH22: 0 | AI22: 0 | AJ22: 0 | AK22: =SUM(E22:AJ22) -> 0
D23: PR | E23: 0 | F23: 0 | G23: 1 | H23: 0 | I23: 0 | J23: 0 | K23: 0 | L23: 0 | M23: 0 | N23: 0 | O23: 0 | P23: 0 | Q23: 0 | R23: 0 | S23: 0 | T23: 0 | U23: 0 | V23: 0 | W23: 0 | X23: 0 | Y23: 0 | Z23: 0 | AA23: 0 | AB23: 0 | AC23: 0 | AD23: 0 | AE23: 0 | AF23: 0 | AG23: 0 | AH23: 0 | AI23: 0 | AJ23: 0 | AK23: =SUM(E23:AJ23) -> 1
D24: JML | E24: =SUM(E22:E23) -> 0 | F24: =SUM(F22:F23) -> 0 | G24: =SUM(G22:G23) -> 1 | H24: =SUM(H22:H23) -> 0 | I24: =SUM(I22:I23) -> 0 | J24: =SUM(J22:J23) -> 0 | K24: =SUM(K22:K23) -> 0 | L24: =SUM(L22:L23) -> 0 | ... AJ24: =SUM(AJ22:AJ23) -> 0 | AK24: =SUM(E24:AJ24) -> 1
