Workbook

Sheet DPRD KABUPATEN
C8: Kecamatan | D8: SILIRAGUNG
C9: Kabupaten | D9: BANYUWANGI
C10: Provinsi | D10: JAWA TIMUR
A12: I | B12: DATA PEMILIH DAN PENGGUNAAN HAK PILIH | E12: JUMLAH AKHIR
A13: A | B13: DATA PEMILIH
B14: Jumlah Pemilih dalam Daftar Pemilih Tetap (DPT) | D14: LK | E14: =BARUREJO!AX14+BULUAGUNG!AC14+KESILIR!AJ14+SENEPOREJO!AB14+SILIRAGUNG!AB14 -> 19220
D15: PR | E15: =BARUREJO!AX15+BULUAGUNG!AC15+KESILIR!AJ15+SENEPOREJO!AB15+SILIRAGUNG!AB15 -> 18803
D16: JML | E16: =SUM(E14:E15) -> 38023
A18: B | B18: PENGGUNA HAK PILIH
B19: 1. | C19: Jumlah pengguna hak pilih dalam Daftar Pemilih Tetap (DPT) | D19: LK | E19: =BARUREJO!AX19+BULUAGUNG!AC19+KESILIR!AJ19+SENEPOREJO!AB19+SILIRAGUNG!AB19 -> 14553
D20: PR | E20: =BARUREJO!AX20+BULUAGUNG!AC20+KESILIR!AJ20+SENEPOREJO!AB20+SILIRAGUNG!AB20 -> 14882
D21: JML | E21: =SUM(E19:E20) -> 29435
B22: 2. | C22: Jumlah pengguna hak pilih dalam Daftar Pemilih Tambahan (DPTb) | D22: LK | E22: =BARUREJO!AX22+BULUAGUNG!AC22+KESILIR!AJ22+SENEPOREJO!AB22+SILIRAGUNG!AB22 -> 10
D23: PR | E23: =BARUREJO!AX23+BULUAGUNG!AC23+KESILIR!AJ23+SENEPOREJO!AB23+SILIRAGUNG!AB23 -> 3
D24: JML | E24: =SUM(E22:E23) -> 13
B25: 3. | C25: Jumlah pengguna hak pilih dalam Daftar Pemilih Khusus (DPK) | D25: LK | E25: =BARUREJO!AX25+BULUAGUNG!AC25+KESILIR!AJ25+SENEPOREJO!AB25+SILIRAGUNG!AB25 -> 272
D26: PR | E26: =BARUREJO!AX26+BULUAGUNG!AC26+KESILIR!AJ26+SENEPOREJO!AB26+SILIRAGUNG!AB26 -> 391
D27: JML | E27: =SUM(E25:E26) -> 663
B28: 4. | C28: Jumlah Pengguna Hak Pilih (B.1+B.2+B.3) | D28: LK | E28: =E19+E22+E25 -> 14835
D29: PR | E29: =E20+E23+E26 -> 15276
D30: JML | E30: =SUM(E28:E29) -> 30111
A32: II | B32: DATA PENGGUNAAN SURAT SUARA
A33: 1 | B33: Jumlah surat suara yang diterima, termasuk surat suara cadangan 2,5% dari DPT | E33: =BARUREJO!AX33+BULUAGUNG!AC33+KESILIR!AJ33+SENEPOREJO!AB33+SILIRAGUNG!AB33 -> 38867
A34: 2 | B34: Jumlah surat suara yang digunakan | E34: =BARUREJO!AX34+BULUAGUNG!AC34+KESILIR!AJ34+SENEPOREJO!AB34+SILIRAGUNG!AB34 -> 30111
A35: 3 | B35: Jumlah surat suara dikembalikan oleh pemilih (karena rusak atau keliru coblos) | E35: =BARUREJO!AX35+BULUAGUNG!AC35+KESILIR!AJ35+SENEPOREJO!AB35+SILIRAGUNG!AB35 -> 75
A36: 4 | B36: Jumlah surat suara yang tidak digunakan/tidak terpakai, termasuk sisa surat suara cadangan | E36: =E33-(E34+E35) -> 8681
A38: III | B38: DATA PEMILIH DISABILITAS
B39: Jumlah seluruh Pemilih disabilitas yang menggunakan hak pilih | D39: LK | E39: =BARUREJO!AX39+BULUAGUNG!AC39+KESILIR!AJ39+SENEPOREJO!AB39+SILIRAGUNG!AB39 -> 11
D40: PR | E40: =BARUREJO!AX40+BULUAGUNG!AC40+KESILIR!AJ40+SENEPOREJO!AB40+SILIRAGUNG!AB40 -> 21
D41: JML | E41: =SUM(E39:E40) -> 32
A43: IV | B43: DATA RINCIAN PEROLEHAN SUARA PASANGAN CALON BUPATI DAN WAKIL BUPATI
A44: NOMOR DAN NAMA CALON
A45: A.1 | B45: 1. | C45: Partai Kebangkitan Bangsa | E45: =BARUREJO!AX45+BULUAGUNG!AC45+KESILIR!AJ45+SENEPOREJO!AB45+SILIRAGUNG!AB45 -> 432
A46: A.2 | C46: 1. MUKHTAR NABALI MUFAUWIQ | E46: =BARUREJO!AX46+BULUAGUNG!AC46+KESILIR!AJ46+SENEPOREJO!AB46+SILIRAGUNG!AB46 -> 1013
C47: 2. H. SUSIYANTO | E47: =BARUREJO!AX47+BULUAGUNG!AC47+KESILIR!AJ47+SENEPOREJO!AB47+SILIRAGUNG!AB47 -> 137
C48: 3. DUWI HASTRENI, S.H. | E48: =BARUREJO!AX48+BULUAGUNG!AC48+KESILIR!AJ48+SENEPOREJO!AB48+SILIRAGUNG!AB48 -> 57
C49: 4. MIFTAKHODIN | E49: =BARUREJO!AX49+BULUAGUNG!AC49+KESILIR!AJ49+SENEPOREJO!AB49+SILIRAGUNG!AB49 -> 37
C50: 5. SITI MUSTIKAH | E50: =BARUREJO!AX50+BULUAGUNG!AC50+KESILIR!AJ50+SENEPOREJO!AB50+SILIRAGUNG!AB50 -> 147
C51: 6. ABDUL GHOFUR | E51: =BARUREJO!AX51+BULUAGUNG!AC51+KESILIR!AJ51+SENEPOREJO!AB51+SILIRAGUNG!AB51 -> 22
C52: 7. ABDUL ROHMAN, S.Pd. | E52: =BARUREJO!AX52+BULUAGUNG!AC52+KESILIR!AJ52+SENEPOREJO!AB52+SILIRAGUNG!AB52 -> 277
A55: B | B55: JUMLAH SUARA SAH PARTAI POLITIK DAN CALON (A1 + A2) | E55: =SUM(E45:E54) -> 2122
A57: A.1 | B57: 2. | C57: Partai Gerakan Indonesia Raya | E57: =BARUREJO!AX57+BULUAGUNG!AC57+KESILIR!AJ57+SENEPOREJO!AB57+SILIRAGUNG!AB57 -> 576
A58: A.2 | C58: 1. Drs. H. SUPRAYOGIN | E58: =BARUREJO!AX58+BULUAGUNG!AC58+KESILIR!AJ58+SENEPOREJO!AB58+SILIRAGUNG!AB58 -> 134
C59: 2. MAHFUD SYAMSUL HADI | E59: =BARUREJO!AX59+BULUAGUNG!AC59+KESILIR!AJ59+SENEPOREJO!AB59+SILIRAGUNG!AB59 -> 1078
C60: 3. NUR AINI | E60: =BARUREJO!AX60+BULUAGUNG!AC60+KESILIR!AJ60+SENEPOREJO!AB60+SILIRAGUNG!AB60 -> 802
C61: 4. ACHMAD ALI WAFFA | E61: =BARUREJO!AX61+BULUAGUNG!AC61+KESILIR!AJ61+SENEPOREJO!AB61+SILIRAGUNG!AB61 -> 75
C62: 5. SRI HARTATIK | E62: =BARUREJO!AX62+BULUAGUNG!AC62+KESILIR!AJ62+SENEPOREJO!AB62+SILIRAGUNG!AB62 -> 38
C63: 6. MAKIK SIHOMBING | E63: =BARUREJO!AX63+BULUAGUNG!AC63+KESILIR!AJ63+SENEPOREJO!AB63+SILIRAGUNG!AB63 -> 4
C64: 7. LIDYA OKTAVIANA | E64: =BARUREJO!AX64+BULUAGUNG!AC64+KESILIR!AJ64+SENEPOREJO!AB64+SILIRAGUNG!AB64 -> 20
A67: B | B67: JUMLAH SUARA SAH PARTAI POLITIK DAN CALON (A1 + A2) | E67: =SUM(E57:E66) -> 2727
A69: A.1 | B69: 3. | C69: Partai Demokrasi Indonesia Perjuangan | E69: =BARUREJO!AX69+BULUAGUNG!AC69+KESILIR!AJ69+SENEPOREJO!AB69+SILIRAGUNG!AB69 -> 664
A70: A.2 | C70: 1. PATEMO | E70: =BARUREJO!AX70+BULUAGUNG!AC70+KESILIR!AJ70+SENEPOREJO!AB70+SILIRAGUNG!AB70 -> 1688
C71: 2. EKO HARIYONO | E71: =BARUREJO!AX71+BULUAGUNG!AC71+KESILIR!AJ71+SENEPOREJO!AB71+SILIRAGUNG!AB71 -> 187
C72: 3. SRI RUSMAWATI | E72: =BARUREJO!AX72+BULUAGUNG!AC72+KESILIR!AJ72+SENEPOREJO!AB72+SILIRAGUNG!AB72 -> 83
C73: 4. SUGIYANTO | E73: =BARUREJO!AX73+BULUAGUNG!AC73+KESILIR!AJ73+SENEPOREJO!AB73+SILIRAGUNG!AB73 -> 50
C74: 5. DHEA SARTIKA | E74: =BARUREJO!AX74+BULUAGUNG!AC74+KESILIR!AJ74+SENEPOREJO!AB74+SILIRAGUNG!AB74 -> 1573
C75: 6. WIDIAWATI | E75: =BARUREJO!AX75+BULUAGUNG!AC75+KESILIR!AJ75+SENEPOREJO!AB75+SILIRAGUNG!AB75 -> 184
C76: 7. ARIF NUR CAHYO | E76: =BARUREJO!AX76+BULUAGUNG!AC76+KESILIR!AJ76+SENEPOREJO!AB76+SILIRAGUNG!AB76 -> 2966
A79: B | B79: JUMLAH SUARA SAH PARTAI POLITIK DAN CALON (A1 + A2) | E79: =SUM(E69:E78) -> 7395
A81: A.1 | B81: 4. | C81: Partai Golongan Karya | E81: =BARUREJO!AX81+BULUAGUNG!AC81+KESILIR!AJ81+SENEPOREJO!AB81+SILIRAGUNG!AB81 -> 220
A82: A.2 | C82: 1. MOCHAMMAD ZAENUL ARIFIN, S.M. | E82: =BARUREJO!AX82+BULUAGUNG!AC82+KESILIR!AJ82+SENEPOREJO!AB82+SILIRAGUNG!AB82 -> 405
C83: 2. NANANG EDY SUPRIYONO | E83: =BARUREJO!AX83+BULUAGUNG!AC83+KESILIR!AJ83+SENEPOREJO!AB83+SILIRAGUNG!AB83 -> 409
C84: 3. SITI MUNAWAROH | E84: =BARUREJO!AX84+BULUAGUNG!AC84+KESILIR!AJ84+SENEPOREJO!AB84+SILIRAGUNG!AB84 -> 25
C85: 4. SINUNG TEGUH SANTOSO, S.H., M.H. | E85: =BARUREJO!AX85+BULUAGUNG!AC85+KESILIR!AJ85+SENEPOREJO!AB85+SILIRAGUNG!AB85 -> 237
C86: 5. Drs. ALI MUKHSIN | E86: =BARUREJO!AX86+BULUAGUNG!AC86+KESILIR!AJ86+SENEPOREJO!AB86+SILIRAGUNG!AB86 -> 12
C87: 6. JUMIA KAMSISKA | E87: =BARUREJO!AX87+BULUAGUNG!AC87+KESILIR!AJ87+SENEPOREJO!AB87+SILIRAGUNG!AB87 -> 7
C88: 7. Dra. DYAH PURWANINGSIH | E88: =BARUREJO!AX88+BULUAGUNG!AC88+KESILIR!AJ88+SENEPOREJO!AB88+SILIRAGUNG!AB88 -> 8
A91: B | B91: JUMLAH SUARA SAH PARTAI POLITIK DAN CALON (A1 + A2) | E91: =SUM(E81:E90) -> 1323
A93: A.1 | B93: 5. | C93: Partai NasDem | E93: =BARUREJO!AX93+BULUAGUNG!AC93+KESILIR!AJ93+SENEPOREJO!AB93+SILIRAGUNG!AB93 -> 289
A94: A.2 | C94: 1. AGUNG SETYO WIBOWO, S.E. | E94: =BARUREJO!AX94+BULUAGUNG!AC94+KESILIR!AJ94+SENEPOREJO!AB94+SILIRAGUNG!AB94 -> 2158
C95: 2. M. AGHISTNI MAULANA S. | E95: =BARUREJO!AX95+BULUAGUNG!AC95+KESILIR!AJ95+SENEPOREJO!AB95+SILIRAGUNG!AB95 -> 220
C96: 3. MUJIATI | E96: =BARUREJO!AX96+BULUAGUNG!AC96+KESILIR!AJ96+SENEPOREJO!AB96+SILIRAGUNG!AB96 -> 38
C97: 4. MOH. ALI MAGHFUR, S.S., M.Si. | E97: =BARUREJO!AX97+BULUAGUNG!AC97+KESILIR!AJ97+SENEPOREJO!AB97+SILIRAGUNG!AB97 -> 18
C98: 5. NUR HIDAYAH, S.H. | E98: =BARUREJO!AX98+BULUAGUNG!AC98+KESILIR!AJ98+SENEPOREJO!AB98+SILIRAGUNG!AB98 -> 298
C99: 6. NUR FATMAWATI | E99: =BARUREJO!AX99+BULUAGUNG!AC99+KESILIR!AJ99+SENEPOREJO!AB99+SILIRAGUNG!AB99 -> 19
C100: 7. BAMBANG AGUS SANTOSO | E100: =BARUREJO!AX100+BULUAGUNG!AC100+KESILIR!AJ100+SENEPOREJO!AB100+SILIRAGUNG!AB100 -> 2
A103: B | B103: JUMLAH SUARA SAH PARTAI POLITIK DAN CALON (A1 + A2) | E103: =SUM(E93:E102) -> 3042
A105: A.1 | B105: 6. | C105: Partai Buruh | E105: =BARUREJO!AX105+BULUAGUNG!AC105+KESILIR!AJ105+SENEPOREJO!AB105+SILIRAGUNG!AB105 -> 19
A106: A.2 | C106: 1. YULIANTO | E106: =BARUREJO!AX106+BULUAGUNG!AC106+KESILIR!AJ106+SENEPOREJO!AB106+SILIRAGUNG!AB106 -> 7
A115: B | B115: JUMLAH SUARA SAH PARTAI POLITIK DAN CALON (A1 + A2) | E115: =SUM(E105:E114) -> 26
A117: A.1 | B117: 7. | C117: Partai Gelombang Rakyat Indonesia | E117: =BARUREJO!AX117+BULUAGUNG!AC117+KESILIR!AJ117+SENEPOREJO!AB117+SILIRAGUNG!AB117 -> 150
A118: A.2 | C118: 1. AGUNG TUTUKO | E118: =BARUREJO!AX118+BULUAGUNG!AC118+KESILIR!AJ118+SENEPOREJO!AB118+SILIRAGUNG!AB118 -> 42
A127: B | B127: JUMLAH SUARA SAH PARTAI POLITIK DAN CALON (A1 + A2) | E127: =SUM(E117:E126) -> 192
A129: A.1 | B129: 8. | C129: Partai Keadilan Sejahtera | E129: =BARUREJO!AX129+BULUAGUNG!AC129+KESILIR!AJ129+SENEPOREJO!AB129+SILIRAGUNG!AB129 -> 38
A130: A.2 | C130: 1. IMRON EFFENDI, S.Pd.I. | E130: =BARUREJO!AX130+BULUAGUNG!AC130+KESILIR!AJ130+SENEPOREJO!AB130+SILIRAGUNG!AB130 -> 32
C131: 2. RIYANTO | E131: =BARUREJO!AX131+BULUAGUNG!AC131+KESILIR!AJ131+SENEPOREJO!AB131+SILIRAGUNG!AB131 -> 11
C132: 3. DYAH RATNAWATI, S.P. | E132: =BARUREJO!AX132+BULUAGUNG!AC132+KESILIR!AJ132+SENEPOREJO!AB132+SILIRAGUNG!AB132 -> 8
C133: 4. SLAMET EFENDI, S.Pd.I. | E133: =BARUREJO!AX133+BULUAGUNG!AC133+KESILIR!AJ133+SENEPOREJO!AB133+SILIRAGUNG!AB133 -> 3
C134: 5. NIDA'UL A'DILAH | E134: =BARUREJO!AX134+BULUAGUNG!AC134+KESILIR!AJ134+SENEPOREJO!AB134+SILIRAGUNG!AB134 -> 5
C135: 6. FUJI ARIANTI, S.Pd. | E135: =BARUREJO!AX135+BULUAGUNG!AC135+KESILIR!AJ135+SENEPOREJO!AB135+SILIRAGUNG!AB135 -> 0
C136: 7. PUJI LEGA CAHYONO | E136: =BARUREJO!AX136+BULUAGUNG!AC136+KESILIR!AJ136+SENEPOREJO!AB136+SILIRAGUNG!AB136 -> 58
A139: B | B139: JUMLAH SUARA SAH PARTAI POLITIK DAN CALON (A1 + A2) | E139: =SUM(E129:E138) -> 155
A141: A.1 | B141: 9. | C141: Partai Kebangkitan Nusantara | E141: =BARUREJO!AX141+BULUAGUNG!AC141+KESILIR!AJ141+SENEPOREJO!AB141+SILIRAGUNG!AB141 -> 9
A142: A.2 | C142: 1. NANIN LINDYAWATI | E142: =BARUREJO!AX142+BULUAGUNG!AC142+KESILIR!AJ142+SENEPOREJO!AB142+SILIRAGUNG!AB142 -> 16
A151: B | B151: JUMLAH SUARA SAH PARTAI POLITIK DAN CALON (A1 + A2) | E151: =SUM(E141:E150) -> 25
A153: A.1 | B153: 10. | C153: Partai Hati Nurani Rakyat | E153: =BARUREJO!AX153+BULUAGUNG!AC153+KESILIR!AJ153+SENEPOREJO!AB153+SILIRAGUNG!AB153 -> 1
A154: A.2 | C154: 1. WAWAN KRISDIANTO, S.T. | E154: =BARUREJO!AX154+BULUAGUNG!AC154+KESILIR!AJ154+SENEPOREJO!AB154+SILIRAGUNG!AB154 -> 5
C155: 2. Drs. SUGIYO | E155: =BARUREJO!AX155+BULUAGUNG!AC155+KESILIR!AJ155+SENEPOREJO!AB155+SILIRAGUNG!AB155 -> 4
C156: 3. AGUS WIJAYANTI, S.T. | E156: =BARUREJO!AX156+BULUAGUNG!AC156+KESILIR!AJ156+SENEPOREJO!AB156+SILIRAGUNG!AB156 -> 3
C157: 4. IMAM SIBAWEH, S.Pd.I., M.H. | E157: =BARUREJO!AX157+BULUAGUNG!AC157+KESILIR!AJ157+SENEPOREJO!AB157+SILIRAGUNG!AB157 -> 50
...

Sheet BARUREJO
C2: Kecamatan | D2: SILIRAGUNG
C3: Kabupaten | D3: BANYUWANGI
C4: Provinsi | D4: JAWA TIMUR
C9: Kelurahan | D9: BARUREJO
A12: I | B12: DATA PEMILIH DAN PENGGUNAAN HAK PILIH | AX12: JUMLAH AKHIR
A13: A | B13: DATA PEMILIH | E13: TPS 001 | F13: TPS 002 | G13: TPS 003 | H13: TPS 004 | I13: TPS 005 | J13: TPS 006 | K13: TPS 007 | L13: TPS 008 | M13: TPS 009 | N13: TPS 010 | O13: TPS 011 | P13: TPS 012 | Q13: TPS 013 | R13: TPS 014 | S13: TPS 015 | T13: TPS 016 | U13: TPS 017 | V13: TPS 018 | W13: TPS 019 | X13: TPS 020 | Y13: TPS 021 | Z13: TPS 022 | AA13: TPS 023 | AB13: TPS 024 | AC13: TPS 025 | AD13: TPS 026 | AE13: TPS 027 | AF13: TPS 028 | AG13: TPS 029 | AH13: TPS 030 | AI13: TPS 031 | AJ13: TPS 032 | AK13: TPS 033 | AL13: TPS 034 | AM13: TPS 035 | AN13: TPS 036 | AO13: TPS 037 | AP13: TPS 038 | AQ13: TPS 039 | AR13: TPS 040 | AS13: TPS 041 | AT13: TPS 042 | AU13: TPS 043 | AV13: TPS 044 | AW13: TPS 045
B14: Jumlah Pemilih dalam Daftar Pemilih Tetap (DPT) | D14: LK | E14: 139 | F14: 140 | G14: 131 | H14: 134 | I14: 139 | J14: 143 | K14: 137 | L14: 144 | M14: 148 | N14: 142 | O14: 153 | P14: 138 | Q14: 148 | R14: 151 | S14: 122 | T14: 96 | U14: 104 | V14: 146 | W14: 135 | X14: 127 | Y14: 143 | Z14: 139 | AA14: 129 | AB14: 135 | AC14: 119 | AD14: 140 | AE14: 123 | AF14: 132 | AG14: 122 | AH14: 146 | AI14: 142 | AJ14: 153 | AK14: 119 | AL14: 102 | AM14: 84 | AN14: 152 | AO14: 142 | AP14: 154 | AQ14: 105 | AR14: 117 | AS14: 144 | AT14: 143 | AU14: 128 | AV14: 86 | AW14: 36 | AX14: =SUM(E14:AW14) -> 5852
D15: PR | E15: 128 | F15: 121 | G15: 118 | H15: 129 | I15: 140 | J15: 137 | K15: 126 | L15: 148 | M15: 135 | N15: 142 | O15: 139 | P15: 128 | Q15: 140 | R15: 129 | S15: 121 | T15: 94 | U15: 119 | V15: 130 | W15: 127 | X15: 119 | Y15: 128 | Z15: 123 | AA15: 133 | AB15: 147 | AC15: 107 | AD15: 140 | AE15: 124 | AF15: 127 | AG15: 110 | AH15: 147 | AI15: 148 | AJ15: 142 | AK15: 136 | AL15: 87 | AM15: 61 | AN15: 138 | AO15: 130 | AP15: 144 | AQ15: 94 | AR15: 127 | AS15: 153 | AT15: 143 | AU15: 141 | AV15: 71 | AW15: 39 | AX15: =SUM(E15:AW15) -> 5610
D16: JML | E16: =SUM(E14:E15) -> 267 | F16: =SUM(F14:F15) -> 261 | G16: =SUM(G14:G15) -> 249 | H16: =SUM(H14:H15) -> 263 | I16: =SUM(I14:I15) -> 279 | J16: =SUM(J14:J15) -> 280 | K16: =SUM(K14:K15) -> 263 | L16: =SUM(L14:L15) -> 292 | ... AW16: =SUM(AW14:AW15) -> 75 | AX16: =SUM(E16:AW16) -> 11462
A18: B | B18: PENGGUNA HAK PILIH
B19: 1. | C19: Jumlah pengguna hak pilih dalam Daftar Pemilih Tetap (DPT) | D19: LK | E19: 100 | F19: 112 | G19: 114 | H19: 100 | I19: 100 | J19: 99 | K19: 117 | L19: 101 | M19: 93 | N19: 93 | O19: 114 | P19: 109 | Q19: 109 | R19: 114 | S19: 92 | T19: 69 | U19: 80 | V19: 104 | W19: 109 | X19: 89 | Y19: 102 | Z19: 117 | AA19: 99 | AB19: 105 | AC19: 71 | AD19: 96 | AE19: 82 | AF19: 92 | AG19: 92 | AH19: 106 | AI19: 95 | AJ19: 98 | AK19: 95 | AL19: 79 | AM19: 48 | AN19: 102 | AO19: 103 | AP19: 100 | AQ19: 77 | AR19: 81 | AS19: 96 | AT19: 90 | AU19: 100 | AV19: 74 | AW19: 23 | AX19: =SUM(E19:AW19) -> 4241
D20: PR | E20: 93 | F20: 102 | G20: 87 | H20: 101 | I20: 100 | J20: 110 | K20: 98 | L20: 118 | M20: 113 | N20: 108 | O20: 114 | P20: 103 | Q20: 109 | R20: 98 | S20: 96 | T20: 69 | U20: 95 | V20: 106 | W20: 99 | X20: 95 | Y20: 100 | Z20: 105 | AA20: 100 | AB20: 119 | AC20: 81 | AD20: 112 | AE20: 97 | AF20: 95 | AG20: 89 | AH20: 115 | AI20: 113 | AJ20: 102 | AK20: 111 | AL20: 63 | AM20: 42 | AN20: 100 | AO20: 98 | AP20: 108 | AQ20: 72 | AR20: 97 | AS20: 103 | AT20: 100 | AU20: 109 | AV20: 58 | AW20: 28 | AX20: =SUM(E20:AW20) -> 4331
D21: JML | E21: =SUM(E19:E20) -> 193 | F21: =SUM(F19:F20) -> 214 | G21: =SUM(G19:G20) -> 201 | H21: =SUM(H19:H20) -> 201 | I21: =SUM(I19:I20) -> 200 | J21: =SUM(J19:J20) -> 209 | K21: =SUM(K19:K20) -> 215 | L21: =SUM(L19:L20) -> 219 | ... AW21: =SUM(AW19:AW20) -> 51 | AX21: =SUM(E21:AW21) -> 8572
B22: 2. | C22: Jumlah pengguna hak pilih dalam Daftar Pemilih Tambahan (DPTb) | D22: LK | E22: 0 | F22: 0 | G22: 0 | H22: 0 | I22: 0 | J22: 0 | K22: 1 | L22: 0 | M22: 1 | N22: 0 | O22: 0 | P22: 0 | Q22: 0 | R22: 0 | S22: 1 | T22: 0 | U22: 0 | V22: 0 | W22: 0 | X22: 0 | Y22: 0 | Z22: 0 | AA22: 0 | AB22: 0 | AC22: 0 | AD22: 0 | AE22: 0 | AF22: 0 | AG22: 0 | AH22: 0 | AX22: =SUM(E22:AW22) -> 3
D23: PR | E23: 0 | F23: 0 | G23: 0 | H23: 0 | I23: 0 | J23: 0 | K23: 0 | L23: 0 | M23: 0 | N23: 0 | O23: 0 | P23: 0 | Q23: 0 | R23: 0 | T23: 0 | U23: 0 | V23: 0 | W23: 0 | X23: 0 | Y23: 0 | Z23: 0 | AA23: 0 | AB23: 0 | AC23: 0 | AD23: 0 | AE23: 0 | AF23: 0 | AG23: 0 | AH23: 0 | AX23: =SUM(E23:AW23) -> 0
D24: JML | E24: =SUM(E22:E23) -> 0 | F24: =SUM(F22:F23) -> 0 | G24: =SUM(G22:G23) -> 0 | H24: =SUM(H22:H23) -> 0 | I24: =SUM(I22:I23) -> 0 | J24: =SUM(J22:J23) -> 0 | K24: =SUM(K22:K23) -> 1 | L24: =SUM(L22:L23) -> 0 | ... AW24: =SUM(AW22:AW23) -> 0 | AX24: =SUM(E24:AW24) -> 3
B25: 3. | C25: Jumlah pengguna hak pilih dalam Daftar Pemilih Khusus (DPK) | D25: LK | E25: 4 | F25: 0 | G25: 4 | H25: 3 | I25: 1 | J25: 3 | K25: 4 | L25: 2 | M25: 3 | N25: 1 | O25: 5 | P25: 0 | Q25: 3 | R25: 4 | S25: 6 | T25: 5 | U25: 8 | V25: 3 | W25: 1 | X25: 2 | Y25: 1 | Z25: 2 | AA25: 2 | AB25: 0 | AC25: 3 | AD25: 3 | AE25: 5 | AF25: 6 | AG25: 0 | AH25: 1 | AI25: 0 | AJ25: 2 | AK25: 3 | AL25: 4 | AM25: 1 | AN25: 2 | AO25: 0 | AP25: 0 | AQ25: 1 | AR25: 1 | AS25: 1 | AT25: 4 | AU25: 3 | AV25: 0 | AW25: 0 | AX25: =SUM(E25:AW25) -> 107
D26: PR | E26: 5 | F26: 1 | G26: 7 | H26: 10 | I26: 4 | J26: 3 | K26: 2 | L26: 2 | M26: 3 | N26: 3 | O26: 5 | P26: 0 | Q26: 5 | R26: 7 | S26: 3 | T26: 6 | U26: 9 | V26: 3 | W26: 2 | X26: 2 | Y26: 1 | Z26: 3 | AA26: 2 | AB26: 4 | AC26: 5 | AD26: 1 | AE26: 4 | AF26: 5 | AG26: 2 | AH26: 6 | AI26: 0 | AJ26: 7 | AK26: 3 | AL26: 3 | AM26: 3 | AN26: 1 | AO26: 2 | AP26: 0 | AQ26: 2 | AR26: 0 | AS26: 5 | AT26: 9 | AU26: 6 | AV26: 0 | AW26: 0 | AX26: =SUM(E26:AW26) -> 156
D27: JML | E27: =SUM(E25:E26) -> 9 | F27: =SUM(F25:F26) -> 1 | G27: =SUM(G25:G26) -> 11 | H27: =SUM(H25:H26) -> 13 | I27: =SUM(I25:I26) -> 5 | J27: =SUM(J25:J26) -> 6 | K27: =SUM(K25:K26) -> 6 | L27: =SUM(L25:L26) -> 4 | ... AW27: =SUM(AW25:AW26) -> 0 | AX27: =SUM(E27:AW27) -> 263
B28: 4. | C28: Jumlah Pengguna Hak Pilih (B.1+B.2+B.3) | D28: LK | E28: =SUM(E19,E22,E25) -> 104 | F28: =SUM(F19,F22,F25) -> 112 | G28: =SUM(G19,G22,G25) -> 118 | H28: =SUM(H19,H22,H25) -> 103 | I28: =SUM(I19,I22,I25) -> 101 | J28: =SUM(J19,J22,J25) -> 102 | K28: =SUM(K19,K22,K25) -> 122 | L28: =SUM(L19,L22,L25) -> 103 | ... AW28: =SUM(AW19,AW22,AW25) -> 23 | AX28: =SUM(E28:AW28) -> 4351
D29: PR | E29: =SUM(E20,E23,E26) -> 98 | F29: =SUM(F20,F23,F26) -> 103 | G29: =SUM(G20,G23,G26) -> 94 | H29: =SUM(H20,H23,H26) -> 111 | I29: =SUM(I20,I23,I26) -> 104 | J29: =SUM(J20,J23,J26) -> 113 | K29: =SUM(K20,K23,K26) -> 100 | L29: =SUM(L20,L23,L26) -> 120 | ... AW29: =SUM(AW20,AW23,AW26) -> 28 | AX29: =SUM(E29:AW29) -> 4487
D30: JML | E30: =SUM(E28:E29) -> 202 | F30: =SUM(F28:F29) -> 215 | G30: =SUM(G28:G29) -> 212 | H30: =SUM(H28:H29) -> 214 | I30: =SUM(I28:I29) -> 205 | J30: =SUM(J28:J29) -> 215 | K30: =SUM(K28:K29) -> 222 | L30: =SUM(L28:L29) -> 223 | ... AW30: =SUM(AW28:AW29) -> 51 | AX30: =SUM(E30:AW30) -> 8838
A32: II | B32: DATA PENGGUNAAN SURAT SUARA
A33: 1 | B33: Jumlah surat suara yang diterima, termasuk surat suara cadangan 2,5% dari DPT | E33: 273 | F33: 267 | G33: 254 | H33: 269 | I33: 285 | J33: 286 | K33: 269 | L33: 308 | M33: 282 | N33: 290 | O33: 298 | P33: 274 | Q33: 294 | R33: 284 | S33: 248 | T33: 194 | U33: 228 | V33: 289 | W33: 266 | X33: 251 | Y33: 277 | Z33: 268 | AA33: 268 | AB33: 288 | AC33: 231 | AD33: 286 | AE33: 252 | AF33: 267 | AG33: 237 | AH33: 299 | AI33: 296 | AJ33: 301 | AK33: 262 | AL33: 193 | AM33: 148 | AN33: 297 | AO33: 278 | AP33: 304 | AQ33: 203 | AR33: 249 | AS33: 303 | AT33: 292 | AU33: 275 | AV33: 161 | AW33: 77 | AX33: =SUM(E33:AW33) -> 11721
A34: 2 | B34: Jumlah surat suara yang digunakan | E34: 202 | F34: 215 | G34: 212 | H34: 214 | I34: 205 | J34: 215 | K34: 222 | L34: 223 | M34: 213 | N34: 205 | O34: 238 | P34: 212 | Q34: 226 | R34: 223 | S34: 198 | T34: 149 | U34: 192 | V34: 216 | W34: 211 | X34: 188 | Y34: 204 | Z34: 227 | AA34: 203 | AB34: 228 | AC34: 160 | AD34: 212 | AE34: 188 | AF34: 198 | AG34: 183 | AH34: 228 | AI34: 208 | AJ34: 209 | AK34: 212 | AL34: 149 | AM34: 94 | AN34: 205 | AO34: 203 | AP34: 208 | AQ34: 152 | AR34: 179 | AS34: 205 | AT34: 203 | AU34: 218 | AV34: 132 | AW34: 51 | AX34: =SUM(E34:AW34) -> 8838
A35: 3 | B35: Jumlah surat suara dikembalikan oleh pemilih (karena rusak atau keliru coblos) | E35: 0 | F35: 0 | G35: 0 | H35: 0 | I35: 0 | J35: 1 | K35: 1 | L35: 1 | M35: 0 | N35: 0 | O35: 0 | P35: 9 | Q35: 0 | R35: 0 | S35: 0 | T35: 1 | U35: 0 | V35: 1 | W35: 7 | X35: 0 | Y35: 0 | Z35: 0 | AA35: 0 | AB35: 0 | AC35: 0 | AD35: 0 | AE35: 0 | AF35: 0 | AG35: 0 | AH35: 0 | AI35: 0 | AJ35: 0 | AK35: 2 | AL35: 1 | AM35: 0 | AN35: 1 | AO35: 0 | AP35: 0 | AQ35: 0 | AR35: 0 | AS35: 1 | AT35: 0 | AU35: 2 | AV35: 0 | AW35: 0 | AX35: =SUM(E35:AW35) -> 28
A36: 4 | B36: Jumlah surat suara yang tidak digunakan/tidak terpakai, termasuk sisa surat suara cadangan | E36: =E33-(E34+E35) -> 71 | F36: =F33-(F34+F35) -> 52 | G36: =G33-(G34+G35) -> 42 | H36: =H33-(H34+H35) -> 55 | I36: =I33-(I34+I35) -> 80 | J36: =J33-(J34+J35) -> 70 | K36: =K33-(K34+K35) -> 46 | L36: =L33-(L34+L35) -> 84 | ... AW36: =AW33-(AW34+AW35) -> 26 | AX36: =SUM(E36:AW36) -> 2855
A38: III | B38: DATA PEMILIH DISABILITAS
B39: Jumlah seluruh Pemilih disabilitas yang menggunakan hak pilih | D39: LK | E39: 0 | F39: 0 | G39: 0 | H39: 0 | I39: 0 | J39: 0 | K39: 0 | L39: 0 | M39: 0 | N39: 0 | O39: 0 | P39: 0 | Q39: 0 | R39: 0 | S39: 0 | T39: 0 | U39: 0 | V39: 0 | W39: 1 | X39: 0 | Y39: 0 | Z39: 0 | AA39: 0 | AB39: 0 | AC39: 0 | AD39: 0 | AE39: 0 | AF39: 0 | AG39: 0 | AH39: 0 | AX39: =SUM(E39:AW39) -> 1
D40: PR | E40: 0 | F40: 0 | G40: 0 | H40: 0 | I40: 0 | J40: 0 | K40: 0 | L40: 0 | M40: 0 | N40: 1 | O40: 0 | P40: 0 | Q40: 0 | R40: 0 | S40: 2 | T40: 1 | U40: 0 | V40: 0 | W40: 0 | X40: 0 | Y40: 0 | Z40: 0 | AA40: 0 | AB40: 0 | AC40: 0 | AD40: 0 | AE40: 0 | AF40: 0 | AG40: 0 | AH40: 0 | AI40: 0 | AJ40: 0 | AK40: 0 | AL40: 0 | AM40: 0 | AN40: 0 | AO40: 0 | AP40: 0 | AQ40: 0 | AR40: 1 | AS40: 1 | AT40: 0 | AU40: 0 | AV40: 0 | AW40: 0 | AX40: =SUM(E40:AW40) -> 6
D41: JML | E41: =SUM(E39:E40) -> 0 | F41: =SUM(F39:F40) -> 0 | G41: =SUM(G39:G40) -> 0 | H41: =SUM(H39:H40) -> 0 | I41: =SUM(I39:I40) -> 0 | J41: =SUM(J39:J40) -> 0 | K41: =SUM(K39:K40) -> 0 | L41: =SUM(L39:L40) -> 0 | ... AW41: =SUM(AW39:AW40) -> 0 | AX41: =SUM(E41:AW41) -> 7
A43: IV | B43: DATA RINCIAN PEROLEHAN SUARA PASANGAN CALON BUPATI DAN WAKIL BUPATI
A44: NOMOR DAN NAMA CALON
A45: A.1 | B45: 1. | C45: Partai Kebangkitan Bangsa | AX45: =SUM(E45:AW45) -> 0
A46: A.2 | C46: 1. MUKHTAR NABALI MUFAUWIQ | AX46: =SUM(E46:AW46) -> 0
C47: 2. H. SUSIYANTO | AX47: =SUM(E47:AW47) -> 0
C48: 3. DUWI HASTRENI, S.H. | AX48: =SUM(E48:AW48) -> 0
C49: 4. MIFTAKHODIN | AX49: =SUM(E49:AW49) -> 0
C50: 5. SITI MUSTIKAH | AX50: =SUM(E50:AW50) -> 0
C51: 6. ABDUL GHOFUR | AX51: =SUM(E51:AW51) -> 0
C52: 7. ABDUL ROHMAN, S.Pd. | AX52: =SUM(E52:AW52) -> 0
AX53: =SUM(E53:AW53) -> 0
AX54: =SUM(E54:AW54) -> 0
A55: B | B55: JUMLAH SUARA SAH PARTAI POLITIK DAN CALON (A1 + A2) | E55: =SUM(E45:E54) -> 0 | F55: =SUM(F45:F54) -> 0 | G55: =SUM(G45:G54) -> 0 | H55: =SUM(H45:H54) -> 0 | I55: =SUM(I45:I54) -> 0 | J55: =SUM(J45:J54) -> 0 | K55: =SUM(K45:K54) -> 0 | L55: =SUM(L45:L54) -> 0 | ... AX55: =SUM(AX45:AX54) -> 0
A57: A.1 | B57: 2. | C57: Partai Gerakan Indonesia Raya | AX57: =SUM(E57:AW57) -> 0
A58: A.2 | C58: 1. Drs. H. SUPRAYOGIN | AX58: =SUM(E58:AW58) -> 0
C59: 2. MAHFUD SYAMSUL HADI | AX59: =SUM(E59:AW59) -> 0
C60: 3. NUR AINI | AX60: =SUM(E60:AW60) -> 0
C61: 4. ACHMAD ALI WAFFA | AX61: =SUM(E61:AW61) -> 0
C62: 5. SRI HARTATIK | AX62: =SUM(E62:AW62) -> 0
C63: 6. MAKIK SIHOMBING | AX63: =SUM(E63:AW63) -> 0
C64: 7. LIDYA OKTAVIANA | AX64: =SUM(E64:AW64) -> 0
AX65: =SUM(E65:AW65) -> 0
AX66: =SUM(E66:AW66) -> 0
A67: B | B67: JUMLAH SUARA SAH PARTAI POLITIK DAN CALON (A1 + A2) | E67: =SUM(E57:E66) -> 0 | F67: =SUM(F57:F66) -> 0 | G67: =SUM(G57:G66) -> 0 | H67: =SUM(H57:H66) -> 0 | I67: =SUM(I57:I66) -> 0 | J67: =SUM(J57:J66) -> 0 | K67: =SUM(K57:K66) -> 0 | L67: =SUM(L57:L66) -> 0 | ... AX67: =SUM(AX57:AX66) -> 0
A69: A.1 | B69: 3. | C69: Partai Demokrasi Indonesia Perjuangan | AX69: =SUM(E69:AW69) -> 0
A70: A.2 | C70: 1. PATEMO | AX70: =SUM(E70:AW70) -> 0
C71: 2. EKO HARIYONO | AX71: =SUM(E71:AW71) -> 0
C72: 3. SRI RUSMAWATI | AX72: =SUM(E72:AW72) -> 0
C73: 4. SUGIYANTO | AX73: =SUM(E73:AW73) -> 0
C74: 5. DHEA SARTIKA | AX74: =SUM(E74:AW74) -> 0
C75: 6. WIDIAWATI | AX75: =SUM(E75:AW75) -> 0
C76: 7. ARIF NUR CAHYO | AX76: =SUM(E76:AW76) -> 0
AX77: =SUM(E77:AW77) -> 0
AX78: =SUM(E78:AW78) -> 0
A79: B | B79: JUMLAH SUARA SAH PARTAI POLITIK DAN CALON (A1 + A2) | E79: =SUM(E69:E78) -> 0 | F79: =SUM(F69:F78) -> 0 | G79: =SUM(G69:G78) -> 0 | H79: =SUM(H69:H78) -> 0 | I79: =SUM(I69:I78) -> 0 | J79: =SUM(J69:J78) -> 0 | K79: =SUM(K69:K78) -> 0 | L79: =SUM(L69:L78) -> 0 | ... AX79: =SUM(AX69:AX78) -> 0
A81: A.1 | B81: 4. | C81: Partai Golongan Karya | AX81: =SUM(E81:AW81) -> 0
A82: A.2 | C82: 1. MOCHAMMAD ZAENUL ARIFIN, S.M. | AX82: =SUM(E82:AW82) -> 0
C83: 2. NANANG EDY SUPRIYONO | AX83: =SUM(E83:AW83) -> 0
C84: 3. SITI MUNAWAROH | AX84: =SUM(E84:AW84) -> 0
C85: 4. SINUNG TEGUH SANTOSO, S.H., M.H. | AX85: =SUM(E85:AW85) -> 0
C86: 5. Drs. ALI MUKHSIN | AX86: =SUM(E86:AW86) -> 0
C87: 6. JUMIA KAMSISKA | AX87: =SUM(E87:AW87) -> 0
C88: 7. Dra. DYAH PURWANINGSIH | AX88: =SUM(E88:AW88) -> 0
AX89: =SUM(E89:AW89) -> 0
AX90: =SUM(E90:AW90) -> 0
A91: B | B91: JUMLAH SUARA SAH PARTAI POLITIK DAN CALON (A1 + A2) | E91: =SUM(E81:E90) -> 0 | F91: =SUM(F81:F90) -> 0 | G91: =SUM(G81:G90) -> 0 | H91: =SUM(H81:H90) -> 0 | I91: =SUM(I81:I90) -> 0 | J91: =SUM(J81:J90) -> 0 | K91: =SUM(K81:K90) -> 0 | L91: =SUM(L81:L90) -> 0 | ... AX91: =SUM(AX81:AX90) -> 0
A93: A.1 | B93: 5. | C93: Partai NasDem | AX93: =SUM(E93:AW93) -> 0
A94: A.2 | C94: 1. AGUNG SETYO WIBOWO, S.E. | AX94: =SUM(E94:AW94) -> 0
C95: 2. M. AGHISTNI MAULANA S. | AX95: =SUM(E95:AW95) -> 0
C96: 3. MUJIATI | AX96: =SUM(E96:AW96) -> 0
C97: 4. MOH. ALI MAGHFUR, S.S., M.Si. | AX97: =SUM(E97:AW97) -> 0
C98: 5. NUR HIDAYAH, S.H. | AX98: =SUM(E98:AW98) -> 0
C99: 6. NUR FATMAWATI | AX99: =SUM(E99:AW99) -> 0
C100: 7. BAMBANG AGUS SANTOSO | AX100: =SUM(E100:AW100) -> 0
AX101: =SUM(E101:AW101) -> 0
AX102: =SUM(E102:AW102) -> 0
A103: B | B103: JUMLAH SUARA SAH PARTAI POLITIK DAN CALON (A1 + A2) | E103: =SUM(E93:E102) -> 0 | F103: =SUM(F93:F102) -> 0 | G103: =SUM(G93:G102) -> 0 | H103: =SUM(H93:H102) -> 0 | I103: =SUM(I93:I102) -> 0 | J103: =SUM(J93:J102) -> 0 | K103: =SUM(K93:K102) -> 0 | L103: =SUM(L93:L102) -> 0 | ... AX103: =SUM(AX93:AX102) -> 0
A105: A.1 | B105: 6. | C105: Partai Buruh | AX105: =SUM(E105:AW105) -> 0
A106: A.2 | C106: 1. YULIANTO | AX106: =SUM(E106:AW106) -> 0
AX107: =SUM(E107:AW107) -> 0
AX108: =SUM(E108:AW108) -> 0
AX109: =SUM(E109:AW109) -> 0
AX110: =SUM(E110:AW110) -> 0
AX111: =SUM(E111:AW111) -> 0
AX112: =SUM(E112:AW112) -> 0
AX113: =SUM(E113:AW113) -> 0
AX114: =SUM(E114:AW114) -> 0
A115: B | B115: JUMLAH SUARA SAH PARTAI POLITIK DAN CALON (A1 + A2) | E115: =SUM(E105:E114) -> 0 | F115: =SUM(F105:F114) -> 0 | G115: =SUM(G105:G114) -> 0 | H115: =SUM(H105:H114) -> 0 | I115: =SUM(I105:I114) -> 0 | J115: =SUM(J105:J114) -> 0 | K115: =SUM(K105:K114) -> 0 | L115: =SUM(L105:L114) -> 0 | ... AX115: =SUM(AX105:AX114) -> 0
A117: A.1 | B117: 7. | C117: Partai Gelombang Rakyat Indonesia | AX117: =SUM(E117:AW117) -> 0
...

Sheet BULUAGUNG
C2: Kecamatan | D2: SILIRAGUNG
C3: Kabupaten | D3: BANYUWANGI
C4: Provinsi | D4: JAWA TIMUR
C9: Kelurahan | D9: BULUAGUNG
A12: I | B12: DATA PEMILIH DAN PENGGUNAAN HAK PILIH | AC12: JUMLAH AKHIR
A13: A | B13: DATA PEMILIH | E13: TPS 001 | F13: TPS 002 | G13: TPS 003 | H13: TPS 004 | I13: TPS 005 | J13: TPS 006 | K13: TPS 007 | L13: TPS 008 | M13: TPS 009 | N13: TPS 010 | O13: TPS 011 | P13: TPS 012 | Q13: TPS 013 | R13: TPS 014 | S13: TPS 015 | T13: TPS 016 | U13: TPS 017 | V13: TPS 018 | W13: TPS 019 | X13: TPS 020 | Y13: TPS 021 | Z13: TPS 022 | AA13: TPS 023 | AB13: TPS 024
B14: Jumlah Pemilih dalam Daftar Pemilih Tetap (DPT) | D14: LK | E14: 136 | F14: 147 | G14: 138 | H14: 129 | I14: 138 | J14: 136 | K14: 136 | L14: 134 | M14: 130 | N14: 135 | O14: 134 | P14: 131 | Q14: 147 | R14: 140 | S14: 144 | T14: 140 | U14: 150 | V14: 143 | W14: 162 | X14: 149 | Y14: 145 | Z14: 141 | AA14: 143 | AB14: 118 | AC14: =SUM(E14:AB14) -> 3346
D15: PR | E15: 146 | F15: 143 | G15: 130 | H15: 130 | I15: 136 | J15: 126 | K15: 125 | L15: 135 | M15: 130 | N15: 137 | O15: 137 | P15: 132 | Q15: 146 | R15: 150 | S15: 143 | T15: 148 | U15: 142 | V15: 150 | W15: 134 | X15: 127 | Y15: 143 | Z15: 134 | AA15: 131 | AB15: 104 | AC15: =SUM(E15:AB15) -> 3259
D16: JML | E16: =SUM(E14:E15) -> 282 | F16: =SUM(F14:F15) -> 290 | G16: =SUM(G14:G15) -> 268 | H16: =SUM(H14:H15) -> 259 | I16: =SUM(I14:I15) -> 274 | J16: =SUM(J14:J15) -> 262 | K16: =SUM(K14:K15) -> 261 | L16: =SUM(L14:L15) -> 269 | ... AB16: =SUM(AB14:AB15) -> 222 | AC16: =SUM(E16:AB16) -> 6605
A18: B | B18: PENGGUNA HAK PILIH
B19: 1. | C19: Jumlah pengguna hak pilih dalam Daftar Pemilih Tetap (DPT) | D19: LK | E19: 106 | F19: 114 | G19: 103 | H19: 86 | I19: 102 | J19: 107 | K19: 96 | L19: 96 | M19: 95 | N19: 95 | O19: 104 | P19: 116 | Q19: 106 | R19: 105 | S19: 117 | T19: 105 | U19: 108 | V19: 107 | W19: 120 | X19: 112 | Y19: 106 | Z19: 105 | AA19: 117 | AB19: 76 | AC19: =SUM(E19:AB19) -> 2504
D20: PR | E20: 103 | F20: 108 | G20: 98 | H20: 115 | I20: 95 | J20: 95 | K20: 97 | L20: 110 | M20: 95 | N20: 108 | O20: 100 | P20: 112 | Q20: 118 | R20: 112 | S20: 114 | T20: 108 | U20: 117 | V20: 129 | W20: 106 | X20: 93 | Y20: 108 | Z20: 106 | AA20: 106 | AB20: 69 | AC20: =SUM(E20:AB20) -> 2522
D21: JML | E21: =SUM(E19:E20) -> 209 | F21: =SUM(F19:F20) -> 222 | G21: =SUM(G19:G20) -> 201 | H21: =SUM(H19:H20) -> 201 | I21: =SUM(I19:I20) -> 197 | J21: =SUM(J19:J20) -> 202 | K21: =SUM(K19:K20) -> 193 | L21: =SUM(L19:L20) -> 206 | ... AB21: =SUM(AB19:AB20) -> 145 | AC21: =SUM(E21:AB21) -> 5026
B22: 2. | C22: Jumlah pengguna hak pilih dalam Daftar Pemilih Tambahan (DPTb) | D22: LK | E22: 1 | F22: 0 | G22: 0 | H22: 1 | I22: 0 | J22: 0 | K22: 0 | L22: 0 | M22: 0 | N22: 1 | O22: 0 | P22: 0 | Q22: 0 | R22: 0 | S22: 0 | AC22: =SUM(E22:AB22) -> 3
D23: PR | E23: 0 | F23: 0 | G23: 0 | H23: 1 | I23: 0 | J23: 0 | K23: 0 | L23: 0 | M23: 0 | N23: 0 | O23: 0 | P23: 0 | Q23: 0 | R23: 0 | S23: 0 | AC23: =SUM(E23:AB23) -> 1
D24: JML | E24: =SUM(E22:E23) -> 1 | F24: =SUM(F22:F23) -> 0 | G24: =SUM(G22:G23) -> 0 | H24: =SUM(H22:H23) -> 2 | I24: =SUM(I22:I23) -> 0 | J24: =SUM(J22:J23) -> 0 | K24: =SUM(K22:K23) -> 0 | L24: =SUM(L22:L23) -> 0 | ... AB24: =SUM(AB22:AB23) -> 0 | AC24: =SUM(E24:AB24) -> 4
B25: 3. | C25: Jumlah pengguna hak pilih dalam Daftar Pemilih Khusus (DPK) | D25: LK | E25: 1 | F25: 0 | G25: 0 | H25: 1 | I25: 0 | J25: 1 | K25: 2 | L25: 3 | M25: 0 | N25: 0 | O25: 2 | P25: 1 | Q25: 4 | R25: 1 | S25: 0 | T25: 6 | U25: 2 | V25: 0 | W25: 1 | X25: 1 | Y25: 0 | Z25: 0 | AA25: 2 | AB25: 0 | AC25: =SUM(E25:AB25) -> 28
D26: PR | E26: 4 | F26: 1 | G26: 0 | H26: 0 | I26: 0 | J26: 4 | K26: 3 | L26: 1 | M26: 0 | N26: 2 | O26: 3 | P26: 1 | Q26: 4 | R26: 4 | S26: 0 | T26: 5 | U26: 3 | V26: 4 | W26: 0 | X26: 0 | Y26: 1 | Z26: 2 | AA26: 0 | AB26: 1 | AC26: =SUM(E26:AB26) -> 43
D27: JML | E27: =SUM(E25:E26) -> 5 | F27: =SUM(F25:F26) -> 1 | G27: =SUM(G25:G26) -> 0 | H27: =SUM(H25:H26) -> 1 | I27: =SUM(I25:I26) -> 0 | J27: =SUM(J25:J26) -> 5 | K27: =SUM(K25:K26) -> 5 | L27: =SUM(L25:L26) -> 4 | ... AB27: =SUM(AB25:AB26) -> 1 | AC27: =SUM(E27:AB27) -> 71
B28: 4. | C28: Jumlah Pengguna Hak Pilih (B.1+B.2+B.3) | D28: LK | E28: =SUM(E19,E22,E25) -> 108 | F28: =SUM(F19,F22,F25) -> 114 | G28: =SUM(G19,G22,G25) -> 103 | H28: =SUM(H19,H22,H25) -> 88 | I28: =SUM(I19,I22,I25) -> 102 | J28: =SUM(J19,J22,J25) -> 108 | K28: =SUM(K19,K22,K25) -> 98 | L28: =SUM(L19,L22,L25) -> 99 | ... AB28: =SUM(AB19,AB22,AB25) -> 76 | AC28: =SUM(E28:AB28) -> 2535
D29: PR | E29: =SUM(E20,E23,E26) -> 107 | F29: =SUM(F20,F23,F26) -> 109 | G29: =SUM(G20,G23,G26) -> 98 | H29: =SUM(H20,H23,H26) -> 116 | I29: =SUM(I20,I23,I26) -> 95 | J29: =SUM(J20,J23,J26) -> 99 | K29: =SUM(K20,K23,K26) -> 100 | L29: =SUM(L20,L23,L26) -> 111 | ... AB29: =SUM(AB20,AB23,AB26) -> 70 | AC29: =SUM(E29:AB29) -> 2566
D30: JML | E30: =SUM(E28:E29) -> 215 | F30: =SUM(F28:F29) -> 223 | G30: =SUM(G28:G29) -> 201 | H30: =SUM(H28:H29) -> 204 | I30: =SUM(I28:I29) -> 197 | J30: =SUM(J28:J29) -> 207 | K30: =SUM(K28:K29) -> 198 | L30: =SUM(L28:L29) -> 210 | ... AB30: =SUM(AB28:AB29) -> 146 | AC30: =SUM(E30:AB30) -> 5101
A32: II | B32: DATA PENGGUNAAN SURAT SUARA
A33: 1 | B33: Jumlah surat suara yang diterima, termasuk surat suara cadangan 2,5% dari DPT | E33: 289 | F33: 298 | G33: 274 | H33: 265 | I33: 280 | J33: 268 | K33: 263 | L33: 275 | M33: 266 | N33: 278 | O33: 277 | P33: 269 | Q33: 299 | R33: 296 | S33: 293 | T33: 294 | U33: 298 | V33: 299 | W33: 302 | X33: 282 | Y33: 294 | Z33: 281 | AA33: 280 | AB33: 227 | AC33: =SUM(E33:AB33) -> 6747
A34: 2 | B34: Jumlah surat suara yang digunakan | E34: 215 | F34: 223 | G34: 201 | H34: 204 | I34: 197 | J34: 207 | K34: 198 | L34: 210 | M34: 190 | N34: 206 | O34: 209 | P34: 230 | Q34: 232 | R34: 222 | S34: 231 | T34: 224 | U34: 230 | V34: 240 | W34: 227 | X34: 206 | Y34: 215 | Z34: 213 | AA34: 225 | AB34: 146 | AC34: =SUM(E34:AB34) -> 5101
A35: 3 | B35: Jumlah surat suara dikembalikan oleh pemilih (karena rusak atau keliru coblos) | E35: 0 | F35: 0 | G35: 0 | H35: 0 | I35: 0 | J35: 0 | K35: 0 | L35: 0 | M35: 0 | N35: 0 | O35: 1 | P35: 0 | Q35: 0 | R35: 1 | S35: 0 | T35: 7 | U35: 1 | V35: 0 | W35: 0 | X35: 0 | Y35: 0 | Z35: 0 | AA35: 0 | AB35: 0 | AC35: =SUM(E35:AB35) -> 10
A36: 4 | B36: Jumlah surat suara yang tidak digunakan/tidak terpakai, termasuk sisa surat suara cadangan | E36: =E33-(E34+E35) -> 74 | F36: =F33-(F34+F35) -> 75 | G36: =G33-(G34+G35) -> 73 | H36: =H33-(H34+H35) -> 61 | I36: =I33-(I34+I35) -> 83 | J36: =J33-(J34+J35) -> 61 | K36: =K33-(K34+K35) -> 65 | L36: =L33-(L34+L35) -> 65 | ... AB36: =AB33-(AB34+AB35) -> 81 | AC36: =SUM(E36:AB36) -> 1636
A38: III | B38: DATA PEMILIH DISABILITAS
B39: Jumlah seluruh Pemilih disabilitas yang menggunakan hak pilih | D39: LK | E39: 0 | F39: 0 | G39: 0 | H39: 1 | I39: 0 | J39: 0 | K39: 0 | L39: 0 | M39: 0 | N39: 0 | O39: 0 | P39: 0 | Q39: 0 | R39: 0 | S39: 0 | Y39: 1 | AC39: =SUM(E39:AB39) -> 2
D40: PR | E40: 1 | F40: 0 | G40: 2 | H40: 2 | I40: 0 | J40: 0 | K40: 0 | L40: 0 | M40: 0 | N40: 1 | O40: 0 | P40: 0 | Q40: 0 | R40: 0 | S40: 0 | Y40: 1 | AA40: 1 | AC40: =SUM(E40:AB40) -> 8
D41: JML | E41: =SUM(E39:E40) -> 1 | F41: =SUM(F39:F40) -> 0 | G41: =SUM(G39:G40) -> 2 | H41: =SUM(H39:H40) -> 3 | I41: =SUM(I39:I40) -> 0 | J41: =SUM(J39:J40) -> 0 | K41: =SUM(K39:K40) -> 0 | L41: =SUM(L39:L40) -> 0 | ... AB41: =SUM(AB39:AB40) -> 0 | AC41: =SUM(E41:AB41) -> 10
A43: IV | B43: DATA RINCIAN PEROLEHAN SUARA PASANGAN CALON BUPATI DAN WAKIL BUPATI
A44: NOMOR DAN NAMA CALON
A45: A.1 | B45: 1. | C45: Partai Kebangkitan Bangsa | E45: 8 | F45: 7 | G45: 9 | H45: 11 | I45: 12 | J45: 6 | K45: 4 | L45: 9 | M45: 9 | N45: 1 | O45: 7 | P45: 3 | Q45: 2 | R45: 1 | S45: 3 | T45: 8 | U45: 7 | V45: 13 | W45: 8 | X45: 0 | Y45: 6 | Z45: 0 | AA45: 1 | AB45: 2 | AC45: =SUM(E45:AB45) -> 137
A46: A.2 | C46: 1. MUKHTAR NABALI MUFAUWIQ | E46: 17 | F46: 21 | G46: 25 | H46: 27 | I46: 39 | J46: 22 | K46: 19 | L46: 23 | M46: 33 | N46: 16 | O46: 6 | P46: 8 | Q46: 6 | R46: 5 | S46: 4 | T46: 15 | U46: 35 | V46: 36 | W46: 14 | X46: 0 | Y46: 3 | Z46: 1 | AA46: 1 | AB46: 10 | AC46: =SUM(E46:AB46) -> 386
C47: 2. H. SUSIYANTO | E47: 0 | F47: 4 | G47: 0 | H47: 1 | I47: 1 | J47: 0 | K47: 1 | L47: 3 | M47: 2 | N47: 0 | O47: 0 | P47: 1 | Q47: 2 | R47: 1 | S47: 2 | T47: 2 | U47: 0 | V47: 3 | W47: 1 | X47: 1 | Y47: 1 | Z47: 0 | AA47: 3 | AB47: 0 | AC47: =SUM(E47:AB47) -> 29
C48: 3. DUWI HASTRENI, S.H. | E48: 1 | F48: 0 | G48: 1 | H48: 1 | I48: 1 | J48: 0 | K48: 0 | L48: 0 | M48: 0 | N48: 0 | O48: 1 | P48: 0 | Q48: 1 | R48: 0 | S48: 0 | T48: 0 | U48: 1 | V48: 8 | W48: 0 | X48: 0 | Y48: 0 | Z48: 0 | AA48: 0 | AB48: 1 | AC48: =SUM(E48:AB48) -> 16
C49: 4. MIFTAKHODIN | E49: 1 | F49: 0 | G49: 0 | H49: 0 | I49: 0 | J49: 0 | K49: 0 | L49: 1 | M49: 3 | N49: 0 | O49: 2 | P49: 0 | Q49: 0 | R49: 0 | S49: 0 | T49: 0 | U49: 0 | V49: 1 | W49: 1 | X49: 0 | Y49: 0 | Z49: 0 | AA49: 0 | AB49: 0 | AC49: =SUM(E49:AB49) -> 9
C50: 5. SITI MUSTIKAH | E50: 3 | F50: 1 | G50: 1 | H50: 2 | I50: 2 | J50: 0 | K50: 0 | L50: 2 | M50: 4 | N50: 0 | O50: 0 | P50: 1 | Q50: 0 | R50: 0 | S50: 0 | T50: 2 | U50: 0 | V50: 0 | W50: 0 | X50: 0 | Y50: 0 | Z50: 0 | AA50: 0 | AB50: 0 | AC50: =SUM(E50:AB50) -> 18
C51: 6. ABDUL GHOFUR | E51: 0 | F51: 0 | G51: 0 | H51: 0 | I51: 4 | J51: 0 | K51: 0 | L51: 1 | M51: 0 | N51: 0 | O51: 0 | P51: 0 | Q51: 0 | R51: 0 | S51: 0 | T51: 0 | U51: 0 | V51: 0 | W51: 0 | X51: 0 | Y51: 0 | Z51: 0 | AA51: 0 | AB51: 0 | AC51: =SUM(E51:AB51) -> 5
C52: 7. ABDUL ROHMAN, S.Pd. | E52: 3 | F52: 16 | G52: 4 | H52: 4 | I52: 11 | J52: 2 | K52: 8 | L52: 8 | M52: 5 | N52: 1 | O52: 8 | P52: 2 | Q52: 3 | R52: 0 | S52: 0 | T52: 3 | U52: 8 | V52: 3 | W52: 6 | X52: 0 | Y52: 0 | Z52: 0 | AA52: 0 | AB52: 0 | AC52: =SUM(E52:AB52) -> 95
AC53: =SUM(E53:AB53) -> 0
AC54: =SUM(E54:AB54) -> 0
A55: B | B55: JUMLAH SUARA SAH PARTAI POLITIK DAN CALON (A1 + A2) | E55: =SUM(E45:E54) -> 33 | F55: =SUM(F45:F54) -> 49 | G55: =SUM(G45:G54) -> 40 | H55: =SUM(H45:H54) -> 46 | I55: =SUM(I45:I54) -> 70 | J55: =SUM(J45:J54) -> 30 | K55: =SUM(K45:K54) -> 32 | L55: =SUM(L45:L54) -> 47 | ... AC55: =SUM(AC45:AC54) -> 695
A57: A.1 | B57: 2. | C57: Partai Gerakan Indonesia Raya | E57: 7 | F57: 5 | G57: 5 | H57: 3 | I57: 5 | J57: 5 | K57: 2 | L57: 5 | M57: 9 | N57: 3 | O57: 6 | P57: 7 | Q57: 7 | R57: 7 | S57: 5 | T57: 2 | U57: 4 | V57: 4 | W57: 10 | X57: 1 | Y57: 9 | Z57: 6 | AA57: 2 | AB57: 5 | AC57: =SUM(E57:AB57) -> 124
A58: A.2 | C58: 1. Drs. H. SUPRAYOGIN | E58: 0 | F58: 1 | G58: 1 | H58: 3 | I58: 0 | J58: 2 | K58: 1 | L58: 2 | M58: 2 | N58: 1 | O58: 2 | P58: 2 | Q58: 0 | R58: 2 | S58: 0 | T58: 0 | U58: 0 | V58: 0 | W58: 0 | X58: 1 | Y58: 2 | Z58: 1 | AA58: 3 | AB58: 0 | AC58: =SUM(E58:AB58) -> 26
C59: 2. MAHFUD SYAMSUL HADI | E59: 10 | F59: 8 | G59: 7 | H59: 7 | I59: 4 | J59: 1 | K59: 3 | L59: 9 | M59: 5 | N59: 4 | O59: 1 | P59: 1 | Q59: 2 | R59: 3 | S59: 2 | T59: 1 | U59: 5 | V59: 3 | W59: 20 | X59: 1 | Y59: 2 | Z59: 1 | AA59: 1 | AB59: 0 | AC59: =SUM(E59:AB59) -> 101
C60: 3. NUR AINI | E60: 20 | F60: 20 | G60: 14 | H60: 35 | I60: 32 | J60: 34 | K60: 25 | L60: 17 | M60: 4 | N60: 8 | O60: 12 | P60: 24 | Q60: 55 | R60: 28 | S60: 32 | T60: 13 | U60: 10 | V60: 8 | W60: 7 | X60: 3 | Y60: 1 | Z60: 7 | AA60: 0 | AB60: 1 | AC60: =SUM(E60:AB60) -> 410
C61: 4. ACHMAD ALI WAFFA | E61: 2 | F61: 3 | G61: 1 | H61: 2 | I61: 1 | J61: 1 | K61: 0 | L61: 8 | M61: 0 | N61: 0 | O61: 1 | P61: 0 | Q61: 1 | R61: 0 | S61: 0 | T61: 0 | U61: 1 | V61: 3 | W61: 1 | X61: 0 | Y61: 0 | Z61: 0 | AA61: 0 | AB61: 0 | AC61: =SUM(E61:AB61) -> 25
C62: 5. SRI HARTATIK | E62: 1 | F62: 1 | G62: 0 | H62: 1 | I62: 1 | J62: 0 | K62: 1 | L62: 0 | M62: 1 | N62: 0 | O62: 0 | P62: 0 | Q62: 1 | R62: 0 | S62: 0 | T62: 1 | U62: 0 | V62: 0 | W62: 0 | X62: 0 | Y62: 0 | Z62: 2 | AA62: 0 | AB62: 0 | AC62: =SUM(E62:AB62) -> 10
C63: 6. MAKIK SIHOMBING | E63: 0 | F63: 0 | G63: 0 | H63: 0 | I63: 0 | J63: 0 | K63: 0 | L63: 0 | M63: 0 | N63: 0 | O63: 0 | P63: 0 | Q63: 0 | R63: 0 | S63: 0 | T63: 1 | U63: 0 | V63: 0 | W63: 0 | X63: 0 | Y63: 0 | Z63: 0 | AA63: 0 | AB63: 0 | AC63: =SUM(E63:AB63) -> 1
C64: 7. LIDYA OKTAVIANA | E64: 1 | F64: 1 | G64: 0 | H64: 0 | I64: 0 | J64: 0 | K64: 0 | L64: 0 | M64: 0 | N64: 0 | O64: 0 | P64: 0 | Q64: 0 | R64: 0 | S64: 1 | T64: 0 | U64: 0 | V64: 0 | W64: 0 | X64: 0 | Y64: 0 | Z64: 0 | AA64: 0 | AB64: 0 | AC64: =SUM(E64:AB64) -> 3
AC65: =SUM(E65:AB65) -> 0
AC66: =SUM(E66:AB66) -> 0
A67: B | B67: JUMLAH SUARA SAH PARTAI POLITIK DAN CALON (A1 + A2) | E67: =SUM(E57:E66) -> 41 | F67: =SUM(F57:F66) -> 39 | G67: =SUM(G57:G66) -> 28 | H67: =SUM(H57:H66) -> 51 | I67: =SUM(I57:I66) -> 43 | J67: =SUM(J57:J66) -> 43 | K67: =SUM(K57:K66) -> 32 | L67: =SUM(L57:L66) -> 41 | ... AC67: =SUM(AC57:AC66) -> 700
A69: A.1 | B69: 3. | C69: Partai Demokrasi Indonesia Perjuangan | E69: 9 | F69: 10 | G69: 12 | H69: 6 | I69: 4 | J69: 5 | K69: 2 | L69: 2 | M69: 5 | N69: 1 | O69: 1 | P69: 6 | Q69: 28 | R69: 7 | S69: 10 | T69: 11 | U69: 6 | V69: 5 | W69: 3 | X69: 2 | Y69: 17 | Z69: 5 | AA69: 10 | AB69: 4 | AC69: =SUM(E69:AB69) -> 171
A70: A.2 | C70: 1. PATEMO | E70: 12 | F70: 7 | G70: 7 | H70: 0 | I70: 1 | J70: 5 | K70: 6 | L70: 8 | M70: 3 | N70: 2 | O70: 1 | P70: 11 | Q70: 50 | R70: 84 | S70: 34 | T70: 28 | U70: 24 | V70: 6 | W70: 4 | X70: 16 | Y70: 48 | Z70: 26 | AA70: 24 | AB70: 49 | AC70: =SUM(E70:AB70) -> 456
C71: 2. EKO HARIYONO | E71: 3 | F71: 1 | G71: 5 | H71: 2 | I71: 2 | J71: 5 | K71: 3 | L71: 1 | M71: 1 | N71: 1 | O71: 1 | P71: 0 | Q71: 1 | R71: 1 | S71: 0 | T71: 2 | U71: 0 | V71: 0 | W71: 0 | X71: 1 | Y71: 3 | Z71: 4 | AA71: 4 | AB71: 1 | AC71: =SUM(E71:AB71) -> 42
C72: 3. SRI RUSMAWATI | E72: 0 | F72: 1 | G72: 0 | H72: 2 | I72: 0 | J72: 1 | K72: 3 | L72: 1 | M72: 1 | N72: 0 | O72: 1 | P72: 0 | Q72: 0 | R72: 0 | S72: 0 | T72: 0 | U72: 2 | V72: 0 | W72: 1 | X72: 5 | Y72: 3 | Z72: 0 | AA72: 2 | AB72: 0 | AC72: =SUM(E72:AB72) -> 23
C73: 4. SUGIYANTO | E73: 0 | F73: 0 | G73: 1 | H73: 0 | I73: 1 | J73: 0 | K73: 0 | L73: 2 | M73: 0 | N73: 0 | O73: 0 | P73: 0 | Q73: 0 | R73: 0 | S73: 1 | T73: 1 | U73: 1 | V73: 0 | W73: 0 | X73: 0 | Y73: 0 | Z73: 0 | AA73: 3 | AB73: 0 | AC73: =SUM(E73:AB73) -> 10
C74: 5. DHEA SARTIKA | E74: 44 | F74: 9 | G74: 22 | H74: 21 | I74: 13 | J74: 22 | K74: 14 | L74: 8 | M74: 10 | N74: 20 | O74: 13 | P74: 9 | Q74: 14 | R74: 14 | S74: 22 | T74: 8 | U74: 2 | V74: 8 | W74: 13 | X74: 6 | Y74: 2 | Z74: 0 | AA74: 3 | AB74: 0 | AC74: =SUM(E74:AB74) -> 297
C75: 6. WIDIAWATI | E75: 0 | F75: 0 | G75: 2 | H75: 3 | I75: 0 | J75: 0 | K75: 3 | L75: 1 | M75: 1 | N75: 0 | O75: 0 | P75: 0 | Q75: 0 | R75: 0 | S75: 0 | T75: 0 | U75: 1 | V75: 0 | W75: 3 | X75: 21 | Y75: 15 | Z75: 33 | AA75: 15 | AB75: 0 | AC75: =SUM(E75:AB75) -> 98
C76: 7. ARIF NUR CAHYO | E76: 12 | F76: 28 | G76: 30 | H76: 23 | I76: 20 | J76: 44 | K76: 65 | L76: 11 | M76: 13 | N76: 44 | O76: 8 | P76: 26 | Q76: 29 | R76: 26 | S76: 47 | T76: 5 | U76: 16 | V76: 35 | W76: 8 | X76: 0 | Y76: 2 | Z76: 10 | AA76: 24 | AB76: 0 | AC76: =SUM(E76:AB76) -> 526
AC77: =SUM(E77:AB77) -> 0
AC78: =SUM(E78:AB78) -> 0
A79: B | B79: JUMLAH SUARA SAH PARTAI POLITIK DAN CALON (A1 + A2) | E79: =SUM(E69:E78) -> 80 | F79: =SUM(F69:F78) -> 56 | G79: =SUM(G69:G78) -> 79 | H79: =SUM(H69:H78) -> 57 | I79: =SUM(I69:I78) -> 41 | J79: =SUM(J69:J78) -> 82 | K79: =SUM(K69:K78) -> 96 | L79: =SUM(L69:L78) -> 34 | ... AC79: =SUM(AC69:AC78) -> 1623
A81: A.1 | B81: 4. | C81: Partai Golongan Karya | E81: 4 | F81: 4 | G81: 3 | H81: 2 | I81: 0 | J81: 2 | K81: 2 | L81: 3 | M81: 3 | N81: 0 | O81: 1 | P81: 1 | Q81: 2 | R81: 4 | S81: 2 | T81: 9 | U81: 2 | V81: 1 | W81: 3 | X81: 3 | Y81: 1 | Z81: 0 | AA81: 3 | AB81: 1 | AC81: =SUM(E81:AB81) -> 56
A82: A.2 | C82: 1. MOCHAMMAD ZAENUL ARIFIN, S.M. | E82: 5 | F82: 5 | G82: 7 | H82: 3 | I82: 1 | J82: 3 | K82: 0 | L82: 2 | M82: 1 | N82: 2 | O82: 2 | P82: 2 | Q82: 2 | R82: 0 | S82: 1 | T82: 1 | U82: 1 | V82: 1 | W82: 0 | X82: 4 | Y82: 6 | Z82: 3 | AA82: 16 | AB82: 2 | AC82: =SUM(E82:AB82) -> 70
C83: 2. NANANG EDY SUPRIYONO | E83: 1 | F83: 2 | G83: 0 | H83: 1 | I83: 1 | J83: 9 | K83: 6 | L83: 0 | M83: 5 | N83: 1 | O83: 0 | P83: 0 | Q83: 0 | R83: 3 | S83: 3 | T83: 27 | U83: 10 | V83: 3 | W83: 1 | X83: 1 | Y83: 0 | Z83: 1 | AA83: 2 | AB83: 0 | AC83: =SUM(E83:AB83) -> 77
C84: 3. SITI MUNAWAROH | E84: 1 | F84: 0 | G84: 0 | H84: 0 | I84: 0 | J84: 0 | K84: 0 | L84: 0 | M84: 0 | N84: 0 | O84: 0 | P84: 0 | Q84: 0 | R84: 0 | S84: 0 | T84: 2 | U84: 1 | V84: 0 | W84: 0 | X84: 0 | Y84: 0 | Z84: 0 | AA84: 0 | AB84: 0 | AC84: =SUM(E84:AB84) -> 4
C85: 4. SINUNG TEGUH SANTOSO, S.H., M.H. | E85: 2 | F85: 3 | G85: 0 | H85: 0 | I85: 0 | J85: 4 | K85: 0 | L85: 3 | M85: 10 | N85: 2 | O85: 2 | P85: 1 | Q85: 1 | R85: 1 | S85: 0 | T85: 1 | U85: 0 | V85: 0 | W85: 0 | X85: 1 | Y85: 0 | Z85: 1 | AA85: 0 | AB85: 1 | AC85: =SUM(E85:AB85) -> 33
C86: 5. Drs. ALI MUKHSIN | E86: 0 | F86: 0 | G86: 0 | H86: 2 | I86: 0 | J86: 0 | K86: 0 | L86: 1 | M86: 0 | N86: 0 | O86: 1 | P86: 0 | Q86: 0 | R86: 0 | S86: 0 | T86: 0 | U86: 0 | V86: 1 | W86: 1 | X86: 0 | Y86: 0 | Z86: 0 | AA86: 1 | AB86: 0 | AC86: =SUM(E86:AB86) -> 7
C87: 6. JUMIA KAMSISKA | E87: 0 | F87: 5 | G87: 1 | H87: 0 | I87: 0 | J87: 0 | K87: 0 | L87: 0 | M87: 0 | N87: 0 | O87: 0 | P87: 0 | Q87: 0 | R87: 0 | S87: 0 | T87: 0 | U87: 0 | V87: 0 | W87: 0 | X87: 0 | Y87: 0 | Z87: 0 | AA87: 0 | AB87: 0 | AC87: =SUM(E87:AB87) -> 6
C88: 7. Dra. DYAH PURWANINGSIH | E88: 0 | F88: 0 | G88: 0 | H88: 0 | I88: 0 | J88: 0 | K88: 0 | L88: 0 | M88: 0 | N88: 0 | O88: 0 | P88: 0 | Q88: 0 | R88: 0 | S88: 0 | T88: 0 | U88: 0 | V88: 0 | W88: 1 | X88: 0 | Y88: 0 | Z88: 0 | AA88: 0 | AB88: 0 | AC88: =SUM(E88:AB88) -> 1
AC89: =SUM(E89:AB89) -> 0
AC90: =SUM(E90:AB90) -> 0
A91: B | B91: JUMLAH SUARA SAH PARTAI POLITIK DAN CALON (A1 + A2) | E91: =SUM(E81:E90) -> 13 | F91: =SUM(F81:F90) -> 19 | G91: =SUM(G81:G90) -> 11 | H91: =SUM(H81:H90) -> 8 | I91: =SUM(I81:I90) -> 2 | J91: =SUM(J81:J90) -> 18 | K91: =SUM(K81:K90) -> 8 | L91: =SUM(L81:L90) -> 9 | ... AC91: =SUM(AC81:AC90) -> 254
A93: A.1 | B93: 5. | C93: Partai NasDem | E93: 0 | F93: 0 | G93: 1 | H93: 2 | I93: 2 | J93: 1 | K93: 1 | L93: 3 | M93: 3 | N93: 1 | O93: 2 | P93: 1 | Q93: 0 | R93: 1 | S93: 5 | T93: 4 | U93: 1 | V93: 4 | W93: 7 | X93: 0 | Y93: 0 | Z93: 2 | AA93: 1 | AB93: 0 | AC93: =SUM(E93:AB93) -> 42
A94: A.2 | C94: 1. AGUNG SETYO WIBOWO, S.E. | E94: 6 | F94: 4 | G94: 3 | H94: 4 | I94: 0 | J94: 3 | K94: 0 | L94: 23 | M94: 21 | N94: 21 | O94: 30 | P94: 9 | Q94: 6 | R94: 4 | S94: 14 | T94: 11 | U94: 9 | V94: 27 | W94: 21 | X94: 3 | Y94: 6 | Z94: 5 | AA94: 15 | AB94: 14 | AC94: =SUM(E94:AB94) -> 259
C95: 2. M. AGHISTNI MAULANA S. | E95: 2 | F95: 1 | G95: 0 | H95: 0 | I95: 2 | J95: 0 | K95: 0 | L95: 2 | M95: 1 | N95: 0 | O95: 2 | P95: 4 | Q95: 1 | R95: 2 | S95: 14 | T95: 2 | U95: 1 | V95: 0 | W95: 3 | X95: 1 | Y95: 0 | Z95: 0 | AA95: 0 | AB95: 1 | AC95: =SUM(E95:AB95) -> 39
C96: 3. MUJIATI | E96: 1 | F96: 1 | G96: 0 | H96: 0 | I96: 0 | J96: 0 | K96: 0 | L96: 1 | M96: 1 | N96: 0 | O96: 0 | P96: 0 | Q96: 1 | R96: 0 | S96: 0 | T96: 0 | U96: 0 | V96: 0 | W96: 0 | X96: 1 | Y96: 0 | Z96: 0 | AA96: 0 | AB96: 0 | AC96: =SUM(E96:AB96) -> 6
C97: 4. MOH. ALI MAGHFUR, S.S., M.Si. | E97: 1 | F97: 1 | G97: 1 | H97: 1 | I97: 2 | J97: 6 | K97: 0 | L97: 0 | M97: 0 | N97: 0 | O97: 0 | P97: 0 | Q97: 0 | R97: 0 | S97: 0 | T97: 0 | U97: 0 | V97: 0 | W97: 0 | X97: 0 | Y97: 0 | Z97: 0 | AA97: 0 | AB97: 0 | AC97: =SUM(E97:AB97) -> 12
C98: 5. NUR HIDAYAH, S.H. | E98: 4 | F98: 1 | G98: 3 | H98: 1 | I98: 0 | J98: 0 | K98: 6 | L98: 4 | M98: 0 | N98: 3 | O98: 1 | P98: 0 | Q98: 0 | R98: 6 | S98: 2 | T98: 0 | U98: 1 | V98: 2 | W98: 0 | X98: 0 | Y98: 0 | Z98: 0 | AA98: 0 | AB98: 0 | AC98: =SUM(E98:AB98) -> 34
C99: 6. NUR FATMAWATI | E99: 0 | F99: 0 | G99: 0 | H99: 0 | I99: 0 | J99: 0 | K99: 0 | L99: 0 | M99: 0 | N99: 0 | O99: 0 | P99: 0 | Q99: 0 | R99: 0 | S99: 0 | T99: 0 | U99: 0 | V99: 0 | W99: 0 | X99: 0 | Y99: 0 | Z99: 0 | AA99: 0 | AB99: 0 | AC99: =SUM(E99:AB99) -> 0
C100: 7. BAMBANG AGUS SANTOSO | E100: 0 | F100: 0 | G100: 0 | H100: 0 | I100: 0 | J100: 0 | K100: 0 | L100: 0 | M100: 0 | N100: 0 | O100: 0 | P100: 0 | Q100: 0 | R100: 0 | S100: 0 | T100: 0 | U100: 0 | V100: 0 | W100: 0 | X100: 0 | Y100: 0 | Z100: 1 | AA100: 0 | AB100: 0 | AC100: =SUM(E100:AB100) -> 1
AC101: =SUM(E101:AB101) -> 0
AC102: =SUM(E102:AB102) -> 0
A103: B | B103: JUMLAH SUARA SAH PARTAI POLITIK DAN CALON (A1 + A2) | E103: =SUM(E93:E102) -> 14 | F103: =SUM(F93:F102) -> 8 | G103: =SUM(G93:G102) -> 8 | H103: =SUM(H93:H102) -> 8 | I103: =SUM(I93:I102) -> 6 | J103: =SUM(J93:J102) -> 10 | K103: =SUM(K93:K102) -> 7 | L103: =SUM(L93:L102) -> 33 | ... AC103: =SUM(AC93:AC102) -> 393
A105: A.1 | B105: 6. | C105: Partai Buruh | E105: 0 | F105: 0 | G105: 0 | H105: 0 | I105: 1 | J105: 0 | K105: 0 | L105: 1 | M105: 0 | N105: 0 | O105: 0 | P105: 0 | Q105: 0 | R105: 0 | S105: 0 | T105: 0 | U105: 1 | V105: 0 | W105: 0 | X105: 0 | Y105: 1 | Z105: 3 | AA105: 1 | AB105: 0 | AC105: =SUM(E105:AB105) -> 8
A106: A.2 | C106: 1. YULIANTO | E106: 0 | F106: 0 | G106: 0 | H106: 0 | I106: 0 | J106: 0 | K106: 0 | L106: 0 | M106: 0 | N106: 0 | O106: 0 | P106: 0 | Q106: 0 | R106: 0 | S106: 0 | T106: 0 | U106: 1 | V106: 0 | W106: 0 | X106: 0 | Y106: 0 | Z106: 2 | AA106: 0 | AB106: 0 | AC106: =SUM(E106:AB106) -> 3
AC107: =SUM(E107:AB107) -> 0
AC108: =SUM(E108:AB108) -> 0
AC109: =SUM(E109:AB109) -> 0
AC110: =SUM(E110:AB110) -> 0
AC111: =SUM(E111:AB111) -> 0
AC112: =SUM(E112:AB112) -> 0
AC113: =SUM(E113:AB113) -> 0
AC114: =SUM(E114:AB114) -> 0
A115: B | B115: JUMLAH SUARA SAH PARTAI POLITIK DAN CALON (A1 + A2) | E115: =SUM(E105:E114) -> 0 | F115: =SUM(F105:F114) -> 0 | G115: =SUM(G105:G114) -> 0 | H115: =SUM(H105:H114) -> 0 | I115: =SUM(I105:I114) -> 1 | J115: =SUM(J105:J114) -> 0 | K115: =SUM(K105:K114) -> 0 | L115: =SUM(L105:L114) -> 1 | ... AC115: =SUM(AC105:AC114) -> 11
A117: A.1 | B117: 7. | C117: Partai Gelombang Rakyat Indonesia | E117: 0 | F117: 0 | G117: 2 | H117: 0 | I117: 0 | J117: 5 | K117: 1 | L117: 0 | M117: 0 | N117: 1 | O117: 1 | P117: 2 | Q117: 1 | R117: 3 | S117: 4 | T117: 2 | U117: 1 | V117: 2 | W117: 0 | X117: 0 | Y117: 1 | Z117: 1 | AA117: 2 | AC117: =SUM(E117:AB117) -> 29
...

Sheet KESILIR
C2: Kecamatan | D2: SILIRAGUNG
C3: Kabupaten | D3: BANYUWANGI
C4: Provinsi | D4: JAWA TIMUR
C9: Kelurahan | D9: KESILIR
A12: I | B12: DATA PEMILIH DAN PENGGUNAAN HAK PILIH | AJ12: JUMLAH AKHIR
A13: A | B13: DATA PEMILIH | E13: TPS 001 | F13: TPS 002 | G13: TPS 003 | H13: TPS 004 | I13: TPS 005 | J13: TPS 006 | K13: TPS 007 | L13: TPS 008 | M13: TPS 009 | N13: TPS 010 | O13: TPS 011 | P13: TPS 012 | Q13: TPS 013 | R13: TPS 014 | S13: TPS 015 | T13: TPS 016 | U13: TPS 017 | V13: TPS 018 | W13: TPS 019 | X13: TPS 020 | Y13: TPS 021 | Z13: TPS 022 | AA13: TPS 023 | AB13: TPS 024 | AC13: TPS 025 | AD13: TPS 026 | AE13: TPS 027 | AF13: TPS 028 | AG13: TPS 029 | AH13: TPS 030 | AI13: TPS 031
B14: Jumlah Pemilih dalam Daftar Pemilih Tetap (DPT) | D14: LK | E14: 136 | F14: 134 | G14: 138 | H14: 149 | I14: 111 | J14: 124 | K14: 130 | L14: 121 | M14: 121 | N14: 142 | O14: 141 | P14: 134 | Q14: 120 | R14: 141 | S14: 131 | T14: 123 | U14: 125 | V14: 131 | W14: 132 | X14: 127 | Y14: 142 | Z14: 122 | AA14: 134 | AB14: 125 | AC14: 128 | AD14: 136 | AE14: 135 | AF14: 115 | AG14: 126 | AH14: 141 | AI14: 132 | AJ14: =SUM(E14:AI14) -> 4047
D15: PR | E15: 114 | F15: 111 | G15: 135 | H15: 138 | I15: 123 | J15: 131 | K15: 131 | L15: 118 | M15: 127 | N15: 126 | O15: 131 | P15: 149 | Q15: 111 | R15: 124 | S15: 130 | T15: 117 | U15: 130 | V15: 121 | W15: 122 | X15: 116 | Y15: 119 | Z15: 128 | AA15: 142 | AB15: 128 | AC15: 130 | AD15: 140 | AE15: 123 | AF15: 127 | AG15: 142 | AH15: 128 | AI15: 133 | AJ15: =SUM(E15:AI15) -> 3945
D16: JML | E16: =SUM(E14:E15) -> 250 | F16: =SUM(F14:F15) -> 245 | G16: =SUM(G14:G15) -> 273 | H16: =SUM(H14:H15) -> 287 | I16: =SUM(I14:I15) -> 234 | J16: =SUM(J14:J15) -> 255 | K16: =SUM(K14:K15) -> 261 | L16: =SUM(L14:L15) -> 239 | ... AI16: =SUM(AI14:AI15) -> 265 | AJ16: =SUM(E16:AI16) -> 7992
A18: B | B18: PENGGUNA HAK PILIH
B19: 1. | C19: Jumlah pengguna hak pilih dalam Daftar Pemilih Tetap (DPT) | D19: LK | E19: 108 | F19: 107 | G19: 111 | H19: 110 | I19: 91 | J19: 99 | K19: 109 | L19: 92 | M19: 102 | N19: 116 | O19: 107 | P19: 110 | Q19: 108 | R19: 108 | S19: 95 | T19: 93 | U19: 105 | V19: 96 | W19: 98 | X19: 98 | Y19: 108 | Z19: 98 | AA19: 111 | AB19: 94 | AC19: 110 | AD19: 101 | AE19: 115 | AF19: 102 | AG19: 108 | AH19: 115 | AI19: 110 | AJ19: =SUM(E19:AI19) -> 3235
D20: PR | E20: 94 | F20: 96 | G20: 111 | H20: 113 | I20: 100 | J20: 103 | K20: 112 | L20: 94 | M20: 93 | N20: 104 | O20: 105 | P20: 119 | Q20: 91 | R20: 103 | S20: 100 | T20: 95 | U20: 116 | V20: 101 | W20: 91 | X20: 92 | Y20: 108 | Z20: 111 | AA20: 114 | AB20: 90 | AC20: 109 | AD20: 105 | AE20: 101 | AF20: 111 | AG20: 116 | AH20: 102 | AI20: 112 | AJ20: =SUM(E20:AI20) -> 3212
D21: JML | E21: =SUM(E19:E20) -> 202 | F21: =SUM(F19:F20) -> 203 | G21: =SUM(G19:G20) -> 222 | H21: =SUM(H19:H20) -> 223 | I21: =SUM(I19:I20) -> 191 | J21: =SUM(J19:J20) -> 202 | K21: =SUM(K19:K20) -> 221 | L21: =SUM(L19:L20) -> 186 | ... AI21: =SUM(AI19:AI20) -> 222 | AJ21: =SUM(E21:AI21) -> 6447
B22: 2. | C22: Jumlah pengguna hak pilih dalam Daftar Pemilih Tambahan (DPTb) | D22: LK | E22: 0 | F22: 0 | G22: 0 | H22: 0 | I22: 0 | J22: 0 | K22: 0 | L22: 0 | M22: 0 | N22: 0 | O22: 0 | P22: 0 | Q22: 0 | R22: 0 | S22: 0 | T22: 0 | U22: 0 | V22: 0 | W22: 0 | X22: 0 | Y22: 0 | Z22: 1 | AA22: 0 | AB22: 0 | AC22: 0 | AD22: 0 | AE22: 0 | AF22: 0 | AG22: 0 | AH22: 0 | AJ22: =SUM(E22:AI22) -> 1
D23: PR | E23: 0 | F23: 0 | G23: 0 | H23: 0 | I23: 0 | J23: 0 | K23: 0 | L23: 0 | M23: 0 | N23: 0 | O23: 0 | P23: 0 | Q23: 0 | R23: 0 | S23: 0 | T23: 0 | U23: 0 | V23: 0 | W23: 0 | X23: 0 | Y23: 0 | Z23: 0 | AA23: 0 | AB23: 0 | AC23: 0 | AD23: 0 | AE23: 0 | AF23: 0 | AG23: 0 | AH23: 0 | AJ23: =SUM(E23:AI23) -> 0
D24: JML | E24: =SUM(E22:E23) -> 0 | F24: =SUM(F22:F23) -> 0 | G24: =SUM(G22:G23) -> 0 | H24: =SUM(H22:H23) -> 0 | I24: =SUM(I22:I23) -> 0 | J24: =SUM(J22:J23) -> 0 | K24: =SUM(K22:K23) -> 0 | L24: =SUM(L22:L23) -> 0 | ... AI24: =SUM(AI22:AI23) -> 0 | AJ24: =SUM(E24:AI24) -> 1
B25: 3. | C25: Jumlah pengguna hak pilih dalam Daftar Pemilih Khusus (DPK) | D25: LK | E25: 4 | F25: 3 | G25: 3 | H25: 1 | I25: 0 | J25: 6 | K25: 3 | L25: 3 | M25: 3 | N25: 0 | O25: 1 | P25: 0 | Q25: 0 | R25: 1 | S25: 6 | T25: 3 | U25: 1 | V25: 4 | W25: 6 | X25: 4 | Y25: 3 | Z25: 1 | AA25: 4 | AB25: 3 | AC25: 0 | AD25: 0 | AE25: 4 | AF25: 0 | AG25: 2 | AH25: 5 | AI25: 1 | AJ25: =SUM(E25:AI25) -> 75
D26: PR | E26: 5 | F26: 6 | G26: 4 | H26: 2 | I26: 0 | J26: 7 | K26: 5 | L26: 6 | M26: 5 | N26: 1 | O26: 1 | P26: 3 | Q26: 0 | R26: 1 | S26: 11 | T26: 6 | U26: 1 | V26: 3 | W26: 8 | X26: 2 | Y26: 4 | Z26: 1 | AA26: 3 | AB26: 2 | AC26: 0 | AD26: 1 | AE26: 3 | AF26: 0 | AG26: 1 | AH26: 5 | AI26: 4 | AJ26: =SUM(E26:AI26) -> 101
D27: JML | E27: =SUM(E25:E26) -> 9 | F27: =SUM(F25:F26) -> 9 | G27: =SUM(G25:G26) -> 7 | H27: =SUM(H25:H26) -> 3 | I27: =SUM(I25:I26) -> 0 | J27: =SUM(J25:J26) -> 13 | K27: =SUM(K25:K26) -> 8 | L27: =SUM(L25:L26) -> 9 | ... AI27: =SUM(AI25:AI26) -> 5 | AJ27: =SUM(E27:AI27) -> 176
B28: 4. | C28: Jumlah Pengguna Hak Pilih (B.1+B.2+B.3) | D28: LK | E28: =SUM(E19,E22,E25) -> 112 | F28: =SUM(F19,F22,F25) -> 110 | G28: =SUM(G19,G22,G25) -> 114 | H28: =SUM(H19,H22,H25) -> 111 | I28: =SUM(I19,I22,I25) -> 91 | J28: =SUM(J19,J22,J25) -> 105 | K28: =SUM(K19,K22,K25) -> 112 | L28: =SUM(L19,L22,L25) -> 95 | ... AI28: =SUM(AI19,AI22,AI25) -> 111 | AJ28: =SUM(E28:AI28) -> 3311
D29: PR | E29: =SUM(E20,E23,E26) -> 99 | F29: =SUM(F20,F23,F26) -> 102 | G29: =SUM(G20,G23,G26) -> 115 | H29: =SUM(H20,H23,H26) -> 115 | I29: =SUM(I20,I23,I26) -> 100 | J29: =SUM(J20,J23,J26) -> 110 | K29: =SUM(K20,K23,K26) -> 117 | L29: =SUM(L20,L23,L26) -> 100 | ... AI29: =SUM(AI20,AI23,AI26) -> 116 | AJ29: =SUM(E29:AI29) -> 3313
D30: JML | E30: =SUM(E28:E29) -> 211 | F30: =SUM(F28:F29) -> 212 | G30: =SUM(G28:G29) -> 229 | H30: =SUM(H28:H29) -> 226 | I30: =SUM(I28:I29) -> 191 | J30: =SUM(J28:J29) -> 215 | K30: =SUM(K28:K29) -> 229 | L30: =SUM(L28:L29) -> 195 | ... AI30: =SUM(AI28:AI29) -> 227 | AJ30: =SUM(E30:AI30) -> 6624
A32: II | B32: DATA PENGGUNAAN SURAT SUARA
A33: 1 | B33: Jumlah surat suara yang diterima, termasuk surat suara cadangan 2,5% dari DPT | E33: 255 | F33: 250 | G33: 279 | H33: 292 | I33: 239 | J33: 261 | K33: 267 | L33: 244 | M33: 253 | N33: 274 | O33: 278 | P33: 289 | Q33: 236 | R33: 273 | S33: 267 | T33: 245 | U33: 261 | V33: 258 | W33: 260 | X33: 248 | Y33: 267 | Z33: 255 | AA33: 282 | AB33: 259 | AC33: 264 | AD33: 282 | AE33: 274 | AF33: 246 | AG33: 273 | AH33: 275 | AI33: 271 | AJ33: =SUM(E33:AI33) -> 8177
A34: 2 | B34: Jumlah surat suara yang digunakan | E34: 211 | F34: 212 | G34: 229 | H34: 226 | I34: 191 | J34: 215 | K34: 229 | L34: 195 | M34: 203 | N34: 221 | O34: 214 | P34: 232 | Q34: 199 | R34: 213 | S34: 212 | T34: 197 | U34: 223 | V34: 204 | W34: 203 | X34: 196 | Y34: 223 | Z34: 212 | AA34: 232 | AB34: 189 | AC34: 219 | AD34: 207 | AE34: 223 | AF34: 213 | AG34: 227 | AH34: 227 | AI34: 227 | AJ34: =SUM(E34:AI34) -> 6624
A35: 3 | B35: Jumlah surat suara dikembalikan oleh pemilih (karena rusak atau keliru coblos) | E35: 3 | F35: 0 | G35: 0 | H35: 0 | I35: 0 | J35: 0 | K35: 0 | L35: 0 | M35: 0 | N35: 0 | O35: 0 | P35: 0 | Q35: 0 | R35: 0 | S35: 0 | T35: 0 | U35: 0 | V35: 0 | W35: 0 | X35: 0 | Y35: 0 | Z35: 0 | AA35: 0 | AB35: 0 | AC35: 0 | AD35: 0 | AE35: 0 | AF35: 0 | AG35: 1 | AH35: 0 | AI35: 2 | AJ35: =SUM(E35:AI35) -> 6
A36: 4 | B36: Jumlah surat suara yang tidak digunakan/tidak terpakai, termasuk sisa surat suara cadangan | E36: =E33-(E34+E35) -> 41 | F36: =F33-(F34+F35) -> 38 | G36: =G33-(G34+G35) -> 50 | H36: =H33-(H34+H35) -> 66 | I36: =I33-(I34+I35) -> 48 | J36: =J33-(J34+J35) -> 46 | K36: =K33-(K34+K35) -> 38 | L36: =L33-(L34+L35) -> 49 | ... AI36: =AI33-(AI34+AI35) -> 42 | AJ36: =SUM(E36:AI36) -> 1547
A38: III | B38: DATA PEMILIH DISABILITAS
B39: Jumlah seluruh Pemilih disabilitas yang menggunakan hak pilih | D39: LK | E39: 0 | F39: 0 | G39: 0 | H39: 0 | I39: 0 | J39: 0 | K39: 0 | L39: 1 | M39: 0 | N39: 2 | O39: 0 | P39: 0 | Q39: 0 | R39: 0 | S39: 0 | T39: 0 | U39: 0 | V39: 0 | W39: 0 | X39: 1 | Y39: 0 | Z39: 0 | AA39: 0 | AB39: 0 | AC39: 0 | AD39: 0 | AE39: 0 | AF39: 0 | AG39: 0 | AH39: 0 | AJ39: =SUM(E39:AI39) -> 4
D40: PR | E40: 0 | F40: 0 | G40: 0 | H40: 0 | I40: 0 | J40: 0 | K40: 0 | L40: 0 | M40: 0 | N40: 0 | O40: 0 | P40: 0 | Q40: 0 | R40: 0 | S40: 0 | T40: 0 | U40: 0 | V40: 0 | W40: 0 | X40: 0 | Y40: 0 | Z40: 0 | AA40: 0 | AB40: 0 | AC40: 0 | AD40: 0 | AE40: 0 | AF40: 0 | AG40: 0 | AH40: 0 | AJ40: =SUM(E40:AI40) -> 0
D41: JML | E41: =SUM(E39:E40) -> 0 | F41: =SUM(F39:F40) -> 0 | G41: =SUM(G39:G40) -> 0 | H41: =SUM(H39:H40) -> 0 | I41: =SUM(I39:I40) -> 0 | J41: =SUM(J39:J40) -> 0 | K41: =SUM(K39:K40) -> 0 | L41: =SUM(L39:L40) -> 1 | ... AI41: =SUM(AI39:AI40) -> 0 | AJ41: =SUM(E41:AI41) -> 4
A43: IV | B43: DATA RINCIAN PEROLEHAN SUARA PASANGAN CALON BUPATI DAN WAKIL BUPATI
A44: NOMOR DAN NAMA CALON
A45: A.1 | B45: 1. | C45: Partai Kebangkitan Bangsa | E45: 1 | F45: 4 | G45: 2 | H45: 4 | I45: 6 | J45: 3 | K45: 6 | L45: 4 | M45: 4 | N45: 3 | O45: 6 | P45: 5 | Q45: 2 | R45: 3 | S45: 4 | T45: 3 | U45: 7 | V45: 12 | W45: 4 | X45: 3 | Y45: 5 | Z45: 7 | AA45: 1 | AB45: 5 | AC45: 5 | AD45: 0 | AE45: 3 | AF45: 2 | AG45: 3 | AH45: 6 | AI45: 6 | AJ45: =SUM(E45:AI45) -> 129
A46: A.2 | C46: 1. MUKHTAR NABALI MUFAUWIQ | E46: 2 | F46: 1 | G46: 4 | H46: 3 | I46: 15 | J46: 8 | K46: 26 | L46: 10 | M46: 20 | N46: 18 | O46: 9 | P46: 10 | Q46: 1 | R46: 8 | S46: 10 | T46: 12 | U46: 18 | V46: 16 | W46: 11 | X46: 2 | Y46: 15 | Z46: 23 | AA46: 6 | AB46: 4 | AC46: 21 | AD46: 2 | AE46: 8 | AF46: 2 | AG46: 7 | AH46: 2 | AI46: 4 | AJ46: =SUM(E46:AI46) -> 298
C47: 2. H. SUSIYANTO | E47: 0 | F47: 1 | G47: 4 | H47: 2 | I47: 0 | J47: 0 | K47: 0 | L47: 0 | M47: 0 | N47: 0 | O47: 2 | P47: 1 | Q47: 0 | R47: 2 | T47: 1 | U47: 1 | V47: 0 | W47: 1 | X47: 0 | Y47: 0 | Z47: 1 | AA47: 2 | AB47: 0 | AC47: 1 | AD47: 0 | AE47: 1 | AF47: 1 | AG47: 0 | AH47: 0 | AI47: 0 | AJ47: =SUM(E47:AI47) -> 21
C48: 3. DUWI HASTRENI, S.H. | E48: 0 | F48: 1 | G48: 0 | H48: 0 | I48: 0 | J48: 0 | K48: 1 | L48: 0 | M48: 0 | N48: 0 | O48: 0 | P48: 0 | Q48: 0 | R48: 0 | T48: 0 | U48: 0 | V48: 0 | W48: 3 | X48: 1 | Y48: 0 | Z48: 0 | AA48: 2 | AB48: 1 | AC48: 0 | AD48: 1 | AE48: 0 | AF48: 2 | AG48: 1 | AH48: 0 | AI48: 0 | AJ48: =SUM(E48:AI48) -> 13
C49: 4. MIFTAKHODIN | E49: 0 | F49: 1 | G49: 0 | H49: 1 | I49: 1 | J49: 0 | K49: 2 | L49: 0 | M49: 0 | N49: 0 | O49: 0 | P49: 3 | Q49: 0 | R49: 0 | T49: 0 | U49: 0 | V49: 0 | W49: 0 | X49: 0 | Y49: 0 | Z49: 0 | AA49: 0 | AB49: 0 | AC49: 0 | AD49: 0 | AE49: 1 | AF49: 0 | AG49: 2 | AH49: 1 | AI49: 2 | AJ49: =SUM(E49:AI49) -> 14
C50: 5. SITI MUSTIKAH | E50: 0 | F50: 0 | G50: 0 | H50: 0 | I50: 0 | J50: 0 | K50: 1 | L50: 0 | M50: 0 | N50: 2 | O50: 0 | P50: 0 | Q50: 0 | R50: 0 | S50: 1 | T50: 1 | U50: 1 | V50: 1 | W50: 0 | X50: 0 | Y50: 1 | Z50: 0 | AA50: 1 | AB50: 0 | AC50: 1 | AD50: 0 | AE50: 1 | AF50: 0 | AG50: 2 | AH50: 2 | AI50: 0 | AJ50: =SUM(E50:AI50) -> 15
C51: 6. ABDUL GHOFUR | E51: 0 | F51: 0 | G51: 0 | H51: 0 | I51: 1 | J51: 1 | K51: 1 | L51: 1 | M51: 0 | N51: 0 | O51: 0 | P51: 0 | Q51: 0 | R51: 0 | T51: 0 | U51: 0 | V51: 0 | W51: 0 | X51: 1 | Y51: 0 | Z51: 0 | AA51: 0 | AB51: 0 | AC51: 1 | AD51: 0 | AE51: 0 | AF51: 0 | AG51: 0 | AH51: 0 | AI51: 0 | AJ51: =SUM(E51:AI51) -> 6
C52: 7. ABDUL ROHMAN, S.Pd. | E52: 2 | F52: 1 | G52: 0 | H52: 1 | I52: 0 | J52: 0 | K52: 1 | L52: 1 | M52: 3 | N52: 0 | O52: 0 | P52: 0 | Q52: 1 | R52: 1 | S52: 1 | T52: 2 | U52: 3 | V52: 2 | W52: 5 | X52: 5 | Y52: 0 | Z52: 0 | AA52: 3 | AB52: 0 | AC52: 1 | AD52: 6 | AE52: 2 | AF52: 0 | AG52: 2 | AH52: 2 | AI52: 4 | AJ52: =SUM(E52:AI52) -> 49
AJ53: =SUM(E53:AI53) -> 0
AJ54: =SUM(E54:AI54) -> 0
A55: B | B55: JUMLAH SUARA SAH PARTAI POLITIK DAN CALON (A1 + A2) | E55: =SUM(E45:E54) -> 5 | F55: =SUM(F45:F54) -> 9 | G55: =SUM(G45:G54) -> 10 | H55: =SUM(H45:H54) -> 11 | I55: =SUM(I45:I54) -> 23 | J55: =SUM(J45:J54) -> 12 | K55: =SUM(K45:K54) -> 38 | L55: =SUM(L45:L54) -> 16 | ... AJ55: =SUM(AJ45:AJ54) -> 545
A57: A.1 | B57: 2. | C57: Partai Gerakan Indonesia Raya | E57: 2 | F57: 12 | G57: 18 | H57: 6 | I57: 3 | J57: 3 | K57: 4 | L57: 4 | M57: 0 | N57: 3 | O57: 5 | P57: 5 | Q57: 6 | R57: 12 | S57: 2 | T57: 4 | U57: 7 | V57: 5 | W57: 6 | X57: 8 | Y57: 2 | Z57: 6 | AA57: 5 | AB57: 7 | AC57: 0 | AD57: 6 | AE57: 2 | AF57: 6 | AG57: 2 | AH57: 2 | AI57: 3 | AJ57: =SUM(E57:AI57) -> 156
A58: A.2 | C58: 1. Drs. H. SUPRAYOGIN | E58: 0 | F58: 1 | G58: 1 | H58: 4 | I58: 1 | J58: 0 | K58: 2 | L58: 2 | M58: 1 | N58: 1 | O58: 2 | P58: 0 | Q58: 0 | R58: 2 | S58: 1 | T58: 0 | U58: 5 | V58: 2 | W58: 0 | X58: 0 | Y58: 0 | Z58: 4 | AA58: 2 | AB58: 1 | AC58: 2 | AD58: 0 | AE58: 3 | AF58: 3 | AG58: 0 | AH58: 0 | AI58: 1 | AJ58: =SUM(E58:AI58) -> 41
C59: 2. MAHFUD SYAMSUL HADI | E59: 62 | F59: 117 | G59: 49 | H59: 11 | I59: 4 | J59: 6 | K59: 7 | L59: 9 | M59: 19 | N59: 7 | O59: 14 | P59: 4 | Q59: 26 | R59: 6 | S59: 5 | T59: 4 | U59: 8 | V59: 12 | W59: 9 | X59: 11 | Y59: 11 | Z59: 21 | AA59: 4 | AB59: 3 | AC59: 7 | AD59: 7 | AE59: 4 | AF59: 9 | AG59: 1 | AH59: 1 | AI59: 2 | AJ59: =SUM(E59:AI59) -> 460
C60: 3. NUR AINI | E60: 3 | F60: 0 | G60: 3 | H60: 1 | I60: 6 | J60: 1 | K60: 4 | L60: 1 | M60: 0 | N60: 1 | O60: 4 | P60: 3 | Q60: 0 | R60: 2 | S60: 1 | T60: 6 | U60: 5 | V60: 10 | W60: 9 | X60: 4 | Y60: 3 | Z60: 2 | AA60: 5 | AB60: 1 | AC60: 4 | AD60: 1 | AE60: 1 | AF60: 2 | AG60: 3 | AH60: 0 | AI60: 0 | AJ60: =SUM(E60:AI60) -> 86
C61: 4. ACHMAD ALI WAFFA | E61: 0 | F61: 2 | G61: 0 | H61: 0 | I61: 0 | J61: 0 | K61: 1 | L61: 1 | M61: 4 | N61: 3 | O61: 0 | P61: 0 | Q61: 1 | R61: 2 | T61: 0 | U61: 2 | V61: 0 | W61: 3 | X61: 1 | Y61: 0 | Z61: 1 | AA61: 0 | AB61: 1 | AC61: 0 | AD61: 0 | AE61: 0 | AF61: 0 | AG61: 0 | AH61: 0 | AI61: 0 | AJ61: =SUM(E61:AI61) -> 22
C62: 5. SRI HARTATIK | E62: 1 | F62: 0 | G62: 0 | H62: 1 | I62: 1 | J62: 0 | K62: 0 | L62: 0 | M62: 1 | N62: 0 | O62: 0 | P62: 0 | Q62: 0 | R62: 0 | T62: 4 | U62: 2 | V62: 0 | W62: 0 | X62: 0 | Y62: 0 | Z62: 0 | AA62: 0 | AB62: 0 | AC62: 0 | AD62: 0 | AE62: 0 | AF62: 1 | AG62: 1 | AH62: 0 | AI62: 0 | AJ62: =SUM(E62:AI62) -> 12
C63: 6. MAKIK SIHOMBING | E63: 0 | F63: 0 | G63: 0 | H63: 0 | I63: 0 | J63: 0 | K63: 0 | L63: 0 | M63: 0 | N63: 0 | O63: 0 | P63: 0 | Q63: 0 | R63: 0 | T63: 0 | U63: 0 | V63: 0 | W63: 0 | X63: 0 | Y63: 0 | Z63: 0 | AA63: 0 | AB63: 0 | AC63: 0 | AD63: 0 | AE63: 0 | AF63: 0 | AG63: 0 | AH63: 0 | AI63: 0 | AJ63: =SUM(E63:AI63) -> 0
C64: 7. LIDYA OKTAVIANA | E64: 0 | F64: 0 | G64: 0 | H64: 0 | I64: 0 | J64: 1 | K64: 0 | L64: 0 | M64: 0 | N64: 2 | O64: 0 | P64: 0 | Q64: 0 | R64: 1 | T64: 0 | U64: 0 | V64: 0 | W64: 0 | X64: 0 | Y64: 1 | Z64: 0 | AA64: 0 | AB64: 0 | AC64: 1 | AD64: 0 | AE64: 0 | AF64: 1 | AG64: 1 | AH64: 0 | AI64: 0 | AJ64: =SUM(E64:AI64) -> 8
AJ65: =SUM(E65:AI65) -> 0
AJ66: =SUM(E66:AI66) -> 0
A67: B | B67: JUMLAH SUARA SAH PARTAI POLITIK DAN CALON (A1 + A2) | E67: =SUM(E57:E66) -> 68 | F67: =SUM(F57:F66) -> 132 | G67: =SUM(G57:G66) -> 71 | H67: =SUM(H57:H66) -> 23 | I67: =SUM(I57:I66) -> 15 | J67: =SUM(J57:J66) -> 11 | K67: =SUM(K57:K66) -> 18 | L67: =SUM(L57:L66) -> 17 | ... AJ67: =SUM(AJ57:AJ66) -> 785
A69: A.1 | B69: 3. | C69: Partai Demokrasi Indonesia Perjuangan | E69: 3 | F69: 4 | G69: 2 | H69: 11 | I69: 1 | J69: 6 | K69: 13 | L69: 9 | M69: 1 | N69: 4 | O69: 8 | P69: 7 | Q69: 11 | R69: 7 | S69: 4 | T69: 9 | U69: 8 | V69: 6 | W69: 1 | X69: 8 | Y69: 5 | Z69: 6 | AA69: 7 | AB69: 10 | AC69: 6 | AD69: 6 | AE69: 7 | AF69: 12 | AG69: 4 | AH69: 15 | AI69: 5 | AJ69: =SUM(E69:AI69) -> 206
A70: A.2 | C70: 1. PATEMO | E70: 8 | F70: 2 | G70: 5 | H70: 7 | I70: 2 | J70: 2 | K70: 11 | L70: 11 | M70: 22 | N70: 10 | O70: 48 | P70: 2 | Q70: 3 | R70: 8 | S70: 1 | T70: 2 | U70: 2 | V70: 2 | W70: 1 | X70: 2 | Y70: 2 | Z70: 4 | AA70: 28 | AB70: 8 | AC70: 15 | AD70: 2 | AE70: 3 | AF70: 7 | AG70: 4 | AH70: 44 | AI70: 35 | AJ70: =SUM(E70:AI70) -> 303
C71: 2. EKO HARIYONO | E71: 1 | F71: 1 | G71: 3 | H71: 0 | I71: 1 | J71: 1 | K71: 0 | L71: 0 | M71: 2 | N71: 2 | O71: 1 | P71: 0 | Q71: 16 | R71: 2 | S71: 1 | T71: 1 | U71: 0 | V71: 0 | W71: 6 | X71: 2 | Y71: 1 | Z71: 0 | AA71: 0 | AB71: 0 | AC71: 9 | AD71: 3 | AE71: 4 | AF71: 0 | AG71: 1 | AH71: 0 | AI71: 0 | AJ71: =SUM(E71:AI71) -> 58
C72: 3. SRI RUSMAWATI | E72: 1 | F72: 1 | G72: 0 | H72: 0 | I72: 1 | J72: 1 | K72: 1 | L72: 0 | M72: 0 | N72: 1 | O72: 0 | P72: 0 | Q72: 1 | R72: 0 | S72: 0 | T72: 0 | U72: 1 | V72: 2 | W72: 3 | X72: 2 | Y72: 1 | Z72: 0 | AA72: 2 | AB72: 2 | AC72: 1 | AD72: 0 | AE72: 0 | AF72: 0 | AG72: 0 | AH72: 0 | AI72: 2 | AJ72: =SUM(E72:AI72) -> 23
C73: 4. SUGIYANTO | E73: 0 | F73: 0 | G73: 0 | H73: 1 | I73: 0 | J73: 0 | K73: 0 | L73: 0 | M73: 4 | N73: 1 | O73: 0 | P73: 1 | Q73: 2 | R73: 3 | S73: 0 | T73: 0 | U73: 4 | V73: 1 | W73: 2 | X73: 1 | Y73: 0 | Z73: 0 | AA73: 0 | AB73: 0 | AC73: 2 | AD73: 0 | AE73: 3 | AF73: 0 | AG73: 0 | AH73: 1 | AI73: 0 | AJ73: =SUM(E73:AI73) -> 26
C74: 5. DHEA SARTIKA | E74: 31 | F74: 7 | G74: 16 | H74: 34 | I74: 2 | J74: 6 | K74: 5 | L74: 3 | M74: 11 | N74: 7 | O74: 9 | P74: 15 | Q74: 70 | R74: 34 | S74: 7 | T74: 14 | U74: 43 | V74: 15 | W74: 5 | X74: 5 | Y74: 20 | Z74: 21 | AA74: 29 | AB74: 9 | AC74: 28 | AD74: 57 | AE74: 25 | AF74: 28 | AG74: 28 | AH74: 47 | AI74: 45 | AJ74: =SUM(E74:AI74) -> 676
C75: 6. WIDIAWATI | E75: 0 | F75: 0 | G75: 0 | H75: 0 | I75: 0 | J75: 1 | K75: 0 | L75: 1 | M75: 0 | N75: 0 | O75: 2 | P75: 3 | Q75: 0 | R75: 0 | S75: 0 | T75: 1 | U75: 0 | V75: 0 | W75: 0 | X75: 1 | Y75: 1 | Z75: 1 | AA75: 0 | AB75: 0 | AC75: 3 | AD75: 0 | AE75: 4 | AF75: 0 | AG75: 1 | AH75: 0 | AI75: 1 | AJ75: =SUM(E75:AI75) -> 20
C76: 7. ARIF NUR CAHYO | E76: 7 | F76: 12 | G76: 19 | H76: 24 | I76: 38 | J76: 16 | K76: 8 | L76: 66 | M76: 29 | N76: 49 | O76: 6 | P76: 2 | Q76: 8 | R76: 43 | S76: 3 | T76: 11 | U76: 13 | V76: 12 | W76: 8 | X76: 35 | Y76: 15 | Z76: 9 | AA76: 7 | AB76: 6 | AC76: 40 | AD76: 24 | AE76: 48 | AF76: 19 | AG76: 32 | AH76: 27 | AI76: 8 | AJ76: =SUM(E76:AI76) -> 644
AJ77: =SUM(E77:AI77) -> 0
AJ78: =SUM(E78:AI78) -> 0
A79: B | B79: JUMLAH SUARA SAH PARTAI POLITIK DAN CALON (A1 + A2) | E79: =SUM(E69:E78) -> 51 | F79: =SUM(F69:F78) -> 27 | G79: =SUM(G69:G78) -> 45 | H79: =SUM(H69:H78) -> 77 | I79: =SUM(I69:I78) -> 45 | J79: =SUM(J69:J78) -> 33 | K79: =SUM(K69:K78) -> 38 | L79: =SUM(L69:L78) -> 90 | ... AJ79: =SUM(AJ69:AJ78) -> 1956
A81: A.1 | B81: 4. | C81: Partai Golongan Karya | E81: 2 | F81: 2 | G81: 0 | H81: 1 | I81: 2 | J81: 1 | K81: 2 | L81: 3 | M81: 3 | N81: 2 | O81: 0 | P81: 6 | Q81: 0 | R81: 3 | S81: 4 | T81: 4 | U81: 0 | V81: 1 | W81: 2 | X81: 4 | Y81: 2 | Z81: 2 | AA81: 2 | AB81: 1 | AC81: 4 | AD81: 2 | AE81: 1 | AF81: 1 | AG81: 3 | AH81: 5 | AI81: 1 | AJ81: =SUM(E81:AI81) -> 66
A82: A.2 | C82: 1. MOCHAMMAD ZAENUL ARIFIN, S.M. | E82: 4 | F82: 3 | G82: 2 | H82: 2 | I82: 6 | J82: 0 | K82: 6 | L82: 3 | M82: 25 | N82: 7 | O82: 4 | P82: 1 | Q82: 9 | R82: 3 | S82: 5 | T82: 1 | U82: 1 | V82: 13 | W82: 4 | X82: 8 | Y82: 7 | Z82: 5 | AA82: 6 | AB82: 4 | AC82: 10 | AD82: 1 | AE82: 3 | AF82: 2 | AG82: 7 | AH82: 4 | AI82: 3 | AJ82: =SUM(E82:AI82) -> 159
C83: 2. NANANG EDY SUPRIYONO | E83: 1 | F83: 1 | G83: 1 | H83: 0 | I83: 1 | J83: 2 | K83: 2 | L83: 1 | M83: 2 | N83: 0 | O83: 3 | P83: 1 | Q83: 0 | R83: 2 | S83: 4 | T83: 0 | U83: 0 | V83: 0 | W83: 2 | X83: 2 | Y83: 1 | Z83: 0 | AA83: 1 | AB83: 0 | AC83: 0 | AD83: 2 | AE83: 2 | AF83: 6 | AG83: 2 | AH83: 0 | AI83: 1 | AJ83: =SUM(E83:AI83) -> 40
C84: 3. SITI MUNAWAROH | E84: 0 | F84: 0 | G84: 0 | H84: 0 | I84: 0 | J84: 1 | K84: 0 | L84: 0 | M84: 0 | N84: 1 | O84: 0 | P84: 0 | Q84: 0 | R84: 1 | S84: 0 | T84: 1 | U84: 0 | V84: 1 | W84: 0 | X84: 0 | Y84: 1 | Z84: 0 | AA84: 1 | AB84: 0 | AC84: 0 | AD84: 0 | AE84: 0 | AF84: 0 | AG84: 0 | AH84: 0 | AI84: 1 | AJ84: =SUM(E84:AI84) -> 8
C85: 4. SINUNG TEGUH SANTOSO, S.H., M.H. | E85: 2 | F85: 0 | G85: 3 | H85: 3 | I85: 2 | J85: 8 | K85: 6 | L85: 2 | M85: 7 | N85: 1 | O85: 2 | P85: 16 | Q85: 2 | R85: 5 | S85: 25 | T85: 18 | U85: 7 | V85: 1 | W85: 2 | X85: 3 | Y85: 3 | Z85: 3 | AA85: 3 | AB85: 16 | AC85: 2 | AD85: 0 | AE85: 0 | AF85: 1 | AG85: 0 | AH85: 0 | AI85: 0 | AJ85: =SUM(E85:AI85) -> 143
C86: 5. Drs. ALI MUKHSIN | E86: 0 | F86: 0 | G86: 0 | H86: 0 | I86: 0 | J86: 0 | K86: 0 | L86: 0 | M86: 0 | N86: 0 | O86: 0 | P86: 0 | Q86: 0 | R86: 0 | S86: 0 | T86: 0 | U86: 0 | V86: 0 | W86: 0 | X86: 0 | Y86: 0 | Z86: 0 | AA86: 0 | AB86: 0 | AC86: 0 | AD86: 0 | AE86: 0 | AF86: 0 | AG86: 0 | AH86: 0 | AI86: 0 | AJ86: =SUM(E86:AI86) -> 0
C87: 6. JUMIA KAMSISKA | E87: 0 | F87: 0 | G87: 0 | H87: 0 | I87: 0 | J87: 0 | K87: 0 | L87: 0 | M87: 0 | N87: 0 | O87: 0 | P87: 0 | Q87: 0 | R87: 0 | S87: 0 | T87: 0 | U87: 0 | V87: 0 | W87: 0 | X87: 0 | Y87: 0 | Z87: 0 | AA87: 0 | AB87: 0 | AC87: 0 | AD87: 0 | AE87: 0 | AF87: 0 | AG87: 0 | AH87: 0 | AI87: 0 | AJ87: =SUM(E87:AI87) -> 0
C88: 7. Dra. DYAH PURWANINGSIH | E88: 0 | F88: 0 | G88: 0 | H88: 1 | I88: 0 | J88: 0 | K88: 0 | L88: 0 | M88: 0 | N88: 0 | O88: 0 | P88: 0 | Q88: 0 | R88: 0 | S88: 0 | T88: 0 | U88: 0 | V88: 2 | W88: 0 | X88: 0 | Y88: 0 | Z88: 0 | AA88: 0 | AB88: 0 | AC88: 0 | AD88: 0 | AE88: 0 | AF88: 0 | AG88: 0 | AH88: 0 | AI88: 0 | AJ88: =SUM(E88:AI88) -> 3
AJ89: =SUM(E89:AI89) -> 0
AJ90: =SUM(E90:AI90) -> 0
A91: B | B91: JUMLAH SUARA SAH PARTAI POLITIK DAN CALON (A1 + A2) | E91: =SUM(E81:E90) -> 9 | F91: =SUM(F81:F90) -> 6 | G91: =SUM(G81:G90) -> 6 | H91: =SUM(H81:H90) -> 7 | I91: =SUM(I81:I90) -> 11 | J91: =SUM(J81:J90) -> 12 | K91: =SUM(K81:K90) -> 16 | L91: =SUM(L81:L90) -> 9 | ... AJ91: =SUM(AJ81:AJ90) -> 419
A93: A.1 | B93: 5. | C93: Partai NasDem | E93: 6 | F93: 1 | G93: 5 | H93: 9 | I93: 5 | J93: 1 | K93: 4 | L93: 1 | M93: 3 | N93: 2 | O93: 11 | P93: 16 | Q93: 4 | R93: 4 | S93: 4 | T93: 7 | U93: 5 | V93: 6 | W93: 3 | X93: 5 | Y93: 6 | Z93: 8 | AA93: 7 | AB93: 10 | AC93: 2 | AD93: 8 | AE93: 4 | AF93: 13 | AG93: 12 | AH93: 13 | AI93: 10 | AJ93: =SUM(E93:AI93) -> 195
A94: A.2 | C94: 1. AGUNG SETYO WIBOWO, S.E. | E94: 50 | F94: 25 | G94: 34 | H94: 42 | I94: 55 | J94: 119 | K94: 88 | L94: 33 | M94: 20 | N94: 46 | O94: 49 | P94: 87 | Q94: 15 | R94: 30 | S94: 79 | T94: 40 | U94: 45 | V94: 45 | W94: 56 | X94: 37 | Y94: 55 | Z94: 54 | AA94: 27 | AB94: 69 | AC94: 25 | AD94: 59 | AE94: 59 | AF94: 48 | AG94: 69 | AH94: 27 | AI94: 62 | AJ94: =SUM(E94:AI94) -> 1549
C95: 2. M. AGHISTNI MAULANA S. | E95: 0 | F95: 2 | G95: 17 | H95: 21 | I95: 12 | J95: 0 | K95: 1 | L95: 4 | M95: 1 | N95: 0 | O95: 2 | P95: 1 | Q95: 9 | R95: 0 | S95: 3 | T95: 2 | U95: 0 | V95: 6 | W95: 3 | X95: 3 | Y95: 10 | Z95: 2 | AA95: 15 | AB95: 1 | AC95: 0 | AD95: 1 | AE95: 1 | AF95: 0 | AG95: 1 | AH95: 1 | AI95: 0 | AJ95: =SUM(E95:AI95) -> 119
C96: 3. MUJIATI | E96: 3 | F96: 0 | G96: 1 | H96: 3 | I96: 0 | J96: 0 | K96: 1 | L96: 1 | M96: 0 | N96: 9 | O96: 3 | P96: 2 | Q96: 0 | R96: 2 | S96: 0 | T96: 0 | U96: 1 | V96: 0 | W96: 0 | X96: 0 | Y96: 0 | Z96: 0 | AA96: 1 | AB96: 0 | AC96: 0 | AD96: 0 | AE96: 0 | AF96: 0 | AG96: 0 | AH96: 0 | AI96: 0 | AJ96: =SUM(E96:AI96) -> 27
C97: 4. MOH. ALI MAGHFUR, S.S., M.Si. | E97: 0 | F97: 0 | G97: 0 | H97: 0 | I97: 0 | J97: 0 | K97: 0 | L97: 0 | M97: 0 | N97: 0 | O97: 0 | P97: 0 | Q97: 0 | R97: 0 | S97: 0 | T97: 0 | U97: 0 | V97: 0 | W97: 0 | X97: 0 | Y97: 0 | Z97: 0 | AA97: 0 | AB97: 0 | AC97: 0 | AD97: 0 | AE97: 0 | AF97: 1 | AG97: 0 | AH97: 0 | AI97: 0 | AJ97: =SUM(E97:AI97) -> 1
C98: 5. NUR HIDAYAH, S.H. | E98: 1 | F98: 0 | G98: 7 | H98: 5 | I98: 6 | J98: 3 | K98: 1 | L98: 1 | M98: 1 | N98: 0 | O98: 2 | P98: 1 | Q98: 0 | R98: 1 | S98: 0 | T98: 6 | U98: 6 | V98: 1 | W98: 4 | X98: 0 | Y98: 2 | Z98: 2 | AA98: 2 | AB98: 0 | AC98: 0 | AD98: 0 | AE98: 2 | AF98: 5 | AG98: 7 | AH98: 17 | AI98: 13 | AJ98: =SUM(E98:AI98) -> 96
C99: 6. NUR FATMAWATI | E99: 0 | F99: 0 | G99: 0 | H99: 0 | I99: 0 | J99: 0 | K99: 0 | L99: 0 | M99: 0 | N99: 0 | O99: 0 | P99: 0 | Q99: 0 | R99: 0 | S99: 0 | T99: 0 | U99: 2 | V99: 0 | W99: 0 | X99: 0 | Y99: 1 | Z99: 1 | AA99: 0 | AB99: 0 | AC99: 0 | AD99: 0 | AE99: 0 | AF99: 0 | AG99: 1 | AH99: 0 | AI99: 1 | AJ99: =SUM(E99:AI99) -> 6
C100: 7. BAMBANG AGUS SANTOSO | E100: 0 | F100: 0 | G100: 0 | H100: 0 | I100: 0 | J100: 0 | K100: 0 | L100: 0 | M100: 0 | N100: 0 | O100: 0 | P100: 0 | Q100: 0 | R100: 0 | T100: 0 | U100: 0 | V100: 0 | W100: 0 | X100: 0 | Y100: 0 | Z100: 0 | AA100: 0 | AB100: 1 | AC100: 0 | AD100: 0 | AE100: 0 | AF100: 0 | AG100: 0 | AH100: 0 | AI100: 0 | AJ100: =SUM(E100:AI100) -> 1
AJ101: =SUM(E101:AI101) -> 0
AJ102: =SUM(E102:AI102) -> 0
A103: B | B103: JUMLAH SUARA SAH PARTAI POLITIK DAN CALON (A1 + A2) | E103: =SUM(E93:E102) -> 60 | F103: =SUM(F93:F102) -> 28 | G103: =SUM(G93:G102) -> 64 | H103: =SUM(H93:H102) -> 80 | I103: =SUM(I93:I102) -> 78 | J103: =SUM(J93:J102) -> 123 | K103: =SUM(K93:K102) -> 95 | L103: =SUM(L93:L102) -> 40 | ... AJ103: =SUM(AJ93:AJ102) -> 1994
A105: A.1 | B105: 6. | C105: Partai Buruh | E105: 0 | F105: 0 | G105: 0 | H105: 0 | I105: 0 | J105: 0 | K105: 0 | L105: 0 | M105: 0 | N105: 0 | O105: 0 | P105: 1 | Q105: 0 | R105: 0 | S105: 0 | T105: 0 | U105: 0 | V105: 1 | W105: 1 | X105: 0 | Y105: 0 | Z105: 0 | AA105: 0 | AB105: 0 | AC105: 0 | AD105: 0 | AE105: 0 | AF105: 2 | AG105: 0 | AH105: 0 | AJ105: =SUM(E105:AI105) -> 5
A106: A.2 | C106: 1. YULIANTO | E106: 0 | F106: 0 | G106: 0 | H106: 0 | I106: 0 | J106: 0 | K106: 0 | L106: 0 | M106: 0 | N106: 0 | O106: 0 | P106: 0 | Q106: 0 | R106: 0 | S106: 0 | T106: 0 | U106: 0 | V106: 1 | W106: 0 | X106: 0 | Y106: 0 | Z106: 0 | AA106: 0 | AB106: 0 | AC106: 0 | AD106: 1 | AE106: 0 | AF106: 0 | AG106: 0 | AH106: 0 | AJ106: =SUM(E106:AI106) -> 2
AJ107: =SUM(E107:AI107) -> 0
AJ108: =SUM(E108:AI108) -> 0
AJ109: =SUM(E109:AI109) -> 0
AJ110: =SUM(E110:AI110) -> 0
AJ111: =SUM(E111:AI111) -> 0
AJ112: =SUM(E112:AI112) -> 0
AJ113: =SUM(E113:AI113) -> 0
AJ114: =SUM(E114:AI114) -> 0
A115: B | B115: JUMLAH SUARA SAH PARTAI POLITIK DAN CALON (A1 + A2) | E115: =SUM(E105:E114) -> 0 | F115: =SUM(F105:F114) -> 0 | G115: =SUM(G105:G114) -> 0 | H115: =SUM(H105:H114) -> 0 | I115: =SUM(I105:I114) -> 0 | J115: =SUM(J105:J114) -> 0 | K115: =SUM(K105:K114) -> 0 | L115: =SUM(L105:L114) -> 0 | ... AJ115: =SUM(AJ105:AJ114) -> 7
A117: A.1 | B117: 7. | C117: Partai Gelombang Rakyat Indonesia | E117: 3 | F117: 0 | G117: 2 | H117: 2 | I117: 0 | J117: 0 | K117: 1 | L117: 2 | M117: 0 | N117: 7 | O117: 0 | P117: 1 | Q117: 0 | R117: 5 | S117: 0 | T117: 2 | U117: 2 | V117: 0 | W117: 0 | X117: 8 | Y117: 1 | Z117: 0 | AA117: 0 | AB117: 0 | AC117: 0 | AD117: 0 | AE117: 5 | AF117: 1 | AG117: 3 | AH117: 1 | AI117: 2 | AJ117: =SUM(E117:AI117) -> 48
...

Sheet SENEPOREJO
C2: Kecamatan | D2: SILIRAGUNG
C3: Kabupaten | D3: BANYUWANGI
C4: Provinsi | D4: JAWA TIMUR
C9: Kelurahan | D9: SENEPOREJO
A12: I | B12: DATA PEMILIH DAN PENGGUNAAN HAK PILIH | AB12: JUMLAH AKHIR
A13: A | B13: DATA PEMILIH | E13: TPS 001 | F13: TPS 002 | G13: TPS 003 | H13: TPS 004 | I13: TPS 005 | J13: TPS 006 | K13: TPS 007 | L13: TPS 008 | M13: TPS 009 | N13: TPS 010 | O13: TPS 011 | P13: TPS 012 | Q13: TPS 013 | R13: TPS 014 | S13: TPS 015 | T13: TPS 016 | U13: TPS 017 | V13: TPS 018 | W13: TPS 019 | X13: TPS 020 | Y13: TPS 021 | Z13: TPS 022 | AA13: TPS 023
B14: Jumlah Pemilih dalam Daftar Pemilih Tetap (DPT) | D14: LK | E14: 133 | F14: 132 | G14: 142 | H14: 138 | I14: 136 | J14: 115 | K14: 118 | L14: 107 | M14: 150 | N14: 140 | O14: 90 | P14: 91 | Q14: 134 | R14: 109 | S14: 136 | T14: 100 | U14: 130 | V14: 139 | W14: 134 | X14: 135 | Y14: 123 | Z14: 149 | AA14: 143 | AB14: =SUM(E14:AA14) -> 2924
D15: PR | E15: 148 | F15: 134 | G15: 140 | H15: 136 | I15: 142 | J15: 119 | K15: 112 | L15: 104 | M15: 127 | N15: 144 | O15: 88 | P15: 85 | Q15: 119 | R15: 119 | S15: 143 | T15: 99 | U15: 146 | V15: 139 | W15: 131 | X15: 148 | Y15: 120 | Z15: 144 | AA15: 140 | AB15: =SUM(E15:AA15) -> 2927
D16: JML | E16: =SUM(E14:E15) -> 281 | F16: =SUM(F14:F15) -> 266 | G16: =SUM(G14:G15) -> 282 | H16: =SUM(H14:H15) -> 274 | I16: =SUM(I14:I15) -> 278 | J16: =SUM(J14:J15) -> 234 | K16: =SUM(K14:K15) -> 230 | L16: =SUM(L14:L15) -> 211 | ... AA16: =SUM(AA14:AA15) -> 283 | AB16: =SUM(E16:AA16) -> 5851
A18: B | B18: PENGGUNA HAK PILIH
B19: 1. | C19: Jumlah pengguna hak pilih dalam Daftar Pemilih Tetap (DPT) | D19: LK | E19: 105 | F19: 102 | G19: 111 | H19: 105 | I19: 108 | J19: 91 | K19: 95 | L19: 80 | M19: 109 | N19: 124 | O19: 77 | P19: 80 | Q19: 100 | R19: 89 | S19: 110 | T19: 79 | U19: 106 | V19: 107 | W19: 113 | X19: 111 | Y19: 100 | Z19: 103 | AA19: 116 | AB19: =SUM(E19:AA19) -> 2321
D20: PR | E20: 116 | F20: 114 | G20: 116 | H20: 105 | I20: 119 | J20: 101 | K20: 95 | L20: 87 | M20: 102 | N20: 126 | O20: 75 | P20: 75 | Q20: 93 | R20: 98 | S20: 122 | T20: 73 | U20: 125 | V20: 115 | W20: 114 | X20: 125 | Y20: 99 | Z20: 117 | AA20: 112 | AB20: =SUM(E20:AA20) -> 2424
D21: JML | E21: =SUM(E19:E20) -> 221 | F21: =SUM(F19:F20) -> 216 | G21: =SUM(G19:G20) -> 227 | H21: =SUM(H19:H20) -> 210 | I21: =SUM(I19:I20) -> 227 | J21: =SUM(J19:J20) -> 192 | K21: =SUM(K19:K20) -> 190 | L21: =SUM(L19:L20) -> 167 | ... AA21: =SUM(AA19:AA20) -> 228 | AB21: =SUM(E21:AA21) -> 4745
B22: 2. | C22: Jumlah pengguna hak pilih dalam Daftar Pemilih Tambahan (DPTb) | D22: LK | E22: 0 | F22: 0 | G22: 0 | H22: 2 | I22: 0 | J22: 0 | K22: 0 | L22: 0 | M22: 0 | N22: 0 | O22: 0 | P22: 0 | Q22: 0 | R22: 0 | S22: 0 | AB22: =SUM(E22:AA22) -> 2
D23: PR | E23: 0 | F23: 1 | G23: 0 | H23: 1 | I23: 0 | J23: 0 | K23: 0 | L23: 0 | M23: 0 | N23: 0 | O23: 0 | P23: 0 | Q23: 0 | R23: 0 | S23: 0 | AB23: =SUM(E23:AA23) -> 2
D24: JML | E24: =SUM(E22:E23) -> 0 | F24: =SUM(F22:F23) -> 1 | G24: =SUM(G22:G23) -> 0 | H24: =SUM(H22:H23) -> 3 | I24: =SUM(I22:I23) -> 0 | J24: =SUM(J22:J23) -> 0 | K24: =SUM(K22:K23) -> 0 | L24: =SUM(L22:L23) -> 0 | ... AA24: =SUM(AA22:AA23) -> 0 | AB24: =SUM(E24:AA24) -> 4
B25: 3. | C25: Jumlah pengguna hak pilih dalam Daftar Pemilih Khusus (DPK) | D25: LK | E25: 0 | F25: 0 | G25: 0 | H25: 3 | I25: 1 | J25: 2 | K25: 2 | L25: 0 | M25: 0 | N25: 0 | O25: 1 | P25: 1 | Q25: 2 | R25: 0 | S25: 0 | T25: 0 | U25: 0 | V25: 1 | W25: 0 | X25: 1 | Y25: 0 | Z25: 1 | AA25: 0 | AB25: =SUM(E25:AA25) -> 15
D26: PR | E26: 2 | F26: 0 | G26: 2 | H26: 1 | I26: 0 | J26: 0 | K26: 3 | L26: 1 | M26: 0 | N26: 0 | O26: 1 | P26: 0 | Q26: 0 | R26: 2 | S26: 0 | T26: 0 | U26: 1 | V26: 3 | W26: 0 | X26: 0 | Y26: 0 | Z26: 0 | AA26: 0 | AB26: =SUM(E26:AA26) -> 16
D27: JML | E27: =SUM(E25:E26) -> 2 | F27: =SUM(F25:F26) -> 0 | G27: =SUM(G25:G26) -> 2 | H27: =SUM(H25:H26) -> 4 | I27: =SUM(I25:I26) -> 1 | J27: =SUM(J25:J26) -> 2 | K27: =SUM(K25:K26) -> 5 | L27: =SUM(L25:L26) -> 1 | ... AA27: =SUM(AA25:AA26) -> 0 | AB27: =SUM(E27:AA27) -> 31
B28: 4. | C28: Jumlah Pengguna Hak Pilih (B.1+B.2+B.3) | D28: LK | E28: =SUM(E19,E22,E25) -> 105 | F28: =SUM(F19,F22,F25) -> 102 | G28: =SUM(G19,G22,G25) -> 111 | H28: =SUM(H19,H22,H25) -> 110 | I28: =SUM(I19,I22,I25) -> 109 | J28: =SUM(J19,J22,J25) -> 93 | K28: =SUM(K19,K22,K25) -> 97 | L28: =SUM(L19,L22,L25) -> 80 | ... AA28: =SUM(AA19,AA22,AA25) -> 116 | AB28: =SUM(E28:AA28) -> 2338
D29: PR | E29: =SUM(E20,E23,E26) -> 118 | F29: =SUM(F20,F23,F26) -> 115 | G29: =SUM(G20,G23,G26) -> 118 | H29: =SUM(H20,H23,H26) -> 107 | I29: =SUM(I20,I23,I26) -> 119 | J29: =SUM(J20,J23,J26) -> 101 | K29: =SUM(K20,K23,K26) -> 98 | L29: =SUM(L20,L23,L26) -> 88 | ... AA29: =SUM(AA20,AA23,AA26) -> 112 | AB29: =SUM(E29:AA29) -> 2442
D30: JML | E30: =SUM(E28:E29) -> 223 | F30: =SUM(F28:F29) -> 217 | G30: =SUM(G28:G29) -> 229 | H30: =SUM(H28:H29) -> 217 | I30: =SUM(I28:I29) -> 228 | J30: =SUM(J28:J29) -> 194 | K30: =SUM(K28:K29) -> 195 | L30: =SUM(L28:L29) -> 168 | ... AA30: =SUM(AA28:AA29) -> 228 | AB30: =SUM(E30:AA30) -> 4780
A32: II | B32: DATA PENGGUNAAN SURAT SUARA
A33: 1 | B33: Jumlah surat suara yang diterima, termasuk surat suara cadangan 2,5% dari DPT | E33: 287 | F33: 272 | G33: 288 | H33: 280 | I33: 284 | J33: 239 | K33: 235 | L33: 217 | M33: 283 | N33: 290 | O33: 182 | P33: 180 | Q33: 259 | R33: 233 | S33: 285 | T33: 203 | U33: 282 | V33: 284 | W33: 271 | X33: 289 | Y33: 248 | Z33: 299 | AA33: 289 | AB33: =SUM(E33:AA33) -> 5979
A34: 2 | B34: Jumlah surat suara yang digunakan | E34: 223 | F34: 217 | G34: 229 | H34: 217 | I34: 228 | J34: 194 | K34: 195 | L34: 168 | M34: 211 | N34: 250 | O34: 154 | P34: 156 | Q34: 195 | R34: 189 | S34: 232 | T34: 152 | U34: 232 | V34: 226 | W34: 227 | X34: 237 | Y34: 199 | Z34: 221 | AA34: 228 | AB34: =SUM(E34:AA34) -> 4780
A35: 3 | B35: Jumlah surat suara dikembalikan oleh pemilih (karena rusak atau keliru coblos) | E35: 1 | F35: 1 | G35: 0 | H35: 3 | I35: 1 | J35: 1 | K35: 0 | L35: 0 | M35: 0 | N35: 1 | O35: 0 | P35: 0 | Q35: 0 | R35: 0 | S35: 1 | T35: 0 | U35: 0 | V35: 1 | W35: 2 | X35: 2 | Y35: 3 | Z35: 4 | AA35: 0 | AB35: =SUM(E35:AA35) -> 21
A36: 4 | B36: Jumlah surat suara yang tidak digunakan/tidak terpakai, termasuk sisa surat suara cadangan | E36: =E33-(E34+E35) -> 63 | F36: =F33-(F34+F35) -> 54 | G36: =G33-(G34+G35) -> 59 | H36: =H33-(H34+H35) -> 60 | I36: =I33-(I34+I35) -> 55 | J36: =J33-(J34+J35) -> 44 | K36: =K33-(K34+K35) -> 40 | L36: =L33-(L34+L35) -> 49 | ... AA36: =AA33-(AA34+AA35) -> 61 | AB36: =SUM(E36:AA36) -> 1178
A38: III | B38: DATA PEMILIH DISABILITAS
B39: Jumlah seluruh Pemilih disabilitas yang menggunakan hak pilih | D39: LK | E39: 0 | F39: 0 | G39: 0 | H39: 0 | I39: 1 | J39: 0 | K39: 0 | L39: 0 | M39: 0 | N39: 0 | O39: 0 | P39: 0 | Q39: 0 | R39: 0 | S39: 1 | AB39: =SUM(E39:AA39) -> 2
D40: PR | E40: 0 | F40: 0 | G40: 0 | H40: 0 | I40: 1 | J40: 0 | K40: 0 | L40: 1 | M40: 0 | N40: 0 | O40: 0 | P40: 0 | Q40: 0 | R40: 0 | S40: 0 | T40: 0 | AB40: =SUM(E40:AA40) -> 2
D41: JML | E41: =SUM(E39:E40) -> 0 | F41: =SUM(F39:F40) -> 0 | G41: =SUM(G39:G40) -> 0 | H41: =SUM(H39:H40) -> 0 | I41: =SUM(I39:I40) -> 2 | J41: =SUM(J39:J40) -> 0 | K41: =SUM(K39:K40) -> 0 | L41: =SUM(L39:L40) -> 1 | ... AA41: =SUM(AA39:AA40) -> 0 | AB41: =SUM(E41:AA41) -> 4
A43: IV | B43: DATA RINCIAN PEROLEHAN SUARA PASANGAN CALON BUPATI DAN WAKIL BUPATI
A44: NOMOR DAN NAMA CALON
A45: A.1 | B45: 1. | C45: Partai Kebangkitan Bangsa | E45: 1 | F45: 3 | G45: 6 | H45: 5 | I45: 0 | J45: 2 | K45: 1 | L45: 1 | M45: 1 | N45: 4 | O45: 0 | P45: 0 | Q45: 4 | R45: 2 | S45: 3 | T45: 2 | U45: 4 | V45: 0 | W45: 3 | X45: 5 | Y45: 6 | Z45: 2 | AA45: 1 | AB45: =SUM(E45:AA45) -> 56
A46: A.2 | C46: 1. MUKHTAR NABALI MUFAUWIQ | E46: 4 | F46: 7 | G46: 5 | H46: 3 | I46: 1 | J46: 0 | K46: 0 | L46: 6 | M46: 4 | N46: 0 | O46: 1 | P46: 0 | Q46: 4 | R46: 5 | S46: 7 | T46: 2 | U46: 4 | V46: 1 | W46: 0 | X46: 0 | Y46: 0 | Z46: 3 | AA46: 0 | AB46: =SUM(E46:AA46) -> 57
C47: 2. H. SUSIYANTO | E47: 0 | F47: 0 | G47: 1 | H47: 0 | I47: 0 | J47: 0 | K47: 0 | L47: 0 | M47: 0 | N47: 2 | O47: 0 | P47: 0 | Q47: 1 | R47: 0 | S47: 0 | T47: 2 | U47: 2 | V47: 1 | W47: 7 | X47: 11 | Y47: 2 | Z47: 12 | AA47: 18 | AB47: =SUM(E47:AA47) -> 59
C48: 3. DUWI HASTRENI, S.H. | E48: 2 | F48: 1 | G48: 0 | H48: 1 | I48: 0 | J48: 1 | K48: 0 | L48: 0 | M48: 0 | N48: 0 | O48: 0 | P48: 0 | Q48: 0 | R48: 0 | S48: 1 | T48: 0 | U48: 3 | V48: 0 | W48: 0 | X48: 0 | Y48: 0 | Z48: 0 | AA48: 0 | AB48: =SUM(E48:AA48) -> 9
C49: 4. MIFTAKHODIN | E49: 1 | F49: 1 | G49: 0 | H49: 0 | I49: 0 | J49: 0 | K49: 0 | L49: 1 | M49: 0 | N49: 0 | O49: 0 | P49: 0 | Q49: 0 | R49: 0 | S49: 0 | T49: 4 | U49: 0 | V49: 0 | W49: 0 | X49: 0 | Y49: 0 | Z49: 0 | AA49: 0 | AB49: =SUM(E49:AA49) -> 7
C50: 5. SITI MUSTIKAH | E50: 31 | F50: 18 | G50: 5 | H50: 5 | I50: 3 | J50: 3 | K50: 1 | L50: 6 | M50: 3 | N50: 3 | O50: 2 | P50: 1 | Q50: 7 | R50: 5 | S50: 0 | T50: 3 | U50: 0 | V50: 1 | W50: 0 | X50: 2 | Y50: 2 | Z50: 2 | AA50: 1 | AB50: =SUM(E50:AA50) -> 104
C51: 6. ABDUL GHOFUR | E51: 0 | F51: 0 | G51: 1 | H51: 0 | I51: 0 | J51: 0 | K51: 0 | L51: 0 | M51: 1 | N51: 0 | O51: 0 | P51: 0 | Q51: 0 | R51: 0 | S51: 0 | T51: 0 | U51: 0 | V51: 0 | W51: 0 | X51: 0 | Y51: 0 | Z51: 0 | AA51: 0 | AB51: =SUM(E51:AA51) -> 2
C52: 7. ABDUL ROHMAN, S.Pd. | E52: 1 | F52: 0 | G52: 0 | H52: 1 | I52: 0 | J52: 0 | K52: 0 | L52: 4 | M52: 0 | N52: 1 | O52: 3 | P52: 0 | Q52: 1 | R52: 0 | S52: 2 | T52: 0 | U52: 2 | V52: 1 | W52: 1 | X52: 0 | Y52: 2 | Z52: 3 | AA52: 1 | AB52: =SUM(E52:AA52) -> 23
AB53: =SUM(E53:AA53) -> 0
AB54: =SUM(E54:AA54) -> 0
A55: B | B55: JUMLAH SUARA SAH PARTAI POLITIK DAN CALON (A1 + A2) | E55: =SUM(E45:E54) -> 40 | F55: =SUM(F45:F54) -> 30 | G55: =SUM(G45:G54) -> 18 | H55: =SUM(H45:H54) -> 15 | I55: =SUM(I45:I54) -> 4 | J55: =SUM(J45:J54) -> 6 | K55: =SUM(K45:K54) -> 2 | L55: =SUM(L45:L54) -> 18 | ... AB55: =SUM(AB45:AB54) -> 317
A57: A.1 | B57: 2. | C57: Partai Gerakan Indonesia Raya | E57: 3 | F57: 2 | G57: 6 | H57: 0 | I57: 1 | J57: 2 | K57: 3 | L57: 1 | M57: 3 | N57: 3 | O57: 0 | P57: 1 | Q57: 4 | R57: 3 | S57: 1 | T57: 1 | U57: 1 | V57: 2 | W57: 4 | X57: 8 | Y57: 5 | Z57: 3 | AA57: 4 | AB57: =SUM(E57:AA57) -> 61
A58: A.2 | C58: 1. Drs. H. SUPRAYOGIN | E58: 2 | F58: 2 | G58: 4 | H58: 3 | I58: 0 | J58: 0 | K58: 0 | L58: 1 | M58: 0 | N58: 2 | O58: 0 | P58: 0 | Q58: 0 | R58: 1 | S58: 0 | T58: 2 | U58: 1 | V58: 1 | W58: 1 | X58: 1 | Y58: 0 | Z58: 5 | AA58: 1 | AB58: =SUM(E58:AA58) -> 27
C59: 2. MAHFUD SYAMSUL HADI | E59: 3 | F59: 3 | G59: 1 | H59: 3 | I59: 3 | J59: 3 | K59: 2 | L59: 0 | M59: 2 | N59: 8 | O59: 4 | P59: 1 | Q59: 0 | R59: 1 | S59: 2 | T59: 1 | U59: 3 | V59: 0 | W59: 4 | X59: 4 | Y59: 3 | Z59: 5 | AA59: 14 | AB59: =SUM(E59:AA59) -> 70
C60: 3. NUR AINI | E60: 1 | F60: 0 | G60: 1 | H60: 1 | I60: 0 | J60: 1 | K60: 1 | L60: 2 | M60: 2 | N60: 3 | O60: 1 | P60: 0 | Q60: 0 | R60: 5 | S60: 1 | T60: 5 | U60: 21 | V60: 12 | W60: 4 | X60: 1 | Y60: 3 | Z60: 5 | AA60: 1 | AB60: =SUM(E60:AA60) -> 71
C61: 4. ACHMAD ALI WAFFA | E61: 0 | F61: 1 | G61: 1 | H61: 0 | I61: 0 | J61: 2 | K61: 0 | L61: 0 | M61: 1 | N61: 1 | O61: 1 | P61: 0 | Q61: 0 | R61: 1 | S61: 0 | T61: 2 | U61: 2 | V61: 0 | W61: 0 | X61: 0 | Y61: 0 | Z61: 0 | AA61: 0 | AB61: =SUM(E61:AA61) -> 12
C62: 5. SRI HARTATIK | E62: 1 | F62: 0 | G62: 0 | H62: 1 | I62: 0 | J62: 0 | K62: 0 | L62: 0 | M62: 2 | N62: 0 | O62: 0 | P62: 0 | Q62: 0 | R62: 0 | S62: 0 | T62: 0 | U62: 0 | V62: 0 | W62: 0 | X62: 1 | Y62: 0 | Z62: 0 | AA62: 0 | AB62: =SUM(E62:AA62) -> 5
C63: 6. MAKIK SIHOMBING | E63: 0 | F63: 0 | G63: 0 | H63: 0 | I63: 0 | J63: 0 | K63: 0 | L63: 0 | M63: 0 | N63: 0 | O63: 0 | P63: 0 | Q63: 0 | R63: 0 | S63: 0 | T63: 0 | U63: 0 | V63: 0 | W63: 0 | X63: 0 | Y63: 0 | Z63: 0 | AA63: 0 | AB63: =SUM(E63:AA63) -> 0
C64: 7. LIDYA OKTAVIANA | E64: 1 | F64: 0 | G64: 0 | H64: 0 | I64: 1 | J64: 0 | K64: 0 | L64: 0 | M64: 1 | N64: 1 | O64: 0 | P64: 0 | Q64: 0 | R64: 0 | S64: 0 | T64: 0 | U64: 0 | V64: 0 | W64: 0 | X64: 0 | Y64: 0 | Z64: 0 | AA64: 0 | AB64: =SUM(E64:AA64) -> 4
AB65: =SUM(E65:AA65) -> 0
AB66: =SUM(E66:AA66) -> 0
A67: B | B67: JUMLAH SUARA SAH PARTAI POLITIK DAN CALON (A1 + A2) | E67: =SUM(E57:E66) -> 11 | F67: =SUM(F57:F66) -> 8 | G67: =SUM(G57:G66) -> 13 | H67: =SUM(H57:H66) -> 8 | I67: =SUM(I57:I66) -> 5 | J67: =SUM(J57:J66) -> 8 | K67: =SUM(K57:K66) -> 6 | L67: =SUM(L57:L66) -> 4 | ... AB67: =SUM(AB57:AB66) -> 250
A69: A.1 | B69: 3. | C69: Partai Demokrasi Indonesia Perjuangan | E69: 7 | F69: 8 | G69: 6 | H69: 5 | I69: 8 | J69: 7 | K69: 3 | L69: 3 | M69: 7 | N69: 7 | O69: 2 | P69: 2 | Q69: 5 | R69: 1 | S69: 4 | T69: 3 | U69: 2 | V69: 14 | W69: 11 | X69: 18 | Y69: 10 | Z69: 17 | AA69: 8 | AB69: =SUM(E69:AA69) -> 158
A70: A.2 | C70: 1. PATEMO | E70: 2 | F70: 0 | G70: 1 | H70: 1 | I70: 3 | J70: 1 | K70: 7 | L70: 4 | M70: 11 | N70: 41 | O70: 10 | P70: 4 | Q70: 5 | R70: 4 | S70: 4 | T70: 7 | U70: 13 | V70: 121 | W70: 124 | X70: 123 | Y70: 107 | Z70: 120 | AA70: 133 | AB70: =SUM(E70:AA70) -> 846
C71: 2. EKO HARIYONO | E71: 1 | F71: 0 | G71: 1 | H71: 1 | I71: 0 | J71: 1 | K71: 4 | L71: 0 | M71: 11 | N71: 1 | O71: 0 | P71: 0 | Q71: 0 | R71: 0 | S71: 1 | T71: 1 | U71: 0 | V71: 1 | W71: 1 | X71: 3 | Y71: 1 | Z71: 1 | AA71: 0 | AB71: =SUM(E71:AA71) -> 29
C72: 3. SRI RUSMAWATI | E72: 0 | F72: 0 | G72: 0 | H72: 0 | I72: 0 | J72: 0 | K72: 1 | L72: 0 | M72: 2 | N72: 1 | O72: 1 | P72: 0 | Q72: 0 | R72: 0 | S72: 0 | T72: 0 | U72: 1 | V72: 1 | W72: 1 | X72: 1 | Y72: 3 | Z72: 0 | AA72: 0 | AB72: =SUM(E72:AA72) -> 12
C73: 4. SUGIYANTO | E73: 0 | F73: 0 | G73: 1 | H73: 0 | I73: 0 | J73: 2 | K73: 1 | L73: 0 | M73: 0 | N73: 0 | O73: 0 | P73: 0 | Q73: 0 | R73: 0 | S73: 1 | T73: 0 | U73: 0 | V73: 0 | W73: 0 | X73: 0 | Y73: 0 | Z73: 0 | AA73: 0 | AB73: =SUM(E73:AA73) -> 5
C74: 5. DHEA SARTIKA | E74: 29 | F74: 40 | G74: 21 | H74: 11 | I74: 24 | J74: 36 | K74: 26 | L74: 9 | M74: 15 | N74: 10 | O74: 15 | P74: 6 | Q74: 5 | R74: 30 | S74: 30 | T74: 15 | U74: 7 | V74: 1 | W74: 2 | X74: 2 | Y74: 3 | Z74: 4 | AA74: 0 | AB74: =SUM(E74:AA74) -> 341
C75: 6. WIDIAWATI | E75: 1 | F75: 0 | G75: 0 | H75: 0 | I75: 0 | J75: 0 | K75: 0 | L75: 0 | M75: 1 | N75: 0 | O75: 1 | P75: 0 | Q75: 0 | R75: 0 | S75: 0 | T75: 0 | U75: 0 | V75: 0 | W75: 0 | X75: 0 | Y75: 0 | Z75: 0 | AA75: 0 | AB75: =SUM(E75:AA75) -> 3
C76: 7. ARIF NUR CAHYO | E76: 102 | F76: 113 | G76: 140 | H76: 151 | I76: 159 | J76: 96 | K76: 116 | L76: 95 | M76: 84 | N76: 119 | O76: 23 | P76: 33 | Q76: 29 | R76: 15 | S76: 18 | T76: 24 | U76: 34 | V76: 19 | W76: 19 | X76: 29 | Y76: 24 | Z76: 13 | AA76: 5 | AB76: =SUM(E76:AA76) -> 1460
AB77: =SUM(E77:AA77) -> 0
AB78: =SUM(E78:AA78) -> 0
A79: B | B79: JUMLAH SUARA SAH PARTAI POLITIK DAN CALON (A1 + A2) | E79: =SUM(E69:E78) -> 142 | F79: =SUM(F69:F78) -> 161 | G79: =SUM(G69:G78) -> 170 | H79: =SUM(H69:H78) -> 169 | I79: =SUM(I69:I78) -> 194 | J79: =SUM(J69:J78) -> 143 | K79: =SUM(K69:K78) -> 158 | L79: =SUM(L69:L78) -> 111 | ... AB79: =SUM(AB69:AB78) -> 2854
A81: A.1 | B81: 4. | C81: Partai Golongan Karya | E81: 1 | F81: 0 | G81: 0 | H81: 0 | I81: 2 | J81: 1 | K81: 0 | L81: 1 | M81: 1 | N81: 3 | O81: 3 | P81: 3 | Q81: 2 | R81: 1 | S81: 0 | T81: 3 | U81: 0 | V81: 1 | W81: 1 | X81: 5 | Y81: 1 | Z81: 1 | AA81: 3 | AB81: =SUM(E81:AA81) -> 33
A82: A.2 | C82: 1. MOCHAMMAD ZAENUL ARIFIN, S.M. | E82: 1 | F82: 2 | G82: 0 | H82: 0 | I82: 0 | J82: 0 | K82: 0 | L82: 0 | M82: 2 | N82: 0 | O82: 0 | P82: 0 | Q82: 0 | R82: 3 | S82: 0 | T82: 4 | U82: 8 | V82: 0 | W82: 8 | X82: 1 | Y82: 3 | Z82: 0 | AA82: 6 | AB82: =SUM(E82:AA82) -> 38
C83: 2. NANANG EDY SUPRIYONO | E83: 1 | F83: 0 | G83: 0 | H83: 1 | I83: 2 | J83: 6 | K83: 10 | L83: 7 | M83: 18 | N83: 15 | O83: 71 | P83: 98 | Q83: 1 | R83: 1 | S83: 0 | T83: 4 | U83: 2 | V83: 4 | W83: 1 | X83: 1 | Y83: 1 | Z83: 2 | AA83: 6 | AB83: =SUM(E83:AA83) -> 252
C84: 3. SITI MUNAWAROH | E84: 0 | F84: 0 | G84: 0 | H84: 0 | I84: 0 | J84: 0 | K84: 0 | L84: 0 | M84: 0 | N84: 0 | O84: 0 | P84: 1 | Q84: 1 | R84: 1 | S84: 0 | T84: 0 | U84: 1 | V84: 0 | W84: 0 | X84: 0 | Y84: 0 | Z84: 0 | AA84: 0 | AB84: =SUM(E84:AA84) -> 4
C85: 4. SINUNG TEGUH SANTOSO, S.H., M.H. | E85: 0 | F85: 0 | G85: 0 | H85: 0 | I85: 0 | J85: 0 | K85: 0 | L85: 0 | M85: 0 | N85: 0 | O85: 0 | P85: 0 | Q85: 0 | R85: 0 | S85: 0 | T85: 0 | U85: 0 | V85: 0 | W85: 0 | X85: 0 | Y85: 0 | Z85: 0 | AA85: 0 | AB85: =SUM(E85:AA85) -> 0
C86: 5. Drs. ALI MUKHSIN | E86: 0 | F86: 0 | G86: 0 | H86: 0 | I86: 0 | J86: 0 | K86: 0 | L86: 0 | M86: 0 | N86: 0 | O86: 0 | P86: 0 | Q86: 0 | R86: 0 | S86: 0 | T86: 0 | U86: 0 | V86: 0 | W86: 1 | X86: 0 | Y86: 0 | Z86: 0 | AA86: 0 | AB86: =SUM(E86:AA86) -> 1
C87: 6. JUMIA KAMSISKA | E87: 0 | F87: 0 | G87: 0 | H87: 0 | I87: 0 | J87: 0 | K87: 0 | L87: 0 | M87: 0 | N87: 0 | O87: 0 | P87: 0 | Q87: 0 | R87: 0 | S87: 0 | T87: 0 | U87: 0 | V87: 0 | W87: 0 | X87: 0 | Y87: 0 | Z87: 0 | AA87: 0 | AB87: =SUM(E87:AA87) -> 0
C88: 7. Dra. DYAH PURWANINGSIH | E88: 0 | F88: 0 | G88: 1 | H88: 0 | I88: 0 | J88: 0 | K88: 0 | L88: 0 | M88: 0 | N88: 0 | O88: 0 | P88: 0 | Q88: 0 | R88: 0 | S88: 0 | T88: 0 | U88: 0 | V88: 0 | W88: 0 | X88: 0 | Y88: 0 | Z88: 0 | AA88: 0 | AB88: =SUM(E88:AA88) -> 1
AB89: =SUM(E89:AA89) -> 0
AB90: =SUM(E90:AA90) -> 0
A91: B | B91: JUMLAH SUARA SAH PARTAI POLITIK DAN CALON (A1 + A2) | E91: =SUM(E81:E90) -> 3 | F91: =SUM(F81:F90) -> 2 | G91: =SUM(G81:G90) -> 1 | H91: =SUM(H81:H90) -> 1 | I91: =SUM(I81:I90) -> 4 | J91: =SUM(J81:J90) -> 7 | K91: =SUM(K81:K90) -> 10 | L91: =SUM(L81:L90) -> 8 | ... AB91: =SUM(AB81:AB90) -> 329
A93: A.1 | B93: 5. | C93: Partai NasDem | E93: 1 | F93: 1 | G93: 1 | H93: 1 | I93: 1 | J93: 2 | K93: 0 | L93: 0 | M93: 1 | N93: 1 | O93: 1 | P93: 0 | Q93: 0 | R93: 1 | S93: 0 | T93: 2 | U93: 0 | V93: 1 | W93: 1 | X93: 2 | Y93: 0 | Z93: 0 | AA93: 0 | AB93: =SUM(E93:AA93) -> 17
A94: A.2 | C94: 1. AGUNG SETYO WIBOWO, S.E. | E94: 0 | F94: 0 | G94: 0 | H94: 1 | I94: 1 | J94: 2 | K94: 0 | L94: 1 | M94: 2 | N94: 1 | O94: 2 | P94: 1 | Q94: 2 | R94: 1 | S94: 2 | T94: 2 | U94: 1 | V94: 2 | W94: 2 | X94: 0 | Y94: 0 | Z94: 0 | AA94: 0 | AB94: =SUM(E94:AA94) -> 23
C95: 2. M. AGHISTNI MAULANA S. | E95: 0 | F95: 0 | G95: 3 | H95: 0 | I95: 0 | J95: 0 | K95: 0 | L95: 0 | M95: 0 | N95: 1 | O95: 0 | P95: 0 | Q95: 0 | R95: 0 | S95: 0 | T95: 2 | U95: 0 | V95: 0 | W95: 0 | X95: 0 | Y95: 2 | Z95: 0 | AA95: 0 | AB95: =SUM(E95:AA95) -> 8
C96: 3. MUJIATI | E96: 0 | F96: 0 | G96: 0 | H96: 0 | I96: 0 | J96: 0 | K96: 0 | L96: 0 | M96: 0 | N96: 0 | O96: 0 | P96: 0 | Q96: 0 | R96: 0 | S96: 0 | T96: 0 | U96: 1 | V96: 0 | W96: 0 | X96: 0 | Y96: 0 | Z96: 0 | AA96: 0 | AB96: =SUM(E96:AA96) -> 1
C97: 4. MOH. ALI MAGHFUR, S.S., M.Si. | E97: 0 | F97: 0 | G97: 0 | H97: 0 | I97: 0 | J97: 0 | K97: 0 | L97: 0 | M97: 1 | N97: 0 | O97: 0 | P97: 0 | Q97: 0 | R97: 0 | S97: 0 | T97: 0 | U97: 0 | V97: 0 | W97: 1 | X97: 0 | Y97: 0 | Z97: 0 | AA97: 0 | AB97: =SUM(E97:AA97) -> 2
C98: 5. NUR HIDAYAH, S.H. | E98: 0 | F98: 2 | G98: 0 | H98: 3 | I98: 1 | J98: 1 | K98: 1 | L98: 1 | M98: 5 | N98: 8 | O98: 0 | P98: 0 | Q98: 0 | R98: 0 | S98: 5 | T98: 16 | U98: 24 | V98: 7 | W98: 8 | X98: 5 | Y98: 1 | Z98: 0 | AA98: 2 | AB98: =SUM(E98:AA98) -> 90
C99: 6. NUR FATMAWATI | E99: 0 | F99: 0 | G99: 0 | H99: 0 | I99: 0 | J99: 0 | K99: 0 | L99: 1 | M99: 0 | N99: 0 | O99: 0 | P99: 0 | Q99: 4 | R99: 0 | S99: 0 | T99: 4 | U99: 0 | V99: 0 | W99: 0 | X99: 0 | Y99: 0 | Z99: 0 | AA99: 0 | AB99: =SUM(E99:AA99) -> 9
C100: 7. BAMBANG AGUS SANTOSO | E100: 0 | F100: 0 | G100: 0 | H100: 0 | I100: 0 | J100: 0 | K100: 0 | L100: 0 | M100: 0 | N100: 0 | O100: 0 | P100: 0 | Q100: 0 | R100: 0 | S100: 0 | T100: 0 | U100: 0 | V100: 0 | W100: 0 | X100: 0 | Y100: 0 | Z100: 0 | AA100: 0 | AB100: =SUM(E100:AA100) -> 0
AB101: =SUM(E101:AA101) -> 0
AB102: =SUM(E102:AA102) -> 0
A103: B | B103: JUMLAH SUARA SAH PARTAI POLITIK DAN CALON (A1 + A2) | E103: =SUM(E93:E102) -> 1 | F103: =SUM(F93:F102) -> 3 | G103: =SUM(G93:G102) -> 4 | H103: =SUM(H93:H102) -> 5 | I103: =SUM(I93:I102) -> 3 | J103: =SUM(J93:J102) -> 5 | K103: =SUM(K93:K102) -> 1 | L103: =SUM(L93:L102) -> 3 | ... AB103: =SUM(AB93:AB102) -> 150
A105: A.1 | B105: 6. | C105: Partai Buruh | E105: 1 | F105: 1 | G105: 0 | H105: 0 | I105: 1 | J105: 0 | K105: 0 | L105: 0 | M105: 0 | N105: 0 | O105: 0 | P105: 0 | Q105: 0 | R105: 0 | S105: 0 | T105: 0 | U105: 1 | V105: 0 | W105: 0 | X105: 0 | Y105: 0 | Z105: 0 | AA105: 2 | AB105: =SUM(E105:AA105) -> 6
A106: A.2 | C106: 1. YULIANTO | E106: 0 | F106: 0 | G106: 0 | H106: 0 | I106: 0 | J106: 0 | K106: 0 | L106: 0 | M106: 0 | N106: 0 | O106: 0 | P106: 0 | Q106: 0 | R106: 0 | S106: 0 | T106: 0 | U106: 0 | V106: 0 | W106: 0 | X106: 0 | Y106: 0 | Z106: 0 | AA106: 0 | AB106: =SUM(E106:AA106) -> 0
AB107: =SUM(E107:AA107) -> 0
AB108: =SUM(E108:AA108) -> 0
AB109: =SUM(E109:AA109) -> 0
AB110: =SUM(E110:AA110) -> 0
AB111: =SUM(E111:AA111) -> 0
AB112: =SUM(E112:AA112) -> 0
AB113: =SUM(E113:AA113) -> 0
AB114: =SUM(E114:AA114) -> 0
A115: B | B115: JUMLAH SUARA SAH PARTAI POLITIK DAN CALON (A1 + A2) | E115: =SUM(E105:E114) -> 1 | F115: =SUM(F105:F114) -> 1 | G115: =SUM(G105:G114) -> 0 | H115: =SUM(H105:H114) -> 0 | I115: =SUM(I105:I114) -> 1 | J115: =SUM(J105:J114) -> 0 | K115: =SUM(K105:K114) -> 0 | L115: =SUM(L105:L114) -> 0 | ... AB115: =SUM(AB105:AB114) -> 6
A117: A.1 | B117: 7. | C117: Partai Gelombang Rakyat Indonesia | E117: 1 | F117: 2 | G117: 3 | H117: 5 | I117: 5 | J117: 3 | K117: 3 | L117: 3 | M117: 3 | N117: 3 | O117: 1 | P117: 0 | Q117: 1 | R117: 4 | S117: 2 | T117: 2 | U117: 1 | V117: 2 | W117: 2 | X117: 0 | Y117: 0 | Z117: 1 | AA117: 1 | AB117: =SUM(E117:AA117) -> 48
...

Sheet SILIRAGUNG
C2: Kecamatan | D2: SILIRAGUNG
C3: Kabupaten | D3: BANYUWANGI
C4: Provinsi | D4: JAWA TIMUR
C9: Kelurahan | D9: SILIRAGUNG
A12: I | B12: DATA PEMILIH DAN PENGGUNAAN HAK PILIH | AB12: JUMLAH AKHIR
A13: A | B13: DATA PEMILIH | E13: TPS 001 | F13: TPS 002 | G13: TPS 003 | H13: TPS 004 | I13: TPS 005 | J13: TPS 006 | K13: TPS 007 | L13: TPS 008 | M13: TPS 009 | N13: TPS 010 | O13: TPS 011 | P13: TPS 012 | Q13: TPS 013 | R13: TPS 014 | S13: TPS 015 | T13: TPS 016 | U13: TPS 017 | V13: TPS 018 | W13: TPS 019 | X13: TPS 020 | Y13: TPS 021 | Z13: TPS 022 | AA13: TPS 023
B14: Jumlah Pemilih dalam Daftar Pemilih Tetap (DPT) | D14: LK | E14: 145 | F14: 131 | G14: 134 | H14: 122 | I14: 121 | J14: 109 | K14: 127 | L14: 130 | M14: 140 | N14: 125 | O14: 136 | P14: 142 | Q14: 134 | R14: 131 | S14: 124 | T14: 148 | U14: 136 | V14: 131 | W14: 138 | X14: 139 | Y14: 139 | Z14: 133 | AA14: 136 | AB14: =SUM(E14:AA14) -> 3051
D15: PR | E15: 125 | F15: 123 | G15: 135 | H15: 131 | I15: 133 | J15: 129 | K15: 126 | L15: 137 | M15: 131 | N15: 144 | O15: 134 | P15: 126 | Q15: 133 | R15: 140 | S15: 142 | T15: 125 | U15: 143 | V15: 124 | W15: 145 | X15: 141 | Y15: 137 | Z15: 126 | AA15: 132 | AB15: =SUM(E15:AA15) -> 3062
D16: JML | E16: =SUM(E14:E15) -> 270 | F16: =SUM(F14:F15) -> 254 | G16: =SUM(G14:G15) -> 269 | H16: =SUM(H14:H15) -> 253 | I16: =SUM(I14:I15) -> 254 | J16: =SUM(J14:J15) -> 238 | K16: =SUM(K14:K15) -> 253 | L16: =SUM(L14:L15) -> 267 | ... AA16: =SUM(AA14:AA15) -> 268 | AB16: =SUM(E16:AA16) -> 6113
A18: B | B18: PENGGUNA HAK PILIH
B19: 1. | C19: Jumlah pengguna hak pilih dalam Daftar Pemilih Tetap (DPT) | D19: LK | E19: 109 | F19: 97 | G19: 104 | H19: 86 | I19: 89 | J19: 83 | K19: 89 | L19: 100 | M19: 107 | N19: 93 | O19: 91 | P19: 94 | Q19: 97 | R19: 96 | S19: 88 | T19: 113 | U19: 109 | V19: 90 | W19: 109 | X19: 110 | Y19: 104 | Z19: 94 | AA19: 100 | AB19: =SUM(E19:AA19) -> 2252
D20: PR | E20: 98 | F20: 104 | G20: 107 | H20: 98 | I20: 105 | J20: 108 | K20: 100 | L20: 108 | M20: 104 | N20: 112 | O20: 101 | P20: 87 | Q20: 99 | R20: 109 | S20: 95 | T20: 98 | U20: 120 | V20: 94 | W20: 119 | X20: 122 | Y20: 111 | Z20: 95 | AA20: 99 | AB20: =SUM(E20:AA20) -> 2393
D21: JML | E21: =SUM(E19:E20) -> 207 | F21: =SUM(F19:F20) -> 201 | G21: =SUM(G19:G20) -> 211 | H21: =SUM(H19:H20) -> 184 | I21: =SUM(I19:I20) -> 194 | J21: =SUM(J19:J20) -> 191 | K21: =SUM(K19:K20) -> 189 | L21: =SUM(L19:L20) -> 208 | ... AA21: =SUM(AA19:AA20) -> 199 | AB21: =SUM(E21:AA21) -> 4645
B22: 2. | C22: Jumlah pengguna hak pilih dalam Daftar Pemilih Tambahan (DPTb) | D22: LK | E22: 0 | F22: 0 | G22: 0 | H22: 0 | I22: 0 | J22: 0 | K22: 0 | L22: 0 | M22: 0 | N22: 0 | O22: 0 | P22: 0 | Q22: 0 | R22: 0 | S22: 1 | T22: 0 | U22: 0 | V22: 0 | W22: 0 | X22: 0 | Y22: 0 | Z22: 0 | AA22: 0 | AB22: =SUM(E22:AA22) -> 1
D23: PR | E23: 0 | F23: 0 | G23: 0 | H23: 0 | I23: 0 | J23: 0 | K23: 0 | L23: 0 | M23: 0 | N23: 0 | O23: 0 | P23: 0 | Q23: 0 | R23: 0 | S23: 0 | T23: 0 | U23: 0 | V23: 0 | W23: 0 | X23: 0 | Y23: 0 | Z23: 0 | AA23: 0 | AB23: =SUM(E23:AA23) -> 0
D24: JML | E24: =SUM(E22:E23) -> 0 | F24: =SUM(F22:F23) -> 0 | G24: =SUM(G22:G23) -> 0 | H24: =SUM(H22:H23) -> 0 | I24: =SUM(I22:I23) -> 0 | J24: =SUM(J22:J23) -> 0 | K24: =SUM(K22:K23) -> 0 | L24: =SUM(L22:L23) -> 0 | ... AA24: =SUM(AA22:AA23) -> 0 | AB24: =SUM(E24:AA24) -> 1
B25: 3. | C25: Jumlah pengguna hak pilih dalam Daftar Pemilih Khusus (DPK) | D25: LK | E25: 2 | F25: 2 | G25: 4 | H25: 1 | I25: 1 | J25: 6 | K25: 5 | L25: 1 | M25: 0 | N25: 1 | O25: 0 | P25: 4 | Q25: 0 | R25: 3 | S25: 2 | T25: 2 | U25: 4 | V25: 2 | W25: 0 | X25: 0 | Y25: 1 | Z25: 5 | AA25: 1 | AB25: =SUM(E25:AA25) -> 47
D26: PR | E26: 3 | F26: 6 | G26: 6 | H26: 3 | I26: 4 | J26: 4 | K26: 4 | L26: 0 | M26: 5 | N26: 5 | O26: 1 | P26: 9 | Q26: 1 | R26: 2 | S26: 1 | T26: 5 | U26: 3 | V26: 2 | W26: 2 | X26: 2 | Y26: 2 | Z26: 3 | AA26: 2 | AB26: =SUM(E26:AA26) -> 75
D27: JML | E27: =SUM(E25:E26) -> 5 | F27: =SUM(F25:F26) -> 8 | G27: =SUM(G25:G26) -> 10 | H27: =SUM(H25:H26) -> 4 | I27: =SUM(I25:I26) -> 5 | J27: =SUM(J25:J26) -> 10 | K27: =SUM(K25:K26) -> 9 | L27: =SUM(L25:L26) -> 1 | ... AA27: =SUM(AA25:AA26) -> 3 | AB27: =SUM(E27:AA27) -> 122
B28: 4. | C28: Jumlah Pengguna Hak Pilih (B.1+B.2+B.3) | D28: LK | E28: =SUM(E19,E22,E25) -> 111 | F28: =SUM(F19,F22,F25) -> 99 | G28: =SUM(G19,G22,G25) -> 108 | H28: =SUM(H19,H22,H25) -> 87 | I28: =SUM(I19,I22,I25) -> 90 | J28: =SUM(J19,J22,J25) -> 89 | K28: =SUM(K19,K22,K25) -> 94 | L28: =SUM(L19,L22,L25) -> 101 | ... AA28: =SUM(AA19,AA22,AA25) -> 101 | AB28: =SUM(E28:AA28) -> 2300
D29: PR | E29: =SUM(E20,E23,E26) -> 101 | F29: =SUM(F20,F23,F26) -> 110 | G29: =SUM(G20,G23,G26) -> 113 | H29: =SUM(H20,H23,H26) -> 101 | I29: =SUM(I20,I23,I26) -> 109 | J29: =SUM(J20,J23,J26) -> 112 | K29: =SUM(K20,K23,K26) -> 104 | L29: =SUM(L20,L23,L26) -> 108 | ... AA29: =SUM(AA20,AA23,AA26) -> 101 | AB29: =SUM(E29:AA29) -> 2468
D30: JML | E30: =SUM(E28:E29) -> 212 | F30: =SUM(F28:F29) -> 209 | G30: =SUM(G28:G29) -> 221 | H30: =SUM(H28:H29) -> 188 | I30: =SUM(I28:I29) -> 199 | J30: =SUM(J28:J29) -> 201 | K30: =SUM(K28:K29) -> 198 | L30: =SUM(L28:L29) -> 209 | ... AA30: =SUM(AA28:AA29) -> 202 | AB30: =SUM(E30:AA30) -> 4768
A32: II | B32: DATA PENGGUNAAN SURAT SUARA
A33: 1 | B33: Jumlah surat suara yang diterima, termasuk surat suara cadangan 2,5% dari DPT | E33: 276 | F33: 260 | G33: 275 | H33: 259 | I33: 260 | J33: 243 | K33: 259 | L33: 273 | M33: 277 | N33: 275 | O33: 276 | P33: 274 | Q33: 273 | R33: 277 | S33: 273 | T33: 279 | U33: 285 | V33: 261 | W33: 289 | X33: 286 | Y33: 274 | Z33: 265 | AA33: 274 | AB33: =SUM(E33:AA33) -> 6243
A34: 2 | B34: Jumlah surat suara yang digunakan | E34: 212 | F34: 209 | G34: 221 | H34: 188 | I34: 199 | J34: 201 | K34: 198 | L34: 209 | M34: 216 | N34: 211 | O34: 193 | P34: 194 | Q34: 197 | R34: 210 | S34: 187 | T34: 218 | U34: 236 | V34: 188 | W34: 230 | X34: 234 | Y34: 218 | Z34: 197 | AA34: 202 | AB34: =SUM(E34:AA34) -> 4768
A35: 3 | B35: Jumlah surat suara dikembalikan oleh pemilih (karena rusak atau keliru coblos) | E35: 2 | F35: 0 | G35: 0 | H35: 0 | I35: 0 | J35: 0 | K35: 0 | L35: 0 | M35: 0 | N35: 0 | O35: 0 | P35: 3 | Q35: 0 | R35: 0 | S35: 2 | T35: 0 | U35: 0 | V35: 0 | W35: 0 | X35: 0 | Y35: 2 | Z35: 0 | AA35: 1 | AB35: =SUM(E35:AA35) -> 10
A36: 4 | B36: Jumlah surat suara yang tidak digunakan/tidak terpakai, termasuk sisa surat suara cadangan | E36: =E33-(E34+E35) -> 62 | F36: =F33-(F34+F35) -> 51 | G36: =G33-(G34+G35) -> 54 | H36: =H33-(H34+H35) -> 71 | I36: =I33-(I34+I35) -> 61 | J36: =J33-(J34+J35) -> 42 | K36: =K33-(K34+K35) -> 61 | L36: =L33-(L34+L35) -> 64 | ... AA36: =AA33-(AA34+AA35) -> 71 | AB36: =SUM(E36:AA36) -> 1465
A38: III | B38: DATA PEMILIH DISABILITAS
B39: Jumlah seluruh Pemilih disabilitas yang menggunakan hak pilih | D39: LK | E39: 0 | F39: 0 | G39: 0 | H39: 0 | I39: 0 | J39: 0 | K39: 0 | L39: 0 | M39: 0 | N39: 1 | O39: 0 | P39: 0 | Q39: 0 | R39: 0 | S39: 0 | T39: 0 | U39: 0 | V39: 0 | W39: 0 | X39: 0 | Y39: 0 | Z39: 0 | AA39: 1 | AB39: =SUM(E39:AA39) -> 2
D40: PR | E40: 0 | F40: 0 | G40: 0 | H40: 0 | I40: 0 | J40: 1 | K40: 0 | L40: 0 | M40: 0 | N40: 1 | O40: 0 | P40: 0 | Q40: 0 | R40: 0 | S40: 0 | T40: 0 | U40: 0 | V40: 0 | W40: 0 | X40: 2 | Y40: 0 | Z40: 0 | AA40: 1 | AB40: =SUM(E40:AA40) -> 5
D41: JML | E41: =SUM(E39:E40) -> 0 | F41: =SUM(F39:F40) -> 0 | G41: =SUM(G39:G40) -> 0 | H41: =SUM(H39:H40) -> 0 | I41: =SUM(I39:I40) -> 0 | J41: =SUM(J39:J40) -> 1 | K41: =SUM(K39:K40) -> 0 | L41: =SUM(L39:L40) -> 0 | ... AA41: =SUM(AA39:AA40) -> 2 | AB41: =SUM(E41:AA41) -> 7
A43: IV | B43: DATA RINCIAN PEROLEHAN SUARA PASANGAN CALON BUPATI DAN WAKIL BUPATI
A44: NOMOR DAN NAMA CALON
A45: A.1 | B45: 1. | C45: Partai Kebangkitan Bangsa | E45: 7 | F45: 4 | G45: 4 | H45: 1 | I45: 3 | J45: 5 | K45: 4 | L45: 8 | M45: 1 | N45: 4 | O45: 4 | P45: 4 | Q45: 13 | R45: 7 | S45: 5 | T45: 10 | U45: 7 | V45: 1 | W45: 4 | X45: 1 | Y45: 6 | Z45: 5 | AA45: 2 | AB45: =SUM(E45:AA45) -> 110
A46: A.2 | C46: 1. MUKHTAR NABALI MUFAUWIQ | E46: 14 | F46: 3 | G46: 5 | H46: 6 | I46: 9 | J46: 18 | K46: 17 | L46: 7 | M46: 1 | N46: 11 | O46: 11 | P46: 8 | Q46: 33 | R46: 30 | S46: 11 | T46: 17 | U46: 11 | V46: 7 | W46: 2 | X46: 12 | Y46: 22 | Z46: 9 | AA46: 8 | AB46: =SUM(E46:AA46) -> 272
C47: 2. H. SUSIYANTO | E47: 2 | F47: 2 | G47: 4 | H47: 2 | I47: 3 | J47: 3 | K47: 1 | L47: 2 | M47: 2 | N47: 0 | O47: 1 | P47: 1 | Q47: 1 | R47: 0 | S47: 0 | T47: 2 | U47: 1 | V47: 0 | W47: 0 | X47: 0 | Y47: 0 | Z47: 1 | AA47: 0 | AB47: =SUM(E47:AA47) -> 28
C48: 3. DUWI HASTRENI, S.H. | E48: 0 | F48: 0 | G48: 0 | H48: 0 | I48: 0 | J48: 0 | K48: 1 | L48: 0 | M48: 0 | N48: 0 | O48: 0 | P48: 0 | Q48: 0 | R48: 0 | S48: 0 | T48: 0 | U48: 0 | V48: 0 | W48: 0 | X48: 0 | Y48: 3 | Z48: 9 | AA48: 6 | AB48: =SUM(E48:AA48) -> 19
C49: 4. MIFTAKHODIN | E49: 1 | F49: 0 | G49: 0 | H49: 0 | I49: 1 | J49: 0 | K49: 0 | L49: 0 | M49: 0 | N49: 0 | O49: 0 | P49: 2 | Q49: 0 | R49: 0 | S49: 0 | T49: 0 | U49: 0 | V49: 0 | W49: 0 | X49: 0 | Y49: 2 | Z49: 1 | AA49: 0 | AB49: =SUM(E49:AA49) -> 7
C50: 5. SITI MUSTIKAH | E50: 2 | F50: 1 | G50: 0 | H50: 2 | I50: 0 | J50: 0 | K50: 0 | L50: 1 | M50: 0 | N50: 0 | O50: 0 | P50: 0 | Q50: 1 | R50: 0 | S50: 2 | T50: 0 | U50: 0 | V50: 0 | W50: 0 | X50: 0 | Y50: 1 | Z50: 0 | AA50: 0 | AB50: =SUM(E50:AA50) -> 10
C51: 6. ABDUL GHOFUR | E51: 1 | F51: 0 | G51: 1 | H51: 0 | I51: 0 | J51: 1 | K51: 0 | L51: 0 | M51: 0 | N51: 0 | O51: 0 | P51: 2 | Q51: 1 | R51: 0 | S51: 0 | T51: 1 | U51: 1 | V51: 0 | W51: 1 | X51: 0 | Y51: 0 | Z51: 0 | AA51: 0 | AB51: =SUM(E51:AA51) -> 9
C52: 7. ABDUL ROHMAN, S.Pd. | E52: 1 | F52: 1 | G52: 9 | H52: 7 | I52: 2 | J52: 0 | K52: 0 | L52: 0 | M52: 16 | N52: 7 | O52: 14 | P52: 2 | Q52: 4 | R52: 4 | S52: 3 | T52: 3 | U52: 6 | V52: 21 | W52: 0 | X52: 0 | Y52: 1 | Z52: 2 | AA52: 7 | AB52: =SUM(E52:AA52) -> 110
AB53: =SUM(E53:AA53) -> 0
AB54: =SUM(E54:AA54) -> 0
A55: B | B55: JUMLAH SUARA SAH PARTAI POLITIK DAN CALON (A1 + A2) | E55: =SUM(E45:E54) -> 28 | F55: =SUM(F45:F54) -> 11 | G55: =SUM(G45:G54) -> 23 | H55: =SUM(H45:H54) -> 18 | I55: =SUM(I45:I54) -> 18 | J55: =SUM(J45:J54) -> 27 | K55: =SUM(K45:K54) -> 23 | L55: =SUM(L45:L54) -> 18 | ... AB55: =SUM(AB45:AB54) -> 565
A57: A.1 | B57: 2. | C57: Partai Gerakan Indonesia Raya | E57: 11 | F57: 4 | G57: 7 | H57: 3 | I57: 6 | J57: 11 | K57: 11 | L57: 11 | M57: 8 | N57: 20 | O57: 20 | P57: 12 | Q57: 17 | R57: 8 | S57: 6 | T57: 9 | U57: 6 | V57: 10 | W57: 8 | X57: 8 | Y57: 8 | Z57: 10 | AA57: 21 | AB57: =SUM(E57:AA57) -> 235
A58: A.2 | C58: 1. Drs. H. SUPRAYOGIN | E58: 4 | F58: 4 | G58: 5 | H58: 1 | I58: 1 | J58: 1 | K58: 2 | L58: 0 | M58: 1 | N58: 3 | O58: 2 | P58: 3 | Q58: 0 | R58: 1 | S58: 2 | T58: 2 | U58: 0 | V58: 4 | W58: 0 | X58: 1 | Y58: 1 | Z58: 0 | AA58: 2 | AB58: =SUM(E58:AA58) -> 40
C59: 2. MAHFUD SYAMSUL HADI | E59: 38 | F59: 9 | G59: 23 | H59: 6 | I59: 16 | J59: 17 | K59: 24 | L59: 17 | M59: 11 | N59: 29 | O59: 23 | P59: 21 | Q59: 9 | R59: 23 | S59: 7 | T59: 5 | U59: 14 | V59: 11 | W59: 4 | X59: 15 | Y59: 17 | Z59: 39 | AA59: 69 | AB59: =SUM(E59:AA59) -> 447
C60: 3. NUR AINI | E60: 4 | F60: 6 | G60: 10 | H60: 8 | I60: 6 | J60: 9 | K60: 17 | L60: 21 | M60: 42 | N60: 17 | O60: 8 | P60: 14 | Q60: 17 | R60: 8 | S60: 7 | T60: 7 | U60: 15 | V60: 4 | W60: 3 | X60: 5 | Y60: 5 | Z60: 0 | AA60: 2 | AB60: =SUM(E60:AA60) -> 235
C61: 4. ACHMAD ALI WAFFA | E61: 0 | F61: 1 | G61: 0 | H61: 0 | I61: 0 | J61: 0 | K61: 1 | L61: 1 | M61: 2 | N61: 4 | O61: 0 | P61: 0 | Q61: 0 | R61: 2 | S61: 0 | T61: 1 | U61: 1 | V61: 1 | W61: 2 | X61: 0 | Y61: 0 | Z61: 0 | AA61: 0 | AB61: =SUM(E61:AA61) -> 16
C62: 5. SRI HARTATIK | E62: 1 | F62: 0 | G62: 0 | H62: 0 | I62: 1 | J62: 1 | K62: 0 | L62: 0 | M62: 2 | N62: 3 | O62: 0 | P62: 0 | Q62: 0 | R62: 0 | S62: 0 | T62: 1 | U62: 1 | V62: 0 | W62: 0 | X62: 1 | Y62: 0 | Z62: 0 | AA62: 0 | AB62: =SUM(E62:AA62) -> 11
C63: 6. MAKIK SIHOMBING | E63: 0 | F63: 0 | G63: 1 | H63: 0 | I63: 0 | J63: 0 | K63: 0 | L63: 0 | M63: 0 | N63: 1 | O63: 0 | P63: 0 | Q63: 0 | R63: 0 | S63: 0 | T63: 1 | U63: 0 | V63: 0 | W63: 0 | X63: 0 | Y63: 0 | Z63: 0 | AA63: 0 | AB63: =SUM(E63:AA63) -> 3
C64: 7. LIDYA OKTAVIANA | E64: 0 | F64: 0 | G64: 0 | H64: 0 | I64: 0 | J64: 2 | K64: 0 | L64: 2 | M64: 0 | N64: 0 | O64: 0 | P64: 0 | Q64: 0 | R64: 0 | S64: 1 | T64: 0 | U64: 0 | V64: 0 | W64: 0 | X64: 0 | Y64: 0 | Z64: 0 | AA64: 0 | AB64: =SUM(E64:AA64) -> 5
AB65: =SUM(E65:AA65) -> 0
AB66: =SUM(E66:AA66) -> 0
A67: B | B67: JUMLAH SUARA SAH PARTAI POLITIK DAN CALON (A1 + A2) | E67: =SUM(E57:E66) -> 58 | F67: =SUM(F57:F66) -> 24 | G67: =SUM(G57:G66) -> 46 | H67: =SUM(H57:H66) -> 18 | I67: =SUM(I57:I66) -> 30 | J67: =SUM(J57:J66) -> 41 | K67: =SUM(K57:K66) -> 55 | L67: =SUM(L57:L66) -> 52 | ... AB67: =SUM(AB57:AB66) -> 992
A69: A.1 | B69: 3. | C69: Partai Demokrasi Indonesia Perjuangan | E69: 3 | F69: 7 | G69: 2 | H69: 6 | I69: 5 | J69: 6 | K69: 5 | L69: 7 | M69: 6 | N69: 6 | O69: 4 | P69: 5 | Q69: 9 | R69: 1 | S69: 2 | T69: 4 | U69: 9 | V69: 5 | W69: 9 | X69: 6 | Y69: 7 | Z69: 10 | AA69: 5 | AB69: =SUM(E69:AA69) -> 129
A70: A.2 | C70: 1. PATEMO | E70: 2 | F70: 0 | G70: 1 | H70: 3 | I70: 2 | J70: 3 | K70: 1 | L70: 0 | M70: 8 | N70: 3 | O70: 2 | P70: 4 | Q70: 1 | R70: 0 | S70: 0 | T70: 12 | U70: 9 | V70: 7 | W70: 15 | X70: 5 | Y70: 0 | Z70: 1 | AA70: 4 | AB70: =SUM(E70:AA70) -> 83
C71: 2. EKO HARIYONO | E71: 3 | F71: 2 | G71: 0 | H71: 2 | I71: 3 | J71: 4 | K71: 0 | L71: 6 | M71: 7 | N71: 4 | O71: 2 | P71: 8 | Q71: 2 | R71: 2 | S71: 2 | T71: 0 | U71: 1 | V71: 0 | W71: 3 | X71: 5 | Y71: 1 | Z71: 0 | AA71: 1 | AB71: =SUM(E71:AA71) -> 58
C72: 3. SRI RUSMAWATI | E72: 0 | F72: 1 | G72: 0 | H72: 2 | I72: 2 | J72: 2 | K72: 0 | L72: 1 | M72: 0 | N72: 0 | O72: 3 | P72: 1 | Q72: 1 | R72: 0 | S72: 4 | T72: 0 | U72: 1 | V72: 1 | W72: 2 | X72: 0 | Y72: 3 | Z72: 1 | AA72: 0 | AB72: =SUM(E72:AA72) -> 25
C73: 4. SUGIYANTO | E73: 0 | F73: 0 | G73: 2 | H73: 1 | I73: 0 | J73: 0 | K73: 0 | L73: 0 | M73: 2 | N73: 0 | O73: 0 | P73: 2 | Q73: 0 | R73: 0 | S73: 1 | T73: 1 | U73: 0 | V73: 0 | W73: 0 | X73: 0 | Y73: 0 | Z73: 0 | AA73: 0 | AB73: =SUM(E73:AA73) -> 9
C74: 5. DHEA SARTIKA | E74: 3 | F74: 5 | G74: 7 | H74: 21 | I74: 32 | J74: 15 | K74: 15 | L74: 13 | M74: 8 | N74: 21 | O74: 22 | P74: 6 | Q74: 6 | R74: 3 | S74: 6 | T74: 8 | U74: 1 | V74: 9 | W74: 14 | X74: 11 | Y74: 3 | Z74: 23 | AA74: 7 | AB74: =SUM(E74:AA74) -> 259
C75: 6. WIDIAWATI | E75: 0 | F75: 2 | G75: 4 | H75: 2 | I75: 5 | J75: 8 | K75: 18 | L75: 2 | M75: 1 | N75: 1 | O75: 5 | P75: 0 | Q75: 1 | R75: 0 | S75: 0 | T75: 0 | U75: 0 | V75: 0 | W75: 0 | X75: 12 | Y75: 0 | Z75: 1 | AA75: 1 | AB75: =SUM(E75:AA75) -> 63
C76: 7. ARIF NUR CAHYO | E76: 6 | F76: 23 | G76: 4 | H76: 2 | I76: 9 | J76: 10 | K76: 7 | L76: 17 | M76: 11 | N76: 4 | O76: 1 | P76: 1 | Q76: 7 | R76: 4 | S76: 4 | T76: 4 | U76: 27 | V76: 17 | W76: 25 | X76: 49 | Y76: 45 | Z76: 29 | AA76: 30 | AB76: =SUM(E76:AA76) -> 336
AB77: =SUM(E77:AA77) -> 0
AB78: =SUM(E78:AA78) -> 0
A79: B | B79: JUMLAH SUARA SAH PARTAI POLITIK DAN CALON (A1 + A2) | E79: =SUM(E69:E78) -> 17 | F79: =SUM(F69:F78) -> 40 | G79: =SUM(G69:G78) -> 20 | H79: =SUM(H69:H78) -> 39 | I79: =SUM(I69:I78) -> 58 | J79: =SUM(J69:J78) -> 48 | K79: =SUM(K69:K78) -> 46 | L79: =SUM(L69:L78) -> 46 | ... AB79: =SUM(AB69:AB78) -> 962
A81: A.1 | B81: 4. | C81: Partai Golongan Karya | E81: 3 | F81: 6 | G81: 1 | H81: 1 | I81: 3 | J81: 2 | K81: 6 | L81: 1 | M81: 1 | N81: 2 | O81: 1 | P81: 4 | Q81: 2 | R81: 3 | S81: 6 | T81: 4 | U81: 1 | V81: 3 | W81: 1 | X81: 2 | Y81: 2 | Z81: 9 | AA81: 1 | AB81: =SUM(E81:AA81) -> 65
A82: A.2 | C82: 1. MOCHAMMAD ZAENUL ARIFIN, S.M. | E82: 3 | F82: 2 | G82: 2 | H82: 3 | I82: 4 | J82: 0 | K82: 5 | L82: 2 | M82: 2 | N82: 5 | O82: 3 | P82: 11 | Q82: 3 | R82: 21 | S82: 16 | T82: 19 | U82: 10 | V82: 8 | W82: 3 | X82: 4 | Y82: 4 | Z82: 6 | AA82: 2 | AB82: =SUM(E82:AA82) -> 138
C83: 2. NANANG EDY SUPRIYONO | E83: 0 | F83: 0 | G83: 0 | H83: 0 | I83: 1 | J83: 1 | K83: 0 | L83: 1 | M83: 5 | N83: 1 | O83: 0 | P83: 3 | Q83: 0 | R83: 1 | S83: 3 | T83: 4 | U83: 1 | V83: 2 | W83: 9 | X83: 1 | Y83: 4 | Z83: 2 | AA83: 1 | AB83: =SUM(E83:AA83) -> 40
C84: 3. SITI MUNAWAROH | E84: 0 | F84: 0 | G84: 0 | H84: 0 | I84: 1 | J84: 0 | K84: 0 | L84: 1 | M84: 0 | N84: 0 | O84: 0 | P84: 0 | Q84: 0 | R84: 0 | S84: 0 | T84: 0 | U84: 2 | V84: 2 | W84: 0 | X84: 1 | Y84: 1 | Z84: 1 | AA84: 0 | AB84: =SUM(E84:AA84) -> 9
C85: 4. SINUNG TEGUH SANTOSO, S.H., M.H. | E85: 0 | F85: 3 | G85: 4 | H85: 5 | I85: 4 | J85: 3 | K85: 2 | L85: 0 | M85: 0 | N85: 5 | O85: 0 | P85: 1 | Q85: 2 | R85: 0 | S85: 9 | T85: 1 | U85: 0 | V85: 2 | W85: 0 | X85: 0 | Y85: 7 | Z85: 10 | AA85: 3 | AB85: =SUM(E85:AA85) -> 61
C86: 5. Drs. ALI MUKHSIN | E86: 0 | F86: 0 | G86: 0 | H86: 0 | I86: 0 | J86: 1 | K86: 1 | L86: 0 | M86: 0 | N86: 0 | O86: 0 | P86: 0 | Q86: 1 | R86: 0 | S86: 0 | T86: 0 | U86: 0 | V86: 0 | W86: 0 | X86: 0 | Y86: 0 | Z86: 1 | AA86: 0 | AB86: =SUM(E86:AA86) -> 4
C87: 6. JUMIA KAMSISKA | E87: 0 | F87: 0 | G87: 0 | H87: 1 | I87: 0 | J87: 0 | K87: 0 | L87: 0 | M87: 0 | N87: 0 | O87: 0 | P87: 0 | Q87: 0 | R87: 0 | S87: 0 | T87: 0 | U87: 0 | V87: 0 | W87: 0 | X87: 0 | Y87: 0 | Z87: 0 | AA87: 0 | AB87: =SUM(E87:AA87) -> 1
C88: 7. Dra. DYAH PURWANINGSIH | E88: 0 | F88: 0 | G88: 0 | H88: 0 | I88: 2 | J88: 0 | K88: 0 | L88: 1 | M88: 0 | N88: 0 | O88: 0 | P88: 0 | Q88: 0 | R88: 0 | S88: 0 | T88: 0 | U88: 0 | V88: 0 | W88: 0 | X88: 0 | Y88: 0 | Z88: 0 | AA88: 0 | AB88: =SUM(E88:AA88) -> 3
AB89: =SUM(E89:AA89) -> 0
AB90: =SUM(E90:AA90) -> 0
A91: B | B91: JUMLAH SUARA SAH PARTAI POLITIK DAN CALON (A1 + A2) | E91: =SUM(E81:E90) -> 6 | F91: =SUM(F81:F90) -> 11 | G91: =SUM(G81:G90) -> 7 | H91: =SUM(H81:H90) -> 10 | I91: =SUM(I81:I90) -> 15 | J91: =SUM(J81:J90) -> 7 | K91: =SUM(K81:K90) -> 14 | L91: =SUM(L81:L90) -> 6 | ... AB91: =SUM(AB81:AB90) -> 321
A93: A.1 | B93: 5. | C93: Partai NasDem | E93: 2 | F93: 3 | G93: 2 | H93: 4 | I93: 0 | J93: 1 | K93: 0 | L93: 6 | M93: 0 | N93: 2 | O93: 2 | P93: 4 | Q93: 0 | R93: 0 | S93: 1 | T93: 1 | U93: 1 | V93: 2 | W93: 2 | X93: 1 | Y93: 1 | Z93: 0 | AA93: 0 | AB93: =SUM(E93:AA93) -> 35
A94: A.2 | C94: 1. AGUNG SETYO WIBOWO, S.E. | E94: 12 | F94: 30 | G94: 30 | H94: 26 | I94: 22 | J94: 12 | K94: 17 | L94: 24 | M94: 24 | N94: 10 | O94: 11 | P94: 14 | Q94: 2 | R94: 7 | S94: 6 | T94: 8 | U94: 0 | V94: 11 | W94: 50 | X94: 9 | Y94: 0 | Z94: 1 | AA94: 1 | AB94: =SUM(E94:AA94) -> 327
C95: 2. M. AGHISTNI MAULANA S. | E95: 3 | F95: 3 | G95: 13 | H95: 6 | I95: 1 | J95: 0 | K95: 1 | L95: 0 | M95: 2 | N95: 0 | O95: 0 | P95: 1 | Q95: 2 | R95: 3 | S95: 0 | T95: 4 | U95: 0 | V95: 1 | W95: 7 | X95: 2 | Y95: 5 | Z95: 0 | AA95: 0 | AB95: =SUM(E95:AA95) -> 54
C96: 3. MUJIATI | E96: 1 | F96: 0 | G96: 0 | H96: 0 | I96: 1 | J96: 0 | K96: 1 | L96: 0 | M96: 0 | N96: 0 | O96: 0 | P96: 0 | Q96: 0 | R96: 0 | S96: 0 | T96: 0 | U96: 0 | V96: 0 | W96: 1 | X96: 0 | Y96: 0 | Z96: 0 | AA96: 0 | AB96: =SUM(E96:AA96) -> 4
C97: 4. MOH. ALI MAGHFUR, S.S., M.Si. | E97: 0 | F97: 0 | G97: 0 | H97: 0 | I97: 0 | J97: 2 | K97: 0 | L97: 0 | M97: 0 | N97: 0 | O97: 0 | P97: 0 | Q97: 0 | R97: 0 | S97: 1 | T97: 0 | U97: 0 | V97: 0 | W97: 0 | X97: 0 | Y97: 0 | Z97: 0 | AA97: 0 | AB97: =SUM(E97:AA97) -> 3
C98: 5. NUR HIDAYAH, S.H. | E98: 3 | F98: 1 | G98: 2 | H98: 3 | I98: 1 | J98: 4 | K98: 0 | L98: 0 | M98: 1 | N98: 4 | O98: 4 | P98: 1 | Q98: 4 | R98: 2 | S98: 13 | T98: 5 | U98: 2 | V98: 5 | W98: 1 | X98: 1 | Y98: 16 | Z98: 4 | AA98: 1 | AB98: =SUM(E98:AA98) -> 78
C99: 6. NUR FATMAWATI | E99: 0 | F99: 0 | G99: 0 | H99: 0 | I99: 0 | J99: 0 | K99: 0 | L99: 0 | M99: 0 | N99: 1 | O99: 0 | P99: 0 | Q99: 1 | R99: 0 | S99: 1 | T99: 1 | U99: 0 | V99: 0 | W99: 0 | X99: 0 | Y99: 0 | Z99: 0 | AA99: 0 | AB99: =SUM(E99:AA99) -> 4
C100: 7. BAMBANG AGUS SANTOSO | E100: 0 | F100: 0 | G100: 0 | H100: 0 | I100: 0 | J100: 0 | K100: 0 | L100: 0 | M100: 0 | N100: 0 | O100: 0 | P100: 0 | Q100: 0 | R100: 0 | S100: 0 | T100: 0 | U100: 0 | V100: 0 | W100: 0 | X100: 0 | Y100: 0 | Z100: 0 | AA100: 0 | AB100: =SUM(E100:AA100) -> 0
AB101: =SUM(E101:AA101) -> 0
AB102: =SUM(E102:AA102) -> 0
A103: B | B103: JUMLAH SUARA SAH PARTAI POLITIK DAN CALON (A1 + A2) | E103: =SUM(E93:E102) -> 21 | F103: =SUM(F93:F102) -> 37 | G103: =SUM(G93:G102) -> 47 | H103: =SUM(H93:H102) -> 39 | I103: =SUM(I93:I102) -> 25 | J103: =SUM(J93:J102) -> 19 | K103: =SUM(K93:K102) -> 19 | L103: =SUM(L93:L102) -> 30 | ... AB103: =SUM(AB93:AB102) -> 505
A105: A.1 | B105: 6. | C105: Partai Buruh | E105: 0 | F105: 0 | G105: 0 | H105: 0 | I105: 0 | J105: 0 | K105: 0 | L105: 0 | M105: 0 | N105: 0 | O105: 0 | P105: 0 | Q105: 0 | R105: 0 | S105: 0 | AB105: =SUM(E105:AA105) -> 0
A106: A.2 | C106: 1. YULIANTO | E106: 0 | F106: 0 | G106: 0 | H106: 0 | I106: 1 | J106: 0 | K106: 1 | L106: 0 | M106: 0 | N106: 0 | O106: 0 | P106: 0 | Q106: 0 | R106: 0 | S106: 0 | AB106: =SUM(E106:AA106) -> 2
AB107: =SUM(E107:AA107) -> 0
AB108: =SUM(E108:AA108) -> 0
AB109: =SUM(E109:AA109) -> 0
AB110: =SUM(E110:AA110) -> 0
AB111: =SUM(E111:AA111) -> 0
AB112: =SUM(E112:AA112) -> 0
AB113: =SUM(E113:AA113) -> 0
AB114: =SUM(E114:AA114) -> 0
A115: B | B115: JUMLAH SUARA SAH PARTAI POLITIK DAN CALON (A1 + A2) | E115: =SUM(E105:E114) -> 0 | F115: =SUM(F105:F114) -> 0 | G115: =SUM(G105:G114) -> 0 | H115: =SUM(H105:H114) -> 0 | I115: =SUM(I105:I114) -> 1 | J115: =SUM(J105:J114) -> 0 | K115: =SUM(K105:K114) -> 1 | L115: =SUM(L105:L114) -> 0 | ... AB115: =SUM(AB105:AB114) -> 2
A117: A.1 | B117: 7. | C117: Partai Gelombang Rakyat Indonesia | E117: 1 | F117: 2 | G117: 0 | H117: 0 | I117: 0 | J117: 0 | K117: 1 | L117: 0 | M117: 0 | N117: 1 | O117: 0 | P117: 1 | Q117: 0 | R117: 1 | T117: 0 | U117: 2 | V117: 2 | W117: 2 | X117: 3 | Y117: 0 | Z117: 2 | AA117: 7 | AB117: =SUM(E117:AA117) -> 25
...
