Workbook

Sheet DPRD KAB
C8: Kecamatan | D8: GAMBIRAN
C9: Kabupaten | D9: BANYUWANGI
C10: Provinsi | D10: JAWA TIMUR
A12: I | B12: DATA PEMILIH DAN PENGGUNAAN HAK PILIH | E12: JUMLAH AKHIR
A13: A | B13: DATA PEMILIH
B14: Jumlah Pemilih dalam Daftar Pemilih Tetap (DPT) | D14: LK | E14: =GAMBIRAN!AY14+JAJAG!BA14+PURWODADI!AC14+WRINGINAGUNG!AB14+WRINGINREJO!X14+YOSOMULYO!AP14 -> 25710
D15: PR | E15: =GAMBIRAN!AY15+JAJAG!BA15+PURWODADI!AC15+WRINGINAGUNG!AB15+WRINGINREJO!X15+YOSOMULYO!AP15 -> 26323
D16: JML | E16: =SUM(E14:E15) -> 52033
A18: B | B18: PENGGUNA HAK PILIH
B19: 1. | C19: Jumlah pengguna hak pilih dalam Daftar Pemilih Tetap (DPT) | D19: LK | E19: =GAMBIRAN!AY19+JAJAG!BA19+PURWODADI!AC19+WRINGINAGUNG!AB19+WRINGINREJO!X19+YOSOMULYO!AP19 -> 18990
D20: PR | E20: =GAMBIRAN!AY20+JAJAG!BA20+PURWODADI!AC20+WRINGINAGUNG!AB20+WRINGINREJO!X20+YOSOMULYO!AP20 -> 20768
D21: JML | E21: =SUM(E19:E20) -> 39758
B22: 2. | C22: Jumlah pengguna hak pilih dalam Daftar Pemilih Tambahan (DPTb) | D22: LK | E22: =GAMBIRAN!AY22+JAJAG!BA22+PURWODADI!AC22+WRINGINAGUNG!AB22+WRINGINREJO!X22+YOSOMULYO!AP22 -> 27
D23: PR | E23: =GAMBIRAN!AY23+JAJAG!BA23+PURWODADI!AC23+WRINGINAGUNG!AB23+WRINGINREJO!X23+YOSOMULYO!AP23 -> 23
D24: JML | E24: =SUM(E22:E23) -> 50
B25: 3. | C25: Jumlah pengguna hak pilih dalam Daftar Pemilih Khusus (DPK) | D25: LK | E25: =GAMBIRAN!AY25+JAJAG!BA25+PURWODADI!AC25+WRINGINAGUNG!AB25+WRINGINREJO!X25+YOSOMULYO!AP25 -> 199
D26: PR | E26: =GAMBIRAN!AY26+JAJAG!BA26+PURWODADI!AC26+WRINGINAGUNG!AB26+WRINGINREJO!X26+YOSOMULYO!AP26 -> 227
D27: JML | E27: =SUM(E25:E26) -> 426
B28: 4. | C28: Jumlah Pengguna Hak Pilih (B.1+B.2+B.3) | D28: LK | E28: =E19+E22+E25 -> 19216
D29: PR | E29: =E20+E23+E26 -> 21018
D30: JML | E30: =SUM(E28:E29) -> 40234
A32: II | B32: DATA PENGGUNAAN SURAT SUARA
A33: 1 | B33: Jumlah surat suara yang diterima, termasuk surat suara cadangan 2,5% dari DPT | E33: =GAMBIRAN!AY33+JAJAG!BA33+PURWODADI!AC33+WRINGINAGUNG!AB33+WRINGINREJO!X33+YOSOMULYO!AP33 -> 53065
A34: 2 | B34: Jumlah surat suara yang digunakan | E34: =GAMBIRAN!AY34+JAJAG!BA34+PURWODADI!AC34+WRINGINAGUNG!AB34+WRINGINREJO!X34+YOSOMULYO!AP34 -> 40234
A35: 3 | B35: Jumlah surat suara dikembalikan oleh pemilih (karena rusak atau keliru coblos) | E35: =GAMBIRAN!AY35+JAJAG!BA35+PURWODADI!AC35+WRINGINAGUNG!AB35+WRINGINREJO!X35+YOSOMULYO!AP35 -> 83
A36: 4 | B36: Jumlah surat suara yang tidak digunakan/tidak terpakai, termasuk sisa surat suara cadangan | E36: =E33-(E34+E35) -> 12748
A38: III | B38: DATA PEMILIH DISABILITAS
B39: Jumlah seluruh Pemilih disabilitas yang menggunakan hak pilih | D39: LK | E39: =GAMBIRAN!AY39+JAJAG!BA39+PURWODADI!AC39+WRINGINAGUNG!AB39+WRINGINREJO!X39+YOSOMULYO!AP39 -> 36
D40: PR | E40: =GAMBIRAN!AY40+JAJAG!BA40+PURWODADI!AC40+WRINGINAGUNG!AB40+WRINGINREJO!X40+YOSOMULYO!AP40 -> 43
D41: JML | E41: =SUM(E39:E40) -> 79
A43: IV | B43: DATA RINCIAN PEROLEHAN SUARA PASANGAN CALON BUPATI DAN WAKIL BUPATI
A44: NOMOR DAN NAMA CALON
A45: A.1 | B45: 1. | C45: Partai Kebangkitan Bangsa | E45: =GAMBIRAN!AY45+JAJAG!BA45+PURWODADI!AC45+WRINGINAGUNG!AB45+WRINGINREJO!X45+YOSOMULYO!AP45 -> 832
A46: A.2 | B46: 1 | C46: KH. MUHAMMAD RIZA AZIZY, M.IEB. | E46: =GAMBIRAN!AY46+JAJAG!BA46+PURWODADI!AC46+WRINGINAGUNG!AB46+WRINGINREJO!X46+YOSOMULYO!AP46 -> 891
B47: 2 | C47: INAYANTI KUSUMASARI, S.E. | E47: =GAMBIRAN!AY47+JAJAG!BA47+PURWODADI!AC47+WRINGINAGUNG!AB47+WRINGINREJO!X47+YOSOMULYO!AP47 -> 556
B48: 3 | C48: TOPAN HADI SUCIPTO, S.H. | E48: =GAMBIRAN!AY48+JAJAG!BA48+PURWODADI!AC48+WRINGINAGUNG!AB48+WRINGINREJO!X48+YOSOMULYO!AP48 -> 1327
B49: 4 | C49: HAULA KARIMA AKBAR, S.PD. | E49: =GAMBIRAN!AY49+JAJAG!BA49+PURWODADI!AC49+WRINGINAGUNG!AB49+WRINGINREJO!X49+YOSOMULYO!AP49 -> 45
B50: 5 | C50: SUGENG HARYONO | E50: =GAMBIRAN!AY50+JAJAG!BA50+PURWODADI!AC50+WRINGINAGUNG!AB50+WRINGINREJO!X50+YOSOMULYO!AP50 -> 31
B51: 6 | C51: MOH. RIYADUS SHOLIHIN, A.MD. | E51: =GAMBIRAN!AY51+JAJAG!BA51+PURWODADI!AC51+WRINGINAGUNG!AB51+WRINGINREJO!X51+YOSOMULYO!AP51 -> 1594
A52: B | B52: JUMLAH SUARA SAH PARTAI POLITIK DAN CALON (A1 + A2) | E52: =SUM(E45:E51) -> 5276
A54: A.1 | B54: 2. | C54: Partai Gerakan Indonesia Raya | E54: =GAMBIRAN!AY54+JAJAG!BA54+PURWODADI!AC54+WRINGINAGUNG!AB54+WRINGINREJO!X54+YOSOMULYO!AP54 -> 1182
A55: A.2 | B55: 1 | C55: AGUNG SUBASTIAN | E55: =GAMBIRAN!AY55+JAJAG!BA55+PURWODADI!AC55+WRINGINAGUNG!AB55+WRINGINREJO!X55+YOSOMULYO!AP55 -> 704
B56: 2 | C56: ABDUL HAMID | E56: =GAMBIRAN!AY56+JAJAG!BA56+PURWODADI!AC56+WRINGINAGUNG!AB56+WRINGINREJO!X56+YOSOMULYO!AP56 -> 239
B57: 3 | C57: NUR ALVI NAZIMAH | E57: =GAMBIRAN!AY57+JAJAG!BA57+PURWODADI!AC57+WRINGINAGUNG!AB57+WRINGINREJO!X57+YOSOMULYO!AP57 -> 116
B58: 4 | C58: EMI WIJAYANTI | E58: =GAMBIRAN!AY58+JAJAG!BA58+PURWODADI!AC58+WRINGINAGUNG!AB58+WRINGINREJO!X58+YOSOMULYO!AP58 -> 181
B59: 5 | C59: MUHAMAD ALFAN SAIFUDIN | E59: =GAMBIRAN!AY59+JAJAG!BA59+PURWODADI!AC59+WRINGINAGUNG!AB59+WRINGINREJO!X59+YOSOMULYO!AP59 -> 59
B60: 6 | C60: BAYU PUTRA PAMUNGKAS | E60: =GAMBIRAN!AY60+JAJAG!BA60+PURWODADI!AC60+WRINGINAGUNG!AB60+WRINGINREJO!X60+YOSOMULYO!AP60 -> 103
A61: B | B61: JUMLAH SUARA SAH PARTAI POLITIK DAN CALON (A1 + A2) | E61: =SUM(E54:E60) -> 2584
A63: A.1 | B63: 3. | C63: Partai Demokrasi Indonesia Perjuangan | E63: =GAMBIRAN!AY63+JAJAG!BA63+PURWODADI!AC63+WRINGINAGUNG!AB63+WRINGINREJO!X63+YOSOMULYO!AP63 -> 1973
A64: A.2 | B64: 1 | C64: IR. YAYUK BANAR SRI PANGAYOM | E64: =GAMBIRAN!AY64+JAJAG!BA64+PURWODADI!AC64+WRINGINAGUNG!AB64+WRINGINREJO!X64+YOSOMULYO!AP64 -> 6164
B65: 2 | C65: DR. ANA ANIATI | E65: =GAMBIRAN!AY65+JAJAG!BA65+PURWODADI!AC65+WRINGINAGUNG!AB65+WRINGINREJO!X65+YOSOMULYO!AP65 -> 2842
B66: 3 | C66: HADI WIDODO, S.P. | E66: =GAMBIRAN!AY66+JAJAG!BA66+PURWODADI!AC66+WRINGINAGUNG!AB66+WRINGINREJO!X66+YOSOMULYO!AP66 -> 939
B67: 4 | C67: ANDIKO PUTRA MAHATTA | E67: =GAMBIRAN!AY67+JAJAG!BA67+PURWODADI!AC67+WRINGINAGUNG!AB67+WRINGINREJO!X67+YOSOMULYO!AP67 -> 760
B68: 5 | C68: YUNI APRILIA | E68: =GAMBIRAN!AY68+JAJAG!BA68+PURWODADI!AC68+WRINGINAGUNG!AB68+WRINGINREJO!X68+YOSOMULYO!AP68 -> 63
B69: 6 | C69: IKE PREDITA FIKTARYANA | E69: =GAMBIRAN!AY69+JAJAG!BA69+PURWODADI!AC69+WRINGINAGUNG!AB69+WRINGINREJO!X69+YOSOMULYO!AP69 -> 148
A70: B | B70: JUMLAH SUARA SAH PARTAI POLITIK DAN CALON (A1 + A2) | E70: =SUM(E63:E69) -> 12889
A72: A.1 | B72: 4. | C72: Partai Golongan Karya | E72: =GAMBIRAN!AY72+JAJAG!BA72+PURWODADI!AC72+WRINGINAGUNG!AB72+WRINGINREJO!X72+YOSOMULYO!AP72 -> 418
A73: A.2 | B73: 1 | C73: SOFIANDI SUSIADI, A.MD. | E73: =GAMBIRAN!AY73+JAJAG!BA73+PURWODADI!AC73+WRINGINAGUNG!AB73+WRINGINREJO!X73+YOSOMULYO!AP73 -> 1134
B74: 2 | C74: SUHAERI, S.PD. | E74: =GAMBIRAN!AY74+JAJAG!BA74+PURWODADI!AC74+WRINGINAGUNG!AB74+WRINGINREJO!X74+YOSOMULYO!AP74 -> 69
B75: 3 | C75: SITI MAHMUDAH, S.SOS. | E75: =GAMBIRAN!AY75+JAJAG!BA75+PURWODADI!AC75+WRINGINAGUNG!AB75+WRINGINREJO!X75+YOSOMULYO!AP75 -> 57
B76: 4 | C76: HENI KOMISATUN | E76: =GAMBIRAN!AY76+JAJAG!BA76+PURWODADI!AC76+WRINGINAGUNG!AB76+WRINGINREJO!X76+YOSOMULYO!AP76 -> 41
B77: 5 | C77: KUSYONO | E77: =GAMBIRAN!AY77+JAJAG!BA77+PURWODADI!AC77+WRINGINAGUNG!AB77+WRINGINREJO!X77+YOSOMULYO!AP77 -> 214
B78: 6 | C78: SUROSO | E78: =GAMBIRAN!AY78+JAJAG!BA78+PURWODADI!AC78+WRINGINAGUNG!AB78+WRINGINREJO!X78+YOSOMULYO!AP78 -> 32
A79: B | B79: JUMLAH SUARA SAH PARTAI POLITIK DAN CALON (A1 + A2) | E79: =SUM(E72:E78) -> 1965
A81: A.1 | B81: 5. | C81: Partai NasDem | E81: =GAMBIRAN!AY81+JAJAG!BA81+PURWODADI!AC81+WRINGINAGUNG!AB81+WRINGINREJO!X81+YOSOMULYO!AP81 -> 200
A82: A.2 | B82: 1 | C82: ABU SUFYAN, S.E., S.T., M.SI., M.ARS. | E82: =GAMBIRAN!AY82+JAJAG!BA82+PURWODADI!AC82+WRINGINAGUNG!AB82+WRINGINREJO!X82+YOSOMULYO!AP82 -> 963
B83: 2 | C83: LUKMAN HAKIM | E83: =GAMBIRAN!AY83+JAJAG!BA83+PURWODADI!AC83+WRINGINAGUNG!AB83+WRINGINREJO!X83+YOSOMULYO!AP83 -> 35
B84: 3 | C84: DEWI WULANDARI | E84: =GAMBIRAN!AY84+JAJAG!BA84+PURWODADI!AC84+WRINGINAGUNG!AB84+WRINGINREJO!X84+YOSOMULYO!AP84 -> 21
B85: 4 | C85: JAENURI | E85: =GAMBIRAN!AY85+JAJAG!BA85+PURWODADI!AC85+WRINGINAGUNG!AB85+WRINGINREJO!X85+YOSOMULYO!AP85 -> 59
B86: 5 | C86: TRI DINDA LESTARI | E86: =GAMBIRAN!AY86+JAJAG!BA86+PURWODADI!AC86+WRINGINAGUNG!AB86+WRINGINREJO!X86+YOSOMULYO!AP86 -> 450
B87: 6 | C87: AGUS SETIAWAN, A.MD. | E87: =GAMBIRAN!AY87+JAJAG!BA87+PURWODADI!AC87+WRINGINAGUNG!AB87+WRINGINREJO!X87+YOSOMULYO!AP87 -> 125
A88: B | B88: JUMLAH SUARA SAH PARTAI POLITIK DAN CALON (A1 + A2) | E88: =SUM(E81:E87) -> 1853
A90: A.1 | B90: 6. | C90: Partai Buruh | E90: =GAMBIRAN!AY90+JAJAG!BA90+PURWODADI!AC90+WRINGINAGUNG!AB90+WRINGINREJO!X90+YOSOMULYO!AP90 -> 192
B91: 1 | C91: AHMAD MIKKO SYAHRIAL | E91: =GAMBIRAN!AY91+JAJAG!BA91+PURWODADI!AC91+WRINGINAGUNG!AB91+WRINGINREJO!X91+YOSOMULYO!AP91 -> 28
B92: 2 | C92: SITI NURJANNAH | E92: =GAMBIRAN!AY92+JAJAG!BA92+PURWODADI!AC92+WRINGINAGUNG!AB92+WRINGINREJO!X92+YOSOMULYO!AP92 -> 31
A93: A.2 | B93: 3 | C93: RUDI CHRISTIAWAN | E93: =GAMBIRAN!AY93+JAJAG!BA93+PURWODADI!AC93+WRINGINAGUNG!AB93+WRINGINREJO!X93+YOSOMULYO!AP93 -> 19
A94: B | B94: JUMLAH SUARA SAH PARTAI POLITIK DAN CALON (A1 + A2) | E94: =SUM(E90:E93) -> 270
A96: A.1 | B96: 7. | C96: Partai Gelombang Rakyat Indonesia | E96: =GAMBIRAN!AY96+JAJAG!BA96+PURWODADI!AC96+WRINGINAGUNG!AB96+WRINGINREJO!X96+YOSOMULYO!AP96 -> 64
A97: A.2 | B97: 1 | C97: LUTFIYAH | E97: =GAMBIRAN!AY97+JAJAG!BA97+PURWODADI!AC97+WRINGINAGUNG!AB97+WRINGINREJO!X97+YOSOMULYO!AP97 -> 34
B98: 2 | C98: NURMANSYAH | E98: =GAMBIRAN!AY98+JAJAG!BA98+PURWODADI!AC98+WRINGINAGUNG!AB98+WRINGINREJO!X98+YOSOMULYO!AP98 -> 6
A99: B | B99: JUMLAH SUARA SAH PARTAI POLITIK DAN CALON (A1 + A2) | E99: =SUM(E96:E98) -> 104
A101: A.1 | B101: 8. | C101: Partai Keadilan Sejahtera | E101: =GAMBIRAN!AY101+JAJAG!BA101+PURWODADI!AC101+WRINGINAGUNG!AB101+WRINGINREJO!X101+YOSOMULYO!AP101 -> 95
A102: A.2 | B102: 1 | C102: ANHARUDIN, S.PD.I. | E102: =GAMBIRAN!AY102+JAJAG!BA102+PURWODADI!AC102+WRINGINAGUNG!AB102+WRINGINREJO!X102+YOSOMULYO!AP102 -> 218
B103: 2 | C103: NASUKI SYAMSUL, S.H. | E103: =GAMBIRAN!AY103+JAJAG!BA103+PURWODADI!AC103+WRINGINAGUNG!AB103+WRINGINREJO!X103+YOSOMULYO!AP103 -> 16
B104: 3 | C104: LAILATUR ROSYIDAH | E104: =GAMBIRAN!AY104+JAJAG!BA104+PURWODADI!AC104+WRINGINAGUNG!AB104+WRINGINREJO!X104+YOSOMULYO!AP104 -> 43
B105: 4 | C105: ALI MANSUR, S.T. | E105: =GAMBIRAN!AY105+JAJAG!BA105+PURWODADI!AC105+WRINGINAGUNG!AB105+WRINGINREJO!X105+YOSOMULYO!AP105 -> 20
B106: 5 | C106: ALFIRA ROSALIANA | E106: =GAMBIRAN!AY106+JAJAG!BA106+PURWODADI!AC106+WRINGINAGUNG!AB106+WRINGINREJO!X106+YOSOMULYO!AP106 -> 21
B107: 6 | C107: WILDA GUSFIYANTI AZIZ, S.A. | E107: =GAMBIRAN!AY107+JAJAG!BA107+PURWODADI!AC107+WRINGINAGUNG!AB107+WRINGINREJO!X107+YOSOMULYO!AP107 -> 1
A108: B | B108: JUMLAH SUARA SAH PARTAI POLITIK DAN CALON (A1 + A2) | E108: =SUM(E101:E107) -> 414
A110: A.1 | B110: 9. | C110: Partai Kebangkitan Nusantara | E110: =GAMBIRAN!AY110+JAJAG!BA110+PURWODADI!AC110+WRINGINAGUNG!AB110+WRINGINREJO!X110+YOSOMULYO!AP110 -> 10
B111: 1 | C111: NANANG HENDIK ROBBY A.S. | E111: =GAMBIRAN!AY111+JAJAG!BA111+PURWODADI!AC111+WRINGINAGUNG!AB111+WRINGINREJO!X111+YOSOMULYO!AP111 -> 10
B112: 2 | C112: ANY SUSWATI, S.PD. | E112: =GAMBIRAN!AY112+JAJAG!BA112+PURWODADI!AC112+WRINGINAGUNG!AB112+WRINGINREJO!X112+YOSOMULYO!AP112 -> 10
B113: 3 | C113: UNTUNG SUPRIYADI | E113: =GAMBIRAN!AY113+JAJAG!BA113+PURWODADI!AC113+WRINGINAGUNG!AB113+WRINGINREJO!X113+YOSOMULYO!AP113 -> 13
A114: A.2 | B114: 4 | C114: RETNO JUMLIAH | E114: =GAMBIRAN!AY114+JAJAG!BA114+PURWODADI!AC114+WRINGINAGUNG!AB114+WRINGINREJO!X114+YOSOMULYO!AP114 -> 0
A115: B | B115: JUMLAH SUARA SAH PARTAI POLITIK DAN CALON (A1 + A2) | E115: =SUM(E110:E114) -> 43
A117: A.1 | B117: 10. | C117: Partai Hati Nurani Rakyat | E117: =GAMBIRAN!AY117+JAJAG!BA117+PURWODADI!AC117+WRINGINAGUNG!AB117+WRINGINREJO!X117+YOSOMULYO!AP117 -> 16
A118: A.2 | B118: 1 | C118: SRI UTAMI FAKTUNINGSIH | E118: =GAMBIRAN!AY118+JAJAG!BA118+PURWODADI!AC118+WRINGINAGUNG!AB118+WRINGINREJO!X118+YOSOMULYO!AP118 -> 12
B119: 2 | C119: MOH. ARBI SAFITRA | E119: =GAMBIRAN!AY119+JAJAG!BA119+PURWODADI!AC119+WRINGINAGUNG!AB119+WRINGINREJO!X119+YOSOMULYO!AP119 -> 6
B120: 3 | C120: ANDY WITONO, S.T. | E120: =GAMBIRAN!AY120+JAJAG!BA120+PURWODADI!AC120+WRINGINAGUNG!AB120+WRINGINREJO!X120+YOSOMULYO!AP120 -> 0
B121: 4 | C121: H. MUSTOFA HS | E121: =GAMBIRAN!AY121+JAJAG!BA121+PURWODADI!AC121+WRINGINAGUNG!AB121+WRINGINREJO!X121+YOSOMULYO!AP121 -> 17
...

Sheet GAMBIRAN
C2: Kecamatan | D2: GAMBIRAN
C3: Kabupaten | D3: BANYUWANGI
C4: Provinsi | D4: JAWA TIMUR
C9: Kelurahan | D9: GAMBIRAN
A12: I | B12: DATA PEMILIH DAN PENGGUNAAN HAK PILIH | AY12: JUMLAH AKHIR
A13: A | B13: DATA PEMILIH | E13: TPS 001 | F13: TPS 002 | G13: TPS 003 | H13: TPS 004 | I13: TPS 005 | J13: TPS 006 | K13: TPS 007 | L13: TPS 008 | M13: TPS 009 | N13: TPS 010 | O13: TPS 011 | P13: TPS 012 | Q13: TPS 013 | R13: TPS 014 | S13: TPS 015 | T13: TPS 016 | U13: TPS 017 | V13: TPS 018 | W13: TPS 019 | X13: TPS 020 | Y13: TPS 021 | Z13: TPS 022 | AA13: TPS 023 | AB13: TPS 024 | AC13: TPS 025 | AD13: TPS 026 | AE13: TPS 027 | AF13: TPS 028 | AG13: TPS 029 | AH13: TPS 030 | AI13: TPS 031 | AJ13: TPS 032 | AK13: TPS 033 | AL13: TPS 034 | AM13: TPS 035 | AN13: TPS 036 | AO13: TPS 037 | AP13: TPS 038 | AQ13: TPS 039 | AR13: TPS 040 | AS13: TPS 041 | AT13: TPS 042 | AU13: TPS 043 | AV13: TPS 044 | AW13: TPS 045 | AX13: TPS 046
B14: Jumlah Pemilih dalam Daftar Pemilih Tetap (DPT) | D14: LK | E14: 123 | F14: 140 | G14: 122 | H14: 121 | I14: 142 | J14: 124 | K14: 123 | L14: 132 | M14: 104 | N14: 142 | O14: 149 | P14: 134 | Q14: 113 | R14: 101 | S14: 103 | T14: 128 | U14: 135 | V14: 137 | W14: 145 | X14: 137 | Y14: 131 | Z14: 133 | AA14: 122 | AB14: 121 | AC14: 132 | AD14: 131 | AE14: 113 | AF14: 95 | AG14: 141 | AH14: 80 | AI14: 134 | AJ14: 134 | AK14: 148 | AL14: 149 | AM14: 137 | AN14: 139 | AO14: 144 | AP14: 130 | AQ14: 148 | AR14: 132 | AS14: 145 | AT14: 134 | AU14: 145 | AV14: 136 | AW14: 131 | AX14: 154 | AY14: =SUM(E14:AX14) -> 5994
D15: PR | E15: 112 | F15: 126 | G15: 132 | H15: 134 | I15: 139 | J15: 142 | K15: 109 | L15: 126 | M15: 130 | N15: 153 | O15: 140 | P15: 127 | Q15: 109 | R15: 121 | S15: 117 | T15: 151 | U15: 149 | V15: 137 | W15: 143 | X15: 140 | Y15: 145 | Z15: 135 | AA15: 120 | AB15: 102 | AC15: 145 | AD15: 133 | AE15: 116 | AF15: 109 | AG15: 130 | AH15: 71 | AI15: 134 | AJ15: 143 | AK15: 142 | AL15: 144 | AM15: 148 | AN15: 136 | AO15: 146 | AP15: 143 | AQ15: 136 | AR15: 127 | AS15: 140 | AT15: 126 | AU15: 135 | AV15: 136 | AW15: 139 | AX15: 124 | AY15: =SUM(E15:AX15) -> 6042
D16: JML | E16: =SUM(E14:E15) -> 235 | F16: =SUM(F14:F15) -> 266 | G16: =SUM(G14:G15) -> 254 | H16: =SUM(H14:H15) -> 255 | I16: =SUM(I14:I15) -> 281 | J16: =SUM(J14:J15) -> 266 | K16: =SUM(K14:K15) -> 232 | L16: =SUM(L14:L15) -> 258 | ... AX16: =SUM(AX14:AX15) -> 278 | AY16: =SUM(E16:AX16) -> 12036
AY17: =SUM(E17:AX17) -> 0
A18: B | B18: PENGGUNA HAK PILIH | AY18: =SUM(E18:AX18) -> 0
B19: 1. | C19: Jumlah pengguna hak pilih dalam Daftar Pemilih Tetap (DPT) | D19: LK | E19: 85 | F19: 106 | G19: 76 | H19: 77 | I19: 96 | J19: 88 | K19: 88 | L19: 94 | M19: 65 | N19: 103 | O19: 94 | P19: 99 | Q19: 82 | R19: 71 | S19: 83 | T19: 91 | U19: 102 | V19: 102 | W19: 96 | X19: 116 | Y19: 95 | Z19: 100 | AA19: 90 | AB19: 90 | AC19: 85 | AD19: 94 | AE19: 89 | AF19: 68 | AG19: 114 | AH19: 63 | AI19: 98 | AJ19: 101 | AK19: 106 | AL19: 111 | AM19: 117 | AN19: 99 | AO19: 107 | AP19: 94 | AQ19: 103 | AR19: 91 | AS19: 103 | AT19: 106 | AU19: 118 | AV19: 97 | AW19: 85 | AX19: 98 | AY19: =SUM(E19:AX19) -> 4336
D20: PR | E20: 95 | F20: 98 | G20: 95 | H20: 91 | I20: 110 | J20: 108 | K20: 79 | L20: 100 | M20: 101 | N20: 112 | O20: 90 | P20: 108 | Q20: 93 | R20: 82 | S20: 96 | T20: 107 | U20: 122 | V20: 118 | W20: 104 | X20: 115 | Y20: 120 | Z20: 104 | AA20: 103 | AB20: 89 | AC20: 110 | AD20: 109 | AE20: 99 | AF20: 92 | AG20: 109 | AH20: 59 | AI20: 104 | AJ20: 105 | AK20: 118 | AL20: 126 | AM20: 129 | AN20: 103 | AO20: 122 | AP20: 110 | AQ20: 93 | AR20: 103 | AS20: 107 | AT20: 103 | AU20: 112 | AV20: 105 | AW20: 98 | AX20: 102 | AY20: =SUM(E20:AX20) -> 4758
D21: JML | E21: =SUM(E19:E20) -> 180 | F21: =SUM(F19:F20) -> 204 | G21: =SUM(G19:G20) -> 171 | H21: =SUM(H19:H20) -> 168 | I21: =SUM(I19:I20) -> 206 | J21: =SUM(J19:J20) -> 196 | K21: =SUM(K19:K20) -> 167 | L21: =SUM(L19:L20) -> 194 | ... AX21: =SUM(AX19:AX20) -> 200 | AY21: =SUM(E21:AX21) -> 9094
B22: 2. | C22: Jumlah pengguna hak pilih dalam Daftar Pemilih Tambahan (DPTb) | D22: LK | E22: 0 | F22: 1 | G22: 0 | H22: 0 | I22: 0 | J22: 0 | K22: 0 | L22: 0 | M22: 0 | N22: 0 | O22: 3 | P22: 1 | Q22: 1 | R22: 0 | S22: 0 | AI22: 0 | AJ22: 2 | AK22: 0 | AL22: 0 | AM22: 0 | AN22: 0 | AO22: 0 | AP22: 0 | AQ22: 0 | AR22: 1 | AS22: 0 | AT22: 0 | AU22: 0 | AV22: 0 | AW22: 0 | AY22: =SUM(E22:AX22) -> 9
D23: PR | E23: 0 | F23: 0 | G23: 0 | H23: 0 | I23: 0 | J23: 0 | K23: 0 | L23: 0 | M23: 0 | N23: 0 | O23: 5 | P23: 2 | Q23: 1 | R23: 0 | S23: 0 | AI23: 0 | AJ23: 1 | AK23: 0 | AL23: 0 | AM23: 0 | AN23: 0 | AO23: 0 | AP23: 0 | AQ23: 0 | AR23: 0 | AS23: 0 | AT23: 0 | AU23: 0 | AV23: 0 | AW23: 0 | AY23: =SUM(E23:AX23) -> 9
D24: JML | E24: =SUM(E22:E23) -> 0 | F24: =SUM(F22:F23) -> 1 | G24: =SUM(G22:G23) -> 0 | H24: =SUM(H22:H23) -> 0 | I24: =SUM(I22:I23) -> 0 | J24: =SUM(J22:J23) -> 0 | K24: =SUM(K22:K23) -> 0 | L24: =SUM(L22:L23) -> 0 | ... AX24: =SUM(AX22:AX23) -> 0 | AY24: =SUM(E24:AX24) -> 18
B25: 3. | C25: Jumlah pengguna hak pilih dalam Daftar Pemilih Khusus (DPK) | D25: LK | E25: 1 | F25: 0 | G25: 0 | H25: 1 | I25: 1 | J25: 1 | K25: 0 | L25: 0 | M25: 0 | N25: 2 | O25: 0 | P25: 0 | Q25: 2 | R25: 0 | S25: 0 | T25: 1 | U25: 0 | V25: 0 | W25: 2 | X25: 0 | Y25: 0 | Z25: 0 | AA25: 0 | AB25: 1 | AC25: 1 | AD25: 0 | AE25: 1 | AF25: 0 | AG25: 0 | AH25: 0 | AI25: 0 | AJ25: 0 | AK25: 0 | AL25: 0 | AM25: 4 | AN25: 4 | AO25: 0 | AP25: 0 | AQ25: 0 | AR25: 1 | AS25: 0 | AT25: 1 | AU25: 0 | AV25: 1 | AW25: 4 | AY25: =SUM(E25:AX25) -> 29
D26: PR | E26: 1 | F26: 0 | G26: 0 | H26: 0 | I26: 1 | J26: 2 | K26: 0 | L26: 0 | M26: 0 | N26: 1 | O26: 0 | P26: 0 | Q26: 1 | R26: 0 | S26: 0 | T26: 2 | U26: 0 | V26: 0 | W26: 5 | X26: 0 | Y26: 0 | Z26: 0 | AA26: 0 | AB26: 2 | AC26: 3 | AD26: 0 | AE26: 2 | AF26: 1 | AG26: 0 | AH26: 0 | AI26: 0 | AJ26: 0 | AK26: 0 | AL26: 0 | AM26: 5 | AN26: 4 | AO26: 0 | AP26: 0 | AQ26: 0 | AR26: 2 | AS26: 0 | AT26: 0 | AU26: 0 | AV26: 2 | AW26: 4 | AY26: =SUM(E26:AX26) -> 38
D27: JML | E27: =SUM(E25:E26) -> 2 | F27: =SUM(F25:F26) -> 0 | G27: =SUM(G25:G26) -> 0 | H27: =SUM(H25:H26) -> 1 | I27: =SUM(I25:I26) -> 2 | J27: =SUM(J25:J26) -> 3 | K27: =SUM(K25:K26) -> 0 | L27: =SUM(L25:L26) -> 0 | ... AX27: =SUM(AX25:AX26) -> 0 | AY27: =SUM(E27:AX27) -> 67
B28: 4. | C28: Jumlah Pengguna Hak Pilih (B.1+B.2+B.3) | D28: LK | E28: =SUM(E19,E22,E25) -> 86 | F28: =SUM(F19,F22,F25) -> 107 | G28: =SUM(G19,G22,G25) -> 76 | H28: =SUM(H19,H22,H25) -> 78 | I28: =SUM(I19,I22,I25) -> 97 | J28: =SUM(J19,J22,J25) -> 89 | K28: =SUM(K19,K22,K25) -> 88 | L28: =SUM(L19,L22,L25) -> 94 | ... AX28: =SUM(AX19,AX22,AX25) -> 98 | AY28: =SUM(E28:AX28) -> 4374
D29: PR | E29: =SUM(E20,E23,E26) -> 96 | F29: =SUM(F20,F23,F26) -> 98 | G29: =SUM(G20,G23,G26) -> 95 | H29: =SUM(H20,H23,H26) -> 91 | I29: =SUM(I20,I23,I26) -> 111 | J29: =SUM(J20,J23,J26) -> 110 | K29: =SUM(K20,K23,K26) -> 79 | L29: =SUM(L20,L23,L26) -> 100 | ... AX29: =SUM(AX20,AX23,AX26) -> 102 | AY29: =SUM(E29:AX29) -> 4805
D30: JML | E30: =SUM(E28:E29) -> 182 | F30: =SUM(F28:F29) -> 205 | G30: =SUM(G28:G29) -> 171 | H30: =SUM(H28:H29) -> 169 | I30: =SUM(I28:I29) -> 208 | J30: =SUM(J28:J29) -> 199 | K30: =SUM(K28:K29) -> 167 | L30: =SUM(L28:L29) -> 194 | ... AX30: =SUM(AX28:AX29) -> 200 | AY30: =SUM(E30:AX30) -> 9179
AY31: =SUM(E31:AX31) -> 0
A32: II | B32: DATA PENGGUNAAN SURAT SUARA | AY32: =SUM(E32:AX32) -> 0
A33: 1 | B33: Jumlah surat suara yang diterima, termasuk surat suara cadangan 2,5% dari DPT | E33: 240 | F33: 272 | G33: 260 | H33: 260 | I33: 287 | J33: 271 | K33: 237 | L33: 265 | M33: 239 | N33: 301 | O33: 295 | P33: 266 | Q33: 227 | R33: 226 | S33: 224 | T33: 285 | U33: 290 | V33: 280 | W33: 294 | X33: 283 | Y33: 282 | Z33: 274 | AA33: 247 | AB33: 230 | AC33: 283 | AD33: 270 | AE33: 234 | AF33: 210 | AG33: 277 | AH33: 154 | AI33: 274 | AJ33: 284 | AK33: 296 | AL33: 299 | AM33: 291 | AN33: 281 | AO33: 296 | AP33: 279 | AQ33: 290 | AR33: 274 | AS33: 290 | AT33: 266 | AU33: 298 | AV33: 268 | AW33: 275 | AX33: 283 | AY33: =SUM(E33:AX33) -> 12307
A34: 2 | B34: Jumlah surat suara yang digunakan | E34: 182 | F34: 205 | G34: 171 | H34: 169 | I34: 208 | J34: 199 | K34: 167 | L34: 194 | M34: 166 | N34: 218 | O34: 192 | P34: 210 | Q34: 180 | R34: 153 | S34: 179 | T34: 201 | U34: 224 | V34: 220 | W34: 207 | X34: 231 | Y34: 215 | Z34: 204 | AA34: 193 | AB34: 182 | AC34: 199 | AD34: 203 | AE34: 191 | AF34: 161 | AG34: 223 | AH34: 122 | AI34: 202 | AJ34: 209 | AK34: 224 | AL34: 237 | AM34: 255 | AN34: 210 | AO34: 229 | AP34: 204 | AQ34: 196 | AR34: 198 | AS34: 210 | AT34: 210 | AU34: 230 | AV34: 205 | AW34: 191 | AX34: 200 | AY34: =SUM(E34:AX34) -> 9179
A35: 3 | B35: Jumlah surat suara dikembalikan oleh pemilih (karena rusak atau keliru coblos) | E35: 2 | F35: 0 | G35: 3 | H35: 0 | I35: 0 | J35: 0 | K35: 2 | L35: 12 | M35: 3 | N35: 1 | O35: 0 | P35: 0 | Q35: 0 | R35: 0 | S35: 0 | T35: 1 | U35: 0 | V35: 0 | W35: 1 | X35: 0 | Y35: 0 | Z35: 0 | AA35: 0 | AB35: 0 | AC35: 0 | AD35: 0 | AE35: 0 | AF35: 1 | AG35: 0 | AH35: 0 | AI35: 1 | AJ35: 1 | AK35: 0 | AL35: 1 | AM35: 0 | AN35: 0 | AO35: 0 | AP35: 0 | AQ35: 1 | AR35: 0 | AS35: 0 | AT35: 0 | AU35: 1 | AV35: 0 | AW35: 0 | AX35: 0 | AY35: =SUM(E35:AX35) -> 31
A36: 4 | B36: Jumlah surat suara yang tidak digunakan/tidak terpakai, termasuk sisa surat suara cadangan | E36: =E33-(E34+E35) -> 56 | F36: =F33-(F34+F35) -> 67 | G36: =G33-(G34+G35) -> 86 | H36: =H33-(H34+H35) -> 91 | I36: =I33-(I34+I35) -> 79 | J36: =J33-(J34+J35) -> 72 | K36: =K33-(K34+K35) -> 68 | L36: =L33-(L34+L35) -> 59 | ... AX36: =AX33-(AX34+AX35) -> 83 | AY36: =SUM(E36:AX36) -> 3097
AY37: =SUM(E37:AX37) -> 0
A38: III | B38: DATA PEMILIH DISABILITAS | AY38: =SUM(E38:AX38) -> 0
B39: Jumlah seluruh Pemilih disabilitas yang menggunakan hak pilih | D39: LK | E39: 0 | F39: 0 | G39: 1 | H39: 0 | I39: 0 | J39: 0 | K39: 1 | L39: 0 | M39: 0 | N39: 0 | O39: 0 | P39: 1 | Q39: 0 | R39: 0 | S39: 0 | T39: 0 | U39: 0 | V39: 0 | W39: 0 | X39: 0 | Y39: 0 | Z39: 0 | AA39: 1 | AB39: 0 | AC39: 1 | AD39: 0 | AE39: 0 | AF39: 0 | AG39: 0 | AH39: 0 | AI39: 0 | AJ39: 0 | AK39: 0 | AL39: 0 | AM39: 0 | AN39: 0 | AO39: 0 | AP39: 0 | AQ39: 0 | AR39: 0 | AS39: 0 | AT39: 0 | AU39: 0 | AV39: 0 | AW39: 0 | AX39: 0 | AY39: =SUM(E39:AX39) -> 5
D40: PR | E40: 0 | F40: 0 | G40: 0 | H40: 1 | I40: 0 | J40: 1 | K40: 0 | L40: 0 | M40: 0 | N40: 0 | O40: 0 | P40: 0 | Q40: 0 | R40: 0 | S40: 0 | T40: 0 | U40: 0 | V40: 0 | W40: 0 | X40: 0 | Y40: 0 | Z40: 0 | AA40: 0 | AB40: 0 | AC40: 1 | AD40: 0 | AE40: 0 | AF40: 1 | AG40: 0 | AH40: 0 | AI40: 0 | AJ40: 0 | AK40: 1 | AL40: 0 | AM40: 0 | AN40: 0 | AO40: 0 | AP40: 0 | AQ40: 0 | AR40: 0 | AS40: 0 | AT40: 0 | AU40: 0 | AV40: 0 | AW40: 0 | AX40: 0 | AY40: =SUM(E40:AX40) -> 5
D41: JML | E41: =SUM(E39:E40) -> 0 | F41: =SUM(F39:F40) -> 0 | G41: =SUM(G39:G40) -> 1 | H41: =SUM(H39:H40) -> 1 | I41: =SUM(I39:I40) -> 0 | J41: =SUM(J39:J40) -> 1 | K41: =SUM(K39:K40) -> 1 | L41: =SUM(L39:L40) -> 0 | ... AX41: =SUM(AX39:AX40) -> 0 | AY41: =SUM(E41:AX41) -> 10
AY42: =SUM(E42:AX42) -> 0
A43: IV | B43: DATA RINCIAN PEROLEHAN SUARA PASANGAN CALON BUPATI DAN WAKIL BUPATI | AY43: =SUM(E43:AX43) -> 0
A44: NOMOR DAN NAMA CALON | AY44: =SUM(E44:AX44) -> 0
A45: A.1 | B45: 1. | C45: Partai Kebangkitan Bangsa | E45: 6 | F45: 3 | G45: 3 | H45: 1 | I45: 7 | J45: 2 | K45: 4 | L45: 2 | M45: 6 | N45: 7 | O45: 4 | P45: 0 | Q45: 2 | R45: 0 | S45: 2 | T45: 2 | U45: 6 | V45: 4 | W45: 2 | X45: 5 | Y45: 6 | Z45: 4 | AA45: 0 | AB45: 3 | AC45: 7 | AD45: 0 | AE45: 4 | AF45: 4 | AG45: 5 | AH45: 1 | AI45: 0 | AJ45: 8 | AK45: 13 | AL45: 8 | AM45: 11 | AN45: 12 | AO45: 5 | AP45: 6 | AQ45: 12 | AR45: 3 | AS45: 9 | AT45: 10 | AU45: 8 | AV45: 5 | AW45: 5 | AX45: 2 | AY45: =SUM(E45:AX45) -> 219
A46: A.2 | B46: 1 | C46: KH. MUHAMMAD RIZA AZIZY, M.IEB. | E46: 1 | F46: 2 | G46: 3 | H46: 0 | I46: 2 | J46: 7 | K46: 1 | L46: 2 | M46: 2 | N46: 2 | O46: 3 | P46: 1 | Q46: 2 | R46: 3 | S46: 4 | T46: 2 | U46: 4 | V46: 6 | W46: 4 | X46: 13 | Y46: 2 | Z46: 11 | AA46: 0 | AB46: 1 | AC46: 3 | AD46: 0 | AE46: 2 | AF46: 5 | AG46: 4 | AH46: 1 | AI46: 0 | AJ46: 13 | AK46: 45 | AL46: 12 | AM46: 12 | AN46: 2 | AO46: 5 | AP46: 3 | AQ46: 3 | AR46: 10 | AS46: 5 | AT46: 7 | AU46: 9 | AV46: 0 | AW46: 4 | AX46: 3 | AY46: =SUM(E46:AX46) -> 226
B47: 2 | C47: INAYANTI KUSUMASARI, S.E. | E47: 2 | F47: 1 | G47: 0 | H47: 0 | I47: 0 | J47: 2 | K47: 0 | L47: 1 | M47: 0 | N47: 1 | O47: 1 | P47: 3 | Q47: 0 | R47: 0 | S47: 0 | T47: 0 | U47: 0 | V47: 1 | W47: 0 | X47: 0 | Y47: 1 | Z47: 1 | AA47: 1 | AB47: 0 | AC47: 1 | AD47: 0 | AE47: 0 | AF47: 2 | AG47: 1 | AH47: 0 | AI47: 0 | AJ47: 0 | AK47: 0 | AL47: 0 | AM47: 3 | AN47: 0 | AO47: 1 | AP47: 0 | AQ47: 0 | AR47: 1 | AS47: 0 | AT47: 1 | AU47: 3 | AV47: 1 | AW47: 0 | AX47: 3 | AY47: =SUM(E47:AX47) -> 32
B48: 3 | C48: TOPAN HADI SUCIPTO, S.H. | E48: 12 | F48: 8 | G48: 0 | H48: 2 | I48: 3 | J48: 0 | K48: 0 | L48: 2 | M48: 1 | N48: 9 | O48: 7 | P48: 8 | Q48: 0 | R48: 0 | S48: 0 | T48: 0 | U48: 0 | V48: 0 | W48: 0 | X48: 1 | Y48: 0 | Z48: 1 | AA48: 0 | AB48: 4 | AC48: 10 | AD48: 1 | AE48: 3 | AF48: 5 | AG48: 25 | AH48: 1 | AI48: 0 | AJ48: 19 | AK48: 8 | AL48: 23 | AM48: 4 | AN48: 3 | AO48: 25 | AP48: 25 | AQ48: 24 | AR48: 1 | AS48: 4 | AT48: 5 | AU48: 39 | AV48: 50 | AW48: 11 | AX48: 12 | AY48: =SUM(E48:AX48) -> 356
B49: 4 | C49: HAULA KARIMA AKBAR, S.PD. | E49: 0 | F49: 0 | G49: 0 | H49: 0 | I49: 0 | J49: 0 | K49: 0 | L49: 0 | M49: 0 | N49: 0 | O49: 0 | P49: 3 | Q49: 0 | R49: 0 | S49: 0 | T49: 0 | U49: 0 | V49: 0 | W49: 0 | X49: 0 | Y49: 0 | Z49: 0 | AA49: 0 | AB49: 0 | AC49: 0 | AD49: 0 | AE49: 1 | AF49: 0 | AG49: 0 | AH49: 0 | AI49: 0 | AJ49: 0 | AK49: 0 | AL49: 0 | AM49: 0 | AN49: 0 | AO49: 0 | AP49: 0 | AQ49: 0 | AR49: 0 | AS49: 1 | AT49: 1 | AU49: 0 | AV49: 0 | AW49: 0 | AX49: 1 | AY49: =SUM(E49:AX49) -> 7
B50: 5 | C50: SUGENG HARYONO | E50: 0 | F50: 0 | G50: 0 | H50: 0 | I50: 0 | J50: 0 | K50: 1 | L50: 0 | M50: 1 | N50: 0 | O50: 0 | P50: 0 | Q50: 0 | R50: 0 | S50: 0 | T50: 0 | U50: 0 | V50: 0 | W50: 0 | X50: 2 | Y50: 0 | Z50: 0 | AA50: 0 | AB50: 0 | AC50: 1 | AD50: 0 | AE50: 1 | AF50: 0 | AG50: 2 | AH50: 0 | AI50: 0 | AJ50: 0 | AK50: 0 | AL50: 0 | AM50: 0 | AN50: 0 | AO50: 0 | AP50: 0 | AQ50: 1 | AR50: 0 | AS50: 0 | AT50: 0 | AU50: 0 | AV50: 0 | AW50: 0 | AX50: 0 | AY50: =SUM(E50:AX50) -> 9
B51: 6 | C51: MOH. RIYADUS SHOLIHIN, A.MD. | E51: 8 | F51: 1 | G51: 0 | H51: 0 | I51: 3 | J51: 0 | K51: 0 | L51: 0 | M51: 3 | N51: 16 | O51: 1 | P51: 5 | Q51: 5 | R51: 3 | S51: 0 | T51: 9 | U51: 0 | V51: 1 | W51: 3 | X51: 0 | Y51: 14 | Z51: 3 | AA51: 3 | AB51: 1 | AC51: 7 | AD51: 12 | AE51: 19 | AF51: 14 | AG51: 57 | AH51: 0 | AI51: 0 | AJ51: 3 | AK51: 7 | AL51: 9 | AM51: 5 | AN51: 20 | AO51: 11 | AP51: 3 | AQ51: 25 | AR51: 15 | AS51: 54 | AT51: 43 | AU51: 12 | AV51: 2 | AW51: 1 | AX51: 5 | AY51: =SUM(E51:AX51) -> 403
A52: B | B52: JUMLAH SUARA SAH PARTAI POLITIK DAN CALON (A1 + A2) | E52: =SUM(E45:E51) -> 29 | F52: =SUM(F45:F51) -> 15 | G52: =SUM(G45:G51) -> 6 | H52: =SUM(H45:H51) -> 3 | I52: =SUM(I45:I51) -> 15 | J52: =SUM(J45:J51) -> 11 | K52: =SUM(K45:K51) -> 6 | L52: =SUM(L45:L51) -> 7 | ... AX52: =SUM(AX45:AX51) -> 26 | AY52: =SUM(E52:AX52) -> 1252
AY53: =SUM(E53:AX53) -> 0
A54: A.1 | B54: 2. | C54: Partai Gerakan Indonesia Raya | E54: 6 | F54: 2 | G54: 7 | H54: 11 | I54: 4 | J54: 3 | K54: 3 | L54: 12 | M54: 3 | N54: 5 | O54: 10 | P54: 2 | Q54: 4 | R54: 3 | S54: 6 | T54: 10 | U54: 10 | V54: 16 | W54: 4 | X54: 5 | Y54: 5 | Z54: 5 | AA54: 5 | AB54: 6 | AC54: 2 | AD54: 5 | AE54: 7 | AF54: 4 | AG54: 4 | AH54: 7 | AI54: 2 | AJ54: 9 | AK54: 9 | AL54: 10 | AM54: 6 | AN54: 6 | AO54: 1 | AP54: 3 | AQ54: 2 | AR54: 5 | AS54: 5 | AT54: 6 | AU54: 7 | AV54: 9 | AW54: 7 | AX54: 1 | AY54: =SUM(E54:AX54) -> 264
A55: A.2 | B55: 1 | C55: AGUNG SUBASTIAN | E55: 1 | F55: 0 | G55: 2 | H55: 1 | I55: 3 | J55: 1 | K55: 2 | L55: 1 | M55: 2 | N55: 1 | O55: 1 | P55: 1 | Q55: 1 | R55: 0 | S55: 1 | T55: 0 | U55: 0 | V55: 4 | W55: 0 | X55: 4 | Y55: 1 | Z55: 2 | AA55: 0 | AB55: 1 | AC55: 2 | AD55: 1 | AE55: 3 | AF55: 0 | AG55: 6 | AH55: 0 | AI55: 0 | AJ55: 1 | AK55: 3 | AL55: 4 | AM55: 6 | AN55: 6 | AO55: 1 | AP55: 1 | AQ55: 1 | AR55: 1 | AS55: 2 | AT55: 4 | AU55: 3 | AV55: 2 | AW55: 2 | AX55: 0 | AY55: =SUM(E55:AX55) -> 79
B56: 2 | C56: ABDUL HAMID | E56: 1 | F56: 1 | G56: 2 | H56: 1 | I56: 0 | J56: 1 | K56: 1 | L56: 0 | M56: 0 | N56: 0 | O56: 0 | P56: 2 | Q56: 2 | R56: 0 | S56: 0 | T56: 1 | U56: 1 | V56: 1 | W56: 0 | X56: 1 | Y56: 0 | Z56: 1 | AA56: 1 | AB56: 4 | AC56: 1 | AD56: 1 | AE56: 1 | AF56: 1 | AG56: 1 | AH56: 1 | AI56: 0 | AJ56: 1 | AK56: 1 | AL56: 1 | AM56: 5 | AN56: 0 | AO56: 0 | AP56: 2 | AQ56: 0 | AR56: 0 | AS56: 3 | AT56: 2 | AU56: 1 | AV56: 3 | AW56: 2 | AX56: 2 | AY56: =SUM(E56:AX56) -> 50
B57: 3 | C57: NUR ALVI NAZIMAH | E57: 1 | F57: 0 | G57: 0 | H57: 0 | I57: 0 | J57: 0 | K57: 1 | L57: 0 | M57: 0 | N57: 0 | O57: 1 | P57: 0 | Q57: 0 | R57: 0 | S57: 1 | T57: 0 | U57: 0 | V57: 1 | W57: 1 | X57: 0 | Y57: 0 | Z57: 1 | AA57: 0 | AB57: 2 | AC57: 1 | AD57: 0 | AE57: 0 | AF57: 0 | AG57: 0 | AH57: 0 | AI57: 1 | AJ57: 0 | AK57: 0 | AL57: 0 | AM57: 1 | AN57: 0 | AO57: 0 | AP57: 1 | AQ57: 1 | AR57: 0 | AS57: 1 | AT57: 1 | AU57: 0 | AV57: 1 | AW57: 1 | AX57: 1 | AY57: =SUM(E57:AX57) -> 19
B58: 4 | C58: EMI WIJAYANTI | E58: 2 | F58: 1 | G58: 0 | H58: 1 | I58: 2 | J58: 1 | K58: 0 | L58: 0 | M58: 0 | N58: 0 | O58: 3 | P58: 0 | Q58: 1 | R58: 0 | S58: 2 | T58: 2 | U58: 1 | V58: 0 | W58: 1 | X58: 1 | Y58: 3 | Z58: 3 | AA58: 0 | AB58: 1 | AC58: 1 | AD58: 3 | AE58: 1 | AF58: 4 | AG58: 4 | AH58: 1 | AI58: 0 | AJ58: 5 | AK58: 3 | AL58: 0 | AM58: 2 | AN58: 3 | AO58: 0 | AP58: 2 | AQ58: 3 | AR58: 4 | AS58: 1 | AT58: 1 | AU58: 0 | AV58: 3 | AW58: 3 | AX58: 7 | AY58: =SUM(E58:AX58) -> 76
B59: 5 | C59: MUHAMAD ALFAN SAIFUDIN | E59: 0 | F59: 0 | G59: 0 | H59: 0 | I59: 0 | J59: 1 | K59: 1 | L59: 0 | M59: 0 | N59: 0 | O59: 1 | P59: 0 | Q59: 0 | R59: 0 | S59: 0 | T59: 0 | U59: 0 | V59: 0 | W59: 0 | X59: 0 | Y59: 0 | Z59: 1 | AA59: 0 | AB59: 1 | AC59: 1 | AD59: 0 | AE59: 1 | AF59: 0 | AG59: 1 | AH59: 0 | AI59: 0 | AJ59: 0 | AK59: 0 | AL59: 0 | AM59: 0 | AN59: 0 | AO59: 0 | AP59: 0 | AQ59: 0 | AR59: 0 | AS59: 0 | AT59: 0 | AU59: 0 | AV59: 0 | AW59: 0 | AX59: 0 | AY59: =SUM(E59:AX59) -> 8
B60: 6 | C60: BAYU PUTRA PAMUNGKAS | E60: 0 | F60: 0 | G60: 0 | H60: 0 | I60: 0 | J60: 0 | K60: 0 | L60: 0 | M60: 0 | N60: 0 | O60: 1 | P60: 0 | Q60: 0 | R60: 1 | S60: 1 | T60: 0 | U60: 0 | V60: 0 | W60: 0 | X60: 0 | Y60: 0 | Z60: 0 | AA60: 0 | AB60: 0 | AC60: 0 | AD60: 0 | AE60: 0 | AF60: 0 | AG60: 1 | AH60: 0 | AI60: 0 | AJ60: 0 | AK60: 2 | AL60: 1 | AM60: 1 | AN60: 0 | AO60: 0 | AP60: 0 | AQ60: 0 | AR60: 0 | AS60: 0 | AT60: 0 | AU60: 0 | AV60: 0 | AW60: 0 | AX60: 0 | AY60: =SUM(E60:AX60) -> 8
A61: B | B61: JUMLAH SUARA SAH PARTAI POLITIK DAN CALON (A1 + A2) | E61: =SUM(E54:E60) -> 11 | F61: =SUM(F54:F60) -> 4 | G61: =SUM(G54:G60) -> 11 | H61: =SUM(H54:H60) -> 14 | I61: =SUM(I54:I60) -> 9 | J61: =SUM(J54:J60) -> 7 | K61: =SUM(K54:K60) -> 8 | L61: =SUM(L54:L60) -> 13 | ... AX61: =SUM(AX54:AX60) -> 11 | AY61: =SUM(E61:AX61) -> 504
AY62: =SUM(E62:AX62) -> 0
A63: A.1 | B63: 3. | C63: Partai Demokrasi Indonesia Perjuangan | E63: 5 | F63: 8 | G63: 4 | H63: 9 | I63: 10 | J63: 4 | K63: 4 | L63: 15 | M63: 5 | N63: 6 | O63: 4 | P63: 4 | Q63: 2 | R63: 2 | S63: 4 | T63: 4 | U63: 7 | V63: 15 | W63: 8 | X63: 7 | Y63: 12 | Z63: 4 | AA63: 7 | AB63: 5 | AC63: 13 | AD63: 8 | AE63: 5 | AF63: 2 | AG63: 2 | AH63: 4 | AI63: 2 | AJ63: 17 | AK63: 7 | AL63: 11 | AM63: 6 | AN63: 14 | AO63: 6 | AP63: 10 | AQ63: 4 | AR63: 2 | AS63: 0 | AT63: 3 | AU63: 7 | AV63: 9 | AW63: 10 | AX63: 5 | AY63: =SUM(E63:AX63) -> 302
A64: A.2 | B64: 1 | C64: IR. YAYUK BANAR SRI PANGAYOM | E64: 3 | F64: 32 | G64: 7 | H64: 2 | I64: 7 | J64: 1 | K64: 3 | L64: 4 | M64: 2 | N64: 9 | O64: 6 | P64: 18 | Q64: 0 | R64: 1 | S64: 1 | T64: 2 | U64: 3 | V64: 4 | W64: 8 | X64: 13 | Y64: 15 | Z64: 0 | AA64: 2 | AB64: 1 | AC64: 2 | AD64: 1 | AE64: 0 | AF64: 0 | AG64: 0 | AH64: 1 | AI64: 1 | AJ64: 5 | AK64: 1 | AL64: 5 | AM64: 0 | AN64: 6 | AO64: 0 | AP64: 5 | AQ64: 8 | AR64: 2 | AS64: 1 | AT64: 2 | AU64: 8 | AV64: 4 | AW64: 2 | AX64: 3 | AY64: =SUM(E64:AX64) -> 201
B65: 2 | C65: DR. ANA ANIATI | E65: 43 | F65: 17 | G65: 4 | H65: 8 | I65: 10 | J65: 2 | K65: 10 | L65: 10 | M65: 5 | N65: 5 | O65: 5 | P65: 13 | Q65: 8 | R65: 14 | S65: 76 | T65: 22 | U65: 36 | V65: 100 | W65: 19 | X65: 27 | Y65: 52 | Z65: 73 | AA65: 24 | AB65: 70 | AC65: 17 | AD65: 19 | AE65: 14 | AF65: 6 | AG65: 5 | AH65: 2 | AI65: 0 | AJ65: 4 | AK65: 6 | AL65: 20 | AM65: 60 | AN65: 59 | AO65: 3 | AP65: 9 | AQ65: 4 | AR65: 7 | AS65: 2 | AT65: 0 | AU65: 0 | AV65: 5 | AW65: 7 | AX65: 5 | AY65: =SUM(E65:AX65) -> 907
B66: 3 | C66: HADI WIDODO, S.P. | E66: 3 | F66: 0 | G66: 1 | H66: 0 | I66: 1 | J66: 1 | K66: 0 | L66: 1 | M66: 2 | N66: 0 | O66: 2 | P66: 2 | Q66: 0 | R66: 0 | S66: 2 | T66: 0 | U66: 2 | V66: 0 | W66: 17 | X66: 35 | Y66: 15 | Z66: 1 | AA66: 2 | AB66: 2 | AC66: 22 | AD66: 9 | AE66: 5 | AF66: 13 | AG66: 1 | AH66: 0 | AI66: 1 | AJ66: 2 | AK66: 1 | AL66: 2 | AM66: 2 | AN66: 1 | AO66: 1 | AP66: 3 | AQ66: 2 | AR66: 1 | AS66: 0 | AT66: 1 | AU66: 1 | AV66: 2 | AW66: 0 | AX66: 0 | AY66: =SUM(E66:AX66) -> 159
B67: 4 | C67: ANDIKO PUTRA MAHATTA | E67: 0 | F67: 0 | G67: 1 | H67: 1 | I67: 2 | J67: 0 | K67: 1 | L67: 0 | M67: 3 | N67: 3 | O67: 1 | P67: 9 | Q67: 0 | R67: 0 | S67: 2 | T67: 2 | U67: 2 | V67: 0 | W67: 4 | X67: 1 | Y67: 2 | Z67: 3 | AA67: 20 | AB67: 23 | AC67: 31 | AD67: 14 | AE67: 0 | AF67: 1 | AG67: 1 | AH67: 1 | AI67: 2 | AJ67: 22 | AK67: 9 | AL67: 16 | AM67: 31 | AN67: 5 | AO67: 8 | AP67: 33 | AQ67: 0 | AR67: 4 | AS67: 5 | AT67: 0 | AU67: 0 | AV67: 15 | AW67: 33 | AX67: 29 | AY67: =SUM(E67:AX67) -> 340
B68: 5 | C68: YUNI APRILIA | E68: 1 | F68: 1 | G68: 0 | H68: 1 | I68: 3 | J68: 0 | K68: 0 | L68: 0 | M68: 0 | N68: 0 | O68: 0 | P68: 0 | Q68: 0 | R68: 0 | S68: 0 | T68: 1 | U68: 1 | V68: 2 | W68: 0 | X68: 0 | Y68: 0 | Z68: 0 | AA68: 1 | AB68: 2 | AC68: 1 | AD68: 0 | AE68: 1 | AF68: 2 | AG68: 0 | AH68: 1 | AI68: 0 | AJ68: 0 | AK68: 1 | AL68: 0 | AM68: 0 | AN68: 0 | AO68: 1 | AP68: 0 | AQ68: 0 | AR68: 0 | AS68: 1 | AT68: 0 | AU68: 0 | AV68: 0 | AW68: 0 | AX68: 0 | AY68: =SUM(E68:AX68) -> 21
B69: 6 | C69: IKE PREDITA FIKTARYANA | E69: 0 | F69: 0 | G69: 0 | H69: 1 | I69: 0 | J69: 0 | K69: 0 | L69: 2 | M69: 1 | N69: 0 | O69: 2 | P69: 0 | Q69: 0 | R69: 0 | S69: 0 | T69: 0 | U69: 0 | V69: 0 | W69: 0 | X69: 0 | Y69: 0 | Z69: 0 | AA69: 0 | AB69: 1 | AC69: 0 | AD69: 0 | AE69: 0 | AF69: 0 | AG69: 1 | AH69: 0 | AI69: 0 | AJ69: 1 | AK69: 0 | AL69: 0 | AM69: 0 | AN69: 0 | AO69: 0 | AP69: 0 | AQ69: 1 | AR69: 0 | AS69: 0 | AT69: 0 | AU69: 0 | AV69: 1 | AW69: 0 | AX69: 0 | AY69: =SUM(E69:AX69) -> 11
A70: B | B70: JUMLAH SUARA SAH PARTAI POLITIK DAN CALON (A1 + A2) | E70: =SUM(E63:E69) -> 55 | F70: =SUM(F63:F69) -> 58 | G70: =SUM(G63:G69) -> 17 | H70: =SUM(H63:H69) -> 22 | I70: =SUM(I63:I69) -> 33 | J70: =SUM(J63:J69) -> 8 | K70: =SUM(K63:K69) -> 18 | L70: =SUM(L63:L69) -> 32 | ... AX70: =SUM(AX63:AX69) -> 42 | AY70: =SUM(E70:AX70) -> 1941
AY71: =SUM(E71:AX71) -> 0
A72: A.1 | B72: 4. | C72: Partai Golongan Karya | E72: 2 | F72: 0 | G72: 4 | H72: 4 | I72: 2 | J72: 0 | K72: 1 | L72: 0 | M72: 0 | N72: 2 | O72: 0 | P72: 3 | Q72: 1 | R72: 0 | S72: 0 | T72: 0 | U72: 1 | V72: 0 | W72: 2 | X72: 1 | Y72: 2 | Z72: 2 | AA72: 0 | AB72: 3 | AC72: 4 | AD72: 0 | AE72: 6 | AF72: 0 | AG72: 2 | AH72: 1 | AI72: 1 | AJ72: 2 | AK72: 2 | AL72: 3 | AM72: 2 | AN72: 1 | AO72: 0 | AP72: 0 | AQ72: 1 | AR72: 3 | AS72: 0 | AT72: 0 | AU72: 5 | AV72: 6 | AW72: 5 | AX72: 0 | AY72: =SUM(E72:AX72) -> 74
A73: A.2 | B73: 1 | C73: SOFIANDI SUSIADI, A.MD. | E73: 0 | F73: 3 | G73: 12 | H73: 2 | I73: 5 | J73: 2 | K73: 1 | L73: 1 | M73: 3 | N73: 1 | O73: 1 | P73: 5 | Q73: 1 | R73: 1 | S73: 0 | T73: 1 | U73: 1 | V73: 0 | W73: 3 | X73: 0 | Y73: 1 | Z73: 0 | AA73: 1 | AB73: 0 | AC73: 1 | AD73: 6 | AE73: 6 | AF73: 1 | AG73: 1 | AH73: 1 | AI73: 2 | AJ73: 13 | AK73: 5 | AL73: 11 | AM73: 8 | AN73: 5 | AO73: 0 | AP73: 1 | AQ73: 0 | AR73: 1 | AS73: 1 | AT73: 11 | AU73: 2 | AV73: 35 | AW73: 17 | AX73: 8 | AY73: =SUM(E73:AX73) -> 181
B74: 2 | C74: SUHAERI, S.PD. | E74: 0 | F74: 1 | G74: 0 | H74: 0 | I74: 0 | J74: 0 | K74: 0 | L74: 0 | M74: 1 | N74: 0 | O74: 0 | P74: 0 | Q74: 0 | R74: 0 | S74: 0 | T74: 0 | U74: 0 | V74: 0 | W74: 0 | X74: 2 | Y74: 0 | Z74: 0 | AA74: 0 | AB74: 0 | AC74: 2 | AD74: 2 | AE74: 0 | AF74: 0 | AG74: 0 | AH74: 0 | AI74: 0 | AJ74: 1 | AK74: 0 | AL74: 0 | AM74: 3 | AN74: 0 | AO74: 1 | AP74: 0 | AQ74: 0 | AR74: 1 | AS74: 0 | AT74: 2 | AU74: 0 | AV74: 1 | AW74: 0 | AX74: 0 | AY74: =SUM(E74:AX74) -> 17
B75: 3 | C75: SITI MAHMUDAH, S.SOS. | E75: 0 | F75: 0 | G75: 0 | H75: 0 | I75: 0 | J75: 0 | K75: 0 | L75: 0 | M75: 0 | N75: 0 | O75: 0 | P75: 0 | Q75: 3 | R75: 0 | S75: 0 | T75: 0 | U75: 0 | V75: 0 | W75: 0 | X75: 0 | Y75: 0 | Z75: 0 | AA75: 1 | AB75: 0 | AC75: 0 | AD75: 0 | AE75: 0 | AF75: 0 | AG75: 0 | AH75: 0 | AI75: 0 | AJ75: 0 | AK75: 0 | AL75: 1 | AM75: 2 | AN75: 0 | AO75: 0 | AP75: 2 | AQ75: 0 | AR75: 0 | AS75: 0 | AT75: 1 | AU75: 0 | AV75: 1 | AW75: 1 | AX75: 0 | AY75: =SUM(E75:AX75) -> 12
B76: 4 | C76: HENI KOMISATUN | E76: 0 | F76: 0 | G76: 1 | H76: 0 | I76: 1 | J76: 0 | K76: 0 | L76: 0 | M76: 0 | N76: 0 | O76: 0 | P76: 0 | Q76: 0 | R76: 0 | S76: 0 | T76: 0 | U76: 0 | V76: 0 | W76: 0 | X76: 1 | Y76: 2 | Z76: 0 | AA76: 0 | AB76: 0 | AC76: 0 | AD76: 0 | AE76: 0 | AF76: 0 | AG76: 0 | AH76: 0 | AI76: 0 | AJ76: 0 | AK76: 0 | AL76: 0 | AM76: 1 | AN76: 1 | AO76: 0 | AP76: 0 | AQ76: 0 | AR76: 0 | AS76: 0 | AT76: 0 | AU76: 1 | AV76: 0 | AW76: 0 | AX76: 0 | AY76: =SUM(E76:AX76) -> 8
B77: 5 | C77: KUSYONO | E77: 0 | F77: 0 | G77: 0 | H77: 0 | I77: 0 | J77: 0 | K77: 0 | L77: 0 | M77: 4 | N77: 0 | O77: 0 | P77: 0 | Q77: 0 | R77: 0 | S77: 0 | T77: 0 | U77: 0 | V77: 0 | W77: 0 | X77: 0 | Y77: 0 | Z77: 0 | AA77: 0 | AB77: 0 | AC77: 0 | AD77: 0 | AE77: 0 | AF77: 1 | AG77: 0 | AH77: 0 | AI77: 0 | AJ77: 0 | AK77: 0 | AL77: 0 | AM77: 0 | AN77: 0 | AO77: 0 | AP77: 0 | AQ77: 0 | AR77: 0 | AS77: 0 | AT77: 0 | AU77: 0 | AV77: 0 | AW77: 0 | AX77: 0 | AY77: =SUM(E77:AX77) -> 5
B78: 6 | C78: SUROSO | E78: 0 | F78: 0 | G78: 0 | H78: 0 | I78: 0 | J78: 0 | K78: 0 | L78: 0 | M78: 0 | N78: 0 | O78: 0 | P78: 0 | Q78: 0 | R78: 0 | S78: 0 | T78: 0 | U78: 0 | V78: 0 | W78: 1 | X78: 2 | Y78: 0 | Z78: 12 | AA78: 0 | AB78: 0 | AC78: 0 | AD78: 0 | AE78: 0 | AF78: 0 | AG78: 0 | AH78: 0 | AI78: 0 | AJ78: 0 | AK78: 0 | AL78: 0 | AM78: 0 | AN78: 0 | AO78: 0 | AP78: 0 | AQ78: 0 | AR78: 2 | AS78: 0 | AT78: 0 | AU78: 0 | AV78: 0 | AW78: 0 | AX78: 0 | AY78: =SUM(E78:AX78) -> 17
A79: B | B79: JUMLAH SUARA SAH PARTAI POLITIK DAN CALON (A1 + A2) | E79: =SUM(E72:E78) -> 2 | F79: =SUM(F72:F78) -> 4 | G79: =SUM(G72:G78) -> 17 | H79: =SUM(H72:H78) -> 6 | I79: =SUM(I72:I78) -> 8 | J79: =SUM(J72:J78) -> 2 | K79: =SUM(K72:K78) -> 2 | L79: =SUM(L72:L78) -> 1 | ... AX79: =SUM(AX72:AX78) -> 8 | AY79: =SUM(E79:AX79) -> 314
AY80: =SUM(E80:AX80) -> 0
A81: A.1 | B81: 5. | C81: Partai NasDem | E81: 1 | F81: 0 | G81: 0 | H81: 0 | I81: 1 | J81: 0 | K81: 0 | L81: 0 | M81: 2 | N81: 0 | O81: 0 | P81: 0 | Q81: 1 | R81: 0 | S81: 0 | T81: 1 | U81: 0 | V81: 2 | W81: 1 | X81: 0 | Y81: 0 | Z81: 1 | AA81: 0 | AB81: 0 | AC81: 1 | AD81: 0 | AE81: 0 | AF81: 0 | AG81: 0 | AH81: 0 | AI81: 0 | AJ81: 1 | AK81: 0 | AL81: 1 | AM81: 0 | AN81: 2 | AO81: 9 | AP81: 7 | AQ81: 8 | AR81: 5 | AS81: 17 | AT81: 9 | AU81: 8 | AV81: 0 | AW81: 0 | AY81: =SUM(E81:AX81) -> 78
A82: A.2 | B82: 1 | C82: ABU SUFYAN, S.E., S.T., M.SI., M.ARS. | E82: 2 | F82: 2 | G82: 3 | H82: 4 | I82: 0 | J82: 6 | K82: 0 | L82: 0 | M82: 0 | N82: 2 | O82: 0 | P82: 0 | Q82: 12 | R82: 5 | S82: 0 | T82: 9 | U82: 0 | V82: 0 | W82: 1 | X82: 0 | Y82: 4 | Z82: 2 | AA82: 0 | AB82: 3 | AC82: 1 | AD82: 0 | AE82: 1 | AF82: 7 | AG82: 1 | AH82: 0 | AI82: 1 | AJ82: 2 | AK82: 0 | AL82: 0 | AM82: 0 | AN82: 2 | AO82: 61 | AP82: 51 | AQ82: 33 | AR82: 43 | AS82: 58 | AT82: 51 | AU82: 70 | AV82: 0 | AW82: 1 | AX82: 3 | AY82: =SUM(E82:AX82) -> 441
B83: 2 | C83: LUKMAN HAKIM | E83: 0 | F83: 0 | G83: 1 | H83: 1 | I83: 0 | J83: 0 | K83: 0 | L83: 1 | M83: 0 | N83: 0 | O83: 0 | P83: 0 | Q83: 0 | R83: 0 | S83: 0 | T83: 0 | U83: 0 | V83: 0 | W83: 0 | X83: 0 | Y83: 0 | Z83: 0 | AA83: 0 | AB83: 1 | AC83: 1 | AD83: 0 | AE83: 0 | AF83: 0 | AG83: 0 | AH83: 0 | AI83: 1 | AJ83: 0 | AK83: 0 | AL83: 0 | AM83: 0 | AN83: 0 | AO83: 0 | AP83: 0 | AQ83: 0 | AR83: 1 | AS83: 2 | AT83: 1 | AU83: 0 | AV83: 0 | AW83: 0 | AY83: =SUM(E83:AX83) -> 10
B84: 3 | C84: DEWI WULANDARI | E84: 0 | F84: 0 | G84: 0 | H84: 0 | I84: 0 | J84: 0 | K84: 0 | L84: 1 | M84: 0 | N84: 0 | O84: 0 | P84: 0 | Q84: 0 | R84: 0 | S84: 0 | T84: 0 | U84: 0 | V84: 1 | W84: 0 | X84: 0 | Y84: 0 | Z84: 0 | AA84: 0 | AB84: 0 | AC84: 0 | AD84: 0 | AE84: 0 | AF84: 0 | AG84: 0 | AH84: 0 | AI84: 0 | AJ84: 0 | AK84: 0 | AL84: 0 | AM84: 0 | AN84: 0 | AO84: 1 | AP84: 1 | AQ84: 1 | AR84: 0 | AS84: 0 | AT84: 0 | AU84: 1 | AV84: 0 | AW84: 0 | AY84: =SUM(E84:AX84) -> 6
B85: 4 | C85: JAENURI | E85: 3 | F85: 2 | G85: 0 | H85: 0 | I85: 1 | J85: 0 | K85: 2 | L85: 0 | M85: 1 | N85: 0 | O85: 0 | P85: 8 | Q85: 0 | R85: 0 | S85: 0 | T85: 1 | U85: 3 | V85: 0 | W85: 0 | X85: 0 | Y85: 2 | Z85: 0 | AA85: 0 | AB85: 2 | AC85: 0 | AD85: 0 | AE85: 0 | AF85: 0 | AG85: 0 | AH85: 0 | AI85: 0 | AJ85: 10 | AK85: 5 | AL85: 0 | AM85: 0 | AN85: 0 | AO85: 0 | AP85: 0 | AQ85: 0 | AR85: 0 | AS85: 0 | AT85: 1 | AU85: 0 | AV85: 0 | AW85: 0 | AY85: =SUM(E85:AX85) -> 41
B86: 5 | C86: TRI DINDA LESTARI | E86: 0 | F86: 0 | G86: 0 | H86: 0 | I86: 0 | J86: 0 | K86: 0 | L86: 1 | M86: 0 | N86: 0 | O86: 0 | P86: 0 | Q86: 2 | R86: 0 | S86: 0 | T86: 0 | U86: 0 | V86: 0 | W86: 0 | X86: 0 | Y86: 0 | Z86: 0 | AA86: 0 | AB86: 0 | AC86: 0 | AD86: 0 | AE86: 0 | AF86: 1 | AG86: 0 | AH86: 0 | AI86: 0 | AJ86: 0 | AK86: 0 | AL86: 0 | AM86: 0 | AN86: 0 | AO86: 0 | AP86: 0 | AQ86: 0 | AR86: 0 | AS86: 0 | AT86: 0 | AU86: 0 | AV86: 0 | AW86: 0 | AY86: =SUM(E86:AX86) -> 4
B87: 6 | C87: AGUS SETIAWAN, A.MD. | E87: 0 | F87: 0 | G87: 0 | H87: 0 | I87: 0 | J87: 0 | K87: 0 | L87: 0 | M87: 0 | N87: 0 | O87: 0 | P87: 0 | Q87: 0 | R87: 0 | S87: 0 | T87: 0 | U87: 0 | V87: 0 | W87: 0 | X87: 0 | Y87: 0 | Z87: 0 | AA87: 1 | AB87: 0 | AC87: 0 | AD87: 1 | AE87: 1 | AF87: 0 | AG87: 0 | AH87: 0 | AI87: 0 | AJ87: 0 | AK87: 0 | AL87: 0 | AM87: 0 | AN87: 0 | AO87: 0 | AP87: 0 | AQ87: 0 | AR87: 0 | AS87: 0 | AT87: 0 | AU87: 0 | AV87: 0 | AW87: 0 | AY87: =SUM(E87:AX87) -> 3
A88: B | B88: JUMLAH SUARA SAH PARTAI POLITIK DAN CALON (A1 + A2) | E88: =SUM(E81:E87) -> 6 | F88: =SUM(F81:F87) -> 4 | G88: =SUM(G81:G87) -> 4 | H88: =SUM(H81:H87) -> 5 | I88: =SUM(I81:I87) -> 2 | J88: =SUM(J81:J87) -> 6 | K88: =SUM(K81:K87) -> 2 | L88: =SUM(L81:L87) -> 3 | ... AX88: =SUM(AX81:AX87) -> 3 | AY88: =SUM(E88:AX88) -> 583
AY89: =SUM(E89:AX89) -> 0
A90: A.1 | B90: 6. | C90: Partai Buruh | E90: 0 | F90: 2 | G90: 0 | H90: 0 | I90: 0 | J90: 0 | K90: 4 | L90: 0 | M90: 1 | N90: 2 | O90: 2 | P90: 0 | Q90: 0 | R90: 0 | S90: 0 | T90: 2 | U90: 0 | V90: 0 | W90: 0 | X90: 1 | Y90: 0 | Z90: 0 | AA90: 0 | AB90: 2 | AC90: 0 | AD90: 2 | AE90: 1 | AF90: 0 | AG90: 2 | AH90: 0 | AI90: 0 | AJ90: 1 | AK90: 0 | AL90: 2 | AM90: 1 | AN90: 1 | AO90: 2 | AP90: 0 | AQ90: 2 | AR90: 0 | AS90: 0 | AT90: 2 | AU90: 0 | AV90: 3 | AW90: 0 | AY90: =SUM(E90:AX90) -> 35
B91: 1 | C91: AHMAD MIKKO SYAHRIAL | E91: 0 | F91: 0 | G91: 0 | H91: 0 | I91: 0 | J91: 1 | K91: 0 | L91: 1 | M91: 0 | N91: 0 | O91: 1 | P91: 0 | Q91: 1 | R91: 0 | S91: 0 | T91: 0 | U91: 0 | V91: 0 | W91: 0 | X91: 1 | Y91: 0 | Z91: 0 | AA91: 0 | AB91: 0 | AC91: 0 | AD91: 0 | AE91: 0 | AF91: 0 | AG91: 0 | AH91: 1 | AI91: 0 | AJ91: 0 | AK91: 0 | AL91: 0 | AM91: 0 | AN91: 1 | AO91: 0 | AP91: 0 | AQ91: 0 | AR91: 1 | AS91: 0 | AT91: 0 | AU91: 1 | AV91: 0 | AW91: 0 | AY91: =SUM(E91:AX91) -> 9
B92: 2 | C92: SITI NURJANNAH | E92: 0 | F92: 0 | G92: 0 | H92: 0 | I92: 0 | J92: 0 | K92: 0 | L92: 0 | M92: 0 | N92: 0 | O92: 1 | P92: 0 | Q92: 0 | R92: 0 | S92: 0 | T92: 0 | U92: 0 | V92: 0 | W92: 0 | X92: 0 | Y92: 0 | Z92: 0 | AA92: 0 | AB92: 1 | AC92: 0 | AD92: 1 | AE92: 0 | AF92: 0 | AG92: 0 | AH92: 0 | AI92: 0 | AJ92: 0 | AK92: 0 | AL92: 0 | AM92: 0 | AN92: 5 | AO92: 0 | AP92: 0 | AQ92: 0 | AR92: 1 | AS92: 0 | AT92: 0 | AU92: 0 | AV92: 0 | AW92: 0 | AY92: =SUM(E92:AX92) -> 9
A93: A.2 | B93: 3 | C93: RUDI CHRISTIAWAN | E93: 0 | F93: 0 | G93: 0 | H93: 0 | I93: 0 | J93: 0 | K93: 0 | L93: 0 | M93: 0 | N93: 0 | O93: 0 | P93: 0 | Q93: 0 | R93: 0 | S93: 0 | T93: 0 | U93: 0 | V93: 0 | W93: 0 | X93: 0 | Y93: 0 | Z93: 0 | AA93: 0 | AB93: 0 | AC93: 0 | AD93: 0 | AE93: 0 | AF93: 0 | AG93: 0 | AH93: 0 | AI93: 0 | AJ93: 0 | AK93: 0 | AL93: 0 | AM93: 0 | AN93: 0 | AO93: 0 | AP93: 0 | AQ93: 0 | AR93: 0 | AS93: 0 | AT93: 0 | AU93: 0 | AV93: 0 | AW93: 1 | AY93: =SUM(E93:AX93) -> 1
A94: B | B94: JUMLAH SUARA SAH PARTAI POLITIK DAN CALON (A1 + A2) | E94: =SUM(E90:E93) -> 0 | F94: =SUM(F90:F93) -> 2 | G94: =SUM(G90:G93) -> 0 | H94: =SUM(H90:H93) -> 0 | I94: =SUM(I90:I93) -> 0 | J94: =SUM(J90:J93) -> 1 | K94: =SUM(K90:K93) -> 4 | L94: =SUM(L90:L93) -> 1 | ... AX94: =SUM(AX90:AX93) -> 0 | AY94: =SUM(E94:AX94) -> 54
AY95: =SUM(E95:AX95) -> 0
A96: A.1 | B96: 7. | C96: Partai Gelombang Rakyat Indonesia | E96: 1 | F96: 0 | G96: 1 | H96: 0 | I96: 0 | J96: 0 | K96: 0 | L96: 0 | M96: 0 | N96: 1 | O96: 0 | P96: 0 | Q96: 0 | R96: 0 | S96: 0 | T96: 1 | U96: 0 | V96: 0 | W96: 0 | X96: 1 | Y96: 0 | Z96: 1 | AA96: 0 | AB96: 0 | AC96: 0 | AD96: 0 | AE96: 0 | AF96: 0 | AG96: 0 | AH96: 1 | AI96: 0 | AJ96: 0 | AK96: 0 | AL96: 1 | AM96: 0 | AN96: 1 | AO96: 2 | AP96: 0 | AQ96: 3 | AR96: 0 | AS96: 2 | AT96: 0 | AU96: 0 | AV96: 0 | AW96: 0 | AY96: =SUM(E96:AX96) -> 16
A97: A.2 | B97: 1 | C97: LUTFIYAH | E97: 0 | F97: 0 | G97: 1 | H97: 0 | I97: 0 | J97: 0 | K97: 0 | L97: 0 | M97: 0 | N97: 0 | O97: 0 | P97: 0 | Q97: 1 | R97: 0 | S97: 0 | T97: 0 | U97: 0 | V97: 1 | W97: 0 | X97: 0 | Y97: 0 | Z97: 0 | AA97: 0 | AB97: 0 | AC97: 0 | AD97: 0 | AE97: 0 | AF97: 0 | AG97: 0 | AH97: 0 | AI97: 0 | AJ97: 0 | AK97: 1 | AL97: 2 | AM97: 0 | AN97: 0 | AO97: 0 | AP97: 0 | AQ97: 0 | AR97: 0 | AS97: 0 | AT97: 0 | AU97: 0 | AV97: 0 | AW97: 0 | AY97: =SUM(E97:AX97) -> 6
B98: 2 | C98: NURMANSYAH | E98: 0 | F98: 0 | G98: 0 | H98: 0 | I98: 0 | J98: 0 | K98: 0 | L98: 0 | M98: 0 | N98: 0 | O98: 0 | P98: 0 | Q98: 0 | R98: 0 | S98: 0 | T98: 1 | U98: 0 | V98: 0 | W98: 0 | X98: 0 | Y98: 0 | Z98: 0 | AA98: 0 | AB98: 0 | AC98: 0 | AD98: 0 | AE98: 0 | AF98: 0 | AG98: 0 | AH98: 0 | AI98: 0 | AJ98: 0 | AK98: 0 | AL98: 0 | AM98: 0 | AN98: 1 | AO98: 0 | AP98: 0 | AQ98: 0 | AR98: 0 | AS98: 0 | AT98: 0 | AU98: 0 | AV98: 0 | AW98: 0 | AY98: =SUM(E98:AX98) -> 2
A99: B | B99: JUMLAH SUARA SAH PARTAI POLITIK DAN CALON (A1 + A2) | E99: =SUM(E96:E98) -> 1 | F99: =SUM(F96:F98) -> 0 | G99: =SUM(G96:G98) -> 2 | H99: =SUM(H96:H98) -> 0 | I99: =SUM(I96:I98) -> 0 | J99: =SUM(J96:J98) -> 0 | K99: =SUM(K96:K98) -> 0 | L99: =SUM(L96:L98) -> 0 | ... AX99: =SUM(AX96:AX98) -> 0 | AY99: =SUM(E99:AX99) -> 24
AY100: =SUM(E100:AX100) -> 0
A101: A.1 | B101: 8. | C101: Partai Keadilan Sejahtera | E101: 1 | F101: 1 | G101: 0 | H101: 0 | I101: 0 | J101: 0 | K101: 0 | L101: 0 | M101: 0 | N101: 0 | O101: 0 | P101: 0 | Q101: 1 | R101: 2 | S101: 1 | T101: 0 | U101: 1 | V101: 0 | W101: 0 | X101: 1 | Y101: 2 | Z101: 1 | AA101: 0 | AB101: 2 | AC101: 0 | AD101: 0 | AE101: 1 | AF101: 0 | AG101: 0 | AH101: 0 | AI101: 0 | AJ101: 0 | AK101: 1 | AL101: 1 | AM101: 0 | AN101: 0 | AO101: 0 | AP101: 0 | AQ101: 0 | AR101: 0 | AS101: 0 | AT101: 0 | AU101: 0 | AV101: 0 | AW101: 0 | AY101: =SUM(E101:AX101) -> 16
A102: A.2 | B102: 1 | C102: ANHARUDIN, S.PD.I. | E102: 0 | F102: 0 | G102: 0 | H102: 0 | I102: 0 | J102: 4 | K102: 0 | L102: 0 | M102: 2 | N102: 1 | O102: 0 | P102: 0 | Q102: 2 | R102: 1 | S102: 3 | T102: 1 | U102: 0 | V102: 1 | W102: 5 | X102: 0 | Y102: 3 | Z102: 0 | AA102: 1 | AB102: 0 | AC102: 3 | AD102: 0 | AE102: 1 | AF102: 0 | AG102: 1 | AH102: 0 | AI102: 0 | AJ102: 0 | AK102: 3 | AL102: 1 | AM102: 0 | AN102: 0 | AO102: 1 | AP102: 0 | AQ102: 0 | AR102: 3 | AS102: 2 | AT102: 0 | AU102: 3 | AV102: 0 | AW102: 1 | AY102: =SUM(E102:AX102) -> 43
B103: 2 | C103: NASUKI SYAMSUL, S.H. | E103: 0 | F103: 0 | G103: 0 | H103: 0 | I103: 0 | J103: 0 | K103: 0 | L103: 0 | M103: 0 | N103: 1 | O103: 0 | P103: 0 | Q103: 0 | R103: 1 | S103: 2 | T103: 0 | U103: 0 | V103: 0 | W103: 0 | X103: 0 | Y103: 0 | Z103: 0 | AA103: 0 | AB103: 0 | AC103: 0 | AD103: 0 | AE103: 0 | AF103: 0 | AG103: 0 | AH103: 0 | AI103: 0 | AJ103: 0 | AK103: 0 | AL103: 0 | AM103: 0 | AN103: 0 | AO103: 0 | AP103: 1 | AQ103: 0 | AR103: 0 | AS103: 0 | AT103: 0 | AU103: 0 | AV103: 0 | AW103: 0 | AY103: =SUM(E103:AX103) -> 5
B104: 3 | C104: LAILATUR ROSYIDAH | E104: 0 | F104: 0 | G104: 0 | H104: 0 | I104: 0 | J104: 0 | K104: 0 | L104: 1 | M104: 0 | N104: 0 | O104: 0 | P104: 0 | Q104: 0 | R104: 0 | S104: 0 | T104: 0 | U104: 0 | V104: 0 | W104: 0 | X104: 0 | Y104: 0 | Z104: 1 | AA104: 0 | AB104: 0 | AC104: 0 | AD104: 0 | AE104: 0 | AF104: 0 | AG104: 0 | AH104: 0 | AI104: 0 | AJ104: 0 | AK104: 0 | AL104: 0 | AM104: 0 | AN104: 0 | AO104: 0 | AP104: 0 | AQ104: 0 | AR104: 0 | AS104: 0 | AT104: 0 | AU104: 0 | AV104: 0 | AW104: 0 | AY104: =SUM(E104:AX104) -> 2
B105: 4 | C105: ALI MANSUR, S.T. | E105: 0 | F105: 0 | G105: 0 | H105: 0 | I105: 0 | J105: 0 | K105: 0 | L105: 0 | M105: 0 | N105: 0 | O105: 0 | P105: 0 | Q105: 0 | R105: 0 | S105: 0 | T105: 0 | U105: 0 | V105: 0 | W105: 2 | X105: 0 | Y105: 0 | Z105: 1 | AA105: 0 | AB105: 0 | AC105: 0 | AD105: 0 | AE105: 0 | AF105: 0 | AG105: 0 | AH105: 0 | AI105: 0 | AJ105: 0 | AK105: 0 | AL105: 0 | AM105: 0 | AN105: 0 | AO105: 0 | AP105: 0 | AQ105: 0 | AR105: 0 | AS105: 0 | AT105: 0 | AU105: 0 | AV105: 0 | AW105: 0 | AY105: =SUM(E105:AX105) -> 3
B106: 5 | C106: ALFIRA ROSALIANA | E106: 0 | F106: 0 | G106: 0 | H106: 0 | I106: 0 | J106: 0 | K106: 0 | L106: 0 | M106: 0 | N106: 0 | O106: 0 | P106: 0 | Q106: 0 | R106: 0 | S106: 0 | T106: 0 | U106: 0 | V106: 0 | W106: 0 | X106: 0 | Y106: 1 | Z106: 0 | AA106: 0 | AB106: 0 | AC106: 0 | AD106: 0 | AE106: 0 | AF106: 1 | AG106: 0 | AH106: 0 | AI106: 0 | AJ106: 0 | AK106: 0 | AL106: 0 | AM106: 0 | AN106: 0 | AO106: 0 | AP106: 0 | AQ106: 0 | AR106: 0 | AS106: 0 | AT106: 0 | AU106: 0 | AV106: 0 | AW106: 0 | AY106: =SUM(E106:AX106) -> 2
B107: 6 | C107: WILDA GUSFIYANTI AZIZ, S.A. | E107: 0 | F107: 0 | G107: 0 | H107: 0 | I107: 0 | J107: 0 | K107: 0 | L107: 0 | M107: 0 | N107: 0 | O107: 0 | P107: 0 | Q107: 0 | R107: 0 | S107: 0 | T107: 0 | U107: 0 | V107: 0 | W107: 0 | X107: 0 | Y107: 0 | Z107: 0 | AA107: 0 | AB107: 0 | AC107: 0 | AD107: 0 | AE107: 0 | AF107: 0 | AG107: 0 | AH107: 0 | AI107: 0 | AJ107: 0 | AK107: 0 | AL107: 0 | AM107: 0 | AN107: 0 | AO107: 0 | AP107: 0 | AQ107: 0 | AR107: 0 | AS107: 0 | AT107: 0 | AU107: 0 | AV107: 0 | AW107: 0 | AY107: =SUM(E107:AX107) -> 0
...

Sheet JAJAG
C2: Kecamatan | D2: GAMBIRAN
C3: Kabupaten | D3: BANYUWANGI
C4: Provinsi | D4: JAWA TIMUR
C9: Kelurahan | D9: JAJAG
A12: I | B12: DATA PEMILIH DAN PENGGUNAAN HAK PILIH | BA12: JUMLAH AKHIR
A13: A | B13: DATA PEMILIH | E13: TPS 001 | F13: TPS 002 | G13: TPS 003 | H13: TPS 004 | I13: TPS 005 | J13: TPS 006 | K13: TPS 007 | L13: TPS 008 | M13: TPS 009 | N13: TPS 010 | O13: TPS 011 | P13: TPS 012 | Q13: TPS 013 | R13: TPS 014 | S13: TPS 015 | T13: TPS 016 | U13: TPS 017 | V13: TPS 018 | W13: TPS 019 | X13: TPS 020 | Y13: TPS 021 | Z13: TPS 022 | AA13: TPS 023 | AB13: TPS 024 | AC13: TPS 025 | AD13: TPS 026 | AE13: TPS 027 | AF13: TPS 028 | AG13: TPS 029 | AH13: TPS 030 | AI13: TPS 031 | AJ13: TPS 032 | AK13: TPS 033 | AL13: TPS 034 | AM13: TPS 035 | AN13: TPS 036 | AO13: TPS 037 | AP13: TPS 038 | AQ13: TPS 039 | AR13: TPS 040 | AS13: TPS 041 | AT13: TPS 042 | AU13: TPS 043 | AV13: TPS 044 | AW13: TPS 045 | AX13: TPS 046 | AY13: TPS 047 | AZ13: TPS 048
B14: Jumlah Pemilih dalam Daftar Pemilih Tetap (DPT) | D14: LK | E14: 136 | F14: 136 | G14: 104 | H14: 123 | I14: 142 | J14: 128 | K14: 118 | L14: 116 | M14: 106 | N14: 127 | O14: 131 | P14: 111 | Q14: 96 | R14: 146 | S14: 136 | T14: 148 | U14: 99 | V14: 145 | W14: 152 | X14: 139 | Y14: 143 | Z14: 77 | AA14: 149 | AB14: 131 | AC14: 128 | AD14: 129 | AE14: 117 | AF14: 141 | AG14: 136 | AH14: 146 | AI14: 70 | AJ14: 141 | AK14: 134 | AL14: 142 | AM14: 125 | AN14: 132 | AO14: 133 | AP14: 141 | AQ14: 125 | AR14: 129 | AS14: 114 | AT14: 131 | AU14: 138 | AV14: 134 | AW14: 143 | AX14: 121 | AY14: 111 | AZ14: 88 | BA14: =SUM(E14:AZ14) -> 6088
D15: PR | E15: 155 | F15: 158 | G15: 104 | H15: 155 | I15: 146 | J15: 149 | K15: 126 | L15: 128 | M15: 119 | N15: 134 | O15: 131 | P15: 123 | Q15: 114 | R15: 141 | S15: 158 | T15: 149 | U15: 113 | V15: 145 | W15: 147 | X15: 140 | Y15: 132 | Z15: 79 | AA15: 144 | AB15: 129 | AC15: 142 | AD15: 159 | AE15: 128 | AF15: 137 | AG15: 133 | AH15: 136 | AI15: 76 | AJ15: 143 | AK15: 135 | AL15: 145 | AM15: 117 | AN15: 141 | AO15: 140 | AP15: 152 | AQ15: 108 | AR15: 125 | AS15: 116 | AT15: 159 | AU15: 134 | AV15: 149 | AW15: 154 | AX15: 117 | AY15: 123 | AZ15: 99 | BA15: =SUM(E15:AZ15) -> 6387
D16: JML | E16: =SUM(E14:E15) -> 291 | F16: =SUM(F14:F15) -> 294 | G16: =SUM(G14:G15) -> 208 | H16: =SUM(H14:H15) -> 278 | I16: =SUM(I14:I15) -> 288 | J16: =SUM(J14:J15) -> 277 | K16: =SUM(K14:K15) -> 244 | L16: =SUM(L14:L15) -> 244 | ... AZ16: =SUM(AZ14:AZ15) -> 187 | BA16: =SUM(E16:AZ16) -> 12475
A18: B | B18: PENGGUNA HAK PILIH
B19: 1. | C19: Jumlah pengguna hak pilih dalam Daftar Pemilih Tetap (DPT) | D19: LK | E19: 98 | F19: 109 | G19: 87 | H19: 90 | I19: 105 | J19: 101 | K19: 86 | L19: 89 | M19: 76 | N19: 85 | O19: 98 | P19: 89 | Q19: 79 | R19: 115 | S19: 106 | T19: 113 | U19: 73 | V19: 97 | W19: 109 | X19: 106 | Y19: 103 | Z19: 58 | AA19: 110 | AB19: 98 | AC19: 92 | AD19: 88 | AE19: 97 | AF19: 109 | AG19: 103 | AH19: 100 | AI19: 43 | AJ19: 104 | AK19: 93 | AL19: 93 | AM19: 88 | AN19: 103 | AO19: 92 | AP19: 99 | AQ19: 81 | AR19: 93 | AS19: 79 | AT19: 104 | AU19: 104 | AV19: 107 | AW19: 107 | AX19: 99 | AY19: 77 | AZ19: 67 | BA19: =SUM(E19:AZ19) -> 4502
D20: PR | E20: 115 | F20: 122 | G20: 86 | H20: 120 | I20: 115 | J20: 118 | K20: 107 | L20: 98 | M20: 92 | N20: 104 | O20: 100 | P20: 97 | Q20: 94 | R20: 108 | S20: 113 | T20: 119 | U20: 87 | V20: 108 | W20: 119 | X20: 127 | Y20: 109 | Z20: 68 | AA20: 113 | AB20: 105 | AC20: 104 | AD20: 119 | AE20: 103 | AF20: 109 | AG20: 95 | AH20: 102 | AI20: 57 | AJ20: 115 | AK20: 105 | AL20: 103 | AM20: 99 | AN20: 96 | AO20: 98 | AP20: 111 | AQ20: 82 | AR20: 97 | AS20: 92 | AT20: 139 | AU20: 96 | AV20: 123 | AW20: 105 | AX20: 93 | AY20: 96 | AZ20: 77 | BA20: =SUM(E20:AZ20) -> 4960
D21: JML | E21: =SUM(E19:E20) -> 213 | F21: =SUM(F19:F20) -> 231 | G21: =SUM(G19:G20) -> 173 | H21: =SUM(H19:H20) -> 210 | I21: =SUM(I19:I20) -> 220 | J21: =SUM(J19:J20) -> 219 | K21: =SUM(K19:K20) -> 193 | L21: =SUM(L19:L20) -> 187 | ... AZ21: =SUM(AZ19:AZ20) -> 144 | BA21: =SUM(E21:AZ21) -> 9462
B22: 2. | C22: Jumlah pengguna hak pilih dalam Daftar Pemilih Tambahan (DPTb) | D22: LK | E22: 0 | F22: 7 | G22: 3 | H22: 0 | I22: 0 | J22: 0 | K22: 1 | L22: 0 | M22: 0 | N22: 0 | O22: 0 | P22: 0 | Q22: 0 | R22: 1 | S22: 0 | T22: 0 | U22: 0 | V22: 0 | W22: 0 | X22: 0 | Y22: 0 | Z22: 0 | AA22: 0 | AB22: 0 | AC22: 0 | AD22: 0 | AE22: 1 | AF22: 0 | AG22: 0 | AH22: 0 | AX22: 0 | AY22: 0 | AZ22: 1 | BA22: =SUM(E22:AZ22) -> 14
D23: PR | E23: 0 | F23: 7 | G23: 1 | H23: 0 | I23: 0 | J23: 0 | K23: 0 | L23: 0 | M23: 0 | N23: 0 | O23: 0 | P23: 0 | Q23: 0 | R23: 0 | S23: 0 | T23: 0 | U23: 0 | V23: 0 | W23: 0 | X23: 0 | Y23: 0 | Z23: 0 | AA23: 0 | AB23: 0 | AC23: 0 | AD23: 0 | AE23: 1 | AF23: 0 | AG23: 0 | AH23: 0 | AX23: 0 | AY23: 0 | AZ23: 0 | BA23: =SUM(E23:AZ23) -> 9
D24: JML | E24: =SUM(E22:E23) -> 0 | F24: =SUM(F22:F23) -> 14 | G24: =SUM(G22:G23) -> 4 | H24: =SUM(H22:H23) -> 0 | I24: =SUM(I22:I23) -> 0 | J24: =SUM(J22:J23) -> 0 | K24: =SUM(K22:K23) -> 1 | L24: =SUM(L22:L23) -> 0 | ... AZ24: =SUM(AZ22:AZ23) -> 1 | BA24: =SUM(E24:AZ24) -> 23
B25: 3. | C25: Jumlah pengguna hak pilih dalam Daftar Pemilih Khusus (DPK) | D25: LK | E25: 0 | F25: 1 | G25: 0 | H25: 0 | I25: 1 | J25: 4 | K25: 1 | L25: 3 | M25: 1 | N25: 0 | O25: 10 | P25: 0 | Q25: 2 | R25: 6 | S25: 2 | T25: 1 | U25: 0 | V25: 3 | W25: 1 | X25: 0 | Y25: 0 | Z25: 0 | AA25: 1 | AB25: 0 | AC25: 4 | AD25: 4 | AE25: 0 | AF25: 1 | AG25: 4 | AH25: 0 | AI25: 0 | AJ25: 0 | AK25: 1 | AL25: 0 | AM25: 0 | AN25: 0 | AO25: 3 | AP25: 1 | AQ25: 1 | AR25: 2 | AS25: 1 | AT25: 4 | AU25: 0 | AV25: 3 | AW25: 0 | AX25: 0 | AY25: 0 | AZ25: 0 | BA25: =SUM(E25:AZ25) -> 66
D26: PR | E26: 1 | F26: 0 | G26: 0 | H26: 0 | I26: 2 | J26: 3 | K26: 1 | L26: 2 | M26: 2 | N26: 2 | O26: 6 | P26: 0 | Q26: 0 | R26: 3 | S26: 1 | T26: 0 | U26: 0 | V26: 1 | W26: 0 | X26: 0 | Y26: 0 | Z26: 0 | AA26: 0 | AB26: 0 | AC26: 6 | AD26: 4 | AE26: 0 | AF26: 1 | AG26: 2 | AH26: 1 | AI26: 1 | AJ26: 0 | AK26: 1 | AL26: 0 | AM26: 1 | AN26: 0 | AO26: 3 | AP26: 3 | AQ26: 2 | AR26: 2 | AS26: 6 | AT26: 3 | AU26: 0 | AV26: 4 | AW26: 2 | AX26: 2 | AY26: 3 | AZ26: 0 | BA26: =SUM(E26:AZ26) -> 71
D27: JML | E27: =SUM(E25:E26) -> 1 | F27: =SUM(F25:F26) -> 1 | G27: =SUM(G25:G26) -> 0 | H27: =SUM(H25:H26) -> 0 | I27: =SUM(I25:I26) -> 3 | J27: =SUM(J25:J26) -> 7 | K27: =SUM(K25:K26) -> 2 | L27: =SUM(L25:L26) -> 5 | ... AZ27: =SUM(AZ25:AZ26) -> 0 | BA27: =SUM(E27:AZ27) -> 137
B28: 4. | C28: Jumlah Pengguna Hak Pilih (B.1+B.2+B.3) | D28: LK | E28: =SUM(E19,E22,E25) -> 98 | F28: =SUM(F19,F22,F25) -> 117 | G28: =SUM(G19,G22,G25) -> 90 | H28: =SUM(H19,H22,H25) -> 90 | I28: =SUM(I19,I22,I25) -> 106 | J28: =SUM(J19,J22,J25) -> 105 | K28: =SUM(K19,K22,K25) -> 88 | L28: =SUM(L19,L22,L25) -> 92 | ... AZ28: =SUM(AZ19,AZ22,AZ25) -> 68 | BA28: =SUM(E28:AZ28) -> 4582
D29: PR | E29: =SUM(E20,E23,E26) -> 116 | F29: =SUM(F20,F23,F26) -> 129 | G29: =SUM(G20,G23,G26) -> 87 | H29: =SUM(H20,H23,H26) -> 120 | I29: =SUM(I20,I23,I26) -> 117 | J29: =SUM(J20,J23,J26) -> 121 | K29: =SUM(K20,K23,K26) -> 108 | L29: =SUM(L20,L23,L26) -> 100 | ... AZ29: =SUM(AZ20,AZ23,AZ26) -> 77 | BA29: =SUM(E29:AZ29) -> 5040
D30: JML | E30: =SUM(E28:E29) -> 214 | F30: =SUM(F28:F29) -> 246 | G30: =SUM(G28:G29) -> 177 | H30: =SUM(H28:H29) -> 210 | I30: =SUM(I28:I29) -> 223 | J30: =SUM(J28:J29) -> 226 | K30: =SUM(K28:K29) -> 196 | L30: =SUM(L28:L29) -> 192 | ... AZ30: =SUM(AZ28:AZ29) -> 145 | BA30: =SUM(E30:AZ30) -> 9622
A32: II | B32: DATA PENGGUNAAN SURAT SUARA
A33: 1 | B33: Jumlah surat suara yang diterima, termasuk surat suara cadangan 2,5% dari DPT | E33: 297 | F33: 300 | G33: 213 | H33: 254 | I33: 254 | J33: 281 | K33: 249 | L33: 249 | M33: 231 | N33: 267 | O33: 268 | P33: 237 | Q33: 215 | R33: 293 | S33: 300 | T33: 303 | U33: 217 | V33: 296 | W33: 306 | X33: 285 | Y33: 281 | Z33: 161 | AA33: 299 | AB33: 266 | AC33: 276 | AD33: 294 | AE33: 248 | AF33: 250 | AG33: 275 | AH33: 288 | AI33: 149 | AJ33: 289 | AK33: 234 | AL33: 293 | AM33: 247 | AN33: 278 | AO33: 279 | AP33: 299 | AQ33: 238 | AR33: 260 | AS33: 235 | AT33: 297 | AU33: 278 | AV33: 289 | AW33: 293 | AX33: 243 | AY33: 239 | AZ33: 191 | BA33: =SUM(E33:AZ33) -> 12584
A34: 2 | B34: Jumlah surat suara yang digunakan | E34: 214 | F34: 246 | G34: 177 | H34: 210 | I34: 223 | J34: 226 | K34: 196 | L34: 192 | M34: 171 | N34: 191 | O34: 214 | P34: 186 | Q34: 175 | R34: 233 | S34: 222 | T34: 233 | U34: 160 | V34: 209 | W34: 229 | X34: 233 | Y34: 212 | Z34: 126 | AA34: 224 | AB34: 203 | AC34: 206 | AD34: 215 | AE34: 202 | AF34: 220 | AG34: 204 | AH34: 203 | AI34: 101 | AJ34: 219 | AK34: 200 | AL34: 196 | AM34: 188 | AN34: 199 | AO34: 196 | AP34: 214 | AQ34: 166 | AR34: 194 | AS34: 178 | AT34: 250 | AU34: 200 | AV34: 237 | AW34: 214 | AX34: 194 | AY34: 176 | AZ34: 145 | BA34: =SUM(E34:AZ34) -> 9622
A35: 3 | B35: Jumlah surat suara dikembalikan oleh pemilih (karena rusak atau keliru coblos) | E35: 0 | F35: 0 | G35: 1 | H35: 0 | I35: 0 | J35: 0 | K35: 0 | L35: 0 | M35: 1 | N35: 0 | O35: 0 | P35: 0 | Q35: 0 | R35: 0 | S35: 0 | T35: 0 | U35: 0 | V35: 1 | W35: 2 | X35: 0 | Y35: 0 | Z35: 0 | AA35: 0 | AB35: 2 | AC35: 1 | AD35: 0 | AE35: 0 | AF35: 0 | AG35: 1 | AH35: 0 | AI35: 0 | AJ35: 0 | AK35: 0 | AL35: 2 | AM35: 0 | AN35: 0 | AO35: 0 | AP35: 1 | AQ35: 0 | AR35: 0 | AS35: 0 | AT35: 0 | AU35: 0 | AV35: 0 | AW35: 0 | BA35: =SUM(E35:AZ35) -> 12
A36: 4 | B36: Jumlah surat suara yang tidak digunakan/tidak terpakai, termasuk sisa surat suara cadangan | E36: =E33-(E34+E35) -> 83 | F36: =F33-(F34+F35) -> 54 | G36: =G33-(G34+G35) -> 35 | H36: =H33-(H34+H35) -> 44 | I36: =I33-(I34+I35) -> 31 | J36: =J33-(J34+J35) -> 55 | K36: =K33-(K34+K35) -> 53 | L36: =L33-(L34+L35) -> 57 | ... AZ36: =AZ33-(AZ34+AZ35) -> 46 | BA36: =SUM(E36:AZ36) -> 2950
A38: III | B38: DATA PEMILIH DISABILITAS
B39: Jumlah seluruh Pemilih disabilitas yang menggunakan hak pilih | D39: LK | E39: 0 | F39: 0 | G39: 0 | H39: 0 | I39: 1 | J39: 1 | K39: 0 | L39: 0 | M39: 0 | N39: 0 | O39: 0 | P39: 1 | Q39: 0 | R39: 0 | S39: 0 | T39: 0 | U39: 1 | V39: 0 | W39: 0 | X39: 2 | Y39: 0 | Z39: 1 | AA39: 0 | AB39: 0 | AC39: 0 | AD39: 0 | AE39: 0 | AF39: 0 | AG39: 0 | AH39: 0 | AI39: 0 | AJ39: 0 | AK39: 0 | AL39: 0 | AM39: 0 | AN39: 0 | AO39: 0 | AP39: 1 | AQ39: 0 | AR39: 1 | AS39: 1 | AT39: 0 | AU39: 0 | AV39: 0 | AW39: 0 | BA39: =SUM(E39:AZ39) -> 10
D40: PR | E40: 0 | F40: 0 | G40: 0 | H40: 0 | I40: 0 | J40: 0 | K40: 1 | L40: 0 | M40: 0 | N40: 0 | O40: 0 | P40: 0 | Q40: 0 | R40: 1 | S40: 0 | T40: 0 | U40: 1 | V40: 0 | W40: 0 | X40: 1 | Y40: 0 | Z40: 3 | AA40: 0 | AB40: 0 | AC40: 0 | AD40: 0 | AE40: 0 | AF40: 0 | AG40: 0 | AH40: 0 | AI40: 0 | AJ40: 0 | AK40: 0 | AL40: 0 | AM40: 0 | AN40: 0 | AO40: 2 | AP40: 1 | AQ40: 0 | AR40: 0 | AS40: 0 | AT40: 0 | AU40: 0 | AV40: 0 | AW40: 0 | AZ40: 1 | BA40: =SUM(E40:AZ40) -> 11
D41: JML | E41: =SUM(E39:E40) -> 0 | F41: =SUM(F39:F40) -> 0 | G41: =SUM(G39:G40) -> 0 | H41: =SUM(H39:H40) -> 0 | I41: =SUM(I39:I40) -> 1 | J41: =SUM(J39:J40) -> 1 | K41: =SUM(K39:K40) -> 1 | L41: =SUM(L39:L40) -> 0 | ... AZ41: =SUM(AZ39:AZ40) -> 1 | BA41: =SUM(E41:AZ41) -> 21
A43: IV | B43: DATA RINCIAN PEROLEHAN SUARA PASANGAN CALON BUPATI DAN WAKIL BUPATI
A44: NOMOR DAN NAMA CALON
A45: A.1 | B45: 1. | C45: Partai Kebangkitan Bangsa | E45: 0 | F45: 3 | G45: 1 | H45: 1 | I45: 5 | J45: 0 | K45: 1 | L45: 5 | M45: 3 | N45: 5 | O45: 1 | P45: 1 | Q45: 2 | R45: 5 | S45: 2 | T45: 4 | U45: 1 | V45: 6 | W45: 7 | X45: 3 | Y45: 3 | Z45: 6 | AA45: 1 | AB45: 2 | AC45: 4 | AD45: 6 | AE45: 2 | AF45: 1 | AG45: 5 | AH45: 8 | AI45: 0 | AJ45: 4 | AK45: 3 | AL45: 1 | AM45: 1 | AN45: 4 | AO45: 4 | AP45: 5 | AQ45: 3 | AR45: 2 | AS45: 4 | AT45: 4 | AU45: 2 | AV45: 1 | AW45: 5 | AX45: 2 | AY45: 2 | AZ45: 2 | BA45: =SUM(E45:AZ45) -> 143
A46: A.2 | B46: 1 | C46: KH. MUHAMMAD RIZA AZIZY, M.IEB. | E46: 2 | F46: 12 | G46: 4 | H46: 1 | I46: 2 | J46: 6 | K46: 4 | L46: 13 | M46: 1 | N46: 2 | O46: 1 | P46: 1 | Q46: 3 | R46: 2 | S46: 3 | T46: 8 | U46: 1 | V46: 5 | W46: 4 | X46: 3 | Y46: 4 | Z46: 0 | AA46: 4 | AB46: 1 | AC46: 2 | AD46: 7 | AE46: 1 | AF46: 4 | AG46: 4 | AH46: 3 | AI46: 3 | AJ46: 5 | AK46: 2 | AL46: 0 | AM46: 1 | AN46: 3 | AO46: 2 | AP46: 7 | AQ46: 2 | AR46: 1 | AS46: 4 | AT46: 3 | AU46: 1 | AV46: 1 | AW46: 6 | AX46: 3 | AY46: 0 | AZ46: 0 | BA46: =SUM(E46:AZ46) -> 152
B47: 2 | C47: INAYANTI KUSUMASARI, S.E. | E47: 0 | F47: 2 | G47: 0 | H47: 0 | I47: 9 | J47: 1 | K47: 0 | L47: 2 | M47: 2 | N47: 3 | O47: 0 | P47: 1 | Q47: 2 | R47: 6 | S47: 8 | T47: 5 | U47: 2 | V47: 0 | W47: 0 | X47: 0 | Y47: 1 | Z47: 2 | AA47: 2 | AB47: 1 | AC47: 1 | AD47: 1 | AE47: 3 | AF47: 0 | AG47: 4 | AH47: 7 | AI47: 0 | AJ47: 12 | AK47: 1 | AL47: 0 | AM47: 1 | AN47: 2 | AO47: 0 | AP47: 2 | AQ47: 0 | AR47: 0 | AS47: 0 | AT47: 0 | AU47: 1 | AV47: 0 | AW47: 2 | AX47: 0 | AY47: 0 | AZ47: 0 | BA47: =SUM(E47:AZ47) -> 86
B48: 3 | C48: TOPAN HADI SUCIPTO, S.H. | E48: 1 | F48: 4 | G48: 0 | H48: 1 | I48: 1 | J48: 5 | K48: 2 | L48: 5 | M48: 0 | N48: 1 | O48: 1 | P48: 0 | Q48: 0 | R48: 55 | S48: 37 | T48: 1 | U48: 0 | V48: 4 | W48: 2 | X48: 0 | Y48: 3 | Z48: 0 | AA48: 0 | AB48: 3 | AC48: 0 | AD48: 4 | AE48: 0 | AF48: 0 | AG48: 8 | AH48: 3 | AI48: 2 | AJ48: 0 | AK48: 1 | AL48: 1 | AM48: 3 | AN48: 0 | AO48: 1 | AP48: 3 | AQ48: 2 | AR48: 0 | AS48: 2 | AT48: 1 | AU48: 1 | AV48: 0 | AW48: 3 | AX48: 2 | AY48: 4 | AZ48: 2 | BA48: =SUM(E48:AZ48) -> 169
B49: 4 | C49: HAULA KARIMA AKBAR, S.PD. | E49: 3 | F49: 1 | G49: 0 | H49: 0 | I49: 0 | J49: 0 | K49: 0 | L49: 2 | M49: 0 | N49: 1 | O49: 0 | P49: 0 | Q49: 1 | R49: 0 | S49: 0 | T49: 0 | U49: 0 | V49: 0 | W49: 0 | X49: 0 | Y49: 0 | Z49: 0 | AA49: 0 | AB49: 0 | AC49: 1 | AD49: 0 | AE49: 0 | AF49: 0 | AG49: 1 | AH49: 0 | AI49: 0 | AJ49: 0 | AK49: 0 | AL49: 1 | AM49: 0 | AN49: 0 | AO49: 0 | AP49: 0 | AQ49: 0 | AR49: 0 | AS49: 0 | AT49: 0 | AU49: 0 | AV49: 1 | AW49: 0 | AX49: 0 | AY49: 0 | AZ49: 0 | BA49: =SUM(E49:AZ49) -> 12
B50: 5 | C50: SUGENG HARYONO | E50: 2 | F50: 5 | G50: 0 | H50: 0 | I50: 0 | J50: 0 | K50: 0 | L50: 0 | M50: 0 | N50: 0 | O50: 0 | P50: 0 | Q50: 0 | R50: 0 | S50: 0 | T50: 1 | U50: 0 | V50: 2 | W50: 0 | X50: 1 | Y50: 0 | Z50: 0 | AA50: 0 | AB50: 0 | AC50: 0 | AD50: 0 | AE50: 0 | AF50: 0 | AG50: 0 | AH50: 0 | AI50: 0 | AJ50: 0 | AK50: 0 | AL50: 0 | AM50: 0 | AN50: 0 | AO50: 0 | AP50: 0 | AQ50: 0 | AR50: 0 | AS50: 0 | AT50: 0 | AU50: 0 | AV50: 0 | AW50: 0 | AX50: 0 | AY50: 0 | AZ50: 0 | BA50: =SUM(E50:AZ50) -> 11
B51: 6 | C51: MOH. RIYADUS SHOLIHIN, A.MD. | E51: 2 | F51: 0 | G51: 5 | H51: 5 | I51: 1 | J51: 4 | K51: 0 | L51: 6 | M51: 2 | N51: 3 | O51: 1 | P51: 0 | Q51: 2 | R51: 7 | S51: 5 | T51: 2 | U51: 1 | V51: 0 | W51: 0 | X51: 0 | Y51: 2 | Z51: 4 | AA51: 5 | AB51: 12 | AC51: 12 | AD51: 2 | AE51: 2 | AF51: 0 | AG51: 1 | AH51: 1 | AI51: 0 | AJ51: 1 | AK51: 2 | AL51: 3 | AM51: 3 | AN51: 0 | AO51: 6 | AP51: 1 | AQ51: 1 | AR51: 5 | AS51: 1 | AT51: 13 | AU51: 21 | AV51: 13 | AW51: 0 | AX51: 10 | AY51: 14 | AZ51: 0 | BA51: =SUM(E51:AZ51) -> 181
A52: B | B52: JUMLAH SUARA SAH PARTAI POLITIK DAN CALON (A1 + A2) | E52: =SUM(E45:E51) -> 10 | F52: =SUM(F45:F51) -> 27 | G52: =SUM(G45:G51) -> 10 | H52: =SUM(H45:H51) -> 8 | I52: =SUM(I45:I51) -> 18 | J52: =SUM(J45:J51) -> 16 | K52: =SUM(K45:K51) -> 7 | L52: =SUM(L45:L51) -> 33 | ... AZ52: =SUM(AZ45:AZ51) -> 4 | BA52: =SUM(E52:AZ52) -> 754
BA53: =SUM(E53:AZ53) -> 0
A54: A.1 | B54: 2. | C54: Partai Gerakan Indonesia Raya | E54: 1 | F54: 8 | G54: 2 | H54: 1 | I54: 7 | J54: 2 | K54: 5 | L54: 7 | M54: 2 | N54: 4 | O54: 4 | P54: 3 | Q54: 3 | R54: 7 | S54: 10 | T54: 1 | U54: 1 | V54: 2 | W54: 3 | X54: 3 | Y54: 2 | Z54: 2 | AA54: 5 | AB54: 3 | AC54: 7 | AD54: 12 | AE54: 6 | AF54: 3 | AG54: 5 | AH54: 12 | AI54: 7 | AJ54: 4 | AK54: 5 | AL54: 1 | AM54: 8 | AN54: 7 | AO54: 6 | AP54: 7 | AQ54: 3 | AR54: 4 | AS54: 7 | AT54: 23 | AU54: 8 | AV54: 6 | AW54: 7 | AX54: 7 | AY54: 7 | AZ54: 4 | BA54: =SUM(E54:AZ54) -> 254
A55: A.2 | B55: 1 | C55: AGUNG SUBASTIAN | E55: 5 | F55: 5 | G55: 4 | H55: 1 | I55: 2 | J55: 1 | K55: 3 | L55: 1 | M55: 1 | N55: 3 | O55: 1 | P55: 5 | Q55: 1 | R55: 3 | S55: 2 | T55: 0 | U55: 0 | V55: 6 | W55: 6 | X55: 1 | Y55: 0 | Z55: 1 | AA55: 1 | AB55: 1 | AC55: 3 | AD55: 1 | AE55: 7 | AF55: 5 | AG55: 41 | AH55: 38 | AI55: 4 | AJ55: 2 | AK55: 2 | AL55: 6 | AM55: 16 | AN55: 1 | AO55: 2 | AP55: 4 | AQ55: 1 | AR55: 3 | AS55: 6 | AT55: 18 | AU55: 3 | AV55: 12 | AW55: 12 | AX55: 3 | AY55: 10 | AZ55: 6 | BA55: =SUM(E55:AZ55) -> 260
B56: 2 | C56: ABDUL HAMID | E56: 0 | F56: 0 | G56: 0 | H56: 0 | I56: 1 | J56: 0 | K56: 1 | L56: 4 | M56: 0 | N56: 1 | O56: 1 | P56: 2 | Q56: 0 | R56: 5 | S56: 0 | T56: 1 | U56: 0 | V56: 1 | W56: 2 | X56: 1 | Y56: 2 | Z56: 1 | AA56: 0 | AB56: 0 | AC56: 3 | AD56: 2 | AE56: 0 | AF56: 0 | AG56: 2 | AH56: 3 | AI56: 0 | AJ56: 0 | AK56: 0 | AL56: 0 | AM56: 1 | AN56: 0 | AO56: 4 | AP56: 1 | AQ56: 0 | AR56: 1 | AS56: 0 | AT56: 3 | AU56: 0 | AV56: 0 | AW56: 3 | AX56: 0 | AY56: 2 | AZ56: 2 | BA56: =SUM(E56:AZ56) -> 50
B57: 3 | C57: NUR ALVI NAZIMAH | E57: 2 | F57: 1 | G57: 0 | H57: 0 | I57: 0 | J57: 0 | K57: 1 | L57: 0 | M57: 0 | N57: 0 | O57: 1 | P57: 0 | Q57: 1 | R57: 0 | S57: 0 | T57: 0 | U57: 0 | V57: 1 | W57: 0 | X57: 0 | Y57: 0 | Z57: 0 | AA57: 0 | AB57: 0 | AC57: 0 | AD57: 1 | AE57: 1 | AF57: 0 | AG57: 0 | AH57: 1 | AI57: 0 | AJ57: 1 | AK57: 0 | AL57: 0 | AM57: 0 | AN57: 0 | AO57: 0 | AP57: 0 | AQ57: 0 | AR57: 1 | AS57: 0 | AT57: 0 | AU57: 0 | AV57: 0 | AW57: 0 | AX57: 0 | AY57: 0 | AZ57: 0 | BA57: =SUM(E57:AZ57) -> 12
B58: 4 | C58: EMI WIJAYANTI | E58: 1 | F58: 0 | G58: 0 | H58: 0 | I58: 0 | J58: 0 | K58: 0 | L58: 1 | M58: 2 | N58: 1 | O58: 0 | P58: 0 | Q58: 0 | R58: 0 | S58: 2 | T58: 0 | U58: 0 | V58: 0 | W58: 0 | X58: 1 | Y58: 0 | Z58: 0 | AA58: 0 | AB58: 1 | AC58: 0 | AD58: 1 | AE58: 0 | AF58: 0 | AG58: 0 | AH58: 0 | AI58: 1 | AJ58: 0 | AK58: 0 | AL58: 0 | AM58: 0 | AN58: 0 | AO58: 0 | AP58: 0 | AQ58: 0 | AR58: 0 | AS58: 0 | AT58: 2 | AU58: 1 | AV58: 0 | AW58: 0 | AX58: 0 | AY58: 0 | AZ58: 0 | BA58: =SUM(E58:AZ58) -> 14
B59: 5 | C59: MUHAMAD ALFAN SAIFUDIN | E59: 0 | F59: 0 | G59: 0 | H59: 0 | I59: 0 | J59: 0 | K59: 1 | L59: 0 | M59: 0 | N59: 0 | O59: 0 | P59: 0 | Q59: 0 | R59: 1 | S59: 0 | T59: 0 | U59: 0 | V59: 0 | W59: 0 | X59: 1 | Y59: 1 | Z59: 0 | AA59: 0 | AB59: 0 | AC59: 0 | AD59: 1 | AE59: 0 | AF59: 0 | AG59: 0 | AH59: 0 | AI59: 2 | AJ59: 0 | AK59: 2 | AL59: 0 | AM59: 0 | AN59: 0 | AO59: 0 | AP59: 1 | AQ59: 0 | AR59: 0 | AS59: 2 | AT59: 0 | AU59: 0 | AV59: 0 | AW59: 0 | AX59: 0 | AY59: 0 | AZ59: 0 | BA59: =SUM(E59:AZ59) -> 12
B60: 6 | C60: BAYU PUTRA PAMUNGKAS | E60: 0 | F60: 0 | G60: 2 | H60: 0 | I60: 0 | J60: 0 | K60: 2 | L60: 0 | M60: 0 | N60: 0 | O60: 0 | P60: 0 | Q60: 0 | R60: 1 | S60: 0 | T60: 0 | U60: 2 | V60: 1 | W60: 0 | X60: 0 | Y60: 0 | Z60: 0 | AA60: 0 | AB60: 0 | AC60: 0 | AD60: 2 | AE60: 1 | AF60: 0 | AG60: 0 | AH60: 0 | AI60: 0 | AJ60: 0 | AK60: 0 | AL60: 1 | AM60: 0 | AN60: 0 | AO60: 0 | AP60: 0 | AQ60: 1 | AR60: 0 | AS60: 0 | AT60: 2 | AU60: 0 | AV60: 1 | AW60: 0 | AX60: 0 | AY60: 0 | AZ60: 0 | BA60: =SUM(E60:AZ60) -> 16
A61: B | B61: JUMLAH SUARA SAH PARTAI POLITIK DAN CALON (A1 + A2) | E61: =SUM(E54:E60) -> 9 | F61: =SUM(F54:F60) -> 14 | G61: =SUM(G54:G60) -> 8 | H61: =SUM(H54:H60) -> 2 | I61: =SUM(I54:I60) -> 10 | J61: =SUM(J54:J60) -> 3 | K61: =SUM(K54:K60) -> 13 | L61: =SUM(L54:L60) -> 13 | ... AZ61: =SUM(AZ54:AZ60) -> 12 | BA61: =SUM(E61:AZ61) -> 618
BA62: =SUM(E62:AZ62) -> 0
A63: A.1 | B63: 3. | C63: Partai Demokrasi Indonesia Perjuangan | E63: 7 | F63: 21 | G63: 12 | H63: 21 | I63: 12 | J63: 11 | K63: 8 | L63: 13 | M63: 12 | N63: 11 | O63: 14 | P63: 4 | Q63: 11 | R63: 10 | S63: 22 | T63: 8 | U63: 9 | V63: 15 | W63: 10 | X63: 3 | Y63: 8 | Z63: 13 | AA63: 13 | AB63: 8 | AC63: 19 | AD63: 17 | AE63: 8 | AF63: 3 | AG63: 7 | AH63: 9 | AI63: 5 | AJ63: 16 | AK63: 24 | AL63: 17 | AM63: 7 | AN63: 21 | AO63: 7 | AP63: 15 | AQ63: 12 | AR63: 11 | AS63: 7 | AT63: 8 | AU63: 16 | AV63: 27 | AW63: 10 | AX63: 8 | AY63: 9 | AZ63: 7 | BA63: =SUM(E63:AZ63) -> 566
A64: A.2 | B64: 1 | C64: IR. YAYUK BANAR SRI PANGAYOM | E64: 79 | F64: 82 | G64: 53 | H64: 121 | I64: 80 | J64: 137 | K64: 42 | L64: 34 | M64: 77 | N64: 65 | O64: 73 | P64: 38 | Q64: 59 | R64: 49 | S64: 23 | T64: 31 | U64: 19 | V64: 36 | W64: 56 | X64: 90 | Y64: 62 | Z64: 42 | AA64: 59 | AB64: 62 | AC64: 45 | AD64: 54 | AE64: 24 | AF64: 18 | AG64: 27 | AH64: 45 | AI64: 31 | AJ64: 70 | AK64: 86 | AL64: 54 | AM64: 35 | AN64: 63 | AO64: 30 | AP64: 77 | AQ64: 27 | AR64: 24 | AS64: 45 | AT64: 69 | AU64: 36 | AV64: 68 | AW64: 107 | AX64: 37 | AY64: 25 | AZ64: 39 | BA64: =SUM(E64:AZ64) -> 2605
B65: 2 | C65: DR. ANA ANIATI | E65: 7 | F65: 1 | G65: 3 | H65: 0 | I65: 5 | J65: 4 | K65: 2 | L65: 2 | M65: 2 | N65: 3 | O65: 2 | P65: 2 | Q65: 1 | R65: 5 | S65: 4 | T65: 1 | U65: 1 | V65: 2 | W65: 4 | X65: 3 | Y65: 8 | Z65: 8 | AA65: 17 | AB65: 2 | AC65: 11 | AD65: 6 | AE65: 1 | AF65: 3 | AG65: 3 | AH65: 2 | AI65: 0 | AJ65: 3 | AK65: 2 | AL65: 3 | AM65: 2 | AN65: 8 | AO65: 8 | AP65: 1 | AQ65: 1 | AR65: 1 | AS65: 5 | AT65: 1 | AU65: 1 | AV65: 2 | AW65: 4 | AX65: 1 | AY65: 0 | AZ65: 0 | BA65: =SUM(E65:AZ65) -> 158
B66: 3 | C66: HADI WIDODO, S.P. | E66: 0 | F66: 1 | G66: 6 | H66: 3 | I66: 0 | J66: 9 | K66: 1 | L66: 4 | M66: 4 | N66: 2 | O66: 0 | P66: 0 | Q66: 2 | R66: 1 | S66: 2 | T66: 1 | U66: 1 | V66: 3 | W66: 1 | X66: 2 | Y66: 0 | Z66: 1 | AA66: 1 | AB66: 3 | AC66: 6 | AD66: 1 | AE66: 1 | AF66: 0 | AG66: 1 | AH66: 4 | AI66: 0 | AJ66: 1 | AK66: 1 | AL66: 0 | AM66: 4 | AN66: 0 | AO66: 6 | AP66: 1 | AQ66: 7 | AR66: 69 | AS66: 3 | AT66: 1 | AU66: 0 | AV66: 0 | AW66: 0 | AX66: 0 | AY66: 1 | AZ66: 2 | BA66: =SUM(E66:AZ66) -> 157
B67: 4 | C67: ANDIKO PUTRA MAHATTA | E67: 6 | F67: 12 | G67: 12 | H67: 3 | I67: 13 | J67: 1 | K67: 7 | L67: 2 | M67: 3 | N67: 1 | O67: 1 | P67: 0 | Q67: 1 | R67: 7 | S67: 4 | T67: 11 | U67: 3 | V67: 2 | W67: 8 | X67: 16 | Y67: 0 | Z67: 1 | AA67: 0 | AB67: 0 | AC67: 1 | AD67: 1 | AE67: 1 | AF67: 0 | AG67: 2 | AH67: 9 | AI67: 0 | AJ67: 4 | AK67: 5 | AL67: 3 | AM67: 4 | AN67: 4 | AO67: 3 | AP67: 1 | AQ67: 2 | AR67: 3 | AS67: 5 | AT67: 3 | AU67: 2 | AV67: 4 | AW67: 1 | AX67: 7 | AY67: 2 | AZ67: 0 | BA67: =SUM(E67:AZ67) -> 181
B68: 5 | C68: YUNI APRILIA | E68: 1 | F68: 1 | G68: 0 | H68: 0 | I68: 0 | J68: 2 | K68: 0 | L68: 0 | M68: 0 | N68: 0 | O68: 1 | P68: 0 | Q68: 0 | R68: 0 | S68: 0 | T68: 0 | U68: 1 | V68: 0 | W68: 1 | X68: 1 | Y68: 0 | Z68: 0 | AA68: 0 | AB68: 0 | AC68: 1 | AD68: 0 | AE68: 1 | AF68: 0 | AG68: 0 | AH68: 0 | AI68: 0 | AJ68: 0 | AK68: 0 | AL68: 0 | AM68: 1 | AN68: 2 | AO68: 0 | AP68: 3 | AQ68: 0 | AR68: 0 | AS68: 0 | AT68: 0 | AU68: 0 | AV68: 0 | AW68: 0 | AX68: 0 | AY68: 0 | AZ68: 0 | BA68: =SUM(E68:AZ68) -> 16
B69: 6 | C69: IKE PREDITA FIKTARYANA | E69: 0 | F69: 0 | G69: 1 | H69: 0 | I69: 0 | J69: 0 | K69: 2 | L69: 6 | M69: 3 | N69: 0 | O69: 0 | P69: 0 | Q69: 0 | R69: 0 | S69: 0 | T69: 1 | U69: 2 | V69: 0 | W69: 0 | X69: 0 | Y69: 0 | Z69: 0 | AA69: 1 | AB69: 0 | AC69: 1 | AD69: 2 | AE69: 3 | AF69: 2 | AG69: 0 | AH69: 1 | AI69: 0 | AJ69: 1 | AK69: 1 | AL69: 0 | AM69: 0 | AN69: 0 | AO69: 0 | AP69: 2 | AQ69: 1 | AR69: 3 | AS69: 0 | AT69: 0 | AU69: 1 | AV69: 0 | AW69: 0 | AX69: 1 | AY69: 1 | AZ69: 0 | BA69: =SUM(E69:AZ69) -> 36
A70: B | B70: JUMLAH SUARA SAH PARTAI POLITIK DAN CALON (A1 + A2) | E70: =SUM(E63:E69) -> 100 | F70: =SUM(F63:F69) -> 118 | G70: =SUM(G63:G69) -> 87 | H70: =SUM(H63:H69) -> 148 | I70: =SUM(I63:I69) -> 110 | J70: =SUM(J63:J69) -> 164 | K70: =SUM(K63:K69) -> 62 | L70: =SUM(L63:L69) -> 61 | ... AZ70: =SUM(AZ63:AZ69) -> 48 | BA70: =SUM(E70:AZ70) -> 3719
BA71: =SUM(E71:AZ71) -> 0
A72: A.1 | B72: 4. | C72: Partai Golongan Karya | E72: 5 | F72: 3 | G72: 1 | H72: 1 | I72: 6 | J72: 0 | K72: 2 | L72: 4 | M72: 2 | N72: 1 | O72: 0 | P72: 1 | Q72: 1 | R72: 1 | S72: 1 | T72: 2 | U72: 1 | V72: 4 | W72: 5 | X72: 5 | Y72: 1 | Z72: 1 | AA72: 4 | AB72: 1 | AC72: 0 | AD72: 2 | AE72: 0 | AF72: 1 | AG72: 1 | AH72: 2 | AI72: 5 | AJ72: 6 | AK72: 5 | AL72: 5 | AM72: 1 | AN72: 9 | AO72: 5 | AP72: 2 | AQ72: 6 | AR72: 2 | AS72: 4 | AT72: 2 | AU72: 0 | AV72: 3 | AW72: 1 | AX72: 4 | AY72: 2 | AZ72: 3 | BA72: =SUM(E72:AZ72) -> 124
A73: A.2 | B73: 1 | C73: SOFIANDI SUSIADI, A.MD. | E73: 1 | F73: 5 | G73: 11 | H73: 8 | I73: 4 | J73: 0 | K73: 2 | L73: 1 | M73: 8 | N73: 0 | O73: 3 | P73: 0 | Q73: 1 | R73: 3 | S73: 1 | T73: 9 | U73: 3 | V73: 9 | W73: 26 | X73: 1 | Y73: 0 | Z73: 24 | AA73: 8 | AB73: 3 | AC73: 6 | AD73: 22 | AE73: 7 | AF73: 9 | AG73: 7 | AH73: 4 | AI73: 3 | AJ73: 37 | AK73: 12 | AL73: 4 | AM73: 10 | AN73: 19 | AO73: 48 | AP73: 10 | AQ73: 25 | AR73: 26 | AS73: 7 | AT73: 3 | AU73: 4 | AV73: 3 | AW73: 9 | AX73: 0 | AY73: 0 | AZ73: 15 | BA73: =SUM(E73:AZ73) -> 421
B74: 2 | C74: SUHAERI, S.PD. | E74: 2 | F74: 0 | G74: 0 | H74: 0 | I74: 0 | J74: 0 | K74: 0 | L74: 1 | M74: 0 | N74: 0 | O74: 0 | P74: 0 | Q74: 0 | R74: 1 | S74: 0 | T74: 0 | U74: 0 | V74: 1 | W74: 1 | X74: 1 | Y74: 0 | Z74: 0 | AA74: 0 | AB74: 0 | AC74: 0 | AD74: 0 | AE74: 1 | AF74: 0 | AG74: 0 | AH74: 0 | AI74: 1 | AJ74: 0 | AK74: 1 | AL74: 0 | AM74: 0 | AN74: 0 | AO74: 1 | AP74: 0 | AQ74: 0 | AR74: 1 | AS74: 0 | AT74: 0 | AU74: 0 | AV74: 0 | AW74: 1 | AX74: 0 | AY74: 0 | AZ74: 1 | BA74: =SUM(E74:AZ74) -> 14
B75: 3 | C75: SITI MAHMUDAH, S.SOS. | E75: 0 | F75: 0 | G75: 0 | H75: 0 | I75: 0 | J75: 0 | K75: 0 | L75: 0 | M75: 0 | N75: 0 | O75: 0 | P75: 0 | Q75: 0 | R75: 0 | S75: 0 | T75: 1 | U75: 0 | V75: 0 | W75: 2 | X75: 1 | Y75: 1 | Z75: 0 | AA75: 0 | AB75: 0 | AC75: 0 | AD75: 1 | AE75: 1 | AF75: 1 | AG75: 0 | AH75: 0 | AI75: 1 | AJ75: 0 | AK75: 0 | AL75: 0 | AM75: 2 | AN75: 1 | AO75: 0 | AP75: 0 | AQ75: 1 | AR75: 0 | AS75: 1 | AT75: 0 | AU75: 0 | AV75: 0 | AW75: 0 | AX75: 0 | AY75: 1 | AZ75: 0 | BA75: =SUM(E75:AZ75) -> 15
B76: 4 | C76: HENI KOMISATUN | E76: 1 | F76: 0 | G76: 0 | H76: 0 | I76: 1 | J76: 0 | K76: 0 | L76: 0 | M76: 0 | N76: 0 | O76: 0 | P76: 0 | Q76: 0 | R76: 1 | S76: 0 | T76: 0 | U76: 0 | V76: 1 | W76: 1 | X76: 1 | Y76: 0 | Z76: 0 | AA76: 0 | AB76: 1 | AC76: 1 | AD76: 1 | AE76: 0 | AF76: 0 | AG76: 0 | AH76: 0 | AI76: 1 | AJ76: 0 | AK76: 0 | AL76: 0 | AM76: 0 | AN76: 0 | AO76: 1 | AP76: 0 | AQ76: 1 | AR76: 0 | AS76: 0 | AT76: 0 | AU76: 0 | AV76: 0 | AW76: 1 | AX76: 0 | AY76: 0 | AZ76: 0 | BA76: =SUM(E76:AZ76) -> 13
B77: 5 | C77: KUSYONO | E77: 1 | F77: 0 | G77: 0 | H77: 1 | I77: 1 | J77: 0 | K77: 0 | L77: 0 | M77: 0 | N77: 0 | O77: 2 | P77: 0 | Q77: 0 | R77: 1 | S77: 0 | T77: 0 | U77: 0 | V77: 2 | W77: 0 | X77: 0 | Y77: 0 | Z77: 0 | AA77: 0 | AB77: 0 | AC77: 0 | AD77: 0 | AE77: 0 | AF77: 0 | AG77: 0 | AH77: 0 | AI77: 1 | AJ77: 3 | AK77: 0 | AL77: 0 | AM77: 1 | AN77: 0 | AO77: 0 | AP77: 0 | AQ77: 0 | AR77: 0 | AS77: 0 | AT77: 0 | AU77: 0 | AV77: 0 | AW77: 0 | AX77: 0 | AY77: 0 | AZ77: 0 | BA77: =SUM(E77:AZ77) -> 13
B78: 6 | C78: SUROSO | E78: 0 | F78: 0 | G78: 0 | H78: 0 | I78: 0 | J78: 0 | K78: 0 | L78: 0 | M78: 0 | N78: 0 | O78: 0 | P78: 0 | Q78: 0 | R78: 0 | S78: 0 | T78: 0 | U78: 0 | V78: 0 | W78: 0 | X78: 0 | Y78: 0 | Z78: 0 | AA78: 0 | AB78: 0 | AC78: 0 | AD78: 0 | AE78: 0 | AF78: 0 | AG78: 0 | AH78: 0 | AI78: 0 | AJ78: 0 | AK78: 0 | AL78: 0 | AM78: 0 | AN78: 0 | AO78: 0 | AP78: 0 | AQ78: 0 | AR78: 0 | AS78: 0 | AT78: 1 | AU78: 0 | AV78: 0 | AW78: 0 | AX78: 1 | AY78: 0 | AZ78: 0 | BA78: =SUM(E78:AZ78) -> 2
A79: B | B79: JUMLAH SUARA SAH PARTAI POLITIK DAN CALON (A1 + A2) | E79: =SUM(E72:E78) -> 10 | F79: =SUM(F72:F78) -> 8 | G79: =SUM(G72:G78) -> 12 | H79: =SUM(H72:H78) -> 10 | I79: =SUM(I72:I78) -> 12 | J79: =SUM(J72:J78) -> 0 | K79: =SUM(K72:K78) -> 4 | L79: =SUM(L72:L78) -> 6 | ... AZ79: =SUM(AZ72:AZ78) -> 19 | BA79: =SUM(E79:AZ79) -> 602
BA80: =SUM(E80:AZ80) -> 0
A81: A.1 | B81: 5. | C81: Partai NasDem | E81: 1 | F81: 0 | G81: 0 | H81: 1 | I81: 0 | J81: 0 | K81: 2 | L81: 0 | M81: 0 | N81: 1 | O81: 0 | P81: 2 | Q81: 0 | R81: 2 | S81: 0 | T81: 2 | U81: 4 | V81: 0 | W81: 2 | X81: 4 | Y81: 0 | Z81: 0 | AA81: 0 | AB81: 0 | AC81: 1 | AD81: 2 | AE81: 2 | AF81: 1 | AG81: 0 | AH81: 1 | AI81: 1 | AJ81: 0 | AK81: 0 | AL81: 0 | AM81: 2 | AN81: 2 | AO81: 0 | AP81: 1 | AQ81: 0 | AR81: 0 | AS81: 0 | AT81: 0 | AU81: 0 | AV81: 0 | AW81: 0 | AX81: 0 | AY81: 0 | AZ81: 0 | BA81: =SUM(E81:AZ81) -> 34
A82: A.2 | B82: 1 | C82: ABU SUFYAN, S.E., S.T., M.SI., M.ARS. | E82: 7 | F82: 5 | G82: 1 | H82: 1 | I82: 0 | J82: 0 | K82: 1 | L82: 3 | M82: 0 | N82: 0 | O82: 0 | P82: 0 | Q82: 0 | R82: 28 | S82: 7 | T82: 4 | U82: 8 | V82: 7 | W82: 2 | X82: 0 | Y82: 1 | Z82: 0 | AA82: 4 | AB82: 1 | AC82: 2 | AD82: 5 | AE82: 1 | AF82: 2 | AG82: 0 | AH82: 2 | AI82: 0 | AJ82: 1 | AK82: 2 | AL82: 3 | AM82: 0 | AN82: 8 | AO82: 11 | AP82: 3 | AQ82: 4 | AR82: 3 | AS82: 4 | AT82: 0 | AU82: 0 | AV82: 1 | AW82: 1 | AX82: 0 | AY82: 7 | AZ82: 1 | BA82: =SUM(E82:AZ82) -> 141
B83: 2 | C83: LUKMAN HAKIM | E83: 0 | F83: 0 | G83: 1 | H83: 0 | I83: 0 | J83: 0 | K83: 4 | L83: 0 | M83: 0 | N83: 0 | O83: 0 | P83: 0 | Q83: 0 | R83: 1 | S83: 0 | T83: 0 | U83: 0 | V83: 0 | W83: 1 | X83: 0 | Y83: 0 | Z83: 0 | AA83: 0 | AB83: 0 | AC83: 0 | AD83: 0 | AE83: 0 | AF83: 0 | AG83: 0 | AH83: 0 | AI83: 0 | AJ83: 0 | AK83: 0 | AL83: 0 | AM83: 0 | AN83: 0 | AO83: 0 | AP83: 0 | AQ83: 0 | AR83: 0 | AS83: 1 | AT83: 0 | AU83: 0 | AV83: 0 | AW83: 1 | AX83: 0 | AY83: 0 | AZ83: 1 | BA83: =SUM(E83:AZ83) -> 10
B84: 3 | C84: DEWI WULANDARI | E84: 0 | F84: 0 | G84: 0 | H84: 1 | I84: 0 | J84: 0 | K84: 0 | L84: 0 | M84: 0 | N84: 0 | O84: 0 | P84: 0 | Q84: 0 | R84: 1 | S84: 0 | T84: 0 | U84: 1 | V84: 1 | W84: 1 | X84: 0 | Y84: 0 | Z84: 0 | AA84: 0 | AB84: 0 | AC84: 0 | AD84: 0 | AE84: 0 | AF84: 0 | AG84: 0 | AH84: 0 | AI84: 0 | AJ84: 0 | AK84: 0 | AL84: 0 | AM84: 0 | AN84: 0 | AO84: 0 | AP84: 0 | AQ84: 0 | AR84: 0 | AS84: 0 | AT84: 0 | AU84: 0 | AV84: 0 | AW84: 0 | AX84: 0 | AY84: 0 | AZ84: 0 | BA84: =SUM(E84:AZ84) -> 5
B85: 4 | C85: JAENURI | E85: 0 | F85: 0 | G85: 1 | H85: 0 | I85: 0 | J85: 0 | K85: 1 | L85: 0 | M85: 0 | N85: 0 | O85: 0 | P85: 1 | Q85: 1 | R85: 0 | S85: 0 | T85: 0 | U85: 0 | V85: 0 | W85: 0 | X85: 1 | Y85: 0 | Z85: 0 | AA85: 0 | AB85: 0 | AC85: 0 | AD85: 0 | AE85: 0 | AF85: 0 | AG85: 0 | AH85: 0 | AI85: 0 | AJ85: 0 | AK85: 0 | AL85: 0 | AM85: 0 | AN85: 0 | AO85: 0 | AP85: 0 | AQ85: 0 | AR85: 0 | AS85: 0 | AT85: 0 | AU85: 0 | AV85: 0 | AW85: 0 | AX85: 0 | AY85: 0 | AZ85: 0 | BA85: =SUM(E85:AZ85) -> 5
B86: 5 | C86: TRI DINDA LESTARI | E86: 22 | F86: 3 | G86: 0 | H86: 1 | I86: 8 | J86: 3 | K86: 4 | L86: 4 | M86: 11 | N86: 1 | O86: 0 | P86: 0 | Q86: 0 | R86: 0 | S86: 2 | T86: 10 | U86: 19 | V86: 12 | W86: 33 | X86: 74 | Y86: 1 | Z86: 0 | AA86: 0 | AB86: 0 | AC86: 1 | AD86: 1 | AE86: 33 | AF86: 28 | AG86: 0 | AH86: 4 | AI86: 0 | AJ86: 0 | AK86: 0 | AL86: 1 | AM86: 8 | AN86: 0 | AO86: 2 | AP86: 1 | AQ86: 0 | AR86: 1 | AS86: 1 | AT86: 1 | AU86: 0 | AV86: 0 | AW86: 0 | AX86: 0 | AY86: 0 | AZ86: 0 | BA86: =SUM(E86:AZ86) -> 290
B87: 6 | C87: AGUS SETIAWAN, A.MD. | E87: 3 | F87: 2 | G87: 0 | H87: 0 | I87: 5 | J87: 3 | K87: 9 | L87: 0 | M87: 0 | N87: 1 | O87: 0 | P87: 0 | Q87: 3 | R87: 1 | S87: 8 | T87: 15 | U87: 3 | V87: 1 | W87: 1 | X87: 3 | Y87: 0 | Z87: 0 | AA87: 0 | AB87: 0 | AC87: 0 | AD87: 0 | AE87: 6 | AF87: 1 | AG87: 1 | AH87: 0 | AI87: 2 | AJ87: 1 | AK87: 1 | AL87: 1 | AM87: 0 | AN87: 3 | AO87: 0 | AP87: 2 | AQ87: 0 | AR87: 3 | AS87: 5 | AT87: 0 | AU87: 0 | AV87: 0 | AW87: 0 | AX87: 0 | AY87: 0 | AZ87: 0 | BA87: =SUM(E87:AZ87) -> 84
A88: B | B88: JUMLAH SUARA SAH PARTAI POLITIK DAN CALON (A1 + A2) | E88: =SUM(E81:E87) -> 33 | F88: =SUM(F81:F87) -> 10 | G88: =SUM(G81:G87) -> 3 | H88: =SUM(H81:H87) -> 4 | I88: =SUM(I81:I87) -> 13 | J88: =SUM(J81:J87) -> 6 | K88: =SUM(K81:K87) -> 21 | L88: =SUM(L81:L87) -> 7 | ... AZ88: =SUM(AZ81:AZ87) -> 2 | BA88: =SUM(E88:AZ88) -> 569
BA89: =SUM(E89:AZ89) -> 0
A90: A.1 | B90: 6. | C90: Partai Buruh | E90: 1 | F90: 0 | G90: 0 | H90: 1 | I90: 1 | J90: 0 | K90: 2 | L90: 1 | M90: 0 | N90: 2 | O90: 1 | P90: 1 | Q90: 1 | R90: 1 | S90: 0 | T90: 0 | U90: 2 | V90: 1 | W90: 0 | X90: 0 | Y90: 1 | Z90: 0 | AA90: 1 | AB90: 2 | AC90: 1 | AD90: 0 | AE90: 2 | AF90: 3 | AG90: 1 | AH90: 0 | AI90: 0 | AJ90: 1 | AK90: 1 | AL90: 3 | AM90: 0 | AN90: 0 | AO90: 0 | AP90: 0 | AQ90: 0 | AR90: 0 | AS90: 1 | AT90: 2 | AU90: 3 | AV90: 4 | AW90: 2 | AX90: 2 | AY90: 1 | AZ90: 2 | BA90: =SUM(E90:AZ90) -> 48
B91: 1 | C91: AHMAD MIKKO SYAHRIAL | E91: 0 | F91: 0 | G91: 0 | H91: 1 | I91: 0 | J91: 0 | K91: 0 | L91: 0 | M91: 0 | N91: 0 | O91: 0 | P91: 0 | Q91: 0 | R91: 0 | S91: 0 | T91: 0 | U91: 0 | V91: 0 | W91: 0 | X91: 0 | Y91: 0 | Z91: 0 | AA91: 0 | AB91: 0 | AC91: 0 | AD91: 0 | AE91: 0 | AF91: 0 | AG91: 1 | AH91: 0 | AI91: 0 | AJ91: 0 | AK91: 0 | AL91: 0 | AM91: 0 | AN91: 0 | AO91: 0 | AP91: 1 | AQ91: 0 | AR91: 0 | AS91: 0 | AT91: 1 | AU91: 1 | AV91: 0 | AW91: 0 | AX91: 0 | AY91: 0 | AZ91: 0 | BA91: =SUM(E91:AZ91) -> 5
B92: 2 | C92: SITI NURJANNAH | E92: 0 | F92: 0 | G92: 0 | H92: 0 | I92: 0 | J92: 0 | K92: 0 | L92: 0 | M92: 0 | N92: 1 | O92: 0 | P92: 1 | Q92: 0 | R92: 0 | S92: 0 | T92: 0 | U92: 0 | V92: 1 | W92: 0 | X92: 0 | Y92: 0 | Z92: 0 | AA92: 0 | AB92: 0 | AC92: 0 | AD92: 0 | AE92: 0 | AF92: 0 | AG92: 0 | AH92: 0 | AI92: 0 | AJ92: 0 | AK92: 0 | AL92: 0 | AM92: 0 | AN92: 0 | AO92: 0 | AP92: 0 | AQ92: 1 | AR92: 0 | AS92: 0 | AT92: 1 | AU92: 0 | AV92: 0 | AW92: 0 | AX92: 1 | AY92: 3 | AZ92: 0 | BA92: =SUM(E92:AZ92) -> 9
A93: A.2 | B93: 3 | C93: RUDI CHRISTIAWAN | E93: 0 | F93: 0 | G93: 0 | H93: 0 | I93: 0 | J93: 0 | K93: 1 | L93: 0 | M93: 0 | N93: 0 | O93: 0 | P93: 0 | Q93: 0 | R93: 0 | S93: 0 | T93: 0 | U93: 0 | V93: 0 | W93: 0 | X93: 0 | Y93: 0 | Z93: 0 | AA93: 0 | AB93: 0 | AC93: 0 | AD93: 0 | AE93: 0 | AF93: 0 | AG93: 0 | AH93: 0 | AI93: 1 | AJ93: 0 | AK93: 0 | AL93: 0 | AM93: 1 | AN93: 0 | AO93: 0 | AP93: 0 | AQ93: 0 | AR93: 0 | AS93: 0 | AT93: 1 | AU93: 1 | AV93: 0 | AW93: 0 | AX93: 0 | AY93: 0 | AZ93: 0 | BA93: =SUM(E93:AZ93) -> 5
A94: B | B94: JUMLAH SUARA SAH PARTAI POLITIK DAN CALON (A1 + A2) | E94: =SUM(E90:E93) -> 1 | F94: =SUM(F90:F93) -> 0 | G94: =SUM(G90:G93) -> 0 | H94: =SUM(H90:H93) -> 2 | I94: =SUM(I90:I93) -> 1 | J94: =SUM(J90:J93) -> 0 | K94: =SUM(K90:K93) -> 3 | L94: =SUM(L90:L93) -> 1 | ... AZ94: =SUM(AZ90:AZ93) -> 2 | BA94: =SUM(E94:AZ94) -> 67
BA95: =SUM(E95:AZ95) -> 0
A96: A.1 | B96: 7. | C96: Partai Gelombang Rakyat Indonesia | E96: 0 | F96: 0 | G96: 0 | H96: 0 | I96: 0 | J96: 0 | K96: 0 | L96: 0 | M96: 1 | N96: 0 | O96: 0 | P96: 0 | Q96: 0 | R96: 0 | S96: 0 | T96: 2 | U96: 0 | V96: 0 | W96: 0 | X96: 0 | Y96: 0 | Z96: 1 | AA96: 0 | AB96: 0 | AC96: 0 | AD96: 0 | AE96: 0 | AF96: 0 | AG96: 0 | AH96: 1 | AI96: 0 | AJ96: 0 | AK96: 0 | AL96: 1 | AM96: 0 | AN96: 0 | AO96: 1 | AP96: 0 | AQ96: 0 | AR96: 0 | AS96: 0 | AT96: 1 | AU96: 0 | AV96: 0 | AW96: 0 | BA96: =SUM(E96:AZ96) -> 8
A97: A.2 | B97: 1 | C97: LUTFIYAH | E97: 0 | F97: 0 | G97: 0 | H97: 0 | I97: 0 | J97: 0 | K97: 1 | L97: 0 | M97: 0 | N97: 0 | O97: 0 | P97: 0 | Q97: 0 | R97: 0 | S97: 0 | T97: 0 | U97: 1 | V97: 0 | W97: 0 | X97: 2 | Y97: 0 | Z97: 0 | AA97: 0 | AB97: 0 | AC97: 0 | AD97: 0 | AE97: 0 | AF97: 1 | AG97: 0 | AH97: 0 | AI97: 0 | AJ97: 0 | AK97: 0 | AL97: 0 | AM97: 0 | AN97: 1 | AO97: 0 | AP97: 0 | AQ97: 0 | AR97: 0 | AS97: 0 | AT97: 0 | AU97: 0 | AV97: 0 | AW97: 0 | BA97: =SUM(E97:AZ97) -> 6
B98: 2 | C98: NURMANSYAH | E98: 0 | F98: 0 | G98: 0 | H98: 0 | I98: 0 | J98: 0 | K98: 0 | L98: 0 | M98: 0 | N98: 0 | O98: 0 | P98: 0 | Q98: 0 | R98: 0 | S98: 0 | T98: 0 | U98: 0 | V98: 0 | W98: 0 | X98: 0 | Y98: 0 | Z98: 0 | AA98: 0 | AB98: 0 | AC98: 0 | AD98: 0 | AE98: 0 | AF98: 0 | AG98: 0 | AH98: 0 | AI98: 0 | AJ98: 0 | AK98: 0 | AL98: 0 | AM98: 0 | AN98: 0 | AO98: 1 | AP98: 0 | AQ98: 0 | AR98: 0 | AS98: 0 | AT98: 0 | AU98: 0 | AV98: 0 | AW98: 0 | BA98: =SUM(E98:AZ98) -> 1
A99: B | B99: JUMLAH SUARA SAH PARTAI POLITIK DAN CALON (A1 + A2) | E99: =SUM(E96:E98) -> 0 | F99: =SUM(F96:F98) -> 0 | G99: =SUM(G96:G98) -> 0 | H99: =SUM(H96:H98) -> 0 | I99: =SUM(I96:I98) -> 0 | J99: =SUM(J96:J98) -> 0 | K99: =SUM(K96:K98) -> 1 | L99: =SUM(L96:L98) -> 0 | ... AZ99: =SUM(AZ96:AZ98) -> 0 | BA99: =SUM(E99:AZ99) -> 15
BA100: =SUM(E100:AZ100) -> 0
A101: A.1 | B101: 8. | C101: Partai Keadilan Sejahtera | E101: 2 | F101: 0 | G101: 0 | H101: 1 | I101: 1 | J101: 0 | K101: 4 | L101: 0 | M101: 2 | N101: 1 | O101: 0 | P101: 0 | Q101: 0 | R101: 0 | S101: 1 | T101: 2 | U101: 0 | V101: 0 | W101: 0 | X101: 0 | Y101: 0 | Z101: 1 | AA101: 0 | AB101: 1 | AC101: 1 | AD101: 0 | AE101: 1 | AF101: 0 | AG101: 0 | AH101: 0 | AI101: 0 | AJ101: 1 | AK101: 0 | AL101: 0 | AM101: 5 | AN101: 0 | AO101: 1 | AP101: 2 | AQ101: 0 | AR101: 0 | AS101: 0 | AT101: 2 | AU101: 1 | AV101: 1 | AW101: 0 | AX101: 0 | AY101: 0 | AZ101: 0 | BA101: =SUM(E101:AZ101) -> 31
A102: A.2 | B102: 1 | C102: ANHARUDIN, S.PD.I. | E102: 4 | F102: 0 | G102: 1 | H102: 0 | I102: 0 | J102: 2 | K102: 0 | L102: 8 | M102: 8 | N102: 0 | O102: 0 | P102: 0 | Q102: 0 | R102: 0 | S102: 0 | T102: 6 | U102: 0 | V102: 2 | W102: 1 | X102: 1 | Y102: 1 | Z102: 0 | AA102: 3 | AB102: 3 | AC102: 0 | AD102: 2 | AE102: 0 | AF102: 0 | AG102: 2 | AH102: 0 | AI102: 1 | AJ102: 2 | AK102: 5 | AL102: 1 | AM102: 2 | AN102: 0 | AO102: 5 | AP102: 2 | AQ102: 1 | AR102: 1 | AS102: 3 | AT102: 3 | AU102: 0 | AV102: 0 | AW102: 0 | AX102: 1 | AY102: 0 | AZ102: 0 | BA102: =SUM(E102:AZ102) -> 71
B103: 2 | C103: NASUKI SYAMSUL, S.H. | E103: 0 | F103: 0 | G103: 0 | H103: 0 | I103: 0 | J103: 0 | K103: 0 | L103: 1 | M103: 1 | N103: 1 | O103: 0 | P103: 0 | Q103: 0 | R103: 0 | S103: 0 | T103: 0 | U103: 0 | V103: 0 | W103: 0 | X103: 0 | Y103: 0 | Z103: 1 | AA103: 0 | AB103: 0 | AC103: 0 | AD103: 0 | AE103: 0 | AF103: 1 | AG103: 0 | AH103: 0 | AI103: 0 | AJ103: 0 | AK103: 0 | AL103: 0 | AM103: 0 | AN103: 0 | AO103: 0 | AP103: 0 | AQ103: 0 | AR103: 0 | AS103: 0 | AT103: 0 | AU103: 0 | AV103: 0 | AW103: 0 | AX103: 0 | AY103: 0 | AZ103: 0 | BA103: =SUM(E103:AZ103) -> 5
B104: 3 | C104: LAILATUR ROSYIDAH | E104: 0 | F104: 0 | G104: 0 | H104: 0 | I104: 0 | J104: 0 | K104: 1 | L104: 0 | M104: 0 | N104: 0 | O104: 0 | P104: 0 | Q104: 0 | R104: 0 | S104: 0 | T104: 0 | U104: 0 | V104: 1 | W104: 0 | X104: 0 | Y104: 0 | Z104: 0 | AA104: 0 | AB104: 0 | AC104: 1 | AD104: 0 | AE104: 0 | AF104: 0 | AG104: 0 | AH104: 0 | AI104: 0 | AJ104: 0 | AK104: 0 | AL104: 1 | AM104: 0 | AN104: 0 | AO104: 0 | AP104: 0 | AQ104: 0 | AR104: 0 | AS104: 0 | AT104: 0 | AU104: 0 | AV104: 0 | AW104: 0 | AX104: 0 | AY104: 0 | AZ104: 0 | BA104: =SUM(E104:AZ104) -> 4
B105: 4 | C105: ALI MANSUR, S.T. | E105: 0 | F105: 0 | G105: 0 | H105: 0 | I105: 0 | J105: 1 | K105: 0 | L105: 1 | M105: 0 | N105: 0 | O105: 0 | P105: 0 | Q105: 0 | R105: 0 | S105: 0 | T105: 0 | U105: 0 | V105: 0 | W105: 0 | X105: 0 | Y105: 0 | Z105: 0 | AA105: 0 | AB105: 0 | AC105: 0 | AD105: 0 | AE105: 0 | AF105: 0 | AG105: 0 | AH105: 0 | AI105: 0 | AJ105: 0 | AK105: 0 | AL105: 0 | AM105: 2 | AN105: 0 | AO105: 0 | AP105: 0 | AQ105: 0 | AR105: 0 | AS105: 0 | AT105: 0 | AU105: 0 | AV105: 0 | AW105: 0 | AX105: 0 | AY105: 0 | AZ105: 0 | BA105: =SUM(E105:AZ105) -> 4
B106: 5 | C106: ALFIRA ROSALIANA | E106: 0 | F106: 0 | G106: 0 | H106: 0 | I106: 0 | J106: 1 | K106: 0 | L106: 0 | M106: 0 | N106: 0 | O106: 0 | P106: 0 | Q106: 0 | R106: 0 | S106: 0 | T106: 0 | U106: 0 | V106: 0 | W106: 0 | X106: 0 | Y106: 0 | Z106: 0 | AA106: 0 | AB106: 0 | AC106: 0 | AD106: 0 | AE106: 0 | AF106: 0 | AG106: 0 | AH106: 0 | AI106: 0 | AJ106: 0 | AK106: 0 | AL106: 0 | AM106: 0 | AN106: 0 | AO106: 0 | AP106: 0 | AQ106: 0 | AR106: 0 | AS106: 0 | AT106: 0 | AU106: 0 | AV106: 0 | AW106: 0 | AX106: 0 | AY106: 0 | AZ106: 0 | BA106: =SUM(E106:AZ106) -> 1
B107: 6 | C107: WILDA GUSFIYANTI AZIZ, S.A. | E107: 0 | F107: 0 | G107: 0 | H107: 0 | I107: 0 | J107: 0 | K107: 0 | L107: 0 | M107: 0 | N107: 0 | O107: 0 | P107: 0 | Q107: 0 | R107: 0 | S107: 0 | T107: 0 | U107: 0 | V107: 0 | W107: 0 | X107: 0 | Y107: 0 | Z107: 0 | AA107: 0 | AB107: 0 | AC107: 0 | AD107: 0 | AE107: 0 | AF107: 0 | AG107: 0 | AH107: 0 | AI107: 0 | AJ107: 0 | AK107: 0 | AL107: 0 | AM107: 0 | AN107: 0 | AO107: 0 | AP107: 0 | AQ107: 0 | AR107: 0 | AS107: 0 | AT107: 0 | AU107: 0 | AV107: 0 | AW107: 0 | AX107: 0 | AY107: 0 | AZ107: 0 | BA107: =SUM(E107:AZ107) -> 0
A108: B | B108: JUMLAH SUARA SAH PARTAI POLITIK DAN CALON (A1 + A2) | E108: =SUM(E101:E107) -> 6 | F108: =SUM(F101:F107) -> 0 | G108: =SUM(G101:G107) -> 1 | H108: =SUM(H101:H107) -> 1 | I108: =SUM(I101:I107) -> 1 | J108: =SUM(J101:J107) -> 4 | K108: =SUM(K101:K107) -> 5 | L108: =SUM(L101:L107) -> 10 | ... AZ108: =SUM(AZ101:AZ107) -> 0 | BA108: =SUM(E108:AZ108) -> 116
BA109: =SUM(E109:AZ109) -> 0
A110: A.1 | B110: 9. | C110: Partai Kebangkitan Nusantara | E110: 0 | F110: 0 | G110: 0 | H110: 0 | I110: 0 | J110: 0 | K110: 0 | L110: 0 | M110: 0 | N110: 0 | O110: 0 | P110: 0 | Q110: 0 | R110: 0 | S110: 0 | T110: 0 | U110: 0 | V110: 0 | W110: 0 | X110: 0 | Y110: 0 | Z110: 0 | AA110: 0 | AB110: 1 | AC110: 0 | AD110: 0 | AE110: 0 | AF110: 0 | AG110: 0 | AH110: 0 | AI110: 0 | AJ110: 0 | AK110: 0 | AL110: 0 | AM110: 0 | AN110: 0 | AO110: 0 | AP110: 0 | AQ110: 0 | AR110: 0 | AS110: 0 | AT110: 0 | AU110: 0 | AV110: 0 | AW110: 0 | BA110: =SUM(E110:AZ110) -> 1
B111: 1 | C111: NANANG HENDIK ROBBY A.S. | E111: 0 | F111: 0 | G111: 1 | H111: 0 | I111: 0 | J111: 0 | K111: 0 | L111: 2 | M111: 0 | N111: 0 | O111: 0 | P111: 0 | Q111: 0 | R111: 0 | S111: 0 | T111: 0 | U111: 0 | V111: 0 | W111: 0 | X111: 0 | Y111: 0 | Z111: 0 | AA111: 0 | AB111: 5 | AC111: 0 | AD111: 0 | AE111: 0 | AF111: 0 | AG111: 0 | AH111: 0 | AI111: 0 | AJ111: 0 | AK111: 0 | AL111: 0 | AM111: 0 | AN111: 0 | AO111: 0 | AP111: 0 | AQ111: 0 | AR111: 0 | AS111: 0 | AT111: 0 | AU111: 0 | AV111: 0 | AW111: 0 | BA111: =SUM(E111:AZ111) -> 8
...

Sheet PURWODADI
C2: Kecamatan | D2: GAMBIRAN
C3: Kabupaten | D3: BANYUWANGI
C4: Provinsi | D4: JAWA TIMUR
C9: Kelurahan | D9: PURWODADI
A12: I | B12: DATA PEMILIH DAN PENGGUNAAN HAK PILIH | AC12: JUMLAH AKHIR
A13: A | B13: DATA PEMILIH | E13: TPS 001 | F13: TPS 002 | G13: TPS 003 | H13: TPS 004 | I13: TPS 005 | J13: TPS 006 | K13: TPS 007 | L13: TPS 008 | M13: TPS 009 | N13: TPS 010 | O13: TPS 011 | P13: TPS 012 | Q13: TPS 013 | R13: TPS 014 | S13: TPS 015 | T13: TPS 016 | U13: TPS 017 | V13: TPS 018 | W13: TPS 019 | X13: TPS 020 | Y13: TPS 021 | Z13: TPS 022 | AA13: TPS 023 | AB13: TPS 024
B14: Jumlah Pemilih dalam Daftar Pemilih Tetap (DPT) | D14: LK | E14: 125 | F14: 98 | G14: 127 | H14: 127 | I14: 137 | J14: 137 | K14: 140 | L14: 117 | M14: 133 | N14: 133 | O14: 147 | P14: 136 | Q14: 160 | R14: 148 | S14: 110 | T14: 124 | U14: 129 | V14: 135 | W14: 108 | X14: 121 | Y14: 151 | Z14: 141 | AA14: 103 | AB14: 135 | AC14: =SUM(E14:AB14) -> 3122
D15: PR | E15: 131 | F15: 104 | G15: 131 | H15: 144 | I15: 136 | J15: 142 | K15: 142 | L15: 103 | M15: 123 | N15: 152 | O15: 141 | P15: 155 | Q15: 134 | R15: 138 | S15: 113 | T15: 152 | U15: 136 | V15: 134 | W15: 121 | X15: 115 | Y15: 133 | Z15: 141 | AA15: 140 | AB15: 135 | AC15: =SUM(E15:AB15) -> 3196
D16: JML | E16: =SUM(E14:E15) -> 256 | F16: =SUM(F14:F15) -> 202 | G16: =SUM(G14:G15) -> 258 | H16: =SUM(H14:H15) -> 271 | I16: =SUM(I14:I15) -> 273 | J16: =SUM(J14:J15) -> 279 | K16: =SUM(K14:K15) -> 282 | L16: =SUM(L14:L15) -> 220 | ... AB16: =SUM(AB14:AB15) -> 270 | AC16: =SUM(E16:AB16) -> 6318
A18: B | B18: PENGGUNA HAK PILIH
B19: 1. | C19: Jumlah pengguna hak pilih dalam Daftar Pemilih Tetap (DPT) | D19: LK | E19: 83 | F19: 76 | G19: 107 | H19: 80 | I19: 101 | J19: 100 | K19: 102 | L19: 86 | M19: 111 | N19: 104 | O19: 112 | P19: 99 | Q19: 122 | R19: 121 | S19: 85 | T19: 88 | U19: 85 | V19: 104 | W19: 83 | X19: 87 | Y19: 122 | Z19: 110 | AA19: 82 | AB19: 110 | AC19: =SUM(E19:AB19) -> 2360
D20: PR | E20: 96 | F20: 87 | G20: 110 | H20: 111 | I20: 109 | J20: 115 | K20: 111 | L20: 83 | M20: 98 | N20: 132 | O20: 116 | P20: 137 | Q20: 109 | R20: 103 | S20: 96 | T20: 112 | U20: 104 | V20: 106 | W20: 102 | X20: 92 | Y20: 107 | Z20: 115 | AA20: 119 | AB20: 122 | AC20: =SUM(E20:AB20) -> 2592
D21: JML | E21: =SUM(E19:E20) -> 179 | F21: =SUM(F19:F20) -> 163 | G21: =SUM(G19:G20) -> 217 | H21: =SUM(H19:H20) -> 191 | I21: =SUM(I19:I20) -> 210 | J21: =SUM(J19:J20) -> 215 | K21: =SUM(K19:K20) -> 213 | L21: =SUM(L19:L20) -> 169 | ... AB21: =SUM(AB19:AB20) -> 232 | AC21: =SUM(E21:AB21) -> 4952
B22: 2. | C22: Jumlah pengguna hak pilih dalam Daftar Pemilih Tambahan (DPTb) | D22: LK | E22: 0 | F22: 0 | G22: 1 | H22: 1 | I22: 0 | J22: 0 | K22: 0 | L22: 0 | M22: 0 | N22: 0 | O22: 0 | P22: 0 | Q22: 0 | R22: 0 | S22: 0 | AC22: =SUM(E22:AB22) -> 2
D23: PR | E23: 0 | F23: 0 | G23: 1 | H23: 1 | I23: 0 | J23: 0 | K23: 0 | L23: 0 | M23: 0 | N23: 0 | O23: 0 | P23: 0 | Q23: 0 | R23: 0 | S23: 0 | AC23: =SUM(E23:AB23) -> 2
D24: JML | E24: =SUM(E22:E23) -> 0 | F24: =SUM(F22:F23) -> 0 | G24: =SUM(G22:G23) -> 2 | H24: =SUM(H22:H23) -> 2 | I24: =SUM(I22:I23) -> 0 | J24: =SUM(J22:J23) -> 0 | K24: =SUM(K22:K23) -> 0 | L24: =SUM(L22:L23) -> 0 | ... AB24: =SUM(AB22:AB23) -> 0 | AC24: =SUM(E24:AB24) -> 4
B25: 3. | C25: Jumlah pengguna hak pilih dalam Daftar Pemilih Khusus (DPK) | D25: LK | E25: 1 | F25: 0 | G25: 2 | H25: 0 | I25: 0 | J25: 0 | K25: 2 | L25: 2 | M25: 0 | N25: 0 | O25: 0 | P25: 0 | Q25: 2 | R25: 0 | S25: 0 | T25: 1 | U25: 1 | V25: 0 | W25: 1 | X25: 0 | Y25: 0 | Z25: 0 | AA25: 0 | AB25: 0 | AC25: =SUM(E25:AB25) -> 12
D26: PR | E26: 1 | F26: 0 | G26: 2 | H26: 0 | I26: 0 | J26: 3 | K26: 2 | L26: 0 | M26: 1 | N26: 2 | O26: 1 | P26: 0 | Q26: 2 | R26: 1 | S26: 3 | T26: 1 | U26: 1 | V26: 0 | W26: 0 | X26: 0 | Y26: 0 | Z26: 0 | AA26: 0 | AB26: 0 | AC26: =SUM(E26:AB26) -> 20
D27: JML | E27: =SUM(E25:E26) -> 2 | F27: =SUM(F25:F26) -> 0 | G27: =SUM(G25:G26) -> 4 | H27: =SUM(H25:H26) -> 0 | I27: =SUM(I25:I26) -> 0 | J27: =SUM(J25:J26) -> 3 | K27: =SUM(K25:K26) -> 4 | L27: =SUM(L25:L26) -> 2 | ... AB27: =SUM(AB25:AB26) -> 0 | AC27: =SUM(E27:AB27) -> 32
B28: 4. | C28: Jumlah Pengguna Hak Pilih (B.1+B.2+B.3) | D28: LK | E28: =SUM(E19,E22,E25) -> 84 | F28: =SUM(F19,F22,F25) -> 76 | G28: =SUM(G19,G22,G25) -> 110 | H28: =SUM(H19,H22,H25) -> 81 | I28: =SUM(I19,I22,I25) -> 101 | J28: =SUM(J19,J22,J25) -> 100 | K28: =SUM(K19,K22,K25) -> 104 | L28: =SUM(L19,L22,L25) -> 88 | ... AB28: =SUM(AB19,AB22,AB25) -> 110 | AC28: =SUM(E28:AB28) -> 2374
D29: PR | E29: =SUM(E20,E23,E26) -> 97 | F29: =SUM(F20,F23,F26) -> 87 | G29: =SUM(G20,G23,G26) -> 113 | H29: =SUM(H20,H23,H26) -> 112 | I29: =SUM(I20,I23,I26) -> 109 | J29: =SUM(J20,J23,J26) -> 118 | K29: =SUM(K20,K23,K26) -> 113 | L29: =SUM(L20,L23,L26) -> 83 | ... AB29: =SUM(AB20,AB23,AB26) -> 122 | AC29: =SUM(E29:AB29) -> 2614
D30: JML | E30: =SUM(E28:E29) -> 181 | F30: =SUM(F28:F29) -> 163 | G30: =SUM(G28:G29) -> 223 | H30: =SUM(H28:H29) -> 193 | I30: =SUM(I28:I29) -> 210 | J30: =SUM(J28:J29) -> 218 | K30: =SUM(K28:K29) -> 217 | L30: =SUM(L28:L29) -> 171 | ... AB30: =SUM(AB28:AB29) -> 232 | AC30: =SUM(E30:AB30) -> 4988
A32: II | B32: DATA PENGGUNAAN SURAT SUARA
A33: 1 | B33: Jumlah surat suara yang diterima, termasuk surat suara cadangan 2,5% dari DPT | E33: 262 | F33: 207 | G33: 264 | H33: 277 | I33: 277 | J33: 285 | K33: 286 | L33: 225 | M33: 262 | N33: 293 | O33: 295 | P33: 299 | Q33: 300 | R33: 292 | S33: 231 | T33: 282 | U33: 271 | V33: 277 | W33: 234 | X33: 240 | Y33: 290 | Z33: 290 | AA33: 248 | AB33: 276 | AC33: =SUM(E33:AB33) -> 6463
A34: 2 | B34: Jumlah surat suara yang digunakan | E34: 181 | F34: 163 | G34: 223 | H34: 193 | I34: 210 | J34: 218 | K34: 217 | L34: 171 | M34: 210 | N34: 238 | O34: 229 | P34: 236 | Q34: 235 | R34: 225 | S34: 184 | T34: 202 | U34: 191 | V34: 210 | W34: 186 | X34: 179 | Y34: 229 | Z34: 225 | AA34: 201 | AB34: 232 | AC34: =SUM(E34:AB34) -> 4988
A35: 3 | B35: Jumlah surat suara dikembalikan oleh pemilih (karena rusak atau keliru coblos) | E35: 0 | F35: 0 | G35: 0 | H35: 2 | I35: 0 | J35: 2 | K35: 0 | L35: 0 | M35: 2 | N35: 0 | O35: 0 | P35: 0 | Q35: 2 | R35: 0 | S35: 1 | T35: 0 | U35: 0 | V35: 0 | W35: 2 | X35: 0 | Y35: 0 | Z35: 0 | AA35: 1 | AB35: 1 | AC35: =SUM(E35:AB35) -> 13
A36: 4 | B36: Jumlah surat suara yang tidak digunakan/tidak terpakai, termasuk sisa surat suara cadangan | E36: =E33-(E34+E35) -> 81 | F36: =F33-(F34+F35) -> 44 | G36: =G33-(G34+G35) -> 41 | H36: =H33-(H34+H35) -> 82 | I36: =I33-(I34+I35) -> 67 | J36: =J33-(J34+J35) -> 65 | K36: =K33-(K34+K35) -> 69 | L36: =L33-(L34+L35) -> 54 | ... AB36: =AB33-(AB34+AB35) -> 43 | AC36: =SUM(E36:AB36) -> 1462
A38: III | B38: DATA PEMILIH DISABILITAS
B39: Jumlah seluruh Pemilih disabilitas yang menggunakan hak pilih | D39: LK | E39: 1 | F39: 0 | G39: 0 | H39: 0 | I39: 0 | J39: 0 | K39: 0 | L39: 0 | M39: 0 | N39: 0 | O39: 0 | P39: 0 | Q39: 2 | R39: 0 | S39: 0 | T39: 0 | U39: 1 | V39: 0 | W39: 1 | X39: 0 | Y39: 0 | Z39: 0 | AA39: 1 | AB39: 0 | AC39: =SUM(E39:AB39) -> 6
D40: PR | E40: 0 | F40: 0 | G40: 0 | H40: 0 | I40: 0 | J40: 0 | K40: 0 | L40: 0 | M40: 1 | N40: 1 | O40: 0 | P40: 0 | Q40: 0 | R40: 0 | S40: 0 | T40: 0 | U40: 4 | V40: 0 | W40: 2 | X40: 0 | Y40: 0 | Z40: 0 | AA40: 1 | AB40: 0 | AC40: =SUM(E40:AB40) -> 9
D41: JML | E41: =SUM(E39:E40) -> 1 | F41: =SUM(F39:F40) -> 0 | G41: =SUM(G39:G40) -> 0 | H41: =SUM(H39:H40) -> 0 | I41: =SUM(I39:I40) -> 0 | J41: =SUM(J39:J40) -> 0 | K41: =SUM(K39:K40) -> 0 | L41: =SUM(L39:L40) -> 0 | ... AB41: =SUM(AB39:AB40) -> 0 | AC41: =SUM(E41:AB41) -> 15
A43: IV | B43: DATA RINCIAN PEROLEHAN SUARA PASANGAN CALON BUPATI DAN WAKIL BUPATI
A44: NOMOR DAN NAMA CALON
A45: A.1 | B45: 1. | C45: Partai Kebangkitan Bangsa | E45: 9 | F45: 0 | G45: 5 | H45: 3 | I45: 6 | J45: 6 | K45: 2 | L45: 5 | M45: 4 | N45: 2 | O45: 3 | P45: 2 | Q45: 4 | R45: 3 | S45: 4 | T45: 3 | U45: 1 | V45: 1 | W45: 7 | X45: 3 | Y45: 7 | Z45: 10 | AA45: 2 | AB45: 2 | AC45: =SUM(E45:AB45) -> 94
A46: A.2 | B46: 1 | C46: KH. MUHAMMAD RIZA AZIZY, M.IEB. | E46: 5 | F46: 1 | G46: 3 | H46: 8 | I46: 5 | J46: 2 | K46: 2 | L46: 21 | M46: 0 | N46: 0 | O46: 6 | P46: 9 | Q46: 1 | R46: 8 | S46: 3 | T46: 1 | U46: 0 | V46: 1 | W46: 0 | X46: 1 | Y46: 3 | Z46: 6 | AA46: 6 | AB46: 9 | AC46: =SUM(E46:AB46) -> 101
B47: 2 | C47: INAYANTI KUSUMASARI, S.E. | E47: 0 | F47: 1 | G47: 0 | H47: 2 | I47: 1 | J47: 0 | K47: 0 | L47: 2 | M47: 0 | N47: 1 | O47: 0 | P47: 2 | Q47: 1 | R47: 0 | S47: 0 | T47: 0 | U47: 0 | V47: 0 | W47: 0 | X47: 0 | Y47: 2 | Z47: 1 | AA47: 1 | AB47: 2 | AC47: =SUM(E47:AB47) -> 16
B48: 3 | C48: TOPAN HADI SUCIPTO, S.H. | E48: 12 | F48: 9 | G48: 58 | H48: 4 | I48: 4 | J48: 1 | K48: 6 | L48: 3 | M48: 1 | N48: 1 | O48: 1 | P48: 4 | Q48: 1 | R48: 5 | S48: 6 | T48: 2 | U48: 0 | V48: 2 | W48: 2 | X48: 0 | Y48: 5 | Z48: 2 | AA48: 0 | AB48: 0 | AC48: =SUM(E48:AB48) -> 129
B49: 4 | C49: HAULA KARIMA AKBAR, S.PD. | E49: 0 | F49: 0 | G49: 0 | H49: 2 | I49: 0 | J49: 0 | K49: 0 | L49: 0 | M49: 0 | N49: 0 | O49: 4 | P49: 0 | Q49: 0 | R49: 0 | S49: 0 | T49: 1 | U49: 0 | V49: 0 | W49: 0 | X49: 0 | Y49: 0 | Z49: 0 | AA49: 0 | AB49: 1 | AC49: =SUM(E49:AB49) -> 8
B50: 5 | C50: SUGENG HARYONO | E50: 1 | F50: 0 | G50: 0 | H50: 1 | I50: 0 | J50: 0 | K50: 1 | L50: 0 | M50: 0 | N50: 0 | O50: 0 | P50: 0 | Q50: 0 | R50: 0 | S50: 0 | T50: 0 | U50: 0 | V50: 0 | W50: 0 | X50: 0 | Y50: 0 | Z50: 0 | AA50: 0 | AB50: 0 | AC50: =SUM(E50:AB50) -> 3
B51: 6 | C51: MOH. RIYADUS SHOLIHIN, A.MD. | E51: 37 | F51: 15 | G51: 2 | H51: 26 | I51: 39 | J51: 33 | K51: 5 | L51: 7 | M51: 0 | N51: 1 | O51: 9 | P51: 20 | Q51: 3 | R51: 1 | S51: 0 | T51: 5 | U51: 0 | V51: 0 | W51: 2 | X51: 2 | Y51: 20 | Z51: 2 | AA51: 2 | AB51: 0 | AC51: =SUM(E51:AB51) -> 231
A52: B | B52: JUMLAH SUARA SAH PARTAI POLITIK DAN CALON (A1 + A2) | E52: =SUM(E45:E51) -> 64 | F52: =SUM(F45:F51) -> 26 | G52: =SUM(G45:G51) -> 68 | H52: =SUM(H45:H51) -> 46 | I52: =SUM(I45:I51) -> 55 | J52: =SUM(J45:J51) -> 42 | K52: =SUM(K45:K51) -> 16 | L52: =SUM(L45:L51) -> 38 | ... AB52: =SUM(AB45:AB51) -> 14 | AC52: =SUM(E52:AB52) -> 582
AC53: =SUM(E53:AB53) -> 0
A54: A.1 | B54: 2. | C54: Partai Gerakan Indonesia Raya | E54: 3 | F54: 2 | G54: 2 | H54: 2 | I54: 6 | J54: 4 | K54: 8 | L54: 3 | M54: 5 | N54: 7 | O54: 3 | P54: 6 | Q54: 14 | R54: 6 | S54: 3 | T54: 24 | U54: 16 | V54: 3 | W54: 7 | X54: 0 | Y54: 6 | Z54: 30 | AA54: 3 | AB54: 7 | AC54: =SUM(E54:AB54) -> 170
A55: A.2 | B55: 1 | C55: AGUNG SUBASTIAN | E55: 3 | F55: 1 | G55: 1 | H55: 1 | I55: 2 | J55: 1 | K55: 5 | L55: 3 | M55: 1 | N55: 2 | O55: 2 | P55: 1 | Q55: 9 | R55: 8 | S55: 1 | T55: 15 | U55: 6 | V55: 2 | W55: 2 | X55: 2 | Y55: 2 | Z55: 9 | AA55: 6 | AB55: 1 | AC55: =SUM(E55:AB55) -> 86
B56: 2 | C56: ABDUL HAMID | E56: 1 | F56: 0 | G56: 1 | H56: 1 | I56: 0 | J56: 2 | K56: 0 | L56: 2 | M56: 0 | N56: 1 | O56: 6 | P56: 7 | Q56: 3 | R56: 1 | S56: 1 | T56: 2 | U56: 3 | V56: 1 | W56: 1 | X56: 1 | Y56: 1 | Z56: 1 | AA56: 3 | AB56: 2 | AC56: =SUM(E56:AB56) -> 41
B57: 3 | C57: NUR ALVI NAZIMAH | E57: 1 | F57: 1 | G57: 0 | H57: 0 | I57: 1 | J57: 2 | K57: 0 | L57: 0 | M57: 0 | N57: 2 | O57: 3 | P57: 2 | Q57: 0 | R57: 0 | S57: 2 | T57: 0 | U57: 3 | V57: 0 | W57: 0 | X57: 0 | Y57: 0 | Z57: 3 | AA57: 2 | AB57: 0 | AC57: =SUM(E57:AB57) -> 22
B58: 4 | C58: EMI WIJAYANTI | E58: 0 | F58: 0 | G58: 0 | H58: 0 | I58: 0 | J58: 0 | K58: 0 | L58: 1 | M58: 0 | N58: 1 | O58: 0 | P58: 0 | Q58: 1 | R58: 4 | S58: 1 | T58: 3 | U58: 2 | V58: 0 | W58: 2 | X58: 0 | Y58: 1 | Z58: 0 | AA58: 1 | AB58: 0 | AC58: =SUM(E58:AB58) -> 17
B59: 5 | C59: MUHAMAD ALFAN SAIFUDIN | E59: 1 | F59: 0 | G59: 0 | H59: 0 | I59: 0 | J59: 0 | K59: 0 | L59: 0 | M59: 0 | N59: 0 | O59: 1 | P59: 0 | Q59: 1 | R59: 0 | S59: 0 | T59: 0 | U59: 1 | V59: 0 | W59: 0 | X59: 1 | Y59: 1 | Z59: 1 | AA59: 0 | AB59: 0 | AC59: =SUM(E59:AB59) -> 7
B60: 6 | C60: BAYU PUTRA PAMUNGKAS | E60: 0 | F60: 0 | G60: 1 | H60: 0 | I60: 1 | J60: 0 | K60: 0 | L60: 0 | M60: 1 | N60: 0 | O60: 0 | P60: 1 | Q60: 0 | R60: 0 | S60: 1 | T60: 0 | U60: 1 | V60: 0 | W60: 1 | X60: 0 | Y60: 0 | Z60: 3 | AA60: 1 | AB60: 1 | AC60: =SUM(E60:AB60) -> 12
A61: B | B61: JUMLAH SUARA SAH PARTAI POLITIK DAN CALON (A1 + A2) | E61: =SUM(E54:E60) -> 9 | F61: =SUM(F54:F60) -> 4 | G61: =SUM(G54:G60) -> 5 | H61: =SUM(H54:H60) -> 4 | I61: =SUM(I54:I60) -> 10 | J61: =SUM(J54:J60) -> 9 | K61: =SUM(K54:K60) -> 13 | L61: =SUM(L54:L60) -> 9 | ... AB61: =SUM(AB54:AB60) -> 11 | AC61: =SUM(E61:AB61) -> 355
AC62: =SUM(E62:AB62) -> 0
A63: A.1 | B63: 3. | C63: Partai Demokrasi Indonesia Perjuangan | E63: 4 | F63: 11 | G63: 7 | H63: 0 | I63: 7 | J63: 14 | K63: 17 | L63: 10 | M63: 6 | N63: 10 | O63: 12 | P63: 8 | Q63: 13 | R63: 6 | S63: 7 | T63: 9 | U63: 9 | V63: 3 | W63: 9 | X63: 26 | Y63: 11 | Z63: 20 | AA63: 7 | AB63: 5 | AC63: =SUM(E63:AB63) -> 231
A64: A.2 | B64: 1 | C64: IR. YAYUK BANAR SRI PANGAYOM | E64: 15 | F64: 67 | G64: 8 | H64: 8 | I64: 12 | J64: 10 | K64: 8 | L64: 12 | M64: 23 | N64: 37 | O64: 85 | P64: 27 | Q64: 63 | R64: 78 | S64: 29 | T64: 37 | U64: 19 | V64: 22 | W64: 78 | X64: 80 | Y64: 36 | Z64: 79 | AA64: 23 | AB64: 0 | AC64: =SUM(E64:AB64) -> 856
B65: 2 | C65: DR. ANA ANIATI | E65: 1 | F65: 1 | G65: 0 | H65: 3 | I65: 8 | J65: 13 | K65: 4 | L65: 2 | M65: 7 | N65: 2 | O65: 6 | P65: 11 | Q65: 12 | R65: 6 | S65: 12 | T65: 6 | U65: 1 | V65: 3 | W65: 3 | X65: 1 | Y65: 5 | Z65: 3 | AA65: 0 | AB65: 3 | AC65: =SUM(E65:AB65) -> 113
B66: 3 | C66: HADI WIDODO, S.P. | E66: 20 | F66: 10 | G66: 2 | H66: 8 | I66: 6 | J66: 21 | K66: 29 | L66: 1 | M66: 1 | N66: 1 | O66: 7 | P66: 3 | Q66: 5 | R66: 1 | S66: 1 | T66: 4 | U66: 2 | V66: 0 | W66: 1 | X66: 1 | Y66: 9 | Z66: 1 | AA66: 0 | AB66: 0 | AC66: =SUM(E66:AB66) -> 134
B67: 4 | C67: ANDIKO PUTRA MAHATTA | E67: 1 | F67: 0 | G67: 0 | H67: 0 | I67: 0 | J67: 2 | K67: 1 | L67: 1 | M67: 2 | N67: 0 | O67: 1 | P67: 0 | Q67: 0 | R67: 0 | S67: 0 | T67: 5 | U67: 18 | V67: 6 | W67: 0 | X67: 0 | Y67: 0 | Z67: 0 | AA67: 2 | AB67: 0 | AC67: =SUM(E67:AB67) -> 39
B68: 5 | C68: YUNI APRILIA | E68: 0 | F68: 0 | G68: 1 | H68: 0 | I68: 0 | J68: 0 | K68: 0 | L68: 0 | M68: 1 | N68: 1 | O68: 0 | P68: 0 | Q68: 1 | R68: 0 | S68: 0 | T68: 0 | U68: 1 | V68: 0 | W68: 0 | X68: 0 | Y68: 0 | Z68: 0 | AA68: 0 | AB68: 0 | AC68: =SUM(E68:AB68) -> 5
B69: 6 | C69: IKE PREDITA FIKTARYANA | E69: 1 | F69: 1 | G69: 0 | H69: 0 | I69: 0 | J69: 1 | K69: 1 | L69: 0 | M69: 0 | N69: 0 | O69: 0 | P69: 0 | Q69: 0 | R69: 0 | S69: 0 | T69: 5 | U69: 14 | V69: 1 | W69: 0 | X69: 0 | Y69: 0 | Z69: 0 | AA69: 0 | AB69: 0 | AC69: =SUM(E69:AB69) -> 24
A70: B | B70: JUMLAH SUARA SAH PARTAI POLITIK DAN CALON (A1 + A2) | E70: =SUM(E63:E69) -> 42 | F70: =SUM(F63:F69) -> 90 | G70: =SUM(G63:G69) -> 18 | H70: =SUM(H63:H69) -> 19 | I70: =SUM(I63:I69) -> 33 | J70: =SUM(J63:J69) -> 61 | K70: =SUM(K63:K69) -> 60 | L70: =SUM(L63:L69) -> 26 | ... AB70: =SUM(AB63:AB69) -> 8 | AC70: =SUM(E70:AB70) -> 1402
AC71: =SUM(E71:AB71) -> 0
A72: A.1 | B72: 4. | C72: Partai Golongan Karya | E72: 1 | F72: 2 | G72: 0 | H72: 1 | I72: 1 | J72: 0 | K72: 4 | L72: 1 | M72: 0 | N72: 1 | O72: 2 | P72: 1 | Q72: 1 | R72: 2 | S72: 1 | T72: 2 | U72: 2 | V72: 1 | W72: 1 | X72: 1 | Y72: 0 | Z72: 0 | AA72: 1 | AB72: 1 | AC72: =SUM(E72:AB72) -> 27
A73: A.2 | B73: 1 | C73: SOFIANDI SUSIADI, A.MD. | E73: 0 | F73: 3 | G73: 1 | H73: 1 | I73: 3 | J73: 0 | K73: 0 | L73: 0 | M73: 0 | N73: 0 | O73: 0 | P73: 6 | Q73: 2 | R73: 3 | S73: 8 | T73: 0 | U73: 2 | V73: 1 | W73: 5 | X73: 1 | Y73: 1 | Z73: 1 | AA73: 0 | AB73: 0 | AC73: =SUM(E73:AB73) -> 38
B74: 2 | C74: SUHAERI, S.PD. | E74: 0 | F74: 1 | G74: 0 | H74: 0 | I74: 1 | J74: 0 | K74: 0 | L74: 1 | M74: 1 | N74: 1 | O74: 0 | P74: 1 | Q74: 1 | R74: 0 | S74: 0 | T74: 0 | U74: 0 | V74: 0 | W74: 0 | X74: 1 | Y74: 0 | Z74: 0 | AA74: 0 | AB74: 0 | AC74: =SUM(E74:AB74) -> 8
B75: 3 | C75: SITI MAHMUDAH, S.SOS. | E75: 0 | F75: 0 | G75: 0 | H75: 0 | I75: 0 | J75: 0 | K75: 0 | L75: 1 | M75: 0 | N75: 0 | O75: 1 | P75: 0 | Q75: 3 | R75: 0 | S75: 0 | T75: 0 | U75: 0 | V75: 1 | W75: 0 | X75: 0 | Y75: 0 | Z75: 2 | AA75: 0 | AB75: 0 | AC75: =SUM(E75:AB75) -> 8
B76: 4 | C76: HENI KOMISATUN | E76: 0 | F76: 0 | G76: 0 | H76: 0 | I76: 0 | J76: 0 | K76: 0 | L76: 0 | M76: 0 | N76: 0 | O76: 0 | P76: 0 | Q76: 0 | R76: 2 | S76: 0 | T76: 0 | U76: 1 | V76: 0 | W76: 0 | X76: 1 | Y76: 0 | Z76: 0 | AA76: 0 | AB76: 1 | AC76: =SUM(E76:AB76) -> 5
B77: 5 | C77: KUSYONO | E77: 0 | F77: 0 | G77: 0 | H77: 0 | I77: 0 | J77: 0 | K77: 0 | L77: 0 | M77: 0 | N77: 0 | O77: 1 | P77: 2 | Q77: 0 | R77: 0 | S77: 0 | T77: 0 | U77: 1 | V77: 0 | W77: 0 | X77: 0 | Y77: 0 | Z77: 0 | AA77: 0 | AB77: 0 | AC77: =SUM(E77:AB77) -> 4
B78: 6 | C78: SUROSO | E78: 0 | F78: 0 | G78: 0 | H78: 0 | I78: 0 | J78: 1 | K78: 0 | L78: 0 | M78: 0 | N78: 1 | O78: 0 | P78: 0 | Q78: 0 | R78: 0 | S78: 0 | T78: 0 | U78: 0 | V78: 0 | W78: 0 | X78: 0 | Y78: 0 | Z78: 0 | AA78: 0 | AB78: 0 | AC78: =SUM(E78:AB78) -> 2
A79: B | B79: JUMLAH SUARA SAH PARTAI POLITIK DAN CALON (A1 + A2) | E79: =SUM(E72:E78) -> 1 | F79: =SUM(F72:F78) -> 6 | G79: =SUM(G72:G78) -> 1 | H79: =SUM(H72:H78) -> 2 | I79: =SUM(I72:I78) -> 5 | J79: =SUM(J72:J78) -> 1 | K79: =SUM(K72:K78) -> 4 | L79: =SUM(L72:L78) -> 3 | ... AB79: =SUM(AB72:AB78) -> 2 | AC79: =SUM(E79:AB79) -> 92
AC80: =SUM(E80:AB80) -> 0
A81: A.1 | B81: 5. | C81: Partai NasDem | E81: 1 | F81: 0 | G81: 1 | H81: 0 | I81: 0 | J81: 1 | K81: 1 | L81: 0 | M81: 0 | N81: 3 | O81: 2 | P81: 0 | Q81: 1 | R81: 0 | S81: 1 | T81: 0 | U81: 1 | V81: 0 | W81: 0 | X81: 0 | Y81: 0 | Z81: 0 | AA81: 0 | AB81: 0 | AC81: =SUM(E81:AB81) -> 12
A82: A.2 | B82: 1 | C82: ABU SUFYAN, S.E., S.T., M.SI., M.ARS. | E82: 1 | F82: 0 | G82: 6 | H82: 0 | I82: 1 | J82: 2 | K82: 11 | L82: 1 | M82: 1 | N82: 6 | O82: 3 | P82: 7 | Q82: 0 | R82: 6 | S82: 0 | T82: 0 | U82: 3 | V82: 0 | W82: 1 | X82: 0 | Y82: 0 | Z82: 1 | AA82: 0 | AB82: 0 | AC82: =SUM(E82:AB82) -> 50
B83: 2 | C83: LUKMAN HAKIM | E83: 0 | F83: 0 | G83: 0 | H83: 0 | I83: 0 | J83: 0 | K83: 0 | L83: 0 | M83: 0 | N83: 1 | O83: 0 | P83: 0 | Q83: 0 | R83: 0 | S83: 0 | T83: 0 | U83: 0 | V83: 0 | W83: 0 | X83: 0 | Y83: 1 | Z83: 0 | AA83: 0 | AB83: 0 | AC83: =SUM(E83:AB83) -> 2
B84: 3 | C84: DEWI WULANDARI | E84: 0 | F84: 0 | G84: 0 | H84: 0 | I84: 0 | J84: 0 | K84: 0 | L84: 0 | M84: 0 | N84: 0 | O84: 0 | P84: 0 | Q84: 0 | R84: 0 | S84: 0 | T84: 0 | U84: 0 | V84: 0 | W84: 0 | X84: 0 | Y84: 0 | Z84: 0 | AA84: 0 | AB84: 0 | AC84: =SUM(E84:AB84) -> 0
B85: 4 | C85: JAENURI | E85: 0 | F85: 0 | G85: 0 | H85: 0 | I85: 0 | J85: 0 | K85: 0 | L85: 0 | M85: 0 | N85: 0 | O85: 0 | P85: 0 | Q85: 0 | R85: 0 | S85: 0 | T85: 0 | U85: 0 | V85: 0 | W85: 0 | X85: 0 | Y85: 0 | Z85: 0 | AA85: 0 | AB85: 0 | AC85: =SUM(E85:AB85) -> 0
B86: 5 | C86: TRI DINDA LESTARI | E86: 4 | F86: 0 | G86: 0 | H86: 0 | I86: 0 | J86: 0 | K86: 1 | L86: 0 | M86: 0 | N86: 2 | O86: 0 | P86: 1 | Q86: 1 | R86: 0 | S86: 0 | T86: 2 | U86: 0 | V86: 0 | W86: 0 | X86: 1 | Y86: 0 | Z86: 0 | AA86: 0 | AB86: 0 | AC86: =SUM(E86:AB86) -> 12
B87: 6 | C87: AGUS SETIAWAN, A.MD. | E87: 0 | F87: 0 | G87: 0 | H87: 0 | I87: 0 | J87: 0 | K87: 0 | L87: 0 | M87: 0 | N87: 0 | O87: 2 | P87: 0 | Q87: 0 | R87: 1 | S87: 0 | T87: 0 | U87: 0 | V87: 0 | W87: 1 | X87: 0 | Y87: 0 | Z87: 0 | AA87: 0 | AB87: 0 | AC87: =SUM(E87:AB87) -> 4
A88: B | B88: JUMLAH SUARA SAH PARTAI POLITIK DAN CALON (A1 + A2) | E88: =SUM(E81:E87) -> 6 | F88: =SUM(F81:F87) -> 0 | G88: =SUM(G81:G87) -> 7 | H88: =SUM(H81:H87) -> 0 | I88: =SUM(I81:I87) -> 1 | J88: =SUM(J81:J87) -> 3 | K88: =SUM(K81:K87) -> 13 | L88: =SUM(L81:L87) -> 1 | ... AB88: =SUM(AB81:AB87) -> 0 | AC88: =SUM(E88:AB88) -> 80
AC89: =SUM(E89:AB89) -> 0
A90: A.1 | B90: 6. | C90: Partai Buruh | E90: 1 | F90: 0 | G90: 2 | H90: 1 | I90: 2 | J90: 3 | K90: 3 | L90: 2 | M90: 1 | N90: 4 | O90: 1 | P90: 1 | Q90: 1 | R90: 0 | S90: 1 | T90: 0 | U90: 3 | V90: 0 | W90: 2 | X90: 1 | Y90: 2 | Z90: 3 | AA90: 0 | AB90: 7 | AC90: =SUM(E90:AB90) -> 41
B91: 1 | C91: AHMAD MIKKO SYAHRIAL | E91: 0 | F91: 0 | G91: 0 | H91: 1 | I91: 0 | J91: 0 | K91: 0 | L91: 0 | M91: 0 | N91: 2 | O91: 0 | P91: 2 | Q91: 0 | R91: 0 | S91: 0 | T91: 0 | U91: 0 | V91: 0 | W91: 1 | X91: 0 | Y91: 0 | Z91: 0 | AA91: 0 | AB91: 0 | AC91: =SUM(E91:AB91) -> 6
B92: 2 | C92: SITI NURJANNAH | E92: 0 | F92: 0 | G92: 0 | H92: 0 | I92: 0 | J92: 0 | K92: 0 | L92: 1 | M92: 0 | N92: 2 | O92: 0 | P92: 0 | Q92: 0 | R92: 0 | S92: 0 | T92: 0 | U92: 0 | V92: 0 | W92: 0 | X92: 0 | Y92: 0 | Z92: 0 | AA92: 0 | AB92: 0 | AC92: =SUM(E92:AB92) -> 3
A93: A.2 | B93: 3 | C93: RUDI CHRISTIAWAN | E93: 1 | F93: 0 | G93: 0 | H93: 0 | I93: 0 | J93: 0 | K93: 0 | L93: 0 | M93: 0 | N93: 0 | O93: 0 | P93: 0 | Q93: 0 | R93: 0 | S93: 0 | T93: 0 | U93: 0 | V93: 0 | W93: 0 | X93: 0 | Y93: 0 | Z93: 0 | AA93: 0 | AB93: 0 | AC93: =SUM(E93:AB93) -> 1
A94: B | B94: JUMLAH SUARA SAH PARTAI POLITIK DAN CALON (A1 + A2) | E94: =SUM(E90:E93) -> 2 | F94: =SUM(F90:F93) -> 0 | G94: =SUM(G90:G93) -> 2 | H94: =SUM(H90:H93) -> 2 | I94: =SUM(I90:I93) -> 2 | J94: =SUM(J90:J93) -> 3 | K94: =SUM(K90:K93) -> 3 | L94: =SUM(L90:L93) -> 3 | ... AB94: =SUM(AB90:AB93) -> 7 | AC94: =SUM(E94:AB94) -> 51
AC95: =SUM(E95:AB95) -> 0
A96: A.1 | B96: 7. | C96: Partai Gelombang Rakyat Indonesia | E96: 0 | F96: 0 | G96: 1 | H96: 0 | I96: 2 | J96: 1 | K96: 0 | L96: 0 | M96: 2 | N96: 0 | O96: 2 | P96: 0 | Q96: 0 | R96: 1 | S96: 0 | T96: 0 | U96: 2 | V96: 0 | W96: 0 | X96: 0 | Y96: 0 | Z96: 0 | AA96: 1 | AB96: 0 | AC96: =SUM(E96:AB96) -> 12
A97: A.2 | B97: 1 | C97: LUTFIYAH | E97: 1 | F97: 0 | G97: 0 | H97: 0 | I97: 0 | J97: 0 | K97: 0 | L97: 0 | M97: 0 | N97: 0 | O97: 0 | P97: 0 | Q97: 1 | R97: 1 | S97: 0 | T97: 0 | U97: 0 | V97: 0 | W97: 0 | X97: 0 | Y97: 1 | Z97: 0 | AA97: 0 | AB97: 0 | AC97: =SUM(E97:AB97) -> 4
B98: 2 | C98: NURMANSYAH | E98: 0 | F98: 0 | G98: 0 | H98: 0 | I98: 0 | J98: 0 | K98: 0 | L98: 0 | M98: 0 | N98: 0 | O98: 0 | P98: 0 | Q98: 0 | R98: 0 | S98: 0 | T98: 0 | U98: 0 | V98: 0 | W98: 0 | X98: 0 | Y98: 0 | Z98: 0 | AA98: 0 | AB98: 0 | AC98: =SUM(E98:AB98) -> 0
A99: B | B99: JUMLAH SUARA SAH PARTAI POLITIK DAN CALON (A1 + A2) | E99: =SUM(E96:E98) -> 1 | F99: =SUM(F96:F98) -> 0 | G99: =SUM(G96:G98) -> 1 | H99: =SUM(H96:H98) -> 0 | I99: =SUM(I96:I98) -> 2 | J99: =SUM(J96:J98) -> 1 | K99: =SUM(K96:K98) -> 0 | L99: =SUM(L96:L98) -> 0 | ... AB99: =SUM(AB96:AB98) -> 0 | AC99: =SUM(E99:AB99) -> 16
AC100: =SUM(E100:AB100) -> 0
A101: A.1 | B101: 8. | C101: Partai Keadilan Sejahtera | E101: 0 | F101: 1 | G101: 0 | H101: 0 | I101: 0 | J101: 0 | K101: 1 | L101: 2 | M101: 1 | N101: 2 | O101: 2 | P101: 1 | Q101: 1 | R101: 2 | S101: 1 | T101: 0 | U101: 1 | V101: 0 | W101: 0 | X101: 0 | Y101: 0 | Z101: 0 | AA101: 0 | AB101: 0 | AC101: =SUM(E101:AB101) -> 15
A102: A.2 | B102: 1 | C102: ANHARUDIN, S.PD.I. | E102: 0 | F102: 2 | G102: 0 | H102: 0 | I102: 2 | J102: 0 | K102: 1 | L102: 1 | M102: 4 | N102: 8 | O102: 19 | P102: 5 | Q102: 2 | R102: 2 | S102: 1 | T102: 0 | U102: 0 | V102: 0 | W102: 0 | X102: 0 | Y102: 1 | Z102: 0 | AA102: 0 | AB102: 0 | AC102: =SUM(E102:AB102) -> 48
B103: 2 | C103: NASUKI SYAMSUL, S.H. | E103: 0 | F103: 0 | G103: 0 | H103: 0 | I103: 0 | J103: 0 | K103: 0 | L103: 0 | M103: 0 | N103: 0 | O103: 0 | P103: 0 | Q103: 0 | R103: 0 | S103: 0 | T103: 0 | U103: 0 | V103: 0 | W103: 1 | X103: 0 | Y103: 0 | Z103: 0 | AA103: 0 | AB103: 0 | AC103: =SUM(E103:AB103) -> 1
B104: 3 | C104: LAILATUR ROSYIDAH | E104: 0 | F104: 0 | G104: 0 | H104: 0 | I104: 1 | J104: 0 | K104: 0 | L104: 1 | M104: 0 | N104: 0 | O104: 0 | P104: 0 | Q104: 0 | R104: 0 | S104: 0 | T104: 0 | U104: 0 | V104: 0 | W104: 0 | X104: 0 | Y104: 1 | Z104: 0 | AA104: 0 | AB104: 0 | AC104: =SUM(E104:AB104) -> 3
B105: 4 | C105: ALI MANSUR, S.T. | E105: 0 | F105: 0 | G105: 0 | H105: 0 | I105: 1 | J105: 0 | K105: 0 | L105: 0 | M105: 0 | N105: 0 | O105: 0 | P105: 0 | Q105: 0 | R105: 0 | S105: 1 | T105: 0 | U105: 0 | V105: 0 | W105: 0 | X105: 0 | Y105: 0 | Z105: 0 | AA105: 0 | AB105: 0 | AC105: =SUM(E105:AB105) -> 2
B106: 5 | C106: ALFIRA ROSALIANA | E106: 0 | F106: 0 | G106: 0 | H106: 0 | I106: 0 | J106: 0 | K106: 0 | L106: 0 | M106: 0 | N106: 0 | O106: 0 | P106: 0 | Q106: 0 | R106: 0 | S106: 0 | T106: 0 | U106: 0 | V106: 0 | W106: 0 | X106: 0 | Y106: 0 | Z106: 0 | AA106: 0 | AB106: 0 | AC106: =SUM(E106:AB106) -> 0
B107: 6 | C107: WILDA GUSFIYANTI AZIZ, S.A. | E107: 0 | F107: 0 | G107: 0 | H107: 0 | I107: 0 | J107: 0 | K107: 0 | L107: 0 | M107: 0 | N107: 0 | O107: 0 | P107: 0 | Q107: 0 | R107: 0 | S107: 0 | T107: 0 | U107: 0 | V107: 0 | W107: 0 | X107: 0 | Y107: 0 | Z107: 1 | AA107: 0 | AB107: 0 | AC107: =SUM(E107:AB107) -> 1
A108: B | B108: JUMLAH SUARA SAH PARTAI POLITIK DAN CALON (A1 + A2) | E108: =SUM(E101:E107) -> 0 | F108: =SUM(F101:F107) -> 3 | G108: =SUM(G101:G107) -> 0 | H108: =SUM(H101:H107) -> 0 | I108: =SUM(I101:I107) -> 4 | J108: =SUM(J101:J107) -> 0 | K108: =SUM(K101:K107) -> 2 | L108: =SUM(L101:L107) -> 4 | ... AB108: =SUM(AB101:AB107) -> 0 | AC108: =SUM(E108:AB108) -> 70
AC109: =SUM(E109:AB109) -> 0
A110: A.1 | B110: 9. | C110: Partai Kebangkitan Nusantara | E110: 0 | F110: 0 | G110: 0 | H110: 0 | I110: 2 | J110: 0 | K110: 0 | L110: 0 | M110: 0 | N110: 0 | O110: 0 | P110: 0 | Q110: 0 | R110: 0 | S110: 0 | T110: 0 | U110: 0 | V110: 0 | W110: 0 | X110: 0 | Y110: 0 | Z110: 0 | AA110: 0 | AB110: 0 | AC110: =SUM(E110:AB110) -> 2
B111: 1 | C111: NANANG HENDIK ROBBY A.S. | T111: 0 | U111: 0 | V111: 0 | W111: 0 | X111: 0 | Y111: 0 | Z111: 0 | AA111: 0 | AB111: 0 | AC111: =SUM(E111:AB111) -> 0
...

Sheet WRINGINAGUNG
C2: Kecamatan | D2: GAMBIRAN
C3: Kabupaten | D3: BANYUWANGI
C4: Provinsi | D4: JAWA TIMUR
C9: Kelurahan | D9: WRINGINAGUNG
A12: I | B12: DATA PEMILIH DAN PENGGUNAAN HAK PILIH | AB12: JUMLAH AKHIR
A13: A | B13: DATA PEMILIH | E13: TPS 001 | F13: TPS 002 | G13: TPS 003 | H13: TPS 004 | I13: TPS 005 | J13: TPS 006 | K13: TPS 007 | L13: TPS 008 | M13: TPS 009 | N13: TPS 010 | O13: TPS 011 | P13: TPS 012 | Q13: TPS 013 | R13: TPS 014 | S13: TPS 015 | T13: TPS 016 | U13: TPS 017 | V13: TPS 018 | W13: TPS 019 | X13: TPS 020 | Y13: TPS 021 | Z13: TPS 022 | AA13: TPS 023
B14: Jumlah Pemilih dalam Daftar Pemilih Tetap (DPT) | D14: LK | E14: 139 | F14: 131 | G14: 139 | H14: 147 | I14: 121 | J14: 145 | K14: 129 | L14: 152 | M14: 140 | N14: 130 | O14: 146 | P14: 129 | Q14: 122 | R14: 147 | S14: 147 | T14: 143 | U14: 120 | V14: 121 | W14: 113 | X14: 132 | Y14: 133 | Z14: 145 | AA14: 135 | AB14: =SUM(E14:AA14) -> 3106
D15: PR | E15: 143 | F15: 156 | G15: 137 | H15: 150 | I15: 147 | J15: 148 | K15: 125 | L15: 136 | M15: 153 | N15: 136 | O15: 137 | P15: 143 | Q15: 131 | R15: 140 | S15: 144 | T15: 133 | U15: 130 | V15: 115 | W15: 115 | X15: 138 | Y15: 129 | Z15: 142 | AA15: 145 | AB15: =SUM(E15:AA15) -> 3173
D16: JML | E16: =SUM(E14:E15) -> 282 | F16: =SUM(F14:F15) -> 287 | G16: =SUM(G14:G15) -> 276 | H16: =SUM(H14:H15) -> 297 | I16: =SUM(I14:I15) -> 268 | J16: =SUM(J14:J15) -> 293 | K16: =SUM(K14:K15) -> 254 | L16: =SUM(L14:L15) -> 288 | ... AA16: =SUM(AA14:AA15) -> 280 | AB16: =SUM(E16:AA16) -> 6279
A18: B | B18: PENGGUNA HAK PILIH
B19: 1. | C19: Jumlah pengguna hak pilih dalam Daftar Pemilih Tetap (DPT) | D19: LK | E19: 96 | F19: 104 | G19: 101 | H19: 128 | I19: 93 | J19: 103 | K19: 92 | L19: 105 | M19: 99 | N19: 86 | O19: 113 | P19: 104 | Q19: 94 | R19: 96 | S19: 110 | T19: 108 | U19: 91 | V19: 85 | W19: 78 | X19: 88 | Y19: 105 | Z19: 112 | AA19: 100 | AB19: =SUM(E19:AA19) -> 2291
D20: PR | E20: 111 | F20: 126 | G20: 110 | H20: 134 | I20: 122 | J20: 122 | K20: 94 | L20: 103 | M20: 115 | N20: 105 | O20: 108 | P20: 105 | Q20: 108 | R20: 108 | S20: 115 | T20: 110 | U20: 104 | V20: 88 | W20: 101 | X20: 114 | Y20: 114 | Z20: 118 | AA20: 107 | AB20: =SUM(E20:AA20) -> 2542
D21: JML | E21: =SUM(E19:E20) -> 207 | F21: =SUM(F19:F20) -> 230 | G21: =SUM(G19:G20) -> 211 | H21: =SUM(H19:H20) -> 262 | I21: =SUM(I19:I20) -> 215 | J21: =SUM(J19:J20) -> 225 | K21: =SUM(K19:K20) -> 186 | L21: =SUM(L19:L20) -> 208 | ... AA21: =SUM(AA19:AA20) -> 207 | AB21: =SUM(E21:AA21) -> 4833
B22: 2. | C22: Jumlah pengguna hak pilih dalam Daftar Pemilih Tambahan (DPTb) | D22: LK | E22: 0 | F22: 0 | G22: 0 | H22: 0 | I22: 0 | J22: 0 | K22: 0 | L22: 0 | M22: 0 | N22: 0 | O22: 0 | P22: 0 | Q22: 0 | R22: 0 | S22: 0 | AB22: =SUM(E22:AA22) -> 0
D23: PR | E23: 0 | F23: 3 | G23: 0 | H23: 0 | I23: 0 | J23: 0 | K23: 0 | L23: 0 | M23: 0 | N23: 0 | O23: 0 | P23: 0 | Q23: 0 | R23: 0 | S23: 0 | AB23: =SUM(E23:AA23) -> 3
D24: JML | E24: =SUM(E22:E23) -> 0 | F24: =SUM(F22:F23) -> 3 | G24: =SUM(G22:G23) -> 0 | H24: =SUM(H22:H23) -> 0 | I24: =SUM(I22:I23) -> 0 | J24: =SUM(J22:J23) -> 0 | K24: =SUM(K22:K23) -> 0 | L24: =SUM(L22:L23) -> 0 | ... AA24: =SUM(AA22:AA23) -> 0 | AB24: =SUM(E24:AA24) -> 3
B25: 3. | C25: Jumlah pengguna hak pilih dalam Daftar Pemilih Khusus (DPK) | D25: LK | E25: 0 | F25: 0 | G25: 2 | H25: 0 | I25: 5 | J25: 0 | K25: 0 | L25: 1 | M25: 1 | N25: 1 | O25: 2 | P25: 0 | Q25: 1 | R25: 1 | S25: 2 | T25: 0 | U25: 0 | V25: 1 | W25: 0 | X25: 1 | Y25: 2 | Z25: 0 | AA25: 4 | AB25: =SUM(E25:AA25) -> 24
D26: PR | E26: 0 | F26: 0 | G26: 1 | H26: 0 | I26: 6 | J26: 0 | K26: 0 | L26: 1 | M26: 0 | N26: 3 | O26: 3 | P26: 1 | Q26: 0 | R26: 0 | S26: 4 | T26: 0 | U26: 0 | V26: 1 | W26: 0 | X26: 1 | Y26: 2 | Z26: 0 | AA26: 3 | AB26: =SUM(E26:AA26) -> 26
D27: JML | E27: =SUM(E25:E26) -> 0 | F27: =SUM(F25:F26) -> 0 | G27: =SUM(G25:G26) -> 3 | H27: =SUM(H25:H26) -> 0 | I27: =SUM(I25:I26) -> 11 | J27: =SUM(J25:J26) -> 0 | K27: =SUM(K25:K26) -> 0 | L27: =SUM(L25:L26) -> 2 | ... AA27: =SUM(AA25:AA26) -> 7 | AB27: =SUM(E27:AA27) -> 50
B28: 4. | C28: Jumlah Pengguna Hak Pilih (B.1+B.2+B.3) | D28: LK | E28: =SUM(E19,E22,E25) -> 96 | F28: =SUM(F19,F22,F25) -> 104 | G28: =SUM(G19,G22,G25) -> 103 | H28: =SUM(H19,H22,H25) -> 128 | I28: =SUM(I19,I22,I25) -> 98 | J28: =SUM(J19,J22,J25) -> 103 | K28: =SUM(K19,K22,K25) -> 92 | L28: =SUM(L19,L22,L25) -> 106 | ... AA28: =SUM(AA19,AA22,AA25) -> 104 | AB28: =SUM(E28:AA28) -> 2315
D29: PR | E29: =SUM(E20,E23,E26) -> 111 | F29: =SUM(F20,F23,F26) -> 129 | G29: =SUM(G20,G23,G26) -> 111 | H29: =SUM(H20,H23,H26) -> 134 | I29: =SUM(I20,I23,I26) -> 128 | J29: =SUM(J20,J23,J26) -> 122 | K29: =SUM(K20,K23,K26) -> 94 | L29: =SUM(L20,L23,L26) -> 104 | ... AA29: =SUM(AA20,AA23,AA26) -> 110 | AB29: =SUM(E29:AA29) -> 2571
D30: JML | E30: =SUM(E28:E29) -> 207 | F30: =SUM(F28:F29) -> 233 | G30: =SUM(G28:G29) -> 214 | H30: =SUM(H28:H29) -> 262 | I30: =SUM(I28:I29) -> 226 | J30: =SUM(J28:J29) -> 225 | K30: =SUM(K28:K29) -> 186 | L30: =SUM(L28:L29) -> 210 | ... AA30: =SUM(AA28:AA29) -> 214 | AB30: =SUM(E30:AA30) -> 4886
A32: II | B32: DATA PENGGUNAAN SURAT SUARA
A33: 1 | B33: Jumlah surat suara yang diterima, termasuk surat suara cadangan 2,5% dari DPT | E33: 288 | F33: 293 | G33: 292 | H33: 303 | I33: 274 | J33: 299 | K33: 260 | L33: 294 | M33: 299 | N33: 272 | O33: 289 | P33: 298 | Q33: 259 | R33: 294 | S33: 299 | T33: 282 | U33: 255 | V33: 241 | W33: 233 | X33: 276 | Y33: 268 | Z33: 293 | AA33: 285 | AB33: =SUM(E33:AA33) -> 6446
A34: 2 | B34: Jumlah surat suara yang digunakan | E34: 207 | F34: 233 | G34: 214 | H34: 262 | I34: 226 | J34: 225 | K34: 186 | L34: 210 | M34: 215 | N34: 195 | O34: 226 | P34: 210 | Q34: 203 | R34: 205 | S34: 231 | T34: 218 | U34: 195 | V34: 175 | W34: 179 | X34: 204 | Y34: 223 | Z34: 230 | AA34: 214 | AB34: =SUM(E34:AA34) -> 4886
A35: 3 | B35: Jumlah surat suara dikembalikan oleh pemilih (karena rusak atau keliru coblos) | E35: 0 | F35: 2 | G35: 0 | H35: 0 | I35: 0 | J35: 0 | K35: 1 | L35: 0 | M35: 0 | N35: 0 | O35: 0 | P35: 0 | Q35: 0 | R35: 0 | S35: 0 | T35: 0 | U35: 2 | V35: 0 | W35: 3 | X35: 0 | Y35: 0 | Z35: 0 | AA35: 0 | AB35: =SUM(E35:AA35) -> 8
A36: 4 | B36: Jumlah surat suara yang tidak digunakan/tidak terpakai, termasuk sisa surat suara cadangan | E36: =E33-(E34+E35) -> 81 | F36: =F33-(F34+F35) -> 58 | G36: =G33-(G34+G35) -> 78 | H36: =H33-(H34+H35) -> 41 | I36: =I33-(I34+I35) -> 48 | J36: =J33-(J34+J35) -> 74 | K36: =K33-(K34+K35) -> 73 | L36: =L33-(L34+L35) -> 84 | ... AA36: =AA33-(AA34+AA35) -> 71 | AB36: =SUM(E36:AA36) -> 1552
A38: III | B38: DATA PEMILIH DISABILITAS
B39: Jumlah seluruh Pemilih disabilitas yang menggunakan hak pilih | D39: LK | E39: 0 | F39: 0 | G39: 0 | H39: 0 | I39: 0 | J39: 0 | K39: 0 | L39: 0 | M39: 0 | N39: 0 | O39: 0 | P39: 0 | Q39: 1 | R39: 0 | S39: 0 | T39: 0 | U39: 0 | V39: 1 | W39: 0 | X39: 0 | Y39: 0 | Z39: 0 | AA39: 1 | AB39: =SUM(E39:AA39) -> 3
D40: PR | E40: 0 | F40: 0 | G40: 0 | H40: 0 | I40: 0 | J40: 0 | K40: 0 | L40: 0 | M40: 0 | N40: 0 | O40: 0 | P40: 0 | Q40: 0 | R40: 0 | S40: 0 | T40: 0 | U40: 0 | V40: 1 | W40: 0 | X40: 0 | Y40: 0 | Z40: 0 | AA40: 0 | AB40: =SUM(E40:AA40) -> 1
D41: JML | E41: =SUM(E39:E40) -> 0 | F41: =SUM(F39:F40) -> 0 | G41: =SUM(G39:G40) -> 0 | H41: =SUM(H39:H40) -> 0 | I41: =SUM(I39:I40) -> 0 | J41: =SUM(J39:J40) -> 0 | K41: =SUM(K39:K40) -> 0 | L41: =SUM(L39:L40) -> 0 | ... AA41: =SUM(AA39:AA40) -> 1 | AB41: =SUM(E41:AA41) -> 4
A43: IV | B43: DATA RINCIAN PEROLEHAN SUARA PASANGAN CALON BUPATI DAN WAKIL BUPATI
A44: NOMOR DAN NAMA CALON
A45: A.1 | B45: 1. | C45: Partai Kebangkitan Bangsa | E45: 16 | F45: 3 | G45: 10 | H45: 6 | I45: 4 | J45: 2 | K45: 2 | L45: 5 | M45: 7 | N45: 6 | O45: 1 | P45: 0 | Q45: 2 | R45: 9 | S45: 2 | T45: 12 | U45: 1 | V45: 2 | W45: 0 | X45: 3 | Y45: 2 | Z45: 4 | AA45: 2 | AB45: =SUM(E45:AA45) -> 101
A46: A.2 | B46: 1 | C46: KH. MUHAMMAD RIZA AZIZY, M.IEB. | E46: 25 | F46: 12 | G46: 11 | H46: 4 | I46: 2 | J46: 6 | K46: 0 | L46: 4 | M46: 4 | N46: 5 | O46: 6 | P46: 3 | Q46: 1 | R46: 6 | S46: 2 | T46: 22 | U46: 4 | V46: 1 | W46: 5 | X46: 15 | Y46: 6 | Z46: 3 | AA46: 2 | AB46: =SUM(E46:AA46) -> 149
B47: 2 | C47: INAYANTI KUSUMASARI, S.E. | E47: 3 | F47: 1 | G47: 2 | H47: 0 | I47: 0 | J47: 3 | K47: 1 | L47: 0 | M47: 5 | N47: 4 | O47: 2 | P47: 1 | Q47: 0 | R47: 1 | S47: 0 | T47: 0 | U47: 0 | V47: 2 | W47: 0 | X47: 0 | Y47: 1 | Z47: 7 | AA47: 2 | AB47: =SUM(E47:AA47) -> 35
B48: 3 | C48: TOPAN HADI SUCIPTO, S.H. | E48: 15 | F48: 9 | G48: 8 | H48: 16 | I48: 29 | J48: 57 | K48: 9 | L48: 3 | M48: 2 | N48: 9 | O48: 1 | P48: 1 | Q48: 0 | R48: 38 | S48: 44 | T48: 26 | U48: 7 | V48: 25 | W48: 13 | X48: 4 | Y48: 3 | Z48: 2 | AA48: 4 | AB48: =SUM(E48:AA48) -> 325
B49: 4 | C49: HAULA KARIMA AKBAR, S.PD. | E49: 0 | F49: 0 | G49: 0 | H49: 1 | I49: 0 | J49: 0 | K49: 0 | L49: 0 | M49: 0 | N49: 1 | O49: 1 | P49: 0 | Q49: 0 | R49: 0 | S49: 0 | T49: 1 | U49: 0 | V49: 0 | W49: 0 | X49: 1 | Y49: 0 | Z49: 1 | AA49: 2 | AB49: =SUM(E49:AA49) -> 8
B50: 5 | C50: SUGENG HARYONO | E50: 0 | F50: 0 | G50: 2 | H50: 0 | I50: 0 | J50: 0 | K50: 0 | L50: 0 | M50: 1 | N50: 0 | O50: 1 | P50: 0 | Q50: 0 | R50: 0 | S50: 0 | T50: 0 | U50: 0 | V50: 0 | W50: 0 | X50: 0 | Y50: 0 | Z50: 0 | AA50: 0 | AB50: =SUM(E50:AA50) -> 4
B51: 6 | C51: MOH. RIYADUS SHOLIHIN, A.MD. | E51: 14 | F51: 21 | G51: 49 | H51: 20 | I51: 11 | J51: 12 | K51: 22 | L51: 26 | M51: 20 | N51: 17 | O51: 12 | P51: 0 | Q51: 6 | R51: 14 | S51: 1 | T51: 2 | U51: 5 | V51: 6 | W51: 1 | X51: 30 | Y51: 49 | Z51: 49 | AA51: 46 | AB51: =SUM(E51:AA51) -> 433
A52: B | B52: JUMLAH SUARA SAH PARTAI POLITIK DAN CALON (A1 + A2) | E52: =SUM(E45:E51) -> 73 | F52: =SUM(F45:F51) -> 46 | G52: =SUM(G45:G51) -> 82 | H52: =SUM(H45:H51) -> 47 | I52: =SUM(I45:I51) -> 46 | J52: =SUM(J45:J51) -> 80 | K52: =SUM(K45:K51) -> 34 | L52: =SUM(L45:L51) -> 38 | ... AA52: =SUM(AA45:AA51) -> 58 | AB52: =SUM(E52:AA52) -> 1055
AB53: =SUM(E53:AA53) -> 0
A54: A.1 | B54: 2. | C54: Partai Gerakan Indonesia Raya | E54: 7 | F54: 1 | G54: 3 | H54: 8 | I54: 4 | J54: 11 | K54: 1 | L54: 5 | M54: 4 | N54: 7 | O54: 6 | P54: 3 | Q54: 0 | R54: 6 | S54: 5 | T54: 2 | U54: 2 | V54: 1 | W54: 0 | X54: 7 | Y54: 0 | Z54: 4 | AA54: 9 | AB54: =SUM(E54:AA54) -> 96
A55: A.2 | B55: 1 | C55: AGUNG SUBASTIAN | E55: 4 | F55: 1 | G55: 2 | H55: 4 | I55: 3 | J55: 2 | K55: 3 | L55: 4 | M55: 3 | N55: 0 | O55: 5 | P55: 1 | Q55: 2 | R55: 2 | S55: 1 | T55: 0 | U55: 0 | V55: 1 | W55: 3 | X55: 2 | Y55: 4 | Z55: 2 | AA55: 3 | AB55: =SUM(E55:AA55) -> 52
B56: 2 | C56: ABDUL HAMID | E56: 1 | F56: 2 | G56: 0 | H56: 1 | I56: 0 | J56: 1 | K56: 1 | L56: 2 | M56: 0 | N56: 0 | O56: 1 | P56: 0 | Q56: 0 | R56: 1 | S56: 0 | T56: 0 | U56: 0 | V56: 0 | W56: 2 | X56: 5 | Y56: 0 | Z56: 0 | AA56: 0 | AB56: =SUM(E56:AA56) -> 17
B57: 3 | C57: NUR ALVI NAZIMAH | E57: 0 | F57: 1 | G57: 0 | H57: 0 | I57: 0 | J57: 0 | K57: 1 | L57: 0 | M57: 1 | N57: 0 | O57: 0 | P57: 1 | Q57: 0 | R57: 1 | S57: 0 | T57: 0 | U57: 0 | V57: 0 | W57: 1 | X57: 1 | Y57: 1 | Z57: 1 | AA57: 0 | AB57: =SUM(E57:AA57) -> 9
B58: 4 | C58: EMI WIJAYANTI | E58: 1 | F58: 0 | G58: 0 | H58: 0 | I58: 1 | J58: 1 | K58: 0 | L58: 0 | M58: 0 | N58: 0 | O58: 0 | P58: 1 | Q58: 0 | R58: 4 | S58: 0 | T58: 0 | U58: 0 | V58: 0 | W58: 0 | X58: 0 | Y58: 0 | Z58: 1 | AA58: 0 | AB58: =SUM(E58:AA58) -> 9
B59: 5 | C59: MUHAMAD ALFAN SAIFUDIN | E59: 0 | F59: 0 | G59: 0 | H59: 0 | I59: 2 | J59: 0 | K59: 0 | L59: 0 | M59: 1 | N59: 0 | O59: 1 | P59: 0 | Q59: 0 | R59: 0 | S59: 0 | T59: 0 | U59: 0 | V59: 0 | W59: 0 | X59: 0 | Y59: 0 | Z59: 1 | AA59: 1 | AB59: =SUM(E59:AA59) -> 6
B60: 6 | C60: BAYU PUTRA PAMUNGKAS | E60: 1 | F60: 0 | G60: 0 | H60: 0 | I60: 0 | J60: 1 | K60: 0 | L60: 0 | M60: 0 | N60: 0 | O60: 0 | P60: 1 | Q60: 0 | R60: 0 | S60: 0 | T60: 0 | U60: 0 | V60: 0 | W60: 0 | X60: 3 | Y60: 0 | Z60: 0 | AA60: 1 | AB60: =SUM(E60:AA60) -> 7
A61: B | B61: JUMLAH SUARA SAH PARTAI POLITIK DAN CALON (A1 + A2) | E61: =SUM(E54:E60) -> 14 | F61: =SUM(F54:F60) -> 5 | G61: =SUM(G54:G60) -> 5 | H61: =SUM(H54:H60) -> 13 | I61: =SUM(I54:I60) -> 10 | J61: =SUM(J54:J60) -> 16 | K61: =SUM(K54:K60) -> 6 | L61: =SUM(L54:L60) -> 11 | ... AA61: =SUM(AA54:AA60) -> 14 | AB61: =SUM(E61:AA61) -> 196
AB62: =SUM(E62:AA62) -> 0
A63: A.1 | B63: 3. | C63: Partai Demokrasi Indonesia Perjuangan | E63: 12 | F63: 5 | G63: 8 | H63: 7 | I63: 22 | J63: 11 | K63: 6 | L63: 10 | M63: 18 | N63: 12 | O63: 26 | P63: 13 | Q63: 6 | R63: 9 | S63: 13 | T63: 6 | U63: 14 | V63: 22 | W63: 11 | X63: 12 | Y63: 11 | Z63: 12 | AA63: 13 | AB63: =SUM(E63:AA63) -> 279
A64: A.2 | B64: 1 | C64: IR. YAYUK BANAR SRI PANGAYOM | E64: 35 | F64: 104 | G64: 36 | H64: 37 | I64: 86 | J64: 36 | K64: 22 | L64: 4 | M64: 39 | N64: 45 | O64: 117 | P64: 49 | Q64: 73 | R64: 19 | S64: 84 | T64: 45 | U64: 84 | V64: 59 | W64: 68 | X64: 62 | Y64: 57 | Z64: 81 | AA64: 58 | AB64: =SUM(E64:AA64) -> 1300
B65: 2 | C65: DR. ANA ANIATI | E65: 1 | F65: 3 | G65: 3 | H65: 5 | I65: 3 | J65: 2 | K65: 3 | L65: 1 | M65: 2 | N65: 1 | O65: 4 | P65: 1 | Q65: 1 | R65: 1 | S65: 2 | T65: 2 | U65: 0 | V65: 2 | W65: 3 | X65: 3 | Y65: 5 | Z65: 3 | AA65: 1 | AB65: =SUM(E65:AA65) -> 52
B66: 3 | C66: HADI WIDODO, S.P. | E66: 4 | F66: 2 | G66: 2 | H66: 5 | I66: 6 | J66: 3 | K66: 6 | L66: 4 | M66: 0 | N66: 3 | O66: 4 | P66: 1 | Q66: 1 | R66: 9 | S66: 9 | T66: 13 | U66: 13 | V66: 1 | W66: 9 | X66: 8 | Y66: 8 | Z66: 5 | AA66: 24 | AB66: =SUM(E66:AA66) -> 140
B67: 4 | C67: ANDIKO PUTRA MAHATTA | E67: 1 | F67: 1 | G67: 1 | H67: 1 | I67: 0 | J67: 0 | K67: 1 | L67: 1 | M67: 0 | N67: 0 | O67: 1 | P67: 0 | Q67: 0 | R67: 1 | S67: 2 | T67: 1 | U67: 2 | V67: 0 | W67: 2 | X67: 3 | Y67: 20 | Z67: 7 | AA67: 1 | AB67: =SUM(E67:AA67) -> 46
B68: 5 | C68: YUNI APRILIA | E68: 0 | F68: 0 | G68: 0 | H68: 0 | I68: 1 | J68: 1 | K68: 0 | L68: 0 | M68: 0 | N68: 0 | O68: 1 | P68: 0 | Q68: 0 | R68: 0 | S68: 0 | T68: 0 | U68: 1 | V68: 0 | W68: 0 | X68: 1 | Y68: 1 | Z68: 1 | AA68: 0 | AB68: =SUM(E68:AA68) -> 7
B69: 6 | C69: IKE PREDITA FIKTARYANA | E69: 0 | F69: 0 | G69: 0 | H69: 0 | I69: 2 | J69: 0 | K69: 0 | L69: 0 | M69: 0 | N69: 0 | O69: 0 | P69: 1 | Q69: 0 | R69: 0 | S69: 0 | T69: 1 | U69: 0 | V69: 0 | W69: 0 | X69: 0 | Y69: 2 | Z69: 2 | AA69: 2 | AB69: =SUM(E69:AA69) -> 10
A70: B | B70: JUMLAH SUARA SAH PARTAI POLITIK DAN CALON (A1 + A2) | E70: =SUM(E63:E69) -> 53 | F70: =SUM(F63:F69) -> 115 | G70: =SUM(G63:G69) -> 50 | H70: =SUM(H63:H69) -> 55 | I70: =SUM(I63:I69) -> 120 | J70: =SUM(J63:J69) -> 53 | K70: =SUM(K63:K69) -> 38 | L70: =SUM(L63:L69) -> 20 | ... AA70: =SUM(AA63:AA69) -> 99 | AB70: =SUM(E70:AA70) -> 1834
AB71: =SUM(E71:AA71) -> 0
A72: A.1 | B72: 4. | C72: Partai Golongan Karya | E72: 3 | F72: 4 | G72: 6 | H72: 1 | I72: 1 | J72: 1 | K72: 1 | L72: 5 | M72: 1 | N72: 1 | O72: 1 | P72: 3 | Q72: 2 | R72: 1 | S72: 0 | T72: 2 | U72: 0 | V72: 2 | W72: 4 | X72: 1 | Y72: 4 | Z72: 2 | AA72: 1 | AB72: =SUM(E72:AA72) -> 47
A73: A.2 | B73: 1 | C73: SOFIANDI SUSIADI, A.MD. | E73: 1 | F73: 8 | G73: 6 | H73: 3 | I73: 2 | J73: 4 | K73: 29 | L73: 30 | M73: 11 | N73: 1 | O73: 0 | P73: 44 | Q73: 5 | R73: 4 | S73: 3 | T73: 3 | U73: 4 | V73: 0 | W73: 6 | X73: 5 | Y73: 16 | Z73: 0 | AA73: 7 | AB73: =SUM(E73:AA73) -> 192
B74: 2 | C74: SUHAERI, S.PD. | E74: 2 | F74: 1 | G74: 0 | H74: 0 | I74: 0 | J74: 0 | K74: 0 | L74: 0 | M74: 0 | N74: 0 | O74: 0 | P74: 1 | Q74: 0 | R74: 0 | S74: 1 | T74: 0 | U74: 0 | V74: 0 | W74: 1 | X74: 0 | Y74: 0 | Z74: 0 | AA74: 0 | AB74: =SUM(E74:AA74) -> 6
B75: 3 | C75: SITI MAHMUDAH, S.SOS. | E75: 0 | F75: 0 | G75: 0 | H75: 0 | I75: 0 | J75: 1 | K75: 0 | L75: 0 | M75: 0 | N75: 0 | O75: 0 | P75: 1 | Q75: 0 | R75: 0 | S75: 0 | T75: 0 | U75: 0 | V75: 0 | W75: 0 | X75: 0 | Y75: 0 | Z75: 0 | AA75: 0 | AB75: =SUM(E75:AA75) -> 2
B76: 4 | C76: HENI KOMISATUN | E76: 0 | F76: 1 | G76: 0 | H76: 0 | I76: 1 | J76: 0 | K76: 0 | L76: 0 | M76: 0 | N76: 0 | O76: 0 | P76: 0 | Q76: 0 | R76: 0 | S76: 0 | T76: 0 | U76: 0 | V76: 0 | W76: 0 | X76: 0 | Y76: 0 | Z76: 0 | AA76: 0 | AB76: =SUM(E76:AA76) -> 2
B77: 5 | C77: KUSYONO | E77: 0 | F77: 1 | G77: 1 | H77: 0 | I77: 5 | J77: 3 | K77: 0 | L77: 1 | M77: 0 | N77: 0 | O77: 0 | P77: 0 | Q77: 0 | R77: 1 | S77: 0 | T77: 0 | U77: 0 | V77: 0 | W77: 0 | X77: 0 | Y77: 0 | Z77: 0 | AA77: 1 | AB77: =SUM(E77:AA77) -> 13
B78: 6 | C78: SUROSO | E78: 0 | F78: 0 | G78: 0 | H78: 0 | I78: 0 | J78: 0 | K78: 1 | L78: 0 | M78: 3 | N78: 0 | O78: 1 | P78: 0 | Q78: 0 | R78: 0 | S78: 0 | T78: 0 | U78: 0 | V78: 0 | W78: 0 | X78: 1 | Y78: 0 | Z78: 0 | AA78: 0 | AB78: =SUM(E78:AA78) -> 6
A79: B | B79: JUMLAH SUARA SAH PARTAI POLITIK DAN CALON (A1 + A2) | E79: =SUM(E72:E78) -> 6 | F79: =SUM(F72:F78) -> 15 | G79: =SUM(G72:G78) -> 13 | H79: =SUM(H72:H78) -> 4 | I79: =SUM(I72:I78) -> 9 | J79: =SUM(J72:J78) -> 9 | K79: =SUM(K72:K78) -> 31 | L79: =SUM(L72:L78) -> 36 | ... AA79: =SUM(AA72:AA78) -> 9 | AB79: =SUM(E79:AA79) -> 268
AB80: =SUM(E80:AA80) -> 0
A81: A.1 | B81: 5. | C81: Partai NasDem | E81: 2 | F81: 1 | G81: 2 | H81: 3 | I81: 0 | J81: 0 | K81: 1 | L81: 4 | M81: 9 | N81: 11 | O81: 0 | P81: 4 | Q81: 1 | R81: 3 | S81: 1 | T81: 0 | U81: 0 | V81: 1 | W81: 0 | X81: 0 | Y81: 0 | Z81: 0 | AA81: 0 | AB81: =SUM(E81:AA81) -> 43
A82: A.2 | B82: 1 | C82: ABU SUFYAN, S.E., S.T., M.SI., M.ARS. | E82: 2 | F82: 2 | G82: 3 | H82: 4 | I82: 1 | J82: 1 | K82: 3 | L82: 5 | M82: 21 | N82: 30 | O82: 8 | P82: 1 | Q82: 2 | R82: 7 | S82: 2 | T82: 19 | U82: 9 | V82: 13 | W82: 20 | X82: 2 | Y82: 3 | Z82: 2 | AA82: 0 | AB82: =SUM(E82:AA82) -> 160
B83: 2 | C83: LUKMAN HAKIM | E83: 0 | F83: 0 | G83: 0 | H83: 0 | I83: 0 | J83: 0 | K83: 0 | L83: 1 | M83: 1 | N83: 1 | O83: 1 | P83: 0 | Q83: 0 | R83: 0 | S83: 0 | T83: 1 | U83: 0 | V83: 0 | W83: 1 | X83: 0 | Y83: 1 | Z83: 0 | AA83: 0 | AB83: =SUM(E83:AA83) -> 7
B84: 3 | C84: DEWI WULANDARI | E84: 0 | F84: 2 | G84: 0 | H84: 0 | I84: 0 | J84: 0 | K84: 0 | L84: 0 | M84: 1 | N84: 0 | O84: 0 | P84: 0 | Q84: 0 | R84: 0 | S84: 0 | T84: 0 | U84: 0 | V84: 0 | W84: 0 | X84: 0 | Y84: 0 | Z84: 0 | AA84: 0 | AB84: =SUM(E84:AA84) -> 3
B85: 4 | C85: JAENURI | E85: 0 | F85: 1 | G85: 0 | H85: 0 | I85: 0 | J85: 0 | K85: 0 | L85: 0 | M85: 0 | N85: 0 | O85: 0 | P85: 2 | Q85: 0 | R85: 0 | S85: 0 | T85: 0 | U85: 0 | V85: 0 | W85: 0 | X85: 0 | Y85: 0 | Z85: 0 | AA85: 0 | AB85: =SUM(E85:AA85) -> 3
B86: 5 | C86: TRI DINDA LESTARI | E86: 0 | F86: 1 | G86: 0 | H86: 1 | I86: 0 | J86: 0 | K86: 27 | L86: 45 | M86: 18 | N86: 17 | O86: 3 | P86: 21 | Q86: 1 | R86: 0 | S86: 0 | T86: 0 | U86: 0 | V86: 0 | W86: 1 | X86: 3 | Y86: 0 | Z86: 1 | AA86: 0 | AB86: =SUM(E86:AA86) -> 139
B87: 6 | C87: AGUS SETIAWAN, A.MD. | E87: 3 | F87: 1 | G87: 3 | H87: 4 | I87: 0 | J87: 1 | K87: 0 | L87: 0 | M87: 0 | N87: 1 | O87: 0 | P87: 3 | Q87: 0 | R87: 9 | S87: 0 | T87: 0 | U87: 0 | V87: 4 | W87: 0 | X87: 0 | Y87: 0 | Z87: 0 | AA87: 1 | AB87: =SUM(E87:AA87) -> 30
A88: B | B88: JUMLAH SUARA SAH PARTAI POLITIK DAN CALON (A1 + A2) | E88: =SUM(E81:E87) -> 7 | F88: =SUM(F81:F87) -> 8 | G88: =SUM(G81:G87) -> 8 | H88: =SUM(H81:H87) -> 12 | I88: =SUM(I81:I87) -> 1 | J88: =SUM(J81:J87) -> 2 | K88: =SUM(K81:K87) -> 31 | L88: =SUM(L81:L87) -> 55 | ... AA88: =SUM(AA81:AA87) -> 1 | AB88: =SUM(E88:AA88) -> 385
AB89: =SUM(E89:AA89) -> 0
A90: A.1 | B90: 6. | C90: Partai Buruh | E90: 0 | F90: 0 | G90: 2 | H90: 2 | I90: 1 | J90: 3 | K90: 0 | L90: 0 | M90: 2 | N90: 3 | O90: 1 | P90: 0 | Q90: 0 | R90: 1 | S90: 0 | T90: 0 | U90: 0 | V90: 0 | W90: 0 | X90: 2 | Y90: 1 | Z90: 1 | AA90: 1 | AB90: =SUM(E90:AA90) -> 20
B91: 1 | C91: AHMAD MIKKO SYAHRIAL | E91: 0 | F91: 1 | G91: 0 | H91: 0 | I91: 0 | J91: 0 | K91: 1 | L91: 0 | M91: 0 | N91: 0 | O91: 0 | P91: 0 | Q91: 0 | R91: 0 | S91: 1 | T91: 0 | U91: 0 | V91: 0 | W91: 0 | X91: 0 | Y91: 0 | Z91: 0 | AA91: 0 | AB91: =SUM(E91:AA91) -> 3
B92: 2 | C92: SITI NURJANNAH | E92: 0 | F92: 0 | G92: 0 | H92: 0 | I92: 1 | J92: 0 | K92: 0 | L92: 0 | M92: 0 | N92: 0 | O92: 0 | P92: 0 | Q92: 0 | R92: 0 | S92: 0 | T92: 0 | U92: 0 | V92: 0 | W92: 0 | X92: 0 | Y92: 0 | Z92: 0 | AA92: 0 | AB92: =SUM(E92:AA92) -> 1
A93: A.2 | B93: 3 | C93: RUDI CHRISTIAWAN | E93: 0 | F93: 0 | G93: 0 | H93: 0 | I93: 7 | J93: 0 | K93: 0 | L93: 0 | M93: 0 | N93: 1 | O93: 0 | P93: 0 | Q93: 0 | R93: 0 | S93: 0 | T93: 0 | U93: 0 | V93: 0 | W93: 0 | X93: 0 | Y93: 0 | Z93: 0 | AA93: 0 | AB93: =SUM(E93:AA93) -> 8
A94: B | B94: JUMLAH SUARA SAH PARTAI POLITIK DAN CALON (A1 + A2) | E94: =SUM(E90:E93) -> 0 | F94: =SUM(F90:F93) -> 1 | G94: =SUM(G90:G93) -> 2 | H94: =SUM(H90:H93) -> 2 | I94: =SUM(I90:I93) -> 9 | J94: =SUM(J90:J93) -> 3 | K94: =SUM(K90:K93) -> 1 | L94: =SUM(L90:L93) -> 0 | ... AA94: =SUM(AA90:AA93) -> 1 | AB94: =SUM(E94:AA94) -> 32
AB95: =SUM(E95:AA95) -> 0
A96: A.1 | B96: 7. | C96: Partai Gelombang Rakyat Indonesia | E96: 1 | F96: 0 | G96: 0 | H96: 0 | I96: 1 | J96: 1 | K96: 0 | L96: 0 | M96: 1 | N96: 0 | O96: 0 | P96: 1 | Q96: 1 | R96: 0 | S96: 0 | T96: 0 | U96: 1 | V96: 0 | W96: 0 | X96: 0 | Y96: 0 | Z96: 0 | AA96: 0 | AB96: =SUM(E96:AA96) -> 7
A97: A.2 | B97: 1 | C97: LUTFIYAH | E97: 0 | F97: 0 | G97: 0 | H97: 0 | I97: 0 | J97: 0 | K97: 0 | L97: 0 | M97: 0 | N97: 0 | O97: 0 | P97: 0 | Q97: 0 | R97: 0 | S97: 0 | T97: 0 | U97: 0 | V97: 0 | W97: 0 | X97: 0 | Y97: 0 | Z97: 0 | AA97: 0 | AB97: =SUM(E97:AA97) -> 0
B98: 2 | C98: NURMANSYAH | E98: 0 | F98: 0 | G98: 0 | H98: 0 | I98: 0 | J98: 0 | K98: 0 | L98: 0 | M98: 0 | N98: 0 | O98: 0 | P98: 0 | Q98: 0 | R98: 0 | S98: 0 | T98: 0 | U98: 1 | V98: 0 | W98: 0 | X98: 0 | Y98: 0 | Z98: 0 | AA98: 0 | AB98: =SUM(E98:AA98) -> 1
A99: B | B99: JUMLAH SUARA SAH PARTAI POLITIK DAN CALON (A1 + A2) | E99: =SUM(E96:E98) -> 1 | F99: =SUM(F96:F98) -> 0 | G99: =SUM(G96:G98) -> 0 | H99: =SUM(H96:H98) -> 0 | I99: =SUM(I96:I98) -> 1 | J99: =SUM(J96:J98) -> 1 | K99: =SUM(K96:K98) -> 0 | L99: =SUM(L96:L98) -> 0 | ... AA99: =SUM(AA96:AA98) -> 0 | AB99: =SUM(E99:AA99) -> 8
AB100: =SUM(E100:AA100) -> 0
A101: A.1 | B101: 8. | C101: Partai Keadilan Sejahtera | E101: 0 | F101: 0 | G101: 0 | H101: 0 | I101: 0 | J101: 1 | K101: 0 | L101: 0 | M101: 0 | N101: 0 | O101: 0 | P101: 0 | Q101: 0 | R101: 0 | S101: 3 | T101: 0 | U101: 0 | V101: 0 | W101: 0 | X101: 0 | Y101: 0 | Z101: 0 | AA101: 2 | AB101: =SUM(E101:AA101) -> 6
A102: A.2 | B102: 1 | C102: ANHARUDIN, S.PD.I. | E102: 1 | F102: 0 | G102: 4 | H102: 0 | I102: 1 | J102: 0 | K102: 1 | L102: 0 | M102: 0 | N102: 1 | O102: 0 | P102: 0 | Q102: 0 | R102: 1 | S102: 1 | T102: 0 | U102: 1 | V102: 0 | W102: 1 | X102: 3 | Y102: 0 | Z102: 2 | AA102: 6 | AB102: =SUM(E102:AA102) -> 23
B103: 2 | C103: NASUKI SYAMSUL, S.H. | E103: 0 | F103: 1 | G103: 0 | H103: 0 | I103: 0 | J103: 0 | K103: 0 | L103: 1 | M103: 0 | N103: 0 | O103: 0 | P103: 0 | Q103: 0 | R103: 0 | S103: 0 | T103: 0 | U103: 0 | V103: 0 | W103: 0 | X103: 0 | Y103: 0 | Z103: 0 | AA103: 0 | AB103: =SUM(E103:AA103) -> 2
B104: 3 | C104: LAILATUR ROSYIDAH | E104: 0 | F104: 1 | G104: 0 | H104: 0 | I104: 0 | J104: 0 | K104: 0 | L104: 0 | M104: 0 | N104: 0 | O104: 0 | P104: 0 | Q104: 0 | R104: 2 | S104: 0 | T104: 0 | U104: 0 | V104: 1 | W104: 0 | X104: 1 | Y104: 1 | Z104: 0 | AA104: 0 | AB104: =SUM(E104:AA104) -> 6
B105: 4 | C105: ALI MANSUR, S.T. | E105: 0 | F105: 0 | G105: 0 | H105: 0 | I105: 0 | J105: 0 | K105: 0 | L105: 0 | M105: 0 | N105: 0 | O105: 0 | P105: 0 | Q105: 0 | R105: 0 | S105: 0 | T105: 0 | U105: 0 | V105: 0 | W105: 0 | X105: 0 | Y105: 0 | Z105: 3 | AA105: 0 | AB105: =SUM(E105:AA105) -> 3
B106: 5 | C106: ALFIRA ROSALIANA | E106: 0 | F106: 0 | G106: 0 | H106: 0 | I106: 0 | J106: 0 | K106: 0 | L106: 0 | M106: 0 | N106: 0 | O106: 0 | P106: 0 | Q106: 0 | R106: 0 | S106: 0 | T106: 0 | U106: 0 | V106: 0 | W106: 0 | X106: 1 | Y106: 13 | Z106: 0 | AA106: 3 | AB106: =SUM(E106:AA106) -> 17
B107: 6 | C107: WILDA GUSFIYANTI AZIZ, S.A. | E107: 0 | F107: 0 | G107: 0 | H107: 0 | I107: 0 | J107: 0 | K107: 0 | L107: 0 | M107: 0 | N107: 0 | O107: 0 | P107: 0 | Q107: 0 | R107: 0 | S107: 0 | T107: 0 | U107: 0 | V107: 0 | W107: 0 | X107: 0 | Y107: 0 | Z107: 0 | AA107: 0 | AB107: =SUM(E107:AA107) -> 0
A108: B | B108: JUMLAH SUARA SAH PARTAI POLITIK DAN CALON (A1 + A2) | E108: =SUM(E101:E107) -> 1 | F108: =SUM(F101:F107) -> 2 | G108: =SUM(G101:G107) -> 4 | H108: =SUM(H101:H107) -> 0 | I108: =SUM(I101:I107) -> 1 | J108: =SUM(J101:J107) -> 1 | K108: =SUM(K101:K107) -> 1 | L108: =SUM(L101:L107) -> 1 | ... AA108: =SUM(AA101:AA107) -> 11 | AB108: =SUM(E108:AA108) -> 57
AB109: =SUM(E109:AA109) -> 0
A110: A.1 | B110: 9. | C110: Partai Kebangkitan Nusantara | E110: 0 | F110: 0 | G110: 0 | H110: 0 | I110: 0 | J110: 0 | K110: 0 | L110: 0 | M110: 0 | N110: 0 | O110: 0 | P110: 0 | Q110: 0 | R110: 0 | S110: 0 | T110: 0 | U110: 0 | V110: 0 | W110: 0 | X110: 0 | Y110: 0 | Z110: 0 | AA110: 0 | AB110: =SUM(E110:AA110) -> 0
B111: 1 | C111: NANANG HENDIK ROBBY A.S. | E111: 0 | F111: 0 | G111: 0 | H111: 0 | I111: 0 | J111: 0 | K111: 0 | L111: 0 | M111: 0 | N111: 0 | O111: 0 | P111: 0 | Q111: 0 | R111: 0 | S111: 0 | T111: 0 | U111: 0 | V111: 0 | W111: 0 | X111: 0 | Y111: 0 | Z111: 0 | AA111: 0 | AB111: =SUM(E111:AA111) -> 0
...

Sheet WRINGINREJO
C2: Kecamatan | D2: GAMBIRAN
C3: Kabupaten | D3: BANYUWANGI
C4: Provinsi | D4: JAWA TIMUR
C9: Kelurahan | D9: WRINGINREJO
A12: I | B12: DATA PEMILIH DAN PENGGUNAAN HAK PILIH | X12: JUMLAH AKHIR
A13: A | B13: DATA PEMILIH | E13: TPS 001 | F13: TPS 002 | G13: TPS 003 | H13: TPS 004 | I13: TPS 005 | J13: TPS 006 | K13: TPS 007 | L13: TPS 008 | M13: TPS 009 | N13: TPS 010 | O13: TPS 011 | P13: TPS 012 | Q13: TPS 013 | R13: TPS 014 | S13: TPS 015 | T13: TPS 016 | U13: TPS 017 | V13: TPS 018 | W13: TPS 019
B14: Jumlah Pemilih dalam Daftar Pemilih Tetap (DPT) | D14: LK | E14: 151 | F14: 137 | G14: 138 | H14: 147 | I14: 148 | J14: 147 | K14: 144 | L14: 126 | M14: 145 | N14: 153 | O14: 152 | P14: 108 | Q14: 139 | R14: 106 | S14: 135 | T14: 127 | U14: 101 | V14: 119 | W14: 119 | X14: =SUM(E14:W14) -> 2542
D15: PR | E15: 142 | F15: 156 | G15: 150 | H15: 146 | I15: 136 | J15: 150 | K15: 151 | L15: 126 | M15: 148 | N15: 143 | O15: 134 | P15: 106 | Q15: 141 | R15: 110 | S15: 135 | T15: 140 | U15: 108 | V15: 110 | W15: 124 | X15: =SUM(E15:W15) -> 2556
D16: JML | E16: =SUM(E14:E15) -> 293 | F16: =SUM(F14:F15) -> 293 | G16: =SUM(G14:G15) -> 288 | H16: =SUM(H14:H15) -> 293 | I16: =SUM(I14:I15) -> 284 | J16: =SUM(J14:J15) -> 297 | K16: =SUM(K14:K15) -> 295 | L16: =SUM(L14:L15) -> 252 | ... W16: =SUM(W14:W15) -> 243 | X16: =SUM(E16:W16) -> 5098
A18: B | B18: PENGGUNA HAK PILIH
B19: 1. | C19: Jumlah pengguna hak pilih dalam Daftar Pemilih Tetap (DPT) | D19: LK | E19: 112 | F19: 105 | G19: 106 | H19: 112 | I19: 104 | J19: 100 | K19: 104 | L19: 91 | M19: 119 | N19: 105 | O19: 108 | P19: 97 | Q19: 106 | R19: 74 | S19: 97 | T19: 98 | U19: 84 | V19: 89 | W19: 95 | X19: =SUM(E19:W19) -> 1906
D20: PR | E20: 106 | F20: 126 | G20: 126 | H20: 119 | I20: 106 | J20: 124 | K20: 119 | L20: 104 | M20: 111 | N20: 109 | O20: 95 | P20: 86 | Q20: 112 | R20: 77 | S20: 110 | T20: 107 | U20: 89 | V20: 87 | W20: 87 | X20: =SUM(E20:W20) -> 2000
D21: JML | E21: =SUM(E19:E20) -> 218 | F21: =SUM(F19:F20) -> 231 | G21: =SUM(G19:G20) -> 232 | H21: =SUM(H19:H20) -> 231 | I21: =SUM(I19:I20) -> 210 | J21: =SUM(J19:J20) -> 224 | K21: =SUM(K19:K20) -> 223 | L21: =SUM(L19:L20) -> 195 | ... W21: =SUM(W19:W20) -> 182 | X21: =SUM(E21:W21) -> 3906
B22: 2. | C22: Jumlah pengguna hak pilih dalam Daftar Pemilih Tambahan (DPTb) | D22: LK | X22: =SUM(E22:W22) -> 0
D23: PR | X23: =SUM(E23:W23) -> 0
D24: JML | E24: =SUM(E22:E23) -> 0 | F24: =SUM(F22:F23) -> 0 | G24: =SUM(G22:G23) -> 0 | H24: =SUM(H22:H23) -> 0 | I24: =SUM(I22:I23) -> 0 | J24: =SUM(J22:J23) -> 0 | K24: =SUM(K22:K23) -> 0 | L24: =SUM(L22:L23) -> 0 | ... W24: =SUM(W22:W23) -> 0 | X24: =SUM(E24:W24) -> 0
B25: 3. | C25: Jumlah pengguna hak pilih dalam Daftar Pemilih Khusus (DPK) | D25: LK | E25: 1 | F25: 0 | G25: 0 | H25: 0 | I25: 1 | J25: 2 | K25: 1 | L25: 0 | M25: 2 | N25: 1 | O25: 3 | P25: 0 | Q25: 1 | R25: 12 | S25: 2 | T25: 0 | U25: 11 | V25: 3 | W25: 1 | X25: =SUM(E25:W25) -> 41
D26: PR | E26: 1 | F26: 0 | G26: 0 | H26: 5 | I26: 0 | J26: 1 | K26: 1 | L26: 0 | M26: 1 | N26: 3 | O26: 2 | P26: 2 | Q26: 1 | R26: 12 | S26: 1 | T26: 0 | U26: 14 | V26: 2 | W26: 3 | X26: =SUM(E26:W26) -> 49
D27: JML | E27: =SUM(E25:E26) -> 2 | F27: =SUM(F25:F26) -> 0 | G27: =SUM(G25:G26) -> 0 | H27: =SUM(H25:H26) -> 5 | I27: =SUM(I25:I26) -> 1 | J27: =SUM(J25:J26) -> 3 | K27: =SUM(K25:K26) -> 2 | L27: =SUM(L25:L26) -> 0 | ... W27: =SUM(W25:W26) -> 4 | X27: =SUM(E27:W27) -> 90
B28: 4. | C28: Jumlah Pengguna Hak Pilih (B.1+B.2+B.3) | D28: LK | E28: =SUM(E19,E22,E25) -> 113 | F28: =SUM(F19,F22,F25) -> 105 | G28: =SUM(G19,G22,G25) -> 106 | H28: =SUM(H19,H22,H25) -> 112 | I28: =SUM(I19,I22,I25) -> 105 | J28: =SUM(J19,J22,J25) -> 102 | K28: =SUM(K19,K22,K25) -> 105 | L28: =SUM(L19,L22,L25) -> 91 | ... W28: =SUM(W19,W22,W25) -> 96 | X28: =SUM(E28:W28) -> 1947
D29: PR | E29: =SUM(E20,E23,E26) -> 107 | F29: =SUM(F20,F23,F26) -> 126 | G29: =SUM(G20,G23,G26) -> 126 | H29: =SUM(H20,H23,H26) -> 124 | I29: =SUM(I20,I23,I26) -> 106 | J29: =SUM(J20,J23,J26) -> 125 | K29: =SUM(K20,K23,K26) -> 120 | L29: =SUM(L20,L23,L26) -> 104 | ... W29: =SUM(W20,W23,W26) -> 90 | X29: =SUM(E29:W29) -> 2049
D30: JML | E30: =SUM(E28:E29) -> 220 | F30: =SUM(F28:F29) -> 231 | G30: =SUM(G28:G29) -> 232 | H30: =SUM(H28:H29) -> 236 | I30: =SUM(I28:I29) -> 211 | J30: =SUM(J28:J29) -> 227 | K30: =SUM(K28:K29) -> 225 | L30: =SUM(L28:L29) -> 195 | ... W30: =SUM(W28:W29) -> 186 | X30: =SUM(E30:W30) -> 3996
A32: II | B32: DATA PENGGUNAAN SURAT SUARA
A33: 1 | B33: Jumlah surat suara yang diterima, termasuk surat suara cadangan 2,5% dari DPT | E33: 298 | F33: 299 | G33: 295 | H33: 299 | I33: 290 | J33: 303 | K33: 301 | L33: 258 | M33: 299 | N33: 302 | O33: 292 | P33: 219 | Q33: 293 | R33: 221 | S33: 276 | T33: 273 | U33: 214 | V33: 234 | W33: 248 | X33: =SUM(E33:W33) -> 5214
A34: 2 | B34: Jumlah surat suara yang digunakan | E34: 220 | F34: 231 | G34: 232 | H34: 236 | I34: 211 | J34: 227 | K34: 225 | L34: 195 | M34: 233 | N34: 218 | O34: 208 | P34: 185 | Q34: 220 | R34: 175 | S34: 210 | T34: 205 | U34: 198 | V34: 181 | W34: 186 | X34: =SUM(E34:W34) -> 3996
A35: 3 | B35: Jumlah surat suara dikembalikan oleh pemilih (karena rusak atau keliru coblos) | E35: 0 | F35: 0 | G35: 0 | H35: 1 | I35: 1 | J35: 0 | K35: 0 | L35: 0 | M35: 0 | N35: 1 | O35: 1 | P35: 0 | Q35: 1 | R35: 0 | S35: 0 | T35: 0 | U35: 0 | V35: 1 | W35: 0 | X35: =SUM(E35:W35) -> 6
A36: 4 | B36: Jumlah surat suara yang tidak digunakan/tidak terpakai, termasuk sisa surat suara cadangan | E36: =E33-(E34+E35) -> 78 | F36: =F33-(F34+F35) -> 68 | G36: =G33-(G34+G35) -> 63 | H36: =H33-(H34+H35) -> 62 | I36: =I33-(I34+I35) -> 78 | J36: =J33-(J34+J35) -> 76 | K36: =K33-(K34+K35) -> 76 | L36: =L33-(L34+L35) -> 63 | ... W36: =W33-(W34+W35) -> 62 | X36: =SUM(E36:W36) -> 1212
A38: III | B38: DATA PEMILIH DISABILITAS
B39: Jumlah seluruh Pemilih disabilitas yang menggunakan hak pilih | D39: LK | E39: 0 | F39: 0 | G39: 5 | H39: 0 | I39: 0 | J39: 0 | K39: 0 | L39: 0 | M39: 0 | N39: 0 | O39: 0 | P39: 0 | Q39: 0 | R39: 0 | S39: 0 | V39: 4 | X39: =SUM(E39:W39) -> 9
D40: PR | E40: 0 | F40: 0 | G40: 5 | H40: 5 | I40: 0 | J40: 0 | K40: 0 | L40: 0 | M40: 0 | N40: 0 | O40: 0 | P40: 2 | Q40: 0 | R40: 2 | S40: 0 | V40: 2 | X40: =SUM(E40:W40) -> 16
D41: JML | E41: =SUM(E39:E40) -> 0 | F41: =SUM(F39:F40) -> 0 | G41: =SUM(G39:G40) -> 10 | H41: =SUM(H39:H40) -> 5 | I41: =SUM(I39:I40) -> 0 | J41: =SUM(J39:J40) -> 0 | K41: =SUM(K39:K40) -> 0 | L41: =SUM(L39:L40) -> 0 | ... W41: =SUM(W39:W40) -> 0 | X41: =SUM(E41:W41) -> 25
A43: IV | B43: DATA RINCIAN PEROLEHAN SUARA PASANGAN CALON BUPATI DAN WAKIL BUPATI
A44: NOMOR DAN NAMA CALON
A45: A.1 | B45: 1. | C45: Partai Kebangkitan Bangsa | E45: 8 | F45: 6 | G45: 6 | H45: 9 | I45: 6 | J45: 9 | K45: 3 | L45: 12 | M45: 13 | N45: 8 | O45: 6 | P45: 1 | Q45: 7 | R45: 3 | S45: 10 | T45: 4 | U45: 1 | V45: 2 | W45: 2 | X45: =SUM(E45:W45) -> 116
A46: A.2 | B46: 1 | C46: KH. MUHAMMAD RIZA AZIZY, M.IEB. | E46: 10 | F46: 12 | G46: 10 | H46: 4 | I46: 4 | J46: 11 | K46: 2 | L46: 3 | M46: 15 | N46: 4 | O46: 7 | P46: 2 | Q46: 16 | R46: 21 | S46: 6 | T46: 14 | U46: 3 | V46: 6 | W46: 1 | X46: =SUM(E46:W46) -> 151
B47: 2 | C47: INAYANTI KUSUMASARI, S.E. | E47: 0 | F47: 6 | G47: 7 | H47: 5 | I47: 25 | J47: 20 | K47: 10 | L47: 12 | M47: 4 | N47: 13 | O47: 17 | P47: 1 | Q47: 4 | R47: 2 | S47: 20 | T47: 8 | U47: 3 | V47: 4 | W47: 1 | X47: =SUM(E47:W47) -> 162
B48: 3 | C48: TOPAN HADI SUCIPTO, S.H. | E48: 0 | F48: 11 | G48: 17 | H48: 8 | I48: 9 | J48: 10 | K48: 11 | L48: 18 | M48: 24 | N48: 28 | O48: 23 | P48: 0 | Q48: 10 | R48: 9 | S48: 14 | T48: 9 | U48: 6 | V48: 3 | W48: 1 | X48: =SUM(E48:W48) -> 211
B49: 4 | C49: HAULA KARIMA AKBAR, S.PD. | E49: 2 | F49: 0 | G49: 0 | H49: 0 | I49: 0 | J49: 0 | K49: 0 | L49: 0 | M49: 2 | N49: 1 | O49: 0 | P49: 0 | Q49: 0 | R49: 0 | S49: 0 | T49: 0 | U49: 0 | V49: 0 | W49: 0 | X49: =SUM(E49:W49) -> 5
B50: 5 | C50: SUGENG HARYONO | E50: 0 | F50: 0 | G50: 0 | H50: 0 | I50: 0 | J50: 0 | K50: 0 | L50: 0 | M50: 0 | N50: 0 | O50: 0 | P50: 0 | Q50: 0 | R50: 0 | S50: 0 | T50: 0 | U50: 0 | V50: 0 | W50: 0 | X50: =SUM(E50:W50) -> 0
B51: 6 | C51: MOH. RIYADUS SHOLIHIN, A.MD. | E51: 3 | F51: 3 | G51: 5 | H51: 9 | I51: 4 | J51: 0 | K51: 2 | L51: 2 | M51: 0 | N51: 5 | O51: 6 | P51: 0 | Q51: 39 | R51: 21 | S51: 3 | T51: 0 | U51: 0 | V51: 1 | W51: 3 | X51: =SUM(E51:W51) -> 106
A52: B | B52: JUMLAH SUARA SAH PARTAI POLITIK DAN CALON (A1 + A2) | E52: =SUM(E45:E51) -> 23 | F52: =SUM(F45:F51) -> 38 | G52: =SUM(G45:G51) -> 45 | H52: =SUM(H45:H51) -> 35 | I52: =SUM(I45:I51) -> 48 | J52: =SUM(J45:J51) -> 50 | K52: =SUM(K45:K51) -> 28 | L52: =SUM(L45:L51) -> 47 | ... W52: =SUM(W45:W51) -> 8 | X52: =SUM(E52:W52) -> 751
X53: =SUM(E53:W53) -> 0
A54: A.1 | B54: 2. | C54: Partai Gerakan Indonesia Raya | E54: 4 | F54: 10 | G54: 12 | H54: 5 | I54: 5 | J54: 13 | K54: 12 | L54: 13 | M54: 18 | N54: 10 | O54: 8 | P54: 4 | Q54: 5 | R54: 8 | S54: 14 | T54: 13 | U54: 10 | V54: 9 | W54: 3 | X54: =SUM(E54:W54) -> 176
A55: A.2 | B55: 1 | C55: AGUNG SUBASTIAN | E55: 3 | F55: 5 | G55: 5 | H55: 0 | I55: 0 | J55: 1 | K55: 3 | L55: 2 | M55: 6 | N55: 6 | O55: 5 | P55: 0 | Q55: 1 | R55: 4 | S55: 2 | T55: 6 | U55: 1 | V55: 0 | W55: 0 | X55: =SUM(E55:W55) -> 50
B56: 2 | C56: ABDUL HAMID | E56: 1 | F56: 2 | G56: 1 | H56: 1 | I56: 2 | J56: 2 | K56: 0 | L56: 1 | M56: 6 | N56: 1 | O56: 5 | P56: 0 | Q56: 0 | R56: 1 | S56: 5 | T56: 3 | U56: 3 | V56: 1 | W56: 1 | X56: =SUM(E56:W56) -> 36
B57: 3 | C57: NUR ALVI NAZIMAH | E57: 0 | F57: 2 | G57: 1 | H57: 3 | I57: 0 | J57: 2 | K57: 4 | L57: 3 | M57: 0 | N57: 2 | O57: 2 | P57: 1 | Q57: 2 | R57: 0 | S57: 2 | T57: 0 | U57: 1 | V57: 0 | W57: 0 | X57: =SUM(E57:W57) -> 25
B58: 4 | C58: EMI WIJAYANTI | E58: 2 | F58: 1 | G58: 1 | H58: 1 | I58: 0 | J58: 2 | K58: 1 | L58: 2 | M58: 0 | N58: 1 | O58: 1 | P58: 0 | Q58: 2 | R58: 2 | S58: 1 | T58: 2 | U58: 0 | V58: 0 | W58: 0 | X58: =SUM(E58:W58) -> 19
B59: 5 | C59: MUHAMAD ALFAN SAIFUDIN | E59: 1 | F59: 0 | G59: 1 | H59: 1 | I59: 1 | J59: 0 | K59: 0 | L59: 0 | M59: 1 | N59: 0 | O59: 0 | P59: 0 | Q59: 0 | R59: 0 | S59: 1 | T59: 0 | U59: 1 | V59: 0 | W59: 0 | X59: =SUM(E59:W59) -> 7
B60: 6 | C60: BAYU PUTRA PAMUNGKAS | E60: 2 | F60: 1 | G60: 0 | H60: 0 | I60: 3 | J60: 18 | K60: 12 | L60: 1 | M60: 0 | N60: 3 | O60: 1 | P60: 0 | Q60: 1 | R60: 0 | S60: 1 | T60: 2 | U60: 0 | V60: 0 | W60: 0 | X60: =SUM(E60:W60) -> 45
A61: B | B61: JUMLAH SUARA SAH PARTAI POLITIK DAN CALON (A1 + A2) | E61: =SUM(E54:E60) -> 13 | F61: =SUM(F54:F60) -> 21 | G61: =SUM(G54:G60) -> 21 | H61: =SUM(H54:H60) -> 11 | I61: =SUM(I54:I60) -> 11 | J61: =SUM(J54:J60) -> 38 | K61: =SUM(K54:K60) -> 32 | L61: =SUM(L54:L60) -> 22 | ... W61: =SUM(W54:W60) -> 4 | X61: =SUM(E61:W61) -> 358
X62: =SUM(E62:W62) -> 0
A63: A.1 | B63: 3. | C63: Partai Demokrasi Indonesia Perjuangan | E63: 5 | F63: 4 | G63: 8 | H63: 8 | I63: 15 | J63: 18 | K63: 15 | L63: 12 | M63: 13 | N63: 8 | O63: 5 | P63: 26 | Q63: 7 | R63: 9 | S63: 11 | T63: 6 | U63: 18 | V63: 9 | W63: 2 | X63: =SUM(E63:W63) -> 199
A64: A.2 | B64: 1 | C64: IR. YAYUK BANAR SRI PANGAYOM | E64: 13 | F64: 4 | G64: 3 | H64: 3 | I64: 29 | J64: 37 | K64: 34 | L64: 17 | M64: 4 | N64: 9 | O64: 5 | P64: 125 | Q64: 3 | R64: 5 | S64: 4 | T64: 2 | U64: 9 | V64: 20 | W64: 1 | X64: =SUM(E64:W64) -> 327
B65: 2 | C65: DR. ANA ANIATI | E65: 54 | F65: 76 | G65: 55 | H65: 32 | I65: 33 | J65: 16 | K65: 39 | L65: 22 | M65: 62 | N65: 62 | O65: 64 | P65: 6 | Q65: 66 | R65: 52 | S65: 46 | T65: 45 | U65: 83 | V65: 73 | W65: 52 | X65: =SUM(E65:W65) -> 938
B66: 3 | C66: HADI WIDODO, S.P. | E66: 1 | F66: 2 | G66: 1 | H66: 1 | I66: 3 | J66: 6 | K66: 15 | L66: 0 | M66: 0 | N66: 2 | O66: 2 | P66: 2 | Q66: 6 | R66: 2 | S66: 0 | T66: 2 | U66: 1 | V66: 1 | W66: 0 | X66: =SUM(E66:W66) -> 47
B67: 4 | C67: ANDIKO PUTRA MAHATTA | E67: 2 | F67: 6 | G67: 3 | H67: 1 | I67: 0 | J67: 5 | K67: 9 | L67: 1 | M67: 1 | N67: 3 | O67: 1 | P67: 1 | Q67: 1 | R67: 2 | S67: 4 | T67: 3 | U67: 0 | V67: 0 | W67: 0 | X67: =SUM(E67:W67) -> 43
B68: 5 | C68: YUNI APRILIA | E68: 0 | F68: 0 | G68: 1 | H68: 0 | I68: 0 | J68: 1 | K68: 0 | L68: 0 | M68: 1 | N68: 0 | O68: 0 | P68: 0 | Q68: 0 | R68: 0 | S68: 0 | T68: 1 | U68: 0 | V68: 0 | W68: 0 | X68: =SUM(E68:W68) -> 4
B69: 6 | C69: IKE PREDITA FIKTARYANA | E69: 0 | F69: 0 | G69: 0 | H69: 0 | I69: 0 | J69: 0 | K69: 0 | L69: 0 | M69: 0 | N69: 0 | O69: 1 | P69: 0 | Q69: 0 | R69: 0 | S69: 0 | T69: 0 | U69: 0 | V69: 0 | W69: 0 | X69: =SUM(E69:W69) -> 1
A70: B | B70: JUMLAH SUARA SAH PARTAI POLITIK DAN CALON (A1 + A2) | E70: =SUM(E63:E69) -> 75 | F70: =SUM(F63:F69) -> 92 | G70: =SUM(G63:G69) -> 71 | H70: =SUM(H63:H69) -> 45 | I70: =SUM(I63:I69) -> 80 | J70: =SUM(J63:J69) -> 83 | K70: =SUM(K63:K69) -> 112 | L70: =SUM(L63:L69) -> 52 | ... W70: =SUM(W63:W69) -> 55 | X70: =SUM(E70:W70) -> 1559
X71: =SUM(E71:W71) -> 0
A72: A.1 | B72: 4. | C72: Partai Golongan Karya | E72: 0 | F72: 0 | G72: 3 | H72: 0 | I72: 1 | J72: 0 | K72: 1 | L72: 3 | M72: 0 | N72: 1 | O72: 2 | P72: 3 | Q72: 2 | R72: 0 | S72: 2 | T72: 3 | U72: 3 | V72: 2 | W72: 2 | X72: =SUM(E72:W72) -> 28
A73: A.2 | B73: 1 | C73: SOFIANDI SUSIADI, A.MD. | E73: 2 | F73: 3 | G73: 1 | H73: 4 | I73: 1 | J73: 0 | K73: 1 | L73: 3 | M73: 1 | N73: 0 | O73: 2 | P73: 1 | Q73: 0 | R73: 2 | S73: 2 | T73: 0 | U73: 2 | V73: 1 | W73: 0 | X73: =SUM(E73:W73) -> 26
B74: 2 | C74: SUHAERI, S.PD. | E74: 0 | F74: 0 | G74: 0 | H74: 0 | I74: 2 | J74: 0 | K74: 0 | L74: 2 | M74: 0 | N74: 0 | O74: 0 | P74: 0 | Q74: 1 | R74: 1 | S74: 2 | T74: 0 | U74: 0 | V74: 0 | W74: 0 | X74: =SUM(E74:W74) -> 8
B75: 3 | C75: SITI MAHMUDAH, S.SOS. | E75: 0 | F75: 0 | G75: 0 | H75: 0 | I75: 0 | J75: 0 | K75: 0 | L75: 1 | M75: 1 | N75: 1 | O75: 0 | P75: 0 | Q75: 1 | R75: 0 | S75: 0 | T75: 0 | U75: 0 | V75: 0 | W75: 1 | X75: =SUM(E75:W75) -> 5
B76: 4 | C76: HENI KOMISATUN | E76: 0 | F76: 0 | G76: 0 | H76: 0 | I76: 0 | J76: 0 | K76: 0 | L76: 1 | M76: 1 | N76: 0 | O76: 1 | P76: 0 | Q76: 0 | R76: 0 | S76: 0 | T76: 0 | U76: 0 | V76: 0 | W76: 0 | X76: =SUM(E76:W76) -> 3
B77: 5 | C77: KUSYONO | E77: 1 | F77: 0 | G77: 0 | H77: 0 | I77: 0 | J77: 1 | K77: 2 | L77: 1 | M77: 0 | N77: 1 | O77: 1 | P77: 0 | Q77: 4 | R77: 0 | S77: 1 | T77: 0 | U77: 0 | V77: 2 | W77: 1 | X77: =SUM(E77:W77) -> 15
B78: 6 | C78: SUROSO | E78: 0 | F78: 0 | G78: 0 | H78: 0 | I78: 0 | J78: 0 | K78: 0 | L78: 1 | M78: 0 | N78: 0 | O78: 0 | P78: 0 | Q78: 0 | R78: 0 | S78: 0 | T78: 0 | U78: 0 | V78: 1 | W78: 0 | X78: =SUM(E78:W78) -> 2
A79: B | B79: JUMLAH SUARA SAH PARTAI POLITIK DAN CALON (A1 + A2) | E79: =SUM(E72:E78) -> 3 | F79: =SUM(F72:F78) -> 3 | G79: =SUM(G72:G78) -> 4 | H79: =SUM(H72:H78) -> 4 | I79: =SUM(I72:I78) -> 4 | J79: =SUM(J72:J78) -> 1 | K79: =SUM(K72:K78) -> 4 | L79: =SUM(L72:L78) -> 12 | ... W79: =SUM(W72:W78) -> 4 | X79: =SUM(E79:W79) -> 87
X80: =SUM(E80:W80) -> 0
A81: A.1 | B81: 5. | C81: Partai NasDem | E81: 1 | F81: 0 | G81: 0 | H81: 1 | I81: 0 | J81: 0 | K81: 0 | L81: 2 | M81: 0 | N81: 0 | O81: 0 | P81: 0 | Q81: 1 | R81: 0 | S81: 0 | T81: 0 | U81: 0 | V81: 0 | W81: 0 | X81: =SUM(E81:W81) -> 5
A82: A.2 | B82: 1 | C82: ABU SUFYAN, S.E., S.T., M.SI., M.ARS. | E82: 0 | F82: 0 | G82: 2 | H82: 1 | I82: 4 | J82: 3 | K82: 0 | L82: 7 | M82: 0 | N82: 0 | O82: 0 | P82: 0 | Q82: 1 | R82: 0 | S82: 1 | T82: 0 | U82: 0 | V82: 1 | W82: 0 | X82: =SUM(E82:W82) -> 20
B83: 2 | C83: LUKMAN HAKIM | E83: 0 | F83: 0 | G83: 1 | H83: 0 | I83: 0 | J83: 1 | K83: 0 | L83: 1 | M83: 0 | N83: 0 | O83: 0 | P83: 0 | Q83: 0 | R83: 0 | S83: 0 | T83: 0 | U83: 0 | V83: 0 | W83: 0 | X83: =SUM(E83:W83) -> 3
B84: 3 | C84: DEWI WULANDARI | E84: 0 | F84: 0 | G84: 0 | H84: 0 | I84: 0 | J84: 0 | K84: 0 | L84: 0 | M84: 0 | N84: 0 | O84: 0 | P84: 0 | Q84: 0 | R84: 0 | S84: 0 | T84: 0 | U84: 0 | V84: 0 | W84: 0 | X84: =SUM(E84:W84) -> 0
B85: 4 | C85: JAENURI | E85: 0 | F85: 0 | G85: 0 | H85: 0 | I85: 0 | J85: 0 | K85: 0 | L85: 0 | M85: 0 | N85: 1 | O85: 0 | P85: 0 | Q85: 0 | R85: 0 | S85: 0 | T85: 0 | U85: 0 | V85: 0 | W85: 0 | X85: =SUM(E85:W85) -> 1
B86: 5 | C86: TRI DINDA LESTARI | E86: 1 | F86: 0 | G86: 0 | H86: 0 | I86: 0 | J86: 0 | K86: 0 | L86: 0 | M86: 0 | N86: 0 | O86: 0 | P86: 0 | Q86: 0 | R86: 0 | S86: 0 | T86: 0 | U86: 2 | V86: 0 | W86: 0 | X86: =SUM(E86:W86) -> 3
B87: 6 | C87: AGUS SETIAWAN, A.MD. | E87: 0 | F87: 0 | G87: 0 | H87: 0 | I87: 0 | J87: 0 | K87: 0 | L87: 0 | M87: 0 | N87: 0 | O87: 0 | P87: 0 | Q87: 0 | R87: 0 | S87: 0 | T87: 0 | U87: 0 | V87: 0 | W87: 0 | X87: =SUM(E87:W87) -> 0
A88: B | B88: JUMLAH SUARA SAH PARTAI POLITIK DAN CALON (A1 + A2) | E88: =SUM(E81:E87) -> 2 | F88: =SUM(F81:F87) -> 0 | G88: =SUM(G81:G87) -> 3 | H88: =SUM(H81:H87) -> 2 | I88: =SUM(I81:I87) -> 4 | J88: =SUM(J81:J87) -> 4 | K88: =SUM(K81:K87) -> 0 | L88: =SUM(L81:L87) -> 10 | ... W88: =SUM(W81:W87) -> 0 | X88: =SUM(E88:W88) -> 32
X89: =SUM(E89:W89) -> 0
A90: A.1 | B90: 6. | C90: Partai Buruh | E90: 0 | F90: 0 | G90: 0 | H90: 0 | I90: 0 | J90: 0 | K90: 0 | L90: 0 | M90: 0 | N90: 0 | O90: 0 | P90: 0 | Q90: 0 | R90: 0 | S90: 1 | T90: 0 | U90: 2 | V90: 2 | W90: 4 | X90: =SUM(E90:W90) -> 9
B91: 1 | C91: AHMAD MIKKO SYAHRIAL | E91: 0 | F91: 0 | G91: 0 | H91: 0 | I91: 0 | J91: 2 | K91: 0 | L91: 0 | M91: 0 | N91: 0 | O91: 0 | P91: 0 | Q91: 0 | R91: 0 | S91: 0 | T91: 0 | U91: 0 | V91: 0 | W91: 0 | X91: =SUM(E91:W91) -> 2
B92: 2 | C92: SITI NURJANNAH | E92: 0 | F92: 0 | G92: 0 | H92: 0 | I92: 0 | J92: 0 | K92: 0 | L92: 0 | M92: 0 | N92: 0 | O92: 0 | P92: 0 | Q92: 0 | R92: 0 | S92: 0 | T92: 0 | U92: 0 | V92: 0 | W92: 0 | X92: =SUM(E92:W92) -> 0
A93: A.2 | B93: 3 | C93: RUDI CHRISTIAWAN | E93: 0 | F93: 0 | G93: 0 | H93: 0 | I93: 0 | J93: 0 | K93: 0 | L93: 0 | M93: 0 | N93: 0 | O93: 0 | P93: 0 | Q93: 0 | R93: 0 | S93: 0 | T93: 0 | U93: 0 | V93: 0 | W93: 0 | X93: =SUM(E93:W93) -> 0
A94: B | B94: JUMLAH SUARA SAH PARTAI POLITIK DAN CALON (A1 + A2) | E94: =SUM(E90:E93) -> 0 | F94: =SUM(F90:F93) -> 0 | G94: =SUM(G90:G93) -> 0 | H94: =SUM(H90:H93) -> 0 | I94: =SUM(I90:I93) -> 0 | J94: =SUM(J90:J93) -> 2 | K94: =SUM(K90:K93) -> 0 | L94: =SUM(L90:L93) -> 0 | ... W94: =SUM(W90:W93) -> 4 | X94: =SUM(E94:W94) -> 11
X95: =SUM(E95:W95) -> 0
A96: A.1 | B96: 7. | C96: Partai Gelombang Rakyat Indonesia | E96: 0 | F96: 1 | G96: 0 | H96: 0 | I96: 0 | J96: 0 | K96: 1 | L96: 1 | M96: 0 | N96: 0 | O96: 0 | P96: 1 | Q96: 1 | R96: 1 | S96: 0 | T96: 1 | U96: 0 | V96: 0 | W96: 0 | X96: =SUM(E96:W96) -> 7
A97: A.2 | B97: 1 | C97: LUTFIYAH | E97: 0 | F97: 0 | G97: 0 | H97: 1 | I97: 1 | J97: 0 | K97: 1 | L97: 0 | M97: 0 | N97: 1 | O97: 0 | P97: 1 | Q97: 0 | R97: 0 | S97: 0 | T97: 0 | U97: 0 | V97: 0 | W97: 0 | X97: =SUM(E97:W97) -> 5
B98: 2 | C98: NURMANSYAH | E98: 0 | F98: 0 | G98: 0 | H98: 0 | I98: 1 | J98: 0 | K98: 1 | L98: 0 | M98: 0 | N98: 0 | O98: 0 | P98: 0 | Q98: 0 | R98: 0 | S98: 0 | T98: 0 | U98: 0 | V98: 0 | W98: 0 | X98: =SUM(E98:W98) -> 2
A99: B | B99: JUMLAH SUARA SAH PARTAI POLITIK DAN CALON (A1 + A2) | E99: =SUM(E96:E98) -> 0 | F99: =SUM(F96:F98) -> 1 | G99: =SUM(G96:G98) -> 0 | H99: =SUM(H96:H98) -> 1 | I99: =SUM(I96:I98) -> 2 | J99: =SUM(J96:J98) -> 0 | K99: =SUM(K96:K98) -> 3 | L99: =SUM(L96:L98) -> 1 | ... W99: =SUM(W96:W98) -> 0 | X99: =SUM(E99:W99) -> 14
X100: =SUM(E100:W100) -> 0
A101: A.1 | B101: 8. | C101: Partai Keadilan Sejahtera | E101: 1 | F101: 2 | G101: 0 | H101: 0 | I101: 0 | J101: 0 | K101: 0 | L101: 3 | M101: 0 | N101: 2 | O101: 0 | P101: 0 | Q101: 0 | R101: 0 | S101: 0 | T101: 0 | U101: 0 | V101: 0 | W101: 0 | X101: =SUM(E101:W101) -> 8
A102: A.2 | B102: 1 | C102: ANHARUDIN, S.PD.I. | E102: 4 | F102: 0 | G102: 3 | H102: 0 | I102: 0 | J102: 0 | K102: 0 | L102: 1 | M102: 1 | N102: 1 | O102: 0 | P102: 0 | Q102: 1 | R102: 0 | S102: 0 | T102: 0 | U102: 0 | V102: 1 | W102: 1 | X102: =SUM(E102:W102) -> 13
B103: 2 | C103: NASUKI SYAMSUL, S.H. | E103: 0 | F103: 0 | G103: 0 | H103: 0 | I103: 0 | J103: 0 | K103: 0 | L103: 0 | M103: 0 | N103: 0 | O103: 0 | P103: 0 | Q103: 0 | R103: 0 | S103: 0 | T103: 0 | U103: 0 | V103: 0 | W103: 0 | X103: =SUM(E103:W103) -> 0
B104: 3 | C104: LAILATUR ROSYIDAH | E104: 1 | F104: 0 | G104: 0 | H104: 0 | I104: 1 | J104: 2 | K104: 3 | L104: 0 | M104: 0 | N104: 0 | O104: 0 | P104: 0 | Q104: 0 | R104: 0 | S104: 0 | T104: 0 | U104: 0 | V104: 0 | W104: 0 | X104: =SUM(E104:W104) -> 7
B105: 4 | C105: ALI MANSUR, S.T. | E105: 0 | F105: 0 | G105: 0 | H105: 0 | I105: 1 | J105: 0 | K105: 0 | L105: 0 | M105: 0 | N105: 0 | O105: 0 | P105: 0 | Q105: 0 | R105: 1 | S105: 0 | T105: 0 | U105: 0 | V105: 0 | W105: 0 | X105: =SUM(E105:W105) -> 2
B106: 5 | C106: ALFIRA ROSALIANA | E106: 0 | F106: 0 | G106: 0 | H106: 0 | I106: 0 | J106: 0 | K106: 0 | L106: 0 | M106: 0 | N106: 0 | O106: 0 | P106: 0 | Q106: 0 | R106: 0 | S106: 0 | T106: 0 | U106: 0 | V106: 0 | W106: 0 | X106: =SUM(E106:W106) -> 0
B107: 6 | C107: WILDA GUSFIYANTI AZIZ, S.A. | E107: 0 | F107: 0 | G107: 0 | H107: 0 | I107: 0 | J107: 0 | K107: 0 | L107: 0 | M107: 0 | N107: 0 | O107: 0 | P107: 0 | Q107: 0 | R107: 0 | S107: 0 | T107: 0 | U107: 0 | V107: 0 | W107: 0 | X107: =SUM(E107:W107) -> 0
A108: B | B108: JUMLAH SUARA SAH PARTAI POLITIK DAN CALON (A1 + A2) | E108: =SUM(E101:E107) -> 6 | F108: =SUM(F101:F107) -> 2 | G108: =SUM(G101:G107) -> 3 | H108: =SUM(H101:H107) -> 0 | I108: =SUM(I101:I107) -> 2 | J108: =SUM(J101:J107) -> 2 | K108: =SUM(K101:K107) -> 3 | L108: =SUM(L101:L107) -> 4 | ... W108: =SUM(W101:W107) -> 1 | X108: =SUM(E108:W108) -> 30
X109: =SUM(E109:W109) -> 0
A110: A.1 | B110: 9. | C110: Partai Kebangkitan Nusantara | X110: =SUM(E110:W110) -> 0
B111: 1 | C111: NANANG HENDIK ROBBY A.S. | X111: =SUM(E111:W111) -> 0
...

Sheet YOSOMULYO
C2: Kecamatan | D2: GAMBIRAN
C3: Kabupaten | D3: BANYUWANGI
C4: Provinsi | D4: JAWA TIMUR
C9: Kelurahan | D9: YOSOMULYO
A12: I | B12: DATA PEMILIH DAN PENGGUNAAN HAK PILIH | AP12: JUMLAH AKHIR
A13: A | B13: DATA PEMILIH | E13: TPS 001 | F13: TPS 002 | G13: TPS 003 | H13: TPS 004 | I13: TPS 005 | J13: TPS 006 | K13: TPS 007 | L13: TPS 008 | M13: TPS 009 | N13: TPS 010 | O13: TPS 011 | P13: TPS 012 | Q13: TPS 013 | R13: TPS 014 | S13: TPS 015 | T13: TPS 016 | U13: TPS 017 | V13: TPS 018 | W13: TPS 019 | X13: TPS 020 | Y13: TPS 021 | Z13: TPS 022 | AA13: TPS 023 | AB13: TPS 024 | AC13: TPS 025 | AD13: TPS 026 | AE13: TPS 027 | AF13: TPS 028 | AG13: TPS 029 | AH13: TPS 030 | AI13: TPS 031 | AJ13: TPS 032 | AK13: TPS 033 | AL13: TPS 034 | AM13: TPS 035 | AN13: TPS 036 | AO13: TPS 037
B14: Jumlah Pemilih dalam Daftar Pemilih Tetap (DPT) | D14: LK | E14: 140 | F14: 142 | G14: 114 | H14: 129 | I14: 133 | J14: 103 | K14: 111 | L14: 97 | M14: 146 | N14: 140 | O14: 143 | P14: 89 | Q14: 139 | R14: 117 | S14: 137 | T14: 122 | U14: 123 | V14: 143 | W14: 142 | X14: 147 | Y14: 133 | Z14: 143 | AA14: 142 | AB14: 140 | AC14: 138 | AD14: 136 | AE14: 136 | AF14: 152 | AG14: 123 | AH14: 133 | AI14: 134 | AJ14: 143 | AK14: 135 | AL14: 127 | AM14: 143 | AN14: 119 | AO14: 124 | AP14: =SUM(E14:AO14) -> 4858
D15: PR | E15: 138 | F15: 140 | G15: 121 | H15: 126 | I15: 147 | J15: 118 | K15: 110 | L15: 103 | M15: 152 | N15: 153 | O15: 147 | P15: 113 | Q15: 137 | R15: 135 | S15: 134 | T15: 119 | U15: 133 | V15: 140 | W15: 138 | X15: 143 | Y15: 144 | Z15: 132 | AA15: 127 | AB15: 137 | AC15: 137 | AD15: 143 | AE15: 134 | AF15: 137 | AG15: 141 | AH15: 144 | AI15: 150 | AJ15: 143 | AK15: 132 | AL15: 117 | AM15: 154 | AN15: 129 | AO15: 121 | AP15: =SUM(E15:AO15) -> 4969
D16: JML | E16: =SUM(E14:E15) -> 278 | F16: =SUM(F14:F15) -> 282 | G16: =SUM(G14:G15) -> 235 | H16: =SUM(H14:H15) -> 255 | I16: =SUM(I14:I15) -> 280 | J16: =SUM(J14:J15) -> 221 | K16: =SUM(K14:K15) -> 221 | L16: =SUM(L14:L15) -> 200 | ... AO16: =SUM(AO14:AO15) -> 245 | AP16: =SUM(E16:AO16) -> 9827
A18: B | B18: PENGGUNA HAK PILIH
B19: 1. | C19: Jumlah pengguna hak pilih dalam Daftar Pemilih Tetap (DPT) | D19: LK | E19: 106 | F19: 100 | G19: 86 | H19: 104 | I19: 102 | J19: 79 | K19: 90 | L19: 74 | M19: 105 | N19: 109 | O19: 89 | P19: 75 | Q19: 107 | R19: 87 | S19: 110 | T19: 85 | U19: 91 | V19: 108 | W19: 95 | X19: 112 | Y19: 87 | Z19: 99 | AA19: 97 | AB19: 101 | AC19: 102 | AD19: 104 | AE19: 93 | AF19: 117 | AG19: 64 | AH19: 98 | AI19: 107 | AJ19: 113 | AK19: 105 | AL19: 89 | AM19: 103 | AN19: 98 | AO19: 104 | AP19: =SUM(E19:AO19) -> 3595
D20: PR | E20: 113 | F20: 107 | G20: 93 | H20: 104 | I20: 114 | J20: 94 | K20: 91 | L20: 83 | M20: 122 | N20: 121 | O20: 115 | P20: 101 | Q20: 113 | R20: 99 | S20: 102 | T20: 94 | U20: 95 | V20: 108 | W20: 109 | X20: 113 | Y20: 116 | Z20: 99 | AA20: 98 | AB20: 103 | AC20: 110 | AD20: 108 | AE20: 95 | AF20: 112 | AG20: 140 | AH20: 112 | AI20: 114 | AJ20: 117 | AK20: 92 | AL20: 92 | AM20: 107 | AN20: 106 | AO20: 104 | AP20: =SUM(E20:AO20) -> 3916
D21: JML | E21: =SUM(E19:E20) -> 219 | F21: =SUM(F19:F20) -> 207 | G21: =SUM(G19:G20) -> 179 | H21: =SUM(H19:H20) -> 208 | I21: =SUM(I19:I20) -> 216 | J21: =SUM(J19:J20) -> 173 | K21: =SUM(K19:K20) -> 181 | L21: =SUM(L19:L20) -> 157 | ... AO21: =SUM(AO19:AO20) -> 208 | AP21: =SUM(E21:AO21) -> 7511
B22: 2. | C22: Jumlah pengguna hak pilih dalam Daftar Pemilih Tambahan (DPTb) | D22: LK | E22: 0 | F22: 0 | G22: 0 | H22: 0 | I22: 0 | J22: 0 | K22: 0 | L22: 1 | M22: 0 | N22: 0 | O22: 0 | P22: 0 | Q22: 0 | R22: 0 | S22: 0 | T22: 0 | U22: 0 | V22: 0 | W22: 1 | X22: 0 | Y22: 0 | Z22: 0 | AA22: 0 | AB22: 0 | AC22: 0 | AD22: 0 | AE22: 0 | AF22: 0 | AG22: 0 | AH22: 0 | AP22: =SUM(E22:AO22) -> 2
D23: PR | E23: 0 | F23: 0 | G23: 0 | H23: 0 | I23: 0 | J23: 0 | K23: 0 | L23: 0 | M23: 0 | N23: 0 | O23: 0 | P23: 0 | Q23: 0 | R23: 0 | S23: 0 | T23: 0 | U23: 0 | V23: 0 | W23: 0 | X23: 0 | Y23: 0 | Z23: 0 | AA23: 0 | AB23: 0 | AC23: 0 | AD23: 0 | AE23: 0 | AF23: 0 | AG23: 0 | AH23: 0 | AP23: =SUM(E23:AO23) -> 0
D24: JML | E24: =SUM(E22:E23) -> 0 | F24: =SUM(F22:F23) -> 0 | G24: =SUM(G22:G23) -> 0 | H24: =SUM(H22:H23) -> 0 | I24: =SUM(I22:I23) -> 0 | J24: =SUM(J22:J23) -> 0 | K24: =SUM(K22:K23) -> 0 | L24: =SUM(L22:L23) -> 1 | ... AO24: =SUM(AO22:AO23) -> 0 | AP24: =SUM(E24:AO24) -> 2
B25: 3. | C25: Jumlah pengguna hak pilih dalam Daftar Pemilih Khusus (DPK) | D25: LK | E25: 0 | F25: 0 | G25: 0 | H25: 2 | I25: 1 | J25: 1 | K25: 0 | L25: 1 | M25: 1 | N25: 1 | O25: 1 | P25: 0 | Q25: 1 | R25: 0 | S25: 0 | T25: 1 | U25: 0 | V25: 3 | W25: 0 | X25: 1 | Y25: 0 | Z25: 1 | AA25: 5 | AB25: 2 | AC25: 0 | AD25: 1 | AE25: 1 | AF25: 0 | AG25: 0 | AH25: 1 | AI25: 0 | AJ25: 2 | AK25: 0 | AL25: 0 | AM25: 0 | AN25: 0 | AO25: 0 | AP25: =SUM(E25:AO25) -> 27
D26: PR | E26: 0 | F26: 0 | G26: 0 | H26: 0 | I26: 1 | J26: 0 | K26: 0 | L26: 0 | M26: 2 | N26: 3 | O26: 0 | P26: 0 | Q26: 1 | R26: 0 | S26: 2 | T26: 2 | U26: 0 | V26: 0 | W26: 1 | X26: 0 | Y26: 0 | Z26: 1 | AA26: 1 | AB26: 3 | AC26: 0 | AD26: 1 | AE26: 0 | AF26: 0 | AG26: 0 | AH26: 0 | AI26: 0 | AJ26: 1 | AK26: 1 | AL26: 0 | AM26: 3 | AN26: 0 | AO26: 0 | AP26: =SUM(E26:AO26) -> 23
D27: JML | E27: =SUM(E25:E26) -> 0 | F27: =SUM(F25:F26) -> 0 | G27: =SUM(G25:G26) -> 0 | H27: =SUM(H25:H26) -> 2 | I27: =SUM(I25:I26) -> 2 | J27: =SUM(J25:J26) -> 1 | K27: =SUM(K25:K26) -> 0 | L27: =SUM(L25:L26) -> 1 | ... AO27: =SUM(AO25:AO26) -> 0 | AP27: =SUM(E27:AO27) -> 50
B28: 4. | C28: Jumlah Pengguna Hak Pilih (B.1+B.2+B.3) | D28: LK | E28: =SUM(E19,E22,E25) -> 106 | F28: =SUM(F19,F22,F25) -> 100 | G28: =SUM(G19,G22,G25) -> 86 | H28: =SUM(H19,H22,H25) -> 106 | I28: =SUM(I19,I22,I25) -> 103 | J28: =SUM(J19,J22,J25) -> 80 | K28: =SUM(K19,K22,K25) -> 90 | L28: =SUM(L19,L22,L25) -> 76 | ... AO28: =SUM(AO19,AO22,AO25) -> 104 | AP28: =SUM(E28:AO28) -> 3624
D29: PR | E29: =SUM(E20,E23,E26) -> 113 | F29: =SUM(F20,F23,F26) -> 107 | G29: =SUM(G20,G23,G26) -> 93 | H29: =SUM(H20,H23,H26) -> 104 | I29: =SUM(I20,I23,I26) -> 115 | J29: =SUM(J20,J23,J26) -> 94 | K29: =SUM(K20,K23,K26) -> 91 | L29: =SUM(L20,L23,L26) -> 83 | ... AO29: =SUM(AO20,AO23,AO26) -> 104 | AP29: =SUM(E29:AO29) -> 3939
D30: JML | E30: =SUM(E28:E29) -> 219 | F30: =SUM(F28:F29) -> 207 | G30: =SUM(G28:G29) -> 179 | H30: =SUM(H28:H29) -> 210 | I30: =SUM(I28:I29) -> 218 | J30: =SUM(J28:J29) -> 174 | K30: =SUM(K28:K29) -> 181 | L30: =SUM(L28:L29) -> 159 | ... AO30: =SUM(AO28:AO29) -> 208 | AP30: =SUM(E30:AO30) -> 7563
A32: II | B32: DATA PENGGUNAAN SURAT SUARA
A33: 1 | B33: Jumlah surat suara yang diterima, termasuk surat suara cadangan 2,5% dari DPT | E33: 282 | F33: 288 | G33: 240 | H33: 261 | I33: 286 | J33: 226 | K33: 226 | L33: 202 | M33: 306 | N33: 300 | O33: 296 | P33: 207 | Q33: 282 | R33: 258 | S33: 277 | T33: 246 | U33: 262 | V33: 291 | W33: 286 | X33: 296 | Y33: 283 | Z33: 281 | AA33: 285 | AB33: 284 | AC33: 281 | AD33: 286 | AE33: 276 | AF33: 293 | AG33: 270 | AH33: 283 | AI33: 289 | AJ33: 293 | AK33: 273 | AL33: 249 | AM33: 304 | AN33: 253 | AO33: 250 | AP33: =SUM(E33:AO33) -> 10051
A34: 2 | B34: Jumlah surat suara yang digunakan | E34: 219 | F34: 207 | G34: 179 | H34: 210 | I34: 218 | J34: 174 | K34: 181 | L34: 159 | M34: 230 | N34: 234 | O34: 205 | P34: 176 | Q34: 222 | R34: 186 | S34: 214 | T34: 182 | U34: 186 | V34: 219 | W34: 206 | X34: 226 | Y34: 203 | Z34: 200 | AA34: 201 | AB34: 209 | AC34: 212 | AD34: 214 | AE34: 189 | AF34: 229 | AG34: 204 | AH34: 211 | AI34: 221 | AJ34: 233 | AK34: 198 | AL34: 181 | AM34: 213 | AN34: 204 | AO34: 208 | AP34: =SUM(E34:AO34) -> 7563
A35: 3 | B35: Jumlah surat suara dikembalikan oleh pemilih (karena rusak atau keliru coblos) | E35: 0 | F35: 1 | G35: 0 | H35: 0 | I35: 0 | J35: 0 | K35: 0 | L35: 0 | M35: 0 | N35: 0 | O35: 1 | P35: 0 | Q35: 0 | R35: 1 | S35: 2 | T35: 0 | U35: 2 | V35: 0 | W35: 1 | X35: 0 | Y35: 0 | Z35: 3 | AA35: 0 | AB35: 0 | AC35: 0 | AD35: 0 | AE35: 0 | AF35: 0 | AG35: 1 | AH35: 0 | AI35: 0 | AJ35: 1 | AK35: 0 | AL35: 0 | AM35: 0 | AN35: 0 | AO35: 0 | AP35: =SUM(E35:AO35) -> 13
A36: 4 | B36: Jumlah surat suara yang tidak digunakan/tidak terpakai, termasuk sisa surat suara cadangan | E36: =E33-(E34+E35) -> 63 | F36: =F33-(F34+F35) -> 80 | G36: =G33-(G34+G35) -> 61 | H36: =H33-(H34+H35) -> 51 | I36: =I33-(I34+I35) -> 68 | J36: =J33-(J34+J35) -> 52 | K36: =K33-(K34+K35) -> 45 | L36: =L33-(L34+L35) -> 43 | ... AO36: =AO33-(AO34+AO35) -> 42 | AP36: =SUM(E36:AO36) -> 2475
A38: III | B38: DATA PEMILIH DISABILITAS
B39: Jumlah seluruh Pemilih disabilitas yang menggunakan hak pilih | D39: LK | E39: 0 | F39: 0 | G39: 0 | H39: 0 | I39: 0 | J39: 0 | K39: 1 | L39: 0 | M39: 0 | N39: 0 | O39: 0 | P39: 0 | Q39: 0 | R39: 0 | S39: 0 | T39: 0 | U39: 0 | V39: 0 | W39: 0 | X39: 0 | Y39: 0 | Z39: 0 | AA39: 1 | AB39: 0 | AC39: 0 | AD39: 0 | AE39: 0 | AF39: 0 | AG39: 0 | AH39: 0 | AI39: 0 | AJ39: 0 | AK39: 1 | AL39: 0 | AM39: 0 | AN39: 0 | AO39: 0 | AP39: =SUM(E39:AO39) -> 3
D40: PR | E40: 0 | F40: 0 | G40: 0 | H40: 0 | I40: 0 | J40: 0 | K40: 0 | L40: 0 | M40: 0 | N40: 0 | O40: 0 | P40: 0 | Q40: 0 | R40: 0 | S40: 0 | T40: 0 | U40: 0 | V40: 0 | W40: 0 | X40: 0 | Y40: 0 | Z40: 0 | AA40: 0 | AB40: 0 | AC40: 0 | AD40: 1 | AE40: 0 | AF40: 0 | AG40: 0 | AH40: 0 | AI40: 0 | AJ40: 0 | AK40: 0 | AL40: 0 | AM40: 0 | AN40: 0 | AO40: 0 | AP40: =SUM(E40:AO40) -> 1
D41: JML | E41: =SUM(E39:E40) -> 0 | F41: =SUM(F39:F40) -> 0 | G41: =SUM(G39:G40) -> 0 | H41: =SUM(H39:H40) -> 0 | I41: =SUM(I39:I40) -> 0 | J41: =SUM(J39:J40) -> 0 | K41: =SUM(K39:K40) -> 1 | L41: =SUM(L39:L40) -> 0 | ... AO41: =SUM(AO39:AO40) -> 0 | AP41: =SUM(E41:AO41) -> 4
A43: IV | B43: DATA RINCIAN PEROLEHAN SUARA PASANGAN CALON BUPATI DAN WAKIL BUPATI
A44: NOMOR DAN NAMA CALON
A45: A.1 | B45: 1. | C45: Partai Kebangkitan Bangsa | E45: 7 | F45: 3 | G45: 7 | H45: 2 | I45: 13 | J45: 6 | K45: 3 | L45: 8 | M45: 2 | N45: 2 | O45: 2 | P45: 5 | Q45: 1 | R45: 5 | S45: 1 | T45: 0 | U45: 2 | V45: 1 | W45: 3 | X45: 8 | Y45: 4 | Z45: 5 | AA45: 5 | AB45: 7 | AC45: 6 | AD45: 8 | AE45: 6 | AF45: 2 | AG45: 2 | AH45: 0 | AI45: 6 | AJ45: 4 | AK45: 1 | AL45: 5 | AM45: 6 | AN45: 4 | AO45: 7 | AP45: =SUM(E45:AO45) -> 159
A46: A.2 | B46: 1 | C46: KH. MUHAMMAD RIZA AZIZY, M.IEB. | E46: 4 | F46: 3 | G46: 1 | H46: 4 | I46: 8 | J46: 3 | K46: 0 | L46: 5 | M46: 2 | N46: 10 | O46: 7 | P46: 5 | Q46: 2 | R46: 2 | S46: 5 | T46: 1 | U46: 2 | V46: 1 | W46: 3 | X46: 2 | Y46: 10 | Z46: 6 | AA46: 1 | AB46: 2 | AC46: 6 | AD46: 4 | AE46: 0 | AF46: 6 | AG46: 1 | AH46: 0 | AI46: 1 | AJ46: 0 | AK46: 0 | AL46: 1 | AM46: 2 | AN46: 0 | AO46: 2 | AP46: =SUM(E46:AO46) -> 112
B47: 2 | C47: INAYANTI KUSUMASARI, S.E. | E47: 9 | F47: 20 | G47: 4 | H47: 14 | I47: 6 | J47: 1 | K47: 1 | L47: 1 | M47: 1 | N47: 0 | O47: 0 | P47: 0 | Q47: 1 | R47: 0 | S47: 0 | T47: 4 | U47: 1 | V47: 0 | W47: 15 | X47: 2 | Y47: 6 | Z47: 9 | AA47: 20 | AB47: 13 | AC47: 25 | AD47: 23 | AE47: 21 | AF47: 0 | AG47: 1 | AH47: 1 | AI47: 8 | AJ47: 0 | AK47: 1 | AL47: 4 | AM47: 4 | AN47: 8 | AO47: 1 | AP47: =SUM(E47:AO47) -> 225
B48: 3 | C48: TOPAN HADI SUCIPTO, S.H. | E48: 4 | F48: 1 | G48: 0 | H48: 5 | I48: 3 | J48: 3 | K48: 7 | L48: 8 | M48: 0 | N48: 1 | O48: 1 | P48: 2 | Q48: 2 | R48: 1 | S48: 1 | T48: 2 | U48: 1 | V48: 0 | W48: 0 | X48: 3 | Y48: 1 | Z48: 2 | AA48: 1 | AB48: 2 | AC48: 0 | AD48: 2 | AE48: 2 | AF48: 8 | AG48: 25 | AH48: 0 | AI48: 13 | AJ48: 1 | AK48: 6 | AL48: 20 | AM48: 4 | AN48: 4 | AO48: 1 | AP48: =SUM(E48:AO48) -> 137
B49: 4 | C49: HAULA KARIMA AKBAR, S.PD. | E49: 0 | F49: 0 | G49: 2 | H49: 0 | I49: 0 | J49: 0 | K49: 0 | L49: 0 | M49: 0 | N49: 1 | O49: 0 | P49: 0 | Q49: 0 | R49: 0 | S49: 0 | T49: 0 | U49: 0 | V49: 0 | W49: 0 | X49: 0 | Y49: 0 | Z49: 0 | AA49: 0 | AB49: 1 | AC49: 0 | AD49: 0 | AE49: 0 | AF49: 0 | AG49: 0 | AH49: 0 | AI49: 0 | AJ49: 0 | AK49: 0 | AL49: 0 | AM49: 0 | AN49: 0 | AO49: 1 | AP49: =SUM(E49:AO49) -> 5
B50: 5 | C50: SUGENG HARYONO | E50: 0 | F50: 0 | G50: 0 | H50: 0 | I50: 0 | J50: 0 | K50: 0 | L50: 0 | M50: 0 | N50: 0 | O50: 1 | P50: 1 | Q50: 0 | R50: 0 | S50: 0 | T50: 0 | U50: 1 | V50: 0 | W50: 0 | X50: 0 | Y50: 0 | Z50: 0 | AA50: 0 | AB50: 0 | AC50: 0 | AD50: 0 | AE50: 0 | AF50: 0 | AG50: 0 | AH50: 0 | AI50: 0 | AJ50: 0 | AK50: 0 | AL50: 1 | AM50: 0 | AN50: 0 | AO50: 0 | AP50: =SUM(E50:AO50) -> 4
B51: 6 | C51: MOH. RIYADUS SHOLIHIN, A.MD. | E51: 2 | F51: 0 | G51: 3 | H51: 7 | I51: 3 | J51: 11 | K51: 8 | L51: 16 | M51: 1 | N51: 4 | O51: 18 | P51: 4 | Q51: 0 | R51: 2 | S51: 2 | T51: 0 | U51: 1 | V51: 6 | W51: 4 | X51: 52 | Y51: 6 | Z51: 9 | AA51: 11 | AB51: 2 | AC51: 12 | AD51: 1 | AE51: 4 | AF51: 6 | AG51: 4 | AH51: 1 | AI51: 0 | AJ51: 0 | AK51: 29 | AL51: 3 | AM51: 4 | AN51: 2 | AO51: 2 | AP51: =SUM(E51:AO51) -> 240
A52: B | B52: JUMLAH SUARA SAH PARTAI POLITIK DAN CALON (A1 + A2) | E52: =SUM(E45:E51) -> 26 | F52: =SUM(F45:F51) -> 27 | G52: =SUM(G45:G51) -> 17 | H52: =SUM(H45:H51) -> 32 | I52: =SUM(I45:I51) -> 33 | J52: =SUM(J45:J51) -> 24 | K52: =SUM(K45:K51) -> 19 | L52: =SUM(L45:L51) -> 38 | ... AO52: =SUM(AO45:AO51) -> 14 | AP52: =SUM(E52:AO52) -> 882
AP53: =SUM(E53:AO53) -> 0
A54: A.1 | B54: 2. | C54: Partai Gerakan Indonesia Raya | E54: 12 | F54: 5 | G54: 6 | H54: 9 | I54: 7 | J54: 4 | K54: 6 | L54: 7 | M54: 3 | N54: 5 | O54: 13 | P54: 3 | Q54: 7 | R54: 5 | S54: 4 | T54: 8 | U54: 4 | V54: 5 | W54: 7 | X54: 4 | Y54: 6 | Z54: 8 | AA54: 9 | AB54: 4 | AC54: 5 | AD54: 8 | AE54: 10 | AF54: 5 | AG54: 7 | AH54: 0 | AI54: 4 | AJ54: 6 | AK54: 6 | AL54: 4 | AM54: 6 | AN54: 5 | AO54: 5 | AP54: =SUM(E54:AO54) -> 222
A55: A.2 | B55: 1 | C55: AGUNG SUBASTIAN | E55: 2 | F55: 1 | G55: 3 | H55: 4 | I55: 3 | J55: 1 | K55: 1 | L55: 4 | M55: 3 | N55: 4 | O55: 4 | P55: 6 | Q55: 6 | R55: 2 | S55: 0 | T55: 2 | U55: 2 | V55: 2 | W55: 45 | X55: 3 | Y55: 3 | Z55: 4 | AA55: 9 | AB55: 2 | AC55: 17 | AD55: 10 | AE55: 8 | AF55: 5 | AG55: 7 | AH55: 0 | AI55: 1 | AJ55: 0 | AK55: 6 | AL55: 3 | AM55: 2 | AN55: 2 | AO55: 0 | AP55: =SUM(E55:AO55) -> 177
B56: 2 | C56: ABDUL HAMID | E56: 2 | F56: 1 | G56: 3 | H56: 0 | I56: 1 | J56: 0 | K56: 2 | L56: 0 | M56: 1 | N56: 3 | O56: 4 | P56: 0 | Q56: 0 | R56: 1 | S56: 2 | T56: 1 | U56: 0 | V56: 2 | W56: 0 | X56: 1 | Y56: 0 | Z56: 1 | AA56: 3 | AB56: 3 | AC56: 3 | AD56: 0 | AE56: 1 | AF56: 1 | AG56: 3 | AH56: 0 | AI56: 0 | AJ56: 0 | AK56: 2 | AL56: 1 | AM56: 3 | AN56: 0 | AO56: 0 | AP56: =SUM(E56:AO56) -> 45
B57: 3 | C57: NUR ALVI NAZIMAH | E57: 1 | F57: 0 | G57: 0 | H57: 0 | I57: 0 | J57: 2 | K57: 0 | L57: 0 | M57: 1 | N57: 1 | O57: 3 | P57: 0 | Q57: 0 | R57: 1 | S57: 0 | T57: 1 | U57: 0 | V57: 1 | W57: 3 | X57: 1 | Y57: 0 | Z57: 0 | AA57: 1 | AB57: 0 | AC57: 2 | AD57: 4 | AE57: 1 | AF57: 1 | AG57: 0 | AH57: 0 | AI57: 0 | AJ57: 2 | AK57: 1 | AL57: 2 | AM57: 0 | AN57: 0 | AO57: 0 | AP57: =SUM(E57:AO57) -> 29
B58: 4 | C58: EMI WIJAYANTI | E58: 1 | F58: 3 | G58: 2 | H58: 1 | I58: 0 | J58: 3 | K58: 1 | L58: 3 | M58: 2 | N58: 1 | O58: 4 | P58: 0 | Q58: 4 | R58: 0 | S58: 0 | T58: 0 | U58: 2 | V58: 2 | W58: 0 | X58: 1 | Y58: 0 | Z58: 0 | AA58: 0 | AB58: 2 | AC58: 1 | AD58: 0 | AE58: 2 | AF58: 0 | AG58: 0 | AH58: 3 | AI58: 0 | AJ58: 0 | AK58: 1 | AL58: 4 | AM58: 2 | AN58: 0 | AO58: 1 | AP58: =SUM(E58:AO58) -> 46
B59: 5 | C59: MUHAMAD ALFAN SAIFUDIN | E59: 1 | F59: 1 | G59: 2 | H59: 0 | I59: 0 | J59: 0 | K59: 1 | L59: 2 | M59: 0 | N59: 1 | O59: 0 | P59: 0 | Q59: 1 | R59: 1 | S59: 0 | T59: 1 | U59: 0 | V59: 0 | W59: 1 | X59: 1 | Y59: 0 | Z59: 2 | AA59: 0 | AB59: 0 | AC59: 1 | AD59: 1 | AE59: 1 | AF59: 0 | AG59: 0 | AH59: 0 | AI59: 0 | AJ59: 0 | AK59: 0 | AL59: 0 | AM59: 1 | AN59: 0 | AO59: 0 | AP59: =SUM(E59:AO59) -> 19
B60: 6 | C60: BAYU PUTRA PAMUNGKAS | E60: 3 | F60: 0 | G60: 0 | H60: 0 | I60: 1 | J60: 0 | K60: 0 | L60: 0 | M60: 0 | N60: 1 | O60: 1 | P60: 0 | Q60: 1 | R60: 0 | S60: 0 | T60: 0 | U60: 0 | V60: 1 | W60: 0 | X60: 2 | Y60: 0 | Z60: 0 | AA60: 1 | AB60: 0 | AC60: 0 | AD60: 0 | AE60: 0 | AF60: 0 | AG60: 0 | AH60: 0 | AI60: 0 | AJ60: 0 | AK60: 1 | AL60: 2 | AM60: 1 | AN60: 0 | AO60: 0 | AP60: =SUM(E60:AO60) -> 15
A61: B | B61: JUMLAH SUARA SAH PARTAI POLITIK DAN CALON (A1 + A2) | E61: =SUM(E54:E60) -> 22 | F61: =SUM(F54:F60) -> 11 | G61: =SUM(G54:G60) -> 16 | H61: =SUM(H54:H60) -> 14 | I61: =SUM(I54:I60) -> 12 | J61: =SUM(J54:J60) -> 10 | K61: =SUM(K54:K60) -> 11 | L61: =SUM(L54:L60) -> 16 | ... AO61: =SUM(AO54:AO60) -> 6 | AP61: =SUM(E61:AO61) -> 553
AP62: =SUM(E62:AO62) -> 0
A63: A.1 | B63: 3. | C63: Partai Demokrasi Indonesia Perjuangan | E63: 11 | F63: 6 | G63: 6 | H63: 12 | I63: 11 | J63: 2 | K63: 3 | L63: 10 | M63: 25 | N63: 19 | O63: 15 | P63: 10 | Q63: 4 | R63: 10 | S63: 8 | T63: 8 | U63: 14 | V63: 14 | W63: 2 | X63: 11 | Y63: 6 | Z63: 11 | AA63: 11 | AB63: 11 | AC63: 2 | AD63: 18 | AE63: 9 | AF63: 20 | AG63: 28 | AH63: 3 | AI63: 7 | AJ63: 2 | AK63: 6 | AL63: 13 | AM63: 20 | AN63: 16 | AO63: 12 | AP63: =SUM(E63:AO63) -> 396
A64: A.2 | B64: 1 | C64: IR. YAYUK BANAR SRI PANGAYOM | E64: 25 | F64: 23 | G64: 7 | H64: 9 | I64: 5 | J64: 5 | K64: 4 | L64: 5 | M64: 36 | N64: 59 | O64: 6 | P64: 9 | Q64: 27 | R64: 8 | S64: 11 | T64: 12 | U64: 86 | V64: 5 | W64: 1 | X64: 8 | Y64: 16 | Z64: 10 | AA64: 7 | AB64: 28 | AC64: 9 | AD64: 10 | AE64: 27 | AF64: 105 | AG64: 70 | AH64: 3 | AI64: 6 | AJ64: 1 | AK64: 26 | AL64: 28 | AM64: 57 | AN64: 69 | AO64: 52 | AP64: =SUM(E64:AO64) -> 875
B65: 2 | C65: DR. ANA ANIATI | E65: 53 | F65: 13 | G65: 19 | H65: 13 | I65: 22 | J65: 17 | K65: 42 | L65: 44 | M65: 7 | N65: 17 | O65: 9 | P65: 3 | Q65: 7 | R65: 4 | S65: 8 | T65: 46 | U65: 2 | V65: 6 | W65: 15 | X65: 4 | Y65: 8 | Z65: 30 | AA65: 27 | AB65: 5 | AC65: 4 | AD65: 8 | AE65: 10 | AF65: 2 | AG65: 2 | AH65: 4 | AI65: 8 | AJ65: 116 | AK65: 16 | AL65: 9 | AM65: 17 | AN65: 7 | AO65: 50 | AP65: =SUM(E65:AO65) -> 674
B66: 3 | C66: HADI WIDODO, S.P. | E66: 1 | F66: 5 | G66: 35 | H66: 68 | I66: 89 | J66: 0 | K66: 0 | L66: 0 | M66: 5 | N66: 2 | O66: 2 | P66: 1 | Q66: 2 | R66: 1 | S66: 1 | T66: 1 | U66: 2 | V66: 9 | W66: 6 | X66: 5 | Y66: 0 | Z66: 2 | AA66: 1 | AB66: 2 | AC66: 1 | AD66: 1 | AE66: 3 | AF66: 0 | AG66: 2 | AH66: 0 | AI66: 1 | AJ66: 1 | AK66: 44 | AL66: 6 | AM66: 0 | AN66: 3 | AO66: 0 | AP66: =SUM(E66:AO66) -> 302
B67: 4 | C67: ANDIKO PUTRA MAHATTA | E67: 0 | F67: 0 | G67: 0 | H67: 0 | I67: 1 | J67: 0 | K67: 0 | L67: 0 | M67: 42 | N67: 8 | O67: 3 | P67: 1 | Q67: 2 | R67: 3 | S67: 0 | T67: 0 | U67: 4 | V67: 0 | W67: 8 | X67: 4 | Y67: 2 | Z67: 0 | AA67: 2 | AB67: 2 | AC67: 1 | AD67: 8 | AE67: 0 | AF67: 3 | AG67: 0 | AH67: 0 | AI67: 0 | AJ67: 0 | AK67: 2 | AL67: 4 | AM67: 5 | AN67: 0 | AO67: 6 | AP67: =SUM(E67:AO67) -> 111
B68: 5 | C68: YUNI APRILIA | E68: 1 | F68: 0 | G68: 0 | H68: 0 | I68: 0 | J68: 0 | K68: 0 | L68: 0 | M68: 0 | N68: 0 | O68: 0 | P68: 0 | Q68: 0 | R68: 0 | S68: 1 | T68: 0 | U68: 1 | V68: 0 | W68: 0 | X68: 0 | Y68: 0 | Z68: 0 | AA68: 0 | AB68: 0 | AC68: 0 | AD68: 0 | AE68: 0 | AF68: 1 | AG68: 2 | AH68: 1 | AI68: 0 | AJ68: 0 | AK68: 0 | AL68: 0 | AM68: 1 | AN68: 1 | AO68: 1 | AP68: =SUM(E68:AO68) -> 10
B69: 6 | C69: IKE PREDITA FIKTARYANA | E69: 0 | F69: 0 | G69: 0 | H69: 0 | I69: 0 | J69: 1 | K69: 1 | L69: 0 | M69: 2 | N69: 11 | O69: 5 | P69: 0 | Q69: 0 | R69: 1 | S69: 2 | T69: 0 | U69: 4 | V69: 21 | W69: 1 | X69: 0 | Y69: 0 | Z69: 1 | AA69: 3 | AB69: 0 | AC69: 1 | AD69: 1 | AE69: 0 | AF69: 7 | AG69: 1 | AH69: 0 | AI69: 1 | AJ69: 1 | AK69: 1 | AL69: 0 | AM69: 0 | AN69: 0 | AO69: 0 | AP69: =SUM(E69:AO69) -> 66
A70: B | B70: JUMLAH SUARA SAH PARTAI POLITIK DAN CALON (A1 + A2) | E70: =SUM(E63:E69) -> 91 | F70: =SUM(F63:F69) -> 47 | G70: =SUM(G63:G69) -> 67 | H70: =SUM(H63:H69) -> 102 | I70: =SUM(I63:I69) -> 128 | J70: =SUM(J63:J69) -> 25 | K70: =SUM(K63:K69) -> 50 | L70: =SUM(L63:L69) -> 59 | ... AO70: =SUM(AO63:AO69) -> 121 | AP70: =SUM(E70:AO70) -> 2434
AP71: =SUM(E71:AO71) -> 0
A72: A.1 | B72: 4. | C72: Partai Golongan Karya | E72: 3 | F72: 4 | G72: 8 | H72: 4 | I72: 1 | J72: 3 | K72: 1 | L72: 1 | M72: 5 | N72: 2 | O72: 3 | P72: 7 | Q72: 1 | R72: 1 | S72: 3 | T72: 2 | U72: 1 | V72: 1 | W72: 2 | X72: 1 | Y72: 1 | Z72: 1 | AA72: 3 | AB72: 2 | AC72: 9 | AD72: 3 | AE72: 0 | AF72: 0 | AG72: 3 | AH72: 5 | AI72: 4 | AJ72: 2 | AK72: 3 | AL72: 10 | AM72: 8 | AN72: 9 | AO72: 1 | AP72: =SUM(E72:AO72) -> 118
A73: A.2 | B73: 1 | C73: SOFIANDI SUSIADI, A.MD. | E73: 15 | F73: 14 | G73: 34 | H73: 23 | I73: 7 | J73: 10 | K73: 5 | L73: 9 | M73: 1 | N73: 0 | O73: 0 | P73: 8 | Q73: 1 | R73: 1 | S73: 2 | T73: 0 | U73: 1 | V73: 8 | W73: 5 | X73: 4 | Y73: 3 | Z73: 0 | AA73: 3 | AB73: 2 | AC73: 5 | AD73: 8 | AE73: 3 | AF73: 3 | AG73: 8 | AH73: 36 | AI73: 21 | AJ73: 18 | AK73: 4 | AL73: 5 | AM73: 7 | AN73: 1 | AO73: 1 | AP73: =SUM(E73:AO73) -> 276
B74: 2 | C74: SUHAERI, S.PD. | E74: 1 | F74: 1 | G74: 0 | H74: 1 | I74: 1 | J74: 1 | K74: 0 | L74: 0 | M74: 2 | N74: 0 | O74: 2 | P74: 1 | Q74: 0 | R74: 0 | S74: 0 | T74: 0 | U74: 0 | V74: 0 | W74: 0 | X74: 2 | Y74: 0 | Z74: 0 | AA74: 1 | AB74: 0 | AC74: 0 | AD74: 0 | AE74: 0 | AF74: 0 | AG74: 0 | AH74: 0 | AI74: 1 | AJ74: 0 | AK74: 0 | AL74: 0 | AM74: 2 | AN74: 0 | AO74: 0 | AP74: =SUM(E74:AO74) -> 16
B75: 3 | C75: SITI MAHMUDAH, S.SOS. | E75: 1 | F75: 1 | G75: 1 | H75: 0 | I75: 3 | J75: 0 | K75: 0 | L75: 0 | M75: 0 | N75: 1 | O75: 0 | P75: 0 | Q75: 0 | R75: 0 | S75: 0 | T75: 0 | U75: 0 | V75: 0 | W75: 0 | X75: 2 | Y75: 0 | Z75: 0 | AA75: 0 | AB75: 0 | AC75: 0 | AD75: 2 | AE75: 1 | AF75: 0 | AG75: 0 | AH75: 1 | AI75: 0 | AJ75: 1 | AK75: 1 | AL75: 0 | AM75: 0 | AN75: 0 | AO75: 0 | AP75: =SUM(E75:AO75) -> 15
B76: 4 | C76: HENI KOMISATUN | E76: 0 | F76: 0 | G76: 0 | H76: 0 | I76: 3 | J76: 0 | K76: 1 | L76: 0 | M76: 2 | N76: 0 | O76: 0 | P76: 0 | Q76: 0 | R76: 0 | S76: 1 | T76: 0 | U76: 0 | V76: 0 | W76: 0 | X76: 0 | Y76: 0 | Z76: 0 | AA76: 0 | AB76: 0 | AC76: 1 | AD76: 0 | AE76: 0 | AF76: 0 | AG76: 0 | AH76: 0 | AI76: 0 | AJ76: 1 | AK76: 1 | AL76: 0 | AM76: 0 | AN76: 0 | AO76: 0 | AP76: =SUM(E76:AO76) -> 10
B77: 5 | C77: KUSYONO | E77: 0 | F77: 0 | G77: 5 | H77: 2 | I77: 0 | J77: 0 | K77: 2 | L77: 0 | M77: 6 | N77: 2 | O77: 2 | P77: 34 | Q77: 1 | R77: 4 | S77: 0 | T77: 1 | U77: 7 | V77: 9 | W77: 1 | X77: 5 | Y77: 5 | Z77: 2 | AA77: 13 | AB77: 1 | AC77: 3 | AD77: 12 | AE77: 0 | AF77: 1 | AG77: 0 | AH77: 1 | AI77: 12 | AJ77: 1 | AK77: 10 | AL77: 4 | AM77: 1 | AN77: 15 | AO77: 2 | AP77: =SUM(E77:AO77) -> 164
B78: 6 | C78: SUROSO | E78: 0 | F78: 0 | G78: 0 | H78: 2 | I78: 0 | J78: 0 | K78: 0 | L78: 0 | M78: 0 | N78: 0 | O78: 0 | P78: 0 | Q78: 0 | R78: 0 | S78: 0 | T78: 0 | U78: 0 | V78: 0 | W78: 0 | X78: 0 | Y78: 0 | Z78: 0 | AA78: 0 | AB78: 0 | AC78: 0 | AD78: 0 | AE78: 0 | AF78: 0 | AG78: 0 | AH78: 0 | AI78: 0 | AJ78: 1 | AK78: 0 | AL78: 0 | AM78: 0 | AN78: 0 | AO78: 0 | AP78: =SUM(E78:AO78) -> 3
A79: B | B79: JUMLAH SUARA SAH PARTAI POLITIK DAN CALON (A1 + A2) | E79: =SUM(E72:E78) -> 20 | F79: =SUM(F72:F78) -> 20 | G79: =SUM(G72:G78) -> 48 | H79: =SUM(H72:H78) -> 32 | I79: =SUM(I72:I78) -> 15 | J79: =SUM(J72:J78) -> 14 | K79: =SUM(K72:K78) -> 9 | L79: =SUM(L72:L78) -> 10 | ... AO79: =SUM(AO72:AO78) -> 4 | AP79: =SUM(E79:AO79) -> 602
AP80: =SUM(E80:AO80) -> 0
A81: A.1 | B81: 5. | C81: Partai NasDem | E81: 1 | F81: 2 | G81: 1 | H81: 0 | I81: 1 | J81: 0 | K81: 1 | L81: 2 | M81: 2 | N81: 1 | O81: 1 | P81: 0 | Q81: 0 | R81: 0 | S81: 2 | T81: 0 | U81: 0 | V81: 0 | W81: 0 | X81: 1 | Y81: 1 | Z81: 0 | AA81: 1 | AB81: 2 | AC81: 0 | AD81: 0 | AE81: 4 | AF81: 1 | AG81: 1 | AH81: 0 | AI81: 0 | AJ81: 0 | AK81: 0 | AL81: 3 | AM81: 0 | AN81: 0 | AO81: 0 | AP81: =SUM(E81:AO81) -> 28
A82: A.2 | B82: 1 | C82: ABU SUFYAN, S.E., S.T., M.SI., M.ARS. | E82: 6 | F82: 5 | G82: 0 | H82: 1 | I82: 1 | J82: 0 | K82: 0 | L82: 0 | M82: 2 | N82: 2 | O82: 0 | P82: 2 | Q82: 0 | R82: 6 | S82: 3 | T82: 0 | U82: 0 | V82: 3 | W82: 7 | X82: 10 | Y82: 1 | Z82: 3 | AA82: 5 | AB82: 23 | AC82: 4 | AD82: 14 | AE82: 18 | AF82: 21 | AG82: 5 | AH82: 0 | AI82: 2 | AJ82: 0 | AK82: 2 | AL82: 1 | AM82: 0 | AN82: 3 | AO82: 1 | AP82: =SUM(E82:AO82) -> 151
B83: 2 | C83: LUKMAN HAKIM | E83: 0 | F83: 1 | G83: 1 | H83: 0 | I83: 0 | J83: 1 | K83: 0 | L83: 0 | M83: 0 | N83: 0 | O83: 0 | P83: 0 | Q83: 0 | R83: 0 | S83: 0 | T83: 0 | U83: 0 | V83: 0 | W83: 0 | X83: 0 | Y83: 0 | Z83: 0 | AA83: 0 | AB83: 0 | AC83: 0 | AD83: 0 | AE83: 0 | AF83: 0 | AG83: 0 | AH83: 0 | AI83: 0 | AJ83: 0 | AK83: 0 | AL83: 0 | AM83: 0 | AN83: 0 | AO83: 0 | AP83: =SUM(E83:AO83) -> 3
B84: 3 | C84: DEWI WULANDARI | E84: 0 | F84: 0 | G84: 0 | H84: 0 | I84: 1 | J84: 0 | K84: 0 | L84: 0 | M84: 1 | N84: 0 | O84: 0 | P84: 0 | Q84: 0 | R84: 0 | S84: 0 | T84: 0 | U84: 0 | V84: 0 | W84: 0 | X84: 0 | Y84: 0 | Z84: 0 | AA84: 0 | AB84: 0 | AC84: 0 | AD84: 0 | AE84: 0 | AF84: 0 | AG84: 0 | AH84: 0 | AI84: 0 | AJ84: 0 | AK84: 0 | AL84: 4 | AM84: 0 | AN84: 1 | AO84: 0 | AP84: =SUM(E84:AO84) -> 7
B85: 4 | C85: JAENURI | E85: 0 | F85: 0 | G85: 0 | H85: 0 | I85: 0 | J85: 0 | K85: 0 | L85: 0 | M85: 2 | N85: 0 | O85: 0 | P85: 0 | Q85: 0 | R85: 0 | S85: 1 | T85: 0 | U85: 0 | V85: 0 | W85: 0 | X85: 0 | Y85: 0 | Z85: 1 | AA85: 0 | AB85: 0 | AC85: 0 | AD85: 0 | AE85: 0 | AF85: 0 | AG85: 0 | AH85: 0 | AI85: 0 | AJ85: 0 | AK85: 1 | AL85: 3 | AM85: 0 | AN85: 1 | AO85: 0 | AP85: =SUM(E85:AO85) -> 9
B86: 5 | C86: TRI DINDA LESTARI | E86: 0 | F86: 0 | G86: 0 | H86: 0 | I86: 0 | J86: 0 | K86: 0 | L86: 0 | M86: 0 | N86: 0 | O86: 0 | P86: 0 | Q86: 0 | R86: 0 | S86: 0 | T86: 0 | U86: 0 | V86: 0 | W86: 0 | X86: 0 | Y86: 0 | Z86: 0 | AA86: 0 | AB86: 1 | AC86: 0 | AD86: 0 | AE86: 0 | AF86: 0 | AG86: 0 | AH86: 0 | AI86: 1 | AJ86: 0 | AK86: 0 | AL86: 0 | AM86: 0 | AN86: 0 | AO86: 0 | AP86: =SUM(E86:AO86) -> 2
B87: 6 | C87: AGUS SETIAWAN, A.MD. | E87: 0 | F87: 0 | G87: 0 | H87: 0 | I87: 0 | J87: 0 | K87: 0 | L87: 0 | M87: 1 | N87: 0 | O87: 0 | P87: 0 | Q87: 0 | R87: 0 | S87: 0 | T87: 0 | U87: 0 | V87: 0 | W87: 0 | X87: 0 | Y87: 1 | Z87: 0 | AA87: 0 | AB87: 0 | AC87: 0 | AD87: 0 | AE87: 0 | AF87: 1 | AG87: 0 | AH87: 1 | AI87: 0 | AJ87: 0 | AK87: 0 | AL87: 0 | AM87: 0 | AN87: 0 | AO87: 0 | AP87: =SUM(E87:AO87) -> 4
A88: B | B88: JUMLAH SUARA SAH PARTAI POLITIK DAN CALON (A1 + A2) | E88: =SUM(E81:E87) -> 7 | F88: =SUM(F81:F87) -> 8 | G88: =SUM(G81:G87) -> 2 | H88: =SUM(H81:H87) -> 1 | I88: =SUM(I81:I87) -> 3 | J88: =SUM(J81:J87) -> 1 | K88: =SUM(K81:K87) -> 1 | L88: =SUM(L81:L87) -> 2 | ... AO88: =SUM(AO81:AO87) -> 1 | AP88: =SUM(E88:AO88) -> 204
AP89: =SUM(E89:AO89) -> 0
A90: A.1 | B90: 6. | C90: Partai Buruh | E90: 0 | F90: 1 | G90: 0 | H90: 0 | I90: 2 | J90: 1 | K90: 0 | L90: 0 | M90: 0 | N90: 1 | O90: 2 | P90: 0 | Q90: 1 | R90: 1 | S90: 1 | T90: 0 | U90: 0 | V90: 1 | W90: 1 | X90: 6 | Y90: 1 | Z90: 9 | AA90: 0 | AB90: 0 | AC90: 0 | AD90: 0 | AE90: 2 | AF90: 0 | AG90: 2 | AH90: 1 | AI90: 1 | AJ90: 0 | AK90: 0 | AL90: 0 | AM90: 0 | AN90: 1 | AO90: 4 | AP90: =SUM(E90:AO90) -> 39
B91: 1 | C91: AHMAD MIKKO SYAHRIAL | E91: 0 | F91: 0 | G91: 0 | H91: 0 | I91: 0 | J91: 0 | K91: 0 | L91: 0 | M91: 0 | N91: 0 | O91: 0 | P91: 0 | Q91: 0 | R91: 0 | S91: 1 | T91: 0 | U91: 1 | V91: 0 | W91: 0 | X91: 0 | Y91: 0 | Z91: 0 | AA91: 0 | AB91: 0 | AC91: 0 | AD91: 0 | AE91: 0 | AF91: 0 | AG91: 0 | AH91: 0 | AI91: 0 | AJ91: 0 | AK91: 0 | AL91: 1 | AM91: 0 | AN91: 0 | AO91: 0 | AP91: =SUM(E91:AO91) -> 3
B92: 2 | C92: SITI NURJANNAH | E92: 0 | F92: 0 | G92: 0 | H92: 0 | I92: 0 | J92: 0 | K92: 0 | L92: 0 | M92: 0 | N92: 0 | O92: 1 | P92: 0 | Q92: 0 | R92: 0 | S92: 0 | T92: 2 | U92: 0 | V92: 1 | W92: 0 | X92: 1 | Y92: 0 | Z92: 1 | AA92: 0 | AB92: 0 | AC92: 1 | AD92: 1 | AE92: 0 | AF92: 0 | AG92: 1 | AH92: 0 | AI92: 0 | AJ92: 0 | AK92: 0 | AL92: 0 | AM92: 0 | AN92: 0 | AO92: 0 | AP92: =SUM(E92:AO92) -> 9
A93: A.2 | B93: 3 | C93: RUDI CHRISTIAWAN | E93: 0 | F93: 0 | G93: 0 | H93: 0 | I93: 0 | J93: 0 | K93: 1 | L93: 0 | M93: 0 | N93: 0 | O93: 0 | P93: 0 | Q93: 1 | R93: 0 | S93: 0 | T93: 0 | U93: 0 | V93: 0 | W93: 0 | X93: 1 | Y93: 0 | Z93: 0 | AA93: 0 | AB93: 1 | AC93: 0 | AD93: 0 | AE93: 0 | AF93: 0 | AG93: 0 | AH93: 0 | AI93: 0 | AJ93: 0 | AK93: 0 | AL93: 0 | AM93: 0 | AN93: 0 | AO93: 0 | AP93: =SUM(E93:AO93) -> 4
A94: B | B94: JUMLAH SUARA SAH PARTAI POLITIK DAN CALON (A1 + A2) | E94: =SUM(E90:E93) -> 0 | F94: =SUM(F90:F93) -> 1 | G94: =SUM(G90:G93) -> 0 | H94: =SUM(H90:H93) -> 0 | I94: =SUM(I90:I93) -> 2 | J94: =SUM(J90:J93) -> 1 | K94: =SUM(K90:K93) -> 1 | L94: =SUM(L90:L93) -> 0 | ... AO94: =SUM(AO90:AO93) -> 4 | AP94: =SUM(E94:AO94) -> 55
AP95: =SUM(E95:AO95) -> 0
A96: A.1 | B96: 7. | C96: Partai Gelombang Rakyat Indonesia | E96: 0 | F96: 1 | G96: 0 | H96: 1 | I96: 1 | J96: 1 | K96: 0 | L96: 0 | M96: 1 | N96: 0 | O96: 1 | P96: 1 | Q96: 0 | R96: 1 | S96: 0 | T96: 0 | U96: 0 | V96: 1 | W96: 0 | X96: 0 | Y96: 0 | Z96: 1 | AA96: 1 | AB96: 0 | AC96: 0 | AD96: 0 | AE96: 0 | AF96: 1 | AG96: 0 | AH96: 1 | AI96: 0 | AJ96: 0 | AK96: 0 | AL96: 0 | AM96: 0 | AN96: 1 | AO96: 0 | AP96: =SUM(E96:AO96) -> 14
A97: A.2 | B97: 1 | C97: LUTFIYAH | E97: 0 | F97: 0 | G97: 0 | H97: 0 | I97: 0 | J97: 1 | K97: 0 | L97: 0 | M97: 0 | N97: 0 | O97: 0 | P97: 0 | Q97: 0 | R97: 0 | S97: 0 | T97: 1 | U97: 0 | V97: 1 | W97: 9 | X97: 0 | Y97: 0 | Z97: 0 | AA97: 0 | AB97: 0 | AC97: 1 | AD97: 0 | AE97: 0 | AF97: 0 | AG97: 0 | AH97: 0 | AI97: 0 | AJ97: 0 | AK97: 0 | AL97: 0 | AM97: 0 | AN97: 0 | AO97: 0 | AP97: =SUM(E97:AO97) -> 13
B98: 2 | C98: NURMANSYAH | E98: 0 | F98: 0 | G98: 0 | H98: 0 | I98: 0 | J98: 0 | K98: 0 | L98: 0 | M98: 0 | N98: 0 | O98: 0 | P98: 0 | Q98: 0 | R98: 0 | S98: 0 | T98: 0 | U98: 0 | V98: 0 | W98: 0 | X98: 0 | Y98: 0 | Z98: 0 | AA98: 0 | AB98: 0 | AC98: 0 | AD98: 0 | AE98: 0 | AF98: 0 | AG98: 0 | AH98: 0 | AI98: 0 | AJ98: 0 | AK98: 0 | AL98: 0 | AM98: 0 | AN98: 0 | AO98: 0 | AP98: =SUM(E98:AO98) -> 0
A99: B | B99: JUMLAH SUARA SAH PARTAI POLITIK DAN CALON (A1 + A2) | E99: =SUM(E96:E98) -> 0 | F99: =SUM(F96:F98) -> 1 | G99: =SUM(G96:G98) -> 0 | H99: =SUM(H96:H98) -> 1 | I99: =SUM(I96:I98) -> 1 | J99: =SUM(J96:J98) -> 2 | K99: =SUM(K96:K98) -> 0 | L99: =SUM(L96:L98) -> 0 | ... AO99: =SUM(AO96:AO98) -> 0 | AP99: =SUM(E99:AO99) -> 27
AP100: =SUM(E100:AO100) -> 0
A101: A.1 | B101: 8. | C101: Partai Keadilan Sejahtera | E101: 0 | F101: 1 | G101: 0 | H101: 1 | I101: 0 | J101: 1 | K101: 0 | L101: 0 | M101: 0 | N101: 1 | O101: 0 | P101: 0 | Q101: 0 | R101: 0 | S101: 2 | T101: 0 | U101: 0 | V101: 1 | W101: 0 | X101: 2 | Y101: 0 | Z101: 0 | AA101: 2 | AB101: 0 | AC101: 1 | AD101: 0 | AE101: 0 | AF101: 5 | AG101: 0 | AH101: 0 | AI101: 1 | AJ101: 0 | AK101: 1 | AL101: 0 | AM101: 0 | AN101: 0 | AO101: 0 | AP101: =SUM(E101:AO101) -> 19
A102: A.2 | B102: 1 | C102: ANHARUDIN, S.PD.I. | E102: 0 | F102: 1 | G102: 0 | H102: 0 | I102: 0 | J102: 0 | K102: 0 | L102: 0 | M102: 0 | N102: 2 | O102: 1 | P102: 0 | Q102: 0 | R102: 3 | S102: 0 | T102: 3 | U102: 0 | V102: 3 | W102: 1 | X102: 0 | Y102: 0 | Z102: 0 | AA102: 0 | AB102: 0 | AC102: 0 | AD102: 0 | AE102: 0 | AF102: 2 | AG102: 1 | AH102: 0 | AI102: 1 | AJ102: 0 | AK102: 1 | AL102: 0 | AM102: 0 | AN102: 0 | AO102: 1 | AP102: =SUM(E102:AO102) -> 20
B103: 2 | C103: NASUKI SYAMSUL, S.H. | E103: 0 | F103: 0 | G103: 0 | H103: 0 | I103: 0 | J103: 0 | K103: 0 | L103: 0 | M103: 0 | N103: 0 | O103: 0 | P103: 0 | Q103: 0 | R103: 0 | S103: 0 | T103: 0 | U103: 0 | V103: 1 | W103: 0 | X103: 0 | Y103: 0 | Z103: 0 | AA103: 0 | AB103: 1 | AC103: 0 | AD103: 0 | AE103: 0 | AF103: 0 | AG103: 0 | AH103: 0 | AI103: 0 | AJ103: 0 | AK103: 0 | AL103: 0 | AM103: 1 | AN103: 0 | AO103: 0 | AP103: =SUM(E103:AO103) -> 3
B104: 3 | C104: LAILATUR ROSYIDAH | E104: 0 | F104: 0 | G104: 0 | H104: 0 | I104: 0 | J104: 0 | K104: 0 | L104: 1 | M104: 0 | N104: 0 | O104: 0 | P104: 0 | Q104: 0 | R104: 1 | S104: 0 | T104: 0 | U104: 1 | V104: 1 | W104: 0 | X104: 2 | Y104: 13 | Z104: 0 | AA104: 1 | AB104: 0 | AC104: 1 | AD104: 0 | AE104: 0 | AF104: 0 | AG104: 0 | AH104: 0 | AI104: 0 | AJ104: 0 | AK104: 0 | AL104: 0 | AM104: 0 | AN104: 0 | AO104: 0 | AP104: =SUM(E104:AO104) -> 21
B105: 4 | C105: ALI MANSUR, S.T. | E105: 0 | F105: 0 | G105: 0 | H105: 0 | I105: 0 | J105: 0 | K105: 0 | L105: 0 | M105: 0 | N105: 0 | O105: 0 | P105: 0 | Q105: 2 | R105: 0 | S105: 0 | T105: 0 | U105: 0 | V105: 1 | W105: 1 | X105: 0 | Y105: 0 | Z105: 0 | AA105: 0 | AB105: 0 | AC105: 0 | AD105: 0 | AE105: 0 | AF105: 0 | AG105: 0 | AH105: 0 | AI105: 0 | AJ105: 0 | AK105: 0 | AL105: 0 | AM105: 0 | AN105: 1 | AO105: 1 | AP105: =SUM(E105:AO105) -> 6
B106: 5 | C106: ALFIRA ROSALIANA | E106: 0 | F106: 0 | G106: 0 | H106: 0 | I106: 0 | J106: 0 | K106: 0 | L106: 0 | M106: 0 | N106: 0 | O106: 0 | P106: 0 | Q106: 0 | R106: 0 | S106: 1 | T106: 0 | U106: 0 | V106: 0 | W106: 0 | X106: 0 | Y106: 0 | Z106: 0 | AA106: 0 | AB106: 0 | AC106: 0 | AD106: 0 | AE106: 0 | AF106: 0 | AG106: 0 | AH106: 0 | AI106: 0 | AJ106: 0 | AK106: 0 | AL106: 0 | AM106: 0 | AN106: 0 | AO106: 0 | AP106: =SUM(E106:AO106) -> 1
B107: 6 | C107: WILDA GUSFIYANTI AZIZ, S.A. | E107: 0 | F107: 0 | G107: 0 | H107: 0 | I107: 0 | J107: 0 | K107: 0 | L107: 0 | M107: 0 | N107: 0 | O107: 0 | P107: 0 | Q107: 0 | R107: 0 | S107: 0 | T107: 0 | U107: 0 | V107: 0 | W107: 0 | X107: 0 | Y107: 0 | Z107: 0 | AA107: 0 | AB107: 0 | AC107: 0 | AD107: 0 | AE107: 0 | AF107: 0 | AG107: 0 | AH107: 0 | AI107: 0 | AJ107: 0 | AK107: 0 | AL107: 0 | AM107: 0 | AN107: 0 | AO107: 0 | AP107: =SUM(E107:AO107) -> 0
A108: B | B108: JUMLAH SUARA SAH PARTAI POLITIK DAN CALON (A1 + A2) | E108: =SUM(E101:E107) -> 0 | F108: =SUM(F101:F107) -> 2 | G108: =SUM(G101:G107) -> 0 | H108: =SUM(H101:H107) -> 1 | I108: =SUM(I101:I107) -> 0 | J108: =SUM(J101:J107) -> 1 | K108: =SUM(K101:K107) -> 0 | L108: =SUM(L101:L107) -> 1 | ... AO108: =SUM(AO101:AO107) -> 2 | AP108: =SUM(E108:AO108) -> 70
AP109: =SUM(E109:AO109) -> 0
A110: A.1 | B110: 9. | C110: Partai Kebangkitan Nusantara | E110: 0 | F110: 0 | G110: 0 | H110: 0 | I110: 0 | J110: 0 | K110: 0 | L110: 0 | M110: 0 | N110: 1 | O110: 0 | P110: 0 | Q110: 1 | R110: 0 | S110: 0 | T110: 0 | U110: 0 | V110: 0 | W110: 0 | X110: 0 | Y110: 0 | Z110: 0 | AA110: 0 | AB110: 0 | AC110: 0 | AD110: 0 | AE110: 0 | AF110: 0 | AG110: 0 | AH110: 0 | AI110: 0 | AJ110: 0 | AK110: 0 | AL110: 0 | AM110: 0 | AN110: 0 | AO110: 0 | AP110: =SUM(E110:AO110) -> 2
B111: 1 | C111: NANANG HENDIK ROBBY A.S. | E111: 0 | F111: 0 | G111: 0 | H111: 0 | I111: 0 | J111: 0 | K111: 0 | L111: 0 | M111: 0 | N111: 0 | O111: 0 | P111: 0 | Q111: 0 | R111: 0 | S111: 0 | T111: 0 | U111: 0 | V111: 0 | W111: 0 | X111: 0 | Y111: 0 | Z111: 0 | AA111: 0 | AB111: 0 | AC111: 0 | AD111: 0 | AE111: 0 | AF111: 0 | AG111: 0 | AH111: 0 | AI111: 0 | AJ111: 0 | AK111: 0 | AL111: 1 | AM111: 0 | AN111: 0 | AO111: 0 | AP111: =SUM(E111:AO111) -> 1
...
