Workbook

Sheet DPRD KABUPATEN
C8: Kecamatan | D8: ROGOJAMPI
C9: Kabupaten | D9: BANYUWANGI
C10: Provinsi | D10: JAWA TIMUR
A12: I | B12: DATA PEMILIH DAN PENGGUNAAN HAK PILIH | E12: JUMLAH AKHIR
A13: A | B13: DATA PEMILIH
B14: Jumlah Pemilih dalam Daftar Pemilih Tetap (DPT) | D14: LK | E14: =ALIYAN!V14+BUBUK!T14+GITIK!N14+GLADAG!W14+KARANGBENDO!Z14+KEDALEMAN!S14+LEMAHBANGDEWO!O14+MANGIR!S14+PENGATIGAN!Y14+ROGOJAMPI!AM14 -> 21517
D15: PR | E15: =ALIYAN!V15+BUBUK!T15+GITIK!N15+GLADAG!W15+KARANGBENDO!Z15+KEDALEMAN!S15+LEMAHBANGDEWO!O15+MANGIR!S15+PENGATIGAN!Y15+ROGOJAMPI!AM15 -> 22214
D16: JML | E16: =SUM(E14:E15) -> 43731
A18: B | B18: PENGGUNA HAK PILIH
B19: 1. | C19: Jumlah pengguna hak pilih dalam Daftar Pemilih Tetap (DPT) | D19: LK | E19: =ALIYAN!V19+BUBUK!T19+GITIK!N19+GLADAG!W19+KARANGBENDO!Z19+KEDALEMAN!S19+LEMAHBANGDEWO!O19+MANGIR!S19+PENGATIGAN!Y19+ROGOJAMPI!AM19 -> 16689
D20: PR | E20: =ALIYAN!V20+BUBUK!T20+GITIK!N20+GLADAG!W20+KARANGBENDO!Z20+KEDALEMAN!S20+LEMAHBANGDEWO!O20+MANGIR!S20+PENGATIGAN!Y20+ROGOJAMPI!AM20 -> 18262
D21: JML | E21: =SUM(E19:E20) -> 34951
B22: 2. | C22: Jumlah pengguna hak pilih dalam Daftar Pemilih Tambahan (DPTb) | D22: LK | E22: =ALIYAN!V22+BUBUK!T22+GITIK!N22+GLADAG!W22+KARANGBENDO!Z22+KEDALEMAN!S22+LEMAHBANGDEWO!O22+MANGIR!S22+PENGATIGAN!Y22+ROGOJAMPI!AM22 -> 61
D23: PR | E23: =ALIYAN!V23+BUBUK!T23+GITIK!N23+GLADAG!W23+KARANGBENDO!Z23+KEDALEMAN!S23+LEMAHBANGDEWO!O23+MANGIR!S23+PENGATIGAN!Y23+ROGOJAMPI!AM23 -> 82
D24: JML | E24: =SUM(E22:E23) -> 143
B25: 3. | C25: Jumlah pengguna hak pilih dalam Daftar Pemilih Khusus (DPK) | D25: LK | E25: =ALIYAN!V25+BUBUK!T25+GITIK!N25+GLADAG!W25+KARANGBENDO!Z25+KEDALEMAN!S25+LEMAHBANGDEWO!O25+MANGIR!S25+PENGATIGAN!Y25+ROGOJAMPI!AM25 -> 164
D26: PR | E26: =ALIYAN!V26+BUBUK!T26+GITIK!N26+GLADAG!W26+KARANGBENDO!Z26+KEDALEMAN!S26+LEMAHBANGDEWO!O26+MANGIR!S26+PENGATIGAN!Y26+ROGOJAMPI!AM26 -> 209
D27: JML | E27: =SUM(E25:E26) -> 373
B28: 4. | C28: Jumlah Pengguna Hak Pilih (B.1+B.2+B.3) | D28: LK | E28: =E19+E22+E25 -> 16914
D29: PR | E29: =E20+E23+E26 -> 18553
D30: JML | E30: =SUM(E28:E29) -> 35467
A32: II | B32: DATA PENGGUNAAN SURAT SUARA
A33: 1 | B33: Jumlah surat suara yang diterima, termasuk surat suara cadangan 2,5% dari DPT | E33: =ALIYAN!V33+BUBUK!T33+GITIK!N33+GLADAG!W33+KARANGBENDO!Z33+KEDALEMAN!S33+LEMAHBANGDEWO!O33+MANGIR!S33+PENGATIGAN!Y33+ROGOJAMPI!AM33 -> 44748
A34: 2 | B34: Jumlah surat suara yang digunakan | E34: =ALIYAN!V34+BUBUK!T34+GITIK!N34+GLADAG!W34+KARANGBENDO!Z34+KEDALEMAN!S34+LEMAHBANGDEWO!O34+MANGIR!S34+PENGATIGAN!Y34+ROGOJAMPI!AM34 -> 35467
A35: 3 | B35: Jumlah surat suara dikembalikan oleh pemilih (karena rusak atau keliru coblos) | E35: =ALIYAN!V35+BUBUK!T35+GITIK!N35+GLADAG!W35+KARANGBENDO!Z35+KEDALEMAN!S35+LEMAHBANGDEWO!O35+MANGIR!S35+PENGATIGAN!Y35+ROGOJAMPI!AM35 -> 88
A36: 4 | B36: Jumlah surat suara yang tidak digunakan/tidak terpakai, termasuk sisa surat suara cadangan | E36: =E33-(E34+E35) -> 9193
A38: III | B38: DATA PEMILIH DISABILITAS
B39: Jumlah seluruh Pemilih disabilitas yang menggunakan hak pilih | D39: LK | E39: =ALIYAN!V39+BUBUK!T39+GITIK!N39+GLADAG!W39+KARANGBENDO!Z39+KEDALEMAN!S39+LEMAHBANGDEWO!O39+MANGIR!S39+PENGATIGAN!Y39+ROGOJAMPI!AM39 -> 48
D40: PR | E40: =ALIYAN!V40+BUBUK!T40+GITIK!N40+GLADAG!W40+KARANGBENDO!Z40+KEDALEMAN!S40+LEMAHBANGDEWO!O40+MANGIR!S40+PENGATIGAN!Y40+ROGOJAMPI!AM40 -> 51
D41: JML | E41: =SUM(E39:E40) -> 99
A43: IV | B43: DATA RINCIAN PEROLEHAN SUARA PASANGAN CALON BUPATI DAN WAKIL BUPATI
A44: NOMOR DAN NAMA CALON
A45: A.1 | B45: 1. | C45: Partai Kebangkitan Bangsa | E45: =ALIYAN!V45+BUBUK!T45+GITIK!N45+GLADAG!W45+KARANGBENDO!Z45+KEDALEMAN!S45+LEMAHBANGDEWO!O45+MANGIR!S45+PENGATIGAN!Y45+ROGOJAMPI!AM45 -> 772
A46: A.2 | C46: 1. ARVY RIZALDY, S.E. | E46: =ALIYAN!V46+BUBUK!T46+GITIK!N46+GLADAG!W46+KARANGBENDO!Z46+KEDALEMAN!S46+LEMAHBANGDEWO!O46+MANGIR!S46+PENGATIGAN!Y46+ROGOJAMPI!AM46 -> 3204
C47: 2. HILMI MUSTOFA | E47: =ALIYAN!V47+BUBUK!T47+GITIK!N47+GLADAG!W47+KARANGBENDO!Z47+KEDALEMAN!S47+LEMAHBANGDEWO!O47+MANGIR!S47+PENGATIGAN!Y47+ROGOJAMPI!AM47 -> 968
C48: 3. RUSDIANAH, A.Ma.Pd | E48: =ALIYAN!V48+BUBUK!T48+GITIK!N48+GLADAG!W48+KARANGBENDO!Z48+KEDALEMAN!S48+LEMAHBANGDEWO!O48+MANGIR!S48+PENGATIGAN!Y48+ROGOJAMPI!AM48 -> 100
C49: 4. USMAN YUSUF | E49: =ALIYAN!V49+BUBUK!T49+GITIK!N49+GLADAG!W49+KARANGBENDO!Z49+KEDALEMAN!S49+LEMAHBANGDEWO!O49+MANGIR!S49+PENGATIGAN!Y49+ROGOJAMPI!AM49 -> 57
C50: 5. SA`ADAH | E50: =ALIYAN!V50+BUBUK!T50+GITIK!N50+GLADAG!W50+KARANGBENDO!Z50+KEDALEMAN!S50+LEMAHBANGDEWO!O50+MANGIR!S50+PENGATIGAN!Y50+ROGOJAMPI!AM50 -> 176
C51: 6. FARIHA HASANATUL AMALIA | E51: =ALIYAN!V51+BUBUK!T51+GITIK!N51+GLADAG!W51+KARANGBENDO!Z51+KEDALEMAN!S51+LEMAHBANGDEWO!O51+MANGIR!S51+PENGATIGAN!Y51+ROGOJAMPI!AM51 -> 23
A52: B | B52: JUMLAH SUARA SAH PARTAI POLITIK DAN CALON (A1 + A2) | E52: =SUM(E45:E51) -> 5300
A54: A.1 | B54: 2. | C54: Partai Gerakan Indonesia Raya | E54: =ALIYAN!V54+BUBUK!T54+GITIK!N54+GLADAG!W54+KARANGBENDO!Z54+KEDALEMAN!S54+LEMAHBANGDEWO!O54+MANGIR!S54+PENGATIGAN!Y54+ROGOJAMPI!AM54 -> 957
A55: A.2 | C55: 1. SUPARMAN EDY H. | E55: =ALIYAN!V55+BUBUK!T55+GITIK!N55+GLADAG!W55+KARANGBENDO!Z55+KEDALEMAN!S55+LEMAHBANGDEWO!O55+MANGIR!S55+PENGATIGAN!Y55+ROGOJAMPI!AM55 -> 310
C56: 2. NASIKHUN AMIN | E56: =ALIYAN!V56+BUBUK!T56+GITIK!N56+GLADAG!W56+KARANGBENDO!Z56+KEDALEMAN!S56+LEMAHBANGDEWO!O56+MANGIR!S56+PENGATIGAN!Y56+ROGOJAMPI!AM56 -> 166
C57: 3. ENY SETIAWATI, S.H | E57: =ALIYAN!V57+BUBUK!T57+GITIK!N57+GLADAG!W57+KARANGBENDO!Z57+KEDALEMAN!S57+LEMAHBANGDEWO!O57+MANGIR!S57+PENGATIGAN!Y57+ROGOJAMPI!AM57 -> 108
C58: 4. H. ABDUL QODIR, S.H., M.H. | E58: =ALIYAN!V58+BUBUK!T58+GITIK!N58+GLADAG!W58+KARANGBENDO!Z58+KEDALEMAN!S58+LEMAHBANGDEWO!O58+MANGIR!S58+PENGATIGAN!Y58+ROGOJAMPI!AM58 -> 167
C59: 5. FATMAWATI, S.E. | E59: =ALIYAN!V59+BUBUK!T59+GITIK!N59+GLADAG!W59+KARANGBENDO!Z59+KEDALEMAN!S59+LEMAHBANGDEWO!O59+MANGIR!S59+PENGATIGAN!Y59+ROGOJAMPI!AM59 -> 38
C60: 6. NANANG NUR AHMADI | E60: =ALIYAN!V60+BUBUK!T60+GITIK!N60+GLADAG!W60+KARANGBENDO!Z60+KEDALEMAN!S60+LEMAHBANGDEWO!O60+MANGIR!S60+PENGATIGAN!Y60+ROGOJAMPI!AM60 -> 1264
A61: B | B61: JUMLAH SUARA SAH PARTAI POLITIK DAN CALON (A1 + A2) | E61: =SUM(E54:E60) -> 3010
A63: A.1 | B63: 3. | C63: Partai Demokrasi Indonesia Perjuangan | E63: =ALIYAN!V63+BUBUK!T63+GITIK!N63+GLADAG!W63+KARANGBENDO!Z63+KEDALEMAN!S63+LEMAHBANGDEWO!O63+MANGIR!S63+PENGATIGAN!Y63+ROGOJAMPI!AM63 -> 880
A64: A.2 | C64: 1. WAGIANTO | E64: =ALIYAN!V64+BUBUK!T64+GITIK!N64+GLADAG!W64+KARANGBENDO!Z64+KEDALEMAN!S64+LEMAHBANGDEWO!O64+MANGIR!S64+PENGATIGAN!Y64+ROGOJAMPI!AM64 -> 1324
C65: 2. ERIK TRISDIANTANA | E65: =ALIYAN!V65+BUBUK!T65+GITIK!N65+GLADAG!W65+KARANGBENDO!Z65+KEDALEMAN!S65+LEMAHBANGDEWO!O65+MANGIR!S65+PENGATIGAN!Y65+ROGOJAMPI!AM65 -> 650
C66: 3. NI GALUH PARWATI | E66: =ALIYAN!V66+BUBUK!T66+GITIK!N66+GLADAG!W66+KARANGBENDO!Z66+KEDALEMAN!S66+LEMAHBANGDEWO!O66+MANGIR!S66+PENGATIGAN!Y66+ROGOJAMPI!AM66 -> 2089
C67: 4. DZULFIKAR REZKY | E67: =ALIYAN!V67+BUBUK!T67+GITIK!N67+GLADAG!W67+KARANGBENDO!Z67+KEDALEMAN!S67+LEMAHBANGDEWO!O67+MANGIR!S67+PENGATIGAN!Y67+ROGOJAMPI!AM67 -> 568
C68: 5. AMALIYAH | E68: =ALIYAN!V68+BUBUK!T68+GITIK!N68+GLADAG!W68+KARANGBENDO!Z68+KEDALEMAN!S68+LEMAHBANGDEWO!O68+MANGIR!S68+PENGATIGAN!Y68+ROGOJAMPI!AM68 -> 209
C69: 6. PUTRI PARAMITA CIPTASARI | E69: =ALIYAN!V69+BUBUK!T69+GITIK!N69+GLADAG!W69+KARANGBENDO!Z69+KEDALEMAN!S69+LEMAHBANGDEWO!O69+MANGIR!S69+PENGATIGAN!Y69+ROGOJAMPI!AM69 -> 86
A70: B | B70: JUMLAH SUARA SAH PARTAI POLITIK DAN CALON (A1 + A2) | E70: =SUM(E63:E69) -> 5806
A72: A.1 | B72: 4. | C72: Partai Golongan Karya | E72: =ALIYAN!V72+BUBUK!T72+GITIK!N72+GLADAG!W72+KARANGBENDO!Z72+KEDALEMAN!S72+LEMAHBANGDEWO!O72+MANGIR!S72+PENGATIGAN!Y72+ROGOJAMPI!AM72 -> 368
A73: A.2 | C73: 1. MARIFATUL KAMILA, S.H. | E73: =ALIYAN!V73+BUBUK!T73+GITIK!N73+GLADAG!W73+KARANGBENDO!Z73+KEDALEMAN!S73+LEMAHBANGDEWO!O73+MANGIR!S73+PENGATIGAN!Y73+ROGOJAMPI!AM73 -> 2113
C74: 2. KUSWORO, S.Pd. | E74: =ALIYAN!V74+BUBUK!T74+GITIK!N74+GLADAG!W74+KARANGBENDO!Z74+KEDALEMAN!S74+LEMAHBANGDEWO!O74+MANGIR!S74+PENGATIGAN!Y74+ROGOJAMPI!AM74 -> 53
C75: 3. DIDIK SANTOSO, S.Pd. | E75: =ALIYAN!V75+BUBUK!T75+GITIK!N75+GLADAG!W75+KARANGBENDO!Z75+KEDALEMAN!S75+LEMAHBANGDEWO!O75+MANGIR!S75+PENGATIGAN!Y75+ROGOJAMPI!AM75 -> 35
C76: 4. ASYIQ RAHMATULLAH, H | E76: =ALIYAN!V76+BUBUK!T76+GITIK!N76+GLADAG!W76+KARANGBENDO!Z76+KEDALEMAN!S76+LEMAHBANGDEWO!O76+MANGIR!S76+PENGATIGAN!Y76+ROGOJAMPI!AM76 -> 32
C77: 5. ARI PANGESTI | E77: =ALIYAN!V77+BUBUK!T77+GITIK!N77+GLADAG!W77+KARANGBENDO!Z77+KEDALEMAN!S77+LEMAHBANGDEWO!O77+MANGIR!S77+PENGATIGAN!Y77+ROGOJAMPI!AM77 -> 37
C78: 6. H. HANDOKO, S.E. | E78: =ALIYAN!V78+BUBUK!T78+GITIK!N78+GLADAG!W78+KARANGBENDO!Z78+KEDALEMAN!S78+LEMAHBANGDEWO!O78+MANGIR!S78+PENGATIGAN!Y78+ROGOJAMPI!AM78 -> 954
A79: B | B79: JUMLAH SUARA SAH PARTAI POLITIK DAN CALON (A1 + A2) | E79: =SUM(E72:E78) -> 3592
A81: A.1 | B81: 5. | C81: Partai NasDem | E81: =ALIYAN!V81+BUBUK!T81+GITIK!N81+GLADAG!W81+KARANGBENDO!Z81+KEDALEMAN!S81+LEMAHBANGDEWO!O81+MANGIR!S81+PENGATIGAN!Y81+ROGOJAMPI!AM81 -> 209
A82: A.2 | C82: 1. H. EDI PURNOMO | E82: =ALIYAN!V82+BUBUK!T82+GITIK!N82+GLADAG!W82+KARANGBENDO!Z82+KEDALEMAN!S82+LEMAHBANGDEWO!O82+MANGIR!S82+PENGATIGAN!Y82+ROGOJAMPI!AM82 -> 591
C83: 2. I GEDE SUDRO WICANO | E83: =ALIYAN!V83+BUBUK!T83+GITIK!N83+GLADAG!W83+KARANGBENDO!Z83+KEDALEMAN!S83+LEMAHBANGDEWO!O83+MANGIR!S83+PENGATIGAN!Y83+ROGOJAMPI!AM83 -> 818
C84: 3. TRI MARVILA SUKMANA, S.H. | E84: =ALIYAN!V84+BUBUK!T84+GITIK!N84+GLADAG!W84+KARANGBENDO!Z84+KEDALEMAN!S84+LEMAHBANGDEWO!O84+MANGIR!S84+PENGATIGAN!Y84+ROGOJAMPI!AM84 -> 28
C85: 4. ISLAMIYAH LESTARI | E85: =ALIYAN!V85+BUBUK!T85+GITIK!N85+GLADAG!W85+KARANGBENDO!Z85+KEDALEMAN!S85+LEMAHBANGDEWO!O85+MANGIR!S85+PENGATIGAN!Y85+ROGOJAMPI!AM85 -> 14
C86: 5. LUTFI WAHYUDI | E86: =ALIYAN!V86+BUBUK!T86+GITIK!N86+GLADAG!W86+KARANGBENDO!Z86+KEDALEMAN!S86+LEMAHBANGDEWO!O86+MANGIR!S86+PENGATIGAN!Y86+ROGOJAMPI!AM86 -> 366
C87: 6. AGUS MAIDO | E87: =ALIYAN!V87+BUBUK!T87+GITIK!N87+GLADAG!W87+KARANGBENDO!Z87+KEDALEMAN!S87+LEMAHBANGDEWO!O87+MANGIR!S87+PENGATIGAN!Y87+ROGOJAMPI!AM87 -> 10
A88: B | B88: JUMLAH SUARA SAH PARTAI POLITIK DAN CALON (A1 + A2) | E88: =SUM(E81:E87) -> 2036
A90: A.1 | B90: 6. | C90: Partai Buruh | E90: =ALIYAN!V90+BUBUK!T90+GITIK!N90+GLADAG!W90+KARANGBENDO!Z90+KEDALEMAN!S90+LEMAHBANGDEWO!O90+MANGIR!S90+PENGATIGAN!Y90+ROGOJAMPI!AM90 -> 56
A91: A.2 | C91: 1. ERWIN SANTOSO | E91: =ALIYAN!V91+BUBUK!T91+GITIK!N91+GLADAG!W91+KARANGBENDO!Z91+KEDALEMAN!S91+LEMAHBANGDEWO!O91+MANGIR!S91+PENGATIGAN!Y91+ROGOJAMPI!AM91 -> 40
A92: B | B92: JUMLAH SUARA SAH PARTAI POLITIK DAN CALON (A1 + A2) | E92: =SUM(E90:E91) -> 96
A94: A.1 | B94: 7. | C94: Partai Gelombang Rakyat Indonesia | E94: =ALIYAN!V94+BUBUK!T94+GITIK!N94+GLADAG!W94+KARANGBENDO!Z94+KEDALEMAN!S94+LEMAHBANGDEWO!O94+MANGIR!S94+PENGATIGAN!Y94+ROGOJAMPI!AM94 -> 49
A95: A.2 | C95: 1. SUTRISNO | E95: =ALIYAN!V95+BUBUK!T95+GITIK!N95+GLADAG!W95+KARANGBENDO!Z95+KEDALEMAN!S95+LEMAHBANGDEWO!O95+MANGIR!S95+PENGATIGAN!Y95+ROGOJAMPI!AM95 -> 15
C96: 2. MOH. ANNAS | E96: =ALIYAN!V96+BUBUK!T96+GITIK!N96+GLADAG!W96+KARANGBENDO!Z96+KEDALEMAN!S96+LEMAHBANGDEWO!O96+MANGIR!S96+PENGATIGAN!Y96+ROGOJAMPI!AM96 -> 25
C97: 3. NI MADE AYU PUNIARSI | E97: =ALIYAN!V97+BUBUK!T97+GITIK!N97+GLADAG!W97+KARANGBENDO!Z97+KEDALEMAN!S97+LEMAHBANGDEWO!O97+MANGIR!S97+PENGATIGAN!Y97+ROGOJAMPI!AM97 -> 14
C98: 4. HENDRA KURNIAWAN | E98: =ALIYAN!V98+BUBUK!T98+GITIK!N98+GLADAG!W98+KARANGBENDO!Z98+KEDALEMAN!S98+LEMAHBANGDEWO!O98+MANGIR!S98+PENGATIGAN!Y98+ROGOJAMPI!AM98 -> 9
C99: 5. DEASY GITTA PERWITASARI | E99: =ALIYAN!V99+BUBUK!T99+GITIK!N99+GLADAG!W99+KARANGBENDO!Z99+KEDALEMAN!S99+LEMAHBANGDEWO!O99+MANGIR!S99+PENGATIGAN!Y99+ROGOJAMPI!AM99 -> 2
C100: 6. SUPRAPTO | E100: =ALIYAN!V100+BUBUK!T100+GITIK!N100+GLADAG!W100+KARANGBENDO!Z100+KEDALEMAN!S100+LEMAHBANGDEWO!O100+MANGIR!S100+PENGATIGAN!Y100+ROGOJAMPI!AM100 -> 85
A101: B | B101: JUMLAH SUARA SAH PARTAI POLITIK DAN CALON (A1 + A2) | E101: =SUM(E94:E100) -> 199
A103: A.1 | B103: 8. | C103: Partai Keadilan Sejahtera | E103: =ALIYAN!V103+BUBUK!T103+GITIK!N103+GLADAG!W103+KARANGBENDO!Z103+KEDALEMAN!S103+LEMAHBANGDEWO!O103+MANGIR!S103+PENGATIGAN!Y103+ROGOJAMPI!AM103 -> 98
A104: A.2 | C104: 1. ARIEF WAHYUDI DJ, S.T. | E104: =ALIYAN!V104+BUBUK!T104+GITIK!N104+GLADAG!W104+KARANGBENDO!Z104+KEDALEMAN!S104+LEMAHBANGDEWO!O104+MANGIR!S104+PENGATIGAN!Y104+ROGOJAMPI!AM104 -> 192
C105: 2. SUMAJI | E105: =ALIYAN!V105+BUBUK!T105+GITIK!N105+GLADAG!W105+KARANGBENDO!Z105+KEDALEMAN!S105+LEMAHBANGDEWO!O105+MANGIR!S105+PENGATIGAN!Y105+ROGOJAMPI!AM105 -> 14
C106: 3. LILIK MARIYANA, S.Pd. | E106: =ALIYAN!V106+BUBUK!T106+GITIK!N106+GLADAG!W106+KARANGBENDO!Z106+KEDALEMAN!S106+LEMAHBANGDEWO!O106+MANGIR!S106+PENGATIGAN!Y106+ROGOJAMPI!AM106 -> 68
C107: 4. M. HARUN | E107: =ALIYAN!V107+BUBUK!T107+GITIK!N107+GLADAG!W107+KARANGBENDO!Z107+KEDALEMAN!S107+LEMAHBANGDEWO!O107+MANGIR!S107+PENGATIGAN!Y107+ROGOJAMPI!AM107 -> 55
C108: 5. SHOLIHIN, S.P. | E108: =ALIYAN!V108+BUBUK!T108+GITIK!N108+GLADAG!W108+KARANGBENDO!Z108+KEDALEMAN!S108+LEMAHBANGDEWO!O108+MANGIR!S108+PENGATIGAN!Y108+ROGOJAMPI!AM108 -> 6
C109: 6. HANIFATUL IMTITSAL, S.K.M. | E109: =ALIYAN!V109+BUBUK!T109+GITIK!N109+GLADAG!W109+KARANGBENDO!Z109+KEDALEMAN!S109+LEMAHBANGDEWO!O109+MANGIR!S109+PENGATIGAN!Y109+ROGOJAMPI!AM109 -> 93
A110: B | B110: JUMLAH SUARA SAH PARTAI POLITIK DAN CALON (A1 + A2) | E110: =SUM(E103:E109) -> 526
A112: A.1 | B112: 9. | C112: Partai Kebangkitan Nusantara | E112: =ALIYAN!V112+BUBUK!T112+GITIK!N112+GLADAG!W112+KARANGBENDO!Z112+KEDALEMAN!S112+LEMAHBANGDEWO!O112+MANGIR!S112+PENGATIGAN!Y112+ROGOJAMPI!AM112 -> 4
A113: A.2 | C113: 1. AGUS TARMIDI | E113: =ALIYAN!V113+BUBUK!T113+GITIK!N113+GLADAG!W113+KARANGBENDO!Z113+KEDALEMAN!S113+LEMAHBANGDEWO!O113+MANGIR!S113+PENGATIGAN!Y113+ROGOJAMPI!AM113 -> 5
C114: 2. DIAH AYU PERDANA | E114: =ALIYAN!V114+BUBUK!T114+GITIK!N114+GLADAG!W114+KARANGBENDO!Z114+KEDALEMAN!S114+LEMAHBANGDEWO!O114+MANGIR!S114+PENGATIGAN!Y114+ROGOJAMPI!AM114 -> 27
C115: 3. SITI SUNARSIH | E115: =ALIYAN!V115+BUBUK!T115+GITIK!N115+GLADAG!W115+KARANGBENDO!Z115+KEDALEMAN!S115+LEMAHBANGDEWO!O115+MANGIR!S115+PENGATIGAN!Y115+ROGOJAMPI!AM115 -> 1
C116: 4. DIDIK BASUKI | E116: =ALIYAN!V116+BUBUK!T116+GITIK!N116+GLADAG!W116+KARANGBENDO!Z116+KEDALEMAN!S116+LEMAHBANGDEWO!O116+MANGIR!S116+PENGATIGAN!Y116+ROGOJAMPI!AM116 -> 3
C117: 5. PUTRI SARI APRILIA | E117: =ALIYAN!V117+BUBUK!T117+GITIK!N117+GLADAG!W117+KARANGBENDO!Z117+KEDALEMAN!S117+LEMAHBANGDEWO!O117+MANGIR!S117+PENGATIGAN!Y117+ROGOJAMPI!AM117 -> 4
C118: 6. H. IMAM SOLIKHIN, B.E. | E118: =ALIYAN!V118+BUBUK!T118+GITIK!N118+GLADAG!W118+KARANGBENDO!Z118+KEDALEMAN!S118+LEMAHBANGDEWO!O118+MANGIR!S118+PENGATIGAN!Y118+ROGOJAMPI!AM118 -> 1
A119: B | B119: JUMLAH SUARA SAH PARTAI POLITIK DAN CALON (A1 + A2) | E119: =SUM(E112:E118) -> 45
A121: A.1 | B121: 10. | C121: Partai Hati Nurani Rakyat | E121: =ALIYAN!V121+BUBUK!T121+GITIK!N121+GLADAG!W121+KARANGBENDO!Z121+KEDALEMAN!S121+LEMAHBANGDEWO!O121+MANGIR!S121+PENGATIGAN!Y121+ROGOJAMPI!AM121 -> 20
...

Sheet ALIYAN
C2: Kecamatan | D2: ROGOJAMPI
C3: Kabupaten | D3: BANYUWANGI
C4: Provinsi | D4: JAWA TIMUR
C9: Kelurahan | D9: ALIYAN
A12: I | B12: DATA PEMILIH DAN PENGGUNAAN HAK PILIH | V12: JUMLAH AKHIR
A13: A | B13: DATA PEMILIH | E13: TPS 001 | F13: TPS 002 | G13: TPS 003 | H13: TPS 004 | I13: TPS 005 | J13: TPS 006 | K13: TPS 007 | L13: TPS 008 | M13: TPS 009 | N13: TPS 010 | O13: TPS 011 | P13: TPS 012 | Q13: TPS 013 | R13: TPS 014 | S13: TPS 015 | T13: TPS 016 | U13: TPS 017
B14: Jumlah Pemilih dalam Daftar Pemilih Tetap (DPT) | D14: LK | E14: 76 | F14: 101 | G14: 67 | H14: 144 | I14: 143 | J14: 119 | K14: 147 | L14: 105 | M14: 114 | N14: 118 | O14: 132 | P14: 116 | Q14: 115 | R14: 137 | S14: 126 | T14: 119 | U14: 121 | V14: =SUM(E14:U14) -> 2000
D15: PR | E15: 78 | F15: 98 | G15: 73 | H15: 137 | I15: 121 | J15: 108 | K15: 145 | L15: 117 | M15: 114 | N15: 130 | O15: 138 | P15: 115 | Q15: 127 | R15: 134 | S15: 126 | T15: 123 | U15: 140 | V15: =SUM(E15:U15) -> 2024
D16: JML | E16: =SUM(E14:E15) -> 154 | F16: =SUM(F14:F15) -> 199 | G16: =SUM(G14:G15) -> 140 | H16: =SUM(H14:H15) -> 281 | I16: =SUM(I14:I15) -> 264 | J16: =SUM(J14:J15) -> 227 | K16: =SUM(K14:K15) -> 292 | L16: =SUM(L14:L15) -> 222 | ... U16: =SUM(U14:U15) -> 261 | V16: =SUM(E16:U16) -> 4024
A18: B | B18: PENGGUNA HAK PILIH
B19: 1. | C19: Jumlah pengguna hak pilih dalam Daftar Pemilih Tetap (DPT) | D19: LK | E19: 62 | F19: 87 | G19: 55 | H19: 112 | I19: 104 | J19: 91 | K19: 118 | L19: 82 | M19: 97 | N19: 93 | O19: 114 | P19: 97 | Q19: 105 | R19: 111 | S19: 96 | T19: 100 | U19: 100 | V19: =SUM(E19:U19) -> 1624
D20: PR | E20: 67 | F20: 86 | G20: 61 | H20: 118 | I20: 101 | J20: 94 | K20: 134 | L20: 97 | M20: 95 | N20: 110 | O20: 119 | P20: 106 | Q20: 116 | R20: 111 | S20: 104 | T20: 110 | U20: 122 | V20: =SUM(E20:U20) -> 1751
D21: JML | E21: =SUM(E19:E20) -> 129 | F21: =SUM(F19:F20) -> 173 | G21: =SUM(G19:G20) -> 116 | H21: =SUM(H19:H20) -> 230 | I21: =SUM(I19:I20) -> 205 | J21: =SUM(J19:J20) -> 185 | K21: =SUM(K19:K20) -> 252 | L21: =SUM(L19:L20) -> 179 | ... U21: =SUM(U19:U20) -> 222 | V21: =SUM(E21:U21) -> 3375
B22: 2. | C22: Jumlah pengguna hak pilih dalam Daftar Pemilih Tambahan (DPTb) | D22: LK | E22: 0 | F22: 0 | G22: 0 | H22: 0 | I22: 1 | J22: 1 | K22: 0 | L22: 2 | M22: 0 | N22: 1 | O22: 3 | P22: 1 | Q22: 1 | R22: 1 | S22: 0 | T22: 0 | U22: 0 | V22: =SUM(E22:U22) -> 11
D23: PR | E23: 0 | F23: 0 | G23: 0 | H23: 0 | I23: 3 | J23: 0 | K23: 3 | L23: 1 | M23: 1 | N23: 1 | O23: 2 | P23: 1 | Q23: 2 | R23: 0 | S23: 0 | T23: 1 | U23: 0 | V23: =SUM(E23:U23) -> 15
D24: JML | E24: =SUM(E22:E23) -> 0 | F24: =SUM(F22:F23) -> 0 | G24: =SUM(G22:G23) -> 0 | H24: =SUM(H22:H23) -> 0 | I24: =SUM(I22:I23) -> 4 | J24: =SUM(J22:J23) -> 1 | K24: =SUM(K22:K23) -> 3 | L24: =SUM(L22:L23) -> 3 | ... U24: =SUM(U22:U23) -> 0 | V24: =SUM(E24:U24) -> 26
B25: 3. | C25: Jumlah pengguna hak pilih dalam Daftar Pemilih Khusus (DPK) | D25: LK | E25: 0 | F25: 1 | G25: 0 | H25: 0 | I25: 0 | J25: 0 | K25: 0 | L25: 2 | M25: 0 | N25: 0 | O25: 0 | P25: 0 | Q25: 0 | R25: 0 | S25: 0 | T25: 0 | U25: 0 | V25: =SUM(E25:U25) -> 3
D26: PR | E26: 1 | F26: 0 | G26: 0 | H26: 0 | I26: 1 | J26: 0 | K26: 0 | L26: 1 | M26: 2 | N26: 0 | O26: 0 | P26: 0 | Q26: 2 | R26: 2 | S26: 3 | T26: 0 | U26: 0 | V26: =SUM(E26:U26) -> 12
D27: JML | E27: =SUM(E25:E26) -> 1 | F27: =SUM(F25:F26) -> 1 | G27: =SUM(G25:G26) -> 0 | H27: =SUM(H25:H26) -> 0 | I27: =SUM(I25:I26) -> 1 | J27: =SUM(J25:J26) -> 0 | K27: =SUM(K25:K26) -> 0 | L27: =SUM(L25:L26) -> 3 | ... U27: =SUM(U25:U26) -> 0 | V27: =SUM(E27:U27) -> 15
B28: 4. | C28: Jumlah Pengguna Hak Pilih (B.1+B.2+B.3) | D28: LK | E28: =SUM(E19,E22,E25) -> 62 | F28: =SUM(F19,F22,F25) -> 88 | G28: =SUM(G19,G22,G25) -> 55 | H28: =SUM(H19,H22,H25) -> 112 | I28: =SUM(I19,I22,I25) -> 105 | J28: =SUM(J19,J22,J25) -> 92 | K28: =SUM(K19,K22,K25) -> 118 | L28: =SUM(L19,L22,L25) -> 86 | ... U28: =SUM(U19,U22,U25) -> 100 | V28: =SUM(E28:U28) -> 1638
D29: PR | E29: =SUM(E20,E23,E26) -> 68 | F29: =SUM(F20,F23,F26) -> 86 | G29: =SUM(G20,G23,G26) -> 61 | H29: =SUM(H20,H23,H26) -> 118 | I29: =SUM(I20,I23,I26) -> 105 | J29: =SUM(J20,J23,J26) -> 94 | K29: =SUM(K20,K23,K26) -> 137 | L29: =SUM(L20,L23,L26) -> 99 | ... U29: =SUM(U20,U23,U26) -> 122 | V29: =SUM(E29:U29) -> 1778
D30: JML | E30: =SUM(E28:E29) -> 130 | F30: =SUM(F28:F29) -> 174 | G30: =SUM(G28:G29) -> 116 | H30: =SUM(H28:H29) -> 230 | I30: =SUM(I28:I29) -> 210 | J30: =SUM(J28:J29) -> 186 | K30: =SUM(K28:K29) -> 255 | L30: =SUM(L28:L29) -> 185 | ... U30: =SUM(U28:U29) -> 222 | V30: =SUM(E30:U30) -> 3416
A32: II | B32: DATA PENGGUNAAN SURAT SUARA
A33: 1 | B33: Jumlah surat suara yang diterima, termasuk surat suara cadangan 2,5% dari DPT | E33: 158 | F33: 203 | G33: 143 | H33: 287 | I33: 270 | J33: 232 | K33: 298 | L33: 227 | M33: 233 | N33: 253 | O33: 276 | P33: 236 | Q33: 247 | R33: 276 | S33: 258 | T33: 247 | U33: 267 | V33: =SUM(E33:U33) -> 4111
A34: 2 | B34: Jumlah surat suara yang digunakan | E34: 130 | F34: 174 | G34: 116 | H34: 230 | I34: 210 | J34: 186 | K34: 255 | L34: 185 | M34: 195 | N34: 205 | O34: 238 | P34: 205 | Q34: 226 | R34: 225 | S34: 203 | T34: 211 | U34: 222 | V34: =SUM(E34:U34) -> 3416
A35: 3 | B35: Jumlah surat suara dikembalikan oleh pemilih (karena rusak atau keliru coblos) | E35: 0 | F35: 0 | G35: 0 | H35: 0 | I35: 0 | J35: 1 | K35: 0 | L35: 3 | M35: 0 | N35: 0 | O35: 1 | P35: 0 | Q35: 2 | R35: 2 | S35: 1 | T35: 1 | U35: 0 | V35: =SUM(E35:U35) -> 11
A36: 4 | B36: Jumlah surat suara yang tidak digunakan/tidak terpakai, termasuk sisa surat suara cadangan | E36: =E33-(E34+E35) -> 28 | F36: =F33-(F34+F35) -> 29 | G36: =G33-(G34+G35) -> 27 | H36: =H33-(H34+H35) -> 57 | I36: =I33-(I34+I35) -> 60 | J36: =J33-(J34+J35) -> 45 | K36: =K33-(K34+K35) -> 43 | L36: =L33-(L34+L35) -> 39 | ... U36: =U33-(U34+U35) -> 45 | V36: =SUM(E36:U36) -> 684
A38: III | B38: DATA PEMILIH DISABILITAS
B39: Jumlah seluruh Pemilih disabilitas yang menggunakan hak pilih | D39: LK | E39: 0 | F39: 0 | G39: 0 | H39: 0 | I39: 2 | J39: 0 | K39: 0 | L39: 1 | M39: 0 | N39: 0 | O39: 0 | P39: 0 | Q39: 1 | R39: 0 | S39: 0 | T39: 0 | U39: 0 | V39: =SUM(E39:U39) -> 4
D40: PR | E40: 0 | F40: 0 | G40: 0 | H40: 0 | I40: 2 | J40: 0 | K40: 0 | L40: 0 | M40: 0 | N40: 3 | O40: 0 | P40: 0 | Q40: 0 | R40: 0 | S40: 0 | T40: 0 | U40: 0 | V40: =SUM(E40:U40) -> 5
D41: JML | E41: =SUM(E39:E40) -> 0 | F41: =SUM(F39:F40) -> 0 | G41: =SUM(G39:G40) -> 0 | H41: =SUM(H39:H40) -> 0 | I41: =SUM(I39:I40) -> 4 | J41: =SUM(J39:J40) -> 0 | K41: =SUM(K39:K40) -> 0 | L41: =SUM(L39:L40) -> 1 | ... U41: =SUM(U39:U40) -> 0 | V41: =SUM(E41:U41) -> 9
A43: IV | B43: DATA RINCIAN PEROLEHAN SUARA PASANGAN CALON BUPATI DAN WAKIL BUPATI
A44: NOMOR DAN NAMA CALON
A45: A.1 | B45: 1. | C45: Partai Kebangkitan Bangsa | E45: 8 | F45: 1 | G45: 10 | H45: 2 | I45: 2 | J45: 3 | K45: 3 | L45: 2 | M45: 2 | N45: 0 | O45: 0 | P45: 4 | Q45: 7 | R45: 3 | S45: 1 | T45: 3 | U45: 1 | V45: =SUM(E45:U45) -> 52
A46: A.2 | C46: 1. ARVY RIZALDY, S.E. | E46: 6 | F46: 6 | G46: 18 | H46: 1 | I46: 10 | J46: 10 | K46: 20 | L46: 10 | M46: 1 | N46: 7 | O46: 13 | P46: 17 | Q46: 26 | R46: 25 | S46: 9 | T46: 2 | U46: 7 | V46: =SUM(E46:U46) -> 188
C47: 2. HILMI MUSTOFA | E47: 1 | F47: 2 | G47: 0 | H47: 1 | I47: 2 | J47: 5 | K47: 16 | L47: 11 | M47: 3 | N47: 2 | O47: 6 | P47: 6 | Q47: 2 | R47: 6 | S47: 2 | T47: 5 | U47: 3 | V47: =SUM(E47:U47) -> 73
C48: 3. RUSDIANAH, A.Ma.Pd | E48: 0 | F48: 0 | G48: 0 | H48: 0 | I48: 0 | J48: 0 | K48: 1 | L48: 3 | M48: 0 | N48: 3 | O48: 0 | P48: 1 | Q48: 0 | R48: 0 | S48: 0 | T48: 0 | U48: 1 | V48: =SUM(E48:U48) -> 9
C49: 4. USMAN YUSUF | E49: 0 | F49: 0 | G49: 1 | H49: 0 | I49: 0 | J49: 0 | K49: 0 | L49: 0 | M49: 0 | N49: 0 | O49: 0 | P49: 0 | Q49: 0 | R49: 0 | S49: 0 | T49: 0 | U49: 0 | V49: =SUM(E49:U49) -> 1
C50: 5. SA`ADAH | E50: 0 | F50: 0 | G50: 0 | H50: 0 | I50: 0 | J50: 0 | K50: 1 | L50: 0 | M50: 0 | N50: 0 | O50: 1 | P50: 0 | Q50: 0 | R50: 2 | S50: 0 | T50: 0 | U50: 0 | V50: =SUM(E50:U50) -> 4
C51: 6. FARIHA HASANATUL AMALIA | E51: 0 | F51: 0 | G51: 0 | H51: 0 | I51: 0 | J51: 0 | K51: 0 | L51: 0 | M51: 0 | N51: 0 | O51: 0 | P51: 0 | Q51: 1 | R51: 0 | S51: 0 | T51: 0 | U51: 0 | V51: =SUM(E51:U51) -> 1
A52: B | B52: JUMLAH SUARA SAH PARTAI POLITIK DAN CALON (A1 + A2) | E52: =SUM(E45:E51) -> 15 | F52: =SUM(F45:F51) -> 9 | G52: =SUM(G45:G51) -> 29 | H52: =SUM(H45:H51) -> 4 | I52: =SUM(I45:I51) -> 14 | J52: =SUM(J45:J51) -> 18 | K52: =SUM(K45:K51) -> 41 | L52: =SUM(L45:L51) -> 26 | ... V52: =SUM(V45:V51) -> 328
A54: A.1 | B54: 2. | C54: Partai Gerakan Indonesia Raya | E54: 7 | F54: 7 | G54: 5 | H54: 4 | I54: 8 | J54: 4 | K54: 9 | L54: 3 | M54: 5 | N54: 6 | O54: 0 | P54: 2 | Q54: 8 | R54: 6 | S54: 3 | T54: 2 | U54: 4 | V54: =SUM(E54:U54) -> 83
A55: A.2 | C55: 1. SUPARMAN EDY H. | E55: 0 | F55: 4 | G55: 1 | H55: 1 | I55: 0 | J55: 1 | K55: 1 | L55: 0 | M55: 1 | N55: 1 | O55: 1 | P55: 1 | Q55: 3 | R55: 3 | S55: 1 | T55: 3 | U55: 0 | V55: =SUM(E55:U55) -> 22
C56: 2. NASIKHUN AMIN | E56: 0 | F56: 1 | G56: 1 | H56: 1 | I56: 1 | J56: 1 | K56: 2 | L56: 2 | M56: 0 | N56: 1 | O56: 1 | P56: 2 | Q56: 4 | R56: 1 | S56: 1 | T56: 0 | U56: 1 | V56: =SUM(E56:U56) -> 20
C57: 3. ENY SETIAWATI, S.H | E57: 0 | F57: 0 | G57: 1 | H57: 3 | I57: 1 | J57: 1 | K57: 0 | L57: 1 | M57: 3 | N57: 1 | O57: 0 | P57: 0 | Q57: 0 | R57: 0 | S57: 0 | T57: 0 | U57: 1 | V57: =SUM(E57:U57) -> 12
C58: 4. H. ABDUL QODIR, S.H., M.H. | E58: 0 | F58: 0 | G58: 0 | H58: 0 | I58: 1 | J58: 0 | K58: 0 | L58: 0 | M58: 0 | N58: 0 | O58: 0 | P58: 0 | Q58: 0 | R58: 2 | S58: 0 | T58: 2 | U58: 1 | V58: =SUM(E58:U58) -> 6
C59: 5. FATMAWATI, S.E. | E59: 1 | F59: 0 | G59: 1 | H59: 0 | I59: 0 | J59: 0 | K59: 0 | L59: 0 | M59: 1 | N59: 1 | O59: 0 | P59: 0 | Q59: 0 | R59: 0 | S59: 0 | T59: 0 | U59: 1 | V59: =SUM(E59:U59) -> 5
C60: 6. NANANG NUR AHMADI | E60: 0 | F60: 3 | G60: 0 | H60: 2 | I60: 7 | J60: 10 | K60: 4 | L60: 4 | M60: 3 | N60: 5 | O60: 15 | P60: 7 | Q60: 4 | R60: 18 | S60: 6 | T60: 2 | U60: 8 | V60: =SUM(E60:U60) -> 98
A61: B | B61: JUMLAH SUARA SAH PARTAI POLITIK DAN CALON (A1 + A2) | E61: =SUM(E54:E60) -> 8 | F61: =SUM(F54:F60) -> 15 | G61: =SUM(G54:G60) -> 9 | H61: =SUM(H54:H60) -> 11 | I61: =SUM(I54:I60) -> 18 | J61: =SUM(J54:J60) -> 17 | K61: =SUM(K54:K60) -> 16 | L61: =SUM(L54:L60) -> 10 | ... V61: =SUM(V54:V60) -> 246
A63: A.1 | B63: 3. | C63: Partai Demokrasi Indonesia Perjuangan | E63: 3 | F63: 5 | G63: 5 | H63: 16 | I63: 20 | J63: 12 | K63: 17 | L63: 6 | M63: 1 | N63: 8 | O63: 1 | P63: 6 | Q63: 3 | R63: 6 | S63: 5 | T63: 11 | U63: 6 | V63: =SUM(E63:U63) -> 131
A64: A.2 | C64: 1. WAGIANTO | E64: 2 | F64: 1 | G64: 2 | H64: 1 | I64: 3 | J64: 2 | K64: 2 | L64: 2 | M64: 3 | N64: 5 | O64: 16 | P64: 1 | Q64: 4 | R64: 42 | S64: 13 | T64: 11 | U64: 6 | V64: =SUM(E64:U64) -> 116
C65: 2. ERIK TRISDIANTANA | E65: 0 | F65: 0 | G65: 0 | H65: 0 | I65: 1 | J65: 1 | K65: 0 | L65: 1 | M65: 1 | N65: 0 | O65: 0 | P65: 0 | Q65: 1 | R65: 2 | S65: 2 | T65: 1 | U65: 0 | V65: =SUM(E65:U65) -> 10
C66: 3. NI GALUH PARWATI | E66: 2 | F66: 6 | G66: 1 | H66: 100 | I66: 62 | J66: 36 | K66: 59 | L66: 41 | M66: 66 | N66: 29 | O66: 38 | P66: 16 | Q66: 32 | R66: 25 | S66: 34 | T66: 62 | U66: 41 | V66: =SUM(E66:U66) -> 650
C67: 4. DZULFIKAR REZKY | E67: 2 | F67: 0 | G67: 1 | H67: 1 | I67: 2 | J67: 1 | K67: 0 | L67: 0 | M67: 0 | N67: 0 | O67: 1 | P67: 0 | Q67: 1 | R67: 1 | S67: 0 | T67: 7 | U67: 0 | V67: =SUM(E67:U67) -> 17
C68: 5. AMALIYAH | E68: 3 | F68: 1 | G68: 0 | H68: 2 | I68: 2 | J68: 2 | K68: 0 | L68: 0 | M68: 0 | N68: 10 | O68: 0 | P68: 1 | Q68: 2 | R68: 0 | S68: 0 | T68: 1 | U68: 0 | V68: =SUM(E68:U68) -> 24
C69: 6. PUTRI PARAMITA CIPTASARI | E69: 1 | F69: 0 | G69: 0 | H69: 0 | I69: 0 | J69: 2 | K69: 1 | L69: 1 | M69: 0 | N69: 0 | O69: 0 | P69: 0 | Q69: 1 | R69: 0 | S69: 0 | T69: 1 | U69: 0 | V69: =SUM(E69:U69) -> 7
A70: B | B70: JUMLAH SUARA SAH PARTAI POLITIK DAN CALON (A1 + A2) | E70: =SUM(E63:E69) -> 13 | F70: =SUM(F63:F69) -> 13 | G70: =SUM(G63:G69) -> 9 | H70: =SUM(H63:H69) -> 120 | I70: =SUM(I63:I69) -> 90 | J70: =SUM(J63:J69) -> 56 | K70: =SUM(K63:K69) -> 79 | L70: =SUM(L63:L69) -> 51 | ... V70: =SUM(V63:V69) -> 955
A72: A.1 | B72: 4. | C72: Partai Golongan Karya | E72: 9 | F72: 15 | G72: 5 | H72: 2 | I72: 9 | J72: 1 | K72: 3 | L72: 6 | M72: 4 | N72: 2 | O72: 4 | P72: 0 | Q72: 7 | R72: 1 | S72: 5 | T72: 3 | U72: 6 | V72: =SUM(E72:U72) -> 82
A73: A.2 | C73: 1. MARIFATUL KAMILA, S.H. | E73: 17 | F73: 55 | G73: 41 | H73: 25 | I73: 15 | J73: 22 | K73: 36 | L73: 52 | M73: 33 | N73: 78 | O73: 74 | P73: 32 | Q73: 33 | R73: 27 | S73: 66 | T73: 44 | U73: 67 | V73: =SUM(E73:U73) -> 717
C74: 2. KUSWORO, S.Pd. | E74: 0 | F74: 2 | G74: 0 | H74: 1 | I74: 0 | J74: 1 | K74: 0 | L74: 0 | M74: 0 | N74: 0 | O74: 0 | P74: 0 | Q74: 1 | R74: 0 | S74: 0 | T74: 0 | U74: 0 | V74: =SUM(E74:U74) -> 5
C75: 3. DIDIK SANTOSO, S.Pd. | E75: 0 | F75: 0 | G75: 0 | H75: 0 | I75: 0 | J75: 1 | K75: 1 | L75: 1 | M75: 0 | N75: 0 | O75: 0 | P75: 0 | Q75: 0 | R75: 0 | S75: 0 | T75: 0 | U75: 1 | V75: =SUM(E75:U75) -> 4
C76: 4. ASYIQ RAHMATULLAH, H | E76: 1 | F76: 1 | G76: 1 | H76: 0 | I76: 0 | J76: 0 | K76: 0 | L76: 0 | M76: 0 | N76: 0 | O76: 0 | P76: 0 | Q76: 0 | R76: 0 | S76: 1 | T76: 0 | U76: 0 | V76: =SUM(E76:U76) -> 4
C77: 5. ARI PANGESTI | E77: 0 | F77: 0 | G77: 0 | H77: 0 | I77: 0 | J77: 0 | K77: 1 | L77: 0 | M77: 0 | N77: 0 | O77: 0 | P77: 0 | Q77: 0 | R77: 0 | S77: 0 | T77: 0 | U77: 0 | V77: =SUM(E77:U77) -> 1
C78: 6. H. HANDOKO, S.E. | E78: 0 | F78: 1 | G78: 0 | H78: 0 | I78: 0 | J78: 0 | K78: 0 | L78: 0 | M78: 1 | N78: 0 | O78: 20 | P78: 18 | Q78: 17 | R78: 7 | S78: 9 | T78: 5 | U78: 7 | V78: =SUM(E78:U78) -> 85
A79: B | B79: JUMLAH SUARA SAH PARTAI POLITIK DAN CALON (A1 + A2) | E79: =SUM(E72:E78) -> 27 | F79: =SUM(F72:F78) -> 74 | G79: =SUM(G72:G78) -> 47 | H79: =SUM(H72:H78) -> 28 | I79: =SUM(I72:I78) -> 24 | J79: =SUM(J72:J78) -> 25 | K79: =SUM(K72:K78) -> 41 | L79: =SUM(L72:L78) -> 59 | ... V79: =SUM(V72:V78) -> 898
A81: A.1 | B81: 5. | C81: Partai NasDem | E81: 0 | F81: 2 | G81: 2 | H81: 1 | I81: 0 | J81: 0 | K81: 1 | L81: 0 | M81: 0 | N81: 0 | O81: 0 | P81: 1 | Q81: 2 | R81: 0 | S81: 1 | T81: 1 | U81: 0 | V81: =SUM(E81:U81) -> 11
A82: A.2 | C82: 1. H. EDI PURNOMO | E82: 1 | F82: 0 | G82: 1 | H82: 0 | I82: 0 | J82: 0 | K82: 0 | L82: 0 | M82: 0 | N82: 0 | O82: 0 | P82: 2 | Q82: 1 | R82: 5 | S82: 1 | T82: 0 | U82: 0 | V82: =SUM(E82:U82) -> 11
C83: 2. I GEDE SUDRO WICANO | E83: 1 | F83: 0 | G83: 0 | H83: 0 | I83: 0 | J83: 0 | K83: 0 | L83: 0 | M83: 0 | N83: 1 | O83: 8 | P83: 27 | Q83: 8 | R83: 2 | S83: 11 | T83: 11 | U83: 2 | V83: =SUM(E83:U83) -> 71
C84: 3. TRI MARVILA SUKMANA, S.H. | E84: 0 | F84: 1 | G84: 0 | H84: 0 | I84: 0 | J84: 0 | K84: 0 | L84: 0 | M84: 0 | N84: 0 | O84: 0 | P84: 0 | Q84: 0 | R84: 0 | S84: 0 | T84: 0 | U84: 0 | V84: =SUM(E84:U84) -> 1
C85: 4. ISLAMIYAH LESTARI | E85: 0 | F85: 0 | G85: 0 | H85: 0 | I85: 0 | J85: 0 | K85: 0 | L85: 0 | M85: 0 | N85: 0 | O85: 0 | P85: 0 | Q85: 0 | R85: 1 | S85: 0 | T85: 0 | U85: 0 | V85: =SUM(E85:U85) -> 1
C86: 5. LUTFI WAHYUDI | E86: 9 | F86: 0 | G86: 1 | H86: 0 | I86: 0 | J86: 1 | K86: 3 | L86: 1 | M86: 1 | N86: 0 | O86: 0 | P86: 1 | Q86: 0 | R86: 2 | S86: 0 | T86: 0 | U86: 0 | V86: =SUM(E86:U86) -> 19
C87: 6. AGUS MAIDO | E87: 0 | F87: 0 | G87: 0 | H87: 0 | I87: 0 | J87: 0 | K87: 0 | L87: 0 | M87: 0 | N87: 0 | O87: 0 | P87: 0 | Q87: 0 | R87: 0 | S87: 0 | T87: 0 | U87: 0 | V87: =SUM(E87:U87) -> 0
A88: B | B88: JUMLAH SUARA SAH PARTAI POLITIK DAN CALON (A1 + A2) | E88: =SUM(E81:E87) -> 11 | F88: =SUM(F81:F87) -> 3 | G88: =SUM(G81:G87) -> 4 | H88: =SUM(H81:H87) -> 1 | I88: =SUM(I81:I87) -> 0 | J88: =SUM(J81:J87) -> 1 | K88: =SUM(K81:K87) -> 4 | L88: =SUM(L81:L87) -> 1 | ... V88: =SUM(V81:V87) -> 114
A90: A.1 | B90: 6. | C90: Partai Buruh | E90: 0 | F90: 1 | G90: 0 | H90: 0 | I90: 0 | J90: 1 | K90: 0 | L90: 0 | M90: 0 | N90: 1 | O90: 0 | P90: 1 | Q90: 0 | R90: 0 | S90: 0 | T90: 0 | U90: 0 | V90: =SUM(E90:U90) -> 4
A91: A.2 | C91: 1. ERWIN SANTOSO | E91: 0 | F91: 0 | G91: 0 | H91: 0 | I91: 0 | J91: 0 | K91: 0 | L91: 0 | M91: 0 | N91: 0 | O91: 0 | P91: 0 | Q91: 0 | R91: 0 | S91: 0 | T91: 0 | U91: 1 | V91: =SUM(E91:U91) -> 1
A92: B | B92: JUMLAH SUARA SAH PARTAI POLITIK DAN CALON (A1 + A2) | E92: =SUM(E90:E91) -> 0 | F92: =SUM(F90:F91) -> 1 | G92: =SUM(G90:G91) -> 0 | H92: =SUM(H90:H91) -> 0 | I92: =SUM(I90:I91) -> 0 | J92: =SUM(J90:J91) -> 1 | K92: =SUM(K90:K91) -> 0 | L92: =SUM(L90:L91) -> 0 | ... V92: =SUM(V90:V91) -> 5
A94: A.1 | B94: 7. | C94: Partai Gelombang Rakyat Indonesia | E94: 1 | F94: 1 | G94: 0 | H94: 0 | I94: 0 | J94: 0 | K94: 0 | L94: 0 | M94: 1 | N94: 1 | O94: 1 | P94: 0 | Q94: 0 | R94: 0 | S94: 0 | T94: 0 | U94: 0 | V94: =SUM(E94:U94) -> 5
A95: A.2 | C95: 1. SUTRISNO | E95: 0 | F95: 0 | G95: 0 | H95: 0 | I95: 0 | J95: 0 | K95: 1 | L95: 0 | M95: 0 | N95: 0 | O95: 0 | P95: 0 | Q95: 0 | R95: 1 | S95: 0 | T95: 0 | U95: 0 | V95: =SUM(E95:U95) -> 2
C96: 2. MOH. ANNAS | E96: 0 | F96: 0 | G96: 0 | H96: 0 | I96: 0 | J96: 0 | K96: 0 | L96: 0 | M96: 0 | N96: 0 | O96: 0 | P96: 0 | Q96: 1 | R96: 0 | S96: 0 | T96: 0 | U96: 0 | V96: =SUM(E96:U96) -> 1
C97: 3. NI MADE AYU PUNIARSI | E97: 0 | F97: 0 | G97: 0 | H97: 0 | I97: 0 | J97: 0 | K97: 1 | L97: 0 | M97: 0 | N97: 0 | O97: 0 | P97: 0 | Q97: 0 | R97: 0 | S97: 0 | T97: 0 | U97: 0 | V97: =SUM(E97:U97) -> 1
C98: 4. HENDRA KURNIAWAN | E98: 0 | F98: 0 | G98: 0 | H98: 0 | I98: 0 | J98: 0 | K98: 0 | L98: 0 | M98: 0 | N98: 0 | O98: 0 | P98: 0 | Q98: 0 | R98: 0 | S98: 0 | T98: 0 | U98: 0 | V98: =SUM(E98:U98) -> 0
C99: 5. DEASY GITTA PERWITASARI | E99: 0 | F99: 0 | G99: 0 | H99: 0 | I99: 0 | J99: 0 | K99: 0 | L99: 0 | M99: 0 | N99: 0 | O99: 0 | P99: 0 | Q99: 0 | R99: 0 | S99: 0 | T99: 0 | U99: 0 | V99: =SUM(E99:U99) -> 0
C100: 6. SUPRAPTO | E100: 0 | F100: 0 | G100: 0 | H100: 0 | I100: 0 | J100: 0 | K100: 0 | L100: 1 | M100: 0 | N100: 0 | O100: 0 | P100: 0 | Q100: 0 | R100: 0 | S100: 0 | T100: 0 | U100: 0 | V100: =SUM(E100:U100) -> 1
A101: B | B101: JUMLAH SUARA SAH PARTAI POLITIK DAN CALON (A1 + A2) | E101: =SUM(E94:E100) -> 1 | F101: =SUM(F94:F100) -> 1 | G101: =SUM(G94:G100) -> 0 | H101: =SUM(H94:H100) -> 0 | I101: =SUM(I94:I100) -> 0 | J101: =SUM(J94:J100) -> 0 | K101: =SUM(K94:K100) -> 2 | L101: =SUM(L94:L100) -> 1 | ... V101: =SUM(V94:V100) -> 10
A103: A.1 | B103: 8. | C103: Partai Keadilan Sejahtera | E103: 0 | F103: 0 | G103: 0 | H103: 0 | I103: 0 | J103: 0 | K103: 0 | L103: 0 | M103: 0 | N103: 0 | O103: 0 | P103: 1 | Q103: 0 | R103: 0 | S103: 0 | T103: 0 | U103: 0 | V103: =SUM(E103:U103) -> 1
A104: A.2 | C104: 1. ARIEF WAHYUDI DJ, S.T. | E104: 0 | F104: 0 | G104: 0 | H104: 2 | I104: 1 | J104: 0 | K104: 0 | L104: 0 | M104: 0 | N104: 0 | O104: 0 | P104: 0 | Q104: 1 | R104: 0 | S104: 0 | T104: 0 | U104: 0 | V104: =SUM(E104:U104) -> 4
C105: 2. SUMAJI | E105: 0 | F105: 0 | G105: 0 | H105: 0 | I105: 0 | J105: 0 | K105: 0 | L105: 0 | M105: 0 | N105: 0 | O105: 0 | P105: 0 | Q105: 0 | R105: 0 | S105: 0 | T105: 0 | U105: 0 | V105: =SUM(E105:U105) -> 0
C106: 3. LILIK MARIYANA, S.Pd. | E106: 0 | F106: 0 | G106: 0 | H106: 0 | I106: 0 | J106: 0 | K106: 1 | L106: 0 | M106: 0 | N106: 0 | O106: 0 | P106: 0 | Q106: 0 | R106: 0 | S106: 0 | T106: 0 | U106: 0 | V106: =SUM(E106:U106) -> 1
C107: 4. M. HARUN | E107: 0 | F107: 0 | G107: 0 | H107: 1 | I107: 0 | J107: 0 | K107: 0 | L107: 0 | M107: 0 | N107: 0 | O107: 0 | P107: 0 | Q107: 0 | R107: 0 | S107: 0 | T107: 0 | U107: 0 | V107: =SUM(E107:U107) -> 1
C108: 5. SHOLIHIN, S.P. | E108: 0 | F108: 0 | G108: 0 | H108: 0 | I108: 0 | J108: 0 | K108: 0 | L108: 0 | M108: 0 | N108: 0 | O108: 0 | P108: 0 | Q108: 0 | R108: 0 | S108: 0 | T108: 0 | U108: 0 | V108: =SUM(E108:U108) -> 0
C109: 6. HANIFATUL IMTITSAL, S.K.M. | E109: 0 | F109: 0 | G109: 0 | H109: 0 | I109: 0 | J109: 0 | K109: 0 | L109: 0 | M109: 0 | N109: 0 | O109: 0 | P109: 0 | Q109: 0 | R109: 0 | S109: 0 | T109: 0 | U109: 0 | V109: =SUM(E109:U109) -> 0
A110: B | B110: JUMLAH SUARA SAH PARTAI POLITIK DAN CALON (A1 + A2) | E110: =SUM(E103:E109) -> 0 | F110: =SUM(F103:F109) -> 0 | G110: =SUM(G103:G109) -> 0 | H110: =SUM(H103:H109) -> 3 | I110: =SUM(I103:I109) -> 1 | J110: =SUM(J103:J109) -> 0 | K110: =SUM(K103:K109) -> 1 | L110: =SUM(L103:L109) -> 0 | ... V110: =SUM(V103:V109) -> 7
A112: A.1 | B112: 9. | C112: Partai Kebangkitan Nusantara | E112: 0 | F112: 0 | G112: 0 | H112: 0 | I112: 0 | J112: 0 | K112: 0 | L112: 0 | M112: 0 | N112: 0 | O112: 0 | P112: 0 | Q112: 0 | R112: 0 | S112: 0 | T112: 0 | U112: 0 | V112: =SUM(E112:U112) -> 0
A113: A.2 | C113: 1. AGUS TARMIDI | E113: 0 | F113: 0 | G113: 0 | H113: 0 | I113: 0 | J113: 0 | K113: 0 | L113: 0 | M113: 0 | N113: 0 | O113: 0 | P113: 0 | Q113: 0 | R113: 0 | S113: 0 | T113: 0 | U113: 0 | V113: =SUM(E113:U113) -> 0
C114: 2. DIAH AYU PERDANA | E114: 0 | F114: 0 | G114: 0 | H114: 0 | I114: 1 | J114: 2 | K114: 0 | L114: 0 | M114: 0 | N114: 0 | O114: 0 | P114: 0 | Q114: 0 | R114: 0 | S114: 0 | T114: 0 | U114: 1 | V114: =SUM(E114:U114) -> 4
C115: 3. SITI SUNARSIH | E115: 0 | F115: 0 | G115: 0 | H115: 0 | I115: 0 | J115: 0 | K115: 0 | L115: 0 | M115: 0 | N115: 0 | O115: 0 | P115: 0 | Q115: 0 | R115: 0 | S115: 0 | T115: 0 | U115: 0 | V115: =SUM(E115:U115) -> 0
C116: 4. DIDIK BASUKI | E116: 0 | F116: 0 | G116: 0 | H116: 0 | I116: 0 | J116: 0 | K116: 0 | L116: 0 | M116: 0 | N116: 0 | O116: 0 | P116: 0 | Q116: 0 | R116: 0 | S116: 0 | T116: 0 | U116: 0 | V116: =SUM(E116:U116) -> 0
C117: 5. PUTRI SARI APRILIA | E117: 0 | F117: 0 | G117: 0 | H117: 0 | I117: 0 | J117: 0 | K117: 1 | L117: 0 | M117: 0 | N117: 0 | O117: 0 | P117: 0 | Q117: 0 | R117: 0 | S117: 0 | T117: 0 | U117: 0 | V117: =SUM(E117:U117) -> 1
C118: 6. H. IMAM SOLIKHIN, B.E. | E118: 0 | F118: 0 | G118: 0 | H118: 0 | I118: 0 | J118: 0 | K118: 0 | L118: 0 | M118: 0 | N118: 0 | O118: 0 | P118: 0 | Q118: 0 | R118: 0 | S118: 0 | T118: 0 | U118: 0 | V118: =SUM(E118:U118) -> 0
A119: B | B119: JUMLAH SUARA SAH PARTAI POLITIK DAN CALON (A1 + A2) | E119: =SUM(E112:E118) -> 0 | F119: =SUM(F112:F118) -> 0 | G119: =SUM(G112:G118) -> 0 | H119: =SUM(H112:H118) -> 0 | I119: =SUM(I112:I118) -> 1 | J119: =SUM(J112:J118) -> 2 | K119: =SUM(K112:K118) -> 1 | L119: =SUM(L112:L118) -> 0 | ... V119: =SUM(V112:V118) -> 5
...

Sheet BUBUK
C2: Kecamatan | D2: ROGOJAMPI
C3: Kabupaten | D3: BANYUWANGI
C4: Provinsi | D4: JAWA TIMUR
C9: Kelurahan | D9: BUBUK
A12: I | B12: DATA PEMILIH DAN PENGGUNAAN HAK PILIH | T12: JUMLAH AKHIR
A13: A | B13: DATA PEMILIH | E13: TPS 001 | F13: TPS 002 | G13: TPS 003 | H13: TPS 004 | I13: TPS 005 | J13: TPS 006 | K13: TPS 007 | L13: TPS 008 | M13: TPS 009 | N13: TPS 010 | O13: TPS 011 | P13: TPS 012 | Q13: TPS 013 | R13: TPS 014 | S13: TPS 015
B14: Jumlah Pemilih dalam Daftar Pemilih Tetap (DPT) | D14: LK | E14: 133 | F14: 134 | G14: 113 | H14: 131 | I14: 63 | J14: 107 | K14: 122 | L14: 112 | M14: 141 | N14: 149 | O14: 127 | P14: 137 | Q14: 137 | R14: 107 | S14: 144 | T14: =SUM(E14:S14) -> 1857
D15: PR | E15: 139 | F15: 128 | G15: 111 | H15: 134 | I15: 75 | J15: 130 | K15: 117 | L15: 115 | M15: 117 | N15: 138 | O15: 141 | P15: 130 | Q15: 130 | R15: 99 | S15: 129 | T15: =SUM(E15:S15) -> 1833
D16: JML | E16: =SUM(E14:E15) -> 272 | F16: =SUM(F14:F15) -> 262 | G16: =SUM(G14:G15) -> 224 | H16: =SUM(H14:H15) -> 265 | I16: =SUM(I14:I15) -> 138 | J16: =SUM(J14:J15) -> 237 | K16: =SUM(K14:K15) -> 239 | L16: =SUM(L14:L15) -> 227 | ... S16: =SUM(S14:S15) -> 273 | T16: =SUM(E16:S16) -> 3690
A18: B | B18: PENGGUNA HAK PILIH
B19: 1. | C19: Jumlah pengguna hak pilih dalam Daftar Pemilih Tetap (DPT) | D19: LK | E19: 108 | F19: 88 | G19: 82 | H19: 102 | I19: 46 | J19: 90 | K19: 94 | L19: 78 | M19: 87 | N19: 113 | O19: 101 | P19: 103 | Q19: 103 | R19: 94 | S19: 122 | T19: =SUM(E19:S19) -> 1411
D20: PR | E20: 119 | F20: 92 | G20: 77 | H20: 111 | I20: 58 | J20: 113 | K20: 105 | L20: 93 | M20: 86 | N20: 117 | O20: 120 | P20: 115 | Q20: 115 | R20: 91 | S20: 113 | T20: =SUM(E20:S20) -> 1525
D21: JML | E21: =SUM(E19:E20) -> 227 | F21: =SUM(F19:F20) -> 180 | G21: =SUM(G19:G20) -> 159 | H21: =SUM(H19:H20) -> 213 | I21: =SUM(I19:I20) -> 104 | J21: =SUM(J19:J20) -> 203 | K21: =SUM(K19:K20) -> 199 | L21: =SUM(L19:L20) -> 171 | ... S21: =SUM(S19:S20) -> 235 | T21: =SUM(E21:S21) -> 2936
B22: 2. | C22: Jumlah pengguna hak pilih dalam Daftar Pemilih Tambahan (DPTb) | D22: LK | E22: 1 | F22: 2 | G22: 0 | H22: 0 | I22: 0 | J22: 1 | K22: 0 | L22: 0 | M22: 0 | N22: 0 | O22: 0 | P22: 0 | Q22: 0 | R22: 1 | S22: 0 | T22: =SUM(E22:S22) -> 5
D23: PR | E23: 1 | F23: 3 | G23: 0 | H23: 1 | I23: 0 | J23: 1 | K23: 0 | L23: 0 | M23: 0 | N23: 0 | O23: 0 | P23: 0 | Q23: 0 | R23: 1 | S23: 0 | T23: =SUM(E23:S23) -> 7
D24: JML | E24: =SUM(E22:E23) -> 2 | F24: =SUM(F22:F23) -> 5 | G24: =SUM(G22:G23) -> 0 | H24: =SUM(H22:H23) -> 1 | I24: =SUM(I22:I23) -> 0 | J24: =SUM(J22:J23) -> 2 | K24: =SUM(K22:K23) -> 0 | L24: =SUM(L22:L23) -> 0 | ... S24: =SUM(S22:S23) -> 0 | T24: =SUM(E24:S24) -> 12
B25: 3. | C25: Jumlah pengguna hak pilih dalam Daftar Pemilih Khusus (DPK) | D25: LK | E25: 1 | F25: 0 | G25: 1 | H25: 0 | I25: 0 | J25: 2 | K25: 0 | L25: 1 | M25: 1 | N25: 0 | O25: 1 | P25: 0 | Q25: 0 | R25: 1 | S25: 2 | T25: =SUM(E25:S25) -> 10
D26: PR | E26: 0 | F26: 1 | G26: 0 | H26: 0 | I26: 0 | J26: 2 | K26: 0 | L26: 2 | M26: 0 | N26: 0 | O26: 3 | P26: 0 | Q26: 0 | R26: 2 | S26: 5 | T26: =SUM(E26:S26) -> 15
D27: JML | E27: =SUM(E25:E26) -> 1 | F27: =SUM(F25:F26) -> 1 | G27: =SUM(G25:G26) -> 1 | H27: =SUM(H25:H26) -> 0 | I27: =SUM(I25:I26) -> 0 | J27: =SUM(J25:J26) -> 4 | K27: =SUM(K25:K26) -> 0 | L27: =SUM(L25:L26) -> 3 | ... S27: =SUM(S25:S26) -> 7 | T27: =SUM(E27:S27) -> 25
B28: 4. | C28: Jumlah Pengguna Hak Pilih (B.1+B.2+B.3) | D28: LK | E28: =SUM(E19,E22,E25) -> 110 | F28: =SUM(F19,F22,F25) -> 90 | G28: =SUM(G19,G22,G25) -> 83 | H28: =SUM(H19,H22,H25) -> 102 | I28: =SUM(I19,I22,I25) -> 46 | J28: =SUM(J19,J22,J25) -> 93 | K28: =SUM(K19,K22,K25) -> 94 | L28: =SUM(L19,L22,L25) -> 79 | ... S28: =SUM(S19,S22,S25) -> 124 | T28: =SUM(E28:S28) -> 1426
D29: PR | E29: =SUM(E20,E23,E26) -> 120 | F29: =SUM(F20,F23,F26) -> 96 | G29: =SUM(G20,G23,G26) -> 77 | H29: =SUM(H20,H23,H26) -> 112 | I29: =SUM(I20,I23,I26) -> 58 | J29: =SUM(J20,J23,J26) -> 116 | K29: =SUM(K20,K23,K26) -> 105 | L29: =SUM(L20,L23,L26) -> 95 | ... S29: =SUM(S20,S23,S26) -> 118 | T29: =SUM(E29:S29) -> 1547
D30: JML | E30: =SUM(E28:E29) -> 230 | F30: =SUM(F28:F29) -> 186 | G30: =SUM(G28:G29) -> 160 | H30: =SUM(H28:H29) -> 214 | I30: =SUM(I28:I29) -> 104 | J30: =SUM(J28:J29) -> 209 | K30: =SUM(K28:K29) -> 199 | L30: =SUM(L28:L29) -> 174 | ... S30: =SUM(S28:S29) -> 242 | T30: =SUM(E30:S30) -> 2973
A32: II | B32: DATA PENGGUNAAN SURAT SUARA
A33: 1 | B33: Jumlah surat suara yang diterima, termasuk surat suara cadangan 2,5% dari DPT | E33: 279 | F33: 268 | G33: 229 | H33: 271 | I33: 141 | J33: 242 | K33: 245 | L33: 232 | M33: 264 | N33: 293 | O33: 274 | P33: 273 | Q33: 273 | R33: 211 | S33: 279 | T33: =SUM(E33:S33) -> 3774
A34: 2 | B34: Jumlah surat suara yang digunakan | E34: 230 | F34: 186 | G34: 160 | H34: 214 | I34: 104 | J34: 209 | K34: 199 | L34: 174 | M34: 174 | N34: 230 | O34: 225 | P34: 218 | Q34: 218 | R34: 190 | S34: 242 | T34: =SUM(E34:S34) -> 2973
A35: 3 | B35: Jumlah surat suara dikembalikan oleh pemilih (karena rusak atau keliru coblos) | E35: 0 | F35: 0 | G35: 0 | H35: 1 | I35: 0 | J35: 1 | K35: 0 | L35: 0 | M35: 0 | N35: 0 | O35: 0 | P35: 1 | Q35: 1 | R35: 0 | S35: 1 | T35: =SUM(E35:S35) -> 5
A36: 4 | B36: Jumlah surat suara yang tidak digunakan/tidak terpakai, termasuk sisa surat suara cadangan | E36: =E33-(E34+E35) -> 49 | F36: =F33-(F34+F35) -> 82 | G36: =G33-(G34+G35) -> 69 | H36: =H33-(H34+H35) -> 56 | I36: =I33-(I34+I35) -> 37 | J36: =J33-(J34+J35) -> 32 | K36: =K33-(K34+K35) -> 46 | L36: =L33-(L34+L35) -> 58 | ... S36: =S33-(S34+S35) -> 36 | T36: =SUM(E36:S36) -> 796
A38: III | B38: DATA PEMILIH DISABILITAS
B39: Jumlah seluruh Pemilih disabilitas yang menggunakan hak pilih | D39: LK | E39: 0 | F39: 0 | G39: 2 | H39: 1 | I39: 0 | J39: 1 | K39: 0 | L39: 0 | M39: 0 | N39: 0 | O39: 0 | P39: 0 | Q39: 0 | R39: 0 | S39: 0 | T39: =SUM(E39:S39) -> 4
D40: PR | E40: 0 | F40: 0 | G40: 1 | H40: 0 | I40: 0 | J40: 0 | K40: 0 | L40: 0 | M40: 0 | N40: 0 | O40: 0 | P40: 0 | Q40: 0 | R40: 0 | S40: 1 | T40: =SUM(E40:S40) -> 2
D41: JML | E41: =SUM(E39:E40) -> 0 | F41: =SUM(F39:F40) -> 0 | G41: =SUM(G39:G40) -> 3 | H41: =SUM(H39:H40) -> 1 | I41: =SUM(I39:I40) -> 0 | J41: =SUM(J39:J40) -> 1 | K41: =SUM(K39:K40) -> 0 | L41: =SUM(L39:L40) -> 0 | ... S41: =SUM(S39:S40) -> 1 | T41: =SUM(E41:S41) -> 6
A43: IV | B43: DATA RINCIAN PEROLEHAN SUARA PASANGAN CALON BUPATI DAN WAKIL BUPATI
A44: NOMOR DAN NAMA CALON
A45: A.1 | B45: 1. | C45: Partai Kebangkitan Bangsa | E45: 3 | F45: 5 | G45: 1 | H45: 3 | I45: 1 | J45: 3 | K45: 2 | L45: 5 | M45: 3 | N45: 13 | O45: 6 | P45: 7 | Q45: 7 | R45: 6 | S45: 8 | T45: =SUM(E45:S45) -> 73
A46: A.2 | C46: 1. ARVY RIZALDY, S.E. | E46: 48 | F46: 18 | G46: 6 | H46: 9 | I46: 0 | J46: 27 | K46: 24 | L46: 70 | M46: 29 | N46: 48 | O46: 34 | P46: 32 | Q46: 32 | R46: 61 | S46: 15 | T46: =SUM(E46:S46) -> 453
C47: 2. HILMI MUSTOFA | E47: 1 | F47: 0 | G47: 0 | H47: 0 | I47: 0 | J47: 4 | K47: 3 | L47: 1 | M47: 3 | N47: 0 | O47: 1 | P47: 1 | Q47: 1 | R47: 2 | S47: 2 | T47: =SUM(E47:S47) -> 19
C48: 3. RUSDIANAH, A.Ma.Pd | E48: 0 | F48: 0 | G48: 0 | H48: 0 | I48: 0 | J48: 0 | K48: 0 | L48: 0 | M48: 0 | N48: 0 | O48: 0 | P48: 0 | Q48: 0 | R48: 0 | S48: 0 | T48: =SUM(E48:S48) -> 0
C49: 4. USMAN YUSUF | E49: 0 | F49: 0 | G49: 0 | H49: 0 | I49: 0 | J49: 0 | K49: 0 | L49: 0 | M49: 0 | N49: 1 | O49: 0 | P49: 0 | Q49: 0 | R49: 0 | S49: 0 | T49: =SUM(E49:S49) -> 1
C50: 5. SA`ADAH | E50: 0 | F50: 0 | G50: 0 | H50: 0 | I50: 0 | J50: 0 | K50: 0 | L50: 0 | M50: 0 | N50: 0 | O50: 3 | P50: 0 | Q50: 0 | R50: 0 | S50: 0 | T50: =SUM(E50:S50) -> 3
C51: 6. FARIHA HASANATUL AMALIA | E51: 0 | F51: 0 | G51: 0 | H51: 0 | I51: 0 | J51: 0 | K51: 1 | L51: 0 | M51: 1 | N51: 0 | O51: 0 | P51: 0 | Q51: 0 | R51: 0 | S51: 0 | T51: =SUM(E51:S51) -> 2
A52: B | B52: JUMLAH SUARA SAH PARTAI POLITIK DAN CALON (A1 + A2) | E52: =SUM(E45:E51) -> 52 | F52: =SUM(F45:F51) -> 23 | G52: =SUM(G45:G51) -> 7 | H52: =SUM(H45:H51) -> 12 | I52: =SUM(I45:I51) -> 1 | J52: =SUM(J45:J51) -> 34 | K52: =SUM(K45:K51) -> 30 | L52: =SUM(L45:L51) -> 76 | ... T52: =SUM(T45:T51) -> 551
A54: A.1 | B54: 2. | C54: Partai Gerakan Indonesia Raya | E54: 1 | F54: 2 | G54: 0 | H54: 1 | I54: 1 | J54: 1 | K54: 9 | L54: 0 | M54: 2 | N54: 5 | O54: 5 | P54: 3 | Q54: 3 | R54: 4 | S54: 10 | T54: =SUM(E54:S54) -> 47
A55: A.2 | C55: 1. SUPARMAN EDY H. | E55: 2 | F55: 1 | G55: 0 | H55: 3 | I55: 1 | J55: 4 | K55: 1 | L55: 0 | M55: 4 | N55: 4 | O55: 1 | P55: 0 | Q55: 0 | R55: 0 | S55: 1 | T55: =SUM(E55:S55) -> 22
C56: 2. NASIKHUN AMIN | E56: 0 | F56: 2 | G56: 1 | H56: 0 | I56: 0 | J56: 1 | K56: 0 | L56: 0 | M56: 0 | N56: 0 | O56: 1 | P56: 0 | Q56: 0 | R56: 0 | S56: 1 | T56: =SUM(E56:S56) -> 6
C57: 3. ENY SETIAWATI, S.H | E57: 1 | F57: 0 | G57: 0 | H57: 1 | I57: 0 | J57: 0 | K57: 0 | L57: 0 | M57: 0 | N57: 0 | O57: 0 | P57: 0 | Q57: 0 | R57: 1 | S57: 0 | T57: =SUM(E57:S57) -> 3
C58: 4. H. ABDUL QODIR, S.H., M.H. | E58: 0 | F58: 1 | G58: 0 | H58: 1 | I58: 0 | J58: 0 | K58: 0 | L58: 0 | M58: 0 | N58: 0 | O58: 0 | P58: 0 | Q58: 0 | R58: 0 | S58: 0 | T58: =SUM(E58:S58) -> 2
C59: 5. FATMAWATI, S.E. | E59: 0 | F59: 0 | G59: 0 | H59: 0 | I59: 0 | J59: 0 | K59: 0 | L59: 0 | M59: 0 | N59: 0 | O59: 0 | P59: 0 | Q59: 0 | R59: 0 | S59: 0 | T59: =SUM(E59:S59) -> 0
C60: 6. NANANG NUR AHMADI | E60: 1 | F60: 0 | G60: 2 | H60: 2 | I60: 1 | J60: 8 | K60: 0 | L60: 0 | M60: 0 | N60: 0 | O60: 0 | P60: 0 | Q60: 0 | R60: 1 | S60: 0 | T60: =SUM(E60:S60) -> 15
A61: B | B61: JUMLAH SUARA SAH PARTAI POLITIK DAN CALON (A1 + A2) | E61: =SUM(E54:E60) -> 5 | F61: =SUM(F54:F60) -> 6 | G61: =SUM(G54:G60) -> 3 | H61: =SUM(H54:H60) -> 8 | I61: =SUM(I54:I60) -> 3 | J61: =SUM(J54:J60) -> 14 | K61: =SUM(K54:K60) -> 10 | L61: =SUM(L54:L60) -> 0 | ... T61: =SUM(T54:T60) -> 95
A63: A.1 | B63: 3. | C63: Partai Demokrasi Indonesia Perjuangan | E63: 4 | F63: 2 | G63: 5 | H63: 11 | I63: 3 | J63: 4 | K63: 2 | L63: 2 | M63: 6 | N63: 10 | O63: 2 | P63: 4 | Q63: 4 | R63: 4 | S63: 3 | T63: =SUM(E63:S63) -> 66
A64: A.2 | C64: 1. WAGIANTO | E64: 32 | F64: 37 | G64: 41 | H64: 54 | I64: 34 | J64: 13 | K64: 4 | L64: 7 | M64: 27 | N64: 55 | O64: 11 | P64: 11 | Q64: 11 | R64: 14 | S64: 17 | T64: =SUM(E64:S64) -> 368
C65: 2. ERIK TRISDIANTANA | E65: 0 | F65: 0 | G65: 0 | H65: 0 | I65: 1 | J65: 0 | K65: 0 | L65: 0 | M65: 0 | N65: 2 | O65: 1 | P65: 1 | Q65: 1 | R65: 0 | S65: 0 | T65: =SUM(E65:S65) -> 6
C66: 3. NI GALUH PARWATI | E66: 0 | F66: 0 | G66: 3 | H66: 0 | I66: 0 | J66: 1 | K66: 0 | L66: 0 | M66: 1 | N66: 0 | O66: 1 | P66: 5 | Q66: 5 | R66: 0 | S66: 6 | T66: =SUM(E66:S66) -> 22
C67: 4. DZULFIKAR REZKY | E67: 0 | F67: 0 | G67: 0 | H67: 0 | I67: 0 | J67: 0 | K67: 0 | L67: 1 | M67: 0 | N67: 0 | O67: 0 | P67: 0 | Q67: 0 | R67: 5 | S67: 0 | T67: =SUM(E67:S67) -> 6
C68: 5. AMALIYAH | E68: 0 | F68: 0 | G68: 0 | H68: 0 | I68: 0 | J68: 0 | K68: 0 | L68: 0 | M68: 0 | N68: 0 | O68: 0 | P68: 1 | Q68: 1 | R68: 2 | S68: 1 | T68: =SUM(E68:S68) -> 5
C69: 6. PUTRI PARAMITA CIPTASARI | E69: 0 | F69: 0 | G69: 0 | H69: 0 | I69: 0 | J69: 0 | K69: 0 | L69: 0 | M69: 0 | N69: 0 | O69: 0 | P69: 0 | Q69: 0 | R69: 0 | S69: 0 | T69: =SUM(E69:S69) -> 0
A70: B | B70: JUMLAH SUARA SAH PARTAI POLITIK DAN CALON (A1 + A2) | E70: =SUM(E63:E69) -> 36 | F70: =SUM(F63:F69) -> 39 | G70: =SUM(G63:G69) -> 49 | H70: =SUM(H63:H69) -> 65 | I70: =SUM(I63:I69) -> 38 | J70: =SUM(J63:J69) -> 18 | K70: =SUM(K63:K69) -> 6 | L70: =SUM(L63:L69) -> 10 | ... T70: =SUM(T63:T69) -> 473
A72: A.1 | B72: 4. | C72: Partai Golongan Karya | E72: 1 | F72: 2 | G72: 0 | H72: 1 | I72: 0 | J72: 0 | K72: 1 | L72: 0 | M72: 1 | N72: 0 | O72: 0 | P72: 1 | Q72: 1 | R72: 1 | S72: 1 | T72: =SUM(E72:S72) -> 10
A73: A.2 | C73: 1. MARIFATUL KAMILA, S.H. | E73: 1 | F73: 2 | G73: 1 | H73: 1 | I73: 0 | J73: 2 | K73: 0 | L73: 1 | M73: 1 | N73: 0 | O73: 1 | P73: 1 | Q73: 1 | R73: 0 | S73: 0 | T73: =SUM(E73:S73) -> 12
C74: 2. KUSWORO, S.Pd. | E74: 1 | F74: 0 | G74: 0 | H74: 0 | I74: 0 | J74: 0 | K74: 0 | L74: 0 | M74: 0 | N74: 0 | O74: 0 | P74: 0 | Q74: 0 | R74: 0 | S74: 0 | T74: =SUM(E74:S74) -> 1
C75: 3. DIDIK SANTOSO, S.Pd. | E75: 2 | F75: 0 | G75: 0 | H75: 0 | I75: 0 | J75: 0 | K75: 0 | L75: 0 | M75: 0 | N75: 0 | O75: 0 | P75: 0 | Q75: 0 | R75: 0 | S75: 0 | T75: =SUM(E75:S75) -> 2
C76: 4. ASYIQ RAHMATULLAH, H | E76: 0 | F76: 0 | G76: 0 | H76: 0 | I76: 0 | J76: 0 | K76: 0 | L76: 0 | M76: 0 | N76: 0 | O76: 0 | P76: 0 | Q76: 0 | R76: 0 | S76: 0 | T76: =SUM(E76:S76) -> 0
C77: 5. ARI PANGESTI | E77: 0 | F77: 0 | G77: 0 | H77: 0 | I77: 0 | J77: 0 | K77: 0 | L77: 0 | M77: 0 | N77: 0 | O77: 0 | P77: 0 | Q77: 0 | R77: 0 | S77: 0 | T77: =SUM(E77:S77) -> 0
C78: 6. H. HANDOKO, S.E. | E78: 10 | F78: 8 | G78: 2 | H78: 2 | I78: 1 | J78: 0 | K78: 0 | L78: 0 | M78: 1 | N78: 2 | O78: 0 | P78: 1 | Q78: 1 | R78: 0 | S78: 0 | T78: =SUM(E78:S78) -> 28
A79: B | B79: JUMLAH SUARA SAH PARTAI POLITIK DAN CALON (A1 + A2) | E79: =SUM(E72:E78) -> 15 | F79: =SUM(F72:F78) -> 12 | G79: =SUM(G72:G78) -> 3 | H79: =SUM(H72:H78) -> 4 | I79: =SUM(I72:I78) -> 1 | J79: =SUM(J72:J78) -> 2 | K79: =SUM(K72:K78) -> 1 | L79: =SUM(L72:L78) -> 1 | ... T79: =SUM(T72:T78) -> 53
A81: A.1 | B81: 5. | C81: Partai NasDem | E81: 3 | F81: 3 | G81: 4 | H81: 6 | I81: 0 | J81: 1 | K81: 4 | L81: 2 | M81: 1 | N81: 0 | O81: 2 | P81: 4 | Q81: 4 | R81: 2 | S81: 0 | T81: =SUM(E81:S81) -> 36
A82: A.2 | C82: 1. H. EDI PURNOMO | E82: 22 | F82: 18 | G82: 53 | H82: 72 | I82: 40 | J82: 13 | K82: 5 | L82: 0 | M82: 0 | N82: 1 | O82: 21 | P82: 36 | Q82: 36 | R82: 9 | S82: 29 | T82: =SUM(E82:S82) -> 355
C83: 2. I GEDE SUDRO WICANO | E83: 1 | F83: 0 | G83: 2 | H83: 1 | I83: 1 | J83: 41 | K83: 30 | L83: 7 | M83: 3 | N83: 11 | O83: 0 | P83: 1 | Q83: 1 | R83: 0 | S83: 0 | T83: =SUM(E83:S83) -> 99
C84: 3. TRI MARVILA SUKMANA, S.H. | E84: 0 | F84: 0 | G84: 0 | H84: 0 | I84: 0 | J84: 2 | K84: 0 | L84: 0 | M84: 0 | N84: 0 | O84: 0 | P84: 1 | Q84: 1 | R84: 0 | S84: 0 | T84: =SUM(E84:S84) -> 4
C85: 4. ISLAMIYAH LESTARI | E85: 0 | F85: 0 | G85: 0 | H85: 0 | I85: 0 | J85: 0 | K85: 0 | L85: 0 | M85: 0 | N85: 0 | O85: 0 | P85: 0 | Q85: 0 | R85: 0 | S85: 0 | T85: =SUM(E85:S85) -> 0
C86: 5. LUTFI WAHYUDI | E86: 0 | F86: 0 | G86: 0 | H86: 0 | I86: 0 | J86: 0 | K86: 0 | L86: 0 | M86: 0 | N86: 0 | O86: 1 | P86: 0 | Q86: 0 | R86: 0 | S86: 0 | T86: =SUM(E86:S86) -> 1
C87: 6. AGUS MAIDO | E87: 0 | F87: 0 | G87: 0 | H87: 0 | I87: 0 | J87: 0 | K87: 0 | L87: 0 | M87: 0 | N87: 0 | O87: 0 | P87: 0 | Q87: 0 | R87: 0 | S87: 0 | T87: =SUM(E87:S87) -> 0
A88: B | B88: JUMLAH SUARA SAH PARTAI POLITIK DAN CALON (A1 + A2) | E88: =SUM(E81:E87) -> 26 | F88: =SUM(F81:F87) -> 21 | G88: =SUM(G81:G87) -> 59 | H88: =SUM(H81:H87) -> 79 | I88: =SUM(I81:I87) -> 41 | J88: =SUM(J81:J87) -> 57 | K88: =SUM(K81:K87) -> 39 | L88: =SUM(L81:L87) -> 9 | ... T88: =SUM(T81:T87) -> 495
A90: A.1 | B90: 6. | C90: Partai Buruh | E90: 0 | F90: 0 | G90: 0 | H90: 0 | I90: 0 | J90: 0 | K90: 0 | L90: 0 | M90: 0 | N90: 0 | O90: 0 | P90: 0 | Q90: 0 | R90: 0 | S90: 0 | T90: =SUM(E90:S90) -> 0
A91: A.2 | C91: 1. ERWIN SANTOSO | E91: 0 | F91: 1 | G91: 0 | H91: 0 | I91: 0 | J91: 0 | K91: 0 | L91: 0 | M91: 0 | N91: 0 | O91: 0 | P91: 0 | Q91: 0 | R91: 0 | S91: 0 | T91: =SUM(E91:S91) -> 1
A92: B | B92: JUMLAH SUARA SAH PARTAI POLITIK DAN CALON (A1 + A2) | E92: =SUM(E90:E91) -> 0 | F92: =SUM(F90:F91) -> 1 | G92: =SUM(G90:G91) -> 0 | H92: =SUM(H90:H91) -> 0 | I92: =SUM(I90:I91) -> 0 | J92: =SUM(J90:J91) -> 0 | K92: =SUM(K90:K91) -> 0 | L92: =SUM(L90:L91) -> 0 | ... T92: =SUM(T90:T91) -> 1
A94: A.1 | B94: 7. | C94: Partai Gelombang Rakyat Indonesia | E94: 0 | F94: 0 | G94: 0 | H94: 0 | I94: 0 | J94: 0 | K94: 3 | L94: 0 | M94: 0 | N94: 0 | O94: 0 | P94: 0 | Q94: 0 | R94: 0 | S94: 0 | T94: =SUM(E94:S94) -> 3
A95: A.2 | C95: 1. SUTRISNO | E95: 0 | F95: 0 | G95: 0 | H95: 0 | I95: 0 | J95: 0 | K95: 0 | L95: 0 | M95: 0 | N95: 0 | O95: 0 | P95: 0 | Q95: 0 | R95: 0 | S95: 0 | T95: =SUM(E95:S95) -> 0
C96: 2. MOH. ANNAS | E96: 0 | F96: 0 | G96: 0 | H96: 0 | I96: 0 | J96: 1 | K96: 0 | L96: 0 | M96: 0 | N96: 0 | O96: 0 | P96: 0 | Q96: 0 | R96: 0 | S96: 0 | T96: =SUM(E96:S96) -> 1
C97: 3. NI MADE AYU PUNIARSI | E97: 0 | F97: 0 | G97: 0 | H97: 0 | I97: 0 | J97: 0 | K97: 0 | L97: 0 | M97: 0 | N97: 0 | O97: 0 | P97: 0 | Q97: 0 | R97: 0 | S97: 0 | T97: =SUM(E97:S97) -> 0
C98: 4. HENDRA KURNIAWAN | E98: 0 | F98: 0 | G98: 0 | H98: 0 | I98: 0 | J98: 0 | K98: 0 | L98: 0 | M98: 0 | N98: 0 | O98: 0 | P98: 0 | Q98: 0 | R98: 0 | S98: 0 | T98: =SUM(E98:S98) -> 0
C99: 5. DEASY GITTA PERWITASARI | E99: 0 | F99: 0 | G99: 0 | H99: 0 | I99: 0 | J99: 0 | K99: 0 | L99: 0 | M99: 0 | N99: 0 | O99: 0 | P99: 0 | Q99: 0 | R99: 0 | S99: 0 | T99: =SUM(E99:S99) -> 0
C100: 6. SUPRAPTO | E100: 0 | F100: 0 | G100: 0 | H100: 0 | I100: 0 | J100: 0 | K100: 0 | L100: 0 | M100: 2 | N100: 0 | O100: 0 | P100: 0 | Q100: 0 | R100: 0 | S100: 0 | T100: =SUM(E100:S100) -> 2
A101: B | B101: JUMLAH SUARA SAH PARTAI POLITIK DAN CALON (A1 + A2) | E101: =SUM(E94:E100) -> 0 | F101: =SUM(F94:F100) -> 0 | G101: =SUM(G94:G100) -> 0 | H101: =SUM(H94:H100) -> 0 | I101: =SUM(I94:I100) -> 0 | J101: =SUM(J94:J100) -> 1 | K101: =SUM(K94:K100) -> 3 | L101: =SUM(L94:L100) -> 0 | ... T101: =SUM(T94:T100) -> 6
A103: A.1 | B103: 8. | C103: Partai Keadilan Sejahtera | E103: 0 | F103: 0 | G103: 0 | H103: 0 | I103: 0 | J103: 0 | K103: 0 | L103: 0 | M103: 2 | N103: 0 | O103: 0 | P103: 0 | Q103: 0 | R103: 0 | S103: 0 | T103: =SUM(E103:S103) -> 2
A104: A.2 | C104: 1. ARIEF WAHYUDI DJ, S.T. | E104: 1 | F104: 0 | G104: 0 | H104: 0 | I104: 0 | J104: 1 | K104: 1 | L104: 0 | M104: 0 | N104: 0 | O104: 2 | P104: 0 | Q104: 0 | R104: 0 | S104: 0 | T104: =SUM(E104:S104) -> 5
C105: 2. SUMAJI | E105: 0 | F105: 0 | G105: 0 | H105: 0 | I105: 0 | J105: 0 | K105: 0 | L105: 0 | M105: 0 | N105: 0 | O105: 0 | P105: 0 | Q105: 0 | R105: 0 | S105: 0 | T105: =SUM(E105:S105) -> 0
C106: 3. LILIK MARIYANA, S.Pd. | E106: 0 | F106: 0 | G106: 0 | H106: 0 | I106: 0 | J106: 0 | K106: 0 | L106: 0 | M106: 1 | N106: 0 | O106: 0 | P106: 1 | Q106: 1 | R106: 0 | S106: 0 | T106: =SUM(E106:S106) -> 3
C107: 4. M. HARUN | E107: 0 | F107: 0 | G107: 0 | H107: 0 | I107: 0 | J107: 0 | K107: 0 | L107: 0 | M107: 0 | N107: 0 | O107: 0 | P107: 0 | Q107: 0 | R107: 0 | S107: 0 | T107: =SUM(E107:S107) -> 0
C108: 5. SHOLIHIN, S.P. | E108: 0 | F108: 0 | G108: 0 | H108: 0 | I108: 0 | J108: 0 | K108: 0 | L108: 0 | M108: 0 | N108: 0 | O108: 0 | P108: 0 | Q108: 0 | R108: 0 | S108: 0 | T108: =SUM(E108:S108) -> 0
C109: 6. HANIFATUL IMTITSAL, S.K.M. | E109: 0 | F109: 3 | G109: 0 | H109: 0 | I109: 0 | J109: 1 | K109: 1 | L109: 0 | M109: 1 | N109: 0 | O109: 0 | P109: 1 | Q109: 1 | R109: 2 | S109: 3 | T109: =SUM(E109:S109) -> 13
A110: B | B110: JUMLAH SUARA SAH PARTAI POLITIK DAN CALON (A1 + A2) | E110: =SUM(E103:E109) -> 1 | F110: =SUM(F103:F109) -> 3 | G110: =SUM(G103:G109) -> 0 | H110: =SUM(H103:H109) -> 0 | I110: =SUM(I103:I109) -> 0 | J110: =SUM(J103:J109) -> 2 | K110: =SUM(K103:K109) -> 2 | L110: =SUM(L103:L109) -> 0 | ... T110: =SUM(T103:T109) -> 23
A112: A.1 | B112: 9. | C112: Partai Kebangkitan Nusantara | E112: 0 | F112: 0 | G112: 0 | H112: 0 | I112: 0 | J112: 0 | K112: 0 | L112: 0 | M112: 0 | N112: 0 | O112: 0 | P112: 0 | Q112: 0 | R112: 0 | S112: 0 | T112: =SUM(E112:S112) -> 0
A113: A.2 | C113: 1. AGUS TARMIDI | E113: 0 | F113: 0 | G113: 0 | H113: 0 | I113: 0 | J113: 0 | K113: 0 | L113: 0 | M113: 0 | N113: 0 | O113: 0 | P113: 0 | Q113: 0 | R113: 0 | S113: 0 | T113: =SUM(E113:S113) -> 0
C114: 2. DIAH AYU PERDANA | E114: 0 | F114: 0 | G114: 0 | H114: 0 | I114: 0 | J114: 0 | K114: 0 | L114: 0 | M114: 0 | N114: 0 | O114: 0 | P114: 0 | Q114: 0 | R114: 0 | S114: 0 | T114: =SUM(E114:S114) -> 0
C115: 3. SITI SUNARSIH | E115: 0 | F115: 0 | G115: 0 | H115: 0 | I115: 0 | J115: 0 | K115: 0 | L115: 0 | M115: 0 | N115: 0 | O115: 0 | P115: 0 | Q115: 0 | R115: 0 | S115: 0 | T115: =SUM(E115:S115) -> 0
C116: 4. DIDIK BASUKI | E116: 0 | F116: 0 | G116: 0 | H116: 0 | I116: 0 | J116: 0 | K116: 0 | L116: 0 | M116: 0 | N116: 0 | O116: 0 | P116: 0 | Q116: 0 | R116: 0 | S116: 0 | T116: =SUM(E116:S116) -> 0
C117: 5. PUTRI SARI APRILIA | E117: 0 | F117: 0 | G117: 0 | H117: 0 | I117: 0 | J117: 0 | K117: 0 | L117: 0 | M117: 0 | N117: 0 | O117: 0 | P117: 0 | Q117: 0 | R117: 0 | S117: 0 | T117: =SUM(E117:S117) -> 0
C118: 6. H. IMAM SOLIKHIN, B.E. | E118: 0 | F118: 0 | G118: 0 | H118: 0 | I118: 0 | J118: 0 | K118: 0 | L118: 0 | M118: 0 | N118: 0 | O118: 0 | P118: 0 | Q118: 0 | R118: 0 | S118: 0 | T118: =SUM(E118:S118) -> 0
A119: B | B119: JUMLAH SUARA SAH PARTAI POLITIK DAN CALON (A1 + A2) | E119: =SUM(E112:E118) -> 0 | F119: =SUM(F112:F118) -> 0 | G119: =SUM(G112:G118) -> 0 | H119: =SUM(H112:H118) -> 0 | I119: =SUM(I112:I118) -> 0 | J119: =SUM(J112:J118) -> 0 | K119: =SUM(K112:K118) -> 0 | L119: =SUM(L112:L118) -> 0 | ... T119: =SUM(T112:T118) -> 0
...

Sheet GITIK
C2: Kecamatan | D2: ROGOJAMPI
C3: Kabupaten | D3: BANYUWANGI
C4: Provinsi | D4: JAWA TIMUR
C9: Kelurahan | D9: GITIK
A12: I | B12: DATA PEMILIH DAN PENGGUNAAN HAK PILIH | N12: JUMLAH AKHIR
A13: A | B13: DATA PEMILIH | E13: TPS 001 | F13: TPS 002 | G13: TPS 003 | H13: TPS 004 | I13: TPS 005 | J13: TPS 006 | K13: TPS 007 | L13: TPS 008 | M13: TPS 009
B14: Jumlah Pemilih dalam Daftar Pemilih Tetap (DPT) | D14: LK | E14: 125 | F14: 119 | G14: 113 | H14: 136 | I14: 139 | J14: 128 | K14: 139 | L14: 138 | M14: 91 | N14: =SUM(E14:M14) -> 1128
D15: PR | E15: 115 | F15: 118 | G15: 131 | H15: 138 | I15: 149 | J15: 144 | K15: 143 | L15: 140 | M15: 92 | N15: =SUM(E15:M15) -> 1170
D16: JML | E16: =SUM(E14:E15) -> 240 | F16: =SUM(F14:F15) -> 237 | G16: =SUM(G14:G15) -> 244 | H16: =SUM(H14:H15) -> 274 | I16: =SUM(I14:I15) -> 288 | J16: =SUM(J14:J15) -> 272 | K16: =SUM(K14:K15) -> 282 | L16: =SUM(L14:L15) -> 278 | M16: =SUM(M14:M15) -> 183 | N16: =SUM(E16:M16) -> 2298
A18: B | B18: PENGGUNA HAK PILIH
B19: 1. | C19: Jumlah pengguna hak pilih dalam Daftar Pemilih Tetap (DPT) | D19: LK | E19: 104 | F19: 93 | G19: 88 | H19: 109 | I19: 103 | J19: 107 | K19: 103 | L19: 93 | M19: 65 | N19: =SUM(E19:M19) -> 865
D20: PR | E20: 103 | F20: 96 | G20: 109 | H20: 117 | I20: 114 | J20: 119 | K20: 111 | L20: 101 | M20: 74 | N20: =SUM(E20:M20) -> 944
D21: JML | E21: =SUM(E19:E20) -> 207 | F21: =SUM(F19:F20) -> 189 | G21: =SUM(G19:G20) -> 197 | H21: =SUM(H19:H20) -> 226 | I21: =SUM(I19:I20) -> 217 | J21: =SUM(J19:J20) -> 226 | K21: =SUM(K19:K20) -> 214 | L21: =SUM(L19:L20) -> 194 | M21: =SUM(M19:M20) -> 139 | N21: =SUM(E21:M21) -> 1809
B22: 2. | C22: Jumlah pengguna hak pilih dalam Daftar Pemilih Tambahan (DPTb) | D22: LK | E22: 0 | F22: 0 | G22: 1 | H22: 0 | I22: 0 | J22: 1 | K22: 0 | L22: 0 | M22: 0 | N22: =SUM(E22:M22) -> 2
D23: PR | E23: 0 | F23: 0 | G23: 1 | H23: 0 | I23: 0 | J23: 1 | K23: 0 | L23: 2 | M23: 0 | N23: =SUM(E23:M23) -> 4
D24: JML | E24: =SUM(E22:E23) -> 0 | F24: =SUM(F22:F23) -> 0 | G24: =SUM(G22:G23) -> 2 | H24: =SUM(H22:H23) -> 0 | I24: =SUM(I22:I23) -> 0 | J24: =SUM(J22:J23) -> 2 | K24: =SUM(K22:K23) -> 0 | L24: =SUM(L22:L23) -> 2 | M24: =SUM(M22:M23) -> 0 | N24: =SUM(E24:M24) -> 6
B25: 3. | C25: Jumlah pengguna hak pilih dalam Daftar Pemilih Khusus (DPK) | D25: LK | E25: 3 | F25: 3 | G25: 0 | H25: 0 | I25: 1 | J25: 1 | K25: 0 | L25: 2 | M25: 1 | N25: =SUM(E25:M25) -> 11
D26: PR | E26: 0 | F26: 4 | G26: 0 | H26: 0 | I26: 1 | J26: 4 | K26: 0 | L26: 0 | M26: 1 | N26: =SUM(E26:M26) -> 10
D27: JML | E27: =SUM(E25:E26) -> 3 | F27: =SUM(F25:F26) -> 7 | G27: =SUM(G25:G26) -> 0 | H27: =SUM(H25:H26) -> 0 | I27: =SUM(I25:I26) -> 2 | J27: =SUM(J25:J26) -> 5 | K27: =SUM(K25:K26) -> 0 | L27: =SUM(L25:L26) -> 2 | M27: =SUM(M25:M26) -> 2 | N27: =SUM(E27:M27) -> 21
B28: 4. | C28: Jumlah Pengguna Hak Pilih (B.1+B.2+B.3) | D28: LK | E28: =SUM(E19,E22,E25) -> 107 | F28: =SUM(F19,F22,F25) -> 96 | G28: =SUM(G19,G22,G25) -> 89 | H28: =SUM(H19,H22,H25) -> 109 | I28: =SUM(I19,I22,I25) -> 104 | J28: =SUM(J19,J22,J25) -> 109 | K28: =SUM(K19,K22,K25) -> 103 | L28: =SUM(L19,L22,L25) -> 95 | M28: =SUM(M19,M22,M25) -> 66 | N28: =SUM(E28:M28) -> 878
D29: PR | E29: =SUM(E20,E23,E26) -> 103 | F29: =SUM(F20,F23,F26) -> 100 | G29: =SUM(G20,G23,G26) -> 110 | H29: =SUM(H20,H23,H26) -> 117 | I29: =SUM(I20,I23,I26) -> 115 | J29: =SUM(J20,J23,J26) -> 124 | K29: =SUM(K20,K23,K26) -> 111 | L29: =SUM(L20,L23,L26) -> 103 | M29: =SUM(M20,M23,M26) -> 75 | N29: =SUM(E29:M29) -> 958
D30: JML | E30: =SUM(E28:E29) -> 210 | F30: =SUM(F28:F29) -> 196 | G30: =SUM(G28:G29) -> 199 | H30: =SUM(H28:H29) -> 226 | I30: =SUM(I28:I29) -> 219 | J30: =SUM(J28:J29) -> 233 | K30: =SUM(K28:K29) -> 214 | L30: =SUM(L28:L29) -> 198 | M30: =SUM(M28:M29) -> 141 | N30: =SUM(E30:M30) -> 1836
A32: II | B32: DATA PENGGUNAAN SURAT SUARA
A33: 1 | B33: Jumlah surat suara yang diterima, termasuk surat suara cadangan 2,5% dari DPT | E33: 245 | F33: 242 | G33: 249 | H33: 280 | I33: 294 | J33: 278 | K33: 288 | L33: 284 | M33: 187 | N33: =SUM(E33:M33) -> 2347
A34: 2 | B34: Jumlah surat suara yang digunakan | E34: 210 | F34: 196 | G34: 199 | H34: 226 | I34: 219 | J34: 233 | K34: 214 | L34: 198 | M34: 141 | N34: =SUM(E34:M34) -> 1836
A35: 3 | B35: Jumlah surat suara dikembalikan oleh pemilih (karena rusak atau keliru coblos) | E35: 3 | F35: 0 | G35: 1 | H35: 0 | I35: 0 | J35: 0 | K35: 1 | L35: 0 | M35: 0 | N35: =SUM(E35:M35) -> 5
A36: 4 | B36: Jumlah surat suara yang tidak digunakan/tidak terpakai, termasuk sisa surat suara cadangan | E36: =E33-(E34+E35) -> 32 | F36: =F33-(F34+F35) -> 46 | G36: =G33-(G34+G35) -> 49 | H36: =H33-(H34+H35) -> 54 | I36: =I33-(I34+I35) -> 75 | J36: =J33-(J34+J35) -> 45 | K36: =K33-(K34+K35) -> 73 | L36: =L33-(L34+L35) -> 86 | M36: =M33-(M34+M35) -> 46 | N36: =SUM(E36:M36) -> 506
A38: III | B38: DATA PEMILIH DISABILITAS
B39: Jumlah seluruh Pemilih disabilitas yang menggunakan hak pilih | D39: LK | N39: =SUM(E39:M39) -> 0
D40: PR | N40: =SUM(E40:M40) -> 0
D41: JML | E41: =SUM(E39:E40) -> 0 | F41: =SUM(F39:F40) -> 0 | G41: =SUM(G39:G40) -> 0 | H41: =SUM(H39:H40) -> 0 | I41: =SUM(I39:I40) -> 0 | J41: =SUM(J39:J40) -> 0 | K41: =SUM(K39:K40) -> 0 | L41: =SUM(L39:L40) -> 0 | M41: =SUM(M39:M40) -> 0 | N41: =SUM(E41:M41) -> 0
A43: IV | B43: DATA RINCIAN PEROLEHAN SUARA PASANGAN CALON BUPATI DAN WAKIL BUPATI
A44: NOMOR DAN NAMA CALON
A45: A.1 | B45: 1. | C45: Partai Kebangkitan Bangsa | E45: 12 | F45: 14 | G45: 3 | H45: 9 | I45: 11 | J45: 7 | K45: 5 | L45: 7 | M45: 8 | N45: =SUM(E45:M45) -> 76
A46: A.2 | C46: 1. ARVY RIZALDY, S.E. | E46: 40 | F46: 57 | G46: 15 | H46: 38 | I46: 32 | J46: 57 | K46: 13 | L46: 55 | M46: 90 | N46: =SUM(E46:M46) -> 397
C47: 2. HILMI MUSTOFA | E47: 3 | F47: 5 | G47: 1 | H47: 3 | I47: 2 | J47: 0 | K47: 6 | L47: 6 | M47: 3 | N47: =SUM(E47:M47) -> 29
C48: 3. RUSDIANAH, A.Ma.Pd | E48: 1 | F48: 0 | G48: 0 | H48: 1 | I48: 0 | J48: 0 | K48: 1 | L48: 0 | M48: 0 | N48: =SUM(E48:M48) -> 3
C49: 4. USMAN YUSUF | E49: 0 | F49: 0 | G49: 0 | H49: 0 | I49: 0 | J49: 0 | K49: 0 | L49: 0 | M49: 0 | N49: =SUM(E49:M49) -> 0
C50: 5. SA`ADAH | E50: 0 | F50: 0 | G50: 0 | H50: 1 | I50: 0 | J50: 0 | K50: 2 | L50: 0 | M50: 0 | N50: =SUM(E50:M50) -> 3
C51: 6. FARIHA HASANATUL AMALIA | E51: 0 | F51: 1 | G51: 0 | H51: 0 | I51: 0 | J51: 1 | K51: 0 | L51: 0 | M51: 0 | N51: =SUM(E51:M51) -> 2
A52: B | B52: JUMLAH SUARA SAH PARTAI POLITIK DAN CALON (A1 + A2) | E52: =SUM(E45:E51) -> 56 | F52: =SUM(F45:F51) -> 77 | G52: =SUM(G45:G51) -> 19 | H52: =SUM(H45:H51) -> 52 | I52: =SUM(I45:I51) -> 45 | J52: =SUM(J45:J51) -> 65 | K52: =SUM(K45:K51) -> 27 | L52: =SUM(L45:L51) -> 68 | ... N52: =SUM(N45:N51) -> 510
A54: A.1 | B54: 2. | C54: Partai Gerakan Indonesia Raya | E54: 5 | F54: 7 | G54: 4 | H54: 7 | I54: 4 | J54: 8 | K54: 13 | L54: 7 | M54: 3 | N54: =SUM(E54:M54) -> 58
A55: A.2 | C55: 1. SUPARMAN EDY H. | E55: 1 | F55: 4 | G55: 1 | H55: 1 | I55: 1 | J55: 4 | K55: 3 | L55: 0 | M55: 0 | N55: =SUM(E55:M55) -> 15
C56: 2. NASIKHUN AMIN | E56: 1 | F56: 2 | G56: 2 | H56: 4 | I56: 0 | J56: 2 | K56: 2 | L56: 2 | M56: 1 | N56: =SUM(E56:M56) -> 16
C57: 3. ENY SETIAWATI, S.H | E57: 0 | F57: 0 | G57: 0 | H57: 0 | I57: 2 | J57: 0 | K57: 1 | L57: 1 | M57: 0 | N57: =SUM(E57:M57) -> 4
C58: 4. H. ABDUL QODIR, S.H., M.H. | E58: 1 | F58: 1 | G58: 1 | H58: 0 | I58: 1 | J58: 0 | K58: 0 | L58: 0 | M58: 0 | N58: =SUM(E58:M58) -> 4
C59: 5. FATMAWATI, S.E. | E59: 0 | F59: 0 | G59: 0 | H59: 0 | I59: 0 | J59: 0 | K59: 0 | L59: 0 | M59: 0 | N59: =SUM(E59:M59) -> 0
C60: 6. NANANG NUR AHMADI | E60: 2 | F60: 0 | G60: 13 | H60: 10 | I60: 2 | J60: 0 | K60: 1 | L60: 1 | M60: 2 | N60: =SUM(E60:M60) -> 31
A61: B | B61: JUMLAH SUARA SAH PARTAI POLITIK DAN CALON (A1 + A2) | E61: =SUM(E54:E60) -> 10 | F61: =SUM(F54:F60) -> 14 | G61: =SUM(G54:G60) -> 21 | H61: =SUM(H54:H60) -> 22 | I61: =SUM(I54:I60) -> 10 | J61: =SUM(J54:J60) -> 14 | K61: =SUM(K54:K60) -> 20 | L61: =SUM(L54:L60) -> 11 | ... N61: =SUM(N54:N60) -> 128
A63: A.1 | B63: 3. | C63: Partai Demokrasi Indonesia Perjuangan | E63: 5 | F63: 3 | G63: 7 | H63: 5 | I63: 6 | J63: 3 | K63: 5 | L63: 3 | M63: 3 | N63: =SUM(E63:M63) -> 40
A64: A.2 | C64: 1. WAGIANTO | E64: 2 | F64: 1 | G64: 1 | H64: 0 | I64: 2 | J64: 4 | K64: 0 | L64: 0 | M64: 1 | N64: =SUM(E64:M64) -> 11
C65: 2. ERIK TRISDIANTANA | E65: 30 | F65: 26 | G65: 15 | H65: 8 | I65: 88 | J65: 85 | K65: 8 | L65: 6 | M65: 1 | N65: =SUM(E65:M65) -> 267
C66: 3. NI GALUH PARWATI | E66: 9 | F66: 11 | G66: 4 | H66: 10 | I66: 2 | J66: 1 | K66: 1 | L66: 2 | M66: 2 | N66: =SUM(E66:M66) -> 42
C67: 4. DZULFIKAR REZKY | E67: 1 | F67: 0 | G67: 1 | H67: 0 | I67: 7 | J67: 1 | K67: 0 | L67: 0 | M67: 3 | N67: =SUM(E67:M67) -> 13
C68: 5. AMALIYAH | E68: 1 | F68: 1 | G68: 0 | H68: 1 | I68: 0 | J68: 0 | K68: 1 | L68: 0 | M68: 0 | N68: =SUM(E68:M68) -> 4
C69: 6. PUTRI PARAMITA CIPTASARI | E69: 0 | F69: 0 | G69: 0 | H69: 0 | I69: 0 | J69: 0 | K69: 2 | L69: 0 | M69: 0 | N69: =SUM(E69:M69) -> 2
A70: B | B70: JUMLAH SUARA SAH PARTAI POLITIK DAN CALON (A1 + A2) | E70: =SUM(E63:E69) -> 48 | F70: =SUM(F63:F69) -> 42 | G70: =SUM(G63:G69) -> 28 | H70: =SUM(H63:H69) -> 24 | I70: =SUM(I63:I69) -> 105 | J70: =SUM(J63:J69) -> 94 | K70: =SUM(K63:K69) -> 17 | L70: =SUM(L63:L69) -> 11 | ... N70: =SUM(N63:N69) -> 379
A72: A.1 | B72: 4. | C72: Partai Golongan Karya | E72: 1 | F72: 1 | G72: 0 | H72: 6 | I72: 3 | J72: 1 | K72: 3 | L72: 0 | M72: 2 | N72: =SUM(E72:M72) -> 17
A73: A.2 | C73: 1. MARIFATUL KAMILA, S.H. | E73: 5 | F73: 1 | G73: 0 | H73: 1 | I73: 0 | J73: 3 | K73: 3 | L73: 1 | M73: 0 | N73: =SUM(E73:M73) -> 14
C74: 2. KUSWORO, S.Pd. | E74: 0 | F74: 1 | G74: 1 | H74: 0 | I74: 0 | J74: 0 | K74: 1 | L74: 0 | M74: 0 | N74: =SUM(E74:M74) -> 3
C75: 3. DIDIK SANTOSO, S.Pd. | E75: 0 | F75: 1 | G75: 0 | H75: 0 | I75: 0 | J75: 0 | K75: 1 | L75: 0 | M75: 0 | N75: =SUM(E75:M75) -> 2
C76: 4. ASYIQ RAHMATULLAH, H | E76: 0 | F76: 0 | G76: 0 | H76: 0 | I76: 0 | J76: 1 | K76: 0 | L76: 0 | M76: 0 | N76: =SUM(E76:M76) -> 1
C77: 5. ARI PANGESTI | E77: 0 | F77: 0 | G77: 0 | H77: 0 | I77: 0 | J77: 0 | K77: 0 | L77: 0 | M77: 0 | N77: =SUM(E77:M77) -> 0
C78: 6. H. HANDOKO, S.E. | E78: 0 | F78: 0 | G78: 0 | H78: 11 | I78: 3 | J78: 0 | K78: 2 | L78: 0 | M78: 0 | N78: =SUM(E78:M78) -> 16
A79: B | B79: JUMLAH SUARA SAH PARTAI POLITIK DAN CALON (A1 + A2) | E79: =SUM(E72:E78) -> 6 | F79: =SUM(F72:F78) -> 4 | G79: =SUM(G72:G78) -> 1 | H79: =SUM(H72:H78) -> 18 | I79: =SUM(I72:I78) -> 6 | J79: =SUM(J72:J78) -> 5 | K79: =SUM(K72:K78) -> 10 | L79: =SUM(L72:L78) -> 1 | ... N79: =SUM(N72:N78) -> 53
A81: A.1 | B81: 5. | C81: Partai NasDem | E81: 1 | F81: 0 | G81: 0 | H81: 0 | I81: 2 | J81: 0 | K81: 1 | L81: 0 | M81: 0 | N81: =SUM(E81:M81) -> 4
A82: A.2 | C82: 1. H. EDI PURNOMO | E82: 0 | F82: 0 | G82: 0 | H82: 0 | I82: 0 | J82: 4 | K82: 0 | L82: 0 | M82: 0 | N82: =SUM(E82:M82) -> 4
C83: 2. I GEDE SUDRO WICANO | E83: 4 | F83: 1 | G83: 0 | H83: 0 | I83: 1 | J83: 0 | K83: 1 | L83: 0 | M83: 2 | N83: =SUM(E83:M83) -> 9
C84: 3. TRI MARVILA SUKMANA, S.H. | E84: 0 | F84: 0 | G84: 0 | H84: 0 | I84: 0 | J84: 0 | K84: 0 | L84: 0 | M84: 0 | N84: =SUM(E84:M84) -> 0
C85: 4. ISLAMIYAH LESTARI | E85: 0 | F85: 0 | G85: 0 | H85: 0 | I85: 0 | J85: 0 | K85: 0 | L85: 0 | M85: 0 | N85: =SUM(E85:M85) -> 0
C86: 5. LUTFI WAHYUDI | E86: 2 | F86: 1 | G86: 0 | H86: 0 | I86: 0 | J86: 1 | K86: 2 | L86: 1 | M86: 0 | N86: =SUM(E86:M86) -> 7
C87: 6. AGUS MAIDO | E87: 0 | F87: 0 | G87: 0 | H87: 0 | I87: 0 | J87: 0 | K87: 0 | L87: 0 | M87: 0 | N87: =SUM(E87:M87) -> 0
A88: B | B88: JUMLAH SUARA SAH PARTAI POLITIK DAN CALON (A1 + A2) | E88: =SUM(E81:E87) -> 7 | F88: =SUM(F81:F87) -> 2 | G88: =SUM(G81:G87) -> 0 | H88: =SUM(H81:H87) -> 0 | I88: =SUM(I81:I87) -> 3 | J88: =SUM(J81:J87) -> 5 | K88: =SUM(K81:K87) -> 4 | L88: =SUM(L81:L87) -> 1 | ... N88: =SUM(N81:N87) -> 24
A90: A.1 | B90: 6. | C90: Partai Buruh | E90: 0 | F90: 0 | G90: 0 | H90: 0 | I90: 0 | J90: 0 | K90: 0 | L90: 0 | M90: 0 | N90: =SUM(E90:M90) -> 0
A91: A.2 | C91: 1. ERWIN SANTOSO | E91: 0 | F91: 0 | G91: 0 | H91: 0 | I91: 0 | J91: 0 | K91: 0 | L91: 0 | M91: 0 | N91: =SUM(E91:M91) -> 0
A92: B | B92: JUMLAH SUARA SAH PARTAI POLITIK DAN CALON (A1 + A2) | E92: =SUM(E90:E91) -> 0 | F92: =SUM(F90:F91) -> 0 | G92: =SUM(G90:G91) -> 0 | H92: =SUM(H90:H91) -> 0 | I92: =SUM(I90:I91) -> 0 | J92: =SUM(J90:J91) -> 0 | K92: =SUM(K90:K91) -> 0 | L92: =SUM(L90:L91) -> 0 | ... N92: =SUM(N90:N91) -> 0
A94: A.1 | B94: 7. | C94: Partai Gelombang Rakyat Indonesia | E94: 0 | F94: 0 | G94: 0 | H94: 0 | I94: 0 | J94: 0 | K94: 0 | L94: 0 | M94: 0 | N94: =SUM(E94:M94) -> 0
A95: A.2 | C95: 1. SUTRISNO | E95: 0 | F95: 0 | G95: 0 | H95: 0 | I95: 0 | J95: 0 | K95: 0 | L95: 1 | M95: 0 | N95: =SUM(E95:M95) -> 1
C96: 2. MOH. ANNAS | E96: 1 | F96: 3 | G96: 0 | H96: 0 | I96: 0 | J96: 1 | K96: 2 | L96: 0 | M96: 0 | N96: =SUM(E96:M96) -> 7
C97: 3. NI MADE AYU PUNIARSI | E97: 0 | F97: 0 | G97: 0 | H97: 0 | I97: 0 | J97: 0 | K97: 0 | L97: 0 | M97: 0 | N97: =SUM(E97:M97) -> 0
C98: 4. HENDRA KURNIAWAN | E98: 0 | F98: 0 | G98: 0 | H98: 0 | I98: 0 | J98: 0 | K98: 0 | L98: 0 | M98: 0 | N98: =SUM(E98:M98) -> 0
C99: 5. DEASY GITTA PERWITASARI | E99: 0 | F99: 0 | G99: 0 | H99: 0 | I99: 0 | J99: 0 | K99: 0 | L99: 0 | M99: 0 | N99: =SUM(E99:M99) -> 0
C100: 6. SUPRAPTO | E100: 0 | F100: 0 | G100: 0 | H100: 0 | I100: 0 | J100: 0 | K100: 0 | L100: 0 | M100: 0 | N100: =SUM(E100:M100) -> 0
A101: B | B101: JUMLAH SUARA SAH PARTAI POLITIK DAN CALON (A1 + A2) | E101: =SUM(E94:E100) -> 1 | F101: =SUM(F94:F100) -> 3 | G101: =SUM(G94:G100) -> 0 | H101: =SUM(H94:H100) -> 0 | I101: =SUM(I94:I100) -> 0 | J101: =SUM(J94:J100) -> 1 | K101: =SUM(K94:K100) -> 2 | L101: =SUM(L94:L100) -> 1 | ... N101: =SUM(N94:N100) -> 8
A103: A.1 | B103: 8. | C103: Partai Keadilan Sejahtera | E103: 0 | F103: 0 | G103: 2 | H103: 1 | I103: 0 | J103: 2 | K103: 5 | L103: 0 | M103: 0 | N103: =SUM(E103:M103) -> 10
A104: A.2 | C104: 1. ARIEF WAHYUDI DJ, S.T. | E104: 0 | F104: 0 | G104: 0 | H104: 1 | I104: 1 | J104: 0 | K104: 1 | L104: 0 | M104: 0 | N104: =SUM(E104:M104) -> 3
C105: 2. SUMAJI | E105: 1 | F105: 0 | G105: 0 | H105: 0 | I105: 1 | J105: 0 | K105: 0 | L105: 0 | M105: 0 | N105: =SUM(E105:M105) -> 2
C106: 3. LILIK MARIYANA, S.Pd. | E106: 0 | F106: 0 | G106: 0 | H106: 0 | I106: 1 | J106: 0 | K106: 0 | L106: 0 | M106: 0 | N106: =SUM(E106:M106) -> 1
C107: 4. M. HARUN | E107: 0 | F107: 1 | G107: 0 | H107: 2 | I107: 0 | J107: 0 | K107: 0 | L107: 0 | M107: 0 | N107: =SUM(E107:M107) -> 3
C108: 5. SHOLIHIN, S.P. | E108: 0 | F108: 0 | G108: 0 | H108: 0 | I108: 0 | J108: 0 | K108: 0 | L108: 1 | M108: 0 | N108: =SUM(E108:M108) -> 1
C109: 6. HANIFATUL IMTITSAL, S.K.M. | E109: 0 | F109: 0 | G109: 1 | H109: 0 | I109: 0 | J109: 0 | K109: 2 | L109: 1 | M109: 0 | N109: =SUM(E109:M109) -> 4
A110: B | B110: JUMLAH SUARA SAH PARTAI POLITIK DAN CALON (A1 + A2) | E110: =SUM(E103:E109) -> 1 | F110: =SUM(F103:F109) -> 1 | G110: =SUM(G103:G109) -> 3 | H110: =SUM(H103:H109) -> 4 | I110: =SUM(I103:I109) -> 3 | J110: =SUM(J103:J109) -> 2 | K110: =SUM(K103:K109) -> 8 | L110: =SUM(L103:L109) -> 2 | ... N110: =SUM(N103:N109) -> 24
A112: A.1 | B112: 9. | C112: Partai Kebangkitan Nusantara | E112: 0 | F112: 0 | G112: 0 | H112: 0 | I112: 0 | J112: 0 | K112: 0 | L112: 0 | M112: 0 | N112: =SUM(E112:M112) -> 0
A113: A.2 | C113: 1. AGUS TARMIDI | E113: 0 | F113: 0 | G113: 1 | H113: 0 | I113: 0 | J113: 0 | K113: 0 | L113: 0 | M113: 0 | N113: =SUM(E113:M113) -> 1
C114: 2. DIAH AYU PERDANA | E114: 0 | F114: 0 | G114: 0 | H114: 0 | I114: 0 | J114: 0 | K114: 0 | L114: 0 | M114: 0 | N114: =SUM(E114:M114) -> 0
C115: 3. SITI SUNARSIH | E115: 0 | F115: 0 | G115: 0 | H115: 0 | I115: 0 | J115: 0 | K115: 0 | L115: 0 | M115: 0 | N115: =SUM(E115:M115) -> 0
C116: 4. DIDIK BASUKI | E116: 0 | F116: 0 | G116: 0 | H116: 0 | I116: 0 | J116: 0 | K116: 0 | L116: 0 | M116: 0 | N116: =SUM(E116:M116) -> 0
C117: 5. PUTRI SARI APRILIA | E117: 0 | F117: 0 | G117: 0 | H117: 0 | I117: 0 | J117: 0 | K117: 0 | L117: 0 | M117: 1 | N117: =SUM(E117:M117) -> 1
C118: 6. H. IMAM SOLIKHIN, B.E. | E118: 0 | F118: 0 | G118: 0 | H118: 0 | I118: 0 | J118: 0 | K118: 0 | L118: 0 | M118: 0 | N118: =SUM(E118:M118) -> 0
A119: B | B119: JUMLAH SUARA SAH PARTAI POLITIK DAN CALON (A1 + A2) | E119: =SUM(E112:E118) -> 0 | F119: =SUM(F112:F118) -> 0 | G119: =SUM(G112:G118) -> 1 | H119: =SUM(H112:H118) -> 0 | I119: =SUM(I112:I118) -> 0 | J119: =SUM(J112:J118) -> 0 | K119: =SUM(K112:K118) -> 0 | L119: =SUM(L112:L118) -> 0 | ... N119: =SUM(N112:N118) -> 2
...

Sheet GLADAG
C2: Kecamatan | D2: ROGOJAMPI
C3: Kabupaten | D3: BANYUWANGI
C4: Provinsi | D4: JAWA TIMUR
C9: Kelurahan | D9: GLADAG
A12: I | B12: DATA PEMILIH DAN PENGGUNAAN HAK PILIH | W12: JUMLAH AKHIR
A13: A | B13: DATA PEMILIH | E13: TPS 001 | F13: TPS 002 | G13: TPS 003 | H13: TPS 004 | I13: TPS 005 | J13: TPS 006 | K13: TPS 007 | L13: TPS 008 | M13: TPS 009 | N13: TPS 010 | O13: TPS 011 | P13: TPS 012 | Q13: TPS 013 | R13: TPS 014 | S13: TPS 015 | T13: TPS 016 | U13: TPS 017 | V13: TPS 018
B14: Jumlah Pemilih dalam Daftar Pemilih Tetap (DPT) | D14: LK | E14: 96 | F14: 116 | G14: 127 | H14: 102 | I14: 112 | J14: 126 | K14: 127 | L14: 140 | M14: 133 | N14: 124 | O14: 132 | P14: 136 | Q14: 131 | R14: 133 | S14: 140 | T14: 84 | U14: 110 | V14: 69 | W14: =SUM(E14:V14) -> 2138
D15: PR | E15: 123 | F15: 132 | G15: 127 | H15: 130 | I15: 125 | J15: 146 | K15: 131 | L15: 139 | M15: 137 | N15: 131 | O15: 130 | P15: 133 | Q15: 128 | R15: 140 | S15: 136 | T15: 80 | U15: 116 | V15: 74 | W15: =SUM(E15:V15) -> 2258
D16: JML | E16: =SUM(E14:E15) -> 219 | F16: =SUM(F14:F15) -> 248 | G16: =SUM(G14:G15) -> 254 | H16: =SUM(H14:H15) -> 232 | I16: =SUM(I14:I15) -> 237 | J16: =SUM(J14:J15) -> 272 | K16: =SUM(K14:K15) -> 258 | L16: =SUM(L14:L15) -> 279 | ... V16: =SUM(V14:V15) -> 143 | W16: =SUM(E16:V16) -> 4396
A18: B | B18: PENGGUNA HAK PILIH
B19: 1. | C19: Jumlah pengguna hak pilih dalam Daftar Pemilih Tetap (DPT) | D19: LK | E19: 75 | F19: 91 | G19: 90 | H19: 87 | I19: 89 | J19: 93 | K19: 92 | L19: 111 | M19: 102 | N19: 83 | O19: 89 | P19: 94 | Q19: 86 | R19: 103 | S19: 108 | T19: 56 | U19: 88 | V19: 60 | W19: =SUM(E19:V19) -> 1597
D20: PR | E20: 104 | F20: 115 | G20: 107 | H20: 115 | I20: 108 | J20: 127 | K20: 105 | L20: 120 | M20: 111 | N20: 104 | O20: 113 | P20: 114 | Q20: 105 | R20: 119 | S20: 106 | T20: 67 | U20: 100 | V20: 68 | W20: =SUM(E20:V20) -> 1908
D21: JML | E21: =SUM(E19:E20) -> 179 | F21: =SUM(F19:F20) -> 206 | G21: =SUM(G19:G20) -> 197 | H21: =SUM(H19:H20) -> 202 | I21: =SUM(I19:I20) -> 197 | J21: =SUM(J19:J20) -> 220 | K21: =SUM(K19:K20) -> 197 | L21: =SUM(L19:L20) -> 231 | ... V21: =SUM(V19:V20) -> 128 | W21: =SUM(E21:V21) -> 3505
B22: 2. | C22: Jumlah pengguna hak pilih dalam Daftar Pemilih Tambahan (DPTb) | D22: LK | E22: 3 | F22: 0 | G22: 0 | H22: 0 | I22: 0 | J22: 1 | K22: 0 | L22: 0 | M22: 1 | N22: 0 | O22: 0 | P22: 1 | Q22: 0 | R22: 0 | S22: 0 | T22: 0 | U22: 0 | V22: 0 | W22: =SUM(E22:V22) -> 6
D23: PR | E23: 2 | F23: 0 | G23: 0 | H23: 0 | I23: 0 | J23: 2 | K23: 1 | L23: 1 | M23: 0 | N23: 1 | O23: 0 | P23: 0 | Q23: 1 | R23: 0 | S23: 0 | T23: 0 | U23: 2 | V23: 0 | W23: =SUM(E23:V23) -> 10
D24: JML | E24: =SUM(E22:E23) -> 5 | F24: =SUM(F22:F23) -> 0 | G24: =SUM(G22:G23) -> 0 | H24: =SUM(H22:H23) -> 0 | I24: =SUM(I22:I23) -> 0 | J24: =SUM(J22:J23) -> 3 | K24: =SUM(K22:K23) -> 1 | L24: =SUM(L22:L23) -> 1 | ... V24: =SUM(V22:V23) -> 0 | W24: =SUM(E24:V24) -> 16
B25: 3. | C25: Jumlah pengguna hak pilih dalam Daftar Pemilih Khusus (DPK) | D25: LK | E25: 4 | F25: 2 | G25: 0 | H25: 1 | I25: 2 | J25: 2 | K25: 1 | L25: 1 | M25: 0 | N25: 0 | O25: 0 | P25: 2 | Q25: 1 | R25: 0 | S25: 0 | T25: 1 | U25: 2 | V25: 1 | W25: =SUM(E25:V25) -> 20
D26: PR | E26: 0 | F26: 0 | G26: 1 | H26: 1 | I26: 0 | J26: 0 | K26: 2 | L26: 2 | M26: 0 | N26: 3 | O26: 0 | P26: 1 | Q26: 2 | R26: 0 | S26: 0 | T26: 0 | U26: 2 | V26: 1 | W26: =SUM(E26:V26) -> 15
D27: JML | E27: =SUM(E25:E26) -> 4 | F27: =SUM(F25:F26) -> 2 | G27: =SUM(G25:G26) -> 1 | H27: =SUM(H25:H26) -> 2 | I27: =SUM(I25:I26) -> 2 | J27: =SUM(J25:J26) -> 2 | K27: =SUM(K25:K26) -> 3 | L27: =SUM(L25:L26) -> 3 | ... V27: =SUM(V25:V26) -> 2 | W27: =SUM(E27:V27) -> 35
B28: 4. | C28: Jumlah Pengguna Hak Pilih (B.1+B.2+B.3) | D28: LK | E28: =SUM(E19,E22,E25) -> 82 | F28: =SUM(F19,F22,F25) -> 93 | G28: =SUM(G19,G22,G25) -> 90 | H28: =SUM(H19,H22,H25) -> 88 | I28: =SUM(I19,I22,I25) -> 91 | J28: =SUM(J19,J22,J25) -> 96 | K28: =SUM(K19,K22,K25) -> 93 | L28: =SUM(L19,L22,L25) -> 112 | ... V28: =SUM(V19,V22,V25) -> 61 | W28: =SUM(E28:V28) -> 1623
D29: PR | E29: =SUM(E20,E23,E26) -> 106 | F29: =SUM(F20,F23,F26) -> 115 | G29: =SUM(G20,G23,G26) -> 108 | H29: =SUM(H20,H23,H26) -> 116 | I29: =SUM(I20,I23,I26) -> 108 | J29: =SUM(J20,J23,J26) -> 129 | K29: =SUM(K20,K23,K26) -> 108 | L29: =SUM(L20,L23,L26) -> 123 | ... V29: =SUM(V20,V23,V26) -> 69 | W29: =SUM(E29:V29) -> 1933
D30: JML | E30: =SUM(E28:E29) -> 188 | F30: =SUM(F28:F29) -> 208 | G30: =SUM(G28:G29) -> 198 | H30: =SUM(H28:H29) -> 204 | I30: =SUM(I28:I29) -> 199 | J30: =SUM(J28:J29) -> 225 | K30: =SUM(K28:K29) -> 201 | L30: =SUM(L28:L29) -> 235 | ... V30: =SUM(V28:V29) -> 130 | W30: =SUM(E30:V30) -> 3556
A32: II | B32: DATA PENGGUNAAN SURAT SUARA
A33: 1 | B33: Jumlah surat suara yang diterima, termasuk surat suara cadangan 2,5% dari DPT | E33: 224 | F33: 253 | G33: 260 | H33: 237 | I33: 242 | J33: 279 | K33: 264 | L33: 285 | M33: 276 | N33: 261 | O33: 268 | P33: 275 | Q33: 265 | R33: 279 | S33: 282 | T33: 168 | U33: 231 | V33: 146 | W33: =SUM(E33:V33) -> 4495
A34: 2 | B34: Jumlah surat suara yang digunakan | E34: 188 | F34: 208 | G34: 198 | H34: 204 | I34: 199 | J34: 225 | K34: 201 | L34: 235 | M34: 214 | N34: 191 | O34: 202 | P34: 212 | Q34: 195 | R34: 222 | S34: 214 | T34: 124 | U34: 194 | V34: 130 | W34: =SUM(E34:V34) -> 3556
A35: 3 | B35: Jumlah surat suara dikembalikan oleh pemilih (karena rusak atau keliru coblos) | E35: 0 | F35: 0 | G35: 1 | H35: 1 | I35: 1 | J35: 0 | K35: 1 | L35: 0 | M35: 0 | N35: 1 | O35: 1 | P35: 1 | Q35: 1 | R35: 0 | S35: 4 | T35: 0 | U35: 0 | V35: 0 | W35: =SUM(E35:V35) -> 12
A36: 4 | B36: Jumlah surat suara yang tidak digunakan/tidak terpakai, termasuk sisa surat suara cadangan | E36: =E33-(E34+E35) -> 36 | F36: =F33-(F34+F35) -> 45 | G36: =G33-(G34+G35) -> 61 | H36: =H33-(H34+H35) -> 32 | I36: =I33-(I34+I35) -> 42 | J36: =J33-(J34+J35) -> 54 | K36: =K33-(K34+K35) -> 62 | L36: =L33-(L34+L35) -> 50 | ... V36: =V33-(V34+V35) -> 16 | W36: =SUM(E36:V36) -> 927
A38: III | B38: DATA PEMILIH DISABILITAS
B39: Jumlah seluruh Pemilih disabilitas yang menggunakan hak pilih | D39: LK | E39: 0 | F39: 1 | G39: 0 | H39: 0 | I39: 0 | J39: 0 | K39: 0 | L39: 3 | M39: 0 | N39: 3 | O39: 0 | P39: 0 | Q39: 0 | R39: 0 | S39: 0 | T39: 0 | U39: 0 | V39: 0 | W39: =SUM(E39:V39) -> 7
D40: PR | E40: 0 | F40: 1 | G40: 0 | H40: 0 | I40: 0 | J40: 5 | K40: 1 | L40: 1 | M40: 0 | N40: 4 | O40: 3 | P40: 0 | Q40: 0 | R40: 0 | S40: 0 | T40: 0 | U40: 0 | V40: 0 | W40: =SUM(E40:V40) -> 15
D41: JML | E41: =SUM(E39:E40) -> 0 | F41: =SUM(F39:F40) -> 2 | G41: =SUM(G39:G40) -> 0 | H41: =SUM(H39:H40) -> 0 | I41: =SUM(I39:I40) -> 0 | J41: =SUM(J39:J40) -> 5 | K41: =SUM(K39:K40) -> 1 | L41: =SUM(L39:L40) -> 4 | ... V41: =SUM(V39:V40) -> 0 | W41: =SUM(E41:V41) -> 22
A43: IV | B43: DATA RINCIAN PEROLEHAN SUARA PASANGAN CALON BUPATI DAN WAKIL BUPATI
A44: NOMOR DAN NAMA CALON
A45: A.1 | B45: 1. | C45: Partai Kebangkitan Bangsa | E45: 2 | F45: 3 | G45: 0 | H45: 5 | I45: 4 | J45: 7 | K45: 2 | L45: 3 | M45: 6 | N45: 3 | O45: 5 | P45: 3 | Q45: 3 | R45: 1 | S45: 10 | T45: 4 | U45: 0 | V45: 1 | W45: =SUM(E45:V45) -> 62
A46: A.2 | C46: 1. ARVY RIZALDY, S.E. | E46: 32 | F46: 7 | G46: 4 | H46: 14 | I46: 47 | J46: 16 | K46: 22 | L46: 14 | M46: 30 | N46: 14 | O46: 9 | P46: 7 | Q46: 4 | R46: 0 | S46: 4 | T46: 3 | U46: 0 | V46: 5 | W46: =SUM(E46:V46) -> 232
C47: 2. HILMI MUSTOFA | E47: 3 | F47: 2 | G47: 0 | H47: 0 | I47: 1 | J47: 1 | K47: 0 | L47: 0 | M47: 1 | N47: 3 | O47: 1 | P47: 10 | Q47: 0 | R47: 0 | S47: 1 | T47: 2 | U47: 0 | V47: 0 | W47: =SUM(E47:V47) -> 25
C48: 3. RUSDIANAH, A.Ma.Pd | E48: 4 | F48: 1 | G48: 2 | H48: 0 | I48: 0 | J48: 0 | K48: 2 | L48: 0 | M48: 4 | N48: 0 | O48: 0 | P48: 1 | Q48: 0 | R48: 0 | S48: 1 | T48: 0 | U48: 0 | V48: 0 | W48: =SUM(E48:V48) -> 15
C49: 4. USMAN YUSUF | E49: 0 | F49: 0 | G49: 2 | H49: 0 | I49: 0 | J49: 0 | K49: 0 | L49: 0 | M49: 0 | N49: 2 | O49: 0 | P49: 1 | Q49: 0 | R49: 0 | S49: 0 | T49: 0 | U49: 0 | V49: 0 | W49: =SUM(E49:V49) -> 5
C50: 5. SA`ADAH | E50: 0 | F50: 0 | G50: 0 | H50: 0 | I50: 0 | J50: 0 | K50: 0 | L50: 0 | M50: 2 | N50: 0 | O50: 0 | P50: 1 | Q50: 1 | R50: 0 | S50: 0 | T50: 0 | U50: 0 | V50: 0 | W50: =SUM(E50:V50) -> 4
C51: 6. FARIHA HASANATUL AMALIA | E51: 0 | F51: 0 | G51: 0 | H51: 0 | I51: 0 | J51: 0 | K51: 0 | L51: 0 | M51: 0 | N51: 0 | O51: 0 | P51: 0 | Q51: 0 | R51: 0 | S51: 0 | T51: 0 | U51: 0 | V51: 0 | W51: =SUM(E51:V51) -> 0
A52: B | B52: JUMLAH SUARA SAH PARTAI POLITIK DAN CALON (A1 + A2) | E52: =SUM(E45:E51) -> 41 | F52: =SUM(F45:F51) -> 13 | G52: =SUM(G45:G51) -> 8 | H52: =SUM(H45:H51) -> 19 | I52: =SUM(I45:I51) -> 52 | J52: =SUM(J45:J51) -> 24 | K52: =SUM(K45:K51) -> 26 | L52: =SUM(L45:L51) -> 17 | ... W52: =SUM(W45:W51) -> 343
A54: A.1 | B54: 2. | C54: Partai Gerakan Indonesia Raya | E54: 4 | F54: 0 | G54: 7 | H54: 1 | I54: 3 | J54: 0 | K54: 4 | L54: 1 | M54: 8 | N54: 6 | O54: 10 | P54: 7 | Q54: 5 | R54: 2 | S54: 4 | T54: 6 | U54: 6 | V54: 0 | W54: =SUM(E54:V54) -> 74
A55: A.2 | C55: 1. SUPARMAN EDY H. | E55: 0 | F55: 2 | G55: 1 | H55: 0 | I55: 1 | J55: 2 | K55: 4 | L55: 3 | M55: 0 | N55: 0 | O55: 2 | P55: 1 | Q55: 0 | R55: 0 | S55: 1 | T55: 0 | U55: 2 | V55: 0 | W55: =SUM(E55:V55) -> 19
C56: 2. NASIKHUN AMIN | E56: 1 | F56: 2 | G56: 1 | H56: 2 | I56: 0 | J56: 1 | K56: 7 | L56: 5 | M56: 0 | N56: 1 | O56: 0 | P56: 0 | Q56: 0 | R56: 0 | S56: 0 | T56: 1 | U56: 0 | V56: 1 | W56: =SUM(E56:V56) -> 22
C57: 3. ENY SETIAWATI, S.H | E57: 0 | F57: 0 | G57: 1 | H57: 0 | I57: 0 | J57: 0 | K57: 1 | L57: 0 | M57: 1 | N57: 2 | O57: 1 | P57: 0 | Q57: 0 | R57: 1 | S57: 0 | T57: 0 | U57: 0 | V57: 2 | W57: =SUM(E57:V57) -> 9
C58: 4. H. ABDUL QODIR, S.H., M.H. | E58: 3 | F58: 0 | G58: 1 | H58: 0 | I58: 0 | J58: 0 | K58: 0 | L58: 0 | M58: 2 | N58: 0 | O58: 1 | P58: 1 | Q58: 0 | R58: 0 | S58: 0 | T58: 2 | U58: 0 | V58: 0 | W58: =SUM(E58:V58) -> 10
C59: 5. FATMAWATI, S.E. | E59: 0 | F59: 0 | G59: 1 | H59: 0 | I59: 1 | J59: 1 | K59: 0 | L59: 0 | M59: 0 | N59: 0 | O59: 1 | P59: 0 | Q59: 0 | R59: 0 | S59: 0 | T59: 0 | U59: 0 | V59: 0 | W59: =SUM(E59:V59) -> 4
C60: 6. NANANG NUR AHMADI | E60: 4 | F60: 2 | G60: 6 | H60: 7 | I60: 0 | J60: 6 | K60: 3 | L60: 1 | M60: 7 | N60: 3 | O60: 3 | P60: 5 | Q60: 0 | R60: 1 | S60: 2 | T60: 8 | U60: 0 | V60: 1 | W60: =SUM(E60:V60) -> 59
A61: B | B61: JUMLAH SUARA SAH PARTAI POLITIK DAN CALON (A1 + A2) | E61: =SUM(E54:E60) -> 12 | F61: =SUM(F54:F60) -> 6 | G61: =SUM(G54:G60) -> 18 | H61: =SUM(H54:H60) -> 10 | I61: =SUM(I54:I60) -> 5 | J61: =SUM(J54:J60) -> 10 | K61: =SUM(K54:K60) -> 19 | L61: =SUM(L54:L60) -> 10 | ... W61: =SUM(W54:W60) -> 197
A63: A.1 | B63: 3. | C63: Partai Demokrasi Indonesia Perjuangan | E63: 4 | F63: 8 | G63: 11 | H63: 7 | I63: 3 | J63: 13 | K63: 2 | L63: 19 | M63: 3 | N63: 5 | O63: 6 | P63: 2 | Q63: 0 | R63: 3 | S63: 14 | T63: 2 | U63: 3 | V63: 0 | W63: =SUM(E63:V63) -> 105
A64: A.2 | C64: 1. WAGIANTO | E64: 23 | F64: 21 | G64: 10 | H64: 36 | I64: 15 | J64: 38 | K64: 22 | L64: 33 | M64: 18 | N64: 1 | O64: 4 | P64: 0 | Q64: 1 | R64: 4 | S64: 22 | T64: 6 | U64: 14 | V64: 4 | W64: =SUM(E64:V64) -> 272
C65: 2. ERIK TRISDIANTANA | E65: 1 | F65: 2 | G65: 1 | H65: 0 | I65: 0 | J65: 1 | K65: 1 | L65: 1 | M65: 3 | N65: 0 | O65: 2 | P65: 1 | Q65: 2 | R65: 0 | S65: 3 | T65: 0 | U65: 0 | V65: 1 | W65: =SUM(E65:V65) -> 19
C66: 3. NI GALUH PARWATI | E66: 23 | F66: 36 | G66: 33 | H66: 17 | I66: 4 | J66: 10 | K66: 7 | L66: 9 | M66: 5 | N66: 0 | O66: 0 | P66: 0 | Q66: 0 | R66: 0 | S66: 2 | T66: 0 | U66: 0 | V66: 1 | W66: =SUM(E66:V66) -> 147
C67: 4. DZULFIKAR REZKY | E67: 0 | F67: 1 | G67: 1 | H67: 1 | I67: 2 | J67: 6 | K67: 4 | L67: 0 | M67: 1 | N67: 0 | O67: 3 | P67: 0 | Q67: 0 | R67: 0 | S67: 0 | T67: 0 | U67: 0 | V67: 1 | W67: =SUM(E67:V67) -> 20
C68: 5. AMALIYAH | E68: 0 | F68: 0 | G68: 0 | H68: 0 | I68: 0 | J68: 0 | K68: 0 | L68: 0 | M68: 0 | N68: 0 | O68: 0 | P68: 0 | Q68: 0 | R68: 0 | S68: 0 | T68: 0 | U68: 0 | V68: 0 | W68: =SUM(E68:V68) -> 0
C69: 6. PUTRI PARAMITA CIPTASARI | E69: 3 | F69: 0 | G69: 0 | H69: 0 | I69: 0 | J69: 1 | K69: 2 | L69: 6 | M69: 0 | N69: 0 | O69: 0 | P69: 0 | Q69: 0 | R69: 0 | S69: 22 | T69: 1 | U69: 2 | V69: 0 | W69: =SUM(E69:V69) -> 37
A70: B | B70: JUMLAH SUARA SAH PARTAI POLITIK DAN CALON (A1 + A2) | E70: =SUM(E63:E69) -> 54 | F70: =SUM(F63:F69) -> 68 | G70: =SUM(G63:G69) -> 56 | H70: =SUM(H63:H69) -> 61 | I70: =SUM(I63:I69) -> 24 | J70: =SUM(J63:J69) -> 69 | K70: =SUM(K63:K69) -> 38 | L70: =SUM(L63:L69) -> 68 | ... W70: =SUM(W63:W69) -> 600
A72: A.1 | B72: 4. | C72: Partai Golongan Karya | E72: 4 | F72: 2 | G72: 8 | H72: 8 | I72: 4 | J72: 3 | K72: 2 | L72: 6 | M72: 2 | N72: 1 | O72: 0 | P72: 0 | Q72: 7 | R72: 7 | S72: 9 | T72: 3 | U72: 2 | V72: 1 | W72: =SUM(E72:V72) -> 69
A73: A.2 | C73: 1. MARIFATUL KAMILA, S.H. | E73: 16 | F73: 60 | G73: 37 | H73: 68 | I73: 72 | J73: 41 | K73: 32 | L73: 51 | M73: 2 | N73: 4 | O73: 2 | P73: 3 | Q73: 77 | R73: 109 | S73: 39 | T73: 37 | U73: 94 | V73: 3 | W73: =SUM(E73:V73) -> 747
C74: 2. KUSWORO, S.Pd. | E74: 1 | F74: 2 | G74: 1 | H74: 1 | I74: 2 | J74: 1 | K74: 1 | L74: 0 | M74: 0 | N74: 0 | O74: 0 | P74: 0 | Q74: 1 | R74: 1 | S74: 1 | T74: 0 | U74: 0 | V74: 0 | W74: =SUM(E74:V74) -> 12
C75: 3. DIDIK SANTOSO, S.Pd. | E75: 0 | F75: 0 | G75: 0 | H75: 0 | I75: 0 | J75: 0 | K75: 0 | L75: 1 | M75: 0 | N75: 0 | O75: 0 | P75: 0 | Q75: 1 | R75: 0 | S75: 0 | T75: 0 | U75: 1 | V75: 0 | W75: =SUM(E75:V75) -> 3
C76: 4. ASYIQ RAHMATULLAH, H | E76: 0 | F76: 0 | G76: 0 | H76: 1 | I76: 0 | J76: 1 | K76: 1 | L76: 0 | M76: 0 | N76: 0 | O76: 0 | P76: 0 | Q76: 0 | R76: 0 | S76: 1 | T76: 0 | U76: 0 | V76: 0 | W76: =SUM(E76:V76) -> 4
C77: 5. ARI PANGESTI | E77: 0 | F77: 0 | G77: 0 | H77: 1 | I77: 1 | J77: 0 | K77: 1 | L77: 0 | M77: 0 | N77: 0 | O77: 0 | P77: 0 | Q77: 1 | R77: 0 | S77: 0 | T77: 0 | U77: 0 | V77: 0 | W77: =SUM(E77:V77) -> 4
C78: 6. H. HANDOKO, S.E. | E78: 5 | F78: 3 | G78: 2 | H78: 0 | I78: 1 | J78: 3 | K78: 6 | L78: 10 | M78: 2 | N78: 1 | O78: 0 | P78: 0 | Q78: 7 | R78: 41 | S78: 24 | T78: 14 | U78: 28 | V78: 98 | W78: =SUM(E78:V78) -> 245
A79: B | B79: JUMLAH SUARA SAH PARTAI POLITIK DAN CALON (A1 + A2) | E79: =SUM(E72:E78) -> 26 | F79: =SUM(F72:F78) -> 67 | G79: =SUM(G72:G78) -> 48 | H79: =SUM(H72:H78) -> 79 | I79: =SUM(I72:I78) -> 80 | J79: =SUM(J72:J78) -> 49 | K79: =SUM(K72:K78) -> 43 | L79: =SUM(L72:L78) -> 68 | ... W79: =SUM(W72:W78) -> 1084
A81: A.1 | B81: 5. | C81: Partai NasDem | E81: 0 | F81: 0 | G81: 0 | H81: 0 | I81: 0 | J81: 0 | K81: 1 | L81: 0 | M81: 2 | N81: 4 | O81: 9 | P81: 2 | Q81: 0 | R81: 0 | S81: 7 | T81: 0 | U81: 0 | V81: 1 | W81: =SUM(E81:V81) -> 26
A82: A.2 | C82: 1. H. EDI PURNOMO | E82: 0 | F82: 0 | G82: 0 | H82: 1 | I82: 0 | J82: 2 | K82: 0 | L82: 0 | M82: 6 | N82: 25 | O82: 34 | P82: 7 | Q82: 2 | R82: 0 | S82: 12 | T82: 2 | U82: 1 | V82: 0 | W82: =SUM(E82:V82) -> 92
C83: 2. I GEDE SUDRO WICANO | E83: 0 | F83: 0 | G83: 0 | H83: 0 | I83: 0 | J83: 0 | K83: 1 | L83: 6 | M83: 34 | N83: 23 | O83: 43 | P83: 12 | Q83: 7 | R83: 2 | S83: 0 | T83: 0 | U83: 0 | V83: 0 | W83: =SUM(E83:V83) -> 128
C84: 3. TRI MARVILA SUKMANA, S.H. | E84: 0 | F84: 0 | G84: 0 | H84: 0 | I84: 0 | J84: 0 | K84: 0 | L84: 0 | M84: 1 | N84: 1 | O84: 0 | P84: 0 | Q84: 0 | R84: 0 | S84: 0 | T84: 0 | U84: 0 | V84: 0 | W84: =SUM(E84:V84) -> 2
C85: 4. ISLAMIYAH LESTARI | E85: 0 | F85: 0 | G85: 0 | H85: 0 | I85: 0 | J85: 0 | K85: 0 | L85: 0 | M85: 0 | N85: 0 | O85: 0 | P85: 0 | Q85: 0 | R85: 0 | S85: 0 | T85: 0 | U85: 0 | V85: 0 | W85: =SUM(E85:V85) -> 0
C86: 5. LUTFI WAHYUDI | E86: 0 | F86: 0 | G86: 1 | H86: 0 | I86: 1 | J86: 1 | K86: 0 | L86: 5 | M86: 1 | N86: 0 | O86: 0 | P86: 1 | Q86: 1 | R86: 0 | S86: 0 | T86: 1 | U86: 0 | V86: 0 | W86: =SUM(E86:V86) -> 12
C87: 6. AGUS MAIDO | E87: 0 | F87: 0 | G87: 0 | H87: 0 | I87: 0 | J87: 0 | K87: 0 | L87: 0 | M87: 0 | N87: 0 | O87: 0 | P87: 0 | Q87: 0 | R87: 0 | S87: 0 | T87: 0 | U87: 0 | V87: 0 | W87: =SUM(E87:V87) -> 0
A88: B | B88: JUMLAH SUARA SAH PARTAI POLITIK DAN CALON (A1 + A2) | E88: =SUM(E81:E87) -> 0 | F88: =SUM(F81:F87) -> 0 | G88: =SUM(G81:G87) -> 1 | H88: =SUM(H81:H87) -> 1 | I88: =SUM(I81:I87) -> 1 | J88: =SUM(J81:J87) -> 3 | K88: =SUM(K81:K87) -> 2 | L88: =SUM(L81:L87) -> 11 | ... W88: =SUM(W81:W87) -> 260
A90: A.1 | B90: 6. | C90: Partai Buruh | E90: 0 | F90: 0 | G90: 1 | H90: 0 | I90: 0 | J90: 0 | K90: 1 | L90: 0 | M90: 1 | N90: 0 | O90: 0 | P90: 0 | Q90: 0 | R90: 0 | S90: 2 | T90: 1 | U90: 0 | V90: 1 | W90: =SUM(E90:V90) -> 7
A91: A.2 | C91: 1. ERWIN SANTOSO | E91: 0 | F91: 0 | G91: 0 | H91: 0 | I91: 0 | J91: 0 | K91: 1 | L91: 0 | M91: 0 | N91: 0 | O91: 0 | P91: 0 | Q91: 0 | R91: 0 | S91: 0 | T91: 1 | U91: 0 | V91: 0 | W91: =SUM(E91:V91) -> 2
A92: B | B92: JUMLAH SUARA SAH PARTAI POLITIK DAN CALON (A1 + A2) | E92: =SUM(E90:E91) -> 0 | F92: =SUM(F90:F91) -> 0 | G92: =SUM(G90:G91) -> 1 | H92: =SUM(H90:H91) -> 0 | I92: =SUM(I90:I91) -> 0 | J92: =SUM(J90:J91) -> 0 | K92: =SUM(K90:K91) -> 2 | L92: =SUM(L90:L91) -> 0 | ... W92: =SUM(W90:W91) -> 9
A94: A.1 | B94: 7. | C94: Partai Gelombang Rakyat Indonesia | E94: 0 | F94: 0 | G94: 1 | H94: 1 | I94: 0 | J94: 0 | K94: 0 | L94: 0 | M94: 2 | N94: 1 | O94: 0 | P94: 0 | Q94: 0 | R94: 0 | S94: 1 | T94: 0 | U94: 0 | V94: 0 | W94: =SUM(E94:V94) -> 6
A95: A.2 | C95: 1. SUTRISNO | E95: 0 | F95: 0 | G95: 0 | H95: 0 | I95: 0 | J95: 0 | K95: 0 | L95: 0 | M95: 0 | N95: 0 | O95: 0 | P95: 0 | Q95: 0 | R95: 0 | S95: 0 | T95: 1 | U95: 0 | V95: 0 | W95: =SUM(E95:V95) -> 1
C96: 2. MOH. ANNAS | E96: 0 | F96: 0 | G96: 0 | H96: 0 | I96: 0 | J96: 0 | K96: 0 | L96: 0 | M96: 0 | N96: 0 | O96: 0 | P96: 0 | Q96: 0 | R96: 1 | S96: 0 | T96: 0 | U96: 0 | V96: 0 | W96: =SUM(E96:V96) -> 1
C97: 3. NI MADE AYU PUNIARSI | E97: 0 | F97: 0 | G97: 0 | H97: 0 | I97: 0 | J97: 0 | K97: 0 | L97: 0 | M97: 0 | N97: 0 | O97: 0 | P97: 0 | Q97: 0 | R97: 0 | S97: 0 | T97: 0 | U97: 0 | V97: 0 | W97: =SUM(E97:V97) -> 0
C98: 4. HENDRA KURNIAWAN | E98: 0 | F98: 0 | G98: 0 | H98: 0 | I98: 0 | J98: 0 | K98: 0 | L98: 0 | M98: 0 | N98: 0 | O98: 0 | P98: 0 | Q98: 0 | R98: 0 | S98: 0 | T98: 0 | U98: 0 | V98: 0 | W98: =SUM(E98:V98) -> 0
C99: 5. DEASY GITTA PERWITASARI | E99: 0 | F99: 0 | G99: 0 | H99: 0 | I99: 0 | J99: 0 | K99: 0 | L99: 0 | M99: 0 | N99: 0 | O99: 0 | P99: 0 | Q99: 0 | R99: 0 | S99: 0 | T99: 0 | U99: 0 | V99: 0 | W99: =SUM(E99:V99) -> 0
C100: 6. SUPRAPTO | E100: 0 | F100: 0 | G100: 0 | H100: 0 | I100: 0 | J100: 0 | K100: 0 | L100: 0 | M100: 0 | N100: 0 | O100: 0 | P100: 0 | Q100: 0 | R100: 0 | S100: 0 | T100: 0 | U100: 0 | V100: 0 | W100: =SUM(E100:V100) -> 0
A101: B | B101: JUMLAH SUARA SAH PARTAI POLITIK DAN CALON (A1 + A2) | E101: =SUM(E94:E100) -> 0 | F101: =SUM(F94:F100) -> 0 | G101: =SUM(G94:G100) -> 1 | H101: =SUM(H94:H100) -> 1 | I101: =SUM(I94:I100) -> 0 | J101: =SUM(J94:J100) -> 0 | K101: =SUM(K94:K100) -> 0 | L101: =SUM(L94:L100) -> 0 | ... W101: =SUM(W94:W100) -> 8
A103: A.1 | B103: 8. | C103: Partai Keadilan Sejahtera | E103: 0 | F103: 1 | G103: 1 | H103: 0 | I103: 0 | J103: 0 | K103: 0 | L103: 1 | M103: 2 | N103: 1 | O103: 0 | P103: 0 | Q103: 3 | R103: 0 | S103: 0 | T103: 0 | U103: 0 | V103: 0 | W103: =SUM(E103:V103) -> 9
A104: A.2 | C104: 1. ARIEF WAHYUDI DJ, S.T. | E104: 3 | F104: 0 | G104: 0 | H104: 0 | I104: 0 | J104: 0 | K104: 1 | L104: 0 | M104: 1 | N104: 2 | O104: 0 | P104: 0 | Q104: 0 | R104: 0 | S104: 0 | T104: 0 | U104: 0 | V104: 0 | W104: =SUM(E104:V104) -> 7
C105: 2. SUMAJI | E105: 1 | F105: 0 | G105: 0 | H105: 0 | I105: 0 | J105: 0 | K105: 0 | L105: 0 | M105: 0 | N105: 0 | O105: 0 | P105: 1 | Q105: 0 | R105: 0 | S105: 0 | T105: 0 | U105: 0 | V105: 0 | W105: =SUM(E105:V105) -> 2
C106: 3. LILIK MARIYANA, S.Pd. | E106: 0 | F106: 1 | G106: 0 | H106: 0 | I106: 0 | J106: 0 | K106: 0 | L106: 0 | M106: 0 | N106: 4 | O106: 1 | P106: 0 | Q106: 0 | R106: 0 | S106: 0 | T106: 0 | U106: 0 | V106: 2 | W106: =SUM(E106:V106) -> 8
C107: 4. M. HARUN | E107: 0 | F107: 2 | G107: 4 | H107: 0 | I107: 0 | J107: 0 | K107: 0 | L107: 0 | M107: 0 | N107: 0 | O107: 0 | P107: 0 | Q107: 0 | R107: 0 | S107: 0 | T107: 0 | U107: 0 | V107: 0 | W107: =SUM(E107:V107) -> 6
C108: 5. SHOLIHIN, S.P. | E108: 0 | F108: 0 | G108: 0 | H108: 0 | I108: 0 | J108: 0 | K108: 0 | L108: 0 | M108: 0 | N108: 0 | O108: 0 | P108: 0 | Q108: 0 | R108: 0 | S108: 0 | T108: 1 | U108: 0 | V108: 0 | W108: =SUM(E108:V108) -> 1
C109: 6. HANIFATUL IMTITSAL, S.K.M. | E109: 0 | F109: 0 | G109: 0 | H109: 0 | I109: 0 | J109: 0 | K109: 0 | L109: 0 | M109: 4 | N109: 3 | O109: 0 | P109: 2 | Q109: 0 | R109: 0 | S109: 0 | T109: 0 | U109: 0 | V109: 0 | W109: =SUM(E109:V109) -> 9
A110: B | B110: JUMLAH SUARA SAH PARTAI POLITIK DAN CALON (A1 + A2) | E110: =SUM(E103:E109) -> 4 | F110: =SUM(F103:F109) -> 4 | G110: =SUM(G103:G109) -> 5 | H110: =SUM(H103:H109) -> 0 | I110: =SUM(I103:I109) -> 0 | J110: =SUM(J103:J109) -> 0 | K110: =SUM(K103:K109) -> 1 | L110: =SUM(L103:L109) -> 1 | ... W110: =SUM(W103:W109) -> 42
A112: A.1 | B112: 9. | C112: Partai Kebangkitan Nusantara | E112: 0 | F112: 0 | G112: 0 | H112: 0 | I112: 0 | J112: 0 | K112: 0 | L112: 0 | M112: 0 | N112: 0 | O112: 0 | P112: 0 | Q112: 0 | R112: 0 | S112: 2 | T112: 0 | U112: 0 | V112: 0 | W112: =SUM(E112:V112) -> 2
A113: A.2 | C113: 1. AGUS TARMIDI | E113: 0 | F113: 0 | G113: 0 | H113: 0 | I113: 0 | J113: 0 | K113: 0 | L113: 0 | M113: 0 | N113: 1 | O113: 0 | P113: 0 | Q113: 0 | R113: 0 | S113: 0 | T113: 0 | U113: 0 | V113: 0 | W113: =SUM(E113:V113) -> 1
C114: 2. DIAH AYU PERDANA | E114: 0 | F114: 0 | G114: 0 | H114: 0 | I114: 0 | J114: 0 | K114: 0 | L114: 0 | M114: 1 | N114: 0 | O114: 0 | P114: 0 | Q114: 0 | R114: 0 | S114: 0 | T114: 0 | U114: 0 | V114: 0 | W114: =SUM(E114:V114) -> 1
C115: 3. SITI SUNARSIH | E115: 0 | F115: 0 | G115: 0 | H115: 0 | I115: 0 | J115: 0 | K115: 0 | L115: 0 | M115: 0 | N115: 0 | O115: 0 | P115: 0 | Q115: 0 | R115: 0 | S115: 0 | T115: 0 | U115: 0 | V115: 0 | W115: =SUM(E115:V115) -> 0
C116: 4. DIDIK BASUKI | E116: 0 | F116: 0 | G116: 0 | H116: 0 | I116: 0 | J116: 0 | K116: 0 | L116: 0 | M116: 0 | N116: 0 | O116: 0 | P116: 0 | Q116: 0 | R116: 0 | S116: 0 | T116: 0 | U116: 0 | V116: 0 | W116: =SUM(E116:V116) -> 0
C117: 5. PUTRI SARI APRILIA | E117: 0 | F117: 0 | G117: 0 | H117: 0 | I117: 0 | J117: 0 | K117: 0 | L117: 0 | M117: 0 | N117: 0 | O117: 0 | P117: 0 | Q117: 0 | R117: 0 | S117: 1 | T117: 0 | U117: 0 | V117: 0 | W117: =SUM(E117:V117) -> 1
C118: 6. H. IMAM SOLIKHIN, B.E. | E118: 0 | F118: 0 | G118: 0 | H118: 0 | I118: 0 | J118: 0 | K118: 0 | L118: 0 | M118: 0 | N118: 0 | O118: 0 | P118: 0 | Q118: 0 | R118: 0 | S118: 0 | T118: 0 | U118: 0 | V118: 0 | W118: =SUM(E118:V118) -> 0
A119: B | B119: JUMLAH SUARA SAH PARTAI POLITIK DAN CALON (A1 + A2) | E119: =SUM(E112:E118) -> 0 | F119: =SUM(F112:F118) -> 0 | G119: =SUM(G112:G118) -> 0 | H119: =SUM(H112:H118) -> 0 | I119: =SUM(I112:I118) -> 0 | J119: =SUM(J112:J118) -> 0 | K119: =SUM(K112:K118) -> 0 | L119: =SUM(L112:L118) -> 0 | ... W119: =SUM(W112:W118) -> 5
...

Sheet KARANGBENDO
C2: Kecamatan | D2: ROGOJAMPI
C3: Kabupaten | D3: BANYUWANGI
C4: Provinsi | D4: JAWA TIMUR
C9: Kelurahan | D9: KARANGBENDO
A12: I | B12: DATA PEMILIH DAN PENGGUNAAN HAK PILIH | Z12: JUMLAH AKHIR
A13: A | B13: DATA PEMILIH | E13: TPS 001 | F13: TPS 002 | G13: TPS 003 | H13: TPS 004 | I13: TPS 005 | J13: TPS 006 | K13: TPS 007 | L13: TPS 008 | M13: TPS 009 | N13: TPS 010 | O13: TPS 011 | P13: TPS 012 | Q13: TPS 013 | R13: TPS 014 | S13: TPS 015 | T13: TPS 016 | U13: TPS 017 | V13: TPS 018 | W13: TPS 019 | X13: TPS 020 | Y13: TPS 021
B14: Jumlah Pemilih dalam Daftar Pemilih Tetap (DPT) | D14: LK | E14: 127 | F14: 132 | G14: 138 | H14: 128 | I14: 130 | J14: 122 | K14: 140 | L14: 124 | M14: 135 | N14: 118 | O14: 144 | P14: 109 | Q14: 145 | R14: 127 | S14: 135 | T14: 138 | U14: 140 | V14: 138 | W14: 135 | X14: 132 | Y14: 115 | Z14: =SUM(E14:Y14) -> 2752
D15: PR | E15: 142 | F15: 136 | G15: 150 | H15: 149 | I15: 140 | J15: 117 | K15: 150 | L15: 129 | M15: 152 | N15: 125 | O15: 143 | P15: 118 | Q15: 140 | R15: 121 | S15: 135 | T15: 145 | U15: 147 | V15: 137 | W15: 129 | X15: 149 | Y15: 101 | Z15: =SUM(E15:Y15) -> 2855
D16: JML | E16: =SUM(E14:E15) -> 269 | F16: =SUM(F14:F15) -> 268 | G16: =SUM(G14:G15) -> 288 | H16: =SUM(H14:H15) -> 277 | I16: =SUM(I14:I15) -> 270 | J16: =SUM(J14:J15) -> 239 | K16: =SUM(K14:K15) -> 290 | L16: =SUM(L14:L15) -> 253 | ... Y16: =SUM(Y14:Y15) -> 216 | Z16: =SUM(E16:Y16) -> 5607
A18: B | B18: PENGGUNA HAK PILIH
B19: 1. | C19: Jumlah pengguna hak pilih dalam Daftar Pemilih Tetap (DPT) | D19: LK | E19: 103 | F19: 98 | G19: 122 | H19: 105 | I19: 96 | J19: 101 | K19: 118 | L19: 101 | M19: 105 | N19: 96 | O19: 119 | P19: 85 | Q19: 107 | R19: 102 | S19: 101 | T19: 111 | U19: 108 | V19: 103 | W19: 102 | X19: 109 | Y19: 91 | Z19: =SUM(E19:Y19) -> 2183
D20: PR | E20: 111 | F20: 108 | G20: 104 | H20: 119 | I20: 121 | J20: 87 | K20: 133 | L20: 110 | M20: 123 | N20: 106 | O20: 117 | P20: 98 | Q20: 116 | R20: 106 | S20: 114 | T20: 120 | U20: 112 | V20: 104 | W20: 92 | X20: 128 | Y20: 85 | Z20: =SUM(E20:Y20) -> 2314
D21: JML | E21: =SUM(E19:E20) -> 214 | F21: =SUM(F19:F20) -> 206 | G21: =SUM(G19:G20) -> 226 | H21: =SUM(H19:H20) -> 224 | I21: =SUM(I19:I20) -> 217 | J21: =SUM(J19:J20) -> 188 | K21: =SUM(K19:K20) -> 251 | L21: =SUM(L19:L20) -> 211 | ... Y21: =SUM(Y19:Y20) -> 176 | Z21: =SUM(E21:Y21) -> 4497
B22: 2. | C22: Jumlah pengguna hak pilih dalam Daftar Pemilih Tambahan (DPTb) | D22: LK | E22: 0 | F22: 0 | G22: 0 | H22: 0 | I22: 0 | J22: 0 | K22: 0 | L22: 0 | M22: 0 | N22: 0 | O22: 0 | P22: 1 | Q22: 0 | R22: 1 | S22: 3 | T22: 0 | U22: 0 | V22: 0 | W22: 1 | X22: 0 | Y22: 1 | Z22: =SUM(E22:Y22) -> 7
D23: PR | E23: 0 | F23: 0 | G23: 0 | H23: 1 | I23: 0 | J23: 0 | K23: 0 | L23: 0 | M23: 0 | N23: 0 | O23: 0 | P23: 0 | Q23: 0 | R23: 0 | S23: 3 | T23: 0 | U23: 0 | V23: 0 | W23: 1 | X23: 0 | Y23: 0 | Z23: =SUM(E23:Y23) -> 5
D24: JML | E24: =SUM(E22:E23) -> 0 | F24: =SUM(F22:F23) -> 0 | G24: =SUM(G22:G23) -> 0 | H24: =SUM(H22:H23) -> 1 | I24: =SUM(I22:I23) -> 0 | J24: =SUM(J22:J23) -> 0 | K24: =SUM(K22:K23) -> 0 | L24: =SUM(L22:L23) -> 0 | ... Y24: =SUM(Y22:Y23) -> 1 | Z24: =SUM(E24:Y24) -> 12
B25: 3. | C25: Jumlah pengguna hak pilih dalam Daftar Pemilih Khusus (DPK) | D25: LK | E25: 1 | F25: 0 | G25: 0 | H25: 0 | I25: 1 | J25: 2 | K25: 1 | L25: 0 | M25: 1 | N25: 3 | O25: 1 | P25: 1 | Q25: 0 | R25: 1 | S25: 4 | T25: 4 | U25: 0 | V25: 1 | W25: 1 | X25: 1 | Y25: 2 | Z25: =SUM(E25:Y25) -> 25
D26: PR | E26: 1 | F26: 0 | G26: 1 | H26: 0 | I26: 2 | J26: 1 | K26: 1 | L26: 0 | M26: 4 | N26: 4 | O26: 3 | P26: 2 | Q26: 0 | R26: 3 | S26: 7 | T26: 6 | U26: 3 | V26: 0 | W26: 1 | X26: 1 | Y26: 0 | Z26: =SUM(E26:Y26) -> 40
D27: JML | E27: =SUM(E25:E26) -> 2 | F27: =SUM(F25:F26) -> 0 | G27: =SUM(G25:G26) -> 1 | H27: =SUM(H25:H26) -> 0 | I27: =SUM(I25:I26) -> 3 | J27: =SUM(J25:J26) -> 3 | K27: =SUM(K25:K26) -> 2 | L27: =SUM(L25:L26) -> 0 | ... Y27: =SUM(Y25:Y26) -> 2 | Z27: =SUM(E27:Y27) -> 65
B28: 4. | C28: Jumlah Pengguna Hak Pilih (B.1+B.2+B.3) | D28: LK | E28: =SUM(E19,E22,E25) -> 104 | F28: =SUM(F19,F22,F25) -> 98 | G28: =SUM(G19,G22,G25) -> 122 | H28: =SUM(H19,H22,H25) -> 105 | I28: =SUM(I19,I22,I25) -> 97 | J28: =SUM(J19,J22,J25) -> 103 | K28: =SUM(K19,K22,K25) -> 119 | L28: =SUM(L19,L22,L25) -> 101 | ... Y28: =SUM(Y19,Y22,Y25) -> 94 | Z28: =SUM(E28:Y28) -> 2215
D29: PR | E29: =SUM(E20,E23,E26) -> 112 | F29: =SUM(F20,F23,F26) -> 108 | G29: =SUM(G20,G23,G26) -> 105 | H29: =SUM(H20,H23,H26) -> 120 | I29: =SUM(I20,I23,I26) -> 123 | J29: =SUM(J20,J23,J26) -> 88 | K29: =SUM(K20,K23,K26) -> 134 | L29: =SUM(L20,L23,L26) -> 110 | ... Y29: =SUM(Y20,Y23,Y26) -> 85 | Z29: =SUM(E29:Y29) -> 2359
D30: JML | E30: =SUM(E28:E29) -> 216 | F30: =SUM(F28:F29) -> 206 | G30: =SUM(G28:G29) -> 227 | H30: =SUM(H28:H29) -> 225 | I30: =SUM(I28:I29) -> 220 | J30: =SUM(J28:J29) -> 191 | K30: =SUM(K28:K29) -> 253 | L30: =SUM(L28:L29) -> 211 | ... Y30: =SUM(Y28:Y29) -> 179 | Z30: =SUM(E30:Y30) -> 4574
A32: II | B32: DATA PENGGUNAAN SURAT SUARA
A33: 1 | B33: Jumlah surat suara yang diterima, termasuk surat suara cadangan 2,5% dari DPT | E33: 275 | F33: 274 | G33: 294 | H33: 283 | I33: 276 | J33: 244 | K33: 297 | L33: 259 | M33: 303 | N33: 248 | O33: 293 | P33: 232 | Q33: 291 | R33: 253 | S33: 276 | T33: 290 | U33: 293 | V33: 281 | W33: 270 | X33: 287 | Y33: 221 | Z33: =SUM(E33:Y33) -> 5740
A34: 2 | B34: Jumlah surat suara yang digunakan | E34: 216 | F34: 206 | G34: 227 | H34: 225 | I34: 220 | J34: 191 | K34: 253 | L34: 211 | M34: 233 | N34: 209 | O34: 240 | P34: 187 | Q34: 223 | R34: 213 | S34: 232 | T34: 241 | U34: 223 | V34: 208 | W34: 198 | X34: 239 | Y34: 179 | Z34: =SUM(E34:Y34) -> 4574
A35: 3 | B35: Jumlah surat suara dikembalikan oleh pemilih (karena rusak atau keliru coblos) | E35: 0 | F35: 0 | G35: 0 | H35: 0 | I35: 0 | J35: 0 | K35: 7 | L35: 2 | M35: 0 | N35: 0 | O35: 0 | P35: 0 | Q35: 1 | R35: 0 | S35: 0 | T35: 0 | U35: 1 | V35: 11 | W35: 1 | X35: 0 | Y35: 0 | Z35: =SUM(E35:Y35) -> 23
A36: 4 | B36: Jumlah surat suara yang tidak digunakan/tidak terpakai, termasuk sisa surat suara cadangan | E36: =E33-(E34+E35) -> 59 | F36: =F33-(F34+F35) -> 68 | G36: =G33-(G34+G35) -> 67 | H36: =H33-(H34+H35) -> 58 | I36: =I33-(I34+I35) -> 56 | J36: =J33-(J34+J35) -> 53 | K36: =K33-(K34+K35) -> 37 | L36: =L33-(L34+L35) -> 46 | ... Y36: =Y33-(Y34+Y35) -> 42 | Z36: =SUM(E36:Y36) -> 1143
A38: III | B38: DATA PEMILIH DISABILITAS
B39: Jumlah seluruh Pemilih disabilitas yang menggunakan hak pilih | D39: LK | E39: 0 | F39: 0 | G39: 0 | H39: 0 | I39: 0 | J39: 0 | K39: 0 | L39: 0 | M39: 0 | N39: 0 | O39: 0 | P39: 1 | Q39: 0 | R39: 1 | S39: 0 | T39: 0 | U39: 1 | V39: 0 | W39: 1 | X39: 0 | Y39: 0 | Z39: =SUM(E39:Y39) -> 4
D40: PR | E40: 0 | F40: 0 | G40: 0 | H40: 0 | I40: 0 | J40: 0 | K40: 0 | L40: 0 | M40: 0 | N40: 0 | O40: 0 | P40: 2 | Q40: 0 | R40: 2 | S40: 0 | T40: 0 | U40: 0 | V40: 0 | W40: 0 | X40: 0 | Y40: 0 | Z40: =SUM(E40:Y40) -> 4
D41: JML | E41: =SUM(E39:E40) -> 0 | F41: =SUM(F39:F40) -> 0 | G41: =SUM(G39:G40) -> 0 | H41: =SUM(H39:H40) -> 0 | I41: =SUM(I39:I40) -> 0 | J41: =SUM(J39:J40) -> 0 | K41: =SUM(K39:K40) -> 0 | L41: =SUM(L39:L40) -> 0 | ... Y41: =SUM(Y39:Y40) -> 0 | Z41: =SUM(E41:Y41) -> 8
A43: IV | B43: DATA RINCIAN PEROLEHAN SUARA PASANGAN CALON BUPATI DAN WAKIL BUPATI
A44: NOMOR DAN NAMA CALON
A45: A.1 | B45: 1. | C45: Partai Kebangkitan Bangsa | E45: 3 | F45: 1 | G45: 7 | H45: 4 | I45: 7 | J45: 7 | K45: 1 | L45: 1 | M45: 0 | N45: 2 | O45: 1 | P45: 2 | Q45: 3 | R45: 2 | S45: 3 | T45: 1 | U45: 4 | V45: 4 | W45: 0 | X45: 0 | Y45: 1 | Z45: =SUM(E45:Y45) -> 54
A46: A.2 | C46: 1. ARVY RIZALDY, S.E. | E46: 12 | F46: 12 | G46: 13 | H46: 22 | I46: 11 | J46: 3 | K46: 1 | L46: 0 | M46: 9 | N46: 12 | O46: 3 | P46: 17 | Q46: 13 | R46: 8 | S46: 1 | T46: 4 | U46: 3 | V46: 0 | W46: 3 | X46: 2 | Y46: 1 | Z46: =SUM(E46:Y46) -> 150
C47: 2. HILMI MUSTOFA | E47: 0 | F47: 0 | G47: 3 | H47: 1 | I47: 0 | J47: 3 | K47: 1 | L47: 0 | M47: 2 | N47: 3 | O47: 2 | P47: 0 | Q47: 3 | R47: 7 | S47: 7 | T47: 0 | U47: 8 | V47: 5 | W47: 3 | X47: 5 | Y47: 3 | Z47: =SUM(E47:Y47) -> 56
C48: 3. RUSDIANAH, A.Ma.Pd | E48: 0 | F48: 0 | G48: 0 | H48: 0 | I48: 0 | J48: 0 | K48: 0 | L48: 0 | M48: 1 | N48: 1 | O48: 0 | P48: 3 | Q48: 0 | R48: 0 | S48: 1 | T48: 0 | U48: 0 | V48: 0 | W48: 0 | X48: 1 | Y48: 1 | Z48: =SUM(E48:Y48) -> 8
C49: 4. USMAN YUSUF | E49: 0 | F49: 0 | G49: 1 | H49: 0 | I49: 0 | J49: 0 | K49: 0 | L49: 0 | M49: 3 | N49: 0 | O49: 0 | P49: 0 | Q49: 0 | R49: 0 | S49: 0 | T49: 0 | U49: 1 | V49: 0 | W49: 0 | X49: 0 | Y49: 0 | Z49: =SUM(E49:Y49) -> 5
C50: 5. SA`ADAH | E50: 0 | F50: 0 | G50: 0 | H50: 0 | I50: 0 | J50: 0 | K50: 0 | L50: 0 | M50: 0 | N50: 0 | O50: 0 | P50: 0 | Q50: 0 | R50: 0 | S50: 0 | T50: 3 | U50: 0 | V50: 1 | W50: 0 | X50: 0 | Y50: 0 | Z50: =SUM(E50:Y50) -> 4
C51: 6. FARIHA HASANATUL AMALIA | E51: 0 | F51: 0 | G51: 0 | H51: 0 | I51: 0 | J51: 0 | K51: 0 | L51: 0 | M51: 0 | N51: 0 | O51: 0 | P51: 0 | Q51: 0 | R51: 0 | S51: 0 | T51: 0 | U51: 0 | V51: 0 | W51: 0 | X51: 0 | Y51: 0 | Z51: =SUM(E51:Y51) -> 0
A52: B | B52: JUMLAH SUARA SAH PARTAI POLITIK DAN CALON (A1 + A2) | E52: =SUM(E45:E51) -> 15 | F52: =SUM(F45:F51) -> 13 | G52: =SUM(G45:G51) -> 24 | H52: =SUM(H45:H51) -> 27 | I52: =SUM(I45:I51) -> 18 | J52: =SUM(J45:J51) -> 13 | K52: =SUM(K45:K51) -> 3 | L52: =SUM(L45:L51) -> 1 | ... Z52: =SUM(Z45:Z51) -> 277
A54: A.1 | B54: 2. | C54: Partai Gerakan Indonesia Raya | E54: 5 | F54: 6 | G54: 11 | H54: 7 | I54: 9 | J54: 10 | K54: 4 | L54: 0 | M54: 8 | N54: 7 | O54: 7 | P54: 6 | Q54: 9 | R54: 4 | S54: 4 | T54: 3 | U54: 3 | V54: 13 | W54: 7 | X54: 7 | Y54: 3 | Z54: =SUM(E54:Y54) -> 133
A55: A.2 | C55: 1. SUPARMAN EDY H. | E55: 0 | F55: 2 | G55: 0 | H55: 1 | I55: 2 | J55: 1 | K55: 2 | L55: 3 | M55: 0 | N55: 3 | O55: 0 | P55: 0 | Q55: 1 | R55: 1 | S55: 1 | T55: 1 | U55: 2 | V55: 0 | W55: 1 | X55: 1 | Y55: 2 | Z55: =SUM(E55:Y55) -> 24
C56: 2. NASIKHUN AMIN | E56: 0 | F56: 0 | G56: 0 | H56: 0 | I56: 0 | J56: 0 | K56: 0 | L56: 0 | M56: 0 | N56: 0 | O56: 1 | P56: 0 | Q56: 1 | R56: 0 | S56: 0 | T56: 0 | U56: 2 | V56: 2 | W56: 0 | X56: 0 | Y56: 0 | Z56: =SUM(E56:Y56) -> 6
C57: 3. ENY SETIAWATI, S.H | E57: 0 | F57: 0 | G57: 1 | H57: 0 | I57: 0 | J57: 0 | K57: 0 | L57: 0 | M57: 0 | N57: 0 | O57: 0 | P57: 0 | Q57: 0 | R57: 0 | S57: 0 | T57: 0 | U57: 0 | V57: 0 | W57: 0 | X57: 0 | Y57: 0 | Z57: =SUM(E57:Y57) -> 1
C58: 4. H. ABDUL QODIR, S.H., M.H. | E58: 2 | F58: 1 | G58: 0 | H58: 1 | I58: 0 | J58: 3 | K58: 0 | L58: 0 | M58: 1 | N58: 1 | O58: 2 | P58: 2 | Q58: 2 | R58: 0 | S58: 3 | T58: 0 | U58: 0 | V58: 0 | W58: 0 | X58: 2 | Y58: 0 | Z58: =SUM(E58:Y58) -> 20
C59: 5. FATMAWATI, S.E. | E59: 0 | F59: 0 | G59: 0 | H59: 0 | I59: 0 | J59: 0 | K59: 0 | L59: 0 | M59: 1 | N59: 2 | O59: 0 | P59: 0 | Q59: 0 | R59: 0 | S59: 0 | T59: 0 | U59: 1 | V59: 0 | W59: 0 | X59: 0 | Y59: 0 | Z59: =SUM(E59:Y59) -> 4
C60: 6. NANANG NUR AHMADI | E60: 0 | F60: 4 | G60: 1 | H60: 0 | I60: 0 | J60: 0 | K60: 1 | L60: 0 | M60: 3 | N60: 2 | O60: 5 | P60: 0 | Q60: 4 | R60: 3 | S60: 1 | T60: 1 | U60: 0 | V60: 1 | W60: 0 | X60: 0 | Y60: 1 | Z60: =SUM(E60:Y60) -> 27
A61: B | B61: JUMLAH SUARA SAH PARTAI POLITIK DAN CALON (A1 + A2) | E61: =SUM(E54:E60) -> 7 | F61: =SUM(F54:F60) -> 13 | G61: =SUM(G54:G60) -> 13 | H61: =SUM(H54:H60) -> 9 | I61: =SUM(I54:I60) -> 11 | J61: =SUM(J54:J60) -> 14 | K61: =SUM(K54:K60) -> 7 | L61: =SUM(L54:L60) -> 3 | ... Z61: =SUM(Z54:Z60) -> 215
A63: A.1 | B63: 3. | C63: Partai Demokrasi Indonesia Perjuangan | E63: 1 | F63: 3 | G63: 2 | H63: 5 | I63: 3 | J63: 0 | K63: 3 | L63: 0 | M63: 0 | N63: 3 | O63: 3 | P63: 0 | Q63: 0 | R63: 1 | S63: 2 | T63: 2 | U63: 2 | V63: 6 | W63: 4 | X63: 5 | Y63: 2 | Z63: =SUM(E63:Y63) -> 47
A64: A.2 | C64: 1. WAGIANTO | E64: 1 | F64: 0 | G64: 1 | H64: 0 | I64: 0 | J64: 0 | K64: 7 | L64: 0 | M64: 1 | N64: 0 | O64: 3 | P64: 0 | Q64: 1 | R64: 0 | S64: 2 | T64: 1 | U64: 1 | V64: 2 | W64: 0 | X64: 0 | Y64: 1 | Z64: =SUM(E64:Y64) -> 21
C65: 2. ERIK TRISDIANTANA | E65: 3 | F65: 2 | G65: 5 | H65: 3 | I65: 0 | J65: 0 | K65: 2 | L65: 0 | M65: 1 | N65: 0 | O65: 3 | P65: 0 | Q65: 1 | R65: 3 | S65: 1 | T65: 1 | U65: 2 | V65: 1 | W65: 7 | X65: 0 | Y65: 0 | Z65: =SUM(E65:Y65) -> 35
C66: 3. NI GALUH PARWATI | E66: 0 | F66: 2 | G66: 1 | H66: 3 | I66: 0 | J66: 2 | K66: 1 | L66: 0 | M66: 3 | N66: 0 | O66: 1 | P66: 1 | Q66: 0 | R66: 0 | S66: 1 | T66: 1 | U66: 2 | V66: 25 | W66: 8 | X66: 46 | Y66: 9 | Z66: =SUM(E66:Y66) -> 106
C67: 4. DZULFIKAR REZKY | E67: 0 | F67: 0 | G67: 0 | H67: 0 | I67: 0 | J67: 0 | K67: 0 | L67: 0 | M67: 0 | N67: 0 | O67: 0 | P67: 10 | Q67: 15 | R67: 0 | S67: 15 | T67: 10 | U67: 12 | V67: 23 | W67: 5 | X67: 3 | Y67: 0 | Z67: =SUM(E67:Y67) -> 93
C68: 5. AMALIYAH | E68: 2 | F68: 0 | G68: 2 | H68: 6 | I68: 2 | J68: 0 | K68: 0 | L68: 0 | M68: 0 | N68: 1 | O68: 0 | P68: 0 | Q68: 0 | R68: 0 | S68: 0 | T68: 0 | U68: 0 | V68: 0 | W68: 0 | X68: 3 | Y68: 2 | Z68: =SUM(E68:Y68) -> 18
C69: 6. PUTRI PARAMITA CIPTASARI | E69: 0 | F69: 0 | G69: 0 | H69: 0 | I69: 0 | J69: 0 | K69: 0 | L69: 0 | M69: 0 | N69: 0 | O69: 0 | P69: 0 | Q69: 0 | R69: 0 | S69: 0 | T69: 0 | U69: 0 | V69: 0 | W69: 0 | X69: 0 | Y69: 0 | Z69: =SUM(E69:Y69) -> 0
A70: B | B70: JUMLAH SUARA SAH PARTAI POLITIK DAN CALON (A1 + A2) | E70: =SUM(E63:E69) -> 7 | F70: =SUM(F63:F69) -> 7 | G70: =SUM(G63:G69) -> 11 | H70: =SUM(H63:H69) -> 17 | I70: =SUM(I63:I69) -> 5 | J70: =SUM(J63:J69) -> 2 | K70: =SUM(K63:K69) -> 13 | L70: =SUM(L63:L69) -> 0 | ... Z70: =SUM(Z63:Z69) -> 320
A72: A.1 | B72: 4. | C72: Partai Golongan Karya | E72: 1 | F72: 5 | G72: 1 | H72: 2 | I72: 2 | J72: 0 | K72: 0 | L72: 0 | M72: 1 | N72: 0 | O72: 1 | P72: 0 | Q72: 0 | R72: 0 | S72: 1 | T72: 0 | U72: 0 | V72: 2 | W72: 1 | X72: 1 | Y72: 0 | Z72: =SUM(E72:Y72) -> 18
A73: A.2 | C73: 1. MARIFATUL KAMILA, S.H. | E73: 6 | F73: 13 | G73: 18 | H73: 6 | I73: 8 | J73: 0 | K73: 0 | L73: 0 | M73: 3 | N73: 7 | O73: 1 | P73: 0 | Q73: 0 | R73: 0 | S73: 1 | T73: 1 | U73: 0 | V73: 0 | W73: 4 | X73: 0 | Y73: 3 | Z73: =SUM(E73:Y73) -> 71
C74: 2. KUSWORO, S.Pd. | E74: 0 | F74: 0 | G74: 0 | H74: 0 | I74: 1 | J74: 0 | K74: 0 | L74: 0 | M74: 0 | N74: 0 | O74: 0 | P74: 0 | Q74: 0 | R74: 0 | S74: 0 | T74: 0 | U74: 0 | V74: 0 | W74: 0 | X74: 0 | Y74: 0 | Z74: =SUM(E74:Y74) -> 1
C75: 3. DIDIK SANTOSO, S.Pd. | E75: 0 | F75: 0 | G75: 0 | H75: 0 | I75: 0 | J75: 0 | K75: 0 | L75: 0 | M75: 0 | N75: 0 | O75: 0 | P75: 0 | Q75: 0 | R75: 0 | S75: 0 | T75: 0 | U75: 0 | V75: 0 | W75: 0 | X75: 0 | Y75: 0 | Z75: =SUM(E75:Y75) -> 0
C76: 4. ASYIQ RAHMATULLAH, H | E76: 0 | F76: 0 | G76: 0 | H76: 0 | I76: 1 | J76: 0 | K76: 0 | L76: 0 | M76: 0 | N76: 0 | O76: 0 | P76: 0 | Q76: 0 | R76: 0 | S76: 0 | T76: 0 | U76: 0 | V76: 1 | W76: 0 | X76: 0 | Y76: 1 | Z76: =SUM(E76:Y76) -> 3
C77: 5. ARI PANGESTI | E77: 0 | F77: 0 | G77: 0 | H77: 0 | I77: 0 | J77: 0 | K77: 0 | L77: 0 | M77: 0 | N77: 0 | O77: 0 | P77: 0 | Q77: 0 | R77: 0 | S77: 0 | T77: 0 | U77: 0 | V77: 0 | W77: 0 | X77: 0 | Y77: 0 | Z77: =SUM(E77:Y77) -> 0
C78: 6. H. HANDOKO, S.E. | E78: 0 | F78: 0 | G78: 0 | H78: 0 | I78: 2 | J78: 0 | K78: 0 | L78: 0 | M78: 0 | N78: 0 | O78: 0 | P78: 0 | Q78: 1 | R78: 1 | S78: 1 | T78: 2 | U78: 1 | V78: 2 | W78: 0 | X78: 5 | Y78: 9 | Z78: =SUM(E78:Y78) -> 24
A79: B | B79: JUMLAH SUARA SAH PARTAI POLITIK DAN CALON (A1 + A2) | E79: =SUM(E72:E78) -> 7 | F79: =SUM(F72:F78) -> 18 | G79: =SUM(G72:G78) -> 19 | H79: =SUM(H72:H78) -> 8 | I79: =SUM(I72:I78) -> 14 | J79: =SUM(J72:J78) -> 0 | K79: =SUM(K72:K78) -> 0 | L79: =SUM(L72:L78) -> 0 | ... Z79: =SUM(Z72:Z78) -> 117
A81: A.1 | B81: 5. | C81: Partai NasDem | E81: 1 | F81: 0 | G81: 0 | H81: 0 | I81: 0 | J81: 0 | K81: 0 | L81: 0 | M81: 0 | N81: 0 | O81: 0 | P81: 0 | Q81: 1 | R81: 2 | S81: 5 | T81: 1 | U81: 6 | V81: 1 | W81: 2 | X81: 0 | Y81: 0 | Z81: =SUM(E81:Y81) -> 19
A82: A.2 | C82: 1. H. EDI PURNOMO | E82: 1 | F82: 0 | G82: 0 | H82: 0 | I82: 0 | J82: 0 | K82: 0 | L82: 0 | M82: 0 | N82: 0 | O82: 0 | P82: 0 | Q82: 2 | R82: 0 | S82: 1 | T82: 1 | U82: 0 | V82: 0 | W82: 0 | X82: 0 | Y82: 1 | Z82: =SUM(E82:Y82) -> 6
C83: 2. I GEDE SUDRO WICANO | E83: 0 | F83: 0 | G83: 0 | H83: 0 | I83: 0 | J83: 0 | K83: 0 | L83: 0 | M83: 0 | N83: 0 | O83: 2 | P83: 1 | Q83: 22 | R83: 8 | S83: 46 | T83: 25 | U83: 51 | V83: 9 | W83: 20 | X83: 1 | Y83: 1 | Z83: =SUM(E83:Y83) -> 186
C84: 3. TRI MARVILA SUKMANA, S.H. | E84: 0 | F84: 0 | G84: 0 | H84: 0 | I84: 0 | J84: 0 | K84: 0 | L84: 0 | M84: 0 | N84: 0 | O84: 0 | P84: 0 | Q84: 0 | R84: 1 | S84: 0 | T84: 0 | U84: 0 | V84: 0 | W84: 0 | X84: 0 | Y84: 0 | Z84: =SUM(E84:Y84) -> 1
C85: 4. ISLAMIYAH LESTARI | E85: 0 | F85: 0 | G85: 0 | H85: 0 | I85: 0 | J85: 0 | K85: 0 | L85: 0 | M85: 0 | N85: 0 | O85: 0 | P85: 0 | Q85: 0 | R85: 1 | S85: 0 | T85: 0 | U85: 0 | V85: 0 | W85: 0 | X85: 0 | Y85: 0 | Z85: =SUM(E85:Y85) -> 1
C86: 5. LUTFI WAHYUDI | E86: 0 | F86: 0 | G86: 0 | H86: 1 | I86: 1 | J86: 0 | K86: 14 | L86: 0 | M86: 0 | N86: 0 | O86: 0 | P86: 0 | Q86: 0 | R86: 2 | S86: 1 | T86: 0 | U86: 0 | V86: 0 | W86: 0 | X86: 0 | Y86: 0 | Z86: =SUM(E86:Y86) -> 19
C87: 6. AGUS MAIDO | E87: 0 | F87: 0 | G87: 0 | H87: 0 | I87: 0 | J87: 0 | K87: 1 | L87: 0 | M87: 0 | N87: 0 | O87: 1 | P87: 0 | Q87: 0 | R87: 0 | S87: 0 | T87: 0 | U87: 1 | V87: 2 | W87: 0 | X87: 0 | Y87: 0 | Z87: =SUM(E87:Y87) -> 5
A88: B | B88: JUMLAH SUARA SAH PARTAI POLITIK DAN CALON (A1 + A2) | E88: =SUM(E81:E87) -> 2 | F88: =SUM(F81:F87) -> 0 | G88: =SUM(G81:G87) -> 0 | H88: =SUM(H81:H87) -> 1 | I88: =SUM(I81:I87) -> 1 | J88: =SUM(J81:J87) -> 0 | K88: =SUM(K81:K87) -> 15 | L88: =SUM(L81:L87) -> 0 | ... Z88: =SUM(Z81:Z87) -> 237
A90: A.1 | B90: 6. | C90: Partai Buruh | E90: 0 | F90: 0 | G90: 0 | H90: 0 | I90: 0 | J90: 0 | K90: 2 | L90: 0 | M90: 0 | N90: 0 | O90: 0 | P90: 1 | Q90: 0 | R90: 0 | S90: 0 | T90: 0 | U90: 0 | V90: 0 | W90: 1 | X90: 0 | Y90: 1 | Z90: =SUM(E90:Y90) -> 5
A91: A.2 | C91: 1. ERWIN SANTOSO | E91: 0 | F91: 0 | G91: 0 | H91: 0 | I91: 0 | J91: 0 | K91: 0 | L91: 0 | M91: 0 | N91: 0 | O91: 0 | P91: 0 | Q91: 0 | R91: 0 | S91: 0 | T91: 0 | U91: 0 | V91: 0 | W91: 0 | X91: 0 | Y91: 0 | Z91: =SUM(E91:Y91) -> 0
A92: B | B92: JUMLAH SUARA SAH PARTAI POLITIK DAN CALON (A1 + A2) | E92: =SUM(E90:E91) -> 0 | F92: =SUM(F90:F91) -> 0 | G92: =SUM(G90:G91) -> 0 | H92: =SUM(H90:H91) -> 0 | I92: =SUM(I90:I91) -> 0 | J92: =SUM(J90:J91) -> 0 | K92: =SUM(K90:K91) -> 2 | L92: =SUM(L90:L91) -> 0 | ... Z92: =SUM(Z90:Z91) -> 5
A94: A.1 | B94: 7. | C94: Partai Gelombang Rakyat Indonesia | E94: 0 | F94: 0 | G94: 0 | H94: 0 | I94: 0 | J94: 1 | K94: 0 | L94: 0 | M94: 0 | N94: 1 | O94: 0 | P94: 0 | Q94: 1 | R94: 0 | S94: 1 | T94: 0 | U94: 1 | V94: 1 | W94: 0 | X94: 0 | Y94: 0 | Z94: =SUM(E94:Y94) -> 6
A95: A.2 | C95: 1. SUTRISNO | E95: 0 | F95: 0 | G95: 0 | H95: 0 | I95: 0 | J95: 0 | K95: 1 | L95: 0 | M95: 0 | N95: 0 | O95: 1 | P95: 0 | Q95: 0 | R95: 0 | S95: 0 | T95: 0 | U95: 0 | V95: 0 | W95: 0 | X95: 0 | Y95: 1 | Z95: =SUM(E95:Y95) -> 3
C96: 2. MOH. ANNAS | E96: 0 | F96: 0 | G96: 0 | H96: 0 | I96: 0 | J96: 0 | K96: 0 | L96: 0 | M96: 0 | N96: 0 | O96: 0 | P96: 0 | Q96: 0 | R96: 1 | S96: 0 | T96: 0 | U96: 0 | V96: 0 | W96: 0 | X96: 0 | Y96: 1 | Z96: =SUM(E96:Y96) -> 2
C97: 3. NI MADE AYU PUNIARSI | E97: 0 | F97: 0 | G97: 0 | H97: 0 | I97: 0 | J97: 0 | K97: 0 | L97: 0 | M97: 0 | N97: 0 | O97: 0 | P97: 0 | Q97: 0 | R97: 0 | S97: 0 | T97: 0 | U97: 0 | V97: 0 | W97: 0 | X97: 0 | Y97: 0 | Z97: =SUM(E97:Y97) -> 0
C98: 4. HENDRA KURNIAWAN | E98: 0 | F98: 0 | G98: 0 | H98: 0 | I98: 0 | J98: 1 | K98: 0 | L98: 0 | M98: 0 | N98: 0 | O98: 0 | P98: 0 | Q98: 0 | R98: 0 | S98: 0 | T98: 0 | U98: 0 | V98: 0 | W98: 0 | X98: 0 | Y98: 0 | Z98: =SUM(E98:Y98) -> 1
C99: 5. DEASY GITTA PERWITASARI | E99: 0 | F99: 0 | G99: 0 | H99: 0 | I99: 0 | J99: 0 | K99: 0 | L99: 0 | M99: 0 | N99: 0 | O99: 0 | P99: 0 | Q99: 0 | R99: 0 | S99: 0 | T99: 0 | U99: 0 | V99: 0 | W99: 0 | X99: 0 | Y99: 0 | Z99: =SUM(E99:Y99) -> 0
C100: 6. SUPRAPTO | E100: 0 | F100: 0 | G100: 0 | H100: 0 | I100: 0 | J100: 0 | K100: 0 | L100: 0 | M100: 0 | N100: 0 | O100: 0 | P100: 0 | Q100: 0 | R100: 0 | S100: 0 | T100: 0 | U100: 0 | V100: 0 | W100: 0 | X100: 0 | Y100: 0 | Z100: =SUM(E100:Y100) -> 0
A101: B | B101: JUMLAH SUARA SAH PARTAI POLITIK DAN CALON (A1 + A2) | E101: =SUM(E94:E100) -> 0 | F101: =SUM(F94:F100) -> 0 | G101: =SUM(G94:G100) -> 0 | H101: =SUM(H94:H100) -> 0 | I101: =SUM(I94:I100) -> 0 | J101: =SUM(J94:J100) -> 2 | K101: =SUM(K94:K100) -> 1 | L101: =SUM(L94:L100) -> 0 | ... Z101: =SUM(Z94:Z100) -> 12
A103: A.1 | B103: 8. | C103: Partai Keadilan Sejahtera | E103: 0 | F103: 0 | G103: 0 | H103: 1 | I103: 0 | J103: 0 | K103: 0 | L103: 0 | M103: 0 | N103: 0 | O103: 0 | P103: 0 | Q103: 0 | R103: 0 | S103: 0 | T103: 0 | U103: 0 | V103: 0 | W103: 1 | X103: 0 | Y103: 0 | Z103: =SUM(E103:Y103) -> 2
A104: A.2 | C104: 1. ARIEF WAHYUDI DJ, S.T. | E104: 0 | F104: 0 | G104: 0 | H104: 0 | I104: 0 | J104: 1 | K104: 0 | L104: 0 | M104: 0 | N104: 0 | O104: 3 | P104: 0 | Q104: 0 | R104: 0 | S104: 0 | T104: 0 | U104: 0 | V104: 0 | W104: 1 | X104: 0 | Y104: 0 | Z104: =SUM(E104:Y104) -> 5
C105: 2. SUMAJI | E105: 0 | F105: 0 | G105: 0 | H105: 0 | I105: 0 | J105: 0 | K105: 0 | L105: 0 | M105: 0 | N105: 0 | O105: 1 | P105: 0 | Q105: 0 | R105: 0 | S105: 0 | T105: 0 | U105: 0 | V105: 0 | W105: 0 | X105: 0 | Y105: 0 | Z105: =SUM(E105:Y105) -> 1
C106: 3. LILIK MARIYANA, S.Pd. | E106: 0 | F106: 0 | G106: 0 | H106: 0 | I106: 0 | J106: 1 | K106: 0 | L106: 0 | M106: 0 | N106: 0 | O106: 0 | P106: 0 | Q106: 0 | R106: 0 | S106: 1 | T106: 0 | U106: 0 | V106: 0 | W106: 0 | X106: 0 | Y106: 1 | Z106: =SUM(E106:Y106) -> 3
C107: 4. M. HARUN | E107: 0 | F107: 0 | G107: 0 | H107: 0 | I107: 0 | J107: 0 | K107: 0 | L107: 0 | M107: 0 | N107: 0 | O107: 0 | P107: 0 | Q107: 0 | R107: 0 | S107: 0 | T107: 1 | U107: 1 | V107: 0 | W107: 0 | X107: 0 | Y107: 0 | Z107: =SUM(E107:Y107) -> 2
C108: 5. SHOLIHIN, S.P. | E108: 0 | F108: 0 | G108: 0 | H108: 0 | I108: 0 | J108: 0 | K108: 0 | L108: 0 | M108: 0 | N108: 0 | O108: 0 | P108: 0 | Q108: 0 | R108: 0 | S108: 0 | T108: 0 | U108: 0 | V108: 0 | W108: 0 | X108: 0 | Y108: 0 | Z108: =SUM(E108:Y108) -> 0
C109: 6. HANIFATUL IMTITSAL, S.K.M. | E109: 0 | F109: 0 | G109: 0 | H109: 0 | I109: 0 | J109: 0 | K109: 1 | L109: 0 | M109: 0 | N109: 0 | O109: 1 | P109: 0 | Q109: 1 | R109: 0 | S109: 0 | T109: 0 | U109: 0 | V109: 0 | W109: 1 | X109: 1 | Y109: 0 | Z109: =SUM(E109:Y109) -> 5
A110: B | B110: JUMLAH SUARA SAH PARTAI POLITIK DAN CALON (A1 + A2) | E110: =SUM(E103:E109) -> 0 | F110: =SUM(F103:F109) -> 0 | G110: =SUM(G103:G109) -> 0 | H110: =SUM(H103:H109) -> 1 | I110: =SUM(I103:I109) -> 0 | J110: =SUM(J103:J109) -> 2 | K110: =SUM(K103:K109) -> 1 | L110: =SUM(L103:L109) -> 0 | ... Z110: =SUM(Z103:Z109) -> 18
A112: A.1 | B112: 9. | C112: Partai Kebangkitan Nusantara | E112: 0 | F112: 0 | G112: 0 | H112: 0 | I112: 0 | J112: 0 | K112: 0 | L112: 0 | M112: 0 | N112: 0 | O112: 0 | P112: 0 | Q112: 0 | R112: 0 | S112: 0 | T112: 0 | U112: 0 | V112: 0 | W112: 0 | X112: 0 | Y112: 0 | Z112: =SUM(E112:Y112) -> 0
A113: A.2 | C113: 1. AGUS TARMIDI | E113: 0 | F113: 0 | G113: 0 | H113: 0 | I113: 0 | J113: 0 | K113: 0 | L113: 0 | M113: 0 | N113: 0 | O113: 0 | P113: 0 | Q113: 0 | R113: 0 | S113: 0 | T113: 0 | U113: 0 | V113: 0 | W113: 0 | X113: 0 | Y113: 0 | Z113: =SUM(E113:Y113) -> 0
C114: 2. DIAH AYU PERDANA | E114: 0 | F114: 0 | G114: 0 | H114: 0 | I114: 0 | J114: 0 | K114: 0 | L114: 0 | M114: 0 | N114: 0 | O114: 0 | P114: 0 | Q114: 0 | R114: 0 | S114: 0 | T114: 0 | U114: 0 | V114: 0 | W114: 0 | X114: 0 | Y114: 0 | Z114: =SUM(E114:Y114) -> 0
C115: 3. SITI SUNARSIH | E115: 0 | F115: 0 | G115: 0 | H115: 0 | I115: 0 | J115: 0 | K115: 0 | L115: 0 | M115: 0 | N115: 0 | O115: 0 | P115: 0 | Q115: 0 | R115: 0 | S115: 0 | T115: 0 | U115: 0 | V115: 0 | W115: 0 | X115: 0 | Y115: 0 | Z115: =SUM(E115:Y115) -> 0
C116: 4. DIDIK BASUKI | E116: 0 | F116: 0 | G116: 0 | H116: 0 | I116: 0 | J116: 0 | K116: 0 | L116: 0 | M116: 0 | N116: 0 | O116: 0 | P116: 0 | Q116: 0 | R116: 0 | S116: 0 | T116: 0 | U116: 0 | V116: 0 | W116: 0 | X116: 0 | Y116: 0 | Z116: =SUM(E116:Y116) -> 0
C117: 5. PUTRI SARI APRILIA | E117: 0 | F117: 0 | G117: 0 | H117: 0 | I117: 0 | J117: 0 | K117: 0 | L117: 0 | M117: 0 | N117: 0 | O117: 0 | P117: 0 | Q117: 0 | R117: 0 | S117: 0 | T117: 0 | U117: 0 | V117: 0 | W117: 0 | X117: 0 | Y117: 0 | Z117: =SUM(E117:Y117) -> 0
C118: 6. H. IMAM SOLIKHIN, B.E. | E118: 0 | F118: 0 | G118: 0 | H118: 0 | I118: 0 | J118: 0 | K118: 0 | L118: 0 | M118: 0 | N118: 0 | O118: 0 | P118: 0 | Q118: 0 | R118: 0 | S118: 0 | T118: 0 | U118: 0 | V118: 0 | W118: 0 | X118: 0 | Y118: 0 | Z118: =SUM(E118:Y118) -> 0
A119: B | B119: JUMLAH SUARA SAH PARTAI POLITIK DAN CALON (A1 + A2) | E119: =SUM(E112:E118) -> 0 | F119: =SUM(F112:F118) -> 0 | G119: =SUM(G112:G118) -> 0 | H119: =SUM(H112:H118) -> 0 | I119: =SUM(I112:I118) -> 0 | J119: =SUM(J112:J118) -> 0 | K119: =SUM(K112:K118) -> 0 | L119: =SUM(L112:L118) -> 0 | ... Z119: =SUM(Z112:Z118) -> 0
...

Sheet KEDALEMAN
C2: Kecamatan | D2: ROGOJAMPI
C3: Kabupaten | D3: BANYUWANGI
C4: Provinsi | D4: JAWA TIMUR
C9: Kelurahan | D9: KEDALEMAN
A12: I | B12: DATA PEMILIH DAN PENGGUNAAN HAK PILIH | S12: JUMLAH AKHIR
A13: A | B13: DATA PEMILIH | E13: TPS 001 | F13: TPS 002 | G13: TPS 003 | H13: TPS 004 | I13: TPS 005 | J13: TPS 006 | K13: TPS 007 | L13: TPS 008 | M13: TPS 009 | N13: TPS 010 | O13: TPS 011 | P13: TPS 012 | Q13: TPS 013 | R13: TPS 014
B14: Jumlah Pemilih dalam Daftar Pemilih Tetap (DPT) | D14: LK | E14: 130 | F14: 111 | G14: 108 | H14: 125 | I14: 145 | J14: 140 | K14: 136 | L14: 138 | M14: 101 | N14: 127 | O14: 146 | P14: 136 | Q14: 132 | R14: 144 | S14: =SUM(E14:R14) -> 1819
D15: PR | E15: 123 | F15: 102 | G15: 130 | H15: 130 | I15: 143 | J15: 139 | K15: 144 | L15: 148 | M15: 94 | N15: 123 | O15: 143 | P15: 129 | Q15: 130 | R15: 127 | S15: =SUM(E15:R15) -> 1805
D16: JML | E16: =SUM(E14:E15) -> 253 | F16: =SUM(F14:F15) -> 213 | G16: =SUM(G14:G15) -> 238 | H16: =SUM(H14:H15) -> 255 | I16: =SUM(I14:I15) -> 288 | J16: =SUM(J14:J15) -> 279 | K16: =SUM(K14:K15) -> 280 | L16: =SUM(L14:L15) -> 286 | ... R16: =SUM(R14:R15) -> 271 | S16: =SUM(E16:R16) -> 3624
A18: B | B18: PENGGUNA HAK PILIH
B19: 1. | C19: Jumlah pengguna hak pilih dalam Daftar Pemilih Tetap (DPT) | D19: LK | E19: 106 | F19: 77 | G19: 91 | H19: 95 | I19: 117 | J19: 114 | K19: 102 | L19: 109 | M19: 101 | N19: 104 | O19: 119 | P19: 122 | Q19: 112 | R19: 122 | S19: =SUM(E19:R19) -> 1491
D20: PR | E20: 107 | F20: 69 | G20: 103 | H20: 110 | I20: 93 | J20: 117 | K20: 120 | L20: 120 | M20: 94 | N20: 106 | O20: 117 | P20: 116 | Q20: 119 | R20: 111 | S20: =SUM(E20:R20) -> 1502
D21: JML | E21: =SUM(E19:E20) -> 213 | F21: =SUM(F19:F20) -> 146 | G21: =SUM(G19:G20) -> 194 | H21: =SUM(H19:H20) -> 205 | I21: =SUM(I19:I20) -> 210 | J21: =SUM(J19:J20) -> 231 | K21: =SUM(K19:K20) -> 222 | L21: =SUM(L19:L20) -> 229 | ... R21: =SUM(R19:R20) -> 233 | S21: =SUM(E21:R21) -> 2993
B22: 2. | C22: Jumlah pengguna hak pilih dalam Daftar Pemilih Tambahan (DPTb) | D22: LK | E22: 0 | F22: 0 | G22: 0 | H22: 0 | I22: 2 | J22: 0 | K22: 0 | L22: 1 | M22: 0 | N22: 0 | O22: 0 | P22: 1 | Q22: 0 | R22: 0 | S22: =SUM(E22:R22) -> 4
D23: PR | E23: 0 | F23: 0 | G23: 0 | H23: 0 | I23: 1 | J23: 0 | K23: 1 | L23: 0 | M23: 0 | N23: 1 | O23: 2 | P23: 2 | Q23: 0 | R23: 0 | S23: =SUM(E23:R23) -> 7
D24: JML | E24: =SUM(E22:E23) -> 0 | F24: =SUM(F22:F23) -> 0 | G24: =SUM(G22:G23) -> 0 | H24: =SUM(H22:H23) -> 0 | I24: =SUM(I22:I23) -> 3 | J24: =SUM(J22:J23) -> 0 | K24: =SUM(K22:K23) -> 1 | L24: =SUM(L22:L23) -> 1 | ... R24: =SUM(R22:R23) -> 0 | S24: =SUM(E24:R24) -> 11
B25: 3. | C25: Jumlah pengguna hak pilih dalam Daftar Pemilih Khusus (DPK) | D25: LK | E25: 3 | F25: 0 | G25: 1 | H25: 0 | I25: 0 | J25: 1 | K25: 0 | L25: 0 | M25: 1 | N25: 0 | O25: 1 | P25: 2 | Q25: 0 | R25: 0 | S25: =SUM(E25:R25) -> 9
D26: PR | E26: 1 | F26: 1 | G26: 4 | H26: 3 | I26: 0 | J26: 2 | K26: 0 | L26: 4 | M26: 2 | N26: 1 | O26: 1 | P26: 3 | Q26: 0 | R26: 0 | S26: =SUM(E26:R26) -> 22
D27: JML | E27: =SUM(E25:E26) -> 4 | F27: =SUM(F25:F26) -> 1 | G27: =SUM(G25:G26) -> 5 | H27: =SUM(H25:H26) -> 3 | I27: =SUM(I25:I26) -> 0 | J27: =SUM(J25:J26) -> 3 | K27: =SUM(K25:K26) -> 0 | L27: =SUM(L25:L26) -> 4 | ... R27: =SUM(R25:R26) -> 0 | S27: =SUM(E27:R27) -> 31
B28: 4. | C28: Jumlah Pengguna Hak Pilih (B.1+B.2+B.3) | D28: LK | E28: =SUM(E19,E22,E25) -> 109 | F28: =SUM(F19,F22,F25) -> 77 | G28: =SUM(G19,G22,G25) -> 92 | H28: =SUM(H19,H22,H25) -> 95 | I28: =SUM(I19,I22,I25) -> 119 | J28: =SUM(J19,J22,J25) -> 115 | K28: =SUM(K19,K22,K25) -> 102 | L28: =SUM(L19,L22,L25) -> 110 | ... R28: =SUM(R19,R22,R25) -> 122 | S28: =SUM(E28:R28) -> 1504
D29: PR | E29: =SUM(E20,E23,E26) -> 108 | F29: =SUM(F20,F23,F26) -> 70 | G29: =SUM(G20,G23,G26) -> 107 | H29: =SUM(H20,H23,H26) -> 113 | I29: =SUM(I20,I23,I26) -> 94 | J29: =SUM(J20,J23,J26) -> 119 | K29: =SUM(K20,K23,K26) -> 121 | L29: =SUM(L20,L23,L26) -> 124 | ... R29: =SUM(R20,R23,R26) -> 111 | S29: =SUM(E29:R29) -> 1531
D30: JML | E30: =SUM(E28:E29) -> 217 | F30: =SUM(F28:F29) -> 147 | G30: =SUM(G28:G29) -> 199 | H30: =SUM(H28:H29) -> 208 | I30: =SUM(I28:I29) -> 213 | J30: =SUM(J28:J29) -> 234 | K30: =SUM(K28:K29) -> 223 | L30: =SUM(L28:L29) -> 234 | ... R30: =SUM(R28:R29) -> 233 | S30: =SUM(E30:R30) -> 3035
A32: II | B32: DATA PENGGUNAAN SURAT SUARA
A33: 1 | B33: Jumlah surat suara yang diterima, termasuk surat suara cadangan 2,5% dari DPT | E33: 260 | F33: 218 | G33: 243 | H33: 261 | I33: 294 | J33: 285 | K33: 285 | L33: 292 | M33: 250 | N33: 255 | O33: 295 | P33: 271 | Q33: 268 | R33: 277 | S33: =SUM(E33:R33) -> 3754
A34: 2 | B34: Jumlah surat suara yang digunakan | E34: 217 | F34: 147 | G34: 199 | H34: 208 | I34: 213 | J34: 234 | K34: 223 | L34: 234 | M34: 198 | N34: 212 | O34: 240 | P34: 246 | Q34: 231 | R34: 233 | S34: =SUM(E34:R34) -> 3035
A35: 3 | B35: Jumlah surat suara dikembalikan oleh pemilih (karena rusak atau keliru coblos) | E35: 5 | F35: 0 | G35: 3 | H35: 1 | I35: 0 | J35: 3 | K35: 0 | L35: 0 | M35: 0 | N35: 0 | O35: 0 | P35: 0 | Q35: 0 | R35: 2 | S35: =SUM(E35:R35) -> 14
A36: 4 | B36: Jumlah surat suara yang tidak digunakan/tidak terpakai, termasuk sisa surat suara cadangan | E36: =E33-(E34+E35) -> 38 | F36: =F33-(F34+F35) -> 71 | G36: =G33-(G34+G35) -> 41 | H36: =H33-(H34+H35) -> 52 | I36: =I33-(I34+I35) -> 81 | J36: =J33-(J34+J35) -> 48 | K36: =K33-(K34+K35) -> 62 | L36: =L33-(L34+L35) -> 58 | ... R36: =R33-(R34+R35) -> 42 | S36: =SUM(E36:R36) -> 705
A38: III | B38: DATA PEMILIH DISABILITAS
B39: Jumlah seluruh Pemilih disabilitas yang menggunakan hak pilih | D39: LK | E39: 0 | F39: 0 | G39: 0 | H39: 0 | I39: 1 | J39: 0 | K39: 1 | L39: 0 | M39: 0 | N39: 0 | O39: 1 | P39: 0 | Q39: 0 | R39: 0 | S39: =SUM(E39:R39) -> 3
D40: PR | E40: 0 | F40: 0 | G40: 0 | H40: 0 | I40: 0 | J40: 1 | K40: 0 | L40: 0 | M40: 0 | N40: 0 | O40: 3 | P40: 0 | Q40: 0 | R40: 0 | S40: =SUM(E40:R40) -> 4
D41: JML | E41: =SUM(E39:E40) -> 0 | F41: =SUM(F39:F40) -> 0 | G41: =SUM(G39:G40) -> 0 | H41: =SUM(H39:H40) -> 0 | I41: =SUM(I39:I40) -> 1 | J41: =SUM(J39:J40) -> 1 | K41: =SUM(K39:K40) -> 1 | L41: =SUM(L39:L40) -> 0 | ... R41: =SUM(R39:R40) -> 0 | S41: =SUM(E41:R41) -> 7
A43: IV | B43: DATA RINCIAN PEROLEHAN SUARA PASANGAN CALON BUPATI DAN WAKIL BUPATI
A44: NOMOR DAN NAMA CALON
A45: A.1 | B45: 1. | C45: Partai Kebangkitan Bangsa | E45: 12 | F45: 10 | G45: 2 | H45: 2 | I45: 5 | J45: 5 | K45: 4 | L45: 6 | M45: 14 | N45: 7 | O45: 2 | P45: 6 | Q45: 9 | R45: 7 | S45: =SUM(E45:R45) -> 91
A46: A.2 | C46: 1. ARVY RIZALDY, S.E. | E46: 117 | F46: 68 | G46: 9 | H46: 8 | I46: 27 | J46: 34 | K46: 21 | L46: 57 | M46: 43 | N46: 28 | O46: 16 | P46: 15 | Q46: 14 | R46: 19 | S46: =SUM(E46:R46) -> 476
C47: 2. HILMI MUSTOFA | E47: 2 | F47: 5 | G47: 3 | H47: 1 | I47: 2 | J47: 2 | K47: 3 | L47: 5 | M47: 7 | N47: 2 | O47: 0 | P47: 1 | Q47: 1 | R47: 6 | S47: =SUM(E47:R47) -> 40
C48: 3. RUSDIANAH, A.Ma.Pd | E48: 0 | F48: 1 | G48: 0 | H48: 0 | I48: 1 | J48: 0 | K48: 0 | L48: 1 | M48: 1 | N48: 0 | O48: 0 | P48: 0 | Q48: 0 | R48: 0 | S48: =SUM(E48:R48) -> 4
C49: 4. USMAN YUSUF | E49: 0 | F49: 0 | G49: 0 | H49: 0 | I49: 0 | J49: 0 | K49: 2 | L49: 0 | M49: 0 | N49: 0 | O49: 0 | P49: 0 | Q49: 0 | R49: 1 | S49: =SUM(E49:R49) -> 3
C50: 5. SA`ADAH | E50: 0 | F50: 0 | G50: 0 | H50: 0 | I50: 0 | J50: 0 | K50: 0 | L50: 0 | M50: 4 | N50: 1 | O50: 1 | P50: 0 | Q50: 0 | R50: 0 | S50: =SUM(E50:R50) -> 6
C51: 6. FARIHA HASANATUL AMALIA | E51: 0 | F51: 0 | G51: 1 | H51: 0 | I51: 0 | J51: 0 | K51: 0 | L51: 0 | M51: 0 | N51: 0 | O51: 0 | P51: 0 | Q51: 0 | R51: 0 | S51: =SUM(E51:R51) -> 1
A52: B | B52: JUMLAH SUARA SAH PARTAI POLITIK DAN CALON (A1 + A2) | E52: =SUM(E45:E51) -> 131 | F52: =SUM(F45:F51) -> 84 | G52: =SUM(G45:G51) -> 15 | H52: =SUM(H45:H51) -> 11 | I52: =SUM(I45:I51) -> 35 | J52: =SUM(J45:J51) -> 41 | K52: =SUM(K45:K51) -> 30 | L52: =SUM(L45:L51) -> 69 | ... S52: =SUM(S45:S51) -> 621
A54: A.1 | B54: 2. | C54: Partai Gerakan Indonesia Raya | E54: 2 | F54: 1 | G54: 2 | H54: 4 | I54: 5 | J54: 6 | K54: 9 | L54: 6 | M54: 5 | N54: 7 | O54: 7 | P54: 6 | Q54: 5 | R54: 4 | S54: =SUM(E54:R54) -> 69
A55: A.2 | C55: 1. SUPARMAN EDY H. | E55: 1 | F55: 0 | G55: 0 | H55: 0 | I55: 0 | J55: 1 | K55: 0 | L55: 1 | M55: 0 | N55: 2 | O55: 1 | P55: 1 | Q55: 2 | R55: 1 | S55: =SUM(E55:R55) -> 10
C56: 2. NASIKHUN AMIN | E56: 1 | F56: 0 | G56: 1 | H56: 0 | I56: 0 | J56: 2 | K56: 1 | L56: 0 | M56: 1 | N56: 0 | O56: 3 | P56: 2 | Q56: 3 | R56: 0 | S56: =SUM(E56:R56) -> 14
C57: 3. ENY SETIAWATI, S.H | E57: 0 | F57: 0 | G57: 3 | H57: 0 | I57: 1 | J57: 0 | K57: 0 | L57: 0 | M57: 1 | N57: 0 | O57: 0 | P57: 0 | Q57: 0 | R57: 2 | S57: =SUM(E57:R57) -> 7
C58: 4. H. ABDUL QODIR, S.H., M.H. | E58: 0 | F58: 2 | G58: 3 | H58: 1 | I58: 2 | J58: 2 | K58: 4 | L58: 1 | M58: 0 | N58: 1 | O58: 0 | P58: 0 | Q58: 3 | R58: 2 | S58: =SUM(E58:R58) -> 21
C59: 5. FATMAWATI, S.E. | E59: 0 | F59: 0 | G59: 0 | H59: 0 | I59: 0 | J59: 0 | K59: 0 | L59: 0 | M59: 0 | N59: 0 | O59: 0 | P59: 0 | Q59: 0 | R59: 0 | S59: =SUM(E59:R59) -> 0
C60: 6. NANANG NUR AHMADI | E60: 4 | F60: 0 | G60: 3 | H60: 4 | I60: 13 | J60: 5 | K60: 3 | L60: 5 | M60: 3 | N60: 5 | O60: 8 | P60: 2 | Q60: 3 | R60: 1 | S60: =SUM(E60:R60) -> 59
A61: B | B61: JUMLAH SUARA SAH PARTAI POLITIK DAN CALON (A1 + A2) | E61: =SUM(E54:E60) -> 8 | F61: =SUM(F54:F60) -> 3 | G61: =SUM(G54:G60) -> 12 | H61: =SUM(H54:H60) -> 9 | I61: =SUM(I54:I60) -> 21 | J61: =SUM(J54:J60) -> 16 | K61: =SUM(K54:K60) -> 17 | L61: =SUM(L54:L60) -> 13 | ... S61: =SUM(S54:S60) -> 180
A63: A.1 | B63: 3. | C63: Partai Demokrasi Indonesia Perjuangan | E63: 1 | F63: 3 | G63: 1 | H63: 4 | I63: 6 | J63: 6 | K63: 3 | L63: 7 | M63: 1 | N63: 4 | O63: 2 | P63: 6 | Q63: 3 | R63: 4 | S63: =SUM(E63:R63) -> 51
A64: A.2 | C64: 1. WAGIANTO | E64: 1 | F64: 0 | G64: 9 | H64: 6 | I64: 27 | J64: 17 | K64: 23 | L64: 25 | M64: 11 | N64: 12 | O64: 27 | P64: 35 | Q64: 19 | R64: 9 | S64: =SUM(E64:R64) -> 221
C65: 2. ERIK TRISDIANTANA | E65: 0 | F65: 0 | G65: 2 | H65: 0 | I65: 2 | J65: 2 | K65: 1 | L65: 2 | M65: 2 | N65: 1 | O65: 0 | P65: 1 | Q65: 1 | R65: 0 | S65: =SUM(E65:R65) -> 14
C66: 3. NI GALUH PARWATI | E66: 0 | F66: 1 | G66: 24 | H66: 36 | I66: 31 | J66: 15 | K66: 18 | L66: 17 | M66: 11 | N66: 20 | O66: 10 | P66: 5 | Q66: 6 | R66: 18 | S66: =SUM(E66:R66) -> 212
C67: 4. DZULFIKAR REZKY | E67: 4 | F67: 1 | G67: 10 | H67: 0 | I67: 0 | J67: 3 | K67: 3 | L67: 1 | M67: 1 | N67: 5 | O67: 3 | P67: 0 | Q67: 4 | R67: 37 | S67: =SUM(E67:R67) -> 72
C68: 5. AMALIYAH | E68: 0 | F68: 0 | G68: 1 | H68: 1 | I68: 0 | J68: 0 | K68: 0 | L68: 1 | M68: 0 | N68: 0 | O68: 0 | P68: 0 | Q68: 0 | R68: 2 | S68: =SUM(E68:R68) -> 5
C69: 6. PUTRI PARAMITA CIPTASARI | E69: 0 | F69: 0 | G69: 1 | H69: 0 | I69: 2 | J69: 1 | K69: 0 | L69: 0 | M69: 0 | N69: 1 | O69: 0 | P69: 0 | Q69: 0 | R69: 1 | S69: =SUM(E69:R69) -> 6
A70: B | B70: JUMLAH SUARA SAH PARTAI POLITIK DAN CALON (A1 + A2) | E70: =SUM(E63:E69) -> 6 | F70: =SUM(F63:F69) -> 5 | G70: =SUM(G63:G69) -> 48 | H70: =SUM(H63:H69) -> 47 | I70: =SUM(I63:I69) -> 68 | J70: =SUM(J63:J69) -> 44 | K70: =SUM(K63:K69) -> 48 | L70: =SUM(L63:L69) -> 53 | ... S70: =SUM(S63:S69) -> 581
A72: A.1 | B72: 4. | C72: Partai Golongan Karya | E72: 0 | F72: 0 | G72: 0 | H72: 3 | I72: 2 | J72: 0 | K72: 3 | L72: 4 | M72: 1 | N72: 3 | O72: 0 | P72: 2 | Q72: 2 | R72: 1 | S72: =SUM(E72:R72) -> 21
A73: A.2 | C73: 1. MARIFATUL KAMILA, S.H. | E73: 0 | F73: 6 | G73: 0 | H73: 2 | I73: 2 | J73: 2 | K73: 4 | L73: 2 | M73: 1 | N73: 4 | O73: 8 | P73: 12 | Q73: 11 | R73: 4 | S73: =SUM(E73:R73) -> 58
C74: 2. KUSWORO, S.Pd. | E74: 1 | F74: 0 | G74: 1 | H74: 0 | I74: 0 | J74: 1 | K74: 0 | L74: 2 | M74: 0 | N74: 0 | O74: 1 | P74: 0 | Q74: 0 | R74: 1 | S74: =SUM(E74:R74) -> 7
C75: 3. DIDIK SANTOSO, S.Pd. | E75: 0 | F75: 0 | G75: 0 | H75: 0 | I75: 0 | J75: 0 | K75: 1 | L75: 0 | M75: 0 | N75: 0 | O75: 0 | P75: 0 | Q75: 0 | R75: 0 | S75: =SUM(E75:R75) -> 1
C76: 4. ASYIQ RAHMATULLAH, H | E76: 0 | F76: 0 | G76: 0 | H76: 0 | I76: 0 | J76: 0 | K76: 2 | L76: 0 | M76: 0 | N76: 0 | O76: 0 | P76: 0 | Q76: 0 | R76: 0 | S76: =SUM(E76:R76) -> 2
C77: 5. ARI PANGESTI | E77: 0 | F77: 0 | G77: 0 | H77: 0 | I77: 0 | J77: 0 | K77: 1 | L77: 1 | M77: 1 | N77: 0 | O77: 0 | P77: 0 | Q77: 0 | R77: 2 | S77: =SUM(E77:R77) -> 5
C78: 6. H. HANDOKO, S.E. | E78: 1 | F78: 0 | G78: 1 | H78: 0 | I78: 2 | J78: 0 | K78: 0 | L78: 2 | M78: 0 | N78: 0 | O78: 2 | P78: 0 | Q78: 0 | R78: 0 | S78: =SUM(E78:R78) -> 8
A79: B | B79: JUMLAH SUARA SAH PARTAI POLITIK DAN CALON (A1 + A2) | E79: =SUM(E72:E78) -> 2 | F79: =SUM(F72:F78) -> 6 | G79: =SUM(G72:G78) -> 2 | H79: =SUM(H72:H78) -> 5 | I79: =SUM(I72:I78) -> 6 | J79: =SUM(J72:J78) -> 3 | K79: =SUM(K72:K78) -> 11 | L79: =SUM(L72:L78) -> 11 | ... S79: =SUM(S72:S78) -> 102
A81: A.1 | B81: 5. | C81: Partai NasDem | E81: 0 | F81: 1 | G81: 1 | H81: 1 | I81: 1 | J81: 3 | K81: 0 | L81: 0 | M81: 3 | N81: 1 | O81: 1 | P81: 4 | Q81: 6 | R81: 1 | S81: =SUM(E81:R81) -> 23
A82: A.2 | C82: 1. H. EDI PURNOMO | E82: 0 | F82: 0 | G82: 0 | H82: 0 | I82: 1 | J82: 1 | K82: 0 | L82: 0 | M82: 0 | N82: 0 | O82: 0 | P82: 15 | Q82: 0 | R82: 1 | S82: =SUM(E82:R82) -> 18
C83: 2. I GEDE SUDRO WICANO | E83: 8 | F83: 0 | G83: 15 | H83: 38 | I83: 2 | J83: 4 | K83: 7 | L83: 2 | M83: 2 | N83: 2 | O83: 6 | P83: 9 | Q83: 2 | R83: 2 | S83: =SUM(E83:R83) -> 99
C84: 3. TRI MARVILA SUKMANA, S.H. | E84: 0 | F84: 0 | G84: 0 | H84: 0 | I84: 1 | J84: 0 | K84: 0 | L84: 0 | M84: 1 | N84: 0 | O84: 0 | P84: 0 | Q84: 0 | R84: 0 | S84: =SUM(E84:R84) -> 2
C85: 4. ISLAMIYAH LESTARI | E85: 0 | F85: 0 | G85: 0 | H85: 0 | I85: 0 | J85: 0 | K85: 0 | L85: 0 | M85: 0 | N85: 0 | O85: 0 | P85: 1 | Q85: 0 | R85: 0 | S85: =SUM(E85:R85) -> 1
C86: 5. LUTFI WAHYUDI | E86: 0 | F86: 0 | G86: 2 | H86: 0 | I86: 0 | J86: 0 | K86: 1 | L86: 0 | M86: 4 | N86: 3 | O86: 0 | P86: 0 | Q86: 15 | R86: 4 | S86: =SUM(E86:R86) -> 29
C87: 6. AGUS MAIDO | E87: 0 | F87: 0 | G87: 0 | H87: 1 | I87: 0 | J87: 0 | K87: 0 | L87: 0 | M87: 0 | N87: 0 | O87: 0 | P87: 0 | Q87: 0 | R87: 0 | S87: =SUM(E87:R87) -> 1
A88: B | B88: JUMLAH SUARA SAH PARTAI POLITIK DAN CALON (A1 + A2) | E88: =SUM(E81:E87) -> 8 | F88: =SUM(F81:F87) -> 1 | G88: =SUM(G81:G87) -> 18 | H88: =SUM(H81:H87) -> 40 | I88: =SUM(I81:I87) -> 5 | J88: =SUM(J81:J87) -> 8 | K88: =SUM(K81:K87) -> 8 | L88: =SUM(L81:L87) -> 2 | ... S88: =SUM(S81:S87) -> 173
A90: A.1 | B90: 6. | C90: Partai Buruh | E90: 0 | F90: 0 | G90: 0 | H90: 0 | I90: 0 | J90: 2 | K90: 2 | L90: 0 | M90: 0 | N90: 1 | O90: 0 | P90: 0 | Q90: 0 | R90: 0 | S90: =SUM(E90:R90) -> 5
A91: A.2 | C91: 1. ERWIN SANTOSO | E91: 0 | F91: 0 | G91: 1 | H91: 1 | I91: 0 | J91: 0 | K91: 0 | L91: 0 | M91: 0 | N91: 0 | O91: 0 | P91: 0 | Q91: 1 | R91: 0 | S91: =SUM(E91:R91) -> 3
A92: B | B92: JUMLAH SUARA SAH PARTAI POLITIK DAN CALON (A1 + A2) | E92: =SUM(E90:E91) -> 0 | F92: =SUM(F90:F91) -> 0 | G92: =SUM(G90:G91) -> 1 | H92: =SUM(H90:H91) -> 1 | I92: =SUM(I90:I91) -> 0 | J92: =SUM(J90:J91) -> 2 | K92: =SUM(K90:K91) -> 2 | L92: =SUM(L90:L91) -> 0 | ... S92: =SUM(S90:S91) -> 8
A94: A.1 | B94: 7. | C94: Partai Gelombang Rakyat Indonesia | E94: 0 | F94: 0 | G94: 0 | H94: 1 | I94: 0 | J94: 1 | K94: 3 | L94: 1 | M94: 0 | N94: 1 | O94: 1 | P94: 3 | Q94: 0 | R94: 0 | S94: =SUM(E94:R94) -> 11
A95: A.2 | C95: 1. SUTRISNO | E95: 0 | F95: 0 | G95: 0 | H95: 0 | I95: 0 | J95: 0 | K95: 0 | L95: 0 | M95: 1 | N95: 0 | O95: 0 | P95: 0 | Q95: 0 | R95: 0 | S95: =SUM(E95:R95) -> 1
C96: 2. MOH. ANNAS | E96: 1 | F96: 0 | G96: 0 | H96: 1 | I96: 0 | J96: 0 | K96: 0 | L96: 0 | M96: 0 | N96: 0 | O96: 0 | P96: 0 | Q96: 0 | R96: 0 | S96: =SUM(E96:R96) -> 2
C97: 3. NI MADE AYU PUNIARSI | E97: 0 | F97: 0 | G97: 0 | H97: 0 | I97: 0 | J97: 0 | K97: 1 | L97: 0 | M97: 0 | N97: 0 | O97: 0 | P97: 0 | Q97: 0 | R97: 0 | S97: =SUM(E97:R97) -> 1
C98: 4. HENDRA KURNIAWAN | E98: 0 | F98: 0 | G98: 0 | H98: 0 | I98: 0 | J98: 0 | K98: 0 | L98: 0 | M98: 0 | N98: 0 | O98: 0 | P98: 0 | Q98: 0 | R98: 0 | S98: =SUM(E98:R98) -> 0
C99: 5. DEASY GITTA PERWITASARI | E99: 0 | F99: 0 | G99: 0 | H99: 0 | I99: 0 | J99: 0 | K99: 0 | L99: 0 | M99: 0 | N99: 0 | O99: 0 | P99: 0 | Q99: 0 | R99: 0 | S99: =SUM(E99:R99) -> 0
C100: 6. SUPRAPTO | E100: 1 | F100: 0 | G100: 3 | H100: 0 | I100: 3 | J100: 10 | K100: 31 | L100: 4 | M100: 4 | N100: 2 | O100: 2 | P100: 0 | Q100: 0 | R100: 2 | S100: =SUM(E100:R100) -> 62
A101: B | B101: JUMLAH SUARA SAH PARTAI POLITIK DAN CALON (A1 + A2) | E101: =SUM(E94:E100) -> 2 | F101: =SUM(F94:F100) -> 0 | G101: =SUM(G94:G100) -> 3 | H101: =SUM(H94:H100) -> 2 | I101: =SUM(I94:I100) -> 3 | J101: =SUM(J94:J100) -> 11 | K101: =SUM(K94:K100) -> 35 | L101: =SUM(L94:L100) -> 5 | ... S101: =SUM(S94:S100) -> 77
A103: A.1 | B103: 8. | C103: Partai Keadilan Sejahtera | E103: 0 | F103: 0 | G103: 1 | H103: 0 | I103: 1 | J103: 1 | K103: 1 | L103: 0 | M103: 0 | N103: 0 | O103: 0 | P103: 1 | Q103: 0 | R103: 0 | S103: =SUM(E103:R103) -> 5
A104: A.2 | C104: 1. ARIEF WAHYUDI DJ, S.T. | E104: 0 | F104: 0 | G104: 1 | H104: 0 | I104: 11 | J104: 1 | K104: 0 | L104: 5 | M104: 5 | N104: 0 | O104: 0 | P104: 0 | Q104: 4 | R104: 1 | S104: =SUM(E104:R104) -> 28
C105: 2. SUMAJI | E105: 0 | F105: 0 | G105: 0 | H105: 0 | I105: 0 | J105: 0 | K105: 0 | L105: 0 | M105: 0 | N105: 0 | O105: 0 | P105: 0 | Q105: 0 | R105: 0 | S105: =SUM(E105:R105) -> 0
C106: 3. LILIK MARIYANA, S.Pd. | E106: 0 | F106: 0 | G106: 0 | H106: 0 | I106: 0 | J106: 0 | K106: 0 | L106: 0 | M106: 0 | N106: 0 | O106: 0 | P106: 0 | Q106: 1 | R106: 0 | S106: =SUM(E106:R106) -> 1
C107: 4. M. HARUN | E107: 0 | F107: 0 | G107: 1 | H107: 0 | I107: 3 | J107: 0 | K107: 1 | L107: 4 | M107: 1 | N107: 0 | O107: 2 | P107: 0 | Q107: 2 | R107: 1 | S107: =SUM(E107:R107) -> 15
C108: 5. SHOLIHIN, S.P. | E108: 0 | F108: 0 | G108: 0 | H108: 0 | I108: 1 | J108: 0 | K108: 0 | L108: 0 | M108: 0 | N108: 0 | O108: 0 | P108: 0 | Q108: 0 | R108: 0 | S108: =SUM(E108:R108) -> 1
C109: 6. HANIFATUL IMTITSAL, S.K.M. | E109: 0 | F109: 1 | G109: 0 | H109: 0 | I109: 0 | J109: 9 | K109: 19 | L109: 0 | M109: 1 | N109: 0 | O109: 0 | P109: 0 | Q109: 0 | R109: 0 | S109: =SUM(E109:R109) -> 30
A110: B | B110: JUMLAH SUARA SAH PARTAI POLITIK DAN CALON (A1 + A2) | E110: =SUM(E103:E109) -> 0 | F110: =SUM(F103:F109) -> 1 | G110: =SUM(G103:G109) -> 3 | H110: =SUM(H103:H109) -> 0 | I110: =SUM(I103:I109) -> 16 | J110: =SUM(J103:J109) -> 11 | K110: =SUM(K103:K109) -> 21 | L110: =SUM(L103:L109) -> 9 | ... S110: =SUM(S103:S109) -> 80
A112: A.1 | B112: 9. | C112: Partai Kebangkitan Nusantara | E112: 0 | F112: 0 | G112: 0 | H112: 0 | I112: 0 | J112: 0 | K112: 0 | L112: 0 | M112: 0 | N112: 0 | O112: 0 | P112: 0 | Q112: 0 | R112: 0 | S112: =SUM(E112:R112) -> 0
A113: A.2 | C113: 1. AGUS TARMIDI | E113: 0 | F113: 0 | G113: 0 | H113: 0 | I113: 0 | J113: 0 | K113: 0 | L113: 0 | M113: 0 | N113: 0 | O113: 0 | P113: 0 | Q113: 0 | R113: 0 | S113: =SUM(E113:R113) -> 0
C114: 2. DIAH AYU PERDANA | E114: 0 | F114: 0 | G114: 0 | H114: 4 | I114: 0 | J114: 6 | K114: 1 | L114: 0 | M114: 2 | N114: 0 | O114: 0 | P114: 0 | Q114: 0 | R114: 0 | S114: =SUM(E114:R114) -> 13
C115: 3. SITI SUNARSIH | E115: 0 | F115: 0 | G115: 0 | H115: 0 | I115: 0 | J115: 0 | K115: 0 | L115: 0 | M115: 0 | N115: 0 | O115: 0 | P115: 0 | Q115: 0 | R115: 0 | S115: =SUM(E115:R115) -> 0
C116: 4. DIDIK BASUKI | E116: 0 | F116: 0 | G116: 0 | H116: 0 | I116: 0 | J116: 0 | K116: 0 | L116: 0 | M116: 0 | N116: 0 | O116: 0 | P116: 0 | Q116: 0 | R116: 0 | S116: =SUM(E116:R116) -> 0
C117: 5. PUTRI SARI APRILIA | E117: 0 | F117: 0 | G117: 0 | H117: 0 | I117: 0 | J117: 0 | K117: 0 | L117: 0 | M117: 0 | N117: 0 | O117: 0 | P117: 0 | Q117: 0 | R117: 0 | S117: =SUM(E117:R117) -> 0
C118: 6. H. IMAM SOLIKHIN, B.E. | E118: 0 | F118: 0 | G118: 0 | H118: 0 | I118: 0 | J118: 0 | K118: 0 | L118: 0 | M118: 0 | N118: 0 | O118: 0 | P118: 0 | Q118: 0 | R118: 0 | S118: =SUM(E118:R118) -> 0
A119: B | B119: JUMLAH SUARA SAH PARTAI POLITIK DAN CALON (A1 + A2) | E119: =SUM(E112:E118) -> 0 | F119: =SUM(F112:F118) -> 0 | G119: =SUM(G112:G118) -> 0 | H119: =SUM(H112:H118) -> 4 | I119: =SUM(I112:I118) -> 0 | J119: =SUM(J112:J118) -> 6 | K119: =SUM(K112:K118) -> 1 | L119: =SUM(L112:L118) -> 0 | ... S119: =SUM(S112:S118) -> 13
...

Sheet LEMAHBANGDEWO
C2: Kecamatan | D2: ROGOJAMPI
C3: Kabupaten | D3: BANYUWANGI
C4: Provinsi | D4: JAWA TIMUR
C9: Kelurahan | D9: LEMAHBANGDEWO
A12: I | B12: DATA PEMILIH DAN PENGGUNAAN HAK PILIH | O12: JUMLAH AKHIR
A13: A | B13: DATA PEMILIH | E13: TPS 001 | F13: TPS 002 | G13: TPS 003 | H13: TPS 004 | I13: TPS 005 | J13: TPS 006 | K13: TPS 007 | L13: TPS 008 | M13: TPS 009 | N13: TPS 010
B14: Jumlah Pemilih dalam Daftar Pemilih Tetap (DPT) | D14: LK | E14: 142 | F14: 114 | G14: 96 | H14: 133 | I14: 104 | J14: 133 | K14: 134 | L14: 141 | M14: 119 | N14: 75 | O14: =SUM(E14:N14) -> 1191
D15: PR | E15: 143 | F15: 142 | G15: 99 | H15: 146 | I15: 109 | J15: 133 | K15: 137 | L15: 152 | M15: 122 | N15: 77 | O15: =SUM(E15:N15) -> 1260
D16: JML | E16: =SUM(E14:E15) -> 285 | F16: =SUM(F14:F15) -> 256 | G16: =SUM(G14:G15) -> 195 | H16: =SUM(H14:H15) -> 279 | I16: =SUM(I14:I15) -> 213 | J16: =SUM(J14:J15) -> 266 | K16: =SUM(K14:K15) -> 271 | L16: =SUM(L14:L15) -> 293 | ... N16: =SUM(N14:N15) -> 152 | O16: =SUM(E16:N16) -> 2451
A18: B | B18: PENGGUNA HAK PILIH
B19: 1. | C19: Jumlah pengguna hak pilih dalam Daftar Pemilih Tetap (DPT) | D19: LK | E19: 115 | F19: 86 | G19: 79 | H19: 95 | I19: 70 | J19: 106 | K19: 96 | L19: 105 | M19: 90 | N19: 58 | O19: =SUM(E19:N19) -> 900
D20: PR | E20: 112 | F20: 114 | G20: 83 | H20: 115 | I20: 83 | J20: 109 | K20: 103 | L20: 115 | M20: 98 | N20: 67 | O20: =SUM(E20:N20) -> 999
D21: JML | E21: =SUM(E19:E20) -> 227 | F21: =SUM(F19:F20) -> 200 | G21: =SUM(G19:G20) -> 162 | H21: =SUM(H19:H20) -> 210 | I21: =SUM(I19:I20) -> 153 | J21: =SUM(J19:J20) -> 215 | K21: =SUM(K19:K20) -> 199 | L21: =SUM(L19:L20) -> 220 | ... N21: =SUM(N19:N20) -> 125 | O21: =SUM(E21:N21) -> 1899
B22: 2. | C22: Jumlah pengguna hak pilih dalam Daftar Pemilih Tambahan (DPTb) | D22: LK | E22: 0 | F22: 1 | G22: 2 | H22: 1 | I22: 0 | J22: 2 | K22: 0 | L22: 0 | M22: 1 | N22: 3 | O22: =SUM(E22:N22) -> 10
D23: PR | E23: 0 | F23: 2 | G23: 0 | H23: 1 | I23: 2 | J23: 1 | K23: 2 | L23: 1 | M23: 0 | N23: 0 | O23: =SUM(E23:N23) -> 9
D24: JML | E24: =SUM(E22:E23) -> 0 | F24: =SUM(F22:F23) -> 3 | G24: =SUM(G22:G23) -> 2 | H24: =SUM(H22:H23) -> 2 | I24: =SUM(I22:I23) -> 2 | J24: =SUM(J22:J23) -> 3 | K24: =SUM(K22:K23) -> 2 | L24: =SUM(L22:L23) -> 1 | ... N24: =SUM(N22:N23) -> 3 | O24: =SUM(E24:N24) -> 19
B25: 3. | C25: Jumlah pengguna hak pilih dalam Daftar Pemilih Khusus (DPK) | D25: LK | E25: 0 | F25: 1 | G25: 3 | H25: 2 | I25: 0 | J25: 1 | K25: 2 | L25: 0 | M25: 0 | N25: 0 | O25: =SUM(E25:N25) -> 9
D26: PR | E26: 0 | F26: 0 | G26: 1 | H26: 2 | I26: 2 | J26: 0 | K26: 0 | L26: 0 | M26: 0 | N26: 2 | O26: =SUM(E26:N26) -> 7
D27: JML | E27: =SUM(E25:E26) -> 0 | F27: =SUM(F25:F26) -> 1 | G27: =SUM(G25:G26) -> 4 | H27: =SUM(H25:H26) -> 4 | I27: =SUM(I25:I26) -> 2 | J27: =SUM(J25:J26) -> 1 | K27: =SUM(K25:K26) -> 2 | L27: =SUM(L25:L26) -> 0 | ... N27: =SUM(N25:N26) -> 2 | O27: =SUM(E27:N27) -> 16
B28: 4. | C28: Jumlah Pengguna Hak Pilih (B.1+B.2+B.3) | D28: LK | E28: =SUM(E19,E22,E25) -> 115 | F28: =SUM(F19,F22,F25) -> 88 | G28: =SUM(G19,G22,G25) -> 84 | H28: =SUM(H19,H22,H25) -> 98 | I28: =SUM(I19,I22,I25) -> 70 | J28: =SUM(J19,J22,J25) -> 109 | K28: =SUM(K19,K22,K25) -> 98 | L28: =SUM(L19,L22,L25) -> 105 | ... N28: =SUM(N19,N22,N25) -> 61 | O28: =SUM(E28:N28) -> 919
D29: PR | E29: =SUM(E20,E23,E26) -> 112 | F29: =SUM(F20,F23,F26) -> 116 | G29: =SUM(G20,G23,G26) -> 84 | H29: =SUM(H20,H23,H26) -> 118 | I29: =SUM(I20,I23,I26) -> 87 | J29: =SUM(J20,J23,J26) -> 110 | K29: =SUM(K20,K23,K26) -> 105 | L29: =SUM(L20,L23,L26) -> 116 | ... N29: =SUM(N20,N23,N26) -> 69 | O29: =SUM(E29:N29) -> 1015
D30: JML | E30: =SUM(E28:E29) -> 227 | F30: =SUM(F28:F29) -> 204 | G30: =SUM(G28:G29) -> 168 | H30: =SUM(H28:H29) -> 216 | I30: =SUM(I28:I29) -> 157 | J30: =SUM(J28:J29) -> 219 | K30: =SUM(K28:K29) -> 203 | L30: =SUM(L28:L29) -> 221 | ... N30: =SUM(N28:N29) -> 130 | O30: =SUM(E30:N30) -> 1934
A32: II | B32: DATA PENGGUNAAN SURAT SUARA
A33: 1 | B33: Jumlah surat suara yang diterima, termasuk surat suara cadangan 2,5% dari DPT | E33: 291 | F33: 262 | G33: 199 | H33: 285 | I33: 218 | J33: 272 | K33: 280 | L33: 299 | M33: 246 | N33: 156 | O33: =SUM(E33:N33) -> 2508
A34: 2 | B34: Jumlah surat suara yang digunakan | E34: 227 | F34: 204 | G34: 168 | H34: 216 | I34: 157 | J34: 219 | K34: 203 | L34: 221 | M34: 189 | N34: 130 | O34: =SUM(E34:N34) -> 1934
A35: 3 | B35: Jumlah surat suara dikembalikan oleh pemilih (karena rusak atau keliru coblos) | E35: 0 | F35: 0 | G35: 1 | H35: 1 | I35: 0 | J35: 0 | K35: 0 | L35: 1 | M35: 0 | N35: 0 | O35: =SUM(E35:N35) -> 3
A36: 4 | B36: Jumlah surat suara yang tidak digunakan/tidak terpakai, termasuk sisa surat suara cadangan | E36: =E33-(E34+E35) -> 64 | F36: =F33-(F34+F35) -> 58 | G36: =G33-(G34+G35) -> 30 | H36: =H33-(H34+H35) -> 68 | I36: =I33-(I34+I35) -> 61 | J36: =J33-(J34+J35) -> 53 | K36: =K33-(K34+K35) -> 77 | L36: =L33-(L34+L35) -> 77 | ... N36: =N33-(N34+N35) -> 26 | O36: =SUM(E36:N36) -> 571
A38: III | B38: DATA PEMILIH DISABILITAS
B39: Jumlah seluruh Pemilih disabilitas yang menggunakan hak pilih | D39: LK | E39: 1 | F39: 0 | G39: 0 | H39: 5 | I39: 0 | J39: 0 | K39: 0 | L39: 3 | M39: 0 | N39: 0 | O39: =SUM(E39:N39) -> 9
D40: PR | E40: 0 | F40: 0 | G40: 1 | H40: 0 | I40: 0 | J40: 0 | K40: 0 | L40: 1 | M40: 0 | N40: 0 | O40: =SUM(E40:N40) -> 2
D41: JML | E41: =SUM(E39:E40) -> 1 | F41: =SUM(F39:F40) -> 0 | G41: =SUM(G39:G40) -> 1 | H41: =SUM(H39:H40) -> 5 | I41: =SUM(I39:I40) -> 0 | J41: =SUM(J39:J40) -> 0 | K41: =SUM(K39:K40) -> 0 | L41: =SUM(L39:L40) -> 4 | ... N41: =SUM(N39:N40) -> 0 | O41: =SUM(E41:N41) -> 11
A43: IV | B43: DATA RINCIAN PEROLEHAN SUARA PASANGAN CALON BUPATI DAN WAKIL BUPATI
A44: NOMOR DAN NAMA CALON
A45: A.1 | B45: 1. | C45: Partai Kebangkitan Bangsa | E45: 4 | F45: 3 | G45: 1 | H45: 4 | I45: 0 | J45: 4 | K45: 11 | L45: 2 | M45: 3 | N45: 11 | O45: =SUM(E45:N45) -> 43
A46: A.2 | C46: 1. ARVY RIZALDY, S.E. | E46: 19 | F46: 5 | G46: 9 | H46: 12 | I46: 10 | J46: 46 | K46: 27 | L46: 21 | M46: 20 | N46: 46 | O46: =SUM(E46:N46) -> 215
C47: 2. HILMI MUSTOFA | E47: 0 | F47: 1 | G47: 2 | H47: 1 | I47: 0 | J47: 6 | K47: 4 | L47: 5 | M47: 3 | N47: 0 | O47: =SUM(E47:N47) -> 22
C48: 3. RUSDIANAH, A.Ma.Pd | E48: 1 | F48: 5 | G48: 6 | H48: 0 | I48: 1 | J48: 1 | K48: 1 | L48: 0 | M48: 1 | N48: 0 | O48: =SUM(E48:N48) -> 16
C49: 4. USMAN YUSUF | E49: 0 | F49: 0 | G49: 0 | H49: 0 | I49: 0 | J49: 1 | K49: 0 | L49: 1 | M49: 0 | N49: 0 | O49: =SUM(E49:N49) -> 2
C50: 5. SA`ADAH | E50: 0 | F50: 0 | G50: 0 | H50: 1 | I50: 1 | J50: 1 | K50: 1 | L50: 0 | M50: 3 | N50: 0 | O50: =SUM(E50:N50) -> 7
C51: 6. FARIHA HASANATUL AMALIA | E51: 0 | F51: 0 | G51: 0 | H51: 0 | I51: 0 | J51: 0 | K51: 0 | L51: 0 | M51: 0 | N51: 1 | O51: =SUM(E51:N51) -> 1
A52: B | B52: JUMLAH SUARA SAH PARTAI POLITIK DAN CALON (A1 + A2) | E52: =SUM(E45:E51) -> 24 | F52: =SUM(F45:F51) -> 14 | G52: =SUM(G45:G51) -> 18 | H52: =SUM(H45:H51) -> 18 | I52: =SUM(I45:I51) -> 12 | J52: =SUM(J45:J51) -> 59 | K52: =SUM(K45:K51) -> 44 | L52: =SUM(L45:L51) -> 29 | ... O52: =SUM(O45:O51) -> 306
A54: A.1 | B54: 2. | C54: Partai Gerakan Indonesia Raya | E54: 9 | F54: 5 | G54: 5 | H54: 5 | I54: 1 | J54: 2 | K54: 6 | L54: 9 | M54: 6 | N54: 3 | O54: =SUM(E54:N54) -> 51
A55: A.2 | C55: 1. SUPARMAN EDY H. | E55: 9 | F55: 1 | G55: 4 | H55: 4 | I55: 2 | J55: 1 | K55: 0 | L55: 3 | M55: 2 | N55: 0 | O55: =SUM(E55:N55) -> 26
C56: 2. NASIKHUN AMIN | E56: 1 | F56: 0 | G56: 1 | H56: 2 | I56: 1 | J56: 1 | K56: 1 | L56: 2 | M56: 1 | N56: 1 | O56: =SUM(E56:N56) -> 11
C57: 3. ENY SETIAWATI, S.H | E57: 1 | F57: 4 | G57: 0 | H57: 1 | I57: 0 | J57: 0 | K57: 0 | L57: 1 | M57: 1 | N57: 0 | O57: =SUM(E57:N57) -> 8
C58: 4. H. ABDUL QODIR, S.H., M.H. | E58: 0 | F58: 2 | G58: 0 | H58: 3 | I58: 1 | J58: 2 | K58: 4 | L58: 1 | M58: 4 | N58: 2 | O58: =SUM(E58:N58) -> 19
C59: 5. FATMAWATI, S.E. | E59: 1 | F59: 1 | G59: 0 | H59: 0 | I59: 0 | J59: 0 | K59: 0 | L59: 0 | M59: 1 | N59: 0 | O59: =SUM(E59:N59) -> 3
C60: 6. NANANG NUR AHMADI | E60: 6 | F60: 6 | G60: 17 | H60: 4 | I60: 4 | J60: 6 | K60: 3 | L60: 3 | M60: 2 | N60: 2 | O60: =SUM(E60:N60) -> 53
A61: B | B61: JUMLAH SUARA SAH PARTAI POLITIK DAN CALON (A1 + A2) | E61: =SUM(E54:E60) -> 27 | F61: =SUM(F54:F60) -> 19 | G61: =SUM(G54:G60) -> 27 | H61: =SUM(H54:H60) -> 19 | I61: =SUM(I54:I60) -> 9 | J61: =SUM(J54:J60) -> 12 | K61: =SUM(K54:K60) -> 14 | L61: =SUM(L54:L60) -> 19 | ... O61: =SUM(O54:O60) -> 171
A63: A.1 | B63: 3. | C63: Partai Demokrasi Indonesia Perjuangan | E63: 7 | F63: 11 | G63: 2 | H63: 4 | I63: 6 | J63: 5 | K63: 2 | L63: 11 | M63: 3 | N63: 1 | O63: =SUM(E63:N63) -> 52
A64: A.2 | C64: 1. WAGIANTO | E64: 2 | F64: 4 | G64: 6 | H64: 19 | I64: 12 | J64: 3 | K64: 1 | L64: 7 | M64: 2 | N64: 0 | O64: =SUM(E64:N64) -> 56
C65: 2. ERIK TRISDIANTANA | E65: 1 | F65: 7 | G65: 2 | H65: 2 | I65: 4 | J65: 19 | K65: 5 | L65: 2 | M65: 9 | N65: 5 | O65: =SUM(E65:N65) -> 56
C66: 3. NI GALUH PARWATI | E66: 22 | F66: 39 | G66: 17 | H66: 17 | I66: 3 | J66: 1 | K66: 2 | L66: 3 | M66: 0 | N66: 1 | O66: =SUM(E66:N66) -> 105
C67: 4. DZULFIKAR REZKY | E67: 30 | F67: 7 | G67: 3 | H67: 8 | I67: 3 | J67: 4 | K67: 1 | L67: 4 | M67: 3 | N67: 4 | O67: =SUM(E67:N67) -> 67
C68: 5. AMALIYAH | E68: 0 | F68: 1 | G68: 2 | H68: 1 | I68: 2 | J68: 1 | K68: 2 | L68: 5 | M68: 0 | N68: 2 | O68: =SUM(E68:N68) -> 16
C69: 6. PUTRI PARAMITA CIPTASARI | E69: 1 | F69: 0 | G69: 1 | H69: 0 | I69: 2 | J69: 0 | K69: 2 | L69: 0 | M69: 0 | N69: 0 | O69: =SUM(E69:N69) -> 6
A70: B | B70: JUMLAH SUARA SAH PARTAI POLITIK DAN CALON (A1 + A2) | E70: =SUM(E63:E69) -> 63 | F70: =SUM(F63:F69) -> 69 | G70: =SUM(G63:G69) -> 33 | H70: =SUM(H63:H69) -> 51 | I70: =SUM(I63:I69) -> 32 | J70: =SUM(J63:J69) -> 33 | K70: =SUM(K63:K69) -> 15 | L70: =SUM(L63:L69) -> 32 | ... O70: =SUM(O63:O69) -> 358
A72: A.1 | B72: 4. | C72: Partai Golongan Karya | E72: 7 | F72: 5 | G72: 0 | H72: 3 | I72: 4 | J72: 1 | K72: 3 | L72: 4 | M72: 5 | N72: 1 | O72: =SUM(E72:N72) -> 33
A73: A.2 | C73: 1. MARIFATUL KAMILA, S.H. | E73: 12 | F73: 4 | G73: 2 | H73: 25 | I73: 10 | J73: 4 | K73: 4 | L73: 5 | M73: 0 | N73: 5 | O73: =SUM(E73:N73) -> 71
C74: 2. KUSWORO, S.Pd. | E74: 1 | F74: 0 | G74: 0 | H74: 1 | I74: 0 | J74: 1 | K74: 0 | L74: 1 | M74: 0 | N74: 0 | O74: =SUM(E74:N74) -> 4
C75: 3. DIDIK SANTOSO, S.Pd. | E75: 0 | F75: 1 | G75: 0 | H75: 3 | I75: 0 | J75: 0 | K75: 0 | L75: 0 | M75: 1 | N75: 0 | O75: =SUM(E75:N75) -> 5
C76: 4. ASYIQ RAHMATULLAH, H | E76: 1 | F76: 1 | G76: 0 | H76: 1 | I76: 0 | J76: 1 | K76: 1 | L76: 0 | M76: 0 | N76: 0 | O76: =SUM(E76:N76) -> 5
C77: 5. ARI PANGESTI | E77: 1 | F77: 1 | G77: 0 | H77: 0 | I77: 0 | J77: 1 | K77: 1 | L77: 1 | M77: 0 | N77: 0 | O77: =SUM(E77:N77) -> 5
C78: 6. H. HANDOKO, S.E. | E78: 21 | F78: 31 | G78: 31 | H78: 11 | I78: 7 | J78: 10 | K78: 67 | L78: 4 | M78: 69 | N78: 13 | O78: =SUM(E78:N78) -> 264
A79: B | B79: JUMLAH SUARA SAH PARTAI POLITIK DAN CALON (A1 + A2) | E79: =SUM(E72:E78) -> 43 | F79: =SUM(F72:F78) -> 43 | G79: =SUM(G72:G78) -> 33 | H79: =SUM(H72:H78) -> 44 | I79: =SUM(I72:I78) -> 21 | J79: =SUM(J72:J78) -> 18 | K79: =SUM(K72:K78) -> 76 | L79: =SUM(L72:L78) -> 15 | ... O79: =SUM(O72:O78) -> 387
A81: A.1 | B81: 5. | C81: Partai NasDem | E81: 1 | F81: 2 | G81: 0 | H81: 1 | I81: 1 | J81: 0 | K81: 3 | L81: 0 | M81: 0 | N81: 0 | O81: =SUM(E81:N81) -> 8
A82: A.2 | C82: 1. H. EDI PURNOMO | E82: 0 | F82: 0 | G82: 0 | H82: 2 | I82: 1 | J82: 1 | K82: 1 | L82: 0 | M82: 1 | N82: 0 | O82: =SUM(E82:N82) -> 6
C83: 2. I GEDE SUDRO WICANO | E83: 0 | F83: 0 | G83: 0 | H83: 0 | I83: 0 | J83: 0 | K83: 1 | L83: 0 | M83: 4 | N83: 0 | O83: =SUM(E83:N83) -> 5
C84: 3. TRI MARVILA SUKMANA, S.H. | E84: 0 | F84: 0 | G84: 0 | H84: 0 | I84: 0 | J84: 0 | K84: 0 | L84: 1 | M84: 0 | N84: 0 | O84: =SUM(E84:N84) -> 1
C85: 4. ISLAMIYAH LESTARI | E85: 0 | F85: 0 | G85: 0 | H85: 0 | I85: 0 | J85: 0 | K85: 0 | L85: 0 | M85: 0 | N85: 1 | O85: =SUM(E85:N85) -> 1
C86: 5. LUTFI WAHYUDI | E86: 4 | F86: 4 | G86: 1 | H86: 9 | I86: 1 | J86: 7 | K86: 12 | L86: 2 | M86: 6 | N86: 7 | O86: =SUM(E86:N86) -> 53
C87: 6. AGUS MAIDO | E87: 0 | F87: 0 | G87: 2 | H87: 0 | I87: 0 | J87: 0 | K87: 0 | L87: 0 | M87: 0 | N87: 0 | O87: =SUM(E87:N87) -> 2
A88: B | B88: JUMLAH SUARA SAH PARTAI POLITIK DAN CALON (A1 + A2) | E88: =SUM(E81:E87) -> 5 | F88: =SUM(F81:F87) -> 6 | G88: =SUM(G81:G87) -> 3 | H88: =SUM(H81:H87) -> 12 | I88: =SUM(I81:I87) -> 3 | J88: =SUM(J81:J87) -> 8 | K88: =SUM(K81:K87) -> 17 | L88: =SUM(L81:L87) -> 3 | ... O88: =SUM(O81:O87) -> 76
A90: A.1 | B90: 6. | C90: Partai Buruh | E90: 0 | F90: 2 | G90: 0 | H90: 1 | I90: 0 | J90: 0 | K90: 1 | L90: 1 | M90: 2 | N90: 1 | O90: =SUM(E90:N90) -> 8
A91: A.2 | C91: 1. ERWIN SANTOSO | E91: 0 | F91: 0 | G91: 0 | H91: 0 | I91: 1 | J91: 0 | K91: 0 | L91: 0 | M91: 0 | N91: 0 | O91: =SUM(E91:N91) -> 1
A92: B | B92: JUMLAH SUARA SAH PARTAI POLITIK DAN CALON (A1 + A2) | E92: =SUM(E90:E91) -> 0 | F92: =SUM(F90:F91) -> 2 | G92: =SUM(G90:G91) -> 0 | H92: =SUM(H90:H91) -> 1 | I92: =SUM(I90:I91) -> 1 | J92: =SUM(J90:J91) -> 0 | K92: =SUM(K90:K91) -> 1 | L92: =SUM(L90:L91) -> 1 | ... O92: =SUM(O90:O91) -> 9
A94: A.1 | B94: 7. | C94: Partai Gelombang Rakyat Indonesia | E94: 0 | F94: 0 | G94: 1 | H94: 0 | I94: 0 | J94: 1 | K94: 0 | L94: 0 | M94: 1 | N94: 0 | O94: =SUM(E94:N94) -> 3
A95: A.2 | C95: 1. SUTRISNO | E95: 0 | F95: 0 | G95: 0 | H95: 0 | I95: 0 | J95: 2 | K95: 0 | L95: 0 | M95: 0 | N95: 0 | O95: =SUM(E95:N95) -> 2
C96: 2. MOH. ANNAS | E96: 0 | F96: 0 | G96: 0 | H96: 0 | I96: 0 | J96: 0 | K96: 1 | L96: 0 | M96: 0 | N96: 0 | O96: =SUM(E96:N96) -> 1
C97: 3. NI MADE AYU PUNIARSI | E97: 0 | F97: 0 | G97: 0 | H97: 0 | I97: 0 | J97: 1 | K97: 0 | L97: 0 | M97: 0 | N97: 0 | O97: =SUM(E97:N97) -> 1
C98: 4. HENDRA KURNIAWAN | E98: 0 | F98: 0 | G98: 0 | H98: 0 | I98: 0 | J98: 0 | K98: 0 | L98: 0 | M98: 0 | N98: 0 | O98: =SUM(E98:N98) -> 0
C99: 5. DEASY GITTA PERWITASARI | E99: 0 | F99: 0 | G99: 0 | H99: 0 | I99: 0 | J99: 0 | K99: 1 | L99: 0 | M99: 0 | N99: 0 | O99: =SUM(E99:N99) -> 1
C100: 6. SUPRAPTO | E100: 0 | F100: 2 | G100: 0 | H100: 3 | I100: 0 | J100: 0 | K100: 0 | L100: 0 | M100: 0 | N100: 0 | O100: =SUM(E100:N100) -> 5
A101: B | B101: JUMLAH SUARA SAH PARTAI POLITIK DAN CALON (A1 + A2) | E101: =SUM(E94:E100) -> 0 | F101: =SUM(F94:F100) -> 2 | G101: =SUM(G94:G100) -> 1 | H101: =SUM(H94:H100) -> 3 | I101: =SUM(I94:I100) -> 0 | J101: =SUM(J94:J100) -> 4 | K101: =SUM(K94:K100) -> 2 | L101: =SUM(L94:L100) -> 0 | ... O101: =SUM(O94:O100) -> 13
A103: A.1 | B103: 8. | C103: Partai Keadilan Sejahtera | E103: 1 | F103: 2 | G103: 0 | H103: 2 | I103: 0 | J103: 0 | K103: 0 | L103: 0 | M103: 0 | N103: 0 | O103: =SUM(E103:N103) -> 5
A104: A.2 | C104: 1. ARIEF WAHYUDI DJ, S.T. | E104: 3 | F104: 2 | G104: 2 | H104: 0 | I104: 4 | J104: 0 | K104: 0 | L104: 2 | M104: 2 | N104: 1 | O104: =SUM(E104:N104) -> 16
C105: 2. SUMAJI | E105: 0 | F105: 0 | G105: 0 | H105: 0 | I105: 0 | J105: 0 | K105: 0 | L105: 0 | M105: 0 | N105: 0 | O105: =SUM(E105:N105) -> 0
C106: 3. LILIK MARIYANA, S.Pd. | E106: 0 | F106: 0 | G106: 0 | H106: 0 | I106: 0 | J106: 0 | K106: 0 | L106: 0 | M106: 0 | N106: 0 | O106: =SUM(E106:N106) -> 0
C107: 4. M. HARUN | E107: 0 | F107: 0 | G107: 0 | H107: 0 | I107: 0 | J107: 0 | K107: 0 | L107: 0 | M107: 1 | N107: 0 | O107: =SUM(E107:N107) -> 1
C108: 5. SHOLIHIN, S.P. | E108: 0 | F108: 0 | G108: 0 | H108: 0 | I108: 0 | J108: 0 | K108: 0 | L108: 0 | M108: 0 | N108: 0 | O108: =SUM(E108:N108) -> 0
C109: 6. HANIFATUL IMTITSAL, S.K.M. | E109: 0 | F109: 0 | G109: 0 | H109: 2 | I109: 0 | J109: 0 | K109: 0 | L109: 6 | M109: 0 | N109: 0 | O109: =SUM(E109:N109) -> 8
A110: B | B110: JUMLAH SUARA SAH PARTAI POLITIK DAN CALON (A1 + A2) | E110: =SUM(E103:E109) -> 4 | F110: =SUM(F103:F109) -> 4 | G110: =SUM(G103:G109) -> 2 | H110: =SUM(H103:H109) -> 4 | I110: =SUM(I103:I109) -> 4 | J110: =SUM(J103:J109) -> 0 | K110: =SUM(K103:K109) -> 0 | L110: =SUM(L103:L109) -> 8 | ... O110: =SUM(O103:O109) -> 30
A112: A.1 | B112: 9. | C112: Partai Kebangkitan Nusantara | E112: 0 | F112: 0 | G112: 0 | H112: 0 | I112: 0 | J112: 0 | K112: 0 | L112: 0 | M112: 0 | N112: 0 | O112: =SUM(E112:N112) -> 0
A113: A.2 | C113: 1. AGUS TARMIDI | E113: 0 | F113: 0 | G113: 0 | H113: 0 | I113: 0 | J113: 1 | K113: 0 | L113: 0 | M113: 0 | N113: 0 | O113: =SUM(E113:N113) -> 1
C114: 2. DIAH AYU PERDANA | E114: 0 | F114: 1 | G114: 0 | H114: 0 | I114: 0 | J114: 0 | K114: 0 | L114: 0 | M114: 1 | N114: 0 | O114: =SUM(E114:N114) -> 2
C115: 3. SITI SUNARSIH | E115: 0 | F115: 0 | G115: 0 | H115: 0 | I115: 0 | J115: 0 | K115: 0 | L115: 0 | M115: 0 | N115: 0 | O115: =SUM(E115:N115) -> 0
C116: 4. DIDIK BASUKI | E116: 0 | F116: 0 | G116: 0 | H116: 1 | I116: 0 | J116: 0 | K116: 0 | L116: 0 | M116: 0 | N116: 0 | O116: =SUM(E116:N116) -> 1
C117: 5. PUTRI SARI APRILIA | E117: 0 | F117: 0 | G117: 0 | H117: 0 | I117: 0 | J117: 0 | K117: 0 | L117: 0 | M117: 0 | N117: 0 | O117: =SUM(E117:N117) -> 0
C118: 6. H. IMAM SOLIKHIN, B.E. | E118: 0 | F118: 0 | G118: 0 | H118: 0 | I118: 0 | J118: 0 | K118: 0 | L118: 0 | M118: 0 | N118: 0 | O118: =SUM(E118:N118) -> 0
A119: B | B119: JUMLAH SUARA SAH PARTAI POLITIK DAN CALON (A1 + A2) | E119: =SUM(E112:E118) -> 0 | F119: =SUM(F112:F118) -> 1 | G119: =SUM(G112:G118) -> 0 | H119: =SUM(H112:H118) -> 1 | I119: =SUM(I112:I118) -> 0 | J119: =SUM(J112:J118) -> 1 | K119: =SUM(K112:K118) -> 0 | L119: =SUM(L112:L118) -> 0 | ... O119: =SUM(O112:O118) -> 4
...

Sheet MANGIR
C2: Kecamatan | D2: ROGOJAMPI
C3: Kabupaten | D3: BANYUWANGI
C4: Provinsi | D4: JAWA TIMUR
C9: Kelurahan | D9: MANGIR
A12: I | B12: DATA PEMILIH DAN PENGGUNAAN HAK PILIH | S12: JUMLAH AKHIR
A13: A | B13: DATA PEMILIH | E13: TPS 001 | F13: TPS 002 | G13: TPS 003 | H13: TPS 004 | I13: TPS 005 | J13: TPS 006 | K13: TPS 007 | L13: TPS 008 | M13: TPS 009 | N13: TPS 010 | O13: TPS 011 | P13: TPS 012 | Q13: TPS 013 | R13: TPS 014
B14: Jumlah Pemilih dalam Daftar Pemilih Tetap (DPT) | D14: LK | E14: 146 | F14: 121 | G14: 131 | H14: 119 | I14: 136 | J14: 114 | K14: 105 | L14: 122 | M14: 115 | N14: 128 | O14: 139 | P14: 134 | Q14: 116 | R14: 120 | S14: =SUM(E14:R14) -> 1746
D15: PR | E15: 137 | F15: 124 | G15: 144 | H15: 121 | I15: 152 | J15: 97 | K15: 93 | L15: 123 | M15: 111 | N15: 114 | O15: 143 | P15: 143 | Q15: 108 | R15: 130 | S15: =SUM(E15:R15) -> 1740
D16: JML | E16: =SUM(E14:E15) -> 283 | F16: =SUM(F14:F15) -> 245 | G16: =SUM(G14:G15) -> 275 | H16: =SUM(H14:H15) -> 240 | I16: =SUM(I14:I15) -> 288 | J16: =SUM(J14:J15) -> 211 | K16: =SUM(K14:K15) -> 198 | L16: =SUM(L14:L15) -> 245 | ... R16: =SUM(R14:R15) -> 250 | S16: =SUM(E16:R16) -> 3486
A18: B | B18: PENGGUNA HAK PILIH
B19: 1. | C19: Jumlah pengguna hak pilih dalam Daftar Pemilih Tetap (DPT) | D19: LK | E19: 110 | F19: 100 | G19: 112 | H19: 95 | I19: 98 | J19: 90 | K19: 89 | L19: 96 | M19: 85 | N19: 95 | O19: 117 | P19: 111 | Q19: 82 | R19: 100 | S19: =SUM(E19:R19) -> 1380
D20: PR | E20: 110 | F20: 106 | G20: 126 | H20: 99 | I20: 116 | J20: 81 | K20: 82 | L20: 103 | M20: 91 | N20: 93 | O20: 124 | P20: 125 | Q20: 82 | R20: 115 | S20: =SUM(E20:R20) -> 1453
D21: JML | E21: =SUM(E19:E20) -> 220 | F21: =SUM(F19:F20) -> 206 | G21: =SUM(G19:G20) -> 238 | H21: =SUM(H19:H20) -> 194 | I21: =SUM(I19:I20) -> 214 | J21: =SUM(J19:J20) -> 171 | K21: =SUM(K19:K20) -> 171 | L21: =SUM(L19:L20) -> 199 | ... R21: =SUM(R19:R20) -> 215 | S21: =SUM(E21:R21) -> 2833
B22: 2. | C22: Jumlah pengguna hak pilih dalam Daftar Pemilih Tambahan (DPTb) | D22: LK | E22: 0 | F22: 0 | G22: 0 | H22: 3 | I22: 0 | J22: 1 | K22: 0 | L22: 1 | M22: 0 | N22: 0 | O22: 0 | P22: 1 | Q22: 0 | R22: 0 | S22: =SUM(E22:R22) -> 6
D23: PR | E23: 0 | F23: 0 | G23: 0 | H23: 2 | I23: 2 | J23: 1 | K23: 1 | L23: 0 | M23: 1 | N23: 0 | O23: 0 | P23: 1 | Q23: 1 | R23: 0 | S23: =SUM(E23:R23) -> 9
D24: JML | E24: =SUM(E22:E23) -> 0 | F24: =SUM(F22:F23) -> 0 | G24: =SUM(G22:G23) -> 0 | H24: =SUM(H22:H23) -> 5 | I24: =SUM(I22:I23) -> 2 | J24: =SUM(J22:J23) -> 2 | K24: =SUM(K22:K23) -> 1 | L24: =SUM(L22:L23) -> 1 | ... R24: =SUM(R22:R23) -> 0 | S24: =SUM(E24:R24) -> 15
B25: 3. | C25: Jumlah pengguna hak pilih dalam Daftar Pemilih Khusus (DPK) | D25: LK | E25: 2 | F25: 1 | G25: 0 | H25: 1 | I25: 0 | J25: 0 | K25: 0 | L25: 2 | M25: 0 | N25: 3 | O25: 0 | P25: 2 | Q25: 4 | R25: 0 | S25: =SUM(E25:R25) -> 15
D26: PR | E26: 4 | F26: 1 | G26: 0 | H26: 0 | I26: 1 | J26: 0 | K26: 2 | L26: 3 | M26: 3 | N26: 3 | O26: 3 | P26: 1 | Q26: 2 | R26: 0 | S26: =SUM(E26:R26) -> 23
D27: JML | E27: =SUM(E25:E26) -> 6 | F27: =SUM(F25:F26) -> 2 | G27: =SUM(G25:G26) -> 0 | H27: =SUM(H25:H26) -> 1 | I27: =SUM(I25:I26) -> 1 | J27: =SUM(J25:J26) -> 0 | K27: =SUM(K25:K26) -> 2 | L27: =SUM(L25:L26) -> 5 | ... R27: =SUM(R25:R26) -> 0 | S27: =SUM(E27:R27) -> 38
B28: 4. | C28: Jumlah Pengguna Hak Pilih (B.1+B.2+B.3) | D28: LK | E28: =SUM(E19,E22,E25) -> 112 | F28: =SUM(F19,F22,F25) -> 101 | G28: =SUM(G19,G22,G25) -> 112 | H28: =SUM(H19,H22,H25) -> 99 | I28: =SUM(I19,I22,I25) -> 98 | J28: =SUM(J19,J22,J25) -> 91 | K28: =SUM(K19,K22,K25) -> 89 | L28: =SUM(L19,L22,L25) -> 99 | ... R28: =SUM(R19,R22,R25) -> 100 | S28: =SUM(E28:R28) -> 1401
D29: PR | E29: =SUM(E20,E23,E26) -> 114 | F29: =SUM(F20,F23,F26) -> 107 | G29: =SUM(G20,G23,G26) -> 126 | H29: =SUM(H20,H23,H26) -> 101 | I29: =SUM(I20,I23,I26) -> 119 | J29: =SUM(J20,J23,J26) -> 82 | K29: =SUM(K20,K23,K26) -> 85 | L29: =SUM(L20,L23,L26) -> 106 | ... R29: =SUM(R20,R23,R26) -> 115 | S29: =SUM(E29:R29) -> 1485
D30: JML | E30: =SUM(E28:E29) -> 226 | F30: =SUM(F28:F29) -> 208 | G30: =SUM(G28:G29) -> 238 | H30: =SUM(H28:H29) -> 200 | I30: =SUM(I28:I29) -> 217 | J30: =SUM(J28:J29) -> 173 | K30: =SUM(K28:K29) -> 174 | L30: =SUM(L28:L29) -> 205 | ... R30: =SUM(R28:R29) -> 215 | S30: =SUM(E30:R30) -> 2886
A32: II | B32: DATA PENGGUNAAN SURAT SUARA
A33: 1 | B33: Jumlah surat suara yang diterima, termasuk surat suara cadangan 2,5% dari DPT | E33: 289 | F33: 250 | G33: 281 | H33: 245 | I33: 294 | J33: 217 | K33: 202 | L33: 250 | M33: 231 | N33: 247 | O33: 286 | P33: 284 | Q33: 229 | R33: 255 | S33: =SUM(E33:R33) -> 3560
A34: 2 | B34: Jumlah surat suara yang digunakan | E34: 226 | F34: 208 | G34: 238 | H34: 200 | I34: 217 | J34: 173 | K34: 174 | L34: 205 | M34: 180 | N34: 194 | O34: 244 | P34: 241 | Q34: 171 | R34: 215 | S34: =SUM(E34:R34) -> 2886
A35: 3 | B35: Jumlah surat suara dikembalikan oleh pemilih (karena rusak atau keliru coblos) | E35: 0 | F35: 0 | G35: 2 | H35: 0 | I35: 0 | J35: 0 | K35: 0 | L35: 1 | M35: 0 | N35: 0 | O35: 0 | P35: 0 | Q35: 0 | R35: 1 | S35: =SUM(E35:R35) -> 4
A36: 4 | B36: Jumlah surat suara yang tidak digunakan/tidak terpakai, termasuk sisa surat suara cadangan | E36: =E33-(E34+E35) -> 63 | F36: =F33-(F34+F35) -> 42 | G36: =G33-(G34+G35) -> 41 | H36: =H33-(H34+H35) -> 45 | I36: =I33-(I34+I35) -> 77 | J36: =J33-(J34+J35) -> 44 | K36: =K33-(K34+K35) -> 28 | L36: =L33-(L34+L35) -> 44 | ... R36: =R33-(R34+R35) -> 39 | S36: =SUM(E36:R36) -> 670
A38: III | B38: DATA PEMILIH DISABILITAS
B39: Jumlah seluruh Pemilih disabilitas yang menggunakan hak pilih | D39: LK | E39: 0 | F39: 0 | G39: 0 | H39: 0 | I39: 0 | J39: 0 | K39: 0 | L39: 2 | M39: 2 | N39: 0 | O39: 0 | P39: 2 | Q39: 1 | R39: 0 | S39: =SUM(E39:R39) -> 7
D40: PR | E40: 0 | F40: 6 | G40: 0 | H40: 0 | I40: 0 | J40: 0 | K40: 0 | L40: 0 | M40: 2 | N40: 0 | O40: 0 | P40: 0 | Q40: 0 | R40: 0 | S40: =SUM(E40:R40) -> 8
D41: JML | E41: =SUM(E39:E40) -> 0 | F41: =SUM(F39:F40) -> 6 | G41: =SUM(G39:G40) -> 0 | H41: =SUM(H39:H40) -> 0 | I41: =SUM(I39:I40) -> 0 | J41: =SUM(J39:J40) -> 0 | K41: =SUM(K39:K40) -> 0 | L41: =SUM(L39:L40) -> 2 | ... R41: =SUM(R39:R40) -> 0 | S41: =SUM(E41:R41) -> 15
A43: IV | B43: DATA RINCIAN PEROLEHAN SUARA PASANGAN CALON BUPATI DAN WAKIL BUPATI
A44: NOMOR DAN NAMA CALON
A45: A.1 | B45: 1. | C45: Partai Kebangkitan Bangsa | E45: 3 | F45: 2 | G45: 4 | H45: 8 | I45: 1 | J45: 1 | K45: 3 | L45: 0 | M45: 5 | N45: 0 | O45: 5 | P45: 9 | Q45: 3 | R45: 2 | S45: =SUM(E45:R45) -> 46
A46: A.2 | C46: 1. ARVY RIZALDY, S.E. | E46: 1 | F46: 4 | G46: 6 | H46: 23 | I46: 10 | J46: 6 | K46: 0 | L46: 0 | M46: 16 | N46: 0 | O46: 30 | P46: 56 | Q46: 2 | R46: 3 | S46: =SUM(E46:R46) -> 157
C47: 2. HILMI MUSTOFA | E47: 5 | F47: 2 | G47: 2 | H47: 4 | I47: 2 | J47: 3 | K47: 1 | L47: 0 | M47: 2 | N47: 0 | O47: 4 | P47: 0 | Q47: 2 | R47: 0 | S47: =SUM(E47:R47) -> 27
C48: 3. RUSDIANAH, A.Ma.Pd | E48: 2 | F48: 1 | G48: 0 | H48: 0 | I48: 2 | J48: 1 | K48: 0 | L48: 0 | M48: 1 | N48: 1 | O48: 2 | P48: 6 | Q48: 0 | R48: 1 | S48: =SUM(E48:R48) -> 17
C49: 4. USMAN YUSUF | E49: 4 | F49: 3 | G49: 0 | H49: 1 | I49: 2 | J49: 2 | K49: 0 | L49: 0 | M49: 1 | N49: 0 | O49: 0 | P49: 0 | Q49: 0 | R49: 0 | S49: =SUM(E49:R49) -> 13
C50: 5. SA`ADAH | E50: 2 | F50: 0 | G50: 12 | H50: 8 | I50: 1 | J50: 2 | K50: 0 | L50: 0 | M50: 0 | N50: 0 | O50: 0 | P50: 6 | Q50: 0 | R50: 1 | S50: =SUM(E50:R50) -> 32
C51: 6. FARIHA HASANATUL AMALIA | E51: 1 | F51: 1 | G51: 0 | H51: 1 | I51: 0 | J51: 0 | K51: 0 | L51: 0 | M51: 0 | N51: 0 | O51: 0 | P51: 0 | Q51: 0 | R51: 0 | S51: =SUM(E51:R51) -> 3
A52: B | B52: JUMLAH SUARA SAH PARTAI POLITIK DAN CALON (A1 + A2) | E52: =SUM(E45:E51) -> 18 | F52: =SUM(F45:F51) -> 13 | G52: =SUM(G45:G51) -> 24 | H52: =SUM(H45:H51) -> 45 | I52: =SUM(I45:I51) -> 18 | J52: =SUM(J45:J51) -> 15 | K52: =SUM(K45:K51) -> 4 | L52: =SUM(L45:L51) -> 0 | ... S52: =SUM(S45:S51) -> 295
A54: A.1 | B54: 2. | C54: Partai Gerakan Indonesia Raya | E54: 13 | F54: 16 | G54: 5 | H54: 4 | I54: 13 | J54: 9 | K54: 9 | L54: 0 | M54: 10 | N54: 8 | O54: 5 | P54: 11 | Q54: 4 | R54: 5 | S54: =SUM(E54:R54) -> 112
A55: A.2 | C55: 1. SUPARMAN EDY H. | E55: 4 | F55: 2 | G55: 2 | H55: 8 | I55: 2 | J55: 24 | K55: 37 | L55: 1 | M55: 3 | N55: 3 | O55: 4 | P55: 4 | Q55: 0 | R55: 1 | S55: =SUM(E55:R55) -> 95
C56: 2. NASIKHUN AMIN | E56: 5 | F56: 0 | G56: 4 | H56: 1 | I56: 3 | J56: 1 | K56: 2 | L56: 0 | M56: 2 | N56: 2 | O56: 3 | P56: 2 | Q56: 0 | R56: 1 | S56: =SUM(E56:R56) -> 26
C57: 3. ENY SETIAWATI, S.H | E57: 0 | F57: 2 | G57: 0 | H57: 2 | I57: 0 | J57: 0 | K57: 0 | L57: 0 | M57: 3 | N57: 0 | O57: 0 | P57: 1 | Q57: 0 | R57: 0 | S57: =SUM(E57:R57) -> 8
C58: 4. H. ABDUL QODIR, S.H., M.H. | E58: 1 | F58: 4 | G58: 3 | H58: 2 | I58: 1 | J58: 0 | K58: 1 | L58: 0 | M58: 3 | N58: 2 | O58: 0 | P58: 0 | Q58: 0 | R58: 0 | S58: =SUM(E58:R58) -> 17
C59: 5. FATMAWATI, S.E. | E59: 1 | F59: 0 | G59: 1 | H59: 1 | I59: 0 | J59: 1 | K59: 0 | L59: 0 | M59: 0 | N59: 0 | O59: 0 | P59: 0 | Q59: 0 | R59: 0 | S59: =SUM(E59:R59) -> 4
C60: 6. NANANG NUR AHMADI | E60: 56 | F60: 19 | G60: 11 | H60: 6 | I60: 24 | J60: 27 | K60: 10 | L60: 0 | M60: 30 | N60: 7 | O60: 0 | P60: 6 | Q60: 0 | R60: 3 | S60: =SUM(E60:R60) -> 199
A61: B | B61: JUMLAH SUARA SAH PARTAI POLITIK DAN CALON (A1 + A2) | E61: =SUM(E54:E60) -> 80 | F61: =SUM(F54:F60) -> 43 | G61: =SUM(G54:G60) -> 26 | H61: =SUM(H54:H60) -> 24 | I61: =SUM(I54:I60) -> 43 | J61: =SUM(J54:J60) -> 62 | K61: =SUM(K54:K60) -> 59 | L61: =SUM(L54:L60) -> 1 | ... S61: =SUM(S54:S60) -> 461
A63: A.1 | B63: 3. | C63: Partai Demokrasi Indonesia Perjuangan | E63: 4 | F63: 1 | G63: 0 | H63: 5 | I63: 8 | J63: 2 | K63: 7 | L63: 0 | M63: 6 | N63: 12 | O63: 13 | P63: 5 | Q63: 0 | R63: 0 | S63: =SUM(E63:R63) -> 63
A64: A.2 | C64: 1. WAGIANTO | E64: 3 | F64: 27 | G64: 7 | H64: 1 | I64: 7 | J64: 7 | K64: 6 | L64: 0 | M64: 13 | N64: 13 | O64: 3 | P64: 0 | Q64: 0 | R64: 0 | S64: =SUM(E64:R64) -> 87
C65: 2. ERIK TRISDIANTANA | E65: 2 | F65: 0 | G65: 0 | H65: 1 | I65: 1 | J65: 0 | K65: 0 | L65: 0 | M65: 2 | N65: 1 | O65: 0 | P65: 0 | Q65: 0 | R65: 0 | S65: =SUM(E65:R65) -> 7
C66: 3. NI GALUH PARWATI | E66: 4 | F66: 4 | G66: 0 | H66: 3 | I66: 10 | J66: 1 | K66: 10 | L66: 0 | M66: 28 | N66: 48 | O66: 61 | P66: 24 | Q66: 3 | R66: 6 | S66: =SUM(E66:R66) -> 202
C67: 4. DZULFIKAR REZKY | E67: 20 | F67: 1 | G67: 14 | H67: 6 | I67: 0 | J67: 0 | K67: 1 | L67: 0 | M67: 2 | N67: 0 | O67: 1 | P67: 0 | Q67: 0 | R67: 0 | S67: =SUM(E67:R67) -> 45
C68: 5. AMALIYAH | E68: 0 | F68: 0 | G68: 1 | H68: 1 | I68: 1 | J68: 0 | K68: 0 | L68: 0 | M68: 0 | N68: 0 | O68: 0 | P68: 0 | Q68: 0 | R68: 0 | S68: =SUM(E68:R68) -> 3
C69: 6. PUTRI PARAMITA CIPTASARI | E69: 5 | F69: 0 | G69: 1 | H69: 0 | I69: 0 | J69: 0 | K69: 0 | L69: 0 | M69: 0 | N69: 0 | O69: 1 | P69: 0 | Q69: 0 | R69: 0 | S69: =SUM(E69:R69) -> 7
A70: B | B70: JUMLAH SUARA SAH PARTAI POLITIK DAN CALON (A1 + A2) | E70: =SUM(E63:E69) -> 38 | F70: =SUM(F63:F69) -> 33 | G70: =SUM(G63:G69) -> 23 | H70: =SUM(H63:H69) -> 17 | I70: =SUM(I63:I69) -> 27 | J70: =SUM(J63:J69) -> 10 | K70: =SUM(K63:K69) -> 24 | L70: =SUM(L63:L69) -> 0 | ... S70: =SUM(S63:S69) -> 414
A72: A.1 | B72: 4. | C72: Partai Golongan Karya | E72: 2 | F72: 2 | G72: 1 | H72: 2 | I72: 1 | J72: 3 | K72: 4 | L72: 5 | M72: 0 | N72: 0 | O72: 1 | P72: 2 | Q72: 0 | R72: 1 | S72: =SUM(E72:R72) -> 24
A73: A.2 | C73: 1. MARIFATUL KAMILA, S.H. | E73: 1 | F73: 1 | G73: 3 | H73: 9 | I73: 1 | J73: 2 | K73: 36 | L73: 175 | M73: 0 | N73: 2 | O73: 1 | P73: 3 | Q73: 0 | R73: 0 | S73: =SUM(E73:R73) -> 234
C74: 2. KUSWORO, S.Pd. | E74: 1 | F74: 2 | G74: 0 | H74: 0 | I74: 0 | J74: 0 | K74: 0 | L74: 1 | M74: 1 | N74: 0 | O74: 0 | P74: 0 | Q74: 0 | R74: 0 | S74: =SUM(E74:R74) -> 5
C75: 3. DIDIK SANTOSO, S.Pd. | E75: 0 | F75: 0 | G75: 0 | H75: 1 | I75: 0 | J75: 0 | K75: 0 | L75: 0 | M75: 0 | N75: 0 | O75: 0 | P75: 0 | Q75: 0 | R75: 0 | S75: =SUM(E75:R75) -> 1
C76: 4. ASYIQ RAHMATULLAH, H | E76: 0 | F76: 0 | G76: 0 | H76: 0 | I76: 0 | J76: 0 | K76: 0 | L76: 0 | M76: 0 | N76: 0 | O76: 0 | P76: 0 | Q76: 0 | R76: 0 | S76: =SUM(E76:R76) -> 0
C77: 5. ARI PANGESTI | E77: 0 | F77: 0 | G77: 1 | H77: 0 | I77: 0 | J77: 0 | K77: 0 | L77: 0 | M77: 0 | N77: 0 | O77: 0 | P77: 0 | Q77: 0 | R77: 0 | S77: =SUM(E77:R77) -> 1
C78: 6. H. HANDOKO, S.E. | E78: 1 | F78: 6 | G78: 1 | H78: 0 | I78: 0 | J78: 0 | K78: 0 | L78: 0 | M78: 0 | N78: 0 | O78: 2 | P78: 0 | Q78: 0 | R78: 0 | S78: =SUM(E78:R78) -> 10
A79: B | B79: JUMLAH SUARA SAH PARTAI POLITIK DAN CALON (A1 + A2) | E79: =SUM(E72:E78) -> 5 | F79: =SUM(F72:F78) -> 11 | G79: =SUM(G72:G78) -> 6 | H79: =SUM(H72:H78) -> 12 | I79: =SUM(I72:I78) -> 2 | J79: =SUM(J72:J78) -> 5 | K79: =SUM(K72:K78) -> 40 | L79: =SUM(L72:L78) -> 181 | ... S79: =SUM(S72:S78) -> 275
A81: A.1 | B81: 5. | C81: Partai NasDem | E81: 0 | F81: 1 | G81: 0 | H81: 1 | I81: 1 | J81: 0 | K81: 0 | L81: 0 | M81: 1 | N81: 1 | O81: 1 | P81: 0 | Q81: 1 | R81: 1 | S81: =SUM(E81:R81) -> 8
A82: A.2 | C82: 1. H. EDI PURNOMO | E82: 1 | F82: 1 | G82: 0 | H82: 0 | I82: 1 | J82: 0 | K82: 0 | L82: 0 | M82: 2 | N82: 1 | O82: 1 | P82: 0 | Q82: 1 | R82: 0 | S82: =SUM(E82:R82) -> 8
C83: 2. I GEDE SUDRO WICANO | E83: 0 | F83: 0 | G83: 6 | H83: 9 | I83: 2 | J83: 0 | K83: 2 | L83: 0 | M83: 0 | N83: 2 | O83: 8 | P83: 3 | Q83: 2 | R83: 2 | S83: =SUM(E83:R83) -> 36
C84: 3. TRI MARVILA SUKMANA, S.H. | E84: 0 | F84: 0 | G84: 0 | H84: 0 | I84: 0 | J84: 0 | K84: 0 | L84: 0 | M84: 0 | N84: 1 | O84: 0 | P84: 0 | Q84: 0 | R84: 0 | S84: =SUM(E84:R84) -> 1
C85: 4. ISLAMIYAH LESTARI | E85: 1 | F85: 0 | G85: 1 | H85: 0 | I85: 0 | J85: 0 | K85: 0 | L85: 0 | M85: 0 | N85: 0 | O85: 0 | P85: 0 | Q85: 0 | R85: 0 | S85: =SUM(E85:R85) -> 2
C86: 5. LUTFI WAHYUDI | E86: 0 | F86: 0 | G86: 3 | H86: 0 | I86: 0 | J86: 0 | K86: 0 | L86: 0 | M86: 0 | N86: 1 | O86: 2 | P86: 0 | Q86: 0 | R86: 2 | S86: =SUM(E86:R86) -> 8
C87: 6. AGUS MAIDO | E87: 0 | F87: 0 | G87: 0 | H87: 0 | I87: 0 | J87: 0 | K87: 0 | L87: 0 | M87: 0 | N87: 0 | O87: 0 | P87: 0 | Q87: 0 | R87: 0 | S87: =SUM(E87:R87) -> 0
A88: B | B88: JUMLAH SUARA SAH PARTAI POLITIK DAN CALON (A1 + A2) | E88: =SUM(E81:E87) -> 2 | F88: =SUM(F81:F87) -> 2 | G88: =SUM(G81:G87) -> 10 | H88: =SUM(H81:H87) -> 10 | I88: =SUM(I81:I87) -> 4 | J88: =SUM(J81:J87) -> 0 | K88: =SUM(K81:K87) -> 2 | L88: =SUM(L81:L87) -> 0 | ... S88: =SUM(S81:S87) -> 63
A90: A.1 | B90: 6. | C90: Partai Buruh | E90: 2 | F90: 0 | G90: 0 | H90: 1 | I90: 0 | J90: 2 | K90: 0 | L90: 0 | M90: 1 | N90: 0 | O90: 0 | P90: 0 | Q90: 0 | R90: 0 | S90: =SUM(E90:R90) -> 6
A91: A.2 | C91: 1. ERWIN SANTOSO | E91: 0 | F91: 0 | G91: 0 | H91: 0 | I91: 5 | J91: 0 | K91: 0 | L91: 0 | M91: 0 | N91: 0 | O91: 0 | P91: 0 | Q91: 0 | R91: 0 | S91: =SUM(E91:R91) -> 5
A92: B | B92: JUMLAH SUARA SAH PARTAI POLITIK DAN CALON (A1 + A2) | E92: =SUM(E90:E91) -> 2 | F92: =SUM(F90:F91) -> 0 | G92: =SUM(G90:G91) -> 0 | H92: =SUM(H90:H91) -> 1 | I92: =SUM(I90:I91) -> 5 | J92: =SUM(J90:J91) -> 2 | K92: =SUM(K90:K91) -> 0 | L92: =SUM(L90:L91) -> 0 | ... S92: =SUM(S90:S91) -> 11
A94: A.1 | B94: 7. | C94: Partai Gelombang Rakyat Indonesia | E94: 2 | F94: 0 | G94: 1 | H94: 0 | I94: 0 | J94: 1 | K94: 0 | L94: 0 | M94: 0 | N94: 0 | O94: 0 | P94: 0 | Q94: 1 | R94: 0 | S94: =SUM(E94:R94) -> 5
A95: A.2 | C95: 1. SUTRISNO | E95: 0 | F95: 0 | G95: 0 | H95: 0 | I95: 0 | J95: 0 | K95: 0 | L95: 0 | M95: 0 | N95: 1 | O95: 0 | P95: 0 | Q95: 0 | R95: 0 | S95: =SUM(E95:R95) -> 1
C96: 2. MOH. ANNAS | E96: 0 | F96: 0 | G96: 0 | H96: 0 | I96: 0 | J96: 0 | K96: 0 | L96: 0 | M96: 3 | N96: 0 | O96: 0 | P96: 0 | Q96: 0 | R96: 0 | S96: =SUM(E96:R96) -> 3
C97: 3. NI MADE AYU PUNIARSI | E97: 0 | F97: 0 | G97: 3 | H97: 0 | I97: 0 | J97: 0 | K97: 0 | L97: 0 | M97: 0 | N97: 0 | O97: 0 | P97: 0 | Q97: 0 | R97: 0 | S97: =SUM(E97:R97) -> 3
C98: 4. HENDRA KURNIAWAN | E98: 0 | F98: 0 | G98: 0 | H98: 0 | I98: 0 | J98: 0 | K98: 0 | L98: 0 | M98: 0 | N98: 0 | O98: 0 | P98: 0 | Q98: 0 | R98: 0 | S98: =SUM(E98:R98) -> 0
C99: 5. DEASY GITTA PERWITASARI | E99: 0 | F99: 0 | G99: 0 | H99: 0 | I99: 0 | J99: 0 | K99: 0 | L99: 0 | M99: 0 | N99: 0 | O99: 0 | P99: 0 | Q99: 0 | R99: 0 | S99: =SUM(E99:R99) -> 0
C100: 6. SUPRAPTO | E100: 0 | F100: 0 | G100: 0 | H100: 0 | I100: 0 | J100: 0 | K100: 0 | L100: 0 | M100: 0 | N100: 0 | O100: 0 | P100: 0 | Q100: 0 | R100: 0 | S100: =SUM(E100:R100) -> 0
A101: B | B101: JUMLAH SUARA SAH PARTAI POLITIK DAN CALON (A1 + A2) | E101: =SUM(E94:E100) -> 2 | F101: =SUM(F94:F100) -> 0 | G101: =SUM(G94:G100) -> 4 | H101: =SUM(H94:H100) -> 0 | I101: =SUM(I94:I100) -> 0 | J101: =SUM(J94:J100) -> 1 | K101: =SUM(K94:K100) -> 0 | L101: =SUM(L94:L100) -> 0 | ... S101: =SUM(S94:S100) -> 12
A103: A.1 | B103: 8. | C103: Partai Keadilan Sejahtera | E103: 0 | F103: 0 | G103: 0 | H103: 0 | I103: 0 | J103: 0 | K103: 0 | L103: 0 | M103: 0 | N103: 0 | O103: 1 | P103: 0 | Q103: 0 | R103: 1 | S103: =SUM(E103:R103) -> 2
A104: A.2 | C104: 1. ARIEF WAHYUDI DJ, S.T. | E104: 0 | F104: 0 | G104: 0 | H104: 0 | I104: 0 | J104: 0 | K104: 0 | L104: 0 | M104: 1 | N104: 0 | O104: 0 | P104: 0 | Q104: 0 | R104: 0 | S104: =SUM(E104:R104) -> 1
C105: 2. SUMAJI | E105: 1 | F105: 0 | G105: 0 | H105: 0 | I105: 0 | J105: 0 | K105: 0 | L105: 0 | M105: 0 | N105: 0 | O105: 0 | P105: 0 | Q105: 0 | R105: 0 | S105: =SUM(E105:R105) -> 1
C106: 3. LILIK MARIYANA, S.Pd. | E106: 0 | F106: 0 | G106: 0 | H106: 1 | I106: 0 | J106: 0 | K106: 0 | L106: 0 | M106: 0 | N106: 0 | O106: 0 | P106: 0 | Q106: 0 | R106: 0 | S106: =SUM(E106:R106) -> 1
C107: 4. M. HARUN | E107: 0 | F107: 0 | G107: 0 | H107: 0 | I107: 0 | J107: 0 | K107: 0 | L107: 0 | M107: 0 | N107: 0 | O107: 0 | P107: 0 | Q107: 0 | R107: 0 | S107: =SUM(E107:R107) -> 0
C108: 5. SHOLIHIN, S.P. | E108: 0 | F108: 0 | G108: 0 | H108: 0 | I108: 0 | J108: 0 | K108: 0 | L108: 0 | M108: 0 | N108: 0 | O108: 0 | P108: 0 | Q108: 0 | R108: 0 | S108: =SUM(E108:R108) -> 0
C109: 6. HANIFATUL IMTITSAL, S.K.M. | E109: 2 | F109: 0 | G109: 0 | H109: 0 | I109: 1 | J109: 0 | K109: 0 | L109: 0 | M109: 2 | N109: 0 | O109: 0 | P109: 0 | Q109: 0 | R109: 0 | S109: =SUM(E109:R109) -> 5
A110: B | B110: JUMLAH SUARA SAH PARTAI POLITIK DAN CALON (A1 + A2) | E110: =SUM(E103:E109) -> 3 | F110: =SUM(F103:F109) -> 0 | G110: =SUM(G103:G109) -> 0 | H110: =SUM(H103:H109) -> 1 | I110: =SUM(I103:I109) -> 1 | J110: =SUM(J103:J109) -> 0 | K110: =SUM(K103:K109) -> 0 | L110: =SUM(L103:L109) -> 0 | ... S110: =SUM(S103:S109) -> 10
A112: A.1 | B112: 9. | C112: Partai Kebangkitan Nusantara | E112: 0 | F112: 0 | G112: 0 | H112: 0 | I112: 0 | J112: 0 | K112: 0 | L112: 0 | M112: 0 | N112: 0 | O112: 0 | P112: 0 | Q112: 0 | R112: 0 | S112: =SUM(E112:R112) -> 0
A113: A.2 | C113: 1. AGUS TARMIDI | E113: 0 | F113: 0 | G113: 0 | H113: 0 | I113: 0 | J113: 0 | K113: 0 | L113: 0 | M113: 0 | N113: 0 | O113: 0 | P113: 0 | Q113: 0 | R113: 0 | S113: =SUM(E113:R113) -> 0
C114: 2. DIAH AYU PERDANA | E114: 1 | F114: 0 | G114: 0 | H114: 0 | I114: 0 | J114: 0 | K114: 0 | L114: 0 | M114: 0 | N114: 0 | O114: 0 | P114: 0 | Q114: 0 | R114: 0 | S114: =SUM(E114:R114) -> 1
C115: 3. SITI SUNARSIH | E115: 0 | F115: 0 | G115: 0 | H115: 0 | I115: 0 | J115: 0 | K115: 0 | L115: 0 | M115: 0 | N115: 0 | O115: 0 | P115: 0 | Q115: 0 | R115: 0 | S115: =SUM(E115:R115) -> 0
C116: 4. DIDIK BASUKI | E116: 0 | F116: 0 | G116: 0 | H116: 0 | I116: 0 | J116: 1 | K116: 0 | L116: 0 | M116: 0 | N116: 0 | O116: 0 | P116: 0 | Q116: 0 | R116: 0 | S116: =SUM(E116:R116) -> 1
C117: 5. PUTRI SARI APRILIA | E117: 0 | F117: 0 | G117: 0 | H117: 0 | I117: 0 | J117: 0 | K117: 0 | L117: 0 | M117: 0 | N117: 0 | O117: 0 | P117: 0 | Q117: 0 | R117: 0 | S117: =SUM(E117:R117) -> 0
C118: 6. H. IMAM SOLIKHIN, B.E. | E118: 0 | F118: 0 | G118: 0 | H118: 0 | I118: 0 | J118: 0 | K118: 0 | L118: 0 | M118: 0 | N118: 0 | O118: 0 | P118: 0 | Q118: 0 | R118: 0 | S118: =SUM(E118:R118) -> 0
A119: B | B119: JUMLAH SUARA SAH PARTAI POLITIK DAN CALON (A1 + A2) | E119: =SUM(E112:E118) -> 1 | F119: =SUM(F112:F118) -> 0 | G119: =SUM(G112:G118) -> 0 | H119: =SUM(H112:H118) -> 0 | I119: =SUM(I112:I118) -> 0 | J119: =SUM(J112:J118) -> 1 | K119: =SUM(K112:K118) -> 0 | L119: =SUM(L112:L118) -> 0 | ... S119: =SUM(S112:S118) -> 2
...

Sheet PENGATIGAN
C2: Kecamatan | D2: ROGOJAMPI
C3: Kabupaten | D3: BANYUWANGI
C4: Provinsi | D4: JAWA TIMUR
C9: Kelurahan | D9: PENGATIGAN
A12: I | B12: DATA PEMILIH DAN PENGGUNAAN HAK PILIH | Y12: JUMLAH AKHIR
A13: A | B13: DATA PEMILIH | E13: TPS 001 | F13: TPS 002 | G13: TPS 003 | H13: TPS 004 | I13: TPS 005 | J13: TPS 006 | K13: TPS 007 | L13: TPS 008 | M13: TPS 009 | N13: TPS 010 | O13: TPS 011 | P13: TPS 012 | Q13: TPS 013 | R13: TPS 014 | S13: TPS 015 | T13: TPS 016 | U13: TPS 017 | V13: TPS 018 | W13: TPS 019 | X13: TPS 020
B14: Jumlah Pemilih dalam Daftar Pemilih Tetap (DPT) | D14: LK | E14: 139 | F14: 144 | G14: 133 | H14: 92 | I14: 127 | J14: 149 | K14: 145 | L14: 134 | M14: 145 | N14: 142 | O14: 103 | P14: 113 | Q14: 126 | R14: 127 | S14: 124 | T14: 135 | U14: 146 | V14: 135 | W14: 133 | X14: 126 | Y14: =SUM(E14:X14) -> 2618
D15: PR | E15: 142 | F15: 134 | G15: 140 | H15: 104 | I15: 140 | J15: 135 | K15: 141 | L15: 151 | M15: 132 | N15: 134 | O15: 119 | P15: 129 | Q15: 148 | R15: 119 | S15: 121 | T15: 152 | U15: 143 | V15: 146 | W15: 144 | X15: 147 | Y15: =SUM(E15:X15) -> 2721
D16: JML | E16: =SUM(E14:E15) -> 281 | F16: =SUM(F14:F15) -> 278 | G16: =SUM(G14:G15) -> 273 | H16: =SUM(H14:H15) -> 196 | I16: =SUM(I14:I15) -> 267 | J16: =SUM(J14:J15) -> 284 | K16: =SUM(K14:K15) -> 286 | L16: =SUM(L14:L15) -> 285 | ... X16: =SUM(X14:X15) -> 273 | Y16: =SUM(E16:X16) -> 5339
A18: B | B18: PENGGUNA HAK PILIH
B19: 1. | C19: Jumlah pengguna hak pilih dalam Daftar Pemilih Tetap (DPT) | D19: LK | E19: 108 | F19: 118 | G19: 107 | H19: 67 | I19: 102 | J19: 119 | K19: 118 | L19: 92 | M19: 118 | N19: 111 | O19: 81 | P19: 82 | Q19: 97 | R19: 104 | S19: 97 | T19: 82 | U19: 113 | V19: 97 | W19: 96 | X19: 102 | Y19: =SUM(E19:X19) -> 2011
D20: PR | E20: 121 | F20: 123 | G20: 116 | H20: 81 | I20: 130 | J20: 116 | K20: 114 | L20: 113 | M20: 113 | N20: 109 | O20: 101 | P20: 105 | Q20: 122 | R20: 102 | S20: 101 | T20: 118 | U20: 122 | V20: 122 | W20: 120 | X20: 130 | Y20: =SUM(E20:X20) -> 2279
D21: JML | E21: =SUM(E19:E20) -> 229 | F21: =SUM(F19:F20) -> 241 | G21: =SUM(G19:G20) -> 223 | H21: =SUM(H19:H20) -> 148 | I21: =SUM(I19:I20) -> 232 | J21: =SUM(J19:J20) -> 235 | K21: =SUM(K19:K20) -> 232 | L21: =SUM(L19:L20) -> 205 | ... X21: =SUM(X19:X20) -> 232 | Y21: =SUM(E21:X21) -> 4290
B22: 2. | C22: Jumlah pengguna hak pilih dalam Daftar Pemilih Tambahan (DPTb) | D22: LK | E22: 0 | F22: 0 | G22: 1 | H22: 2 | I22: 0 | J22: 0 | K22: 0 | L22: 0 | M22: 0 | N22: 0 | O22: 0 | P22: 0 | Q22: 0 | R22: 0 | S22: 0 | T22: 1 | U22: 0 | V22: 1 | W22: 1 | X22: 0 | Y22: =SUM(E22:X22) -> 6
D23: PR | E23: 0 | F23: 0 | G23: 0 | H23: 2 | I23: 0 | J23: 0 | K23: 0 | L23: 0 | M23: 1 | N23: 1 | O23: 0 | P23: 0 | Q23: 0 | R23: 0 | S23: 1 | T23: 5 | U23: 0 | V23: 0 | W23: 1 | X23: 0 | Y23: =SUM(E23:X23) -> 11
D24: JML | E24: =SUM(E22:E23) -> 0 | F24: =SUM(F22:F23) -> 0 | G24: =SUM(G22:G23) -> 1 | H24: =SUM(H22:H23) -> 4 | I24: =SUM(I22:I23) -> 0 | J24: =SUM(J22:J23) -> 0 | K24: =SUM(K22:K23) -> 0 | L24: =SUM(L22:L23) -> 0 | ... X24: =SUM(X22:X23) -> 0 | Y24: =SUM(E24:X24) -> 17
B25: 3. | C25: Jumlah pengguna hak pilih dalam Daftar Pemilih Khusus (DPK) | D25: LK | E25: 2 | F25: 1 | G25: 0 | H25: 1 | I25: 0 | J25: 1 | K25: 1 | L25: 0 | M25: 0 | N25: 1 | O25: 1 | P25: 1 | Q25: 0 | R25: 1 | S25: 5 | T25: 3 | U25: 1 | V25: 1 | W25: 4 | X25: 2 | Y25: =SUM(E25:X25) -> 26
D26: PR | E26: 0 | F26: 1 | G26: 4 | H26: 1 | I26: 0 | J26: 2 | K26: 1 | L26: 0 | M26: 1 | N26: 2 | O26: 1 | P26: 3 | Q26: 0 | R26: 2 | S26: 3 | T26: 3 | U26: 0 | V26: 0 | W26: 2 | X26: 3 | Y26: =SUM(E26:X26) -> 29
D27: JML | E27: =SUM(E25:E26) -> 2 | F27: =SUM(F25:F26) -> 2 | G27: =SUM(G25:G26) -> 4 | H27: =SUM(H25:H26) -> 2 | I27: =SUM(I25:I26) -> 0 | J27: =SUM(J25:J26) -> 3 | K27: =SUM(K25:K26) -> 2 | L27: =SUM(L25:L26) -> 0 | ... X27: =SUM(X25:X26) -> 5 | Y27: =SUM(E27:X27) -> 55
B28: 4. | C28: Jumlah Pengguna Hak Pilih (B.1+B.2+B.3) | D28: LK | E28: =SUM(E19,E22,E25) -> 110 | F28: =SUM(F19,F22,F25) -> 119 | G28: =SUM(G19,G22,G25) -> 108 | H28: =SUM(H19,H22,H25) -> 70 | I28: =SUM(I19,I22,I25) -> 102 | J28: =SUM(J19,J22,J25) -> 120 | K28: =SUM(K19,K22,K25) -> 119 | L28: =SUM(L19,L22,L25) -> 92 | ... X28: =SUM(X19,X22,X25) -> 104 | Y28: =SUM(E28:X28) -> 2043
D29: PR | E29: =SUM(E20,E23,E26) -> 121 | F29: =SUM(F20,F23,F26) -> 124 | G29: =SUM(G20,G23,G26) -> 120 | H29: =SUM(H20,H23,H26) -> 84 | I29: =SUM(I20,I23,I26) -> 130 | J29: =SUM(J20,J23,J26) -> 118 | K29: =SUM(K20,K23,K26) -> 115 | L29: =SUM(L20,L23,L26) -> 113 | ... X29: =SUM(X20,X23,X26) -> 133 | Y29: =SUM(E29:X29) -> 2319
D30: JML | E30: =SUM(E28:E29) -> 231 | F30: =SUM(F28:F29) -> 243 | G30: =SUM(G28:G29) -> 228 | H30: =SUM(H28:H29) -> 154 | I30: =SUM(I28:I29) -> 232 | J30: =SUM(J28:J29) -> 238 | K30: =SUM(K28:K29) -> 234 | L30: =SUM(L28:L29) -> 205 | ... X30: =SUM(X28:X29) -> 237 | Y30: =SUM(E30:X30) -> 4362
A32: II | B32: DATA PENGGUNAAN SURAT SUARA
A33: 1 | B33: Jumlah surat suara yang diterima, termasuk surat suara cadangan 2,5% dari DPT | E33: 287 | F33: 284 | G33: 279 | H33: 200 | I33: 273 | J33: 290 | K33: 292 | L33: 291 | M33: 283 | N33: 282 | O33: 227 | P33: 258 | Q33: 280 | R33: 253 | S33: 251 | T33: 293 | U33: 295 | V33: 287 | W33: 283 | X33: 279 | Y33: =SUM(E33:X33) -> 5467
A34: 2 | B34: Jumlah surat suara yang digunakan | E34: 231 | F34: 243 | G34: 228 | H34: 154 | I34: 232 | J34: 238 | K34: 234 | L34: 205 | M34: 233 | N34: 224 | O34: 184 | P34: 191 | Q34: 219 | R34: 209 | S34: 207 | T34: 212 | U34: 236 | V34: 221 | W34: 224 | X34: 237 | Y34: =SUM(E34:X34) -> 4362
A35: 3 | B35: Jumlah surat suara dikembalikan oleh pemilih (karena rusak atau keliru coblos) | E35: 0 | F35: 0 | G35: 0 | H35: 0 | I35: 2 | J35: 0 | K35: 2 | L35: 0 | M35: 1 | N35: 0 | O35: 1 | P35: 0 | Q35: 0 | R35: 0 | S35: 0 | T35: 0 | U35: 1 | V35: 0 | W35: 1 | X35: 0 | Y35: =SUM(E35:X35) -> 8
A36: 4 | B36: Jumlah surat suara yang tidak digunakan/tidak terpakai, termasuk sisa surat suara cadangan | E36: =E33-(E34+E35) -> 56 | F36: =F33-(F34+F35) -> 41 | G36: =G33-(G34+G35) -> 51 | H36: =H33-(H34+H35) -> 46 | I36: =I33-(I34+I35) -> 39 | J36: =J33-(J34+J35) -> 52 | K36: =K33-(K34+K35) -> 56 | L36: =L33-(L34+L35) -> 86 | ... X36: =X33-(X34+X35) -> 42 | Y36: =SUM(E36:X36) -> 1097
A38: III | B38: DATA PEMILIH DISABILITAS
B39: Jumlah seluruh Pemilih disabilitas yang menggunakan hak pilih | D39: LK | E39: 0 | F39: 0 | G39: 0 | H39: 0 | I39: 0 | J39: 0 | K39: 0 | L39: 0 | M39: 0 | N39: 0 | O39: 0 | P39: 0 | Q39: 0 | R39: 0 | S39: 0 | T39: 0 | U39: 3 | V39: 0 | W39: 1 | X39: 0 | Y39: =SUM(E39:X39) -> 4
D40: PR | E40: 0 | F40: 0 | G40: 0 | H40: 0 | I40: 0 | J40: 0 | K40: 0 | L40: 0 | M40: 1 | N40: 0 | O40: 0 | P40: 0 | Q40: 0 | R40: 0 | S40: 0 | T40: 0 | U40: 2 | V40: 0 | W40: 0 | X40: 0 | Y40: =SUM(E40:X40) -> 3
D41: JML | E41: =SUM(E39:E40) -> 0 | F41: =SUM(F39:F40) -> 0 | G41: =SUM(G39:G40) -> 0 | H41: =SUM(H39:H40) -> 0 | I41: =SUM(I39:I40) -> 0 | J41: =SUM(J39:J40) -> 0 | K41: =SUM(K39:K40) -> 0 | L41: =SUM(L39:L40) -> 0 | ... X41: =SUM(X39:X40) -> 0 | Y41: =SUM(E41:X41) -> 7
A43: IV | B43: DATA RINCIAN PEROLEHAN SUARA PASANGAN CALON BUPATI DAN WAKIL BUPATI
A44: NOMOR DAN NAMA CALON
A45: A.1 | B45: 1. | C45: Partai Kebangkitan Bangsa | E45: 2 | F45: 5 | G45: 5 | H45: 6 | I45: 16 | J45: 13 | K45: 16 | L45: 7 | M45: 2 | N45: 4 | O45: 1 | P45: 4 | Q45: 8 | R45: 5 | S45: 1 | T45: 1 | U45: 2 | V45: 1 | W45: 8 | X45: 3 | Y45: =SUM(E45:X45) -> 110
A46: A.2 | C46: 1. ARVY RIZALDY, S.E. | E46: 21 | F46: 41 | G46: 17 | H46: 13 | I46: 38 | J46: 21 | K46: 34 | L46: 22 | M46: 43 | N46: 33 | O46: 1 | P46: 1 | Q46: 41 | R46: 21 | S46: 6 | T46: 10 | U46: 15 | V46: 35 | W46: 35 | X46: 14 | Y46: =SUM(E46:X46) -> 462
C47: 2. HILMI MUSTOFA | E47: 5 | F47: 6 | G47: 5 | H47: 7 | I47: 35 | J47: 77 | K47: 20 | L47: 7 | M47: 7 | N47: 2 | O47: 3 | P47: 5 | Q47: 2 | R47: 0 | S47: 4 | T47: 3 | U47: 9 | V47: 7 | W47: 6 | X47: 3 | Y47: =SUM(E47:X47) -> 213
C48: 3. RUSDIANAH, A.Ma.Pd | E48: 1 | F48: 2 | G48: 0 | H48: 1 | I48: 0 | J48: 0 | K48: 0 | L48: 1 | M48: 0 | N48: 0 | O48: 0 | P48: 0 | Q48: 0 | R48: 0 | S48: 0 | T48: 0 | U48: 1 | V48: 2 | W48: 1 | X48: 0 | Y48: =SUM(E48:X48) -> 9
C49: 4. USMAN YUSUF | E49: 0 | F49: 0 | G49: 0 | H49: 0 | I49: 2 | J49: 1 | K49: 1 | L49: 0 | M49: 0 | N49: 1 | O49: 0 | P49: 0 | Q49: 0 | R49: 1 | S49: 0 | T49: 0 | U49: 1 | V49: 0 | W49: 0 | X49: 0 | Y49: =SUM(E49:X49) -> 7
C50: 5. SA`ADAH | E50: 4 | F50: 1 | G50: 0 | H50: 7 | I50: 4 | J50: 5 | K50: 2 | L50: 1 | M50: 0 | N50: 0 | O50: 0 | P50: 1 | Q50: 4 | R50: 0 | S50: 0 | T50: 1 | U50: 3 | V50: 3 | W50: 2 | X50: 1 | Y50: =SUM(E50:X50) -> 39
C51: 6. FARIHA HASANATUL AMALIA | E51: 0 | F51: 0 | G51: 0 | H51: 0 | I51: 0 | J51: 0 | K51: 0 | L51: 1 | M51: 1 | N51: 0 | O51: 0 | P51: 0 | Q51: 0 | R51: 0 | S51: 0 | T51: 0 | U51: 0 | V51: 0 | W51: 0 | X51: 0 | Y51: =SUM(E51:X51) -> 2
A52: B | B52: JUMLAH SUARA SAH PARTAI POLITIK DAN CALON (A1 + A2) | E52: =SUM(E45:E51) -> 33 | F52: =SUM(F45:F51) -> 55 | G52: =SUM(G45:G51) -> 27 | H52: =SUM(H45:H51) -> 34 | I52: =SUM(I45:I51) -> 95 | J52: =SUM(J45:J51) -> 117 | K52: =SUM(K45:K51) -> 73 | L52: =SUM(L45:L51) -> 39 | ... Y52: =SUM(Y45:Y51) -> 842
A54: A.1 | B54: 2. | C54: Partai Gerakan Indonesia Raya | E54: 6 | F54: 5 | G54: 7 | H54: 6 | I54: 11 | J54: 9 | K54: 5 | L54: 9 | M54: 1 | N54: 4 | O54: 7 | P54: 1 | Q54: 6 | R54: 8 | S54: 5 | T54: 6 | U54: 3 | V54: 7 | W54: 10 | X54: 7 | Y54: =SUM(E54:X54) -> 123
A55: A.2 | C55: 1. SUPARMAN EDY H. | E55: 5 | F55: 0 | G55: 4 | H55: 1 | I55: 0 | J55: 1 | K55: 1 | L55: 0 | M55: 1 | N55: 2 | O55: 0 | P55: 0 | Q55: 1 | R55: 0 | S55: 1 | T55: 1 | U55: 5 | V55: 3 | W55: 4 | X55: 2 | Y55: =SUM(E55:X55) -> 32
C56: 2. NASIKHUN AMIN | E56: 1 | F56: 0 | G56: 0 | H56: 0 | I56: 1 | J56: 4 | K56: 3 | L56: 0 | M56: 0 | N56: 0 | O56: 1 | P56: 0 | Q56: 2 | R56: 1 | S56: 0 | T56: 3 | U56: 1 | V56: 0 | W56: 0 | X56: 0 | Y56: =SUM(E56:X56) -> 17
C57: 3. ENY SETIAWATI, S.H | E57: 1 | F57: 3 | G57: 1 | H57: 1 | I57: 1 | J57: 0 | K57: 2 | L57: 1 | M57: 0 | N57: 0 | O57: 0 | P57: 0 | Q57: 5 | R57: 1 | S57: 2 | T57: 4 | U57: 0 | V57: 0 | W57: 1 | X57: 1 | Y57: =SUM(E57:X57) -> 24
C58: 4. H. ABDUL QODIR, S.H., M.H. | E58: 1 | F58: 1 | G58: 0 | H58: 0 | I58: 0 | J58: 4 | K58: 6 | L58: 1 | M58: 2 | N58: 1 | O58: 0 | P58: 0 | Q58: 1 | R58: 0 | S58: 1 | T58: 3 | U58: 1 | V58: 1 | W58: 2 | X58: 1 | Y58: =SUM(E58:X58) -> 26
C59: 5. FATMAWATI, S.E. | E59: 1 | F59: 0 | G59: 0 | H59: 0 | I59: 0 | J59: 1 | K59: 0 | L59: 0 | M59: 0 | N59: 0 | O59: 0 | P59: 0 | Q59: 1 | R59: 1 | S59: 0 | T59: 2 | U59: 1 | V59: 0 | W59: 0 | X59: 1 | Y59: =SUM(E59:X59) -> 8
C60: 6. NANANG NUR AHMADI | E60: 2 | F60: 11 | G60: 1 | H60: 5 | I60: 4 | J60: 9 | K60: 7 | L60: 12 | M60: 13 | N60: 12 | O60: 5 | P60: 4 | Q60: 4 | R60: 12 | S60: 26 | T60: 35 | U60: 3 | V60: 12 | W60: 10 | X60: 18 | Y60: =SUM(E60:X60) -> 205
A61: B | B61: JUMLAH SUARA SAH PARTAI POLITIK DAN CALON (A1 + A2) | E61: =SUM(E54:E60) -> 17 | F61: =SUM(F54:F60) -> 20 | G61: =SUM(G54:G60) -> 13 | H61: =SUM(H54:H60) -> 13 | I61: =SUM(I54:I60) -> 17 | J61: =SUM(J54:J60) -> 28 | K61: =SUM(K54:K60) -> 24 | L61: =SUM(L54:L60) -> 23 | ... Y61: =SUM(Y54:Y60) -> 435
A63: A.1 | B63: 3. | C63: Partai Demokrasi Indonesia Perjuangan | E63: 1 | F63: 4 | G63: 1 | H63: 1 | I63: 1 | J63: 1 | K63: 1 | L63: 3 | M63: 7 | N63: 13 | O63: 1 | P63: 2 | Q63: 6 | R63: 9 | S63: 4 | T63: 7 | U63: 10 | V63: 2 | W63: 6 | X63: 3 | Y63: =SUM(E63:X63) -> 83
A64: A.2 | C64: 1. WAGIANTO | E64: 0 | F64: 1 | G64: 0 | H64: 1 | I64: 0 | J64: 0 | K64: 2 | L64: 10 | M64: 36 | N64: 21 | O64: 7 | P64: 3 | Q64: 3 | R64: 0 | S64: 2 | T64: 1 | U64: 10 | V64: 2 | W64: 2 | X64: 4 | Y64: =SUM(E64:X64) -> 105
C65: 2. ERIK TRISDIANTANA | E65: 3 | F65: 0 | G65: 2 | H65: 4 | I65: 1 | J65: 2 | K65: 4 | L65: 3 | M65: 2 | N65: 4 | O65: 0 | P65: 0 | Q65: 6 | R65: 9 | S65: 9 | T65: 9 | U65: 34 | V65: 0 | W65: 5 | X65: 2 | Y65: =SUM(E65:X65) -> 99
C66: 3. NI GALUH PARWATI | E66: 4 | F66: 17 | G66: 2 | H66: 2 | I66: 4 | J66: 0 | K66: 0 | L66: 0 | M66: 9 | N66: 47 | O66: 5 | P66: 4 | Q66: 7 | R66: 34 | S66: 20 | T66: 4 | U66: 20 | V66: 4 | W66: 1 | X66: 3 | Y66: =SUM(E66:X66) -> 187
C67: 4. DZULFIKAR REZKY | E67: 0 | F67: 0 | G67: 0 | H67: 0 | I67: 2 | J67: 0 | K67: 0 | L67: 1 | M67: 1 | N67: 0 | O67: 0 | P67: 12 | Q67: 1 | R67: 2 | S67: 0 | T67: 2 | U67: 2 | V67: 1 | W67: 1 | X67: 0 | Y67: =SUM(E67:X67) -> 25
C68: 5. AMALIYAH | E68: 0 | F68: 1 | G68: 0 | H68: 0 | I68: 0 | J68: 0 | K68: 0 | L68: 4 | M68: 3 | N68: 0 | O68: 0 | P68: 2 | Q68: 6 | R68: 15 | S68: 8 | T68: 2 | U68: 6 | V68: 25 | W68: 13 | X68: 18 | Y68: =SUM(E68:X68) -> 103
C69: 6. PUTRI PARAMITA CIPTASARI | E69: 1 | F69: 0 | G69: 0 | H69: 0 | I69: 0 | J69: 0 | K69: 1 | L69: 0 | M69: 0 | N69: 0 | O69: 0 | P69: 0 | Q69: 1 | R69: 0 | S69: 0 | T69: 0 | U69: 0 | V69: 0 | W69: 0 | X69: 0 | Y69: =SUM(E69:X69) -> 3
A70: B | B70: JUMLAH SUARA SAH PARTAI POLITIK DAN CALON (A1 + A2) | E70: =SUM(E63:E69) -> 9 | F70: =SUM(F63:F69) -> 23 | G70: =SUM(G63:G69) -> 5 | H70: =SUM(H63:H69) -> 8 | I70: =SUM(I63:I69) -> 8 | J70: =SUM(J63:J69) -> 3 | K70: =SUM(K63:K69) -> 8 | L70: =SUM(L63:L69) -> 21 | ... Y70: =SUM(Y63:Y69) -> 605
A72: A.1 | B72: 4. | C72: Partai Golongan Karya | E72: 2 | F72: 1 | G72: 1 | H72: 1 | I72: 8 | J72: 2 | K72: 2 | L72: 2 | M72: 1 | N72: 2 | O72: 2 | P72: 1 | Q72: 2 | R72: 1 | S72: 0 | T72: 4 | U72: 2 | V72: 2 | W72: 5 | X72: 1 | Y72: =SUM(E72:X72) -> 42
A73: A.2 | C73: 1. MARIFATUL KAMILA, S.H. | E73: 3 | F73: 4 | G73: 7 | H73: 8 | I73: 23 | J73: 3 | K73: 5 | L73: 7 | M73: 0 | N73: 5 | O73: 0 | P73: 1 | Q73: 2 | R73: 6 | S73: 9 | T73: 8 | U73: 3 | V73: 0 | W73: 6 | X73: 0 | Y73: =SUM(E73:X73) -> 100
C74: 2. KUSWORO, S.Pd. | E74: 0 | F74: 0 | G74: 0 | H74: 1 | I74: 0 | J74: 0 | K74: 1 | L74: 0 | M74: 1 | N74: 0 | O74: 2 | P74: 0 | Q74: 0 | R74: 0 | S74: 0 | T74: 0 | U74: 0 | V74: 0 | W74: 0 | X74: 0 | Y74: =SUM(E74:X74) -> 5
C75: 3. DIDIK SANTOSO, S.Pd. | E75: 0 | F75: 0 | G75: 2 | H75: 1 | I75: 0 | J75: 0 | K75: 1 | L75: 0 | M75: 1 | N75: 0 | O75: 1 | P75: 0 | Q75: 0 | R75: 0 | S75: 1 | T75: 0 | U75: 0 | V75: 1 | W75: 0 | X75: 0 | Y75: =SUM(E75:X75) -> 8
C76: 4. ASYIQ RAHMATULLAH, H | E76: 1 | F76: 1 | G76: 0 | H76: 0 | I76: 0 | J76: 0 | K76: 1 | L76: 0 | M76: 0 | N76: 0 | O76: 1 | P76: 0 | Q76: 2 | R76: 0 | S76: 0 | T76: 0 | U76: 0 | V76: 0 | W76: 2 | X76: 0 | Y76: =SUM(E76:X76) -> 8
C77: 5. ARI PANGESTI | E77: 2 | F77: 1 | G77: 3 | H77: 0 | I77: 0 | J77: 0 | K77: 1 | L77: 2 | M77: 0 | N77: 0 | O77: 0 | P77: 2 | Q77: 0 | R77: 0 | S77: 0 | T77: 0 | U77: 1 | V77: 0 | W77: 0 | X77: 1 | Y77: =SUM(E77:X77) -> 13
C78: 6. H. HANDOKO, S.E. | E78: 8 | F78: 0 | G78: 8 | H78: 8 | I78: 3 | J78: 12 | K78: 5 | L78: 10 | M78: 38 | N78: 20 | O78: 22 | P78: 40 | Q78: 3 | R78: 1 | S78: 3 | T78: 4 | U78: 3 | V78: 2 | W78: 8 | X78: 3 | Y78: =SUM(E78:X78) -> 201
A79: B | B79: JUMLAH SUARA SAH PARTAI POLITIK DAN CALON (A1 + A2) | E79: =SUM(E72:E78) -> 16 | F79: =SUM(F72:F78) -> 7 | G79: =SUM(G72:G78) -> 21 | H79: =SUM(H72:H78) -> 19 | I79: =SUM(I72:I78) -> 34 | J79: =SUM(J72:J78) -> 17 | K79: =SUM(K72:K78) -> 16 | L79: =SUM(L72:L78) -> 21 | ... Y79: =SUM(Y72:Y78) -> 377
A81: A.1 | B81: 5. | C81: Partai NasDem | E81: 2 | F81: 4 | G81: 3 | H81: 1 | I81: 4 | J81: 2 | K81: 2 | L81: 4 | M81: 0 | N81: 1 | O81: 1 | P81: 1 | Q81: 1 | R81: 0 | S81: 1 | T81: 4 | U81: 1 | V81: 2 | W81: 2 | X81: 1 | Y81: =SUM(E81:X81) -> 37
A82: A.2 | C82: 1. H. EDI PURNOMO | E82: 0 | F82: 0 | G82: 0 | H82: 0 | I82: 0 | J82: 1 | K82: 0 | L82: 1 | M82: 0 | N82: 0 | O82: 0 | P82: 1 | Q82: 1 | R82: 0 | S82: 0 | T82: 0 | U82: 0 | V82: 0 | W82: 2 | X82: 0 | Y82: =SUM(E82:X82) -> 6
C83: 2. I GEDE SUDRO WICANO | E83: 14 | F83: 22 | G83: 28 | H83: 0 | I83: 0 | J83: 1 | K83: 5 | L83: 0 | M83: 0 | N83: 1 | O83: 0 | P83: 0 | Q83: 7 | R83: 2 | S83: 1 | T83: 7 | U83: 0 | V83: 0 | W83: 0 | X83: 0 | Y83: =SUM(E83:X83) -> 88
C84: 3. TRI MARVILA SUKMANA, S.H. | E84: 3 | F84: 4 | G84: 3 | H84: 0 | I84: 0 | J84: 0 | K84: 0 | L84: 1 | M84: 0 | N84: 0 | O84: 0 | P84: 0 | Q84: 0 | R84: 0 | S84: 0 | T84: 0 | U84: 0 | V84: 0 | W84: 0 | X84: 0 | Y84: =SUM(E84:X84) -> 11
C85: 4. ISLAMIYAH LESTARI | E85: 0 | F85: 1 | G85: 1 | H85: 0 | I85: 1 | J85: 0 | K85: 0 | L85: 0 | M85: 0 | N85: 0 | O85: 0 | P85: 0 | Q85: 0 | R85: 0 | S85: 0 | T85: 0 | U85: 0 | V85: 0 | W85: 1 | X85: 0 | Y85: =SUM(E85:X85) -> 4
C86: 5. LUTFI WAHYUDI | E86: 1 | F86: 0 | G86: 3 | H86: 5 | I86: 8 | J86: 4 | K86: 0 | L86: 5 | M86: 2 | N86: 0 | O86: 3 | P86: 0 | Q86: 2 | R86: 8 | S86: 7 | T86: 40 | U86: 1 | V86: 0 | W86: 0 | X86: 2 | Y86: =SUM(E86:X86) -> 91
C87: 6. AGUS MAIDO | E87: 0 | F87: 0 | G87: 0 | H87: 0 | I87: 0 | J87: 0 | K87: 0 | L87: 0 | M87: 0 | N87: 1 | O87: 0 | P87: 0 | Q87: 0 | R87: 0 | S87: 0 | T87: 0 | U87: 0 | V87: 1 | W87: 0 | X87: 0 | Y87: =SUM(E87:X87) -> 2
A88: B | B88: JUMLAH SUARA SAH PARTAI POLITIK DAN CALON (A1 + A2) | E88: =SUM(E81:E87) -> 20 | F88: =SUM(F81:F87) -> 31 | G88: =SUM(G81:G87) -> 38 | H88: =SUM(H81:H87) -> 6 | I88: =SUM(I81:I87) -> 13 | J88: =SUM(J81:J87) -> 8 | K88: =SUM(K81:K87) -> 7 | L88: =SUM(L81:L87) -> 11 | ... Y88: =SUM(Y81:Y87) -> 239
A90: A.1 | B90: 6. | C90: Partai Buruh | E90: 0 | F90: 0 | G90: 1 | H90: 1 | I90: 1 | J90: 0 | K90: 0 | L90: 0 | M90: 0 | N90: 0 | O90: 1 | P90: 0 | Q90: 1 | R90: 0 | S90: 0 | T90: 1 | U90: 0 | V90: 1 | W90: 1 | X90: 0 | Y90: =SUM(E90:X90) -> 8
A91: A.2 | C91: 1. ERWIN SANTOSO | E91: 0 | F91: 0 | G91: 0 | H91: 2 | I91: 0 | J91: 0 | K91: 1 | L91: 1 | M91: 0 | N91: 0 | O91: 0 | P91: 0 | Q91: 5 | R91: 0 | S91: 1 | T91: 0 | U91: 3 | V91: 0 | W91: 0 | X91: 1 | Y91: =SUM(E91:X91) -> 14
A92: B | B92: JUMLAH SUARA SAH PARTAI POLITIK DAN CALON (A1 + A2) | E92: =SUM(E90:E91) -> 0 | F92: =SUM(F90:F91) -> 0 | G92: =SUM(G90:G91) -> 1 | H92: =SUM(H90:H91) -> 3 | I92: =SUM(I90:I91) -> 1 | J92: =SUM(J90:J91) -> 0 | K92: =SUM(K90:K91) -> 1 | L92: =SUM(L90:L91) -> 1 | ... Y92: =SUM(Y90:Y91) -> 22
A94: A.1 | B94: 7. | C94: Partai Gelombang Rakyat Indonesia | E94: 0 | F94: 0 | G94: 0 | H94: 0 | I94: 0 | J94: 0 | K94: 1 | L94: 0 | M94: 0 | N94: 0 | O94: 0 | P94: 0 | Q94: 0 | R94: 0 | S94: 0 | T94: 0 | U94: 0 | V94: 0 | W94: 1 | X94: 0 | Y94: =SUM(E94:X94) -> 2
A95: A.2 | C95: 1. SUTRISNO | E95: 0 | F95: 0 | G95: 0 | H95: 0 | I95: 0 | J95: 1 | K95: 0 | L95: 0 | M95: 0 | N95: 1 | O95: 0 | P95: 0 | Q95: 0 | R95: 0 | S95: 0 | T95: 0 | U95: 0 | V95: 0 | W95: 0 | X95: 0 | Y95: =SUM(E95:X95) -> 2
C96: 2. MOH. ANNAS | E96: 0 | F96: 0 | G96: 0 | H96: 1 | I96: 0 | J96: 0 | K96: 0 | L96: 0 | M96: 0 | N96: 0 | O96: 1 | P96: 0 | Q96: 0 | R96: 0 | S96: 0 | T96: 1 | U96: 0 | V96: 0 | W96: 0 | X96: 0 | Y96: =SUM(E96:X96) -> 3
C97: 3. NI MADE AYU PUNIARSI | E97: 0 | F97: 1 | G97: 0 | H97: 0 | I97: 0 | J97: 0 | K97: 2 | L97: 0 | M97: 0 | N97: 0 | O97: 0 | P97: 0 | Q97: 0 | R97: 0 | S97: 0 | T97: 1 | U97: 0 | V97: 0 | W97: 0 | X97: 0 | Y97: =SUM(E97:X97) -> 4
C98: 4. HENDRA KURNIAWAN | E98: 0 | F98: 0 | G98: 0 | H98: 0 | I98: 0 | J98: 0 | K98: 0 | L98: 0 | M98: 0 | N98: 0 | O98: 0 | P98: 0 | Q98: 1 | R98: 0 | S98: 0 | T98: 0 | U98: 0 | V98: 1 | W98: 0 | X98: 0 | Y98: =SUM(E98:X98) -> 2
C99: 5. DEASY GITTA PERWITASARI | E99: 0 | F99: 0 | G99: 0 | H99: 0 | I99: 0 | J99: 0 | K99: 0 | L99: 0 | M99: 0 | N99: 0 | O99: 0 | P99: 0 | Q99: 0 | R99: 0 | S99: 0 | T99: 0 | U99: 0 | V99: 0 | W99: 0 | X99: 0 | Y99: =SUM(E99:X99) -> 0
C100: 6. SUPRAPTO | E100: 0 | F100: 0 | G100: 0 | H100: 0 | I100: 2 | J100: 0 | K100: 0 | L100: 0 | M100: 0 | N100: 0 | O100: 0 | P100: 0 | Q100: 1 | R100: 0 | S100: 2 | T100: 0 | U100: 0 | V100: 0 | W100: 2 | X100: 0 | Y100: =SUM(E100:X100) -> 7
A101: B | B101: JUMLAH SUARA SAH PARTAI POLITIK DAN CALON (A1 + A2) | E101: =SUM(E94:E100) -> 0 | F101: =SUM(F94:F100) -> 1 | G101: =SUM(G94:G100) -> 0 | H101: =SUM(H94:H100) -> 1 | I101: =SUM(I94:I100) -> 2 | J101: =SUM(J94:J100) -> 1 | K101: =SUM(K94:K100) -> 3 | L101: =SUM(L94:L100) -> 0 | ... Y101: =SUM(Y94:Y100) -> 20
A103: A.1 | B103: 8. | C103: Partai Keadilan Sejahtera | E103: 2 | F103: 2 | G103: 3 | H103: 3 | I103: 1 | J103: 0 | K103: 0 | L103: 5 | M103: 1 | N103: 1 | O103: 0 | P103: 0 | Q103: 2 | R103: 0 | S103: 4 | T103: 0 | U103: 0 | V103: 6 | W103: 1 | X103: 1 | Y103: =SUM(E103:X103) -> 32
A104: A.2 | C104: 1. ARIEF WAHYUDI DJ, S.T. | E104: 2 | F104: 1 | G104: 0 | H104: 1 | I104: 5 | J104: 0 | K104: 1 | L104: 2 | M104: 1 | N104: 0 | O104: 7 | P104: 0 | Q104: 0 | R104: 0 | S104: 5 | T104: 1 | U104: 1 | V104: 2 | W104: 7 | X104: 1 | Y104: =SUM(E104:X104) -> 37
