Workbook

Sheet DPRD KABUPATEN
C8: Kecamatan | D8: KALIPURO
C9: Kabupaten | D9: BANYUWANGI
C10: Provinsi | D10: JAWA TIMUR
A12: I | B12: DATA PEMILIH DAN PENGGUNAAN HAK PILIH | E12: JUMLAH AKHIR
A13: A | B13: DATA PEMILIH
B14: Jumlah Pemilih dalam Daftar Pemilih Tetap (DPT) | D14: LK | E14: =BULUSAN!AC14+BULUSARI!R14+GOMBENGSARI!AC14+KALIPURO!AR14+KELIR!W14+KETAPANG!BE14+KLATAK!AV14+PESUCEN!R14+TELEMUNG!T14 -> 31987
D15: PR | E15: =BULUSAN!AC15+BULUSARI!R15+GOMBENGSARI!AC15+KALIPURO!AR15+KELIR!W15+KETAPANG!BE15+KLATAK!AV15+PESUCEN!R15+TELEMUNG!T15 -> 33057
D16: JML | E16: =SUM(E14:E15) -> 65044
A18: B | B18: PENGGUNA HAK PILIH
B19: 1. | C19: Jumlah pengguna hak pilih dalam Daftar Pemilih Tetap (DPT) | D19: LK | E19: =BULUSAN!AC19+BULUSARI!R19+GOMBENGSARI!AC19+KALIPURO!AR19+KELIR!W19+KETAPANG!BE19+KLATAK!AV19+PESUCEN!R19+TELEMUNG!T19 -> 24074
D20: PR | E20: =BULUSAN!AC20+BULUSARI!R20+GOMBENGSARI!AC20+KALIPURO!AR20+KELIR!W20+KETAPANG!BE20+KLATAK!AV20+PESUCEN!R20+TELEMUNG!T20 -> 26769
D21: JML | E21: =SUM(E19:E20) -> 50843
B22: 2. | C22: Jumlah pengguna hak pilih dalam Daftar Pemilih Tambahan (DPTb) | D22: LK | E22: =BULUSAN!AC22+BULUSARI!R22+GOMBENGSARI!AC22+KALIPURO!AR22+KELIR!W22+KETAPANG!BE22+KLATAK!AV22+PESUCEN!R22+TELEMUNG!T22 -> 110
D23: PR | E23: =BULUSAN!AC23+BULUSARI!R23+GOMBENGSARI!AC23+KALIPURO!AR23+KELIR!W23+KETAPANG!BE23+KLATAK!AV23+PESUCEN!R23+TELEMUNG!T23 -> 92
D24: JML | E24: =SUM(E22:E23) -> 202
B25: 3. | C25: Jumlah pengguna hak pilih dalam Daftar Pemilih Khusus (DPK) | D25: LK | E25: =BULUSAN!AC25+BULUSARI!R25+GOMBENGSARI!AC25+KALIPURO!AR25+KELIR!W25+KETAPANG!BE25+KLATAK!AV25+PESUCEN!R25+TELEMUNG!T25 -> 349
D26: PR | E26: =BULUSAN!AC26+BULUSARI!R26+GOMBENGSARI!AC26+KALIPURO!AR26+KELIR!W26+KETAPANG!BE26+KLATAK!AV26+PESUCEN!R26+TELEMUNG!T26 -> 422
D27: JML | E27: =SUM(E25:E26) -> 771
B28: 4. | C28: Jumlah Pengguna Hak Pilih (B.1+B.2+B.3) | D28: LK | E28: =E19+E22+E25 -> 24533
D29: PR | E29: =E20+E23+E26 -> 27283
D30: JML | E30: =SUM(E28:E29) -> 51816
A32: II | B32: DATA PENGGUNAAN SURAT SUARA
A33: 1 | B33: Jumlah surat suara yang diterima, termasuk surat suara cadangan 2,5% dari DPT | E33: =BULUSAN!AC33+BULUSARI!R33+GOMBENGSARI!AC33+KALIPURO!AR33+KELIR!W33+KETAPANG!BE33+KLATAK!AV33+PESUCEN!R33+TELEMUNG!T33 -> 66218
A34: 2 | B34: Jumlah surat suara yang digunakan | E34: =BULUSAN!AC34+BULUSARI!R34+GOMBENGSARI!AC34+KALIPURO!AR34+KELIR!W34+KETAPANG!BE34+KLATAK!AV34+PESUCEN!R34+TELEMUNG!T34 -> 51816
A35: 3 | B35: Jumlah surat suara dikembalikan oleh pemilih (karena rusak atau keliru coblos) | E35: =BULUSAN!AC35+BULUSARI!R35+GOMBENGSARI!AC35+KALIPURO!AR35+KELIR!W35+KETAPANG!BE35+KLATAK!AV35+PESUCEN!R35+TELEMUNG!T35 -> 96
A36: 4 | B36: Jumlah surat suara yang tidak digunakan/tidak terpakai, termasuk sisa surat suara cadangan | E36: =E33-(E34+E35) -> 14306
A38: III | B38: DATA PEMILIH DISABILITAS
B39: Jumlah seluruh Pemilih disabilitas yang menggunakan hak pilih | D39: LK | E39: =BULUSAN!AC39+BULUSARI!R39+GOMBENGSARI!AC39+KALIPURO!AR39+KELIR!W39+KETAPANG!BE39+KLATAK!AV39+PESUCEN!R39+TELEMUNG!T39 -> 63
D40: PR | E40: =BULUSAN!AC40+BULUSARI!R40+GOMBENGSARI!AC40+KALIPURO!AR40+KELIR!W40+KETAPANG!BE40+KLATAK!AV40+PESUCEN!R40+TELEMUNG!T40 -> 82
D41: JML | E41: =SUM(E39:E40) -> 145
A43: IV | B43: DATA RINCIAN PEROLEHAN SUARA PASANGAN CALON BUPATI DAN WAKIL BUPATI
A44: NOMOR DAN NAMA CALON
A45: A.1 | B45: 1. | C45: Partai Kebangkitan Bangsa | E45: =BULUSAN!AC45+BULUSARI!R45+GOMBENGSARI!AC45+KALIPURO!AR45+KELIR!W45+KETAPANG!BE45+KLATAK!AV45+PESUCEN!R45+TELEMUNG!T45 -> 1800
A46: A.2 | B46: 1 | C46: HJ. SITI MAKHROCHATIN NI’MAH, S.PD., M.M. | E46: =BULUSAN!AC46+BULUSARI!R46+GOMBENGSARI!AC46+KALIPURO!AR46+KELIR!W46+KETAPANG!BE46+KLATAK!AV46+PESUCEN!R46+TELEMUNG!T46 -> 3113
B47: 2 | C47: A. TAUFIK | E47: =BULUSAN!AC47+BULUSARI!R47+GOMBENGSARI!AC47+KALIPURO!AR47+KELIR!W47+KETAPANG!BE47+KLATAK!AV47+PESUCEN!R47+TELEMUNG!T47 -> 1164
B48: 3 | C48: KHOIRUL FAHMI ISKANDAR, S.PD | E48: =BULUSAN!AC48+BULUSARI!R48+GOMBENGSARI!AC48+KALIPURO!AR48+KELIR!W48+KETAPANG!BE48+KLATAK!AV48+PESUCEN!R48+TELEMUNG!T48 -> 179
B49: 4 | C49: AKHMAD, S.PD., M.M. | E49: =BULUSAN!AC49+BULUSARI!R49+GOMBENGSARI!AC49+KALIPURO!AR49+KELIR!W49+KETAPANG!BE49+KLATAK!AV49+PESUCEN!R49+TELEMUNG!T49 -> 60
B50: 5 | C50: SOFI WULANDARI, S.H. | E50: =BULUSAN!AC50+BULUSARI!R50+GOMBENGSARI!AC50+KALIPURO!AR50+KELIR!W50+KETAPANG!BE50+KLATAK!AV50+PESUCEN!R50+TELEMUNG!T50 -> 45
B51: 6 | C51: AL MA’ARIF | E51: =BULUSAN!AC51+BULUSARI!R51+GOMBENGSARI!AC51+KALIPURO!AR51+KELIR!W51+KETAPANG!BE51+KLATAK!AV51+PESUCEN!R51+TELEMUNG!T51 -> 118
A52: B | B52: JUMLAH SUARA SAH PARTAI POLITIK DAN CALON (A1 + A2) | E52: =SUM(E45:E51) -> 6479
A54: A.1 | B54: 2. | C54: Partai Gerakan Indonesia Raya | E54: =BULUSAN!AC54+BULUSARI!R54+GOMBENGSARI!AC54+KALIPURO!AR54+KELIR!W54+KETAPANG!BE54+KLATAK!AV54+PESUCEN!R54+TELEMUNG!T54 -> 1894
A55: A.2 | B55: 1 | C55: ASRILA DISKA RIMUNDA | E55: =BULUSAN!AC55+BULUSARI!R55+GOMBENGSARI!AC55+KALIPURO!AR55+KELIR!W55+KETAPANG!BE55+KLATAK!AV55+PESUCEN!R55+TELEMUNG!T55 -> 1509
B56: 2 | C56: ANIK MUSYAROFAH | E56: =BULUSAN!AC56+BULUSARI!R56+GOMBENGSARI!AC56+KALIPURO!AR56+KELIR!W56+KETAPANG!BE56+KLATAK!AV56+PESUCEN!R56+TELEMUNG!T56 -> 553
B57: 3 | C57: JOKO MISBONO | E57: =BULUSAN!AC57+BULUSARI!R57+GOMBENGSARI!AC57+KALIPURO!AR57+KELIR!W57+KETAPANG!BE57+KLATAK!AV57+PESUCEN!R57+TELEMUNG!T57 -> 582
B58: 4 | C58: REKTO PUSPITASARI | E58: =BULUSAN!AC58+BULUSARI!R58+GOMBENGSARI!AC58+KALIPURO!AR58+KELIR!W58+KETAPANG!BE58+KLATAK!AV58+PESUCEN!R58+TELEMUNG!T58 -> 236
B59: 5 | C59: AHMAD KHOMSI WAHYUDI | E59: =BULUSAN!AC59+BULUSARI!R59+GOMBENGSARI!AC59+KALIPURO!AR59+KELIR!W59+KETAPANG!BE59+KLATAK!AV59+PESUCEN!R59+TELEMUNG!T59 -> 94
B60: 6 | C60: ACHI RIZAL FIRDAUS | E60: =BULUSAN!AC60+BULUSARI!R60+GOMBENGSARI!AC60+KALIPURO!AR60+KELIR!W60+KETAPANG!BE60+KLATAK!AV60+PESUCEN!R60+TELEMUNG!T60 -> 1255
A61: B | B61: JUMLAH SUARA SAH PARTAI POLITIK DAN CALON (A1 + A2) | E61: =SUM(E54:E60) -> 6123
A63: A.1 | B63: 3. | C63: Partai Demokrasi Indonesia Perjuangan | E63: =BULUSAN!AC63+BULUSARI!R63+GOMBENGSARI!AC63+KALIPURO!AR63+KELIR!W63+KETAPANG!BE63+KLATAK!AV63+PESUCEN!R63+TELEMUNG!T63 -> 1732
A64: A.2 | B64: 1 | C64: I MADE CAHYANA NEGARA, S.E. | E64: =BULUSAN!AC64+BULUSARI!R64+GOMBENGSARI!AC64+KALIPURO!AR64+KELIR!W64+KETAPANG!BE64+KLATAK!AV64+PESUCEN!R64+TELEMUNG!T64 -> 4981
B65: 2 | C65: AGUS WAHYU PANOTO, S.H. | E65: =BULUSAN!AC65+BULUSARI!R65+GOMBENGSARI!AC65+KALIPURO!AR65+KELIR!W65+KETAPANG!BE65+KLATAK!AV65+PESUCEN!R65+TELEMUNG!T65 -> 2624
B66: 3 | C66: IIS SUMIYATI | E66: =BULUSAN!AC66+BULUSARI!R66+GOMBENGSARI!AC66+KALIPURO!AR66+KELIR!W66+KETAPANG!BE66+KLATAK!AV66+PESUCEN!R66+TELEMUNG!T66 -> 178
B67: 4 | C67: ACHMAD MUZAMMIL | E67: =BULUSAN!AC67+BULUSARI!R67+GOMBENGSARI!AC67+KALIPURO!AR67+KELIR!W67+KETAPANG!BE67+KLATAK!AV67+PESUCEN!R67+TELEMUNG!T67 -> 94
B68: 5 | C68: WENDRIAWANTO | E68: =BULUSAN!AC68+BULUSARI!R68+GOMBENGSARI!AC68+KALIPURO!AR68+KELIR!W68+KETAPANG!BE68+KLATAK!AV68+PESUCEN!R68+TELEMUNG!T68 -> 160
B69: 6 | C69: PUTRI MEGA AYU WIDIARTI | E69: =BULUSAN!AC69+BULUSARI!R69+GOMBENGSARI!AC69+KALIPURO!AR69+KELIR!W69+KETAPANG!BE69+KLATAK!AV69+PESUCEN!R69+TELEMUNG!T69 -> 80
A70: B | B70: JUMLAH SUARA SAH PARTAI POLITIK DAN CALON (A1 + A2) | E70: =SUM(E63:E69) -> 9849
A72: A.1 | B72: 4. | C72: Partai Golongan Karya | E72: =BULUSAN!AC72+BULUSARI!R72+GOMBENGSARI!AC72+KALIPURO!AR72+KELIR!W72+KETAPANG!BE72+KLATAK!AV72+PESUCEN!R72+TELEMUNG!T72 -> 1147
A73: A.2 | B73: 1 | C73: UMI KULSUM, S.H. | E73: =BULUSAN!AC73+BULUSARI!R73+GOMBENGSARI!AC73+KALIPURO!AR73+KELIR!W73+KETAPANG!BE73+KLATAK!AV73+PESUCEN!R73+TELEMUNG!T73 -> 5456
B74: 2 | C74: SONNY PRAKOSO INDRA, S.E. | E74: =BULUSAN!AC74+BULUSARI!R74+GOMBENGSARI!AC74+KALIPURO!AR74+KELIR!W74+KETAPANG!BE74+KLATAK!AV74+PESUCEN!R74+TELEMUNG!T74 -> 4157
B75: 3 | C75: ERJUNA SITI FATIMAH | E75: =BULUSAN!AC75+BULUSARI!R75+GOMBENGSARI!AC75+KALIPURO!AR75+KELIR!W75+KETAPANG!BE75+KLATAK!AV75+PESUCEN!R75+TELEMUNG!T75 -> 57
B76: 4 | C76: SITI MARIYAM | E76: =BULUSAN!AC76+BULUSARI!R76+GOMBENGSARI!AC76+KALIPURO!AR76+KELIR!W76+KETAPANG!BE76+KLATAK!AV76+PESUCEN!R76+TELEMUNG!T76 -> 57
B77: 5 | C77: HERU SUKARNO, S.H. | E77: =BULUSAN!AC77+BULUSARI!R77+GOMBENGSARI!AC77+KALIPURO!AR77+KELIR!W77+KETAPANG!BE77+KLATAK!AV77+PESUCEN!R77+TELEMUNG!T77 -> 31
B78: 6 | C78: AHMAD MUZAYYIN | E78: =BULUSAN!AC78+BULUSARI!R78+GOMBENGSARI!AC78+KALIPURO!AR78+KELIR!W78+KETAPANG!BE78+KLATAK!AV78+PESUCEN!R78+TELEMUNG!T78 -> 19
A79: B | B79: JUMLAH SUARA SAH PARTAI POLITIK DAN CALON (A1 + A2) | E79: =SUM(E72:E78) -> 10924
A81: A.1 | B81: 5. | C81: Partai NasDem | E81: =BULUSAN!AC81+BULUSARI!R81+GOMBENGSARI!AC81+KALIPURO!AR81+KELIR!W81+KETAPANG!BE81+KLATAK!AV81+PESUCEN!R81+TELEMUNG!T81 -> 453
A82: A.2 | B82: 1 | C82: DRS. MOH. PADIL | E82: =BULUSAN!AC82+BULUSARI!R82+GOMBENGSARI!AC82+KALIPURO!AR82+KELIR!W82+KETAPANG!BE82+KLATAK!AV82+PESUCEN!R82+TELEMUNG!T82 -> 1971
B83: 2 | C83: ALEX WIJAYA KUSUMA | E83: =BULUSAN!AC83+BULUSARI!R83+GOMBENGSARI!AC83+KALIPURO!AR83+KELIR!W83+KETAPANG!BE83+KLATAK!AV83+PESUCEN!R83+TELEMUNG!T83 -> 49
B84: 3 | C84: DANY FARDA MIHMDIAT | E84: =BULUSAN!AC84+BULUSARI!R84+GOMBENGSARI!AC84+KALIPURO!AR84+KELIR!W84+KETAPANG!BE84+KLATAK!AV84+PESUCEN!R84+TELEMUNG!T84 -> 63
B85: 4 | C85: UNTUNG AL AKBAR | E85: =BULUSAN!AC85+BULUSARI!R85+GOMBENGSARI!AC85+KALIPURO!AR85+KELIR!W85+KETAPANG!BE85+KLATAK!AV85+PESUCEN!R85+TELEMUNG!T85 -> 70
B86: 5 | C86: SETYO PONCO UTOMO | E86: =BULUSAN!AC86+BULUSARI!R86+GOMBENGSARI!AC86+KALIPURO!AR86+KELIR!W86+KETAPANG!BE86+KLATAK!AV86+PESUCEN!R86+TELEMUNG!T86 -> 553
B87: 6 | C87: LIA ALYSTIA NINGRUM, S.PD. | E87: =BULUSAN!AC87+BULUSARI!R87+GOMBENGSARI!AC87+KALIPURO!AR87+KELIR!W87+KETAPANG!BE87+KLATAK!AV87+PESUCEN!R87+TELEMUNG!T87 -> 1449
A88: B | B88: JUMLAH SUARA SAH PARTAI POLITIK DAN CALON (A1 + A2) | E88: =SUM(E81:E87) -> 4608
A90: A.1 | B90: 6. | C90: Partai Buruh | E90: =BULUSAN!AC90+BULUSARI!R90+GOMBENGSARI!AC90+KALIPURO!AR90+KELIR!W90+KETAPANG!BE90+KLATAK!AV90+PESUCEN!R90+TELEMUNG!T90 -> 223
A91: B | B91: JUMLAH SUARA SAH PARTAI POLITIK DAN CALON (A1 + A2) | E91: =SUM(E90:E90) -> 223
A93: A.1 | B93: 7. | C93: Partai Gelombang Rakyat Indonesia | E93: =BULUSAN!AC93+BULUSARI!R93+GOMBENGSARI!AC93+KALIPURO!AR93+KELIR!W93+KETAPANG!BE93+KLATAK!AV93+PESUCEN!R93+TELEMUNG!T93 -> 131
A94: A.2 | B94: 1 | C94: ELY SODIKIN | E94: =BULUSAN!AC94+BULUSARI!R94+GOMBENGSARI!AC94+KALIPURO!AR94+KELIR!W94+KETAPANG!BE94+KLATAK!AV94+PESUCEN!R94+TELEMUNG!T94 -> 31
B95: 2 | C95: BAGUS WAHONO | E95: =BULUSAN!AC95+BULUSARI!R95+GOMBENGSARI!AC95+KALIPURO!AR95+KELIR!W95+KETAPANG!BE95+KLATAK!AV95+PESUCEN!R95+TELEMUNG!T95 -> 26
B96: 3 | C96: ARTIS YOGYA KARTIKA | E96: =BULUSAN!AC96+BULUSARI!R96+GOMBENGSARI!AC96+KALIPURO!AR96+KELIR!W96+KETAPANG!BE96+KLATAK!AV96+PESUCEN!R96+TELEMUNG!T96 -> 7
B97: 4 | C97: IMAM HAKTONO | E97: =BULUSAN!AC97+BULUSARI!R97+GOMBENGSARI!AC97+KALIPURO!AR97+KELIR!W97+KETAPANG!BE97+KLATAK!AV97+PESUCEN!R97+TELEMUNG!T97 -> 14
A98: B | B98: JUMLAH SUARA SAH PARTAI POLITIK DAN CALON (A1 + A2) | E98: =SUM(E93:E97) -> 209
A100: A.1 | B100: 8. | C100: Partai Keadilan Sejahtera | E100: =BULUSAN!AC100+BULUSARI!R100+GOMBENGSARI!AC100+KALIPURO!AR100+KELIR!W100+KETAPANG!BE100+KLATAK!AV100+PESUCEN!R100+TELEMUNG!T100 -> 356
A101: A.2 | B101: 1 | C101: FAISOL AZZ, A.MD. | E101: =BULUSAN!AC101+BULUSARI!R101+GOMBENGSARI!AC101+KALIPURO!AR101+KELIR!W101+KETAPANG!BE101+KLATAK!AV101+PESUCEN!R101+TELEMUNG!T101 -> 1664
B102: 2 | C102: HAYATUL MAKIN | E102: =BULUSAN!AC102+BULUSARI!R102+GOMBENGSARI!AC102+KALIPURO!AR102+KELIR!W102+KETAPANG!BE102+KLATAK!AV102+PESUCEN!R102+TELEMUNG!T102 -> 72
B103: 3 | C103: SAKI HANDAYANI | E103: =BULUSAN!AC103+BULUSARI!R103+GOMBENGSARI!AC103+KALIPURO!AR103+KELIR!W103+KETAPANG!BE103+KLATAK!AV103+PESUCEN!R103+TELEMUNG!T103 -> 55
B104: 4 | C104: ASMAWIYANTO, A.MA. | E104: =BULUSAN!AC104+BULUSARI!R104+GOMBENGSARI!AC104+KALIPURO!AR104+KELIR!W104+KETAPANG!BE104+KLATAK!AV104+PESUCEN!R104+TELEMUNG!T104 -> 15
B105: 5 | C105: SANTI SETYOWATI | E105: =BULUSAN!AC105+BULUSARI!R105+GOMBENGSARI!AC105+KALIPURO!AR105+KELIR!W105+KETAPANG!BE105+KLATAK!AV105+PESUCEN!R105+TELEMUNG!T105 -> 25
B106: 6 | C106: SUPARNO, S.T. | E106: =BULUSAN!AC106+BULUSARI!R106+GOMBENGSARI!AC106+KALIPURO!AR106+KELIR!W106+KETAPANG!BE106+KLATAK!AV106+PESUCEN!R106+TELEMUNG!T106 -> 45
A107: B | B107: JUMLAH SUARA SAH PARTAI POLITIK DAN CALON (A1 + A2) | E107: =SUM(E100:E106) -> 2232
A109: A.1 | B109: 9. | C109: Partai Kebangkitan Nusantara | E109: =BULUSAN!AC109+BULUSARI!R109+GOMBENGSARI!AC109+KALIPURO!AR109+KELIR!W109+KETAPANG!BE109+KLATAK!AV109+PESUCEN!R109+TELEMUNG!T109 -> 21
A110: A.2 | B110: 1 | C110: YAKUP YULIANTO | E110: =BULUSAN!AC110+BULUSARI!R110+GOMBENGSARI!AC110+KALIPURO!AR110+KELIR!W110+KETAPANG!BE110+KLATAK!AV110+PESUCEN!R110+TELEMUNG!T110 -> 6
B111: 2 | C111: TRIA UTAMA | E111: =BULUSAN!AC111+BULUSARI!R111+GOMBENGSARI!AC111+KALIPURO!AR111+KELIR!W111+KETAPANG!BE111+KLATAK!AV111+PESUCEN!R111+TELEMUNG!T111 -> 3
B112: 3 | C112: ANIS KHAFIFAH MZ | E112: =BULUSAN!AC112+BULUSARI!R112+GOMBENGSARI!AC112+KALIPURO!AR112+KELIR!W112+KETAPANG!BE112+KLATAK!AV112+PESUCEN!R112+TELEMUNG!T112 -> 3
A113: B | B113: JUMLAH SUARA SAH PARTAI POLITIK DAN CALON (A1 + A2) | E113: =SUM(E109:E112) -> 33
A115: A.1 | B115: 10. | C115: Partai Hati Nurani Rakyat | E115: =BULUSAN!AC115+BULUSARI!R115+GOMBENGSARI!AC115+KALIPURO!AR115+KELIR!W115+KETAPANG!BE115+KLATAK!AV115+PESUCEN!R115+TELEMUNG!T115 -> 134
A116: A.2 | B116: 1 | C116: H. HARIONO | E116: =BULUSAN!AC116+BULUSARI!R116+GOMBENGSARI!AC116+KALIPURO!AR116+KELIR!W116+KETAPANG!BE116+KLATAK!AV116+PESUCEN!R116+TELEMUNG!T116 -> 1230
B117: 2 | C117: GOPUR BACHITAR, S.T. | E117: =BULUSAN!AC117+BULUSARI!R117+GOMBENGSARI!AC117+KALIPURO!AR117+KELIR!W117+KETAPANG!BE117+KLATAK!AV117+PESUCEN!R117+TELEMUNG!T117 -> 611
B118: 3 | C118: BONIMAH | E118: =BULUSAN!AC118+BULUSARI!R118+GOMBENGSARI!AC118+KALIPURO!AR118+KELIR!W118+KETAPANG!BE118+KLATAK!AV118+PESUCEN!R118+TELEMUNG!T118 -> 8
B119: 4 | C119: AGUS PRAYOGI | E119: =BULUSAN!AC119+BULUSARI!R119+GOMBENGSARI!AC119+KALIPURO!AR119+KELIR!W119+KETAPANG!BE119+KLATAK!AV119+PESUCEN!R119+TELEMUNG!T119 -> 20
B120: 5 | C120: DWI FITRIA PRATIWI | E120: =BULUSAN!AC120+BULUSARI!R120+GOMBENGSARI!AC120+KALIPURO!AR120+KELIR!W120+KETAPANG!BE120+KLATAK!AV120+PESUCEN!R120+TELEMUNG!T120 -> 3
B121: 6 | C121: NURUL MAKIYAH, S.PD. | E121: =BULUSAN!AC121+BULUSARI!R121+GOMBENGSARI!AC121+KALIPURO!AR121+KELIR!W121+KETAPANG!BE121+KLATAK!AV121+PESUCEN!R121+TELEMUNG!T121 -> 6
...

Sheet BULUSAN
C2: Kecamatan | D2: KALIPURO
C3: Kabupaten | D3: BANYUWANGI
C4: Provinsi | D4: JAWA TIMUR
C9: Kelurahan | D9: BULUSAN
A12: I | B12: DATA PEMILIH DAN PENGGUNAAN HAK PILIH | AC12: JUMLAH AKHIR
A13: A | B13: DATA PEMILIH | E13: TPS 001 | F13: TPS 002 | G13: TPS 003 | H13: TPS 004 | I13: TPS 005 | J13: TPS 006 | K13: TPS 007 | L13: TPS 008 | M13: TPS 009 | N13: TPS 010 | O13: TPS 011 | P13: TPS 012 | Q13: TPS 013 | R13: TPS 014 | S13: TPS 015 | T13: TPS 016 | U13: TPS 017 | V13: TPS 018 | W13: TPS 019 | X13: TPS 020 | Y13: TPS 021 | Z13: TPS 022 | AA13: TPS 023 | AB13: TPS 024
B14: Jumlah Pemilih dalam Daftar Pemilih Tetap (DPT) | D14: LK | E14: 148 | F14: 140 | G14: 133 | H14: 145 | I14: 130 | J14: 136 | K14: 147 | L14: 130 | M14: 139 | N14: 140 | O14: 129 | P14: 109 | Q14: 148 | R14: 138 | S14: 139 | T14: 143 | U14: 140 | V14: 131 | W14: 132 | X14: 144 | Y14: 104 | Z14: 86 | AA14: 146 | AB14: 116 | AC14: =SUM(E14:AB14) -> 3193
D15: PR | E15: 146 | F15: 139 | G15: 139 | H15: 150 | I15: 136 | J15: 144 | K15: 133 | L15: 153 | M15: 145 | N15: 134 | O15: 144 | P15: 118 | Q15: 140 | R15: 146 | S15: 139 | T15: 142 | U15: 137 | V15: 134 | W15: 149 | X15: 148 | Y15: 122 | Z15: 110 | AA15: 142 | AB15: 124 | AC15: =SUM(E15:AB15) -> 3314
D16: JML | E16: =SUM(E14:E15) -> 294 | F16: =SUM(F14:F15) -> 279 | G16: =SUM(G14:G15) -> 272 | H16: =SUM(H14:H15) -> 295 | I16: =SUM(I14:I15) -> 266 | J16: =SUM(J14:J15) -> 280 | K16: =SUM(K14:K15) -> 280 | L16: =SUM(L14:L15) -> 283 | ... AB16: =SUM(AB14:AB15) -> 240 | AC16: =SUM(E16:AB16) -> 6507
A18: B | B18: PENGGUNA HAK PILIH
B19: 1. | C19: Jumlah pengguna hak pilih dalam Daftar Pemilih Tetap (DPT) | D19: LK | E19: 101 | F19: 102 | G19: 101 | H19: 122 | I19: 82 | J19: 102 | K19: 111 | L19: 98 | M19: 95 | N19: 102 | O19: 88 | P19: 68 | Q19: 92 | R19: 92 | S19: 86 | T19: 117 | U19: 122 | V19: 108 | W19: 106 | X19: 104 | Y19: 89 | Z19: 65 | AA19: 92 | AB19: 94 | AC19: =SUM(E19:AB19) -> 2339
D20: PR | E20: 117 | F20: 115 | G20: 119 | H20: 125 | I20: 107 | J20: 119 | K20: 107 | L20: 121 | M20: 119 | N20: 111 | O20: 116 | P20: 100 | Q20: 97 | R20: 109 | S20: 111 | T20: 121 | U20: 121 | V20: 121 | W20: 118 | X20: 116 | Y20: 101 | Z20: 91 | AA20: 110 | AB20: 108 | AC20: =SUM(E20:AB20) -> 2700
D21: JML | E21: =SUM(E19:E20) -> 218 | F21: =SUM(F19:F20) -> 217 | G21: =SUM(G19:G20) -> 220 | H21: =SUM(H19:H20) -> 247 | I21: =SUM(I19:I20) -> 189 | J21: =SUM(J19:J20) -> 221 | K21: =SUM(K19:K20) -> 218 | L21: =SUM(L19:L20) -> 219 | ... AB21: =SUM(AB19:AB20) -> 202 | AC21: =SUM(E21:AB21) -> 5039
B22: 2. | C22: Jumlah pengguna hak pilih dalam Daftar Pemilih Tambahan (DPTb) | D22: LK | E22: 0 | F22: 0 | G22: 1 | H22: 1 | I22: 0 | J22: 0 | K22: 0 | L22: 0 | M22: 1 | N22: 0 | O22: 0 | P22: 0 | Q22: 1 | R22: 1 | S22: 0 | T22: 0 | U22: 0 | V22: 0 | W22: 1 | X22: 0 | Y22: 0 | Z22: 0 | AA22: 0 | AB22: 0 | AC22: =SUM(E22:AB22) -> 6
D23: PR | E23: 1 | F23: 1 | G23: 0 | H23: 0 | I23: 0 | J23: 1 | K23: 1 | L23: 0 | M23: 0 | N23: 0 | O23: 0 | P23: 1 | Q23: 0 | R23: 0 | S23: 1 | T23: 2 | U23: 1 | V23: 1 | W23: 0 | X23: 1 | Y23: 1 | Z23: 1 | AA23: 1 | AB23: 1 | AC23: =SUM(E23:AB23) -> 15
D24: JML | E24: =SUM(E22:E23) -> 1 | F24: =SUM(F22:F23) -> 1 | G24: =SUM(G22:G23) -> 1 | H24: =SUM(H22:H23) -> 1 | I24: =SUM(I22:I23) -> 0 | J24: =SUM(J22:J23) -> 1 | K24: =SUM(K22:K23) -> 1 | L24: =SUM(L22:L23) -> 0 | ... AB24: =SUM(AB22:AB23) -> 1 | AC24: =SUM(E24:AB24) -> 21
B25: 3. | C25: Jumlah pengguna hak pilih dalam Daftar Pemilih Khusus (DPK) | D25: LK | E25: 2 | F25: 1 | G25: 0 | H25: 0 | I25: 0 | J25: 0 | K25: 2 | L25: 4 | M25: 0 | N25: 0 | O25: 0 | P25: 3 | Q25: 1 | R25: 0 | S25: 1 | T25: 0 | U25: 3 | V25: 1 | W25: 0 | X25: 1 | Y25: 0 | Z25: 5 | AA25: 0 | AB25: 3 | AC25: =SUM(E25:AB25) -> 27
D26: PR | E26: 4 | F26: 3 | G26: 0 | H26: 0 | I26: 1 | J26: 1 | K26: 0 | L26: 4 | M26: 0 | N26: 1 | O26: 1 | P26: 4 | Q26: 1 | R26: 0 | S26: 2 | T26: 0 | U26: 1 | V26: 1 | W26: 0 | X26: 3 | Y26: 0 | Z26: 1 | AA26: 0 | AB26: 4 | AC26: =SUM(E26:AB26) -> 32
D27: JML | E27: =SUM(E25:E26) -> 6 | F27: =SUM(F25:F26) -> 4 | G27: =SUM(G25:G26) -> 0 | H27: =SUM(H25:H26) -> 0 | I27: =SUM(I25:I26) -> 1 | J27: =SUM(J25:J26) -> 1 | K27: =SUM(K25:K26) -> 2 | L27: =SUM(L25:L26) -> 8 | ... AB27: =SUM(AB25:AB26) -> 7 | AC27: =SUM(E27:AB27) -> 59
B28: 4. | C28: Jumlah Pengguna Hak Pilih (B.1+B.2+B.3) | D28: LK | E28: =SUM(E19,E22,E25) -> 103 | F28: =SUM(F19,F22,F25) -> 103 | G28: =SUM(G19,G22,G25) -> 102 | H28: =SUM(H19,H22,H25) -> 123 | I28: =SUM(I19,I22,I25) -> 82 | J28: =SUM(J19,J22,J25) -> 102 | K28: =SUM(K19,K22,K25) -> 113 | L28: =SUM(L19,L22,L25) -> 102 | ... AB28: =SUM(AB19,AB22,AB25) -> 97 | AC28: =SUM(E28:AB28) -> 2372
D29: PR | E29: =SUM(E20,E23,E26) -> 122 | F29: =SUM(F20,F23,F26) -> 119 | G29: =SUM(G20,G23,G26) -> 119 | H29: =SUM(H20,H23,H26) -> 125 | I29: =SUM(I20,I23,I26) -> 108 | J29: =SUM(J20,J23,J26) -> 121 | K29: =SUM(K20,K23,K26) -> 108 | L29: =SUM(L20,L23,L26) -> 125 | ... AB29: =SUM(AB20,AB23,AB26) -> 113 | AC29: =SUM(E29:AB29) -> 2747
D30: JML | E30: =SUM(E28:E29) -> 225 | F30: =SUM(F28:F29) -> 222 | G30: =SUM(G28:G29) -> 221 | H30: =SUM(H28:H29) -> 248 | I30: =SUM(I28:I29) -> 190 | J30: =SUM(J28:J29) -> 223 | K30: =SUM(K28:K29) -> 221 | L30: =SUM(L28:L29) -> 227 | ... AB30: =SUM(AB28:AB29) -> 210 | AC30: =SUM(E30:AB30) -> 5119
A32: II | B32: DATA PENGGUNAAN SURAT SUARA
A33: 1 | B33: Jumlah surat suara yang diterima, termasuk surat suara cadangan 2,5% dari DPT | E33: 300 | F33: 286 | G33: 278 | H33: 301 | I33: 272 | J33: 286 | K33: 286 | L33: 289 | M33: 290 | N33: 279 | O33: 280 | P33: 232 | Q33: 294 | R33: 290 | S33: 284 | T33: 291 | U33: 283 | V33: 271 | W33: 287 | X33: 298 | Y33: 231 | Z33: 200 | AA33: 294 | AB33: 245 | AC33: =SUM(E33:AB33) -> 6647
A34: 2 | B34: Jumlah surat suara yang digunakan | E34: 225 | F34: 222 | G34: 221 | H34: 248 | I34: 190 | J34: 223 | K34: 221 | L34: 227 | M34: 215 | N34: 214 | O34: 205 | P34: 176 | Q34: 192 | R34: 202 | S34: 201 | T34: 240 | U34: 248 | V34: 232 | W34: 225 | X34: 225 | Y34: 191 | Z34: 163 | AA34: 203 | AB34: 210 | AC34: =SUM(E34:AB34) -> 5119
A35: 3 | B35: Jumlah surat suara dikembalikan oleh pemilih (karena rusak atau keliru coblos) | G35: 1 | I35: 1 | K35: 1 | T35: 1 | V35: 3 | X35: 13 | AA35: 5 | AC35: =SUM(E35:AB35) -> 25
A36: 4 | B36: Jumlah surat suara yang tidak digunakan/tidak terpakai, termasuk sisa surat suara cadangan | E36: =E33-(E34+E35) -> 75 | F36: =F33-(F34+F35) -> 64 | G36: =G33-(G34+G35) -> 56 | H36: =H33-(H34+H35) -> 53 | I36: =I33-(I34+I35) -> 81 | J36: =J33-(J34+J35) -> 63 | K36: =K33-(K34+K35) -> 64 | L36: =L33-(L34+L35) -> 62 | ... AB36: =AB33-(AB34+AB35) -> 35 | AC36: =SUM(E36:AB36) -> 1503
A38: III | B38: DATA PEMILIH DISABILITAS
B39: Jumlah seluruh Pemilih disabilitas yang menggunakan hak pilih | D39: LK | I39: 1 | K39: 3 | AC39: =SUM(E39:AB39) -> 4
D40: PR | K40: 6 | AC40: =SUM(E40:AB40) -> 6
D41: JML | E41: =SUM(E39:E40) -> 0 | F41: =SUM(F39:F40) -> 0 | G41: =SUM(G39:G40) -> 0 | H41: =SUM(H39:H40) -> 0 | I41: =SUM(I39:I40) -> 1 | J41: =SUM(J39:J40) -> 0 | K41: =SUM(K39:K40) -> 9 | L41: =SUM(L39:L40) -> 0 | ... AB41: =SUM(AB39:AB40) -> 0 | AC41: =SUM(E41:AB41) -> 10
A43: IV | B43: DATA RINCIAN PEROLEHAN SUARA PASANGAN CALON BUPATI DAN WAKIL BUPATI
A44: NOMOR DAN NAMA CALON
A45: A.1 | B45: 1. | C45: Partai Kebangkitan Bangsa | E45: 6 | F45: 16 | G45: 6 | H45: 11 | I45: 4 | J45: 4 | K45: 7 | L45: 25 | M45: 2 | N45: 5 | O45: 4 | P45: 2 | Q45: 0 | R45: 5 | S45: 2 | T45: 6 | U45: 16 | V45: 6 | W45: 6 | X45: 8 | Y45: 7 | Z45: 8 | AA45: 16 | AB45: 3 | AC45: =SUM(E45:AB45) -> 175
A46: A.2 | B46: 1 | C46: HJ. SITI MAKHROCHATIN NI’MAH, S.PD., M.M. | E46: 10 | F46: 30 | G46: 16 | H46: 18 | I46: 34 | J46: 1 | K46: 17 | L46: 14 | M46: 28 | N46: 7 | O46: 7 | P46: 0 | Q46: 5 | R46: 16 | S46: 2 | T46: 9 | U46: 17 | V46: 15 | W46: 11 | X46: 15 | Y46: 3 | Z46: 3 | AA46: 21 | AB46: 6 | AC46: =SUM(E46:AB46) -> 305
B47: 2 | C47: A. TAUFIK | E47: 3 | F47: 7 | G47: 11 | H47: 44 | I47: 4 | J47: 6 | K47: 7 | L47: 31 | M47: 15 | N47: 10 | O47: 7 | P47: 33 | Q47: 57 | R47: 2 | S47: 2 | T47: 3 | U47: 64 | V47: 28 | W47: 3 | X47: 6 | Y47: 28 | Z47: 1 | AA47: 2 | AB47: 2 | AC47: =SUM(E47:AB47) -> 376
B48: 3 | C48: KHOIRUL FAHMI ISKANDAR, S.PD | E48: 0 | F48: 0 | G48: 0 | H48: 0 | I48: 1 | J48: 3 | K48: 2 | L48: 0 | M48: 3 | N48: 0 | O48: 1 | P48: 0 | Q48: 3 | R48: 2 | S48: 0 | T48: 1 | U48: 1 | V48: 0 | W48: 0 | X48: 0 | Y48: 3 | Z48: 0 | AA48: 0 | AB48: 0 | AC48: =SUM(E48:AB48) -> 20
B49: 4 | C49: AKHMAD, S.PD., M.M. | E49: 1 | F49: 0 | G49: 0 | H49: 0 | I49: 1 | J49: 2 | K49: 2 | L49: 0 | M49: 1 | N49: 0 | O49: 0 | P49: 1 | Q49: 1 | R49: 0 | S49: 0 | T49: 0 | U49: 0 | V49: 0 | W49: 0 | X49: 0 | Y49: 0 | Z49: 0 | AA49: 0 | AB49: 0 | AC49: =SUM(E49:AB49) -> 9
B50: 5 | C50: SOFI WULANDARI, S.H. | E50: 0 | F50: 0 | G50: 0 | H50: 0 | I50: 0 | J50: 1 | K50: 0 | L50: 1 | M50: 0 | N50: 0 | O50: 0 | P50: 0 | Q50: 0 | R50: 0 | S50: 0 | T50: 0 | U50: 0 | V50: 0 | W50: 1 | X50: 1 | Y50: 1 | Z50: 0 | AA50: 0 | AB50: 0 | AC50: =SUM(E50:AB50) -> 5
B51: 6 | C51: AL MA’ARIF | E51: 0 | F51: 0 | G51: 0 | H51: 0 | I51: 0 | J51: 0 | K51: 0 | L51: 0 | M51: 1 | N51: 0 | O51: 0 | P51: 1 | Q51: 0 | R51: 0 | S51: 0 | T51: 0 | U51: 0 | V51: 0 | W51: 0 | X51: 0 | Y51: 1 | Z51: 0 | AA51: 0 | AB51: 0 | AC51: =SUM(E51:AB51) -> 3
A52: B | B52: JUMLAH SUARA SAH PARTAI POLITIK DAN CALON (A1 + A2) | E52: =SUM(E45:E51) -> 20 | F52: =SUM(F45:F51) -> 53 | G52: =SUM(G45:G51) -> 33 | H52: =SUM(H45:H51) -> 73 | I52: =SUM(I45:I51) -> 44 | J52: =SUM(J45:J51) -> 17 | K52: =SUM(K45:K51) -> 35 | L52: =SUM(L45:L51) -> 71 | ... AC52: =SUM(AC45:AC51) -> 893
A54: A.1 | B54: 2. | C54: Partai Gerakan Indonesia Raya | E54: 13 | F54: 6 | G54: 4 | H54: 12 | I54: 4 | J54: 5 | K54: 7 | L54: 11 | M54: 1 | N54: 6 | O54: 8 | P54: 7 | Q54: 4 | R54: 12 | S54: 8 | T54: 3 | U54: 5 | V54: 12 | W54: 5 | X54: 3 | Y54: 10 | Z54: 6 | AA54: 7 | AB54: 4 | AC54: =SUM(E54:AB54) -> 163
A55: A.2 | B55: 1 | C55: ASRILA DISKA RIMUNDA | E55: 7 | F55: 1 | G55: 10 | H55: 4 | I55: 1 | J55: 12 | K55: 13 | L55: 10 | M55: 4 | N55: 6 | O55: 7 | P55: 12 | Q55: 4 | R55: 12 | S55: 3 | T55: 0 | U55: 7 | V55: 17 | W55: 10 | X55: 3 | Y55: 10 | Z55: 14 | AA55: 6 | AB55: 13 | AC55: =SUM(E55:AB55) -> 186
B56: 2 | C56: ANIK MUSYAROFAH | E56: 2 | F56: 2 | G56: 0 | H56: 1 | I56: 1 | J56: 3 | K56: 5 | L56: 1 | M56: 3 | N56: 4 | O56: 1 | P56: 1 | Q56: 1 | R56: 3 | S56: 1 | T56: 1 | U56: 2 | V56: 0 | W56: 3 | X56: 0 | Y56: 1 | Z56: 2 | AA56: 2 | AB56: 2 | AC56: =SUM(E56:AB56) -> 42
B57: 3 | C57: JOKO MISBONO | E57: 4 | F57: 0 | G57: 0 | H57: 0 | I57: 1 | J57: 1 | K57: 1 | L57: 1 | M57: 3 | N57: 6 | O57: 2 | P57: 0 | Q57: 1 | R57: 4 | S57: 3 | T57: 0 | U57: 0 | V57: 1 | W57: 2 | X57: 4 | Y57: 0 | Z57: 1 | AA57: 2 | AB57: 0 | AC57: =SUM(E57:AB57) -> 37
B58: 4 | C58: REKTO PUSPITASARI | E58: 0 | F58: 1 | G58: 2 | H58: 0 | I58: 0 | J58: 1 | K58: 0 | L58: 1 | M58: 0 | N58: 0 | O58: 1 | P58: 0 | Q58: 0 | R58: 1 | S58: 1 | T58: 1 | U58: 1 | V58: 0 | W58: 0 | X58: 0 | Y58: 0 | Z58: 0 | AA58: 0 | AB58: 1 | AC58: =SUM(E58:AB58) -> 11
B59: 5 | C59: AHMAD KHOMSI WAHYUDI | E59: 0 | F59: 0 | G59: 0 | H59: 0 | I59: 0 | J59: 1 | K59: 0 | L59: 0 | M59: 0 | N59: 1 | O59: 3 | P59: 0 | Q59: 0 | R59: 1 | S59: 1 | T59: 0 | U59: 0 | V59: 0 | W59: 0 | X59: 0 | Y59: 0 | Z59: 0 | AA59: 0 | AB59: 0 | AC59: =SUM(E59:AB59) -> 7
B60: 6 | C60: ACHI RIZAL FIRDAUS | E60: 1 | F60: 1 | G60: 2 | H60: 0 | I60: 0 | J60: 1 | K60: 1 | L60: 0 | M60: 0 | N60: 1 | O60: 2 | P60: 1 | Q60: 1 | R60: 1 | S60: 1 | T60: 1 | U60: 0 | V60: 0 | W60: 0 | X60: 0 | Y60: 1 | Z60: 0 | AA60: 0 | AB60: 1 | AC60: =SUM(E60:AB60) -> 16
A61: B | B61: JUMLAH SUARA SAH PARTAI POLITIK DAN CALON (A1 + A2) | E61: =SUM(E54:E60) -> 27 | F61: =SUM(F54:F60) -> 11 | G61: =SUM(G54:G60) -> 18 | H61: =SUM(H54:H60) -> 17 | I61: =SUM(I54:I60) -> 7 | J61: =SUM(J54:J60) -> 24 | K61: =SUM(K54:K60) -> 27 | L61: =SUM(L54:L60) -> 24 | ... AC61: =SUM(AC54:AC60) -> 462
A63: A.1 | B63: 3. | C63: Partai Demokrasi Indonesia Perjuangan | E63: 4 | F63: 5 | G63: 6 | H63: 7 | I63: 2 | J63: 7 | K63: 4 | L63: 8 | M63: 12 | N63: 19 | O63: 13 | P63: 12 | Q63: 5 | R63: 19 | S63: 18 | T63: 7 | U63: 2 | V63: 6 | W63: 4 | X63: 4 | Y63: 14 | Z63: 4 | AA63: 8 | AB63: 11 | AC63: =SUM(E63:AB63) -> 201
A64: A.2 | B64: 1 | C64: I MADE CAHYANA NEGARA, S.E. | E64: 16 | F64: 29 | G64: 20 | H64: 10 | I64: 11 | J64: 40 | K64: 27 | L64: 17 | M64: 65 | N64: 34 | O64: 28 | P64: 31 | Q64: 18 | R64: 39 | S64: 76 | T64: 26 | U64: 15 | V64: 58 | W64: 26 | X64: 33 | Y64: 40 | Z64: 20 | AA64: 22 | AB64: 51 | AC64: =SUM(E64:AB64) -> 752
B65: 2 | C65: AGUS WAHYU PANOTO, S.H. | E65: 2 | F65: 0 | G65: 1 | H65: 2 | I65: 5 | J65: 2 | K65: 5 | L65: 6 | M65: 6 | N65: 3 | O65: 11 | P65: 1 | Q65: 18 | R65: 1 | S65: 12 | T65: 3 | U65: 4 | V65: 2 | W65: 1 | X65: 0 | Y65: 2 | Z65: 3 | AA65: 2 | AB65: 3 | AC65: =SUM(E65:AB65) -> 95
B66: 3 | C66: IIS SUMIYATI | E66: 1 | F66: 0 | G66: 0 | H66: 0 | I66: 0 | J66: 0 | K66: 0 | L66: 0 | M66: 0 | N66: 2 | O66: 0 | P66: 1 | Q66: 0 | R66: 3 | S66: 3 | T66: 1 | U66: 0 | V66: 2 | W66: 0 | X66: 2 | Y66: 0 | Z66: 2 | AA66: 0 | AB66: 1 | AC66: =SUM(E66:AB66) -> 18
B67: 4 | C67: ACHMAD MUZAMMIL | E67: 1 | F67: 0 | G67: 0 | H67: 0 | I67: 0 | J67: 4 | K67: 2 | L67: 2 | M67: 2 | N67: 0 | O67: 1 | P67: 0 | Q67: 0 | R67: 0 | S67: 1 | T67: 0 | U67: 1 | V67: 0 | W67: 0 | X67: 1 | Y67: 0 | Z67: 0 | AA67: 1 | AB67: 0 | AC67: =SUM(E67:AB67) -> 16
B68: 5 | C68: WENDRIAWANTO | E68: 0 | F68: 0 | G68: 0 | H68: 0 | I68: 0 | J68: 0 | K68: 0 | L68: 0 | M68: 0 | N68: 0 | O68: 0 | P68: 0 | Q68: 0 | R68: 0 | S68: 0 | T68: 0 | U68: 1 | V68: 0 | W68: 0 | X68: 0 | Y68: 0 | Z68: 0 | AA68: 1 | AB68: 0 | AC68: =SUM(E68:AB68) -> 2
B69: 6 | C69: PUTRI MEGA AYU WIDIARTI | E69: 0 | F69: 1 | G69: 1 | H69: 0 | I69: 0 | J69: 5 | K69: 0 | L69: 0 | M69: 0 | N69: 0 | O69: 1 | P69: 0 | Q69: 0 | R69: 1 | S69: 0 | T69: 0 | U69: 0 | V69: 0 | W69: 0 | X69: 0 | Y69: 0 | Z69: 0 | AA69: 0 | AB69: 0 | AC69: =SUM(E69:AB69) -> 9
A70: B | B70: JUMLAH SUARA SAH PARTAI POLITIK DAN CALON (A1 + A2) | E70: =SUM(E63:E69) -> 24 | F70: =SUM(F63:F69) -> 35 | G70: =SUM(G63:G69) -> 28 | H70: =SUM(H63:H69) -> 19 | I70: =SUM(I63:I69) -> 18 | J70: =SUM(J63:J69) -> 58 | K70: =SUM(K63:K69) -> 38 | L70: =SUM(L63:L69) -> 33 | ... AC70: =SUM(AC63:AC69) -> 1093
A72: A.1 | B72: 4. | C72: Partai Golongan Karya | E72: 0 | F72: 2 | G72: 1 | H72: 3 | I72: 0 | J72: 3 | K72: 1 | L72: 4 | M72: 1 | N72: 2 | O72: 4 | P72: 2 | Q72: 0 | R72: 2 | S72: 0 | T72: 4 | U72: 1 | V72: 6 | W72: 9 | X72: 3 | Y72: 6 | Z72: 7 | AA72: 3 | AB72: 3 | AC72: =SUM(E72:AB72) -> 67
A73: A.2 | B73: 1 | C73: UMI KULSUM, S.H. | E73: 1 | F73: 3 | G73: 4 | H73: 6 | I73: 7 | J73: 3 | K73: 3 | L73: 0 | M73: 0 | N73: 5 | O73: 5 | P73: 1 | Q73: 0 | R73: 2 | S73: 2 | T73: 8 | U73: 1 | V73: 24 | W73: 44 | X73: 2 | Y73: 1 | Z73: 3 | AA73: 5 | AB73: 15 | AC73: =SUM(E73:AB73) -> 145
B74: 2 | C74: SONNY PRAKOSO INDRA, S.E. | E74: 2 | F74: 1 | G74: 5 | H74: 34 | I74: 76 | J74: 13 | K74: 11 | L74: 1 | M74: 3 | N74: 11 | O74: 11 | P74: 5 | Q74: 11 | R74: 12 | S74: 11 | T74: 136 | U74: 69 | V74: 4 | W74: 16 | X74: 4 | Y74: 4 | Z74: 1 | AA74: 5 | AB74: 4 | AC74: =SUM(E74:AB74) -> 450
B75: 3 | C75: ERJUNA SITI FATIMAH | E75: 0 | F75: 0 | G75: 0 | H75: 0 | I75: 0 | J75: 0 | K75: 0 | L75: 0 | M75: 1 | N75: 0 | O75: 0 | P75: 0 | Q75: 0 | R75: 0 | S75: 0 | T75: 0 | U75: 0 | V75: 0 | W75: 2 | X75: 0 | Y75: 0 | Z75: 0 | AA75: 0 | AB75: 0 | AC75: =SUM(E75:AB75) -> 3
B76: 4 | C76: SITI MARIYAM | E76: 0 | F76: 0 | G76: 0 | H76: 0 | I76: 0 | J76: 1 | K76: 4 | L76: 2 | M76: 0 | N76: 0 | O76: 1 | P76: 0 | Q76: 0 | R76: 0 | S76: 0 | T76: 0 | U76: 2 | V76: 0 | W76: 0 | X76: 0 | Y76: 0 | Z76: 1 | AA76: 0 | AB76: 0 | AC76: =SUM(E76:AB76) -> 11
B77: 5 | C77: HERU SUKARNO, S.H. | E77: 0 | F77: 0 | G77: 0 | H77: 0 | I77: 0 | J77: 0 | K77: 0 | L77: 0 | M77: 0 | N77: 0 | O77: 0 | P77: 0 | Q77: 1 | R77: 0 | S77: 0 | T77: 0 | U77: 0 | V77: 0 | W77: 0 | X77: 0 | Y77: 0 | Z77: 0 | AA77: 0 | AB77: 0 | AC77: =SUM(E77:AB77) -> 1
B78: 6 | C78: AHMAD MUZAYYIN | E78: 0 | F78: 0 | G78: 0 | H78: 0 | I78: 0 | J78: 0 | K78: 0 | L78: 0 | M78: 0 | N78: 0 | O78: 0 | P78: 0 | Q78: 0 | R78: 0 | S78: 0 | T78: 0 | U78: 0 | V78: 0 | W78: 0 | X78: 0 | Y78: 0 | Z78: 0 | AA78: 1 | AB78: 0 | AC78: =SUM(E78:AB78) -> 1
A79: B | B79: JUMLAH SUARA SAH PARTAI POLITIK DAN CALON (A1 + A2) | E79: =SUM(E72:E78) -> 3 | F79: =SUM(F72:F78) -> 6 | G79: =SUM(G72:G78) -> 10 | H79: =SUM(H72:H78) -> 43 | I79: =SUM(I72:I78) -> 83 | J79: =SUM(J72:J78) -> 20 | K79: =SUM(K72:K78) -> 19 | L79: =SUM(L72:L78) -> 7 | ... AC79: =SUM(AC72:AC78) -> 678
A81: A.1 | B81: 5. | C81: Partai NasDem | E81: 1 | F81: 0 | G81: 0 | H81: 0 | I81: 0 | J81: 1 | K81: 2 | L81: 0 | M81: 1 | N81: 2 | O81: 4 | P81: 1 | Q81: 2 | R81: 0 | S81: 0 | T81: 0 | U81: 0 | V81: 0 | W81: 1 | X81: 0 | Y81: 1 | Z81: 1 | AA81: 0 | AB81: 0 | AC81: =SUM(E81:AB81) -> 17
A82: A.2 | B82: 1 | C82: DRS. MOH. PADIL | E82: 0 | F82: 0 | G82: 0 | H82: 1 | I82: 1 | J82: 0 | K82: 1 | L82: 0 | M82: 2 | N82: 1 | O82: 2 | P82: 1 | Q82: 0 | R82: 0 | S82: 1 | T82: 0 | U82: 0 | V82: 1 | W82: 1 | X82: 1 | Y82: 0 | Z82: 0 | AA82: 0 | AB82: 2 | AC82: =SUM(E82:AB82) -> 15
B83: 2 | C83: ALEX WIJAYA KUSUMA | E83: 0 | F83: 0 | G83: 0 | H83: 0 | I83: 0 | J83: 0 | K83: 0 | L83: 0 | M83: 0 | N83: 0 | O83: 0 | P83: 0 | Q83: 0 | R83: 0 | S83: 0 | T83: 0 | U83: 0 | V83: 0 | W83: 0 | X83: 0 | Y83: 0 | Z83: 0 | AA83: 1 | AB83: 0 | AC83: =SUM(E83:AB83) -> 1
B84: 3 | C84: DANY FARDA MIHMDIAT | E84: 2 | F84: 0 | G84: 0 | H84: 1 | I84: 0 | J84: 0 | K84: 0 | L84: 0 | M84: 0 | N84: 0 | O84: 0 | P84: 0 | Q84: 0 | R84: 0 | S84: 0 | T84: 0 | U84: 0 | V84: 0 | W84: 0 | X84: 0 | Y84: 0 | Z84: 0 | AA84: 0 | AB84: 0 | AC84: =SUM(E84:AB84) -> 3
B85: 4 | C85: UNTUNG AL AKBAR | E85: 0 | F85: 0 | G85: 2 | H85: 0 | I85: 0 | J85: 0 | K85: 0 | L85: 0 | M85: 0 | N85: 2 | O85: 0 | P85: 1 | Q85: 0 | R85: 0 | S85: 0 | T85: 0 | U85: 0 | V85: 0 | W85: 1 | X85: 2 | Y85: 0 | Z85: 0 | AA85: 0 | AB85: 0 | AC85: =SUM(E85:AB85) -> 8
B86: 5 | C86: SETYO PONCO UTOMO | E86: 2 | F86: 0 | G86: 0 | H86: 0 | I86: 0 | J86: 4 | K86: 3 | L86: 0 | M86: 3 | N86: 29 | O86: 26 | P86: 18 | Q86: 1 | R86: 2 | S86: 0 | T86: 0 | U86: 0 | V86: 3 | W86: 3 | X86: 5 | Y86: 0 | Z86: 0 | AA86: 2 | AB86: 2 | AC86: =SUM(E86:AB86) -> 103
B87: 6 | C87: LIA ALYSTIA NINGRUM, S.PD. | E87: 18 | F87: 1 | G87: 2 | H87: 0 | I87: 4 | J87: 6 | K87: 4 | L87: 12 | M87: 5 | N87: 0 | O87: 2 | P87: 0 | Q87: 0 | R87: 0 | S87: 0 | T87: 0 | U87: 4 | V87: 0 | W87: 0 | X87: 7 | Y87: 0 | Z87: 1 | AA87: 10 | AB87: 0 | AC87: =SUM(E87:AB87) -> 76
A88: B | B88: JUMLAH SUARA SAH PARTAI POLITIK DAN CALON (A1 + A2) | E88: =SUM(E81:E87) -> 23 | F88: =SUM(F81:F87) -> 1 | G88: =SUM(G81:G87) -> 4 | H88: =SUM(H81:H87) -> 2 | I88: =SUM(I81:I87) -> 5 | J88: =SUM(J81:J87) -> 11 | K88: =SUM(K81:K87) -> 10 | L88: =SUM(L81:L87) -> 12 | ... AC88: =SUM(AC81:AC87) -> 223
A90: A.1 | B90: 6. | C90: Partai Buruh | E90: 0 | F90: 0 | G90: 0 | H90: 0 | I90: 1 | J90: 1 | K90: 0 | L90: 0 | M90: 0 | N90: 1 | O90: 0 | P90: 0 | Q90: 0 | R90: 1 | S90: 1 | T90: 0 | U90: 0 | V90: 0 | W90: 1 | X90: 1 | Y90: 0 | Z90: 6 | AA90: 2 | AB90: 0 | AC90: =SUM(E90:AB90) -> 15
A91: B | B91: JUMLAH SUARA SAH PARTAI POLITIK DAN CALON (A1 + A2) | E91: =SUM(E90:E90) -> 0 | F91: =SUM(F90:F90) -> 0 | G91: =SUM(G90:G90) -> 0 | H91: =SUM(H90:H90) -> 0 | I91: =SUM(I90:I90) -> 1 | J91: =SUM(J90:J90) -> 1 | K91: =SUM(K90:K90) -> 0 | L91: =SUM(L90:L90) -> 0 | ... AC91: =SUM(AC90:AC90) -> 15
A93: A.1 | B93: 7. | C93: Partai Gelombang Rakyat Indonesia | E93: 0 | F93: 0 | G93: 1 | H93: 0 | I93: 0 | J93: 0 | K93: 1 | L93: 0 | M93: 0 | N93: 0 | O93: 0 | P93: 0 | Q93: 1 | R93: 0 | S93: 1 | T93: 0 | U93: 2 | V93: 1 | W93: 0 | X93: 1 | Y93: 1 | Z93: 1 | AA93: 0 | AB93: 0 | AC93: =SUM(E93:AB93) -> 10
A94: A.2 | B94: 1 | C94: ELY SODIKIN | E94: 0 | F94: 0 | G94: 0 | H94: 0 | I94: 0 | J94: 0 | K94: 1 | L94: 0 | M94: 0 | N94: 0 | O94: 0 | P94: 0 | Q94: 0 | R94: 0 | S94: 0 | T94: 0 | U94: 0 | V94: 0 | W94: 0 | X94: 0 | Y94: 0 | Z94: 0 | AA94: 0 | AB94: 0 | AC94: =SUM(E94:AB94) -> 1
B95: 2 | C95: BAGUS WAHONO | E95: 0 | F95: 0 | G95: 0 | H95: 0 | I95: 0 | J95: 0 | K95: 1 | L95: 0 | M95: 0 | N95: 0 | O95: 0 | P95: 0 | Q95: 0 | R95: 0 | S95: 0 | T95: 0 | U95: 0 | V95: 0 | W95: 0 | X95: 0 | Y95: 0 | Z95: 0 | AA95: 0 | AB95: 1 | AC95: =SUM(E95:AB95) -> 2
B96: 3 | C96: ARTIS YOGYA KARTIKA | E96: 0 | F96: 0 | G96: 0 | H96: 0 | I96: 0 | J96: 0 | K96: 0 | L96: 0 | M96: 0 | N96: 0 | O96: 0 | P96: 0 | Q96: 0 | R96: 0 | S96: 0 | T96: 0 | U96: 0 | V96: 0 | W96: 0 | X96: 0 | Y96: 0 | Z96: 0 | AA96: 0 | AB96: 0 | AC96: =SUM(E96:AB96) -> 0
B97: 4 | C97: IMAM HAKTONO | E97: 0 | F97: 0 | G97: 0 | H97: 0 | I97: 0 | J97: 0 | K97: 0 | L97: 0 | M97: 0 | N97: 0 | O97: 0 | P97: 0 | Q97: 0 | R97: 0 | S97: 0 | T97: 0 | U97: 0 | V97: 0 | W97: 0 | X97: 0 | Y97: 0 | Z97: 0 | AA97: 0 | AB97: 0 | AC97: =SUM(E97:AB97) -> 0
A98: B | B98: JUMLAH SUARA SAH PARTAI POLITIK DAN CALON (A1 + A2) | E98: =SUM(E93:E97) -> 0 | F98: =SUM(F93:F97) -> 0 | G98: =SUM(G93:G97) -> 1 | H98: =SUM(H93:H97) -> 0 | I98: =SUM(I93:I97) -> 0 | J98: =SUM(J93:J97) -> 0 | K98: =SUM(K93:K97) -> 3 | L98: =SUM(L93:L97) -> 0 | ... AC98: =SUM(AC93:AC97) -> 13
A100: A.1 | B100: 8. | C100: Partai Keadilan Sejahtera | E100: 12 | F100: 11 | G100: 13 | H100: 1 | I100: 0 | J100: 0 | K100: 2 | L100: 4 | M100: 2 | N100: 3 | O100: 1 | P100: 2 | Q100: 3 | R100: 7 | S100: 0 | T100: 0 | U100: 0 | V100: 0 | W100: 0 | X100: 3 | Y100: 2 | Z100: 5 | AA100: 9 | AB100: 1 | AC100: =SUM(E100:AB100) -> 81
A101: A.2 | B101: 1 | C101: FAISOL AZZ, A.MD. | E101: 74 | F101: 73 | G101: 62 | H101: 10 | I101: 0 | J101: 1 | K101: 3 | L101: 18 | M101: 8 | N101: 1 | O101: 9 | P101: 0 | Q101: 6 | R101: 3 | S101: 1 | T101: 9 | U101: 0 | V101: 0 | W101: 2 | X101: 16 | Y101: 11 | Z101: 8 | AA101: 49 | AB101: 6 | AC101: =SUM(E101:AB101) -> 370
B102: 2 | C102: HAYATUL MAKIN | E102: 0 | F102: 3 | G102: 3 | H102: 0 | I102: 0 | J102: 0 | K102: 0 | L102: 0 | M102: 0 | N102: 0 | O102: 0 | P102: 0 | Q102: 0 | R102: 0 | S102: 0 | T102: 2 | U102: 0 | V102: 0 | W102: 0 | X102: 6 | Y102: 0 | Z102: 0 | AA102: 2 | AB102: 0 | AC102: =SUM(E102:AB102) -> 16
B103: 3 | C103: SAKI HANDAYANI | E103: 1 | F103: 1 | G103: 0 | H103: 0 | I103: 0 | J103: 0 | K103: 0 | L103: 0 | M103: 0 | N103: 0 | O103: 2 | P103: 0 | Q103: 0 | R103: 0 | S103: 0 | T103: 0 | U103: 0 | V103: 0 | W103: 0 | X103: 1 | Y103: 0 | Z103: 0 | AA103: 0 | AB103: 0 | AC103: =SUM(E103:AB103) -> 5
B104: 4 | C104: ASMAWIYANTO, A.MA. | E104: 0 | F104: 0 | G104: 0 | H104: 0 | I104: 0 | J104: 0 | K104: 0 | L104: 0 | M104: 1 | N104: 0 | O104: 1 | P104: 0 | Q104: 0 | R104: 0 | S104: 0 | T104: 0 | U104: 0 | V104: 0 | W104: 0 | X104: 0 | Y104: 0 | Z104: 0 | AA104: 0 | AB104: 0 | AC104: =SUM(E104:AB104) -> 2
B105: 5 | C105: SANTI SETYOWATI | E105: 1 | F105: 0 | G105: 0 | H105: 0 | I105: 0 | J105: 0 | K105: 0 | L105: 0 | M105: 0 | N105: 0 | O105: 0 | P105: 0 | Q105: 0 | R105: 0 | S105: 0 | T105: 0 | U105: 0 | V105: 0 | W105: 0 | X105: 0 | Y105: 0 | Z105: 0 | AA105: 0 | AB105: 0 | AC105: =SUM(E105:AB105) -> 1
B106: 6 | C106: SUPARNO, S.T. | E106: 0 | F106: 0 | G106: 0 | H106: 0 | I106: 0 | J106: 0 | K106: 0 | L106: 1 | M106: 0 | N106: 0 | O106: 0 | P106: 0 | Q106: 0 | R106: 0 | S106: 0 | T106: 0 | U106: 0 | V106: 0 | W106: 1 | X106: 0 | Y106: 0 | Z106: 0 | AA106: 0 | AB106: 0 | AC106: =SUM(E106:AB106) -> 2
A107: B | B107: JUMLAH SUARA SAH PARTAI POLITIK DAN CALON (A1 + A2) | E107: =SUM(E100:E106) -> 88 | F107: =SUM(F100:F106) -> 88 | G107: =SUM(G100:G106) -> 78 | H107: =SUM(H100:H106) -> 11 | I107: =SUM(I100:I106) -> 0 | J107: =SUM(J100:J106) -> 1 | K107: =SUM(K100:K106) -> 5 | L107: =SUM(L100:L106) -> 23 | ... AC107: =SUM(AC100:AC106) -> 477
A109: A.1 | B109: 9. | C109: Partai Kebangkitan Nusantara | W109: 1 | AC109: =SUM(E109:AB109) -> 1
A110: A.2 | B110: 1 | C110: YAKUP YULIANTO | AC110: =SUM(E110:AB110) -> 0
B111: 2 | C111: TRIA UTAMA | AC111: =SUM(E111:AB111) -> 0
B112: 3 | C112: ANIS KHAFIFAH MZ | AC112: =SUM(E112:AB112) -> 0
A113: B | B113: JUMLAH SUARA SAH PARTAI POLITIK DAN CALON (A1 + A2) | E113: =SUM(E109:E112) -> 0 | F113: =SUM(F109:F112) -> 0 | G113: =SUM(G109:G112) -> 0 | H113: =SUM(H109:H112) -> 0 | I113: =SUM(I109:I112) -> 0 | J113: =SUM(J109:J112) -> 0 | K113: =SUM(K109:K112) -> 0 | L113: =SUM(L109:L112) -> 0 | ... AC113: =SUM(AC109:AC112) -> 1
A115: A.1 | B115: 10. | C115: Partai Hati Nurani Rakyat | E115: 1 | F115: 0 | G115: 1 | H115: 3 | I115: 0 | J115: 2 | K115: 2 | L115: 1 | M115: 0 | N115: 1 | O115: 0 | P115: 1 | Q115: 0 | R115: 1 | S115: 3 | T115: 1 | U115: 0 | V115: 1 | W115: 2 | X115: 4 | Y115: 0 | Z115: 4 | AA115: 1 | AB115: 2 | AC115: =SUM(E115:AB115) -> 31
A116: A.2 | B116: 1 | C116: H. HARIONO | E116: 1 | F116: 7 | G116: 18 | H116: 5 | I116: 3 | J116: 3 | K116: 2 | L116: 0 | M116: 0 | N116: 1 | O116: 1 | P116: 4 | Q116: 0 | R116: 2 | S116: 5 | T116: 3 | U116: 0 | V116: 7 | W116: 14 | X116: 7 | Y116: 1 | Z116: 5 | AA116: 0 | AB116: 0 | AC116: =SUM(E116:AB116) -> 89
B117: 2 | C117: GOPUR BACHITAR, S.T. | E117: 1 | F117: 1 | G117: 8 | H117: 29 | I117: 3 | J117: 54 | K117: 59 | L117: 22 | M117: 11 | N117: 3 | O117: 12 | P117: 13 | Q117: 29 | R117: 15 | S117: 14 | T117: 1 | U117: 2 | V117: 3 | W117: 33 | X117: 60 | Y117: 13 | Z117: 35 | AA117: 1 | AB117: 45 | AC117: =SUM(E117:AB117) -> 467
B118: 3 | C118: BONIMAH | E118: 0 | F118: 0 | G118: 1 | H118: 0 | I118: 0 | J118: 0 | K118: 0 | L118: 0 | M118: 0 | N118: 0 | O118: 0 | P118: 0 | Q118: 0 | R118: 0 | S118: 0 | T118: 0 | U118: 0 | V118: 0 | W118: 1 | X118: 0 | Y118: 0 | Z118: 0 | AA118: 0 | AB118: 0 | AC118: =SUM(E118:AB118) -> 2
B119: 4 | C119: AGUS PRAYOGI | E119: 0 | F119: 0 | G119: 0 | H119: 0 | I119: 0 | J119: 0 | K119: 1 | L119: 0 | M119: 0 | N119: 0 | O119: 0 | P119: 0 | Q119: 0 | R119: 2 | S119: 1 | T119: 0 | U119: 0 | V119: 0 | W119: 0 | X119: 0 | Y119: 0 | Z119: 0 | AA119: 0 | AB119: 1 | AC119: =SUM(E119:AB119) -> 5
B120: 5 | C120: DWI FITRIA PRATIWI | E120: 0 | F120: 0 | G120: 0 | H120: 0 | I120: 0 | J120: 0 | K120: 0 | L120: 0 | M120: 0 | N120: 1 | O120: 0 | P120: 0 | Q120: 0 | R120: 0 | S120: 0 | T120: 0 | U120: 0 | V120: 0 | W120: 0 | X120: 0 | Y120: 0 | Z120: 0 | AA120: 0 | AB120: 0 | AC120: =SUM(E120:AB120) -> 1
...

Sheet BULUSARI
C2: Kecamatan | D2: KALIPURO
C3: Kabupaten | D3: BANYUWANGI
C4: Provinsi | D4: JAWA TIMUR
C9: Kelurahan | D9: BULUSARI
A12: I | B12: DATA PEMILIH DAN PENGGUNAAN HAK PILIH | R12: JUMLAH AKHIR
A13: A | B13: DATA PEMILIH | E13: TPS 001 | F13: TPS 002 | G13: TPS 003 | H13: TPS 004 | I13: TPS 005 | J13: TPS 006 | K13: TPS 007 | L13: TPS 008 | M13: TPS 009 | N13: TPS 010 | O13: TPS 011 | P13: TPS 012 | Q13: TPS 013
B14: Jumlah Pemilih dalam Daftar Pemilih Tetap (DPT) | D14: LK | E14: 135 | F14: 127 | G14: 141 | H14: 142 | I14: 122 | J14: 103 | K14: 120 | L14: 109 | M14: 129 | N14: 137 | O14: 111 | P14: 114 | Q14: 141 | R14: =SUM(E14:Q14) -> 1631
D15: PR | E15: 135 | F15: 125 | G15: 117 | H15: 141 | I15: 117 | J15: 108 | K15: 118 | L15: 128 | M15: 136 | N15: 122 | O15: 110 | P15: 112 | Q15: 128 | R15: =SUM(E15:Q15) -> 1597
D16: JML | E16: =SUM(E14:E15) -> 270 | F16: =SUM(F14:F15) -> 252 | G16: =SUM(G14:G15) -> 258 | H16: =SUM(H14:H15) -> 283 | I16: =SUM(I14:I15) -> 239 | J16: =SUM(J14:J15) -> 211 | K16: =SUM(K14:K15) -> 238 | L16: =SUM(L14:L15) -> 237 | ... Q16: =SUM(Q14:Q15) -> 269 | R16: =SUM(E16:Q16) -> 3228
A18: B | B18: PENGGUNA HAK PILIH
B19: 1. | C19: Jumlah pengguna hak pilih dalam Daftar Pemilih Tetap (DPT) | D19: LK | E19: 114 | F19: 89 | G19: 119 | H19: 120 | I19: 109 | J19: 98 | K19: 93 | L19: 99 | M19: 101 | N19: 115 | O19: 93 | P19: 93 | Q19: 101 | R19: =SUM(E19:Q19) -> 1344
D20: PR | E20: 120 | F20: 120 | G20: 97 | H20: 127 | I20: 112 | J20: 95 | K20: 102 | L20: 117 | M20: 116 | N20: 109 | O20: 100 | P20: 100 | Q20: 113 | R20: =SUM(E20:Q20) -> 1428
D21: JML | E21: =SUM(E19:E20) -> 234 | F21: =SUM(F19:F20) -> 209 | G21: =SUM(G19:G20) -> 216 | H21: =SUM(H19:H20) -> 247 | I21: =SUM(I19:I20) -> 221 | J21: =SUM(J19:J20) -> 193 | K21: =SUM(K19:K20) -> 195 | L21: =SUM(L19:L20) -> 216 | ... Q21: =SUM(Q19:Q20) -> 214 | R21: =SUM(E21:Q21) -> 2772
B22: 2. | C22: Jumlah pengguna hak pilih dalam Daftar Pemilih Tambahan (DPTb) | D22: LK | E22: 3 | F22: 0 | G22: 0 | H22: 2 | I22: 0 | J22: 0 | K22: 0 | L22: 0 | M22: 0 | N22: 0 | O22: 1 | P22: 0 | Q22: 1 | R22: =SUM(E22:Q22) -> 7
D23: PR | E23: 0 | F23: 3 | G23: 0 | H23: 0 | I23: 1 | J23: 1 | K23: 0 | L23: 1 | M23: 0 | N23: 0 | O23: 0 | P23: 0 | Q23: 0 | R23: =SUM(E23:Q23) -> 6
D24: JML | E24: =SUM(E22:E23) -> 3 | F24: =SUM(F22:F23) -> 3 | G24: =SUM(G22:G23) -> 0 | H24: =SUM(H22:H23) -> 2 | I24: =SUM(I22:I23) -> 1 | J24: =SUM(J22:J23) -> 1 | K24: =SUM(K22:K23) -> 0 | L24: =SUM(L22:L23) -> 1 | ... Q24: =SUM(Q22:Q23) -> 1 | R24: =SUM(E24:Q24) -> 13
B25: 3. | C25: Jumlah pengguna hak pilih dalam Daftar Pemilih Khusus (DPK) | D25: LK | E25: 0 | F25: 1 | G25: 0 | H25: 0 | I25: 1 | J25: 3 | K25: 1 | L25: 0 | M25: 0 | N25: 5 | O25: 2 | P25: 0 | Q25: 2 | R25: =SUM(E25:Q25) -> 15
D26: PR | E26: 0 | F26: 2 | G26: 0 | H26: 0 | I26: 3 | J26: 4 | K26: 2 | L26: 0 | M26: 0 | N26: 5 | O26: 0 | P26: 1 | Q26: 1 | R26: =SUM(E26:Q26) -> 18
D27: JML | E27: =SUM(E25:E26) -> 0 | F27: =SUM(F25:F26) -> 3 | G27: =SUM(G25:G26) -> 0 | H27: =SUM(H25:H26) -> 0 | I27: =SUM(I25:I26) -> 4 | J27: =SUM(J25:J26) -> 7 | K27: =SUM(K25:K26) -> 3 | L27: =SUM(L25:L26) -> 0 | ... Q27: =SUM(Q25:Q26) -> 3 | R27: =SUM(E27:Q27) -> 33
B28: 4. | C28: Jumlah Pengguna Hak Pilih (B.1+B.2+B.3) | D28: LK | E28: =SUM(E19,E22,E25) -> 117 | F28: =SUM(F19,F22,F25) -> 90 | G28: =SUM(G19,G22,G25) -> 119 | H28: =SUM(H19,H22,H25) -> 122 | I28: =SUM(I19,I22,I25) -> 110 | J28: =SUM(J19,J22,J25) -> 101 | K28: =SUM(K19,K22,K25) -> 94 | L28: =SUM(L19,L22,L25) -> 99 | ... Q28: =SUM(Q19,Q22,Q25) -> 104 | R28: =SUM(E28:Q28) -> 1366
D29: PR | E29: =SUM(E20,E23,E26) -> 120 | F29: =SUM(F20,F23,F26) -> 125 | G29: =SUM(G20,G23,G26) -> 97 | H29: =SUM(H20,H23,H26) -> 127 | I29: =SUM(I20,I23,I26) -> 116 | J29: =SUM(J20,J23,J26) -> 100 | K29: =SUM(K20,K23,K26) -> 104 | L29: =SUM(L20,L23,L26) -> 118 | ... Q29: =SUM(Q20,Q23,Q26) -> 114 | R29: =SUM(E29:Q29) -> 1452
D30: JML | E30: =SUM(E28:E29) -> 237 | F30: =SUM(F28:F29) -> 215 | G30: =SUM(G28:G29) -> 216 | H30: =SUM(H28:H29) -> 249 | I30: =SUM(I28:I29) -> 226 | J30: =SUM(J28:J29) -> 201 | K30: =SUM(K28:K29) -> 198 | L30: =SUM(L28:L29) -> 217 | ... Q30: =SUM(Q28:Q29) -> 218 | R30: =SUM(E30:Q30) -> 2818
A32: II | B32: DATA PENGGUNAAN SURAT SUARA
A33: 1 | B33: Jumlah surat suara yang diterima, termasuk surat suara cadangan 2,5% dari DPT | E33: 271 | F33: 259 | G33: 264 | H33: 289 | I33: 244 | J33: 216 | K33: 243 | L33: 243 | M33: 271 | N33: 261 | O33: 226 | P33: 231 | Q33: 275 | R33: =SUM(E33:Q33) -> 3293
A34: 2 | B34: Jumlah surat suara yang digunakan | E34: 237 | F34: 215 | G34: 216 | H34: 249 | I34: 226 | J34: 201 | K34: 198 | L34: 217 | M34: 217 | N34: 234 | O34: 196 | P34: 194 | Q34: 218 | R34: =SUM(E34:Q34) -> 2818
A35: 3 | B35: Jumlah surat suara dikembalikan oleh pemilih (karena rusak atau keliru coblos) | E35: 0 | F35: 1 | G35: 0 | H35: 0 | I35: 0 | J35: 0 | K35: 0 | L35: 0 | M35: 1 | N35: 0 | O35: 0 | P35: 0 | Q35: 0 | R35: =SUM(E35:Q35) -> 2
A36: 4 | B36: Jumlah surat suara yang tidak digunakan/tidak terpakai, termasuk sisa surat suara cadangan | E36: =E33-(E34+E35) -> 34 | F36: =F33-(F34+F35) -> 43 | G36: =G33-(G34+G35) -> 48 | H36: =H33-(H34+H35) -> 40 | I36: =I33-(I34+I35) -> 18 | J36: =J33-(J34+J35) -> 15 | K36: =K33-(K34+K35) -> 45 | L36: =L33-(L34+L35) -> 26 | ... Q36: =Q33-(Q34+Q35) -> 57 | R36: =SUM(E36:Q36) -> 473
A38: III | B38: DATA PEMILIH DISABILITAS
B39: Jumlah seluruh Pemilih disabilitas yang menggunakan hak pilih | D39: LK | F39: 1 | R39: =SUM(E39:Q39) -> 1
D40: PR | R40: =SUM(E40:Q40) -> 0
D41: JML | E41: =SUM(E39:E40) -> 0 | F41: =SUM(F39:F40) -> 1 | G41: =SUM(G39:G40) -> 0 | H41: =SUM(H39:H40) -> 0 | I41: =SUM(I39:I40) -> 0 | J41: =SUM(J39:J40) -> 0 | K41: =SUM(K39:K40) -> 0 | L41: =SUM(L39:L40) -> 0 | ... Q41: =SUM(Q39:Q40) -> 0 | R41: =SUM(E41:Q41) -> 1
A43: IV | B43: DATA RINCIAN PEROLEHAN SUARA PASANGAN CALON BUPATI DAN WAKIL BUPATI
A44: NOMOR DAN NAMA CALON
A45: A.1 | B45: 1. | C45: Partai Kebangkitan Bangsa | E45: 6 | F45: 10 | G45: 5 | H45: 10 | I45: 7 | J45: 3 | K45: 4 | L45: 5 | M45: 12 | N45: 5 | O45: 6 | P45: 3 | Q45: 3 | R45: =SUM(E45:Q45) -> 79
A46: A.2 | B46: 1 | C46: HJ. SITI MAKHROCHATIN NI’MAH, S.PD., M.M. | E46: 11 | F46: 10 | G46: 5 | H46: 15 | I46: 12 | J46: 20 | K46: 18 | L46: 52 | M46: 60 | N46: 8 | O46: 32 | P46: 13 | Q46: 14 | R46: =SUM(E46:Q46) -> 270
B47: 2 | C47: A. TAUFIK | E47: 7 | F47: 2 | G47: 1 | H47: 0 | I47: 1 | J47: 9 | K47: 3 | L47: 0 | M47: 2 | N47: 0 | O47: 1 | P47: 0 | Q47: 1 | R47: =SUM(E47:Q47) -> 27
B48: 3 | C48: KHOIRUL FAHMI ISKANDAR, S.PD | E48: 1 | F48: 1 | G48: 0 | H48: 0 | I48: 0 | J48: 0 | K48: 0 | L48: 0 | M48: 0 | N48: 0 | O48: 0 | P48: 0 | Q48: 0 | R48: =SUM(E48:Q48) -> 2
B49: 4 | C49: AKHMAD, S.PD., M.M. | E49: 0 | F49: 0 | G49: 0 | H49: 0 | I49: 0 | J49: 0 | K49: 0 | L49: 0 | M49: 0 | N49: 0 | O49: 0 | P49: 0 | Q49: 0 | R49: =SUM(E49:Q49) -> 0
B50: 5 | C50: SOFI WULANDARI, S.H. | E50: 0 | F50: 0 | G50: 0 | H50: 0 | I50: 0 | J50: 0 | K50: 0 | L50: 1 | M50: 1 | N50: 0 | O50: 0 | P50: 0 | Q50: 0 | R50: =SUM(E50:Q50) -> 2
B51: 6 | C51: AL MA’ARIF | E51: 0 | F51: 0 | G51: 0 | H51: 0 | I51: 0 | J51: 0 | K51: 0 | L51: 0 | M51: 1 | N51: 0 | O51: 0 | P51: 0 | Q51: 0 | R51: =SUM(E51:Q51) -> 1
A52: B | B52: JUMLAH SUARA SAH PARTAI POLITIK DAN CALON (A1 + A2) | E52: =SUM(E45:E51) -> 25 | F52: =SUM(F45:F51) -> 23 | G52: =SUM(G45:G51) -> 11 | H52: =SUM(H45:H51) -> 25 | I52: =SUM(I45:I51) -> 20 | J52: =SUM(J45:J51) -> 32 | K52: =SUM(K45:K51) -> 25 | L52: =SUM(L45:L51) -> 58 | ... R52: =SUM(R45:R51) -> 381
A54: A.1 | B54: 2. | C54: Partai Gerakan Indonesia Raya | E54: 4 | F54: 5 | G54: 6 | H54: 2 | I54: 5 | J54: 10 | K54: 1 | L54: 5 | M54: 4 | N54: 5 | O54: 5 | P54: 5 | Q54: 5 | R54: =SUM(E54:Q54) -> 62
A55: A.2 | B55: 1 | C55: ASRILA DISKA RIMUNDA | E55: 12 | F55: 10 | G55: 4 | H55: 5 | I55: 3 | J55: 7 | K55: 18 | L55: 4 | M55: 8 | N55: 4 | O55: 2 | P55: 5 | Q55: 2 | R55: =SUM(E55:Q55) -> 84
B56: 2 | C56: ANIK MUSYAROFAH | E56: 0 | F56: 0 | G56: 0 | H56: 0 | I56: 0 | J56: 1 | K56: 1 | L56: 4 | M56: 2 | N56: 2 | O56: 1 | P56: 2 | Q56: 1 | R56: =SUM(E56:Q56) -> 14
B57: 3 | C57: JOKO MISBONO | E57: 0 | F57: 1 | G57: 0 | H57: 1 | I57: 0 | J57: 1 | K57: 1 | L57: 0 | M57: 0 | N57: 0 | O57: 0 | P57: 0 | Q57: 0 | R57: =SUM(E57:Q57) -> 4
B58: 4 | C58: REKTO PUSPITASARI | E58: 0 | F58: 0 | G58: 0 | H58: 1 | I58: 0 | J58: 0 | K58: 0 | L58: 0 | M58: 0 | N58: 0 | O58: 1 | P58: 1 | Q58: 0 | R58: =SUM(E58:Q58) -> 3
B59: 5 | C59: AHMAD KHOMSI WAHYUDI | E59: 0 | F59: 0 | G59: 0 | H59: 0 | I59: 0 | J59: 0 | K59: 1 | L59: 1 | M59: 0 | N59: 0 | O59: 0 | P59: 0 | Q59: 0 | R59: =SUM(E59:Q59) -> 2
B60: 6 | C60: ACHI RIZAL FIRDAUS | E60: 0 | F60: 2 | G60: 1 | H60: 0 | I60: 1 | J60: 0 | K60: 0 | L60: 2 | M60: 4 | N60: 3 | O60: 0 | P60: 0 | Q60: 0 | R60: =SUM(E60:Q60) -> 13
A61: B | B61: JUMLAH SUARA SAH PARTAI POLITIK DAN CALON (A1 + A2) | E61: =SUM(E54:E60) -> 16 | F61: =SUM(F54:F60) -> 18 | G61: =SUM(G54:G60) -> 11 | H61: =SUM(H54:H60) -> 9 | I61: =SUM(I54:I60) -> 9 | J61: =SUM(J54:J60) -> 19 | K61: =SUM(K54:K60) -> 22 | L61: =SUM(L54:L60) -> 16 | ... R61: =SUM(R54:R60) -> 182
A63: A.1 | B63: 3. | C63: Partai Demokrasi Indonesia Perjuangan | E63: 6 | F63: 3 | G63: 10 | H63: 4 | I63: 5 | J63: 2 | K63: 1 | L63: 8 | M63: 2 | N63: 2 | O63: 2 | P63: 0 | Q63: 4 | R63: =SUM(E63:Q63) -> 49
A64: A.2 | B64: 1 | C64: I MADE CAHYANA NEGARA, S.E. | E64: 8 | F64: 18 | G64: 18 | H64: 16 | I64: 10 | J64: 6 | K64: 7 | L64: 37 | M64: 5 | N64: 13 | O64: 3 | P64: 5 | Q64: 9 | R64: =SUM(E64:Q64) -> 155
B65: 2 | C65: AGUS WAHYU PANOTO, S.H. | E65: 1 | F65: 4 | G65: 8 | H65: 0 | I65: 0 | J65: 2 | K65: 2 | L65: 1 | M65: 3 | N65: 1 | O65: 2 | P65: 6 | Q65: 0 | R65: =SUM(E65:Q65) -> 30
B66: 3 | C66: IIS SUMIYATI | E66: 0 | F66: 1 | G66: 1 | H66: 0 | I66: 0 | J66: 0 | K66: 0 | L66: 0 | M66: 1 | N66: 0 | O66: 1 | P66: 0 | Q66: 0 | R66: =SUM(E66:Q66) -> 4
B67: 4 | C67: ACHMAD MUZAMMIL | E67: 0 | F67: 0 | G67: 0 | H67: 0 | I67: 0 | J67: 0 | K67: 1 | L67: 0 | M67: 0 | N67: 0 | O67: 0 | P67: 0 | Q67: 0 | R67: =SUM(E67:Q67) -> 1
B68: 5 | C68: WENDRIAWANTO | E68: 0 | F68: 0 | G68: 0 | H68: 0 | I68: 5 | J68: 0 | K68: 1 | L68: 0 | M68: 3 | N68: 0 | O68: 2 | P68: 0 | Q68: 1 | R68: =SUM(E68:Q68) -> 12
B69: 6 | C69: PUTRI MEGA AYU WIDIARTI | E69: 0 | F69: 0 | G69: 0 | H69: 0 | I69: 0 | J69: 0 | K69: 0 | L69: 0 | M69: 0 | N69: 0 | O69: 0 | P69: 0 | Q69: 0 | R69: =SUM(E69:Q69) -> 0
A70: B | B70: JUMLAH SUARA SAH PARTAI POLITIK DAN CALON (A1 + A2) | E70: =SUM(E63:E69) -> 15 | F70: =SUM(F63:F69) -> 26 | G70: =SUM(G63:G69) -> 37 | H70: =SUM(H63:H69) -> 20 | I70: =SUM(I63:I69) -> 20 | J70: =SUM(J63:J69) -> 10 | K70: =SUM(K63:K69) -> 12 | L70: =SUM(L63:L69) -> 46 | ... R70: =SUM(R63:R69) -> 251
A72: A.1 | B72: 4. | C72: Partai Golongan Karya | E72: 28 | F72: 10 | G72: 17 | H72: 18 | I72: 16 | J72: 6 | K72: 6 | L72: 4 | M72: 13 | N72: 8 | O72: 11 | P72: 8 | Q72: 3 | R72: =SUM(E72:Q72) -> 148
A73: A.2 | B73: 1 | C73: UMI KULSUM, S.H. | E73: 119 | F73: 109 | G73: 107 | H73: 140 | I73: 120 | J73: 55 | K73: 59 | L73: 46 | M73: 32 | N73: 79 | O73: 80 | P73: 76 | Q73: 72 | R73: =SUM(E73:Q73) -> 1094
B74: 2 | C74: SONNY PRAKOSO INDRA, S.E. | E74: 9 | F74: 8 | G74: 6 | H74: 8 | I74: 13 | J74: 13 | K74: 30 | L74: 14 | M74: 37 | N74: 41 | O74: 5 | P74: 22 | Q74: 52 | R74: =SUM(E74:Q74) -> 258
B75: 3 | C75: ERJUNA SITI FATIMAH | E75: 0 | F75: 0 | G75: 0 | H75: 0 | I75: 0 | J75: 0 | K75: 0 | L75: 0 | M75: 0 | N75: 1 | O75: 0 | P75: 0 | Q75: 0 | R75: =SUM(E75:Q75) -> 1
B76: 4 | C76: SITI MARIYAM | E76: 0 | F76: 0 | G76: 0 | H76: 0 | I76: 0 | J76: 0 | K76: 0 | L76: 1 | M76: 0 | N76: 0 | O76: 0 | P76: 0 | Q76: 1 | R76: =SUM(E76:Q76) -> 2
B77: 5 | C77: HERU SUKARNO, S.H. | E77: 0 | F77: 0 | G77: 0 | H77: 0 | I77: 0 | J77: 0 | K77: 0 | L77: 0 | M77: 0 | N77: 0 | O77: 0 | P77: 0 | Q77: 0 | R77: =SUM(E77:Q77) -> 0
B78: 6 | C78: AHMAD MUZAYYIN | E78: 0 | F78: 0 | G78: 0 | H78: 0 | I78: 0 | J78: 0 | K78: 0 | L78: 0 | M78: 0 | N78: 0 | O78: 0 | P78: 0 | Q78: 0 | R78: =SUM(E78:Q78) -> 0
A79: B | B79: JUMLAH SUARA SAH PARTAI POLITIK DAN CALON (A1 + A2) | E79: =SUM(E72:E78) -> 156 | F79: =SUM(F72:F78) -> 127 | G79: =SUM(G72:G78) -> 130 | H79: =SUM(H72:H78) -> 166 | I79: =SUM(I72:I78) -> 149 | J79: =SUM(J72:J78) -> 74 | K79: =SUM(K72:K78) -> 95 | L79: =SUM(L72:L78) -> 65 | ... R79: =SUM(R72:R78) -> 1503
A81: A.1 | B81: 5. | C81: Partai NasDem | E81: 1 | F81: 0 | G81: 0 | H81: 1 | I81: 1 | J81: 3 | K81: 2 | L81: 0 | M81: 3 | N81: 3 | O81: 2 | P81: 0 | Q81: 4 | R81: =SUM(E81:Q81) -> 20
A82: A.2 | B82: 1 | C82: DRS. MOH. PADIL | E82: 0 | F82: 0 | G82: 1 | H82: 3 | I82: 3 | J82: 13 | K82: 34 | L82: 7 | M82: 2 | N82: 3 | O82: 27 | P82: 3 | Q82: 1 | R82: =SUM(E82:Q82) -> 97
B83: 2 | C83: ALEX WIJAYA KUSUMA | E83: 0 | F83: 0 | G83: 0 | H83: 0 | I83: 0 | J83: 0 | K83: 0 | L83: 0 | M83: 1 | N83: 0 | O83: 0 | P83: 0 | Q83: 0 | R83: =SUM(E83:Q83) -> 1
B84: 3 | C84: DANY FARDA MIHMDIAT | E84: 0 | F84: 0 | G84: 0 | H84: 2 | I84: 0 | J84: 1 | K84: 0 | L84: 0 | M84: 1 | N84: 0 | O84: 0 | P84: 0 | Q84: 0 | R84: =SUM(E84:Q84) -> 4
B85: 4 | C85: UNTUNG AL AKBAR | E85: 0 | F85: 0 | G85: 0 | H85: 0 | I85: 1 | J85: 0 | K85: 0 | L85: 0 | M85: 0 | N85: 0 | O85: 0 | P85: 0 | Q85: 0 | R85: =SUM(E85:Q85) -> 1
B86: 5 | C86: SETYO PONCO UTOMO | E86: 0 | F86: 0 | G86: 0 | H86: 0 | I86: 1 | J86: 0 | K86: 0 | L86: 0 | M86: 0 | N86: 0 | O86: 0 | P86: 0 | Q86: 1 | R86: =SUM(E86:Q86) -> 2
B87: 6 | C87: LIA ALYSTIA NINGRUM, S.PD. | E87: 2 | F87: 0 | G87: 0 | H87: 2 | I87: 4 | J87: 2 | K87: 0 | L87: 1 | M87: 10 | N87: 41 | O87: 3 | P87: 16 | Q87: 21 | R87: =SUM(E87:Q87) -> 102
A88: B | B88: JUMLAH SUARA SAH PARTAI POLITIK DAN CALON (A1 + A2) | E88: =SUM(E81:E87) -> 3 | F88: =SUM(F81:F87) -> 0 | G88: =SUM(G81:G87) -> 1 | H88: =SUM(H81:H87) -> 8 | I88: =SUM(I81:I87) -> 10 | J88: =SUM(J81:J87) -> 19 | K88: =SUM(K81:K87) -> 36 | L88: =SUM(L81:L87) -> 8 | ... R88: =SUM(R81:R87) -> 227
A90: A.1 | B90: 6. | C90: Partai Buruh | E90: 0 | F90: 0 | G90: 0 | H90: 0 | I90: 0 | J90: 1 | K90: 0 | L90: 0 | M90: 1 | N90: 1 | O90: 0 | P90: 1 | Q90: 6 | R90: =SUM(E90:Q90) -> 10
A91: B | B91: JUMLAH SUARA SAH PARTAI POLITIK DAN CALON (A1 + A2) | E91: =SUM(E90:E90) -> 0 | F91: =SUM(F90:F90) -> 0 | G91: =SUM(G90:G90) -> 0 | H91: =SUM(H90:H90) -> 0 | I91: =SUM(I90:I90) -> 0 | J91: =SUM(J90:J90) -> 1 | K91: =SUM(K90:K90) -> 0 | L91: =SUM(L90:L90) -> 0 | ... R91: =SUM(R90:R90) -> 10
A93: A.1 | B93: 7. | C93: Partai Gelombang Rakyat Indonesia | E93: 0 | F93: 0 | G93: 0 | H93: 0 | I93: 0 | J93: 0 | K93: 0 | L93: 1 | M93: 0 | N93: 0 | O93: 0 | P93: 0 | Q93: 1 | R93: =SUM(E93:Q93) -> 2
A94: A.2 | B94: 1 | C94: ELY SODIKIN | E94: 0 | F94: 0 | G94: 0 | H94: 0 | I94: 0 | J94: 1 | K94: 0 | L94: 0 | M94: 0 | N94: 0 | O94: 0 | P94: 0 | Q94: 0 | R94: =SUM(E94:Q94) -> 1
B95: 2 | C95: BAGUS WAHONO | E95: 0 | F95: 0 | G95: 0 | H95: 0 | I95: 0 | J95: 0 | K95: 0 | L95: 0 | M95: 0 | N95: 0 | O95: 0 | P95: 0 | Q95: 0 | R95: =SUM(E95:Q95) -> 0
B96: 3 | C96: ARTIS YOGYA KARTIKA | E96: 0 | F96: 0 | G96: 0 | H96: 0 | I96: 0 | J96: 0 | K96: 0 | L96: 0 | M96: 0 | N96: 0 | O96: 0 | P96: 0 | Q96: 0 | R96: =SUM(E96:Q96) -> 0
B97: 4 | C97: IMAM HAKTONO | E97: 0 | F97: 0 | G97: 0 | H97: 0 | I97: 0 | J97: 0 | K97: 0 | L97: 0 | M97: 0 | N97: 0 | O97: 0 | P97: 0 | Q97: 0 | R97: =SUM(E97:Q97) -> 0
A98: B | B98: JUMLAH SUARA SAH PARTAI POLITIK DAN CALON (A1 + A2) | E98: =SUM(E93:E97) -> 0 | F98: =SUM(F93:F97) -> 0 | G98: =SUM(G93:G97) -> 0 | H98: =SUM(H93:H97) -> 0 | I98: =SUM(I93:I97) -> 0 | J98: =SUM(J93:J97) -> 1 | K98: =SUM(K93:K97) -> 0 | L98: =SUM(L93:L97) -> 1 | ... R98: =SUM(R93:R97) -> 3
A100: A.1 | B100: 8. | C100: Partai Keadilan Sejahtera | E100: 0 | F100: 0 | G100: 0 | H100: 0 | I100: 0 | J100: 0 | K100: 0 | L100: 0 | M100: 0 | N100: 0 | O100: 0 | P100: 0 | Q100: 0 | R100: =SUM(E100:Q100) -> 0
A101: A.2 | B101: 1 | C101: FAISOL AZZ, A.MD. | E101: 1 | F101: 3 | G101: 1 | H101: 0 | I101: 0 | J101: 0 | K101: 0 | L101: 1 | M101: 0 | N101: 0 | O101: 1 | P101: 1 | Q101: 0 | R101: =SUM(E101:Q101) -> 8
B102: 2 | C102: HAYATUL MAKIN | E102: 0 | F102: 0 | G102: 0 | H102: 0 | I102: 0 | J102: 0 | K102: 0 | L102: 0 | M102: 0 | N102: 0 | O102: 0 | P102: 0 | Q102: 0 | R102: =SUM(E102:Q102) -> 0
B103: 3 | C103: SAKI HANDAYANI | E103: 0 | F103: 0 | G103: 0 | H103: 0 | I103: 0 | J103: 0 | K103: 0 | L103: 0 | M103: 0 | N103: 0 | O103: 0 | P103: 0 | Q103: 0 | R103: =SUM(E103:Q103) -> 0
B104: 4 | C104: ASMAWIYANTO, A.MA. | E104: 0 | F104: 0 | G104: 0 | H104: 0 | I104: 0 | J104: 0 | K104: 0 | L104: 0 | M104: 0 | N104: 0 | O104: 0 | P104: 0 | Q104: 0 | R104: =SUM(E104:Q104) -> 0
B105: 5 | C105: SANTI SETYOWATI | E105: 0 | F105: 0 | G105: 0 | H105: 0 | I105: 0 | J105: 0 | K105: 0 | L105: 0 | M105: 0 | N105: 0 | O105: 0 | P105: 0 | Q105: 0 | R105: =SUM(E105:Q105) -> 0
B106: 6 | C106: SUPARNO, S.T. | E106: 0 | F106: 0 | G106: 0 | H106: 0 | I106: 0 | J106: 0 | K106: 0 | L106: 0 | M106: 0 | N106: 0 | O106: 0 | P106: 0 | Q106: 0 | R106: =SUM(E106:Q106) -> 0
A107: B | B107: JUMLAH SUARA SAH PARTAI POLITIK DAN CALON (A1 + A2) | E107: =SUM(E100:E106) -> 1 | F107: =SUM(F100:F106) -> 3 | G107: =SUM(G100:G106) -> 1 | H107: =SUM(H100:H106) -> 0 | I107: =SUM(I100:I106) -> 0 | J107: =SUM(J100:J106) -> 0 | K107: =SUM(K100:K106) -> 0 | L107: =SUM(L100:L106) -> 1 | ... R107: =SUM(R100:R106) -> 8
A109: A.1 | B109: 9. | C109: Partai Kebangkitan Nusantara | E109: 0 | F109: 0 | G109: 0 | H109: 0 | I109: 0 | J109: 0 | K109: 0 | L109: 0 | M109: 0 | N109: 0 | O109: 0 | P109: 0 | Q109: 0 | R109: =SUM(E109:Q109) -> 0
A110: A.2 | B110: 1 | C110: YAKUP YULIANTO | E110: 0 | F110: 0 | G110: 0 | H110: 0 | I110: 0 | J110: 0 | K110: 0 | L110: 0 | M110: 0 | N110: 0 | O110: 0 | P110: 0 | Q110: 0 | R110: =SUM(E110:Q110) -> 0
B111: 2 | C111: TRIA UTAMA | E111: 0 | F111: 0 | G111: 0 | H111: 0 | I111: 0 | J111: 0 | K111: 0 | L111: 0 | M111: 0 | N111: 0 | O111: 0 | P111: 0 | Q111: 0 | R111: =SUM(E111:Q111) -> 0
B112: 3 | C112: ANIS KHAFIFAH MZ | E112: 0 | F112: 0 | G112: 0 | H112: 0 | I112: 0 | J112: 0 | K112: 0 | L112: 0 | M112: 0 | N112: 0 | O112: 0 | P112: 0 | Q112: 0 | R112: =SUM(E112:Q112) -> 0
A113: B | B113: JUMLAH SUARA SAH PARTAI POLITIK DAN CALON (A1 + A2) | E113: =SUM(E109:E112) -> 0 | F113: =SUM(F109:F112) -> 0 | G113: =SUM(G109:G112) -> 0 | H113: =SUM(H109:H112) -> 0 | I113: =SUM(I109:I112) -> 0 | J113: =SUM(J109:J112) -> 0 | K113: =SUM(K109:K112) -> 0 | L113: =SUM(L109:L112) -> 0 | ... R113: =SUM(R109:R112) -> 0
A115: A.1 | B115: 10. | C115: Partai Hati Nurani Rakyat | E115: 0 | F115: 0 | G115: 0 | H115: 0 | I115: 0 | J115: 0 | K115: 0 | L115: 0 | M115: 0 | N115: 0 | O115: 0 | P115: 0 | Q115: 0 | R115: =SUM(E115:Q115) -> 0
A116: A.2 | B116: 1 | C116: H. HARIONO | E116: 0 | F116: 0 | G116: 1 | H116: 3 | I116: 0 | J116: 4 | K116: 0 | L116: 0 | M116: 0 | N116: 0 | O116: 0 | P116: 0 | Q116: 0 | R116: =SUM(E116:Q116) -> 8
B117: 2 | C117: GOPUR BACHITAR, S.T. | E117: 0 | F117: 0 | G117: 0 | H117: 0 | I117: 2 | J117: 0 | K117: 0 | L117: 0 | M117: 0 | N117: 0 | O117: 0 | P117: 0 | Q117: 0 | R117: =SUM(E117:Q117) -> 2
B118: 3 | C118: BONIMAH | E118: 0 | F118: 0 | G118: 0 | H118: 0 | I118: 0 | J118: 0 | K118: 0 | L118: 0 | M118: 0 | N118: 0 | O118: 0 | P118: 0 | Q118: 0 | R118: =SUM(E118:Q118) -> 0
B119: 4 | C119: AGUS PRAYOGI | E119: 0 | F119: 0 | G119: 0 | H119: 0 | I119: 0 | J119: 0 | K119: 0 | L119: 0 | M119: 0 | N119: 0 | O119: 0 | P119: 0 | Q119: 0 | R119: =SUM(E119:Q119) -> 0
B120: 5 | C120: DWI FITRIA PRATIWI | E120: 0 | F120: 0 | G120: 0 | H120: 0 | I120: 0 | J120: 0 | K120: 0 | L120: 0 | M120: 0 | N120: 0 | O120: 0 | P120: 0 | Q120: 0 | R120: =SUM(E120:Q120) -> 0
...

Sheet GOMBENGSARI
C2: Kecamatan | D2: KALIPURO
C3: Kabupaten | D3: BANYUWANGI
C4: Provinsi | D4: JAWA TIMUR
C9: Kelurahan | D9: GOMBENGSARI
A12: I | B12: DATA PEMILIH DAN PENGGUNAAN HAK PILIH | AC12: JUMLAH AKHIR
A13: A | B13: DATA PEMILIH | E13: TPS 001 | F13: TPS 002 | G13: TPS 003 | H13: TPS 004 | I13: TPS 005 | J13: TPS 006 | K13: TPS 007 | L13: TPS 008 | M13: TPS 009 | N13: TPS 010 | O13: TPS 011 | P13: TPS 012 | Q13: TPS 013 | R13: TPS 014 | S13: TPS 015 | T13: TPS 016 | U13: TPS 017 | V13: TPS 018 | W13: TPS 019 | X13: TPS 020 | Y13: TPS 021 | Z13: TPS 022 | AA13: TPS 023 | AB13: TPS 024
B14: Jumlah Pemilih dalam Daftar Pemilih Tetap (DPT) | D14: LK | E14: 88 | F14: 112 | G14: 144 | H14: 112 | I14: 130 | J14: 147 | K14: 145 | L14: 148 | M14: 125 | N14: 122 | O14: 120 | P14: 148 | Q14: 148 | R14: 139 | S14: 100 | T14: 141 | U14: 139 | V14: 139 | W14: 139 | X14: 137 | Y14: 122 | Z14: 109 | AA14: 124 | AB14: 127 | AC14: =SUM(E14:AB14) -> 3105
D15: PR | E15: 84 | F15: 119 | G15: 147 | H15: 118 | I15: 144 | J15: 150 | K15: 150 | L15: 143 | M15: 136 | N15: 125 | O15: 132 | P15: 146 | Q15: 140 | R15: 146 | S15: 100 | T15: 143 | U15: 142 | V15: 139 | W15: 145 | X15: 130 | Y15: 130 | Z15: 108 | AA15: 132 | AB15: 123 | AC15: =SUM(E15:AB15) -> 3172
D16: JML | E16: =SUM(E14:E15) -> 172 | F16: =SUM(F14:F15) -> 231 | G16: =SUM(G14:G15) -> 291 | H16: =SUM(H14:H15) -> 230 | I16: =SUM(I14:I15) -> 274 | J16: =SUM(J14:J15) -> 297 | K16: =SUM(K14:K15) -> 295 | L16: =SUM(L14:L15) -> 291 | ... AB16: =SUM(AB14:AB15) -> 250 | AC16: =SUM(E16:AB16) -> 6277
A18: B | B18: PENGGUNA HAK PILIH
B19: 1. | C19: Jumlah pengguna hak pilih dalam Daftar Pemilih Tetap (DPT) | D19: LK | E19: 63 | F19: 88 | G19: 101 | H19: 80 | I19: 104 | J19: 117 | K19: 117 | L19: 124 | M19: 96 | N19: 98 | O19: 106 | P19: 124 | Q19: 111 | R19: 115 | S19: 94 | T19: 121 | U19: 120 | V19: 123 | W19: 112 | X19: 114 | Y19: 105 | Z19: 87 | AA19: 99 | AB19: 97 | AC19: =SUM(E19:AB19) -> 2516
D20: PR | E20: 73 | F20: 104 | G20: 118 | H20: 97 | I20: 133 | J20: 129 | K20: 128 | L20: 127 | M20: 107 | N20: 106 | O20: 122 | P20: 125 | Q20: 116 | R20: 123 | S20: 94 | T20: 122 | U20: 121 | V20: 120 | W20: 122 | X20: 108 | Y20: 107 | Z20: 89 | AA20: 118 | AB20: 96 | AC20: =SUM(E20:AB20) -> 2705
D21: JML | E21: =SUM(E19:E20) -> 136 | F21: =SUM(F19:F20) -> 192 | G21: =SUM(G19:G20) -> 219 | H21: =SUM(H19:H20) -> 177 | I21: =SUM(I19:I20) -> 237 | J21: =SUM(J19:J20) -> 246 | K21: =SUM(K19:K20) -> 245 | L21: =SUM(L19:L20) -> 251 | ... AB21: =SUM(AB19:AB20) -> 193 | AC21: =SUM(E21:AB21) -> 5221
B22: 2. | C22: Jumlah pengguna hak pilih dalam Daftar Pemilih Tambahan (DPTb) | D22: LK | E22: 0 | F22: 0 | G22: 0 | H22: 0 | I22: 0 | J22: 0 | K22: 0 | L22: 0 | M22: 1 | N22: 0 | O22: 0 | P22: 0 | Q22: 1 | R22: 0 | S22: 0 | T22: 1 | U22: 0 | V22: 0 | W22: 0 | X22: 0 | Y22: 0 | Z22: 0 | AA22: 1 | AB22: 0 | AC22: =SUM(E22:AB22) -> 4
D23: PR | E23: 1 | F23: 0 | G23: 1 | H23: 0 | I23: 1 | J23: 0 | K23: 1 | L23: 0 | M23: 0 | N23: 0 | O23: 0 | P23: 0 | Q23: 2 | R23: 0 | S23: 1 | T23: 0 | U23: 0 | V23: 0 | W23: 1 | X23: 0 | Y23: 0 | Z23: 0 | AA23: 1 | AB23: 1 | AC23: =SUM(E23:AB23) -> 10
D24: JML | E24: =SUM(E22:E23) -> 1 | F24: =SUM(F22:F23) -> 0 | G24: =SUM(G22:G23) -> 1 | H24: =SUM(H22:H23) -> 0 | I24: =SUM(I22:I23) -> 1 | J24: =SUM(J22:J23) -> 0 | K24: =SUM(K22:K23) -> 1 | L24: =SUM(L22:L23) -> 0 | ... AB24: =SUM(AB22:AB23) -> 1 | AC24: =SUM(E24:AB24) -> 14
B25: 3. | C25: Jumlah pengguna hak pilih dalam Daftar Pemilih Khusus (DPK) | D25: LK | E25: 0 | F25: 1 | G25: 0 | H25: 0 | I25: 1 | J25: 0 | K25: 1 | L25: 1 | M25: 0 | N25: 0 | O25: 0 | P25: 0 | Q25: 0 | R25: 0 | S25: 0 | T25: 0 | U25: 0 | V25: 3 | W25: 1 | X25: 3 | Y25: 3 | Z25: 0 | AA25: 0 | AB25: 1 | AC25: =SUM(E25:AB25) -> 15
D26: PR | E26: 1 | F26: 3 | G26: 1 | H26: 1 | I26: 0 | J26: 0 | K26: 2 | L26: 1 | M26: 1 | N26: 0 | O26: 0 | P26: 0 | Q26: 0 | R26: 0 | S26: 0 | T26: 0 | U26: 1 | V26: 0 | W26: 1 | X26: 2 | Y26: 2 | Z26: 0 | AA26: 0 | AB26: 1 | AC26: =SUM(E26:AB26) -> 17
D27: JML | E27: =SUM(E25:E26) -> 1 | F27: =SUM(F25:F26) -> 4 | G27: =SUM(G25:G26) -> 1 | H27: =SUM(H25:H26) -> 1 | I27: =SUM(I25:I26) -> 1 | J27: =SUM(J25:J26) -> 0 | K27: =SUM(K25:K26) -> 3 | L27: =SUM(L25:L26) -> 2 | ... AB27: =SUM(AB25:AB26) -> 2 | AC27: =SUM(E27:AB27) -> 32
B28: 4. | C28: Jumlah Pengguna Hak Pilih (B.1+B.2+B.3) | D28: LK | E28: =SUM(E19,E22,E25) -> 63 | F28: =SUM(F19,F22,F25) -> 89 | G28: =SUM(G19,G22,G25) -> 101 | H28: =SUM(H19,H22,H25) -> 80 | I28: =SUM(I19,I22,I25) -> 105 | J28: =SUM(J19,J22,J25) -> 117 | K28: =SUM(K19,K22,K25) -> 118 | L28: =SUM(L19,L22,L25) -> 125 | ... AB28: =SUM(AB19,AB22,AB25) -> 98 | AC28: =SUM(E28:AB28) -> 2535
D29: PR | E29: =SUM(E20,E23,E26) -> 75 | F29: =SUM(F20,F23,F26) -> 107 | G29: =SUM(G20,G23,G26) -> 120 | H29: =SUM(H20,H23,H26) -> 98 | I29: =SUM(I20,I23,I26) -> 134 | J29: =SUM(J20,J23,J26) -> 129 | K29: =SUM(K20,K23,K26) -> 131 | L29: =SUM(L20,L23,L26) -> 128 | ... AB29: =SUM(AB20,AB23,AB26) -> 98 | AC29: =SUM(E29:AB29) -> 2732
D30: JML | E30: =SUM(E28:E29) -> 138 | F30: =SUM(F28:F29) -> 196 | G30: =SUM(G28:G29) -> 221 | H30: =SUM(H28:H29) -> 178 | I30: =SUM(I28:I29) -> 239 | J30: =SUM(J28:J29) -> 246 | K30: =SUM(K28:K29) -> 249 | L30: =SUM(L28:L29) -> 253 | ... AB30: =SUM(AB28:AB29) -> 196 | AC30: =SUM(E30:AB30) -> 5267
A32: II | B32: DATA PENGGUNAAN SURAT SUARA
A33: 1 | B33: Jumlah surat suara yang diterima, termasuk surat suara cadangan 2,5% dari DPT | E33: 175 | F33: 236 | G33: 296 | H33: 235 | I33: 279 | J33: 303 | K33: 301 | L33: 297 | M33: 266 | N33: 252 | O33: 257 | P33: 301 | Q33: 294 | R33: 292 | S33: 204 | T33: 290 | U33: 287 | V33: 284 | W33: 290 | X33: 272 | Y33: 257 | Z33: 221 | AA33: 261 | AB33: 255 | AC33: =SUM(E33:AB33) -> 6405
A34: 2 | B34: Jumlah surat suara yang digunakan | E34: 138 | F34: 196 | G34: 221 | H34: 178 | I34: 239 | J34: 246 | K34: 249 | L34: 253 | M34: 205 | N34: 204 | O34: 228 | P34: 249 | Q34: 230 | R34: 238 | S34: 189 | T34: 244 | U34: 242 | V34: 246 | W34: 237 | X34: 227 | Y34: 217 | Z34: 176 | AA34: 219 | AB34: 196 | AC34: =SUM(E34:AB34) -> 5267
A35: 3 | B35: Jumlah surat suara dikembalikan oleh pemilih (karena rusak atau keliru coblos) | E35: 0 | F35: 0 | G35: 0 | H35: 0 | I35: 1 | J35: 0 | K35: 0 | L35: 0 | M35: 0 | N35: 0 | O35: 0 | P35: 2 | Q35: 0 | R35: 0 | S35: 0 | T35: 3 | U35: 0 | V35: 0 | W35: 0 | X35: 1 | Y35: 2 | Z35: 0 | AA35: 0 | AB35: 0 | AC35: =SUM(E35:AB35) -> 9
A36: 4 | B36: Jumlah surat suara yang tidak digunakan/tidak terpakai, termasuk sisa surat suara cadangan | E36: =E33-(E34+E35) -> 37 | F36: =F33-(F34+F35) -> 40 | G36: =G33-(G34+G35) -> 75 | H36: =H33-(H34+H35) -> 57 | I36: =I33-(I34+I35) -> 39 | J36: =J33-(J34+J35) -> 57 | K36: =K33-(K34+K35) -> 52 | L36: =L33-(L34+L35) -> 44 | ... AB36: =AB33-(AB34+AB35) -> 59 | AC36: =SUM(E36:AB36) -> 1129
A38: III | B38: DATA PEMILIH DISABILITAS
B39: Jumlah seluruh Pemilih disabilitas yang menggunakan hak pilih | D39: LK | J39: 1 | W39: 1 | AA39: 2 | AB39: 1 | AC39: =SUM(E39:AB39) -> 5
D40: PR | E40: 1 | M40: 1 | AA40: 2 | AC40: =SUM(E40:AB40) -> 4
D41: JML | E41: =SUM(E39:E40) -> 1 | F41: =SUM(F39:F40) -> 0 | G41: =SUM(G39:G40) -> 0 | H41: =SUM(H39:H40) -> 0 | I41: =SUM(I39:I40) -> 0 | J41: =SUM(J39:J40) -> 1 | K41: =SUM(K39:K40) -> 0 | L41: =SUM(L39:L40) -> 0 | ... AB41: =SUM(AB39:AB40) -> 1 | AC41: =SUM(E41:AB41) -> 9
A43: IV | B43: DATA RINCIAN PEROLEHAN SUARA PASANGAN CALON BUPATI DAN WAKIL BUPATI
A44: NOMOR DAN NAMA CALON
A45: A.1 | B45: 1. | C45: Partai Kebangkitan Bangsa | E45: 6 | F45: 11 | G45: 7 | H45: 3 | I45: 14 | J45: 9 | K45: 10 | L45: 6 | M45: 11 | N45: 27 | O45: 15 | P45: 4 | Q45: 10 | R45: 3 | S45: 9 | T45: 6 | U45: 5 | V45: 16 | W45: 18 | X45: 10 | Y45: 6 | Z45: 0 | AA45: 4 | AB45: 4 | AC45: =SUM(E45:AB45) -> 214
A46: A.2 | B46: 1 | C46: HJ. SITI MAKHROCHATIN NI’MAH, S.PD., M.M. | E46: 8 | F46: 15 | G46: 13 | H46: 2 | I46: 16 | J46: 3 | K46: 68 | L46: 17 | M46: 49 | N46: 48 | O46: 24 | P46: 3 | Q46: 12 | R46: 1 | S46: 5 | T46: 13 | U46: 17 | V46: 35 | W46: 12 | X46: 6 | Y46: 17 | Z46: 1 | AA46: 5 | AB46: 3 | AC46: =SUM(E46:AB46) -> 393
B47: 2 | C47: A. TAUFIK | E47: 0 | F47: 0 | G47: 1 | H47: 0 | I47: 0 | J47: 4 | K47: 0 | L47: 1 | M47: 1 | N47: 0 | O47: 1 | P47: 1 | Q47: 1 | R47: 2 | S47: 2 | T47: 0 | U47: 2 | V47: 0 | W47: 4 | X47: 5 | Y47: 9 | Z47: 1 | AA47: 4 | AB47: 1 | AC47: =SUM(E47:AB47) -> 40
B48: 3 | C48: KHOIRUL FAHMI ISKANDAR, S.PD | E48: 0 | F48: 1 | G48: 4 | H48: 1 | I48: 2 | J48: 0 | K48: 1 | L48: 0 | M48: 0 | N48: 1 | O48: 1 | P48: 0 | Q48: 0 | R48: 0 | S48: 0 | T48: 0 | U48: 0 | V48: 0 | W48: 1 | X48: 1 | Y48: 0 | Z48: 0 | AA48: 2 | AB48: 0 | AC48: =SUM(E48:AB48) -> 15
B49: 4 | C49: AKHMAD, S.PD., M.M. | E49: 0 | F49: 0 | G49: 0 | H49: 0 | I49: 0 | J49: 0 | K49: 0 | L49: 0 | M49: 0 | N49: 1 | O49: 0 | P49: 0 | Q49: 0 | R49: 0 | S49: 0 | T49: 1 | U49: 0 | V49: 3 | W49: 0 | X49: 0 | Y49: 0 | Z49: 0 | AA49: 0 | AB49: 1 | AC49: =SUM(E49:AB49) -> 6
B50: 5 | C50: SOFI WULANDARI, S.H. | E50: 0 | F50: 0 | G50: 1 | H50: 0 | I50: 0 | J50: 0 | K50: 0 | L50: 0 | M50: 0 | N50: 1 | O50: 0 | P50: 0 | Q50: 0 | R50: 0 | S50: 0 | T50: 1 | U50: 0 | V50: 1 | W50: 3 | X50: 0 | Y50: 0 | Z50: 0 | AA50: 0 | AB50: 0 | AC50: =SUM(E50:AB50) -> 7
B51: 6 | C51: AL MA’ARIF | E51: 0 | F51: 0 | G51: 0 | H51: 0 | I51: 0 | J51: 0 | K51: 0 | L51: 2 | M51: 0 | N51: 1 | O51: 1 | P51: 0 | Q51: 0 | R51: 0 | S51: 0 | T51: 1 | U51: 0 | V51: 2 | W51: 10 | X51: 7 | Y51: 14 | Z51: 0 | AA51: 23 | AB51: 0 | AC51: =SUM(E51:AB51) -> 61
A52: B | B52: JUMLAH SUARA SAH PARTAI POLITIK DAN CALON (A1 + A2) | E52: =SUM(E45:E51) -> 14 | F52: =SUM(F45:F51) -> 27 | G52: =SUM(G45:G51) -> 26 | H52: =SUM(H45:H51) -> 6 | I52: =SUM(I45:I51) -> 32 | J52: =SUM(J45:J51) -> 16 | K52: =SUM(K45:K51) -> 79 | L52: =SUM(L45:L51) -> 26 | ... AC52: =SUM(AC45:AC51) -> 736
A54: A.1 | B54: 2. | C54: Partai Gerakan Indonesia Raya | E54: 8 | F54: 4 | G54: 8 | H54: 6 | I54: 21 | J54: 9 | K54: 5 | L54: 5 | M54: 5 | N54: 4 | O54: 5 | P54: 6 | Q54: 11 | R54: 30 | S54: 12 | T54: 11 | U54: 7 | V54: 9 | W54: 10 | X54: 4 | Y54: 5 | Z54: 3 | AA54: 1 | AB54: 9 | AC54: =SUM(E54:AB54) -> 198
A55: A.2 | B55: 1 | C55: ASRILA DISKA RIMUNDA | E55: 5 | F55: 6 | G55: 11 | H55: 5 | I55: 13 | J55: 16 | K55: 20 | L55: 10 | M55: 29 | N55: 17 | O55: 11 | P55: 4 | Q55: 5 | R55: 6 | S55: 7 | T55: 32 | U55: 49 | V55: 14 | W55: 11 | X55: 3 | Y55: 5 | Z55: 4 | AA55: 3 | AB55: 5 | AC55: =SUM(E55:AB55) -> 291
B56: 2 | C56: ANIK MUSYAROFAH | E56: 0 | F56: 0 | G56: 4 | H56: 0 | I56: 8 | J56: 4 | K56: 1 | L56: 1 | M56: 5 | N56: 0 | O56: 2 | P56: 0 | Q56: 1 | R56: 2 | S56: 5 | T56: 2 | U56: 4 | V56: 3 | W56: 1 | X56: 1 | Y56: 5 | Z56: 1 | AA56: 1 | AB56: 3 | AC56: =SUM(E56:AB56) -> 54
B57: 3 | C57: JOKO MISBONO | E57: 3 | F57: 1 | G57: 2 | H57: 0 | I57: 2 | J57: 0 | K57: 0 | L57: 0 | M57: 0 | N57: 0 | O57: 0 | P57: 0 | Q57: 0 | R57: 0 | S57: 0 | T57: 4 | U57: 11 | V57: 15 | W57: 2 | X57: 8 | Y57: 1 | Z57: 5 | AA57: 7 | AB57: 1 | AC57: =SUM(E57:AB57) -> 62
B58: 4 | C58: REKTO PUSPITASARI | E58: 0 | F58: 0 | G58: 1 | H58: 0 | I58: 1 | J58: 0 | K58: 5 | L58: 0 | M58: 0 | N58: 0 | O58: 0 | P58: 0 | Q58: 0 | R58: 1 | S58: 0 | T58: 0 | U58: 0 | V58: 0 | W58: 0 | X58: 1 | Y58: 0 | Z58: 0 | AA58: 1 | AB58: 5 | AC58: =SUM(E58:AB58) -> 15
B59: 5 | C59: AHMAD KHOMSI WAHYUDI | E59: 0 | F59: 0 | G59: 0 | H59: 0 | I59: 0 | J59: 0 | K59: 0 | L59: 0 | M59: 0 | N59: 0 | O59: 1 | P59: 0 | Q59: 1 | R59: 0 | S59: 1 | T59: 0 | U59: 0 | V59: 0 | W59: 1 | X59: 0 | Y59: 1 | Z59: 0 | AA59: 1 | AB59: 0 | AC59: =SUM(E59:AB59) -> 6
B60: 6 | C60: ACHI RIZAL FIRDAUS | E60: 1 | F60: 2 | G60: 6 | H60: 0 | I60: 4 | J60: 0 | K60: 3 | L60: 0 | M60: 0 | N60: 2 | O60: 0 | P60: 0 | Q60: 1 | R60: 11 | S60: 19 | T60: 9 | U60: 4 | V60: 22 | W60: 22 | X60: 8 | Y60: 2 | Z60: 3 | AA60: 1 | AB60: 1 | AC60: =SUM(E60:AB60) -> 121
A61: B | B61: JUMLAH SUARA SAH PARTAI POLITIK DAN CALON (A1 + A2) | E61: =SUM(E54:E60) -> 17 | F61: =SUM(F54:F60) -> 13 | G61: =SUM(G54:G60) -> 32 | H61: =SUM(H54:H60) -> 11 | I61: =SUM(I54:I60) -> 49 | J61: =SUM(J54:J60) -> 29 | K61: =SUM(K54:K60) -> 34 | L61: =SUM(L54:L60) -> 16 | ... AC61: =SUM(AC54:AC60) -> 747
A63: A.1 | B63: 3. | C63: Partai Demokrasi Indonesia Perjuangan | E63: 2 | F63: 3 | G63: 8 | H63: 0 | I63: 9 | J63: 12 | K63: 2 | L63: 7 | M63: 4 | N63: 4 | O63: 5 | P63: 12 | Q63: 23 | R63: 17 | S63: 2 | T63: 7 | U63: 3 | V63: 7 | W63: 2 | X63: 2 | Y63: 3 | Z63: 4 | AA63: 0 | AB63: 7 | AC63: =SUM(E63:AB63) -> 145
A64: A.2 | B64: 1 | C64: I MADE CAHYANA NEGARA, S.E. | E64: 3 | F64: 4 | G64: 8 | H64: 5 | I64: 9 | J64: 23 | K64: 4 | L64: 1 | M64: 5 | N64: 2 | O64: 3 | P64: 6 | Q64: 7 | R64: 10 | S64: 0 | T64: 5 | U64: 5 | V64: 5 | W64: 2 | X64: 3 | Y64: 3 | Z64: 4 | AA64: 11 | AB64: 4 | AC64: =SUM(E64:AB64) -> 132
B65: 2 | C65: AGUS WAHYU PANOTO, S.H. | E65: 3 | F65: 2 | G65: 3 | H65: 0 | I65: 4 | J65: 22 | K65: 20 | L65: 2 | M65: 15 | N65: 8 | O65: 25 | P65: 177 | Q65: 79 | R65: 17 | S65: 5 | T65: 4 | U65: 15 | V65: 5 | W65: 19 | X65: 11 | Y65: 13 | Z65: 4 | AA65: 5 | AB65: 12 | AC65: =SUM(E65:AB65) -> 470
B66: 3 | C66: IIS SUMIYATI | E66: 0 | F66: 0 | G66: 3 | H66: 0 | I66: 0 | J66: 1 | K66: 0 | L66: 0 | M66: 2 | N66: 0 | O66: 0 | P66: 1 | Q66: 0 | R66: 0 | S66: 0 | T66: 2 | U66: 0 | V66: 4 | W66: 0 | X66: 1 | Y66: 1 | Z66: 0 | AA66: 1 | AB66: 0 | AC66: =SUM(E66:AB66) -> 16
B67: 4 | C67: ACHMAD MUZAMMIL | E67: 0 | F67: 1 | G67: 0 | H67: 0 | I67: 0 | J67: 2 | K67: 1 | L67: 1 | M67: 0 | N67: 0 | O67: 1 | P67: 0 | Q67: 1 | R67: 0 | S67: 0 | T67: 0 | U67: 1 | V67: 0 | W67: 0 | X67: 1 | Y67: 1 | Z67: 0 | AA67: 0 | AB67: 1 | AC67: =SUM(E67:AB67) -> 11
B68: 5 | C68: WENDRIAWANTO | E68: 1 | F68: 1 | G68: 1 | H68: 0 | I68: 2 | J68: 0 | K68: 0 | L68: 1 | M68: 0 | N68: 0 | O68: 0 | P68: 0 | Q68: 1 | R68: 0 | S68: 0 | T68: 0 | U68: 0 | V68: 0 | W68: 1 | X68: 0 | Y68: 0 | Z68: 0 | AA68: 0 | AB68: 0 | AC68: =SUM(E68:AB68) -> 8
B69: 6 | C69: PUTRI MEGA AYU WIDIARTI | E69: 0 | F69: 0 | G69: 0 | H69: 0 | I69: 0 | J69: 0 | K69: 0 | L69: 0 | M69: 0 | N69: 0 | O69: 1 | P69: 0 | Q69: 1 | R69: 0 | S69: 0 | T69: 0 | U69: 0 | V69: 2 | W69: 0 | X69: 0 | Y69: 0 | Z69: 0 | AA69: 1 | AB69: 1 | AC69: =SUM(E69:AB69) -> 6
A70: B | B70: JUMLAH SUARA SAH PARTAI POLITIK DAN CALON (A1 + A2) | E70: =SUM(E63:E69) -> 9 | F70: =SUM(F63:F69) -> 11 | G70: =SUM(G63:G69) -> 23 | H70: =SUM(H63:H69) -> 5 | I70: =SUM(I63:I69) -> 24 | J70: =SUM(J63:J69) -> 60 | K70: =SUM(K63:K69) -> 27 | L70: =SUM(L63:L69) -> 12 | ... AC70: =SUM(AC63:AC69) -> 788
A72: A.1 | B72: 4. | C72: Partai Golongan Karya | E72: 0 | F72: 17 | G72: 4 | H72: 8 | I72: 7 | J72: 9 | K72: 3 | L72: 5 | M72: 6 | N72: 3 | O72: 4 | P72: 0 | Q72: 7 | R72: 4 | S72: 17 | T72: 1 | U72: 0 | V72: 1 | W72: 2 | X72: 2 | Y72: 8 | Z72: 2 | AA72: 2 | AB72: 4 | AC72: =SUM(E72:AB72) -> 116
A73: A.2 | B73: 1 | C73: UMI KULSUM, S.H. | E73: 2 | F73: 52 | G73: 12 | H73: 47 | I73: 53 | J73: 64 | K73: 63 | L73: 12 | M73: 6 | N73: 3 | O73: 6 | P73: 3 | Q73: 0 | R73: 3 | S73: 45 | T73: 3 | U73: 3 | V73: 4 | W73: 3 | X73: 2 | Y73: 44 | Z73: 1 | AA73: 2 | AB73: 4 | AC73: =SUM(E73:AB73) -> 437
B74: 2 | C74: SONNY PRAKOSO INDRA, S.E. | E74: 3 | F74: 5 | G74: 12 | H74: 2 | I74: 13 | J74: 8 | K74: 0 | L74: 1 | M74: 17 | N74: 6 | O74: 0 | P74: 3 | Q74: 19 | R74: 3 | S74: 12 | T74: 10 | U74: 9 | V74: 36 | W74: 25 | X74: 40 | Y74: 9 | Z74: 14 | AA74: 67 | AB74: 13 | AC74: =SUM(E74:AB74) -> 327
B75: 3 | C75: ERJUNA SITI FATIMAH | E75: 0 | F75: 1 | G75: 0 | H75: 0 | I75: 0 | J75: 0 | K75: 0 | L75: 0 | M75: 0 | N75: 0 | O75: 0 | P75: 0 | Q75: 0 | R75: 1 | S75: 4 | T75: 0 | U75: 0 | V75: 0 | W75: 1 | X75: 0 | Y75: 1 | Z75: 0 | AA75: 0 | AB75: 0 | AC75: =SUM(E75:AB75) -> 8
B76: 4 | C76: SITI MARIYAM | E76: 0 | F76: 0 | G76: 0 | H76: 0 | I76: 0 | J76: 1 | K76: 1 | L76: 0 | M76: 0 | N76: 0 | O76: 1 | P76: 0 | Q76: 0 | R76: 1 | S76: 0 | T76: 0 | U76: 0 | V76: 0 | W76: 0 | X76: 0 | Y76: 1 | Z76: 0 | AA76: 1 | AB76: 1 | AC76: =SUM(E76:AB76) -> 7
B77: 5 | C77: HERU SUKARNO, S.H. | E77: 0 | F77: 0 | G77: 0 | H77: 0 | I77: 0 | J77: 0 | K77: 0 | L77: 0 | M77: 2 | N77: 0 | O77: 3 | P77: 0 | Q77: 0 | R77: 0 | S77: 0 | T77: 0 | U77: 0 | V77: 0 | W77: 0 | X77: 0 | Y77: 0 | Z77: 0 | AA77: 0 | AB77: 0 | AC77: =SUM(E77:AB77) -> 5
B78: 6 | C78: AHMAD MUZAYYIN | E78: 0 | F78: 0 | G78: 0 | H78: 0 | I78: 0 | J78: 0 | K78: 0 | L78: 1 | M78: 1 | N78: 0 | O78: 0 | P78: 0 | Q78: 0 | R78: 0 | S78: 0 | T78: 0 | U78: 0 | V78: 0 | W78: 0 | X78: 0 | Y78: 1 | Z78: 0 | AA78: 0 | AB78: 0 | AC78: =SUM(E78:AB78) -> 3
A79: B | B79: JUMLAH SUARA SAH PARTAI POLITIK DAN CALON (A1 + A2) | E79: =SUM(E72:E78) -> 5 | F79: =SUM(F72:F78) -> 75 | G79: =SUM(G72:G78) -> 28 | H79: =SUM(H72:H78) -> 57 | I79: =SUM(I72:I78) -> 73 | J79: =SUM(J72:J78) -> 82 | K79: =SUM(K72:K78) -> 67 | L79: =SUM(L72:L78) -> 19 | ... AC79: =SUM(AC72:AC78) -> 903
A81: A.1 | B81: 5. | C81: Partai NasDem | E81: 3 | F81: 1 | G81: 1 | H81: 1 | I81: 4 | J81: 0 | K81: 2 | L81: 6 | M81: 0 | N81: 2 | O81: 4 | P81: 0 | Q81: 1 | R81: 5 | S81: 0 | T81: 9 | U81: 1 | V81: 0 | W81: 5 | X81: 7 | Y81: 2 | Z81: 10 | AA81: 0 | AB81: 6 | AC81: =SUM(E81:AB81) -> 70
A82: A.2 | B82: 1 | C82: DRS. MOH. PADIL | E82: 2 | F82: 0 | G82: 2 | H82: 0 | I82: 9 | J82: 5 | K82: 1 | L82: 3 | M82: 4 | N82: 4 | O82: 5 | P82: 5 | Q82: 3 | R82: 20 | S82: 0 | T82: 6 | U82: 15 | V82: 11 | W82: 6 | X82: 37 | Y82: 5 | Z82: 47 | AA82: 6 | AB82: 19 | AC82: =SUM(E82:AB82) -> 215
B83: 2 | C83: ALEX WIJAYA KUSUMA | E83: 0 | F83: 0 | G83: 0 | H83: 0 | I83: 0 | J83: 1 | K83: 0 | L83: 1 | M83: 0 | N83: 0 | O83: 0 | P83: 0 | Q83: 0 | R83: 1 | S83: 0 | T83: 1 | U83: 0 | V83: 0 | W83: 0 | X83: 0 | Y83: 0 | Z83: 0 | AA83: 0 | AB83: 0 | AC83: =SUM(E83:AB83) -> 4
B84: 3 | C84: DANY FARDA MIHMDIAT | E84: 0 | F84: 0 | G84: 1 | H84: 0 | I84: 0 | J84: 0 | K84: 0 | L84: 2 | M84: 0 | N84: 0 | O84: 0 | P84: 0 | Q84: 0 | R84: 0 | S84: 0 | T84: 0 | U84: 0 | V84: 2 | W84: 1 | X84: 4 | Y84: 0 | Z84: 0 | AA84: 0 | AB84: 0 | AC84: =SUM(E84:AB84) -> 10
B85: 4 | C85: UNTUNG AL AKBAR | E85: 0 | F85: 2 | G85: 0 | H85: 0 | I85: 0 | J85: 0 | K85: 0 | L85: 0 | M85: 0 | N85: 0 | O85: 0 | P85: 0 | Q85: 0 | R85: 0 | S85: 0 | T85: 0 | U85: 0 | V85: 0 | W85: 2 | X85: 0 | Y85: 0 | Z85: 0 | AA85: 0 | AB85: 1 | AC85: =SUM(E85:AB85) -> 5
B86: 5 | C86: SETYO PONCO UTOMO | E86: 0 | F86: 2 | G86: 0 | H86: 1 | I86: 0 | J86: 0 | K86: 0 | L86: 0 | M86: 0 | N86: 1 | O86: 0 | P86: 0 | Q86: 0 | R86: 2 | S86: 0 | T86: 10 | U86: 0 | V86: 0 | W86: 0 | X86: 1 | Y86: 0 | Z86: 1 | AA86: 0 | AB86: 3 | AC86: =SUM(E86:AB86) -> 21
B87: 6 | C87: LIA ALYSTIA NINGRUM, S.PD. | E87: 52 | F87: 0 | G87: 12 | H87: 0 | I87: 1 | J87: 7 | K87: 7 | L87: 75 | M87: 0 | N87: 3 | O87: 28 | P87: 0 | Q87: 0 | R87: 0 | S87: 1 | T87: 10 | U87: 14 | V87: 22 | W87: 10 | X87: 6 | Y87: 17 | Z87: 48 | AA87: 35 | AB87: 56 | AC87: =SUM(E87:AB87) -> 404
A88: B | B88: JUMLAH SUARA SAH PARTAI POLITIK DAN CALON (A1 + A2) | E88: =SUM(E81:E87) -> 57 | F88: =SUM(F81:F87) -> 5 | G88: =SUM(G81:G87) -> 16 | H88: =SUM(H81:H87) -> 2 | I88: =SUM(I81:I87) -> 14 | J88: =SUM(J81:J87) -> 13 | K88: =SUM(K81:K87) -> 10 | L88: =SUM(L81:L87) -> 87 | ... AC88: =SUM(AC81:AC87) -> 729
A90: A.1 | B90: 6. | C90: Partai Buruh | E90: 10 | F90: 0 | G90: 1 | H90: 0 | I90: 1 | J90: 0 | K90: 0 | L90: 2 | M90: 0 | N90: 0 | O90: 0 | P90: 0 | Q90: 1 | R90: 3 | S90: 4 | T90: 2 | U90: 1 | V90: 1 | W90: 3 | X90: 0 | Y90: 1 | Z90: 3 | AA90: 0 | AB90: 3 | AC90: =SUM(E90:AB90) -> 36
A91: B | B91: JUMLAH SUARA SAH PARTAI POLITIK DAN CALON (A1 + A2) | E91: =SUM(E90:E90) -> 10 | F91: =SUM(F90:F90) -> 0 | G91: =SUM(G90:G90) -> 1 | H91: =SUM(H90:H90) -> 0 | I91: =SUM(I90:I90) -> 1 | J91: =SUM(J90:J90) -> 0 | K91: =SUM(K90:K90) -> 0 | L91: =SUM(L90:L90) -> 2 | ... AC91: =SUM(AC90:AC90) -> 36
A93: A.1 | B93: 7. | C93: Partai Gelombang Rakyat Indonesia | E93: 1 | F93: 0 | G93: 0 | H93: 1 | I93: 1 | J93: 0 | K93: 0 | L93: 0 | M93: 0 | N93: 0 | O93: 1 | P93: 0 | Q93: 0 | R93: 1 | S93: 0 | T93: 0 | U93: 1 | V93: 0 | W93: 0 | X93: 0 | Y93: 0 | Z93: 1 | AA93: 2 | AB93: 0 | AC93: =SUM(E93:AB93) -> 9
A94: A.2 | B94: 1 | C94: ELY SODIKIN | E94: 1 | F94: 0 | G94: 1 | H94: 0 | I94: 0 | J94: 0 | K94: 0 | L94: 0 | M94: 0 | N94: 0 | O94: 0 | P94: 0 | Q94: 0 | R94: 0 | S94: 0 | T94: 0 | U94: 0 | V94: 0 | W94: 0 | X94: 0 | Y94: 0 | Z94: 0 | AA94: 1 | AB94: 0 | AC94: =SUM(E94:AB94) -> 3
B95: 2 | C95: BAGUS WAHONO | E95: 0 | F95: 0 | G95: 1 | H95: 0 | I95: 0 | J95: 0 | K95: 0 | L95: 0 | M95: 0 | N95: 0 | O95: 0 | P95: 0 | Q95: 0 | R95: 1 | S95: 0 | T95: 0 | U95: 0 | V95: 0 | W95: 0 | X95: 0 | Y95: 0 | Z95: 0 | AA95: 0 | AB95: 0 | AC95: =SUM(E95:AB95) -> 2
B96: 3 | C96: ARTIS YOGYA KARTIKA | E96: 0 | F96: 0 | G96: 0 | H96: 0 | I96: 1 | J96: 0 | K96: 0 | L96: 0 | M96: 0 | N96: 0 | O96: 0 | P96: 0 | Q96: 0 | R96: 0 | S96: 0 | T96: 0 | U96: 0 | V96: 0 | W96: 0 | X96: 0 | Y96: 0 | Z96: 0 | AA96: 0 | AB96: 0 | AC96: =SUM(E96:AB96) -> 1
B97: 4 | C97: IMAM HAKTONO | E97: 0 | F97: 0 | G97: 0 | H97: 0 | I97: 0 | J97: 0 | K97: 0 | L97: 0 | M97: 0 | N97: 0 | O97: 0 | P97: 0 | Q97: 0 | R97: 0 | S97: 0 | T97: 0 | U97: 0 | V97: 0 | W97: 0 | X97: 0 | Y97: 0 | Z97: 0 | AA97: 0 | AB97: 0 | AC97: =SUM(E97:AB97) -> 0
A98: B | B98: JUMLAH SUARA SAH PARTAI POLITIK DAN CALON (A1 + A2) | E98: =SUM(E93:E97) -> 2 | F98: =SUM(F93:F97) -> 0 | G98: =SUM(G93:G97) -> 2 | H98: =SUM(H93:H97) -> 1 | I98: =SUM(I93:I97) -> 2 | J98: =SUM(J93:J97) -> 0 | K98: =SUM(K93:K97) -> 0 | L98: =SUM(L93:L97) -> 0 | ... AC98: =SUM(AC93:AC97) -> 15
A100: A.1 | B100: 8. | C100: Partai Keadilan Sejahtera | E100: 0 | F100: 0 | G100: 0 | H100: 0 | I100: 2 | J100: 0 | K100: 1 | L100: 3 | M100: 0 | N100: 3 | O100: 4 | P100: 2 | Q100: 4 | R100: 14 | S100: 2 | T100: 2 | U100: 3 | V100: 0 | W100: 1 | X100: 0 | Y100: 0 | Z100: 0 | AA100: 3 | AB100: 0 | AC100: =SUM(E100:AB100) -> 44
A101: A.2 | B101: 1 | C101: FAISOL AZZ, A.MD. | E101: 0 | F101: 0 | G101: 8 | H101: 1 | I101: 2 | J101: 0 | K101: 7 | L101: 39 | M101: 10 | N101: 35 | O101: 23 | P101: 3 | Q101: 13 | R101: 31 | S101: 13 | T101: 14 | U101: 22 | V101: 1 | W101: 1 | X101: 2 | Y101: 4 | Z101: 0 | AA101: 10 | AB101: 3 | AC101: =SUM(E101:AB101) -> 242
B102: 2 | C102: HAYATUL MAKIN | E102: 0 | F102: 2 | G102: 1 | H102: 1 | I102: 0 | J102: 0 | K102: 0 | L102: 0 | M102: 0 | N102: 0 | O102: 0 | P102: 0 | Q102: 0 | R102: 0 | S102: 0 | T102: 0 | U102: 0 | V102: 0 | W102: 0 | X102: 0 | Y102: 0 | Z102: 0 | AA102: 0 | AB102: 0 | AC102: =SUM(E102:AB102) -> 4
B103: 3 | C103: SAKI HANDAYANI | E103: 0 | F103: 0 | G103: 1 | H103: 0 | I103: 0 | J103: 0 | K103: 0 | L103: 0 | M103: 0 | N103: 0 | O103: 1 | P103: 0 | Q103: 0 | R103: 0 | S103: 0 | T103: 0 | U103: 0 | V103: 0 | W103: 0 | X103: 0 | Y103: 0 | Z103: 0 | AA103: 0 | AB103: 1 | AC103: =SUM(E103:AB103) -> 3
B104: 4 | C104: ASMAWIYANTO, A.MA. | E104: 0 | F104: 0 | G104: 0 | H104: 0 | I104: 0 | J104: 0 | K104: 0 | L104: 0 | M104: 0 | N104: 0 | O104: 1 | P104: 0 | Q104: 0 | R104: 0 | S104: 0 | T104: 0 | U104: 0 | V104: 0 | W104: 0 | X104: 0 | Y104: 0 | Z104: 0 | AA104: 0 | AB104: 0 | AC104: =SUM(E104:AB104) -> 1
B105: 5 | C105: SANTI SETYOWATI | E105: 0 | F105: 0 | G105: 0 | H105: 1 | I105: 0 | J105: 0 | K105: 0 | L105: 0 | M105: 0 | N105: 0 | O105: 0 | P105: 0 | Q105: 0 | R105: 0 | S105: 1 | T105: 0 | U105: 0 | V105: 0 | W105: 0 | X105: 0 | Y105: 0 | Z105: 0 | AA105: 0 | AB105: 0 | AC105: =SUM(E105:AB105) -> 2
B106: 6 | C106: SUPARNO, S.T. | E106: 0 | F106: 0 | G106: 0 | H106: 0 | I106: 0 | J106: 0 | K106: 0 | L106: 1 | M106: 0 | N106: 0 | O106: 0 | P106: 0 | Q106: 0 | R106: 1 | S106: 0 | T106: 0 | U106: 0 | V106: 0 | W106: 0 | X106: 0 | Y106: 0 | Z106: 0 | AA106: 0 | AB106: 0 | AC106: =SUM(E106:AB106) -> 2
A107: B | B107: JUMLAH SUARA SAH PARTAI POLITIK DAN CALON (A1 + A2) | E107: =SUM(E100:E106) -> 0 | F107: =SUM(F100:F106) -> 2 | G107: =SUM(G100:G106) -> 10 | H107: =SUM(H100:H106) -> 3 | I107: =SUM(I100:I106) -> 4 | J107: =SUM(J100:J106) -> 0 | K107: =SUM(K100:K106) -> 8 | L107: =SUM(L100:L106) -> 43 | ... AC107: =SUM(AC100:AC106) -> 298
A109: A.1 | B109: 9. | C109: Partai Kebangkitan Nusantara | E109: 4 | F109: 0 | G109: 0 | H109: 0 | I109: 0 | J109: 1 | K109: 0 | L109: 0 | M109: 0 | N109: 0 | O109: 0 | P109: 0 | Q109: 0 | R109: 0 | S109: 0 | T109: 0 | U109: 0 | V109: 0 | W109: 0 | X109: 0 | Y109: 0 | Z109: 0 | AA109: 1 | AB109: 0 | AC109: =SUM(E109:AB109) -> 6
A110: A.2 | B110: 1 | C110: YAKUP YULIANTO | E110: 0 | F110: 0 | G110: 0 | H110: 0 | I110: 0 | J110: 0 | K110: 0 | L110: 0 | M110: 0 | N110: 0 | O110: 0 | P110: 0 | Q110: 0 | R110: 0 | S110: 0 | T110: 0 | U110: 0 | V110: 0 | W110: 0 | X110: 0 | Y110: 0 | Z110: 0 | AA110: 0 | AB110: 0 | AC110: =SUM(E110:AB110) -> 0
B111: 2 | C111: TRIA UTAMA | E111: 0 | F111: 0 | G111: 0 | H111: 0 | I111: 0 | J111: 0 | K111: 0 | L111: 0 | M111: 0 | N111: 0 | O111: 0 | P111: 0 | Q111: 0 | R111: 0 | S111: 0 | T111: 0 | U111: 0 | V111: 0 | W111: 0 | X111: 0 | Y111: 0 | Z111: 0 | AA111: 0 | AB111: 0 | AC111: =SUM(E111:AB111) -> 0
B112: 3 | C112: ANIS KHAFIFAH MZ | E112: 0 | F112: 0 | G112: 0 | H112: 0 | I112: 0 | J112: 0 | K112: 0 | L112: 0 | M112: 0 | N112: 0 | O112: 0 | P112: 0 | Q112: 0 | R112: 0 | S112: 0 | T112: 0 | U112: 0 | V112: 0 | W112: 0 | X112: 0 | Y112: 0 | Z112: 0 | AA112: 0 | AB112: 0 | AC112: =SUM(E112:AB112) -> 0
A113: B | B113: JUMLAH SUARA SAH PARTAI POLITIK DAN CALON (A1 + A2) | E113: =SUM(E109:E112) -> 4 | F113: =SUM(F109:F112) -> 0 | G113: =SUM(G109:G112) -> 0 | H113: =SUM(H109:H112) -> 0 | I113: =SUM(I109:I112) -> 0 | J113: =SUM(J109:J112) -> 1 | K113: =SUM(K109:K112) -> 0 | L113: =SUM(L109:L112) -> 0 | ... AC113: =SUM(AC109:AC112) -> 6
A115: A.1 | B115: 10. | C115: Partai Hati Nurani Rakyat | E115: 1 | F115: 2 | G115: 1 | H115: 6 | I115: 1 | J115: 2 | K115: 0 | L115: 0 | M115: 0 | N115: 0 | O115: 0 | P115: 0 | Q115: 1 | R115: 0 | S115: 0 | T115: 4 | U115: 0 | V115: 0 | W115: 0 | X115: 1 | Y115: 0 | Z115: 0 | AA115: 0 | AB115: 0 | AC115: =SUM(E115:AB115) -> 19
A116: A.2 | B116: 1 | C116: H. HARIONO | E116: 0 | F116: 9 | G116: 20 | H116: 60 | I116: 6 | J116: 14 | K116: 1 | L116: 3 | M116: 2 | N116: 2 | O116: 1 | P116: 3 | Q116: 0 | R116: 0 | S116: 1 | T116: 22 | U116: 1 | V116: 3 | W116: 0 | X116: 0 | Y116: 0 | Z116: 0 | AA116: 0 | AB116: 1 | AC116: =SUM(E116:AB116) -> 149
B117: 2 | C117: GOPUR BACHITAR, S.T. | E117: 0 | F117: 0 | G117: 1 | H117: 0 | I117: 0 | J117: 5 | K117: 0 | L117: 0 | M117: 0 | N117: 0 | O117: 0 | P117: 0 | Q117: 0 | R117: 0 | S117: 1 | T117: 1 | U117: 0 | V117: 0 | W117: 1 | X117: 2 | Y117: 0 | Z117: 0 | AA117: 0 | AB117: 0 | AC117: =SUM(E117:AB117) -> 11
B118: 3 | C118: BONIMAH | E118: 0 | F118: 0 | G118: 0 | H118: 0 | I118: 0 | J118: 0 | K118: 0 | L118: 0 | M118: 0 | N118: 0 | O118: 0 | P118: 0 | Q118: 0 | R118: 0 | S118: 0 | T118: 0 | U118: 0 | V118: 0 | W118: 1 | X118: 0 | Y118: 0 | Z118: 0 | AA118: 0 | AB118: 0 | AC118: =SUM(E118:AB118) -> 1
B119: 4 | C119: AGUS PRAYOGI | E119: 0 | F119: 0 | G119: 0 | H119: 0 | I119: 0 | J119: 0 | K119: 0 | L119: 0 | M119: 0 | N119: 0 | O119: 0 | P119: 0 | Q119: 0 | R119: 0 | S119: 0 | T119: 0 | U119: 0 | V119: 0 | W119: 0 | X119: 0 | Y119: 0 | Z119: 0 | AA119: 0 | AB119: 0 | AC119: =SUM(E119:AB119) -> 0
B120: 5 | C120: DWI FITRIA PRATIWI | E120: 0 | F120: 0 | G120: 0 | H120: 0 | I120: 0 | J120: 0 | K120: 0 | L120: 0 | M120: 0 | N120: 0 | O120: 0 | P120: 0 | Q120: 0 | R120: 0 | S120: 0 | T120: 0 | U120: 0 | V120: 0 | W120: 0 | X120: 0 | Y120: 0 | Z120: 0 | AA120: 0 | AB120: 0 | AC120: =SUM(E120:AB120) -> 0
...

Sheet KALIPURO
C2: Kecamatan | D2: KALIPURO
C3: Kabupaten | D3: BANYUWANGI
C4: Provinsi | D4: JAWA TIMUR
C9: Kelurahan | D9: KALIPURO
A12: I | B12: DATA PEMILIH DAN PENGGUNAAN HAK PILIH | AR12: JUMLAH AKHIR
A13: A | B13: DATA PEMILIH | E13: TPS 001 | F13: TPS 002 | G13: TPS 003 | H13: TPS 004 | I13: TPS 005 | J13: TPS 006 | K13: TPS 007 | L13: TPS 008 | M13: TPS 009 | N13: TPS 010 | O13: TPS 011 | P13: TPS 012 | Q13: TPS 013 | R13: TPS 014 | S13: TPS 015 | T13: TPS 016 | U13: TPS 017 | V13: TPS 018 | W13: TPS 019 | X13: TPS 020 | Y13: TPS 021 | Z13: TPS 022 | AA13: TPS 023 | AB13: TPS 024 | AC13: TPS 025 | AD13: TPS 026 | AE13: TPS 027 | AF13: TPS 028 | AG13: TPS 029 | AH13: TPS 030 | AI13: TPS 031 | AJ13: TPS 032 | AK13: TPS 033 | AL13: TPS 034 | AM13: TPS 035 | AN13: TPS 036 | AO13: TPS 037 | AP13: TPS 038 | AQ13: TPS 039
B14: Jumlah Pemilih dalam Daftar Pemilih Tetap (DPT) | D14: LK | E14: 137 | F14: 141 | G14: 136 | H14: 135 | I14: 156 | J14: 147 | K14: 145 | L14: 147 | M14: 140 | N14: 141 | O14: 145 | P14: 134 | Q14: 148 | R14: 147 | S14: 139 | T14: 147 | U14: 138 | V14: 143 | W14: 133 | X14: 141 | Y14: 122 | Z14: 145 | AA14: 126 | AB14: 144 | AC14: 145 | AD14: 155 | AE14: 155 | AF14: 149 | AG14: 145 | AH14: 141 | AI14: 143 | AJ14: 135 | AK14: 145 | AL14: 147 | AM14: 132 | AN14: 147 | AO14: 136 | AP14: 150 | AQ14: 134 | AR14: =SUM(E14:AQ14) -> 5536
D15: PR | E15: 157 | F15: 146 | G15: 131 | H15: 154 | I15: 140 | J15: 146 | K15: 148 | L15: 151 | M15: 135 | N15: 158 | O15: 154 | P15: 124 | Q15: 150 | R15: 149 | S15: 156 | T15: 151 | U15: 158 | V15: 153 | W15: 158 | X15: 157 | Y15: 143 | Z15: 142 | AA15: 156 | AB15: 154 | AC15: 149 | AD15: 143 | AE15: 144 | AF15: 143 | AG15: 142 | AH15: 137 | AI15: 150 | AJ15: 157 | AK15: 149 | AL15: 147 | AM15: 123 | AN15: 147 | AO15: 143 | AP15: 147 | AQ15: 149 | AR15: =SUM(E15:AQ15) -> 5741
D16: JML | E16: =SUM(E14:E15) -> 294 | F16: =SUM(F14:F15) -> 287 | G16: =SUM(G14:G15) -> 267 | H16: =SUM(H14:H15) -> 289 | I16: =SUM(I14:I15) -> 296 | J16: =SUM(J14:J15) -> 293 | K16: =SUM(K14:K15) -> 293 | L16: =SUM(L14:L15) -> 298 | ... AQ16: =SUM(AQ14:AQ15) -> 283 | AR16: =SUM(E16:AQ16) -> 11277
A18: B | B18: PENGGUNA HAK PILIH
B19: 1. | C19: Jumlah pengguna hak pilih dalam Daftar Pemilih Tetap (DPT) | D19: LK | E19: 107 | F19: 105 | G19: 71 | H19: 91 | I19: 100 | J19: 84 | K19: 104 | L19: 108 | M19: 106 | N19: 101 | O19: 104 | P19: 103 | Q19: 113 | R19: 108 | S19: 105 | T19: 122 | U19: 89 | V19: 122 | W19: 95 | X19: 96 | Y19: 98 | Z19: 104 | AA19: 94 | AB19: 132 | AC19: 109 | AD19: 138 | AE19: 116 | AF19: 131 | AG19: 109 | AH19: 107 | AI19: 114 | AJ19: 110 | AK19: 111 | AL19: 127 | AM19: 107 | AN19: 123 | AO19: 101 | AP19: 131 | AQ19: 101 | AR19: =SUM(E19:AQ19) -> 4197
D20: PR | E20: 128 | F20: 117 | G20: 90 | H20: 101 | I20: 104 | J20: 99 | K20: 108 | L20: 126 | M20: 102 | N20: 116 | O20: 132 | P20: 109 | Q20: 122 | R20: 125 | S20: 120 | T20: 130 | U20: 111 | V20: 116 | W20: 125 | X20: 126 | Y20: 102 | Z20: 107 | AA20: 121 | AB20: 124 | AC20: 127 | AD20: 127 | AE20: 117 | AF20: 134 | AG20: 114 | AH20: 103 | AI20: 120 | AJ20: 123 | AK20: 109 | AL20: 126 | AM20: 107 | AN20: 116 | AO20: 96 | AP20: 122 | AQ20: 99 | AR20: =SUM(E20:AQ20) -> 4501
D21: JML | E21: =SUM(E19:E20) -> 235 | F21: =SUM(F19:F20) -> 222 | G21: =SUM(G19:G20) -> 161 | H21: =SUM(H19:H20) -> 192 | I21: =SUM(I19:I20) -> 204 | J21: =SUM(J19:J20) -> 183 | K21: =SUM(K19:K20) -> 212 | L21: =SUM(L19:L20) -> 234 | ... AQ21: =SUM(AQ19:AQ20) -> 200 | AR21: =SUM(E21:AQ21) -> 8698
B22: 2. | C22: Jumlah pengguna hak pilih dalam Daftar Pemilih Tambahan (DPTb) | D22: LK | E22: 0 | F22: 1 | G22: 2 | H22: 0 | I22: 1 | J22: 2 | K22: 0 | L22: 1 | M22: 0 | N22: 0 | O22: 0 | P22: 0 | Q22: 2 | R22: 1 | S22: 0 | T22: 1 | U22: 1 | V22: 0 | W22: 1 | X22: 0 | Y22: 0 | Z22: 1 | AA22: 0 | AB22: 1 | AC22: 0 | AD22: 0 | AE22: 0 | AF22: 0 | AG22: 0 | AH22: 0 | AI22: 0 | AJ22: 0 | AK22: 1 | AL22: 1 | AM22: 0 | AN22: 0 | AO22: 0 | AP22: 0 | AQ22: 1 | AR22: =SUM(E22:AQ22) -> 18
D23: PR | E23: 0 | F23: 1 | G23: 0 | H23: 0 | I23: 0 | J23: 0 | K23: 1 | L23: 1 | M23: 0 | N23: 0 | O23: 0 | P23: 0 | Q23: 0 | R23: 0 | S23: 1 | T23: 0 | U23: 0 | V23: 0 | W23: 0 | X23: 1 | Y23: 0 | Z23: 0 | AA23: 1 | AB23: 1 | AC23: 0 | AD23: 0 | AE23: 0 | AF23: 0 | AG23: 0 | AH23: 0 | AI23: 1 | AJ23: 0 | AK23: 0 | AL23: 0 | AM23: 1 | AN23: 0 | AO23: 0 | AP23: 0 | AQ23: 0 | AR23: =SUM(E23:AQ23) -> 9
D24: JML | E24: =SUM(E22:E23) -> 0 | F24: =SUM(F22:F23) -> 2 | G24: =SUM(G22:G23) -> 2 | H24: =SUM(H22:H23) -> 0 | I24: =SUM(I22:I23) -> 1 | J24: =SUM(J22:J23) -> 2 | K24: =SUM(K22:K23) -> 1 | L24: =SUM(L22:L23) -> 2 | ... AQ24: =SUM(AQ22:AQ23) -> 1 | AR24: =SUM(E24:AQ24) -> 27
B25: 3. | C25: Jumlah pengguna hak pilih dalam Daftar Pemilih Khusus (DPK) | D25: LK | E25: 1 | F25: 6 | G25: 0 | H25: 0 | I25: 2 | J25: 2 | K25: 4 | L25: 3 | M25: 2 | N25: 2 | O25: 2 | P25: 2 | Q25: 1 | R25: 0 | S25: 0 | T25: 3 | U25: 0 | V25: 9 | W25: 1 | X25: 7 | Y25: 1 | Z25: 1 | AA25: 0 | AB25: 2 | AC25: 1 | AD25: 3 | AE25: 3 | AF25: 0 | AG25: 2 | AH25: 6 | AI25: 4 | AJ25: 5 | AK25: 5 | AL25: 1 | AM25: 6 | AN25: 15 | AO25: 4 | AP25: 0 | AQ25: 0 | AR25: =SUM(E25:AQ25) -> 106
D26: PR | E26: 0 | F26: 0 | G26: 0 | H26: 1 | I26: 3 | J26: 7 | K26: 2 | L26: 2 | M26: 3 | N26: 1 | O26: 3 | P26: 2 | Q26: 2 | R26: 1 | S26: 5 | T26: 4 | U26: 0 | V26: 10 | W26: 0 | X26: 6 | Y26: 1 | Z26: 4 | AA26: 0 | AB26: 0 | AC26: 2 | AD26: 6 | AE26: 6 | AF26: 1 | AG26: 3 | AH26: 3 | AI26: 7 | AJ26: 6 | AK26: 8 | AL26: 2 | AM26: 5 | AN26: 15 | AO26: 4 | AP26: 0 | AQ26: 1 | AR26: =SUM(E26:AQ26) -> 126
D27: JML | E27: =SUM(E25:E26) -> 1 | F27: =SUM(F25:F26) -> 6 | G27: =SUM(G25:G26) -> 0 | H27: =SUM(H25:H26) -> 1 | I27: =SUM(I25:I26) -> 5 | J27: =SUM(J25:J26) -> 9 | K27: =SUM(K25:K26) -> 6 | L27: =SUM(L25:L26) -> 5 | ... AQ27: =SUM(AQ25:AQ26) -> 1 | AR27: =SUM(E27:AQ27) -> 232
B28: 4. | C28: Jumlah Pengguna Hak Pilih (B.1+B.2+B.3) | D28: LK | E28: =SUM(E19,E22,E25) -> 108 | F28: =SUM(F19,F22,F25) -> 112 | G28: =SUM(G19,G22,G25) -> 73 | H28: =SUM(H19,H22,H25) -> 91 | I28: =SUM(I19,I22,I25) -> 103 | J28: =SUM(J19,J22,J25) -> 88 | K28: =SUM(K19,K22,K25) -> 108 | L28: =SUM(L19,L22,L25) -> 112 | ... AQ28: =SUM(AQ19,AQ22,AQ25) -> 102 | AR28: =SUM(E28:AQ28) -> 4321
D29: PR | E29: =SUM(E20,E23,E26) -> 128 | F29: =SUM(F20,F23,F26) -> 118 | G29: =SUM(G20,G23,G26) -> 90 | H29: =SUM(H20,H23,H26) -> 102 | I29: =SUM(I20,I23,I26) -> 107 | J29: =SUM(J20,J23,J26) -> 106 | K29: =SUM(K20,K23,K26) -> 111 | L29: =SUM(L20,L23,L26) -> 129 | ... AQ29: =SUM(AQ20,AQ23,AQ26) -> 100 | AR29: =SUM(E29:AQ29) -> 4636
D30: JML | E30: =SUM(E28:E29) -> 236 | F30: =SUM(F28:F29) -> 230 | G30: =SUM(G28:G29) -> 163 | H30: =SUM(H28:H29) -> 193 | I30: =SUM(I28:I29) -> 210 | J30: =SUM(J28:J29) -> 194 | K30: =SUM(K28:K29) -> 219 | L30: =SUM(L28:L29) -> 241 | ... AQ30: =SUM(AQ28:AQ29) -> 202 | AR30: =SUM(E30:AQ30) -> 8957
A32: II | B32: DATA PENGGUNAAN SURAT SUARA
A33: 1 | B33: Jumlah surat suara yang diterima, termasuk surat suara cadangan 2,5% dari DPT | E33: 302 | F33: 293 | G33: 273 | H33: 295 | I33: 302 | J33: 299 | K33: 299 | L33: 304 | M33: 281 | N33: 305 | O33: 305 | P33: 264 | Q33: 304 | R33: 302 | S33: 301 | T33: 304 | U33: 303 | V33: 301 | W33: 297 | X33: 304 | Y33: 271 | Z33: 273 | AA33: 288 | AB33: 304 | AC33: 301 | AD33: 303 | AE33: 305 | AF33: 298 | AG33: 293 | AH33: 284 | AI33: 299 | AJ33: 298 | AK33: 300 | AL33: 300 | AM33: 261 | AN33: 301 | AO33: 285 | AP33: 303 | AQ33: 289 | AR33: =SUM(E33:AQ33) -> 11494
A34: 2 | B34: Jumlah surat suara yang digunakan | E34: 236 | F34: 230 | G34: 163 | H34: 193 | I34: 210 | J34: 194 | K34: 219 | L34: 241 | M34: 213 | N34: 220 | O34: 241 | P34: 216 | Q34: 240 | R34: 235 | S34: 231 | T34: 260 | U34: 201 | V34: 257 | W34: 222 | X34: 236 | Y34: 202 | Z34: 217 | AA34: 216 | AB34: 260 | AC34: 239 | AD34: 274 | AE34: 242 | AF34: 266 | AG34: 228 | AH34: 219 | AI34: 246 | AJ34: 244 | AK34: 234 | AL34: 257 | AM34: 226 | AN34: 269 | AO34: 205 | AP34: 253 | AQ34: 202 | AR34: =SUM(E34:AQ34) -> 8957
A35: 3 | B35: Jumlah surat suara dikembalikan oleh pemilih (karena rusak atau keliru coblos) | E35: 1 | F35: 0 | G35: 0 | H35: 0 | I35: 0 | J35: 1 | K35: 0 | L35: 0 | M35: 0 | N35: 0 | O35: 2 | P35: 2 | Q35: 1 | R35: 0 | S35: 0 | T35: 0 | U35: 0 | V35: 1 | W35: 0 | X35: 0 | Y35: 0 | Z35: 2 | AA35: 0 | AB35: 0 | AC35: 0 | AD35: 1 | AE35: 0 | AF35: 0 | AG35: 1 | AH35: 0 | AI35: 0 | AJ35: 0 | AK35: 0 | AL35: 0 | AM35: 1 | AN35: 0 | AO35: 0 | AP35: 0 | AQ35: 0 | AR35: =SUM(E35:AQ35) -> 13
A36: 4 | B36: Jumlah surat suara yang tidak digunakan/tidak terpakai, termasuk sisa surat suara cadangan | E36: =E33-(E34+E35) -> 65 | F36: =F33-(F34+F35) -> 63 | G36: =G33-(G34+G35) -> 110 | H36: =H33-(H34+H35) -> 102 | I36: =I33-(I34+I35) -> 92 | J36: =J33-(J34+J35) -> 104 | K36: =K33-(K34+K35) -> 80 | L36: =L33-(L34+L35) -> 63 | ... S36: =S33-(S34+S35) -> 70 | T36: 44 | U36: 102 | V36: 43 | W36: 75 | X36: 68 | Y36: 69 | Z36: 54 | AA36: 72 | AB36: 44 | AC36: 62 | AD36: 28 | AE36: 63 | AF36: 32 | AG36: 64 | AH36: 65 | AI36: =AI33-(AI34+AI35) -> 53 | AJ36: =AJ33-(AJ34+AJ35) -> 54 | AK36: =AK33-(AK34+AK35) -> 66 | AL36: =AL33-(AL34+AL35) -> 43 | AM36: =AM33-(AM34+AM35) -> 34 | AN36: =AN33-(AN34+AN35) -> 32 | AO36: =AO33-(AO34+AO35) -> 80 | AP36: =AP33-(AP34+AP35) -> 50 | AQ36: =AQ33-(AQ34+AQ35) -> 87 | AR36: =SUM(E36:AQ36) -> 2524
A38: III | B38: DATA PEMILIH DISABILITAS
B39: Jumlah seluruh Pemilih disabilitas yang menggunakan hak pilih | D39: LK | E39: 1 | F39: 1 | G39: 0 | H39: 0 | I39: 0 | J39: 0 | K39: 0 | L39: 0 | M39: 1 | N39: 0 | O39: 0 | P39: 0 | Q39: 0 | R39: 0 | S39: 2 | T39: 1 | U39: 0 | V39: 0 | W39: 2 | X39: 0 | Y39: 0 | Z39: 0 | AA39: 0 | AB39: 0 | AC39: 3 | AD39: 3 | AE39: 0 | AF39: 0 | AG39: 0 | AH39: 1 | AI39: 0 | AJ39: 0 | AK39: 0 | AL39: 0 | AM39: 0 | AN39: 0 | AO39: 0 | AP39: 0 | AQ39: 1 | AR39: =SUM(E39:AQ39) -> 16
D40: PR | E40: 2 | F40: 0 | G40: 0 | H40: 0 | I40: 0 | J40: 0 | K40: 0 | L40: 0 | M40: 0 | N40: 0 | O40: 0 | P40: 0 | Q40: 0 | R40: 0 | S40: 3 | T40: 0 | U40: 2 | V40: 0 | W40: 1 | X40: 0 | Y40: 0 | Z40: 0 | AA40: 0 | AB40: 0 | AC40: 4 | AD40: 1 | AE40: 0 | AF40: 0 | AG40: 1 | AH40: 0 | AI40: 0 | AJ40: 0 | AK40: 0 | AL40: 0 | AM40: 0 | AN40: 0 | AO40: 0 | AP40: 0 | AQ40: 0 | AR40: =SUM(E40:AQ40) -> 14
D41: JML | E41: =SUM(E39:E40) -> 3 | F41: =SUM(F39:F40) -> 1 | G41: =SUM(G39:G40) -> 0 | H41: =SUM(H39:H40) -> 0 | I41: =SUM(I39:I40) -> 0 | J41: =SUM(J39:J40) -> 0 | K41: =SUM(K39:K40) -> 0 | L41: =SUM(L39:L40) -> 0 | ... AQ41: =SUM(AQ39:AQ40) -> 1 | AR41: =SUM(E41:AQ41) -> 30
A43: IV | B43: DATA RINCIAN PEROLEHAN SUARA PASANGAN CALON BUPATI DAN WAKIL BUPATI
A44: NOMOR DAN NAMA CALON
A45: A.1 | B45: 1. | C45: Partai Kebangkitan Bangsa | E45: 5 | F45: 9 | G45: 3 | H45: 7 | I45: 2 | J45: 6 | K45: 2 | L45: 9 | M45: 2 | N45: 13 | O45: 1 | P45: 9 | Q45: 7 | R45: 6 | S45: 3 | T45: 7 | U45: 5 | V45: 20 | W45: 3 | X45: 6 | Y45: 6 | Z45: 4 | AA45: 20 | AB45: 14 | AC45: 9 | AD45: 4 | AE45: 3 | AF45: 12 | AG45: 11 | AH45: 12 | AI45: 20 | AJ45: 9 | AK45: 8 | AL45: 29 | AM45: 10 | AN45: 21 | AO45: 12 | AP45: 15 | AQ45: 1 | AR45: =SUM(E45:AQ45) -> 345
A46: A.2 | B46: 1 | C46: HJ. SITI MAKHROCHATIN NI’MAH, S.PD., M.M. | E46: 4 | F46: 11 | G46: 6 | H46: 12 | I46: 3 | J46: 5 | K46: 5 | L46: 19 | M46: 9 | N46: 13 | O46: 4 | P46: 18 | Q46: 7 | R46: 5 | S46: 5 | T46: 4 | U46: 5 | V46: 30 | W46: 5 | X46: 7 | Y46: 17 | Z46: 30 | AA46: 25 | AB46: 15 | AC46: 5 | AD46: 4 | AE46: 8 | AF46: 24 | AG46: 18 | AH46: 15 | AI46: 16 | AJ46: 20 | AK46: 37 | AL46: 26 | AM46: 4 | AN46: 23 | AO46: 21 | AP46: 24 | AQ46: 2 | AR46: =SUM(E46:AQ46) -> 511
B47: 2 | C47: A. TAUFIK | E47: 0 | F47: 2 | G47: 2 | H47: 0 | I47: 2 | J47: 1 | K47: 4 | L47: 0 | M47: 9 | N47: 3 | O47: 14 | P47: 0 | Q47: 3 | R47: 2 | S47: 1 | T47: 0 | U47: 3 | V47: 1 | W47: 2 | X47: 0 | Y47: 2 | Z47: 5 | AA47: 1 | AB47: 3 | AC47: 18 | AD47: 5 | AE47: 7 | AF47: 4 | AG47: 28 | AH47: 4 | AI47: 4 | AJ47: 1 | AK47: 2 | AL47: 6 | AM47: 2 | AN47: 4 | AO47: 11 | AP47: 6 | AQ47: 0 | AR47: =SUM(E47:AQ47) -> 162
B48: 3 | C48: KHOIRUL FAHMI ISKANDAR, S.PD | E48: 1 | F48: 2 | G48: 3 | H48: 0 | I48: 0 | J48: 0 | K48: 2 | L48: 0 | M48: 0 | N48: 1 | O48: 1 | P48: 1 | Q48: 4 | R48: 1 | S48: 0 | T48: 0 | U48: 1 | V48: 0 | W48: 0 | X48: 2 | Y48: 1 | Z48: 1 | AA48: 0 | AB48: 0 | AC48: 0 | AD48: 0 | AE48: 0 | AF48: 0 | AG48: 1 | AH48: 1 | AI48: 1 | AJ48: 0 | AK48: 0 | AL48: 1 | AM48: 1 | AN48: 0 | AO48: 2 | AP48: 3 | AQ48: 0 | AR48: =SUM(E48:AQ48) -> 31
B49: 4 | C49: AKHMAD, S.PD., M.M. | E49: 1 | F49: 2 | G49: 1 | H49: 0 | I49: 0 | J49: 0 | K49: 0 | L49: 0 | M49: 0 | N49: 0 | O49: 0 | P49: 0 | Q49: 0 | R49: 0 | S49: 1 | T49: 0 | U49: 0 | V49: 0 | W49: 1 | X49: 1 | Y49: 0 | Z49: 0 | AA49: 0 | AB49: 0 | AC49: 1 | AD49: 0 | AE49: 0 | AF49: 0 | AG49: 0 | AH49: 2 | AI49: 1 | AJ49: 0 | AK49: 0 | AL49: 0 | AM49: 0 | AN49: 0 | AO49: 0 | AP49: 0 | AQ49: 0 | AR49: =SUM(E49:AQ49) -> 11
B50: 5 | C50: SOFI WULANDARI, S.H. | E50: 0 | F50: 0 | G50: 0 | H50: 0 | I50: 0 | J50: 0 | K50: 0 | L50: 0 | M50: 0 | N50: 0 | O50: 0 | P50: 0 | Q50: 0 | R50: 0 | S50: 0 | T50: 0 | U50: 0 | V50: 0 | W50: 0 | X50: 0 | Y50: 0 | Z50: 0 | AA50: 0 | AB50: 0 | AC50: 0 | AD50: 0 | AE50: 0 | AF50: 0 | AG50: 0 | AH50: 0 | AI50: 0 | AJ50: 0 | AK50: 0 | AL50: 0 | AM50: 0 | AN50: 0 | AO50: 0 | AP50: 0 | AQ50: 0 | AR50: =SUM(E50:AQ50) -> 0
B51: 6 | C51: AL MA’ARIF | E51: 0 | F51: 0 | G51: 0 | H51: 0 | I51: 0 | J51: 0 | K51: 1 | L51: 0 | M51: 1 | N51: 0 | O51: 0 | P51: 0 | Q51: 0 | R51: 0 | S51: 0 | T51: 1 | U51: 0 | V51: 0 | W51: 0 | X51: 0 | Y51: 0 | Z51: 0 | AA51: 1 | AB51: 0 | AC51: 0 | AD51: 0 | AE51: 0 | AF51: 0 | AG51: 0 | AH51: 0 | AI51: 0 | AJ51: 0 | AK51: 0 | AL51: 0 | AM51: 0 | AN51: 0 | AO51: 0 | AP51: 0 | AQ51: 0 | AR51: =SUM(E51:AQ51) -> 4
A52: B | B52: JUMLAH SUARA SAH PARTAI POLITIK DAN CALON (A1 + A2) | E52: =SUM(E45:E51) -> 11 | F52: =SUM(F45:F51) -> 26 | G52: =SUM(G45:G51) -> 15 | H52: =SUM(H45:H51) -> 19 | I52: =SUM(I45:I51) -> 7 | J52: =SUM(J45:J51) -> 12 | K52: =SUM(K45:K51) -> 14 | L52: =SUM(L45:L51) -> 28 | ... AR52: =SUM(AR45:AR51) -> 1064
A54: A.1 | B54: 2. | C54: Partai Gerakan Indonesia Raya | E54: 7 | F54: 14 | G54: 11 | H54: 7 | I54: 7 | J54: 7 | K54: 10 | L54: 3 | M54: 8 | N54: 4 | O54: 6 | P54: 4 | Q54: 13 | R54: 6 | S54: 11 | T54: 2 | U54: 7 | V54: 3 | W54: 3 | X54: 11 | Y54: 2 | Z54: 1 | AA54: 8 | AB54: 7 | AC54: 3 | AD54: 8 | AE54: 6 | AF54: 6 | AG54: 4 | AH54: 4 | AI54: 8 | AJ54: 5 | AK54: 10 | AL54: 9 | AM54: 11 | AN54: 1 | AO54: 5 | AP54: 7 | AQ54: 5 | AR54: =SUM(E54:AQ54) -> 254
A55: A.2 | B55: 1 | C55: ASRILA DISKA RIMUNDA | E55: 4 | F55: 8 | G55: 10 | H55: 6 | I55: 12 | J55: 3 | K55: 6 | L55: 2 | M55: 7 | N55: 9 | O55: 3 | P55: 3 | Q55: 10 | R55: 8 | S55: 2 | T55: 4 | U55: 10 | V55: 14 | W55: 7 | X55: 8 | Y55: 28 | Z55: 4 | AA55: 3 | AB55: 16 | AC55: 4 | AD55: 15 | AE55: 12 | AF55: 7 | AG55: 0 | AH55: 2 | AI55: 13 | AJ55: 7 | AK55: 1 | AL55: 6 | AM55: 8 | AN55: 0 | AO55: 1 | AP55: 8 | AQ55: 4 | AR55: =SUM(E55:AQ55) -> 275
B56: 2 | C56: ANIK MUSYAROFAH | E56: 0 | F56: 5 | G56: 3 | H56: 5 | I56: 3 | J56: 2 | K56: 0 | L56: 4 | M56: 1 | N56: 2 | O56: 4 | P56: 2 | Q56: 2 | R56: 1 | S56: 2 | T56: 2 | U56: 1 | V56: 2 | W56: 1 | X56: 2 | Y56: 0 | Z56: 2 | AA56: 1 | AB56: 0 | AC56: 1 | AD56: 4 | AE56: 0 | AF56: 2 | AG56: 1 | AH56: 1 | AI56: 2 | AJ56: 3 | AK56: 0 | AL56: 1 | AM56: 3 | AN56: 0 | AO56: 1 | AP56: 2 | AQ56: 33 | AR56: =SUM(E56:AQ56) -> 101
B57: 3 | C57: JOKO MISBONO | E57: 0 | F57: 2 | G57: 0 | H57: 0 | I57: 0 | J57: 1 | K57: 2 | L57: 0 | M57: 0 | N57: 0 | O57: 0 | P57: 0 | Q57: 3 | R57: 1 | S57: 0 | T57: 0 | U57: 2 | V57: 0 | W57: 0 | X57: 4 | Y57: 0 | Z57: 1 | AA57: 1 | AB57: 1 | AC57: 0 | AD57: 0 | AE57: 7 | AF57: 5 | AG57: 0 | AH57: 1 | AI57: 0 | AJ57: 0 | AK57: 0 | AL57: 0 | AM57: 0 | AN57: 0 | AO57: 0 | AP57: 0 | AQ57: 0 | AR57: =SUM(E57:AQ57) -> 31
B58: 4 | C58: REKTO PUSPITASARI | E58: 5 | F58: 7 | G58: 11 | H58: 15 | I58: 1 | J58: 1 | K58: 0 | L58: 1 | M58: 1 | N58: 0 | O58: 0 | P58: 7 | Q58: 2 | R58: 0 | S58: 1 | T58: 0 | U58: 1 | V58: 0 | W58: 7 | X58: 2 | Y58: 1 | Z58: 0 | AA58: 1 | AB58: 0 | AC58: 2 | AD58: 0 | AE58: 0 | AF58: 0 | AG58: 0 | AH58: 0 | AI58: 1 | AJ58: 1 | AK58: 0 | AL58: 2 | AM58: 0 | AN58: 0 | AO58: 1 | AP58: 1 | AQ58: 0 | AR58: =SUM(E58:AQ58) -> 72
B59: 5 | C59: AHMAD KHOMSI WAHYUDI | E59: 0 | F59: 2 | G59: 0 | H59: 0 | I59: 1 | J59: 0 | K59: 1 | L59: 1 | M59: 0 | N59: 0 | O59: 1 | P59: 1 | Q59: 3 | R59: 0 | S59: 0 | T59: 0 | U59: 0 | V59: 0 | W59: 0 | X59: 0 | Y59: 0 | Z59: 0 | AA59: 0 | AB59: 0 | AC59: 0 | AD59: 0 | AE59: 0 | AF59: 0 | AG59: 0 | AH59: 0 | AI59: 0 | AJ59: 0 | AK59: 0 | AL59: 0 | AM59: 0 | AN59: 0 | AO59: 0 | AP59: 0 | AQ59: 0 | AR59: =SUM(E59:AQ59) -> 10
B60: 6 | C60: ACHI RIZAL FIRDAUS | E60: 23 | F60: 14 | G60: 4 | H60: 20 | I60: 4 | J60: 8 | K60: 74 | L60: 63 | M60: 18 | N60: 20 | O60: 18 | P60: 29 | Q60: 33 | R60: 28 | S60: 52 | T60: 1 | U60: 59 | V60: 1 | W60: 60 | X60: 34 | Y60: 2 | Z60: 5 | AA60: 17 | AB60: 5 | AC60: 3 | AD60: 7 | AE60: 4 | AF60: 3 | AG60: 3 | AH60: 10 | AI60: 5 | AJ60: 0 | AK60: 3 | AL60: 30 | AM60: 8 | AN60: 8 | AO60: 3 | AP60: 0 | AQ60: 0 | AR60: =SUM(E60:AQ60) -> 679
A61: B | B61: JUMLAH SUARA SAH PARTAI POLITIK DAN CALON (A1 + A2) | E61: =SUM(E54:E60) -> 39 | F61: =SUM(F54:F60) -> 52 | G61: =SUM(G54:G60) -> 39 | H61: =SUM(H54:H60) -> 53 | I61: =SUM(I54:I60) -> 28 | J61: =SUM(J54:J60) -> 22 | K61: =SUM(K54:K60) -> 93 | L61: =SUM(L54:L60) -> 74 | ... AR61: =SUM(AR54:AR60) -> 1422
A63: A.1 | B63: 3. | C63: Partai Demokrasi Indonesia Perjuangan | E63: 6 | F63: 5 | G63: 3 | H63: 5 | I63: 6 | J63: 3 | K63: 3 | L63: 2 | M63: 4 | N63: 3 | O63: 2 | P63: 2 | Q63: 0 | R63: 5 | S63: 6 | T63: 1 | U63: 2 | V63: 4 | W63: 1 | X63: 6 | Y63: 11 | Z63: 1 | AA63: 11 | AB63: 13 | AC63: 6 | AD63: 0 | AE63: 6 | AF63: 12 | AG63: 5 | AH63: 20 | AI63: 8 | AJ63: 8 | AK63: 6 | AL63: 3 | AM63: 7 | AN63: 2 | AO63: 8 | AP63: 2 | AQ63: 4 | AR63: =SUM(E63:AQ63) -> 202
A64: A.2 | B64: 1 | C64: I MADE CAHYANA NEGARA, S.E. | E64: 4 | F64: 11 | G64: 27 | H64: 20 | I64: 23 | J64: 5 | K64: 1 | L64: 13 | M64: 10 | N64: 11 | O64: 32 | P64: 10 | Q64: 10 | R64: 8 | S64: 15 | T64: 2 | U64: 7 | V64: 17 | W64: 19 | X64: 8 | Y64: 53 | Z64: 33 | AA64: 26 | AB64: 33 | AC64: 26 | AD64: 49 | AE64: 8 | AF64: 43 | AG64: 16 | AH64: 56 | AI64: 24 | AJ64: 52 | AK64: 33 | AL64: 31 | AM64: 23 | AN64: 15 | AO64: 27 | AP64: 27 | AQ64: 31 | AR64: =SUM(E64:AQ64) -> 859
B65: 2 | C65: AGUS WAHYU PANOTO, S.H. | E65: 1 | F65: 3 | G65: 2 | H65: 2 | I65: 3 | J65: 0 | K65: 1 | L65: 1 | M65: 3 | N65: 1 | O65: 0 | P65: 1 | Q65: 0 | R65: 1 | S65: 0 | T65: 0 | U65: 0 | V65: 3 | W65: 1 | X65: 0 | Y65: 0 | Z65: 2 | AA65: 0 | AB65: 1 | AC65: 1 | AD65: 0 | AE65: 1 | AF65: 0 | AG65: 2 | AH65: 2 | AI65: 1 | AJ65: 3 | AK65: 4 | AL65: 0 | AM65: 1 | AN65: 6 | AO65: 1 | AP65: 1 | AQ65: 1 | AR65: =SUM(E65:AQ65) -> 50
B66: 3 | C66: IIS SUMIYATI | E66: 0 | F66: 1 | G66: 0 | H66: 0 | I66: 1 | J66: 0 | K66: 0 | L66: 1 | M66: 0 | N66: 0 | O66: 1 | P66: 0 | Q66: 1 | R66: 0 | S66: 0 | T66: 1 | U66: 0 | V66: 0 | W66: 2 | X66: 0 | Y66: 3 | Z66: 3 | AA66: 0 | AB66: 1 | AC66: 0 | AD66: 0 | AE66: 0 | AF66: 1 | AG66: 0 | AH66: 1 | AI66: 0 | AJ66: 1 | AK66: 2 | AL66: 1 | AM66: 0 | AN66: 0 | AO66: 0 | AP66: 1 | AQ66: 0 | AR66: =SUM(E66:AQ66) -> 22
B67: 4 | C67: ACHMAD MUZAMMIL | E67: 0 | F67: 2 | G67: 1 | H67: 0 | I67: 0 | J67: 1 | K67: 0 | L67: 0 | M67: 0 | N67: 0 | O67: 0 | P67: 0 | Q67: 0 | R67: 0 | S67: 0 | T67: 0 | U67: 0 | V67: 0 | W67: 0 | X67: 1 | Y67: 0 | Z67: 0 | AA67: 0 | AB67: 1 | AC67: 0 | AD67: 1 | AE67: 1 | AF67: 2 | AG67: 1 | AH67: 0 | AI67: 0 | AJ67: 1 | AK67: 0 | AL67: 0 | AM67: 0 | AN67: 0 | AO67: 0 | AP67: 1 | AQ67: 0 | AR67: =SUM(E67:AQ67) -> 13
B68: 5 | C68: WENDRIAWANTO | E68: 0 | F68: 3 | G68: 4 | H68: 1 | I68: 1 | J68: 0 | K68: 0 | L68: 0 | M68: 0 | N68: 0 | O68: 0 | P68: 0 | Q68: 1 | R68: 0 | S68: 2 | T68: 0 | U68: 0 | V68: 0 | W68: 0 | X68: 0 | Y68: 0 | Z68: 1 | AA68: 0 | AB68: 0 | AC68: 0 | AD68: 0 | AE68: 0 | AF68: 0 | AG68: 0 | AH68: 0 | AI68: 0 | AJ68: 0 | AK68: 0 | AL68: 0 | AM68: 0 | AN68: 0 | AO68: 0 | AP68: 0 | AQ68: 0 | AR68: =SUM(E68:AQ68) -> 13
B69: 6 | C69: PUTRI MEGA AYU WIDIARTI | E69: 0 | F69: 2 | G69: 2 | H69: 0 | I69: 0 | J69: 0 | K69: 1 | L69: 0 | M69: 1 | N69: 0 | O69: 0 | P69: 0 | Q69: 0 | R69: 0 | S69: 0 | T69: 0 | U69: 0 | V69: 1 | W69: 1 | X69: 0 | Y69: 0 | Z69: 0 | AA69: 0 | AB69: 0 | AC69: 1 | AD69: 0 | AE69: 0 | AF69: 0 | AG69: 0 | AH69: 0 | AI69: 0 | AJ69: 0 | AK69: 0 | AL69: 0 | AM69: 0 | AN69: 0 | AO69: 0 | AP69: 0 | AQ69: 0 | AR69: =SUM(E69:AQ69) -> 9
A70: B | B70: JUMLAH SUARA SAH PARTAI POLITIK DAN CALON (A1 + A2) | E70: =SUM(E63:E69) -> 11 | F70: =SUM(F63:F69) -> 27 | G70: =SUM(G63:G69) -> 39 | H70: =SUM(H63:H69) -> 28 | I70: =SUM(I63:I69) -> 34 | J70: =SUM(J63:J69) -> 9 | K70: =SUM(K63:K69) -> 6 | L70: =SUM(L63:L69) -> 17 | ... AR70: =SUM(AR63:AR69) -> 1168
A72: A.1 | B72: 4. | C72: Partai Golongan Karya | E72: 12 | F72: 5 | G72: 2 | H72: 1 | I72: 10 | J72: 10 | K72: 2 | L72: 0 | M72: 0 | N72: 1 | O72: 1 | P72: 1 | Q72: 3 | R72: 11 | S72: 1 | T72: 16 | U72: 5 | V72: 11 | W72: 2 | X72: 11 | Y72: 0 | Z72: 0 | AA72: 12 | AB72: 1 | AC72: 3 | AD72: 0 | AE72: 8 | AF72: 5 | AG72: 9 | AH72: 6 | AI72: 7 | AJ72: 2 | AK72: 3 | AL72: 3 | AM72: 7 | AN72: 3 | AO72: 0 | AP72: 1 | AQ72: 0 | AR72: =SUM(E72:AQ72) -> 175
A73: A.2 | B73: 1 | C73: UMI KULSUM, S.H. | E73: 103 | F73: 9 | G73: 6 | H73: 5 | I73: 45 | J73: 54 | K73: 5 | L73: 6 | M73: 5 | N73: 2 | O73: 6 | P73: 2 | Q73: 8 | R73: 81 | S73: 10 | T73: 128 | U73: 19 | V73: 112 | W73: 2 | X73: 61 | Y73: 2 | Z73: 4 | AA73: 28 | AB73: 31 | AC73: 7 | AD73: 1 | AE73: 6 | AF73: 7 | AG73: 49 | AH73: 32 | AI73: 63 | AJ73: 5 | AK73: 4 | AL73: 6 | AM73: 4 | AN73: 94 | AO73: 4 | AP73: 3 | AQ73: 2 | AR73: =SUM(E73:AQ73) -> 1021
B74: 2 | C74: SONNY PRAKOSO INDRA, S.E. | E74: 7 | F74: 8 | G74: 3 | H74: 4 | I74: 10 | J74: 5 | K74: 0 | L74: 0 | M74: 3 | N74: 3 | O74: 2 | P74: 2 | Q74: 1 | R74: 2 | S74: 2 | T74: 26 | U74: 5 | V74: 3 | W74: 1 | X74: 4 | Y74: 0 | Z74: 1 | AA74: 6 | AB74: 43 | AC74: 56 | AD74: 6 | AE74: 61 | AF74: 5 | AG74: 6 | AH74: 8 | AI74: 18 | AJ74: 49 | AK74: 33 | AL74: 1 | AM74: 18 | AN74: 0 | AO74: 1 | AP74: 0 | AQ74: 3 | AR74: =SUM(E74:AQ74) -> 406
B75: 3 | C75: ERJUNA SITI FATIMAH | E75: 0 | F75: 0 | G75: 1 | H75: 1 | I75: 0 | J75: 2 | K75: 0 | L75: 0 | M75: 0 | N75: 0 | O75: 0 | P75: 0 | Q75: 0 | R75: 0 | S75: 0 | T75: 0 | U75: 0 | V75: 0 | W75: 0 | X75: 0 | Y75: 0 | Z75: 0 | AA75: 0 | AB75: 0 | AC75: 0 | AD75: 0 | AE75: 0 | AF75: 0 | AG75: 0 | AH75: 1 | AI75: 0 | AJ75: 0 | AK75: 0 | AL75: 0 | AM75: 0 | AN75: 0 | AO75: 0 | AP75: 0 | AQ75: 0 | AR75: =SUM(E75:AQ75) -> 5
B76: 4 | C76: SITI MARIYAM | E76: 0 | F76: 0 | G76: 0 | H76: 0 | I76: 1 | J76: 0 | K76: 0 | L76: 0 | M76: 0 | N76: 0 | O76: 1 | P76: 0 | Q76: 0 | R76: 0 | S76: 0 | T76: 0 | U76: 1 | V76: 0 | W76: 0 | X76: 0 | Y76: 0 | Z76: 0 | AA76: 1 | AB76: 1 | AC76: 0 | AD76: 0 | AE76: 0 | AF76: 0 | AG76: 0 | AH76: 0 | AI76: 0 | AJ76: 0 | AK76: 0 | AL76: 0 | AM76: 1 | AN76: 0 | AO76: 0 | AP76: 0 | AQ76: 0 | AR76: =SUM(E76:AQ76) -> 6
B77: 5 | C77: HERU SUKARNO, S.H. | E77: 0 | F77: 1 | G77: 0 | H77: 2 | I77: 1 | J77: 0 | K77: 0 | L77: 0 | M77: 0 | N77: 0 | O77: 0 | P77: 0 | Q77: 0 | R77: 0 | S77: 0 | T77: 0 | U77: 0 | V77: 0 | W77: 0 | X77: 0 | Y77: 0 | Z77: 0 | AA77: 0 | AB77: 0 | AC77: 0 | AD77: 0 | AE77: 0 | AF77: 0 | AG77: 0 | AH77: 0 | AI77: 0 | AJ77: 0 | AK77: 0 | AL77: 0 | AM77: 0 | AN77: 0 | AO77: 1 | AP77: 0 | AQ77: 0 | AR77: =SUM(E77:AQ77) -> 5
B78: 6 | C78: AHMAD MUZAYYIN | E78: 1 | F78: 0 | G78: 1 | H78: 0 | I78: 0 | J78: 2 | K78: 0 | L78: 0 | M78: 0 | N78: 0 | O78: 0 | P78: 0 | Q78: 0 | R78: 0 | S78: 0 | T78: 0 | U78: 0 | V78: 0 | W78: 0 | X78: 0 | Y78: 0 | Z78: 0 | AA78: 0 | AB78: 0 | AC78: 0 | AD78: 0 | AE78: 0 | AF78: 0 | AG78: 0 | AH78: 0 | AI78: 0 | AJ78: 0 | AK78: 0 | AL78: 0 | AM78: 0 | AN78: 0 | AO78: 0 | AP78: 1 | AQ78: 0 | AR78: =SUM(E78:AQ78) -> 5
A79: B | B79: JUMLAH SUARA SAH PARTAI POLITIK DAN CALON (A1 + A2) | E79: =SUM(E72:E78) -> 123 | F79: =SUM(F72:F78) -> 23 | G79: =SUM(G72:G78) -> 13 | H79: =SUM(H72:H78) -> 13 | I79: =SUM(I72:I78) -> 67 | J79: =SUM(J72:J78) -> 73 | K79: =SUM(K72:K78) -> 7 | L79: =SUM(L72:L78) -> 6 | ... AR79: =SUM(AR72:AR78) -> 1623
A81: A.1 | B81: 5. | C81: Partai NasDem | E81: 2 | F81: 4 | G81: 3 | H81: 1 | I81: 2 | J81: 0 | K81: 4 | L81: 3 | M81: 2 | N81: 0 | O81: 2 | P81: 6 | Q81: 4 | R81: 2 | S81: 1 | T81: 3 | U81: 1 | V81: 3 | W81: 1 | X81: 2 | Y81: 6 | Z81: 5 | AA81: 3 | AB81: 2 | AC81: 5 | AD81: 3 | AE81: 2 | AF81: 1 | AG81: 0 | AH81: 1 | AI81: 2 | AJ81: 0 | AK81: 3 | AL81: 2 | AM81: 4 | AN81: 1 | AO81: 1 | AP81: 5 | AQ81: 0 | AR81: =SUM(E81:AQ81) -> 92
A82: A.2 | B82: 1 | C82: DRS. MOH. PADIL | E82: 5 | F82: 19 | G82: 0 | H82: 8 | I82: 2 | J82: 16 | K82: 40 | L82: 53 | M82: 26 | N82: 23 | O82: 46 | P82: 30 | Q82: 42 | R82: 8 | S82: 21 | T82: 0 | U82: 17 | V82: 6 | W82: 18 | X82: 10 | Y82: 29 | Z82: 68 | AA82: 1 | AB82: 28 | AC82: 52 | AD82: 66 | AE82: 23 | AF82: 20 | AG82: 4 | AH82: 2 | AI82: 0 | AJ82: 1 | AK82: 37 | AL82: 21 | AM82: 2 | AN82: 2 | AO82: 3 | AP82: 32 | AQ82: 20 | AR82: =SUM(E82:AQ82) -> 801
B83: 2 | C83: ALEX WIJAYA KUSUMA | E83: 0 | F83: 0 | G83: 0 | H83: 0 | I83: 0 | J83: 0 | K83: 0 | L83: 0 | M83: 0 | N83: 0 | O83: 2 | P83: 0 | Q83: 1 | R83: 0 | S83: 0 | T83: 0 | U83: 1 | V83: 9 | W83: 0 | X83: 0 | Y83: 0 | Z83: 0 | AA83: 0 | AB83: 0 | AC83: 0 | AD83: 1 | AE83: 0 | AF83: 0 | AG83: 0 | AH83: 0 | AI83: 1 | AJ83: 0 | AK83: 0 | AL83: 0 | AM83: 0 | AN83: 0 | AO83: 0 | AP83: 0 | AQ83: 0 | AR83: =SUM(E83:AQ83) -> 15
B84: 3 | C84: DANY FARDA MIHMDIAT | E84: 0 | F84: 1 | G84: 0 | H84: 2 | I84: 0 | J84: 0 | K84: 0 | L84: 0 | M84: 0 | N84: 1 | O84: 0 | P84: 0 | Q84: 0 | R84: 0 | S84: 0 | T84: 0 | U84: 0 | V84: 0 | W84: 0 | X84: 1 | Y84: 0 | Z84: 0 | AA84: 0 | AB84: 0 | AC84: 0 | AD84: 0 | AE84: 0 | AF84: 0 | AG84: 0 | AH84: 0 | AI84: 0 | AJ84: 0 | AK84: 0 | AL84: 0 | AM84: 0 | AN84: 0 | AO84: 0 | AP84: 0 | AQ84: 0 | AR84: =SUM(E84:AQ84) -> 5
B85: 4 | C85: UNTUNG AL AKBAR | E85: 0 | F85: 0 | G85: 0 | H85: 1 | I85: 0 | J85: 1 | K85: 1 | L85: 0 | M85: 0 | N85: 0 | O85: 0 | P85: 1 | Q85: 6 | R85: 0 | S85: 0 | T85: 0 | U85: 0 | V85: 0 | W85: 0 | X85: 0 | Y85: 0 | Z85: 0 | AA85: 0 | AB85: 0 | AC85: 0 | AD85: 0 | AE85: 0 | AF85: 0 | AG85: 0 | AH85: 0 | AI85: 0 | AJ85: 0 | AK85: 0 | AL85: 0 | AM85: 0 | AN85: 0 | AO85: 0 | AP85: 0 | AQ85: 1 | AR85: =SUM(E85:AQ85) -> 11
B86: 5 | C86: SETYO PONCO UTOMO | E86: 5 | F86: 9 | G86: 1 | H86: 5 | I86: 14 | J86: 2 | K86: 2 | L86: 0 | M86: 0 | N86: 0 | O86: 1 | P86: 0 | Q86: 1 | R86: 0 | S86: 1 | T86: 0 | U86: 1 | V86: 3 | W86: 0 | X86: 2 | Y86: 1 | Z86: 6 | AA86: 0 | AB86: 0 | AC86: 0 | AD86: 0 | AE86: 2 | AF86: 0 | AG86: 0 | AH86: 1 | AI86: 2 | AJ86: 0 | AK86: 1 | AL86: 0 | AM86: 0 | AN86: 0 | AO86: 0 | AP86: 1 | AQ86: 0 | AR86: =SUM(E86:AQ86) -> 61
B87: 6 | C87: LIA ALYSTIA NINGRUM, S.PD. | E87: 0 | F87: 7 | G87: 2 | H87: 2 | I87: 0 | J87: 21 | K87: 0 | L87: 0 | M87: 0 | N87: 2 | O87: 15 | P87: 0 | Q87: 2 | R87: 10 | S87: 12 | T87: 30 | U87: 0 | V87: 0 | W87: 6 | X87: 1 | Y87: 6 | Z87: 2 | AA87: 9 | AB87: 9 | AC87: 12 | AD87: 5 | AE87: 2 | AF87: 4 | AG87: 0 | AH87: 1 | AI87: 5 | AJ87: 0 | AK87: 2 | AL87: 0 | AM87: 1 | AN87: 0 | AO87: 0 | AP87: 6 | AQ87: 0 | AR87: =SUM(E87:AQ87) -> 174
A88: B | B88: JUMLAH SUARA SAH PARTAI POLITIK DAN CALON (A1 + A2) | E88: =SUM(E81:E87) -> 12 | F88: =SUM(F81:F87) -> 40 | G88: =SUM(G81:G87) -> 6 | H88: =SUM(H81:H87) -> 19 | I88: =SUM(I81:I87) -> 18 | J88: =SUM(J81:J87) -> 40 | K88: =SUM(K81:K87) -> 47 | L88: =SUM(L81:L87) -> 56 | ... AR88: =SUM(AR81:AR87) -> 1159
A90: A.1 | B90: 6. | C90: Partai Buruh | E90: 0 | F90: 2 | G90: 1 | H90: 0 | I90: 0 | J90: 2 | K90: 3 | L90: 0 | M90: 0 | N90: 1 | O90: 0 | P90: 0 | Q90: 1 | R90: 0 | S90: 3 | T90: 1 | U90: 1 | V90: 0 | W90: 1 | X90: 5 | Y90: 1 | Z90: 0 | AA90: 5 | AB90: 0 | AC90: 0 | AD90: 0 | AE90: 0 | AF90: 0 | AG90: 0 | AH90: 0 | AI90: 0 | AJ90: 0 | AK90: 0 | AL90: 4 | AM90: 0 | AN90: 0 | AO90: 0 | AP90: 0 | AQ90: 0 | AR90: =SUM(E90:AQ90) -> 31
A91: B | B91: JUMLAH SUARA SAH PARTAI POLITIK DAN CALON (A1 + A2) | E91: =SUM(E90:E90) -> 0 | F91: =SUM(F90:F90) -> 2 | G91: =SUM(G90:G90) -> 1 | H91: =SUM(H90:H90) -> 0 | I91: =SUM(I90:I90) -> 0 | J91: =SUM(J90:J90) -> 2 | K91: =SUM(K90:K90) -> 3 | L91: =SUM(L90:L90) -> 0 | ... AR91: =SUM(AR90:AR90) -> 31
A93: A.1 | B93: 7. | C93: Partai Gelombang Rakyat Indonesia | E93: 0 | F93: 0 | G93: 0 | H93: 1 | I93: 1 | J93: 0 | K93: 1 | L93: 0 | M93: 0 | N93: 1 | O93: 0 | P93: 0 | Q93: 0 | R93: 0 | S93: 0 | T93: 2 | U93: 1 | V93: 0 | W93: 0 | X93: 0 | Y93: 1 | Z93: 1 | AA93: 0 | AB93: 1 | AC93: 0 | AD93: 0 | AE93: 1 | AF93: 0 | AG93: 0 | AH93: 1 | AI93: 1 | AJ93: 1 | AK93: 0 | AL93: 2 | AM93: 1 | AN93: 2 | AO93: 1 | AP93: 0 | AQ93: 1 | AR93: =SUM(E93:AQ93) -> 21
A94: A.2 | B94: 1 | C94: ELY SODIKIN | E94: 0 | F94: 1 | G94: 1 | H94: 0 | I94: 0 | J94: 0 | K94: 0 | L94: 0 | M94: 1 | N94: 0 | O94: 0 | P94: 0 | Q94: 0 | R94: 0 | S94: 0 | T94: 0 | U94: 1 | V94: 0 | W94: 0 | X94: 1 | Y94: 1 | Z94: 0 | AA94: 0 | AB94: 0 | AC94: 0 | AD94: 0 | AE94: 0 | AF94: 0 | AG94: 0 | AH94: 0 | AI94: 0 | AJ94: 1 | AK94: 0 | AL94: 0 | AM94: 0 | AN94: 0 | AO94: 0 | AP94: 0 | AQ94: 0 | AR94: =SUM(E94:AQ94) -> 7
B95: 2 | C95: BAGUS WAHONO | E95: 0 | F95: 0 | G95: 0 | H95: 0 | I95: 0 | J95: 0 | K95: 0 | L95: 0 | M95: 0 | N95: 0 | O95: 0 | P95: 1 | Q95: 0 | R95: 0 | S95: 0 | T95: 0 | U95: 0 | V95: 1 | W95: 0 | X95: 0 | Y95: 0 | Z95: 0 | AA95: 0 | AB95: 0 | AC95: 0 | AD95: 0 | AE95: 0 | AF95: 1 | AG95: 0 | AH95: 0 | AI95: 0 | AJ95: 0 | AK95: 0 | AL95: 0 | AM95: 0 | AN95: 0 | AO95: 0 | AP95: 0 | AQ95: 0 | AR95: =SUM(E95:AQ95) -> 3
B96: 3 | C96: ARTIS YOGYA KARTIKA | E96: 0 | F96: 0 | G96: 0 | H96: 0 | I96: 0 | J96: 0 | K96: 0 | L96: 0 | M96: 0 | N96: 0 | O96: 0 | P96: 0 | Q96: 0 | R96: 0 | S96: 0 | T96: 0 | U96: 0 | V96: 0 | W96: 0 | X96: 0 | Y96: 0 | Z96: 0 | AA96: 0 | AB96: 0 | AC96: 0 | AD96: 0 | AE96: 0 | AF96: 0 | AG96: 0 | AH96: 0 | AI96: 0 | AJ96: 0 | AK96: 0 | AL96: 0 | AM96: 0 | AN96: 0 | AO96: 0 | AP96: 0 | AQ96: 0 | AR96: =SUM(E96:AQ96) -> 0
B97: 4 | C97: IMAM HAKTONO | E97: 0 | F97: 0 | G97: 0 | H97: 0 | I97: 0 | J97: 0 | K97: 0 | L97: 0 | M97: 0 | N97: 0 | O97: 0 | P97: 0 | Q97: 0 | R97: 0 | S97: 0 | T97: 0 | U97: 0 | V97: 0 | W97: 0 | X97: 0 | Y97: 0 | Z97: 0 | AA97: 0 | AB97: 0 | AC97: 0 | AD97: 0 | AE97: 0 | AF97: 0 | AG97: 0 | AH97: 0 | AI97: 1 | AJ97: 0 | AK97: 0 | AL97: 0 | AM97: 0 | AN97: 0 | AO97: 0 | AP97: 0 | AQ97: 0 | AR97: =SUM(E97:AQ97) -> 1
A98: B | B98: JUMLAH SUARA SAH PARTAI POLITIK DAN CALON (A1 + A2) | E98: =SUM(E93:E97) -> 0 | F98: =SUM(F93:F97) -> 1 | G98: =SUM(G93:G97) -> 1 | H98: =SUM(H93:H97) -> 1 | I98: =SUM(I93:I97) -> 1 | J98: =SUM(J93:J97) -> 0 | K98: =SUM(K93:K97) -> 1 | L98: =SUM(L93:L97) -> 0 | ... AR98: =SUM(AR93:AR97) -> 32
A100: A.1 | B100: 8. | C100: Partai Keadilan Sejahtera | E100: 0 | F100: 0 | G100: 0 | H100: 1 | I100: 3 | J100: 1 | K100: 0 | L100: 1 | M100: 0 | N100: 1 | O100: 0 | P100: 2 | Q100: 0 | R100: 1 | S100: 0 | T100: 0 | U100: 1 | V100: 0 | W100: 0 | X100: 0 | Y100: 1 | Z100: 0 | AA100: 1 | AB100: 0 | AC100: 1 | AD100: 2 | AE100: 0 | AF100: 2 | AG100: 0 | AH100: 0 | AI100: 0 | AJ100: 0 | AK100: 2 | AL100: 0 | AM100: 9 | AN100: 11 | AO100: 3 | AP100: 0 | AQ100: 0 | AR100: =SUM(E100:AQ100) -> 43
A101: A.2 | B101: 1 | C101: FAISOL AZZ, A.MD. | E101: 5 | F101: 2 | G101: 2 | H101: 5 | I101: 3 | J101: 5 | K101: 4 | L101: 1 | M101: 0 | N101: 3 | O101: 1 | P101: 2 | Q101: 3 | R101: 1 | S101: 3 | T101: 0 | U101: 2 | V101: 1 | W101: 7 | X101: 2 | Y101: 0 | Z101: 0 | AA101: 0 | AB101: 1 | AC101: 3 | AD101: 7 | AE101: 24 | AF101: 12 | AG101: 0 | AH101: 4 | AI101: 4 | AJ101: 0 | AK101: 6 | AL101: 5 | AM101: 28 | AN101: 45 | AO101: 69 | AP101: 21 | AQ101: 0 | AR101: =SUM(E101:AQ101) -> 281
B102: 2 | C102: HAYATUL MAKIN | E102: 0 | F102: 0 | G102: 1 | H102: 0 | I102: 0 | J102: 3 | K102: 0 | L102: 0 | M102: 0 | N102: 0 | O102: 0 | P102: 1 | Q102: 0 | R102: 0 | S102: 0 | T102: 0 | U102: 0 | V102: 0 | W102: 0 | X102: 0 | Y102: 0 | Z102: 0 | AA102: 0 | AB102: 0 | AC102: 0 | AD102: 0 | AE102: 0 | AF102: 0 | AG102: 0 | AH102: 0 | AI102: 0 | AJ102: 0 | AK102: 0 | AL102: 0 | AM102: 0 | AN102: 0 | AO102: 0 | AP102: 0 | AQ102: 0 | AR102: =SUM(E102:AQ102) -> 5
B103: 3 | C103: SAKI HANDAYANI | E103: 0 | F103: 0 | G103: 2 | H103: 0 | I103: 1 | J103: 0 | K103: 1 | L103: 0 | M103: 0 | N103: 0 | O103: 0 | P103: 0 | Q103: 0 | R103: 0 | S103: 0 | T103: 0 | U103: 0 | V103: 0 | W103: 0 | X103: 0 | Y103: 0 | Z103: 0 | AA103: 0 | AB103: 0 | AC103: 0 | AD103: 1 | AE103: 0 | AF103: 0 | AG103: 0 | AH103: 0 | AI103: 0 | AJ103: 0 | AK103: 0 | AL103: 0 | AM103: 0 | AN103: 0 | AO103: 0 | AP103: 0 | AQ103: 0 | AR103: =SUM(E103:AQ103) -> 5
B104: 4 | C104: ASMAWIYANTO, A.MA. | E104: 0 | F104: 0 | G104: 1 | H104: 0 | I104: 0 | J104: 0 | K104: 0 | L104: 0 | M104: 0 | N104: 0 | O104: 0 | P104: 0 | Q104: 0 | R104: 0 | S104: 0 | T104: 0 | U104: 0 | V104: 0 | W104: 0 | X104: 0 | Y104: 0 | Z104: 0 | AA104: 0 | AB104: 0 | AC104: 0 | AD104: 0 | AE104: 0 | AF104: 0 | AG104: 1 | AH104: 0 | AI104: 0 | AJ104: 0 | AK104: 0 | AL104: 0 | AM104: 0 | AN104: 0 | AO104: 0 | AP104: 0 | AQ104: 0 | AR104: =SUM(E104:AQ104) -> 2
B105: 5 | C105: SANTI SETYOWATI | E105: 0 | F105: 0 | G105: 0 | H105: 1 | I105: 0 | J105: 0 | K105: 0 | L105: 1 | M105: 0 | N105: 0 | O105: 0 | P105: 0 | Q105: 0 | R105: 0 | S105: 0 | T105: 0 | U105: 2 | V105: 0 | W105: 2 | X105: 0 | Y105: 0 | Z105: 0 | AA105: 0 | AB105: 0 | AC105: 0 | AD105: 0 | AE105: 0 | AF105: 0 | AG105: 0 | AH105: 0 | AI105: 0 | AJ105: 0 | AK105: 0 | AL105: 0 | AM105: 0 | AN105: 0 | AO105: 0 | AP105: 0 | AQ105: 0 | AR105: =SUM(E105:AQ105) -> 6
B106: 6 | C106: SUPARNO, S.T. | E106: 1 | F106: 0 | G106: 0 | H106: 0 | I106: 0 | J106: 0 | K106: 0 | L106: 0 | M106: 0 | N106: 0 | O106: 1 | P106: 0 | Q106: 0 | R106: 0 | S106: 0 | T106: 0 | U106: 0 | V106: 0 | W106: 0 | X106: 0 | Y106: 0 | Z106: 0 | AA106: 0 | AB106: 0 | AC106: 0 | AD106: 1 | AE106: 0 | AF106: 0 | AG106: 0 | AH106: 0 | AI106: 0 | AJ106: 0 | AK106: 0 | AL106: 0 | AM106: 0 | AN106: 0 | AO106: 0 | AP106: 0 | AQ106: 0 | AR106: =SUM(E106:AQ106) -> 3
A107: B | B107: JUMLAH SUARA SAH PARTAI POLITIK DAN CALON (A1 + A2) | E107: =SUM(E100:E106) -> 6 | F107: =SUM(F100:F106) -> 2 | G107: =SUM(G100:G106) -> 6 | H107: =SUM(H100:H106) -> 7 | I107: =SUM(I100:I106) -> 7 | J107: =SUM(J100:J106) -> 9 | K107: =SUM(K100:K106) -> 5 | L107: =SUM(L100:L106) -> 3 | ... AR107: =SUM(AR100:AR106) -> 345
A109: A.1 | B109: 9. | C109: Partai Kebangkitan Nusantara | E109: 0 | F109: 0 | G109: 0 | H109: 0 | I109: 0 | J109: 0 | K109: 0 | L109: 0 | M109: 0 | N109: 0 | O109: 0 | P109: 0 | Q109: 0 | R109: 0 | S109: 0 | T109: 0 | U109: 0 | V109: 0 | W109: 0 | X109: 0 | Y109: 0 | Z109: 0 | AA109: 0 | AB109: 0 | AC109: 0 | AD109: 0 | AE109: 0 | AF109: 0 | AG109: 0 | AH109: 0 | AI109: 0 | AJ109: 0 | AK109: 0 | AL109: 0 | AM109: 0 | AN109: 0 | AO109: 0 | AP109: 1 | AQ109: 0 | AR109: =SUM(E109:AQ109) -> 1
A110: A.2 | B110: 1 | C110: YAKUP YULIANTO | E110: 0 | F110: 0 | G110: 0 | H110: 0 | I110: 0 | J110: 0 | K110: 0 | L110: 0 | M110: 0 | N110: 0 | O110: 0 | P110: 0 | Q110: 0 | R110: 0 | S110: 0 | T110: 0 | U110: 0 | V110: 0 | W110: 0 | X110: 0 | Y110: 0 | Z110: 0 | AA110: 0 | AB110: 0 | AC110: 0 | AD110: 0 | AE110: 0 | AF110: 0 | AG110: 0 | AH110: 0 | AI110: 0 | AJ110: 0 | AK110: 0 | AL110: 0 | AM110: 0 | AN110: 0 | AO110: 0 | AP110: 0 | AQ110: 0 | AR110: =SUM(E110:AQ110) -> 0
B111: 2 | C111: TRIA UTAMA | E111: 0 | F111: 0 | G111: 0 | H111: 0 | I111: 0 | J111: 0 | K111: 0 | L111: 0 | M111: 1 | N111: 0 | O111: 0 | P111: 0 | Q111: 0 | R111: 0 | S111: 0 | T111: 0 | U111: 0 | V111: 0 | W111: 0 | X111: 0 | Y111: 0 | Z111: 0 | AA111: 0 | AB111: 0 | AC111: 0 | AD111: 0 | AE111: 0 | AF111: 0 | AG111: 0 | AH111: 0 | AI111: 0 | AJ111: 0 | AK111: 0 | AL111: 0 | AM111: 0 | AN111: 0 | AO111: 0 | AP111: 0 | AQ111: 0 | AR111: =SUM(E111:AQ111) -> 1
B112: 3 | C112: ANIS KHAFIFAH MZ | E112: 0 | F112: 0 | G112: 0 | H112: 0 | I112: 0 | J112: 0 | K112: 0 | L112: 0 | M112: 0 | N112: 0 | O112: 0 | P112: 0 | Q112: 0 | R112: 0 | S112: 0 | T112: 0 | U112: 0 | V112: 0 | W112: 0 | X112: 0 | Y112: 0 | Z112: 0 | AA112: 0 | AB112: 0 | AC112: 0 | AD112: 0 | AE112: 0 | AF112: 0 | AG112: 0 | AH112: 0 | AI112: 0 | AJ112: 0 | AK112: 0 | AL112: 0 | AM112: 0 | AN112: 0 | AO112: 0 | AP112: 0 | AQ112: 0 | AR112: =SUM(E112:AQ112) -> 0
A113: B | B113: JUMLAH SUARA SAH PARTAI POLITIK DAN CALON (A1 + A2) | E113: =SUM(E109:E112) -> 0 | F113: =SUM(F109:F112) -> 0 | G113: =SUM(G109:G112) -> 0 | H113: =SUM(H109:H112) -> 0 | I113: =SUM(I109:I112) -> 0 | J113: =SUM(J109:J112) -> 0 | K113: =SUM(K109:K112) -> 0 | L113: =SUM(L109:L112) -> 0 | ... AR113: =SUM(AR109:AR112) -> 2
A115: A.1 | B115: 10. | C115: Partai Hati Nurani Rakyat | E115: 0 | F115: 0 | G115: 0 | H115: 0 | I115: 0 | J115: 0 | K115: 2 | L115: 1 | M115: 2 | N115: 5 | O115: 2 | P115: 4 | Q115: 5 | R115: 1 | S115: 0 | T115: 0 | U115: 1 | V115: 0 | W115: 2 | X115: 3 | Y115: 1 | Z115: 2 | AA115: 0 | AB115: 1 | AC115: 1 | AD115: 0 | AE115: 0 | AF115: 1 | AG115: 0 | AH115: 0 | AI115: 0 | AJ115: 4 | AK115: 2 | AL115: 5 | AM115: 1 | AN115: 1 | AO115: 0 | AP115: 3 | AQ115: 1 | AR115: =SUM(E115:AQ115) -> 51
A116: A.2 | B116: 1 | C116: H. HARIONO | E116: 3 | F116: 1 | G116: 2 | H116: 0 | I116: 0 | J116: 1 | K116: 12 | L116: 36 | M116: 66 | N116: 67 | O116: 50 | P116: 39 | Q116: 44 | R116: 11 | S116: 13 | T116: 1 | U116: 13 | V116: 1 | W116: 44 | X116: 10 | Y116: 11 | Z116: 20 | AA116: 1 | AB116: 9 | AC116: 6 | AD116: 0 | AE116: 3 | AF116: 1 | AG116: 1 | AH116: 0 | AI116: 1 | AJ116: 23 | AK116: 5 | AL116: 34 | AM116: 2 | AN116: 0 | AO116: 5 | AP116: 49 | AQ116: 78 | AR116: =SUM(E116:AQ116) -> 663
B117: 2 | C117: GOPUR BACHITAR, S.T. | E117: 0 | F117: 1 | G117: 4 | H117: 2 | I117: 0 | J117: 0 | K117: 0 | L117: 0 | M117: 0 | N117: 0 | O117: 0 | P117: 0 | Q117: 0 | R117: 0 | S117: 2 | T117: 0 | U117: 0 | V117: 5 | W117: 0 | X117: 0 | Y117: 0 | Z117: 0 | AA117: 0 | AB117: 0 | AC117: 0 | AD117: 0 | AE117: 0 | AF117: 0 | AG117: 0 | AH117: 0 | AI117: 5 | AJ117: 15 | AK117: 0 | AL117: 1 | AM117: 7 | AN117: 2 | AO117: 0 | AP117: 1 | AQ117: 0 | AR117: =SUM(E117:AQ117) -> 45
B118: 3 | C118: BONIMAH | E118: 0 | F118: 0 | G118: 0 | H118: 0 | I118: 0 | J118: 0 | K118: 0 | L118: 0 | M118: 0 | N118: 0 | O118: 0 | P118: 0 | Q118: 0 | R118: 0 | S118: 1 | T118: 0 | U118: 0 | V118: 0 | W118: 0 | X118: 0 | Y118: 0 | Z118: 0 | AA118: 0 | AB118: 0 | AC118: 0 | AD118: 0 | AE118: 0 | AF118: 0 | AG118: 0 | AH118: 0 | AI118: 0 | AJ118: 0 | AK118: 0 | AL118: 0 | AM118: 0 | AN118: 1 | AO118: 0 | AP118: 0 | AQ118: 0 | AR118: =SUM(E118:AQ118) -> 2
B119: 4 | C119: AGUS PRAYOGI | E119: 0 | F119: 0 | G119: 0 | H119: 0 | I119: 0 | J119: 0 | K119: 0 | L119: 0 | M119: 0 | N119: 0 | O119: 0 | P119: 1 | Q119: 0 | R119: 0 | S119: 0 | T119: 0 | U119: 0 | V119: 0 | W119: 0 | X119: 0 | Y119: 0 | Z119: 0 | AA119: 0 | AB119: 0 | AC119: 0 | AD119: 0 | AE119: 0 | AF119: 0 | AG119: 0 | AH119: 0 | AI119: 0 | AJ119: 0 | AK119: 0 | AL119: 0 | AM119: 0 | AN119: 0 | AO119: 0 | AP119: 1 | AQ119: 0 | AR119: =SUM(E119:AQ119) -> 2
B120: 5 | C120: DWI FITRIA PRATIWI | E120: 1 | F120: 0 | G120: 0 | H120: 0 | I120: 0 | J120: 0 | K120: 0 | L120: 0 | M120: 0 | N120: 0 | O120: 0 | P120: 0 | Q120: 0 | R120: 0 | S120: 0 | T120: 0 | U120: 0 | V120: 0 | W120: 0 | X120: 0 | Y120: 0 | Z120: 0 | AA120: 0 | AB120: 0 | AC120: 0 | AD120: 0 | AE120: 0 | AF120: 0 | AG120: 0 | AH120: 0 | AI120: 0 | AJ120: 0 | AK120: 0 | AL120: 0 | AM120: 0 | AN120: 0 | AO120: 0 | AP120: 0 | AQ120: 0 | AR120: =SUM(E120:AQ120) -> 1
...

Sheet KELIR
C2: Kecamatan | D2: KALIPURO
C3: Kabupaten | D3: BANYUWANGI
C4: Provinsi | D4: JAWA TIMUR
C9: Kelurahan | D9: KELIR
A12: I | B12: DATA PEMILIH DAN PENGGUNAAN HAK PILIH | W12: JUMLAH AKHIR
A13: A | B13: DATA PEMILIH | E13: TPS 001 | F13: TPS 002 | G13: TPS 003 | H13: TPS 004 | I13: TPS 005 | J13: TPS 006 | K13: TPS 007 | L13: TPS 008 | M13: TPS 009 | N13: TPS 010 | O13: TPS 011 | P13: TPS 012 | Q13: TPS 013 | R13: TPS 014 | S13: TPS 015 | T13: TPS 016 | U13: TPS 017 | V13: TPS 018
B14: Jumlah Pemilih dalam Daftar Pemilih Tetap (DPT) | D14: LK | E14: 124 | F14: 130 | G14: 115 | H14: 131 | I14: 128 | J14: 128 | K14: 73 | L14: 128 | M14: 117 | N14: 117 | O14: 93 | P14: 139 | Q14: 152 | R14: 142 | S14: 132 | T14: 122 | U14: 115 | V14: 117 | W14: =SUM(E14:V14) -> 2203
D15: PR | E15: 141 | F15: 140 | G15: 124 | H15: 131 | I15: 131 | J15: 141 | K15: 85 | L15: 136 | M15: 113 | N15: 133 | O15: 83 | P15: 148 | Q15: 136 | R15: 134 | S15: 139 | T15: 136 | U15: 122 | V15: 125 | W15: =SUM(E15:V15) -> 2298
D16: JML | E16: =SUM(E14:E15) -> 265 | F16: =SUM(F14:F15) -> 270 | G16: =SUM(G14:G15) -> 239 | H16: =SUM(H14:H15) -> 262 | I16: =SUM(I14:I15) -> 259 | J16: =SUM(J14:J15) -> 269 | K16: =SUM(K14:K15) -> 158 | L16: =SUM(L14:L15) -> 264 | ... V16: =SUM(V14:V15) -> 242 | W16: =SUM(E16:V16) -> 4501
A18: B | B18: PENGGUNA HAK PILIH
B19: 1. | C19: Jumlah pengguna hak pilih dalam Daftar Pemilih Tetap (DPT) | D19: LK | E19: 106 | F19: 108 | G19: 96 | H19: 104 | I19: 100 | J19: 106 | K19: 52 | L19: 112 | M19: 92 | N19: 96 | O19: 72 | P19: 108 | Q19: 117 | R19: 108 | S19: 109 | T19: 104 | U19: 100 | V19: 82 | W19: =SUM(E19:V19) -> 1772
D20: PR | E20: 119 | F20: 120 | G20: 108 | H20: 108 | I20: 106 | J20: 119 | K20: 70 | L20: 115 | M20: 101 | N20: 121 | O20: 63 | P20: 130 | Q20: 111 | R20: 119 | S20: 118 | T20: 117 | U20: 103 | V20: 93 | W20: =SUM(E20:V20) -> 1941
D21: JML | E21: =SUM(E19:E20) -> 225 | F21: =SUM(F19:F20) -> 228 | G21: =SUM(G19:G20) -> 204 | H21: =SUM(H19:H20) -> 212 | I21: =SUM(I19:I20) -> 206 | J21: =SUM(J19:J20) -> 225 | K21: =SUM(K19:K20) -> 122 | L21: =SUM(L19:L20) -> 227 | ... V21: =SUM(V19:V20) -> 175 | W21: =SUM(E21:V21) -> 3713
B22: 2. | C22: Jumlah pengguna hak pilih dalam Daftar Pemilih Tambahan (DPTb) | D22: LK | E22: 0 | F22: 0 | G22: 1 | H22: 0 | I22: 1 | J22: 0 | K22: 1 | L22: 1 | M22: 0 | N22: 0 | O22: 1 | P22: 0 | Q22: 0 | R22: 0 | S22: 1 | T22: 0 | U22: 1 | V22: 0 | W22: =SUM(E22:V22) -> 7
D23: PR | E23: 0 | F23: 1 | G23: 0 | H23: 1 | I23: 0 | J23: 1 | K23: 0 | L23: 0 | M23: 0 | N23: 2 | O23: 0 | P23: 1 | Q23: 0 | R23: 1 | S23: 0 | T23: 1 | U23: 2 | V23: 0 | W23: =SUM(E23:V23) -> 10
D24: JML | E24: =SUM(E22:E23) -> 0 | F24: =SUM(F22:F23) -> 1 | G24: =SUM(G22:G23) -> 1 | H24: =SUM(H22:H23) -> 1 | I24: =SUM(I22:I23) -> 1 | J24: =SUM(J22:J23) -> 1 | K24: =SUM(K22:K23) -> 1 | L24: =SUM(L22:L23) -> 1 | ... V24: =SUM(V22:V23) -> 0 | W24: =SUM(E24:V24) -> 17
B25: 3. | C25: Jumlah pengguna hak pilih dalam Daftar Pemilih Khusus (DPK) | D25: LK | E25: 1 | F25: 1 | G25: 1 | H25: 1 | I25: 0 | J25: 2 | K25: 4 | L25: 0 | M25: 0 | N25: 1 | O25: 2 | P25: 4 | Q25: 0 | R25: 0 | S25: 0 | T25: 0 | U25: 1 | V25: 7 | W25: =SUM(E25:V25) -> 25
D26: PR | E26: 2 | F26: 2 | G26: 1 | H26: 1 | I26: 1 | J26: 1 | K26: 3 | L26: 0 | M26: 0 | N26: 1 | O26: 2 | P26: 7 | Q26: 1 | R26: 0 | S26: 1 | T26: 2 | U26: 3 | V26: 6 | W26: =SUM(E26:V26) -> 34
D27: JML | E27: =SUM(E25:E26) -> 3 | F27: =SUM(F25:F26) -> 3 | G27: =SUM(G25:G26) -> 2 | H27: =SUM(H25:H26) -> 2 | I27: =SUM(I25:I26) -> 1 | J27: =SUM(J25:J26) -> 3 | K27: =SUM(K25:K26) -> 7 | L27: =SUM(L25:L26) -> 0 | ... V27: =SUM(V25:V26) -> 13 | W27: =SUM(E27:V27) -> 59
B28: 4. | C28: Jumlah Pengguna Hak Pilih (B.1+B.2+B.3) | D28: LK | E28: =SUM(E19,E22,E25) -> 107 | F28: =SUM(F19,F22,F25) -> 109 | G28: =SUM(G19,G22,G25) -> 98 | H28: =SUM(H19,H22,H25) -> 105 | I28: =SUM(I19,I22,I25) -> 101 | J28: =SUM(J19,J22,J25) -> 108 | K28: =SUM(K19,K22,K25) -> 57 | L28: =SUM(L19,L22,L25) -> 113 | ... V28: =SUM(V19,V22,V25) -> 89 | W28: =SUM(E28:V28) -> 1804
D29: PR | E29: =SUM(E20,E23,E26) -> 121 | F29: =SUM(F20,F23,F26) -> 123 | G29: =SUM(G20,G23,G26) -> 109 | H29: =SUM(H20,H23,H26) -> 110 | I29: =SUM(I20,I23,I26) -> 107 | J29: =SUM(J20,J23,J26) -> 121 | K29: =SUM(K20,K23,K26) -> 73 | L29: =SUM(L20,L23,L26) -> 115 | ... V29: =SUM(V20,V23,V26) -> 99 | W29: =SUM(E29:V29) -> 1985
D30: JML | E30: =SUM(E28:E29) -> 228 | F30: =SUM(F28:F29) -> 232 | G30: =SUM(G28:G29) -> 207 | H30: =SUM(H28:H29) -> 215 | I30: =SUM(I28:I29) -> 208 | J30: =SUM(J28:J29) -> 229 | K30: =SUM(K28:K29) -> 130 | L30: =SUM(L28:L29) -> 228 | ... V30: =SUM(V28:V29) -> 188 | W30: =SUM(E30:V30) -> 3789
A32: II | B32: DATA PENGGUNAAN SURAT SUARA
A33: 1 | B33: Jumlah surat suara yang diterima, termasuk surat suara cadangan 2,5% dari DPT | E33: 271 | F33: 270 | G33: 242 | H33: 268 | I33: 264 | J33: 275 | K33: 162 | L33: 269 | M33: 236 | N33: 255 | O33: 180 | P33: 300 | Q33: 294 | R33: 282 | S33: 277 | T33: 271 | U33: 242 | V33: 247 | W33: =SUM(E33:V33) -> 4605
A34: 2 | B34: Jumlah surat suara yang digunakan | E34: 228 | F34: 232 | G34: 207 | H34: 215 | I34: 208 | J34: 229 | K34: 130 | L34: 228 | M34: 193 | N34: 221 | O34: 140 | P34: 250 | Q34: 229 | R34: 228 | S34: 229 | T34: 224 | U34: 210 | V34: 188 | W34: =SUM(E34:V34) -> 3789
A35: 3 | B35: Jumlah surat suara dikembalikan oleh pemilih (karena rusak atau keliru coblos) | E35: 0 | F35: 0 | G35: 0 | H35: 0 | I35: 0 | J35: 0 | K35: 0 | L35: 0 | M35: 0 | N35: 0 | O35: 1 | P35: 0 | Q35: 1 | R35: 0 | S35: 0 | T35: 2 | U35: 4 | V35: 0 | W35: =SUM(E35:V35) -> 8
A36: 4 | B36: Jumlah surat suara yang tidak digunakan/tidak terpakai, termasuk sisa surat suara cadangan | E36: =E33-(E34+E35) -> 43 | F36: =F33-(F34+F35) -> 38 | G36: =G33-(G34+G35) -> 35 | H36: =H33-(H34+H35) -> 53 | I36: =I33-(I34+I35) -> 56 | J36: =J33-(J34+J35) -> 46 | K36: =K33-(K34+K35) -> 32 | L36: =L33-(L34+L35) -> 41 | ... V36: =V33-(V34+V35) -> 59 | W36: =SUM(E36:V36) -> 808
A38: III | B38: DATA PEMILIH DISABILITAS
B39: Jumlah seluruh Pemilih disabilitas yang menggunakan hak pilih | D39: LK | O39: 1 | W39: =SUM(E39:V39) -> 1
D40: PR | V40: 1 | W40: =SUM(E40:V40) -> 1
D41: JML | E41: =SUM(E39:E40) -> 0 | F41: =SUM(F39:F40) -> 0 | G41: =SUM(G39:G40) -> 0 | H41: =SUM(H39:H40) -> 0 | I41: =SUM(I39:I40) -> 0 | J41: =SUM(J39:J40) -> 0 | K41: =SUM(K39:K40) -> 0 | L41: =SUM(L39:L40) -> 0 | ... V41: =SUM(V39:V40) -> 1 | W41: =SUM(E41:V41) -> 2
A43: IV | B43: DATA RINCIAN PEROLEHAN SUARA PASANGAN CALON BUPATI DAN WAKIL BUPATI
A44: NOMOR DAN NAMA CALON
A45: A.1 | B45: 1. | C45: Partai Kebangkitan Bangsa | E45: 18 | F45: 10 | G45: 7 | H45: 5 | I45: 9 | J45: 6 | K45: 5 | L45: 8 | M45: 16 | N45: 13 | O45: 6 | P45: 12 | Q45: 15 | R45: 7 | S45: 9 | T45: 10 | U45: 10 | V45: 3 | W45: =SUM(E45:V45) -> 169
A46: A.2 | B46: 1 | C46: HJ. SITI MAKHROCHATIN NI’MAH, S.PD., M.M. | E46: 28 | F46: 43 | G46: 32 | H46: 24 | I46: 22 | J46: 11 | K46: 10 | L46: 27 | M46: 25 | N46: 31 | O46: 30 | P46: 35 | Q46: 62 | R46: 22 | S46: 31 | T46: 15 | U46: 16 | V46: 9 | W46: =SUM(E46:V46) -> 473
B47: 2 | C47: A. TAUFIK | E47: 5 | F47: 0 | G47: 4 | H47: 13 | I47: 0 | J47: 1 | K47: 2 | L47: 2 | M47: 1 | N47: 1 | O47: 2 | P47: 1 | Q47: 4 | R47: 0 | S47: 5 | T47: 1 | U47: 1 | V47: 0 | W47: =SUM(E47:V47) -> 43
B48: 3 | C48: KHOIRUL FAHMI ISKANDAR, S.PD | E48: 1 | F48: 1 | G48: 2 | H48: 1 | I48: 0 | J48: 0 | K48: 0 | L48: 0 | M48: 0 | N48: 3 | O48: 0 | P48: 2 | Q48: 1 | R48: 0 | S48: 0 | T48: 1 | U48: 1 | V48: 0 | W48: =SUM(E48:V48) -> 13
B49: 4 | C49: AKHMAD, S.PD., M.M. | E49: 1 | F49: 0 | G49: 0 | H49: 0 | I49: 0 | J49: 0 | K49: 0 | L49: 0 | M49: 0 | N49: 0 | O49: 0 | P49: 0 | Q49: 0 | R49: 0 | S49: 0 | T49: 0 | U49: 0 | V49: 0 | W49: =SUM(E49:V49) -> 1
B50: 5 | C50: SOFI WULANDARI, S.H. | E50: 0 | F50: 1 | G50: 0 | H50: 1 | I50: 2 | J50: 0 | K50: 0 | L50: 0 | M50: 0 | N50: 0 | O50: 0 | P50: 1 | Q50: 0 | R50: 0 | S50: 0 | T50: 2 | U50: 0 | V50: 0 | W50: =SUM(E50:V50) -> 7
B51: 6 | C51: AL MA’ARIF | E51: 0 | F51: 1 | G51: 0 | H51: 0 | I51: 2 | J51: 0 | K51: 1 | L51: 0 | M51: 0 | N51: 0 | O51: 0 | P51: 2 | Q51: 4 | R51: 0 | S51: 0 | T51: 1 | U51: 0 | V51: 0 | W51: =SUM(E51:V51) -> 11
A52: B | B52: JUMLAH SUARA SAH PARTAI POLITIK DAN CALON (A1 + A2) | E52: =SUM(E45:E51) -> 53 | F52: =SUM(F45:F51) -> 56 | G52: =SUM(G45:G51) -> 45 | H52: =SUM(H45:H51) -> 44 | I52: =SUM(I45:I51) -> 35 | J52: =SUM(J45:J51) -> 18 | K52: =SUM(K45:K51) -> 18 | L52: =SUM(L45:L51) -> 37 | ... W52: =SUM(W45:W51) -> 717
A54: A.1 | B54: 2. | C54: Partai Gerakan Indonesia Raya | E54: 11 | F54: 5 | G54: 6 | H54: 13 | I54: 5 | J54: 11 | K54: 8 | L54: 3 | M54: 4 | N54: 5 | O54: 0 | P54: 12 | Q54: 7 | R54: 11 | S54: 16 | T54: 10 | U54: 5 | V54: 4 | W54: =SUM(E54:V54) -> 136
A55: A.2 | B55: 1 | C55: ASRILA DISKA RIMUNDA | E55: 12 | F55: 3 | G55: 1 | H55: 9 | I55: 7 | J55: 1 | K55: 3 | L55: 3 | M55: 4 | N55: 4 | O55: 0 | P55: 5 | Q55: 1 | R55: 5 | S55: 0 | T55: 4 | U55: 1 | V55: 3 | W55: =SUM(E55:V55) -> 66
B56: 2 | C56: ANIK MUSYAROFAH | E56: 2 | F56: 2 | G56: 0 | H56: 10 | I56: 2 | J56: 1 | K56: 3 | L56: 0 | M56: 2 | N56: 1 | O56: 1 | P56: 2 | Q56: 1 | R56: 0 | S56: 3 | T56: 7 | U56: 2 | V56: 1 | W56: =SUM(E56:V56) -> 40
B57: 3 | C57: JOKO MISBONO | E57: 15 | F57: 4 | G57: 3 | H57: 2 | I57: 2 | J57: 2 | K57: 0 | L57: 0 | M57: 0 | N57: 2 | O57: 0 | P57: 0 | Q57: 0 | R57: 2 | S57: 3 | T57: 2 | U57: 1 | V57: 0 | W57: =SUM(E57:V57) -> 38
B58: 4 | C58: REKTO PUSPITASARI | E58: 4 | F58: 2 | G58: 7 | H58: 5 | I58: 8 | J58: 1 | K58: 2 | L58: 0 | M58: 8 | N58: 0 | O58: 1 | P58: 2 | Q58: 0 | R58: 3 | S58: 3 | T58: 0 | U58: 2 | V58: 2 | W58: =SUM(E58:V58) -> 50
B59: 5 | C59: AHMAD KHOMSI WAHYUDI | E59: 0 | F59: 0 | G59: 0 | H59: 0 | I59: 0 | J59: 0 | K59: 0 | L59: 0 | M59: 0 | N59: 0 | O59: 0 | P59: 3 | Q59: 0 | R59: 0 | S59: 0 | T59: 1 | U59: 0 | V59: 2 | W59: =SUM(E59:V59) -> 6
B60: 6 | C60: ACHI RIZAL FIRDAUS | E60: 1 | F60: 0 | G60: 0 | H60: 0 | I60: 0 | J60: 1 | K60: 11 | L60: 0 | M60: 1 | N60: 1 | O60: 1 | P60: 10 | Q60: 3 | R60: 1 | S60: 3 | T60: 3 | U60: 9 | V60: 2 | W60: =SUM(E60:V60) -> 47
A61: B | B61: JUMLAH SUARA SAH PARTAI POLITIK DAN CALON (A1 + A2) | E61: =SUM(E54:E60) -> 45 | F61: =SUM(F54:F60) -> 16 | G61: =SUM(G54:G60) -> 17 | H61: =SUM(H54:H60) -> 39 | I61: =SUM(I54:I60) -> 24 | J61: =SUM(J54:J60) -> 17 | K61: =SUM(K54:K60) -> 27 | L61: =SUM(L54:L60) -> 6 | ... W61: =SUM(W54:W60) -> 383
A63: A.1 | B63: 3. | C63: Partai Demokrasi Indonesia Perjuangan | E63: 11 | F63: 10 | G63: 4 | H63: 5 | I63: 4 | J63: 9 | K63: 8 | L63: 3 | M63: 7 | N63: 8 | O63: 3 | P63: 5 | Q63: 2 | R63: 9 | S63: 8 | T63: 5 | U63: 4 | V63: 7 | W63: =SUM(E63:V63) -> 112
A64: A.2 | B64: 1 | C64: I MADE CAHYANA NEGARA, S.E. | E64: 20 | F64: 22 | G64: 14 | H64: 34 | I64: 38 | J64: 24 | K64: 12 | L64: 11 | M64: 11 | N64: 25 | O64: 2 | P64: 25 | Q64: 29 | R64: 15 | S64: 13 | T64: 11 | U64: 11 | V64: 11 | W64: =SUM(E64:V64) -> 328
B65: 2 | C65: AGUS WAHYU PANOTO, S.H. | E65: 0 | F65: 1 | G65: 1 | H65: 1 | I65: 0 | J65: 1 | K65: 1 | L65: 2 | M65: 1 | N65: 2 | O65: 0 | P65: 1 | Q65: 2 | R65: 2 | S65: 1 | T65: 1 | U65: 2 | V65: 1 | W65: =SUM(E65:V65) -> 20
B66: 3 | C66: IIS SUMIYATI | E66: 0 | F66: 1 | G66: 1 | H66: 0 | I66: 1 | J66: 2 | K66: 0 | L66: 1 | M66: 1 | N66: 1 | O66: 2 | P66: 1 | Q66: 1 | R66: 0 | S66: 0 | T66: 0 | U66: 0 | V66: 0 | W66: =SUM(E66:V66) -> 12
B67: 4 | C67: ACHMAD MUZAMMIL | E67: 1 | F67: 2 | G67: 1 | H67: 0 | I67: 0 | J67: 1 | K67: 0 | L67: 0 | M67: 0 | N67: 1 | O67: 1 | P67: 1 | Q67: 1 | R67: 0 | S67: 1 | T67: 0 | U67: 0 | V67: 0 | W67: =SUM(E67:V67) -> 10
B68: 5 | C68: WENDRIAWANTO | E68: 3 | F68: 4 | G68: 2 | H68: 2 | I68: 2 | J68: 36 | K68: 0 | L68: 1 | M68: 3 | N68: 1 | O68: 1 | P68: 1 | Q68: 2 | R68: 13 | S68: 2 | T68: 0 | U68: 0 | V68: 1 | W68: =SUM(E68:V68) -> 74
B69: 6 | C69: PUTRI MEGA AYU WIDIARTI | E69: 0 | F69: 0 | G69: 0 | H69: 1 | I69: 0 | J69: 0 | K69: 0 | L69: 0 | M69: 0 | N69: 0 | O69: 0 | P69: 0 | Q69: 0 | R69: 0 | S69: 0 | T69: 1 | U69: 0 | V69: 1 | W69: =SUM(E69:V69) -> 3
A70: B | B70: JUMLAH SUARA SAH PARTAI POLITIK DAN CALON (A1 + A2) | E70: =SUM(E63:E69) -> 35 | F70: =SUM(F63:F69) -> 40 | G70: =SUM(G63:G69) -> 23 | H70: =SUM(H63:H69) -> 43 | I70: =SUM(I63:I69) -> 45 | J70: =SUM(J63:J69) -> 73 | K70: =SUM(K63:K69) -> 21 | L70: =SUM(L63:L69) -> 18 | ... W70: =SUM(W63:W69) -> 559
A72: A.1 | B72: 4. | C72: Partai Golongan Karya | E72: 3 | F72: 3 | G72: 2 | H72: 2 | I72: 0 | J72: 9 | K72: 6 | L72: 15 | M72: 6 | N72: 5 | O72: 4 | P72: 4 | Q72: 5 | R72: 6 | S72: 5 | T72: 2 | U72: 11 | V72: 9 | W72: =SUM(E72:V72) -> 97
A73: A.2 | B73: 1 | C73: UMI KULSUM, S.H. | E73: 13 | F73: 27 | G73: 13 | H73: 15 | I73: 26 | J73: 26 | K73: 27 | L73: 104 | M73: 28 | N73: 43 | O73: 47 | P73: 16 | Q73: 39 | R73: 19 | S73: 18 | T73: 41 | U73: 43 | V73: 87 | W73: =SUM(E73:V73) -> 632
B74: 2 | C74: SONNY PRAKOSO INDRA, S.E. | E74: 0 | F74: 0 | G74: 10 | H74: 2 | I74: 5 | J74: 7 | K74: 0 | L74: 0 | M74: 2 | N74: 5 | O74: 2 | P74: 2 | Q74: 7 | R74: 37 | S74: 55 | T74: 45 | U74: 21 | V74: 9 | W74: =SUM(E74:V74) -> 209
B75: 3 | C75: ERJUNA SITI FATIMAH | E75: 1 | F75: 0 | G75: 0 | H75: 0 | I75: 0 | J75: 0 | K75: 0 | L75: 1 | M75: 0 | N75: 0 | O75: 1 | P75: 1 | Q75: 0 | R75: 0 | S75: 1 | T75: 0 | U75: 0 | V75: 2 | W75: =SUM(E75:V75) -> 7
B76: 4 | C76: SITI MARIYAM | E76: 0 | F76: 0 | G76: 0 | H76: 1 | I76: 0 | J76: 0 | K76: 0 | L76: 0 | M76: 1 | N76: 0 | O76: 1 | P76: 1 | Q76: 0 | R76: 0 | S76: 0 | T76: 0 | U76: 0 | V76: 0 | W76: =SUM(E76:V76) -> 4
B77: 5 | C77: HERU SUKARNO, S.H. | E77: 0 | F77: 0 | G77: 1 | H77: 0 | I77: 0 | J77: 0 | K77: 0 | L77: 0 | M77: 0 | N77: 0 | O77: 0 | P77: 2 | Q77: 0 | R77: 0 | S77: 0 | T77: 0 | U77: 1 | V77: 0 | W77: =SUM(E77:V77) -> 4
B78: 6 | C78: AHMAD MUZAYYIN | E78: 0 | F78: 0 | G78: 0 | H78: 0 | I78: 0 | J78: 0 | K78: 0 | L78: 0 | M78: 0 | N78: 0 | O78: 0 | P78: 0 | Q78: 0 | R78: 0 | S78: 0 | T78: 0 | U78: 0 | V78: 0 | W78: =SUM(E78:V78) -> 0
A79: B | B79: JUMLAH SUARA SAH PARTAI POLITIK DAN CALON (A1 + A2) | E79: =SUM(E72:E78) -> 17 | F79: =SUM(F72:F78) -> 30 | G79: =SUM(G72:G78) -> 26 | H79: =SUM(H72:H78) -> 20 | I79: =SUM(I72:I78) -> 31 | J79: =SUM(J72:J78) -> 42 | K79: =SUM(K72:K78) -> 33 | L79: =SUM(L72:L78) -> 120 | ... W79: =SUM(W72:W78) -> 953
A81: A.1 | B81: 5. | C81: Partai NasDem | E81: 6 | F81: 4 | G81: 3 | H81: 0 | I81: 3 | J81: 5 | K81: 2 | L81: 0 | M81: 0 | N81: 0 | O81: 0 | P81: 1 | Q81: 2 | R81: 12 | S81: 3 | T81: 2 | U81: 1 | V81: 0 | W81: =SUM(E81:V81) -> 44
A82: A.2 | B82: 1 | C82: DRS. MOH. PADIL | E82: 0 | F82: 4 | G82: 1 | H82: 2 | I82: 0 | J82: 0 | K82: 3 | L82: 0 | M82: 0 | N82: 3 | O82: 0 | P82: 0 | Q82: 3 | R82: 21 | S82: 4 | T82: 1 | U82: 4 | V82: 1 | W82: =SUM(E82:V82) -> 47
B83: 2 | C83: ALEX WIJAYA KUSUMA | E83: 0 | F83: 0 | G83: 0 | H83: 0 | I83: 0 | J83: 0 | K83: 0 | L83: 0 | M83: 0 | N83: 0 | O83: 0 | P83: 1 | Q83: 1 | R83: 0 | S83: 0 | T83: 1 | U83: 0 | V83: 0 | W83: =SUM(E83:V83) -> 3
B84: 3 | C84: DANY FARDA MIHMDIAT | E84: 0 | F84: 1 | G84: 0 | H84: 0 | I84: 0 | J84: 0 | K84: 0 | L84: 0 | M84: 0 | N84: 1 | O84: 0 | P84: 0 | Q84: 0 | R84: 0 | S84: 0 | T84: 2 | U84: 0 | V84: 1 | W84: =SUM(E84:V84) -> 5
B85: 4 | C85: UNTUNG AL AKBAR | E85: 0 | F85: 0 | G85: 0 | H85: 0 | I85: 0 | J85: 0 | K85: 0 | L85: 1 | M85: 0 | N85: 0 | O85: 0 | P85: 0 | Q85: 0 | R85: 0 | S85: 0 | T85: 0 | U85: 4 | V85: 0 | W85: =SUM(E85:V85) -> 5
B86: 5 | C86: SETYO PONCO UTOMO | E86: 2 | F86: 5 | G86: 3 | H86: 0 | I86: 1 | J86: 1 | K86: 0 | L86: 0 | M86: 4 | N86: 0 | O86: 0 | P86: 0 | Q86: 6 | R86: 0 | S86: 1 | T86: 0 | U86: 1 | V86: 4 | W86: =SUM(E86:V86) -> 28
B87: 6 | C87: LIA ALYSTIA NINGRUM, S.PD. | E87: 16 | F87: 18 | G87: 17 | H87: 6 | I87: 3 | J87: 25 | K87: 2 | L87: 0 | M87: 6 | N87: 10 | O87: 12 | P87: 23 | Q87: 7 | R87: 16 | S87: 6 | T87: 11 | U87: 16 | V87: 2 | W87: =SUM(E87:V87) -> 196
A88: B | B88: JUMLAH SUARA SAH PARTAI POLITIK DAN CALON (A1 + A2) | E88: =SUM(E81:E87) -> 24 | F88: =SUM(F81:F87) -> 32 | G88: =SUM(G81:G87) -> 24 | H88: =SUM(H81:H87) -> 8 | I88: =SUM(I81:I87) -> 7 | J88: =SUM(J81:J87) -> 31 | K88: =SUM(K81:K87) -> 7 | L88: =SUM(L81:L87) -> 1 | ... W88: =SUM(W81:W87) -> 328
A90: A.1 | B90: 6. | C90: Partai Buruh | E90: 2 | F90: 1 | G90: 0 | H90: 0 | I90: 1 | J90: 3 | K90: 1 | L90: 0 | M90: 0 | N90: 0 | O90: 2 | P90: 2 | Q90: 0 | R90: 0 | S90: 0 | T90: 1 | U90: 2 | V90: 0 | W90: =SUM(E90:V90) -> 15
A91: B | B91: JUMLAH SUARA SAH PARTAI POLITIK DAN CALON (A1 + A2) | E91: =SUM(E90:E90) -> 2 | F91: =SUM(F90:F90) -> 1 | G91: =SUM(G90:G90) -> 0 | H91: =SUM(H90:H90) -> 0 | I91: =SUM(I90:I90) -> 1 | J91: =SUM(J90:J90) -> 3 | K91: =SUM(K90:K90) -> 1 | L91: =SUM(L90:L90) -> 0 | ... W91: =SUM(W90:W90) -> 15
A93: A.1 | B93: 7. | C93: Partai Gelombang Rakyat Indonesia | E93: 1 | F93: 2 | G93: 0 | H93: 1 | I93: 4 | J93: 2 | K93: 0 | L93: 0 | M93: 1 | N93: 2 | O93: 0 | P93: 1 | Q93: 0 | R93: 0 | S93: 3 | T93: 0 | U93: 0 | V93: 0 | W93: =SUM(E93:V93) -> 17
A94: A.2 | B94: 1 | C94: ELY SODIKIN | E94: 0 | F94: 1 | G94: 0 | H94: 0 | I94: 0 | J94: 0 | K94: 0 | L94: 0 | M94: 0 | N94: 1 | O94: 0 | P94: 0 | Q94: 0 | R94: 0 | S94: 0 | T94: 0 | U94: 0 | V94: 0 | W94: =SUM(E94:V94) -> 2
B95: 2 | C95: BAGUS WAHONO | E95: 0 | F95: 0 | G95: 0 | H95: 0 | I95: 0 | J95: 0 | K95: 0 | L95: 0 | M95: 0 | N95: 0 | O95: 0 | P95: 0 | Q95: 0 | R95: 0 | S95: 0 | T95: 0 | U95: 1 | V95: 1 | W95: =SUM(E95:V95) -> 2
B96: 3 | C96: ARTIS YOGYA KARTIKA | E96: 0 | F96: 0 | G96: 0 | H96: 0 | I96: 1 | J96: 0 | K96: 0 | L96: 0 | M96: 0 | N96: 0 | O96: 0 | P96: 0 | Q96: 0 | R96: 0 | S96: 0 | T96: 0 | U96: 0 | V96: 1 | W96: =SUM(E96:V96) -> 2
B97: 4 | C97: IMAM HAKTONO | E97: 0 | F97: 0 | G97: 0 | H97: 0 | I97: 0 | J97: 0 | K97: 0 | L97: 0 | M97: 0 | N97: 0 | O97: 0 | P97: 0 | Q97: 0 | R97: 0 | S97: 0 | T97: 1 | U97: 0 | V97: 0 | W97: =SUM(E97:V97) -> 1
A98: B | B98: JUMLAH SUARA SAH PARTAI POLITIK DAN CALON (A1 + A2) | E98: =SUM(E93:E97) -> 1 | F98: =SUM(F93:F97) -> 3 | G98: =SUM(G93:G97) -> 0 | H98: =SUM(H93:H97) -> 1 | I98: =SUM(I93:I97) -> 5 | J98: =SUM(J93:J97) -> 2 | K98: =SUM(K93:K97) -> 0 | L98: =SUM(L93:L97) -> 0 | ... W98: =SUM(W93:W97) -> 24
A100: A.1 | B100: 8. | C100: Partai Keadilan Sejahtera | E100: 4 | F100: 1 | G100: 0 | H100: 1 | I100: 0 | J100: 0 | K100: 0 | L100: 1 | M100: 2 | N100: 2 | O100: 1 | P100: 0 | Q100: 2 | R100: 1 | S100: 0 | T100: 1 | U100: 0 | V100: 1 | W100: =SUM(E100:V100) -> 17
A101: A.2 | B101: 1 | C101: FAISOL AZZ, A.MD. | E101: 5 | F101: 3 | G101: 2 | H101: 0 | I101: 0 | J101: 1 | K101: 2 | L101: 0 | M101: 7 | N101: 13 | O101: 3 | P101: 3 | Q101: 0 | R101: 0 | S101: 1 | T101: 1 | U101: 1 | V101: 6 | W101: =SUM(E101:V101) -> 48
B102: 2 | C102: HAYATUL MAKIN | E102: 0 | F102: 0 | G102: 0 | H102: 0 | I102: 0 | J102: 1 | K102: 0 | L102: 0 | M102: 0 | N102: 0 | O102: 1 | P102: 0 | Q102: 0 | R102: 0 | S102: 1 | T102: 0 | U102: 0 | V102: 0 | W102: =SUM(E102:V102) -> 3
B103: 3 | C103: SAKI HANDAYANI | E103: 0 | F103: 0 | G103: 0 | H103: 0 | I103: 0 | J103: 0 | K103: 0 | L103: 0 | M103: 0 | N103: 0 | O103: 0 | P103: 2 | Q103: 0 | R103: 0 | S103: 0 | T103: 0 | U103: 0 | V103: 1 | W103: =SUM(E103:V103) -> 3
B104: 4 | C104: ASMAWIYANTO, A.MA. | E104: 0 | F104: 0 | G104: 0 | H104: 0 | I104: 0 | J104: 0 | K104: 0 | L104: 0 | M104: 0 | N104: 0 | O104: 0 | P104: 0 | Q104: 0 | R104: 0 | S104: 0 | T104: 0 | U104: 0 | V104: 0 | W104: =SUM(E104:V104) -> 0
B105: 5 | C105: SANTI SETYOWATI | E105: 0 | F105: 0 | G105: 0 | H105: 0 | I105: 0 | J105: 0 | K105: 0 | L105: 1 | M105: 0 | N105: 0 | O105: 0 | P105: 0 | Q105: 0 | R105: 0 | S105: 0 | T105: 0 | U105: 0 | V105: 0 | W105: =SUM(E105:V105) -> 1
B106: 6 | C106: SUPARNO, S.T. | E106: 1 | F106: 0 | G106: 0 | H106: 0 | I106: 0 | J106: 0 | K106: 0 | L106: 0 | M106: 0 | N106: 0 | O106: 0 | P106: 0 | Q106: 0 | R106: 0 | S106: 0 | T106: 0 | U106: 0 | V106: 0 | W106: =SUM(E106:V106) -> 1
A107: B | B107: JUMLAH SUARA SAH PARTAI POLITIK DAN CALON (A1 + A2) | E107: =SUM(E100:E106) -> 10 | F107: =SUM(F100:F106) -> 4 | G107: =SUM(G100:G106) -> 2 | H107: =SUM(H100:H106) -> 1 | I107: =SUM(I100:I106) -> 0 | J107: =SUM(J100:J106) -> 2 | K107: =SUM(K100:K106) -> 2 | L107: =SUM(L100:L106) -> 2 | ... W107: =SUM(W100:W106) -> 73
A109: A.1 | B109: 9. | C109: Partai Kebangkitan Nusantara | E109: 0 | F109: 1 | G109: 0 | H109: 0 | I109: 0 | J109: 0 | K109: 0 | L109: 0 | M109: 0 | N109: 0 | O109: 0 | P109: 0 | Q109: 0 | R109: 0 | S109: 0 | W109: =SUM(E109:V109) -> 1
A110: A.2 | B110: 1 | C110: YAKUP YULIANTO | E110: 0 | F110: 0 | G110: 0 | H110: 0 | I110: 0 | J110: 0 | K110: 0 | L110: 0 | M110: 0 | N110: 0 | O110: 0 | P110: 0 | Q110: 1 | R110: 0 | S110: 0 | W110: =SUM(E110:V110) -> 1
B111: 2 | C111: TRIA UTAMA | E111: 0 | F111: 0 | G111: 0 | H111: 0 | I111: 0 | J111: 0 | K111: 0 | L111: 0 | M111: 0 | N111: 0 | O111: 0 | P111: 0 | Q111: 0 | R111: 0 | S111: 0 | W111: =SUM(E111:V111) -> 0
B112: 3 | C112: ANIS KHAFIFAH MZ | E112: 0 | F112: 0 | G112: 0 | H112: 0 | I112: 0 | J112: 0 | K112: 0 | L112: 0 | M112: 0 | N112: 0 | O112: 0 | P112: 0 | Q112: 0 | R112: 0 | S112: 0 | W112: =SUM(E112:V112) -> 0
A113: B | B113: JUMLAH SUARA SAH PARTAI POLITIK DAN CALON (A1 + A2) | E113: =SUM(E109:E112) -> 0 | F113: =SUM(F109:F112) -> 1 | G113: =SUM(G109:G112) -> 0 | H113: =SUM(H109:H112) -> 0 | I113: =SUM(I109:I112) -> 0 | J113: =SUM(J109:J112) -> 0 | K113: =SUM(K109:K112) -> 0 | L113: =SUM(L109:L112) -> 0 | ... W113: =SUM(W109:W112) -> 2
A115: A.1 | B115: 10. | C115: Partai Hati Nurani Rakyat | E115: 0 | F115: 0 | G115: 1 | H115: 0 | I115: 0 | J115: 0 | K115: 0 | L115: 0 | M115: 1 | N115: 0 | O115: 0 | P115: 1 | Q115: 0 | R115: 0 | S115: 0 | T115: 0 | U115: 0 | V115: 0 | W115: =SUM(E115:V115) -> 3
A116: A.2 | B116: 1 | C116: H. HARIONO | E116: 0 | F116: 0 | G116: 0 | H116: 5 | I116: 1 | J116: 3 | K116: 3 | L116: 4 | M116: 12 | N116: 9 | O116: 0 | P116: 8 | Q116: 0 | R116: 2 | S116: 0 | T116: 2 | U116: 0 | V116: 1 | W116: =SUM(E116:V116) -> 50
B117: 2 | C117: GOPUR BACHITAR, S.T. | E117: 0 | F117: 1 | G117: 0 | H117: 4 | I117: 0 | J117: 3 | K117: 0 | L117: 0 | M117: 0 | N117: 0 | O117: 0 | P117: 0 | Q117: 0 | R117: 0 | S117: 0 | T117: 0 | U117: 6 | V117: 0 | W117: =SUM(E117:V117) -> 14
B118: 3 | C118: BONIMAH | E118: 0 | F118: 0 | G118: 0 | H118: 0 | I118: 0 | J118: 0 | K118: 0 | L118: 0 | M118: 0 | N118: 0 | O118: 0 | P118: 0 | Q118: 0 | R118: 0 | S118: 0 | T118: 0 | U118: 0 | V118: 0 | W118: =SUM(E118:V118) -> 0
B119: 4 | C119: AGUS PRAYOGI | E119: 0 | F119: 0 | G119: 0 | H119: 0 | I119: 0 | J119: 0 | K119: 0 | L119: 0 | M119: 0 | N119: 1 | O119: 0 | P119: 2 | Q119: 0 | R119: 0 | S119: 0 | T119: 0 | U119: 0 | V119: 0 | W119: =SUM(E119:V119) -> 3
B120: 5 | C120: DWI FITRIA PRATIWI | E120: 0 | F120: 0 | G120: 0 | H120: 0 | I120: 0 | J120: 0 | K120: 0 | L120: 0 | M120: 0 | N120: 0 | O120: 0 | P120: 0 | Q120: 0 | R120: 0 | S120: 0 | T120: 0 | U120: 0 | V120: 0 | W120: =SUM(E120:V120) -> 0
...

Sheet KETAPANG
C2: Kecamatan | D2: KALIPURO
C3: Kabupaten | D3: BANYUWANGI
C4: Provinsi | D4: JAWA TIMUR
C9: Kelurahan | D9: KETAPANG
A12: I | B12: DATA PEMILIH DAN PENGGUNAAN HAK PILIH | BE12: JUMLAH AKHIR
A13: A | B13: DATA PEMILIH | E13: TPS 001 | F13: TPS 002 | G13: TPS 003 | H13: TPS 004 | I13: TPS 005 | J13: TPS 006 | K13: TPS 007 | L13: TPS 008 | M13: TPS 009 | N13: TPS 010 | O13: TPS 011 | P13: TPS 012 | Q13: TPS 013 | R13: TPS 014 | S13: TPS 015 | T13: TPS 016 | U13: TPS 017 | V13: TPS 018 | W13: TPS 019 | X13: TPS 020 | Y13: TPS 021 | Z13: TPS 022 | AA13: TPS 023 | AB13: TPS 024 | AC13: TPS 025 | AD13: TPS 026 | AE13: TPS 027 | AF13: TPS 028 | AG13: TPS 029 | AH13: TPS 030 | AI13: TPS 031 | AJ13: TPS 032 | AK13: TPS 033 | AL13: TPS 034 | AM13: TPS 035 | AN13: TPS 036 | AO13: TPS 037 | AP13: TPS 038 | AQ13: TPS 039 | AR13: TPS 040 | AS13: TPS 041 | AT13: TPS 042 | AU13: TPS 043 | AV13: TPS 044 | AW13: TPS 045 | AX13: TPS 046 | AY13: TPS 047 | AZ13: TPS 048 | BA13: TPS 049 | BB13: TPS 050 | BC13: TPS 051 | BD13: TPS 052
B14: Jumlah Pemilih dalam Daftar Pemilih Tetap (DPT) | D14: LK | E14: 138 | F14: 139 | G14: 141 | H14: 142 | I14: 141 | J14: 101 | K14: 124 | L14: 133 | M14: 108 | N14: 93 | O14: 138 | P14: 122 | Q14: 138 | R14: 144 | S14: 140 | T14: 125 | U14: 124 | V14: 128 | W14: 112 | X14: 95 | Y14: 140 | Z14: 128 | AA14: 139 | AB14: 146 | AC14: 149 | AD14: 140 | AE14: 107 | AF14: 142 | AG14: 142 | AH14: 141 | AI14: 133 | AJ14: 135 | AK14: 132 | AL14: 146 | AM14: 127 | AN14: 148 | AO14: 143 | AP14: 131 | AQ14: 98 | AR14: 143 | AS14: 135 | AT14: 136 | AU14: 137 | AV14: 139 | AW14: 123 | AX14: 125 | AY14: 91 | AZ14: 137 | BA14: 121 | BB14: 125 | BC14: 121 | BD14: 116 | BE14: =SUM(E14:BD14) -> 6742
D15: PR | E15: 128 | F15: 132 | G15: 148 | H15: 139 | I15: 142 | J15: 125 | K15: 155 | L15: 131 | M15: 107 | N15: 94 | O15: 156 | P15: 129 | Q15: 148 | R15: 139 | S15: 136 | T15: 132 | U15: 139 | V15: 141 | W15: 123 | X15: 100 | Y15: 142 | Z15: 146 | AA15: 146 | AB15: 154 | AC15: 150 | AD15: 157 | AE15: 105 | AF15: 153 | AG15: 145 | AH15: 147 | AI15: 140 | AJ15: 155 | AK15: 124 | AL15: 150 | AM15: 142 | AN15: 148 | AO15: 154 | AP15: 135 | AQ15: 120 | AR15: 147 | AS15: 149 | AT15: 134 | AU15: 133 | AV15: 133 | AW15: 129 | AX15: 137 | AY15: 102 | AZ15: 147 | BA15: 126 | BB15: 126 | BC15: 134 | BD15: 104 | BE15: =SUM(E15:BD15) -> 7058
D16: JML | E16: =SUM(E14:E15) -> 266 | F16: =SUM(F14:F15) -> 271 | G16: =SUM(G14:G15) -> 289 | H16: =SUM(H14:H15) -> 281 | I16: =SUM(I14:I15) -> 283 | J16: =SUM(J14:J15) -> 226 | K16: =SUM(K14:K15) -> 279 | L16: =SUM(L14:L15) -> 264 | ... BD16: =SUM(BD14:BD15) -> 220 | BE16: =SUM(E16:BD16) -> 13800
A18: B | B18: PENGGUNA HAK PILIH
B19: 1. | C19: Jumlah pengguna hak pilih dalam Daftar Pemilih Tetap (DPT) | D19: LK | E19: 98 | F19: 98 | G19: 96 | H19: 100 | I19: 100 | J19: 70 | K19: 81 | L19: 85 | M19: 75 | N19: 71 | O19: 77 | P19: 74 | Q19: 94 | R19: 97 | S19: 83 | T19: 91 | U19: 72 | V19: 92 | W19: 68 | X19: 78 | Y19: 104 | Z19: 99 | AA19: 129 | AB19: 116 | AC19: 114 | AD19: 110 | AE19: 90 | AF19: 118 | AG19: 102 | AH19: 120 | AI19: 105 | AJ19: 100 | AK19: 97 | AL19: 96 | AM19: 90 | AN19: 101 | AO19: 97 | AP19: 96 | AQ19: 67 | AR19: 97 | AS19: 95 | AT19: 100 | AU19: 103 | AV19: 110 | AW19: 104 | AX19: 83 | AY19: 65 | AZ19: 103 | BA19: 94 | BB19: 92 | BC19: 94 | BD19: 77 | BE19: =SUM(E19:BD19) -> 4868
D20: PR | E20: 100 | F20: 97 | G20: 117 | H20: 112 | I20: 118 | J20: 97 | K20: 115 | L20: 106 | M20: 84 | N20: 76 | O20: 98 | P20: 92 | Q20: 117 | R20: 108 | S20: 107 | T20: 106 | U20: 100 | V20: 110 | W20: 90 | X20: 88 | Y20: 113 | Z20: 119 | AA20: 137 | AB20: 127 | AC20: 151 | AD20: 152 | AE20: 97 | AF20: 118 | AG20: 121 | AH20: 127 | AI20: 114 | AJ20: 120 | AK20: 104 | AL20: 117 | AM20: 105 | AN20: 118 | AO20: 118 | AP20: 104 | AQ20: 94 | AR20: 114 | AS20: 122 | AT20: 104 | AU20: 101 | AV20: 110 | AW20: 106 | AX20: 116 | AY20: 84 | AZ20: 114 | BA20: 97 | BB20: 83 | BC20: 102 | BD20: 83 | BE20: =SUM(E20:BD20) -> 5630
D21: JML | E21: =SUM(E19:E20) -> 198 | F21: =SUM(F19:F20) -> 195 | G21: =SUM(G19:G20) -> 213 | H21: =SUM(H19:H20) -> 212 | I21: =SUM(I19:I20) -> 218 | J21: =SUM(J19:J20) -> 167 | K21: =SUM(K19:K20) -> 196 | L21: =SUM(L19:L20) -> 191 | ... BD21: =SUM(BD19:BD20) -> 160 | BE21: =SUM(E21:BD21) -> 10498
B22: 2. | C22: Jumlah pengguna hak pilih dalam Daftar Pemilih Tambahan (DPTb) | D22: LK | E22: 0 | F22: 1 | G22: 1 | H22: 0 | I22: 0 | J22: 0 | K22: 1 | L22: 2 | M22: 0 | N22: 2 | O22: 0 | P22: 0 | Q22: 1 | R22: 0 | S22: 0 | T22: 1 | U22: 1 | V22: 0 | W22: 1 | X22: 1 | Y22: 0 | Z22: 0 | AA22: 1 | AB22: 2 | AC22: 1 | AD22: 1 | AE22: 0 | AF22: 0 | AG22: 0 | AH22: 0 | AI22: 1 | AJ22: 0 | AK22: 0 | AL22: 0 | AM22: 1 | AN22: 0 | AO22: 0 | AP22: 1 | AQ22: 0 | AR22: 0 | AS22: 1 | AT22: 1 | AU22: 1 | AV22: 0 | AW22: 1 | AX22: 0 | AY22: 1 | AZ22: 1 | BA22: 2 | BB22: 0 | BC22: 1 | BD22: 0 | BE22: =SUM(E22:BD22) -> 29
D23: PR | E23: 0 | F23: 0 | G23: 0 | H23: 1 | I23: 1 | J23: 1 | K23: 0 | L23: 0 | M23: 1 | N23: 1 | O23: 0 | P23: 0 | Q23: 0 | R23: 1 | S23: 0 | T23: 0 | U23: 0 | V23: 1 | W23: 2 | X23: 0 | Y23: 1 | Z23: 0 | AA23: 0 | AB23: 0 | AC23: 0 | AD23: 0 | AE23: 1 | AF23: 0 | AG23: 0 | AH23: 1 | AI23: 0 | AJ23: 1 | AK23: 2 | AL23: 0 | AM23: 0 | AN23: 0 | AO23: 1 | AP23: 0 | AQ23: 0 | AR23: 1 | AS23: 0 | AT23: 0 | AU23: 0 | AV23: 0 | AW23: 0 | AX23: 0 | AY23: 0 | AZ23: 0 | BA23: 0 | BB23: 0 | BC23: 0 | BD23: 0 | BE23: =SUM(E23:BD23) -> 17
D24: JML | E24: =SUM(E22:E23) -> 0 | F24: =SUM(F22:F23) -> 1 | G24: =SUM(G22:G23) -> 1 | H24: =SUM(H22:H23) -> 1 | I24: =SUM(I22:I23) -> 1 | J24: =SUM(J22:J23) -> 1 | K24: =SUM(K22:K23) -> 1 | L24: =SUM(L22:L23) -> 2 | ... BD24: =SUM(BD22:BD23) -> 0 | BE24: =SUM(E24:BD24) -> 46
B25: 3. | C25: Jumlah pengguna hak pilih dalam Daftar Pemilih Khusus (DPK) | D25: LK | E25: 1 | F25: 0 | G25: 0 | H25: 0 | I25: 0 | J25: 1 | K25: 1 | L25: 0 | M25: 0 | N25: 0 | O25: 0 | P25: 4 | Q25: 7 | R25: 2 | S25: 1 | T25: 0 | U25: 2 | V25: 1 | W25: 3 | X25: 2 | Y25: 1 | Z25: 2 | AA25: 0 | AB25: 3 | AC25: 1 | AD25: 7 | AE25: 2 | AF25: 0 | AG25: 0 | AH25: 1 | AI25: 1 | AJ25: 3 | AK25: 0 | AL25: 2 | AM25: 0 | AN25: 0 | AO25: 2 | AP25: 1 | AQ25: 1 | AR25: 2 | AS25: 0 | AT25: 0 | AU25: 0 | AV25: 1 | AW25: 0 | AX25: 1 | AY25: 1 | AZ25: 0 | BA25: 1 | BB25: 0 | BC25: 1 | BD25: 1 | BE25: =SUM(E25:BD25) -> 60
D26: PR | E26: 2 | F26: 0 | G26: 2 | H26: 0 | I26: 0 | J26: 2 | K26: 2 | L26: 0 | M26: 0 | N26: 2 | O26: 2 | P26: 3 | Q26: 3 | R26: 2 | S26: 1 | T26: 0 | U26: 0 | V26: 2 | W26: 1 | X26: 4 | Y26: 2 | Z26: 0 | AA26: 1 | AB26: 2 | AC26: 2 | AD26: 6 | AE26: 0 | AF26: 0 | AG26: 0 | AH26: 4 | AI26: 7 | AJ26: 1 | AK26: 1 | AL26: 3 | AM26: 0 | AN26: 0 | AO26: 4 | AP26: 0 | AQ26: 1 | AR26: 5 | AS26: 1 | AT26: 0 | AU26: 0 | AV26: 4 | AW26: 0 | AX26: 1 | AY26: 0 | AZ26: 0 | BA26: 1 | BB26: 0 | BC26: 2 | BD26: 1 | BE26: =SUM(E26:BD26) -> 77
D27: JML | E27: =SUM(E25:E26) -> 3 | F27: =SUM(F25:F26) -> 0 | G27: =SUM(G25:G26) -> 2 | H27: =SUM(H25:H26) -> 0 | I27: =SUM(I25:I26) -> 0 | J27: =SUM(J25:J26) -> 3 | K27: =SUM(K25:K26) -> 3 | L27: =SUM(L25:L26) -> 0 | ... BD27: =SUM(BD25:BD26) -> 2 | BE27: =SUM(E27:BD27) -> 137
B28: 4. | C28: Jumlah Pengguna Hak Pilih (B.1+B.2+B.3) | D28: LK | E28: =SUM(E19,E22,E25) -> 99 | F28: =SUM(F19,F22,F25) -> 99 | G28: =SUM(G19,G22,G25) -> 97 | H28: =SUM(H19,H22,H25) -> 100 | I28: =SUM(I19,I22,I25) -> 100 | J28: =SUM(J19,J22,J25) -> 71 | K28: =SUM(K19,K22,K25) -> 83 | L28: =SUM(L19,L22,L25) -> 87 | ... BD28: =SUM(BD19,BD22,BD25) -> 78 | BE28: =SUM(E28:BD28) -> 4957
D29: PR | E29: =SUM(E20,E23,E26) -> 102 | F29: =SUM(F20,F23,F26) -> 97 | G29: =SUM(G20,G23,G26) -> 119 | H29: =SUM(H20,H23,H26) -> 113 | I29: =SUM(I20,I23,I26) -> 119 | J29: =SUM(J20,J23,J26) -> 100 | K29: =SUM(K20,K23,K26) -> 117 | L29: =SUM(L20,L23,L26) -> 106 | ... BD29: =SUM(BD20,BD23,BD26) -> 84 | BE29: =SUM(E29:BD29) -> 5724
D30: JML | E30: =SUM(E28:E29) -> 201 | F30: =SUM(F28:F29) -> 196 | G30: =SUM(G28:G29) -> 216 | H30: =SUM(H28:H29) -> 213 | I30: =SUM(I28:I29) -> 219 | J30: =SUM(J28:J29) -> 171 | K30: =SUM(K28:K29) -> 200 | L30: =SUM(L28:L29) -> 193 | ... BD30: =SUM(BD28:BD29) -> 162 | BE30: =SUM(E30:BD30) -> 10681
A32: II | B32: DATA PENGGUNAAN SURAT SUARA
A33: 1 | B33: Jumlah surat suara yang diterima, termasuk surat suara cadangan 2,5% dari DPT | E33: 272 | F33: 277 | G33: 295 | H33: 287 | I33: 289 | J33: 231 | K33: 280 | L33: 270 | M33: 220 | N33: 192 | O33: 294 | P33: 252 | Q33: 292 | R33: 289 | S33: 282 | T33: 262 | U33: 269 | V33: 275 | W33: 240 | X33: 199 | Y33: 290 | Z33: 280 | AA33: 291 | AB33: 306 | AC33: 305 | AD33: 303 | AE33: 217 | AF33: 301 | AG33: 273 | AH33: 270 | AI33: 279 | AJ33: 296 | AK33: 262 | AL33: 292 | AM33: 275 | AN33: 302 | AO33: 306 | AP33: 272 | AQ33: 223 | AR33: 296 | AS33: 225 | AT33: 276 | AU33: 276 | AV33: 278 | AW33: 255 | AX33: 266 | AY33: 197 | AZ33: 290 | BA33: 252 | BB33: 257 | BC33: 261 | BD33: 225 | BE33: =SUM(E33:BD33) -> 13964
A34: 2 | B34: Jumlah surat suara yang digunakan | E34: 201 | F34: 196 | G34: 216 | H34: 213 | I34: 219 | J34: 171 | K34: 200 | L34: 193 | M34: 160 | N34: 152 | O34: 177 | P34: 173 | Q34: 222 | R34: 210 | S34: 192 | T34: 198 | U34: 175 | V34: 206 | W34: 165 | X34: 173 | Y34: 221 | Z34: 220 | AA34: 268 | AB34: 250 | AC34: 269 | AD34: 276 | AE34: 190 | AF34: 236 | AG34: 223 | AH34: 253 | AI34: 228 | AJ34: 225 | AK34: 204 | AL34: 218 | AM34: 196 | AN34: 219 | AO34: 222 | AP34: 202 | AQ34: 163 | AR34: 219 | AS34: 219 | AT34: 205 | AU34: 205 | AV34: 225 | AW34: 211 | AX34: 201 | AY34: 151 | AZ34: 218 | BA34: 195 | BB34: 175 | BC34: 200 | BD34: 162 | BE34: =SUM(E34:BD34) -> 10681
A35: 3 | B35: Jumlah surat suara dikembalikan oleh pemilih (karena rusak atau keliru coblos) | E35: 0 | F35: 0 | G35: 0 | H35: 0 | I35: 1 | J35: 1 | K35: 1 | L35: 2 | M35: 0 | N35: 0 | O35: 0 | P35: 0 | Q35: 0 | R35: 0 | S35: 0 | T35: 0 | U35: 0 | V35: 1 | W35: 0 | X35: 0 | Y35: 1 | Z35: 0 | AA35: 0 | AB35: 3 | AC35: 0 | AD35: 0 | AE35: 3 | AF35: 0 | AG35: 0 | AH35: 0 | AI35: 1 | AJ35: 0 | AK35: 0 | AL35: 0 | AM35: 0 | AN35: 1 | AO35: 0 | AP35: 0 | AQ35: 0 | AR35: 0 | AS35: 0 | AT35: 0 | AU35: 0 | AV35: 0 | AW35: 1 | AX35: 0 | AY35: 0 | AZ35: 0 | BA35: 0 | BB35: 1 | BC35: 0 | BD35: 2 | BE35: =SUM(E35:BD35) -> 19
A36: 4 | B36: Jumlah surat suara yang tidak digunakan/tidak terpakai, termasuk sisa surat suara cadangan | E36: =E33-(E34+E35) -> 71 | F36: =F33-(F34+F35) -> 81 | G36: =G33-(G34+G35) -> 79 | H36: =H33-(H34+H35) -> 74 | I36: =I33-(I34+I35) -> 69 | J36: =J33-(J34+J35) -> 59 | K36: =K33-(K34+K35) -> 79 | L36: =L33-(L34+L35) -> 75 | ... BD36: =BD33-(BD34+BD35) -> 61 | BE36: =SUM(E36:BD36) -> 3264
A38: III | B38: DATA PEMILIH DISABILITAS
B39: Jumlah seluruh Pemilih disabilitas yang menggunakan hak pilih | D39: LK | E39: 0 | F39: 0 | G39: 1 | H39: 1 | I39: 0 | J39: 0 | K39: 0 | L39: 0 | M39: 0 | N39: 1 | O39: 0 | P39: 0 | Q39: 0 | R39: 0 | S39: 1 | T39: 0 | U39: 0 | V39: 0 | W39: 0 | X39: 0 | Y39: 0 | Z39: 0 | AA39: 0 | AB39: 1 | AC39: 1 | AD39: 2 | AE39: 1 | AF39: 0 | AG39: 0 | AH39: 0 | AI39: 0 | AJ39: 0 | AK39: 1 | AL39: 0 | AM39: 0 | AN39: 3 | AO39: 0 | AP39: 0 | AQ39: 2 | AR39: 1 | AS39: 0 | AT39: 0 | AU39: 0 | AV39: 0 | AW39: 0 | AX39: 1 | AY39: 0 | AZ39: 0 | BA39: 0 | BB39: 0 | BC39: 0 | BD39: 0 | BE39: =SUM(E39:BD39) -> 17
D40: PR | E40: 0 | F40: 1 | G40: 4 | H40: 1 | I40: 1 | J40: 0 | K40: 1 | L40: 0 | M40: 0 | N40: 1 | O40: 0 | P40: 0 | Q40: 0 | R40: 0 | S40: 5 | T40: 0 | U40: 0 | V40: 0 | W40: 0 | X40: 0 | Y40: 0 | Z40: 0 | AA40: 0 | AB40: 4 | AC40: 5 | AD40: 5 | AE40: 2 | AF40: 0 | AG40: 0 | AH40: 0 | AI40: 0 | AJ40: 0 | AK40: 4 | AL40: 0 | AM40: 0 | AN40: 5 | AO40: 0 | AP40: 1 | AQ40: 1 | AR40: 0 | AS40: 0 | AT40: 0 | AU40: 0 | AV40: 0 | AW40: 0 | AX40: 1 | AY40: 0 | AZ40: 0 | BA40: 0 | BB40: 0 | BC40: 0 | BD40: 0 | BE40: =SUM(E40:BD40) -> 42
D41: JML | E41: =SUM(E39:E40) -> 0 | F41: =SUM(F39:F40) -> 1 | G41: =SUM(G39:G40) -> 5 | H41: =SUM(H39:H40) -> 2 | I41: =SUM(I39:I40) -> 1 | J41: =SUM(J39:J40) -> 0 | K41: =SUM(K39:K40) -> 1 | L41: =SUM(L39:L40) -> 0 | ... BD41: =SUM(BD39:BD40) -> 0 | BE41: =SUM(E41:BD41) -> 59
A43: IV | B43: DATA RINCIAN PEROLEHAN SUARA PASANGAN CALON BUPATI DAN WAKIL BUPATI
A44: NOMOR DAN NAMA CALON
A45: A.1 | B45: 1. | C45: Partai Kebangkitan Bangsa | E45: 3 | F45: 2 | G45: 5 | H45: 3 | I45: 2 | J45: 3 | K45: 9 | L45: 5 | M45: 2 | N45: 2 | O45: 3 | P45: 5 | Q45: 3 | R45: 6 | S45: 1 | T45: 3 | U45: 7 | V45: 9 | W45: 4 | X45: 10 | Y45: 13 | Z45: 11 | AA45: 3 | AB45: 12 | AC45: 9 | AD45: 0 | AE45: 4 | AF45: 6 | AG45: 15 | AH45: 6 | AI45: 12 | AJ45: 4 | AK45: 9 | AL45: 5 | AM45: 4 | AN45: 3 | AO45: 6 | AP45: 3 | AQ45: 3 | AR45: 11 | AS45: 11 | AT45: 9 | AU45: 8 | AV45: 18 | AW45: 18 | AX45: 10 | AY45: 9 | AZ45: 14 | BA45: 9 | BB45: 8 | BC45: 7 | BD45: 6 | BE45: =SUM(E45:BD45) -> 353
A46: A.2 | B46: 1 | C46: HJ. SITI MAKHROCHATIN NI’MAH, S.PD., M.M. | E46: 7 | F46: 7 | G46: 1 | H46: 6 | I46: 7 | J46: 3 | K46: 23 | L46: 9 | M46: 2 | N46: 0 | O46: 2 | P46: 30 | Q46: 8 | R46: 4 | S46: 11 | T46: 5 | U46: 3 | V46: 7 | W46: 7 | X46: 36 | Y46: 13 | Z46: 5 | AA46: 14 | AB46: 7 | AC46: 21 | AD46: 12 | AE46: 2 | AF46: 4 | AG46: 8 | AH46: 2 | AI46: 6 | AJ46: 2 | AK46: 0 | AL46: 5 | AM46: 3 | AN46: 5 | AO46: 6 | AP46: 3 | AQ46: 2 | AR46: 13 | AS46: 27 | AT46: 11 | AU46: 8 | AV46: 15 | AW46: 13 | AX46: 12 | AY46: 13 | AZ46: 29 | BA46: 16 | BB46: 2 | BC46: 4 | BD46: 0 | BE46: =SUM(E46:BD46) -> 461
B47: 2 | C47: A. TAUFIK | E47: 1 | F47: 2 | G47: 2 | H47: 1 | I47: 0 | J47: 3 | K47: 3 | L47: 2 | M47: 1 | N47: 0 | O47: 0 | P47: 1 | Q47: 0 | R47: 4 | S47: 0 | T47: 0 | U47: 2 | V47: 0 | W47: 1 | X47: 16 | Y47: 7 | Z47: 32 | AA47: 6 | AB47: 3 | AC47: 7 | AD47: 5 | AE47: 1 | AF47: 4 | AG47: 14 | AH47: 16 | AI47: 24 | AJ47: 0 | AK47: 2 | AL47: 3 | AM47: 6 | AN47: 2 | AO47: 1 | AP47: 11 | AQ47: 2 | AR47: 2 | AS47: 19 | AT47: 11 | AU47: 5 | AV47: 8 | AW47: 19 | AX47: 7 | AY47: 9 | AZ47: 12 | BA47: 9 | BB47: 2 | BC47: 1 | BD47: 4 | BE47: =SUM(E47:BD47) -> 293
B48: 3 | C48: KHOIRUL FAHMI ISKANDAR, S.PD | E48: 1 | F48: 1 | G48: 0 | H48: 0 | I48: 0 | J48: 0 | K48: 2 | L48: 1 | M48: 0 | N48: 0 | O48: 1 | P48: 0 | Q48: 2 | R48: 1 | S48: 0 | T48: 0 | U48: 1 | V48: 3 | W48: 0 | X48: 0 | Y48: 0 | Z48: 0 | AA48: 0 | AB48: 3 | AC48: 1 | AD48: 0 | AE48: 0 | AF48: 1 | AG48: 1 | AH48: 1 | AI48: 2 | AJ48: 0 | AK48: 0 | AL48: 1 | AM48: 0 | AN48: 0 | AO48: 1 | AP48: 0 | AQ48: 0 | AR48: 1 | AS48: 0 | AT48: 1 | AU48: 1 | AV48: 3 | AW48: 0 | AX48: 1 | AY48: 0 | AZ48: 2 | BA48: 3 | BB48: 2 | BC48: 1 | BD48: 1 | BE48: =SUM(E48:BD48) -> 40
B49: 4 | C49: AKHMAD, S.PD., M.M. | E49: 0 | F49: 0 | G49: 0 | H49: 1 | I49: 0 | J49: 0 | K49: 3 | L49: 0 | M49: 0 | N49: 0 | O49: 0 | P49: 0 | Q49: 0 | R49: 0 | S49: 1 | T49: 0 | U49: 0 | V49: 0 | W49: 0 | X49: 1 | Y49: 0 | Z49: 0 | AA49: 0 | AB49: 0 | AC49: 0 | AD49: 0 | AE49: 0 | AF49: 0 | AG49: 0 | AH49: 2 | AI49: 0 | AJ49: 1 | AK49: 0 | AL49: 0 | AM49: 1 | AN49: 0 | AO49: 0 | AP49: 1 | AQ49: 0 | AR49: 0 | AS49: 0 | AT49: 0 | AU49: 0 | AV49: 1 | AW49: 0 | AX49: 0 | AY49: 0 | AZ49: 0 | BA49: 0 | BB49: 1 | BC49: 1 | BD49: 0 | BE49: =SUM(E49:BD49) -> 14
B50: 5 | C50: SOFI WULANDARI, S.H. | E50: 1 | F50: 0 | G50: 0 | H50: 0 | I50: 0 | J50: 0 | K50: 0 | L50: 0 | M50: 0 | N50: 0 | O50: 0 | P50: 0 | Q50: 0 | R50: 0 | S50: 0 | T50: 0 | U50: 0 | V50: 0 | W50: 0 | X50: 0 | Y50: 1 | Z50: 0 | AA50: 0 | AB50: 0 | AC50: 0 | AD50: 0 | AE50: 0 | AF50: 0 | AG50: 0 | AH50: 0 | AI50: 1 | AJ50: 0 | AK50: 0 | AL50: 0 | AM50: 0 | AN50: 0 | AO50: 1 | AP50: 1 | AQ50: 0 | AR50: 0 | AS50: 1 | AT50: 0 | AU50: 0 | AV50: 0 | AW50: 1 | AX50: 1 | AY50: 0 | AZ50: 0 | BA50: 0 | BB50: 0 | BC50: 1 | BD50: 0 | BE50: =SUM(E50:BD50) -> 9
B51: 6 | C51: AL MA’ARIF | E51: 1 | F51: 0 | G51: 0 | H51: 0 | I51: 0 | J51: 0 | K51: 0 | L51: 0 | M51: 0 | N51: 0 | O51: 0 | P51: 0 | Q51: 0 | R51: 0 | S51: 0 | T51: 0 | U51: 0 | V51: 0 | W51: 0 | X51: 0 | Y51: 0 | Z51: 0 | AA51: 0 | AB51: 0 | AC51: 0 | AD51: 0 | AE51: 0 | AF51: 0 | AG51: 1 | AH51: 0 | AI51: 3 | AJ51: 0 | AK51: 1 | AL51: 0 | AM51: 0 | AN51: 0 | AO51: 0 | AP51: 0 | AQ51: 0 | AR51: 0 | AS51: 0 | AT51: 0 | AU51: 0 | AV51: 1 | AW51: 0 | AX51: 0 | AY51: 0 | AZ51: 1 | BA51: 1 | BB51: 0 | BC51: 1 | BD51: 0 | BE51: =SUM(E51:BD51) -> 10
A52: B | B52: JUMLAH SUARA SAH PARTAI POLITIK DAN CALON (A1 + A2) | E52: =SUM(E45:E51) -> 14 | F52: =SUM(F45:F51) -> 12 | G52: =SUM(G45:G51) -> 8 | H52: =SUM(H45:H51) -> 11 | I52: =SUM(I45:I51) -> 9 | J52: =SUM(J45:J51) -> 9 | K52: =SUM(K45:K51) -> 40 | L52: =SUM(L45:L51) -> 17 | ... BE52: =SUM(BE45:BE51) -> 1180
A54: A.1 | B54: 2. | C54: Partai Gerakan Indonesia Raya | E54: 7 | F54: 5 | G54: 4 | H54: 7 | I54: 4 | J54: 3 | K54: 6 | L54: 11 | M54: 6 | N54: 6 | O54: 7 | P54: 2 | Q54: 8 | R54: 6 | S54: 2 | T54: 9 | U54: 15 | V54: 4 | W54: 8 | X54: 4 | Y54: 5 | Z54: 7 | AA54: 3 | AB54: 11 | AC54: 2 | AD54: 1 | AE54: 5 | AF54: 9 | AG54: 8 | AH54: 8 | AI54: 4 | AJ54: 10 | AK54: 9 | AL54: 6 | AM54: 6 | AN54: 8 | AO54: 3 | AP54: 1 | AQ54: 8 | AR54: 11 | AS54: 7 | AT54: 8 | AU54: 11 | AV54: 20 | AW54: 23 | AX54: 19 | AY54: 13 | AZ54: 11 | BA54: 10 | BB54: 6 | BC54: 7 | BD54: 8 | BE54: =SUM(E54:BD54) -> 392
A55: A.2 | B55: 1 | C55: ASRILA DISKA RIMUNDA | E55: 3 | F55: 2 | G55: 0 | H55: 2 | I55: 4 | J55: 3 | K55: 0 | L55: 2 | M55: 2 | N55: 0 | O55: 4 | P55: 4 | Q55: 1 | R55: 0 | S55: 4 | T55: 1 | U55: 6 | V55: 9 | W55: 7 | X55: 2 | Y55: 4 | Z55: 2 | AA55: 2 | AB55: 0 | AC55: 3 | AD55: 0 | AE55: 0 | AF55: 3 | AG55: 0 | AH55: 1 | AI55: 6 | AJ55: 4 | AK55: 0 | AL55: 1 | AM55: 0 | AN55: 0 | AO55: 2 | AP55: 3 | AQ55: 2 | AR55: 30 | AS55: 4 | AT55: 6 | AU55: 8 | AV55: 11 | AW55: 8 | AX55: 14 | AY55: 8 | AZ55: 9 | BA55: 6 | BB55: 8 | BC55: 5 | BD55: 3 | BE55: =SUM(E55:BD55) -> 209
B56: 2 | C56: ANIK MUSYAROFAH | E56: 2 | F56: 1 | G56: 2 | H56: 0 | I56: 2 | J56: 0 | K56: 0 | L56: 5 | M56: 1 | N56: 3 | O56: 2 | P56: 1 | Q56: 0 | R56: 2 | S56: 4 | T56: 1 | U56: 2 | V56: 1 | W56: 1 | X56: 0 | Y56: 0 | Z56: 1 | AA56: 4 | AB56: 2 | AC56: 0 | AD56: 0 | AE56: 0 | AF56: 3 | AG56: 0 | AH56: 5 | AI56: 3 | AJ56: 2 | AK56: 3 | AL56: 4 | AM56: 2 | AN56: 3 | AO56: 1 | AP56: 0 | AQ56: 1 | AR56: 4 | AS56: 2 | AT56: 6 | AU56: 5 | AV56: 6 | AW56: 3 | AX56: 6 | AY56: 0 | AZ56: 5 | BA56: 4 | BB56: 1 | BC56: 2 | BD56: 1 | BE56: =SUM(E56:BD56) -> 109
B57: 3 | C57: JOKO MISBONO | E57: 0 | F57: 0 | G57: 0 | H57: 3 | I57: 5 | J57: 0 | K57: 7 | L57: 4 | M57: 25 | N57: 5 | O57: 2 | P57: 1 | Q57: 41 | R57: 26 | S57: 28 | T57: 5 | U57: 9 | V57: 2 | W57: 19 | X57: 1 | Y57: 3 | Z57: 5 | AA57: 4 | AB57: 1 | AC57: 0 | AD57: 0 | AE57: 0 | AF57: 1 | AG57: 0 | AH57: 1 | AI57: 3 | AJ57: 3 | AK57: 4 | AL57: 4 | AM57: 2 | AN57: 3 | AO57: 6 | AP57: 0 | AQ57: 4 | AR57: 3 | AS57: 1 | AT57: 6 | AU57: 4 | AV57: 10 | AW57: 13 | AX57: 4 | AY57: 3 | AZ57: 0 | BA57: 0 | BB57: 3 | BC57: 5 | BD57: 8 | BE57: =SUM(E57:BD57) -> 287
B58: 4 | C58: REKTO PUSPITASARI | E58: 1 | F58: 0 | G58: 0 | H58: 0 | I58: 0 | J58: 2 | K58: 0 | L58: 0 | M58: 0 | N58: 0 | O58: 0 | P58: 0 | Q58: 0 | R58: 0 | S58: 0 | T58: 2 | U58: 0 | V58: 0 | W58: 5 | X58: 0 | Y58: 0 | Z58: 1 | AA58: 5 | AB58: 0 | AC58: 0 | AD58: 0 | AE58: 0 | AF58: 3 | AG58: 0 | AH58: 0 | AI58: 1 | AJ58: 1 | AK58: 0 | AL58: 2 | AM58: 0 | AN58: 0 | AO58: 0 | AP58: 0 | AQ58: 0 | AR58: 1 | AS58: 0 | AT58: 0 | AU58: 0 | AV58: 0 | AW58: 1 | AX58: 2 | AY58: 1 | AZ58: 1 | BA58: 0 | BB58: 1 | BC58: 0 | BD58: 0 | BE58: =SUM(E58:BD58) -> 30
B59: 5 | C59: AHMAD KHOMSI WAHYUDI | E59: 0 | F59: 0 | G59: 0 | H59: 0 | I59: 0 | J59: 0 | K59: 1 | L59: 0 | M59: 0 | N59: 0 | O59: 0 | P59: 0 | Q59: 0 | R59: 0 | S59: 0 | T59: 0 | U59: 1 | V59: 1 | W59: 1 | X59: 0 | Y59: 1 | Z59: 0 | AA59: 0 | AB59: 0 | AC59: 2 | AD59: 0 | AE59: 0 | AF59: 0 | AG59: 0 | AH59: 0 | AI59: 0 | AJ59: 0 | AK59: 0 | AL59: 1 | AM59: 2 | AN59: 0 | AO59: 1 | AP59: 0 | AQ59: 1 | AR59: 1 | AS59: 2 | AT59: 1 | AU59: 0 | AV59: 0 | AW59: 2 | AX59: 1 | AY59: 0 | AZ59: 2 | BA59: 1 | BB59: 0 | BC59: 0 | BD59: 1 | BE59: =SUM(E59:BD59) -> 23
B60: 6 | C60: ACHI RIZAL FIRDAUS | E60: 1 | F60: 2 | G60: 1 | H60: 0 | I60: 0 | J60: 0 | K60: 0 | L60: 0 | M60: 0 | N60: 0 | O60: 0 | P60: 2 | Q60: 0 | R60: 0 | S60: 1 | T60: 1 | U60: 1 | V60: 0 | W60: 0 | X60: 0 | Y60: 1 | Z60: 2 | AA60: 0 | AB60: 1 | AC60: 6 | AD60: 2 | AE60: 0 | AF60: 1 | AG60: 0 | AH60: 0 | AI60: 1 | AJ60: 0 | AK60: 0 | AL60: 0 | AM60: 0 | AN60: 2 | AO60: 0 | AP60: 0 | AQ60: 0 | AR60: 1 | AS60: 0 | AT60: 4 | AU60: 5 | AV60: 10 | AW60: 1 | AX60: 0 | AY60: 0 | AZ60: 6 | BA60: 4 | BB60: 0 | BC60: 3 | BD60: 0 | BE60: =SUM(E60:BD60) -> 59
A61: B | B61: JUMLAH SUARA SAH PARTAI POLITIK DAN CALON (A1 + A2) | E61: =SUM(E54:E60) -> 14 | F61: =SUM(F54:F60) -> 10 | G61: =SUM(G54:G60) -> 7 | H61: =SUM(H54:H60) -> 12 | I61: =SUM(I54:I60) -> 15 | J61: =SUM(J54:J60) -> 8 | K61: =SUM(K54:K60) -> 14 | L61: =SUM(L54:L60) -> 22 | ... BE61: =SUM(BE54:BE60) -> 1109
A63: A.1 | B63: 3. | C63: Partai Demokrasi Indonesia Perjuangan | E63: 13 | F63: 14 | G63: 3 | H63: 10 | I63: 10 | J63: 8 | K63: 12 | L63: 11 | M63: 16 | N63: 11 | O63: 8 | P63: 8 | Q63: 11 | R63: 7 | S63: 8 | T63: 11 | U63: 15 | V63: 17 | W63: 7 | X63: 8 | Y63: 8 | Z63: 11 | AA63: 6 | AB63: 18 | AC63: 7 | AD63: 1 | AE63: 7 | AF63: 14 | AG63: 3 | AH63: 9 | AI63: 9 | AJ63: 11 | AK63: 15 | AL63: 6 | AM63: 5 | AN63: 4 | AO63: 1 | AP63: 5 | AQ63: 7 | AR63: 5 | AS63: 6 | AT63: 5 | AU63: 2 | AV63: 1 | AW63: 6 | AX63: 1 | AY63: 2 | AZ63: 6 | BA63: 5 | BB63: 2 | BC63: 10 | BD63: 16 | BE63: =SUM(E63:BD63) -> 422
A64: A.2 | B64: 1 | C64: I MADE CAHYANA NEGARA, S.E. | E64: 35 | F64: 37 | G64: 7 | H64: 10 | I64: 7 | J64: 49 | K64: 41 | L64: 30 | M64: 15 | N64: 17 | O64: 43 | P64: 29 | Q64: 19 | R64: 55 | S64: 25 | T64: 2 | U64: 35 | V64: 10 | W64: 9 | X64: 20 | Y64: 21 | Z64: 27 | AA64: 127 | AB64: 35 | AC64: 33 | AD64: 3 | AE64: 4 | AF64: 18 | AG64: 16 | AH64: 5 | AI64: 9 | AJ64: 16 | AK64: 17 | AL64: 16 | AM64: 20 | AN64: 9 | AO64: 9 | AP64: 5 | AQ64: 7 | AR64: 19 | AS64: 21 | AT64: 17 | AU64: 15 | AV64: 20 | AW64: 16 | AX64: 9 | AY64: 9 | AZ64: 29 | BA64: 9 | BB64: 18 | BC64: 13 | BD64: 50 | BE64: =SUM(E64:BD64) -> 1137
B65: 2 | C65: AGUS WAHYU PANOTO, S.H. | E65: 68 | F65: 80 | G65: 26 | H65: 49 | I65: 91 | J65: 62 | K65: 47 | L65: 52 | M65: 64 | N65: 49 | O65: 32 | P65: 49 | Q65: 21 | R65: 25 | S65: 20 | T65: 110 | U65: 18 | V65: 62 | W65: 12 | X65: 6 | Y65: 16 | Z65: 11 | AA65: 7 | AB65: 64 | AC65: 53 | AD65: 15 | AE65: 73 | AF65: 29 | AG65: 23 | AH65: 23 | AI65: 22 | AJ65: 77 | AK65: 60 | AL65: 25 | AM65: 24 | AN65: 22 | AO65: 12 | AP65: 37 | AQ65: 63 | AR65: 4 | AS65: 6 | AT65: 7 | AU65: 1 | AV65: 5 | AW65: 5 | AX65: 13 | AY65: 12 | AZ65: 2 | BA65: 1 | BB65: 1 | BC65: 1 | BD65: 13 | BE65: =SUM(E65:BD65) -> 1670
B66: 3 | C66: IIS SUMIYATI | E66: 0 | F66: 0 | G66: 0 | H66: 0 | I66: 1 | J66: 2 | K66: 0 | L66: 1 | M66: 0 | N66: 1 | O66: 0 | P66: 0 | Q66: 0 | R66: 1 | S66: 0 | T66: 0 | U66: 2 | V66: 0 | W66: 1 | X66: 0 | Y66: 1 | Z66: 1 | AA66: 1 | AB66: 0 | AC66: 2 | AD66: 0 | AE66: 0 | AF66: 0 | AG66: 1 | AH66: 0 | AI66: 0 | AJ66: 1 | AK66: 1 | AL66: 1 | AM66: 2 | AN66: 1 | AO66: 2 | AP66: 1 | AQ66: 1 | AR66: 0 | AS66: 0 | AT66: 2 | AU66: 2 | AV66: 0 | AW66: 0 | AX66: 12 | AY66: 0 | AZ66: 1 | BA66: 4 | BB66: 0 | BC66: 2 | BD66: 0 | BE66: =SUM(E66:BD66) -> 48
B67: 4 | C67: ACHMAD MUZAMMIL | E67: 0 | F67: 0 | G67: 0 | H67: 1 | I67: 0 | J67: 0 | K67: 0 | L67: 0 | M67: 0 | N67: 0 | O67: 0 | P67: 1 | Q67: 0 | R67: 0 | S67: 0 | T67: 0 | U67: 1 | V67: 0 | W67: 0 | X67: 0 | Y67: 0 | Z67: 0 | AA67: 0 | AB67: 0 | AC67: 0 | AD67: 0 | AE67: 0 | AF67: 0 | AG67: 0 | AH67: 0 | AI67: 2 | AJ67: 0 | AK67: 0 | AL67: 0 | AM67: 1 | AN67: 0 | AO67: 0 | AP67: 1 | AQ67: 1 | AR67: 1 | AS67: 0 | AT67: 1 | AU67: 1 | AV67: 0 | AW67: 0 | AX67: 0 | AY67: 1 | AZ67: 0 | BA67: 0 | BB67: 0 | BC67: 0 | BD67: 0 | BE67: =SUM(E67:BD67) -> 12
B68: 5 | C68: WENDRIAWANTO | E68: 1 | F68: 0 | G68: 0 | H68: 0 | I68: 0 | J68: 0 | K68: 0 | L68: 1 | M68: 0 | N68: 0 | O68: 0 | P68: 0 | Q68: 1 | R68: 0 | S68: 0 | T68: 0 | U68: 0 | V68: 0 | W68: 0 | X68: 0 | Y68: 0 | Z68: 0 | AA68: 0 | AB68: 0 | AC68: 2 | AD68: 0 | AE68: 0 | AF68: 0 | AG68: 0 | AH68: 0 | AI68: 0 | AJ68: 0 | AK68: 0 | AL68: 0 | AM68: 0 | AN68: 0 | AO68: 0 | AP68: 0 | AQ68: 0 | AR68: 0 | AS68: 0 | AT68: 0 | AU68: 0 | AV68: 0 | AW68: 0 | AX68: 0 | AY68: 0 | AZ68: 0 | BA68: 0 | BB68: 0 | BC68: 0 | BD68: 1 | BE68: =SUM(E68:BD68) -> 6
B69: 6 | C69: PUTRI MEGA AYU WIDIARTI | E69: 1 | F69: 0 | G69: 0 | H69: 0 | I69: 1 | J69: 0 | K69: 0 | L69: 2 | M69: 0 | N69: 0 | O69: 1 | P69: 0 | Q69: 0 | R69: 0 | S69: 0 | T69: 0 | U69: 1 | V69: 0 | W69: 0 | X69: 0 | Y69: 0 | Z69: 1 | AA69: 0 | AB69: 0 | AC69: 0 | AD69: 0 | AE69: 0 | AF69: 0 | AG69: 0 | AH69: 0 | AI69: 0 | AJ69: 0 | AK69: 0 | AL69: 2 | AM69: 1 | AN69: 0 | AO69: 1 | AP69: 0 | AQ69: 0 | AR69: 0 | AS69: 0 | AT69: 0 | AU69: 1 | AV69: 1 | AW69: 3 | AX69: 0 | AY69: 1 | AZ69: 2 | BA69: 1 | BB69: 1 | BC69: 0 | BD69: 0 | BE69: =SUM(E69:BD69) -> 21
A70: B | B70: JUMLAH SUARA SAH PARTAI POLITIK DAN CALON (A1 + A2) | E70: =SUM(E63:E69) -> 118 | F70: =SUM(F63:F69) -> 131 | G70: =SUM(G63:G69) -> 36 | H70: =SUM(H63:H69) -> 70 | I70: =SUM(I63:I69) -> 110 | J70: =SUM(J63:J69) -> 121 | K70: =SUM(K63:K69) -> 100 | L70: =SUM(L63:L69) -> 97 | ... BE70: =SUM(BE63:BE69) -> 3316
A72: A.1 | B72: 4. | C72: Partai Golongan Karya | E72: 1 | F72: 2 | G72: 2 | H72: 4 | I72: 3 | J72: 1 | K72: 1 | L72: 1 | M72: 1 | N72: 1 | O72: 4 | P72: 2 | Q72: 1 | R72: 2 | S72: 4 | T72: 0 | U72: 6 | V72: 7 | W72: 5 | X72: 2 | Y72: 10 | Z72: 4 | AA72: 3 | AB72: 4 | AC72: 3 | AD72: 4 | AE72: 2 | AF72: 14 | AG72: 1 | AH72: 7 | AI72: 1 | AJ72: 2 | AK72: 4 | AL72: 6 | AM72: 2 | AN72: 6 | AO72: 11 | AP72: 1 | AQ72: 3 | AR72: 3 | AS72: 0 | AT72: 2 | AU72: 2 | AV72: 2 | AW72: 3 | AX72: 2 | AY72: 2 | AZ72: 2 | BA72: 4 | BB72: 4 | BC72: 11 | BD72: 2 | BE72: =SUM(E72:BD72) -> 177
A73: A.2 | B73: 1 | C73: UMI KULSUM, S.H. | E73: 11 | F73: 1 | G73: 1 | H73: 2 | I73: 0 | J73: 1 | K73: 1 | L73: 8 | M73: 1 | N73: 1 | O73: 5 | P73: 0 | Q73: 1 | R73: 2 | S73: 1 | T73: 9 | U73: 3 | V73: 1 | W73: 27 | X73: 11 | Y73: 26 | Z73: 40 | AA73: 25 | AB73: 23 | AC73: 39 | AD73: 167 | AE73: 3 | AF73: 4 | AG73: 16 | AH73: 76 | AI73: 18 | AJ73: 1 | AK73: 13 | AL73: 10 | AM73: 5 | AN73: 11 | AO73: 10 | AP73: 35 | AQ73: 9 | AR73: 5 | AS73: 5 | AT73: 7 | AU73: 6 | AV73: 3 | AW73: 3 | AX73: 2 | AY73: 3 | AZ73: 3 | BA73: 2 | BB73: 5 | BC73: 26 | BD73: 2 | BE73: =SUM(E73:BD73) -> 690
B74: 2 | C74: SONNY PRAKOSO INDRA, S.E. | E74: 9 | F74: 7 | G74: 131 | H74: 77 | I74: 45 | J74: 13 | K74: 1 | L74: 6 | M74: 8 | N74: 22 | O74: 28 | P74: 4 | Q74: 78 | R74: 16 | S74: 43 | T74: 3 | U74: 3 | V74: 2 | W74: 6 | X74: 20 | Y74: 34 | Z74: 0 | AA74: 39 | AB74: 18 | AC74: 1 | AD74: 0 | AE74: 54 | AF74: 34 | AG74: 16 | AH74: 10 | AI74: 9 | AJ74: 4 | AK74: 1 | AL74: 55 | AM74: 37 | AN74: 69 | AO74: 41 | AP74: 34 | AQ74: 1 | AR74: 9 | AS74: 15 | AT74: 21 | AU74: 15 | AV74: 39 | AW74: 8 | AX74: 15 | AY74: 17 | AZ74: 2 | BA74: 2 | BB74: 28 | BC74: 26 | BD74: 4 | BE74: =SUM(E74:BD74) -> 1180
B75: 3 | C75: ERJUNA SITI FATIMAH | E75: 0 | F75: 0 | G75: 0 | H75: 1 | I75: 0 | J75: 0 | K75: 0 | L75: 0 | M75: 0 | N75: 0 | O75: 2 | P75: 1 | Q75: 0 | R75: 0 | S75: 0 | T75: 0 | U75: 0 | V75: 0 | W75: 0 | X75: 1 | Y75: 0 | Z75: 0 | AA75: 0 | AB75: 0 | AC75: 0 | AD75: 0 | AE75: 1 | AF75: 1 | AG75: 1 | AH75: 0 | AI75: 1 | AJ75: 0 | AK75: 0 | AL75: 2 | AM75: 0 | AN75: 0 | AO75: 0 | AP75: 0 | AQ75: 0 | AR75: 1 | AS75: 0 | AT75: 0 | AU75: 0 | AV75: 1 | AW75: 1 | AX75: 0 | AY75: 0 | AZ75: 0 | BA75: 0 | BB75: 0 | BC75: 0 | BD75: 0 | BE75: =SUM(E75:BD75) -> 14
B76: 4 | C76: SITI MARIYAM | E76: 0 | F76: 0 | G76: 1 | H76: 0 | I76: 0 | J76: 0 | K76: 0 | L76: 1 | M76: 0 | N76: 0 | O76: 0 | P76: 0 | Q76: 1 | R76: 0 | S76: 0 | T76: 0 | U76: 0 | V76: 0 | W76: 2 | X76: 0 | Y76: 0 | Z76: 0 | AA76: 0 | AB76: 1 | AC76: 0 | AD76: 0 | AE76: 0 | AF76: 0 | AG76: 1 | AH76: 0 | AI76: 0 | AJ76: 0 | AK76: 0 | AL76: 0 | AM76: 0 | AN76: 0 | AO76: 0 | AP76: 0 | AQ76: 0 | AR76: 0 | AS76: 0 | AT76: 0 | AU76: 0 | AV76: 0 | AW76: 0 | AX76: 0 | AY76: 1 | AZ76: 0 | BA76: 2 | BB76: 0 | BC76: 4 | BD76: 0 | BE76: =SUM(E76:BD76) -> 14
B77: 5 | C77: HERU SUKARNO, S.H. | E77: 0 | F77: 1 | G77: 0 | H77: 0 | I77: 0 | J77: 0 | K77: 0 | L77: 1 | M77: 0 | N77: 0 | O77: 0 | P77: 0 | Q77: 0 | R77: 1 | S77: 0 | T77: 0 | U77: 0 | V77: 0 | W77: 0 | X77: 0 | Y77: 1 | Z77: 0 | AA77: 0 | AB77: 1 | AC77: 0 | AD77: 0 | AE77: 0 | AF77: 0 | AG77: 0 | AH77: 0 | AI77: 0 | AJ77: 0 | AK77: 0 | AL77: 0 | AM77: 0 | AN77: 0 | AO77: 0 | AP77: 0 | AQ77: 0 | AR77: 0 | AS77: 0 | AT77: 1 | AU77: 1 | AV77: 0 | AW77: 0 | AX77: 0 | AY77: 0 | AZ77: 1 | BA77: 0 | BB77: 0 | BC77: 0 | BD77: 0 | BE77: =SUM(E77:BD77) -> 8
B78: 6 | C78: AHMAD MUZAYYIN | E78: 0 | F78: 0 | G78: 0 | H78: 0 | I78: 0 | J78: 0 | K78: 0 | L78: 0 | M78: 0 | N78: 0 | O78: 0 | P78: 0 | Q78: 0 | R78: 0 | S78: 0 | T78: 0 | U78: 0 | V78: 0 | W78: 0 | X78: 0 | Y78: 0 | Z78: 0 | AA78: 0 | AB78: 0 | AC78: 0 | AD78: 0 | AE78: 0 | AF78: 0 | AG78: 0 | AH78: 0 | AI78: 0 | AJ78: 0 | AK78: 0 | AL78: 0 | AM78: 0 | AN78: 0 | AO78: 0 | AP78: 0 | AQ78: 0 | AR78: 0 | AS78: 0 | AT78: 0 | AU78: 0 | AV78: 0 | AW78: 0 | AX78: 1 | AY78: 0 | AZ78: 0 | BA78: 0 | BB78: 0 | BC78: 0 | BD78: 0 | BE78: =SUM(E78:BD78) -> 1
A79: B | B79: JUMLAH SUARA SAH PARTAI POLITIK DAN CALON (A1 + A2) | E79: =SUM(E72:E78) -> 21 | F79: =SUM(F72:F78) -> 11 | G79: =SUM(G72:G78) -> 135 | H79: =SUM(H72:H78) -> 84 | I79: =SUM(I72:I78) -> 48 | J79: =SUM(J72:J78) -> 15 | K79: =SUM(K72:K78) -> 3 | L79: =SUM(L72:L78) -> 17 | ... BE79: =SUM(BE72:BE78) -> 2084
A81: A.1 | B81: 5. | C81: Partai NasDem | E81: 1 | F81: 4 | G81: 0 | H81: 0 | I81: 1 | J81: 0 | K81: 0 | L81: 0 | M81: 1 | N81: 0 | O81: 1 | P81: 2 | Q81: 1 | R81: 2 | S81: 0 | T81: 0 | U81: 2 | V81: 0 | W81: 2 | X81: 1 | Y81: 4 | Z81: 6 | AA81: 0 | AB81: 1 | AC81: 1 | AD81: 0 | AE81: 1 | AF81: 4 | AG81: 4 | AH81: 2 | AI81: 3 | AJ81: 1 | AK81: 1 | AL81: 1 | AM81: 1 | AN81: 0 | AO81: 3 | AP81: 4 | AQ81: 0 | AR81: 6 | AS81: 0 | AT81: 3 | AU81: 5 | AV81: 1 | AW81: 2 | AX81: 1 | AY81: 0 | AZ81: 0 | BA81: 4 | BB81: 1 | BC81: 6 | BD81: 5 | BE81: =SUM(E81:BD81) -> 89
A82: A.2 | B82: 1 | C82: DRS. MOH. PADIL | E82: 1 | F82: 1 | G82: 0 | H82: 2 | I82: 0 | J82: 0 | K82: 0 | L82: 1 | M82: 0 | N82: 0 | O82: 0 | P82: 0 | Q82: 0 | R82: 0 | S82: 3 | T82: 0 | U82: 0 | V82: 0 | W82: 0 | X82: 2 | Y82: 3 | Z82: 1 | AA82: 1 | AB82: 4 | AC82: 9 | AD82: 1 | AE82: 0 | AF82: 5 | AG82: 2 | AH82: 0 | AI82: 2 | AJ82: 1 | AK82: 1 | AL82: 2 | AM82: 0 | AN82: 3 | AO82: 0 | AP82: 1 | AQ82: 3 | AR82: 0 | AS82: 2 | AT82: 6 | AU82: 2 | AV82: 3 | AW82: 1 | AX82: 1 | AY82: 1 | AZ82: 1 | BA82: 0 | BB82: 0 | BC82: 2 | BD82: 3 | BE82: =SUM(E82:BD82) -> 71
B83: 2 | C83: ALEX WIJAYA KUSUMA | E83: 0 | F83: 0 | G83: 0 | H83: 0 | I83: 1 | J83: 0 | K83: 0 | L83: 0 | M83: 1 | N83: 0 | O83: 0 | P83: 0 | Q83: 0 | R83: 0 | S83: 0 | T83: 0 | U83: 0 | V83: 0 | W83: 0 | X83: 0 | Y83: 0 | Z83: 0 | AA83: 0 | AB83: 0 | AC83: 0 | AD83: 0 | AE83: 0 | AF83: 0 | AG83: 0 | AH83: 0 | AI83: 0 | AJ83: 0 | AK83: 0 | AL83: 1 | AM83: 0 | AN83: 0 | AO83: 1 | AP83: 0 | AQ83: 0 | AR83: 0 | AS83: 0 | AT83: 1 | AU83: 1 | AV83: 1 | AW83: 0 | AX83: 0 | AY83: 0 | AZ83: 0 | BA83: 0 | BB83: 0 | BC83: 0 | BD83: 0 | BE83: =SUM(E83:BD83) -> 7
B84: 3 | C84: DANY FARDA MIHMDIAT | E84: 0 | F84: 0 | G84: 0 | H84: 1 | I84: 0 | J84: 0 | K84: 0 | L84: 2 | M84: 0 | N84: 0 | O84: 0 | P84: 1 | Q84: 0 | R84: 1 | S84: 0 | T84: 0 | U84: 0 | V84: 0 | W84: 0 | X84: 0 | Y84: 0 | Z84: 0 | AA84: 0 | AB84: 0 | AC84: 0 | AD84: 0 | AE84: 0 | AF84: 0 | AG84: 1 | AH84: 0 | AI84: 1 | AJ84: 0 | AK84: 0 | AL84: 0 | AM84: 0 | AN84: 0 | AO84: 1 | AP84: 2 | AQ84: 0 | AR84: 1 | AS84: 0 | AT84: 0 | AU84: 0 | AV84: 0 | AW84: 1 | AX84: 0 | AY84: 0 | AZ84: 0 | BA84: 0 | BB84: 0 | BC84: 0 | BD84: 0 | BE84: =SUM(E84:BD84) -> 12
B85: 4 | C85: UNTUNG AL AKBAR | E85: 0 | F85: 0 | G85: 0 | H85: 0 | I85: 0 | J85: 0 | K85: 0 | L85: 0 | M85: 0 | N85: 1 | O85: 0 | P85: 0 | Q85: 0 | R85: 3 | S85: 8 | T85: 0 | U85: 3 | V85: 1 | W85: 0 | X85: 0 | Y85: 0 | Z85: 0 | AA85: 0 | AB85: 0 | AC85: 2 | AD85: 1 | AE85: 0 | AF85: 1 | AG85: 0 | AH85: 0 | AI85: 0 | AJ85: 0 | AK85: 0 | AL85: 0 | AM85: 0 | AN85: 0 | AO85: 0 | AP85: 0 | AQ85: 0 | AR85: 0 | AS85: 0 | AT85: 1 | AU85: 2 | AV85: 0 | AW85: 1 | AX85: 0 | AY85: 0 | AZ85: 0 | BA85: 1 | BB85: 0 | BC85: 0 | BD85: 0 | BE85: =SUM(E85:BD85) -> 25
B86: 5 | C86: SETYO PONCO UTOMO | E86: 1 | F86: 0 | G86: 1 | H86: 5 | I86: 1 | J86: 0 | K86: 3 | L86: 1 | M86: 3 | N86: 1 | O86: 0 | P86: 1 | Q86: 0 | R86: 1 | S86: 2 | T86: 1 | U86: 3 | V86: 1 | W86: 5 | X86: 6 | Y86: 2 | Z86: 6 | AA86: 0 | AB86: 0 | AC86: 0 | AD86: 0 | AE86: 0 | AF86: 0 | AG86: 8 | AH86: 2 | AI86: 5 | AJ86: 2 | AK86: 5 | AL86: 1 | AM86: 2 | AN86: 8 | AO86: 18 | AP86: 20 | AQ86: 4 | AR86: 8 | AS86: 9 | AT86: 11 | AU86: 3 | AV86: 1 | AW86: 4 | AX86: 2 | AY86: 0 | AZ86: 10 | BA86: 12 | BB86: 17 | BC86: 17 | BD86: 12 | BE86: =SUM(E86:BD86) -> 225
B87: 6 | C87: LIA ALYSTIA NINGRUM, S.PD. | E87: 0 | F87: 0 | G87: 0 | H87: 1 | I87: 0 | J87: 0 | K87: 0 | L87: 0 | M87: 0 | N87: 0 | O87: 0 | P87: 0 | Q87: 0 | R87: 0 | S87: 0 | T87: 0 | U87: 1 | V87: 1 | W87: 0 | X87: 2 | Y87: 2 | Z87: 0 | AA87: 1 | AB87: 0 | AC87: 0 | AD87: 2 | AE87: 0 | AF87: 3 | AG87: 7 | AH87: 5 | AI87: 2 | AJ87: 0 | AK87: 1 | AL87: 3 | AM87: 0 | AN87: 2 | AO87: 0 | AP87: 0 | AQ87: 0 | AR87: 0 | AS87: 0 | AT87: 0 | AU87: 2 | AV87: 0 | AW87: 0 | AX87: 0 | AY87: 2 | AZ87: 0 | BA87: 25 | BB87: 2 | BC87: 7 | BD87: 3 | BE87: =SUM(E87:BD87) -> 74
A88: B | B88: JUMLAH SUARA SAH PARTAI POLITIK DAN CALON (A1 + A2) | E88: =SUM(E81:E87) -> 3 | F88: =SUM(F81:F87) -> 5 | G88: =SUM(G81:G87) -> 1 | H88: =SUM(H81:H87) -> 9 | I88: =SUM(I81:I87) -> 3 | J88: =SUM(J81:J87) -> 0 | K88: =SUM(K81:K87) -> 3 | L88: =SUM(L81:L87) -> 4 | ... BE88: =SUM(BE81:BE87) -> 503
A90: A.1 | B90: 6. | C90: Partai Buruh | E90: 2 | F90: 1 | G90: 0 | H90: 0 | I90: 2 | J90: 0 | K90: 2 | L90: 0 | M90: 0 | N90: 0 | O90: 0 | P90: 0 | Q90: 0 | R90: 2 | S90: 1 | T90: 0 | U90: 0 | V90: 0 | W90: 1 | X90: 0 | Y90: 0 | Z90: 0 | AA90: 0 | AB90: 0 | AC90: 0 | AD90: 0 | AE90: 1 | AF90: 0 | AG90: 1 | AH90: 0 | AI90: 0 | AJ90: 0 | AK90: 0 | AL90: 1 | AM90: 0 | AN90: 0 | AO90: 2 | AP90: 1 | AQ90: 0 | AR90: 1 | AS90: 0 | AT90: 0 | AU90: 0 | AV90: 1 | AW90: 0 | AX90: 0 | AY90: 1 | AZ90: 1 | BA90: 4 | BB90: 0 | BC90: 1 | BD90: 0 | BE90: =SUM(E90:BD90) -> 26
A91: B | B91: JUMLAH SUARA SAH PARTAI POLITIK DAN CALON (A1 + A2) | E91: =SUM(E90:E90) -> 2 | F91: =SUM(F90:F90) -> 1 | G91: =SUM(G90:G90) -> 0 | H91: =SUM(H90:H90) -> 0 | I91: =SUM(I90:I90) -> 2 | J91: =SUM(J90:J90) -> 0 | K91: =SUM(K90:K90) -> 2 | L91: =SUM(L90:L90) -> 0 | ... BE91: =SUM(BE90:BE90) -> 26
A93: A.1 | B93: 7. | C93: Partai Gelombang Rakyat Indonesia | E93: 0 | F93: 0 | G93: 0 | H93: 1 | I93: 0 | J93: 0 | K93: 0 | L93: 1 | M93: 0 | N93: 0 | O93: 0 | P93: 0 | Q93: 1 | R93: 0 | S93: 2 | T93: 3 | U93: 1 | V93: 7 | W93: 0 | X93: 2 | Y93: 1 | Z93: 0 | AA93: 0 | AB93: 1 | AC93: 0 | AD93: 0 | AE93: 0 | AF93: 1 | AG93: 0 | AH93: 4 | AI93: 0 | AJ93: 0 | AK93: 2 | AL93: 0 | AM93: 1 | AN93: 0 | AO93: 1 | AP93: 1 | AQ93: 0 | AR93: 0 | AS93: 0 | AT93: 1 | AU93: 2 | AV93: 2 | AW93: 1 | AX93: 0 | AY93: 0 | AZ93: 0 | BA93: 0 | BB93: 1 | BC93: 0 | BD93: 1 | BE93: =SUM(E93:BD93) -> 38
A94: A.2 | B94: 1 | C94: ELY SODIKIN | E94: 0 | F94: 0 | G94: 0 | H94: 0 | I94: 0 | J94: 0 | K94: 0 | L94: 1 | M94: 0 | N94: 0 | O94: 0 | P94: 0 | Q94: 0 | R94: 2 | S94: 0 | T94: 1 | U94: 0 | V94: 0 | W94: 0 | X94: 0 | Y94: 0 | Z94: 0 | AA94: 0 | AB94: 0 | AC94: 1 | AD94: 0 | AE94: 0 | AF94: 2 | AG94: 2 | AH94: 0 | AI94: 0 | AJ94: 0 | AK94: 0 | AL94: 0 | AM94: 0 | AN94: 0 | AO94: 0 | AP94: 1 | AQ94: 0 | AR94: 0 | AS94: 0 | AT94: 0 | AU94: 0 | AV94: 0 | AW94: 0 | AX94: 0 | AY94: 0 | AZ94: 0 | BA94: 0 | BB94: 0 | BC94: 0 | BD94: 0 | BE94: =SUM(E94:BD94) -> 10
B95: 2 | C95: BAGUS WAHONO | E95: 0 | F95: 0 | G95: 0 | H95: 0 | I95: 0 | J95: 0 | K95: 0 | L95: 1 | M95: 0 | N95: 0 | O95: 0 | P95: 0 | Q95: 0 | R95: 0 | S95: 0 | T95: 0 | U95: 0 | V95: 1 | W95: 0 | X95: 0 | Y95: 0 | Z95: 0 | AA95: 0 | AB95: 0 | AC95: 0 | AD95: 0 | AE95: 0 | AF95: 1 | AG95: 1 | AH95: 0 | AI95: 1 | AJ95: 0 | AK95: 1 | AL95: 0 | AM95: 0 | AN95: 0 | AO95: 0 | AP95: 0 | AQ95: 0 | AR95: 1 | AS95: 0 | AT95: 0 | AU95: 1 | AV95: 0 | AW95: 0 | AX95: 0 | AY95: 0 | AZ95: 0 | BA95: 0 | BB95: 0 | BC95: 0 | BD95: 0 | BE95: =SUM(E95:BD95) -> 8
B96: 3 | C96: ARTIS YOGYA KARTIKA | E96: 0 | F96: 0 | G96: 0 | H96: 0 | I96: 0 | J96: 0 | K96: 0 | L96: 0 | M96: 0 | N96: 0 | O96: 0 | P96: 0 | Q96: 0 | R96: 0 | S96: 0 | T96: 0 | U96: 0 | V96: 0 | W96: 0 | X96: 0 | Y96: 0 | Z96: 0 | AA96: 0 | AB96: 0 | AC96: 0 | AD96: 0 | AE96: 0 | AF96: 0 | AG96: 0 | AH96: 0 | AI96: 0 | AJ96: 1 | AK96: 0 | AL96: 0 | AM96: 0 | AN96: 0 | AO96: 0 | AP96: 0 | AQ96: 0 | AR96: 0 | AS96: 0 | AT96: 0 | AU96: 0 | AV96: 0 | AW96: 0 | AX96: 0 | AY96: 0 | AZ96: 0 | BA96: 0 | BB96: 0 | BC96: 0 | BD96: 0 | BE96: =SUM(E96:BD96) -> 1
B97: 4 | C97: IMAM HAKTONO | E97: 0 | F97: 0 | G97: 0 | H97: 0 | I97: 0 | J97: 0 | K97: 1 | L97: 0 | M97: 0 | N97: 0 | O97: 0 | P97: 0 | Q97: 0 | R97: 0 | S97: 0 | T97: 0 | U97: 0 | V97: 0 | W97: 0 | X97: 0 | Y97: 0 | Z97: 0 | AA97: 0 | AB97: 0 | AC97: 0 | AD97: 0 | AE97: 0 | AF97: 1 | AG97: 0 | AH97: 0 | AI97: 1 | AJ97: 0 | AK97: 0 | AL97: 0 | AM97: 0 | AN97: 0 | AO97: 0 | AP97: 0 | AQ97: 0 | AR97: 0 | AS97: 0 | AT97: 0 | AU97: 0 | AV97: 0 | AW97: 0 | AX97: 0 | AY97: 0 | AZ97: 0 | BA97: 0 | BB97: 0 | BC97: 0 | BD97: 1 | BE97: =SUM(E97:BD97) -> 4
A98: B | B98: JUMLAH SUARA SAH PARTAI POLITIK DAN CALON (A1 + A2) | E98: =SUM(E93:E97) -> 0 | F98: =SUM(F93:F97) -> 0 | G98: =SUM(G93:G97) -> 0 | H98: =SUM(H93:H97) -> 1 | I98: =SUM(I93:I97) -> 0 | J98: =SUM(J93:J97) -> 0 | K98: =SUM(K93:K97) -> 1 | L98: =SUM(L93:L97) -> 3 | ... BE98: =SUM(BE93:BE97) -> 61
A100: A.1 | B100: 8. | C100: Partai Keadilan Sejahtera | E100: 0 | F100: 2 | G100: 0 | H100: 2 | I100: 1 | J100: 1 | K100: 2 | L100: 2 | M100: 1 | N100: 1 | O100: 1 | P100: 1 | Q100: 0 | R100: 1 | S100: 3 | T100: 0 | U100: 0 | V100: 0 | W100: 2 | X100: 0 | Y100: 0 | Z100: 2 | AA100: 0 | AB100: 0 | AC100: 5 | AD100: 1 | AE100: 1 | AF100: 1 | AG100: 0 | AH100: 1 | AI100: 0 | AJ100: 0 | AK100: 0 | AL100: 1 | AM100: 0 | AN100: 2 | AO100: 13 | AP100: 0 | AQ100: 1 | AR100: 0 | AS100: 1 | AT100: 1 | AU100: 1 | AV100: 0 | AW100: 0 | AX100: 1 | AY100: 1 | AZ100: 1 | BA100: 1 | BB100: 4 | BC100: 0 | BD100: 0 | BE100: =SUM(E100:BD100) -> 59
A101: A.2 | B101: 1 | C101: FAISOL AZZ, A.MD. | E101: 9 | F101: 3 | G101: 4 | H101: 4 | I101: 2 | J101: 5 | K101: 11 | L101: 5 | M101: 0 | N101: 1 | O101: 2 | P101: 6 | Q101: 3 | R101: 5 | S101: 2 | T101: 0 | U101: 0 | V101: 2 | W101: 4 | X101: 3 | Y101: 3 | Z101: 3 | AA101: 2 | AB101: 4 | AC101: 39 | AD101: 47 | AE101: 3 | AF101: 4 | AG101: 9 | AH101: 4 | AI101: 0 | AJ101: 2 | AK101: 2 | AL101: 6 | AM101: 1 | AN101: 11 | AO101: 27 | AP101: 8 | AQ101: 6 | AR101: 0 | AS101: 4 | AT101: 5 | AU101: 3 | AV101: 2 | AW101: 0 | AX101: 0 | AY101: 2 | AZ101: 3 | BA101: 2 | BB101: 32 | BC101: 0 | BD101: 0 | BE101: =SUM(E101:BD101) -> 305
B102: 2 | C102: HAYATUL MAKIN | E102: 0 | F102: 0 | G102: 1 | H102: 0 | I102: 0 | J102: 0 | K102: 1 | L102: 1 | M102: 0 | N102: 2 | O102: 0 | P102: 0 | Q102: 0 | R102: 1 | S102: 0 | T102: 0 | U102: 0 | V102: 0 | W102: 0 | X102: 0 | Y102: 0 | Z102: 0 | AA102: 0 | AB102: 0 | AC102: 1 | AD102: 0 | AE102: 0 | AF102: 0 | AG102: 1 | AH102: 2 | AI102: 5 | AJ102: 0 | AK102: 1 | AL102: 0 | AM102: 0 | AN102: 1 | AO102: 2 | AP102: 1 | AQ102: 0 | AR102: 0 | AS102: 0 | AT102: 1 | AU102: 0 | AV102: 0 | AW102: 0 | AX102: 0 | AY102: 0 | AZ102: 0 | BA102: 0 | BB102: 1 | BC102: 0 | BD102: 1 | BE102: =SUM(E102:BD102) -> 23
B103: 3 | C103: SAKI HANDAYANI | E103: 0 | F103: 0 | G103: 0 | H103: 0 | I103: 0 | J103: 0 | K103: 1 | L103: 2 | M103: 0 | N103: 0 | O103: 0 | P103: 0 | Q103: 3 | R103: 1 | S103: 0 | T103: 0 | U103: 0 | V103: 0 | W103: 1 | X103: 0 | Y103: 0 | Z103: 0 | AA103: 0 | AB103: 0 | AC103: 0 | AD103: 0 | AE103: 0 | AF103: 0 | AG103: 1 | AH103: 0 | AI103: 0 | AJ103: 0 | AK103: 1 | AL103: 1 | AM103: 0 | AN103: 0 | AO103: 0 | AP103: 0 | AQ103: 0 | AR103: 0 | AS103: 1 | AT103: 0 | AU103: 2 | AV103: 0 | AW103: 0 | AX103: 0 | AY103: 0 | AZ103: 1 | BA103: 0 | BB103: 1 | BC103: 0 | BD103: 0 | BE103: =SUM(E103:BD103) -> 16
B104: 4 | C104: ASMAWIYANTO, A.MA. | E104: 0 | F104: 0 | G104: 0 | H104: 0 | I104: 0 | J104: 0 | K104: 0 | L104: 0 | M104: 0 | N104: 0 | O104: 1 | P104: 0 | Q104: 0 | R104: 1 | S104: 0 | T104: 0 | U104: 0 | V104: 0 | W104: 0 | X104: 0 | Y104: 0 | Z104: 0 | AA104: 0 | AB104: 0 | AC104: 1 | AD104: 0 | AE104: 0 | AF104: 0 | AG104: 0 | AH104: 0 | AI104: 0 | AJ104: 0 | AK104: 0 | AL104: 0 | AM104: 0 | AN104: 0 | AO104: 0 | AP104: 0 | AQ104: 0 | AR104: 0 | AS104: 0 | AT104: 0 | AU104: 0 | AV104: 0 | AW104: 0 | AX104: 0 | AY104: 0 | AZ104: 0 | BA104: 0 | BB104: 0 | BC104: 0 | BD104: 0 | BE104: =SUM(E104:BD104) -> 3
B105: 5 | C105: SANTI SETYOWATI | E105: 0 | F105: 0 | G105: 0 | H105: 0 | I105: 0 | J105: 0 | K105: 0 | L105: 0 | M105: 0 | N105: 0 | O105: 0 | P105: 0 | Q105: 0 | R105: 0 | S105: 0 | T105: 0 | U105: 0 | V105: 0 | W105: 1 | X105: 0 | Y105: 0 | Z105: 0 | AA105: 0 | AB105: 0 | AC105: 0 | AD105: 0 | AE105: 0 | AF105: 0 | AG105: 0 | AH105: 0 | AI105: 0 | AJ105: 0 | AK105: 0 | AL105: 0 | AM105: 0 | AN105: 0 | AO105: 0 | AP105: 0 | AQ105: 0 | AR105: 0 | AS105: 0 | AT105: 0 | AU105: 0 | AV105: 0 | AW105: 0 | AX105: 0 | AY105: 0 | AZ105: 0 | BA105: 0 | BB105: 0 | BC105: 0 | BD105: 0 | BE105: =SUM(E105:BD105) -> 1
B106: 6 | C106: SUPARNO, S.T. | E106: 0 | F106: 0 | G106: 0 | H106: 0 | I106: 0 | J106: 0 | K106: 0 | L106: 0 | M106: 0 | N106: 0 | O106: 0 | P106: 1 | Q106: 0 | R106: 0 | S106: 0 | T106: 0 | U106: 0 | V106: 0 | W106: 0 | X106: 0 | Y106: 0 | Z106: 0 | AA106: 0 | AB106: 0 | AC106: 0 | AD106: 0 | AE106: 2 | AF106: 1 | AG106: 2 | AH106: 1 | AI106: 2 | AJ106: 3 | AK106: 4 | AL106: 2 | AM106: 3 | AN106: 0 | AO106: 0 | AP106: 0 | AQ106: 0 | AR106: 2 | AS106: 0 | AT106: 1 | AU106: 0 | AV106: 0 | AW106: 0 | AX106: 0 | AY106: 0 | AZ106: 0 | BA106: 0 | BB106: 0 | BC106: 0 | BD106: 0 | BE106: =SUM(E106:BD106) -> 24
A107: B | B107: JUMLAH SUARA SAH PARTAI POLITIK DAN CALON (A1 + A2) | E107: =SUM(E100:E106) -> 9 | F107: =SUM(F100:F106) -> 5 | G107: =SUM(G100:G106) -> 5 | H107: =SUM(H100:H106) -> 6 | I107: =SUM(I100:I106) -> 3 | J107: =SUM(J100:J106) -> 6 | K107: =SUM(K100:K106) -> 15 | L107: =SUM(L100:L106) -> 10 | ... BE107: =SUM(BE100:BE106) -> 431
A109: A.1 | B109: 9. | C109: Partai Kebangkitan Nusantara | E109: 0 | F109: 0 | G109: 1 | H109: 0 | I109: 0 | J109: 0 | K109: 0 | L109: 0 | M109: 0 | N109: 0 | O109: 0 | P109: 0 | Q109: 0 | R109: 0 | S109: 0 | T109: 0 | U109: 0 | V109: 0 | W109: 0 | X109: 0 | Y109: 1 | Z109: 0 | AA109: 0 | AB109: 0 | AC109: 0 | AD109: 0 | AE109: 0 | AF109: 1 | AG109: 0 | AH109: 0 | AI109: 0 | AJ109: 0 | AK109: 0 | AL109: 0 | AM109: 0 | AN109: 1 | AO109: 0 | AP109: 0 | AQ109: 0 | AR109: 0 | AS109: 0 | AT109: 0 | AU109: 1 | AV109: 0 | AW109: 0 | AX109: 0 | AY109: 0 | AZ109: 0 | BA109: 0 | BB109: 0 | BC109: 0 | BD109: 0 | BE109: =SUM(E109:BD109) -> 5
A110: A.2 | B110: 1 | C110: YAKUP YULIANTO | E110: 0 | F110: 0 | G110: 0 | H110: 0 | I110: 0 | J110: 0 | K110: 0 | L110: 0 | M110: 0 | N110: 0 | O110: 1 | P110: 0 | Q110: 0 | R110: 0 | S110: 0 | T110: 0 | U110: 0 | V110: 0 | W110: 0 | X110: 0 | Y110: 0 | Z110: 0 | AA110: 0 | AB110: 0 | AC110: 0 | AD110: 0 | AE110: 0 | AF110: 0 | AG110: 0 | AH110: 0 | AI110: 0 | AJ110: 1 | AK110: 0 | AL110: 0 | AM110: 0 | AN110: 0 | AO110: 0 | AP110: 0 | AQ110: 0 | AR110: 0 | AS110: 0 | AT110: 0 | AU110: 0 | AV110: 0 | AW110: 0 | AX110: 0 | AY110: 0 | AZ110: 0 | BA110: 0 | BB110: 0 | BC110: 0 | BD110: 0 | BE110: =SUM(E110:BD110) -> 2
B111: 2 | C111: TRIA UTAMA | E111: 0 | F111: 0 | G111: 0 | H111: 0 | I111: 0 | J111: 0 | K111: 0 | L111: 0 | M111: 0 | N111: 0 | O111: 0 | P111: 0 | Q111: 0 | R111: 0 | S111: 0 | T111: 0 | U111: 0 | V111: 0 | W111: 0 | X111: 0 | Y111: 0 | Z111: 0 | AA111: 0 | AB111: 0 | AC111: 0 | AD111: 0 | AE111: 0 | AF111: 0 | AG111: 0 | AH111: 0 | AI111: 0 | AJ111: 0 | AK111: 0 | AL111: 0 | AM111: 0 | AN111: 0 | AO111: 0 | AP111: 0 | AQ111: 0 | AR111: 0 | AS111: 0 | AT111: 0 | AU111: 0 | AV111: 0 | AW111: 0 | AX111: 0 | AY111: 0 | AZ111: 0 | BA111: 0 | BB111: 0 | BC111: 0 | BD111: 0 | BE111: =SUM(E111:BD111) -> 0
B112: 3 | C112: ANIS KHAFIFAH MZ | E112: 0 | F112: 0 | G112: 0 | H112: 0 | I112: 0 | J112: 0 | K112: 0 | L112: 0 | M112: 0 | N112: 0 | O112: 0 | P112: 0 | Q112: 0 | R112: 0 | S112: 0 | T112: 0 | U112: 0 | V112: 0 | W112: 0 | X112: 0 | Y112: 0 | Z112: 0 | AA112: 0 | AB112: 0 | AC112: 0 | AD112: 1 | AE112: 0 | AF112: 0 | AG112: 0 | AH112: 0 | AI112: 0 | AJ112: 0 | AK112: 0 | AL112: 0 | AM112: 0 | AN112: 0 | AO112: 0 | AP112: 0 | AQ112: 0 | AR112: 0 | AS112: 0 | AT112: 0 | AU112: 0 | AV112: 0 | AW112: 0 | AX112: 0 | AY112: 0 | AZ112: 0 | BA112: 0 | BB112: 0 | BC112: 0 | BD112: 0 | BE112: =SUM(E112:BD112) -> 1
A113: B | B113: JUMLAH SUARA SAH PARTAI POLITIK DAN CALON (A1 + A2) | E113: =SUM(E109:E112) -> 0 | F113: =SUM(F109:F112) -> 0 | G113: =SUM(G109:G112) -> 1 | H113: =SUM(H109:H112) -> 0 | I113: =SUM(I109:I112) -> 0 | J113: =SUM(J109:J112) -> 0 | K113: =SUM(K109:K112) -> 0 | L113: =SUM(L109:L112) -> 0 | ... BE113: =SUM(BE109:BE112) -> 8
A115: A.1 | B115: 10. | C115: Partai Hati Nurani Rakyat | E115: 0 | F115: 0 | G115: 0 | H115: 0 | I115: 0 | J115: 0 | K115: 0 | L115: 0 | M115: 0 | N115: 0 | O115: 0 | P115: 0 | Q115: 0 | R115: 0 | S115: 0 | T115: 0 | U115: 1 | V115: 0 | W115: 0 | X115: 0 | Y115: 0 | Z115: 0 | AA115: 0 | AB115: 0 | AC115: 0 | AD115: 0 | AE115: 0 | AF115: 1 | AG115: 1 | AH115: 0 | AI115: 0 | AJ115: 0 | AK115: 0 | AL115: 0 | AM115: 0 | AN115: 0 | AO115: 1 | AP115: 0 | AQ115: 0 | AR115: 0 | AS115: 0 | AT115: 1 | AU115: 0 | AV115: 1 | AW115: 0 | AX115: 0 | AY115: 0 | AZ115: 0 | BA115: 0 | BB115: 0 | BC115: 0 | BD115: 0 | BE115: =SUM(E115:BD115) -> 6
A116: A.2 | B116: 1 | C116: H. HARIONO | E116: 0 | F116: 0 | G116: 0 | H116: 0 | I116: 0 | J116: 0 | K116: 0 | L116: 0 | M116: 0 | N116: 0 | O116: 1 | P116: 0 | Q116: 2 | R116: 0 | S116: 0 | T116: 0 | U116: 0 | V116: 1 | W116: 0 | X116: 0 | Y116: 1 | Z116: 0 | AA116: 0 | AB116: 0 | AC116: 1 | AD116: 0 | AE116: 0 | AF116: 11 | AG116: 22 | AH116: 10 | AI116: 3 | AJ116: 0 | AK116: 5 | AL116: 0 | AM116: 1 | AN116: 3 | AO116: 0 | AP116: 1 | AQ116: 0 | AR116: 4 | AS116: 6 | AT116: 2 | AU116: 1 | AV116: 0 | AW116: 1 | AX116: 1 | AY116: 1 | AZ116: 0 | BA116: 1 | BB116: 0 | BC116: 0 | BD116: 0 | BE116: =SUM(E116:BD116) -> 79
B117: 2 | C117: GOPUR BACHITAR, S.T. | E117: 0 | F117: 1 | G117: 0 | H117: 0 | I117: 0 | J117: 0 | K117: 0 | L117: 0 | M117: 0 | N117: 0 | O117: 4 | P117: 0 | Q117: 1 | R117: 0 | S117: 0 | T117: 0 | U117: 0 | V117: 1 | W117: 0 | X117: 0 | Y117: 2 | Z117: 0 | AA117: 0 | AB117: 7 | AC117: 0 | AD117: 0 | AE117: 0 | AF117: 0 | AG117: 1 | AH117: 0 | AI117: 0 | AJ117: 0 | AK117: 0 | AL117: 1 | AM117: 0 | AN117: 0 | AO117: 1 | AP117: 0 | AQ117: 0 | AR117: 2 | AS117: 0 | AT117: 0 | AU117: 0 | AV117: 0 | AW117: 0 | AX117: 0 | AY117: 0 | AZ117: 0 | BA117: 0 | BB117: 0 | BC117: 0 | BD117: 1 | BE117: =SUM(E117:BD117) -> 22
B118: 3 | C118: BONIMAH | E118: 0 | F118: 0 | G118: 0 | H118: 0 | I118: 0 | J118: 0 | K118: 0 | L118: 0 | M118: 0 | N118: 0 | O118: 0 | P118: 0 | Q118: 0 | R118: 0 | S118: 0 | T118: 0 | U118: 0 | V118: 0 | W118: 0 | X118: 0 | Y118: 0 | Z118: 0 | AA118: 0 | AB118: 0 | AC118: 0 | AD118: 0 | AE118: 0 | AF118: 0 | AG118: 0 | AH118: 0 | AI118: 0 | AJ118: 0 | AK118: 0 | AL118: 0 | AM118: 0 | AN118: 0 | AO118: 0 | AP118: 0 | AQ118: 0 | AR118: 0 | AS118: 0 | AT118: 0 | AU118: 0 | AV118: 2 | AW118: 0 | AX118: 0 | AY118: 0 | AZ118: 0 | BA118: 0 | BB118: 0 | BC118: 0 | BD118: 0 | BE118: =SUM(E118:BD118) -> 2
B119: 4 | C119: AGUS PRAYOGI | E119: 0 | F119: 0 | G119: 0 | H119: 0 | I119: 0 | J119: 0 | K119: 0 | L119: 0 | M119: 0 | N119: 0 | O119: 0 | P119: 0 | Q119: 0 | R119: 0 | S119: 0 | T119: 0 | U119: 0 | V119: 0 | W119: 0 | X119: 0 | Y119: 0 | Z119: 0 | AA119: 0 | AB119: 0 | AC119: 0 | AD119: 0 | AE119: 0 | AF119: 0 | AG119: 0 | AH119: 0 | AI119: 0 | AJ119: 0 | AK119: 0 | AL119: 0 | AM119: 0 | AN119: 0 | AO119: 0 | AP119: 0 | AQ119: 0 | AR119: 0 | AS119: 0 | AT119: 2 | AU119: 3 | AV119: 0 | AW119: 0 | AX119: 0 | AY119: 0 | AZ119: 0 | BA119: 0 | BB119: 0 | BC119: 0 | BD119: 0 | BE119: =SUM(E119:BD119) -> 5
B120: 5 | C120: DWI FITRIA PRATIWI | E120: 0 | F120: 0 | G120: 0 | H120: 0 | I120: 0 | J120: 0 | K120: 0 | L120: 0 | M120: 0 | N120: 0 | O120: 0 | P120: 0 | Q120: 0 | R120: 0 | S120: 0 | T120: 0 | U120: 0 | V120: 0 | W120: 0 | X120: 0 | Y120: 0 | Z120: 0 | AA120: 0 | AB120: 0 | AC120: 0 | AD120: 0 | AE120: 0 | AF120: 0 | AG120: 0 | AH120: 0 | AI120: 0 | AJ120: 0 | AK120: 0 | AL120: 0 | AM120: 0 | AN120: 0 | AO120: 0 | AP120: 0 | AQ120: 0 | AR120: 0 | AS120: 0 | AT120: 0 | AU120: 0 | AV120: 0 | AW120: 0 | AX120: 0 | AY120: 0 | AZ120: 0 | BA120: 0 | BB120: 0 | BC120: 0 | BD120: 0 | BE120: =SUM(E120:BD120) -> 0
...

Sheet KLATAK
C2: Kecamatan | D2: KALIPURO
C3: Kabupaten | D3: BANYUWANGI
C4: Provinsi | D4: JAWA TIMUR
C9: Kelurahan | D9: KLATAK
A12: I | B12: DATA PEMILIH DAN PENGGUNAAN HAK PILIH | AV12: JUMLAH AKHIR
