Workbook

Sheet DPRD KABUPATEN
C8: Kecamatan | D8: WONGSOREJO
C9: Kabupaten | D9: BANYUWANGI
C10: Provinsi | D10: JAWA TIMUR
A12: I | B12: DATA PEMILIH DAN PENGGUNAAN HAK PILIH | E12: JUMLAH AKHIR
A13: A | B13: DATA PEMILIH
B14: Jumlah Pemilih dalam Daftar Pemilih Tetap (DPT) | D14: LK | E14: =ALASBULUH!AG14+ALASREJO!U14+BAJULMATI!AD14+BANGSRING!W14+BENGKAK!Y14+BIMOREJO!R14+SIDODADI!U14+SIDOWANGI!P14+SUMBERANYAR!N14+SUMBERKENCONO!T14+WATUKEBO!Y14+WONGSOREJO!AM14 -> 29810
D15: PR | E15: =ALASBULUH!AG15+ALASREJO!U15+BAJULMATI!AD15+BANGSRING!W15+BENGKAK!Y15+BIMOREJO!R15+SIDODADI!U15+SIDOWANGI!P15+SUMBERANYAR!N15+SUMBERKENCONO!T15+WATUKEBO!Y15+WONGSOREJO!AM15 -> 30473
D16: JML | E16: =SUM(E14:E15) -> 60283
A18: B | B18: PENGGUNA HAK PILIH
B19: 1. | C19: Jumlah pengguna hak pilih dalam Daftar Pemilih Tetap (DPT) | D19: LK | E19: =ALASBULUH!AG19+ALASREJO!U19+BAJULMATI!AD19+BANGSRING!W19+BENGKAK!Y19+BIMOREJO!R19+SIDODADI!U19+SIDOWANGI!P19+SUMBERANYAR!N19+SUMBERKENCONO!T19+WATUKEBO!Y19+WONGSOREJO!AM19 -> 22279
D20: PR | E20: =ALASBULUH!AG20+ALASREJO!U20+BAJULMATI!AD20+BANGSRING!W20+BENGKAK!Y20+BIMOREJO!R20+SIDODADI!U20+SIDOWANGI!P20+SUMBERANYAR!N20+SUMBERKENCONO!T20+WATUKEBO!Y20+WONGSOREJO!AM20 -> 24259
D21: JML | E21: =SUM(E19:E20) -> 46538
B22: 2. | C22: Jumlah pengguna hak pilih dalam Daftar Pemilih Tambahan (DPTb) | D22: LK | E22: =ALASBULUH!AG22+ALASREJO!U22+BAJULMATI!AD22+BANGSRING!W22+BENGKAK!Y22+BIMOREJO!R22+SIDODADI!U22+SIDOWANGI!P22+SUMBERANYAR!N22+SUMBERKENCONO!T22+WATUKEBO!Y22+WONGSOREJO!AM22 -> 36
D23: PR | E23: =ALASBULUH!AG23+ALASREJO!U23+BAJULMATI!AD23+BANGSRING!W23+BENGKAK!Y23+BIMOREJO!R23+SIDODADI!U23+SIDOWANGI!P23+SUMBERANYAR!N23+SUMBERKENCONO!T23+WATUKEBO!Y23+WONGSOREJO!AM23 -> 24
D24: JML | E24: =SUM(E22:E23) -> 60
B25: 3. | C25: Jumlah pengguna hak pilih dalam Daftar Pemilih Khusus (DPK) | D25: LK | E25: =ALASBULUH!AG25+ALASREJO!U25+BAJULMATI!AD25+BANGSRING!W25+BENGKAK!Y25+BIMOREJO!R25+SIDODADI!U25+SIDOWANGI!P25+SUMBERANYAR!N25+SUMBERKENCONO!T25+WATUKEBO!Y25+WONGSOREJO!AM25 -> 160
D26: PR | E26: =ALASBULUH!AG26+ALASREJO!U26+BAJULMATI!AD26+BANGSRING!W26+BENGKAK!Y26+BIMOREJO!R26+SIDODADI!U26+SIDOWANGI!P26+SUMBERANYAR!N26+SUMBERKENCONO!T26+WATUKEBO!Y26+WONGSOREJO!AM26 -> 195
D27: JML | E27: =SUM(E25:E26) -> 355
B28: 4. | C28: Jumlah Pengguna Hak Pilih (B.1+B.2+B.3) | D28: LK | E28: =E19+E22+E25 -> 22475
D29: PR | E29: =E20+E23+E26 -> 24478
D30: JML | E30: =SUM(E28:E29) -> 46953
A32: II | B32: DATA PENGGUNAAN SURAT SUARA
A33: 1 | B33: Jumlah surat suara yang diterima, termasuk surat suara cadangan 2,5% dari DPT | E33: =ALASBULUH!AG33+ALASREJO!U33+BAJULMATI!AD33+BANGSRING!W33+BENGKAK!Y33+BIMOREJO!R33+SIDODADI!U33+SIDOWANGI!P33+SUMBERANYAR!N33+SUMBERKENCONO!T33+WATUKEBO!Y33+WONGSOREJO!AM33 -> 61506
A34: 2 | B34: Jumlah surat suara yang digunakan | E34: =ALASBULUH!AG34+ALASREJO!U34+BAJULMATI!AD34+BANGSRING!W34+BENGKAK!Y34+BIMOREJO!R34+SIDODADI!U34+SIDOWANGI!P34+SUMBERANYAR!N34+SUMBERKENCONO!T34+WATUKEBO!Y34+WONGSOREJO!AM34 -> 46953
A35: 3 | B35: Jumlah surat suara dikembalikan oleh pemilih (karena rusak atau keliru coblos) | E35: =ALASBULUH!AG35+ALASREJO!U35+BAJULMATI!AD35+BANGSRING!W35+BENGKAK!Y35+BIMOREJO!R35+SIDODADI!U35+SIDOWANGI!P35+SUMBERANYAR!N35+SUMBERKENCONO!T35+WATUKEBO!Y35+WONGSOREJO!AM35 -> 90
A36: 4 | B36: Jumlah surat suara yang tidak digunakan/tidak terpakai, termasuk sisa surat suara cadangan | E36: =E33-(E34+E35) -> 14463
A38: III | B38: DATA PEMILIH DISABILITAS
B39: Jumlah seluruh Pemilih disabilitas yang menggunakan hak pilih | D39: LK | E39: =ALASBULUH!AG39+ALASREJO!U39+BAJULMATI!AD39+BANGSRING!W39+BENGKAK!Y39+BIMOREJO!R39+SIDODADI!U39+SIDOWANGI!P39+SUMBERANYAR!N39+SUMBERKENCONO!T39+WATUKEBO!Y39+WONGSOREJO!AM39 -> 11
D40: PR | E40: =ALASBULUH!AG40+ALASREJO!U40+BAJULMATI!AD40+BANGSRING!W40+BENGKAK!Y40+BIMOREJO!R40+SIDODADI!U40+SIDOWANGI!P40+SUMBERANYAR!N40+SUMBERKENCONO!T40+WATUKEBO!Y40+WONGSOREJO!AM40 -> 27
D41: JML | E41: =SUM(E39:E40) -> 38
A43: IV | B43: DATA RINCIAN PEROLEHAN SUARA PASANGAN CALON BUPATI DAN WAKIL BUPATI
A44: NOMOR DAN NAMA CALON
A45: A.1 | B45: 1. | C45: Partai Kebangkitan Bangsa | E45: =ALASBULUH!AG45+ALASREJO!U45+BAJULMATI!AD45+BANGSRING!W45+BENGKAK!Y45+BIMOREJO!R45+SIDODADI!U45+SIDOWANGI!P45+SUMBERANYAR!N45+SUMBERKENCONO!T45+WATUKEBO!Y45+WONGSOREJO!AM45 -> 1680
A46: A.2 | B46: 1 | C46: HJ. SITI MAKHROCHATIN NI’MAH, S.PD., M.M. | E46: =ALASBULUH!AG46+ALASREJO!U46+BAJULMATI!AD46+BANGSRING!W46+BENGKAK!Y46+BIMOREJO!R46+SIDODADI!U46+SIDOWANGI!P46+SUMBERANYAR!N46+SUMBERKENCONO!T46+WATUKEBO!Y46+WONGSOREJO!AM46 -> 1754
B47: 2 | C47: A. TAUFIK | E47: =ALASBULUH!AG47+ALASREJO!U47+BAJULMATI!AD47+BANGSRING!W47+BENGKAK!Y47+BIMOREJO!R47+SIDODADI!U47+SIDOWANGI!P47+SUMBERANYAR!N47+SUMBERKENCONO!T47+WATUKEBO!Y47+WONGSOREJO!AM47 -> 6354
B48: 3 | C48: KHOIRUL FAHMI ISKANDAR, S.PD | E48: =ALASBULUH!AG48+ALASREJO!U48+BAJULMATI!AD48+BANGSRING!W48+BENGKAK!Y48+BIMOREJO!R48+SIDODADI!U48+SIDOWANGI!P48+SUMBERANYAR!N48+SUMBERKENCONO!T48+WATUKEBO!Y48+WONGSOREJO!AM48 -> 125
B49: 4 | C49: AKHMAD, S.PD., M.M. | E49: =ALASBULUH!AG49+ALASREJO!U49+BAJULMATI!AD49+BANGSRING!W49+BENGKAK!Y49+BIMOREJO!R49+SIDODADI!U49+SIDOWANGI!P49+SUMBERANYAR!N49+SUMBERKENCONO!T49+WATUKEBO!Y49+WONGSOREJO!AM49 -> 772
B50: 5 | C50: SOFI WULANDARI, S.H. | E50: =ALASBULUH!AG50+ALASREJO!U50+BAJULMATI!AD50+BANGSRING!W50+BENGKAK!Y50+BIMOREJO!R50+SIDODADI!U50+SIDOWANGI!P50+SUMBERANYAR!N50+SUMBERKENCONO!T50+WATUKEBO!Y50+WONGSOREJO!AM50 -> 16
B51: 6 | C51: AL MA’ARIF | E51: =ALASBULUH!AG51+ALASREJO!U51+BAJULMATI!AD51+BANGSRING!W51+BENGKAK!Y51+BIMOREJO!R51+SIDODADI!U51+SIDOWANGI!P51+SUMBERANYAR!N51+SUMBERKENCONO!T51+WATUKEBO!Y51+WONGSOREJO!AM51 -> 44
A55: B | B55: JUMLAH SUARA SAH PARTAI POLITIK DAN CALON (A1 + A2) | E55: =SUM(E45:E54) -> 10745
A57: A.1 | B57: 2. | C57: Partai Gerakan Indonesia Raya | E57: =ALASBULUH!AG57+ALASREJO!U57+BAJULMATI!AD57+BANGSRING!W57+BENGKAK!Y57+BIMOREJO!R57+SIDODADI!U57+SIDOWANGI!P57+SUMBERANYAR!N57+SUMBERKENCONO!T57+WATUKEBO!Y57+WONGSOREJO!AM57 -> 2501
A58: A.2 | B58: 1 | C58: ASRILA DISKA RIMUNDA | E58: =ALASBULUH!AG58+ALASREJO!U58+BAJULMATI!AD58+BANGSRING!W58+BENGKAK!Y58+BIMOREJO!R58+SIDODADI!U58+SIDOWANGI!P58+SUMBERANYAR!N58+SUMBERKENCONO!T58+WATUKEBO!Y58+WONGSOREJO!AM58 -> 8635
B59: 2 | C59: ANIK MUSYAROFAH | E59: =ALASBULUH!AG59+ALASREJO!U59+BAJULMATI!AD59+BANGSRING!W59+BENGKAK!Y59+BIMOREJO!R59+SIDODADI!U59+SIDOWANGI!P59+SUMBERANYAR!N59+SUMBERKENCONO!T59+WATUKEBO!Y59+WONGSOREJO!AM59 -> 695
B60: 3 | C60: JOKO MISBONO | E60: =ALASBULUH!AG60+ALASREJO!U60+BAJULMATI!AD60+BANGSRING!W60+BENGKAK!Y60+BIMOREJO!R60+SIDODADI!U60+SIDOWANGI!P60+SUMBERANYAR!N60+SUMBERKENCONO!T60+WATUKEBO!Y60+WONGSOREJO!AM60 -> 166
B61: 4 | C61: REKTO PUSPITASARI | E61: =ALASBULUH!AG61+ALASREJO!U61+BAJULMATI!AD61+BANGSRING!W61+BENGKAK!Y61+BIMOREJO!R61+SIDODADI!U61+SIDOWANGI!P61+SUMBERANYAR!N61+SUMBERKENCONO!T61+WATUKEBO!Y61+WONGSOREJO!AM61 -> 76
B62: 5 | C62: AHMAD KHOMSI WAHYUDI | E62: =ALASBULUH!AG62+ALASREJO!U62+BAJULMATI!AD62+BANGSRING!W62+BENGKAK!Y62+BIMOREJO!R62+SIDODADI!U62+SIDOWANGI!P62+SUMBERANYAR!N62+SUMBERKENCONO!T62+WATUKEBO!Y62+WONGSOREJO!AM62 -> 231
B63: 6 | C63: ACHI RIZAL FIRDAUS | E63: =ALASBULUH!AG63+ALASREJO!U63+BAJULMATI!AD63+BANGSRING!W63+BENGKAK!Y63+BIMOREJO!R63+SIDODADI!U63+SIDOWANGI!P63+SUMBERANYAR!N63+SUMBERKENCONO!T63+WATUKEBO!Y63+WONGSOREJO!AM63 -> 208
A67: B | B67: JUMLAH SUARA SAH PARTAI POLITIK DAN CALON (A1 + A2) | E67: =SUM(E57:E66) -> 12512
A69: A.1 | B69: 3. | C69: Partai Demokrasi Indonesia Perjuangan | E69: =ALASBULUH!AG69+ALASREJO!U69+BAJULMATI!AD69+BANGSRING!W69+BENGKAK!Y69+BIMOREJO!R69+SIDODADI!U69+SIDOWANGI!P69+SUMBERANYAR!N69+SUMBERKENCONO!T69+WATUKEBO!Y69+WONGSOREJO!AM69 -> 963
A70: A.2 | B70: 1 | C70: I MADE CAHYANA NEGARA, S.E. | E70: =ALASBULUH!AG70+ALASREJO!U70+BAJULMATI!AD70+BANGSRING!W70+BENGKAK!Y70+BIMOREJO!R70+SIDODADI!U70+SIDOWANGI!P70+SUMBERANYAR!N70+SUMBERKENCONO!T70+WATUKEBO!Y70+WONGSOREJO!AM70 -> 1008
B71: 2 | C71: AGUS WAHYU PANOTO, S.H. | E71: =ALASBULUH!AG71+ALASREJO!U71+BAJULMATI!AD71+BANGSRING!W71+BENGKAK!Y71+BIMOREJO!R71+SIDODADI!U71+SIDOWANGI!P71+SUMBERANYAR!N71+SUMBERKENCONO!T71+WATUKEBO!Y71+WONGSOREJO!AM71 -> 188
B72: 3 | C72: IIS SUMIYATI | E72: =ALASBULUH!AG72+ALASREJO!U72+BAJULMATI!AD72+BANGSRING!W72+BENGKAK!Y72+BIMOREJO!R72+SIDODADI!U72+SIDOWANGI!P72+SUMBERANYAR!N72+SUMBERKENCONO!T72+WATUKEBO!Y72+WONGSOREJO!AM72 -> 866
B73: 4 | C73: ACHMAD MUZAMMIL | E73: =ALASBULUH!AG73+ALASREJO!U73+BAJULMATI!AD73+BANGSRING!W73+BENGKAK!Y73+BIMOREJO!R73+SIDODADI!U73+SIDOWANGI!P73+SUMBERANYAR!N73+SUMBERKENCONO!T73+WATUKEBO!Y73+WONGSOREJO!AM73 -> 64
B74: 5 | C74: WENDRIAWANTO | E74: =ALASBULUH!AG74+ALASREJO!U74+BAJULMATI!AD74+BANGSRING!W74+BENGKAK!Y74+BIMOREJO!R74+SIDODADI!U74+SIDOWANGI!P74+SUMBERANYAR!N74+SUMBERKENCONO!T74+WATUKEBO!Y74+WONGSOREJO!AM74 -> 63
B75: 6 | C75: PUTRI MEGA AYU WIDIARTI | E75: =ALASBULUH!AG75+ALASREJO!U75+BAJULMATI!AD75+BANGSRING!W75+BENGKAK!Y75+BIMOREJO!R75+SIDODADI!U75+SIDOWANGI!P75+SUMBERANYAR!N75+SUMBERKENCONO!T75+WATUKEBO!Y75+WONGSOREJO!AM75 -> 998
A79: B | B79: JUMLAH SUARA SAH PARTAI POLITIK DAN CALON (A1 + A2) | E79: =SUM(E69:E78) -> 4150
A81: A.1 | B81: 4. | C81: Partai Golongan Karya | E81: =ALASBULUH!AG81+ALASREJO!U81+BAJULMATI!AD81+BANGSRING!W81+BENGKAK!Y81+BIMOREJO!R81+SIDODADI!U81+SIDOWANGI!P81+SUMBERANYAR!N81+SUMBERKENCONO!T81+WATUKEBO!Y81+WONGSOREJO!AM81 -> 430
A82: A.2 | B82: 1 | C82: UMI KULSUM, S.H. | E82: =ALASBULUH!AG82+ALASREJO!U82+BAJULMATI!AD82+BANGSRING!W82+BENGKAK!Y82+BIMOREJO!R82+SIDODADI!U82+SIDOWANGI!P82+SUMBERANYAR!N82+SUMBERKENCONO!T82+WATUKEBO!Y82+WONGSOREJO!AM82 -> 565
B83: 2 | C83: SONNY PRAKOSO INDRA, S.E. | E83: =ALASBULUH!AG83+ALASREJO!U83+BAJULMATI!AD83+BANGSRING!W83+BENGKAK!Y83+BIMOREJO!R83+SIDODADI!U83+SIDOWANGI!P83+SUMBERANYAR!N83+SUMBERKENCONO!T83+WATUKEBO!Y83+WONGSOREJO!AM83 -> 1028
B84: 3 | C84: ERJUNA SITI FATIMAH | E84: =ALASBULUH!AG84+ALASREJO!U84+BAJULMATI!AD84+BANGSRING!W84+BENGKAK!Y84+BIMOREJO!R84+SIDODADI!U84+SIDOWANGI!P84+SUMBERANYAR!N84+SUMBERKENCONO!T84+WATUKEBO!Y84+WONGSOREJO!AM84 -> 35
B85: 4 | C85: SITI MARIYAM | E85: =ALASBULUH!AG85+ALASREJO!U85+BAJULMATI!AD85+BANGSRING!W85+BENGKAK!Y85+BIMOREJO!R85+SIDODADI!U85+SIDOWANGI!P85+SUMBERANYAR!N85+SUMBERKENCONO!T85+WATUKEBO!Y85+WONGSOREJO!AM85 -> 490
B86: 5 | C86: HERU SUKARNO, S.H. | E86: =ALASBULUH!AG86+ALASREJO!U86+BAJULMATI!AD86+BANGSRING!W86+BENGKAK!Y86+BIMOREJO!R86+SIDODADI!U86+SIDOWANGI!P86+SUMBERANYAR!N86+SUMBERKENCONO!T86+WATUKEBO!Y86+WONGSOREJO!AM86 -> 7
B87: 6 | C87: AHMAD MUZAYYIN | E87: =ALASBULUH!AG87+ALASREJO!U87+BAJULMATI!AD87+BANGSRING!W87+BENGKAK!Y87+BIMOREJO!R87+SIDODADI!U87+SIDOWANGI!P87+SUMBERANYAR!N87+SUMBERKENCONO!T87+WATUKEBO!Y87+WONGSOREJO!AM87 -> 24
A91: B | B91: JUMLAH SUARA SAH PARTAI POLITIK DAN CALON (A1 + A2) | E91: =SUM(E81:E90) -> 2579
A93: A.1 | B93: 5. | C93: Partai NasDem | E93: =ALASBULUH!AG93+ALASREJO!U93+BAJULMATI!AD93+BANGSRING!W93+BENGKAK!Y93+BIMOREJO!R93+SIDODADI!U93+SIDOWANGI!P93+SUMBERANYAR!N93+SUMBERKENCONO!T93+WATUKEBO!Y93+WONGSOREJO!AM93 -> 200
A94: A.2 | B94: 1 | C94: DRS. MOH. PADIL | E94: =ALASBULUH!AG94+ALASREJO!U94+BAJULMATI!AD94+BANGSRING!W94+BENGKAK!Y94+BIMOREJO!R94+SIDODADI!U94+SIDOWANGI!P94+SUMBERANYAR!N94+SUMBERKENCONO!T94+WATUKEBO!Y94+WONGSOREJO!AM94 -> 121
B95: 2 | C95: ALEX WIJAYA KUSUMA | E95: =ALASBULUH!AG95+ALASREJO!U95+BAJULMATI!AD95+BANGSRING!W95+BENGKAK!Y95+BIMOREJO!R95+SIDODADI!U95+SIDOWANGI!P95+SUMBERANYAR!N95+SUMBERKENCONO!T95+WATUKEBO!Y95+WONGSOREJO!AM95 -> 25
B96: 3 | C96: DANY FARDA MIHMDIAT | E96: =ALASBULUH!AG96+ALASREJO!U96+BAJULMATI!AD96+BANGSRING!W96+BENGKAK!Y96+BIMOREJO!R96+SIDODADI!U96+SIDOWANGI!P96+SUMBERANYAR!N96+SUMBERKENCONO!T96+WATUKEBO!Y96+WONGSOREJO!AM96 -> 27
B97: 4 | C97: UNTUNG AL AKBAR | E97: =ALASBULUH!AG97+ALASREJO!U97+BAJULMATI!AD97+BANGSRING!W97+BENGKAK!Y97+BIMOREJO!R97+SIDODADI!U97+SIDOWANGI!P97+SUMBERANYAR!N97+SUMBERKENCONO!T97+WATUKEBO!Y97+WONGSOREJO!AM97 -> 1434
B98: 5 | C98: SETYO PONCO UTOMO | E98: =ALASBULUH!AG98+ALASREJO!U98+BAJULMATI!AD98+BANGSRING!W98+BENGKAK!Y98+BIMOREJO!R98+SIDODADI!U98+SIDOWANGI!P98+SUMBERANYAR!N98+SUMBERKENCONO!T98+WATUKEBO!Y98+WONGSOREJO!AM98 -> 101
B99: 6 | C99: LIA ALYSTIA NINGRUM, S.PD. | E99: =ALASBULUH!AG99+ALASREJO!U99+BAJULMATI!AD99+BANGSRING!W99+BENGKAK!Y99+BIMOREJO!R99+SIDODADI!U99+SIDOWANGI!P99+SUMBERANYAR!N99+SUMBERKENCONO!T99+WATUKEBO!Y99+WONGSOREJO!AM99 -> 1249
A103: B | B103: JUMLAH SUARA SAH PARTAI POLITIK DAN CALON (A1 + A2) | E103: =SUM(E93:E102) -> 3157
A105: A.1 | B105: 6. | C105: Partai Buruh | E105: =ALASBULUH!AG105+ALASREJO!U105+BAJULMATI!AD105+BANGSRING!W105+BENGKAK!Y105+BIMOREJO!R105+SIDODADI!U105+SIDOWANGI!P105+SUMBERANYAR!N105+SUMBERKENCONO!T105+WATUKEBO!Y105+WONGSOREJO!AM105 -> 136
A106: A.2
A115: B | B115: JUMLAH SUARA SAH PARTAI POLITIK DAN CALON (A1 + A2) | E115: =SUM(E105:E114) -> 136
A117: A.1 | B117: 7. | C117: Partai Gelombang Rakyat Indonesia | E117: =ALASBULUH!AG117+ALASREJO!U117+BAJULMATI!AD117+BANGSRING!W117+BENGKAK!Y117+BIMOREJO!R117+SIDODADI!U117+SIDOWANGI!P117+SUMBERANYAR!N117+SUMBERKENCONO!T117+WATUKEBO!Y117+WONGSOREJO!AM117 -> 75
A118: A.2 | B118: 1 | C118: ELY SODIKIN | E118: =ALASBULUH!AG118+ALASREJO!U118+BAJULMATI!AD118+BANGSRING!W118+BENGKAK!Y118+BIMOREJO!R118+SIDODADI!U118+SIDOWANGI!P118+SUMBERANYAR!N118+SUMBERKENCONO!T118+WATUKEBO!Y118+WONGSOREJO!AM118 -> 17
B119: 2 | C119: BAGUS WAHONO | E119: =ALASBULUH!AG119+ALASREJO!U119+BAJULMATI!AD119+BANGSRING!W119+BENGKAK!Y119+BIMOREJO!R119+SIDODADI!U119+SIDOWANGI!P119+SUMBERANYAR!N119+SUMBERKENCONO!T119+WATUKEBO!Y119+WONGSOREJO!AM119 -> 8
B120: 3 | C120: ARTIS YOGYA KARTIKA | E120: =ALASBULUH!AG120+ALASREJO!U120+BAJULMATI!AD120+BANGSRING!W120+BENGKAK!Y120+BIMOREJO!R120+SIDODADI!U120+SIDOWANGI!P120+SUMBERANYAR!N120+SUMBERKENCONO!T120+WATUKEBO!Y120+WONGSOREJO!AM120 -> 8
B121: 4 | C121: IMAM HAKTONO | E121: =ALASBULUH!AG121+ALASREJO!U121+BAJULMATI!AD121+BANGSRING!W121+BENGKAK!Y121+BIMOREJO!R121+SIDODADI!U121+SIDOWANGI!P121+SUMBERANYAR!N121+SUMBERKENCONO!T121+WATUKEBO!Y121+WONGSOREJO!AM121 -> 7
A127: B | B127: JUMLAH SUARA SAH PARTAI POLITIK DAN CALON (A1 + A2) | E127: =SUM(E117:E126) -> 115
A129: A.1 | B129: 8. | C129: Partai Keadilan Sejahtera | E129: =ALASBULUH!AG129+ALASREJO!U129+BAJULMATI!AD129+BANGSRING!W129+BENGKAK!Y129+BIMOREJO!R129+SIDODADI!U129+SIDOWANGI!P129+SUMBERANYAR!N129+SUMBERKENCONO!T129+WATUKEBO!Y129+WONGSOREJO!AM129 -> 109
A130: A.2 | B130: 1 | C130: FAISOL AZZ, A.MD. | E130: =ALASBULUH!AG130+ALASREJO!U130+BAJULMATI!AD130+BANGSRING!W130+BENGKAK!Y130+BIMOREJO!R130+SIDODADI!U130+SIDOWANGI!P130+SUMBERANYAR!N130+SUMBERKENCONO!T130+WATUKEBO!Y130+WONGSOREJO!AM130 -> 177
B131: 2 | C131: HAYATUL MAKIN | E131: =ALASBULUH!AG131+ALASREJO!U131+BAJULMATI!AD131+BANGSRING!W131+BENGKAK!Y131+BIMOREJO!R131+SIDODADI!U131+SIDOWANGI!P131+SUMBERANYAR!N131+SUMBERKENCONO!T131+WATUKEBO!Y131+WONGSOREJO!AM131 -> 231
B132: 3 | C132: SAKI HANDAYANI | E132: =ALASBULUH!AG132+ALASREJO!U132+BAJULMATI!AD132+BANGSRING!W132+BENGKAK!Y132+BIMOREJO!R132+SIDODADI!U132+SIDOWANGI!P132+SUMBERANYAR!N132+SUMBERKENCONO!T132+WATUKEBO!Y132+WONGSOREJO!AM132 -> 50
B133: 4 | C133: ASMAWIYANTO, A.MA. | E133: =ALASBULUH!AG133+ALASREJO!U133+BAJULMATI!AD133+BANGSRING!W133+BENGKAK!Y133+BIMOREJO!R133+SIDODADI!U133+SIDOWANGI!P133+SUMBERANYAR!N133+SUMBERKENCONO!T133+WATUKEBO!Y133+WONGSOREJO!AM133 -> 14
B134: 5 | C134: SANTI SETYOWATI | E134: =ALASBULUH!AG134+ALASREJO!U134+BAJULMATI!AD134+BANGSRING!W134+BENGKAK!Y134+BIMOREJO!R134+SIDODADI!U134+SIDOWANGI!P134+SUMBERANYAR!N134+SUMBERKENCONO!T134+WATUKEBO!Y134+WONGSOREJO!AM134 -> 2
B135: 6 | C135: SUPARNO, S.T. | E135: =ALASBULUH!AG135+ALASREJO!U135+BAJULMATI!AD135+BANGSRING!W135+BENGKAK!Y135+BIMOREJO!R135+SIDODADI!U135+SIDOWANGI!P135+SUMBERANYAR!N135+SUMBERKENCONO!T135+WATUKEBO!Y135+WONGSOREJO!AM135 -> 8
A139: B | B139: JUMLAH SUARA SAH PARTAI POLITIK DAN CALON (A1 + A2) | E139: =SUM(E129:E138) -> 591
A141: A.1 | B141: 9. | C141: Partai Kebangkitan Nusantara | E141: =ALASBULUH!AG141+ALASREJO!U141+BAJULMATI!AD141+BANGSRING!W141+BENGKAK!Y141+BIMOREJO!R141+SIDODADI!U141+SIDOWANGI!P141+SUMBERANYAR!N141+SUMBERKENCONO!T141+WATUKEBO!Y141+WONGSOREJO!AM141 -> 11
A142: A.2 | B142: 1 | C142: YAKUP YULIANTO | E142: =ALASBULUH!AG142+ALASREJO!U142+BAJULMATI!AD142+BANGSRING!W142+BENGKAK!Y142+BIMOREJO!R142+SIDODADI!U142+SIDOWANGI!P142+SUMBERANYAR!N142+SUMBERKENCONO!T142+WATUKEBO!Y142+WONGSOREJO!AM142 -> 3
B143: 2 | C143: TRIA UTAMA | E143: =ALASBULUH!AG143+ALASREJO!U143+BAJULMATI!AD143+BANGSRING!W143+BENGKAK!Y143+BIMOREJO!R143+SIDODADI!U143+SIDOWANGI!P143+SUMBERANYAR!N143+SUMBERKENCONO!T143+WATUKEBO!Y143+WONGSOREJO!AM143 -> 5
B144: 3 | C144: ANIS KHAFIFAH MZ | E144: =ALASBULUH!AG144+ALASREJO!U144+BAJULMATI!AD144+BANGSRING!W144+BENGKAK!Y144+BIMOREJO!R144+SIDODADI!U144+SIDOWANGI!P144+SUMBERANYAR!N144+SUMBERKENCONO!T144+WATUKEBO!Y144+WONGSOREJO!AM144 -> 9
A151: B | B151: JUMLAH SUARA SAH PARTAI POLITIK DAN CALON (A1 + A2) | E151: =SUM(E141:E150) -> 28
A153: A.1 | B153: 10. | C153: Partai Hati Nurani Rakyat | E153: =ALASBULUH!AG153+ALASREJO!U153+BAJULMATI!AD153+BANGSRING!W153+BENGKAK!Y153+BIMOREJO!R153+SIDODADI!U153+SIDOWANGI!P153+SUMBERANYAR!N153+SUMBERKENCONO!T153+WATUKEBO!Y153+WONGSOREJO!AM153 -> 47
A154: A.2 | B154: 1 | C154: H. HARIONO | E154: =ALASBULUH!AG154+ALASREJO!U154+BAJULMATI!AD154+BANGSRING!W154+BENGKAK!Y154+BIMOREJO!R154+SIDODADI!U154+SIDOWANGI!P154+SUMBERANYAR!N154+SUMBERKENCONO!T154+WATUKEBO!Y154+WONGSOREJO!AM154 -> 74
B155: 2 | C155: GOPUR BACHITAR, S.T. | E155: =ALASBULUH!AG155+ALASREJO!U155+BAJULMATI!AD155+BANGSRING!W155+BENGKAK!Y155+BIMOREJO!R155+SIDODADI!U155+SIDOWANGI!P155+SUMBERANYAR!N155+SUMBERKENCONO!T155+WATUKEBO!Y155+WONGSOREJO!AM155 -> 20
B156: 3 | C156: BONIMAH | E156: =ALASBULUH!AG156+ALASREJO!U156+BAJULMATI!AD156+BANGSRING!W156+BENGKAK!Y156+BIMOREJO!R156+SIDODADI!U156+SIDOWANGI!P156+SUMBERANYAR!N156+SUMBERKENCONO!T156+WATUKEBO!Y156+WONGSOREJO!AM156 -> 13
B157: 4 | C157: AGUS PRAYOGI | E157: =ALASBULUH!AG157+ALASREJO!U157+BAJULMATI!AD157+BANGSRING!W157+BENGKAK!Y157+BIMOREJO!R157+SIDODADI!U157+SIDOWANGI!P157+SUMBERANYAR!N157+SUMBERKENCONO!T157+WATUKEBO!Y157+WONGSOREJO!AM157 -> 538
B158: 5 | C158: DWI FITRIA PRATIWI | E158: =ALASBULUH!AG158+ALASREJO!U158+BAJULMATI!AD158+BANGSRING!W158+BENGKAK!Y158+BIMOREJO!R158+SIDODADI!U158+SIDOWANGI!P158+SUMBERANYAR!N158+SUMBERKENCONO!T158+WATUKEBO!Y158+WONGSOREJO!AM158 -> 7
...

Sheet BANGSRING
C2: Kecamatan | D2: WONGSOREJO
C3: Kabupaten | D3: BANYUWANGI
C4: Provinsi | D4: JAWA TIMUR
C9: Kelurahan | D9: BANGSRING
A12: I | B12: DATA PEMILIH DAN PENGGUNAAN HAK PILIH | W12: JUMLAH AKHIR
A13: A | B13: DATA PEMILIH | E13: TPS 001 | F13: TPS 002 | G13: TPS 003 | H13: TPS 004 | I13: TPS 005 | J13: TPS 006 | K13: TPS 007 | L13: TPS 008 | M13: TPS 009 | N13: TPS 010 | O13: TPS 011 | P13: TPS 012 | Q13: TPS 013 | R13: TPS 014 | S13: TPS 015 | T13: TPS 016 | U13: TPS 017 | V13: TPS 018
B14: Jumlah Pemilih dalam Daftar Pemilih Tetap (DPT) | D14: LK | E14: 142 | F14: 135 | G14: 133 | H14: 137 | I14: 142 | J14: 148 | K14: 143 | L14: 147 | M14: 143 | N14: 61 | O14: 150 | P14: 143 | Q14: 122 | R14: 136 | S14: 147 | T14: 115 | U14: 122 | V14: 126 | W14: =SUM(E14:V14) -> 2392
D15: PR | E15: 138 | F15: 131 | G15: 149 | H15: 140 | I15: 150 | J15: 149 | K15: 143 | L15: 151 | M15: 140 | N15: 64 | O15: 142 | P15: 149 | Q15: 134 | R15: 152 | S15: 146 | T15: 121 | U15: 131 | V15: 125 | W15: =SUM(E15:V15) -> 2455
D16: JML | E16: =SUM(E14:E15) -> 280 | F16: =SUM(F14:F15) -> 266 | G16: =SUM(G14:G15) -> 282 | H16: =SUM(H14:H15) -> 277 | I16: =SUM(I14:I15) -> 292 | J16: =SUM(J14:J15) -> 297 | K16: =SUM(K14:K15) -> 286 | L16: =SUM(L14:L15) -> 298 | ... V16: =SUM(V14:V15) -> 251 | W16: =SUM(E16:V16) -> 4847
A18: B | B18: PENGGUNA HAK PILIH
B19: 1. | C19: Jumlah pengguna hak pilih dalam Daftar Pemilih Tetap (DPT) | D19: LK | E19: 107 | F19: 95 | G19: 93 | H19: 91 | I19: 106 | J19: 111 | K19: 108 | L19: 107 | M19: 121 | N19: 50 | O19: 123 | P19: 121 | Q19: 95 | R19: 96 | S19: 113 | T19: 96 | U19: 98 | V19: 100 | W19: =SUM(E19:V19) -> 1831
D20: PR | E20: 112 | F20: 100 | G20: 132 | H20: 113 | I20: 120 | J20: 127 | K20: 119 | L20: 129 | M20: 118 | N20: 56 | O20: 113 | P20: 113 | Q20: 110 | R20: 116 | S20: 120 | T20: 88 | U20: 112 | V20: 106 | W20: =SUM(E20:V20) -> 2004
D21: JML | E21: =SUM(E19:E20) -> 219 | F21: =SUM(F19:F20) -> 195 | G21: =SUM(G19:G20) -> 225 | H21: =SUM(H19:H20) -> 204 | I21: =SUM(I19:I20) -> 226 | J21: =SUM(J19:J20) -> 238 | K21: =SUM(K19:K20) -> 227 | L21: =SUM(L19:L20) -> 236 | ... V21: =SUM(V19:V20) -> 206 | W21: =SUM(E21:V21) -> 3835
B22: 2. | C22: Jumlah pengguna hak pilih dalam Daftar Pemilih Tambahan (DPTb) | D22: LK | W22: =SUM(E22:V22) -> 0
D23: PR | W23: =SUM(E23:V23) -> 0
D24: JML | E24: =SUM(E22:E23) -> 0 | F24: =SUM(F22:F23) -> 0 | G24: =SUM(G22:G23) -> 0 | H24: =SUM(H22:H23) -> 0 | I24: =SUM(I22:I23) -> 0 | J24: =SUM(J22:J23) -> 0 | K24: =SUM(K22:K23) -> 0 | L24: =SUM(L22:L23) -> 0 | ... V24: =SUM(V22:V23) -> 0 | W24: =SUM(E24:V24) -> 0
B25: 3. | C25: Jumlah pengguna hak pilih dalam Daftar Pemilih Khusus (DPK) | D25: LK | E25: 3 | F25: 3 | G25: 0 | H25: 4 | I25: 2 | J25: 0 | K25: 3 | L25: 0 | M25: 0 | N25: 1 | O25: 0 | P25: 3 | Q25: 6 | R25: 0 | S25: 0 | T25: 1 | U25: 3 | V25: 0 | W25: =SUM(E25:V25) -> 29
D26: PR | E26: 5 | F26: 7 | G26: 1 | H26: 4 | I26: 0 | J26: 1 | K26: 3 | L26: 0 | M26: 1 | N26: 1 | O26: 0 | P26: 9 | Q26: 2 | R26: 0 | S26: 0 | T26: 2 | U26: 6 | V26: 0 | W26: =SUM(E26:V26) -> 42
D27: JML | E27: =SUM(E25:E26) -> 8 | F27: =SUM(F25:F26) -> 10 | G27: =SUM(G25:G26) -> 1 | H27: =SUM(H25:H26) -> 8 | I27: =SUM(I25:I26) -> 2 | J27: =SUM(J25:J26) -> 1 | K27: =SUM(K25:K26) -> 6 | L27: =SUM(L25:L26) -> 0 | ... V27: =SUM(V25:V26) -> 0 | W27: =SUM(E27:V27) -> 71
B28: 4. | C28: Jumlah Pengguna Hak Pilih (B.1+B.2+B.3) | D28: LK | E28: =SUM(E19,E22,E25) -> 110 | F28: =SUM(F19,F22,F25) -> 98 | G28: =SUM(G19,G22,G25) -> 93 | H28: =SUM(H19,H22,H25) -> 95 | I28: =SUM(I19,I22,I25) -> 108 | J28: =SUM(J19,J22,J25) -> 111 | K28: =SUM(K19,K22,K25) -> 111 | L28: =SUM(L19,L22,L25) -> 107 | ... V28: =SUM(V19,V22,V25) -> 100 | W28: =SUM(E28:V28) -> 1860
D29: PR | E29: =SUM(E20,E23,E26) -> 117 | F29: =SUM(F20,F23,F26) -> 107 | G29: =SUM(G20,G23,G26) -> 133 | H29: =SUM(H20,H23,H26) -> 117 | I29: =SUM(I20,I23,I26) -> 120 | J29: =SUM(J20,J23,J26) -> 128 | K29: =SUM(K20,K23,K26) -> 122 | L29: =SUM(L20,L23,L26) -> 129 | ... V29: =SUM(V20,V23,V26) -> 106 | W29: =SUM(E29:V29) -> 2046
D30: JML | E30: =SUM(E28:E29) -> 227 | F30: =SUM(F28:F29) -> 205 | G30: =SUM(G28:G29) -> 226 | H30: =SUM(H28:H29) -> 212 | I30: =SUM(I28:I29) -> 228 | J30: =SUM(J28:J29) -> 239 | K30: =SUM(K28:K29) -> 233 | L30: =SUM(L28:L29) -> 236 | ... V30: =SUM(V28:V29) -> 206 | W30: =SUM(E30:V30) -> 3906
A32: II | B32: DATA PENGGUNAAN SURAT SUARA
A33: 1 | B33: Jumlah surat suara yang diterima, termasuk surat suara cadangan 2,5% dari DPT | E33: 286 | F33: 272 | G33: 288 | H33: 280 | I33: 298 | J33: 303 | K33: 288 | L33: 304 | M33: 289 | N33: 128 | O33: 298 | P33: 298 | Q33: 262 | R33: 293 | S33: 299 | T33: 237 | U33: 263 | V33: 257 | W33: =SUM(E33:V33) -> 4943
A34: 2 | B34: Jumlah surat suara yang digunakan | E34: 227 | F34: 205 | G34: 226 | H34: 212 | I34: 228 | J34: 239 | K34: 233 | L34: 236 | M34: 240 | N34: 108 | O34: 236 | P34: 246 | Q34: 213 | R34: 212 | S34: 233 | T34: 187 | U34: 219 | V34: 206 | W34: =SUM(E34:V34) -> 3906
A35: 3 | B35: Jumlah surat suara dikembalikan oleh pemilih (karena rusak atau keliru coblos) | E35: 0 | F35: 0 | G35: 0 | H35: 0 | I35: 0 | J35: 0 | K35: 0 | L35: 0 | M35: 0 | N35: 0 | O35: 0 | P35: 0 | Q35: 2 | R35: 0 | S35: 0 | T35: 9 | U35: 0 | V35: 0 | W35: =SUM(E35:V35) -> 11
A36: 4 | B36: Jumlah surat suara yang tidak digunakan/tidak terpakai, termasuk sisa surat suara cadangan | E36: =E33-(E34+E35) -> 59 | F36: =F33-(F34+F35) -> 67 | G36: =G33-(G34+G35) -> 62 | H36: =H33-(H34+H35) -> 68 | I36: =I33-(I34+I35) -> 70 | J36: =J33-(J34+J35) -> 64 | K36: =K33-(K34+K35) -> 55 | L36: =L33-(L34+L35) -> 68 | ... V36: =V33-(V34+V35) -> 51 | W36: =SUM(E36:V36) -> 1026
A38: III | B38: DATA PEMILIH DISABILITAS
B39: Jumlah seluruh Pemilih disabilitas yang menggunakan hak pilih | D39: LK | E39: 0 | F39: 2 | G39: 1 | H39: 0 | I39: 0 | J39: 0 | K39: 0 | L39: 0 | M39: 0 | N39: 0 | O39: 0 | P39: 0 | Q39: 0 | R39: 0 | S39: 0 | T39: 0 | U39: 0 | V39: 0 | W39: =SUM(E39:V39) -> 3
D40: PR | E40: 0 | F40: 2 | G40: 0 | H40: 0 | I40: 0 | J40: 0 | K40: 0 | L40: 0 | M40: 0 | N40: 0 | O40: 0 | P40: 0 | Q40: 0 | R40: 2 | S40: 0 | T40: 0 | U40: 0 | V40: 0 | W40: =SUM(E40:V40) -> 4
D41: JML | E41: =SUM(E39:E40) -> 0 | F41: =SUM(F39:F40) -> 4 | G41: =SUM(G39:G40) -> 1 | H41: =SUM(H39:H40) -> 0 | I41: =SUM(I39:I40) -> 0 | J41: =SUM(J39:J40) -> 0 | K41: =SUM(K39:K40) -> 0 | L41: =SUM(L39:L40) -> 0 | ... V41: =SUM(V39:V40) -> 0 | W41: =SUM(E41:V41) -> 7
A43: IV | B43: DATA RINCIAN PEROLEHAN SUARA PASANGAN CALON BUPATI DAN WAKIL BUPATI
A44: NOMOR DAN NAMA CALON
A45: A.1 | B45: 1. | C45: Partai Kebangkitan Bangsa | E45: 14 | F45: 3 | G45: 12 | H45: 9 | I45: 7 | J45: 8 | K45: 5 | L45: 4 | M45: 8 | N45: 1 | O45: 6 | P45: 5 | Q45: 5 | R45: 9 | S45: 11 | T45: 11 | U45: 4 | V45: 2 | W45: =SUM(E45:V45) -> 124
A46: A.2 | B46: 1 | C46: HJ. SITI MAKHROCHATIN NI’MAH, S.PD., M.M. | E46: 4 | F46: 3 | G46: 7 | H46: 12 | I46: 5 | J46: 6 | K46: 4 | L46: 2 | M46: 2 | N46: 0 | O46: 2 | P46: 6 | Q46: 0 | R46: 5 | S46: 7 | T46: 3 | U46: 8 | V46: 2 | W46: =SUM(E46:V46) -> 78
B47: 2 | C47: A. TAUFIK | E47: 27 | F47: 17 | G47: 54 | H47: 16 | I47: 14 | J47: 29 | K47: 12 | L47: 4 | M47: 38 | N47: 2 | O47: 53 | P47: 42 | Q47: 24 | R47: 17 | S47: 25 | T47: 22 | U47: 70 | V47: 24 | W47: =SUM(E47:V47) -> 490
B48: 3 | C48: KHOIRUL FAHMI ISKANDAR, S.PD | E48: 0 | F48: 1 | G48: 0 | H48: 2 | I48: 0 | J48: 0 | K48: 0 | L48: 1 | M48: 0 | N48: 0 | O48: 0 | P48: 0 | Q48: 0 | R48: 0 | S48: 2 | T48: 1 | U48: 0 | V48: 2 | W48: =SUM(E48:V48) -> 9
B49: 4 | C49: AKHMAD, S.PD., M.M. | E49: 1 | F49: 1 | G49: 0 | H49: 0 | I49: 0 | J49: 0 | K49: 0 | L49: 3 | M49: 0 | N49: 0 | O49: 0 | P49: 1 | Q49: 3 | R49: 0 | S49: 1 | T49: 0 | U49: 2 | V49: 1 | W49: =SUM(E49:V49) -> 13
B50: 5 | C50: SOFI WULANDARI, S.H. | E50: 0 | F50: 0 | G50: 0 | H50: 0 | I50: 0 | J50: 0 | K50: 1 | L50: 0 | M50: 0 | N50: 0 | O50: 0 | P50: 0 | Q50: 0 | R50: 0 | S50: 0 | T50: 1 | U50: 0 | V50: 0 | W50: =SUM(E50:V50) -> 2
B51: 6 | C51: AL MA’ARIF | E51: 1 | F51: 0 | G51: 0 | H51: 0 | I51: 0 | J51: 0 | K51: 0 | L51: 0 | M51: 0 | N51: 0 | O51: 0 | P51: 0 | Q51: 0 | R51: 0 | S51: 0 | T51: 1 | U51: 0 | V51: 0 | W51: =SUM(E51:V51) -> 2
W52: =SUM(E52:V52) -> 0
W53: =SUM(E53:V53) -> 0
W54: =SUM(E54:V54) -> 0
A55: B | B55: JUMLAH SUARA SAH PARTAI POLITIK DAN CALON (A1 + A2) | E55: =SUM(E45:E54) -> 47 | F55: =SUM(F45:F54) -> 25 | G55: =SUM(G45:G54) -> 73 | H55: =SUM(H45:H54) -> 39 | I55: =SUM(I45:I54) -> 26 | J55: =SUM(J45:J54) -> 43 | K55: =SUM(K45:K54) -> 22 | L55: =SUM(L45:L54) -> 14 | ... W55: =SUM(W45:W54) -> 718
A57: A.1 | B57: 2. | C57: Partai Gerakan Indonesia Raya | E57: 2 | F57: 1 | G57: 1 | H57: 6 | I57: 4 | J57: 11 | K57: 4 | L57: 4 | M57: 2 | N57: 1 | O57: 3 | P57: 1 | Q57: 3 | R57: 10 | S57: 10 | T57: 14 | U57: 1 | V57: 5 | W57: =SUM(E57:V57) -> 83
A58: A.2 | B58: 1 | C58: ASRILA DISKA RIMUNDA | E58: 2 | F58: 5 | G58: 11 | H58: 5 | I58: 22 | J58: 14 | K58: 7 | L58: 3 | M58: 15 | N58: 14 | O58: 11 | P58: 6 | Q58: 10 | R58: 14 | S58: 22 | T58: 58 | U58: 6 | V58: 24 | W58: =SUM(E58:V58) -> 249
B59: 2 | C59: ANIK MUSYAROFAH | E59: 2 | F59: 0 | G59: 1 | H59: 1 | I59: 3 | J59: 2 | K59: 3 | L59: 2 | M59: 1 | N59: 1 | O59: 1 | P59: 0 | Q59: 2 | R59: 1 | S59: 1 | T59: 3 | U59: 3 | V59: 1 | W59: =SUM(E59:V59) -> 28
B60: 3 | C60: JOKO MISBONO | E60: 0 | F60: 0 | G60: 0 | H60: 0 | I60: 1 | J60: 0 | K60: 0 | L60: 0 | M60: 0 | N60: 0 | O60: 0 | P60: 1 | Q60: 1 | R60: 1 | S60: 2 | T60: 2 | U60: 0 | V60: 1 | W60: =SUM(E60:V60) -> 9
B61: 4 | C61: REKTO PUSPITASARI | E61: 0 | F61: 0 | G61: 0 | H61: 0 | I61: 0 | J61: 0 | K61: 0 | L61: 0 | M61: 0 | N61: 0 | O61: 1 | P61: 0 | Q61: 0 | R61: 2 | S61: 0 | T61: 1 | U61: 0 | V61: 0 | W61: =SUM(E61:V61) -> 4
B62: 5 | C62: AHMAD KHOMSI WAHYUDI | E62: 1 | F62: 0 | G62: 0 | H62: 0 | I62: 0 | J62: 1 | K62: 0 | L62: 1 | M62: 0 | N62: 1 | O62: 0 | P62: 0 | Q62: 0 | R62: 0 | S62: 0 | T62: 0 | U62: 0 | V62: 0 | W62: =SUM(E62:V62) -> 4
B63: 6 | C63: ACHI RIZAL FIRDAUS | E63: 0 | F63: 0 | G63: 0 | H63: 0 | I63: 0 | J63: 0 | K63: 0 | L63: 0 | M63: 0 | N63: 10 | O63: 1 | P63: 0 | Q63: 0 | R63: 0 | S63: 1 | T63: 0 | U63: 0 | V63: 0 | W63: =SUM(E63:V63) -> 12
W64: =SUM(E64:V64) -> 0
W65: =SUM(E65:V65) -> 0
W66: =SUM(E66:V66) -> 0
A67: B | B67: JUMLAH SUARA SAH PARTAI POLITIK DAN CALON (A1 + A2) | E67: =SUM(E57:E66) -> 7 | F67: =SUM(F57:F66) -> 6 | G67: =SUM(G57:G66) -> 13 | H67: =SUM(H57:H66) -> 12 | I67: =SUM(I57:I66) -> 30 | J67: =SUM(J57:J66) -> 28 | K67: =SUM(K57:K66) -> 14 | L67: =SUM(L57:L66) -> 10 | ... W67: =SUM(W57:W66) -> 389
A69: A.1 | B69: 3. | C69: Partai Demokrasi Indonesia Perjuangan | E69: 4 | F69: 5 | G69: 1 | H69: 5 | I69: 2 | J69: 6 | K69: 2 | L69: 2 | M69: 0 | N69: 4 | O69: 6 | P69: 1 | Q69: 2 | R69: 8 | S69: 0 | T69: 0 | U69: 1 | V69: 0 | W69: =SUM(E69:V69) -> 49
A70: A.2 | B70: 1 | C70: I MADE CAHYANA NEGARA, S.E. | E70: 11 | F70: 1 | G70: 4 | H70: 0 | I70: 0 | J70: 2 | K70: 2 | L70: 5 | M70: 1 | N70: 11 | O70: 8 | P70: 3 | Q70: 4 | R70: 5 | S70: 5 | T70: 3 | U70: 2 | V70: 3 | W70: =SUM(E70:V70) -> 70
B71: 2 | C71: AGUS WAHYU PANOTO, S.H. | E71: 0 | F71: 1 | G71: 11 | H71: 0 | I71: 1 | J71: 0 | K71: 2 | L71: 0 | M71: 3 | N71: 1 | O71: 2 | P71: 2 | Q71: 5 | R71: 1 | S71: 0 | T71: 0 | U71: 4 | V71: 1 | W71: =SUM(E71:V71) -> 34
B72: 3 | C72: IIS SUMIYATI | E72: 5 | F72: 3 | G72: 9 | H72: 3 | I72: 17 | J72: 4 | K72: 10 | L72: 9 | M72: 13 | N72: 6 | O72: 9 | P72: 3 | Q72: 7 | R72: 7 | S72: 11 | T72: 2 | U72: 3 | V72: 6 | W72: =SUM(E72:V72) -> 127
B73: 4 | C73: ACHMAD MUZAMMIL | E73: 1 | F73: 0 | G73: 0 | H73: 0 | I73: 1 | J73: 0 | K73: 0 | L73: 0 | M73: 0 | N73: 0 | O73: 1 | P73: 0 | Q73: 0 | R73: 0 | S73: 1 | T73: 0 | U73: 1 | V73: 0 | W73: =SUM(E73:V73) -> 5
B74: 5 | C74: WENDRIAWANTO | E74: 0 | F74: 0 | G74: 0 | H74: 0 | I74: 0 | J74: 0 | K74: 0 | L74: 1 | M74: 1 | N74: 0 | O74: 0 | P74: 0 | Q74: 0 | R74: 0 | S74: 0 | T74: 1 | U74: 0 | V74: 1 | W74: =SUM(E74:V74) -> 4
B75: 6 | C75: PUTRI MEGA AYU WIDIARTI | E75: 0 | F75: 2 | G75: 1 | H75: 1 | I75: 0 | J75: 1 | K75: 1 | L75: 0 | M75: 0 | N75: 3 | O75: 1 | P75: 0 | Q75: 0 | R75: 0 | S75: 0 | T75: 0 | U75: 0 | V75: 0 | W75: =SUM(E75:V75) -> 10
W76: =SUM(E76:V76) -> 0
W77: =SUM(E77:V77) -> 0
W78: =SUM(E78:V78) -> 0
A79: B | B79: JUMLAH SUARA SAH PARTAI POLITIK DAN CALON (A1 + A2) | E79: =SUM(E69:E78) -> 21 | F79: =SUM(F69:F78) -> 12 | G79: =SUM(G69:G78) -> 26 | H79: =SUM(H69:H78) -> 9 | I79: =SUM(I69:I78) -> 21 | J79: =SUM(J69:J78) -> 13 | K79: =SUM(K69:K78) -> 17 | L79: =SUM(L69:L78) -> 17 | ... W79: =SUM(W69:W78) -> 299
A81: A.1 | B81: 4. | C81: Partai Golongan Karya | E81: 0 | F81: 0 | G81: 1 | H81: 0 | I81: 1 | J81: 1 | K81: 0 | L81: 2 | M81: 0 | N81: 0 | O81: 1 | P81: 0 | Q81: 1 | R81: 1 | S81: 2 | T81: 1 | U81: 2 | V81: 2 | W81: =SUM(E81:V81) -> 15
A82: A.2 | B82: 1 | C82: UMI KULSUM, S.H. | E82: 1 | F82: 0 | G82: 0 | H82: 1 | I82: 0 | J82: 1 | K82: 0 | L82: 0 | M82: 1 | N82: 1 | O82: 0 | P82: 0 | Q82: 1 | R82: 2 | S82: 4 | T82: 0 | U82: 4 | V82: 0 | W82: =SUM(E82:V82) -> 16
B83: 2 | C83: SONNY PRAKOSO INDRA, S.E. | E83: 1 | F83: 0 | G83: 1 | H83: 0 | I83: 1 | J83: 0 | K83: 0 | L83: 0 | M83: 3 | N83: 1 | O83: 0 | P83: 2 | Q83: 1 | R83: 1 | S83: 11 | T83: 3 | U83: 1 | V83: 4 | W83: =SUM(E83:V83) -> 30
B84: 3 | C84: ERJUNA SITI FATIMAH | E84: 0 | F84: 0 | G84: 0 | H84: 0 | I84: 0 | J84: 0 | K84: 0 | L84: 0 | M84: 0 | N84: 0 | O84: 0 | P84: 0 | Q84: 0 | R84: 1 | S84: 0 | T84: 0 | U84: 0 | V84: 0 | W84: =SUM(E84:V84) -> 1
B85: 4 | C85: SITI MARIYAM | E85: 0 | F85: 0 | G85: 0 | H85: 0 | I85: 0 | J85: 0 | K85: 0 | L85: 0 | M85: 0 | N85: 0 | O85: 3 | P85: 1 | Q85: 0 | R85: 0 | S85: 0 | T85: 1 | U85: 0 | V85: 0 | W85: =SUM(E85:V85) -> 5
B86: 5 | C86: HERU SUKARNO, S.H. | E86: 0 | F86: 0 | G86: 0 | H86: 0 | I86: 0 | J86: 0 | K86: 0 | L86: 0 | M86: 0 | N86: 0 | O86: 0 | P86: 0 | Q86: 0 | R86: 0 | S86: 0 | T86: 0 | U86: 0 | V86: 0 | W86: =SUM(E86:V86) -> 0
B87: 6 | C87: AHMAD MUZAYYIN | E87: 0 | F87: 0 | G87: 0 | H87: 0 | I87: 1 | J87: 0 | K87: 0 | L87: 0 | M87: 0 | N87: 0 | O87: 0 | P87: 0 | Q87: 0 | R87: 0 | S87: 0 | T87: 0 | U87: 0 | V87: 0 | W87: =SUM(E87:V87) -> 1
W88: =SUM(E88:V88) -> 0
W89: =SUM(E89:V89) -> 0
W90: =SUM(E90:V90) -> 0
A91: B | B91: JUMLAH SUARA SAH PARTAI POLITIK DAN CALON (A1 + A2) | E91: =SUM(E81:E90) -> 2 | F91: =SUM(F81:F90) -> 0 | G91: =SUM(G81:G90) -> 2 | H91: =SUM(H81:H90) -> 1 | I91: =SUM(I81:I90) -> 3 | J91: =SUM(J81:J90) -> 2 | K91: =SUM(K81:K90) -> 0 | L91: =SUM(L81:L90) -> 2 | ... W91: =SUM(W81:W90) -> 68
A93: A.1 | B93: 5. | C93: Partai NasDem | E93: 1 | F93: 2 | G93: 3 | H93: 3 | I93: 0 | J93: 1 | K93: 1 | L93: 1 | M93: 0 | N93: 0 | O93: 0 | P93: 0 | Q93: 0 | R93: 1 | S93: 2 | T93: 1 | U93: 0 | V93: 0 | W93: =SUM(E93:V93) -> 16
A94: A.2 | B94: 1 | C94: DRS. MOH. PADIL | E94: 2 | F94: 2 | G94: 3 | H94: 3 | I94: 0 | J94: 5 | K94: 2 | L94: 3 | M94: 2 | N94: 0 | O94: 1 | P94: 3 | Q94: 5 | R94: 1 | S94: 6 | T94: 1 | U94: 0 | V94: 0 | W94: =SUM(E94:V94) -> 39
B95: 2 | C95: ALEX WIJAYA KUSUMA | E95: 0 | F95: 0 | G95: 0 | H95: 0 | I95: 0 | J95: 1 | K95: 0 | L95: 0 | M95: 0 | N95: 0 | O95: 1 | P95: 0 | Q95: 0 | R95: 1 | S95: 0 | T95: 0 | U95: 0 | V95: 1 | W95: =SUM(E95:V95) -> 4
B96: 3 | C96: DANY FARDA MIHMDIAT | E96: 0 | F96: 0 | G96: 0 | H96: 0 | I96: 0 | J96: 0 | K96: 0 | L96: 0 | M96: 0 | N96: 0 | O96: 2 | P96: 0 | Q96: 0 | R96: 1 | S96: 0 | T96: 0 | U96: 0 | V96: 0 | W96: =SUM(E96:V96) -> 3
B97: 4 | C97: UNTUNG AL AKBAR | E97: 1 | F97: 1 | G97: 4 | H97: 8 | I97: 2 | J97: 10 | K97: 0 | L97: 1 | M97: 1 | N97: 2 | O97: 17 | P97: 6 | Q97: 8 | R97: 55 | S97: 19 | T97: 4 | U97: 5 | V97: 13 | W97: =SUM(E97:V97) -> 157
B98: 5 | C98: SETYO PONCO UTOMO | E98: 0 | F98: 0 | G98: 11 | H98: 1 | I98: 1 | J98: 0 | K98: 0 | L98: 0 | M98: 0 | N98: 0 | O98: 0 | P98: 0 | Q98: 0 | R98: 1 | S98: 5 | T98: 1 | U98: 2 | V98: 3 | W98: =SUM(E98:V98) -> 25
B99: 6 | C99: LIA ALYSTIA NINGRUM, S.PD. | E99: 0 | F99: 0 | G99: 0 | H99: 0 | I99: 0 | J99: 0 | K99: 0 | L99: 0 | M99: 0 | N99: 1 | O99: 0 | P99: 0 | Q99: 0 | R99: 0 | S99: 0 | T99: 0 | U99: 0 | V99: 0 | W99: =SUM(E99:V99) -> 1
W100: =SUM(E100:V100) -> 0
W101: =SUM(E101:V101) -> 0
W102: =SUM(E102:V102) -> 0
A103: B | B103: JUMLAH SUARA SAH PARTAI POLITIK DAN CALON (A1 + A2) | E103: =SUM(E93:E102) -> 4 | F103: =SUM(F93:F102) -> 5 | G103: =SUM(G93:G102) -> 21 | H103: =SUM(H93:H102) -> 15 | I103: =SUM(I93:I102) -> 3 | J103: =SUM(J93:J102) -> 17 | K103: =SUM(K93:K102) -> 3 | L103: =SUM(L93:L102) -> 5 | ... W103: =SUM(W93:W102) -> 245
A105: A.1 | B105: 6. | C105: Partai Buruh | E105: 0 | F105: 0 | G105: 0 | H105: 0 | I105: 1 | J105: 0 | K105: 0 | L105: 0 | M105: 0 | N105: 0 | O105: 0 | P105: 0 | Q105: 0 | R105: 0 | S105: 1 | T105: 0 | U105: 0 | V105: 0 | W105: =SUM(E105:V105) -> 2
A106: A.2 | W106: =SUM(E106:V106) -> 0
W107: =SUM(E107:V107) -> 0
W108: =SUM(E108:V108) -> 0
W109: =SUM(E109:V109) -> 0
W110: =SUM(E110:V110) -> 0
W111: =SUM(E111:V111) -> 0
W112: =SUM(E112:V112) -> 0
W113: =SUM(E113:V113) -> 0
W114: =SUM(E114:V114) -> 0
A115: B | B115: JUMLAH SUARA SAH PARTAI POLITIK DAN CALON (A1 + A2) | E115: =SUM(E105:E114) -> 0 | F115: =SUM(F105:F114) -> 0 | G115: =SUM(G105:G114) -> 0 | H115: =SUM(H105:H114) -> 0 | I115: =SUM(I105:I114) -> 1 | J115: =SUM(J105:J114) -> 0 | K115: =SUM(K105:K114) -> 0 | L115: =SUM(L105:L114) -> 0 | ... W115: =SUM(W105:W114) -> 2
A117: A.1 | B117: 7. | C117: Partai Gelombang Rakyat Indonesia | E117: 2 | F117: 0 | G117: 1 | H117: 2 | I117: 3 | J117: 0 | K117: 1 | L117: 0 | M117: 1 | N117: 0 | O117: 0 | P117: 0 | Q117: 0 | R117: 1 | S117: 1 | T117: 0 | U117: 0 | V117: 1 | W117: =SUM(E117:V117) -> 13
...

Sheet BENGKAK
C2: Kecamatan | D2: WONGSOREJO
C3: Kabupaten | D3: BANYUWANGI
C4: Provinsi | D4: JAWA TIMUR
C9: Kelurahan | D9: BENGKAK
A12: I | B12: DATA PEMILIH DAN PENGGUNAAN HAK PILIH | Y12: JUMLAH AKHIR
A13: A | B13: DATA PEMILIH | E13: TPS 001 | F13: TPS 002 | G13: TPS 003 | H13: TPS 004 | I13: TPS 005 | J13: TPS 006 | K13: TPS 007 | L13: TPS 008 | M13: TPS 009 | N13: TPS 010 | O13: TPS 011 | P13: TPS 012 | Q13: TPS 013 | R13: TPS 014 | S13: TPS 015 | T13: TPS 016 | U13: TPS 017 | V13: TPS 018 | W13: TPS 019 | X13: TPS 020
B14: Jumlah Pemilih dalam Daftar Pemilih Tetap (DPT) | D14: LK | E14: 121 | F14: 137 | G14: 150 | H14: 141 | I14: 129 | J14: 142 | K14: 142 | L14: 142 | M14: 132 | N14: 111 | O14: 121 | P14: 140 | Q14: 115 | R14: 135 | S14: 139 | T14: 110 | U14: 151 | V14: 139 | W14: 133 | X14: 132 | Y14: =SUM(E14:X14) -> 2662
D15: PR | E15: 114 | F15: 156 | G15: 148 | H15: 137 | I15: 143 | J15: 151 | K15: 148 | L15: 141 | M15: 135 | N15: 129 | O15: 129 | P15: 121 | Q15: 115 | R15: 147 | S15: 152 | T15: 132 | U15: 146 | V15: 149 | W15: 147 | X15: 144 | Y15: =SUM(E15:X15) -> 2784
D16: JML | E16: =SUM(E14:E15) -> 235 | F16: =SUM(F14:F15) -> 293 | G16: =SUM(G14:G15) -> 298 | H16: =SUM(H14:H15) -> 278 | I16: =SUM(I14:I15) -> 272 | J16: =SUM(J14:J15) -> 293 | K16: =SUM(K14:K15) -> 290 | L16: =SUM(L14:L15) -> 283 | ... X16: =SUM(X14:X15) -> 276 | Y16: =SUM(E16:X16) -> 5446
A18: B | B18: PENGGUNA HAK PILIH
B19: 1. | C19: Jumlah pengguna hak pilih dalam Daftar Pemilih Tetap (DPT) | D19: LK | E19: 98 | F19: 99 | G19: 122 | H19: 107 | I19: 94 | J19: 114 | K19: 107 | L19: 116 | M19: 97 | N19: 83 | O19: 89 | P19: 107 | Q19: 93 | R19: 96 | S19: 99 | T19: 75 | U19: 137 | V19: 107 | W19: 109 | X19: 101 | Y19: =SUM(E19:X19) -> 2050
D20: PR | E20: 102 | F20: 117 | G20: 109 | H20: 100 | I20: 110 | J20: 129 | K20: 123 | L20: 110 | M20: 112 | N20: 110 | O20: 116 | P20: 106 | Q20: 100 | R20: 118 | S20: 123 | T20: 94 | U20: 138 | V20: 124 | W20: 116 | X20: 114 | Y20: =SUM(E20:X20) -> 2271
D21: JML | E21: =SUM(E19:E20) -> 200 | F21: =SUM(F19:F20) -> 216 | G21: =SUM(G19:G20) -> 231 | H21: =SUM(H19:H20) -> 207 | I21: =SUM(I19:I20) -> 204 | J21: =SUM(J19:J20) -> 243 | K21: =SUM(K19:K20) -> 230 | L21: =SUM(L19:L20) -> 226 | ... X21: =SUM(X19:X20) -> 215 | Y21: =SUM(E21:X21) -> 4321
B22: 2. | C22: Jumlah pengguna hak pilih dalam Daftar Pemilih Tambahan (DPTb) | D22: LK | Y22: =SUM(E22:X22) -> 0
D23: PR | Y23: =SUM(E23:X23) -> 0
D24: JML | E24: =SUM(E22:E23) -> 0 | F24: =SUM(F22:F23) -> 0 | G24: =SUM(G22:G23) -> 0 | H24: =SUM(H22:H23) -> 0 | I24: =SUM(I22:I23) -> 0 | J24: =SUM(J22:J23) -> 0 | K24: =SUM(K22:K23) -> 0 | L24: =SUM(L22:L23) -> 0 | ... X24: =SUM(X22:X23) -> 0 | Y24: =SUM(E24:X24) -> 0
B25: 3. | C25: Jumlah pengguna hak pilih dalam Daftar Pemilih Khusus (DPK) | D25: LK | E25: 0 | F25: 0 | G25: 0 | H25: 0 | I25: 0 | J25: 0 | K25: 0 | L25: 0 | M25: 0 | N25: 0 | O25: 0 | P25: 0 | Q25: 0 | R25: 0 | S25: 0 | T25: 0 | U25: 1 | V25: 0 | W25: 0 | X25: 1 | Y25: =SUM(E25:X25) -> 2
D26: PR | E26: 0 | F26: 0 | G26: 0 | H26: 0 | I26: 0 | J26: 0 | K26: 0 | L26: 0 | M26: 0 | N26: 0 | O26: 0 | P26: 0 | Q26: 0 | R26: 0 | S26: 0 | T26: 0 | U26: 0 | V26: 0 | W26: 0 | X26: 1 | Y26: =SUM(E26:X26) -> 1
D27: JML | E27: =SUM(E25:E26) -> 0 | F27: =SUM(F25:F26) -> 0 | G27: =SUM(G25:G26) -> 0 | H27: =SUM(H25:H26) -> 0 | I27: =SUM(I25:I26) -> 0 | J27: =SUM(J25:J26) -> 0 | K27: =SUM(K25:K26) -> 0 | L27: =SUM(L25:L26) -> 0 | ... X27: =SUM(X25:X26) -> 2 | Y27: =SUM(E27:X27) -> 3
B28: 4. | C28: Jumlah Pengguna Hak Pilih (B.1+B.2+B.3) | D28: LK | E28: =SUM(E19,E22,E25) -> 98 | F28: =SUM(F19,F22,F25) -> 99 | G28: =SUM(G19,G22,G25) -> 122 | H28: =SUM(H19,H22,H25) -> 107 | I28: =SUM(I19,I22,I25) -> 94 | J28: =SUM(J19,J22,J25) -> 114 | K28: =SUM(K19,K22,K25) -> 107 | L28: =SUM(L19,L22,L25) -> 116 | ... X28: =SUM(X19,X22,X25) -> 102 | Y28: =SUM(E28:X28) -> 2052
D29: PR | E29: =SUM(E20,E23,E26) -> 102 | F29: =SUM(F20,F23,F26) -> 117 | G29: =SUM(G20,G23,G26) -> 109 | H29: =SUM(H20,H23,H26) -> 100 | I29: =SUM(I20,I23,I26) -> 110 | J29: =SUM(J20,J23,J26) -> 129 | K29: =SUM(K20,K23,K26) -> 123 | L29: =SUM(L20,L23,L26) -> 110 | ... X29: =SUM(X20,X23,X26) -> 115 | Y29: =SUM(E29:X29) -> 2272
D30: JML | E30: =SUM(E28:E29) -> 200 | F30: =SUM(F28:F29) -> 216 | G30: =SUM(G28:G29) -> 231 | H30: =SUM(H28:H29) -> 207 | I30: =SUM(I28:I29) -> 204 | J30: =SUM(J28:J29) -> 243 | K30: =SUM(K28:K29) -> 230 | L30: =SUM(L28:L29) -> 226 | ... X30: =SUM(X28:X29) -> 217 | Y30: =SUM(E30:X30) -> 4324
A32: II | B32: DATA PENGGUNAAN SURAT SUARA
A33: 1 | B33: Jumlah surat suara yang diterima, termasuk surat suara cadangan 2,5% dari DPT | E33: 240 | F33: 299 | G33: 304 | H33: 284 | I33: 277 | J33: 298 | K33: 296 | L33: 290 | M33: 274 | N33: 245 | O33: 255 | P33: 267 | Q33: 235 | R33: 287 | S33: 297 | T33: 248 | U33: 303 | V33: 294 | W33: 286 | X33: 282 | Y33: =SUM(E33:X33) -> 5561
A34: 2 | B34: Jumlah surat suara yang digunakan | E34: 200 | F34: 216 | G34: 231 | H34: 207 | I34: 204 | J34: 243 | K34: 230 | L34: 226 | M34: 209 | N34: 193 | O34: 205 | P34: 213 | Q34: 193 | R34: 214 | S34: 222 | T34: 169 | U34: 276 | V34: 231 | W34: 225 | X34: 217 | Y34: =SUM(E34:X34) -> 4324
A35: 3 | B35: Jumlah surat suara dikembalikan oleh pemilih (karena rusak atau keliru coblos) | E35: 0 | F35: 0 | G35: 1 | H35: 0 | I35: 0 | J35: 0 | K35: 0 | L35: 0 | M35: 0 | N35: 0 | O35: 0 | P35: 0 | Q35: 0 | R35: 0 | S35: 0 | T35: 0 | U35: 0 | V35: 1 | W35: 0 | X35: 0 | Y35: =SUM(E35:X35) -> 2
A36: 4 | B36: Jumlah surat suara yang tidak digunakan/tidak terpakai, termasuk sisa surat suara cadangan | E36: =E33-(E34+E35) -> 40 | F36: =F33-(F34+F35) -> 83 | G36: =G33-(G34+G35) -> 72 | H36: =H33-(H34+H35) -> 77 | I36: =I33-(I34+I35) -> 73 | J36: =J33-(J34+J35) -> 55 | K36: =K33-(K34+K35) -> 66 | L36: =L33-(L34+L35) -> 64 | ... X36: =X33-(X34+X35) -> 65 | Y36: =SUM(E36:X36) -> 1235
A38: III | B38: DATA PEMILIH DISABILITAS
B39: Jumlah seluruh Pemilih disabilitas yang menggunakan hak pilih | D39: LK | E39: 0 | F39: 0 | G39: 0 | H39: 0 | I39: 0 | J39: 0 | K39: 0 | L39: 0 | M39: 0 | N39: 0 | O39: 0 | P39: 0 | Q39: 0 | R39: 0 | S39: 0 | T39: 0 | U39: 0 | V39: 0 | W39: 0 | X39: 0 | Y39: =SUM(E39:X39) -> 0
D40: PR | E40: 0 | F40: 0 | G40: 0 | H40: 0 | I40: 0 | J40: 0 | K40: 0 | L40: 0 | M40: 0 | N40: 0 | O40: 1 | P40: 0 | Q40: 0 | R40: 0 | S40: 0 | T40: 0 | U40: 0 | V40: 0 | W40: 0 | X40: 0 | Y40: =SUM(E40:X40) -> 1
D41: JML | E41: =SUM(E39:E40) -> 0 | F41: =SUM(F39:F40) -> 0 | G41: =SUM(G39:G40) -> 0 | H41: =SUM(H39:H40) -> 0 | I41: =SUM(I39:I40) -> 0 | J41: =SUM(J39:J40) -> 0 | K41: =SUM(K39:K40) -> 0 | L41: =SUM(L39:L40) -> 0 | ... X41: =SUM(X39:X40) -> 0 | Y41: =SUM(E41:X41) -> 1
A43: IV | B43: DATA RINCIAN PEROLEHAN SUARA PASANGAN CALON BUPATI DAN WAKIL BUPATI
A44: NOMOR DAN NAMA CALON
A45: A.1 | B45: 1. | C45: Partai Kebangkitan Bangsa | E45: 1 | F45: 5 | G45: 2 | H45: 2 | I45: 1 | J45: 6 | K45: 3 | L45: 9 | M45: 10 | N45: 3 | O45: 13 | P45: 9 | Q45: 3 | R45: 9 | S45: 7 | T45: 3 | U45: 7 | V45: 10 | W45: 3 | X45: 9 | Y45: =SUM(E45:X45) -> 115
A46: A.2 | B46: 1 | C46: HJ. SITI MAKHROCHATIN NI’MAH, S.PD., M.M. | E46: 0 | F46: 2 | G46: 1 | H46: 4 | I46: 0 | J46: 1 | K46: 6 | L46: 2 | M46: 5 | N46: 2 | O46: 20 | P46: 11 | Q46: 9 | R46: 7 | S46: 3 | T46: 2 | U46: 19 | V46: 6 | W46: 8 | X46: 26 | Y46: =SUM(E46:X46) -> 134
B47: 2 | C47: A. TAUFIK | E47: 9 | F47: 25 | G47: 13 | H47: 10 | I47: 4 | J47: 5 | K47: 32 | L47: 24 | M47: 24 | N47: 25 | O47: 29 | P47: 28 | Q47: 10 | R47: 37 | S47: 30 | T47: 20 | U47: 6 | V47: 32 | W47: 19 | X47: 31 | Y47: =SUM(E47:X47) -> 413
B48: 3 | C48: KHOIRUL FAHMI ISKANDAR, S.PD | E48: 2 | F48: 1 | G48: 1 | H48: 1 | I48: 0 | J48: 0 | K48: 0 | L48: 0 | M48: 0 | N48: 2 | O48: 2 | P48: 3 | Q48: 0 | R48: 1 | S48: 0 | T48: 1 | U48: 0 | V48: 1 | W48: 0 | X48: 0 | Y48: =SUM(E48:X48) -> 15
B49: 4 | C49: AKHMAD, S.PD., M.M. | E49: 0 | F49: 0 | G49: 0 | H49: 0 | I49: 0 | J49: 2 | K49: 1 | L49: 0 | M49: 4 | N49: 4 | O49: 2 | P49: 1 | Q49: 1 | R49: 9 | S49: 3 | T49: 0 | U49: 0 | V49: 1 | W49: 0 | X49: 0 | Y49: =SUM(E49:X49) -> 28
B50: 5 | C50: SOFI WULANDARI, S.H. | E50: 0 | F50: 0 | G50: 0 | H50: 0 | I50: 0 | J50: 0 | K50: 0 | L50: 0 | M50: 0 | N50: 0 | O50: 0 | P50: 0 | Q50: 0 | R50: 0 | S50: 0 | T50: 0 | U50: 0 | V50: 0 | W50: 0 | X50: 0 | Y50: =SUM(E50:X50) -> 0
B51: 6 | C51: AL MA’ARIF | E51: 0 | F51: 0 | G51: 0 | H51: 0 | I51: 0 | J51: 0 | K51: 0 | L51: 0 | M51: 0 | N51: 0 | O51: 0 | P51: 0 | Q51: 0 | R51: 0 | S51: 0 | T51: 1 | U51: 0 | V51: 0 | W51: 0 | X51: 0 | Y51: =SUM(E51:X51) -> 1
Y52: =SUM(E52:X52) -> 0
Y53: =SUM(E53:X53) -> 0
Y54: =SUM(E54:X54) -> 0
A55: B | B55: JUMLAH SUARA SAH PARTAI POLITIK DAN CALON (A1 + A2) | E55: =SUM(E45:E54) -> 12 | F55: =SUM(F45:F54) -> 33 | G55: =SUM(G45:G54) -> 17 | H55: =SUM(H45:H54) -> 17 | I55: =SUM(I45:I54) -> 5 | J55: =SUM(J45:J54) -> 14 | K55: =SUM(K45:K54) -> 42 | L55: =SUM(L45:L54) -> 35 | ... Y55: =SUM(Y45:Y54) -> 706
A57: A.1 | B57: 2. | C57: Partai Gerakan Indonesia Raya | E57: 10 | F57: 3 | G57: 5 | H57: 7 | I57: 2 | J57: 5 | K57: 2 | L57: 3 | M57: 9 | N57: 13 | O57: 4 | P57: 1 | Q57: 4 | R57: 13 | S57: 13 | T57: 6 | U57: 3 | V57: 4 | W57: 6 | X57: 8 | Y57: =SUM(E57:X57) -> 121
A58: A.2 | B58: 1 | C58: ASRILA DISKA RIMUNDA | E58: 11 | F58: 10 | G58: 16 | H58: 30 | I58: 5 | J58: 20 | K58: 10 | L58: 3 | M58: 5 | N58: 32 | O58: 4 | P58: 12 | Q58: 8 | R58: 1 | S58: 8 | T58: 12 | U58: 2 | V58: 11 | W58: 31 | X58: 27 | Y58: =SUM(E58:X58) -> 258
B59: 2 | C59: ANIK MUSYAROFAH | E59: 0 | F59: 1 | G59: 3 | H59: 3 | I59: 0 | J59: 4 | K59: 0 | L59: 3 | M59: 5 | N59: 3 | O59: 1 | P59: 3 | Q59: 0 | R59: 4 | S59: 4 | T59: 3 | U59: 0 | V59: 0 | W59: 3 | X59: 4 | Y59: =SUM(E59:X59) -> 44
B60: 3 | C60: JOKO MISBONO | E60: 0 | F60: 0 | G60: 1 | H60: 0 | I60: 0 | J60: 0 | K60: 0 | L60: 0 | M60: 1 | N60: 1 | O60: 0 | P60: 1 | Q60: 1 | R60: 1 | S60: 2 | T60: 0 | U60: 0 | V60: 0 | W60: 1 | X60: 0 | Y60: =SUM(E60:X60) -> 9
B61: 4 | C61: REKTO PUSPITASARI | E61: 0 | F61: 0 | G61: 0 | H61: 0 | I61: 1 | J61: 0 | K61: 1 | L61: 0 | M61: 0 | N61: 3 | O61: 1 | P61: 0 | Q61: 0 | R61: 0 | S61: 0 | T61: 0 | U61: 0 | V61: 0 | W61: 0 | X61: 0 | Y61: =SUM(E61:X61) -> 6
B62: 5 | C62: AHMAD KHOMSI WAHYUDI | E62: 1 | F62: 2 | G62: 0 | H62: 0 | I62: 0 | J62: 0 | K62: 9 | L62: 0 | M62: 0 | N62: 1 | O62: 0 | P62: 2 | Q62: 0 | R62: 0 | S62: 0 | T62: 0 | U62: 0 | V62: 0 | W62: 0 | X62: 0 | Y62: =SUM(E62:X62) -> 15
B63: 6 | C63: ACHI RIZAL FIRDAUS | E63: 1 | F63: 0 | G63: 0 | H63: 2 | I63: 0 | J63: 0 | K63: 0 | L63: 0 | M63: 0 | N63: 1 | O63: 0 | P63: 0 | Q63: 0 | R63: 0 | S63: 0 | T63: 0 | U63: 0 | V63: 0 | W63: 3 | X63: 3 | Y63: =SUM(E63:X63) -> 10
Y64: =SUM(E64:X64) -> 0
Y65: =SUM(E65:X65) -> 0
Y66: =SUM(E66:X66) -> 0
A67: B | B67: JUMLAH SUARA SAH PARTAI POLITIK DAN CALON (A1 + A2) | E67: =SUM(E57:E66) -> 23 | F67: =SUM(F57:F66) -> 16 | G67: =SUM(G57:G66) -> 25 | H67: =SUM(H57:H66) -> 42 | I67: =SUM(I57:I66) -> 8 | J67: =SUM(J57:J66) -> 29 | K67: =SUM(K57:K66) -> 22 | L67: =SUM(L57:L66) -> 9 | ... Y67: =SUM(Y57:Y66) -> 463
A69: A.1 | B69: 3. | C69: Partai Demokrasi Indonesia Perjuangan | E69: 3 | F69: 2 | G69: 6 | H69: 3 | I69: 1 | J69: 2 | K69: 1 | L69: 1 | M69: 7 | N69: 5 | O69: 2 | P69: 2 | Q69: 0 | R69: 8 | S69: 9 | T69: 7 | U69: 6 | V69: 1 | W69: 5 | X69: 7 | Y69: =SUM(E69:X69) -> 78
A70: A.2 | B70: 1 | C70: I MADE CAHYANA NEGARA, S.E. | E70: 2 | F70: 2 | G70: 0 | H70: 4 | I70: 2 | J70: 2 | K70: 4 | L70: 2 | M70: 7 | N70: 2 | O70: 6 | P70: 0 | Q70: 1 | R70: 3 | S70: 8 | T70: 5 | U70: 5 | V70: 7 | W70: 4 | X70: 5 | Y70: =SUM(E70:X70) -> 71
B71: 2 | C71: AGUS WAHYU PANOTO, S.H. | E71: 0 | F71: 0 | G71: 1 | H71: 0 | I71: 0 | J71: 1 | K71: 1 | L71: 0 | M71: 1 | N71: 3 | O71: 5 | P71: 0 | Q71: 2 | R71: 0 | S71: 2 | T71: 2 | U71: 4 | V71: 0 | W71: 2 | X71: 0 | Y71: =SUM(E71:X71) -> 24
B72: 3 | C72: IIS SUMIYATI | E72: 0 | F72: 0 | G72: 9 | H72: 7 | I72: 5 | J72: 7 | K72: 5 | L72: 15 | M72: 12 | N72: 2 | O72: 5 | P72: 5 | Q72: 1 | R72: 11 | S72: 6 | T72: 2 | U72: 8 | V72: 0 | W72: 2 | X72: 5 | Y72: =SUM(E72:X72) -> 107
B73: 4 | C73: ACHMAD MUZAMMIL | E73: 0 | F73: 1 | G73: 1 | H73: 0 | I73: 0 | J73: 0 | K73: 0 | L73: 0 | M73: 0 | N73: 0 | O73: 0 | P73: 0 | Q73: 0 | R73: 0 | S73: 1 | T73: 0 | U73: 1 | V73: 1 | W73: 1 | X73: 2 | Y73: =SUM(E73:X73) -> 8
B74: 5 | C74: WENDRIAWANTO | E74: 0 | F74: 0 | G74: 0 | H74: 0 | I74: 0 | J74: 0 | K74: 0 | L74: 0 | M74: 0 | N74: 0 | O74: 0 | P74: 1 | Q74: 0 | R74: 0 | S74: 0 | T74: 0 | U74: 0 | V74: 0 | W74: 1 | X74: 0 | Y74: =SUM(E74:X74) -> 2
B75: 6 | C75: PUTRI MEGA AYU WIDIARTI | E75: 0 | F75: 1 | G75: 2 | H75: 50 | I75: 0 | J75: 9 | K75: 2 | L75: 4 | M75: 1 | N75: 0 | O75: 2 | P75: 0 | Q75: 0 | R75: 1 | S75: 2 | T75: 1 | U75: 43 | V75: 0 | W75: 0 | X75: 7 | Y75: =SUM(E75:X75) -> 125
Y76: =SUM(E76:X76) -> 0
Y77: =SUM(E77:X77) -> 0
Y78: =SUM(E78:X78) -> 0
A79: B | B79: JUMLAH SUARA SAH PARTAI POLITIK DAN CALON (A1 + A2) | E79: =SUM(E69:E78) -> 5 | F79: =SUM(F69:F78) -> 6 | G79: =SUM(G69:G78) -> 19 | H79: =SUM(H69:H78) -> 64 | I79: =SUM(I69:I78) -> 8 | J79: =SUM(J69:J78) -> 21 | K79: =SUM(K69:K78) -> 13 | L79: =SUM(L69:L78) -> 22 | ... Y79: =SUM(Y69:Y78) -> 415
A81: A.1 | B81: 4. | C81: Partai Golongan Karya | E81: 0 | F81: 4 | G81: 1 | H81: 0 | I81: 1 | J81: 3 | K81: 1 | L81: 4 | M81: 4 | N81: 1 | O81: 3 | P81: 2 | Q81: 0 | R81: 0 | S81: 4 | T81: 3 | U81: 3 | V81: 1 | W81: 8 | X81: 2 | Y81: =SUM(E81:X81) -> 45
A82: A.2 | B82: 1 | C82: UMI KULSUM, S.H. | E82: 0 | F82: 14 | G82: 0 | H82: 1 | I82: 0 | J82: 4 | K82: 3 | L82: 0 | M82: 0 | N82: 2 | O82: 1 | P82: 2 | Q82: 1 | R82: 0 | S82: 0 | T82: 0 | U82: 0 | V82: 0 | W82: 0 | X82: 1 | Y82: =SUM(E82:X82) -> 29
B83: 2 | C83: SONNY PRAKOSO INDRA, S.E. | E83: 5 | F83: 1 | G83: 0 | H83: 0 | I83: 0 | J83: 39 | K83: 67 | L83: 17 | M83: 9 | N83: 13 | O83: 2 | P83: 1 | Q83: 6 | R83: 3 | S83: 10 | T83: 3 | U83: 1 | V83: 2 | W83: 7 | X83: 9 | Y83: =SUM(E83:X83) -> 195
B84: 3 | C84: ERJUNA SITI FATIMAH | E84: 0 | F84: 0 | G84: 0 | H84: 1 | I84: 0 | J84: 0 | K84: 0 | L84: 0 | M84: 0 | N84: 0 | O84: 0 | P84: 0 | Q84: 0 | R84: 1 | S84: 0 | T84: 0 | U84: 0 | V84: 0 | W84: 2 | X84: 1 | Y84: =SUM(E84:X84) -> 5
B85: 4 | C85: SITI MARIYAM | E85: 0 | F85: 0 | G85: 0 | H85: 0 | I85: 0 | J85: 1 | K85: 1 | L85: 2 | M85: 0 | N85: 0 | O85: 1 | P85: 3 | Q85: 0 | R85: 0 | S85: 0 | T85: 0 | U85: 0 | V85: 0 | W85: 3 | X85: 0 | Y85: =SUM(E85:X85) -> 11
B86: 5 | C86: HERU SUKARNO, S.H. | E86: 0 | F86: 0 | G86: 0 | H86: 0 | I86: 0 | J86: 0 | K86: 0 | L86: 0 | M86: 0 | N86: 0 | O86: 0 | P86: 0 | Q86: 1 | R86: 0 | S86: 0 | T86: 0 | U86: 0 | V86: 0 | W86: 0 | X86: 0 | Y86: =SUM(E86:X86) -> 1
B87: 6 | C87: AHMAD MUZAYYIN | E87: 0 | F87: 0 | G87: 0 | H87: 0 | I87: 0 | J87: 0 | K87: 0 | L87: 0 | M87: 0 | N87: 0 | O87: 0 | P87: 0 | Q87: 0 | R87: 0 | S87: 0 | T87: 0 | U87: 0 | V87: 0 | W87: 0 | X87: 0 | Y87: =SUM(E87:X87) -> 0
Y88: =SUM(E88:X88) -> 0
Y89: =SUM(E89:X89) -> 0
Y90: =SUM(E90:X90) -> 0
A91: B | B91: JUMLAH SUARA SAH PARTAI POLITIK DAN CALON (A1 + A2) | E91: =SUM(E81:E90) -> 5 | F91: =SUM(F81:F90) -> 19 | G91: =SUM(G81:G90) -> 1 | H91: =SUM(H81:H90) -> 2 | I91: =SUM(I81:I90) -> 1 | J91: =SUM(J81:J90) -> 47 | K91: =SUM(K81:K90) -> 72 | L91: =SUM(L81:L90) -> 23 | ... Y91: =SUM(Y81:Y90) -> 286
A93: A.1 | B93: 5. | C93: Partai NasDem | E93: 0 | F93: 0 | G93: 2 | H93: 1 | I93: 0 | J93: 1 | K93: 0 | L93: 0 | M93: 0 | N93: 2 | O93: 0 | P93: 0 | Q93: 1 | R93: 3 | S93: 1 | T93: 2 | U93: 0 | V93: 1 | W93: 0 | X93: 0 | Y93: =SUM(E93:X93) -> 14
A94: A.2 | B94: 1 | C94: DRS. MOH. PADIL | E94: 0 | F94: 1 | G94: 0 | H94: 1 | I94: 0 | J94: 0 | K94: 1 | L94: 0 | M94: 0 | N94: 2 | O94: 1 | P94: 1 | Q94: 3 | R94: 0 | S94: 1 | T94: 2 | U94: 0 | V94: 1 | W94: 1 | X94: 0 | Y94: =SUM(E94:X94) -> 15
B95: 2 | C95: ALEX WIJAYA KUSUMA | E95: 0 | F95: 0 | G95: 0 | H95: 0 | I95: 0 | J95: 0 | K95: 0 | L95: 0 | M95: 0 | N95: 0 | O95: 0 | P95: 0 | Q95: 0 | R95: 0 | S95: 0 | T95: 0 | U95: 0 | V95: 0 | W95: 0 | X95: 0 | Y95: =SUM(E95:X95) -> 0
B96: 3 | C96: DANY FARDA MIHMDIAT | E96: 0 | F96: 0 | G96: 0 | H96: 0 | I96: 0 | J96: 0 | K96: 0 | L96: 0 | M96: 0 | N96: 0 | O96: 0 | P96: 0 | Q96: 0 | R96: 0 | S96: 0 | T96: 0 | U96: 0 | V96: 0 | W96: 1 | X96: 0 | Y96: =SUM(E96:X96) -> 1
B97: 4 | C97: UNTUNG AL AKBAR | E97: 2 | F97: 0 | G97: 2 | H97: 1 | I97: 0 | J97: 2 | K97: 0 | L97: 1 | M97: 1 | N97: 0 | O97: 2 | P97: 7 | Q97: 28 | R97: 1 | S97: 12 | T97: 2 | U97: 1 | V97: 0 | W97: 0 | X97: 1 | Y97: =SUM(E97:X97) -> 63
B98: 5 | C98: SETYO PONCO UTOMO | E98: 0 | F98: 0 | G98: 0 | H98: 0 | I98: 0 | J98: 2 | K98: 1 | L98: 0 | M98: 0 | N98: 0 | O98: 0 | P98: 0 | Q98: 0 | R98: 0 | S98: 0 | T98: 0 | U98: 0 | V98: 0 | W98: 0 | X98: 0 | Y98: =SUM(E98:X98) -> 3
B99: 6 | C99: LIA ALYSTIA NINGRUM, S.PD. | E99: 0 | F99: 1 | G99: 3 | H99: 3 | I99: 3 | J99: 0 | K99: 3 | L99: 0 | M99: 1 | N99: 9 | O99: 0 | P99: 0 | Q99: 0 | R99: 7 | S99: 1 | T99: 1 | U99: 6 | V99: 5 | W99: 1 | X99: 2 | Y99: =SUM(E99:X99) -> 46
Y100: =SUM(E100:X100) -> 0
Y101: =SUM(E101:X101) -> 0
Y102: =SUM(E102:X102) -> 0
A103: B | B103: JUMLAH SUARA SAH PARTAI POLITIK DAN CALON (A1 + A2) | E103: =SUM(E93:E102) -> 2 | F103: =SUM(F93:F102) -> 2 | G103: =SUM(G93:G102) -> 7 | H103: =SUM(H93:H102) -> 6 | I103: =SUM(I93:I102) -> 3 | J103: =SUM(J93:J102) -> 5 | K103: =SUM(K93:K102) -> 5 | L103: =SUM(L93:L102) -> 1 | ... Y103: =SUM(Y93:Y102) -> 142
A105: A.1 | B105: 6. | C105: Partai Buruh | E105: 0 | F105: 1 | G105: 0 | H105: 2 | I105: 0 | J105: 1 | K105: 0 | L105: 1 | M105: 1 | N105: 0 | O105: 1 | P105: 0 | Q105: 1 | R105: 0 | S105: 0 | T105: 0 | U105: 5 | V105: 0 | W105: 1 | X105: 0 | Y105: =SUM(E105:X105) -> 14
A106: A.2 | Y106: =SUM(E106:X106) -> 0
Y107: =SUM(E107:X107) -> 0
Y108: =SUM(E108:X108) -> 0
Y109: =SUM(E109:X109) -> 0
Y110: =SUM(E110:X110) -> 0
Y111: =SUM(E111:X111) -> 0
Y112: =SUM(E112:X112) -> 0
Y113: =SUM(E113:X113) -> 0
Y114: =SUM(E114:X114) -> 0
A115: B | B115: JUMLAH SUARA SAH PARTAI POLITIK DAN CALON (A1 + A2) | E115: =SUM(E105:E114) -> 0 | F115: =SUM(F105:F114) -> 1 | G115: =SUM(G105:G114) -> 0 | H115: =SUM(H105:H114) -> 2 | I115: =SUM(I105:I114) -> 0 | J115: =SUM(J105:J114) -> 1 | K115: =SUM(K105:K114) -> 0 | L115: =SUM(L105:L114) -> 1 | ... Y115: =SUM(Y105:Y114) -> 14
A117: A.1 | B117: 7. | C117: Partai Gelombang Rakyat Indonesia | E117: 1 | F117: 1 | G117: 0 | H117: 0 | I117: 0 | J117: 2 | K117: 1 | L117: 0 | M117: 0 | N117: 0 | O117: 1 | P117: 0 | Q117: 0 | R117: 0 | S117: 0 | T117: 0 | U117: 2 | V117: 0 | W117: 1 | X117: 0 | Y117: =SUM(E117:X117) -> 9
...

Sheet ALASBULUH
C2: Kecamatan | D2: WONGSOREJO
C3: Kabupaten | D3: BANYUWANGI
C4: Provinsi | D4: JAWA TIMUR
C9: Kelurahan | D9: ALASBULUH
A12: I | B12: DATA PEMILIH DAN PENGGUNAAN HAK PILIH | AG12: JUMLAH AKHIR
A13: A | B13: DATA PEMILIH | E13: TPS 001 | F13: TPS 002 | G13: TPS 003 | H13: TPS 004 | I13: TPS 005 | J13: TPS 006 | K13: TPS 007 | L13: TPS 008 | M13: TPS 009 | N13: TPS 010 | O13: TPS 011 | P13: TPS 012 | Q13: TPS 013 | R13: TPS 014 | S13: TPS 015 | T13: TPS 016 | U13: TPS 017 | V13: TPS 018 | W13: TPS 019 | X13: TPS 020 | Y13: TPS 021 | Z13: TPS 022 | AA13: TPS 023 | AB13: TPS 024 | AC13: TPS 025 | AD13: TPS 026 | AE13: TPS 027 | AF13: TPS 028
B14: Jumlah Pemilih dalam Daftar Pemilih Tetap (DPT) | D14: LK | E14: 152 | F14: 132 | G14: 152 | H14: 172 | I14: 136 | J14: 167 | K14: 143 | L14: 151 | M14: 160 | N14: 142 | O14: 147 | P14: 140 | Q14: 116 | R14: 134 | S14: 135 | T14: 154 | U14: 129 | V14: 155 | W14: 147 | X14: 147 | Y14: 128 | Z14: 123 | AA14: 151 | AB14: 115 | AC14: 135 | AD14: 141 | AE14: 118 | AF14: 124 | AG14: =SUM(E14:AF14) -> 3946
D15: PR | E15: 145 | F15: 168 | G15: 145 | H15: 127 | I15: 163 | J15: 130 | K15: 156 | L15: 148 | M15: 139 | N15: 157 | O15: 139 | P15: 154 | Q15: 126 | R15: 151 | S15: 145 | T15: 143 | U15: 133 | V15: 142 | W15: 152 | X15: 153 | Y15: 141 | Z15: 120 | AA15: 149 | AB15: 100 | AC15: 145 | AD15: 137 | AE15: 120 | AF15: 141 | AG15: =SUM(E15:AF15) -> 3969
D16: JML | E16: =SUM(E14:E15) -> 297 | F16: =SUM(F14:F15) -> 300 | G16: =SUM(G14:G15) -> 297 | H16: =SUM(H14:H15) -> 299 | I16: =SUM(I14:I15) -> 299 | J16: =SUM(J14:J15) -> 297 | K16: =SUM(K14:K15) -> 299 | L16: =SUM(L14:L15) -> 299 | ... AF16: =SUM(AF14:AF15) -> 265 | AG16: =SUM(E16:AF16) -> 7915
A18: B | B18: PENGGUNA HAK PILIH
B19: 1. | C19: Jumlah pengguna hak pilih dalam Daftar Pemilih Tetap (DPT) | D19: LK | E19: 109 | F19: 86 | G19: 113 | H19: 126 | I19: 83 | J19: 116 | K19: 93 | L19: 97 | M19: 125 | N19: 109 | O19: 111 | P19: 118 | Q19: 85 | R19: 101 | S19: 97 | T19: 98 | U19: 99 | V19: 104 | W19: 93 | X19: 124 | Y19: 104 | Z19: 89 | AA19: 101 | AB19: 92 | AC19: 113 | AD19: 104 | AE19: 101 | AF19: 85 | AG19: =SUM(E19:AF19) -> 2876
D20: PR | E20: 106 | F20: 120 | G20: 99 | H20: 104 | I20: 137 | J20: 101 | K20: 110 | L20: 127 | M20: 122 | N20: 137 | O20: 109 | P20: 126 | Q20: 94 | R20: 115 | S20: 101 | T20: 92 | U20: 98 | V20: 98 | W20: 117 | X20: 124 | Y20: 110 | Z20: 92 | AA20: 115 | AB20: 87 | AC20: 120 | AD20: 122 | AE20: 97 | AF20: 102 | AG20: =SUM(E20:AF20) -> 3082
D21: JML | E21: =SUM(E19:E20) -> 215 | F21: =SUM(F19:F20) -> 206 | G21: =SUM(G19:G20) -> 212 | H21: =SUM(H19:H20) -> 230 | I21: =SUM(I19:I20) -> 220 | J21: =SUM(J19:J20) -> 217 | K21: =SUM(K19:K20) -> 203 | L21: =SUM(L19:L20) -> 224 | ... AF21: =SUM(AF19:AF20) -> 187 | AG21: =SUM(E21:AF21) -> 5958
B22: 2. | C22: Jumlah pengguna hak pilih dalam Daftar Pemilih Tambahan (DPTb) | D22: LK | E22: 0 | F22: 1 | G22: 0 | H22: 0 | I22: 0 | J22: 0 | K22: 1 | L22: 0 | M22: 0 | N22: 0 | O22: 0 | P22: 0 | Q22: 0 | R22: 0 | S22: 0 | T22: 0 | U22: 0 | V22: 0 | W22: 0 | X22: 0 | Y22: 0 | Z22: 0 | AA22: 0 | AB22: 0 | AC22: 0 | AD22: 0 | AE22: 1 | AF22: 0 | AG22: =SUM(E22:AF22) -> 3
D23: PR | E23: 0 | F23: 1 | G23: 0 | H23: 0 | I23: 0 | J23: 0 | K23: 0 | L23: 0 | M23: 0 | N23: 0 | O23: 0 | P23: 0 | Q23: 0 | R23: 0 | S23: 0 | T23: 0 | U23: 0 | V23: 0 | W23: 0 | X23: 0 | Y23: 0 | Z23: 0 | AA23: 0 | AB23: 0 | AC23: 0 | AD23: 0 | AE23: 0 | AF23: 0 | AG23: =SUM(E23:AF23) -> 1
D24: JML | E24: =SUM(E22:E23) -> 0 | F24: =SUM(F22:F23) -> 2 | G24: =SUM(G22:G23) -> 0 | H24: =SUM(H22:H23) -> 0 | I24: =SUM(I22:I23) -> 0 | J24: =SUM(J22:J23) -> 0 | K24: =SUM(K22:K23) -> 1 | L24: =SUM(L22:L23) -> 0 | ... AF24: =SUM(AF22:AF23) -> 0 | AG24: =SUM(E24:AF24) -> 4
B25: 3. | C25: Jumlah pengguna hak pilih dalam Daftar Pemilih Khusus (DPK) | D25: LK | E25: 0 | F25: 0 | G25: 0 | H25: 0 | I25: 0 | J25: 0 | K25: 0 | L25: 0 | M25: 0 | N25: 0 | O25: 0 | P25: 0 | Q25: 1 | R25: 0 | S25: 0 | T25: 0 | U25: 0 | V25: 0 | W25: 0 | X25: 0 | Y25: 6 | Z25: 0 | AA25: 0 | AB25: 0 | AC25: 0 | AD25: 0 | AE25: 0 | AF25: 8 | AG25: =SUM(E25:AF25) -> 15
D26: PR | E26: 0 | F26: 0 | G26: 0 | H26: 0 | I26: 0 | J26: 0 | K26: 0 | L26: 0 | M26: 0 | N26: 0 | O26: 0 | P26: 0 | Q26: 2 | R26: 0 | S26: 0 | T26: 0 | U26: 0 | V26: 0 | W26: 0 | X26: 0 | Y26: 10 | Z26: 0 | AA26: 0 | AB26: 0 | AC26: 0 | AD26: 0 | AE26: 0 | AF26: 6 | AG26: =SUM(E26:AF26) -> 18
D27: JML | E27: =SUM(E25:E26) -> 0 | F27: =SUM(F25:F26) -> 0 | G27: =SUM(G25:G26) -> 0 | H27: =SUM(H25:H26) -> 0 | I27: =SUM(I25:I26) -> 0 | J27: =SUM(J25:J26) -> 0 | K27: =SUM(K25:K26) -> 0 | L27: =SUM(L25:L26) -> 0 | ... AF27: =SUM(AF25:AF26) -> 14 | AG27: =SUM(E27:AF27) -> 33
B28: 4. | C28: Jumlah Pengguna Hak Pilih (B.1+B.2+B.3) | D28: LK | E28: =SUM(E19,E22,E25) -> 109 | F28: =SUM(F19,F22,F25) -> 87 | G28: =SUM(G19,G22,G25) -> 113 | H28: =SUM(H19,H22,H25) -> 126 | I28: =SUM(I19,I22,I25) -> 83 | J28: =SUM(J19,J22,J25) -> 116 | K28: =SUM(K19,K22,K25) -> 94 | L28: =SUM(L19,L22,L25) -> 97 | ... AF28: =SUM(AF19,AF22,AF25) -> 93 | AG28: =SUM(E28:AF28) -> 2894
D29: PR | E29: =SUM(E20,E23,E26) -> 106 | F29: =SUM(F20,F23,F26) -> 121 | G29: =SUM(G20,G23,G26) -> 99 | H29: =SUM(H20,H23,H26) -> 104 | I29: =SUM(I20,I23,I26) -> 137 | J29: =SUM(J20,J23,J26) -> 101 | K29: =SUM(K20,K23,K26) -> 110 | L29: =SUM(L20,L23,L26) -> 127 | ... AF29: =SUM(AF20,AF23,AF26) -> 108 | AG29: =SUM(E29:AF29) -> 3101
D30: JML | E30: =SUM(E28:E29) -> 215 | F30: =SUM(F28:F29) -> 208 | G30: =SUM(G28:G29) -> 212 | H30: =SUM(H28:H29) -> 230 | I30: =SUM(I28:I29) -> 220 | J30: =SUM(J28:J29) -> 217 | K30: =SUM(K28:K29) -> 204 | L30: =SUM(L28:L29) -> 224 | ... AF30: =SUM(AF28:AF29) -> 201 | AG30: =SUM(E30:AF30) -> 5995
A32: II | B32: DATA PENGGUNAAN SURAT SUARA
A33: 1 | B33: Jumlah surat suara yang diterima, termasuk surat suara cadangan 2,5% dari DPT | E33: 303 | F33: 306 | G33: 303 | H33: 305 | I33: 305 | J33: 303 | K33: 305 | L33: 305 | M33: 305 | N33: 305 | O33: 292 | P33: 300 | Q33: 247 | R33: 291 | S33: 286 | T33: 303 | U33: 268 | V33: 303 | W33: 304 | X33: 306 | Y33: 275 | Z33: 248 | AA33: 306 | AB33: 220 | AC33: 286 | AD33: 284 | AE33: 243 | AF33: 269 | AG33: =SUM(E33:AF33) -> 8076
A34: 2 | B34: Jumlah surat suara yang digunakan | E34: 215 | F34: 208 | G34: 212 | H34: 230 | I34: 220 | J34: 217 | K34: 204 | L34: 224 | M34: 247 | N34: 246 | O34: 220 | P34: 244 | Q34: 182 | R34: 216 | S34: 198 | T34: 190 | U34: 197 | V34: 202 | W34: 210 | X34: 248 | Y34: 230 | Z34: 181 | AA34: 216 | AB34: 179 | AC34: 233 | AD34: 226 | AE34: 199 | AF34: 201 | AG34: =SUM(E34:AF34) -> 5995
A35: 3 | B35: Jumlah surat suara dikembalikan oleh pemilih (karena rusak atau keliru coblos) | E35: 0 | F35: 0 | G35: 0 | H35: 0 | I35: 0 | J35: 1 | K35: 3 | L35: 0 | M35: 0 | N35: 1 | O35: 0 | P35: 0 | Q35: 0 | R35: 0 | S35: 0 | T35: 0 | U35: 0 | V35: 0 | W35: 0 | X35: 0 | Y35: 0 | Z35: 0 | AA35: 0 | AB35: 0 | AC35: 4 | AD35: 1 | AE35: 0 | AF35: 0 | AG35: =SUM(E35:AF35) -> 10
A36: 4 | B36: Jumlah surat suara yang tidak digunakan/tidak terpakai, termasuk sisa surat suara cadangan | E36: =E33-(E34+E35) -> 88 | F36: =F33-(F34+F35) -> 98 | G36: =G33-(G34+G35) -> 91 | H36: =H33-(H34+H35) -> 75 | I36: =I33-(I34+I35) -> 85 | J36: =J33-(J34+J35) -> 85 | K36: =K33-(K34+K35) -> 98 | L36: =L33-(L34+L35) -> 81 | ... AF36: =AF33-(AF34+AF35) -> 68 | AG36: =SUM(E36:AF36) -> 2071
A38: III | B38: DATA PEMILIH DISABILITAS
B39: Jumlah seluruh Pemilih disabilitas yang menggunakan hak pilih | D39: LK | AG39: =SUM(E39:AF39) -> 0
D40: PR | E40: 0 | F40: 0 | G40: 0 | H40: 0 | I40: 0 | J40: 0 | K40: 0 | L40: 0 | M40: 0 | N40: 0 | O40: 0 | P40: 0 | Q40: 0 | R40: 0 | S40: 0 | T40: 0 | U40: 0 | V40: 0 | W40: 0 | X40: 0 | Y40: 0 | Z40: 0 | AA40: 2 | AB40: 0 | AC40: 0 | AD40: 0 | AE40: 0 | AF40: 0 | AG40: =SUM(E40:AF40) -> 2
D41: JML | E41: =SUM(E39:E40) -> 0 | F41: =SUM(F39:F40) -> 0 | G41: =SUM(G39:G40) -> 0 | H41: =SUM(H39:H40) -> 0 | I41: =SUM(I39:I40) -> 0 | J41: =SUM(J39:J40) -> 0 | K41: =SUM(K39:K40) -> 0 | L41: =SUM(L39:L40) -> 0 | ... AF41: =SUM(AF39:AF40) -> 0 | AG41: =SUM(E41:AF41) -> 2
A43: IV | B43: DATA RINCIAN PEROLEHAN SUARA PASANGAN CALON BUPATI DAN WAKIL BUPATI
A44: NOMOR DAN NAMA CALON
A45: A.1 | B45: 1. | C45: Partai Kebangkitan Bangsa | E45: 11 | F45: 4 | G45: 8 | H45: 6 | I45: 17 | J45: 5 | K45: 19 | L45: 14 | M45: 12 | N45: 8 | O45: 11 | P45: 15 | Q45: 10 | R45: 7 | S45: 5 | T45: 11 | U45: 11 | V45: 20 | W45: 13 | X45: 22 | Y45: 11 | Z45: 20 | AA45: 15 | AB45: 1 | AC45: 4 | AD45: 7 | AE45: 4 | AF45: 15 | AG45: =SUM(E45:AF45) -> 306
A46: A.2 | B46: 1 | C46: HJ. SITI MAKHROCHATIN NI’MAH, S.PD., M.M. | E46: 20 | F46: 4 | G46: 6 | H46: 2 | I46: 8 | J46: 4 | K46: 13 | L46: 17 | M46: 7 | N46: 4 | O46: 5 | P46: 11 | Q46: 3 | R46: 2 | S46: 5 | T46: 1 | U46: 12 | V46: 5 | W46: 3 | X46: 7 | Y46: 5 | Z46: 5 | AA46: 2 | AB46: 7 | AC46: 4 | AD46: 4 | AE46: 4 | AF46: 19 | AG46: =SUM(E46:AF46) -> 189
B47: 2 | C47: A. TAUFIK | E47: 19 | F47: 21 | G47: 17 | H47: 8 | I47: 25 | J47: 21 | K47: 6 | L47: 13 | M47: 117 | N47: 88 | O47: 35 | P47: 61 | Q47: 8 | R47: 26 | S47: 51 | T47: 34 | U47: 25 | V47: 51 | W47: 49 | X47: 29 | Y47: 13 | Z47: 24 | AA47: 7 | AB47: 5 | AC47: 47 | AD47: 79 | AE47: 85 | AF47: 30 | AG47: =SUM(E47:AF47) -> 994
B48: 3 | C48: KHOIRUL FAHMI ISKANDAR, S.PD | E48: 1 | F48: 1 | G48: 1 | H48: 0 | I48: 1 | J48: 3 | K48: 1 | L48: 3 | M48: 0 | N48: 1 | O48: 1 | P48: 1 | Q48: 0 | R48: 0 | S48: 4 | T48: 1 | U48: 1 | V48: 2 | W48: 0 | X48: 1 | Y48: 0 | Z48: 0 | AA48: 1 | AB48: 0 | AC48: 1 | AD48: 1 | AE48: 0 | AF48: 0 | AG48: =SUM(E48:AF48) -> 26
B49: 4 | C49: AKHMAD, S.PD., M.M. | E49: 4 | F49: 4 | G49: 4 | H49: 4 | I49: 1 | J49: 12 | K49: 2 | L49: 8 | M49: 0 | N49: 0 | O49: 1 | P49: 2 | Q49: 0 | R49: 0 | S49: 1 | T49: 2 | U49: 3 | V49: 1 | W49: 2 | X49: 0 | Y49: 0 | Z49: 3 | AA49: 0 | AB49: 1 | AC49: 1 | AD49: 0 | AE49: 0 | AF49: 1 | AG49: =SUM(E49:AF49) -> 57
B50: 5 | C50: SOFI WULANDARI, S.H. | E50: 0 | F50: 0 | G50: 0 | H50: 0 | I50: 0 | J50: 0 | K50: 0 | L50: 0 | M50: 0 | N50: 0 | O50: 0 | P50: 1 | Q50: 0 | R50: 0 | S50: 0 | T50: 0 | U50: 0 | V50: 0 | W50: 0 | X50: 0 | Y50: 0 | Z50: 1 | AA50: 0 | AB50: 0 | AC50: 0 | AD50: 1 | AE50: 0 | AF50: 0 | AG50: =SUM(E50:AF50) -> 3
B51: 6 | C51: AL MA’ARIF | E51: 0 | F51: 0 | G51: 0 | H51: 0 | I51: 0 | J51: 0 | K51: 1 | L51: 0 | M51: 1 | N51: 0 | O51: 0 | P51: 0 | Q51: 0 | R51: 0 | S51: 0 | T51: 0 | U51: 0 | V51: 0 | W51: 0 | X51: 0 | Y51: 0 | Z51: 0 | AA51: 0 | AB51: 0 | AC51: 0 | AD51: 1 | AE51: 1 | AF51: 1 | AG51: =SUM(E51:AF51) -> 5
AG52: =SUM(E52:AF52) -> 0
AG53: =SUM(E53:AF53) -> 0
AG54: =SUM(E54:AF54) -> 0
A55: B | B55: JUMLAH SUARA SAH PARTAI POLITIK DAN CALON (A1 + A2) | E55: =SUM(E45:E54) -> 55 | F55: =SUM(F45:F54) -> 34 | G55: =SUM(G45:G54) -> 36 | H55: =SUM(H45:H54) -> 20 | I55: =SUM(I45:I54) -> 52 | J55: =SUM(J45:J54) -> 45 | K55: =SUM(K45:K54) -> 42 | L55: =SUM(L45:L54) -> 55 | ... AG55: =SUM(AG45:AG54) -> 1580
A57: A.1 | B57: 2. | C57: Partai Gerakan Indonesia Raya | E57: 25 | F57: 22 | G57: 15 | H57: 9 | I57: 19 | J57: 11 | K57: 4 | L57: 2 | M57: 6 | N57: 4 | O57: 10 | P57: 9 | Q57: 6 | R57: 14 | S57: 9 | T57: 9 | U57: 12 | V57: 13 | W57: 18 | X57: 12 | Y57: 14 | Z57: 17 | AA57: 11 | AB57: 2 | AC57: 5 | AD57: 3 | AE57: 7 | AF57: 11 | AG57: =SUM(E57:AF57) -> 299
A58: A.2 | B58: 1 | C58: ASRILA DISKA RIMUNDA | E58: 24 | F58: 33 | G58: 46 | H58: 15 | I58: 33 | J58: 8 | K58: 2 | L58: 9 | M58: 2 | N58: 14 | O58: 20 | P58: 5 | Q58: 36 | R58: 22 | S58: 10 | T58: 15 | U58: 23 | V58: 14 | W58: 53 | X58: 32 | Y58: 2 | Z58: 18 | AA58: 18 | AB58: 5 | AC58: 16 | AD58: 33 | AE58: 26 | AF58: 38 | AG58: =SUM(E58:AF58) -> 572
B59: 2 | C59: ANIK MUSYAROFAH | E59: 4 | F59: 4 | G59: 6 | H59: 1 | I59: 5 | J59: 5 | K59: 0 | L59: 2 | M59: 2 | N59: 3 | O59: 5 | P59: 0 | Q59: 2 | R59: 2 | S59: 0 | T59: 1 | U59: 4 | V59: 0 | W59: 2 | X59: 2 | Y59: 4 | Z59: 2 | AA59: 3 | AB59: 1 | AC59: 2 | AD59: 0 | AE59: 3 | AF59: 3 | AG59: =SUM(E59:AF59) -> 68
B60: 3 | C60: JOKO MISBONO | E60: 2 | F60: 3 | G60: 0 | H60: 1 | I60: 1 | J60: 1 | K60: 0 | L60: 1 | M60: 1 | N60: 0 | O60: 2 | P60: 0 | Q60: 0 | R60: 0 | S60: 0 | T60: 0 | U60: 3 | V60: 1 | W60: 1 | X60: 1 | Y60: 1 | Z60: 1 | AA60: 1 | AB60: 0 | AC60: 0 | AD60: 0 | AE60: 1 | AF60: 2 | AG60: =SUM(E60:AF60) -> 24
B61: 4 | C61: REKTO PUSPITASARI | E61: 0 | F61: 0 | G61: 0 | H61: 0 | I61: 0 | J61: 0 | K61: 0 | L61: 0 | M61: 0 | N61: 0 | O61: 2 | P61: 0 | Q61: 0 | R61: 0 | S61: 5 | T61: 1 | U61: 1 | V61: 1 | W61: 0 | X61: 0 | Y61: 1 | Z61: 0 | AA61: 0 | AB61: 0 | AC61: 0 | AD61: 0 | AE61: 1 | AF61: 1 | AG61: =SUM(E61:AF61) -> 13
B62: 5 | C62: AHMAD KHOMSI WAHYUDI | E62: 0 | F62: 0 | G62: 0 | H62: 0 | I62: 0 | J62: 0 | K62: 0 | L62: 0 | M62: 0 | N62: 1 | O62: 1 | P62: 1 | Q62: 0 | R62: 1 | S62: 0 | T62: 0 | U62: 0 | V62: 0 | W62: 0 | X62: 0 | Y62: 0 | Z62: 1 | AA62: 0 | AB62: 0 | AC62: 0 | AD62: 0 | AE62: 0 | AF62: 0 | AG62: =SUM(E62:AF62) -> 5
B63: 6 | C63: ACHI RIZAL FIRDAUS | E63: 0 | F63: 1 | G63: 0 | H63: 0 | I63: 0 | J63: 0 | K63: 0 | L63: 0 | M63: 0 | N63: 0 | O63: 1 | P63: 0 | Q63: 0 | R63: 0 | S63: 0 | T63: 0 | U63: 0 | V63: 0 | W63: 0 | X63: 1 | Y63: 16 | Z63: 0 | AA63: 5 | AB63: 0 | AC63: 0 | AD63: 0 | AE63: 1 | AF63: 0 | AG63: =SUM(E63:AF63) -> 25
AG64: =SUM(E64:AF64) -> 0
AG65: =SUM(E65:AF65) -> 0
AG66: =SUM(E66:AF66) -> 0
A67: B | B67: JUMLAH SUARA SAH PARTAI POLITIK DAN CALON (A1 + A2) | E67: =SUM(E57:E66) -> 55 | F67: =SUM(F57:F66) -> 63 | G67: =SUM(G57:G66) -> 67 | H67: =SUM(H57:H66) -> 26 | I67: =SUM(I57:I66) -> 58 | J67: =SUM(J57:J66) -> 25 | K67: =SUM(K57:K66) -> 6 | L67: =SUM(L57:L66) -> 14 | ... AG67: =SUM(AG57:AG66) -> 1006
A69: A.1 | B69: 3. | C69: Partai Demokrasi Indonesia Perjuangan | E69: 10 | F69: 7 | G69: 2 | H69: 7 | I69: 4 | J69: 6 | K69: 10 | L69: 4 | M69: 3 | N69: 3 | O69: 3 | P69: 6 | Q69: 2 | R69: 2 | S69: 2 | T69: 4 | U69: 6 | V69: 4 | W69: 5 | X69: 8 | Y69: 2 | Z69: 10 | AA69: 5 | AB69: 6 | AC69: 3 | AD69: 1 | AE69: 2 | AF69: 6 | AG69: =SUM(E69:AF69) -> 133
A70: A.2 | B70: 1 | C70: I MADE CAHYANA NEGARA, S.E. | E70: 15 | F70: 8 | G70: 16 | H70: 6 | I70: 8 | J70: 3 | K70: 13 | L70: 1 | M70: 4 | N70: 0 | O70: 0 | P70: 10 | Q70: 3 | R70: 2 | S70: 6 | T70: 6 | U70: 2 | V70: 3 | W70: 2 | X70: 12 | Y70: 0 | Z70: 2 | AA70: 1 | AB70: 3 | AC70: 0 | AD70: 2 | AE70: 7 | AF70: 4 | AG70: =SUM(E70:AF70) -> 139
B71: 2 | C71: AGUS WAHYU PANOTO, S.H. | E71: 0 | F71: 1 | G71: 5 | H71: 3 | I71: 1 | J71: 4 | K71: 1 | L71: 1 | M71: 2 | N71: 2 | O71: 1 | P71: 0 | Q71: 0 | R71: 0 | S71: 0 | T71: 1 | U71: 1 | V71: 0 | W71: 0 | X71: 3 | Y71: 0 | Z71: 1 | AA71: 0 | AB71: 0 | AC71: 1 | AD71: 0 | AE71: 1 | AF71: 4 | AG71: =SUM(E71:AF71) -> 33
B72: 3 | C72: IIS SUMIYATI | E72: 10 | F72: 11 | G72: 10 | H72: 6 | I72: 3 | J72: 4 | K72: 4 | L72: 2 | M72: 4 | N72: 0 | O72: 2 | P72: 1 | Q72: 2 | R72: 0 | S72: 2 | T72: 8 | U72: 8 | V72: 2 | W72: 0 | X72: 4 | Y72: 0 | Z72: 4 | AA72: 3 | AB72: 5 | AC72: 1 | AD72: 0 | AE72: 2 | AF72: 2 | AG72: =SUM(E72:AF72) -> 100
B73: 4 | C73: ACHMAD MUZAMMIL | E73: 1 | F73: 2 | G73: 4 | H73: 0 | I73: 1 | J73: 5 | K73: 0 | L73: 1 | M73: 0 | N73: 0 | O73: 0 | P73: 0 | Q73: 0 | R73: 0 | S73: 0 | T73: 0 | U73: 0 | V73: 0 | W73: 0 | X73: 0 | Y73: 0 | Z73: 0 | AA73: 0 | AB73: 0 | AC73: 0 | AD73: 0 | AE73: 0 | AF73: 1 | AG73: =SUM(E73:AF73) -> 15
B74: 5 | C74: WENDRIAWANTO | E74: 0 | F74: 0 | G74: 0 | H74: 1 | I74: 0 | J74: 0 | K74: 0 | L74: 1 | M74: 0 | N74: 0 | O74: 0 | P74: 7 | Q74: 0 | R74: 0 | S74: 5 | T74: 1 | U74: 1 | V74: 0 | W74: 1 | X74: 4 | Y74: 0 | Z74: 0 | AA74: 0 | AB74: 0 | AC74: 0 | AD74: 0 | AE74: 0 | AF74: 1 | AG74: =SUM(E74:AF74) -> 22
B75: 6 | C75: PUTRI MEGA AYU WIDIARTI | E75: 2 | F75: 3 | G75: 1 | H75: 0 | I75: 0 | J75: 2 | K75: 1 | L75: 2 | M75: 0 | N75: 0 | O75: 3 | P75: 0 | Q75: 0 | R75: 1 | S75: 1 | T75: 2 | U75: 3 | V75: 1 | W75: 2 | X75: 1 | Y75: 3 | Z75: 1 | AA75: 3 | AB75: 3 | AC75: 1 | AD75: 0 | AE75: 0 | AF75: 1 | AG75: =SUM(E75:AF75) -> 37
AG76: =SUM(E76:AF76) -> 0
AG77: =SUM(E77:AF77) -> 0
AG78: =SUM(E78:AF78) -> 0
A79: B | B79: JUMLAH SUARA SAH PARTAI POLITIK DAN CALON (A1 + A2) | E79: =SUM(E69:E78) -> 38 | F79: =SUM(F69:F78) -> 32 | G79: =SUM(G69:G78) -> 38 | H79: =SUM(H69:H78) -> 23 | I79: =SUM(I69:I78) -> 17 | J79: =SUM(J69:J78) -> 24 | K79: =SUM(K69:K78) -> 29 | L79: =SUM(L69:L78) -> 12 | ... AG79: =SUM(AG69:AG78) -> 479
A81: A.1 | B81: 4. | C81: Partai Golongan Karya | E81: 4 | F81: 3 | G81: 1 | H81: 10 | I81: 6 | J81: 5 | K81: 6 | L81: 4 | M81: 6 | N81: 2 | O81: 0 | P81: 6 | Q81: 2 | R81: 0 | S81: 5 | T81: 9 | U81: 2 | V81: 3 | W81: 0 | X81: 3 | Y81: 1 | Z81: 2 | AA81: 0 | AB81: 1 | AC81: 3 | AD81: 4 | AE81: 3 | AF81: 1 | AG81: =SUM(E81:AF81) -> 92
A82: A.2 | B82: 1 | C82: UMI KULSUM, S.H. | E82: 3 | F82: 2 | G82: 0 | H82: 4 | I82: 15 | J82: 8 | K82: 0 | L82: 1 | M82: 2 | N82: 0 | O82: 0 | P82: 2 | Q82: 1 | R82: 0 | S82: 0 | T82: 1 | U82: 3 | V82: 3 | W82: 0 | X82: 1 | Y82: 10 | Z82: 2 | AA82: 0 | AB82: 1 | AC82: 79 | AD82: 1 | AE82: 11 | AF82: 0 | AG82: =SUM(E82:AF82) -> 150
B83: 2 | C83: SONNY PRAKOSO INDRA, S.E. | E83: 1 | F83: 24 | G83: 28 | H83: 114 | I83: 16 | J83: 58 | K83: 80 | L83: 79 | M83: 4 | N83: 13 | O83: 3 | P83: 2 | Q83: 5 | R83: 0 | S83: 0 | T83: 33 | U83: 20 | V83: 8 | W83: 2 | X83: 1 | Y83: 2 | Z83: 10 | AA83: 0 | AB83: 1 | AC83: 0 | AD83: 0 | AE83: 0 | AF83: 9 | AG83: =SUM(E83:AF83) -> 513
B84: 3 | C84: ERJUNA SITI FATIMAH | E84: 0 | F84: 0 | G84: 0 | H84: 0 | I84: 0 | J84: 0 | K84: 1 | L84: 0 | M84: 0 | N84: 0 | O84: 0 | P84: 0 | Q84: 0 | R84: 0 | S84: 0 | T84: 0 | U84: 0 | V84: 0 | W84: 1 | X84: 0 | Y84: 0 | Z84: 0 | AA84: 0 | AB84: 0 | AC84: 0 | AD84: 0 | AE84: 0 | AF84: 0 | AG84: =SUM(E84:AF84) -> 2
B85: 4 | C85: SITI MARIYAM | E85: 1 | F85: 1 | G85: 4 | H85: 4 | I85: 1 | J85: 4 | K85: 0 | L85: 0 | M85: 0 | N85: 0 | O85: 0 | P85: 0 | Q85: 4 | R85: 3 | S85: 0 | T85: 0 | U85: 0 | V85: 0 | W85: 0 | X85: 0 | Y85: 0 | Z85: 1 | AA85: 0 | AB85: 0 | AC85: 0 | AD85: 0 | AE85: 0 | AF85: 1 | AG85: =SUM(E85:AF85) -> 24
B86: 5 | C86: HERU SUKARNO, S.H. | E86: 0 | F86: 0 | G86: 0 | H86: 0 | I86: 0 | J86: 0 | K86: 0 | L86: 0 | M86: 0 | N86: 0 | O86: 0 | P86: 0 | Q86: 0 | R86: 0 | S86: 0 | T86: 1 | U86: 0 | V86: 0 | W86: 0 | X86: 0 | Y86: 0 | Z86: 1 | AA86: 0 | AB86: 0 | AC86: 0 | AD86: 0 | AE86: 0 | AF86: 0 | AG86: =SUM(E86:AF86) -> 2
B87: 6 | C87: AHMAD MUZAYYIN | E87: 0 | F87: 0 | G87: 0 | H87: 0 | I87: 0 | J87: 0 | K87: 0 | L87: 0 | M87: 1 | N87: 0 | O87: 0 | P87: 0 | Q87: 0 | R87: 0 | S87: 0 | T87: 0 | U87: 0 | V87: 0 | W87: 0 | X87: 0 | Y87: 1 | Z87: 0 | AA87: 0 | AB87: 0 | AC87: 0 | AD87: 0 | AE87: 0 | AF87: 0 | AG87: =SUM(E87:AF87) -> 2
AG88: =SUM(E88:AF88) -> 0
AG89: =SUM(E89:AF89) -> 0
AG90: =SUM(E90:AF90) -> 0
A91: B | B91: JUMLAH SUARA SAH PARTAI POLITIK DAN CALON (A1 + A2) | E91: =SUM(E81:E90) -> 9 | F91: =SUM(F81:F90) -> 30 | G91: =SUM(G81:G90) -> 33 | H91: =SUM(H81:H90) -> 132 | I91: =SUM(I81:I90) -> 38 | J91: =SUM(J81:J90) -> 75 | K91: =SUM(K81:K90) -> 87 | L91: =SUM(L81:L90) -> 84 | ... AG91: =SUM(AG81:AG90) -> 785
A93: A.1 | B93: 5. | C93: Partai NasDem | E93: 0 | F93: 0 | G93: 0 | H93: 0 | I93: 0 | J93: 2 | K93: 1 | L93: 1 | M93: 0 | N93: 0 | O93: 0 | P93: 4 | Q93: 1 | R93: 0 | S93: 0 | T93: 1 | U93: 0 | V93: 2 | W93: 1 | X93: 1 | Y93: 3 | Z93: 4 | AA93: 3 | AB93: 5 | AC93: 0 | AD93: 1 | AE93: 0 | AF93: 0 | AG93: =SUM(E93:AF93) -> 30
A94: A.2 | B94: 1 | C94: DRS. MOH. PADIL | E94: 0 | F94: 0 | G94: 0 | H94: 0 | I94: 2 | J94: 1 | K94: 0 | L94: 2 | M94: 1 | N94: 0 | O94: 0 | P94: 0 | Q94: 0 | R94: 0 | S94: 0 | T94: 0 | U94: 2 | V94: 0 | W94: 0 | X94: 2 | Y94: 0 | Z94: 1 | AA94: 0 | AB94: 1 | AC94: 2 | AD94: 0 | AE94: 3 | AF94: 0 | AG94: =SUM(E94:AF94) -> 17
B95: 2 | C95: ALEX WIJAYA KUSUMA | E95: 0 | F95: 0 | G95: 0 | H95: 0 | I95: 0 | J95: 0 | K95: 1 | L95: 1 | M95: 0 | N95: 0 | O95: 0 | P95: 0 | Q95: 0 | R95: 1 | S95: 1 | T95: 0 | U95: 0 | V95: 0 | W95: 0 | X95: 0 | Y95: 2 | Z95: 1 | AA95: 1 | AB95: 1 | AC95: 0 | AD95: 0 | AE95: 0 | AF95: 0 | AG95: =SUM(E95:AF95) -> 9
B96: 3 | C96: DANY FARDA MIHMDIAT | E96: 0 | F96: 0 | G96: 0 | H96: 1 | I96: 0 | J96: 0 | K96: 0 | L96: 0 | M96: 0 | N96: 0 | O96: 0 | P96: 1 | Q96: 0 | R96: 0 | S96: 0 | T96: 0 | U96: 1 | V96: 0 | W96: 0 | X96: 0 | Y96: 0 | Z96: 0 | AA96: 0 | AB96: 0 | AC96: 0 | AD96: 0 | AE96: 0 | AF96: 0 | AG96: =SUM(E96:AF96) -> 3
B97: 4 | C97: UNTUNG AL AKBAR | E97: 2 | F97: 2 | G97: 3 | H97: 3 | I97: 5 | J97: 4 | K97: 4 | L97: 2 | M97: 1 | N97: 0 | O97: 17 | P97: 6 | Q97: 1 | R97: 4 | S97: 3 | T97: 0 | U97: 8 | V97: 9 | W97: 18 | X97: 8 | Y97: 0 | Z97: 1 | AA97: 0 | AB97: 0 | AC97: 0 | AD97: 26 | AE97: 1 | AF97: 0 | AG97: =SUM(E97:AF97) -> 128
B98: 5 | C98: SETYO PONCO UTOMO | E98: 1 | F98: 0 | G98: 0 | H98: 0 | I98: 0 | J98: 0 | K98: 0 | L98: 0 | M98: 0 | N98: 0 | O98: 2 | P98: 2 | Q98: 0 | R98: 1 | S98: 0 | T98: 0 | U98: 0 | V98: 0 | W98: 0 | X98: 2 | Y98: 2 | Z98: 0 | AA98: 0 | AB98: 1 | AC98: 2 | AD98: 0 | AE98: 0 | AF98: 0 | AG98: =SUM(E98:AF98) -> 13
B99: 6 | C99: LIA ALYSTIA NINGRUM, S.PD. | E99: 9 | F99: 1 | G99: 0 | H99: 0 | I99: 0 | J99: 5 | K99: 0 | L99: 6 | M99: 0 | N99: 0 | O99: 0 | P99: 2 | Q99: 0 | R99: 19 | S99: 10 | T99: 10 | U99: 7 | V99: 13 | W99: 2 | X99: 10 | Y99: 76 | Z99: 23 | AA99: 65 | AB99: 98 | AC99: 37 | AD99: 14 | AE99: 12 | AF99: 0 | AG99: =SUM(E99:AF99) -> 419
AG100: =SUM(E100:AF100) -> 0
AG101: =SUM(E101:AF101) -> 0
AG102: =SUM(E102:AF102) -> 0
A103: B | B103: JUMLAH SUARA SAH PARTAI POLITIK DAN CALON (A1 + A2) | E103: =SUM(E93:E102) -> 12 | F103: =SUM(F93:F102) -> 3 | G103: =SUM(G93:G102) -> 3 | H103: =SUM(H93:H102) -> 4 | I103: =SUM(I93:I102) -> 7 | J103: =SUM(J93:J102) -> 12 | K103: =SUM(K93:K102) -> 6 | L103: =SUM(L93:L102) -> 12 | ... AG103: =SUM(AG93:AG102) -> 619
A105: A.1 | B105: 6. | C105: Partai Buruh | E105: 1 | F105: 0 | G105: 0 | H105: 0 | I105: 0 | J105: 1 | K105: 0 | L105: 0 | M105: 0 | N105: 0 | O105: 1 | P105: 0 | Q105: 0 | R105: 0 | S105: 0 | T105: 1 | U105: 1 | V105: 5 | W105: 0 | X105: 0 | Y105: 8 | Z105: 2 | AA105: 5 | AB105: 2 | AC105: 3 | AD105: 1 | AE105: 0 | AF105: 1 | AG105: =SUM(E105:AF105) -> 32
A106: A.2 | AG106: =SUM(E106:AF106) -> 0
AG107: =SUM(E107:AF107) -> 0
AG108: =SUM(E108:AF108) -> 0
AG109: =SUM(E109:AF109) -> 0
AG110: =SUM(E110:AF110) -> 0
AG111: =SUM(E111:AF111) -> 0
AG112: =SUM(E112:AF112) -> 0
AG113: =SUM(E113:AF113) -> 0
AG114: =SUM(E114:AF114) -> 0
A115: B | B115: JUMLAH SUARA SAH PARTAI POLITIK DAN CALON (A1 + A2) | E115: =SUM(E105:E114) -> 1 | F115: =SUM(F105:F114) -> 0 | G115: =SUM(G105:G114) -> 0 | H115: =SUM(H105:H114) -> 0 | I115: =SUM(I105:I114) -> 0 | J115: =SUM(J105:J114) -> 1 | K115: =SUM(K105:K114) -> 0 | L115: =SUM(L105:L114) -> 0 | ... AG115: =SUM(AG105:AG114) -> 32
A117: A.1 | B117: 7. | C117: Partai Gelombang Rakyat Indonesia | E117: 1 | F117: 1 | G117: 0 | H117: 0 | I117: 0 | J117: 0 | K117: 0 | L117: 0 | M117: 0 | N117: 0 | O117: 0 | P117: 0 | Q117: 0 | R117: 0 | S117: 0 | T117: 0 | U117: 0 | V117: 0 | W117: 0 | X117: 0 | Y117: 0 | Z117: 1 | AA117: 1 | AB117: 1 | AC117: 0 | AD117: 0 | AE117: 0 | AF117: 0 | AG117: =SUM(E117:AF117) -> 5
...

Sheet WONGSOREJO
C2: Kecamatan | D2: WONGSOREJO
C3: Kabupaten | D3: BANYUWANGI
C4: Provinsi | D4: JAWA TIMUR
C9: Kelurahan | D9: WONGSOREJO
A12: I | B12: DATA PEMILIH DAN PENGGUNAAN HAK PILIH | AM12: JUMLAH AKHIR
A13: A | B13: DATA PEMILIH | E13: TPS 001 | F13: TPS 002 | G13: TPS 003 | H13: TPS 004 | I13: TPS 005 | J13: TPS 006 | K13: TPS 007 | L13: TPS 008 | M13: TPS 009 | N13: TPS 010 | O13: TPS 011 | P13: TPS 012 | Q13: TPS 013 | R13: TPS 014 | S13: TPS 015 | T13: TPS 016 | U13: TPS 017 | V13: TPS 018 | W13: TPS 019 | X13: TPS 020 | Y13: TPS 021 | Z13: TPS 022 | AA13: TPS 023 | AB13: TPS 024 | AC13: TPS 025 | AD13: TPS 026 | AE13: TPS 027 | AF13: TPS 028 | AG13: TPS 029 | AH13: TPS 030 | AI13: TPS 031 | AJ13: TPS 032 | AK13: TPS 033 | AL13: TPS 034
B14: Jumlah Pemilih dalam Daftar Pemilih Tetap (DPT) | D14: LK | E14: 119 | F14: 124 | G14: 138 | H14: 131 | I14: 132 | J14: 132 | K14: 122 | L14: 113 | M14: 135 | N14: 124 | O14: 121 | P14: 123 | Q14: 132 | R14: 132 | S14: 144 | T14: 130 | U14: 123 | V14: 132 | W14: 120 | X14: 125 | Y14: 90 | Z14: 116 | AA14: 127 | AB14: 120 | AC14: 118 | AD14: 139 | AE14: 119 | AF14: 114 | AG14: 137 | AH14: 116 | AI14: 141 | AJ14: 117 | AK14: 101 | AL14: 106 | AM14: =SUM(E14:AL14) -> 4213
D15: PR | E15: 124 | F15: 149 | G15: 136 | H15: 131 | I15: 132 | J15: 139 | K15: 148 | L15: 115 | M15: 134 | N15: 119 | O15: 130 | P15: 131 | Q15: 138 | R15: 128 | S15: 142 | T15: 134 | U15: 125 | V15: 146 | W15: 131 | X15: 124 | Y15: 107 | Z15: 146 | AA15: 142 | AB15: 138 | AC15: 130 | AD15: 138 | AE15: 122 | AF15: 115 | AG15: 138 | AH15: 110 | AI15: 135 | AJ15: 115 | AK15: 111 | AL15: 101 | AM15: =SUM(E15:AL15) -> 4404
D16: JML | E16: =SUM(E14:E15) -> 243 | F16: =SUM(F14:F15) -> 273 | G16: =SUM(G14:G15) -> 274 | H16: =SUM(H14:H15) -> 262 | I16: =SUM(I14:I15) -> 264 | J16: =SUM(J14:J15) -> 271 | K16: =SUM(K14:K15) -> 270 | L16: =SUM(L14:L15) -> 228 | ... AL16: =SUM(AL14:AL15) -> 207 | AM16: =SUM(E16:AL16) -> 8617
A18: B | B18: PENGGUNA HAK PILIH
B19: 1. | C19: Jumlah pengguna hak pilih dalam Daftar Pemilih Tetap (DPT) | D19: LK | E19: 82 | F19: 86 | G19: 111 | H19: 92 | I19: 98 | J19: 93 | K19: 94 | L19: 90 | M19: 94 | N19: 97 | O19: 90 | P19: 97 | Q19: 109 | R19: 97 | S19: 118 | T19: 100 | U19: 89 | V19: 105 | W19: 81 | X19: 88 | Y19: 58 | Z19: 85 | AA19: 99 | AB19: 105 | AC19: 88 | AD19: 100 | AE19: 83 | AF19: 89 | AG19: 96 | AH19: 81 | AI19: 92 | AJ19: 103 | AK19: 74 | AL19: 79 | AM19: =SUM(E19:AL19) -> 3143
D20: PR | E20: 93 | F20: 102 | G20: 111 | H20: 123 | I20: 112 | J20: 118 | K20: 117 | L20: 96 | M20: 107 | N20: 100 | O20: 102 | P20: 102 | Q20: 118 | R20: 106 | S20: 121 | T20: 106 | U20: 93 | V20: 116 | W20: 94 | X20: 91 | Y20: 79 | Z20: 109 | AA20: 105 | AB20: 118 | AC20: 99 | AD20: 113 | AE20: 84 | AF20: 87 | AG20: 109 | AH20: 76 | AI20: 80 | AJ20: 100 | AK20: 83 | AL20: 73 | AM20: =SUM(E20:AL20) -> 3443
D21: JML | E21: =SUM(E19:E20) -> 175 | F21: =SUM(F19:F20) -> 188 | G21: =SUM(G19:G20) -> 222 | H21: =SUM(H19:H20) -> 215 | I21: =SUM(I19:I20) -> 210 | J21: =SUM(J19:J20) -> 211 | K21: =SUM(K19:K20) -> 211 | L21: =SUM(L19:L20) -> 186 | ... AL21: =SUM(AL19:AL20) -> 152 | AM21: =SUM(E21:AL21) -> 6586
B22: 2. | C22: Jumlah pengguna hak pilih dalam Daftar Pemilih Tambahan (DPTb) | D22: LK | E22: 0 | F22: 0 | G22: 0 | H22: 0 | I22: 0 | J22: 0 | K22: 0 | L22: 0 | M22: 0 | N22: 0 | O22: 0 | P22: 1 | Q22: 0 | R22: 0 | S22: 0 | T22: 0 | U22: 0 | V22: 0 | W22: 0 | X22: 0 | Y22: 0 | Z22: 0 | AA22: 0 | AB22: 0 | AC22: 0 | AD22: 0 | AE22: 1 | AF22: 1 | AG22: 4 | AH22: 3 | AI22: 0 | AJ22: 1 | AK22: 4 | AL22: 0 | AM22: =SUM(E22:AL22) -> 15
D23: PR | E23: 0 | F23: 0 | G23: 0 | H23: 0 | I23: 0 | J23: 0 | K23: 0 | L23: 0 | M23: 0 | N23: 1 | O23: 0 | P23: 1 | Q23: 0 | R23: 0 | S23: 0 | T23: 0 | U23: 0 | V23: 0 | W23: 0 | X23: 0 | Y23: 0 | Z23: 1 | AA23: 1 | AB23: 0 | AC23: 1 | AD23: 1 | AE23: 2 | AF23: 0 | AG23: 0 | AH23: 2 | AI23: 0 | AJ23: 0 | AK23: 1 | AL23: 0 | AM23: =SUM(E23:AL23) -> 11
D24: JML | E24: =SUM(E22:E23) -> 0 | F24: =SUM(F22:F23) -> 0 | G24: =SUM(G22:G23) -> 0 | H24: =SUM(H22:H23) -> 0 | I24: =SUM(I22:I23) -> 0 | J24: =SUM(J22:J23) -> 0 | K24: =SUM(K22:K23) -> 0 | L24: =SUM(L22:L23) -> 0 | ... AL24: =SUM(AL22:AL23) -> 0 | AM24: =SUM(E24:AL24) -> 26
B25: 3. | C25: Jumlah pengguna hak pilih dalam Daftar Pemilih Khusus (DPK) | D25: LK | E25: 1 | F25: 2 | G25: 0 | H25: 5 | I25: 0 | J25: 0 | K25: 0 | L25: 0 | M25: 0 | N25: 0 | O25: 0 | P25: 2 | Q25: 0 | R25: 0 | S25: 0 | T25: 0 | U25: 0 | V25: 1 | W25: 0 | X25: 1 | Y25: 0 | Z25: 1 | AA25: 1 | AB25: 2 | AC25: 3 | AD25: 1 | AE25: 0 | AF25: 0 | AG25: 1 | AH25: 0 | AI25: 4 | AJ25: 1 | AK25: 0 | AL25: 0 | AM25: =SUM(E25:AL25) -> 26
D26: PR | E26: 2 | F26: 1 | G26: 0 | H26: 4 | I26: 0 | J26: 3 | K26: 0 | L26: 0 | M26: 0 | N26: 0 | O26: 0 | P26: 0 | Q26: 0 | R26: 0 | S26: 0 | T26: 0 | U26: 0 | V26: 3 | W26: 0 | X26: 2 | Y26: 1 | Z26: 1 | AA26: 1 | AB26: 1 | AC26: 1 | AD26: 3 | AE26: 0 | AF26: 0 | AG26: 1 | AH26: 0 | AI26: 2 | AJ26: 1 | AK26: 0 | AL26: 0 | AM26: =SUM(E26:AL26) -> 27
D27: JML | E27: =SUM(E25:E26) -> 3 | F27: =SUM(F25:F26) -> 3 | G27: =SUM(G25:G26) -> 0 | H27: =SUM(H25:H26) -> 9 | I27: =SUM(I25:I26) -> 0 | J27: =SUM(J25:J26) -> 3 | K27: =SUM(K25:K26) -> 0 | L27: =SUM(L25:L26) -> 0 | ... AL27: =SUM(AL25:AL26) -> 0 | AM27: =SUM(E27:AL27) -> 53
B28: 4. | C28: Jumlah Pengguna Hak Pilih (B.1+B.2+B.3) | D28: LK | E28: =SUM(E19,E22,E25) -> 83 | F28: =SUM(F19,F22,F25) -> 88 | G28: =SUM(G19,G22,G25) -> 111 | H28: =SUM(H19,H22,H25) -> 97 | I28: =SUM(I19,I22,I25) -> 98 | J28: =SUM(J19,J22,J25) -> 93 | K28: =SUM(K19,K22,K25) -> 94 | L28: =SUM(L19,L22,L25) -> 90 | ... AL28: =SUM(AL19,AL22,AL25) -> 79 | AM28: =SUM(E28:AL28) -> 3184
D29: PR | E29: =SUM(E20,E23,E26) -> 95 | F29: =SUM(F20,F23,F26) -> 103 | G29: =SUM(G20,G23,G26) -> 111 | H29: =SUM(H20,H23,H26) -> 127 | I29: =SUM(I20,I23,I26) -> 112 | J29: =SUM(J20,J23,J26) -> 121 | K29: =SUM(K20,K23,K26) -> 117 | L29: =SUM(L20,L23,L26) -> 96 | ... AL29: =SUM(AL20,AL23,AL26) -> 73 | AM29: =SUM(E29:AL29) -> 3481
D30: JML | E30: =SUM(E28:E29) -> 178 | F30: =SUM(F28:F29) -> 191 | G30: =SUM(G28:G29) -> 222 | H30: =SUM(H28:H29) -> 224 | I30: =SUM(I28:I29) -> 210 | J30: =SUM(J28:J29) -> 214 | K30: =SUM(K28:K29) -> 211 | L30: =SUM(L28:L29) -> 186 | ... AL30: =SUM(AL28:AL29) -> 152 | AM30: =SUM(E30:AL30) -> 6665
A32: II | B32: DATA PENGGUNAAN SURAT SUARA
A33: 1 | B33: Jumlah surat suara yang diterima, termasuk surat suara cadangan 2,5% dari DPT | E33: 248 | F33: 279 | G33: 280 | H33: 264 | I33: 270 | J33: 277 | K33: 276 | L33: 233 | M33: 275 | N33: 248 | O33: 257 | P33: 260 | Q33: 276 | R33: 266 | S33: 292 | T33: 270 | U33: 253 | V33: 284 | W33: 257 | X33: 254 | Y33: 197 | Z33: 268 | AA33: 275 | AB33: 264 | AC33: 253 | AD33: 283 | AE33: 246 | AF33: 234 | AG33: 281 | AH33: 231 | AI33: 282 | AJ33: 237 | AK33: 217 | AL33: 212 | AM33: =SUM(E33:AL33) -> 8799
A34: 2 | B34: Jumlah surat suara yang digunakan | E34: 178 | F34: 191 | G34: 222 | H34: 224 | I34: 210 | J34: 214 | K34: 211 | L34: 186 | M34: 201 | N34: 198 | O34: 192 | P34: 203 | Q34: 227 | R34: 203 | S34: 239 | T34: 206 | U34: 182 | V34: 225 | W34: 175 | X34: 182 | Y34: 138 | Z34: 197 | AA34: 207 | AB34: 226 | AC34: 192 | AD34: 218 | AE34: 170 | AF34: 177 | AG34: 211 | AH34: 162 | AI34: 178 | AJ34: 206 | AK34: 162 | AL34: 152 | AM34: =SUM(E34:AL34) -> 6665
A35: 3 | B35: Jumlah surat suara dikembalikan oleh pemilih (karena rusak atau keliru coblos) | E35: 2 | F35: 2 | G35: 2 | H35: 0 | I35: 1 | J35: 1 | K35: 0 | L35: 0 | M35: 0 | N35: 0 | O35: 0 | P35: 0 | Q35: 0 | R35: 0 | S35: 0 | T35: 0 | U35: 7 | V35: 2 | W35: 1 | X35: 0 | Y35: 0 | Z35: 0 | AA35: 1 | AB35: 0 | AC35: 0 | AD35: 0 | AE35: 0 | AF35: 0 | AG35: 0 | AH35: 0 | AI35: 0 | AJ35: 0 | AK35: 0 | AL35: 0 | AM35: =SUM(E35:AL35) -> 19
A36: 4 | B36: Jumlah surat suara yang tidak digunakan/tidak terpakai, termasuk sisa surat suara cadangan | E36: =E33-(E34+E35) -> 68 | F36: =F33-(F34+F35) -> 86 | G36: =G33-(G34+G35) -> 56 | H36: =H33-(H34+H35) -> 40 | I36: =I33-(I34+I35) -> 59 | J36: =J33-(J34+J35) -> 62 | K36: =K33-(K34+K35) -> 65 | L36: =L33-(L34+L35) -> 47 | ... AL36: =AL33-(AL34+AL35) -> 60 | AM36: =SUM(E36:AL36) -> 2115
A38: III | B38: DATA PEMILIH DISABILITAS
B39: Jumlah seluruh Pemilih disabilitas yang menggunakan hak pilih | D39: LK | E39: 0 | F39: 0 | G39: 0 | H39: 2 | I39: 0 | J39: 0 | K39: 0 | L39: 0 | M39: 0 | N39: 0 | O39: 0 | P39: 0 | Q39: 0 | R39: 0 | S39: 0 | T39: 0 | U39: 0 | V39: 0 | W39: 0 | X39: 0 | Y39: 0 | Z39: 0 | AA39: 0 | AB39: 0 | AC39: 0 | AD39: 0 | AE39: 0 | AF39: 0 | AG39: 0 | AH39: 0 | AI39: 0 | AJ39: 0 | AK39: 0 | AL39: 0 | AM39: =SUM(E39:AL39) -> 2
D40: PR | E40: 0 | F40: 0 | G40: 0 | H40: 0 | I40: 0 | J40: 0 | K40: 0 | L40: 0 | M40: 0 | N40: 0 | O40: 0 | P40: 0 | Q40: 0 | R40: 0 | S40: 0 | T40: 0 | U40: 0 | V40: 0 | W40: 0 | X40: 0 | Y40: 0 | Z40: 0 | AA40: 1 | AB40: 0 | AC40: 0 | AD40: 0 | AE40: 0 | AF40: 0 | AG40: 1 | AH40: 0 | AI40: 0 | AJ40: 0 | AK40: 0 | AL40: 0 | AM40: =SUM(E40:AL40) -> 2
D41: JML | E41: =SUM(E39:E40) -> 0 | F41: =SUM(F39:F40) -> 0 | G41: =SUM(G39:G40) -> 0 | H41: =SUM(H39:H40) -> 2 | I41: =SUM(I39:I40) -> 0 | J41: =SUM(J39:J40) -> 0 | K41: =SUM(K39:K40) -> 0 | L41: =SUM(L39:L40) -> 0 | ... AL41: =SUM(AL39:AL40) -> 0 | AM41: =SUM(E41:AL41) -> 4
A43: IV | B43: DATA RINCIAN PEROLEHAN SUARA PASANGAN CALON BUPATI DAN WAKIL BUPATI
A44: NOMOR DAN NAMA CALON
A45: A.1 | B45: 1. | C45: Partai Kebangkitan Bangsa | E45: 18 | F45: 8 | G45: 3 | H45: 11 | I45: 7 | J45: 3 | K45: 2 | L45: 15 | M45: 3 | N45: 14 | O45: 13 | P45: 15 | Q45: 7 | R45: 12 | S45: 7 | T45: 9 | U45: 8 | V45: 5 | W45: 4 | X45: 13 | Y45: 7 | Z45: 8 | AA45: 11 | AB45: 5 | AC45: 5 | AD45: 5 | AE45: 14 | AF45: 8 | AG45: 19 | AH45: 16 | AI45: 10 | AJ45: 1 | AK45: 4 | AL45: 5 | AM45: =SUM(E45:AL45) -> 295
A46: A.2 | B46: 1 | C46: HJ. SITI MAKHROCHATIN NI’MAH, S.PD., M.M. | E46: 6 | F46: 6 | G46: 6 | H46: 7 | I46: 3 | J46: 0 | K46: 3 | L46: 2 | M46: 3 | N46: 4 | O46: 9 | P46: 3 | Q46: 8 | R46: 5 | S46: 2 | T46: 2 | U46: 4 | V46: 4 | W46: 3 | X46: 6 | Y46: 4 | Z46: 6 | AA46: 7 | AB46: 1 | AC46: 2 | AD46: 5 | AE46: 17 | AF46: 3 | AG46: 6 | AH46: 8 | AI46: 3 | AJ46: 5 | AK46: 2 | AL46: 1 | AM46: =SUM(E46:AL46) -> 156
B47: 2 | C47: A. TAUFIK | E47: 36 | F47: 39 | G47: 37 | H47: 54 | I47: 45 | J47: 39 | K47: 37 | L47: 33 | M47: 37 | N47: 31 | O47: 22 | P47: 57 | Q47: 32 | R47: 16 | S47: 21 | T47: 38 | U47: 48 | V47: 46 | W47: 28 | X47: 31 | Y47: 25 | Z47: 35 | AA47: 68 | AB47: 132 | AC47: 101 | AD47: 55 | AE47: 33 | AF47: 59 | AG47: 72 | AH47: 34 | AI47: 23 | AJ47: 59 | AK47: 15 | AL47: 23 | AM47: =SUM(E47:AL47) -> 1461
B48: 3 | C48: KHOIRUL FAHMI ISKANDAR, S.PD | E48: 3 | F48: 1 | G48: 0 | H48: 2 | I48: 0 | J48: 1 | K48: 0 | L48: 0 | M48: 2 | N48: 1 | O48: 0 | P48: 0 | Q48: 0 | R48: 1 | S48: 0 | T48: 0 | U48: 0 | V48: 0 | W48: 0 | X48: 0 | Y48: 1 | Z48: 0 | AA48: 0 | AB48: 0 | AC48: 0 | AD48: 0 | AE48: 1 | AF48: 0 | AG48: 0 | AH48: 0 | AI48: 0 | AJ48: 0 | AK48: 0 | AL48: 0 | AM48: =SUM(E48:AL48) -> 13
B49: 4 | C49: AKHMAD, S.PD., M.M. | E49: 0 | F49: 2 | G49: 9 | H49: 2 | I49: 2 | J49: 0 | K49: 0 | L49: 1 | M49: 3 | N49: 1 | O49: 0 | P49: 3 | Q49: 0 | R49: 0 | S49: 1 | T49: 0 | U49: 5 | V49: 3 | W49: 0 | X49: 2 | Y49: 0 | Z49: 0 | AA49: 1 | AB49: 0 | AC49: 0 | AD49: 0 | AE49: 2 | AF49: 0 | AG49: 0 | AH49: 0 | AI49: 1 | AJ49: 0 | AK49: 2 | AL49: 1 | AM49: =SUM(E49:AL49) -> 41
B50: 5 | C50: SOFI WULANDARI, S.H. | E50: 0 | F50: 0 | G50: 0 | H50: 1 | I50: 0 | J50: 0 | K50: 0 | L50: 0 | M50: 0 | N50: 0 | O50: 0 | P50: 0 | Q50: 0 | R50: 1 | S50: 0 | T50: 1 | U50: 0 | V50: 0 | W50: 0 | X50: 0 | Y50: 0 | Z50: 0 | AA50: 0 | AB50: 0 | AC50: 0 | AD50: 0 | AE50: 0 | AF50: 0 | AG50: 0 | AH50: 0 | AI50: 0 | AJ50: 0 | AK50: 0 | AL50: 0 | AM50: =SUM(E50:AL50) -> 3
B51: 6 | C51: AL MA’ARIF | E51: 0 | F51: 0 | G51: 0 | H51: 1 | I51: 0 | J51: 0 | K51: 0 | L51: 0 | M51: 0 | N51: 0 | O51: 0 | P51: 0 | Q51: 0 | R51: 0 | S51: 0 | T51: 0 | U51: 0 | V51: 0 | W51: 0 | X51: 0 | Y51: 0 | Z51: 0 | AA51: 0 | AB51: 0 | AC51: 0 | AD51: 0 | AE51: 0 | AF51: 0 | AG51: 0 | AH51: 0 | AI51: 0 | AJ51: 0 | AK51: 1 | AL51: 0 | AM51: =SUM(E51:AL51) -> 2
AM52: =SUM(E52:AL52) -> 0
AM53: =SUM(E53:AL53) -> 0
AM54: =SUM(E54:AL54) -> 0
A55: B | B55: JUMLAH SUARA SAH PARTAI POLITIK DAN CALON (A1 + A2) | E55: =SUM(E45:E54) -> 63 | F55: =SUM(F45:F54) -> 56 | G55: =SUM(G45:G54) -> 55 | H55: =SUM(H45:H54) -> 78 | I55: =SUM(I45:I54) -> 57 | J55: =SUM(J45:J54) -> 43 | K55: =SUM(K45:K54) -> 42 | L55: =SUM(L45:L54) -> 51 | ... AM55: =SUM(AM45:AM54) -> 1971
A57: A.1 | B57: 2. | C57: Partai Gerakan Indonesia Raya | E57: 16 | F57: 9 | G57: 10 | H57: 10 | I57: 8 | J57: 4 | K57: 8 | L57: 7 | M57: 5 | N57: 4 | O57: 6 | P57: 16 | Q57: 13 | R57: 15 | S57: 5 | T57: 6 | U57: 11 | V57: 14 | W57: 6 | X57: 8 | Y57: 12 | Z57: 14 | AA57: 6 | AB57: 2 | AC57: 6 | AD57: 6 | AE57: 12 | AF57: 8 | AG57: 18 | AH57: 25 | AI57: 27 | AJ57: 8 | AK57: 10 | AL57: 6 | AM57: =SUM(E57:AL57) -> 341
A58: A.2 | B58: 1 | C58: ASRILA DISKA RIMUNDA | E58: 24 | F58: 22 | G58: 20 | H58: 15 | I58: 25 | J58: 42 | K58: 49 | L58: 33 | M58: 18 | N58: 12 | O58: 19 | P58: 21 | Q58: 28 | R58: 9 | S58: 30 | T58: 21 | U58: 38 | V58: 34 | W58: 23 | X58: 23 | Y58: 25 | Z58: 36 | AA58: 13 | AB58: 18 | AC58: 17 | AD58: 31 | AE58: 10 | AF58: 23 | AG58: 18 | AH58: 25 | AI58: 15 | AJ58: 77 | AK58: 32 | AL58: 9 | AM58: =SUM(E58:AL58) -> 855
B59: 2 | C59: ANIK MUSYAROFAH | E59: 2 | F59: 2 | G59: 0 | H59: 3 | I59: 4 | J59: 0 | K59: 3 | L59: 0 | M59: 3 | N59: 1 | O59: 0 | P59: 1 | Q59: 4 | R59: 1 | S59: 1 | T59: 8 | U59: 4 | V59: 8 | W59: 3 | X59: 0 | Y59: 1 | Z59: 14 | AA59: 5 | AB59: 0 | AC59: 0 | AD59: 1 | AE59: 1 | AF59: 5 | AG59: 6 | AH59: 2 | AI59: 4 | AJ59: 2 | AK59: 3 | AL59: 1 | AM59: =SUM(E59:AL59) -> 93
B60: 3 | C60: JOKO MISBONO | E60: 1 | F60: 0 | G60: 1 | H60: 0 | I60: 0 | J60: 0 | K60: 0 | L60: 0 | M60: 1 | N60: 4 | O60: 0 | P60: 0 | Q60: 1 | R60: 1 | S60: 1 | T60: 0 | U60: 1 | V60: 0 | W60: 1 | X60: 2 | Y60: 0 | Z60: 0 | AA60: 1 | AB60: 0 | AC60: 0 | AD60: 0 | AE60: 2 | AF60: 0 | AG60: 2 | AH60: 1 | AI60: 4 | AJ60: 0 | AK60: 0 | AL60: 1 | AM60: =SUM(E60:AL60) -> 25
B61: 4 | C61: REKTO PUSPITASARI | E61: 0 | F61: 0 | G61: 0 | H61: 0 | I61: 0 | J61: 0 | K61: 0 | L61: 1 | M61: 0 | N61: 0 | O61: 0 | P61: 0 | Q61: 0 | R61: 0 | S61: 0 | T61: 0 | U61: 0 | V61: 0 | W61: 1 | X61: 1 | Y61: 0 | Z61: 0 | AA61: 0 | AB61: 0 | AC61: 0 | AD61: 0 | AE61: 1 | AF61: 0 | AG61: 0 | AH61: 0 | AI61: 2 | AJ61: 0 | AK61: 1 | AL61: 0 | AM61: =SUM(E61:AL61) -> 7
B62: 5 | C62: AHMAD KHOMSI WAHYUDI | E62: 0 | F62: 0 | G62: 1 | H62: 0 | I62: 2 | J62: 0 | K62: 0 | L62: 0 | M62: 0 | N62: 0 | O62: 0 | P62: 1 | Q62: 0 | R62: 0 | S62: 0 | T62: 1 | U62: 0 | V62: 0 | W62: 1 | X62: 0 | Y62: 1 | Z62: 0 | AA62: 0 | AB62: 0 | AC62: 1 | AD62: 1 | AE62: 0 | AF62: 0 | AG62: 0 | AH62: 0 | AI62: 0 | AJ62: 0 | AK62: 0 | AL62: 0 | AM62: =SUM(E62:AL62) -> 9
B63: 6 | C63: ACHI RIZAL FIRDAUS | E63: 1 | F63: 0 | G63: 0 | H63: 0 | I63: 1 | J63: 0 | K63: 0 | L63: 0 | M63: 0 | N63: 0 | O63: 0 | P63: 0 | Q63: 0 | R63: 0 | S63: 0 | T63: 0 | U63: 0 | V63: 0 | W63: 0 | X63: 0 | Y63: 0 | Z63: 1 | AA63: 0 | AB63: 0 | AC63: 1 | AD63: 1 | AE63: 0 | AF63: 0 | AG63: 6 | AH63: 3 | AI63: 1 | AJ63: 11 | AK63: 5 | AL63: 5 | AM63: =SUM(E63:AL63) -> 36
AM64: =SUM(E64:AL64) -> 0
AM65: =SUM(E65:AL65) -> 0
AM66: =SUM(E66:AL66) -> 0
A67: B | B67: JUMLAH SUARA SAH PARTAI POLITIK DAN CALON (A1 + A2) | E67: =SUM(E57:E66) -> 44 | F67: =SUM(F57:F66) -> 33 | G67: =SUM(G57:G66) -> 32 | H67: =SUM(H57:H66) -> 28 | I67: =SUM(I57:I66) -> 40 | J67: =SUM(J57:J66) -> 46 | K67: =SUM(K57:K66) -> 60 | L67: =SUM(L57:L66) -> 41 | ... AM67: =SUM(AM57:AM66) -> 1366
A69: A.1 | B69: 3. | C69: Partai Demokrasi Indonesia Perjuangan | E69: 4 | F69: 6 | G69: 13 | H69: 5 | I69: 6 | J69: 3 | K69: 4 | L69: 2 | M69: 3 | N69: 3 | O69: 5 | P69: 9 | Q69: 7 | R69: 5 | S69: 0 | T69: 2 | U69: 3 | V69: 2 | W69: 4 | X69: 3 | Y69: 0 | Z69: 3 | AA69: 1 | AB69: 1 | AC69: 1 | AD69: 3 | AE69: 7 | AF69: 4 | AG69: 4 | AH69: 1 | AI69: 7 | AJ69: 1 | AK69: 8 | AL69: 9 | AM69: =SUM(E69:AL69) -> 139
A70: A.2 | B70: 1 | C70: I MADE CAHYANA NEGARA, S.E. | E70: 1 | F70: 9 | G70: 7 | H70: 5 | I70: 6 | J70: 3 | K70: 2 | L70: 2 | M70: 0 | N70: 3 | O70: 1 | P70: 1 | Q70: 7 | R70: 2 | S70: 3 | T70: 12 | U70: 1 | V70: 3 | W70: 2 | X70: 6 | Y70: 1 | Z70: 2 | AA70: 1 | AB70: 2 | AC70: 2 | AD70: 6 | AE70: 2 | AF70: 1 | AG70: 1 | AH70: 1 | AI70: 8 | AJ70: 1 | AK70: 5 | AL70: 14 | AM70: =SUM(E70:AL70) -> 123
B71: 2 | C71: AGUS WAHYU PANOTO, S.H. | E71: 1 | F71: 0 | G71: 2 | H71: 0 | I71: 0 | J71: 2 | K71: 2 | L71: 0 | M71: 0 | N71: 2 | O71: 0 | P71: 1 | Q71: 1 | R71: 1 | S71: 2 | T71: 0 | U71: 0 | V71: 1 | W71: 0 | X71: 0 | Y71: 0 | Z71: 1 | AA71: 0 | AB71: 0 | AC71: 0 | AD71: 1 | AE71: 0 | AF71: 0 | AG71: 0 | AH71: 0 | AI71: 2 | AJ71: 0 | AK71: 0 | AL71: 4 | AM71: =SUM(E71:AL71) -> 23
B72: 3 | C72: IIS SUMIYATI | E72: 3 | F72: 3 | G72: 5 | H72: 4 | I72: 0 | J72: 1 | K72: 4 | L72: 1 | M72: 1 | N72: 0 | O72: 5 | P72: 2 | Q72: 9 | R72: 7 | S72: 1 | T72: 2 | U72: 0 | V72: 1 | W72: 0 | X72: 0 | Y72: 2 | Z72: 3 | AA72: 1 | AB72: 4 | AC72: 4 | AD72: 1 | AE72: 1 | AF72: 1 | AG72: 1 | AH72: 0 | AI72: 1 | AJ72: 0 | AK72: 0 | AL72: 5 | AM72: =SUM(E72:AL72) -> 73
B73: 4 | C73: ACHMAD MUZAMMIL | E73: 1 | F73: 1 | G73: 0 | H73: 1 | I73: 0 | J73: 0 | K73: 0 | L73: 1 | M73: 0 | N73: 0 | O73: 0 | P73: 1 | Q73: 0 | R73: 0 | S73: 0 | T73: 0 | U73: 0 | V73: 0 | W73: 0 | X73: 0 | Y73: 0 | Z73: 0 | AA73: 0 | AB73: 0 | AC73: 1 | AD73: 0 | AE73: 0 | AF73: 0 | AG73: 1 | AH73: 0 | AI73: 0 | AJ73: 0 | AK73: 1 | AL73: 0 | AM73: =SUM(E73:AL73) -> 8
B74: 5 | C74: WENDRIAWANTO | E74: 0 | F74: 1 | G74: 0 | H74: 0 | I74: 0 | J74: 1 | K74: 0 | L74: 0 | M74: 0 | N74: 0 | O74: 0 | P74: 0 | Q74: 0 | R74: 0 | S74: 1 | T74: 1 | U74: 0 | V74: 0 | W74: 0 | X74: 0 | Y74: 0 | Z74: 1 | AA74: 0 | AB74: 0 | AC74: 0 | AD74: 0 | AE74: 0 | AF74: 0 | AG74: 0 | AH74: 1 | AI74: 0 | AJ74: 0 | AK74: 0 | AL74: 0 | AM74: =SUM(E74:AL74) -> 6
B75: 6 | C75: PUTRI MEGA AYU WIDIARTI | E75: 1 | F75: 2 | G75: 5 | H75: 1 | I75: 2 | J75: 1 | K75: 0 | L75: 1 | M75: 2 | N75: 8 | O75: 0 | P75: 3 | Q75: 2 | R75: 1 | S75: 1 | T75: 1 | U75: 1 | V75: 2 | W75: 0 | X75: 0 | Y75: 0 | Z75: 0 | AA75: 0 | AB75: 5 | AC75: 1 | AD75: 3 | AE75: 30 | AF75: 8 | AG75: 21 | AH75: 7 | AI75: 3 | AJ75: 2 | AK75: 22 | AL75: 9 | AM75: =SUM(E75:AL75) -> 145
AM76: =SUM(E76:AL76) -> 0
AM77: =SUM(E77:AL77) -> 0
AM78: =SUM(E78:AL78) -> 0
A79: B | B79: JUMLAH SUARA SAH PARTAI POLITIK DAN CALON (A1 + A2) | E79: =SUM(E69:E78) -> 11 | F79: =SUM(F69:F78) -> 22 | G79: =SUM(G69:G78) -> 32 | H79: =SUM(H69:H78) -> 16 | I79: =SUM(I69:I78) -> 14 | J79: =SUM(J69:J78) -> 11 | K79: =SUM(K69:K78) -> 12 | L79: =SUM(L69:L78) -> 7 | ... AM79: =SUM(AM69:AM78) -> 517
A81: A.1 | B81: 4. | C81: Partai Golongan Karya | E81: 3 | F81: 2 | G81: 4 | H81: 8 | I81: 3 | J81: 2 | K81: 1 | L81: 2 | M81: 0 | N81: 2 | O81: 3 | P81: 5 | Q81: 4 | R81: 1 | S81: 2 | T81: 2 | U81: 1 | V81: 0 | W81: 2 | X81: 5 | Y81: 1 | Z81: 0 | AA81: 0 | AB81: 0 | AC81: 1 | AD81: 2 | AE81: 2 | AF81: 0 | AG81: 0 | AH81: 0 | AI81: 1 | AJ81: 0 | AK81: 3 | AL81: 0 | AM81: =SUM(E81:AL81) -> 62
A82: A.2 | B82: 1 | C82: UMI KULSUM, S.H. | E82: 2 | F82: 1 | G82: 0 | H82: 4 | I82: 0 | J82: 1 | K82: 0 | L82: 0 | M82: 1 | N82: 0 | O82: 0 | P82: 1 | Q82: 1 | R82: 0 | S82: 1 | T82: 0 | U82: 0 | V82: 1 | W82: 0 | X82: 1 | Y82: 2 | Z82: 0 | AA82: 0 | AB82: 0 | AC82: 0 | AD82: 1 | AE82: 0 | AF82: 0 | AG82: 0 | AH82: 0 | AI82: 0 | AJ82: 0 | AK82: 0 | AL82: 0 | AM82: =SUM(E82:AL82) -> 17
B83: 2 | C83: SONNY PRAKOSO INDRA, S.E. | E83: 1 | F83: 2 | G83: 0 | H83: 6 | I83: 4 | J83: 1 | K83: 3 | L83: 3 | M83: 2 | N83: 1 | O83: 0 | P83: 0 | Q83: 1 | R83: 0 | S83: 0 | T83: 0 | U83: 0 | V83: 1 | W83: 1 | X83: 13 | Y83: 5 | Z83: 2 | AA83: 3 | AB83: 1 | AC83: 0 | AD83: 0 | AE83: 0 | AF83: 0 | AG83: 0 | AH83: 0 | AI83: 0 | AJ83: 0 | AK83: 2 | AL83: 2 | AM83: =SUM(E83:AL83) -> 54
B84: 3 | C84: ERJUNA SITI FATIMAH | E84: 1 | F84: 0 | G84: 0 | H84: 1 | I84: 0 | J84: 0 | K84: 0 | L84: 0 | M84: 0 | N84: 0 | O84: 0 | P84: 1 | Q84: 1 | R84: 1 | S84: 1 | T84: 0 | U84: 0 | V84: 0 | W84: 1 | X84: 0 | Y84: 0 | Z84: 0 | AA84: 0 | AB84: 0 | AC84: 0 | AD84: 0 | AE84: 0 | AF84: 0 | AG84: 0 | AH84: 0 | AI84: 0 | AJ84: 0 | AK84: 0 | AL84: 0 | AM84: =SUM(E84:AL84) -> 7
B85: 4 | C85: SITI MARIYAM | E85: 3 | F85: 11 | G85: 14 | H85: 1 | I85: 2 | J85: 0 | K85: 0 | L85: 1 | M85: 2 | N85: 0 | O85: 2 | P85: 0 | Q85: 6 | R85: 1 | S85: 2 | T85: 2 | U85: 1 | V85: 0 | W85: 0 | X85: 0 | Y85: 1 | Z85: 0 | AA85: 2 | AB85: 8 | AC85: 2 | AD85: 7 | AE85: 0 | AF85: 1 | AG85: 1 | AH85: 0 | AI85: 1 | AJ85: 0 | AK85: 2 | AL85: 0 | AM85: =SUM(E85:AL85) -> 73
B86: 5 | C86: HERU SUKARNO, S.H. | E86: 0 | F86: 0 | G86: 0 | H86: 0 | I86: 0 | J86: 0 | K86: 0 | L86: 0 | M86: 0 | N86: 0 | O86: 0 | P86: 0 | Q86: 0 | R86: 0 | S86: 0 | T86: 0 | U86: 0 | V86: 0 | W86: 0 | X86: 0 | Y86: 0 | Z86: 0 | AA86: 0 | AB86: 0 | AC86: 0 | AD86: 0 | AE86: 0 | AF86: 0 | AG86: 0 | AH86: 0 | AI86: 0 | AJ86: 0 | AK86: 0 | AL86: 0 | AM86: =SUM(E86:AL86) -> 0
B87: 6 | C87: AHMAD MUZAYYIN | E87: 0 | F87: 0 | G87: 0 | H87: 0 | I87: 0 | J87: 0 | K87: 0 | L87: 0 | M87: 3 | N87: 0 | O87: 0 | P87: 0 | Q87: 0 | R87: 0 | S87: 0 | T87: 0 | U87: 0 | V87: 0 | W87: 0 | X87: 0 | Y87: 0 | Z87: 0 | AA87: 0 | AB87: 0 | AC87: 0 | AD87: 0 | AE87: 0 | AF87: 0 | AG87: 0 | AH87: 0 | AI87: 0 | AJ87: 0 | AK87: 0 | AL87: 0 | AM87: =SUM(E87:AL87) -> 3
AM88: =SUM(E88:AL88) -> 0
AM89: =SUM(E89:AL89) -> 0
AM90: =SUM(E90:AL90) -> 0
A91: B | B91: JUMLAH SUARA SAH PARTAI POLITIK DAN CALON (A1 + A2) | E91: =SUM(E81:E90) -> 10 | F91: =SUM(F81:F90) -> 16 | G91: =SUM(G81:G90) -> 18 | H91: =SUM(H81:H90) -> 20 | I91: =SUM(I81:I90) -> 9 | J91: =SUM(J81:J90) -> 4 | K91: =SUM(K81:K90) -> 4 | L91: =SUM(L81:L90) -> 6 | ... AM91: =SUM(AM81:AM90) -> 216
A93: A.1 | B93: 5. | C93: Partai NasDem | E93: 1 | F93: 1 | G93: 1 | H93: 2 | I93: 0 | J93: 1 | K93: 3 | L93: 5 | M93: 4 | N93: 6 | O93: 5 | P93: 2 | Q93: 1 | R93: 3 | S93: 0 | T93: 2 | U93: 1 | V93: 1 | W93: 4 | X93: 1 | Y93: 0 | Z93: 1 | AA93: 4 | AB93: 0 | AC93: 1 | AD93: 3 | AE93: 0 | AF93: 0 | AG93: 1 | AH93: 0 | AI93: 0 | AJ93: 1 | AK93: 1 | AL93: 1 | AM93: =SUM(E93:AL93) -> 57
A94: A.2 | B94: 1 | C94: DRS. MOH. PADIL | E94: 1 | F94: 1 | G94: 0 | H94: 0 | I94: 0 | J94: 2 | K94: 0 | L94: 0 | M94: 0 | N94: 0 | O94: 0 | P94: 0 | Q94: 1 | R94: 0 | S94: 1 | T94: 0 | U94: 0 | V94: 0 | W94: 0 | X94: 0 | Y94: 0 | Z94: 1 | AA94: 1 | AB94: 0 | AC94: 0 | AD94: 0 | AE94: 0 | AF94: 0 | AG94: 0 | AH94: 0 | AI94: 0 | AJ94: 0 | AK94: 0 | AL94: 1 | AM94: =SUM(E94:AL94) -> 9
B95: 2 | C95: ALEX WIJAYA KUSUMA | E95: 0 | F95: 0 | G95: 0 | H95: 0 | I95: 0 | J95: 1 | K95: 0 | L95: 0 | M95: 0 | N95: 0 | O95: 1 | P95: 0 | Q95: 0 | R95: 0 | S95: 1 | T95: 0 | U95: 0 | V95: 0 | W95: 0 | X95: 0 | Y95: 0 | Z95: 0 | AA95: 0 | AB95: 0 | AC95: 0 | AD95: 0 | AE95: 0 | AF95: 0 | AG95: 0 | AH95: 0 | AI95: 0 | AJ95: 0 | AK95: 0 | AL95: 0 | AM95: =SUM(E95:AL95) -> 3
B96: 3 | C96: DANY FARDA MIHMDIAT | E96: 0 | F96: 0 | G96: 0 | H96: 0 | I96: 0 | J96: 0 | K96: 2 | L96: 0 | M96: 0 | N96: 1 | O96: 0 | P96: 0 | Q96: 0 | R96: 0 | S96: 1 | T96: 0 | U96: 1 | V96: 0 | W96: 0 | X96: 0 | Y96: 0 | Z96: 1 | AA96: 2 | AB96: 0 | AC96: 0 | AD96: 1 | AE96: 0 | AF96: 0 | AG96: 0 | AH96: 0 | AI96: 0 | AJ96: 0 | AK96: 0 | AL96: 0 | AM96: =SUM(E96:AL96) -> 9
B97: 4 | C97: UNTUNG AL AKBAR | E97: 4 | F97: 24 | G97: 8 | H97: 13 | I97: 2 | J97: 43 | K97: 27 | L97: 31 | M97: 69 | N97: 36 | O97: 52 | P97: 13 | Q97: 13 | R97: 10 | S97: 16 | T97: 14 | U97: 19 | V97: 48 | W97: 38 | X97: 5 | Y97: 15 | Z97: 26 | AA97: 21 | AB97: 6 | AC97: 11 | AD97: 42 | AE97: 0 | AF97: 2 | AG97: 1 | AH97: 0 | AI97: 1 | AJ97: 7 | AK97: 7 | AL97: 3 | AM97: =SUM(E97:AL97) -> 627
B98: 5 | C98: SETYO PONCO UTOMO | E98: 0 | F98: 3 | G98: 3 | H98: 0 | I98: 0 | J98: 0 | K98: 0 | L98: 0 | M98: 1 | N98: 0 | O98: 1 | P98: 0 | Q98: 2 | R98: 0 | S98: 0 | T98: 0 | U98: 0 | V98: 1 | W98: 7 | X98: 2 | Y98: 0 | Z98: 2 | AA98: 12 | AB98: 0 | AC98: 0 | AD98: 0 | AE98: 0 | AF98: 0 | AG98: 1 | AH98: 0 | AI98: 0 | AJ98: 0 | AK98: 0 | AL98: 1 | AM98: =SUM(E98:AL98) -> 36
B99: 6 | C99: LIA ALYSTIA NINGRUM, S.PD. | E99: 0 | F99: 2 | G99: 2 | H99: 3 | I99: 0 | J99: 1 | K99: 0 | L99: 0 | M99: 3 | N99: 1 | O99: 2 | P99: 1 | Q99: 7 | R99: 1 | S99: 5 | T99: 10 | U99: 7 | V99: 1 | W99: 3 | X99: 1 | Y99: 0 | Z99: 3 | AA99: 5 | AB99: 2 | AC99: 1 | AD99: 4 | AE99: 1 | AF99: 0 | AG99: 3 | AH99: 0 | AI99: 1 | AJ99: 5 | AK99: 19 | AL99: 28 | AM99: =SUM(E99:AL99) -> 122
AM100: =SUM(E100:AL100) -> 0
AM101: =SUM(E101:AL101) -> 0
AM102: =SUM(E102:AL102) -> 0
A103: B | B103: JUMLAH SUARA SAH PARTAI POLITIK DAN CALON (A1 + A2) | E103: =SUM(E93:E102) -> 6 | F103: =SUM(F93:F102) -> 31 | G103: =SUM(G93:G102) -> 14 | H103: =SUM(H93:H102) -> 18 | I103: =SUM(I93:I102) -> 2 | J103: =SUM(J93:J102) -> 48 | K103: =SUM(K93:K102) -> 32 | L103: =SUM(L93:L102) -> 36 | ... AM103: =SUM(AM93:AM102) -> 863
A105: A.1 | B105: 6. | C105: Partai Buruh | E105: 0 | F105: 1 | G105: 0 | H105: 0 | I105: 0 | J105: 0 | K105: 1 | L105: 0 | M105: 0 | N105: 0 | O105: 0 | P105: 0 | Q105: 0 | R105: 0 | S105: 0 | T105: 1 | U105: 1 | V105: 0 | W105: 0 | X105: 0 | Y105: 0 | Z105: 0 | AA105: 0 | AB105: 0 | AC105: 0 | AD105: 0 | AE105: 4 | AF105: 0 | AG105: 5 | AH105: 0 | AI105: 1 | AJ105: 0 | AK105: 1 | AL105: 1 | AM105: =SUM(E105:AL105) -> 16
A106: A.2 | AM106: =SUM(E106:AL106) -> 0
AM107: =SUM(E107:AL107) -> 0
AM108: =SUM(E108:AL108) -> 0
AM109: =SUM(E109:AL109) -> 0
AM110: =SUM(E110:AL110) -> 0
AM111: =SUM(E111:AL111) -> 0
AM112: =SUM(E112:AL112) -> 0
AM113: =SUM(E113:AL113) -> 0
AM114: =SUM(E114:AL114) -> 0
A115: B | B115: JUMLAH SUARA SAH PARTAI POLITIK DAN CALON (A1 + A2) | E115: =SUM(E105:E114) -> 0 | F115: =SUM(F105:F114) -> 1 | G115: =SUM(G105:G114) -> 0 | H115: =SUM(H105:H114) -> 0 | I115: =SUM(I105:I114) -> 0 | J115: =SUM(J105:J114) -> 0 | K115: =SUM(K105:K114) -> 1 | L115: =SUM(L105:L114) -> 0 | ... AM115: =SUM(AM105:AM114) -> 16
A117: A.1 | B117: 7. | C117: Partai Gelombang Rakyat Indonesia | E117: 0 | F117: 2 | G117: 0 | H117: 4 | I117: 0 | J117: 0 | K117: 0 | L117: 0 | M117: 0 | N117: 1 | O117: 0 | P117: 1 | Q117: 1 | R117: 0 | S117: 0 | T117: 1 | U117: 0 | V117: 0 | W117: 0 | X117: 0 | Y117: 0 | Z117: 1 | AA117: 0 | AB117: 0 | AC117: 0 | AD117: 0 | AE117: 1 | AF117: 1 | AG117: 0 | AH117: 1 | AI117: 2 | AJ117: 0 | AK117: 0 | AL117: 1 | AM117: =SUM(E117:AL117) -> 17
...

Sheet SUMBERKENCONO
C2: Kecamatan | D2: WONGSOREJO
C3: Kabupaten | D3: BANYUWANGI
C4: Provinsi | D4: JAWA TIMUR
C9: Kelurahan | D9: SUMBERKENCONO
A12: I | B12: DATA PEMILIH DAN PENGGUNAAN HAK PILIH | T12: JUMLAH AKHIR
A13: A | B13: DATA PEMILIH | E13: TPS 001 | F13: TPS 002 | G13: TPS 003 | H13: TPS 004 | I13: TPS 005 | J13: TPS 006 | K13: TPS 007 | L13: TPS 008 | M13: TPS 009 | N13: TPS 010 | O13: TPS 011 | P13: TPS 012 | Q13: TPS 013 | R13: TPS 014 | S13: TPS 015
B14: Jumlah Pemilih dalam Daftar Pemilih Tetap (DPT) | D14: LK | E14: 140 | F14: 147 | G14: 125 | H14: 131 | I14: 134 | J14: 149 | K14: 141 | L14: 143 | M14: 154 | N14: 131 | O14: 140 | P14: 148 | Q14: 146 | R14: 131 | S14: 141 | T14: =SUM(E14:S14) -> 2101
D15: PR | E15: 127 | F15: 140 | G15: 123 | H15: 145 | I15: 129 | J15: 145 | K15: 149 | L15: 149 | M15: 144 | N15: 150 | O15: 146 | P15: 138 | Q15: 150 | R15: 156 | S15: 152 | T15: =SUM(E15:S15) -> 2143
D16: JML | E16: =SUM(E14:E15) -> 267 | F16: =SUM(F14:F15) -> 287 | G16: =SUM(G14:G15) -> 248 | H16: =SUM(H14:H15) -> 276 | I16: =SUM(I14:I15) -> 263 | J16: =SUM(J14:J15) -> 294 | K16: =SUM(K14:K15) -> 290 | L16: =SUM(L14:L15) -> 292 | ... S16: =SUM(S14:S15) -> 293 | T16: =SUM(E16:S16) -> 4244
A18: B | B18: PENGGUNA HAK PILIH
B19: 1. | C19: Jumlah pengguna hak pilih dalam Daftar Pemilih Tetap (DPT) | D19: LK | E19: 99 | F19: 108 | G19: 94 | H19: 91 | I19: 106 | J19: 109 | K19: 118 | L19: 101 | M19: 108 | N19: 97 | O19: 104 | P19: 117 | Q19: 105 | R19: 105 | S19: 111 | T19: =SUM(E19:S19) -> 1573
D20: PR | E20: 112 | F20: 111 | G20: 98 | H20: 110 | I20: 114 | J20: 111 | K20: 125 | L20: 111 | M20: 107 | N20: 121 | O20: 118 | P20: 114 | Q20: 121 | R20: 120 | S20: 132 | T20: =SUM(E20:S20) -> 1725
D21: JML | E21: =SUM(E19:E20) -> 211 | F21: =SUM(F19:F20) -> 219 | G21: =SUM(G19:G20) -> 192 | H21: =SUM(H19:H20) -> 201 | I21: =SUM(I19:I20) -> 220 | J21: =SUM(J19:J20) -> 220 | K21: =SUM(K19:K20) -> 243 | L21: =SUM(L19:L20) -> 212 | ... S21: =SUM(S19:S20) -> 243 | T21: =SUM(E21:S21) -> 3298
B22: 2. | C22: Jumlah pengguna hak pilih dalam Daftar Pemilih Tambahan (DPTb) | D22: LK | E22: 0 | F22: 0 | G22: 0 | H22: 0 | I22: 1 | J22: 0 | K22: 0 | L22: 0 | M22: 0 | N22: 0 | O22: 0 | P22: 0 | Q22: 0 | R22: 0 | S22: 0 | T22: =SUM(E22:S22) -> 1
D23: PR | E23: 0 | F23: 0 | G23: 0 | H23: 0 | I23: 1 | J23: 0 | K23: 0 | L23: 0 | M23: 0 | N23: 0 | O23: 0 | P23: 0 | Q23: 0 | R23: 0 | S23: 0 | T23: =SUM(E23:S23) -> 1
D24: JML | E24: =SUM(E22:E23) -> 0 | F24: =SUM(F22:F23) -> 0 | G24: =SUM(G22:G23) -> 0 | H24: =SUM(H22:H23) -> 0 | I24: =SUM(I22:I23) -> 2 | J24: =SUM(J22:J23) -> 0 | K24: =SUM(K22:K23) -> 0 | L24: =SUM(L22:L23) -> 0 | ... S24: =SUM(S22:S23) -> 0 | T24: =SUM(E24:S24) -> 2
B25: 3. | C25: Jumlah pengguna hak pilih dalam Daftar Pemilih Khusus (DPK) | D25: LK | E25: 0 | F25: 0 | G25: 0 | H25: 0 | I25: 0 | J25: 0 | K25: 0 | L25: 0 | M25: 0 | N25: 0 | O25: 0 | P25: 0 | Q25: 0 | R25: 1 | S25: 2 | T25: =SUM(E25:S25) -> 3
D26: PR | E26: 0 | F26: 0 | G26: 0 | H26: 0 | I26: 0 | J26: 0 | K26: 0 | L26: 0 | M26: 2 | N26: 0 | O26: 0 | P26: 0 | Q26: 0 | R26: 0 | S26: 1 | T26: =SUM(E26:S26) -> 3
D27: JML | E27: =SUM(E25:E26) -> 0 | F27: =SUM(F25:F26) -> 0 | G27: =SUM(G25:G26) -> 0 | H27: =SUM(H25:H26) -> 0 | I27: =SUM(I25:I26) -> 0 | J27: =SUM(J25:J26) -> 0 | K27: =SUM(K25:K26) -> 0 | L27: =SUM(L25:L26) -> 0 | ... S27: =SUM(S25:S26) -> 3 | T27: =SUM(E27:S27) -> 6
B28: 4. | C28: Jumlah Pengguna Hak Pilih (B.1+B.2+B.3) | D28: LK | E28: =SUM(E19,E22,E25) -> 99 | F28: =SUM(F19,F22,F25) -> 108 | G28: =SUM(G19,G22,G25) -> 94 | H28: =SUM(H19,H22,H25) -> 91 | I28: =SUM(I19,I22,I25) -> 107 | J28: =SUM(J19,J22,J25) -> 109 | K28: =SUM(K19,K22,K25) -> 118 | L28: =SUM(L19,L22,L25) -> 101 | ... S28: =SUM(S19,S22,S25) -> 113 | T28: =SUM(E28:S28) -> 1577
D29: PR | E29: =SUM(E20,E23,E26) -> 112 | F29: =SUM(F20,F23,F26) -> 111 | G29: =SUM(G20,G23,G26) -> 98 | H29: =SUM(H20,H23,H26) -> 110 | I29: =SUM(I20,I23,I26) -> 115 | J29: =SUM(J20,J23,J26) -> 111 | K29: =SUM(K20,K23,K26) -> 125 | L29: =SUM(L20,L23,L26) -> 111 | ... S29: =SUM(S20,S23,S26) -> 133 | T29: =SUM(E29:S29) -> 1729
D30: JML | E30: =SUM(E28:E29) -> 211 | F30: =SUM(F28:F29) -> 219 | G30: =SUM(G28:G29) -> 192 | H30: =SUM(H28:H29) -> 201 | I30: =SUM(I28:I29) -> 222 | J30: =SUM(J28:J29) -> 220 | K30: =SUM(K28:K29) -> 243 | L30: =SUM(L28:L29) -> 212 | ... S30: =SUM(S28:S29) -> 246 | T30: =SUM(E30:S30) -> 3306
A32: II | B32: DATA PENGGUNAAN SURAT SUARA
A33: 1 | B33: Jumlah surat suara yang diterima, termasuk surat suara cadangan 2,5% dari DPT | E33: 273 | F33: 293 | G33: 253 | H33: 282 | I33: 269 | J33: 300 | K33: 296 | L33: 298 | M33: 304 | N33: 287 | O33: 292 | P33: 292 | Q33: 302 | R33: 293 | S33: 299 | T33: =SUM(E33:S33) -> 4333
A34: 2 | B34: Jumlah surat suara yang digunakan | E34: 211 | F34: 219 | G34: 192 | H34: 201 | I34: 222 | J34: 220 | K34: 243 | L34: 212 | M34: 217 | N34: 218 | O34: 222 | P34: 231 | Q34: 226 | R34: 226 | S34: 246 | T34: =SUM(E34:S34) -> 3306
A35: 3 | B35: Jumlah surat suara dikembalikan oleh pemilih (karena rusak atau keliru coblos) | E35: 0 | F35: 0 | G35: 0 | H35: 0 | I35: 3 | J35: 1 | K35: 0 | L35: 0 | M35: 1 | N35: 1 | O35: 0 | P35: 1 | Q35: 0 | R35: 0 | S35: 0 | T35: =SUM(E35:S35) -> 7
A36: 4 | B36: Jumlah surat suara yang tidak digunakan/tidak terpakai, termasuk sisa surat suara cadangan | E36: =E33-(E34+E35) -> 62 | F36: =F33-(F34+F35) -> 74 | G36: =G33-(G34+G35) -> 61 | H36: =H33-(H34+H35) -> 81 | I36: =I33-(I34+I35) -> 44 | J36: =J33-(J34+J35) -> 79 | K36: =K33-(K34+K35) -> 53 | L36: =L33-(L34+L35) -> 86 | ... S36: =S33-(S34+S35) -> 53 | T36: =SUM(E36:S36) -> 1020
A38: III | B38: DATA PEMILIH DISABILITAS
B39: Jumlah seluruh Pemilih disabilitas yang menggunakan hak pilih | D39: LK | E39: 0 | F39: 0 | G39: 0 | H39: 0 | I39: 0 | J39: 0 | K39: 1 | L39: 0 | M39: 0 | N39: 0 | O39: 0 | P39: 0 | Q39: 0 | R39: 0 | S39: 0 | T39: =SUM(E39:S39) -> 1
D40: PR | E40: 0 | F40: 0 | G40: 0 | H40: 0 | I40: 0 | J40: 0 | K40: 0 | L40: 0 | M40: 0 | N40: 0 | O40: 0 | P40: 0 | Q40: 0 | R40: 0 | S40: 0 | T40: =SUM(E40:S40) -> 0
D41: JML | E41: =SUM(E39:E40) -> 0 | F41: =SUM(F39:F40) -> 0 | G41: =SUM(G39:G40) -> 0 | H41: =SUM(H39:H40) -> 0 | I41: =SUM(I39:I40) -> 0 | J41: =SUM(J39:J40) -> 0 | K41: =SUM(K39:K40) -> 1 | L41: =SUM(L39:L40) -> 0 | ... S41: =SUM(S39:S40) -> 0 | T41: =SUM(E41:S41) -> 1
A43: IV | B43: DATA RINCIAN PEROLEHAN SUARA PASANGAN CALON BUPATI DAN WAKIL BUPATI
A44: NOMOR DAN NAMA CALON
A45: A.1 | B45: 1. | C45: Partai Kebangkitan Bangsa | E45: 17 | F45: 3 | G45: 6 | H45: 8 | I45: 4 | J45: 0 | K45: 6 | L45: 12 | M45: 6 | N45: 11 | O45: 5 | P45: 3 | Q45: 4 | R45: 10 | S45: 14 | T45: =SUM(E45:S45) -> 109
A46: A.2 | B46: 1 | C46: HJ. SITI MAKHROCHATIN NI’MAH, S.PD., M.M. | E46: 14 | F46: 6 | G46: 4 | H46: 11 | I46: 36 | J46: 2 | K46: 12 | L46: 5 | M46: 2 | N46: 3 | O46: 8 | P46: 7 | Q46: 4 | R46: 6 | S46: 12 | T46: =SUM(E46:S46) -> 132
B47: 2 | C47: A. TAUFIK | E47: 39 | F47: 24 | G47: 23 | H47: 17 | I47: 29 | J47: 20 | K47: 24 | L47: 14 | M47: 12 | N47: 17 | O47: 12 | P47: 25 | Q47: 25 | R47: 29 | S47: 41 | T47: =SUM(E47:S47) -> 351
B48: 3 | C48: KHOIRUL FAHMI ISKANDAR, S.PD | E48: 0 | F48: 0 | G48: 1 | H48: 2 | I48: 0 | J48: 1 | K48: 1 | L48: 0 | M48: 0 | N48: 0 | O48: 2 | P48: 2 | Q48: 2 | R48: 0 | S48: 0 | T48: =SUM(E48:S48) -> 11
B49: 4 | C49: AKHMAD, S.PD., M.M. | E49: 8 | F49: 4 | G49: 13 | H49: 1 | I49: 0 | J49: 0 | K49: 12 | L49: 0 | M49: 0 | N49: 2 | O49: 0 | P49: 1 | Q49: 1 | R49: 4 | S49: 6 | T49: =SUM(E49:S49) -> 52
B50: 5 | C50: SOFI WULANDARI, S.H. | E50: 0 | F50: 0 | G50: 0 | H50: 0 | I50: 1 | J50: 0 | K50: 1 | L50: 0 | M50: 0 | N50: 0 | O50: 0 | P50: 0 | Q50: 0 | R50: 0 | S50: 0 | T50: =SUM(E50:S50) -> 2
B51: 6 | C51: AL MA’ARIF | E51: 0 | F51: 0 | G51: 0 | H51: 1 | I51: 0 | J51: 0 | K51: 0 | L51: 0 | M51: 0 | N51: 0 | O51: 0 | P51: 0 | Q51: 0 | R51: 0 | S51: 0 | T51: =SUM(E51:S51) -> 1
T52: =SUM(E52:S52) -> 0
T53: =SUM(E53:S53) -> 0
T54: =SUM(E54:S54) -> 0
A55: B | B55: JUMLAH SUARA SAH PARTAI POLITIK DAN CALON (A1 + A2) | E55: =SUM(E45:E54) -> 78 | F55: =SUM(F45:F54) -> 37 | G55: =SUM(G45:G54) -> 47 | H55: =SUM(H45:H54) -> 40 | I55: =SUM(I45:I54) -> 70 | J55: =SUM(J45:J54) -> 23 | K55: =SUM(K45:K54) -> 56 | L55: =SUM(L45:L54) -> 31 | ... T55: =SUM(T45:T54) -> 658
A57: A.1 | B57: 2. | C57: Partai Gerakan Indonesia Raya | E57: 16 | F57: 14 | G57: 11 | H57: 19 | I57: 14 | J57: 32 | K57: 12 | L57: 20 | M57: 37 | N57: 20 | O57: 33 | P57: 16 | Q57: 15 | R57: 12 | S57: 19 | T57: =SUM(E57:S57) -> 290
A58: A.2 | B58: 1 | C58: ASRILA DISKA RIMUNDA | E58: 19 | F58: 66 | G58: 37 | H58: 42 | I58: 43 | J58: 46 | K58: 15 | L58: 25 | M58: 39 | N58: 20 | O58: 94 | P58: 54 | Q58: 20 | R58: 54 | S58: 51 | T58: =SUM(E58:S58) -> 625
B59: 2 | C59: ANIK MUSYAROFAH | E59: 4 | F59: 3 | G59: 9 | H59: 7 | I59: 3 | J59: 10 | K59: 17 | L59: 5 | M59: 11 | N59: 4 | O59: 7 | P59: 1 | Q59: 4 | R59: 5 | S59: 3 | T59: =SUM(E59:S59) -> 93
B60: 3 | C60: JOKO MISBONO | E60: 1 | F60: 4 | G60: 0 | H60: 2 | I60: 1 | J60: 0 | K60: 1 | L60: 2 | M60: 0 | N60: 2 | O60: 0 | P60: 0 | Q60: 0 | R60: 1 | S60: 0 | T60: =SUM(E60:S60) -> 14
B61: 4 | C61: REKTO PUSPITASARI | E61: 1 | F61: 1 | G61: 0 | H61: 0 | I61: 1 | J61: 1 | K61: 0 | L61: 1 | M61: 0 | N61: 0 | O61: 2 | P61: 0 | Q61: 0 | R61: 0 | S61: 1 | T61: =SUM(E61:S61) -> 8
B62: 5 | C62: AHMAD KHOMSI WAHYUDI | E62: 2 | F62: 3 | G62: 5 | H62: 2 | I62: 7 | J62: 6 | K62: 2 | L62: 2 | M62: 3 | N62: 0 | O62: 0 | P62: 2 | Q62: 0 | R62: 0 | S62: 0 | T62: =SUM(E62:S62) -> 34
B63: 6 | C63: ACHI RIZAL FIRDAUS | E63: 1 | F63: 0 | G63: 3 | H63: 0 | I63: 1 | J63: 0 | K63: 1 | L63: 1 | M63: 0 | N63: 0 | O63: 0 | P63: 1 | Q63: 0 | R63: 0 | S63: 0 | T63: =SUM(E63:S63) -> 8
T64: =SUM(E64:S64) -> 0
T65: =SUM(E65:S65) -> 0
T66: =SUM(E66:S66) -> 0
A67: B | B67: JUMLAH SUARA SAH PARTAI POLITIK DAN CALON (A1 + A2) | E67: =SUM(E57:E66) -> 44 | F67: =SUM(F57:F66) -> 91 | G67: =SUM(G57:G66) -> 65 | H67: =SUM(H57:H66) -> 72 | I67: =SUM(I57:I66) -> 70 | J67: =SUM(J57:J66) -> 95 | K67: =SUM(K57:K66) -> 48 | L67: =SUM(L57:L66) -> 56 | ... T67: =SUM(T57:T66) -> 1072
A69: A.1 | B69: 3. | C69: Partai Demokrasi Indonesia Perjuangan | E69: 8 | F69: 7 | G69: 2 | H69: 9 | I69: 2 | J69: 10 | K69: 5 | L69: 9 | M69: 5 | N69: 13 | O69: 1 | P69: 10 | Q69: 6 | R69: 9 | S69: 2 | T69: =SUM(E69:S69) -> 98
A70: A.2 | B70: 1 | C70: I MADE CAHYANA NEGARA, S.E. | E70: 8 | F70: 16 | G70: 3 | H70: 3 | I70: 2 | J70: 2 | K70: 1 | L70: 5 | M70: 0 | N70: 3 | O70: 3 | P70: 6 | Q70: 10 | R70: 11 | S70: 18 | T70: =SUM(E70:S70) -> 91
B71: 2 | C71: AGUS WAHYU PANOTO, S.H. | E71: 0 | F71: 3 | G71: 0 | H71: 0 | I71: 0 | J71: 0 | K71: 0 | L71: 1 | M71: 2 | N71: 1 | O71: 2 | P71: 0 | Q71: 0 | R71: 1 | S71: 0 | T71: =SUM(E71:S71) -> 10
B72: 3 | C72: IIS SUMIYATI | E72: 7 | F72: 1 | G72: 1 | H72: 4 | I72: 5 | J72: 4 | K72: 8 | L72: 3 | M72: 9 | N72: 12 | O72: 0 | P72: 9 | Q72: 2 | R72: 12 | S72: 5 | T72: =SUM(E72:S72) -> 82
B73: 4 | C73: ACHMAD MUZAMMIL | E73: 0 | F73: 1 | G73: 0 | H73: 0 | I73: 1 | J73: 0 | K73: 0 | L73: 0 | M73: 0 | N73: 0 | O73: 0 | P73: 0 | Q73: 0 | R73: 1 | S73: 0 | T73: =SUM(E73:S73) -> 3
B74: 5 | C74: WENDRIAWANTO | E74: 0 | F74: 0 | G74: 0 | H74: 1 | I74: 0 | J74: 1 | K74: 0 | L74: 1 | M74: 1 | N74: 0 | O74: 1 | P74: 0 | Q74: 0 | R74: 1 | S74: 0 | T74: =SUM(E74:S74) -> 6
B75: 6 | C75: PUTRI MEGA AYU WIDIARTI | E75: 3 | F75: 2 | G75: 6 | H75: 1 | I75: 1 | J75: 2 | K75: 3 | L75: 5 | M75: 11 | N75: 4 | O75: 1 | P75: 15 | Q75: 44 | R75: 3 | S75: 4 | T75: =SUM(E75:S75) -> 105
T76: =SUM(E76:S76) -> 0
T77: =SUM(E77:S77) -> 0
T78: =SUM(E78:S78) -> 0
A79: B | B79: JUMLAH SUARA SAH PARTAI POLITIK DAN CALON (A1 + A2) | E79: =SUM(E69:E78) -> 26 | F79: =SUM(F69:F78) -> 30 | G79: =SUM(G69:G78) -> 12 | H79: =SUM(H69:H78) -> 18 | I79: =SUM(I69:I78) -> 11 | J79: =SUM(J69:J78) -> 19 | K79: =SUM(K69:K78) -> 17 | L79: =SUM(L69:L78) -> 24 | ... T79: =SUM(T69:T78) -> 395
A81: A.1 | B81: 4. | C81: Partai Golongan Karya | E81: 5 | F81: 3 | G81: 4 | H81: 1 | I81: 2 | J81: 2 | K81: 4 | L81: 10 | M81: 6 | N81: 1 | O81: 1 | P81: 2 | Q81: 6 | R81: 1 | S81: 2 | T81: =SUM(E81:S81) -> 50
A82: A.2 | B82: 1 | C82: UMI KULSUM, S.H. | E82: 2 | F82: 7 | G82: 4 | H82: 8 | I82: 5 | J82: 18 | K82: 5 | L82: 3 | M82: 11 | N82: 8 | O82: 5 | P82: 9 | Q82: 22 | R82: 3 | S82: 1 | T82: =SUM(E82:S82) -> 111
B83: 2 | C83: SONNY PRAKOSO INDRA, S.E. | E83: 4 | F83: 1 | G83: 2 | H83: 0 | I83: 1 | J83: 1 | K83: 36 | L83: 13 | M83: 1 | N83: 13 | O83: 0 | P83: 0 | Q83: 1 | R83: 0 | S83: 0 | T83: =SUM(E83:S83) -> 73
B84: 3 | C84: ERJUNA SITI FATIMAH | E84: 0 | F84: 0 | G84: 0 | H84: 0 | I84: 0 | J84: 1 | K84: 0 | L84: 0 | M84: 0 | N84: 1 | O84: 0 | P84: 0 | Q84: 0 | R84: 0 | S84: 0 | T84: =SUM(E84:S84) -> 2
B85: 4 | C85: SITI MARIYAM | E85: 1 | F85: 1 | G85: 3 | H85: 1 | I85: 1 | J85: 6 | K85: 2 | L85: 6 | M85: 4 | N85: 1 | O85: 0 | P85: 0 | Q85: 6 | R85: 5 | S85: 15 | T85: =SUM(E85:S85) -> 52
B86: 5 | C86: HERU SUKARNO, S.H. | E86: 0 | F86: 0 | G86: 0 | H86: 0 | I86: 0 | J86: 0 | K86: 0 | L86: 0 | M86: 0 | N86: 0 | O86: 0 | P86: 0 | Q86: 0 | R86: 0 | S86: 0 | T86: =SUM(E86:S86) -> 0
B87: 6 | C87: AHMAD MUZAYYIN | E87: 1 | F87: 5 | G87: 0 | H87: 0 | I87: 0 | J87: 0 | K87: 0 | L87: 0 | M87: 0 | N87: 0 | O87: 0 | P87: 0 | Q87: 1 | R87: 0 | S87: 0 | T87: =SUM(E87:S87) -> 7
T88: =SUM(E88:S88) -> 0
T89: =SUM(E89:S89) -> 0
T90: =SUM(E90:S90) -> 0
A91: B | B91: JUMLAH SUARA SAH PARTAI POLITIK DAN CALON (A1 + A2) | E91: =SUM(E81:E90) -> 13 | F91: =SUM(F81:F90) -> 17 | G91: =SUM(G81:G90) -> 13 | H91: =SUM(H81:H90) -> 10 | I91: =SUM(I81:I90) -> 9 | J91: =SUM(J81:J90) -> 28 | K91: =SUM(K81:K90) -> 47 | L91: =SUM(L81:L90) -> 32 | ... T91: =SUM(T81:T90) -> 295
A93: A.1 | B93: 5. | C93: Partai NasDem | E93: 0 | F93: 0 | G93: 0 | H93: 3 | I93: 0 | J93: 0 | K93: 0 | L93: 1 | M93: 0 | N93: 2 | O93: 1 | P93: 1 | Q93: 1 | R93: 2 | S93: 0 | T93: =SUM(E93:S93) -> 11
A94: A.2 | B94: 1 | C94: DRS. MOH. PADIL | E94: 0 | F94: 0 | G94: 0 | H94: 0 | I94: 0 | J94: 0 | K94: 0 | L94: 0 | M94: 2 | N94: 1 | O94: 0 | P94: 0 | Q94: 0 | R94: 0 | S94: 0 | T94: =SUM(E94:S94) -> 3
B95: 2 | C95: ALEX WIJAYA KUSUMA | E95: 0 | F95: 0 | G95: 0 | H95: 0 | I95: 0 | J95: 0 | K95: 0 | L95: 0 | M95: 0 | N95: 1 | O95: 0 | P95: 0 | Q95: 0 | R95: 0 | S95: 1 | T95: =SUM(E95:S95) -> 2
B96: 3 | C96: DANY FARDA MIHMDIAT | E96: 0 | F96: 1 | G96: 0 | H96: 0 | I96: 0 | J96: 0 | K96: 0 | L96: 1 | M96: 0 | N96: 1 | O96: 0 | P96: 0 | Q96: 0 | R96: 0 | S96: 0 | T96: =SUM(E96:S96) -> 3
B97: 4 | C97: UNTUNG AL AKBAR | E97: 3 | F97: 9 | G97: 2 | H97: 15 | I97: 7 | J97: 18 | K97: 3 | L97: 4 | M97: 10 | N97: 29 | O97: 5 | P97: 9 | Q97: 0 | R97: 0 | S97: 5 | T97: =SUM(E97:S97) -> 119
B98: 5 | C98: SETYO PONCO UTOMO | E98: 0 | F98: 0 | G98: 0 | H98: 0 | I98: 0 | J98: 0 | K98: 0 | L98: 0 | M98: 0 | N98: 1 | O98: 0 | P98: 1 | Q98: 1 | R98: 1 | S98: 4 | T98: =SUM(E98:S98) -> 8
B99: 6 | C99: LIA ALYSTIA NINGRUM, S.PD. | E99: 0 | F99: 0 | G99: 2 | H99: 0 | I99: 0 | J99: 3 | K99: 7 | L99: 7 | M99: 7 | N99: 2 | O99: 2 | P99: 14 | Q99: 7 | R99: 3 | S99: 15 | T99: =SUM(E99:S99) -> 69
T100: =SUM(E100:S100) -> 0
T101: =SUM(E101:S101) -> 0
T102: =SUM(E102:S102) -> 0
A103: B | B103: JUMLAH SUARA SAH PARTAI POLITIK DAN CALON (A1 + A2) | E103: =SUM(E93:E102) -> 3 | F103: =SUM(F93:F102) -> 10 | G103: =SUM(G93:G102) -> 4 | H103: =SUM(H93:H102) -> 18 | I103: =SUM(I93:I102) -> 7 | J103: =SUM(J93:J102) -> 21 | K103: =SUM(K93:K102) -> 10 | L103: =SUM(L93:L102) -> 13 | ... T103: =SUM(T93:T102) -> 215
A105: A.1 | B105: 6. | C105: Partai Buruh | E105: 1 | F105: 0 | G105: 0 | H105: 0 | I105: 0 | J105: 2 | K105: 0 | L105: 2 | M105: 1 | N105: 0 | O105: 1 | P105: 1 | Q105: 6 | R105: 0 | S105: 0 | T105: =SUM(E105:S105) -> 14
A106: A.2 | T106: =SUM(E106:S106) -> 0
T107: =SUM(E107:S107) -> 0
T108: =SUM(E108:S108) -> 0
T109: =SUM(E109:S109) -> 0
T110: =SUM(E110:S110) -> 0
T111: =SUM(E111:S111) -> 0
T112: =SUM(E112:S112) -> 0
T113: =SUM(E113:S113) -> 0
T114: =SUM(E114:S114) -> 0
A115: B | B115: JUMLAH SUARA SAH PARTAI POLITIK DAN CALON (A1 + A2) | E115: =SUM(E105:E114) -> 1 | F115: =SUM(F105:F114) -> 0 | G115: =SUM(G105:G114) -> 0 | H115: =SUM(H105:H114) -> 0 | I115: =SUM(I105:I114) -> 0 | J115: =SUM(J105:J114) -> 2 | K115: =SUM(K105:K114) -> 0 | L115: =SUM(L105:L114) -> 2 | ... T115: =SUM(T105:T114) -> 14
A117: A.1 | B117: 7. | C117: Partai Gelombang Rakyat Indonesia | E117: 0 | F117: 0 | G117: 0 | H117: 0 | I117: 0 | J117: 0 | K117: 1 | L117: 0 | M117: 0 | N117: 0 | O117: 0 | P117: 0 | Q117: 0 | R117: 1 | S117: 0 | T117: =SUM(E117:S117) -> 2
...

Sheet BAJULMATI
C2: Kecamatan | D2: WONGSOREJO
C3: Kabupaten | D3: BANYUWANGI
C4: Provinsi | D4: JAWA TIMUR
C9: Kelurahan | D9: BAJULMATI
A12: I | B12: DATA PEMILIH DAN PENGGUNAAN HAK PILIH | AD12: JUMLAH AKHIR
A13: A | B13: DATA PEMILIH | E13: TPS 001 | F13: TPS 002 | G13: TPS 003 | H13: TPS 004 | I13: TPS 005 | J13: TPS 006 | K13: TPS 007 | L13: TPS 008 | M13: TPS 009 | N13: TPS 010 | O13: TPS 011 | P13: TPS 012 | Q13: TPS 013 | R13: TPS 014 | S13: TPS 015 | T13: TPS 016 | U13: TPS 017 | V13: TPS 018 | W13: TPS 019 | X13: TPS 020 | Y13: TPS 021 | Z13: TPS 022 | AA13: TPS 023 | AB13: TPS 024 | AC13: TPS 025
B14: Jumlah Pemilih dalam Daftar Pemilih Tetap (DPT) | D14: LK | E14: 135 | F14: 140 | G14: 137 | H14: 147 | I14: 154 | J14: 129 | K14: 124 | L14: 140 | M14: 144 | N14: 125 | O14: 113 | P14: 137 | Q14: 104 | R14: 126 | S14: 131 | T14: 125 | U14: 131 | V14: 149 | W14: 142 | X14: 134 | Y14: 131 | Z14: 115 | AA14: 141 | AB14: 130 | AC14: 114 | AD14: =SUM(E14:AC14) -> 3298
D15: PR | E15: 145 | F15: 132 | G15: 135 | H15: 140 | I15: 134 | J15: 131 | K15: 136 | L15: 152 | M15: 148 | N15: 129 | O15: 125 | P15: 138 | Q15: 147 | R15: 118 | S15: 153 | T15: 116 | U15: 151 | V15: 145 | W15: 136 | X15: 147 | Y15: 141 | Z15: 113 | AA15: 140 | AB15: 127 | AC15: 131 | AD15: =SUM(E15:AC15) -> 3410
D16: JML | E16: =SUM(E14:E15) -> 280 | F16: =SUM(F14:F15) -> 272 | G16: =SUM(G14:G15) -> 272 | H16: =SUM(H14:H15) -> 287 | I16: =SUM(I14:I15) -> 288 | J16: =SUM(J14:J15) -> 260 | K16: =SUM(K14:K15) -> 260 | L16: =SUM(L14:L15) -> 292 | ... AC16: =SUM(AC14:AC15) -> 245 | AD16: =SUM(E16:AC16) -> 6708
A18: B | B18: PENGGUNA HAK PILIH
B19: 1. | C19: Jumlah pengguna hak pilih dalam Daftar Pemilih Tetap (DPT) | D19: LK | E19: 111 | F19: 99 | G19: 97 | H19: 93 | I19: 112 | J19: 91 | K19: 85 | L19: 98 | M19: 79 | N19: 99 | O19: 85 | P19: 93 | Q19: 66 | R19: 88 | S19: 82 | T19: 96 | U19: 89 | V19: 115 | W19: 99 | X19: 102 | Y19: 93 | Z19: 73 | AA19: 96 | AB19: 88 | AC19: 102 | AD19: =SUM(E19:AC19) -> 2331
D20: PR | E20: 117 | F20: 96 | G20: 107 | H20: 95 | I20: 111 | J20: 88 | K20: 99 | L20: 117 | M20: 95 | N20: 104 | O20: 103 | P20: 106 | Q20: 106 | R20: 91 | S20: 113 | T20: 86 | U20: 108 | V20: 110 | W20: 106 | X20: 123 | Y20: 113 | Z20: 72 | AA20: 104 | AB20: 95 | AC20: 98 | AD20: =SUM(E20:AC20) -> 2563
D21: JML | E21: =SUM(E19:E20) -> 228 | F21: =SUM(F19:F20) -> 195 | G21: =SUM(G19:G20) -> 204 | H21: =SUM(H19:H20) -> 188 | I21: =SUM(I19:I20) -> 223 | J21: =SUM(J19:J20) -> 179 | K21: =SUM(K19:K20) -> 184 | L21: =SUM(L19:L20) -> 215 | ... AC21: =SUM(AC19:AC20) -> 200 | AD21: =SUM(E21:AC21) -> 4894
B22: 2. | C22: Jumlah pengguna hak pilih dalam Daftar Pemilih Tambahan (DPTb) | D22: LK | E22: 0 | F22: 0 | G22: 0 | H22: 0 | I22: 0 | J22: 1 | K22: 1 | L22: 0 | M22: 0 | N22: 0 | O22: 0 | P22: 1 | Q22: 0 | R22: 0 | S22: 0 | T22: 0 | U22: 0 | V22: 0 | W22: 0 | X22: 0 | Y22: 0 | Z22: 0 | AA22: 0 | AB22: 0 | AC22: 0 | AD22: =SUM(E22:AC22) -> 3
D23: PR | E23: 0 | F23: 0 | G23: 0 | H23: 0 | I23: 0 | J23: 0 | K23: 0 | L23: 0 | M23: 0 | N23: 0 | O23: 0 | P23: 0 | Q23: 0 | R23: 0 | S23: 0 | T23: 0 | U23: 0 | V23: 0 | W23: 0 | X23: 0 | Y23: 0 | Z23: 1 | AA23: 0 | AB23: 0 | AC23: 1 | AD23: =SUM(E23:AC23) -> 2
D24: JML | E24: =SUM(E22:E23) -> 0 | F24: =SUM(F22:F23) -> 0 | G24: =SUM(G22:G23) -> 0 | H24: =SUM(H22:H23) -> 0 | I24: =SUM(I22:I23) -> 0 | J24: =SUM(J22:J23) -> 1 | K24: =SUM(K22:K23) -> 1 | L24: =SUM(L22:L23) -> 0 | ... AC24: =SUM(AC22:AC23) -> 1 | AD24: =SUM(E24:AC24) -> 5
B25: 3. | C25: Jumlah pengguna hak pilih dalam Daftar Pemilih Khusus (DPK) | D25: LK | E25: 0 | F25: 1 | G25: 0 | H25: 0 | I25: 0 | J25: 3 | K25: 3 | L25: 0 | M25: 0 | N25: 0 | O25: 4 | P25: 0 | Q25: 2 | R25: 2 | S25: 1 | T25: 2 | U25: 4 | V25: 1 | W25: 1 | X25: 0 | Y25: 0 | Z25: 0 | AA25: 5 | AB25: 4 | AC25: 3 | AD25: =SUM(E25:AC25) -> 36
D26: PR | E26: 0 | F26: 3 | G26: 0 | H26: 1 | I26: 0 | J26: 7 | K26: 2 | L26: 0 | M26: 2 | N26: 0 | O26: 2 | P26: 3 | Q26: 3 | R26: 2 | S26: 1 | T26: 5 | U26: 2 | V26: 1 | W26: 2 | X26: 0 | Y26: 0 | Z26: 0 | AA26: 6 | AB26: 3 | AC26: 6 | AD26: =SUM(E26:AC26) -> 51
D27: JML | E27: =SUM(E25:E26) -> 0 | F27: =SUM(F25:F26) -> 4 | G27: =SUM(G25:G26) -> 0 | H27: =SUM(H25:H26) -> 1 | I27: =SUM(I25:I26) -> 0 | J27: =SUM(J25:J26) -> 10 | K27: =SUM(K25:K26) -> 5 | L27: =SUM(L25:L26) -> 0 | ... AC27: =SUM(AC25:AC26) -> 9 | AD27: =SUM(E27:AC27) -> 87
B28: 4. | C28: Jumlah Pengguna Hak Pilih (B.1+B.2+B.3) | D28: LK | E28: =SUM(E19,E22,E25) -> 111 | F28: =SUM(F19,F22,F25) -> 100 | G28: =SUM(G19,G22,G25) -> 97 | H28: =SUM(H19,H22,H25) -> 93 | I28: =SUM(I19,I22,I25) -> 112 | J28: =SUM(J19,J22,J25) -> 95 | K28: =SUM(K19,K22,K25) -> 89 | L28: =SUM(L19,L22,L25) -> 98 | ... AC28: =SUM(AC19,AC22,AC25) -> 105 | AD28: =SUM(E28:AC28) -> 2370
D29: PR | E29: =SUM(E20,E23,E26) -> 117 | F29: =SUM(F20,F23,F26) -> 99 | G29: =SUM(G20,G23,G26) -> 107 | H29: =SUM(H20,H23,H26) -> 96 | I29: =SUM(I20,I23,I26) -> 111 | J29: =SUM(J20,J23,J26) -> 95 | K29: =SUM(K20,K23,K26) -> 101 | L29: =SUM(L20,L23,L26) -> 117 | ... AC29: =SUM(AC20,AC23,AC26) -> 105 | AD29: =SUM(E29:AC29) -> 2616
D30: JML | E30: =SUM(E28:E29) -> 228 | F30: =SUM(F28:F29) -> 199 | G30: =SUM(G28:G29) -> 204 | H30: =SUM(H28:H29) -> 189 | I30: =SUM(I28:I29) -> 223 | J30: =SUM(J28:J29) -> 190 | K30: =SUM(K28:K29) -> 190 | L30: =SUM(L28:L29) -> 215 | ... AC30: =SUM(AC28:AC29) -> 210 | AD30: =SUM(E30:AC30) -> 4986
A32: II | B32: DATA PENGGUNAAN SURAT SUARA
A33: 1 | B33: Jumlah surat suara yang diterima, termasuk surat suara cadangan 2,5% dari DPT | E33: 286 | F33: 278 | G33: 278 | H33: 293 | I33: 294 | J33: 266 | K33: 266 | L33: 298 | M33: 298 | N33: 260 | O33: 243 | P33: 281 | Q33: 257 | R33: 249 | S33: 290 | T33: 246 | U33: 288 | V33: 296 | W33: 284 | X33: 287 | Y33: 278 | Z33: 232 | AA33: 277 | AB33: 257 | AC33: 250 | AD33: =SUM(E33:AC33) -> 6832
A34: 2 | B34: Jumlah surat suara yang digunakan | E34: 228 | F34: 199 | G34: 204 | H34: 189 | I34: 223 | J34: 190 | K34: 190 | L34: 215 | M34: 176 | N34: 203 | O34: 194 | P34: 203 | Q34: 177 | R34: 183 | S34: 197 | T34: 189 | U34: 203 | V34: 227 | W34: 208 | X34: 225 | Y34: 206 | Z34: 146 | AA34: 211 | AB34: 190 | AC34: 210 | AD34: =SUM(E34:AC34) -> 4986
A35: 3 | B35: Jumlah surat suara dikembalikan oleh pemilih (karena rusak atau keliru coblos) | E35: 0 | F35: 0 | G35: 0 | H35: 0 | I35: 0 | J35: 0 | K35: 0 | L35: 1 | M35: 0 | N35: 0 | O35: 0 | P35: 0 | Q35: 0 | R35: 0 | S35: 0 | T35: 0 | U35: 0 | V35: 0 | W35: 0 | X35: 0 | Y35: 0 | Z35: 0 | AA35: 0 | AB35: 0 | AC35: 0 | AD35: =SUM(E35:AC35) -> 1
A36: 4 | B36: Jumlah surat suara yang tidak digunakan/tidak terpakai, termasuk sisa surat suara cadangan | E36: =E33-(E34+E35) -> 58 | F36: =F33-(F34+F35) -> 79 | G36: =G33-(G34+G35) -> 74 | H36: =H33-(H34+H35) -> 104 | I36: =I33-(I34+I35) -> 71 | J36: =J33-(J34+J35) -> 76 | K36: =K33-(K34+K35) -> 76 | L36: =L33-(L34+L35) -> 82 | ... AC36: =AC33-(AC34+AC35) -> 40 | AD36: =SUM(E36:AC36) -> 1845
A38: III | B38: DATA PEMILIH DISABILITAS
B39: Jumlah seluruh Pemilih disabilitas yang menggunakan hak pilih | D39: LK | E39: 0 | F39: 0 | G39: 0 | H39: 0 | I39: 0 | J39: 0 | K39: 0 | L39: 1 | M39: 0 | N39: 0 | O39: 0 | P39: 0 | Q39: 0 | R39: 0 | S39: 0 | T39: 0 | U39: 0 | V39: 0 | W39: 0 | X39: 0 | Y39: 0 | Z39: 0 | AA39: 0 | AB39: 0 | AC39: 0 | AD39: =SUM(E39:AC39) -> 1
D40: PR | E40: 0 | F40: 0 | G40: 0 | H40: 1 | I40: 0 | J40: 0 | K40: 0 | L40: 11 | M40: 0 | N40: 0 | O40: 0 | P40: 0 | Q40: 0 | R40: 0 | S40: 0 | T40: 0 | U40: 0 | V40: 0 | W40: 0 | X40: 0 | Y40: 0 | Z40: 0 | AA40: 2 | AB40: 0 | AC40: 0 | AD40: =SUM(E40:AC40) -> 14
D41: JML | E41: =SUM(E39:E40) -> 0 | F41: =SUM(F39:F40) -> 0 | G41: =SUM(G39:G40) -> 0 | H41: =SUM(H39:H40) -> 1 | I41: =SUM(I39:I40) -> 0 | J41: =SUM(J39:J40) -> 0 | K41: =SUM(K39:K40) -> 0 | L41: =SUM(L39:L40) -> 12 | ... AC41: =SUM(AC39:AC40) -> 0 | AD41: =SUM(E41:AC41) -> 15
A43: IV | B43: DATA RINCIAN PEROLEHAN SUARA PASANGAN CALON BUPATI DAN WAKIL BUPATI
A44: NOMOR DAN NAMA CALON
A45: A.1 | B45: 1. | C45: Partai Kebangkitan Bangsa | E45: 3 | F45: 2 | G45: 4 | H45: 12 | I45: 18 | J45: 10 | K45: 6 | L45: 6 | M45: 5 | N45: 6 | O45: 3 | P45: 6 | Q45: 7 | R45: 5 | S45: 2 | T45: 6 | U45: 3 | V45: 2 | W45: 7 | X45: 9 | Y45: 9 | Z45: 8 | AA45: 5 | AB45: 4 | AC45: 7 | AD45: =SUM(E45:AC45) -> 155
A46: A.2 | B46: 1 | C46: HJ. SITI MAKHROCHATIN NI’MAH, S.PD., M.M. | E46: 7 | F46: 13 | G46: 4 | H46: 13 | I46: 13 | J46: 12 | K46: 2 | L46: 2 | M46: 6 | N46: 7 | O46: 5 | P46: 5 | Q46: 2 | R46: 3 | S46: 0 | T46: 2 | U46: 4 | V46: 2 | W46: 6 | X46: 32 | Y46: 30 | Z46: 23 | AA46: 18 | AB46: 16 | AC46: 5 | AD46: =SUM(E46:AC46) -> 232
B47: 2 | C47: A. TAUFIK | E47: 62 | F47: 52 | G47: 29 | H47: 35 | I47: 34 | J47: 29 | K47: 30 | L47: 62 | M47: 34 | N47: 29 | O47: 43 | P47: 37 | Q47: 14 | R47: 13 | S47: 21 | T47: 21 | U47: 22 | V47: 56 | W47: 12 | X47: 67 | Y47: 57 | Z47: 64 | AA47: 40 | AB47: 36 | AC47: 8 | AD47: =SUM(E47:AC47) -> 907
B48: 3 | C48: KHOIRUL FAHMI ISKANDAR, S.PD | E48: 0 | F48: 1 | G48: 0 | H48: 0 | I48: 0 | J48: 0 | K48: 1 | L48: 0 | M48: 0 | N48: 0 | O48: 4 | P48: 0 | Q48: 1 | R48: 0 | S48: 2 | T48: 0 | U48: 0 | V48: 0 | W48: 0 | X48: 0 | Y48: 0 | Z48: 1 | AA48: 0 | AB48: 0 | AC48: 0 | AD48: =SUM(E48:AC48) -> 10
B49: 4 | C49: AKHMAD, S.PD., M.M. | E49: 1 | F49: 0 | G49: 2 | H49: 0 | I49: 0 | J49: 6 | K49: 4 | L49: 3 | M49: 4 | N49: 2 | O49: 0 | P49: 1 | Q49: 3 | R49: 0 | S49: 7 | T49: 1 | U49: 4 | V49: 3 | W49: 3 | X49: 1 | Y49: 2 | Z49: 1 | AA49: 4 | AB49: 1 | AC49: 0 | AD49: =SUM(E49:AC49) -> 53
B50: 5 | C50: SOFI WULANDARI, S.H. | E50: 0 | F50: 0 | G50: 0 | H50: 0 | I50: 0 | J50: 0 | K50: 0 | L50: 0 | M50: 0 | N50: 0 | O50: 0 | P50: 0 | Q50: 0 | R50: 0 | S50: 0 | T50: 0 | U50: 0 | V50: 0 | W50: 0 | X50: 0 | Y50: 0 | Z50: 0 | AA50: 0 | AB50: 0 | AC50: 0 | AD50: =SUM(E50:AC50) -> 0
B51: 6 | C51: AL MA’ARIF | E51: 1 | F51: 0 | G51: 0 | H51: 0 | I51: 1 | J51: 0 | K51: 1 | L51: 0 | M51: 0 | N51: 0 | O51: 0 | P51: 0 | Q51: 0 | R51: 0 | S51: 0 | T51: 0 | U51: 0 | V51: 0 | W51: 1 | X51: 0 | Y51: 0 | Z51: 0 | AA51: 0 | AB51: 0 | AC51: 0 | AD51: =SUM(E51:AC51) -> 4
AD52: =SUM(E52:AC52) -> 0
AD53: =SUM(E53:AC53) -> 0
AD54: =SUM(E54:AC54) -> 0
A55: B | B55: JUMLAH SUARA SAH PARTAI POLITIK DAN CALON (A1 + A2) | E55: =SUM(E45:E54) -> 74 | F55: =SUM(F45:F54) -> 68 | G55: =SUM(G45:G54) -> 39 | H55: =SUM(H45:H54) -> 60 | I55: =SUM(I45:I54) -> 66 | J55: =SUM(J45:J54) -> 57 | K55: =SUM(K45:K54) -> 44 | L55: =SUM(L45:L54) -> 73 | ... AD55: =SUM(AD45:AD54) -> 1361
A57: A.1 | B57: 2. | C57: Partai Gerakan Indonesia Raya | E57: 3 | F57: 10 | G57: 19 | H57: 12 | I57: 15 | J57: 10 | K57: 23 | L57: 7 | M57: 10 | N57: 10 | O57: 12 | P57: 11 | Q57: 24 | R57: 11 | S57: 14 | T57: 14 | U57: 9 | V57: 15 | W57: 20 | X57: 13 | Y57: 6 | Z57: 4 | AA57: 13 | AB57: 15 | AC57: 14 | AD57: =SUM(E57:AC57) -> 314
A58: A.2 | B58: 1 | C58: ASRILA DISKA RIMUNDA | E58: 73 | F58: 41 | G58: 75 | H58: 50 | I58: 51 | J58: 32 | K58: 25 | L58: 49 | M58: 27 | N58: 33 | O58: 25 | P58: 47 | Q58: 38 | R58: 48 | S58: 49 | T58: 44 | U58: 31 | V58: 35 | W58: 53 | X58: 34 | Y58: 25 | Z58: 15 | AA58: 28 | AB58: 31 | AC58: 55 | AD58: =SUM(E58:AC58) -> 1014
B59: 2 | C59: ANIK MUSYAROFAH | E59: 12 | F59: 6 | G59: 6 | H59: 1 | I59: 0 | J59: 8 | K59: 2 | L59: 2 | M59: 2 | N59: 2 | O59: 0 | P59: 4 | Q59: 3 | R59: 3 | S59: 2 | T59: 3 | U59: 1 | V59: 5 | W59: 0 | X59: 1 | Y59: 2 | Z59: 3 | AA59: 3 | AB59: 4 | AC59: 3 | AD59: =SUM(E59:AC59) -> 78
B60: 3 | C60: JOKO MISBONO | E60: 0 | F60: 2 | G60: 1 | H60: 1 | I60: 3 | J60: 3 | K60: 1 | L60: 2 | M60: 1 | N60: 0 | O60: 2 | P60: 0 | Q60: 3 | R60: 2 | S60: 2 | T60: 0 | U60: 1 | V60: 0 | W60: 1 | X60: 1 | Y60: 0 | Z60: 0 | AA60: 0 | AB60: 0 | AC60: 1 | AD60: =SUM(E60:AC60) -> 27
B61: 4 | C61: REKTO PUSPITASARI | E61: 1 | F61: 0 | G61: 0 | H61: 0 | I61: 0 | J61: 0 | K61: 0 | L61: 0 | M61: 0 | N61: 0 | O61: 0 | P61: 0 | Q61: 0 | R61: 0 | S61: 0 | T61: 0 | U61: 0 | V61: 0 | W61: 2 | X61: 1 | Y61: 0 | Z61: 1 | AA61: 1 | AB61: 0 | AC61: 0 | AD61: =SUM(E61:AC61) -> 6
B62: 5 | C62: AHMAD KHOMSI WAHYUDI | E62: 0 | F62: 0 | G62: 0 | H62: 3 | I62: 1 | J62: 0 | K62: 0 | L62: 2 | M62: 1 | N62: 0 | O62: 0 | P62: 0 | Q62: 1 | R62: 2 | S62: 1 | T62: 1 | U62: 0 | V62: 0 | W62: 1 | X62: 2 | Y62: 2 | Z62: 0 | AA62: 2 | AB62: 0 | AC62: 0 | AD62: =SUM(E62:AC62) -> 19
B63: 6 | C63: ACHI RIZAL FIRDAUS | E63: 0 | F63: 0 | G63: 2 | H63: 0 | I63: 0 | J63: 0 | K63: 0 | L63: 0 | M63: 1 | N63: 1 | O63: 0 | P63: 2 | Q63: 7 | R63: 0 | S63: 2 | T63: 0 | U63: 3 | V63: 0 | W63: 0 | X63: 2 | Y63: 1 | Z63: 0 | AA63: 1 | AB63: 0 | AC63: 0 | AD63: =SUM(E63:AC63) -> 22
AD64: =SUM(E64:AC64) -> 0
AD65: =SUM(E65:AC65) -> 0
AD66: =SUM(E66:AC66) -> 0
A67: B | B67: JUMLAH SUARA SAH PARTAI POLITIK DAN CALON (A1 + A2) | E67: =SUM(E57:E66) -> 89 | F67: =SUM(F57:F66) -> 59 | G67: =SUM(G57:G66) -> 103 | H67: =SUM(H57:H66) -> 67 | I67: =SUM(I57:I66) -> 70 | J67: =SUM(J57:J66) -> 53 | K67: =SUM(K57:K66) -> 51 | L67: =SUM(L57:L66) -> 62 | ... AD67: =SUM(AD57:AD66) -> 1480
A69: A.1 | B69: 3. | C69: Partai Demokrasi Indonesia Perjuangan | E69: 2 | F69: 5 | G69: 11 | H69: 5 | I69: 5 | J69: 5 | K69: 5 | L69: 4 | M69: 6 | N69: 3 | O69: 9 | P69: 10 | Q69: 5 | R69: 7 | S69: 3 | T69: 6 | U69: 11 | V69: 15 | W69: 12 | X69: 1 | Y69: 1 | Z69: 1 | AA69: 5 | AB69: 4 | AC69: 2 | AD69: =SUM(E69:AC69) -> 143
A70: A.2 | B70: 1 | C70: I MADE CAHYANA NEGARA, S.E. | E70: 6 | F70: 1 | G70: 7 | H70: 2 | I70: 4 | J70: 2 | K70: 2 | L70: 3 | M70: 9 | N70: 6 | O70: 4 | P70: 2 | Q70: 7 | R70: 7 | S70: 10 | T70: 10 | U70: 4 | V70: 8 | W70: 5 | X70: 3 | Y70: 3 | Z70: 1 | AA70: 4 | AB70: 5 | AC70: 2 | AD70: =SUM(E70:AC70) -> 117
B71: 2 | C71: AGUS WAHYU PANOTO, S.H. | E71: 0 | F71: 2 | G71: 1 | H71: 0 | I71: 2 | J71: 1 | K71: 2 | L71: 0 | M71: 0 | N71: 1 | O71: 0 | P71: 0 | Q71: 0 | R71: 1 | S71: 0 | T71: 0 | U71: 2 | V71: 0 | W71: 1 | X71: 0 | Y71: 1 | Z71: 0 | AA71: 3 | AB71: 0 | AC71: 1 | AD71: =SUM(E71:AC71) -> 18
B72: 3 | C72: IIS SUMIYATI | E72: 4 | F72: 3 | G72: 1 | H72: 0 | I72: 11 | J72: 13 | K72: 12 | L72: 7 | M72: 1 | N72: 4 | O72: 7 | P72: 2 | Q72: 6 | R72: 2 | S72: 12 | T72: 8 | U72: 7 | V72: 3 | W72: 10 | X72: 2 | Y72: 10 | Z72: 1 | AA72: 7 | AB72: 8 | AC72: 2 | AD72: =SUM(E72:AC72) -> 143
B73: 4 | C73: ACHMAD MUZAMMIL | E73: 0 | F73: 0 | G73: 0 | H73: 0 | I73: 0 | J73: 1 | K73: 0 | L73: 0 | M73: 0 | N73: 0 | O73: 0 | P73: 1 | Q73: 0 | R73: 0 | S73: 0 | T73: 0 | U73: 0 | V73: 0 | W73: 0 | X73: 0 | Y73: 0 | Z73: 0 | AA73: 0 | AB73: 0 | AC73: 0 | AD73: =SUM(E73:AC73) -> 2
B74: 5 | C74: WENDRIAWANTO | E74: 0 | F74: 1 | G74: 0 | H74: 0 | I74: 3 | J74: 0 | K74: 0 | L74: 0 | M74: 0 | N74: 0 | O74: 0 | P74: 0 | Q74: 1 | R74: 5 | S74: 1 | T74: 0 | U74: 0 | V74: 0 | W74: 0 | X74: 0 | Y74: 0 | Z74: 0 | AA74: 0 | AB74: 0 | AC74: 0 | AD74: =SUM(E74:AC74) -> 11
B75: 6 | C75: PUTRI MEGA AYU WIDIARTI | E75: 0 | F75: 8 | G75: 1 | H75: 0 | I75: 0 | J75: 3 | K75: 3 | L75: 3 | M75: 5 | N75: 4 | O75: 2 | P75: 1 | Q75: 2 | R75: 2 | S75: 1 | T75: 5 | U75: 2 | V75: 1 | W75: 4 | X75: 2 | Y75: 0 | Z75: 0 | AA75: 5 | AB75: 3 | AC75: 19 | AD75: =SUM(E75:AC75) -> 76
AD76: =SUM(E76:AC76) -> 0
AD77: =SUM(E77:AC77) -> 0
AD78: =SUM(E78:AC78) -> 0
A79: B | B79: JUMLAH SUARA SAH PARTAI POLITIK DAN CALON (A1 + A2) | E79: =SUM(E69:E78) -> 12 | F79: =SUM(F69:F78) -> 20 | G79: =SUM(G69:G78) -> 21 | H79: =SUM(H69:H78) -> 7 | I79: =SUM(I69:I78) -> 25 | J79: =SUM(J69:J78) -> 25 | K79: =SUM(K69:K78) -> 24 | L79: =SUM(L69:L78) -> 17 | ... AD79: =SUM(AD69:AD78) -> 510
A81: A.1 | B81: 4. | C81: Partai Golongan Karya | E81: 0 | F81: 3 | G81: 1 | H81: 1 | I81: 5 | J81: 0 | K81: 2 | L81: 2 | M81: 1 | N81: 1 | O81: 4 | P81: 3 | Q81: 1 | R81: 5 | S81: 0 | T81: 4 | U81: 4 | V81: 1 | W81: 2 | X81: 4 | Y81: 2 | Z81: 0 | AA81: 1 | AB81: 1 | AC81: 0 | AD81: =SUM(E81:AC81) -> 48
A82: A.2 | B82: 1 | C82: UMI KULSUM, S.H. | E82: 4 | F82: 0 | G82: 1 | H82: 4 | I82: 4 | J82: 4 | K82: 2 | L82: 2 | M82: 7 | N82: 12 | O82: 5 | P82: 2 | Q82: 1 | R82: 5 | S82: 2 | T82: 20 | U82: 1 | V82: 2 | W82: 0 | X82: 4 | Y82: 1 | Z82: 2 | AA82: 2 | AB82: 1 | AC82: 1 | AD82: =SUM(E82:AC82) -> 89
B83: 2 | C83: SONNY PRAKOSO INDRA, S.E. | E83: 0 | F83: 1 | G83: 1 | H83: 2 | I83: 0 | J83: 1 | K83: 2 | L83: 2 | M83: 9 | N83: 2 | O83: 22 | P83: 0 | Q83: 6 | R83: 10 | S83: 2 | T83: 0 | U83: 2 | V83: 0 | W83: 1 | X83: 6 | Y83: 2 | Z83: 0 | AA83: 2 | AB83: 3 | AC83: 1 | AD83: =SUM(E83:AC83) -> 77
B84: 3 | C84: ERJUNA SITI FATIMAH | E84: 0 | F84: 0 | G84: 1 | H84: 0 | I84: 0 | J84: 0 | K84: 2 | L84: 0 | M84: 1 | N84: 0 | O84: 0 | P84: 0 | Q84: 1 | R84: 0 | S84: 1 | T84: 0 | U84: 0 | V84: 0 | W84: 1 | X84: 0 | Y84: 1 | Z84: 0 | AA84: 0 | AB84: 0 | AC84: 0 | AD84: =SUM(E84:AC84) -> 8
B85: 4 | C85: SITI MARIYAM | E85: 0 | F85: 3 | G85: 0 | H85: 12 | I85: 19 | J85: 1 | K85: 2 | L85: 2 | M85: 0 | N85: 1 | O85: 1 | P85: 1 | Q85: 0 | R85: 0 | S85: 4 | T85: 0 | U85: 1 | V85: 1 | W85: 2 | X85: 3 | Y85: 1 | Z85: 2 | AA85: 4 | AB85: 3 | AC85: 0 | AD85: =SUM(E85:AC85) -> 63
B86: 5 | C86: HERU SUKARNO, S.H. | E86: 0 | F86: 0 | G86: 0 | H86: 0 | I86: 0 | J86: 0 | K86: 0 | L86: 0 | M86: 0 | N86: 0 | O86: 0 | P86: 0 | Q86: 0 | R86: 0 | S86: 0 | T86: 0 | U86: 0 | V86: 0 | W86: 0 | X86: 0 | Y86: 0 | Z86: 0 | AA86: 0 | AB86: 0 | AC86: 0 | AD86: =SUM(E86:AC86) -> 0
B87: 6 | C87: AHMAD MUZAYYIN | E87: 1 | F87: 0 | G87: 0 | H87: 0 | I87: 1 | J87: 0 | K87: 0 | L87: 0 | M87: 0 | N87: 0 | O87: 0 | P87: 0 | Q87: 1 | R87: 0 | S87: 0 | T87: 0 | U87: 1 | V87: 0 | W87: 0 | X87: 1 | Y87: 0 | Z87: 0 | AA87: 0 | AB87: 0 | AC87: 0 | AD87: =SUM(E87:AC87) -> 5
AD88: =SUM(E88:AC88) -> 0
AD89: =SUM(E89:AC89) -> 0
AD90: =SUM(E90:AC90) -> 0
A91: B | B91: JUMLAH SUARA SAH PARTAI POLITIK DAN CALON (A1 + A2) | E91: =SUM(E81:E90) -> 5 | F91: =SUM(F81:F90) -> 7 | G91: =SUM(G81:G90) -> 4 | H91: =SUM(H81:H90) -> 19 | I91: =SUM(I81:I90) -> 29 | J91: =SUM(J81:J90) -> 6 | K91: =SUM(K81:K90) -> 10 | L91: =SUM(L81:L90) -> 8 | ... AD91: =SUM(AD81:AD90) -> 290
A93: A.1 | B93: 5. | C93: Partai NasDem | E93: 1 | F93: 0 | G93: 1 | H93: 0 | I93: 0 | J93: 0 | K93: 1 | L93: 0 | M93: 2 | N93: 0 | O93: 1 | P93: 1 | Q93: 0 | R93: 0 | S93: 0 | T93: 0 | U93: 1 | V93: 2 | W93: 0 | X93: 0 | Y93: 1 | Z93: 0 | AA93: 1 | AB93: 0 | AC93: 0 | AD93: =SUM(E93:AC93) -> 12
A94: A.2 | B94: 1 | C94: DRS. MOH. PADIL | E94: 1 | F94: 8 | G94: 0 | H94: 0 | I94: 1 | J94: 0 | K94: 1 | L94: 0 | M94: 1 | N94: 0 | O94: 1 | P94: 0 | Q94: 0 | R94: 0 | S94: 0 | T94: 0 | U94: 0 | V94: 0 | W94: 0 | X94: 0 | Y94: 0 | Z94: 0 | AA94: 0 | AB94: 0 | AC94: 0 | AD94: =SUM(E94:AC94) -> 13
B95: 2 | C95: ALEX WIJAYA KUSUMA | E95: 0 | F95: 0 | G95: 0 | H95: 0 | I95: 0 | J95: 0 | K95: 0 | L95: 0 | M95: 0 | N95: 0 | O95: 0 | P95: 0 | Q95: 0 | R95: 0 | S95: 0 | T95: 0 | U95: 0 | V95: 0 | W95: 0 | X95: 0 | Y95: 0 | Z95: 0 | AA95: 0 | AB95: 0 | AC95: 0 | AD95: =SUM(E95:AC95) -> 0
B96: 3 | C96: DANY FARDA MIHMDIAT | E96: 0 | F96: 0 | G96: 1 | H96: 0 | I96: 0 | J96: 0 | K96: 0 | L96: 0 | M96: 0 | N96: 0 | O96: 0 | P96: 0 | Q96: 0 | R96: 0 | S96: 0 | T96: 0 | U96: 0 | V96: 0 | W96: 0 | X96: 0 | Y96: 0 | Z96: 0 | AA96: 0 | AB96: 0 | AC96: 0 | AD96: =SUM(E96:AC96) -> 1
B97: 4 | C97: UNTUNG AL AKBAR | E97: 0 | F97: 1 | G97: 1 | H97: 1 | I97: 0 | J97: 0 | K97: 3 | L97: 0 | M97: 5 | N97: 3 | O97: 10 | P97: 8 | Q97: 3 | R97: 3 | S97: 0 | T97: 4 | U97: 11 | V97: 6 | W97: 9 | X97: 1 | Y97: 0 | Z97: 0 | AA97: 2 | AB97: 0 | AC97: 0 | AD97: =SUM(E97:AC97) -> 71
B98: 5 | C98: SETYO PONCO UTOMO | E98: 0 | F98: 0 | G98: 1 | H98: 0 | I98: 1 | J98: 0 | K98: 0 | L98: 0 | M98: 0 | N98: 0 | O98: 0 | P98: 1 | Q98: 0 | R98: 0 | S98: 0 | T98: 1 | U98: 0 | V98: 0 | W98: 0 | X98: 0 | Y98: 0 | Z98: 0 | AA98: 0 | AB98: 0 | AC98: 0 | AD98: =SUM(E98:AC98) -> 4
B99: 6 | C99: LIA ALYSTIA NINGRUM, S.PD. | E99: 32 | F99: 13 | G99: 0 | H99: 5 | I99: 0 | J99: 13 | K99: 8 | L99: 18 | M99: 3 | N99: 6 | O99: 2 | P99: 26 | Q99: 2 | R99: 2 | S99: 6 | T99: 0 | U99: 5 | V99: 2 | W99: 5 | X99: 0 | Y99: 2 | Z99: 1 | AA99: 3 | AB99: 0 | AC99: 3 | AD99: =SUM(E99:AC99) -> 157
AD100: =SUM(E100:AC100) -> 0
AD101: =SUM(E101:AC101) -> 0
AD102: =SUM(E102:AC102) -> 0
A103: B | B103: JUMLAH SUARA SAH PARTAI POLITIK DAN CALON (A1 + A2) | E103: =SUM(E93:E102) -> 34 | F103: =SUM(F93:F102) -> 22 | G103: =SUM(G93:G102) -> 4 | H103: =SUM(H93:H102) -> 6 | I103: =SUM(I93:I102) -> 2 | J103: =SUM(J93:J102) -> 13 | K103: =SUM(K93:K102) -> 13 | L103: =SUM(L93:L102) -> 18 | ... AD103: =SUM(AD93:AD102) -> 258
A105: A.1 | B105: 6. | C105: Partai Buruh | E105: 0 | F105: 0 | G105: 0 | H105: 0 | I105: 0 | J105: 0 | K105: 0 | L105: 0 | M105: 1 | N105: 1 | O105: 0 | P105: 0 | Q105: 0 | R105: 0 | S105: 1 | T105: 0 | U105: 0 | V105: 1 | W105: 2 | X105: 0 | Y105: 1 | Z105: 0 | AA105: 1 | AB105: 0 | AC105: 1 | AD105: =SUM(E105:AC105) -> 9
A106: A.2 | AD106: =SUM(E106:AC106) -> 0
AD107: =SUM(E107:AC107) -> 0
AD108: =SUM(E108:AC108) -> 0
AD109: =SUM(E109:AC109) -> 0
AD110: =SUM(E110:AC110) -> 0
AD111: =SUM(E111:AC111) -> 0
AD112: =SUM(E112:AC112) -> 0
AD113: =SUM(E113:AC113) -> 0
AD114: =SUM(E114:AC114) -> 0
A115: B | B115: JUMLAH SUARA SAH PARTAI POLITIK DAN CALON (A1 + A2) | E115: =SUM(E105:E114) -> 0 | F115: =SUM(F105:F114) -> 0 | G115: =SUM(G105:G114) -> 0 | H115: =SUM(H105:H114) -> 0 | I115: =SUM(I105:I114) -> 0 | J115: =SUM(J105:J114) -> 0 | K115: =SUM(K105:K114) -> 0 | L115: =SUM(L105:L114) -> 0 | ... AD115: =SUM(AD105:AD114) -> 9
A117: A.1 | B117: 7. | C117: Partai Gelombang Rakyat Indonesia | E117: 1 | F117: 0 | G117: 0 | H117: 0 | I117: 0 | J117: 0 | K117: 1 | L117: 0 | M117: 0 | N117: 0 | O117: 0 | P117: 0 | Q117: 0 | R117: 0 | S117: 0 | T117: 1 | U117: 0 | V117: 0 | W117: 0 | X117: 0 | Y117: 0 | Z117: 0 | AA117: 0 | AB117: 0 | AC117: 0 | AD117: =SUM(E117:AC117) -> 3
...

Sheet SIDODADI
C2: Kecamatan | D2: WONGSOREJO
C3: Kabupaten | D3: BANYUWANGI
C4: Provinsi | D4: JAWA TIMUR
C9: Kelurahan | D9: SIDODADI
A12: I | B12: DATA PEMILIH DAN PENGGUNAAN HAK PILIH | U12: JUMLAH AKHIR
A13: A | B13: DATA PEMILIH | E13: TPS 001 | F13: TPS 002 | G13: TPS 003 | H13: TPS 004 | I13: TPS 005 | J13: TPS 006 | K13: TPS 007 | L13: TPS 008 | M13: TPS 009 | N13: TPS 010 | O13: TPS 011 | P13: TPS 012 | Q13: TPS 013 | R13: TPS 014 | S13: TPS 015 | T13: TPS 016
B14: Jumlah Pemilih dalam Daftar Pemilih Tetap (DPT) | D14: LK | E14: 137 | F14: 130 | G14: 151 | H14: 129 | I14: 134 | J14: 151 | K14: 141 | L14: 120 | M14: 133 | N14: 121 | O14: 141 | P14: 144 | Q14: 148 | R14: 149 | S14: 130 | T14: 94 | U14: =SUM(E14:T14) -> 2153
D15: PR | E15: 138 | F15: 132 | G15: 139 | H15: 125 | I15: 157 | J15: 135 | K15: 134 | L15: 113 | M15: 136 | N15: 126 | O15: 146 | P15: 143 | Q15: 138 | R15: 146 | S15: 122 | T15: 89 | U15: =SUM(E15:T15) -> 2119
D16: JML | E16: =SUM(E14:E15) -> 275 | F16: =SUM(F14:F15) -> 262 | G16: =SUM(G14:G15) -> 290 | H16: =SUM(H14:H15) -> 254 | I16: =SUM(I14:I15) -> 291 | J16: =SUM(J14:J15) -> 286 | K16: =SUM(K14:K15) -> 275 | L16: =SUM(L14:L15) -> 233 | ... T16: =SUM(T14:T15) -> 183 | U16: =SUM(E16:T16) -> 4272
A18: B | B18: PENGGUNA HAK PILIH
B19: 1. | C19: Jumlah pengguna hak pilih dalam Daftar Pemilih Tetap (DPT) | D19: LK | E19: 111 | F19: 98 | G19: 131 | H19: 96 | I19: 95 | J19: 122 | K19: 103 | L19: 85 | M19: 92 | N19: 85 | O19: 89 | P19: 107 | Q19: 106 | R19: 109 | S19: 93 | T19: 73 | U19: =SUM(E19:T19) -> 1595
D20: PR | E20: 114 | F20: 112 | G20: 123 | H20: 94 | I20: 115 | J20: 118 | K20: 109 | L20: 94 | M20: 104 | N20: 103 | O20: 117 | P20: 126 | Q20: 97 | R20: 120 | S20: 103 | T20: 72 | U20: =SUM(E20:T20) -> 1721
D21: JML | E21: =SUM(E19:E20) -> 225 | F21: =SUM(F19:F20) -> 210 | G21: =SUM(G19:G20) -> 254 | H21: =SUM(H19:H20) -> 190 | I21: =SUM(I19:I20) -> 210 | J21: =SUM(J19:J20) -> 240 | K21: =SUM(K19:K20) -> 212 | L21: =SUM(L19:L20) -> 179 | ... T21: =SUM(T19:T20) -> 145 | U21: =SUM(E21:T21) -> 3316
B22: 2. | C22: Jumlah pengguna hak pilih dalam Daftar Pemilih Tambahan (DPTb) | D22: LK | E22: 0 | F22: 0 | G22: 0 | H22: 0 | I22: 1 | J22: 0 | K22: 0 | L22: 0 | M22: 0 | N22: 0 | O22: 0 | P22: 0 | Q22: 0 | R22: 1 | S22: 0 | T22: 0 | U22: =SUM(E22:T22) -> 2
D23: PR | E23: 0 | F23: 0 | G23: 0 | H23: 0 | I23: 0 | J23: 0 | K23: 0 | L23: 0 | M23: 0 | N23: 0 | O23: 0 | P23: 0 | Q23: 0 | R23: 0 | S23: 1 | T23: 1 | U23: =SUM(E23:T23) -> 2
D24: JML | E24: =SUM(E22:E23) -> 0 | F24: =SUM(F22:F23) -> 0 | G24: =SUM(G22:G23) -> 0 | H24: =SUM(H22:H23) -> 0 | I24: =SUM(I22:I23) -> 1 | J24: =SUM(J22:J23) -> 0 | K24: =SUM(K22:K23) -> 0 | L24: =SUM(L22:L23) -> 0 | ... T24: =SUM(T22:T23) -> 1 | U24: =SUM(E24:T24) -> 4
B25: 3. | C25: Jumlah pengguna hak pilih dalam Daftar Pemilih Khusus (DPK) | D25: LK | E25: 0 | F25: 3 | G25: 0 | H25: 1 | I25: 1 | J25: 0 | K25: 2 | L25: 1 | M25: 0 | N25: 1 | O25: 0 | P25: 0 | Q25: 0 | R25: 0 | S25: 1 | T25: 0 | U25: =SUM(E25:T25) -> 10
D26: PR | E26: 0 | F26: 2 | G26: 0 | H26: 2 | I26: 3 | J26: 0 | K26: 3 | L26: 0 | M26: 0 | N26: 1 | O26: 0 | P26: 0 | Q26: 0 | R26: 0 | S26: 2 | T26: 0 | U26: =SUM(E26:T26) -> 13
D27: JML | E27: =SUM(E25:E26) -> 0 | F27: =SUM(F25:F26) -> 5 | G27: =SUM(G25:G26) -> 0 | H27: =SUM(H25:H26) -> 3 | I27: =SUM(I25:I26) -> 4 | J27: =SUM(J25:J26) -> 0 | K27: =SUM(K25:K26) -> 5 | L27: =SUM(L25:L26) -> 1 | ... T27: =SUM(T25:T26) -> 0 | U27: =SUM(E27:T27) -> 23
B28: 4. | C28: Jumlah Pengguna Hak Pilih (B.1+B.2+B.3) | D28: LK | E28: =SUM(E19,E22,E25) -> 111 | F28: =SUM(F19,F22,F25) -> 101 | G28: =SUM(G19,G22,G25) -> 131 | H28: =SUM(H19,H22,H25) -> 97 | I28: =SUM(I19,I22,I25) -> 97 | J28: =SUM(J19,J22,J25) -> 122 | K28: =SUM(K19,K22,K25) -> 105 | L28: =SUM(L19,L22,L25) -> 86 | ... T28: =SUM(T19,T22,T25) -> 73 | U28: =SUM(E28:T28) -> 1607
D29: PR | E29: =SUM(E20,E23,E26) -> 114 | F29: =SUM(F20,F23,F26) -> 114 | G29: =SUM(G20,G23,G26) -> 123 | H29: =SUM(H20,H23,H26) -> 96 | I29: =SUM(I20,I23,I26) -> 118 | J29: =SUM(J20,J23,J26) -> 118 | K29: =SUM(K20,K23,K26) -> 112 | L29: =SUM(L20,L23,L26) -> 94 | ... T29: =SUM(T20,T23,T26) -> 73 | U29: =SUM(E29:T29) -> 1736
D30: JML | E30: =SUM(E28:E29) -> 225 | F30: =SUM(F28:F29) -> 215 | G30: =SUM(G28:G29) -> 254 | H30: =SUM(H28:H29) -> 193 | I30: =SUM(I28:I29) -> 215 | J30: =SUM(J28:J29) -> 240 | K30: =SUM(K28:K29) -> 217 | L30: =SUM(L28:L29) -> 180 | ... T30: =SUM(T28:T29) -> 146 | U30: =SUM(E30:T30) -> 3343
A32: II | B32: DATA PENGGUNAAN SURAT SUARA
A33: 1 | B33: Jumlah surat suara yang diterima, termasuk surat suara cadangan 2,5% dari DPT | E33: 280 | F33: 267 | G33: 295 | H33: 259 | I33: 296 | J33: 291 | K33: 281 | L33: 235 | M33: 273 | N33: 252 | O33: 293 | P33: 292 | Q33: 291 | R33: 300 | S33: 257 | T33: 186 | U33: =SUM(E33:T33) -> 4348
A34: 2 | B34: Jumlah surat suara yang digunakan | E34: 225 | F34: 215 | G34: 254 | H34: 193 | I34: 215 | J34: 240 | K34: 217 | L34: 180 | M34: 196 | N34: 190 | O34: 206 | P34: 233 | Q34: 203 | R34: 230 | S34: 200 | T34: 146 | U34: =SUM(E34:T34) -> 3343
A35: 3 | B35: Jumlah surat suara dikembalikan oleh pemilih (karena rusak atau keliru coblos) | E35: 0 | F35: 2 | G35: 0 | H35: 1 | I35: 0 | J35: 0 | K35: 0 | L35: 0 | M35: 0 | N35: 0 | O35: 0 | P35: 0 | Q35: 0 | R35: 0 | S35: 0 | T35: 0 | U35: =SUM(E35:T35) -> 3
A36: 4 | B36: Jumlah surat suara yang tidak digunakan/tidak terpakai, termasuk sisa surat suara cadangan | E36: =E33-(E34+E35) -> 55 | F36: =F33-(F34+F35) -> 50 | G36: =G33-(G34+G35) -> 41 | H36: =H33-(H34+H35) -> 65 | I36: =I33-(I34+I35) -> 81 | J36: =J33-(J34+J35) -> 51 | K36: =K33-(K34+K35) -> 64 | L36: =L33-(L34+L35) -> 55 | ... T36: =T33-(T34+T35) -> 40 | U36: =SUM(E36:T36) -> 1002
A38: III | B38: DATA PEMILIH DISABILITAS
B39: Jumlah seluruh Pemilih disabilitas yang menggunakan hak pilih | D39: LK | E39: 0 | F39: 0 | G39: 0 | H39: 0 | I39: 0 | J39: 0 | K39: 0 | L39: 0 | M39: 0 | N39: 0 | O39: 0 | P39: 0 | Q39: 0 | R39: 0 | S39: 1 | T39: 0 | U39: =SUM(E39:T39) -> 1
D40: PR | E40: 0 | F40: 0 | G40: 0 | H40: 0 | I40: 0 | J40: 0 | K40: 0 | L40: 0 | M40: 1 | N40: 0 | O40: 0 | P40: 0 | Q40: 0 | R40: 0 | S40: 0 | T40: 0 | U40: =SUM(E40:T40) -> 1
D41: JML | E41: =SUM(E39:E40) -> 0 | F41: =SUM(F39:F40) -> 0 | G41: =SUM(G39:G40) -> 0 | H41: =SUM(H39:H40) -> 0 | I41: =SUM(I39:I40) -> 0 | J41: =SUM(J39:J40) -> 0 | K41: =SUM(K39:K40) -> 0 | L41: =SUM(L39:L40) -> 0 | ... T41: =SUM(T39:T40) -> 0 | U41: =SUM(E41:T41) -> 2
A43: IV | B43: DATA RINCIAN PEROLEHAN SUARA PASANGAN CALON BUPATI DAN WAKIL BUPATI
A44: NOMOR DAN NAMA CALON
A45: A.1 | B45: 1. | C45: Partai Kebangkitan Bangsa | E45: 4 | F45: 4 | G45: 3 | H45: 4 | I45: 5 | J45: 5 | K45: 5 | L45: 2 | M45: 12 | N45: 2 | O45: 4 | P45: 6 | Q45: 3 | R45: 4 | S45: 8 | T45: 4 | U45: =SUM(E45:T45) -> 75
A46: A.2 | B46: 1 | C46: HJ. SITI MAKHROCHATIN NI’MAH, S.PD., M.M. | E46: 6 | F46: 9 | G46: 2 | H46: 9 | I46: 1 | J46: 3 | K46: 6 | L46: 0 | M46: 13 | N46: 1 | O46: 10 | P46: 7 | Q46: 8 | R46: 7 | S46: 7 | T46: 7 | U46: =SUM(E46:T46) -> 96
B47: 2 | C47: A. TAUFIK | E47: 23 | F47: 8 | G47: 2 | H47: 19 | I47: 8 | J47: 10 | K47: 13 | L47: 11 | M47: 8 | N47: 11 | O47: 8 | P47: 19 | Q47: 50 | R47: 9 | S47: 6 | T47: 5 | U47: =SUM(E47:T47) -> 210
B48: 3 | C48: KHOIRUL FAHMI ISKANDAR, S.PD | E48: 1 | F48: 1 | G48: 0 | H48: 1 | I48: 0 | J48: 2 | K48: 0 | L48: 0 | M48: 2 | N48: 2 | O48: 0 | P48: 1 | Q48: 1 | R48: 0 | S48: 0 | T48: 1 | U48: =SUM(E48:T48) -> 12
B49: 4 | C49: AKHMAD, S.PD., M.M. | E49: 7 | F49: 10 | G49: 8 | H49: 34 | I49: 17 | J49: 67 | K49: 21 | L49: 8 | M49: 13 | N49: 7 | O49: 7 | P49: 21 | Q49: 4 | R49: 8 | S49: 25 | T49: 8 | U49: =SUM(E49:T49) -> 265
B50: 5 | C50: SOFI WULANDARI, S.H. | E50: 0 | F50: 0 | G50: 0 | H50: 1 | I50: 0 | J50: 0 | K50: 0 | L50: 0 | M50: 0 | N50: 0 | O50: 0 | P50: 0 | Q50: 0 | R50: 0 | S50: 0 | T50: 0 | U50: =SUM(E50:T50) -> 1
B51: 6 | C51: AL MA’ARIF | E51: 0 | F51: 0 | G51: 0 | H51: 0 | I51: 0 | J51: 0 | K51: 0 | L51: 0 | M51: 0 | N51: 2 | O51: 0 | P51: 0 | Q51: 0 | R51: 0 | S51: 0 | T51: 0 | U51: =SUM(E51:T51) -> 2
U52: =SUM(E52:T52) -> 0
U53: =SUM(E53:T53) -> 0
U54: =SUM(E54:T54) -> 0
A55: B | B55: JUMLAH SUARA SAH PARTAI POLITIK DAN CALON (A1 + A2) | E55: =SUM(E45:E54) -> 41 | F55: =SUM(F45:F54) -> 32 | G55: =SUM(G45:G54) -> 15 | H55: =SUM(H45:H54) -> 68 | I55: =SUM(I45:I54) -> 31 | J55: =SUM(J45:J54) -> 87 | K55: =SUM(K45:K54) -> 45 | L55: =SUM(L45:L54) -> 21 | ... U55: =SUM(U45:U54) -> 661
A57: A.1 | B57: 2. | C57: Partai Gerakan Indonesia Raya | E57: 20 | F57: 12 | G57: 4 | H57: 6 | I57: 15 | J57: 7 | K57: 15 | L57: 7 | M57: 22 | N57: 18 | O57: 17 | P57: 14 | Q57: 6 | R57: 12 | S57: 4 | T57: 0 | U57: =SUM(E57:T57) -> 179
A58: A.2 | B58: 1 | C58: ASRILA DISKA RIMUNDA | E58: 49 | F58: 66 | G58: 119 | H58: 37 | I58: 47 | J58: 22 | K58: 40 | L58: 70 | M58: 54 | N58: 75 | O58: 28 | P58: 41 | Q58: 17 | R58: 31 | S58: 27 | T58: 20 | U58: =SUM(E58:T58) -> 743
B59: 2 | C59: ANIK MUSYAROFAH | E59: 0 | F59: 3 | G59: 2 | H59: 1 | I59: 2 | J59: 4 | K59: 3 | L59: 2 | M59: 5 | N59: 3 | O59: 0 | P59: 4 | Q59: 1 | R59: 5 | S59: 3 | T59: 0 | U59: =SUM(E59:T59) -> 38
B60: 3 | C60: JOKO MISBONO | E60: 2 | F60: 0 | G60: 0 | H60: 0 | I60: 1 | J60: 0 | K60: 1 | L60: 0 | M60: 0 | N60: 3 | O60: 0 | P60: 0 | Q60: 0 | R60: 1 | S60: 1 | T60: 0 | U60: =SUM(E60:T60) -> 9
B61: 4 | C61: REKTO PUSPITASARI | E61: 0 | F61: 0 | G61: 0 | H61: 0 | I61: 0 | J61: 2 | K61: 1 | L61: 0 | M61: 0 | N61: 1 | O61: 0 | P61: 0 | Q61: 2 | R61: 0 | S61: 0 | T61: 0 | U61: =SUM(E61:T61) -> 6
B62: 5 | C62: AHMAD KHOMSI WAHYUDI | E62: 0 | F62: 0 | G62: 1 | H62: 0 | I62: 1 | J62: 4 | K62: 2 | L62: 6 | M62: 3 | N62: 0 | O62: 0 | P62: 0 | Q62: 2 | R62: 0 | S62: 1 | T62: 4 | U62: =SUM(E62:T62) -> 24
B63: 6 | C63: ACHI RIZAL FIRDAUS | E63: 0 | F63: 1 | G63: 0 | H63: 1 | I63: 0 | J63: 1 | K63: 6 | L63: 0 | M63: 0 | N63: 0 | O63: 0 | P63: 0 | Q63: 1 | R63: 0 | S63: 0 | T63: 0 | U63: =SUM(E63:T63) -> 10
U64: =SUM(E64:T64) -> 0
U65: =SUM(E65:T65) -> 0
U66: =SUM(E66:T66) -> 0
A67: B | B67: JUMLAH SUARA SAH PARTAI POLITIK DAN CALON (A1 + A2) | E67: =SUM(E57:E66) -> 71 | F67: =SUM(F57:F66) -> 82 | G67: =SUM(G57:G66) -> 126 | H67: =SUM(H57:H66) -> 45 | I67: =SUM(I57:I66) -> 66 | J67: =SUM(J57:J66) -> 40 | K67: =SUM(K57:K66) -> 68 | L67: =SUM(L57:L66) -> 85 | ... U67: =SUM(U57:U66) -> 1009
A69: A.1 | B69: 3. | C69: Partai Demokrasi Indonesia Perjuangan | E69: 13 | F69: 0 | G69: 1 | H69: 3 | I69: 1 | J69: 1 | K69: 2 | L69: 0 | M69: 6 | N69: 8 | O69: 5 | P69: 11 | Q69: 10 | R69: 15 | S69: 15 | T69: 3 | U69: =SUM(E69:T69) -> 94
A70: A.2 | B70: 1 | C70: I MADE CAHYANA NEGARA, S.E. | E70: 10 | F70: 5 | G70: 1 | H70: 3 | I70: 7 | J70: 11 | K70: 1 | L70: 3 | M70: 4 | N70: 9 | O70: 9 | P70: 19 | Q70: 20 | R70: 22 | S70: 36 | T70: 36 | U70: =SUM(E70:T70) -> 196
B71: 2 | C71: AGUS WAHYU PANOTO, S.H. | E71: 0 | F71: 1 | G71: 1 | H71: 2 | I71: 1 | J71: 0 | K71: 1 | L71: 0 | M71: 0 | N71: 0 | O71: 0 | P71: 1 | Q71: 2 | R71: 1 | S71: 3 | T71: 0 | U71: =SUM(E71:T71) -> 13
B72: 3 | C72: IIS SUMIYATI | E72: 6 | F72: 5 | G72: 2 | H72: 1 | I72: 6 | J72: 2 | K72: 10 | L72: 0 | M72: 0 | N72: 2 | O72: 12 | P72: 9 | Q72: 22 | R72: 7 | S72: 4 | T72: 0 | U72: =SUM(E72:T72) -> 88
B73: 4 | C73: ACHMAD MUZAMMIL | E73: 1 | F73: 0 | G73: 0 | H73: 0 | I73: 0 | J73: 0 | K73: 0 | L73: 0 | M73: 1 | N73: 1 | O73: 1 | P73: 0 | Q73: 3 | R73: 1 | S73: 3 | T73: 0 | U73: =SUM(E73:T73) -> 11
B74: 5 | C74: WENDRIAWANTO | E74: 1 | F74: 0 | G74: 0 | H74: 0 | I74: 0 | J74: 0 | K74: 0 | L74: 0 | M74: 0 | N74: 0 | O74: 2 | P74: 0 | Q74: 0 | R74: 1 | S74: 0 | T74: 0 | U74: =SUM(E74:T74) -> 4
B75: 6 | C75: PUTRI MEGA AYU WIDIARTI | E75: 0 | F75: 0 | G75: 0 | H75: 0 | I75: 0 | J75: 0 | K75: 0 | L75: 2 | M75: 1 | N75: 1 | O75: 0 | P75: 0 | Q75: 0 | R75: 13 | S75: 1 | T75: 0 | U75: =SUM(E75:T75) -> 18
U76: =SUM(E76:T76) -> 0
U77: =SUM(E77:T77) -> 0
U78: =SUM(E78:T78) -> 0
A79: B | B79: JUMLAH SUARA SAH PARTAI POLITIK DAN CALON (A1 + A2) | E79: =SUM(E69:E78) -> 31 | F79: =SUM(F69:F78) -> 11 | G79: =SUM(G69:G78) -> 5 | H79: =SUM(H69:H78) -> 9 | I79: =SUM(I69:I78) -> 15 | J79: =SUM(J69:J78) -> 14 | K79: =SUM(K69:K78) -> 14 | L79: =SUM(L69:L78) -> 5 | ... U79: =SUM(U69:U78) -> 424
A81: A.1 | B81: 4. | C81: Partai Golongan Karya | E81: 0 | F81: 1 | G81: 1 | H81: 3 | I81: 2 | J81: 1 | K81: 2 | L81: 1 | M81: 2 | N81: 2 | O81: 3 | P81: 3 | Q81: 2 | R81: 1 | S81: 2 | T81: 1 | U81: =SUM(E81:T81) -> 27
A82: A.2 | B82: 1 | C82: UMI KULSUM, S.H. | E82: 1 | F82: 6 | G82: 3 | H82: 3 | I82: 0 | J82: 0 | K82: 1 | L82: 0 | M82: 5 | N82: 0 | O82: 0 | P82: 0 | Q82: 2 | R82: 2 | S82: 0 | T82: 4 | U82: =SUM(E82:T82) -> 27
B83: 2 | C83: SONNY PRAKOSO INDRA, S.E. | E83: 6 | F83: 8 | G83: 5 | H83: 6 | I83: 2 | J83: 0 | K83: 0 | L83: 8 | M83: 0 | N83: 0 | O83: 0 | P83: 1 | Q83: 4 | R83: 0 | S83: 1 | T83: 0 | U83: =SUM(E83:T83) -> 41
B84: 3 | C84: ERJUNA SITI FATIMAH | E84: 1 | F84: 0 | G84: 0 | H84: 0 | I84: 0 | J84: 0 | K84: 0 | L84: 0 | M84: 0 | N84: 0 | O84: 0 | P84: 1 | Q84: 0 | R84: 0 | S84: 0 | T84: 1 | U84: =SUM(E84:T84) -> 3
B85: 4 | C85: SITI MARIYAM | E85: 6 | F85: 3 | G85: 0 | H85: 1 | I85: 3 | J85: 1 | K85: 5 | L85: 3 | M85: 1 | N85: 7 | O85: 7 | P85: 0 | Q85: 2 | R85: 6 | S85: 1 | T85: 0 | U85: =SUM(E85:T85) -> 46
B86: 5 | C86: HERU SUKARNO, S.H. | E86: 0 | F86: 0 | G86: 0 | H86: 0 | I86: 0 | J86: 0 | K86: 0 | L86: 0 | M86: 0 | N86: 0 | O86: 0 | P86: 0 | Q86: 0 | R86: 0 | S86: 0 | T86: 0 | U86: =SUM(E86:T86) -> 0
B87: 6 | C87: AHMAD MUZAYYIN | E87: 0 | F87: 1 | G87: 0 | H87: 0 | I87: 0 | J87: 0 | K87: 0 | L87: 0 | M87: 0 | N87: 0 | O87: 0 | P87: 1 | Q87: 0 | R87: 0 | S87: 1 | T87: 0 | U87: =SUM(E87:T87) -> 3
U88: =SUM(E88:T88) -> 0
U89: =SUM(E89:T89) -> 0
U90: =SUM(E90:T90) -> 0
A91: B | B91: JUMLAH SUARA SAH PARTAI POLITIK DAN CALON (A1 + A2) | E91: =SUM(E81:E90) -> 14 | F91: =SUM(F81:F90) -> 19 | G91: =SUM(G81:G90) -> 9 | H91: =SUM(H81:H90) -> 13 | I91: =SUM(I81:I90) -> 7 | J91: =SUM(J81:J90) -> 2 | K91: =SUM(K81:K90) -> 8 | L91: =SUM(L81:L90) -> 12 | ... U91: =SUM(U81:U90) -> 147
A93: A.1 | B93: 5. | C93: Partai NasDem | E93: 1 | F93: 0 | G93: 0 | H93: 1 | I93: 0 | J93: 0 | K93: 0 | L93: 0 | M93: 0 | N93: 0 | O93: 2 | P93: 2 | Q93: 0 | R93: 0 | S93: 0 | T93: 0 | U93: =SUM(E93:T93) -> 6
A94: A.2 | B94: 1 | C94: DRS. MOH. PADIL | E94: 0 | F94: 0 | G94: 0 | H94: 0 | I94: 0 | J94: 1 | K94: 0 | L94: 0 | M94: 0 | N94: 0 | O94: 0 | P94: 1 | Q94: 0 | R94: 0 | S94: 0 | T94: 0 | U94: =SUM(E94:T94) -> 2
B95: 2 | C95: ALEX WIJAYA KUSUMA | E95: 0 | F95: 0 | G95: 0 | H95: 0 | I95: 1 | J95: 0 | K95: 0 | L95: 0 | M95: 0 | N95: 0 | O95: 0 | P95: 0 | Q95: 0 | R95: 0 | S95: 0 | T95: 0 | U95: =SUM(E95:T95) -> 1
B96: 3 | C96: DANY FARDA MIHMDIAT | E96: 0 | F96: 0 | G96: 0 | H96: 0 | I96: 0 | J96: 0 | K96: 0 | L96: 0 | M96: 0 | N96: 0 | O96: 0 | P96: 0 | Q96: 0 | R96: 1 | S96: 0 | T96: 0 | U96: =SUM(E96:T96) -> 1
B97: 4 | C97: UNTUNG AL AKBAR | E97: 0 | F97: 2 | G97: 4 | H97: 4 | I97: 6 | J97: 6 | K97: 1 | L97: 0 | M97: 1 | N97: 1 | O97: 0 | P97: 2 | Q97: 0 | R97: 7 | S97: 0 | T97: 12 | U97: =SUM(E97:T97) -> 46
B98: 5 | C98: SETYO PONCO UTOMO | E98: 0 | F98: 0 | G98: 0 | H98: 0 | I98: 0 | J98: 0 | K98: 0 | L98: 0 | M98: 0 | N98: 0 | O98: 0 | P98: 0 | Q98: 0 | R98: 0 | S98: 0 | T98: 0 | U98: =SUM(E98:T98) -> 0
B99: 6 | C99: LIA ALYSTIA NINGRUM, S.PD. | E99: 0 | F99: 0 | G99: 0 | H99: 0 | I99: 0 | J99: 3 | K99: 1 | L99: 0 | M99: 0 | N99: 3 | O99: 1 | P99: 0 | Q99: 1 | R99: 6 | S99: 0 | T99: 0 | U99: =SUM(E99:T99) -> 15
U100: =SUM(E100:T100) -> 0
U101: =SUM(E101:T101) -> 0
U102: =SUM(E102:T102) -> 0
A103: B | B103: JUMLAH SUARA SAH PARTAI POLITIK DAN CALON (A1 + A2) | E103: =SUM(E93:E102) -> 1 | F103: =SUM(F93:F102) -> 2 | G103: =SUM(G93:G102) -> 4 | H103: =SUM(H93:H102) -> 5 | I103: =SUM(I93:I102) -> 7 | J103: =SUM(J93:J102) -> 10 | K103: =SUM(K93:K102) -> 2 | L103: =SUM(L93:L102) -> 0 | ... U103: =SUM(U93:U102) -> 71
A105: A.1 | B105: 6. | C105: Partai Buruh | E105: 0 | F105: 0 | G105: 0 | H105: 0 | I105: 0 | J105: 0 | K105: 0 | L105: 0 | M105: 0 | N105: 0 | O105: 0 | P105: 0 | Q105: 0 | R105: 1 | S105: 0 | T105: 0 | U105: =SUM(E105:T105) -> 1
A106: A.2 | U106: =SUM(E106:T106) -> 0
U107: =SUM(E107:T107) -> 0
U108: =SUM(E108:T108) -> 0
U109: =SUM(E109:T109) -> 0
U110: =SUM(E110:T110) -> 0
U111: =SUM(E111:T111) -> 0
U112: =SUM(E112:T112) -> 0
U113: =SUM(E113:T113) -> 0
U114: =SUM(E114:T114) -> 0
A115: B | B115: JUMLAH SUARA SAH PARTAI POLITIK DAN CALON (A1 + A2) | E115: =SUM(E105:E114) -> 0 | F115: =SUM(F105:F114) -> 0 | G115: =SUM(G105:G114) -> 0 | H115: =SUM(H105:H114) -> 0 | I115: =SUM(I105:I114) -> 0 | J115: =SUM(J105:J114) -> 0 | K115: =SUM(K105:K114) -> 0 | L115: =SUM(L105:L114) -> 0 | ... U115: =SUM(U105:U114) -> 1
A117: A.1 | B117: 7. | C117: Partai Gelombang Rakyat Indonesia | E117: 0 | F117: 0 | G117: 0 | H117: 1 | I117: 2 | J117: 0 | K117: 0 | L117: 0 | M117: 0 | N117: 0 | O117: 0 | P117: 1 | Q117: 1 | R117: 0 | S117: 0 | T117: 0 | U117: =SUM(E117:T117) -> 5
...

Sheet WATUKEBO
C2: Kecamatan | D2: WONGSOREJO
C3: Kabupaten | D3: BANYUWANGI
C4: Provinsi | D4: JAWA TIMUR
C9: Kelurahan | D9: WATUKEBO
A12: I | B12: DATA PEMILIH DAN PENGGUNAAN HAK PILIH | Y12: JUMLAH AKHIR
A13: A | B13: DATA PEMILIH | E13: TPS 001 | F13: TPS 002 | G13: TPS 003 | H13: TPS 004 | I13: TPS 005 | J13: TPS 006 | K13: TPS 007 | L13: TPS 008 | M13: TPS 009 | N13: TPS 010 | O13: TPS 011 | P13: TPS 012 | Q13: TPS 013 | R13: TPS 014 | S13: TPS 015 | T13: TPS 016 | U13: TPS 017 | V13: TPS 018 | W13: TPS 019 | X13: TPS 020
B14: Jumlah Pemilih dalam Daftar Pemilih Tetap (DPT) | D14: LK | E14: 115 | F14: 120 | G14: 132 | H14: 144 | I14: 136 | J14: 136 | K14: 143 | L14: 95 | M14: 108 | N14: 143 | O14: 135 | P14: 150 | Q14: 145 | R14: 131 | S14: 143 | T14: 136 | U14: 151 | V14: 134 | W14: 143 | X14: 110 | Y14: =SUM(E14:X14) -> 2650
D15: PR | E15: 117 | F15: 129 | G15: 134 | H15: 145 | I15: 146 | J15: 151 | K15: 141 | L15: 106 | M15: 115 | N15: 151 | O15: 150 | P15: 139 | Q15: 146 | R15: 144 | S15: 152 | T15: 152 | U15: 133 | V15: 137 | W15: 151 | X15: 111 | Y15: =SUM(E15:X15) -> 2750
D16: JML | E16: =SUM(E14:E15) -> 232 | F16: =SUM(F14:F15) -> 249 | G16: =SUM(G14:G15) -> 266 | H16: =SUM(H14:H15) -> 289 | I16: =SUM(I14:I15) -> 282 | J16: =SUM(J14:J15) -> 287 | K16: =SUM(K14:K15) -> 284 | L16: =SUM(L14:L15) -> 201 | ... X16: =SUM(X14:X15) -> 221 | Y16: =SUM(E16:X16) -> 5400
A18: B | B18: PENGGUNA HAK PILIH
B19: 1. | C19: Jumlah pengguna hak pilih dalam Daftar Pemilih Tetap (DPT) | D19: LK | E19: 97 | F19: 92 | G19: 100 | H19: 122 | I19: 119 | J19: 110 | K19: 112 | L19: 86 | M19: 92 | N19: 117 | O19: 119 | P19: 111 | Q19: 110 | R19: 106 | S19: 115 | T19: 106 | U19: 122 | V19: 108 | W19: 124 | X19: 101 | Y19: =SUM(E19:X19) -> 2169
D20: PR | E20: 100 | F20: 110 | G20: 121 | H20: 129 | I20: 132 | J20: 117 | K20: 107 | L20: 92 | M20: 95 | N20: 127 | O20: 118 | P20: 115 | Q20: 107 | R20: 126 | S20: 124 | T20: 124 | U20: 119 | V20: 107 | W20: 137 | X20: 100 | Y20: =SUM(E20:X20) -> 2307
D21: JML | E21: =SUM(E19:E20) -> 197 | F21: =SUM(F19:F20) -> 202 | G21: =SUM(G19:G20) -> 221 | H21: =SUM(H19:H20) -> 251 | I21: =SUM(I19:I20) -> 251 | J21: =SUM(J19:J20) -> 227 | K21: =SUM(K19:K20) -> 219 | L21: =SUM(L19:L20) -> 178 | ... X21: =SUM(X19:X20) -> 201 | Y21: =SUM(E21:X21) -> 4476
B22: 2. | C22: Jumlah pengguna hak pilih dalam Daftar Pemilih Tambahan (DPTb) | D22: LK | E22: 0 | F22: 1 | G22: 1 | H22: 0 | I22: 0 | J22: 0 | K22: 0 | L22: 0 | M22: 0 | N22: 0 | O22: 0 | P22: 0 | Q22: 0 | R22: 0 | S22: 0 | T22: 0 | U22: 0 | V22: 1 | W22: 0 | X22: 0 | Y22: =SUM(E22:X22) -> 3
D23: PR | E23: 0 | F23: 0 | G23: 0 | H23: 0 | I23: 0 | J23: 0 | K23: 0 | L23: 0 | M23: 0 | N23: 0 | O23: 0 | P23: 0 | Q23: 0 | R23: 0 | S23: 0 | T23: 0 | U23: 0 | V23: 0 | W23: 0 | X23: 0 | Y23: =SUM(E23:X23) -> 0
D24: JML | E24: =SUM(E22:E23) -> 0 | F24: =SUM(F22:F23) -> 1 | G24: =SUM(G22:G23) -> 1 | H24: =SUM(H22:H23) -> 0 | I24: =SUM(I22:I23) -> 0 | J24: =SUM(J22:J23) -> 0 | K24: =SUM(K22:K23) -> 0 | L24: =SUM(L22:L23) -> 0 | ... X24: =SUM(X22:X23) -> 0 | Y24: =SUM(E24:X24) -> 3
B25: 3. | C25: Jumlah pengguna hak pilih dalam Daftar Pemilih Khusus (DPK) | D25: LK | E25: 1 | F25: 3 | G25: 0 | H25: 0 | I25: 0 | J25: 0 | K25: 0 | L25: 0 | M25: 0 | N25: 0 | O25: 0 | P25: 0 | Q25: 11 | R25: 0 | S25: 0 | T25: 0 | U25: 0 | V25: 0 | W25: 0 | X25: 0 | Y25: =SUM(E25:X25) -> 15
D26: PR | E26: 0 | F26: 2 | G26: 0 | H26: 0 | I26: 0 | J26: 0 | K26: 0 | L26: 0 | M26: 0 | N26: 0 | O26: 0 | P26: 0 | Q26: 9 | R26: 0 | S26: 0 | T26: 0 | U26: 1 | V26: 0 | W26: 0 | X26: 0 | Y26: =SUM(E26:X26) -> 12
D27: JML | E27: =SUM(E25:E26) -> 1 | F27: =SUM(F25:F26) -> 5 | G27: =SUM(G25:G26) -> 0 | H27: =SUM(H25:H26) -> 0 | I27: =SUM(I25:I26) -> 0 | J27: =SUM(J25:J26) -> 0 | K27: =SUM(K25:K26) -> 0 | L27: =SUM(L25:L26) -> 0 | ... X27: =SUM(X25:X26) -> 0 | Y27: =SUM(E27:X27) -> 27
B28: 4. | C28: Jumlah Pengguna Hak Pilih (B.1+B.2+B.3) | D28: LK | E28: =SUM(E19,E22,E25) -> 98 | F28: =SUM(F19,F22,F25) -> 96 | G28: =SUM(G19,G22,G25) -> 101 | H28: =SUM(H19,H22,H25) -> 122 | I28: =SUM(I19,I22,I25) -> 119 | J28: =SUM(J19,J22,J25) -> 110 | K28: =SUM(K19,K22,K25) -> 112 | L28: =SUM(L19,L22,L25) -> 86 | ... X28: =SUM(X19,X22,X25) -> 101 | Y28: =SUM(E28:X28) -> 2187
D29: PR | E29: =SUM(E20,E23,E26) -> 100 | F29: =SUM(F20,F23,F26) -> 112 | G29: =SUM(G20,G23,G26) -> 121 | H29: =SUM(H20,H23,H26) -> 129 | I29: =SUM(I20,I23,I26) -> 132 | J29: =SUM(J20,J23,J26) -> 117 | K29: =SUM(K20,K23,K26) -> 107 | L29: =SUM(L20,L23,L26) -> 92 | ... X29: =SUM(X20,X23,X26) -> 100 | Y29: =SUM(E29:X29) -> 2319
D30: JML | E30: =SUM(E28:E29) -> 198 | F30: =SUM(F28:F29) -> 208 | G30: =SUM(G28:G29) -> 222 | H30: =SUM(H28:H29) -> 251 | I30: =SUM(I28:I29) -> 251 | J30: =SUM(J28:J29) -> 227 | K30: =SUM(K28:K29) -> 219 | L30: =SUM(L28:L29) -> 178 | ... X30: =SUM(X28:X29) -> 201 | Y30: =SUM(E30:X30) -> 4506
A32: II | B32: DATA PENGGUNAAN SURAT SUARA
A33: 1 | B33: Jumlah surat suara yang diterima, termasuk surat suara cadangan 2,5% dari DPT | E33: 237 | F33: 254 | G33: 272 | H33: 295 | I33: 288 | J33: 293 | K33: 290 | L33: 206 | M33: 228 | N33: 300 | O33: 291 | P33: 295 | Q33: 297 | R33: 281 | S33: 301 | T33: 294 | U33: 290 | V33: 271 | W33: 300 | X33: 226 | Y33: =SUM(E33:X33) -> 5509
A34: 2 | B34: Jumlah surat suara yang digunakan | E34: 198 | F34: 208 | G34: 222 | H34: 251 | I34: 251 | J34: 227 | K34: 219 | L34: 178 | M34: 187 | N34: 244 | O34: 237 | P34: 226 | Q34: 237 | R34: 232 | S34: 239 | T34: 230 | U34: 242 | V34: 216 | W34: 261 | X34: 201 | Y34: =SUM(E34:X34) -> 4506
A35: 3 | B35: Jumlah surat suara dikembalikan oleh pemilih (karena rusak atau keliru coblos) | E35: 0 | F35: 0 | G35: 0 | H35: 0 | I35: 0 | J35: 0 | K35: 0 | L35: 0 | M35: 1 | N35: 0 | O35: 1 | P35: 0 | Q35: 4 | R35: 0 | S35: 0 | T35: 0 | U35: 0 | V35: 5 | W35: 0 | X35: 0 | Y35: =SUM(E35:X35) -> 11
A36: 4 | B36: Jumlah surat suara yang tidak digunakan/tidak terpakai, termasuk sisa surat suara cadangan | E36: =E33-(E34+E35) -> 39 | F36: =F33-(F34+F35) -> 46 | G36: =G33-(G34+G35) -> 50 | H36: =H33-(H34+H35) -> 44 | I36: =I33-(I34+I35) -> 37 | J36: =J33-(J34+J35) -> 66 | K36: =K33-(K34+K35) -> 71 | L36: =L33-(L34+L35) -> 28 | ... X36: =X33-(X34+X35) -> 25 | Y36: =SUM(E36:X36) -> 992
A38: III | B38: DATA PEMILIH DISABILITAS
B39: Jumlah seluruh Pemilih disabilitas yang menggunakan hak pilih | D39: LK | Y39: =SUM(E39:X39) -> 0
D40: PR | Y40: =SUM(E40:X40) -> 0
D41: JML | E41: =SUM(E39:E40) -> 0 | F41: =SUM(F39:F40) -> 0 | G41: =SUM(G39:G40) -> 0 | H41: =SUM(H39:H40) -> 0 | I41: =SUM(I39:I40) -> 0 | J41: =SUM(J39:J40) -> 0 | K41: =SUM(K39:K40) -> 0 | L41: =SUM(L39:L40) -> 0 | ... X41: =SUM(X39:X40) -> 0 | Y41: =SUM(E41:X41) -> 0
A43: IV | B43: DATA RINCIAN PEROLEHAN SUARA PASANGAN CALON BUPATI DAN WAKIL BUPATI
A44: NOMOR DAN NAMA CALON
A45: A.1 | B45: 1. | C45: Partai Kebangkitan Bangsa | E45: 6 | F45: 1 | G45: 8 | H45: 11 | I45: 7 | J45: 16 | K45: 7 | L45: 3 | M45: 11 | N45: 2 | O45: 8 | P45: 8 | Q45: 3 | R45: 5 | S45: 7 | T45: 2 | U45: 4 | V45: 4 | W45: 1 | X45: 2 | Y45: =SUM(E45:X45) -> 116
A46: A.2 | B46: 1 | C46: HJ. SITI MAKHROCHATIN NI’MAH, S.PD., M.M. | E46: 12 | F46: 4 | G46: 36 | H46: 51 | I46: 19 | J46: 27 | K46: 15 | L46: 2 | M46: 37 | N46: 7 | O46: 19 | P46: 6 | Q46: 1 | R46: 5 | S46: 7 | T46: 1 | U46: 4 | V46: 3 | W46: 2 | X46: 1 | Y46: =SUM(E46:X46) -> 259
B47: 2 | C47: A. TAUFIK | E47: 12 | F47: 20 | G47: 15 | H47: 19 | I47: 2 | J47: 12 | K47: 5 | L47: 12 | M47: 8 | N47: 6 | O47: 14 | P47: 30 | Q47: 15 | R47: 26 | S47: 63 | T47: 7 | U47: 31 | V47: 8 | W47: 8 | X47: 0 | Y47: =SUM(E47:X47) -> 313
B48: 3 | C48: KHOIRUL FAHMI ISKANDAR, S.PD | E48: 0 | F48: 0 | G48: 0 | H48: 0 | I48: 1 | J48: 1 | K48: 0 | L48: 0 | M48: 0 | N48: 0 | O48: 0 | P48: 0 | Q48: 0 | R48: 0 | S48: 0 | T48: 0 | U48: 0 | V48: 1 | W48: 0 | X48: 0 | Y48: =SUM(E48:X48) -> 3
B49: 4 | C49: AKHMAD, S.PD., M.M. | E49: 0 | F49: 2 | G49: 1 | H49: 3 | I49: 0 | J49: 0 | K49: 0 | L49: 0 | M49: 0 | N49: 0 | O49: 0 | P49: 0 | Q49: 1 | R49: 0 | S49: 0 | T49: 0 | U49: 2 | V49: 0 | W49: 0 | X49: 0 | Y49: =SUM(E49:X49) -> 9
B50: 5 | C50: SOFI WULANDARI, S.H. | E50: 0 | F50: 0 | G50: 0 | H50: 0 | I50: 0 | J50: 0 | K50: 0 | L50: 0 | M50: 0 | N50: 0 | O50: 1 | P50: 0 | Q50: 0 | R50: 0 | S50: 0 | T50: 0 | U50: 0 | V50: 0 | W50: 0 | X50: 0 | Y50: =SUM(E50:X50) -> 1
B51: 6 | C51: AL MA’ARIF | E51: 0 | F51: 0 | G51: 0 | H51: 0 | I51: 0 | J51: 0 | K51: 0 | L51: 0 | M51: 0 | N51: 0 | O51: 0 | P51: 0 | Q51: 0 | R51: 0 | S51: 0 | T51: 0 | U51: 0 | V51: 0 | W51: 0 | X51: 0 | Y51: =SUM(E51:X51) -> 0
Y52: =SUM(E52:X52) -> 0
Y53: =SUM(E53:X53) -> 0
Y54: =SUM(E54:X54) -> 0
A55: B | B55: JUMLAH SUARA SAH PARTAI POLITIK DAN CALON (A1 + A2) | E55: =SUM(E45:E54) -> 30 | F55: =SUM(F45:F54) -> 27 | G55: =SUM(G45:G54) -> 60 | H55: =SUM(H45:H54) -> 84 | I55: =SUM(I45:I54) -> 29 | J55: =SUM(J45:J54) -> 56 | K55: =SUM(K45:K54) -> 27 | L55: =SUM(L45:L54) -> 17 | ... Y55: =SUM(Y45:Y54) -> 701
A57: A.1 | B57: 2. | C57: Partai Gerakan Indonesia Raya | E57: 17 | F57: 13 | G57: 15 | H57: 9 | I57: 10 | J57: 34 | K57: 17 | L57: 9 | M57: 11 | N57: 24 | O57: 22 | P57: 18 | Q57: 9 | R57: 22 | S57: 24 | T57: 11 | U57: 18 | V57: 15 | W57: 13 | X57: 1 | Y57: =SUM(E57:X57) -> 312
A58: A.2 | B58: 1 | C58: ASRILA DISKA RIMUNDA | E58: 130 | F58: 143 | G58: 90 | H58: 78 | I58: 154 | J58: 85 | K58: 127 | L58: 37 | M58: 75 | N58: 170 | O58: 141 | P58: 116 | Q58: 189 | R58: 132 | S58: 96 | T58: 201 | U58: 164 | V58: 169 | W58: 222 | X58: 193 | Y58: =SUM(E58:X58) -> 2712
B59: 2 | C59: ANIK MUSYAROFAH | E59: 2 | F59: 1 | G59: 1 | H59: 5 | I59: 3 | J59: 1 | K59: 1 | L59: 2 | M59: 1 | N59: 1 | O59: 1 | P59: 7 | Q59: 2 | R59: 3 | S59: 2 | T59: 2 | U59: 1 | V59: 2 | W59: 0 | X59: 1 | Y59: =SUM(E59:X59) -> 39
B60: 3 | C60: JOKO MISBONO | E60: 0 | F60: 0 | G60: 0 | H60: 0 | I60: 0 | J60: 0 | K60: 0 | L60: 1 | M60: 0 | N60: 2 | O60: 0 | P60: 1 | Q60: 0 | R60: 0 | S60: 0 | T60: 0 | U60: 1 | V60: 0 | W60: 0 | X60: 0 | Y60: =SUM(E60:X60) -> 5
B61: 4 | C61: REKTO PUSPITASARI | E61: 0 | F61: 0 | G61: 0 | H61: 1 | I61: 0 | J61: 1 | K61: 0 | L61: 6 | M61: 1 | N61: 0 | O61: 0 | P61: 0 | Q61: 0 | R61: 0 | S61: 1 | T61: 0 | U61: 0 | V61: 0 | W61: 0 | X61: 0 | Y61: =SUM(E61:X61) -> 10
B62: 5 | C62: AHMAD KHOMSI WAHYUDI | E62: 0 | F62: 0 | G62: 0 | H62: 0 | I62: 0 | J62: 0 | K62: 0 | L62: 0 | M62: 0 | N62: 0 | O62: 0 | P62: 0 | Q62: 0 | R62: 0 | S62: 0 | T62: 0 | U62: 0 | V62: 0 | W62: 0 | X62: 0 | Y62: =SUM(E62:X62) -> 0
B63: 6 | C63: ACHI RIZAL FIRDAUS | E63: 0 | F63: 0 | G63: 0 | H63: 0 | I63: 0 | J63: 0 | K63: 0 | L63: 0 | M63: 0 | N63: 0 | O63: 0 | P63: 1 | Q63: 0 | R63: 0 | S63: 0 | T63: 0 | U63: 0 | V63: 0 | W63: 0 | X63: 1 | Y63: =SUM(E63:X63) -> 2
Y64: =SUM(E64:X64) -> 0
Y65: =SUM(E65:X65) -> 0
Y66: =SUM(E66:X66) -> 0
A67: B | B67: JUMLAH SUARA SAH PARTAI POLITIK DAN CALON (A1 + A2) | E67: =SUM(E57:E66) -> 149 | F67: =SUM(F57:F66) -> 157 | G67: =SUM(G57:G66) -> 106 | H67: =SUM(H57:H66) -> 93 | I67: =SUM(I57:I66) -> 167 | J67: =SUM(J57:J66) -> 121 | K67: =SUM(K57:K66) -> 145 | L67: =SUM(L57:L66) -> 55 | ... Y67: =SUM(Y57:Y66) -> 3080
A69: A.1 | B69: 3. | C69: Partai Demokrasi Indonesia Perjuangan | E69: 2 | F69: 0 | G69: 3 | H69: 1 | I69: 1 | J69: 5 | K69: 1 | L69: 2 | M69: 1 | N69: 5 | O69: 1 | P69: 4 | Q69: 2 | R69: 1 | S69: 1 | T69: 0 | U69: 0 | V69: 0 | W69: 1 | X69: 0 | Y69: =SUM(E69:X69) -> 31
A70: A.2 | B70: 1 | C70: I MADE CAHYANA NEGARA, S.E. | E70: 2 | F70: 5 | G70: 4 | H70: 2 | I70: 1 | J70: 0 | K70: 3 | L70: 4 | M70: 4 | N70: 1 | O70: 2 | P70: 1 | Q70: 1 | R70: 12 | S70: 10 | T70: 0 | U70: 2 | V70: 0 | W70: 1 | X70: 0 | Y70: =SUM(E70:X70) -> 55
B71: 2 | C71: AGUS WAHYU PANOTO, S.H. | E71: 0 | F71: 0 | G71: 0 | H71: 0 | I71: 0 | J71: 0 | K71: 0 | L71: 0 | M71: 0 | N71: 0 | O71: 0 | P71: 1 | Q71: 0 | R71: 0 | S71: 0 | T71: 0 | U71: 0 | V71: 0 | W71: 0 | X71: 0 | Y71: =SUM(E71:X71) -> 1
B72: 3 | C72: IIS SUMIYATI | E72: 0 | F72: 1 | G72: 2 | H72: 0 | I72: 0 | J72: 1 | K72: 3 | L72: 0 | M72: 0 | N72: 1 | O72: 0 | P72: 0 | Q72: 1 | R72: 0 | S72: 0 | T72: 0 | U72: 5 | V72: 0 | W72: 0 | X72: 0 | Y72: =SUM(E72:X72) -> 14
B73: 4 | C73: ACHMAD MUZAMMIL | E73: 0 | F73: 1 | G73: 0 | H73: 0 | I73: 0 | J73: 0 | K73: 0 | L73: 0 | M73: 0 | N73: 0 | O73: 0 | P73: 0 | Q73: 0 | R73: 0 | S73: 0 | T73: 0 | U73: 1 | V73: 2 | W73: 0 | X73: 0 | Y73: =SUM(E73:X73) -> 4
B74: 5 | C74: WENDRIAWANTO | E74: 0 | F74: 0 | G74: 0 | H74: 0 | I74: 0 | J74: 0 | K74: 0 | L74: 0 | M74: 0 | N74: 0 | O74: 0 | P74: 0 | Q74: 1 | R74: 0 | S74: 0 | T74: 0 | U74: 0 | V74: 0 | W74: 0 | X74: 0 | Y74: =SUM(E74:X74) -> 1
B75: 6 | C75: PUTRI MEGA AYU WIDIARTI | E75: 0 | F75: 1 | G75: 0 | H75: 1 | I75: 1 | J75: 0 | K75: 0 | L75: 0 | M75: 4 | N75: 0 | O75: 0 | P75: 4 | Q75: 0 | R75: 0 | S75: 0 | T75: 0 | U75: 0 | V75: 0 | W75: 2 | X75: 0 | Y75: =SUM(E75:X75) -> 13
Y76: =SUM(E76:X76) -> 0
Y77: =SUM(E77:X77) -> 0
Y78: =SUM(E78:X78) -> 0
A79: B | B79: JUMLAH SUARA SAH PARTAI POLITIK DAN CALON (A1 + A2) | E79: =SUM(E69:E78) -> 4 | F79: =SUM(F69:F78) -> 8 | G79: =SUM(G69:G78) -> 9 | H79: =SUM(H69:H78) -> 4 | I79: =SUM(I69:I78) -> 3 | J79: =SUM(J69:J78) -> 6 | K79: =SUM(K69:K78) -> 7 | L79: =SUM(L69:L78) -> 6 | ... Y79: =SUM(Y69:Y78) -> 119
A81: A.1 | B81: 4. | C81: Partai Golongan Karya | E81: 0 | F81: 0 | G81: 1 | H81: 2 | I81: 2 | J81: 2 | K81: 3 | L81: 2 | M81: 1 | N81: 0 | O81: 0 | P81: 0 | Q81: 0 | R81: 0 | S81: 1 | T81: 0 | U81: 0 | V81: 0 | W81: 0 | X81: 0 | Y81: =SUM(E81:X81) -> 14
A82: A.2 | B82: 1 | C82: UMI KULSUM, S.H. | E82: 0 | F82: 5 | G82: 4 | H82: 23 | I82: 8 | J82: 18 | K82: 0 | L82: 0 | M82: 0 | N82: 0 | O82: 0 | P82: 1 | Q82: 0 | R82: 1 | S82: 0 | T82: 0 | U82: 0 | V82: 0 | W82: 0 | X82: 0 | Y82: =SUM(E82:X82) -> 60
B83: 2 | C83: SONNY PRAKOSO INDRA, S.E. | E83: 0 | F83: 0 | G83: 0 | H83: 0 | I83: 0 | J83: 0 | K83: 6 | L83: 1 | M83: 0 | N83: 0 | O83: 1 | P83: 1 | Q83: 0 | R83: 0 | S83: 6 | T83: 0 | U83: 0 | V83: 0 | W83: 0 | X83: 0 | Y83: =SUM(E83:X83) -> 15
B84: 3 | C84: ERJUNA SITI FATIMAH | E84: 0 | F84: 0 | G84: 0 | H84: 0 | I84: 0 | J84: 0 | K84: 0 | L84: 0 | M84: 0 | N84: 0 | O84: 0 | P84: 0 | Q84: 1 | R84: 0 | S84: 0 | T84: 0 | U84: 0 | V84: 0 | W84: 0 | X84: 0 | Y84: =SUM(E84:X84) -> 1
B85: 4 | C85: SITI MARIYAM | E85: 1 | F85: 0 | G85: 0 | H85: 0 | I85: 11 | J85: 0 | K85: 10 | L85: 2 | M85: 0 | N85: 1 | O85: 2 | P85: 0 | Q85: 0 | R85: 1 | S85: 4 | T85: 0 | U85: 3 | V85: 0 | W85: 0 | X85: 0 | Y85: =SUM(E85:X85) -> 35
B86: 5 | C86: HERU SUKARNO, S.H. | E86: 0 | F86: 0 | G86: 0 | H86: 0 | I86: 0 | J86: 0 | K86: 0 | L86: 0 | M86: 0 | N86: 0 | O86: 0 | P86: 0 | Q86: 0 | R86: 0 | S86: 0 | T86: 0 | U86: 0 | V86: 0 | W86: 0 | X86: 0 | Y86: =SUM(E86:X86) -> 0
B87: 6 | C87: AHMAD MUZAYYIN | E87: 0 | F87: 0 | G87: 0 | H87: 0 | I87: 0 | J87: 0 | K87: 0 | L87: 0 | M87: 0 | N87: 0 | O87: 0 | P87: 0 | Q87: 0 | R87: 0 | S87: 0 | T87: 0 | U87: 0 | V87: 0 | W87: 0 | X87: 0 | Y87: =SUM(E87:X87) -> 0
Y88: =SUM(E88:X88) -> 0
Y89: =SUM(E89:X89) -> 0
Y90: =SUM(E90:X90) -> 0
A91: B | B91: JUMLAH SUARA SAH PARTAI POLITIK DAN CALON (A1 + A2) | E91: =SUM(E81:E90) -> 1 | F91: =SUM(F81:F90) -> 5 | G91: =SUM(G81:G90) -> 5 | H91: =SUM(H81:H90) -> 25 | I91: =SUM(I81:I90) -> 21 | J91: =SUM(J81:J90) -> 20 | K91: =SUM(K81:K90) -> 19 | L91: =SUM(L81:L90) -> 5 | ... Y91: =SUM(Y81:Y90) -> 125
A93: A.1 | B93: 5. | C93: Partai NasDem | E93: 0 | F93: 0 | G93: 0 | H93: 0 | I93: 0 | J93: 0 | K93: 1 | L93: 0 | M93: 0 | N93: 0 | O93: 0 | P93: 0 | Q93: 0 | R93: 1 | S93: 1 | T93: 0 | U93: 0 | V93: 1 | W93: 0 | X93: 0 | Y93: =SUM(E93:X93) -> 4
A94: A.2 | B94: 1 | C94: DRS. MOH. PADIL | E94: 0 | F94: 0 | G94: 0 | H94: 0 | I94: 0 | J94: 0 | K94: 0 | L94: 0 | M94: 0 | N94: 1 | O94: 0 | P94: 0 | Q94: 0 | R94: 0 | S94: 0 | T94: 0 | U94: 0 | V94: 0 | W94: 0 | X94: 0 | Y94: =SUM(E94:X94) -> 1
B95: 2 | C95: ALEX WIJAYA KUSUMA | E95: 0 | F95: 0 | G95: 0 | H95: 0 | I95: 0 | J95: 0 | K95: 0 | L95: 0 | M95: 0 | N95: 0 | O95: 0 | P95: 0 | Q95: 0 | R95: 0 | S95: 0 | T95: 0 | U95: 0 | V95: 0 | W95: 0 | X95: 0 | Y95: =SUM(E95:X95) -> 0
B96: 3 | C96: DANY FARDA MIHMDIAT | E96: 0 | F96: 0 | G96: 0 | H96: 0 | I96: 0 | J96: 0 | K96: 0 | L96: 0 | M96: 0 | N96: 0 | O96: 0 | P96: 0 | Q96: 0 | R96: 0 | S96: 0 | T96: 0 | U96: 0 | V96: 0 | W96: 0 | X96: 0 | Y96: =SUM(E96:X96) -> 0
B97: 4 | C97: UNTUNG AL AKBAR | E97: 0 | F97: 0 | G97: 1 | H97: 0 | I97: 0 | J97: 0 | K97: 0 | L97: 0 | M97: 2 | N97: 0 | O97: 0 | P97: 0 | Q97: 6 | R97: 0 | S97: 1 | T97: 0 | U97: 3 | V97: 5 | W97: 0 | X97: 0 | Y97: =SUM(E97:X97) -> 18
B98: 5 | C98: SETYO PONCO UTOMO | E98: 0 | F98: 0 | G98: 0 | H98: 0 | I98: 0 | J98: 0 | K98: 0 | L98: 0 | M98: 0 | N98: 0 | O98: 0 | P98: 0 | Q98: 0 | R98: 0 | S98: 0 | T98: 0 | U98: 0 | V98: 0 | W98: 0 | X98: 0 | Y98: =SUM(E98:X98) -> 0
B99: 6 | C99: LIA ALYSTIA NINGRUM, S.PD. | E99: 0 | F99: 0 | G99: 0 | H99: 0 | I99: 0 | J99: 0 | K99: 0 | L99: 0 | M99: 0 | N99: 0 | O99: 0 | P99: 0 | Q99: 0 | R99: 0 | S99: 0 | T99: 0 | U99: 0 | V99: 0 | W99: 0 | X99: 0 | Y99: =SUM(E99:X99) -> 0
Y100: =SUM(E100:X100) -> 0
Y101: =SUM(E101:X101) -> 0
Y102: =SUM(E102:X102) -> 0
A103: B | B103: JUMLAH SUARA SAH PARTAI POLITIK DAN CALON (A1 + A2) | E103: =SUM(E93:E102) -> 0 | F103: =SUM(F93:F102) -> 0 | G103: =SUM(G93:G102) -> 1 | H103: =SUM(H93:H102) -> 0 | I103: =SUM(I93:I102) -> 0 | J103: =SUM(J93:J102) -> 0 | K103: =SUM(K93:K102) -> 1 | L103: =SUM(L93:L102) -> 0 | ... Y103: =SUM(Y93:Y102) -> 23
A105: A.1 | B105: 6. | C105: Partai Buruh | E105: 1 | F105: 1 | G105: 0 | H105: 0 | I105: 0 | J105: 0 | K105: 0 | L105: 0 | M105: 0 | N105: 0 | O105: 0 | P105: 2 | Q105: 0 | R105: 0 | S105: 0 | T105: 1 | U105: 0 | V105: 0 | W105: 0 | X105: 0 | Y105: =SUM(E105:X105) -> 5
A106: A.2 | Y106: =SUM(E106:X106) -> 0
Y107: =SUM(E107:X107) -> 0
Y108: =SUM(E108:X108) -> 0
Y109: =SUM(E109:X109) -> 0
Y110: =SUM(E110:X110) -> 0
Y111: =SUM(E111:X111) -> 0
Y112: =SUM(E112:X112) -> 0
Y113: =SUM(E113:X113) -> 0
Y114: =SUM(E114:X114) -> 0
A115: B | B115: JUMLAH SUARA SAH PARTAI POLITIK DAN CALON (A1 + A2) | E115: =SUM(E105:E114) -> 1 | F115: =SUM(F105:F114) -> 1 | G115: =SUM(G105:G114) -> 0 | H115: =SUM(H105:H114) -> 0 | I115: =SUM(I105:I114) -> 0 | J115: =SUM(J105:J114) -> 0 | K115: =SUM(K105:K114) -> 0 | L115: =SUM(L105:L114) -> 0 | ... Y115: =SUM(Y105:Y114) -> 5
A117: A.1 | B117: 7. | C117: Partai Gelombang Rakyat Indonesia | E117: 0 | F117: 0 | G117: 0 | H117: 0 | I117: 0 | J117: 0 | K117: 2 | L117: 1 | M117: 0 | N117: 1 | O117: 0 | P117: 0 | Q117: 0 | R117: 0 | S117: 1 | T117: 0 | U117: 0 | V117: 0 | W117: 0 | X117: 0 | Y117: =SUM(E117:X117) -> 5
...

Sheet ALASREJO
C2: Kecamatan | D2: WONGSOREJO
C3: Kabupaten | D3: BANYUWANGI
C4: Provinsi | D4: JAWA TIMUR
C9: Kelurahan | D9: ALASREJO
A12: I | B12: DATA PEMILIH DAN PENGGUNAAN HAK PILIH | U12: JUMLAH AKHIR
A13: A | B13: DATA PEMILIH | E13: TPS 001 | F13: TPS 002 | G13: TPS 003 | H13: TPS 004 | I13: TPS 005 | J13: TPS 006 | K13: TPS 007 | L13: TPS 008 | M13: TPS 009 | N13: TPS 010 | O13: TPS 011 | P13: TPS 012 | Q13: TPS 013 | R13: TPS 014 | S13: TPS 015 | T13: TPS 016
B14: Jumlah Pemilih dalam Daftar Pemilih Tetap (DPT) | D14: LK | E14: 99 | F14: 128 | G14: 131 | H14: 141 | I14: 140 | J14: 136 | K14: 148 | L14: 132 | M14: 136 | N14: 142 | O14: 130 | P14: 139 | Q14: 123 | R14: 142 | S14: 144 | T14: 138 | U14: =SUM(E14:T14) -> 2149
D15: PR | E15: 114 | F15: 141 | G15: 138 | H15: 135 | I15: 144 | J15: 137 | K15: 135 | L15: 150 | M15: 148 | N15: 138 | O15: 147 | P15: 144 | Q15: 148 | R15: 146 | S15: 147 | T15: 146 | U15: =SUM(E15:T15) -> 2258
D16: JML | E16: =SUM(E14:E15) -> 213 | F16: =SUM(F14:F15) -> 269 | G16: =SUM(G14:G15) -> 269 | H16: =SUM(H14:H15) -> 276 | I16: =SUM(I14:I15) -> 284 | J16: =SUM(J14:J15) -> 273 | K16: =SUM(K14:K15) -> 283 | L16: =SUM(L14:L15) -> 282 | ... T16: =SUM(T14:T15) -> 284 | U16: =SUM(E16:T16) -> 4407
A18: B | B18: PENGGUNA HAK PILIH
B19: 1. | C19: Jumlah pengguna hak pilih dalam Daftar Pemilih Tetap (DPT) | D19: LK | E19: 75 | F19: 109 | G19: 98 | H19: 107 | I19: 104 | J19: 94 | K19: 108 | L19: 98 | M19: 109 | N19: 104 | O19: 107 | P19: 111 | Q19: 106 | R19: 106 | S19: 105 | T19: 103 | U19: =SUM(E19:T19) -> 1644
D20: PR | E20: 92 | F20: 113 | G20: 107 | H20: 110 | I20: 125 | J20: 98 | K20: 110 | L20: 113 | M20: 123 | N20: 107 | O20: 114 | P20: 110 | Q20: 126 | R20: 115 | S20: 119 | T20: 112 | U20: =SUM(E20:T20) -> 1794
D21: JML | E21: =SUM(E19:E20) -> 167 | F21: =SUM(F19:F20) -> 222 | G21: =SUM(G19:G20) -> 205 | H21: =SUM(H19:H20) -> 217 | I21: =SUM(I19:I20) -> 229 | J21: =SUM(J19:J20) -> 192 | K21: =SUM(K19:K20) -> 218 | L21: =SUM(L19:L20) -> 211 | ... T21: =SUM(T19:T20) -> 215 | U21: =SUM(E21:T21) -> 3438
B22: 2. | C22: Jumlah pengguna hak pilih dalam Daftar Pemilih Tambahan (DPTb) | D22: LK | E22: 0 | F22: 0 | G22: 0 | H22: 0 | I22: 0 | J22: 0 | K22: 2 | L22: 0 | M22: 0 | N22: 1 | O22: 1 | P22: 0 | Q22: 0 | R22: 1 | S22: 1 | T22: 0 | U22: =SUM(E22:T22) -> 6
D23: PR | E23: 0 | F23: 0 | G23: 0 | H23: 0 | I23: 0 | J23: 0 | K23: 0 | L23: 0 | M23: 1 | N23: 0 | O23: 0 | P23: 0 | Q23: 0 | R23: 1 | S23: 2 | T23: 0 | U23: =SUM(E23:T23) -> 4
D24: JML | E24: =SUM(E22:E23) -> 0 | F24: =SUM(F22:F23) -> 0 | G24: =SUM(G22:G23) -> 0 | H24: =SUM(H22:H23) -> 0 | I24: =SUM(I22:I23) -> 0 | J24: =SUM(J22:J23) -> 0 | K24: =SUM(K22:K23) -> 2 | L24: =SUM(L22:L23) -> 0 | ... T24: =SUM(T22:T23) -> 0 | U24: =SUM(E24:T24) -> 10
B25: 3. | C25: Jumlah pengguna hak pilih dalam Daftar Pemilih Khusus (DPK) | D25: LK | E25: 4 | F25: 0 | G25: 0 | H25: 0 | I25: 0 | J25: 0 | K25: 0 | L25: 0 | M25: 1 | N25: 0 | O25: 5 | P25: 1 | Q25: 0 | R25: 0 | S25: 0 | T25: 0 | U25: =SUM(E25:T25) -> 11
D26: PR | E26: 3 | F26: 0 | G26: 0 | H26: 0 | I26: 0 | J26: 0 | K26: 0 | L26: 0 | M26: 3 | N26: 0 | O26: 8 | P26: 0 | Q26: 0 | R26: 0 | S26: 0 | T26: 0 | U26: =SUM(E26:T26) -> 14
D27: JML | E27: =SUM(E25:E26) -> 7 | F27: =SUM(F25:F26) -> 0 | G27: =SUM(G25:G26) -> 0 | H27: =SUM(H25:H26) -> 0 | I27: =SUM(I25:I26) -> 0 | J27: =SUM(J25:J26) -> 0 | K27: =SUM(K25:K26) -> 0 | L27: =SUM(L25:L26) -> 0 | ... T27: =SUM(T25:T26) -> 0 | U27: =SUM(E27:T27) -> 25
B28: 4. | C28: Jumlah Pengguna Hak Pilih (B.1+B.2+B.3) | D28: LK | E28: =SUM(E19,E22,E25) -> 79 | F28: =SUM(F19,F22,F25) -> 109 | G28: =SUM(G19,G22,G25) -> 98 | H28: =SUM(H19,H22,H25) -> 107 | I28: =SUM(I19,I22,I25) -> 104 | J28: =SUM(J19,J22,J25) -> 94 | K28: =SUM(K19,K22,K25) -> 110 | L28: =SUM(L19,L22,L25) -> 98 | ... T28: =SUM(T19,T22,T25) -> 103 | U28: =SUM(E28:T28) -> 1661
D29: PR | E29: =SUM(E20,E23,E26) -> 95 | F29: =SUM(F20,F23,F26) -> 113 | G29: =SUM(G20,G23,G26) -> 107 | H29: =SUM(H20,H23,H26) -> 110 | I29: =SUM(I20,I23,I26) -> 125 | J29: =SUM(J20,J23,J26) -> 98 | K29: =SUM(K20,K23,K26) -> 110 | L29: =SUM(L20,L23,L26) -> 113 | ... T29: =SUM(T20,T23,T26) -> 112 | U29: =SUM(E29:T29) -> 1812
D30: JML | E30: =SUM(E28:E29) -> 174 | F30: =SUM(F28:F29) -> 222 | G30: =SUM(G28:G29) -> 205 | H30: =SUM(H28:H29) -> 217 | I30: =SUM(I28:I29) -> 229 | J30: =SUM(J28:J29) -> 192 | K30: =SUM(K28:K29) -> 220 | L30: =SUM(L28:L29) -> 211 | ... T30: =SUM(T28:T29) -> 215 | U30: =SUM(E30:T30) -> 3473
A32: II | B32: DATA PENGGUNAAN SURAT SUARA
A33: 1 | B33: Jumlah surat suara yang diterima, termasuk surat suara cadangan 2,5% dari DPT | E33: 218 | F33: 275 | G33: 275 | H33: 282 | I33: 290 | J33: 279 | K33: 289 | L33: 288 | M33: 290 | N33: 286 | O33: 283 | P33: 289 | Q33: 278 | R33: 294 | S33: 297 | T33: 290 | U33: =SUM(E33:T33) -> 4503
A34: 2 | B34: Jumlah surat suara yang digunakan | E34: 174 | F34: 222 | G34: 205 | H34: 217 | I34: 229 | J34: 192 | K34: 220 | L34: 211 | M34: 237 | N34: 212 | O34: 235 | P34: 222 | Q34: 232 | R34: 223 | S34: 227 | T34: 215 | U34: =SUM(E34:T34) -> 3473
A35: 3 | B35: Jumlah surat suara dikembalikan oleh pemilih (karena rusak atau keliru coblos) | E35: 1 | F35: 1 | G35: 1 | H35: 1 | I35: 1 | J35: 0 | K35: 0 | L35: 1 | M35: 0 | N35: 3 | O35: 1 | P35: 1 | Q35: 1 | R35: 0 | S35: 0 | T35: 0 | U35: =SUM(E35:T35) -> 12
A36: 4 | B36: Jumlah surat suara yang tidak digunakan/tidak terpakai, termasuk sisa surat suara cadangan | E36: =E33-(E34+E35) -> 43 | F36: =F33-(F34+F35) -> 52 | G36: =G33-(G34+G35) -> 69 | H36: =H33-(H34+H35) -> 64 | I36: =I33-(I34+I35) -> 60 | J36: =J33-(J34+J35) -> 87 | K36: =K33-(K34+K35) -> 69 | L36: =L33-(L34+L35) -> 76 | ... T36: =T33-(T34+T35) -> 75 | U36: =SUM(E36:T36) -> 1018
A38: III | B38: DATA PEMILIH DISABILITAS
B39: Jumlah seluruh Pemilih disabilitas yang menggunakan hak pilih | D39: LK | U39: =SUM(E39:T39) -> 0
D40: PR | U40: =SUM(E40:T40) -> 0
D41: JML | E41: =SUM(E39:E40) -> 0 | F41: =SUM(F39:F40) -> 0 | G41: =SUM(G39:G40) -> 0 | H41: =SUM(H39:H40) -> 0 | I41: =SUM(I39:I40) -> 0 | J41: =SUM(J39:J40) -> 0 | K41: =SUM(K39:K40) -> 0 | L41: =SUM(L39:L40) -> 0 | ... T41: =SUM(T39:T40) -> 0 | U41: =SUM(E41:T41) -> 0
A43: IV | B43: DATA RINCIAN PEROLEHAN SUARA PASANGAN CALON BUPATI DAN WAKIL BUPATI
A44: NOMOR DAN NAMA CALON
A45: A.1 | B45: 1. | C45: Partai Kebangkitan Bangsa | E45: 7 | F45: 3 | G45: 5 | H45: 8 | I45: 6 | J45: 6 | K45: 8 | L45: 9 | M45: 7 | N45: 10 | O45: 9 | P45: 5 | Q45: 4 | R45: 12 | S45: 13 | T45: 9 | U45: =SUM(E45:T45) -> 121
A46: A.2 | B46: 1 | C46: HJ. SITI MAKHROCHATIN NI’MAH, S.PD., M.M. | E46: 4 | F46: 0 | G46: 3 | H46: 4 | I46: 9 | J46: 5 | K46: 2 | L46: 4 | M46: 6 | N46: 2 | O46: 16 | P46: 19 | Q46: 3 | R46: 13 | S46: 18 | T46: 5 | U46: =SUM(E46:T46) -> 113
B47: 2 | C47: A. TAUFIK | E47: 87 | F47: 16 | G47: 16 | H47: 50 | I47: 25 | J47: 30 | K47: 72 | L47: 40 | M47: 20 | N47: 24 | O47: 10 | P47: 14 | Q47: 23 | R47: 24 | S47: 26 | T47: 89 | U47: =SUM(E47:T47) -> 566
B48: 3 | C48: KHOIRUL FAHMI ISKANDAR, S.PD | E48: 0 | F48: 0 | G48: 0 | H48: 0 | I48: 1 | J48: 0 | K48: 0 | L48: 1 | M48: 0 | N48: 1 | O48: 1 | P48: 2 | Q48: 2 | R48: 1 | S48: 0 | T48: 0 | U48: =SUM(E48:T48) -> 9
B49: 4 | C49: AKHMAD, S.PD., M.M. | E49: 0 | F49: 0 | G49: 0 | H49: 0 | I49: 0 | J49: 2 | K49: 0 | L49: 0 | M49: 0 | N49: 0 | O49: 0 | P49: 1 | Q49: 8 | R49: 4 | S49: 3 | T49: 0 | U49: =SUM(E49:T49) -> 18
B50: 5 | C50: SOFI WULANDARI, S.H. | E50: 0 | F50: 0 | G50: 0 | H50: 0 | I50: 0 | J50: 0 | K50: 0 | L50: 0 | M50: 0 | N50: 0 | O50: 1 | P50: 0 | Q50: 0 | R50: 0 | S50: 0 | T50: 0 | U50: =SUM(E50:T50) -> 1
B51: 6 | C51: AL MA’ARIF | E51: 0 | F51: 1 | G51: 0 | H51: 0 | I51: 0 | J51: 0 | K51: 0 | L51: 0 | M51: 0 | N51: 0 | O51: 0 | P51: 0 | Q51: 0 | R51: 0 | S51: 0 | T51: 0 | U51: =SUM(E51:T51) -> 1
U52: =SUM(E52:T52) -> 0
U53: =SUM(E53:T53) -> 0
U54: =SUM(E54:T54) -> 0
A55: B | B55: JUMLAH SUARA SAH PARTAI POLITIK DAN CALON (A1 + A2) | E55: =SUM(E45:E54) -> 98 | F55: =SUM(F45:F54) -> 20 | G55: =SUM(G45:G54) -> 24 | H55: =SUM(H45:H54) -> 62 | I55: =SUM(I45:I54) -> 41 | J55: =SUM(J45:J54) -> 43 | K55: =SUM(K45:K54) -> 82 | L55: =SUM(L45:L54) -> 54 | ... U55: =SUM(U45:U54) -> 829
A57: A.1 | B57: 2. | C57: Partai Gerakan Indonesia Raya | E57: 7 | F57: 4 | G57: 19 | H57: 3 | I57: 12 | J57: 4 | K57: 9 | L57: 16 | M57: 15 | N57: 17 | O57: 13 | P57: 10 | Q57: 3 | R57: 10 | S57: 10 | T57: 11 | U57: =SUM(E57:T57) -> 163
A58: A.2 | B58: 1 | C58: ASRILA DISKA RIMUNDA | E58: 10 | F58: 75 | G58: 75 | H58: 64 | I58: 39 | J58: 19 | K58: 25 | L58: 30 | M58: 73 | N58: 27 | O58: 14 | P58: 10 | Q58: 10 | R58: 12 | S58: 38 | T58: 16 | U58: =SUM(E58:T58) -> 537
B59: 2 | C59: ANIK MUSYAROFAH | E59: 1 | F59: 3 | G59: 0 | H59: 1 | I59: 0 | J59: 2 | K59: 1 | L59: 6 | M59: 1 | N59: 23 | O59: 20 | P59: 15 | Q59: 2 | R59: 5 | S59: 8 | T59: 3 | U59: =SUM(E59:T59) -> 91
B60: 3 | C60: JOKO MISBONO | E60: 0 | F60: 0 | G60: 0 | H60: 0 | I60: 1 | J60: 1 | K60: 1 | L60: 2 | M60: 2 | N60: 1 | O60: 1 | P60: 0 | Q60: 0 | R60: 1 | S60: 0 | T60: 1 | U60: =SUM(E60:T60) -> 11
B61: 4 | C61: REKTO PUSPITASARI | E61: 0 | F61: 1 | G61: 0 | H61: 1 | I61: 2 | J61: 1 | K61: 1 | L61: 1 | M61: 0 | N61: 0 | O61: 0 | P61: 0 | Q61: 0 | R61: 0 | S61: 0 | T61: 0 | U61: =SUM(E61:T61) -> 7
B62: 5 | C62: AHMAD KHOMSI WAHYUDI | E62: 0 | F62: 0 | G62: 0 | H62: 0 | I62: 1 | J62: 0 | K62: 0 | L62: 0 | M62: 0 | N62: 0 | O62: 1 | P62: 4 | Q62: 0 | R62: 0 | S62: 0 | T62: 0 | U62: =SUM(E62:T62) -> 6
B63: 6 | C63: ACHI RIZAL FIRDAUS | E63: 0 | F63: 0 | G63: 1 | H63: 0 | I63: 1 | J63: 0 | K63: 0 | L63: 1 | M63: 0 | N63: 0 | O63: 0 | P63: 0 | Q63: 0 | R63: 0 | S63: 0 | T63: 1 | U63: =SUM(E63:T63) -> 4
U64: =SUM(E64:T64) -> 0
U65: =SUM(E65:T65) -> 0
U66: =SUM(E66:T66) -> 0
A67: B | B67: JUMLAH SUARA SAH PARTAI POLITIK DAN CALON (A1 + A2) | E67: =SUM(E57:E66) -> 18 | F67: =SUM(F57:F66) -> 83 | G67: =SUM(G57:G66) -> 95 | H67: =SUM(H57:H66) -> 69 | I67: =SUM(I57:I66) -> 56 | J67: =SUM(J57:J66) -> 27 | K67: =SUM(K57:K66) -> 37 | L67: =SUM(L57:L66) -> 56 | ... U67: =SUM(U57:U66) -> 819
A69: A.1 | B69: 3. | C69: Partai Demokrasi Indonesia Perjuangan | E69: 7 | F69: 3 | G69: 2 | H69: 1 | I69: 2 | J69: 5 | K69: 8 | L69: 6 | M69: 4 | N69: 6 | O69: 4 | P69: 1 | Q69: 5 | R69: 5 | S69: 7 | T69: 3 | U69: =SUM(E69:T69) -> 69
A70: A.2 | B70: 1 | C70: I MADE CAHYANA NEGARA, S.E. | E70: 1 | F70: 2 | G70: 0 | H70: 0 | I70: 2 | J70: 0 | K70: 2 | L70: 9 | M70: 4 | N70: 3 | O70: 3 | P70: 1 | Q70: 2 | R70: 3 | S70: 0 | T70: 4 | U70: =SUM(E70:T70) -> 36
B71: 2 | C71: AGUS WAHYU PANOTO, S.H. | E71: 0 | F71: 0 | G71: 0 | H71: 0 | I71: 1 | J71: 0 | K71: 1 | L71: 0 | M71: 2 | N71: 1 | O71: 0 | P71: 1 | Q71: 0 | R71: 1 | S71: 1 | T71: 1 | U71: =SUM(E71:T71) -> 9
B72: 3 | C72: IIS SUMIYATI | E72: 2 | F72: 0 | G72: 0 | H72: 1 | I72: 1 | J72: 1 | K72: 2 | L72: 2 | M72: 2 | N72: 3 | O72: 1 | P72: 1 | Q72: 0 | R72: 0 | S72: 2 | T72: 0 | U72: =SUM(E72:T72) -> 18
B73: 4 | C73: ACHMAD MUZAMMIL | E73: 0 | F73: 1 | G73: 0 | H73: 0 | I73: 0 | J73: 0 | K73: 1 | L73: 1 | M73: 0 | N73: 1 | O73: 0 | P73: 0 | Q73: 0 | R73: 1 | S73: 0 | T73: 0 | U73: =SUM(E73:T73) -> 5
B74: 5 | C74: WENDRIAWANTO | E74: 1 | F74: 0 | G74: 0 | H74: 0 | I74: 0 | J74: 0 | K74: 0 | L74: 0 | M74: 0 | N74: 2 | O74: 0 | P74: 0 | Q74: 0 | R74: 0 | S74: 0 | T74: 0 | U74: =SUM(E74:T74) -> 3
B75: 6 | C75: PUTRI MEGA AYU WIDIARTI | E75: 15 | F75: 61 | G75: 34 | H75: 36 | I75: 27 | J75: 15 | K75: 3 | L75: 23 | M75: 18 | N75: 14 | O75: 9 | P75: 18 | Q75: 44 | R75: 8 | S75: 13 | T75: 10 | U75: =SUM(E75:T75) -> 348
U76: =SUM(E76:T76) -> 0
U77: =SUM(E77:T77) -> 0
U78: =SUM(E78:T78) -> 0
A79: B | B79: JUMLAH SUARA SAH PARTAI POLITIK DAN CALON (A1 + A2) | E79: =SUM(E69:E78) -> 26 | F79: =SUM(F69:F78) -> 67 | G79: =SUM(G69:G78) -> 36 | H79: =SUM(H69:H78) -> 38 | I79: =SUM(I69:I78) -> 33 | J79: =SUM(J69:J78) -> 21 | K79: =SUM(K69:K78) -> 17 | L79: =SUM(L69:L78) -> 41 | ... U79: =SUM(U69:U78) -> 488
A81: A.1 | B81: 4. | C81: Partai Golongan Karya | E81: 0 | F81: 0 | G81: 2 | H81: 0 | I81: 1 | J81: 0 | K81: 1 | L81: 0 | M81: 0 | N81: 2 | O81: 2 | P81: 5 | Q81: 0 | R81: 1 | S81: 0 | T81: 0 | U81: =SUM(E81:T81) -> 14
A82: A.2 | B82: 1 | C82: UMI KULSUM, S.H. | E82: 1 | F82: 2 | G82: 0 | H82: 0 | I82: 1 | J82: 0 | K82: 0 | L82: 1 | M82: 0 | N82: 0 | O82: 4 | P82: 0 | Q82: 0 | R82: 0 | S82: 0 | T82: 1 | U82: =SUM(E82:T82) -> 10
B83: 2 | C83: SONNY PRAKOSO INDRA, S.E. | E83: 0 | F83: 0 | G83: 6 | H83: 0 | I83: 1 | J83: 2 | K83: 1 | L83: 0 | M83: 1 | N83: 0 | O83: 0 | P83: 0 | Q83: 3 | R83: 0 | S83: 0 | T83: 0 | U83: =SUM(E83:T83) -> 14
B84: 3 | C84: ERJUNA SITI FATIMAH | E84: 0 | F84: 0 | G84: 0 | H84: 0 | I84: 0 | J84: 0 | K84: 0 | L84: 0 | M84: 0 | N84: 0 | O84: 0 | P84: 1 | Q84: 0 | R84: 0 | S84: 0 | T84: 0 | U84: =SUM(E84:T84) -> 1
B85: 4 | C85: SITI MARIYAM | E85: 2 | F85: 6 | G85: 4 | H85: 2 | I85: 1 | J85: 1 | K85: 1 | L85: 0 | M85: 2 | N85: 0 | O85: 4 | P85: 0 | Q85: 0 | R85: 0 | S85: 0 | T85: 0 | U85: =SUM(E85:T85) -> 23
B86: 5 | C86: HERU SUKARNO, S.H. | E86: 0 | F86: 0 | G86: 0 | H86: 0 | I86: 0 | J86: 0 | K86: 0 | L86: 0 | M86: 0 | N86: 0 | O86: 0 | P86: 0 | Q86: 0 | R86: 0 | S86: 0 | T86: 0 | U86: =SUM(E86:T86) -> 0
B87: 6 | C87: AHMAD MUZAYYIN | E87: 0 | F87: 0 | G87: 0 | H87: 0 | I87: 0 | J87: 0 | K87: 0 | L87: 0 | M87: 0 | N87: 0 | O87: 1 | P87: 0 | Q87: 0 | R87: 0 | S87: 0 | T87: 0 | U87: =SUM(E87:T87) -> 1
U88: =SUM(E88:T88) -> 0
U89: =SUM(E89:T89) -> 0
U90: =SUM(E90:T90) -> 0
A91: B | B91: JUMLAH SUARA SAH PARTAI POLITIK DAN CALON (A1 + A2) | E91: =SUM(E81:E90) -> 3 | F91: =SUM(F81:F90) -> 8 | G91: =SUM(G81:G90) -> 12 | H91: =SUM(H81:H90) -> 2 | I91: =SUM(I81:I90) -> 4 | J91: =SUM(J81:J90) -> 3 | K91: =SUM(K81:K90) -> 3 | L91: =SUM(L81:L90) -> 1 | ... U91: =SUM(U81:U90) -> 63
A93: A.1 | B93: 5. | C93: Partai NasDem | E93: 0 | F93: 1 | G93: 0 | H93: 1 | I93: 1 | J93: 1 | K93: 2 | L93: 3 | M93: 2 | N93: 2 | O93: 3 | P93: 8 | Q93: 5 | R93: 2 | S93: 2 | T93: 0 | U93: =SUM(E93:T93) -> 33
A94: A.2 | B94: 1 | C94: DRS. MOH. PADIL | E94: 1 | F94: 0 | G94: 0 | H94: 0 | I94: 2 | J94: 0 | K94: 1 | L94: 0 | M94: 1 | N94: 0 | O94: 0 | P94: 1 | Q94: 0 | R94: 1 | S94: 0 | T94: 0 | U94: =SUM(E94:T94) -> 7
B95: 2 | C95: ALEX WIJAYA KUSUMA | E95: 2 | F95: 0 | G95: 0 | H95: 0 | I95: 0 | J95: 0 | K95: 0 | L95: 0 | M95: 0 | N95: 0 | O95: 0 | P95: 0 | Q95: 0 | R95: 0 | S95: 1 | T95: 0 | U95: =SUM(E95:T95) -> 3
B96: 3 | C96: DANY FARDA MIHMDIAT | E96: 0 | F96: 0 | G96: 1 | H96: 0 | I96: 0 | J96: 0 | K96: 0 | L96: 0 | M96: 0 | N96: 0 | O96: 1 | P96: 1 | Q96: 1 | R96: 1 | S96: 0 | T96: 0 | U96: =SUM(E96:T96) -> 5
B97: 4 | C97: UNTUNG AL AKBAR | E97: 0 | F97: 0 | G97: 0 | H97: 5 | I97: 7 | J97: 4 | K97: 5 | L97: 3 | M97: 1 | N97: 7 | O97: 14 | P97: 5 | Q97: 9 | R97: 2 | S97: 1 | T97: 0 | U97: =SUM(E97:T97) -> 63
B98: 5 | C98: SETYO PONCO UTOMO | E98: 0 | F98: 0 | G98: 0 | H98: 0 | I98: 0 | J98: 0 | K98: 0 | L98: 6 | M98: 0 | N98: 0 | O98: 0 | P98: 2 | Q98: 0 | R98: 1 | S98: 2 | T98: 0 | U98: =SUM(E98:T98) -> 11
B99: 6 | C99: LIA ALYSTIA NINGRUM, S.PD. | E99: 2 | F99: 15 | G99: 15 | H99: 12 | I99: 21 | J99: 4 | K99: 17 | L99: 13 | M99: 15 | N99: 10 | O99: 29 | P99: 43 | Q99: 57 | R99: 61 | S99: 22 | T99: 12 | U99: =SUM(E99:T99) -> 348
U100: =SUM(E100:T100) -> 0
U101: =SUM(E101:T101) -> 0
U102: =SUM(E102:T102) -> 0
A103: B | B103: JUMLAH SUARA SAH PARTAI POLITIK DAN CALON (A1 + A2) | E103: =SUM(E93:E102) -> 5 | F103: =SUM(F93:F102) -> 16 | G103: =SUM(G93:G102) -> 16 | H103: =SUM(H93:H102) -> 18 | I103: =SUM(I93:I102) -> 31 | J103: =SUM(J93:J102) -> 9 | K103: =SUM(K93:K102) -> 25 | L103: =SUM(L93:L102) -> 25 | ... U103: =SUM(U93:U102) -> 470
A105: A.1 | B105: 6. | C105: Partai Buruh | E105: 0 | F105: 3 | G105: 0 | H105: 1 | I105: 8 | J105: 1 | K105: 2 | L105: 0 | M105: 0 | N105: 0 | O105: 0 | P105: 2 | Q105: 3 | R105: 4 | S105: 1 | T105: 2 | U105: =SUM(E105:T105) -> 27
A106: A.2 | U106: =SUM(E106:T106) -> 0
U107: =SUM(E107:T107) -> 0
U108: =SUM(E108:T108) -> 0
U109: =SUM(E109:T109) -> 0
U110: =SUM(E110:T110) -> 0
U111: =SUM(E111:T111) -> 0
U112: =SUM(E112:T112) -> 0
U113: =SUM(E113:T113) -> 0
U114: =SUM(E114:T114) -> 0
A115: B | B115: JUMLAH SUARA SAH PARTAI POLITIK DAN CALON (A1 + A2) | E115: =SUM(E105:E114) -> 0 | F115: =SUM(F105:F114) -> 3 | G115: =SUM(G105:G114) -> 0 | H115: =SUM(H105:H114) -> 1 | I115: =SUM(I105:I114) -> 8 | J115: =SUM(J105:J114) -> 1 | K115: =SUM(K105:K114) -> 2 | L115: =SUM(L105:L114) -> 0 | ... U115: =SUM(U105:U114) -> 27
A117: A.1 | B117: 7. | C117: Partai Gelombang Rakyat Indonesia | E117: 1 | F117: 0 | G117: 1 | H117: 0 | I117: 1 | J117: 0 | K117: 1 | L117: 1 | M117: 1 | N117: 2 | O117: 0 | P117: 1 | Q117: 0 | R117: 1 | S117: 0 | T117: 0 | U117: =SUM(E117:T117) -> 10
...

Sheet SIDOWANGI
C2: Kecamatan | D2: WONGSOREJO
C3: Kabupaten | D3: BANYUWANGI
C4: Provinsi | D4: JAWA TIMUR
C9: Kelurahan | D9: SIDOWANGI
A12: I | B12: DATA PEMILIH DAN PENGGUNAAN HAK PILIH | P12: JUMLAH AKHIR
A13: A | B13: DATA PEMILIH | E13: TPS 001 | F13: TPS 002 | G13: TPS 003 | H13: TPS 004 | I13: TPS 005 | J13: TPS 006 | K13: TPS 007 | L13: TPS 008 | M13: TPS 009 | N13: TPS 010 | O13: TPS 011
B14: Jumlah Pemilih dalam Daftar Pemilih Tetap (DPT) | D14: LK | E14: 149 | F14: 133 | G14: 133 | H14: 110 | I14: 129 | J14: 135 | K14: 117 | L14: 145 | M14: 132 | N14: 146 | O14: 124 | P14: =SUM(E14:O14) -> 1453
D15: PR | E15: 139 | F15: 136 | G15: 139 | H15: 105 | I15: 128 | J15: 146 | K15: 110 | L15: 137 | M15: 149 | N15: 141 | O15: 112 | P15: =SUM(E15:O15) -> 1442
D16: JML | E16: =SUM(E14:E15) -> 288 | F16: =SUM(F14:F15) -> 269 | G16: =SUM(G14:G15) -> 272 | H16: =SUM(H14:H15) -> 215 | I16: =SUM(I14:I15) -> 257 | J16: =SUM(J14:J15) -> 281 | K16: =SUM(K14:K15) -> 227 | L16: =SUM(L14:L15) -> 282 | ... O16: =SUM(O14:O15) -> 236 | P16: =SUM(E16:O16) -> 2895
A18: B | B18: PENGGUNA HAK PILIH
B19: 1. | C19: Jumlah pengguna hak pilih dalam Daftar Pemilih Tetap (DPT) | D19: LK | E19: 111 | F19: 87 | G19: 107 | H19: 82 | I19: 102 | J19: 95 | K19: 76 | L19: 88 | M19: 97 | N19: 108 | O19: 95 | P19: =SUM(E19:O19) -> 1048
D20: PR | E20: 124 | F20: 110 | G20: 121 | H20: 84 | I20: 94 | J20: 112 | K20: 88 | L20: 89 | M20: 111 | N20: 116 | O20: 90 | P20: =SUM(E20:O20) -> 1139
D21: JML | E21: =SUM(E19:E20) -> 235 | F21: =SUM(F19:F20) -> 197 | G21: =SUM(G19:G20) -> 228 | H21: =SUM(H19:H20) -> 166 | I21: =SUM(I19:I20) -> 196 | J21: =SUM(J19:J20) -> 207 | K21: =SUM(K19:K20) -> 164 | L21: =SUM(L19:L20) -> 177 | ... O21: =SUM(O19:O20) -> 185 | P21: =SUM(E21:O21) -> 2187
B22: 2. | C22: Jumlah pengguna hak pilih dalam Daftar Pemilih Tambahan (DPTb) | D22: LK | E22: 0 | F22: 0 | G22: 0 | H22: 0 | I22: 0 | J22: 0 | K22: 0 | L22: 0 | M22: 0 | N22: 0 | O22: 0 | P22: =SUM(E22:O22) -> 0
D23: PR | E23: 0 | F23: 0 | G23: 0 | H23: 0 | I23: 0 | J23: 0 | K23: 0 | L23: 0 | M23: 0 | N23: 0 | O23: 1 | P23: =SUM(E23:O23) -> 1
D24: JML | E24: =SUM(E22:E23) -> 0 | F24: =SUM(F22:F23) -> 0 | G24: =SUM(G22:G23) -> 0 | H24: =SUM(H22:H23) -> 0 | I24: =SUM(I22:I23) -> 0 | J24: =SUM(J22:J23) -> 0 | K24: =SUM(K22:K23) -> 0 | L24: =SUM(L22:L23) -> 0 | ... O24: =SUM(O22:O23) -> 1 | P24: =SUM(E24:O24) -> 1
B25: 3. | C25: Jumlah pengguna hak pilih dalam Daftar Pemilih Khusus (DPK) | D25: LK | E25: 0 | F25: 0 | G25: 0 | H25: 0 | I25: 0 | J25: 0 | K25: 2 | L25: 2 | M25: 0 | N25: 0 | O25: 3 | P25: =SUM(E25:O25) -> 7
D26: PR | E26: 0 | F26: 0 | G26: 0 | H26: 0 | I26: 0 | J26: 0 | K26: 1 | L26: 2 | M26: 0 | N26: 0 | O26: 0 | P26: =SUM(E26:O26) -> 3
D27: JML | E27: =SUM(E25:E26) -> 0 | F27: =SUM(F25:F26) -> 0 | G27: =SUM(G25:G26) -> 0 | H27: =SUM(H25:H26) -> 0 | I27: =SUM(I25:I26) -> 0 | J27: =SUM(J25:J26) -> 0 | K27: =SUM(K25:K26) -> 3 | L27: =SUM(L25:L26) -> 4 | ... O27: =SUM(O25:O26) -> 3 | P27: =SUM(E27:O27) -> 10
B28: 4. | C28: Jumlah Pengguna Hak Pilih (B.1+B.2+B.3) | D28: LK | E28: =SUM(E19,E22,E25) -> 111 | F28: =SUM(F19,F22,F25) -> 87 | G28: =SUM(G19,G22,G25) -> 107 | H28: =SUM(H19,H22,H25) -> 82 | I28: =SUM(I19,I22,I25) -> 102 | J28: =SUM(J19,J22,J25) -> 95 | K28: =SUM(K19,K22,K25) -> 78 | L28: =SUM(L19,L22,L25) -> 90 | ... O28: =SUM(O19,O22,O25) -> 98 | P28: =SUM(E28:O28) -> 1055
D29: PR | E29: =SUM(E20,E23,E26) -> 124 | F29: =SUM(F20,F23,F26) -> 110 | G29: =SUM(G20,G23,G26) -> 121 | H29: =SUM(H20,H23,H26) -> 84 | I29: =SUM(I20,I23,I26) -> 94 | J29: =SUM(J20,J23,J26) -> 112 | K29: =SUM(K20,K23,K26) -> 89 | L29: =SUM(L20,L23,L26) -> 91 | ... O29: =SUM(O20,O23,O26) -> 91 | P29: =SUM(E29:O29) -> 1143
D30: JML | E30: =SUM(E28:E29) -> 235 | F30: =SUM(F28:F29) -> 197 | G30: =SUM(G28:G29) -> 228 | H30: =SUM(H28:H29) -> 166 | I30: =SUM(I28:I29) -> 196 | J30: =SUM(J28:J29) -> 207 | K30: =SUM(K28:K29) -> 167 | L30: =SUM(L28:L29) -> 181 | ... O30: =SUM(O28:O29) -> 189 | P30: =SUM(E30:O30) -> 2198
A32: II | B32: DATA PENGGUNAAN SURAT SUARA
A33: 1 | B33: Jumlah surat suara yang diterima, termasuk surat suara cadangan 2,5% dari DPT | E33: 294 | F33: 275 | G33: 277 | H33: 220 | I33: 263 | J33: 287 | K33: 230 | L33: 287 | M33: 287 | N33: 283 | O33: 241 | P33: =SUM(E33:O33) -> 2944
A34: 2 | B34: Jumlah surat suara yang digunakan | E34: 235 | F34: 197 | G34: 228 | H34: 166 | I34: 196 | J34: 207 | K34: 167 | L34: 181 | M34: 208 | N34: 224 | O34: 189 | P34: =SUM(E34:O34) -> 2198
A35: 3 | B35: Jumlah surat suara dikembalikan oleh pemilih (karena rusak atau keliru coblos) | E35: 0 | F35: 0 | G35: 0 | H35: 0 | I35: 0 | J35: 0 | K35: 0 | L35: 0 | M35: 0 | N35: 0 | O35: 0 | P35: =SUM(E35:O35) -> 0
A36: 4 | B36: Jumlah surat suara yang tidak digunakan/tidak terpakai, termasuk sisa surat suara cadangan | E36: =E33-(E34+E35) -> 59 | F36: =F33-(F34+F35) -> 78 | G36: =G33-(G34+G35) -> 49 | H36: =H33-(H34+H35) -> 54 | I36: =I33-(I34+I35) -> 67 | J36: =J33-(J34+J35) -> 80 | K36: =K33-(K34+K35) -> 63 | L36: =L33-(L34+L35) -> 106 | ... O36: =O33-(O34+O35) -> 52 | P36: =SUM(E36:O36) -> 746
A38: III | B38: DATA PEMILIH DISABILITAS
B39: Jumlah seluruh Pemilih disabilitas yang menggunakan hak pilih | D39: LK | P39: =SUM(E39:O39) -> 0
D40: PR | P40: =SUM(E40:O40) -> 0
D41: JML | E41: =SUM(E39:E40) -> 0 | F41: =SUM(F39:F40) -> 0 | G41: =SUM(G39:G40) -> 0 | H41: =SUM(H39:H40) -> 0 | I41: =SUM(I39:I40) -> 0 | J41: =SUM(J39:J40) -> 0 | K41: =SUM(K39:K40) -> 0 | L41: =SUM(L39:L40) -> 0 | ... O41: =SUM(O39:O40) -> 0 | P41: =SUM(E41:O41) -> 0
A43: IV | B43: DATA RINCIAN PEROLEHAN SUARA PASANGAN CALON BUPATI DAN WAKIL BUPATI
A44: NOMOR DAN NAMA CALON
