Workbook

Sheet DPRD KAB
C8: Kecamatan | D8: GENTENG
C9: Kabupaten | D9: BANYUWANGI
C10: Provinsi | D10: JAWA TIMUR
A12: I | B12: DATA PEMILIH DAN PENGGUNAAN HAK PILIH | E12: JUMLAH AKHIR
A13: A | B13: DATA PEMILIH
B14: Jumlah Pemilih dalam Daftar Pemilih Tetap (DPT) | D14: LK | E14: ='GENTENG KULON'!BK14+'GENTENG WETAN'!BL14+KALIGONDO!BB14+KEMBIRITAN!BQ14+SETAIL!BC14 -> 36085
D15: PR | E15: ='GENTENG KULON'!BK15+'GENTENG WETAN'!BL15+KALIGONDO!BB15+KEMBIRITAN!BQ15+SETAIL!BC15 -> 36168
D16: JML | E16: =SUM(E14:E15) -> 72253
A18: B | B18: PENGGUNA HAK PILIH
B19: 1. | C19: Jumlah pengguna hak pilih dalam Daftar Pemilih Tetap (DPT) | D19: LK | E19: ='GENTENG KULON'!BK19+'GENTENG WETAN'!BL19+KALIGONDO!BB19+KEMBIRITAN!BQ19+SETAIL!BC19 -> 26160
D20: PR | E20: ='GENTENG KULON'!BK20+'GENTENG WETAN'!BL20+KALIGONDO!BB20+KEMBIRITAN!BQ20+SETAIL!BC20 -> 28216
D21: JML | E21: =SUM(E19:E20) -> 54376
B22: 2. | C22: Jumlah pengguna hak pilih dalam Daftar Pemilih Tambahan (DPTb) | D22: LK | E22: ='GENTENG KULON'!BK22+'GENTENG WETAN'!BL22+KALIGONDO!BB22+KEMBIRITAN!BQ22+SETAIL!BC22 -> 68
D23: PR | E23: ='GENTENG KULON'!BK23+'GENTENG WETAN'!BL23+KALIGONDO!BB23+KEMBIRITAN!BQ23+SETAIL!BC23 -> 68
D24: JML | E24: =SUM(E22:E23) -> 136
B25: 3. | C25: Jumlah pengguna hak pilih dalam Daftar Pemilih Khusus (DPK) | D25: LK | E25: ='GENTENG KULON'!BK25+'GENTENG WETAN'!BL25+KALIGONDO!BB25+KEMBIRITAN!BQ25+SETAIL!BC25 -> 281
D26: PR | E26: ='GENTENG KULON'!BK26+'GENTENG WETAN'!BL26+KALIGONDO!BB26+KEMBIRITAN!BQ26+SETAIL!BC26 -> 393
D27: JML | E27: =SUM(E25:E26) -> 674
B28: 4. | C28: Jumlah Pengguna Hak Pilih (B.1+B.2+B.3) | D28: LK | E28: =E19+E22+E25 -> 26509
D29: PR | E29: =E20+E23+E26 -> 28677
D30: JML | E30: =SUM(E28:E29) -> 55186
A32: II | B32: DATA PENGGUNAAN SURAT SUARA
A33: 1 | B33: Jumlah surat suara yang diterima, termasuk surat suara cadangan 2,5% dari DPT | E33: ='GENTENG KULON'!BK33+'GENTENG WETAN'!BL33+KALIGONDO!BB33+KEMBIRITAN!BQ33+SETAIL!BC33 -> 73795
A34: 2 | B34: Jumlah surat suara yang digunakan | E34: ='GENTENG KULON'!BK34+'GENTENG WETAN'!BL34+KALIGONDO!BB34+KEMBIRITAN!BQ34+SETAIL!BC34 -> 55188
A35: 3 | B35: Jumlah surat suara dikembalikan oleh pemilih (karena rusak atau keliru coblos) | E35: ='GENTENG KULON'!BK35+'GENTENG WETAN'!BL35+KALIGONDO!BB35+KEMBIRITAN!BQ35+SETAIL!BC35 -> 91
A36: 4 | B36: Jumlah surat suara yang tidak digunakan/tidak terpakai, termasuk sisa surat suara cadangan | E36: =E33-(E34+E35) -> 18516
A38: III | B38: DATA PEMILIH DISABILITAS
B39: Jumlah seluruh Pemilih disabilitas yang menggunakan hak pilih | D39: LK | E39: ='GENTENG KULON'!BK39+'GENTENG WETAN'!BL39+KALIGONDO!BB39+KEMBIRITAN!BQ39+SETAIL!BC39 -> 44
D40: PR | E40: ='GENTENG KULON'!BK40+'GENTENG WETAN'!BL40+KALIGONDO!BB40+KEMBIRITAN!BQ40+SETAIL!BC40 -> 48
D41: JML | E41: =SUM(E39:E40) -> 92
A43: IV | B43: DATA RINCIAN PEROLEHAN SUARA PASANGAN CALON BUPATI DAN WAKIL BUPATI
A44: NOMOR DAN NAMA CALON
A45: A.1 | B45: 1. | C45: Partai Kebangkitan Bangsa | E45: ='GENTENG KULON'!BK45+'GENTENG WETAN'!BL45+KALIGONDO!BB45+KEMBIRITAN!BQ45+SETAIL!BC45 -> 1409
A46: A.2 | C46: 1. H. KHUSNAN, S.Ag., M.Pd.I. | E46: ='GENTENG KULON'!BK46+'GENTENG WETAN'!BL46+KALIGONDO!BB46+KEMBIRITAN!BQ46+SETAIL!BC46 -> 2228
C47: 2. MARA QONITHA LAYLIA | E47: ='GENTENG KULON'!BK47+'GENTENG WETAN'!BL47+KALIGONDO!BB47+KEMBIRITAN!BQ47+SETAIL!BC47 -> 678
C48: 3. ZAKI AL MUBAROK, M.Si. | E48: ='GENTENG KULON'!BK48+'GENTENG WETAN'!BL48+KALIGONDO!BB48+KEMBIRITAN!BQ48+SETAIL!BC48 -> 3924
C49: 4. INAYATUL MAHMUDAH, S.Pd. | E49: ='GENTENG KULON'!BK49+'GENTENG WETAN'!BL49+KALIGONDO!BB49+KEMBIRITAN!BQ49+SETAIL!BC49 -> 228
C50: 5. HABIBURRAHMAN AL KHOLILI | E50: ='GENTENG KULON'!BK50+'GENTENG WETAN'!BL50+KALIGONDO!BB50+KEMBIRITAN!BQ50+SETAIL!BC50 -> 75
C51: 6. INDIARTI NOVIDA, A.Md. | E51: ='GENTENG KULON'!BK51+'GENTENG WETAN'!BL51+KALIGONDO!BB51+KEMBIRITAN!BQ51+SETAIL!BC51 -> 25
C52: 7. RUDI DARMAWAN, S.Pd.I. | E52: ='GENTENG KULON'!BK52+'GENTENG WETAN'!BL52+KALIGONDO!BB52+KEMBIRITAN!BQ52+SETAIL!BC52 -> 45
A53: B | B53: JUMLAH SUARA SAH PARTAI POLITIK DAN CALON (A1 + A2) | E53: =SUM(E45:E52) -> 8612
A55: A.1 | B55: 2. | C55: Partai Gerakan Indonesia Raya | E55: ='GENTENG KULON'!BK55+'GENTENG WETAN'!BL55+KALIGONDO!BB55+KEMBIRITAN!BQ55+SETAIL!BC55 -> 1667
A56: A.2 | C56: 1. ABDUL GHOFUR | E56: ='GENTENG KULON'!BK56+'GENTENG WETAN'!BL56+KALIGONDO!BB56+KEMBIRITAN!BQ56+SETAIL!BC56 -> 981
C57: 2. Drs. MOCHAMMAD RIFA'I, M.Pd. | E57: ='GENTENG KULON'!BK57+'GENTENG WETAN'!BL57+KALIGONDO!BB57+KEMBIRITAN!BQ57+SETAIL!BC57 -> 1425
C58: 3. SITI BADRIYAH | E58: ='GENTENG KULON'!BK58+'GENTENG WETAN'!BL58+KALIGONDO!BB58+KEMBIRITAN!BQ58+SETAIL!BC58 -> 214
C59: 4. FARUQ | E59: ='GENTENG KULON'!BK59+'GENTENG WETAN'!BL59+KALIGONDO!BB59+KEMBIRITAN!BQ59+SETAIL!BC59 -> 1562
C60: 5. H. HARIYANTO HARI WIJAYA, S.T. | E60: ='GENTENG KULON'!BK60+'GENTENG WETAN'!BL60+KALIGONDO!BB60+KEMBIRITAN!BQ60+SETAIL!BC60 -> 998
C61: 6. SRI ASTUTIK | E61: ='GENTENG KULON'!BK61+'GENTENG WETAN'!BL61+KALIGONDO!BB61+KEMBIRITAN!BQ61+SETAIL!BC61 -> 74
C62: 7. MUSTOLIH | E62: ='GENTENG KULON'!BK62+'GENTENG WETAN'!BL62+KALIGONDO!BB62+KEMBIRITAN!BQ62+SETAIL!BC62 -> 1509
A63: B | B63: JUMLAH SUARA SAH PARTAI POLITIK DAN CALON (A1 + A2) | E63: =SUM(E55:E62) -> 8430
A65: A.1 | B65: 3. | C65: Partai Demokrasi Indonesia Perjuangan | E65: ='GENTENG KULON'!BK65+'GENTENG WETAN'!BL65+KALIGONDO!BB65+KEMBIRITAN!BQ65+SETAIL!BC65 -> 1830
A66: A.2 | C66: 1. FICKY SEPTALINDA, S.E. | E66: ='GENTENG KULON'!BK66+'GENTENG WETAN'!BL66+KALIGONDO!BB66+KEMBIRITAN!BQ66+SETAIL!BC66 -> 4016
C67: 2. TATANG SUROYO | E67: ='GENTENG KULON'!BK67+'GENTENG WETAN'!BL67+KALIGONDO!BB67+KEMBIRITAN!BQ67+SETAIL!BC67 -> 140
C68: 3. SITI JAMI`AH | E68: ='GENTENG KULON'!BK68+'GENTENG WETAN'!BL68+KALIGONDO!BB68+KEMBIRITAN!BQ68+SETAIL!BC68 -> 742
C69: 4. ADNAN | E69: ='GENTENG KULON'!BK69+'GENTENG WETAN'!BL69+KALIGONDO!BB69+KEMBIRITAN!BQ69+SETAIL!BC69 -> 796
C70: 5. RINA WIJAYANTI | E70: ='GENTENG KULON'!BK70+'GENTENG WETAN'!BL70+KALIGONDO!BB70+KEMBIRITAN!BQ70+SETAIL!BC70 -> 137
C71: 6. RIAS DEMILYA | E71: ='GENTENG KULON'!BK71+'GENTENG WETAN'!BL71+KALIGONDO!BB71+KEMBIRITAN!BQ71+SETAIL!BC71 -> 32
C72: 7. EKO PRIYONO, S.E. | E72: ='GENTENG KULON'!BK72+'GENTENG WETAN'!BL72+KALIGONDO!BB72+KEMBIRITAN!BQ72+SETAIL!BC72 -> 299
A73: B | B73: JUMLAH SUARA SAH PARTAI POLITIK DAN CALON (A1 + A2) | E73: =SUM(E65:E72) -> 7992
A75: A.1 | B75: 4. | C75: Partai Golongan Karya | E75: ='GENTENG KULON'!BK75+'GENTENG WETAN'!BL75+KALIGONDO!BB75+KEMBIRITAN!BQ75+SETAIL!BC75 -> 1242
A76: A.2 | C76: 1. RULIYONO, S.H. | E76: ='GENTENG KULON'!BK76+'GENTENG WETAN'!BL76+KALIGONDO!BB76+KEMBIRITAN!BQ76+SETAIL!BC76 -> 4412
C77: 2. FAHIRA HUMAIROH | E77: ='GENTENG KULON'!BK77+'GENTENG WETAN'!BL77+KALIGONDO!BB77+KEMBIRITAN!BQ77+SETAIL!BC77 -> 2994
C78: 3. T. AFNANY AKBAR, S.E. | E78: ='GENTENG KULON'!BK78+'GENTENG WETAN'!BL78+KALIGONDO!BB78+KEMBIRITAN!BQ78+SETAIL!BC78 -> 126
C79: 4. MUHAMAD SUBUR | E79: ='GENTENG KULON'!BK79+'GENTENG WETAN'!BL79+KALIGONDO!BB79+KEMBIRITAN!BQ79+SETAIL!BC79 -> 1281
C80: 5. NYOTO PRAYITNO, S.E. | E80: ='GENTENG KULON'!BK80+'GENTENG WETAN'!BL80+KALIGONDO!BB80+KEMBIRITAN!BQ80+SETAIL!BC80 -> 277
C81: 6. UMI LIANA EKAYANTI | E81: ='GENTENG KULON'!BK81+'GENTENG WETAN'!BL81+KALIGONDO!BB81+KEMBIRITAN!BQ81+SETAIL!BC81 -> 35
C82: 7. TARMUJI | E82: ='GENTENG KULON'!BK82+'GENTENG WETAN'!BL82+KALIGONDO!BB82+KEMBIRITAN!BQ82+SETAIL!BC82 -> 18
A83: B | B83: JUMLAH SUARA SAH PARTAI POLITIK DAN CALON (A1 + A2) | E83: =SUM(E75:E82) -> 10385
A85: A.1 | B85: 5. | C85: Partai NasDem | E85: ='GENTENG KULON'!BK85+'GENTENG WETAN'!BL85+KALIGONDO!BB85+KEMBIRITAN!BQ85+SETAIL!BC85 -> 244
A86: A.2 | C86: 1. SUNGKOWO SARWO EDY, S.H. | E86: ='GENTENG KULON'!BK86+'GENTENG WETAN'!BL86+KALIGONDO!BB86+KEMBIRITAN!BQ86+SETAIL!BC86 -> 92
C87: 2. GUNAWAN SATRIA PRATAMA | E87: ='GENTENG KULON'!BK87+'GENTENG WETAN'!BL87+KALIGONDO!BB87+KEMBIRITAN!BQ87+SETAIL!BC87 -> 878
C88: 3. Hj. ULFA LAILA, S.E. | E88: ='GENTENG KULON'!BK88+'GENTENG WETAN'!BL88+KALIGONDO!BB88+KEMBIRITAN!BQ88+SETAIL!BC88 -> 43
C89: 4. H. KURDI ISMAIL, S.H. | E89: ='GENTENG KULON'!BK89+'GENTENG WETAN'!BL89+KALIGONDO!BB89+KEMBIRITAN!BQ89+SETAIL!BC89 -> 43
C90: 5. FEBRY PRIMA SANJAYA | E90: ='GENTENG KULON'!BK90+'GENTENG WETAN'!BL90+KALIGONDO!BB90+KEMBIRITAN!BQ90+SETAIL!BC90 -> 51
C91: 6. TRI SETYANINGSIH | E91: ='GENTENG KULON'!BK91+'GENTENG WETAN'!BL91+KALIGONDO!BB91+KEMBIRITAN!BQ91+SETAIL!BC91 -> 27
C92: 7. ABDUL MUKSIN, S.Sos | E92: ='GENTENG KULON'!BK92+'GENTENG WETAN'!BL92+KALIGONDO!BB92+KEMBIRITAN!BQ92+SETAIL!BC92 -> 77
A93: B | B93: JUMLAH SUARA SAH PARTAI POLITIK DAN CALON (A1 + A2) | E93: =SUM(E85:E92) -> 1455
A95: A.1 | B95: 6. | C95: Partai Buruh | E95: ='GENTENG KULON'!BK95+'GENTENG WETAN'!BL95+KALIGONDO!BB95+KEMBIRITAN!BQ95+SETAIL!BC95 -> 54
A96: A.2 | C96: 1. KHOIRUL ANWARI ARIF | E96: ='GENTENG KULON'!BK96+'GENTENG WETAN'!BL96+KALIGONDO!BB96+KEMBIRITAN!BQ96+SETAIL!BC96 -> 48
A97: B | B97: JUMLAH SUARA SAH PARTAI POLITIK DAN CALON (A1 + A2) | E97: =SUM(E95:E96) -> 102
A99: A.1 | B99: 7. | C99: Partai Gelombang Rakyat Indonesia | E99: ='GENTENG KULON'!BK99+'GENTENG WETAN'!BL99+KALIGONDO!BB99+KEMBIRITAN!BQ99+SETAIL!BC99 -> 206
A100: A.2 | C100: 1. WASIS | E100: ='GENTENG KULON'!BK100+'GENTENG WETAN'!BL100+KALIGONDO!BB100+KEMBIRITAN!BQ100+SETAIL!BC100 -> 63
A101: B | B101: JUMLAH SUARA SAH PARTAI POLITIK DAN CALON (A1 + A2) | E101: =SUM(E99:E100) -> 269
A103: A.1 | B103: 8. | C103: Partai Keadilan Sejahtera | E103: ='GENTENG KULON'!BK103+'GENTENG WETAN'!BL103+KALIGONDO!BB103+KEMBIRITAN!BQ103+SETAIL!BC103 -> 436
A104: A.2 | C104: 1. SRI WAHYUNI, S.Si. | E104: ='GENTENG KULON'!BK104+'GENTENG WETAN'!BL104+KALIGONDO!BB104+KEMBIRITAN!BQ104+SETAIL!BC104 -> 2839
C105: 2. AHMAD FAISAL RIZAL | E105: ='GENTENG KULON'!BK105+'GENTENG WETAN'!BL105+KALIGONDO!BB105+KEMBIRITAN!BQ105+SETAIL!BC105 -> 104
C106: 3. SYAIFUL LATIF, S.P. | E106: ='GENTENG KULON'!BK106+'GENTENG WETAN'!BL106+KALIGONDO!BB106+KEMBIRITAN!BQ106+SETAIL!BC106 -> 53
C107: 4. WAWAN PRISTIAWAN, S.Pd. | E107: ='GENTENG KULON'!BK107+'GENTENG WETAN'!BL107+KALIGONDO!BB107+KEMBIRITAN!BQ107+SETAIL!BC107 -> 22
C108: 5. FONI AGUSTIN, S.E. | E108: ='GENTENG KULON'!BK108+'GENTENG WETAN'!BL108+KALIGONDO!BB108+KEMBIRITAN!BQ108+SETAIL!BC108 -> 129
C109: 6. ST. ROFIAH | E109: ='GENTENG KULON'!BK109+'GENTENG WETAN'!BL109+KALIGONDO!BB109+KEMBIRITAN!BQ109+SETAIL!BC109 -> 240
C110: 7. SAPTO LASONGKO, S.S. | E110: ='GENTENG KULON'!BK110+'GENTENG WETAN'!BL110+KALIGONDO!BB110+KEMBIRITAN!BQ110+SETAIL!BC110 -> 11
A111: B | B111: JUMLAH SUARA SAH PARTAI POLITIK DAN CALON (A1 + A2) | E111: =SUM(E103:E110) -> 3834
A113: A.1 | B113: 9. | C113: Partai Kebangkitan Nusantara | E113: ='GENTENG KULON'!BK113+'GENTENG WETAN'!BL113+KALIGONDO!BB113+KEMBIRITAN!BQ113+SETAIL!BC113 -> 43
A114: A.2 | C114: 1. Drs. SUGENG HARIYADI, M.M. | E114: ='GENTENG KULON'!BK114+'GENTENG WETAN'!BL114+KALIGONDO!BB114+KEMBIRITAN!BQ114+SETAIL!BC114 -> 407
C115: 2. DENI SEPTI RAHAYU | E115: ='GENTENG KULON'!BK115+'GENTENG WETAN'!BL115+KALIGONDO!BB115+KEMBIRITAN!BQ115+SETAIL!BC115 -> 7
A116: B | B116: JUMLAH SUARA SAH PARTAI POLITIK DAN CALON (A1 + A2) | E116: =SUM(E113:E115) -> 457
A118: A.1 | B118: 10. | C118: Partai Hati Nurani Rakyat | E118: ='GENTENG KULON'!BK118+'GENTENG WETAN'!BL118+KALIGONDO!BB118+KEMBIRITAN!BQ118+SETAIL!BC118 -> 32
A119: A.2 | C119: 1. H. ABDUL ARIFIN, S.E. | E119: ='GENTENG KULON'!BK119+'GENTENG WETAN'!BL119+KALIGONDO!BB119+KEMBIRITAN!BQ119+SETAIL!BC119 -> 13
C120: 2. H. HELMI SUHARTONO, S.E. | E120: ='GENTENG KULON'!BK120+'GENTENG WETAN'!BL120+KALIGONDO!BB120+KEMBIRITAN!BQ120+SETAIL!BC120 -> 41
C121: 3. SILVI MAULIDA, S.H. | E121: ='GENTENG KULON'!BK121+'GENTENG WETAN'!BL121+KALIGONDO!BB121+KEMBIRITAN!BQ121+SETAIL!BC121 -> 14
...

Sheet GENTENG KULON
C2: Kecamatan | D2: GENTENG
C3: Kabupaten | D3: BANYUWANGI
C4: Provinsi | D4: JAWA TIMUR
C9: Kelurahan | D9: GENTENG KULON
A12: I | B12: DATA PEMILIH DAN PENGGUNAAN HAK PILIH | BK12: JUMLAH AKHIR
A13: A | B13: DATA PEMILIH | E13: TPS 001 | F13: TPS 002 | G13: TPS 003 | H13: TPS 004 | I13: TPS 005 | J13: TPS 006 | K13: TPS 007 | L13: TPS 008 | M13: TPS 009 | N13: TPS 010 | O13: TPS 011 | P13: TPS 012 | Q13: TPS 013 | R13: TPS 014 | S13: TPS 015 | T13: TPS 016 | U13: TPS 017 | V13: TPS 018 | W13: TPS 019 | X13: TPS 020 | Y13: TPS 021 | Z13: TPS 022 | AA13: TPS 023 | AB13: TPS 024 | AC13: TPS 025 | AD13: TPS 026 | AE13: TPS 027 | AF13: TPS 028 | AG13: TPS 029 | AH13: TPS 030 | AI13: TPS 031 | AJ13: TPS 032 | AK13: TPS 033 | AL13: TPS 034 | AM13: TPS 035 | AN13: TPS 036 | AO13: TPS 037 | AP13: TPS 038 | AQ13: TPS 039 | AR13: TPS 040 | AS13: TPS 041 | AT13: TPS 042 | AU13: TPS 043 | AV13: TPS 044 | AW13: TPS 045 | AX13: TPS 046 | AY13: TPS 047 | AZ13: TPS 048 | BA13: TPS 049 | BB13: TPS 050 | BC13: TPS 051 | BD13: TPS 052 | BE13: TPS 053 | BF13: TPS 054 | BG13: TPS 055 | BH13: TPS 056 | BI13: TPS 057 | BJ13: TPS 058
B14: Jumlah Pemilih dalam Daftar Pemilih Tetap (DPT) | D14: LK | E14: 131 | F14: 130 | G14: 125 | H14: 107 | I14: 129 | J14: 136 | K14: 143 | L14: 137 | M14: 136 | N14: 124 | O14: 130 | P14: 128 | Q14: 134 | R14: 106 | S14: 122 | T14: 126 | U14: 133 | V14: 140 | W14: 137 | X14: 141 | Y14: 134 | Z14: 127 | AA14: 135 | AB14: 127 | AC14: 133 | AD14: 139 | AE14: 134 | AF14: 139 | AG14: 136 | AH14: 137 | AI14: 128 | AJ14: 148 | AK14: 131 | AL14: 142 | AM14: 115 | AN14: 136 | AO14: 105 | AP14: 103 | AQ14: 145 | AR14: 150 | AS14: 125 | AT14: 126 | AU14: 141 | AV14: 141 | AW14: 154 | AX14: 130 | AY14: 145 | AZ14: 138 | BA14: 150 | BB14: 148 | BC14: 132 | BD14: 129 | BE14: 136 | BF14: 127 | BG14: 137 | BH14: 143 | BI14: 124 | BJ14: 135 | BK14: =SUM(E14:BJ14) -> 7700
D15: PR | E15: 121 | F15: 134 | G15: 121 | H15: 141 | I15: 126 | J15: 147 | K15: 133 | L15: 145 | M15: 143 | N15: 139 | O15: 153 | P15: 148 | Q15: 149 | R15: 114 | S15: 159 | T15: 138 | U15: 145 | V15: 136 | W15: 138 | X15: 137 | Y15: 147 | Z15: 149 | AA15: 139 | AB15: 149 | AC15: 142 | AD15: 142 | AE15: 132 | AF15: 132 | AG15: 143 | AH15: 141 | AI15: 149 | AJ15: 137 | AK15: 156 | AL15: 147 | AM15: 137 | AN15: 140 | AO15: 118 | AP15: 116 | AQ15: 143 | AR15: 142 | AS15: 145 | AT15: 151 | AU15: 150 | AV15: 145 | AW15: 138 | AX15: 153 | AY15: 141 | AZ15: 144 | BA15: 137 | BB15: 141 | BC15: 149 | BD15: 135 | BE15: 142 | BF15: 121 | BG15: 130 | BH15: 128 | BI15: 133 | BJ15: 128 | BK15: =SUM(E15:BJ15) -> 8079
D16: JML | E16: =SUM(E14:E15) -> 252 | F16: =SUM(F14:F15) -> 264 | G16: =SUM(G14:G15) -> 246 | H16: =SUM(H14:H15) -> 248 | I16: =SUM(I14:I15) -> 255 | J16: =SUM(J14:J15) -> 283 | K16: =SUM(K14:K15) -> 276 | L16: =SUM(L14:L15) -> 282 | ... BJ16: =SUM(BJ14:BJ15) -> 263 | BK16: =SUM(E16:BJ16) -> 15779
A18: B | B18: PENGGUNA HAK PILIH
B19: 1. | C19: Jumlah pengguna hak pilih dalam Daftar Pemilih Tetap (DPT) | D19: LK | E19: 92 | F19: 92 | G19: 90 | H19: 70 | I19: 93 | J19: 91 | K19: 106 | L19: 94 | M19: 90 | N19: 78 | O19: 90 | P19: 95 | Q19: 103 | R19: 82 | S19: 84 | T19: 80 | U19: 93 | V19: 101 | W19: 98 | X19: 98 | Y19: 91 | Z19: 84 | AA19: 106 | AB19: 93 | AC19: 96 | AD19: 89 | AE19: 99 | AF19: 107 | AG19: 99 | AH19: 91 | AI19: 107 | AJ19: 104 | AK19: 97 | AL19: 101 | AM19: 78 | AN19: 95 | AO19: 77 | AP19: 85 | AQ19: 102 | AR19: 108 | AS19: 89 | AT19: 91 | AU19: 105 | AV19: 98 | AW19: 119 | AX19: 102 | AY19: 105 | AZ19: 105 | BA19: 118 | BB19: 119 | BC19: 94 | BD19: 96 | BE19: 105 | BF19: 93 | BG19: 105 | BH19: 104 | BI19: 101 | BJ19: 102 | BK19: =SUM(E19:BJ19) -> 5580
D20: PR | E20: 96 | F20: 101 | G20: 93 | H20: 102 | I20: 92 | J20: 108 | K20: 105 | L20: 106 | M20: 96 | N20: 97 | O20: 115 | P20: 99 | Q20: 107 | R20: 86 | S20: 125 | T20: 102 | U20: 99 | V20: 108 | W20: 95 | X20: 105 | Y20: 108 | Z20: 110 | AA20: 110 | AB20: 111 | AC20: 114 | AD20: 105 | AE20: 104 | AF20: 104 | AG20: 121 | AH20: 98 | AI20: 98 | AJ20: 100 | AK20: 117 | AL20: 112 | AM20: 96 | AN20: 106 | AO20: 93 | AP20: 94 | AQ20: 106 | AR20: 111 | AS20: 100 | AT20: 110 | AU20: 137 | AV20: 104 | AW20: 105 | AX20: 112 | AY20: 113 | AZ20: 116 | BA20: 115 | BB20: 119 | BC20: 114 | BD20: 106 | BE20: 124 | BF20: 95 | BG20: 107 | BH20: 104 | BI20: 111 | BJ20: 106 | BK20: =SUM(E20:BJ20) -> 6153
D21: JML | E21: =SUM(E19:E20) -> 188 | F21: =SUM(F19:F20) -> 193 | G21: =SUM(G19:G20) -> 183 | H21: =SUM(H19:H20) -> 172 | I21: =SUM(I19:I20) -> 185 | J21: =SUM(J19:J20) -> 199 | K21: =SUM(K19:K20) -> 211 | L21: =SUM(L19:L20) -> 200 | ... BJ21: =SUM(BJ19:BJ20) -> 208 | BK21: =SUM(E21:BJ21) -> 11733
B22: 2. | C22: Jumlah pengguna hak pilih dalam Daftar Pemilih Tambahan (DPTb) | D22: LK | E22: 1 | F22: 0 | G22: 0 | H22: 0 | I22: 0 | J22: 0 | K22: 0 | L22: 0 | M22: 0 | N22: 0 | O22: 0 | P22: 0 | Q22: 0 | R22: 0 | S22: 0 | T22: 0 | U22: 0 | V22: 1 | W22: 1 | X22: 0 | Y22: 0 | Z22: 0 | AA22: 0 | AB22: 0 | AC22: 0 | AD22: 0 | AE22: 0 | AF22: 1 | AG22: 0 | AH22: 0 | AI22: 0 | AJ22: 0 | AK22: 0 | AL22: 0 | AM22: 0 | AN22: 0 | AO22: 0 | AP22: 1 | AQ22: 0 | AR22: 0 | AS22: 0 | AT22: 0 | AU22: 0 | AV22: 0 | AW22: 0 | AX22: 0 | AY22: 0 | AZ22: 0 | BA22: 0 | BB22: 2 | BC22: 1 | BD22: 0 | BE22: 0 | BF22: 0 | BG22: 0 | BH22: 0 | BI22: 3 | BJ22: 0 | BK22: =SUM(E22:BJ22) -> 11
D23: PR | E23: 0 | F23: 2 | G23: 0 | H23: 0 | I23: 0 | J23: 0 | K23: 0 | L23: 1 | M23: 0 | N23: 0 | O23: 0 | P23: 0 | Q23: 0 | R23: 0 | S23: 1 | T23: 0 | U23: 0 | V23: 1 | W23: 0 | X23: 0 | Y23: 0 | Z23: 0 | AA23: 0 | AB23: 1 | AC23: 0 | AD23: 0 | AE23: 0 | AF23: 1 | AG23: 0 | AH23: 0 | AI23: 0 | AJ23: 0 | AK23: 0 | AL23: 0 | AM23: 0 | AN23: 0 | AO23: 0 | AP23: 0 | AQ23: 0 | AR23: 0 | AS23: 0 | AT23: 0 | AU23: 0 | AV23: 0 | AW23: 0 | AX23: 0 | AY23: 0 | AZ23: 0 | BA23: 0 | BB23: 2 | BC23: 0 | BD23: 0 | BE23: 0 | BF23: 0 | BG23: 0 | BH23: 0 | BI23: 3 | BJ23: 1 | BK23: =SUM(E23:BJ23) -> 13
D24: JML | E24: =SUM(E22:E23) -> 1 | F24: =SUM(F22:F23) -> 2 | G24: =SUM(G22:G23) -> 0 | H24: =SUM(H22:H23) -> 0 | I24: =SUM(I22:I23) -> 0 | J24: =SUM(J22:J23) -> 0 | K24: =SUM(K22:K23) -> 0 | L24: =SUM(L22:L23) -> 1 | ... BJ24: =SUM(BJ22:BJ23) -> 1 | BK24: =SUM(E24:BJ24) -> 24
B25: 3. | C25: Jumlah pengguna hak pilih dalam Daftar Pemilih Khusus (DPK) | D25: LK | E25: 1 | F25: 3 | G25: 1 | H25: 1 | I25: 1 | J25: 3 | K25: 4 | L25: 0 | M25: 0 | N25: 1 | O25: 1 | P25: 2 | Q25: 0 | R25: 1 | S25: 0 | T25: 0 | U25: 1 | V25: 1 | W25: 0 | X25: 1 | Y25: 0 | Z25: 0 | AA25: 1 | AB25: 0 | AC25: 0 | AD25: 1 | AE25: 2 | AF25: 4 | AG25: 0 | AH25: 0 | AI25: 0 | AJ25: 0 | AK25: 0 | AL25: 4 | AM25: 2 | AN25: 3 | AO25: 3 | AP25: 0 | AQ25: 0 | AR25: 0 | AS25: 0 | AT25: 0 | AU25: 2 | AV25: 0 | AW25: 0 | AX25: 6 | AY25: 1 | AZ25: 0 | BA25: 3 | BB25: 6 | BC25: 0 | BD25: 4 | BE25: 0 | BF25: 0 | BG25: 0 | BH25: 0 | BI25: 0 | BJ25: 0 | BK25: =SUM(E25:BJ25) -> 64
D26: PR | E26: 0 | F26: 3 | G26: 1 | H26: 0 | I26: 4 | J26: 6 | K26: 2 | L26: 0 | M26: 0 | N26: 0 | O26: 1 | P26: 5 | Q26: 1 | R26: 0 | S26: 1 | T26: 2 | U26: 1 | V26: 0 | W26: 0 | X26: 2 | Y26: 1 | Z26: 0 | AA26: 3 | AB26: 0 | AC26: 2 | AD26: 1 | AE26: 0 | AF26: 1 | AG26: 0 | AH26: 0 | AI26: 0 | AJ26: 2 | AK26: 1 | AL26: 2 | AM26: 1 | AN26: 2 | AO26: 1 | AP26: 0 | AQ26: 0 | AR26: 1 | AS26: 0 | AT26: 0 | AU26: 1 | AV26: 0 | AW26: 1 | AX26: 4 | AY26: 2 | AZ26: 0 | BA26: 4 | BB26: 3 | BC26: 1 | BD26: 3 | BE26: 0 | BF26: 0 | BG26: 0 | BH26: 1 | BI26: 0 | BJ26: 0 | BK26: =SUM(E26:BJ26) -> 67
D27: JML | E27: =SUM(E25:E26) -> 1 | F27: =SUM(F25:F26) -> 6 | G27: =SUM(G25:G26) -> 2 | H27: =SUM(H25:H26) -> 1 | I27: =SUM(I25:I26) -> 5 | J27: =SUM(J25:J26) -> 9 | K27: =SUM(K25:K26) -> 6 | L27: =SUM(L25:L26) -> 0 | ... BJ27: =SUM(BJ25:BJ26) -> 0 | BK27: =SUM(E27:BJ27) -> 131
B28: 4. | C28: Jumlah Pengguna Hak Pilih (B.1+B.2+B.3) | D28: LK | E28: =SUM(E19,E22,E25) -> 94 | F28: =SUM(F19,F22,F25) -> 95 | G28: =SUM(G19,G22,G25) -> 91 | H28: =SUM(H19,H22,H25) -> 71 | I28: =SUM(I19,I22,I25) -> 94 | J28: =SUM(J19,J22,J25) -> 94 | K28: =SUM(K19,K22,K25) -> 110 | L28: =SUM(L19,L22,L25) -> 94 | ... BJ28: =SUM(BJ19,BJ22,BJ25) -> 102 | BK28: =SUM(E28:BJ28) -> 5655
D29: PR | E29: =SUM(E20,E23,E26) -> 96 | F29: =SUM(F20,F23,F26) -> 106 | G29: =SUM(G20,G23,G26) -> 94 | H29: =SUM(H20,H23,H26) -> 102 | I29: =SUM(I20,I23,I26) -> 96 | J29: =SUM(J20,J23,J26) -> 114 | K29: =SUM(K20,K23,K26) -> 107 | L29: =SUM(L20,L23,L26) -> 107 | ... BJ29: =SUM(BJ20,BJ23,BJ26) -> 107 | BK29: =SUM(E29:BJ29) -> 6233
D30: JML | E30: =SUM(E28:E29) -> 190 | F30: =SUM(F28:F29) -> 201 | G30: =SUM(G28:G29) -> 185 | H30: =SUM(H28:H29) -> 173 | I30: =SUM(I28:I29) -> 190 | J30: =SUM(J28:J29) -> 208 | K30: =SUM(K28:K29) -> 217 | L30: =SUM(L28:L29) -> 201 | ... BJ30: =SUM(BJ28:BJ29) -> 209 | BK30: =SUM(E30:BJ30) -> 11888
A32: II | B32: DATA PENGGUNAAN SURAT SUARA
A33: 1 | B33: Jumlah surat suara yang diterima, termasuk surat suara cadangan 2,5% dari DPT | E33: 258 | F33: 270 | G33: 251 | H33: 253 | I33: 261 | J33: 286 | K33: 282 | L33: 304 | M33: 285 | N33: 269 | O33: 289 | P33: 282 | Q33: 289 | R33: 225 | S33: 287 | T33: 271 | U33: 284 | V33: 283 | W33: 281 | X33: 284 | Y33: 287 | Z33: 282 | AA33: 280 | AB33: 282 | AC33: 282 | AD33: 287 | AE33: 271 | AF33: 277 | AG33: 285 | AH33: 284 | AI33: 283 | AJ33: 292 | AK33: 293 | AL33: 295 | AM33: 238 | AN33: 282 | AO33: 229 | AP33: 224 | AQ33: 294 | AR33: 298 | AS33: 276 | AT33: 283 | AU33: 297 | AV33: 292 | AW33: 299 | AX33: 299 | AY33: 292 | AZ33: 288 | BA33: 293 | BB33: 295 | BC33: 287 | BD33: 270 | BE33: 284 | BF33: 253 | BG33: 273 | BH33: 277 | BI33: 273 | BJ33: 269 | BK33: =SUM(E33:BJ33) -> 16139
A34: 2 | B34: Jumlah surat suara yang digunakan | E34: 190 | F34: 201 | G34: 185 | H34: 173 | I34: 190 | J34: 208 | K34: 217 | L34: 201 | M34: 186 | N34: 176 | O34: 207 | P34: 201 | Q34: 211 | R34: 169 | S34: 211 | T34: 184 | U34: 194 | V34: 212 | W34: 194 | X34: 206 | Y34: 200 | Z34: 194 | AA34: 220 | AB34: 205 | AC34: 212 | AD34: 196 | AE34: 205 | AF34: 218 | AG34: 220 | AH34: 189 | AI34: 205 | AJ34: 206 | AK34: 215 | AL34: 219 | AM34: 177 | AN34: 206 | AO34: 174 | AP34: 180 | AQ34: 208 | AR34: 220 | AS34: 189 | AT34: 201 | AU34: 245 | AV34: 202 | AW34: 225 | AX34: 224 | AY34: 221 | AZ34: 221 | BA34: 240 | BB34: 251 | BC34: 210 | BD34: 209 | BE34: 229 | BF34: 188 | BG34: 212 | BH34: 209 | BI34: 218 | BJ34: 209 | BK34: =SUM(E34:BJ34) -> 11888
A35: 3 | B35: Jumlah surat suara dikembalikan oleh pemilih (karena rusak atau keliru coblos) | E35: 1 | F35: 0 | G35: 3 | H35: 0 | I35: 0 | J35: 1 | K35: 0 | L35: 0 | M35: 0 | N35: 1 | O35: 0 | P35: 0 | Q35: 1 | R35: 0 | S35: 0 | AI35: 0 | AJ35: 1 | AK35: 0 | AL35: 0 | AM35: 0 | AN35: 0 | AO35: 0 | AP35: 0 | AQ35: 1 | AR35: 0 | AS35: 0 | AT35: 0 | AU35: 0 | AV35: 0 | AW35: 0 | AX35: 0 | AY35: 0 | AZ35: 0 | BA35: 0 | BB35: 0 | BC35: 0 | BD35: 0 | BE35: 0 | BF35: 0 | BG35: 0 | BH35: 1 | BI35: 0 | BJ35: 0 | BK35: =SUM(E35:BJ35) -> 10
A36: 4 | B36: Jumlah surat suara yang tidak digunakan/tidak terpakai, termasuk sisa surat suara cadangan | E36: =E33-(E34+E35) -> 67 | F36: =F33-(F34+F35) -> 69 | G36: =G33-(G34+G35) -> 63 | H36: =H33-(H34+H35) -> 80 | I36: =I33-(I34+I35) -> 71 | J36: =J33-(J34+J35) -> 77 | K36: =K33-(K34+K35) -> 65 | L36: =L33-(L34+L35) -> 103 | ... BJ36: =BJ33-(BJ34+BJ35) -> 60 | BK36: =SUM(E36:BJ36) -> 4241
A38: III | B38: DATA PEMILIH DISABILITAS
B39: Jumlah seluruh Pemilih disabilitas yang menggunakan hak pilih | D39: LK | E39: 0 | F39: 0 | G39: 0 | H39: 0 | I39: 0 | J39: 0 | K39: 0 | L39: 0 | M39: 0 | N39: 0 | O39: 0 | P39: 0 | Q39: 2 | R39: 0 | S39: 0 | T39: 0 | U39: 0 | V39: 0 | W39: 0 | X39: 0 | Y39: 0 | Z39: 0 | AA39: 2 | AB39: 1 | AC39: 0 | AD39: 0 | AE39: 0 | AF39: 0 | AG39: 0 | AH39: 0 | AI39: 0 | AJ39: 0 | AK39: 0 | AL39: 0 | AM39: 0 | AN39: 0 | AO39: 0 | AP39: 0 | AQ39: 0 | AR39: 0 | AS39: 0 | AT39: 0 | AU39: 0 | AV39: 0 | AW39: 0 | AX39: 1 | AY39: 0 | AZ39: 0 | BA39: 0 | BB39: 2 | BC39: 0 | BD39: 0 | BE39: 2 | BF39: 0 | BG39: 0 | BH39: 1 | BI39: 0 | BJ39: 0 | BK39: =SUM(E39:BJ39) -> 11
D40: PR | E40: 0 | F40: 0 | G40: 0 | H40: 0 | I40: 0 | J40: 0 | K40: 0 | L40: 0 | M40: 0 | N40: 1 | O40: 0 | P40: 0 | Q40: 0 | R40: 0 | S40: 0 | T40: 0 | U40: 0 | V40: 0 | W40: 0 | X40: 0 | Y40: 0 | Z40: 0 | AA40: 2 | AB40: 1 | AC40: 0 | AD40: 0 | AE40: 0 | AF40: 0 | AG40: 0 | AH40: 0 | AI40: 0 | AJ40: 0 | AK40: 0 | AL40: 0 | AM40: 0 | AN40: 0 | AO40: 0 | AP40: 1 | AQ40: 0 | AR40: 0 | AS40: 0 | AT40: 0 | AU40: 0 | AV40: 0 | AW40: 0 | AX40: 1 | AY40: 0 | AZ40: 0 | BA40: 0 | BB40: 0 | BC40: 0 | BD40: 0 | BE40: 2 | BF40: 0 | BG40: 0 | BH40: 1 | BI40: 0 | BJ40: 0 | BK40: =SUM(E40:BJ40) -> 9
D41: JML | E41: =SUM(E39:E40) -> 0 | F41: =SUM(F39:F40) -> 0 | G41: =SUM(G39:G40) -> 0 | H41: =SUM(H39:H40) -> 0 | I41: =SUM(I39:I40) -> 0 | J41: =SUM(J39:J40) -> 0 | K41: =SUM(K39:K40) -> 0 | L41: =SUM(L39:L40) -> 0 | ... BJ41: =SUM(BJ39:BJ40) -> 0 | BK41: =SUM(E41:BJ41) -> 20
A43: IV | B43: DATA RINCIAN PEROLEHAN SUARA PASANGAN CALON BUPATI DAN WAKIL BUPATI
A44: NOMOR DAN NAMA CALON
A45: A.1 | B45: 1. | C45: Partai Kebangkitan Bangsa | E45: 4 | F45: 5 | G45: 1 | H45: 5 | I45: 4 | J45: 4 | K45: 9 | L45: 5 | M45: 1 | N45: 4 | O45: 2 | P45: 4 | Q45: 3 | R45: 1 | S45: 4 | T45: 2 | U45: 4 | V45: 8 | W45: 7 | X45: 3 | Y45: 4 | Z45: 5 | AA45: 0 | AB45: 1 | AC45: 5 | AD45: 1 | AE45: 8 | AF45: 3 | AG45: 2 | AH45: 4 | AI45: 1 | AJ45: 6 | AK45: 1 | AL45: 3 | AM45: 4 | AN45: 0 | AO45: 0 | AP45: 1 | AQ45: 0 | AR45: 2 | AS45: 1 | AT45: 0 | AU45: 1 | AV45: 1 | AW45: 5 | AX45: 1 | AY45: 2 | AZ45: 8 | BA45: 4 | BB45: 2 | BC45: 3 | BD45: 8 | BE45: 7 | BF45: 7 | BG45: 4 | BH45: 8 | BI45: 12 | BJ45: 10 | BK45: =SUM(E45:BJ45) -> 215
A46: A.2 | C46: 1. H. KHUSNAN, S.Ag., M.Pd.I. | E46: 2 | F46: 2 | G46: 2 | H46: 21 | I46: 5 | J46: 7 | K46: 7 | L46: 6 | M46: 1 | N46: 3 | O46: 1 | P46: 11 | Q46: 6 | R46: 4 | S46: 5 | T46: 3 | U46: 14 | V46: 36 | W46: 42 | X46: 11 | Y46: 3 | Z46: 9 | AA46: 5 | AB46: 3 | AC46: 2 | AD46: 4 | AE46: 13 | AF46: 0 | AG46: 8 | AH46: 2 | AI46: 8 | AJ46: 4 | AK46: 0 | AL46: 1 | AM46: 0 | AN46: 2 | AO46: 3 | AP46: 0 | AQ46: 2 | AR46: 2 | AS46: 4 | AT46: 1 | AU46: 4 | AV46: 2 | AW46: 4 | AX46: 1 | AY46: 2 | AZ46: 5 | BA46: 4 | BB46: 4 | BC46: 1 | BD46: 2 | BE46: 14 | BF46: 10 | BG46: 7 | BH46: 13 | BI46: 28 | BJ46: 12 | BK46: =SUM(E46:BJ46) -> 378
C47: 2. MARA QONITHA LAYLIA | E47: 2 | F47: 1 | G47: 1 | H47: 1 | I47: 1 | J47: 2 | K47: 17 | L47: 1 | M47: 2 | N47: 0 | O47: 5 | P47: 5 | Q47: 0 | R47: 1 | S47: 2 | T47: 1 | U47: 2 | V47: 0 | W47: 2 | X47: 0 | Y47: 0 | Z47: 2 | AA47: 0 | AB47: 0 | AC47: 1 | AD47: 2 | AE47: 1 | AF47: 1 | AG47: 15 | AH47: 0 | AI47: 0 | AJ47: 2 | AK47: 0 | AL47: 0 | AM47: 0 | AN47: 1 | AO47: 0 | AP47: 0 | AQ47: 0 | AR47: 0 | AS47: 2 | AT47: 0 | AU47: 1 | AV47: 0 | AW47: 0 | AX47: 3 | AY47: 4 | AZ47: 3 | BA47: 0 | BB47: 2 | BC47: 1 | BD47: 4 | BE47: 9 | BF47: 7 | BG47: 4 | BH47: 2 | BI47: 1 | BJ47: 8 | BK47: =SUM(E47:BJ47) -> 122
C48: 3. ZAKI AL MUBAROK, M.Si. | E48: 1 | F48: 9 | G48: 0 | H48: 0 | I48: 3 | J48: 0 | K48: 2 | L48: 0 | M48: 0 | N48: 1 | O48: 3 | P48: 0 | Q48: 5 | R48: 0 | S48: 2 | T48: 1 | U48: 6 | V48: 9 | W48: 5 | X48: 0 | Y48: 1 | Z48: 8 | AA48: 11 | AB48: 15 | AC48: 25 | AD48: 10 | AE48: 3 | AF48: 4 | AG48: 0 | AH48: 2 | AI48: 4 | AJ48: 0 | AK48: 0 | AL48: 9 | AM48: 2 | AN48: 5 | AO48: 1 | AP48: 2 | AQ48: 0 | AR48: 1 | AS48: 2 | AT48: 1 | AU48: 1 | AV48: 1 | AW48: 8 | AX48: 5 | AY48: 51 | AZ48: 65 | BA48: 99 | BB48: 65 | BC48: 65 | BD48: 88 | BE48: 29 | BF48: 24 | BG48: 25 | BH48: 46 | BI48: 50 | BJ48: 71 | BK48: =SUM(E48:BJ48) -> 846
C49: 4. INAYATUL MAHMUDAH, S.Pd. | E49: 0 | F49: 0 | G49: 0 | H49: 0 | I49: 2 | J49: 0 | K49: 0 | L49: 0 | M49: 0 | N49: 0 | O49: 1 | P49: 0 | Q49: 0 | R49: 1 | S49: 0 | T49: 0 | U49: 0 | V49: 0 | W49: 0 | X49: 0 | Y49: 0 | Z49: 0 | AA49: 0 | AB49: 0 | AC49: 1 | AD49: 0 | AE49: 1 | AF49: 2 | AG49: 0 | AH49: 0 | AI49: 1 | AJ49: 0 | AK49: 0 | AL49: 0 | AM49: 1 | AN49: 1 | AO49: 0 | AP49: 0 | AQ49: 0 | AR49: 0 | AS49: 0 | AT49: 0 | AU49: 0 | AV49: 0 | AW49: 1 | AX49: 0 | AY49: 0 | AZ49: 3 | BA49: 2 | BB49: 2 | BC49: 2 | BD49: 1 | BE49: 0 | BF49: 0 | BG49: 1 | BH49: 2 | BI49: 0 | BJ49: 1 | BK49: =SUM(E49:BJ49) -> 26
C50: 5. HABIBURRAHMAN AL KHOLILI | E50: 0 | F50: 0 | G50: 0 | H50: 1 | I50: 0 | J50: 0 | K50: 1 | L50: 0 | M50: 0 | N50: 0 | O50: 0 | P50: 0 | Q50: 0 | R50: 0 | S50: 0 | T50: 0 | U50: 1 | V50: 1 | W50: 0 | X50: 0 | Y50: 0 | Z50: 0 | AA50: 0 | AB50: 0 | AC50: 0 | AD50: 0 | AE50: 0 | AF50: 0 | AG50: 0 | AH50: 0 | AI50: 1 | AJ50: 0 | AK50: 0 | AL50: 0 | AM50: 0 | AN50: 0 | AO50: 1 | AP50: 0 | AQ50: 0 | AR50: 0 | AS50: 0 | AT50: 1 | AU50: 0 | AV50: 1 | AW50: 0 | AX50: 0 | AY50: 1 | AZ50: 0 | BA50: 0 | BB50: 0 | BC50: 0 | BD50: 0 | BE50: 0 | BF50: 0 | BG50: 1 | BH50: 0 | BI50: 0 | BJ50: 1 | BK50: =SUM(E50:BJ50) -> 11
C51: 6. INDIARTI NOVIDA, A.Md. | E51: 0 | F51: 0 | G51: 0 | H51: 0 | I51: 0 | J51: 0 | K51: 0 | L51: 0 | M51: 0 | N51: 0 | O51: 1 | P51: 0 | Q51: 0 | R51: 0 | S51: 0 | T51: 0 | U51: 0 | V51: 0 | W51: 1 | X51: 0 | Y51: 0 | Z51: 0 | AA51: 0 | AB51: 0 | AC51: 0 | AD51: 0 | AE51: 0 | AF51: 0 | AG51: 0 | AH51: 0 | AI51: 0 | AJ51: 1 | AK51: 0 | AL51: 0 | AM51: 0 | AN51: 0 | AO51: 0 | AP51: 0 | AQ51: 0 | AR51: 0 | AS51: 0 | AT51: 0 | AU51: 0 | AV51: 0 | AW51: 0 | AX51: 0 | AY51: 0 | AZ51: 0 | BA51: 0 | BB51: 0 | BC51: 0 | BD51: 0 | BE51: 0 | BF51: 0 | BG51: 0 | BH51: 0 | BI51: 0 | BJ51: 0 | BK51: =SUM(E51:BJ51) -> 3
C52: 7. RUDI DARMAWAN, S.Pd.I. | E52: 0 | F52: 0 | G52: 0 | H52: 0 | I52: 0 | J52: 0 | K52: 0 | L52: 0 | M52: 0 | N52: 0 | O52: 1 | P52: 0 | Q52: 0 | R52: 1 | S52: 0 | T52: 2 | U52: 0 | V52: 1 | W52: 0 | X52: 0 | Y52: 0 | Z52: 0 | AA52: 0 | AB52: 0 | AC52: 0 | AD52: 0 | AE52: 0 | AF52: 0 | AG52: 0 | AH52: 0 | AI52: 0 | AJ52: 0 | AK52: 0 | AL52: 0 | AM52: 0 | AN52: 0 | AO52: 0 | AP52: 0 | AQ52: 1 | AR52: 0 | AS52: 0 | AT52: 0 | AU52: 0 | AV52: 0 | AW52: 0 | AX52: 0 | AY52: 0 | AZ52: 0 | BA52: 0 | BB52: 0 | BC52: 0 | BD52: 0 | BE52: 1 | BF52: 0 | BG52: 0 | BH52: 0 | BI52: 1 | BJ52: 0 | BK52: =SUM(E52:BJ52) -> 8
A53: B | B53: JUMLAH SUARA SAH PARTAI POLITIK DAN CALON (A1 + A2) | E53: =SUM(E45:E52) -> 9 | F53: =SUM(F45:F52) -> 17 | G53: =SUM(G45:G52) -> 4 | H53: =SUM(H45:H52) -> 28 | I53: =SUM(I45:I52) -> 15 | J53: =SUM(J45:J52) -> 13 | K53: =SUM(K45:K52) -> 36 | L53: =SUM(L45:L52) -> 12 | ... BJ53: =SUM(BJ45:BJ52) -> 103 | BK53: =SUM(E53:BJ53) -> 1609
BK54: =SUM(E54:BJ54) -> 0
A55: A.1 | B55: 2. | C55: Partai Gerakan Indonesia Raya | E55: 5 | F55: 5 | G55: 5 | H55: 3 | I55: 6 | J55: 6 | K55: 9 | L55: 3 | M55: 8 | N55: 8 | O55: 5 | P55: 13 | Q55: 11 | R55: 3 | S55: 1 | T55: 10 | U55: 9 | V55: 4 | W55: 1 | X55: 4 | Y55: 5 | Z55: 6 | AA55: 4 | AB55: 10 | AC55: 4 | AD55: 3 | AE55: 5 | AF55: 3 | AG55: 7 | AH55: 6 | AI55: 6 | AJ55: 5 | AK55: 4 | AL55: 9 | AM55: 3 | AN55: 7 | AO55: 11 | AP55: 13 | AQ55: 9 | AR55: 4 | AS55: 9 | AT55: 5 | AU55: 8 | AV55: 3 | AW55: 3 | AX55: 4 | AY55: 5 | AZ55: 7 | BA55: 7 | BB55: 10 | BC55: 3 | BD55: 4 | BE55: 9 | BF55: 6 | BG55: 5 | BH55: 6 | BI55: 11 | BJ55: 5 | BK55: =SUM(E55:BJ55) -> 353
A56: A.2 | C56: 1. ABDUL GHOFUR | E56: 2 | F56: 2 | G56: 2 | H56: 1 | I56: 3 | J56: 2 | K56: 3 | L56: 1 | M56: 1 | N56: 0 | O56: 0 | P56: 1 | Q56: 5 | R56: 0 | S56: 1 | T56: 2 | U56: 1 | V56: 2 | W56: 6 | X56: 2 | Y56: 4 | Z56: 7 | AA56: 1 | AB56: 3 | AC56: 2 | AD56: 1 | AE56: 3 | AF56: 3 | AG56: 4 | AH56: 4 | AI56: 3 | AJ56: 2 | AK56: 0 | AL56: 3 | AM56: 1 | AN56: 3 | AO56: 2 | AP56: 4 | AQ56: 4 | AR56: 3 | AS56: 2 | AT56: 3 | AU56: 0 | AV56: 2 | AW56: 3 | AX56: 3 | AY56: 2 | AZ56: 5 | BA56: 4 | BB56: 2 | BC56: 3 | BD56: 2 | BE56: 3 | BF56: 5 | BG56: 5 | BH56: 3 | BI56: 5 | BJ56: 1 | BK56: =SUM(E56:BJ56) -> 147
C57: 2. Drs. MOCHAMMAD RIFA'I, M.Pd. | E57: 9 | F57: 5 | G57: 10 | H57: 3 | I57: 6 | J57: 0 | K57: 2 | L57: 1 | M57: 1 | N57: 0 | O57: 5 | P57: 6 | Q57: 2 | R57: 3 | S57: 1 | T57: 4 | U57: 5 | V57: 7 | W57: 6 | X57: 2 | Y57: 3 | Z57: 5 | AA57: 4 | AB57: 3 | AC57: 3 | AD57: 3 | AE57: 8 | AF57: 6 | AG57: 13 | AH57: 6 | AI57: 5 | AJ57: 7 | AK57: 8 | AL57: 6 | AM57: 12 | AN57: 7 | AO57: 6 | AP57: 3 | AQ57: 4 | AR57: 12 | AS57: 5 | AT57: 8 | AU57: 7 | AV57: 11 | AW57: 6 | AX57: 9 | AY57: 4 | AZ57: 5 | BA57: 4 | BB57: 8 | BC57: 5 | BD57: 5 | BE57: 13 | BF57: 25 | BG57: 13 | BH57: 14 | BI57: 18 | BJ57: 21 | BK57: =SUM(E57:BJ57) -> 383
C58: 3. SITI BADRIYAH | E58: 0 | F58: 2 | G58: 0 | H58: 2 | I58: 2 | J58: 1 | K58: 1 | L58: 0 | M58: 2 | N58: 0 | O58: 0 | P58: 2 | Q58: 3 | R58: 0 | S58: 1 | T58: 1 | U58: 0 | V58: 0 | W58: 0 | X58: 1 | Y58: 1 | Z58: 1 | AA58: 3 | AB58: 0 | AC58: 1 | AD58: 0 | AE58: 2 | AF58: 0 | AG58: 0 | AH58: 1 | AI58: 0 | AJ58: 4 | AK58: 2 | AL58: 0 | AM58: 1 | AN58: 2 | AO58: 1 | AP58: 0 | AQ58: 1 | AR58: 1 | AS58: 1 | AT58: 2 | AU58: 0 | AV58: 1 | AW58: 0 | AX58: 0 | AY58: 0 | AZ58: 3 | BA58: 0 | BB58: 0 | BC58: 0 | BD58: 2 | BE58: 0 | BF58: 1 | BG58: 0 | BH58: 0 | BI58: 0 | BJ58: 0 | BK58: =SUM(E58:BJ58) -> 49
C59: 4. FARUQ | E59: 9 | F59: 6 | G59: 6 | H59: 0 | I59: 1 | J59: 4 | K59: 21 | L59: 8 | M59: 21 | N59: 7 | O59: 20 | P59: 9 | Q59: 13 | R59: 3 | S59: 3 | T59: 7 | U59: 4 | V59: 8 | W59: 4 | X59: 6 | Y59: 4 | Z59: 2 | AA59: 26 | AB59: 21 | AC59: 0 | AD59: 2 | AE59: 10 | AF59: 1 | AG59: 6 | AH59: 23 | AI59: 2 | AJ59: 3 | AK59: 1 | AL59: 9 | AM59: 1 | AN59: 5 | AO59: 21 | AP59: 5 | AQ59: 7 | AR59: 2 | AS59: 7 | AT59: 3 | AU59: 1 | AV59: 0 | AW59: 2 | AX59: 0 | AY59: 3 | AZ59: 5 | BA59: 4 | BB59: 6 | BC59: 6 | BD59: 0 | BE59: 2 | BF59: 0 | BG59: 4 | BH59: 1 | BI59: 3 | BJ59: 0 | BK59: =SUM(E59:BJ59) -> 358
C60: 5. H. HARIYANTO HARI WIJAYA, S.T. | E60: 3 | F60: 2 | G60: 2 | H60: 0 | I60: 8 | J60: 1 | K60: 0 | L60: 8 | M60: 2 | N60: 1 | O60: 0 | P60: 2 | Q60: 1 | R60: 1 | S60: 2 | T60: 0 | U60: 5 | V60: 0 | W60: 6 | X60: 5 | Y60: 2 | Z60: 0 | AA60: 4 | AB60: 0 | AC60: 2 | AD60: 1 | AE60: 1 | AF60: 17 | AG60: 1 | AH60: 1 | AI60: 1 | AJ60: 1 | AK60: 0 | AL60: 6 | AM60: 4 | AN60: 5 | AO60: 2 | AP60: 0 | AQ60: 0 | AR60: 0 | AS60: 0 | AT60: 2 | AU60: 0 | AV60: 7 | AW60: 0 | AX60: 0 | AY60: 1 | AZ60: 1 | BA60: 3 | BB60: 0 | BC60: 1 | BD60: 0 | BE60: 0 | BF60: 3 | BG60: 0 | BH60: 1 | BI60: 0 | BJ60: 0 | BK60: =SUM(E60:BJ60) -> 116
C61: 6. SRI ASTUTIK | E61: 0 | F61: 1 | G61: 1 | H61: 0 | I61: 0 | J61: 1 | K61: 0 | L61: 2 | M61: 0 | N61: 0 | O61: 0 | P61: 0 | Q61: 1 | R61: 0 | S61: 1 | T61: 1 | U61: 0 | V61: 1 | W61: 0 | X61: 1 | Y61: 0 | Z61: 1 | AA61: 1 | AB61: 0 | AC61: 0 | AD61: 0 | AE61: 0 | AF61: 3 | AG61: 0 | AH61: 0 | AI61: 1 | AJ61: 0 | AK61: 0 | AL61: 0 | AM61: 0 | AN61: 1 | AO61: 1 | AP61: 1 | AQ61: 0 | AR61: 0 | AS61: 0 | AT61: 3 | AU61: 0 | AV61: 0 | AW61: 0 | AX61: 1 | AY61: 0 | AZ61: 0 | BA61: 1 | BB61: 0 | BC61: 0 | BD61: 0 | BE61: 0 | BF61: 0 | BG61: 0 | BH61: 0 | BI61: 0 | BJ61: 0 | BK61: =SUM(E61:BJ61) -> 24
C62: 7. MUSTOLIH | E62: 3 | F62: 13 | G62: 12 | H62: 4 | I62: 8 | J62: 17 | K62: 1 | L62: 12 | M62: 10 | N62: 8 | O62: 11 | P62: 5 | Q62: 6 | R62: 0 | S62: 1 | T62: 4 | U62: 0 | V62: 4 | W62: 1 | X62: 7 | Y62: 10 | Z62: 2 | AA62: 1 | AB62: 0 | AC62: 10 | AD62: 0 | AE62: 2 | AF62: 2 | AG62: 5 | AH62: 5 | AI62: 5 | AJ62: 2 | AK62: 11 | AL62: 1 | AM62: 14 | AN62: 13 | AO62: 13 | AP62: 14 | AQ62: 31 | AR62: 8 | AS62: 8 | AT62: 6 | AU62: 2 | AV62: 2 | AW62: 0 | AX62: 1 | AY62: 1 | AZ62: 5 | BA62: 0 | BB62: 0 | BC62: 0 | BD62: 0 | BE62: 32 | BF62: 18 | BG62: 10 | BH62: 3 | BI62: 1 | BJ62: 9 | BK62: =SUM(E62:BJ62) -> 374
A63: B | B63: JUMLAH SUARA SAH PARTAI POLITIK DAN CALON (A1 + A2) | E63: =SUM(E55:E62) -> 31 | F63: =SUM(F55:F62) -> 36 | G63: =SUM(G55:G62) -> 38 | H63: =SUM(H55:H62) -> 13 | I63: =SUM(I55:I62) -> 34 | J63: =SUM(J55:J62) -> 32 | K63: =SUM(K55:K62) -> 37 | L63: =SUM(L55:L62) -> 35 | ... BJ63: =SUM(BJ55:BJ62) -> 36 | BK63: =SUM(E63:BJ63) -> 1804
BK64: =SUM(E64:BJ64) -> 0
A65: A.1 | B65: 3. | C65: Partai Demokrasi Indonesia Perjuangan | E65: 12 | F65: 2 | G65: 6 | H65: 25 | I65: 9 | J65: 3 | K65: 9 | L65: 6 | M65: 13 | N65: 10 | O65: 11 | P65: 9 | Q65: 9 | R65: 9 | S65: 5 | T65: 12 | U65: 9 | V65: 9 | W65: 6 | X65: 11 | Y65: 6 | Z65: 8 | AA65: 8 | AB65: 4 | AC65: 7 | AD65: 17 | AE65: 9 | AF65: 10 | AG65: 13 | AH65: 15 | AI65: 9 | AJ65: 15 | AK65: 15 | AL65: 9 | AM65: 10 | AN65: 11 | AO65: 11 | AP65: 11 | AQ65: 12 | AR65: 22 | AS65: 7 | AT65: 9 | AU65: 7 | AV65: 10 | AW65: 8 | AX65: 7 | AY65: 11 | AZ65: 7 | BA65: 4 | BB65: 10 | BC65: 7 | BD65: 3 | BE65: 2 | BF65: 3 | BG65: 8 | BH65: 5 | BI65: 3 | BJ65: 3 | BK65: =SUM(E65:BJ65) -> 521
A66: A.2 | C66: 1. FICKY SEPTALINDA, S.E. | E66: 5 | F66: 8 | G66: 6 | H66: 2 | I66: 6 | J66: 5 | K66: 2 | L66: 4 | M66: 12 | N66: 6 | O66: 5 | P66: 7 | Q66: 14 | R66: 6 | S66: 7 | T66: 3 | U66: 7 | V66: 19 | W66: 5 | X66: 4 | Y66: 18 | Z66: 24 | AA66: 10 | AB66: 5 | AC66: 12 | AD66: 15 | AE66: 5 | AF66: 7 | AG66: 22 | AH66: 9 | AI66: 42 | AJ66: 37 | AK66: 25 | AL66: 38 | AM66: 23 | AN66: 51 | AO66: 32 | AP66: 9 | AQ66: 8 | AR66: 6 | AS66: 7 | AT66: 2 | AU66: 29 | AV66: 29 | AW66: 17 | AX66: 26 | AY66: 13 | AZ66: 12 | BA66: 10 | BB66: 26 | BC66: 29 | BD66: 7 | BE66: 19 | BF66: 18 | BG66: 42 | BH66: 3 | BI66: 21 | BJ66: 8 | BK66: =SUM(E66:BJ66) -> 849
C67: 2. TATANG SUROYO | E67: 0 | F67: 0 | G67: 1 | H67: 1 | I67: 1 | J67: 2 | K67: 0 | L67: 0 | M67: 0 | N67: 1 | O67: 1 | P67: 2 | Q67: 0 | R67: 0 | S67: 2 | T67: 1 | U67: 0 | V67: 0 | W67: 0 | X67: 2 | Y67: 0 | Z67: 0 | AA67: 1 | AB67: 2 | AC67: 0 | AD67: 1 | AE67: 0 | AF67: 1 | AG67: 1 | AH67: 1 | AI67: 0 | AJ67: 0 | AK67: 0 | AL67: 1 | AM67: 2 | AN67: 0 | AO67: 0 | AP67: 1 | AQ67: 0 | AR67: 1 | AS67: 2 | AT67: 0 | AU67: 1 | AV67: 0 | AW67: 1 | AX67: 2 | AY67: 0 | AZ67: 0 | BA67: 0 | BB67: 0 | BC67: 0 | BD67: 0 | BE67: 0 | BF67: 0 | BG67: 1 | BH67: 0 | BI67: 0 | BJ67: 0 | BK67: =SUM(E67:BJ67) -> 33
C68: 3. SITI JAMI`AH | E68: 2 | F68: 3 | G68: 1 | H68: 1 | I68: 0 | J68: 2 | K68: 2 | L68: 1 | M68: 0 | N68: 3 | O68: 0 | P68: 2 | Q68: 0 | R68: 1 | S68: 1 | T68: 1 | U68: 3 | V68: 2 | W68: 0 | X68: 4 | Y68: 3 | Z68: 1 | AA68: 2 | AB68: 10 | AC68: 7 | AD68: 3 | AE68: 2 | AF68: 6 | AG68: 6 | AH68: 0 | AI68: 9 | AJ68: 1 | AK68: 3 | AL68: 2 | AM68: 2 | AN68: 3 | AO68: 0 | AP68: 2 | AQ68: 3 | AR68: 3 | AS68: 3 | AT68: 1 | AU68: 0 | AV68: 2 | AW68: 0 | AX68: 3 | AY68: 0 | AZ68: 0 | BA68: 1 | BB68: 2 | BC68: 0 | BD68: 0 | BE68: 0 | BF68: 1 | BG68: 0 | BH68: 0 | BI68: 3 | BJ68: 1 | BK68: =SUM(E68:BJ68) -> 114
C69: 4. ADNAN | E69: 6 | F69: 2 | G69: 5 | H69: 4 | I69: 2 | J69: 2 | K69: 3 | L69: 2 | M69: 8 | N69: 5 | O69: 15 | P69: 7 | Q69: 1 | R69: 12 | S69: 21 | T69: 6 | U69: 5 | V69: 7 | W69: 4 | X69: 9 | Y69: 3 | Z69: 3 | AA69: 4 | AB69: 6 | AC69: 15 | AD69: 7 | AE69: 9 | AF69: 3 | AG69: 3 | AH69: 3 | AI69: 11 | AJ69: 9 | AK69: 12 | AL69: 4 | AM69: 7 | AN69: 6 | AO69: 5 | AP69: 3 | AQ69: 3 | AR69: 6 | AS69: 5 | AT69: 5 | AU69: 7 | AV69: 1 | AW69: 1 | AX69: 2 | AY69: 0 | AZ69: 2 | BA69: 0 | BB69: 1 | BC69: 3 | BD69: 1 | BE69: 5 | BF69: 2 | BG69: 2 | BH69: 10 | BI69: 13 | BJ69: 8 | BK69: =SUM(E69:BJ69) -> 316
C70: 5. RINA WIJAYANTI | E70: 0 | F70: 0 | G70: 2 | H70: 4 | I70: 3 | J70: 1 | K70: 0 | L70: 0 | M70: 0 | N70: 1 | O70: 0 | P70: 0 | Q70: 0 | R70: 0 | S70: 3 | T70: 1 | U70: 0 | V70: 0 | W70: 0 | X70: 1 | Y70: 0 | Z70: 0 | AA70: 0 | AB70: 0 | AC70: 1 | AD70: 0 | AE70: 0 | AF70: 1 | AG70: 1 | AH70: 0 | AI70: 2 | AJ70: 0 | AK70: 1 | AL70: 0 | AM70: 0 | AN70: 1 | AO70: 1 | AP70: 2 | AQ70: 1 | AR70: 3 | AS70: 2 | AT70: 1 | AU70: 0 | AV70: 0 | AW70: 0 | AX70: 0 | AY70: 0 | AZ70: 1 | BA70: 1 | BB70: 1 | BC70: 0 | BD70: 0 | BE70: 0 | BF70: 0 | BG70: 0 | BH70: 1 | BI70: 1 | BJ70: 0 | BK70: =SUM(E70:BJ70) -> 38
C71: 6. RIAS DEMILYA | E71: 0 | F71: 0 | G71: 0 | H71: 2 | I71: 0 | J71: 0 | K71: 0 | L71: 0 | M71: 0 | N71: 0 | O71: 0 | P71: 0 | Q71: 1 | R71: 0 | S71: 1 | T71: 0 | U71: 0 | V71: 1 | W71: 0 | X71: 1 | Y71: 0 | Z71: 0 | AA71: 0 | AB71: 0 | AC71: 0 | AD71: 0 | AE71: 0 | AF71: 0 | AG71: 0 | AH71: 0 | AI71: 0 | AJ71: 0 | AK71: 2 | AL71: 1 | AM71: 0 | AN71: 0 | AO71: 0 | AP71: 1 | AQ71: 0 | AR71: 0 | AS71: 1 | AT71: 1 | AU71: 1 | AV71: 0 | AW71: 0 | AX71: 0 | AY71: 1 | AZ71: 0 | BA71: 2 | BB71: 0 | BC71: 0 | BD71: 0 | BE71: 0 | BF71: 0 | BG71: 0 | BH71: 0 | BI71: 0 | BJ71: 0 | BK71: =SUM(E71:BJ71) -> 16
C72: 7. EKO PRIYONO, S.E. | E72: 1 | F72: 4 | G72: 2 | H72: 4 | I72: 4 | J72: 2 | K72: 5 | L72: 0 | M72: 3 | N72: 0 | O72: 0 | P72: 5 | Q72: 0 | R72: 0 | S72: 2 | T72: 1 | U72: 0 | V72: 3 | W72: 0 | X72: 1 | Y72: 3 | Z72: 1 | AA72: 2 | AB72: 3 | AC72: 0 | AD72: 3 | AE72: 2 | AF72: 2 | AG72: 0 | AH72: 2 | AI72: 4 | AJ72: 0 | AK72: 3 | AL72: 2 | AM72: 2 | AN72: 4 | AO72: 2 | AP72: 3 | AQ72: 1 | AR72: 2 | AS72: 4 | AT72: 2 | AU72: 0 | AV72: 9 | AW72: 10 | AX72: 8 | AY72: 11 | AZ72: 3 | BA72: 2 | BB72: 4 | BC72: 3 | BD72: 8 | BE72: 5 | BF72: 10 | BG72: 3 | BH72: 1 | BI72: 0 | BJ72: 0 | BK72: =SUM(E72:BJ72) -> 161
A73: B | B73: JUMLAH SUARA SAH PARTAI POLITIK DAN CALON (A1 + A2) | E73: =SUM(E65:E72) -> 26 | F73: =SUM(F65:F72) -> 19 | G73: =SUM(G65:G72) -> 23 | H73: =SUM(H65:H72) -> 43 | I73: =SUM(I65:I72) -> 25 | J73: =SUM(J65:J72) -> 17 | K73: =SUM(K65:K72) -> 21 | L73: =SUM(L65:L72) -> 13 | ... BJ73: =SUM(BJ65:BJ72) -> 20 | BK73: =SUM(E73:BJ73) -> 2048
BK74: =SUM(E74:BJ74) -> 0
A75: A.1 | B75: 4. | C75: Partai Golongan Karya | E75: 2 | F75: 0 | G75: 1 | H75: 0 | I75: 3 | J75: 2 | K75: 4 | L75: 3 | M75: 9 | N75: 7 | O75: 9 | P75: 6 | Q75: 2 | R75: 3 | S75: 3 | T75: 1 | U75: 5 | V75: 1 | W75: 2 | X75: 6 | Y75: 3 | Z75: 2 | AA75: 2 | AB75: 1 | AC75: 1 | AD75: 0 | AE75: 2 | AF75: 4 | AG75: 2 | AH75: 4 | AI75: 3 | AJ75: 2 | AK75: 3 | AL75: 1 | AM75: 1 | AN75: 3 | AO75: 0 | AP75: 1 | AQ75: 1 | AR75: 6 | AS75: 2 | AT75: 4 | AU75: 1 | AV75: 3 | AW75: 6 | AX75: 2 | AY75: 1 | AZ75: 4 | BA75: 2 | BB75: 0 | BC75: 6 | BD75: 0 | BE75: 1 | BF75: 1 | BG75: 0 | BH75: 2 | BI75: 0 | BJ75: 0 | BK75: =SUM(E75:BJ75) -> 146
A76: A.2 | C76: 1. RULIYONO, S.H. | E76: 5 | F76: 5 | G76: 7 | H76: 6 | I76: 1 | J76: 1 | K76: 6 | L76: 2 | M76: 4 | N76: 1 | O76: 2 | P76: 6 | Q76: 6 | R76: 1 | S76: 4 | T76: 0 | U76: 2 | V76: 1 | W76: 5 | X76: 2 | Y76: 5 | Z76: 2 | AA76: 6 | AB76: 9 | AC76: 5 | AD76: 2 | AE76: 2 | AF76: 8 | AG76: 5 | AH76: 9 | AI76: 13 | AJ76: 8 | AK76: 3 | AL76: 4 | AM76: 17 | AN76: 12 | AO76: 3 | AP76: 5 | AQ76: 12 | AR76: 6 | AS76: 6 | AT76: 10 | AU76: 3 | AV76: 0 | AW76: 4 | AX76: 3 | AY76: 7 | AZ76: 2 | BA76: 6 | BB76: 6 | BC76: 4 | BD76: 2 | BE76: 4 | BF76: 5 | BG76: 3 | BH76: 3 | BI76: 1 | BJ76: 1 | BK76: =SUM(E76:BJ76) -> 273
C77: 2. FAHIRA HUMAIROH | E77: 1 | F77: 1 | G77: 2 | H77: 1 | I77: 6 | J77: 2 | K77: 1 | L77: 1 | M77: 1 | N77: 1 | O77: 2 | P77: 1 | Q77: 2 | R77: 1 | S77: 0 | T77: 8 | U77: 0 | V77: 3 | W77: 0 | X77: 1 | Y77: 1 | Z77: 3 | AA77: 2 | AB77: 0 | AC77: 0 | AD77: 0 | AE77: 0 | AF77: 0 | AG77: 0 | AH77: 2 | AI77: 1 | AJ77: 1 | AK77: 2 | AL77: 1 | AM77: 2 | AN77: 5 | AO77: 0 | AP77: 0 | AQ77: 2 | AR77: 4 | AS77: 1 | AT77: 0 | AU77: 7 | AV77: 1 | AW77: 6 | AX77: 0 | AY77: 0 | AZ77: 1 | BA77: 1 | BB77: 1 | BC77: 0 | BD77: 0 | BE77: 1 | BF77: 6 | BG77: 2 | BH77: 2 | BI77: 0 | BJ77: 1 | BK77: =SUM(E77:BJ77) -> 91
C78: 3. T. AFNANY AKBAR, S.E. | E78: 0 | F78: 0 | G78: 0 | H78: 0 | I78: 1 | J78: 0 | K78: 0 | L78: 1 | M78: 1 | N78: 1 | O78: 0 | P78: 1 | Q78: 0 | R78: 0 | S78: 0 | T78: 2 | U78: 0 | V78: 0 | W78: 0 | X78: 0 | Y78: 0 | Z78: 1 | AA78: 2 | AB78: 0 | AC78: 0 | AD78: 0 | AE78: 0 | AF78: 0 | AG78: 0 | AH78: 0 | AI78: 1 | AJ78: 0 | AK78: 1 | AL78: 0 | AM78: 0 | AN78: 0 | AO78: 1 | AP78: 0 | AQ78: 1 | AR78: 1 | AS78: 0 | AT78: 0 | AU78: 1 | AV78: 0 | AW78: 0 | AX78: 1 | AY78: 0 | AZ78: 0 | BA78: 0 | BB78: 1 | BC78: 0 | BD78: 0 | BE78: 1 | BF78: 0 | BG78: 0 | BH78: 1 | BI78: 1 | BJ78: 0 | BK78: =SUM(E78:BJ78) -> 21
C79: 4. MUHAMAD SUBUR | E79: 1 | F79: 3 | G79: 5 | H79: 3 | I79: 4 | J79: 8 | K79: 11 | L79: 26 | M79: 30 | N79: 45 | O79: 25 | P79: 5 | Q79: 10 | R79: 3 | S79: 1 | T79: 1 | U79: 2 | V79: 0 | W79: 0 | X79: 1 | Y79: 5 | Z79: 9 | AA79: 2 | AB79: 3 | AC79: 0 | AD79: 8 | AE79: 2 | AF79: 2 | AG79: 1 | AH79: 5 | AI79: 12 | AJ79: 5 | AK79: 10 | AL79: 5 | AM79: 9 | AN79: 0 | AO79: 0 | AP79: 4 | AQ79: 2 | AR79: 5 | AS79: 10 | AT79: 1 | AU79: 2 | AV79: 2 | AW79: 4 | AX79: 4 | AY79: 5 | AZ79: 3 | BA79: 0 | BB79: 0 | BC79: 1 | BD79: 3 | BE79: 0 | BF79: 0 | BG79: 0 | BH79: 0 | BI79: 0 | BJ79: 0 | BK79: =SUM(E79:BJ79) -> 308
C80: 5. NYOTO PRAYITNO, S.E. | E80: 0 | F80: 1 | G80: 1 | H80: 1 | I80: 5 | J80: 0 | K80: 0 | L80: 0 | M80: 0 | N80: 0 | O80: 1 | P80: 2 | Q80: 0 | R80: 0 | S80: 14 | T80: 5 | U80: 7 | V80: 2 | W80: 1 | X80: 1 | Y80: 2 | Z80: 0 | AA80: 0 | AB80: 0 | AC80: 0 | AD80: 1 | AE80: 0 | AF80: 9 | AG80: 0 | AH80: 3 | AI80: 0 | AJ80: 5 | AK80: 6 | AL80: 0 | AM80: 3 | AN80: 1 | AO80: 4 | AP80: 5 | AQ80: 2 | AR80: 4 | AS80: 3 | AT80: 0 | AU80: 28 | AV80: 22 | AW80: 12 | AX80: 9 | AY80: 6 | AZ80: 4 | BA80: 2 | BB80: 1 | BC80: 0 | BD80: 0 | BE80: 0 | BF80: 1 | BG80: 0 | BH80: 0 | BI80: 1 | BJ80: 0 | BK80: =SUM(E80:BJ80) -> 175
C81: 6. UMI LIANA EKAYANTI | E81: 0 | F81: 0 | G81: 1 | H81: 0 | I81: 0 | J81: 0 | K81: 0 | L81: 0 | M81: 0 | N81: 0 | O81: 0 | P81: 0 | Q81: 1 | R81: 0 | S81: 0 | T81: 0 | U81: 0 | V81: 0 | W81: 0 | X81: 0 | Y81: 0 | Z81: 0 | AA81: 0 | AB81: 0 | AC81: 0 | AD81: 1 | AE81: 0 | AF81: 1 | AG81: 0 | AH81: 0 | AI81: 0 | AJ81: 0 | AK81: 0 | AL81: 0 | AM81: 0 | AN81: 0 | AO81: 0 | AP81: 0 | AQ81: 1 | AR81: 0 | AS81: 0 | AT81: 0 | AU81: 0 | AV81: 0 | AW81: 0 | AX81: 0 | AY81: 0 | AZ81: 0 | BA81: 0 | BB81: 0 | BC81: 0 | BD81: 0 | BE81: 0 | BF81: 0 | BG81: 0 | BH81: 0 | BI81: 0 | BJ81: 0 | BK81: =SUM(E81:BJ81) -> 5
C82: 7. TARMUJI | E82: 0 | F82: 0 | G82: 0 | H82: 0 | I82: 0 | J82: 0 | K82: 0 | L82: 0 | M82: 0 | N82: 0 | O82: 0 | P82: 0 | Q82: 0 | R82: 0 | S82: 1 | T82: 0 | U82: 0 | V82: 0 | W82: 0 | X82: 0 | Y82: 0 | Z82: 0 | AA82: 0 | AB82: 0 | AC82: 1 | AD82: 0 | AE82: 0 | AF82: 0 | AG82: 0 | AH82: 0 | AI82: 0 | AJ82: 0 | AK82: 0 | AL82: 0 | AM82: 0 | AN82: 0 | AO82: 0 | AP82: 0 | AQ82: 0 | AR82: 1 | AS82: 0 | AT82: 0 | AU82: 0 | AV82: 0 | AW82: 0 | AX82: 0 | AY82: 0 | AZ82: 0 | BA82: 0 | BB82: 0 | BC82: 0 | BD82: 0 | BE82: 0 | BF82: 0 | BG82: 0 | BH82: 0 | BI82: 0 | BJ82: 0 | BK82: =SUM(E82:BJ82) -> 3
A83: B | B83: JUMLAH SUARA SAH PARTAI POLITIK DAN CALON (A1 + A2) | E83: =SUM(E75:E82) -> 9 | F83: =SUM(F75:F82) -> 10 | G83: =SUM(G75:G82) -> 17 | H83: =SUM(H75:H82) -> 11 | I83: =SUM(I75:I82) -> 20 | J83: =SUM(J75:J82) -> 13 | K83: =SUM(K75:K82) -> 22 | L83: =SUM(L75:L82) -> 33 | ... BJ83: =SUM(BJ75:BJ82) -> 2 | BK83: =SUM(E83:BJ83) -> 1022
BK84: =SUM(E84:BJ84) -> 0
A85: A.1 | B85: 5. | C85: Partai NasDem | E85: 1 | F85: 1 | G85: 2 | H85: 5 | I85: 0 | J85: 6 | K85: 4 | L85: 2 | M85: 0 | N85: 3 | O85: 0 | P85: 0 | Q85: 0 | R85: 2 | S85: 1 | T85: 2 | U85: 1 | V85: 0 | W85: 0 | X85: 2 | Y85: 0 | Z85: 1 | AA85: 0 | AB85: 0 | AC85: 1 | AD85: 0 | AE85: 1 | AF85: 3 | AG85: 0 | AH85: 0 | AI85: 1 | AJ85: 0 | AK85: 0 | AL85: 1 | AM85: 0 | AN85: 0 | AO85: 0 | AP85: 0 | AQ85: 0 | AR85: 0 | AS85: 0 | AT85: 0 | AU85: 0 | AV85: 0 | AW85: 0 | AX85: 2 | AY85: 0 | AZ85: 0 | BA85: 0 | BB85: 0 | BC85: 3 | BD85: 0 | BE85: 1 | BF85: 0 | BG85: 2 | BH85: 1 | BI85: 2 | BJ85: 1 | BK85: =SUM(E85:BJ85) -> 52
A86: A.2 | C86: 1. SUNGKOWO SARWO EDY, S.H. | E86: 1 | F86: 2 | G86: 0 | H86: 1 | I86: 0 | J86: 3 | K86: 1 | L86: 0 | M86: 0 | N86: 0 | O86: 1 | P86: 0 | Q86: 0 | R86: 2 | S86: 0 | T86: 0 | U86: 0 | V86: 0 | W86: 0 | X86: 0 | Y86: 0 | Z86: 0 | AA86: 0 | AB86: 0 | AC86: 0 | AD86: 1 | AE86: 0 | AF86: 0 | AG86: 0 | AH86: 0 | AI86: 2 | AJ86: 1 | AK86: 0 | AL86: 0 | AM86: 0 | AN86: 0 | AO86: 0 | AP86: 2 | AQ86: 1 | AR86: 1 | AS86: 1 | AT86: 0 | AU86: 1 | AV86: 0 | AW86: 0 | AX86: 0 | AY86: 1 | AZ86: 0 | BA86: 1 | BB86: 0 | BC86: 0 | BD86: 1 | BE86: 0 | BF86: 0 | BG86: 0 | BH86: 0 | BI86: 0 | BJ86: 0 | BK86: =SUM(E86:BJ86) -> 24
C87: 2. GUNAWAN SATRIA PRATAMA | E87: 2 | F87: 1 | G87: 2 | H87: 0 | I87: 3 | J87: 28 | K87: 2 | L87: 0 | M87: 0 | N87: 0 | O87: 0 | P87: 0 | Q87: 2 | R87: 0 | S87: 1 | T87: 1 | U87: 3 | V87: 4 | W87: 1 | X87: 0 | Y87: 6 | Z87: 0 | AA87: 0 | AB87: 1 | AC87: 0 | AD87: 1 | AE87: 1 | AF87: 0 | AG87: 0 | AH87: 0 | AI87: 0 | AJ87: 0 | AK87: 0 | AL87: 0 | AM87: 0 | AN87: 0 | AO87: 0 | AP87: 3 | AQ87: 16 | AR87: 0 | AS87: 0 | AT87: 0 | AU87: 0 | AV87: 1 | AW87: 0 | AX87: 0 | AY87: 0 | AZ87: 0 | BA87: 0 | BB87: 0 | BC87: 0 | BD87: 0 | BE87: 0 | BF87: 0 | BG87: 1 | BH87: 0 | BI87: 0 | BJ87: 0 | BK87: =SUM(E87:BJ87) -> 80
C88: 3. Hj. ULFA LAILA, S.E. | E88: 0 | F88: 1 | G88: 1 | H88: 0 | I88: 1 | J88: 0 | K88: 0 | L88: 1 | M88: 0 | N88: 0 | O88: 1 | P88: 0 | Q88: 0 | R88: 0 | S88: 3 | T88: 0 | U88: 2 | V88: 0 | W88: 0 | X88: 0 | Y88: 0 | Z88: 0 | AA88: 1 | AB88: 0 | AC88: 0 | AD88: 0 | AE88: 0 | AF88: 0 | AG88: 0 | AH88: 0 | AI88: 0 | AJ88: 0 | AK88: 0 | AL88: 0 | AM88: 0 | AN88: 0 | AO88: 0 | AP88: 0 | AQ88: 1 | AR88: 0 | AS88: 0 | AT88: 0 | AU88: 0 | AV88: 0 | AW88: 0 | AX88: 0 | AY88: 0 | AZ88: 0 | BA88: 0 | BB88: 0 | BC88: 0 | BD88: 0 | BE88: 0 | BF88: 0 | BG88: 0 | BH88: 1 | BI88: 0 | BJ88: 0 | BK88: =SUM(E88:BJ88) -> 13
C89: 4. H. KURDI ISMAIL, S.H. | E89: 0 | F89: 0 | G89: 0 | H89: 0 | I89: 1 | J89: 0 | K89: 0 | L89: 0 | M89: 0 | N89: 1 | O89: 0 | P89: 0 | Q89: 0 | R89: 0 | S89: 0 | T89: 0 | U89: 0 | V89: 0 | W89: 0 | X89: 0 | Y89: 0 | Z89: 0 | AA89: 0 | AB89: 0 | AC89: 0 | AD89: 0 | AE89: 0 | AF89: 1 | AG89: 1 | AH89: 0 | AI89: 0 | AJ89: 0 | AK89: 0 | AL89: 0 | AM89: 0 | AN89: 0 | AO89: 0 | AP89: 1 | AQ89: 0 | AR89: 0 | AS89: 0 | AT89: 0 | AU89: 0 | AV89: 0 | AW89: 0 | AX89: 0 | AY89: 0 | AZ89: 0 | BA89: 0 | BB89: 0 | BC89: 0 | BD89: 0 | BE89: 1 | BF89: 0 | BG89: 0 | BH89: 0 | BI89: 0 | BJ89: 0 | BK89: =SUM(E89:BJ89) -> 6
C90: 5. FEBRY PRIMA SANJAYA | E90: 0 | F90: 1 | G90: 0 | H90: 0 | I90: 0 | J90: 0 | K90: 0 | L90: 0 | M90: 0 | N90: 0 | O90: 0 | P90: 0 | Q90: 0 | R90: 0 | S90: 0 | T90: 1 | U90: 0 | V90: 0 | W90: 0 | X90: 0 | Y90: 3 | Z90: 2 | AA90: 0 | AB90: 0 | AC90: 0 | AD90: 0 | AE90: 0 | AF90: 0 | AG90: 0 | AH90: 0 | AI90: 0 | AJ90: 0 | AK90: 1 | AL90: 0 | AM90: 1 | AN90: 3 | AO90: 1 | AP90: 0 | AQ90: 0 | AR90: 0 | AS90: 0 | AT90: 0 | AU90: 0 | AV90: 2 | AW90: 0 | AX90: 0 | AY90: 0 | AZ90: 0 | BA90: 0 | BB90: 2 | BC90: 0 | BD90: 0 | BE90: 0 | BF90: 0 | BG90: 0 | BH90: 0 | BI90: 3 | BJ90: 0 | BK90: =SUM(E90:BJ90) -> 20
C91: 6. TRI SETYANINGSIH | E91: 0 | F91: 0 | G91: 1 | H91: 1 | I91: 0 | J91: 0 | K91: 0 | L91: 0 | M91: 0 | N91: 0 | O91: 0 | P91: 0 | Q91: 0 | R91: 1 | S91: 0 | T91: 0 | U91: 0 | V91: 0 | W91: 1 | X91: 0 | Y91: 1 | Z91: 0 | AA91: 0 | AB91: 0 | AC91: 0 | AD91: 0 | AE91: 0 | AF91: 0 | AG91: 0 | AH91: 2 | AI91: 2 | AJ91: 0 | AK91: 2 | AL91: 0 | AM91: 2 | AN91: 0 | AO91: 1 | AP91: 0 | AQ91: 0 | AR91: 0 | AS91: 0 | AT91: 0 | AU91: 1 | AV91: 0 | AW91: 0 | AX91: 1 | AY91: 0 | AZ91: 0 | BA91: 0 | BB91: 0 | BC91: 0 | BD91: 0 | BE91: 1 | BF91: 0 | BG91: 0 | BH91: 0 | BI91: 0 | BJ91: 0 | BK91: =SUM(E91:BJ91) -> 17
C92: 7. ABDUL MUKSIN, S.Sos | E92: 8 | F92: 0 | G92: 0 | H92: 0 | I92: 0 | J92: 0 | K92: 0 | L92: 1 | M92: 0 | N92: 0 | O92: 0 | P92: 0 | Q92: 0 | R92: 0 | S92: 0 | T92: 1 | U92: 1 | V92: 1 | W92: 1 | X92: 0 | Y92: 0 | Z92: 0 | AA92: 0 | AB92: 0 | AC92: 0 | AD92: 0 | AE92: 0 | AF92: 0 | AG92: 0 | AH92: 0 | AI92: 0 | AJ92: 1 | AK92: 0 | AL92: 0 | AM92: 1 | AN92: 0 | AO92: 0 | AP92: 0 | AQ92: 0 | AR92: 0 | AS92: 0 | AT92: 0 | AU92: 0 | AV92: 0 | AW92: 0 | AX92: 2 | AY92: 0 | AZ92: 0 | BA92: 0 | BB92: 0 | BC92: 3 | BD92: 0 | BE92: 0 | BF92: 0 | BG92: 0 | BH92: 0 | BI92: 0 | BJ92: 0 | BK92: =SUM(E92:BJ92) -> 20
A93: B | B93: JUMLAH SUARA SAH PARTAI POLITIK DAN CALON (A1 + A2) | E93: =SUM(E85:E92) -> 12 | F93: =SUM(F85:F92) -> 6 | G93: =SUM(G85:G92) -> 6 | H93: =SUM(H85:H92) -> 7 | I93: =SUM(I85:I92) -> 5 | J93: =SUM(J85:J92) -> 37 | K93: =SUM(K85:K92) -> 7 | L93: =SUM(L85:L92) -> 4 | ... BJ93: =SUM(BJ85:BJ92) -> 1 | BK93: =SUM(E93:BJ93) -> 232
BK94: =SUM(E94:BJ94) -> 0
A95: A.1 | B95: 6. | C95: Partai Buruh | E95: 1 | F95: 0 | G95: 0 | H95: 0 | I95: 1 | J95: 1 | K95: 1 | L95: 0 | M95: 0 | N95: 0 | O95: 0 | P95: 0 | Q95: 0 | R95: 0 | S95: 0 | T95: 0 | U95: 0 | V95: 0 | W95: 0 | X95: 0 | Y95: 0 | Z95: 0 | AA95: 0 | AB95: 0 | AC95: 0 | AD95: 0 | AE95: 1 | AF95: 1 | AG95: 0 | AH95: 0 | AI95: 0 | AJ95: 0 | AK95: 0 | AL95: 1 | AM95: 0 | AN95: 0 | AO95: 0 | AP95: 0 | AQ95: 0 | AR95: 0 | AS95: 0 | AT95: 0 | AU95: 1 | AV95: 1 | AW95: 0 | AX95: 0 | AY95: 0 | AZ95: 0 | BA95: 0 | BB95: 0 | BC95: 0 | BD95: 0 | BE95: 0 | BF95: 0 | BG95: 0 | BH95: 1 | BI95: 1 | BJ95: 0 | BK95: =SUM(E95:BJ95) -> 11
A96: A.2 | C96: 1. KHOIRUL ANWARI ARIF | E96: 0 | F96: 0 | G96: 0 | H96: 0 | I96: 0 | J96: 0 | K96: 0 | L96: 0 | M96: 1 | N96: 0 | O96: 0 | P96: 0 | Q96: 1 | R96: 0 | S96: 0 | T96: 0 | U96: 0 | V96: 0 | W96: 0 | X96: 0 | Y96: 0 | Z96: 0 | AA96: 1 | AB96: 0 | AC96: 0 | AD96: 1 | AE96: 0 | AF96: 0 | AG96: 0 | AH96: 1 | AI96: 1 | AJ96: 0 | AK96: 0 | AL96: 0 | AM96: 0 | AN96: 0 | AO96: 1 | AP96: 0 | AQ96: 0 | AR96: 0 | AS96: 0 | AT96: 0 | AU96: 2 | AV96: 0 | AW96: 0 | AX96: 0 | AY96: 0 | AZ96: 1 | BA96: 0 | BB96: 1 | BC96: 1 | BD96: 0 | BE96: 0 | BF96: 0 | BG96: 1 | BH96: 0 | BI96: 0 | BJ96: 0 | BK96: =SUM(E96:BJ96) -> 13
A97: B | B97: JUMLAH SUARA SAH PARTAI POLITIK DAN CALON (A1 + A2) | E97: =SUM(E95:E96) -> 1 | F97: =SUM(F95:F96) -> 0 | G97: =SUM(G95:G96) -> 0 | H97: =SUM(H95:H96) -> 0 | I97: =SUM(I95:I96) -> 1 | J97: =SUM(J95:J96) -> 1 | K97: =SUM(K95:K96) -> 1 | L97: =SUM(L95:L96) -> 0 | ... BJ97: =SUM(BJ95:BJ96) -> 0 | BK97: =SUM(E97:BJ97) -> 24
BK98: =SUM(E98:BJ98) -> 0
A99: A.1 | B99: 7. | C99: Partai Gelombang Rakyat Indonesia | E99: 1 | F99: 0 | G99: 0 | H99: 1 | I99: 1 | J99: 1 | K99: 3 | L99: 1 | M99: 2 | N99: 2 | O99: 0 | P99: 3 | Q99: 1 | R99: 1 | S99: 0 | T99: 1 | U99: 2 | V99: 1 | W99: 0 | X99: 1 | Y99: 8 | Z99: 0 | AA99: 1 | AB99: 4 | AC99: 2 | AD99: 1 | AE99: 1 | AF99: 0 | AG99: 0 | AH99: 1 | AI99: 0 | AJ99: 0 | AK99: 2 | AL99: 0 | AM99: 2 | AN99: 0 | AO99: 0 | AP99: 2 | AQ99: 1 | AR99: 1 | AS99: 0 | AT99: 1 | AU99: 0 | AV99: 0 | AW99: 0 | AX99: 1 | AY99: 0 | AZ99: 1 | BA99: 0 | BB99: 0 | BC99: 0 | BD99: 0 | BE99: 1 | BF99: 0 | BG99: 2 | BH99: 1 | BI99: 0 | BJ99: 0 | BK99: =SUM(E99:BJ99) -> 55
A100: A.2 | C100: 1. WASIS | E100: 0 | F100: 0 | G100: 0 | H100: 0 | I100: 0 | J100: 0 | K100: 0 | L100: 0 | M100: 1 | N100: 0 | O100: 0 | P100: 0 | Q100: 0 | R100: 0 | S100: 0 | T100: 3 | U100: 1 | V100: 0 | W100: 0 | X100: 2 | Y100: 1 | Z100: 1 | AA100: 0 | AB100: 0 | AC100: 0 | AD100: 0 | AE100: 2 | AF100: 1 | AG100: 0 | AH100: 1 | AI100: 1 | AJ100: 0 | AK100: 1 | AL100: 0 | AM100: 0 | AN100: 0 | AO100: 0 | AP100: 0 | AQ100: 1 | AR100: 1 | AS100: 0 | AT100: 0 | AU100: 0 | AV100: 0 | AW100: 0 | AX100: 0 | AY100: 0 | AZ100: 0 | BA100: 0 | BB100: 2 | BC100: 0 | BD100: 0 | BE100: 0 | BF100: 2 | BG100: 1 | BH100: 0 | BI100: 0 | BJ100: 0 | BK100: =SUM(E100:BJ100) -> 22
A101: B | B101: JUMLAH SUARA SAH PARTAI POLITIK DAN CALON (A1 + A2) | E101: =SUM(E99:E100) -> 1 | F101: =SUM(F99:F100) -> 0 | G101: =SUM(G99:G100) -> 0 | H101: =SUM(H99:H100) -> 1 | I101: =SUM(I99:I100) -> 1 | J101: =SUM(J99:J100) -> 1 | K101: =SUM(K99:K100) -> 3 | L101: =SUM(L99:L100) -> 1 | ... BJ101: =SUM(BJ99:BJ100) -> 0 | BK101: =SUM(E101:BJ101) -> 77
BK102: =SUM(E102:BJ102) -> 0
A103: A.1 | B103: 8. | C103: Partai Keadilan Sejahtera | E103: 3 | F103: 8 | G103: 2 | H103: 2 | I103: 6 | J103: 3 | K103: 0 | L103: 10 | M103: 4 | N103: 1 | O103: 0 | P103: 1 | Q103: 3 | R103: 4 | S103: 5 | T103: 7 | U103: 6 | V103: 3 | W103: 1 | X103: 4 | Y103: 1 | Z103: 3 | AA103: 2 | AB103: 1 | AC103: 4 | AD103: 2 | AE103: 2 | AF103: 3 | AG103: 1 | AH103: 0 | AI103: 2 | AJ103: 3 | AK103: 2 | AL103: 8 | AM103: 1 | AN103: 1 | AO103: 0 | AP103: 3 | AQ103: 2 | AR103: 7 | AS103: 2 | AT103: 8 | AU103: 4 | AV103: 2 | AW103: 13 | AX103: 8 | AY103: 2 | AZ103: 6 | BA103: 4 | BB103: 2 | BC103: 3 | BD103: 1 | BE103: 0 | BF103: 0 | BG103: 8 | BH103: 1 | BI103: 0 | BJ103: 1 | BK103: =SUM(E103:BJ103) -> 186
A104: A.2 | C104: 1. SRI WAHYUNI, S.Si. | E104: 39 | F104: 60 | G104: 34 | H104: 16 | I104: 9 | J104: 13 | K104: 17 | L104: 44 | M104: 8 | N104: 7 | O104: 17 | P104: 19 | Q104: 17 | R104: 34 | S104: 25 | T104: 24 | U104: 22 | V104: 13 | W104: 34 | X104: 34 | Y104: 0 | Z104: 2 | AA104: 37 | AB104: 10 | AC104: 14 | AD104: 19 | AE104: 6 | AF104: 56 | AG104: 23 | AH104: 23 | AI104: 16 | AJ104: 30 | AK104: 34 | AL104: 46 | AM104: 7 | AN104: 16 | AO104: 18 | AP104: 29 | AQ104: 21 | AR104: 48 | AS104: 56 | AT104: 73 | AU104: 89 | AV104: 44 | AW104: 72 | AX104: 89 | AY104: 51 | AZ104: 15 | BA104: 23 | BB104: 33 | BC104: 21 | BD104: 38 | BE104: 22 | BF104: 2 | BG104: 31 | BH104: 15 | BI104: 10 | BJ104: 2 | BK104: =SUM(E104:BJ104) -> 1627
C105: 2. AHMAD FAISAL RIZAL | E105: 1 | F105: 0 | G105: 1 | H105: 0 | I105: 0 | J105: 1 | K105: 2 | L105: 1 | M105: 1 | N105: 0 | O105: 0 | P105: 0 | Q105: 0 | R105: 0 | S105: 4 | T105: 1 | U105: 1 | V105: 0 | W105: 0 | X105: 0 | Y105: 2 | Z105: 2 | AA105: 2 | AB105: 0 | AC105: 0 | AD105: 0 | AE105: 1 | AF105: 4 | AG105: 1 | AH105: 4 | AI105: 0 | AJ105: 0 | AK105: 4 | AL105: 0 | AM105: 0 | AN105: 0 | AO105: 0 | AP105: 0 | AQ105: 0 | AR105: 0 | AS105: 0 | AT105: 0 | AU105: 0 | AV105: 0 | AW105: 1 | AX105: 0 | AY105: 1 | AZ105: 1 | BA105: 3 | BB105: 2 | BC105: 0 | BD105: 0 | BE105: 0 | BF105: 0 | BG105: 0 | BH105: 0 | BI105: 1 | BJ105: 1 | BK105: =SUM(E105:BJ105) -> 43
C106: 3. SYAIFUL LATIF, S.P. | E106: 0 | F106: 0 | G106: 0 | H106: 0 | I106: 1 | J106: 0 | K106: 0 | L106: 1 | M106: 2 | N106: 0 | O106: 0 | P106: 0 | Q106: 0 | R106: 0 | S106: 1 | T106: 1 | U106: 0 | V106: 0 | W106: 0 | X106: 0 | Y106: 0 | Z106: 0 | AA106: 0 | AB106: 0 | AC106: 1 | AD106: 0 | AE106: 0 | AF106: 0 | AG106: 1 | AH106: 0 | AI106: 1 | AJ106: 1 | AK106: 2 | AL106: 0 | AM106: 0 | AN106: 0 | AO106: 0 | AP106: 1 | AQ106: 2 | AR106: 0 | AS106: 0 | AT106: 0 | AU106: 1 | AV106: 1 | AW106: 0 | AX106: 0 | AY106: 0 | AZ106: 0 | BA106: 0 | BB106: 0 | BC106: 0 | BD106: 0 | BE106: 0 | BF106: 0 | BG106: 2 | BH106: 1 | BI106: 0 | BJ106: 0 | BK106: =SUM(E106:BJ106) -> 20
C107: 4. WAWAN PRISTIAWAN, S.Pd. | E107: 0 | F107: 0 | G107: 0 | H107: 0 | I107: 0 | J107: 0 | K107: 0 | L107: 0 | M107: 0 | N107: 0 | O107: 0 | P107: 0 | Q107: 0 | R107: 1 | S107: 1 | T107: 1 | U107: 0 | V107: 0 | W107: 1 | X107: 0 | Y107: 0 | Z107: 0 | AA107: 0 | AB107: 0 | AC107: 0 | AD107: 0 | AE107: 0 | AF107: 0 | AG107: 1 | AH107: 0 | AI107: 0 | AJ107: 0 | AK107: 0 | AL107: 0 | AM107: 0 | AN107: 0 | AO107: 1 | AP107: 0 | AQ107: 0 | AR107: 0 | AS107: 0 | AT107: 0 | AU107: 0 | AV107: 0 | AW107: 0 | AX107: 0 | AY107: 1 | AZ107: 0 | BA107: 0 | BB107: 0 | BC107: 1 | BD107: 0 | BE107: 0 | BF107: 0 | BG107: 0 | BH107: 0 | BI107: 0 | BJ107: 0 | BK107: =SUM(E107:BJ107) -> 8
C108: 5. FONI AGUSTIN, S.E. | E108: 0 | F108: 0 | G108: 0 | H108: 0 | I108: 0 | J108: 0 | K108: 2 | L108: 0 | M108: 0 | N108: 0 | O108: 0 | P108: 0 | Q108: 0 | R108: 0 | S108: 2 | T108: 0 | U108: 0 | V108: 0 | W108: 0 | X108: 0 | Y108: 0 | Z108: 0 | AA108: 2 | AB108: 0 | AC108: 0 | AD108: 0 | AE108: 0 | AF108: 0 | AG108: 0 | AH108: 0 | AI108: 0 | AJ108: 0 | AK108: 0 | AL108: 0 | AM108: 1 | AN108: 0 | AO108: 0 | AP108: 0 | AQ108: 0 | AR108: 0 | AS108: 1 | AT108: 0 | AU108: 0 | AV108: 2 | AW108: 0 | AX108: 0 | AY108: 1 | AZ108: 0 | BA108: 0 | BB108: 1 | BC108: 1 | BD108: 0 | BE108: 0 | BF108: 2 | BG108: 1 | BH108: 0 | BI108: 0 | BJ108: 0 | BK108: =SUM(E108:BJ108) -> 16
C109: 6. ST. ROFIAH | E109: 0 | F109: 0 | G109: 0 | H109: 0 | I109: 0 | J109: 0 | K109: 0 | L109: 0 | M109: 0 | N109: 0 | O109: 0 | P109: 0 | Q109: 0 | R109: 0 | S109: 0 | T109: 1 | U109: 0 | V109: 0 | W109: 1 | X109: 0 | Y109: 0 | Z109: 0 | AA109: 1 | AB109: 0 | AC109: 0 | AD109: 1 | AE109: 0 | AF109: 0 | AG109: 0 | AH109: 0 | AI109: 0 | AJ109: 0 | AK109: 0 | AL109: 0 | AM109: 0 | AN109: 1 | AO109: 0 | AP109: 0 | AQ109: 0 | AR109: 2 | AS109: 0 | AT109: 0 | AU109: 0 | AV109: 1 | AW109: 0 | AX109: 0 | AY109: 0 | AZ109: 0 | BA109: 0 | BB109: 1 | BC109: 0 | BD109: 0 | BE109: 0 | BF109: 0 | BG109: 1 | BH109: 6 | BI109: 0 | BJ109: 1 | BK109: =SUM(E109:BJ109) -> 17
C110: 7. SAPTO LASONGKO, S.S. | E110: 0 | F110: 0 | G110: 0 | H110: 0 | I110: 0 | J110: 0 | K110: 0 | L110: 0 | M110: 0 | N110: 0 | O110: 0 | P110: 0 | Q110: 0 | R110: 0 | S110: 0 | T110: 0 | U110: 0 | V110: 0 | W110: 0 | X110: 0 | Y110: 1 | Z110: 0 | AA110: 0 | AB110: 0 | AC110: 0 | AD110: 0 | AE110: 0 | AF110: 0 | AG110: 0 | AH110: 0 | AI110: 0 | AJ110: 0 | AK110: 0 | AL110: 0 | AM110: 0 | AN110: 0 | AO110: 0 | AP110: 0 | AQ110: 0 | AR110: 0 | AS110: 0 | AT110: 1 | AU110: 0 | AV110: 0 | AW110: 0 | AX110: 0 | AY110: 1 | AZ110: 0 | BA110: 0 | BB110: 0 | BC110: 0 | BD110: 0 | BE110: 1 | BF110: 0 | BG110: 0 | BH110: 0 | BI110: 0 | BJ110: 0 | BK110: =SUM(E110:BJ110) -> 4
A111: B | B111: JUMLAH SUARA SAH PARTAI POLITIK DAN CALON (A1 + A2) | E111: =SUM(E103:E110) -> 43 | F111: =SUM(F103:F110) -> 68 | G111: =SUM(G103:G110) -> 37 | H111: =SUM(H103:H110) -> 18 | I111: =SUM(I103:I110) -> 16 | J111: =SUM(J103:J110) -> 17 | K111: =SUM(K103:K110) -> 21 | L111: =SUM(L103:L110) -> 56 | ... BJ111: =SUM(BJ103:BJ110) -> 5 | BK111: =SUM(E111:BJ111) -> 1921
...

Sheet GENTENG WETAN
C2: Kecamatan | D2: GENTENG
C3: Kabupaten | D3: BANYUWANGI
C4: Provinsi | D4: JAWA TIMUR
C9: Kelurahan | D9: GENTENG WETAN
A12: I | B12: DATA PEMILIH DAN PENGGUNAAN HAK PILIH | BL12: JUMLAH AKHIR
A13: A | B13: DATA PEMILIH | E13: TPS 001 | F13: TPS 002 | G13: TPS 003 | H13: TPS 004 | I13: TPS 005 | J13: TPS 006 | K13: TPS 007 | L13: TPS 008 | M13: TPS 009 | N13: TPS 010 | O13: TPS 011 | P13: TPS 012 | Q13: TPS 013 | R13: TPS 014 | S13: TPS 015 | T13: TPS 016 | U13: TPS 017 | V13: TPS 018 | W13: TPS 019 | X13: TPS 020 | Y13: TPS 021 | Z13: TPS 022 | AA13: TPS 023 | AB13: TPS 024 | AC13: TPS 025 | AD13: TPS 026 | AE13: TPS 027 | AF13: TPS 028 | AG13: TPS 029 | AH13: TPS 030 | AI13: TPS 031 | AJ13: TPS 032 | AK13: TPS 033 | AL13: TPS 034 | AM13: TPS 035 | AN13: TPS 036 | AO13: TPS 037 | AP13: TPS 038 | AQ13: TPS 039 | AR13: TPS 040 | AS13: TPS 041 | AT13: TPS 042 | AU13: TPS 043 | AV13: TPS 044 | AW13: TPS 045 | AX13: TPS 046 | AY13: TPS 047 | AZ13: TPS 048 | BA13: TPS 049 | BB13: TPS 050 | BC13: TPS 051 | BD13: TPS 052 | BE13: TPS 053 | BF13: TPS 054 | BG13: TPS 055 | BH13: TPS 056 | BI13: TPS 057 | BJ13: TPS 058 | BK13: TPS 059
B14: Jumlah Pemilih dalam Daftar Pemilih Tetap (DPT) | D14: LK | E14: 135 | F14: 138 | G14: 127 | H14: 144 | I14: 151 | J14: 137 | K14: 134 | L14: 144 | M14: 137 | N14: 140 | O14: 137 | P14: 141 | Q14: 142 | R14: 129 | S14: 138 | T14: 149 | U14: 151 | V14: 148 | W14: 151 | X14: 143 | Y14: 141 | Z14: 154 | AA14: 147 | AB14: 148 | AC14: 153 | AD14: 139 | AE14: 134 | AF14: 130 | AG14: 126 | AH14: 135 | AI14: 107 | AJ14: 120 | AK14: 109 | AL14: 145 | AM14: 117 | AN14: 116 | AO14: 121 | AP14: 118 | AQ14: 125 | AR14: 132 | AS14: 110 | AT14: 119 | AU14: 119 | AV14: 139 | AW14: 124 | AX14: 140 | AY14: 134 | AZ14: 141 | BA14: 148 | BB14: 138 | BC14: 140 | BD14: 131 | BE14: 143 | BF14: 135 | BG14: 121 | BH14: 152 | BI14: 141 | BJ14: 140 | BK14: 126 | BL14: =SUM(E14:BK14) -> 7974
D15: PR | E15: 137 | F15: 150 | G15: 144 | H15: 133 | I15: 142 | J15: 127 | K15: 141 | L15: 126 | M15: 150 | N15: 112 | O15: 145 | P15: 124 | Q15: 122 | R15: 114 | S15: 151 | T15: 145 | U15: 130 | V15: 139 | W15: 128 | X15: 151 | Y15: 132 | Z15: 134 | AA15: 140 | AB15: 146 | AC15: 141 | AD15: 139 | AE15: 129 | AF15: 123 | AG15: 148 | AH15: 138 | AI15: 101 | AJ15: 112 | AK15: 117 | AL15: 146 | AM15: 128 | AN15: 126 | AO15: 122 | AP15: 129 | AQ15: 152 | AR15: 133 | AS15: 114 | AT15: 98 | AU15: 115 | AV15: 147 | AW15: 126 | AX15: 139 | AY15: 138 | AZ15: 139 | BA15: 144 | BB15: 136 | BC15: 132 | BD15: 144 | BE15: 132 | BF15: 144 | BG15: 134 | BH15: 141 | BI15: 140 | BJ15: 143 | BK15: 156 | BL15: =SUM(E15:BK15) -> 7909
D16: JML | E16: =SUM(E14:E15) -> 272 | F16: =SUM(F14:F15) -> 288 | G16: =SUM(G14:G15) -> 271 | H16: =SUM(H14:H15) -> 277 | I16: =SUM(I14:I15) -> 293 | J16: =SUM(J14:J15) -> 264 | K16: =SUM(K14:K15) -> 275 | L16: =SUM(L14:L15) -> 270 | ... BK16: =SUM(BK14:BK15) -> 282 | BL16: =SUM(E16:BK16) -> 15883
A18: B | B18: PENGGUNA HAK PILIH
B19: 1. | C19: Jumlah pengguna hak pilih dalam Daftar Pemilih Tetap (DPT) | D19: LK | E19: 85 | F19: 99 | G19: 93 | H19: 108 | I19: 112 | J19: 104 | K19: 91 | L19: 115 | M19: 112 | N19: 98 | O19: 97 | P19: 96 | Q19: 118 | R19: 99 | S19: 93 | T19: 106 | U19: 107 | V19: 106 | W19: 116 | X19: 109 | Y19: 87 | Z19: 99 | AA19: 101 | AB19: 105 | AC19: 104 | AD19: 109 | AE19: 109 | AF19: 102 | AG19: 102 | AH19: 96 | AI19: 70 | AJ19: 92 | AK19: 78 | AL19: 105 | AM19: 86 | AN19: 86 | AO19: 90 | AP19: 79 | AQ19: 90 | AR19: 97 | AS19: 80 | AT19: 80 | AU19: 77 | AV19: 86 | AW19: 97 | AX19: 109 | AY19: 84 | AZ19: 101 | BA19: 106 | BB19: 91 | BC19: 92 | BD19: 91 | BE19: 81 | BF19: 81 | BG19: 83 | BH19: 123 | BI19: 101 | BJ19: 90 | BK19: 88 | BL19: =SUM(E19:BK19) -> 5692
D20: PR | E20: 93 | F20: 127 | G20: 117 | H20: 112 | I20: 113 | J20: 104 | K20: 107 | L20: 103 | M20: 108 | N20: 93 | O20: 119 | P20: 100 | Q20: 105 | R20: 92 | S20: 109 | T20: 111 | U20: 100 | V20: 118 | W20: 100 | X20: 122 | Y20: 101 | Z20: 112 | AA20: 108 | AB20: 109 | AC20: 110 | AD20: 103 | AE20: 102 | AF20: 102 | AG20: 115 | AH20: 105 | AI20: 76 | AJ20: 85 | AK20: 89 | AL20: 112 | AM20: 98 | AN20: 106 | AO20: 91 | AP20: 96 | AQ20: 120 | AR20: 101 | AS20: 82 | AT20: 70 | AU20: 91 | AV20: 102 | AW20: 95 | AX20: 115 | AY20: 103 | AZ20: 110 | BA20: 109 | BB20: 113 | BC20: 88 | BD20: 107 | BE20: 82 | BF20: 103 | BG20: 99 | BH20: 117 | BI20: 110 | BJ20: 103 | BK20: 112 | BL20: =SUM(E20:BK20) -> 6105
D21: JML | E21: =SUM(E19:E20) -> 178 | F21: =SUM(F19:F20) -> 226 | G21: =SUM(G19:G20) -> 210 | H21: =SUM(H19:H20) -> 220 | I21: =SUM(I19:I20) -> 225 | J21: =SUM(J19:J20) -> 208 | K21: =SUM(K19:K20) -> 198 | L21: =SUM(L19:L20) -> 218 | ... BK21: =SUM(BK19:BK20) -> 200 | BL21: =SUM(E21:BK21) -> 11797
B22: 2. | C22: Jumlah pengguna hak pilih dalam Daftar Pemilih Tambahan (DPTb) | D22: LK | E22: 0 | F22: 0 | G22: 1 | H22: 0 | I22: 1 | J22: 3 | K22: 0 | L22: 0 | M22: 1 | N22: 0 | O22: 1 | P22: 0 | Q22: 0 | R22: 0 | S22: 0 | T22: 1 | U22: 0 | V22: 0 | W22: 2 | X22: 0 | Y22: 0 | Z22: 0 | AA22: 0 | AB22: 0 | AC22: 1 | AD22: 0 | AE22: 0 | AF22: 0 | AG22: 0 | AH22: 0 | AI22: 0 | AJ22: 0 | AK22: 0 | AL22: 1 | AM22: 0 | AN22: 0 | AO22: 0 | AP22: 0 | AQ22: 0 | AR22: 0 | AS22: 0 | AT22: 0 | AU22: 1 | AV22: 0 | AW22: 0 | AX22: 0 | AY22: 0 | AZ22: 0 | BA22: 0 | BB22: 0 | BC22: 0 | BD22: 0 | BE22: 0 | BF22: 1 | BG22: 1 | BH22: 0 | BI22: 0 | BJ22: 1 | BK22: 0 | BL22: =SUM(E22:BK22) -> 16
D23: PR | E23: 0 | F23: 0 | G23: 0 | H23: 0 | I23: 0 | J23: 1 | K23: 0 | L23: 0 | M23: 3 | N23: 0 | O23: 0 | P23: 0 | Q23: 0 | R23: 0 | S23: 0 | T23: 1 | U23: 0 | V23: 0 | W23: 1 | X23: 0 | Y23: 0 | Z23: 0 | AA23: 0 | AB23: 0 | AC23: 0 | AD23: 0 | AE23: 1 | AF23: 0 | AG23: 0 | AH23: 0 | AI23: 1 | AJ23: 1 | AK23: 0 | AL23: 0 | AM23: 1 | AN23: 1 | AO23: 1 | AP23: 0 | AQ23: 0 | AR23: 0 | AS23: 0 | AT23: 1 | AU23: 0 | AV23: 1 | AW23: 0 | AX23: 0 | AY23: 1 | AZ23: 0 | BA23: 0 | BB23: 1 | BC23: 0 | BD23: 0 | BE23: 0 | BF23: 0 | BG23: 0 | BH23: 0 | BI23: 0 | BJ23: 0 | BK23: 0 | BL23: =SUM(E23:BK23) -> 16
D24: JML | E24: =SUM(E22:E23) -> 0 | F24: =SUM(F22:F23) -> 0 | G24: =SUM(G22:G23) -> 1 | H24: =SUM(H22:H23) -> 0 | I24: =SUM(I22:I23) -> 1 | J24: =SUM(J22:J23) -> 4 | K24: =SUM(K22:K23) -> 0 | L24: =SUM(L22:L23) -> 0 | ... BK24: =SUM(BK22:BK23) -> 0 | BL24: =SUM(E24:BK24) -> 32
B25: 3. | C25: Jumlah pengguna hak pilih dalam Daftar Pemilih Khusus (DPK) | D25: LK | E25: 2 | F25: 0 | G25: 0 | H25: 0 | I25: 2 | J25: 0 | K25: 1 | L25: 0 | M25: 0 | N25: 1 | O25: 1 | P25: 4 | Q25: 3 | R25: 1 | S25: 2 | T25: 2 | U25: 3 | V25: 2 | W25: 5 | X25: 0 | Y25: 5 | Z25: 0 | AA25: 0 | AB25: 5 | AC25: 1 | AD25: 2 | AE25: 0 | AF25: 2 | AG25: 1 | AH25: 0 | AI25: 2 | AJ25: 0 | AK25: 1 | AL25: 0 | AM25: 0 | AN25: 0 | AO25: 1 | AP25: 0 | AQ25: 0 | AR25: 3 | AS25: 1 | AT25: 4 | AU25: 1 | AV25: 4 | AW25: 0 | AX25: 0 | AY25: 0 | AZ25: 0 | BA25: 0 | BB25: 0 | BC25: 2 | BD25: 3 | BE25: 0 | BF25: 4 | BG25: 1 | BH25: 0 | BI25: 0 | BJ25: 1 | BK25: 2 | BL25: =SUM(E25:BK25) -> 75
D26: PR | E26: 1 | F26: 0 | G26: 0 | H26: 1 | I26: 1 | J26: 1 | K26: 0 | L26: 3 | M26: 0 | N26: 2 | O26: 2 | P26: 3 | Q26: 4 | R26: 5 | S26: 5 | T26: 3 | U26: 4 | V26: 2 | W26: 4 | X26: 1 | Y26: 0 | Z26: 3 | AA26: 4 | AB26: 3 | AC26: 4 | AD26: 3 | AE26: 3 | AF26: 2 | AG26: 4 | AH26: 0 | AI26: 1 | AJ26: 1 | AK26: 3 | AL26: 2 | AM26: 2 | AN26: 0 | AO26: 5 | AP26: 0 | AQ26: 1 | AR26: 2 | AS26: 1 | AT26: 2 | AU26: 2 | AV26: 5 | AW26: 2 | AX26: 0 | AY26: 0 | AZ26: 0 | BA26: 0 | BB26: 0 | BC26: 3 | BD26: 2 | BE26: 1 | BF26: 5 | BG26: 0 | BH26: 0 | BI26: 0 | BJ26: 1 | BK26: 6 | BL26: =SUM(E26:BK26) -> 115
D27: JML | E27: =SUM(E25:E26) -> 3 | F27: =SUM(F25:F26) -> 0 | G27: =SUM(G25:G26) -> 0 | H27: =SUM(H25:H26) -> 1 | I27: =SUM(I25:I26) -> 3 | J27: =SUM(J25:J26) -> 1 | K27: =SUM(K25:K26) -> 1 | L27: =SUM(L25:L26) -> 3 | ... BK27: =SUM(BK25:BK26) -> 8 | BL27: =SUM(E27:BK27) -> 190
B28: 4. | C28: Jumlah Pengguna Hak Pilih (B.1+B.2+B.3) | D28: LK | E28: =SUM(E19,E22,E25) -> 87 | F28: =SUM(F19,F22,F25) -> 99 | G28: =SUM(G19,G22,G25) -> 94 | H28: =SUM(H19,H22,H25) -> 108 | I28: =SUM(I19,I22,I25) -> 115 | J28: =SUM(J19,J22,J25) -> 107 | K28: =SUM(K19,K22,K25) -> 92 | L28: =SUM(L19,L22,L25) -> 115 | ... BK28: =SUM(BK19,BK22,BK25) -> 90 | BL28: =SUM(E28:BK28) -> 5783
D29: PR | E29: =SUM(E20,E23,E26) -> 94 | F29: =SUM(F20,F23,F26) -> 127 | G29: =SUM(G20,G23,G26) -> 117 | H29: =SUM(H20,H23,H26) -> 113 | I29: =SUM(I20,I23,I26) -> 114 | J29: =SUM(J20,J23,J26) -> 106 | K29: =SUM(K20,K23,K26) -> 107 | L29: =SUM(L20,L23,L26) -> 106 | ... BK29: =SUM(BK20,BK23,BK26) -> 118 | BL29: =SUM(E29:BK29) -> 6236
D30: JML | E30: =SUM(E28:E29) -> 181 | F30: =SUM(F28:F29) -> 226 | G30: =SUM(G28:G29) -> 211 | H30: =SUM(H28:H29) -> 221 | I30: =SUM(I28:I29) -> 229 | J30: =SUM(J28:J29) -> 213 | K30: =SUM(K28:K29) -> 199 | L30: =SUM(L28:L29) -> 221 | ... BK30: =SUM(BK28:BK29) -> 208 | BL30: =SUM(E30:BK30) -> 12019
A32: II | B32: DATA PENGGUNAAN SURAT SUARA
A33: 1 | B33: Jumlah surat suara yang diterima, termasuk surat suara cadangan 2,5% dari DPT | E33: 278 | F33: 294 | G33: 277 | H33: 284 | I33: 288 | J33: 269 | K33: 281 | L33: 276 | M33: 294 | N33: 257 | O33: 288 | P33: 269 | Q33: 271 | R33: 248 | S33: 289 | T33: 300 | U33: 287 | V33: 293 | W33: 295 | X33: 300 | Y33: 279 | Z33: 294 | AA33: 293 | AB33: 291 | AC33: 300 | AD33: 294 | AE33: 269 | AF33: 259 | AG33: 279 | AH33: 279 | AI33: 192 | AJ33: 235 | AK33: 231 | AL33: 297 | AM33: 260 | AN33: 247 | AO33: 248 | AP33: 252 | AQ33: 282 | AR33: 273 | AS33: 231 | AT33: 242 | AU33: 240 | AV33: 286 | AW33: 235 | AX33: 285 | AY33: 278 | AZ33: 266 | BA33: 297 | BB33: 278 | BC33: 278 | BD33: 281 | BE33: 281 | BF33: 287 | BG33: 261 | BH33: 299 | BI33: 287 | BJ33: 269 | BK33: 248 | BL33: =SUM(E33:BK33) -> 16121
A34: 2 | B34: Jumlah surat suara yang digunakan | E34: 181 | F34: 226 | G34: 211 | H34: 221 | I34: 229 | J34: 213 | K34: 199 | L34: 221 | M34: 224 | N34: 194 | O34: 220 | P34: 203 | Q34: 230 | R34: 197 | S34: 209 | T34: 224 | U34: 214 | V34: 228 | W34: 228 | X34: 232 | Y34: 193 | Z34: 214 | AA34: 213 | AB34: 222 | AC34: 220 | AD34: 217 | AE34: 215 | AF34: 208 | AG34: 222 | AH34: 201 | AI34: 150 | AJ34: 179 | AK34: 171 | AL34: 220 | AM34: 187 | AN34: 193 | AO34: 188 | AP34: 175 | AQ34: 211 | AR34: 203 | AS34: 164 | AT34: 157 | AU34: 172 | AV34: 198 | AW34: 194 | AX34: 224 | AY34: 188 | AZ34: 211 | BA34: 215 | BB34: 205 | BC34: 185 | BD34: 203 | BE34: 164 | BF34: 194 | BG34: 184 | BH34: 240 | BI34: 211 | BJ34: 196 | BK34: 208 | BL34: =SUM(E34:BK34) -> 12019
A35: 3 | B35: Jumlah surat suara dikembalikan oleh pemilih (karena rusak atau keliru coblos) | E35: 1 | F35: 0 | G35: 0 | H35: 0 | I35: 0 | J35: 0 | K35: 1 | L35: 0 | M35: 0 | N35: 0 | O35: 3 | P35: 3 | Q35: 0 | R35: 0 | S35: 0 | T35: 0 | U35: 0 | V35: 0 | W35: 0 | X35: 0 | Y35: 0 | Z35: 0 | AA35: 0 | AB35: 0 | AC35: 0 | AD35: 0 | AE35: 0 | AF35: 0 | AG35: 0 | AH35: 1 | AI35: 0 | AJ35: 0 | AK35: 2 | AL35: 0 | AM35: 0 | AN35: 1 | AO35: 1 | AP35: 0 | AQ35: 0 | AR35: 1 | AS35: 0 | AT35: 0 | AU35: 1 | AV35: 0 | AW35: 0 | AX35: 0 | AY35: 0 | AZ35: 0 | BA35: 0 | BB35: 1 | BC35: 0 | BD35: 1 | BE35: 0 | BF35: 2 | BG35: 0 | BH35: 0 | BI35: 0 | BJ35: 0 | BK35: 2 | BL35: =SUM(E35:BK35) -> 21
A36: 4 | B36: Jumlah surat suara yang tidak digunakan/tidak terpakai, termasuk sisa surat suara cadangan | E36: =E33-(E34+E35) -> 96 | F36: =F33-(F34+F35) -> 68 | G36: =G33-(G34+G35) -> 66 | H36: =H33-(H34+H35) -> 63 | I36: =I33-(I34+I35) -> 59 | J36: =J33-(J34+J35) -> 56 | K36: =K33-(K34+K35) -> 81 | L36: =L33-(L34+L35) -> 55 | ... BK36: =BK33-(BK34+BK35) -> 38 | BL36: =SUM(E36:BK36) -> 4081
A38: III | B38: DATA PEMILIH DISABILITAS
B39: Jumlah seluruh Pemilih disabilitas yang menggunakan hak pilih | D39: LK | T39: 0 | U39: 0 | V39: 0 | W39: 1 | X39: 0 | Y39: 0 | Z39: 0 | AA39: 0 | AB39: 0 | AC39: 0 | AD39: 0 | AE39: 0 | AF39: 0 | AG39: 0 | AH39: 2 | AI39: 0 | AJ39: 0 | AK39: 2 | AL39: 0 | AM39: 2 | AN39: 0 | AO39: 4 | AP39: 0 | AQ39: 0 | AR39: 0 | AS39: 0 | AT39: 0 | AU39: 0 | AV39: 0 | AW39: 1 | AX39: 0 | AY39: 0 | AZ39: 0 | BA39: 0 | BB39: 0 | BC39: 0 | BD39: 0 | BE39: 0 | BF39: 1 | BG39: 0 | BH39: 0 | BI39: 1 | BJ39: 0 | BK39: 0 | BL39: =SUM(E39:BK39) -> 14
D40: PR | T40: 0 | U40: 0 | V40: 0 | W40: 2 | X40: 1 | Y40: 0 | Z40: 0 | AA40: 0 | AB40: 0 | AC40: 0 | AD40: 0 | AE40: 0 | AF40: 0 | AG40: 0 | AH40: 3 | AI40: 0 | AJ40: 0 | AK40: 4 | AL40: 0 | AM40: 0 | AN40: 0 | AO40: 0 | AP40: 0 | AQ40: 1 | AR40: 0 | AS40: 0 | AT40: 0 | AU40: 0 | AV40: 0 | AW40: 2 | AX40: 0 | AY40: 0 | AZ40: 1 | BA40: 0 | BB40: 0 | BC40: 0 | BD40: 0 | BE40: 0 | BF40: 1 | BG40: 1 | BH40: 1 | BI40: 0 | BJ40: 0 | BK40: 0 | BL40: =SUM(E40:BK40) -> 17
D41: JML | E41: =SUM(E39:E40) -> 0 | F41: =SUM(F39:F40) -> 0 | G41: =SUM(G39:G40) -> 0 | H41: =SUM(H39:H40) -> 0 | I41: =SUM(I39:I40) -> 0 | J41: =SUM(J39:J40) -> 0 | K41: =SUM(K39:K40) -> 0 | L41: =SUM(L39:L40) -> 0 | ... BK41: =SUM(BK39:BK40) -> 0 | BL41: =SUM(E41:BK41) -> 31
A43: IV | B43: DATA RINCIAN PEROLEHAN SUARA PASANGAN CALON BUPATI DAN WAKIL BUPATI
A44: NOMOR DAN NAMA CALON
A45: A.1 | B45: 1. | C45: Partai Kebangkitan Bangsa | E45: 4 | F45: 7 | G45: 2 | H45: 3 | I45: 4 | J45: 10 | K45: 10 | L45: 7 | M45: 7 | N45: 13 | O45: 7 | P45: 13 | Q45: 2 | R45: 9 | S45: 2 | T45: 2 | U45: 5 | V45: 6 | W45: 9 | X45: 13 | Y45: 10 | Z45: 13 | AA45: 10 | AB45: 11 | AC45: 7 | AD45: 5 | AE45: 2 | AF45: 2 | AG45: 5 | AH45: 3 | AI45: 4 | AJ45: 2 | AK45: 4 | AL45: 8 | AM45: 3 | AN45: 5 | AO45: 2 | AP45: 2 | AQ45: 11 | AR45: 6 | AS45: 4 | AT45: 11 | AU45: 10 | AV45: 9 | AW45: 7 | AX45: 0 | AY45: 6 | AZ45: 5 | BA45: 8 | BB45: 8 | BC45: 9 | BD45: 0 | BE45: 5 | BF45: 2 | BG45: 14 | BH45: 15 | BI45: 0 | BJ45: 7 | BK45: 4 | BL45: =SUM(E45:BK45) -> 374
A46: A.2 | C46: 1. H. KHUSNAN, S.Ag., M.Pd.I. | E46: 10 | F46: 13 | G46: 17 | H46: 21 | I46: 25 | J46: 8 | K46: 17 | L46: 8 | M46: 15 | N46: 17 | O46: 25 | P46: 25 | Q46: 16 | R46: 9 | S46: 11 | T46: 13 | U46: 9 | V46: 35 | W46: 38 | X46: 29 | Y46: 34 | Z46: 37 | AA46: 20 | AB46: 7 | AC46: 26 | AD46: 12 | AE46: 5 | AF46: 3 | AG46: 1 | AH46: 16 | AI46: 11 | AJ46: 1 | AK46: 0 | AL46: 12 | AM46: 8 | AN46: 6 | AO46: 10 | AP46: 0 | AQ46: 12 | AR46: 4 | AS46: 0 | AT46: 5 | AU46: 19 | AV46: 17 | AW46: 7 | AX46: 4 | AY46: 11 | AZ46: 9 | BA46: 9 | BB46: 15 | BC46: 7 | BD46: 8 | BE46: 3 | BF46: 9 | BG46: 36 | BH46: 63 | BI46: 2 | BJ46: 1 | BK46: 3 | BL46: =SUM(E46:BK46) -> 814
C47: 2. MARA QONITHA LAYLIA | E47: 2 | F47: 0 | G47: 1 | H47: 0 | I47: 5 | J47: 3 | K47: 4 | L47: 3 | M47: 0 | N47: 2 | O47: 2 | P47: 2 | Q47: 1 | R47: 0 | S47: 0 | T47: 1 | U47: 5 | V47: 0 | W47: 1 | X47: 0 | Y47: 4 | Z47: 1 | AA47: 4 | AB47: 0 | AC47: 8 | AD47: 3 | AE47: 1 | AF47: 0 | AG47: 2 | AH47: 3 | AI47: 0 | AJ47: 4 | AK47: 1 | AL47: 5 | AM47: 6 | AN47: 6 | AO47: 2 | AP47: 1 | AQ47: 3 | AR47: 0 | AS47: 0 | AT47: 3 | AU47: 3 | AV47: 3 | AW47: 0 | AX47: 1 | AY47: 0 | AZ47: 0 | BA47: 4 | BB47: 5 | BC47: 1 | BD47: 0 | BE47: 0 | BF47: 4 | BG47: 0 | BH47: 3 | BI47: 2 | BJ47: 0 | BK47: 4 | BL47: =SUM(E47:BK47) -> 119
C48: 3. ZAKI AL MUBAROK, M.Si. | E48: 7 | F48: 14 | G48: 3 | H48: 18 | I48: 9 | J48: 1 | K48: 7 | L48: 22 | M48: 15 | N48: 8 | O48: 12 | P48: 11 | Q48: 3 | R48: 11 | S48: 12 | T48: 13 | U48: 19 | V48: 18 | W48: 18 | X48: 28 | Y48: 17 | Z48: 24 | AA48: 38 | AB48: 50 | AC48: 30 | AD48: 12 | AE48: 13 | AF48: 0 | AG48: 8 | AH48: 0 | AI48: 3 | AJ48: 2 | AK48: 6 | AL48: 11 | AM48: 3 | AN48: 3 | AO48: 21 | AP48: 5 | AQ48: 13 | AR48: 19 | AS48: 4 | AT48: 6 | AU48: 8 | AV48: 6 | AW48: 8 | AX48: 5 | AY48: 23 | AZ48: 19 | BA48: 2 | BB48: 3 | BC48: 1 | BD48: 2 | BE48: 5 | BF48: 1 | BG48: 2 | BH48: 4 | BI48: 4 | BJ48: 0 | BK48: 7 | BL48: =SUM(E48:BK48) -> 637
C49: 4. INAYATUL MAHMUDAH, S.Pd. | E49: 2 | F49: 1 | G49: 2 | H49: 0 | I49: 1 | J49: 1 | K49: 2 | L49: 2 | M49: 1 | N49: 0 | O49: 2 | P49: 2 | Q49: 0 | R49: 2 | S49: 0 | T49: 1 | U49: 1 | V49: 1 | W49: 3 | X49: 1 | Y49: 0 | Z49: 1 | AA49: 2 | AB49: 2 | AC49: 2 | AD49: 0 | AE49: 4 | AF49: 1 | AG49: 1 | AH49: 0 | AI49: 0 | AJ49: 0 | AK49: 0 | AL49: 0 | AM49: 5 | AN49: 1 | AO49: 2 | AP49: 0 | AQ49: 2 | AR49: 0 | AS49: 1 | AT49: 1 | AU49: 0 | AV49: 0 | AW49: 0 | AX49: 0 | AY49: 0 | AZ49: 0 | BA49: 1 | BB49: 0 | BC49: 1 | BD49: 0 | BE49: 3 | BF49: 1 | BG49: 0 | BH49: 0 | BI49: 0 | BJ49: 0 | BK49: 1 | BL49: =SUM(E49:BK49) -> 57
C50: 5. HABIBURRAHMAN AL KHOLILI | E50: 1 | F50: 0 | G50: 1 | H50: 1 | I50: 0 | J50: 0 | K50: 0 | L50: 1 | M50: 0 | N50: 0 | O50: 1 | P50: 0 | Q50: 1 | R50: 0 | S50: 0 | T50: 1 | U50: 0 | V50: 1 | W50: 3 | X50: 4 | Y50: 0 | Z50: 0 | AA50: 0 | AB50: 0 | AC50: 0 | AD50: 1 | AE50: 0 | AF50: 0 | AG50: 0 | AH50: 1 | AI50: 0 | AJ50: 0 | AK50: 0 | AL50: 1 | AM50: 0 | AN50: 1 | AO50: 0 | AP50: 0 | AQ50: 0 | AR50: 0 | AS50: 0 | AT50: 0 | AU50: 0 | AV50: 1 | AW50: 1 | AX50: 2 | AY50: 0 | AZ50: 1 | BA50: 0 | BB50: 1 | BC50: 0 | BD50: 2 | BE50: 0 | BF50: 0 | BG50: 0 | BH50: 0 | BI50: 0 | BJ50: 0 | BK50: 0 | BL50: =SUM(E50:BK50) -> 27
C51: 6. INDIARTI NOVIDA, A.Md. | E51: 2 | F51: 0 | G51: 1 | H51: 0 | I51: 0 | J51: 0 | K51: 0 | L51: 0 | M51: 0 | N51: 0 | O51: 0 | P51: 2 | Q51: 1 | R51: 0 | S51: 0 | T51: 0 | U51: 0 | V51: 0 | W51: 0 | X51: 0 | Y51: 0 | Z51: 0 | AA51: 0 | AB51: 0 | AC51: 0 | AD51: 0 | AE51: 0 | AF51: 0 | AG51: 0 | AH51: 0 | AI51: 0 | AJ51: 0 | AK51: 0 | AL51: 0 | AM51: 0 | AN51: 0 | AO51: 0 | AP51: 0 | AQ51: 0 | AR51: 0 | AS51: 2 | AT51: 0 | AU51: 0 | AV51: 0 | AW51: 0 | AX51: 0 | AY51: 0 | AZ51: 0 | BA51: 0 | BB51: 1 | BC51: 0 | BD51: 0 | BE51: 0 | BF51: 0 | BG51: 0 | BH51: 0 | BI51: 0 | BJ51: 0 | BK51: 0 | BL51: =SUM(E51:BK51) -> 9
C52: 7. RUDI DARMAWAN, S.Pd.I. | E52: 0 | F52: 0 | G52: 0 | H52: 0 | I52: 0 | J52: 0 | K52: 0 | L52: 0 | M52: 2 | N52: 0 | O52: 0 | P52: 1 | Q52: 0 | R52: 0 | S52: 0 | T52: 0 | U52: 0 | V52: 0 | W52: 0 | X52: 1 | Y52: 0 | Z52: 0 | AA52: 1 | AB52: 0 | AC52: 0 | AD52: 0 | AE52: 0 | AF52: 0 | AG52: 0 | AH52: 0 | AI52: 0 | AJ52: 0 | AK52: 0 | AL52: 0 | AM52: 1 | AN52: 0 | AO52: 0 | AP52: 0 | AQ52: 1 | AR52: 1 | AS52: 0 | AT52: 0 | AU52: 0 | AV52: 0 | AW52: 0 | AX52: 0 | AY52: 1 | AZ52: 0 | BA52: 0 | BB52: 0 | BC52: 0 | BD52: 0 | BE52: 1 | BF52: 0 | BG52: 0 | BH52: 1 | BI52: 0 | BJ52: 0 | BK52: 0 | BL52: =SUM(E52:BK52) -> 11
A53: B | B53: JUMLAH SUARA SAH PARTAI POLITIK DAN CALON (A1 + A2) | E53: =SUM(E45:E52) -> 28 | F53: =SUM(F45:F52) -> 35 | G53: =SUM(G45:G52) -> 27 | H53: =SUM(H45:H52) -> 43 | I53: =SUM(I45:I52) -> 44 | J53: =SUM(J45:J52) -> 23 | K53: =SUM(K45:K52) -> 40 | L53: =SUM(L45:L52) -> 43 | ... BK53: =SUM(BK45:BK52) -> 19 | BL53: =SUM(E53:BK53) -> 2048
BL54: =SUM(E54:BK54) -> 0
A55: A.1 | B55: 2. | C55: Partai Gerakan Indonesia Raya | E55: 12 | F55: 6 | G55: 3 | H55: 6 | I55: 4 | J55: 16 | K55: 11 | L55: 8 | M55: 7 | N55: 4 | O55: 7 | P55: 4 | Q55: 4 | R55: 11 | S55: 5 | T55: 11 | U55: 6 | V55: 4 | W55: 3 | X55: 2 | Y55: 1 | Z55: 3 | AA55: 3 | AB55: 5 | AC55: 6 | AD55: 8 | AE55: 1 | AF55: 1 | AG55: 3 | AH55: 5 | AI55: 3 | AJ55: 1 | AK55: 5 | AL55: 6 | AM55: 4 | AN55: 3 | AO55: 5 | AP55: 5 | AQ55: 6 | AR55: 7 | AS55: 3 | AT55: 4 | AU55: 5 | AV55: 7 | AW55: 9 | AX55: 15 | AY55: 7 | AZ55: 10 | BA55: 10 | BB55: 7 | BC55: 7 | BD55: 11 | BE55: 13 | BF55: 5 | BG55: 17 | BH55: 6 | BI55: 4 | BJ55: 7 | BK55: 6 | BL55: =SUM(E55:BK55) -> 368
A56: A.2 | C56: 1. ABDUL GHOFUR | E56: 3 | F56: 4 | G56: 2 | H56: 4 | I56: 2 | J56: 2 | K56: 2 | L56: 3 | M56: 1 | N56: 6 | O56: 5 | P56: 2 | Q56: 2 | R56: 1 | S56: 4 | T56: 5 | U56: 1 | V56: 4 | W56: 2 | X56: 2 | Y56: 1 | Z56: 5 | AA56: 2 | AB56: 1 | AC56: 4 | AD56: 0 | AE56: 3 | AF56: 7 | AG56: 1 | AH56: 1 | AI56: 0 | AJ56: 4 | AK56: 2 | AL56: 4 | AM56: 3 | AN56: 0 | AO56: 5 | AP56: 5 | AQ56: 1 | AR56: 0 | AS56: 2 | AT56: 3 | AU56: 3 | AV56: 5 | AW56: 2 | AX56: 2 | AY56: 0 | AZ56: 7 | BA56: 1 | BB56: 5 | BC56: 4 | BD56: 0 | BE56: 5 | BF56: 2 | BG56: 3 | BH56: 3 | BI56: 4 | BJ56: 11 | BK56: 3 | BL56: =SUM(E56:BK56) -> 171
C57: 2. Drs. MOCHAMMAD RIFA'I, M.Pd. | E57: 1 | F57: 10 | G57: 6 | H57: 10 | I57: 9 | J57: 4 | K57: 8 | L57: 5 | M57: 6 | N57: 3 | O57: 4 | P57: 0 | Q57: 3 | R57: 1 | S57: 4 | T57: 4 | U57: 5 | V57: 13 | W57: 13 | X57: 11 | Y57: 4 | Z57: 5 | AA57: 7 | AB57: 3 | AC57: 2 | AD57: 6 | AE57: 3 | AF57: 1 | AG57: 4 | AH57: 3 | AI57: 1 | AJ57: 1 | AK57: 4 | AL57: 3 | AM57: 3 | AN57: 8 | AO57: 8 | AP57: 0 | AQ57: 8 | AR57: 4 | AS57: 13 | AT57: 4 | AU57: 16 | AV57: 18 | AW57: 17 | AX57: 75 | AY57: 12 | AZ57: 3 | BA57: 16 | BB57: 4 | BC57: 5 | BD57: 4 | BE57: 5 | BF57: 13 | BG57: 3 | BH57: 10 | BI57: 8 | BJ57: 7 | BK57: 15 | BL57: =SUM(E57:BK57) -> 446
C58: 3. SITI BADRIYAH | E58: 1 | F58: 2 | G58: 0 | H58: 0 | I58: 2 | J58: 1 | K58: 0 | L58: 1 | M58: 2 | N58: 1 | O58: 0 | P58: 0 | Q58: 0 | R58: 1 | S58: 1 | T58: 0 | U58: 0 | V58: 2 | W58: 1 | X58: 1 | Y58: 1 | Z58: 0 | AA58: 0 | AB58: 1 | AC58: 0 | AD58: 0 | AE58: 0 | AF58: 1 | AG58: 0 | AH58: 0 | AI58: 2 | AJ58: 1 | AK58: 0 | AL58: 1 | AM58: 1 | AN58: 0 | AO58: 3 | AP58: 1 | AQ58: 1 | AR58: 2 | AS58: 0 | AT58: 2 | AU58: 0 | AV58: 0 | AW58: 5 | AX58: 1 | AY58: 0 | AZ58: 1 | BA58: 2 | BB58: 1 | BC58: 2 | BD58: 1 | BE58: 3 | BF58: 0 | BG58: 0 | BH58: 0 | BI58: 1 | BJ58: 0 | BK58: 1 | BL58: =SUM(E58:BK58) -> 51
C59: 4. FARUQ | E59: 1 | F59: 3 | G59: 3 | H59: 7 | I59: 1 | J59: 18 | K59: 22 | L59: 3 | M59: 2 | N59: 0 | O59: 1 | P59: 0 | Q59: 3 | R59: 2 | S59: 10 | T59: 8 | U59: 5 | V59: 4 | W59: 2 | X59: 2 | Y59: 0 | Z59: 1 | AA59: 1 | AB59: 1 | AC59: 1 | AD59: 29 | AE59: 31 | AF59: 33 | AG59: 10 | AH59: 3 | AI59: 1 | AJ59: 4 | AK59: 4 | AL59: 1 | AM59: 6 | AN59: 13 | AO59: 13 | AP59: 13 | AQ59: 1 | AR59: 3 | AS59: 1 | AT59: 5 | AU59: 3 | AV59: 3 | AW59: 5 | AX59: 7 | AY59: 20 | AZ59: 15 | BA59: 5 | BB59: 3 | BC59: 4 | BD59: 1 | BE59: 2 | BF59: 0 | BG59: 2 | BH59: 9 | BI59: 1 | BJ59: 0 | BK59: 1 | BL59: =SUM(E59:BK59) -> 353
C60: 5. H. HARIYANTO HARI WIJAYA, S.T. | E60: 7 | F60: 8 | G60: 2 | H60: 39 | I60: 12 | J60: 25 | K60: 19 | L60: 8 | M60: 2 | N60: 2 | O60: 6 | P60: 4 | Q60: 6 | R60: 9 | S60: 35 | T60: 18 | U60: 20 | V60: 24 | W60: 26 | X60: 5 | Y60: 0 | Z60: 9 | AA60: 0 | AB60: 4 | AC60: 4 | AD60: 5 | AE60: 0 | AF60: 0 | AG60: 7 | AH60: 3 | AI60: 1 | AJ60: 5 | AK60: 7 | AL60: 18 | AM60: 0 | AN60: 1 | AO60: 2 | AP60: 3 | AQ60: 1 | AR60: 2 | AS60: 3 | AT60: 0 | AU60: 0 | AV60: 0 | AW60: 1 | AX60: 0 | AY60: 1 | AZ60: 0 | BA60: 3 | BB60: 0 | BC60: 0 | BD60: 2 | BE60: 1 | BF60: 2 | BG60: 0 | BH60: 1 | BI60: 0 | BJ60: 7 | BK60: 1 | BL60: =SUM(E60:BK60) -> 371
C61: 6. SRI ASTUTIK | E61: 0 | F61: 0 | G61: 1 | H61: 0 | I61: 0 | J61: 0 | K61: 0 | L61: 0 | M61: 0 | N61: 0 | O61: 0 | P61: 0 | Q61: 0 | R61: 0 | S61: 0 | T61: 0 | U61: 0 | V61: 0 | W61: 0 | X61: 1 | Y61: 0 | Z61: 0 | AA61: 0 | AB61: 0 | AC61: 1 | AD61: 0 | AE61: 0 | AF61: 1 | AG61: 0 | AH61: 0 | AI61: 0 | AJ61: 1 | AK61: 0 | AL61: 0 | AM61: 0 | AN61: 0 | AO61: 0 | AP61: 0 | AQ61: 0 | AR61: 0 | AS61: 1 | AT61: 0 | AU61: 1 | AV61: 1 | AW61: 0 | AX61: 0 | AY61: 0 | AZ61: 0 | BA61: 0 | BB61: 0 | BC61: 0 | BD61: 1 | BE61: 1 | BF61: 0 | BG61: 0 | BH61: 0 | BI61: 0 | BJ61: 0 | BK61: 1 | BL61: =SUM(E61:BK61) -> 11
C62: 7. MUSTOLIH | E62: 2 | F62: 14 | G62: 58 | H62: 10 | I62: 23 | J62: 34 | K62: 9 | L62: 21 | M62: 22 | N62: 18 | O62: 25 | P62: 36 | Q62: 76 | R62: 65 | S62: 13 | T62: 55 | U62: 30 | V62: 11 | W62: 21 | X62: 36 | Y62: 20 | Z62: 13 | AA62: 7 | AB62: 13 | AC62: 13 | AD62: 3 | AE62: 3 | AF62: 0 | AG62: 1 | AH62: 0 | AI62: 0 | AJ62: 1 | AK62: 12 | AL62: 2 | AM62: 8 | AN62: 0 | AO62: 4 | AP62: 4 | AQ62: 9 | AR62: 0 | AS62: 0 | AT62: 2 | AU62: 14 | AV62: 5 | AW62: 17 | AX62: 9 | AY62: 7 | AZ62: 1 | BA62: 3 | BB62: 0 | BC62: 1 | BD62: 0 | BE62: 5 | BF62: 7 | BG62: 1 | BH62: 0 | BI62: 0 | BJ62: 0 | BK62: 4 | BL62: =SUM(E62:BK62) -> 768
A63: B | B63: JUMLAH SUARA SAH PARTAI POLITIK DAN CALON (A1 + A2) | E63: =SUM(E55:E62) -> 27 | F63: =SUM(F55:F62) -> 47 | G63: =SUM(G55:G62) -> 75 | H63: =SUM(H55:H62) -> 76 | I63: =SUM(I55:I62) -> 53 | J63: =SUM(J55:J62) -> 100 | K63: =SUM(K55:K62) -> 71 | L63: =SUM(L55:L62) -> 49 | ... BK63: =SUM(BK55:BK62) -> 32 | BL63: =SUM(E63:BK63) -> 2539
BL64: =SUM(E64:BK64) -> 0
A65: A.1 | B65: 3. | C65: Partai Demokrasi Indonesia Perjuangan | E65: 8 | F65: 6 | G65: 1 | H65: 4 | I65: 9 | J65: 3 | K65: 6 | L65: 8 | M65: 1 | N65: 2 | O65: 1 | P65: 3 | Q65: 6 | R65: 2 | S65: 11 | T65: 1 | U65: 3 | V65: 1 | W65: 3 | X65: 2 | Y65: 2 | Z65: 7 | AA65: 6 | AB65: 6 | AC65: 6 | AD65: 3 | AE65: 4 | AF65: 1 | AG65: 6 | AH65: 8 | AI65: 5 | AJ65: 8 | AK65: 3 | AL65: 6 | AM65: 5 | AN65: 8 | AO65: 2 | AP65: 3 | AQ65: 4 | AR65: 10 | AS65: 3 | AT65: 3 | AU65: 3 | AV65: 9 | AW65: 3 | AX65: 3 | AY65: 6 | AZ65: 3 | BA65: 5 | BB65: 12 | BC65: 11 | BD65: 4 | BE65: 5 | BF65: 4 | BG65: 3 | BH65: 1 | BI65: 5 | BJ65: 6 | BK65: 4 | BL65: =SUM(E65:BK65) -> 277
A66: A.2 | C66: 1. FICKY SEPTALINDA, S.E. | E66: 2 | F66: 6 | G66: 5 | H66: 2 | I66: 15 | J66: 9 | K66: 10 | L66: 7 | M66: 13 | N66: 0 | O66: 2 | P66: 2 | Q66: 1 | R66: 1 | S66: 2 | T66: 3 | U66: 3 | V66: 5 | W66: 2 | X66: 2 | Y66: 0 | Z66: 18 | AA66: 22 | AB66: 15 | AC66: 16 | AD66: 4 | AE66: 3 | AF66: 6 | AG66: 11 | AH66: 9 | AI66: 3 | AJ66: 25 | AK66: 15 | AL66: 18 | AM66: 2 | AN66: 7 | AO66: 1 | AP66: 2 | AQ66: 1 | AR66: 3 | AS66: 1 | AT66: 26 | AU66: 11 | AV66: 6 | AW66: 14 | AX66: 21 | AY66: 4 | AZ66: 14 | BA66: 3 | BB66: 1 | BC66: 7 | BD66: 2 | BE66: 4 | BF66: 3 | BG66: 2 | BH66: 2 | BI66: 0 | BJ66: 3 | BK66: 4 | BL66: =SUM(E66:BK66) -> 401
C67: 2. TATANG SUROYO | E67: 0 | F67: 0 | G67: 0 | H67: 0 | I67: 2 | J67: 1 | K67: 0 | L67: 0 | M67: 0 | N67: 0 | O67: 0 | P67: 0 | Q67: 0 | R67: 0 | S67: 0 | T67: 1 | U67: 3 | V67: 0 | W67: 0 | X67: 1 | Y67: 0 | Z67: 0 | AA67: 0 | AB67: 0 | AC67: 1 | AD67: 0 | AE67: 2 | AF67: 1 | AG67: 1 | AH67: 1 | AI67: 0 | AJ67: 2 | AK67: 3 | AL67: 1 | AM67: 1 | AN67: 1 | AO67: 0 | AP67: 0 | AQ67: 0 | AR67: 0 | AS67: 0 | AT67: 1 | AU67: 0 | AV67: 1 | AW67: 0 | AX67: 0 | AY67: 0 | AZ67: 0 | BA67: 0 | BB67: 1 | BC67: 1 | BD67: 2 | BE67: 0 | BF67: 1 | BG67: 0 | BH67: 1 | BI67: 0 | BJ67: 1 | BK67: 2 | BL67: =SUM(E67:BK67) -> 33
C68: 3. SITI JAMI`AH | E68: 1 | F68: 5 | G68: 0 | H68: 0 | I68: 0 | J68: 2 | K68: 0 | L68: 2 | M68: 2 | N68: 0 | O68: 0 | P68: 0 | Q68: 0 | R68: 0 | S68: 1 | T68: 0 | U68: 0 | V68: 1 | W68: 0 | X68: 3 | Y68: 0 | Z68: 2 | AA68: 0 | AB68: 0 | AC68: 1 | AD68: 16 | AE68: 2 | AF68: 0 | AG68: 2 | AH68: 13 | AI68: 16 | AJ68: 5 | AK68: 4 | AL68: 3 | AM68: 5 | AN68: 3 | AO68: 4 | AP68: 3 | AQ68: 5 | AR68: 6 | AS68: 0 | AT68: 2 | AU68: 0 | AV68: 3 | AW68: 0 | AX68: 0 | AY68: 0 | AZ68: 1 | BA68: 1 | BB68: 3 | BC68: 0 | BD68: 2 | BE68: 1 | BF68: 3 | BG68: 2 | BH68: 0 | BI68: 2 | BJ68: 0 | BK68: 0 | BL68: =SUM(E68:BK68) -> 127
C69: 4. ADNAN | E69: 2 | F69: 8 | G69: 1 | H69: 1 | I69: 5 | J69: 1 | K69: 3 | L69: 4 | M69: 2 | N69: 2 | O69: 0 | P69: 1 | Q69: 3 | R69: 1 | S69: 1 | T69: 3 | U69: 4 | V69: 4 | W69: 1 | X69: 2 | Y69: 1 | Z69: 2 | AA69: 1 | AB69: 2 | AC69: 0 | AD69: 4 | AE69: 1 | AF69: 0 | AG69: 4 | AH69: 4 | AI69: 5 | AJ69: 5 | AK69: 5 | AL69: 10 | AM69: 7 | AN69: 10 | AO69: 0 | AP69: 1 | AQ69: 6 | AR69: 23 | AS69: 7 | AT69: 10 | AU69: 5 | AV69: 4 | AW69: 14 | AX69: 0 | AY69: 10 | AZ69: 8 | BA69: 10 | BB69: 21 | BC69: 4 | BD69: 5 | BE69: 3 | BF69: 17 | BG69: 13 | BH69: 1 | BI69: 1 | BJ69: 2 | BK69: 7 | BL69: =SUM(E69:BK69) -> 282
C70: 5. RINA WIJAYANTI | E70: 1 | F70: 0 | G70: 1 | H70: 0 | I70: 1 | J70: 0 | K70: 0 | L70: 0 | M70: 0 | N70: 0 | O70: 0 | P70: 0 | Q70: 1 | R70: 0 | S70: 0 | T70: 0 | U70: 0 | V70: 0 | W70: 0 | X70: 0 | Y70: 0 | Z70: 0 | AA70: 1 | AB70: 0 | AC70: 2 | AD70: 1 | AE70: 0 | AF70: 1 | AG70: 0 | AH70: 0 | AI70: 1 | AJ70: 0 | AK70: 2 | AL70: 0 | AM70: 1 | AN70: 0 | AO70: 1 | AP70: 0 | AQ70: 0 | AR70: 0 | AS70: 0 | AT70: 0 | AU70: 0 | AV70: 0 | AW70: 0 | AX70: 0 | AY70: 1 | AZ70: 1 | BA70: 0 | BB70: 1 | BC70: 0 | BD70: 1 | BE70: 1 | BF70: 0 | BG70: 0 | BH70: 0 | BI70: 1 | BJ70: 1 | BK70: 0 | BL70: =SUM(E70:BK70) -> 21
C71: 6. RIAS DEMILYA | E71: 0 | F71: 0 | G71: 0 | H71: 0 | I71: 0 | J71: 0 | K71: 0 | L71: 0 | M71: 0 | N71: 0 | O71: 0 | P71: 0 | Q71: 0 | R71: 0 | S71: 0 | T71: 0 | U71: 0 | V71: 0 | W71: 0 | X71: 0 | Y71: 0 | Z71: 0 | AA71: 0 | AB71: 0 | AC71: 0 | AD71: 1 | AE71: 0 | AF71: 0 | AG71: 0 | AH71: 0 | AI71: 0 | AJ71: 0 | AK71: 0 | AL71: 0 | AM71: 0 | AN71: 0 | AO71: 0 | AP71: 0 | AQ71: 1 | AR71: 0 | AS71: 0 | AT71: 0 | AU71: 0 | AV71: 0 | AW71: 0 | AX71: 0 | AY71: 0 | AZ71: 0 | BA71: 0 | BB71: 0 | BC71: 0 | BD71: 0 | BE71: 0 | BF71: 0 | BG71: 0 | BH71: 0 | BI71: 0 | BJ71: 1 | BK71: 1 | BL71: =SUM(E71:BK71) -> 4
C72: 7. EKO PRIYONO, S.E. | E72: 1 | F72: 1 | G72: 1 | H72: 0 | I72: 2 | J72: 0 | K72: 0 | L72: 0 | M72: 1 | N72: 0 | O72: 0 | P72: 0 | Q72: 1 | R72: 0 | S72: 1 | T72: 0 | U72: 0 | V72: 0 | W72: 0 | X72: 0 | Y72: 0 | Z72: 1 | AA72: 0 | AB72: 1 | AC72: 0 | AD72: 0 | AE72: 0 | AF72: 2 | AG72: 0 | AH72: 0 | AI72: 4 | AJ72: 0 | AK72: 2 | AL72: 0 | AM72: 2 | AN72: 1 | AO72: 3 | AP72: 3 | AQ72: 3 | AR72: 0 | AS72: 1 | AT72: 0 | AU72: 5 | AV72: 5 | AW72: 6 | AX72: 2 | AY72: 1 | AZ72: 0 | BA72: 1 | BB72: 0 | BC72: 0 | BD72: 0 | BE72: 0 | BF72: 1 | BG72: 0 | BH72: 0 | BI72: 0 | BJ72: 0 | BK72: 3 | BL72: =SUM(E72:BK72) -> 55
A73: B | B73: JUMLAH SUARA SAH PARTAI POLITIK DAN CALON (A1 + A2) | E73: =SUM(E65:E72) -> 15 | F73: =SUM(F65:F72) -> 26 | G73: =SUM(G65:G72) -> 9 | H73: =SUM(H65:H72) -> 7 | I73: =SUM(I65:I72) -> 34 | J73: =SUM(J65:J72) -> 16 | K73: =SUM(K65:K72) -> 19 | L73: =SUM(L65:L72) -> 21 | ... BK73: =SUM(BK65:BK72) -> 21 | BL73: =SUM(E73:BK73) -> 1200
BL74: =SUM(E74:BK74) -> 0
A75: A.1 | B75: 4. | C75: Partai Golongan Karya | E75: 5 | F75: 7 | G75: 4 | H75: 4 | I75: 1 | J75: 8 | K75: 4 | L75: 2 | M75: 2 | N75: 3 | O75: 0 | P75: 2 | Q75: 1 | R75: 1 | S75: 7 | T75: 5 | U75: 4 | V75: 0 | W75: 0 | X75: 1 | Y75: 2 | Z75: 1 | AA75: 0 | AB75: 2 | AC75: 0 | AD75: 3 | AE75: 6 | AF75: 7 | AG75: 8 | AH75: 8 | AI75: 8 | AJ75: 4 | AK75: 5 | AL75: 2 | AM75: 3 | AN75: 4 | AO75: 2 | AP75: 2 | AQ75: 3 | AR75: 4 | AS75: 4 | AT75: 3 | AU75: 0 | AV75: 4 | AW75: 1 | AX75: 5 | AY75: 2 | AZ75: 5 | BA75: 4 | BB75: 5 | BC75: 9 | BD75: 7 | BE75: 10 | BF75: 4 | BG75: 5 | BH75: 3 | BI75: 9 | BJ75: 14 | BK75: 2 | BL75: =SUM(E75:BK75) -> 231
A76: A.2 | C76: 1. RULIYONO, S.H. | E76: 2 | F76: 3 | G76: 6 | H76: 0 | I76: 2 | J76: 1 | K76: 1 | L76: 2 | M76: 1 | N76: 1 | O76: 0 | P76: 2 | Q76: 3 | R76: 2 | S76: 4 | T76: 2 | U76: 9 | V76: 3 | W76: 1 | X76: 3 | Y76: 7 | Z76: 0 | AA76: 0 | AB76: 4 | AC76: 2 | AD76: 3 | AE76: 3 | AF76: 2 | AG76: 3 | AH76: 15 | AI76: 22 | AJ76: 6 | AK76: 7 | AL76: 12 | AM76: 8 | AN76: 5 | AO76: 2 | AP76: 0 | AQ76: 6 | AR76: 14 | AS76: 9 | AT76: 8 | AU76: 6 | AV76: 5 | AW76: 6 | AX76: 31 | AY76: 26 | AZ76: 24 | BA76: 73 | BB76: 29 | BC76: 29 | BD76: 13 | BE76: 28 | BF76: 30 | BG76: 35 | BH76: 65 | BI76: 133 | BJ76: 107 | BK76: 58 | BL76: =SUM(E76:BK76) -> 884
C77: 2. FAHIRA HUMAIROH | E77: 0 | F77: 2 | G77: 4 | H77: 19 | I77: 17 | J77: 4 | K77: 4 | L77: 2 | M77: 3 | N77: 26 | O77: 17 | P77: 7 | Q77: 0 | R77: 7 | S77: 9 | T77: 11 | U77: 6 | V77: 8 | W77: 4 | X77: 4 | Y77: 1 | Z77: 1 | AA77: 1 | AB77: 1 | AC77: 3 | AD77: 14 | AE77: 4 | AF77: 10 | AG77: 26 | AH77: 11 | AI77: 5 | AJ77: 9 | AK77: 22 | AL77: 26 | AM77: 10 | AN77: 23 | AO77: 12 | AP77: 13 | AQ77: 3 | AR77: 9 | AS77: 17 | AT77: 7 | AU77: 2 | AV77: 5 | AW77: 3 | AX77: 8 | AY77: 0 | AZ77: 4 | BA77: 3 | BB77: 5 | BC77: 1 | BD77: 3 | BE77: 2 | BF77: 8 | BG77: 1 | BH77: 1 | BI77: 3 | BJ77: 1 | BK77: 1 | BL77: =SUM(E77:BK77) -> 433
C78: 3. T. AFNANY AKBAR, S.E. | E78: 0 | F78: 1 | G78: 1 | H78: 0 | I78: 1 | J78: 1 | K78: 0 | L78: 0 | M78: 1 | N78: 0 | O78: 0 | P78: 0 | Q78: 0 | R78: 1 | S78: 0 | T78: 0 | U78: 0 | V78: 0 | W78: 0 | X78: 0 | Y78: 0 | Z78: 0 | AA78: 0 | AB78: 0 | AC78: 0 | AD78: 0 | AE78: 0 | AF78: 0 | AG78: 0 | AH78: 1 | AI78: 1 | AJ78: 0 | AK78: 0 | AL78: 0 | AM78: 1 | AN78: 0 | AO78: 0 | AP78: 0 | AQ78: 0 | AR78: 0 | AS78: 0 | AT78: 0 | AU78: 0 | AV78: 0 | AW78: 0 | AX78: 0 | AY78: 1 | AZ78: 0 | BA78: 2 | BB78: 1 | BC78: 0 | BD78: 0 | BE78: 0 | BF78: 2 | BG78: 0 | BH78: 0 | BI78: 0 | BJ78: 1 | BK78: 0 | BL78: =SUM(E78:BK78) -> 16
C79: 4. MUHAMAD SUBUR | E79: 10 | F79: 8 | G79: 1 | H79: 3 | I79: 6 | J79: 1 | K79: 7 | L79: 11 | M79: 4 | N79: 11 | O79: 5 | P79: 3 | Q79: 4 | R79: 5 | S79: 31 | T79: 10 | U79: 12 | V79: 8 | W79: 4 | X79: 6 | Y79: 1 | Z79: 1 | AA79: 2 | AB79: 5 | AC79: 5 | AD79: 9 | AE79: 79 | AF79: 105 | AG79: 71 | AH79: 50 | AI79: 24 | AJ79: 9 | AK79: 18 | AL79: 16 | AM79: 27 | AN79: 22 | AO79: 15 | AP79: 9 | AQ79: 22 | AR79: 19 | AS79: 25 | AT79: 15 | AU79: 4 | AV79: 10 | AW79: 3 | AX79: 1 | AY79: 4 | AZ79: 7 | BA79: 4 | BB79: 0 | BC79: 0 | BD79: 4 | BE79: 1 | BF79: 12 | BG79: 4 | BH79: 2 | BI79: 0 | BJ79: 0 | BK79: 1 | BL79: =SUM(E79:BK79) -> 756
C80: 5. NYOTO PRAYITNO, S.E. | E80: 3 | F80: 0 | G80: 2 | H80: 0 | I80: 3 | J80: 2 | K80: 0 | L80: 0 | M80: 0 | N80: 1 | O80: 0 | P80: 0 | Q80: 1 | R80: 0 | S80: 0 | T80: 0 | U80: 1 | V80: 0 | W80: 1 | X80: 0 | Y80: 1 | Z80: 2 | AA80: 0 | AB80: 0 | AC80: 0 | AD80: 0 | AE80: 0 | AF80: 0 | AG80: 0 | AH80: 0 | AI80: 0 | AJ80: 2 | AK80: 0 | AL80: 0 | AM80: 1 | AN80: 0 | AO80: 1 | AP80: 1 | AQ80: 0 | AR80: 0 | AS80: 0 | AT80: 0 | AU80: 0 | AV80: 2 | AW80: 1 | AX80: 0 | AY80: 0 | AZ80: 0 | BA80: 0 | BB80: 0 | BC80: 0 | BD80: 0 | BE80: 0 | BF80: 1 | BG80: 0 | BH80: 0 | BI80: 0 | BJ80: 0 | BK80: 0 | BL80: =SUM(E80:BK80) -> 26
C81: 6. UMI LIANA EKAYANTI | E81: 0 | F81: 1 | G81: 0 | H81: 0 | I81: 1 | J81: 1 | K81: 0 | L81: 0 | M81: 0 | N81: 0 | O81: 0 | P81: 1 | Q81: 0 | R81: 0 | S81: 0 | T81: 0 | U81: 0 | V81: 0 | W81: 0 | X81: 0 | Y81: 0 | Z81: 0 | AA81: 1 | AB81: 0 | AC81: 0 | AD81: 0 | AE81: 0 | AF81: 0 | AG81: 0 | AH81: 0 | AI81: 0 | AJ81: 0 | AK81: 0 | AL81: 0 | AM81: 0 | AN81: 0 | AO81: 0 | AP81: 0 | AQ81: 0 | AR81: 0 | AS81: 1 | AT81: 1 | AU81: 0 | AV81: 0 | AW81: 0 | AX81: 0 | AY81: 0 | AZ81: 1 | BA81: 1 | BB81: 0 | BC81: 0 | BD81: 0 | BE81: 0 | BF81: 0 | BG81: 0 | BH81: 0 | BI81: 0 | BJ81: 0 | BK81: 0 | BL81: =SUM(E81:BK81) -> 9
C82: 7. TARMUJI | E82: 0 | F82: 0 | G82: 0 | H82: 0 | I82: 0 | J82: 0 | K82: 0 | L82: 0 | M82: 0 | N82: 0 | O82: 0 | P82: 0 | Q82: 0 | R82: 0 | S82: 0 | T82: 0 | U82: 0 | V82: 0 | W82: 0 | X82: 0 | Y82: 0 | Z82: 0 | AA82: 0 | AB82: 0 | AC82: 0 | AD82: 0 | AE82: 0 | AF82: 0 | AG82: 0 | AH82: 0 | AI82: 0 | AJ82: 0 | AK82: 0 | AL82: 0 | AM82: 0 | AN82: 0 | AO82: 0 | AP82: 0 | AQ82: 0 | AR82: 0 | AS82: 1 | AT82: 0 | AU82: 0 | AV82: 0 | AW82: 2 | AX82: 0 | AY82: 0 | AZ82: 0 | BA82: 1 | BB82: 0 | BC82: 0 | BD82: 0 | BE82: 0 | BF82: 0 | BG82: 0 | BH82: 0 | BI82: 0 | BJ82: 0 | BK82: 0 | BL82: =SUM(E82:BK82) -> 4
A83: B | B83: JUMLAH SUARA SAH PARTAI POLITIK DAN CALON (A1 + A2) | E83: =SUM(E75:E82) -> 20 | F83: =SUM(F75:F82) -> 22 | G83: =SUM(G75:G82) -> 18 | H83: =SUM(H75:H82) -> 26 | I83: =SUM(I75:I82) -> 31 | J83: =SUM(J75:J82) -> 18 | K83: =SUM(K75:K82) -> 16 | L83: =SUM(L75:L82) -> 17 | ... BK83: =SUM(BK75:BK82) -> 62 | BL83: =SUM(E83:BK83) -> 2359
BL84: =SUM(E84:BK84) -> 0
A85: A.1 | B85: 5. | C85: Partai NasDem | E85: 1 | F85: 2 | G85: 0 | H85: 0 | I85: 2 | J85: 3 | K85: 0 | L85: 1 | M85: 0 | N85: 3 | O85: 1 | P85: 1 | Q85: 0 | R85: 0 | S85: 0 | T85: 0 | U85: 0 | V85: 0 | W85: 1 | X85: 2 | Y85: 1 | Z85: 0 | AA85: 3 | AB85: 0 | AC85: 1 | AD85: 0 | AE85: 0 | AF85: 0 | AG85: 1 | AH85: 0 | AI85: 0 | AJ85: 0 | AK85: 0 | AL85: 1 | AM85: 3 | AN85: 2 | AO85: 2 | AP85: 3 | AQ85: 0 | AR85: 0 | AS85: 0 | AT85: 0 | AU85: 0 | AV85: 0 | AW85: 1 | AX85: 0 | AY85: 1 | AZ85: 1 | BA85: 0 | BB85: 2 | BC85: 1 | BD85: 2 | BE85: 0 | BF85: 0 | BG85: 3 | BH85: 0 | BI85: 0 | BJ85: 0 | BK85: 0 | BL85: =SUM(E85:BK85) -> 45
A86: A.2 | C86: 1. SUNGKOWO SARWO EDY, S.H. | E86: 2 | F86: 0 | G86: 1 | H86: 0 | I86: 0 | J86: 0 | K86: 0 | L86: 0 | M86: 0 | N86: 1 | O86: 0 | P86: 0 | Q86: 0 | R86: 0 | S86: 0 | T86: 0 | U86: 0 | V86: 0 | W86: 0 | X86: 1 | Y86: 0 | Z86: 0 | AA86: 0 | AB86: 1 | AC86: 0 | AD86: 0 | AE86: 0 | AF86: 0 | AG86: 0 | AH86: 0 | AI86: 0 | AJ86: 0 | AK86: 0 | AL86: 0 | AM86: 1 | AN86: 0 | AO86: 1 | AP86: 1 | AQ86: 0 | AR86: 0 | AS86: 0 | AT86: 0 | AU86: 0 | AV86: 1 | AW86: 0 | AX86: 0 | AY86: 1 | AZ86: 0 | BA86: 1 | BB86: 0 | BC86: 0 | BD86: 1 | BE86: 1 | BF86: 0 | BG86: 0 | BH86: 0 | BI86: 0 | BJ86: 0 | BK86: 1 | BL86: =SUM(E86:BK86) -> 15
C87: 2. GUNAWAN SATRIA PRATAMA | E87: 0 | F87: 0 | G87: 0 | H87: 0 | I87: 0 | J87: 0 | K87: 1 | L87: 0 | M87: 0 | N87: 0 | O87: 0 | P87: 0 | Q87: 0 | R87: 0 | S87: 0 | T87: 0 | U87: 0 | V87: 1 | W87: 0 | X87: 0 | Y87: 0 | Z87: 1 | AA87: 0 | AB87: 0 | AC87: 0 | AD87: 0 | AE87: 0 | AF87: 0 | AG87: 2 | AH87: 0 | AI87: 0 | AJ87: 0 | AK87: 1 | AL87: 0 | AM87: 0 | AN87: 1 | AO87: 0 | AP87: 0 | AQ87: 0 | AR87: 0 | AS87: 0 | AT87: 0 | AU87: 0 | AV87: 1 | AW87: 0 | AX87: 0 | AY87: 0 | AZ87: 0 | BA87: 0 | BB87: 1 | BC87: 1 | BD87: 0 | BE87: 0 | BF87: 0 | BG87: 0 | BH87: 0 | BI87: 0 | BJ87: 0 | BK87: 0 | BL87: =SUM(E87:BK87) -> 10
C88: 3. Hj. ULFA LAILA, S.E. | E88: 0 | F88: 0 | G88: 0 | H88: 0 | I88: 1 | J88: 0 | K88: 0 | L88: 0 | M88: 0 | N88: 0 | O88: 0 | P88: 0 | Q88: 0 | R88: 0 | S88: 0 | T88: 0 | U88: 0 | V88: 0 | W88: 0 | X88: 0 | Y88: 0 | Z88: 0 | AA88: 1 | AB88: 0 | AC88: 0 | AD88: 1 | AE88: 1 | AF88: 0 | AG88: 0 | AH88: 0 | AI88: 0 | AJ88: 0 | AK88: 0 | AL88: 0 | AM88: 0 | AN88: 0 | AO88: 0 | AP88: 1 | AQ88: 0 | AR88: 1 | AS88: 0 | AT88: 0 | AU88: 0 | AV88: 0 | AW88: 0 | AX88: 0 | AY88: 1 | AZ88: 0 | BA88: 0 | BB88: 0 | BC88: 0 | BD88: 1 | BE88: 0 | BF88: 0 | BG88: 0 | BH88: 0 | BI88: 1 | BJ88: 0 | BK88: 1 | BL88: =SUM(E88:BK88) -> 10
C89: 4. H. KURDI ISMAIL, S.H. | E89: 1 | F89: 0 | G89: 0 | H89: 0 | I89: 0 | J89: 0 | K89: 0 | L89: 0 | M89: 0 | N89: 1 | O89: 0 | P89: 0 | Q89: 0 | R89: 1 | S89: 0 | T89: 0 | U89: 0 | V89: 1 | W89: 0 | X89: 0 | Y89: 0 | Z89: 0 | AA89: 0 | AB89: 1 | AC89: 0 | AD89: 0 | AE89: 0 | AF89: 0 | AG89: 0 | AH89: 0 | AI89: 0 | AJ89: 0 | AK89: 5 | AL89: 0 | AM89: 0 | AN89: 0 | AO89: 1 | AP89: 1 | AQ89: 1 | AR89: 0 | AS89: 0 | AT89: 0 | AU89: 0 | AV89: 0 | AW89: 2 | AX89: 0 | AY89: 0 | AZ89: 0 | BA89: 1 | BB89: 0 | BC89: 0 | BD89: 0 | BE89: 0 | BF89: 0 | BG89: 0 | BH89: 0 | BI89: 0 | BJ89: 0 | BK89: 1 | BL89: =SUM(E89:BK89) -> 17
C90: 5. FEBRY PRIMA SANJAYA | E90: 0 | F90: 0 | G90: 0 | H90: 0 | I90: 0 | J90: 0 | K90: 0 | L90: 0 | M90: 0 | N90: 0 | O90: 1 | P90: 0 | Q90: 0 | R90: 0 | S90: 0 | T90: 0 | U90: 0 | V90: 1 | W90: 1 | X90: 1 | Y90: 0 | Z90: 0 | AA90: 0 | AB90: 0 | AC90: 0 | AD90: 0 | AE90: 0 | AF90: 0 | AG90: 0 | AH90: 0 | AI90: 0 | AJ90: 0 | AK90: 0 | AL90: 0 | AM90: 0 | AN90: 0 | AO90: 0 | AP90: 1 | AQ90: 0 | AR90: 0 | AS90: 0 | AT90: 1 | AU90: 0 | AV90: 0 | AW90: 0 | AX90: 0 | AY90: 0 | AZ90: 0 | BA90: 0 | BB90: 0 | BC90: 0 | BD90: 1 | BE90: 0 | BF90: 0 | BG90: 0 | BH90: 1 | BI90: 0 | BJ90: 0 | BK90: 0 | BL90: =SUM(E90:BK90) -> 8
C91: 6. TRI SETYANINGSIH | E91: 0 | F91: 0 | G91: 0 | H91: 0 | I91: 0 | J91: 0 | K91: 0 | L91: 0 | M91: 0 | N91: 0 | O91: 0 | P91: 0 | Q91: 0 | R91: 0 | S91: 0 | T91: 0 | U91: 0 | V91: 0 | W91: 0 | X91: 0 | Y91: 0 | Z91: 0 | AA91: 0 | AB91: 0 | AC91: 0 | AD91: 0 | AE91: 0 | AF91: 0 | AG91: 0 | AH91: 0 | AI91: 0 | AJ91: 0 | AK91: 0 | AL91: 0 | AM91: 3 | AN91: 0 | AO91: 0 | AP91: 0 | AQ91: 1 | AR91: 0 | AS91: 0 | AT91: 0 | AU91: 0 | AV91: 0 | AW91: 0 | AX91: 0 | AY91: 0 | AZ91: 0 | BA91: 1 | BB91: 0 | BC91: 0 | BD91: 0 | BE91: 0 | BF91: 0 | BG91: 0 | BH91: 1 | BI91: 0 | BJ91: 0 | BK91: 0 | BL91: =SUM(E91:BK91) -> 6
C92: 7. ABDUL MUKSIN, S.Sos | E92: 3 | F92: 7 | G92: 3 | H92: 0 | I92: 2 | J92: 0 | K92: 0 | L92: 0 | M92: 0 | N92: 0 | O92: 0 | P92: 1 | Q92: 0 | R92: 0 | S92: 0 | T92: 0 | U92: 1 | V92: 1 | W92: 1 | X92: 0 | Y92: 0 | Z92: 0 | AA92: 0 | AB92: 0 | AC92: 0 | AD92: 0 | AE92: 0 | AF92: 1 | AG92: 2 | AH92: 9 | AI92: 0 | AJ92: 0 | AK92: 0 | AL92: 1 | AM92: 4 | AN92: 2 | AO92: 0 | AP92: 0 | AQ92: 0 | AR92: 0 | AS92: 0 | AT92: 0 | AU92: 0 | AV92: 0 | AW92: 0 | AX92: 0 | AY92: 0 | AZ92: 0 | BA92: 2 | BB92: 0 | BC92: 0 | BD92: 2 | BE92: 0 | BF92: 0 | BG92: 0 | BH92: 0 | BI92: 0 | BJ92: 0 | BK92: 1 | BL92: =SUM(E92:BK92) -> 43
A93: B | B93: JUMLAH SUARA SAH PARTAI POLITIK DAN CALON (A1 + A2) | E93: =SUM(E85:E92) -> 7 | F93: =SUM(F85:F92) -> 9 | G93: =SUM(G85:G92) -> 4 | H93: =SUM(H85:H92) -> 0 | I93: =SUM(I85:I92) -> 5 | J93: =SUM(J85:J92) -> 3 | K93: =SUM(K85:K92) -> 1 | L93: =SUM(L85:L92) -> 1 | ... BK93: =SUM(BK85:BK92) -> 4 | BL93: =SUM(E93:BK93) -> 154
BL94: =SUM(E94:BK94) -> 0
A95: A.1 | B95: 6. | C95: Partai Buruh | E95: 0 | F95: 1 | G95: 0 | H95: 0 | I95: 0 | J95: 0 | K95: 0 | L95: 1 | M95: 0 | N95: 1 | O95: 1 | P95: 0 | Q95: 0 | R95: 0 | S95: 0 | T95: 0 | U95: 1 | V95: 0 | W95: 1 | X95: 0 | Y95: 0 | Z95: 0 | AA95: 0 | AB95: 0 | AC95: 0 | AD95: 0 | AE95: 1 | AF95: 0 | AG95: 0 | AH95: 0 | AI95: 0 | AJ95: 0 | AK95: 0 | AL95: 0 | AM95: 1 | AN95: 0 | AO95: 0 | AP95: 1 | AQ95: 0 | AR95: 0 | AS95: 0 | AT95: 0 | AU95: 0 | AV95: 1 | AW95: 1 | AX95: 0 | AY95: 0 | AZ95: 0 | BA95: 0 | BB95: 0 | BC95: 2 | BD95: 1 | BE95: 0 | BF95: 0 | BG95: 0 | BH95: 0 | BI95: 0 | BJ95: 0 | BK95: 0 | BL95: =SUM(E95:BK95) -> 14
A96: A.2 | C96: 1. KHOIRUL ANWARI ARIF | E96: 1 | F96: 0 | G96: 0 | H96: 0 | I96: 0 | J96: 0 | K96: 0 | L96: 1 | M96: 0 | N96: 0 | O96: 0 | P96: 1 | Q96: 0 | R96: 0 | S96: 1 | T96: 0 | U96: 0 | V96: 1 | W96: 0 | X96: 0 | Y96: 0 | Z96: 0 | AA96: 1 | AB96: 0 | AC96: 1 | AD96: 0 | AE96: 0 | AF96: 1 | AG96: 0 | AH96: 0 | AI96: 0 | AJ96: 0 | AK96: 0 | AL96: 1 | AM96: 0 | AN96: 0 | AO96: 0 | AP96: 0 | AQ96: 0 | AR96: 0 | AS96: 0 | AT96: 0 | AU96: 0 | AV96: 0 | AW96: 0 | AX96: 0 | AY96: 1 | AZ96: 0 | BA96: 0 | BB96: 0 | BC96: 0 | BD96: 0 | BE96: 2 | BF96: 0 | BG96: 0 | BH96: 0 | BI96: 0 | BJ96: 0 | BK96: 0 | BL96: =SUM(E96:BK96) -> 12
A97: B | B97: JUMLAH SUARA SAH PARTAI POLITIK DAN CALON (A1 + A2) | E97: =SUM(E95:E96) -> 1 | F97: =SUM(F95:F96) -> 1 | G97: =SUM(G95:G96) -> 0 | H97: =SUM(H95:H96) -> 0 | I97: =SUM(I95:I96) -> 0 | J97: =SUM(J95:J96) -> 0 | K97: =SUM(K95:K96) -> 0 | L97: =SUM(L95:L96) -> 2 | ... BK97: =SUM(BK95:BK96) -> 0 | BL97: =SUM(E97:BK97) -> 26
BL98: =SUM(E98:BK98) -> 0
A99: A.1 | B99: 7. | C99: Partai Gelombang Rakyat Indonesia | E99: 2 | F99: 2 | G99: 0 | H99: 0 | I99: 1 | J99: 2 | K99: 2 | L99: 3 | M99: 1 | N99: 1 | O99: 1 | P99: 0 | Q99: 3 | R99: 3 | S99: 1 | T99: 1 | U99: 1 | V99: 0 | W99: 0 | X99: 2 | Y99: 0 | Z99: 0 | AA99: 0 | AB99: 0 | AC99: 1 | AD99: 1 | AE99: 0 | AF99: 0 | AG99: 1 | AH99: 0 | AI99: 0 | AJ99: 0 | AK99: 2 | AL99: 1 | AM99: 1 | AN99: 0 | AO99: 0 | AP99: 0 | AQ99: 0 | AR99: 0 | AS99: 2 | AT99: 1 | AU99: 2 | AV99: 2 | AW99: 5 | AX99: 0 | AY99: 3 | AZ99: 1 | BA99: 1 | BB99: 0 | BC99: 0 | BD99: 1 | BE99: 3 | BF99: 2 | BG99: 0 | BH99: 0 | BI99: 2 | BJ99: 1 | BK99: 0 | BL99: =SUM(E99:BK99) -> 59
A100: A.2 | C100: 1. WASIS | E100: 0 | F100: 0 | G100: 0 | H100: 0 | I100: 0 | J100: 0 | K100: 0 | L100: 0 | M100: 1 | N100: 0 | O100: 0 | P100: 1 | Q100: 0 | R100: 0 | S100: 0 | T100: 0 | U100: 0 | V100: 0 | W100: 1 | X100: 0 | Y100: 0 | Z100: 1 | AA100: 0 | AB100: 0 | AC100: 0 | AD100: 0 | AE100: 0 | AF100: 1 | AG100: 0 | AH100: 0 | AI100: 0 | AJ100: 0 | AK100: 0 | AL100: 0 | AM100: 0 | AN100: 0 | AO100: 0 | AP100: 0 | AQ100: 0 | AR100: 0 | AS100: 0 | AT100: 0 | AU100: 0 | AV100: 1 | AW100: 0 | AX100: 1 | AY100: 0 | AZ100: 0 | BA100: 0 | BB100: 0 | BC100: 0 | BD100: 0 | BE100: 0 | BF100: 0 | BG100: 0 | BH100: 0 | BI100: 0 | BJ100: 0 | BK100: 0 | BL100: =SUM(E100:BK100) -> 7
A101: B | B101: JUMLAH SUARA SAH PARTAI POLITIK DAN CALON (A1 + A2) | E101: =SUM(E99:E100) -> 2 | F101: =SUM(F99:F100) -> 2 | G101: =SUM(G99:G100) -> 0 | H101: =SUM(H99:H100) -> 0 | I101: =SUM(I99:I100) -> 1 | J101: =SUM(J99:J100) -> 2 | K101: =SUM(K99:K100) -> 2 | L101: =SUM(L99:L100) -> 3 | ... BK101: =SUM(BK99:BK100) -> 0 | BL101: =SUM(E101:BK101) -> 66
BL102: =SUM(E102:BK102) -> 0
A103: A.1 | B103: 8. | C103: Partai Keadilan Sejahtera | E103: 1 | F103: 2 | G103: 2 | H103: 2 | I103: 0 | J103: 0 | K103: 2 | L103: 3 | M103: 0 | N103: 3 | O103: 0 | P103: 2 | Q103: 1 | R103: 0 | S103: 1 | T103: 1 | U103: 2 | V103: 2 | W103: 0 | X103: 1 | Y103: 1 | Z103: 0 | AA103: 2 | AB103: 1 | AC103: 1 | AD103: 2 | AE103: 0 | AF103: 1 | AG103: 2 | AH103: 1 | AI103: 1 | AJ103: 2 | AK103: 2 | AL103: 1 | AM103: 2 | AN103: 7 | AO103: 3 | AP103: 0 | AQ103: 0 | AR103: 1 | AS103: 2 | AT103: 2 | AU103: 1 | AV103: 3 | AW103: 2 | AX103: 1 | AY103: 2 | AZ103: 0 | BA103: 0 | BB103: 0 | BC103: 5 | BD103: 6 | BE103: 1 | BF103: 0 | BG103: 0 | BH103: 0 | BI103: 0 | BJ103: 0 | BK103: 2 | BL103: =SUM(E103:BK103) -> 82
A104: A.2 | C104: 1. SRI WAHYUNI, S.Si. | E104: 4 | F104: 4 | G104: 6 | H104: 2 | I104: 2 | J104: 2 | K104: 0 | L104: 0 | M104: 2 | N104: 2 | O104: 1 | P104: 0 | Q104: 0 | R104: 4 | S104: 12 | T104: 26 | U104: 4 | V104: 1 | W104: 3 | X104: 2 | Y104: 7 | Z104: 0 | AA104: 9 | AB104: 4 | AC104: 9 | AD104: 0 | AE104: 3 | AF104: 5 | AG104: 9 | AH104: 5 | AI104: 0 | AJ104: 24 | AK104: 3 | AL104: 10 | AM104: 12 | AN104: 15 | AO104: 16 | AP104: 28 | AQ104: 8 | AR104: 21 | AS104: 4 | AT104: 8 | AU104: 8 | AV104: 10 | AW104: 2 | AX104: 4 | AY104: 3 | AZ104: 1 | BA104: 3 | BB104: 1 | BC104: 10 | BD104: 9 | BE104: 3 | BF104: 1 | BG104: 0 | BH104: 4 | BI104: 6 | BJ104: 1 | BK104: 3 | BL104: =SUM(E104:BK104) -> 346
C105: 2. AHMAD FAISAL RIZAL | E105: 0 | F105: 1 | G105: 0 | H105: 0 | I105: 0 | J105: 0 | K105: 0 | L105: 0 | M105: 0 | N105: 1 | O105: 0 | P105: 0 | Q105: 0 | R105: 0 | S105: 0 | T105: 0 | U105: 1 | V105: 0 | W105: 1 | X105: 0 | Y105: 0 | Z105: 0 | AA105: 1 | AB105: 2 | AC105: 1 | AD105: 0 | AE105: 0 | AF105: 0 | AG105: 2 | AH105: 0 | AI105: 0 | AJ105: 2 | AK105: 0 | AL105: 1 | AM105: 0 | AN105: 0 | AO105: 2 | AP105: 1 | AQ105: 1 | AR105: 0 | AS105: 1 | AT105: 0 | AU105: 0 | AV105: 1 | AW105: 0 | AX105: 0 | AY105: 0 | AZ105: 0 | BA105: 0 | BB105: 0 | BC105: 0 | BD105: 0 | BE105: 0 | BF105: 1 | BG105: 0 | BH105: 0 | BI105: 0 | BJ105: 0 | BK105: 1 | BL105: =SUM(E105:BK105) -> 21
C106: 3. SYAIFUL LATIF, S.P. | E106: 0 | F106: 0 | G106: 1 | H106: 0 | I106: 0 | J106: 0 | K106: 0 | L106: 0 | M106: 0 | N106: 0 | O106: 0 | P106: 0 | Q106: 0 | R106: 0 | S106: 0 | T106: 1 | U106: 0 | V106: 0 | W106: 0 | X106: 0 | Y106: 0 | Z106: 0 | AA106: 0 | AB106: 1 | AC106: 0 | AD106: 0 | AE106: 0 | AF106: 0 | AG106: 0 | AH106: 0 | AI106: 0 | AJ106: 0 | AK106: 1 | AL106: 0 | AM106: 0 | AN106: 2 | AO106: 0 | AP106: 1 | AQ106: 0 | AR106: 0 | AS106: 1 | AT106: 0 | AU106: 1 | AV106: 0 | AW106: 0 | AX106: 0 | AY106: 1 | AZ106: 1 | BA106: 0 | BB106: 0 | BC106: 0 | BD106: 4 | BE106: 0 | BF106: 0 | BG106: 0 | BH106: 2 | BI106: 0 | BJ106: 0 | BK106: 1 | BL106: =SUM(E106:BK106) -> 18
C107: 4. WAWAN PRISTIAWAN, S.Pd. | E107: 0 | F107: 0 | G107: 0 | H107: 0 | I107: 0 | J107: 0 | K107: 0 | L107: 0 | M107: 0 | N107: 0 | O107: 0 | P107: 0 | Q107: 0 | R107: 0 | S107: 0 | T107: 0 | U107: 0 | V107: 0 | W107: 0 | X107: 0 | Y107: 0 | Z107: 0 | AA107: 0 | AB107: 0 | AC107: 0 | AD107: 1 | AE107: 0 | AF107: 0 | AG107: 0 | AH107: 0 | AI107: 0 | AJ107: 0 | AK107: 0 | AL107: 0 | AM107: 0 | AN107: 1 | AO107: 1 | AP107: 0 | AQ107: 0 | AR107: 0 | AS107: 0 | AT107: 0 | AU107: 0 | AV107: 0 | AW107: 0 | AX107: 0 | AY107: 0 | AZ107: 0 | BA107: 0 | BB107: 0 | BC107: 0 | BD107: 0 | BE107: 0 | BF107: 0 | BG107: 0 | BH107: 0 | BI107: 0 | BJ107: 0 | BK107: 1 | BL107: =SUM(E107:BK107) -> 4
C108: 5. FONI AGUSTIN, S.E. | E108: 0 | F108: 0 | G108: 0 | H108: 0 | I108: 0 | J108: 0 | K108: 0 | L108: 0 | M108: 0 | N108: 1 | O108: 0 | P108: 0 | Q108: 0 | R108: 0 | S108: 0 | T108: 0 | U108: 0 | V108: 0 | W108: 0 | X108: 0 | Y108: 0 | Z108: 0 | AA108: 0 | AB108: 0 | AC108: 0 | AD108: 0 | AE108: 0 | AF108: 0 | AG108: 0 | AH108: 0 | AI108: 0 | AJ108: 0 | AK108: 0 | AL108: 0 | AM108: 0 | AN108: 0 | AO108: 0 | AP108: 0 | AQ108: 0 | AR108: 0 | AS108: 0 | AT108: 0 | AU108: 0 | AV108: 0 | AW108: 2 | AX108: 0 | AY108: 0 | AZ108: 0 | BA108: 0 | BB108: 0 | BC108: 0 | BD108: 0 | BE108: 0 | BF108: 0 | BG108: 0 | BH108: 0 | BI108: 0 | BJ108: 0 | BK108: 1 | BL108: =SUM(E108:BK108) -> 4
C109: 6. ST. ROFIAH | E109: 0 | F109: 2 | G109: 2 | H109: 3 | I109: 2 | J109: 0 | K109: 0 | L109: 1 | M109: 0 | N109: 0 | O109: 3 | P109: 6 | Q109: 7 | R109: 1 | S109: 1 | T109: 5 | U109: 7 | V109: 30 | W109: 15 | X109: 6 | Y109: 12 | Z109: 0 | AA109: 2 | AB109: 2 | AC109: 9 | AD109: 3 | AE109: 1 | AF109: 0 | AG109: 0 | AH109: 0 | AI109: 1 | AJ109: 12 | AK109: 0 | AL109: 2 | AM109: 0 | AN109: 0 | AO109: 0 | AP109: 1 | AQ109: 0 | AR109: 0 | AS109: 7 | AT109: 0 | AU109: 0 | AV109: 0 | AW109: 2 | AX109: 1 | AY109: 0 | AZ109: 1 | BA109: 0 | BB109: 0 | BC109: 3 | BD109: 0 | BE109: 0 | BF109: 1 | BG109: 0 | BH109: 2 | BI109: 0 | BJ109: 0 | BK109: 1 | BL109: =SUM(E109:BK109) -> 154
C110: 7. SAPTO LASONGKO, S.S. | E110: 0 | F110: 0 | G110: 0 | H110: 0 | I110: 0 | J110: 0 | K110: 0 | L110: 0 | M110: 0 | N110: 0 | O110: 0 | P110: 1 | Q110: 0 | R110: 0 | S110: 0 | T110: 0 | U110: 0 | V110: 0 | W110: 0 | X110: 0 | Y110: 0 | Z110: 0 | AA110: 0 | AB110: 0 | AC110: 0 | AD110: 0 | AE110: 0 | AF110: 0 | AG110: 0 | AH110: 0 | AI110: 0 | AJ110: 0 | AK110: 0 | AL110: 0 | AM110: 0 | AN110: 2 | AO110: 1 | AP110: 0 | AQ110: 0 | AR110: 0 | AS110: 0 | AT110: 0 | AU110: 0 | AV110: 0 | AW110: 0 | AX110: 0 | AY110: 0 | AZ110: 0 | BA110: 0 | BB110: 0 | BC110: 0 | BD110: 0 | BE110: 0 | BF110: 0 | BG110: 0 | BH110: 0 | BI110: 0 | BJ110: 0 | BK110: 0 | BL110: =SUM(E110:BK110) -> 4
A111: B | B111: JUMLAH SUARA SAH PARTAI POLITIK DAN CALON (A1 + A2) | E111: =SUM(E103:E110) -> 5 | F111: =SUM(F103:F110) -> 9 | G111: =SUM(G103:G110) -> 11 | H111: =SUM(H103:H110) -> 7 | I111: =SUM(I103:I110) -> 4 | J111: =SUM(J103:J110) -> 2 | K111: =SUM(K103:K110) -> 2 | L111: =SUM(L103:L110) -> 4 | ... BK111: =SUM(BK103:BK110) -> 10 | BL111: =SUM(E111:BK111) -> 633
...

Sheet KALIGONDO
C2: Kecamatan | D2: GENTENG
C3: Kabupaten | D3: BANYUWANGI
C4: Provinsi | D4: JAWA TIMUR
C9: Kelurahan | D9: KALIGONDO
A12: I | B12: DATA PEMILIH DAN PENGGUNAAN HAK PILIH | BB12: JUMLAH AKHIR
A13: A | B13: DATA PEMILIH | E13: TPS 001 | F13: TPS 002 | G13: TPS 003 | H13: TPS 004 | I13: TPS 005 | J13: TPS 006 | K13: TPS 007 | L13: TPS 008 | M13: TPS 009 | N13: TPS 010 | O13: TPS 011 | P13: TPS 012 | Q13: TPS 013 | R13: TPS 014 | S13: TPS 015 | T13: TPS 016 | U13: TPS 017 | V13: TPS 018 | W13: TPS 019 | X13: TPS 020 | Y13: TPS 021 | Z13: TPS 022 | AA13: TPS 023 | AB13: TPS 024 | AC13: TPS 025 | AD13: TPS 026 | AE13: TPS 027 | AF13: TPS 028 | AG13: TPS 029 | AH13: TPS 030 | AI13: TPS 031 | AJ13: TPS 032 | AK13: TPS 033 | AL13: TPS 034 | AM13: TPS 035 | AN13: TPS 036 | AO13: TPS 037 | AP13: TPS 038 | AQ13: TPS 039 | AR13: TPS 040 | AS13: TPS 041 | AT13: TPS 042 | AU13: TPS 043 | AV13: TPS 044 | AW13: TPS 045 | AX13: TPS 046 | AY13: TPS 047 | AZ13: TPS 048 | BA13: TPS 049
B14: Jumlah Pemilih dalam Daftar Pemilih Tetap (DPT) | D14: LK | E14: 96 | F14: 109 | G14: 105 | H14: 130 | I14: 123 | J14: 96 | K14: 115 | L14: 95 | M14: 114 | N14: 104 | O14: 110 | P14: 113 | Q14: 120 | R14: 86 | S14: 114 | T14: 114 | U14: 102 | V14: 125 | W14: 117 | X14: 90 | Y14: 112 | Z14: 88 | AA14: 87 | AB14: 130 | AC14: 106 | AD14: 116 | AE14: 119 | AF14: 120 | AG14: 105 | AH14: 102 | AI14: 101 | AJ14: 96 | AK14: 110 | AL14: 111 | AM14: 113 | AN14: 122 | AO14: 102 | AP14: 114 | AQ14: 105 | AR14: 94 | AS14: 109 | AT14: 109 | AU14: 107 | AV14: 121 | AW14: 132 | AX14: 119 | AY14: 132 | AZ14: 133 | BA14: 118 | BB14: =SUM(E14:BA14) -> 5411
D15: PR | E15: 117 | F15: 107 | G15: 98 | H15: 124 | I15: 124 | J15: 117 | K15: 108 | L15: 96 | M15: 121 | N15: 115 | O15: 105 | P15: 107 | Q15: 123 | R15: 79 | S15: 106 | T15: 114 | U15: 105 | V15: 114 | W15: 125 | X15: 108 | Y15: 120 | Z15: 90 | AA15: 87 | AB15: 107 | AC15: 117 | AD15: 111 | AE15: 120 | AF15: 120 | AG15: 98 | AH15: 101 | AI15: 101 | AJ15: 110 | AK15: 111 | AL15: 110 | AM15: 92 | AN15: 110 | AO15: 109 | AP15: 120 | AQ15: 97 | AR15: 103 | AS15: 101 | AT15: 143 | AU15: 106 | AV15: 124 | AW15: 133 | AX15: 118 | AY15: 139 | AZ15: 135 | BA15: 126 | BB15: =SUM(E15:BA15) -> 5472
D16: JML | E16: =SUM(E14:E15) -> 213 | F16: =SUM(F14:F15) -> 216 | G16: =SUM(G14:G15) -> 203 | H16: =SUM(H14:H15) -> 254 | I16: =SUM(I14:I15) -> 247 | J16: =SUM(J14:J15) -> 213 | K16: =SUM(K14:K15) -> 223 | L16: =SUM(L14:L15) -> 191 | ... BA16: =SUM(BA14:BA15) -> 244 | BB16: =SUM(E16:BA16) -> 10883
A18: B | B18: PENGGUNA HAK PILIH
B19: 1. | C19: Jumlah pengguna hak pilih dalam Daftar Pemilih Tetap (DPT) | D19: LK | E19: 64 | F19: 70 | G19: 64 | H19: 93 | I19: 94 | J19: 53 | K19: 76 | L19: 63 | M19: 87 | N19: 73 | O19: 70 | P19: 79 | Q19: 91 | R19: 60 | S19: 88 | T19: 87 | U19: 72 | V19: 81 | W19: 79 | X19: 70 | Y19: 92 | Z19: 60 | AA19: 52 | AB19: 100 | AC19: 86 | AD19: 88 | AE19: 92 | AF19: 87 | AG19: 76 | AH19: 76 | AI19: 77 | AJ19: 74 | AK19: 83 | AL19: 63 | AM19: 72 | AN19: 92 | AO19: 65 | AP19: 90 | AQ19: 77 | AR19: 65 | AS19: 81 | AT19: 79 | AU19: 78 | AV19: 93 | AW19: 97 | AX19: 87 | AY19: 102 | AZ19: 97 | BA19: 81 | BB19: =SUM(E19:BA19) -> 3876
D20: PR | E20: 96 | F20: 74 | G20: 72 | H20: 103 | I20: 93 | J20: 74 | K20: 79 | L20: 64 | M20: 89 | N20: 88 | O20: 78 | P20: 83 | Q20: 94 | R20: 62 | S20: 89 | T20: 94 | U20: 76 | V20: 86 | W20: 94 | X20: 76 | Y20: 91 | Z20: 72 | AA20: 68 | AB20: 89 | AC20: 89 | AD20: 85 | AE20: 103 | AF20: 92 | AG20: 76 | AH20: 76 | AI20: 78 | AJ20: 94 | AK20: 74 | AL20: 70 | AM20: 70 | AN20: 90 | AO20: 75 | AP20: 94 | AQ20: 76 | AR20: 84 | AS20: 81 | AT20: 105 | AU20: 84 | AV20: 103 | AW20: 96 | AX20: 90 | AY20: 109 | AZ20: 105 | BA20: 93 | BB20: =SUM(E20:BA20) -> 4176
D21: JML | E21: =SUM(E19:E20) -> 160 | F21: =SUM(F19:F20) -> 144 | G21: =SUM(G19:G20) -> 136 | H21: =SUM(H19:H20) -> 196 | I21: =SUM(I19:I20) -> 187 | J21: =SUM(J19:J20) -> 127 | K21: =SUM(K19:K20) -> 155 | L21: =SUM(L19:L20) -> 127 | ... BA21: =SUM(BA19:BA20) -> 174 | BB21: =SUM(E21:BA21) -> 8052
B22: 2. | C22: Jumlah pengguna hak pilih dalam Daftar Pemilih Tambahan (DPTb) | D22: LK | G22: 1 | AG22: 1 | AI22: 2 | AU22: 1 | BB22: =SUM(E22:BA22) -> 5
D23: PR | N23: 1 | P23: 1 | W23: 1 | X23: 1 | Z23: 1 | AG23: 1 | AI23: 1 | AN23: 1 | AR23: 1 | AU23: 1 | BB23: =SUM(E23:BA23) -> 10
D24: JML | E24: =SUM(E22:E23) -> 0 | F24: =SUM(F22:F23) -> 0 | G24: =SUM(G22:G23) -> 1 | H24: =SUM(H22:H23) -> 0 | I24: =SUM(I22:I23) -> 0 | J24: =SUM(J22:J23) -> 0 | K24: =SUM(K22:K23) -> 0 | L24: =SUM(L22:L23) -> 0 | ... BA24: =SUM(BA22:BA23) -> 0 | BB24: =SUM(E24:BA24) -> 15
B25: 3. | C25: Jumlah pengguna hak pilih dalam Daftar Pemilih Khusus (DPK) | D25: LK | J25: 1 | K25: 1 | L25: 7 | M25: 1 | R25: 1 | S25: 3 | U25: 1 | V25: 2 | Z25: 3 | AB25: 1 | AE25: 1 | AG25: 2 | AH25: 3 | AI25: 1 | AJ25: 2 | AK25: 1 | AN25: 1 | AQ25: 1 | AR25: 2 | AS25: 2 | AT25: 1 | BA25: 1 | BB25: =SUM(E25:BA25) -> 39
D26: PR | J26: 1 | K26: 1 | L26: 5 | M26: 1 | O26: 1 | R26: 3 | S26: 2 | T26: 2 | V26: 2 | W26: 1 | Z26: 5 | AA26: 1 | AB26: 1 | AE26: 2 | AG26: 2 | AH26: 1 | AI26: 2 | AJ26: 2 | AK26: 2 | AM26: 5 | AN26: 1 | AQ26: 4 | AR26: 1 | AS26: 2 | AT26: 4 | AX26: 1 | BA26: 2 | BB26: =SUM(E26:BA26) -> 57
D27: JML | E27: =SUM(E25:E26) -> 0 | F27: =SUM(F25:F26) -> 0 | G27: =SUM(G25:G26) -> 0 | H27: =SUM(H25:H26) -> 0 | I27: =SUM(I25:I26) -> 0 | J27: =SUM(J25:J26) -> 2 | K27: =SUM(K25:K26) -> 2 | L27: =SUM(L25:L26) -> 12 | ... BA27: =SUM(BA25:BA26) -> 3 | BB27: =SUM(E27:BA27) -> 96
B28: 4. | C28: Jumlah Pengguna Hak Pilih (B.1+B.2+B.3) | D28: LK | E28: =SUM(E19,E22,E25) -> 64 | F28: =SUM(F19,F22,F25) -> 70 | G28: =SUM(G19,G22,G25) -> 65 | H28: =SUM(H19,H22,H25) -> 93 | I28: =SUM(I19,I22,I25) -> 94 | J28: =SUM(J19,J22,J25) -> 54 | K28: =SUM(K19,K22,K25) -> 77 | L28: =SUM(L19,L22,L25) -> 70 | ... BA28: =SUM(BA19,BA22,BA25) -> 82 | BB28: =SUM(E28:BA28) -> 3920
D29: PR | E29: =SUM(E20,E23,E26) -> 96 | F29: =SUM(F20,F23,F26) -> 74 | G29: =SUM(G20,G23,G26) -> 72 | H29: =SUM(H20,H23,H26) -> 103 | I29: =SUM(I20,I23,I26) -> 93 | J29: =SUM(J20,J23,J26) -> 75 | K29: =SUM(K20,K23,K26) -> 80 | L29: =SUM(L20,L23,L26) -> 69 | ... BA29: =SUM(BA20,BA23,BA26) -> 95 | BB29: =SUM(E29:BA29) -> 4243
D30: JML | E30: =SUM(E28:E29) -> 160 | F30: =SUM(F28:F29) -> 144 | G30: =SUM(G28:G29) -> 137 | H30: =SUM(H28:H29) -> 196 | I30: =SUM(I28:I29) -> 187 | J30: =SUM(J28:J29) -> 129 | K30: =SUM(K28:K29) -> 157 | L30: =SUM(L28:L29) -> 139 | ... BA30: =SUM(BA28:BA29) -> 177 | BB30: =SUM(E30:BA30) -> 8163
A32: II | B32: DATA PENGGUNAAN SURAT SUARA
A33: 1 | B33: Jumlah surat suara yang diterima, termasuk surat suara cadangan 2,5% dari DPT | E33: 221 | F33: 221 | G33: 208 | H33: 260 | I33: 253 | J33: 218 | K33: 228 | L33: 195 | M33: 240 | N33: 221 | O33: 220 | P33: 225 | Q33: 246 | R33: 171 | S33: 225 | T33: 233 | U33: 212 | V33: 245 | W33: 247 | X33: 201 | Y33: 240 | Z33: 181 | AA33: 178 | AB33: 242 | AC33: 228 | AD33: 232 | AE33: 243 | AF33: 246 | AG33: 209 | AH33: 209 | AI33: 207 | AJ33: 211 | AK33: 236 | AL33: 244 | AM33: 211 | AN33: 237 | AO33: 215 | AP33: 240 | AQ33: 207 | AR33: 201 | AS33: 217 | AT33: 257 | AU33: 218 | AV33: 250 | AW33: 270 | AX33: 242 | AY33: 277 | AZ33: 274 | BA33: 250 | BB33: =SUM(E33:BA33) -> 11162
A34: 2 | B34: Jumlah surat suara yang digunakan | E34: 160 | F34: 144 | G34: 137 | H34: 196 | I34: 187 | J34: 129 | K34: 157 | L34: 139 | M34: 178 | N34: 162 | O34: 149 | P34: 163 | Q34: 185 | R34: 126 | S34: 182 | T34: 183 | U34: 149 | V34: 171 | W34: 175 | X34: 147 | Y34: 183 | Z34: 141 | AA34: 121 | AB34: 191 | AC34: 175 | AD34: 173 | AE34: 198 | AF34: 179 | AG34: 158 | AH34: 156 | AI34: 161 | AJ34: 172 | AK34: 160 | AL34: 133 | AM34: 147 | AN34: 185 | AO34: 140 | AP34: 184 | AQ34: 158 | AR34: 153 | AS34: 166 | AT34: 189 | AU34: 164 | AV34: 196 | AW34: 193 | AX34: 178 | AY34: 211 | AZ34: 202 | BA34: 177 | BB34: =SUM(E34:BA34) -> 8163
A35: 3 | B35: Jumlah surat suara dikembalikan oleh pemilih (karena rusak atau keliru coblos) | F35: 1 | L35: 1 | M35: 1 | S35: 1 | V35: 1 | W35: 1 | AB35: 2 | AM35: 7 | AU35: 1 | AV35: 2 | AX35: 1 | BB35: =SUM(E35:BA35) -> 19
A36: 4 | B36: Jumlah surat suara yang tidak digunakan/tidak terpakai, termasuk sisa surat suara cadangan | E36: =E33-(E34+E35) -> 61 | F36: =F33-(F34+F35) -> 76 | G36: =G33-(G34+G35) -> 71 | H36: =H33-(H34+H35) -> 64 | I36: =I33-(I34+I35) -> 66 | J36: =J33-(J34+J35) -> 89 | K36: =K33-(K34+K35) -> 71 | L36: =L33-(L34+L35) -> 55 | ... BA36: =BA33-(BA34+BA35) -> 73 | BB36: =SUM(E36:BA36) -> 2980
A38: III | B38: DATA PEMILIH DISABILITAS
B39: Jumlah seluruh Pemilih disabilitas yang menggunakan hak pilih | D39: LK | AM39: 1 | BB39: =SUM(E39:BA39) -> 1
D40: PR | L40: 1 | P40: 1 | BB40: =SUM(E40:BA40) -> 2
D41: JML | E41: =SUM(E39:E40) -> 0 | F41: =SUM(F39:F40) -> 0 | G41: =SUM(G39:G40) -> 0 | H41: =SUM(H39:H40) -> 0 | I41: =SUM(I39:I40) -> 0 | J41: =SUM(J39:J40) -> 0 | K41: =SUM(K39:K40) -> 0 | L41: =SUM(L39:L40) -> 1 | ... BA41: =SUM(BA39:BA40) -> 0 | BB41: =SUM(E41:BA41) -> 3
A43: IV | B43: DATA RINCIAN PEROLEHAN SUARA PASANGAN CALON BUPATI DAN WAKIL BUPATI
A44: NOMOR DAN NAMA CALON
A45: A.1 | B45: 1. | C45: Partai Kebangkitan Bangsa | E45: 6 | F45: 4 | G45: 2 | H45: 2 | I45: 2 | J45: 8 | K45: 6 | L45: 3 | M45: 1 | N45: 7 | O45: 4 | P45: 2 | Q45: 3 | R45: 6 | S45: 2 | T45: 4 | U45: 1 | V45: 3 | W45: 7 | X45: 2 | Y45: 6 | AA45: 3 | AB45: 5 | AC45: 10 | AD45: 4 | AE45: 4 | AF45: 3 | AH45: 1 | AI45: 4 | AJ45: 2 | AM45: 4 | AN45: 3 | AP45: 2 | AQ45: 1 | AR45: 3 | AS45: 4 | AT45: 3 | AU45: 4 | AW45: 1 | AX45: 5 | AY45: 6 | AZ45: 4 | BA45: 1 | BB45: =SUM(E45:BA45) -> 158
A46: A.2 | C46: 1. H. KHUSNAN, S.Ag., M.Pd.I. | E46: 1 | F46: 2 | H46: 1 | I46: 2 | K46: 4 | L46: 4 | M46: 3 | N46: 3 | O46: 1 | P46: 1 | Q46: 3 | R46: 6 | S46: 6 | U46: 1 | V46: 3 | W46: 2 | X46: 7 | Y46: 10 | AB46: 3 | AC46: 9 | AD46: 9 | AE46: 2 | AF46: 2 | AH46: 5 | AI46: 4 | AK46: 3 | AM46: 1 | AN46: 1 | AO46: 1 | AP46: 2 | AR46: 1 | AS46: 4 | AT46: 1 | AU46: 1 | AY46: 3 | AZ46: 4 | BA46: 1 | BB46: =SUM(E46:BA46) -> 117
C47: 2. MARA QONITHA LAYLIA | E47: 2 | F47: 3 | G47: 4 | H47: 1 | I47: 1 | J47: 3 | K47: 7 | L47: 3 | M47: 3 | N47: 15 | Q47: 2 | R47: 1 | S47: 5 | T47: 7 | U47: 2 | V47: 1 | W47: 2 | X47: 1 | Y47: 1 | AB47: 2 | AC47: 2 | AD47: 4 | AG47: 2 | AH47: 2 | AI47: 1 | AJ47: 2 | AK47: 1 | AM47: 3 | AN47: 6 | AO47: 8 | AP47: 8 | AQ47: 3 | AR47: 2 | AT47: 3 | AV47: 1 | AX47: 1 | AY47: 14 | AZ47: 12 | BA47: 3 | BB47: =SUM(E47:BA47) -> 144
C48: 3. ZAKI AL MUBAROK, M.Si. | E48: 2 | F48: 8 | G48: 6 | H48: 7 | I48: 1 | J48: 19 | K48: 5 | L48: 1 | M48: 12 | N48: 13 | O48: 16 | P48: 8 | Q48: 18 | S48: 2 | T48: 1 | U48: 2 | V48: 3 | W48: 6 | X48: 4 | Y48: 5 | AA48: 3 | AB48: 11 | AC48: 11 | AD48: 10 | AE48: 9 | AF48: 1 | AG48: 7 | AH48: 15 | AI48: 11 | AJ48: 2 | AK48: 1 | AL48: 2 | AM48: 3 | AN48: 1 | AO48: 1 | AP48: 9 | AR48: 3 | AS48: 7 | AT48: 5 | AU48: 12 | AV48: 6 | AW48: 2 | AX48: 3 | AY48: 8 | AZ48: 2 | BA48: 1 | BB48: =SUM(E48:BA48) -> 285
C49: 4. INAYATUL MAHMUDAH, S.Pd. | E49: 1 | F49: 1 | I49: 1 | L49: 1 | U49: 1 | V49: 1 | Y49: 2 | AC49: 1 | AE49: 1 | AI49: 2 | AM49: 1 | AN49: 1 | AP49: 1 | AQ49: 1 | AR49: 1 | AS49: 1 | AU49: 1 | AW49: 1 | BB49: =SUM(E49:BA49) -> 20
C50: 5. HABIBURRAHMAN AL KHOLILI | M50: 1 | AP50: 1 | AU50: 1 | BB50: =SUM(E50:BA50) -> 3
C51: 6. INDIARTI NOVIDA, A.Md. | AI51: 1 | AP51: 1 | BB51: =SUM(E51:BA51) -> 2
C52: 7. RUDI DARMAWAN, S.Pd.I. | Y52: 1 | AS52: 1 | AT52: 1 | BB52: =SUM(E52:BA52) -> 3
A53: B | B53: JUMLAH SUARA SAH PARTAI POLITIK DAN CALON (A1 + A2) | E53: =SUM(E45:E52) -> 12 | F53: =SUM(F45:F52) -> 18 | G53: =SUM(G45:G52) -> 12 | H53: =SUM(H45:H52) -> 11 | I53: =SUM(I45:I52) -> 7 | J53: =SUM(J45:J52) -> 30 | K53: =SUM(K45:K52) -> 22 | L53: =SUM(L45:L52) -> 12 | ... BA53: =SUM(BA45:BA52) -> 6 | BB53: =SUM(E53:BA53) -> 732
BB54: =SUM(E54:BA54) -> 0
A55: A.1 | B55: 2. | C55: Partai Gerakan Indonesia Raya | E55: 8 | F55: 5 | G55: 1 | H55: 10 | I55: 7 | J55: 1 | K55: 3 | L55: 5 | M55: 1 | N55: 9 | O55: 7 | P55: 4 | Q55: 3 | R55: 5 | S55: 3 | T55: 1 | U55: 5 | V55: 2 | W55: 9 | X55: 1 | Y55: 1 | Z55: 1 | AA55: 4 | AB55: 8 | AC55: 12 | AD55: 12 | AE55: 6 | AF55: 7 | AG55: 6 | AH55: 3 | AI55: 4 | AJ55: 7 | AK55: 7 | AL55: 3 | AM55: 10 | AN55: 3 | AO55: 4 | AP55: 9 | AQ55: 3 | AR55: 6 | AS55: 2 | AT55: 1 | AU55: 1 | AW55: 9 | AX55: 5 | AY55: 1 | AZ55: 4 | BA55: 3 | BB55: =SUM(E55:BA55) -> 232
A56: A.2 | C56: 1. ABDUL GHOFUR | H56: 5 | I56: 3 | J56: 1 | K56: 7 | M56: 2 | N56: 5 | O56: 5 | P56: 5 | Q56: 4 | R56: 1 | S56: 2 | T56: 2 | U56: 1 | V56: 3 | W56: 6 | X56: 3 | Y56: 2 | Z56: 1 | AA56: 1 | AB56: 1 | AC56: 6 | AD56: 1 | AE56: 1 | AF56: 4 | AG56: 2 | AH56: 1 | AJ56: 4 | AK56: 4 | AL56: 4 | AM56: 1 | AN56: 1 | AP56: 2 | AQ56: 1 | AR56: 1 | AS56: 2 | AT56: 3 | AU56: 2 | AV56: 2 | AX56: 3 | AY56: 1 | AZ56: 2 | BA56: 1 | BB56: =SUM(E56:BA56) -> 109
C57: 2. Drs. MOCHAMMAD RIFA'I, M.Pd. | E57: 2 | F57: 1 | G57: 1 | H57: 5 | J57: 8 | K57: 2 | L57: 1 | M57: 1 | N57: 9 | O57: 2 | P57: 2 | Q57: 3 | S57: 4 | T57: 1 | U57: 3 | V57: 2 | W57: 2 | X57: 2 | Z57: 3 | AA57: 3 | AB57: 3 | AC57: 1 | AD57: 2 | AE57: 6 | AG57: 8 | AH57: 4 | AI57: 3 | AJ57: 5 | AK57: 4 | AL57: 4 | AM57: 8 | AN57: 1 | AO57: 1 | AP57: 6 | AQ57: 6 | AR57: 6 | AS57: 3 | AT57: 5 | AU57: 6 | AX57: 2 | AZ57: 3 | BA57: 2 | BB57: =SUM(E57:BA57) -> 146
C58: 3. SITI BADRIYAH | H58: 2 | J58: 2 | M58: 1 | N58: 1 | P58: 1 | Q58: 1 | V58: 1 | W58: 2 | Y58: 1 | Z58: 1 | AA58: 2 | AB58: 1 | AC58: 2 | AD58: 1 | AE58: 2 | AG58: 1 | AK58: 1 | AL58: 1 | AM58: 2 | AN58: 2 | AO58: 1 | AQ58: 2 | AR58: 1 | AT58: 1 | AX58: 1 | BB58: =SUM(E58:BA58) -> 34
C59: 4. FARUQ | H59: 3 | J59: 3 | K59: 1 | O59: 1 | R59: 1 | S59: 1 | W59: 3 | Y59: 2 | Z59: 1 | AA59: 1 | AB59: 2 | AC59: 3 | AG59: 1 | AK59: 1 | AP59: 1 | AR59: 1 | AX59: 1 | BA59: 1 | BB59: =SUM(E59:BA59) -> 28
C60: 5. H. HARIYANTO HARI WIJAYA, S.T. | E60: 1 | G60: 1 | H60: 6 | I60: 1 | J60: 2 | K60: 2 | M60: 7 | N60: 14 | O60: 2 | P60: 3 | Q60: 3 | R60: 1 | S60: 3 | T60: 3 | U60: 1 | W60: 1 | X60: 1 | Y60: 1 | Z60: 2 | AB60: 7 | AC60: 11 | AD60: 3 | AE60: 9 | AF60: 3 | AG60: 2 | AH60: 4 | AI60: 5 | AJ60: 9 | AN60: 1 | AP60: 2 | AQ60: 4 | AT60: 1 | AU60: 2 | AW60: 1 | AX60: 3 | BA60: 2 | BB60: =SUM(E60:BA60) -> 124
C61: 6. SRI ASTUTIK | K61: 1 | L61: 1 | P61: 1 | W61: 1 | AI61: 2 | AJ61: 1 | AL61: 1 | AZ61: 1 | BB61: =SUM(E61:BA61) -> 9
C62: 7. MUSTOLIH | H62: 6 | O62: 1 | AF62: 1 | AH62: 1 | AI62: 1 | AN62: 1 | AQ62: 5 | BB62: =SUM(E62:BA62) -> 16
A63: B | B63: JUMLAH SUARA SAH PARTAI POLITIK DAN CALON (A1 + A2) | E63: =SUM(E55:E62) -> 11 | F63: =SUM(F55:F62) -> 6 | G63: =SUM(G55:G62) -> 3 | H63: =SUM(H55:H62) -> 37 | I63: =SUM(I55:I62) -> 11 | J63: =SUM(J55:J62) -> 17 | K63: =SUM(K55:K62) -> 16 | L63: =SUM(L55:L62) -> 7 | ... BA63: =SUM(BA55:BA62) -> 9 | BB63: =SUM(E63:BA63) -> 698
BB64: =SUM(E64:BA64) -> 0
A65: A.1 | B65: 3. | C65: Partai Demokrasi Indonesia Perjuangan | E65: 2 | F65: 1 | G65: 2 | H65: 9 | I65: 3 | J65: 6 | K65: 7 | L65: 1 | M65: 6 | N65: 6 | O65: 13 | P65: 6 | Q65: 17 | R65: 3 | S65: 4 | T65: 1 | U65: 4 | V65: 5 | W65: 14 | X65: 4 | Y65: 2 | Z65: 5 | AA65: 6 | AB65: 9 | AC65: 7 | AD65: 9 | AE65: 3 | AF65: 2 | AG65: 7 | AH65: 5 | AI65: 6 | AJ65: 7 | AK65: 8 | AL65: 2 | AM65: 10 | AO65: 12 | AP65: 6 | AQ65: 6 | AR65: 4 | AS65: 1 | AT65: 6 | AU65: 17 | AV65: 1 | AW65: 11 | AX65: 7 | AY65: 14 | AZ65: 4 | BA65: 4 | BB65: =SUM(E65:BA65) -> 295
A66: A.2 | C66: 1. FICKY SEPTALINDA, S.E. | F66: 1 | G66: 1 | H66: 6 | I66: 16 | J66: 10 | L66: 1 | M66: 2 | N66: 14 | O66: 20 | P66: 32 | Q66: 10 | R66: 2 | S66: 3 | T66: 6 | U66: 25 | V66: 5 | W66: 13 | X66: 2 | Z66: 9 | AA66: 4 | AB66: 18 | AC66: 8 | AD66: 14 | AE66: 12 | AF66: 1 | AG66: 1 | AH66: 7 | AI66: 15 | AJ66: 8 | AK66: 8 | AL66: 3 | AM66: 9 | AN66: 3 | AO66: 39 | AP66: 13 | AQ66: 13 | AR66: 18 | AS66: 2 | AT66: 10 | AU66: 35 | AV66: 7 | AW66: 15 | AX66: 15 | AY66: 38 | AZ66: 33 | BA66: 33 | BB66: =SUM(E66:BA66) -> 560
C67: 2. TATANG SUROYO | E67: 1 | G67: 2 | J67: 3 | Q67: 1 | S67: 1 | V67: 1 | AC67: 1 | AH67: 1 | AK67: 1 | AL67: 1 | AM67: 1 | AP67: 1 | AQ67: 1 | AT67: 1 | AU67: 1 | BB67: =SUM(E67:BA67) -> 18
C68: 3. SITI JAMI`AH | F68: 1 | G68: 1 | J68: 1 | K68: 1 | L68: 2 | M68: 1 | Q68: 1 | W68: 1 | Y68: 1 | Z68: 1 | AC68: 2 | AD68: 1 | AE68: 1 | AG68: 1 | AH68: 1 | AL68: 1 | AM68: 3 | AN68: 1 | AO68: 2 | AQ68: 1 | AT68: 1 | AU68: 1 | AW68: 1 | AY68: 1 | AZ68: 1 | BB68: =SUM(E68:BA68) -> 30
C69: 4. ADNAN | F69: 2 | G69: 2 | K69: 1 | N69: 2 | P69: 1 | Q69: 3 | R69: 1 | S69: 2 | U69: 3 | V69: 2 | W69: 1 | X69: 1 | Y69: 1 | Z69: 2 | AA69: 2 | AC69: 2 | AD69: 3 | AE69: 7 | AH69: 3 | AJ69: 1 | AK69: 1 | AM69: 4 | AN69: 2 | AO69: 1 | AQ69: 1 | AR69: 3 | AT69: 1 | AU69: 1 | AW69: 1 | AX69: 1 | AY69: 2 | BA69: 1 | BB69: =SUM(E69:BA69) -> 61
C70: 5. RINA WIJAYANTI | H70: 2 | L70: 1 | U70: 1 | W70: 2 | X70: 1 | Z70: 1 | AF70: 1 | AJ70: 1 | AW70: 35 | AX70: 4 | AY70: 1 | BB70: =SUM(E70:BA70) -> 50
C71: 6. RIAS DEMILYA | K71: 1 | P71: 1 | AB71: 1 | AD71: 1 | AM71: 1 | AW71: 1 | BB71: =SUM(E71:BA71) -> 6
C72: 7. EKO PRIYONO, S.E. | N72: 2 | O72: 1 | P72: 2 | Q72: 1 | R72: 1 | U72: 1 | V72: 1 | AA72: 1 | AC72: 1 | AH72: 1 | AI72: 1 | AK72: 1 | AM72: 1 | AU72: 1 | AW72: 1 | AX72: 2 | AY72: 1 | BB72: =SUM(E72:BA72) -> 20
A73: B | B73: JUMLAH SUARA SAH PARTAI POLITIK DAN CALON (A1 + A2) | E73: =SUM(E65:E72) -> 3 | F73: =SUM(F65:F72) -> 5 | G73: =SUM(G65:G72) -> 8 | H73: =SUM(H65:H72) -> 17 | I73: =SUM(I65:I72) -> 19 | J73: =SUM(J65:J72) -> 20 | K73: =SUM(K65:K72) -> 10 | L73: =SUM(L65:L72) -> 5 | ... BA73: =SUM(BA65:BA72) -> 38 | BB73: =SUM(E73:BA73) -> 1040
BB74: =SUM(E74:BA74) -> 0
A75: A.1 | B75: 4. | C75: Partai Golongan Karya | E75: 16 | F75: 18 | G75: 11 | H75: 18 | I75: 22 | J75: 4 | K75: 13 | L75: 11 | M75: 13 | N75: 1 | O75: 9 | P75: 9 | Q75: 11 | R75: 14 | S75: 5 | T75: 17 | U75: 11 | V75: 10 | W75: 12 | X75: 6 | Y75: 15 | Z75: 14 | AA75: 9 | AB75: 9 | AC75: 3 | AD75: 5 | AE75: 5 | AF75: 4 | AG75: 5 | AH75: 5 | AI75: 5 | AJ75: 1 | AK75: 3 | AL75: 12 | AM75: 4 | AO75: 5 | AP75: 13 | AQ75: 7 | AR75: 9 | AS75: 17 | AT75: 10 | AU75: 7 | AV75: 2 | AW75: 5 | AX75: 7 | AY75: 10 | AZ75: 13 | BA75: 12 | BB75: =SUM(E75:BA75) -> 447
A76: A.2 | C76: 1. RULIYONO, S.H. | E76: 87 | F76: 52 | G76: 74 | H76: 78 | I76: 79 | J76: 16 | K76: 64 | L76: 64 | M76: 98 | N76: 28 | O76: 47 | P76: 67 | Q76: 72 | R76: 65 | S76: 105 | T76: 117 | U76: 60 | V76: 81 | W76: 58 | X76: 92 | Y76: 110 | Z76: 73 | AA76: 53 | AB76: 39 | AC76: 21 | AD76: 29 | AE76: 23 | AF76: 15 | AG76: 6 | AH76: 13 | AI76: 30 | AJ76: 12 | AK76: 16 | AL76: 16 | AM76: 11 | AN76: 13 | AO76: 21 | AP76: 59 | AQ76: 20 | AR76: 44 | AS76: 94 | AT76: 87 | AU76: 37 | AV76: 148 | AW76: 14 | AX76: 27 | AY76: 68 | AZ76: 77 | BA76: 66 | BB76: =SUM(E76:BA76) -> 2646
C77: 2. FAHIRA HUMAIROH | E77: 1 | H77: 1 | I77: 1 | K77: 1 | M77: 1 | Q77: 1 | R77: 1 | S77: 1 | X77: 1 | Z77: 1 | AL77: 3 | AM77: 2 | AP77: 1 | AQ77: 1 | AR77: 1 | AZ77: 1 | BB77: =SUM(E77:BA77) -> 19
C78: 3. T. AFNANY AKBAR, S.E. | F78: 1 | K78: 1 | S78: 1 | U78: 1 | X78: 1 | AA78: 1 | AC78: 1 | AK78: 1 | AL78: 1 | AN78: 1 | AR78: 1 | AT78: 1 | BA78: 1 | BB78: =SUM(E78:BA78) -> 13
C79: 4. MUHAMAD SUBUR | F79: 1 | J79: 5 | K79: 1 | O79: 1 | P79: 1 | S79: 1 | U79: 2 | V79: 2 | Y79: 5 | AB79: 1 | AE79: 1 | AL79: 1 | AO79: 1 | AP79: 8 | AU79: 5 | AW79: 4 | AX79: 3 | AZ79: 1 | BB79: =SUM(E79:BA79) -> 44
C80: 5. NYOTO PRAYITNO, S.E. | N80: 1 | X80: 2 | AA80: 1 | AB80: 2 | AC80: 1 | AH80: 2 | AI80: 1 | AJ80: 3 | AK80: 1 | BB80: =SUM(E80:BA80) -> 14
C81: 6. UMI LIANA EKAYANTI | J81: 1 | AQ81: 1 | AR81: 1 | BB81: =SUM(E81:BA81) -> 3
C82: 7. TARMUJI | AT82: 1 | BB82: =SUM(E82:BA82) -> 1
A83: B | B83: JUMLAH SUARA SAH PARTAI POLITIK DAN CALON (A1 + A2) | E83: =SUM(E75:E82) -> 104 | F83: =SUM(F75:F82) -> 72 | G83: =SUM(G75:G82) -> 85 | H83: =SUM(H75:H82) -> 97 | I83: =SUM(I75:I82) -> 102 | J83: =SUM(J75:J82) -> 26 | K83: =SUM(K75:K82) -> 80 | L83: =SUM(L75:L82) -> 75 | ... BA83: =SUM(BA75:BA82) -> 79 | BB83: =SUM(E83:BA83) -> 3187
BB84: =SUM(E84:BA84) -> 0
A85: A.1 | B85: 5. | C85: Partai NasDem | F85: 1 | H85: 1 | I85: 1 | J85: 1 | L85: 2 | M85: 1 | N85: 2 | O85: 2 | R85: 1 | U85: 1 | V85: 1 | W85: 2 | Y85: 1 | AB85: 2 | AC85: 2 | AD85: 2 | AE85: 2 | AG85: 5 | AH85: 3 | AJ85: 3 | AK85: 2 | AL85: 1 | AM85: 5 | AP85: 1 | AT85: 1 | AU85: 2 | AV85: 1 | AW85: 4 | AX85: 2 | AZ85: 2 | BB85: =SUM(E85:BA85) -> 57
A86: A.2 | C86: 1. SUNGKOWO SARWO EDY, S.H. | I86: 1 | K86: 1 | U86: 2 | AC86: 2 | AG86: 3 | AJ86: 1 | AM86: 1 | AP86: 1 | AR86: 1 | AT86: 2 | AW86: 2 | AX86: 2 | AY86: 1 | BB86: =SUM(E86:BA86) -> 20
C87: 2. GUNAWAN SATRIA PRATAMA | I87: 2 | K87: 3 | L87: 10 | S87: 6 | V87: 3 | W87: 1 | Z87: 1 | AA87: 7 | AB87: 31 | AC87: 6 | AD87: 12 | AE87: 6 | AF87: 2 | AG87: 48 | AH87: 30 | AI87: 7 | AJ87: 15 | AK87: 18 | AL87: 14 | AM87: 8 | AP87: 6 | AQ87: 1 | AR87: 2 | AT87: 15 | AU87: 4 | AV87: 4 | AW87: 45 | AX87: 39 | AZ87: 1 | BA87: 12 | BB87: =SUM(E87:BA87) -> 359
C88: 3. Hj. ULFA LAILA, S.E. | E88: 1 | V88: 1 | Z88: 1 | AG88: 1 | AU88: 1 | AW88: 2 | AX88: 1 | BB88: =SUM(E88:BA88) -> 8
C89: 4. H. KURDI ISMAIL, S.H. | O89: 1 | AM89: 1 | AQ89: 4 | BB89: =SUM(E89:BA89) -> 6
C90: 5. FEBRY PRIMA SANJAYA | K90: 1 | N90: 3 | S90: 1 | AB90: 2 | AD90: 4 | AV90: 2 | BB90: =SUM(E90:BA90) -> 13
C91: 6. TRI SETYANINGSIH | AH91: 1 | BB91: =SUM(E91:BA91) -> 1
C92: 7. ABDUL MUKSIN, S.Sos | AF92: 1 | AH92: 2 | AL92: 1 | AN92: 1 | AP92: 1 | AR92: 1 | BB92: =SUM(E92:BA92) -> 7
A93: B | B93: JUMLAH SUARA SAH PARTAI POLITIK DAN CALON (A1 + A2) | E93: =SUM(E85:E92) -> 1 | F93: =SUM(F85:F92) -> 1 | G93: =SUM(G85:G92) -> 0 | H93: =SUM(H85:H92) -> 1 | I93: =SUM(I85:I92) -> 4 | J93: =SUM(J85:J92) -> 1 | K93: =SUM(K85:K92) -> 5 | L93: =SUM(L85:L92) -> 12 | ... BA93: =SUM(BA85:BA92) -> 12 | BB93: =SUM(E93:BA93) -> 471
BB94: =SUM(E94:BA94) -> 0
A95: A.1 | B95: 6. | C95: Partai Buruh | N95: 1 | W95: 1 | AG95: 1 | BB95: =SUM(E95:BA95) -> 3
A96: A.2 | C96: 1. KHOIRUL ANWARI ARIF | AE96: 1 | AM96: 1 | AQ96: 2 | AW96: 2 | AX96: 1 | BB96: =SUM(E96:BA96) -> 7
A97: B | B97: JUMLAH SUARA SAH PARTAI POLITIK DAN CALON (A1 + A2) | E97: =SUM(E95:E96) -> 0 | F97: =SUM(F95:F96) -> 0 | G97: =SUM(G95:G96) -> 0 | H97: =SUM(H95:H96) -> 0 | I97: =SUM(I95:I96) -> 0 | J97: =SUM(J95:J96) -> 0 | K97: =SUM(K95:K96) -> 0 | L97: =SUM(L95:L96) -> 0 | ... BA97: =SUM(BA95:BA96) -> 0 | BB97: =SUM(E97:BA97) -> 10
BB98: =SUM(E98:BA98) -> 0
A99: A.1 | B99: 7. | C99: Partai Gelombang Rakyat Indonesia | H99: 1 | P99: 1 | V99: 1 | AB99: 4 | AE99: 5 | AG99: 2 | AH99: 2 | AI99: 3 | AJ99: 6 | AK99: 2 | AN99: 5 | AP99: 2 | AQ99: 1 | AT99: 1 | AX99: 2 | AZ99: 2 | BB99: =SUM(E99:BA99) -> 40
A100: A.2 | C100: 1. WASIS | W100: 1 | AC100: 1 | AF100: 1 | AI100: 1 | AJ100: 1 | AL100: 1 | AR100: 1 | AW100: 1 | BB100: =SUM(E100:BA100) -> 8
A101: B | B101: JUMLAH SUARA SAH PARTAI POLITIK DAN CALON (A1 + A2) | E101: =SUM(E99:E100) -> 0 | F101: =SUM(F99:F100) -> 0 | G101: =SUM(G99:G100) -> 0 | H101: =SUM(H99:H100) -> 1 | I101: =SUM(I99:I100) -> 0 | J101: =SUM(J99:J100) -> 0 | K101: =SUM(K99:K100) -> 0 | L101: =SUM(L99:L100) -> 0 | ... BA101: =SUM(BA99:BA100) -> 0 | BB101: =SUM(E101:BA101) -> 48
BB102: =SUM(E102:BA102) -> 0
A103: A.1 | B103: 8. | C103: Partai Keadilan Sejahtera | F103: 2 | H103: 3 | K103: 3 | L103: 1 | M103: 2 | O103: 1 | U103: 1 | V103: 1 | Y103: 1 | AA103: 2 | AC103: 3 | AE103: 1 | AH103: 1 | AI103: 2 | AL103: 3 | AM103: 1 | AQ103: 1 | BB103: =SUM(E103:BA103) -> 29
A104: A.2 | C104: 1. SRI WAHYUNI, S.Si. | E104: 1 | F104: 6 | G104: 5 | H104: 5 | I104: 5 | J104: 12 | K104: 5 | L104: 4 | N104: 2 | O104: 3 | P104: 2 | Q104: 1 | R104: 1 | S104: 2 | T104: 2 | U104: 4 | V104: 1 | W104: 5 | Z104: 3 | AC104: 3 | AE104: 1 | AG104: 6 | AH104: 2 | AI104: 1 | AK104: 1 | AL104: 1 | AM104: 1 | AO104: 1 | AP104: 2 | AQ104: 24 | AR104: 2 | AX104: 1 | AZ104: 1 | BB104: =SUM(E104:BA104) -> 116
C105: 2. AHMAD FAISAL RIZAL | I105: 1 | M105: 1 | N105: 1 | S105: 1 | V105: 1 | AB105: 1 | AF105: 2 | AI105: 1 | AL105: 0 | AP105: 1 | AS105: 1 | BB105: =SUM(E105:BA105) -> 11
C106: 3. SYAIFUL LATIF, S.P. | BB106: =SUM(E106:BA106) -> 0
C107: 4. WAWAN PRISTIAWAN, S.Pd. | Q107: 1 | AO107: 1 | AP107: 1 | BB107: =SUM(E107:BA107) -> 3
C108: 5. FONI AGUSTIN, S.E. | AF108: 1 | AX108: 1 | BB108: =SUM(E108:BA108) -> 2
C109: 6. ST. ROFIAH | Q109: 1 | V109: 1 | AE109: 2 | AH109: 3 | AI109: 3 | AJ109: 4 | AO109: 1 | AQ109: 1 | BB109: =SUM(E109:BA109) -> 16
C110: 7. SAPTO LASONGKO, S.S. | BB110: =SUM(E110:BA110) -> 0
A111: B | B111: JUMLAH SUARA SAH PARTAI POLITIK DAN CALON (A1 + A2) | E111: =SUM(E103:E110) -> 1 | F111: =SUM(F103:F110) -> 8 | G111: =SUM(G103:G110) -> 5 | H111: =SUM(H103:H110) -> 8 | I111: =SUM(I103:I110) -> 6 | J111: =SUM(J103:J110) -> 12 | K111: =SUM(K103:K110) -> 8 | L111: =SUM(L103:L110) -> 5 | ... BA111: =SUM(BA103:BA110) -> 0 | BB111: =SUM(E111:BA111) -> 177
...

Sheet KEMBIRITAN
C2: Kecamatan | D2: GENTENG
C3: Kabupaten | D3: BANYUWANGI
C4: Provinsi | D4: JAWA TIMUR
C9: Kelurahan | D9: KEMBIRITAN
A12: I | B12: DATA PEMILIH DAN PENGGUNAAN HAK PILIH | BQ12: JUMLAH AKHIR
A13: A | B13: DATA PEMILIH | E13: TPS 001 | F13: TPS 002 | G13: TPS 003 | H13: TPS 004 | I13: TPS 005 | J13: TPS 006 | K13: TPS 007 | L13: TPS 008 | M13: TPS 009 | N13: TPS 010 | O13: TPS 011 | P13: TPS 012 | Q13: TPS 013 | R13: TPS 014 | S13: TPS 015 | T13: TPS 016 | U13: TPS 017 | V13: TPS 018 | W13: TPS 019 | X13: TPS 020 | Y13: TPS 021 | Z13: TPS 022 | AA13: TPS 023 | AB13: TPS 024 | AC13: TPS 025 | AD13: TPS 026 | AE13: TPS 027 | AF13: TPS 028 | AG13: TPS 029 | AH13: TPS 030 | AI13: TPS 031 | AJ13: TPS 032 | AK13: TPS 033 | AL13: TPS 034 | AM13: TPS 035 | AN13: TPS 036 | AO13: TPS 037 | AP13: TPS 038 | AQ13: TPS 039 | AR13: TPS 040 | AS13: TPS 041 | AT13: TPS 042 | AU13: TPS 043 | AV13: TPS 044 | AW13: TPS 045 | AX13: TPS 046 | AY13: TPS 047 | AZ13: TPS 048 | BA13: TPS 049 | BB13: TPS 050 | BC13: TPS 051 | BD13: TPS 052 | BE13: TPS 053 | BF13: TPS 054 | BG13: TPS 055 | BH13: TPS 056 | BI13: TPS 057 | BJ13: TPS 058 | BK13: TPS 059 | BL13: TPS 060 | BM13: TPS 061 | BN13: TPS 062 | BO13: TPS 063 | BP13: TPS 064
B14: Jumlah Pemilih dalam Daftar Pemilih Tetap (DPT) | D14: LK | E14: 129 | F14: 130 | G14: 147 | H14: 138 | I14: 120 | J14: 116 | K14: 110 | L14: 116 | M14: 115 | N14: 118 | O14: 135 | P14: 139 | Q14: 147 | R14: 119 | S14: 151 | T14: 127 | U14: 128 | V14: 135 | W14: 132 | X14: 126 | Y14: 137 | Z14: 123 | AA14: 137 | AB14: 115 | AC14: 125 | AD14: 116 | AE14: 130 | AF14: 135 | AG14: 141 | AH14: 141 | AI14: 141 | AJ14: 143 | AK14: 136 | AL14: 132 | AM14: 139 | AN14: 135 | AO14: 141 | AP14: 131 | AQ14: 136 | AR14: 138 | AS14: 154 | AT14: 138 | AU14: 114 | AV14: 148 | AW14: 147 | AX14: 151 | AY14: 147 | AZ14: 134 | BA14: 146 | BB14: 139 | BC14: 141 | BD14: 133 | BE14: 129 | BF14: 145 | BG14: 143 | BH14: 157 | BI14: 126 | BJ14: 138 | BK14: 118 | BL14: 139 | BM14: 126 | BN14: 123 | BO14: 122 | BP14: 126 | BQ14: =SUM(E14:BP14) -> 8534
D15: PR | E15: 137 | F15: 134 | G15: 134 | H15: 117 | I15: 115 | J15: 119 | K15: 115 | L15: 117 | M15: 108 | N15: 119 | O15: 125 | P15: 132 | Q15: 124 | R15: 123 | S15: 138 | T15: 136 | U15: 133 | V15: 132 | W15: 138 | X15: 129 | Y15: 118 | Z15: 135 | AA15: 122 | AB15: 113 | AC15: 117 | AD15: 122 | AE15: 131 | AF15: 127 | AG15: 135 | AH15: 133 | AI15: 134 | AJ15: 133 | AK15: 133 | AL15: 137 | AM15: 142 | AN15: 127 | AO15: 128 | AP15: 142 | AQ15: 127 | AR15: 120 | AS15: 124 | AT15: 121 | AU15: 116 | AV15: 149 | AW15: 144 | AX15: 142 | AY15: 144 | AZ15: 147 | BA15: 140 | BB15: 151 | BC15: 146 | BD15: 155 | BE15: 145 | BF15: 151 | BG15: 152 | BH15: 137 | BI15: 129 | BJ15: 126 | BK15: 127 | BL15: 136 | BM15: 137 | BN15: 125 | BO15: 122 | BP15: 119 | BQ15: =SUM(E15:BP15) -> 8386
D16: JML | E16: =SUM(E14:E15) -> 266 | F16: =SUM(F14:F15) -> 264 | G16: =SUM(G14:G15) -> 281 | H16: =SUM(H14:H15) -> 255 | I16: =SUM(I14:I15) -> 235 | J16: =SUM(J14:J15) -> 235 | K16: =SUM(K14:K15) -> 225 | L16: =SUM(L14:L15) -> 233 | ... BP16: =SUM(BP14:BP15) -> 245 | BQ16: =SUM(E16:BP16) -> 16920
A18: B | B18: PENGGUNA HAK PILIH
B19: 1. | C19: Jumlah pengguna hak pilih dalam Daftar Pemilih Tetap (DPT) | D19: LK | E19: 92 | F19: 90 | G19: 93 | H19: 94 | I19: 78 | J19: 91 | K19: 74 | L19: 99 | M19: 98 | N19: 92 | O19: 108 | P19: 105 | Q19: 101 | R19: 88 | S19: 115 | T19: 90 | U19: 83 | V19: 91 | W19: 94 | X19: 80 | Y19: 95 | Z19: 98 | AA19: 99 | AB19: 90 | AC19: 96 | AD19: 90 | AE19: 94 | AF19: 110 | AG19: 104 | AH19: 93 | AI19: 89 | AJ19: 97 | AK19: 91 | AL19: 96 | AM19: 95 | AN19: 89 | AO19: 93 | AP19: 90 | AQ19: 89 | AR19: 95 | AS19: 107 | AT19: 91 | AU19: 73 | AV19: 103 | AW19: 98 | AX19: 114 | AY19: 111 | AZ19: 99 | BA19: 114 | BB19: 106 | BC19: 111 | BD19: 104 | BE19: 98 | BF19: 98 | BG19: 92 | BH19: 108 | BI19: 75 | BJ19: 98 | BK19: 89 | BL19: 108 | BM19: 86 | BN19: 95 | BO19: 103 | BP19: 100 | BQ19: =SUM(E19:BP19) -> 6130
D20: PR | E20: 105 | F20: 99 | G20: 109 | H20: 94 | I20: 82 | J20: 93 | K20: 93 | L20: 92 | M20: 84 | N20: 104 | O20: 97 | P20: 118 | Q20: 95 | R20: 103 | S20: 113 | T20: 109 | U20: 99 | V20: 104 | W20: 109 | X20: 105 | Y20: 88 | Z20: 116 | AA20: 104 | AB20: 96 | AC20: 83 | AD20: 87 | AE20: 99 | AF20: 100 | AG20: 114 | AH20: 108 | AI20: 120 | AJ20: 104 | AK20: 106 | AL20: 99 | AM20: 106 | AN20: 94 | AO20: 104 | AP20: 114 | AQ20: 94 | AR20: 95 | AS20: 99 | AT20: 92 | AU20: 78 | AV20: 110 | AW20: 103 | AX20: 98 | AY20: 117 | AZ20: 102 | BA20: 119 | BB20: 117 | BC20: 122 | BD20: 123 | BE20: 122 | BF20: 110 | BG20: 108 | BH20: 117 | BI20: 102 | BJ20: 99 | BK20: 110 | BL20: 108 | BM20: 109 | BN20: 102 | BO20: 103 | BP20: 102 | BQ20: =SUM(E20:BP20) -> 6610
D21: JML | E21: =SUM(E19:E20) -> 197 | F21: =SUM(F19:F20) -> 189 | G21: =SUM(G19:G20) -> 202 | H21: =SUM(H19:H20) -> 188 | I21: =SUM(I19:I20) -> 160 | J21: =SUM(J19:J20) -> 184 | K21: =SUM(K19:K20) -> 167 | L21: =SUM(L19:L20) -> 191 | ... BP21: =SUM(BP19:BP20) -> 202 | BQ21: =SUM(E21:BP21) -> 12740
B22: 2. | C22: Jumlah pengguna hak pilih dalam Daftar Pemilih Tambahan (DPTb) | D22: LK | E22: 0 | F22: 0 | G22: 0 | H22: 0 | I22: 4 | J22: 0 | K22: 0 | L22: 0 | M22: 0 | N22: 0 | O22: 0 | P22: 0 | Q22: 0 | R22: 0 | S22: 0 | T22: 0 | U22: 0 | V22: 1 | W22: 0 | X22: 0 | Y22: 0 | Z22: 0 | AA22: 0 | AB22: 0 | AC22: 0 | AD22: 0 | AE22: 0 | AF22: 2 | AG22: 0 | AH22: 0 | AI22: 0 | AJ22: 0 | AK22: 1 | AL22: 0 | AM22: 0 | AN22: 0 | AO22: 0 | AP22: 0 | AQ22: 2 | AR22: 0 | AS22: 1 | AT22: 0 | AU22: 0 | AV22: 0 | AW22: 0 | AX22: 0 | AY22: 1 | AZ22: 0 | BA22: 0 | BB22: 0 | BC22: 0 | BD22: 1 | BE22: 2 | BF22: 1 | BG22: 0 | BH22: 0 | BI22: 0 | BJ22: 0 | BK22: 0 | BL22: 6 | BM22: 0 | BN22: 0 | BO22: 0 | BP22: 0 | BQ22: =SUM(E22:BP22) -> 22
D23: PR | E23: 0 | F23: 0 | G23: 0 | H23: 0 | I23: 1 | J23: 0 | K23: 0 | L23: 0 | M23: 0 | N23: 1 | O23: 0 | P23: 0 | Q23: 0 | R23: 0 | S23: 0 | T23: 1 | U23: 0 | V23: 1 | W23: 0 | X23: 0 | Y23: 0 | Z23: 0 | AA23: 0 | AB23: 0 | AC23: 0 | AD23: 0 | AE23: 0 | AF23: 0 | AG23: 0 | AH23: 0 | AI23: 0 | AJ23: 0 | AK23: 1 | AL23: 0 | AM23: 1 | AN23: 0 | AO23: 0 | AP23: 0 | AQ23: 0 | AR23: 1 | AS23: 0 | AT23: 0 | AU23: 0 | AV23: 0 | AW23: 0 | AX23: 0 | AY23: 1 | AZ23: 0 | BA23: 1 | BB23: 0 | BC23: 0 | BD23: 1 | BE23: 1 | BF23: 2 | BG23: 0 | BH23: 1 | BI23: 0 | BJ23: 0 | BK23: 0 | BL23: 0 | BM23: 0 | BN23: 0 | BO23: 0 | BP23: 1 | BQ23: =SUM(E23:BP23) -> 15
D24: JML | E24: =SUM(E22:E23) -> 0 | F24: =SUM(F22:F23) -> 0 | G24: =SUM(G22:G23) -> 0 | H24: =SUM(H22:H23) -> 0 | I24: =SUM(I22:I23) -> 5 | J24: =SUM(J22:J23) -> 0 | K24: =SUM(K22:K23) -> 0 | L24: =SUM(L22:L23) -> 0 | ... BP24: =SUM(BP22:BP23) -> 1 | BQ24: =SUM(E24:BP24) -> 37
B25: 3. | C25: Jumlah pengguna hak pilih dalam Daftar Pemilih Khusus (DPK) | D25: LK | E25: 0 | F25: 0 | G25: 0 | H25: 0 | I25: 0 | J25: 0 | K25: 0 | L25: 0 | M25: 1 | N25: 0 | O25: 0 | P25: 0 | Q25: 0 | R25: 2 | S25: 0 | T25: 0 | U25: 1 | V25: 0 | W25: 2 | X25: 0 | Y25: 0 | Z25: 0 | AA25: 4 | AB25: 0 | AC25: 2 | AD25: 0 | AE25: 1 | AF25: 1 | AG25: 0 | AH25: 1 | AI25: 2 | AJ25: 2 | AK25: 7 | AL25: 1 | AM25: 0 | AN25: 0 | AO25: 2 | AP25: 0 | AQ25: 0 | AR25: 0 | AS25: 0 | AT25: 0 | AU25: 2 | AV25: 0 | AW25: 1 | AX25: 0 | AY25: 1 | AZ25: 2 | BA25: 4 | BB25: 2 | BC25: 0 | BD25: 0 | BE25: 2 | BF25: 1 | BG25: 0 | BH25: 1 | BI25: 0 | BJ25: 3 | BK25: 0 | BL25: 2 | BM25: 0 | BN25: 0 | BO25: 0 | BP25: 0 | BQ25: =SUM(E25:BP25) -> 50
D26: PR | E26: 0 | F26: 0 | G26: 0 | H26: 1 | I26: 2 | J26: 0 | K26: 0 | L26: 1 | M26: 2 | N26: 5 | O26: 1 | P26: 0 | Q26: 0 | R26: 4 | S26: 0 | T26: 0 | U26: 0 | V26: 0 | W26: 2 | X26: 0 | Y26: 0 | Z26: 0 | AA26: 3 | AB26: 0 | AC26: 3 | AD26: 1 | AE26: 3 | AF26: 3 | AG26: 0 | AH26: 2 | AI26: 1 | AJ26: 7 | AK26: 6 | AL26: 6 | AM26: 0 | AN26: 0 | AO26: 3 | AP26: 0 | AQ26: 0 | AR26: 1 | AS26: 2 | AT26: 0 | AU26: 4 | AV26: 2 | AW26: 5 | AX26: 0 | AY26: 1 | AZ26: 1 | BA26: 3 | BB26: 1 | BC26: 0 | BD26: 0 | BE26: 0 | BF26: 0 | BG26: 0 | BH26: 3 | BI26: 0 | BJ26: 3 | BK26: 0 | BL26: 2 | BM26: 1 | BN26: 0 | BO26: 1 | BP26: 0 | BQ26: =SUM(E26:BP26) -> 86
D27: JML | E27: =SUM(E25:E26) -> 0 | F27: =SUM(F25:F26) -> 0 | G27: =SUM(G25:G26) -> 0 | H27: =SUM(H25:H26) -> 1 | I27: =SUM(I25:I26) -> 2 | J27: =SUM(J25:J26) -> 0 | K27: =SUM(K25:K26) -> 0 | L27: =SUM(L25:L26) -> 1 | ... BP27: =SUM(BP25:BP26) -> 0 | BQ27: =SUM(E27:BP27) -> 136
B28: 4. | C28: Jumlah Pengguna Hak Pilih (B.1+B.2+B.3) | D28: LK | E28: =SUM(E19,E22,E25) -> 92 | F28: =SUM(F19,F22,F25) -> 90 | G28: =SUM(G19,G22,G25) -> 93 | H28: 95 | I28: =SUM(I19,I22,I25) -> 82 | J28: =SUM(J19,J22,J25) -> 91 | K28: =SUM(K19,K22,K25) -> 74 | L28: =SUM(L19,L22,L25) -> 99 | M28: =SUM(M19,M22,M25) -> 99 | N28: =SUM(N19,N22,N25) -> 92 | O28: =SUM(O19,O22,O25) -> 108 | P28: =SUM(P19,P22,P25) -> 105 | ... BP28: =SUM(BP19,BP22,BP25) -> 100 | BQ28: =SUM(E28:BP28) -> 6203
D29: PR | E29: =SUM(E20,E23,E26) -> 105 | F29: =SUM(F20,F23,F26) -> 99 | G29: =SUM(G20,G23,G26) -> 109 | H29: 96 | I29: =SUM(I20,I23,I26) -> 85 | J29: =SUM(J20,J23,J26) -> 93 | K29: =SUM(K20,K23,K26) -> 93 | L29: =SUM(L20,L23,L26) -> 93 | M29: =SUM(M20,M23,M26) -> 86 | N29: =SUM(N20,N23,N26) -> 110 | O29: =SUM(O20,O23,O26) -> 98 | P29: =SUM(P20,P23,P26) -> 118 | ... BP29: =SUM(BP20,BP23,BP26) -> 103 | BQ29: =SUM(E29:BP29) -> 6712
D30: JML | E30: =SUM(E28:E29) -> 197 | F30: =SUM(F28:F29) -> 189 | G30: =SUM(G28:G29) -> 202 | H30: =SUM(H28:H29) -> 191 | I30: =SUM(I28:I29) -> 167 | J30: =SUM(J28:J29) -> 184 | K30: =SUM(K28:K29) -> 167 | L30: =SUM(L28:L29) -> 192 | ... BP30: =SUM(BP28:BP29) -> 203 | BQ30: =SUM(E30:BP30) -> 12915
A32: II | B32: DATA PENGGUNAAN SURAT SUARA
A33: 1 | B33: Jumlah surat suara yang diterima, termasuk surat suara cadangan 2,5% dari DPT | E33: 272 | F33: 270 | G33: 289 | H33: 261 | I33: 240 | J33: 240 | K33: 231 | L33: 238 | M33: 229 | N33: 242 | O33: 266 | P33: 277 | Q33: 277 | R33: 247 | S33: 295 | T33: 269 | U33: 267 | V33: 273 | W33: 276 | X33: 261 | Y33: 261 | Z33: 264 | AA33: 265 | AB33: 234 | AC33: 247 | AD33: 253 | AE33: 267 | AF33: 268 | AG33: 282 | AH33: 280 | AI33: 281 | AJ33: 282 | AK33: 275 | AL33: 275 | AM33: 287 | AN33: 268 | AO33: 275 | AP33: 279 | AQ33: 269 | AR33: 263 | AS33: 282 | AT33: 273 | AU33: 235 | AV33: 303 | AW33: 297 | AX33: 299 | AY33: 297 | AZ33: 287 | BA33: 292 | BB33: 296 | BC33: 293 | BD33: 294 | BE33: 280 | BF33: 302 | BG33: 302 | BH33: 300 | BI33: 261 | BJ33: 270 | BK33: 250 | BL33: 281 | BM33: 269 | BN33: 253 | BO33: 249 | BP33: 250 | BQ33: =SUM(E33:BP33) -> 17310
A34: 2 | B34: Jumlah surat suara yang digunakan | E34: 197 | F34: 189 | G34: 202 | H34: 191 | I34: 167 | J34: 184 | K34: 167 | L34: 192 | M34: 185 | N34: 202 | O34: 206 | P34: 223 | Q34: 196 | R34: 197 | S34: 228 | T34: 200 | U34: 183 | V34: 197 | W34: 207 | X34: 185 | Y34: 183 | Z34: 214 | AA34: 210 | AB34: 186 | AC34: 184 | AD34: 178 | AE34: 197 | AF34: 216 | AG34: 218 | AH34: 204 | AI34: 212 | AJ34: 210 | AK34: 212 | AL34: 202 | AM34: 202 | AN34: 183 | AO34: 202 | AP34: 204 | AQ34: 185 | AR34: 192 | AS34: 209 | AT34: 183 | AU34: 157 | AV34: 215 | AW34: 207 | AX34: 212 | AY34: 232 | AZ34: 204 | BA34: 241 | BB34: 226 | BC34: 233 | BD34: 229 | BE34: 225 | BF34: 212 | BG34: 200 | BH34: 230 | BI34: 177 | BJ34: 203 | BK34: 199 | BL34: 226 | BM34: 196 | BN34: 197 | BO34: 207 | BP34: 203 | BQ34: =SUM(E34:BP34) -> 12915
A35: 3 | B35: Jumlah surat suara dikembalikan oleh pemilih (karena rusak atau keliru coblos) | E35: 0 | F35: 0 | G35: 0 | H35: 0 | I35: 0 | J35: 0 | K35: 0 | L35: 0 | M35: 0 | N35: 0 | O35: 0 | P35: 0 | Q35: 0 | R35: 0 | S35: 0 | T35: 0 | U35: 0 | V35: 0 | W35: 0 | X35: 0 | Y35: 0 | Z35: 1 | AA35: 3 | AB35: 2 | AC35: 0 | AD35: 0 | AE35: 2 | AF35: 0 | AG35: 0 | AH35: 0 | AI35: 0 | AJ35: 0 | AK35: 0 | AL35: 0 | AM35: 1 | AN35: 0 | AO35: 0 | AP35: 0 | AQ35: 0 | AR35: 0 | AS35: 0 | AT35: 8 | AU35: 0 | AV35: 0 | AW35: 0 | AX35: 0 | AY35: 1 | AZ35: 0 | BA35: 0 | BB35: 0 | BC35: 1 | BD35: 0 | BE35: 0 | BF35: 0 | BG35: 0 | BH35: 0 | BI35: 0 | BJ35: 0 | BK35: 0 | BL35: 0 | BM35: 0 | BN35: 0 | BO35: 0 | BP35: 0 | BQ35: =SUM(E35:BP35) -> 19
A36: 4 | B36: Jumlah surat suara yang tidak digunakan/tidak terpakai, termasuk sisa surat suara cadangan | E36: =E33-(E34+E35) -> 75 | F36: =F33-(F34+F35) -> 81 | G36: =G33-(G34+G35) -> 87 | H36: =H33-(H34+H35) -> 70 | I36: =I33-(I34+I35) -> 73 | J36: =J33-(J34+J35) -> 56 | K36: =K33-(K34+K35) -> 64 | L36: =L33-(L34+L35) -> 46 | ... BP36: =BP33-(BP34+BP35) -> 47 | BQ36: =SUM(E36:BP36) -> 4376
A38: III | B38: DATA PEMILIH DISABILITAS
B39: Jumlah seluruh Pemilih disabilitas yang menggunakan hak pilih | D39: LK | E39: 0 | F39: 0 | G39: 0 | H39: 0 | I39: 0 | J39: 0 | K39: 0 | L39: 0 | M39: 1 | N39: 0 | O39: 0 | P39: 0 | Q39: 0 | R39: 0 | S39: 0 | T39: 0 | U39: 1 | V39: 0 | W39: 0 | X39: 1 | Y39: 0 | Z39: 0 | AA39: 0 | AB39: 0 | AC39: 0 | AD39: 0 | AE39: 0 | AF39: 0 | AG39: 0 | AH39: 0 | AI39: 0 | AJ39: 1 | AK39: 0 | AL39: 0 | AM39: 0 | AN39: 0 | AO39: 0 | AP39: 0 | AQ39: 0 | AR39: 0 | AS39: 0 | AT39: 0 | AU39: 0 | AV39: 0 | AW39: 0 | AX39: 0 | AY39: 0 | AZ39: 0 | BA39: 0 | BB39: 0 | BC39: 0 | BD39: 0 | BE39: 2 | BF39: 0 | BG39: 0 | BH39: 0 | BI39: 0 | BJ39: 0 | BK39: 0 | BL39: 0 | BM39: 0 | BN39: 0 | BO39: 0 | BP39: 0 | BQ39: =SUM(E39:BP39) -> 6
D40: PR | E40: 0 | F40: 0 | G40: 0 | H40: 0 | I40: 0 | J40: 0 | K40: 0 | L40: 0 | M40: 0 | N40: 0 | O40: 0 | P40: 0 | Q40: 0 | R40: 0 | S40: 0 | T40: 0 | U40: 1 | V40: 0 | W40: 1 | X40: 2 | Y40: 0 | Z40: 0 | AA40: 0 | AB40: 0 | AC40: 0 | AD40: 0 | AE40: 0 | AF40: 0 | AG40: 0 | AH40: 0 | AI40: 0 | AJ40: 2 | AK40: 0 | AL40: 0 | AM40: 0 | AN40: 0 | AO40: 0 | AP40: 0 | AQ40: 0 | AR40: 0 | AS40: 0 | AT40: 0 | AU40: 0 | AV40: 0 | AW40: 1 | AX40: 0 | AY40: 0 | AZ40: 0 | BA40: 0 | BB40: 0 | BC40: 0 | BD40: 0 | BE40: 1 | BF40: 0 | BG40: 0 | BH40: 0 | BI40: 0 | BJ40: 2 | BK40: 0 | BL40: 0 | BM40: 0 | BN40: 0 | BO40: 0 | BP40: 1 | BQ40: =SUM(E40:BP40) -> 11
D41: JML | E41: =SUM(E39:E40) -> 0 | F41: =SUM(F39:F40) -> 0 | G41: =SUM(G39:G40) -> 0 | H41: =SUM(H39:H40) -> 0 | I41: =SUM(I39:I40) -> 0 | J41: =SUM(J39:J40) -> 0 | K41: =SUM(K39:K40) -> 0 | L41: =SUM(L39:L40) -> 0 | ... BP41: =SUM(BP39:BP40) -> 1 | BQ41: =SUM(E41:BP41) -> 17
A43: IV | B43: DATA RINCIAN PEROLEHAN SUARA PASANGAN CALON BUPATI DAN WAKIL BUPATI
A44: NOMOR DAN NAMA CALON
A45: A.1 | B45: 1. | C45: Partai Kebangkitan Bangsa | E45: 11 | F45: 8 | G45: 7 | H45: 7 | I45: 3 | J45: 10 | K45: 3 | L45: 0 | M45: 3 | N45: 2 | O45: 3 | P45: 5 | Q45: 6 | R45: 8 | S45: 4 | T45: 1 | U45: 1 | V45: 9 | W45: 2 | X45: 6 | Y45: 4 | Z45: 2 | AA45: 2 | AB45: 4 | AC45: 0 | AD45: 4 | AE45: 1 | AF45: 2 | AG45: 3 | AH45: 4 | AI45: 9 | AJ45: 9 | AK45: 3 | AL45: 4 | AM45: 3 | AN45: 3 | AO45: 6 | AP45: 5 | AQ45: 3 | AR45: 10 | AS45: 11 | AT45: 7 | AU45: 19 | AV45: 5 | AW45: 2 | AX45: 6 | AY45: 0 | AZ45: 13 | BA45: 4 | BB45: 2 | BC45: 6 | BD45: 12 | BE45: 9 | BF45: 15 | BG45: 7 | BH45: 9 | BI45: 3 | BJ45: 5 | BK45: 9 | BL45: 9 | BM45: 7 | BN45: 2 | BO45: 6 | BP45: 3 | BQ45: =SUM(E45:BP45) -> 351
A46: A.2 | C46: 1. H. KHUSNAN, S.Ag., M.Pd.I. | E46: 17 | F46: 17 | G46: 14 | H46: 3 | I46: 3 | J46: 6 | K46: 0 | L46: 4 | M46: 2 | N46: 1 | O46: 5 | P46: 6 | Q46: 2 | R46: 6 | S46: 3 | T46: 2 | U46: 2 | V46: 4 | W46: 2 | X46: 2 | Y46: 4 | Z46: 1 | AA46: 2 | AB46: 3 | AC46: 1 | AD46: 3 | AE46: 1 | AF46: 1 | AG46: 1 | AH46: 4 | AI46: 4 | AJ46: 12 | AK46: 3 | AL46: 7 | AM46: 3 | AN46: 0 | AO46: 5 | AP46: 3 | AQ46: 3 | AR46: 0 | AS46: 32 | AT46: 6 | AU46: 59 | AV46: 4 | AW46: 2 | AX46: 17 | AY46: 7 | AZ46: 4 | BA46: 3 | BB46: 2 | BC46: 4 | BD46: 75 | BE46: 44 | BF46: 45 | BG46: 8 | BH46: 23 | BI46: 6 | BJ46: 7 | BK46: 3 | BL46: 26 | BM46: 21 | BN46: 1 | BO46: 5 | BP46: 1 | BQ46: =SUM(E46:BP46) -> 567
C47: 2. MARA QONITHA LAYLIA | E47: 1 | F47: 0 | G47: 4 | H47: 1 | I47: 0 | J47: 0 | K47: 4 | L47: 1 | M47: 0 | N47: 12 | O47: 2 | P47: 5 | Q47: 4 | R47: 1 | S47: 1 | T47: 1 | U47: 0 | V47: 2 | W47: 0 | X47: 1 | Y47: 0 | Z47: 0 | AA47: 2 | AB47: 1 | AC47: 0 | AD47: 1 | AE47: 2 | AF47: 0 | AG47: 2 | AH47: 2 | AI47: 2 | AJ47: 2 | AK47: 2 | AL47: 1 | AM47: 4 | AN47: 1 | AO47: 3 | AP47: 5 | AQ47: 4 | AR47: 2 | AS47: 4 | AT47: 7 | AU47: 0 | AV47: 0 | AW47: 1 | AX47: 0 | AY47: 2 | AZ47: 1 | BA47: 3 | BB47: 1 | BC47: 2 | BD47: 6 | BE47: 2 | BF47: 2 | BG47: 2 | BH47: 1 | BI47: 1 | BJ47: 2 | BK47: 0 | BL47: 4 | BM47: 2 | BN47: 2 | BO47: 1 | BP47: 0 | BQ47: =SUM(E47:BP47) -> 122
C48: 3. ZAKI AL MUBAROK, M.Si. | E48: 0 | F48: 2 | G48: 2 | H48: 0 | I48: 0 | J48: 1 | K48: 10 | L48: 8 | M48: 7 | N48: 13 | O48: 1 | P48: 28 | Q48: 30 | R48: 27 | S48: 24 | T48: 3 | U48: 0 | V48: 17 | W48: 1 | X48: 3 | Y48: 5 | Z48: 4 | AA48: 9 | AB48: 11 | AC48: 5 | AD48: 1 | AE48: 2 | AF48: 0 | AG48: 0 | AH48: 6 | AI48: 14 | AJ48: 2 | AK48: 3 | AL48: 5 | AM48: 0 | AN48: 7 | AO48: 6 | AP48: 0 | AQ48: 1 | AR48: 8 | AS48: 0 | AT48: 4 | AU48: 2 | AV48: 2 | AW48: 1 | AX48: 0 | AY48: 0 | AZ48: 0 | BA48: 3 | BB48: 1 | BC48: 1 | BD48: 3 | BE48: 5 | BF48: 3 | BG48: 0 | BH48: 8 | BI48: 3 | BJ48: 4 | BK48: 4 | BL48: 2 | BM48: 1 | BN48: 2 | BO48: 1 | BP48: 4 | BQ48: =SUM(E48:BP48) -> 320
C49: 4. INAYATUL MAHMUDAH, S.Pd. | E49: 1 | F49: 0 | G49: 4 | H49: 0 | I49: 4 | J49: 0 | K49: 0 | L49: 1 | M49: 0 | N49: 4 | O49: 2 | P49: 8 | Q49: 2 | R49: 1 | S49: 0 | T49: 0 | U49: 1 | V49: 1 | W49: 2 | X49: 0 | Y49: 0 | Z49: 1 | AA49: 0 | AB49: 0 | AC49: 2 | AD49: 0 | AE49: 2 | AF49: 1 | AG49: 1 | AH49: 3 | AI49: 0 | AJ49: 4 | AK49: 0 | AL49: 0 | AM49: 0 | AN49: 0 | AO49: 0 | AP49: 0 | AQ49: 0 | AR49: 0 | AS49: 0 | AT49: 0 | AU49: 2 | AV49: 1 | AW49: 1 | AX49: 0 | AY49: 1 | AZ49: 0 | BA49: 7 | BB49: 0 | BC49: 2 | BD49: 1 | BE49: 7 | BF49: 0 | BG49: 1 | BH49: 0 | BI49: 1 | BJ49: 3 | BK49: 1 | BL49: 4 | BM49: 3 | BN49: 0 | BO49: 1 | BP49: 2 | BQ49: =SUM(E49:BP49) -> 83
C50: 5. HABIBURRAHMAN AL KHOLILI | E50: 0 | F50: 0 | G50: 0 | H50: 0 | I50: 1 | J50: 0 | K50: 0 | L50: 0 | M50: 0 | N50: 1 | O50: 0 | P50: 0 | Q50: 1 | R50: 1 | S50: 1 | T50: 0 | U50: 0 | V50: 0 | W50: 0 | X50: 0 | Y50: 0 | Z50: 0 | AA50: 0 | AB50: 0 | AC50: 0 | AD50: 0 | AE50: 0 | AF50: 0 | AG50: 0 | AH50: 1 | AI50: 0 | AJ50: 1 | AK50: 0 | AL50: 1 | AM50: 0 | AN50: 0 | AO50: 0 | AP50: 1 | AQ50: 0 | AR50: 2 | AS50: 0 | AT50: 0 | AU50: 0 | AV50: 0 | AW50: 0 | AX50: 0 | AY50: 1 | AZ50: 0 | BA50: 0 | BB50: 1 | BC50: 0 | BD50: 0 | BE50: 0 | BF50: 0 | BG50: 0 | BH50: 0 | BI50: 0 | BJ50: 1 | BK50: 0 | BL50: 0 | BM50: 0 | BN50: 0 | BO50: 1 | BP50: 1 | BQ50: =SUM(E50:BP50) -> 16
C51: 6. INDIARTI NOVIDA, A.Md. | E51: 0 | F51: 0 | G51: 0 | H51: 1 | I51: 0 | J51: 0 | K51: 0 | L51: 0 | M51: 0 | N51: 0 | O51: 0 | P51: 0 | Q51: 0 | R51: 0 | S51: 0 | T51: 0 | U51: 0 | V51: 0 | W51: 0 | X51: 0 | Y51: 0 | Z51: 0 | AA51: 0 | AB51: 0 | AC51: 0 | AD51: 0 | AE51: 0 | AF51: 0 | AG51: 1 | AH51: 0 | AI51: 0 | AJ51: 2 | AK51: 1 | AL51: 0 | AM51: 0 | AN51: 0 | AO51: 0 | AP51: 0 | AQ51: 0 | AR51: 0 | AS51: 0 | AT51: 0 | AU51: 0 | AV51: 0 | AW51: 0 | AX51: 0 | AY51: 0 | AZ51: 0 | BA51: 0 | BB51: 0 | BC51: 0 | BD51: 0 | BE51: 0 | BF51: 0 | BG51: 0 | BH51: 0 | BI51: 0 | BJ51: 0 | BK51: 0 | BL51: 0 | BM51: 1 | BN51: 0 | BO51: 1 | BP51: 0 | BQ51: =SUM(E51:BP51) -> 7
C52: 7. RUDI DARMAWAN, S.Pd.I. | E52: 0 | F52: 0 | G52: 0 | H52: 0 | I52: 0 | J52: 0 | K52: 0 | L52: 0 | M52: 0 | N52: 0 | O52: 0 | P52: 0 | Q52: 0 | R52: 0 | S52: 0 | T52: 0 | U52: 0 | V52: 2 | W52: 5 | X52: 9 | Y52: 0 | Z52: 2 | AA52: 0 | AB52: 0 | AC52: 0 | AD52: 0 | AE52: 0 | AF52: 0 | AG52: 0 | AH52: 0 | AI52: 0 | AJ52: 0 | AL52: 0 | AM52: 0 | AN52: 0 | AO52: 0 | AP52: 0 | AQ52: 0 | AR52: 0 | AS52: 0 | AT52: 0 | AU52: 0 | AV52: 0 | AW52: 0 | AX52: 0 | AY52: 0 | AZ52: 0 | BA52: 0 | BB52: 0 | BC52: 0 | BD52: 0 | BE52: 0 | BF52: 0 | BG52: 0 | BH52: 0 | BI52: 0 | BJ52: 0 | BK52: 0 | BL52: 0 | BM52: 0 | BN52: 0 | BO52: 0 | BP52: 0 | BQ52: =SUM(E52:BP52) -> 18
A53: B | B53: JUMLAH SUARA SAH PARTAI POLITIK DAN CALON (A1 + A2) | E53: =SUM(E45:E52) -> 30 | F53: =SUM(F45:F52) -> 27 | G53: =SUM(G45:G52) -> 31 | H53: =SUM(H45:H52) -> 12 | I53: =SUM(I45:I52) -> 11 | J53: =SUM(J45:J52) -> 17 | K53: =SUM(K45:K52) -> 17 | L53: =SUM(L45:L52) -> 14 | ... BP53: =SUM(BP45:BP52) -> 11 | BQ53: =SUM(E53:BP53) -> 1484
BQ54: =SUM(E54:BP54) -> 0
A55: A.1 | B55: 2. | C55: Partai Gerakan Indonesia Raya | E55: 16 | F55: 15 | G55: 15 | H55: 14 | I55: 11 | J55: 15 | K55: 13 | L55: 9 | M55: 7 | N55: 7 | O55: 6 | P55: 8 | Q55: 11 | R55: 3 | S55: 3 | T55: 3 | U55: 9 | V55: 11 | W55: 9 | X55: 4 | Y55: 8 | Z55: 5 | AA55: 6 | AB55: 4 | AC55: 3 | AD55: 4 | AE55: 4 | AF55: 2 | AG55: 3 | AH55: 11 | AI55: 11 | AJ55: 5 | AK55: 6 | AL55: 10 | AM55: 23 | AN55: 12 | AO55: 8 | AP55: 3 | AQ55: 3 | AR55: 6 | AS55: 4 | AT55: 5 | AU55: 1 | AV55: 3 | AW55: 7 | AX55: 5 | AY55: 6 | AZ55: 10 | BA55: 15 | BB55: 6 | BC55: 5 | BD55: 5 | BE55: 8 | BF55: 4 | BG55: 11 | BH55: 7 | BI55: 11 | BJ55: 4 | BK55: 9 | BL55: 12 | BM55: 12 | BN55: 8 | BO55: 6 | BP55: 6 | BQ55: =SUM(E55:BP55) -> 496
A56: A.2 | C56: 1. ABDUL GHOFUR | E56: 37 | F56: 39 | G56: 55 | H56: 55 | I56: 8 | J56: 78 | K56: 10 | L56: 7 | M56: 4 | N56: 10 | O56: 8 | P56: 1 | Q56: 0 | R56: 1 | S56: 3 | T56: 1 | U56: 0 | V56: 6 | W56: 8 | X56: 4 | Y56: 3 | Z56: 5 | AA56: 1 | AB56: 3 | AC56: 2 | AD56: 1 | AE56: 5 | AF56: 2 | AG56: 2 | AH56: 1 | AI56: 3 | AJ56: 1 | AK56: 5 | AL56: 3 | AM56: 3 | AN56: 2 | AO56: 5 | AP56: 0 | AQ56: 2 | AR56: 2 | AS56: 0 | AT56: 2 | AU56: 2 | AV56: 5 | AW56: 4 | AX56: 4 | AY56: 3 | AZ56: 3 | BA56: 4 | BB56: 1 | BC56: 1 | BD56: 0 | BE56: 1 | BF56: 2 | BG56: 2 | BH56: 1 | BI56: 4 | BJ56: 6 | BK56: 5 | BL56: 1 | BM56: 3 | BN56: 2 | BO56: 3 | BP56: 2 | BQ56: =SUM(E56:BP56) -> 447
C57: 2. Drs. MOCHAMMAD RIFA'I, M.Pd. | E57: 3 | F57: 2 | G57: 4 | H57: 3 | I57: 5 | J57: 1 | K57: 4 | L57: 2 | M57: 4 | N57: 6 | O57: 3 | P57: 6 | Q57: 8 | R57: 2 | S57: 5 | T57: 8 | U57: 3 | V57: 5 | W57: 12 | X57: 11 | Y57: 1 | Z57: 2 | AA57: 3 | AB57: 1 | AC57: 1 | AD57: 3 | AE57: 2 | AF57: 0 | AG57: 3 | AH57: 4 | AI57: 6 | AJ57: 6 | AK57: 5 | AL57: 2 | AM57: 4 | AN57: 2 | AO57: 10 | AP57: 0 | AQ57: 3 | AR57: 3 | AS57: 2 | AT57: 0 | AU57: 3 | AV57: 3 | AW57: 4 | AX57: 3 | AY57: 6 | AZ57: 1 | BA57: 1 | BB57: 2 | BC57: 6 | BD57: 2 | BE57: 4 | BF57: 3 | BG57: 1 | BH57: 9 | BI57: 2 | BJ57: 7 | BK57: 3 | BL57: 6 | BM57: 10 | BN57: 9 | BO57: 12 | BP57: 1 | BQ57: =SUM(E57:BP57) -> 258
C58: 3. SITI BADRIYAH | E58: 3 | F58: 1 | G58: 1 | H58: 0 | I58: 2 | J58: 0 | K58: 0 | L58: 0 | M58: 0 | N58: 0 | O58: 2 | P58: 2 | Q58: 0 | R58: 0 | S58: 0 | T58: 1 | U58: 1 | V58: 1 | W58: 0 | X58: 1 | Y58: 1 | Z58: 0 | AA58: 1 | AB58: 0 | AC58: 0 | AD58: 0 | AE58: 1 | AF58: 0 | AG58: 2 | AH58: 1 | AI58: 0 | AJ58: 1 | AK58: 0 | AL58: 0 | AM58: 2 | AN58: 0 | AO58: 0 | AP58: 0 | AQ58: 0 | AR58: 0 | AS58: 1 | AT58: 0 | AU58: 0 | AV58: 0 | AW58: 2 | AX58: 2 | AY58: 2 | AZ58: 0 | BA58: 1 | BB58: 1 | BC58: 0 | BD58: 1 | BE58: 3 | BF58: 0 | BG58: 1 | BH58: 0 | BI58: 1 | BJ58: 2 | BK58: 0 | BL58: 1 | BM58: 0 | BN58: 2 | BO58: 1 | BP58: 0 | BQ58: =SUM(E58:BP58) -> 45
C59: 4. FARUQ | E59: 12 | F59: 5 | G59: 1 | H59: 5 | I59: 4 | J59: 0 | K59: 4 | L59: 10 | M59: 6 | N59: 33 | O59: 7 | P59: 11 | Q59: 22 | R59: 34 | S59: 48 | T59: 1 | U59: 10 | V59: 41 | W59: 19 | X59: 1 | Y59: 4 | Z59: 1 | AA59: 4 | AB59: 5 | AC59: 2 | AD59: 3 | AE59: 14 | AF59: 13 | AG59: 7 | AH59: 10 | AI59: 16 | AJ59: 7 | AK59: 8 | AL59: 2 | AM59: 14 | AN59: 13 | AO59: 5 | AP59: 11 | AQ59: 10 | AR59: 15 | AS59: 8 | AT59: 0 | AU59: 0 | AV59: 0 | AW59: 1 | AX59: 2 | AY59: 0 | AZ59: 2 | BA59: 0 | BB59: 0 | BC59: 3 | BD59: 4 | BE59: 1 | BF59: 0 | BG59: 0 | BH59: 1 | BI59: 7 | BJ59: 7 | BK59: 2 | BL59: 0 | BM59: 1 | BN59: 0 | BO59: 1 | BP59: 3 | BQ59: =SUM(E59:BP59) -> 481
C60: 5. H. HARIYANTO HARI WIJAYA, S.T. | E60: 0 | F60: 0 | G60: 0 | H60: 0 | I60: 0 | J60: 0 | K60: 0 | L60: 0 | M60: 1 | N60: 2 | O60: 1 | P60: 1 | Q60: 1 | R60: 2 | S60: 0 | T60: 1 | U60: 0 | V60: 1 | W60: 2 | Y60: 1 | Z60: 2 | AA60: 0 | AB60: 0 | AC60: 0 | AD60: 0 | AE60: 2 | AF60: 0 | AG60: 0 | AH60: 0 | AI60: 0 | AJ60: 2 | AK60: 1 | AL60: 2 | AM60: 0 | AN60: 0 | AO60: 1 | AP60: 0 | AQ60: 0 | AR60: 3 | AS60: 1 | AT60: 4 | AU60: 4 | AV60: 2 | AW60: 0 | AX60: 0 | AY60: 2 | AZ60: 0 | BA60: 0 | BB60: 1 | BC60: 1 | BD60: 0 | BE60: 1 | BF60: 0 | BG60: 1 | BH60: 0 | BI60: 0 | BJ60: 0 | BK60: 0 | BL60: 1 | BM60: 0 | BN60: 1 | BO60: 0 | BP60: 0 | BQ60: =SUM(E60:BP60) -> 45
C61: 6. SRI ASTUTIK | E61: 1 | F61: 0 | G61: 1 | H61: 0 | I61: 0 | J61: 0 | K61: 1 | L61: 0 | M61: 0 | N61: 0 | O61: 0 | P61: 1 | Q61: 1 | R61: 0 | S61: 0 | T61: 0 | U61: 0 | V61: 0 | W61: 1 | Y61: 0 | Z61: 0 | AA61: 0 | AB61: 0 | AC61: 0 | AD61: 0 | AE61: 0 | AF61: 0 | AG61: 0 | AH61: 0 | AI61: 0 | AJ61: 0 | AK61: 1 | AL61: 0 | AM61: 0 | AN61: 0 | AO61: 0 | AP61: 1 | AQ61: 2 | AR61: 0 | AS61: 0 | AT61: 0 | AU61: 0 | AV61: 0 | AW61: 0 | AX61: 0 | AY61: 1 | AZ61: 0 | BA61: 1 | BB61: 0 | BC61: 0 | BD61: 1 | BE61: 1 | BF61: 0 | BG61: 0 | BH61: 0 | BI61: 0 | BJ61: 1 | BK61: 2 | BL61: 0 | BM61: 0 | BN61: 0 | BO61: 0 | BP61: 1 | BQ61: =SUM(E61:BP61) -> 18
C62: 7. MUSTOLIH | E62: 0 | F62: 0 | G62: 0 | H62: 0 | I62: 1 | J62: 1 | K62: 0 | L62: 0 | M62: 4 | N62: 5 | O62: 48 | P62: 5 | Q62: 3 | R62: 5 | S62: 5 | T62: 1 | U62: 16 | V62: 1 | W62: 4 | X62: 12 | Y62: 5 | Z62: 37 | AA62: 15 | AB62: 3 | AC62: 0 | AD62: 6 | AE62: 4 | AF62: 4 | AG62: 4 | AH62: 27 | AI62: 4 | AJ62: 1 | AK62: 10 | AL62: 0 | AM62: 4 | AN62: 15 | AO62: 3 | AP62: 1 | AQ62: 6 | AR62: 2 | AS62: 0 | AT62: 1 | AU62: 0 | AV62: 6 | AW62: 2 | AX62: 7 | AY62: 0 | AZ62: 0 | BA62: 6 | BB62: 2 | BC62: 0 | BD62: 0 | BE62: 2 | BF62: 0 | BG62: 2 | BH62: 3 | BI62: 0 | BJ62: 4 | BK62: 2 | BL62: 0 | BM62: 7 | BN62: 0 | BO62: 5 | BP62: 0 | BQ62: =SUM(E62:BP62) -> 311
A63: B | B63: JUMLAH SUARA SAH PARTAI POLITIK DAN CALON (A1 + A2) | E63: =SUM(E55:E62) -> 72 | F63: =SUM(F55:F62) -> 62 | G63: =SUM(G55:G62) -> 77 | H63: =SUM(H55:H62) -> 77 | I63: =SUM(I55:I62) -> 31 | J63: =SUM(J55:J62) -> 95 | K63: =SUM(K55:K62) -> 32 | L63: =SUM(L55:L62) -> 28 | ... BP63: =SUM(BP55:BP62) -> 13 | BQ63: =SUM(E63:BP63) -> 2101
BQ64: =SUM(E64:BP64) -> 0
A65: A.1 | B65: 3. | C65: Partai Demokrasi Indonesia Perjuangan | E65: 10 | F65: 4 | G65: 9 | H65: 7 | I65: 6 | J65: 5 | K65: 5 | L65: 1 | M65: 1 | N65: 0 | O65: 0 | P65: 5 | Q65: 2 | R65: 4 | S65: 3 | T65: 6 | U65: 4 | V65: 2 | W65: 4 | X65: 1 | Y65: 1 | Z65: 2 | AA65: 1 | AB65: 4 | AC65: 5 | AD65: 0 | AE65: 0 | AF65: 0 | AG65: 3 | AH65: 6 | AI65: 8 | AJ65: 11 | AK65: 6 | AL65: 8 | AM65: 4 | AN65: 10 | AO65: 8 | AP65: 9 | AQ65: 19 | AR65: 11 | AS65: 9 | AT65: 0 | AU65: 2 | AV65: 13 | AW65: 17 | AX65: 8 | AY65: 9 | AZ65: 10 | BA65: 5 | BB65: 13 | BC65: 12 | BD65: 5 | BE65: 4 | BF65: 3 | BG65: 7 | BH65: 4 | BI65: 4 | BJ65: 8 | BK65: 9 | BL65: 4 | BM65: 5 | BN65: 3 | BO65: 1 | BP65: 6 | BQ65: =SUM(E65:BP65) -> 356
A66: A.2 | C66: 1. FICKY SEPTALINDA, S.E. | E66: 1 | F66: 2 | G66: 2 | H66: 4 | I66: 4 | J66: 0 | K66: 2 | L66: 1 | M66: 0 | N66: 2 | O66: 4 | P66: 3 | Q66: 0 | R66: 3 | S66: 4 | T66: 14 | U66: 5 | V66: 2 | W66: 2 | X66: 3 | Y66: 2 | Z66: 1 | AA66: 0 | AB66: 1 | AC66: 3 | AD66: 4 | AE66: 0 | AF66: 18 | AG66: 19 | AH66: 18 | AI66: 13 | AJ66: 6 | AK66: 4 | AL66: 9 | AM66: 6 | AN66: 14 | AO66: 13 | AP66: 13 | AQ66: 20 | AR66: 14 | AS66: 14 | AT66: 13 | AU66: 2 | AV66: 55 | AW66: 33 | AX66: 16 | AY66: 4 | AZ66: 0 | BA66: 2 | BB66: 10 | BC66: 5 | BD66: 4 | BE66: 1 | BF66: 17 | BG66: 29 | BH66: 1 | BI66: 5 | BJ66: 8 | BK66: 4 | BL66: 18 | BM66: 1 | BN66: 0 | BO66: 10 | BP66: 3 | BQ66: =SUM(E66:BP66) -> 491
C67: 2. TATANG SUROYO | E67: 0 | F67: 0 | G67: 2 | H67: 2 | I67: 0 | J67: 0 | K67: 1 | L67: 0 | M67: 0 | N67: 1 | O67: 1 | P67: 0 | Q67: 0 | R67: 0 | S67: 0 | T67: 0 | U67: 0 | V67: 1 | W67: 1 | X67: 1 | Y67: 0 | Z67: 1 | AA67: 1 | AB67: 0 | AC67: 0 | AD67: 1 | AE67: 0 | AF67: 1 | AG67: 0 | AH67: 0 | AI67: 0 | AJ67: 0 | AK67: 0 | AL67: 0 | AM67: 1 | AN67: 0 | AO67: 0 | AP67: 0 | AQ67: 0 | AR67: 1 | AS67: 1 | AT67: 1 | AU67: 0 | AV67: 1 | AW67: 0 | AX67: 1 | AY67: 1 | AZ67: 0 | BA67: 2 | BB67: 4 | BC67: 0 | BE67: 3 | BF67: 1 | BG67: 1 | BH67: 0 | BI67: 0 | BJ67: 1 | BK67: 0 | BL67: 0 | BM67: 0 | BN67: 0 | BO67: 0 | BP67: 0 | BQ67: =SUM(E67:BP67) -> 33
C68: 3. SITI JAMI`AH | E68: 7 | F68: 1 | G68: 13 | H68: 19 | I68: 18 | J68: 4 | K68: 1 | L68: 8 | M68: 1 | N68: 0 | O68: 3 | P68: 3 | Q68: 2 | R68: 2 | S68: 2 | T68: 3 | U68: 13 | V68: 6 | W68: 5 | X68: 0 | Y68: 2 | Z68: 2 | AA68: 1 | AB68: 15 | AC68: 4 | AD68: 0 | AE68: 3 | AF68: 2 | AG68: 0 | AH68: 3 | AI68: 6 | AJ68: 2 | AK68: 2 | AL68: 1 | AM68: 7 | AN68: 0 | AO68: 3 | AP68: 2 | AQ68: 0 | AR68: 7 | AS68: 4 | AT68: 1 | AU68: 1 | AV68: 72 | AW68: 19 | AX68: 18 | AY68: 4 | AZ68: 10 | BA68: 8 | BB68: 31 | BC68: 17 | BD68: 6 | BE68: 3 | BF68: 0 | BG68: 3 | BH68: 0 | BI68: 1 | BJ68: 3 | BK68: 3 | BL68: 3 | BM68: 17 | BN68: 6 | BO68: 4 | BP68: 22 | BQ68: =SUM(E68:BP68) -> 429
C69: 4. ADNAN | E69: 4 | F69: 0 | G69: 1 | H69: 3 | I69: 0 | J69: 1 | K69: 0 | L69: 0 | M69: 2 | N69: 1 | O69: 5 | P69: 1 | Q69: 0 | R69: 2 | S69: 1 | T69: 2 | U69: 2 | V69: 2 | W69: 0 | X69: 0 | Y69: 0 | Z69: 1 | AA69: 0 | AB69: 0 | AC69: 0 | AD69: 1 | AE69: 1 | AF69: 3 | AG69: 1 | AH69: 3 | AI69: 1 | AJ69: 2 | AK69: 2 | AL69: 2 | AM69: 0 | AN69: 0 | AO69: 2 | AP69: 0 | AQ69: 2 | AR69: 0 | AS69: 0 | AT69: 0 | AU69: 0 | AV69: 0 | AW69: 1 | AX69: 0 | AY69: 2 | AZ69: 2 | BA69: 1 | BB69: 3 | BC69: 0 | BD69: 0 | BE69: 1 | BF69: 1 | BG69: 0 | BH69: 1 | BI69: 0 | BJ69: 1 | BK69: 0 | BL69: 2 | BM69: 0 | BN69: 2 | BO69: 3 | BP69: 0 | BQ69: =SUM(E69:BP69) -> 68
C70: 5. RINA WIJAYANTI | E70: 0 | F70: 0 | G70: 0 | H70: 0 | I70: 2 | J70: 0 | K70: 0 | L70: 0 | M70: 0 | N70: 0 | O70: 0 | P70: 0 | Q70: 0 | R70: 0 | S70: 1 | T70: 0 | U70: 0 | V70: 0 | W70: 0 | X70: 0 | Y70: 0 | Z70: 0 | AA70: 1 | AB70: 0 | AC70: 0 | AD70: 0 | AE70: 0 | AF70: 0 | AG70: 0 | AH70: 1 | AI70: 1 | AJ70: 0 | AK70: 2 | AL70: 0 | AM70: 0 | AN70: 1 | AO70: 0 | AP70: 0 | AQ70: 0 | AR70: 0 | AS70: 0 | AT70: 0 | AU70: 1 | AV70: 1 | AW70: 0 | AX70: 0 | AY70: 0 | AZ70: 0 | BA70: 1 | BB70: 0 | BC70: 0 | BD70: 0 | BE70: 0 | BF70: 0 | BG70: 0 | BH70: 0 | BI70: 0 | BJ70: 0 | BK70: 0 | BL70: 1 | BM70: 0 | BN70: 1 | BO70: 0 | BP70: 0 | BQ70: =SUM(E70:BP70) -> 14
C71: 6. RIAS DEMILYA | E71: 0 | F71: 0 | G71: 0 | H71: 0 | I71: 0 | J71: 0 | K71: 0 | L71: 0 | M71: 0 | N71: 0 | O71: 0 | P71: 0 | Q71: 0 | R71: 1 | S71: 0 | T71: 0 | U71: 0 | V71: 0 | W71: 0 | X71: 0 | Y71: 0 | Z71: 0 | AA71: 0 | AB71: 0 | AC71: 0 | AD71: 1 | AE71: 0 | AF71: 0 | AG71: 0 | AH71: 0 | AI71: 0 | AJ71: 0 | AK71: 0 | AL71: 0 | AM71: 0 | AN71: 0 | AO71: 0 | AP71: 0 | AQ71: 0 | AR71: 0 | AS71: 1 | AT71: 0 | AU71: 0 | AV71: 0 | AW71: 0 | AX71: 0 | AY71: 0 | AZ71: 0 | BA71: 0 | BB71: 0 | BC71: 0 | BD71: 1 | BE71: 0 | BF71: 0 | BG71: 0 | BH71: 0 | BI71: 0 | BJ71: 0 | BK71: 0 | BL71: 0 | BM71: 0 | BN71: 0 | BO71: 0 | BP71: 0 | BQ71: =SUM(E71:BP71) -> 4
C72: 7. EKO PRIYONO, S.E. | E72: 1 | F72: 0 | G72: 2 | H72: 0 | I72: 1 | J72: 0 | K72: 0 | L72: 1 | M72: 0 | N72: 0 | O72: 0 | P72: 2 | Q72: 0 | R72: 0 | S72: 0 | T72: 1 | U72: 0 | V72: 0 | W72: 0 | X72: 0 | Y72: 0 | Z72: 2 | AA72: 0 | AB72: 0 | AC72: 0 | AD72: 0 | AE72: 1 | AF72: 0 | AG72: 0 | AH72: 0 | AI72: 0 | AJ72: 0 | AK72: 0 | AL72: 1 | AM72: 0 | AN72: 0 | AO72: 0 | AP72: 0 | AQ72: 0 | AR72: 0 | AS72: 1 | AT72: 0 | AU72: 0 | AV72: 0 | AW72: 0 | AX72: 0 | AY72: 0 | AZ72: 1 | BA72: 0 | BB72: 0 | BC72: 0 | BD72: 0 | BE72: 1 | BF72: 0 | BG72: 0 | BH72: 0 | BI72: 0 | BJ72: 0 | BK72: 0 | BL72: 1 | BM72: 0 | BO72: 0 | BP72: 0 | BQ72: =SUM(E72:BP72) -> 16
A73: B | B73: JUMLAH SUARA SAH PARTAI POLITIK DAN CALON (A1 + A2) | E73: =SUM(E65:E72) -> 23 | F73: =SUM(F65:F72) -> 7 | G73: =SUM(G65:G72) -> 29 | H73: =SUM(H65:H72) -> 35 | I73: =SUM(I65:I72) -> 31 | J73: =SUM(J65:J72) -> 10 | K73: =SUM(K65:K72) -> 9 | L73: =SUM(L65:L72) -> 11 | ... BP73: =SUM(BP65:BP72) -> 31 | BQ73: =SUM(E73:BP73) -> 1411
BQ74: =SUM(E74:BP74) -> 0
A75: A.1 | B75: 4. | C75: Partai Golongan Karya | E75: 3 | F75: 6 | G75: 3 | H75: 3 | I75: 3 | J75: 4 | K75: 10 | L75: 3 | M75: 3 | N75: 3 | O75: 1 | P75: 2 | Q75: 2 | R75: 3 | S75: 6 | T75: 5 | U75: 4 | V75: 0 | W75: 6 | X75: 4 | Y75: 1 | Z75: 1 | AA75: 9 | AB75: 0 | AC75: 0 | AD75: 4 | AE75: 4 | AF75: 4 | AG75: 3 | AH75: 5 | AI75: 9 | AJ75: 4 | AK75: 10 | AL75: 10 | AM75: 4 | AN75: 3 | AO75: 2 | AP75: 3 | AQ75: 2 | AR75: 3 | AS75: 4 | AT75: 3 | AU75: 1 | AV75: 1 | AW75: 3 | AX75: 5 | AY75: 1 | AZ75: 13 | BA75: 9 | BB75: 7 | BC75: 3 | BD75: 0 | BE75: 6 | BF75: 12 | BG75: 8 | BH75: 2 | BI75: 10 | BJ75: 8 | BK75: 8 | BL75: 6 | BM75: 2 | BN75: 4 | BO75: 11 | BP75: 5 | BQ75: =SUM(E75:BP75) -> 287
A76: A.2 | C76: 1. RULIYONO, S.H. | E76: 1 | F76: 1 | G76: 1 | H76: 4 | I76: 2 | J76: 2 | K76: 8 | L76: 2 | M76: 6 | N76: 4 | O76: 6 | P76: 0 | Q76: 0 | R76: 3 | S76: 4 | T76: 2 | U76: 1 | V76: 1 | W76: 1 | X76: 3 | Y76: 1 | Z76: 1 | AA76: 2 | AB76: 1 | AC76: 0 | AD76: 3 | AE76: 3 | AF76: 3 | AG76: 3 | AH76: 2 | AI76: 6 | AJ76: 1 | AK76: 5 | AL76: 5 | AM76: 1 | AN76: 0 | AO76: 0 | AP76: 3 | AQ76: 3 | AR76: 1 | AS76: 0 | AT76: 2 | AU76: 2 | AV76: 1 | AW76: 0 | AX76: 2 | AY76: 4 | AZ76: 4 | BA76: 3 | BB76: 1 | BC76: 5 | BD76: 1 | BE76: 1 | BF76: 2 | BG76: 1 | BH76: 7 | BI76: 15 | BJ76: 5 | BK76: 7 | BL76: 1 | BM76: 5 | BN76: 5 | BO76: 0 | BP76: 2 | BQ76: =SUM(E76:BP76) -> 172
C77: 2. FAHIRA HUMAIROH | E77: 18 | F77: 59 | G77: 28 | H77: 36 | I77: 21 | J77: 6 | K77: 32 | L77: 26 | M77: 26 | N77: 8 | O77: 28 | P77: 42 | Q77: 20 | R77: 28 | S77: 44 | T77: 75 | U77: 42 | V77: 11 | W77: 43 | X77: 52 | Y77: 28 | Z77: 36 | AA77: 89 | AB77: 42 | AC77: 33 | AD77: 55 | AE77: 21 | AF77: 56 | AG77: 22 | AH77: 38 | AI77: 41 | AJ77: 22 | AK77: 64 | AL77: 51 | AM77: 49 | AN77: 17 | AO77: 21 | AP77: 37 | AQ77: 8 | AR77: 12 | AS77: 10 | AT77: 12 | AU77: 10 | AV77: 11 | AW77: 18 | AX77: 55 | AY77: 81 | AZ77: 71 | BA77: 82 | BB77: 45 | BC77: 26 | BD77: 17 | BE77: 36 | BF77: 83 | BG77: 60 | BH77: 35 | BI77: 72 | BJ77: 49 | BK77: 56 | BL77: 59 | BM77: 17 | BN77: 69 | BO77: 51 | BP77: 16 | BQ77: =SUM(E77:BP77) -> 2428
C78: 3. T. AFNANY AKBAR, S.E. | E78: 0 | F78: 1 | G78: 0 | H78: 3 | I78: 1 | J78: 1 | K78: 0 | L78: 0 | M78: 1 | N78: 0 | O78: 1 | P78: 2 | Q78: 0 | R78: 0 | S78: 2 | T78: 0 | U78: 1 | V78: 0 | W78: 1 | X78: 2 | Y78: 0 | Z78: 0 | AA78: 0 | AB78: 0 | AC78: 0 | AD78: 0 | AE78: 0 | AF78: 0 | AG78: 1 | AH78: 0 | AI78: 0 | AJ78: 0 | AK78: 0 | AL78: 0 | AM78: 0 | AN78: 3 | AO78: 0 | AP78: 0 | AQ78: 0 | AR78: 0 | AS78: 0 | AT78: 0 | AU78: 0 | AV78: 0 | AW78: 1 | AX78: 2 | AY78: 0 | AZ78: 0 | BA78: 0 | BB78: 0 | BC78: 0 | BD78: 0 | BE78: 0 | BF78: 1 | BG78: 0 | BH78: 1 | BI78: 1 | BJ78: 2 | BK78: 1 | BL78: 0 | BM78: 0 | BN78: 2 | BO78: 2 | BP78: 0 | BQ78: =SUM(E78:BP78) -> 33
C79: 4. MUHAMAD SUBUR | E79: 1 | F79: 0 | G79: 0 | H79: 0 | I79: 0 | J79: 0 | K79: 0 | L79: 1 | M79: 0 | N79: 0 | O79: 1 | P79: 3 | Q79: 0 | R79: 2 | S79: 4 | T79: 7 | U79: 2 | V79: 0 | W79: 4 | X79: 2 | Y79: 2 | Z79: 0 | AA79: 0 | AB79: 1 | AC79: 0 | AD79: 0 | AE79: 2 | AF79: 2 | AG79: 0 | AH79: 1 | AI79: 5 | AJ79: 10 | AK79: 3 | AL79: 0 | AM79: 1 | AN79: 2 | AO79: 0 | AP79: 2 | AQ79: 0 | AR79: 1 | AS79: 0 | AT79: 0 | AU79: 0 | AV79: 0 | AW79: 0 | AX79: 1 | AY79: 2 | AZ79: 2 | BA79: 1 | BB79: 1 | BC79: 0 | BD79: 0 | BE79: 0 | BF79: 2 | BG79: 12 | BH79: 0 | BI79: 2 | BJ79: 3 | BK79: 0 | BL79: 2 | BM79: 0 | BN79: 0 | BO79: 1 | BP79: 0 | BQ79: =SUM(E79:BP79) -> 88
C80: 5. NYOTO PRAYITNO, S.E. | E80: 0 | F80: 0 | G80: 0 | H80: 0 | I80: 1 | J80: 4 | K80: 13 | L80: 0 | M80: 0 | N80: 0 | O80: 1 | P80: 2 | Q80: 0 | R80: 0 | S80: 0 | T80: 0 | U80: 0 | V80: 1 | W80: 0 | X80: 0 | Y80: 0 | Z80: 0 | AA80: 0 | AB80: 1 | AC80: 1 | AD80: 0 | AE80: 0 | AF80: 0 | AG80: 0 | AH80: 0 | AI80: 0 | AJ80: 0 | AK80: 0 | AL80: 1 | AM80: 0 | AN80: 0 | AO80: 2 | AP80: 0 | AQ80: 1 | AR80: 0 | AS80: 0 | AT80: 0 | AU80: 0 | AV80: 0 | AW80: 0 | AX80: 1 | AY80: 0 | AZ80: 0 | BA80: 2 | BB80: 0 | BC80: 0 | BD80: 0 | BE80: 0 | BF80: 0 | BG80: 0 | BH80: 0 | BI80: 0 | BJ80: 1 | BK80: 0 | BL80: 0 | BM80: 0 | BN80: 0 | BO80: 0 | BP80: 0 | BQ80: =SUM(E80:BP80) -> 32
C81: 6. UMI LIANA EKAYANTI | E81: 0 | F81: 1 | G81: 0 | H81: 1 | I81: 0 | J81: 0 | K81: 0 | L81: 1 | M81: 0 | N81: 0 | O81: 0 | P81: 0 | Q81: 0 | R81: 0 | S81: 0 | T81: 0 | U81: 0 | V81: 0 | W81: 0 | X81: 0 | Y81: 0 | Z81: 0 | AA81: 0 | AB81: 0 | AC81: 0 | AD81: 0 | AE81: 0 | AF81: 1 | AG81: 1 | AH81: 0 | AI81: 0 | AJ81: 0 | AK81: 0 | AL81: 0 | AM81: 0 | AN81: 0 | AO81: 1 | AP81: 0 | AQ81: 0 | AR81: 1 | AS81: 0 | AT81: 0 | AU81: 0 | AV81: 0 | AW81: 0 | AX81: 0 | AY81: 1 | AZ81: 0 | BA81: 0 | BB81: 2 | BC81: 0 | BD81: 0 | BE81: 0 | BF81: 0 | BG81: 0 | BH81: 0 | BI81: 0 | BJ81: 1 | BK81: 1 | BL81: 0 | BM81: 0 | BN81: 0 | BO81: 1 | BP81: 0 | BQ81: =SUM(E81:BP81) -> 13
C82: 7. TARMUJI | E82: 0 | F82: 0 | G82: 0 | H82: 0 | I82: 1 | J82: 1 | K82: 0 | L82: 0 | M82: 0 | N82: 0 | O82: 0 | P82: 0 | Q82: 0 | R82: 0 | S82: 0 | T82: 0 | U82: 0 | V82: 0 | W82: 0 | X82: 0 | Y82: 0 | Z82: 0 | AA82: 0 | AB82: 0 | AC82: 0 | AD82: 0 | AE82: 0 | AF82: 1 | AG82: 0 | AH82: 0 | AI82: 1 | AJ82: 0 | AK82: 0 | AL82: 0 | AM82: 1 | AN82: 0 | AO82: 1 | AP82: 0 | AQ82: 0 | AR82: 0 | AS82: 0 | AT82: 0 | AU82: 1 | AV82: 0 | AW82: 0 | AX82: 0 | AY82: 1 | AZ82: 0 | BA82: 0 | BB82: 0 | BC82: 0 | BD82: 0 | BE82: 0 | BF82: 0 | BG82: 0 | BH82: 0 | BI82: 0 | BJ82: 0 | BK82: 0 | BL82: 0 | BM82: 0 | BN82: 0 | BO82: 0 | BP82: 0 | BQ82: =SUM(E82:BP82) -> 8
A83: B | B83: JUMLAH SUARA SAH PARTAI POLITIK DAN CALON (A1 + A2) | E83: =SUM(E75:E82) -> 23 | F83: =SUM(F75:F82) -> 68 | G83: =SUM(G75:G82) -> 32 | H83: =SUM(H75:H82) -> 47 | I83: =SUM(I75:I82) -> 29 | J83: =SUM(J75:J82) -> 18 | K83: =SUM(K75:K82) -> 63 | L83: =SUM(L75:L82) -> 33 | ... BP83: =SUM(BP75:BP82) -> 23 | BQ83: =SUM(E83:BP83) -> 3061
BQ84: =SUM(E84:BP84) -> 0
A85: A.1 | B85: 5. | C85: Partai NasDem | E85: 1 | F85: 0 | G85: 0 | H85: 0 | I85: 0 | J85: 0 | K85: 1 | L85: 2 | M85: 4 | N85: 4 | O85: 1 | P85: 0 | Q85: 3 | R85: 1 | S85: 2 | T85: 2 | U85: 1 | V85: 0 | W85: 0 | X85: 0 | Y85: 0 | Z85: 0 | AA85: 0 | AB85: 1 | AC85: 1 | AD85: 0 | AE85: 0 | AF85: 0 | AG85: 0 | AH85: 0 | AI85: 0 | AJ85: 0 | AK85: 0 | AL85: 2 | AM85: 1 | AN85: 0 | AO85: 0 | AP85: 0 | AQ85: 0 | AR85: 0 | AS85: 1 | AT85: 4 | AU85: 4 | AV85: 0 | AW85: 3 | AX85: 3 | AY85: 0 | AZ85: 0 | BA85: 1 | BB85: 1 | BC85: 0 | BD85: 1 | BE85: 2 | BF85: 0 | BG85: 0 | BH85: 1 | BI85: 0 | BJ85: 0 | BK85: 2 | BL85: 0 | BM85: 0 | BN85: 1 | BO85: 0 | BP85: 0 | BQ85: =SUM(E85:BP85) -> 51
A86: A.2 | C86: 1. SUNGKOWO SARWO EDY, S.H. | E86: 0 | F86: 0 | G86: 0 | H86: 0 | I86: 0 | J86: 0 | K86: 0 | L86: 1 | M86: 2 | N86: 2 | O86: 0 | P86: 0 | Q86: 0 | R86: 1 | S86: 1 | T86: 1 | U86: 0 | V86: 1 | W86: 0 | X86: 0 | Y86: 0 | Z86: 0 | AA86: 0 | AB86: 0 | AC86: 1 | AD86: 0 | AE86: 0 | AF86: 0 | AG86: 0 | AH86: 0 | AI86: 2 | AJ86: 0 | AK86: 0 | AL86: 0 | AM86: 0 | AN86: 2 | AO86: 0 | AP86: 0 | AQ86: 1 | AR86: 1 | AS86: 0 | AT86: 1 | AU86: 1 | AV86: 0 | AW86: 0 | AX86: 0 | AY86: 0 | AZ86: 0 | BA86: 0 | BB86: 0 | BC86: 0 | BD86: 1 | BE86: 0 | BF86: 0 | BG86: 0 | BH86: 0 | BI86: 0 | BJ86: 2 | BK86: 0 | BL86: 0 | BM86: 0 | BN86: 0 | BO86: 1 | BP86: 0 | BQ86: =SUM(E86:BP86) -> 22
C87: 2. GUNAWAN SATRIA PRATAMA | E87: 0 | F87: 0 | G87: 0 | H87: 0 | I87: 3 | J87: 9 | K87: 14 | L87: 82 | M87: 83 | N87: 69 | O87: 7 | P87: 2 | Q87: 1 | R87: 2 | S87: 1 | T87: 0 | U87: 0 | V87: 1 | W87: 0 | X87: 1 | Y87: 0 | Z87: 0 | AA87: 0 | AB87: 0 | AC87: 0 | AD87: 0 | AE87: 0 | AF87: 1 | AG87: 0 | AH87: 1 | AI87: 0 | AJ87: 0 | AK87: 1 | AL87: 0 | AM87: 0 | AN87: 3 | AO87: 2 | AP87: 5 | AQ87: 0 | AR87: 2 | AS87: 0 | AT87: 47 | AU87: 23 | AV87: 0 | AW87: 1 | AX87: 1 | AY87: 0 | AZ87: 3 | BA87: 14 | BB87: 1 | BC87: 1 | BD87: 0 | BE87: 0 | BF87: 0 | BG87: 0 | BH87: 2 | BI87: 1 | BJ87: 10 | BK87: 18 | BL87: 0 | BM87: 0 | BN87: 7 | BO87: 1 | BP87: 0 | BQ87: =SUM(E87:BP87) -> 420
C88: 3. Hj. ULFA LAILA, S.E. | E88: 0 | F88: 0 | G88: 0 | H88: 0 | I88: 0 | J88: 0 | K88: 0 | L88: 0 | M88: 0 | N88: 1 | O88: 0 | P88: 1 | Q88: 0 | R88: 0 | S88: 0 | T88: 0 | U88: 0 | V88: 0 | W88: 0 | X88: 0 | Y88: 0 | Z88: 0 | AA88: 0 | AB88: 0 | AC88: 0 | AD88: 0 | AE88: 0 | AF88: 0 | AG88: 0 | AH88: 0 | AI88: 0 | AJ88: 0 | AK88: 0 | AL88: 0 | AM88: 0 | AN88: 0 | AO88: 0 | AP88: 0 | AQ88: 0 | AR88: 1 | AS88: 0 | AT88: 0 | AU88: 0 | AV88: 0 | AW88: 0 | AX88: 0 | AY88: 0 | AZ88: 0 | BA88: 0 | BB88: 0 | BC88: 0 | BD88: 0 | BE88: 0 | BF88: 0 | BG88: 0 | BH88: 0 | BI88: 0 | BJ88: 1 | BK88: 0 | BL88: 0 | BM88: 0 | BN88: 0 | BO88: 0 | BP88: 0 | BQ88: =SUM(E88:BP88) -> 4
C89: 4. H. KURDI ISMAIL, S.H. | E89: 0 | F89: 0 | G89: 0 | H89: 0 | I89: 0 | J89: 0 | K89: 0 | L89: 0 | M89: 0 | N89: 0 | O89: 0 | P89: 0 | Q89: 1 | R89: 0 | S89: 0 | T89: 0 | U89: 0 | V89: 1 | W89: 0 | X89: 0 | Y89: 0 | Z89: 0 | AA89: 0 | AB89: 0 | AC89: 0 | AD89: 0 | AE89: 0 | AF89: 0 | AG89: 0 | AH89: 0 | AI89: 0 | AJ89: 0 | AK89: 0 | AL89: 0 | AM89: 0 | AN89: 0 | AO89: 0 | AP89: 1 | AQ89: 0 | AR89: 0 | AS89: 0 | AT89: 0 | AU89: 0 | AV89: 0 | AW89: 0 | AX89: 0 | AY89: 1 | AZ89: 0 | BA89: 0 | BB89: 0 | BC89: 0 | BD89: 0 | BE89: 0 | BF89: 0 | BG89: 0 | BH89: 0 | BI89: 0 | BJ89: 0 | BK89: 0 | BL89: 0 | BM89: 0 | BN89: 1 | BO89: 0 | BP89: 0 | BQ89: =SUM(E89:BP89) -> 5
C90: 5. FEBRY PRIMA SANJAYA | E90: 0 | F90: 0 | G90: 0 | H90: 0 | I90: 0 | J90: 0 | K90: 0 | L90: 0 | M90: 0 | N90: 0 | O90: 0 | P90: 0 | Q90: 1 | R90: 0 | S90: 0 | T90: 0 | U90: 1 | V90: 0 | W90: 0 | X90: 0 | Y90: 0 | Z90: 0 | AA90: 0 | AB90: 0 | AC90: 0 | AD90: 0 | AE90: 0 | AF90: 0 | AG90: 0 | AH90: 0 | AI90: 0 | AJ90: 1 | AK90: 0 | AL90: 2 | AM90: 0 | AN90: 0 | AO90: 0 | AP90: 0 | AQ90: 0 | AR90: 0 | AS90: 0 | AT90: 0 | AU90: 0 | AV90: 0 | AW90: 0 | AX90: 0 | AY90: 0 | AZ90: 0 | BA90: 0 | BB90: 0 | BC90: 0 | BD90: 0 | BE90: 0 | BF90: 0 | BG90: 0 | BH90: 0 | BI90: 0 | BJ90: 0 | BK90: 0 | BL90: 0 | BM90: 0 | BN90: 0 | BO90: 0 | BP90: 0 | BQ90: =SUM(E90:BP90) -> 5
C91: 6. TRI SETYANINGSIH | E91: 0 | F91: 0 | G91: 0 | H91: 0 | I91: 0 | J91: 0 | K91: 0 | L91: 0 | M91: 0 | N91: 0 | O91: 0 | P91: 0 | Q91: 0 | R91: 0 | S91: 0 | T91: 0 | U91: 0 | V91: 0 | W91: 0 | X91: 0 | Y91: 0 | Z91: 0 | AA91: 0 | AB91: 0 | AC91: 0 | AD91: 0 | AE91: 0 | AF91: 0 | AG91: 0 | AH91: 0 | AI91: 0 | AJ91: 0 | AK91: 1 | AL91: 0 | AM91: 0 | AN91: 0 | AO91: 0 | AP91: 0 | AQ91: 0 | AR91: 0 | AS91: 0 | AT91: 0 | AU91: 0 | AV91: 0 | AW91: 0 | AX91: 0 | AY91: 0 | AZ91: 0 | BA91: 0 | BB91: 0 | BC91: 0 | BD91: 0 | BE91: 0 | BF91: 0 | BG91: 0 | BH91: 0 | BI91: 0 | BJ91: 0 | BK91: 0 | BL91: 0 | BM91: 0 | BN91: 0 | BO91: 0 | BP91: 0 | BQ91: =SUM(E91:BP91) -> 1
C92: 7. ABDUL MUKSIN, S.Sos | E92: 0 | F92: 0 | G92: 0 | H92: 0 | I92: 0 | J92: 0 | K92: 0 | L92: 0 | M92: 0 | N92: 0 | O92: 0 | P92: 0 | Q92: 0 | R92: 0 | S92: 0 | T92: 0 | U92: 0 | V92: 0 | W92: 0 | X92: 0 | Y92: 0 | Z92: 0 | AA92: 0 | AB92: 0 | AC92: 0 | AD92: 1 | AE92: 0 | AF92: 0 | AG92: 0 | AH92: 0 | AI92: 0 | AJ92: 0 | AK92: 1 | AL92: 0 | AM92: 0 | AN92: 0 | AO92: 0 | AP92: 0 | AQ92: 0 | AR92: 0 | AS92: 0 | AT92: 0 | AU92: 0 | AV92: 0 | AW92: 0 | AX92: 0 | AY92: 0 | AZ92: 0 | BA92: 0 | BB92: 0 | BC92: 0 | BD92: 0 | BE92: 0 | BF92: 0 | BG92: 0 | BH92: 0 | BI92: 0 | BJ92: 0 | BK92: 0 | BL92: 0 | BM92: 0 | BN92: 0 | BO92: 0 | BP92: 0 | BQ92: =SUM(E92:BP92) -> 2
A93: B | B93: JUMLAH SUARA SAH PARTAI POLITIK DAN CALON (A1 + A2) | E93: =SUM(E85:E92) -> 1 | F93: =SUM(F85:F92) -> 0 | G93: =SUM(G85:G92) -> 0 | H93: =SUM(H85:H92) -> 0 | I93: =SUM(I85:I92) -> 3 | J93: =SUM(J85:J92) -> 9 | K93: =SUM(K85:K92) -> 15 | L93: =SUM(L85:L92) -> 85 | ... BP93: =SUM(BP85:BP92) -> 0 | BQ93: =SUM(E93:BP93) -> 510
BQ94: =SUM(E94:BP94) -> 0
A95: A.1 | B95: 6. | C95: Partai Buruh | E95: 1 | F95: 0 | G95: 0 | H95: 0 | I95: 0 | J95: 0 | K95: 0 | L95: 0 | M95: 0 | N95: 0 | O95: 1 | P95: 0 | Q95: 1 | R95: 0 | S95: 0 | T95: 0 | U95: 0 | V95: 0 | W95: 0 | X95: 0 | Y95: 0 | Z95: 0 | AA95: 0 | AB95: 0 | AC95: 0 | AD95: 0 | AE95: 0 | AF95: 0 | AG95: 1 | AH95: 1 | AI95: 0 | AJ95: 1 | AK95: 0 | AL95: 0 | AM95: 1 | AN95: 0 | AO95: 1 | AP95: 0 | AQ95: 0 | AR95: 1 | AS95: 1 | AT95: 0 | AU95: 0 | AV95: 0 | AW95: 1 | AX95: 0 | AY95: 0 | AZ95: 0 | BA95: 1 | BB95: 0 | BC95: 0 | BD95: 0 | BE95: 0 | BF95: 0 | BG95: 0 | BH95: 0 | BI95: 1 | BJ95: 0 | BK95: 0 | BL95: 0 | BM95: 1 | BN95: 1 | BO95: 0 | BP95: 0 | BQ95: =SUM(E95:BP95) -> 15
A96: A.2 | C96: 1. KHOIRUL ANWARI ARIF | E96: 0 | F96: 0 | G96: 0 | H96: 0 | I96: 1 | J96: 0 | K96: 0 | L96: 0 | M96: 0 | N96: 0 | O96: 0 | P96: 0 | Q96: 0 | R96: 1 | S96: 0 | T96: 0 | U96: 0 | V96: 1 | W96: 1 | X96: 0 | Y96: 1 | Z96: 0 | AA96: 0 | AC96: 0 | AD96: 0 | AE96: 0 | AF96: 0 | AG96: 0 | AH96: 0 | AI96: 0 | AJ96: 0 | AK96: 0 | AL96: 0 | AM96: 1 | AN96: 0 | AO96: 0 | AP96: 1 | AQ96: 1 | AR96: 0 | AS96: 0 | AT96: 0 | AU96: 0 | AV96: 0 | AW96: 0 | AX96: 0 | AY96: 0 | AZ96: 0 | BA96: 0 | BB96: 2 | BC96: 0 | BD96: 0 | BE96: 0 | BF96: 0 | BG96: 0 | BH96: 0 | BI96: 0 | BJ96: 0 | BK96: 0 | BL96: 0 | BM96: 0 | BN96: 0 | BO96: 0 | BP96: 0 | BQ96: =SUM(E96:BP96) -> 10
A97: B | B97: JUMLAH SUARA SAH PARTAI POLITIK DAN CALON (A1 + A2) | E97: =SUM(E95:E96) -> 1 | F97: =SUM(F95:F96) -> 0 | G97: =SUM(G95:G96) -> 0 | H97: =SUM(H95:H96) -> 0 | I97: =SUM(I95:I96) -> 1 | J97: =SUM(J95:J96) -> 0 | K97: =SUM(K95:K96) -> 0 | L97: =SUM(L95:L96) -> 0 | ... BP97: =SUM(BP95:BP96) -> 0 | BQ97: =SUM(E97:BP97) -> 25
BQ98: =SUM(E98:BP98) -> 0
A99: A.1 | B99: 7. | C99: Partai Gelombang Rakyat Indonesia | E99: 1 | F99: 0 | G99: 1 | H99: 2 | I99: 0 | J99: 0 | K99: 2 | L99: 1 | M99: 0 | N99: 0 | O99: 2 | P99: 0 | Q99: 0 | R99: 0 | S99: 0 | T99: 0 | U99: 0 | V99: 1 | W99: 0 | X99: 0 | Y99: 0 | Z99: 0 | AA99: 0 | AB99: 0 | AC99: 0 | AD99: 0 | AE99: 0 | AF99: 1 | AG99: 1 | AH99: 0 | AI99: 0 | AJ99: 0 | AK99: 0 | AL99: 0 | AM99: 2 | AN99: 4 | AO99: 1 | AP99: 0 | AQ99: 0 | AR99: 0 | AS99: 1 | AT99: 1 | AU99: 1 | AV99: 1 | AW99: 1 | AX99: 0 | AY99: 0 | AZ99: 0 | BA99: 1 | BB99: 0 | BC99: 0 | BD99: 0 | BE99: 0 | BF99: 0 | BG99: 2 | BH99: 0 | BI99: 0 | BJ99: 2 | BK99: 1 | BL99: 0 | BM99: 0 | BN99: 0 | BO99: 0 | BP99: 0 | BQ99: =SUM(E99:BP99) -> 30
A100: A.2 | C100: 1. WASIS | E100: 0 | F100: 0 | G100: 0 | H100: 2 | I100: 1 | J100: 0 | K100: 0 | L100: 0 | M100: 0 | N100: 0 | O100: 2 | P100: 0 | Q100: 1 | R100: 1 | S100: 1 | T100: 0 | U100: 0 | V100: 0 | W100: 1 | X100: 1 | Y100: 0 | Z100: 0 | AA100: 1 | AB100: 0 | AC100: 0 | AD100: 0 | AE100: 0 | AF100: 0 | AG100: 0 | AH100: 0 | AI100: 1 | AJ100: 0 | AK100: 2 | AM100: 0 | AN100: 0 | AO100: 1 | AP100: 0 | AQ100: 1 | AR100: 1 | AS100: 0 | AT100: 0 | AU100: 0 | AV100: 0 | AW100: 0 | AX100: 0 | AY100: 0 | AZ100: 0 | BA100: 0 | BB100: 0 | BC100: 0 | BD100: 0 | BE100: 0 | BF100: 0 | BG100: 0 | BH100: 0 | BI100: 0 | BJ100: 0 | BK100: 0 | BL100: 0 | BM100: 0 | BN100: 1 | BO100: 0 | BP100: 1 | BQ100: =SUM(E100:BP100) -> 19
A101: B | B101: JUMLAH SUARA SAH PARTAI POLITIK DAN CALON (A1 + A2) | E101: =SUM(E99:E100) -> 1 | F101: =SUM(F99:F100) -> 0 | G101: =SUM(G99:G100) -> 1 | H101: =SUM(H99:H100) -> 4 | I101: =SUM(I99:I100) -> 1 | J101: =SUM(J99:J100) -> 0 | K101: =SUM(K99:K100) -> 2 | L101: =SUM(L99:L100) -> 1 | ... BP101: =SUM(BP99:BP100) -> 1 | BQ101: =SUM(E101:BP101) -> 49
BQ102: =SUM(E102:BP102) -> 0
A103: A.1 | B103: 8. | C103: Partai Keadilan Sejahtera | E103: 1 | F103: 1 | G103: 0 | H103: 0 | I103: 2 | J103: 1 | K103: 0 | L103: 0 | M103: 0 | N103: 0 | O103: 0 | P103: 0 | Q103: 3 | R103: 1 | S103: 2 | T103: 4 | U103: 1 | V103: 2 | W103: 0 | X103: 0 | Y103: 0 | Z103: 0 | AA103: 0 | AB103: 0 | AC103: 0 | AD103: 0 | AE103: 0 | AF103: 1 | AG103: 2 | AH103: 1 | AI103: 6 | AJ103: 2 | AK103: 1 | AL103: 1 | AM103: 1 | AN103: 0 | AO103: 2 | AP103: 9 | AQ103: 7 | AR103: 5 | AS103: 6 | AT103: 6 | AU103: 0 | AV103: 0 | AW103: 0 | AX103: 4 | AY103: 5 | AZ103: 2 | BA103: 0 | BB103: 0 | BC103: 3 | BD103: 1 | BE103: 1 | BF103: 0 | BG103: 0 | BH103: 9 | BI103: 1 | BJ103: 0 | BK103: 1 | BL103: 0 | BM103: 0 | BN103: 0 | BO103: 0 | BP103: 7 | BQ103: =SUM(E103:BP103) -> 102
A104: A.2 | C104: 1. SRI WAHYUNI, S.Si. | E104: 13 | F104: 0 | G104: 8 | H104: 2 | I104: 3 | J104: 6 | K104: 7 | L104: 3 | M104: 7 | N104: 0 | O104: 1 | P104: 3 | Q104: 3 | R104: 3 | S104: 8 | T104: 4 | U104: 5 | V104: 9 | W104: 11 | X104: 7 | Y104: 4 | Z104: 0 | AA104: 0 | AB104: 2 | AC104: 0 | AD104: 1 | AE104: 1 | AF104: 12 | AG104: 5 | AH104: 1 | AI104: 3 | AJ104: 6 | AK104: 10 | AL104: 1 | AM104: 1 | AN104: 1 | AO104: 12 | AP104: 56 | AQ104: 28 | AR104: 17 | AS104: 18 | AT104: 39 | AU104: 0 | AV104: 2 | AW104: 4 | AX104: 6 | AY104: 14 | AZ104: 6 | BA104: 0 | BB104: 0 | BC104: 40 | BD104: 12 | BE104: 11 | BF104: 0 | BG104: 0 | BH104: 79 | BI104: 2 | BJ104: 1 | BK104: 4 | BL104: 12 | BM104: 2 | BN104: 4 | BO104: 1 | BP104: 49 | BQ104: =SUM(E104:BP104) -> 570
C105: 2. AHMAD FAISAL RIZAL | E105: 0 | F105: 0 | G105: 0 | H105: 0 | I105: 0 | J105: 0 | K105: 0 | L105: 0 | M105: 0 | N105: 0 | O105: 0 | P105: 0 | Q105: 1 | R105: 1 | S105: 0 | T105: 0 | U105: 0 | V105: 1 | W105: 1 | X105: 0 | Y105: 0 | Z105: 0 | AA105: 0 | AB105: 0 | AC105: 0 | AD105: 0 | AE105: 0 | AF105: 0 | AG105: 0 | AH105: 1 | AI105: 0 | AJ105: 3 | AK105: 0 | AL105: 0 | AM105: 0 | AN105: 0 | AO105: 0 | AP105: 0 | AQ105: 0 | AR105: 0 | AS105: 1 | AT105: 0 | AU105: 0 | AV105: 0 | AW105: 0 | AX105: 1 | AY105: 1 | AZ105: 0 | BA105: 0 | BB105: 0 | BC105: 0 | BD105: 0 | BE105: 1 | BF105: 0 | BG105: 0 | BH105: 0 | BI105: 0 | BJ105: 1 | BK105: 0 | BL105: 0 | BM105: 0 | BN105: 0 | BO105: 0 | BP105: 4 | BQ105: =SUM(E105:BP105) -> 17
C106: 3. SYAIFUL LATIF, S.P. | E106: 0 | F106: 0 | G106: 0 | H106: 0 | I106: 0 | J106: 0 | K106: 0 | L106: 0 | M106: 0 | N106: 0 | O106: 0 | P106: 0 | Q106: 2 | R106: 1 | S106: 0 | T106: 0 | U106: 0 | V106: 1 | W106: 0 | X106: 0 | Y106: 0 | Z106: 0 | AA106: 1 | AB106: 0 | AC106: 0 | AD106: 0 | AE106: 0 | AF106: 0 | AG106: 0 | AH106: 0 | AI106: 1 | AJ106: 4 | AK106: 0 | AL106: 0 | AM106: 0 | AN106: 0 | AO106: 0 | AP106: 0 | AQ106: 0 | AR106: 0 | AS106: 0 | AT106: 0 | AU106: 0 | AV106: 0 | AW106: 0 | AX106: 0 | AY106: 0 | AZ106: 0 | BA106: 0 | BB106: 0 | BC106: 0 | BD106: 0 | BE106: 0 | BF106: 0 | BG106: 0 | BH106: 1 | BI106: 0 | BJ106: 0 | BK106: 0 | BL106: 0 | BM106: 0 | BN106: 0 | BO106: 0 | BP106: 0 | BQ106: =SUM(E106:BP106) -> 11
C107: 4. WAWAN PRISTIAWAN, S.Pd. | E107: 0 | F107: 0 | G107: 0 | H107: 0 | I107: 0 | J107: 0 | K107: 0 | L107: 0 | M107: 0 | N107: 0 | O107: 0 | P107: 0 | Q107: 0 | R107: 0 | S107: 0 | T107: 0 | U107: 0 | V107: 0 | W107: 0 | X107: 1 | Y107: 0 | Z107: 0 | AA107: 0 | AB107: 1 | AC107: 1 | AD107: 0 | AE107: 0 | AF107: 0 | AG107: 0 | AH107: 0 | AI107: 0 | AJ107: 0 | AK107: 0 | AL107: 0 | AM107: 0 | AN107: 0 | AO107: 0 | AP107: 0 | AQ107: 0 | AR107: 0 | AS107: 0 | AT107: 0 | AU107: 0 | AV107: 0 | AW107: 0 | AX107: 0 | AY107: 0 | AZ107: 0 | BA107: 0 | BB107: 0 | BC107: 0 | BD107: 0 | BE107: 0 | BF107: 0 | BG107: 0 | BH107: 0 | BI107: 0 | BJ107: 0 | BK107: 0 | BL107: 0 | BM107: 0 | BN107: 0 | BO107: 0 | BP107: 0 | BQ107: =SUM(E107:BP107) -> 3
C108: 5. FONI AGUSTIN, S.E. | E108: 0 | F108: 0 | G108: 0 | H108: 0 | I108: 0 | J108: 0 | K108: 0 | L108: 0 | M108: 0 | N108: 0 | O108: 0 | P108: 0 | Q108: 0 | R108: 0 | S108: 0 | T108: 1 | U108: 0 | V108: 0 | W108: 0 | X108: 0 | Y108: 0 | Z108: 0 | AA108: 0 | AB108: 0 | AC108: 0 | AD108: 0 | AE108: 0 | AF108: 0 | AG108: 0 | AH108: 0 | AI108: 0 | AJ108: 1 | AK108: 0 | AL108: 1 | AM108: 0 | AN108: 0 | AO108: 0 | AP108: 0 | AQ108: 0 | AR108: 0 | AS108: 0 | AT108: 0 | AU108: 0 | AV108: 0 | AW108: 0 | AX108: 0 | AY108: 0 | AZ108: 0 | BA108: 0 | BB108: 0 | BC108: 0 | BD108: 0 | BE108: 0 | BF108: 0 | BG108: 0 | BH108: 1 | BI108: 1 | BJ108: 0 | BK108: 0 | BL108: 0 | BM108: 0 | BN108: 0 | BO108: 0 | BP108: 0 | BQ108: =SUM(E108:BP108) -> 5
C109: 6. ST. ROFIAH | E109: 0 | F109: 0 | G109: 0 | H109: 0 | I109: 0 | J109: 2 | K109: 0 | L109: 0 | M109: 0 | N109: 0 | O109: 0 | P109: 0 | Q109: 0 | R109: 0 | S109: 0 | T109: 1 | U109: 0 | V109: 0 | W109: 1 | X109: 0 | Y109: 1 | Z109: 0 | AA109: 0 | AB109: 0 | AC109: 0 | AD109: 0 | AE109: 0 | AF109: 1 | AG109: 9 | AH109: 9 | AI109: 10 | AJ109: 1 | AK109: 0 | AL109: 2 | AM109: 0 | AN109: 0 | AO109: 0 | AP109: 0 | AQ109: 0 | AR109: 0 | AS109: 0 | AT109: 0 | AU109: 1 | AV109: 0 | AW109: 0 | AX109: 0 | AY109: 1 | AZ109: 1 | BA109: 0 | BB109: 1 | BC109: 0 | BD109: 0 | BE109: 0 | BF109: 0 | BG109: 0 | BH109: 0 | BI109: 0 | BJ109: 0 | BK109: 0 | BL109: 0 | BM109: 0 | BN109: 0 | BO109: 0 | BP109: 0 | BQ109: =SUM(E109:BP109) -> 41
C110: 7. SAPTO LASONGKO, S.S. | E110: 0 | F110: 0 | G110: 0 | H110: 0 | I110: 0 | J110: 0 | K110: 0 | L110: 0 | M110: 0 | N110: 0 | O110: 0 | P110: 0 | Q110: 0 | R110: 0 | S110: 0 | T110: 0 | U110: 0 | V110: 1 | W110: 0 | X110: 0 | Y110: 0 | Z110: 0 | AA110: 0 | AB110: 0 | AC110: 0 | AD110: 1 | AE110: 0 | AF110: 0 | AG110: 0 | AH110: 0 | AI110: 0 | AJ110: 0 | AK110: 0 | AL110: 0 | AM110: 0 | AN110: 0 | AO110: 0 | AP110: 0 | AQ110: 0 | AR110: 0 | AS110: 0 | AT110: 0 | AU110: 0 | AV110: 0 | AW110: 0 | AX110: 0 | AY110: 0 | AZ110: 0 | BA110: 0 | BB110: 0 | BC110: 0 | BD110: 0 | BE110: 0 | BF110: 0 | BG110: 0 | BH110: 0 | BI110: 0 | BJ110: 0 | BK110: 0 | BL110: 0 | BM110: 0 | BN110: 0 | BO110: 0 | BP110: 0 | BQ110: =SUM(E110:BP110) -> 2
A111: B | B111: JUMLAH SUARA SAH PARTAI POLITIK DAN CALON (A1 + A2) | E111: =SUM(E103:E110) -> 14 | F111: =SUM(F103:F110) -> 1 | G111: =SUM(G103:G110) -> 8 | H111: =SUM(H103:H110) -> 2 | I111: =SUM(I103:I110) -> 5 | J111: =SUM(J103:J110) -> 9 | K111: =SUM(K103:K110) -> 7 | L111: =SUM(L103:L110) -> 3 | ... BP111: =SUM(BP103:BP110) -> 60 | BQ111: =SUM(E111:BP111) -> 751
...

Sheet SETAIL
C2: Kecamatan | D2: GENTENG
C3: Kabupaten | D3: BANYUWANGI
C4: Provinsi | D4: JAWA TIMUR
C9: Kelurahan | D9: SETAIL
A12: I | B12: DATA PEMILIH DAN PENGGUNAAN HAK PILIH | BC12: JUMLAH AKHIR
A13: A | B13: DATA PEMILIH | E13: TPS 001 | F13: TPS 002 | G13: TPS 003 | H13: TPS 004 | I13: TPS 005 | J13: TPS 006 | K13: TPS 007 | L13: TPS 008 | M13: TPS 009 | N13: TPS 010 | O13: TPS 011 | P13: TPS 012 | Q13: TPS 013 | R13: TPS 014 | S13: TPS 015 | T13: TPS 016 | U13: TPS 017 | V13: TPS 018 | W13: TPS 019 | X13: TPS 020 | Y13: TPS 021 | Z13: TPS 022 | AA13: TPS 023 | AB13: TPS 024 | AC13: TPS 025 | AD13: TPS 026 | AE13: TPS 027 | AF13: TPS 028 | AG13: TPS 029 | AH13: TPS 030 | AI13: TPS 031 | AJ13: TPS 032 | AK13: TPS 033 | AL13: TPS 034 | AM13: TPS 035 | AN13: TPS 036 | AO13: TPS 037 | AP13: TPS 038 | AQ13: TPS 039 | AR13: TPS 040 | AS13: TPS 041 | AT13: TPS 042 | AU13: TPS 043 | AV13: TPS 044 | AW13: TPS 045 | AX13: TPS 046 | AY13: TPS 047 | AZ13: TPS 048 | BA13: TPS 049 | BB13: TPS 050
B14: Jumlah Pemilih dalam Daftar Pemilih Tetap (DPT) | D14: LK | E14: 143 | F14: 107 | G14: 68 | H14: 146 | I14: 65 | J14: 125 | K14: 146 | L14: 108 | M14: 136 | N14: 140 | O14: 124 | P14: 121 | Q14: 106 | R14: 145 | S14: 150 | T14: 143 | U14: 138 | V14: 106 | W14: 123 | X14: 137 | Y14: 150 | Z14: 136 | AA14: 143 | AB14: 147 | AC14: 141 | AD14: 121 | AE14: 146 | AF14: 144 | AG14: 147 | AH14: 153 | AI14: 135 | AJ14: 149 | AK14: 140 | AL14: 146 | AM14: 119 | AN14: 144 | AO14: 143 | AP14: 90 | AQ14: 92 | AR14: 124 | AS14: 114 | AT14: 141 | AU14: 91 | AV14: 145 | AW14: 145 | AX14: 146 | AY14: 128 | AZ14: 132 | BA14: 108 | BB14: 129 | BC14: =SUM(E14:BB14) -> 6466
D15: PR | E15: 141 | F15: 109 | G15: 86 | H15: 147 | I15: 71 | J15: 125 | K15: 128 | L15: 125 | M15: 147 | N15: 144 | O15: 121 | P15: 119 | Q15: 99 | R15: 142 | S15: 143 | T15: 147 | U15: 156 | V15: 108 | W15: 123 | X15: 126 | Y15: 134 | Z15: 134 | AA15: 139 | AB15: 135 | AC15: 143 | AD15: 103 | AE15: 128 | AF15: 128 | AG15: 135 | AH15: 135 | AI15: 145 | AJ15: 126 | AK15: 150 | AL15: 128 | AM15: 114 | AN15: 143 | AO15: 138 | AP15: 94 | AQ15: 92 | AR15: 120 | AS15: 123 | AT15: 142 | AU15: 81 | AV15: 123 | AW15: 137 | AX15: 152 | AY15: 140 | AZ15: 122 | BA15: 102 | BB15: 129 | BC15: =SUM(E15:BB15) -> 6322
D16: JML | E16: =SUM(E14:E15) -> 284 | F16: =SUM(F14:F15) -> 216 | G16: =SUM(G14:G15) -> 154 | H16: =SUM(H14:H15) -> 293 | I16: =SUM(I14:I15) -> 136 | J16: =SUM(J14:J15) -> 250 | K16: =SUM(K14:K15) -> 274 | L16: =SUM(L14:L15) -> 233 | ... BB16: =SUM(BB14:BB15) -> 258 | BC16: =SUM(E16:BB16) -> 12788
A18: B | B18: PENGGUNA HAK PILIH
B19: 1. | C19: Jumlah pengguna hak pilih dalam Daftar Pemilih Tetap (DPT) | D19: LK | E19: 105 | F19: 93 | G19: 59 | H19: 99 | I19: 45 | J19: 94 | K19: 113 | L19: 88 | M19: 104 | N19: 95 | O19: 90 | P19: 89 | Q19: 82 | R19: 112 | S19: 113 | T19: 104 | U19: 107 | V19: 84 | W19: 97 | X19: 90 | Y19: 96 | Z19: 108 | AA19: 111 | AB19: 108 | AC19: 104 | AD19: 89 | AE19: 113 | AF19: 114 | AG19: 120 | AH19: 111 | AI19: 107 | AJ19: 102 | AK19: 109 | AL19: 106 | AM19: 92 | AN19: 109 | AO19: 108 | AP19: 74 | AQ19: 74 | AR19: 91 | AS19: 91 | AT19: 103 | AU19: 69 | AV19: 115 | AW19: 108 | AX19: 110 | AY19: 101 | AZ19: 101 | BA19: 78 | BB19: 97 | BC19: =SUM(E19:BB19) -> 4882
D20: PR | E20: 115 | F20: 84 | G20: 81 | H20: 108 | I20: 57 | J20: 90 | K20: 120 | L20: 100 | M20: 114 | N20: 119 | O20: 95 | P20: 91 | Q20: 81 | R20: 128 | S20: 124 | T20: 120 | U20: 128 | V20: 84 | W20: 89 | X20: 95 | Y20: 100 | Z20: 114 | AA20: 122 | AB20: 113 | AC20: 115 | AD20: 81 | AE20: 95 | AF20: 101 | AG20: 115 | AH20: 110 | AI20: 114 | AJ20: 107 | AK20: 131 | AL20: 112 | AM20: 98 | AN20: 118 | AO20: 122 | AP20: 89 | AQ20: 74 | AR20: 95 | AS20: 103 | AT20: 113 | AU20: 65 | AV20: 106 | AW20: 106 | AX20: 121 | AY20: 120 | AZ20: 100 | BA20: 78 | BB20: 111 | BC20: =SUM(E20:BB20) -> 5172
D21: JML | E21: =SUM(E19:E20) -> 220 | F21: =SUM(F19:F20) -> 177 | G21: =SUM(G19:G20) -> 140 | H21: =SUM(H19:H20) -> 207 | I21: =SUM(I19:I20) -> 102 | J21: =SUM(J19:J20) -> 184 | K21: =SUM(K19:K20) -> 233 | L21: =SUM(L19:L20) -> 188 | ... BB21: =SUM(BB19:BB20) -> 208 | BC21: =SUM(E21:BB21) -> 10054
B22: 2. | C22: Jumlah pengguna hak pilih dalam Daftar Pemilih Tambahan (DPTb) | D22: LK | E22: 0 | F22: 2 | G22: 1 | H22: 1 | I22: 0 | J22: 0 | K22: 0 | L22: 1 | M22: 0 | N22: 2 | O22: 0 | P22: 0 | Q22: 0 | R22: 0 | S22: 0 | T22: 1 | U22: 0 | V22: 1 | W22: 0 | X22: 1 | Y22: 0 | Z22: 0 | AA22: 0 | AB22: 0 | AC22: 1 | AD22: 0 | AE22: 0 | AF22: 0 | AG22: 0 | AH22: 0 | AI22: 0 | AJ22: 0 | AK22: 0 | AL22: 0 | AM22: 0 | AN22: 0 | AO22: 0 | AP22: 0 | AQ22: 0 | AR22: 0 | AS22: 0 | AT22: 1 | AU22: 0 | AV22: 1 | AW22: 1 | AX22: 0 | AY22: 0 | AZ22: 0 | BA22: 0 | BB22: 0 | BC22: =SUM(E22:BB22) -> 14
D23: PR | E23: 0 | F23: 1 | G23: 0 | H23: 0 | I23: 0 | J23: 0 | K23: 0 | L23: 0 | M23: 0 | N23: 0 | O23: 0 | P23: 0 | Q23: 0 | R23: 0 | S23: 1 | T23: 0 | U23: 0 | V23: 0 | W23: 0 | X23: 1 | Y23: 2 | Z23: 0 | AA23: 0 | AB23: 1 | AC23: 0 | AD23: 0 | AE23: 0 | AF23: 0 | AG23: 0 | AH23: 0 | AI23: 0 | AJ23: 2 | AK23: 0 | AL23: 1 | AM23: 0 | AN23: 0 | AO23: 0 | AP23: 0 | AQ23: 0 | AR23: 0 | AS23: 0 | AT23: 1 | AU23: 0 | AV23: 0 | AW23: 2 | AX23: 1 | AY23: 0 | AZ23: 0 | BA23: 0 | BB23: 1 | BC23: =SUM(E23:BB23) -> 14
D24: JML | E24: =SUM(E22:E23) -> 0 | F24: =SUM(F22:F23) -> 3 | G24: =SUM(G22:G23) -> 1 | H24: =SUM(H22:H23) -> 1 | I24: =SUM(I22:I23) -> 0 | J24: =SUM(J22:J23) -> 0 | K24: =SUM(K22:K23) -> 0 | L24: =SUM(L22:L23) -> 1 | ... BB24: =SUM(BB22:BB23) -> 1 | BC24: =SUM(E24:BB24) -> 28
B25: 3. | C25: Jumlah pengguna hak pilih dalam Daftar Pemilih Khusus (DPK) | D25: LK | E25: 0 | F25: 0 | G25: 0 | H25: 0 | I25: 0 | J25: 2 | K25: 2 | L25: 0 | M25: 0 | N25: 1 | O25: 2 | P25: 1 | Q25: 0 | R25: 1 | S25: 3 | T25: 0 | U25: 1 | V25: 1 | W25: 2 | X25: 4 | Y25: 0 | Z25: 1 | AA25: 3 | AB25: 0 | AC25: 1 | AD25: 2 | AE25: 0 | AF25: 0 | AG25: 2 | AH25: 1 | AI25: 2 | AJ25: 3 | AK25: 0 | AL25: 3 | AM25: 1 | AN25: 0 | AO25: 1 | AP25: 0 | AQ25: 0 | AR25: 1 | AS25: 0 | AT25: 5 | AU25: 2 | AV25: 0 | AW25: 2 | AX25: 0 | AY25: 0 | AZ25: 2 | BA25: 0 | BB25: 1 | BC25: =SUM(E25:BB25) -> 53
D26: PR | E26: 2 | F26: 1 | G26: 0 | H26: 0 | I26: 1 | J26: 1 | K26: 2 | L26: 1 | M26: 1 | N26: 1 | O26: 0 | P26: 0 | Q26: 0 | R26: 0 | S26: 1 | T26: 0 | U26: 5 | V26: 0 | W26: 0 | X26: 3 | Y26: 1 | Z26: 2 | AA26: 3 | AB26: 0 | AC26: 0 | AD26: 3 | AE26: 2 | AF26: 0 | AG26: 1 | AH26: 4 | AI26: 6 | AJ26: 1 | AK26: 1 | AL26: 3 | AM26: 1 | AN26: 2 | AO26: 1 | AP26: 0 | AQ26: 1 | AR26: 1 | AS26: 0 | AT26: 1 | AU26: 2 | AV26: 0 | AW26: 7 | AX26: 0 | AY26: 0 | AZ26: 5 | BA26: 0 | BB26: 1 | BC26: =SUM(E26:BB26) -> 68
D27: JML | E27: =SUM(E25:E26) -> 2 | F27: =SUM(F25:F26) -> 1 | G27: =SUM(G25:G26) -> 0 | H27: =SUM(H25:H26) -> 0 | I27: =SUM(I25:I26) -> 1 | J27: =SUM(J25:J26) -> 3 | K27: =SUM(K25:K26) -> 4 | L27: =SUM(L25:L26) -> 1 | ... BB27: =SUM(BB25:BB26) -> 2 | BC27: =SUM(E27:BB27) -> 121
B28: 4. | C28: Jumlah Pengguna Hak Pilih (B.1+B.2+B.3) | D28: LK | E28: =SUM(E19,E22,E25) -> 105 | F28: =SUM(F19,F22,F25) -> 95 | G28: =SUM(G19,G22,G25) -> 60 | H28: =SUM(H19,H22,H25) -> 100 | I28: =SUM(I19,I22,I25) -> 45 | J28: =SUM(J19,J22,J25) -> 96 | K28: =SUM(K19,K22,K25) -> 115 | L28: =SUM(L19,L22,L25) -> 89 | ... BB28: =SUM(BB19,BB22,BB25) -> 98 | BC28: =SUM(E28:BB28) -> 4949
D29: PR | E29: =SUM(E20,E23,E26) -> 117 | F29: =SUM(F20,F23,F26) -> 86 | G29: =SUM(G20,G23,G26) -> 81 | H29: =SUM(H20,H23,H26) -> 108 | I29: =SUM(I20,I23,I26) -> 58 | J29: =SUM(J20,J23,J26) -> 91 | K29: =SUM(K20,K23,K26) -> 122 | L29: =SUM(L20,L23,L26) -> 101 | ... BB29: =SUM(BB20,BB23,BB26) -> 113 | BC29: =SUM(E29:BB29) -> 5254
D30: JML | E30: =SUM(E28:E29) -> 222 | F30: =SUM(F28:F29) -> 181 | G30: =SUM(G28:G29) -> 141 | H30: =SUM(H28:H29) -> 208 | I30: =SUM(I28:I29) -> 103 | J30: =SUM(J28:J29) -> 187 | K30: =SUM(K28:K29) -> 237 | L30: =SUM(L28:L29) -> 190 | ... BB30: =SUM(BB28:BB29) -> 211 | BC30: =SUM(E30:BB30) -> 10203
A32: II | B32: DATA PENGGUNAAN SURAT SUARA
A33: 1 | B33: Jumlah surat suara yang diterima, termasuk surat suara cadangan 2,5% dari DPT | E33: 290 | F33: 222 | G33: 158 | H33: 299 | I33: 139 | J33: 255 | K33: 280 | L33: 238 | M33: 289 | N33: 290 | O33: 250 | P33: 245 | Q33: 210 | R33: 293 | S33: 300 | T33: 296 | U33: 300 | V33: 219 | W33: 251 | X33: 268 | Y33: 290 | Z33: 276 | AA33: 289 | AB33: 288 | AC33: 300 | AD33: 229 | AE33: 280 | AF33: 279 | AG33: 288 | AH33: 294 | AI33: 286 | AJ33: 281 | AK33: 281 | AL33: 280 | AM33: 238 | AN33: 293 | AO33: 287 | AP33: 188 | AQ33: 188 | AR33: 249 | AS33: 242 | AT33: 290 | AU33: 176 | AV33: 274 | AW33: 288 | AX33: 304 | AY33: 274 | AZ33: 260 | BA33: 215 | BB33: 264 | BC33: =SUM(E33:BB33) -> 13063
A34: 2 | B34: Jumlah surat suara yang digunakan | E34: 222 | F34: 181 | G34: 141 | H34: 208 | I34: 103 | J34: 187 | K34: 237 | L34: 190 | M34: 219 | N34: 218 | O34: 187 | P34: 181 | Q34: 163 | R34: 241 | S34: 242 | T34: 225 | U34: 241 | V34: 170 | W34: 188 | X34: 194 | Y34: 199 | Z34: 225 | AA34: 239 | AB34: 222 | AC34: 221 | AD34: 175 | AE34: 210 | AF34: 215 | AG34: 238 | AH34: 226 | AI34: 229 | AJ34: 215 | AK34: 241 | AL34: 225 | AM34: 192 | AN34: 229 | AO34: 232 | AP34: 163 | AQ34: 149 | AR34: 188 | AS34: 194 | AT34: 224 | AU34: 138 | AV34: 222 | AW34: 226 | AX34: 232 | AY34: 221 | AZ34: 208 | BA34: 156 | BB34: 211 | BC34: =SUM(E34:BB34) -> 10203
A35: 3 | B35: Jumlah surat suara dikembalikan oleh pemilih (karena rusak atau keliru coblos) | E35: 0 | F35: 0 | G35: 0 | H35: 0 | I35: 0 | J35: 0 | K35: 1 | L35: 0 | M35: 0 | N35: 0 | O35: 0 | P35: 0 | Q35: 2 | R35: 2 | S35: 1 | T35: 1 | U35: 0 | V35: 0 | W35: 0 | X35: 0 | Y35: 2 | Z35: 1 | AA35: 0 | AB35: 1 | AC35: 0 | AD35: 0 | AE35: 0 | AF35: 2 | AG35: 0 | AH35: 0 | AI35: 0 | AJ35: 0 | AK35: 1 | AL35: 1 | AM35: 0 | AN35: 0 | AO35: 0 | AP35: 0 | AQ35: 0 | AR35: 1 | AS35: 0 | AT35: 0 | AU35: 0 | AV35: 2 | AW35: 0 | AX35: 0 | AY35: 3 | AZ35: 1 | BA35: 0 | BB35: 0 | BC35: =SUM(E35:BB35) -> 22
A36: 4 | B36: Jumlah surat suara yang tidak digunakan/tidak terpakai, termasuk sisa surat suara cadangan | E36: =E33-(E34+E35) -> 68 | F36: =F33-(F34+F35) -> 41 | G36: =G33-(G34+G35) -> 17 | H36: =H33-(H34+H35) -> 91 | I36: =I33-(I34+I35) -> 36 | J36: =J33-(J34+J35) -> 68 | K36: =K33-(K34+K35) -> 42 | L36: =L33-(L34+L35) -> 48 | ... BB36: =BB33-(BB34+BB35) -> 53 | BC36: =SUM(E36:BB36) -> 2838
A38: III | B38: DATA PEMILIH DISABILITAS
B39: Jumlah seluruh Pemilih disabilitas yang menggunakan hak pilih | D39: LK | E39: 1 | F39: 1 | G39: 0 | H39: 1 | I39: 0 | J39: 0 | K39: 1 | L39: 0 | M39: 0 | N39: 0 | O39: 0 | P39: 0 | Q39: 0 | R39: 0 | S39: 1 | T39: 0 | U39: 0 | V39: 0 | W39: 0 | X39: 0 | Y39: 1 | Z39: 0 | AA39: 0 | AB39: 0 | AC39: 0 | AD39: 0 | AE39: 0 | AF39: 0 | AG39: 0 | AH39: 1 | AI39: 0 | AJ39: 0 | AK39: 0 | AL39: 0 | AM39: 0 | AN39: 4 | AO39: 0 | AP39: 0 | AQ39: 0 | AR39: 0 | AS39: 0 | AT39: 0 | AU39: 0 | AV39: 0 | AW39: 0 | AX39: 0 | AY39: 0 | AZ39: 0 | BA39: 1 | BB39: 0 | BC39: =SUM(E39:BB39) -> 12
