Workbook

Sheet DPRD KABUPATEN
C8: Kecamatan | D8: GIRI
C9: Kabupaten | D9: BANYUWANGI
C10: Provinsi | D10: JAWA TIMUR
A12: I | B12: DATA PEMILIH DAN PENGGUNAAN HAK PILIH | E12: JUMLAH AKHIR
A13: A | B13: DATA PEMILIH
B14: Jumlah Pemilih dalam Daftar Pemilih Tetap (DPT) | D14: LK | E14: =BOYOLANGU!U14+GIRI!V14+GROGOL!V14+JAMBESARI!O14+MOJOPANGGUNG!V14+PENATABAN!V14 -> 12715
D15: PR | E15: =BOYOLANGU!U15+GIRI!V15+GROGOL!V15+JAMBESARI!O15+MOJOPANGGUNG!V15+PENATABAN!V15 -> 12285
D16: JML | E16: =SUM(E14:E15) -> 25000
A18: B | B18: PENGGUNA HAK PILIH
B19: 1. | C19: Jumlah pengguna hak pilih dalam Daftar Pemilih Tetap (DPT) | D19: LK | E19: =BOYOLANGU!U19+GIRI!V19+GROGOL!V19+JAMBESARI!O19+MOJOPANGGUNG!V19+PENATABAN!V19 -> 9244
D20: PR | E20: =BOYOLANGU!U20+GIRI!V20+GROGOL!V20+JAMBESARI!O20+MOJOPANGGUNG!V20+PENATABAN!V20 -> 10203
D21: JML | E21: =SUM(E19:E20) -> 19447
B22: 2. | C22: Jumlah pengguna hak pilih dalam Daftar Pemilih Tambahan (DPTb) | D22: LK | E22: =BOYOLANGU!U22+GIRI!V22+GROGOL!V22+JAMBESARI!O22+MOJOPANGGUNG!V22+PENATABAN!V22 -> 52
D23: PR | E23: =BOYOLANGU!U23+GIRI!V23+GROGOL!V23+JAMBESARI!O23+MOJOPANGGUNG!V23+PENATABAN!V23 -> 14
D24: JML | E24: =SUM(E22:E23) -> 66
B25: 3. | C25: Jumlah pengguna hak pilih dalam Daftar Pemilih Khusus (DPK) | D25: LK | E25: =BOYOLANGU!U25+GIRI!V25+GROGOL!V25+JAMBESARI!O25+MOJOPANGGUNG!V25+PENATABAN!V25 -> 52
D26: PR | E26: =BOYOLANGU!U26+GIRI!V26+GROGOL!V26+JAMBESARI!O26+MOJOPANGGUNG!V26+PENATABAN!V26 -> 95
D27: JML | E27: =SUM(E25:E26) -> 147
B28: 4. | C28: Jumlah Pengguna Hak Pilih (B.1+B.2+B.3) | D28: LK | E28: =E19+E22+E25 -> 9348
D29: PR | E29: =E20+E23+E26 -> 10312
D30: JML | E30: =SUM(E28:E29) -> 19660
A32: II | B32: DATA PENGGUNAAN SURAT SUARA
A33: 1 | B33: Jumlah surat suara yang diterima, termasuk surat suara cadangan 2,5% dari DPT | E33: =BOYOLANGU!U33+GIRI!V33+GROGOL!V33+JAMBESARI!O33+MOJOPANGGUNG!V33+PENATABAN!V33 -> 25496
A34: 2 | B34: Jumlah surat suara yang digunakan | E34: =BOYOLANGU!U34+GIRI!V34+GROGOL!V34+JAMBESARI!O34+MOJOPANGGUNG!V34+PENATABAN!V34 -> 19660
A35: 3 | B35: Jumlah surat suara dikembalikan oleh pemilih (karena rusak atau keliru coblos) | E35: =BOYOLANGU!U35+GIRI!V35+GROGOL!V35+JAMBESARI!O35+MOJOPANGGUNG!V35+PENATABAN!V35 -> 45
A36: 4 | B36: Jumlah surat suara yang tidak digunakan/tidak terpakai, termasuk sisa surat suara cadangan | E36: =E33-(E34+E35) -> 5791
A38: III | B38: DATA PEMILIH DISABILITAS
B39: Jumlah seluruh Pemilih disabilitas yang menggunakan hak pilih | D39: LK | E39: =BOYOLANGU!U39+GIRI!V39+GROGOL!V39+JAMBESARI!O39+MOJOPANGGUNG!V39+PENATABAN!V39 -> 26
D40: PR | E40: =BOYOLANGU!U40+GIRI!V40+GROGOL!V40+JAMBESARI!O40+MOJOPANGGUNG!V40+PENATABAN!V40 -> 20
D41: JML | E41: =SUM(E39:E40) -> 46
A43: IV | B43: DATA RINCIAN PEROLEHAN SUARA PASANGAN CALON BUPATI DAN WAKIL BUPATI
A44: NOMOR DAN NAMA CALON
A45: A.1 | B45: 1. | C45: Partai Kebangkitan Bangsa | E45: =BOYOLANGU!U45+GIRI!V45+GROGOL!V45+JAMBESARI!O45+MOJOPANGGUNG!V45+PENATABAN!V45 -> 950
A46: A.2 | B46: 1 | C46: HJ. SITI MAKHROCHATIN NI’MAH, S.PD., M.M. | E46: =BOYOLANGU!U46+GIRI!V46+GROGOL!V46+JAMBESARI!O46+MOJOPANGGUNG!V46+PENATABAN!V46 -> 2709
B47: 2 | C47: A. TAUFIK | E47: =BOYOLANGU!U47+GIRI!V47+GROGOL!V47+JAMBESARI!O47+MOJOPANGGUNG!V47+PENATABAN!V47 -> 114
B48: 3 | C48: KHOIRUL FAHMI ISKANDAR, S.PD | E48: =BOYOLANGU!U48+GIRI!V48+GROGOL!V48+JAMBESARI!O48+MOJOPANGGUNG!V48+PENATABAN!V48 -> 87
B49: 4 | C49: AKHMAD, S.PD., M.M. | E49: =BOYOLANGU!U49+GIRI!V49+GROGOL!V49+JAMBESARI!O49+MOJOPANGGUNG!V49+PENATABAN!V49 -> 20
B50: 5 | C50: SOFI WULANDARI, S.H. | E50: =BOYOLANGU!U50+GIRI!V50+GROGOL!V50+JAMBESARI!O50+MOJOPANGGUNG!V50+PENATABAN!V50 -> 62
B51: 6 | C51: AL MA’ARIF | E51: =BOYOLANGU!U51+GIRI!V51+GROGOL!V51+JAMBESARI!O51+MOJOPANGGUNG!V51+PENATABAN!V51 -> 87
A52: B | B52: JUMLAH SUARA SAH PARTAI POLITIK DAN CALON (A1 + A2) | E52: =SUM(E45:E51) -> 4029
A54: A.1 | B54: 2. | C54: Partai Gerakan Indonesia Raya | E54: =BOYOLANGU!U54+GIRI!V54+GROGOL!V54+JAMBESARI!O54+MOJOPANGGUNG!V54+PENATABAN!V54 -> 855
A55: A.2 | B55: 1 | C55: ASRILA DISKA RIMUNDA | E55: =BOYOLANGU!U55+GIRI!V55+GROGOL!V55+JAMBESARI!O55+MOJOPANGGUNG!V55+PENATABAN!V55 -> 610
B56: 2 | C56: ANIK MUSYAROFAH | E56: =BOYOLANGU!U56+GIRI!V56+GROGOL!V56+JAMBESARI!O56+MOJOPANGGUNG!V56+PENATABAN!V56 -> 512
B57: 3 | C57: JOKO MISBONO | E57: =BOYOLANGU!U57+GIRI!V57+GROGOL!V57+JAMBESARI!O57+MOJOPANGGUNG!V57+PENATABAN!V57 -> 106
B58: 4 | C58: REKTO PUSPITASARI | E58: =BOYOLANGU!U58+GIRI!V58+GROGOL!V58+JAMBESARI!O58+MOJOPANGGUNG!V58+PENATABAN!V58 -> 63
B59: 5 | C59: AHMAD KHOMSI WAHYUDI | E59: =BOYOLANGU!U59+GIRI!V59+GROGOL!V59+JAMBESARI!O59+MOJOPANGGUNG!V59+PENATABAN!V59 -> 32
B60: 6 | C60: ACHI RIZAL FIRDAUS | E60: =BOYOLANGU!U60+GIRI!V60+GROGOL!V60+JAMBESARI!O60+MOJOPANGGUNG!V60+PENATABAN!V60 -> 153
A61: B | B61: JUMLAH SUARA SAH PARTAI POLITIK DAN CALON (A1 + A2) | E61: =SUM(E54:E60) -> 2331
A63: A.1 | B63: 3. | C63: Partai Demokrasi Indonesia Perjuangan | E63: =BOYOLANGU!U63+GIRI!V63+GROGOL!V63+JAMBESARI!O63+MOJOPANGGUNG!V63+PENATABAN!V63 -> 676
A64: A.2 | B64: 1 | C64: I MADE CAHYANA NEGARA, S.E. | E64: =BOYOLANGU!U64+GIRI!V64+GROGOL!V64+JAMBESARI!O64+MOJOPANGGUNG!V64+PENATABAN!V64 -> 898
B65: 2 | C65: AGUS WAHYU PANOTO, S.H. | E65: =BOYOLANGU!U65+GIRI!V65+GROGOL!V65+JAMBESARI!O65+MOJOPANGGUNG!V65+PENATABAN!V65 -> 155
B66: 3 | C66: IIS SUMIYATI | E66: =BOYOLANGU!U66+GIRI!V66+GROGOL!V66+JAMBESARI!O66+MOJOPANGGUNG!V66+PENATABAN!V66 -> 139
B67: 4 | C67: ACHMAD MUZAMMIL | E67: =BOYOLANGU!U67+GIRI!V67+GROGOL!V67+JAMBESARI!O67+MOJOPANGGUNG!V67+PENATABAN!V67 -> 68
B68: 5 | C68: WENDRIAWANTO | E68: =BOYOLANGU!U68+GIRI!V68+GROGOL!V68+JAMBESARI!O68+MOJOPANGGUNG!V68+PENATABAN!V68 -> 1151
B69: 6 | C69: PUTRI MEGA AYU WIDIARTI | E69: =BOYOLANGU!U69+GIRI!V69+GROGOL!V69+JAMBESARI!O69+MOJOPANGGUNG!V69+PENATABAN!V69 -> 57
A70: B | B70: JUMLAH SUARA SAH PARTAI POLITIK DAN CALON (A1 + A2) | E70: =SUM(E63:E69) -> 3144
A72: A.1 | B72: 4. | C72: Partai Golongan Karya | E72: =BOYOLANGU!U72+GIRI!V72+GROGOL!V72+JAMBESARI!O72+MOJOPANGGUNG!V72+PENATABAN!V72 -> 423
A73: A.2 | B73: 1 | C73: UMI KULSUM, S.H. | E73: =BOYOLANGU!U73+GIRI!V73+GROGOL!V73+JAMBESARI!O73+MOJOPANGGUNG!V73+PENATABAN!V73 -> 1649
B74: 2 | C74: SONNY PRAKOSO INDRA, S.E. | E74: =BOYOLANGU!U74+GIRI!V74+GROGOL!V74+JAMBESARI!O74+MOJOPANGGUNG!V74+PENATABAN!V74 -> 967
B75: 3 | C75: ERJUNA SITI FATIMAH | E75: =BOYOLANGU!U75+GIRI!V75+GROGOL!V75+JAMBESARI!O75+MOJOPANGGUNG!V75+PENATABAN!V75 -> 40
B76: 4 | C76: SITI MARIYAM | E76: =BOYOLANGU!U76+GIRI!V76+GROGOL!V76+JAMBESARI!O76+MOJOPANGGUNG!V76+PENATABAN!V76 -> 18
B77: 5 | C77: HERU SUKARNO, S.H. | E77: =BOYOLANGU!U77+GIRI!V77+GROGOL!V77+JAMBESARI!O77+MOJOPANGGUNG!V77+PENATABAN!V77 -> 13
B78: 6 | C78: AHMAD MUZAYYIN | E78: =BOYOLANGU!U78+GIRI!V78+GROGOL!V78+JAMBESARI!O78+MOJOPANGGUNG!V78+PENATABAN!V78 -> 10
A79: B | B79: JUMLAH SUARA SAH PARTAI POLITIK DAN CALON (A1 + A2) | E79: =SUM(E72:E78) -> 3120
A81: A.1 | B81: 5. | C81: Partai NasDem | E81: =BOYOLANGU!U81+GIRI!V81+GROGOL!V81+JAMBESARI!O81+MOJOPANGGUNG!V81+PENATABAN!V81 -> 177
A82: A.2 | B82: 1 | C82: DRS. MOH. PADIL | E82: =BOYOLANGU!U82+GIRI!V82+GROGOL!V82+JAMBESARI!O82+MOJOPANGGUNG!V82+PENATABAN!V82 -> 490
B83: 2 | C83: ALEX WIJAYA KUSUMA | E83: =BOYOLANGU!U83+GIRI!V83+GROGOL!V83+JAMBESARI!O83+MOJOPANGGUNG!V83+PENATABAN!V83 -> 24
B84: 3 | C84: DANY FARDA MIHMDIAT | E84: =BOYOLANGU!U84+GIRI!V84+GROGOL!V84+JAMBESARI!O84+MOJOPANGGUNG!V84+PENATABAN!V84 -> 27
B85: 4 | C85: UNTUNG AL AKBAR | E85: =BOYOLANGU!U85+GIRI!V85+GROGOL!V85+JAMBESARI!O85+MOJOPANGGUNG!V85+PENATABAN!V85 -> 4
B86: 5 | C86: SETYO PONCO UTOMO | E86: =BOYOLANGU!U86+GIRI!V86+GROGOL!V86+JAMBESARI!O86+MOJOPANGGUNG!V86+PENATABAN!V86 -> 141
B87: 6 | C87: LIA ALYSTIA NINGRUM, S.PD. | E87: =BOYOLANGU!U87+GIRI!V87+GROGOL!V87+JAMBESARI!O87+MOJOPANGGUNG!V87+PENATABAN!V87 -> 227
A88: B | B88: JUMLAH SUARA SAH PARTAI POLITIK DAN CALON (A1 + A2) | E88: =SUM(E81:E87) -> 1090
A90: A.1 | B90: 6. | C90: Partai Buruh | E90: =BOYOLANGU!U90+GIRI!V90+GROGOL!V90+JAMBESARI!O90+MOJOPANGGUNG!V90+PENATABAN!V90 -> 62
A91: B | B91: JUMLAH SUARA SAH PARTAI POLITIK DAN CALON (A1 + A2) | E91: =SUM(E90:E90) -> 62
A93: A.1 | B93: 7. | C93: Partai Gelombang Rakyat Indonesia | E93: =BOYOLANGU!U93+GIRI!V93+GROGOL!V93+JAMBESARI!O93+MOJOPANGGUNG!V93+PENATABAN!V93 -> 37
A94: A.2 | B94: 1 | C94: ELY SODIKIN | E94: =BOYOLANGU!U94+GIRI!V94+GROGOL!V94+JAMBESARI!O94+MOJOPANGGUNG!V94+PENATABAN!V94 -> 17
B95: 2 | C95: BAGUS WAHONO | E95: =BOYOLANGU!U95+GIRI!V95+GROGOL!V95+JAMBESARI!O95+MOJOPANGGUNG!V95+PENATABAN!V95 -> 10
B96: 3 | C96: ARTIS YOGYA KARTIKA | E96: =BOYOLANGU!U96+GIRI!V96+GROGOL!V96+JAMBESARI!O96+MOJOPANGGUNG!V96+PENATABAN!V96 -> 5
B97: 4 | C97: IMAM HAKTONO | E97: =BOYOLANGU!U97+GIRI!V97+GROGOL!V97+JAMBESARI!O97+MOJOPANGGUNG!V97+PENATABAN!V97 -> 2
A98: B | B98: JUMLAH SUARA SAH PARTAI POLITIK DAN CALON (A1 + A2) | E98: =SUM(E93:E97) -> 71
A100: A.1 | B100: 8. | C100: Partai Keadilan Sejahtera | E100: =BOYOLANGU!U100+GIRI!V100+GROGOL!V100+JAMBESARI!O100+MOJOPANGGUNG!V100+PENATABAN!V100 -> 158
A101: A.2 | B101: 1 | C101: FAISOL AZZ, A.MD. | E101: =BOYOLANGU!U101+GIRI!V101+GROGOL!V101+JAMBESARI!O101+MOJOPANGGUNG!V101+PENATABAN!V101 -> 501
B102: 2 | C102: HAYATUL MAKIN | E102: =BOYOLANGU!U102+GIRI!V102+GROGOL!V102+JAMBESARI!O102+MOJOPANGGUNG!V102+PENATABAN!V102 -> 54
B103: 3 | C103: SAKI HANDAYANI | E103: =BOYOLANGU!U103+GIRI!V103+GROGOL!V103+JAMBESARI!O103+MOJOPANGGUNG!V103+PENATABAN!V103 -> 62
B104: 4 | C104: ASMAWIYANTO, A.MA. | E104: =BOYOLANGU!U104+GIRI!V104+GROGOL!V104+JAMBESARI!O104+MOJOPANGGUNG!V104+PENATABAN!V104 -> 11
B105: 5 | C105: SANTI SETYOWATI | E105: =BOYOLANGU!U105+GIRI!V105+GROGOL!V105+JAMBESARI!O105+MOJOPANGGUNG!V105+PENATABAN!V105 -> 15
B106: 6 | C106: SUPARNO, S.T. | E106: =BOYOLANGU!U106+GIRI!V106+GROGOL!V106+JAMBESARI!O106+MOJOPANGGUNG!V106+PENATABAN!V106 -> 26
A107: B | B107: JUMLAH SUARA SAH PARTAI POLITIK DAN CALON (A1 + A2) | E107: =SUM(E100:E106) -> 827
A109: A.1 | B109: 9. | C109: Partai Kebangkitan Nusantara | E109: =BOYOLANGU!U109+GIRI!V109+GROGOL!V109+JAMBESARI!O109+MOJOPANGGUNG!V109+PENATABAN!V109 -> 3
A110: A.2 | B110: 1 | C110: YAKUP YULIANTO | E110: =BOYOLANGU!U110+GIRI!V110+GROGOL!V110+JAMBESARI!O110+MOJOPANGGUNG!V110+PENATABAN!V110 -> 2
B111: 2 | C111: TRIA UTAMA | E111: =BOYOLANGU!U111+GIRI!V111+GROGOL!V111+JAMBESARI!O111+MOJOPANGGUNG!V111+PENATABAN!V111 -> 2
B112: 3 | C112: ANIS KHAFIFAH MZ | E112: =BOYOLANGU!U112+GIRI!V112+GROGOL!V112+JAMBESARI!O112+MOJOPANGGUNG!V112+PENATABAN!V112 -> 2
A113: B | B113: JUMLAH SUARA SAH PARTAI POLITIK DAN CALON (A1 + A2) | E113: =SUM(E109:E112) -> 9
A115: A.1 | B115: 10. | C115: Partai Hati Nurani Rakyat | E115: =BOYOLANGU!U115+GIRI!V115+GROGOL!V115+JAMBESARI!O115+MOJOPANGGUNG!V115+PENATABAN!V115 -> 24
A116: A.2 | B116: 1 | C116: H. HARIONO | E116: =BOYOLANGU!U116+GIRI!V116+GROGOL!V116+JAMBESARI!O116+MOJOPANGGUNG!V116+PENATABAN!V116 -> 93
B117: 2 | C117: GOPUR BACHITAR, S.T. | E117: =BOYOLANGU!U117+GIRI!V117+GROGOL!V117+JAMBESARI!O117+MOJOPANGGUNG!V117+PENATABAN!V117 -> 19
B118: 3 | C118: BONIMAH | E118: =BOYOLANGU!U118+GIRI!V118+GROGOL!V118+JAMBESARI!O118+MOJOPANGGUNG!V118+PENATABAN!V118 -> 2
B119: 4 | C119: AGUS PRAYOGI | E119: =BOYOLANGU!U119+GIRI!V119+GROGOL!V119+JAMBESARI!O119+MOJOPANGGUNG!V119+PENATABAN!V119 -> 35
B120: 5 | C120: DWI FITRIA PRATIWI | E120: =BOYOLANGU!U120+GIRI!V120+GROGOL!V120+JAMBESARI!O120+MOJOPANGGUNG!V120+PENATABAN!V120 -> 7
B121: 6 | C121: NURUL MAKIYAH, S.PD. | E121: =BOYOLANGU!U121+GIRI!V121+GROGOL!V121+JAMBESARI!O121+MOJOPANGGUNG!V121+PENATABAN!V121 -> 0
...

Sheet BOYOLANGU
C2: Kecamatan | D2: GIRI
C3: Kabupaten | D3: BANYUWANGI
C4: Provinsi | D4: JAWA TIMUR
C9: Kelurahan | D9: BOYOLANGU
A12: I | B12: DATA PEMILIH DAN PENGGUNAAN HAK PILIH | U12: JUMLAH AKHIR
A13: A | B13: DATA PEMILIH | E13: TPS 001 | F13: TPS 002 | G13: TPS 003 | H13: TPS 004 | I13: TPS 005 | J13: TPS 006 | K13: TPS 007 | L13: TPS 008 | M13: TPS 009 | N13: TPS 010 | O13: TPS 011 | P13: TPS 012 | Q13: TPS 013 | R13: TPS 014 | S13: TPS 015 | T13: TPS 016
B14: Jumlah Pemilih dalam Daftar Pemilih Tetap (DPT) | D14: LK | E14: 137 | F14: 142 | G14: 142 | H14: 141 | I14: 150 | J14: 155 | K14: 146 | L14: 155 | M14: 152 | N14: 139 | O14: 110 | P14: 125 | Q14: 110 | R14: 108 | S14: 70 | T14: 139 | U14: =SUM(E14:T14) -> 2121
D15: PR | E15: 158 | F15: 154 | G15: 155 | H15: 156 | I15: 146 | J15: 142 | K15: 152 | L15: 143 | M15: 145 | N15: 159 | O15: 111 | P15: 133 | Q15: 117 | R15: 117 | S15: 78 | T15: 128 | U15: =SUM(E15:T15) -> 2194
D16: JML | E16: =SUM(E14:E15) -> 295 | F16: =SUM(F14:F15) -> 296 | G16: =SUM(G14:G15) -> 297 | H16: =SUM(H14:H15) -> 297 | I16: =SUM(I14:I15) -> 296 | J16: =SUM(J14:J15) -> 297 | K16: =SUM(K14:K15) -> 298 | L16: =SUM(L14:L15) -> 298 | ... T16: =SUM(T14:T15) -> 267 | U16: =SUM(E16:T16) -> 4315
A18: B | B18: PENGGUNA HAK PILIH
B19: 1. | C19: Jumlah pengguna hak pilih dalam Daftar Pemilih Tetap (DPT) | D19: LK | E19: 89 | F19: 113 | G19: 117 | H19: 118 | I19: 115 | J19: 121 | K19: 107 | L19: 115 | M19: 129 | N19: 105 | O19: 88 | P19: 101 | Q19: 99 | R19: 90 | S19: 51 | T19: 106 | U19: =SUM(E19:T19) -> 1664
D20: PR | E20: 117 | F20: 120 | G20: 134 | H20: 136 | I20: 114 | J20: 123 | K20: 135 | L20: 121 | M20: 131 | N20: 128 | O20: 103 | P20: 112 | Q20: 110 | R20: 100 | S20: 68 | T20: 109 | U20: =SUM(E20:T20) -> 1861
D21: JML | E21: =SUM(E19:E20) -> 206 | F21: =SUM(F19:F20) -> 233 | G21: =SUM(G19:G20) -> 251 | H21: =SUM(H19:H20) -> 254 | I21: =SUM(I19:I20) -> 229 | J21: =SUM(J19:J20) -> 244 | K21: =SUM(K19:K20) -> 242 | L21: =SUM(L19:L20) -> 236 | ... T21: =SUM(T19:T20) -> 215 | U21: =SUM(E21:T21) -> 3525
B22: 2. | C22: Jumlah pengguna hak pilih dalam Daftar Pemilih Tambahan (DPTb) | D22: LK | U22: =SUM(E22:T22) -> 0
D23: PR | E23: 1 | U23: =SUM(E23:T23) -> 1
D24: JML | E24: =SUM(E22:E23) -> 1 | F24: =SUM(F22:F23) -> 0 | G24: =SUM(G22:G23) -> 0 | H24: =SUM(H22:H23) -> 0 | I24: =SUM(I22:I23) -> 0 | J24: =SUM(J22:J23) -> 0 | K24: =SUM(K22:K23) -> 0 | L24: =SUM(L22:L23) -> 0 | ... T24: =SUM(T22:T23) -> 0 | U24: =SUM(E24:T24) -> 1
B25: 3. | C25: Jumlah pengguna hak pilih dalam Daftar Pemilih Khusus (DPK) | D25: LK | E25: 3 | F25: 2 | H25: 2 | N25: 1 | S25: 1 | U25: =SUM(E25:T25) -> 9
D26: PR | E26: 5 | H26: 1 | I26: 1 | L26: 1 | N26: 1 | R26: 1 | U26: =SUM(E26:T26) -> 10
D27: JML | E27: =SUM(E25:E26) -> 8 | F27: =SUM(F25:F26) -> 2 | G27: =SUM(G25:G26) -> 0 | H27: =SUM(H25:H26) -> 3 | I27: =SUM(I25:I26) -> 1 | J27: =SUM(J25:J26) -> 0 | K27: =SUM(K25:K26) -> 0 | L27: =SUM(L25:L26) -> 1 | ... T27: =SUM(T25:T26) -> 0 | U27: =SUM(E27:T27) -> 19
B28: 4. | C28: Jumlah Pengguna Hak Pilih (B.1+B.2+B.3) | D28: LK | E28: =SUM(E19,E22,E25) -> 92 | F28: =SUM(F19,F22,F25) -> 115 | G28: =SUM(G19,G22,G25) -> 117 | H28: =SUM(H19,H22,H25) -> 120 | I28: =SUM(I19,I22,I25) -> 115 | J28: =SUM(J19,J22,J25) -> 121 | K28: =SUM(K19,K22,K25) -> 107 | L28: =SUM(L19,L22,L25) -> 115 | ... T28: =SUM(T19,T22,T25) -> 106 | U28: =SUM(E28:T28) -> 1673
D29: PR | E29: =SUM(E20,E23,E26) -> 123 | F29: =SUM(F20,F23,F26) -> 120 | G29: =SUM(G20,G23,G26) -> 134 | H29: =SUM(H20,H23,H26) -> 137 | I29: =SUM(I20,I23,I26) -> 115 | J29: =SUM(J20,J23,J26) -> 123 | K29: =SUM(K20,K23,K26) -> 135 | L29: =SUM(L20,L23,L26) -> 122 | ... T29: =SUM(T20,T23,T26) -> 109 | U29: =SUM(E29:T29) -> 1872
D30: JML | E30: =SUM(E28:E29) -> 215 | F30: =SUM(F28:F29) -> 235 | G30: =SUM(G28:G29) -> 251 | H30: =SUM(H28:H29) -> 257 | I30: =SUM(I28:I29) -> 230 | J30: =SUM(J28:J29) -> 244 | K30: =SUM(K28:K29) -> 242 | L30: =SUM(L28:L29) -> 237 | ... T30: =SUM(T28:T29) -> 215 | U30: =SUM(E30:T30) -> 3545
A32: II | B32: DATA PENGGUNAAN SURAT SUARA
A33: 1 | B33: Jumlah surat suara yang diterima, termasuk surat suara cadangan 2,5% dari DPT | E33: 303 | F33: 305 | G33: 303 | H33: 301 | I33: 302 | J33: 303 | K33: 306 | L33: 306 | M33: 303 | N33: 304 | O33: 226 | P33: 265 | Q33: 232 | R33: 230 | S33: 151 | T33: 273 | U33: =SUM(E33:T33) -> 4413
A34: 2 | B34: Jumlah surat suara yang digunakan | E34: 215 | F34: 235 | G34: 251 | H34: 257 | I34: 230 | J34: 244 | K34: 242 | L34: 237 | M34: 260 | N34: 235 | O34: 191 | P34: 213 | Q34: 209 | R34: 191 | S34: 120 | T34: 215 | U34: =SUM(E34:T34) -> 3545
A35: 3 | B35: Jumlah surat suara dikembalikan oleh pemilih (karena rusak atau keliru coblos) | G35: 1 | L35: 1 | N35: 2 | P35: 1 | R35: 1 | T35: 1 | U35: =SUM(E35:T35) -> 7
A36: 4 | B36: Jumlah surat suara yang tidak digunakan/tidak terpakai, termasuk sisa surat suara cadangan | E36: =E33-(E34+E35) -> 88 | F36: =F33-(F34+F35) -> 70 | G36: =G33-(G34+G35) -> 51 | H36: =H33-(H34+H35) -> 44 | I36: =I33-(I34+I35) -> 72 | J36: =J33-(J34+J35) -> 59 | K36: =K33-(K34+K35) -> 64 | L36: =L33-(L34+L35) -> 68 | ... T36: =T33-(T34+T35) -> 57 | U36: =SUM(E36:T36) -> 861
A38: III | B38: DATA PEMILIH DISABILITAS
B39: Jumlah seluruh Pemilih disabilitas yang menggunakan hak pilih | D39: LK | F39: 1 | I39: 1 | Q39: 2 | U39: =SUM(E39:T39) -> 4
D40: PR | M40: 1 | U40: =SUM(E40:T40) -> 1
D41: JML | E41: =SUM(E39:E40) -> 0 | F41: =SUM(F39:F40) -> 1 | G41: =SUM(G39:G40) -> 0 | H41: =SUM(H39:H40) -> 0 | I41: =SUM(I39:I40) -> 1 | J41: =SUM(J39:J40) -> 0 | K41: =SUM(K39:K40) -> 0 | L41: =SUM(L39:L40) -> 0 | ... T41: =SUM(T39:T40) -> 0 | U41: =SUM(E41:T41) -> 5
A43: IV | B43: DATA RINCIAN PEROLEHAN SUARA PASANGAN CALON BUPATI DAN WAKIL BUPATI
A44: NOMOR DAN NAMA CALON
A45: A.1 | B45: 1. | C45: Partai Kebangkitan Bangsa | E45: 5 | F45: 7 | G45: 13 | H45: 20 | I45: 6 | J45: 8 | K45: 10 | L45: 7 | M45: 12 | N45: 7 | O45: 11 | P45: 12 | Q45: 5 | R45: 2 | S45: 8 | T45: 4 | U45: =SUM(E45:T45) -> 137
A46: A.2 | B46: 1 | C46: HJ. SITI MAKHROCHATIN NI’MAH, S.PD., M.M. | E46: 11 | F46: 6 | G46: 19 | H46: 45 | I46: 20 | J46: 22 | K46: 15 | L46: 23 | M46: 38 | N46: 12 | O46: 23 | P46: 31 | Q46: 30 | R46: 6 | S46: 14 | T46: 38 | U46: =SUM(E46:T46) -> 353
B47: 2 | C47: A. TAUFIK | E47: 0 | F47: 1 | G47: 2 | H47: 2 | I47: 1 | J47: 0 | K47: 0 | L47: 2 | M47: 0 | N47: 0 | O47: 1 | P47: 6 | Q47: 1 | R47: 1 | S47: 0 | U47: =SUM(E47:T47) -> 17
B48: 3 | C48: KHOIRUL FAHMI ISKANDAR, S.PD | E48: 0 | F48: 0 | G48: 2 | H48: 1 | I48: 0 | J48: 3 | K48: 1 | L48: 1 | M48: 1 | N48: 0 | O48: 0 | P48: 1 | Q48: 0 | R48: 0 | S48: 0 | T48: 4 | U48: =SUM(E48:T48) -> 14
B49: 4 | C49: AKHMAD, S.PD., M.M. | E49: 0 | F49: 0 | G49: 0 | H49: 0 | I49: 1 | J49: 1 | K49: 0 | L49: 1 | M49: 0 | N49: 0 | O49: 1 | P49: 0 | Q49: 1 | R49: 0 | S49: 0 | U49: =SUM(E49:T49) -> 5
B50: 5 | C50: SOFI WULANDARI, S.H. | E50: 2 | F50: 0 | G50: 0 | H50: 1 | I50: 1 | J50: 0 | K50: 0 | L50: 2 | M50: 0 | N50: 0 | O50: 0 | P50: 0 | Q50: 0 | R50: 0 | S50: 0 | U50: =SUM(E50:T50) -> 6
B51: 6 | C51: AL MA’ARIF | E51: 0 | F51: 2 | G51: 0 | H51: 0 | I51: 0 | J51: 1 | K51: 0 | L51: 0 | M51: 0 | N51: 0 | O51: 0 | P51: 0 | Q51: 0 | R51: 0 | S51: 0 | U51: =SUM(E51:T51) -> 3
A52: B | B52: JUMLAH SUARA SAH PARTAI POLITIK DAN CALON (A1 + A2) | E52: =SUM(E45:E51) -> 18 | F52: =SUM(F45:F51) -> 16 | G52: =SUM(G45:G51) -> 36 | H52: =SUM(H45:H51) -> 69 | I52: =SUM(I45:I51) -> 29 | J52: =SUM(J45:J51) -> 35 | K52: =SUM(K45:K51) -> 26 | L52: =SUM(L45:L51) -> 36 | ... U52: =SUM(U45:U51) -> 535
A54: A.1 | B54: 2. | C54: Partai Gerakan Indonesia Raya | E54: 17 | F54: 12 | G54: 11 | H54: 8 | I54: 15 | J54: 12 | K54: 10 | L54: 7 | M54: 5 | N54: 6 | O54: 5 | P54: 9 | Q54: 16 | R54: 25 | S54: 8 | T54: 14 | U54: =SUM(E54:T54) -> 180
A55: A.2 | B55: 1 | C55: ASRILA DISKA RIMUNDA | E55: 7 | F55: 5 | G55: 3 | H55: 4 | I55: 3 | J55: 5 | K55: 8 | L55: 1 | M55: 19 | N55: 0 | O55: 2 | P55: 5 | Q55: 3 | R55: 4 | S55: 2 | T55: 2 | U55: =SUM(E55:T55) -> 73
B56: 2 | C56: ANIK MUSYAROFAH | E56: 3 | F56: 4 | G56: 5 | H56: 1 | I56: 1 | J56: 3 | K56: 3 | L56: 1 | M56: 3 | N56: 0 | O56: 10 | P56: 10 | Q56: 58 | R56: 17 | S56: 0 | T56: 2 | U56: =SUM(E56:T56) -> 121
B57: 3 | C57: JOKO MISBONO | E57: 3 | F57: 2 | G57: 1 | H57: 0 | I57: 0 | J57: 1 | K57: 2 | L57: 0 | M57: 1 | N57: 1 | O57: 0 | P57: 3 | Q57: 1 | R57: 0 | S57: 0 | T57: 5 | U57: =SUM(E57:T57) -> 20
B58: 4 | C58: REKTO PUSPITASARI | E58: 2 | F58: 4 | G58: 0 | H58: 0 | I58: 0 | J58: 0 | K58: 0 | L58: 0 | M58: 0 | N58: 0 | O58: 2 | P58: 0 | Q58: 0 | R58: 0 | S58: 0 | T58: 1 | U58: =SUM(E58:T58) -> 9
B59: 5 | C59: AHMAD KHOMSI WAHYUDI | E59: 1 | F59: 0 | G59: 1 | H59: 0 | I59: 0 | J59: 2 | K59: 1 | L59: 0 | M59: 0 | N59: 0 | O59: 0 | P59: 0 | Q59: 0 | R59: 0 | S59: 0 | U59: =SUM(E59:T59) -> 5
B60: 6 | C60: ACHI RIZAL FIRDAUS | E60: 0 | F60: 0 | G60: 1 | H60: 1 | I60: 1 | J60: 3 | K60: 0 | L60: 1 | M60: 3 | N60: 0 | O60: 0 | P60: 0 | Q60: 0 | R60: 1 | S60: 0 | T60: 2 | U60: =SUM(E60:T60) -> 13
A61: B | B61: JUMLAH SUARA SAH PARTAI POLITIK DAN CALON (A1 + A2) | E61: =SUM(E54:E60) -> 33 | F61: =SUM(F54:F60) -> 27 | G61: =SUM(G54:G60) -> 22 | H61: =SUM(H54:H60) -> 14 | I61: =SUM(I54:I60) -> 20 | J61: =SUM(J54:J60) -> 26 | K61: =SUM(K54:K60) -> 24 | L61: =SUM(L54:L60) -> 10 | ... U61: =SUM(U54:U60) -> 421
A63: A.1 | B63: 3. | C63: Partai Demokrasi Indonesia Perjuangan | E63: 8 | F63: 13 | G63: 2 | H63: 3 | I63: 9 | J63: 13 | K63: 12 | L63: 5 | M63: 5 | N63: 14 | O63: 4 | P63: 6 | Q63: 13 | R63: 15 | S63: 5 | T63: 16 | U63: =SUM(E63:T63) -> 143
A64: A.2 | B64: 1 | C64: I MADE CAHYANA NEGARA, S.E. | E64: 12 | F64: 7 | G64: 9 | H64: 6 | I64: 29 | J64: 41 | K64: 23 | L64: 36 | M64: 40 | N64: 17 | O64: 1 | P64: 1 | Q64: 14 | R64: 6 | S64: 9 | T64: 14 | U64: =SUM(E64:T64) -> 265
B65: 2 | C65: AGUS WAHYU PANOTO, S.H. | E65: 2 | F65: 2 | G65: 2 | H65: 3 | I65: 4 | J65: 3 | K65: 2 | L65: 1 | M65: 1 | N65: 1 | O65: 1 | P65: 0 | Q65: 4 | R65: 0 | S65: 1 | T65: 2 | U65: =SUM(E65:T65) -> 29
B66: 3 | C66: IIS SUMIYATI | E66: 1 | F66: 5 | G66: 1 | H66: 1 | I66: 6 | J66: 1 | K66: 2 | L66: 1 | M66: 2 | N66: 0 | O66: 1 | P66: 1 | Q66: 2 | R66: 0 | S66: 3 | T66: 3 | U66: =SUM(E66:T66) -> 30
B67: 4 | C67: ACHMAD MUZAMMIL | E67: 2 | F67: 2 | G67: 0 | H67: 3 | I67: 1 | J67: 2 | K67: 4 | L67: 1 | M67: 0 | N67: 0 | O67: 0 | P67: 1 | Q67: 2 | R67: 1 | S67: 0 | U67: =SUM(E67:T67) -> 19
B68: 5 | C68: WENDRIAWANTO | E68: 9 | F68: 4 | G68: 10 | H68: 14 | I68: 18 | J68: 20 | K68: 18 | L68: 15 | M68: 5 | N68: 2 | O68: 2 | P68: 9 | Q68: 6 | R68: 7 | S68: 4 | T68: 10 | U68: =SUM(E68:T68) -> 153
B69: 6 | C69: PUTRI MEGA AYU WIDIARTI | E69: 0 | F69: 1 | G69: 0 | H69: 1 | I69: 0 | J69: 1 | K69: 1 | L69: 3 | M69: 0 | N69: 0 | O69: 0 | P69: 0 | Q69: 1 | R69: 0 | S69: 1 | U69: =SUM(E69:T69) -> 9
A70: B | B70: JUMLAH SUARA SAH PARTAI POLITIK DAN CALON (A1 + A2) | E70: =SUM(E63:E69) -> 34 | F70: =SUM(F63:F69) -> 34 | G70: =SUM(G63:G69) -> 24 | H70: =SUM(H63:H69) -> 31 | I70: =SUM(I63:I69) -> 67 | J70: =SUM(J63:J69) -> 81 | K70: =SUM(K63:K69) -> 62 | L70: =SUM(L63:L69) -> 62 | ... U70: =SUM(U63:U69) -> 648
A72: A.1 | B72: 4. | C72: Partai Golongan Karya | E72: 4 | F72: 1 | G72: 10 | H72: 15 | I72: 7 | J72: 1 | K72: 5 | L72: 7 | M72: 3 | N72: 13 | O72: 11 | P72: 7 | Q72: 2 | R72: 11 | S72: 4 | T72: 3 | U72: =SUM(E72:T72) -> 104
A73: A.2 | B73: 1 | C73: UMI KULSUM, S.H. | E73: 8 | F73: 3 | G73: 44 | H73: 21 | I73: 5 | J73: 12 | K73: 8 | L73: 11 | M73: 16 | N73: 6 | O73: 53 | P73: 31 | Q73: 7 | R73: 17 | S73: 13 | T73: 19 | U73: =SUM(E73:T73) -> 274
B74: 2 | C74: SONNY PRAKOSO INDRA, S.E. | E74: 6 | F74: 16 | G74: 43 | H74: 60 | I74: 38 | J74: 15 | K74: 12 | L74: 26 | M74: 19 | N74: 46 | O74: 31 | P74: 12 | Q74: 10 | R74: 37 | S74: 8 | T74: 27 | U74: =SUM(E74:T74) -> 406
B75: 3 | C75: ERJUNA SITI FATIMAH | E75: 2 | F75: 1 | G75: 0 | H75: 0 | I75: 0 | J75: 1 | K75: 2 | L75: 2 | M75: 0 | N75: 0 | O75: 0 | P75: 0 | Q75: 0 | R75: 0 | S75: 1 | T75: 1 | U75: =SUM(E75:T75) -> 10
B76: 4 | C76: SITI MARIYAM | E76: 1 | F76: 0 | G76: 1 | H76: 0 | I76: 1 | J76: 0 | K76: 0 | L76: 0 | M76: 0 | N76: 1 | O76: 0 | P76: 0 | Q76: 0 | R76: 0 | S76: 0 | U76: =SUM(E76:T76) -> 4
B77: 5 | C77: HERU SUKARNO, S.H. | E77: 0 | F77: 0 | G77: 1 | H77: 0 | I77: 0 | J77: 1 | K77: 0 | L77: 0 | M77: 0 | N77: 0 | O77: 0 | P77: 1 | Q77: 0 | R77: 0 | S77: 1 | U77: =SUM(E77:T77) -> 4
B78: 6 | C78: AHMAD MUZAYYIN | E78: 0 | F78: 0 | G78: 0 | H78: 0 | I78: 0 | J78: 0 | K78: 0 | L78: 0 | M78: 0 | N78: 0 | O78: 0 | P78: 0 | Q78: 0 | R78: 0 | S78: 0 | U78: =SUM(E78:T78) -> 0
A79: B | B79: JUMLAH SUARA SAH PARTAI POLITIK DAN CALON (A1 + A2) | E79: =SUM(E72:E78) -> 21 | F79: =SUM(F72:F78) -> 21 | G79: =SUM(G72:G78) -> 99 | H79: =SUM(H72:H78) -> 96 | I79: =SUM(I72:I78) -> 51 | J79: =SUM(J72:J78) -> 30 | K79: =SUM(K72:K78) -> 27 | L79: =SUM(L72:L78) -> 46 | ... U79: =SUM(U72:U78) -> 802
A81: A.1 | B81: 5. | C81: Partai NasDem | E81: 5 | F81: 5 | G81: 0 | H81: 2 | I81: 2 | J81: 2 | K81: 2 | L81: 1 | M81: 2 | N81: 2 | O81: 1 | P81: 4 | Q81: 1 | R81: 0 | S81: 2 | U81: =SUM(E81:T81) -> 31
A82: A.2 | B82: 1 | C82: DRS. MOH. PADIL | E82: 1 | F82: 2 | G82: 1 | H82: 1 | I82: 1 | J82: 0 | K82: 0 | L82: 1 | M82: 1 | N82: 1 | O82: 0 | P82: 8 | Q82: 0 | R82: 0 | S82: 0 | U82: =SUM(E82:T82) -> 17
B83: 2 | C83: ALEX WIJAYA KUSUMA | E83: 0 | F83: 0 | G83: 0 | H83: 0 | I83: 0 | J83: 0 | K83: 1 | L83: 1 | M83: 1 | N83: 1 | O83: 1 | P83: 1 | Q83: 0 | R83: 0 | S83: 0 | U83: =SUM(E83:T83) -> 6
B84: 3 | C84: DANY FARDA MIHMDIAT | E84: 1 | F84: 0 | G84: 1 | H84: 0 | I84: 0 | J84: 0 | K84: 1 | L84: 1 | M84: 0 | N84: 0 | O84: 0 | P84: 0 | Q84: 0 | R84: 0 | S84: 0 | U84: =SUM(E84:T84) -> 4
B85: 4 | C85: UNTUNG AL AKBAR | E85: 0 | F85: 1 | G85: 0 | H85: 0 | I85: 0 | J85: 0 | K85: 0 | L85: 0 | M85: 0 | N85: 0 | O85: 0 | P85: 0 | Q85: 0 | R85: 0 | S85: 0 | U85: =SUM(E85:T85) -> 1
B86: 5 | C86: SETYO PONCO UTOMO | E86: 8 | F86: 23 | G86: 7 | H86: 0 | I86: 2 | J86: 1 | K86: 3 | L86: 2 | M86: 0 | N86: 0 | O86: 4 | P86: 0 | Q86: 0 | R86: 0 | S86: 1 | U86: =SUM(E86:T86) -> 51
B87: 6 | C87: LIA ALYSTIA NINGRUM, S.PD. | E87: 6 | F87: 2 | G87: 6 | H87: 12 | I87: 1 | J87: 3 | K87: 11 | L87: 15 | M87: 1 | N87: 7 | O87: 0 | P87: 0 | Q87: 0 | R87: 2 | S87: 0 | T87: 1 | U87: =SUM(E87:T87) -> 67
A88: B | B88: JUMLAH SUARA SAH PARTAI POLITIK DAN CALON (A1 + A2) | E88: 21 | F88: 33 | G88: 15 | H88: 15 | I88: 6 | J88: 6 | K88: 18 | L88: 21 | M88: 5 | N88: 11 | O88: 6 | P88: 13 | Q88: 1 | R88: 2 | S88: 3 | T88: =SUM(T81:T87) -> 1 | U88: =SUM(U81:U87) -> 177
A90: A.1 | B90: 6. | C90: Partai Buruh | E90: 3 | F90: 0 | G90: 0 | H90: 1 | I90: 0 | J90: 1 | K90: 2 | L90: 0 | M90: 0 | N90: 0 | O90: 2 | P90: 1 | Q90: 0 | R90: 0 | S90: 0 | T90: 1 | U90: =SUM(E90:T90) -> 11
A91: B | B91: JUMLAH SUARA SAH PARTAI POLITIK DAN CALON (A1 + A2) | E91: =SUM(E90:E90) -> 3 | F91: =SUM(F90:F90) -> 0 | G91: =SUM(G90:G90) -> 0 | H91: =SUM(H90:H90) -> 1 | I91: =SUM(I90:I90) -> 0 | J91: =SUM(J90:J90) -> 1 | K91: =SUM(K90:K90) -> 2 | L91: =SUM(L90:L90) -> 0 | ... U91: =SUM(U90:U90) -> 11
A93: A.1 | B93: 7. | C93: Partai Gelombang Rakyat Indonesia | E93: 1 | F93: 0 | G93: 1 | H93: 1 | I93: 0 | J93: 0 | K93: 1 | L93: 2 | M93: 0 | N93: 0 | O93: 0 | P93: 2 | Q93: 0 | R93: 0 | S93: 0 | T93: 1 | U93: =SUM(E93:T93) -> 9
A94: A.2 | B94: 1 | C94: ELY SODIKIN | E94: 0 | F94: 0 | G94: 1 | H94: 0 | I94: 0 | J94: 0 | K94: 0 | L94: 0 | M94: 0 | N94: 0 | O94: 0 | P94: 0 | Q94: 0 | R94: 0 | S94: 0 | U94: =SUM(E94:T94) -> 1
B95: 2 | C95: BAGUS WAHONO | E95: 0 | F95: 0 | G95: 0 | H95: 0 | I95: 0 | J95: 0 | K95: 0 | L95: 0 | M95: 0 | N95: 0 | O95: 0 | P95: 0 | Q95: 0 | R95: 0 | S95: 0 | U95: =SUM(E95:T95) -> 0
B96: 3 | C96: ARTIS YOGYA KARTIKA | E96: 0 | F96: 0 | G96: 0 | H96: 0 | I96: 0 | J96: 0 | K96: 0 | L96: 0 | M96: 0 | N96: 0 | O96: 0 | P96: 0 | Q96: 1 | R96: 0 | S96: 0 | U96: =SUM(E96:T96) -> 1
B97: 4 | C97: IMAM HAKTONO | E97: 0 | F97: 0 | G97: 0 | H97: 0 | I97: 0 | J97: 0 | K97: 0 | L97: 0 | M97: 0 | N97: 0 | O97: 0 | P97: 0 | Q97: 0 | R97: 0 | S97: 0 | U97: =SUM(E97:T97) -> 0
A98: B | B98: JUMLAH SUARA SAH PARTAI POLITIK DAN CALON (A1 + A2) | E98: =SUM(E93:E97) -> 1 | F98: =SUM(F93:F97) -> 0 | G98: =SUM(G93:G97) -> 2 | H98: =SUM(H93:H97) -> 1 | I98: =SUM(I93:I97) -> 0 | J98: =SUM(J93:J97) -> 0 | K98: =SUM(K93:K97) -> 1 | L98: =SUM(L93:L97) -> 2 | ... U98: =SUM(U93:U97) -> 11
A100: A.1 | B100: 8. | C100: Partai Keadilan Sejahtera | E100: 0 | F100: 1 | G100: 3 | H100: 1 | I100: 0 | J100: 1 | K100: 1 | L100: 0 | M100: 1 | N100: 1 | O100: 0 | P100: 1 | Q100: 0 | R100: 0 | S100: 0 | U100: =SUM(E100:T100) -> 10
A101: A.2 | B101: 1 | C101: FAISOL AZZ, A.MD. | E101: 7 | F101: 4 | G101: 0 | H101: 5 | I101: 1 | J101: 2 | K101: 1 | L101: 0 | M101: 0 | N101: 2 | O101: 0 | P101: 1 | Q101: 0 | R101: 0 | S101: 0 | T101: 4 | U101: =SUM(E101:T101) -> 27
B102: 2 | C102: HAYATUL MAKIN | E102: 1 | F102: 0 | G102: 0 | H102: 1 | I102: 0 | J102: 0 | K102: 2 | L102: 0 | M102: 0 | N102: 0 | O102: 0 | P102: 0 | Q102: 0 | R102: 0 | S102: 0 | U102: =SUM(E102:T102) -> 4
B103: 3 | C103: SAKI HANDAYANI | E103: 1 | F103: 1 | G103: 0 | H103: 0 | I103: 0 | J103: 0 | K103: 2 | L103: 0 | M103: 1 | N103: 0 | O103: 0 | P103: 0 | Q103: 0 | R103: 0 | S103: 0 | T103: 1 | U103: =SUM(E103:T103) -> 6
B104: 4 | C104: ASMAWIYANTO, A.MA. | E104: 0 | F104: 2 | G104: 0 | H104: 0 | I104: 0 | J104: 0 | K104: 0 | L104: 1 | M104: 0 | N104: 0 | O104: 0 | P104: 0 | Q104: 0 | R104: 0 | S104: 0 | U104: =SUM(E104:T104) -> 3
B105: 5 | C105: SANTI SETYOWATI | E105: 1 | F105: 0 | G105: 0 | H105: 0 | I105: 0 | J105: 0 | K105: 0 | L105: 0 | M105: 2 | N105: 0 | O105: 0 | P105: 0 | Q105: 0 | R105: 0 | S105: 0 | U105: =SUM(E105:T105) -> 3
B106: 6 | C106: SUPARNO, S.T. | E106: 0 | F106: 1 | G106: 0 | H106: 0 | I106: 0 | J106: 0 | K106: 0 | L106: 0 | M106: 0 | N106: 0 | O106: 0 | P106: 0 | Q106: 0 | R106: 0 | S106: 0 | U106: =SUM(E106:T106) -> 1
A107: B | B107: JUMLAH SUARA SAH PARTAI POLITIK DAN CALON (A1 + A2) | E107: =SUM(E100:E106) -> 10 | F107: =SUM(F100:F106) -> 9 | G107: =SUM(G100:G106) -> 3 | H107: =SUM(H100:H106) -> 7 | I107: =SUM(I100:I106) -> 1 | J107: =SUM(J100:J106) -> 3 | K107: =SUM(K100:K106) -> 6 | L107: =SUM(L100:L106) -> 1 | ... U107: =SUM(U100:U106) -> 54
A109: A.1 | B109: 9. | C109: Partai Kebangkitan Nusantara | E109: 0 | F109: 0 | G109: 0 | H109: 0 | I109: 0 | J109: 0 | K109: 0 | L109: 0 | M109: 0 | N109: 0 | O109: 0 | P109: 0 | Q109: 0 | R109: 0 | S109: 0 | U109: =SUM(E109:T109) -> 0
A110: A.2 | B110: 1 | C110: YAKUP YULIANTO | E110: 0 | F110: 0 | G110: 0 | H110: 0 | I110: 0 | J110: 0 | K110: 0 | L110: 0 | M110: 0 | N110: 0 | O110: 0 | P110: 0 | Q110: 0 | R110: 0 | S110: 0 | U110: =SUM(E110:T110) -> 0
B111: 2 | C111: TRIA UTAMA | E111: 0 | F111: 0 | G111: 0 | H111: 0 | I111: 0 | J111: 0 | K111: 0 | L111: 0 | M111: 0 | N111: 0 | O111: 0 | P111: 0 | Q111: 0 | R111: 0 | S111: 0 | U111: =SUM(E111:T111) -> 0
B112: 3 | C112: ANIS KHAFIFAH MZ | E112: 1 | F112: 0 | G112: 0 | H112: 0 | I112: 0 | J112: 0 | K112: 0 | L112: 0 | M112: 0 | N112: 0 | O112: 0 | P112: 0 | Q112: 0 | R112: 0 | S112: 0 | U112: =SUM(E112:T112) -> 1
A113: B | B113: JUMLAH SUARA SAH PARTAI POLITIK DAN CALON (A1 + A2) | E113: =SUM(E109:E112) -> 1 | F113: =SUM(F109:F112) -> 0 | G113: =SUM(G109:G112) -> 0 | H113: =SUM(H109:H112) -> 0 | I113: =SUM(I109:I112) -> 0 | J113: =SUM(J109:J112) -> 0 | K113: =SUM(K109:K112) -> 0 | L113: =SUM(L109:L112) -> 0 | ... U113: =SUM(U109:U112) -> 1
A115: A.1 | B115: 10. | C115: Partai Hati Nurani Rakyat | E115: 0 | F115: 1 | G115: 0 | H115: 0 | I115: 0 | J115: 1 | K115: 0 | L115: 1 | M115: 1 | N115: 0 | O115: 1 | P115: 0 | Q115: 0 | R115: 0 | S115: 0 | U115: =SUM(E115:T115) -> 5
A116: A.2 | B116: 1 | C116: H. HARIONO | E116: 0 | F116: 2 | G116: 1 | H116: 0 | I116: 2 | J116: 3 | K116: 8 | L116: 1 | M116: 0 | N116: 0 | O116: 0 | P116: 0 | Q116: 0 | R116: 0 | S116: 0 | T116: 1 | U116: =SUM(E116:T116) -> 18
B117: 2 | C117: GOPUR BACHITAR, S.T. | E117: 0 | F117: 0 | G117: 0 | H117: 0 | I117: 0 | J117: 0 | K117: 0 | L117: 0 | M117: 0 | N117: 0 | O117: 0 | P117: 0 | Q117: 1 | R117: 0 | S117: 0 | U117: =SUM(E117:T117) -> 1
B118: 3 | C118: BONIMAH | E118: 0 | F118: 0 | G118: 0 | H118: 0 | I118: 0 | J118: 0 | K118: 0 | L118: 0 | M118: 0 | N118: 0 | O118: 0 | P118: 0 | Q118: 0 | R118: 0 | S118: 0 | U118: =SUM(E118:T118) -> 0
B119: 4 | C119: AGUS PRAYOGI | E119: 0 | F119: 0 | G119: 0 | H119: 0 | I119: 0 | J119: 12 | K119: 0 | L119: 14 | M119: 0 | N119: 2 | O119: 0 | P119: 0 | Q119: 0 | R119: 0 | S119: 0 | U119: =SUM(E119:T119) -> 28
B120: 5 | C120: DWI FITRIA PRATIWI | E120: 0 | F120: 1 | G120: 0 | H120: 0 | I120: 0 | J120: 0 | K120: 0 | L120: 1 | M120: 0 | N120: 0 | O120: 0 | P120: 0 | Q120: 0 | R120: 0 | S120: 0 | U120: =SUM(E120:T120) -> 2
...

Sheet GIRI
C2: Kecamatan | D2: GIRI
C3: Kabupaten | D3: BANYUWANGI
C4: Provinsi | D4: JAWA TIMUR
C9: Kelurahan | D9: GIRI
A12: I | B12: DATA PEMILIH DAN PENGGUNAAN HAK PILIH | V12: JUMLAH AKHIR
A13: A | B13: DATA PEMILIH | E13: TPS 001 | F13: TPS 002 | G13: TPS 003 | H13: TPS 004 | I13: TPS 005 | J13: TPS 006 | K13: TPS 007 | L13: TPS 008 | M13: TPS 009 | N13: TPS 010 | O13: TPS 011 | P13: TPS 012 | Q13: TPS 013 | R13: TPS 014 | S13: TPS 015 | T13: TPS 016 | U13: TPS 017
B14: Jumlah Pemilih dalam Daftar Pemilih Tetap (DPT) | D14: LK | E14: 140 | F14: 148 | G14: 141 | H14: 141 | I14: 140 | J14: 132 | K14: 121 | L14: 134 | M14: 142 | N14: 112 | O14: 135 | P14: 125 | Q14: 110 | R14: 128 | S14: 139 | T14: 134 | U14: 141 | V14: =SUM(E14:U14) -> 2263
D15: PR | E15: 148 | F15: 140 | G15: 148 | H15: 145 | I15: 148 | J15: 147 | K15: 124 | L15: 143 | M15: 135 | N15: 122 | O15: 151 | P15: 147 | Q15: 111 | R15: 137 | S15: 138 | T15: 135 | U15: 143 | V15: =SUM(E15:U15) -> 2362
D16: JML | E16: =SUM(E14:E15) -> 288 | F16: =SUM(F14:F15) -> 288 | G16: =SUM(G14:G15) -> 289 | H16: =SUM(H14:H15) -> 286 | I16: =SUM(I14:I15) -> 288 | J16: =SUM(J14:J15) -> 279 | K16: =SUM(K14:K15) -> 245 | L16: =SUM(L14:L15) -> 277 | ... U16: =SUM(U14:U15) -> 284 | V16: =SUM(E16:U16) -> 4625
A18: B | B18: PENGGUNA HAK PILIH
B19: 1. | C19: Jumlah pengguna hak pilih dalam Daftar Pemilih Tetap (DPT) | D19: LK | E19: 92 | F19: 99 | G19: 107 | H19: 107 | I19: 90 | J19: 96 | K19: 99 | L19: 101 | M19: 114 | N19: 76 | O19: 98 | P19: 95 | Q19: 84 | R19: 94 | S19: 110 | T19: 93 | U19: 119 | V19: =SUM(E19:U19) -> 1674
D20: PR | E20: 118 | F20: 105 | G20: 129 | H20: 117 | I20: 116 | J20: 122 | K20: 103 | L20: 128 | M20: 108 | N20: 84 | O20: 123 | P20: 122 | Q20: 91 | R20: 104 | S20: 104 | T20: 107 | U20: 124 | V20: =SUM(E20:U20) -> 1905
D21: JML | E21: =SUM(E19:E20) -> 210 | F21: =SUM(F19:F20) -> 204 | G21: =SUM(G19:G20) -> 236 | H21: =SUM(H19:H20) -> 224 | I21: =SUM(I19:I20) -> 206 | J21: =SUM(J19:J20) -> 218 | K21: =SUM(K19:K20) -> 202 | L21: =SUM(L19:L20) -> 229 | ... U21: =SUM(U19:U20) -> 243 | V21: =SUM(E21:U21) -> 3579
B22: 2. | C22: Jumlah pengguna hak pilih dalam Daftar Pemilih Tambahan (DPTb) | D22: LK | G22: 2 | V22: =SUM(E22:U22) -> 2
D23: PR | G23: 3 | K23: 1 | R23: 1 | V23: =SUM(E23:U23) -> 5
D24: JML | E24: =SUM(E22:E23) -> 0 | F24: =SUM(F22:F23) -> 0 | G24: =SUM(G22:G23) -> 5 | H24: =SUM(H22:H23) -> 0 | I24: =SUM(I22:I23) -> 0 | J24: =SUM(J22:J23) -> 0 | K24: =SUM(K22:K23) -> 1 | L24: =SUM(L22:L23) -> 0 | ... U24: =SUM(U22:U23) -> 0 | V24: =SUM(E24:U24) -> 7
B25: 3. | C25: Jumlah pengguna hak pilih dalam Daftar Pemilih Khusus (DPK) | D25: LK | F25: 2 | G25: 3 | H25: 3 | L25: 1 | Q25: 2 | R25: 3 | V25: =SUM(E25:U25) -> 14
D26: PR | E26: 2 | F26: 4 | G26: 3 | H26: 3 | K26: 1 | P26: 3 | Q26: 2 | R26: 6 | S26: 1 | T26: 2 | U26: 1 | V26: =SUM(E26:U26) -> 28
D27: JML | E27: =SUM(E25:E26) -> 2 | F27: =SUM(F25:F26) -> 6 | G27: =SUM(G25:G26) -> 6 | H27: =SUM(H25:H26) -> 6 | I27: =SUM(I25:I26) -> 0 | J27: =SUM(J25:J26) -> 0 | K27: =SUM(K25:K26) -> 1 | L27: =SUM(L25:L26) -> 1 | ... U27: =SUM(U25:U26) -> 1 | V27: =SUM(E27:U27) -> 42
B28: 4. | C28: Jumlah Pengguna Hak Pilih (B.1+B.2+B.3) | D28: LK | E28: =SUM(E19,E22,E25) -> 92 | F28: =SUM(F19,F22,F25) -> 101 | G28: =SUM(G19,G22,G25) -> 112 | H28: =SUM(H19,H22,H25) -> 110 | I28: =SUM(I19,I22,I25) -> 90 | J28: =SUM(J19,J22,J25) -> 96 | K28: =SUM(K19,K22,K25) -> 99 | L28: =SUM(L19,L22,L25) -> 102 | ... U28: =SUM(U19,U22,U25) -> 119 | V28: =SUM(E28:U28) -> 1690
D29: PR | E29: =SUM(E20,E23,E26) -> 120 | F29: =SUM(F20,F23,F26) -> 109 | G29: =SUM(G20,G23,G26) -> 135 | H29: =SUM(H20,H23,H26) -> 120 | I29: =SUM(I20,I23,I26) -> 116 | J29: =SUM(J20,J23,J26) -> 122 | K29: =SUM(K20,K23,K26) -> 105 | L29: =SUM(L20,L23,L26) -> 128 | ... U29: =SUM(U20,U23,U26) -> 125 | V29: =SUM(E29:U29) -> 1938
D30: JML | E30: =SUM(E28:E29) -> 212 | F30: =SUM(F28:F29) -> 210 | G30: =SUM(G28:G29) -> 247 | H30: =SUM(H28:H29) -> 230 | I30: =SUM(I28:I29) -> 206 | J30: =SUM(J28:J29) -> 218 | K30: =SUM(K28:K29) -> 204 | L30: =SUM(L28:L29) -> 230 | ... U30: =SUM(U28:U29) -> 244 | V30: =SUM(E30:U30) -> 3628
A32: II | B32: DATA PENGGUNAAN SURAT SUARA
A33: 1 | B33: Jumlah surat suara yang diterima, termasuk surat suara cadangan 2,5% dari DPT | E33: 295 | F33: 294 | G33: 295 | H33: 292 | I33: 294 | J33: 285 | K33: 248 | L33: 284 | M33: 283 | N33: 239 | O33: 292 | P33: 278 | Q33: 226 | R33: 271 | S33: 283 | T33: 275 | U33: 290 | V33: =SUM(E33:U33) -> 4724
A34: 2 | B34: Jumlah surat suara yang digunakan | E34: 212 | F34: 210 | G34: 247 | H34: 230 | I34: 206 | J34: 218 | K34: 204 | L34: 230 | M34: 222 | N34: 160 | O34: 221 | P34: 220 | Q34: 179 | R34: 208 | S34: 215 | T34: 202 | U34: 244 | V34: =SUM(E34:U34) -> 3628
A35: 3 | B35: Jumlah surat suara dikembalikan oleh pemilih (karena rusak atau keliru coblos) | F35: 2 | L35: 1 | N35: 1 | U35: 1 | V35: =SUM(E35:U35) -> 5
A36: 4 | B36: Jumlah surat suara yang tidak digunakan/tidak terpakai, termasuk sisa surat suara cadangan | E36: =E33-(E34+E35) -> 83 | F36: =F33-(F34+F35) -> 82 | G36: =G33-(G34+G35) -> 48 | H36: =H33-(H34+H35) -> 62 | I36: =I33-(I34+I35) -> 88 | J36: =J33-(J34+J35) -> 67 | K36: =K33-(K34+K35) -> 44 | L36: =L33-(L34+L35) -> 53 | ... U36: =U33-(U34+U35) -> 45 | V36: =SUM(E36:U36) -> 1091
A38: III | B38: DATA PEMILIH DISABILITAS
B39: Jumlah seluruh Pemilih disabilitas yang menggunakan hak pilih | D39: LK | E39: 2 | S39: 1 | V39: =SUM(E39:U39) -> 3
D40: PR | E40: 2 | J40: 1 | S40: 1 | V40: =SUM(E40:U40) -> 4
D41: JML | E41: =SUM(E39:E40) -> 4 | F41: =SUM(F39:F40) -> 0 | G41: =SUM(G39:G40) -> 0 | H41: =SUM(H39:H40) -> 0 | I41: =SUM(I39:I40) -> 0 | J41: =SUM(J39:J40) -> 1 | K41: =SUM(K39:K40) -> 0 | L41: =SUM(L39:L40) -> 0 | ... U41: =SUM(U39:U40) -> 0 | V41: =SUM(E41:U41) -> 7
A43: IV | B43: DATA RINCIAN PEROLEHAN SUARA PASANGAN CALON BUPATI DAN WAKIL BUPATI
A44: NOMOR DAN NAMA CALON
A45: A.1 | B45: 1. | C45: Partai Kebangkitan Bangsa | E45: 7 | F45: 3 | G45: 4 | H45: 3 | I45: 6 | J45: 11 | K45: 6 | L45: 13 | M45: 14 | N45: 7 | O45: 6 | P45: 6 | Q45: 7 | R45: 19 | S45: 16 | T45: 11 | U45: 17 | V45: =SUM(E45:U45) -> 156
A46: A.2 | B46: 1 | C46: HJ. SITI MAKHROCHATIN NI’MAH, S.PD., M.M. | E46: 10 | F46: 25 | G46: 15 | H46: 8 | I46: 12 | J46: 29 | K46: 48 | L46: 34 | M46: 35 | N46: 31 | O46: 12 | P46: 10 | Q46: 28 | R46: 59 | S46: 13 | T46: 11 | U46: 28 | V46: =SUM(E46:U46) -> 408
B47: 2 | C47: A. TAUFIK | E47: 0 | F47: 2 | G47: 3 | H47: 1 | I47: 0 | J47: 4 | K47: 0 | L47: 0 | M47: 1 | N47: 0 | O47: 0 | P47: 2 | Q47: 1 | R47: 1 | S47: 1 | T47: 2 | U47: 1 | V47: =SUM(E47:U47) -> 19
B48: 3 | C48: KHOIRUL FAHMI ISKANDAR, S.PD | E48: 0 | F48: 0 | G48: 0 | H48: 3 | I48: 1 | J48: 0 | K48: 3 | L48: 1 | M48: 1 | N48: 1 | O48: 5 | P48: 2 | Q48: 0 | R48: 0 | S48: 0 | T48: 0 | U48: 2 | V48: =SUM(E48:U48) -> 19
B49: 4 | C49: AKHMAD, S.PD., M.M. | E49: 0 | F49: 1 | G49: 0 | H49: 0 | I49: 1 | J49: 0 | K49: 1 | L49: 0 | M49: 1 | N49: 0 | O49: 0 | P49: 0 | Q49: 0 | R49: 0 | S49: 1 | T49: 0 | U49: 0 | V49: =SUM(E49:U49) -> 5
B50: 5 | C50: SOFI WULANDARI, S.H. | E50: 0 | F50: 1 | G50: 2 | H50: 9 | I50: 6 | J50: 2 | K50: 1 | L50: 1 | M50: 0 | N50: 0 | O50: 1 | P50: 0 | Q50: 0 | R50: 0 | S50: 1 | T50: 0 | U50: 1 | V50: =SUM(E50:U50) -> 25
B51: 6 | C51: AL MA’ARIF | E51: 1 | F51: 2 | G51: 1 | H51: 0 | I51: 0 | J51: 1 | K51: 0 | L51: 1 | M51: 1 | N51: 1 | O51: 0 | P51: 0 | Q51: 0 | R51: 0 | S51: 0 | T51: 0 | U51: 0 | V51: =SUM(E51:U51) -> 8
A52: B | B52: JUMLAH SUARA SAH PARTAI POLITIK DAN CALON (A1 + A2) | E52: =SUM(E45:E51) -> 18 | F52: =SUM(F45:F51) -> 34 | G52: =SUM(G45:G51) -> 25 | H52: =SUM(H45:H51) -> 24 | I52: =SUM(I45:I51) -> 26 | J52: =SUM(J45:J51) -> 47 | K52: =SUM(K45:K51) -> 59 | L52: =SUM(L45:L51) -> 50 | ... V52: =SUM(V45:V51) -> 640
A54: A.1 | B54: 2. | C54: Partai Gerakan Indonesia Raya | E54: 5 | F54: 25 | G54: 19 | H54: 10 | I54: 4 | J54: 7 | K54: 5 | L54: 6 | M54: 16 | N54: 7 | O54: 6 | P54: 11 | Q54: 11 | R54: 5 | S54: 15 | T54: 23 | U54: 18 | V54: =SUM(E54:U54) -> 193
A55: A.2 | B55: 1 | C55: ASRILA DISKA RIMUNDA | E55: 2 | F55: 6 | G55: 7 | H55: 9 | I55: 4 | J55: 12 | K55: 3 | L55: 5 | M55: 9 | N55: 8 | O55: 22 | P55: 37 | Q55: 9 | R55: 3 | S55: 11 | T55: 4 | U55: 8 | V55: =SUM(E55:U55) -> 159
B56: 2 | C56: ANIK MUSYAROFAH | E56: 1 | F56: 3 | G56: 5 | H56: 1 | I56: 1 | J56: 3 | K56: 1 | L56: 3 | M56: 3 | N56: 1 | O56: 4 | P56: 1 | Q56: 3 | R56: 4 | S56: 5 | T56: 5 | U56: 3 | V56: =SUM(E56:U56) -> 47
B57: 3 | C57: JOKO MISBONO | E57: 2 | F57: 2 | G57: 6 | H57: 4 | I57: 1 | J57: 1 | K57: 0 | L57: 1 | M57: 2 | N57: 1 | O57: 4 | P57: 2 | Q57: 1 | R57: 1 | S57: 0 | T57: 0 | U57: 1 | V57: =SUM(E57:U57) -> 29
B58: 4 | C58: REKTO PUSPITASARI | E58: 0 | F58: 1 | G58: 4 | H58: 3 | I58: 2 | J58: 3 | K58: 0 | L58: 1 | M58: 2 | N58: 2 | O58: 0 | P58: 0 | Q58: 1 | R58: 0 | S58: 1 | T58: 2 | U58: 1 | V58: =SUM(E58:U58) -> 23
B59: 5 | C59: AHMAD KHOMSI WAHYUDI | E59: 0 | F59: 1 | G59: 2 | H59: 1 | I59: 1 | J59: 0 | K59: 1 | L59: 0 | M59: 3 | N59: 0 | O59: 0 | P59: 0 | Q59: 1 | R59: 0 | S59: 0 | T59: 0 | U59: 0 | V59: =SUM(E59:U59) -> 10
B60: 6 | C60: ACHI RIZAL FIRDAUS | E60: 3 | F60: 3 | G60: 20 | H60: 6 | I60: 0 | J60: 0 | K60: 0 | L60: 0 | M60: 4 | N60: 2 | O60: 1 | P60: 2 | Q60: 3 | R60: 3 | S60: 1 | T60: 1 | U60: 0 | V60: =SUM(E60:U60) -> 49
A61: B | B61: JUMLAH SUARA SAH PARTAI POLITIK DAN CALON (A1 + A2) | E61: =SUM(E54:E60) -> 13 | F61: =SUM(F54:F60) -> 41 | G61: =SUM(G54:G60) -> 63 | H61: =SUM(H54:H60) -> 34 | I61: =SUM(I54:I60) -> 13 | J61: =SUM(J54:J60) -> 26 | K61: =SUM(K54:K60) -> 10 | L61: =SUM(L54:L60) -> 16 | ... V61: =SUM(V54:V60) -> 510
A63: A.1 | B63: 3. | C63: Partai Demokrasi Indonesia Perjuangan | E63: 14 | F63: 6 | G63: 7 | H63: 17 | I63: 24 | J63: 3 | K63: 4 | L63: 6 | M63: 7 | N63: 2 | O63: 6 | P63: 11 | Q63: 6 | R63: 1 | S63: 5 | T63: 5 | U63: 4 | V63: =SUM(E63:U63) -> 128
A64: A.2 | B64: 1 | C64: I MADE CAHYANA NEGARA, S.E. | E64: 58 | F64: 6 | G64: 12 | H64: 12 | I64: 10 | J64: 6 | K64: 1 | L64: 6 | M64: 4 | N64: 2 | O64: 14 | P64: 9 | Q64: 5 | R64: 6 | S64: 4 | T64: 2 | U64: 4 | V64: =SUM(E64:U64) -> 161
B65: 2 | C65: AGUS WAHYU PANOTO, S.H. | E65: 0 | F65: 0 | G65: 3 | H65: 5 | I65: 4 | J65: 2 | K65: 2 | L65: 0 | M65: 1 | N65: 0 | O65: 2 | P65: 6 | Q65: 1 | R65: 0 | S65: 1 | T65: 0 | U65: 0 | V65: =SUM(E65:U65) -> 27
B66: 3 | C66: IIS SUMIYATI | E66: 0 | F66: 1 | G66: 0 | H66: 4 | I66: 4 | J66: 3 | K66: 5 | L66: 0 | M66: 1 | N66: 4 | O66: 1 | P66: 2 | Q66: 0 | R66: 0 | S66: 0 | T66: 1 | U66: 4 | V66: =SUM(E66:U66) -> 30
B67: 4 | C67: ACHMAD MUZAMMIL | E67: 5 | F67: 1 | G67: 0 | H67: 0 | I67: 2 | J67: 0 | K67: 0 | L67: 0 | M67: 1 | N67: 0 | O67: 2 | P67: 2 | Q67: 2 | R67: 0 | S67: 0 | T67: 0 | U67: 1 | V67: =SUM(E67:U67) -> 16
B68: 5 | C68: WENDRIAWANTO | E68: 2 | F68: 2 | G68: 14 | H68: 23 | I68: 23 | J68: 10 | K68: 4 | L68: 7 | M68: 1 | N68: 2 | O68: 2 | P68: 0 | Q68: 1 | R68: 2 | S68: 7 | T68: 5 | U68: 3 | V68: =SUM(E68:U68) -> 108
B69: 6 | C69: PUTRI MEGA AYU WIDIARTI | E69: 0 | F69: 3 | G69: 0 | H69: 1 | I69: 5 | J69: 1 | K69: 0 | L69: 0 | M69: 0 | N69: 0 | O69: 1 | P69: 2 | Q69: 1 | R69: 0 | S69: 0 | T69: 0 | U69: 1 | V69: =SUM(E69:U69) -> 15
A70: B | B70: JUMLAH SUARA SAH PARTAI POLITIK DAN CALON (A1 + A2) | E70: =SUM(E63:E69) -> 79 | F70: =SUM(F63:F69) -> 19 | G70: =SUM(G63:G69) -> 36 | H70: =SUM(H63:H69) -> 62 | I70: =SUM(I63:I69) -> 72 | J70: =SUM(J63:J69) -> 25 | K70: =SUM(K63:K69) -> 16 | L70: =SUM(L63:L69) -> 19 | ... V70: =SUM(V63:V69) -> 485
A72: A.1 | B72: 4. | C72: Partai Golongan Karya | E72: 3 | F72: 3 | G72: 4 | H72: 5 | I72: 1 | J72: 2 | K72: 2 | L72: 4 | M72: 4 | N72: 2 | O72: 8 | P72: 1 | Q72: 5 | R72: 5 | S72: 12 | T72: 11 | U72: 8 | V72: =SUM(E72:U72) -> 80
A73: A.2 | B73: 1 | C73: UMI KULSUM, S.H. | E73: 3 | F73: 6 | G73: 4 | H73: 10 | I73: 6 | J73: 12 | K73: 2 | L73: 16 | M73: 13 | N73: 10 | O73: 7 | P73: 17 | Q73: 40 | R73: 53 | S73: 13 | T73: 21 | U73: 6 | V73: =SUM(E73:U73) -> 239
B74: 2 | C74: SONNY PRAKOSO INDRA, S.E. | E74: 11 | F74: 7 | G74: 10 | H74: 11 | I74: 21 | J74: 24 | K74: 2 | L74: 7 | M74: 1 | N74: 26 | O74: 31 | P74: 14 | Q74: 8 | R74: 8 | S74: 38 | T74: 41 | U74: 52 | V74: =SUM(E74:U74) -> 312
B75: 3 | C75: ERJUNA SITI FATIMAH | E75: 0 | F75: 2 | G75: 0 | H75: 0 | I75: 0 | J75: 0 | K75: 1 | L75: 1 | M75: 0 | N75: 0 | O75: 1 | P75: 2 | Q75: 1 | R75: 1 | S75: 2 | T75: 0 | U75: 1 | V75: =SUM(E75:U75) -> 12
B76: 4 | C76: SITI MARIYAM | E76: 0 | F76: 1 | G76: 0 | H76: 0 | I76: 0 | J76: 0 | K76: 0 | L76: 0 | M76: 0 | N76: 1 | O76: 0 | P76: 0 | Q76: 0 | R76: 1 | S76: 0 | T76: 0 | U76: 1 | V76: =SUM(E76:U76) -> 4
B77: 5 | C77: HERU SUKARNO, S.H. | E77: 0 | F77: 0 | G77: 0 | H77: 0 | I77: 0 | J77: 0 | K77: 0 | L77: 0 | M77: 0 | N77: 0 | O77: 0 | P77: 0 | Q77: 0 | R77: 0 | S77: 0 | T77: 0 | U77: 0 | V77: =SUM(E77:U77) -> 0
B78: 6 | C78: AHMAD MUZAYYIN | E78: 0 | F78: 0 | G78: 0 | H78: 1 | I78: 0 | J78: 0 | K78: 0 | L78: 0 | M78: 0 | N78: 0 | O78: 0 | P78: 0 | Q78: 0 | R78: 0 | S78: 0 | T78: 0 | U78: 0 | V78: =SUM(E78:U78) -> 1
A79: B | B79: JUMLAH SUARA SAH PARTAI POLITIK DAN CALON (A1 + A2) | E79: =SUM(E72:E78) -> 17 | F79: =SUM(F72:F78) -> 19 | G79: =SUM(G72:G78) -> 18 | H79: =SUM(H72:H78) -> 27 | I79: =SUM(I72:I78) -> 28 | J79: =SUM(J72:J78) -> 38 | K79: =SUM(K72:K78) -> 7 | L79: =SUM(L72:L78) -> 28 | ... V79: =SUM(V72:V78) -> 648
A81: A.1 | B81: 5. | C81: Partai NasDem | E81: 3 | F81: 5 | G81: 1 | H81: 2 | I81: 1 | J81: 1 | K81: 1 | L81: 1 | M81: 6 | N81: 0 | O81: 4 | P81: 4 | Q81: 1 | R81: 0 | S81: 1 | T81: 4 | U81: 1 | V81: =SUM(E81:U81) -> 36
A82: A.2 | B82: 1 | C82: DRS. MOH. PADIL | E82: 2 | F82: 0 | G82: 3 | H82: 0 | I82: 4 | J82: 1 | K82: 2 | L82: 8 | M82: 7 | N82: 1 | O82: 0 | P82: 3 | Q82: 0 | R82: 2 | S82: 0 | T82: 4 | U82: 0 | V82: =SUM(E82:U82) -> 37
B83: 2 | C83: ALEX WIJAYA KUSUMA | E83: 0 | F83: 2 | G83: 0 | H83: 1 | I83: 0 | J83: 0 | K83: 0 | L83: 0 | M83: 0 | N83: 0 | O83: 2 | P83: 3 | Q83: 0 | R83: 0 | S83: 0 | T83: 0 | U83: 1 | V83: =SUM(E83:U83) -> 9
B84: 3 | C84: DANY FARDA MIHMDIAT | E84: 1 | F84: 0 | G84: 0 | H84: 2 | I84: 4 | J84: 0 | K84: 0 | L84: 0 | M84: 0 | N84: 0 | O84: 1 | P84: 4 | Q84: 0 | R84: 0 | S84: 1 | T84: 0 | U84: 0 | V84: =SUM(E84:U84) -> 13
B85: 4 | C85: UNTUNG AL AKBAR | E85: 0 | F85: 0 | G85: 0 | H85: 0 | I85: 0 | J85: 0 | K85: 0 | L85: 0 | M85: 0 | N85: 0 | O85: 0 | P85: 0 | Q85: 0 | R85: 0 | S85: 0 | T85: 0 | U85: 0 | V85: =SUM(E85:U85) -> 0
B86: 5 | C86: SETYO PONCO UTOMO | E86: 0 | F86: 6 | G86: 7 | H86: 6 | I86: 0 | J86: 3 | K86: 0 | L86: 1 | M86: 2 | N86: 0 | O86: 8 | P86: 4 | Q86: 5 | R86: 0 | S86: 0 | T86: 0 | U86: 0 | V86: =SUM(E86:U86) -> 42
B87: 6 | C87: LIA ALYSTIA NINGRUM, S.PD. | E87: 2 | F87: 3 | G87: 5 | H87: 2 | I87: 3 | J87: 1 | K87: 6 | L87: 0 | M87: 0 | N87: 0 | O87: 4 | P87: 2 | Q87: 0 | R87: 4 | S87: 2 | T87: 2 | U87: 1 | V87: =SUM(E87:U87) -> 37
A88: B | B88: JUMLAH SUARA SAH PARTAI POLITIK DAN CALON (A1 + A2) | E88: =SUM(E81:E87) -> 8 | F88: =SUM(F81:F87) -> 16 | G88: =SUM(G81:G87) -> 16 | H88: =SUM(H81:H87) -> 13 | I88: =SUM(I81:I87) -> 12 | J88: =SUM(J81:J87) -> 6 | K88: =SUM(K81:K87) -> 9 | L88: =SUM(L81:L87) -> 10 | ... V88: =SUM(V81:V87) -> 174
A90: A.1 | B90: 6. | C90: Partai Buruh | E90: 0 | F90: 2 | G90: 0 | H90: 0 | I90: 0 | J90: 0 | K90: 1 | L90: 0 | M90: 0 | N90: 1 | O90: 0 | P90: 0 | Q90: 1 | R90: 0 | S90: 0 | T90: 1 | U90: 0 | V90: =SUM(E90:U90) -> 6
A91: B | B91: JUMLAH SUARA SAH PARTAI POLITIK DAN CALON (A1 + A2) | E91: =SUM(E90:E90) -> 0 | F91: =SUM(F90:F90) -> 2 | G91: =SUM(G90:G90) -> 0 | H91: =SUM(H90:H90) -> 0 | I91: =SUM(I90:I90) -> 0 | J91: =SUM(J90:J90) -> 0 | K91: =SUM(K90:K90) -> 1 | L91: =SUM(L90:L90) -> 0 | ... V91: =SUM(V90:V90) -> 6
A93: A.1 | B93: 7. | C93: Partai Gelombang Rakyat Indonesia | E93: 0 | F93: 0 | G93: 0 | H93: 0 | I93: 0 | J93: 0 | K93: 0 | L93: 3 | M93: 0 | N93: 0 | O93: 0 | P93: 0 | Q93: 1 | R93: 0 | S93: 0 | T93: 2 | U93: 0 | V93: =SUM(E93:U93) -> 6
A94: A.2 | B94: 1 | C94: ELY SODIKIN | E94: 1 | F94: 0 | G94: 1 | H94: 2 | I94: 1 | J94: 0 | K94: 0 | L94: 0 | M94: 0 | N94: 2 | O94: 0 | P94: 1 | Q94: 0 | R94: 1 | S94: 0 | T94: 1 | U94: 0 | V94: =SUM(E94:U94) -> 10
B95: 2 | C95: BAGUS WAHONO | E95: 0 | F95: 0 | G95: 0 | H95: 1 | I95: 0 | J95: 0 | K95: 0 | L95: 0 | M95: 0 | N95: 0 | O95: 0 | P95: 0 | Q95: 1 | R95: 0 | S95: 0 | T95: 0 | U95: 0 | V95: =SUM(E95:U95) -> 2
B96: 3 | C96: ARTIS YOGYA KARTIKA | E96: 0 | F96: 0 | G96: 0 | H96: 0 | I96: 0 | J96: 0 | K96: 0 | L96: 0 | M96: 0 | N96: 0 | O96: 0 | P96: 0 | Q96: 0 | R96: 0 | S96: 0 | T96: 0 | U96: 0 | V96: =SUM(E96:U96) -> 0
B97: 4 | C97: IMAM HAKTONO | E97: 0 | F97: 0 | G97: 0 | H97: 0 | I97: 0 | J97: 0 | K97: 0 | L97: 0 | M97: 0 | N97: 0 | O97: 0 | P97: 0 | Q97: 0 | R97: 0 | S97: 0 | T97: 0 | U97: 0 | V97: =SUM(E97:U97) -> 0
A98: B | B98: JUMLAH SUARA SAH PARTAI POLITIK DAN CALON (A1 + A2) | E98: =SUM(E93:E97) -> 1 | F98: =SUM(F93:F97) -> 0 | G98: =SUM(G93:G97) -> 1 | H98: =SUM(H93:H97) -> 3 | I98: =SUM(I93:I97) -> 1 | J98: =SUM(J93:J97) -> 0 | K98: =SUM(K93:K97) -> 0 | L98: =SUM(L93:L97) -> 3 | ... V98: =SUM(V93:V97) -> 18
A100: A.1 | B100: 8. | C100: Partai Keadilan Sejahtera | E100: 7 | F100: 9 | G100: 1 | H100: 1 | I100: 2 | J100: 3 | K100: 0 | L100: 1 | M100: 5 | N100: 0 | O100: 1 | P100: 3 | Q100: 5 | R100: 0 | S100: 2 | T100: 0 | U100: 0 | V100: =SUM(E100:U100) -> 40
A101: A.2 | B101: 1 | C101: FAISOL AZZ, A.MD. | E101: 14 | F101: 13 | G101: 11 | H101: 11 | I101: 10 | J101: 4 | K101: 9 | L101: 7 | M101: 14 | N101: 0 | O101: 2 | P101: 7 | Q101: 5 | R101: 2 | S101: 4 | T101: 1 | U101: 1 | V101: =SUM(E101:U101) -> 115
B102: 2 | C102: HAYATUL MAKIN | E102: 1 | F102: 0 | G102: 1 | H102: 1 | I102: 1 | J102: 0 | K102: 1 | L102: 0 | M102: 2 | N102: 0 | O102: 1 | P102: 1 | Q102: 2 | R102: 1 | S102: 9 | T102: 7 | U102: 0 | V102: =SUM(E102:U102) -> 28
B103: 3 | C103: SAKI HANDAYANI | E103: 0 | F103: 3 | G103: 3 | H103: 2 | I103: 1 | J103: 0 | K103: 0 | L103: 0 | M103: 1 | N103: 1 | O103: 0 | P103: 2 | Q103: 0 | R103: 0 | S103: 0 | T103: 0 | U103: 0 | V103: =SUM(E103:U103) -> 13
B104: 4 | C104: ASMAWIYANTO, A.MA. | E104: 0 | F104: 2 | G104: 0 | H104: 0 | I104: 0 | J104: 0 | K104: 0 | L104: 0 | M104: 0 | N104: 0 | O104: 0 | P104: 0 | Q104: 0 | R104: 0 | S104: 0 | T104: 0 | U104: 0 | V104: =SUM(E104:U104) -> 2
B105: 5 | C105: SANTI SETYOWATI | E105: 0 | F105: 0 | G105: 0 | H105: 0 | I105: 0 | J105: 2 | K105: 0 | L105: 0 | M105: 1 | N105: 0 | O105: 0 | P105: 0 | Q105: 0 | R105: 1 | S105: 0 | T105: 0 | U105: 0 | V105: =SUM(E105:U105) -> 4
B106: 6 | C106: SUPARNO, S.T. | E106: 1 | F106: 0 | G106: 0 | H106: 0 | I106: 0 | J106: 0 | K106: 0 | L106: 0 | M106: 1 | N106: 0 | O106: 0 | P106: 4 | Q106: 1 | R106: 0 | S106: 1 | T106: 3 | U106: 0 | V106: =SUM(E106:U106) -> 11
A107: B | B107: JUMLAH SUARA SAH PARTAI POLITIK DAN CALON (A1 + A2) | E107: =SUM(E100:E106) -> 23 | F107: =SUM(F100:F106) -> 27 | G107: =SUM(G100:G106) -> 16 | H107: =SUM(H100:H106) -> 15 | I107: =SUM(I100:I106) -> 14 | J107: =SUM(J100:J106) -> 9 | K107: =SUM(K100:K106) -> 10 | L107: =SUM(L100:L106) -> 8 | ... V107: =SUM(V100:V106) -> 213
A109: A.1 | B109: 9. | C109: Partai Kebangkitan Nusantara | E109: 0 | F109: 0 | G109: 0 | H109: 0 | I109: 0 | J109: 0 | K109: 0 | L109: 0 | M109: 0 | N109: 0 | O109: 0 | P109: 1 | Q109: 0 | R109: 0 | S109: 0 | V109: =SUM(E109:U109) -> 1
A110: A.2 | B110: 1 | C110: YAKUP YULIANTO | E110: 1 | F110: 0 | G110: 0 | H110: 0 | I110: 0 | J110: 0 | K110: 0 | L110: 0 | M110: 0 | N110: 0 | O110: 0 | P110: 0 | Q110: 0 | R110: 0 | S110: 0 | V110: =SUM(E110:U110) -> 1
B111: 2 | C111: TRIA UTAMA | E111: 0 | F111: 0 | G111: 0 | H111: 0 | I111: 0 | J111: 0 | K111: 0 | L111: 0 | M111: 0 | N111: 0 | O111: 0 | P111: 0 | Q111: 0 | R111: 0 | S111: 0 | V111: =SUM(E111:U111) -> 0
B112: 3 | C112: ANIS KHAFIFAH MZ | E112: 0 | F112: 0 | G112: 0 | H112: 0 | I112: 1 | J112: 0 | K112: 0 | L112: 0 | M112: 0 | N112: 0 | O112: 0 | P112: 0 | Q112: 0 | R112: 0 | S112: 0 | V112: =SUM(E112:U112) -> 1
A113: B | B113: JUMLAH SUARA SAH PARTAI POLITIK DAN CALON (A1 + A2) | E113: =SUM(E109:E112) -> 1 | F113: =SUM(F109:F112) -> 0 | G113: =SUM(G109:G112) -> 0 | H113: =SUM(H109:H112) -> 0 | I113: =SUM(I109:I112) -> 1 | J113: =SUM(J109:J112) -> 0 | K113: =SUM(K109:K112) -> 0 | L113: =SUM(L109:L112) -> 0 | ... V113: =SUM(V109:V112) -> 3
A115: A.1 | B115: 10. | C115: Partai Hati Nurani Rakyat | E115: 0 | F115: 0 | G115: 0 | H115: 0 | I115: 0 | J115: 0 | K115: 0 | L115: 0 | M115: 0 | N115: 1 | O115: 0 | P115: 0 | Q115: 0 | R115: 0 | S115: 5 | V115: =SUM(E115:U115) -> 6
A116: A.2 | B116: 1 | C116: H. HARIONO | E116: 0 | F116: 0 | G116: 2 | H116: 0 | I116: 0 | J116: 0 | K116: 0 | L116: 0 | M116: 1 | N116: 23 | O116: 1 | P116: 1 | Q116: 1 | R116: 0 | S116: 12 | T116: 5 | V116: =SUM(E116:U116) -> 46
B117: 2 | C117: GOPUR BACHITAR, S.T. | E117: 0 | F117: 0 | G117: 0 | H117: 0 | I117: 1 | J117: 0 | K117: 0 | L117: 0 | M117: 0 | N117: 0 | O117: 0 | P117: 0 | Q117: 0 | R117: 0 | S117: 1 | T117: 1 | V117: =SUM(E117:U117) -> 3
B118: 3 | C118: BONIMAH | E118: 0 | F118: 0 | G118: 0 | H118: 0 | I118: 0 | J118: 0 | K118: 0 | L118: 0 | M118: 0 | N118: 0 | O118: 0 | P118: 1 | Q118: 0 | R118: 0 | S118: 0 | V118: =SUM(E118:U118) -> 1
B119: 4 | C119: AGUS PRAYOGI | E119: 1 | F119: 1 | G119: 0 | H119: 0 | I119: 0 | J119: 0 | K119: 0 | L119: 0 | M119: 0 | N119: 0 | O119: 2 | P119: 0 | Q119: 0 | R119: 0 | S119: 0 | V119: =SUM(E119:U119) -> 4
B120: 5 | C120: DWI FITRIA PRATIWI | E120: 0 | F120: 0 | G120: 0 | H120: 0 | I120: 0 | J120: 0 | K120: 0 | L120: 0 | M120: 0 | N120: 0 | O120: 0 | P120: 0 | Q120: 0 | R120: 0 | S120: 0 | V120: =SUM(E120:U120) -> 0
...

Sheet GROGOL
C2: Kecamatan | D2: GIRI
C3: Kabupaten | D3: BANYUWANGI
C4: Provinsi | D4: JAWA TIMUR
C9: Kelurahan | D9: GROGOL
A12: I | B12: DATA PEMILIH DAN PENGGUNAAN HAK PILIH | V12: JUMLAH AKHIR
A13: A | B13: DATA PEMILIH | E13: TPS 001 | F13: TPS 002 | G13: TPS 003 | H13: TPS 004 | I13: TPS 005 | J13: TPS 006 | K13: TPS 007 | L13: TPS 008 | M13: TPS 009 | N13: TPS 010 | O13: TPS 011 | P13: TPS 012 | Q13: TPS 013 | R13: TPS 014 | S13: TPS 015 | T13: TPS 016 | U13: TPS 017
B14: Jumlah Pemilih dalam Daftar Pemilih Tetap (DPT) | D14: LK | E14: 139 | F14: 128 | G14: 99 | H14: 119 | I14: 112 | J14: 141 | K14: 133 | L14: 137 | M14: 126 | N14: 121 | O14: 109 | P14: 113 | Q14: 144 | R14: 122 | S14: 93 | T14: 96 | U14: 116 | V14: =SUM(E14:U14) -> 2048
D15: PR | E15: 146 | F15: 135 | G15: 104 | H15: 131 | I15: 104 | J15: 148 | K15: 146 | L15: 151 | M15: 144 | N15: 123 | O15: 119 | P15: 114 | Q15: 132 | R15: 128 | S15: 108 | T15: 102 | U15: 103 | V15: =SUM(E15:U15) -> 2138
D16: JML | E16: =SUM(E14:E15) -> 285 | F16: =SUM(F14:F15) -> 263 | G16: =SUM(G14:G15) -> 203 | H16: =SUM(H14:H15) -> 250 | I16: =SUM(I14:I15) -> 216 | J16: =SUM(J14:J15) -> 289 | K16: =SUM(K14:K15) -> 279 | L16: =SUM(L14:L15) -> 288 | ... U16: =SUM(U14:U15) -> 219 | V16: =SUM(E16:U16) -> 4186
A18: B | B18: PENGGUNA HAK PILIH
B19: 1. | C19: Jumlah pengguna hak pilih dalam Daftar Pemilih Tetap (DPT) | D19: LK | E19: 113 | F19: 109 | G19: 76 | H19: 89 | I19: 99 | J19: 106 | K19: 94 | L19: 105 | M19: 99 | N19: 90 | O19: 88 | P19: 96 | Q19: 120 | R19: 95 | S19: 75 | T19: 80 | U19: 87 | V19: =SUM(E19:U19) -> 1621
D20: PR | E20: 117 | F20: 113 | G20: 83 | H20: 110 | I20: 96 | J20: 117 | K20: 127 | L20: 127 | M20: 122 | N20: 102 | O20: 99 | P20: 102 | Q20: 109 | R20: 109 | S20: 94 | T20: 85 | U20: 79 | V20: =SUM(E20:U20) -> 1791
D21: JML | E21: =SUM(E19:E20) -> 230 | F21: =SUM(F19:F20) -> 222 | G21: =SUM(G19:G20) -> 159 | H21: =SUM(H19:H20) -> 199 | I21: =SUM(I19:I20) -> 195 | J21: =SUM(J19:J20) -> 223 | K21: =SUM(K19:K20) -> 221 | L21: =SUM(L19:L20) -> 232 | ... U21: =SUM(U19:U20) -> 166 | V21: =SUM(E21:U21) -> 3412
B22: 2. | C22: Jumlah pengguna hak pilih dalam Daftar Pemilih Tambahan (DPTb) | D22: LK | E22: 1 | F22: 0 | G22: 0 | H22: 0 | I22: 0 | J22: 0 | K22: 0 | L22: 0 | M22: 0 | N22: 0 | O22: 0 | P22: 0 | Q22: 1 | R22: 0 | S22: 0 | V22: =SUM(E22:U22) -> 2
D23: PR | E23: 1 | F23: 0 | G23: 0 | H23: 0 | I23: 0 | J23: 0 | K23: 0 | L23: 0 | M23: 0 | N23: 0 | O23: 1 | P23: 0 | Q23: 1 | R23: 0 | S23: 0 | V23: =SUM(E23:U23) -> 3
D24: JML | E24: =SUM(E22:E23) -> 2 | F24: =SUM(F22:F23) -> 0 | G24: =SUM(G22:G23) -> 0 | H24: =SUM(H22:H23) -> 0 | I24: =SUM(I22:I23) -> 0 | J24: =SUM(J22:J23) -> 0 | K24: =SUM(K22:K23) -> 0 | L24: =SUM(L22:L23) -> 0 | ... U24: =SUM(U22:U23) -> 0 | V24: =SUM(E24:U24) -> 5
B25: 3. | C25: Jumlah pengguna hak pilih dalam Daftar Pemilih Khusus (DPK) | D25: LK | E25: 0 | F25: 0 | G25: 0 | H25: 1 | I25: 1 | J25: 0 | K25: 0 | L25: 0 | M25: 0 | N25: 0 | O25: 0 | P25: 0 | Q25: 1 | R25: 0 | S25: 0 | V25: =SUM(E25:U25) -> 3
D26: PR | E26: 1 | F26: 1 | G26: 0 | H26: 1 | I26: 1 | J26: 0 | K26: 0 | L26: 0 | M26: 1 | N26: 3 | O26: 1 | P26: 2 | Q26: 0 | R26: 0 | S26: 1 | T26: 2 | V26: =SUM(E26:U26) -> 14
D27: JML | E27: =SUM(E25:E26) -> 1 | F27: =SUM(F25:F26) -> 1 | G27: =SUM(G25:G26) -> 0 | H27: =SUM(H25:H26) -> 2 | I27: =SUM(I25:I26) -> 2 | J27: =SUM(J25:J26) -> 0 | K27: =SUM(K25:K26) -> 0 | L27: =SUM(L25:L26) -> 0 | ... U27: =SUM(U25:U26) -> 0 | V27: =SUM(E27:U27) -> 17
B28: 4. | C28: Jumlah Pengguna Hak Pilih (B.1+B.2+B.3) | D28: LK | E28: =SUM(E19,E22,E25) -> 114 | F28: =SUM(F19,F22,F25) -> 109 | G28: =SUM(G19,G22,G25) -> 76 | H28: =SUM(H19,H22,H25) -> 90 | I28: =SUM(I19,I22,I25) -> 100 | J28: =SUM(J19,J22,J25) -> 106 | K28: =SUM(K19,K22,K25) -> 94 | L28: =SUM(L19,L22,L25) -> 105 | ... U28: =SUM(U19,U22,U25) -> 87 | V28: =SUM(E28:U28) -> 1626
D29: PR | E29: =SUM(E20,E23,E26) -> 119 | F29: =SUM(F20,F23,F26) -> 114 | G29: =SUM(G20,G23,G26) -> 83 | H29: =SUM(H20,H23,H26) -> 111 | I29: =SUM(I20,I23,I26) -> 97 | J29: =SUM(J20,J23,J26) -> 117 | K29: =SUM(K20,K23,K26) -> 127 | L29: =SUM(L20,L23,L26) -> 127 | ... U29: =SUM(U20,U23,U26) -> 79 | V29: =SUM(E29:U29) -> 1808
D30: JML | E30: =SUM(E28:E29) -> 233 | F30: =SUM(F28:F29) -> 223 | G30: =SUM(G28:G29) -> 159 | H30: =SUM(H28:H29) -> 201 | I30: =SUM(I28:I29) -> 197 | J30: =SUM(J28:J29) -> 223 | K30: =SUM(K28:K29) -> 221 | L30: =SUM(L28:L29) -> 232 | ... U30: =SUM(U28:U29) -> 166 | V30: =SUM(E30:U30) -> 3434
A32: II | B32: DATA PENGGUNAAN SURAT SUARA
A33: 1 | B33: Jumlah surat suara yang diterima, termasuk surat suara cadangan 2,5% dari DPT | E33: 289 | F33: 269 | G33: 206 | H33: 253 | I33: 219 | J33: 293 | K33: 283 | L33: 291 | M33: 274 | N33: 247 | O33: 211 | P33: 230 | Q33: 280 | R33: 255 | S33: 203 | T33: 200 | U33: 222 | V33: =SUM(E33:U33) -> 4225
A34: 2 | B34: Jumlah surat suara yang digunakan | E34: 233 | F34: 223 | G34: 159 | H34: 201 | I34: 197 | J34: 223 | K34: 221 | L34: 232 | M34: 222 | N34: 195 | O34: 189 | P34: 200 | Q34: 232 | R34: 204 | S34: 170 | T34: 167 | U34: 166 | V34: =SUM(E34:U34) -> 3434
A35: 3 | B35: Jumlah surat suara dikembalikan oleh pemilih (karena rusak atau keliru coblos) | I35: 1 | L35: 2 | U35: 1 | V35: =SUM(E35:U35) -> 4
A36: 4 | B36: Jumlah surat suara yang tidak digunakan/tidak terpakai, termasuk sisa surat suara cadangan | E36: =E33-(E34+E35) -> 56 | F36: =F33-(F34+F35) -> 46 | G36: =G33-(G34+G35) -> 47 | H36: =H33-(H34+H35) -> 52 | I36: =I33-(I34+I35) -> 21 | J36: =J33-(J34+J35) -> 70 | K36: =K33-(K34+K35) -> 62 | L36: =L33-(L34+L35) -> 57 | ... U36: =U33-(U34+U35) -> 55 | V36: =SUM(E36:U36) -> 787
A38: III | B38: DATA PEMILIH DISABILITAS
B39: Jumlah seluruh Pemilih disabilitas yang menggunakan hak pilih | D39: LK | I39: 3 | V39: =SUM(E39:U39) -> 3
D40: PR | I40: 1 | V40: =SUM(E40:U40) -> 1
D41: JML | E41: =SUM(E39:E40) -> 0 | F41: =SUM(F39:F40) -> 0 | G41: =SUM(G39:G40) -> 0 | H41: =SUM(H39:H40) -> 0 | I41: =SUM(I39:I40) -> 4 | J41: =SUM(J39:J40) -> 0 | K41: =SUM(K39:K40) -> 0 | L41: =SUM(L39:L40) -> 0 | ... U41: =SUM(U39:U40) -> 0 | V41: =SUM(E41:U41) -> 4
A43: IV | B43: DATA RINCIAN PEROLEHAN SUARA PASANGAN CALON BUPATI DAN WAKIL BUPATI
A44: NOMOR DAN NAMA CALON
A45: A.1 | B45: 1. | C45: Partai Kebangkitan Bangsa | E45: 8 | F45: 11 | G45: 13 | H45: 9 | I45: 19 | J45: 17 | K45: 20 | L45: 15 | M45: 17 | N45: 19 | O45: 16 | P45: 20 | Q45: 18 | R45: 15 | S45: 10 | T45: 12 | U45: 11 | V45: =SUM(E45:U45) -> 250
A46: A.2 | B46: 1 | C46: HJ. SITI MAKHROCHATIN NI’MAH, S.PD., M.M. | E46: 46 | F46: 23 | G46: 21 | H46: 30 | I46: 54 | J46: 44 | K46: 78 | L46: 61 | M46: 35 | N46: 23 | O46: 36 | P46: 47 | Q46: 51 | R46: 14 | S46: 16 | T46: 40 | U46: 36 | V46: =SUM(E46:U46) -> 655
B47: 2 | C47: A. TAUFIK | E47: 1 | F47: 2 | G47: 1 | H47: 1 | I47: 4 | J47: 2 | K47: 3 | L47: 1 | M47: 6 | N47: 1 | O47: 2 | P47: 6 | Q47: 3 | R47: 0 | S47: 2 | T47: 1 | U47: 1 | V47: =SUM(E47:U47) -> 37
B48: 3 | C48: KHOIRUL FAHMI ISKANDAR, S.PD | E48: 2 | F48: 1 | G48: 3 | H48: 2 | I48: 0 | J48: 1 | K48: 1 | L48: 0 | M48: 1 | N48: 1 | O48: 1 | P48: 3 | Q48: 0 | R48: 0 | S48: 0 | V48: =SUM(E48:U48) -> 16
B49: 4 | C49: AKHMAD, S.PD., M.M. | E49: 0 | F49: 1 | G49: 0 | H49: 0 | I49: 0 | J49: 0 | K49: 0 | L49: 0 | M49: 0 | N49: 0 | O49: 0 | P49: 0 | Q49: 0 | R49: 0 | S49: 0 | V49: =SUM(E49:U49) -> 1
B50: 5 | C50: SOFI WULANDARI, S.H. | E50: 0 | F50: 0 | G50: 0 | H50: 0 | I50: 0 | J50: 0 | K50: 0 | L50: 0 | M50: 0 | N50: 0 | O50: 1 | P50: 0 | Q50: 1 | R50: 0 | S50: 0 | V50: =SUM(E50:U50) -> 2
B51: 6 | C51: AL MA’ARIF | E51: 2 | F51: 0 | G51: 0 | H51: 2 | I51: 3 | J51: 1 | K51: 0 | L51: 0 | M51: 0 | N51: 0 | O51: 2 | P51: 3 | Q51: 1 | R51: 1 | S51: 1 | T51: 2 | V51: =SUM(E51:U51) -> 18
A52: B | B52: JUMLAH SUARA SAH PARTAI POLITIK DAN CALON (A1 + A2) | E52: =SUM(E45:E51) -> 59 | F52: =SUM(F45:F51) -> 38 | G52: =SUM(G45:G51) -> 38 | H52: =SUM(H45:H51) -> 44 | I52: =SUM(I45:I51) -> 80 | J52: =SUM(J45:J51) -> 65 | K52: =SUM(K45:K51) -> 102 | L52: =SUM(L45:L51) -> 77 | ... V52: =SUM(V45:V51) -> 979
A54: A.1 | B54: 2. | C54: Partai Gerakan Indonesia Raya | E54: 12 | F54: 4 | G54: 9 | H54: 9 | I54: 6 | J54: 9 | K54: 9 | L54: 4 | M54: 3 | N54: 5 | O54: 2 | P54: 2 | Q54: 18 | R54: 9 | S54: 4 | T54: 3 | U54: 11 | V54: =SUM(E54:U54) -> 119
A55: A.2 | B55: 1 | C55: ASRILA DISKA RIMUNDA | E55: 8 | F55: 6 | G55: 3 | H55: 2 | I55: 3 | J55: 5 | K55: 5 | L55: 4 | M55: 8 | N55: 4 | O55: 3 | P55: 6 | Q55: 6 | R55: 11 | S55: 22 | T55: 6 | U55: 3 | V55: =SUM(E55:U55) -> 105
B56: 2 | C56: ANIK MUSYAROFAH | E56: 5 | F56: 2 | G56: 3 | H56: 3 | I56: 1 | J56: 6 | K56: 2 | L56: 2 | M56: 2 | N56: 2 | O56: 0 | P56: 4 | Q56: 6 | R56: 3 | S56: 2 | U56: 5 | V56: =SUM(E56:U56) -> 48
B57: 3 | C57: JOKO MISBONO | E57: 1 | F57: 0 | G57: 2 | H57: 4 | I57: 0 | J57: 3 | K57: 2 | L57: 0 | M57: 0 | N57: 0 | O57: 0 | P57: 0 | Q57: 2 | R57: 0 | S57: 0 | U57: 1 | V57: =SUM(E57:U57) -> 15
B58: 4 | C58: REKTO PUSPITASARI | E58: 0 | F58: 2 | G58: 0 | H58: 1 | I58: 0 | J58: 0 | K58: 1 | L58: 0 | M58: 0 | N58: 0 | O58: 0 | P58: 0 | Q58: 1 | R58: 0 | S58: 0 | V58: =SUM(E58:U58) -> 5
B59: 5 | C59: AHMAD KHOMSI WAHYUDI | E59: 0 | F59: 2 | G59: 0 | H59: 0 | I59: 0 | J59: 0 | K59: 0 | L59: 0 | M59: 0 | N59: 0 | O59: 0 | P59: 0 | Q59: 0 | R59: 0 | S59: 0 | V59: =SUM(E59:U59) -> 2
B60: 6 | C60: ACHI RIZAL FIRDAUS | E60: 1 | F60: 0 | G60: 1 | H60: 0 | I60: 0 | J60: 8 | K60: 1 | L60: 0 | M60: 0 | N60: 0 | O60: 2 | P60: 0 | Q60: 7 | R60: 11 | S60: 2 | T60: 2 | V60: =SUM(E60:U60) -> 35
A61: B | B61: JUMLAH SUARA SAH PARTAI POLITIK DAN CALON (A1 + A2) | E61: =SUM(E54:E60) -> 27 | F61: =SUM(F54:F60) -> 16 | G61: =SUM(G54:G60) -> 18 | H61: =SUM(H54:H60) -> 19 | I61: =SUM(I54:I60) -> 10 | J61: =SUM(J54:J60) -> 31 | K61: =SUM(K54:K60) -> 20 | L61: =SUM(L54:L60) -> 10 | ... V61: =SUM(V54:V60) -> 329
A63: A.1 | B63: 3. | C63: Partai Demokrasi Indonesia Perjuangan | E63: 17 | F63: 8 | G63: 4 | H63: 5 | I63: 6 | J63: 3 | K63: 2 | L63: 6 | M63: 6 | N63: 1 | O63: 4 | P63: 1 | Q63: 3 | R63: 2 | S63: 1 | T63: 3 | U63: 5 | V63: =SUM(E63:U63) -> 77
A64: A.2 | B64: 1 | C64: I MADE CAHYANA NEGARA, S.E. | E64: 4 | F64: 1 | G64: 3 | H64: 6 | I64: 7 | J64: 5 | K64: 1 | L64: 4 | M64: 27 | N64: 9 | O64: 2 | P64: 4 | Q64: 7 | R64: 1 | S64: 1 | U64: 12 | V64: =SUM(E64:U64) -> 94
B65: 2 | C65: AGUS WAHYU PANOTO, S.H. | E65: 2 | F65: 2 | G65: 1 | H65: 0 | I65: 3 | J65: 0 | K65: 2 | L65: 1 | M65: 2 | N65: 0 | O65: 1 | P65: 1 | Q65: 0 | R65: 1 | S65: 0 | T65: 1 | V65: =SUM(E65:U65) -> 17
B66: 3 | C66: IIS SUMIYATI | E66: 1 | F66: 2 | G66: 0 | H66: 4 | I66: 0 | J66: 2 | K66: 1 | L66: 2 | M66: 1 | N66: 1 | O66: 0 | P66: 0 | Q66: 1 | R66: 2 | S66: 1 | T66: 1 | V66: =SUM(E66:U66) -> 19
B67: 4 | C67: ACHMAD MUZAMMIL | E67: 0 | F67: 0 | G67: 1 | H67: 1 | I67: 1 | J67: 2 | K67: 0 | L67: 2 | M67: 0 | N67: 1 | O67: 0 | P67: 0 | Q67: 0 | R67: 0 | S67: 0 | V67: =SUM(E67:U67) -> 8
B68: 5 | C68: WENDRIAWANTO | E68: 44 | F68: 81 | G68: 30 | H68: 13 | I68: 31 | J68: 34 | K68: 19 | L68: 62 | M68: 5 | N68: 11 | O68: 10 | P68: 10 | Q68: 4 | R68: 2 | S68: 1 | T68: 1 | U68: 36 | V68: =SUM(E68:U68) -> 394
B69: 6 | C69: PUTRI MEGA AYU WIDIARTI | E69: 0 | F69: 0 | G69: 0 | H69: 0 | I69: 1 | J69: 0 | K69: 0 | L69: 2 | M69: 0 | N69: 0 | O69: 0 | P69: 0 | Q69: 0 | R69: 0 | S69: 0 | U69: 3 | V69: =SUM(E69:U69) -> 6
A70: B | B70: JUMLAH SUARA SAH PARTAI POLITIK DAN CALON (A1 + A2) | E70: =SUM(E63:E69) -> 68 | F70: =SUM(F63:F69) -> 94 | G70: =SUM(G63:G69) -> 39 | H70: =SUM(H63:H69) -> 29 | I70: =SUM(I63:I69) -> 49 | J70: =SUM(J63:J69) -> 46 | K70: =SUM(K63:K69) -> 25 | L70: =SUM(L63:L69) -> 79 | ... V70: =SUM(V63:V69) -> 615
A72: A.1 | B72: 4. | C72: Partai Golongan Karya | E72: 3 | F72: 1 | G72: 0 | H72: 8 | I72: 5 | J72: 2 | K72: 4 | L72: 0 | M72: 1 | N72: 5 | O72: 1 | P72: 1 | Q72: 0 | R72: 15 | S72: 6 | T72: 6 | U72: 1 | V72: =SUM(E72:U72) -> 59
A73: A.2 | B73: 1 | C73: UMI KULSUM, S.H. | E73: 5 | F73: 11 | G73: 0 | H73: 15 | I73: 13 | J73: 8 | K73: 20 | L73: 9 | M73: 17 | N73: 52 | O73: 24 | P73: 10 | Q73: 7 | R73: 54 | S73: 66 | T73: 54 | U73: 6 | V73: =SUM(E73:U73) -> 371
B74: 2 | C74: SONNY PRAKOSO INDRA, S.E. | E74: 1 | F74: 0 | G74: 0 | H74: 0 | I74: 0 | J74: 1 | K74: 2 | L74: 0 | M74: 1 | N74: 0 | O74: 2 | P74: 6 | Q74: 2 | R74: 3 | S74: 2 | U74: 1 | V74: =SUM(E74:U74) -> 21
B75: 3 | C75: ERJUNA SITI FATIMAH | E75: 0 | F75: 0 | G75: 0 | H75: 0 | I75: 0 | J75: 0 | K75: 1 | L75: 0 | M75: 0 | N75: 0 | O75: 0 | P75: 0 | Q75: 0 | R75: 1 | S75: 0 | V75: =SUM(E75:U75) -> 2
B76: 4 | C76: SITI MARIYAM | E76: 0 | F76: 0 | G76: 0 | H76: 0 | I76: 2 | J76: 0 | K76: 0 | L76: 0 | M76: 0 | N76: 0 | O76: 0 | P76: 1 | Q76: 0 | R76: 0 | S76: 0 | V76: =SUM(E76:U76) -> 3
B77: 5 | C77: HERU SUKARNO, S.H. | E77: 0 | F77: 0 | G77: 0 | H77: 0 | I77: 0 | J77: 0 | K77: 0 | L77: 0 | M77: 0 | N77: 0 | O77: 0 | P77: 0 | Q77: 0 | R77: 0 | S77: 0 | V77: =SUM(E77:U77) -> 0
B78: 6 | C78: AHMAD MUZAYYIN | E78: 0 | F78: 0 | G78: 0 | H78: 0 | I78: 0 | J78: 0 | K78: 1 | L78: 0 | M78: 0 | N78: 0 | O78: 0 | P78: 0 | Q78: 0 | R78: 1 | S78: 0 | V78: =SUM(E78:U78) -> 2
A79: B | B79: JUMLAH SUARA SAH PARTAI POLITIK DAN CALON (A1 + A2) | E79: =SUM(E72:E78) -> 9 | F79: =SUM(F72:F78) -> 12 | G79: =SUM(G72:G78) -> 0 | H79: =SUM(H72:H78) -> 23 | I79: =SUM(I72:I78) -> 20 | J79: =SUM(J72:J78) -> 11 | K79: =SUM(K72:K78) -> 28 | L79: =SUM(L72:L78) -> 9 | ... V79: =SUM(V72:V78) -> 458
A81: A.1 | B81: 5. | C81: Partai NasDem | E81: 0 | F81: 6 | G81: 0 | H81: 1 | I81: 1 | J81: 1 | K81: 0 | L81: 3 | M81: 4 | N81: 0 | O81: 2 | P81: 1 | Q81: 0 | R81: 1 | S81: 0 | V81: =SUM(E81:U81) -> 20
A82: A.2 | B82: 1 | C82: DRS. MOH. PADIL | E82: 4 | F82: 0 | G82: 0 | H82: 4 | I82: 1 | J82: 5 | K82: 0 | L82: 19 | M82: 29 | N82: 21 | O82: 46 | P82: 21 | Q82: 8 | R82: 22 | S82: 3 | T82: 3 | U82: 2 | V82: =SUM(E82:U82) -> 188
B83: 2 | C83: ALEX WIJAYA KUSUMA | E83: 0 | F83: 1 | G83: 0 | H83: 1 | I83: 0 | J83: 0 | K83: 0 | L83: 0 | M83: 0 | N83: 1 | O83: 0 | P83: 0 | Q83: 0 | R83: 0 | S83: 0 | V83: =SUM(E83:U83) -> 3
B84: 3 | C84: DANY FARDA MIHMDIAT | E84: 0 | F84: 0 | G84: 0 | H84: 0 | I84: 0 | J84: 0 | K84: 1 | L84: 0 | M84: 0 | N84: 0 | O84: 0 | P84: 0 | Q84: 0 | R84: 0 | S84: 0 | V84: =SUM(E84:U84) -> 1
B85: 4 | C85: UNTUNG AL AKBAR | E85: 0 | F85: 0 | G85: 0 | H85: 0 | I85: 0 | J85: 0 | K85: 0 | L85: 0 | M85: 0 | N85: 0 | O85: 0 | P85: 0 | Q85: 0 | R85: 0 | S85: 0 | V85: =SUM(E85:U85) -> 0
B86: 5 | C86: SETYO PONCO UTOMO | E86: 0 | F86: 0 | G86: 0 | H86: 0 | I86: 0 | J86: 0 | K86: 1 | L86: 1 | M86: 0 | N86: 1 | O86: 0 | P86: 0 | Q86: 1 | R86: 0 | S86: 0 | V86: =SUM(E86:U86) -> 4
B87: 6 | C87: LIA ALYSTIA NINGRUM, S.PD. | E87: 4 | F87: 5 | G87: 0 | H87: 8 | I87: 0 | J87: 0 | K87: 0 | L87: 0 | M87: 2 | N87: 0 | O87: 0 | P87: 0 | Q87: 0 | R87: 0 | S87: 5 | T87: 8 | V87: =SUM(E87:U87) -> 32
A88: B | B88: JUMLAH SUARA SAH PARTAI POLITIK DAN CALON (A1 + A2) | E88: =SUM(E81:E87) -> 8 | F88: =SUM(F81:F87) -> 12 | G88: =SUM(G81:G87) -> 0 | H88: =SUM(H81:H87) -> 14 | I88: =SUM(I81:I87) -> 2 | J88: =SUM(J81:J87) -> 6 | K88: =SUM(K81:K87) -> 2 | L88: =SUM(L81:L87) -> 23 | ... V88: =SUM(V81:V87) -> 248
A90: A.1 | B90: 6. | C90: Partai Buruh | E90: 1 | F90: 0 | G90: 0 | H90: 2 | I90: 0 | J90: 0 | K90: 2 | L90: 1 | M90: 2 | N90: 2 | O90: 1 | P90: 0 | Q90: 3 | R90: 0 | S90: 0 | T90: 3 | V90: =SUM(E90:U90) -> 17
A91: B | B91: JUMLAH SUARA SAH PARTAI POLITIK DAN CALON (A1 + A2) | E91: =SUM(E90:E90) -> 1 | F91: =SUM(F90:F90) -> 0 | G91: =SUM(G90:G90) -> 0 | H91: =SUM(H90:H90) -> 2 | I91: =SUM(I90:I90) -> 0 | J91: =SUM(J90:J90) -> 0 | K91: =SUM(K90:K90) -> 2 | L91: =SUM(L90:L90) -> 1 | ... V91: =SUM(V90:V90) -> 17
A93: A.1 | B93: 7. | C93: Partai Gelombang Rakyat Indonesia | E93: 1 | F93: 0 | G93: 0 | H93: 0 | I93: 0 | J93: 1 | K93: 0 | L93: 2 | M93: 1 | N93: 2 | O93: 0 | P93: 0 | Q93: 1 | R93: 0 | S93: 2 | V93: =SUM(E93:U93) -> 10
A94: A.2 | B94: 1 | C94: ELY SODIKIN | E94: 0 | F94: 0 | G94: 0 | H94: 0 | I94: 0 | J94: 1 | K94: 0 | L94: 0 | M94: 0 | N94: 0 | O94: 0 | P94: 0 | Q94: 0 | R94: 2 | S94: 0 | V94: =SUM(E94:U94) -> 3
B95: 2 | C95: BAGUS WAHONO | E95: 0 | F95: 0 | G95: 0 | H95: 0 | I95: 0 | J95: 0 | K95: 0 | L95: 0 | M95: 0 | N95: 0 | O95: 0 | P95: 0 | Q95: 0 | R95: 0 | S95: 1 | V95: =SUM(E95:U95) -> 1
B96: 3 | C96: ARTIS YOGYA KARTIKA | E96: 1 | F96: 0 | G96: 1 | H96: 0 | I96: 1 | J96: 0 | K96: 0 | L96: 0 | M96: 0 | N96: 0 | O96: 0 | P96: 0 | Q96: 0 | R96: 0 | S96: 1 | V96: =SUM(E96:U96) -> 4
B97: 4 | C97: IMAM HAKTONO | E97: 0 | F97: 0 | G97: 0 | H97: 0 | I97: 0 | J97: 0 | K97: 0 | L97: 0 | M97: 0 | N97: 0 | O97: 0 | P97: 0 | Q97: 1 | R97: 0 | S97: 0 | V97: =SUM(E97:U97) -> 1
A98: B | B98: JUMLAH SUARA SAH PARTAI POLITIK DAN CALON (A1 + A2) | E98: =SUM(E93:E97) -> 2 | F98: =SUM(F93:F97) -> 0 | G98: =SUM(G93:G97) -> 1 | H98: =SUM(H93:H97) -> 0 | I98: =SUM(I93:I97) -> 1 | J98: =SUM(J93:J97) -> 2 | K98: =SUM(K93:K97) -> 0 | L98: =SUM(L93:L97) -> 2 | ... V98: =SUM(V93:V97) -> 19
A100: A.1 | B100: 8. | C100: Partai Keadilan Sejahtera | E100: 0 | F100: 1 | G100: 1 | H100: 1 | I100: 0 | J100: 4 | K100: 1 | L100: 0 | M100: 0 | N100: 0 | O100: 2 | P100: 0 | Q100: 0 | R100: 0 | S100: 0 | U100: 1 | V100: =SUM(E100:U100) -> 11
A101: A.2 | B101: 1 | C101: FAISOL AZZ, A.MD. | E101: 0 | F101: 0 | G101: 2 | H101: 3 | I101: 1 | J101: 27 | K101: 2 | L101: 1 | M101: 0 | N101: 0 | O101: 0 | P101: 0 | Q101: 0 | R101: 0 | S101: 0 | T101: 1 | V101: =SUM(E101:U101) -> 37
B102: 2 | C102: HAYATUL MAKIN | E102: 0 | F102: 0 | G102: 0 | H102: 0 | I102: 0 | J102: 2 | K102: 0 | L102: 1 | M102: 0 | N102: 0 | O102: 0 | P102: 0 | Q102: 0 | R102: 0 | S102: 0 | V102: =SUM(E102:U102) -> 3
B103: 3 | C103: SAKI HANDAYANI | E103: 0 | F103: 1 | G103: 0 | H103: 0 | I103: 0 | J103: 0 | K103: 7 | L103: 0 | M103: 0 | N103: 0 | O103: 0 | P103: 0 | Q103: 1 | R103: 0 | S103: 0 | V103: =SUM(E103:U103) -> 9
B104: 4 | C104: ASMAWIYANTO, A.MA. | E104: 0 | F104: 0 | G104: 0 | H104: 0 | I104: 0 | J104: 0 | K104: 0 | L104: 0 | M104: 0 | N104: 0 | O104: 0 | P104: 0 | Q104: 0 | R104: 0 | S104: 0 | V104: =SUM(E104:U104) -> 0
B105: 5 | C105: SANTI SETYOWATI | E105: 0 | F105: 0 | G105: 0 | H105: 0 | I105: 0 | J105: 0 | K105: 0 | L105: 0 | M105: 0 | N105: 0 | O105: 0 | P105: 0 | Q105: 0 | R105: 0 | S105: 0 | V105: =SUM(E105:U105) -> 0
B106: 6 | C106: SUPARNO, S.T. | E106: 0 | F106: 0 | G106: 0 | H106: 0 | I106: 0 | J106: 0 | K106: 0 | L106: 0 | M106: 0 | N106: 0 | O106: 0 | P106: 0 | Q106: 0 | R106: 0 | S106: 0 | V106: =SUM(E106:U106) -> 0
A107: B | B107: JUMLAH SUARA SAH PARTAI POLITIK DAN CALON (A1 + A2) | E107: =SUM(E100:E106) -> 0 | F107: =SUM(F100:F106) -> 2 | G107: =SUM(G100:G106) -> 3 | H107: =SUM(H100:H106) -> 4 | I107: =SUM(I100:I106) -> 1 | J107: =SUM(J100:J106) -> 33 | K107: =SUM(K100:K106) -> 10 | L107: =SUM(L100:L106) -> 2 | ... V107: =SUM(V100:V106) -> 60
A109: A.1 | B109: 9. | C109: Partai Kebangkitan Nusantara | E109: 0 | F109: 0 | G109: 0 | H109: 0 | I109: 0 | J109: 0 | K109: 0 | L109: 0 | M109: 1 | N109: 0 | O109: 0 | P109: 0 | Q109: 1 | R109: 0 | S109: 0 | V109: =SUM(E109:U109) -> 2
A110: A.2 | B110: 1 | C110: YAKUP YULIANTO | E110: 0 | F110: 0 | G110: 0 | H110: 0 | I110: 0 | J110: 0 | K110: 0 | L110: 0 | M110: 0 | N110: 0 | O110: 0 | P110: 0 | Q110: 0 | R110: 0 | S110: 0 | V110: =SUM(E110:U110) -> 0
B111: 2 | C111: TRIA UTAMA | E111: 0 | F111: 0 | G111: 0 | H111: 0 | I111: 0 | J111: 0 | K111: 0 | L111: 0 | M111: 0 | N111: 0 | O111: 0 | P111: 0 | Q111: 0 | R111: 0 | S111: 0 | V111: =SUM(E111:U111) -> 0
B112: 3 | C112: ANIS KHAFIFAH MZ | E112: 0 | F112: 0 | G112: 0 | H112: 0 | I112: 0 | J112: 0 | K112: 0 | L112: 0 | M112: 0 | N112: 0 | O112: 0 | P112: 0 | Q112: 0 | R112: 0 | S112: 0 | V112: =SUM(E112:U112) -> 0
A113: B | B113: JUMLAH SUARA SAH PARTAI POLITIK DAN CALON (A1 + A2) | E113: =SUM(E109:E112) -> 0 | F113: =SUM(F109:F112) -> 0 | G113: =SUM(G109:G112) -> 0 | H113: =SUM(H109:H112) -> 0 | I113: =SUM(I109:I112) -> 0 | J113: =SUM(J109:J112) -> 0 | K113: =SUM(K109:K112) -> 0 | L113: =SUM(L109:L112) -> 0 | ... V113: =SUM(V109:V112) -> 2
A115: A.1 | B115: 10. | C115: Partai Hati Nurani Rakyat | E115: 1 | F115: 0 | G115: 0 | H115: 1 | I115: 0 | J115: 0 | K115: 0 | L115: 0 | M115: 0 | N115: 0 | O115: 0 | P115: 0 | Q115: 2 | R115: 2 | S115: 0 | V115: =SUM(E115:U115) -> 6
A116: A.2 | B116: 1 | C116: H. HARIONO | E116: 0 | F116: 2 | G116: 0 | H116: 2 | I116: 1 | J116: 0 | K116: 0 | L116: 0 | M116: 2 | N116: 0 | O116: 1 | P116: 0 | Q116: 5 | R116: 0 | S116: 0 | U116: 1 | V116: =SUM(E116:U116) -> 14
B117: 2 | C117: GOPUR BACHITAR, S.T. | E117: 0 | F117: 0 | G117: 0 | H117: 0 | I117: 0 | J117: 0 | K117: 0 | L117: 0 | M117: 0 | N117: 0 | O117: 0 | P117: 0 | Q117: 0 | R117: 0 | S117: 0 | V117: =SUM(E117:U117) -> 0
B118: 3 | C118: BONIMAH | E118: 0 | F118: 0 | G118: 0 | H118: 0 | I118: 0 | J118: 0 | K118: 0 | L118: 0 | M118: 0 | N118: 0 | O118: 0 | P118: 0 | Q118: 0 | R118: 0 | S118: 0 | V118: =SUM(E118:U118) -> 0
B119: 4 | C119: AGUS PRAYOGI | E119: 0 | F119: 0 | G119: 0 | H119: 0 | I119: 0 | J119: 0 | K119: 0 | L119: 0 | M119: 0 | N119: 2 | O119: 0 | P119: 0 | Q119: 0 | R119: 0 | S119: 0 | V119: =SUM(E119:U119) -> 2
B120: 5 | C120: DWI FITRIA PRATIWI | E120: 1 | F120: 0 | G120: 0 | H120: 0 | I120: 0 | J120: 0 | K120: 0 | L120: 0 | M120: 0 | N120: 0 | O120: 0 | P120: 0 | Q120: 0 | R120: 0 | S120: 0 | V120: =SUM(E120:U120) -> 1
...

Sheet JAMBESARI
C2: Kecamatan | D2: GIRI
C3: Kabupaten | D3: BANYUWANGI
C4: Provinsi | D4: JAWA TIMUR
C9: Kelurahan | D9: JAMBESARI
A12: I | B12: DATA PEMILIH DAN PENGGUNAAN HAK PILIH | O12: JUMLAH AKHIR
A13: A | B13: DATA PEMILIH | E13: TPS 001 | F13: TPS 002 | G13: TPS 003 | H13: TPS 004 | I13: TPS 005 | J13: TPS 006 | K13: TPS 007 | L13: TPS 008 | M13: TPS 009 | N13: TPS 010
B14: Jumlah Pemilih dalam Daftar Pemilih Tetap (DPT) | D14: LK | E14: 151 | F14: 137 | G14: 145 | H14: 145 | I14: 147 | J14: 141 | K14: 124 | L14: 133 | M14: 123 | N14: 90 | O14: =SUM(E14:N14) -> 1336
D15: PR | E15: 144 | F15: 156 | G15: 151 | H15: 150 | I15: 145 | J15: 145 | K15: 136 | L15: 127 | M15: 125 | N15: 96 | O15: =SUM(E15:N15) -> 1375
D16: JML | E16: =SUM(E14:E15) -> 295 | F16: =SUM(F14:F15) -> 293 | G16: =SUM(G14:G15) -> 296 | H16: =SUM(H14:H15) -> 295 | I16: =SUM(I14:I15) -> 292 | J16: =SUM(J14:J15) -> 286 | K16: =SUM(K14:K15) -> 260 | L16: =SUM(L14:L15) -> 260 | ... N16: =SUM(N14:N15) -> 186 | O16: =SUM(E16:N16) -> 2711
A18: B | B18: PENGGUNA HAK PILIH
B19: 1. | C19: Jumlah pengguna hak pilih dalam Daftar Pemilih Tetap (DPT) | D19: LK | E19: 122 | F19: 119 | G19: 129 | H19: 118 | I19: 122 | J19: 114 | K19: 103 | L19: 114 | M19: 101 | N19: 76 | O19: =SUM(E19:N19) -> 1118
D20: PR | E20: 126 | F20: 131 | G20: 138 | H20: 134 | I20: 117 | J20: 128 | K20: 118 | L20: 115 | M20: 110 | N20: 86 | O20: =SUM(E20:N20) -> 1203
D21: JML | E21: =SUM(E19:E20) -> 248 | F21: =SUM(F19:F20) -> 250 | G21: =SUM(G19:G20) -> 267 | H21: =SUM(H19:H20) -> 252 | I21: =SUM(I19:I20) -> 239 | J21: =SUM(J19:J20) -> 242 | K21: =SUM(K19:K20) -> 221 | L21: =SUM(L19:L20) -> 229 | ... N21: =SUM(N19:N20) -> 162 | O21: =SUM(E21:N21) -> 2321
B22: 2. | C22: Jumlah pengguna hak pilih dalam Daftar Pemilih Tambahan (DPTb) | D22: LK | E22: 0 | F22: 0 | G22: 0 | H22: 0 | I22: 0 | J22: 0 | K22: 0 | L22: 1 | M22: 0 | N22: 0 | O22: =SUM(E22:N22) -> 1
D23: PR | E23: 0 | F23: 0 | G23: 0 | H23: 0 | I23: 0 | J23: 0 | K23: 0 | L23: 1 | M23: 0 | N23: 0 | O23: =SUM(E23:N23) -> 1
D24: JML | E24: =SUM(E22:E23) -> 0 | F24: =SUM(F22:F23) -> 0 | G24: =SUM(G22:G23) -> 0 | H24: =SUM(H22:H23) -> 0 | I24: =SUM(I22:I23) -> 0 | J24: =SUM(J22:J23) -> 0 | K24: =SUM(K22:K23) -> 0 | L24: =SUM(L22:L23) -> 2 | ... N24: =SUM(N22:N23) -> 0 | O24: =SUM(E24:N24) -> 2
B25: 3. | C25: Jumlah pengguna hak pilih dalam Daftar Pemilih Khusus (DPK) | D25: LK | E25: 0 | F25: 0 | G25: 1 | H25: 0 | I25: 0 | J25: 0 | K25: 0 | L25: 1 | M25: 0 | N25: 0 | O25: =SUM(E25:N25) -> 2
D26: PR | E26: 0 | F26: 2 | G26: 0 | H26: 0 | I26: 0 | J26: 1 | K26: 0 | L26: 2 | M26: 1 | N26: 0 | O26: =SUM(E26:N26) -> 6
D27: JML | E27: =SUM(E25:E26) -> 0 | F27: =SUM(F25:F26) -> 2 | G27: =SUM(G25:G26) -> 1 | H27: =SUM(H25:H26) -> 0 | I27: =SUM(I25:I26) -> 0 | J27: =SUM(J25:J26) -> 1 | K27: =SUM(K25:K26) -> 0 | L27: =SUM(L25:L26) -> 3 | ... N27: =SUM(N25:N26) -> 0 | O27: =SUM(E27:N27) -> 8
B28: 4. | C28: Jumlah Pengguna Hak Pilih (B.1+B.2+B.3) | D28: LK | E28: =SUM(E19,E22,E25) -> 122 | F28: =SUM(F19,F22,F25) -> 119 | G28: =SUM(G19,G22,G25) -> 130 | H28: =SUM(H19,H22,H25) -> 118 | I28: =SUM(I19,I22,I25) -> 122 | J28: =SUM(J19,J22,J25) -> 114 | K28: =SUM(K19,K22,K25) -> 103 | L28: =SUM(L19,L22,L25) -> 116 | ... N28: =SUM(N19,N22,N25) -> 76 | O28: =SUM(E28:N28) -> 1121
D29: PR | E29: =SUM(E20,E23,E26) -> 126 | F29: =SUM(F20,F23,F26) -> 133 | G29: =SUM(G20,G23,G26) -> 138 | H29: =SUM(H20,H23,H26) -> 134 | I29: =SUM(I20,I23,I26) -> 117 | J29: =SUM(J20,J23,J26) -> 129 | K29: =SUM(K20,K23,K26) -> 118 | L29: =SUM(L20,L23,L26) -> 118 | ... N29: =SUM(N20,N23,N26) -> 86 | O29: =SUM(E29:N29) -> 1210
D30: JML | E30: =SUM(E28:E29) -> 248 | F30: =SUM(F28:F29) -> 252 | G30: =SUM(G28:G29) -> 268 | H30: =SUM(H28:H29) -> 252 | I30: =SUM(I28:I29) -> 239 | J30: =SUM(J28:J29) -> 243 | K30: =SUM(K28:K29) -> 221 | L30: =SUM(L28:L29) -> 234 | ... N30: =SUM(N28:N29) -> 162 | O30: =SUM(E30:N30) -> 2331
A32: II | B32: DATA PENGGUNAAN SURAT SUARA
A33: 1 | B33: Jumlah surat suara yang diterima, termasuk surat suara cadangan 2,5% dari DPT | E33: 301 | F33: 298 | G33: 301 | H33: 299 | I33: 297 | J33: 291 | K33: 265 | L33: 265 | M33: 252 | N33: 189 | O33: =SUM(E33:N33) -> 2758
A34: 2 | B34: Jumlah surat suara yang digunakan | E34: 248 | F34: 252 | G34: 268 | H34: 252 | I34: 239 | J34: 243 | K34: 221 | L34: 234 | M34: 212 | N34: 162 | O34: =SUM(E34:N34) -> 2331
A35: 3 | B35: Jumlah surat suara dikembalikan oleh pemilih (karena rusak atau keliru coblos) | E35: 1 | J35: 2 | M35: 13 | O35: =SUM(E35:N35) -> 16
A36: 4 | B36: Jumlah surat suara yang tidak digunakan/tidak terpakai, termasuk sisa surat suara cadangan | E36: =E33-(E34+E35) -> 52 | F36: =F33-(F34+F35) -> 46 | G36: =G33-(G34+G35) -> 33 | H36: =H33-(H34+H35) -> 47 | I36: =I33-(I34+I35) -> 58 | J36: =J33-(J34+J35) -> 46 | K36: =K33-(K34+K35) -> 44 | L36: =L33-(L34+L35) -> 31 | ... N36: =N33-(N34+N35) -> 27 | O36: =SUM(E36:N36) -> 411
A38: III | B38: DATA PEMILIH DISABILITAS
B39: Jumlah seluruh Pemilih disabilitas yang menggunakan hak pilih | D39: LK | E39: 2 | F39: 1 | O39: =SUM(E39:N39) -> 3
D40: PR | I40: 1 | J40: 1 | O40: =SUM(E40:N40) -> 2
D41: JML | E41: =SUM(E39:E40) -> 2 | F41: =SUM(F39:F40) -> 1 | G41: =SUM(G39:G40) -> 0 | H41: =SUM(H39:H40) -> 0 | I41: =SUM(I39:I40) -> 1 | J41: =SUM(J39:J40) -> 1 | K41: =SUM(K39:K40) -> 0 | L41: =SUM(L39:L40) -> 0 | ... N41: =SUM(N39:N40) -> 0 | O41: =SUM(E41:N41) -> 5
A43: IV | B43: DATA RINCIAN PEROLEHAN SUARA PASANGAN CALON BUPATI DAN WAKIL BUPATI
A44: NOMOR DAN NAMA CALON
A45: A.1 | B45: 1. | C45: Partai Kebangkitan Bangsa | E45: 5 | F45: 11 | G45: 4 | H45: 14 | I45: 24 | J45: 26 | K45: 25 | L45: 25 | M45: 29 | N45: 19 | O45: =SUM(E45:N45) -> 182
A46: A.2 | B46: 1 | C46: HJ. SITI MAKHROCHATIN NI’MAH, S.PD., M.M. | E46: 20 | F46: 15 | G46: 63 | H46: 52 | I46: 54 | J46: 73 | K46: 60 | L46: 80 | M46: 104 | N46: 49 | O46: =SUM(E46:N46) -> 570
B47: 2 | C47: A. TAUFIK | E47: 1 | F47: 3 | G47: 0 | H47: 2 | I47: 1 | J47: 0 | K47: 1 | L47: 2 | M47: 1 | N47: 1 | O47: =SUM(E47:N47) -> 12
B48: 3 | C48: KHOIRUL FAHMI ISKANDAR, S.PD | E48: 0 | F48: 0 | G48: 2 | H48: 1 | I48: 0 | J48: 0 | K48: 0 | L48: 3 | M48: 0 | N48: 1 | O48: =SUM(E48:N48) -> 7
B49: 4 | C49: AKHMAD, S.PD., M.M. | E49: 1 | F49: 0 | G49: 0 | H49: 0 | I49: 0 | J49: 0 | K49: 0 | L49: 0 | M49: 1 | N49: 0 | O49: =SUM(E49:N49) -> 2
B50: 5 | C50: SOFI WULANDARI, S.H. | E50: 0 | F50: 0 | G50: 1 | H50: 0 | I50: 3 | J50: 0 | K50: 0 | L50: 0 | M50: 0 | N50: 0 | O50: =SUM(E50:N50) -> 4
B51: 6 | C51: AL MA’ARIF | E51: 1 | F51: 0 | G51: 2 | H51: 0 | I51: 0 | J51: 0 | K51: 0 | L51: 0 | M51: 0 | N51: 0 | O51: =SUM(E51:N51) -> 3
A52: B | B52: JUMLAH SUARA SAH PARTAI POLITIK DAN CALON (A1 + A2) | E52: =SUM(E45:E51) -> 28 | F52: =SUM(F45:F51) -> 29 | G52: =SUM(G45:G51) -> 72 | H52: =SUM(H45:H51) -> 69 | I52: =SUM(I45:I51) -> 82 | J52: =SUM(J45:J51) -> 99 | K52: =SUM(K45:K51) -> 86 | L52: =SUM(L45:L51) -> 110 | ... O52: =SUM(O45:O51) -> 780
A54: A.1 | B54: 2. | C54: Partai Gerakan Indonesia Raya | E54: 19 | F54: 20 | G54: 7 | H54: 7 | I54: 11 | J54: 10 | K54: 8 | L54: 2 | M54: 6 | N54: 9 | O54: =SUM(E54:N54) -> 99
A55: A.2 | B55: 1 | C55: ASRILA DISKA RIMUNDA | E55: 6 | F55: 5 | G55: 2 | H55: 21 | I55: 12 | J55: 9 | K55: 6 | L55: 0 | M55: 3 | N55: 3 | O55: =SUM(E55:N55) -> 67
B56: 2 | C56: ANIK MUSYAROFAH | E56: 4 | F56: 1 | G56: 5 | H56: 3 | I56: 5 | J56: 4 | K56: 2 | L56: 7 | M56: 3 | N56: 3 | O56: =SUM(E56:N56) -> 37
B57: 3 | C57: JOKO MISBONO | E57: 0 | F57: 0 | G57: 0 | H57: 0 | I57: 3 | J57: 0 | K57: 0 | L57: 3 | M57: 0 | N57: 1 | O57: =SUM(E57:N57) -> 7
B58: 4 | C58: REKTO PUSPITASARI | E58: 0 | F58: 0 | G58: 2 | H58: 0 | I58: 0 | J58: 0 | K58: 0 | L58: 1 | M58: 0 | N58: 0 | O58: =SUM(E58:N58) -> 3
B59: 5 | C59: AHMAD KHOMSI WAHYUDI | E59: 0 | F59: 0 | G59: 1 | H59: 0 | I59: 0 | J59: 1 | K59: 0 | L59: 0 | M59: 0 | N59: 0 | O59: =SUM(E59:N59) -> 2
B60: 6 | C60: ACHI RIZAL FIRDAUS | E60: 0 | F60: 0 | G60: 0 | H60: 1 | I60: 0 | J60: 4 | K60: 2 | L60: 15 | M60: 3 | N60: 0 | O60: =SUM(E60:N60) -> 25
A61: B | B61: JUMLAH SUARA SAH PARTAI POLITIK DAN CALON (A1 + A2) | E61: =SUM(E54:E60) -> 29 | F61: =SUM(F54:F60) -> 26 | G61: =SUM(G54:G60) -> 17 | H61: =SUM(H54:H60) -> 32 | I61: =SUM(I54:I60) -> 31 | J61: =SUM(J54:J60) -> 28 | K61: =SUM(K54:K60) -> 18 | L61: =SUM(L54:L60) -> 28 | ... O61: =SUM(O54:O60) -> 240
A63: A.1 | B63: 3. | C63: Partai Demokrasi Indonesia Perjuangan | E63: 6 | F63: 3 | G63: 2 | H63: 6 | I63: 2 | J63: 2 | K63: 2 | L63: 0 | M63: 6 | N63: 2 | O63: =SUM(E63:N63) -> 31
A64: A.2 | B64: 1 | C64: I MADE CAHYANA NEGARA, S.E. | E64: 2 | F64: 1 | G64: 3 | H64: 2 | I64: 2 | J64: 1 | K64: 0 | L64: 2 | M64: 0 | N64: 0 | O64: =SUM(E64:N64) -> 13
B65: 2 | C65: AGUS WAHYU PANOTO, S.H. | E65: 1 | F65: 0 | G65: 0 | H65: 2 | I65: 0 | J65: 2 | K65: 0 | L65: 0 | M65: 0 | N65: 2 | O65: =SUM(E65:N65) -> 7
B66: 3 | C66: IIS SUMIYATI | E66: 3 | F66: 1 | G66: 0 | H66: 0 | I66: 1 | J66: 1 | K66: 0 | L66: 0 | M66: 0 | N66: 0 | O66: =SUM(E66:N66) -> 6
B67: 4 | C67: ACHMAD MUZAMMIL | E67: 0 | F67: 1 | G67: 1 | H67: 0 | I67: 0 | J67: 0 | K67: 0 | L67: 0 | M67: 0 | N67: 0 | O67: =SUM(E67:N67) -> 2
B68: 5 | C68: WENDRIAWANTO | E68: 2 | F68: 2 | G68: 5 | H68: 7 | I68: 1 | J68: 5 | K68: 6 | L68: 4 | M68: 2 | N68: 3 | O68: =SUM(E68:N68) -> 37
B69: 6 | C69: PUTRI MEGA AYU WIDIARTI | E69: 0 | F69: 1 | G69: 0 | H69: 0 | I69: 0 | J69: 1 | K69: 1 | L69: 0 | M69: 0 | N69: 0 | O69: =SUM(E69:N69) -> 3
A70: B | B70: JUMLAH SUARA SAH PARTAI POLITIK DAN CALON (A1 + A2) | E70: =SUM(E63:E69) -> 14 | F70: =SUM(F63:F69) -> 9 | G70: =SUM(G63:G69) -> 11 | H70: =SUM(H63:H69) -> 17 | I70: =SUM(I63:I69) -> 6 | J70: =SUM(J63:J69) -> 12 | K70: =SUM(K63:K69) -> 9 | L70: =SUM(L63:L69) -> 6 | ... O70: =SUM(O63:O69) -> 99
A72: A.1 | B72: 4. | C72: Partai Golongan Karya | E72: 9 | F72: 4 | G72: 10 | H72: 9 | I72: 9 | J72: 4 | K72: 3 | L72: 1 | M72: 1 | N72: 5 | O72: =SUM(E72:N72) -> 55
A73: A.2 | B73: 1 | C73: UMI KULSUM, S.H. | E73: 14 | F73: 20 | G73: 34 | H73: 32 | I73: 15 | J73: 7 | K73: 15 | L73: 12 | M73: 3 | N73: 47 | O73: =SUM(E73:N73) -> 199
B74: 2 | C74: SONNY PRAKOSO INDRA, S.E. | E74: 70 | F74: 13 | G74: 29 | H74: 7 | I74: 45 | J74: 1 | K74: 4 | L74: 3 | M74: 3 | N74: 0 | O74: =SUM(E74:N74) -> 175
B75: 3 | C75: ERJUNA SITI FATIMAH | E75: 1 | F75: 0 | G75: 0 | H75: 0 | I75: 0 | J75: 0 | K75: 0 | L75: 0 | M75: 0 | N75: 0 | O75: =SUM(E75:N75) -> 1
B76: 4 | C76: SITI MARIYAM | E76: 0 | F76: 0 | G76: 0 | H76: 0 | I76: 0 | J76: 0 | K76: 0 | L76: 0 | M76: 0 | N76: 0 | O76: =SUM(E76:N76) -> 0
B77: 5 | C77: HERU SUKARNO, S.H. | E77: 0 | F77: 0 | G77: 0 | H77: 0 | I77: 0 | J77: 0 | K77: 0 | L77: 0 | M77: 0 | N77: 0 | O77: =SUM(E77:N77) -> 0
B78: 6 | C78: AHMAD MUZAYYIN | E78: 0 | F78: 0 | G78: 1 | H78: 0 | I78: 0 | J78: 0 | K78: 0 | L78: 0 | M78: 0 | N78: 0 | O78: =SUM(E78:N78) -> 1
A79: B | B79: JUMLAH SUARA SAH PARTAI POLITIK DAN CALON (A1 + A2) | E79: =SUM(E72:E78) -> 94 | F79: =SUM(F72:F78) -> 37 | G79: =SUM(G72:G78) -> 74 | H79: =SUM(H72:H78) -> 48 | I79: =SUM(I72:I78) -> 69 | J79: =SUM(J72:J78) -> 12 | K79: =SUM(K72:K78) -> 22 | L79: =SUM(L72:L78) -> 16 | ... O79: =SUM(O72:O78) -> 431
A81: A.1 | B81: 5. | C81: Partai NasDem | E81: 4 | F81: 3 | G81: 3 | H81: 11 | I81: 4 | J81: 0 | K81: 0 | L81: 5 | M81: 3 | N81: 0 | O81: =SUM(E81:N81) -> 33
A82: A.2 | B82: 1 | C82: DRS. MOH. PADIL | E82: 3 | F82: 0 | G82: 0 | H82: 30 | I82: 2 | J82: 0 | K82: 3 | L82: 30 | M82: 6 | N82: 3 | O82: =SUM(E82:N82) -> 77
B83: 2 | C83: ALEX WIJAYA KUSUMA | E83: 0 | F83: 0 | G83: 0 | H83: 0 | I83: 0 | J83: 0 | K83: 0 | L83: 0 | M83: 0 | N83: 0 | O83: =SUM(E83:N83) -> 0
B84: 3 | C84: DANY FARDA MIHMDIAT | E84: 1 | F84: 0 | G84: 0 | H84: 0 | I84: 0 | J84: 0 | K84: 0 | L84: 0 | M84: 0 | N84: 0 | O84: =SUM(E84:N84) -> 1
B85: 4 | C85: UNTUNG AL AKBAR | E85: 0 | F85: 0 | G85: 0 | H85: 0 | I85: 0 | J85: 0 | K85: 0 | L85: 0 | M85: 0 | N85: 0 | O85: =SUM(E85:N85) -> 0
B86: 5 | C86: SETYO PONCO UTOMO | E86: 0 | F86: 0 | G86: 1 | H86: 0 | I86: 3 | J86: 0 | K86: 0 | L86: 0 | M86: 0 | N86: 0 | O86: =SUM(E86:N86) -> 4
B87: 6 | C87: LIA ALYSTIA NINGRUM, S.PD. | E87: 15 | F87: 16 | G87: 2 | H87: 5 | I87: 4 | J87: 0 | K87: 5 | L87: 10 | M87: 2 | N87: 0 | O87: =SUM(E87:N87) -> 59
A88: B | B88: JUMLAH SUARA SAH PARTAI POLITIK DAN CALON (A1 + A2) | E88: =SUM(E81:E87) -> 23 | F88: =SUM(F81:F87) -> 19 | G88: =SUM(G81:G87) -> 6 | H88: =SUM(H81:H87) -> 46 | I88: =SUM(I81:I87) -> 13 | J88: =SUM(J81:J87) -> 0 | K88: =SUM(K81:K87) -> 8 | L88: =SUM(L81:L87) -> 45 | ... O88: =SUM(O81:O87) -> 174
A90: A.1 | B90: 6. | C90: Partai Buruh | E90: 2 | F90: 2 | G90: 1 | H90: 0 | I90: 1 | J90: 0 | K90: 0 | L90: 0 | M90: 0 | N90: 0 | O90: =SUM(E90:N90) -> 6
A91: B | B91: JUMLAH SUARA SAH PARTAI POLITIK DAN CALON (A1 + A2) | E91: =SUM(E90:E90) -> 2 | F91: =SUM(F90:F90) -> 2 | G91: =SUM(G90:G90) -> 1 | H91: =SUM(H90:H90) -> 0 | I91: =SUM(I90:I90) -> 1 | J91: =SUM(J90:J90) -> 0 | K91: =SUM(K90:K90) -> 0 | L91: =SUM(L90:L90) -> 0 | ... O91: =SUM(O90:O90) -> 6
A93: A.1 | B93: 7. | C93: Partai Gelombang Rakyat Indonesia | E93: 1 | F93: 0 | G93: 0 | H93: 1 | I93: 1 | J93: 0 | K93: 1 | L93: 1 | M93: 0 | N93: 0 | O93: =SUM(E93:N93) -> 5
A94: A.2 | B94: 1 | C94: ELY SODIKIN | E94: 0 | F94: 0 | G94: 1 | H94: 0 | I94: 0 | J94: 0 | K94: 0 | L94: 0 | M94: 0 | N94: 0 | O94: =SUM(E94:N94) -> 1
B95: 2 | C95: BAGUS WAHONO | E95: 0 | F95: 0 | G95: 0 | H95: 0 | I95: 0 | J95: 0 | K95: 0 | L95: 0 | M95: 0 | N95: 0 | O95: =SUM(E95:N95) -> 0
B96: 3 | C96: ARTIS YOGYA KARTIKA | E96: 0 | F96: 0 | G96: 0 | H96: 0 | I96: 0 | J96: 0 | K96: 0 | L96: 0 | M96: 0 | N96: 0 | O96: =SUM(E96:N96) -> 0
B97: 4 | C97: IMAM HAKTONO | E97: 0 | F97: 0 | G97: 0 | H97: 0 | I97: 0 | J97: 0 | K97: 0 | L97: 0 | M97: 0 | N97: 0 | O97: =SUM(E97:N97) -> 0
A98: B | B98: JUMLAH SUARA SAH PARTAI POLITIK DAN CALON (A1 + A2) | E98: =SUM(E93:E97) -> 1 | F98: =SUM(F93:F97) -> 0 | G98: =SUM(G93:G97) -> 1 | H98: =SUM(H93:H97) -> 1 | I98: =SUM(I93:I97) -> 1 | J98: =SUM(J93:J97) -> 0 | K98: =SUM(K93:K97) -> 1 | L98: =SUM(L93:L97) -> 1 | ... O98: =SUM(O93:O97) -> 6
A100: A.1 | B100: 8. | C100: Partai Keadilan Sejahtera | E100: 0 | F100: 1 | G100: 0 | H100: 0 | I100: 1 | J100: 0 | K100: 2 | L100: 0 | M100: 0 | N100: 0 | O100: =SUM(E100:N100) -> 4
A101: A.2 | B101: 1 | C101: FAISOL AZZ, A.MD. | E101: 1 | F101: 1 | G101: 4 | H101: 1 | I101: 1 | J101: 0 | K101: 1 | L101: 0 | M101: 0 | N101: 0 | O101: =SUM(E101:N101) -> 9
B102: 2 | C102: HAYATUL MAKIN | E102: 1 | F102: 0 | G102: 0 | H102: 0 | I102: 0 | J102: 0 | K102: 0 | L102: 0 | M102: 0 | N102: 0 | O102: =SUM(E102:N102) -> 1
B103: 3 | C103: SAKI HANDAYANI | E103: 0 | F103: 1 | G103: 0 | H103: 0 | I103: 0 | J103: 0 | K103: 0 | L103: 0 | M103: 0 | N103: 0 | O103: =SUM(E103:N103) -> 1
B104: 4 | C104: ASMAWIYANTO, A.MA. | E104: 0 | F104: 0 | G104: 0 | H104: 0 | I104: 0 | J104: 0 | K104: 0 | L104: 0 | M104: 0 | N104: 0 | O104: =SUM(E104:N104) -> 0
B105: 5 | C105: SANTI SETYOWATI | E105: 0 | F105: 0 | G105: 0 | H105: 0 | I105: 0 | J105: 0 | K105: 0 | L105: 0 | M105: 0 | N105: 0 | O105: =SUM(E105:N105) -> 0
B106: 6 | C106: SUPARNO, S.T. | E106: 0 | F106: 1 | G106: 0 | H106: 0 | I106: 0 | J106: 0 | K106: 0 | L106: 0 | M106: 0 | N106: 0 | O106: =SUM(E106:N106) -> 1
A107: B | B107: JUMLAH SUARA SAH PARTAI POLITIK DAN CALON (A1 + A2) | E107: =SUM(E100:E106) -> 2 | F107: =SUM(F100:F106) -> 4 | G107: =SUM(G100:G106) -> 4 | H107: =SUM(H100:H106) -> 1 | I107: =SUM(I100:I106) -> 2 | J107: =SUM(J100:J106) -> 0 | K107: =SUM(K100:K106) -> 3 | L107: =SUM(L100:L106) -> 0 | ... O107: =SUM(O100:O106) -> 16
A109: A.1 | B109: 9. | C109: Partai Kebangkitan Nusantara | E109: 0 | F109: 0 | G109: 0 | H109: 0 | I109: 0 | J109: 0 | K109: 0 | L109: 0 | M109: 0 | N109: 0 | O109: =SUM(E109:N109) -> 0
A110: A.2 | B110: 1 | C110: YAKUP YULIANTO | E110: 0 | F110: 0 | G110: 1 | H110: 0 | I110: 0 | J110: 0 | K110: 0 | L110: 0 | M110: 0 | N110: 0 | O110: =SUM(E110:N110) -> 1
B111: 2 | C111: TRIA UTAMA | E111: 0 | F111: 0 | G111: 0 | H111: 0 | I111: 0 | J111: 0 | K111: 0 | L111: 0 | M111: 0 | N111: 0 | O111: =SUM(E111:N111) -> 0
B112: 3 | C112: ANIS KHAFIFAH MZ | E112: 0 | F112: 0 | G112: 0 | H112: 0 | I112: 0 | J112: 0 | K112: 0 | L112: 0 | M112: 0 | N112: 0 | O112: =SUM(E112:N112) -> 0
A113: B | B113: JUMLAH SUARA SAH PARTAI POLITIK DAN CALON (A1 + A2) | E113: =SUM(E109:E112) -> 0 | F113: =SUM(F109:F112) -> 0 | G113: =SUM(G109:G112) -> 1 | H113: =SUM(H109:H112) -> 0 | I113: =SUM(I109:I112) -> 0 | J113: =SUM(J109:J112) -> 0 | K113: =SUM(K109:K112) -> 0 | L113: =SUM(L109:L112) -> 0 | ... O113: =SUM(O109:O112) -> 1
A115: A.1 | B115: 10. | C115: Partai Hati Nurani Rakyat | E115: 0 | F115: 1 | G115: 0 | H115: 0 | I115: 1 | J115: 0 | K115: 0 | L115: 0 | M115: 0 | N115: 0 | O115: =SUM(E115:N115) -> 2
A116: A.2 | B116: 1 | C116: H. HARIONO | E116: 0 | F116: 0 | G116: 0 | H116: 0 | I116: 0 | J116: 0 | K116: 0 | L116: 0 | M116: 0 | N116: 0 | O116: =SUM(E116:N116) -> 0
B117: 2 | C117: GOPUR BACHITAR, S.T. | E117: 0 | F117: 0 | G117: 0 | H117: 0 | I117: 0 | J117: 0 | K117: 0 | L117: 0 | M117: 0 | N117: 0 | O117: =SUM(E117:N117) -> 0
B118: 3 | C118: BONIMAH | E118: 0 | F118: 0 | G118: 0 | H118: 0 | I118: 0 | J118: 0 | K118: 0 | L118: 0 | M118: 0 | N118: 1 | O118: =SUM(E118:N118) -> 1
B119: 4 | C119: AGUS PRAYOGI | E119: 0 | F119: 0 | G119: 0 | H119: 0 | I119: 0 | J119: 0 | K119: 0 | L119: 0 | M119: 0 | N119: 0 | O119: =SUM(E119:N119) -> 0
B120: 5 | C120: DWI FITRIA PRATIWI | E120: 0 | F120: 1 | G120: 0 | H120: 0 | I120: 0 | J120: 0 | K120: 0 | L120: 0 | M120: 0 | N120: 0 | O120: =SUM(E120:N120) -> 1
...

Sheet MOJOPANGGUNG
C2: Kecamatan | D2: GIRI
C3: Kabupaten | D3: BANYUWANGI
C4: Provinsi | D4: JAWA TIMUR
C9: Kelurahan | D9: MOJOPANGGUNG
A12: I | B12: DATA PEMILIH DAN PENGGUNAAN HAK PILIH | V12: JUMLAH AKHIR
A13: A | B13: DATA PEMILIH | E13: TPS 001 | F13: TPS 002 | G13: TPS 003 | H13: TPS 004 | I13: TPS 005 | J13: TPS 006 | K13: TPS 007 | L13: TPS 008 | M13: TPS 009 | N13: TPS 010 | O13: TPS 011 | P13: TPS 012 | Q13: TPS 013 | R13: TPS 014 | S13: TPS 015 | T13: TPS 016 | U13: TPS 017
B14: Jumlah Pemilih dalam Daftar Pemilih Tetap (DPT) | D14: LK | E14: 137 | F14: 134 | G14: 136 | H14: 139 | I14: 135 | J14: 127 | K14: 116 | L14: 120 | M14: 127 | N14: 141 | O14: 123 | P14: 119 | Q14: 129 | R14: 137 | S14: 155 | T14: 140 | U14: 135 | V14: =SUM(E14:U14) -> 2250
D15: PR | E15: 142 | F15: 134 | G15: 136 | H15: 141 | I15: 157 | J15: 150 | K15: 139 | L15: 139 | M15: 123 | N15: 133 | O15: 118 | P15: 121 | Q15: 152 | R15: 162 | S15: 140 | T15: 143 | U15: 147 | V15: =SUM(E15:U15) -> 2377
D16: JML | E16: =SUM(E14:E15) -> 279 | F16: =SUM(F14:F15) -> 268 | G16: =SUM(G14:G15) -> 272 | H16: =SUM(H14:H15) -> 280 | I16: =SUM(I14:I15) -> 292 | J16: =SUM(J14:J15) -> 277 | K16: =SUM(K14:K15) -> 255 | L16: =SUM(L14:L15) -> 259 | ... U16: =SUM(U14:U15) -> 282 | V16: =SUM(E16:U16) -> 4627
A18: B | B18: PENGGUNA HAK PILIH
B19: 1. | C19: Jumlah pengguna hak pilih dalam Daftar Pemilih Tetap (DPT) | D19: LK | E19: 95 | F19: 96 | G19: 107 | H19: 105 | I19: 93 | J19: 96 | K19: 83 | L19: 93 | M19: 98 | N19: 117 | O19: 89 | P19: 96 | Q19: 106 | R19: 97 | S19: 123 | T19: 100 | U19: 97 | V19: =SUM(E19:U19) -> 1691
D20: PR | E20: 112 | F20: 102 | G20: 109 | H20: 115 | I20: 121 | J20: 124 | K20: 109 | L20: 112 | M20: 104 | N20: 120 | O20: 91 | P20: 112 | Q20: 128 | R20: 127 | S20: 114 | T20: 117 | U20: 120 | V20: =SUM(E20:U20) -> 1937
D21: JML | E21: =SUM(E19:E20) -> 207 | F21: =SUM(F19:F20) -> 198 | G21: =SUM(G19:G20) -> 216 | H21: =SUM(H19:H20) -> 220 | I21: =SUM(I19:I20) -> 214 | J21: =SUM(J19:J20) -> 220 | K21: =SUM(K19:K20) -> 192 | L21: =SUM(L19:L20) -> 205 | ... U21: =SUM(U19:U20) -> 217 | V21: =SUM(E21:U21) -> 3628
B22: 2. | C22: Jumlah pengguna hak pilih dalam Daftar Pemilih Tambahan (DPTb) | D22: LK | H22: 2 | I22: 1 | T22: 1 | V22: =SUM(E22:U22) -> 4
D23: PR | V23: =SUM(E23:U23) -> 0
D24: JML | E24: =SUM(E22:E23) -> 0 | F24: =SUM(F22:F23) -> 0 | G24: =SUM(G22:G23) -> 0 | H24: =SUM(H22:H23) -> 2 | I24: =SUM(I22:I23) -> 1 | J24: =SUM(J22:J23) -> 0 | K24: =SUM(K22:K23) -> 0 | L24: =SUM(L22:L23) -> 0 | ... U24: =SUM(U22:U23) -> 0 | V24: =SUM(E24:U24) -> 4
B25: 3. | C25: Jumlah pengguna hak pilih dalam Daftar Pemilih Khusus (DPK) | D25: LK | F25: 2 | I25: 2 | P25: 1 | R25: 1 | S25: 2 | T25: 1 | U25: 2 | V25: =SUM(E25:U25) -> 11
D26: PR | F26: 2 | H26: 1 | I26: 3 | J26: 1 | K26: 2 | M26: 1 | S26: 1 | T26: 5 | U26: 1 | V26: =SUM(E26:U26) -> 17
D27: JML | E27: =SUM(E25:E26) -> 0 | F27: =SUM(F25:F26) -> 4 | G27: =SUM(G25:G26) -> 0 | H27: =SUM(H25:H26) -> 1 | I27: =SUM(I25:I26) -> 5 | J27: =SUM(J25:J26) -> 1 | K27: =SUM(K25:K26) -> 2 | L27: =SUM(L25:L26) -> 0 | ... U27: =SUM(U25:U26) -> 3 | V27: =SUM(E27:U27) -> 28
B28: 4. | C28: Jumlah Pengguna Hak Pilih (B.1+B.2+B.3) | D28: LK | E28: =SUM(E19,E22,E25) -> 95 | F28: =SUM(F19,F22,F25) -> 98 | G28: =SUM(G19,G22,G25) -> 107 | H28: =SUM(H19,H22,H25) -> 107 | I28: =SUM(I19,I22,I25) -> 96 | J28: =SUM(J19,J22,J25) -> 96 | K28: =SUM(K19,K22,K25) -> 83 | L28: =SUM(L19,L22,L25) -> 93 | ... U28: =SUM(U19,U22,U25) -> 99 | V28: =SUM(E28:U28) -> 1706
D29: PR | E29: =SUM(E20,E23,E26) -> 112 | F29: =SUM(F20,F23,F26) -> 104 | G29: =SUM(G20,G23,G26) -> 109 | H29: =SUM(H20,H23,H26) -> 116 | I29: =SUM(I20,I23,I26) -> 124 | J29: =SUM(J20,J23,J26) -> 125 | K29: =SUM(K20,K23,K26) -> 111 | L29: =SUM(L20,L23,L26) -> 112 | ... U29: =SUM(U20,U23,U26) -> 121 | V29: =SUM(E29:U29) -> 1954
D30: JML | E30: =SUM(E28:E29) -> 207 | F30: =SUM(F28:F29) -> 202 | G30: =SUM(G28:G29) -> 216 | H30: =SUM(H28:H29) -> 223 | I30: =SUM(I28:I29) -> 220 | J30: =SUM(J28:J29) -> 221 | K30: =SUM(K28:K29) -> 194 | L30: =SUM(L28:L29) -> 205 | ... U30: =SUM(U28:U29) -> 220 | V30: =SUM(E30:U30) -> 3660
A32: II | B32: DATA PENGGUNAAN SURAT SUARA
A33: 1 | B33: Jumlah surat suara yang diterima, termasuk surat suara cadangan 2,5% dari DPT | E33: 285 | F33: 274 | G33: 278 | H33: 286 | I33: 299 | J33: 283 | K33: 261 | L33: 265 | M33: 255 | N33: 281 | O33: 273 | P33: 246 | Q33: 287 | R33: 305 | S33: 291 | T33: 292 | U33: 285 | V33: =SUM(E33:U33) -> 4746
A34: 2 | B34: Jumlah surat suara yang digunakan | E34: 207 | F34: 202 | G34: 216 | H34: 223 | I34: 220 | J34: 221 | K34: 194 | L34: 205 | M34: 203 | N34: 237 | O34: 180 | P34: 209 | Q34: 234 | R34: 225 | S34: 240 | T34: 224 | U34: 220 | V34: =SUM(E34:U34) -> 3660
A35: 3 | B35: Jumlah surat suara dikembalikan oleh pemilih (karena rusak atau keliru coblos) | H35: 1 | J35: 2 | O35: 1 | Q35: 3 | S35: 1 | T35: 3 | V35: =SUM(E35:U35) -> 11
A36: 4 | B36: Jumlah surat suara yang tidak digunakan/tidak terpakai, termasuk sisa surat suara cadangan | E36: =E33-(E34+E35) -> 78 | F36: =F33-(F34+F35) -> 72 | G36: =G33-(G34+G35) -> 62 | H36: =H33-(H34+H35) -> 62 | I36: =I33-(I34+I35) -> 79 | J36: =J33-(J34+J35) -> 60 | K36: =K33-(K34+K35) -> 67 | L36: =L33-(L34+L35) -> 60 | ... U36: =U33-(U34+U35) -> 65 | V36: =SUM(E36:U36) -> 1075
A38: III | B38: DATA PEMILIH DISABILITAS
B39: Jumlah seluruh Pemilih disabilitas yang menggunakan hak pilih | D39: LK | G39: 1 | H39: 1 | I39: 1 | L39: 1 | N39: 1 | O39: 4 | R39: 1 | U39: 1 | V39: =SUM(E39:U39) -> 11
D40: PR | L40: 5 | N40: 1 | O40: 3 | V40: =SUM(E40:U40) -> 9
D41: JML | E41: =SUM(E39:E40) -> 0 | F41: =SUM(F39:F40) -> 0 | G41: =SUM(G39:G40) -> 1 | H41: =SUM(H39:H40) -> 1 | I41: =SUM(I39:I40) -> 1 | J41: =SUM(J39:J40) -> 0 | K41: =SUM(K39:K40) -> 0 | L41: =SUM(L39:L40) -> 6 | ... U41: =SUM(U39:U40) -> 1 | V41: =SUM(E41:U41) -> 20
A43: IV | B43: DATA RINCIAN PEROLEHAN SUARA PASANGAN CALON BUPATI DAN WAKIL BUPATI
A44: NOMOR DAN NAMA CALON
A45: A.1 | B45: 1. | C45: Partai Kebangkitan Bangsa | E45: 4 | F45: 2 | G45: 6 | H45: 10 | I45: 3 | J45: 6 | K45: 1 | L45: 2 | M45: 6 | N45: 10 | O45: 4 | P45: 6 | Q45: 2 | R45: 6 | S45: 13 | T45: 5 | V45: =SUM(E45:U45) -> 86
A46: A.2 | B46: 1 | C46: HJ. SITI MAKHROCHATIN NI’MAH, S.PD., M.M. | E46: 9 | F46: 6 | G46: 10 | H46: 10 | I46: 7 | J46: 15 | K46: 10 | L46: 3 | M46: 22 | N46: 21 | O46: 14 | P46: 6 | Q46: 2 | R46: 10 | S46: 6 | T46: 8 | U46: 9 | V46: =SUM(E46:U46) -> 168
B47: 2 | C47: A. TAUFIK | E47: 1 | F47: 1 | G47: 2 | H47: 3 | I47: 2 | J47: 2 | K47: 0 | L47: 0 | M47: 0 | N47: 0 | O47: 0 | P47: 1 | Q47: 0 | R47: 0 | S47: 0 | T47: 1 | U47: 2 | V47: =SUM(E47:U47) -> 15
B48: 3 | C48: KHOIRUL FAHMI ISKANDAR, S.PD | E48: 0 | F48: 1 | G48: 2 | H48: 0 | I48: 1 | J48: 1 | K48: 1 | L48: 1 | M48: 1 | N48: 0 | O48: 1 | P48: 2 | Q48: 0 | R48: 1 | S48: 0 | T48: 2 | V48: =SUM(E48:U48) -> 14
B49: 4 | C49: AKHMAD, S.PD., M.M. | E49: 0 | F49: 0 | G49: 0 | H49: 0 | I49: 1 | J49: 0 | K49: 1 | L49: 0 | M49: 1 | N49: 0 | O49: 0 | P49: 0 | Q49: 0 | R49: 1 | S49: 0 | T49: 2 | U49: 1 | V49: =SUM(E49:U49) -> 7
B50: 5 | C50: SOFI WULANDARI, S.H. | E50: 0 | F50: 0 | G50: 1 | H50: 0 | I50: 0 | J50: 1 | K50: 1 | L50: 1 | M50: 4 | N50: 2 | O50: 1 | P50: 1 | Q50: 0 | R50: 0 | S50: 0 | T50: 2 | U50: 2 | V50: =SUM(E50:U50) -> 16
B51: 6 | C51: AL MA’ARIF | E51: 3 | F51: 0 | G51: 1 | H51: 5 | I51: 1 | J51: 2 | K51: 1 | L51: 1 | M51: 4 | N51: 8 | O51: 5 | P51: 5 | Q51: 2 | R51: 1 | S51: 1 | V51: =SUM(E51:U51) -> 40
A52: B | B52: JUMLAH SUARA SAH PARTAI POLITIK DAN CALON (A1 + A2) | E52: =SUM(E45:E51) -> 17 | F52: =SUM(F45:F51) -> 10 | G52: =SUM(G45:G51) -> 22 | H52: =SUM(H45:H51) -> 28 | I52: =SUM(I45:I51) -> 15 | J52: =SUM(J45:J51) -> 27 | K52: =SUM(K45:K51) -> 15 | L52: =SUM(L45:L51) -> 8 | ... V52: =SUM(V45:V51) -> 346
A54: A.1 | B54: 2. | C54: Partai Gerakan Indonesia Raya | E54: 11 | F54: 12 | G54: 4 | H54: 9 | I54: 9 | J54: 18 | K54: 11 | L54: 9 | M54: 4 | N54: 8 | O54: 6 | P54: 4 | Q54: 7 | R54: 11 | S54: 15 | T54: 10 | U54: 14 | V54: =SUM(E54:U54) -> 162
A55: A.2 | B55: 1 | C55: ASRILA DISKA RIMUNDA | E55: 7 | F55: 5 | G55: 6 | H55: 4 | I55: 4 | J55: 7 | K55: 4 | L55: 15 | M55: 3 | N55: 7 | O55: 2 | P55: 10 | Q55: 4 | R55: 12 | S55: 7 | T55: 12 | U55: 6 | V55: =SUM(E55:U55) -> 115
B56: 2 | C56: ANIK MUSYAROFAH | E56: 3 | F56: 3 | G56: 3 | H56: 4 | I56: 1 | J56: 4 | K56: 3 | L56: 2 | M56: 2 | N56: 1 | O56: 2 | P56: 1 | Q56: 2 | R56: 2 | S56: 2 | T56: 3 | U56: 3 | V56: =SUM(E56:U56) -> 41
B57: 3 | C57: JOKO MISBONO | E57: 1 | F57: 1 | G57: 2 | H57: 6 | I57: 0 | J57: 0 | K57: 1 | L57: 1 | M57: 0 | N57: 1 | O57: 0 | P57: 0 | Q57: 0 | R57: 2 | S57: 1 | T57: 3 | V57: =SUM(E57:U57) -> 19
B58: 4 | C58: REKTO PUSPITASARI | E58: 0 | F58: 2 | G58: 1 | H58: 1 | I58: 1 | J58: 1 | K58: 2 | L58: 0 | M58: 0 | N58: 0 | O58: 0 | P58: 0 | Q58: 0 | R58: 0 | S58: 1 | T58: 1 | U58: 1 | V58: =SUM(E58:U58) -> 11
B59: 5 | C59: AHMAD KHOMSI WAHYUDI | E59: 0 | F59: 1 | G59: 0 | H59: 0 | I59: 0 | J59: 0 | K59: 0 | L59: 0 | M59: 0 | N59: 1 | O59: 2 | P59: 0 | Q59: 0 | R59: 1 | S59: 0 | U59: 2 | V59: =SUM(E59:U59) -> 7
B60: 6 | C60: ACHI RIZAL FIRDAUS | E60: 2 | F60: 0 | G60: 2 | H60: 0 | I60: 0 | J60: 0 | K60: 0 | L60: 1 | M60: 0 | N60: 0 | O60: 0 | P60: 0 | Q60: 2 | R60: 1 | S60: 1 | T60: 2 | U60: 2 | V60: =SUM(E60:U60) -> 13
A61: B | B61: JUMLAH SUARA SAH PARTAI POLITIK DAN CALON (A1 + A2) | E61: =SUM(E54:E60) -> 24 | F61: =SUM(F54:F60) -> 24 | G61: =SUM(G54:G60) -> 18 | H61: =SUM(H54:H60) -> 24 | I61: =SUM(I54:I60) -> 15 | J61: =SUM(J54:J60) -> 30 | K61: =SUM(K54:K60) -> 21 | L61: =SUM(L54:L60) -> 28 | ... V61: =SUM(V54:V60) -> 368
A63: A.1 | B63: 3. | C63: Partai Demokrasi Indonesia Perjuangan | E63: 10 | F63: 7 | G63: 9 | H63: 18 | I63: 13 | J63: 12 | K63: 15 | L63: 18 | M63: 14 | N63: 15 | O63: 12 | P63: 7 | Q63: 20 | R63: 6 | S63: 18 | T63: 10 | U63: 14 | V63: =SUM(E63:U63) -> 218
A64: A.2 | B64: 1 | C64: I MADE CAHYANA NEGARA, S.E. | E64: 5 | F64: 15 | G64: 2 | H64: 6 | I64: 13 | J64: 6 | K64: 7 | L64: 6 | M64: 3 | N64: 7 | O64: 1 | P64: 2 | Q64: 8 | R64: 35 | S64: 13 | T64: 20 | U64: 21 | V64: =SUM(E64:U64) -> 170
B65: 2 | C65: AGUS WAHYU PANOTO, S.H. | E65: 2 | F65: 3 | G65: 3 | H65: 5 | I65: 2 | J65: 2 | K65: 5 | L65: 1 | M65: 1 | N65: 3 | O65: 0 | P65: 4 | Q65: 2 | R65: 2 | S65: 1 | T65: 3 | U65: 5 | V65: =SUM(E65:U65) -> 44
B66: 3 | C66: IIS SUMIYATI | E66: 1 | F66: 2 | G66: 4 | H66: 4 | I66: 2 | J66: 0 | K66: 2 | L66: 3 | M66: 1 | N66: 4 | O66: 1 | P66: 3 | Q66: 1 | R66: 3 | S66: 4 | T66: 1 | U66: 3 | V66: =SUM(E66:U66) -> 39
B67: 4 | C67: ACHMAD MUZAMMIL | E67: 0 | F67: 1 | G67: 1 | H67: 2 | I67: 0 | J67: 0 | K67: 1 | L67: 0 | M67: 0 | N67: 0 | O67: 1 | P67: 2 | Q67: 2 | R67: 2 | S67: 0 | T67: 1 | V67: =SUM(E67:U67) -> 13
B68: 5 | C68: WENDRIAWANTO | E68: 15 | F68: 13 | G68: 22 | H68: 18 | I68: 10 | J68: 5 | K68: 19 | L68: 25 | M68: 9 | N68: 55 | O68: 26 | P68: 53 | Q68: 39 | R68: 2 | S68: 54 | T68: 17 | U68: 18 | V68: =SUM(E68:U68) -> 400
B69: 6 | C69: PUTRI MEGA AYU WIDIARTI | E69: 2 | F69: 3 | G69: 1 | H69: 1 | I69: 1 | J69: 0 | K69: 2 | L69: 0 | M69: 1 | N69: 0 | O69: 0 | P69: 0 | Q69: 0 | R69: 1 | S69: 1 | U69: 1 | V69: =SUM(E69:U69) -> 14
A70: B | B70: JUMLAH SUARA SAH PARTAI POLITIK DAN CALON (A1 + A2) | E70: =SUM(E63:E69) -> 35 | F70: =SUM(F63:F69) -> 44 | G70: =SUM(G63:G69) -> 42 | H70: =SUM(H63:H69) -> 54 | I70: =SUM(I63:I69) -> 41 | J70: =SUM(J63:J69) -> 25 | K70: =SUM(K63:K69) -> 51 | L70: =SUM(L63:L69) -> 53 | ... V70: =SUM(V63:V69) -> 898
A72: A.1 | B72: 4. | C72: Partai Golongan Karya | E72: 11 | F72: 5 | G72: 5 | H72: 11 | I72: 3 | J72: 6 | K72: 4 | L72: 4 | M72: 4 | N72: 7 | O72: 8 | P72: 3 | Q72: 10 | R72: 4 | S72: 0 | T72: 3 | U72: 5 | V72: =SUM(E72:U72) -> 93
A73: A.2 | B73: 1 | C73: UMI KULSUM, S.H. | E73: 55 | F73: 43 | G73: 40 | H73: 33 | I73: 21 | J73: 20 | K73: 20 | L73: 24 | M73: 49 | N73: 27 | O73: 35 | P73: 19 | Q73: 50 | R73: 15 | S73: 10 | T73: 8 | U73: 8 | V73: =SUM(E73:U73) -> 477
B74: 2 | C74: SONNY PRAKOSO INDRA, S.E. | E74: 3 | F74: 0 | G74: 2 | H74: 1 | I74: 1 | J74: 2 | K74: 0 | L74: 2 | M74: 1 | N74: 4 | O74: 6 | P74: 3 | Q74: 0 | R74: 0 | S74: 2 | U74: 1 | V74: =SUM(E74:U74) -> 28
B75: 3 | C75: ERJUNA SITI FATIMAH | E75: 0 | F75: 0 | G75: 2 | H75: 0 | I75: 1 | J75: 1 | K75: 0 | L75: 1 | M75: 0 | N75: 0 | O75: 0 | P75: 0 | Q75: 0 | R75: 0 | S75: 2 | T75: 1 | U75: 1 | V75: =SUM(E75:U75) -> 9
B76: 4 | C76: SITI MARIYAM | E76: 0 | F76: 0 | G76: 0 | H76: 0 | I76: 1 | J76: 0 | K76: 0 | L76: 0 | M76: 0 | N76: 0 | O76: 0 | P76: 0 | Q76: 2 | R76: 0 | S76: 0 | V76: =SUM(E76:U76) -> 3
B77: 5 | C77: HERU SUKARNO, S.H. | E77: 0 | F77: 0 | G77: 0 | H77: 0 | I77: 1 | J77: 1 | K77: 0 | L77: 0 | M77: 1 | N77: 0 | O77: 0 | P77: 1 | Q77: 0 | R77: 0 | S77: 0 | T77: 2 | V77: =SUM(E77:U77) -> 6
B78: 6 | C78: AHMAD MUZAYYIN | E78: 0 | F78: 0 | G78: 1 | H78: 1 | I78: 0 | J78: 0 | K78: 0 | L78: 0 | M78: 0 | N78: 0 | O78: 0 | P78: 0 | Q78: 0 | R78: 2 | S78: 0 | V78: =SUM(E78:U78) -> 4
A79: B | B79: JUMLAH SUARA SAH PARTAI POLITIK DAN CALON (A1 + A2) | E79: =SUM(E72:E78) -> 69 | F79: =SUM(F72:F78) -> 48 | G79: =SUM(G72:G78) -> 50 | H79: =SUM(H72:H78) -> 46 | I79: =SUM(I72:I78) -> 28 | J79: =SUM(J72:J78) -> 30 | K79: =SUM(K72:K78) -> 24 | L79: =SUM(L72:L78) -> 31 | ... V79: =SUM(V72:V78) -> 620
A81: A.1 | B81: 5. | C81: Partai NasDem | E81: 0 | F81: 0 | G81: 1 | H81: 3 | I81: 0 | J81: 1 | K81: 0 | L81: 1 | M81: 0 | N81: 1 | O81: 2 | P81: 2 | Q81: 3 | R81: 2 | S81: 2 | T81: 3 | U81: 3 | V81: =SUM(E81:U81) -> 24
A82: A.2 | B82: 1 | C82: DRS. MOH. PADIL | E82: 1 | F82: 0 | G82: 0 | H82: 0 | I82: 0 | J82: 4 | K82: 0 | L82: 0 | M82: 0 | N82: 0 | O82: 1 | P82: 1 | Q82: 0 | R82: 2 | S82: 1 | V82: =SUM(E82:U82) -> 10
B83: 2 | C83: ALEX WIJAYA KUSUMA | E83: 0 | F83: 0 | G83: 0 | H83: 0 | I83: 0 | J83: 0 | K83: 0 | L83: 0 | M83: 0 | N83: 0 | O83: 0 | P83: 1 | Q83: 1 | R83: 0 | S83: 0 | T83: 1 | V83: =SUM(E83:U83) -> 3
B84: 3 | C84: DANY FARDA MIHMDIAT | E84: 0 | F84: 0 | G84: 0 | H84: 0 | I84: 0 | J84: 0 | K84: 0 | L84: 0 | M84: 0 | N84: 0 | O84: 0 | P84: 2 | Q84: 1 | R84: 2 | S84: 0 | V84: =SUM(E84:U84) -> 5
B85: 4 | C85: UNTUNG AL AKBAR | E85: 0 | F85: 0 | G85: 0 | H85: 0 | I85: 0 | J85: 0 | K85: 0 | L85: 0 | M85: 0 | N85: 0 | O85: 0 | P85: 1 | Q85: 1 | R85: 0 | S85: 0 | T85: 1 | V85: =SUM(E85:U85) -> 3
B86: 5 | C86: SETYO PONCO UTOMO | E86: 2 | F86: 0 | G86: 0 | H86: 0 | I86: 0 | J86: 2 | K86: 2 | L86: 1 | M86: 0 | N86: 2 | O86: 1 | P86: 1 | Q86: 1 | R86: 3 | S86: 2 | T86: 4 | U86: 1 | V86: =SUM(E86:U86) -> 22
B87: 6 | C87: LIA ALYSTIA NINGRUM, S.PD. | E87: 1 | F87: 1 | G87: 0 | H87: 0 | I87: 1 | J87: 1 | K87: 0 | L87: 2 | M87: 6 | N87: 3 | O87: 0 | P87: 0 | Q87: 0 | R87: 2 | T87: 1 | V87: =SUM(E87:U87) -> 18
A88: B | B88: JUMLAH SUARA SAH PARTAI POLITIK DAN CALON (A1 + A2) | E88: =SUM(E81:E87) -> 4 | F88: =SUM(F81:F87) -> 1 | G88: =SUM(G81:G87) -> 1 | H88: =SUM(H81:H87) -> 3 | I88: =SUM(I81:I87) -> 1 | J88: =SUM(J81:J87) -> 8 | K88: =SUM(K81:K87) -> 2 | L88: =SUM(L81:L87) -> 4 | ... V88: =SUM(V81:V87) -> 85
A90: A.1 | B90: 6. | C90: Partai Buruh | G90: 1 | H90: 1 | I90: 4 | K90: 1 | M90: 2 | R90: 4 | T90: 2 | U90: 1 | V90: =SUM(E90:U90) -> 16
A91: B | B91: JUMLAH SUARA SAH PARTAI POLITIK DAN CALON (A1 + A2) | E91: =SUM(E90:E90) -> 0 | F91: =SUM(F90:F90) -> 0 | G91: =SUM(G90:G90) -> 1 | H91: =SUM(H90:H90) -> 1 | I91: =SUM(I90:I90) -> 4 | J91: =SUM(J90:J90) -> 0 | K91: =SUM(K90:K90) -> 1 | L91: =SUM(L90:L90) -> 0 | ... V91: =SUM(V90:V90) -> 16
A93: A.1 | B93: 7. | C93: Partai Gelombang Rakyat Indonesia | E93: 0 | F93: 0 | G93: 0 | H93: 0 | I93: 0 | J93: 0 | K93: 0 | L93: 0 | M93: 0 | N93: 0 | O93: 2 | P93: 0 | Q93: 1 | R93: 0 | S93: 0 | V93: =SUM(E93:U93) -> 3
A94: A.2 | B94: 1 | C94: ELY SODIKIN | E94: 0 | F94: 0 | G94: 0 | H94: 0 | I94: 0 | J94: 0 | K94: 0 | L94: 0 | M94: 0 | N94: 0 | O94: 0 | P94: 0 | Q94: 0 | R94: 0 | S94: 0 | V94: =SUM(E94:U94) -> 0
B95: 2 | C95: BAGUS WAHONO | E95: 0 | F95: 0 | G95: 0 | H95: 1 | I95: 0 | J95: 0 | K95: 0 | L95: 0 | M95: 0 | N95: 0 | O95: 2 | P95: 1 | Q95: 0 | R95: 0 | S95: 0 | U95: 1 | V95: =SUM(E95:U95) -> 5
B96: 3 | C96: ARTIS YOGYA KARTIKA | E96: 0 | F96: 0 | G96: 0 | H96: 0 | I96: 0 | J96: 0 | K96: 0 | L96: 0 | M96: 0 | N96: 0 | O96: 0 | P96: 0 | Q96: 0 | R96: 0 | S96: 0 | V96: =SUM(E96:U96) -> 0
B97: 4 | C97: IMAM HAKTONO | E97: 0 | F97: 0 | G97: 0 | H97: 0 | I97: 0 | J97: 0 | K97: 0 | L97: 0 | M97: 0 | N97: 0 | O97: 0 | P97: 0 | Q97: 0 | R97: 0 | S97: 0 | U97: 1 | V97: =SUM(E97:U97) -> 1
A98: B | B98: JUMLAH SUARA SAH PARTAI POLITIK DAN CALON (A1 + A2) | E98: =SUM(E93:E97) -> 0 | F98: =SUM(F93:F97) -> 0 | G98: =SUM(G93:G97) -> 0 | H98: =SUM(H93:H97) -> 1 | I98: =SUM(I93:I97) -> 0 | J98: =SUM(J93:J97) -> 0 | K98: =SUM(K93:K97) -> 0 | L98: =SUM(L93:L97) -> 0 | ... V98: =SUM(V93:V97) -> 9
A100: A.1 | B100: 8. | C100: Partai Keadilan Sejahtera | E100: 2 | F100: 2 | G100: 4 | H100: 1 | I100: 4 | J100: 11 | K100: 2 | L100: 5 | M100: 2 | N100: 0 | O100: 1 | P100: 0 | Q100: 3 | R100: 4 | S100: 2 | T100: 8 | U100: 7 | V100: =SUM(E100:U100) -> 58
A101: A.2 | B101: 1 | C101: FAISOL AZZ, A.MD. | E101: 2 | F101: 4 | G101: 4 | H101: 5 | I101: 8 | J101: 15 | K101: 9 | L101: 34 | M101: 8 | N101: 4 | O101: 7 | P101: 7 | Q101: 10 | R101: 14 | S101: 1 | T101: 6 | U101: 4 | V101: =SUM(E101:U101) -> 142
B102: 2 | C102: HAYATUL MAKIN | E102: 0 | F102: 0 | G102: 3 | H102: 0 | I102: 0 | J102: 0 | K102: 0 | L102: 0 | M102: 0 | N102: 0 | O102: 0 | P102: 0 | Q102: 0 | R102: 1 | S102: 0 | T102: 3 | U102: 2 | V102: =SUM(E102:U102) -> 9
B103: 3 | C103: SAKI HANDAYANI | E103: 0 | F103: 1 | G103: 0 | H103: 1 | I103: 10 | J103: 0 | K103: 1 | L103: 0 | M103: 0 | N103: 0 | O103: 0 | P103: 0 | Q103: 0 | R103: 3 | S103: 0 | T103: 2 | U103: 3 | V103: =SUM(E103:U103) -> 21
B104: 4 | C104: ASMAWIYANTO, A.MA. | E104: 0 | F104: 0 | G104: 0 | H104: 0 | I104: 0 | J104: 4 | K104: 0 | L104: 0 | M104: 0 | N104: 0 | O104: 1 | P104: 0 | Q104: 0 | R104: 0 | S104: 0 | V104: =SUM(E104:U104) -> 5
B105: 5 | C105: SANTI SETYOWATI | E105: 0 | F105: 0 | G105: 2 | H105: 0 | I105: 1 | J105: 0 | K105: 0 | L105: 0 | M105: 0 | N105: 0 | O105: 0 | P105: 1 | Q105: 0 | R105: 1 | S105: 0 | V105: =SUM(E105:U105) -> 5
B106: 6 | C106: SUPARNO, S.T. | E106: 0 | F106: 0 | G106: 0 | H106: 0 | I106: 3 | J106: 0 | K106: 0 | L106: 0 | M106: 0 | N106: 0 | O106: 0 | P106: 0 | Q106: 0 | R106: 0 | S106: 0 | T106: 3 | U106: 1 | V106: =SUM(E106:U106) -> 7
A107: B | B107: JUMLAH SUARA SAH PARTAI POLITIK DAN CALON (A1 + A2) | E107: =SUM(E100:E106) -> 4 | F107: =SUM(F100:F106) -> 7 | G107: =SUM(G100:G106) -> 13 | H107: =SUM(H100:H106) -> 7 | I107: =SUM(I100:I106) -> 26 | J107: =SUM(J100:J106) -> 30 | K107: =SUM(K100:K106) -> 12 | L107: =SUM(L100:L106) -> 39 | ... V107: =SUM(V100:V106) -> 247
A109: A.1 | B109: 9. | C109: Partai Kebangkitan Nusantara | E109: 0 | F109: 0 | G109: 0 | H109: 0 | I109: 0 | J109: 0 | K109: 0 | L109: 0 | M109: 0 | N109: 0 | O109: 0 | P109: 0 | Q109: 0 | R109: 0 | S109: 0 | V109: =SUM(E109:U109) -> 0
A110: A.2 | B110: 1 | C110: YAKUP YULIANTO | E110: 0 | F110: 0 | G110: 0 | H110: 0 | I110: 0 | J110: 0 | K110: 0 | L110: 0 | M110: 0 | N110: 0 | O110: 0 | P110: 0 | Q110: 0 | R110: 0 | S110: 0 | V110: =SUM(E110:U110) -> 0
B111: 2 | C111: TRIA UTAMA | E111: 0 | F111: 0 | G111: 0 | H111: 0 | I111: 0 | J111: 0 | K111: 0 | L111: 0 | M111: 0 | N111: 0 | O111: 0 | P111: 0 | Q111: 0 | R111: 0 | S111: 1 | T111: 1 | V111: =SUM(E111:U111) -> 2
B112: 3 | C112: ANIS KHAFIFAH MZ | E112: 0 | F112: 0 | G112: 0 | H112: 0 | I112: 0 | J112: 0 | K112: 0 | L112: 0 | M112: 0 | N112: 0 | O112: 0 | P112: 0 | Q112: 0 | R112: 0 | S112: 0 | V112: =SUM(E112:U112) -> 0
A113: B | B113: JUMLAH SUARA SAH PARTAI POLITIK DAN CALON (A1 + A2) | E113: =SUM(E109:E112) -> 0 | F113: =SUM(F109:F112) -> 0 | G113: =SUM(G109:G112) -> 0 | H113: =SUM(H109:H112) -> 0 | I113: =SUM(I109:I112) -> 0 | J113: =SUM(J109:J112) -> 0 | K113: =SUM(K109:K112) -> 0 | L113: =SUM(L109:L112) -> 0 | ... V113: =SUM(V109:V112) -> 2
A115: A.1 | B115: 10. | C115: Partai Hati Nurani Rakyat | E115: 0 | F115: 0 | G115: 0 | H115: 0 | I115: 1 | J115: 0 | K115: 0 | L115: 0 | M115: 0 | N115: 0 | O115: 0 | P115: 1 | Q115: 0 | R115: 0 | S115: 0 | U115: 2 | V115: =SUM(E115:U115) -> 4
A116: A.2 | B116: 1 | C116: H. HARIONO | E116: 0 | F116: 0 | G116: 4 | H116: 0 | I116: 1 | J116: 1 | K116: 1 | L116: 0 | M116: 1 | N116: 0 | O116: 1 | P116: 1 | Q116: 0 | R116: 1 | S116: 0 | V116: =SUM(E116:U116) -> 11
B117: 2 | C117: GOPUR BACHITAR, S.T. | E117: 2 | F117: 0 | G117: 0 | H117: 0 | I117: 0 | J117: 0 | K117: 0 | L117: 1 | M117: 0 | N117: 0 | O117: 0 | P117: 0 | Q117: 0 | R117: 2 | S117: 0 | T117: 3 | V117: =SUM(E117:U117) -> 8
B118: 3 | C118: BONIMAH | E118: 0 | F118: 0 | G118: 0 | H118: 0 | I118: 0 | J118: 0 | K118: 0 | L118: 0 | M118: 0 | N118: 0 | O118: 0 | P118: 0 | Q118: 0 | R118: 0 | S118: 0 | V118: =SUM(E118:U118) -> 0
B119: 4 | C119: AGUS PRAYOGI | E119: 0 | F119: 0 | G119: 0 | H119: 0 | I119: 0 | J119: 0 | K119: 0 | L119: 0 | M119: 0 | N119: 0 | O119: 0 | P119: 0 | Q119: 0 | R119: 0 | S119: 0 | U119: 1 | V119: =SUM(E119:U119) -> 1
B120: 5 | C120: DWI FITRIA PRATIWI | E120: 0 | F120: 0 | G120: 0 | H120: 0 | I120: 0 | J120: 0 | K120: 0 | L120: 0 | M120: 0 | N120: 1 | O120: 0 | P120: 0 | Q120: 0 | R120: 1 | S120: 0 | V120: =SUM(E120:U120) -> 2
...

Sheet PENATABAN
C2: Kecamatan | D2: GIRI
C3: Kabupaten | D3: BANYUWANGI
C4: Provinsi | D4: JAWA TIMUR
C9: Kelurahan | D9: PENATABAN
A12: I | B12: DATA PEMILIH DAN PENGGUNAAN HAK PILIH | V12: JUMLAH AKHIR
A13: A | B13: DATA PEMILIH | E13: TPS 001 | F13: TPS 002 | G13: TPS 003 | H13: TPS 004 | I13: TPS 005 | J13: TPS 006 | K13: TPS 007 | L13: TPS 008 | M13: TPS 009 | N13: TPS 010 | O13: TPS 011 | P13: TPS 012 | Q13: TPS 013 | R13: TPS 901 | S13: TPS 902 | T13: TPS 903 | U13: TPS 904
B14: Jumlah Pemilih dalam Daftar Pemilih Tetap (DPT) | D14: LK | E14: 142 | F14: 145 | G14: 140 | H14: 144 | I14: 144 | J14: 147 | K14: 145 | L14: 159 | M14: 142 | N14: 129 | O14: 143 | P14: 115 | Q14: 77 | R14: 249 | S14: 252 | T14: 235 | U14: 189 | V14: =SUM(E14:U14) -> 2697
D15: PR | E15: 147 | F15: 150 | G15: 151 | H15: 141 | I15: 147 | J15: 138 | K15: 140 | L15: 134 | M15: 131 | N15: 137 | O15: 154 | P15: 134 | Q15: 97 | R15: 9 | S15: 7 | T15: 14 | U15: 8 | V15: =SUM(E15:U15) -> 1839
D16: JML | E16: =SUM(E14:E15) -> 289 | F16: =SUM(F14:F15) -> 295 | G16: =SUM(G14:G15) -> 291 | H16: =SUM(H14:H15) -> 285 | I16: =SUM(I14:I15) -> 291 | J16: =SUM(J14:J15) -> 285 | K16: =SUM(K14:K15) -> 285 | L16: =SUM(L14:L15) -> 293 | ... U16: =SUM(U14:U15) -> 197 | V16: =SUM(E16:U16) -> 4536
A18: B | B18: PENGGUNA HAK PILIH
B19: 1. | C19: Jumlah pengguna hak pilih dalam Daftar Pemilih Tetap (DPT) | D19: LK | E19: 114 | F19: 114 | G19: 108 | H19: 107 | I19: 111 | J19: 111 | K19: 124 | L19: 116 | M19: 122 | N19: 107 | O19: 117 | P19: 92 | Q19: 63 | R19: 47 | S19: 2 | T19: 13 | U19: 8 | V19: =SUM(E19:U19) -> 1476
D20: PR | E20: 124 | F20: 114 | G20: 128 | H20: 115 | I20: 125 | J20: 116 | K20: 123 | L20: 110 | M20: 121 | N20: 115 | O20: 126 | P20: 102 | Q20: 85 | R20: 2 | S20: 0 | T20: 0 | U20: 0 | V20: =SUM(E20:U20) -> 1506
D21: JML | E21: =SUM(E19:E20) -> 238 | F21: =SUM(F19:F20) -> 228 | G21: =SUM(G19:G20) -> 236 | H21: =SUM(H19:H20) -> 222 | I21: =SUM(I19:I20) -> 236 | J21: =SUM(J19:J20) -> 227 | K21: =SUM(K19:K20) -> 247 | L21: =SUM(L19:L20) -> 226 | ... U21: =SUM(U19:U20) -> 8 | V21: =SUM(E21:U21) -> 2982
B22: 2. | C22: Jumlah pengguna hak pilih dalam Daftar Pemilih Tambahan (DPTb) | D22: LK | F22: 2 | K22: 1 | Q22: 1 | R22: 11 | S22: 7 | T22: 16 | U22: 5 | V22: =SUM(E22:U22) -> 43
D23: PR | E23: 1 | G23: 1 | Q23: 1 | U23: 1 | V23: =SUM(E23:U23) -> 4
D24: JML | E24: =SUM(E22:E23) -> 1 | F24: =SUM(F22:F23) -> 2 | G24: =SUM(G22:G23) -> 1 | H24: =SUM(H22:H23) -> 0 | I24: =SUM(I22:I23) -> 0 | J24: =SUM(J22:J23) -> 0 | K24: =SUM(K22:K23) -> 1 | L24: =SUM(L22:L23) -> 0 | ... U24: =SUM(U22:U23) -> 6 | V24: =SUM(E24:U24) -> 47
B25: 3. | C25: Jumlah pengguna hak pilih dalam Daftar Pemilih Khusus (DPK) | D25: LK | F25: 1 | G25: 2 | H25: 1 | J25: 3 | K25: 2 | L25: 3 | M25: 1 | V25: =SUM(E25:U25) -> 13
D26: PR | G26: 4 | H26: 1 | I26: 2 | J26: 1 | K26: 1 | L26: 3 | M26: 1 | O26: 3 | P26: 3 | Q26: 1 | V26: =SUM(E26:U26) -> 20
D27: JML | E27: =SUM(E25:E26) -> 0 | F27: =SUM(F25:F26) -> 1 | G27: =SUM(G25:G26) -> 6 | H27: =SUM(H25:H26) -> 2 | I27: =SUM(I25:I26) -> 2 | J27: =SUM(J25:J26) -> 4 | K27: =SUM(K25:K26) -> 3 | L27: =SUM(L25:L26) -> 6 | ... U27: =SUM(U25:U26) -> 0 | V27: =SUM(E27:U27) -> 33
B28: 4. | C28: Jumlah Pengguna Hak Pilih (B.1+B.2+B.3) | D28: LK | E28: =SUM(E19,E22,E25) -> 114 | F28: =SUM(F19,F22,F25) -> 117 | G28: =SUM(G19,G22,G25) -> 110 | H28: =SUM(H19,H22,H25) -> 108 | I28: =SUM(I19,I22,I25) -> 111 | J28: =SUM(J19,J22,J25) -> 114 | K28: =SUM(K19,K22,K25) -> 127 | L28: =SUM(L19,L22,L25) -> 119 | ... U28: =SUM(U19,U22,U25) -> 13 | V28: =SUM(E28:U28) -> 1532
D29: PR | E29: =SUM(E20,E23,E26) -> 125 | F29: =SUM(F20,F23,F26) -> 114 | G29: =SUM(G20,G23,G26) -> 133 | H29: =SUM(H20,H23,H26) -> 116 | I29: =SUM(I20,I23,I26) -> 127 | J29: =SUM(J20,J23,J26) -> 117 | K29: =SUM(K20,K23,K26) -> 124 | L29: =SUM(L20,L23,L26) -> 113 | ... U29: =SUM(U20,U23,U26) -> 1 | V29: =SUM(E29:U29) -> 1530
D30: JML | E30: =SUM(E28:E29) -> 239 | F30: =SUM(F28:F29) -> 231 | G30: =SUM(G28:G29) -> 243 | H30: =SUM(H28:H29) -> 224 | I30: =SUM(I28:I29) -> 238 | J30: =SUM(J28:J29) -> 231 | K30: =SUM(K28:K29) -> 251 | L30: =SUM(L28:L29) -> 232 | ... U30: =SUM(U28:U29) -> 14 | V30: =SUM(E30:U30) -> 3062
A32: II | B32: DATA PENGGUNAAN SURAT SUARA
A33: 1 | B33: Jumlah surat suara yang diterima, termasuk surat suara cadangan 2,5% dari DPT | E33: 294 | F33: 300 | G33: 297 | H33: 292 | I33: 297 | J33: 291 | K33: 291 | L33: 299 | M33: 278 | N33: 272 | O33: 303 | P33: 254 | Q33: 178 | R33: 264 | S33: 265 | T33: 254 | U33: 201 | V33: =SUM(E33:U33) -> 4630
A34: 2 | B34: Jumlah surat suara yang digunakan | E34: 239 | F34: 231 | G34: 243 | H34: 224 | I34: 238 | J34: 231 | K34: 251 | L34: 232 | M34: 245 | N34: 222 | O34: 246 | P34: 197 | Q34: 151 | R34: 60 | S34: 9 | T34: 29 | U34: 14 | V34: =SUM(E34:U34) -> 3062
A35: 3 | B35: Jumlah surat suara dikembalikan oleh pemilih (karena rusak atau keliru coblos) | J35: 1 | L35: 1 | V35: =SUM(E35:U35) -> 2
A36: 4 | B36: Jumlah surat suara yang tidak digunakan/tidak terpakai, termasuk sisa surat suara cadangan | E36: =E33-(E34+E35) -> 55 | F36: =F33-(F34+F35) -> 69 | G36: =G33-(G34+G35) -> 54 | H36: =H33-(H34+H35) -> 68 | I36: =I33-(I34+I35) -> 59 | J36: =J33-(J34+J35) -> 59 | K36: =K33-(K34+K35) -> 40 | L36: =L33-(L34+L35) -> 66 | ... U36: =U33-(U34+U35) -> 187 | V36: =SUM(E36:U36) -> 1566
A38: III | B38: DATA PEMILIH DISABILITAS
B39: Jumlah seluruh Pemilih disabilitas yang menggunakan hak pilih | D39: LK | P39: 2 | V39: =SUM(E39:U39) -> 2
D40: PR | P40: 3 | V40: =SUM(E40:U40) -> 3
D41: JML | E41: =SUM(E39:E40) -> 0 | F41: =SUM(F39:F40) -> 0 | G41: =SUM(G39:G40) -> 0 | H41: =SUM(H39:H40) -> 0 | I41: =SUM(I39:I40) -> 0 | J41: =SUM(J39:J40) -> 0 | K41: =SUM(K39:K40) -> 0 | L41: =SUM(L39:L40) -> 0 | ... U41: =SUM(U39:U40) -> 0 | V41: =SUM(E41:U41) -> 5
A43: IV | B43: DATA RINCIAN PEROLEHAN SUARA PASANGAN CALON BUPATI DAN WAKIL BUPATI
A44: NOMOR DAN NAMA CALON
A45: A.1 | B45: 1. | C45: Partai Kebangkitan Bangsa | E45: 13 | F45: 11 | G45: 16 | H45: 11 | I45: 10 | J45: 9 | K45: 16 | L45: 6 | M45: 18 | N45: 9 | O45: 14 | P45: 3 | Q45: 2 | R45: 0 | S45: 0 | T45: 1 | U45: 0 | V45: =SUM(E45:U45) -> 139
A46: A.2 | B46: 1 | C46: HJ. SITI MAKHROCHATIN NI’MAH, S.PD., M.M. | E46: 69 | F46: 48 | G46: 45 | H46: 38 | I46: 39 | J46: 35 | K46: 47 | L46: 37 | M46: 66 | N46: 49 | O46: 22 | P46: 4 | Q46: 55 | R46: 0 | S46: 0 | T46: 1 | U46: 0 | V46: =SUM(E46:U46) -> 555
B47: 2 | C47: A. TAUFIK | E47: 1 | F47: 2 | G47: 1 | H47: 0 | I47: 1 | J47: 3 | K47: 0 | L47: 1 | M47: 0 | N47: 2 | O47: 1 | P47: 0 | Q47: 0 | R47: 1 | S47: 0 | T47: 0 | U47: 1 | V47: =SUM(E47:U47) -> 14
B48: 3 | C48: KHOIRUL FAHMI ISKANDAR, S.PD | E48: 1 | F48: 0 | G48: 2 | H48: 0 | I48: 1 | J48: 2 | K48: 2 | L48: 0 | M48: 4 | N48: 2 | O48: 2 | P48: 0 | Q48: 1 | R48: 0 | S48: 0 | T48: 0 | U48: 0 | V48: =SUM(E48:U48) -> 17
B49: 4 | C49: AKHMAD, S.PD., M.M. | E49: 0 | F49: 0 | G49: 0 | H49: 0 | I49: 0 | J49: 0 | K49: 0 | L49: 0 | M49: 0 | N49: 0 | O49: 0 | P49: 0 | Q49: 0 | R49: 0 | S49: 0 | T49: 0 | U49: 0 | V49: =SUM(E49:U49) -> 0
B50: 5 | C50: SOFI WULANDARI, S.H. | E50: 2 | F50: 0 | G50: 0 | H50: 2 | I50: 0 | J50: 1 | K50: 0 | L50: 0 | M50: 0 | N50: 0 | O50: 1 | P50: 1 | Q50: 0 | R50: 1 | S50: 0 | T50: 1 | U50: 0 | V50: =SUM(E50:U50) -> 9
B51: 6 | C51: AL MA’ARIF | E51: 1 | F51: 2 | G51: 3 | H51: 0 | I51: 3 | J51: 0 | K51: 1 | L51: 0 | M51: 1 | N51: 0 | O51: 2 | P51: 0 | Q51: 1 | R51: 0 | S51: 1 | T51: 0 | U51: 0 | V51: =SUM(E51:U51) -> 15
A52: B | B52: JUMLAH SUARA SAH PARTAI POLITIK DAN CALON (A1 + A2) | E52: =SUM(E45:E51) -> 87 | F52: =SUM(F45:F51) -> 63 | G52: =SUM(G45:G51) -> 67 | H52: =SUM(H45:H51) -> 51 | I52: =SUM(I45:I51) -> 54 | J52: =SUM(J45:J51) -> 50 | K52: =SUM(K45:K51) -> 66 | L52: =SUM(L45:L51) -> 44 | ... V52: =SUM(V45:V51) -> 749
A54: A.1 | B54: 2. | C54: Partai Gerakan Indonesia Raya | E54: 10 | F54: 11 | G54: 5 | H54: 10 | I54: 4 | J54: 4 | K54: 4 | L54: 5 | M54: 7 | N54: 9 | O54: 12 | P54: 10 | Q54: 6 | R54: 2 | S54: 0 | T54: 3 | U54: 0 | V54: =SUM(E54:U54) -> 102
A55: A.2 | B55: 1 | C55: ASRILA DISKA RIMUNDA | E55: 6 | F55: 13 | G55: 1 | H55: 5 | I55: 15 | J55: 4 | K55: 2 | L55: 4 | M55: 2 | N55: 3 | O55: 11 | P55: 5 | Q55: 4 | R55: 8 | S55: 0 | T55: 5 | U55: 3 | V55: =SUM(E55:U55) -> 91
B56: 2 | C56: ANIK MUSYAROFAH | E56: 22 | F56: 17 | G56: 8 | H56: 26 | I56: 19 | J56: 18 | K56: 12 | L56: 16 | M56: 22 | N56: 24 | O56: 28 | P56: 2 | Q56: 1 | R56: 2 | S56: 0 | T56: 1 | U56: 0 | V56: =SUM(E56:U56) -> 218
B57: 3 | C57: JOKO MISBONO | E57: 0 | F57: 1 | G57: 1 | H57: 2 | I57: 0 | J57: 0 | K57: 0 | L57: 1 | M57: 5 | N57: 1 | O57: 3 | P57: 2 | Q57: 0 | R57: 0 | S57: 0 | T57: 0 | U57: 0 | V57: =SUM(E57:U57) -> 16
B58: 4 | C58: REKTO PUSPITASARI | E58: 1 | F58: 1 | G58: 0 | H58: 0 | I58: 1 | J58: 0 | K58: 2 | L58: 1 | M58: 0 | N58: 2 | O58: 1 | P58: 1 | Q58: 2 | R58: 0 | S58: 0 | T58: 0 | U58: 0 | V58: =SUM(E58:U58) -> 12
B59: 5 | C59: AHMAD KHOMSI WAHYUDI | E59: 1 | F59: 0 | G59: 0 | H59: 0 | I59: 0 | J59: 0 | K59: 2 | L59: 0 | M59: 0 | N59: 0 | O59: 1 | P59: 1 | Q59: 0 | R59: 1 | S59: 0 | T59: 0 | U59: 0 | V59: =SUM(E59:U59) -> 6
B60: 6 | C60: ACHI RIZAL FIRDAUS | E60: 1 | F60: 2 | G60: 0 | H60: 2 | I60: 1 | J60: 1 | K60: 0 | L60: 0 | M60: 1 | N60: 1 | O60: 4 | P60: 1 | Q60: 3 | R60: 1 | S60: 0 | T60: 0 | U60: 0 | V60: =SUM(E60:U60) -> 18
A61: B | B61: JUMLAH SUARA SAH PARTAI POLITIK DAN CALON (A1 + A2) | E61: 41 | F61: 45 | G61: 15 | H61: 45 | I61: 40 | J61: 27 | K61: 22 | L61: 27 | M61: 37 | N61: 40 | O61: 60 | P61: 22 | Q61: 16 | R61: 14 | S61: 0 | T61: =SUM(T54:T60) -> 9 | U61: =SUM(U54:U60) -> 3 | V61: =SUM(V54:V60) -> 463
A63: A.1 | B63: 3. | C63: Partai Demokrasi Indonesia Perjuangan | E63: 6 | F63: 3 | G63: 3 | H63: 7 | I63: 4 | J63: 3 | K63: 7 | L63: 4 | M63: 7 | N63: 8 | O63: 3 | P63: 7 | Q63: 4 | R63: 7 | S63: 1 | T63: 2 | U63: 3 | V63: =SUM(E63:U63) -> 79
A64: A.2 | B64: 1 | C64: I MADE CAHYANA NEGARA, S.E. | E64: 24 | F64: 15 | G64: 6 | H64: 8 | I64: 18 | J64: 5 | K64: 2 | L64: 4 | M64: 40 | N64: 12 | O64: 19 | P64: 14 | Q64: 5 | R64: 10 | S64: 2 | T64: 7 | U64: 4 | V64: =SUM(E64:U64) -> 195
B65: 2 | C65: AGUS WAHYU PANOTO, S.H. | E65: 2 | F65: 1 | G65: 1 | H65: 3 | I65: 2 | J65: 1 | K65: 1 | L65: 0 | M65: 1 | N65: 0 | O65: 3 | P65: 4 | Q65: 1 | R65: 7 | S65: 1 | T65: 1 | U65: 2 | V65: =SUM(E65:U65) -> 31
B66: 3 | C66: IIS SUMIYATI | E66: 0 | F66: 0 | G66: 0 | H66: 1 | I66: 0 | J66: 0 | K66: 2 | L66: 1 | M66: 1 | N66: 1 | O66: 1 | P66: 3 | Q66: 1 | R66: 2 | S66: 0 | T66: 1 | U66: 1 | V66: =SUM(E66:U66) -> 15
B67: 4 | C67: ACHMAD MUZAMMIL | E67: 1 | F67: 1 | G67: 1 | H67: 1 | I67: 1 | J67: 1 | K67: 0 | L67: 0 | M67: 0 | N67: 0 | O67: 0 | P67: 4 | Q67: 0 | R67: 0 | S67: 0 | T67: 0 | U67: 0 | V67: =SUM(E67:U67) -> 10
B68: 5 | C68: WENDRIAWANTO | E68: 4 | F68: 3 | G68: 2 | H68: 2 | I68: 6 | J68: 5 | K68: 5 | L68: 4 | M68: 2 | N68: 3 | O68: 12 | P68: 5 | Q68: 4 | R68: 1 | S68: 0 | T68: 1 | U68: 0 | V68: =SUM(E68:U68) -> 59
B69: 6 | C69: PUTRI MEGA AYU WIDIARTI | E69: 1 | F69: 0 | G69: 0 | H69: 2 | I69: 0 | J69: 0 | K69: 2 | L69: 0 | M69: 0 | N69: 0 | O69: 1 | P69: 1 | Q69: 2 | R69: 1 | S69: 0 | T69: 0 | U69: 0 | V69: =SUM(E69:U69) -> 10
A70: B | B70: JUMLAH SUARA SAH PARTAI POLITIK DAN CALON (A1 + A2) | E70: =SUM(E63:E69) -> 38 | F70: =SUM(F63:F69) -> 23 | G70: =SUM(G63:G69) -> 13 | H70: =SUM(H63:H69) -> 24 | I70: =SUM(I63:I69) -> 31 | J70: =SUM(J63:J69) -> 15 | K70: =SUM(K63:K69) -> 19 | L70: =SUM(L63:L69) -> 13 | ... V70: =SUM(V63:V69) -> 399
A72: A.1 | B72: 4. | C72: Partai Golongan Karya | E72: 4 | F72: 3 | G72: 2 | H72: 2 | I72: 3 | J72: 0 | K72: 1 | L72: 2 | M72: 3 | N72: 3 | O72: 4 | P72: 2 | Q72: 1 | R72: 1 | S72: 0 | T72: 1 | U72: 0 | V72: =SUM(E72:U72) -> 32
A73: A.2 | B73: 1 | C73: UMI KULSUM, S.H. | E73: 4 | F73: 2 | G73: 10 | H73: 4 | I73: 6 | J73: 5 | K73: 16 | L73: 0 | M73: 10 | N73: 11 | O73: 5 | P73: 12 | Q73: 2 | R73: 1 | S73: 1 | T73: 0 | U73: 0 | V73: =SUM(E73:U73) -> 89
B74: 2 | C74: SONNY PRAKOSO INDRA, S.E. | E74: 4 | F74: 1 | G74: 2 | H74: 2 | I74: 1 | J74: 2 | K74: 1 | L74: 2 | M74: 2 | N74: 0 | O74: 2 | P74: 3 | Q74: 3 | R74: 0 | S74: 0 | T74: 0 | U74: 0 | V74: =SUM(E74:U74) -> 25
B75: 3 | C75: ERJUNA SITI FATIMAH | E75: 0 | F75: 0 | G75: 0 | H75: 1 | I75: 0 | J75: 0 | K75: 0 | L75: 0 | M75: 1 | N75: 1 | O75: 0 | P75: 2 | Q75: 0 | R75: 1 | S75: 0 | T75: 0 | U75: 0 | V75: =SUM(E75:U75) -> 6
B76: 4 | C76: SITI MARIYAM | E76: 0 | F76: 1 | G76: 0 | H76: 1 | I76: 1 | J76: 0 | K76: 0 | L76: 1 | M76: 0 | N76: 0 | O76: 0 | P76: 0 | Q76: 0 | R76: 0 | S76: 0 | T76: 0 | U76: 0 | V76: =SUM(E76:U76) -> 4
B77: 5 | C77: HERU SUKARNO, S.H. | E77: 0 | F77: 0 | G77: 0 | H77: 0 | I77: 0 | J77: 0 | K77: 0 | L77: 0 | M77: 0 | N77: 0 | O77: 1 | P77: 2 | Q77: 0 | R77: 0 | S77: 0 | T77: 0 | U77: 0 | V77: =SUM(E77:U77) -> 3
B78: 6 | C78: AHMAD MUZAYYIN | E78: 0 | F78: 0 | G78: 0 | H78: 0 | I78: 0 | J78: 0 | K78: 0 | L78: 0 | M78: 0 | N78: 0 | O78: 0 | P78: 1 | Q78: 1 | R78: 0 | S78: 0 | T78: 0 | U78: 0 | V78: =SUM(E78:U78) -> 2
A79: B | B79: JUMLAH SUARA SAH PARTAI POLITIK DAN CALON (A1 + A2) | E79: =SUM(E72:E78) -> 12 | F79: =SUM(F72:F78) -> 7 | G79: =SUM(G72:G78) -> 14 | H79: =SUM(H72:H78) -> 10 | I79: =SUM(I72:I78) -> 11 | J79: =SUM(J72:J78) -> 7 | K79: =SUM(K72:K78) -> 18 | L79: =SUM(L72:L78) -> 5 | ... V79: =SUM(V72:V78) -> 161
A81: A.1 | B81: 5. | C81: Partai NasDem | E81: 1 | F81: 2 | G81: 8 | H81: 4 | I81: 1 | J81: 4 | K81: 4 | L81: 0 | M81: 0 | N81: 2 | O81: 2 | P81: 3 | Q81: 2 | R81: 0 | S81: 0 | V81: =SUM(E81:U81) -> 33
A82: A.2 | B82: 1 | C82: DRS. MOH. PADIL | E82: 7 | F82: 18 | G82: 33 | H82: 10 | I82: 19 | J82: 8 | K82: 30 | L82: 0 | M82: 16 | N82: 18 | O82: 1 | P82: 0 | Q82: 1 | R82: 0 | S82: 0 | V82: =SUM(E82:U82) -> 161
B83: 2 | C83: ALEX WIJAYA KUSUMA | E83: 0 | F83: 0 | G83: 1 | H83: 0 | I83: 0 | J83: 1 | K83: 0 | L83: 0 | M83: 0 | N83: 0 | O83: 0 | P83: 1 | Q83: 0 | R83: 0 | S83: 0 | V83: =SUM(E83:U83) -> 3
B84: 3 | C84: DANY FARDA MIHMDIAT | E84: 1 | F84: 0 | G84: 0 | H84: 0 | I84: 0 | J84: 0 | K84: 0 | L84: 1 | M84: 0 | N84: 0 | O84: 0 | P84: 0 | Q84: 1 | R84: 0 | S84: 0 | V84: =SUM(E84:U84) -> 3
B85: 4 | C85: UNTUNG AL AKBAR | E85: 0 | F85: 0 | G85: 0 | H85: 0 | I85: 0 | J85: 0 | K85: 0 | L85: 0 | M85: 0 | N85: 0 | O85: 0 | P85: 0 | Q85: 0 | R85: 0 | S85: 0 | V85: =SUM(E85:U85) -> 0
B86: 5 | C86: SETYO PONCO UTOMO | E86: 1 | F86: 3 | G86: 0 | H86: 1 | I86: 1 | J86: 1 | K86: 5 | L86: 0 | M86: 0 | N86: 0 | O86: 2 | P86: 4 | Q86: 0 | R86: 0 | S86: 0 | V86: =SUM(E86:U86) -> 18
B87: 6 | C87: LIA ALYSTIA NINGRUM, S.PD. | E87: 0 | F87: 1 | G87: 3 | H87: 0 | I87: 1 | J87: 0 | K87: 3 | L87: 0 | M87: 0 | N87: 1 | O87: 3 | P87: 0 | Q87: 2 | R87: 0 | S87: 0 | V87: =SUM(E87:U87) -> 14
A88: B | B88: JUMLAH SUARA SAH PARTAI POLITIK DAN CALON (A1 + A2) | E88: =SUM(E81:E87) -> 10 | F88: =SUM(F81:F87) -> 24 | G88: =SUM(G81:G87) -> 45 | H88: =SUM(H81:H87) -> 15 | I88: =SUM(I81:I87) -> 22 | J88: =SUM(J81:J87) -> 14 | K88: =SUM(K81:K87) -> 42 | L88: =SUM(L81:L87) -> 1 | ... V88: =SUM(V81:V87) -> 232
A90: A.1 | B90: 6. | C90: Partai Buruh | E90: 0 | F90: 0 | G90: 0 | H90: 1 | I90: 0 | J90: 1 | K90: 1 | L90: 0 | M90: 0 | N90: 0 | O90: 1 | P90: 1 | Q90: 0 | R90: 1 | S90: 0 | T90: 0 | V90: =SUM(E90:U90) -> 6
A91: B | B91: JUMLAH SUARA SAH PARTAI POLITIK DAN CALON (A1 + A2) | E91: =SUM(E90:E90) -> 0 | F91: =SUM(F90:F90) -> 0 | G91: =SUM(G90:G90) -> 0 | H91: =SUM(H90:H90) -> 1 | I91: =SUM(I90:I90) -> 0 | J91: =SUM(J90:J90) -> 1 | K91: =SUM(K90:K90) -> 1 | L91: =SUM(L90:L90) -> 0 | ... V91: =SUM(V90:V90) -> 6
A93: A.1 | B93: 7. | C93: Partai Gelombang Rakyat Indonesia | E93: 1 | F93: 1 | G93: 0 | H93: 0 | I93: 0 | J93: 0 | K93: 0 | L93: 0 | M93: 2 | N93: 0 | O93: 0 | P93: 0 | Q93: 0 | R93: 0 | S93: 0 | V93: =SUM(E93:U93) -> 4
A94: A.2 | B94: 1 | C94: ELY SODIKIN | E94: 0 | F94: 0 | G94: 0 | H94: 0 | I94: 0 | J94: 0 | K94: 1 | L94: 0 | M94: 0 | N94: 0 | O94: 1 | P94: 0 | Q94: 0 | R94: 0 | S94: 0 | V94: =SUM(E94:U94) -> 2
B95: 2 | C95: BAGUS WAHONO | E95: 0 | F95: 0 | G95: 0 | H95: 0 | I95: 0 | J95: 0 | K95: 0 | L95: 0 | M95: 0 | N95: 0 | O95: 0 | P95: 2 | Q95: 0 | R95: 0 | S95: 0 | V95: =SUM(E95:U95) -> 2
B96: 3 | C96: ARTIS YOGYA KARTIKA | E96: 0 | F96: 0 | G96: 0 | H96: 0 | I96: 0 | J96: 0 | K96: 0 | L96: 0 | M96: 0 | N96: 0 | O96: 0 | P96: 0 | Q96: 0 | R96: 0 | S96: 0 | V96: =SUM(E96:U96) -> 0
B97: 4 | C97: IMAM HAKTONO | E97: 0 | F97: 0 | G97: 0 | H97: 0 | I97: 0 | J97: 0 | K97: 0 | L97: 0 | M97: 0 | N97: 0 | O97: 0 | P97: 0 | Q97: 0 | R97: 0 | S97: 0 | V97: =SUM(E97:U97) -> 0
A98: B | B98: JUMLAH SUARA SAH PARTAI POLITIK DAN CALON (A1 + A2) | E98: =SUM(E93:E97) -> 1 | F98: =SUM(F93:F97) -> 1 | G98: =SUM(G93:G97) -> 0 | H98: =SUM(H93:H97) -> 0 | I98: =SUM(I93:I97) -> 0 | J98: =SUM(J93:J97) -> 0 | K98: =SUM(K93:K97) -> 1 | L98: =SUM(L93:L97) -> 0 | ... V98: =SUM(V93:V97) -> 8
A100: A.1 | B100: 8. | C100: Partai Keadilan Sejahtera | E100: 1 | F100: 2 | G100: 7 | H100: 4 | I100: 2 | J100: 2 | K100: 3 | L100: 3 | M100: 1 | N100: 5 | O100: 0 | P100: 5 | Q100: 0 | R100: 0 | S100: 0 | V100: =SUM(E100:U100) -> 35
A101: A.2 | B101: 1 | C101: FAISOL AZZ, A.MD. | E101: 7 | F101: 6 | G101: 27 | H101: 8 | I101: 9 | J101: 18 | K101: 19 | L101: 40 | M101: 3 | N101: 7 | O101: 10 | P101: 13 | Q101: 4 | R101: 0 | S101: 0 | V101: =SUM(E101:U101) -> 171
B102: 2 | C102: HAYATUL MAKIN | E102: 2 | F102: 0 | G102: 0 | H102: 0 | I102: 0 | J102: 0 | K102: 1 | L102: 0 | M102: 3 | N102: 0 | O102: 1 | P102: 0 | Q102: 2 | R102: 0 | S102: 0 | V102: =SUM(E102:U102) -> 9
B103: 3 | C103: SAKI HANDAYANI | E103: 0 | F103: 2 | G103: 0 | H103: 0 | I103: 0 | J103: 0 | K103: 0 | L103: 0 | M103: 0 | N103: 0 | O103: 0 | P103: 10 | Q103: 0 | R103: 0 | S103: 0 | V103: =SUM(E103:U103) -> 12
B104: 4 | C104: ASMAWIYANTO, A.MA. | E104: 0 | F104: 0 | G104: 1 | H104: 0 | I104: 0 | J104: 0 | K104: 0 | L104: 0 | M104: 0 | N104: 0 | O104: 0 | P104: 0 | Q104: 0 | R104: 0 | S104: 0 | V104: =SUM(E104:U104) -> 1
B105: 5 | C105: SANTI SETYOWATI | E105: 1 | F105: 0 | G105: 0 | H105: 0 | I105: 0 | J105: 0 | K105: 0 | L105: 0 | M105: 0 | N105: 0 | O105: 0 | P105: 0 | Q105: 2 | R105: 0 | S105: 0 | V105: =SUM(E105:U105) -> 3
B106: 6 | C106: SUPARNO, S.T. | E106: 0 | F106: 1 | G106: 0 | H106: 0 | I106: 3 | J106: 0 | K106: 0 | L106: 0 | M106: 0 | N106: 0 | O106: 1 | P106: 0 | Q106: 1 | R106: 0 | S106: 0 | V106: =SUM(E106:U106) -> 6
A107: B | B107: JUMLAH SUARA SAH PARTAI POLITIK DAN CALON (A1 + A2) | E107: =SUM(E100:E106) -> 11 | F107: =SUM(F100:F106) -> 11 | G107: =SUM(G100:G106) -> 35 | H107: =SUM(H100:H106) -> 12 | I107: =SUM(I100:I106) -> 14 | J107: =SUM(J100:J106) -> 20 | K107: =SUM(K100:K106) -> 23 | L107: =SUM(L100:L106) -> 43 | ... V107: =SUM(V100:V106) -> 237
A109: A.1 | B109: 9. | C109: Partai Kebangkitan Nusantara | E109: 0 | F109: 0 | G109: 0 | H109: 0 | I109: 0 | J109: 0 | K109: 0 | L109: 0 | M109: 0 | N109: 0 | O109: 0 | P109: 0 | Q109: 0 | R109: 0 | S109: 0 | V109: =SUM(E109:U109) -> 0
A110: A.2 | B110: 1 | C110: YAKUP YULIANTO | E110: 0 | F110: 0 | G110: 0 | H110: 0 | I110: 0 | J110: 0 | K110: 0 | L110: 0 | M110: 0 | N110: 0 | O110: 0 | P110: 0 | Q110: 0 | R110: 0 | S110: 0 | V110: =SUM(E110:U110) -> 0
B111: 2 | C111: TRIA UTAMA | E111: 0 | F111: 0 | G111: 0 | H111: 0 | I111: 0 | J111: 0 | K111: 0 | L111: 0 | M111: 0 | N111: 0 | O111: 0 | P111: 0 | Q111: 0 | R111: 0 | S111: 0 | V111: =SUM(E111:U111) -> 0
B112: 3 | C112: ANIS KHAFIFAH MZ | E112: 0 | F112: 0 | G112: 0 | H112: 0 | I112: 0 | J112: 0 | K112: 0 | L112: 0 | M112: 0 | N112: 0 | O112: 0 | P112: 0 | Q112: 0 | R112: 0 | S112: 0 | V112: =SUM(E112:U112) -> 0
A113: B | B113: JUMLAH SUARA SAH PARTAI POLITIK DAN CALON (A1 + A2) | E113: =SUM(E109:E112) -> 0 | F113: =SUM(F109:F112) -> 0 | G113: =SUM(G109:G112) -> 0 | H113: =SUM(H109:H112) -> 0 | I113: =SUM(I109:I112) -> 0 | J113: =SUM(J109:J112) -> 0 | K113: =SUM(K109:K112) -> 0 | L113: =SUM(L109:L112) -> 0 | ... V113: =SUM(V109:V112) -> 0
A115: A.1 | B115: 10. | C115: Partai Hati Nurani Rakyat | E115: 0 | F115: 0 | G115: 0 | H115: 0 | I115: 0 | J115: 0 | K115: 0 | L115: 0 | M115: 0 | N115: 0 | O115: 1 | P115: 0 | Q115: 0 | R115: 0 | S115: 0 | V115: =SUM(E115:U115) -> 1
A116: A.2 | B116: 1 | C116: H. HARIONO | E116: 0 | F116: 0 | G116: 0 | H116: 0 | I116: 0 | J116: 0 | K116: 1 | L116: 0 | M116: 0 | N116: 1 | O116: 0 | P116: 2 | Q116: 0 | R116: 0 | S116: 0 | V116: =SUM(E116:U116) -> 4
B117: 2 | C117: GOPUR BACHITAR, S.T. | E117: 0 | F117: 0 | G117: 0 | H117: 1 | I117: 3 | J117: 0 | K117: 0 | L117: 0 | M117: 0 | N117: 0 | O117: 3 | P117: 0 | Q117: 0 | R117: 0 | S117: 0 | V117: =SUM(E117:U117) -> 7
B118: 3 | C118: BONIMAH | E118: 0 | F118: 0 | G118: 0 | H118: 0 | I118: 0 | J118: 0 | K118: 0 | L118: 0 | M118: 0 | N118: 0 | O118: 0 | P118: 0 | Q118: 0 | R118: 0 | S118: 0 | V118: =SUM(E118:U118) -> 0
B119: 4 | C119: AGUS PRAYOGI | E119: 0 | F119: 0 | G119: 0 | H119: 0 | I119: 0 | J119: 0 | K119: 0 | L119: 0 | M119: 0 | N119: 0 | O119: 0 | P119: 0 | Q119: 0 | R119: 0 | S119: 0 | V119: =SUM(E119:U119) -> 0
B120: 5 | C120: DWI FITRIA PRATIWI | E120: 1 | F120: 0 | G120: 0 | H120: 0 | I120: 0 | J120: 0 | K120: 0 | L120: 0 | M120: 0 | N120: 0 | O120: 0 | P120: 0 | Q120: 0 | R120: 0 | S120: 0 | V120: =SUM(E120:U120) -> 1
...
