Workbook

Sheet DPRD KABUPATEN
C8: Kecamatan | D8: GLAGAH
C9: Kabupaten | D9: BANYUWANGI
C10: Provinsi | D10: JAWA TIMUR
A12: I | B12: DATA PEMILIH DAN PENGGUNAAN HAK PILIH | E12: JUMLAH AKHIR
A13: A | B13: DATA PEMILIH
B14: Jumlah Pemilih dalam Daftar Pemilih Tetap (DPT) | D14: LK | E14: =BAKUNGAN!U14+BANJARSARI!X14+REJOSARI!N14+KEMIREN!M14+OLEHSARI!N14+GLAGAH!M14+PASPAN!P14+TAMANSURUH!S14+KENJO!K14+KAMPUNGANYAR!T14 -> 13866
D15: PR | E15: =BAKUNGAN!U15+BANJARSARI!X15+REJOSARI!N15+KEMIREN!M15+OLEHSARI!N15+GLAGAH!M15+PASPAN!P15+TAMANSURUH!S15+KENJO!K15+KAMPUNGANYAR!T15 -> 14693
D16: JML | E16: =SUM(E14:E15) -> 28559
A18: B | B18: PENGGUNA HAK PILIH
B19: 1. | C19: Jumlah pengguna hak pilih dalam Daftar Pemilih Tetap (DPT) | D19: LK | E19: =BAKUNGAN!U19+BANJARSARI!X19+REJOSARI!N19+KEMIREN!M19+OLEHSARI!N19+GLAGAH!M19+PASPAN!P19+TAMANSURUH!S19+KENJO!K19+KAMPUNGANYAR!T19 -> 11310
D20: PR | E20: =BAKUNGAN!U20+BANJARSARI!X20+REJOSARI!N20+KEMIREN!M20+OLEHSARI!N20+GLAGAH!M20+PASPAN!P20+TAMANSURUH!S20+KENJO!K20+KAMPUNGANYAR!T20 -> 12650
D21: JML | E21: =SUM(E19:E20) -> 23960
B22: 2. | C22: Jumlah pengguna hak pilih dalam Daftar Pemilih Tambahan (DPTb) | D22: LK | E22: =BAKUNGAN!U22+BANJARSARI!X22+REJOSARI!N22+KEMIREN!M22+OLEHSARI!N22+GLAGAH!M22+PASPAN!P22+TAMANSURUH!S22+KENJO!K22+KAMPUNGANYAR!T22 -> 30
D23: PR | E23: =BAKUNGAN!U23+BANJARSARI!X23+REJOSARI!N23+KEMIREN!M23+OLEHSARI!N23+GLAGAH!M23+PASPAN!P23+TAMANSURUH!S23+KENJO!K23+KAMPUNGANYAR!T23 -> 52
D24: JML | E24: =SUM(E22:E23) -> 82
B25: 3. | C25: Jumlah pengguna hak pilih dalam Daftar Pemilih Khusus (DPK) | D25: LK | E25: =BAKUNGAN!U25+BANJARSARI!X25+REJOSARI!N25+KEMIREN!M25+OLEHSARI!N25+GLAGAH!M25+PASPAN!P25+TAMANSURUH!S25+KENJO!K25+KAMPUNGANYAR!T25 -> 129
D26: PR | E26: =BAKUNGAN!U26+BANJARSARI!X26+REJOSARI!N26+KEMIREN!M26+OLEHSARI!N26+GLAGAH!M26+PASPAN!P26+TAMANSURUH!S26+KENJO!K26+KAMPUNGANYAR!T26 -> 169
D27: JML | E27: =SUM(E25:E26) -> 298
B28: 4. | C28: Jumlah Pengguna Hak Pilih (B.1+B.2+B.3) | D28: LK | E28: =E19+E22+E25 -> 11469
D29: PR | E29: =E20+E23+E26 -> 12871
D30: JML | E30: =SUM(E28:E29) -> 24340
A32: II | B32: DATA PENGGUNAAN SURAT SUARA
A33: 1 | B33: Jumlah surat suara yang diterima, termasuk surat suara cadangan 2% dari DPT | E33: =BAKUNGAN!U33+BANJARSARI!X33+REJOSARI!N33+KEMIREN!M33+OLEHSARI!N33+GLAGAH!M33+PASPAN!P33+TAMANSURUH!S33+KENJO!K33+KAMPUNGANYAR!T33 -> 29209
A34: 2 | B34: Jumlah surat suara yang digunakan | E34: =BAKUNGAN!U34+BANJARSARI!X34+REJOSARI!N34+KEMIREN!M34+OLEHSARI!N34+GLAGAH!M34+PASPAN!P34+TAMANSURUH!S34+KENJO!K34+KAMPUNGANYAR!T34 -> 24340
A35: 3 | B35: Jumlah surat suara dikembalikan oleh pemilih (karena rusak atau keliru coblos) | E35: =BAKUNGAN!U35+BANJARSARI!X35+REJOSARI!N35+KEMIREN!M35+OLEHSARI!N35+GLAGAH!M35+PASPAN!P35+TAMANSURUH!S35+KENJO!K35+KAMPUNGANYAR!T35 -> 35
A36: 4 | B36: Jumlah surat suara yang tidak digunakan/tidak terpakai, termasuk sisa surat suara cadangan | E36: =E33-(E34+E35) -> 4834
A38: III | B38: DATA PEMILIH DISABILITAS
B39: Jumlah seluruh Pemilih disabilitas yang menggunakan hak pilih | D39: LK | E39: =BAKUNGAN!U39+BANJARSARI!X39+REJOSARI!N39+KEMIREN!M39+OLEHSARI!N39+GLAGAH!M39+PASPAN!P39+TAMANSURUH!S39+KENJO!K39+KAMPUNGANYAR!T39 -> 25
D40: PR | E40: =BAKUNGAN!U40+BANJARSARI!X40+REJOSARI!N40+KEMIREN!M40+OLEHSARI!N40+GLAGAH!M40+PASPAN!P40+TAMANSURUH!S40+KENJO!K40+KAMPUNGANYAR!T40 -> 23
D41: JML | E41: =SUM(E39:E40) -> 48
A43: IV | B43: DATA RINCIAN PEROLEHAN SUARA PASANGAN CALON BUPATI DAN WAKIL BUPATI
A44: NOMOR DAN NAMA CALON
A45: A.1 | B45: 1. | C45: Partai Kebangkitan Bangsa | E45: =BAKUNGAN!U45+BANJARSARI!X45+REJOSARI!N45+KEMIREN!M45+OLEHSARI!N45+GLAGAH!M45+PASPAN!P45+TAMANSURUH!S45+KENJO!K45+KAMPUNGANYAR!T45 -> 642
A46: A.2 | C46: 1. ANITA RANI, S.H. | E46: =BAKUNGAN!U46+BANJARSARI!X46+REJOSARI!N46+KEMIREN!M46+OLEHSARI!N46+GLAGAH!M46+PASPAN!P46+TAMANSURUH!S46+KENJO!K46+KAMPUNGANYAR!T46 -> 530
C47: 2. ANISAH MAHSUNAH, S.E. | E47: =BAKUNGAN!U47+BANJARSARI!X47+REJOSARI!N47+KEMIREN!M47+OLEHSARI!N47+GLAGAH!M47+PASPAN!P47+TAMANSURUH!S47+KENJO!K47+KAMPUNGANYAR!T47 -> 184
C48: 3. SENARI, S.Sos. | E48: =BAKUNGAN!U48+BANJARSARI!X48+REJOSARI!N48+KEMIREN!M48+OLEHSARI!N48+GLAGAH!M48+PASPAN!P48+TAMANSURUH!S48+KENJO!K48+KAMPUNGANYAR!T48 -> 298
C49: 4. VERAGAWATI, S.H. | E49: =BAKUNGAN!U49+BANJARSARI!X49+REJOSARI!N49+KEMIREN!M49+OLEHSARI!N49+GLAGAH!M49+PASPAN!P49+TAMANSURUH!S49+KENJO!K49+KAMPUNGANYAR!T49 -> 14
C50: 5. KURDI EHSAN | E50: =BAKUNGAN!U50+BANJARSARI!X50+REJOSARI!N50+KEMIREN!M50+OLEHSARI!N50+GLAGAH!M50+PASPAN!P50+TAMANSURUH!S50+KENJO!K50+KAMPUNGANYAR!T50 -> 23
C51: 6. BONDAN ARDYWIJAYA | E51: =BAKUNGAN!U51+BANJARSARI!X51+REJOSARI!N51+KEMIREN!M51+OLEHSARI!N51+GLAGAH!M51+PASPAN!P51+TAMANSURUH!S51+KENJO!K51+KAMPUNGANYAR!T51 -> 295
A52: B | B52: JUMLAH SUARA SAH PARTAI POLITIK DAN CALON (A1 + A2) | E52: =SUM(E45:E51) -> 1986
A54: A.1 | B54: 2. | C54: Partai Gerakan Indonesia Raya | E54: =BAKUNGAN!U54+BANJARSARI!X54+REJOSARI!N54+KEMIREN!M54+OLEHSARI!N54+GLAGAH!M54+PASPAN!P54+TAMANSURUH!S54+KENJO!K54+KAMPUNGANYAR!T54 -> 784
A55: A.2 | C55: 1. Ir. H. NAUFAL BADRI | E55: =BAKUNGAN!U55+BANJARSARI!X55+REJOSARI!N55+KEMIREN!M55+OLEHSARI!N55+GLAGAH!M55+PASPAN!P55+TAMANSURUH!S55+KENJO!K55+KAMPUNGANYAR!T55 -> 298
C56: 2. ALI MUSTAUFIQ, S.Pd. | E56: =BAKUNGAN!U56+BANJARSARI!X56+REJOSARI!N56+KEMIREN!M56+OLEHSARI!N56+GLAGAH!M56+PASPAN!P56+TAMANSURUH!S56+KENJO!K56+KAMPUNGANYAR!T56 -> 328
C57: 3. Ir. IRA STEPHANI RAWUNG, M.M. | E57: =BAKUNGAN!U57+BANJARSARI!X57+REJOSARI!N57+KEMIREN!M57+OLEHSARI!N57+GLAGAH!M57+PASPAN!P57+TAMANSURUH!S57+KENJO!K57+KAMPUNGANYAR!T57 -> 84
C58: 4. Hj. LISMIYANA | E58: =BAKUNGAN!U58+BANJARSARI!X58+REJOSARI!N58+KEMIREN!M58+OLEHSARI!N58+GLAGAH!M58+PASPAN!P58+TAMANSURUH!S58+KENJO!K58+KAMPUNGANYAR!T58 -> 55
C59: 5. RIFKI PRIA HARTAWAN USMAN, S.H. | E59: =BAKUNGAN!U59+BANJARSARI!X59+REJOSARI!N59+KEMIREN!M59+OLEHSARI!N59+GLAGAH!M59+PASPAN!P59+TAMANSURUH!S59+KENJO!K59+KAMPUNGANYAR!T59 -> 87
C60: 6. KUNTI MAULIDATAS SAFROH, S.Sos. | E60: =BAKUNGAN!U60+BANJARSARI!X60+REJOSARI!N60+KEMIREN!M60+OLEHSARI!N60+GLAGAH!M60+PASPAN!P60+TAMANSURUH!S60+KENJO!K60+KAMPUNGANYAR!T60 -> 20
A61: B | B61: JUMLAH SUARA SAH PARTAI POLITIK DAN CALON (A1 + A2) | E61: =SUM(E54:E60) -> 1656
A63: A.1 | B63: 3. | C63: Partai Demokrasi Indonesia Perjuangan | E63: =BAKUNGAN!U63+BANJARSARI!X63+REJOSARI!N63+KEMIREN!M63+OLEHSARI!N63+GLAGAH!M63+PASPAN!P63+TAMANSURUH!S63+KENJO!K63+KAMPUNGANYAR!T63 -> 906
A64: A.2 | C64: 1. TRI SOEDARYONO | E64: =BAKUNGAN!U64+BANJARSARI!X64+REJOSARI!N64+KEMIREN!M64+OLEHSARI!N64+GLAGAH!M64+PASPAN!P64+TAMANSURUH!S64+KENJO!K64+KAMPUNGANYAR!T64 -> 427
C65: 2. HEKSA SOEDARMADI, S.H. | E65: =BAKUNGAN!U65+BANJARSARI!X65+REJOSARI!N65+KEMIREN!M65+OLEHSARI!N65+GLAGAH!M65+PASPAN!P65+TAMANSURUH!S65+KENJO!K65+KAMPUNGANYAR!T65 -> 565
C66: 3. PRAMUDITA MAHARANI SAPUTRI | E66: =BAKUNGAN!U66+BANJARSARI!X66+REJOSARI!N66+KEMIREN!M66+OLEHSARI!N66+GLAGAH!M66+PASPAN!P66+TAMANSURUH!S66+KENJO!K66+KAMPUNGANYAR!T66 -> 811
C67: 4. SLAMET UTOMO | E67: =BAKUNGAN!U67+BANJARSARI!X67+REJOSARI!N67+KEMIREN!M67+OLEHSARI!N67+GLAGAH!M67+PASPAN!P67+TAMANSURUH!S67+KENJO!K67+KAMPUNGANYAR!T67 -> 69
C68: 5. MARCELINUS FLORIANUS GADI GAA | E68: =BAKUNGAN!U68+BANJARSARI!X68+REJOSARI!N68+KEMIREN!M68+OLEHSARI!N68+GLAGAH!M68+PASPAN!P68+TAMANSURUH!S68+KENJO!K68+KAMPUNGANYAR!T68 -> 535
C69: 6. RACHEL PUSPA ANGELIA | E69: =BAKUNGAN!U69+BANJARSARI!X69+REJOSARI!N69+KEMIREN!M69+OLEHSARI!N69+GLAGAH!M69+PASPAN!P69+TAMANSURUH!S69+KENJO!K69+KAMPUNGANYAR!T69 -> 620
A70: B | B70: JUMLAH SUARA SAH PARTAI POLITIK DAN CALON (A1 + A2) | E70: =SUM(E63:E69) -> 3933
A72: A.1 | B72: 4. | C72: Partai Golongan Karya | E72: =BAKUNGAN!U72+BANJARSARI!X72+REJOSARI!N72+KEMIREN!M72+OLEHSARI!N72+GLAGAH!M72+PASPAN!P72+TAMANSURUH!S72+KENJO!K72+KAMPUNGANYAR!T72 -> 487
A73: A.2 | C73: 1. EVA HESTIYAWATI, S.E. | E73: =BAKUNGAN!U73+BANJARSARI!X73+REJOSARI!N73+KEMIREN!M73+OLEHSARI!N73+GLAGAH!M73+PASPAN!P73+TAMANSURUH!S73+KENJO!K73+KAMPUNGANYAR!T73 -> 934
C74: 2. MAS DWI SONY WIDIANTO | E74: =BAKUNGAN!U74+BANJARSARI!X74+REJOSARI!N74+KEMIREN!M74+OLEHSARI!N74+GLAGAH!M74+PASPAN!P74+TAMANSURUH!S74+KENJO!K74+KAMPUNGANYAR!T74 -> 51
C75: 3. YULIANTO | E75: =BAKUNGAN!U75+BANJARSARI!X75+REJOSARI!N75+KEMIREN!M75+OLEHSARI!N75+GLAGAH!M75+PASPAN!P75+TAMANSURUH!S75+KENJO!K75+KAMPUNGANYAR!T75 -> 41
C76: 4. MOCH. ZAENI, S.H., M.H. | E76: =BAKUNGAN!U76+BANJARSARI!X76+REJOSARI!N76+KEMIREN!M76+OLEHSARI!N76+GLAGAH!M76+PASPAN!P76+TAMANSURUH!S76+KENJO!K76+KAMPUNGANYAR!T76 -> 652
C77: 5. MEGA ANASTASIA CRISTANTY | E77: =BAKUNGAN!U77+BANJARSARI!X77+REJOSARI!N77+KEMIREN!M77+OLEHSARI!N77+GLAGAH!M77+PASPAN!P77+TAMANSURUH!S77+KENJO!K77+KAMPUNGANYAR!T77 -> 25
C78: 6. IMAN SANTOSO, S.E., M.M.H. | E78: =BAKUNGAN!U78+BANJARSARI!X78+REJOSARI!N78+KEMIREN!M78+OLEHSARI!N78+GLAGAH!M78+PASPAN!P78+TAMANSURUH!S78+KENJO!K78+KAMPUNGANYAR!T78 -> 109
A79: B | B79: JUMLAH SUARA SAH PARTAI POLITIK DAN CALON (A1 + A2) | E79: =SUM(E72:E78) -> 2299
A81: A.1 | B81: 5. | C81: Partai NasDem | E81: =BAKUNGAN!U81+BANJARSARI!X81+REJOSARI!N81+KEMIREN!M81+OLEHSARI!N81+GLAGAH!M81+PASPAN!P81+TAMANSURUH!S81+KENJO!K81+KAMPUNGANYAR!T81 -> 89
A82: A.2 | C82: 1. ZAMRONI, S.H. | E82: =BAKUNGAN!U82+BANJARSARI!X82+REJOSARI!N82+KEMIREN!M82+OLEHSARI!N82+GLAGAH!M82+PASPAN!P82+TAMANSURUH!S82+KENJO!K82+KAMPUNGANYAR!T82 -> 2253
C83: 2. AHMAD WIBISONO, S.T. | E83: =BAKUNGAN!U83+BANJARSARI!X83+REJOSARI!N83+KEMIREN!M83+OLEHSARI!N83+GLAGAH!M83+PASPAN!P83+TAMANSURUH!S83+KENJO!K83+KAMPUNGANYAR!T83 -> 44
C84: 3. Dra. EMY TRIASTUTIK, M.M. | E84: =BAKUNGAN!U84+BANJARSARI!X84+REJOSARI!N84+KEMIREN!M84+OLEHSARI!N84+GLAGAH!M84+PASPAN!P84+TAMANSURUH!S84+KENJO!K84+KAMPUNGANYAR!T84 -> 57
C85: 4. PEBDI ARISDIAWAN, S.E. | E85: =BAKUNGAN!U85+BANJARSARI!X85+REJOSARI!N85+KEMIREN!M85+OLEHSARI!N85+GLAGAH!M85+PASPAN!P85+TAMANSURUH!S85+KENJO!K85+KAMPUNGANYAR!T85 -> 28
C86: 5. BERNAT SIPAHUTAR, S.E. | E86: =BAKUNGAN!U86+BANJARSARI!X86+REJOSARI!N86+KEMIREN!M86+OLEHSARI!N86+GLAGAH!M86+PASPAN!P86+TAMANSURUH!S86+KENJO!K86+KAMPUNGANYAR!T86 -> 505
C87: 6. INDAH CATUR CAHYANINGTYAS | E87: =BAKUNGAN!U87+BANJARSARI!X87+REJOSARI!N87+KEMIREN!M87+OLEHSARI!N87+GLAGAH!M87+PASPAN!P87+TAMANSURUH!S87+KENJO!K87+KAMPUNGANYAR!T87 -> 9
A88: B | B88: JUMLAH SUARA SAH PARTAI POLITIK DAN CALON (A1 + A2) | E88: =SUM(E81:E87) -> 2985
A90: A.1 | B90: 6. | C90: Partai Buruh | E90: =BAKUNGAN!U90+BANJARSARI!X90+REJOSARI!N90+KEMIREN!M90+OLEHSARI!N90+GLAGAH!M90+PASPAN!P90+TAMANSURUH!S90+KENJO!K90+KAMPUNGANYAR!T90 -> 112
A91: A.2 | C91: 1. SULASTRI, S.H. | E91: =BAKUNGAN!U91+BANJARSARI!X91+REJOSARI!N91+KEMIREN!M91+OLEHSARI!N91+GLAGAH!M91+PASPAN!P91+TAMANSURUH!S91+KENJO!K91+KAMPUNGANYAR!T91 -> 32
A92: B | B92: JUMLAH SUARA SAH PARTAI POLITIK DAN CALON (A1 + A2) | E92: =SUM(E90:E91) -> 144
A94: A.1 | B94: 7. | C94: Partai Gelombang Rakyat Indonesia | E94: =BAKUNGAN!U94+BANJARSARI!X94+REJOSARI!N94+KEMIREN!M94+OLEHSARI!N94+GLAGAH!M94+PASPAN!P94+TAMANSURUH!S94+KENJO!K94+KAMPUNGANYAR!T94 -> 235
A95: A.2 | C95: 1. H. SUGIARTO, S.E., M.Si. | E95: =BAKUNGAN!U95+BANJARSARI!X95+REJOSARI!N95+KEMIREN!M95+OLEHSARI!N95+GLAGAH!M95+PASPAN!P95+TAMANSURUH!S95+KENJO!K95+KAMPUNGANYAR!T95 -> 964
C96: 2. MUHTAR | E96: =BAKUNGAN!U96+BANJARSARI!X96+REJOSARI!N96+KEMIREN!M96+OLEHSARI!N96+GLAGAH!M96+PASPAN!P96+TAMANSURUH!S96+KENJO!K96+KAMPUNGANYAR!T96 -> 25
C97: 3. UNISSIAWATY | E97: =BAKUNGAN!U97+BANJARSARI!X97+REJOSARI!N97+KEMIREN!M97+OLEHSARI!N97+GLAGAH!M97+PASPAN!P97+TAMANSURUH!S97+KENJO!K97+KAMPUNGANYAR!T97 -> 13
C98: 4. DWI WAHYUDI | E98: =BAKUNGAN!U98+BANJARSARI!X98+REJOSARI!N98+KEMIREN!M98+OLEHSARI!N98+GLAGAH!M98+PASPAN!P98+TAMANSURUH!S98+KENJO!K98+KAMPUNGANYAR!T98 -> 4
C99: 5. ADINA MUTIARA KURNIAWAN, S.T. | E99: =BAKUNGAN!U99+BANJARSARI!X99+REJOSARI!N99+KEMIREN!M99+OLEHSARI!N99+GLAGAH!M99+PASPAN!P99+TAMANSURUH!S99+KENJO!K99+KAMPUNGANYAR!T99 -> 48
C100: 6. FIRMAN ISADI | E100: =BAKUNGAN!U100+BANJARSARI!X100+REJOSARI!N100+KEMIREN!M100+OLEHSARI!N100+GLAGAH!M100+PASPAN!P100+TAMANSURUH!S100+KENJO!K100+KAMPUNGANYAR!T100 -> 8
A101: B | B101: JUMLAH SUARA SAH PARTAI POLITIK DAN CALON (A1 + A2) | E101: =SUM(E94:E100) -> 1297
A103: A.1 | B103: 8. | C103: Partai Keadilan Sejahtera | E103: =BAKUNGAN!U103+BANJARSARI!X103+REJOSARI!N103+KEMIREN!M103+OLEHSARI!N103+GLAGAH!M103+PASPAN!P103+TAMANSURUH!S103+KENJO!K103+KAMPUNGANYAR!T103 -> 273
A104: A.2 | C104: 1. NENI VIANTIN DIYAH MARTIVA, S.Pd. | E104: =BAKUNGAN!U104+BANJARSARI!X104+REJOSARI!N104+KEMIREN!M104+OLEHSARI!N104+GLAGAH!M104+PASPAN!P104+TAMANSURUH!S104+KENJO!K104+KAMPUNGANYAR!T104 -> 1762
C105: 2. RINO AHMAD MURAD | E105: =BAKUNGAN!U105+BANJARSARI!X105+REJOSARI!N105+KEMIREN!M105+OLEHSARI!N105+GLAGAH!M105+PASPAN!P105+TAMANSURUH!S105+KENJO!K105+KAMPUNGANYAR!T105 -> 26
C106: 3. ASROR FAHRUDIN | E106: =BAKUNGAN!U106+BANJARSARI!X106+REJOSARI!N106+KEMIREN!M106+OLEHSARI!N106+GLAGAH!M106+PASPAN!P106+TAMANSURUH!S106+KENJO!K106+KAMPUNGANYAR!T106 -> 22
C107: 4. ABDUL KARIM | E107: =BAKUNGAN!U107+BANJARSARI!X107+REJOSARI!N107+KEMIREN!M107+OLEHSARI!N107+GLAGAH!M107+PASPAN!P107+TAMANSURUH!S107+KENJO!K107+KAMPUNGANYAR!T107 -> 113
C108: 5. ZIA UL HAK, S.H., M.Kn. | E108: =BAKUNGAN!U108+BANJARSARI!X108+REJOSARI!N108+KEMIREN!M108+OLEHSARI!N108+GLAGAH!M108+PASPAN!P108+TAMANSURUH!S108+KENJO!K108+KAMPUNGANYAR!T108 -> 21
C109: 6. MUNA AZ ZAHRA | E109: =BAKUNGAN!U109+BANJARSARI!X109+REJOSARI!N109+KEMIREN!M109+OLEHSARI!N109+GLAGAH!M109+PASPAN!P109+TAMANSURUH!S109+KENJO!K109+KAMPUNGANYAR!T109 -> 107
A110: B | B110: JUMLAH SUARA SAH PARTAI POLITIK DAN CALON (A1 + A2) | E110: =SUM(E103:E109) -> 2324
A112: A.1 | B112: 9. | C112: Partai Kebangkitan Nusantara | E112: =BAKUNGAN!U112+BANJARSARI!X112+REJOSARI!N112+KEMIREN!M112+OLEHSARI!N112+GLAGAH!M112+PASPAN!P112+TAMANSURUH!S112+KENJO!K112+KAMPUNGANYAR!T112 -> 8
A113: A.2 | C113: 1. LILIS SURYANI | E113: =BAKUNGAN!U113+BANJARSARI!X113+REJOSARI!N113+KEMIREN!M113+OLEHSARI!N113+GLAGAH!M113+PASPAN!P113+TAMANSURUH!S113+KENJO!K113+KAMPUNGANYAR!T113 -> 6
A114: B | B114: JUMLAH SUARA SAH PARTAI POLITIK DAN CALON (A1 + A2) | E114: =SUM(E112:E113) -> 14
A116: A.1 | B116: 10. | C116: Partai Hati Nurani Rakyat | E116: =BAKUNGAN!U116+BANJARSARI!X116+REJOSARI!N116+KEMIREN!M116+OLEHSARI!N116+GLAGAH!M116+PASPAN!P116+TAMANSURUH!S116+KENJO!K116+KAMPUNGANYAR!T116 -> 143
A117: A.2 | C117: 1. Ir. BASUKI RACHMAD | E117: =BAKUNGAN!U117+BANJARSARI!X117+REJOSARI!N117+KEMIREN!M117+OLEHSARI!N117+GLAGAH!M117+PASPAN!P117+TAMANSURUH!S117+KENJO!K117+KAMPUNGANYAR!T117 -> 733
C118: 2. H. VERDIYANTO WELLYA | E118: =BAKUNGAN!U118+BANJARSARI!X118+REJOSARI!N118+KEMIREN!M118+OLEHSARI!N118+GLAGAH!M118+PASPAN!P118+TAMANSURUH!S118+KENJO!K118+KAMPUNGANYAR!T118 -> 21
C119: 3. Hj. LILIK YULIATI, S.A.P. | E119: =BAKUNGAN!U119+BANJARSARI!X119+REJOSARI!N119+KEMIREN!M119+OLEHSARI!N119+GLAGAH!M119+PASPAN!P119+TAMANSURUH!S119+KENJO!K119+KAMPUNGANYAR!T119 -> 540
C120: 4. H. ABDUL HADI, S.Pd.I., M.Pd. | E120: =BAKUNGAN!U120+BANJARSARI!X120+REJOSARI!N120+KEMIREN!M120+OLEHSARI!N120+GLAGAH!M120+PASPAN!P120+TAMANSURUH!S120+KENJO!K120+KAMPUNGANYAR!T120 -> 13
C121: 5. SUGENG PRAMONO | E121: =BAKUNGAN!U121+BANJARSARI!X121+REJOSARI!N121+KEMIREN!M121+OLEHSARI!N121+GLAGAH!M121+PASPAN!P121+TAMANSURUH!S121+KENJO!K121+KAMPUNGANYAR!T121 -> 19
...

Sheet BAKUNGAN
C2: Kecamatan | D2: GLAGAH
C3: Kabupaten | D3: BANYUWANGI
C4: Provinsi | D4: JAWA TIMUR
C9: Kelurahan | D9: BAKUNGAN
A12: I | B12: DATA PEMILIH DAN PENGGUNAAN HAK PILIH | U12: JUMLAH AKHIR
A13: A | B13: DATA PEMILIH | E13: TPS 001 | F13: TPS 002 | G13: TPS 003 | H13: TPS 004 | I13: TPS 005 | J13: TPS 006 | K13: TPS 007 | L13: TPS 008 | M13: TPS 009 | N13: TPS 010 | O13: TPS 011 | P13: TPS 012 | Q13: TPS 013 | R13: TPS 014 | S13: TPS 015 | T13: TPS 016
B14: Jumlah Pemilih dalam Daftar Pemilih Tetap (DPT) | D14: LK | E14: 119 | F14: 137 | G14: 132 | H14: 130 | I14: 138 | J14: 132 | K14: 139 | L14: 131 | M14: 97 | N14: 134 | O14: 112 | P14: 111 | Q14: 136 | R14: 120 | S14: 140 | T14: 106 | U14: =SUM(E14:T14) -> 2014
D15: PR | E15: 147 | F15: 142 | G15: 128 | H15: 137 | I15: 156 | J15: 166 | K15: 142 | L15: 128 | M15: 93 | N15: 145 | O15: 123 | P15: 119 | Q15: 137 | R15: 111 | S15: 159 | T15: 104 | U15: =SUM(E15:T15) -> 2137
D16: JML | E16: =SUM(E14:E15) -> 266 | F16: =SUM(F14:F15) -> 279 | G16: =SUM(G14:G15) -> 260 | H16: =SUM(H14:H15) -> 267 | I16: =SUM(I14:I15) -> 294 | J16: =SUM(J14:J15) -> 298 | K16: =SUM(K14:K15) -> 281 | L16: =SUM(L14:L15) -> 259 | ... T16: =SUM(T14:T15) -> 210 | U16: =SUM(E16:T16) -> 4151
A18: B | B18: PENGGUNA HAK PILIH
B19: 1. | C19: Jumlah pengguna hak pilih dalam Daftar Pemilih Tetap (DPT) | D19: LK | E19: 93 | F19: 110 | G19: 101 | H19: 91 | I19: 95 | J19: 93 | K19: 111 | L19: 94 | M19: 75 | N19: 112 | O19: 83 | P19: 83 | Q19: 92 | R19: 92 | S19: 110 | T19: 90 | U19: =SUM(E19:T19) -> 1525
D20: PR | E20: 122 | F20: 117 | G20: 107 | H20: 129 | I20: 133 | J20: 131 | K20: 122 | L20: 113 | M20: 77 | N20: 127 | O20: 95 | P20: 99 | Q20: 105 | R20: 85 | S20: 119 | T20: 88 | U20: =SUM(E20:T20) -> 1769
D21: JML | E21: =SUM(E19:E20) -> 215 | F21: =SUM(F19:F20) -> 227 | G21: =SUM(G19:G20) -> 208 | H21: =SUM(H19:H20) -> 220 | I21: =SUM(I19:I20) -> 228 | J21: =SUM(J19:J20) -> 224 | K21: =SUM(K19:K20) -> 233 | L21: =SUM(L19:L20) -> 207 | ... T21: =SUM(T19:T20) -> 178 | U21: =SUM(E21:T21) -> 3294
B22: 2. | C22: Jumlah pengguna hak pilih dalam Daftar Pemilih Tambahan (DPTb) | D22: LK | E22: 0 | F22: 0 | G22: 0 | H22: 0 | I22: 0 | J22: 0 | K22: 0 | L22: 0 | M22: 0 | N22: 1 | O22: 0 | P22: 2 | Q22: 0 | R22: 0 | S22: 0 | T22: 0 | U22: =SUM(E22:T22) -> 3
D23: PR | E23: 0 | F23: 0 | G23: 0 | H23: 0 | I23: 0 | J23: 0 | K23: 0 | L23: 0 | M23: 0 | N23: 2 | O23: 0 | P23: 2 | Q23: 3 | R23: 0 | S23: 0 | T23: 0 | U23: =SUM(E23:T23) -> 7
D24: JML | E24: =SUM(E22:E23) -> 0 | F24: =SUM(F22:F23) -> 0 | G24: =SUM(G22:G23) -> 0 | H24: =SUM(H22:H23) -> 0 | I24: =SUM(I22:I23) -> 0 | J24: =SUM(J22:J23) -> 0 | K24: =SUM(K22:K23) -> 0 | L24: =SUM(L22:L23) -> 0 | ... T24: =SUM(T22:T23) -> 0 | U24: =SUM(E24:T24) -> 10
B25: 3. | C25: Jumlah pengguna hak pilih dalam Daftar Pemilih Khusus (DPK) | D25: LK | E25: 1 | F25: 1 | G25: 2 | H25: 1 | I25: 5 | J25: 10 | K25: 1 | L25: 0 | M25: 0 | N25: 1 | O25: 1 | P25: 3 | Q25: 5 | R25: 1 | S25: 2 | T25: 1 | U25: =SUM(E25:T25) -> 35
D26: PR | E26: 0 | F26: 0 | G26: 1 | H26: 2 | I26: 1 | J26: 8 | K26: 2 | L26: 0 | M26: 1 | N26: 0 | O26: 2 | P26: 1 | Q26: 8 | R26: 2 | S26: 4 | T26: 0 | U26: =SUM(E26:T26) -> 32
D27: JML | E27: =SUM(E25:E26) -> 1 | F27: =SUM(F25:F26) -> 1 | G27: =SUM(G25:G26) -> 3 | H27: =SUM(H25:H26) -> 3 | I27: =SUM(I25:I26) -> 6 | J27: =SUM(J25:J26) -> 18 | K27: =SUM(K25:K26) -> 3 | L27: =SUM(L25:L26) -> 0 | ... T27: =SUM(T25:T26) -> 1 | U27: =SUM(E27:T27) -> 67
B28: 4. | C28: Jumlah Pengguna Hak Pilih (B.1+B.2+B.3) | D28: LK | E28: =SUM(E19,E22,E25) -> 94 | F28: =SUM(F19,F22,F25) -> 111 | G28: =SUM(G19,G22,G25) -> 103 | H28: =SUM(H19,H22,H25) -> 92 | I28: =SUM(I19,I22,I25) -> 100 | J28: =SUM(J19,J22,J25) -> 103 | K28: =SUM(K19,K22,K25) -> 112 | L28: =SUM(L19,L22,L25) -> 94 | ... T28: =SUM(T19,T22,T25) -> 91 | U28: =SUM(E28:T28) -> 1563
D29: PR | E29: =SUM(E20,E23,E26) -> 122 | F29: =SUM(F20,F23,F26) -> 117 | G29: =SUM(G20,G23,G26) -> 108 | H29: =SUM(H20,H23,H26) -> 131 | I29: =SUM(I20,I23,I26) -> 134 | J29: =SUM(J20,J23,J26) -> 139 | K29: =SUM(K20,K23,K26) -> 124 | L29: =SUM(L20,L23,L26) -> 113 | ... T29: =SUM(T20,T23,T26) -> 88 | U29: =SUM(E29:T29) -> 1808
D30: JML | E30: =SUM(E28:E29) -> 216 | F30: =SUM(F28:F29) -> 228 | G30: =SUM(G28:G29) -> 211 | H30: =SUM(H28:H29) -> 223 | I30: =SUM(I28:I29) -> 234 | J30: =SUM(J28:J29) -> 242 | K30: =SUM(K28:K29) -> 236 | L30: =SUM(L28:L29) -> 207 | ... T30: =SUM(T28:T29) -> 179 | U30: =SUM(E30:T30) -> 3371
A32: II | B32: DATA PENGGUNAAN SURAT SUARA
A33: 1 | B33: Jumlah surat suara yang diterima, termasuk surat suara cadangan 2% dari DPT | E33: 272 | F33: 285 | G33: 266 | H33: 273 | I33: 300 | J33: 304 | K33: 287 | L33: 265 | M33: 194 | N33: 285 | O33: 240 | P33: 235 | Q33: 279 | R33: 236 | S33: 305 | T33: 215 | U33: =SUM(E33:T33) -> 4241
A34: 2 | B34: Jumlah surat suara yang digunakan | E34: 216 | F34: 228 | G34: 211 | H34: 223 | I34: 234 | J34: 242 | K34: 236 | L34: 207 | M34: 153 | N34: 243 | O34: 181 | P34: 190 | Q34: 213 | R34: 180 | S34: 235 | T34: 179 | U34: =SUM(E34:T34) -> 3371
A35: 3 | B35: Jumlah surat suara dikembalikan oleh pemilih (karena rusak atau keliru coblos) | E35: 0 | F35: 3 | G35: 0 | H35: 0 | I35: 0 | J35: 4 | K35: 0 | L35: 0 | M35: 0 | N35: 0 | O35: 0 | P35: 0 | Q35: 1 | R35: 0 | S35: 0 | T35: 1 | U35: =SUM(E35:T35) -> 9
A36: 4 | B36: Jumlah surat suara yang tidak digunakan/tidak terpakai, termasuk sisa surat suara cadangan | E36: =E33-(E34+E35) -> 56 | F36: =F33-(F34+F35) -> 54 | G36: =G33-(G34+G35) -> 55 | H36: =H33-(H34+H35) -> 50 | I36: =I33-(I34+I35) -> 66 | J36: =J33-(J34+J35) -> 58 | K36: =K33-(K34+K35) -> 51 | L36: =L33-(L34+L35) -> 58 | ... T36: =T33-(T34+T35) -> 35 | U36: =SUM(E36:T36) -> 861
A38: III | B38: DATA PEMILIH DISABILITAS
B39: Jumlah seluruh Pemilih disabilitas yang menggunakan hak pilih | D39: LK | F39: 1 | J39: 1 | S39: 1 | U39: =SUM(E39:T39) -> 3
D40: PR | F40: 1 | J40: 1 | S40: 1 | U40: =SUM(E40:T40) -> 3
D41: JML | E41: =SUM(E39:E40) -> 0 | F41: =SUM(F39:F40) -> 2 | G41: =SUM(G39:G40) -> 0 | H41: =SUM(H39:H40) -> 0 | I41: =SUM(I39:I40) -> 0 | J41: =SUM(J39:J40) -> 2 | K41: =SUM(K39:K40) -> 0 | L41: =SUM(L39:L40) -> 0 | ... T41: =SUM(T39:T40) -> 0 | U41: =SUM(E41:T41) -> 6
A43: IV | B43: DATA RINCIAN PEROLEHAN SUARA PASANGAN CALON BUPATI DAN WAKIL BUPATI
A44: NOMOR DAN NAMA CALON
A45: A.1 | B45: 1. | C45: Partai Kebangkitan Bangsa | E45: 1 | F45: 3 | G45: 6 | H45: 4 | I45: 5 | J45: 5 | K45: 5 | L45: 6 | M45: 2 | N45: 5 | O45: 2 | P45: 5 | Q45: 3 | R45: 1 | S45: 0 | T45: 3 | U45: =SUM(E45:T45) -> 56
A46: A.2 | C46: 1. ANITA RANI, S.H. | E46: 4 | F46: 1 | G46: 1 | H46: 4 | I46: 4 | J46: 3 | K46: 0 | L46: 2 | M46: 1 | N46: 1 | O46: 2 | P46: 1 | Q46: 1 | R46: 1 | S46: 5 | T46: 1 | U46: =SUM(E46:T46) -> 32
C47: 2. ANISAH MAHSUNAH, S.E. | E47: 2 | F47: 1 | G47: 0 | H47: 3 | I47: 0 | J47: 1 | K47: 1 | L47: 0 | M47: 0 | N47: 0 | O47: 0 | P47: 0 | Q47: 1 | R47: 1 | S47: 1 | U47: =SUM(E47:T47) -> 11
C48: 3. SENARI, S.Sos. | E48: 3 | F48: 2 | G48: 1 | H48: 2 | I48: 3 | J48: 0 | K48: 5 | L48: 0 | M48: 1 | N48: 0 | O48: 0 | P48: 1 | Q48: 1 | R48: 1 | S48: 0 | U48: =SUM(E48:T48) -> 20
C49: 4. VERAGAWATI, S.H. | E49: 1 | F49: 1 | G49: 0 | H49: 0 | I49: 0 | J49: 1 | K49: 1 | L49: 0 | M49: 0 | N49: 0 | O49: 1 | P49: 1 | Q49: 0 | R49: 0 | S49: 0 | U49: =SUM(E49:T49) -> 6
C50: 5. KURDI EHSAN | E50: 2 | F50: 1 | G50: 0 | H50: 0 | I50: 0 | J50: 2 | K50: 0 | L50: 0 | M50: 0 | N50: 0 | O50: 0 | P50: 0 | Q50: 1 | R50: 2 | S50: 0 | U50: =SUM(E50:T50) -> 8
C51: 6. BONDAN ARDYWIJAYA | E51: 0 | F51: 0 | G51: 3 | H51: 0 | I51: 0 | J51: 0 | K51: 1 | L51: 3 | M51: 0 | N51: 0 | O51: 6 | P51: 17 | Q51: 28 | R51: 15 | S51: 8 | T51: 1 | U51: =SUM(E51:T51) -> 82
A52: B | B52: JUMLAH SUARA SAH PARTAI POLITIK DAN CALON (A1 + A2) | E52: =SUM(E45:E51) -> 13 | F52: =SUM(F45:F51) -> 9 | G52: =SUM(G45:G51) -> 11 | H52: =SUM(H45:H51) -> 13 | I52: =SUM(I45:I51) -> 12 | J52: =SUM(J45:J51) -> 12 | K52: =SUM(K45:K51) -> 13 | L52: =SUM(L45:L51) -> 11 | ... T52: =SUM(T45:T51) -> 5 | U52: =SUM(E52:T52) -> 215
A54: A.1 | B54: 2. | C54: Partai Gerakan Indonesia Raya | E54: 16 | F54: 7 | G54: 4 | H54: 7 | I54: 6 | J54: 10 | K54: 8 | L54: 5 | M54: 3 | N54: 4 | O54: 4 | P54: 1 | Q54: 9 | R54: 2 | S54: 9 | T54: 4 | U54: =SUM(E54:T54) -> 99
A55: A.2 | C55: 1. Ir. H. NAUFAL BADRI | E55: 5 | F55: 8 | G55: 7 | H55: 2 | I55: 9 | J55: 3 | K55: 0 | L55: 3 | M55: 3 | N55: 2 | O55: 4 | P55: 3 | Q55: 1 | R55: 1 | S55: 3 | U55: =SUM(E55:T55) -> 54
C56: 2. ALI MUSTAUFIQ, S.Pd. | E56: 5 | F56: 2 | G56: 5 | H56: 6 | I56: 2 | J56: 0 | K56: 2 | L56: 11 | M56: 2 | N56: 1 | O56: 1 | P56: 3 | Q56: 3 | R56: 1 | S56: 2 | T56: 4 | U56: =SUM(E56:T56) -> 50
C57: 3. Ir. IRA STEPHANI RAWUNG, M.M. | E57: 1 | F57: 1 | G57: 0 | H57: 0 | I57: 5 | J57: 3 | K57: 5 | L57: 1 | M57: 0 | N57: 0 | O57: 1 | P57: 0 | Q57: 2 | R57: 0 | S57: 0 | T57: 1 | U57: =SUM(E57:T57) -> 20
C58: 4. Hj. LISMIYANA | E58: 2 | F58: 1 | G58: 0 | H58: 1 | I58: 3 | J58: 0 | K58: 0 | L58: 0 | M58: 0 | N58: 0 | O58: 0 | P58: 1 | Q58: 2 | R58: 0 | S58: 1 | T58: 1 | U58: =SUM(E58:T58) -> 12
C59: 5. RIFKI PRIA HARTAWAN USMAN, S.H. | E59: 3 | F59: 0 | G59: 2 | H59: 0 | I59: 0 | J59: 4 | K59: 1 | L59: 0 | M59: 0 | N59: 0 | O59: 0 | P59: 1 | Q59: 0 | R59: 0 | S59: 4 | T59: 1 | U59: =SUM(E59:T59) -> 16
C60: 6. KUNTI MAULIDATAS SAFROH, S.Sos. | E60: 0 | F60: 0 | G60: 0 | H60: 0 | I60: 0 | J60: 0 | K60: 1 | L60: 0 | M60: 0 | N60: 0 | O60: 0 | P60: 0 | Q60: 0 | R60: 0 | S60: 1 | T60: 1 | U60: =SUM(E60:T60) -> 3
A61: B | B61: JUMLAH SUARA SAH PARTAI POLITIK DAN CALON (A1 + A2) | E61: =SUM(E54:E60) -> 32 | F61: =SUM(F54:F60) -> 19 | G61: =SUM(G54:G60) -> 18 | H61: =SUM(H54:H60) -> 16 | I61: =SUM(I54:I60) -> 25 | J61: =SUM(J54:J60) -> 20 | K61: =SUM(K54:K60) -> 17 | L61: =SUM(L54:L60) -> 20 | ... T61: =SUM(T54:T60) -> 12 | U61: =SUM(E61:T61) -> 254
A63: A.1 | B63: 3. | C63: Partai Demokrasi Indonesia Perjuangan | E63: 9 | F63: 7 | G63: 2 | H63: 6 | I63: 1 | J63: 4 | K63: 7 | L63: 6 | M63: 1 | N63: 5 | O63: 9 | P63: 8 | Q63: 16 | R63: 10 | S63: 6 | T63: 5 | U63: =SUM(E63:T63) -> 102
A64: A.2 | C64: 1. TRI SOEDARYONO | E64: 0 | F64: 3 | G64: 2 | H64: 2 | I64: 2 | J64: 1 | K64: 1 | L64: 3 | M64: 1 | N64: 0 | O64: 8 | P64: 3 | Q64: 1 | R64: 0 | S64: 3 | T64: 4 | U64: =SUM(E64:T64) -> 34
C65: 2. HEKSA SOEDARMADI, S.H. | E65: 2 | F65: 3 | G65: 3 | H65: 0 | I65: 3 | J65: 8 | K65: 3 | L65: 0 | M65: 0 | N65: 0 | O65: 2 | P65: 8 | Q65: 2 | R65: 2 | S65: 3 | T65: 13 | U65: =SUM(E65:T65) -> 52
C66: 3. PRAMUDITA MAHARANI SAPUTRI | E66: 2 | F66: 4 | G66: 3 | H66: 3 | I66: 8 | J66: 4 | K66: 6 | L66: 1 | M66: 10 | N66: 6 | O66: 3 | P66: 8 | Q66: 10 | R66: 2 | S66: 2 | T66: 3 | U66: =SUM(E66:T66) -> 75
C67: 4. SLAMET UTOMO | E67: 1 | F67: 0 | G67: 0 | H67: 1 | I67: 0 | J67: 1 | K67: 0 | L67: 0 | M67: 0 | N67: 1 | O67: 1 | P67: 0 | Q67: 0 | R67: 0 | S67: 2 | T67: 3 | U67: =SUM(E67:T67) -> 10
C68: 5. MARCELINUS FLORIANUS GADI GAA | E68: 1 | F68: 2 | G68: 9 | H68: 20 | I68: 10 | J68: 28 | K68: 5 | L68: 6 | M68: 43 | N68: 4 | O68: 2 | P68: 7 | Q68: 1 | R68: 0 | S68: 6 | U68: =SUM(E68:T68) -> 144
C69: 6. RACHEL PUSPA ANGELIA | E69: 3 | F69: 1 | G69: 2 | H69: 3 | I69: 5 | J69: 7 | K69: 1 | L69: 5 | M69: 1 | N69: 2 | O69: 0 | P69: 5 | Q69: 4 | R69: 0 | S69: 2 | T69: 4 | U69: =SUM(E69:T69) -> 45
A70: B | B70: JUMLAH SUARA SAH PARTAI POLITIK DAN CALON (A1 + A2) | E70: =SUM(E63:E69) -> 18 | F70: =SUM(F63:F69) -> 20 | G70: =SUM(G63:G69) -> 21 | H70: =SUM(H63:H69) -> 35 | I70: =SUM(I63:I69) -> 29 | J70: =SUM(J63:J69) -> 53 | K70: =SUM(K63:K69) -> 23 | L70: =SUM(L63:L69) -> 21 | ... T70: =SUM(T63:T69) -> 32 | U70: =SUM(E70:T70) -> 462
A72: A.1 | B72: 4. | C72: Partai Golongan Karya | E72: 5 | F72: 5 | G72: 2 | H72: 2 | I72: 7 | J72: 2 | K72: 5 | L72: 6 | M72: 1 | N72: 1 | O72: 4 | P72: 4 | Q72: 5 | R72: 1 | S72: 2 | T72: 1 | U72: =SUM(E72:T72) -> 53
A73: A.2 | C73: 1. EVA HESTIYAWATI, S.E. | E73: 7 | F73: 3 | G73: 2 | H73: 2 | I73: 10 | J73: 0 | K73: 4 | L73: 9 | M73: 3 | N73: 0 | O73: 2 | P73: 8 | Q73: 2 | R73: 0 | S73: 3 | T73: 1 | U73: =SUM(E73:T73) -> 56
C74: 2. MAS DWI SONY WIDIANTO | E74: 0 | F74: 2 | G74: 0 | H74: 0 | I74: 0 | J74: 0 | K74: 0 | L74: 0 | M74: 0 | N74: 0 | O74: 0 | P74: 1 | Q74: 0 | R74: 1 | S74: 0 | T74: 1 | U74: =SUM(E74:T74) -> 5
C75: 3. YULIANTO | E75: 1 | F75: 0 | G75: 0 | H75: 0 | I75: 0 | J75: 0 | K75: 1 | L75: 0 | M75: 0 | N75: 1 | O75: 1 | P75: 1 | Q75: 0 | R75: 1 | S75: 1 | U75: =SUM(E75:T75) -> 7
C76: 4. MOCH. ZAENI, S.H., M.H. | E76: 0 | F76: 3 | G76: 19 | H76: 4 | I76: 5 | J76: 3 | K76: 13 | L76: 4 | M76: 0 | N76: 6 | O76: 6 | P76: 7 | Q76: 18 | R76: 8 | S76: 10 | U76: =SUM(E76:T76) -> 106
C77: 5. MEGA ANASTASIA CRISTANTY | E77: 0 | F77: 0 | G77: 1 | H77: 0 | I77: 0 | J77: 0 | K77: 0 | L77: 0 | M77: 0 | N77: 0 | O77: 0 | P77: 0 | Q77: 0 | R77: 0 | S77: 1 | U77: =SUM(E77:T77) -> 2
C78: 6. IMAN SANTOSO, S.E., M.M.H. | E78: 7 | F78: 0 | G78: 2 | H78: 5 | I78: 0 | J78: 0 | K78: 24 | L78: 4 | M78: 1 | N78: 2 | O78: 2 | P78: 0 | Q78: 0 | R78: 1 | S78: 3 | U78: =SUM(E78:T78) -> 51
A79: B | B79: JUMLAH SUARA SAH PARTAI POLITIK DAN CALON (A1 + A2) | E79: =SUM(E72:E78) -> 20 | F79: =SUM(F72:F78) -> 13 | G79: =SUM(G72:G78) -> 26 | H79: =SUM(H72:H78) -> 13 | I79: =SUM(I72:I78) -> 22 | J79: =SUM(J72:J78) -> 5 | K79: =SUM(K72:K78) -> 47 | L79: =SUM(L72:L78) -> 23 | ... T79: =SUM(T72:T78) -> 3 | U79: =SUM(E79:T79) -> 280
A81: A.1 | B81: 5. | C81: Partai NasDem | E81: 0 | F81: 0 | G81: 0 | H81: 0 | I81: 0 | J81: 0 | K81: 0 | L81: 0 | M81: 0 | N81: 0 | O81: 0 | P81: 0 | Q81: 0 | R81: 0 | S81: 0 | U81: =SUM(E81:T81) -> 0
A82: A.2 | C82: 1. ZAMRONI, S.H. | E82: 71 | F82: 71 | G82: 96 | H82: 73 | I82: 22 | J82: 69 | K82: 73 | L82: 65 | M82: 29 | N82: 18 | O82: 36 | P82: 22 | Q82: 2 | R82: 57 | S82: 68 | T82: 2 | U82: =SUM(E82:T82) -> 774
C83: 2. AHMAD WIBISONO, S.T. | E83: 0 | F83: 0 | G83: 0 | H83: 2 | I83: 1 | J83: 0 | K83: 1 | L83: 1 | M83: 0 | N83: 1 | O83: 0 | P83: 0 | Q83: 1 | R83: 0 | S83: 0 | T83: 1 | U83: =SUM(E83:T83) -> 8
C84: 3. Dra. EMY TRIASTUTIK, M.M. | E84: 1 | F84: 0 | G84: 0 | H84: 2 | I84: 2 | J84: 5 | K84: 0 | L84: 0 | M84: 3 | N84: 0 | O84: 1 | P84: 1 | Q84: 0 | R84: 0 | S84: 1 | U84: =SUM(E84:T84) -> 16
C85: 4. PEBDI ARISDIAWAN, S.E. | E85: 1 | F85: 2 | G85: 1 | H85: 0 | I85: 1 | J85: 3 | K85: 2 | L85: 0 | M85: 0 | N85: 1 | O85: 0 | P85: 0 | Q85: 1 | R85: 0 | S85: 0 | U85: =SUM(E85:T85) -> 12
C86: 5. BERNAT SIPAHUTAR, S.E. | E86: 1 | F86: 0 | G86: 0 | H86: 0 | I86: 2 | J86: 3 | K86: 2 | L86: 1 | M86: 0 | N86: 0 | O86: 1 | P86: 0 | Q86: 1 | R86: 0 | S86: 0 | T86: 1 | U86: =SUM(E86:T86) -> 12
C87: 6. INDAH CATUR CAHYANINGTYAS | E87: 0 | F87: 0 | G87: 0 | H87: 0 | I87: 0 | J87: 0 | K87: 0 | L87: 0 | M87: 0 | N87: 0 | O87: 0 | P87: 0 | Q87: 0 | R87: 0 | S87: 0 | U87: =SUM(E87:T87) -> 0
A88: B | B88: JUMLAH SUARA SAH PARTAI POLITIK DAN CALON (A1 + A2) | E88: =SUM(E81:E87) -> 74 | F88: =SUM(F81:F87) -> 73 | G88: =SUM(G81:G87) -> 97 | H88: =SUM(H81:H87) -> 77 | I88: =SUM(I81:I87) -> 28 | J88: =SUM(J81:J87) -> 80 | K88: =SUM(K81:K87) -> 78 | L88: =SUM(L81:L87) -> 67 | ... T88: =SUM(T81:T87) -> 4 | U88: =SUM(E88:T88) -> 822
A90: A.1 | B90: 6. | C90: Partai Buruh | E90: 1 | F90: 0 | G90: 0 | H90: 0 | I90: 0 | J90: 0 | K90: 1 | L90: 0 | M90: 1 | N90: 0 | O90: 0 | P90: 0 | Q90: 0 | R90: 1 | S90: 0 | U90: =SUM(E90:T90) -> 4
A91: A.2 | C91: 1. SULASTRI, S.H. | E91: 0 | F91: 0 | G91: 1 | H91: 0 | I91: 0 | J91: 1 | K91: 0 | L91: 1 | M91: 0 | N91: 0 | O91: 0 | P91: 1 | Q91: 0 | R91: 0 | S91: 0 | U91: =SUM(E91:T91) -> 4
A92: B | B92: JUMLAH SUARA SAH PARTAI POLITIK DAN CALON (A1 + A2) | E92: =SUM(E90:E91) -> 1 | F92: =SUM(F90:F91) -> 0 | G92: =SUM(G90:G91) -> 1 | H92: =SUM(H90:H91) -> 0 | I92: =SUM(I90:I91) -> 0 | J92: =SUM(J90:J91) -> 1 | K92: =SUM(K90:K91) -> 1 | L92: =SUM(L90:L91) -> 1 | ... T92: =SUM(T90:T91) -> 0 | U92: =SUM(E92:T92) -> 8
A94: A.1 | B94: 7. | C94: Partai Gelombang Rakyat Indonesia | E94: 0 | F94: 3 | G94: 2 | H94: 1 | I94: 1 | J94: 0 | K94: 1 | L94: 0 | M94: 1 | N94: 0 | O94: 1 | P94: 2 | Q94: 3 | R94: 2 | S94: 0 | T94: 1 | U94: =SUM(E94:T94) -> 18
A95: A.2 | C95: 1. H. SUGIARTO, S.E., M.Si. | E95: 1 | F95: 2 | G95: 2 | H95: 9 | I95: 5 | J95: 2 | K95: 0 | L95: 4 | M95: 4 | N95: 0 | O95: 3 | P95: 1 | Q95: 1 | R95: 1 | S95: 11 | T95: 19 | U95: =SUM(E95:T95) -> 65
C96: 2. MUHTAR | E96: 0 | F96: 0 | G96: 0 | H96: 0 | I96: 1 | J96: 0 | K96: 0 | L96: 0 | M96: 0 | N96: 0 | O96: 0 | P96: 0 | Q96: 0 | R96: 0 | S96: 0 | T96: 1 | U96: =SUM(E96:T96) -> 2
C97: 3. UNISSIAWATY | E97: 0 | F97: 0 | G97: 0 | H97: 0 | I97: 1 | J97: 0 | K97: 0 | L97: 0 | M97: 0 | N97: 0 | O97: 0 | P97: 0 | Q97: 0 | R97: 0 | S97: 0 | U97: =SUM(E97:T97) -> 1
C98: 4. DWI WAHYUDI | E98: 0 | F98: 1 | G98: 0 | H98: 0 | I98: 0 | J98: 0 | K98: 0 | L98: 0 | M98: 0 | N98: 0 | O98: 0 | P98: 0 | Q98: 0 | R98: 0 | S98: 0 | U98: =SUM(E98:T98) -> 1
C99: 5. ADINA MUTIARA KURNIAWAN, S.T. | E99: 2 | F99: 0 | G99: 0 | H99: 0 | I99: 1 | J99: 1 | K99: 0 | L99: 0 | M99: 1 | N99: 0 | O99: 0 | P99: 0 | Q99: 0 | R99: 1 | S99: 0 | T99: 1 | U99: =SUM(E99:T99) -> 7
C100: 6. FIRMAN ISADI | E100: 0 | F100: 0 | G100: 0 | H100: 0 | I100: 0 | J100: 0 | K100: 0 | L100: 0 | M100: 0 | N100: 0 | O100: 0 | P100: 0 | Q100: 0 | R100: 0 | S100: 0 | U100: =SUM(E100:T100) -> 0
A101: B | B101: JUMLAH SUARA SAH PARTAI POLITIK DAN CALON (A1 + A2) | E101: =SUM(E94:E100) -> 3 | F101: =SUM(F94:F100) -> 6 | G101: =SUM(G94:G100) -> 4 | H101: =SUM(H94:H100) -> 10 | I101: =SUM(I94:I100) -> 9 | J101: =SUM(J94:J100) -> 3 | K101: =SUM(K94:K100) -> 1 | L101: =SUM(L94:L100) -> 4 | ... T101: =SUM(T94:T100) -> 22 | U101: =SUM(E101:T101) -> 94
A103: A.1 | B103: 8. | C103: Partai Keadilan Sejahtera | E103: 1 | F103: 1 | G103: 0 | H103: 2 | I103: 1 | J103: 2 | K103: 1 | L103: 0 | M103: 1 | N103: 6 | O103: 2 | P103: 2 | Q103: 4 | R103: 0 | S103: 0 | U103: =SUM(E103:T103) -> 23
A104: A.2 | C104: 1. NENI VIANTIN DIYAH MARTIVA, S.Pd. | E104: 1 | F104: 1 | G104: 0 | H104: 9 | I104: 23 | J104: 11 | K104: 15 | L104: 3 | M104: 11 | N104: 137 | O104: 4 | P104: 5 | Q104: 18 | R104: 8 | S104: 6 | T104: 1 | U104: =SUM(E104:T104) -> 253
C105: 2. RINO AHMAD MURAD | E105: 0 | F105: 0 | G105: 0 | H105: 0 | I105: 0 | J105: 0 | K105: 0 | L105: 0 | M105: 0 | N105: 0 | O105: 0 | P105: 0 | Q105: 0 | R105: 1 | S105: 0 | U105: =SUM(E105:T105) -> 1
C106: 3. ASROR FAHRUDIN | E106: 0 | F106: 0 | G106: 0 | H106: 1 | I106: 0 | J106: 0 | K106: 0 | L106: 0 | M106: 1 | N106: 1 | O106: 0 | P106: 0 | Q106: 0 | R106: 0 | S106: 1 | U106: =SUM(E106:T106) -> 4
C107: 4. ABDUL KARIM | E107: 0 | F107: 0 | G107: 0 | H107: 0 | I107: 0 | J107: 0 | K107: 1 | L107: 0 | M107: 0 | N107: 1 | O107: 17 | P107: 2 | Q107: 0 | R107: 3 | S107: 3 | T107: 1 | U107: =SUM(E107:T107) -> 28
C108: 5. ZIA UL HAK, S.H., M.Kn. | E108: 1 | F108: 0 | G108: 0 | H108: 2 | I108: 2 | J108: 0 | K108: 0 | L108: 0 | M108: 0 | N108: 0 | O108: 0 | P108: 0 | Q108: 0 | R108: 0 | S108: 0 | U108: =SUM(E108:T108) -> 5
C109: 6. MUNA AZ ZAHRA | E109: 0 | F109: 6 | G109: 0 | H109: 1 | I109: 1 | J109: 0 | K109: 0 | L109: 1 | M109: 0 | N109: 0 | O109: 2 | P109: 0 | Q109: 1 | R109: 1 | S109: 0 | T109: 1 | U109: =SUM(E109:T109) -> 14
A110: B | B110: JUMLAH SUARA SAH PARTAI POLITIK DAN CALON (A1 + A2) | E110: =SUM(E103:E109) -> 3 | F110: =SUM(F103:F109) -> 8 | G110: =SUM(G103:G109) -> 0 | H110: =SUM(H103:H109) -> 15 | I110: =SUM(I103:I109) -> 27 | J110: =SUM(J103:J109) -> 13 | K110: =SUM(K103:K109) -> 17 | L110: =SUM(L103:L109) -> 4 | ... T110: =SUM(T103:T109) -> 3 | U110: =SUM(E110:T110) -> 328
A112: A.1 | B112: 9. | C112: Partai Kebangkitan Nusantara | E112: 0 | F112: 0 | G112: 0 | H112: 0 | I112: 0 | J112: 0 | K112: 0 | L112: 0 | M112: 0 | N112: 0 | O112: 0 | P112: 0 | Q112: 0 | R112: 0 | S112: 0 | U112: =SUM(E112:T112) -> 0
A113: A.2 | C113: 1. LILIS SURYANI | E113: 0 | F113: 0 | G113: 0 | H113: 0 | I113: 0 | J113: 0 | K113: 0 | L113: 0 | M113: 0 | N113: 0 | O113: 0 | P113: 0 | Q113: 0 | R113: 0 | S113: 4 | U113: =SUM(E113:T113) -> 4
A114: B | B114: JUMLAH SUARA SAH PARTAI POLITIK DAN CALON (A1 + A2) | E114: =SUM(E112:E113) -> 0 | F114: =SUM(F112:F113) -> 0 | G114: =SUM(G112:G113) -> 0 | H114: =SUM(H112:H113) -> 0 | I114: =SUM(I112:I113) -> 0 | J114: =SUM(J112:J113) -> 0 | K114: =SUM(K112:K113) -> 0 | L114: =SUM(L112:L113) -> 0 | ... T114: =SUM(T112:T113) -> 0 | U114: =SUM(E114:T114) -> 4
A116: A.1 | B116: 10. | C116: Partai Hati Nurani Rakyat | E116: 0 | F116: 1 | G116: 0 | H116: 0 | I116: 6 | J116: 0 | K116: 0 | L116: 0 | M116: 1 | N116: 0 | O116: 0 | P116: 0 | Q116: 0 | R116: 2 | S116: 0 | U116: =SUM(E116:T116) -> 10
A117: A.2 | C117: 1. Ir. BASUKI RACHMAD | E117: 1 | F117: 0 | G117: 0 | H117: 0 | I117: 30 | J117: 2 | K117: 0 | L117: 0 | M117: 3 | N117: 2 | O117: 1 | P117: 0 | Q117: 2 | R117: 2 | S117: 0 | U117: =SUM(E117:T117) -> 43
C118: 2. H. VERDIYANTO WELLYA | E118: 0 | F118: 0 | G118: 0 | H118: 0 | I118: 0 | J118: 0 | K118: 0 | L118: 0 | M118: 0 | N118: 0 | O118: 1 | P118: 0 | Q118: 0 | R118: 1 | S118: 0 | T118: 1 | U118: =SUM(E118:T118) -> 3
C119: 3. Hj. LILIK YULIATI, S.A.P. | E119: 0 | F119: 0 | G119: 0 | H119: 0 | I119: 0 | J119: 0 | K119: 1 | L119: 1 | M119: 0 | N119: 0 | O119: 0 | P119: 0 | Q119: 0 | R119: 11 | S119: 0 | T119: 1 | U119: =SUM(E119:T119) -> 14
C120: 4. H. ABDUL HADI, S.Pd.I., M.Pd. | E120: 0 | F120: 0 | G120: 0 | H120: 0 | I120: 1 | J120: 0 | K120: 0 | L120: 0 | M120: 0 | N120: 0 | O120: 0 | P120: 0 | Q120: 0 | R120: 0 | S120: 0 | U120: =SUM(E120:T120) -> 1
...

Sheet BANJARSARI
C2: Kecamatan | D2: GLAGAH
C3: Kabupaten | D3: BANYUWANGI
C4: Provinsi | D4: JAWA TIMUR
C9: Kelurahan | D9: BANJARSARI
A12: I | B12: DATA PEMILIH DAN PENGGUNAAN HAK PILIH | X12: JUMLAH AKHIR
A13: A | B13: DATA PEMILIH | E13: TPS 001 | F13: TPS 002 | G13: TPS 003 | H13: TPS 004 | I13: TPS 005 | J13: TPS 006 | K13: TPS 007 | L13: TPS 008 | M13: TPS 009 | N13: TPS 010 | O13: TPS 011 | P13: TPS 012 | Q13: TPS 013 | R13: TPS 014 | S13: TPS 015 | T13: TPS 016 | U13: TPS 017 | V13: TPS 018 | W13: TPS 019
B14: Jumlah Pemilih dalam Daftar Pemilih Tetap (DPT) | D14: LK | E14: 140 | F14: 149 | G14: 130 | H14: 134 | I14: 135 | J14: 130 | K14: 140 | L14: 132 | M14: 136 | N14: 154 | O14: 124 | P14: 111 | Q14: 113 | R14: 137 | S14: 97 | T14: 116 | U14: 119 | V14: 119 | W14: 135 | X14: =SUM(E14:W14) -> 2451
D15: PR | E15: 154 | F15: 139 | G15: 149 | H15: 149 | I15: 147 | J15: 152 | K15: 146 | L15: 155 | M15: 152 | N15: 144 | O15: 140 | P15: 118 | Q15: 120 | R15: 136 | S15: 114 | T15: 117 | U15: 113 | V15: 124 | W15: 153 | X15: =SUM(E15:W15) -> 2622
D16: JML | E16: =SUM(E14:E15) -> 294 | F16: =SUM(F14:F15) -> 288 | G16: =SUM(G14:G15) -> 279 | H16: =SUM(H14:H15) -> 283 | I16: =SUM(I14:I15) -> 282 | J16: =SUM(J14:J15) -> 282 | K16: =SUM(K14:K15) -> 286 | L16: =SUM(L14:L15) -> 287 | ... W16: =SUM(W14:W15) -> 288 | X16: =SUM(E16:W16) -> 5073
A18: B | B18: PENGGUNA HAK PILIH
B19: 1. | C19: Jumlah pengguna hak pilih dalam Daftar Pemilih Tetap (DPT) | D19: LK | E19: 110 | F19: 108 | G19: 103 | H19: 106 | I19: 108 | J19: 96 | K19: 108 | L19: 83 | M19: 115 | N19: 120 | O19: 101 | P19: 91 | Q19: 92 | R19: 99 | S19: 80 | T19: 87 | U19: 106 | V19: 94 | W19: 100 | X19: =SUM(E19:W19) -> 1907
D20: PR | E20: 125 | F20: 115 | G20: 118 | H20: 107 | I20: 120 | J20: 122 | K20: 132 | L20: 119 | M20: 125 | N20: 117 | O20: 120 | P20: 104 | Q20: 99 | R20: 115 | S20: 95 | T20: 101 | U20: 104 | V20: 105 | W20: 129 | X20: =SUM(E20:W20) -> 2172
D21: JML | E21: =SUM(E19:E20) -> 235 | F21: =SUM(F19:F20) -> 223 | G21: =SUM(G19:G20) -> 221 | H21: =SUM(H19:H20) -> 213 | I21: =SUM(I19:I20) -> 228 | J21: =SUM(J19:J20) -> 218 | K21: =SUM(K19:K20) -> 240 | L21: =SUM(L19:L20) -> 202 | ... W21: =SUM(W19:W20) -> 229 | X21: =SUM(E21:W21) -> 4079
B22: 2. | C22: Jumlah pengguna hak pilih dalam Daftar Pemilih Tambahan (DPTb) | D22: LK | E22: 0 | F22: 0 | G22: 0 | H22: 0 | I22: 0 | J22: 0 | K22: 0 | L22: 0 | M22: 0 | N22: 0 | O22: 0 | P22: 0 | Q22: 0 | R22: 0 | S22: 0 | T22: 0 | U22: 1 | V22: 0 | W22: 1 | X22: =SUM(E22:W22) -> 2
D23: PR | E23: 0 | F23: 0 | G23: 2 | H23: 0 | I23: 0 | J23: 0 | K23: 0 | L23: 0 | M23: 0 | N23: 1 | O23: 1 | P23: 0 | Q23: 1 | R23: 2 | S23: 1 | T23: 0 | U23: 1 | V23: 0 | W23: 2 | X23: =SUM(E23:W23) -> 11
D24: JML | E24: =SUM(E22:E23) -> 0 | F24: =SUM(F22:F23) -> 0 | G24: =SUM(G22:G23) -> 2 | H24: =SUM(H22:H23) -> 0 | I24: =SUM(I22:I23) -> 0 | J24: =SUM(J22:J23) -> 0 | K24: =SUM(K22:K23) -> 0 | L24: =SUM(L22:L23) -> 0 | ... W24: =SUM(W22:W23) -> 3 | X24: =SUM(E24:W24) -> 13
B25: 3. | C25: Jumlah pengguna hak pilih dalam Daftar Pemilih Khusus (DPK) | D25: LK | E25: 1 | F25: 0 | G25: 0 | H25: 0 | I25: 2 | J25: 0 | K25: 3 | L25: 2 | M25: 1 | N25: 3 | O25: 0 | P25: 0 | Q25: 0 | R25: 1 | S25: 2 | T25: 0 | U25: 2 | V25: 0 | W25: 0 | X25: =SUM(E25:W25) -> 17
D26: PR | E26: 1 | F26: 0 | G26: 0 | H26: 1 | I26: 1 | J26: 3 | K26: 2 | L26: 6 | M26: 1 | N26: 2 | O26: 1 | P26: 0 | Q26: 2 | R26: 2 | S26: 3 | T26: 0 | U26: 5 | V26: 1 | W26: 1 | X26: =SUM(E26:W26) -> 32
D27: JML | E27: =SUM(E25:E26) -> 2 | F27: =SUM(F25:F26) -> 0 | G27: =SUM(G25:G26) -> 0 | H27: =SUM(H25:H26) -> 1 | I27: =SUM(I25:I26) -> 3 | J27: =SUM(J25:J26) -> 3 | K27: =SUM(K25:K26) -> 5 | L27: =SUM(L25:L26) -> 8 | ... W27: =SUM(W25:W26) -> 1 | X27: =SUM(E27:W27) -> 49
B28: 4. | C28: Jumlah Pengguna Hak Pilih (B.1+B.2+B.3) | D28: LK | E28: =SUM(E19,E22,E25) -> 111 | F28: =SUM(F19,F22,F25) -> 108 | G28: =SUM(G19,G22,G25) -> 103 | H28: =SUM(H19,H22,H25) -> 106 | I28: =SUM(I19,I22,I25) -> 110 | J28: =SUM(J19,J22,J25) -> 96 | K28: =SUM(K19,K22,K25) -> 111 | L28: =SUM(L19,L22,L25) -> 85 | ... W28: =SUM(W19,W22,W25) -> 101 | X28: =SUM(E28:W28) -> 1926
D29: PR | E29: =SUM(E20,E23,E26) -> 126 | F29: =SUM(F20,F23,F26) -> 115 | G29: =SUM(G20,G23,G26) -> 120 | H29: =SUM(H20,H23,H26) -> 108 | I29: =SUM(I20,I23,I26) -> 121 | J29: =SUM(J20,J23,J26) -> 125 | K29: =SUM(K20,K23,K26) -> 134 | L29: =SUM(L20,L23,L26) -> 125 | ... W29: =SUM(W20,W23,W26) -> 132 | X29: =SUM(E29:W29) -> 2215
D30: JML | E30: =SUM(E28:E29) -> 237 | F30: =SUM(F28:F29) -> 223 | G30: =SUM(G28:G29) -> 223 | H30: =SUM(H28:H29) -> 214 | I30: =SUM(I28:I29) -> 231 | J30: =SUM(J28:J29) -> 221 | K30: =SUM(K28:K29) -> 245 | L30: =SUM(L28:L29) -> 210 | ... W30: =SUM(W28:W29) -> 233 | X30: =SUM(E30:W30) -> 4141
A32: II | B32: DATA PENGGUNAAN SURAT SUARA
A33: 1 | B33: Jumlah surat suara yang diterima, termasuk surat suara cadangan 2% dari DPT | E33: 300 | F33: 294 | G33: 285 | H33: 289 | I33: 288 | J33: 288 | K33: 296 | L33: 293 | M33: 294 | N33: 304 | O33: 270 | P33: 234 | Q33: 238 | R33: 279 | S33: 217 | T33: 238 | U33: 237 | V33: 248 | W33: 294 | X33: =SUM(E33:W33) -> 5186
A34: 2 | B34: Jumlah surat suara yang digunakan | E34: 237 | F34: 223 | G34: 223 | H34: 214 | I34: 231 | J34: 221 | K34: 245 | L34: 210 | M34: 242 | N34: 243 | O34: 223 | P34: 195 | Q34: 194 | R34: 219 | S34: 181 | T34: 188 | U34: 219 | V34: 200 | W34: 233 | X34: =SUM(E34:W34) -> 4141
A35: 3 | B35: Jumlah surat suara dikembalikan oleh pemilih (karena rusak atau keliru coblos) | E35: 0 | F35: 1 | G35: 0 | H35: 0 | I35: 0 | J35: 0 | K35: 0 | L35: 0 | M35: 0 | N35: 0 | O35: 0 | P35: 0 | Q35: 1 | R35: 0 | S35: 0 | T35: 3 | U35: 0 | V35: 0 | W35: 0 | X35: =SUM(E35:W35) -> 5
A36: 4 | B36: Jumlah surat suara yang tidak digunakan/tidak terpakai, termasuk sisa surat suara cadangan | E36: =E33-(E34+E35) -> 63 | F36: =F33-(F34+F35) -> 70 | G36: =G33-(G34+G35) -> 62 | H36: =H33-(H34+H35) -> 75 | I36: =I33-(I34+I35) -> 57 | J36: =J33-(J34+J35) -> 67 | K36: =K33-(K34+K35) -> 51 | L36: =L33-(L34+L35) -> 83 | ... W36: =W33-(W34+W35) -> 61 | X36: =SUM(E36:W36) -> 1040
A38: III | B38: DATA PEMILIH DISABILITAS
B39: Jumlah seluruh Pemilih disabilitas yang menggunakan hak pilih | D39: LK | K39: 2 | L39: 1 | M39: 1 | U39: 1 | X39: =SUM(E39:W39) -> 5
D40: PR | G40: 2 | L40: 2 | X40: =SUM(E40:W40) -> 4
D41: JML | E41: =SUM(E39:E40) -> 0 | F41: =SUM(F39:F40) -> 0 | G41: =SUM(G39:G40) -> 2 | H41: =SUM(H39:H40) -> 0 | I41: =SUM(I39:I40) -> 0 | J41: =SUM(J39:J40) -> 0 | K41: =SUM(K39:K40) -> 2 | L41: =SUM(L39:L40) -> 3 | ... W41: =SUM(W39:W40) -> 0 | X41: =SUM(E41:W41) -> 9
A43: IV | B43: DATA RINCIAN PEROLEHAN SUARA PASANGAN CALON BUPATI DAN WAKIL BUPATI
A44: NOMOR DAN NAMA CALON
A45: A.1 | B45: 1. | C45: Partai Kebangkitan Bangsa | E45: 3 | F45: 1 | G45: 8 | H45: 5 | I45: 2 | J45: 3 | K45: 4 | L45: 1 | M45: 2 | N45: 3 | O45: 6 | P45: 6 | Q45: 5 | R45: 6 | S45: 6 | T45: 2 | U45: 0 | V45: 4 | W45: 2 | X45: =SUM(E45:W45) -> 69
A46: A.2 | C46: 1. ANITA RANI, S.H. | E46: 5 | F46: 5 | G46: 1 | H46: 6 | I46: 1 | J46: 2 | K46: 2 | L46: 1 | M46: 1 | N46: 2 | O46: 3 | P46: 3 | Q46: 4 | R46: 1 | S46: 1 | T46: 1 | U46: 1 | V46: 1 | W46: 2 | X46: =SUM(E46:W46) -> 43
C47: 2. ANISAH MAHSUNAH, S.E. | E47: 4 | F47: 0 | G47: 3 | H47: 0 | I47: 1 | J47: 2 | K47: 2 | L47: 1 | M47: 2 | N47: 1 | O47: 0 | P47: 3 | Q47: 3 | R47: 0 | S47: 0 | T47: 0 | U47: 0 | V47: 0 | W47: 0 | X47: =SUM(E47:W47) -> 22
C48: 3. SENARI, S.Sos. | E48: 1 | F48: 2 | G48: 1 | H48: 11 | I48: 8 | J48: 3 | K48: 5 | L48: 7 | M48: 16 | N48: 4 | O48: 2 | P48: 2 | Q48: 11 | R48: 3 | S48: 3 | T48: 4 | U48: 0 | V48: 0 | W48: 3 | X48: =SUM(E48:W48) -> 86
C49: 4. VERAGAWATI, S.H. | E49: 0 | F49: 0 | G49: 0 | H49: 0 | I49: 0 | J49: 0 | K49: 0 | L49: 0 | M49: 0 | N49: 1 | O49: 0 | P49: 0 | Q49: 0 | R49: 0 | S49: 0 | T49: 0 | U49: 0 | V49: 0 | W49: 0 | X49: =SUM(E49:W49) -> 1
C50: 5. KURDI EHSAN | E50: 0 | F50: 0 | G50: 0 | H50: 1 | I50: 0 | J50: 0 | K50: 0 | L50: 2 | M50: 0 | N50: 1 | O50: 1 | P50: 0 | Q50: 0 | R50: 1 | S50: 0 | T50: 0 | U50: 0 | V50: 0 | W50: 0 | X50: =SUM(E50:W50) -> 6
C51: 6. BONDAN ARDYWIJAYA | E51: 0 | F51: 0 | G51: 0 | H51: 2 | I51: 1 | J51: 8 | K51: 2 | L51: 0 | M51: 1 | N51: 0 | O51: 10 | P51: 16 | Q51: 2 | R51: 0 | S51: 2 | T51: 0 | U51: 0 | V51: 0 | W51: 0 | X51: =SUM(E51:W51) -> 44
A52: B | B52: JUMLAH SUARA SAH PARTAI POLITIK DAN CALON (A1 + A2) | E52: =SUM(E45:E51) -> 13 | F52: =SUM(F45:F51) -> 8 | G52: =SUM(G45:G51) -> 13 | H52: =SUM(H45:H51) -> 25 | I52: =SUM(I45:I51) -> 13 | J52: =SUM(J45:J51) -> 18 | K52: =SUM(K45:K51) -> 15 | L52: =SUM(L45:L51) -> 12 | ... W52: =SUM(W45:W51) -> 7 | X52: =SUM(E52:W52) -> 271
A54: A.1 | B54: 2. | C54: Partai Gerakan Indonesia Raya | E54: 9 | F54: 6 | G54: 7 | H54: 12 | I54: 8 | J54: 5 | K54: 9 | L54: 11 | M54: 10 | N54: 11 | O54: 3 | P54: 0 | Q54: 4 | R54: 10 | S54: 9 | T54: 8 | U54: 3 | V54: 0 | W54: 3 | X54: =SUM(E54:W54) -> 128
A55: A.2 | C55: 1. Ir. H. NAUFAL BADRI | E55: 2 | F55: 1 | G55: 5 | H55: 4 | I55: 2 | J55: 4 | K55: 7 | L55: 5 | M55: 5 | N55: 5 | O55: 1 | P55: 2 | Q55: 2 | R55: 2 | S55: 1 | T55: 4 | U55: 2 | V55: 1 | W55: 3 | X55: =SUM(E55:W55) -> 58
C56: 2. ALI MUSTAUFIQ, S.Pd. | E56: 5 | F56: 4 | G56: 7 | H56: 5 | I56: 4 | J56: 4 | K56: 2 | L56: 8 | M56: 4 | N56: 10 | O56: 0 | P56: 3 | Q56: 3 | R56: 6 | S56: 1 | T56: 5 | U56: 3 | V56: 4 | W56: 0 | X56: =SUM(E56:W56) -> 78
C57: 3. Ir. IRA STEPHANI RAWUNG, M.M. | E57: 1 | F57: 0 | G57: 1 | H57: 3 | I57: 0 | J57: 1 | K57: 2 | L57: 1 | M57: 2 | N57: 0 | O57: 1 | P57: 0 | Q57: 0 | R57: 1 | S57: 1 | T57: 3 | U57: 0 | V57: 1 | W57: 0 | X57: =SUM(E57:W57) -> 18
C58: 4. Hj. LISMIYANA | E58: 0 | F58: 0 | G58: 1 | H58: 2 | I58: 1 | J58: 0 | K58: 1 | L58: 1 | M58: 2 | N58: 2 | O58: 0 | P58: 1 | Q58: 1 | R58: 1 | S58: 0 | T58: 0 | U58: 1 | V58: 0 | W58: 0 | X58: =SUM(E58:W58) -> 14
C59: 5. RIFKI PRIA HARTAWAN USMAN, S.H. | E59: 0 | F59: 1 | G59: 0 | H59: 1 | I59: 0 | J59: 0 | K59: 2 | L59: 0 | M59: 0 | N59: 0 | O59: 3 | P59: 0 | Q59: 0 | R59: 3 | S59: 0 | T59: 3 | U59: 0 | V59: 3 | W59: 10 | X59: =SUM(E59:W59) -> 26
C60: 6. KUNTI MAULIDATAS SAFROH, S.Sos. | E60: 1 | F60: 0 | G60: 1 | H60: 0 | I60: 0 | J60: 0 | K60: 0 | L60: 1 | M60: 0 | N60: 0 | O60: 1 | P60: 0 | Q60: 0 | R60: 0 | S60: 0 | T60: 0 | U60: 0 | V60: 0 | W60: 1 | X60: =SUM(E60:W60) -> 5
A61: B | B61: JUMLAH SUARA SAH PARTAI POLITIK DAN CALON (A1 + A2) | E61: =SUM(E54:E60) -> 18 | F61: =SUM(F54:F60) -> 12 | G61: =SUM(G54:G60) -> 22 | H61: =SUM(H54:H60) -> 27 | I61: =SUM(I54:I60) -> 15 | J61: =SUM(J54:J60) -> 14 | K61: =SUM(K54:K60) -> 23 | L61: =SUM(L54:L60) -> 27 | ... W61: =SUM(W54:W60) -> 17 | X61: =SUM(E61:W61) -> 327
A63: A.1 | B63: 3. | C63: Partai Demokrasi Indonesia Perjuangan | E63: 7 | F63: 6 | G63: 5 | H63: 9 | I63: 9 | J63: 8 | K63: 7 | L63: 6 | M63: 3 | N63: 11 | O63: 9 | P63: 7 | Q63: 3 | R63: 12 | S63: 18 | T63: 12 | U63: 8 | V63: 4 | W63: 12 | X63: =SUM(E63:W63) -> 156
A64: A.2 | C64: 1. TRI SOEDARYONO | E64: 2 | F64: 2 | G64: 3 | H64: 4 | I64: 3 | J64: 3 | K64: 14 | L64: 6 | M64: 3 | N64: 1 | O64: 4 | P64: 4 | Q64: 0 | R64: 10 | S64: 10 | T64: 2 | U64: 5 | V64: 1 | W64: 6 | X64: =SUM(E64:W64) -> 83
C65: 2. HEKSA SOEDARMADI, S.H. | E65: 2 | F65: 2 | G65: 8 | H65: 1 | I65: 1 | J65: 2 | K65: 1 | L65: 3 | M65: 7 | N65: 5 | O65: 2 | P65: 6 | Q65: 1 | R65: 6 | S65: 4 | T65: 23 | U65: 1 | V65: 6 | W65: 4 | X65: =SUM(E65:W65) -> 85
C66: 3. PRAMUDITA MAHARANI SAPUTRI | E66: 7 | F66: 1 | G66: 9 | H66: 9 | I66: 4 | J66: 12 | K66: 4 | L66: 3 | M66: 4 | N66: 7 | O66: 1 | P66: 1 | Q66: 6 | R66: 33 | S66: 28 | T66: 6 | U66: 3 | V66: 9 | W66: 6 | X66: =SUM(E66:W66) -> 153
C67: 4. SLAMET UTOMO | E67: 0 | F67: 2 | G67: 3 | H67: 1 | I67: 2 | J67: 1 | K67: 1 | L67: 0 | M67: 1 | N67: 0 | O67: 0 | P67: 3 | Q67: 0 | R67: 3 | S67: 0 | T67: 0 | U67: 1 | V67: 1 | W67: 0 | X67: =SUM(E67:W67) -> 19
C68: 5. MARCELINUS FLORIANUS GADI GAA | E68: 5 | F68: 6 | G68: 1 | H68: 7 | I68: 0 | J68: 3 | K68: 3 | L68: 3 | M68: 7 | N68: 9 | O68: 1 | P68: 9 | Q68: 1 | R68: 3 | S68: 5 | T68: 2 | U68: 0 | V68: 5 | W68: 5 | X68: =SUM(E68:W68) -> 75
C69: 6. RACHEL PUSPA ANGELIA | E69: 5 | F69: 4 | G69: 11 | H69: 5 | I69: 8 | J69: 4 | K69: 3 | L69: 4 | M69: 5 | N69: 1 | O69: 23 | P69: 48 | Q69: 3 | R69: 1 | S69: 3 | T69: 23 | U69: 6 | V69: 2 | W69: 1 | X69: =SUM(E69:W69) -> 160
A70: B | B70: JUMLAH SUARA SAH PARTAI POLITIK DAN CALON (A1 + A2) | E70: =SUM(E63:E69) -> 28 | F70: =SUM(F63:F69) -> 23 | G70: =SUM(G63:G69) -> 40 | H70: =SUM(H63:H69) -> 36 | I70: =SUM(I63:I69) -> 27 | J70: =SUM(J63:J69) -> 33 | K70: =SUM(K63:K69) -> 33 | L70: =SUM(L63:L69) -> 25 | ... W70: =SUM(W63:W69) -> 34 | X70: =SUM(E70:W70) -> 731
A72: A.1 | B72: 4. | C72: Partai Golongan Karya | E72: 4 | F72: 7 | G72: 8 | H72: 2 | I72: 13 | J72: 7 | K72: 6 | L72: 1 | M72: 1 | N72: 0 | O72: 1 | P72: 2 | Q72: 3 | R72: 7 | S72: 2 | T72: 0 | U72: 11 | V72: 0 | W72: 3 | X72: =SUM(E72:W72) -> 78
A73: A.2 | C73: 1. EVA HESTIYAWATI, S.E. | E73: 0 | F73: 1 | G73: 3 | H73: 2 | I73: 4 | J73: 6 | K73: 1 | L73: 4 | M73: 11 | N73: 2 | O73: 4 | P73: 1 | Q73: 18 | R73: 5 | S73: 12 | T73: 1 | U73: 4 | V73: 4 | W73: 2 | X73: =SUM(E73:W73) -> 85
C74: 2. MAS DWI SONY WIDIANTO | E74: 1 | F74: 1 | G74: 1 | H74: 0 | I74: 0 | J74: 1 | K74: 0 | L74: 0 | M74: 2 | N74: 0 | O74: 0 | P74: 0 | Q74: 1 | R74: 0 | S74: 2 | T74: 0 | U74: 0 | V74: 0 | W74: 0 | X74: =SUM(E74:W74) -> 9
C75: 3. YULIANTO | E75: 0 | F75: 1 | G75: 1 | H75: 0 | I75: 0 | J75: 0 | K75: 0 | L75: 0 | M75: 0 | N75: 1 | O75: 1 | P75: 0 | Q75: 1 | R75: 1 | S75: 0 | T75: 1 | U75: 0 | V75: 0 | W75: 0 | X75: =SUM(E75:W75) -> 7
C76: 4. MOCH. ZAENI, S.H., M.H. | E76: 18 | F76: 42 | G76: 1 | H76: 6 | I76: 58 | J76: 40 | K76: 24 | L76: 7 | M76: 3 | N76: 2 | O76: 0 | P76: 3 | Q76: 2 | R76: 8 | S76: 8 | T76: 8 | U76: 93 | V76: 1 | W76: 0 | X76: =SUM(E76:W76) -> 324
C77: 5. MEGA ANASTASIA CRISTANTY | E77: 0 | F77: 1 | G77: 6 | H77: 0 | I77: 0 | J77: 1 | K77: 0 | L77: 1 | M77: 0 | N77: 0 | O77: 0 | P77: 0 | Q77: 0 | R77: 0 | S77: 0 | T77: 0 | U77: 0 | V77: 0 | W77: 0 | X77: =SUM(E77:W77) -> 9
C78: 6. IMAN SANTOSO, S.E., M.M.H. | E78: 3 | F78: 4 | G78: 0 | H78: 5 | I78: 3 | J78: 0 | K78: 0 | L78: 2 | M78: 2 | N78: 2 | O78: 0 | P78: 0 | Q78: 0 | R78: 0 | S78: 0 | T78: 1 | U78: 1 | V78: 0 | W78: 0 | X78: =SUM(E78:W78) -> 23
A79: B | B79: JUMLAH SUARA SAH PARTAI POLITIK DAN CALON (A1 + A2) | E79: =SUM(E72:E78) -> 26 | F79: =SUM(F72:F78) -> 57 | G79: =SUM(G72:G78) -> 20 | H79: =SUM(H72:H78) -> 15 | I79: =SUM(I72:I78) -> 78 | J79: =SUM(J72:J78) -> 55 | K79: =SUM(K72:K78) -> 31 | L79: =SUM(L72:L78) -> 15 | ... W79: =SUM(W72:W78) -> 5 | X79: =SUM(E79:W79) -> 535
A81: A.1 | B81: 5. | C81: Partai NasDem | E81: 0 | F81: 0 | G81: 1 | H81: 1 | I81: 0 | J81: 0 | K81: 0 | L81: 1 | M81: 1 | N81: 3 | O81: 0 | P81: 0 | Q81: 0 | R81: 0 | S81: 0 | T81: 0 | U81: 0 | V81: 0 | W81: 0 | X81: =SUM(E81:W81) -> 7
A82: A.2 | C82: 1. ZAMRONI, S.H. | E82: 5 | F82: 2 | G82: 6 | H82: 0 | I82: 2 | J82: 4 | K82: 8 | L82: 1 | M82: 2 | N82: 9 | O82: 2 | P82: 3 | Q82: 18 | R82: 2 | S82: 7 | T82: 6 | U82: 2 | V82: 4 | W82: 4 | X82: =SUM(E82:W82) -> 87
C83: 2. AHMAD WIBISONO, S.T. | E83: 3 | F83: 0 | G83: 0 | H83: 1 | I83: 0 | J83: 0 | K83: 0 | L83: 0 | M83: 1 | N83: 1 | O83: 1 | P83: 0 | Q83: 1 | R83: 1 | S83: 1 | T83: 0 | U83: 0 | V83: 0 | W83: 0 | X83: =SUM(E83:W83) -> 10
C84: 3. Dra. EMY TRIASTUTIK, M.M. | E84: 0 | F84: 3 | G84: 1 | H84: 4 | I84: 3 | J84: 3 | K84: 1 | L84: 1 | M84: 1 | N84: 1 | O84: 0 | P84: 0 | Q84: 0 | R84: 0 | S84: 0 | T84: 0 | U84: 0 | V84: 1 | W84: 0 | X84: =SUM(E84:W84) -> 19
C85: 4. PEBDI ARISDIAWAN, S.E. | E85: 0 | F85: 1 | G85: 0 | H85: 0 | I85: 0 | J85: 0 | K85: 0 | L85: 0 | M85: 0 | N85: 1 | O85: 0 | P85: 0 | Q85: 0 | R85: 0 | S85: 0 | T85: 0 | U85: 0 | V85: 0 | W85: 0 | X85: =SUM(E85:W85) -> 2
C86: 5. BERNAT SIPAHUTAR, S.E. | E86: 33 | F86: 50 | G86: 1 | H86: 0 | I86: 1 | J86: 0 | K86: 1 | L86: 1 | M86: 0 | N86: 33 | O86: 0 | P86: 1 | Q86: 1 | R86: 2 | S86: 5 | T86: 1 | U86: 0 | V86: 2 | W86: 1 | X86: =SUM(E86:W86) -> 133
C87: 6. INDAH CATUR CAHYANINGTYAS | E87: 0 | F87: 0 | G87: 0 | H87: 0 | I87: 0 | J87: 0 | K87: 0 | L87: 0 | M87: 3 | N87: 0 | O87: 0 | P87: 0 | Q87: 0 | R87: 0 | S87: 0 | T87: 0 | U87: 0 | V87: 0 | W87: 0 | X87: =SUM(E87:W87) -> 3
A88: B | B88: JUMLAH SUARA SAH PARTAI POLITIK DAN CALON (A1 + A2) | E88: =SUM(E81:E87) -> 41 | F88: =SUM(F81:F87) -> 56 | G88: =SUM(G81:G87) -> 9 | H88: =SUM(H81:H87) -> 6 | I88: =SUM(I81:I87) -> 6 | J88: =SUM(J81:J87) -> 7 | K88: =SUM(K81:K87) -> 10 | L88: =SUM(L81:L87) -> 4 | ... W88: =SUM(W81:W87) -> 5 | X88: =SUM(E88:W88) -> 261
A90: A.1 | B90: 6. | C90: Partai Buruh | E90: 0 | F90: 0 | G90: 0 | H90: 1 | I90: 0 | J90: 0 | K90: 0 | L90: 0 | M90: 1 | N90: 1 | O90: 4 | P90: 0 | Q90: 0 | R90: 0 | S90: 1 | T90: 1 | U90: 0 | V90: 1 | W90: 1 | X90: =SUM(E90:W90) -> 11
A91: A.2 | C91: 1. SULASTRI, S.H. | E91: 2 | F91: 0 | G91: 1 | H91: 0 | I91: 0 | J91: 0 | K91: 0 | L91: 2 | M91: 1 | N91: 1 | O91: 0 | P91: 2 | Q91: 1 | R91: 0 | S91: 0 | T91: 0 | U91: 0 | V91: 0 | W91: 0 | X91: =SUM(E91:W91) -> 10
A92: B | B92: JUMLAH SUARA SAH PARTAI POLITIK DAN CALON (A1 + A2) | E92: =SUM(E90:E91) -> 2 | F92: =SUM(F90:F91) -> 0 | G92: =SUM(G90:G91) -> 1 | H92: =SUM(H90:H91) -> 1 | I92: =SUM(I90:I91) -> 0 | J92: =SUM(J90:J91) -> 0 | K92: =SUM(K90:K91) -> 0 | L92: =SUM(L90:L91) -> 2 | ... W92: =SUM(W90:W91) -> 1 | X92: =SUM(E92:W92) -> 21
A94: A.1 | B94: 7. | C94: Partai Gelombang Rakyat Indonesia | E94: 0 | F94: 2 | G94: 2 | H94: 1 | I94: 0 | J94: 1 | K94: 0 | L94: 1 | M94: 3 | N94: 2 | O94: 0 | P94: 1 | Q94: 1 | R94: 3 | S94: 0 | T94: 3 | U94: 1 | V94: 0 | W94: 1 | X94: =SUM(E94:W94) -> 22
A95: A.2 | C95: 1. H. SUGIARTO, S.E., M.Si. | E95: 0 | F95: 0 | G95: 0 | H95: 5 | I95: 1 | J95: 0 | K95: 4 | L95: 12 | M95: 3 | N95: 9 | O95: 2 | P95: 1 | Q95: 20 | R95: 8 | S95: 10 | T95: 33 | U95: 2 | V95: 0 | W95: 6 | X95: =SUM(E95:W95) -> 116
C96: 2. MUHTAR | E96: 0 | F96: 0 | G96: 0 | H96: 0 | I96: 1 | J96: 1 | K96: 0 | L96: 0 | M96: 0 | N96: 1 | O96: 0 | P96: 0 | Q96: 0 | R96: 0 | S96: 0 | T96: 0 | U96: 0 | V96: 0 | W96: 0 | X96: =SUM(E96:W96) -> 3
C97: 3. UNISSIAWATY | E97: 0 | F97: 0 | G97: 0 | H97: 0 | I97: 0 | J97: 0 | K97: 0 | L97: 0 | M97: 0 | N97: 0 | O97: 0 | P97: 0 | Q97: 0 | R97: 0 | S97: 0 | T97: 0 | U97: 0 | V97: 0 | W97: 0 | X97: =SUM(E97:W97) -> 0
C98: 4. DWI WAHYUDI | E98: 0 | F98: 0 | G98: 0 | H98: 0 | I98: 0 | J98: 0 | K98: 0 | L98: 0 | M98: 0 | N98: 0 | O98: 0 | P98: 0 | Q98: 0 | R98: 0 | S98: 0 | T98: 0 | U98: 0 | V98: 0 | W98: 0 | X98: =SUM(E98:W98) -> 0
C99: 5. ADINA MUTIARA KURNIAWAN, S.T. | E99: 0 | F99: 0 | G99: 3 | H99: 1 | I99: 3 | J99: 1 | K99: 0 | L99: 2 | M99: 0 | N99: 0 | O99: 0 | P99: 0 | Q99: 0 | R99: 0 | S99: 0 | T99: 0 | U99: 0 | V99: 0 | W99: 0 | X99: =SUM(E99:W99) -> 10
C100: 6. FIRMAN ISADI | E100: 0 | F100: 0 | G100: 0 | H100: 0 | I100: 0 | J100: 0 | K100: 0 | L100: 0 | M100: 0 | N100: 0 | O100: 0 | P100: 0 | Q100: 0 | R100: 0 | S100: 0 | T100: 0 | U100: 0 | V100: 0 | W100: 0 | X100: =SUM(E100:W100) -> 0
A101: B | B101: JUMLAH SUARA SAH PARTAI POLITIK DAN CALON (A1 + A2) | E101: =SUM(E94:E100) -> 0 | F101: =SUM(F94:F100) -> 2 | G101: =SUM(G94:G100) -> 5 | H101: =SUM(H94:H100) -> 7 | I101: =SUM(I94:I100) -> 5 | J101: =SUM(J94:J100) -> 3 | K101: =SUM(K94:K100) -> 4 | L101: =SUM(L94:L100) -> 15 | ... W101: =SUM(W94:W100) -> 7 | X101: =SUM(E101:W101) -> 151
A103: A.1 | B103: 8. | C103: Partai Keadilan Sejahtera | E103: 6 | F103: 0 | G103: 1 | H103: 3 | I103: 1 | J103: 1 | K103: 3 | L103: 2 | M103: 2 | N103: 3 | O103: 3 | P103: 2 | Q103: 0 | R103: 0 | S103: 0 | T103: 0 | U103: 0 | V103: 0 | W103: 1 | X103: =SUM(E103:W103) -> 28
A104: A.2 | C104: 1. NENI VIANTIN DIYAH MARTIVA, S.Pd. | E104: 11 | F104: 1 | G104: 4 | H104: 1 | I104: 8 | J104: 2 | K104: 4 | L104: 8 | M104: 6 | N104: 1 | O104: 77 | P104: 5 | Q104: 2 | R104: 0 | S104: 3 | T104: 6 | U104: 8 | V104: 4 | W104: 3 | X104: =SUM(E104:W104) -> 154
C105: 2. RINO AHMAD MURAD | E105: 4 | F105: 0 | G105: 3 | H105: 0 | I105: 1 | J105: 0 | K105: 0 | L105: 1 | M105: 0 | N105: 0 | O105: 0 | P105: 0 | Q105: 0 | R105: 0 | S105: 0 | T105: 0 | U105: 0 | V105: 0 | W105: 0 | X105: =SUM(E105:W105) -> 9
C106: 3. ASROR FAHRUDIN | E106: 1 | F106: 0 | G106: 0 | H106: 0 | I106: 1 | J106: 0 | K106: 0 | L106: 2 | M106: 3 | N106: 0 | O106: 0 | P106: 0 | Q106: 0 | R106: 0 | S106: 0 | T106: 0 | U106: 0 | V106: 0 | W106: 0 | X106: =SUM(E106:W106) -> 7
C107: 4. ABDUL KARIM | E107: 8 | F107: 0 | G107: 8 | H107: 8 | I107: 0 | J107: 0 | K107: 1 | L107: 0 | M107: 0 | N107: 2 | O107: 0 | P107: 0 | Q107: 0 | R107: 0 | S107: 0 | T107: 0 | U107: 0 | V107: 0 | W107: 2 | X107: =SUM(E107:W107) -> 29
C108: 5. ZIA UL HAK, S.H., M.Kn. | E108: 0 | F108: 0 | G108: 0 | H108: 1 | I108: 0 | J108: 0 | K108: 0 | L108: 0 | M108: 1 | N108: 0 | O108: 0 | P108: 0 | Q108: 0 | R108: 0 | S108: 0 | T108: 0 | U108: 0 | V108: 0 | W108: 0 | X108: =SUM(E108:W108) -> 2
C109: 6. MUNA AZ ZAHRA | E109: 1 | F109: 0 | G109: 1 | H109: 0 | I109: 1 | J109: 1 | K109: 3 | L109: 0 | M109: 1 | N109: 0 | O109: 0 | P109: 2 | Q109: 0 | R109: 0 | S109: 1 | T109: 0 | U109: 0 | V109: 0 | W109: 0 | X109: =SUM(E109:W109) -> 11
A110: B | B110: JUMLAH SUARA SAH PARTAI POLITIK DAN CALON (A1 + A2) | E110: =SUM(E103:E109) -> 31 | F110: =SUM(F103:F109) -> 1 | G110: =SUM(G103:G109) -> 17 | H110: =SUM(H103:H109) -> 13 | I110: =SUM(I103:I109) -> 12 | J110: =SUM(J103:J109) -> 4 | K110: =SUM(K103:K109) -> 11 | L110: =SUM(L103:L109) -> 13 | ... W110: =SUM(W103:W109) -> 6 | X110: =SUM(E110:W110) -> 240
A112: A.1 | B112: 9. | C112: Partai Kebangkitan Nusantara | E112: 0 | F112: 0 | G112: 1 | H112: 0 | I112: 0 | J112: 0 | K112: 0 | L112: 0 | M112: 0 | N112: 0 | O112: 0 | P112: 0 | Q112: 0 | R112: 0 | S112: 0 | X112: =SUM(E112:W112) -> 1
A113: A.2 | C113: 1. LILIS SURYANI | E113: 0 | F113: 0 | G113: 0 | H113: 0 | I113: 0 | J113: 0 | K113: 0 | L113: 0 | M113: 0 | N113: 0 | O113: 0 | P113: 0 | Q113: 0 | R113: 0 | S113: 0 | X113: =SUM(E113:W113) -> 0
A114: B | B114: JUMLAH SUARA SAH PARTAI POLITIK DAN CALON (A1 + A2) | E114: =SUM(E112:E113) -> 0 | F114: =SUM(F112:F113) -> 0 | G114: =SUM(G112:G113) -> 1 | H114: =SUM(H112:H113) -> 0 | I114: =SUM(I112:I113) -> 0 | J114: =SUM(J112:J113) -> 0 | K114: =SUM(K112:K113) -> 0 | L114: =SUM(L112:L113) -> 0 | ... W114: =SUM(W112:W113) -> 0 | X114: =SUM(E114:W114) -> 1
A116: A.1 | B116: 10. | C116: Partai Hati Nurani Rakyat | E116: 0 | F116: 0 | G116: 0 | H116: 0 | I116: 0 | J116: 0 | K116: 2 | L116: 0 | M116: 1 | N116: 3 | O116: 1 | P116: 0 | Q116: 1 | R116: 0 | S116: 4 | T116: 0 | U116: 6 | V116: 9 | W116: 6 | X116: =SUM(E116:W116) -> 33
A117: A.2 | C117: 1. Ir. BASUKI RACHMAD | E117: 0 | F117: 1 | G117: 3 | H117: 4 | I117: 0 | J117: 0 | K117: 0 | L117: 0 | M117: 0 | N117: 7 | O117: 4 | P117: 1 | Q117: 7 | R117: 8 | S117: 3 | T117: 0 | U117: 24 | V117: 86 | W117: 87 | X117: =SUM(E117:W117) -> 235
C118: 2. H. VERDIYANTO WELLYA | E118: 0 | F118: 0 | G118: 0 | H118: 4 | I118: 0 | J118: 0 | K118: 2 | L118: 0 | M118: 0 | N118: 0 | O118: 0 | P118: 0 | Q118: 0 | R118: 0 | S118: 0 | T118: 0 | U118: 0 | V118: 0 | W118: 3 | X118: =SUM(E118:W118) -> 9
C119: 3. Hj. LILIK YULIATI, S.A.P. | E119: 0 | F119: 0 | G119: 0 | H119: 0 | I119: 0 | J119: 0 | K119: 8 | L119: 8 | M119: 4 | N119: 21 | O119: 0 | P119: 0 | Q119: 0 | R119: 27 | S119: 0 | T119: 4 | U119: 0 | V119: 0 | W119: 0 | X119: =SUM(E119:W119) -> 72
C120: 4. H. ABDUL HADI, S.Pd.I., M.Pd. | E120: 0 | F120: 0 | G120: 1 | H120: 0 | I120: 0 | J120: 0 | K120: 0 | L120: 0 | M120: 0 | N120: 0 | O120: 0 | P120: 0 | Q120: 0 | R120: 0 | S120: 0 | T120: 0 | U120: 0 | V120: 0 | W120: 0 | X120: =SUM(E120:W120) -> 1
...

Sheet REJOSARI
C2: Kecamatan | D2: GLAGAH
C3: Kabupaten | D3: BANYUWANGI
C4: Provinsi | D4: JAWA TIMUR
C9: Kelurahan | D9: REJOSARI
A12: I | B12: DATA PEMILIH DAN PENGGUNAAN HAK PILIH | N12: JUMLAH AKHIR
A13: A | B13: DATA PEMILIH | E13: TPS 001 | F13: TPS 002 | G13: TPS 003 | H13: TPS 004 | I13: TPS 005 | J13: TPS 006 | K13: TPS 007 | L13: TPS 008 | M13: TPS 009
B14: Jumlah Pemilih dalam Daftar Pemilih Tetap (DPT) | D14: LK | E14: 149 | F14: 125 | G14: 137 | H14: 133 | I14: 133 | J14: 121 | K14: 124 | L14: 126 | M14: 131 | N14: =SUM(E14:M14) -> 1179
D15: PR | E15: 126 | F15: 135 | G15: 127 | H15: 129 | I15: 130 | J15: 145 | K15: 135 | L15: 138 | M15: 127 | N15: =SUM(E15:M15) -> 1192
D16: JML | E16: =SUM(E14:E15) -> 275 | F16: =SUM(F14:F15) -> 260 | G16: =SUM(G14:G15) -> 264 | H16: =SUM(H14:H15) -> 262 | I16: =SUM(I14:I15) -> 263 | J16: =SUM(J14:J15) -> 266 | K16: =SUM(K14:K15) -> 259 | L16: =SUM(L14:L15) -> 264 | M16: =SUM(M14:M15) -> 258 | N16: =SUM(E16:M16) -> 2371
A18: B | B18: PENGGUNA HAK PILIH
B19: 1. | C19: Jumlah pengguna hak pilih dalam Daftar Pemilih Tetap (DPT) | D19: LK | E19: 127 | F19: 108 | G19: 110 | H19: 108 | I19: 106 | J19: 95 | K19: 88 | L19: 105 | M19: 105 | N19: =SUM(E19:M19) -> 952
D20: PR | E20: 113 | F20: 116 | G20: 115 | H20: 108 | I20: 104 | J20: 122 | K20: 111 | L20: 120 | M20: 104 | N20: =SUM(E20:M20) -> 1013
D21: JML | E21: =SUM(E19:E20) -> 240 | F21: =SUM(F19:F20) -> 224 | G21: =SUM(G19:G20) -> 225 | H21: =SUM(H19:H20) -> 216 | I21: =SUM(I19:I20) -> 210 | J21: =SUM(J19:J20) -> 217 | K21: =SUM(K19:K20) -> 199 | L21: =SUM(L19:L20) -> 225 | M21: =SUM(M19:M20) -> 209 | N21: =SUM(E21:M21) -> 1965
B22: 2. | C22: Jumlah pengguna hak pilih dalam Daftar Pemilih Tambahan (DPTb) | D22: LK | E22: 1 | F22: 1 | G22: 2 | H22: 0 | I22: 1 | J22: 1 | K22: 2 | L22: 0 | M22: 1 | N22: =SUM(E22:M22) -> 9
D23: PR | E23: 4 | F23: 1 | G23: 2 | H23: 0 | I23: 1 | J23: 2 | K23: 2 | L23: 0 | M23: 1 | N23: =SUM(E23:M23) -> 13
D24: JML | E24: =SUM(E22:E23) -> 5 | F24: =SUM(F22:F23) -> 2 | G24: =SUM(G22:G23) -> 4 | H24: =SUM(H22:H23) -> 0 | I24: =SUM(I22:I23) -> 2 | J24: =SUM(J22:J23) -> 3 | K24: =SUM(K22:K23) -> 4 | L24: =SUM(L22:L23) -> 0 | M24: =SUM(M22:M23) -> 2 | N24: =SUM(E24:M24) -> 22
B25: 3. | C25: Jumlah pengguna hak pilih dalam Daftar Pemilih Khusus (DPK) | D25: LK | E25: 0 | F25: 0 | G25: 2 | H25: 0 | I25: 1 | J25: 0 | K25: 0 | L25: 0 | M25: 0 | N25: =SUM(E25:M25) -> 3
D26: PR | E26: 1 | F26: 1 | G26: 2 | H26: 0 | I26: 0 | J26: 1 | K26: 1 | L26: 1 | M26: 0 | N26: =SUM(E26:M26) -> 7
D27: JML | E27: =SUM(E25:E26) -> 1 | F27: =SUM(F25:F26) -> 1 | G27: =SUM(G25:G26) -> 4 | H27: =SUM(H25:H26) -> 0 | I27: =SUM(I25:I26) -> 1 | J27: =SUM(J25:J26) -> 1 | K27: =SUM(K25:K26) -> 1 | L27: =SUM(L25:L26) -> 1 | M27: =SUM(M25:M26) -> 0 | N27: =SUM(E27:M27) -> 10
B28: 4. | C28: Jumlah Pengguna Hak Pilih (B.1+B.2+B.3) | D28: LK | E28: =SUM(E19,E22,E25) -> 128 | F28: =SUM(F19,F22,F25) -> 109 | G28: =SUM(G19,G22,G25) -> 114 | H28: =SUM(H19,H22,H25) -> 108 | I28: =SUM(I19,I22,I25) -> 108 | J28: =SUM(J19,J22,J25) -> 96 | K28: =SUM(K19,K22,K25) -> 90 | L28: =SUM(L19,L22,L25) -> 105 | M28: =SUM(M19,M22,M25) -> 106 | N28: =SUM(E28:M28) -> 964
D29: PR | E29: =SUM(E20,E23,E26) -> 118 | F29: =SUM(F20,F23,F26) -> 118 | G29: =SUM(G20,G23,G26) -> 119 | H29: =SUM(H20,H23,H26) -> 108 | I29: =SUM(I20,I23,I26) -> 105 | J29: =SUM(J20,J23,J26) -> 125 | K29: =SUM(K20,K23,K26) -> 114 | L29: =SUM(L20,L23,L26) -> 121 | M29: =SUM(M20,M23,M26) -> 105 | N29: =SUM(E29:M29) -> 1033
D30: JML | E30: =SUM(E28:E29) -> 246 | F30: =SUM(F28:F29) -> 227 | G30: =SUM(G28:G29) -> 233 | H30: =SUM(H28:H29) -> 216 | I30: =SUM(I28:I29) -> 213 | J30: =SUM(J28:J29) -> 221 | K30: =SUM(K28:K29) -> 204 | L30: =SUM(L28:L29) -> 226 | M30: =SUM(M28:M29) -> 211 | N30: =SUM(E30:M30) -> 1997
A32: II | B32: DATA PENGGUNAAN SURAT SUARA
A33: 1 | B33: Jumlah surat suara yang diterima, termasuk surat suara cadangan 2% dari DPT | E33: 281 | F33: 266 | G33: 270 | H33: 268 | I33: 268 | J33: 272 | K33: 265 | L33: 270 | M33: 264 | N33: =SUM(E33:M33) -> 2424
A34: 2 | B34: Jumlah surat suara yang digunakan | E34: 246 | F34: 227 | G34: 233 | H34: 216 | I34: 213 | J34: 221 | K34: 204 | L34: 226 | M34: 211 | N34: =SUM(E34:M34) -> 1997
A35: 3 | B35: Jumlah surat suara dikembalikan oleh pemilih (karena rusak atau keliru coblos) | E35: 1 | F35: 2 | G35: 1 | H35: 0 | I35: 0 | J35: 0 | K35: 0 | L35: 0 | M35: 0 | N35: =SUM(E35:M35) -> 4
A36: 4 | B36: Jumlah surat suara yang tidak digunakan/tidak terpakai, termasuk sisa surat suara cadangan | E36: =E33-(E34+E35) -> 34 | F36: =F33-(F34+F35) -> 37 | G36: =G33-(G34+G35) -> 36 | H36: =H33-(H34+H35) -> 52 | I36: =I33-(I34+I35) -> 55 | J36: =J33-(J34+J35) -> 51 | K36: =K33-(K34+K35) -> 61 | L36: =L33-(L34+L35) -> 44 | M36: =M33-(M34+M35) -> 53 | N36: =SUM(E36:M36) -> 423
A38: III | B38: DATA PEMILIH DISABILITAS
B39: Jumlah seluruh Pemilih disabilitas yang menggunakan hak pilih | D39: LK | E39: 4 | F39: 1 | G39: 1 | K39: 1 | M39: 1 | N39: =SUM(E39:M39) -> 8
D40: PR | E40: 2 | N40: =SUM(E40:M40) -> 2
D41: JML | E41: =SUM(E39:E40) -> 6 | F41: =SUM(F39:F40) -> 1 | G41: =SUM(G39:G40) -> 1 | H41: =SUM(H39:H40) -> 0 | I41: =SUM(I39:I40) -> 0 | J41: =SUM(J39:J40) -> 0 | K41: =SUM(K39:K40) -> 1 | L41: =SUM(L39:L40) -> 0 | M41: =SUM(M39:M40) -> 1 | N41: =SUM(E41:M41) -> 10
A43: IV | B43: DATA RINCIAN PEROLEHAN SUARA PASANGAN CALON BUPATI DAN WAKIL BUPATI
A44: NOMOR DAN NAMA CALON
A45: A.1 | B45: 1. | C45: Partai Kebangkitan Bangsa | E45: 6 | F45: 8 | G45: 7 | H45: 5 | I45: 11 | J45: 6 | K45: 5 | L45: 5 | M45: 3 | N45: =SUM(E45:M45) -> 56
A46: A.2 | C46: 1. ANITA RANI, S.H. | E46: 1 | F46: 8 | G46: 19 | H46: 1 | I46: 0 | J46: 4 | K46: 1 | L46: 6 | M46: 3 | N46: =SUM(E46:M46) -> 43
C47: 2. ANISAH MAHSUNAH, S.E. | E47: 1 | F47: 2 | G47: 5 | H47: 1 | I47: 1 | J47: 1 | K47: 1 | L47: 1 | M47: 1 | N47: =SUM(E47:M47) -> 14
C48: 3. SENARI, S.Sos. | E48: 0 | F48: 0 | G48: 1 | H48: 1 | I48: 0 | J48: 0 | K48: 1 | L48: 0 | M48: 0 | N48: =SUM(E48:M48) -> 3
C49: 4. VERAGAWATI, S.H. | E49: 0 | F49: 0 | G49: 0 | H49: 0 | I49: 0 | J49: 0 | K49: 0 | L49: 0 | M49: 0 | N49: =SUM(E49:M49) -> 0
C50: 5. KURDI EHSAN | E50: 0 | F50: 0 | G50: 0 | H50: 0 | I50: 0 | J50: 0 | K50: 0 | L50: 0 | M50: 0 | N50: =SUM(E50:M50) -> 0
C51: 6. BONDAN ARDYWIJAYA | E51: 0 | F51: 2 | G51: 9 | H51: 2 | I51: 1 | J51: 2 | K51: 16 | L51: 3 | M51: 0 | N51: =SUM(E51:M51) -> 35
A52: B | B52: JUMLAH SUARA SAH PARTAI POLITIK DAN CALON (A1 + A2) | E52: =SUM(E45:E51) -> 8 | F52: =SUM(F45:F51) -> 20 | G52: =SUM(G45:G51) -> 41 | H52: =SUM(H45:H51) -> 10 | I52: =SUM(I45:I51) -> 13 | J52: =SUM(J45:J51) -> 13 | K52: =SUM(K45:K51) -> 24 | L52: =SUM(L45:L51) -> 15 | M52: =SUM(M45:M51) -> 7 | N52: =SUM(E52:M52) -> 151
A54: A.1 | B54: 2. | C54: Partai Gerakan Indonesia Raya | E54: 12 | F54: 8 | G54: 7 | H54: 13 | I54: 9 | J54: 11 | K54: 9 | L54: 13 | M54: 4 | N54: =SUM(E54:M54) -> 86
A55: A.2 | C55: 1. Ir. H. NAUFAL BADRI | E55: 0 | F55: 1 | G55: 4 | H55: 8 | I55: 3 | J55: 4 | K55: 0 | L55: 1 | M55: 2 | N55: =SUM(E55:M55) -> 23
C56: 2. ALI MUSTAUFIQ, S.Pd. | E56: 4 | F56: 0 | G56: 4 | H56: 12 | I56: 5 | J56: 6 | K56: 1 | L56: 0 | M56: 1 | N56: =SUM(E56:M56) -> 33
C57: 3. Ir. IRA STEPHANI RAWUNG, M.M. | E57: 2 | F57: 0 | G57: 1 | H57: 0 | I57: 2 | J57: 1 | K57: 1 | L57: 1 | M57: 1 | N57: =SUM(E57:M57) -> 9
C58: 4. Hj. LISMIYANA | E58: 0 | F58: 1 | G58: 0 | H58: 0 | I58: 0 | J58: 0 | K58: 1 | L58: 1 | M58: 0 | N58: =SUM(E58:M58) -> 3
C59: 5. RIFKI PRIA HARTAWAN USMAN, S.H. | E59: 1 | F59: 1 | G59: 1 | H59: 0 | I59: 0 | J59: 0 | K59: 0 | L59: 0 | M59: 1 | N59: =SUM(E59:M59) -> 4
C60: 6. KUNTI MAULIDATAS SAFROH, S.Sos. | E60: 0 | F60: 0 | G60: 1 | H60: 0 | I60: 0 | J60: 0 | K60: 0 | L60: 0 | M60: 0 | N60: =SUM(E60:M60) -> 1
A61: B | B61: JUMLAH SUARA SAH PARTAI POLITIK DAN CALON (A1 + A2) | E61: =SUM(E54:E60) -> 19 | F61: =SUM(F54:F60) -> 11 | G61: =SUM(G54:G60) -> 18 | H61: =SUM(H54:H60) -> 33 | I61: =SUM(I54:I60) -> 19 | J61: =SUM(J54:J60) -> 22 | K61: =SUM(K54:K60) -> 12 | L61: =SUM(L54:L60) -> 16 | M61: =SUM(M54:M60) -> 9 | N61: =SUM(E61:M61) -> 159
A63: A.1 | B63: 3. | C63: Partai Demokrasi Indonesia Perjuangan | E63: 14 | F63: 6 | G63: 5 | H63: 2 | I63: 0 | J63: 8 | K63: 7 | L63: 7 | M63: 4 | N63: =SUM(E63:M63) -> 53
A64: A.2 | C64: 1. TRI SOEDARYONO | E64: 16 | F64: 2 | G64: 1 | H64: 4 | I64: 1 | J64: 4 | K64: 3 | L64: 3 | M64: 1 | N64: =SUM(E64:M64) -> 35
C65: 2. HEKSA SOEDARMADI, S.H. | E65: 17 | F65: 15 | G65: 4 | H65: 1 | I65: 2 | J65: 1 | K65: 22 | L65: 9 | M65: 6 | N65: =SUM(E65:M65) -> 77
C66: 3. PRAMUDITA MAHARANI SAPUTRI | E66: 1 | F66: 3 | G66: 1 | H66: 0 | I66: 0 | J66: 0 | K66: 4 | L66: 0 | M66: 1 | N66: =SUM(E66:M66) -> 10
C67: 4. SLAMET UTOMO | E67: 0 | F67: 0 | G67: 0 | H67: 0 | I67: 0 | J67: 0 | K67: 0 | L67: 0 | M67: 0 | N67: =SUM(E67:M67) -> 0
C68: 5. MARCELINUS FLORIANUS GADI GAA | E68: 8 | F68: 16 | G68: 6 | H68: 2 | I68: 2 | J68: 4 | K68: 0 | L68: 0 | M68: 0 | N68: =SUM(E68:M68) -> 38
C69: 6. RACHEL PUSPA ANGELIA | E69: 9 | F69: 3 | G69: 3 | H69: 0 | I69: 4 | J69: 4 | K69: 2 | L69: 8 | M69: 3 | N69: =SUM(E69:M69) -> 36
A70: B | B70: JUMLAH SUARA SAH PARTAI POLITIK DAN CALON (A1 + A2) | E70: =SUM(E63:E69) -> 65 | F70: =SUM(F63:F69) -> 45 | G70: =SUM(G63:G69) -> 20 | H70: =SUM(H63:H69) -> 9 | I70: =SUM(I63:I69) -> 9 | J70: =SUM(J63:J69) -> 21 | K70: =SUM(K63:K69) -> 38 | L70: =SUM(L63:L69) -> 27 | M70: =SUM(M63:M69) -> 15 | N70: =SUM(E70:M70) -> 249
A72: A.1 | B72: 4. | C72: Partai Golongan Karya | E72: 1 | F72: 0 | G72: 3 | H72: 1 | I72: 3 | J72: 1 | K72: 2 | L72: 1 | M72: 1 | N72: =SUM(E72:M72) -> 13
A73: A.2 | C73: 1. EVA HESTIYAWATI, S.E. | E73: 2 | F73: 1 | G73: 13 | H73: 4 | I73: 6 | J73: 1 | K73: 0 | L73: 2 | M73: 5 | N73: =SUM(E73:M73) -> 34
C74: 2. MAS DWI SONY WIDIANTO | E74: 1 | F74: 0 | G74: 0 | H74: 0 | I74: 0 | J74: 0 | K74: 0 | L74: 0 | M74: 1 | N74: =SUM(E74:M74) -> 2
C75: 3. YULIANTO | E75: 0 | F75: 0 | G75: 0 | H75: 0 | I75: 0 | J75: 0 | K75: 0 | L75: 1 | M75: 0 | N75: =SUM(E75:M75) -> 1
C76: 4. MOCH. ZAENI, S.H., M.H. | E76: 2 | F76: 0 | G76: 13 | H76: 7 | I76: 2 | J76: 2 | K76: 6 | L76: 5 | M76: 0 | N76: =SUM(E76:M76) -> 37
C77: 5. MEGA ANASTASIA CRISTANTY | E77: 0 | F77: 0 | G77: 0 | H77: 0 | I77: 0 | J77: 1 | K77: 0 | L77: 0 | M77: 1 | N77: =SUM(E77:M77) -> 2
C78: 6. IMAN SANTOSO, S.E., M.M.H. | E78: 0 | F78: 0 | G78: 1 | H78: 0 | I78: 0 | J78: 0 | K78: 0 | L78: 0 | M78: 0 | N78: =SUM(E78:M78) -> 1
A79: B | B79: JUMLAH SUARA SAH PARTAI POLITIK DAN CALON (A1 + A2) | E79: =SUM(E72:E78) -> 6 | F79: =SUM(F72:F78) -> 1 | G79: =SUM(G72:G78) -> 30 | H79: =SUM(H72:H78) -> 12 | I79: =SUM(I72:I78) -> 11 | J79: =SUM(J72:J78) -> 5 | K79: =SUM(K72:K78) -> 8 | L79: =SUM(L72:L78) -> 9 | M79: =SUM(M72:M78) -> 8 | N79: =SUM(E79:M79) -> 90
A81: A.1 | B81: 5. | C81: Partai NasDem | E81: 1 | F81: 0 | G81: 0 | H81: 0 | I81: 0 | J81: 0 | K81: 0 | L81: 1 | M81: 0 | N81: =SUM(E81:M81) -> 2
A82: A.2 | C82: 1. ZAMRONI, S.H. | E82: 18 | F82: 7 | G82: 11 | H82: 24 | I82: 20 | J82: 30 | K82: 3 | L82: 9 | M82: 23 | N82: =SUM(E82:M82) -> 145
C83: 2. AHMAD WIBISONO, S.T. | E83: 0 | F83: 0 | G83: 0 | H83: 0 | I83: 0 | J83: 0 | K83: 1 | L83: 0 | M83: 0 | N83: =SUM(E83:M83) -> 1
C84: 3. Dra. EMY TRIASTUTIK, M.M. | E84: 1 | F84: 0 | G84: 0 | H84: 0 | I84: 0 | J84: 0 | K84: 0 | L84: 0 | M84: 0 | N84: =SUM(E84:M84) -> 1
C85: 4. PEBDI ARISDIAWAN, S.E. | E85: 0 | F85: 0 | G85: 0 | H85: 0 | I85: 0 | J85: 0 | K85: 0 | L85: 0 | M85: 0 | N85: =SUM(E85:M85) -> 0
C86: 5. BERNAT SIPAHUTAR, S.E. | E86: 36 | F86: 0 | G86: 2 | H86: 3 | I86: 2 | J86: 1 | K86: 0 | L86: 1 | M86: 0 | N86: =SUM(E86:M86) -> 45
C87: 6. INDAH CATUR CAHYANINGTYAS | E87: 0 | F87: 0 | G87: 0 | H87: 0 | I87: 0 | J87: 0 | K87: 0 | L87: 0 | M87: 0 | N87: =SUM(E87:M87) -> 0
A88: B | B88: JUMLAH SUARA SAH PARTAI POLITIK DAN CALON (A1 + A2) | E88: =SUM(E81:E87) -> 56 | F88: =SUM(F81:F87) -> 7 | G88: =SUM(G81:G87) -> 13 | H88: =SUM(H81:H87) -> 27 | I88: =SUM(I81:I87) -> 22 | J88: =SUM(J81:J87) -> 31 | K88: =SUM(K81:K87) -> 4 | L88: =SUM(L81:L87) -> 11 | M88: =SUM(M81:M87) -> 23 | N88: =SUM(E88:M88) -> 194
A90: A.1 | B90: 6. | C90: Partai Buruh | E90: 0 | F90: 1 | G90: 3 | H90: 2 | I90: 2 | J90: 1 | K90: 0 | L90: 3 | M90: 0 | N90: =SUM(E90:M90) -> 12
A91: A.2 | C91: 1. SULASTRI, S.H. | E91: 1 | F91: 0 | G91: 0 | H91: 0 | I91: 2 | J91: 0 | K91: 1 | L91: 0 | M91: 0 | N91: =SUM(E91:M91) -> 4
A92: B | B92: JUMLAH SUARA SAH PARTAI POLITIK DAN CALON (A1 + A2) | E92: =SUM(E90:E91) -> 1 | F92: =SUM(F90:F91) -> 1 | G92: =SUM(G90:G91) -> 3 | H92: =SUM(H90:H91) -> 2 | I92: =SUM(I90:I91) -> 4 | J92: =SUM(J90:J91) -> 1 | K92: =SUM(K90:K91) -> 1 | L92: =SUM(L90:L91) -> 3 | M92: =SUM(M90:M91) -> 0 | N92: =SUM(E92:M92) -> 16
A94: A.1 | B94: 7. | C94: Partai Gelombang Rakyat Indonesia | E94: 9 | F94: 1 | G94: 1 | H94: 2 | I94: 1 | J94: 3 | K94: 1 | L94: 0 | M94: 0 | N94: =SUM(E94:M94) -> 18
A95: A.2 | C95: 1. H. SUGIARTO, S.E., M.Si. | E95: 12 | F95: 5 | G95: 0 | H95: 7 | I95: 2 | J95: 7 | K95: 6 | L95: 5 | M95: 1 | N95: =SUM(E95:M95) -> 45
C96: 2. MUHTAR | E96: 1 | F96: 0 | G96: 0 | H96: 0 | I96: 0 | J96: 0 | K96: 0 | L96: 0 | M96: 0 | N96: =SUM(E96:M96) -> 1
C97: 3. UNISSIAWATY | E97: 0 | F97: 0 | G97: 0 | H97: 0 | I97: 0 | J97: 0 | K97: 0 | L97: 0 | M97: 0 | N97: =SUM(E97:M97) -> 0
C98: 4. DWI WAHYUDI | E98: 0 | F98: 0 | G98: 0 | H98: 0 | I98: 0 | J98: 0 | K98: 0 | L98: 0 | M98: 0 | N98: =SUM(E98:M98) -> 0
C99: 5. ADINA MUTIARA KURNIAWAN, S.T. | E99: 4 | F99: 0 | G99: 0 | H99: 0 | I99: 0 | J99: 1 | K99: 0 | L99: 2 | M99: 0 | N99: =SUM(E99:M99) -> 7
C100: 6. FIRMAN ISADI | E100: 0 | F100: 0 | G100: 0 | H100: 0 | I100: 0 | J100: 0 | K100: 0 | L100: 1 | M100: 0 | N100: =SUM(E100:M100) -> 1
A101: B | B101: JUMLAH SUARA SAH PARTAI POLITIK DAN CALON (A1 + A2) | E101: =SUM(E94:E100) -> 26 | F101: =SUM(F94:F100) -> 6 | G101: =SUM(G94:G100) -> 1 | H101: =SUM(H94:H100) -> 9 | I101: =SUM(I94:I100) -> 3 | J101: =SUM(J94:J100) -> 11 | K101: =SUM(K94:K100) -> 7 | L101: =SUM(L94:L100) -> 8 | M101: =SUM(M94:M100) -> 1 | N101: =SUM(E101:M101) -> 72
A103: A.1 | B103: 8. | C103: Partai Keadilan Sejahtera | E103: 5 | F103: 15 | G103: 5 | H103: 5 | I103: 14 | J103: 1 | K103: 4 | L103: 13 | M103: 11 | N103: =SUM(E103:M103) -> 73
A104: A.2 | C104: 1. NENI VIANTIN DIYAH MARTIVA, S.Pd. | E104: 18 | F104: 55 | G104: 37 | H104: 39 | I104: 50 | J104: 32 | K104: 59 | L104: 95 | M104: 118 | N104: =SUM(E104:M104) -> 503
C105: 2. RINO AHMAD MURAD | E105: 0 | F105: 3 | G105: 0 | H105: 0 | I105: 2 | J105: 1 | K105: 1 | L105: 0 | M105: 1 | N105: =SUM(E105:M105) -> 8
C106: 3. ASROR FAHRUDIN | E106: 0 | F106: 1 | G106: 1 | H106: 1 | I106: 0 | J106: 0 | K106: 0 | L106: 0 | M106: 0 | N106: =SUM(E106:M106) -> 3
C107: 4. ABDUL KARIM | E107: 0 | F107: 0 | G107: 0 | H107: 1 | I107: 0 | J107: 4 | K107: 1 | L107: 0 | M107: 0 | N107: =SUM(E107:M107) -> 6
C108: 5. ZIA UL HAK, S.H., M.Kn. | E108: 0 | F108: 1 | G108: 0 | H108: 0 | I108: 0 | J108: 0 | K108: 0 | L108: 0 | M108: 0 | N108: =SUM(E108:M108) -> 1
C109: 6. MUNA AZ ZAHRA | E109: 0 | F109: 5 | G109: 0 | H109: 0 | I109: 0 | J109: 1 | K109: 1 | L109: 0 | M109: 0 | N109: =SUM(E109:M109) -> 7
A110: B | B110: JUMLAH SUARA SAH PARTAI POLITIK DAN CALON (A1 + A2) | E110: =SUM(E103:E109) -> 23 | F110: =SUM(F103:F109) -> 80 | G110: =SUM(G103:G109) -> 43 | H110: =SUM(H103:H109) -> 46 | I110: =SUM(I103:I109) -> 66 | J110: =SUM(J103:J109) -> 39 | K110: =SUM(K103:K109) -> 66 | L110: =SUM(L103:L109) -> 108 | M110: =SUM(M103:M109) -> 130 | N110: =SUM(E110:M110) -> 601
A112: A.1 | B112: 9. | C112: Partai Kebangkitan Nusantara | N112: =SUM(E112:M112) -> 0
A113: A.2 | C113: 1. LILIS SURYANI | N113: =SUM(E113:M113) -> 0
A114: B | B114: JUMLAH SUARA SAH PARTAI POLITIK DAN CALON (A1 + A2) | E114: =SUM(E112:E113) -> 0 | F114: =SUM(F112:F113) -> 0 | G114: =SUM(G112:G113) -> 0 | H114: =SUM(H112:H113) -> 0 | I114: =SUM(I112:I113) -> 0 | J114: =SUM(J112:J113) -> 0 | K114: =SUM(K112:K113) -> 0 | L114: =SUM(L112:L113) -> 0 | M114: =SUM(M112:M113) -> 0 | N114: =SUM(E114:M114) -> 0
A116: A.1 | B116: 10. | C116: Partai Hati Nurani Rakyat | E116: 2 | F116: 2 | G116: 2 | H116: 0 | I116: 1 | J116: 4 | K116: 1 | L116: 0 | M116: 0 | N116: =SUM(E116:M116) -> 12
A117: A.2 | C117: 1. Ir. BASUKI RACHMAD | E117: 10 | F117: 23 | G117: 13 | H117: 12 | I117: 6 | J117: 12 | K117: 14 | L117: 6 | M117: 0 | N117: =SUM(E117:M117) -> 96
C118: 2. H. VERDIYANTO WELLYA | E118: 0 | F118: 0 | G118: 0 | H118: 0 | I118: 0 | J118: 0 | K118: 0 | L118: 0 | M118: 0 | N118: =SUM(E118:M118) -> 0
C119: 3. Hj. LILIK YULIATI, S.A.P. | E119: 0 | F119: 8 | G119: 0 | H119: 0 | I119: 0 | J119: 0 | K119: 2 | L119: 0 | M119: 0 | N119: =SUM(E119:M119) -> 10
C120: 4. H. ABDUL HADI, S.Pd.I., M.Pd. | E120: 0 | F120: 0 | G120: 0 | H120: 1 | I120: 0 | J120: 0 | K120: 0 | L120: 0 | M120: 0 | N120: =SUM(E120:M120) -> 1
...

Sheet KEMIREN
C2: Kecamatan | D2: GLAGAH
C3: Kabupaten | D3: BANYUWANGI
C4: Provinsi | D4: JAWA TIMUR
C9: Kelurahan | D9: KEMIREN
A12: I | B12: DATA PEMILIH DAN PENGGUNAAN HAK PILIH | M12: JUMLAH AKHIR
A13: A | B13: DATA PEMILIH | E13: TPS 001 | F13: TPS 002 | G13: TPS 003 | H13: TPS 004 | I13: TPS 005 | J13: TPS 006 | K13: TPS 007 | L13: TPS 008
B14: Jumlah Pemilih dalam Daftar Pemilih Tetap (DPT) | D14: LK | E14: 128 | F14: 118 | G14: 115 | H14: 119 | I14: 121 | J14: 126 | K14: 121 | L14: 133 | M14: =SUM(E14:L14) -> 981
D15: PR | E15: 141 | F15: 135 | G15: 137 | H15: 143 | I15: 133 | J15: 135 | K15: 137 | L15: 126 | M15: =SUM(E15:L15) -> 1087
D16: JML | E16: =SUM(E14:E15) -> 269 | F16: =SUM(F14:F15) -> 253 | G16: =SUM(G14:G15) -> 252 | H16: =SUM(H14:H15) -> 262 | I16: =SUM(I14:I15) -> 254 | J16: =SUM(J14:J15) -> 261 | K16: =SUM(K14:K15) -> 258 | L16: =SUM(L14:L15) -> 259 | M16: =SUM(E16:L16) -> 2068
A18: B | B18: PENGGUNA HAK PILIH
B19: 1. | C19: Jumlah pengguna hak pilih dalam Daftar Pemilih Tetap (DPT) | D19: LK | E19: 114 | F19: 106 | G19: 99 | H19: 111 | I19: 111 | J19: 116 | K19: 108 | L19: 104 | M19: =SUM(E19:L19) -> 869
D20: PR | E20: 130 | F20: 128 | G20: 123 | H20: 131 | I20: 117 | J20: 128 | K20: 123 | L20: 118 | M20: =SUM(E20:L20) -> 998
D21: JML | E21: =SUM(E19:E20) -> 244 | F21: =SUM(F19:F20) -> 234 | G21: =SUM(G19:G20) -> 222 | H21: =SUM(H19:H20) -> 242 | I21: =SUM(I19:I20) -> 228 | J21: =SUM(J19:J20) -> 244 | K21: =SUM(K19:K20) -> 231 | L21: =SUM(L19:L20) -> 222 | M21: =SUM(E21:L21) -> 1867
B22: 2. | C22: Jumlah pengguna hak pilih dalam Daftar Pemilih Tambahan (DPTb) | D22: LK | E22: 2 | F22: 1 | G22: 0 | H22: 2 | I22: 0 | J22: 0 | K22: 1 | L22: 2 | M22: =SUM(E22:L22) -> 8
D23: PR | E23: 1 | F23: 0 | G23: 2 | H23: 0 | I23: 0 | J23: 1 | K23: 1 | L23: 2 | M23: =SUM(E23:L23) -> 7
D24: JML | E24: =SUM(E22:E23) -> 3 | F24: =SUM(F22:F23) -> 1 | G24: =SUM(G22:G23) -> 2 | H24: =SUM(H22:H23) -> 2 | I24: =SUM(I22:I23) -> 0 | J24: =SUM(J22:J23) -> 1 | K24: =SUM(K22:K23) -> 2 | L24: =SUM(L22:L23) -> 4 | M24: =SUM(E24:L24) -> 15
B25: 3. | C25: Jumlah pengguna hak pilih dalam Daftar Pemilih Khusus (DPK) | D25: LK | E25: 0 | F25: 0 | G25: 0 | H25: 0 | I25: 0 | J25: 0 | K25: 0 | L25: 0 | M25: =SUM(E25:L25) -> 0
D26: PR | E26: 0 | F26: 0 | G26: 0 | H26: 0 | I26: 0 | J26: 0 | K26: 1 | L26: 0 | M26: =SUM(E26:L26) -> 1
D27: JML | E27: =SUM(E25:E26) -> 0 | F27: =SUM(F25:F26) -> 0 | G27: =SUM(G25:G26) -> 0 | H27: =SUM(H25:H26) -> 0 | I27: =SUM(I25:I26) -> 0 | J27: =SUM(J25:J26) -> 0 | K27: =SUM(K25:K26) -> 1 | L27: =SUM(L25:L26) -> 0 | M27: =SUM(E27:L27) -> 1
B28: 4. | C28: Jumlah Pengguna Hak Pilih (B.1+B.2+B.3) | D28: LK | E28: =SUM(E19,E22,E25) -> 116 | F28: =SUM(F19,F22,F25) -> 107 | G28: =SUM(G19,G22,G25) -> 99 | H28: =SUM(H19,H22,H25) -> 113 | I28: =SUM(I19,I22,I25) -> 111 | J28: =SUM(J19,J22,J25) -> 116 | K28: =SUM(K19,K22,K25) -> 109 | L28: =SUM(L19,L22,L25) -> 106 | M28: =SUM(E28:L28) -> 877
D29: PR | E29: =SUM(E20,E23,E26) -> 131 | F29: =SUM(F20,F23,F26) -> 128 | G29: =SUM(G20,G23,G26) -> 125 | H29: =SUM(H20,H23,H26) -> 131 | I29: =SUM(I20,I23,I26) -> 117 | J29: =SUM(J20,J23,J26) -> 129 | K29: =SUM(K20,K23,K26) -> 125 | L29: =SUM(L20,L23,L26) -> 120 | M29: =SUM(E29:L29) -> 1006
D30: JML | E30: =SUM(E28:E29) -> 247 | F30: =SUM(F28:F29) -> 235 | G30: =SUM(G28:G29) -> 224 | H30: =SUM(H28:H29) -> 244 | I30: =SUM(I28:I29) -> 228 | J30: =SUM(J28:J29) -> 245 | K30: =SUM(K28:K29) -> 234 | L30: =SUM(L28:L29) -> 226 | M30: =SUM(E30:L30) -> 1883
A32: II | B32: DATA PENGGUNAAN SURAT SUARA
A33: 1 | B33: Jumlah surat suara yang diterima, termasuk surat suara cadangan 2% dari DPT | E33: 275 | F33: 259 | G33: 258 | H33: 268 | I33: 260 | J33: 267 | K33: 264 | L33: 265 | M33: =SUM(E33:L33) -> 2116
A34: 2 | B34: Jumlah surat suara yang digunakan | E34: 247 | F34: 235 | G34: 224 | H34: 244 | I34: 228 | J34: 245 | K34: 234 | L34: 226 | M34: =SUM(E34:L34) -> 1883
A35: 3 | B35: Jumlah surat suara dikembalikan oleh pemilih (karena rusak atau keliru coblos) | E35: 0 | F35: 0 | G35: 0 | H35: 0 | I35: 0 | J35: 0 | K35: 0 | L35: 0 | M35: =SUM(E35:L35) -> 0
A36: 4 | B36: Jumlah surat suara yang tidak digunakan/tidak terpakai, termasuk sisa surat suara cadangan | E36: =E33-(E34+E35) -> 28 | F36: =F33-(F34+F35) -> 24 | G36: =G33-(G34+G35) -> 34 | H36: =H33-(H34+H35) -> 24 | I36: =I33-(I34+I35) -> 32 | J36: =J33-(J34+J35) -> 22 | K36: =K33-(K34+K35) -> 30 | L36: =L33-(L34+L35) -> 39 | M36: =SUM(E36:L36) -> 233
A38: III | B38: DATA PEMILIH DISABILITAS
B39: Jumlah seluruh Pemilih disabilitas yang menggunakan hak pilih | D39: LK | M39: =SUM(E39:L39) -> 0
D40: PR | M40: =SUM(E40:L40) -> 0
D41: JML | E41: =SUM(E39:E40) -> 0 | F41: =SUM(F39:F40) -> 0 | G41: =SUM(G39:G40) -> 0 | H41: =SUM(H39:H40) -> 0 | I41: =SUM(I39:I40) -> 0 | J41: =SUM(J39:J40) -> 0 | K41: =SUM(K39:K40) -> 0 | L41: =SUM(L39:L40) -> 0 | M41: =SUM(E41:L41) -> 0
A43: IV | B43: DATA RINCIAN PEROLEHAN SUARA PASANGAN CALON BUPATI DAN WAKIL BUPATI
A44: NOMOR DAN NAMA CALON
A45: A.1 | B45: 1. | C45: Partai Kebangkitan Bangsa | E45: 2 | F45: 3 | G45: 9 | H45: 6 | I45: 9 | J45: 7 | K45: 4 | L45: 2 | M45: =SUM(E45:L45) -> 42
A46: A.2 | C46: 1. ANITA RANI, S.H. | E46: 2 | F46: 3 | G46: 19 | H46: 4 | I46: 2 | J46: 1 | K46: 4 | L46: 0 | M46: =SUM(E46:L46) -> 35
C47: 2. ANISAH MAHSUNAH, S.E. | E47: 2 | F47: 1 | G47: 3 | H47: 1 | I47: 2 | J47: 0 | K47: 3 | L47: 4 | M47: =SUM(E47:L47) -> 16
C48: 3. SENARI, S.Sos. | E48: 12 | F48: 7 | G48: 37 | H48: 22 | I48: 20 | J48: 9 | K48: 6 | L48: 1 | M48: =SUM(E48:L48) -> 114
C49: 4. VERAGAWATI, S.H. | E49: 0 | F49: 0 | G49: 0 | H49: 0 | I49: 0 | J49: 0 | K49: 0 | L49: 0 | M49: =SUM(E49:L49) -> 0
C50: 5. KURDI EHSAN | E50: 1 | F50: 0 | G50: 0 | H50: 0 | I50: 0 | J50: 0 | K50: 0 | L50: 0 | M50: =SUM(E50:L50) -> 1
C51: 6. BONDAN ARDYWIJAYA | E51: 0 | F51: 0 | G51: 2 | H51: 0 | I51: 0 | J51: 1 | K51: 2 | L51: 0 | M51: =SUM(E51:L51) -> 5
A52: B | B52: JUMLAH SUARA SAH PARTAI POLITIK DAN CALON (A1 + A2) | E52: =SUM(E45:E51) -> 19 | F52: =SUM(F45:F51) -> 14 | G52: =SUM(G45:G51) -> 70 | H52: =SUM(H45:H51) -> 33 | I52: =SUM(I45:I51) -> 33 | J52: =SUM(J45:J51) -> 18 | K52: =SUM(K45:K51) -> 19 | L52: =SUM(L45:L51) -> 7 | M52: =SUM(E52:L52) -> 213
A54: A.1 | B54: 2. | C54: Partai Gerakan Indonesia Raya | E54: 5 | F54: 5 | G54: 4 | H54: 3 | I54: 5 | J54: 8 | K54: 9 | L54: 12 | M54: =SUM(E54:L54) -> 51
A55: A.2 | C55: 1. Ir. H. NAUFAL BADRI | E55: 6 | F55: 2 | G55: 0 | H55: 3 | I55: 2 | J55: 3 | K55: 0 | L55: 8 | M55: =SUM(E55:L55) -> 24
C56: 2. ALI MUSTAUFIQ, S.Pd. | E56: 4 | F56: 4 | G56: 7 | H56: 3 | I56: 0 | J56: 6 | K56: 1 | L56: 2 | M56: =SUM(E56:L56) -> 27
C57: 3. Ir. IRA STEPHANI RAWUNG, M.M. | E57: 0 | F57: 0 | G57: 1 | H57: 0 | I57: 0 | J57: 1 | K57: 1 | L57: 0 | M57: =SUM(E57:L57) -> 3
C58: 4. Hj. LISMIYANA | E58: 0 | F58: 1 | G58: 0 | H58: 1 | I58: 0 | J58: 0 | K58: 1 | L58: 0 | M58: =SUM(E58:L58) -> 3
C59: 5. RIFKI PRIA HARTAWAN USMAN, S.H. | E59: 0 | F59: 0 | G59: 0 | H59: 0 | I59: 0 | J59: 0 | K59: 0 | L59: 0 | M59: =SUM(E59:L59) -> 0
C60: 6. KUNTI MAULIDATAS SAFROH, S.Sos. | E60: 0 | F60: 0 | G60: 0 | H60: 0 | I60: 0 | J60: 0 | K60: 0 | L60: 0 | M60: =SUM(E60:L60) -> 0
A61: B | B61: JUMLAH SUARA SAH PARTAI POLITIK DAN CALON (A1 + A2) | E61: =SUM(E54:E60) -> 15 | F61: =SUM(F54:F60) -> 12 | G61: =SUM(G54:G60) -> 12 | H61: =SUM(H54:H60) -> 10 | I61: =SUM(I54:I60) -> 7 | J61: =SUM(J54:J60) -> 18 | K61: =SUM(K54:K60) -> 12 | L61: =SUM(L54:L60) -> 22 | M61: =SUM(E61:L61) -> 108
A63: A.1 | B63: 3. | C63: Partai Demokrasi Indonesia Perjuangan | E63: 19 | F63: 11 | G63: 11 | H63: 5 | I63: 9 | J63: 25 | K63: 17 | L63: 13 | M63: =SUM(E63:L63) -> 110
A64: A.2 | C64: 1. TRI SOEDARYONO | E64: 1 | F64: 2 | G64: 3 | H64: 1 | I64: 1 | J64: 4 | K64: 3 | L64: 4 | M64: =SUM(E64:L64) -> 19
C65: 2. HEKSA SOEDARMADI, S.H. | E65: 3 | F65: 1 | G65: 1 | H65: 0 | I65: 3 | J65: 3 | K65: 2 | L65: 2 | M65: =SUM(E65:L65) -> 15
C66: 3. PRAMUDITA MAHARANI SAPUTRI | E66: 11 | F66: 7 | G66: 13 | H66: 11 | I66: 14 | J66: 15 | K66: 20 | L66: 24 | M66: =SUM(E66:L66) -> 115
C67: 4. SLAMET UTOMO | E67: 2 | F67: 1 | G67: 0 | H67: 0 | I67: 2 | J67: 0 | K67: 1 | L67: 1 | M67: =SUM(E67:L67) -> 7
C68: 5. MARCELINUS FLORIANUS GADI GAA | E68: 14 | F68: 1 | G68: 1 | H68: 2 | I68: 2 | J68: 6 | K68: 28 | L68: 5 | M68: =SUM(E68:L68) -> 59
C69: 6. RACHEL PUSPA ANGELIA | E69: 0 | F69: 3 | G69: 3 | H69: 1 | I69: 2 | J69: 0 | K69: 2 | L69: 0 | M69: =SUM(E69:L69) -> 11
A70: B | B70: JUMLAH SUARA SAH PARTAI POLITIK DAN CALON (A1 + A2) | E70: =SUM(E63:E69) -> 50 | F70: =SUM(F63:F69) -> 26 | G70: =SUM(G63:G69) -> 32 | H70: =SUM(H63:H69) -> 20 | I70: =SUM(I63:I69) -> 33 | J70: =SUM(J63:J69) -> 53 | K70: =SUM(K63:K69) -> 73 | L70: =SUM(L63:L69) -> 49 | M70: =SUM(E70:L70) -> 336
A72: A.1 | B72: 4. | C72: Partai Golongan Karya | E72: 2 | F72: 1 | G72: 3 | H72: 9 | I72: 14 | J72: 1 | K72: 1 | L72: 2 | M72: =SUM(E72:L72) -> 33
A73: A.2 | C73: 1. EVA HESTIYAWATI, S.E. | E73: 2 | F73: 3 | G73: 3 | H73: 14 | I73: 32 | J73: 4 | K73: 4 | L73: 4 | M73: =SUM(E73:L73) -> 66
C74: 2. MAS DWI SONY WIDIANTO | E74: 1 | F74: 3 | G74: 0 | H74: 0 | I74: 0 | J74: 2 | K74: 0 | L74: 0 | M74: =SUM(E74:L74) -> 6
C75: 3. YULIANTO | E75: 1 | F75: 2 | G75: 0 | H75: 1 | I75: 0 | J75: 0 | K75: 0 | L75: 0 | M75: =SUM(E75:L75) -> 4
C76: 4. MOCH. ZAENI, S.H., M.H. | E76: 14 | F76: 2 | G76: 0 | H76: 18 | I76: 14 | J76: 3 | K76: 1 | L76: 19 | M76: =SUM(E76:L76) -> 71
C77: 5. MEGA ANASTASIA CRISTANTY | E77: 0 | F77: 1 | G77: 1 | H77: 0 | I77: 0 | J77: 0 | K77: 1 | L77: 0 | M77: =SUM(E77:L77) -> 3
C78: 6. IMAN SANTOSO, S.E., M.M.H. | E78: 0 | F78: 0 | G78: 0 | H78: 0 | I78: 0 | J78: 0 | K78: 0 | L78: 0 | M78: =SUM(E78:L78) -> 0
A79: B | B79: JUMLAH SUARA SAH PARTAI POLITIK DAN CALON (A1 + A2) | E79: =SUM(E72:E78) -> 20 | F79: =SUM(F72:F78) -> 12 | G79: =SUM(G72:G78) -> 7 | H79: =SUM(H72:H78) -> 42 | I79: =SUM(I72:I78) -> 60 | J79: =SUM(J72:J78) -> 10 | K79: =SUM(K72:K78) -> 7 | L79: =SUM(L72:L78) -> 25 | M79: =SUM(E79:L79) -> 183
A81: A.1 | B81: 5. | C81: Partai NasDem | E81: 1 | F81: 1 | G81: 0 | H81: 2 | I81: 3 | J81: 4 | K81: 2 | L81: 1 | M81: =SUM(E81:L81) -> 14
A82: A.2 | C82: 1. ZAMRONI, S.H. | E82: 19 | F82: 10 | G82: 5 | H82: 39 | I82: 19 | J82: 35 | K82: 19 | L82: 8 | M82: =SUM(E82:L82) -> 154
C83: 2. AHMAD WIBISONO, S.T. | E83: 0 | F83: 0 | G83: 0 | H83: 0 | I83: 1 | J83: 1 | K83: 2 | L83: 0 | M83: =SUM(E83:L83) -> 4
C84: 3. Dra. EMY TRIASTUTIK, M.M. | E84: 0 | F84: 1 | G84: 0 | H84: 0 | I84: 0 | J84: 0 | K84: 0 | L84: 0 | M84: =SUM(E84:L84) -> 1
C85: 4. PEBDI ARISDIAWAN, S.E. | E85: 1 | F85: 1 | G85: 0 | H85: 0 | I85: 0 | J85: 1 | K85: 0 | L85: 0 | M85: =SUM(E85:L85) -> 3
C86: 5. BERNAT SIPAHUTAR, S.E. | E86: 0 | F86: 1 | G86: 1 | H86: 0 | I86: 0 | J86: 0 | K86: 2 | L86: 0 | M86: =SUM(E86:L86) -> 4
C87: 6. INDAH CATUR CAHYANINGTYAS | E87: 0 | F87: 0 | G87: 0 | H87: 0 | I87: 0 | J87: 0 | K87: 0 | L87: 0 | M87: =SUM(E87:L87) -> 0
A88: B | B88: JUMLAH SUARA SAH PARTAI POLITIK DAN CALON (A1 + A2) | E88: =SUM(E81:E87) -> 21 | F88: =SUM(F81:F87) -> 14 | G88: =SUM(G81:G87) -> 6 | H88: =SUM(H81:H87) -> 41 | I88: =SUM(I81:I87) -> 23 | J88: =SUM(J81:J87) -> 41 | K88: =SUM(K81:K87) -> 25 | L88: =SUM(L81:L87) -> 9 | M88: =SUM(E88:L88) -> 180
A90: A.1 | B90: 6. | C90: Partai Buruh | E90: 1 | F90: 0 | G90: 0 | H90: 0 | I90: 0 | J90: 1 | K90: 2 | L90: 0 | M90: =SUM(E90:L90) -> 4
A91: A.2 | C91: 1. SULASTRI, S.H. | E91: 0 | F91: 0 | G91: 0 | H91: 0 | I91: 0 | J91: 0 | K91: 0 | L91: 0 | M91: =SUM(E91:L91) -> 0
A92: B | B92: JUMLAH SUARA SAH PARTAI POLITIK DAN CALON (A1 + A2) | E92: =SUM(E90:E91) -> 1 | F92: =SUM(F90:F91) -> 0 | G92: =SUM(G90:G91) -> 0 | H92: =SUM(H90:H91) -> 0 | I92: =SUM(I90:I91) -> 0 | J92: =SUM(J90:J91) -> 1 | K92: =SUM(K90:K91) -> 2 | L92: =SUM(L90:L91) -> 0 | M92: =SUM(E92:L92) -> 4
A94: A.1 | B94: 7. | C94: Partai Gelombang Rakyat Indonesia | E94: 3 | F94: 1 | G94: 0 | H94: 0 | I94: 0 | J94: 1 | K94: 2 | L94: 2 | M94: =SUM(E94:L94) -> 9
A95: A.2 | C95: 1. H. SUGIARTO, S.E., M.Si. | E95: 13 | F95: 8 | G95: 2 | H95: 15 | I95: 7 | J95: 14 | K95: 11 | L95: 25 | M95: =SUM(E95:L95) -> 95
C96: 2. MUHTAR | E96: 0 | F96: 0 | G96: 0 | H96: 0 | I96: 0 | J96: 0 | K96: 0 | L96: 1 | M96: =SUM(E96:L96) -> 1
C97: 3. UNISSIAWATY | E97: 0 | F97: 1 | G97: 0 | H97: 0 | I97: 0 | J97: 0 | K97: 0 | L97: 0 | M97: =SUM(E97:L97) -> 1
C98: 4. DWI WAHYUDI | E98: 0 | F98: 0 | G98: 0 | H98: 0 | I98: 0 | J98: 0 | K98: 0 | L98: 0 | M98: =SUM(E98:L98) -> 0
C99: 5. ADINA MUTIARA KURNIAWAN, S.T. | E99: 1 | F99: 10 | G99: 0 | H99: 0 | I99: 0 | J99: 2 | K99: 0 | L99: 0 | M99: =SUM(E99:L99) -> 13
C100: 6. FIRMAN ISADI | E100: 0 | F100: 0 | G100: 0 | H100: 0 | I100: 0 | J100: 0 | K100: 0 | L100: 0 | M100: =SUM(E100:L100) -> 0
A101: B | B101: JUMLAH SUARA SAH PARTAI POLITIK DAN CALON (A1 + A2) | E101: =SUM(E94:E100) -> 17 | F101: =SUM(F94:F100) -> 20 | G101: =SUM(G94:G100) -> 2 | H101: =SUM(H94:H100) -> 15 | I101: =SUM(I94:I100) -> 7 | J101: =SUM(J94:J100) -> 17 | K101: =SUM(K94:K100) -> 13 | L101: =SUM(L94:L100) -> 28 | M101: =SUM(E101:L101) -> 119
A103: A.1 | B103: 8. | C103: Partai Keadilan Sejahtera | E103: 1 | F103: 7 | G103: 0 | H103: 0 | I103: 3 | J103: 1 | K103: 0 | L103: 2 | M103: =SUM(E103:L103) -> 14
A104: A.2 | C104: 1. NENI VIANTIN DIYAH MARTIVA, S.Pd. | E104: 8 | F104: 20 | G104: 5 | H104: 4 | I104: 4 | J104: 8 | K104: 0 | L104: 0 | M104: =SUM(E104:L104) -> 49
C105: 2. RINO AHMAD MURAD | E105: 1 | F105: 0 | G105: 0 | H105: 0 | I105: 0 | J105: 0 | K105: 0 | L105: 0 | M105: =SUM(E105:L105) -> 1
C106: 3. ASROR FAHRUDIN | E106: 0 | F106: 0 | G106: 1 | H106: 0 | I106: 0 | J106: 0 | K106: 0 | L106: 0 | M106: =SUM(E106:L106) -> 1
C107: 4. ABDUL KARIM | E107: 1 | F107: 1 | G107: 0 | H107: 1 | I107: 0 | J107: 0 | K107: 2 | L107: 5 | M107: =SUM(E107:L107) -> 10
C108: 5. ZIA UL HAK, S.H., M.Kn. | E108: 0 | F108: 1 | G108: 1 | H108: 0 | I108: 0 | J108: 0 | K108: 1 | L108: 0 | M108: =SUM(E108:L108) -> 3
C109: 6. MUNA AZ ZAHRA | E109: 2 | F109: 3 | G109: 0 | H109: 1 | I109: 0 | J109: 2 | K109: 0 | L109: 0 | M109: =SUM(E109:L109) -> 8
A110: B | B110: JUMLAH SUARA SAH PARTAI POLITIK DAN CALON (A1 + A2) | E110: =SUM(E103:E109) -> 13 | F110: =SUM(F103:F109) -> 32 | G110: =SUM(G103:G109) -> 7 | H110: =SUM(H103:H109) -> 6 | I110: =SUM(I103:I109) -> 7 | J110: =SUM(J103:J109) -> 11 | K110: =SUM(K103:K109) -> 3 | L110: =SUM(L103:L109) -> 7 | M110: =SUM(E110:L110) -> 86
A112: A.1 | B112: 9. | C112: Partai Kebangkitan Nusantara | E112: 1 | F112: 0 | G112: 0 | H112: 0 | I112: 0 | J112: 0 | K112: 0 | L112: 0 | M112: =SUM(E112:L112) -> 1
A113: A.2 | C113: 1. LILIS SURYANI | E113: 0 | F113: 0 | G113: 0 | H113: 0 | I113: 0 | J113: 0 | K113: 1 | L113: 0 | M113: =SUM(E113:L113) -> 1
A114: B | B114: JUMLAH SUARA SAH PARTAI POLITIK DAN CALON (A1 + A2) | E114: =SUM(E112:E113) -> 1 | F114: =SUM(F112:F113) -> 0 | G114: =SUM(G112:G113) -> 0 | H114: =SUM(H112:H113) -> 0 | I114: =SUM(I112:I113) -> 0 | J114: =SUM(J112:J113) -> 0 | K114: =SUM(K112:K113) -> 1 | L114: =SUM(L112:L113) -> 0 | M114: =SUM(E114:L114) -> 2
A116: A.1 | B116: 10. | C116: Partai Hati Nurani Rakyat | E116: 2 | F116: 1 | G116: 1 | H116: 0 | I116: 0 | J116: 2 | K116: 2 | L116: 1 | M116: =SUM(E116:L116) -> 9
A117: A.2 | C117: 1. Ir. BASUKI RACHMAD | E117: 0 | F117: 0 | G117: 0 | H117: 0 | I117: 2 | J117: 0 | K117: 2 | L117: 0 | M117: =SUM(E117:L117) -> 4
C118: 2. H. VERDIYANTO WELLYA | E118: 0 | F118: 1 | G118: 0 | H118: 0 | I118: 0 | J118: 0 | K118: 0 | L118: 0 | M118: =SUM(E118:L118) -> 1
C119: 3. Hj. LILIK YULIATI, S.A.P. | E119: 41 | F119: 65 | G119: 24 | H119: 40 | I119: 27 | J119: 12 | K119: 27 | L119: 24 | M119: =SUM(E119:L119) -> 260
C120: 4. H. ABDUL HADI, S.Pd.I., M.Pd. | E120: 0 | F120: 0 | G120: 0 | H120: 0 | I120: 0 | J120: 0 | K120: 0 | L120: 0 | M120: =SUM(E120:L120) -> 0
...

Sheet OLEHSARI
C2: Kecamatan | D2: GLAGAH
C3: Kabupaten | D3: BANYUWANGI
C4: Provinsi | D4: JAWA TIMUR
C9: Kelurahan | D9: OLEHSARI
A12: I | B12: DATA PEMILIH DAN PENGGUNAAN HAK PILIH | N12: JUMLAH AKHIR
A13: A | B13: DATA PEMILIH | E13: TPS 001 | F13: TPS 002 | G13: TPS 003 | H13: TPS 004 | I13: TPS 005 | J13: TPS 006 | K13: TPS 007 | L13: TPS 008 | M13: TPS 009
B14: Jumlah Pemilih dalam Daftar Pemilih Tetap (DPT) | D14: LK | E14: 125 | F14: 102 | G14: 108 | H14: 107 | I14: 107 | J14: 101 | K14: 116 | L14: 108 | M14: 104 | N14: =SUM(E14:M14) -> 978
D15: PR | E15: 137 | F15: 112 | G15: 133 | H15: 114 | I15: 125 | J15: 119 | K15: 107 | L15: 115 | M15: 114 | N15: =SUM(E15:M15) -> 1076
D16: JML | E16: =SUM(E14:E15) -> 262 | F16: =SUM(F14:F15) -> 214 | G16: =SUM(G14:G15) -> 241 | H16: =SUM(H14:H15) -> 221 | I16: =SUM(I14:I15) -> 232 | J16: =SUM(J14:J15) -> 220 | K16: =SUM(K14:K15) -> 223 | L16: =SUM(L14:L15) -> 223 | M16: =SUM(M14:M15) -> 218 | N16: =SUM(E16:M16) -> 2054
A18: B | B18: PENGGUNA HAK PILIH
B19: 1. | C19: Jumlah pengguna hak pilih dalam Daftar Pemilih Tetap (DPT) | D19: LK | E19: 108 | F19: 78 | G19: 96 | H19: 100 | I19: 89 | J19: 90 | K19: 101 | L19: 93 | M19: 84 | N19: =SUM(E19:M19) -> 839
D20: PR | E20: 117 | F20: 92 | G20: 117 | H20: 106 | I20: 115 | J20: 110 | K20: 102 | L20: 105 | M20: 104 | N20: =SUM(E20:M20) -> 968
D21: JML | E21: =SUM(E19:E20) -> 225 | F21: =SUM(F19:F20) -> 170 | G21: =SUM(G19:G20) -> 213 | H21: =SUM(H19:H20) -> 206 | I21: =SUM(I19:I20) -> 204 | J21: =SUM(J19:J20) -> 200 | K21: =SUM(K19:K20) -> 203 | L21: =SUM(L19:L20) -> 198 | M21: =SUM(M19:M20) -> 188 | N21: =SUM(E21:M21) -> 1807
B22: 2. | C22: Jumlah pengguna hak pilih dalam Daftar Pemilih Tambahan (DPTb) | D22: LK | E22: 0 | F22: 1 | G22: 0 | H22: 0 | I22: 0 | J22: 0 | K22: 2 | L22: 1 | M22: 0 | N22: =SUM(E22:M22) -> 4
D23: PR | E23: 0 | F23: 2 | G23: 0 | H23: 0 | I23: 0 | J23: 0 | K23: 1 | L23: 1 | M23: 0 | N23: =SUM(E23:M23) -> 4
D24: JML | E24: =SUM(E22:E23) -> 0 | F24: =SUM(F22:F23) -> 3 | G24: =SUM(G22:G23) -> 0 | H24: =SUM(H22:H23) -> 0 | I24: =SUM(I22:I23) -> 0 | J24: =SUM(J22:J23) -> 0 | K24: =SUM(K22:K23) -> 3 | L24: =SUM(L22:L23) -> 2 | M24: =SUM(M22:M23) -> 0 | N24: =SUM(E24:M24) -> 8
B25: 3. | C25: Jumlah pengguna hak pilih dalam Daftar Pemilih Khusus (DPK) | D25: LK | E25: 0 | F25: 2 | G25: 0 | H25: 0 | I25: 0 | J25: 0 | K25: 0 | L25: 0 | M25: 0 | N25: =SUM(E25:M25) -> 2
D26: PR | E26: 1 | F26: 2 | G26: 0 | H26: 0 | I26: 2 | J26: 0 | K26: 0 | L26: 0 | M26: 0 | N26: =SUM(E26:M26) -> 5
D27: JML | E27: =SUM(E25:E26) -> 1 | F27: =SUM(F25:F26) -> 4 | G27: =SUM(G25:G26) -> 0 | H27: =SUM(H25:H26) -> 0 | I27: =SUM(I25:I26) -> 2 | J27: =SUM(J25:J26) -> 0 | K27: =SUM(K25:K26) -> 0 | L27: =SUM(L25:L26) -> 0 | M27: =SUM(M25:M26) -> 0 | N27: =SUM(E27:M27) -> 7
B28: 4. | C28: Jumlah Pengguna Hak Pilih (B.1+B.2+B.3) | D28: LK | E28: =SUM(E19,E22,E25) -> 108 | F28: =SUM(F19,F22,F25) -> 81 | G28: =SUM(G19,G22,G25) -> 96 | H28: =SUM(H19,H22,H25) -> 100 | I28: =SUM(I19,I22,I25) -> 89 | J28: =SUM(J19,J22,J25) -> 90 | K28: =SUM(K19,K22,K25) -> 103 | L28: =SUM(L19,L22,L25) -> 94 | M28: =SUM(M19,M22,M25) -> 84 | N28: =SUM(E28:M28) -> 845
D29: PR | E29: =SUM(E20,E23,E26) -> 118 | F29: =SUM(F20,F23,F26) -> 96 | G29: =SUM(G20,G23,G26) -> 117 | H29: =SUM(H20,H23,H26) -> 106 | I29: =SUM(I20,I23,I26) -> 117 | J29: =SUM(J20,J23,J26) -> 110 | K29: =SUM(K20,K23,K26) -> 103 | L29: =SUM(L20,L23,L26) -> 106 | M29: =SUM(M20,M23,M26) -> 104 | N29: =SUM(E29:M29) -> 977
D30: JML | E30: =SUM(E28:E29) -> 226 | F30: =SUM(F28:F29) -> 177 | G30: =SUM(G28:G29) -> 213 | H30: =SUM(H28:H29) -> 206 | I30: =SUM(I28:I29) -> 206 | J30: =SUM(J28:J29) -> 200 | K30: =SUM(K28:K29) -> 206 | L30: =SUM(L28:L29) -> 200 | M30: =SUM(M28:M29) -> 188 | N30: =SUM(E30:M30) -> 1822
A32: II | B32: DATA PENGGUNAAN SURAT SUARA
A33: 1 | B33: Jumlah surat suara yang diterima, termasuk surat suara cadangan 2% dari DPT | E33: 268 | F33: 218 | G33: 246 | H33: 226 | I33: 237 | J33: 225 | K33: 228 | L33: 228 | M33: 223 | N33: =SUM(E33:M33) -> 2099
A34: 2 | B34: Jumlah surat suara yang digunakan | E34: 226 | F34: 177 | G34: 213 | H34: 206 | I34: 206 | J34: 200 | K34: 206 | L34: 200 | M34: 188 | N34: =SUM(E34:M34) -> 1822
A35: 3 | B35: Jumlah surat suara dikembalikan oleh pemilih (karena rusak atau keliru coblos) | E35: 0 | F35: 0 | G35: 0 | H35: 0 | I35: 0 | J35: 0 | K35: 0 | L35: 0 | M35: 0 | N35: =SUM(E35:M35) -> 0
A36: 4 | B36: Jumlah surat suara yang tidak digunakan/tidak terpakai, termasuk sisa surat suara cadangan | E36: =E33-(E34+E35) -> 42 | F36: =F33-(F34+F35) -> 41 | G36: =G33-(G34+G35) -> 33 | H36: =H33-(H34+H35) -> 20 | I36: =I33-(I34+I35) -> 31 | J36: =J33-(J34+J35) -> 25 | K36: =K33-(K34+K35) -> 22 | L36: =L33-(L34+L35) -> 28 | M36: =M33-(M34+M35) -> 35 | N36: =SUM(E36:M36) -> 277
A38: III | B38: DATA PEMILIH DISABILITAS
B39: Jumlah seluruh Pemilih disabilitas yang menggunakan hak pilih | D39: LK | E39: 1 | I39: 1 | N39: =SUM(E39:M39) -> 2
D40: PR | K40: 2 | M40: 2 | N40: =SUM(E40:M40) -> 4
D41: JML | E41: =SUM(E39:E40) -> 1 | F41: =SUM(F39:F40) -> 0 | G41: =SUM(G39:G40) -> 0 | H41: =SUM(H39:H40) -> 0 | I41: =SUM(I39:I40) -> 1 | J41: =SUM(J39:J40) -> 0 | K41: =SUM(K39:K40) -> 2 | L41: =SUM(L39:L40) -> 0 | M41: =SUM(M39:M40) -> 2 | N41: =SUM(E41:M41) -> 6
A43: IV | B43: DATA RINCIAN PEROLEHAN SUARA PASANGAN CALON BUPATI DAN WAKIL BUPATI
A44: NOMOR DAN NAMA CALON
A45: A.1 | B45: 1. | C45: Partai Kebangkitan Bangsa | E45: 5 | F45: 1 | G45: 4 | H45: 1 | I45: 3 | J45: 6 | K45: 11 | L45: 4 | M45: 2 | N45: =SUM(E45:M45) -> 37
A46: A.2 | C46: 1. ANITA RANI, S.H. | E46: 5 | F46: 1 | G46: 5 | H46: 19 | I46: 6 | J46: 9 | K46: 7 | L46: 4 | M46: 6 | N46: =SUM(E46:M46) -> 62
C47: 2. ANISAH MAHSUNAH, S.E. | E47: 0 | F47: 0 | G47: 2 | H47: 0 | I47: 2 | J47: 0 | K47: 5 | L47: 2 | M47: 0 | N47: =SUM(E47:M47) -> 11
C48: 3. SENARI, S.Sos. | E48: 0 | F48: 1 | G48: 0 | H48: 0 | I48: 1 | J48: 0 | K48: 0 | L48: 0 | M48: 2 | N48: =SUM(E48:M48) -> 4
C49: 4. VERAGAWATI, S.H. | E49: 0 | F49: 0 | G49: 0 | H49: 0 | I49: 0 | J49: 0 | K49: 0 | L49: 0 | M49: 0 | N49: =SUM(E49:M49) -> 0
C50: 5. KURDI EHSAN | E50: 0 | F50: 0 | G50: 0 | H50: 0 | I50: 0 | J50: 0 | K50: 0 | L50: 0 | M50: 0 | N50: =SUM(E50:M50) -> 0
C51: 6. BONDAN ARDYWIJAYA | E51: 0 | F51: 1 | G51: 0 | H51: 1 | I51: 0 | J51: 1 | K51: 2 | L51: 3 | M51: 1 | N51: =SUM(E51:M51) -> 9
A52: B | B52: JUMLAH SUARA SAH PARTAI POLITIK DAN CALON (A1 + A2) | E52: =SUM(E45:E51) -> 10 | F52: =SUM(F45:F51) -> 4 | G52: =SUM(G45:G51) -> 11 | H52: =SUM(H45:H51) -> 21 | I52: =SUM(I45:I51) -> 12 | J52: =SUM(J45:J51) -> 16 | K52: =SUM(K45:K51) -> 25 | L52: =SUM(L45:L51) -> 13 | M52: =SUM(M45:M51) -> 11 | N52: =SUM(E52:M52) -> 123
A54: A.1 | B54: 2. | C54: Partai Gerakan Indonesia Raya | E54: 1 | F54: 4 | G54: 6 | H54: 2 | I54: 3 | J54: 7 | K54: 10 | L54: 3 | M54: 7 | N54: =SUM(E54:M54) -> 43
A55: A.2 | C55: 1. Ir. H. NAUFAL BADRI | E55: 1 | F55: 0 | G55: 1 | H55: 3 | I55: 5 | J55: 0 | K55: 1 | L55: 1 | M55: 3 | N55: =SUM(E55:M55) -> 15
C56: 2. ALI MUSTAUFIQ, S.Pd. | E56: 2 | F56: 1 | G56: 2 | H56: 1 | I56: 0 | J56: 5 | K56: 1 | L56: 1 | M56: 0 | N56: =SUM(E56:M56) -> 13
C57: 3. Ir. IRA STEPHANI RAWUNG, M.M. | E57: 1 | F57: 0 | G57: 1 | H57: 2 | I57: 1 | J57: 0 | K57: 0 | L57: 0 | M57: 1 | N57: =SUM(E57:M57) -> 6
C58: 4. Hj. LISMIYANA | E58: 2 | F58: 0 | G58: 1 | H58: 0 | I58: 3 | J58: 0 | K58: 0 | L58: 0 | M58: 1 | N58: =SUM(E58:M58) -> 7
C59: 5. RIFKI PRIA HARTAWAN USMAN, S.H. | E59: 0 | F59: 0 | G59: 0 | H59: 0 | I59: 0 | J59: 0 | K59: 0 | L59: 0 | M59: 0 | N59: =SUM(E59:M59) -> 0
C60: 6. KUNTI MAULIDATAS SAFROH, S.Sos. | E60: 3 | F60: 1 | G60: 0 | H60: 0 | I60: 0 | J60: 0 | K60: 0 | L60: 0 | M60: 1 | N60: =SUM(E60:M60) -> 5
A61: B | B61: JUMLAH SUARA SAH PARTAI POLITIK DAN CALON (A1 + A2) | E61: =SUM(E54:E60) -> 10 | F61: =SUM(F54:F60) -> 6 | G61: =SUM(G54:G60) -> 11 | H61: =SUM(H54:H60) -> 8 | I61: =SUM(I54:I60) -> 12 | J61: =SUM(J54:J60) -> 12 | K61: =SUM(K54:K60) -> 12 | L61: =SUM(L54:L60) -> 5 | M61: =SUM(M54:M60) -> 13 | N61: =SUM(E61:M61) -> 89
A63: A.1 | B63: 3. | C63: Partai Demokrasi Indonesia Perjuangan | E63: 10 | F63: 8 | G63: 7 | H63: 6 | I63: 9 | J63: 4 | K63: 11 | L63: 6 | M63: 7 | N63: =SUM(E63:M63) -> 68
A64: A.2 | C64: 1. TRI SOEDARYONO | E64: 6 | F64: 5 | G64: 6 | H64: 9 | I64: 13 | J64: 3 | K64: 8 | L64: 10 | M64: 2 | N64: =SUM(E64:M64) -> 62
C65: 2. HEKSA SOEDARMADI, S.H. | E65: 12 | F65: 14 | G65: 8 | H65: 47 | I65: 11 | J65: 3 | K65: 2 | L65: 4 | M65: 2 | N65: =SUM(E65:M65) -> 103
C66: 3. PRAMUDITA MAHARANI SAPUTRI | E66: 6 | F66: 9 | G66: 24 | H66: 17 | I66: 29 | J66: 21 | K66: 30 | L66: 36 | M66: 29 | N66: =SUM(E66:M66) -> 201
C67: 4. SLAMET UTOMO | E67: 1 | F67: 5 | G67: 1 | H67: 1 | I67: 1 | J67: 0 | K67: 1 | L67: 2 | M67: 0 | N67: =SUM(E67:M67) -> 12
C68: 5. MARCELINUS FLORIANUS GADI GAA | E68: 5 | F68: 1 | G68: 6 | H68: 3 | I68: 8 | J68: 0 | K68: 2 | L68: 1 | M68: 1 | N68: =SUM(E68:M68) -> 27
C69: 6. RACHEL PUSPA ANGELIA | E69: 6 | F69: 2 | G69: 3 | H69: 0 | I69: 1 | J69: 1 | K69: 4 | L69: 2 | M69: 0 | N69: =SUM(E69:M69) -> 19
A70: B | B70: JUMLAH SUARA SAH PARTAI POLITIK DAN CALON (A1 + A2) | E70: =SUM(E63:E69) -> 46 | F70: =SUM(F63:F69) -> 44 | G70: =SUM(G63:G69) -> 55 | H70: =SUM(H63:H69) -> 83 | I70: =SUM(I63:I69) -> 72 | J70: =SUM(J63:J69) -> 32 | K70: =SUM(K63:K69) -> 58 | L70: =SUM(L63:L69) -> 61 | M70: =SUM(M63:M69) -> 41 | N70: =SUM(E70:M70) -> 492
A72: A.1 | B72: 4. | C72: Partai Golongan Karya | E72: 9 | F72: 5 | G72: 3 | H72: 3 | I72: 2 | J72: 4 | K72: 2 | L72: 5 | M72: 9 | N72: =SUM(E72:M72) -> 42
A73: A.2 | C73: 1. EVA HESTIYAWATI, S.E. | E73: 17 | F73: 18 | G73: 18 | H73: 9 | I73: 8 | J73: 21 | K73: 3 | L73: 14 | M73: 25 | N73: =SUM(E73:M73) -> 133
C74: 2. MAS DWI SONY WIDIANTO | E74: 0 | F74: 0 | G74: 2 | H74: 1 | I74: 1 | J74: 2 | K74: 1 | L74: 0 | M74: 2 | N74: =SUM(E74:M74) -> 9
C75: 3. YULIANTO | E75: 0 | F75: 0 | G75: 0 | H75: 1 | I75: 0 | J75: 1 | K75: 0 | L75: 0 | M75: 1 | N75: =SUM(E75:M75) -> 3
C76: 4. MOCH. ZAENI, S.H., M.H. | E76: 1 | F76: 0 | G76: 1 | H76: 0 | I76: 0 | J76: 0 | K76: 0 | L76: 0 | M76: 1 | N76: =SUM(E76:M76) -> 3
C77: 5. MEGA ANASTASIA CRISTANTY | E77: 0 | F77: 0 | G77: 1 | H77: 0 | I77: 1 | J77: 0 | K77: 0 | L77: 0 | M77: 0 | N77: =SUM(E77:M77) -> 2
C78: 6. IMAN SANTOSO, S.E., M.M.H. | E78: 0 | F78: 0 | G78: 0 | H78: 0 | I78: 1 | J78: 0 | K78: 0 | L78: 0 | M78: 1 | N78: =SUM(E78:M78) -> 2
A79: B | B79: JUMLAH SUARA SAH PARTAI POLITIK DAN CALON (A1 + A2) | E79: =SUM(E72:E78) -> 27 | F79: =SUM(F72:F78) -> 23 | G79: =SUM(G72:G78) -> 25 | H79: =SUM(H72:H78) -> 14 | I79: =SUM(I72:I78) -> 13 | J79: =SUM(J72:J78) -> 28 | K79: =SUM(K72:K78) -> 6 | L79: =SUM(L72:L78) -> 19 | M79: =SUM(M72:M78) -> 39 | N79: =SUM(E79:M79) -> 194
A81: A.1 | B81: 5. | C81: Partai NasDem | E81: 0 | F81: 0 | G81: 0 | H81: 0 | I81: 0 | J81: 0 | K81: 0 | L81: 0 | M81: 0 | N81: =SUM(E81:M81) -> 0
A82: A.2 | C82: 1. ZAMRONI, S.H. | E82: 17 | F82: 9 | G82: 18 | H82: 5 | I82: 3 | J82: 7 | K82: 3 | L82: 3 | M82: 1 | N82: =SUM(E82:M82) -> 66
C83: 2. AHMAD WIBISONO, S.T. | E83: 0 | F83: 1 | G83: 0 | H83: 0 | I83: 0 | J83: 0 | K83: 0 | L83: 0 | M83: 0 | N83: =SUM(E83:M83) -> 1
C84: 3. Dra. EMY TRIASTUTIK, M.M. | E84: 0 | F84: 0 | G84: 0 | H84: 0 | I84: 0 | J84: 0 | K84: 0 | L84: 1 | M84: 0 | N84: =SUM(E84:M84) -> 1
C85: 4. PEBDI ARISDIAWAN, S.E. | E85: 0 | F85: 0 | G85: 0 | H85: 0 | I85: 0 | J85: 0 | K85: 0 | L85: 1 | M85: 0 | N85: =SUM(E85:M85) -> 1
C86: 5. BERNAT SIPAHUTAR, S.E. | E86: 0 | F86: 0 | G86: 0 | H86: 1 | I86: 0 | J86: 0 | K86: 0 | L86: 0 | M86: 1 | N86: =SUM(E86:M86) -> 2
C87: 6. INDAH CATUR CAHYANINGTYAS | E87: 0 | F87: 0 | G87: 0 | H87: 0 | I87: 0 | J87: 0 | K87: 0 | L87: 0 | M87: 0 | N87: =SUM(E87:M87) -> 0
A88: B | B88: JUMLAH SUARA SAH PARTAI POLITIK DAN CALON (A1 + A2) | E88: =SUM(E81:E87) -> 17 | F88: =SUM(F81:F87) -> 10 | G88: =SUM(G81:G87) -> 18 | H88: =SUM(H81:H87) -> 6 | I88: =SUM(I81:I87) -> 3 | J88: =SUM(J81:J87) -> 7 | K88: =SUM(K81:K87) -> 3 | L88: =SUM(L81:L87) -> 5 | M88: =SUM(M81:M87) -> 2 | N88: =SUM(E88:M88) -> 71
A90: A.1 | B90: 6. | C90: Partai Buruh | E90: 4 | F90: 1 | G90: 3 | H90: 0 | I90: 0 | J90: 1 | K90: 3 | L90: 0 | M90: 1 | N90: =SUM(E90:M90) -> 13
A91: A.2 | C91: 1. SULASTRI, S.H. | E91: 0 | F91: 0 | G91: 0 | H91: 0 | I91: 0 | J91: 0 | K91: 1 | L91: 1 | M91: 0 | N91: =SUM(E91:M91) -> 2
A92: B | B92: JUMLAH SUARA SAH PARTAI POLITIK DAN CALON (A1 + A2) | E92: =SUM(E90:E91) -> 4 | F92: =SUM(F90:F91) -> 1 | G92: =SUM(G90:G91) -> 3 | H92: =SUM(H90:H91) -> 0 | I92: =SUM(I90:I91) -> 0 | J92: =SUM(J90:J91) -> 1 | K92: =SUM(K90:K91) -> 4 | L92: =SUM(L90:L91) -> 1 | M92: =SUM(M90:M91) -> 1 | N92: =SUM(E92:M92) -> 15
A94: A.1 | B94: 7. | C94: Partai Gelombang Rakyat Indonesia | E94: 0 | F94: 1 | G94: 1 | H94: 1 | I94: 1 | J94: 2 | K94: 1 | L94: 1 | M94: 3 | N94: =SUM(E94:M94) -> 11
A95: A.2 | C95: 1. H. SUGIARTO, S.E., M.Si. | E95: 3 | F95: 7 | G95: 10 | H95: 11 | I95: 10 | J95: 1 | K95: 4 | L95: 13 | M95: 8 | N95: =SUM(E95:M95) -> 67
C96: 2. MUHTAR | E96: 0 | F96: 0 | G96: 0 | H96: 1 | I96: 0 | J96: 0 | K96: 0 | L96: 0 | M96: 0 | N96: =SUM(E96:M96) -> 1
C97: 3. UNISSIAWATY | E97: 0 | F97: 0 | G97: 0 | H97: 0 | I97: 1 | J97: 0 | K97: 0 | L97: 0 | M97: 0 | N97: =SUM(E97:M97) -> 1
C98: 4. DWI WAHYUDI | E98: 0 | F98: 0 | G98: 0 | H98: 0 | I98: 0 | J98: 0 | K98: 0 | L98: 0 | M98: 0 | N98: =SUM(E98:M98) -> 0
C99: 5. ADINA MUTIARA KURNIAWAN, S.T. | E99: 0 | F99: 0 | G99: 1 | H99: 0 | I99: 1 | J99: 0 | K99: 0 | L99: 0 | M99: 0 | N99: =SUM(E99:M99) -> 2
C100: 6. FIRMAN ISADI | E100: 0 | F100: 0 | G100: 0 | H100: 0 | I100: 1 | J100: 0 | K100: 0 | L100: 0 | M100: 0 | N100: =SUM(E100:M100) -> 1
A101: B | B101: JUMLAH SUARA SAH PARTAI POLITIK DAN CALON (A1 + A2) | E101: =SUM(E94:E100) -> 3 | F101: =SUM(F94:F100) -> 8 | G101: =SUM(G94:G100) -> 12 | H101: =SUM(H94:H100) -> 13 | I101: =SUM(I94:I100) -> 14 | J101: =SUM(J94:J100) -> 3 | K101: =SUM(K94:K100) -> 5 | L101: =SUM(L94:L100) -> 14 | M101: =SUM(M94:M100) -> 11 | N101: =SUM(E101:M101) -> 83
A103: A.1 | B103: 8. | C103: Partai Keadilan Sejahtera | E103: 4 | F103: 0 | G103: 0 | H103: 0 | I103: 1 | J103: 1 | K103: 0 | L103: 0 | M103: 0 | N103: =SUM(E103:M103) -> 6
A104: A.2 | C104: 1. NENI VIANTIN DIYAH MARTIVA, S.Pd. | E104: 27 | F104: 10 | G104: 1 | H104: 7 | I104: 13 | J104: 10 | K104: 5 | L104: 5 | M104: 2 | N104: =SUM(E104:M104) -> 80
C105: 2. RINO AHMAD MURAD | E105: 0 | F105: 0 | G105: 0 | H105: 0 | I105: 0 | J105: 0 | K105: 0 | L105: 1 | M105: 0 | N105: =SUM(E105:M105) -> 1
C106: 3. ASROR FAHRUDIN | E106: 0 | F106: 0 | G106: 0 | H106: 0 | I106: 0 | J106: 0 | K106: 0 | L106: 0 | M106: 0 | N106: =SUM(E106:M106) -> 0
C107: 4. ABDUL KARIM | E107: 0 | F107: 0 | G107: 0 | H107: 0 | I107: 0 | J107: 0 | K107: 0 | L107: 0 | M107: 0 | N107: =SUM(E107:M107) -> 0
C108: 5. ZIA UL HAK, S.H., M.Kn. | E108: 0 | F108: 0 | G108: 0 | H108: 0 | I108: 0 | J108: 1 | K108: 0 | L108: 0 | M108: 0 | N108: =SUM(E108:M108) -> 1
C109: 6. MUNA AZ ZAHRA | E109: 0 | F109: 0 | G109: 0 | H109: 0 | I109: 2 | J109: 1 | K109: 0 | L109: 0 | M109: 0 | N109: =SUM(E109:M109) -> 3
A110: B | B110: JUMLAH SUARA SAH PARTAI POLITIK DAN CALON (A1 + A2) | E110: =SUM(E103:E109) -> 31 | F110: =SUM(F103:F109) -> 10 | G110: =SUM(G103:G109) -> 1 | H110: =SUM(H103:H109) -> 7 | I110: =SUM(I103:I109) -> 16 | J110: =SUM(J103:J109) -> 13 | K110: =SUM(K103:K109) -> 5 | L110: =SUM(L103:L109) -> 6 | M110: =SUM(M103:M109) -> 2 | N110: =SUM(E110:M110) -> 91
A112: A.1 | B112: 9. | C112: Partai Kebangkitan Nusantara | E112: 0 | F112: 0 | G112: 0 | H112: 0 | I112: 0 | J112: 0 | K112: 0 | L112: 0 | M112: 0 | N112: =SUM(E112:M112) -> 0
A113: A.2 | C113: 1. LILIS SURYANI | E113: 0 | F113: 0 | G113: 0 | H113: 0 | I113: 0 | J113: 0 | K113: 0 | L113: 0 | M113: 0 | N113: =SUM(E113:M113) -> 0
A114: B | B114: JUMLAH SUARA SAH PARTAI POLITIK DAN CALON (A1 + A2) | E114: =SUM(E112:E113) -> 0 | F114: =SUM(F112:F113) -> 0 | G114: =SUM(G112:G113) -> 0 | H114: =SUM(H112:H113) -> 0 | I114: =SUM(I112:I113) -> 0 | J114: =SUM(J112:J113) -> 0 | K114: =SUM(K112:K113) -> 0 | L114: =SUM(L112:L113) -> 0 | M114: =SUM(M112:M113) -> 0 | N114: =SUM(E114:M114) -> 0
A116: A.1 | B116: 10. | C116: Partai Hati Nurani Rakyat | E116: 1 | F116: 2 | G116: 0 | H116: 0 | I116: 1 | J116: 1 | K116: 3 | L116: 2 | M116: 1 | N116: =SUM(E116:M116) -> 11
A117: A.2 | C117: 1. Ir. BASUKI RACHMAD | E117: 1 | F117: 4 | G117: 0 | H117: 0 | I117: 1 | J117: 1 | K117: 6 | L117: 6 | M117: 5 | N117: =SUM(E117:M117) -> 24
C118: 2. H. VERDIYANTO WELLYA | E118: 0 | F118: 0 | G118: 1 | H118: 0 | I118: 0 | J118: 0 | K118: 0 | L118: 0 | M118: 0 | N118: =SUM(E118:M118) -> 1
C119: 3. Hj. LILIK YULIATI, S.A.P. | E119: 3 | F119: 1 | G119: 2 | H119: 1 | I119: 3 | J119: 1 | K119: 2 | L119: 0 | M119: 3 | N119: =SUM(E119:M119) -> 16
C120: 4. H. ABDUL HADI, S.Pd.I., M.Pd. | E120: 0 | F120: 0 | G120: 0 | H120: 0 | I120: 0 | J120: 0 | K120: 0 | L120: 0 | M120: 0 | N120: =SUM(E120:M120) -> 0
...

Sheet GLAGAH
C2: Kecamatan | D2: GLAGAH
C3: Kabupaten | D3: BANYUWANGI
C4: Provinsi | D4: JAWA TIMUR
C9: Kelurahan | D9: GLAGAH
A12: I | B12: DATA PEMILIH DAN PENGGUNAAN HAK PILIH | M12: JUMLAH AKHIR
A13: A | B13: DATA PEMILIH | E13: TPS 001 | F13: TPS 002 | G13: TPS 003 | H13: TPS 004 | I13: TPS 005 | J13: TPS 006 | K13: TPS 007 | L13: TPS 008
B14: Jumlah Pemilih dalam Daftar Pemilih Tetap (DPT) | D14: LK | E14: 129 | F14: 118 | G14: 128 | H14: 113 | I14: 131 | J14: 112 | K14: 123 | L14: 88 | M14: =SUM(E14:L14) -> 942
D15: PR | E15: 126 | F15: 117 | G15: 116 | H15: 129 | I15: 138 | J15: 128 | K15: 163 | L15: 106 | M15: =SUM(E15:L15) -> 1023
D16: JML | E16: =SUM(E14:E15) -> 255 | F16: =SUM(F14:F15) -> 235 | G16: =SUM(G14:G15) -> 244 | H16: =SUM(H14:H15) -> 242 | I16: =SUM(I14:I15) -> 269 | J16: =SUM(J14:J15) -> 240 | K16: =SUM(K14:K15) -> 286 | L16: =SUM(L14:L15) -> 194 | M16: =SUM(E16:L16) -> 1965
A18: B | B18: PENGGUNA HAK PILIH
B19: 1. | C19: Jumlah pengguna hak pilih dalam Daftar Pemilih Tetap (DPT) | D19: LK | E19: 106 | F19: 99 | G19: 105 | H19: 97 | I19: 112 | J19: 98 | K19: 99 | L19: 72 | M19: =SUM(E19:L19) -> 788
D20: PR | E20: 101 | F20: 105 | G20: 96 | H20: 120 | I20: 115 | J20: 116 | K20: 131 | L20: 90 | M20: =SUM(E20:L20) -> 874
D21: JML | E21: =SUM(E19:E20) -> 207 | F21: =SUM(F19:F20) -> 204 | G21: =SUM(G19:G20) -> 201 | H21: =SUM(H19:H20) -> 217 | I21: =SUM(I19:I20) -> 227 | J21: =SUM(J19:J20) -> 214 | K21: =SUM(K19:K20) -> 230 | L21: =SUM(L19:L20) -> 162 | M21: =SUM(E21:L21) -> 1662
B22: 2. | C22: Jumlah pengguna hak pilih dalam Daftar Pemilih Tambahan (DPTb) | D22: LK | E22: 0 | F22: 0 | G22: 0 | H22: 0 | I22: 0 | J22: 1 | K22: 0 | L22: 0 | M22: =SUM(E22:L22) -> 1
D23: PR | E23: 0 | F23: 0 | G23: 0 | H23: 0 | I23: 0 | J23: 0 | K23: 0 | L23: 0 | M23: =SUM(E23:L23) -> 0
D24: JML | E24: =SUM(E22:E23) -> 0 | F24: =SUM(F22:F23) -> 0 | G24: =SUM(G22:G23) -> 0 | H24: =SUM(H22:H23) -> 0 | I24: =SUM(I22:I23) -> 0 | J24: =SUM(J22:J23) -> 1 | K24: =SUM(K22:K23) -> 0 | L24: =SUM(L22:L23) -> 0 | M24: =SUM(E24:L24) -> 1
B25: 3. | C25: Jumlah pengguna hak pilih dalam Daftar Pemilih Khusus (DPK) | D25: LK | E25: 1 | F25: 1 | G25: 1 | H25: 2 | I25: 2 | J25: 0 | K25: 2 | L25: 0 | M25: =SUM(E25:L25) -> 9
D26: PR | E26: 2 | F26: 0 | G26: 6 | H26: 1 | I26: 1 | J26: 1 | K26: 7 | L26: 1 | M26: =SUM(E26:L26) -> 19
D27: JML | E27: =SUM(E25:E26) -> 3 | F27: =SUM(F25:F26) -> 1 | G27: =SUM(G25:G26) -> 7 | H27: =SUM(H25:H26) -> 3 | I27: =SUM(I25:I26) -> 3 | J27: =SUM(J25:J26) -> 1 | K27: =SUM(K25:K26) -> 9 | L27: =SUM(L25:L26) -> 1 | M27: =SUM(E27:L27) -> 28
B28: 4. | C28: Jumlah Pengguna Hak Pilih (B.1+B.2+B.3) | D28: LK | E28: =SUM(E19,E22,E25) -> 107 | F28: =SUM(F19,F22,F25) -> 100 | G28: =SUM(G19,G22,G25) -> 106 | H28: =SUM(H19,H22,H25) -> 99 | I28: =SUM(I19,I22,I25) -> 114 | J28: =SUM(J19,J22,J25) -> 99 | K28: =SUM(K19,K22,K25) -> 101 | L28: =SUM(L19,L22,L25) -> 72 | M28: =SUM(E28:L28) -> 798
D29: PR | E29: =SUM(E20,E23,E26) -> 103 | F29: =SUM(F20,F23,F26) -> 105 | G29: =SUM(G20,G23,G26) -> 102 | H29: =SUM(H20,H23,H26) -> 121 | I29: =SUM(I20,I23,I26) -> 116 | J29: =SUM(J20,J23,J26) -> 117 | K29: =SUM(K20,K23,K26) -> 138 | L29: =SUM(L20,L23,L26) -> 91 | M29: =SUM(E29:L29) -> 893
D30: JML | E30: =SUM(E28:E29) -> 210 | F30: =SUM(F28:F29) -> 205 | G30: =SUM(G28:G29) -> 208 | H30: =SUM(H28:H29) -> 220 | I30: =SUM(I28:I29) -> 230 | J30: =SUM(J28:J29) -> 216 | K30: =SUM(K28:K29) -> 239 | L30: =SUM(L28:L29) -> 163 | M30: =SUM(E30:L30) -> 1691
A32: II | B32: DATA PENGGUNAAN SURAT SUARA
A33: 1 | B33: Jumlah surat suara yang diterima, termasuk surat suara cadangan 2% dari DPT | E33: 261 | F33: 240 | G33: 249 | H33: 247 | I33: 275 | J33: 245 | K33: 292 | L33: 199 | M33: =SUM(E33:L33) -> 2008
A34: 2 | B34: Jumlah surat suara yang digunakan | E34: 210 | F34: 205 | G34: 208 | H34: 220 | I34: 230 | J34: 216 | K34: 239 | L34: 163 | M34: =SUM(E34:L34) -> 1691
A35: 3 | B35: Jumlah surat suara dikembalikan oleh pemilih (karena rusak atau keliru coblos) | E35: 0 | F35: 0 | G35: 0 | H35: 0 | I35: 0 | J35: 0 | K35: 0 | L35: 0 | M35: =SUM(E35:L35) -> 0
A36: 4 | B36: Jumlah surat suara yang tidak digunakan/tidak terpakai, termasuk sisa surat suara cadangan | E36: =E33-(E34+E35) -> 51 | F36: =F33-(F34+F35) -> 35 | G36: =G33-(G34+G35) -> 41 | H36: =H33-(H34+H35) -> 27 | I36: =I33-(I34+I35) -> 45 | J36: =J33-(J34+J35) -> 29 | K36: =K33-(K34+K35) -> 53 | L36: =L33-(L34+L35) -> 36 | M36: =SUM(E36:L36) -> 317
A38: III | B38: DATA PEMILIH DISABILITAS
B39: Jumlah seluruh Pemilih disabilitas yang menggunakan hak pilih | D39: LK | G39: 1 | M39: =SUM(E39:L39) -> 1
D40: PR | G40: 3 | L40: 1 | M40: =SUM(E40:L40) -> 4
D41: JML | E41: =SUM(E39:E40) -> 0 | F41: =SUM(F39:F40) -> 0 | G41: =SUM(G39:G40) -> 4 | H41: =SUM(H39:H40) -> 0 | I41: =SUM(I39:I40) -> 0 | J41: =SUM(J39:J40) -> 0 | K41: =SUM(K39:K40) -> 0 | L41: =SUM(L39:L40) -> 1 | M41: =SUM(E41:L41) -> 5
A43: IV | B43: DATA RINCIAN PEROLEHAN SUARA PASANGAN CALON BUPATI DAN WAKIL BUPATI
A44: NOMOR DAN NAMA CALON
A45: A.1 | B45: 1. | C45: Partai Kebangkitan Bangsa | E45: 2 | F45: 7 | G45: 4 | H45: 4 | I45: 3 | J45: 4 | K45: 3 | L45: 1 | M45: =SUM(E45:L45) -> 28
A46: A.2 | C46: 1. ANITA RANI, S.H. | E46: 1 | F46: 1 | G46: 3 | H46: 1 | I46: 2 | J46: 2 | K46: 2 | L46: 0 | M46: =SUM(E46:L46) -> 12
C47: 2. ANISAH MAHSUNAH, S.E. | E47: 0 | F47: 3 | G47: 1 | H47: 1 | I47: 0 | J47: 1 | K47: 1 | L47: 0 | M47: =SUM(E47:L47) -> 7
C48: 3. SENARI, S.Sos. | E48: 0 | F48: 0 | G48: 2 | H48: 0 | I48: 0 | J48: 0 | K48: 5 | L48: 0 | M48: =SUM(E48:L48) -> 7
C49: 4. VERAGAWATI, S.H. | E49: 0 | F49: 0 | G49: 0 | H49: 0 | I49: 0 | J49: 0 | K49: 0 | L49: 0 | M49: =SUM(E49:L49) -> 0
C50: 5. KURDI EHSAN | E50: 0 | F50: 0 | G50: 0 | H50: 0 | I50: 0 | J50: 0 | K50: 0 | L50: 0 | M50: =SUM(E50:L50) -> 0
C51: 6. BONDAN ARDYWIJAYA | E51: 0 | F51: 0 | G51: 1 | H51: 3 | I51: 0 | J51: 0 | K51: 0 | L51: 0 | M51: =SUM(E51:L51) -> 4
A52: B | B52: JUMLAH SUARA SAH PARTAI POLITIK DAN CALON (A1 + A2) | E52: =SUM(E45:E51) -> 3 | F52: =SUM(F45:F51) -> 11 | G52: =SUM(G45:G51) -> 11 | H52: =SUM(H45:H51) -> 9 | I52: =SUM(I45:I51) -> 5 | J52: =SUM(J45:J51) -> 7 | K52: =SUM(K45:K51) -> 11 | L52: =SUM(L45:L51) -> 1 | M52: =SUM(E52:L52) -> 58
A54: A.1 | B54: 2. | C54: Partai Gerakan Indonesia Raya | E54: 5 | F54: 7 | G54: 5 | H54: 3 | I54: 5 | J54: 9 | K54: 7 | L54: 2 | M54: =SUM(E54:L54) -> 43
A55: A.2 | C55: 1. Ir. H. NAUFAL BADRI | E55: 3 | F55: 1 | G55: 1 | H55: 0 | I55: 7 | J55: 8 | K55: 5 | L55: 3 | M55: =SUM(E55:L55) -> 28
C56: 2. ALI MUSTAUFIQ, S.Pd. | E56: 1 | F56: 3 | G56: 4 | H56: 1 | I56: 1 | J56: 3 | K56: 8 | L56: 1 | M56: =SUM(E56:L56) -> 22
C57: 3. Ir. IRA STEPHANI RAWUNG, M.M. | E57: 1 | F57: 2 | G57: 1 | H57: 1 | I57: 0 | J57: 0 | K57: 0 | L57: 0 | M57: =SUM(E57:L57) -> 5
C58: 4. Hj. LISMIYANA | E58: 0 | F58: 0 | G58: 0 | H58: 1 | I58: 0 | J58: 0 | K58: 0 | L58: 0 | M58: =SUM(E58:L58) -> 1
C59: 5. RIFKI PRIA HARTAWAN USMAN, S.H. | E59: 0 | F59: 0 | G59: 0 | H59: 2 | I59: 0 | J59: 0 | K59: 0 | L59: 1 | M59: =SUM(E59:L59) -> 3
C60: 6. KUNTI MAULIDATAS SAFROH, S.Sos. | E60: 0 | F60: 1 | G60: 0 | H60: 0 | I60: 0 | J60: 0 | K60: 0 | L60: 0 | M60: =SUM(E60:L60) -> 1
A61: B | B61: JUMLAH SUARA SAH PARTAI POLITIK DAN CALON (A1 + A2) | E61: =SUM(E54:E60) -> 10 | F61: =SUM(F54:F60) -> 14 | G61: =SUM(G54:G60) -> 11 | H61: =SUM(H54:H60) -> 8 | I61: =SUM(I54:I60) -> 13 | J61: =SUM(J54:J60) -> 20 | K61: =SUM(K54:K60) -> 20 | L61: =SUM(L54:L60) -> 7 | M61: =SUM(E61:L61) -> 103
A63: A.1 | B63: 3. | C63: Partai Demokrasi Indonesia Perjuangan | E63: 11 | F63: 12 | G63: 2 | H63: 6 | I63: 19 | J63: 13 | K63: 7 | L63: 8 | M63: =SUM(E63:L63) -> 78
A64: A.2 | C64: 1. TRI SOEDARYONO | E64: 14 | F64: 2 | G64: 4 | H64: 0 | I64: 0 | J64: 5 | K64: 6 | L64: 1 | M64: =SUM(E64:L64) -> 32
C65: 2. HEKSA SOEDARMADI, S.H. | E65: 3 | F65: 14 | G65: 7 | H65: 1 | I65: 5 | J65: 4 | K65: 6 | L65: 9 | M65: =SUM(E65:L65) -> 49
C66: 3. PRAMUDITA MAHARANI SAPUTRI | E66: 6 | F66: 10 | G66: 14 | H66: 16 | I66: 9 | J66: 16 | K66: 5 | L66: 3 | M66: =SUM(E66:L66) -> 79
C67: 4. SLAMET UTOMO | E67: 1 | F67: 1 | G67: 0 | H67: 0 | I67: 0 | J67: 0 | K67: 1 | L67: 0 | M67: =SUM(E67:L67) -> 3
C68: 5. MARCELINUS FLORIANUS GADI GAA | E68: 3 | F68: 3 | G68: 3 | H68: 0 | I68: 0 | J68: 2 | K68: 3 | L68: 3 | M68: =SUM(E68:L68) -> 17
C69: 6. RACHEL PUSPA ANGELIA | E69: 32 | F69: 41 | G69: 16 | H69: 7 | I69: 13 | J69: 12 | K69: 15 | L69: 6 | M69: =SUM(E69:L69) -> 142
A70: B | B70: JUMLAH SUARA SAH PARTAI POLITIK DAN CALON (A1 + A2) | E70: =SUM(E63:E69) -> 70 | F70: =SUM(F63:F69) -> 83 | G70: =SUM(G63:G69) -> 46 | H70: =SUM(H63:H69) -> 30 | I70: =SUM(I63:I69) -> 46 | J70: =SUM(J63:J69) -> 52 | K70: =SUM(K63:K69) -> 43 | L70: =SUM(L63:L69) -> 30 | M70: =SUM(E70:L70) -> 400
A72: A.1 | B72: 4. | C72: Partai Golongan Karya | E72: 2 | F72: 2 | G72: 4 | H72: 5 | I72: 11 | J72: 8 | K72: 11 | L72: 0 | M72: =SUM(E72:L72) -> 43
A73: A.2 | C73: 1. EVA HESTIYAWATI, S.E. | E73: 3 | F73: 0 | G73: 4 | H73: 4 | I73: 27 | J73: 4 | K73: 8 | L73: 4 | M73: =SUM(E73:L73) -> 54
C74: 2. MAS DWI SONY WIDIANTO | E74: 0 | F74: 0 | G74: 0 | H74: 1 | I74: 1 | J74: 0 | K74: 0 | L74: 0 | M74: =SUM(E74:L74) -> 2
C75: 3. YULIANTO | E75: 0 | F75: 0 | G75: 0 | H75: 0 | I75: 3 | J75: 0 | K75: 0 | L75: 0 | M75: =SUM(E75:L75) -> 3
C76: 4. MOCH. ZAENI, S.H., M.H. | E76: 1 | F76: 4 | G76: 1 | H76: 1 | I76: 1 | J76: 1 | K76: 13 | L76: 1 | M76: =SUM(E76:L76) -> 23
C77: 5. MEGA ANASTASIA CRISTANTY | E77: 0 | F77: 0 | G77: 0 | H77: 0 | I77: 0 | J77: 1 | K77: 0 | L77: 0 | M77: =SUM(E77:L77) -> 1
C78: 6. IMAN SANTOSO, S.E., M.M.H. | E78: 1 | F78: 0 | G78: 0 | H78: 1 | I78: 0 | J78: 1 | K78: 1 | L78: 0 | M78: =SUM(E78:L78) -> 4
A79: B | B79: JUMLAH SUARA SAH PARTAI POLITIK DAN CALON (A1 + A2) | E79: =SUM(E72:E78) -> 7 | F79: =SUM(F72:F78) -> 6 | G79: =SUM(G72:G78) -> 9 | H79: =SUM(H72:H78) -> 12 | I79: =SUM(I72:I78) -> 43 | J79: =SUM(J72:J78) -> 15 | K79: =SUM(K72:K78) -> 33 | L79: =SUM(L72:L78) -> 5 | M79: =SUM(E79:L79) -> 130
A81: A.1 | B81: 5. | C81: Partai NasDem | E81: 0 | F81: 0 | G81: 0 | H81: 0 | I81: 0 | J81: 5 | K81: 4 | L81: 3 | M81: =SUM(E81:L81) -> 12
A82: A.2 | C82: 1. ZAMRONI, S.H. | E82: 14 | F82: 15 | G82: 23 | H82: 21 | I82: 19 | J82: 22 | K82: 58 | L82: 74 | M82: =SUM(E82:L82) -> 246
C83: 2. AHMAD WIBISONO, S.T. | E83: 1 | F83: 1 | G83: 0 | H83: 1 | I83: 0 | J83: 0 | K83: 2 | L83: 0 | M83: =SUM(E83:L83) -> 5
C84: 3. Dra. EMY TRIASTUTIK, M.M. | E84: 0 | F84: 0 | G84: 0 | H84: 1 | I84: 3 | J84: 0 | K84: 2 | L84: 0 | M84: =SUM(E84:L84) -> 6
C85: 4. PEBDI ARISDIAWAN, S.E. | E85: 0 | F85: 0 | G85: 1 | H85: 0 | I85: 1 | J85: 0 | K85: 1 | L85: 0 | M85: =SUM(E85:L85) -> 3
C86: 5. BERNAT SIPAHUTAR, S.E. | E86: 0 | F86: 0 | G86: 3 | H86: 37 | I86: 6 | J86: 3 | K86: 1 | L86: 0 | M86: =SUM(E86:L86) -> 50
C87: 6. INDAH CATUR CAHYANINGTYAS | E87: 0 | F87: 0 | G87: 0 | H87: 1 | I87: 0 | J87: 0 | K87: 2 | L87: 0 | M87: =SUM(E87:L87) -> 3
A88: B | B88: JUMLAH SUARA SAH PARTAI POLITIK DAN CALON (A1 + A2) | E88: =SUM(E81:E87) -> 15 | F88: =SUM(F81:F87) -> 16 | G88: =SUM(G81:G87) -> 27 | H88: =SUM(H81:H87) -> 61 | I88: =SUM(I81:I87) -> 29 | J88: =SUM(J81:J87) -> 30 | K88: =SUM(K81:K87) -> 70 | L88: =SUM(L81:L87) -> 77 | M88: =SUM(E88:L88) -> 325
A90: A.1 | B90: 6. | C90: Partai Buruh | E90: 2 | F90: 5 | G90: 1 | H90: 3 | I90: 0 | J90: 0 | K90: 1 | L90: 1 | M90: =SUM(E90:L90) -> 13
A91: A.2 | C91: 1. SULASTRI, S.H. | E91: 0 | F91: 0 | G91: 2 | H91: 0 | I91: 0 | J91: 0 | K91: 0 | L91: 0 | M91: =SUM(E91:L91) -> 2
A92: B | B92: JUMLAH SUARA SAH PARTAI POLITIK DAN CALON (A1 + A2) | E92: =SUM(E90:E91) -> 2 | F92: =SUM(F90:F91) -> 5 | G92: =SUM(G90:G91) -> 3 | H92: =SUM(H90:H91) -> 3 | I92: =SUM(I90:I91) -> 0 | J92: =SUM(J90:J91) -> 0 | K92: =SUM(K90:K91) -> 1 | L92: =SUM(L90:L91) -> 1 | M92: =SUM(E92:L92) -> 15
A94: A.1 | B94: 7. | C94: Partai Gelombang Rakyat Indonesia | E94: 3 | F94: 0 | G94: 3 | H94: 2 | I94: 4 | J94: 1 | K94: 0 | L94: 5 | M94: =SUM(E94:L94) -> 18
A95: A.2 | C95: 1. H. SUGIARTO, S.E., M.Si. | E95: 21 | F95: 4 | G95: 24 | H95: 5 | I95: 7 | J95: 6 | K95: 1 | L95: 12 | M95: =SUM(E95:L95) -> 80
C96: 2. MUHTAR | E96: 0 | F96: 0 | G96: 0 | H96: 0 | I96: 0 | J96: 1 | K96: 0 | L96: 0 | M96: =SUM(E96:L96) -> 1
C97: 3. UNISSIAWATY | E97: 0 | F97: 0 | G97: 0 | H97: 0 | I97: 0 | J97: 0 | K97: 0 | L97: 0 | M97: =SUM(E97:L97) -> 0
C98: 4. DWI WAHYUDI | E98: 0 | F98: 0 | G98: 0 | H98: 0 | I98: 0 | J98: 0 | K98: 0 | L98: 0 | M98: =SUM(E98:L98) -> 0
C99: 5. ADINA MUTIARA KURNIAWAN, S.T. | E99: 0 | F99: 0 | G99: 1 | H99: 0 | I99: 0 | J99: 1 | K99: 0 | L99: 0 | M99: =SUM(E99:L99) -> 2
C100: 6. FIRMAN ISADI | E100: 0 | F100: 0 | G100: 0 | H100: 0 | I100: 0 | J100: 0 | K100: 0 | L100: 0 | M100: =SUM(E100:L100) -> 0
A101: B | B101: JUMLAH SUARA SAH PARTAI POLITIK DAN CALON (A1 + A2) | E101: =SUM(E94:E100) -> 24 | F101: =SUM(F94:F100) -> 4 | G101: =SUM(G94:G100) -> 28 | H101: =SUM(H94:H100) -> 7 | I101: =SUM(I94:I100) -> 11 | J101: =SUM(J94:J100) -> 9 | K101: =SUM(K94:K100) -> 1 | L101: =SUM(L94:L100) -> 17 | M101: =SUM(E101:L101) -> 101
A103: A.1 | B103: 8. | C103: Partai Keadilan Sejahtera | E103: 0 | F103: 0 | G103: 0 | H103: 3 | I103: 1 | J103: 1 | K103: 2 | L103: 0 | M103: =SUM(E103:L103) -> 7
A104: A.2 | C104: 1. NENI VIANTIN DIYAH MARTIVA, S.Pd. | E104: 1 | F104: 2 | G104: 3 | H104: 18 | I104: 6 | J104: 2 | K104: 6 | L104: 3 | M104: =SUM(E104:L104) -> 41
C105: 2. RINO AHMAD MURAD | E105: 0 | F105: 2 | G105: 0 | H105: 0 | I105: 0 | J105: 0 | K105: 0 | L105: 0 | M105: =SUM(E105:L105) -> 2
C106: 3. ASROR FAHRUDIN | E106: 0 | F106: 0 | G106: 0 | H106: 0 | I106: 1 | J106: 0 | K106: 0 | L106: 0 | M106: =SUM(E106:L106) -> 1
C107: 4. ABDUL KARIM | E107: 0 | F107: 0 | G107: 2 | H107: 0 | I107: 12 | J107: 1 | K107: 1 | L107: 0 | M107: =SUM(E107:L107) -> 16
C108: 5. ZIA UL HAK, S.H., M.Kn. | E108: 0 | F108: 0 | G108: 0 | H108: 0 | I108: 0 | J108: 0 | K108: 0 | L108: 0 | M108: =SUM(E108:L108) -> 0
C109: 6. MUNA AZ ZAHRA | E109: 3 | F109: 1 | G109: 0 | H109: 0 | I109: 0 | J109: 0 | K109: 1 | L109: 0 | M109: =SUM(E109:L109) -> 5
A110: B | B110: JUMLAH SUARA SAH PARTAI POLITIK DAN CALON (A1 + A2) | E110: =SUM(E103:E109) -> 4 | F110: =SUM(F103:F109) -> 5 | G110: =SUM(G103:G109) -> 5 | H110: =SUM(H103:H109) -> 21 | I110: =SUM(I103:I109) -> 20 | J110: =SUM(J103:J109) -> 4 | K110: =SUM(K103:K109) -> 10 | L110: =SUM(L103:L109) -> 3 | M110: =SUM(E110:L110) -> 72
A112: A.1 | B112: 9. | C112: Partai Kebangkitan Nusantara | M112: =SUM(E112:L112) -> 0
A113: A.2 | C113: 1. LILIS SURYANI | M113: =SUM(E113:L113) -> 0
A114: B | B114: JUMLAH SUARA SAH PARTAI POLITIK DAN CALON (A1 + A2) | E114: =SUM(E112:E113) -> 0 | F114: =SUM(F112:F113) -> 0 | G114: =SUM(G112:G113) -> 0 | H114: =SUM(H112:H113) -> 0 | I114: =SUM(I112:I113) -> 0 | J114: =SUM(J112:J113) -> 0 | K114: =SUM(K112:K113) -> 0 | L114: =SUM(L112:L113) -> 0 | M114: =SUM(E114:L114) -> 0
A116: A.1 | B116: 10. | C116: Partai Hati Nurani Rakyat | E116: 1 | F116: 2 | G116: 1 | H116: 0 | I116: 1 | J116: 0 | K116: 1 | L116: 0 | M116: =SUM(E116:L116) -> 6
A117: A.2 | C117: 1. Ir. BASUKI RACHMAD | E117: 8 | F117: 5 | G117: 2 | H117: 0 | I117: 1 | J117: 2 | K117: 8 | L117: 3 | M117: =SUM(E117:L117) -> 29
C118: 2. H. VERDIYANTO WELLYA | E118: 1 | F118: 0 | G118: 0 | H118: 0 | I118: 0 | J118: 0 | K118: 0 | L118: 0 | M118: =SUM(E118:L118) -> 1
C119: 3. Hj. LILIK YULIATI, S.A.P. | E119: 4 | F119: 6 | G119: 0 | H119: 1 | I119: 10 | J119: 1 | K119: 0 | L119: 0 | M119: =SUM(E119:L119) -> 22
C120: 4. H. ABDUL HADI, S.Pd.I., M.Pd. | E120: 0 | F120: 0 | G120: 1 | H120: 0 | I120: 0 | J120: 0 | K120: 0 | L120: 0 | M120: =SUM(E120:L120) -> 1
...

Sheet PASPAN
C2: Kecamatan | D2: GLAGAH
C3: Kabupaten | D3: BANYUWANGI
C4: Provinsi | D4: JAWA TIMUR
C9: Kelurahan | D9: PASPAN
A12: I | B12: DATA PEMILIH DAN PENGGUNAAN HAK PILIH | P12: JUMLAH AKHIR
A13: A | B13: DATA PEMILIH | E13: TPS 001 | F13: TPS 002 | G13: TPS 003 | H13: TPS 004 | I13: TPS 005 | J13: TPS 006 | K13: TPS 007 | L13: TPS 008 | M13: TPS 009 | N13: TPS 010 | O13: TPS 011
B14: Jumlah Pemilih dalam Daftar Pemilih Tetap (DPT) | D14: LK | E14: 113 | F14: 114 | G14: 111 | H14: 115 | I14: 110 | J14: 116 | K14: 124 | L14: 125 | M14: 124 | N14: 122 | O14: 129 | P14: =SUM(E14:O14) -> 1303
D15: PR | E15: 109 | F15: 113 | G15: 111 | H15: 112 | I15: 112 | J15: 113 | K15: 112 | L15: 128 | M15: 102 | N15: 112 | O15: 129 | P15: =SUM(E15:O15) -> 1253
D16: JML | E16: =SUM(E14:E15) -> 222 | F16: =SUM(F14:F15) -> 227 | G16: =SUM(G14:G15) -> 222 | H16: =SUM(H14:H15) -> 227 | I16: =SUM(I14:I15) -> 222 | J16: =SUM(J14:J15) -> 229 | K16: =SUM(K14:K15) -> 236 | L16: =SUM(L14:L15) -> 253 | ... O16: =SUM(O14:O15) -> 258 | P16: =SUM(E16:O16) -> 2556
A18: B | B18: PENGGUNA HAK PILIH
B19: 1. | C19: Jumlah pengguna hak pilih dalam Daftar Pemilih Tetap (DPT) | D19: LK | E19: 90 | F19: 100 | G19: 93 | H19: 97 | I19: 97 | J19: 97 | K19: 112 | L19: 105 | M19: 102 | N19: 97 | O19: 117 | P19: =SUM(E19:O19) -> 1107
D20: PR | E20: 99 | F20: 108 | G20: 99 | H20: 103 | I20: 110 | J20: 109 | K20: 103 | L20: 118 | M20: 88 | N20: 95 | O20: 117 | P20: =SUM(E20:O20) -> 1149
D21: JML | E21: =SUM(E19:E20) -> 189 | F21: =SUM(F19:F20) -> 208 | G21: =SUM(G19:G20) -> 192 | H21: =SUM(H19:H20) -> 200 | I21: =SUM(I19:I20) -> 207 | J21: =SUM(J19:J20) -> 206 | K21: =SUM(K19:K20) -> 215 | L21: =SUM(L19:L20) -> 223 | ... O21: =SUM(O19:O20) -> 234 | P21: =SUM(E21:O21) -> 2256
B22: 2. | C22: Jumlah pengguna hak pilih dalam Daftar Pemilih Tambahan (DPTb) | D22: LK | E22: 0 | F22: 0 | G22: 0 | H22: 0 | I22: 0 | J22: 0 | K22: 0 | L22: 0 | M22: 0 | N22: 0 | O22: 0 | P22: =SUM(E22:O22) -> 0
D23: PR | E23: 1 | F23: 0 | G23: 0 | H23: 0 | I23: 0 | J23: 0 | K23: 0 | L23: 0 | M23: 0 | N23: 1 | O23: 1 | P23: =SUM(E23:O23) -> 3
D24: JML | E24: =SUM(E22:E23) -> 1 | F24: =SUM(F22:F23) -> 0 | G24: =SUM(G22:G23) -> 0 | H24: =SUM(H22:H23) -> 0 | I24: =SUM(I22:I23) -> 0 | J24: =SUM(J22:J23) -> 0 | K24: =SUM(K22:K23) -> 0 | L24: =SUM(L22:L23) -> 0 | ... O24: =SUM(O22:O23) -> 1 | P24: =SUM(E24:O24) -> 3
B25: 3. | C25: Jumlah pengguna hak pilih dalam Daftar Pemilih Khusus (DPK) | D25: LK | E25: 0 | F25: 0 | G25: 0 | H25: 2 | I25: 0 | J25: 0 | K25: 0 | L25: 0 | M25: 0 | N25: 0 | O25: 1 | P25: =SUM(E25:O25) -> 3
D26: PR | E26: 0 | F26: 0 | G26: 0 | H26: 3 | I26: 2 | J26: 0 | K26: 0 | L26: 2 | M26: 0 | N26: 0 | O26: 1 | P26: =SUM(E26:O26) -> 8
D27: JML | E27: =SUM(E25:E26) -> 0 | F27: =SUM(F25:F26) -> 0 | G27: =SUM(G25:G26) -> 0 | H27: =SUM(H25:H26) -> 5 | I27: =SUM(I25:I26) -> 2 | J27: =SUM(J25:J26) -> 0 | K27: =SUM(K25:K26) -> 0 | L27: =SUM(L25:L26) -> 2 | ... O27: =SUM(O25:O26) -> 2 | P27: =SUM(E27:O27) -> 11
B28: 4. | C28: Jumlah Pengguna Hak Pilih (B.1+B.2+B.3) | D28: LK | E28: =SUM(E19,E22,E25) -> 90 | F28: =SUM(F19,F22,F25) -> 100 | G28: =SUM(G19,G22,G25) -> 93 | H28: =SUM(H19,H22,H25) -> 99 | I28: =SUM(I19,I22,I25) -> 97 | J28: =SUM(J19,J22,J25) -> 97 | K28: =SUM(K19,K22,K25) -> 112 | L28: =SUM(L19,L22,L25) -> 105 | ... O28: =SUM(O19,O22,O25) -> 118 | P28: =SUM(E28:O28) -> 1110
D29: PR | E29: =SUM(E20,E23,E26) -> 100 | F29: =SUM(F20,F23,F26) -> 108 | G29: =SUM(G20,G23,G26) -> 99 | H29: =SUM(H20,H23,H26) -> 106 | I29: =SUM(I20,I23,I26) -> 112 | J29: =SUM(J20,J23,J26) -> 109 | K29: =SUM(K20,K23,K26) -> 103 | L29: =SUM(L20,L23,L26) -> 120 | ... O29: =SUM(O20,O23,O26) -> 119 | P29: =SUM(E29:O29) -> 1160
D30: JML | E30: =SUM(E28:E29) -> 190 | F30: =SUM(F28:F29) -> 208 | G30: =SUM(G28:G29) -> 192 | H30: =SUM(H28:H29) -> 205 | I30: =SUM(I28:I29) -> 209 | J30: =SUM(J28:J29) -> 206 | K30: =SUM(K28:K29) -> 215 | L30: =SUM(L28:L29) -> 225 | ... O30: =SUM(O28:O29) -> 237 | P30: =SUM(E30:O30) -> 2270
A32: II | B32: DATA PENGGUNAAN SURAT SUARA
A33: 1 | B33: Jumlah surat suara yang diterima, termasuk surat suara cadangan 2% dari DPT | E33: 227 | F33: 232 | G33: 227 | H33: 232 | I33: 227 | J33: 234 | K33: 239 | L33: 259 | M33: 228 | N33: 239 | O33: 264 | P33: =SUM(E33:O33) -> 2608
A34: 2 | B34: Jumlah surat suara yang digunakan | E34: 190 | F34: 208 | G34: 192 | H34: 205 | I34: 209 | J34: 206 | K34: 215 | L34: 225 | M34: 190 | N34: 193 | O34: 237 | P34: =SUM(E34:O34) -> 2270
A35: 3 | B35: Jumlah surat suara dikembalikan oleh pemilih (karena rusak atau keliru coblos) | E35: 5 | F35: 1 | G35: 0 | H35: 0 | I35: 0 | J35: 0 | K35: 0 | L35: 0 | M35: 0 | N35: 0 | O35: 0 | P35: =SUM(E35:O35) -> 6
A36: 4 | B36: Jumlah surat suara yang tidak digunakan/tidak terpakai, termasuk sisa surat suara cadangan | E36: =E33-(E34+E35) -> 32 | F36: =F33-(F34+F35) -> 23 | G36: =G33-(G34+G35) -> 35 | H36: =H33-(H34+H35) -> 27 | I36: =I33-(I34+I35) -> 18 | J36: =J33-(J34+J35) -> 28 | K36: =K33-(K34+K35) -> 24 | L36: =L33-(L34+L35) -> 34 | ... O36: =O33-(O34+O35) -> 27 | P36: =SUM(E36:O36) -> 332
A38: III | B38: DATA PEMILIH DISABILITAS
B39: Jumlah seluruh Pemilih disabilitas yang menggunakan hak pilih | D39: LK | P39: =SUM(E39:O39) -> 0
D40: PR | P40: =SUM(E40:O40) -> 0
D41: JML | E41: =SUM(E39:E40) -> 0 | F41: =SUM(F39:F40) -> 0 | G41: =SUM(G39:G40) -> 0 | H41: =SUM(H39:H40) -> 0 | I41: =SUM(I39:I40) -> 0 | J41: =SUM(J39:J40) -> 0 | K41: =SUM(K39:K40) -> 0 | L41: =SUM(L39:L40) -> 0 | ... O41: =SUM(O39:O40) -> 0 | P41: =SUM(E41:O41) -> 0
A43: IV | B43: DATA RINCIAN PEROLEHAN SUARA PASANGAN CALON BUPATI DAN WAKIL BUPATI
A44: NOMOR DAN NAMA CALON
A45: A.1 | B45: 1. | C45: Partai Kebangkitan Bangsa | E45: 10 | F45: 7 | G45: 6 | H45: 9 | I45: 3 | J45: 4 | K45: 2 | L45: 3 | M45: 1 | N45: 7 | O45: 2 | P45: =SUM(E45:O45) -> 54
A46: A.2 | C46: 1. ANITA RANI, S.H. | E46: 7 | F46: 9 | G46: 10 | H46: 4 | I46: 0 | J46: 1 | K46: 3 | L46: 3 | M46: 4 | N46: 3 | O46: 3 | P46: =SUM(E46:O46) -> 47
C47: 2. ANISAH MAHSUNAH, S.E. | E47: 4 | F47: 3 | G47: 5 | H47: 5 | I47: 2 | J47: 1 | K47: 0 | L47: 2 | M47: 0 | N47: 1 | O47: 5 | P47: =SUM(E47:O47) -> 28
C48: 3. SENARI, S.Sos. | E48: 1 | F48: 0 | G48: 0 | H48: 0 | I48: 0 | J48: 1 | K48: 0 | L48: 0 | M48: 1 | N48: 1 | O48: 1 | P48: =SUM(E48:O48) -> 5
C49: 4. VERAGAWATI, S.H. | E49: 0 | F49: 0 | G49: 0 | H49: 1 | I49: 0 | J49: 0 | K49: 0 | L49: 0 | M49: 0 | N49: 2 | O49: 0 | P49: =SUM(E49:O49) -> 3
C50: 5. KURDI EHSAN | E50: 0 | F50: 0 | G50: 1 | H50: 0 | I50: 0 | J50: 0 | K50: 1 | L50: 0 | M50: 0 | N50: 0 | O50: 0 | P50: =SUM(E50:O50) -> 2
C51: 6. BONDAN ARDYWIJAYA | E51: 2 | F51: 0 | G51: 0 | H51: 0 | I51: 0 | J51: 0 | K51: 0 | L51: 0 | M51: 0 | N51: 0 | O51: 0 | P51: =SUM(E51:O51) -> 2
A52: B | B52: JUMLAH SUARA SAH PARTAI POLITIK DAN CALON (A1 + A2) | E52: =SUM(E45:E51) -> 24 | F52: =SUM(F45:F51) -> 19 | G52: =SUM(G45:G51) -> 22 | H52: =SUM(H45:H51) -> 19 | I52: =SUM(I45:I51) -> 5 | J52: =SUM(J45:J51) -> 7 | K52: =SUM(K45:K51) -> 6 | L52: =SUM(L45:L51) -> 8 | ... O52: =SUM(O45:O51) -> 11 | P52: =SUM(E52:O52) -> 141
A54: A.1 | B54: 2. | C54: Partai Gerakan Indonesia Raya | E54: 5 | F54: 7 | G54: 3 | H54: 10 | I54: 4 | J54: 4 | K54: 3 | L54: 2 | M54: 5 | N54: 2 | O54: 0 | P54: =SUM(E54:O54) -> 45
A55: A.2 | C55: 1. Ir. H. NAUFAL BADRI | E55: 2 | F55: 4 | G55: 2 | H55: 4 | I55: 1 | J55: 2 | K55: 2 | L55: 0 | M55: 1 | N55: 1 | O55: 1 | P55: =SUM(E55:O55) -> 20
C56: 2. ALI MUSTAUFIQ, S.Pd. | E56: 6 | F56: 4 | G56: 1 | H56: 4 | I56: 2 | J56: 3 | K56: 1 | L56: 2 | M56: 0 | N56: 1 | O56: 0 | P56: =SUM(E56:O56) -> 24
C57: 3. Ir. IRA STEPHANI RAWUNG, M.M. | E57: 0 | F57: 0 | G57: 0 | H57: 2 | I57: 0 | J57: 1 | K57: 1 | L57: 1 | M57: 0 | N57: 0 | O57: 0 | P57: =SUM(E57:O57) -> 5
C58: 4. Hj. LISMIYANA | E58: 0 | F58: 0 | G58: 0 | H58: 1 | I58: 1 | J58: 0 | K58: 0 | L58: 0 | M58: 0 | N58: 0 | O58: 0 | P58: =SUM(E58:O58) -> 2
C59: 5. RIFKI PRIA HARTAWAN USMAN, S.H. | E59: 1 | F59: 0 | G59: 0 | H59: 7 | I59: 11 | J59: 1 | K59: 0 | L59: 0 | M59: 1 | N59: 4 | O59: 1 | P59: =SUM(E59:O59) -> 26
C60: 6. KUNTI MAULIDATAS SAFROH, S.Sos. | E60: 0 | F60: 0 | G60: 0 | H60: 0 | I60: 0 | J60: 1 | K60: 0 | L60: 0 | M60: 0 | N60: 0 | O60: 0 | P60: =SUM(E60:O60) -> 1
A61: B | B61: JUMLAH SUARA SAH PARTAI POLITIK DAN CALON (A1 + A2) | E61: =SUM(E54:E60) -> 14 | F61: =SUM(F54:F60) -> 15 | G61: =SUM(G54:G60) -> 6 | H61: =SUM(H54:H60) -> 28 | I61: =SUM(I54:I60) -> 19 | J61: =SUM(J54:J60) -> 12 | K61: =SUM(K54:K60) -> 7 | L61: =SUM(L54:L60) -> 5 | ... O61: =SUM(O54:O60) -> 2 | P61: =SUM(E61:O61) -> 123
A63: A.1 | B63: 3. | C63: Partai Demokrasi Indonesia Perjuangan | E63: 2 | F63: 3 | G63: 3 | H63: 7 | I63: 9 | J63: 3 | K63: 8 | L63: 6 | M63: 6 | N63: 4 | O63: 1 | P63: =SUM(E63:O63) -> 52
A64: A.2 | C64: 1. TRI SOEDARYONO | E64: 2 | F64: 3 | G64: 1 | H64: 0 | I64: 7 | J64: 1 | K64: 1 | L64: 0 | M64: 0 | N64: 0 | O64: 1 | P64: =SUM(E64:O64) -> 16
C65: 2. HEKSA SOEDARMADI, S.H. | E65: 4 | F65: 0 | G65: 0 | H65: 5 | I65: 4 | J65: 0 | K65: 0 | L65: 0 | M65: 0 | N65: 0 | O65: 1 | P65: =SUM(E65:O65) -> 14
C66: 3. PRAMUDITA MAHARANI SAPUTRI | E66: 6 | F66: 3 | G66: 0 | H66: 4 | I66: 6 | J66: 3 | K66: 0 | L66: 4 | M66: 1 | N66: 1 | O66: 2 | P66: =SUM(E66:O66) -> 30
C67: 4. SLAMET UTOMO | E67: 1 | F67: 0 | G67: 0 | H67: 0 | I67: 3 | J67: 0 | K67: 3 | L67: 1 | M67: 0 | N67: 0 | O67: 0 | P67: =SUM(E67:O67) -> 8
C68: 5. MARCELINUS FLORIANUS GADI GAA | E68: 13 | F68: 8 | G68: 7 | H68: 7 | I68: 6 | J68: 26 | K68: 8 | L68: 3 | M68: 1 | N68: 10 | O68: 7 | P68: =SUM(E68:O68) -> 96
C69: 6. RACHEL PUSPA ANGELIA | E69: 3 | F69: 3 | G69: 1 | H69: 3 | I69: 21 | J69: 2 | K69: 1 | L69: 1 | M69: 1 | N69: 0 | O69: 0 | P69: =SUM(E69:O69) -> 36
A70: B | B70: JUMLAH SUARA SAH PARTAI POLITIK DAN CALON (A1 + A2) | E70: =SUM(E63:E69) -> 31 | F70: =SUM(F63:F69) -> 20 | G70: =SUM(G63:G69) -> 12 | H70: =SUM(H63:H69) -> 26 | I70: =SUM(I63:I69) -> 56 | J70: =SUM(J63:J69) -> 35 | K70: =SUM(K63:K69) -> 21 | L70: =SUM(L63:L69) -> 15 | ... O70: =SUM(O63:O69) -> 12 | P70: =SUM(E70:O70) -> 252
A72: A.1 | B72: 4. | C72: Partai Golongan Karya | E72: 4 | F72: 3 | G72: 2 | H72: 1 | I72: 1 | J72: 1 | K72: 1 | L72: 3 | M72: 2 | N72: 3 | O72: 1 | P72: =SUM(E72:O72) -> 22
A73: A.2 | C73: 1. EVA HESTIYAWATI, S.E. | E73: 6 | F73: 8 | G73: 1 | H73: 5 | I73: 12 | J73: 0 | K73: 1 | L73: 5 | M73: 4 | N73: 5 | O73: 2 | P73: =SUM(E73:O73) -> 49
C74: 2. MAS DWI SONY WIDIANTO | E74: 0 | F74: 0 | G74: 1 | H74: 1 | I74: 0 | J74: 0 | K74: 1 | L74: 0 | M74: 0 | N74: 0 | O74: 0 | P74: =SUM(E74:O74) -> 3
C75: 3. YULIANTO | E75: 0 | F75: 1 | G75: 0 | H75: 0 | I75: 0 | J75: 1 | K75: 0 | L75: 0 | M75: 0 | N75: 0 | O75: 0 | P75: =SUM(E75:O75) -> 2
C76: 4. MOCH. ZAENI, S.H., M.H. | E76: 6 | F76: 10 | G76: 7 | H76: 2 | I76: 2 | J76: 0 | K76: 0 | L76: 0 | M76: 0 | N76: 0 | O76: 0 | P76: =SUM(E76:O76) -> 27
C77: 5. MEGA ANASTASIA CRISTANTY | E77: 1 | F77: 0 | G77: 0 | H77: 0 | I77: 0 | J77: 0 | K77: 0 | L77: 0 | M77: 0 | N77: 0 | O77: 0 | P77: =SUM(E77:O77) -> 1
C78: 6. IMAN SANTOSO, S.E., M.M.H. | E78: 0 | F78: 0 | G78: 0 | H78: 0 | I78: 1 | J78: 0 | K78: 0 | L78: 0 | M78: 0 | N78: 0 | O78: 0 | P78: =SUM(E78:O78) -> 1
A79: B | B79: JUMLAH SUARA SAH PARTAI POLITIK DAN CALON (A1 + A2) | E79: =SUM(E72:E78) -> 17 | F79: =SUM(F72:F78) -> 22 | G79: =SUM(G72:G78) -> 11 | H79: =SUM(H72:H78) -> 9 | I79: =SUM(I72:I78) -> 16 | J79: =SUM(J72:J78) -> 2 | K79: =SUM(K72:K78) -> 3 | L79: =SUM(L72:L78) -> 8 | ... O79: =SUM(O72:O78) -> 3 | P79: =SUM(E79:O79) -> 105
A81: A.1 | B81: 5. | C81: Partai NasDem | E81: 2 | F81: 1 | G81: 1 | H81: 4 | I81: 3 | J81: 2 | K81: 9 | L81: 10 | M81: 4 | N81: 2 | O81: 9 | P81: =SUM(E81:O81) -> 47
A82: A.2 | C82: 1. ZAMRONI, S.H. | E82: 13 | F82: 21 | G82: 0 | H82: 20 | I82: 8 | J82: 16 | K82: 21 | L82: 35 | M82: 20 | N82: 10 | O82: 68 | P82: =SUM(E82:O82) -> 232
C83: 2. AHMAD WIBISONO, S.T. | E83: 0 | F83: 1 | G83: 0 | H83: 0 | I83: 0 | J83: 0 | K83: 0 | L83: 1 | M83: 1 | N83: 0 | O83: 3 | P83: =SUM(E83:O83) -> 6
C84: 3. Dra. EMY TRIASTUTIK, M.M. | E84: 0 | F84: 0 | G84: 0 | H84: 0 | I84: 2 | J84: 0 | K84: 0 | L84: 1 | M84: 0 | N84: 0 | O84: 1 | P84: =SUM(E84:O84) -> 4
C85: 4. PEBDI ARISDIAWAN, S.E. | E85: 0 | F85: 0 | G85: 0 | H85: 1 | I85: 0 | J85: 0 | K85: 0 | L85: 0 | M85: 2 | N85: 0 | O85: 0 | P85: =SUM(E85:O85) -> 3
C86: 5. BERNAT SIPAHUTAR, S.E. | E86: 3 | F86: 2 | G86: 2 | H86: 1 | I86: 1 | J86: 0 | K86: 36 | L86: 62 | M86: 56 | N86: 55 | O86: 33 | P86: =SUM(E86:O86) -> 251
C87: 6. INDAH CATUR CAHYANINGTYAS | E87: 0 | F87: 0 | G87: 0 | H87: 0 | I87: 0 | J87: 0 | K87: 1 | L87: 0 | M87: 0 | N87: 0 | O87: 0 | P87: =SUM(E87:O87) -> 1
A88: B | B88: JUMLAH SUARA SAH PARTAI POLITIK DAN CALON (A1 + A2) | E88: =SUM(E81:E87) -> 18 | F88: =SUM(F81:F87) -> 25 | G88: =SUM(G81:G87) -> 3 | H88: =SUM(H81:H87) -> 26 | I88: =SUM(I81:I87) -> 14 | J88: =SUM(J81:J87) -> 18 | K88: =SUM(K81:K87) -> 67 | L88: =SUM(L81:L87) -> 109 | ... O88: =SUM(O81:O87) -> 114 | P88: =SUM(E88:O88) -> 544
A90: A.1 | B90: 6. | C90: Partai Buruh | E90: 0 | F90: 0 | G90: 1 | H90: 1 | I90: 3 | J90: 2 | K90: 0 | L90: 0 | M90: 0 | N90: 0 | O90: 0 | P90: =SUM(E90:O90) -> 7
A91: A.2 | C91: 1. SULASTRI, S.H. | E91: 0 | F91: 1 | G91: 0 | H91: 0 | I91: 1 | J91: 0 | K91: 0 | L91: 2 | M91: 0 | N91: 0 | O91: 0 | P91: =SUM(E91:O91) -> 4
A92: B | B92: JUMLAH SUARA SAH PARTAI POLITIK DAN CALON (A1 + A2) | E92: =SUM(E90:E91) -> 0 | F92: =SUM(F90:F91) -> 1 | G92: =SUM(G90:G91) -> 1 | H92: =SUM(H90:H91) -> 1 | I92: =SUM(I90:I91) -> 4 | J92: =SUM(J90:J91) -> 2 | K92: =SUM(K90:K91) -> 0 | L92: =SUM(L90:L91) -> 2 | ... O92: =SUM(O90:O91) -> 0 | P92: =SUM(E92:O92) -> 11
A94: A.1 | B94: 7. | C94: Partai Gelombang Rakyat Indonesia | E94: 2 | F94: 0 | G94: 4 | H94: 3 | I94: 1 | J94: 0 | K94: 8 | L94: 5 | M94: 4 | N94: 1 | O94: 4 | P94: =SUM(E94:O94) -> 32
A95: A.2 | C95: 1. H. SUGIARTO, S.E., M.Si. | E95: 5 | F95: 0 | G95: 10 | H95: 12 | I95: 4 | J95: 9 | K95: 15 | L95: 13 | M95: 6 | N95: 6 | O95: 17 | P95: =SUM(E95:O95) -> 97
C96: 2. MUHTAR | E96: 0 | F96: 1 | G96: 0 | H96: 0 | I96: 0 | J96: 0 | K96: 1 | L96: 2 | M96: 0 | N96: 0 | O96: 0 | P96: =SUM(E96:O96) -> 4
C97: 3. UNISSIAWATY | E97: 0 | F97: 0 | G97: 0 | H97: 1 | I97: 1 | J97: 1 | K97: 1 | L97: 1 | M97: 0 | N97: 0 | O97: 0 | P97: =SUM(E97:O97) -> 5
C98: 4. DWI WAHYUDI | E98: 0 | F98: 0 | G98: 0 | H98: 0 | I98: 1 | J98: 0 | K98: 0 | L98: 0 | M98: 0 | N98: 0 | O98: 0 | P98: =SUM(E98:O98) -> 1
C99: 5. ADINA MUTIARA KURNIAWAN, S.T. | E99: 0 | F99: 0 | G99: 0 | H99: 0 | I99: 0 | J99: 0 | K99: 1 | L99: 0 | M99: 0 | N99: 0 | O99: 0 | P99: =SUM(E99:O99) -> 1
C100: 6. FIRMAN ISADI | E100: 0 | F100: 0 | G100: 0 | H100: 0 | I100: 0 | J100: 0 | K100: 0 | L100: 0 | M100: 0 | N100: 0 | O100: 0 | P100: =SUM(E100:O100) -> 0
A101: B | B101: JUMLAH SUARA SAH PARTAI POLITIK DAN CALON (A1 + A2) | E101: =SUM(E94:E100) -> 7 | F101: =SUM(F94:F100) -> 1 | G101: =SUM(G94:G100) -> 14 | H101: =SUM(H94:H100) -> 16 | I101: =SUM(I94:I100) -> 7 | J101: =SUM(J94:J100) -> 10 | K101: =SUM(K94:K100) -> 26 | L101: =SUM(L94:L100) -> 21 | ... O101: =SUM(O94:O100) -> 21 | P101: =SUM(E101:O101) -> 140
A103: A.1 | B103: 8. | C103: Partai Keadilan Sejahtera | E103: 1 | F103: 0 | G103: 0 | H103: 1 | I103: 0 | J103: 3 | K103: 2 | L103: 0 | M103: 1 | N103: 1 | O103: 0 | P103: =SUM(E103:O103) -> 9
A104: A.2 | C104: 1. NENI VIANTIN DIYAH MARTIVA, S.Pd. | E104: 0 | F104: 0 | G104: 0 | H104: 1 | I104: 9 | J104: 11 | K104: 0 | L104: 0 | M104: 0 | N104: 2 | O104: 0 | P104: =SUM(E104:O104) -> 23
C105: 2. RINO AHMAD MURAD | E105: 0 | F105: 0 | G105: 0 | H105: 0 | I105: 0 | J105: 0 | K105: 0 | L105: 0 | M105: 0 | N105: 0 | O105: 0 | P105: =SUM(E105:O105) -> 0
C106: 3. ASROR FAHRUDIN | E106: 0 | F106: 0 | G106: 0 | H106: 0 | I106: 0 | J106: 0 | K106: 0 | L106: 0 | M106: 0 | N106: 0 | O106: 0 | P106: =SUM(E106:O106) -> 0
C107: 4. ABDUL KARIM | E107: 0 | F107: 0 | G107: 0 | H107: 0 | I107: 0 | J107: 0 | K107: 0 | L107: 0 | M107: 1 | N107: 0 | O107: 0 | P107: =SUM(E107:O107) -> 1
C108: 5. ZIA UL HAK, S.H., M.Kn. | E108: 0 | F108: 0 | G108: 0 | H108: 0 | I108: 0 | J108: 0 | K108: 0 | L108: 0 | M108: 0 | N108: 0 | O108: 0 | P108: =SUM(E108:O108) -> 0
C109: 6. MUNA AZ ZAHRA | E109: 0 | F109: 0 | G109: 0 | H109: 0 | I109: 0 | J109: 0 | K109: 4 | L109: 0 | M109: 0 | N109: 2 | O109: 2 | P109: =SUM(E109:O109) -> 8
A110: B | B110: JUMLAH SUARA SAH PARTAI POLITIK DAN CALON (A1 + A2) | E110: =SUM(E103:E109) -> 1 | F110: =SUM(F103:F109) -> 0 | G110: =SUM(G103:G109) -> 0 | H110: =SUM(H103:H109) -> 2 | I110: =SUM(I103:I109) -> 9 | J110: =SUM(J103:J109) -> 14 | K110: =SUM(K103:K109) -> 6 | L110: =SUM(L103:L109) -> 0 | ... O110: =SUM(O103:O109) -> 2 | P110: =SUM(E110:O110) -> 41
A112: A.1 | B112: 9. | C112: Partai Kebangkitan Nusantara | E112: 0 | F112: 1 | G112: 0 | H112: 0 | I112: 0 | J112: 0 | K112: 0 | L112: 0 | M112: 0 | N112: 0 | O112: 0 | P112: =SUM(E112:O112) -> 1
A113: A.2 | C113: 1. LILIS SURYANI | E113: 0 | F113: 0 | G113: 0 | H113: 0 | I113: 0 | J113: 0 | K113: 0 | L113: 0 | M113: 0 | N113: 0 | O113: 0 | P113: =SUM(E113:O113) -> 0
A114: B | B114: JUMLAH SUARA SAH PARTAI POLITIK DAN CALON (A1 + A2) | E114: =SUM(E112:E113) -> 0 | F114: =SUM(F112:F113) -> 1 | G114: =SUM(G112:G113) -> 0 | H114: =SUM(H112:H113) -> 0 | I114: =SUM(I112:I113) -> 0 | J114: =SUM(J112:J113) -> 0 | K114: =SUM(K112:K113) -> 0 | L114: =SUM(L112:L113) -> 0 | ... O114: =SUM(O112:O113) -> 0 | P114: =SUM(E114:O114) -> 1
A116: A.1 | B116: 10. | C116: Partai Hati Nurani Rakyat | E116: 6 | F116: 4 | G116: 3 | H116: 2 | I116: 3 | J116: 1 | K116: 0 | L116: 1 | M116: 2 | N116: 0 | O116: 0 | P116: =SUM(E116:O116) -> 22
A117: A.2 | C117: 1. Ir. BASUKI RACHMAD | E117: 16 | F117: 11 | G117: 25 | H117: 19 | I117: 20 | J117: 1 | K117: 1 | L117: 2 | M117: 13 | N117: 0 | O117: 0 | P117: =SUM(E117:O117) -> 108
C118: 2. H. VERDIYANTO WELLYA | E118: 0 | F118: 0 | G118: 0 | H118: 0 | I118: 0 | J118: 0 | K118: 0 | L118: 0 | M118: 0 | N118: 0 | O118: 1 | P118: =SUM(E118:O118) -> 1
C119: 3. Hj. LILIK YULIATI, S.A.P. | E119: 0 | F119: 8 | G119: 0 | H119: 0 | I119: 23 | J119: 0 | K119: 0 | L119: 0 | M119: 0 | N119: 0 | O119: 0 | P119: =SUM(E119:O119) -> 31
C120: 4. H. ABDUL HADI, S.Pd.I., M.Pd. | E120: 2 | F120: 0 | G120: 1 | H120: 0 | I120: 0 | J120: 0 | K120: 0 | L120: 0 | M120: 0 | N120: 0 | O120: 0 | P120: =SUM(E120:O120) -> 3
...

Sheet TAMANSURUH
C2: Kecamatan | D2: GLAGAH
C3: Kabupaten | D3: BANYUWANGI
C4: Provinsi | D4: JAWA TIMUR
C9: Kelurahan | D9: TAMANSURUH
A12: I | B12: DATA PEMILIH DAN PENGGUNAAN HAK PILIH | S12: JUMLAH AKHIR
A13: A | B13: DATA PEMILIH | E13: TPS 001 | F13: TPS 002 | G13: TPS 003 | H13: TPS 004 | I13: TPS 005 | J13: TPS 006 | K13: TPS 007 | L13: TPS 008 | M13: TPS 009 | N13: TPS 010 | O13: TPS 011 | P13: TPS 012 | Q13: TPS 013 | R13: TPS 014
B14: Jumlah Pemilih dalam Daftar Pemilih Tetap (DPT) | D14: LK | E14: 101 | F14: 113 | G14: 135 | H14: 101 | I14: 113 | J14: 120 | K14: 126 | L14: 142 | M14: 130 | N14: 136 | O14: 120 | P14: 135 | Q14: 102 | R14: 105 | S14: =SUM(E14:R14) -> 1679
D15: PR | E15: 113 | F15: 124 | G15: 140 | H15: 124 | I15: 132 | J15: 121 | K15: 143 | L15: 143 | M15: 153 | N15: 141 | O15: 123 | P15: 158 | Q15: 96 | R15: 106 | S15: =SUM(E15:R15) -> 1817
D16: JML | E16: =SUM(E14:E15) -> 214 | F16: =SUM(F14:F15) -> 237 | G16: =SUM(G14:G15) -> 275 | H16: =SUM(H14:H15) -> 225 | I16: =SUM(I14:I15) -> 245 | J16: =SUM(J14:J15) -> 241 | K16: =SUM(K14:K15) -> 269 | L16: =SUM(L14:L15) -> 285 | ... R16: =SUM(R14:R15) -> 211 | S16: =SUM(E16:R16) -> 3496
A18: B | B18: PENGGUNA HAK PILIH
B19: 1. | C19: Jumlah pengguna hak pilih dalam Daftar Pemilih Tetap (DPT) | D19: LK | E19: 97 | F19: 101 | G19: 113 | H19: 85 | I19: 92 | J19: 102 | K19: 91 | L19: 107 | M19: 102 | N19: 112 | O19: 91 | P19: 121 | Q19: 92 | R19: 83 | S19: =SUM(E19:R19) -> 1389
D20: PR | E20: 105 | F20: 103 | G20: 125 | H20: 107 | I20: 113 | J20: 103 | K20: 113 | L20: 115 | M20: 128 | N20: 122 | O20: 105 | P20: 138 | Q20: 90 | R20: 93 | S20: =SUM(E20:R20) -> 1560
D21: JML | E21: =SUM(E19:E20) -> 202 | F21: =SUM(F19:F20) -> 204 | G21: =SUM(G19:G20) -> 238 | H21: =SUM(H19:H20) -> 192 | I21: =SUM(I19:I20) -> 205 | J21: =SUM(J19:J20) -> 205 | K21: =SUM(K19:K20) -> 204 | L21: =SUM(L19:L20) -> 222 | ... R21: =SUM(R19:R20) -> 176 | S21: =SUM(E21:R21) -> 2949
B22: 2. | C22: Jumlah pengguna hak pilih dalam Daftar Pemilih Tambahan (DPTb) | D22: LK | E22: 0 | F22: 0 | G22: 0 | H22: 0 | I22: 1 | J22: 0 | K22: 0 | L22: 0 | M22: 0 | N22: 0 | O22: 0 | P22: 0 | Q22: 0 | R22: 1 | S22: =SUM(E22:R22) -> 2
D23: PR | E23: 0 | F23: 0 | G23: 0 | H23: 0 | I23: 1 | J23: 0 | K23: 3 | L23: 0 | M23: 0 | N23: 0 | O23: 0 | P23: 0 | Q23: 0 | R23: 0 | S23: =SUM(E23:R23) -> 4
D24: JML | E24: =SUM(E22:E23) -> 0 | F24: =SUM(F22:F23) -> 0 | G24: =SUM(G22:G23) -> 0 | H24: =SUM(H22:H23) -> 0 | I24: =SUM(I22:I23) -> 2 | J24: =SUM(J22:J23) -> 0 | K24: =SUM(K22:K23) -> 3 | L24: =SUM(L22:L23) -> 0 | ... R24: =SUM(R22:R23) -> 1 | S24: =SUM(E24:R24) -> 6
B25: 3. | C25: Jumlah pengguna hak pilih dalam Daftar Pemilih Khusus (DPK) | D25: LK | E25: 0 | F25: 0 | G25: 0 | H25: 0 | I25: 0 | J25: 1 | K25: 1 | L25: 0 | M25: 1 | N25: 0 | O25: 0 | P25: 0 | Q25: 0 | R25: 0 | S25: =SUM(E25:R25) -> 3
D26: PR | E26: 0 | F26: 0 | G26: 0 | H26: 0 | I26: 0 | J26: 2 | K26: 2 | L26: 0 | M26: 4 | N26: 0 | O26: 0 | P26: 0 | Q26: 0 | R26: 0 | S26: =SUM(E26:R26) -> 8
D27: JML | E27: =SUM(E25:E26) -> 0 | F27: =SUM(F25:F26) -> 0 | G27: =SUM(G25:G26) -> 0 | H27: =SUM(H25:H26) -> 0 | I27: =SUM(I25:I26) -> 0 | J27: =SUM(J25:J26) -> 3 | K27: =SUM(K25:K26) -> 3 | L27: =SUM(L25:L26) -> 0 | ... R27: =SUM(R25:R26) -> 0 | S27: =SUM(E27:R27) -> 11
B28: 4. | C28: Jumlah Pengguna Hak Pilih (B.1+B.2+B.3) | D28: LK | E28: =SUM(E19,E22,E25) -> 97 | F28: =SUM(F19,F22,F25) -> 101 | G28: =SUM(G19,G22,G25) -> 113 | H28: =SUM(H19,H22,H25) -> 85 | I28: =SUM(I19,I22,I25) -> 93 | J28: =SUM(J19,J22,J25) -> 103 | K28: =SUM(K19,K22,K25) -> 92 | L28: =SUM(L19,L22,L25) -> 107 | ... R28: =SUM(R19,R22,R25) -> 84 | S28: =SUM(E28:R28) -> 1394
D29: PR | E29: =SUM(E20,E23,E26) -> 105 | F29: =SUM(F20,F23,F26) -> 103 | G29: =SUM(G20,G23,G26) -> 125 | H29: =SUM(H20,H23,H26) -> 107 | I29: =SUM(I20,I23,I26) -> 114 | J29: =SUM(J20,J23,J26) -> 105 | K29: =SUM(K20,K23,K26) -> 118 | L29: =SUM(L20,L23,L26) -> 115 | ... R29: =SUM(R20,R23,R26) -> 93 | S29: =SUM(E29:R29) -> 1572
D30: JML | E30: =SUM(E28:E29) -> 202 | F30: =SUM(F28:F29) -> 204 | G30: =SUM(G28:G29) -> 238 | H30: =SUM(H28:H29) -> 192 | I30: =SUM(I28:I29) -> 207 | J30: =SUM(J28:J29) -> 208 | K30: =SUM(K28:K29) -> 210 | L30: =SUM(L28:L29) -> 222 | ... R30: =SUM(R28:R29) -> 177 | S30: =SUM(E30:R30) -> 2966
A32: II | B32: DATA PENGGUNAAN SURAT SUARA
A33: 1 | B33: Jumlah surat suara yang diterima, termasuk surat suara cadangan 2% dari DPT | E33: 219 | F33: 244 | G33: 281 | H33: 230 | I33: 250 | J33: 246 | K33: 275 | L33: 291 | M33: 289 | N33: 284 | O33: 250 | P33: 299 | Q33: 212 | R33: 226 | S33: =SUM(E33:R33) -> 3596
A34: 2 | B34: Jumlah surat suara yang digunakan | E34: 202 | F34: 204 | G34: 238 | H34: 192 | I34: 207 | J34: 208 | K34: 210 | L34: 222 | M34: 235 | N34: 234 | O34: 196 | P34: 259 | Q34: 182 | R34: 177 | S34: =SUM(E34:R34) -> 2966
A35: 3 | B35: Jumlah surat suara dikembalikan oleh pemilih (karena rusak atau keliru coblos) | E35: 0 | F35: 0 | G35: 0 | H35: 1 | I35: 1 | J35: 0 | K35: 2 | L35: 0 | M35: 0 | N35: 0 | O35: 0 | P35: 0 | Q35: 0 | R35: 0 | S35: =SUM(E35:R35) -> 4
A36: 4 | B36: Jumlah surat suara yang tidak digunakan/tidak terpakai, termasuk sisa surat suara cadangan | E36: =E33-(E34+E35) -> 17 | F36: =F33-(F34+F35) -> 40 | G36: =G33-(G34+G35) -> 43 | H36: =H33-(H34+H35) -> 37 | I36: =I33-(I34+I35) -> 42 | J36: =J33-(J34+J35) -> 38 | K36: =K33-(K34+K35) -> 63 | L36: =L33-(L34+L35) -> 69 | ... R36: =R33-(R34+R35) -> 49 | S36: =SUM(E36:R36) -> 626
A38: III | B38: DATA PEMILIH DISABILITAS
B39: Jumlah seluruh Pemilih disabilitas yang menggunakan hak pilih | D39: LK | S39: =SUM(E39:R39) -> 0
D40: PR | S40: =SUM(E40:R40) -> 0
D41: JML | E41: =SUM(E39:E40) -> 0 | F41: =SUM(F39:F40) -> 0 | G41: =SUM(G39:G40) -> 0 | H41: =SUM(H39:H40) -> 0 | I41: =SUM(I39:I40) -> 0 | J41: =SUM(J39:J40) -> 0 | K41: =SUM(K39:K40) -> 0 | L41: =SUM(L39:L40) -> 0 | ... R41: =SUM(R39:R40) -> 0 | S41: =SUM(E41:R41) -> 0
A43: IV | B43: DATA RINCIAN PEROLEHAN SUARA PASANGAN CALON BUPATI DAN WAKIL BUPATI
A44: NOMOR DAN NAMA CALON
A45: A.1 | B45: 1. | C45: Partai Kebangkitan Bangsa | E45: 25 | F45: 16 | G45: 14 | H45: 17 | I45: 10 | J45: 4 | K45: 12 | L45: 8 | M45: 7 | N45: 10 | O45: 12 | P45: 10 | Q45: 9 | R45: 12 | S45: =SUM(E45:R45) -> 166
A46: A.2 | C46: 1. ANITA RANI, S.H. | E46: 18 | F46: 20 | G46: 27 | H46: 22 | I46: 11 | J46: 19 | K46: 13 | L46: 17 | M46: 4 | N46: 12 | O46: 28 | P46: 4 | Q46: 5 | R46: 3 | S46: =SUM(E46:R46) -> 203
C47: 2. ANISAH MAHSUNAH, S.E. | E47: 7 | F47: 20 | G47: 6 | H47: 9 | I47: 1 | J47: 0 | K47: 4 | L47: 1 | M47: 0 | N47: 3 | O47: 0 | P47: 1 | Q47: 1 | R47: 2 | S47: =SUM(E47:R47) -> 55
C48: 3. SENARI, S.Sos. | E48: 14 | F48: 5 | G48: 3 | H48: 2 | I48: 6 | J48: 8 | K48: 0 | L48: 2 | M48: 0 | N48: 0 | O48: 2 | P48: 1 | Q48: 0 | R48: 0 | S48: =SUM(E48:R48) -> 43
C49: 4. VERAGAWATI, S.H. | E49: 0 | F49: 0 | G49: 0 | H49: 1 | I49: 0 | J49: 0 | K49: 1 | L49: 1 | M49: 0 | N49: 0 | O49: 0 | P49: 0 | Q49: 0 | R49: 0 | S49: =SUM(E49:R49) -> 3
C50: 5. KURDI EHSAN | E50: 0 | F50: 1 | G50: 0 | H50: 0 | I50: 1 | J50: 0 | K50: 0 | L50: 0 | M50: 0 | N50: 0 | O50: 2 | P50: 0 | Q50: 0 | R50: 0 | S50: =SUM(E50:R50) -> 4
C51: 6. BONDAN ARDYWIJAYA | E51: 0 | F51: 1 | G51: 1 | H51: 2 | I51: 10 | J51: 4 | K51: 2 | L51: 3 | M51: 1 | N51: 5 | O51: 0 | P51: 0 | Q51: 14 | R51: 14 | S51: =SUM(E51:R51) -> 57
A52: B | B52: JUMLAH SUARA SAH PARTAI POLITIK DAN CALON (A1 + A2) | E52: =SUM(E45:E51) -> 64 | F52: =SUM(F45:F51) -> 63 | G52: =SUM(G45:G51) -> 51 | H52: =SUM(H45:H51) -> 53 | I52: =SUM(I45:I51) -> 39 | J52: =SUM(J45:J51) -> 35 | K52: =SUM(K45:K51) -> 32 | L52: =SUM(L45:L51) -> 32 | ... R52: =SUM(R45:R51) -> 31 | S52: =SUM(E52:R52) -> 531
A54: A.1 | B54: 2. | C54: Partai Gerakan Indonesia Raya | E54: 6 | F54: 10 | G54: 12 | H54: 12 | I54: 11 | J54: 14 | K54: 12 | L54: 6 | M54: 17 | N54: 8 | O54: 4 | P54: 14 | Q54: 3 | R54: 9 | S54: =SUM(E54:R54) -> 138
A55: A.2 | C55: 1. Ir. H. NAUFAL BADRI | E55: 0 | F55: 3 | G55: 5 | H55: 1 | I55: 3 | J55: 2 | K55: 4 | L55: 1 | M55: 2 | N55: 4 | O55: 2 | P55: 3 | Q55: 3 | R55: 2 | S55: =SUM(E55:R55) -> 35
C56: 2. ALI MUSTAUFIQ, S.Pd. | E56: 0 | F56: 2 | G56: 6 | H56: 2 | I56: 4 | J56: 1 | K56: 6 | L56: 3 | M56: 4 | N56: 3 | O56: 2 | P56: 14 | Q56: 3 | R56: 2 | S56: =SUM(E56:R56) -> 52
C57: 3. Ir. IRA STEPHANI RAWUNG, M.M. | E57: 1 | F57: 0 | G57: 0 | H57: 0 | I57: 1 | J57: 1 | K57: 1 | L57: 1 | M57: 0 | N57: 0 | O57: 3 | P57: 2 | Q57: 0 | R57: 0 | S57: =SUM(E57:R57) -> 10
C58: 4. Hj. LISMIYANA | E58: 0 | F58: 0 | G58: 0 | H58: 0 | I58: 0 | J58: 0 | K58: 0 | L58: 0 | M58: 0 | N58: 2 | O58: 1 | P58: 3 | Q58: 0 | R58: 1 | S58: =SUM(E58:R58) -> 7
C59: 5. RIFKI PRIA HARTAWAN USMAN, S.H. | E59: 0 | F59: 0 | G59: 1 | H59: 2 | I59: 0 | J59: 0 | K59: 1 | L59: 1 | M59: 0 | N59: 0 | O59: 2 | P59: 0 | Q59: 0 | R59: 0 | S59: =SUM(E59:R59) -> 7
C60: 6. KUNTI MAULIDATAS SAFROH, S.Sos. | E60: 0 | F60: 0 | G60: 0 | H60: 0 | I60: 0 | J60: 1 | K60: 0 | L60: 1 | M60: 1 | N60: 0 | O60: 0 | P60: 0 | Q60: 0 | R60: 0 | S60: =SUM(E60:R60) -> 3
A61: B | B61: JUMLAH SUARA SAH PARTAI POLITIK DAN CALON (A1 + A2) | E61: =SUM(E54:E60) -> 7 | F61: =SUM(F54:F60) -> 15 | G61: =SUM(G54:G60) -> 24 | H61: =SUM(H54:H60) -> 17 | I61: =SUM(I54:I60) -> 19 | J61: =SUM(J54:J60) -> 19 | K61: =SUM(K54:K60) -> 24 | L61: =SUM(L54:L60) -> 13 | ... R61: =SUM(R54:R60) -> 14 | S61: =SUM(E61:R61) -> 252
A63: A.1 | B63: 3. | C63: Partai Demokrasi Indonesia Perjuangan | E63: 11 | F63: 5 | G63: 9 | H63: 12 | I63: 11 | J63: 10 | K63: 9 | L63: 5 | M63: 12 | N63: 20 | O63: 24 | P63: 12 | Q63: 6 | R63: 11 | S63: =SUM(E63:R63) -> 157
A64: A.2 | C64: 1. TRI SOEDARYONO | E64: 2 | F64: 1 | G64: 1 | H64: 4 | I64: 2 | J64: 1 | K64: 2 | L64: 2 | M64: 1 | N64: 14 | O64: 22 | P64: 7 | Q64: 13 | R64: 3 | S64: =SUM(E64:R64) -> 75
C65: 2. HEKSA SOEDARMADI, S.H. | E65: 0 | F65: 5 | G65: 9 | H65: 1 | I65: 28 | J65: 12 | K65: 6 | L65: 0 | M65: 4 | N65: 6 | O65: 2 | P65: 8 | Q65: 3 | R65: 2 | S65: =SUM(E65:R65) -> 86
C66: 3. PRAMUDITA MAHARANI SAPUTRI | E66: 4 | F66: 1 | G66: 0 | H66: 1 | I66: 2 | J66: 1 | K66: 12 | L66: 9 | M66: 12 | N66: 1 | O66: 3 | P66: 3 | Q66: 2 | R66: 0 | S66: =SUM(E66:R66) -> 51
C67: 4. SLAMET UTOMO | E67: 0 | F67: 0 | G67: 1 | H67: 0 | I67: 0 | J67: 0 | K67: 1 | L67: 1 | M67: 0 | N67: 0 | O67: 0 | P67: 0 | Q67: 0 | R67: 0 | S67: =SUM(E67:R67) -> 3
C68: 5. MARCELINUS FLORIANUS GADI GAA | E68: 9 | F68: 6 | G68: 6 | H68: 3 | I68: 1 | J68: 10 | K68: 1 | L68: 0 | M68: 5 | N68: 0 | O68: 0 | P68: 0 | Q68: 1 | R68: 0 | S68: =SUM(E68:R68) -> 42
C69: 6. RACHEL PUSPA ANGELIA | E69: 5 | F69: 6 | G69: 9 | H69: 4 | I69: 10 | J69: 7 | K69: 12 | L69: 2 | M69: 17 | N69: 14 | O69: 4 | P69: 28 | Q69: 3 | R69: 2 | S69: =SUM(E69:R69) -> 123
A70: B | B70: JUMLAH SUARA SAH PARTAI POLITIK DAN CALON (A1 + A2) | E70: =SUM(E63:E69) -> 31 | F70: =SUM(F63:F69) -> 24 | G70: =SUM(G63:G69) -> 35 | H70: =SUM(H63:H69) -> 25 | I70: =SUM(I63:I69) -> 54 | J70: =SUM(J63:J69) -> 41 | K70: =SUM(K63:K69) -> 43 | L70: =SUM(L63:L69) -> 19 | ... R70: =SUM(R63:R69) -> 18 | S70: =SUM(E70:R70) -> 537
A72: A.1 | B72: 4. | C72: Partai Golongan Karya | E72: 1 | F72: 0 | G72: 0 | H72: 1 | I72: 5 | J72: 1 | K72: 1 | L72: 3 | M72: 1 | N72: 6 | O72: 4 | P72: 3 | Q72: 2 | R72: 2 | S72: =SUM(E72:R72) -> 30
A73: A.2 | C73: 1. EVA HESTIYAWATI, S.E. | E73: 1 | F73: 1 | G73: 1 | H73: 1 | I73: 0 | J73: 3 | K73: 3 | L73: 1 | M73: 14 | N73: 13 | O73: 4 | P73: 2 | Q73: 3 | R73: 3 | S73: =SUM(E73:R73) -> 50
C74: 2. MAS DWI SONY WIDIANTO | E74: 0 | F74: 0 | G74: 0 | H74: 0 | I74: 1 | J74: 1 | K74: 0 | L74: 0 | M74: 1 | N74: 1 | O74: 1 | P74: 1 | Q74: 0 | R74: 0 | S74: =SUM(E74:R74) -> 6
C75: 3. YULIANTO | E75: 0 | F75: 0 | G75: 0 | H75: 0 | I75: 1 | J75: 0 | K75: 1 | L75: 1 | M75: 0 | N75: 0 | O75: 0 | P75: 0 | Q75: 0 | R75: 0 | S75: =SUM(E75:R75) -> 3
C76: 4. MOCH. ZAENI, S.H., M.H. | E76: 0 | F76: 0 | G76: 0 | H76: 0 | I76: 2 | J76: 1 | K76: 0 | L76: 0 | M76: 0 | N76: 2 | O76: 0 | P76: 0 | Q76: 0 | R76: 0 | S76: =SUM(E76:R76) -> 5
C77: 5. MEGA ANASTASIA CRISTANTY | E77: 0 | F77: 0 | G77: 1 | H77: 0 | I77: 0 | J77: 0 | K77: 0 | L77: 0 | M77: 0 | N77: 0 | O77: 0 | P77: 0 | Q77: 0 | R77: 0 | S77: =SUM(E77:R77) -> 1
C78: 6. IMAN SANTOSO, S.E., M.M.H. | E78: 0 | F78: 2 | G78: 0 | H78: 0 | I78: 0 | J78: 0 | K78: 4 | L78: 13 | M78: 2 | N78: 0 | O78: 2 | P78: 0 | Q78: 1 | R78: 0 | S78: =SUM(E78:R78) -> 24
A79: B | B79: JUMLAH SUARA SAH PARTAI POLITIK DAN CALON (A1 + A2) | E79: =SUM(E72:E78) -> 2 | F79: =SUM(F72:F78) -> 3 | G79: =SUM(G72:G78) -> 2 | H79: =SUM(H72:H78) -> 2 | I79: =SUM(I72:I78) -> 9 | J79: =SUM(J72:J78) -> 6 | K79: =SUM(K72:K78) -> 9 | L79: =SUM(L72:L78) -> 18 | ... R79: =SUM(R72:R78) -> 5 | S79: =SUM(E79:R79) -> 119
A81: A.1 | B81: 5. | C81: Partai NasDem | E81: 0 | F81: 0 | G81: 0 | H81: 2 | I81: 0 | J81: 0 | K81: 0 | L81: 0 | M81: 0 | N81: 0 | O81: 0 | P81: 0 | Q81: 1 | R81: 0 | S81: =SUM(E81:R81) -> 3
A82: A.2 | C82: 1. ZAMRONI, S.H. | E82: 8 | F82: 5 | G82: 15 | H82: 6 | I82: 15 | J82: 48 | K82: 11 | L82: 11 | M82: 13 | N82: 19 | O82: 12 | P82: 8 | Q82: 11 | R82: 7 | S82: =SUM(E82:R82) -> 189
C83: 2. AHMAD WIBISONO, S.T. | E83: 0 | F83: 0 | G83: 0 | H83: 0 | I83: 0 | J83: 2 | K83: 0 | L83: 0 | M83: 1 | N83: 0 | O83: 0 | P83: 0 | Q83: 0 | R83: 0 | S83: =SUM(E83:R83) -> 3
C84: 3. Dra. EMY TRIASTUTIK, M.M. | E84: 0 | F84: 0 | G84: 1 | H84: 0 | I84: 0 | J84: 0 | K84: 0 | L84: 0 | M84: 1 | N84: 1 | O84: 0 | P84: 0 | Q84: 0 | R84: 0 | S84: =SUM(E84:R84) -> 3
C85: 4. PEBDI ARISDIAWAN, S.E. | E85: 0 | F85: 0 | G85: 1 | H85: 0 | I85: 0 | J85: 0 | K85: 0 | L85: 0 | M85: 0 | N85: 0 | O85: 0 | P85: 0 | Q85: 0 | R85: 0 | S85: =SUM(E85:R85) -> 1
C86: 5. BERNAT SIPAHUTAR, S.E. | E86: 1 | F86: 0 | G86: 0 | H86: 0 | I86: 0 | J86: 0 | K86: 0 | L86: 0 | M86: 0 | N86: 0 | O86: 0 | P86: 0 | Q86: 0 | R86: 0 | S86: =SUM(E86:R86) -> 1
C87: 6. INDAH CATUR CAHYANINGTYAS | E87: 0 | F87: 0 | G87: 0 | H87: 0 | I87: 0 | J87: 0 | K87: 0 | L87: 0 | M87: 0 | N87: 0 | O87: 0 | P87: 0 | Q87: 0 | R87: 0 | S87: =SUM(E87:R87) -> 0
A88: B | B88: JUMLAH SUARA SAH PARTAI POLITIK DAN CALON (A1 + A2) | E88: =SUM(E81:E87) -> 9 | F88: =SUM(F81:F87) -> 5 | G88: =SUM(G81:G87) -> 17 | H88: =SUM(H81:H87) -> 8 | I88: =SUM(I81:I87) -> 15 | J88: =SUM(J81:J87) -> 50 | K88: =SUM(K81:K87) -> 11 | L88: =SUM(L81:L87) -> 11 | ... R88: =SUM(R81:R87) -> 7 | S88: =SUM(E88:R88) -> 200
A90: A.1 | B90: 6. | C90: Partai Buruh | E90: 2 | F90: 3 | G90: 2 | H90: 0 | I90: 3 | J90: 3 | K90: 1 | L90: 0 | M90: 5 | N90: 2 | O90: 1 | P90: 3 | Q90: 1 | R90: 0 | S90: =SUM(E90:R90) -> 26
A91: A.2 | C91: 1. SULASTRI, S.H. | E91: 0 | F91: 0 | G91: 0 | H91: 1 | I91: 0 | J91: 0 | K91: 0 | L91: 0 | M91: 0 | N91: 0 | O91: 0 | P91: 1 | Q91: 0 | R91: 1 | S91: =SUM(E91:R91) -> 3
A92: B | B92: JUMLAH SUARA SAH PARTAI POLITIK DAN CALON (A1 + A2) | E92: =SUM(E90:E91) -> 2 | F92: =SUM(F90:F91) -> 3 | G92: =SUM(G90:G91) -> 2 | H92: =SUM(H90:H91) -> 1 | I92: =SUM(I90:I91) -> 3 | J92: =SUM(J90:J91) -> 3 | K92: =SUM(K90:K91) -> 1 | L92: =SUM(L90:L91) -> 0 | ... R92: =SUM(R90:R91) -> 1 | S92: =SUM(E92:R92) -> 29
A94: A.1 | B94: 7. | C94: Partai Gelombang Rakyat Indonesia | E94: 6 | F94: 1 | G94: 9 | H94: 1 | I94: 1 | J94: 2 | K94: 1 | L94: 3 | M94: 2 | N94: 5 | O94: 4 | P94: 8 | Q94: 6 | R94: 16 | S94: =SUM(E94:R94) -> 65
A95: A.2 | C95: 1. H. SUGIARTO, S.E., M.Si. | E95: 9 | F95: 22 | G95: 30 | H95: 6 | I95: 1 | J95: 3 | K95: 7 | L95: 15 | M95: 6 | N95: 16 | O95: 7 | P95: 18 | Q95: 53 | R95: 51 | S95: =SUM(E95:R95) -> 244
C96: 2. MUHTAR | E96: 0 | F96: 1 | G96: 1 | H96: 0 | I96: 1 | J96: 0 | K96: 0 | L96: 0 | M96: 0 | N96: 0 | O96: 0 | P96: 0 | Q96: 2 | R96: 1 | S96: =SUM(E96:R96) -> 6
C97: 3. UNISSIAWATY | E97: 0 | F97: 0 | G97: 0 | H97: 0 | I97: 0 | J97: 0 | K97: 0 | L97: 0 | M97: 0 | N97: 0 | O97: 0 | P97: 0 | Q97: 0 | R97: 1 | S97: =SUM(E97:R97) -> 1
C98: 4. DWI WAHYUDI | E98: 1 | F98: 1 | G98: 0 | H98: 0 | I98: 0 | J98: 0 | K98: 0 | L98: 0 | M98: 0 | N98: 0 | O98: 0 | P98: 0 | Q98: 0 | R98: 0 | S98: =SUM(E98:R98) -> 2
C99: 5. ADINA MUTIARA KURNIAWAN, S.T. | E99: 0 | F99: 0 | G99: 0 | H99: 0 | I99: 1 | J99: 0 | K99: 1 | L99: 0 | M99: 0 | N99: 0 | O99: 0 | P99: 0 | Q99: 0 | R99: 0 | S99: =SUM(E99:R99) -> 2
C100: 6. FIRMAN ISADI | E100: 0 | F100: 1 | G100: 0 | H100: 0 | I100: 0 | J100: 0 | K100: 1 | L100: 0 | M100: 0 | N100: 0 | O100: 1 | P100: 0 | Q100: 0 | R100: 0 | S100: =SUM(E100:R100) -> 3
A101: B | B101: JUMLAH SUARA SAH PARTAI POLITIK DAN CALON (A1 + A2) | E101: =SUM(E94:E100) -> 16 | F101: =SUM(F94:F100) -> 26 | G101: =SUM(G94:G100) -> 40 | H101: =SUM(H94:H100) -> 7 | I101: =SUM(I94:I100) -> 4 | J101: =SUM(J94:J100) -> 5 | K101: =SUM(K94:K100) -> 10 | L101: =SUM(L94:L100) -> 18 | ... R101: =SUM(R94:R100) -> 69 | S101: =SUM(E101:R101) -> 323
A103: A.1 | B103: 8. | C103: Partai Keadilan Sejahtera | E103: 1 | F103: 0 | G103: 1 | H103: 0 | I103: 0 | J103: 0 | K103: 0 | L103: 4 | M103: 1 | N103: 3 | O103: 0 | P103: 2 | Q103: 0 | R103: 0 | S103: =SUM(E103:R103) -> 12
A104: A.2 | C104: 1. NENI VIANTIN DIYAH MARTIVA, S.Pd. | E104: 3 | F104: 3 | G104: 6 | H104: 0 | I104: 0 | J104: 0 | K104: 5 | L104: 33 | M104: 7 | N104: 3 | O104: 1 | P104: 18 | Q104: 0 | R104: 0 | S104: =SUM(E104:R104) -> 79
C105: 2. RINO AHMAD MURAD | E105: 0 | F105: 0 | G105: 0 | H105: 0 | I105: 0 | J105: 0 | K105: 0 | L105: 0 | M105: 1 | N105: 0 | O105: 0 | P105: 2 | Q105: 0 | R105: 0 | S105: =SUM(E105:R105) -> 3
C106: 3. ASROR FAHRUDIN | E106: 0 | F106: 0 | G106: 1 | H106: 0 | I106: 0 | J106: 0 | K106: 0 | L106: 0 | M106: 1 | N106: 0 | O106: 1 | P106: 0 | Q106: 1 | R106: 0 | S106: =SUM(E106:R106) -> 4
C107: 4. ABDUL KARIM | E107: 1 | F107: 1 | G107: 2 | H107: 0 | I107: 0 | J107: 0 | K107: 0 | L107: 1 | M107: 0 | N107: 0 | O107: 0 | P107: 0 | Q107: 6 | R107: 0 | S107: =SUM(E107:R107) -> 11
C108: 5. ZIA UL HAK, S.H., M.Kn. | E108: 0 | F108: 0 | G108: 0 | H108: 0 | I108: 0 | J108: 0 | K108: 0 | L108: 0 | M108: 0 | N108: 0 | O108: 0 | P108: 0 | Q108: 2 | R108: 0 | S108: =SUM(E108:R108) -> 2
C109: 6. MUNA AZ ZAHRA | E109: 4 | F109: 2 | G109: 3 | H109: 4 | I109: 2 | J109: 2 | K109: 0 | L109: 0 | M109: 7 | N109: 3 | O109: 0 | P109: 1 | Q109: 0 | R109: 0 | S109: =SUM(E109:R109) -> 28
A110: B | B110: JUMLAH SUARA SAH PARTAI POLITIK DAN CALON (A1 + A2) | E110: =SUM(E103:E109) -> 9 | F110: =SUM(F103:F109) -> 6 | G110: =SUM(G103:G109) -> 13 | H110: =SUM(H103:H109) -> 4 | I110: =SUM(I103:I109) -> 2 | J110: =SUM(J103:J109) -> 2 | K110: =SUM(K103:K109) -> 5 | L110: =SUM(L103:L109) -> 38 | ... R110: =SUM(R103:R109) -> 0 | S110: =SUM(E110:R110) -> 139
A112: A.1 | B112: 9. | C112: Partai Kebangkitan Nusantara | E112: 0 | F112: 0 | G112: 1 | H112: 1 | I112: 0 | J112: 0 | K112: 0 | L112: 0 | M112: 0 | N112: 0 | O112: 0 | P112: 1 | Q112: 0 | R112: 0 | S112: =SUM(E112:R112) -> 3
A113: A.2 | C113: 1. LILIS SURYANI | E113: 0 | F113: 0 | G113: 0 | H113: 0 | I113: 0 | J113: 0 | K113: 0 | L113: 0 | M113: 0 | N113: 0 | O113: 0 | P113: 0 | Q113: 0 | R113: 0 | S113: =SUM(E113:R113) -> 0
A114: B | B114: JUMLAH SUARA SAH PARTAI POLITIK DAN CALON (A1 + A2) | E114: =SUM(E112:E113) -> 0 | F114: =SUM(F112:F113) -> 0 | G114: =SUM(G112:G113) -> 1 | H114: =SUM(H112:H113) -> 1 | I114: =SUM(I112:I113) -> 0 | J114: =SUM(J112:J113) -> 0 | K114: =SUM(K112:K113) -> 0 | L114: =SUM(L112:L113) -> 0 | ... R114: =SUM(R112:R113) -> 0 | S114: =SUM(E114:R114) -> 3
A116: A.1 | B116: 10. | C116: Partai Hati Nurani Rakyat | E116: 0 | F116: 0 | G116: 0 | H116: 1 | I116: 3 | J116: 0 | K116: 2 | L116: 1 | M116: 0 | N116: 0 | O116: 0 | P116: 2 | Q116: 2 | R116: 0 | S116: =SUM(E116:R116) -> 11
A117: A.2 | C117: 1. Ir. BASUKI RACHMAD | E117: 14 | F117: 19 | G117: 8 | H117: 16 | I117: 2 | J117: 1 | K117: 2 | L117: 11 | M117: 4 | N117: 2 | O117: 3 | P117: 3 | Q117: 1 | R117: 0 | S117: =SUM(E117:R117) -> 86
C118: 2. H. VERDIYANTO WELLYA | E118: 0 | F118: 0 | G118: 0 | H118: 2 | I118: 0 | J118: 0 | K118: 0 | L118: 0 | M118: 2 | N118: 0 | O118: 0 | P118: 0 | Q118: 0 | R118: 0 | S118: =SUM(E118:R118) -> 4
C119: 3. Hj. LILIK YULIATI, S.A.P. | E119: 2 | F119: 3 | G119: 9 | H119: 12 | I119: 9 | J119: 20 | K119: 0 | L119: 0 | M119: 5 | N119: 10 | O119: 2 | P119: 21 | Q119: 2 | R119: 4 | S119: =SUM(E119:R119) -> 99
C120: 4. H. ABDUL HADI, S.Pd.I., M.Pd. | E120: 0 | F120: 0 | G120: 0 | H120: 1 | I120: 0 | J120: 2 | K120: 2 | L120: 0 | M120: 0 | N120: 1 | O120: 0 | P120: 0 | Q120: 0 | R120: 0 | S120: =SUM(E120:R120) -> 6
...

Sheet KENJO
C2: Kecamatan | D2: GLAGAH
C3: Kabupaten | D3: BANYUWANGI
C4: Provinsi | D4: JAWA TIMUR
C9: Kelurahan | D9: KENJO
A12: I | B12: DATA PEMILIH DAN PENGGUNAAN HAK PILIH | K12: JUMLAH AKHIR
A13: A | B13: DATA PEMILIH | E13: TPS 001 | F13: TPS 002 | G13: TPS 003 | H13: TPS 004 | I13: TPS 005 | J13: TPS 006
B14: Jumlah Pemilih dalam Daftar Pemilih Tetap (DPT) | D14: LK | E14: 110 | F14: 94 | G14: 129 | H14: 104 | I14: 134 | J14: 128 | K14: =SUM(E14:J14) -> 699
D15: PR | E15: 114 | F15: 105 | G15: 131 | H15: 105 | I15: 133 | J15: 139 | K15: =SUM(E15:J15) -> 727
D16: JML | E16: =SUM(E14:E15) -> 224 | F16: =SUM(F14:F15) -> 199 | G16: =SUM(G14:G15) -> 260 | H16: =SUM(H14:H15) -> 209 | I16: =SUM(I14:I15) -> 267 | J16: =SUM(J14:J15) -> 267 | K16: =SUM(E16:J16) -> 1426
A18: B | B18: PENGGUNA HAK PILIH
B19: 1. | C19: Jumlah pengguna hak pilih dalam Daftar Pemilih Tetap (DPT) | D19: LK | E19: 100 | F19: 84 | G19: 107 | H19: 90 | I19: 115 | J19: 107 | K19: =SUM(E19:J19) -> 603
D20: PR | E20: 110 | F20: 95 | G20: 120 | H20: 95 | I20: 114 | J20: 112 | K20: =SUM(E20:J20) -> 646
D21: JML | E21: =SUM(E19:E20) -> 210 | F21: =SUM(F19:F20) -> 179 | G21: =SUM(G19:G20) -> 227 | H21: =SUM(H19:H20) -> 185 | I21: =SUM(I19:I20) -> 229 | J21: =SUM(J19:J20) -> 219 | K21: =SUM(E21:J21) -> 1249
B22: 2. | C22: Jumlah pengguna hak pilih dalam Daftar Pemilih Tambahan (DPTb) | D22: LK | E22: 0 | F22: 0 | G22: 0 | H22: 1 | I22: 0 | J22: 0 | K22: =SUM(E22:J22) -> 1
D23: PR | E23: 0 | F23: 0 | G23: 0 | H23: 1 | I23: 1 | J23: 1 | K23: =SUM(E23:J23) -> 3
D24: JML | E24: =SUM(E22:E23) -> 0 | F24: =SUM(F22:F23) -> 0 | G24: =SUM(G22:G23) -> 0 | H24: =SUM(H22:H23) -> 2 | I24: =SUM(I22:I23) -> 1 | J24: =SUM(J22:J23) -> 1 | K24: =SUM(E24:J24) -> 4
B25: 3. | C25: Jumlah pengguna hak pilih dalam Daftar Pemilih Khusus (DPK) | D25: LK | E25: 0 | F25: 0 | G25: 0 | H25: 0 | I25: 0 | J25: 0 | K25: =SUM(E25:J25) -> 0
D26: PR | E26: 0 | F26: 0 | G26: 0 | H26: 0 | I26: 0 | J26: 0 | K26: =SUM(E26:J26) -> 0
D27: JML | E27: =SUM(E25:E26) -> 0 | F27: =SUM(F25:F26) -> 0 | G27: =SUM(G25:G26) -> 0 | H27: =SUM(H25:H26) -> 0 | I27: =SUM(I25:I26) -> 0 | J27: =SUM(J25:J26) -> 0 | K27: =SUM(E27:J27) -> 0
B28: 4. | C28: Jumlah Pengguna Hak Pilih (B.1+B.2+B.3) | D28: LK | E28: =SUM(E19,E22,E25) -> 100 | F28: =SUM(F19,F22,F25) -> 84 | G28: =SUM(G19,G22,G25) -> 107 | H28: =SUM(H19,H22,H25) -> 91 | I28: =SUM(I19,I22,I25) -> 115 | J28: =SUM(J19,J22,J25) -> 107 | K28: =SUM(E28:J28) -> 604
D29: PR | E29: =SUM(E20,E23,E26) -> 110 | F29: =SUM(F20,F23,F26) -> 95 | G29: =SUM(G20,G23,G26) -> 120 | H29: =SUM(H20,H23,H26) -> 96 | I29: =SUM(I20,I23,I26) -> 115 | J29: =SUM(J20,J23,J26) -> 113 | K29: =SUM(E29:J29) -> 649
D30: JML | E30: =SUM(E28:E29) -> 210 | F30: =SUM(F28:F29) -> 179 | G30: =SUM(G28:G29) -> 227 | H30: =SUM(H28:H29) -> 187 | I30: =SUM(I28:I29) -> 230 | J30: =SUM(J28:J29) -> 220 | K30: =SUM(E30:J30) -> 1253
A32: II | B32: DATA PENGGUNAAN SURAT SUARA
A33: 1 | B33: Jumlah surat suara yang diterima, termasuk surat suara cadangan 2% dari DPT | E33: 229 | F33: 203 | G33: 266 | H33: 213 | I33: 272 | J33: 273 | K33: =SUM(E33:J33) -> 1456
A34: 2 | B34: Jumlah surat suara yang digunakan | E34: 210 | F34: 179 | G34: 227 | H34: 187 | I34: 230 | J34: 220 | K34: =SUM(E34:J34) -> 1253
A35: 3 | B35: Jumlah surat suara dikembalikan oleh pemilih (karena rusak atau keliru coblos) | E35: 1 | F35: 0 | G35: 1 | H35: 1 | I35: 1 | J35: 0 | K35: =SUM(E35:J35) -> 4
A36: 4 | B36: Jumlah surat suara yang tidak digunakan/tidak terpakai, termasuk sisa surat suara cadangan | E36: =E33-(E34+E35) -> 18 | F36: =F33-(F34+F35) -> 24 | G36: =G33-(G34+G35) -> 38 | H36: =H33-(H34+H35) -> 25 | I36: =I33-(I34+I35) -> 41 | J36: =J33-(J34+J35) -> 53 | K36: =SUM(E36:J36) -> 199
A38: III | B38: DATA PEMILIH DISABILITAS
B39: Jumlah seluruh Pemilih disabilitas yang menggunakan hak pilih | D39: LK | F39: 1 | G39: 4 | K39: =SUM(E39:J39) -> 5
D40: PR | F40: 4 | K40: =SUM(E40:J40) -> 4
D41: JML | E41: =SUM(E39:E40) -> 0 | F41: =SUM(F39:F40) -> 5 | G41: =SUM(G39:G40) -> 4 | H41: =SUM(H39:H40) -> 0 | I41: =SUM(I39:I40) -> 0 | J41: =SUM(J39:J40) -> 0 | K41: =SUM(E41:J41) -> 9
A43: IV | B43: DATA RINCIAN PEROLEHAN SUARA PASANGAN CALON BUPATI DAN WAKIL BUPATI
A44: NOMOR DAN NAMA CALON
A45: A.1 | B45: 1. | C45: Partai Kebangkitan Bangsa | E45: 10 | F45: 4 | G45: 4 | H45: 6 | I45: 11 | J45: 2 | K45: =SUM(E45:J45) -> 37
A46: A.2 | C46: 1. ANITA RANI, S.H. | E46: 13 | F46: 2 | G46: 3 | H46: 4 | I46: 3 | J46: 5 | K46: =SUM(E46:J46) -> 30
C47: 2. ANISAH MAHSUNAH, S.E. | E47: 1 | F47: 1 | G47: 3 | H47: 0 | I47: 0 | J47: 0 | K47: =SUM(E47:J47) -> 5
C48: 3. SENARI, S.Sos. | E48: 1 | F48: 0 | G48: 3 | H48: 0 | I48: 0 | J48: 0 | K48: =SUM(E48:J48) -> 4
C49: 4. VERAGAWATI, S.H. | E49: 0 | F49: 0 | G49: 0 | H49: 1 | I49: 0 | J49: 0 | K49: =SUM(E49:J49) -> 1
C50: 5. KURDI EHSAN | E50: 0 | F50: 0 | G50: 0 | H50: 0 | I50: 0 | J50: 0 | K50: =SUM(E50:J50) -> 0
C51: 6. BONDAN ARDYWIJAYA | E51: 0 | F51: 0 | G51: 7 | H51: 0 | I51: 0 | J51: 3 | K51: =SUM(E51:J51) -> 10
A52: B | B52: JUMLAH SUARA SAH PARTAI POLITIK DAN CALON (A1 + A2) | E52: =SUM(E45:E51) -> 25 | F52: =SUM(F45:F51) -> 7 | G52: =SUM(G45:G51) -> 20 | H52: =SUM(H45:H51) -> 11 | I52: =SUM(I45:I51) -> 14 | J52: =SUM(J45:J51) -> 10 | K52: =SUM(E52:J52) -> 87
A54: A.1 | B54: 2. | C54: Partai Gerakan Indonesia Raya | E54: 2 | F54: 7 | G54: 8 | H54: 7 | I54: 10 | J54: 5 | K54: =SUM(E54:J54) -> 39
A55: A.2 | C55: 1. Ir. H. NAUFAL BADRI | E55: 2 | F55: 2 | G55: 4 | H55: 2 | I55: 5 | J55: 4 | K55: =SUM(E55:J55) -> 19
C56: 2. ALI MUSTAUFIQ, S.Pd. | E56: 0 | F56: 1 | G56: 6 | H56: 0 | I56: 4 | J56: 4 | K56: =SUM(E56:J56) -> 15
C57: 3. Ir. IRA STEPHANI RAWUNG, M.M. | E57: 0 | F57: 0 | G57: 0 | H57: 1 | I57: 0 | J57: 0 | K57: =SUM(E57:J57) -> 1
C58: 4. Hj. LISMIYANA | E58: 0 | F58: 0 | G58: 2 | H58: 0 | I58: 3 | J58: 0 | K58: =SUM(E58:J58) -> 5
C59: 5. RIFKI PRIA HARTAWAN USMAN, S.H. | E59: 0 | F59: 0 | G59: 1 | H59: 0 | I59: 1 | J59: 0 | K59: =SUM(E59:J59) -> 2
C60: 6. KUNTI MAULIDATAS SAFROH, S.Sos. | E60: 0 | F60: 0 | G60: 0 | H60: 0 | I60: 0 | J60: 0 | K60: =SUM(E60:J60) -> 0
A61: B | B61: JUMLAH SUARA SAH PARTAI POLITIK DAN CALON (A1 + A2) | E61: =SUM(E54:E60) -> 4 | F61: =SUM(F54:F60) -> 10 | G61: =SUM(G54:G60) -> 21 | H61: =SUM(H54:H60) -> 10 | I61: =SUM(I54:I60) -> 23 | J61: =SUM(J54:J60) -> 13 | K61: =SUM(E61:J61) -> 81
A63: A.1 | B63: 3. | C63: Partai Demokrasi Indonesia Perjuangan | E63: 2 | F63: 2 | G63: 8 | H63: 5 | I63: 3 | J63: 2 | K63: =SUM(E63:J63) -> 22
A64: A.2 | C64: 1. TRI SOEDARYONO | E64: 2 | F64: 0 | G64: 0 | H64: 1 | I64: 3 | J64: 1 | K64: =SUM(E64:J64) -> 7
C65: 2. HEKSA SOEDARMADI, S.H. | E65: 2 | F65: 6 | G65: 4 | H65: 1 | I65: 6 | J65: 3 | K65: =SUM(E65:J65) -> 22
C66: 3. PRAMUDITA MAHARANI SAPUTRI | E66: 8 | F66: 7 | G66: 3 | H66: 0 | I66: 16 | J66: 3 | K66: =SUM(E66:J66) -> 37
C67: 4. SLAMET UTOMO | E67: 0 | F67: 1 | G67: 0 | H67: 1 | I67: 2 | J67: 0 | K67: =SUM(E67:J67) -> 4
C68: 5. MARCELINUS FLORIANUS GADI GAA | E68: 0 | F68: 0 | G68: 7 | H68: 1 | I68: 9 | J68: 8 | K68: =SUM(E68:J68) -> 25
C69: 6. RACHEL PUSPA ANGELIA | E69: 1 | F69: 2 | G69: 3 | H69: 1 | I69: 2 | J69: 7 | K69: =SUM(E69:J69) -> 16
A70: B | B70: JUMLAH SUARA SAH PARTAI POLITIK DAN CALON (A1 + A2) | E70: =SUM(E63:E69) -> 15 | F70: =SUM(F63:F69) -> 18 | G70: =SUM(G63:G69) -> 25 | H70: =SUM(H63:H69) -> 10 | I70: =SUM(I63:I69) -> 41 | J70: =SUM(J63:J69) -> 24 | K70: =SUM(E70:J70) -> 133
A72: A.1 | B72: 4. | C72: Partai Golongan Karya | E72: 8 | F72: 10 | G72: 3 | H72: 4 | I72: 6 | J72: 3 | K72: =SUM(E72:J72) -> 34
A73: A.2 | C73: 1. EVA HESTIYAWATI, S.E. | E73: 18 | F73: 9 | G73: 4 | H73: 4 | I73: 16 | J73: 3 | K73: =SUM(E73:J73) -> 54
C74: 2. MAS DWI SONY WIDIANTO | E74: 1 | F74: 1 | G74: 0 | H74: 0 | I74: 0 | J74: 0 | K74: =SUM(E74:J74) -> 2
C75: 3. YULIANTO | E75: 0 | F75: 0 | G75: 0 | H75: 0 | I75: 0 | J75: 1 | K75: =SUM(E75:J75) -> 1
C76: 4. MOCH. ZAENI, S.H., M.H. | E76: 8 | F76: 21 | G76: 1 | H76: 3 | I76: 0 | J76: 3 | K76: =SUM(E76:J76) -> 36
C77: 5. MEGA ANASTASIA CRISTANTY | E77: 0 | F77: 0 | G77: 0 | H77: 0 | I77: 1 | J77: 0 | K77: =SUM(E77:J77) -> 1
C78: 6. IMAN SANTOSO, S.E., M.M.H. | E78: 0 | F78: 1 | G78: 0 | H78: 0 | I78: 1 | J78: 0 | K78: =SUM(E78:J78) -> 2
A79: B | B79: JUMLAH SUARA SAH PARTAI POLITIK DAN CALON (A1 + A2) | E79: =SUM(E72:E78) -> 35 | F79: =SUM(F72:F78) -> 42 | G79: =SUM(G72:G78) -> 8 | H79: =SUM(H72:H78) -> 11 | I79: =SUM(I72:I78) -> 24 | J79: =SUM(J72:J78) -> 10 | K79: =SUM(E79:J79) -> 130
A81: A.1 | B81: 5. | C81: Partai NasDem | E81: 0 | F81: 0 | G81: 0 | H81: 0 | I81: 1 | J81: 0 | K81: =SUM(E81:J81) -> 1
A82: A.2 | C82: 1. ZAMRONI, S.H. | E82: 18 | F82: 30 | G82: 42 | H82: 16 | I82: 22 | J82: 15 | K82: =SUM(E82:J82) -> 143
C83: 2. AHMAD WIBISONO, S.T. | E83: 0 | F83: 0 | G83: 1 | H83: 0 | I83: 0 | J83: 1 | K83: =SUM(E83:J83) -> 2
C84: 3. Dra. EMY TRIASTUTIK, M.M. | E84: 0 | F84: 0 | G84: 0 | H84: 0 | I84: 0 | J84: 0 | K84: =SUM(E84:J84) -> 0
C85: 4. PEBDI ARISDIAWAN, S.E. | E85: 0 | F85: 0 | G85: 0 | H85: 1 | I85: 1 | J85: 0 | K85: =SUM(E85:J85) -> 2
C86: 5. BERNAT SIPAHUTAR, S.E. | E86: 0 | F86: 0 | G86: 0 | H86: 0 | I86: 0 | J86: 1 | K86: =SUM(E86:J86) -> 1
C87: 6. INDAH CATUR CAHYANINGTYAS | E87: 0 | F87: 0 | G87: 0 | H87: 0 | I87: 0 | J87: 0 | K87: =SUM(E87:J87) -> 0
A88: B | B88: JUMLAH SUARA SAH PARTAI POLITIK DAN CALON (A1 + A2) | E88: =SUM(E81:E87) -> 18 | F88: =SUM(F81:F87) -> 30 | G88: =SUM(G81:G87) -> 43 | H88: =SUM(H81:H87) -> 17 | I88: =SUM(I81:I87) -> 24 | J88: =SUM(J81:J87) -> 17 | K88: =SUM(E88:J88) -> 149
A90: A.1 | B90: 6. | C90: Partai Buruh | E90: 3 | F90: 2 | G90: 0 | H90: 0 | I90: 1 | J90: 2 | K90: =SUM(E90:J90) -> 8
A91: A.2 | C91: 1. SULASTRI, S.H. | E91: 0 | F91: 0 | G91: 0 | H91: 0 | I91: 0 | J91: 1 | K91: =SUM(E91:J91) -> 1
A92: B | B92: JUMLAH SUARA SAH PARTAI POLITIK DAN CALON (A1 + A2) | E92: =SUM(E90:E91) -> 3 | F92: =SUM(F90:F91) -> 2 | G92: =SUM(G90:G91) -> 0 | H92: =SUM(H90:H91) -> 0 | I92: =SUM(I90:I91) -> 1 | J92: =SUM(J90:J91) -> 3 | K92: =SUM(E92:J92) -> 9
A94: A.1 | B94: 7. | C94: Partai Gelombang Rakyat Indonesia | E94: 1 | F94: 0 | G94: 7 | H94: 1 | I94: 4 | J94: 2 | K94: =SUM(E94:J94) -> 15
A95: A.2 | C95: 1. H. SUGIARTO, S.E., M.Si. | E95: 2 | F95: 3 | G95: 5 | H95: 9 | I95: 18 | J95: 5 | K95: =SUM(E95:J95) -> 42
C96: 2. MUHTAR | E96: 0 | F96: 0 | G96: 1 | H96: 0 | I96: 1 | J96: 1 | K96: =SUM(E96:J96) -> 3
C97: 3. UNISSIAWATY | E97: 1 | F97: 0 | G97: 0 | H97: 0 | I97: 1 | J97: 0 | K97: =SUM(E97:J97) -> 2
C98: 4. DWI WAHYUDI | E98: 0 | F98: 0 | G98: 0 | H98: 0 | I98: 0 | J98: 0 | K98: =SUM(E98:J98) -> 0
C99: 5. ADINA MUTIARA KURNIAWAN, S.T. | E99: 0 | F99: 1 | G99: 0 | H99: 0 | I99: 0 | J99: 1 | K99: =SUM(E99:J99) -> 2
C100: 6. FIRMAN ISADI | E100: 0 | F100: 0 | G100: 0 | H100: 1 | I100: 2 | J100: 0 | K100: =SUM(E100:J100) -> 3
A101: B | B101: JUMLAH SUARA SAH PARTAI POLITIK DAN CALON (A1 + A2) | E101: =SUM(E94:E100) -> 4 | F101: =SUM(F94:F100) -> 4 | G101: =SUM(G94:G100) -> 13 | H101: =SUM(H94:H100) -> 11 | I101: =SUM(I94:I100) -> 26 | J101: =SUM(J94:J100) -> 9 | K101: =SUM(E101:J101) -> 67
A103: A.1 | B103: 8. | C103: Partai Keadilan Sejahtera | E103: 0 | F103: 1 | G103: 5 | H103: 2 | I103: 2 | J103: 1 | K103: =SUM(E103:J103) -> 11
A104: A.2 | C104: 1. NENI VIANTIN DIYAH MARTIVA, S.Pd. | E104: 20 | F104: 4 | G104: 19 | H104: 17 | I104: 13 | J104: 12 | K104: =SUM(E104:J104) -> 85
C105: 2. RINO AHMAD MURAD | E105: 0 | F105: 0 | G105: 0 | H105: 0 | I105: 0 | J105: 0 | K105: =SUM(E105:J105) -> 0
C106: 3. ASROR FAHRUDIN | E106: 0 | F106: 0 | G106: 0 | H106: 0 | I106: 0 | J106: 1 | K106: =SUM(E106:J106) -> 1
C107: 4. ABDUL KARIM | E107: 0 | F107: 0 | G107: 0 | H107: 1 | I107: 0 | J107: 2 | K107: =SUM(E107:J107) -> 3
C108: 5. ZIA UL HAK, S.H., M.Kn. | E108: 0 | F108: 0 | G108: 0 | H108: 0 | I108: 0 | J108: 0 | K108: =SUM(E108:J108) -> 0
C109: 6. MUNA AZ ZAHRA | E109: 0 | F109: 0 | G109: 0 | H109: 1 | I109: 0 | J109: 0 | K109: =SUM(E109:J109) -> 1
A110: B | B110: JUMLAH SUARA SAH PARTAI POLITIK DAN CALON (A1 + A2) | E110: =SUM(E103:E109) -> 20 | F110: =SUM(F103:F109) -> 5 | G110: =SUM(G103:G109) -> 24 | H110: =SUM(H103:H109) -> 21 | I110: =SUM(I103:I109) -> 15 | J110: =SUM(J103:J109) -> 16 | K110: =SUM(E110:J110) -> 101
A112: A.1 | B112: 9. | C112: Partai Kebangkitan Nusantara | E112: 0 | F112: 0 | G112: 0 | H112: 0 | I112: 0 | J112: 0 | K112: =SUM(E112:J112) -> 0
A113: A.2 | C113: 1. LILIS SURYANI | E113: 0 | F113: 0 | G113: 0 | H113: 0 | I113: 0 | J113: 0 | K113: =SUM(E113:J113) -> 0
A114: B | B114: JUMLAH SUARA SAH PARTAI POLITIK DAN CALON (A1 + A2) | E114: =SUM(E112:E113) -> 0 | F114: =SUM(F112:F113) -> 0 | G114: =SUM(G112:G113) -> 0 | H114: =SUM(H112:H113) -> 0 | I114: =SUM(I112:I113) -> 0 | J114: =SUM(J112:J113) -> 0 | K114: =SUM(E114:J114) -> 0
A116: A.1 | B116: 10. | C116: Partai Hati Nurani Rakyat | E116: 1 | F116: 4 | G116: 1 | H116: 1 | I116: 0 | J116: 0 | K116: =SUM(E116:J116) -> 7
A117: A.2 | C117: 1. Ir. BASUKI RACHMAD | E117: 2 | F117: 7 | G117: 3 | H117: 4 | I117: 6 | J117: 13 | K117: =SUM(E117:J117) -> 35
C118: 2. H. VERDIYANTO WELLYA | E118: 0 | F118: 0 | G118: 0 | H118: 0 | I118: 1 | J118: 0 | K118: =SUM(E118:J118) -> 1
C119: 3. Hj. LILIK YULIATI, S.A.P. | E119: 2 | F119: 0 | G119: 1 | H119: 10 | I119: 0 | J119: 1 | K119: =SUM(E119:J119) -> 14
C120: 4. H. ABDUL HADI, S.Pd.I., M.Pd. | E120: 0 | F120: 0 | G120: 0 | H120: 0 | I120: 0 | J120: 0 | K120: =SUM(E120:J120) -> 0
...

Sheet KAMPUNGANYAR
C2: Kecamatan | D2: GLAGAH
C3: Kabupaten | D3: BANYUWANGI
C4: Provinsi | D4: JAWA TIMUR
C9: Kelurahan | D9: KAMPUNGANYAR
A12: I | B12: DATA PEMILIH DAN PENGGUNAAN HAK PILIH | T12: JUMLAH AKHIR
A13: A | B13: DATA PEMILIH | E13: TPS 001 | F13: TPS 002 | G13: TPS 003 | H13: TPS 004 | I13: TPS 005 | J13: TPS 006 | K13: TPS 007 | L13: TPS 008 | M13: TPS 009 | N13: TPS 010 | O13: TPS 011 | P13: TPS 012 | Q13: TPS 013 | R13: TPS 014 | S13: TPS 015
B14: Jumlah Pemilih dalam Daftar Pemilih Tetap (DPT) | D14: LK | E14: 115 | F14: 129 | G14: 141 | H14: 82 | I14: 105 | J14: 114 | K14: 103 | L14: 110 | M14: 109 | N14: 132 | O14: 132 | P14: 92 | Q14: 122 | R14: 100 | S14: 54 | T14: =SUM(E14:S14) -> 1640
D15: PR | E15: 124 | F15: 148 | G15: 144 | H15: 91 | I15: 103 | J15: 135 | K15: 106 | L15: 119 | M15: 102 | N15: 139 | O15: 135 | P15: 102 | Q15: 142 | R15: 104 | S15: 65 | T15: =SUM(E15:S15) -> 1759
D16: JML | E16: =SUM(E14:E15) -> 239 | F16: =SUM(F14:F15) -> 277 | G16: =SUM(G14:G15) -> 285 | H16: =SUM(H14:H15) -> 173 | I16: =SUM(I14:I15) -> 208 | J16: =SUM(J14:J15) -> 249 | K16: =SUM(K14:K15) -> 209 | L16: =SUM(L14:L15) -> 229 | ... S16: =SUM(S14:S15) -> 119 | T16: =SUM(E16:S16) -> 3399
A18: B | B18: PENGGUNA HAK PILIH
B19: 1. | C19: Jumlah pengguna hak pilih dalam Daftar Pemilih Tetap (DPT) | D19: LK | E19: 101 | F19: 105 | G19: 110 | H19: 71 | I19: 85 | J19: 91 | K19: 90 | L19: 88 | M19: 87 | N19: 104 | O19: 105 | P19: 69 | Q19: 101 | R19: 77 | S19: 47 | T19: =SUM(E19:S19) -> 1331
D20: PR | E20: 109 | F20: 125 | G20: 128 | H20: 77 | I20: 91 | J20: 108 | K20: 90 | L20: 98 | M20: 86 | N20: 117 | O20: 121 | P20: 86 | Q20: 119 | R20: 87 | S20: 59 | T20: =SUM(E20:S20) -> 1501
D21: JML | E21: =SUM(E19:E20) -> 210 | F21: =SUM(F19:F20) -> 230 | G21: =SUM(G19:G20) -> 238 | H21: =SUM(H19:H20) -> 148 | I21: =SUM(I19:I20) -> 176 | J21: =SUM(J19:J20) -> 199 | K21: =SUM(K19:K20) -> 180 | L21: =SUM(L19:L20) -> 186 | ... S21: =SUM(S19:S20) -> 106 | T21: =SUM(E21:S21) -> 2832
B22: 2. | C22: Jumlah pengguna hak pilih dalam Daftar Pemilih Tambahan (DPTb) | D22: LK | E22: 0 | F22: 0 | G22: 0 | H22: 0 | I22: 0 | J22: 0 | K22: 0 | L22: 0 | M22: 0 | N22: 0 | O22: 0 | P22: 0 | Q22: 0 | R22: 0 | S22: 0 | T22: =SUM(E22:S22) -> 0
D23: PR | E23: 0 | F23: 0 | G23: 0 | H23: 0 | I23: 0 | J23: 0 | K23: 0 | L23: 0 | M23: 0 | N23: 0 | O23: 0 | P23: 0 | Q23: 0 | R23: 0 | S23: 0 | T23: =SUM(E23:S23) -> 0
D24: JML | E24: =SUM(E22:E23) -> 0 | F24: =SUM(F22:F23) -> 0 | G24: =SUM(G22:G23) -> 0 | H24: =SUM(H22:H23) -> 0 | I24: =SUM(I22:I23) -> 0 | J24: =SUM(J22:J23) -> 0 | K24: =SUM(K22:K23) -> 0 | L24: =SUM(L22:L23) -> 0 | ... S24: =SUM(S22:S23) -> 0 | T24: =SUM(E24:S24) -> 0
B25: 3. | C25: Jumlah pengguna hak pilih dalam Daftar Pemilih Khusus (DPK) | D25: LK | E25: 0 | F25: 4 | G25: 4 | H25: 2 | I25: 0 | J25: 7 | K25: 0 | L25: 0 | M25: 1 | N25: 3 | O25: 0 | P25: 6 | Q25: 21 | R25: 9 | S25: 0 | T25: =SUM(E25:S25) -> 57
D26: PR | E26: 1 | F26: 2 | G26: 0 | H26: 0 | I26: 1 | J26: 4 | K26: 0 | L26: 0 | M26: 2 | N26: 2 | O26: 0 | P26: 6 | Q26: 29 | R26: 9 | S26: 1 | T26: =SUM(E26:S26) -> 57
D27: JML | E27: =SUM(E25:E26) -> 1 | F27: =SUM(F25:F26) -> 6 | G27: =SUM(G25:G26) -> 4 | H27: =SUM(H25:H26) -> 2 | I27: =SUM(I25:I26) -> 1 | J27: =SUM(J25:J26) -> 11 | K27: =SUM(K25:K26) -> 0 | L27: =SUM(L25:L26) -> 0 | ... S27: =SUM(S25:S26) -> 1 | T27: =SUM(E27:S27) -> 114
B28: 4. | C28: Jumlah Pengguna Hak Pilih (B.1+B.2+B.3) | D28: LK | E28: =SUM(E19,E22,E25) -> 101 | F28: =SUM(F19,F22,F25) -> 109 | G28: =SUM(G19,G22,G25) -> 114 | H28: =SUM(H19,H22,H25) -> 73 | I28: =SUM(I19,I22,I25) -> 85 | J28: =SUM(J19,J22,J25) -> 98 | K28: =SUM(K19,K22,K25) -> 90 | L28: =SUM(L19,L22,L25) -> 88 | ... S28: =SUM(S19,S22,S25) -> 47 | T28: =SUM(E28:S28) -> 1388
D29: PR | E29: =SUM(E20,E23,E26) -> 110 | F29: =SUM(F20,F23,F26) -> 127 | G29: =SUM(G20,G23,G26) -> 128 | H29: =SUM(H20,H23,H26) -> 77 | I29: =SUM(I20,I23,I26) -> 92 | J29: =SUM(J20,J23,J26) -> 112 | K29: =SUM(K20,K23,K26) -> 90 | L29: =SUM(L20,L23,L26) -> 98 | ... S29: =SUM(S20,S23,S26) -> 60 | T29: =SUM(E29:S29) -> 1558
D30: JML | E30: =SUM(E28:E29) -> 211 | F30: =SUM(F28:F29) -> 236 | G30: =SUM(G28:G29) -> 242 | H30: =SUM(H28:H29) -> 150 | I30: =SUM(I28:I29) -> 177 | J30: =SUM(J28:J29) -> 210 | K30: =SUM(K28:K29) -> 180 | L30: =SUM(L28:L29) -> 186 | ... S30: =SUM(S28:S29) -> 107 | T30: =SUM(E30:S30) -> 2946
A32: II | B32: DATA PENGGUNAAN SURAT SUARA
A33: 1 | B33: Jumlah surat suara yang diterima, termasuk surat suara cadangan 2% dari DPT | E33: 244 | F33: 283 | G33: 291 | H33: 177 | I33: 213 | J33: 254 | K33: 214 | L33: 234 | M33: 216 | N33: 277 | O33: 273 | P33: 198 | Q33: 270 | R33: 209 | S33: 122 | T33: =SUM(E33:S33) -> 3475
A34: 2 | B34: Jumlah surat suara yang digunakan | E34: 211 | F34: 236 | G34: 242 | H34: 150 | I34: 177 | J34: 210 | K34: 180 | L34: 186 | M34: 176 | N34: 226 | O34: 226 | P34: 167 | Q34: 270 | R34: 182 | S34: 107 | T34: =SUM(E34:S34) -> 2946
A35: 3 | B35: Jumlah surat suara dikembalikan oleh pemilih (karena rusak atau keliru coblos) | E35: 0 | F35: 0 | G35: 0 | H35: 3 | I35: 0 | J35: 0 | K35: 0 | L35: 0 | M35: 0 | N35: 0 | O35: 0 | P35: 0 | Q35: 0 | R35: 0 | S35: 0 | T35: =SUM(E35:S35) -> 3
A36: 4 | B36: Jumlah surat suara yang tidak digunakan/tidak terpakai, termasuk sisa surat suara cadangan | E36: =E33-(E34+E35) -> 33 | F36: =F33-(F34+F35) -> 47 | G36: =G33-(G34+G35) -> 49 | H36: =H33-(H34+H35) -> 24 | I36: =I33-(I34+I35) -> 36 | J36: =J33-(J34+J35) -> 44 | K36: =K33-(K34+K35) -> 34 | L36: =L33-(L34+L35) -> 48 | ... S36: =S33-(S34+S35) -> 15 | T36: =SUM(E36:S36) -> 526
A38: III | B38: DATA PEMILIH DISABILITAS
B39: Jumlah seluruh Pemilih disabilitas yang menggunakan hak pilih | D39: LK | G39: 1 | T39: =SUM(E39:S39) -> 1
D40: PR | I40: 2 | T40: =SUM(E40:S40) -> 2
D41: JML | E41: =SUM(E39:E40) -> 0 | F41: =SUM(F39:F40) -> 0 | G41: =SUM(G39:G40) -> 1 | H41: =SUM(H39:H40) -> 0 | I41: =SUM(I39:I40) -> 2 | J41: =SUM(J39:J40) -> 0 | K41: =SUM(K39:K40) -> 0 | L41: =SUM(L39:L40) -> 0 | ... S41: =SUM(S39:S40) -> 0 | T41: =SUM(E41:S41) -> 3
A43: IV | B43: DATA RINCIAN PEROLEHAN SUARA PASANGAN CALON BUPATI DAN WAKIL BUPATI
A44: NOMOR DAN NAMA CALON
A45: A.1 | B45: 1. | C45: Partai Kebangkitan Bangsa | E45: 3 | F45: 6 | G45: 2 | H45: 9 | I45: 6 | J45: 6 | K45: 10 | L45: 9 | M45: 6 | N45: 7 | O45: 12 | P45: 5 | Q45: 6 | R45: 3 | S45: 7 | T45: =SUM(E45:S45) -> 97
A46: A.2 | C46: 1. ANITA RANI, S.H. | E46: 0 | F46: 2 | G46: 4 | H46: 3 | I46: 1 | J46: 3 | K46: 1 | L46: 1 | M46: 0 | N46: 3 | O46: 1 | P46: 2 | Q46: 1 | R46: 0 | S46: 1 | T46: =SUM(E46:S46) -> 23
C47: 2. ANISAH MAHSUNAH, S.E. | E47: 1 | F47: 1 | G47: 2 | H47: 1 | I47: 0 | J47: 0 | K47: 0 | L47: 1 | M47: 0 | N47: 0 | O47: 7 | P47: 0 | Q47: 0 | R47: 1 | S47: 1 | T47: =SUM(E47:S47) -> 15
C48: 3. SENARI, S.Sos. | E48: 1 | F48: 3 | G48: 3 | H48: 0 | I48: 1 | J48: 2 | K48: 0 | L48: 0 | M48: 0 | N48: 1 | O48: 1 | P48: 0 | Q48: 0 | R48: 0 | S48: 0 | T48: =SUM(E48:S48) -> 12
C49: 4. VERAGAWATI, S.H. | E49: 0 | F49: 0 | G49: 0 | H49: 0 | I49: 0 | J49: 0 | K49: 0 | L49: 0 | M49: 0 | N49: 0 | O49: 0 | P49: 0 | Q49: 0 | R49: 0 | S49: 0 | T49: =SUM(E49:S49) -> 0
C50: 5. KURDI EHSAN | E50: 0 | F50: 0 | G50: 0 | H50: 0 | I50: 1 | J50: 1 | K50: 0 | L50: 0 | M50: 0 | N50: 0 | O50: 0 | P50: 0 | Q50: 0 | R50: 0 | S50: 0 | T50: =SUM(E50:S50) -> 2
C51: 6. BONDAN ARDYWIJAYA | E51: 1 | F51: 3 | G51: 0 | H51: 12 | I51: 13 | J51: 10 | K51: 2 | L51: 4 | M51: 0 | N51: 0 | O51: 1 | P51: 0 | Q51: 0 | R51: 0 | S51: 1 | T51: =SUM(E51:S51) -> 47
A52: B | B52: JUMLAH SUARA SAH PARTAI POLITIK DAN CALON (A1 + A2) | E52: =SUM(E45:E51) -> 6 | F52: =SUM(F45:F51) -> 15 | G52: =SUM(G45:G51) -> 11 | H52: =SUM(H45:H51) -> 25 | I52: =SUM(I45:I51) -> 22 | J52: =SUM(J45:J51) -> 22 | K52: =SUM(K45:K51) -> 13 | L52: =SUM(L45:L51) -> 15 | ... S52: =SUM(S45:S51) -> 10 | T52: =SUM(E52:S52) -> 196
A54: A.1 | B54: 2. | C54: Partai Gerakan Indonesia Raya | E54: 2 | F54: 8 | G54: 9 | H54: 8 | I54: 7 | J54: 9 | K54: 8 | L54: 5 | M54: 12 | N54: 3 | O54: 15 | P54: 5 | Q54: 10 | R54: 9 | S54: 2 | T54: =SUM(E54:S54) -> 112
A55: A.2 | C55: 1. Ir. H. NAUFAL BADRI | E55: 2 | F55: 0 | G55: 1 | H55: 0 | I55: 1 | J55: 4 | K55: 0 | L55: 1 | M55: 0 | N55: 2 | O55: 3 | P55: 1 | Q55: 4 | R55: 3 | S55: 0 | T55: =SUM(E55:S55) -> 22
C56: 2. ALI MUSTAUFIQ, S.Pd. | E56: 0 | F56: 1 | G56: 3 | H56: 0 | I56: 1 | J56: 3 | K56: 0 | L56: 0 | M56: 0 | N56: 0 | O56: 2 | P56: 3 | Q56: 1 | R56: 0 | S56: 0 | T56: =SUM(E56:S56) -> 14
C57: 3. Ir. IRA STEPHANI RAWUNG, M.M. | E57: 0 | F57: 1 | G57: 0 | H57: 1 | I57: 1 | J57: 0 | K57: 0 | L57: 0 | M57: 0 | N57: 0 | O57: 0 | P57: 3 | Q57: 0 | R57: 1 | S57: 0 | T57: =SUM(E57:S57) -> 7
C58: 4. Hj. LISMIYANA | E58: 1 | F58: 0 | G58: 0 | H58: 0 | I58: 0 | J58: 0 | K58: 0 | L58: 0 | M58: 0 | N58: 0 | O58: 0 | P58: 0 | Q58: 0 | R58: 0 | S58: 0 | T58: =SUM(E58:S58) -> 1
C59: 5. RIFKI PRIA HARTAWAN USMAN, S.H. | E59: 0 | F59: 0 | G59: 0 | H59: 0 | I59: 0 | J59: 1 | K59: 0 | L59: 0 | M59: 0 | N59: 1 | O59: 0 | P59: 0 | Q59: 1 | R59: 0 | S59: 0 | T59: =SUM(E59:S59) -> 3
C60: 6. KUNTI MAULIDATAS SAFROH, S.Sos. | E60: 0 | F60: 0 | G60: 0 | H60: 0 | I60: 0 | J60: 0 | K60: 0 | L60: 0 | M60: 0 | N60: 0 | O60: 0 | P60: 0 | Q60: 0 | R60: 1 | S60: 0 | T60: =SUM(E60:S60) -> 1
A61: B | B61: JUMLAH SUARA SAH PARTAI POLITIK DAN CALON (A1 + A2) | E61: =SUM(E54:E60) -> 5 | F61: =SUM(F54:F60) -> 10 | G61: =SUM(G54:G60) -> 13 | H61: =SUM(H54:H60) -> 9 | I61: =SUM(I54:I60) -> 10 | J61: =SUM(J54:J60) -> 17 | K61: =SUM(K54:K60) -> 8 | L61: =SUM(L54:L60) -> 6 | ... S61: =SUM(S54:S60) -> 2 | T61: =SUM(E61:S61) -> 160
A63: A.1 | B63: 3. | C63: Partai Demokrasi Indonesia Perjuangan | E63: 2 | F63: 7 | G63: 16 | H63: 17 | I63: 16 | J63: 9 | K63: 6 | L63: 7 | M63: 12 | N63: 2 | O63: 4 | P63: 1 | Q63: 3 | R63: 3 | S63: 3 | T63: =SUM(E63:S63) -> 108
A64: A.2 | C64: 1. TRI SOEDARYONO | E64: 1 | F64: 3 | G64: 2 | H64: 3 | I64: 10 | J64: 17 | K64: 1 | L64: 2 | M64: 7 | N64: 1 | O64: 5 | P64: 0 | Q64: 0 | R64: 9 | S64: 3 | T64: =SUM(E64:S64) -> 64
C65: 2. HEKSA SOEDARMADI, S.H. | E65: 2 | F65: 13 | G65: 8 | H65: 1 | I65: 6 | J65: 2 | K65: 7 | L65: 8 | M65: 9 | N65: 1 | O65: 2 | P65: 2 | Q65: 0 | R65: 0 | S65: 1 | T65: =SUM(E65:S65) -> 62
C66: 3. PRAMUDITA MAHARANI SAPUTRI | E66: 0 | F66: 2 | G66: 0 | H66: 5 | I66: 4 | J66: 11 | K66: 1 | L66: 2 | M66: 11 | N66: 3 | O66: 13 | P66: 5 | Q66: 0 | R66: 1 | S66: 2 | T66: =SUM(E66:S66) -> 60
C67: 4. SLAMET UTOMO | E67: 0 | F67: 0 | G67: 0 | H67: 0 | I67: 0 | J67: 1 | K67: 1 | L67: 0 | M67: 0 | N67: 0 | O67: 0 | P67: 0 | Q67: 1 | R67: 0 | S67: 0 | T67: =SUM(E67:S67) -> 3
C68: 5. MARCELINUS FLORIANUS GADI GAA | E68: 0 | F68: 0 | G68: 5 | H68: 2 | I68: 2 | J68: 0 | K68: 0 | L68: 0 | M68: 1 | N68: 2 | O68: 0 | P68: 0 | Q68: 0 | R68: 0 | S68: 0 | T68: =SUM(E68:S68) -> 12
C69: 6. RACHEL PUSPA ANGELIA | E69: 2 | F69: 1 | G69: 5 | H69: 5 | I69: 1 | J69: 5 | K69: 0 | L69: 0 | M69: 1 | N69: 0 | O69: 3 | P69: 5 | Q69: 3 | R69: 0 | S69: 1 | T69: =SUM(E69:S69) -> 32
A70: B | B70: JUMLAH SUARA SAH PARTAI POLITIK DAN CALON (A1 + A2) | E70: =SUM(E63:E69) -> 7 | F70: =SUM(F63:F69) -> 26 | G70: =SUM(G63:G69) -> 36 | H70: =SUM(H63:H69) -> 33 | I70: =SUM(I63:I69) -> 39 | J70: =SUM(J63:J69) -> 45 | K70: =SUM(K63:K69) -> 16 | L70: =SUM(L63:L69) -> 19 | ... S70: =SUM(S63:S69) -> 10 | T70: =SUM(E70:S70) -> 341
A72: A.1 | B72: 4. | C72: Partai Golongan Karya | E72: 1 | F72: 12 | G72: 9 | H72: 5 | I72: 6 | J72: 3 | K72: 0 | L72: 2 | M72: 6 | N72: 12 | O72: 8 | P72: 15 | Q72: 41 | R72: 14 | S72: 5 | T72: =SUM(E72:S72) -> 139
A73: A.2 | C73: 1. EVA HESTIYAWATI, S.E. | E73: 2 | F73: 33 | G73: 39 | H73: 7 | I73: 11 | J73: 5 | K73: 7 | L73: 4 | M73: 7 | N73: 21 | O73: 9 | P73: 63 | Q73: 106 | R73: 33 | S73: 6 | T73: =SUM(E73:S73) -> 353
C74: 2. MAS DWI SONY WIDIANTO | E74: 0 | F74: 0 | G74: 0 | H74: 1 | I74: 1 | J74: 0 | K74: 1 | L74: 0 | M74: 0 | N74: 2 | O74: 1 | P74: 1 | Q74: 0 | R74: 0 | S74: 0 | T74: =SUM(E74:S74) -> 7
C75: 3. YULIANTO | E75: 0 | F75: 0 | G75: 0 | H75: 0 | I75: 1 | J75: 1 | K75: 0 | L75: 1 | M75: 2 | N75: 2 | O75: 0 | P75: 1 | Q75: 1 | R75: 1 | S75: 0 | T75: =SUM(E75:S75) -> 10
C76: 4. MOCH. ZAENI, S.H., M.H. | E76: 0 | F76: 0 | G76: 0 | H76: 1 | I76: 1 | J76: 4 | K76: 0 | L76: 0 | M76: 0 | N76: 0 | O76: 0 | P76: 1 | Q76: 12 | R76: 1 | S76: 0 | T76: =SUM(E76:S76) -> 20
C77: 5. MEGA ANASTASIA CRISTANTY | E77: 0 | F77: 0 | G77: 0 | H77: 0 | I77: 0 | J77: 0 | K77: 1 | L77: 0 | M77: 0 | N77: 1 | O77: 0 | P77: 1 | Q77: 0 | R77: 0 | S77: 0 | T77: =SUM(E77:S77) -> 3
C78: 6. IMAN SANTOSO, S.E., M.M.H. | E78: 0 | F78: 0 | G78: 1 | H78: 0 | I78: 0 | J78: 0 | K78: 0 | L78: 0 | M78: 0 | N78: 0 | O78: 0 | P78: 0 | Q78: 0 | R78: 0 | S78: 0 | T78: =SUM(E78:S78) -> 1
A79: B | B79: JUMLAH SUARA SAH PARTAI POLITIK DAN CALON (A1 + A2) | E79: =SUM(E72:E78) -> 3 | F79: =SUM(F72:F78) -> 45 | G79: =SUM(G72:G78) -> 49 | H79: =SUM(H72:H78) -> 14 | I79: =SUM(I72:I78) -> 20 | J79: =SUM(J72:J78) -> 13 | K79: =SUM(K72:K78) -> 9 | L79: =SUM(L72:L78) -> 7 | ... S79: =SUM(S72:S78) -> 11 | T79: =SUM(E79:S79) -> 533
A81: A.1 | B81: 5. | C81: Partai NasDem | E81: 0 | F81: 1 | G81: 1 | H81: 0 | I81: 0 | J81: 1 | K81: 0 | L81: 0 | M81: 0 | N81: 0 | O81: 0 | P81: 0 | Q81: 0 | R81: 0 | S81: 0 | T81: =SUM(E81:S81) -> 3
A82: A.2 | C82: 1. ZAMRONI, S.H. | E82: 62 | F82: 13 | G82: 6 | H82: 8 | I82: 14 | J82: 9 | K82: 12 | L82: 3 | M82: 3 | N82: 13 | O82: 11 | P82: 7 | Q82: 43 | R82: 11 | S82: 2 | T82: =SUM(E82:S82) -> 217
C83: 2. AHMAD WIBISONO, S.T. | E83: 2 | F83: 0 | G83: 0 | H83: 1 | I83: 0 | J83: 0 | K83: 0 | L83: 0 | M83: 0 | N83: 0 | O83: 1 | P83: 0 | Q83: 0 | R83: 0 | S83: 0 | T83: =SUM(E83:S83) -> 4
C84: 3. Dra. EMY TRIASTUTIK, M.M. | E84: 2 | F84: 0 | G84: 0 | H84: 0 | I84: 0 | J84: 0 | K84: 2 | L84: 1 | M84: 0 | N84: 0 | O84: 1 | P84: 0 | Q84: 0 | R84: 0 | S84: 0 | T84: =SUM(E84:S84) -> 6
C85: 4. PEBDI ARISDIAWAN, S.E. | E85: 0 | F85: 0 | G85: 0 | H85: 0 | I85: 1 | J85: 0 | K85: 0 | L85: 0 | M85: 0 | N85: 0 | O85: 0 | P85: 0 | Q85: 0 | R85: 0 | S85: 0 | T85: =SUM(E85:S85) -> 1
C86: 5. BERNAT SIPAHUTAR, S.E. | E86: 0 | F86: 0 | G86: 0 | H86: 0 | I86: 0 | J86: 0 | K86: 0 | L86: 0 | M86: 0 | N86: 0 | O86: 0 | P86: 3 | Q86: 2 | R86: 1 | S86: 0 | T86: =SUM(E86:S86) -> 6
C87: 6. INDAH CATUR CAHYANINGTYAS | E87: 1 | F87: 0 | G87: 0 | H87: 0 | I87: 0 | J87: 0 | K87: 0 | L87: 0 | M87: 0 | N87: 0 | O87: 0 | P87: 0 | Q87: 1 | R87: 0 | S87: 0 | T87: =SUM(E87:S87) -> 2
A88: B | B88: JUMLAH SUARA SAH PARTAI POLITIK DAN CALON (A1 + A2) | E88: =SUM(E81:E87) -> 67 | F88: =SUM(F81:F87) -> 14 | G88: =SUM(G81:G87) -> 7 | H88: =SUM(H81:H87) -> 9 | I88: =SUM(I81:I87) -> 15 | J88: =SUM(J81:J87) -> 10 | K88: =SUM(K81:K87) -> 14 | L88: =SUM(L81:L87) -> 4 | ... S88: =SUM(S81:S87) -> 2 | T88: =SUM(E88:S88) -> 239
A90: A.1 | B90: 6. | C90: Partai Buruh | E90: 0 | F90: 1 | G90: 3 | H90: 0 | I90: 3 | J90: 0 | K90: 1 | L90: 2 | M90: 1 | N90: 0 | O90: 0 | P90: 0 | Q90: 1 | R90: 2 | S90: 0 | T90: =SUM(E90:S90) -> 14
A91: A.2 | C91: 1. SULASTRI, S.H. | E91: 0 | F91: 1 | G91: 0 | H91: 0 | I91: 0 | J91: 0 | K91: 0 | L91: 0 | M91: 1 | N91: 0 | O91: 0 | P91: 0 | Q91: 0 | R91: 0 | S91: 0 | T91: =SUM(E91:S91) -> 2
A92: B | B92: JUMLAH SUARA SAH PARTAI POLITIK DAN CALON (A1 + A2) | E92: =SUM(E90:E91) -> 0 | F92: =SUM(F90:F91) -> 2 | G92: =SUM(G90:G91) -> 3 | H92: =SUM(H90:H91) -> 0 | I92: =SUM(I90:I91) -> 3 | J92: =SUM(J90:J91) -> 0 | K92: =SUM(K90:K91) -> 1 | L92: =SUM(L90:L91) -> 2 | ... S92: =SUM(S90:S91) -> 0 | T92: =SUM(E92:S92) -> 16
A94: A.1 | B94: 7. | C94: Partai Gelombang Rakyat Indonesia | E94: 0 | F94: 0 | G94: 0 | H94: 4 | I94: 2 | J94: 5 | K94: 4 | L94: 2 | M94: 0 | N94: 5 | O94: 1 | P94: 1 | Q94: 0 | R94: 2 | S94: 1 | T94: =SUM(E94:S94) -> 27
A95: A.2 | C95: 1. H. SUGIARTO, S.E., M.Si. | E95: 0 | F95: 0 | G95: 1 | H95: 10 | I95: 5 | J95: 12 | K95: 13 | L95: 0 | M95: 0 | N95: 16 | O95: 15 | P95: 11 | Q95: 0 | R95: 29 | S95: 1 | T95: =SUM(E95:S95) -> 113
C96: 2. MUHTAR | E96: 1 | F96: 0 | G96: 0 | H96: 0 | I96: 1 | J96: 0 | K96: 0 | L96: 0 | M96: 0 | N96: 0 | O96: 0 | P96: 1 | Q96: 0 | R96: 0 | S96: 0 | T96: =SUM(E96:S96) -> 3
C97: 3. UNISSIAWATY | E97: 0 | F97: 0 | G97: 0 | H97: 0 | I97: 0 | J97: 0 | K97: 1 | L97: 0 | M97: 0 | N97: 0 | O97: 1 | P97: 0 | Q97: 0 | R97: 0 | S97: 0 | T97: =SUM(E97:S97) -> 2
C98: 4. DWI WAHYUDI | E98: 0 | F98: 0 | G98: 0 | H98: 0 | I98: 0 | J98: 0 | K98: 0 | L98: 0 | M98: 0 | N98: 0 | O98: 0 | P98: 0 | Q98: 0 | R98: 0 | S98: 0 | T98: =SUM(E98:S98) -> 0
C99: 5. ADINA MUTIARA KURNIAWAN, S.T. | E99: 0 | F99: 0 | G99: 2 | H99: 0 | I99: 0 | J99: 0 | K99: 0 | L99: 0 | M99: 0 | N99: 0 | O99: 0 | P99: 0 | Q99: 0 | R99: 0 | S99: 0 | T99: =SUM(E99:S99) -> 2
C100: 6. FIRMAN ISADI | E100: 0 | F100: 0 | G100: 0 | H100: 0 | I100: 0 | J100: 0 | K100: 0 | L100: 0 | M100: 0 | N100: 0 | O100: 0 | P100: 0 | Q100: 0 | R100: 0 | S100: 0 | T100: =SUM(E100:S100) -> 0
A101: B | B101: JUMLAH SUARA SAH PARTAI POLITIK DAN CALON (A1 + A2) | E101: =SUM(E94:E100) -> 1 | F101: =SUM(F94:F100) -> 0 | G101: =SUM(G94:G100) -> 3 | H101: =SUM(H94:H100) -> 14 | I101: =SUM(I94:I100) -> 8 | J101: =SUM(J94:J100) -> 17 | K101: =SUM(K94:K100) -> 18 | L101: =SUM(L94:L100) -> 2 | ... S101: =SUM(S94:S100) -> 2 | T101: =SUM(E101:S101) -> 147
A103: A.1 | B103: 8. | C103: Partai Keadilan Sejahtera | E103: 9 | F103: 13 | G103: 11 | H103: 0 | I103: 0 | J103: 0 | K103: 16 | L103: 9 | M103: 6 | N103: 14 | O103: 0 | P103: 0 | Q103: 0 | R103: 3 | S103: 9 | T103: =SUM(E103:S103) -> 90
A104: A.2 | C104: 1. NENI VIANTIN DIYAH MARTIVA, S.Pd. | E104: 72 | F104: 67 | G104: 47 | H104: 2 | I104: 5 | J104: 13 | K104: 40 | L104: 71 | M104: 27 | N104: 82 | O104: 11 | P104: 0 | Q104: 0 | R104: 12 | S104: 46 | T104: =SUM(E104:S104) -> 495
C105: 2. RINO AHMAD MURAD | E105: 1 | F105: 0 | G105: 0 | H105: 0 | I105: 0 | J105: 0 | K105: 0 | L105: 0 | M105: 0 | N105: 0 | O105: 0 | P105: 0 | Q105: 0 | R105: 0 | S105: 0 | T105: =SUM(E105:S105) -> 1
C106: 3. ASROR FAHRUDIN | E106: 0 | F106: 0 | G106: 0 | H106: 0 | I106: 0 | J106: 0 | K106: 1 | L106: 0 | M106: 0 | N106: 0 | O106: 0 | P106: 0 | Q106: 0 | R106: 0 | S106: 0 | T106: =SUM(E106:S106) -> 1
C107: 4. ABDUL KARIM | E107: 0 | F107: 0 | G107: 0 | H107: 0 | I107: 0 | J107: 1 | K107: 3 | L107: 2 | M107: 0 | N107: 0 | O107: 3 | P107: 0 | Q107: 0 | R107: 0 | S107: 0 | T107: =SUM(E107:S107) -> 9
C108: 5. ZIA UL HAK, S.H., M.Kn. | E108: 0 | F108: 0 | G108: 1 | H108: 0 | I108: 0 | J108: 1 | K108: 0 | L108: 0 | M108: 5 | N108: 0 | O108: 0 | P108: 0 | Q108: 0 | R108: 0 | S108: 0 | T108: =SUM(E108:S108) -> 7
C109: 6. MUNA AZ ZAHRA | E109: 10 | F109: 0 | G109: 2 | H109: 0 | I109: 0 | J109: 0 | K109: 0 | L109: 0 | M109: 0 | N109: 1 | O109: 1 | P109: 0 | Q109: 3 | R109: 3 | S109: 2 | T109: =SUM(E109:S109) -> 22
A110: B | B110: JUMLAH SUARA SAH PARTAI POLITIK DAN CALON (A1 + A2) | E110: =SUM(E103:E109) -> 92 | F110: =SUM(F103:F109) -> 80 | G110: =SUM(G103:G109) -> 61 | H110: =SUM(H103:H109) -> 2 | I110: =SUM(I103:I109) -> 5 | J110: =SUM(J103:J109) -> 15 | K110: =SUM(K103:K109) -> 60 | L110: =SUM(L103:L109) -> 82 | ... S110: =SUM(S103:S109) -> 57 | T110: =SUM(E110:S110) -> 625
A112: A.1 | B112: 9. | C112: Partai Kebangkitan Nusantara | E112: 0 | F112: 0 | G112: 1 | H112: 0 | I112: 0 | J112: 0 | K112: 0 | L112: 0 | M112: 0 | N112: 1 | O112: 0 | P112: 0 | Q112: 0 | R112: 0 | S112: 0 | T112: =SUM(E112:S112) -> 2
A113: A.2 | C113: 1. LILIS SURYANI | E113: 0 | F113: 0 | G113: 0 | H113: 0 | I113: 0 | J113: 1 | K113: 0 | L113: 0 | M113: 0 | N113: 0 | O113: 0 | P113: 0 | Q113: 0 | R113: 0 | S113: 0 | T113: =SUM(E113:S113) -> 1
A114: B | B114: JUMLAH SUARA SAH PARTAI POLITIK DAN CALON (A1 + A2) | E114: =SUM(E112:E113) -> 0 | F114: =SUM(F112:F113) -> 0 | G114: =SUM(G112:G113) -> 1 | H114: =SUM(H112:H113) -> 0 | I114: =SUM(I112:I113) -> 0 | J114: =SUM(J112:J113) -> 1 | K114: =SUM(K112:K113) -> 0 | L114: =SUM(L112:L113) -> 0 | ... S114: =SUM(S112:S113) -> 0 | T114: =SUM(E114:S114) -> 3
A116: A.1 | B116: 10. | C116: Partai Hati Nurani Rakyat | E116: 0 | F116: 1 | G116: 1 | H116: 1 | I116: 1 | J116: 3 | K116: 3 | L116: 3 | M116: 8 | N116: 0 | O116: 0 | P116: 0 | Q116: 0 | R116: 0 | S116: 1 | T116: =SUM(E116:S116) -> 22
A117: A.2 | C117: 1. Ir. BASUKI RACHMAD | E117: 0 | F117: 0 | G117: 0 | H117: 9 | I117: 7 | J117: 17 | K117: 6 | L117: 4 | M117: 18 | N117: 2 | O117: 8 | P117: 0 | Q117: 1 | R117: 1 | S117: 0 | T117: =SUM(E117:S117) -> 73
C118: 2. H. VERDIYANTO WELLYA | E118: 0 | F118: 0 | G118: 0 | H118: 0 | I118: 0 | J118: 0 | K118: 0 | L118: 0 | M118: 0 | N118: 0 | O118: 0 | P118: 0 | Q118: 0 | R118: 0 | S118: 0 | T118: =SUM(E118:S118) -> 0
C119: 3. Hj. LILIK YULIATI, S.A.P. | E119: 0 | F119: 0 | G119: 1 | H119: 1 | I119: 0 | J119: 0 | K119: 0 | L119: 0 | M119: 0 | N119: 0 | O119: 0 | P119: 0 | Q119: 0 | R119: 0 | S119: 0 | T119: =SUM(E119:S119) -> 2
C120: 4. H. ABDUL HADI, S.Pd.I., M.Pd. | E120: 0 | F120: 0 | G120: 0 | H120: 0 | I120: 0 | J120: 0 | K120: 0 | L120: 0 | M120: 0 | N120: 0 | O120: 0 | P120: 0 | Q120: 0 | R120: 0 | S120: 0 | T120: =SUM(E120:S120) -> 0
...
