Workbook

Sheet DPRD KABUPATEN
C8: Kecamatan | D8: GLENMORE
C9: Kabupaten | D9: BANYUWANGI
C10: Provinsi | D10: JAWA TIMUR
A12: I | B12: DATA PEMILIH DAN PENGGUNAAN HAK PILIH | E12: JUMLAH AKHIR
A13: A | B13: DATA PEMILIH
B14: Jumlah Pemilih dalam Daftar Pemilih Tetap (DPT) | D14: LK | E14: =BUMIHARJO!AE14+KARANGHARJO!BK14+MARGOMULYO!S14+SEPANJANG!AJ14+SUMBERGONDO!AB14+TEGALHARJO!AP14+TULUNGREJO!BL14 -> 29418
D15: PR | E15: =BUMIHARJO!AE15+KARANGHARJO!BK15+MARGOMULYO!S15+SEPANJANG!AJ15+SUMBERGONDO!AB15+TEGALHARJO!AP15+TULUNGREJO!BL15 -> 30287
D16: JML | E16: =SUM(E14:E15) -> 59705
A18: B | B18: PENGGUNA HAK PILIH
B19: 1. | C19: Jumlah pengguna hak pilih dalam Daftar Pemilih Tetap (DPT) | D19: LK | E19: =BUMIHARJO!AE19+KARANGHARJO!BK19+MARGOMULYO!S19+SEPANJANG!AJ19+SUMBERGONDO!AB19+TEGALHARJO!AP19+TULUNGREJO!BL19 -> 21583
D20: PR | E20: =BUMIHARJO!AE20+KARANGHARJO!BK20+MARGOMULYO!S20+SEPANJANG!AJ20+SUMBERGONDO!AB20+TEGALHARJO!AP20+TULUNGREJO!BL20 -> 23929
D21: JML | E21: =SUM(E19:E20) -> 45512
B22: 2. | C22: Jumlah pengguna hak pilih dalam Daftar Pemilih Tambahan (DPTb) | D22: LK | E22: =BUMIHARJO!AE22+KARANGHARJO!BK22+MARGOMULYO!S22+SEPANJANG!AJ22+SUMBERGONDO!AB22+TEGALHARJO!AP22+TULUNGREJO!BL22 -> 74
D23: PR | E23: =BUMIHARJO!AE23+KARANGHARJO!BK23+MARGOMULYO!S23+SEPANJANG!AJ23+SUMBERGONDO!AB23+TEGALHARJO!AP23+TULUNGREJO!BL23 -> 54
D24: JML | E24: =SUM(E22:E23) -> 128
B25: 3. | C25: Jumlah pengguna hak pilih dalam Daftar Pemilih Khusus (DPK) | D25: LK | E25: =BUMIHARJO!AE25+KARANGHARJO!BK25+MARGOMULYO!S25+SEPANJANG!AJ25+SUMBERGONDO!AB25+TEGALHARJO!AP25+TULUNGREJO!BL25 -> 143
D26: PR | E26: =BUMIHARJO!AE26+KARANGHARJO!BK26+MARGOMULYO!S26+SEPANJANG!AJ26+SUMBERGONDO!AB26+TEGALHARJO!AP26+TULUNGREJO!BL26 -> 197
D27: JML | E27: =SUM(E25:E26) -> 340
B28: 4. | C28: Jumlah Pengguna Hak Pilih (B.1+B.2+B.3) | D28: LK | E28: =E19+E22+E25 -> 21800
D29: PR | E29: =E20+E23+E26 -> 24180
D30: JML | E30: =SUM(E28:E29) -> 45980
A32: II | B32: DATA PENGGUNAAN SURAT SUARA
A33: 1 | B33: Jumlah surat suara yang diterima, termasuk surat suara cadangan 2,5% dari DPT | E33: =BUMIHARJO!AE33+KARANGHARJO!BK33+MARGOMULYO!S33+SEPANJANG!AJ33+SUMBERGONDO!AB33+TEGALHARJO!AP33+TULUNGREJO!BL33 -> 61110
A34: 2 | B34: Jumlah surat suara yang digunakan | E34: =BUMIHARJO!AE34+KARANGHARJO!BK34+MARGOMULYO!S34+SEPANJANG!AJ34+SUMBERGONDO!AB34+TEGALHARJO!AP34+TULUNGREJO!BL34 -> 45980
A35: 3 | B35: Jumlah surat suara dikembalikan oleh pemilih (karena rusak atau keliru coblos) | E35: =BUMIHARJO!AE35+KARANGHARJO!BK35+MARGOMULYO!S35+SEPANJANG!AJ35+SUMBERGONDO!AB35+TEGALHARJO!AP35+TULUNGREJO!BL35 -> 83
A36: 4 | B36: Jumlah surat suara yang tidak digunakan/tidak terpakai, termasuk sisa surat suara cadangan | E36: =E33-(E34+E35) -> 15047
A38: III | B38: DATA PEMILIH DISABILITAS
B39: Jumlah seluruh Pemilih disabilitas yang menggunakan hak pilih | D39: LK | E39: =BUMIHARJO!AE39+KARANGHARJO!BK39+MARGOMULYO!S39+SEPANJANG!AJ39+SUMBERGONDO!AB39+TEGALHARJO!AP39+TULUNGREJO!BL39 -> 38
D40: PR | E40: =BUMIHARJO!AE40+KARANGHARJO!BK40+MARGOMULYO!S40+SEPANJANG!AJ40+SUMBERGONDO!AB40+TEGALHARJO!AP40+TULUNGREJO!BL40 -> 65
D41: JML | E41: =SUM(E39:E40) -> 103
A43: IV | B43: DATA RINCIAN PEROLEHAN SUARA PASANGAN CALON BUPATI DAN WAKIL BUPATI
A44: NOMOR DAN NAMA CALON
A45: A.1 | B45: 1. | C45: Partai Kebangkitan Bangsa | E45: =BUMIHARJO!AE45+KARANGHARJO!BK45+MARGOMULYO!S45+SEPANJANG!AJ45+SUMBERGONDO!AB45+TEGALHARJO!AP45+TULUNGREJO!BL45 -> 933
A46: A.2 | C46: 1. H. KHUSNAN, S.Ag., M.Pd.I. | E46: =BUMIHARJO!AE46+KARANGHARJO!BK46+MARGOMULYO!S46+SEPANJANG!AJ46+SUMBERGONDO!AB46+TEGALHARJO!AP46+TULUNGREJO!BL46 -> 830
C47: 2. MARA QONITHA LAYLIA | E47: =BUMIHARJO!AE47+KARANGHARJO!BK47+MARGOMULYO!S47+SEPANJANG!AJ47+SUMBERGONDO!AB47+TEGALHARJO!AP47+TULUNGREJO!BL47 -> 1882
C48: 3. ZAKI AL MUBAROK, M.Si. | E48: =BUMIHARJO!AE48+KARANGHARJO!BK48+MARGOMULYO!S48+SEPANJANG!AJ48+SUMBERGONDO!AB48+TEGALHARJO!AP48+TULUNGREJO!BL48 -> 2289
C49: 4. INAYATUL MAHMUDAH, S.Pd. | E49: =BUMIHARJO!AE49+KARANGHARJO!BK49+MARGOMULYO!S49+SEPANJANG!AJ49+SUMBERGONDO!AB49+TEGALHARJO!AP49+TULUNGREJO!BL49 -> 97
C50: 5. HABIBURRAHMAN AL KHOLILI | E50: =BUMIHARJO!AE50+KARANGHARJO!BK50+MARGOMULYO!S50+SEPANJANG!AJ50+SUMBERGONDO!AB50+TEGALHARJO!AP50+TULUNGREJO!BL50 -> 45
C51: 6. INDIARTI NOVIDA, A.Md. | E51: =BUMIHARJO!AE51+KARANGHARJO!BK51+MARGOMULYO!S51+SEPANJANG!AJ51+SUMBERGONDO!AB51+TEGALHARJO!AP51+TULUNGREJO!BL51 -> 8
C52: 7. RUDI DARMAWAN, S.Pd.I. | E52: =BUMIHARJO!AE52+KARANGHARJO!BK52+MARGOMULYO!S52+SEPANJANG!AJ52+SUMBERGONDO!AB52+TEGALHARJO!AP52+TULUNGREJO!BL52 -> 23
A55: B | B55: JUMLAH SUARA SAH PARTAI POLITIK DAN CALON (A1 + A2) | E55: =SUM(E45:E54) -> 6107
A57: A.1 | B57: 2. | C57: Partai Gerakan Indonesia Raya | E57: =BUMIHARJO!AE57+KARANGHARJO!BK57+MARGOMULYO!S57+SEPANJANG!AJ57+SUMBERGONDO!AB57+TEGALHARJO!AP57+TULUNGREJO!BL57 -> 1019
A58: A.2 | C58: 1. ABDUL GHOFUR | E58: =BUMIHARJO!AE58+KARANGHARJO!BK58+MARGOMULYO!S58+SEPANJANG!AJ58+SUMBERGONDO!AB58+TEGALHARJO!AP58+TULUNGREJO!BL58 -> 471
C59: 2. Drs. MOCHAMMAD RIFA'I, M.Pd. | E59: =BUMIHARJO!AE59+KARANGHARJO!BK59+MARGOMULYO!S59+SEPANJANG!AJ59+SUMBERGONDO!AB59+TEGALHARJO!AP59+TULUNGREJO!BL59 -> 496
C60: 3. SITI BADRIYAH | E60: =BUMIHARJO!AE60+KARANGHARJO!BK60+MARGOMULYO!S60+SEPANJANG!AJ60+SUMBERGONDO!AB60+TEGALHARJO!AP60+TULUNGREJO!BL60 -> 104
C61: 4. FARUQ | E61: =BUMIHARJO!AE61+KARANGHARJO!BK61+MARGOMULYO!S61+SEPANJANG!AJ61+SUMBERGONDO!AB61+TEGALHARJO!AP61+TULUNGREJO!BL61 -> 1502
C62: 5. H. HARIYANTO HARI WIJAYA, S.T. | E62: =BUMIHARJO!AE62+KARANGHARJO!BK62+MARGOMULYO!S62+SEPANJANG!AJ62+SUMBERGONDO!AB62+TEGALHARJO!AP62+TULUNGREJO!BL62 -> 311
C63: 6. SRI ASTUTIK | E63: =BUMIHARJO!AE63+KARANGHARJO!BK63+MARGOMULYO!S63+SEPANJANG!AJ63+SUMBERGONDO!AB63+TEGALHARJO!AP63+TULUNGREJO!BL63 -> 18
C64: 7. MUSTOLIH | E64: =BUMIHARJO!AE64+KARANGHARJO!BK64+MARGOMULYO!S64+SEPANJANG!AJ64+SUMBERGONDO!AB64+TEGALHARJO!AP64+TULUNGREJO!BL64 -> 579
A67: B | B67: JUMLAH SUARA SAH PARTAI POLITIK DAN CALON (A1 + A2) | E67: =SUM(E57:E66) -> 4500
A69: A.1 | B69: 3. | C69: Partai Demokrasi Indonesia Perjuangan | E69: =BUMIHARJO!AE69+KARANGHARJO!BK69+MARGOMULYO!S69+SEPANJANG!AJ69+SUMBERGONDO!AB69+TEGALHARJO!AP69+TULUNGREJO!BL69 -> 1020
A70: A.2 | C70: 1. FICKY SEPTALINDA, S.E. | E70: =BUMIHARJO!AE70+KARANGHARJO!BK70+MARGOMULYO!S70+SEPANJANG!AJ70+SUMBERGONDO!AB70+TEGALHARJO!AP70+TULUNGREJO!BL70 -> 4471
C71: 2. TATANG SUROYO | E71: =BUMIHARJO!AE71+KARANGHARJO!BK71+MARGOMULYO!S71+SEPANJANG!AJ71+SUMBERGONDO!AB71+TEGALHARJO!AP71+TULUNGREJO!BL71 -> 131
C72: 3. SITI JAMI`AH | E72: =BUMIHARJO!AE72+KARANGHARJO!BK72+MARGOMULYO!S72+SEPANJANG!AJ72+SUMBERGONDO!AB72+TEGALHARJO!AP72+TULUNGREJO!BL72 -> 115
C73: 4. ADNAN | E73: =BUMIHARJO!AE73+KARANGHARJO!BK73+MARGOMULYO!S73+SEPANJANG!AJ73+SUMBERGONDO!AB73+TEGALHARJO!AP73+TULUNGREJO!BL73 -> 810
C74: 5. RINA WIJAYANTI | E74: =BUMIHARJO!AE74+KARANGHARJO!BK74+MARGOMULYO!S74+SEPANJANG!AJ74+SUMBERGONDO!AB74+TEGALHARJO!AP74+TULUNGREJO!BL74 -> 37
C75: 6. RIAS DEMILYA | E75: =BUMIHARJO!AE75+KARANGHARJO!BK75+MARGOMULYO!S75+SEPANJANG!AJ75+SUMBERGONDO!AB75+TEGALHARJO!AP75+TULUNGREJO!BL75 -> 7
C76: 7. EKO PRIYONO, S.E. | E76: =BUMIHARJO!AE76+KARANGHARJO!BK76+MARGOMULYO!S76+SEPANJANG!AJ76+SUMBERGONDO!AB76+TEGALHARJO!AP76+TULUNGREJO!BL76 -> 28
A79: B | B79: JUMLAH SUARA SAH PARTAI POLITIK DAN CALON (A1 + A2) | E79: =SUM(E69:E78) -> 6619
A81: A.1 | B81: 4. | C81: Partai Golongan Karya | E81: =BUMIHARJO!AE81+KARANGHARJO!BK81+MARGOMULYO!S81+SEPANJANG!AJ81+SUMBERGONDO!AB81+TEGALHARJO!AP81+TULUNGREJO!BL81 -> 1097
A82: A.2 | C82: 1. RULIYONO, S.H. | E82: =BUMIHARJO!AE82+KARANGHARJO!BK82+MARGOMULYO!S82+SEPANJANG!AJ82+SUMBERGONDO!AB82+TEGALHARJO!AP82+TULUNGREJO!BL82 -> 6287
C83: 2. FAHIRA HUMAIROH | E83: =BUMIHARJO!AE83+KARANGHARJO!BK83+MARGOMULYO!S83+SEPANJANG!AJ83+SUMBERGONDO!AB83+TEGALHARJO!AP83+TULUNGREJO!BL83 -> 97
C84: 3. T. AFNANY AKBAR, S.E. | E84: =BUMIHARJO!AE84+KARANGHARJO!BK84+MARGOMULYO!S84+SEPANJANG!AJ84+SUMBERGONDO!AB84+TEGALHARJO!AP84+TULUNGREJO!BL84 -> 362
C85: 4. MUHAMAD SUBUR | E85: =BUMIHARJO!AE85+KARANGHARJO!BK85+MARGOMULYO!S85+SEPANJANG!AJ85+SUMBERGONDO!AB85+TEGALHARJO!AP85+TULUNGREJO!BL85 -> 77
C86: 5. NYOTO PRAYITNO, S.E. | E86: =BUMIHARJO!AE86+KARANGHARJO!BK86+MARGOMULYO!S86+SEPANJANG!AJ86+SUMBERGONDO!AB86+TEGALHARJO!AP86+TULUNGREJO!BL86 -> 16
C87: 6. UMI LIANA EKAYANTI | E87: =BUMIHARJO!AE87+KARANGHARJO!BK87+MARGOMULYO!S87+SEPANJANG!AJ87+SUMBERGONDO!AB87+TEGALHARJO!AP87+TULUNGREJO!BL87 -> 9
C88: 7. TARMUJI | E88: =BUMIHARJO!AE88+KARANGHARJO!BK88+MARGOMULYO!S88+SEPANJANG!AJ88+SUMBERGONDO!AB88+TEGALHARJO!AP88+TULUNGREJO!BL88 -> 94
A91: B | B91: JUMLAH SUARA SAH PARTAI POLITIK DAN CALON (A1 + A2) | E91: =SUM(E81:E90) -> 8039
A93: A.1 | B93: 5. | C93: Partai NasDem | E93: =BUMIHARJO!AE93+KARANGHARJO!BK93+MARGOMULYO!S93+SEPANJANG!AJ93+SUMBERGONDO!AB93+TEGALHARJO!AP93+TULUNGREJO!BL93 -> 209
A94: A.2 | C94: 1. SUNGKOWO SARWO EDY, S.H. | E94: =BUMIHARJO!AE94+KARANGHARJO!BK94+MARGOMULYO!S94+SEPANJANG!AJ94+SUMBERGONDO!AB94+TEGALHARJO!AP94+TULUNGREJO!BL94 -> 159
C95: 2. GUNAWAN SATRIA PRATAMA | E95: =BUMIHARJO!AE95+KARANGHARJO!BK95+MARGOMULYO!S95+SEPANJANG!AJ95+SUMBERGONDO!AB95+TEGALHARJO!AP95+TULUNGREJO!BL95 -> 565
C96: 3. Hj. ULFA LAILA, S.E. | E96: =BUMIHARJO!AE96+KARANGHARJO!BK96+MARGOMULYO!S96+SEPANJANG!AJ96+SUMBERGONDO!AB96+TEGALHARJO!AP96+TULUNGREJO!BL96 -> 34
C97: 4. H. KURDI ISMAIL, S.H. | E97: =BUMIHARJO!AE97+KARANGHARJO!BK97+MARGOMULYO!S97+SEPANJANG!AJ97+SUMBERGONDO!AB97+TEGALHARJO!AP97+TULUNGREJO!BL97 -> 1723
C98: 5. FEBRY PRIMA SANJAYA | E98: =BUMIHARJO!AE98+KARANGHARJO!BK98+MARGOMULYO!S98+SEPANJANG!AJ98+SUMBERGONDO!AB98+TEGALHARJO!AP98+TULUNGREJO!BL98 -> 98
C99: 6. TRI SETYANINGSIH | E99: =BUMIHARJO!AE99+KARANGHARJO!BK99+MARGOMULYO!S99+SEPANJANG!AJ99+SUMBERGONDO!AB99+TEGALHARJO!AP99+TULUNGREJO!BL99 -> 73
C100: 7. ABDUL MUKSIN, S.Sos | E100: =BUMIHARJO!AE100+KARANGHARJO!BK100+MARGOMULYO!S100+SEPANJANG!AJ100+SUMBERGONDO!AB100+TEGALHARJO!AP100+TULUNGREJO!BL100 -> 1249
A103: B | B103: JUMLAH SUARA SAH PARTAI POLITIK DAN CALON (A1 + A2) | E103: =SUM(E93:E102) -> 4110
A105: A.1 | B105: 6. | C105: Partai Buruh | E105: =BUMIHARJO!AE105+KARANGHARJO!BK105+MARGOMULYO!S105+SEPANJANG!AJ105+SUMBERGONDO!AB105+TEGALHARJO!AP105+TULUNGREJO!BL105 -> 35
A106: A.2 | C106: 1. KHOIRUL ANWARI ARIF | E106: =BUMIHARJO!AE106+KARANGHARJO!BK106+MARGOMULYO!S106+SEPANJANG!AJ106+SUMBERGONDO!AB106+TEGALHARJO!AP106+TULUNGREJO!BL106 -> 26
A115: B | B115: JUMLAH SUARA SAH PARTAI POLITIK DAN CALON (A1 + A2) | E115: =SUM(E105:E114) -> 61
A117: A.1 | B117: 7. | C117: Partai Gelombang Rakyat Indonesia | E117: =BUMIHARJO!AE117+KARANGHARJO!BK117+MARGOMULYO!S117+SEPANJANG!AJ117+SUMBERGONDO!AB117+TEGALHARJO!AP117+TULUNGREJO!BL117 -> 212
A118: A.2 | C118: 1. WASIS | E118: =BUMIHARJO!AE118+KARANGHARJO!BK118+MARGOMULYO!S118+SEPANJANG!AJ118+SUMBERGONDO!AB118+TEGALHARJO!AP118+TULUNGREJO!BL118 -> 25
A127: B | B127: JUMLAH SUARA SAH PARTAI POLITIK DAN CALON (A1 + A2) | E127: =SUM(E117:E126) -> 237
A129: A.1 | B129: 8. | C129: Partai Keadilan Sejahtera | E129: =BUMIHARJO!AE129+KARANGHARJO!BK129+MARGOMULYO!S129+SEPANJANG!AJ129+SUMBERGONDO!AB129+TEGALHARJO!AP129+TULUNGREJO!BL129 -> 195
A130: A.2 | C130: 1. SRI WAHYUNI, S.Si. | E130: =BUMIHARJO!AE130+KARANGHARJO!BK130+MARGOMULYO!S130+SEPANJANG!AJ130+SUMBERGONDO!AB130+TEGALHARJO!AP130+TULUNGREJO!BL130 -> 1390
C131: 2. AHMAD FAISAL RIZAL | E131: =BUMIHARJO!AE131+KARANGHARJO!BK131+MARGOMULYO!S131+SEPANJANG!AJ131+SUMBERGONDO!AB131+TEGALHARJO!AP131+TULUNGREJO!BL131 -> 25
C132: 3. SYAIFUL LATIF, S.P. | E132: =BUMIHARJO!AE132+KARANGHARJO!BK132+MARGOMULYO!S132+SEPANJANG!AJ132+SUMBERGONDO!AB132+TEGALHARJO!AP132+TULUNGREJO!BL132 -> 48
C133: 4. WAWAN PRISTIAWAN, S.Pd. | E133: =BUMIHARJO!AE133+KARANGHARJO!BK133+MARGOMULYO!S133+SEPANJANG!AJ133+SUMBERGONDO!AB133+TEGALHARJO!AP133+TULUNGREJO!BL133 -> 12
C134: 5. FONI AGUSTIN, S.E. | E134: =BUMIHARJO!AE134+KARANGHARJO!BK134+MARGOMULYO!S134+SEPANJANG!AJ134+SUMBERGONDO!AB134+TEGALHARJO!AP134+TULUNGREJO!BL134 -> 4
C135: 6. ST. ROFIAH | E135: =BUMIHARJO!AE135+KARANGHARJO!BK135+MARGOMULYO!S135+SEPANJANG!AJ135+SUMBERGONDO!AB135+TEGALHARJO!AP135+TULUNGREJO!BL135 -> 12
C136: 7. SAPTO LASONGKO, S.S. | E136: =BUMIHARJO!AE136+KARANGHARJO!BK136+MARGOMULYO!S136+SEPANJANG!AJ136+SUMBERGONDO!AB136+TEGALHARJO!AP136+TULUNGREJO!BL136 -> 7
A139: B | B139: JUMLAH SUARA SAH PARTAI POLITIK DAN CALON (A1 + A2) | E139: =SUM(E129:E138) -> 1693
A141: A.1 | B141: 9. | C141: Partai Kebangkitan Nusantara | E141: =BUMIHARJO!AE141+KARANGHARJO!BK141+MARGOMULYO!S141+SEPANJANG!AJ141+SUMBERGONDO!AB141+TEGALHARJO!AP141+TULUNGREJO!BL141 -> 7
A142: A.2 | C142: 1. Drs. SUGENG HARIYADI, M.M. | E142: =BUMIHARJO!AE142+KARANGHARJO!BK142+MARGOMULYO!S142+SEPANJANG!AJ142+SUMBERGONDO!AB142+TEGALHARJO!AP142+TULUNGREJO!BL142 -> 13
C143: 2. DENI SEPTI RAHAYU | E143: =BUMIHARJO!AE143+KARANGHARJO!BK143+MARGOMULYO!S143+SEPANJANG!AJ143+SUMBERGONDO!AB143+TEGALHARJO!AP143+TULUNGREJO!BL143 -> 2
A151: B | B151: JUMLAH SUARA SAH PARTAI POLITIK DAN CALON (A1 + A2) | E151: =SUM(E141:E150) -> 22
A153: A.1 | B153: 10. | C153: Partai Hati Nurani Rakyat | E153: =BUMIHARJO!AE153+KARANGHARJO!BK153+MARGOMULYO!S153+SEPANJANG!AJ153+SUMBERGONDO!AB153+TEGALHARJO!AP153+TULUNGREJO!BL153 -> 50
A154: A.2 | C154: 1. H. ABDUL ARIFIN, S.E. | E154: =BUMIHARJO!AE154+KARANGHARJO!BK154+MARGOMULYO!S154+SEPANJANG!AJ154+SUMBERGONDO!AB154+TEGALHARJO!AP154+TULUNGREJO!BL154 -> 39
C155: 2. H. HELMI SUHARTONO, S.E. | E155: =BUMIHARJO!AE155+KARANGHARJO!BK155+MARGOMULYO!S155+SEPANJANG!AJ155+SUMBERGONDO!AB155+TEGALHARJO!AP155+TULUNGREJO!BL155 -> 638
C156: 3. SILVI MAULIDA, S.H. | E156: =BUMIHARJO!AE156+KARANGHARJO!BK156+MARGOMULYO!S156+SEPANJANG!AJ156+SUMBERGONDO!AB156+TEGALHARJO!AP156+TULUNGREJO!BL156 -> 14
...

Sheet BUMIHARJO
C2: Kecamatan | D2: GLENMORE
C3: Kabupaten | D3: BANYUWANGI
C4: Provinsi | D4: JAWA TIMUR
C9: Kelurahan | D9: BUMIHARJO
A12: I | B12: DATA PEMILIH DAN PENGGUNAAN HAK PILIH | AE12: JUMLAH AKHIR
A13: A | B13: DATA PEMILIH | E13: TPS 001 | F13: TPS 002 | G13: TPS 003 | H13: TPS 004 | I13: TPS 005 | J13: TPS 006 | K13: TPS 007 | L13: TPS 008 | M13: TPS 009 | N13: TPS 010 | O13: TPS 011 | P13: TPS 012 | Q13: TPS 013 | R13: TPS 014 | S13: TPS 015 | T13: TPS 016 | U13: TPS 017 | V13: TPS 018 | W13: TPS 019 | X13: TPS 020 | Y13: TPS 021 | Z13: TPS 022 | AA13: TPS 023 | AB13: TPS 024 | AC13: TPS 025 | AD13: TPS 026
B14: Jumlah Pemilih dalam Daftar Pemilih Tetap (DPT) | D14: LK | E14: 132 | F14: 118 | G14: 130 | H14: 112 | I14: 147 | J14: 159 | K14: 144 | L14: 151 | M14: 141 | N14: 144 | O14: 122 | P14: 124 | Q14: 123 | R14: 92 | S14: 142 | T14: 126 | U14: 127 | V14: 116 | W14: 145 | X14: 142 | Y14: 119 | Z14: 140 | AA14: 108 | AB14: 103 | AC14: 123 | AD14: 138 | AE14: =SUM(E14:AD14) -> 3368
D15: PR | E15: 127 | F15: 126 | G15: 123 | H15: 114 | I15: 142 | J15: 141 | K15: 149 | L15: 145 | M15: 147 | N15: 153 | O15: 116 | P15: 128 | Q15: 116 | R15: 106 | S15: 126 | T15: 124 | U15: 145 | V15: 97 | W15: 134 | X15: 137 | Y15: 126 | Z15: 151 | AA15: 115 | AB15: 118 | AC15: 132 | AD15: 149 | AE15: =SUM(E15:AD15) -> 3387
D16: JML | E16: =SUM(E14:E15) -> 259 | F16: =SUM(F14:F15) -> 244 | G16: =SUM(G14:G15) -> 253 | H16: =SUM(H14:H15) -> 226 | I16: =SUM(I14:I15) -> 289 | J16: =SUM(J14:J15) -> 300 | K16: =SUM(K14:K15) -> 293 | L16: =SUM(L14:L15) -> 296 | ... AD16: =SUM(AD14:AD15) -> 287 | AE16: =SUM(E16:AD16) -> 6755
A18: B | B18: PENGGUNA HAK PILIH
B19: 1. | C19: Jumlah pengguna hak pilih dalam Daftar Pemilih Tetap (DPT) | D19: LK | E19: 105 | F19: 100 | G19: 94 | H19: 91 | I19: 104 | J19: 118 | K19: 109 | L19: 115 | M19: 105 | N19: 107 | O19: 87 | P19: 97 | Q19: 90 | R19: 68 | S19: 113 | T19: 89 | U19: 87 | V19: 95 | W19: 113 | X19: 101 | Y19: 87 | Z19: 96 | AA19: 77 | AB19: 76 | AC19: 80 | AD19: 95 | AE19: =SUM(E19:AD19) -> 2499
D20: PR | E20: 101 | F20: 100 | G20: 107 | H20: 93 | I20: 104 | J20: 112 | K20: 115 | L20: 114 | M20: 118 | N20: 119 | O20: 89 | P20: 116 | Q20: 93 | R20: 86 | S20: 107 | T20: 105 | U20: 112 | V20: 86 | W20: 110 | X20: 105 | Y20: 104 | Z20: 126 | AA20: 100 | AB20: 78 | AC20: 92 | AD20: 112 | AE20: =SUM(E20:AD20) -> 2704
D21: JML | E21: =SUM(E19:E20) -> 206 | F21: =SUM(F19:F20) -> 200 | G21: =SUM(G19:G20) -> 201 | H21: =SUM(H19:H20) -> 184 | I21: =SUM(I19:I20) -> 208 | J21: =SUM(J19:J20) -> 230 | K21: =SUM(K19:K20) -> 224 | L21: =SUM(L19:L20) -> 229 | ... AD21: =SUM(AD19:AD20) -> 207 | AE21: =SUM(E21:AD21) -> 5203
B22: 2. | C22: Jumlah pengguna hak pilih dalam Daftar Pemilih Tambahan (DPTb) | D22: LK | N22: 2 | P22: 1 | AE22: =SUM(E22:AD22) -> 3
D23: PR | N23: 1 | O23: 1 | S23: 1 | V23: 1 | AE23: =SUM(E23:AD23) -> 4
D24: JML | E24: =SUM(E22:E23) -> 0 | F24: =SUM(F22:F23) -> 0 | G24: =SUM(G22:G23) -> 0 | H24: =SUM(H22:H23) -> 0 | I24: =SUM(I22:I23) -> 0 | J24: =SUM(J22:J23) -> 0 | K24: =SUM(K22:K23) -> 0 | L24: =SUM(L22:L23) -> 0 | ... AD24: =SUM(AD22:AD23) -> 0 | AE24: =SUM(E24:AD24) -> 7
B25: 3. | C25: Jumlah pengguna hak pilih dalam Daftar Pemilih Khusus (DPK) | D25: LK | E25: 1 | I25: 2 | R25: 1 | V25: 2 | W25: 1 | AE25: =SUM(E25:AD25) -> 7
D26: PR | P26: 1 | V26: 1 | W26: 1 | X26: 4 | AE26: =SUM(E26:AD26) -> 7
D27: JML | E27: =SUM(E25:E26) -> 1 | F27: =SUM(F25:F26) -> 0 | G27: =SUM(G25:G26) -> 0 | H27: =SUM(H25:H26) -> 0 | I27: =SUM(I25:I26) -> 2 | J27: =SUM(J25:J26) -> 0 | K27: =SUM(K25:K26) -> 0 | L27: =SUM(L25:L26) -> 0 | ... AD27: =SUM(AD25:AD26) -> 0 | AE27: =SUM(E27:AD27) -> 14
B28: 4. | C28: Jumlah Pengguna Hak Pilih (B.1+B.2+B.3) | D28: LK | E28: =SUM(E19,E22,E25) -> 106 | F28: =SUM(F19,F22,F25) -> 100 | G28: =SUM(G19,G22,G25) -> 94 | H28: =SUM(H19,H22,H25) -> 91 | I28: =SUM(I19,I22,I25) -> 106 | J28: =SUM(J19,J22,J25) -> 118 | K28: =SUM(K19,K22,K25) -> 109 | L28: =SUM(L19,L22,L25) -> 115 | ... AD28: =SUM(AD19,AD22,AD25) -> 95 | AE28: =SUM(E28:AD28) -> 2509
D29: PR | E29: =SUM(E20,E23,E26) -> 101 | F29: =SUM(F20,F23,F26) -> 100 | G29: =SUM(G20,G23,G26) -> 107 | H29: =SUM(H20,H23,H26) -> 93 | I29: =SUM(I20,I23,I26) -> 104 | J29: =SUM(J20,J23,J26) -> 112 | K29: =SUM(K20,K23,K26) -> 115 | L29: =SUM(L20,L23,L26) -> 114 | ... AD29: =SUM(AD20,AD23,AD26) -> 112 | AE29: =SUM(E29:AD29) -> 2715
D30: JML | E30: =SUM(E28:E29) -> 207 | F30: =SUM(F28:F29) -> 200 | G30: =SUM(G28:G29) -> 201 | H30: =SUM(H28:H29) -> 184 | I30: =SUM(I28:I29) -> 210 | J30: =SUM(J28:J29) -> 230 | K30: =SUM(K28:K29) -> 224 | L30: =SUM(L28:L29) -> 229 | ... AD30: =SUM(AD28:AD29) -> 207 | AE30: =SUM(E30:AD30) -> 5224
A32: II | B32: DATA PENGGUNAAN SURAT SUARA
A33: 1 | B33: Jumlah surat suara yang diterima, termasuk surat suara cadangan 2,5% dari DPT | E33: 265 | F33: 249 | G33: 259 | H33: 231 | I33: 295 | J33: 306 | K33: 299 | L33: 302 | M33: 294 | N33: 303 | O33: 243 | P33: 258 | Q33: 244 | R33: 202 | S33: 274 | T33: 255 | U33: 278 | V33: 218 | W33: 285 | X33: 285 | Y33: 250 | Z33: 297 | AA33: 228 | AB33: 226 | AC33: 261 | AD33: 293 | AE33: =SUM(E33:AD33) -> 6900
A34: 2 | B34: Jumlah surat suara yang digunakan | E34: 207 | F34: 200 | G34: 201 | H34: 184 | I34: 210 | J34: 230 | K34: 224 | L34: 229 | M34: 223 | N34: 229 | O34: 177 | P34: 215 | Q34: 183 | R34: 155 | S34: 221 | T34: 194 | U34: 199 | V34: 185 | W34: 225 | X34: 210 | Y34: 191 | Z34: 222 | AA34: 177 | AB34: 154 | AC34: 172 | AD34: 207 | AE34: =SUM(E34:AD34) -> 5224
A35: 3 | B35: Jumlah surat suara dikembalikan oleh pemilih (karena rusak atau keliru coblos) | F35: 1 | H35: 2 | AA35: 1 | AE35: =SUM(E35:AD35) -> 4
A36: 4 | B36: Jumlah surat suara yang tidak digunakan/tidak terpakai, termasuk sisa surat suara cadangan | E36: =E33-(E34+E35) -> 58 | F36: =F33-(F34+F35) -> 48 | G36: =G33-(G34+G35) -> 58 | H36: =H33-(H34+H35) -> 45 | I36: =I33-(I34+I35) -> 85 | J36: =J33-(J34+J35) -> 76 | K36: =K33-(K34+K35) -> 75 | L36: =L33-(L34+L35) -> 73 | ... AD36: =AD33-(AD34+AD35) -> 86 | AE36: =SUM(E36:AD36) -> 1672
A38: III | B38: DATA PEMILIH DISABILITAS
B39: Jumlah seluruh Pemilih disabilitas yang menggunakan hak pilih | D39: LK | E39: 2 | J39: 1 | U39: 1 | V39: 1 | Y39: 1 | AA39: 3 | AB39: 1 | AE39: =SUM(E39:AD39) -> 10
D40: PR | E40: 2 | I40: 1 | R40: 2 | W40: 2 | Y40: 1 | Z40: 1 | AA40: 2 | AB40: 3 | AE40: =SUM(E40:AD40) -> 14
D41: JML | E41: =SUM(E39:E40) -> 4 | F41: =SUM(F39:F40) -> 0 | G41: =SUM(G39:G40) -> 0 | H41: =SUM(H39:H40) -> 0 | I41: =SUM(I39:I40) -> 1 | J41: =SUM(J39:J40) -> 1 | K41: =SUM(K39:K40) -> 0 | L41: =SUM(L39:L40) -> 0 | ... AD41: =SUM(AD39:AD40) -> 0 | AE41: =SUM(E41:AD41) -> 24
A43: IV | B43: DATA RINCIAN PEROLEHAN SUARA PASANGAN CALON BUPATI DAN WAKIL BUPATI
A44: NOMOR DAN NAMA CALON
A45: A.1 | B45: 1. | C45: Partai Kebangkitan Bangsa | E45: 4 | F45: 6 | G45: 2 | H45: 1 | I45: 6 | J45: 5 | K45: 5 | L45: 4 | M45: 5 | N45: 2 | O45: 4 | P45: 6 | Q45: 4 | R45: 1 | S45: 4 | T45: 4 | U45: 3 | V45: 1 | W45: 5 | X45: 5 | Y45: 11 | Z45: 5 | AA45: 4 | AB45: 2 | AC45: 1 | AD45: 6 | AE45: =SUM(E45:AD45) -> 106
A46: A.2 | C46: 1. H. KHUSNAN, S.Ag., M.Pd.I. | E46: 3 | G46: 3 | H46: 2 | I46: 4 | J46: 2 | K46: 3 | L46: 5 | M46: 3 | N46: 5 | P46: 1 | Q46: 3 | R46: 1 | S46: 1 | T46: 4 | U46: 2 | W46: 1 | Y46: 61 | Z46: 12 | AA46: 8 | AB46: 1 | AC46: 3 | AD46: 6 | AE46: =SUM(E46:AD46) -> 134
C47: 2. MARA QONITHA LAYLIA | E47: 7 | F47: 17 | G47: 24 | H47: 11 | I47: 9 | J47: 10 | L47: 13 | M47: 13 | N47: 13 | O47: 13 | P47: 16 | Q47: 8 | R47: 6 | S47: 35 | T47: 30 | U47: 6 | V47: 5 | W47: 6 | X47: 4 | Y47: 11 | Z47: 4 | AA47: 9 | AB47: 2 | AC47: 8 | AD47: 10 | AE47: =SUM(E47:AD47) -> 290
C48: 3. ZAKI AL MUBAROK, M.Si. | E48: 7 | F48: 11 | G48: 35 | I48: 5 | J48: 5 | K48: 4 | L48: 16 | M48: 46 | N48: 14 | O48: 40 | P48: 2 | Q48: 29 | R48: 3 | S48: 8 | T48: 7 | U48: 5 | V48: 1 | W48: 22 | X48: 16 | Y48: 14 | Z48: 44 | AA48: 10 | AB48: 7 | AC48: 15 | AD48: 9 | AE48: =SUM(E48:AD48) -> 375
C49: 4. INAYATUL MAHMUDAH, S.Pd. | G49: 1 | I49: 4 | N49: 2 | P49: 1 | U49: 1 | AA49: 2 | AD49: 1 | AE49: =SUM(E49:AD49) -> 12
C50: 5. HABIBURRAHMAN AL KHOLILI | J50: 1 | N50: 1 | S50: 3 | W50: 4 | AD50: 1 | AE50: =SUM(E50:AD50) -> 10
C51: 6. INDIARTI NOVIDA, A.Md. | K51: 1 | S51: 1 | AA51: 1 | AE51: =SUM(E51:AD51) -> 3
C52: 7. RUDI DARMAWAN, S.Pd.I. | N52: 1 | Z52: 1 | AE52: =SUM(E52:AD52) -> 2
AE53: =SUM(E53:AD53) -> 0
AE54: =SUM(E54:AD54) -> 0
A55: B | B55: JUMLAH SUARA SAH PARTAI POLITIK DAN CALON (A1 + A2) | E55: =SUM(E45:E54) -> 21 | F55: =SUM(F45:F54) -> 34 | G55: =SUM(G45:G54) -> 65 | H55: =SUM(H45:H54) -> 14 | I55: =SUM(I45:I54) -> 28 | J55: =SUM(J45:J54) -> 23 | K55: =SUM(K45:K54) -> 13 | L55: =SUM(L45:L54) -> 38 | ... AE55: =SUM(AE45:AE54) -> 932
A57: A.1 | B57: 2. | C57: Partai Gerakan Indonesia Raya | E57: 6 | F57: 2 | G57: 3 | H57: 6 | I57: 5 | J57: 12 | K57: 7 | L57: 8 | M57: 6 | N57: 11 | O57: 8 | P57: 1 | Q57: 2 | R57: 1 | S57: 2 | T57: 5 | U57: 10 | W57: 3 | X57: 4 | Y57: 2 | Z57: 4 | AA57: 3 | AB57: 4 | AC57: 10 | AD57: 8 | AE57: =SUM(E57:AD57) -> 133
A58: A.2 | C58: 1. ABDUL GHOFUR | E58: 1 | F58: 1 | G58: 2 | I58: 2 | M58: 4 | N58: 2 | O58: 2 | Q58: 4 | S58: 3 | T58: 1 | V58: 2 | W58: 1 | X58: 4 | Y58: 1 | Z58: 1 | AA58: 2 | AB58: 1 | AD58: 1 | AE58: =SUM(E58:AD58) -> 35
C59: 2. Drs. MOCHAMMAD RIFA'I, M.Pd. | E59: 2 | F59: 2 | G59: 1 | H59: 2 | I59: 1 | J59: 4 | K59: 1 | L59: 8 | M59: 1 | N59: 1 | O59: 4 | P59: 1 | Q59: 3 | S59: 7 | T59: 1 | U59: 2 | V59: 3 | X59: 1 | Z59: 3 | AA59: 2 | AC59: 2 | AD59: 1 | AE59: =SUM(E59:AD59) -> 53
C60: 3. SITI BADRIYAH | G60: 1 | J60: 1 | L60: 2 | N60: 1 | O60: 3 | P60: 1 | U60: 2 | W60: 1 | AE60: =SUM(E60:AD60) -> 12
C61: 4. FARUQ | I61: 3 | K61: 2 | M61: 1 | Q61: 1 | Y61: 2 | AB61: 1 | AD61: 1 | AE61: =SUM(E61:AD61) -> 11
C62: 5. H. HARIYANTO HARI WIJAYA, S.T. | N62: 1 | Q62: 1 | T62: 1 | Z62: 1 | AE62: =SUM(E62:AD62) -> 4
C63: 6. SRI ASTUTIK | J63: 1 | AD63: 1 | AE63: =SUM(E63:AD63) -> 2
C64: 7. MUSTOLIH | E64: 1 | I64: 1 | J64: 1 | K64: 2 | M64: 1 | O64: 1 | R64: 2 | X64: 1 | Y64: 1 | AA64: 1 | AE64: =SUM(E64:AD64) -> 12
AE65: =SUM(E65:AD65) -> 0
AE66: =SUM(E66:AD66) -> 0
A67: B | B67: JUMLAH SUARA SAH PARTAI POLITIK DAN CALON (A1 + A2) | E67: =SUM(E57:E66) -> 10 | F67: =SUM(F57:F66) -> 5 | G67: =SUM(G57:G66) -> 7 | H67: =SUM(H57:H66) -> 8 | I67: =SUM(I57:I66) -> 12 | J67: =SUM(J57:J66) -> 19 | K67: =SUM(K57:K66) -> 12 | L67: =SUM(L57:L66) -> 18 | ... AE67: =SUM(AE57:AE66) -> 262
A69: A.1 | B69: 3. | C69: Partai Demokrasi Indonesia Perjuangan | E69: 17 | F69: 8 | G69: 8 | H69: 8 | I69: 6 | J69: 15 | K69: 12 | L69: 10 | M69: 8 | N69: 11 | O69: 4 | P69: 14 | Q69: 7 | R69: 6 | S69: 2 | T69: 4 | U69: 1 | V69: 10 | W69: 11 | X69: 17 | Z69: 10 | AA69: 7 | AB69: 4 | AC69: 4 | AD69: 7 | AE69: =SUM(E69:AD69) -> 211
A70: A.2 | C70: 1. FICKY SEPTALINDA, S.E. | E70: 67 | F70: 53 | G70: 25 | H70: 85 | I70: 27 | J70: 24 | K70: 41 | L70: 48 | M70: 49 | N70: 51 | O70: 18 | P70: 102 | Q70: 54 | R70: 113 | S70: 23 | T70: 22 | U70: 20 | V70: 100 | W70: 64 | X70: 49 | Y70: 9 | Z70: 74 | AA70: 59 | AB70: 52 | AC70: 23 | AD70: 18 | AE70: =SUM(E70:AD70) -> 1270
C71: 2. TATANG SUROYO | E71: 1 | I71: 1 | J71: 1 | K71: 3 | N71: 3 | O71: 1 | P71: 1 | R71: 1 | U71: 1 | W71: 1 | AA71: 1 | AB71: 2 | AD71: 1 | AE71: =SUM(E71:AD71) -> 18
C72: 3. SITI JAMI`AH | J72: 1 | K72: 1 | L72: 3 | P72: 2 | V72: 2 | Z72: 1 | AB72: 1 | AD72: 3 | AE72: =SUM(E72:AD72) -> 14
C73: 4. ADNAN | E73: 1 | F73: 1 | J73: 1 | L73: 1 | M73: 1 | S73: 1 | U73: 1 | AC73: 1 | AE73: =SUM(E73:AD73) -> 8
C74: 5. RINA WIJAYANTI | W74: 1 | Y74: 1 | AD74: 1 | AE74: =SUM(E74:AD74) -> 3
C75: 6. RIAS DEMILYA | H75: 1 | AE75: =SUM(E75:AD75) -> 1
C76: 7. EKO PRIYONO, S.E. | J76: 1 | L76: 1 | M76: 1 | W76: 1 | X76: 1 | AA76: 1 | AE76: =SUM(E76:AD76) -> 6
AE77: =SUM(E77:AD77) -> 0
AE78: =SUM(E78:AD78) -> 0
A79: B | B79: JUMLAH SUARA SAH PARTAI POLITIK DAN CALON (A1 + A2) | E79: =SUM(E69:E78) -> 86 | F79: =SUM(F69:F78) -> 62 | G79: =SUM(G69:G78) -> 33 | H79: =SUM(H69:H78) -> 94 | I79: =SUM(I69:I78) -> 34 | J79: =SUM(J69:J78) -> 43 | K79: =SUM(K69:K78) -> 57 | L79: =SUM(L69:L78) -> 63 | ... AE79: =SUM(AE69:AE78) -> 1531
A81: A.1 | B81: 4. | C81: Partai Golongan Karya | E81: 1 | F81: 2 | G81: 9 | H81: 4 | I81: 8 | J81: 7 | K81: 4 | L81: 5 | M81: 4 | N81: 8 | O81: 5 | P81: 1 | Q81: 1 | R81: 1 | S81: 3 | T81: 7 | U81: 5 | V81: 6 | W81: 4 | X81: 2 | Y81: 6 | Z81: 1 | AA81: 2 | AB81: 3 | AC81: 9 | AD81: 8 | AE81: =SUM(E81:AD81) -> 116
A82: A.2 | C82: 1. RULIYONO, S.H. | E82: 7 | F82: 5 | G82: 6 | H82: 8 | I82: 11 | J82: 8 | K82: 13 | L82: 41 | M82: 8 | N82: 9 | O82: 16 | P82: 8 | Q82: 4 | R82: 5 | S82: 27 | T82: 53 | U82: 15 | V82: 27 | W82: 15 | X82: 9 | Y82: 10 | Z82: 6 | AA82: 9 | AB82: 9 | AC82: 38 | AD82: 20 | AE82: =SUM(E82:AD82) -> 387
C83: 2. FAHIRA HUMAIROH | E83: 2 | F83: 3 | G83: 3 | H83: 1 | I83: 1 | K83: 1 | L83: 1 | M83: 1 | P83: 1 | Q83: 1 | R83: 2 | S83: 1 | U83: 1 | W83: 1 | AE83: =SUM(E83:AD83) -> 20
C84: 3. T. AFNANY AKBAR, S.E. | J84: 2 | M84: 1 | N84: 1 | O84: 2 | V84: 3 | Z84: 1 | AC84: 1 | AD84: 1 | AE84: =SUM(E84:AD84) -> 12
C85: 4. MUHAMAD SUBUR | E85: 1 | I85: 1 | O85: 1 | S85: 2 | AE85: =SUM(E85:AD85) -> 5
C86: 5. NYOTO PRAYITNO, S.E. | E86: 2 | H86: 1 | AE86: =SUM(E86:AD86) -> 3
C87: 6. UMI LIANA EKAYANTI | AE87: =SUM(E87:AD87) -> 0
C88: 7. TARMUJI | F88: 1 | K88: 1 | L88: 1 | U88: 1 | AA88: 1 | AE88: =SUM(E88:AD88) -> 5
AE89: =SUM(E89:AD89) -> 0
AE90: =SUM(E90:AD90) -> 0
A91: B | B91: JUMLAH SUARA SAH PARTAI POLITIK DAN CALON (A1 + A2) | E91: =SUM(E81:E90) -> 13 | F91: =SUM(F81:F90) -> 11 | G91: =SUM(G81:G90) -> 18 | H91: =SUM(H81:H90) -> 14 | I91: =SUM(I81:I90) -> 21 | J91: =SUM(J81:J90) -> 17 | K91: =SUM(K81:K90) -> 19 | L91: =SUM(L81:L90) -> 48 | ... AE91: =SUM(AE81:AE90) -> 548
A93: A.1 | B93: 5. | C93: Partai NasDem | E93: 1 | F93: 1 | H93: 1 | I93: 1 | J93: 1 | K93: 1 | N93: 1 | O93: 1 | P93: 1 | U93: 1 | X93: 3 | AE93: =SUM(E93:AD93) -> 13
A94: A.2 | C94: 1. SUNGKOWO SARWO EDY, S.H. | E94: 2 | K94: 1 | U94: 1 | W94: 1 | X94: 1 | AE94: =SUM(E94:AD94) -> 6
C95: 2. GUNAWAN SATRIA PRATAMA | E95: 20 | F95: 19 | G95: 3 | H95: 18 | I95: 16 | J95: 7 | K95: 14 | L95: 5 | N95: 6 | Q95: 2 | T95: 1 | U95: 2 | W95: 7 | X95: 51 | AD95: 1 | AE95: =SUM(E95:AD95) -> 172
C96: 3. Hj. ULFA LAILA, S.E. | Q96: 1 | W96: 1 | AE96: =SUM(E96:AD96) -> 2
C97: 4. H. KURDI ISMAIL, S.H. | F97: 7 | G97: 1 | X97: 1 | Z97: 1 | AE97: =SUM(E97:AD97) -> 10
C98: 5. FEBRY PRIMA SANJAYA | F98: 1 | AE98: =SUM(E98:AD98) -> 1
C99: 6. TRI SETYANINGSIH | I99: 1 | AE99: =SUM(E99:AD99) -> 1
C100: 7. ABDUL MUKSIN, S.Sos | E100: 1 | U100: 1 | Z100: 6 | AA100: 3 | AB100: 2 | AD100: 2 | AE100: =SUM(E100:AD100) -> 15
AE101: =SUM(E101:AD101) -> 0
AE102: =SUM(E102:AD102) -> 0
A103: B | B103: JUMLAH SUARA SAH PARTAI POLITIK DAN CALON (A1 + A2) | E103: =SUM(E93:E102) -> 24 | F103: =SUM(F93:F102) -> 28 | G103: =SUM(G93:G102) -> 4 | H103: =SUM(H93:H102) -> 19 | I103: =SUM(I93:I102) -> 18 | J103: =SUM(J93:J102) -> 8 | K103: =SUM(K93:K102) -> 16 | L103: =SUM(L93:L102) -> 5 | ... AE103: =SUM(AE93:AE102) -> 220
A105: A.1 | B105: 6. | C105: Partai Buruh | I105: 1 | Q105: 1 | U105: 1 | AE105: =SUM(E105:AD105) -> 3
A106: A.2 | C106: 1. KHOIRUL ANWARI ARIF | G106: 1 | U106: 1 | AE106: =SUM(E106:AD106) -> 2
AE107: =SUM(E107:AD107) -> 0
AE108: =SUM(E108:AD108) -> 0
AE109: =SUM(E109:AD109) -> 0
AE110: =SUM(E110:AD110) -> 0
AE111: =SUM(E111:AD111) -> 0
AE112: =SUM(E112:AD112) -> 0
AE113: =SUM(E113:AD113) -> 0
AE114: =SUM(E114:AD114) -> 0
A115: B | B115: JUMLAH SUARA SAH PARTAI POLITIK DAN CALON (A1 + A2) | E115: =SUM(E105:E114) -> 0 | F115: =SUM(F105:F114) -> 0 | G115: =SUM(G105:G114) -> 1 | H115: =SUM(H105:H114) -> 0 | I115: =SUM(I105:I114) -> 1 | J115: =SUM(J105:J114) -> 0 | K115: =SUM(K105:K114) -> 0 | L115: =SUM(L105:L114) -> 0 | ... AE115: =SUM(AE105:AE114) -> 5
A117: A.1 | B117: 7. | C117: Partai Gelombang Rakyat Indonesia | E117: 1 | F117: 2 | I117: 6 | J117: 8 | K117: 12 | L117: 2 | M117: 1 | N117: 5 | O117: 3 | Q117: 2 | S117: 2 | T117: 3 | U117: 4 | W117: 1 | X117: 2 | Z117: 2 | AA117: 1 | AB117: 5 | AC117: 2 | AD117: 3 | AE117: =SUM(E117:AD117) -> 67
...

Sheet KARANGHARJO
C2: Kecamatan | D2: GLENMORE
C3: Kabupaten | D3: BANYUWANGI
C4: Provinsi | D4: JAWA TIMUR
C9: Kelurahan | D9: KARANGHARJO
A12: I | B12: DATA PEMILIH DAN PENGGUNAAN HAK PILIH | BK12: JUMLAH AKHIR
A13: A | B13: DATA PEMILIH | E13: TPS 001 | F13: TPS 002 | G13: TPS 003 | H13: TPS 004 | I13: TPS 005 | J13: TPS 006 | K13: TPS 007 | L13: TPS 008 | M13: TPS 009 | N13: TPS 010 | O13: TPS 011 | P13: TPS 012 | Q13: TPS 013 | R13: TPS 014 | S13: TPS 015 | T13: TPS 016 | U13: TPS 017 | V13: TPS 018 | W13: TPS 019 | X13: TPS 020 | Y13: TPS 021 | Z13: TPS 022 | AA13: TPS 023 | AB13: TPS 024 | AC13: TPS 025 | AD13: TPS 026 | AE13: TPS 027 | AF13: TPS 028 | AG13: TPS 029 | AH13: TPS 030 | AI13: TPS 031 | AJ13: TPS 032 | AK13: TPS 033 | AL13: TPS 034 | AM13: TPS 035 | AN13: TPS 036 | AO13: TPS 037 | AP13: TPS 038 | AQ13: TPS 039 | AR13: TPS 040 | AS13: TPS 041 | AT13: TPS 042 | AU13: TPS 043 | AV13: TPS 044 | AW13: TPS 045 | AX13: TPS 046 | AY13: TPS 047 | AZ13: TPS 048 | BA13: TPS 049 | BB13: TPS 050 | BC13: TPS 051 | BD13: TPS 052 | BE13: TPS 053 | BF13: TPS 054 | BG13: TPS 055 | BH13: TPS 056 | BI13: TPS 057 | BJ13: TPS 058
B14: Jumlah Pemilih dalam Daftar Pemilih Tetap (DPT) | D14: LK | E14: 48 | F14: 60 | G14: 57 | H14: 49 | I14: 111 | J14: 137 | K14: 142 | L14: 129 | M14: 134 | N14: 50 | O14: 120 | P14: 109 | Q14: 109 | R14: 73 | S14: 120 | T14: 78 | U14: 127 | V14: 147 | W14: 111 | X14: 150 | Y14: 128 | Z14: 100 | AA14: 119 | AB14: 97 | AC14: 150 | AD14: 108 | AE14: 87 | AF14: 66 | AG14: 128 | AH14: 143 | AI14: 113 | AJ14: 92 | AK14: 99 | AL14: 130 | AM14: 107 | AN14: 94 | AO14: 81 | AP14: 102 | AQ14: 90 | AR14: 99 | AS14: 81 | AT14: 145 | AU14: 141 | AV14: 131 | AW14: 138 | AX14: 105 | AY14: 132 | AZ14: 81 | BA14: 103 | BB14: 87 | BC14: 128 | BD14: 117 | BE14: 132 | BF14: 84 | BG14: 135 | BH14: 139 | BI14: 117 | BJ14: 134 | BK14: =SUM(E14:BJ14) -> 6324
D15: PR | E15: 53 | F15: 48 | G15: 58 | H15: 39 | I15: 110 | J15: 137 | K15: 146 | L15: 145 | M15: 132 | N15: 43 | O15: 152 | P15: 115 | Q15: 101 | R15: 68 | S15: 123 | T15: 84 | U15: 118 | V15: 147 | W15: 122 | X15: 138 | Y15: 125 | Z15: 109 | AA15: 136 | AB15: 82 | AC15: 144 | AD15: 97 | AE15: 95 | AF15: 74 | AG15: 139 | AH15: 154 | AI15: 125 | AJ15: 101 | AK15: 99 | AL15: 139 | AM15: 121 | AN15: 91 | AO15: 77 | AP15: 109 | AQ15: 91 | AR15: 89 | AS15: 77 | AT15: 151 | AU15: 133 | AV15: 156 | AW15: 159 | AX15: 121 | AY15: 162 | AZ15: 93 | BA15: 108 | BB15: 89 | BC15: 130 | BD15: 129 | BE15: 148 | BF15: 99 | BG15: 147 | BH15: 152 | BI15: 121 | BJ15: 138 | BK15: =SUM(E15:BJ15) -> 6589
D16: JML | E16: =SUM(E14:E15) -> 101 | F16: =SUM(F14:F15) -> 108 | G16: =SUM(G14:G15) -> 115 | H16: =SUM(H14:H15) -> 88 | I16: =SUM(I14:I15) -> 221 | J16: =SUM(J14:J15) -> 274 | K16: =SUM(K14:K15) -> 288 | L16: =SUM(L14:L15) -> 274 | ... BJ16: =SUM(BJ14:BJ15) -> 272 | BK16: =SUM(E16:BJ16) -> 12913
A18: B | B18: PENGGUNA HAK PILIH
B19: 1. | C19: Jumlah pengguna hak pilih dalam Daftar Pemilih Tetap (DPT) | D19: LK | E19: 39 | F19: 49 | G19: 45 | H19: 30 | I19: 77 | J19: 91 | K19: 77 | L19: 83 | M19: 88 | N19: 50 | O19: 85 | P19: 70 | Q19: 75 | R19: 44 | S19: 92 | T19: 54 | U19: 94 | V19: 99 | W19: 95 | X19: 120 | Y19: 76 | Z19: 72 | AA19: 82 | AB19: 56 | AC19: 109 | AD19: 59 | AE19: 67 | AF19: 55 | AG19: 75 | AH19: 109 | AI19: 78 | AJ19: 64 | AK19: 73 | AL19: 112 | AM19: 74 | AN19: 64 | AO19: 69 | AP19: 86 | AQ19: 75 | AR19: 79 | AS19: 64 | AT19: 98 | AU19: 101 | AV19: 92 | AW19: 86 | AX19: 68 | AY19: 96 | AZ19: 59 | BA19: 72 | BB19: 67 | BC19: 99 | BD19: 83 | BE19: 80 | BF19: 72 | BG19: 86 | BH19: 95 | BI19: 99 | BJ19: 87 | BK19: =SUM(E19:BJ19) -> 4495
D20: PR | E20: 35 | F20: 37 | G20: 50 | H20: 21 | I20: 82 | J20: 102 | K20: 103 | L20: 110 | M20: 90 | N20: 42 | O20: 120 | P20: 78 | Q20: 76 | R20: 46 | S20: 88 | T20: 65 | U20: 102 | V20: 121 | W20: 107 | X20: 126 | Y20: 89 | Z20: 85 | AA20: 112 | AB20: 68 | AC20: 112 | AD20: 72 | AE20: 78 | AF20: 59 | AG20: 103 | AH20: 116 | AI20: 104 | AJ20: 71 | AK20: 69 | AL20: 123 | AM20: 86 | AN20: 66 | AO20: 71 | AP20: 86 | AQ20: 74 | AR20: 79 | AS20: 62 | AT20: 116 | AU20: 100 | AV20: 106 | AW20: 108 | AX20: 92 | AY20: 124 | AZ20: 83 | BA20: 80 | BB20: 71 | BC20: 102 | BD20: 99 | BE20: 100 | BF20: 86 | BG20: 110 | BH20: 128 | BI20: 99 | BJ20: 103 | BK20: =SUM(E20:BJ20) -> 5093
D21: JML | E21: =SUM(E19:E20) -> 74 | F21: =SUM(F19:F20) -> 86 | G21: =SUM(G19:G20) -> 95 | H21: =SUM(H19:H20) -> 51 | I21: =SUM(I19:I20) -> 159 | J21: =SUM(J19:J20) -> 193 | K21: =SUM(K19:K20) -> 180 | L21: =SUM(L19:L20) -> 193 | ... BJ21: =SUM(BJ19:BJ20) -> 190 | BK21: =SUM(E21:BJ21) -> 9588
B22: 2. | C22: Jumlah pengguna hak pilih dalam Daftar Pemilih Tambahan (DPTb) | D22: LK | E22: 1 | F22: 1 | G22: 1 | H22: 1 | I22: 1 | J22: 1 | K22: 1 | L22: 1 | M22: 1 | N22: 1 | O22: 1 | R22: 1 | U22: 1 | V22: 1 | W22: 1 | Z22: 1 | AA22: 1 | AB22: 1 | AC22: 1 | AD22: 1 | AF22: 2 | AI22: 1 | AJ22: 1 | AL22: 1 | AP22: 1 | AS22: 1 | AU22: 1 | AX22: 1 | BA22: 2 | BB22: 1 | BH22: 1 | BK22: =SUM(E22:BJ22) -> 33
D23: PR | Q23: 1 | X23: 1 | AF23: 1 | AK23: 1 | AM23: 1 | AN23: 1 | AT23: 1 | AV23: 1 | AX23: 1 | AY23: 2 | AZ23: 1 | BA23: 2 | BE23: 1 | BF23: 1 | BG23: 1 | BI23: 1 | BJ23: 1 | BK23: =SUM(E23:BJ23) -> 19
D24: JML | E24: =SUM(E22:E23) -> 1 | F24: =SUM(F22:F23) -> 1 | G24: =SUM(G22:G23) -> 1 | H24: =SUM(H22:H23) -> 1 | I24: =SUM(I22:I23) -> 1 | J24: =SUM(J22:J23) -> 1 | K24: =SUM(K22:K23) -> 1 | L24: =SUM(L22:L23) -> 1 | ... BJ24: =SUM(BJ22:BJ23) -> 1 | BK24: =SUM(E24:BJ24) -> 52
B25: 3. | C25: Jumlah pengguna hak pilih dalam Daftar Pemilih Khusus (DPK) | D25: LK | AA25: 3 | AB25: 1 | AV25: 6 | AX25: 1 | BD25: 3 | BE25: 1 | BH25: 1 | BI25: 1 | BK25: =SUM(E25:BJ25) -> 17
D26: PR | M26: 3 | AA26: 5 | AB26: 2 | AF26: 1 | AQ26: 1 | AV26: 3 | AY26: 2 | BA26: 2 | BD26: 1 | BG26: 4 | BI26: 4 | BJ26: 2 | BK26: =SUM(E26:BJ26) -> 30
D27: JML | E27: =SUM(E25:E26) -> 0 | F27: =SUM(F25:F26) -> 0 | G27: =SUM(G25:G26) -> 0 | H27: =SUM(H25:H26) -> 0 | I27: =SUM(I25:I26) -> 0 | J27: =SUM(J25:J26) -> 0 | K27: =SUM(K25:K26) -> 0 | L27: =SUM(L25:L26) -> 0 | ... BJ27: =SUM(BJ25:BJ26) -> 2 | BK27: =SUM(E27:BJ27) -> 47
B28: 4. | C28: Jumlah Pengguna Hak Pilih (B.1+B.2+B.3) | D28: LK | E28: =SUM(E19,E22,E25) -> 40 | F28: =SUM(F19,F22,F25) -> 50 | G28: =SUM(G19,G22,G25) -> 46 | H28: =SUM(H19,H22,H25) -> 31 | I28: =SUM(I19,I22,I25) -> 78 | J28: =SUM(J19,J22,J25) -> 92 | K28: =SUM(K19,K22,K25) -> 78 | L28: =SUM(L19,L22,L25) -> 84 | ... BJ28: =SUM(BJ19,BJ22,BJ25) -> 87 | BK28: =SUM(E28:BJ28) -> 4545
D29: PR | E29: =SUM(E20,E23,E26) -> 35 | F29: =SUM(F20,F23,F26) -> 37 | G29: =SUM(G20,G23,G26) -> 50 | H29: =SUM(H20,H23,H26) -> 21 | I29: =SUM(I20,I23,I26) -> 82 | J29: =SUM(J20,J23,J26) -> 102 | K29: =SUM(K20,K23,K26) -> 103 | L29: =SUM(L20,L23,L26) -> 110 | ... BJ29: =SUM(BJ20,BJ23,BJ26) -> 106 | BK29: =SUM(E29:BJ29) -> 5142
D30: JML | E30: =SUM(E28:E29) -> 75 | F30: =SUM(F28:F29) -> 87 | G30: =SUM(G28:G29) -> 96 | H30: =SUM(H28:H29) -> 52 | I30: =SUM(I28:I29) -> 160 | J30: =SUM(J28:J29) -> 194 | K30: =SUM(K28:K29) -> 181 | L30: =SUM(L28:L29) -> 194 | ... BJ30: =SUM(BJ28:BJ29) -> 193 | BK30: =SUM(E30:BJ30) -> 9687
A32: II | B32: DATA PENGGUNAAN SURAT SUARA
A33: 1 | B33: Jumlah surat suara yang diterima, termasuk surat suara cadangan 2,5% dari DPT | E33: 104 | F33: 111 | G33: 118 | H33: 90 | I33: 226 | J33: 280 | K33: 292 | L33: 280 | M33: 272 | N33: 95 | O33: 278 | P33: 259 | Q33: 215 | R33: 120 | S33: 248 | T33: 166 | U33: 250 | V33: 310 | W33: 238 | X33: 294 | Y33: 259 | Z33: 214 | AA33: 261 | AB33: 183 | AC33: 300 | AD33: 210 | AE33: 186 | AF33: 143 | AG33: 273 | AH33: 303 | AI33: 243 | AJ33: 197 | AK33: 202 | AL33: 275 | AM33: 233 | AN33: 189 | AO33: 162 | AP33: 216 | AQ33: 185 | AR33: 192 | AS33: 162 | AT33: 302 | AU33: 281 | AV33: 307 | AW33: 303 | AX33: 231 | AY33: 300 | AZ33: 178 | BA33: 216 | BB33: 180 | BC33: 264 | BD33: 253 | BE33: 286 | BF33: 187 | BG33: 288 | BH33: 297 | BI33: 243 | BJ33: 278 | BK33: =SUM(E33:BJ33) -> 13228
A34: 2 | B34: Jumlah surat suara yang digunakan | E34: 75 | F34: 87 | G34: 96 | H34: 52 | I34: 160 | J34: 194 | K34: 181 | L34: 194 | M34: 182 | N34: 93 | O34: 206 | P34: 148 | Q34: 152 | R34: 91 | S34: 180 | T34: 119 | U34: 197 | V34: 221 | W34: 203 | X34: 247 | Y34: 165 | Z34: 158 | AA34: 203 | AB34: 128 | AC34: 222 | AD34: 132 | AE34: 145 | AF34: 118 | AG34: 178 | AH34: 225 | AI34: 183 | AJ34: 136 | AK34: 143 | AL34: 236 | AM34: 161 | AN34: 131 | AO34: 140 | AP34: 173 | AQ34: 150 | AR34: 158 | AS34: 127 | AT34: 215 | AU34: 202 | AV34: 208 | AW34: 194 | AX34: 163 | AY34: 224 | AZ34: 143 | BA34: 158 | BB34: 139 | BC34: 201 | BD34: 186 | BE34: 182 | BF34: 159 | BG34: 201 | BH34: 225 | BI34: 204 | BJ34: 193 | BK34: =SUM(E34:BJ34) -> 9687
A35: 3 | B35: Jumlah surat suara dikembalikan oleh pemilih (karena rusak atau keliru coblos) | L35: 1 | V35: 1 | W35: 1 | AA35: 1 | AD35: 3 | AG35: 2 | AH35: 1 | AM35: 1 | AO35: 1 | AU35: 1 | AV35: 14 | BF35: 1 | BI35: 2 | BJ35: 2 | BK35: =SUM(E35:BJ35) -> 32
A36: 4 | B36: Jumlah surat suara yang tidak digunakan/tidak terpakai, termasuk sisa surat suara cadangan | E36: =E33-(E34+E35) -> 29 | F36: =F33-(F34+F35) -> 24 | G36: =G33-(G34+G35) -> 22 | H36: =H33-(H34+H35) -> 38 | I36: =I33-(I34+I35) -> 66 | J36: =J33-(J34+J35) -> 86 | K36: =K33-(K34+K35) -> 111 | L36: =L33-(L34+L35) -> 85 | ... BJ36: =BJ33-(BJ34+BJ35) -> 83 | BK36: =SUM(E36:BJ36) -> 3509
A38: III | B38: DATA PEMILIH DISABILITAS
B39: Jumlah seluruh Pemilih disabilitas yang menggunakan hak pilih | D39: LK | S39: 1 | X39: 1 | Y39: 1 | Z39: 1 | AG39: 1 | AI39: 2 | AR39: 1 | AX39: 1 | BK39: =SUM(E39:BJ39) -> 9
D40: PR | O40: 1 | S40: 2 | T40: 1 | X40: 3 | Z40: 1 | AI40: 3 | AS40: 1 | AX40: 3 | BK40: =SUM(E40:BJ40) -> 15
D41: JML | E41: =SUM(E39:E40) -> 0 | F41: =SUM(F39:F40) -> 0 | G41: =SUM(G39:G40) -> 0 | H41: =SUM(H39:H40) -> 0 | I41: =SUM(I39:I40) -> 0 | J41: =SUM(J39:J40) -> 0 | K41: =SUM(K39:K40) -> 0 | L41: =SUM(L39:L40) -> 0 | ... BJ41: =SUM(BJ39:BJ40) -> 0 | BK41: =SUM(E41:BJ41) -> 24
A43: IV | B43: DATA RINCIAN PEROLEHAN SUARA PASANGAN CALON BUPATI DAN WAKIL BUPATI
A44: NOMOR DAN NAMA CALON
A45: A.1 | B45: 1. | C45: Partai Kebangkitan Bangsa | I45: 4 | J45: 4 | K45: 6 | L45: 4 | M45: 6 | O45: 4 | P45: 4 | Q45: 2 | R45: 1 | S45: 1 | U45: 5 | V45: 3 | W45: 3 | X45: 2 | Y45: 4 | Z45: 2 | AA45: 3 | AB45: 5 | AC45: 4 | AD45: 8 | AE45: 3 | AG45: 3 | AH45: 8 | AI45: 7 | AJ45: 5 | AK45: 3 | AL45: 3 | AM45: 4 | AN45: 2 | AO45: 2 | AQ45: 4 | AT45: 7 | AU45: 4 | AV45: 5 | AW45: 3 | AX45: 1 | AY45: 5 | BA45: 1 | BB45: 3 | BC45: 1 | BD45: 3 | BE45: 8 | BF45: 7 | BG45: 9 | BH45: 20 | BI45: 3 | BK45: =SUM(E45:BJ45) -> 199
A46: A.2 | C46: 1. H. KHUSNAN, S.Ag., M.Pd.I. | E46: 2 | I46: 3 | J46: 1 | K46: 4 | L46: 1 | M46: 6 | O46: 3 | P46: 2 | Q46: 1 | X46: 2 | Y46: 1 | AA46: 1 | AC46: 4 | AD46: 2 | AE46: 2 | AF46: 2 | AG46: 2 | AH46: 2 | AI46: 5 | AJ46: 1 | AL46: 1 | AN46: 2 | AR46: 1 | AS46: 2 | AT46: 3 | AU46: 6 | AV46: 1 | AW46: 2 | AX46: 2 | AY46: 4 | AZ46: 1 | BA46: 1 | BC46: 3 | BE46: 1 | BF46: 12 | BG46: 34 | BH46: 43 | BI46: 4 | BK46: =SUM(E46:BJ46) -> 170
C47: 2. MARA QONITHA LAYLIA | E47: 1 | F47: 1 | G47: 1 | H47: 3 | I47: 1 | J47: 5 | K47: 1 | L47: 2 | M47: 6 | O47: 4 | P47: 1 | Q47: 1 | R47: 3 | V47: 5 | W47: 1 | X47: 2 | Z47: 1 | AA47: 1 | AB47: 2 | AC47: 1 | AD47: 3 | AG47: 2 | AH47: 1 | AI47: 3 | AJ47: 1 | AK47: 1 | AL47: 1 | AM47: 2 | AN47: 2 | AO47: 2 | AP47: 3 | AQ47: 3 | AT47: 9 | AU47: 6 | AV47: 1 | AW47: 4 | AY47: 4 | AZ47: 1 | BC47: 1 | BD47: 1 | BE47: 12 | BF47: 6 | BH47: 9 | BI47: 2 | BK47: =SUM(E47:BJ47) -> 123
C48: 3. ZAKI AL MUBAROK, M.Si. | E48: 1 | F48: 1 | G48: 2 | H48: 10 | I48: 7 | J48: 5 | K48: 8 | L48: 2 | M48: 20 | O48: 13 | P48: 3 | Q48: 2 | R48: 8 | S48: 4 | T48: 2 | U48: 1 | W48: 8 | X48: 3 | Y48: 2 | AA48: 1 | AC48: 7 | AD48: 6 | AE48: 2 | AF48: 2 | AG48: 35 | AH48: 3 | AI48: 6 | AJ48: 7 | AK48: 1 | AL48: 6 | AM48: 2 | AN48: 1 | AO48: 3 | AP48: 3 | AS48: 1 | AT48: 10 | AU48: 36 | AV48: 21 | AW48: 18 | AX48: 6 | AY48: 12 | AZ48: 8 | BA48: 1 | BC48: 3 | BD48: 4 | BF48: 3 | BG48: 3 | BH48: 10 | BI48: 2 | BJ48: 5 | BK48: =SUM(E48:BJ48) -> 330
C49: 4. INAYATUL MAHMUDAH, S.Pd. | I49: 1 | J49: 2 | M49: 2 | O49: 1 | P49: 1 | U49: 1 | V49: 1 | Y49: 1 | AD49: 1 | AF49: 1 | AG49: 1 | AH49: 1 | AK49: 2 | AN49: 1 | AT49: 2 | AW49: 1 | BF49: 1 | BG49: 2 | BH49: 1 | BK49: =SUM(E49:BJ49) -> 24
C50: 5. HABIBURRAHMAN AL KHOLILI | M50: 1 | V50: 1 | AA50: 1 | AK50: 1 | AX50: 1 | BC50: 1 | BF50: 1 | BG50: 1 | BH50: 1 | BK50: =SUM(E50:BJ50) -> 9
C51: 6. INDIARTI NOVIDA, A.Md. | BK51: =SUM(E51:BJ51) -> 0
C52: 7. RUDI DARMAWAN, S.Pd.I. | X52: 1 | AC52: 1 | AH52: 1 | AP52: 1 | AS52: 1 | AU52: 1 | BK52: =SUM(E52:BJ52) -> 6
G53: 1 | BK53: =SUM(E53:BJ53) -> 1
BK54: =SUM(E54:BJ54) -> 0
A55: B | B55: JUMLAH SUARA SAH PARTAI POLITIK DAN CALON (A1 + A2) | E55: =SUM(E45:E54) -> 4 | F55: =SUM(F45:F54) -> 2 | G55: =SUM(G45:G54) -> 4 | H55: =SUM(H45:H54) -> 13 | I55: =SUM(I45:I54) -> 16 | J55: =SUM(J45:J54) -> 17 | K55: =SUM(K45:K54) -> 19 | L55: =SUM(L45:L54) -> 9 | ... BK55: =SUM(BK45:BK54) -> 862
A57: A.1 | B57: 2. | C57: Partai Gerakan Indonesia Raya | E57: 2 | F57: 2 | I57: 2 | J57: 3 | K57: 12 | L57: 3 | M57: 5 | O57: 5 | P57: 5 | Q57: 2 | S57: 3 | T57: 1 | U57: 3 | V57: 4 | X57: 7 | Y57: 14 | Z57: 4 | AA57: 4 | AB57: 4 | AC57: 4 | AD57: 3 | AE57: 8 | AF57: 1 | AG57: 4 | AH57: 10 | AI57: 7 | AJ57: 14 | AK57: 5 | AL57: 9 | AM57: 2 | AN57: 3 | AO57: 6 | AP57: 3 | AQ57: 4 | AR57: 5 | AS57: 1 | AT57: 6 | AU57: 2 | AV57: 4 | AW57: 5 | AX57: 7 | AY57: 5 | BA57: 1 | BB57: 3 | BD57: 1 | BE57: 9 | BF57: 1 | BG57: 7 | BH57: 6 | BI57: 4 | BJ57: 3 | BK57: =SUM(E57:BJ57) -> 238
A58: A.2 | C58: 1. ABDUL GHOFUR | E58: 2 | H58: 1 | J58: 1 | O58: 2 | P58: 1 | R58: 2 | U58: 1 | V58: 2 | X58: 3 | Y58: 2 | AA58: 3 | AB58: 2 | AC58: 5 | AD58: 4 | AE58: 3 | AG58: 2 | AH58: 1 | AI58: 1 | AJ58: 3 | AK58: 2 | AL58: 3 | AO58: 3 | AQ58: 2 | AS58: 3 | AT58: 4 | AU58: 2 | AV58: 3 | AW58: 7 | AX58: 3 | AY58: 1 | BA58: 4 | BB58: 1 | BC58: 1 | BD58: 1 | BE58: 3 | BF58: 3 | BG58: 1 | BH58: 3 | BI58: 1 | BJ58: 11 | BK58: =SUM(E58:BJ58) -> 103
C59: 2. Drs. MOCHAMMAD RIFA'I, M.Pd. | E59: 6 | G59: 1 | H59: 1 | J59: 3 | K59: 2 | M59: 2 | O59: 3 | U59: 3 | W59: 1 | X59: 1 | Y59: 3 | Z59: 1 | AC59: 1 | AD59: 2 | AE59: 4 | AF59: 1 | AH59: 1 | AI59: 3 | AJ59: 3 | AK59: 4 | AO59: 3 | AR59: 2 | AS59: 1 | AT59: 4 | AU59: 1 | AV59: 3 | AW59: 1 | AX59: 7 | AY59: 2 | AZ59: 1 | BA59: 1 | BB59: 3 | BC59: 1 | BD59: 2 | BE59: 2 | BF59: 1 | BG59: 1 | BH59: 3 | BI59: 2 | BK59: =SUM(E59:BJ59) -> 87
C60: 3. SITI BADRIYAH | I60: 1 | M60: 2 | AD60: 2 | AF60: 1 | AG60: 1 | AH60: 3 | AL60: 1 | AM60: 1 | AQ60: 1 | AS60: 2 | AT60: 1 | AV60: 1 | AW60: 2 | AX60: 1 | BC60: 1 | BE60: 1 | BF60: 1 | BG60: 1 | BH60: 1 | BI60: 1 | BK60: =SUM(E60:BJ60) -> 26
C61: 4. FARUQ | E61: 2 | F61: 8 | G61: 1 | H61: 2 | I61: 11 | J61: 12 | K61: 12 | L61: 1 | M61: 9 | O61: 25 | P61: 22 | Q61: 9 | R61: 3 | S61: 14 | T61: 4 | U61: 39 | V61: 39 | W61: 29 | X61: 81 | Y61: 10 | Z61: 20 | AA61: 22 | AB61: 4 | AC61: 14 | AD61: 13 | AE61: 28 | AF61: 20 | AG61: 8 | AH61: 19 | AI61: 5 | AJ61: 1 | AK61: 14 | AL61: 44 | AN61: 1 | AO61: 19 | AQ61: 6 | AR61: 16 | AS61: 31 | AU61: 3 | AV61: 28 | AW61: 15 | AX61: 6 | AZ61: 19 | BA61: 2 | BB61: 4 | BC61: 3 | BD61: 4 | BE61: 3 | BF61: 2 | BG61: 11 | BH61: 2 | BI61: 3 | BK61: =SUM(E61:BJ61) -> 723
C62: 5. H. HARIYANTO HARI WIJAYA, S.T. | H62: 2 | J62: 1 | Q62: 1 | W62: 6 | Y62: 9 | AD62: 2 | AH62: 1 | AN62: 1 | AQ62: 15 | AT62: 5 | AU62: 7 | AW62: 2 | AY62: 1 | BB62: 2 | BD62: 3 | BF62: 1 | BG62: 4 | BH62: 5 | BK62: =SUM(E62:BJ62) -> 68
C63: 6. SRI ASTUTIK | X63: 1 | AE63: 1 | AM63: 1 | AY63: 1 | BB63: 1 | BK63: =SUM(E63:BJ63) -> 5
C64: 7. MUSTOLIH | E64: 1 | K64: 4 | Q64: 1 | T64: 1 | U64: 1 | V64: 1 | W64: 1 | X64: 1 | Y64: 4 | AC64: 2 | AD64: 6 | AE64: 3 | AG64: 11 | AH64: 1 | AM64: 1 | AO64: 27 | AP64: 10 | AQ64: 1 | AS64: 10 | AT64: 8 | AU64: 6 | AV64: 9 | AW64: 13 | AY64: 6 | AZ64: 2 | BI64: 4 | BJ64: 20 | BK64: =SUM(E64:BJ64) -> 155
BK65: =SUM(E65:BJ65) -> 0
BK66: =SUM(E66:BJ66) -> 0
A67: B | B67: JUMLAH SUARA SAH PARTAI POLITIK DAN CALON (A1 + A2) | E67: =SUM(E57:E66) -> 13 | F67: =SUM(F57:F66) -> 10 | G67: =SUM(G57:G66) -> 2 | H67: =SUM(H57:H66) -> 6 | I67: =SUM(I57:I66) -> 14 | J67: =SUM(J57:J66) -> 20 | K67: =SUM(K57:K66) -> 30 | L67: =SUM(L57:L66) -> 4 | ... BK67: =SUM(BK57:BK66) -> 1405
A69: A.1 | B69: 3. | C69: Partai Demokrasi Indonesia Perjuangan | F69: 1 | G69: 1 | K69: 1 | L69: 1 | M69: 1 | O69: 1 | P69: 1 | Q69: 1 | S69: 1 | T69: 2 | U69: 1 | V69: 2 | W69: 3 | X69: 1 | Z69: 3 | AA69: 7 | AB69: 2 | AC69: 8 | AD69: 2 | AE69: 1 | AF69: 4 | AG69: 2 | AH69: 5 | AI69: 25 | AJ69: 5 | AK69: 3 | AL69: 2 | AN69: 1 | AO69: 4 | AQ69: 1 | AS69: 1 | AU69: 2 | AV69: 1 | AW69: 1 | AX69: 2 | AY69: 1 | AZ69: 2 | BA69: 2 | BB69: 3 | BC69: 6 | BD69: 6 | BE69: 7 | BF69: 2 | BH69: 3 | BI69: 6 | BK69: =SUM(E69:BJ69) -> 138
A70: A.2 | C70: 1. FICKY SEPTALINDA, S.E. | K70: 1 | L70: 1 | O70: 1 | V70: 1 | AA70: 1 | AC70: 4 | AD70: 1 | AF70: 1 | AG70: 8 | AH70: 3 | AI70: 6 | AK70: 1 | AM70: 1 | AO70: 3 | AP70: 2 | AQ70: 2 | AR70: 2 | AT70: 2 | AU70: 1 | AV70: 2 | AW70: 2 | AX70: 4 | AY70: 2 | BA70: 1 | BD70: 7 | BE70: 9 | BF70: 1 | BG70: 2 | BH70: 9 | BI70: 41 | BJ70: 7 | BK70: =SUM(E70:BJ70) -> 129
C71: 2. TATANG SUROYO | J71: 1 | P71: 2 | Y71: 1 | AA71: 3 | AB71: 1 | AH71: 2 | AI71: 2 | AJ71: 1 | AT71: 1 | AX71: 1 | AY71: 2 | BB71: 1 | BC71: 2 | BD71: 4 | BE71: 6 | BF71: 3 | BG71: 2 | BH71: 2 | BK71: =SUM(E71:BJ71) -> 37
C72: 3. SITI JAMI`AH | AC72: 1 | AF72: 7 | AG72: 1 | AH72: 1 | AR72: 1 | AV72: 2 | AX72: 1 | BB72: 1 | BC72: 1 | BE72: 1 | BF72: 1 | BI72: 1 | BK72: =SUM(E72:BJ72) -> 19
C73: 4. ADNAN | G73: 1 | H73: 1 | I73: 2 | J73: 1 | K73: 1 | L73: 1 | M73: 1 | O73: 1 | P73: 9 | Q73: 2 | S73: 2 | U73: 2 | V73: 1 | W73: 3 | X73: 1 | Y73: 4 | AA73: 14 | AB73: 11 | AC73: 11 | AD73: 2 | AF73: 5 | AG73: 4 | AH73: 2 | AI73: 6 | AJ73: 2 | AK73: 3 | AL73: 1 | AM73: 1 | AO73: 5 | AR73: 2 | AS73: 1 | AT73: 4 | AU73: 3 | AW73: 2 | AX73: 10 | AY73: 3 | AZ73: 2 | BA73: 3 | BB73: 2 | BC73: 1 | BD73: 14 | BE73: 1 | BF73: 4 | BG73: 1 | BH73: 13 | BI73: 1 | BK73: =SUM(E73:BJ73) -> 167
C74: 5. RINA WIJAYANTI | Y74: 1 | AC74: 1 | AE74: 1 | AF74: 2 | AV74: 1 | AY74: 1 | BB74: 1 | BH74: 2 | BK74: =SUM(E74:BJ74) -> 10
C75: 6. RIAS DEMILYA | AB75: 1 | AH75: 1 | BD75: 1 | BK75: =SUM(E75:BJ75) -> 3
C76: 7. EKO PRIYONO, S.E. | K76: 1 | AA76: 1 | AF76: 1 | AI76: 1 | AX76: 2 | AY76: 1 | BK76: =SUM(E76:BJ76) -> 7
BK77: =SUM(E77:BJ77) -> 0
BK78: =SUM(E78:BJ78) -> 0
A79: B | B79: JUMLAH SUARA SAH PARTAI POLITIK DAN CALON (A1 + A2) | E79: =SUM(E69:E78) -> 0 | F79: =SUM(F69:F78) -> 1 | G79: =SUM(G69:G78) -> 2 | H79: =SUM(H69:H78) -> 1 | I79: =SUM(I69:I78) -> 2 | J79: =SUM(J69:J78) -> 2 | K79: =SUM(K69:K78) -> 4 | L79: =SUM(L69:L78) -> 3 | ... BK79: =SUM(BK69:BK78) -> 510
A81: A.1 | B81: 4. | C81: Partai Golongan Karya | E81: 2 | F81: 1 | H81: 1 | I81: 3 | J81: 2 | K81: 3 | M81: 3 | O81: 3 | P81: 3 | R81: 2 | S81: 26 | T81: 8 | U81: 4 | V81: 8 | W81: 1 | X81: 2 | Y81: 6 | Z81: 4 | AA81: 11 | AB81: 14 | AD81: 3 | AE81: 9 | AF81: 3 | AG81: 4 | AH81: 6 | AI81: 3 | AJ81: 1 | AK81: 2 | AL81: 4 | AM81: 6 | AN81: 9 | AP81: 1 | AR81: 1 | AS81: 2 | AT81: 6 | AU81: 2 | AV81: 1 | AW81: 3 | AX81: 3 | AY81: 7 | AZ81: 4 | BA81: 5 | BB81: 9 | BC81: 3 | BD81: 5 | BE81: 5 | BF81: 9 | BH81: 1 | BI81: 3 | BJ81: 1 | BK81: =SUM(E81:BJ81) -> 228
A82: A.2 | C82: 1. RULIYONO, S.H. | E82: 3 | F82: 4 | G82: 1 | H82: 4 | I82: 11 | J82: 7 | K82: 1 | M82: 3 | N82: 4 | O82: 11 | P82: 9 | Q82: 2 | R82: 5 | S82: 45 | T82: 38 | U82: 3 | V82: 9 | W82: 3 | X82: 5 | Y82: 17 | Z82: 4 | AA82: 71 | AB82: 28 | AC82: 6 | AD82: 11 | AE82: 12 | AF82: 7 | AG82: 3 | AH82: 3 | AI82: 6 | AJ82: 3 | AK82: 2 | AL82: 56 | AM82: 23 | AN82: 19 | AO82: 8 | AP82: 9 | AQ82: 1 | AR82: 4 | AS82: 2 | AT82: 14 | AU82: 19 | AV82: 9 | AW82: 19 | AX82: 25 | AY82: 54 | AZ82: 10 | BA82: 27 | BB82: 2 | BC82: 11 | BD82: 12 | BE82: 8 | BF82: 35 | BG82: 6 | BH82: 9 | BI82: 20 | BJ82: 14 | BK82: =SUM(E82:BJ82) -> 757
C83: 2. FAHIRA HUMAIROH | J83: 1 | K83: 1 | P83: 1 | Y83: 1 | AA83: 1 | AE83: 1 | AF83: 1 | AJ83: 1 | AL83: 1 | AM83: 1 | AO83: 1 | AR83: 1 | AW83: 1 | AX83: 2 | AY83: 1 | BG83: 1 | BH83: 1 | BK83: =SUM(E83:BJ83) -> 18
C84: 3. T. AFNANY AKBAR, S.E. | E84: 8 | H84: 1 | I84: 3 | J84: 1 | M84: 1 | O84: 1 | V84: 1 | Y84: 1 | AA84: 2 | AC84: 2 | AD84: 3 | AE84: 1 | AG84: 1 | AH84: 3 | AK84: 1 | AT84: 5 | AU84: 3 | AV84: 2 | AX84: 5 | AY84: 2 | AZ84: 1 | BA84: 4 | BB84: 46 | BC84: 8 | BD84: 12 | BE84: 18 | BF84: 3 | BH84: 2 | BK84: =SUM(E84:BJ84) -> 141
C85: 4. MUHAMAD SUBUR | I85: 1 | O85: 1 | U85: 1 | W85: 1 | AA85: 1 | AB85: 1 | AF85: 1 | AM85: 1 | AV85: 1 | AW85: 2 | BC85: 1 | BE85: 1 | BK85: =SUM(E85:BJ85) -> 13
C86: 5. NYOTO PRAYITNO, S.E. | AL86: 2 | BE86: 1 | BK86: =SUM(E86:BJ86) -> 3
C87: 6. UMI LIANA EKAYANTI | AQ87: 1 | BA87: 1 | BK87: =SUM(E87:BJ87) -> 2
C88: 7. TARMUJI | I88: 1 | Y88: 1 | AW88: 2 | BE88: 1 | BF88: 1 | BH88: 2 | BK88: =SUM(E88:BJ88) -> 8
BK89: =SUM(E89:BJ89) -> 0
BK90: =SUM(E90:BJ90) -> 0
A91: B | B91: JUMLAH SUARA SAH PARTAI POLITIK DAN CALON (A1 + A2) | E91: =SUM(E81:E90) -> 13 | F91: =SUM(F81:F90) -> 5 | G91: =SUM(G81:G90) -> 1 | H91: =SUM(H81:H90) -> 6 | I91: =SUM(I81:I90) -> 19 | J91: =SUM(J81:J90) -> 11 | K91: =SUM(K81:K90) -> 5 | L91: =SUM(L81:L90) -> 0 | ... BK91: =SUM(BK81:BK90) -> 1170
A93: A.1 | B93: 5. | C93: Partai NasDem | G93: 1 | I93: 2 | J93: 2 | L93: 1 | M93: 1 | O93: 1 | Q93: 1 | R93: 1 | U93: 3 | V93: 1 | X93: 1 | Y93: 1 | Z93: 1 | AD93: 1 | AE93: 3 | AG93: 2 | AH93: 5 | AK93: 1 | AO93: 1 | AP93: 4 | AQ93: 5 | AS93: 1 | AT93: 2 | AZ93: 1 | BD93: 3 | BE93: 3 | BF93: 1 | BH93: 1 | BK93: =SUM(E93:BJ93) -> 51
A94: A.2 | C94: 1. SUNGKOWO SARWO EDY, S.H. | F94: 3 | H94: 1 | I94: 4 | J94: 2 | K94: 3 | L94: 2 | M94: 6 | V94: 1 | Y94: 1 | AD94: 1 | AE94: 3 | AH94: 3 | AJ94: 1 | AQ94: 2 | AW94: 1 | AX94: 1 | AY94: 4 | AZ94: 1 | BC94: 1 | BF94: 1 | BH94: 1 | BJ94: 1 | BK94: =SUM(E94:BJ94) -> 44
C95: 2. GUNAWAN SATRIA PRATAMA | G95: 1 | I95: 1 | O95: 1 | S95: 1 | U95: 2 | V95: 1 | AB95: 1 | AC95: 1 | AE95: 1 | AH95: 2 | AM95: 1 | AO95: 7 | AP95: 19 | AQ95: 19 | AR95: 2 | AS95: 1 | AT95: 3 | AZ95: 2 | BF95: 1 | BG95: 1 | BH95: 1 | BK95: =SUM(E95:BJ95) -> 69
C96: 3. Hj. ULFA LAILA, S.E. | V96: 1 | AA96: 3 | AE96: 1 | AH96: 3 | AP96: 1 | AW96: 1 | BG96: 1 | BI96: 1 | BK96: =SUM(E96:BJ96) -> 12
C97: 4. H. KURDI ISMAIL, S.H. | E97: 1 | G97: 1 | H97: 1 | O97: 15 | P97: 3 | Q97: 11 | S97: 3 | T97: 13 | U97: 37 | V97: 23 | W97: 14 | X97: 21 | Z97: 14 | AC97: 13 | AD97: 3 | AG97: 28 | AH97: 20 | AI97: 6 | AJ97: 2 | AK97: 14 | AL97: 6 | AM97: 8 | AN97: 4 | AP97: 7 | AQ97: 1 | AR97: 13 | AT97: 15 | AU97: 13 | AV97: 8 | AW97: 7 | AX97: 8 | AY97: 4 | AZ97: 21 | BA97: 3 | BD97: 4 | BE97: 11 | BF97: 8 | BH97: 1 | BI97: 58 | BK97: =SUM(E97:BJ97) -> 443
C98: 5. FEBRY PRIMA SANJAYA | E98: 1 | F98: 4 | G98: 1 | I98: 1 | J98: 3 | M98: 4 | P98: 1 | S98: 1 | T98: 1 | W98: 2 | Y98: 8 | Z98: 1 | AG98: 2 | AO98: 1 | AR98: 2 | AU98: 2 | BB98: 10 | BK98: =SUM(E98:BJ98) -> 45
C99: 6. TRI SETYANINGSIH | H99: 1 | K99: 4 | L99: 2 | M99: 4 | U99: 3 | AC99: 7 | AG99: 1 | AI99: 2 | AJ99: 3 | AK99: 1 | AQ99: 1 | AW99: 1 | AY99: 1 | BC99: 1 | BK99: =SUM(E99:BJ99) -> 32
C100: 7. ABDUL MUKSIN, S.Sos | I100: 4 | J100: 3 | T100: 7 | U100: 2 | V100: 7 | W100: 1 | X100: 5 | Z100: 1 | AB100: 1 | AC100: 14 | AD100: 4 | AE100: 7 | AF100: 4 | AG100: 6 | AH100: 8 | AL100: 1 | AM100: 1 | AP100: 8 | AQ100: 10 | AS100: 8 | AU100: 4 | AW100: 3 | AX100: 1 | AY100: 2 | AZ100: 6 | BA100: 3 | BC100: 5 | BD100: 17 | BF100: 1 | BG100: 3 | BH100: 4 | BI100: 1 | BJ100: 7 | BK100: =SUM(E100:BJ100) -> 159
BK101: =SUM(E101:BJ101) -> 0
BK102: =SUM(E102:BJ102) -> 0
A103: B | B103: JUMLAH SUARA SAH PARTAI POLITIK DAN CALON (A1 + A2) | E103: =SUM(E93:E102) -> 2 | F103: =SUM(F93:F102) -> 7 | G103: =SUM(G93:G102) -> 4 | H103: =SUM(H93:H102) -> 3 | I103: =SUM(I93:I102) -> 12 | J103: =SUM(J93:J102) -> 10 | K103: =SUM(K93:K102) -> 7 | L103: =SUM(L93:L102) -> 5 | ... BK103: =SUM(BK93:BK102) -> 855
A105: A.1 | B105: 6. | C105: Partai Buruh | K105: 1 | AF105: 1 | AJ105: 2 | AO105: 1 | AS105: 1 | AT105: 1 | AV105: 1 | BK105: =SUM(E105:BJ105) -> 8
A106: A.2 | C106: 1. KHOIRUL ANWARI ARIF | AH106: 1 | AK106: 2 | AW106: 1 | BA106: 1 | BG106: 2 | BI106: 1 | BK106: =SUM(E106:BJ106) -> 8
BK107: =SUM(E107:BJ107) -> 0
BK108: =SUM(E108:BJ108) -> 0
BK109: =SUM(E109:BJ109) -> 0
BK110: =SUM(E110:BJ110) -> 0
BK111: =SUM(E111:BJ111) -> 0
BK112: =SUM(E112:BJ112) -> 0
BK113: =SUM(E113:BJ113) -> 0
BK114: =SUM(E114:BJ114) -> 0
A115: B | B115: JUMLAH SUARA SAH PARTAI POLITIK DAN CALON (A1 + A2) | E115: =SUM(E105:E114) -> 0 | F115: =SUM(F105:F114) -> 0 | G115: =SUM(G105:G114) -> 0 | H115: =SUM(H105:H114) -> 0 | I115: =SUM(I105:I114) -> 0 | J115: =SUM(J105:J114) -> 0 | K115: =SUM(K105:K114) -> 1 | L115: =SUM(L105:L114) -> 0 | ... BK115: =SUM(BK105:BK114) -> 16
A117: A.1 | B117: 7. | C117: Partai Gelombang Rakyat Indonesia | I117: 1 | K117: 1 | O117: 2 | Q117: 8 | U117: 1 | V117: 1 | Y117: 1 | Z117: 1 | AA117: 1 | AB117: 1 | AC117: 1 | AD117: 1 | AE117: 2 | AG117: 3 | AH117: 4 | AJ117: 1 | AL117: 2 | AN117: 1 | AO117: 1 | AQ117: 1 | AS117: 4 | AT117: 1 | AU117: 1 | AV117: 5 | AW117: 2 | AY117: 1 | BC117: 1 | BG117: 1 | BK117: =SUM(E117:BJ117) -> 51
...

Sheet MARGOMULYO
C2: Kecamatan | D2: GLENMORE
C3: Kabupaten | D3: BANYUWANGI
C4: Provinsi | D4: JAWA TIMUR
C9: Kelurahan | D9: MARGOMULYO
A12: I | B12: DATA PEMILIH DAN PENGGUNAAN HAK PILIH | S12: JUMLAH AKHIR
A13: A | B13: DATA PEMILIH | E13: TPS 001 | F13: TPS 002 | G13: TPS 003 | H13: TPS 004 | I13: TPS 005 | J13: TPS 006 | K13: TPS 007 | L13: TPS 008 | M13: TPS 009 | N13: TPS 010 | O13: TPS 011 | P13: TPS 012 | Q13: TPS 013 | R13: TPS 014
B14: Jumlah Pemilih dalam Daftar Pemilih Tetap (DPT) | D14: LK | E14: 100 | F14: 130 | G14: 131 | H14: 141 | I14: 115 | J14: 138 | K14: 136 | L14: 115 | M14: 146 | N14: 142 | O14: 79 | P14: 101 | Q14: 123 | R14: 146 | S14: =SUM(E14:R14) -> 1743
D15: PR | E15: 86 | F15: 114 | G15: 125 | H15: 145 | I15: 108 | J15: 127 | K15: 145 | L15: 124 | M15: 138 | N15: 126 | O15: 89 | P15: 106 | Q15: 143 | R15: 146 | S15: =SUM(E15:R15) -> 1722
D16: JML | E16: =SUM(E14:E15) -> 186 | F16: =SUM(F14:F15) -> 244 | G16: =SUM(G14:G15) -> 256 | H16: =SUM(H14:H15) -> 286 | I16: =SUM(I14:I15) -> 223 | J16: =SUM(J14:J15) -> 265 | K16: =SUM(K14:K15) -> 281 | L16: =SUM(L14:L15) -> 239 | ... R16: =SUM(R14:R15) -> 292 | S16: =SUM(E16:R16) -> 3465
A18: B | B18: PENGGUNA HAK PILIH
B19: 1. | C19: Jumlah pengguna hak pilih dalam Daftar Pemilih Tetap (DPT) | D19: LK | E19: 77 | F19: 90 | G19: 89 | H19: 93 | I19: 98 | J19: 105 | K19: 110 | L19: 70 | M19: 91 | N19: 105 | O19: 59 | P19: 84 | Q19: 96 | R19: 103 | S19: =SUM(E19:R19) -> 1270
D20: PR | E20: 69 | F20: 88 | G20: 102 | H20: 112 | I20: 95 | J20: 104 | K20: 121 | L20: 85 | M20: 106 | N20: 108 | O20: 67 | P20: 85 | Q20: 116 | R20: 118 | S20: =SUM(E20:R20) -> 1376
D21: JML | E21: =SUM(E19:E20) -> 146 | F21: =SUM(F19:F20) -> 178 | G21: =SUM(G19:G20) -> 191 | H21: =SUM(H19:H20) -> 205 | I21: =SUM(I19:I20) -> 193 | J21: =SUM(J19:J20) -> 209 | K21: =SUM(K19:K20) -> 231 | L21: =SUM(L19:L20) -> 155 | ... R21: =SUM(R19:R20) -> 221 | S21: =SUM(E21:R21) -> 2646
B22: 2. | C22: Jumlah pengguna hak pilih dalam Daftar Pemilih Tambahan (DPTb) | D22: LK | S22: =SUM(E22:R22) -> 0
D23: PR | S23: =SUM(E23:R23) -> 0
D24: JML | E24: =SUM(E22:E23) -> 0 | F24: =SUM(F22:F23) -> 0 | G24: =SUM(G22:G23) -> 0 | H24: =SUM(H22:H23) -> 0 | I24: =SUM(I22:I23) -> 0 | J24: =SUM(J22:J23) -> 0 | K24: =SUM(K22:K23) -> 0 | L24: =SUM(L22:L23) -> 0 | ... R24: =SUM(R22:R23) -> 0 | S24: =SUM(E24:R24) -> 0
B25: 3. | C25: Jumlah pengguna hak pilih dalam Daftar Pemilih Khusus (DPK) | D25: LK | F25: 1 | I25: 1 | M25: 2 | N25: 3 | P25: 4 | Q25: 3 | R25: 1 | S25: =SUM(E25:R25) -> 15
D26: PR | E26: 1 | F26: 1 | H26: 1 | M26: 1 | P26: 3 | Q26: 2 | R26: 2 | S26: =SUM(E26:R26) -> 11
D27: JML | E27: =SUM(E25:E26) -> 1 | F27: =SUM(F25:F26) -> 2 | G27: =SUM(G25:G26) -> 0 | H27: =SUM(H25:H26) -> 1 | I27: =SUM(I25:I26) -> 1 | J27: =SUM(J25:J26) -> 0 | K27: =SUM(K25:K26) -> 0 | L27: =SUM(L25:L26) -> 0 | ... R27: =SUM(R25:R26) -> 3 | S27: =SUM(E27:R27) -> 26
B28: 4. | C28: Jumlah Pengguna Hak Pilih (B.1+B.2+B.3) | D28: LK | E28: =SUM(E19,E22,E25) -> 77 | F28: =SUM(F19,F22,F25) -> 91 | G28: =SUM(G19,G22,G25) -> 89 | H28: =SUM(H19,H22,H25) -> 93 | I28: =SUM(I19,I22,I25) -> 99 | J28: =SUM(J19,J22,J25) -> 105 | K28: =SUM(K19,K22,K25) -> 110 | L28: =SUM(L19,L22,L25) -> 70 | ... R28: =SUM(R19,R22,R25) -> 104 | S28: =SUM(E28:R28) -> 1285
D29: PR | E29: =SUM(E20,E23,E26) -> 70 | F29: =SUM(F20,F23,F26) -> 89 | G29: =SUM(G20,G23,G26) -> 102 | H29: =SUM(H20,H23,H26) -> 113 | I29: =SUM(I20,I23,I26) -> 95 | J29: =SUM(J20,J23,J26) -> 104 | K29: =SUM(K20,K23,K26) -> 121 | L29: =SUM(L20,L23,L26) -> 85 | ... R29: =SUM(R20,R23,R26) -> 120 | S29: =SUM(E29:R29) -> 1387
D30: JML | E30: =SUM(E28:E29) -> 147 | F30: =SUM(F28:F29) -> 180 | G30: =SUM(G28:G29) -> 191 | H30: =SUM(H28:H29) -> 206 | I30: =SUM(I28:I29) -> 194 | J30: =SUM(J28:J29) -> 209 | K30: =SUM(K28:K29) -> 231 | L30: =SUM(L28:L29) -> 155 | ... R30: =SUM(R28:R29) -> 224 | S30: =SUM(E30:R30) -> 2672
A32: II | B32: DATA PENGGUNAAN SURAT SUARA
A33: 1 | B33: Jumlah surat suara yang diterima, termasuk surat suara cadangan 2,5% dari DPT | E33: 190 | F33: 249 | G33: 265 | H33: 292 | I33: 228 | J33: 271 | K33: 287 | L33: 244 | M33: 290 | N33: 274 | O33: 172 | P33: 212 | Q33: 273 | R33: 298 | S33: =SUM(E33:R33) -> 3545
A34: 2 | B34: Jumlah surat suara yang digunakan | E34: 147 | F34: 180 | G34: 191 | H34: 206 | I34: 194 | J34: 209 | K34: 231 | L34: 155 | M34: 200 | N34: 216 | O34: 126 | P34: 176 | Q34: 217 | R34: 224 | S34: =SUM(E34:R34) -> 2672
A35: 3 | B35: Jumlah surat suara dikembalikan oleh pemilih (karena rusak atau keliru coblos) | J35: 2 | K35: 2 | L35: 1 | Q35: 1 | S35: =SUM(E35:R35) -> 6
A36: 4 | B36: Jumlah surat suara yang tidak digunakan/tidak terpakai, termasuk sisa surat suara cadangan | E36: =E33-(E34+E35) -> 43 | F36: =F33-(F34+F35) -> 69 | G36: =G33-(G34+G35) -> 74 | H36: =H33-(H34+H35) -> 86 | I36: =I33-(I34+I35) -> 34 | J36: =J33-(J34+J35) -> 60 | K36: =K33-(K34+K35) -> 54 | L36: =L33-(L34+L35) -> 88 | ... R36: =R33-(R34+R35) -> 74 | S36: =SUM(E36:R36) -> 867
A38: III | B38: DATA PEMILIH DISABILITAS
B39: Jumlah seluruh Pemilih disabilitas yang menggunakan hak pilih | D39: LK | E39: 2 | M39: 2 | P39: 1 | R39: 1 | S39: =SUM(E39:R39) -> 6
D40: PR | L40: 1 | R40: 2 | S40: =SUM(E40:R40) -> 3
D41: JML | E41: =SUM(E39:E40) -> 2 | F41: =SUM(F39:F40) -> 0 | G41: =SUM(G39:G40) -> 0 | H41: =SUM(H39:H40) -> 0 | I41: =SUM(I39:I40) -> 0 | J41: =SUM(J39:J40) -> 0 | K41: =SUM(K39:K40) -> 0 | L41: =SUM(L39:L40) -> 1 | ... R41: =SUM(R39:R40) -> 3 | S41: =SUM(E41:R41) -> 9
A43: IV | B43: DATA RINCIAN PEROLEHAN SUARA PASANGAN CALON BUPATI DAN WAKIL BUPATI
A44: NOMOR DAN NAMA CALON
A45: A.1 | B45: 1. | C45: Partai Kebangkitan Bangsa | E45: 3 | F45: 6 | G45: 1 | I45: 1 | J45: 3 | K45: 1 | L45: 4 | M45: 4 | N45: 1 | O45: 2 | P45: 3 | Q45: 1 | R45: 1 | S45: =SUM(E45:R45) -> 31
A46: A.2 | C46: 1. H. KHUSNAN, S.Ag., M.Pd.I. | F46: 2 | G46: 1 | I46: 1 | J46: 5 | K46: 1 | L46: 2 | M46: 4 | O46: 3 | P46: 1 | Q46: 2 | S46: =SUM(E46:R46) -> 22
C47: 2. MARA QONITHA LAYLIA | E47: 2 | F47: 4 | G47: 8 | H47: 12 | I47: 5 | J47: 6 | K47: 8 | L47: 5 | M47: 16 | N47: 17 | O47: 3 | P47: 4 | Q47: 9 | S47: =SUM(E47:R47) -> 99
C48: 3. ZAKI AL MUBAROK, M.Si. | E48: 2 | F48: 7 | G48: 6 | H48: 6 | I48: 4 | J48: 7 | K48: 2 | L48: 3 | M48: 27 | N48: 15 | O48: 5 | P48: 1 | Q48: 7 | R48: 1 | S48: =SUM(E48:R48) -> 93
C49: 4. INAYATUL MAHMUDAH, S.Pd. | G49: 1 | P49: 1 | Q49: 2 | S49: =SUM(E49:R49) -> 4
C50: 5. HABIBURRAHMAN AL KHOLILI | J50: 1 | S50: =SUM(E50:R50) -> 1
C51: 6. INDIARTI NOVIDA, A.Md. | S51: =SUM(E51:R51) -> 0
C52: 7. RUDI DARMAWAN, S.Pd.I. | K52: 1 | S52: =SUM(E52:R52) -> 1
S53: =SUM(E53:R53) -> 0
S54: =SUM(E54:R54) -> 0
A55: B | B55: JUMLAH SUARA SAH PARTAI POLITIK DAN CALON (A1 + A2) | E55: =SUM(E45:E54) -> 7 | F55: =SUM(F45:F54) -> 19 | G55: =SUM(G45:G54) -> 17 | H55: =SUM(H45:H54) -> 18 | I55: =SUM(I45:I54) -> 11 | J55: =SUM(J45:J54) -> 22 | K55: =SUM(K45:K54) -> 13 | L55: =SUM(L45:L54) -> 14 | ... S55: =SUM(S45:S54) -> 251
A57: A.1 | B57: 2. | C57: Partai Gerakan Indonesia Raya | E57: 3 | F57: 4 | G57: 2 | H57: 3 | I57: 3 | J57: 2 | K57: 7 | L57: 4 | M57: 3 | N57: 3 | O57: 3 | P57: 4 | Q57: 3 | R57: 8 | S57: =SUM(E57:R57) -> 52
A58: A.2 | C58: 1. ABDUL GHOFUR | F58: 1 | G58: 4 | H58: 1 | I58: 2 | J58: 4 | K58: 2 | M58: 1 | N58: 2 | O58: 1 | P58: 1 | R58: 5 | S58: =SUM(E58:R58) -> 24
C59: 2. Drs. MOCHAMMAD RIFA'I, M.Pd. | F59: 2 | G59: 3 | H59: 2 | I59: 2 | J59: 4 | L59: 2 | M59: 3 | N59: 3 | O59: 3 | P59: 9 | Q59: 7 | R59: 4 | S59: =SUM(E59:R59) -> 44
C60: 3. SITI BADRIYAH | J60: 2 | M60: 1 | P60: 1 | Q60: 1 | S60: =SUM(E60:R60) -> 5
C61: 4. FARUQ | E61: 1 | F61: 1 | G61: 9 | H61: 6 | I61: 5 | J61: 12 | K61: 62 | L61: 1 | M61: 5 | P61: 10 | Q61: 11 | S61: =SUM(E61:R61) -> 123
C62: 5. H. HARIYANTO HARI WIJAYA, S.T. | M62: 3 | N62: 1 | O62: 2 | S62: =SUM(E62:R62) -> 6
C63: 6. SRI ASTUTIK | F63: 2 | L63: 1 | O63: 1 | S63: =SUM(E63:R63) -> 4
C64: 7. MUSTOLIH | F64: 2 | G64: 8 | H64: 6 | I64: 9 | J64: 21 | K64: 13 | L64: 1 | M64: 12 | N64: 13 | O64: 25 | P64: 36 | Q64: 13 | R64: 1 | S64: =SUM(E64:R64) -> 160
S65: =SUM(E65:R65) -> 0
S66: =SUM(E66:R66) -> 0
A67: B | B67: JUMLAH SUARA SAH PARTAI POLITIK DAN CALON (A1 + A2) | E67: =SUM(E57:E66) -> 4 | F67: =SUM(F57:F66) -> 12 | G67: =SUM(G57:G66) -> 26 | H67: =SUM(H57:H66) -> 18 | I67: =SUM(I57:I66) -> 21 | J67: =SUM(J57:J66) -> 45 | K67: =SUM(K57:K66) -> 84 | L67: =SUM(L57:L66) -> 9 | ... S67: =SUM(S57:S66) -> 418
A69: A.1 | B69: 3. | C69: Partai Demokrasi Indonesia Perjuangan | E69: 6 | F69: 11 | G69: 5 | I69: 7 | J69: 3 | K69: 1 | L69: 10 | M69: 3 | P69: 1 | Q69: 3 | R69: 13 | S69: =SUM(E69:R69) -> 63
A70: A.2 | C70: 1. FICKY SEPTALINDA, S.E. | E70: 32 | F70: 29 | G70: 60 | H70: 24 | I70: 46 | J70: 38 | K70: 15 | L70: 21 | M70: 15 | N70: 50 | P70: 2 | Q70: 54 | R70: 53 | S70: =SUM(E70:R70) -> 439
C71: 2. TATANG SUROYO | G71: 2 | I71: 2 | J71: 2 | K71: 1 | L71: 1 | Q71: 1 | S71: =SUM(E71:R71) -> 9
C72: 3. SITI JAMI`AH | E72: 1 | F72: 1 | G72: 1 | I72: 1 | J72: 2 | L72: 1 | M72: 1 | O72: 1 | R72: 1 | S72: =SUM(E72:R72) -> 10
C73: 4. ADNAN | E73: 4 | G73: 4 | I73: 6 | J73: 3 | K73: 2 | L73: 3 | M73: 5 | N73: 7 | O73: 1 | P73: 8 | Q73: 2 | R73: 23 | S73: =SUM(E73:R73) -> 68
C74: 5. RINA WIJAYANTI | J74: 1 | Q74: 1 | S74: =SUM(E74:R74) -> 2
C75: 6. RIAS DEMILYA | R75: 1 | S75: =SUM(E75:R75) -> 1
C76: 7. EKO PRIYONO, S.E. | L76: 1 | S76: =SUM(E76:R76) -> 1
S77: =SUM(E77:R77) -> 0
S78: =SUM(E78:R78) -> 0
A79: B | B79: JUMLAH SUARA SAH PARTAI POLITIK DAN CALON (A1 + A2) | E79: =SUM(E69:E78) -> 43 | F79: =SUM(F69:F78) -> 41 | G79: =SUM(G69:G78) -> 72 | H79: =SUM(H69:H78) -> 24 | I79: =SUM(I69:I78) -> 62 | J79: =SUM(J69:J78) -> 49 | K79: =SUM(K69:K78) -> 19 | L79: =SUM(L69:L78) -> 37 | ... S79: =SUM(S69:S78) -> 593
A81: A.1 | B81: 4. | C81: Partai Golongan Karya | E81: 4 | F81: 5 | G81: 7 | H81: 3 | I81: 2 | K81: 3 | L81: 4 | M81: 3 | O81: 1 | P81: 1 | Q81: 1 | R81: 9 | S81: =SUM(E81:R81) -> 43
A82: A.2 | C82: 1. RULIYONO, S.H. | E82: 6 | F82: 15 | G82: 13 | H82: 49 | I82: 7 | J82: 7 | K82: 31 | L82: 15 | M82: 6 | O82: 7 | P82: 5 | Q82: 13 | R82: 36 | S82: =SUM(E82:R82) -> 210
C83: 2. FAHIRA HUMAIROH | E83: 1 | F83: 1 | I83: 1 | M83: 1 | P83: 1 | Q83: 2 | S83: =SUM(E83:R83) -> 7
C84: 3. T. AFNANY AKBAR, S.E. | E84: 1 | N84: 1 | P84: 1 | S84: =SUM(E84:R84) -> 3
C85: 4. MUHAMAD SUBUR | J85: 1 | K85: 1 | S85: =SUM(E85:R85) -> 2
C86: 5. NYOTO PRAYITNO, S.E. | S86: =SUM(E86:R86) -> 0
C87: 6. UMI LIANA EKAYANTI | S87: =SUM(E87:R87) -> 0
C88: 7. TARMUJI | G88: 1 | Q88: 1 | R88: 1 | S88: =SUM(E88:R88) -> 3
S89: =SUM(E89:R89) -> 0
S90: =SUM(E90:R90) -> 0
A91: B | B91: JUMLAH SUARA SAH PARTAI POLITIK DAN CALON (A1 + A2) | E91: =SUM(E81:E90) -> 12 | F91: =SUM(F81:F90) -> 21 | G91: =SUM(G81:G90) -> 21 | H91: =SUM(H81:H90) -> 52 | I91: =SUM(I81:I90) -> 10 | J91: =SUM(J81:J90) -> 8 | K91: =SUM(K81:K90) -> 35 | L91: =SUM(L81:L90) -> 19 | ... S91: =SUM(S81:S90) -> 268
A93: A.1 | B93: 5. | C93: Partai NasDem | E93: 1 | F93: 2 | I93: 2 | L93: 1 | O93: 3 | Q93: 1 | R93: 2 | S93: =SUM(E93:R93) -> 12
A94: A.2 | C94: 1. SUNGKOWO SARWO EDY, S.H. | E94: 1 | G94: 1 | H94: 2 | I94: 2 | P94: 1 | R94: 2 | S94: =SUM(E94:R94) -> 9
C95: 2. GUNAWAN SATRIA PRATAMA | E95: 2 | F95: 8 | G95: 2 | H95: 1 | I95: 11 | J95: 14 | K95: 10 | L95: 41 | M95: 23 | N95: 15 | O95: 3 | P95: 1 | Q95: 22 | R95: 3 | S95: =SUM(E95:R95) -> 156
C96: 3. Hj. ULFA LAILA, S.E. | L96: 1 | S96: =SUM(E96:R96) -> 1
C97: 4. H. KURDI ISMAIL, S.H. | E97: 30 | F97: 7 | G97: 8 | H97: 5 | I97: 15 | J97: 16 | K97: 5 | M97: 1 | N97: 2 | O97: 1 | Q97: 11 | R97: 23 | S97: =SUM(E97:R97) -> 124
C98: 5. FEBRY PRIMA SANJAYA | H98: 1 | I98: 1 | M98: 2 | P98: 1 | Q98: 1 | S98: =SUM(E98:R98) -> 6
C99: 6. TRI SETYANINGSIH | O99: 1 | S99: =SUM(E99:R99) -> 1
C100: 7. ABDUL MUKSIN, S.Sos | E100: 7 | F100: 7 | G100: 6 | I100: 5 | J100: 14 | K100: 17 | M100: 7 | N100: 5 | O100: 35 | P100: 45 | Q100: 14 | R100: 1 | S100: =SUM(E100:R100) -> 163
S101: =SUM(E101:R101) -> 0
S102: =SUM(E102:R102) -> 0
A103: B | B103: JUMLAH SUARA SAH PARTAI POLITIK DAN CALON (A1 + A2) | E103: =SUM(E93:E102) -> 41 | F103: =SUM(F93:F102) -> 24 | G103: =SUM(G93:G102) -> 17 | H103: =SUM(H93:H102) -> 9 | I103: =SUM(I93:I102) -> 36 | J103: =SUM(J93:J102) -> 44 | K103: =SUM(K93:K102) -> 32 | L103: =SUM(L93:L102) -> 43 | ... S103: =SUM(S93:S102) -> 472
A105: A.1 | B105: 6. | C105: Partai Buruh | M105: 1 | N105: 1 | P105: 1 | S105: =SUM(E105:R105) -> 3
A106: A.2 | C106: 1. KHOIRUL ANWARI ARIF | R106: 1 | S106: =SUM(E106:R106) -> 1
S107: =SUM(E107:R107) -> 0
S108: =SUM(E108:R108) -> 0
S109: =SUM(E109:R109) -> 0
S110: =SUM(E110:R110) -> 0
S111: =SUM(E111:R111) -> 0
S112: =SUM(E112:R112) -> 0
S113: =SUM(E113:R113) -> 0
S114: =SUM(E114:R114) -> 0
A115: B | B115: JUMLAH SUARA SAH PARTAI POLITIK DAN CALON (A1 + A2) | E115: =SUM(E105:E114) -> 0 | F115: =SUM(F105:F114) -> 0 | G115: =SUM(G105:G114) -> 0 | H115: =SUM(H105:H114) -> 0 | I115: =SUM(I105:I114) -> 0 | J115: =SUM(J105:J114) -> 0 | K115: =SUM(K105:K114) -> 0 | L115: =SUM(L105:L114) -> 0 | ... S115: =SUM(S105:S114) -> 4
A117: A.1 | B117: 7. | C117: Partai Gelombang Rakyat Indonesia | E117: 3 | F117: 1 | G117: 1 | H117: 2 | L117: 1 | O117: 1 | P117: 3 | Q117: 1 | S117: =SUM(E117:R117) -> 13
...

Sheet SEPANJANG
C2: Kecamatan | D2: GLENMORE
C3: Kabupaten | D3: BANYUWANGI
C4: Provinsi | D4: JAWA TIMUR
C9: Kelurahan | D9: SEPANJANG
A12: I | B12: DATA PEMILIH DAN PENGGUNAAN HAK PILIH | AJ12: JUMLAH AKHIR
A13: A | B13: DATA PEMILIH | E13: TPS 001 | F13: TPS 002 | G13: TPS 003 | H13: TPS 004 | I13: TPS 005 | J13: TPS 006 | K13: TPS 007 | L13: TPS 008 | M13: TPS 009 | N13: TPS 010 | O13: TPS 011 | P13: TPS 012 | Q13: TPS 013 | R13: TPS 014 | S13: TPS 015 | T13: TPS 016 | U13: TPS 017 | V13: TPS 018 | W13: TPS 019 | X13: TPS 020 | Y13: TPS 021 | Z13: TPS 022 | AA13: TPS 023 | AB13: TPS 024 | AC13: TPS 025 | AD13: TPS 026 | AE13: TPS 027 | AF13: TPS 028 | AG13: TPS 029 | AH13: TPS 030 | AI13: TPS 031
B14: Jumlah Pemilih dalam Daftar Pemilih Tetap (DPT) | D14: LK | E14: 148 | F14: 122 | G14: 150 | H14: 138 | I14: 116 | J14: 149 | K14: 118 | L14: 112 | M14: 137 | N14: 138 | O14: 106 | P14: 129 | Q14: 135 | R14: 147 | S14: 122 | T14: 136 | U14: 125 | V14: 138 | W14: 128 | X14: 146 | Y14: 110 | Z14: 102 | AA14: 121 | AB14: 122 | AC14: 116 | AD14: 128 | AE14: 125 | AF14: 134 | AG14: 117 | AH14: 139 | AI14: 152 | AJ14: =SUM(E14:AI14) -> 4006
D15: PR | E15: 143 | F15: 129 | G15: 144 | H15: 147 | I15: 116 | J15: 146 | K15: 131 | L15: 126 | M15: 158 | N15: 154 | O15: 126 | P15: 136 | Q15: 143 | R15: 144 | S15: 130 | T15: 135 | U15: 140 | V15: 122 | W15: 127 | X15: 148 | Y15: 108 | Z15: 100 | AA15: 121 | AB15: 114 | AC15: 131 | AD15: 147 | AE15: 133 | AF15: 156 | AG15: 113 | AH15: 146 | AI15: 140 | AJ15: =SUM(E15:AI15) -> 4154
D16: JML | E16: =SUM(E14:E15) -> 291 | F16: =SUM(F14:F15) -> 251 | G16: =SUM(G14:G15) -> 294 | H16: =SUM(H14:H15) -> 285 | I16: =SUM(I14:I15) -> 232 | J16: =SUM(J14:J15) -> 295 | K16: =SUM(K14:K15) -> 249 | L16: =SUM(L14:L15) -> 238 | ... AI16: =SUM(AI14:AI15) -> 292 | AJ16: =SUM(E16:AI16) -> 8160
A18: B | B18: PENGGUNA HAK PILIH
B19: 1. | C19: Jumlah pengguna hak pilih dalam Daftar Pemilih Tetap (DPT) | D19: LK | E19: 110 | F19: 89 | G19: 114 | H19: 97 | I19: 90 | J19: 113 | K19: 84 | L19: 68 | M19: 105 | N19: 100 | O19: 84 | P19: 103 | Q19: 103 | R19: 112 | S19: 91 | T19: 105 | U19: 84 | V19: 99 | W19: 94 | X19: 98 | Y19: 87 | Z19: 82 | AA19: 86 | AB19: 84 | AC19: 80 | AD19: 84 | AE19: 94 | AF19: 95 | AG19: 95 | AH19: 107 | AI19: 116 | AJ19: =SUM(E19:AI19) -> 2953
D20: PR | E20: 111 | F20: 107 | G20: 117 | H20: 118 | I20: 95 | J20: 117 | K20: 93 | L20: 97 | M20: 124 | N20: 113 | O20: 101 | P20: 110 | Q20: 111 | R20: 121 | S20: 108 | T20: 99 | U20: 99 | V20: 98 | W20: 97 | X20: 117 | Y20: 92 | Z20: 83 | AA20: 101 | AB20: 86 | AC20: 99 | AD20: 105 | AE20: 104 | AF20: 118 | AG20: 89 | AH20: 119 | AI20: 127 | AJ20: =SUM(E20:AI20) -> 3276
D21: JML | E21: =SUM(E19:E20) -> 221 | F21: =SUM(F19:F20) -> 196 | G21: =SUM(G19:G20) -> 231 | H21: =SUM(H19:H20) -> 215 | I21: =SUM(I19:I20) -> 185 | J21: =SUM(J19:J20) -> 230 | K21: =SUM(K19:K20) -> 177 | L21: =SUM(L19:L20) -> 165 | ... AI21: =SUM(AI19:AI20) -> 243 | AJ21: =SUM(E21:AI21) -> 6229
B22: 2. | C22: Jumlah pengguna hak pilih dalam Daftar Pemilih Tambahan (DPTb) | D22: LK | I22: 1 | K22: 1 | L22: 1 | O22: 1 | S22: 1 | T22: 1 | X22: 1 | AA22: 1 | AB22: 1 | AC22: 1 | AD22: 2 | AE22: 1 | AH22: 1 | AI22: 1 | AJ22: =SUM(E22:AI22) -> 15
D23: PR | E23: 1 | L23: 1 | N23: 1 | T23: 2 | V23: 1 | W23: 1 | Y23: 1 | Z23: 1 | AD23: 1 | AF23: 1 | AG23: 1 | AJ23: =SUM(E23:AI23) -> 12
D24: JML | E24: =SUM(E22:E23) -> 1 | F24: =SUM(F22:F23) -> 0 | G24: =SUM(G22:G23) -> 0 | H24: =SUM(H22:H23) -> 0 | I24: =SUM(I22:I23) -> 1 | J24: =SUM(J22:J23) -> 0 | K24: =SUM(K22:K23) -> 1 | L24: =SUM(L22:L23) -> 2 | ... AI24: =SUM(AI22:AI23) -> 1 | AJ24: =SUM(E24:AI24) -> 27
B25: 3. | C25: Jumlah pengguna hak pilih dalam Daftar Pemilih Khusus (DPK) | D25: LK | F25: 2 | H25: 1 | J25: 7 | K25: 1 | O25: 1 | Q25: 2 | S25: 2 | T25: 1 | U25: 1 | W25: 1 | AD25: 1 | AF25: 2 | AJ25: =SUM(E25:AI25) -> 22
D26: PR | H26: 1 | J26: 5 | K26: 2 | O26: 1 | Q26: 4 | S26: 5 | T26: 2 | U26: 1 | W26: 2 | AA26: 1 | AE26: 1 | AF26: 1 | AJ26: =SUM(E26:AI26) -> 26
D27: JML | E27: =SUM(E25:E26) -> 0 | F27: =SUM(F25:F26) -> 2 | G27: =SUM(G25:G26) -> 0 | H27: =SUM(H25:H26) -> 2 | I27: =SUM(I25:I26) -> 0 | J27: =SUM(J25:J26) -> 12 | K27: =SUM(K25:K26) -> 3 | L27: =SUM(L25:L26) -> 0 | ... AI27: =SUM(AI25:AI26) -> 0 | AJ27: =SUM(E27:AI27) -> 48
B28: 4. | C28: Jumlah Pengguna Hak Pilih (B.1+B.2+B.3) | D28: LK | E28: =SUM(E19,E22,E25) -> 110 | F28: =SUM(F19,F22,F25) -> 91 | G28: =SUM(G19,G22,G25) -> 114 | H28: =SUM(H19,H22,H25) -> 98 | I28: =SUM(I19,I22,I25) -> 91 | J28: =SUM(J19,J22,J25) -> 120 | K28: =SUM(K19,K22,K25) -> 86 | L28: =SUM(L19,L22,L25) -> 69 | ... AI28: =SUM(AI19,AI22,AI25) -> 117 | AJ28: =SUM(E28:AI28) -> 2990
D29: PR | E29: =SUM(E20,E23,E26) -> 112 | F29: =SUM(F20,F23,F26) -> 107 | G29: =SUM(G20,G23,G26) -> 117 | H29: =SUM(H20,H23,H26) -> 119 | I29: =SUM(I20,I23,I26) -> 95 | J29: =SUM(J20,J23,J26) -> 122 | K29: =SUM(K20,K23,K26) -> 95 | L29: =SUM(L20,L23,L26) -> 98 | ... AI29: =SUM(AI20,AI23,AI26) -> 127 | AJ29: =SUM(E29:AI29) -> 3314
D30: JML | E30: =SUM(E28:E29) -> 222 | F30: =SUM(F28:F29) -> 198 | G30: =SUM(G28:G29) -> 231 | H30: =SUM(H28:H29) -> 217 | I30: =SUM(I28:I29) -> 186 | J30: =SUM(J28:J29) -> 242 | K30: =SUM(K28:K29) -> 181 | L30: =SUM(L28:L29) -> 167 | ... AI30: =SUM(AI28:AI29) -> 244 | AJ30: =SUM(E30:AI30) -> 6304
A32: II | B32: DATA PENGGUNAAN SURAT SUARA
A33: 1 | B33: Jumlah surat suara yang diterima, termasuk surat suara cadangan 2,5% dari DPT | E33: 298 | F33: 257 | G33: 300 | H33: 291 | I33: 236 | J33: 310 | K33: 254 | L33: 243 | M33: 301 | N33: 298 | O33: 237 | P33: 270 | Q33: 284 | R33: 297 | S33: 258 | T33: 277 | U33: 271 | V33: 265 | W33: 261 | X33: 300 | Y33: 223 | Z33: 207 | AA33: 247 | AB33: 241 | AC33: 253 | AD33: 281 | AE33: 264 | AF33: 296 | AG33: 235 | AH33: 291 | AI33: 298 | AJ33: =SUM(E33:AI33) -> 8344
A34: 2 | B34: Jumlah surat suara yang digunakan | E34: 222 | F34: 198 | G34: 231 | H34: 217 | I34: 186 | J34: 242 | K34: 181 | L34: 167 | M34: 229 | N34: 214 | O34: 188 | P34: 213 | Q34: 220 | R34: 233 | S34: 207 | T34: 210 | U34: 185 | V34: 198 | W34: 195 | X34: 216 | Y34: 180 | Z34: 166 | AA34: 189 | AB34: 171 | AC34: 180 | AD34: 193 | AE34: 200 | AF34: 217 | AG34: 185 | AH34: 227 | AI34: 244 | AJ34: =SUM(E34:AI34) -> 6304
A35: 3 | B35: Jumlah surat suara dikembalikan oleh pemilih (karena rusak atau keliru coblos) | L35: 1 | T35: 1 | Y35: 3 | AB35: 2 | AJ35: =SUM(E35:AI35) -> 7
A36: 4 | B36: Jumlah surat suara yang tidak digunakan/tidak terpakai, termasuk sisa surat suara cadangan | E36: =E33-(E34+E35) -> 76 | F36: =F33-(F34+F35) -> 59 | G36: =G33-(G34+G35) -> 69 | H36: =H33-(H34+H35) -> 74 | I36: =I33-(I34+I35) -> 50 | J36: =J33-(J34+J35) -> 68 | K36: =K33-(K34+K35) -> 73 | L36: =L33-(L34+L35) -> 75 | ... AI36: =AI33-(AI34+AI35) -> 54 | AJ36: =SUM(E36:AI36) -> 2033
A38: III | B38: DATA PEMILIH DISABILITAS
B39: Jumlah seluruh Pemilih disabilitas yang menggunakan hak pilih | D39: LK | N39: 2 | AJ39: =SUM(E39:AI39) -> 2
D40: PR | K40: 1 | L40: 1 | N40: 6 | AJ40: =SUM(E40:AI40) -> 8
D41: JML | E41: =SUM(E39:E40) -> 0 | F41: =SUM(F39:F40) -> 0 | G41: =SUM(G39:G40) -> 0 | H41: =SUM(H39:H40) -> 0 | I41: =SUM(I39:I40) -> 0 | J41: =SUM(J39:J40) -> 0 | K41: =SUM(K39:K40) -> 1 | L41: =SUM(L39:L40) -> 1 | ... AI41: =SUM(AI39:AI40) -> 0 | AJ41: =SUM(E41:AI41) -> 10
A43: IV | B43: DATA RINCIAN PEROLEHAN SUARA PASANGAN CALON BUPATI DAN WAKIL BUPATI
A44: NOMOR DAN NAMA CALON
A45: A.1 | B45: 1. | C45: Partai Kebangkitan Bangsa | E45: 6 | F45: 2 | H45: 3 | I45: 2 | J45: 5 | K45: 1 | L45: 2 | M45: 2 | N45: 3 | O45: 2 | P45: 2 | Q45: 2 | R45: 3 | S45: 2 | T45: 1 | U45: 4 | V45: 1 | W45: 3 | X45: 3 | Y45: 2 | Z45: 3 | AA45: 8 | AB45: 7 | AC45: 1 | AD45: 2 | AE45: 1 | AF45: 1 | AH45: 3 | AI45: 1 | AJ45: =SUM(E45:AI45) -> 78
A46: A.2 | C46: 1. H. KHUSNAN, S.Ag., M.Pd.I. | F46: 5 | G46: 1 | H46: 1 | I46: 1 | J46: 19 | L46: 1 | M46: 1 | N46: 1 | Q46: 3 | R46: 2 | S46: 2 | T46: 2 | U46: 1 | W46: 3 | X46: 23 | Y46: 1 | Z46: 2 | AA46: 10 | AB46: 13 | AD46: 1 | AF46: 2 | AH46: 1 | AI46: 2 | AJ46: =SUM(E46:AI46) -> 98
C47: 2. MARA QONITHA LAYLIA | E47: 6 | F47: 9 | G47: 1 | H47: 1 | I47: 9 | J47: 6 | K47: 5 | M47: 5 | N47: 6 | O47: 1 | P47: 12 | Q47: 3 | R47: 2 | S47: 6 | T47: 2 | U47: 3 | V47: 2 | W47: 19 | X47: 20 | Y47: 1 | Z47: 2 | AA47: 4 | AB47: 9 | AC47: 3 | AD47: 2 | AE47: 2 | AF47: 6 | AG47: 6 | AH47: 4 | AI47: 3 | AJ47: =SUM(E47:AI47) -> 160
C48: 3. ZAKI AL MUBAROK, M.Si. | E48: 3 | F48: 1 | G48: 8 | H48: 5 | I48: 3 | J48: 18 | L48: 5 | M48: 16 | N48: 7 | O48: 4 | P48: 8 | Q48: 2 | R48: 6 | S48: 1 | V48: 2 | W48: 5 | X48: 5 | Y48: 13 | Z48: 16 | AA48: 30 | AB48: 14 | AC48: 6 | AD48: 9 | AE48: 12 | AF48: 2 | AG48: 3 | AH48: 15 | AI48: 33 | AJ48: =SUM(E48:AI48) -> 252
C49: 4. INAYATUL MAHMUDAH, S.Pd. | G49: 1 | H49: 1 | I49: 1 | M49: 2 | P49: 1 | Q49: 1 | T49: 1 | X49: 2 | Z49: 1 | AA49: 1 | AB49: 1 | AJ49: =SUM(E49:AI49) -> 13
C50: 5. HABIBURRAHMAN AL KHOLILI | J50: 1 | V50: 1 | X50: 1 | AC50: 1 | AJ50: =SUM(E50:AI50) -> 4
C51: 6. INDIARTI NOVIDA, A.Md. | J51: 1 | AF51: 1 | AJ51: =SUM(E51:AI51) -> 2
C52: 7. RUDI DARMAWAN, S.Pd.I. | R52: 1 | AJ52: =SUM(E52:AI52) -> 1
AJ53: =SUM(E53:AI53) -> 0
AJ54: =SUM(E54:AI54) -> 0
A55: B | B55: JUMLAH SUARA SAH PARTAI POLITIK DAN CALON (A1 + A2) | E55: =SUM(E45:E54) -> 15 | F55: =SUM(F45:F54) -> 17 | G55: =SUM(G45:G54) -> 11 | H55: =SUM(H45:H54) -> 11 | I55: =SUM(I45:I54) -> 16 | J55: =SUM(J45:J54) -> 50 | K55: =SUM(K45:K54) -> 6 | L55: =SUM(L45:L54) -> 8 | ... AJ55: =SUM(AJ45:AJ54) -> 608
A57: A.1 | B57: 2. | C57: Partai Gerakan Indonesia Raya | E57: 1 | F57: 5 | G57: 9 | H57: 5 | I57: 4 | J57: 9 | K57: 9 | L57: 6 | M57: 13 | N57: 3 | O57: 3 | P57: 5 | Q57: 3 | R57: 2 | S57: 4 | T57: 5 | U57: 8 | V57: 1 | W57: 5 | X57: 8 | Z57: 4 | AA57: 5 | AB57: 10 | AC57: 5 | AE57: 5 | AF57: 2 | AG57: 2 | AH57: 2 | AI57: 5 | AJ57: =SUM(E57:AI57) -> 148
A58: A.2 | C58: 1. ABDUL GHOFUR | F58: 1 | G58: 6 | H58: 3 | I58: 4 | J58: 5 | K58: 3 | L58: 1 | N58: 2 | O58: 7 | P58: 4 | Q58: 2 | R58: 1 | S58: 1 | T58: 5 | U58: 3 | V58: 6 | W58: 1 | X58: 3 | Y58: 1 | Z58: 1 | AA58: 7 | AB58: 1 | AD58: 3 | AF58: 1 | AG58: 3 | AH58: 5 | AI58: 6 | AJ58: =SUM(E58:AI58) -> 86
C59: 2. Drs. MOCHAMMAD RIFA'I, M.Pd. | E59: 4 | G59: 1 | H59: 2 | I59: 3 | J59: 2 | K59: 3 | M59: 1 | N59: 1 | O59: 1 | P59: 2 | Q59: 4 | R59: 3 | S59: 6 | T59: 5 | U59: 3 | W59: 4 | X59: 4 | Z59: 3 | AB59: 2 | AC59: 4 | AD59: 4 | AE59: 2 | AF59: 2 | AG59: 4 | AH59: 5 | AI59: 2 | AJ59: =SUM(E59:AI59) -> 77
C60: 3. SITI BADRIYAH | G60: 1 | H60: 1 | K60: 1 | M60: 1 | P60: 1 | T60: 1 | U60: 1 | AA60: 1 | AB60: 2 | AD60: 1 | AE60: 1 | AH60: 1 | AI60: 1 | AJ60: =SUM(E60:AI60) -> 14
C61: 4. FARUQ | G61: 6 | H61: 10 | I61: 16 | K61: 8 | L61: 3 | M61: 16 | N61: 3 | O61: 10 | P61: 11 | Q61: 6 | R61: 3 | S61: 5 | T61: 4 | U61: 3 | V61: 26 | W61: 13 | X61: 3 | AA61: 5 | AC61: 6 | AD61: 4 | AE61: 10 | AF61: 26 | AG61: 5 | AH61: 39 | AI61: 8 | AJ61: =SUM(E61:AI61) -> 249
C62: 5. H. HARIYANTO HARI WIJAYA, S.T. | G62: 6 | H62: 3 | I62: 8 | K62: 7 | L62: 14 | M62: 2 | O62: 3 | P62: 8 | Q62: 7 | R62: 5 | S62: 1 | W62: 1 | X62: 16 | Z62: 2 | AB62: 1 | AC62: 5 | AD62: 2 | AE62: 5 | AG62: 1 | AI62: 6 | AJ62: =SUM(E62:AI62) -> 103
C63: 6. SRI ASTUTIK | W63: 1 | X63: 1 | AJ63: =SUM(E63:AI63) -> 2
C64: 7. MUSTOLIH | E64: 5 | F64: 4 | G64: 1 | H64: 1 | J64: 2 | L64: 2 | M64: 2 | N64: 5 | O64: 3 | P64: 4 | Q64: 16 | R64: 1 | S64: 1 | T64: 3 | U64: 5 | V64: 5 | X64: 2 | AA64: 2 | AB64: 1 | AC64: 2 | AD64: 4 | AE64: 4 | AF64: 4 | AI64: 3 | AJ64: =SUM(E64:AI64) -> 82
AJ65: =SUM(E65:AI65) -> 0
AJ66: =SUM(E66:AI66) -> 0
A67: B | B67: JUMLAH SUARA SAH PARTAI POLITIK DAN CALON (A1 + A2) | E67: =SUM(E57:E66) -> 10 | F67: =SUM(F57:F66) -> 10 | G67: =SUM(G57:G66) -> 30 | H67: =SUM(H57:H66) -> 25 | I67: =SUM(I57:I66) -> 35 | J67: =SUM(J57:J66) -> 18 | K67: =SUM(K57:K66) -> 31 | L67: =SUM(L57:L66) -> 26 | ... AJ67: =SUM(AJ57:AJ66) -> 761
A69: A.1 | B69: 3. | C69: Partai Demokrasi Indonesia Perjuangan | E69: 1 | F69: 5 | G69: 5 | H69: 5 | I69: 1 | J69: 4 | K69: 2 | L69: 1 | M69: 2 | N69: 3 | O69: 1 | P69: 2 | Q69: 5 | S69: 3 | T69: 3 | U69: 4 | V69: 3 | X69: 1 | Z69: 6 | AA69: 2 | AB69: 8 | AC69: 4 | AD69: 3 | AE69: 1 | AF69: 2 | AG69: 2 | AH69: 4 | AI69: 4 | AJ69: =SUM(E69:AI69) -> 87
A70: A.2 | C70: 1. FICKY SEPTALINDA, S.E. | F70: 1 | G70: 1 | H70: 4 | I70: 6 | K70: 17 | L70: 4 | M70: 2 | N70: 4 | O70: 9 | P70: 4 | Q70: 15 | T70: 3 | U70: 2 | V70: 1 | W70: 2 | X70: 1 | Z70: 9 | AA70: 15 | AB70: 12 | AE70: 1 | AG70: 3 | AH70: 1 | AI70: 1 | AJ70: =SUM(E70:AI70) -> 118
C71: 2. TATANG SUROYO | R71: 1 | W71: 9 | Z71: 1 | AA71: 1 | AG71: 1 | AJ71: =SUM(E71:AI71) -> 13
C72: 3. SITI JAMI`AH | H72: 1 | I72: 1 | O72: 1 | Q72: 2 | S72: 1 | X72: 3 | Z72: 1 | AB72: 1 | AH72: 1 | AI72: 1 | AJ72: =SUM(E72:AI72) -> 13
C73: 4. ADNAN | E73: 2 | F73: 6 | G73: 2 | H73: 15 | I73: 2 | J73: 3 | K73: 5 | L73: 6 | M73: 3 | N73: 4 | O73: 3 | P73: 3 | Q73: 1 | R73: 1 | S73: 2 | T73: 2 | U73: 6 | V73: 4 | W73: 10 | X73: 5 | Y73: 1 | Z73: 3 | AA73: 3 | AB73: 4 | AC73: 13 | AD73: 2 | AE73: 1 | AF73: 11 | AG73: 1 | AH73: 10 | AI73: 5 | AJ73: =SUM(E73:AI73) -> 139
C74: 5. RINA WIJAYANTI | J74: 1 | O74: 2 | U74: 1 | AA74: 1 | AC74: 1 | AG74: 1 | AJ74: =SUM(E74:AI74) -> 7
C75: 6. RIAS DEMILYA | AJ75: =SUM(E75:AI75) -> 0
C76: 7. EKO PRIYONO, S.E. | O76: 1 | AB76: 1 | AJ76: =SUM(E76:AI76) -> 2
AJ77: =SUM(E77:AI77) -> 0
AJ78: =SUM(E78:AI78) -> 0
A79: B | B79: JUMLAH SUARA SAH PARTAI POLITIK DAN CALON (A1 + A2) | E79: =SUM(E69:E78) -> 3 | F79: =SUM(F69:F78) -> 12 | G79: =SUM(G69:G78) -> 8 | H79: =SUM(H69:H78) -> 25 | I79: =SUM(I69:I78) -> 10 | J79: =SUM(J69:J78) -> 8 | K79: =SUM(K69:K78) -> 24 | L79: =SUM(L69:L78) -> 11 | ... AJ79: =SUM(AJ69:AJ78) -> 379
A81: A.1 | B81: 4. | C81: Partai Golongan Karya | E81: 6 | F81: 4 | G81: 1 | H81: 1 | I81: 1 | J81: 9 | K81: 3 | L81: 3 | M81: 1 | N81: 3 | O81: 2 | P81: 5 | Q81: 2 | R81: 1 | S81: 6 | T81: 1 | U81: 5 | W81: 1 | X81: 3 | Y81: 3 | Z81: 5 | AA81: 5 | AB81: 2 | AC81: 2 | AD81: 1 | AE81: 1 | AF81: 2 | AG81: 3 | AH81: 4 | AI81: 7 | AJ81: =SUM(E81:AI81) -> 93
A82: A.2 | C82: 1. RULIYONO, S.H. | E82: 28 | F82: 13 | G82: 13 | H82: 15 | I82: 11 | J82: 25 | K82: 24 | L82: 12 | M82: 23 | N82: 13 | O82: 14 | P82: 21 | Q82: 2 | R82: 1 | S82: 18 | T82: 8 | U82: 9 | V82: 5 | W82: 15 | X82: 12 | Y82: 130 | Z82: 16 | AA82: 16 | AB82: 9 | AC82: 11 | AD82: 23 | AE82: 12 | AF82: 18 | AG82: 10 | AH82: 19 | AI82: 34 | AJ82: =SUM(E82:AI82) -> 580
C83: 2. FAHIRA HUMAIROH | E83: 1 | F83: 2 | H83: 1 | J83: 2 | N83: 1 | O83: 1 | S83: 2 | X83: 1 | AG83: 1 | AH83: 1 | AJ83: =SUM(E83:AI83) -> 13
C84: 3. T. AFNANY AKBAR, S.E. | G84: 2 | H84: 1 | I84: 2 | J84: 9 | K84: 4 | L84: 3 | M84: 1 | N84: 2 | O84: 3 | P84: 3 | Q84: 3 | R84: 3 | S84: 2 | T84: 1 | U84: 1 | V84: 6 | W84: 8 | X84: 5 | Z84: 1 | AA84: 2 | AB84: 4 | AC84: 1 | AD84: 3 | AE84: 1 | AF84: 8 | AG84: 2 | AH84: 8 | AI84: 3 | AJ84: =SUM(E84:AI84) -> 92
C85: 4. MUHAMAD SUBUR | E85: 1 | H85: 1 | M85: 1 | N85: 1 | P85: 1 | R85: 1 | T85: 2 | AF85: 1 | AG85: 2 | AJ85: =SUM(E85:AI85) -> 11
C86: 5. NYOTO PRAYITNO, S.E. | R86: 1 | AJ86: =SUM(E86:AI86) -> 1
C87: 6. UMI LIANA EKAYANTI | X87: 1 | AC87: 1 | AJ87: =SUM(E87:AI87) -> 2
C88: 7. TARMUJI | F88: 1 | H88: 4 | I88: 1 | L88: 6 | M88: 14 | N88: 2 | O88: 2 | P88: 4 | Q88: 6 | S88: 2 | T88: 4 | U88: 1 | V88: 1 | W88: 1 | Z88: 1 | AA88: 3 | AD88: 1 | AH88: 1 | AJ88: =SUM(E88:AI88) -> 55
AJ89: =SUM(E89:AI89) -> 0
AJ90: =SUM(E90:AI90) -> 0
A91: B | B91: JUMLAH SUARA SAH PARTAI POLITIK DAN CALON (A1 + A2) | E91: =SUM(E81:E90) -> 36 | F91: =SUM(F81:F90) -> 20 | G91: =SUM(G81:G90) -> 16 | H91: =SUM(H81:H90) -> 23 | I91: =SUM(I81:I90) -> 15 | J91: =SUM(J81:J90) -> 45 | K91: =SUM(K81:K90) -> 31 | L91: =SUM(L81:L90) -> 24 | ... AJ91: =SUM(AJ81:AJ90) -> 847
A93: A.1 | B93: 5. | C93: Partai NasDem | E93: 4 | F93: 1 | H93: 3 | J93: 2 | K93: 4 | L93: 2 | N93: 3 | O93: 4 | P93: 2 | R93: 1 | S93: 1 | T93: 1 | U93: 1 | V93: 2 | W93: 3 | Y93: 1 | AA93: 1 | AC93: 2 | AD93: 2 | AG93: 2 | AJ93: =SUM(E93:AI93) -> 42
A94: A.2 | C94: 1. SUNGKOWO SARWO EDY, S.H. | G94: 1 | H94: 1 | I94: 2 | K94: 2 | L94: 1 | M94: 2 | N94: 2 | O94: 1 | Q94: 6 | R94: 1 | S94: 2 | T94: 1 | U94: 2 | Y94: 2 | Z94: 2 | AD94: 2 | AE94: 1 | AJ94: =SUM(E94:AI94) -> 31
C95: 2. GUNAWAN SATRIA PRATAMA | AJ95: =SUM(E95:AI95) -> 0
C96: 3. Hj. ULFA LAILA, S.E. | E96: 1 | F96: 1 | G96: 1 | I96: 1 | L96: 1 | M96: 1 | O96: 1 | V96: 1 | AD96: 1 | AG96: 1 | AH96: 1 | AJ96: =SUM(E96:AI96) -> 11
C97: 4. H. KURDI ISMAIL, S.H. | E97: 20 | F97: 13 | G97: 32 | H97: 9 | I97: 16 | J97: 33 | K97: 16 | L97: 23 | M97: 24 | N97: 43 | O97: 21 | P97: 14 | Q97: 40 | R97: 58 | S97: 24 | T97: 37 | U97: 4 | V97: 82 | W97: 26 | X97: 13 | Y97: 3 | Z97: 5 | AA97: 5 | AB97: 3 | AC97: 31 | AD97: 36 | AE97: 35 | AF97: 32 | AG97: 51 | AH97: 17 | AI97: 12 | AJ97: =SUM(E97:AI97) -> 778
C98: 5. FEBRY PRIMA SANJAYA | R98: 1 | T98: 1 | AD98: 1 | AE98: 1 | AF98: 1 | AG98: 1 | AI98: 1 | AJ98: =SUM(E98:AI98) -> 7
C99: 6. TRI SETYANINGSIH | I99: 1 | P99: 2 | X99: 2 | AJ99: =SUM(E99:AI99) -> 5
C100: 7. ABDUL MUKSIN, S.Sos | E100: 10 | F100: 9 | G100: 13 | H100: 9 | I100: 9 | J100: 9 | K100: 16 | L100: 7 | M100: 4 | N100: 28 | O100: 3 | P100: 15 | Q100: 9 | R100: 41 | S100: 5 | T100: 10 | U100: 6 | V100: 6 | W100: 17 | X100: 13 | Y100: 3 | Z100: 4 | AA100: 8 | AB100: 1 | AC100: 1 | AD100: 4 | AE100: 4 | AF100: 16 | AG100: 22 | AH100: 3 | AI100: 10 | AJ100: =SUM(E100:AI100) -> 315
AJ101: =SUM(E101:AI101) -> 0
AJ102: =SUM(E102:AI102) -> 0
A103: B | B103: JUMLAH SUARA SAH PARTAI POLITIK DAN CALON (A1 + A2) | E103: =SUM(E93:E102) -> 35 | F103: =SUM(F93:F102) -> 24 | G103: =SUM(G93:G102) -> 47 | H103: =SUM(H93:H102) -> 22 | I103: =SUM(I93:I102) -> 29 | J103: =SUM(J93:J102) -> 44 | K103: =SUM(K93:K102) -> 38 | L103: =SUM(L93:L102) -> 34 | ... AJ103: =SUM(AJ93:AJ102) -> 1189
A105: A.1 | B105: 6. | C105: Partai Buruh | E105: 2 | H105: 1 | M105: 1 | P105: 1 | Q105: 1 | T105: 1 | U105: 1 | AH105: 1 | AJ105: =SUM(E105:AI105) -> 9
A106: A.2 | C106: 1. KHOIRUL ANWARI ARIF | I106: 1 | T106: 1 | W106: 1 | AC106: 1 | AJ106: =SUM(E106:AI106) -> 4
AJ107: =SUM(E107:AI107) -> 0
AJ108: =SUM(E108:AI108) -> 0
AJ109: =SUM(E109:AI109) -> 0
AJ110: =SUM(E110:AI110) -> 0
AJ111: =SUM(E111:AI111) -> 0
AJ112: =SUM(E112:AI112) -> 0
AJ113: =SUM(E113:AI113) -> 0
AJ114: =SUM(E114:AI114) -> 0
A115: B | B115: JUMLAH SUARA SAH PARTAI POLITIK DAN CALON (A1 + A2) | E115: =SUM(E105:E114) -> 2 | F115: =SUM(F105:F114) -> 0 | G115: =SUM(G105:G114) -> 0 | H115: =SUM(H105:H114) -> 1 | I115: =SUM(I105:I114) -> 1 | J115: =SUM(J105:J114) -> 0 | K115: =SUM(K105:K114) -> 0 | L115: =SUM(L105:L114) -> 0 | ... AJ115: =SUM(AJ105:AJ114) -> 13
A117: A.1 | B117: 7. | C117: Partai Gelombang Rakyat Indonesia | E117: 1 | F117: 1 | H117: 3 | K117: 3 | N117: 2 | O117: 2 | R117: 1 | T117: 1 | U117: 2 | V117: 1 | W117: 2 | X117: 2 | AA117: 1 | AJ117: =SUM(E117:AI117) -> 22
...

Sheet SUMBERGONDO
C2: Kecamatan | D2: GLENMORE
C3: Kabupaten | D3: BANYUWANGI
C4: Provinsi | D4: JAWA TIMUR
C9: Kelurahan | D9: SUMBERGONDO
A12: I | B12: DATA PEMILIH DAN PENGGUNAAN HAK PILIH | AB12: JUMLAH AKHIR
A13: A | B13: DATA PEMILIH | E13: TPS 001 | F13: TPS 002 | G13: TPS 003 | H13: TPS 004 | I13: TPS 005 | J13: TPS 006 | K13: TPS 007 | L13: TPS 008 | M13: TPS 009 | N13: TPS 010 | O13: TPS 011 | P13: TPS 012 | Q13: TPS 013 | R13: TPS 014 | S13: TPS 015 | T13: TPS 016 | U13: TPS 017 | V13: TPS 018 | W13: TPS 019 | X13: TPS 020 | Y13: TPS 021 | Z13: TPS 022 | AA13: TPS 023
B14: Jumlah Pemilih dalam Daftar Pemilih Tetap (DPT) | D14: LK | E14: 126 | F14: 129 | G14: 134 | H14: 125 | I14: 79 | J14: 90 | K14: 102 | L14: 83 | M14: 154 | N14: 128 | O14: 152 | P14: 134 | Q14: 146 | R14: 144 | S14: 137 | T14: 130 | U14: 143 | V14: 131 | W14: 124 | X14: 143 | Y14: 134 | Z14: 117 | AA14: 86 | AB14: =SUM(E14:AA14) -> 2871
D15: PR | E15: 123 | F15: 119 | G15: 158 | H15: 130 | I15: 81 | J15: 80 | K15: 96 | L15: 86 | M15: 146 | N15: 122 | O15: 141 | P15: 144 | Q15: 133 | R15: 148 | S15: 137 | T15: 143 | U15: 155 | V15: 130 | W15: 144 | X15: 146 | Y15: 124 | Z15: 113 | AA15: 80 | AB15: =SUM(E15:AA15) -> 2879
D16: JML | E16: =SUM(E14:E15) -> 249 | F16: =SUM(F14:F15) -> 248 | G16: =SUM(G14:G15) -> 292 | H16: =SUM(H14:H15) -> 255 | I16: =SUM(I14:I15) -> 160 | J16: =SUM(J14:J15) -> 170 | K16: =SUM(K14:K15) -> 198 | L16: =SUM(L14:L15) -> 169 | ... AA16: =SUM(AA14:AA15) -> 166 | AB16: =SUM(E16:AA16) -> 5750
A18: B | B18: PENGGUNA HAK PILIH
B19: 1. | C19: Jumlah pengguna hak pilih dalam Daftar Pemilih Tetap (DPT) | D19: LK | E19: 81 | F19: 83 | G19: 103 | H19: 97 | I19: 59 | J19: 71 | K19: 74 | L19: 61 | M19: 112 | N19: 98 | O19: 109 | P19: 105 | Q19: 95 | R19: 105 | S19: 88 | T19: 96 | U19: 116 | V19: 90 | W19: 93 | X19: 93 | Y19: 103 | Z19: 63 | AA19: 59 | AB19: =SUM(E19:AA19) -> 2054
D20: PR | E20: 91 | F20: 105 | G20: 131 | H20: 98 | I20: 62 | J20: 63 | K20: 67 | L20: 64 | M20: 117 | N20: 89 | O20: 119 | P20: 109 | Q20: 106 | R20: 117 | S20: 99 | T20: 114 | U20: 124 | V20: 100 | W20: 108 | X20: 126 | Y20: 91 | Z20: 79 | AA20: 61 | AB20: =SUM(E20:AA20) -> 2240
D21: JML | E21: =SUM(E19:E20) -> 172 | F21: =SUM(F19:F20) -> 188 | G21: =SUM(G19:G20) -> 234 | H21: =SUM(H19:H20) -> 195 | I21: =SUM(I19:I20) -> 121 | J21: =SUM(J19:J20) -> 134 | K21: =SUM(K19:K20) -> 141 | L21: =SUM(L19:L20) -> 125 | ... AA21: =SUM(AA19:AA20) -> 120 | AB21: =SUM(E21:AA21) -> 4294
B22: 2. | C22: Jumlah pengguna hak pilih dalam Daftar Pemilih Tambahan (DPTb) | D22: LK | F22: 1 | I22: 2 | AB22: =SUM(E22:AA22) -> 3
D23: PR | I23: 1 | P23: 1 | Q23: 1 | AB23: =SUM(E23:AA23) -> 3
D24: JML | E24: =SUM(E22:E23) -> 0 | F24: =SUM(F22:F23) -> 1 | G24: =SUM(G22:G23) -> 0 | H24: =SUM(H22:H23) -> 0 | I24: =SUM(I22:I23) -> 3 | J24: =SUM(J22:J23) -> 0 | K24: =SUM(K22:K23) -> 0 | L24: =SUM(L22:L23) -> 0 | ... AA24: =SUM(AA22:AA23) -> 0 | AB24: =SUM(E24:AA24) -> 6
B25: 3. | C25: Jumlah pengguna hak pilih dalam Daftar Pemilih Khusus (DPK) | D25: LK | H25: 1 | J25: 1 | P25: 2 | Q25: 2 | V25: 1 | X25: 4 | Y25: 1 | AB25: =SUM(E25:AA25) -> 12
D26: PR | E26: 3 | F26: 1 | G26: 1 | H26: 1 | J26: 3 | K26: 3 | L26: 1 | N26: 1 | P26: 2 | T26: 1 | U26: 1 | V26: 2 | W26: 1 | X26: 3 | Y26: 4 | AA26: 1 | AB26: =SUM(E26:AA26) -> 29
D27: JML | E27: =SUM(E25:E26) -> 3 | F27: =SUM(F25:F26) -> 1 | G27: =SUM(G25:G26) -> 1 | H27: =SUM(H25:H26) -> 2 | I27: =SUM(I25:I26) -> 0 | J27: =SUM(J25:J26) -> 4 | K27: =SUM(K25:K26) -> 3 | L27: =SUM(L25:L26) -> 1 | ... AA27: =SUM(AA25:AA26) -> 1 | AB27: =SUM(E27:AA27) -> 41
B28: 4. | C28: Jumlah Pengguna Hak Pilih (B.1+B.2+B.3) | D28: LK | E28: =SUM(E19,E22,E25) -> 81 | F28: =SUM(F19,F22,F25) -> 84 | G28: =SUM(G19,G22,G25) -> 103 | H28: =SUM(H19,H22,H25) -> 98 | I28: =SUM(I19,I22,I25) -> 61 | J28: =SUM(J19,J22,J25) -> 72 | K28: =SUM(K19,K22,K25) -> 74 | L28: =SUM(L19,L22,L25) -> 61 | ... AA28: =SUM(AA19,AA22,AA25) -> 59 | AB28: =SUM(E28:AA28) -> 2069
D29: PR | E29: =SUM(E20,E23,E26) -> 94 | F29: =SUM(F20,F23,F26) -> 106 | G29: =SUM(G20,G23,G26) -> 132 | H29: =SUM(H20,H23,H26) -> 99 | I29: =SUM(I20,I23,I26) -> 63 | J29: =SUM(J20,J23,J26) -> 66 | K29: =SUM(K20,K23,K26) -> 70 | L29: =SUM(L20,L23,L26) -> 65 | ... AA29: =SUM(AA20,AA23,AA26) -> 62 | AB29: =SUM(E29:AA29) -> 2272
D30: JML | E30: =SUM(E28:E29) -> 175 | F30: =SUM(F28:F29) -> 190 | G30: =SUM(G28:G29) -> 235 | H30: =SUM(H28:H29) -> 197 | I30: =SUM(I28:I29) -> 124 | J30: =SUM(J28:J29) -> 138 | K30: =SUM(K28:K29) -> 144 | L30: =SUM(L28:L29) -> 126 | ... AA30: =SUM(AA28:AA29) -> 121 | AB30: =SUM(E30:AA30) -> 4341
A32: II | B32: DATA PENGGUNAAN SURAT SUARA
A33: 1 | B33: Jumlah surat suara yang diterima, termasuk surat suara cadangan 2,5% dari DPT | E33: 254 | F33: 253 | G33: 298 | H33: 261 | I33: 164 | J33: 174 | K33: 202 | L33: 173 | M33: 306 | N33: 254 | O33: 299 | P33: 284 | Q33: 285 | R33: 298 | S33: 280 | T33: 279 | U33: 304 | V33: 267 | W33: 274 | X33: 295 | Y33: 268 | Z33: 235 | AA33: 170 | AB33: =SUM(E33:AA33) -> 5877
A34: 2 | B34: Jumlah surat suara yang digunakan | E34: 175 | F34: 190 | G34: 235 | H34: 197 | I34: 124 | J34: 138 | K34: 144 | L34: 126 | M34: 229 | N34: 188 | O34: 228 | P34: 219 | Q34: 204 | R34: 222 | S34: 187 | T34: 211 | U34: 241 | V34: 193 | W34: 202 | X34: 226 | Y34: 199 | Z34: 142 | AA34: 121 | AB34: =SUM(E34:AA34) -> 4341
A35: 3 | B35: Jumlah surat suara dikembalikan oleh pemilih (karena rusak atau keliru coblos) | N35: 1 | U35: 1 | V35: 1 | W35: 1 | AB35: =SUM(E35:AA35) -> 4
A36: 4 | B36: Jumlah surat suara yang tidak digunakan/tidak terpakai, termasuk sisa surat suara cadangan | E36: =E33-(E34+E35) -> 79 | F36: =F33-(F34+F35) -> 63 | G36: =G33-(G34+G35) -> 63 | H36: =H33-(H34+H35) -> 64 | I36: =I33-(I34+I35) -> 40 | J36: =J33-(J34+J35) -> 36 | K36: =K33-(K34+K35) -> 58 | L36: =L33-(L34+L35) -> 47 | ... AA36: =AA33-(AA34+AA35) -> 49 | AB36: =SUM(E36:AA36) -> 1532
A38: III | B38: DATA PEMILIH DISABILITAS
B39: Jumlah seluruh Pemilih disabilitas yang menggunakan hak pilih | D39: LK | J39: 1 | V39: 1 | AB39: =SUM(E39:AA39) -> 2
D40: PR | AB40: =SUM(E40:AA40) -> 0
D41: JML | E41: =SUM(E39:E40) -> 0 | F41: =SUM(F39:F40) -> 0 | G41: =SUM(G39:G40) -> 0 | H41: =SUM(H39:H40) -> 0 | I41: =SUM(I39:I40) -> 0 | J41: =SUM(J39:J40) -> 1 | K41: =SUM(K39:K40) -> 0 | L41: =SUM(L39:L40) -> 0 | ... AA41: =SUM(AA39:AA40) -> 0 | AB41: =SUM(E41:AA41) -> 2
A43: IV | B43: DATA RINCIAN PEROLEHAN SUARA PASANGAN CALON BUPATI DAN WAKIL BUPATI
A44: NOMOR DAN NAMA CALON
A45: A.1 | B45: 1. | C45: Partai Kebangkitan Bangsa | E45: 3 | F45: 10 | G45: 4 | H45: 5 | I45: 2 | J45: 3 | K45: 4 | L45: 6 | M45: 1 | N45: 2 | O45: 8 | P45: 5 | Q45: 6 | S45: 11 | T45: 6 | U45: 5 | V45: 6 | W45: 3 | X45: 3 | Y45: 3 | Z45: 4 | AA45: 1 | AB45: =SUM(E45:AA45) -> 101
A46: A.2 | C46: 1. H. KHUSNAN, S.Ag., M.Pd.I. | E46: 1 | F46: 4 | G46: 3 | H46: 4 | I46: 2 | K46: 2 | L46: 2 | P46: 2 | Q46: 3 | R46: 1 | S46: 3 | T46: 5 | U46: 4 | V46: 2 | W46: 1 | X46: 4 | Y46: 2 | Z46: 1 | AA46: 1 | AB46: =SUM(E46:AA46) -> 47
C47: 2. MARA QONITHA LAYLIA | E47: 17 | F47: 64 | G47: 104 | H47: 65 | I47: 11 | J47: 9 | K47: 72 | L47: 27 | M47: 13 | N47: 2 | O47: 14 | P47: 15 | Q47: 6 | R47: 3 | S47: 16 | T47: 59 | U47: 55 | V47: 21 | W47: 29 | X47: 56 | Y47: 23 | Z47: 6 | AA47: 5 | AB47: =SUM(E47:AA47) -> 692
C48: 3. ZAKI AL MUBAROK, M.Si. | E48: 5 | F48: 3 | G48: 5 | H48: 4 | I48: 1 | K48: 1 | M48: 6 | N48: 3 | O48: 20 | P48: 29 | Q48: 20 | R48: 8 | S48: 40 | T48: 4 | U48: 4 | V48: 3 | W48: 2 | X48: 15 | Y48: 1 | Z48: 5 | AA48: 4 | AB48: =SUM(E48:AA48) -> 183
C49: 4. INAYATUL MAHMUDAH, S.Pd. | E49: 1 | F49: 2 | K49: 1 | L49: 1 | P49: 1 | T49: 2 | Z49: 1 | AB49: =SUM(E49:AA49) -> 9
C50: 5. HABIBURRAHMAN AL KHOLILI | T50: 1 | AB50: =SUM(E50:AA50) -> 1
C51: 6. INDIARTI NOVIDA, A.Md. | AB51: =SUM(E51:AA51) -> 0
C52: 7. RUDI DARMAWAN, S.Pd.I. | X52: 1 | AB52: =SUM(E52:AA52) -> 1
AB53: =SUM(E53:AA53) -> 0
AB54: =SUM(E54:AA54) -> 0
A55: B | B55: JUMLAH SUARA SAH PARTAI POLITIK DAN CALON (A1 + A2) | E55: =SUM(E45:E54) -> 27 | F55: =SUM(F45:F54) -> 83 | G55: =SUM(G45:G54) -> 116 | H55: =SUM(H45:H54) -> 78 | I55: =SUM(I45:I54) -> 16 | J55: =SUM(J45:J54) -> 12 | K55: =SUM(K45:K54) -> 80 | L55: =SUM(L45:L54) -> 36 | ... AB55: =SUM(AB45:AB54) -> 1034
A57: A.1 | B57: 2. | C57: Partai Gerakan Indonesia Raya | E57: 4 | F57: 3 | G57: 8 | H57: 12 | I57: 4 | J57: 1 | K57: 3 | L57: 3 | M57: 4 | N57: 2 | O57: 6 | P57: 4 | Q57: 5 | R57: 3 | S57: 3 | T57: 7 | U57: 10 | V57: 9 | W57: 4 | X57: 4 | Y57: 1 | Z57: 3 | AA57: 4 | AB57: =SUM(E57:AA57) -> 107
A58: A.2 | C58: 1. ABDUL GHOFUR | F58: 1 | G58: 3 | I58: 1 | J58: 1 | K58: 1 | L58: 2 | P58: 1 | Q58: 4 | R58: 2 | S58: 2 | T58: 1 | U58: 1 | V58: 2 | X58: 2 | Z58: 2 | AA58: 1 | AB58: =SUM(E58:AA58) -> 27
C59: 2. Drs. MOCHAMMAD RIFA'I, M.Pd. | E59: 1 | F59: 2 | G59: 7 | H59: 1 | I59: 1 | J59: 2 | L59: 1 | M59: 2 | O59: 3 | P59: 1 | Q59: 1 | R59: 2 | S59: 1 | T59: 3 | U59: 5 | V59: 3 | X59: 3 | Y59: 1 | Z59: 6 | AA59: 3 | AB59: =SUM(E59:AA59) -> 49
C60: 3. SITI BADRIYAH | F60: 2 | G60: 1 | H60: 2 | P60: 1 | T60: 1 | U60: 2 | Y60: 1 | AB60: =SUM(E60:AA60) -> 10
C61: 4. FARUQ | E61: 1 | J61: 1 | K61: 1 | L61: 1 | Q61: 1 | R61: 2 | X61: 1 | AB61: =SUM(E61:AA61) -> 8
C62: 5. H. HARIYANTO HARI WIJAYA, S.T. | E62: 1 | I62: 1 | L62: 1 | O62: 1 | Q62: 1 | R62: 2 | S62: 2 | T62: 1 | X62: 2 | Y62: 3 | Z62: 1 | AB62: =SUM(E62:AA62) -> 16
C63: 6. SRI ASTUTIK | K63: 1 | AB63: =SUM(E63:AA63) -> 1
C64: 7. MUSTOLIH | S64: 8 | T64: 2 | U64: 1 | V64: 4 | W64: 2 | X64: 25 | AB64: =SUM(E64:AA64) -> 42
AB65: =SUM(E65:AA65) -> 0
AB66: =SUM(E66:AA66) -> 0
A67: B | B67: JUMLAH SUARA SAH PARTAI POLITIK DAN CALON (A1 + A2) | E67: =SUM(E57:E66) -> 7 | F67: =SUM(F57:F66) -> 8 | G67: =SUM(G57:G66) -> 19 | H67: =SUM(H57:H66) -> 15 | I67: =SUM(I57:I66) -> 7 | J67: =SUM(J57:J66) -> 5 | K67: =SUM(K57:K66) -> 6 | L67: =SUM(L57:L66) -> 8 | ... AB67: =SUM(AB57:AB66) -> 260
A69: A.1 | B69: 3. | C69: Partai Demokrasi Indonesia Perjuangan | E69: 13 | F69: 15 | G69: 2 | H69: 3 | I69: 8 | J69: 6 | K69: 1 | L69: 7 | M69: 12 | N69: 9 | O69: 6 | P69: 10 | Q69: 2 | R69: 3 | S69: 12 | T69: 14 | U69: 11 | V69: 7 | W69: 7 | X69: 7 | Y69: 12 | Z69: 7 | AA69: 8 | AB69: =SUM(E69:AA69) -> 182
A70: A.2 | C70: 1. FICKY SEPTALINDA, S.E. | E70: 99 | F70: 58 | G70: 69 | H70: 75 | I70: 67 | J70: 86 | K70: 4 | L70: 28 | M70: 153 | N70: 76 | O70: 38 | P70: 56 | Q70: 29 | R70: 26 | S70: 41 | T70: 47 | U70: 58 | V70: 48 | W70: 88 | X70: 41 | Y70: 62 | Z70: 16 | AA70: 26 | AB70: =SUM(E70:AA70) -> 1291
C71: 2. TATANG SUROYO | E71: 1 | J71: 1 | M71: 1 | N71: 1 | O71: 2 | P71: 1 | Q71: 1 | R71: 1 | S71: 1 | T71: 1 | X71: 1 | AB71: =SUM(E71:AA71) -> 12
C72: 3. SITI JAMI`AH | E72: 1 | G72: 1 | J72: 1 | N72: 1 | P72: 1 | Q72: 1 | S72: 1 | T72: 1 | V72: 1 | W72: 1 | Y72: 1 | Z72: 1 | AB72: =SUM(E72:AA72) -> 12
C73: 4. ADNAN | X73: 1 | AB73: =SUM(E73:AA73) -> 1
C74: 5. RINA WIJAYANTI | L74: 1 | AB74: =SUM(E74:AA74) -> 1
C75: 6. RIAS DEMILYA | L75: 1 | AB75: =SUM(E75:AA75) -> 1
C76: 7. EKO PRIYONO, S.E. | M76: 2 | AB76: =SUM(E76:AA76) -> 2
AB77: =SUM(E77:AA77) -> 0
AB78: =SUM(E78:AA78) -> 0
A79: B | B79: JUMLAH SUARA SAH PARTAI POLITIK DAN CALON (A1 + A2) | E79: =SUM(E69:E78) -> 114 | F79: =SUM(F69:F78) -> 73 | G79: =SUM(G69:G78) -> 72 | H79: =SUM(H69:H78) -> 78 | I79: =SUM(I69:I78) -> 75 | J79: =SUM(J69:J78) -> 94 | K79: =SUM(K69:K78) -> 5 | L79: =SUM(L69:L78) -> 37 | ... AB79: =SUM(AB69:AB78) -> 1502
A81: A.1 | B81: 4. | C81: Partai Golongan Karya | E81: 2 | I81: 4 | K81: 1 | L81: 4 | M81: 2 | N81: 10 | O81: 12 | P81: 4 | Q81: 9 | R81: 19 | S81: 3 | T81: 4 | U81: 1 | V81: 3 | W81: 1 | Y81: 3 | Z81: 21 | AA81: 2 | AB81: =SUM(E81:AA81) -> 105
A82: A.2 | C82: 1. RULIYONO, S.H. | E82: 3 | F82: 3 | G82: 4 | H82: 4 | J82: 1 | K82: 8 | L82: 20 | M82: 12 | N82: 61 | O82: 39 | P82: 21 | Q82: 68 | R82: 59 | S82: 9 | T82: 17 | U82: 24 | V82: 14 | W82: 4 | X82: 19 | Y82: 10 | Z82: 19 | AA82: 35 | AB82: =SUM(E82:AA82) -> 454
C83: 2. FAHIRA HUMAIROH | J83: 1 | N83: 1 | S83: 1 | W83: 1 | X83: 1 | Y83: 1 | AB83: =SUM(E83:AA83) -> 6
C84: 3. T. AFNANY AKBAR, S.E. | T84: 1 | V84: 1 | W84: 1 | AB84: =SUM(E84:AA84) -> 3
C85: 4. MUHAMAD SUBUR | H85: 1 | K85: 2 | Q85: 2 | S85: 2 | T85: 2 | Z85: 1 | AB85: =SUM(E85:AA85) -> 10
C86: 5. NYOTO PRAYITNO, S.E. | O86: 1 | Q86: 1 | AA86: 1 | AB86: =SUM(E86:AA86) -> 3
C87: 6. UMI LIANA EKAYANTI | H87: 1 | K87: 1 | AB87: =SUM(E87:AA87) -> 2
C88: 7. TARMUJI | O88: 1 | AB88: =SUM(E88:AA88) -> 1
AB89: =SUM(E89:AA89) -> 0
AB90: =SUM(E90:AA90) -> 0
A91: B | B91: JUMLAH SUARA SAH PARTAI POLITIK DAN CALON (A1 + A2) | E91: =SUM(E81:E90) -> 5 | F91: =SUM(F81:F90) -> 3 | G91: =SUM(G81:G90) -> 4 | H91: =SUM(H81:H90) -> 6 | I91: =SUM(I81:I90) -> 4 | J91: =SUM(J81:J90) -> 2 | K91: =SUM(K81:K90) -> 12 | L91: =SUM(L81:L90) -> 24 | ... AB91: =SUM(AB81:AB90) -> 584
A93: A.1 | B93: 5. | C93: Partai NasDem | G93: 2 | H93: 1 | I93: 2 | K93: 1 | O93: 1 | P93: 3 | Q93: 1 | S93: 1 | T93: 1 | U93: 1 | V93: 1 | Z93: 1 | AB93: =SUM(E93:AA93) -> 16
A94: A.2 | C94: 1. SUNGKOWO SARWO EDY, S.H. | F94: 1 | K94: 1 | L94: 1 | AB94: =SUM(E94:AA94) -> 3
C95: 2. GUNAWAN SATRIA PRATAMA | E95: 4 | F95: 1 | H95: 1 | I95: 1 | K95: 17 | L95: 3 | M95: 1 | O95: 32 | P95: 11 | R95: 2 | S95: 3 | T95: 3 | U95: 4 | W95: 2 | AA95: 1 | AB95: =SUM(E95:AA95) -> 86
C96: 3. Hj. ULFA LAILA, S.E. | G96: 1 | AB96: =SUM(E96:AA96) -> 1
C97: 4. H. KURDI ISMAIL, S.H. | G97: 2 | H97: 2 | T97: 2 | V97: 2 | Y97: 1 | AB97: =SUM(E97:AA97) -> 9
C98: 5. FEBRY PRIMA SANJAYA | H98: 1 | U98: 2 | Y98: 3 | AB98: =SUM(E98:AA98) -> 6
C99: 6. TRI SETYANINGSIH | E99: 1 | AB99: =SUM(E99:AA99) -> 1
C100: 7. ABDUL MUKSIN, S.Sos | F100: 1 | R100: 2 | AB100: =SUM(E100:AA100) -> 3
AB101: =SUM(E101:AA101) -> 0
AB102: =SUM(E102:AA102) -> 0
A103: B | B103: JUMLAH SUARA SAH PARTAI POLITIK DAN CALON (A1 + A2) | E103: =SUM(E93:E102) -> 5 | F103: =SUM(F93:F102) -> 3 | G103: =SUM(G93:G102) -> 5 | H103: =SUM(H93:H102) -> 5 | I103: =SUM(I93:I102) -> 3 | J103: =SUM(J93:J102) -> 0 | K103: =SUM(K93:K102) -> 19 | L103: =SUM(L93:L102) -> 4 | ... AB103: =SUM(AB93:AB102) -> 125
A105: A.1 | B105: 6. | C105: Partai Buruh | U105: 1 | AA105: 1 | AB105: =SUM(E105:AA105) -> 2
A106: A.2 | C106: 1. KHOIRUL ANWARI ARIF | V106: 1 | AB106: =SUM(E106:AA106) -> 1
AB107: =SUM(E107:AA107) -> 0
AB108: =SUM(E108:AA108) -> 0
AB109: =SUM(E109:AA109) -> 0
AB110: =SUM(E110:AA110) -> 0
AB111: =SUM(E111:AA111) -> 0
AB112: =SUM(E112:AA112) -> 0
AB113: =SUM(E113:AA113) -> 0
AB114: =SUM(E114:AA114) -> 0
A115: B | B115: JUMLAH SUARA SAH PARTAI POLITIK DAN CALON (A1 + A2) | E115: =SUM(E105:E114) -> 0 | F115: =SUM(F105:F114) -> 0 | G115: =SUM(G105:G114) -> 0 | H115: =SUM(H105:H114) -> 0 | I115: =SUM(I105:I114) -> 0 | J115: =SUM(J105:J114) -> 0 | K115: =SUM(K105:K114) -> 0 | L115: =SUM(L105:L114) -> 0 | ... AB115: =SUM(AB105:AB114) -> 3
A117: A.1 | B117: 7. | C117: Partai Gelombang Rakyat Indonesia | E117: 1 | K117: 2 | L117: 1 | O117: 1 | Q117: 1 | V117: 1 | AB117: =SUM(E117:AA117) -> 7
...

Sheet TEGALHARJO
C2: Kecamatan | D2: GLENMORE
C3: Kabupaten | D3: BANYUWANGI
C4: Provinsi | D4: JAWA TIMUR
C9: Kelurahan | D9: TEGALHARJO
A12: I | B12: DATA PEMILIH DAN PENGGUNAAN HAK PILIH | AP12: JUMLAH AKHIR
A13: A | B13: DATA PEMILIH | E13: TPS 001 | F13: TPS 002 | G13: TPS 003 | H13: TPS 004 | I13: TPS 005 | J13: TPS 006 | K13: TPS 007 | L13: TPS 008 | M13: TPS 009 | N13: TPS 010 | O13: TPS 011 | P13: TPS 012 | Q13: TPS 013 | R13: TPS 014 | S13: TPS 015 | T13: TPS 016 | U13: TPS 017 | V13: TPS 018 | W13: TPS 019 | X13: TPS 020 | Y13: TPS 021 | Z13: TPS 022 | AA13: TPS 023 | AB13: TPS 024 | AC13: TPS 025 | AD13: TPS 026 | AE13: TPS 027 | AF13: TPS 028 | AG13: TPS 029 | AH13: TPS 030 | AI13: TPS 031 | AJ13: TPS 032 | AK13: TPS 033 | AL13: TPS 034 | AM13: TPS 035 | AN13: TPS 036 | AO13: TPS 037
B14: Jumlah Pemilih dalam Daftar Pemilih Tetap (DPT) | D14: LK | E14: 146 | F14: 90 | G14: 124 | H14: 88 | I14: 100 | J14: 130 | K14: 149 | L14: 149 | M14: 146 | N14: 129 | O14: 102 | P14: 117 | Q14: 117 | R14: 142 | S14: 147 | T14: 127 | U14: 81 | V14: 139 | W14: 98 | X14: 137 | Y14: 141 | Z14: 134 | AA14: 102 | AB14: 132 | AC14: 88 | AD14: 88 | AE14: 97 | AF14: 105 | AG14: 112 | AH14: 117 | AI14: 107 | AJ14: 104 | AK14: 109 | AL14: 143 | AM14: 126 | AN14: 109 | AO14: 99 | AP14: =SUM(E14:AO14) -> 4371
D15: PR | E15: 148 | F15: 85 | G15: 124 | H15: 94 | I15: 110 | J15: 116 | K15: 144 | L15: 145 | M15: 145 | N15: 116 | O15: 108 | P15: 114 | Q15: 135 | R15: 153 | S15: 143 | T15: 141 | U15: 80 | V15: 145 | W15: 96 | X15: 131 | Y15: 149 | Z15: 142 | AA15: 109 | AB15: 132 | AC15: 107 | AD15: 96 | AE15: 102 | AF15: 103 | AG15: 141 | AH15: 103 | AI15: 105 | AJ15: 116 | AK15: 111 | AL15: 137 | AM15: 122 | AN15: 115 | AO15: 103 | AP15: =SUM(E15:AO15) -> 4466
D16: JML | E16: =SUM(E14:E15) -> 294 | F16: =SUM(F14:F15) -> 175 | G16: =SUM(G14:G15) -> 248 | H16: =SUM(H14:H15) -> 182 | I16: =SUM(I14:I15) -> 210 | J16: =SUM(J14:J15) -> 246 | K16: =SUM(K14:K15) -> 293 | L16: =SUM(L14:L15) -> 294 | ... AO16: =SUM(AO14:AO15) -> 202 | AP16: =SUM(E16:AO16) -> 8837
A18: B | B18: PENGGUNA HAK PILIH
B19: 1. | C19: Jumlah pengguna hak pilih dalam Daftar Pemilih Tetap (DPT) | D19: LK | E19: 99 | F19: 69 | G19: 95 | H19: 53 | I19: 84 | J19: 98 | K19: 111 | L19: 112 | M19: 109 | N19: 90 | O19: 77 | P19: 80 | Q19: 95 | R19: 101 | S19: 107 | T19: 88 | U19: 64 | V19: 114 | W19: 74 | X19: 104 | Y19: 115 | Z19: 85 | AA19: 75 | AB19: 89 | AC19: 73 | AD19: 69 | AE19: 82 | AF19: 83 | AG19: 89 | AH19: 92 | AI19: 74 | AJ19: 86 | AK19: 93 | AL19: 95 | AM19: 104 | AN19: 82 | AO19: 90 | AP19: =SUM(E19:AO19) -> 3300
D20: PR | E20: 122 | F20: 69 | G20: 98 | H20: 73 | I20: 75 | J20: 97 | K20: 121 | L20: 123 | M20: 119 | N20: 94 | O20: 84 | P20: 91 | Q20: 108 | R20: 116 | S20: 106 | T20: 103 | U20: 66 | V20: 122 | W20: 79 | X20: 107 | Y20: 125 | Z20: 106 | AA20: 94 | AB20: 89 | AC20: 87 | AD20: 77 | AE20: 86 | AF20: 93 | AG20: 107 | AH20: 89 | AI20: 87 | AJ20: 98 | AK20: 92 | AL20: 115 | AM20: 99 | AN20: 98 | AO20: 98 | AP20: =SUM(E20:AO20) -> 3613
D21: JML | E21: =SUM(E19:E20) -> 221 | F21: =SUM(F19:F20) -> 138 | G21: =SUM(G19:G20) -> 193 | H21: =SUM(H19:H20) -> 126 | I21: =SUM(I19:I20) -> 159 | J21: =SUM(J19:J20) -> 195 | K21: =SUM(K19:K20) -> 232 | L21: =SUM(L19:L20) -> 235 | ... AO21: =SUM(AO19:AO20) -> 188 | AP21: =SUM(E21:AO21) -> 6913
B22: 2. | C22: Jumlah pengguna hak pilih dalam Daftar Pemilih Tambahan (DPTb) | D22: LK | I22: 1 | V22: 2 | W22: 1 | AG22: 1 | AH22: 1 | AI22: 1 | AJ22: 2 | AK22: 1 | AM22: 1 | AN22: 1 | AO22: 1 | AP22: =SUM(E22:AO22) -> 13
D23: PR | N23: 1 | V23: 2 | W23: 1 | Y23: 1 | AF23: 2 | AJ23: 2 | AP23: =SUM(E23:AO23) -> 9
D24: JML | E24: =SUM(E22:E23) -> 0 | F24: =SUM(F22:F23) -> 0 | G24: =SUM(G22:G23) -> 0 | H24: =SUM(H22:H23) -> 0 | I24: =SUM(I22:I23) -> 1 | J24: =SUM(J22:J23) -> 0 | K24: =SUM(K22:K23) -> 0 | L24: =SUM(L22:L23) -> 0 | ... AO24: =SUM(AO22:AO23) -> 1 | AP24: =SUM(E24:AO24) -> 22
B25: 3. | C25: Jumlah pengguna hak pilih dalam Daftar Pemilih Khusus (DPK) | D25: LK | F25: 1 | H25: 1 | J25: 1 | L25: 1 | R25: 4 | T25: 3 | V25: 1 | W25: 1 | X25: 2 | Z25: 2 | AA25: 4 | AB25: 4 | AE25: 3 | AH25: 5 | AI25: 2 | AK25: 1 | AP25: =SUM(E25:AO25) -> 36
D26: PR | F26: 1 | G26: 2 | H26: 1 | I26: 3 | J26: 3 | L26: 2 | M26: 1 | O26: 3 | R26: 9 | T26: 5 | V26: 1 | X26: 1 | Z26: 3 | AA26: 3 | AB26: 3 | AC26: 2 | AE26: 2 | AH26: 4 | AI26: 3 | AK26: 2 | AM26: 4 | AP26: =SUM(E26:AO26) -> 58
D27: JML | E27: =SUM(E25:E26) -> 0 | F27: =SUM(F25:F26) -> 2 | G27: =SUM(G25:G26) -> 2 | H27: =SUM(H25:H26) -> 2 | I27: =SUM(I25:I26) -> 3 | J27: =SUM(J25:J26) -> 4 | K27: =SUM(K25:K26) -> 0 | L27: =SUM(L25:L26) -> 3 | ... AO27: =SUM(AO25:AO26) -> 0 | AP27: =SUM(E27:AO27) -> 94
B28: 4. | C28: Jumlah Pengguna Hak Pilih (B.1+B.2+B.3) | D28: LK | E28: =SUM(E19,E22,E25) -> 99 | F28: =SUM(F19,F22,F25) -> 70 | G28: =SUM(G19,G22,G25) -> 95 | H28: =SUM(H19,H22,H25) -> 54 | I28: =SUM(I19,I22,I25) -> 85 | J28: =SUM(J19,J22,J25) -> 99 | K28: =SUM(K19,K22,K25) -> 111 | L28: =SUM(L19,L22,L25) -> 113 | ... AO28: =SUM(AO19,AO22,AO25) -> 91 | AP28: =SUM(E28:AO28) -> 3349
D29: PR | E29: =SUM(E20,E23,E26) -> 122 | F29: =SUM(F20,F23,F26) -> 70 | G29: =SUM(G20,G23,G26) -> 100 | H29: =SUM(H20,H23,H26) -> 74 | I29: =SUM(I20,I23,I26) -> 78 | J29: =SUM(J20,J23,J26) -> 100 | K29: =SUM(K20,K23,K26) -> 121 | L29: =SUM(L20,L23,L26) -> 125 | ... AO29: =SUM(AO20,AO23,AO26) -> 98 | AP29: =SUM(E29:AO29) -> 3680
D30: JML | E30: =SUM(E28:E29) -> 221 | F30: =SUM(F28:F29) -> 140 | G30: =SUM(G28:G29) -> 195 | H30: =SUM(H28:H29) -> 128 | I30: =SUM(I28:I29) -> 163 | J30: =SUM(J28:J29) -> 199 | K30: =SUM(K28:K29) -> 232 | L30: =SUM(L28:L29) -> 238 | ... AO30: =SUM(AO28:AO29) -> 189 | AP30: =SUM(E30:AO30) -> 7029
A32: II | B32: DATA PENGGUNAAN SURAT SUARA
A33: 1 | B33: Jumlah surat suara yang diterima, termasuk surat suara cadangan 2,5% dari DPT | E33: 300 | F33: 179 | G33: 253 | H33: 186 | I33: 215 | J33: 251 | K33: 299 | L33: 300 | M33: 297 | N33: 250 | O33: 225 | P33: 236 | Q33: 258 | R33: 302 | S33: 296 | T33: 272 | U33: 165 | V33: 310 | W33: 198 | X33: 274 | Y33: 296 | Z33: 282 | AA33: 216 | AB33: 270 | AC33: 199 | AD33: 188 | AE33: 204 | AF33: 213 | AG33: 259 | AH33: 224 | AI33: 217 | AJ33: 225 | AK33: 255 | AL33: 286 | AM33: 253 | AN33: 229 | AO33: 207 | AP33: =SUM(E33:AO33) -> 9089
A34: 2 | B34: Jumlah surat suara yang digunakan | E34: 221 | F34: 140 | G34: 195 | H34: 128 | I34: 163 | J34: 199 | K34: 232 | L34: 238 | M34: 229 | N34: 185 | O34: 164 | P34: 171 | Q34: 203 | R34: 230 | S34: 213 | T34: 199 | U34: 130 | V34: 242 | W34: 156 | X34: 214 | Y34: 241 | Z34: 196 | AA34: 176 | AB34: 185 | AC34: 162 | AD34: 146 | AE34: 173 | AF34: 178 | AG34: 197 | AH34: 191 | AI34: 167 | AJ34: 188 | AK34: 189 | AL34: 210 | AM34: 208 | AN34: 181 | AO34: 189 | AP34: =SUM(E34:AO34) -> 7029
A35: 3 | B35: Jumlah surat suara dikembalikan oleh pemilih (karena rusak atau keliru coblos) | K35: 1 | Q35: 1 | R35: 1 | V35: 1 | X35: 2 | AF35: 2 | AJ35: 1 | AN35: 1 | AO35: 2 | AP35: =SUM(E35:AO35) -> 12
A36: 4 | B36: Jumlah surat suara yang tidak digunakan/tidak terpakai, termasuk sisa surat suara cadangan | E36: =E33-(E34+E35) -> 79 | F36: =F33-(F34+F35) -> 39 | G36: =G33-(G34+G35) -> 58 | H36: =H33-(H34+H35) -> 58 | I36: =I33-(I34+I35) -> 52 | J36: =J33-(J34+J35) -> 52 | K36: =K33-(K34+K35) -> 66 | L36: =L33-(L34+L35) -> 62 | ... AO36: =AO33-(AO34+AO35) -> 16 | AP36: =SUM(E36:AO36) -> 2048
A38: III | B38: DATA PEMILIH DISABILITAS
B39: Jumlah seluruh Pemilih disabilitas yang menggunakan hak pilih | D39: LK | J39: 1 | L39: 1 | O39: 2 | W39: 2 | AF39: 1 | AP39: =SUM(E39:AO39) -> 7
D40: PR | J40: 5 | K40: 2 | L40: 2 | O40: 2 | T40: 1 | W40: 1 | AF40: 1 | AP40: =SUM(E40:AO40) -> 14
D41: JML | E41: =SUM(E39:E40) -> 0 | F41: =SUM(F39:F40) -> 0 | G41: =SUM(G39:G40) -> 0 | H41: =SUM(H39:H40) -> 0 | I41: =SUM(I39:I40) -> 0 | J41: =SUM(J39:J40) -> 6 | K41: =SUM(K39:K40) -> 2 | L41: =SUM(L39:L40) -> 3 | ... AO41: =SUM(AO39:AO40) -> 0 | AP41: =SUM(E41:AO41) -> 21
A43: IV | B43: DATA RINCIAN PEROLEHAN SUARA PASANGAN CALON BUPATI DAN WAKIL BUPATI
A44: NOMOR DAN NAMA CALON
A45: A.1 | B45: 1. | C45: Partai Kebangkitan Bangsa | E45: 11 | F45: 8 | G45: 9 | H45: 5 | I45: 7 | J45: 7 | K45: 3 | L45: 3 | M45: 2 | N45: 2 | O45: 4 | P45: 2 | Q45: 3 | R45: 5 | S45: 3 | T45: 7 | U45: 3 | V45: 0 | W45: 3 | X45: 3 | Y45: 2 | Z45: 1 | AA45: 8 | AB45: 4 | AC45: 4 | AD45: 3 | AE45: 5 | AF45: 1 | AG45: 5 | AH45: 2 | AI45: 3 | AJ45: 2 | AK45: 2 | AL45: 48 | AM45: 33 | AN45: 3 | AO45: 2 | AP45: =SUM(E45:AO45) -> 218
A46: A.2 | C46: 1. H. KHUSNAN, S.Ag., M.Pd.I. | E46: 1 | F46: 2 | G46: 3 | I46: 1 | J46: 1 | K46: 4 | M46: 4 | N46: 2 | O46: 3 | P46: 1 | Q46: 2 | R46: 5 | T46: 2 | V46: 3 | Y46: 3 | AA46: 3 | AB46: 1 | AC46: 2 | AD46: 2 | AE46: 1 | AG46: 3 | AH46: 4 | AI46: 2 | AJ46: 2 | AK46: 15 | AL46: 63 | AM46: 60 | AN46: 1 | AO46: 1 | AP46: =SUM(E46:AO46) -> 197
C47: 2. MARA QONITHA LAYLIA | E47: 5 | F47: 3 | G47: 4 | H47: 5 | I47: 5 | J47: 10 | K47: 20 | L47: 36 | N47: 7 | O47: 8 | P47: 13 | Q47: 3 | R47: 6 | S47: 3 | T47: 3 | V47: 2 | W47: 2 | X47: 1 | Z47: 1 | AA47: 9 | AB47: 6 | AC47: 3 | AD47: 8 | AE47: 9 | AF47: 2 | AG47: 17 | AH47: 25 | AI47: 3 | AJ47: 10 | AK47: 22 | AL47: 13 | AM47: 10 | AN47: 4 | AP47: =SUM(E47:AO47) -> 278
C48: 3. ZAKI AL MUBAROK, M.Si. | E48: 23 | F48: 52 | G48: 32 | H48: 24 | I48: 42 | J48: 33 | K48: 23 | L48: 25 | M48: 5 | N48: 21 | O48: 3 | P48: 7 | Q48: 2 | R48: 1 | S48: 10 | T48: 3 | U48: 32 | V48: 26 | W48: 25 | X48: 22 | Y48: 9 | AA48: 8 | AB48: 12 | AC48: 8 | AD48: 2 | AE48: 21 | AF48: 24 | AG48: 16 | AH48: 31 | AI48: 12 | AK48: 1 | AL48: 5 | AM48: 2 | AO48: 2 | AP48: =SUM(E48:AO48) -> 564
C49: 4. INAYATUL MAHMUDAH, S.Pd. | G49: 1 | H49: 2 | I49: 1 | J49: 1 | K49: 2 | L49: 1 | N49: 2 | Q49: 1 | V49: 1 | AA49: 1 | AL49: 1 | AM49: 1 | AP49: =SUM(E49:AO49) -> 15
C50: 5. HABIBURRAHMAN AL KHOLILI | O50: 2 | T50: 2 | AA50: 1 | AB50: 1 | AC50: 1 | AF50: 2 | AL50: 1 | AP50: =SUM(E50:AO50) -> 10
C51: 6. INDIARTI NOVIDA, A.Md. | W51: 1 | AA51: 1 | AP51: =SUM(E51:AO51) -> 2
C52: 7. RUDI DARMAWAN, S.Pd.I. | J52: 1 | L52: 2 | S52: 1 | AM52: 1 | AO52: 1 | AP52: =SUM(E52:AO52) -> 6
AP53: =SUM(E53:AO53) -> 0
AP54: =SUM(E54:AO54) -> 0
A55: B | B55: JUMLAH SUARA SAH PARTAI POLITIK DAN CALON (A1 + A2) | E55: =SUM(E45:E54) -> 40 | F55: =SUM(F45:F54) -> 65 | G55: =SUM(G45:G54) -> 49 | H55: =SUM(H45:H54) -> 36 | I55: =SUM(I45:I54) -> 56 | J55: =SUM(J45:J54) -> 53 | K55: =SUM(K45:K54) -> 52 | L55: =SUM(L45:L54) -> 67 | ... AP55: =SUM(AP45:AP54) -> 1290
A57: A.1 | B57: 2. | C57: Partai Gerakan Indonesia Raya | E57: 5 | F57: 6 | G57: 9 | H57: 1 | I57: 2 | J57: 0 | K57: 3 | L57: 2 | M57: 1 | N57: 2 | O57: 1 | P57: 1 | Q57: 4 | R57: 14 | S57: 5 | T57: 7 | U57: 1 | V57: 7 | W57: 6 | X57: 1 | Y57: 3 | Z57: 3 | AA57: 4 | AB57: 6 | AC57: 4 | AD57: 3 | AF57: 13 | AG57: 11 | AH57: 4 | AI57: 7 | AK57: 6 | AL57: 1 | AM57: 5 | AN57: 1 | AP57: =SUM(E57:AO57) -> 149
A58: A.2 | C58: 1. ABDUL GHOFUR | E58: 3 | F58: 1 | G58: 2 | H58: 1 | I58: 1 | J58: 1 | K58: 2 | L58: 1 | M58: 7 | N58: 5 | P58: 4 | Q58: 4 | R58: 6 | S58: 3 | T58: 3 | U58: 2 | V58: 1 | W58: 1 | X58: 2 | Y58: 1 | Z58: 1 | AA58: 3 | AB58: 1 | AC58: 0 | AF58: 7 | AG58: 3 | AH58: 3 | AI58: 4 | AJ58: 2 | AK58: 22 | AL58: 1 | AM58: 1 | AN58: 1 | AP58: =SUM(E58:AO58) -> 100
C59: 2. Drs. MOCHAMMAD RIFA'I, M.Pd. | F59: 1 | G59: 3 | I59: 1 | K59: 1 | L59: 1 | M59: 1 | N59: 1 | O59: 2 | P59: 1 | Q59: 2 | R59: 4 | S59: 1 | T59: 6 | U59: 2 | V59: 4 | W59: 5 | X59: 5 | Y59: 8 | Z59: 4 | AA59: 1 | AB59: 5 | AC59: 4 | AE59: 2 | AF59: 5 | AG59: 5 | AH59: 2 | AI59: 6 | AJ59: 1 | AK59: 7 | AL59: 1 | AM59: 4 | AP59: =SUM(E59:AO59) -> 96
C60: 3. SITI BADRIYAH | E60: 1 | F60: 1 | K60: 1 | O60: 1 | R60: 1 | S60: 1 | T60: 1 | U60: 0 | V60: 0 | W60: 0 | X60: 0 | Y60: 1 | AA60: 0 | AB60: 1 | AF60: 1 | AG60: 1 | AK60: 1 | AP60: =SUM(E60:AO60) -> 12
C61: 4. FARUQ | E61: 34 | F61: 2 | G61: 1 | I61: 1 | M61: 1 | N61: 1 | O61: 2 | Q61: 1 | R61: 76 | S61: 8 | T61: 0 | U61: 0 | V61: 2 | W61: 1 | X61: 0 | Y61: 1 | AA61: 2 | AB61: 1 | AG61: 2 | AK61: 2 | AP61: =SUM(E61:AO61) -> 138
C62: 5. H. HARIYANTO HARI WIJAYA, S.T. | E62: 2 | T62: 5 | U62: 1 | V62: 0 | W62: 4 | X62: 8 | Y62: 1 | AA62: 5 | AB62: 3 | AG62: 1 | AL62: 1 | AO62: 2 | AP62: =SUM(E62:AO62) -> 33
C63: 6. SRI ASTUTIK | E63: 1 | M63: 1 | T63: 0 | U63: 0 | V63: 0 | W63: 0 | Y63: 0 | AB63: 0 | AH63: 1 | AP63: =SUM(E63:AO63) -> 3
C64: 7. MUSTOLIH | E64: 2 | F64: 1 | G64: 2 | H64: 5 | L64: 2 | N64: 1 | R64: 1 | S64: 1 | T64: 2 | U64: 0 | V64: 3 | W64: 21 | Y64: 1 | AB64: 14 | AC64: 1 | AD64: 2 | AH64: 2 | AI64: 2 | AJ64: 4 | AP64: =SUM(E64:AO64) -> 67
AP65: =SUM(E65:AO65) -> 0
AP66: =SUM(E66:AO66) -> 0
A67: B | B67: JUMLAH SUARA SAH PARTAI POLITIK DAN CALON (A1 + A2) | E67: =SUM(E57:E66) -> 48 | F67: =SUM(F57:F66) -> 12 | G67: =SUM(G57:G66) -> 17 | H67: =SUM(H57:H66) -> 7 | I67: =SUM(I57:I66) -> 5 | J67: =SUM(J57:J66) -> 1 | K67: =SUM(K57:K66) -> 7 | L67: =SUM(L57:L66) -> 6 | ... AP67: =SUM(AP57:AP66) -> 598
A69: A.1 | B69: 3. | C69: Partai Demokrasi Indonesia Perjuangan | E69: 2 | F69: 10 | G69: 2 | H69: 3 | I69: 2 | J69: 3 | K69: 3 | L69: 7 | N69: 4 | O69: 7 | P69: 1 | Q69: 9 | R69: 1 | S69: 3 | T69: 6 | V69: 5 | W69: 1 | X69: 5 | Y69: 2 | AA69: 6 | AB69: 1 | AC69: 3 | AE69: 3 | AF69: 2 | AG69: 3 | AH69: 4 | AI69: 3 | AK69: 5 | AL69: 7 | AM69: 5 | AO69: 3 | AP69: =SUM(E69:AO69) -> 121
A70: A.2 | C70: 1. FICKY SEPTALINDA, S.E. | E70: 4 | F70: 6 | H70: 1 | I70: 7 | J70: 8 | K70: 12 | L70: 4 | M70: 4 | N70: 9 | O70: 75 | P70: 8 | Q70: 14 | R70: 1 | S70: 7 | T70: 6 | U70: 10 | V70: 6 | W70: 4 | X70: 6 | Y70: 7 | Z70: 3 | AB70: 3 | AC70: 1 | AD70: 1 | AE70: 21 | AF70: 5 | AG70: 10 | AH70: 7 | AI70: 6 | AK70: 16 | AL70: 1 | AM70: 3 | AN70: 3 | AO70: 3 | AP70: =SUM(E70:AO70) -> 282
C71: 2. TATANG SUROYO | L71: 1 | M71: 1 | P71: 4 | Q71: 1 | S71: 1 | T71: 1 | U71: 2 | X71: 1 | AA71: 1 | AC71: 1 | AD71: 1 | AE71: 2 | AN71: 1 | AP71: =SUM(E71:AO71) -> 18
C72: 3. SITI JAMI`AH | E72: 1 | G72: 2 | I72: 2 | K72: 1 | M72: 1 | N72: 2 | P72: 4 | Q72: 3 | R72: 1 | S72: 1 | X72: 2 | AA72: 1 | AC72: 2 | AE72: 2 | AG72: 1 | AH72: 2 | AL72: 1 | AP72: =SUM(E72:AO72) -> 29
C73: 4. ADNAN | E73: 1 | F73: 5 | G73: 3 | I73: 1 | L73: 6 | M73: 3 | N73: 4 | P73: 1 | Q73: 6 | R73: 2 | S73: 5 | V73: 3 | X73: 2 | Y73: 1 | AA73: 1 | AC73: 4 | AD73: 1 | AE73: 5 | AF73: 3 | AG73: 21 | AH73: 12 | AI73: 8 | AK73: 2 | AL73: 33 | AM73: 19 | AP73: =SUM(E73:AO73) -> 152
C74: 5. RINA WIJAYANTI | L74: 1 | R74: 1 | T74: 1 | AC74: 3 | AM74: 1 | AP74: =SUM(E74:AO74) -> 7
C75: 6. RIAS DEMILYA | AP75: =SUM(E75:AO75) -> 0
C76: 7. EKO PRIYONO, S.E. | O76: 1 | P76: 1 | S76: 1 | V76: 1 | AM76: 1 | AN76: 1 | AP76: =SUM(E76:AO76) -> 6
AP77: =SUM(E77:AO77) -> 0
AP78: =SUM(E78:AO78) -> 0
A79: B | B79: JUMLAH SUARA SAH PARTAI POLITIK DAN CALON (A1 + A2) | E79: =SUM(E69:E78) -> 8 | F79: =SUM(F69:F78) -> 21 | G79: =SUM(G69:G78) -> 7 | H79: =SUM(H69:H78) -> 4 | I79: =SUM(I69:I78) -> 12 | J79: =SUM(J69:J78) -> 11 | K79: =SUM(K69:K78) -> 16 | L79: =SUM(L69:L78) -> 19 | ... AP79: =SUM(AP69:AP78) -> 615
A81: A.1 | B81: 4. | C81: Partai Golongan Karya | E81: 5 | F81: 1 | G81: 1 | H81: 2 | K81: 1 | L81: 1 | M81: 2 | Q81: 5 | R81: 2 | S81: 5 | T81: 7 | V81: 1 | W81: 1 | X81: 11 | Y81: 2 | Z81: 2 | AA81: 8 | AB81: 4 | AC81: 2 | AD81: 5 | AE81: 5 | AF81: 16 | AG81: 3 | AI81: 2 | AK81: 4 | AL81: 3 | AM81: 8 | AN81: 2 | AO81: 9 | AP81: =SUM(E81:AO81) -> 120
A82: A.2 | C82: 1. RULIYONO, S.H. | E82: 7 | F82: 3 | G82: 4 | H82: 22 | J82: 4 | K82: 5 | L82: 4 | M82: 5 | N82: 3 | O82: 6 | P82: 8 | Q82: 16 | R82: 22 | S82: 21 | T82: 32 | U82: 6 | V82: 20 | W82: 19 | X82: 32 | Y82: 22 | Z82: 100 | AA82: 30 | AB82: 32 | AC82: 10 | AD82: 18 | AE82: 47 | AF82: 52 | AG82: 21 | AH82: 31 | AI82: 10 | AJ82: 16 | AK82: 36 | AL82: 3 | AM82: 10 | AN82: 121 | AO82: 124 | AP82: =SUM(E82:AO82) -> 922
C83: 2. FAHIRA HUMAIROH | E83: 1 | J83: 1 | U83: 2 | Y83: 1 | AB83: 1 | AF83: 1 | AK83: 2 | AM83: 1 | AN83: 1 | AP83: =SUM(E83:AO83) -> 11
C84: 3. T. AFNANY AKBAR, S.E. | K84: 1 | M84: 1 | N84: 1 | P84: 7 | R84: 1 | S84: 1 | U84: 7 | V84: 2 | W84: 1 | Z84: 1 | AA84: 2 | AB84: 2 | AC84: 1 | AG84: 1 | AN84: 1 | AP84: =SUM(E84:AO84) -> 30
C85: 4. MUHAMAD SUBUR | E85: 1 | K85: 1 | M85: 4 | P85: 1 | X85: 2 | AB85: 1 | AM85: 2 | AN85: 1 | AP85: =SUM(E85:AO85) -> 13
C86: 5. NYOTO PRAYITNO, S.E. | AB86: 2 | AP86: =SUM(E86:AO86) -> 2
C87: 6. UMI LIANA EKAYANTI | AF87: 1 | AP87: =SUM(E87:AO87) -> 1
C88: 7. TARMUJI | E88: 1 | O88: 2 | S88: 3 | T88: 1 | U88: 7 | AI88: 1 | AP88: =SUM(E88:AO88) -> 15
AP89: =SUM(E89:AO89) -> 0
AP90: =SUM(E90:AO90) -> 0
A91: B | B91: JUMLAH SUARA SAH PARTAI POLITIK DAN CALON (A1 + A2) | E91: =SUM(E81:E90) -> 15 | F91: =SUM(F81:F90) -> 4 | G91: =SUM(G81:G90) -> 5 | H91: =SUM(H81:H90) -> 24 | I91: =SUM(I81:I90) -> 0 | J91: =SUM(J81:J90) -> 5 | K91: =SUM(K81:K90) -> 8 | L91: =SUM(L81:L90) -> 5 | ... AP91: =SUM(AP81:AP90) -> 1114
A93: A.1 | B93: 5. | C93: Partai NasDem | E93: 1 | I93: 1 | L93: 3 | M93: 1 | N93: 1 | R93: 4 | T93: 3 | V93: 1 | W93: 2 | X93: 1 | Y93: 2 | Z93: 2 | AA93: 3 | AD93: 2 | AE93: 1 | AG93: 1 | AK93: 1 | AL93: 1 | AM93: 2 | AP93: =SUM(E93:AO93) -> 33
A94: A.2 | C94: 1. SUNGKOWO SARWO EDY, S.H. | E94: 1 | F94: 3 | G94: 2 | H94: 1 | I94: 11 | L94: 3 | M94: 1 | N94: 12 | R94: 1 | V94: 2 | W94: 1 | Y94: 1 | AA94: 1 | AE94: 1 | AP94: =SUM(E94:AO94) -> 41
C95: 2. GUNAWAN SATRIA PRATAMA | E95: 1 | J95: 2 | R95: 1 | W95: 1 | AP95: =SUM(E95:AO95) -> 5
C96: 3. Hj. ULFA LAILA, S.E. | G96: 1 | Z96: 1 | AH96: 1 | AP96: =SUM(E96:AO96) -> 3
C97: 4. H. KURDI ISMAIL, S.H. | F97: 2 | H97: 1 | I97: 1 | J97: 3 | K97: 1 | L97: 2 | M97: 1 | P97: 1 | Q97: 2 | R97: 1 | T97: 2 | U97: 1 | V97: 3 | W97: 1 | X97: 4 | Y97: 38 | Z97: 10 | AA97: 1 | AB97: 1 | AC97: 14 | AD97: 13 | AE97: 3 | AF97: 7 | AG97: 1 | AH97: 3 | AJ97: 73 | AK97: 4 | AM97: 10 | AN97: 3 | AP97: =SUM(E97:AO97) -> 207
C98: 5. FEBRY PRIMA SANJAYA | H98: 4 | I98: 1 | P98: 2 | Q98: 1 | R98: 2 | S98: 5 | T98: 8 | V98: 1 | AK98: 1 | AN98: 1 | AP98: =SUM(E98:AO98) -> 26
C99: 6. TRI SETYANINGSIH | G99: 1 | J99: 2 | M99: 8 | N99: 3 | Q99: 1 | R99: 1 | T99: 1 | W99: 1 | AC99: 2 | AD99: 2 | AF99: 2 | AH99: 1 | AI99: 3 | AP99: =SUM(E99:AO99) -> 28
C100: 7. ABDUL MUKSIN, S.Sos | E100: 11 | G100: 10 | H100: 1 | I100: 8 | J100: 14 | K100: 5 | L100: 79 | M100: 1 | N100: 8 | O100: 2 | P100: 7 | Q100: 21 | R100: 1 | S100: 11 | T100: 22 | U100: 8 | V100: 30 | W100: 17 | X100: 8 | Y100: 7 | Z100: 1 | AA100: 13 | AB100: 6 | AC100: 1 | AD100: 1 | AE100: 6 | AF100: 2 | AG100: 9 | AH100: 2 | AI100: 3 | AJ100: 6 | AK100: 3 | AL100: 3 | AM100: 3 | AN100: 1 | AP100: =SUM(E100:AO100) -> 331
AP101: =SUM(E101:AO101) -> 0
AP102: =SUM(E102:AO102) -> 0
A103: B | B103: JUMLAH SUARA SAH PARTAI POLITIK DAN CALON (A1 + A2) | E103: =SUM(E93:E102) -> 14 | F103: =SUM(F93:F102) -> 5 | G103: =SUM(G93:G102) -> 14 | H103: =SUM(H93:H102) -> 7 | I103: =SUM(I93:I102) -> 22 | J103: =SUM(J93:J102) -> 21 | K103: =SUM(K93:K102) -> 6 | L103: =SUM(L93:L102) -> 87 | ... AP103: =SUM(AP93:AP102) -> 674
A105: A.1 | B105: 6. | C105: Partai Buruh | Q105: 1 | S105: 1 | AP105: =SUM(E105:AO105) -> 2
A106: A.2 | C106: 1. KHOIRUL ANWARI ARIF | H106: 1 | AB106: 1 | AE106: 1 | AN106: 1 | AP106: =SUM(E106:AO106) -> 4
AP107: =SUM(E107:AO107) -> 0
AP108: =SUM(E108:AO108) -> 0
AP109: =SUM(E109:AO109) -> 0
AP110: =SUM(E110:AO110) -> 0
AP111: =SUM(E111:AO111) -> 0
AP112: =SUM(E112:AO112) -> 0
AP113: =SUM(E113:AO113) -> 0
AP114: =SUM(E114:AO114) -> 0
A115: B | B115: JUMLAH SUARA SAH PARTAI POLITIK DAN CALON (A1 + A2) | E115: =SUM(E105:E114) -> 0 | F115: =SUM(F105:F114) -> 0 | G115: =SUM(G105:G114) -> 0 | H115: =SUM(H105:H114) -> 1 | I115: =SUM(I105:I114) -> 0 | J115: =SUM(J105:J114) -> 0 | K115: =SUM(K105:K114) -> 0 | L115: =SUM(L105:L114) -> 0 | ... AP115: =SUM(AP105:AP114) -> 6
A117: A.1 | B117: 7. | C117: Partai Gelombang Rakyat Indonesia | G117: 1 | M117: 1 | Q117: 1 | S117: 4 | T117: 5 | W117: 2 | X117: 1 | AA117: 1 | AB117: 3 | AE117: 3 | AG117: 1 | AH117: 1 | AK117: 1 | AL117: 1 | AM117: 1 | AP117: =SUM(E117:AO117) -> 27
...

Sheet TULUNGREJO
C2: Kecamatan | D2: GLENMORE
C3: Kabupaten | D3: BANYUWANGI
C4: Provinsi | D4: JAWA TIMUR
C9: Kelurahan | D9: TULUNGREJO
A12: I | B12: DATA PEMILIH DAN PENGGUNAAN HAK PILIH | BL12: JUMLAH AKHIR
A13: A | B13: DATA PEMILIH | E13: TPS 001 | F13: TPS 002 | G13: TPS 003 | H13: TPS 004 | I13: TPS 005 | J13: TPS 006 | K13: TPS 007 | L13: TPS 008 | M13: TPS 009 | N13: TPS 010 | O13: TPS 011 | P13: TPS 012 | Q13: TPS 013 | R13: TPS 014 | S13: TPS 015 | T13: TPS 016 | U13: TPS 017 | V13: TPS 018 | W13: TPS 019 | X13: TPS 020 | Y13: TPS 021 | Z13: TPS 022 | AA13: TPS 023 | AB13: TPS 024 | AC13: TPS 025 | AD13: TPS 026 | AE13: TPS 027 | AF13: TPS 028 | AG13: TPS 029 | AH13: TPS 030 | AI13: TPS 031 | AJ13: TPS 032 | AK13: TPS 033 | AL13: TPS 034 | AM13: TPS 035 | AN13: TPS 036 | AO13: TPS 037 | AP13: TPS 038 | AQ13: TPS 039 | AR13: TPS 040 | AS13: TPS 041 | AT13: TPS 042 | AU13: TPS 043 | AV13: TPS 044 | AW13: TPS 045 | AX13: TPS 046 | AY13: TPS 047 | AZ13: TPS 048 | BA13: TPS 049 | BB13: TPS 050 | BC13: TPS 051 | BD13: TPS 052 | BE13: TPS 053 | BF13: TPS 054 | BG13: TPS 055 | BH13: TPS 056 | BI13: TPS 057 | BJ13: TPS 058 | BK13: TPS 059
B14: Jumlah Pemilih dalam Daftar Pemilih Tetap (DPT) | D14: LK | E14: 128 | F14: 143 | G14: 132 | H14: 93 | I14: 143 | J14: 135 | K14: 131 | L14: 148 | M14: 151 | N14: 82 | O14: 97 | P14: 124 | Q14: 119 | R14: 144 | S14: 141 | T14: 82 | U14: 130 | V14: 138 | W14: 123 | X14: 107 | Y14: 141 | Z14: 148 | AA14: 87 | AB14: 74 | AC14: 63 | AD14: 127 | AE14: 116 | AF14: 111 | AG14: 101 | AH14: 84 | AI14: 140 | AJ14: 155 | AK14: 150 | AL14: 110 | AM14: 122 | AN14: 90 | AO14: 131 | AP14: 77 | AQ14: 92 | AR14: 150 | AS14: 128 | AT14: 103 | AU14: 96 | AV14: 80 | AW14: 134 | AX14: 113 | AY14: 105 | AZ14: 105 | BA14: 71 | BB14: 88 | BC14: 136 | BD14: 120 | BE14: 138 | BF14: 130 | BG14: 55 | BH14: 95 | BI14: 89 | BJ14: 88 | BK14: 101 | BL14: =SUM(E14:BK14) -> 6735
D15: PR | E15: 134 | F15: 142 | G15: 132 | H15: 96 | I15: 156 | J15: 149 | K15: 153 | L15: 145 | M15: 144 | N15: 93 | O15: 103 | P15: 152 | Q15: 111 | R15: 149 | S15: 147 | T15: 73 | U15: 163 | V15: 133 | W15: 147 | X15: 112 | Y15: 144 | Z15: 149 | AA15: 95 | AB15: 81 | AC15: 73 | AD15: 133 | AE15: 122 | AF15: 94 | AG15: 116 | AH15: 89 | AI15: 152 | AJ15: 144 | AK15: 147 | AL15: 101 | AM15: 120 | AN15: 105 | AO15: 131 | AP15: 82 | AQ15: 88 | AR15: 149 | AS15: 156 | AT15: 110 | AU15: 86 | AV15: 80 | AW15: 137 | AX15: 120 | AY15: 105 | AZ15: 120 | BA15: 68 | BB15: 106 | BC15: 142 | BD15: 141 | BE15: 141 | BF15: 162 | BG15: 57 | BH15: 99 | BI15: 100 | BJ15: 99 | BK15: 112 | BL15: =SUM(E15:BK15) -> 7090
D16: JML | E16: =SUM(E14:E15) -> 262 | F16: =SUM(F14:F15) -> 285 | G16: =SUM(G14:G15) -> 264 | H16: =SUM(H14:H15) -> 189 | I16: =SUM(I14:I15) -> 299 | J16: =SUM(J14:J15) -> 284 | K16: =SUM(K14:K15) -> 284 | L16: =SUM(L14:L15) -> 293 | ... BK16: =SUM(BK14:BK15) -> 213 | BL16: =SUM(E16:BK16) -> 13825
A18: B | B18: PENGGUNA HAK PILIH
B19: 1. | C19: Jumlah pengguna hak pilih dalam Daftar Pemilih Tetap (DPT) | D19: LK | E19: 89 | F19: 92 | G19: 100 | H19: 69 | I19: 106 | J19: 93 | K19: 82 | L19: 109 | M19: 112 | N19: 53 | O19: 77 | P19: 96 | Q19: 112 | R19: 119 | S19: 105 | T19: 62 | U19: 90 | V19: 84 | W19: 87 | X19: 75 | Y19: 105 | Z19: 112 | AA19: 63 | AB19: 61 | AC19: 53 | AD19: 93 | AE19: 93 | AF19: 88 | AG19: 74 | AH19: 58 | AI19: 103 | AJ19: 112 | AK19: 114 | AL19: 90 | AM19: 90 | AN19: 68 | AO19: 87 | AP19: 57 | AQ19: 66 | AR19: 117 | AS19: 102 | AT19: 72 | AU19: 60 | AV19: 60 | AW19: 101 | AX19: 88 | AY19: 87 | AZ19: 89 | BA19: 60 | BB19: 58 | BC19: 86 | BD19: 74 | BE19: 103 | BF19: 79 | BG19: 54 | BH19: 86 | BI19: 82 | BJ19: 66 | BK19: 89 | BL19: =SUM(E19:BK19) -> 5012
D20: PR | E20: 96 | F20: 102 | G20: 104 | H20: 82 | I20: 121 | J20: 114 | K20: 117 | L20: 109 | M20: 116 | N20: 77 | O20: 77 | P20: 105 | Q20: 104 | R20: 126 | S20: 125 | T20: 59 | U20: 123 | V20: 92 | W20: 104 | X20: 86 | Y20: 108 | Z20: 128 | AA20: 70 | AB20: 66 | AC20: 67 | AD20: 104 | AE20: 94 | AF20: 84 | AG20: 99 | AH20: 70 | AI20: 125 | AJ20: 111 | AK20: 113 | AL20: 87 | AM20: 91 | AN20: 77 | AO20: 102 | AP20: 76 | AQ20: 70 | AR20: 131 | AS20: 128 | AT20: 84 | AU20: 71 | AV20: 66 | AW20: 104 | AX20: 96 | AY20: 90 | AZ20: 96 | BA20: 61 | BB20: 85 | BC20: 98 | BD20: 102 | BE20: 107 | BF20: 107 | BG20: 57 | BH20: 96 | BI20: 95 | BJ20: 68 | BK20: 104 | BL20: =SUM(E20:BK20) -> 5627
D21: JML | E21: =SUM(E19:E20) -> 185 | F21: =SUM(F19:F20) -> 194 | G21: =SUM(G19:G20) -> 204 | H21: =SUM(H19:H20) -> 151 | I21: =SUM(I19:I20) -> 227 | J21: =SUM(J19:J20) -> 207 | K21: =SUM(K19:K20) -> 199 | L21: =SUM(L19:L20) -> 218 | ... BK21: =SUM(BK19:BK20) -> 193 | BL21: =SUM(E21:BK21) -> 10639
B22: 2. | C22: Jumlah pengguna hak pilih dalam Daftar Pemilih Tambahan (DPTb) | D22: LK | AF22: 1 | AN22: 1 | BC22: 1 | BD22: 1 | BG22: 1 | BH22: 1 | BK22: 1 | BL22: =SUM(E22:BK22) -> 7
D23: PR | Q23: 4 | AJ23: 1 | AO23: 1 | AZ23: 1 | BL23: =SUM(E23:BK23) -> 7
D24: JML | E24: =SUM(E22:E23) -> 0 | F24: =SUM(F22:F23) -> 0 | G24: =SUM(G22:G23) -> 0 | H24: =SUM(H22:H23) -> 0 | I24: =SUM(I22:I23) -> 0 | J24: =SUM(J22:J23) -> 0 | K24: =SUM(K22:K23) -> 0 | L24: =SUM(L22:L23) -> 0 | ... BK24: =SUM(BK22:BK23) -> 1 | BL24: =SUM(E24:BK24) -> 14
B25: 3. | C25: Jumlah pengguna hak pilih dalam Daftar Pemilih Khusus (DPK) | D25: LK | F25: 2 | H25: 1 | J25: 1 | L25: 4 | M25: 2 | P25: 2 | W25: 2 | Y25: 1 | AG25: 1 | AH25: 1 | AI25: 1 | AL25: 1 | AM25: 2 | AO25: 3 | AV25: 5 | AZ25: 2 | BC25: 3 | BL25: =SUM(E25:BK25) -> 34
D26: PR | F26: 1 | H26: 3 | K26: 1 | L26: 1 | M26: 1 | P26: 1 | V26: 1 | W26: 4 | Y26: 1 | AF26: 2 | AG26: 1 | AH26: 1 | AI26: 1 | AJ26: 1 | AK26: 2 | AL26: 3 | AM26: 1 | AV26: 1 | AZ26: 1 | BA26: 2 | BC26: 6 | BL26: =SUM(E26:BK26) -> 36
D27: JML | E27: =SUM(E25:E26) -> 0 | F27: =SUM(F25:F26) -> 3 | G27: =SUM(G25:G26) -> 0 | H27: =SUM(H25:H26) -> 4 | I27: =SUM(I25:I26) -> 0 | J27: =SUM(J25:J26) -> 1 | K27: =SUM(K25:K26) -> 1 | L27: =SUM(L25:L26) -> 5 | ... BK27: =SUM(BK25:BK26) -> 0 | BL27: =SUM(E27:BK27) -> 70
B28: 4. | C28: Jumlah Pengguna Hak Pilih (B.1+B.2+B.3) | D28: LK | E28: =SUM(E19,E22,E25) -> 89 | F28: =SUM(F19,F22,F25) -> 94 | G28: =SUM(G19,G22,G25) -> 100 | H28: =SUM(H19,H22,H25) -> 70 | I28: =SUM(I19,I22,I25) -> 106 | J28: =SUM(J19,J22,J25) -> 94 | K28: =SUM(K19,K22,K25) -> 82 | L28: =SUM(L19,L22,L25) -> 113 | ... BK28: =SUM(BK19,BK22,BK25) -> 90 | BL28: =SUM(E28:BK28) -> 5053
D29: PR | E29: =SUM(E20,E23,E26) -> 96 | F29: =SUM(F20,F23,F26) -> 103 | G29: =SUM(G20,G23,G26) -> 104 | H29: =SUM(H20,H23,H26) -> 85 | I29: =SUM(I20,I23,I26) -> 121 | J29: =SUM(J20,J23,J26) -> 114 | K29: =SUM(K20,K23,K26) -> 118 | L29: =SUM(L20,L23,L26) -> 110 | ... BK29: =SUM(BK20,BK23,BK26) -> 104 | BL29: =SUM(E29:BK29) -> 5670
D30: JML | E30: =SUM(E28:E29) -> 185 | F30: =SUM(F28:F29) -> 197 | G30: =SUM(G28:G29) -> 204 | H30: =SUM(H28:H29) -> 155 | I30: =SUM(I28:I29) -> 227 | J30: =SUM(J28:J29) -> 208 | K30: =SUM(K28:K29) -> 200 | L30: =SUM(L28:L29) -> 223 | ... BK30: =SUM(BK28:BK29) -> 194 | BL30: =SUM(E30:BK30) -> 10723
A32: II | B32: DATA PENGGUNAAN SURAT SUARA
A33: 1 | B33: Jumlah surat suara yang diterima, termasuk surat suara cadangan 2,5% dari DPT | E33: 268 | F33: 291 | G33: 270 | H33: 193 | I33: 305 | J33: 290 | K33: 290 | L33: 299 | M33: 311 | N33: 179 | O33: 204 | P33: 282 | Q33: 234 | R33: 299 | S33: 292 | T33: 159 | U33: 300 | V33: 277 | W33: 272 | X33: 224 | Y33: 291 | Z33: 309 | AA33: 186 | AB33: 159 | AC33: 139 | AD33: 266 | AE33: 243 | AF33: 210 | AG33: 222 | AH33: 177 | AI33: 298 | AJ33: 305 | AK33: 303 | AL33: 217 | AM33: 247 | AN33: 199 | AO33: 269 | AP33: 163 | AQ33: 185 | AR33: 305 | AS33: 290 | AT33: 218 | AU33: 185 | AV33: 164 | AW33: 277 | AX33: 239 | AY33: 205 | AZ33: 230 | BA33: 142 | BB33: 198 | BC33: 283 | BD33: 267 | BE33: 285 | BF33: 298 | BG33: 115 | BH33: 198 | BI33: 193 | BJ33: 191 | BK33: 217 | BL33: =SUM(E33:BK33) -> 14127
A34: 2 | B34: Jumlah surat suara yang digunakan | E34: 185 | F34: 197 | G34: 204 | H34: 155 | I34: 227 | J34: 208 | K34: 200 | L34: 223 | M34: 231 | N34: 130 | O34: 154 | P34: 204 | Q34: 220 | R34: 245 | S34: 230 | T34: 121 | U34: 213 | V34: 177 | W34: 197 | X34: 161 | Y34: 215 | Z34: 240 | AA34: 133 | AB34: 127 | AC34: 120 | AD34: 197 | AE34: 187 | AF34: 175 | AG34: 175 | AH34: 130 | AI34: 230 | AJ34: 225 | AK34: 229 | AL34: 181 | AM34: 184 | AN34: 146 | AO34: 193 | AP34: 133 | AQ34: 136 | AR34: 248 | AS34: 230 | AT34: 156 | AU34: 131 | AV34: 132 | AW34: 205 | AX34: 184 | AY34: 177 | AZ34: 189 | BA34: 123 | BB34: 143 | BC34: 194 | BD34: 177 | BE34: 210 | BF34: 186 | BG34: 112 | BH34: 183 | BI34: 177 | BJ34: 134 | BK34: 194 | BL34: =SUM(E34:BK34) -> 10723
A35: 3 | B35: Jumlah surat suara dikembalikan oleh pemilih (karena rusak atau keliru coblos) | H35: 1 | P35: 2 | Q35: 1 | V35: 1 | X35: 1 | Z35: 3 | AG35: 2 | AL35: 1 | AV35: 1 | AW35: 1 | BB35: 4 | BL35: =SUM(E35:BK35) -> 18
A36: 4 | B36: Jumlah surat suara yang tidak digunakan/tidak terpakai, termasuk sisa surat suara cadangan | E36: =E33-(E34+E35) -> 83 | F36: =F33-(F34+F35) -> 94 | G36: =G33-(G34+G35) -> 66 | H36: =H33-(H34+H35) -> 37 | I36: =I33-(I34+I35) -> 78 | J36: =J33-(J34+J35) -> 82 | K36: =K33-(K34+K35) -> 90 | L36: =L33-(L34+L35) -> 76 | ... BK36: =BK33-(BK34+BK35) -> 23 | BL36: =SUM(E36:BK36) -> 3386
A38: III | B38: DATA PEMILIH DISABILITAS
B39: Jumlah seluruh Pemilih disabilitas yang menggunakan hak pilih | D39: LK | AO39: 2 | BL39: =SUM(E39:BK39) -> 2
D40: PR | K40: 1 | L40: 2 | S40: 6 | AC40: 2 | BL40: =SUM(E40:BK40) -> 11
D41: JML | E41: =SUM(E39:E40) -> 0 | F41: =SUM(F39:F40) -> 0 | G41: =SUM(G39:G40) -> 0 | H41: =SUM(H39:H40) -> 0 | I41: =SUM(I39:I40) -> 0 | J41: =SUM(J39:J40) -> 0 | K41: =SUM(K39:K40) -> 1 | L41: =SUM(L39:L40) -> 2 | ... BK41: =SUM(BK39:BK40) -> 0 | BL41: =SUM(E41:BK41) -> 13
A43: IV | B43: DATA RINCIAN PEROLEHAN SUARA PASANGAN CALON BUPATI DAN WAKIL BUPATI
A44: NOMOR DAN NAMA CALON
A45: A.1 | B45: 1. | C45: Partai Kebangkitan Bangsa | E45: 6 | F45: 3 | G45: 7 | H45: 3 | I45: 6 | J45: 7 | K45: 6 | L45: 3 | M45: 7 | N45: 1 | O45: 3 | P45: 4 | Q45: 2 | R45: 1 | S45: 6 | T45: 3 | U45: 8 | V45: 4 | W45: 5 | X45: 1 | Y45: 1 | Z45: 8 | AA45: 4 | AB45: 3 | AD45: 1 | AE45: 2 | AF45: 5 | AG45: 5 | AH45: 4 | AJ45: 6 | AK45: 1 | AL45: 1 | AM45: 2 | AN45: 3 | AO45: 6 | AP45: 1 | AQ45: 7 | AR45: 9 | AS45: 6 | AT45: 8 | AU45: 6 | AV45: 1 | AX45: 1 | AY45: 1 | AZ45: 4 | BA45: 2 | BC45: 1 | BD45: 8 | BE45: 2 | BF45: 2 | BG45: 1 | BI45: 1 | BK45: 1 | BL45: =SUM(E45:BK45) -> 200
A46: A.2 | C46: 1. H. KHUSNAN, S.Ag., M.Pd.I. | E46: 2 | F46: 2 | H46: 1 | I46: 4 | J46: 3 | K46: 1 | L46: 4 | M46: 9 | N46: 4 | O46: 13 | P46: 2 | Q46: 2 | R46: 7 | S46: 31 | T46: 5 | W46: 5 | X46: 3 | Z46: 7 | AA46: 8 | AB46: 1 | AC46: 1 | AD46: 6 | AE46: 1 | AF46: 4 | AG46: 1 | AH46: 1 | AJ46: 1 | AK46: 5 | AP46: 1 | AQ46: 3 | AR46: 4 | AS46: 3 | AT46: 2 | AU46: 1 | AW46: 1 | AZ46: 2 | BA46: 1 | BB46: 1 | BD46: 1 | BE46: 4 | BF46: 2 | BG46: 1 | BH46: 1 | BL46: =SUM(E46:BK46) -> 162
C47: 2. MARA QONITHA LAYLIA | E47: 1 | F47: 2 | G47: 2 | H47: 2 | I47: 2 | J47: 4 | K47: 2 | L47: 1 | O47: 1 | P47: 1 | Q47: 2 | R47: 4 | S47: 3 | T47: 3 | U47: 2 | W47: 11 | X47: 2 | Y47: 3 | Z47: 12 | AA47: 4 | AB47: 3 | AC47: 5 | AD47: 8 | AF47: 4 | AG47: 2 | AI47: 2 | AJ47: 3 | AK47: 4 | AM47: 2 | AO47: 10 | AP47: 3 | AQ47: 10 | AR47: 24 | AS47: 14 | AT47: 26 | AU47: 38 | AW47: 3 | AY47: 1 | AZ47: 3 | BB47: 1 | BC47: 1 | BD47: 1 | BE47: 2 | BJ47: 5 | BK47: 1 | BL47: =SUM(E47:BK47) -> 240
C48: 3. ZAKI AL MUBAROK, M.Si. | E48: 3 | F48: 9 | G48: 46 | H48: 16 | I48: 9 | J48: 6 | K48: 3 | L48: 6 | M48: 3 | N48: 10 | O48: 26 | P48: 1 | Q48: 28 | R48: 5 | S48: 14 | T48: 1 | U48: 13 | V48: 2 | W48: 8 | X48: 14 | Y48: 9 | Z48: 21 | AA48: 35 | AB48: 15 | AC48: 12 | AD48: 4 | AE48: 7 | AF48: 27 | AG48: 15 | AH48: 3 | AJ48: 3 | AK48: 14 | AO48: 2 | AQ48: 20 | AR48: 30 | AS48: 14 | AT48: 21 | AU48: 2 | AY48: 5 | AZ48: 4 | BD48: 1 | BE48: 1 | BI48: 1 | BJ48: 1 | BK48: 2 | BL48: =SUM(E48:BK48) -> 492
C49: 4. INAYATUL MAHMUDAH, S.Pd. | K49: 1 | M49: 2 | P49: 1 | Z49: 1 | AA49: 1 | AD49: 1 | AF49: 2 | AK49: 2 | AO49: 1 | AQ49: 1 | AR49: 1 | AS49: 2 | AT49: 1 | AX49: 1 | BC49: 1 | BE49: 1 | BL49: =SUM(E49:BK49) -> 20
C50: 5. HABIBURRAHMAN AL KHOLILI | E50: 1 | G50: 1 | Y50: 1 | AC50: 1 | AE50: 1 | AQ50: 1 | AR50: 1 | AS50: 1 | AW50: 1 | BJ50: 1 | BL50: =SUM(E50:BK50) -> 10
C51: 6. INDIARTI NOVIDA, A.Md. | S51: 1 | BL51: =SUM(E51:BK51) -> 1
C52: 7. RUDI DARMAWAN, S.Pd.I. | E52: 1 | G52: 1 | K52: 1 | U52: 1 | AE52: 1 | BA52: 1 | BL52: =SUM(E52:BK52) -> 6
BL53: =SUM(E53:BK53) -> 0
BL54: =SUM(E54:BK54) -> 0
A55: B | B55: JUMLAH SUARA SAH PARTAI POLITIK DAN CALON (A1 + A2) | E55: =SUM(E45:E54) -> 14 | F55: =SUM(F45:F54) -> 16 | G55: =SUM(G45:G54) -> 57 | H55: =SUM(H45:H54) -> 22 | I55: =SUM(I45:I54) -> 21 | J55: =SUM(J45:J54) -> 20 | K55: =SUM(K45:K54) -> 14 | L55: =SUM(L45:L54) -> 14 | ... BL55: =SUM(BL45:BL54) -> 1131
A57: A.1 | B57: 2. | C57: Partai Gerakan Indonesia Raya | F57: 3 | G57: 3 | H57: 3 | I57: 6 | J57: 7 | K57: 4 | L57: 4 | M57: 2 | N57: 1 | O57: 5 | P57: 2 | Q57: 5 | R57: 1 | S57: 2 | T57: 2 | U57: 2 | V57: 5 | W57: 4 | X57: 1 | AA57: 1 | AB57: 2 | AD57: 4 | AE57: 2 | AF57: 3 | AG57: 7 | AH57: 2 | AI57: 2 | AJ57: 5 | AK57: 8 | AL57: 3 | AM57: 5 | AO57: 7 | AP57: 1 | AQ57: 4 | AR57: 9 | AS57: 7 | AT57: 4 | AU57: 6 | AV57: 1 | AW57: 5 | AY57: 2 | AZ57: 4 | BB57: 1 | BC57: 10 | BD57: 3 | BE57: 4 | BF57: 6 | BG57: 1 | BH57: 5 | BJ57: 4 | BK57: 2 | BL57: =SUM(E57:BK57) -> 192
A58: A.2 | C58: 1. ABDUL GHOFUR | E58: 2 | H58: 1 | I58: 5 | J58: 3 | K58: 5 | L58: 3 | M58: 4 | N58: 4 | P58: 1 | Q58: 2 | S58: 1 | U58: 2 | W58: 4 | X58: 5 | Y58: 2 | Z58: 3 | AA58: 1 | AB58: 1 | AC58: 3 | AD58: 1 | AE58: 1 | AF58: 2 | AG58: 2 | AH58: 1 | AJ58: 2 | AK58: 4 | AL58: 1 | AM58: 1 | AQ58: 1 | AR58: 5 | AS58: 2 | AT58: 1 | AU58: 3 | AX58: 2 | BB58: 7 | BC58: 3 | BG58: 1 | BH58: 1 | BJ58: 1 | BK58: 2 | BL58: =SUM(E58:BK58) -> 96
C59: 2. Drs. MOCHAMMAD RIFA'I, M.Pd. | F59: 3 | G59: 4 | H59: 3 | I59: 3 | J59: 2 | K59: 3 | L59: 1 | M59: 1 | N59: 2 | P59: 4 | Q59: 3 | R59: 2 | S59: 2 | U59: 1 | W59: 2 | X59: 1 | Y59: 2 | AA59: 1 | AE59: 2 | AF59: 4 | AG59: 5 | AH59: 1 | AJ59: 1 | AK59: 3 | AL59: 3 | AM59: 1 | AO59: 6 | AP59: 3 | AQ59: 1 | AR59: 1 | AS59: 2 | AU59: 2 | AV59: 2 | AW59: 1 | AY59: 1 | BB59: 3 | BC59: 3 | BH59: 1 | BI59: 1 | BJ59: 2 | BK59: 1 | BL59: =SUM(E59:BK59) -> 90
C60: 3. SITI BADRIYAH | P60: 1 | Q60: 1 | R60: 2 | W60: 1 | AA60: 1 | AG60: 2 | AH60: 1 | AJ60: 1 | AK60: 1 | AP60: 1 | AQ60: 2 | AR60: 2 | AT60: 1 | AU60: 3 | AZ60: 1 | BB60: 1 | BC60: 1 | BK60: 2 | BL60: =SUM(E60:BK60) -> 25
C61: 4. FARUQ | G61: 1 | H61: 3 | I61: 10 | J61: 3 | K61: 1 | N61: 2 | P61: 1 | Q61: 65 | R61: 10 | S61: 12 | U61: 2 | W61: 3 | X61: 1 | Z61: 1 | AE61: 2 | AK61: 2 | AQ61: 1 | AR61: 2 | AT61: 1 | AU61: 1 | AV61: 1 | AY61: 1 | BA61: 1 | BB61: 14 | BC61: 27 | BD61: 29 | BE61: 12 | BF61: 33 | BG61: 1 | BH61: 2 | BI61: 1 | BK61: 4 | BL61: =SUM(E61:BK61) -> 250
C62: 5. H. HARIYANTO HARI WIJAYA, S.T. | E62: 1 | N62: 1 | O62: 2 | P62: 1 | Q62: 4 | W62: 2 | AE62: 1 | AH62: 1 | AK62: 37 | AO62: 2 | AW62: 20 | AZ62: 1 | BA62: 1 | BB62: 1 | BC62: 1 | BJ62: 5 | BL62: =SUM(E62:BK62) -> 81
C63: 6. SRI ASTUTIK | L63: 1 | BL63: =SUM(E63:BK63) -> 1
C64: 7. MUSTOLIH | F64: 1 | H64: 1 | L64: 3 | Q64: 3 | R64: 17 | S64: 5 | T64: 2 | W64: 3 | Y64: 3 | AD64: 14 | AG64: 1 | AI64: 1 | BF64: 2 | BG64: 1 | BK64: 4 | BL64: =SUM(E64:BK64) -> 61
BL65: =SUM(E65:BK65) -> 0
BL66: =SUM(E66:BK66) -> 0
A67: B | B67: JUMLAH SUARA SAH PARTAI POLITIK DAN CALON (A1 + A2) | E67: =SUM(E57:E66) -> 3 | F67: =SUM(F57:F66) -> 7 | G67: =SUM(G57:G66) -> 8 | H67: =SUM(H57:H66) -> 11 | I67: =SUM(I57:I66) -> 24 | J67: =SUM(J57:J66) -> 15 | K67: =SUM(K57:K66) -> 13 | L67: =SUM(L57:L66) -> 12 | ... BL67: =SUM(BL57:BL66) -> 796
A69: A.1 | B69: 3. | C69: Partai Demokrasi Indonesia Perjuangan | E69: 8 | F69: 8 | G69: 6 | H69: 5 | I69: 6 | J69: 8 | K69: 6 | L69: 5 | M69: 1 | N69: 1 | O69: 6 | P69: 3 | Q69: 1 | R69: 4 | S69: 2 | T69: 2 | U69: 6 | V69: 2 | W69: 2 | X69: 1 | Y69: 2 | Z69: 5 | AA69: 2 | AB69: 1 | AC69: 1 | AD69: 1 | AE69: 5 | AF69: 5 | AG69: 2 | AH69: 7 | AI69: 1 | AJ69: 3 | AK69: 6 | AL69: 4 | AM69: 14 | AN69: 9 | AO69: 12 | AP69: 7 | AQ69: 2 | AR69: 4 | AS69: 6 | AT69: 4 | AU69: 5 | AW69: 1 | AY69: 4 | AZ69: 5 | BB69: 6 | BC69: 2 | BE69: 2 | BF69: 3 | BH69: 1 | BK69: 3 | BL69: =SUM(E69:BK69) -> 218
A70: A.2 | C70: 1. FICKY SEPTALINDA, S.E. | E70: 120 | F70: 21 | G70: 18 | H70: 11 | I70: 20 | J70: 28 | K70: 31 | L70: 20 | M70: 41 | N70: 3 | O70: 8 | P70: 17 | Q70: 10 | R70: 31 | S70: 22 | U70: 4 | W70: 9 | Z70: 15 | AA70: 8 | AC70: 2 | AD70: 21 | AE70: 42 | AF70: 26 | AG70: 17 | AH70: 13 | AI70: 2 | AJ70: 11 | AK70: 17 | AL70: 9 | AM70: 19 | AN70: 5 | AO70: 3 | AP70: 49 | AQ70: 1 | AR70: 33 | AS70: 31 | AT70: 29 | AU70: 14 | AV70: 1 | AW70: 8 | AX70: 6 | AY70: 23 | AZ70: 40 | BA70: 10 | BB70: 26 | BC70: 12 | BD70: 1 | BE70: 1 | BF70: 5 | BG70: 1 | BH70: 1 | BJ70: 15 | BK70: 11 | BL70: =SUM(E70:BK70) -> 942
C71: 2. TATANG SUROYO | G71: 1 | H71: 1 | I71: 1 | J71: 11 | K71: 1 | O71: 2 | P71: 1 | AS71: 2 | AZ71: 1 | BB71: 1 | BC71: 2 | BL71: =SUM(E71:BK71) -> 24
C72: 3. SITI JAMI`AH | G72: 1 | I72: 1 | J72: 2 | K72: 1 | W72: 1 | Z72: 1 | AF72: 1 | AJ72: 1 | AK72: 1 | AL72: 1 | AM72: 1 | AO72: 1 | AT72: 1 | BC72: 2 | BF72: 1 | BJ72: 1 | BL72: =SUM(E72:BK72) -> 18
C73: 4. ADNAN | F73: 4 | H73: 1 | I73: 20 | J73: 3 | K73: 3 | L73: 1 | N73: 4 | O73: 6 | P73: 17 | Q73: 1 | S73: 2 | T73: 1 | U73: 30 | V73: 10 | W73: 9 | X73: 8 | Y73: 42 | Z73: 13 | AA73: 8 | AB73: 1 | AD73: 9 | AE73: 6 | AF73: 2 | AG73: 7 | AJ73: 1 | AK73: 2 | AL73: 2 | AM73: 3 | AO73: 1 | AR73: 1 | AS73: 1 | AT73: 10 | AU73: 2 | AX73: 2 | AY73: 3 | BC73: 11 | BD73: 1 | BE73: 1 | BF73: 2 | BH73: 6 | BI73: 17 | BK73: 1 | BL73: =SUM(E73:BK73) -> 275
C74: 5. RINA WIJAYANTI | I74: 1 | N74: 1 | AF74: 1 | AM74: 1 | AP74: 1 | AT74: 1 | AU74: 1 | BL74: =SUM(E74:BK74) -> 7
C75: 6. RIAS DEMILYA | S75: 1 | BL75: =SUM(E75:BK75) -> 1
C76: 7. EKO PRIYONO, S.E. | Q76: 1 | AF76: 1 | AM76: 1 | AR76: 1 | BL76: =SUM(E76:BK76) -> 4
BL77: =SUM(E77:BK77) -> 0
BL78: =SUM(E78:BK78) -> 0
A79: B | B79: JUMLAH SUARA SAH PARTAI POLITIK DAN CALON (A1 + A2) | E79: =SUM(E69:E78) -> 128 | F79: =SUM(F69:F78) -> 33 | G79: =SUM(G69:G78) -> 26 | H79: =SUM(H69:H78) -> 18 | I79: =SUM(I69:I78) -> 49 | J79: =SUM(J69:J78) -> 52 | K79: =SUM(K69:K78) -> 42 | L79: =SUM(L69:L78) -> 26 | ... BL79: =SUM(BL69:BL78) -> 1489
A81: A.1 | B81: 4. | C81: Partai Golongan Karya | E81: 3 | F81: 4 | G81: 3 | H81: 8 | I81: 10 | J81: 3 | K81: 7 | L81: 2 | M81: 4 | N81: 6 | O81: 2 | P81: 2 | Q81: 4 | R81: 3 | S81: 1 | T81: 6 | U81: 9 | V81: 18 | W81: 2 | X81: 3 | Y81: 6 | Z81: 3 | AA81: 1 | AB81: 2 | AC81: 4 | AD81: 2 | AE81: 7 | AF81: 2 | AG81: 6 | AH81: 9 | AI81: 14 | AJ81: 28 | AK81: 2 | AL81: 15 | AM81: 10 | AN81: 18 | AO81: 9 | AP81: 6 | AQ81: 4 | AR81: 8 | AS81: 3 | AT81: 5 | AU81: 2 | AV81: 10 | AW81: 7 | AX81: 8 | AY81: 11 | AZ81: 10 | BA81: 16 | BB81: 10 | BC81: 11 | BD81: 6 | BE81: 5 | BF81: 4 | BG81: 3 | BH81: 6 | BI81: 3 | BJ81: 8 | BK81: 8 | BL81: =SUM(E81:BK81) -> 392
A82: A.2 | C82: 1. RULIYONO, S.H. | E82: 7 | F82: 35 | G82: 9 | H82: 48 | I82: 51 | J82: 34 | K82: 31 | L82: 17 | M82: 24 | N82: 61 | O82: 44 | P82: 35 | Q82: 23 | R82: 20 | S82: 12 | T82: 18 | U82: 54 | V82: 65 | W82: 11 | X82: 17 | Y82: 19 | Z82: 23 | AA82: 12 | AB82: 12 | AC82: 53 | AD82: 29 | AE82: 62 | AF82: 19 | AG82: 42 | AH82: 58 | AI82: 197 | AJ82: 120 | AK82: 43 | AL82: 99 | AM82: 81 | AN82: 78 | AO82: 69 | AP82: 46 | AQ82: 45 | AR82: 57 | AS82: 61 | AT82: 12 | AU82: 22 | AV82: 19 | AW82: 151 | AX82: 151 | AY82: 106 | AZ82: 60 | BA82: 85 | BB82: 25 | BC82: 22 | BD82: 28 | BE82: 13 | BF82: 10 | BG82: 97 | BH82: 127 | BI82: 125 | BJ82: 38 | BK82: 45 | BL82: =SUM(E82:BK82) -> 2977
C83: 2. FAHIRA HUMAIROH | I83: 1 | K83: 2 | M83: 2 | O83: 1 | U83: 1 | W83: 1 | Y83: 2 | AI83: 1 | AJ83: 1 | AK83: 1 | AL83: 1 | AM83: 1 | AO83: 1 | AQ83: 1 | AU83: 1 | AX83: 1 | AY83: 1 | BE83: 1 | BH83: 1 | BL83: =SUM(E83:BK83) -> 22
C84: 3. T. AFNANY AKBAR, S.E. | F84: 4 | G84: 3 | J84: 4 | K84: 5 | L84: 7 | M84: 12 | O84: 2 | P84: 3 | Q84: 1 | R84: 5 | S84: 6 | U84: 1 | V84: 3 | W84: 3 | Y84: 1 | AA84: 1 | AC84: 1 | AD84: 10 | AF84: 1 | AK84: 3 | AN84: 1 | AS84: 1 | BA84: 1 | BB84: 1 | BH84: 1 | BL84: =SUM(E84:BK84) -> 81
C85: 4. MUHAMAD SUBUR | F85: 1 | H85: 1 | P85: 1 | Q85: 1 | W85: 1 | Y85: 1 | AE85: 1 | AG85: 1 | AH85: 2 | AL85: 1 | AR85: 1 | AS85: 3 | AV85: 1 | AW85: 1 | AZ85: 1 | BB85: 2 | BC85: 1 | BE85: 1 | BH85: 1 | BL85: =SUM(E85:BK85) -> 23
C86: 5. NYOTO PRAYITNO, S.E. | P86: 1 | AG86: 1 | AO86: 1 | BB86: 1 | BL86: =SUM(E86:BK86) -> 4
C87: 6. UMI LIANA EKAYANTI | AO87: 1 | AP87: 1 | BL87: =SUM(E87:BK87) -> 2
C88: 7. TARMUJI | G88: 1 | J88: 1 | O88: 1 | U88: 1 | Z88: 1 | AC88: 1 | AO88: 1 | BL88: =SUM(E88:BK88) -> 7
BL89: =SUM(E89:BK89) -> 0
BL90: =SUM(E90:BK90) -> 0
A91: B | B91: JUMLAH SUARA SAH PARTAI POLITIK DAN CALON (A1 + A2) | E91: =SUM(E81:E90) -> 10 | F91: =SUM(F81:F90) -> 44 | G91: =SUM(G81:G90) -> 16 | H91: =SUM(H81:H90) -> 57 | I91: =SUM(I81:I90) -> 62 | J91: =SUM(J81:J90) -> 42 | K91: =SUM(K81:K90) -> 45 | L91: =SUM(L81:L90) -> 26 | ... BL91: =SUM(BL81:BL90) -> 3508
A93: A.1 | B93: 5. | C93: Partai NasDem | F93: 5 | G93: 1 | I93: 2 | J93: 1 | M93: 1 | N93: 1 | T93: 2 | Y93: 1 | AJ93: 1 | AK93: 1 | AL93: 1 | AN93: 1 | AO93: 1 | AS93: 2 | AT93: 3 | AV93: 5 | AZ93: 1 | BB93: 2 | BC93: 2 | BE93: 7 | BF93: 1 | BL93: =SUM(E93:BK93) -> 42
A94: A.2 | C94: 1. SUNGKOWO SARWO EDY, S.H. | I94: 1 | O94: 1 | P94: 2 | U94: 1 | W94: 5 | AH94: 1 | AP94: 3 | AT94: 1 | AV94: 3 | AY94: 1 | AZ94: 2 | BE94: 1 | BF94: 1 | BH94: 1 | BK94: 1 | BL94: =SUM(E94:BK94) -> 25
C95: 2. GUNAWAN SATRIA PRATAMA | T95: 3 | AV95: 58 | BC95: 2 | BE95: 9 | BF95: 5 | BL95: =SUM(E95:BK95) -> 77
C96: 3. Hj. ULFA LAILA, S.E. | F96: 1 | N96: 1 | AD96: 1 | BK96: 1 | BL96: =SUM(E96:BK96) -> 4
C97: 4. H. KURDI ISMAIL, S.H. | E97: 3 | F97: 9 | G97: 13 | I97: 11 | J97: 2 | K97: 1 | L97: 1 | O97: 1 | P97: 2 | S97: 2 | Z97: 1 | AA97: 4 | AD97: 2 | AE97: 1 | AZ97: 9 | BB97: 1 | BC97: 25 | BD97: 3 | BE97: 43 | BF97: 18 | BL97: =SUM(E97:BK97) -> 152
C98: 5. FEBRY PRIMA SANJAYA | F98: 2 | I98: 1 | L98: 1 | P98: 1 | AK98: 1 | AU98: 1 | BL98: =SUM(E98:BK98) -> 7
C99: 6. TRI SETYANINGSIH | K99: 1 | AO99: 1 | AS99: 1 | AV99: 1 | BK99: 1 | BL99: =SUM(E99:BK99) -> 5
C100: 7. ABDUL MUKSIN, S.Sos | E100: 13 | F100: 19 | G100: 25 | H100: 4 | I100: 8 | J100: 5 | K100: 4 | L100: 5 | M100: 13 | N100: 1 | O100: 1 | P100: 8 | Q100: 1 | R100: 1 | S100: 1 | T100: 1 | U100: 2 | V100: 1 | W100: 5 | X100: 8 | Y100: 7 | Z100: 13 | AA100: 5 | AC100: 1 | AD100: 14 | AE100: 1 | AF100: 5 | AG100: 6 | AH100: 1 | AJ100: 3 | AK100: 7 | AL100: 5 | AM100: 2 | AO100: 3 | AR100: 5 | AS100: 15 | AT100: 11 | AW100: 3 | AZ100: 4 | BB100: 3 | BC100: 4 | BE100: 3 | BI100: 3 | BJ100: 4 | BK100: 9 | BL100: =SUM(E100:BK100) -> 263
BL101: =SUM(E101:BK101) -> 0
BL102: =SUM(E102:BK102) -> 0
A103: B | B103: JUMLAH SUARA SAH PARTAI POLITIK DAN CALON (A1 + A2) | E103: =SUM(E93:E102) -> 16 | F103: =SUM(F93:F102) -> 36 | G103: =SUM(G93:G102) -> 39 | H103: =SUM(H93:H102) -> 4 | I103: =SUM(I93:I102) -> 23 | J103: =SUM(J93:J102) -> 8 | K103: =SUM(K93:K102) -> 6 | L103: =SUM(L93:L102) -> 7 | ... BL103: =SUM(BL93:BL102) -> 575
A105: A.1 | B105: 6. | C105: Partai Buruh | H105: 1 | O105: 1 | U105: 1 | AB105: 1 | AM105: 1 | AN105: 1 | AU105: 1 | BK105: 1 | BL105: =SUM(E105:BK105) -> 8
A106: A.2 | C106: 1. KHOIRUL ANWARI ARIF | O106: 1 | R106: 1 | AT106: 1 | AU106: 1 | AV106: 1 | BB106: 1 | BL106: =SUM(E106:BK106) -> 6
BL107: =SUM(E107:BK107) -> 0
BL108: =SUM(E108:BK108) -> 0
BL109: =SUM(E109:BK109) -> 0
BL110: =SUM(E110:BK110) -> 0
BL111: =SUM(E111:BK111) -> 0
BL112: =SUM(E112:BK112) -> 0
BL113: =SUM(E113:BK113) -> 0
BL114: =SUM(E114:BK114) -> 0
A115: B | B115: JUMLAH SUARA SAH PARTAI POLITIK DAN CALON (A1 + A2) | E115: =SUM(E105:E114) -> 0 | F115: =SUM(F105:F114) -> 0 | G115: =SUM(G105:G114) -> 0 | H115: =SUM(H105:H114) -> 1 | I115: =SUM(I105:I114) -> 0 | J115: =SUM(J105:J114) -> 0 | K115: =SUM(K105:K114) -> 0 | L115: =SUM(L105:L114) -> 0 | ... BL115: =SUM(BL105:BL114) -> 14
A117: A.1 | B117: 7. | C117: Partai Gelombang Rakyat Indonesia | E117: 1 | F117: 2 | G117: 2 | H117: 1 | J117: 1 | M117: 1 | Q117: 1 | S117: 1 | U117: 1 | X117: 1 | Z117: 1 | AE117: 1 | AG117: 2 | AJ117: 1 | AN117: 1 | AS117: 1 | AU117: 1 | BB117: 1 | BC117: 2 | BD117: 1 | BK117: 1 | BL117: =SUM(E117:BK117) -> 25
...
