Workbook

Sheet DPRD KAB
C8: Kecamatan | D8: CLURING
C9: Kabupaten | D9: BANYUWANGI
C10: Provinsi | D10: JAWA TIMUR
A12: I | B12: DATA PEMILIH DAN PENGGUNAAN HAK PILIH | E12: JUMLAH AKHIR
A13: A | B13: DATA PEMILIH
B14: Jumlah Pemilih dalam Daftar Pemilih Tetap (DPT) | D14: LK | E14: =BENCULUK!AS14+CLURING!AL14+KALIPLOSO!Q14+PLAMPANGREJO!AE14+SARIMULYO!AA14+SEMBULUNG!AC14+SRATEN!AB14+TAMANAGUNG!AH14+TAMPO!AB14 -> 30609
D15: PR | E15: =BENCULUK!AS15+CLURING!AL15+KALIPLOSO!Q15+PLAMPANGREJO!AE15+SARIMULYO!AA15+SEMBULUNG!AC15+SRATEN!AB15+TAMANAGUNG!AH15+TAMPO!AB15 -> 30796
D16: JML | E16: =SUM(E14:E15) -> 61405
A18: B | B18: PENGGUNA HAK PILIH
B19: 1. | C19: Jumlah pengguna hak pilih dalam Daftar Pemilih Tetap (DPT) | D19: LK | E19: =BENCULUK!AS19+CLURING!AL19+KALIPLOSO!Q19+PLAMPANGREJO!AE19+SARIMULYO!AA19+SEMBULUNG!AC19+SRATEN!AB19+TAMANAGUNG!AH19+TAMPO!AB19 -> 22884
D20: PR | E20: =BENCULUK!AS20+CLURING!AL20+KALIPLOSO!Q20+PLAMPANGREJO!AE20+SARIMULYO!AA20+SEMBULUNG!AC20+SRATEN!AB20+TAMANAGUNG!AH20+TAMPO!AB20 -> 24364
D21: JML | E21: =SUM(E19:E20) -> 47248
B22: 2. | C22: Jumlah pengguna hak pilih dalam Daftar Pemilih Tambahan (DPTb) | D22: LK | E22: =BENCULUK!AS22+CLURING!AL22+KALIPLOSO!Q22+PLAMPANGREJO!AE22+SARIMULYO!AA22+SEMBULUNG!AC22+SRATEN!AB22+TAMANAGUNG!AH22+TAMPO!AB22 -> 23
D23: PR | E23: =BENCULUK!AS23+CLURING!AL23+KALIPLOSO!Q23+PLAMPANGREJO!AE23+SARIMULYO!AA23+SEMBULUNG!AC23+SRATEN!AB23+TAMANAGUNG!AH23+TAMPO!AB23 -> 23
D24: JML | E24: =SUM(E22:E23) -> 46
B25: 3. | C25: Jumlah pengguna hak pilih dalam Daftar Pemilih Khusus (DPK) | D25: LK | E25: =BENCULUK!AS25+CLURING!AL25+KALIPLOSO!Q25+PLAMPANGREJO!AE25+SARIMULYO!AA25+SEMBULUNG!AC25+SRATEN!AB25+TAMANAGUNG!AH25+TAMPO!AB25 -> 220
D26: PR | E26: =BENCULUK!AS26+CLURING!AL26+KALIPLOSO!Q26+PLAMPANGREJO!AE26+SARIMULYO!AA26+SEMBULUNG!AC26+SRATEN!AB26+TAMANAGUNG!AH26+TAMPO!AB26 -> 282
D27: JML | E27: =SUM(E25:E26) -> 502
B28: 4. | C28: Jumlah Pengguna Hak Pilih (B.1+B.2+B.3) | D28: LK | E28: =E19+E22+E25 -> 23127
D29: PR | E29: =E20+E23+E26 -> 24669
D30: JML | E30: =SUM(E28:E29) -> 47796
A32: II | B32: DATA PENGGUNAAN SURAT SUARA
A33: 1 | B33: Jumlah surat suara yang diterima, termasuk surat suara cadangan 2,5% dari DPT | E33: =BENCULUK!AS33+CLURING!AL33+KALIPLOSO!Q33+PLAMPANGREJO!AE33+SARIMULYO!AA33+SEMBULUNG!AC33+SRATEN!AB33+TAMANAGUNG!AH33+TAMPO!AB33 -> 62653
A34: 2 | B34: Jumlah surat suara yang digunakan | E34: =BENCULUK!AS34+CLURING!AL34+KALIPLOSO!Q34+PLAMPANGREJO!AE34+SARIMULYO!AA34+SEMBULUNG!AC34+SRATEN!AB34+TAMANAGUNG!AH34+TAMPO!AB34 -> 47796
A35: 3 | B35: Jumlah surat suara dikembalikan oleh pemilih (karena rusak atau keliru coblos) | E35: =BENCULUK!AS35+CLURING!AL35+KALIPLOSO!Q35+PLAMPANGREJO!AE35+SARIMULYO!AA35+SEMBULUNG!AC35+SRATEN!AB35+TAMANAGUNG!AH35+TAMPO!AB35 -> 156
A36: 4 | B36: Jumlah surat suara yang tidak digunakan/tidak terpakai, termasuk sisa surat suara cadangan | E36: =E33-(E34+E35) -> 14701
A38: III | B38: DATA PEMILIH DISABILITAS
B39: Jumlah seluruh Pemilih disabilitas yang menggunakan hak pilih | D39: LK | E39: =BENCULUK!AS39+CLURING!AL39+KALIPLOSO!Q39+PLAMPANGREJO!AE39+SARIMULYO!AA39+SEMBULUNG!AC39+SRATEN!AB39+TAMANAGUNG!AH39+TAMPO!AB39 -> 34
D40: PR | E40: =BENCULUK!AS40+CLURING!AL40+KALIPLOSO!Q40+PLAMPANGREJO!AE40+SARIMULYO!AA40+SEMBULUNG!AC40+SRATEN!AB40+TAMANAGUNG!AH40+TAMPO!AB40 -> 48
D41: JML | E41: =SUM(E39:E40) -> 82
A43: IV | B43: DATA RINCIAN PEROLEHAN SUARA PASANGAN CALON BUPATI DAN WAKIL BUPATI
A44: NOMOR DAN NAMA CALON
A45: A.1 | B45: 1. | C45: Partai Kebangkitan Bangsa | E45: =BENCULUK!AS45+CLURING!AL45+KALIPLOSO!Q45+PLAMPANGREJO!AE45+SARIMULYO!AA45+SEMBULUNG!AC45+SRATEN!AB45+TAMANAGUNG!AH45+TAMPO!AB45 -> 1207
A46: A.2 | B46: 1 | C46: KH. MUHAMMAD RIZA AZIZY, M.IEB. | E46: =BENCULUK!AS46+CLURING!AL46+KALIPLOSO!Q46+PLAMPANGREJO!AE46+SARIMULYO!AA46+SEMBULUNG!AC46+SRATEN!AB46+TAMANAGUNG!AH46+TAMPO!AB46 -> 1047
B47: 2 | C47: INAYANTI KUSUMASARI, S.E. | E47: =BENCULUK!AS47+CLURING!AL47+KALIPLOSO!Q47+PLAMPANGREJO!AE47+SARIMULYO!AA47+SEMBULUNG!AC47+SRATEN!AB47+TAMANAGUNG!AH47+TAMPO!AB47 -> 6700
B48: 3 | C48: TOPAN HADI SUCIPTO, S.H. | E48: =BENCULUK!AS48+CLURING!AL48+KALIPLOSO!Q48+PLAMPANGREJO!AE48+SARIMULYO!AA48+SEMBULUNG!AC48+SRATEN!AB48+TAMANAGUNG!AH48+TAMPO!AB48 -> 253
B49: 4 | C49: HAULA KARIMA AKBAR, S.PD. | E49: =BENCULUK!AS49+CLURING!AL49+KALIPLOSO!Q49+PLAMPANGREJO!AE49+SARIMULYO!AA49+SEMBULUNG!AC49+SRATEN!AB49+TAMANAGUNG!AH49+TAMPO!AB49 -> 23
B50: 5 | C50: SUGENG HARYONO | E50: =BENCULUK!AS50+CLURING!AL50+KALIPLOSO!Q50+PLAMPANGREJO!AE50+SARIMULYO!AA50+SEMBULUNG!AC50+SRATEN!AB50+TAMANAGUNG!AH50+TAMPO!AB50 -> 23
B51: 6 | C51: MOH. RIYADUS SHOLIHIN, A.MD. | E51: =BENCULUK!AS51+CLURING!AL51+KALIPLOSO!Q51+PLAMPANGREJO!AE51+SARIMULYO!AA51+SEMBULUNG!AC51+SRATEN!AB51+TAMANAGUNG!AH51+TAMPO!AB51 -> 1095
A52: B | B52: JUMLAH SUARA SAH PARTAI POLITIK DAN CALON (A1 + A2) | E52: =SUM(E45:E51) -> 10348
A54: A.1 | B54: 2. | C54: Partai Gerakan Indonesia Raya | E54: =BENCULUK!AS54+CLURING!AL54+KALIPLOSO!Q54+PLAMPANGREJO!AE54+SARIMULYO!AA54+SEMBULUNG!AC54+SRATEN!AB54+TAMANAGUNG!AH54+TAMPO!AB54 -> 1558
A55: A.2 | B55: 1 | C55: AGUNG SUBASTIAN | E55: =BENCULUK!AS55+CLURING!AL55+KALIPLOSO!Q55+PLAMPANGREJO!AE55+SARIMULYO!AA55+SEMBULUNG!AC55+SRATEN!AB55+TAMANAGUNG!AH55+TAMPO!AB55 -> 2225
B56: 2 | C56: ABDUL HAMID | E56: =BENCULUK!AS56+CLURING!AL56+KALIPLOSO!Q56+PLAMPANGREJO!AE56+SARIMULYO!AA56+SEMBULUNG!AC56+SRATEN!AB56+TAMANAGUNG!AH56+TAMPO!AB56 -> 437
B57: 3 | C57: NUR ALVI NAZIMAH | E57: =BENCULUK!AS57+CLURING!AL57+KALIPLOSO!Q57+PLAMPANGREJO!AE57+SARIMULYO!AA57+SEMBULUNG!AC57+SRATEN!AB57+TAMANAGUNG!AH57+TAMPO!AB57 -> 147
B58: 4 | C58: EMI WIJAYANTI | E58: =BENCULUK!AS58+CLURING!AL58+KALIPLOSO!Q58+PLAMPANGREJO!AE58+SARIMULYO!AA58+SEMBULUNG!AC58+SRATEN!AB58+TAMANAGUNG!AH58+TAMPO!AB58 -> 112
B59: 5 | C59: MUHAMAD ALFAN SAIFUDIN | E59: =BENCULUK!AS59+CLURING!AL59+KALIPLOSO!Q59+PLAMPANGREJO!AE59+SARIMULYO!AA59+SEMBULUNG!AC59+SRATEN!AB59+TAMANAGUNG!AH59+TAMPO!AB59 -> 67
B60: 6 | C60: BAYU PUTRA PAMUNGKAS | E60: =BENCULUK!AS60+CLURING!AL60+KALIPLOSO!Q60+PLAMPANGREJO!AE60+SARIMULYO!AA60+SEMBULUNG!AC60+SRATEN!AB60+TAMANAGUNG!AH60+TAMPO!AB60 -> 70
A61: B | B61: JUMLAH SUARA SAH PARTAI POLITIK DAN CALON (A1 + A2) | E61: =SUM(E54:E60) -> 4616
A63: A.1 | B63: 3. | C63: Partai Demokrasi Indonesia Perjuangan | E63: =BENCULUK!AS63+CLURING!AL63+KALIPLOSO!Q63+PLAMPANGREJO!AE63+SARIMULYO!AA63+SEMBULUNG!AC63+SRATEN!AB63+TAMANAGUNG!AH63+TAMPO!AB63 -> 1511
A64: A.2 | B64: 1 | C64: IR. YAYUK BANAR SRI PANGAYOM | E64: =BENCULUK!AS64+CLURING!AL64+KALIPLOSO!Q64+PLAMPANGREJO!AE64+SARIMULYO!AA64+SEMBULUNG!AC64+SRATEN!AB64+TAMANAGUNG!AH64+TAMPO!AB64 -> 1185
B65: 2 | C65: DR. ANA ANIATI | E65: =BENCULUK!AS65+CLURING!AL65+KALIPLOSO!Q65+PLAMPANGREJO!AE65+SARIMULYO!AA65+SEMBULUNG!AC65+SRATEN!AB65+TAMANAGUNG!AH65+TAMPO!AB65 -> 3313
B66: 3 | C66: HADI WIDODO, S.P. | E66: =BENCULUK!AS66+CLURING!AL66+KALIPLOSO!Q66+PLAMPANGREJO!AE66+SARIMULYO!AA66+SEMBULUNG!AC66+SRATEN!AB66+TAMANAGUNG!AH66+TAMPO!AB66 -> 4277
B67: 4 | C67: ANDIKO PUTRA MAHATTA | E67: =BENCULUK!AS67+CLURING!AL67+KALIPLOSO!Q67+PLAMPANGREJO!AE67+SARIMULYO!AA67+SEMBULUNG!AC67+SRATEN!AB67+TAMANAGUNG!AH67+TAMPO!AB67 -> 224
B68: 5 | C68: YUNI APRILIA | E68: =BENCULUK!AS68+CLURING!AL68+KALIPLOSO!Q68+PLAMPANGREJO!AE68+SARIMULYO!AA68+SEMBULUNG!AC68+SRATEN!AB68+TAMANAGUNG!AH68+TAMPO!AB68 -> 58
B69: 6 | C69: IKE PREDITA FIKTARYANA | E69: =BENCULUK!AS69+CLURING!AL69+KALIPLOSO!Q69+PLAMPANGREJO!AE69+SARIMULYO!AA69+SEMBULUNG!AC69+SRATEN!AB69+TAMANAGUNG!AH69+TAMPO!AB69 -> 42
A70: B | B70: JUMLAH SUARA SAH PARTAI POLITIK DAN CALON (A1 + A2) | E70: =SUM(E63:E69) -> 10610
A72: A.1 | B72: 4. | C72: Partai Golongan Karya | E72: =BENCULUK!AS72+CLURING!AL72+KALIPLOSO!Q72+PLAMPANGREJO!AE72+SARIMULYO!AA72+SEMBULUNG!AC72+SRATEN!AB72+TAMANAGUNG!AH72+TAMPO!AB72 -> 854
A73: A.2 | B73: 1 | C73: SOFIANDI SUSIADI, A.MD. | E73: =BENCULUK!AS73+CLURING!AL73+KALIPLOSO!Q73+PLAMPANGREJO!AE73+SARIMULYO!AA73+SEMBULUNG!AC73+SRATEN!AB73+TAMANAGUNG!AH73+TAMPO!AB73 -> 5904
B74: 2 | C74: SUHAERI, S.PD. | E74: =BENCULUK!AS74+CLURING!AL74+KALIPLOSO!Q74+PLAMPANGREJO!AE74+SARIMULYO!AA74+SEMBULUNG!AC74+SRATEN!AB74+TAMANAGUNG!AH74+TAMPO!AB74 -> 164
B75: 3 | C75: SITI MAHMUDAH, S.SOS. | E75: =BENCULUK!AS75+CLURING!AL75+KALIPLOSO!Q75+PLAMPANGREJO!AE75+SARIMULYO!AA75+SEMBULUNG!AC75+SRATEN!AB75+TAMANAGUNG!AH75+TAMPO!AB75 -> 64
B76: 4 | C76: HENI KOMISATUN | E76: =BENCULUK!AS76+CLURING!AL76+KALIPLOSO!Q76+PLAMPANGREJO!AE76+SARIMULYO!AA76+SEMBULUNG!AC76+SRATEN!AB76+TAMANAGUNG!AH76+TAMPO!AB76 -> 69
B77: 5 | C77: KUSYONO | E77: =BENCULUK!AS77+CLURING!AL77+KALIPLOSO!Q77+PLAMPANGREJO!AE77+SARIMULYO!AA77+SEMBULUNG!AC77+SRATEN!AB77+TAMANAGUNG!AH77+TAMPO!AB77 -> 18
B78: 6 | C78: SUROSO | E78: =BENCULUK!AS78+CLURING!AL78+KALIPLOSO!Q78+PLAMPANGREJO!AE78+SARIMULYO!AA78+SEMBULUNG!AC78+SRATEN!AB78+TAMANAGUNG!AH78+TAMPO!AB78 -> 10
A79: B | B79: JUMLAH SUARA SAH PARTAI POLITIK DAN CALON (A1 + A2) | E79: =SUM(E72:E78) -> 7083
A81: A.1 | B81: 5. | C81: Partai NasDem | E81: =BENCULUK!AS81+CLURING!AL81+KALIPLOSO!Q81+PLAMPANGREJO!AE81+SARIMULYO!AA81+SEMBULUNG!AC81+SRATEN!AB81+TAMANAGUNG!AH81+TAMPO!AB81 -> 131
A82: A.2 | B82: 1 | C82: ABU SUFYAN, S.E., S.T., M.SI., M.ARS. | E82: =BENCULUK!AS82+CLURING!AL82+KALIPLOSO!Q82+PLAMPANGREJO!AE82+SARIMULYO!AA82+SEMBULUNG!AC82+SRATEN!AB82+TAMANAGUNG!AH82+TAMPO!AB82 -> 568
B83: 2 | C83: LUKMAN HAKIM | E83: =BENCULUK!AS83+CLURING!AL83+KALIPLOSO!Q83+PLAMPANGREJO!AE83+SARIMULYO!AA83+SEMBULUNG!AC83+SRATEN!AB83+TAMANAGUNG!AH83+TAMPO!AB83 -> 31
B84: 3 | C84: DEWI WULANDARI | E84: =BENCULUK!AS84+CLURING!AL84+KALIPLOSO!Q84+PLAMPANGREJO!AE84+SARIMULYO!AA84+SEMBULUNG!AC84+SRATEN!AB84+TAMANAGUNG!AH84+TAMPO!AB84 -> 16
B85: 4 | C85: JAENURI | E85: =BENCULUK!AS85+CLURING!AL85+KALIPLOSO!Q85+PLAMPANGREJO!AE85+SARIMULYO!AA85+SEMBULUNG!AC85+SRATEN!AB85+TAMANAGUNG!AH85+TAMPO!AB85 -> 12
B86: 5 | C86: TRI DINDA LESTARI | E86: =BENCULUK!AS86+CLURING!AL86+KALIPLOSO!Q86+PLAMPANGREJO!AE86+SARIMULYO!AA86+SEMBULUNG!AC86+SRATEN!AB86+TAMANAGUNG!AH86+TAMPO!AB86 -> 82
B87: 6 | C87: AGUS SETIAWAN, A.MD. | E87: =BENCULUK!AS87+CLURING!AL87+KALIPLOSO!Q87+PLAMPANGREJO!AE87+SARIMULYO!AA87+SEMBULUNG!AC87+SRATEN!AB87+TAMANAGUNG!AH87+TAMPO!AB87 -> 22
A88: B | B88: JUMLAH SUARA SAH PARTAI POLITIK DAN CALON (A1 + A2) | E88: =SUM(E81:E87) -> 862
A90: A.1 | B90: 6. | C90: Partai Buruh | E90: =BENCULUK!AS90+CLURING!AL90+KALIPLOSO!Q90+PLAMPANGREJO!AE90+SARIMULYO!AA90+SEMBULUNG!AC90+SRATEN!AB90+TAMANAGUNG!AH90+TAMPO!AB90 -> 66
B91: 1 | C91: AHMAD MIKKO SYAHRIAL | E91: =BENCULUK!AS91+CLURING!AL91+KALIPLOSO!Q91+PLAMPANGREJO!AE91+SARIMULYO!AA91+SEMBULUNG!AC91+SRATEN!AB91+TAMANAGUNG!AH91+TAMPO!AB91 -> 40
B92: 2 | C92: SITI NURJANNAH | E92: =BENCULUK!AS92+CLURING!AL92+KALIPLOSO!Q92+PLAMPANGREJO!AE92+SARIMULYO!AA92+SEMBULUNG!AC92+SRATEN!AB92+TAMANAGUNG!AH92+TAMPO!AB92 -> 18
A93: A.2 | B93: 3 | C93: RUDI CHRISTIAWAN | E93: =BENCULUK!AS93+CLURING!AL93+KALIPLOSO!Q93+PLAMPANGREJO!AE93+SARIMULYO!AA93+SEMBULUNG!AC93+SRATEN!AB93+TAMANAGUNG!AH93+TAMPO!AB93 -> 24
A94: B | B94: JUMLAH SUARA SAH PARTAI POLITIK DAN CALON (A1 + A2) | E94: =SUM(E90:E93) -> 148
A96: A.1 | B96: 7. | C96: Partai Gelombang Rakyat Indonesia | E96: =BENCULUK!AS96+CLURING!AL96+KALIPLOSO!Q96+PLAMPANGREJO!AE96+SARIMULYO!AA96+SEMBULUNG!AC96+SRATEN!AB96+TAMANAGUNG!AH96+TAMPO!AB96 -> 46
A97: A.2 | B97: 1 | C97: LUTFIYAH | E97: =BENCULUK!AS97+CLURING!AL97+KALIPLOSO!Q97+PLAMPANGREJO!AE97+SARIMULYO!AA97+SEMBULUNG!AC97+SRATEN!AB97+TAMANAGUNG!AH97+TAMPO!AB97 -> 16
B98: 2 | C98: NURMANSYAH | E98: =BENCULUK!AS98+CLURING!AL98+KALIPLOSO!Q98+PLAMPANGREJO!AE98+SARIMULYO!AA98+SEMBULUNG!AC98+SRATEN!AB98+TAMANAGUNG!AH98+TAMPO!AB98 -> 10
A99: B | B99: JUMLAH SUARA SAH PARTAI POLITIK DAN CALON (A1 + A2) | E99: =SUM(E96:E98) -> 72
A101: A.1 | B101: 8. | C101: Partai Keadilan Sejahtera | E101: =BENCULUK!AS101+CLURING!AL101+KALIPLOSO!Q101+PLAMPANGREJO!AE101+SARIMULYO!AA101+SEMBULUNG!AC101+SRATEN!AB101+TAMANAGUNG!AH101+TAMPO!AB101 -> 98
A102: A.2 | B102: 1 | C102: ANHARUDIN, S.PD.I. | E102: =BENCULUK!AS102+CLURING!AL102+KALIPLOSO!Q102+PLAMPANGREJO!AE102+SARIMULYO!AA102+SEMBULUNG!AC102+SRATEN!AB102+TAMANAGUNG!AH102+TAMPO!AB102 -> 215
B103: 2 | C103: NASUKI SYAMSUL, S.H. | E103: =BENCULUK!AS103+CLURING!AL103+KALIPLOSO!Q103+PLAMPANGREJO!AE103+SARIMULYO!AA103+SEMBULUNG!AC103+SRATEN!AB103+TAMANAGUNG!AH103+TAMPO!AB103 -> 31
B104: 3 | C104: LAILATUR ROSYIDAH | E104: =BENCULUK!AS104+CLURING!AL104+KALIPLOSO!Q104+PLAMPANGREJO!AE104+SARIMULYO!AA104+SEMBULUNG!AC104+SRATEN!AB104+TAMANAGUNG!AH104+TAMPO!AB104 -> 24
B105: 4 | C105: ALI MANSUR, S.T. | E105: =BENCULUK!AS105+CLURING!AL105+KALIPLOSO!Q105+PLAMPANGREJO!AE105+SARIMULYO!AA105+SEMBULUNG!AC105+SRATEN!AB105+TAMANAGUNG!AH105+TAMPO!AB105 -> 10
B106: 5 | C106: ALFIRA ROSALIANA | E106: =BENCULUK!AS106+CLURING!AL106+KALIPLOSO!Q106+PLAMPANGREJO!AE106+SARIMULYO!AA106+SEMBULUNG!AC106+SRATEN!AB106+TAMANAGUNG!AH106+TAMPO!AB106 -> 2
B107: 6 | C107: WILDA GUSFIYANTI AZIZ, S.A. | E107: =BENCULUK!AS107+CLURING!AL107+KALIPLOSO!Q107+PLAMPANGREJO!AE107+SARIMULYO!AA107+SEMBULUNG!AC107+SRATEN!AB107+TAMANAGUNG!AH107+TAMPO!AB107 -> 4
A108: B | B108: JUMLAH SUARA SAH PARTAI POLITIK DAN CALON (A1 + A2) | E108: =SUM(E101:E107) -> 384
A110: A.1 | B110: 9. | C110: Partai Kebangkitan Nusantara | E110: =BENCULUK!AS110+CLURING!AL110+KALIPLOSO!Q110+PLAMPANGREJO!AE110+SARIMULYO!AA110+SEMBULUNG!AC110+SRATEN!AB110+TAMANAGUNG!AH110+TAMPO!AB110 -> 10
B111: 1 | C111: NANANG HENDIK ROBBY A.S. | E111: =BENCULUK!AS111+CLURING!AL111+KALIPLOSO!Q111+PLAMPANGREJO!AE111+SARIMULYO!AA111+SEMBULUNG!AC111+SRATEN!AB111+TAMANAGUNG!AH111+TAMPO!AB111 -> 5
B112: 2 | C112: ANY SUSWATI, S.PD. | E112: =BENCULUK!AS112+CLURING!AL112+KALIPLOSO!Q112+PLAMPANGREJO!AE112+SARIMULYO!AA112+SEMBULUNG!AC112+SRATEN!AB112+TAMANAGUNG!AH112+TAMPO!AB112 -> 4
B113: 3 | C113: UNTUNG SUPRIYADI | E113: =BENCULUK!AS113+CLURING!AL113+KALIPLOSO!Q113+PLAMPANGREJO!AE113+SARIMULYO!AA113+SEMBULUNG!AC113+SRATEN!AB113+TAMANAGUNG!AH113+TAMPO!AB113 -> 2
A114: A.2 | B114: 4 | C114: RETNO JUMLIAH | E114: =BENCULUK!AS114+CLURING!AL114+KALIPLOSO!Q114+PLAMPANGREJO!AE114+SARIMULYO!AA114+SEMBULUNG!AC114+SRATEN!AB114+TAMANAGUNG!AH114+TAMPO!AB114 -> 1
A115: B | B115: JUMLAH SUARA SAH PARTAI POLITIK DAN CALON (A1 + A2) | E115: =SUM(E110:E114) -> 22
A117: A.1 | B117: 10. | C117: Partai Hati Nurani Rakyat | E117: =BENCULUK!AS117+CLURING!AL117+KALIPLOSO!Q117+PLAMPANGREJO!AE117+SARIMULYO!AA117+SEMBULUNG!AC117+SRATEN!AB117+TAMANAGUNG!AH117+TAMPO!AB117 -> 23
A118: A.2 | B118: 1 | C118: SRI UTAMI FAKTUNINGSIH | E118: =BENCULUK!AS118+CLURING!AL118+KALIPLOSO!Q118+PLAMPANGREJO!AE118+SARIMULYO!AA118+SEMBULUNG!AC118+SRATEN!AB118+TAMANAGUNG!AH118+TAMPO!AB118 -> 18
B119: 2 | C119: MOH. ARBI SAFITRA | E119: =BENCULUK!AS119+CLURING!AL119+KALIPLOSO!Q119+PLAMPANGREJO!AE119+SARIMULYO!AA119+SEMBULUNG!AC119+SRATEN!AB119+TAMANAGUNG!AH119+TAMPO!AB119 -> 19
B120: 3 | C120: ANDY WITONO, S.T. | E120: =BENCULUK!AS120+CLURING!AL120+KALIPLOSO!Q120+PLAMPANGREJO!AE120+SARIMULYO!AA120+SEMBULUNG!AC120+SRATEN!AB120+TAMANAGUNG!AH120+TAMPO!AB120 -> 4
B121: 4 | C121: H. MUSTOFA HS | E121: =BENCULUK!AS121+CLURING!AL121+KALIPLOSO!Q121+PLAMPANGREJO!AE121+SARIMULYO!AA121+SEMBULUNG!AC121+SRATEN!AB121+TAMANAGUNG!AH121+TAMPO!AB121 -> 4
...

Sheet BENCULUK
C2: Kecamatan | D2: CLURING
C3: Kabupaten | D3: BANYUWANGI
C4: Provinsi | D4: JAWA TIMUR
C9: Kelurahan | D9: BENCULUK
A12: I | B12: DATA PEMILIH DAN PENGGUNAAN HAK PILIH | AS12: JUMLAH AKHIR
A13: A | B13: DATA PEMILIH | E13: TPS 001 | F13: TPS 002 | G13: TPS 003 | H13: TPS 004 | I13: TPS 005 | J13: TPS 006 | K13: TPS 007 | L13: TPS 008 | M13: TPS 009 | N13: TPS 010 | O13: TPS 011 | P13: TPS 012 | Q13: TPS 013 | R13: TPS 014 | S13: TPS 015 | T13: TPS 016 | U13: TPS 017 | V13: TPS 018 | W13: TPS 019 | X13: TPS 020 | Y13: TPS 021 | Z13: TPS 022 | AA13: TPS 023 | AB13: TPS 024 | AC13: TPS 025 | AD13: TPS 026 | AE13: TPS 027 | AF13: TPS 028 | AG13: TPS 029 | AH13: TPS 030 | AI13: TPS 031 | AJ13: TPS 032 | AK13: TPS 033 | AL13: TPS 034 | AM13: TPS 035 | AN13: TPS 036 | AO13: TPS 037 | AP13: TPS 038 | AQ13: TPS 039 | AR13: TPS 040
B14: Jumlah Pemilih dalam Daftar Pemilih Tetap (DPT) | D14: LK | E14: 136 | F14: 122 | G14: 131 | H14: 114 | I14: 125 | J14: 123 | K14: 119 | L14: 115 | M14: 138 | N14: 121 | O14: 126 | P14: 124 | Q14: 141 | R14: 144 | S14: 139 | T14: 124 | U14: 123 | V14: 119 | W14: 123 | X14: 134 | Y14: 129 | Z14: 139 | AA14: 138 | AB14: 118 | AC14: 140 | AD14: 136 | AE14: 153 | AF14: 141 | AG14: 133 | AH14: 131 | AI14: 135 | AJ14: 127 | AK14: 141 | AL14: 127 | AM14: 130 | AN14: 132 | AO14: 125 | AP14: 143 | AQ14: 146 | AR14: 130 | AS14: =SUM(E14:AR14) -> 5235
D15: PR | E15: 123 | F15: 131 | G15: 122 | H15: 141 | I15: 121 | J15: 120 | K15: 126 | L15: 120 | M15: 134 | N15: 138 | O15: 125 | P15: 144 | Q15: 142 | R15: 133 | S15: 141 | T15: 137 | U15: 129 | V15: 113 | W15: 146 | X15: 131 | Y15: 146 | Z15: 145 | AA15: 142 | AB15: 132 | AC15: 123 | AD15: 136 | AE15: 136 | AF15: 143 | AG15: 137 | AH15: 122 | AI15: 131 | AJ15: 123 | AK15: 125 | AL15: 130 | AM15: 135 | AN15: 133 | AO15: 132 | AP15: 147 | AQ15: 126 | AR15: 140 | AS15: =SUM(E15:AR15) -> 5301
D16: JML | E16: =SUM(E14:E15) -> 259 | F16: =SUM(F14:F15) -> 253 | G16: =SUM(G14:G15) -> 253 | H16: =SUM(H14:H15) -> 255 | I16: =SUM(I14:I15) -> 246 | J16: =SUM(J14:J15) -> 243 | K16: =SUM(K14:K15) -> 245 | L16: =SUM(L14:L15) -> 235 | ... AR16: =SUM(AR14:AR15) -> 270 | AS16: =SUM(E16:AR16) -> 10536
A18: B | B18: PENGGUNA HAK PILIH
B19: 1. | C19: Jumlah pengguna hak pilih dalam Daftar Pemilih Tetap (DPT) | D19: LK | E19: 106 | F19: 98 | G19: 88 | H19: 84 | I19: 89 | J19: 83 | K19: 79 | L19: 92 | M19: 94 | N19: 87 | O19: 92 | P19: 81 | Q19: 98 | R19: 92 | S19: 102 | T19: 99 | U19: 85 | V19: 77 | W19: 97 | X19: 100 | Y19: 86 | Z19: 106 | AA19: 104 | AB19: 89 | AC19: 103 | AD19: 120 | AE19: 118 | AF19: 112 | AG19: 110 | AH19: 92 | AI19: 109 | AJ19: 92 | AK19: 108 | AL19: 99 | AM19: 93 | AN19: 113 | AO19: 96 | AP19: 111 | AQ19: 92 | AR19: 90 | AS19: =SUM(E19:AR19) -> 3866
D20: PR | E20: 92 | F20: 93 | G20: 89 | H20: 114 | I20: 98 | J20: 82 | K20: 86 | L20: 87 | M20: 104 | N20: 103 | O20: 97 | P20: 92 | Q20: 99 | R20: 85 | S20: 119 | T20: 108 | U20: 103 | V20: 79 | W20: 118 | X20: 108 | Y20: 115 | Z20: 116 | AA20: 124 | AB20: 101 | AC20: 94 | AD20: 118 | AE20: 113 | AF20: 117 | AG20: 112 | AH20: 91 | AI20: 111 | AJ20: 105 | AK20: 109 | AL20: 105 | AM20: 105 | AN20: 120 | AO20: 104 | AP20: 120 | AQ20: 101 | AR20: 106 | AS20: =SUM(E20:AR20) -> 4143
D21: JML | E21: 198 | F21: 191 | G21: 177 | H21: 198 | I21: 187 | J21: 165 | K21: 165 | L21: 179 | M21: 198 | N21: 190 | O21: 189 | P21: 173 | Q21: 197 | R21: 177 | S21: 221 | T21: 207 | U21: 188 | V21: 156 | W21: 215 | X21: 208 | Y21: 201 | Z21: 222 | AA21: 228 | AB21: 190 | AC21: 197 | AD21: 238 | AE21: 231 | AF21: 229 | AG21: 222 | AH21: 183 | AI21: 220 | AJ21: 197 | AK21: 217 | AL21: 204 | AM21: 198 | AN21: 233 | AO21: 200 | AP21: 231 | AQ21: 193 | AR21: 196 | AS21: =SUM(E21:AR21) -> 8009
B22: 2. | C22: Jumlah pengguna hak pilih dalam Daftar Pemilih Tambahan (DPTb) | D22: LK | E22: 0 | F22: 0 | G22: 1 | H22: 0 | I22: 0 | J22: 0 | K22: 0 | L22: 0 | M22: 0 | N22: 0 | O22: 0 | P22: 0 | Q22: 0 | R22: 0 | S22: 0 | T22: 0 | U22: 0 | V22: 0 | W22: 0 | X22: 1 | Y22: 0 | Z22: 0 | AA22: 0 | AB22: 0 | AC22: 0 | AD22: 0 | AE22: 0 | AF22: 0 | AG22: 0 | AH22: 0 | AI22: 0 | AJ22: 0 | AK22: 0 | AL22: 0 | AM22: 0 | AN22: 0 | AO22: 0 | AP22: 0 | AQ22: 0 | AR22: 0 | AS22: =SUM(E22:AR22) -> 2
D23: PR | E23: 0 | F23: 0 | G23: 0 | H23: 0 | I23: 0 | J23: 0 | K23: 0 | L23: 0 | M23: 0 | N23: 0 | O23: 0 | P23: 0 | Q23: 0 | R23: 0 | S23: 0 | T23: 0 | U23: 0 | V23: 0 | W23: 0 | X23: 0 | Y23: 0 | Z23: 0 | AA23: 0 | AB23: 0 | AC23: 0 | AD23: 0 | AE23: 0 | AF23: 0 | AG23: 0 | AH23: 0 | AI23: 0 | AJ23: 0 | AK23: 0 | AL23: 0 | AM23: 0 | AN23: 0 | AO23: 0 | AP23: 0 | AQ23: 0 | AR23: 0 | AS23: =SUM(E23:AR23) -> 0
D24: JML | E24: 0 | F24: 0 | G24: 1 | H24: 0 | I24: 0 | J24: 0 | K24: 0 | L24: 0 | M24: 0 | N24: 0 | O24: 0 | P24: 0 | Q24: 0 | R24: 0 | S24: 0 | T24: 0 | U24: 0 | V24: 0 | W24: 0 | X24: 1 | Y24: 0 | Z24: 0 | AA24: 0 | AB24: 0 | AC24: 0 | AD24: 0 | AE24: 0 | AF24: 0 | AG24: 0 | AH24: 0 | AI24: 0 | AJ24: 0 | AK24: 0 | AL24: 0 | AM24: 0 | AN24: 0 | AO24: 0 | AP24: 0 | AQ24: 0 | AR24: 0 | AS24: =SUM(E24:AR24) -> 2
B25: 3. | C25: Jumlah pengguna hak pilih dalam Daftar Pemilih Khusus (DPK) | D25: LK | E25: 3 | F25: 0 | G25: 0 | H25: 1 | I25: 0 | J25: 1 | K25: 0 | L25: 0 | M25: 0 | N25: 0 | O25: 1 | P25: 0 | Q25: 2 | R25: 0 | S25: 0 | T25: 5 | U25: 0 | V25: 0 | W25: 0 | X25: 0 | Y25: 2 | Z25: 1 | AA25: 4 | AB25: 1 | AC25: 0 | AD25: 0 | AE25: 0 | AF25: 0 | AG25: 0 | AH25: 3 | AI25: 0 | AJ25: 0 | AK25: 0 | AL25: 1 | AM25: 1 | AN25: 1 | AO25: 0 | AP25: 1 | AQ25: 1 | AR25: 0 | AS25: =SUM(E25:AR25) -> 29
D26: PR | E26: 3 | F26: 0 | G26: 0 | H26: 1 | I26: 0 | J26: 0 | K26: 1 | L26: 0 | M26: 0 | N26: 0 | O26: 2 | P26: 1 | Q26: 3 | R26: 0 | S26: 0 | T26: 0 | U26: 0 | V26: 0 | W26: 0 | X26: 0 | Y26: 3 | Z26: 0 | AA26: 1 | AB26: 2 | AC26: 2 | AD26: 0 | AE26: 0 | AF26: 0 | AG26: 0 | AH26: 1 | AI26: 1 | AJ26: 0 | AK26: 0 | AL26: 0 | AM26: 1 | AN26: 1 | AO26: 0 | AP26: 1 | AQ26: 3 | AR26: 0 | AS26: =SUM(E26:AR26) -> 27
D27: JML | E27: 6 | F27: 0 | G27: 0 | H27: 2 | I27: 0 | J27: 1 | K27: 1 | L27: 0 | M27: 0 | N27: 0 | O27: 3 | P27: 1 | Q27: 5 | R27: 0 | S27: 0 | T27: 5 | U27: 0 | V27: 0 | W27: 0 | X27: 0 | Y27: 5 | Z27: 1 | AA27: 5 | AB27: 3 | AC27: 2 | AD27: 0 | AE27: 0 | AF27: 0 | AG27: 0 | AH27: 4 | AI27: 1 | AJ27: 0 | AK27: 0 | AL27: 1 | AM27: 2 | AN27: 2 | AO27: 0 | AP27: 2 | AQ27: 4 | AR27: 0 | AS27: =SUM(E27:AR27) -> 56
B28: 4. | C28: Jumlah Pengguna Hak Pilih (B.1+B.2+B.3) | D28: LK | E28: 109 | F28: 98 | G28: 89 | H28: 85 | I28: 89 | J28: 84 | K28: 79 | L28: 92 | M28: 94 | N28: 87 | O28: 93 | P28: 81 | Q28: 100 | R28: 92 | S28: 102 | T28: 104 | U28: 85 | V28: 77 | W28: 97 | X28: 101 | Y28: 88 | Z28: 107 | AA28: 108 | AB28: 90 | AC28: 103 | AD28: 120 | AE28: 118 | AF28: 112 | AG28: 110 | AH28: 95 | AI28: 109 | AJ28: 92 | AK28: 108 | AL28: 100 | AM28: 94 | AN28: 114 | AO28: 96 | AP28: 112 | AQ28: 93 | AR28: 90 | AS28: =SUM(E28:AR28) -> 3897
D29: PR | E29: 95 | F29: 93 | G29: 89 | H29: 115 | I29: 98 | J29: 82 | K29: 87 | L29: 87 | M29: 104 | N29: 103 | O29: 99 | P29: 93 | Q29: 102 | R29: 85 | S29: 119 | T29: 108 | U29: 103 | V29: 79 | W29: 118 | X29: 108 | Y29: 118 | Z29: 116 | AA29: 125 | AB29: 103 | AC29: 96 | AD29: 118 | AE29: 113 | AF29: 117 | AG29: 112 | AH29: 92 | AI29: 112 | AJ29: 105 | AK29: 109 | AL29: 105 | AM29: 106 | AN29: 121 | AO29: 104 | AP29: 121 | AQ29: 104 | AR29: 106 | AS29: =SUM(E29:AR29) -> 4170
D30: JML | E30: =SUM(E28:E29) -> 204 | F30: =SUM(F28:F29) -> 191 | G30: =SUM(G28:G29) -> 178 | H30: =SUM(H28:H29) -> 200 | I30: =SUM(I28:I29) -> 187 | J30: =SUM(J28:J29) -> 166 | K30: =SUM(K28:K29) -> 166 | L30: =SUM(L28:L29) -> 179 | ... AR30: =SUM(AR28:AR29) -> 196 | AS30: =SUM(E30:AR30) -> 8067
A32: II | B32: DATA PENGGUNAAN SURAT SUARA
A33: 1 | B33: Jumlah surat suara yang diterima, termasuk surat suara cadangan 2,5% dari DPT | E33: 265 | F33: 260 | G33: 259 | H33: 261 | I33: 251 | J33: 248 | K33: 250 | L33: 240 | M33: 278 | N33: 265 | O33: 257 | P33: 274 | Q33: 289 | R33: 283 | S33: 286 | T33: 267 | U33: 258 | V33: 237 | W33: 275 | X33: 271 | Y33: 281 | Z33: 290 | AA33: 288 | AB33: 255 | AC33: 259 | AD33: 278 | AE33: 295 | AF33: 288 | AG33: 276 | AH33: 249 | AI33: 272 | AJ33: 254 | AK33: 272 | AL33: 263 | AM33: 271 | AN33: 270 | AO33: 263 | AP33: 296 | AQ33: 278 | AR33: 276 | AS33: =SUM(E33:AR33) -> 10748
A34: 2 | B34: Jumlah surat suara yang digunakan | E34: 204 | F34: 191 | G34: 178 | H34: 200 | I34: 187 | J34: 166 | K34: 166 | L34: 179 | M34: 198 | N34: 190 | O34: 192 | P34: 174 | Q34: 202 | R34: 177 | S34: 221 | T34: 212 | U34: 188 | V34: 156 | W34: 215 | X34: 209 | Y34: 206 | Z34: 223 | AA34: 233 | AB34: 193 | AC34: 199 | AD34: 238 | AE34: 231 | AF34: 229 | AG34: 222 | AH34: 187 | AI34: 221 | AJ34: 197 | AK34: 217 | AL34: 205 | AM34: 200 | AN34: 235 | AO34: 200 | AP34: 233 | AQ34: 197 | AR34: 196 | AS34: =SUM(E34:AR34) -> 8067
A35: 3 | B35: Jumlah surat suara dikembalikan oleh pemilih (karena rusak atau keliru coblos) | E35: 3 | F35: 3 | G35: 0 | H35: 5 | I35: 0 | J35: 0 | K35: 0 | L35: 0 | M35: 2 | N35: 0 | O35: 1 | P35: 1 | Q35: 0 | R35: 0 | S35: 1 | T35: 3 | U35: 2 | V35: 0 | W35: 0 | X35: 2 | Y35: 0 | Z35: 1 | AA35: 0 | AB35: 0 | AC35: 0 | AD35: 4 | AE35: 2 | AF35: 0 | AG35: 2 | AH35: 1 | AI35: 2 | AJ35: 0 | AK35: 0 | AL35: 0 | AM35: 1 | AN35: 1 | AO35: 0 | AP35: 0 | AQ35: 3 | AR35: 1 | AS35: =SUM(E35:AR35) -> 41
A36: 4 | B36: Jumlah surat suara yang tidak digunakan/tidak terpakai, termasuk sisa surat suara cadangan | E36: 58 | F36: 66 | G36: 81 | H36: 56 | I36: 64 | J36: 82 | K36: 84 | L36: 61 | M36: 78 | N36: 75 | O36: 64 | P36: 99 | Q36: 87 | R36: 106 | S36: 64 | T36: 52 | U36: 68 | V36: 81 | W36: 60 | X36: 60 | Y36: 75 | Z36: 66 | AA36: 55 | AB36: 62 | AC36: 60 | AD36: 36 | AE36: 62 | AF36: 59 | AG36: 52 | AH36: 61 | AI36: 49 | AJ36: 57 | AK36: 55 | AL36: 58 | AM36: 70 | AN36: 34 | AO36: 63 | AP36: 63 | AQ36: 78 | AR36: 79 | AS36: =SUM(E36:AR36) -> 2640
A38: III | B38: DATA PEMILIH DISABILITAS
B39: Jumlah seluruh Pemilih disabilitas yang menggunakan hak pilih | D39: LK | E39: 0 | F39: 1 | G39: 0 | H39: 0 | I39: 0 | J39: 0 | K39: 0 | L39: 0 | M39: 0 | N39: 0 | O39: 0 | P39: 0 | Q39: 0 | R39: 0 | S39: 0 | T39: 0 | U39: 0 | V39: 0 | W39: 0 | X39: 1 | Y39: 0 | Z39: 1 | AA39: 0 | AB39: 1 | AC39: 1 | AD39: 0 | AE39: 0 | AF39: 0 | AG39: 1 | AH39: 0 | AI39: 0 | AJ39: 0 | AK39: 0 | AL39: 1 | AM39: 0 | AN39: 3 | AO39: 0 | AP39: 0 | AQ39: 0 | AR39: 0 | AS39: =SUM(E39:AR39) -> 10
D40: PR | E40: 0 | F40: 0 | G40: 0 | H40: 0 | I40: 0 | J40: 0 | K40: 0 | L40: 0 | M40: 0 | N40: 0 | O40: 0 | P40: 1 | Q40: 0 | R40: 0 | S40: 0 | T40: 0 | U40: 0 | V40: 0 | W40: 0 | X40: 1 | Y40: 0 | Z40: 4 | AA40: 0 | AB40: 1 | AC40: 0 | AD40: 0 | AE40: 0 | AF40: 0 | AG40: 0 | AH40: 0 | AI40: 0 | AJ40: 0 | AK40: 0 | AL40: 1 | AM40: 0 | AN40: 9 | AO40: 0 | AP40: 0 | AQ40: 0 | AR40: 0 | AS40: =SUM(E40:AR40) -> 17
D41: JML | E41: =SUM(E39:E40) -> 0 | F41: =SUM(F39:F40) -> 1 | G41: =SUM(G39:G40) -> 0 | H41: =SUM(H39:H40) -> 0 | I41: =SUM(I39:I40) -> 0 | J41: =SUM(J39:J40) -> 0 | K41: =SUM(K39:K40) -> 0 | L41: =SUM(L39:L40) -> 0 | ... AR41: =SUM(AR39:AR40) -> 0 | AS41: =SUM(E41:AR41) -> 27
A43: IV | B43: DATA RINCIAN PEROLEHAN SUARA PASANGAN CALON BUPATI DAN WAKIL BUPATI
A44: NOMOR DAN NAMA CALON
A45: A.1 | B45: 1. | C45: Partai Kebangkitan Bangsa | E45: 3 | F45: 1 | G45: 4 | H45: 7 | I45: 2 | J45: 3 | K45: 8 | L45: 4 | M45: 3 | N45: 0 | O45: 3 | P45: 4 | Q45: 5 | R45: 5 | S45: 3 | T45: 6 | U45: 6 | V45: 5 | W45: 5 | X45: 3 | Y45: 4 | Z45: 6 | AA45: 7 | AB45: 9 | AC45: 3 | AD45: 2 | AE45: 4 | AF45: 5 | AG45: 7 | AH45: 6 | AI45: 2 | AJ45: 3 | AK45: 7 | AL45: 1 | AM45: 2 | AN45: 2 | AO45: 10 | AP45: 6 | AQ45: 5 | AR45: 2 | AS45: =SUM(E45:AR45) -> 173
A46: A.2 | B46: 1 | C46: KH. MUHAMMAD RIZA AZIZY, M.IEB. | E46: 2 | F46: 1 | G46: 0 | H46: 5 | I46: 3 | J46: 3 | K46: 1 | L46: 0 | M46: 0 | N46: 2 | O46: 0 | P46: 0 | Q46: 2 | R46: 3 | S46: 17 | T46: 4 | U46: 4 | V46: 5 | W46: 2 | X46: 5 | Y46: 7 | Z46: 12 | AA46: 12 | AB46: 17 | AC46: 13 | AD46: 2 | AE46: 8 | AF46: 14 | AG46: 8 | AH46: 15 | AI46: 2 | AJ46: 13 | AK46: 5 | AL46: 11 | AM46: 10 | AN46: 7 | AO46: 2 | AP46: 0 | AQ46: 4 | AR46: 3 | AS46: =SUM(E46:AR46) -> 224
B47: 2 | C47: INAYANTI KUSUMASARI, S.E. | E47: 4 | F47: 19 | G47: 27 | H47: 17 | I47: 29 | J47: 9 | K47: 11 | L47: 23 | M47: 11 | N47: 4 | O47: 0 | P47: 13 | Q47: 5 | R47: 4 | S47: 4 | T47: 4 | U47: 5 | V47: 6 | W47: 1 | X47: 6 | Y47: 23 | Z47: 10 | AA47: 6 | AB47: 5 | AC47: 14 | AD47: 6 | AE47: 9 | AF47: 9 | AG47: 12 | AH47: 15 | AI47: 9 | AJ47: 5 | AK47: 2 | AL47: 1 | AM47: 9 | AN47: 12 | AO47: 20 | AP47: 13 | AQ47: 6 | AR47: 9 | AS47: =SUM(E47:AR47) -> 397
B48: 3 | C48: TOPAN HADI SUCIPTO, S.H. | E48: 0 | F48: 0 | G48: 0 | H48: 0 | I48: 0 | J48: 1 | K48: 0 | L48: 0 | M48: 0 | N48: 0 | O48: 0 | P48: 0 | Q48: 0 | R48: 0 | S48: 0 | T48: 0 | U48: 0 | V48: 4 | W48: 1 | X48: 0 | Y48: 0 | Z48: 0 | AA48: 1 | AB48: 0 | AC48: 0 | AD48: 1 | AE48: 0 | AF48: 1 | AG48: 0 | AH48: 1 | AI48: 1 | AJ48: 0 | AK48: 0 | AL48: 0 | AM48: 0 | AN48: 0 | AO48: 0 | AP48: 1 | AQ48: 0 | AR48: 0 | AS48: =SUM(E48:AR48) -> 12
B49: 4 | C49: HAULA KARIMA AKBAR, S.PD. | E49: 0 | F49: 0 | G49: 0 | H49: 0 | I49: 1 | J49: 0 | K49: 0 | L49: 0 | M49: 0 | N49: 1 | O49: 0 | P49: 0 | Q49: 0 | R49: 0 | S49: 0 | T49: 0 | U49: 1 | V49: 0 | W49: 0 | X49: 0 | Y49: 0 | Z49: 0 | AA49: 0 | AB49: 0 | AC49: 0 | AD49: 0 | AE49: 0 | AF49: 0 | AG49: 1 | AH49: 0 | AI49: 0 | AJ49: 0 | AK49: 0 | AL49: 0 | AM49: 0 | AN49: 0 | AO49: 0 | AP49: 0 | AQ49: 0 | AR49: 0 | AS49: =SUM(E49:AR49) -> 4
B50: 5 | C50: SUGENG HARYONO | E50: 0 | F50: 0 | G50: 0 | H50: 0 | I50: 0 | J50: 0 | K50: 0 | L50: 0 | M50: 1 | N50: 0 | O50: 0 | P50: 0 | Q50: 0 | R50: 0 | S50: 0 | T50: 0 | U50: 0 | V50: 0 | W50: 0 | X50: 0 | Y50: 0 | Z50: 0 | AA50: 0 | AB50: 0 | AC50: 0 | AD50: 0 | AE50: 0 | AF50: 0 | AG50: 0 | AH50: 0 | AI50: 0 | AJ50: 0 | AK50: 0 | AL50: 0 | AM50: 0 | AN50: 1 | AO50: 0 | AP50: 0 | AQ50: 0 | AR50: 0 | AS50: =SUM(E50:AR50) -> 2
B51: 6 | C51: MOH. RIYADUS SHOLIHIN, A.MD. | E51: 9 | F51: 8 | G51: 3 | H51: 0 | I51: 6 | J51: 1 | K51: 0 | L51: 5 | M51: 6 | N51: 8 | O51: 0 | P51: 5 | Q51: 12 | R51: 1 | S51: 1 | T51: 2 | U51: 1 | V51: 1 | W51: 2 | X51: 0 | Y51: 0 | Z51: 0 | AA51: 0 | AB51: 0 | AC51: 0 | AD51: 1 | AE51: 0 | AF51: 0 | AG51: 0 | AH51: 0 | AI51: 0 | AJ51: 0 | AK51: 1 | AL51: 0 | AM51: 0 | AN51: 1 | AO51: 7 | AP51: 0 | AQ51: 0 | AR51: 2 | AS51: =SUM(E51:AR51) -> 83
A52: B | B52: JUMLAH SUARA SAH PARTAI POLITIK DAN CALON (A1 + A2) | E52: =SUM(E45:E51) -> 18 | F52: =SUM(F45:F51) -> 29 | G52: =SUM(G45:G51) -> 34 | H52: =SUM(H45:H51) -> 29 | I52: =SUM(I45:I51) -> 41 | J52: =SUM(J45:J51) -> 17 | K52: =SUM(K45:K51) -> 20 | L52: =SUM(L45:L51) -> 32 | ... AR52: =SUM(AR45:AR51) -> 16 | AS52: =SUM(E52:AR52) -> 895
AS53: =SUM(E53:AR53) -> 0
A54: A.1 | B54: 2. | C54: Partai Gerakan Indonesia Raya | E54: 4 | F54: 5 | G54: 6 | H54: 4 | I54: 5 | J54: 6 | K54: 3 | L54: 2 | M54: 3 | N54: 10 | O54: 2 | P54: 3 | Q54: 8 | R54: 9 | S54: 5 | T54: 7 | U54: 12 | V54: 4 | W54: 10 | X54: 6 | Y54: 3 | Z54: 6 | AA54: 3 | AB54: 7 | AC54: 16 | AD54: 14 | AE54: 14 | AF54: 3 | AG54: 4 | AH54: 5 | AI54: 5 | AJ54: 3 | AK54: 11 | AL54: 3 | AM54: 4 | AN54: 4 | AO54: 5 | AP54: 4 | AQ54: 10 | AR54: 3 | AS54: =SUM(E54:AR54) -> 241
A55: A.2 | B55: 1 | C55: AGUNG SUBASTIAN | E55: 12 | F55: 3 | G55: 6 | H55: 11 | I55: 1 | J55: 7 | K55: 11 | L55: 4 | M55: 9 | N55: 4 | O55: 10 | P55: 4 | Q55: 7 | R55: 4 | S55: 5 | T55: 16 | U55: 3 | V55: 2 | W55: 25 | X55: 22 | Y55: 15 | Z55: 7 | AA55: 28 | AB55: 43 | AC55: 107 | AD55: 186 | AE55: 162 | AF55: 61 | AG55: 43 | AH55: 15 | AI55: 35 | AJ55: 22 | AK55: 21 | AL55: 12 | AM55: 17 | AN55: 20 | AO55: 5 | AP55: 15 | AQ55: 21 | AR55: 9 | AS55: =SUM(E55:AR55) -> 1010
B56: 2 | C56: ABDUL HAMID | E56: 1 | F56: 2 | G56: 2 | H56: 0 | I56: 4 | J56: 1 | K56: 0 | L56: 0 | M56: 0 | N56: 1 | O56: 2 | P56: 3 | Q56: 0 | R56: 2 | S56: 1 | T56: 2 | U56: 0 | V56: 0 | W56: 2 | X56: 0 | Y56: 2 | Z56: 2 | AA56: 5 | AB56: 1 | AC56: 2 | AD56: 2 | AE56: 0 | AF56: 1 | AG56: 2 | AH56: 1 | AI56: 1 | AJ56: 0 | AK56: 0 | AL56: 2 | AM56: 0 | AN56: 0 | AO56: 0 | AP56: 1 | AQ56: 2 | AR56: 1 | AS56: =SUM(E56:AR56) -> 48
B57: 3 | C57: NUR ALVI NAZIMAH | E57: 1 | F57: 0 | G57: 2 | H57: 2 | I57: 1 | J57: 1 | K57: 0 | L57: 0 | M57: 0 | N57: 1 | O57: 1 | P57: 1 | Q57: 2 | R57: 0 | S57: 0 | T57: 1 | U57: 2 | V57: 0 | W57: 0 | X57: 1 | Y57: 0 | Z57: 1 | AA57: 0 | AB57: 0 | AC57: 0 | AD57: 0 | AE57: 0 | AF57: 0 | AG57: 0 | AH57: 0 | AI57: 0 | AJ57: 0 | AK57: 1 | AL57: 0 | AM57: 0 | AN57: 0 | AO57: 0 | AP57: 0 | AQ57: 1 | AR57: 0 | AS57: =SUM(E57:AR57) -> 19
B58: 4 | C58: EMI WIJAYANTI | E58: 0 | F58: 0 | G58: 0 | H58: 0 | I58: 0 | J58: 1 | K58: 0 | L58: 1 | M58: 0 | N58: 0 | O58: 0 | P58: 0 | Q58: 2 | R58: 0 | S58: 0 | T58: 0 | U58: 0 | V58: 2 | W58: 0 | X58: 0 | Y58: 0 | Z58: 0 | AA58: 0 | AB58: 0 | AC58: 0 | AD58: 0 | AE58: 0 | AF58: 5 | AG58: 0 | AH58: 1 | AI58: 0 | AJ58: 1 | AK58: 0 | AL58: 0 | AM58: 1 | AN58: 1 | AO58: 2 | AP58: 1 | AQ58: 1 | AR58: 0 | AS58: =SUM(E58:AR58) -> 19
B59: 5 | C59: MUHAMAD ALFAN SAIFUDIN | E59: 0 | F59: 0 | G59: 0 | H59: 0 | I59: 0 | J59: 0 | K59: 0 | L59: 0 | M59: 0 | N59: 0 | O59: 0 | P59: 1 | Q59: 0 | R59: 1 | S59: 0 | T59: 0 | U59: 0 | V59: 0 | W59: 1 | X59: 0 | Y59: 1 | Z59: 0 | AA59: 0 | AB59: 0 | AC59: 0 | AD59: 0 | AE59: 0 | AF59: 0 | AG59: 0 | AH59: 0 | AI59: 0 | AJ59: 1 | AK59: 0 | AL59: 1 | AM59: 0 | AN59: 0 | AO59: 0 | AP59: 0 | AQ59: 0 | AR59: 0 | AS59: =SUM(E59:AR59) -> 6
B60: 6 | C60: BAYU PUTRA PAMUNGKAS | E60: 1 | F60: 0 | G60: 0 | H60: 0 | I60: 0 | J60: 0 | K60: 1 | L60: 0 | M60: 0 | N60: 0 | O60: 1 | P60: 0 | Q60: 0 | R60: 0 | S60: 0 | T60: 0 | U60: 0 | V60: 1 | W60: 1 | X60: 0 | Y60: 0 | Z60: 0 | AA60: 0 | AB60: 0 | AC60: 0 | AD60: 0 | AE60: 0 | AF60: 0 | AG60: 1 | AH60: 0 | AI60: 0 | AJ60: 0 | AK60: 0 | AL60: 0 | AM60: 0 | AN60: 1 | AO60: 0 | AP60: 0 | AQ60: 0 | AR60: 0 | AS60: =SUM(E60:AR60) -> 7
A61: B | B61: JUMLAH SUARA SAH PARTAI POLITIK DAN CALON (A1 + A2) | E61: =SUM(E54:E60) -> 19 | F61: =SUM(F54:F60) -> 10 | G61: =SUM(G54:G60) -> 16 | H61: =SUM(H54:H60) -> 17 | I61: =SUM(I54:I60) -> 11 | J61: =SUM(J54:J60) -> 16 | K61: =SUM(K54:K60) -> 15 | L61: =SUM(L54:L60) -> 7 | ... AR61: =SUM(AR54:AR60) -> 13 | AS61: =SUM(E61:AR61) -> 1350
AS62: =SUM(E62:AR62) -> 0
A63: A.1 | B63: 3. | C63: Partai Demokrasi Indonesia Perjuangan | E63: 10 | F63: 5 | G63: 3 | H63: 5 | I63: 5 | J63: 3 | K63: 6 | L63: 2 | M63: 4 | N63: 6 | O63: 3 | P63: 13 | Q63: 12 | R63: 8 | S63: 5 | T63: 9 | U63: 15 | V63: 3 | W63: 3 | X63: 3 | Y63: 0 | Z63: 12 | AA63: 2 | AB63: 1 | AC63: 2 | AD63: 1 | AE63: 0 | AF63: 3 | AG63: 2 | AH63: 6 | AI63: 2 | AJ63: 5 | AK63: 12 | AL63: 11 | AM63: 9 | AN63: 4 | AO63: 4 | AP63: 3 | AQ63: 3 | AR63: 5 | AS63: =SUM(E63:AR63) -> 210
A64: A.2 | B64: 1 | C64: IR. YAYUK BANAR SRI PANGAYOM | E64: 6 | F64: 5 | G64: 2 | H64: 1 | I64: 2 | J64: 2 | K64: 1 | L64: 0 | M64: 3 | N64: 4 | O64: 12 | P64: 2 | Q64: 4 | R64: 2 | S64: 2 | T64: 7 | U64: 2 | V64: 2 | W64: 1 | X64: 2 | Y64: 6 | Z64: 2 | AA64: 0 | AB64: 0 | AC64: 1 | AD64: 1 | AE64: 0 | AF64: 0 | AG64: 1 | AH64: 0 | AI64: 1 | AJ64: 1 | AK64: 4 | AL64: 2 | AM64: 5 | AN64: 1 | AO64: 1 | AP64: 1 | AQ64: 1 | AR64: 1 | AS64: =SUM(E64:AR64) -> 91
B65: 2 | C65: DR. ANA ANIATI | E65: 17 | F65: 16 | G65: 52 | H65: 43 | I65: 49 | J65: 8 | K65: 22 | L65: 21 | M65: 11 | N65: 29 | O65: 6 | P65: 10 | Q65: 11 | R65: 13 | S65: 39 | T65: 42 | U65: 14 | V65: 21 | W65: 29 | X65: 6 | Y65: 11 | Z65: 19 | AA65: 7 | AB65: 24 | AC65: 6 | AD65: 1 | AE65: 1 | AF65: 23 | AG65: 21 | AH65: 19 | AI65: 15 | AJ65: 17 | AK65: 5 | AL65: 8 | AM65: 7 | AN65: 9 | AO65: 11 | AP65: 1 | AQ65: 0 | AR65: 14 | AS65: =SUM(E65:AR65) -> 678
B66: 3 | C66: HADI WIDODO, S.P. | E66: 6 | F66: 15 | G66: 2 | H66: 1 | I66: 5 | J66: 5 | K66: 3 | L66: 1 | M66: 2 | N66: 4 | O66: 7 | P66: 11 | Q66: 17 | R66: 5 | S66: 4 | T66: 14 | U66: 37 | V66: 13 | W66: 6 | X66: 3 | Y66: 11 | Z66: 16 | AA66: 5 | AB66: 1 | AC66: 5 | AD66: 0 | AE66: 0 | AF66: 2 | AG66: 6 | AH66: 2 | AI66: 50 | AJ66: 37 | AK66: 30 | AL66: 8 | AM66: 12 | AN66: 14 | AO66: 8 | AP66: 8 | AQ66: 16 | AR66: 16 | AS66: =SUM(E66:AR66) -> 408
B67: 4 | C67: ANDIKO PUTRA MAHATTA | E67: 0 | F67: 0 | G67: 0 | H67: 0 | I67: 0 | J67: 0 | K67: 0 | L67: 0 | M67: 0 | N67: 0 | O67: 0 | P67: 2 | Q67: 0 | R67: 0 | S67: 0 | T67: 0 | U67: 0 | V67: 0 | W67: 1 | X67: 0 | Y67: 0 | Z67: 1 | AA67: 0 | AB67: 1 | AC67: 0 | AD67: 0 | AE67: 0 | AF67: 0 | AG67: 1 | AH67: 2 | AI67: 0 | AJ67: 0 | AK67: 8 | AL67: 1 | AM67: 1 | AN67: 3 | AO67: 1 | AP67: 1 | AQ67: 1 | AR67: 1 | AS67: =SUM(E67:AR67) -> 25
B68: 5 | C68: YUNI APRILIA | E68: 0 | F68: 1 | G68: 0 | H68: 1 | I68: 0 | J68: 1 | K68: 0 | L68: 0 | M68: 0 | N68: 0 | O68: 0 | P68: 1 | Q68: 0 | R68: 0 | S68: 0 | T68: 0 | U68: 0 | V68: 0 | W68: 1 | X68: 0 | Y68: 0 | Z68: 0 | AA68: 0 | AB68: 0 | AC68: 0 | AD68: 0 | AE68: 0 | AF68: 0 | AG68: 0 | AH68: 0 | AI68: 0 | AJ68: 0 | AK68: 0 | AL68: 0 | AM68: 0 | AN68: 0 | AO68: 0 | AP68: 0 | AQ68: 0 | AR68: 0 | AS68: =SUM(E68:AR68) -> 5
B69: 6 | C69: IKE PREDITA FIKTARYANA | E69: 0 | F69: 0 | G69: 0 | H69: 0 | I69: 0 | J69: 0 | K69: 0 | L69: 0 | M69: 1 | N69: 0 | O69: 0 | P69: 2 | Q69: 0 | R69: 0 | S69: 0 | T69: 0 | U69: 1 | V69: 0 | W69: 0 | X69: 0 | Y69: 0 | Z69: 1 | AA69: 0 | AB69: 0 | AC69: 0 | AD69: 0 | AE69: 0 | AF69: 0 | AG69: 0 | AH69: 0 | AI69: 1 | AJ69: 0 | AK69: 0 | AL69: 0 | AM69: 0 | AN69: 0 | AO69: 0 | AP69: 0 | AQ69: 0 | AR69: 1 | AS69: =SUM(E69:AR69) -> 7
A70: B | B70: JUMLAH SUARA SAH PARTAI POLITIK DAN CALON (A1 + A2) | E70: =SUM(E63:E69) -> 39 | F70: =SUM(F63:F69) -> 42 | G70: =SUM(G63:G69) -> 59 | H70: =SUM(H63:H69) -> 51 | I70: =SUM(I63:I69) -> 61 | J70: =SUM(J63:J69) -> 19 | K70: =SUM(K63:K69) -> 32 | L70: =SUM(L63:L69) -> 24 | ... AR70: =SUM(AR63:AR69) -> 38 | AS70: =SUM(E70:AR70) -> 1424
AS71: =SUM(E71:AR71) -> 0
A72: A.1 | B72: 4. | C72: Partai Golongan Karya | E72: 4 | F72: 3 | G72: 1 | H72: 4 | I72: 2 | J72: 6 | K72: 4 | L72: 3 | M72: 7 | N72: 1 | O72: 5 | P72: 4 | Q72: 7 | R72: 3 | S72: 1 | T72: 3 | U72: 3 | V72: 1 | W72: 2 | X72: 2 | Y72: 0 | Z72: 1 | AA72: 0 | AB72: 1 | AC72: 1 | AD72: 0 | AE72: 0 | AF72: 1 | AG72: 3 | AH72: 7 | AI72: 2 | AJ72: 2 | AK72: 12 | AL72: 1 | AM72: 2 | AN72: 6 | AO72: 4 | AP72: 2 | AQ72: 4 | AR72: 5 | AS72: =SUM(E72:AR72) -> 120
A73: A.2 | B73: 1 | C73: SOFIANDI SUSIADI, A.MD. | E73: 26 | F73: 38 | G73: 23 | H73: 17 | I73: 36 | J73: 29 | K73: 30 | L73: 85 | M73: 77 | N73: 37 | O73: 68 | P73: 22 | Q73: 38 | R73: 14 | S73: 20 | T73: 10 | U73: 9 | V73: 13 | W73: 17 | X73: 7 | Y73: 17 | Z73: 8 | AA73: 3 | AB73: 11 | AC73: 5 | AD73: 7 | AE73: 13 | AF73: 19 | AG73: 28 | AH73: 41 | AI73: 17 | AJ73: 15 | AK73: 53 | AL73: 11 | AM73: 17 | AN73: 49 | AO73: 24 | AP73: 43 | AQ73: 45 | AR73: 38 | AS73: =SUM(E73:AR73) -> 1080
B74: 2 | C74: SUHAERI, S.PD. | E74: 0 | F74: 0 | G74: 0 | H74: 0 | I74: 0 | J74: 1 | K74: 0 | L74: 1 | M74: 0 | N74: 0 | O74: 1 | P74: 0 | Q74: 0 | R74: 0 | S74: 0 | T74: 0 | U74: 0 | V74: 0 | W74: 0 | X74: 0 | Y74: 2 | Z74: 0 | AA74: 0 | AB74: 0 | AC74: 0 | AD74: 0 | AE74: 0 | AF74: 0 | AG74: 1 | AH74: 1 | AI74: 0 | AJ74: 0 | AK74: 1 | AL74: 1 | AM74: 0 | AN74: 1 | AO74: 0 | AP74: 1 | AQ74: 3 | AR74: 0 | AS74: =SUM(E74:AR74) -> 14
B75: 3 | C75: SITI MAHMUDAH, S.SOS. | E75: 0 | F75: 0 | G75: 0 | H75: 1 | I75: 0 | J75: 1 | K75: 0 | L75: 0 | M75: 0 | N75: 0 | O75: 0 | P75: 0 | Q75: 0 | R75: 0 | S75: 0 | T75: 1 | U75: 0 | V75: 0 | W75: 0 | X75: 0 | Y75: 0 | Z75: 0 | AA75: 0 | AB75: 0 | AC75: 1 | AD75: 0 | AE75: 0 | AF75: 0 | AG75: 0 | AH75: 1 | AI75: 0 | AJ75: 0 | AK75: 0 | AL75: 0 | AM75: 0 | AN75: 0 | AO75: 1 | AP75: 0 | AQ75: 1 | AR75: 0 | AS75: =SUM(E75:AR75) -> 7
B76: 4 | C76: HENI KOMISATUN | E76: 0 | F76: 0 | G76: 0 | H76: 0 | I76: 0 | J76: 0 | K76: 0 | L76: 0 | M76: 0 | N76: 0 | O76: 0 | P76: 0 | Q76: 0 | R76: 0 | S76: 0 | T76: 0 | U76: 0 | V76: 0 | W76: 0 | X76: 0 | Y76: 0 | Z76: 0 | AA76: 0 | AB76: 0 | AC76: 0 | AD76: 0 | AE76: 0 | AF76: 0 | AG76: 0 | AH76: 0 | AI76: 0 | AJ76: 0 | AK76: 0 | AL76: 0 | AM76: 0 | AN76: 0 | AO76: 0 | AP76: 0 | AQ76: 0 | AR76: 0 | AS76: =SUM(E76:AR76) -> 0
B77: 5 | C77: KUSYONO | E77: 0 | F77: 0 | G77: 0 | H77: 0 | I77: 0 | J77: 0 | K77: 0 | L77: 0 | M77: 0 | N77: 0 | O77: 0 | P77: 0 | Q77: 0 | R77: 0 | S77: 0 | T77: 0 | U77: 0 | V77: 0 | W77: 0 | X77: 0 | Y77: 0 | Z77: 0 | AA77: 0 | AB77: 0 | AC77: 0 | AD77: 0 | AE77: 0 | AF77: 0 | AG77: 0 | AH77: 0 | AI77: 0 | AJ77: 0 | AK77: 0 | AL77: 0 | AM77: 0 | AN77: 0 | AO77: 0 | AP77: 0 | AQ77: 0 | AR77: 0 | AS77: =SUM(E77:AR77) -> 0
B78: 6 | C78: SUROSO | E78: 0 | F78: 0 | G78: 0 | H78: 0 | I78: 0 | J78: 0 | K78: 1 | L78: 0 | M78: 0 | N78: 0 | O78: 0 | P78: 0 | Q78: 0 | R78: 0 | S78: 0 | T78: 0 | U78: 0 | V78: 0 | W78: 0 | X78: 0 | Y78: 0 | Z78: 0 | AA78: 0 | AB78: 0 | AC78: 0 | AD78: 0 | AE78: 0 | AF78: 0 | AG78: 0 | AH78: 0 | AI78: 0 | AJ78: 0 | AK78: 0 | AL78: 0 | AM78: 0 | AN78: 0 | AO78: 0 | AP78: 0 | AQ78: 0 | AR78: 0 | AS78: =SUM(E78:AR78) -> 1
A79: B | B79: JUMLAH SUARA SAH PARTAI POLITIK DAN CALON (A1 + A2) | E79: =SUM(E72:E78) -> 30 | F79: =SUM(F72:F78) -> 41 | G79: =SUM(G72:G78) -> 24 | H79: =SUM(H72:H78) -> 22 | I79: =SUM(I72:I78) -> 38 | J79: =SUM(J72:J78) -> 37 | K79: =SUM(K72:K78) -> 35 | L79: =SUM(L72:L78) -> 89 | ... AR79: =SUM(AR72:AR78) -> 43 | AS79: =SUM(E79:AR79) -> 1222
AS80: =SUM(E80:AR80) -> 0
A81: A.1 | B81: 5. | C81: Partai NasDem | E81: 0 | F81: 1 | G81: 1 | H81: 0 | I81: 0 | J81: 0 | K81: 0 | L81: 0 | M81: 0 | N81: 0 | O81: 0 | P81: 0 | Q81: 3 | R81: 0 | S81: 0 | T81: 0 | U81: 0 | V81: 0 | W81: 0 | X81: 0 | Y81: 1 | Z81: 0 | AA81: 1 | AB81: 1 | AC81: 0 | AD81: 0 | AE81: 0 | AF81: 0 | AG81: 0 | AH81: 0 | AI81: 1 | AJ81: 0 | AK81: 1 | AL81: 0 | AM81: 0 | AN81: 0 | AO81: 0 | AP81: 0 | AQ81: 0 | AR81: 1 | AS81: =SUM(E81:AR81) -> 11
A82: A.2 | B82: 1 | C82: ABU SUFYAN, S.E., S.T., M.SI., M.ARS. | E82: 2 | F82: 8 | G82: 0 | H82: 0 | I82: 0 | J82: 1 | K82: 0 | L82: 0 | M82: 0 | N82: 1 | O82: 3 | P82: 1 | Q82: 1 | R82: 1 | S82: 3 | T82: 0 | U82: 0 | V82: 3 | W82: 0 | X82: 1 | Y82: 1 | Z82: 0 | AA82: 0 | AB82: 0 | AC82: 0 | AD82: 0 | AE82: 0 | AF82: 0 | AG82: 4 | AH82: 0 | AI82: 0 | AJ82: 0 | AK82: 0 | AL82: 0 | AM82: 0 | AN82: 1 | AO82: 0 | AP82: 2 | AQ82: 1 | AR82: 3 | AS82: =SUM(E82:AR82) -> 37
B83: 2 | C83: LUKMAN HAKIM | E83: 1 | F83: 0 | G83: 0 | H83: 0 | I83: 0 | J83: 0 | K83: 0 | L83: 0 | M83: 0 | N83: 0 | O83: 0 | P83: 0 | Q83: 0 | R83: 0 | S83: 0 | T83: 0 | U83: 0 | V83: 0 | W83: 0 | X83: 0 | Y83: 0 | Z83: 0 | AA83: 0 | AB83: 0 | AC83: 0 | AD83: 0 | AE83: 0 | AF83: 1 | AG83: 0 | AH83: 0 | AI83: 0 | AJ83: 0 | AK83: 0 | AL83: 0 | AM83: 0 | AN83: 0 | AO83: 0 | AP83: 0 | AQ83: 0 | AR83: 0 | AS83: =SUM(E83:AR83) -> 2
B84: 3 | C84: DEWI WULANDARI | E84: 1 | F84: 0 | G84: 0 | H84: 0 | I84: 1 | J84: 0 | K84: 0 | L84: 0 | M84: 0 | N84: 0 | O84: 0 | P84: 0 | Q84: 0 | R84: 0 | S84: 0 | T84: 0 | U84: 0 | V84: 0 | W84: 1 | X84: 0 | Y84: 1 | Z84: 0 | AA84: 0 | AB84: 0 | AC84: 0 | AD84: 0 | AE84: 0 | AF84: 0 | AG84: 0 | AH84: 0 | AI84: 0 | AJ84: 0 | AK84: 0 | AL84: 0 | AM84: 0 | AN84: 0 | AO84: 0 | AP84: 0 | AQ84: 0 | AR84: 0 | AS84: =SUM(E84:AR84) -> 4
B85: 4 | C85: JAENURI | E85: 0 | F85: 0 | G85: 0 | H85: 0 | I85: 0 | J85: 0 | K85: 0 | L85: 0 | M85: 0 | N85: 0 | O85: 1 | P85: 0 | Q85: 0 | R85: 0 | S85: 0 | T85: 0 | U85: 0 | V85: 0 | W85: 1 | X85: 0 | Y85: 0 | Z85: 0 | AA85: 0 | AB85: 0 | AC85: 0 | AD85: 0 | AE85: 0 | AF85: 1 | AG85: 0 | AH85: 0 | AI85: 0 | AJ85: 0 | AK85: 0 | AL85: 0 | AM85: 0 | AN85: 0 | AO85: 0 | AP85: 0 | AQ85: 0 | AR85: 0 | AS85: =SUM(E85:AR85) -> 3
B86: 5 | C86: TRI DINDA LESTARI | E86: 0 | F86: 0 | G86: 0 | H86: 0 | I86: 0 | J86: 0 | K86: 1 | L86: 0 | M86: 0 | N86: 0 | O86: 3 | P86: 3 | Q86: 1 | R86: 1 | S86: 0 | T86: 0 | U86: 0 | V86: 0 | W86: 1 | X86: 1 | Y86: 0 | Z86: 0 | AA86: 0 | AB86: 0 | AC86: 0 | AD86: 0 | AE86: 0 | AF86: 0 | AG86: 0 | AH86: 0 | AI86: 0 | AJ86: 0 | AK86: 0 | AL86: 0 | AM86: 0 | AN86: 0 | AO86: 0 | AP86: 0 | AQ86: 0 | AR86: 1 | AS86: =SUM(E86:AR86) -> 12
B87: 6 | C87: AGUS SETIAWAN, A.MD. | E87: 0 | F87: 0 | G87: 0 | H87: 0 | I87: 0 | J87: 0 | K87: 0 | L87: 0 | M87: 0 | N87: 0 | O87: 0 | P87: 0 | Q87: 0 | R87: 0 | S87: 0 | T87: 0 | U87: 0 | V87: 0 | W87: 0 | X87: 0 | Y87: 0 | Z87: 0 | AA87: 0 | AB87: 0 | AC87: 0 | AD87: 0 | AE87: 0 | AF87: 0 | AG87: 0 | AH87: 0 | AI87: 0 | AJ87: 0 | AK87: 0 | AL87: 0 | AM87: 0 | AN87: 0 | AO87: 0 | AP87: 0 | AQ87: 0 | AR87: 0 | AS87: =SUM(E87:AR87) -> 0
A88: B | B88: JUMLAH SUARA SAH PARTAI POLITIK DAN CALON (A1 + A2) | E88: =SUM(E81:E87) -> 4 | F88: =SUM(F81:F87) -> 9 | G88: =SUM(G81:G87) -> 1 | H88: =SUM(H81:H87) -> 0 | I88: =SUM(I81:I87) -> 1 | J88: =SUM(J81:J87) -> 1 | K88: =SUM(K81:K87) -> 1 | L88: =SUM(L81:L87) -> 0 | ... AR88: =SUM(AR81:AR87) -> 5 | AS88: =SUM(E88:AR88) -> 69
AS89: =SUM(E89:AR89) -> 0
A90: A.1 | B90: 6. | C90: Partai Buruh | E90: 0 | F90: 0 | G90: 0 | H90: 1 | I90: 0 | J90: 0 | K90: 0 | L90: 0 | M90: 0 | N90: 0 | O90: 0 | P90: 1 | Q90: 2 | R90: 0 | S90: 0 | T90: 0 | U90: 0 | V90: 0 | W90: 0 | X90: 0 | Y90: 1 | Z90: 0 | AA90: 0 | AB90: 0 | AC90: 1 | AD90: 1 | AE90: 0 | AF90: 0 | AG90: 0 | AH90: 0 | AI90: 0 | AJ90: 0 | AK90: 0 | AL90: 0 | AM90: 0 | AN90: 0 | AO90: 0 | AP90: 0 | AQ90: 0 | AR90: 0 | AS90: =SUM(E90:AR90) -> 7
B91: 1 | C91: AHMAD MIKKO SYAHRIAL | E91: 0 | F91: 0 | G91: 0 | H91: 0 | I91: 0 | J91: 0 | K91: 0 | L91: 0 | M91: 0 | N91: 0 | O91: 0 | P91: 0 | Q91: 0 | R91: 0 | S91: 1 | T91: 1 | U91: 0 | V91: 0 | W91: 0 | X91: 0 | Y91: 0 | Z91: 0 | AA91: 0 | AB91: 0 | AC91: 0 | AD91: 1 | AE91: 0 | AF91: 0 | AG91: 0 | AH91: 0 | AI91: 0 | AJ91: 0 | AK91: 0 | AL91: 0 | AM91: 0 | AN91: 0 | AO91: 0 | AP91: 0 | AQ91: 0 | AR91: 0 | AS91: =SUM(E91:AR91) -> 3
B92: 2 | C92: SITI NURJANNAH | E92: 0 | F92: 0 | G92: 0 | H92: 0 | I92: 0 | J92: 0 | K92: 0 | L92: 0 | M92: 0 | N92: 0 | O92: 0 | P92: 0 | Q92: 0 | R92: 0 | S92: 0 | T92: 0 | U92: 0 | V92: 0 | W92: 1 | X92: 0 | Y92: 0 | Z92: 0 | AA92: 0 | AB92: 0 | AC92: 0 | AD92: 0 | AE92: 0 | AF92: 0 | AG92: 0 | AH92: 0 | AI92: 0 | AJ92: 0 | AK92: 1 | AL92: 0 | AM92: 0 | AN92: 0 | AO92: 1 | AP92: 0 | AQ92: 0 | AR92: 0 | AS92: =SUM(E92:AR92) -> 3
A93: A.2 | B93: 3 | C93: RUDI CHRISTIAWAN | E93: 0 | F93: 0 | G93: 0 | H93: 0 | I93: 0 | J93: 1 | K93: 0 | L93: 0 | M93: 0 | N93: 0 | O93: 0 | P93: 0 | Q93: 0 | R93: 0 | S93: 0 | T93: 0 | U93: 0 | V93: 0 | W93: 0 | X93: 0 | Y93: 0 | Z93: 0 | AA93: 0 | AB93: 0 | AC93: 0 | AD93: 0 | AE93: 0 | AF93: 0 | AG93: 0 | AH93: 0 | AI93: 0 | AJ93: 0 | AK93: 2 | AL93: 11 | AM93: 4 | AN93: 0 | AO93: 0 | AP93: 0 | AQ93: 0 | AR93: 0 | AS93: =SUM(E93:AR93) -> 18
A94: B | B94: JUMLAH SUARA SAH PARTAI POLITIK DAN CALON (A1 + A2) | E94: =SUM(E90:E93) -> 0 | F94: =SUM(F90:F93) -> 0 | G94: =SUM(G90:G93) -> 0 | H94: =SUM(H90:H93) -> 1 | I94: =SUM(I90:I93) -> 0 | J94: =SUM(J90:J93) -> 1 | K94: =SUM(K90:K93) -> 0 | L94: =SUM(L90:L93) -> 0 | ... AR94: =SUM(AR90:AR93) -> 0 | AS94: =SUM(E94:AR94) -> 31
AS95: =SUM(E95:AR95) -> 0
A96: A.1 | B96: 7. | C96: Partai Gelombang Rakyat Indonesia | E96: 0 | F96: 0 | G96: 0 | H96: 0 | I96: 0 | J96: 0 | K96: 0 | L96: 0 | M96: 0 | N96: 0 | O96: 0 | P96: 0 | Q96: 2 | R96: 0 | S96: 0 | T96: 0 | U96: 1 | V96: 0 | W96: 1 | X96: 0 | Y96: 2 | Z96: 0 | AA96: 1 | AB96: 0 | AC96: 0 | AD96: 0 | AE96: 0 | AF96: 0 | AG96: 0 | AH96: 0 | AI96: 0 | AJ96: 0 | AK96: 1 | AL96: 1 | AM96: 0 | AN96: 1 | AO96: 0 | AP96: 0 | AQ96: 0 | AR96: 0 | AS96: =SUM(E96:AR96) -> 10
A97: A.2 | B97: 1 | C97: LUTFIYAH | E97: 0 | F97: 0 | G97: 0 | H97: 0 | I97: 0 | J97: 0 | K97: 0 | L97: 0 | M97: 0 | N97: 0 | O97: 0 | P97: 0 | Q97: 0 | R97: 1 | S97: 0 | T97: 0 | U97: 0 | V97: 0 | W97: 0 | X97: 1 | Y97: 0 | Z97: 0 | AA97: 0 | AB97: 0 | AC97: 0 | AD97: 0 | AE97: 0 | AF97: 0 | AG97: 0 | AH97: 0 | AI97: 0 | AJ97: 0 | AK97: 0 | AL97: 0 | AM97: 0 | AN97: 0 | AO97: 0 | AP97: 0 | AQ97: 0 | AR97: 0 | AS97: =SUM(E97:AR97) -> 2
B98: 2 | C98: NURMANSYAH | E98: 0 | F98: 0 | G98: 0 | H98: 0 | I98: 0 | J98: 0 | K98: 0 | L98: 0 | M98: 0 | N98: 0 | O98: 0 | P98: 0 | Q98: 0 | R98: 0 | S98: 1 | T98: 0 | U98: 0 | V98: 0 | W98: 0 | X98: 0 | Y98: 0 | Z98: 0 | AA98: 0 | AB98: 0 | AC98: 0 | AD98: 0 | AE98: 0 | AF98: 0 | AG98: 0 | AH98: 0 | AI98: 0 | AJ98: 0 | AK98: 0 | AL98: 0 | AM98: 0 | AN98: 0 | AO98: 0 | AP98: 0 | AQ98: 0 | AR98: 0 | AS98: =SUM(E98:AR98) -> 1
A99: B | B99: JUMLAH SUARA SAH PARTAI POLITIK DAN CALON (A1 + A2) | E99: =SUM(E96:E98) -> 0 | F99: =SUM(F96:F98) -> 0 | G99: =SUM(G96:G98) -> 0 | H99: =SUM(H96:H98) -> 0 | I99: =SUM(I96:I98) -> 0 | J99: =SUM(J96:J98) -> 0 | K99: =SUM(K96:K98) -> 0 | L99: =SUM(L96:L98) -> 0 | ... AR99: =SUM(AR96:AR98) -> 0 | AS99: =SUM(E99:AR99) -> 13
AS100: =SUM(E100:AR100) -> 0
A101: A.1 | B101: 8. | C101: Partai Keadilan Sejahtera | E101: 1 | F101: 2 | G101: 1 | H101: 2 | I101: 1 | J101: 1 | K101: 0 | L101: 1 | M101: 1 | N101: 1 | O101: 3 | P101: 0 | Q101: 0 | R101: 1 | S101: 0 | T101: 2 | U101: 1 | V101: 0 | W101: 1 | X101: 0 | Y101: 2 | Z101: 0 | AA101: 0 | AB101: 0 | AC101: 0 | AD101: 0 | AE101: 0 | AF101: 0 | AG101: 0 | AH101: 0 | AI101: 0 | AJ101: 0 | AK101: 0 | AL101: 1 | AM101: 0 | AN101: 0 | AO101: 0 | AP101: 0 | AQ101: 0 | AR101: 1 | AS101: =SUM(E101:AR101) -> 23
A102: A.2 | B102: 1 | C102: ANHARUDIN, S.PD.I. | E102: 2 | F102: 2 | G102: 2 | H102: 1 | I102: 0 | J102: 1 | K102: 2 | L102: 0 | M102: 1 | N102: 3 | O102: 3 | P102: 1 | Q102: 0 | R102: 2 | S102: 0 | T102: 1 | U102: 3 | V102: 0 | W102: 0 | X102: 0 | Y102: 1 | Z102: 2 | AA102: 1 | AB102: 0 | AC102: 1 | AD102: 0 | AE102: 0 | AF102: 0 | AG102: 0 | AH102: 1 | AI102: 0 | AJ102: 0 | AK102: 0 | AL102: 0 | AM102: 0 | AN102: 0 | AO102: 0 | AP102: 2 | AQ102: 0 | AR102: 2 | AS102: =SUM(E102:AR102) -> 34
B103: 2 | C103: NASUKI SYAMSUL, S.H. | E103: 1 | F103: 0 | G103: 0 | H103: 0 | I103: 1 | J103: 0 | K103: 0 | L103: 0 | M103: 0 | N103: 0 | O103: 0 | P103: 0 | Q103: 0 | R103: 0 | S103: 1 | T103: 0 | U103: 0 | V103: 0 | W103: 1 | X103: 4 | Y103: 0 | Z103: 1 | AA103: 0 | AB103: 0 | AC103: 0 | AD103: 0 | AE103: 0 | AF103: 0 | AG103: 0 | AH103: 0 | AI103: 0 | AJ103: 0 | AK103: 0 | AL103: 0 | AM103: 0 | AN103: 0 | AO103: 0 | AP103: 0 | AQ103: 0 | AR103: 1 | AS103: =SUM(E103:AR103) -> 10
B104: 3 | C104: LAILATUR ROSYIDAH | E104: 1 | F104: 0 | G104: 1 | H104: 0 | I104: 0 | J104: 0 | K104: 0 | L104: 0 | M104: 0 | N104: 0 | O104: 0 | P104: 0 | Q104: 0 | R104: 0 | S104: 0 | T104: 0 | U104: 0 | V104: 1 | W104: 0 | X104: 0 | Y104: 0 | Z104: 0 | AA104: 0 | AB104: 0 | AC104: 0 | AD104: 0 | AE104: 0 | AF104: 0 | AG104: 0 | AH104: 0 | AI104: 0 | AJ104: 0 | AK104: 0 | AL104: 0 | AM104: 0 | AN104: 0 | AO104: 0 | AP104: 0 | AQ104: 0 | AR104: 0 | AS104: =SUM(E104:AR104) -> 3
B105: 4 | C105: ALI MANSUR, S.T. | E105: 1 | F105: 0 | G105: 0 | H105: 0 | I105: 0 | J105: 0 | K105: 0 | L105: 0 | M105: 0 | N105: 0 | O105: 0 | P105: 0 | Q105: 0 | R105: 0 | S105: 0 | T105: 0 | U105: 0 | V105: 0 | W105: 0 | X105: 1 | Y105: 1 | Z105: 0 | AA105: 0 | AB105: 0 | AC105: 0 | AD105: 0 | AE105: 0 | AF105: 0 | AG105: 0 | AH105: 0 | AI105: 0 | AJ105: 1 | AK105: 0 | AL105: 0 | AM105: 0 | AN105: 0 | AO105: 0 | AP105: 0 | AQ105: 0 | AR105: 1 | AS105: =SUM(E105:AR105) -> 5
B106: 5 | C106: ALFIRA ROSALIANA | E106: 0 | F106: 0 | G106: 0 | H106: 0 | I106: 0 | J106: 0 | K106: 0 | L106: 0 | M106: 0 | N106: 0 | O106: 0 | P106: 0 | Q106: 0 | R106: 0 | S106: 0 | T106: 0 | U106: 0 | V106: 0 | W106: 0 | X106: 0 | Y106: 0 | Z106: 0 | AA106: 0 | AB106: 0 | AC106: 0 | AD106: 0 | AE106: 0 | AF106: 0 | AG106: 0 | AH106: 0 | AI106: 0 | AJ106: 0 | AK106: 0 | AL106: 0 | AM106: 0 | AN106: 0 | AO106: 0 | AP106: 0 | AQ106: 0 | AR106: 0 | AS106: =SUM(E106:AR106) -> 0
B107: 6 | C107: WILDA GUSFIYANTI AZIZ, S.A. | E107: 0 | F107: 0 | G107: 0 | H107: 0 | I107: 0 | J107: 0 | K107: 0 | L107: 0 | M107: 0 | N107: 0 | O107: 0 | P107: 0 | Q107: 0 | R107: 0 | S107: 0 | T107: 0 | U107: 1 | V107: 0 | W107: 0 | X107: 0 | Y107: 0 | Z107: 0 | AA107: 0 | AB107: 0 | AC107: 0 | AD107: 0 | AE107: 0 | AF107: 0 | AG107: 0 | AH107: 0 | AI107: 0 | AJ107: 0 | AK107: 0 | AL107: 0 | AM107: 0 | AN107: 0 | AO107: 0 | AP107: 0 | AQ107: 0 | AR107: 0 | AS107: =SUM(E107:AR107) -> 1
A108: B | B108: JUMLAH SUARA SAH PARTAI POLITIK DAN CALON (A1 + A2) | E108: =SUM(E101:E107) -> 6 | F108: =SUM(F101:F107) -> 4 | G108: =SUM(G101:G107) -> 4 | H108: =SUM(H101:H107) -> 3 | I108: =SUM(I101:I107) -> 2 | J108: =SUM(J101:J107) -> 2 | K108: =SUM(K101:K107) -> 2 | L108: =SUM(L101:L107) -> 1 | ... AR108: =SUM(AR101:AR107) -> 5 | AS108: =SUM(E108:AR108) -> 76
AS109: =SUM(E109:AR109) -> 0
A110: A.1 | B110: 9. | C110: Partai Kebangkitan Nusantara | E110: 0 | F110: 0 | G110: 0 | H110: 0 | I110: 0 | J110: 0 | K110: 0 | L110: 0 | M110: 0 | N110: 0 | O110: 0 | P110: 1 | Q110: 0 | R110: 0 | S110: 0 | T110: 0 | U110: 0 | V110: 0 | W110: 0 | X110: 0 | Y110: 0 | Z110: 0 | AA110: 0 | AB110: 0 | AC110: 0 | AD110: 0 | AE110: 0 | AF110: 0 | AG110: 1 | AH110: 0 | AI110: 0 | AJ110: 0 | AK110: 0 | AL110: 0 | AM110: 0 | AN110: 0 | AO110: 0 | AP110: 0 | AQ110: 0 | AR110: 0 | AS110: =SUM(E110:AR110) -> 2
B111: 1 | C111: NANANG HENDIK ROBBY A.S. | E111: 0 | F111: 0 | G111: 0 | H111: 0 | I111: 0 | J111: 0 | K111: 0 | L111: 0 | M111: 0 | N111: 1 | O111: 0 | P111: 0 | Q111: 0 | R111: 0 | S111: 0 | T111: 0 | U111: 0 | V111: 0 | W111: 0 | X111: 0 | Y111: 0 | Z111: 0 | AA111: 1 | AB111: 0 | AC111: 0 | AD111: 0 | AE111: 0 | AF111: 0 | AG111: 0 | AH111: 0 | AI111: 0 | AJ111: 0 | AK111: 0 | AL111: 0 | AM111: 0 | AN111: 0 | AO111: 0 | AP111: 0 | AQ111: 0 | AR111: 0 | AS111: =SUM(E111:AR111) -> 2
...

Sheet CLURING
C2: Kecamatan | D2: CLURING
C3: Kabupaten | D3: BANYUWANGI
C4: Provinsi | D4: JAWA TIMUR
C9: Kelurahan | D9: CLURING
A12: I | B12: DATA PEMILIH DAN PENGGUNAAN HAK PILIH | AL12: JUMLAH AKHIR
A13: A | B13: DATA PEMILIH | E13: TPS 001 | F13: TPS 002 | G13: TPS 003 | H13: TPS 004 | I13: TPS 005 | J13: TPS 006 | K13: TPS 007 | L13: TPS 008 | M13: TPS 009 | N13: TPS 010 | O13: TPS 011 | P13: TPS 012 | Q13: TPS 013 | R13: TPS 014 | S13: TPS 015 | T13: TPS 016 | U13: TPS 017 | V13: TPS 018 | W13: TPS 019 | X13: TPS 020 | Y13: TPS 021 | Z13: TPS 022 | AA13: TPS 023 | AB13: TPS 024 | AC13: TPS 025 | AD13: TPS 026 | AE13: TPS 027 | AF13: TPS 028 | AG13: TPS 029 | AH13: TPS 030 | AI13: TPS 031 | AJ13: TPS 032 | AK13: TPS 033
B14: Jumlah Pemilih dalam Daftar Pemilih Tetap (DPT) | D14: LK | E14: 136 | F14: 136 | G14: 145 | H14: 148 | I14: 114 | J14: 134 | K14: 130 | L14: 136 | M14: 132 | N14: 123 | O14: 117 | P14: 133 | Q14: 130 | R14: 132 | S14: 145 | T14: 128 | U14: 136 | V14: 122 | W14: 135 | X14: 135 | Y14: 141 | Z14: 133 | AA14: 142 | AB14: 158 | AC14: 141 | AD14: 146 | AE14: 131 | AF14: 140 | AG14: 134 | AH14: 133 | AI14: 121 | AJ14: 131 | AK14: 134 | AL14: =SUM(E14:AK14) -> 4432
D15: PR | E15: 138 | F15: 128 | G15: 154 | H15: 150 | I15: 139 | J15: 132 | K15: 136 | L15: 129 | M15: 126 | N15: 136 | O15: 124 | P15: 141 | Q15: 129 | R15: 122 | S15: 141 | T15: 122 | U15: 132 | V15: 129 | W15: 134 | X15: 137 | Y15: 131 | Z15: 129 | AA15: 150 | AB15: 132 | AC15: 146 | AD15: 146 | AE15: 146 | AF15: 131 | AG15: 136 | AH15: 138 | AI15: 146 | AJ15: 140 | AK15: 132 | AL15: =SUM(E15:AK15) -> 4482
D16: JML | E16: =SUM(E14:E15) -> 274 | F16: =SUM(F14:F15) -> 264 | G16: =SUM(G14:G15) -> 299 | H16: =SUM(H14:H15) -> 298 | I16: =SUM(I14:I15) -> 253 | J16: =SUM(J14:J15) -> 266 | K16: =SUM(K14:K15) -> 266 | L16: =SUM(L14:L15) -> 265 | ... AK16: =SUM(AK14:AK15) -> 266 | AL16: =SUM(E16:AK16) -> 8914
A18: B | B18: PENGGUNA HAK PILIH
B19: 1. | C19: Jumlah pengguna hak pilih dalam Daftar Pemilih Tetap (DPT) | D19: LK | E19: 98 | F19: 91 | G19: 115 | H19: 156 | I19: 75 | J19: 99 | K19: 86 | L19: 95 | M19: 93 | N19: 101 | O19: 68 | P19: 101 | Q19: 76 | R19: 101 | S19: 96 | T19: 92 | U19: 102 | V19: 95 | W19: 98 | X19: 102 | Y19: 104 | Z19: 102 | AA19: 107 | AB19: 109 | AC19: 107 | AD19: 104 | AE19: 112 | AF19: 111 | AG19: 108 | AH19: 104 | AI19: 100 | AJ19: 97 | AK19: 105 | AL19: =SUM(E19:AK19) -> 3310
D20: PR | E20: 102 | F20: 103 | G20: 123 | H20: 90 | I20: 92 | J20: 103 | K20: 98 | L20: 101 | M20: 98 | N20: 118 | O20: 86 | P20: 115 | Q20: 92 | R20: 98 | S20: 103 | T20: 95 | U20: 112 | V20: 108 | W20: 101 | X20: 108 | Y20: 102 | Z20: 103 | AA20: 112 | AB20: 104 | AC20: 109 | AD20: 117 | AE20: 120 | AF20: 107 | AG20: 106 | AH20: 108 | AI20: 119 | AJ20: 118 | AK20: 106 | AL20: =SUM(E20:AK20) -> 3477
D21: JML | E21: 200 | F21: 194 | G21: 238 | H21: 246 | I21: 167 | J21: 202 | K21: 184 | L21: 196 | M21: 191 | N21: 219 | O21: 154 | P21: 216 | Q21: 168 | R21: 199 | S21: 199 | T21: 187 | U21: 214 | V21: 203 | W21: 199 | X21: 210 | Y21: 206 | Z21: 205 | AA21: 219 | AB21: 213 | AC21: 216 | AD21: 221 | AE21: 232 | AF21: 218 | AG21: 214 | AH21: 212 | AI21: =SUM(AI19:AI20) -> 219 | AJ21: =SUM(AJ19:AJ20) -> 215 | AK21: =SUM(AK19:AK20) -> 211 | AL21: =SUM(E21:AK21) -> 6787
B22: 2. | C22: Jumlah pengguna hak pilih dalam Daftar Pemilih Tambahan (DPTb) | D22: LK | E22: 0 | F22: 0 | G22: 0 | H22: 0 | I22: 0 | J22: 0 | K22: 0 | L22: 0 | M22: 0 | N22: 0 | O22: 1 | P22: 0 | Q22: 0 | R22: 0 | S22: 0 | T22: 1 | U22: 0 | V22: 0 | W22: 0 | X22: 0 | Y22: 0 | Z22: 0 | AA22: 0 | AB22: 0 | AC22: 0 | AD22: 0 | AE22: 0 | AF22: 0 | AG22: 0 | AH22: 0 | AI22: 0 | AJ22: 0 | AK22: 0 | AL22: =SUM(E22:AK22) -> 2
D23: PR | E23: 0 | F23: 0 | G23: 0 | H23: 0 | I23: 0 | J23: 0 | K23: 0 | L23: 1 | M23: 0 | N23: 0 | O23: 1 | P23: 0 | Q23: 0 | R23: 0 | S23: 0 | T23: 1 | U23: 0 | V23: 0 | W23: 0 | X23: 0 | Y23: 0 | Z23: 0 | AA23: 0 | AB23: 0 | AC23: 0 | AD23: 0 | AE23: 0 | AF23: 0 | AG23: 0 | AH23: 0 | AI23: 0 | AJ23: 0 | AK23: 0 | AL23: =SUM(E23:AK23) -> 3
D24: JML | E24: 0 | F24: 0 | G24: 0 | H24: 0 | I24: 0 | J24: 0 | K24: 0 | L24: 1 | M24: 0 | N24: 0 | O24: 2 | P24: 0 | Q24: 0 | R24: 0 | S24: 0 | T24: 2 | U24: 0 | V24: 0 | W24: 0 | X24: 0 | Y24: 0 | Z24: 0 | AA24: 0 | AB24: 0 | AC24: 0 | AD24: 0 | AE24: 0 | AF24: 0 | AG24: 0 | AH24: 0 | AI24: =SUM(AI22:AI23) -> 0 | AJ24: =SUM(AJ22:AJ23) -> 0 | AK24: =SUM(AK22:AK23) -> 0 | AL24: =SUM(E24:AK24) -> 5
B25: 3. | C25: Jumlah pengguna hak pilih dalam Daftar Pemilih Khusus (DPK) | D25: LK | E25: 0 | F25: 0 | G25: 0 | H25: 3 | I25: 0 | J25: 4 | K25: 1 | L25: 1 | M25: 0 | N25: 3 | O25: 1 | P25: 2 | Q25: 1 | R25: 4 | S25: 2 | T25: 1 | U25: 0 | V25: 1 | W25: 0 | X25: 0 | Y25: 1 | Z25: 1 | AA25: 0 | AB25: 1 | AC25: 2 | AD25: 1 | AE25: 2 | AF25: 5 | AG25: 3 | AH25: 0 | AI25: 3 | AJ25: 2 | AK25: 3 | AL25: =SUM(E25:AK25) -> 48
D26: PR | E26: 2 | F26: 1 | G26: 2 | H26: 3 | I26: 1 | J26: 2 | K26: 2 | L26: 3 | M26: 1 | N26: 3 | O26: 2 | P26: 3 | Q26: 4 | R26: 1 | S26: 0 | T26: 0 | U26: 2 | V26: 1 | W26: 0 | X26: 0 | Y26: 1 | Z26: 5 | AA26: 1 | AB26: 3 | AC26: 1 | AD26: 4 | AE26: 3 | AF26: 3 | AG26: 2 | AH26: 0 | AI26: 3 | AJ26: 4 | AK26: 5 | AL26: =SUM(E26:AK26) -> 68
D27: JML | E27: 2 | F27: 1 | G27: 2 | H27: 6 | I27: 1 | J27: 6 | K27: 3 | L27: 4 | M27: 1 | N27: 6 | O27: 3 | P27: 5 | Q27: 5 | R27: 5 | S27: 2 | T27: 1 | U27: 2 | V27: 2 | W27: 0 | X27: 0 | Y27: 2 | Z27: 6 | AA27: 1 | AB27: 4 | AC27: 3 | AD27: 5 | AE27: 5 | AF27: 8 | AG27: 5 | AH27: 0 | AI27: =SUM(AI25:AI26) -> 6 | AJ27: =SUM(AJ25:AJ26) -> 6 | AK27: =SUM(AK25:AK26) -> 8 | AL27: =SUM(E27:AK27) -> 116
B28: 4. | C28: Jumlah Pengguna Hak Pilih (B.1+B.2+B.3) | D28: LK | E28: 98 | F28: 91 | G28: 115 | H28: 159 | I28: 75 | J28: 103 | K28: 87 | L28: 96 | M28: 93 | N28: 104 | O28: 70 | P28: 103 | Q28: 77 | R28: 105 | S28: 98 | T28: 94 | U28: 102 | V28: 96 | W28: 98 | X28: 102 | Y28: 105 | Z28: 103 | AA28: 107 | AB28: 110 | AC28: 109 | AD28: 105 | AE28: 114 | AF28: 116 | AG28: 111 | AH28: 104 | AI28: =SUM(AI19,AI22,AI25) -> 103 | AJ28: =SUM(AJ19,AJ22,AJ25) -> 99 | AK28: =SUM(AK19,AK22,AK25) -> 108 | AL28: =SUM(E28:AK28) -> 3360
D29: PR | E29: 104 | F29: 104 | G29: 125 | H29: 93 | I29: 93 | J29: 105 | K29: 100 | L29: 105 | M29: 99 | N29: 121 | O29: 89 | P29: 118 | Q29: 96 | R29: 99 | S29: 103 | T29: 96 | U29: 114 | V29: 109 | W29: 101 | X29: 108 | Y29: 103 | Z29: 108 | AA29: 113 | AB29: 107 | AC29: 110 | AD29: 121 | AE29: 123 | AF29: 110 | AG29: 108 | AH29: 108 | AI29: =SUM(AI20,AI23,AI26) -> 122 | AJ29: =SUM(AJ20,AJ23,AJ26) -> 122 | AK29: =SUM(AK20,AK23,AK26) -> 111 | AL29: =SUM(E29:AK29) -> 3548
D30: JML | E30: =SUM(E28:E29) -> 202 | F30: =SUM(F28:F29) -> 195 | G30: =SUM(G28:G29) -> 240 | H30: =SUM(H28:H29) -> 252 | I30: =SUM(I28:I29) -> 168 | J30: =SUM(J28:J29) -> 208 | K30: =SUM(K28:K29) -> 187 | L30: =SUM(L28:L29) -> 201 | ... AK30: =SUM(AK28:AK29) -> 219 | AL30: =SUM(E30:AK30) -> 6908
A32: II | B32: DATA PENGGUNAAN SURAT SUARA
A33: 1 | B33: Jumlah surat suara yang diterima, termasuk surat suara cadangan 2,5% dari DPT | E33: 280 | F33: 259 | G33: 305 | H33: 313 | I33: 259 | J33: 272 | K33: 272 | L33: 271 | M33: 264 | N33: 262 | O33: 246 | P33: 280 | Q33: 265 | R33: 262 | S33: 292 | T33: 255 | U33: 274 | V33: 257 | W33: 265 | X33: 278 | Y33: 278 | Z33: 278 | AA33: 298 | AB33: 296 | AC33: 293 | AD33: 298 | AE33: 283 | AF33: 268 | AG33: 275 | AH33: 267 | AI33: 273 | AJ33: 277 | AK33: 273 | AL33: =SUM(E33:AK33) -> 9088
A34: 2 | B34: Jumlah surat suara yang digunakan | E34: 202 | F34: 195 | G34: 240 | H34: 252 | I34: 168 | J34: 208 | K34: 187 | L34: 201 | M34: 192 | N34: 225 | O34: 159 | P34: 221 | Q34: 173 | R34: 204 | S34: 201 | T34: 190 | U34: 216 | V34: 205 | W34: 199 | X34: 210 | Y34: 208 | Z34: 211 | AA34: 220 | AB34: 217 | AC34: 219 | AD34: 226 | AE34: 237 | AF34: 226 | AG34: 219 | AH34: 212 | AI34: 225 | AJ34: 221 | AK34: 219 | AL34: =SUM(E34:AK34) -> 6908
A35: 3 | B35: Jumlah surat suara dikembalikan oleh pemilih (karena rusak atau keliru coblos) | E35: 0 | F35: 0 | G35: 0 | H35: 0 | I35: 0 | J35: 0 | K35: 0 | L35: 0 | M35: 0 | N35: 0 | O35: 0 | P35: 0 | Q35: 0 | R35: 0 | S35: 3 | T35: 0 | U35: 0 | V35: 0 | W35: 0 | X35: 0 | Y35: 0 | Z35: 0 | AA35: 0 | AB35: 0 | AC35: 4 | AD35: 0 | AE35: 0 | AF35: 2 | AG35: 0 | AH35: 0 | AI35: 3 | AJ35: 0 | AK35: 0 | AL35: =SUM(E35:AK35) -> 12
A36: 4 | B36: Jumlah surat suara yang tidak digunakan/tidak terpakai, termasuk sisa surat suara cadangan | E36: 78 | F36: 64 | G36: 65 | H36: 61 | I36: 91 | J36: 64 | K36: 85 | L36: 70 | M36: 72 | N36: 37 | O36: 87 | P36: 59 | Q36: 92 | R36: 58 | S36: 88 | T36: 65 | U36: 58 | V36: 52 | W36: 66 | X36: 68 | Y36: 70 | Z36: 67 | AA36: 78 | AB36: 79 | AC36: 70 | AD36: 72 | AE36: 46 | AF36: 40 | AG36: 56 | AH36: 55 | AI36: =AI33-(AI34+AI35) -> 45 | AJ36: =AJ33-(AJ34+AJ35) -> 56 | AK36: =AK33-(AK34+AK35) -> 54 | AL36: =SUM(E36:AK36) -> 2168
A38: III | B38: DATA PEMILIH DISABILITAS
B39: Jumlah seluruh Pemilih disabilitas yang menggunakan hak pilih | D39: LK | E39: 0 | F39: 0 | G39: 1 | H39: 0 | I39: 0 | J39: 2 | K39: 0 | L39: 0 | M39: 0 | N39: 0 | O39: 0 | P39: 0 | Q39: 0 | R39: 0 | S39: 0 | T39: 0 | U39: 0 | V39: 0 | W39: 0 | X39: 0 | Y39: 0 | Z39: 2 | AA39: 0 | AB39: 0 | AC39: 0 | AD39: 0 | AE39: 0 | AF39: 0 | AG39: 0 | AH39: 0 | AI39: 0 | AJ39: 0 | AK39: 0 | AL39: =SUM(E39:AK39) -> 5
D40: PR | E40: 0 | F40: 0 | G40: 1 | H40: 0 | I40: 0 | J40: 1 | K40: 0 | L40: 0 | M40: 1 | N40: 0 | O40: 0 | P40: 0 | Q40: 0 | R40: 0 | S40: 0 | T40: 0 | U40: 0 | V40: 0 | W40: 1 | X40: 0 | Y40: 0 | Z40: 1 | AA40: 0 | AB40: 0 | AC40: 0 | AD40: 0 | AE40: 0 | AF40: 1 | AG40: 0 | AH40: 0 | AI40: 0 | AJ40: 0 | AK40: 0 | AL40: =SUM(E40:AK40) -> 6
D41: JML | E41: =SUM(E39:E40) -> 0 | F41: =SUM(F39:F40) -> 0 | G41: =SUM(G39:G40) -> 2 | H41: =SUM(H39:H40) -> 0 | I41: =SUM(I39:I40) -> 0 | J41: =SUM(J39:J40) -> 3 | K41: =SUM(K39:K40) -> 0 | L41: =SUM(L39:L40) -> 0 | ... AK41: =SUM(AK39:AK40) -> 0 | AL41: =SUM(E41:AK41) -> 11
A43: IV | B43: DATA RINCIAN PEROLEHAN SUARA PASANGAN CALON BUPATI DAN WAKIL BUPATI
A44: NOMOR DAN NAMA CALON
A45: A.1 | B45: 1. | C45: Partai Kebangkitan Bangsa | E45: 1 | F45: 0 | G45: 5 | H45: 6 | I45: 1 | J45: 2 | K45: 3 | L45: 5 | M45: 8 | N45: 7 | O45: 2 | P45: 1 | Q45: 5 | R45: 4 | S45: 8 | T45: 12 | U45: 4 | V45: 4 | W45: 4 | X45: 5 | Y45: 0 | Z45: 5 | AA45: 3 | AB45: 8 | AC45: 6 | AD45: 2 | AE45: 5 | AF45: 1 | AG45: 4 | AH45: 6 | AI45: 7 | AJ45: 11 | AK45: 9 | AL45: =SUM(E45:AK45) -> 154
A46: A.2 | B46: 1 | C46: KH. MUHAMMAD RIZA AZIZY, M.IEB. | E46: 3 | F46: 3 | G46: 2 | H46: 6 | I46: 2 | J46: 2 | K46: 2 | L46: 1 | M46: 1 | N46: 1 | O46: 5 | P46: 2 | Q46: 2 | R46: 1 | S46: 1 | T46: 6 | U46: 4 | V46: 4 | W46: 3 | X46: 1 | Y46: 3 | Z46: 3 | AA46: 1 | AB46: 2 | AC46: 1 | AD46: 2 | AE46: 1 | AF46: 1 | AG46: 1 | AH46: 1 | AI46: 8 | AJ46: 17 | AK46: 1 | AL46: =SUM(E46:AK46) -> 94
B47: 2 | C47: INAYANTI KUSUMASARI, S.E. | E47: 15 | F47: 7 | G47: 29 | H47: 23 | I47: 4 | J47: 7 | K47: 16 | L47: 22 | M47: 19 | N47: 25 | O47: 25 | P47: 20 | Q47: 13 | R47: 15 | S47: 40 | T47: 65 | U47: 27 | V47: 19 | W47: 3 | X47: 6 | Y47: 5 | Z47: 4 | AA47: 26 | AB47: 4 | AC47: 21 | AD47: 8 | AE47: 4 | AF47: 5 | AG47: 20 | AH47: 47 | AI47: 22 | AJ47: 16 | AK47: 24 | AL47: =SUM(E47:AK47) -> 606
B48: 3 | C48: TOPAN HADI SUCIPTO, S.H. | E48: 0 | F48: 1 | G48: 0 | H48: 1 | I48: 0 | J48: 3 | K48: 1 | L48: 1 | M48: 0 | N48: 0 | O48: 0 | P48: 0 | Q48: 0 | R48: 1 | S48: 0 | T48: 0 | U48: 0 | V48: 1 | W48: 0 | X48: 0 | Y48: 0 | Z48: 1 | AA48: 4 | AB48: 0 | AC48: 1 | AD48: 2 | AE48: 3 | AF48: 1 | AG48: 29 | AH48: 13 | AI48: 3 | AJ48: 2 | AK48: 0 | AL48: =SUM(E48:AK48) -> 68
B49: 4 | C49: HAULA KARIMA AKBAR, S.PD. | E49: 0 | F49: 0 | G49: 0 | H49: 1 | I49: 0 | J49: 2 | K49: 0 | L49: 0 | M49: 0 | N49: 0 | O49: 1 | P49: 0 | Q49: 0 | R49: 0 | S49: 0 | T49: 0 | U49: 0 | V49: 0 | W49: 0 | X49: 0 | Y49: 0 | Z49: 0 | AA49: 0 | AB49: 0 | AC49: 0 | AD49: 0 | AE49: 0 | AF49: 0 | AG49: 0 | AH49: 0 | AI49: 0 | AJ49: 1 | AK49: 0 | AL49: =SUM(E49:AK49) -> 5
B50: 5 | C50: SUGENG HARYONO | E50: 0 | F50: 1 | G50: 0 | H50: 0 | I50: 0 | J50: 0 | K50: 1 | L50: 0 | M50: 0 | N50: 0 | O50: 0 | P50: 0 | Q50: 0 | R50: 0 | S50: 0 | T50: 0 | U50: 0 | V50: 0 | W50: 0 | X50: 0 | Y50: 0 | Z50: 0 | AA50: 0 | AB50: 0 | AC50: 0 | AD50: 0 | AE50: 0 | AF50: 0 | AG50: 0 | AH50: 0 | AI50: 0 | AJ50: 0 | AK50: 0 | AL50: =SUM(E50:AK50) -> 2
B51: 6 | C51: MOH. RIYADUS SHOLIHIN, A.MD. | E51: 3 | F51: 4 | G51: 0 | H51: 4 | I51: 0 | J51: 0 | K51: 1 | L51: 3 | M51: 16 | N51: 2 | O51: 4 | P51: 4 | Q51: 2 | R51: 0 | S51: 2 | T51: 0 | U51: 6 | V51: 1 | W51: 13 | X51: 0 | Y51: 5 | Z51: 1 | AA51: 1 | AB51: 0 | AC51: 3 | AD51: 16 | AE51: 13 | AF51: 3 | AG51: 4 | AH51: 2 | AI51: 13 | AJ51: 2 | AK51: 2 | AL51: =SUM(E51:AK51) -> 130
A52: B | B52: JUMLAH SUARA SAH PARTAI POLITIK DAN CALON (A1 + A2) | E52: =SUM(E45:E51) -> 22 | F52: =SUM(F45:F51) -> 16 | G52: =SUM(G45:G51) -> 36 | H52: =SUM(H45:H51) -> 41 | I52: =SUM(I45:I51) -> 7 | J52: =SUM(J45:J51) -> 16 | K52: =SUM(K45:K51) -> 24 | L52: =SUM(L45:L51) -> 32 | ... AK52: =SUM(AK45:AK51) -> 36 | AL52: =SUM(E52:AK52) -> 1059
AL53: =SUM(E53:AK53) -> 0
A54: A.1 | B54: 2. | C54: Partai Gerakan Indonesia Raya | E54: 4 | F54: 12 | G54: 9 | H54: 10 | I54: 4 | J54: 7 | K54: 7 | L54: 8 | M54: 11 | N54: 8 | O54: 10 | P54: 7 | Q54: 12 | R54: 14 | S54: 8 | T54: 7 | U54: 15 | V54: 9 | W54: 9 | X54: 3 | Y54: 11 | Z54: 11 | AA54: 11 | AB54: 16 | AC54: 3 | AD54: 11 | AE54: 11 | AF54: 5 | AG54: 10 | AH54: 6 | AI54: 16 | AJ54: 9 | AK54: 6 | AL54: =SUM(E54:AK54) -> 300
A55: A.2 | B55: 1 | C55: AGUNG SUBASTIAN | E55: 6 | F55: 7 | G55: 3 | H55: 5 | I55: 3 | J55: 9 | K55: 3 | L55: 2 | M55: 8 | N55: 13 | O55: 10 | P55: 4 | Q55: 2 | R55: 3 | S55: 2 | T55: 3 | U55: 6 | V55: 2 | W55: 6 | X55: 2 | Y55: 2 | Z55: 6 | AA55: 12 | AB55: 18 | AC55: 5 | AD55: 5 | AE55: 1 | AF55: 9 | AG55: 3 | AH55: 3 | AI55: 8 | AJ55: 3 | AK55: 5 | AL55: =SUM(E55:AK55) -> 179
B56: 2 | C56: ABDUL HAMID | E56: 6 | F56: 3 | G56: 1 | H56: 5 | I56: 2 | J56: 3 | K56: 1 | L56: 2 | M56: 1 | N56: 2 | O56: 5 | P56: 0 | Q56: 3 | R56: 5 | S56: 4 | T56: 2 | U56: 4 | V56: 3 | W56: 4 | X56: 2 | Y56: 3 | Z56: 0 | AA56: 6 | AB56: 2 | AC56: 4 | AD56: 2 | AE56: 1 | AF56: 0 | AG56: 0 | AH56: 5 | AI56: 1 | AJ56: 2 | AK56: 0 | AL56: =SUM(E56:AK56) -> 84
B57: 3 | C57: NUR ALVI NAZIMAH | E57: 1 | F57: 0 | G57: 1 | H57: 1 | I57: 2 | J57: 1 | K57: 0 | L57: 2 | M57: 1 | N57: 0 | O57: 2 | P57: 0 | Q57: 2 | R57: 1 | S57: 0 | T57: 0 | U57: 3 | V57: 1 | W57: 0 | X57: 2 | Y57: 0 | Z57: 1 | AA57: 0 | AB57: 0 | AC57: 0 | AD57: 1 | AE57: 1 | AF57: 0 | AG57: 1 | AH57: 0 | AI57: 0 | AJ57: 2 | AK57: 0 | AL57: =SUM(E57:AK57) -> 26
B58: 4 | C58: EMI WIJAYANTI | E58: 0 | F58: 2 | G58: 1 | H58: 0 | I58: 0 | J58: 1 | K58: 1 | L58: 0 | M58: 1 | N58: 1 | O58: 1 | P58: 0 | Q58: 1 | R58: 2 | S58: 1 | T58: 0 | U58: 0 | V58: 0 | W58: 1 | X58: 0 | Y58: 1 | Z58: 0 | AA58: 2 | AB58: 1 | AC58: 1 | AD58: 0 | AE58: 1 | AF58: 0 | AG58: 0 | AH58: 1 | AI58: 0 | AJ58: 0 | AK58: 0 | AL58: =SUM(E58:AK58) -> 20
B59: 5 | C59: MUHAMAD ALFAN SAIFUDIN | E59: 0 | F59: 0 | G59: 0 | H59: 0 | I59: 0 | J59: 2 | K59: 0 | L59: 0 | M59: 0 | N59: 0 | O59: 1 | P59: 0 | Q59: 0 | R59: 0 | S59: 0 | T59: 0 | U59: 2 | V59: 1 | W59: 0 | X59: 1 | Y59: 0 | Z59: 0 | AA59: 0 | AB59: 0 | AC59: 0 | AD59: 0 | AE59: 0 | AF59: 0 | AG59: 0 | AH59: 0 | AI59: 0 | AJ59: 0 | AK59: 2 | AL59: =SUM(E59:AK59) -> 9
B60: 6 | C60: BAYU PUTRA PAMUNGKAS | E60: 0 | F60: 0 | G60: 1 | H60: 0 | I60: 0 | J60: 0 | K60: 0 | L60: 0 | M60: 0 | N60: 1 | O60: 2 | P60: 0 | Q60: 1 | R60: 0 | S60: 2 | T60: 1 | U60: 0 | V60: 2 | W60: 1 | X60: 0 | Y60: 0 | Z60: 0 | AA60: 1 | AB60: 0 | AC60: 0 | AD60: 0 | AE60: 1 | AF60: 0 | AG60: 2 | AH60: 0 | AI60: 1 | AJ60: 0 | AK60: 0 | AL60: =SUM(E60:AK60) -> 16
A61: B | B61: JUMLAH SUARA SAH PARTAI POLITIK DAN CALON (A1 + A2) | E61: =SUM(E54:E60) -> 17 | F61: =SUM(F54:F60) -> 24 | G61: =SUM(G54:G60) -> 16 | H61: =SUM(H54:H60) -> 21 | I61: =SUM(I54:I60) -> 11 | J61: =SUM(J54:J60) -> 23 | K61: =SUM(K54:K60) -> 12 | L61: =SUM(L54:L60) -> 14 | ... AK61: =SUM(AK54:AK60) -> 13 | AL61: =SUM(E61:AK61) -> 634
AL62: =SUM(E62:AK62) -> 0
A63: A.1 | B63: 3. | C63: Partai Demokrasi Indonesia Perjuangan | E63: 7 | F63: 9 | G63: 7 | H63: 17 | I63: 5 | J63: 11 | K63: 8 | L63: 9 | M63: 6 | N63: 5 | O63: 5 | P63: 9 | Q63: 10 | R63: 7 | S63: 3 | T63: 4 | U63: 5 | V63: 18 | W63: 13 | X63: 30 | Y63: 14 | Z63: 32 | AA63: 20 | AB63: 23 | AC63: 12 | AD63: 17 | AE63: 16 | AF63: 11 | AG63: 15 | AH63: 13 | AI63: 14 | AJ63: 12 | AK63: 12 | AL63: =SUM(E63:AK63) -> 399
A64: A.2 | B64: 1 | C64: IR. YAYUK BANAR SRI PANGAYOM | E64: 11 | F64: 16 | G64: 13 | H64: 17 | I64: 19 | J64: 21 | K64: 16 | L64: 4 | M64: 20 | N64: 7 | O64: 7 | P64: 6 | Q64: 5 | R64: 10 | S64: 4 | T64: 4 | U64: 1 | V64: 8 | W64: 11 | X64: 53 | Y64: 26 | Z64: 52 | AA64: 31 | AB64: 4 | AC64: 7 | AD64: 4 | AE64: 6 | AF64: 4 | AG64: 6 | AH64: 17 | AI64: 12 | AJ64: 20 | AK64: 7 | AL64: =SUM(E64:AK64) -> 449
B65: 2 | C65: DR. ANA ANIATI | E65: 12 | F65: 21 | G65: 9 | H65: 17 | I65: 21 | J65: 23 | K65: 7 | L65: 22 | M65: 1 | N65: 1 | O65: 5 | P65: 15 | Q65: 9 | R65: 19 | S65: 13 | T65: 29 | U65: 35 | V65: 15 | W65: 30 | X65: 13 | Y65: 27 | Z65: 24 | AA65: 4 | AB65: 40 | AC65: 39 | AD65: 20 | AE65: 32 | AF65: 24 | AG65: 22 | AH65: 28 | AI65: 45 | AJ65: 26 | AK65: 8 | AL65: =SUM(E65:AK65) -> 656
B66: 3 | C66: HADI WIDODO, S.P. | E66: 4 | F66: 16 | G66: 28 | H66: 10 | I66: 6 | J66: 5 | K66: 16 | L66: 27 | M66: 6 | N66: 6 | O66: 3 | P66: 86 | Q66: 3 | R66: 77 | S66: 33 | T66: 8 | U66: 21 | V66: 25 | W66: 25 | X66: 30 | Y66: 41 | Z66: 29 | AA66: 14 | AB66: 29 | AC66: 13 | AD66: 33 | AE66: 18 | AF66: 29 | AG66: 42 | AH66: 12 | AI66: 6 | AJ66: 6 | AK66: 5 | AL66: =SUM(E66:AK66) -> 712
B67: 4 | C67: ANDIKO PUTRA MAHATTA | E67: 3 | F67: 16 | G67: 4 | H67: 9 | I67: 18 | J67: 38 | K67: 0 | L67: 0 | M67: 0 | N67: 2 | O67: 2 | P67: 0 | Q67: 1 | R67: 1 | S67: 0 | T67: 1 | U67: 0 | V67: 0 | W67: 2 | X67: 2 | Y67: 1 | Z67: 0 | AA67: 1 | AB67: 1 | AC67: 1 | AD67: 22 | AE67: 0 | AF67: 2 | AG67: 0 | AH67: 0 | AI67: 0 | AJ67: 3 | AK67: 1 | AL67: =SUM(E67:AK67) -> 131
B68: 5 | C68: YUNI APRILIA | E68: 0 | F68: 0 | G68: 0 | H68: 0 | I68: 3 | J68: 0 | K68: 1 | L68: 0 | M68: 1 | N68: 0 | O68: 0 | P68: 0 | Q68: 1 | R68: 1 | S68: 0 | T68: 0 | U68: 0 | V68: 0 | W68: 1 | X68: 0 | Y68: 1 | Z68: 1 | AA68: 1 | AB68: 2 | AC68: 0 | AD68: 0 | AE68: 0 | AF68: 1 | AG68: 0 | AH68: 0 | AI68: 0 | AJ68: 1 | AK68: 0 | AL68: =SUM(E68:AK68) -> 15
B69: 6 | C69: IKE PREDITA FIKTARYANA | E69: 0 | F69: 0 | G69: 0 | H69: 0 | I69: 2 | J69: 1 | K69: 1 | L69: 0 | M69: 0 | N69: 0 | O69: 2 | P69: 0 | Q69: 0 | R69: 0 | S69: 0 | T69: 0 | U69: 0 | V69: 0 | W69: 0 | X69: 0 | Y69: 1 | Z69: 0 | AA69: 1 | AB69: 0 | AC69: 0 | AD69: 0 | AE69: 0 | AF69: 1 | AG69: 4 | AH69: 2 | AI69: 1 | AJ69: 0 | AK69: 0 | AL69: =SUM(E69:AK69) -> 16
A70: B | B70: JUMLAH SUARA SAH PARTAI POLITIK DAN CALON (A1 + A2) | E70: =SUM(E63:E69) -> 37 | F70: =SUM(F63:F69) -> 78 | G70: =SUM(G63:G69) -> 61 | H70: =SUM(H63:H69) -> 70 | I70: =SUM(I63:I69) -> 74 | J70: =SUM(J63:J69) -> 99 | K70: =SUM(K63:K69) -> 49 | L70: =SUM(L63:L69) -> 62 | ... AK70: =SUM(AK63:AK69) -> 33 | AL70: =SUM(E70:AK70) -> 2378
AL71: =SUM(E71:AK71) -> 0
A72: A.1 | B72: 4. | C72: Partai Golongan Karya | E72: 3 | F72: 1 | G72: 8 | H72: 14 | I72: 2 | J72: 2 | K72: 2 | L72: 6 | M72: 4 | N72: 9 | O72: 2 | P72: 3 | Q72: 4 | R72: 0 | S72: 0 | T72: 2 | U72: 3 | V72: 1 | W72: 4 | X72: 2 | Y72: 1 | Z72: 2 | AA72: 5 | AB72: 0 | AC72: 2 | AD72: 2 | AE72: 2 | AF72: 7 | AG72: 1 | AH72: 1 | AI72: 6 | AJ72: 10 | AK72: 20 | AL72: =SUM(E72:AK72) -> 131
A73: A.2 | B73: 1 | C73: SOFIANDI SUSIADI, A.MD. | E73: 45 | F73: 3 | G73: 26 | H73: 11 | I73: 10 | J73: 9 | K73: 22 | L73: 2 | M73: 20 | N73: 37 | O73: 14 | P73: 1 | Q73: 14 | R73: 1 | S73: 16 | T73: 7 | U73: 10 | V73: 2 | W73: 16 | X73: 3 | Y73: 12 | Z73: 9 | AA73: 7 | AB73: 0 | AC73: 6 | AD73: 2 | AE73: 1 | AF73: 10 | AG73: 10 | AH73: 6 | AI73: 8 | AJ73: 22 | AK73: 94 | AL73: =SUM(E73:AK73) -> 456
B74: 2 | C74: SUHAERI, S.PD. | E74: 3 | F74: 1 | G74: 4 | H74: 1 | I74: 1 | J74: 0 | K74: 3 | L74: 0 | M74: 1 | N74: 0 | O74: 0 | P74: 0 | Q74: 0 | R74: 0 | S74: 0 | T74: 0 | U74: 0 | V74: 0 | W74: 0 | X74: 0 | Y74: 0 | Z74: 0 | AA74: 1 | AB74: 2 | AC74: 1 | AD74: 0 | AE74: 0 | AF74: 0 | AG74: 0 | AH74: 0 | AI74: 0 | AJ74: 0 | AK74: 2 | AL74: =SUM(E74:AK74) -> 20
B75: 3 | C75: SITI MAHMUDAH, S.SOS. | E75: 0 | F75: 0 | G75: 1 | H75: 0 | I75: 1 | J75: 1 | K75: 0 | L75: 0 | M75: 0 | N75: 0 | O75: 1 | P75: 0 | Q75: 1 | R75: 0 | S75: 0 | T75: 0 | U75: 0 | V75: 1 | W75: 1 | X75: 0 | Y75: 0 | Z75: 0 | AA75: 0 | AB75: 0 | AC75: 0 | AD75: 0 | AE75: 0 | AF75: 0 | AG75: 1 | AH75: 0 | AI75: 0 | AJ75: 3 | AK75: 1 | AL75: =SUM(E75:AK75) -> 12
B76: 4 | C76: HENI KOMISATUN | E76: 0 | F76: 0 | G76: 1 | H76: 0 | I76: 2 | J76: 0 | K76: 0 | L76: 9 | M76: 1 | N76: 0 | O76: 0 | P76: 27 | Q76: 1 | R76: 1 | S76: 1 | T76: 0 | U76: 0 | V76: 0 | W76: 0 | X76: 0 | Y76: 0 | Z76: 0 | AA76: 0 | AB76: 0 | AC76: 0 | AD76: 1 | AE76: 1 | AF76: 2 | AG76: 0 | AH76: 0 | AI76: 1 | AJ76: 0 | AK76: 0 | AL76: =SUM(E76:AK76) -> 48
B77: 5 | C77: KUSYONO | E77: 0 | F77: 0 | G77: 0 | H77: 0 | I77: 0 | J77: 1 | K77: 0 | L77: 0 | M77: 0 | N77: 0 | O77: 0 | P77: 1 | Q77: 0 | R77: 0 | S77: 0 | T77: 0 | U77: 0 | V77: 0 | W77: 0 | X77: 0 | Y77: 0 | Z77: 0 | AA77: 5 | AB77: 0 | AC77: 0 | AD77: 0 | AE77: 0 | AF77: 0 | AG77: 1 | AH77: 1 | AI77: 0 | AJ77: 0 | AK77: 0 | AL77: =SUM(E77:AK77) -> 9
B78: 6 | C78: SUROSO | E78: 0 | F78: 0 | G78: 0 | H78: 1 | I78: 0 | J78: 1 | K78: 0 | L78: 0 | M78: 0 | N78: 0 | O78: 0 | P78: 0 | Q78: 0 | R78: 0 | S78: 0 | T78: 0 | U78: 0 | V78: 0 | W78: 0 | X78: 0 | Y78: 0 | Z78: 0 | AA78: 0 | AB78: 0 | AC78: 0 | AD78: 0 | AE78: 0 | AF78: 0 | AG78: 0 | AH78: 0 | AI78: 0 | AJ78: 0 | AK78: 0 | AL78: =SUM(E78:AK78) -> 2
A79: B | B79: JUMLAH SUARA SAH PARTAI POLITIK DAN CALON (A1 + A2) | E79: =SUM(E72:E78) -> 51 | F79: =SUM(F72:F78) -> 5 | G79: =SUM(G72:G78) -> 40 | H79: =SUM(H72:H78) -> 27 | I79: =SUM(I72:I78) -> 16 | J79: =SUM(J72:J78) -> 14 | K79: =SUM(K72:K78) -> 27 | L79: =SUM(L72:L78) -> 17 | ... AK79: =SUM(AK72:AK78) -> 117 | AL79: =SUM(E79:AK79) -> 678
AL80: =SUM(E80:AK80) -> 0
A81: A.1 | B81: 5. | C81: Partai NasDem | E81: 0 | F81: 3 | G81: 1 | H81: 3 | I81: 0 | J81: 0 | K81: 1 | L81: 1 | M81: 0 | N81: 1 | O81: 0 | P81: 0 | Q81: 2 | R81: 0 | S81: 0 | T81: 0 | U81: 0 | V81: 0 | W81: 2 | X81: 2 | Y81: 0 | Z81: 0 | AA81: 2 | AB81: 1 | AC81: 0 | AD81: 0 | AE81: 0 | AF81: 0 | AG81: 0 | AH81: 0 | AI81: 1 | AJ81: 1 | AK81: 0 | AL81: =SUM(E81:AK81) -> 21
A82: A.2 | B82: 1 | C82: ABU SUFYAN, S.E., S.T., M.SI., M.ARS. | E82: 2 | F82: 1 | G82: 3 | H82: 3 | I82: 3 | J82: 2 | K82: 6 | L82: 22 | M82: 4 | N82: 1 | O82: 3 | P82: 1 | Q82: 16 | R82: 0 | S82: 0 | T82: 0 | U82: 0 | V82: 1 | W82: 0 | X82: 3 | Y82: 0 | Z82: 1 | AA82: 1 | AB82: 1 | AC82: 3 | AD82: 2 | AE82: 11 | AF82: 0 | AG82: 0 | AH82: 0 | AI82: 3 | AJ82: 0 | AK82: 6 | AL82: =SUM(E82:AK82) -> 99
B83: 2 | C83: LUKMAN HAKIM | E83: 0 | F83: 2 | G83: 0 | H83: 0 | I83: 0 | J83: 0 | K83: 0 | L83: 0 | M83: 0 | N83: 0 | O83: 0 | P83: 0 | Q83: 0 | R83: 1 | S83: 0 | T83: 0 | U83: 0 | V83: 0 | W83: 0 | X83: 0 | Y83: 0 | Z83: 0 | AA83: 1 | AB83: 0 | AC83: 0 | AD83: 1 | AE83: 0 | AF83: 0 | AG83: 0 | AH83: 0 | AI83: 0 | AJ83: 0 | AK83: 0 | AL83: =SUM(E83:AK83) -> 5
B84: 3 | C84: DEWI WULANDARI | E84: 0 | F84: 0 | G84: 0 | H84: 0 | I84: 0 | J84: 0 | K84: 0 | L84: 0 | M84: 0 | N84: 0 | O84: 0 | P84: 0 | Q84: 0 | R84: 0 | S84: 0 | T84: 0 | U84: 0 | V84: 0 | W84: 0 | X84: 0 | Y84: 0 | Z84: 0 | AA84: 0 | AB84: 0 | AC84: 0 | AD84: 0 | AE84: 0 | AF84: 0 | AG84: 0 | AH84: 0 | AI84: 0 | AJ84: 0 | AK84: 0 | AL84: =SUM(E84:AK84) -> 0
B85: 4 | C85: JAENURI | E85: 0 | F85: 0 | G85: 0 | H85: 0 | I85: 0 | J85: 0 | K85: 0 | L85: 0 | M85: 0 | N85: 0 | O85: 0 | P85: 0 | Q85: 0 | R85: 0 | S85: 0 | T85: 0 | U85: 1 | V85: 0 | W85: 0 | X85: 0 | Y85: 0 | Z85: 0 | AA85: 0 | AB85: 0 | AC85: 0 | AD85: 0 | AE85: 0 | AF85: 0 | AG85: 0 | AH85: 0 | AI85: 0 | AJ85: 0 | AK85: 0 | AL85: =SUM(E85:AK85) -> 1
B86: 5 | C86: TRI DINDA LESTARI | E86: 0 | F86: 0 | G86: 0 | H86: 11 | I86: 0 | J86: 1 | K86: 0 | L86: 0 | M86: 0 | N86: 0 | O86: 0 | P86: 0 | Q86: 0 | R86: 0 | S86: 0 | T86: 0 | U86: 0 | V86: 0 | W86: 0 | X86: 0 | Y86: 2 | Z86: 1 | AA86: 5 | AB86: 0 | AC86: 4 | AD86: 1 | AE86: 2 | AF86: 0 | AG86: 0 | AH86: 0 | AI86: 0 | AJ86: 0 | AK86: 0 | AL86: =SUM(E86:AK86) -> 27
B87: 6 | C87: AGUS SETIAWAN, A.MD. | E87: 0 | F87: 0 | G87: 3 | H87: 1 | I87: 0 | J87: 0 | K87: 0 | L87: 0 | M87: 0 | N87: 0 | O87: 0 | P87: 0 | Q87: 0 | R87: 0 | S87: 2 | T87: 0 | U87: 0 | V87: 0 | W87: 1 | X87: 0 | Y87: 0 | Z87: 0 | AA87: 0 | AB87: 0 | AC87: 3 | AD87: 0 | AE87: 0 | AF87: 0 | AG87: 0 | AH87: 0 | AI87: 0 | AJ87: 0 | AK87: 0 | AL87: =SUM(E87:AK87) -> 10
A88: B | B88: JUMLAH SUARA SAH PARTAI POLITIK DAN CALON (A1 + A2) | E88: =SUM(E81:E87) -> 2 | F88: =SUM(F81:F87) -> 6 | G88: =SUM(G81:G87) -> 7 | H88: =SUM(H81:H87) -> 18 | I88: =SUM(I81:I87) -> 3 | J88: =SUM(J81:J87) -> 3 | K88: =SUM(K81:K87) -> 7 | L88: =SUM(L81:L87) -> 23 | ... AK88: =SUM(AK81:AK87) -> 6 | AL88: =SUM(E88:AK88) -> 163
AL89: =SUM(E89:AK89) -> 0
A90: A.1 | B90: 6. | C90: Partai Buruh | E90: 0 | F90: 0 | G90: 1 | H90: 1 | I90: 0 | J90: 0 | K90: 0 | L90: 1 | M90: 1 | N90: 2 | O90: 0 | P90: 0 | Q90: 0 | R90: 0 | S90: 0 | T90: 0 | U90: 0 | V90: 1 | W90: 0 | X90: 0 | Y90: 0 | Z90: 0 | AA90: 0 | AB90: 0 | AC90: 0 | AD90: 1 | AE90: 0 | AF90: 1 | AG90: 0 | AH90: 0 | AI90: 0 | AJ90: 0 | AK90: 0 | AL90: =SUM(E90:AK90) -> 9
B91: 1 | C91: AHMAD MIKKO SYAHRIAL | E91: 0 | F91: 0 | G91: 1 | H91: 0 | I91: 0 | J91: 0 | K91: 1 | L91: 0 | M91: 0 | N91: 0 | O91: 0 | P91: 0 | Q91: 0 | R91: 0 | S91: 0 | T91: 0 | U91: 0 | V91: 0 | W91: 0 | X91: 0 | Y91: 0 | Z91: 0 | AA91: 1 | AB91: 0 | AC91: 1 | AD91: 0 | AE91: 0 | AF91: 0 | AG91: 0 | AH91: 0 | AI91: 0 | AJ91: 0 | AK91: 0 | AL91: =SUM(E91:AK91) -> 4
B92: 2 | C92: SITI NURJANNAH | E92: 0 | F92: 1 | G92: 0 | H92: 0 | I92: 0 | J92: 1 | K92: 0 | L92: 0 | M92: 0 | N92: 0 | O92: 0 | P92: 0 | Q92: 0 | R92: 0 | S92: 0 | T92: 0 | U92: 0 | V92: 0 | W92: 0 | X92: 0 | Y92: 1 | Z92: 0 | AA92: 0 | AB92: 0 | AC92: 0 | AD92: 0 | AE92: 0 | AF92: 0 | AG92: 0 | AH92: 1 | AI92: 0 | AJ92: 0 | AK92: 0 | AL92: =SUM(E92:AK92) -> 4
A93: A.2 | B93: 3 | C93: RUDI CHRISTIAWAN | E93: 0 | F93: 0 | G93: 0 | H93: 0 | I93: 0 | J93: 0 | K93: 0 | L93: 0 | M93: 0 | N93: 0 | O93: 0 | P93: 0 | Q93: 0 | R93: 0 | S93: 0 | T93: 0 | U93: 0 | V93: 0 | W93: 0 | X93: 0 | Y93: 0 | Z93: 0 | AA93: 0 | AB93: 0 | AC93: 0 | AD93: 0 | AE93: 0 | AF93: 0 | AG93: 0 | AH93: 0 | AI93: 1 | AJ93: 0 | AK93: 0 | AL93: =SUM(E93:AK93) -> 1
A94: B | B94: JUMLAH SUARA SAH PARTAI POLITIK DAN CALON (A1 + A2) | E94: =SUM(E90:E93) -> 0 | F94: =SUM(F90:F93) -> 1 | G94: =SUM(G90:G93) -> 2 | H94: =SUM(H90:H93) -> 1 | I94: =SUM(I90:I93) -> 0 | J94: =SUM(J90:J93) -> 1 | K94: =SUM(K90:K93) -> 1 | L94: =SUM(L90:L93) -> 1 | ... AI94: =SUM(AI90:AI93) -> 1 | AJ94: 0 | AK94: =SUM(AK90:AK93) -> 0 | AL94: =SUM(E94:AK94) -> 18
AL95: =SUM(E95:AK95) -> 0
A96: A.1 | B96: 7. | C96: Partai Gelombang Rakyat Indonesia | E96: 0 | F96: 0 | G96: 0 | H96: 0 | I96: 0 | J96: 0 | K96: 0 | L96: 0 | M96: 0 | N96: 1 | O96: 0 | P96: 0 | Q96: 1 | R96: 0 | S96: 0 | T96: 1 | U96: 0 | V96: 0 | W96: 0 | X96: 2 | Y96: 0 | Z96: 0 | AA96: 0 | AB96: 0 | AC96: 0 | AD96: 0 | AE96: 1 | AF96: 0 | AG96: 0 | AH96: 2 | AI96: 0 | AJ96: 0 | AK96: 1 | AL96: =SUM(E96:AK96) -> 9
A97: A.2 | B97: 1 | C97: LUTFIYAH | E97: 0 | F97: 0 | G97: 0 | H97: 0 | I97: 0 | J97: 0 | K97: 0 | L97: 0 | M97: 0 | N97: 0 | O97: 0 | P97: 0 | Q97: 1 | R97: 0 | S97: 0 | T97: 0 | U97: 0 | V97: 1 | W97: 0 | X97: 0 | Y97: 0 | Z97: 0 | AA97: 0 | AB97: 0 | AC97: 0 | AD97: 0 | AE97: 0 | AF97: 0 | AG97: 0 | AH97: 0 | AI97: 0 | AJ97: 0 | AK97: 0 | AL97: =SUM(E97:AK97) -> 2
B98: 2 | C98: NURMANSYAH | E98: 0 | F98: 2 | G98: 0 | H98: 1 | I98: 0 | J98: 0 | K98: 0 | L98: 0 | M98: 0 | N98: 0 | O98: 0 | P98: 0 | Q98: 0 | R98: 0 | S98: 0 | T98: 1 | U98: 0 | V98: 0 | W98: 0 | X98: 0 | Y98: 0 | Z98: 0 | AA98: 0 | AB98: 0 | AC98: 0 | AD98: 0 | AE98: 0 | AF98: 0 | AG98: 0 | AH98: 0 | AI98: 0 | AJ98: 0 | AK98: 0 | AL98: =SUM(E98:AK98) -> 4
A99: B | B99: JUMLAH SUARA SAH PARTAI POLITIK DAN CALON (A1 + A2) | E99: =SUM(E96:E98) -> 0 | F99: =SUM(F96:F98) -> 2 | G99: =SUM(G96:G98) -> 0 | H99: =SUM(H96:H98) -> 1 | I99: =SUM(I96:I98) -> 0 | J99: =SUM(J96:J98) -> 0 | K99: =SUM(K96:K98) -> 0 | L99: =SUM(L96:L98) -> 0 | ... AK99: =SUM(AK96:AK98) -> 1 | AL99: =SUM(E99:AK99) -> 15
AL100: =SUM(E100:AK100) -> 0
A101: A.1 | B101: 8. | C101: Partai Keadilan Sejahtera | E101: 3 | F101: 2 | G101: 0 | H101: 0 | I101: 2 | J101: 1 | K101: 1 | L101: 1 | M101: 0 | N101: 0 | O101: 2 | P101: 0 | Q101: 0 | R101: 0 | S101: 0 | T101: 0 | U101: 0 | V101: 0 | W101: 1 | X101: 0 | Y101: 3 | Z101: 1 | AA101: 2 | AB101: 0 | AC101: 1 | AD101: 1 | AE101: 2 | AF101: 0 | AG101: 0 | AH101: 0 | AI101: 0 | AJ101: 1 | AK101: 0 | AL101: =SUM(E101:AK101) -> 24
A102: A.2 | B102: 1 | C102: ANHARUDIN, S.PD.I. | E102: 1 | F102: 1 | G102: 2 | H102: 0 | I102: 0 | J102: 2 | K102: 0 | L102: 0 | M102: 1 | N102: 0 | O102: 0 | P102: 0 | Q102: 0 | R102: 0 | S102: 0 | T102: 0 | U102: 0 | V102: 0 | W102: 2 | X102: 0 | Y102: 2 | Z102: 0 | AA102: 0 | AB102: 5 | AC102: 0 | AD102: 2 | AE102: 0 | AF102: 0 | AG102: 1 | AH102: 0 | AI102: 1 | AJ102: 0 | AK102: 0 | AL102: =SUM(E102:AK102) -> 20
B103: 2 | C103: NASUKI SYAMSUL, S.H. | E103: 0 | F103: 2 | G103: 0 | H103: 0 | I103: 0 | J103: 0 | K103: 1 | L103: 0 | M103: 0 | N103: 0 | O103: 0 | P103: 0 | Q103: 0 | R103: 0 | S103: 0 | T103: 0 | U103: 0 | V103: 0 | W103: 0 | X103: 0 | Y103: 0 | Z103: 0 | AA103: 0 | AB103: 0 | AC103: 0 | AD103: 0 | AE103: 0 | AF103: 0 | AG103: 0 | AH103: 0 | AI103: 0 | AJ103: 1 | AK103: 0 | AL103: =SUM(E103:AK103) -> 4
B104: 3 | C104: LAILATUR ROSYIDAH | E104: 0 | F104: 0 | G104: 0 | H104: 0 | I104: 0 | J104: 0 | K104: 0 | L104: 0 | M104: 0 | N104: 0 | O104: 1 | P104: 0 | Q104: 0 | R104: 0 | S104: 0 | T104: 0 | U104: 0 | V104: 1 | W104: 1 | X104: 0 | Y104: 0 | Z104: 0 | AA104: 0 | AB104: 1 | AC104: 0 | AD104: 0 | AE104: 0 | AF104: 0 | AG104: 0 | AH104: 0 | AI104: 0 | AJ104: 0 | AK104: 0 | AL104: =SUM(E104:AK104) -> 4
B105: 4 | C105: ALI MANSUR, S.T. | E105: 1 | F105: 0 | G105: 0 | H105: 0 | I105: 0 | J105: 0 | K105: 0 | L105: 0 | M105: 0 | N105: 0 | O105: 0 | P105: 0 | Q105: 0 | R105: 0 | S105: 0 | T105: 0 | U105: 0 | V105: 0 | W105: 0 | X105: 0 | Y105: 0 | Z105: 0 | AA105: 0 | AB105: 0 | AC105: 0 | AD105: 0 | AE105: 0 | AF105: 0 | AG105: 0 | AH105: 0 | AI105: 0 | AJ105: 0 | AK105: 0 | AL105: =SUM(E105:AK105) -> 1
B106: 5 | C106: ALFIRA ROSALIANA | E106: 0 | F106: 0 | G106: 0 | H106: 0 | I106: 0 | J106: 0 | K106: 0 | L106: 0 | M106: 0 | N106: 0 | O106: 0 | P106: 0 | Q106: 0 | R106: 0 | S106: 0 | T106: 0 | U106: 0 | V106: 0 | W106: 0 | X106: 0 | Y106: 0 | Z106: 0 | AA106: 0 | AB106: 0 | AC106: 0 | AD106: 0 | AE106: 0 | AF106: 0 | AG106: 0 | AH106: 0 | AI106: 0 | AJ106: 0 | AK106: 0 | AL106: =SUM(E106:AK106) -> 0
B107: 6 | C107: WILDA GUSFIYANTI AZIZ, S.A. | E107: 0 | F107: 0 | G107: 0 | H107: 0 | I107: 0 | J107: 0 | K107: 0 | L107: 0 | M107: 0 | N107: 0 | O107: 0 | P107: 0 | Q107: 0 | R107: 0 | S107: 0 | T107: 0 | U107: 0 | V107: 0 | W107: 0 | X107: 0 | Y107: 0 | Z107: 0 | AA107: 0 | AB107: 0 | AC107: 0 | AD107: 0 | AE107: 0 | AF107: 0 | AG107: 0 | AH107: 0 | AI107: 0 | AJ107: 0 | AK107: 0 | AL107: =SUM(E107:AK107) -> 0
A108: B | B108: JUMLAH SUARA SAH PARTAI POLITIK DAN CALON (A1 + A2) | E108: =SUM(E101:E107) -> 5 | F108: =SUM(F101:F107) -> 5 | G108: =SUM(G101:G107) -> 2 | H108: =SUM(H101:H107) -> 0 | I108: =SUM(I101:I107) -> 2 | J108: =SUM(J101:J107) -> 3 | K108: =SUM(K101:K107) -> 2 | L108: =SUM(L101:L107) -> 1 | ... AK108: =SUM(AK101:AK107) -> 0 | AL108: =SUM(E108:AK108) -> 53
AL109: =SUM(E109:AK109) -> 0
A110: A.1 | B110: 9. | C110: Partai Kebangkitan Nusantara | E110: 0 | F110: 0 | G110: 0 | H110: 1 | I110: 0 | J110: 0 | K110: 0 | L110: 0 | M110: 0 | N110: 0 | O110: 0 | P110: 0 | Q110: 0 | R110: 0 | S110: 0 | T110: 0 | U110: 1 | V110: 0 | W110: 0 | X110: 0 | Y110: 0 | Z110: 0 | AA110: 0 | AB110: 0 | AC110: 0 | AD110: 0 | AE110: 0 | AF110: 0 | AG110: 0 | AH110: 0 | AI110: 0 | AJ110: 0 | AK110: 0 | AL110: =SUM(E110:AK110) -> 2
B111: 1 | C111: NANANG HENDIK ROBBY A.S. | E111: 0 | F111: 0 | G111: 0 | H111: 0 | I111: 0 | J111: 0 | K111: 0 | L111: 0 | M111: 0 | N111: 0 | O111: 0 | P111: 0 | Q111: 0 | R111: 0 | S111: 0 | T111: 0 | U111: 0 | V111: 0 | W111: 0 | X111: 0 | Y111: 0 | Z111: 0 | AA111: 0 | AB111: 0 | AC111: 0 | AD111: 0 | AE111: 0 | AF111: 0 | AG111: 0 | AH111: 0 | AI111: 0 | AJ111: 0 | AK111: 0 | AL111: =SUM(E111:AK111) -> 0
...

Sheet KALIPLOSO
C2: Kecamatan | D2: CLURING
C3: Kabupaten | D3: BANYUWANGI
C4: Provinsi | D4: JAWA TIMUR
C9: Kelurahan | D9: KALIPLOSO
A12: I | B12: DATA PEMILIH DAN PENGGUNAAN HAK PILIH | Q12: JUMLAH AKHIR
A13: A | B13: DATA PEMILIH | E13: TPS 001 | F13: TPS 002 | G13: TPS 003 | H13: TPS 004 | I13: TPS 005 | J13: TPS 006 | K13: TPS 007 | L13: TPS 008 | M13: TPS 009 | N13: TPS 010 | O13: TPS 011 | P13: TPS 012
B14: Jumlah Pemilih dalam Daftar Pemilih Tetap (DPT) | D14: LK | E14: 137 | F14: 152 | G14: 135 | H14: 160 | I14: 142 | J14: 143 | K14: 128 | L14: 122 | M14: 107 | N14: 132 | O14: 142 | P14: 144 | Q14: =SUM(E14:P14) -> 1644
D15: PR | E15: 149 | F15: 144 | G15: 156 | H15: 137 | I15: 149 | J15: 143 | K15: 117 | L15: 122 | M15: 98 | N15: 124 | O15: 147 | P15: 150 | Q15: =SUM(E15:P15) -> 1636
D16: JML | E16: =SUM(E14:E15) -> 286 | F16: =SUM(F14:F15) -> 296 | G16: =SUM(G14:G15) -> 291 | H16: =SUM(H14:H15) -> 297 | I16: =SUM(I14:I15) -> 291 | J16: =SUM(J14:J15) -> 286 | K16: =SUM(K14:K15) -> 245 | L16: =SUM(L14:L15) -> 244 | ... P16: =SUM(P14:P15) -> 294 | Q16: =SUM(E16:P16) -> 3280
A18: B | B18: PENGGUNA HAK PILIH
B19: 1. | C19: Jumlah pengguna hak pilih dalam Daftar Pemilih Tetap (DPT) | D19: LK | E19: 81 | F19: 107 | G19: 100 | H19: 113 | I19: 121 | J19: 113 | K19: 103 | L19: 97 | M19: 75 | N19: 114 | O19: 116 | P19: 112 | Q19: =SUM(E19:P19) -> 1252
D20: PR | E20: 112 | F20: 117 | G20: 124 | H20: 127 | I20: 121 | J20: 117 | K20: 94 | L20: 95 | M20: 71 | N20: 87 | O20: 127 | P20: 123 | Q20: =SUM(E20:P20) -> 1315
D21: JML | E21: 193 | F21: 224 | G21: 224 | H21: 240 | I21: 242 | J21: 230 | K21: 197 | L21: 192 | M21: 146 | N21: 201 | O21: 243 | P21: 235 | Q21: =SUM(E21:P21) -> 2567
B22: 2. | C22: Jumlah pengguna hak pilih dalam Daftar Pemilih Tambahan (DPTb) | D22: LK | E22: 0 | F22: 1 | G22: 0 | H22: 0 | I22: 0 | J22: 0 | K22: 0 | L22: 0 | M22: 0 | N22: 0 | O22: 0 | P22: 0 | Q22: =SUM(E22:P22) -> 1
D23: PR | E23: 0 | F23: 2 | G23: 0 | H23: 0 | I23: 1 | J23: 0 | K23: 0 | L23: 0 | M23: 0 | N23: 0 | O23: 0 | P23: 1 | Q23: =SUM(E23:P23) -> 4
D24: JML | E24: 0 | F24: 3 | G24: 0 | H24: 0 | I24: 1 | J24: 0 | K24: 0 | L24: 0 | M24: 0 | N24: 0 | O24: 0 | P24: 1 | Q24: =SUM(E24:P24) -> 5
B25: 3. | C25: Jumlah pengguna hak pilih dalam Daftar Pemilih Khusus (DPK) | D25: LK | E25: 1 | F25: 1 | G25: 0 | H25: 0 | I25: 1 | J25: 1 | K25: 1 | L25: 0 | M25: 1 | N25: 0 | O25: 0 | P25: 0 | Q25: =SUM(E25:P25) -> 6
D26: PR | E26: 2 | F26: 1 | G26: 2 | H26: 0 | I26: 2 | J26: 3 | K26: 2 | L26: 0 | M26: 2 | N26: 0 | O26: 0 | P26: 0 | Q26: =SUM(E26:P26) -> 14
D27: JML | E27: 3 | F27: 2 | G27: 2 | H27: 0 | I27: 3 | J27: 4 | K27: 3 | L27: 0 | M27: 3 | N27: 0 | O27: 0 | P27: 0 | Q27: =SUM(E27:P27) -> 20
B28: 4. | C28: Jumlah Pengguna Hak Pilih (B.1+B.2+B.3) | D28: LK | E28: 82 | F28: 109 | G28: 100 | H28: 113 | I28: 122 | J28: 114 | K28: 104 | L28: 97 | M28: 76 | N28: 114 | O28: 116 | P28: 112 | Q28: =SUM(E28:P28) -> 1259
D29: PR | E29: 114 | F29: 120 | G29: 126 | H29: 127 | I29: 124 | J29: 120 | K29: 96 | L29: 95 | M29: 73 | N29: 87 | O29: 127 | P29: 124 | Q29: =SUM(E29:P29) -> 1333
D30: JML | E30: =SUM(E28:E29) -> 196 | F30: =SUM(F28:F29) -> 229 | G30: =SUM(G28:G29) -> 226 | H30: =SUM(H28:H29) -> 240 | I30: =SUM(I28:I29) -> 246 | J30: =SUM(J28:J29) -> 234 | K30: =SUM(K28:K29) -> 200 | L30: =SUM(L28:L29) -> 192 | ... P30: =SUM(P28:P29) -> 236 | Q30: =SUM(E30:P30) -> 2592
A32: II | B32: DATA PENGGUNAAN SURAT SUARA
A33: 1 | B33: Jumlah surat suara yang diterima, termasuk surat suara cadangan 2,5% dari DPT | E33: 300 | F33: 302 | G33: 298 | H33: 302 | I33: 295 | J33: 292 | K33: 250 | L33: 248 | M33: 210 | N33: 263 | O33: 293 | P33: 300 | Q33: =SUM(E33:P33) -> 3353
A34: 2 | B34: Jumlah surat suara yang digunakan | E34: 196 | F34: 229 | G34: 226 | H34: 240 | I34: 246 | J34: 234 | K34: 200 | L34: 192 | M34: 149 | N34: 201 | O34: 243 | P34: 236 | Q34: =SUM(E34:P34) -> 2592
A35: 3 | B35: Jumlah surat suara dikembalikan oleh pemilih (karena rusak atau keliru coblos) | E35: 1 | F35: 2 | G35: 0 | H35: 0 | I35: 2 | J35: 0 | K35: 1 | L35: 0 | M35: 2 | N35: 0 | O35: 0 | P35: 2 | Q35: =SUM(E35:P35) -> 10
A36: 4 | B36: Jumlah surat suara yang tidak digunakan/tidak terpakai, termasuk sisa surat suara cadangan | E36: 103 | F36: 71 | G36: 72 | H36: 62 | I36: 47 | J36: 58 | K36: 49 | L36: 56 | M36: 59 | N36: 62 | O36: 50 | P36: 62 | Q36: =SUM(E36:P36) -> 751
A38: III | B38: DATA PEMILIH DISABILITAS
B39: Jumlah seluruh Pemilih disabilitas yang menggunakan hak pilih | D39: LK | E39: 0 | F39: 0 | G39: 0 | H39: 0 | I39: 0 | J39: 0 | K39: 0 | L39: 0 | M39: 0 | N39: 0 | O39: 0 | P39: 0 | Q39: =SUM(E39:P39) -> 0
D40: PR | E40: 0 | F40: 0 | G40: 0 | H40: 0 | I40: 0 | J40: 0 | K40: 0 | L40: 0 | M40: 0 | N40: 0 | O40: 0 | P40: 0 | Q40: =SUM(E40:P40) -> 0
D41: JML | E41: =SUM(E39:E40) -> 0 | F41: =SUM(F39:F40) -> 0 | G41: =SUM(G39:G40) -> 0 | H41: =SUM(H39:H40) -> 0 | I41: =SUM(I39:I40) -> 0 | J41: =SUM(J39:J40) -> 0 | K41: =SUM(K39:K40) -> 0 | L41: =SUM(L39:L40) -> 0 | ... P41: =SUM(P39:P40) -> 0 | Q41: =SUM(E41:P41) -> 0
A43: IV | B43: DATA RINCIAN PEROLEHAN SUARA PASANGAN CALON BUPATI DAN WAKIL BUPATI
A44: NOMOR DAN NAMA CALON
A45: A.1 | B45: 1. | C45: Partai Kebangkitan Bangsa | E45: 12 | F45: 0 | G45: 10 | H45: 3 | I45: 6 | J45: 1 | K45: 5 | L45: 1 | M45: 1 | N45: 1 | O45: 1 | P45: 0 | Q45: 41
A46: A.2 | B46: 1 | C46: KH. MUHAMMAD RIZA AZIZY, M.IEB. | E46: 2 | F46: 4 | G46: 4 | H46: 1 | I46: 4 | J46: 6 | K46: 2 | L46: 1 | M46: 3 | N46: 4 | O46: 3 | P46: 7 | Q46: 41
B47: 2 | C47: INAYANTI KUSUMASARI, S.E. | E47: 16 | F47: 5 | G47: 20 | H47: 19 | I47: 44 | J47: 29 | K47: 4 | L47: 4 | M47: 2 | N47: 1 | O47: 5 | P47: 24 | Q47: 173
B48: 3 | C48: TOPAN HADI SUCIPTO, S.H. | E48: 0 | F48: 1 | G48: 0 | H48: 0 | I48: 1 | J48: 0 | K48: 0 | L48: 0 | M48: 0 | N48: 0 | O48: 0 | P48: 0 | Q48: 2
B49: 4 | C49: HAULA KARIMA AKBAR, S.PD. | E49: 1 | F49: 0 | G49: 0 | H49: 0 | I49: 0 | J49: 0 | K49: 0 | L49: 0 | M49: 0 | N49: 0 | O49: 0 | P49: 0 | Q49: 1
B50: 5 | C50: SUGENG HARYONO | E50: 0 | F50: 0 | G50: 0 | H50: 0 | I50: 1 | J50: 0 | K50: 0 | L50: 0 | M50: 0 | N50: 0 | O50: 0 | P50: 0 | Q50: 1
B51: 6 | C51: MOH. RIYADUS SHOLIHIN, A.MD. | E51: 5 | F51: 12 | G51: 8 | H51: 2 | I51: 12 | J51: 0 | K51: 0 | L51: 1 | M51: 0 | N51: 5 | O51: 1 | P51: 9 | Q51: 55
A52: B | B52: JUMLAH SUARA SAH PARTAI POLITIK DAN CALON (A1 + A2) | E52: =SUM(E45:E51) -> 36 | F52: =SUM(F45:F51) -> 22 | G52: =SUM(G45:G51) -> 42 | H52: =SUM(H45:H51) -> 25 | I52: =SUM(I45:I51) -> 68 | J52: =SUM(J45:J51) -> 36 | K52: =SUM(K45:K51) -> 11 | L52: =SUM(L45:L51) -> 7 | ... P52: =SUM(P45:P51) -> 40 | Q52: =SUM(E52:P52) -> 314
A54: A.1 | B54: 2. | C54: Partai Gerakan Indonesia Raya | E54: 10 | F54: 7 | G54: 13 | H54: 8 | I54: 11 | J54: 5 | K54: 3 | L54: 4 | M54: 2 | N54: 2 | O54: 4 | P54: 3 | Q54: 72
A55: A.2 | B55: 1 | C55: AGUNG SUBASTIAN | E55: 1 | F55: 4 | G55: 12 | H55: 6 | I55: 11 | J55: 3 | K55: 1 | L55: 5 | M55: 1 | N55: 0 | O55: 6 | P55: 0 | Q55: 50
B56: 2 | C56: ABDUL HAMID | E56: 4 | F56: 3 | G56: 2 | H56: 1 | I56: 4 | J56: 1 | K56: 0 | L56: 1 | M56: 0 | N56: 1 | O56: 2 | P56: 0 | Q56: 19
B57: 3 | C57: NUR ALVI NAZIMAH | E57: 1 | F57: 2 | G57: 1 | H57: 1 | I57: 1 | J57: 1 | K57: 0 | L57: 1 | M57: 0 | N57: 0 | O57: 1 | P57: 0 | Q57: 9
B58: 4 | C58: EMI WIJAYANTI | E58: 0 | F58: 0 | G58: 3 | H58: 0 | I58: 0 | J58: 0 | K58: 0 | L58: 0 | M58: 1 | N58: 0 | O58: 0 | P58: 1 | Q58: 5
B59: 5 | C59: MUHAMAD ALFAN SAIFUDIN | E59: 0 | F59: 1 | G59: 0 | H59: 0 | I59: 1 | J59: 0 | K59: 0 | L59: 0 | M59: 0 | N59: 0 | O59: 0 | P59: 0 | Q59: 2
B60: 6 | C60: BAYU PUTRA PAMUNGKAS | E60: 0 | F60: 0 | G60: 0 | H60: 2 | I60: 0 | J60: 1 | K60: 0 | L60: 2 | M60: 0 | N60: 0 | O60: 0 | P60: 0 | Q60: 5
A61: B | B61: JUMLAH SUARA SAH PARTAI POLITIK DAN CALON (A1 + A2) | E61: =SUM(E54:E60) -> 16 | F61: =SUM(F54:F60) -> 17 | G61: =SUM(G54:G60) -> 31 | H61: =SUM(H54:H60) -> 18 | I61: =SUM(I54:I60) -> 28 | J61: =SUM(J54:J60) -> 11 | K61: =SUM(K54:K60) -> 4 | L61: =SUM(L54:L60) -> 13 | ... P61: =SUM(P54:P60) -> 4 | Q61: =SUM(E61:P61) -> 162
A63: A.1 | B63: 3. | C63: Partai Demokrasi Indonesia Perjuangan | E63: 0 | F63: 6 | G63: 5 | H63: 3 | I63: 4 | J63: 5 | K63: 2 | L63: 7 | M63: 2 | N63: 8 | O63: 4 | P63: 9 | Q63: 55
A64: A.2 | B64: 1 | C64: IR. YAYUK BANAR SRI PANGAYOM | E64: 2 | F64: 2 | G64: 3 | H64: 5 | I64: 3 | J64: 3 | K64: 1 | L64: 0 | M64: 1 | N64: 0 | O64: 0 | P64: 1 | Q64: 21
B65: 2 | C65: DR. ANA ANIATI | E65: 1 | F65: 1 | G65: 1 | H65: 2 | I65: 5 | J65: 0 | K65: 0 | L65: 0 | M65: 0 | N65: 3 | O65: 2 | P65: 2 | Q65: 17
B66: 3 | C66: HADI WIDODO, S.P. | E66: 15 | F66: 11 | G66: 29 | H66: 37 | I66: 22 | J66: 7 | K66: 4 | L66: 23 | M66: 33 | N66: 79 | O66: 84 | P66: 112 | Q66: 456
B67: 4 | C67: ANDIKO PUTRA MAHATTA | E67: 0 | F67: 0 | G67: 1 | H67: 1 | I67: 0 | J67: 0 | K67: 1 | L67: 0 | M67: 0 | N67: 1 | O67: 0 | P67: 1 | Q67: 5
B68: 5 | C68: YUNI APRILIA | E68: 0 | F68: 1 | G68: 0 | H68: 0 | I68: 0 | J68: 1 | K68: 0 | L68: 0 | M68: 0 | N68: 0 | O68: 0 | P68: 0 | Q68: 2
B69: 6 | C69: IKE PREDITA FIKTARYANA | E69: 0 | F69: 0 | G69: 0 | H69: 0 | I69: 0 | J69: 0 | K69: 0 | L69: 0 | M69: 0 | N69: 0 | O69: 0 | P69: 0 | Q69: 0
A70: B | B70: JUMLAH SUARA SAH PARTAI POLITIK DAN CALON (A1 + A2) | E70: =SUM(E63:E69) -> 18 | F70: =SUM(F63:F69) -> 21 | G70: =SUM(G63:G69) -> 39 | H70: =SUM(H63:H69) -> 48 | I70: =SUM(I63:I69) -> 34 | J70: =SUM(J63:J69) -> 16 | K70: =SUM(K63:K69) -> 8 | L70: =SUM(L63:L69) -> 30 | ... P70: =SUM(P63:P69) -> 125 | Q70: =SUM(E70:P70) -> 556
A72: A.1 | B72: 4. | C72: Partai Golongan Karya | E72: 6 | F72: 3 | G72: 12 | H72: 14 | I72: 3 | J72: 10 | K72: 2 | L72: 8 | M72: 4 | N72: 7 | O72: 3 | P72: 3 | Q72: =SUM(E72:P72) -> 75
A73: A.2 | B73: 1 | C73: SOFIANDI SUSIADI, A.MD. | E73: 72 | F73: 122 | G73: 62 | H73: 110 | I73: 59 | J73: 133 | K73: 157 | L73: 93 | M73: 38 | N73: 86 | O73: 119 | P73: 53 | Q73: =SUM(E73:P73) -> 1104
B74: 2 | C74: SUHAERI, S.PD. | E74: 0 | F74: 1 | G74: 1 | H74: 1 | I74: 3 | J74: 1 | K74: 1 | L74: 3 | M74: 0 | N74: 0 | O74: 0 | P74: 0 | Q74: =SUM(E74:P74) -> 11
B75: 3 | C75: SITI MAHMUDAH, S.SOS. | E75: 1 | F75: 1 | G75: 1 | H75: 1 | I75: 1 | J75: 0 | K75: 0 | L75: 2 | M75: 1 | N75: 0 | O75: 0 | P75: 0 | Q75: =SUM(E75:P75) -> 8
B76: 4 | C76: HENI KOMISATUN | E76: 1 | F76: 1 | G76: 0 | H76: 0 | I76: 0 | J76: 0 | K76: 0 | L76: 0 | M76: 0 | N76: 0 | O76: 0 | P76: 0 | Q76: =SUM(E76:P76) -> 2
B77: 5 | C77: KUSYONO | E77: 0 | F77: 0 | G77: 0 | H77: 0 | I77: 0 | J77: 0 | K77: 0 | L77: 0 | M77: 0 | N77: 0 | O77: 0 | P77: 0 | Q77: =SUM(E77:P77) -> 0
B78: 6 | C78: SUROSO | E78: 0 | F78: 0 | G78: 0 | H78: 0 | I78: 0 | J78: 0 | K78: 0 | L78: 0 | M78: 0 | N78: 0 | O78: 1 | P78: 0 | Q78: =SUM(E78:P78) -> 1
A79: B | B79: JUMLAH SUARA SAH PARTAI POLITIK DAN CALON (A1 + A2) | E79: =SUM(E72:E78) -> 80 | F79: =SUM(F72:F78) -> 128 | G79: =SUM(G72:G78) -> 76 | H79: =SUM(H72:H78) -> 126 | I79: =SUM(I72:I78) -> 66 | J79: =SUM(J72:J78) -> 144 | K79: =SUM(K72:K78) -> 160 | L79: =SUM(L72:L78) -> 106 | ... P79: =SUM(P72:P78) -> 56 | Q79: =SUM(E79:P79) -> 1201
Q80: =SUM(E80:P80) -> 0
A81: A.1 | B81: 5. | C81: Partai NasDem | E81: 0 | F81: 0 | G81: 0 | H81: 1 | I81: 1 | J81: 0 | K81: 0 | L81: 0 | M81: 0 | N81: 0 | O81: 0 | P81: 1 | Q81: 3
A82: A.2 | B82: 1 | C82: ABU SUFYAN, S.E., S.T., M.SI., M.ARS. | E82: 7 | F82: 1 | G82: 0 | H82: 1 | I82: 0 | J82: 0 | K82: 0 | L82: 0 | M82: 0 | N82: 0 | O82: 0 | P82: 0 | Q82: 9
B83: 2 | C83: LUKMAN HAKIM | E83: 0 | F83: 0 | G83: 0 | H83: 0 | I83: 0 | J83: 0 | K83: 0 | L83: 0 | M83: 0 | N83: 0 | O83: 0 | P83: 0 | Q83: 0
B84: 3 | C84: DEWI WULANDARI | E84: 0 | F84: 0 | G84: 0 | H84: 0 | I84: 0 | J84: 1 | K84: 0 | L84: 0 | M84: 0 | N84: 0 | O84: 0 | P84: 0 | Q84: 1
B85: 4 | C85: JAENURI | E85: 0 | F85: 0 | G85: 0 | H85: 0 | I85: 0 | J85: 0 | K85: 0 | L85: 0 | M85: 0 | N85: 0 | O85: 0 | P85: 0 | Q85: 0
B86: 5 | C86: TRI DINDA LESTARI | E86: 0 | F86: 0 | G86: 0 | H86: 0 | I86: 0 | J86: 0 | K86: 2 | L86: 0 | M86: 0 | N86: 0 | O86: 0 | P86: 0 | Q86: 0
B87: 6 | C87: AGUS SETIAWAN, A.MD. | E87: 0 | F87: 0 | G87: 0 | H87: 0 | I87: 0 | J87: 0 | K87: 0 | L87: 0 | M87: 2 | N87: 0 | O87: 0 | P87: 0 | Q87: 2
A88: B | B88: JUMLAH SUARA SAH PARTAI POLITIK DAN CALON (A1 + A2) | E88: =SUM(E81:E87) -> 7 | F88: =SUM(F81:F87) -> 1 | G88: =SUM(G81:G87) -> 0 | H88: =SUM(H81:H87) -> 2 | I88: =SUM(I81:I87) -> 1 | J88: =SUM(J81:J87) -> 1 | K88: =SUM(K81:K87) -> 2 | L88: =SUM(L81:L87) -> 0 | ... P88: =SUM(P81:P87) -> 1 | Q88: 15
A90: A.1 | B90: 6. | C90: Partai Buruh | E90: 0 | F90: 2 | G90: 0 | H90: 0 | I90: 0 | J90: 0 | K90: 0 | L90: 1 | M90: 0 | N90: 0 | O90: 0 | P90: 0 | Q90: 3
B91: 1 | C91: AHMAD MIKKO SYAHRIAL | E91: 0 | F91: 0 | G91: 0 | H91: 0 | I91: 1 | J91: 0 | K91: 0 | L91: 0 | M91: 0 | N91: 0 | O91: 0 | P91: 0 | Q91: 1
B92: 2 | C92: SITI NURJANNAH | E92: 0 | F92: 0 | G92: 0 | H92: 0 | I92: 0 | J92: 0 | K92: 0 | L92: 0 | M92: 0 | N92: 0 | O92: 0 | P92: 1 | Q92: 1
A93: A.2 | B93: 3 | C93: RUDI CHRISTIAWAN | E93: 0 | F93: 0 | G93: 0 | H93: 0 | I93: 0 | J93: 0 | K93: 0 | L93: 2 | M93: 0 | N93: 0 | O93: 0 | P93: 0 | Q93: 2
A94: B | B94: JUMLAH SUARA SAH PARTAI POLITIK DAN CALON (A1 + A2) | E94: =SUM(E90:E93) -> 0 | F94: =SUM(F90:F93) -> 2 | G94: =SUM(G90:G93) -> 0 | H94: =SUM(H90:H93) -> 0 | I94: =SUM(I90:I93) -> 1 | J94: =SUM(J90:J93) -> 0 | K94: =SUM(K90:K93) -> 0 | L94: =SUM(L90:L93) -> 3 | ... P94: =SUM(P90:P93) -> 1 | Q94: =SUM(E94:P94) -> 7
A96: A.1 | B96: 7. | C96: Partai Gelombang Rakyat Indonesia | E96: 0 | F96: 0 | G96: 0 | H96: 1 | I96: 0 | J96: 0 | K96: 0 | L96: 0 | M96: 0 | N96: 0 | O96: 0 | P96: 0 | Q96: 1
A97: A.2 | B97: 1 | C97: LUTFIYAH | E97: 0 | F97: 0 | G97: 0 | H97: 0 | I97: 0 | J97: 0 | K97: 0 | L97: 0 | M97: 0 | N97: 0 | O97: 0 | P97: 1 | Q97: 1
B98: 2 | C98: NURMANSYAH | E98: 0 | F98: 0 | G98: 0 | H98: 0 | I98: 0 | J98: 0 | K98: 0 | L98: 0 | M98: 0 | N98: 0 | O98: 0 | P98: 0 | Q98: 0
A99: B | B99: JUMLAH SUARA SAH PARTAI POLITIK DAN CALON (A1 + A2) | E99: =SUM(E96:E98) -> 0 | F99: =SUM(F96:F98) -> 0 | G99: =SUM(G96:G98) -> 0 | H99: =SUM(H96:H98) -> 1 | I99: =SUM(I96:I98) -> 0 | J99: =SUM(J96:J98) -> 0 | K99: =SUM(K96:K98) -> 0 | L99: =SUM(L96:L98) -> 0 | ... P99: =SUM(P96:P98) -> 1 | Q99: =SUM(E99:P99) -> 2
A101: A.1 | B101: 8. | C101: Partai Keadilan Sejahtera | E101: 1 | F101: 5 | G101: 0 | H101: 1 | I101: 0 | J101: 0 | K101: 0 | L101: 0 | M101: 0 | N101: 0 | O101: 0 | P101: 0 | Q101: 7
A102: A.2 | B102: 1 | C102: ANHARUDIN, S.PD.I. | E102: 0 | F102: 1 | G102: 4 | H102: 0 | I102: 0 | J102: 6 | K102: 0 | L102: 0 | M102: 0 | N102: 0 | O102: 0 | P102: 4 | Q102: 15
B103: 2 | C103: NASUKI SYAMSUL, S.H. | E103: 0 | F103: 0 | G103: 0 | H103: 0 | I103: 0 | J103: 0 | K103: 0 | L103: 0 | M103: 0 | N103: 0 | O103: 0 | P103: 0 | Q103: 0
B104: 3 | C104: LAILATUR ROSYIDAH | E104: 0 | F104: 0 | G104: 0 | H104: 0 | I104: 0 | J104: 0 | K104: 0 | L104: 0 | M104: 0 | N104: 0 | O104: 0 | P104: 0 | Q104: 0
B105: 4 | C105: ALI MANSUR, S.T. | E105: 0 | F105: 0 | G105: 0 | H105: 0 | I105: 0 | J105: 0 | K105: 0 | L105: 0 | M105: 0 | N105: 0 | O105: 0 | P105: 0 | Q105: 0
B106: 5 | C106: ALFIRA ROSALIANA | E106: 0 | F106: 0 | G106: 0 | H106: 0 | I106: 0 | J106: 0 | K106: 0 | L106: 0 | M106: 0 | N106: 0 | O106: 0 | P106: 0 | Q106: 0
B107: 6 | C107: WILDA GUSFIYANTI AZIZ, S.A. | E107: 0 | F107: 0 | G107: 0 | H107: 0 | I107: 0 | J107: 0 | K107: 0 | L107: 0 | M107: 0 | N107: 0 | O107: 0 | P107: 0 | Q107: 0
A108: B | B108: JUMLAH SUARA SAH PARTAI POLITIK DAN CALON (A1 + A2) | E108: =SUM(E101:E107) -> 1 | F108: =SUM(F101:F107) -> 6 | G108: =SUM(G101:G107) -> 4 | H108: =SUM(H101:H107) -> 1 | I108: =SUM(I101:I107) -> 0 | J108: =SUM(J101:J107) -> 6 | K108: =SUM(K101:K107) -> 0 | L108: =SUM(L101:L107) -> 0 | ... P108: =SUM(P101:P107) -> 4 | Q108: =SUM(E108:P108) -> 22
A110: A.1 | B110: 9. | C110: Partai Kebangkitan Nusantara | E110: 0 | F110: 0 | G110: 0 | H110: 0 | I110: 0 | J110: 0 | K110: 0 | L110: 0 | M110: 0 | N110: 0 | O110: 0 | P110: 0 | Q110: =SUM(E110:P110) -> 0
B111: 1 | C111: NANANG HENDIK ROBBY A.S. | E111: 0 | F111: 0 | G111: 0 | H111: 0 | I111: 0 | J111: 0 | K111: 0 | L111: 0 | M111: 0 | N111: 0 | O111: 0 | P111: 0 | Q111: =SUM(E111:P111) -> 0
B112: 2 | C112: ANY SUSWATI, S.PD. | E112: 0 | F112: 0 | G112: 0 | H112: 0 | I112: 0 | J112: 0 | K112: 0 | L112: 0 | M112: 0 | N112: 0 | O112: 0 | P112: 0 | Q112: =SUM(E112:P112) -> 0
B113: 3 | C113: UNTUNG SUPRIYADI | E113: 0 | F113: 0 | G113: 0 | H113: 0 | I113: 0 | J113: 0 | K113: 0 | L113: 0 | M113: 0 | N113: 0 | O113: 0 | P113: 0 | Q113: =SUM(E113:P113) -> 0
A114: A.2 | B114: 4 | C114: RETNO JUMLIAH | E114: 0 | F114: 0 | G114: 0 | H114: 0 | I114: 0 | J114: 0 | K114: 0 | L114: 0 | M114: 0 | N114: 0 | O114: 0 | P114: 0 | Q114: =SUM(E114:P114) -> 0
A115: B | B115: JUMLAH SUARA SAH PARTAI POLITIK DAN CALON (A1 + A2) | E115: =SUM(E110:E114) -> 0 | F115: =SUM(F110:F114) -> 0 | G115: =SUM(G110:G114) -> 0 | H115: =SUM(H110:H114) -> 0 | I115: =SUM(I110:I114) -> 0 | J115: =SUM(J110:J114) -> 0 | K115: =SUM(K110:K114) -> 0 | L115: =SUM(L110:L114) -> 0 | ... P115: =SUM(P110:P114) -> 0 | Q115: =SUM(E115:P115) -> 0
Q116: =SUM(E116:P116) -> 0
A117: A.1 | B117: 10. | C117: Partai Hati Nurani Rakyat | E117: 0 | F117: 0 | G117: 0 | H117: 0 | I117: 0 | J117: 0 | K117: 0 | L117: 0 | M117: 0 | N117: 0 | O117: 0 | P117: 0 | Q117: =SUM(E117:P117) -> 0
A118: A.2 | B118: 1 | C118: SRI UTAMI FAKTUNINGSIH | E118: 0 | F118: 0 | G118: 0 | H118: 0 | I118: 0 | J118: 0 | K118: 0 | L118: 0 | M118: 0 | N118: 0 | O118: 0 | P118: 0 | Q118: =SUM(E118:P118) -> 0
...

Sheet PLAMPANGREJO
C2: Kecamatan | D2: CLURING
C3: Kabupaten | D3: BANYUWANGI
C4: Provinsi | D4: JAWA TIMUR
C9: Kelurahan | D9: PLAMPANGREJO
A12: I | B12: DATA PEMILIH DAN PENGGUNAAN HAK PILIH | AE12: JUMLAH AKHIR
A13: A | B13: DATA PEMILIH | E13: TPS 001 | F13: TPS 002 | G13: TPS 003 | H13: TPS 004 | I13: TPS 005 | J13: TPS 006 | K13: TPS 007 | L13: TPS 008 | M13: TPS 009 | N13: TPS 010 | O13: TPS 011 | P13: TPS 012 | Q13: TPS 013 | R13: TPS 014 | S13: TPS 015 | T13: TPS 016 | U13: TPS 017 | V13: TPS 018 | W13: TPS 019 | X13: TPS 020 | Y13: TPS 021 | Z13: TPS 022 | AA13: TPS 023 | AB13: TPS 024 | AC13: TPS 025 | AD13: TPS 026
B14: Jumlah Pemilih dalam Daftar Pemilih Tetap (DPT) | D14: LK | E14: 128 | F14: 141 | G14: 138 | H14: 130 | I14: 137 | J14: 101 | K14: 144 | L14: 119 | M14: 133 | N14: 116 | O14: 121 | P14: 145 | Q14: 148 | R14: 147 | S14: 130 | T14: 136 | U14: 150 | V14: 157 | W14: 148 | X14: 143 | Y14: 152 | Z14: 138 | AA14: 120 | AB14: 109 | AC14: 130 | AD14: 107 | AE14: =SUM(E14:AD14) -> 3468
D15: PR | E15: 130 | F15: 137 | G15: 148 | H15: 121 | I15: 128 | J15: 105 | K15: 140 | L15: 128 | M15: 134 | N15: 125 | O15: 122 | P15: 133 | Q15: 150 | R15: 145 | S15: 134 | T15: 141 | U15: 134 | V15: 141 | W15: 143 | X15: 151 | Y15: 143 | Z15: 150 | AA15: 128 | AB15: 109 | AC15: 139 | AD15: 119 | AE15: =SUM(E15:AD15) -> 3478
D16: JML | E16: =SUM(E14:E15) -> 258 | F16: =SUM(F14:F15) -> 278 | G16: =SUM(G14:G15) -> 286 | H16: =SUM(H14:H15) -> 251 | I16: =SUM(I14:I15) -> 265 | J16: =SUM(J14:J15) -> 206 | K16: =SUM(K14:K15) -> 284 | L16: =SUM(L14:L15) -> 247 | ... AD16: =SUM(AD14:AD15) -> 226 | AE16: =SUM(E16:AD16) -> 6946
A18: B | B18: PENGGUNA HAK PILIH
B19: 1. | C19: Jumlah pengguna hak pilih dalam Daftar Pemilih Tetap (DPT) | D19: LK | E19: 100 | F19: 106 | G19: 117 | H19: 94 | I19: 103 | J19: 80 | K19: 116 | L19: 89 | M19: 90 | N19: 93 | O19: 93 | P19: 109 | Q19: 114 | R19: 118 | S19: 96 | T19: 102 | U19: 106 | V19: 125 | W19: 119 | X19: 113 | Y19: 112 | Z19: 96 | AA19: 91 | AB19: 89 | AC19: 107 | AD19: 84 | AE19: =SUM(E19:AD19) -> 2662
D20: PR | E20: 108 | F20: 106 | G20: 117 | H20: 98 | I20: 105 | J20: 85 | K20: 119 | L20: 107 | M20: 110 | N20: 98 | O20: 100 | P20: 102 | Q20: 126 | R20: 114 | S20: 106 | T20: 106 | U20: 116 | V20: 110 | W20: 113 | X20: 107 | Y20: 101 | Z20: 113 | AA20: 97 | AB20: 86 | AC20: 112 | AD20: 96 | AE20: =SUM(E20:AD20) -> 2758
D21: JML | E21: 208 | F21: 212 | G21: 234 | H21: 192 | I21: 208 | J21: 165 | K21: 235 | L21: 196 | M21: 200 | N21: 191 | O21: 193 | P21: 211 | Q21: 240 | R21: 232 | S21: 202 | T21: 208 | U21: 222 | V21: 235 | W21: 232 | X21: 220 | Y21: 213 | Z21: 209 | AA21: 188 | AB21: 175 | AC21: 219 | AD21: 180 | AE21: =SUM(E21:AD21) -> 5420
B22: 2. | C22: Jumlah pengguna hak pilih dalam Daftar Pemilih Tambahan (DPTb) | D22: LK | E22: 0 | F22: 0 | G22: 0 | H22: 0 | I22: 0 | J22: 1 | K22: 1 | L22: 0 | M22: 0 | N22: 0 | O22: 0 | P22: 0 | Q22: 0 | R22: 1 | S22: 1 | T22: 0 | U22: 2 | V22: 0 | W22: 0 | X22: 0 | Y22: 0 | Z22: 0 | AA22: 0 | AB22: 0 | AC22: 0 | AD22: 0 | AE22: =SUM(E22:AD22) -> 6
D23: PR | E23: 0 | F23: 0 | G23: 0 | H23: 0 | I23: 0 | J23: 0 | K23: 1 | L23: 0 | M23: 0 | N23: 1 | O23: 1 | P23: 0 | Q23: 0 | R23: 1 | S23: 0 | T23: 0 | U23: 0 | V23: 1 | W23: 1 | X23: 0 | Y23: 0 | Z23: 0 | AA23: 0 | AB23: 0 | AC23: 0 | AD23: 0 | AE23: =SUM(E23:AD23) -> 6
D24: JML | E24: 0 | F24: 0 | G24: 0 | H24: 0 | I24: 0 | J24: 1 | K24: 2 | L24: 0 | M24: 0 | N24: 1 | O24: 1 | P24: 0 | Q24: 0 | R24: 2 | S24: 1 | T24: 0 | U24: 2 | V24: 1 | W24: 1 | X24: 0 | Y24: 0 | Z24: 0 | AA24: 0 | AB24: 0 | AC24: 0 | AD24: 0 | AE24: =SUM(E24:AD24) -> 12
B25: 3. | C25: Jumlah pengguna hak pilih dalam Daftar Pemilih Khusus (DPK) | D25: LK | E25: 1 | F25: 1 | G25: 1 | H25: 0 | I25: 1 | J25: 0 | K25: 0 | L25: 0 | M25: 4 | N25: 1 | O25: 0 | P25: 1 | Q25: 0 | R25: 2 | S25: 2 | T25: 0 | U25: 0 | V25: 0 | W25: 1 | X25: 0 | Y25: 0 | Z25: 2 | AA25: 0 | AB25: 0 | AC25: 1 | AD25: 0 | AE25: =SUM(E25:AD25) -> 18
D26: PR | E26: 1 | F26: 1 | G26: 1 | H26: 0 | I26: 2 | J26: 0 | K26: 0 | L26: 0 | M26: 1 | N26: 0 | O26: 1 | P26: 0 | Q26: 0 | R26: 0 | S26: 4 | T26: 1 | U26: 0 | V26: 1 | W26: 0 | X26: 0 | Y26: 1 | Z26: 2 | AA26: 0 | AB26: 0 | AC26: 0 | AD26: 1 | AE26: =SUM(E26:AD26) -> 17
D27: JML | E27: 2 | F27: 2 | G27: 2 | H27: 0 | I27: 3 | J27: 0 | K27: 0 | L27: 0 | M27: 5 | N27: 1 | O27: 1 | P27: 1 | Q27: 0 | R27: 2 | S27: 6 | T27: 1 | U27: 0 | V27: 1 | W27: 1 | X27: 0 | Y27: 1 | Z27: 4 | AA27: 0 | AB27: 0 | AC27: 1 | AD27: 1 | AE27: =SUM(E27:AD27) -> 35
B28: 4. | C28: Jumlah Pengguna Hak Pilih (B.1+B.2+B.3) | D28: LK | E28: 101 | F28: 107 | G28: 118 | H28: 94 | I28: 104 | J28: 81 | K28: 117 | L28: 89 | M28: 94 | N28: 94 | O28: 93 | P28: 110 | Q28: 114 | R28: 121 | S28: 99 | T28: 102 | U28: 108 | V28: 125 | W28: 120 | X28: 113 | Y28: 112 | Z28: 98 | AA28: 91 | AB28: 89 | AC28: 108 | AD28: 84 | AE28: =SUM(E28:AD28) -> 2686
D29: PR | E29: 109 | F29: 107 | G29: 118 | H29: 98 | I29: 107 | J29: 85 | K29: 120 | L29: 107 | M29: 111 | N29: 99 | O29: 102 | P29: 102 | Q29: 126 | R29: 115 | S29: 110 | T29: 107 | U29: 116 | V29: 112 | W29: 114 | X29: 107 | Y29: 102 | Z29: 115 | AA29: 97 | AB29: 86 | AC29: 112 | AD29: 97 | AE29: =SUM(E29:AD29) -> 2781
D30: JML | E30: =SUM(E28:E29) -> 210 | F30: =SUM(F28:F29) -> 214 | G30: =SUM(G28:G29) -> 236 | H30: =SUM(H28:H29) -> 192 | I30: =SUM(I28:I29) -> 211 | J30: =SUM(J28:J29) -> 166 | K30: =SUM(K28:K29) -> 237 | L30: =SUM(L28:L29) -> 196 | ... AD30: =SUM(AD28:AD29) -> 181 | AE30: =SUM(E30:AD30) -> 5467
A32: II | B32: DATA PENGGUNAAN SURAT SUARA
A33: 1 | B33: Jumlah surat suara yang diterima, termasuk surat suara cadangan 2,5% dari DPT | E33: 264 | F33: 284 | G33: 292 | H33: 257 | I33: 271 | J33: 211 | K33: 290 | L33: 252 | M33: 273 | N33: 246 | O33: 240 | P33: 284 | Q33: 304 | R33: 298 | S33: 270 | T33: 283 | U33: 290 | V33: 304 | W33: 297 | X33: 300 | Y33: 301 | Z33: 294 | AA33: 253 | AB33: 223 | AC33: 275 | AD33: 231 | AE33: =SUM(E33:AD33) -> 7087
A34: 2 | B34: Jumlah surat suara yang digunakan | E34: 210 | F34: 214 | G34: 236 | H34: 192 | I34: 211 | J34: 166 | K34: 237 | L34: 196 | M34: 205 | N34: 193 | O34: 195 | P34: 212 | Q34: 240 | R34: 236 | S34: 209 | T34: 209 | U34: 224 | V34: 237 | W34: 234 | X34: 220 | Y34: 214 | Z34: 213 | AA34: 188 | AB34: 175 | AC34: 220 | AD34: 181 | AE34: =SUM(E34:AD34) -> 5467
A35: 3 | B35: Jumlah surat suara dikembalikan oleh pemilih (karena rusak atau keliru coblos) | E35: 0 | F35: 0 | G35: 5 | H35: 1 | I35: 0 | J35: 0 | K35: 3 | L35: 0 | M35: 0 | N35: 2 | O35: 2 | P35: 5 | Q35: 2 | R35: 0 | S35: 0 | T35: 0 | U35: 0 | V35: 0 | W35: 1 | X35: 0 | Y35: 3 | Z35: 1 | AA35: 0 | AB35: 1 | AC35: 0 | AD35: 1 | AE35: =SUM(E35:AD35) -> 27
A36: 4 | B36: Jumlah surat suara yang tidak digunakan/tidak terpakai, termasuk sisa surat suara cadangan | E36: 54 | F36: 70 | G36: 51 | H36: 64 | I36: 60 | J36: 45 | K36: 50 | L36: 56 | M36: 68 | N36: 51 | O36: 43 | P36: 67 | Q36: 62 | R36: 62 | S36: 61 | T36: 74 | U36: 66 | V36: 67 | W36: 62 | X36: 80 | Y36: 84 | Z36: 80 | AA36: 65 | AB36: 47 | AC36: 55 | AD36: 49 | AE36: =SUM(E36:AD36) -> 1593
A38: III | B38: DATA PEMILIH DISABILITAS
B39: Jumlah seluruh Pemilih disabilitas yang menggunakan hak pilih | D39: LK | E39: 1 | F39: 0 | G39: 0 | H39: 0 | I39: 0 | J39: 0 | K39: 0 | L39: 0 | M39: 0 | N39: 0 | O39: 0 | P39: 0 | Q39: 5 | R39: 0 | S39: 0 | T39: 0 | U39: 0 | V39: 0 | W39: 0 | X39: 0 | Y39: 0 | Z39: 0 | AA39: 0 | AB39: 1 | AC39: 0 | AD39: 0 | AE39: =SUM(E39:AD39) -> 7
D40: PR | E40: 0 | F40: 0 | G40: 0 | H40: 0 | I40: 0 | J40: 0 | K40: 0 | L40: 0 | M40: 0 | N40: 0 | O40: 0 | P40: 0 | Q40: 4 | R40: 0 | S40: 0 | T40: 0 | U40: 0 | V40: 0 | W40: 0 | X40: 0 | Y40: 0 | Z40: 0 | AA40: 0 | AB40: 3 | AC40: 0 | AD40: 0 | AE40: =SUM(E40:AD40) -> 7
D41: JML | E41: =SUM(E39:E40) -> 1 | F41: =SUM(F39:F40) -> 0 | G41: =SUM(G39:G40) -> 0 | H41: =SUM(H39:H40) -> 0 | I41: =SUM(I39:I40) -> 0 | J41: =SUM(J39:J40) -> 0 | K41: =SUM(K39:K40) -> 0 | L41: =SUM(L39:L40) -> 0 | ... AD41: =SUM(AD39:AD40) -> 0 | AE41: =SUM(E41:AD41) -> 14
A43: IV | B43: DATA RINCIAN PEROLEHAN SUARA PASANGAN CALON BUPATI DAN WAKIL BUPATI
A44: NOMOR DAN NAMA CALON
A45: A.1 | B45: 1. | C45: Partai Kebangkitan Bangsa | E45: 5 | F45: 4 | G45: 4 | H45: 2 | I45: 1 | J45: 1 | K45: 4 | L45: 10 | M45: 4 | N45: 9 | O45: 5 | P45: 5 | Q45: 0 | R45: 6 | S45: 12 | T45: 8 | U45: 8 | V45: 1 | W45: 3 | X45: 7 | Y45: 5 | Z45: 9 | AA45: 13 | AB45: 2 | AC45: 11 | AD45: 2 | AE45: =SUM(E45:AD45) -> 141
A46: A.2 | B46: 1 | C46: KH. MUHAMMAD RIZA AZIZY, M.IEB. | E46: 0 | F46: 0 | G46: 1 | H46: 0 | I46: 1 | J46: 0 | K46: 1 | L46: 9 | M46: 14 | N46: 8 | O46: 5 | P46: 0 | Q46: 2 | R46: 3 | S46: 8 | T46: 8 | U46: 7 | V46: 1 | W46: 1 | X46: 6 | Y46: 2 | Z46: 5 | AA46: 6 | AB46: 0 | AC46: 4 | AD46: 4 | AE46: =SUM(E46:AD46) -> 96
B47: 2 | C47: INAYANTI KUSUMASARI, S.E. | E47: 49 | F47: 14 | G47: 16 | H47: 21 | I47: 22 | J47: 14 | K47: 19 | L47: 40 | M47: 54 | N47: 51 | O47: 43 | P47: 7 | Q47: 7 | R47: 22 | S47: 44 | T47: 60 | U47: 65 | V47: 11 | W47: 38 | X47: 40 | Y47: 34 | Z47: 113 | AA47: 111 | AB47: 29 | AC47: 140 | AD47: 86 | AE47: =SUM(E47:AD47) -> 1150
B48: 3 | C48: TOPAN HADI SUCIPTO, S.H. | E48: 1 | F48: 0 | G48: 0 | H48: 0 | I48: 0 | J48: 0 | K48: 1 | L48: 0 | M48: 0 | N48: 1 | O48: 0 | P48: 0 | Q48: 0 | R48: 0 | S48: 0 | T48: 0 | U48: 1 | V48: 1 | W48: 1 | X48: 1 | Y48: 0 | Z48: 1 | AA48: 2 | AB48: 1 | AC48: 2 | AD48: 1 | AE48: =SUM(E48:AD48) -> 14
B49: 4 | C49: HAULA KARIMA AKBAR, S.PD. | E49: 0 | F49: 0 | G49: 0 | H49: 0 | I49: 0 | J49: 0 | K49: 1 | L49: 0 | M49: 0 | N49: 1 | O49: 0 | P49: 0 | Q49: 0 | R49: 0 | S49: 1 | T49: 0 | U49: 1 | V49: 0 | W49: 0 | X49: 0 | Y49: 0 | Z49: 0 | AA49: 0 | AB49: 0 | AC49: 0 | AD49: 0 | AE49: =SUM(E49:AD49) -> 4
B50: 5 | C50: SUGENG HARYONO | E50: 0 | F50: 0 | G50: 0 | H50: 0 | I50: 1 | J50: 0 | K50: 0 | L50: 0 | M50: 0 | N50: 0 | O50: 0 | P50: 1 | Q50: 0 | R50: 1 | S50: 0 | T50: 0 | U50: 0 | V50: 0 | W50: 0 | X50: 0 | Y50: 0 | Z50: 0 | AA50: 0 | AB50: 0 | AC50: 0 | AD50: 0 | AE50: =SUM(E50:AD50) -> 3
B51: 6 | C51: MOH. RIYADUS SHOLIHIN, A.MD. | E51: 0 | F51: 0 | G51: 0 | H51: 0 | I51: 0 | J51: 0 | K51: 0 | L51: 0 | M51: 0 | N51: 0 | O51: 1 | P51: 0 | Q51: 0 | R51: 0 | S51: 0 | T51: 0 | U51: 1 | V51: 3 | W51: 0 | X51: 0 | Y51: 0 | Z51: 1 | AA51: 0 | AB51: 0 | AC51: 0 | AD51: 0 | AE51: =SUM(E51:AD51) -> 6
A52: B | B52: JUMLAH SUARA SAH PARTAI POLITIK DAN CALON (A1 + A2) | E52: =SUM(E45:E51) -> 55 | F52: =SUM(F45:F51) -> 18 | G52: =SUM(G45:G51) -> 21 | H52: =SUM(H45:H51) -> 23 | I52: =SUM(I45:I51) -> 25 | J52: =SUM(J45:J51) -> 15 | K52: =SUM(K45:K51) -> 26 | L52: =SUM(L45:L51) -> 59 | ... AD52: =SUM(AD45:AD51) -> 93 | AE52: =SUM(E52:AD52) -> 1414
AE53: =SUM(E53:AD53) -> 0
A54: A.1 | B54: 2. | C54: Partai Gerakan Indonesia Raya | E54: 6 | F54: 3 | G54: 5 | H54: 2 | I54: 5 | J54: 2 | K54: 6 | L54: 2 | M54: 3 | N54: 3 | O54: 2 | P54: 8 | Q54: 5 | R54: 1 | S54: 11 | T54: 10 | U54: 7 | V54: 3 | W54: 6 | X54: 6 | Y54: 4 | Z54: 7 | AA54: 6 | AB54: 2 | AC54: 8 | AD54: 3 | AE54: =SUM(E54:AD54) -> 126
A55: A.2 | B55: 1 | C55: AGUNG SUBASTIAN | E55: 4 | F55: 6 | G55: 2 | H55: 6 | I55: 5 | J55: 4 | K55: 17 | L55: 1 | M55: 2 | N55: 7 | O55: 1 | P55: 4 | Q55: 5 | R55: 4 | S55: 2 | T55: 13 | U55: 20 | V55: 11 | W55: 40 | X55: 7 | Y55: 4 | Z55: 5 | AA55: 1 | AB55: 5 | AC55: 8 | AD55: 21 | AE55: =SUM(E55:AD55) -> 205
B56: 2 | C56: ABDUL HAMID | E56: 1 | F56: 1 | G56: 0 | H56: 1 | I56: 2 | J56: 0 | K56: 2 | L56: 0 | M56: 2 | N56: 1 | O56: 0 | P56: 0 | Q56: 0 | R56: 0 | S56: 0 | T56: 0 | U56: 0 | V56: 3 | W56: 0 | X56: 3 | Y56: 0 | Z56: 0 | AA56: 1 | AB56: 6 | AC56: 2 | AD56: 2 | AE56: =SUM(E56:AD56) -> 27
B57: 3 | C57: NUR ALVI NAZIMAH | E57: 1 | F57: 0 | G57: 1 | H57: 0 | I57: 0 | J57: 1 | K57: 0 | L57: 0 | M57: 3 | N57: 1 | O57: 1 | P57: 0 | Q57: 0 | R57: 0 | S57: 0 | T57: 0 | U57: 1 | V57: 0 | W57: 0 | X57: 1 | Y57: 0 | Z57: 1 | AA57: 0 | AB57: 0 | AC57: 1 | AD57: 0 | AE57: =SUM(E57:AD57) -> 12
B58: 4 | C58: EMI WIJAYANTI | E58: 0 | F58: 0 | G58: 0 | H58: 0 | I58: 1 | J58: 0 | K58: 1 | L58: 0 | M58: 0 | N58: 0 | O58: 0 | P58: 0 | Q58: 0 | R58: 0 | S58: 1 | T58: 0 | U58: 0 | V58: 0 | W58: 0 | X58: 0 | Y58: 0 | Z58: 1 | AA58: 1 | AB58: 0 | AC58: 0 | AD58: 0 | AE58: =SUM(E58:AD58) -> 5
B59: 5 | C59: MUHAMAD ALFAN SAIFUDIN | E59: 0 | F59: 0 | G59: 0 | H59: 0 | I59: 0 | J59: 0 | K59: 0 | L59: 1 | M59: 0 | N59: 0 | O59: 0 | P59: 1 | Q59: 0 | R59: 0 | S59: 0 | T59: 0 | U59: 0 | V59: 0 | W59: 0 | X59: 0 | Y59: 0 | Z59: 0 | AA59: 1 | AB59: 0 | AC59: 0 | AD59: 0 | AE59: =SUM(E59:AD59) -> 3
B60: 6 | C60: BAYU PUTRA PAMUNGKAS | E60: 0 | F60: 0 | G60: 1 | H60: 0 | I60: 2 | J60: 0 | K60: 0 | L60: 0 | M60: 0 | N60: 0 | O60: 1 | P60: 0 | Q60: 0 | R60: 0 | S60: 0 | T60: 0 | U60: 0 | V60: 0 | W60: 0 | X60: 0 | Y60: 0 | Z60: 1 | AA60: 0 | AB60: 0 | AC60: 0 | AD60: 0 | AE60: =SUM(E60:AD60) -> 5
A61: B | B61: JUMLAH SUARA SAH PARTAI POLITIK DAN CALON (A1 + A2) | E61: =SUM(E54:E60) -> 12 | F61: =SUM(F54:F60) -> 10 | G61: =SUM(G54:G60) -> 9 | H61: =SUM(H54:H60) -> 9 | I61: =SUM(I54:I60) -> 15 | J61: =SUM(J54:J60) -> 7 | K61: =SUM(K54:K60) -> 26 | L61: =SUM(L54:L60) -> 4 | ... AD61: =SUM(AD54:AD60) -> 26 | AE61: =SUM(E61:AD61) -> 383
AE62: =SUM(E62:AD62) -> 0
A63: A.1 | B63: 3. | C63: Partai Demokrasi Indonesia Perjuangan | E63: 22 | F63: 15 | G63: 15 | H63: 15 | I63: 7 | J63: 8 | K63: 10 | L63: 1 | M63: 5 | N63: 3 | O63: 6 | P63: 9 | Q63: 14 | R63: 20 | S63: 6 | T63: 12 | U63: 3 | V63: 4 | W63: 3 | X63: 19 | Y63: 22 | Z63: 10 | AA63: 4 | AB63: 13 | AC63: 4 | AD63: 5 | AE63: =SUM(E63:AD63) -> 255
A64: A.2 | B64: 1 | C64: IR. YAYUK BANAR SRI PANGAYOM | E64: 7 | F64: 1 | G64: 0 | H64: 4 | I64: 2 | J64: 2 | K64: 7 | L64: 5 | M64: 1 | N64: 1 | O64: 6 | P64: 2 | Q64: 2 | R64: 2 | S64: 8 | T64: 3 | U64: 1 | V64: 9 | W64: 5 | X64: 8 | Y64: 18 | Z64: 2 | AA64: 0 | AB64: 9 | AC64: 2 | AD64: 14 | AE64: =SUM(E64:AD64) -> 121
B65: 2 | C65: DR. ANA ANIATI | E65: 27 | F65: 2 | G65: 4 | H65: 4 | I65: 3 | J65: 42 | K65: 5 | L65: 5 | M65: 3 | N65: 2 | O65: 2 | P65: 2 | Q65: 3 | R65: 5 | S65: 10 | T65: 3 | U65: 1 | V65: 37 | W65: 5 | X65: 24 | Y65: 10 | Z65: 6 | AA65: 2 | AB65: 4 | AC65: 5 | AD65: 9 | AE65: =SUM(E65:AD65) -> 225
B66: 3 | C66: HADI WIDODO, S.P. | E66: 61 | F66: 130 | G66: 172 | H66: 86 | I66: 58 | J66: 66 | K66: 51 | L66: 53 | M66: 36 | N66: 38 | O66: 45 | P66: 87 | Q66: 148 | R66: 52 | S66: 48 | T66: 31 | U66: 23 | V66: 56 | W66: 13 | X66: 58 | Y66: 77 | Z66: 15 | AA66: 5 | AB66: 80 | AC66: 6 | AD66: 2 | AE66: =SUM(E66:AD66) -> 1497
B67: 4 | C67: ANDIKO PUTRA MAHATTA | E67: 1 | F67: 1 | G67: 0 | H67: 0 | I67: 0 | J67: 0 | K67: 0 | L67: 0 | M67: 0 | N67: 0 | O67: 0 | P67: 1 | Q67: 0 | R67: 0 | S67: 0 | T67: 1 | U67: 2 | V67: 1 | W67: 0 | X67: 1 | Y67: 0 | Z67: 2 | AA67: 0 | AB67: 1 | AC67: 0 | AD67: 0 | AE67: =SUM(E67:AD67) -> 11
B68: 5 | C68: YUNI APRILIA | E68: 0 | F68: 2 | G68: 0 | H68: 0 | I68: 0 | J68: 1 | K68: 0 | L68: 0 | M68: 0 | N68: 0 | O68: 0 | P68: 0 | Q68: 0 | R68: 0 | S68: 0 | T68: 0 | U68: 0 | V68: 0 | W68: 0 | X68: 1 | Y68: 0 | Z68: 0 | AA68: 0 | AB68: 0 | AC68: 0 | AD68: 1 | AE68: =SUM(E68:AD68) -> 5
B69: 6 | C69: IKE PREDITA FIKTARYANA | E69: 0 | F69: 0 | G69: 0 | H69: 1 | I69: 0 | J69: 0 | K69: 0 | L69: 0 | M69: 0 | N69: 0 | O69: 0 | P69: 0 | Q69: 0 | R69: 0 | S69: 0 | T69: 0 | U69: 0 | V69: 0 | W69: 0 | X69: 0 | Y69: 0 | Z69: 1 | AA69: 0 | AB69: 0 | AC69: 0 | AD69: 0 | AE69: =SUM(E69:AD69) -> 2
A70: B | B70: JUMLAH SUARA SAH PARTAI POLITIK DAN CALON (A1 + A2) | E70: =SUM(E63:E69) -> 118 | F70: =SUM(F63:F69) -> 151 | G70: =SUM(G63:G69) -> 191 | H70: =SUM(H63:H69) -> 110 | I70: =SUM(I63:I69) -> 70 | J70: =SUM(J63:J69) -> 119 | K70: =SUM(K63:K69) -> 73 | L70: =SUM(L63:L69) -> 64 | ... AD70: =SUM(AD63:AD69) -> 31 | AE70: =SUM(E70:AD70) -> 2116
AE71: =SUM(E71:AD71) -> 0
A72: A.1 | B72: 4. | C72: Partai Golongan Karya | E72: 1 | F72: 5 | G72: 1 | H72: 2 | I72: 5 | J72: 1 | K72: 2 | L72: 4 | M72: 1 | N72: 1 | O72: 3 | P72: 9 | Q72: 4 | R72: 20 | S72: 6 | T72: 3 | U72: 5 | V72: 1 | W72: 1 | X72: 3 | Y72: 2 | Z72: 2 | AA72: 0 | AB72: 1 | AC72: 4 | AD72: 0 | AE72: =SUM(E72:AD72) -> 87
A73: A.2 | B73: 1 | C73: SOFIANDI SUSIADI, A.MD. | E73: 5 | F73: 17 | G73: 0 | H73: 4 | I73: 51 | J73: 5 | K73: 36 | L73: 32 | M73: 6 | N73: 17 | O73: 23 | P73: 54 | Q73: 36 | R73: 82 | S73: 26 | T73: 11 | U73: 13 | V73: 32 | W73: 0 | X73: 13 | Y73: 9 | Z73: 9 | AA73: 5 | AB73: 2 | AC73: 2 | AD73: 3 | AE73: =SUM(E73:AD73) -> 493
B74: 2 | C74: SUHAERI, S.PD. | E74: 0 | F74: 0 | G74: 0 | H74: 0 | I74: 0 | J74: 0 | K74: 2 | L74: 0 | M74: 0 | N74: 0 | O74: 0 | P74: 1 | Q74: 1 | R74: 1 | S74: 3 | T74: 0 | U74: 0 | V74: 1 | W74: 1 | X74: 1 | Y74: 0 | Z74: 0 | AA74: 1 | AB74: 0 | AC74: 1 | AD74: 0 | AE74: =SUM(E74:AD74) -> 13
B75: 3 | C75: SITI MAHMUDAH, S.SOS. | E75: 0 | F75: 0 | G75: 0 | H75: 0 | I75: 1 | J75: 0 | K75: 0 | L75: 0 | M75: 0 | N75: 0 | O75: 1 | P75: 2 | Q75: 1 | R75: 0 | S75: 2 | T75: 0 | U75: 0 | V75: 0 | W75: 1 | X75: 0 | Y75: 0 | Z75: 0 | AA75: 0 | AB75: 0 | AC75: 0 | AD75: 0 | AE75: =SUM(E75:AD75) -> 8
B76: 4 | C76: HENI KOMISATUN | E76: 0 | F76: 0 | G76: 0 | H76: 1 | I76: 0 | J76: 1 | K76: 0 | L76: 0 | M76: 0 | N76: 1 | O76: 0 | P76: 1 | Q76: 0 | R76: 0 | S76: 0 | T76: 0 | U76: 0 | V76: 0 | W76: 0 | X76: 0 | Y76: 0 | Z76: 0 | AA76: 0 | AB76: 0 | AC76: 0 | AD76: 1 | AE76: =SUM(E76:AD76) -> 5
B77: 5 | C77: KUSYONO | E77: 0 | F77: 0 | G77: 0 | H77: 0 | I77: 0 | J77: 0 | K77: 0 | L77: 0 | M77: 0 | N77: 0 | O77: 0 | P77: 0 | Q77: 0 | R77: 0 | S77: 0 | T77: 0 | U77: 0 | V77: 0 | W77: 0 | X77: 0 | Y77: 0 | Z77: 0 | AA77: 0 | AB77: 0 | AC77: 0 | AD77: 0 | AE77: =SUM(E77:AD77) -> 0
B78: 6 | C78: SUROSO | E78: 0 | F78: 0 | G78: 0 | H78: 2 | I78: 0 | J78: 0 | K78: 0 | L78: 0 | M78: 0 | N78: 0 | O78: 0 | P78: 0 | Q78: 0 | R78: 0 | S78: 0 | T78: 0 | U78: 0 | V78: 0 | W78: 0 | X78: 0 | Y78: 0 | Z78: 0 | AA78: 0 | AB78: 0 | AC78: 0 | AD78: 0 | AE78: =SUM(E78:AD78) -> 2
A79: B | B79: JUMLAH SUARA SAH PARTAI POLITIK DAN CALON (A1 + A2) | E79: =SUM(E72:E78) -> 6 | F79: =SUM(F72:F78) -> 22 | G79: =SUM(G72:G78) -> 1 | H79: =SUM(H72:H78) -> 9 | I79: =SUM(I72:I78) -> 57 | J79: =SUM(J72:J78) -> 7 | K79: =SUM(K72:K78) -> 40 | L79: =SUM(L72:L78) -> 36 | ... AD79: =SUM(AD72:AD78) -> 4 | AE79: =SUM(E79:AD79) -> 608
AE80: =SUM(E80:AD80) -> 0
A81: A.1 | B81: 5. | C81: Partai NasDem | E81: 2 | F81: 1 | G81: 0 | H81: 1 | I81: 0 | J81: 1 | K81: 2 | L81: 1 | M81: 0 | N81: 0 | O81: 1 | P81: 1 | Q81: 0 | R81: 0 | S81: 0 | T81: 0 | U81: 0 | V81: 0 | W81: 0 | X81: 0 | Y81: 0 | Z81: 0 | AA81: 1 | AB81: 0 | AC81: 1 | AD81: 1 | AE81: =SUM(E81:AD81) -> 13
A82: A.2 | B82: 1 | C82: ABU SUFYAN, S.E., S.T., M.SI., M.ARS. | E82: 2 | F82: 2 | G82: 0 | H82: 0 | I82: 0 | J82: 1 | K82: 4 | L82: 0 | M82: 0 | N82: 0 | O82: 0 | P82: 4 | Q82: 1 | R82: 0 | S82: 0 | T82: 2 | U82: 0 | V82: 1 | W82: 1 | X82: 0 | Y82: 0 | Z82: 0 | AA82: 0 | AB82: 0 | AC82: 0 | AD82: 11 | AE82: =SUM(E82:AD82) -> 29
B83: 2 | C83: LUKMAN HAKIM | E83: 0 | F83: 0 | G83: 1 | H83: 0 | I83: 1 | J83: 0 | K83: 0 | L83: 0 | M83: 0 | N83: 0 | O83: 0 | P83: 0 | Q83: 1 | R83: 0 | S83: 0 | T83: 0 | U83: 0 | V83: 0 | W83: 0 | X83: 0 | Y83: 0 | Z83: 0 | AA83: 0 | AB83: 0 | AC83: 0 | AD83: 0 | AE83: =SUM(E83:AD83) -> 3
B84: 3 | C84: DEWI WULANDARI | E84: 0 | F84: 0 | G84: 0 | H84: 0 | I84: 0 | J84: 0 | K84: 0 | L84: 0 | M84: 0 | N84: 0 | O84: 0 | P84: 0 | Q84: 0 | R84: 1 | S84: 0 | T84: 0 | U84: 0 | V84: 0 | W84: 0 | X84: 0 | Y84: 0 | Z84: 0 | AA84: 0 | AB84: 0 | AC84: 0 | AD84: 0 | AE84: =SUM(E84:AD84) -> 1
B85: 4 | C85: JAENURI | E85: 0 | F85: 0 | G85: 0 | H85: 0 | I85: 0 | J85: 0 | K85: 1 | L85: 0 | M85: 0 | N85: 0 | O85: 0 | P85: 0 | Q85: 0 | R85: 0 | S85: 0 | T85: 0 | U85: 0 | V85: 0 | W85: 0 | X85: 0 | Y85: 0 | Z85: 0 | AA85: 0 | AB85: 0 | AC85: 0 | AD85: 0 | AE85: =SUM(E85:AD85) -> 1
B86: 5 | C86: TRI DINDA LESTARI | E86: 0 | F86: 0 | G86: 1 | H86: 0 | I86: 0 | J86: 1 | K86: 0 | L86: 0 | M86: 0 | N86: 0 | O86: 0 | P86: 0 | Q86: 0 | R86: 0 | S86: 0 | T86: 0 | U86: 0 | V86: 1 | W86: 0 | X86: 0 | Y86: 0 | Z86: 1 | AA86: 0 | AB86: 0 | AC86: 0 | AD86: 0 | AE86: =SUM(E86:AD86) -> 4
B87: 6 | C87: AGUS SETIAWAN, A.MD. | E87: 0 | F87: 0 | G87: 0 | H87: 0 | I87: 0 | J87: 0 | K87: 0 | L87: 0 | M87: 0 | N87: 0 | O87: 0 | P87: 2 | Q87: 0 | R87: 0 | S87: 0 | T87: 0 | U87: 0 | V87: 0 | W87: 0 | X87: 0 | Y87: 0 | Z87: 0 | AA87: 0 | AB87: 0 | AC87: 0 | AD87: 0 | AE87: =SUM(E87:AD87) -> 2
A88: B | B88: JUMLAH SUARA SAH PARTAI POLITIK DAN CALON (A1 + A2) | E88: =SUM(E81:E87) -> 4 | F88: =SUM(F81:F87) -> 3 | G88: =SUM(G81:G87) -> 2 | H88: =SUM(H81:H87) -> 1 | I88: =SUM(I81:I87) -> 1 | J88: =SUM(J81:J87) -> 3 | K88: =SUM(K81:K87) -> 7 | L88: =SUM(L81:L87) -> 1 | ... AD88: =SUM(AD81:AD87) -> 12 | AE88: =SUM(E88:AD88) -> 53
AE89: =SUM(E89:AD89) -> 0
A90: A.1 | B90: 6. | C90: Partai Buruh | E90: 0 | F90: 0 | G90: 0 | H90: 1 | I90: 0 | J90: 0 | K90: 0 | L90: 0 | M90: 0 | N90: 1 | O90: 0 | P90: 0 | Q90: 1 | R90: 0 | S90: 0 | T90: 0 | U90: 0 | V90: 0 | W90: 0 | X90: 0 | Y90: 0 | Z90: 1 | AA90: 0 | AB90: 0 | AC90: 0 | AD90: 0 | AE90: =SUM(E90:AD90) -> 4
B91: 1 | C91: AHMAD MIKKO SYAHRIAL | E91: 0 | F91: 1 | G91: 0 | H91: 0 | I91: 0 | J91: 0 | K91: 0 | L91: 0 | M91: 0 | N91: 0 | O91: 0 | P91: 0 | Q91: 0 | R91: 0 | S91: 0 | T91: 0 | U91: 0 | V91: 0 | W91: 0 | X91: 0 | Y91: 0 | Z91: 0 | AA91: 0 | AB91: 0 | AC91: 0 | AD91: 0 | AE91: =SUM(E91:AD91) -> 1
B92: 2 | C92: SITI NURJANNAH | E92: 0 | F92: 0 | G92: 0 | H92: 0 | I92: 0 | J92: 0 | K92: 1 | L92: 0 | M92: 0 | N92: 0 | O92: 1 | P92: 0 | Q92: 0 | R92: 0 | S92: 0 | T92: 0 | U92: 0 | V92: 0 | W92: 0 | X92: 0 | Y92: 0 | Z92: 0 | AA92: 0 | AB92: 0 | AC92: 0 | AD92: 0 | AE92: =SUM(E92:AD92) -> 2
A93: A.2 | B93: 3 | C93: RUDI CHRISTIAWAN | E93: 0 | F93: 0 | G93: 0 | H93: 0 | I93: 0 | J93: 0 | K93: 0 | L93: 0 | M93: 0 | N93: 0 | O93: 0 | P93: 0 | Q93: 0 | R93: 0 | S93: 0 | T93: 0 | U93: 0 | V93: 0 | W93: 0 | X93: 0 | Y93: 0 | Z93: 0 | AA93: 0 | AB93: 0 | AC93: 0 | AD93: 0 | AE93: =SUM(E93:AD93) -> 0
A94: B | B94: JUMLAH SUARA SAH PARTAI POLITIK DAN CALON (A1 + A2) | E94: =SUM(E90:E93) -> 0 | F94: =SUM(F90:F93) -> 1 | G94: =SUM(G90:G93) -> 0 | H94: =SUM(H90:H93) -> 1 | I94: =SUM(I90:I93) -> 0 | J94: =SUM(J90:J93) -> 0 | K94: =SUM(K90:K93) -> 1 | L94: =SUM(L90:L93) -> 0 | ... AD94: =SUM(AD90:AD93) -> 0 | AE94: =SUM(E94:AD94) -> 7
AE95: =SUM(E95:AD95) -> 0
A96: A.1 | B96: 7. | C96: Partai Gelombang Rakyat Indonesia | E96: 1 | F96: 0 | G96: 0 | H96: 0 | I96: 0 | J96: 0 | K96: 0 | L96: 0 | M96: 0 | N96: 0 | O96: 0 | P96: 0 | Q96: 0 | R96: 0 | S96: 0 | T96: 0 | U96: 0 | V96: 0 | W96: 0 | X96: 0 | Y96: 0 | Z96: 0 | AA96: 0 | AB96: 0 | AC96: 0 | AD96: 0 | AE96: =SUM(E96:AD96) -> 1
A97: A.2 | B97: 1 | C97: LUTFIYAH | E97: 0 | F97: 0 | G97: 0 | H97: 0 | I97: 0 | J97: 0 | K97: 0 | L97: 0 | M97: 0 | N97: 0 | O97: 0 | P97: 0 | Q97: 0 | R97: 0 | S97: 0 | T97: 0 | U97: 0 | V97: 0 | W97: 0 | X97: 0 | Y97: 2 | Z97: 0 | AA97: 0 | AB97: 0 | AC97: 0 | AD97: 0 | AE97: =SUM(E97:AD97) -> 2
B98: 2 | C98: NURMANSYAH | E98: 0 | F98: 0 | G98: 0 | H98: 0 | I98: 0 | J98: 0 | K98: 0 | L98: 0 | M98: 0 | N98: 0 | O98: 0 | P98: 0 | Q98: 0 | R98: 0 | S98: 0 | T98: 0 | U98: 0 | V98: 0 | W98: 0 | X98: 0 | Y98: 0 | Z98: 0 | AA98: 0 | AB98: 0 | AC98: 0 | AD98: 0 | AE98: =SUM(E98:AD98) -> 0
A99: B | B99: JUMLAH SUARA SAH PARTAI POLITIK DAN CALON (A1 + A2) | E99: =SUM(E96:E98) -> 1 | F99: =SUM(F96:F98) -> 0 | G99: =SUM(G96:G98) -> 0 | H99: =SUM(H96:H98) -> 0 | I99: =SUM(I96:I98) -> 0 | J99: =SUM(J96:J98) -> 0 | K99: =SUM(K96:K98) -> 0 | L99: =SUM(L96:L98) -> 0 | ... AD99: =SUM(AD96:AD98) -> 0 | AE99: =SUM(E99:AD99) -> 3
AE100: =SUM(E100:AD100) -> 0
A101: A.1 | B101: 8. | C101: Partai Keadilan Sejahtera | E101: 0 | F101: 0 | G101: 0 | H101: 0 | I101: 0 | J101: 0 | K101: 1 | L101: 0 | M101: 0 | N101: 0 | O101: 0 | P101: 0 | Q101: 0 | R101: 0 | S101: 1 | T101: 0 | U101: 1 | V101: 0 | W101: 1 | X101: 0 | Y101: 0 | Z101: 1 | AA101: 0 | AB101: 0 | AC101: 0 | AD101: 0 | AE101: =SUM(E101:AD101) -> 5
A102: A.2 | B102: 1 | C102: ANHARUDIN, S.PD.I. | E102: 0 | F102: 0 | G102: 0 | H102: 0 | I102: 0 | J102: 1 | K102: 0 | L102: 0 | M102: 0 | N102: 0 | O102: 0 | P102: 0 | Q102: 0 | R102: 1 | S102: 3 | T102: 0 | U102: 0 | V102: 0 | W102: 0 | X102: 0 | Y102: 0 | Z102: 0 | AA102: 0 | AB102: 0 | AC102: 0 | AD102: 1 | AE102: =SUM(E102:AD102) -> 6
B103: 2 | C103: NASUKI SYAMSUL, S.H. | E103: 0 | F103: 0 | G103: 0 | H103: 0 | I103: 0 | J103: 0 | K103: 0 | L103: 0 | M103: 0 | N103: 0 | O103: 0 | P103: 0 | Q103: 0 | R103: 0 | S103: 0 | T103: 0 | U103: 0 | V103: 0 | W103: 1 | X103: 0 | Y103: 0 | Z103: 0 | AA103: 0 | AB103: 0 | AC103: 0 | AD103: 0 | AE103: =SUM(E103:AD103) -> 1
B104: 3 | C104: LAILATUR ROSYIDAH | E104: 0 | F104: 0 | G104: 0 | H104: 0 | I104: 0 | J104: 0 | K104: 0 | L104: 1 | M104: 0 | N104: 0 | O104: 0 | P104: 0 | Q104: 0 | R104: 0 | S104: 0 | T104: 0 | U104: 0 | V104: 0 | W104: 0 | X104: 0 | Y104: 0 | Z104: 0 | AA104: 1 | AB104: 0 | AC104: 0 | AD104: 0 | AE104: =SUM(E104:AD104) -> 2
B105: 4 | C105: ALI MANSUR, S.T. | E105: 0 | F105: 0 | G105: 0 | H105: 0 | I105: 0 | J105: 0 | K105: 0 | L105: 0 | M105: 0 | N105: 0 | O105: 0 | P105: 0 | Q105: 0 | R105: 0 | S105: 0 | T105: 0 | U105: 0 | V105: 0 | W105: 0 | X105: 0 | Y105: 0 | Z105: 0 | AA105: 0 | AB105: 0 | AC105: 0 | AD105: 0 | AE105: =SUM(E105:AD105) -> 0
B106: 5 | C106: ALFIRA ROSALIANA | E106: 0 | F106: 0 | G106: 0 | H106: 0 | I106: 0 | J106: 0 | K106: 0 | L106: 0 | M106: 0 | N106: 0 | O106: 0 | P106: 0 | Q106: 0 | R106: 0 | S106: 0 | T106: 1 | U106: 0 | V106: 0 | W106: 0 | X106: 0 | Y106: 0 | Z106: 0 | AA106: 0 | AB106: 0 | AC106: 0 | AD106: 0 | AE106: =SUM(E106:AD106) -> 1
B107: 6 | C107: WILDA GUSFIYANTI AZIZ, S.A. | E107: 0 | F107: 0 | G107: 0 | H107: 0 | I107: 0 | J107: 0 | K107: 0 | L107: 0 | M107: 0 | N107: 0 | O107: 0 | P107: 0 | Q107: 0 | R107: 0 | S107: 0 | T107: 0 | U107: 0 | V107: 0 | W107: 0 | X107: 0 | Y107: 0 | Z107: 0 | AA107: 0 | AB107: 0 | AC107: 0 | AD107: 0 | AE107: =SUM(E107:AD107) -> 0
A108: B | B108: JUMLAH SUARA SAH PARTAI POLITIK DAN CALON (A1 + A2) | E108: =SUM(E101:E107) -> 0 | F108: =SUM(F101:F107) -> 0 | G108: =SUM(G101:G107) -> 0 | H108: =SUM(H101:H107) -> 0 | I108: =SUM(I101:I107) -> 0 | J108: =SUM(J101:J107) -> 1 | K108: =SUM(K101:K107) -> 1 | L108: =SUM(L101:L107) -> 1 | ... AD108: =SUM(AD101:AD107) -> 1 | AE108: =SUM(E108:AD108) -> 15
AE109: =SUM(E109:AD109) -> 0
A110: A.1 | B110: 9. | C110: Partai Kebangkitan Nusantara | E110: 0 | F110: 0 | G110: 0 | H110: 0 | I110: 0 | J110: 0 | K110: 0 | L110: 0 | M110: 0 | N110: 0 | O110: 0 | P110: 0 | Q110: 0 | R110: 0 | S110: 0 | T110: 0 | U110: 0 | V110: 0 | W110: 0 | X110: 0 | Y110: 0 | Z110: 0 | AA110: 0 | AB110: 0 | AC110: 0 | AD110: 0 | AE110: =SUM(E110:AD110) -> 0
B111: 1 | C111: NANANG HENDIK ROBBY A.S. | E111: 0 | F111: 0 | G111: 0 | H111: 0 | I111: 0 | J111: 0 | K111: 0 | L111: 0 | M111: 0 | N111: 0 | O111: 0 | P111: 0 | Q111: 0 | R111: 0 | S111: 0 | T111: 0 | U111: 0 | V111: 0 | W111: 0 | X111: 0 | Y111: 0 | Z111: 0 | AA111: 0 | AB111: 0 | AC111: 0 | AD111: 0 | AE111: =SUM(E111:AD111) -> 0
...

Sheet SARIMULYO
C2: Kecamatan | D2: CLURING
C3: Kabupaten | D3: BANYUWANGI
C4: Provinsi | D4: JAWA TIMUR
C9: Kelurahan | D9: SARIMULYO
A12: I | B12: DATA PEMILIH DAN PENGGUNAAN HAK PILIH | AA12: JUMLAH AKHIR
A13: A | B13: DATA PEMILIH | E13: TPS 001 | F13: TPS 002 | G13: TPS 003 | H13: TPS 004 | I13: TPS 005 | J13: TPS 006 | K13: TPS 007 | L13: TPS 008 | M13: TPS 009 | N13: TPS 010 | O13: TPS 011 | P13: TPS 012 | Q13: TPS 013 | R13: TPS 014 | S13: TPS 015 | T13: TPS 016 | U13: TPS 017 | V13: TPS 018 | W13: TPS 019 | X13: TPS 020 | Y13: TPS 021 | Z13: TPS 022
B14: Jumlah Pemilih dalam Daftar Pemilih Tetap (DPT) | D14: LK | E14: 143 | F14: 118 | G14: 113 | H14: 127 | I14: 135 | J14: 129 | K14: 128 | L14: 102 | M14: 122 | N14: 114 | O14: 136 | P14: 113 | Q14: 124 | R14: 135 | S14: 125 | T14: 110 | U14: 115 | V14: 126 | W14: 143 | X14: 155 | Y14: 143 | Z14: 137 | AA14: =SUM(E14:Z14) -> 2793
D15: PR | E15: 125 | F15: 134 | G15: 114 | H15: 133 | I15: 137 | J15: 152 | K15: 136 | L15: 110 | M15: 120 | N15: 117 | O15: 129 | P15: 135 | Q15: 118 | R15: 137 | S15: 122 | T15: 115 | U15: 114 | V15: 139 | W15: 137 | X15: 142 | Y15: 149 | Z15: 132 | AA15: =SUM(E15:Z15) -> 2847
D16: JML | E16: =SUM(E14:E15) -> 268 | F16: =SUM(F14:F15) -> 252 | G16: =SUM(G14:G15) -> 227 | H16: =SUM(H14:H15) -> 260 | I16: =SUM(I14:I15) -> 272 | J16: =SUM(J14:J15) -> 281 | K16: =SUM(K14:K15) -> 264 | L16: =SUM(L14:L15) -> 212 | ... Z16: =SUM(Z14:Z15) -> 269 | AA16: =SUM(E16:Z16) -> 5640
A18: B | B18: PENGGUNA HAK PILIH
B19: 1. | C19: Jumlah pengguna hak pilih dalam Daftar Pemilih Tetap (DPT) | D19: LK | E19: 103 | F19: 93 | G19: 79 | H19: 82 | I19: 98 | J19: 95 | K19: 91 | L19: 71 | M19: 92 | N19: 78 | O19: 103 | P19: 94 | Q19: 96 | R19: 96 | S19: 88 | T19: 78 | U19: 94 | V19: 85 | W19: 96 | X19: 119 | Y19: 103 | Z19: 115 | AA19: =SUM(E19:Z19) -> 2049
D20: PR | E20: 104 | F20: 113 | G20: 88 | H20: 106 | I20: 104 | J20: 124 | K20: 107 | L20: 74 | M20: 101 | N20: 84 | O20: 103 | P20: 113 | Q20: 97 | R20: 111 | S20: 94 | T20: 87 | U20: 87 | V20: 118 | W20: 104 | X20: 122 | Y20: 122 | Z20: 113 | AA20: =SUM(E20:Z20) -> 2276
D21: JML | E21: =SUM(E19:E20) -> 207 | F21: =SUM(F19:F20) -> 206 | G21: =SUM(G19:G20) -> 167 | H21: =SUM(H19:H20) -> 188 | I21: =SUM(I19:I20) -> 202 | J21: =SUM(J19:J20) -> 219 | K21: =SUM(K19:K20) -> 198 | L21: =SUM(L19:L20) -> 145 | ... Z21: =SUM(Z19:Z20) -> 228 | AA21: =SUM(E21:Z21) -> 4325
B22: 2. | C22: Jumlah pengguna hak pilih dalam Daftar Pemilih Tambahan (DPTb) | D22: LK | E22: 0 | F22: 0 | G22: 0 | H22: 0 | I22: 0 | J22: 0 | K22: 1 | L22: 0 | M22: 0 | N22: 0 | O22: 0 | P22: 0 | Q22: 0 | R22: 0 | S22: 0 | T22: 0 | U22: 0 | V22: 0 | W22: 0 | X22: 0 | Y22: 0 | Z22: 0 | AA22: =SUM(E22:Z22) -> 1
D23: PR | E23: 0 | F23: 0 | G23: 0 | H23: 0 | I23: 0 | J23: 0 | K23: 0 | L23: 0 | M23: 0 | N23: 0 | O23: 0 | P23: 0 | Q23: 0 | R23: 0 | S23: 0 | T23: 0 | U23: 0 | V23: 0 | W23: 0 | X23: 0 | Y23: 0 | Z23: 0 | AA23: =SUM(E23:Z23) -> 0
D24: JML | E24: =SUM(E22:E23) -> 0 | F24: =SUM(F22:F23) -> 0 | G24: =SUM(G22:G23) -> 0 | H24: =SUM(H22:H23) -> 0 | I24: =SUM(I22:I23) -> 0 | J24: =SUM(J22:J23) -> 0 | K24: =SUM(K22:K23) -> 1 | L24: =SUM(L22:L23) -> 0 | ... Z24: =SUM(Z22:Z23) -> 0 | AA24: =SUM(E24:Z24) -> 1
B25: 3. | C25: Jumlah pengguna hak pilih dalam Daftar Pemilih Khusus (DPK) | D25: LK | E25: 3 | F25: 1 | G25: 2 | H25: 0 | I25: 2 | J25: 3 | K25: 1 | L25: 1 | M25: 1 | N25: 2 | O25: 0 | P25: 0 | Q25: 2 | R25: 3 | S25: 2 | T25: 0 | U25: 1 | V25: 2 | W25: 2 | X25: 0 | Y25: 0 | Z25: 0 | AA25: =SUM(E25:Z25) -> 28
D26: PR | E26: 2 | F26: 3 | G26: 2 | H26: 1 | I26: 2 | J26: 2 | K26: 0 | L26: 3 | M26: 4 | N26: 3 | O26: 3 | P26: 3 | Q26: 2 | R26: 3 | S26: 4 | T26: 0 | U26: 4 | V26: 2 | W26: 0 | X26: 0 | Y26: 0 | Z26: 0 | AA26: =SUM(E26:Z26) -> 43
D27: JML | E27: =SUM(E25:E26) -> 5 | F27: =SUM(F25:F26) -> 4 | G27: =SUM(G25:G26) -> 4 | H27: =SUM(H25:H26) -> 1 | I27: =SUM(I25:I26) -> 4 | J27: =SUM(J25:J26) -> 5 | K27: =SUM(K25:K26) -> 1 | L27: =SUM(L25:L26) -> 4 | ... Z27: =SUM(Z25:Z26) -> 0 | AA27: =SUM(E27:Z27) -> 71
B28: 4. | C28: Jumlah Pengguna Hak Pilih (B.1+B.2+B.3) | D28: LK | E28: =E19+E22+E25 -> 106 | F28: =F19+F22+F25 -> 94 | G28: =G19+G22+G25 -> 81 | H28: =H19+H22+H25 -> 82 | I28: =I19+I22+I25 -> 100 | J28: =J19+J22+J25 -> 98 | K28: =K19+K22+K25 -> 93 | L28: =L19+L22+L25 -> 72 | ... Z28: =Z19+Z22+Z25 -> 115 | AA28: =SUM(E28:Z28) -> 2078
D29: PR | E29: =E20+E23+E26 -> 106 | F29: =F20+F23+F26 -> 116 | G29: =G20+G23+G26 -> 90 | H29: =H20+H23+H26 -> 107 | I29: =I20+I23+I26 -> 106 | J29: =J20+J23+J26 -> 126 | K29: =K20+K23+K26 -> 107 | L29: =L20+L23+L26 -> 77 | ... Z29: =Z20+Z23+Z26 -> 113 | AA29: =SUM(E29:Z29) -> 2319
D30: JML | E30: =SUM(E28:E29) -> 212 | F30: =SUM(F28:F29) -> 210 | G30: =SUM(G28:G29) -> 171 | H30: =SUM(H28:H29) -> 189 | I30: =SUM(I28:I29) -> 206 | J30: =SUM(J28:J29) -> 224 | K30: =SUM(K28:K29) -> 200 | L30: =SUM(L28:L29) -> 149 | ... Z30: =SUM(Z28:Z29) -> 228 | AA30: =SUM(E30:Z30) -> 4397
A32: II | B32: DATA PENGGUNAAN SURAT SUARA
A33: 1 | B33: Jumlah surat suara yang diterima, termasuk surat suara cadangan 2,5% dari DPT | E33: 272 | F33: 256 | G33: 232 | H33: 264 | I33: 276 | J33: 287 | K33: 270 | L33: 217 | M33: 248 | N33: 233 | O33: 269 | P33: 251 | Q33: 247 | R33: 276 | S33: 252 | T33: 230 | U33: 234 | V33: 278 | W33: 286 | X33: 300 | Y33: 298 | Z33: 275 | AA33: =SUM(E33:Z33) -> 5751
A34: 2 | B34: Jumlah surat suara yang digunakan | E34: 212 | F34: 210 | G34: 171 | H34: 189 | I34: 206 | J34: 224 | K34: 200 | L34: 149 | M34: 198 | N34: 167 | O34: 209 | P34: 210 | Q34: 197 | R34: 213 | S34: 188 | T34: 165 | U34: 186 | V34: 207 | W34: 202 | X34: 241 | Y34: 225 | Z34: 228 | AA34: =SUM(E34:Z34) -> 4397
A35: 3 | B35: Jumlah surat suara dikembalikan oleh pemilih (karena rusak atau keliru coblos) | E35: 2 | F35: 0 | G35: 0 | H35: 0 | I35: 0 | J35: 0 | K35: 0 | L35: 0 | M35: 0 | N35: 0 | O35: 0 | P35: 1 | Q35: 1 | R35: 0 | S35: 0 | T35: 0 | U35: 0 | V35: 2 | W35: 0 | X35: 2 | Y35: 0 | Z35: 0 | AA35: =SUM(E35:Z35) -> 8
A36: 4 | B36: Jumlah surat suara yang tidak digunakan/tidak terpakai, termasuk sisa surat suara cadangan | E36: =E33-E34-E35 -> 58 | F36: =F33-F34-F35 -> 46 | G36: =G33-G34-G35 -> 61 | H36: =H33-H34-H35 -> 75 | I36: =I33-I34-I35 -> 70 | J36: =J33-J34-J35 -> 63 | K36: =K33-K34-K35 -> 70 | L36: =L33-L34-L35 -> 68 | ... Z36: =Z33-Z34-Z35 -> 47 | AA36: =SUM(E36:Z36) -> 1346
A38: III | B38: DATA PEMILIH DISABILITAS
B39: Jumlah seluruh Pemilih disabilitas yang menggunakan hak pilih | D39: LK | E39: 0 | F39: 0 | G39: 0 | H39: 0 | I39: 0 | J39: 0 | K39: 0 | L39: 0 | M39: 0 | N39: 0 | O39: 0 | P39: 0 | Q39: 0 | R39: 0 | S39: 0 | T39: 0 | U39: 0 | V39: 0 | W39: 0 | X39: 0 | Y39: 0 | Z39: 0 | AA39: =SUM(E39:Z39) -> 0
D40: PR | E40: 0 | F40: 0 | G40: 0 | H40: 0 | I40: 0 | J40: 0 | K40: 0 | L40: 0 | M40: 0 | N40: 0 | O40: 0 | P40: 0 | Q40: 0 | R40: 2 | S40: 0 | T40: 0 | U40: 0 | V40: 0 | W40: 0 | X40: 0 | Y40: 0 | Z40: 0 | AA40: =SUM(E40:Z40) -> 2
D41: JML | E41: =SUM(E39:E40) -> 0 | F41: =SUM(F39:F40) -> 0 | G41: =SUM(G39:G40) -> 0 | H41: =SUM(H39:H40) -> 0 | I41: =SUM(I39:I40) -> 0 | J41: =SUM(J39:J40) -> 0 | K41: =SUM(K39:K40) -> 0 | L41: =SUM(L39:L40) -> 0 | ... Z41: =SUM(Z39:Z40) -> 0 | AA41: =SUM(E41:Z41) -> 2
A43: IV | B43: DATA RINCIAN PEROLEHAN SUARA PASANGAN CALON BUPATI DAN WAKIL BUPATI
A44: NOMOR DAN NAMA CALON
A45: A.1 | B45: 1. | C45: Partai Kebangkitan Bangsa | E45: 11 | F45: 3 | G45: 7 | H45: 8 | I45: 8 | J45: 10 | K45: 3 | L45: 3 | M45: 4 | N45: 4 | O45: 5 | P45: 2 | Q45: 2 | R45: 5 | S45: 1 | T45: 3 | U45: 3 | V45: 11 | W45: 8 | X45: 4 | Y45: 6 | Z45: 4 | AA45: =SUM(E45:Z45) -> 115
A46: A.2 | B46: 1 | C46: KH. MUHAMMAD RIZA AZIZY, M.IEB. | E46: 7 | F46: 2 | G46: 4 | H46: 4 | I46: 9 | J46: 3 | K46: 11 | L46: 2 | M46: 3 | N46: 2 | O46: 5 | P46: 1 | Q46: 2 | R46: 0 | S46: 1 | T46: 4 | U46: 4 | V46: 3 | W46: 5 | X46: 8 | Y46: 4 | Z46: 5 | AA46: =SUM(E46:Z46) -> 89
B47: 2 | C47: INAYANTI KUSUMASARI, S.E. | E47: 76 | F47: 31 | G47: 63 | H47: 68 | I47: 44 | J47: 52 | K47: 20 | L47: 45 | M47: 22 | N47: 38 | O47: 39 | P47: 17 | Q47: 11 | R47: 14 | S47: 33 | T47: 27 | U47: 42 | V47: 124 | W47: 96 | X47: 78 | Y47: 38 | Z47: 16 | AA47: =SUM(E47:Z47) -> 994
B48: 3 | C48: TOPAN HADI SUCIPTO, S.H. | E48: 29 | F48: 15 | G48: 1 | H48: 14 | I48: 1 | J48: 1 | K48: 1 | L48: 0 | M48: 0 | N48: 0 | O48: 1 | P48: 0 | Q48: 0 | R48: 0 | S48: 0 | T48: 0 | U48: 2 | V48: 0 | W48: 2 | X48: 3 | Y48: 0 | Z48: 1 | AA48: =SUM(E48:Z48) -> 71
B49: 4 | C49: HAULA KARIMA AKBAR, S.PD. | E49: 0 | F49: 0 | G49: 0 | H49: 1 | I49: 0 | J49: 0 | K49: 0 | L49: 0 | M49: 0 | N49: 0 | O49: 0 | P49: 0 | Q49: 0 | R49: 0 | S49: 1 | T49: 0 | U49: 0 | V49: 0 | W49: 0 | X49: 0 | Y49: 0 | Z49: 0 | AA49: =SUM(E49:Z49) -> 2
B50: 5 | C50: SUGENG HARYONO | E50: 0 | F50: 0 | G50: 0 | H50: 0 | I50: 0 | J50: 0 | K50: 0 | L50: 0 | M50: 0 | N50: 0 | O50: 1 | P50: 0 | Q50: 0 | R50: 0 | S50: 0 | T50: 0 | U50: 0 | V50: 0 | W50: 0 | X50: 0 | Y50: 0 | Z50: 0 | AA50: =SUM(E50:Z50) -> 1
B51: 6 | C51: MOH. RIYADUS SHOLIHIN, A.MD. | E51: 2 | F51: 0 | G51: 0 | H51: 0 | I51: 0 | J51: 0 | K51: 1 | L51: 0 | M51: 0 | N51: 1 | O51: 4 | P51: 4 | Q51: 0 | R51: 1 | S51: 0 | T51: 3 | U51: 1 | V51: 0 | W51: 1 | X51: 0 | Y51: 0 | Z51: 0 | AA51: =SUM(E51:Z51) -> 18
A52: B | B52: JUMLAH SUARA SAH PARTAI POLITIK DAN CALON (A1 + A2) | E52: =SUM(E45:E51) -> 125 | F52: =SUM(F45:F51) -> 51 | G52: =SUM(G45:G51) -> 75 | H52: =SUM(H45:H51) -> 95 | I52: =SUM(I45:I51) -> 62 | J52: =SUM(J45:J51) -> 66 | K52: =SUM(K45:K51) -> 36 | L52: =SUM(L45:L51) -> 50 | ... Z52: =SUM(Z45:Z51) -> 26 | AA52: =SUM(E52:Z52) -> 1290
AA53: =SUM(E53:Z53) -> 0
A54: A.1 | B54: 2. | C54: Partai Gerakan Indonesia Raya | E54: 10 | F54: 5 | G54: 6 | H54: 10 | I54: 20 | J54: 8 | K54: 7 | L54: 12 | M54: 3 | N54: 5 | O54: 7 | P54: 8 | Q54: 9 | R54: 6 | S54: 9 | T54: 6 | U54: 4 | V54: 10 | W54: 22 | X54: 3 | Y54: 3 | Z54: 7 | AA54: =SUM(E54:Z54) -> 180
A55: A.2 | B55: 1 | C55: AGUNG SUBASTIAN | E55: 1 | F55: 2 | G55: 2 | H55: 2 | I55: 7 | J55: 10 | K55: 9 | L55: 4 | M55: 2 | N55: 4 | O55: 5 | P55: 8 | Q55: 5 | R55: 7 | S55: 5 | T55: 5 | U55: 3 | V55: 7 | W55: 4 | X55: 5 | Y55: 11 | Z55: 2 | AA55: =SUM(E55:Z55) -> 110
B56: 2 | C56: ABDUL HAMID | E56: 2 | F56: 1 | G56: 1 | H56: 2 | I56: 2 | J56: 2 | K56: 1 | L56: 1 | M56: 2 | N56: 5 | O56: 2 | P56: 0 | Q56: 3 | R56: 4 | S56: 0 | T56: 2 | U56: 7 | V56: 4 | W56: 5 | X56: 7 | Y56: 2 | Z56: 4 | AA56: =SUM(E56:Z56) -> 59
B57: 3 | C57: NUR ALVI NAZIMAH | E57: 0 | F57: 0 | G57: 0 | H57: 1 | I57: 0 | J57: 1 | K57: 3 | L57: 0 | M57: 0 | N57: 2 | O57: 2 | P57: 0 | Q57: 0 | R57: 0 | S57: 1 | T57: 1 | U57: 1 | V57: 3 | W57: 2 | X57: 0 | Y57: 0 | Z57: 0 | AA57: =SUM(E57:Z57) -> 17
B58: 4 | C58: EMI WIJAYANTI | E58: 1 | F58: 0 | G58: 1 | H58: 1 | I58: 1 | J58: 0 | K58: 1 | L58: 1 | M58: 0 | N58: 1 | O58: 0 | P58: 0 | Q58: 0 | R58: 1 | S58: 0 | T58: 0 | U58: 0 | V58: 0 | W58: 1 | X58: 0 | Y58: 0 | Z58: 0 | AA58: =SUM(E58:Z58) -> 9
B59: 5 | C59: MUHAMAD ALFAN SAIFUDIN | E59: 1 | F59: 0 | G59: 0 | H59: 0 | I59: 3 | J59: 1 | K59: 1 | L59: 1 | M59: 0 | N59: 2 | O59: 1 | P59: 0 | Q59: 0 | R59: 0 | S59: 0 | T59: 1 | U59: 0 | V59: 0 | W59: 1 | X59: 0 | Y59: 0 | Z59: 0 | AA59: =SUM(E59:Z59) -> 12
B60: 6 | C60: BAYU PUTRA PAMUNGKAS | E60: 0 | F60: 0 | G60: 0 | H60: 0 | I60: 0 | J60: 0 | K60: 0 | L60: 0 | M60: 0 | N60: 2 | O60: 0 | P60: 0 | Q60: 0 | R60: 0 | S60: 0 | T60: 1 | U60: 1 | V60: 1 | W60: 0 | X60: 0 | Y60: 0 | Z60: 0 | AA60: =SUM(E60:Z60) -> 5
A61: B | B61: JUMLAH SUARA SAH PARTAI POLITIK DAN CALON (A1 + A2) | E61: =SUM(E54:E60) -> 15 | F61: =SUM(F54:F60) -> 8 | G61: =SUM(G54:G60) -> 10 | H61: =SUM(H54:H60) -> 16 | I61: =SUM(I54:I60) -> 33 | J61: =SUM(J54:J60) -> 22 | K61: =SUM(K54:K60) -> 22 | L61: =SUM(L54:L60) -> 19 | ... Z61: =SUM(Z54:Z60) -> 13 | AA61: =SUM(E61:Z61) -> 392
AA62: =SUM(E62:Z62) -> 0
A63: A.1 | B63: 3. | C63: Partai Demokrasi Indonesia Perjuangan | E63: 8 | F63: 2 | G63: 1 | H63: 5 | I63: 5 | J63: 7 | K63: 4 | L63: 3 | M63: 0 | N63: 3 | O63: 7 | P63: 2 | Q63: 12 | R63: 16 | S63: 5 | T63: 7 | U63: 6 | V63: 4 | W63: 12 | X63: 2 | Y63: 3 | Z63: 7 | AA63: =SUM(E63:Z63) -> 121
A64: A.2 | B64: 1 | C64: IR. YAYUK BANAR SRI PANGAYOM | E64: 2 | F64: 0 | G64: 1 | H64: 0 | I64: 0 | J64: 3 | K64: 11 | L64: 2 | M64: 1 | N64: 5 | O64: 1 | P64: 0 | Q64: 2 | R64: 2 | S64: 5 | T64: 3 | U64: 1 | V64: 0 | W64: 0 | X64: 1 | Y64: 1 | Z64: 0 | AA64: =SUM(E64:Z64) -> 41
B65: 2 | C65: DR. ANA ANIATI | E65: 15 | F65: 3 | G65: 11 | H65: 6 | I65: 14 | J65: 9 | K65: 5 | L65: 1 | M65: 1 | N65: 12 | O65: 4 | P65: 2 | Q65: 1 | R65: 4 | S65: 4 | T65: 16 | U65: 17 | V65: 1 | W65: 12 | X65: 20 | Y65: 7 | Z65: 16 | AA65: =SUM(E65:Z65) -> 181
B66: 3 | C66: HADI WIDODO, S.P. | E66: 1 | F66: 1 | G66: 1 | H66: 0 | I66: 16 | J66: 6 | K66: 4 | L66: 3 | M66: 1 | N66: 4 | O66: 21 | P66: 13 | Q66: 110 | R66: 43 | S66: 16 | T66: 10 | U66: 11 | V66: 4 | W66: 5 | X66: 4 | Y66: 6 | Z66: 2 | AA66: =SUM(E66:Z66) -> 282
B67: 4 | C67: ANDIKO PUTRA MAHATTA | E67: 8 | F67: 0 | G67: 0 | H67: 0 | I67: 1 | J67: 0 | K67: 0 | L67: 0 | M67: 0 | N67: 1 | O67: 0 | P67: 0 | Q67: 0 | R67: 2 | S67: 0 | T67: 1 | U67: 1 | V67: 1 | W67: 0 | X67: 0 | Y67: 1 | Z67: 0 | AA67: =SUM(E67:Z67) -> 16
B68: 5 | C68: YUNI APRILIA | E68: 0 | F68: 0 | G68: 0 | H68: 0 | I68: 1 | J68: 0 | K68: 1 | L68: 0 | M68: 0 | N68: 0 | O68: 0 | P68: 0 | Q68: 1 | R68: 0 | S68: 0 | T68: 0 | U68: 1 | V68: 0 | W68: 0 | X68: 0 | Y68: 0 | Z68: 0 | AA68: =SUM(E68:Z68) -> 4
B69: 6 | C69: IKE PREDITA FIKTARYANA | E69: 0 | F69: 0 | G69: 0 | H69: 0 | I69: 0 | J69: 0 | K69: 0 | L69: 0 | M69: 0 | N69: 0 | O69: 0 | P69: 0 | Q69: 0 | R69: 0 | S69: 0 | T69: 1 | U69: 0 | V69: 0 | W69: 0 | X69: 1 | Y69: 0 | Z69: 0 | AA69: =SUM(E69:Z69) -> 2
A70: B | B70: JUMLAH SUARA SAH PARTAI POLITIK DAN CALON (A1 + A2) | E70: =SUM(E63:E69) -> 34 | F70: =SUM(F63:F69) -> 6 | G70: =SUM(G63:G69) -> 14 | H70: =SUM(H63:H69) -> 11 | I70: =SUM(I63:I69) -> 37 | J70: =SUM(J63:J69) -> 25 | K70: =SUM(K63:K69) -> 25 | L70: =SUM(L63:L69) -> 9 | ... Z70: =SUM(Z63:Z69) -> 25 | AA70: =SUM(E70:Z70) -> 647
AA71: =SUM(E71:Z71) -> 0
A72: A.1 | B72: 4. | C72: Partai Golongan Karya | E72: 1 | F72: 9 | G72: 2 | H72: 6 | I72: 4 | J72: 6 | K72: 7 | L72: 3 | M72: 7 | N72: 5 | O72: 1 | P72: 16 | Q72: 2 | R72: 7 | S72: 1 | T72: 1 | U72: 0 | V72: 1 | W72: 0 | X72: 12 | Y72: 13 | Z72: 22 | AA72: =SUM(E72:Z72) -> 126
A73: A.2 | B73: 1 | C73: SOFIANDI SUSIADI, A.MD. | E73: 6 | F73: 40 | G73: 32 | H73: 29 | I73: 35 | J73: 69 | K73: 2 | L73: 46 | M73: 93 | N73: 44 | O73: 15 | P73: 84 | Q73: 5 | R73: 73 | S73: 5 | T73: 0 | U73: 9 | V73: 0 | W73: 3 | X73: 79 | Y73: 121 | Z73: 81 | AA73: =SUM(E73:Z73) -> 871
B74: 2 | C74: SUHAERI, S.PD. | E74: 0 | F74: 1 | G74: 1 | H74: 0 | I74: 1 | J74: 0 | K74: 1 | L74: 1 | M74: 0 | N74: 1 | O74: 0 | P74: 0 | Q74: 1 | R74: 0 | S74: 0 | T74: 0 | U74: 0 | V74: 0 | W74: 0 | X74: 0 | Y74: 2 | Z74: 6 | AA74: =SUM(E74:Z74) -> 15
B75: 3 | C75: SITI MAHMUDAH, S.SOS. | E75: 0 | F75: 0 | G75: 0 | H75: 0 | I75: 1 | J75: 0 | K75: 1 | L75: 1 | M75: 1 | N75: 1 | O75: 0 | P75: 0 | Q75: 0 | R75: 0 | S75: 0 | T75: 0 | U75: 0 | V75: 0 | W75: 0 | X75: 0 | Y75: 0 | Z75: 1 | AA75: =SUM(E75:Z75) -> 6
B76: 4 | C76: HENI KOMISATUN | E76: 0 | F76: 0 | G76: 0 | H76: 0 | I76: 0 | J76: 1 | K76: 0 | L76: 0 | M76: 0 | N76: 0 | O76: 0 | P76: 0 | Q76: 0 | R76: 0 | S76: 0 | T76: 0 | U76: 0 | V76: 0 | W76: 0 | X76: 0 | Y76: 0 | Z76: 2 | AA76: =SUM(E76:Z76) -> 3
B77: 5 | C77: KUSYONO | E77: 0 | F77: 0 | G77: 0 | H77: 0 | I77: 0 | J77: 0 | K77: 1 | L77: 0 | M77: 0 | N77: 0 | O77: 0 | P77: 0 | Q77: 0 | R77: 0 | S77: 0 | T77: 0 | U77: 0 | V77: 0 | W77: 0 | X77: 0 | Y77: 0 | Z77: 0 | AA77: =SUM(E77:Z77) -> 1
B78: 6 | C78: SUROSO | E78: 0 | F78: 0 | G78: 0 | H78: 0 | I78: 0 | J78: 0 | K78: 0 | L78: 1 | M78: 0 | N78: 0 | O78: 0 | P78: 0 | Q78: 0 | R78: 0 | S78: 0 | T78: 0 | U78: 0 | V78: 0 | W78: 0 | X78: 0 | Y78: 0 | Z78: 0 | AA78: =SUM(E78:Z78) -> 1
A79: B | B79: JUMLAH SUARA SAH PARTAI POLITIK DAN CALON (A1 + A2) | E79: =SUM(E72:E78) -> 7 | F79: =SUM(F72:F78) -> 50 | G79: =SUM(G72:G78) -> 35 | H79: =SUM(H72:H78) -> 35 | I79: =SUM(I72:I78) -> 41 | J79: =SUM(J72:J78) -> 76 | K79: =SUM(K72:K78) -> 12 | L79: =SUM(L72:L78) -> 52 | ... Z79: =SUM(Z72:Z78) -> 112 | AA79: =SUM(E79:Z79) -> 1023
AA80: =SUM(E80:Z80) -> 0
A81: A.1 | B81: 5. | C81: Partai NasDem | E81: 0 | F81: 0 | G81: 0 | H81: 0 | I81: 0 | J81: 0 | K81: 2 | L81: 0 | M81: 0 | N81: 0 | O81: 1 | P81: 2 | Q81: 0 | R81: 1 | S81: 1 | T81: 0 | U81: 0 | V81: 1 | W81: 1 | X81: 0 | Y81: 0 | Z81: 1 | AA81: =SUM(E81:Z81) -> 10
A82: A.2 | B82: 1 | C82: ABU SUFYAN, S.E., S.T., M.SI., M.ARS. | E82: 2 | F82: 0 | G82: 0 | H82: 0 | I82: 0 | J82: 0 | K82: 1 | L82: 1 | M82: 2 | N82: 0 | O82: 3 | P82: 4 | Q82: 5 | R82: 1 | S82: 0 | T82: 0 | U82: 1 | V82: 1 | W82: 0 | X82: 1 | Y82: 1 | Z82: 7 | AA82: =SUM(E82:Z82) -> 30
B83: 2 | C83: LUKMAN HAKIM | E83: 0 | F83: 0 | G83: 0 | H83: 1 | I83: 0 | J83: 1 | K83: 0 | L83: 1 | M83: 0 | N83: 0 | O83: 1 | P83: 0 | Q83: 0 | R83: 0 | S83: 0 | T83: 0 | U83: 1 | V83: 0 | W83: 1 | X83: 0 | Y83: 0 | Z83: 0 | AA83: =SUM(E83:Z83) -> 6
B84: 3 | C84: DEWI WULANDARI | E84: 0 | F84: 0 | G84: 0 | H84: 0 | I84: 0 | J84: 1 | K84: 0 | L84: 0 | M84: 0 | N84: 0 | O84: 0 | P84: 0 | Q84: 0 | R84: 0 | S84: 1 | T84: 0 | U84: 0 | V84: 0 | W84: 0 | X84: 0 | Y84: 0 | Z84: 0 | AA84: =SUM(E84:Z84) -> 2
B85: 4 | C85: JAENURI | E85: 0 | F85: 0 | G85: 0 | H85: 0 | I85: 0 | J85: 0 | K85: 0 | L85: 0 | M85: 0 | N85: 0 | O85: 1 | P85: 0 | Q85: 0 | R85: 0 | S85: 0 | T85: 0 | U85: 0 | V85: 0 | W85: 0 | X85: 0 | Y85: 0 | Z85: 0 | AA85: =SUM(E85:Z85) -> 1
B86: 5 | C86: TRI DINDA LESTARI | E86: 1 | F86: 0 | G86: 0 | H86: 0 | I86: 0 | J86: 0 | K86: 0 | L86: 0 | M86: 0 | N86: 0 | O86: 0 | P86: 3 | Q86: 0 | R86: 0 | S86: 0 | T86: 0 | U86: 0 | V86: 0 | W86: 0 | X86: 0 | Y86: 0 | Z86: 0 | AA86: =SUM(E86:Z86) -> 4
B87: 6 | C87: AGUS SETIAWAN, A.MD. | E87: 0 | F87: 0 | G87: 0 | H87: 0 | I87: 0 | J87: 0 | K87: 0 | L87: 0 | M87: 0 | N87: 0 | O87: 0 | P87: 0 | Q87: 0 | R87: 0 | S87: 0 | T87: 0 | U87: 0 | V87: 0 | W87: 0 | X87: 0 | Y87: 0 | Z87: 0 | AA87: =SUM(E87:Z87) -> 0
A88: B | B88: JUMLAH SUARA SAH PARTAI POLITIK DAN CALON (A1 + A2) | E88: =SUM(E81:E87) -> 3 | F88: =SUM(F81:F87) -> 0 | G88: =SUM(G81:G87) -> 0 | H88: =SUM(H81:H87) -> 1 | I88: =SUM(I81:I87) -> 0 | J88: =SUM(J81:J87) -> 2 | K88: =SUM(K81:K87) -> 3 | L88: =SUM(L81:L87) -> 2 | ... Z88: =SUM(Z81:Z87) -> 8 | AA88: =SUM(E88:Z88) -> 53
AA89: =SUM(E89:Z89) -> 0
A90: A.1 | B90: 6. | C90: Partai Buruh | E90: 0 | F90: 1 | G90: 0 | H90: 1 | I90: 0 | J90: 0 | K90: 1 | L90: 0 | M90: 0 | N90: 0 | O90: 1 | P90: 0 | Q90: 0 | R90: 0 | S90: 0 | T90: 0 | U90: 0 | V90: 0 | W90: 0 | X90: 0 | Y90: 0 | Z90: 0 | AA90: =SUM(E90:Z90) -> 4
B91: 1 | C91: AHMAD MIKKO SYAHRIAL | E91: 0 | F91: 0 | G91: 0 | H91: 1 | I91: 0 | J91: 0 | K91: 0 | L91: 0 | M91: 0 | N91: 1 | O91: 0 | P91: 0 | Q91: 0 | R91: 1 | S91: 0 | T91: 0 | U91: 0 | V91: 0 | W91: 0 | X91: 0 | Y91: 0 | Z91: 0 | AA91: =SUM(E91:Z91) -> 3
B92: 2 | C92: SITI NURJANNAH | E92: 0 | F92: 0 | G92: 0 | H92: 0 | I92: 0 | J92: 0 | K92: 0 | L92: 0 | M92: 0 | N92: 0 | O92: 1 | P92: 0 | Q92: 0 | R92: 0 | S92: 0 | T92: 0 | U92: 1 | V92: 0 | W92: 0 | X92: 0 | Y92: 0 | Z92: 0 | AA92: =SUM(E92:Z92) -> 2
A93: A.2 | B93: 3 | C93: RUDI CHRISTIAWAN | E93: 0 | F93: 0 | G93: 0 | H93: 0 | I93: 0 | J93: 0 | K93: 0 | L93: 0 | M93: 0 | N93: 0 | O93: 0 | P93: 0 | Q93: 0 | R93: 0 | S93: 0 | T93: 0 | U93: 0 | V93: 0 | W93: 0 | X93: 0 | Y93: 0 | Z93: 0 | AA93: =SUM(E93:Z93) -> 0
A94: B | B94: JUMLAH SUARA SAH PARTAI POLITIK DAN CALON (A1 + A2) | E94: =SUM(E90:E93) -> 0 | F94: =SUM(F90:F93) -> 1 | G94: =SUM(G90:G93) -> 0 | H94: =SUM(H90:H93) -> 2 | I94: =SUM(I90:I93) -> 0 | J94: =SUM(J90:J93) -> 0 | K94: =SUM(K90:K93) -> 1 | L94: =SUM(L90:L93) -> 0 | ... Z94: =SUM(Z90:Z93) -> 0 | AA94: =SUM(E94:Z94) -> 9
AA95: =SUM(E95:Z95) -> 0
A96: A.1 | B96: 7. | C96: Partai Gelombang Rakyat Indonesia | E96: 0 | F96: 1 | G96: 0 | H96: 0 | I96: 1 | J96: 0 | K96: 0 | L96: 0 | M96: 1 | N96: 0 | O96: 0 | P96: 0 | Q96: 0 | R96: 0 | S96: 0 | T96: 0 | U96: 0 | V96: 0 | W96: 0 | X96: 0 | Y96: 0 | Z96: 0 | AA96: =SUM(E96:Z96) -> 3
A97: A.2 | B97: 1 | C97: LUTFIYAH | E97: 0 | F97: 0 | G97: 0 | H97: 0 | I97: 0 | J97: 0 | K97: 0 | L97: 0 | M97: 0 | N97: 0 | O97: 0 | P97: 0 | Q97: 0 | R97: 0 | S97: 0 | T97: 0 | U97: 0 | V97: 0 | W97: 0 | X97: 0 | Y97: 1 | Z97: 1 | AA97: =SUM(E97:Z97) -> 2
B98: 2 | C98: NURMANSYAH | E98: 0 | F98: 0 | G98: 0 | H98: 0 | I98: 0 | J98: 0 | K98: 0 | L98: 0 | M98: 0 | N98: 0 | O98: 0 | P98: 1 | Q98: 0 | R98: 0 | S98: 0 | T98: 1 | U98: 0 | V98: 0 | W98: 0 | X98: 0 | Y98: 0 | Z98: 0 | AA98: =SUM(E98:Z98) -> 2
A99: B | B99: JUMLAH SUARA SAH PARTAI POLITIK DAN CALON (A1 + A2) | E99: =SUM(E96:E98) -> 0 | F99: =SUM(F96:F98) -> 1 | G99: =SUM(G96:G98) -> 0 | H99: =SUM(H96:H98) -> 0 | I99: =SUM(I96:I98) -> 1 | J99: =SUM(J96:J98) -> 0 | K99: =SUM(K96:K98) -> 0 | L99: =SUM(L96:L98) -> 0 | ... Z99: =SUM(Z96:Z98) -> 1 | AA99: =SUM(E99:Z99) -> 7
AA100: =SUM(E100:Z100) -> 0
A101: A.1 | B101: 8. | C101: Partai Keadilan Sejahtera | E101: 1 | F101: 0 | G101: 0 | H101: 1 | I101: 0 | J101: 0 | K101: 1 | L101: 0 | M101: 0 | N101: 0 | O101: 0 | P101: 1 | Q101: 0 | R101: 0 | S101: 0 | T101: 0 | U101: 1 | V101: 1 | W101: 0 | X101: 0 | Y101: 0 | Z101: 0 | AA101: =SUM(E101:Z101) -> 6
A102: A.2 | B102: 1 | C102: ANHARUDIN, S.PD.I. | E102: 3 | F102: 17 | G102: 2 | H102: 7 | I102: 6 | J102: 0 | K102: 5 | L102: 0 | M102: 0 | N102: 3 | O102: 0 | P102: 0 | Q102: 0 | R102: 0 | S102: 0 | T102: 0 | U102: 2 | V102: 0 | W102: 1 | X102: 1 | Y102: 2 | Z102: 0 | AA102: =SUM(E102:Z102) -> 49
B103: 2 | C103: NASUKI SYAMSUL, S.H. | E103: 0 | F103: 0 | G103: 0 | H103: 0 | I103: 0 | J103: 0 | K103: 3 | L103: 0 | M103: 0 | N103: 1 | O103: 0 | P103: 0 | Q103: 0 | R103: 0 | S103: 0 | T103: 0 | U103: 0 | V103: 0 | W103: 0 | X103: 0 | Y103: 0 | Z103: 0 | AA103: =SUM(E103:Z103) -> 4
B104: 3 | C104: LAILATUR ROSYIDAH | E104: 0 | F104: 0 | G104: 0 | H104: 0 | I104: 0 | J104: 0 | K104: 0 | L104: 0 | M104: 0 | N104: 1 | O104: 0 | P104: 0 | Q104: 0 | R104: 0 | S104: 0 | T104: 0 | U104: 0 | V104: 0 | W104: 0 | X104: 0 | Y104: 0 | Z104: 0 | AA104: =SUM(E104:Z104) -> 1
B105: 4 | C105: ALI MANSUR, S.T. | E105: 0 | F105: 0 | G105: 0 | H105: 0 | I105: 0 | J105: 0 | K105: 0 | L105: 0 | M105: 0 | N105: 0 | O105: 0 | P105: 0 | Q105: 0 | R105: 0 | S105: 0 | T105: 0 | U105: 0 | V105: 0 | W105: 0 | X105: 0 | Y105: 0 | Z105: 0 | AA105: =SUM(E105:Z105) -> 0
B106: 5 | C106: ALFIRA ROSALIANA | E106: 0 | F106: 0 | G106: 0 | H106: 0 | I106: 0 | J106: 0 | K106: 0 | L106: 0 | M106: 0 | N106: 0 | O106: 0 | P106: 0 | Q106: 0 | R106: 0 | S106: 0 | T106: 0 | U106: 0 | V106: 0 | W106: 0 | X106: 0 | Y106: 0 | Z106: 0 | AA106: =SUM(E106:Z106) -> 0
B107: 6 | C107: WILDA GUSFIYANTI AZIZ, S.A. | E107: 0 | F107: 0 | G107: 0 | H107: 0 | I107: 0 | J107: 0 | K107: 0 | L107: 0 | M107: 0 | N107: 0 | O107: 0 | P107: 0 | Q107: 0 | R107: 0 | S107: 0 | T107: 0 | U107: 0 | V107: 0 | W107: 0 | X107: 0 | Y107: 0 | Z107: 0 | AA107: =SUM(E107:Z107) -> 0
A108: B | B108: JUMLAH SUARA SAH PARTAI POLITIK DAN CALON (A1 + A2) | E108: =SUM(E101:E107) -> 4 | F108: =SUM(F101:F107) -> 17 | G108: =SUM(G101:G107) -> 2 | H108: =SUM(H101:H107) -> 8 | I108: =SUM(I101:I107) -> 6 | J108: =SUM(J101:J107) -> 0 | K108: =SUM(K101:K107) -> 9 | L108: =SUM(L101:L107) -> 0 | ... Z108: =SUM(Z101:Z107) -> 0 | AA108: =SUM(E108:Z108) -> 60
AA109: =SUM(E109:Z109) -> 0
A110: A.1 | B110: 9. | C110: Partai Kebangkitan Nusantara | E110: 0 | F110: 0 | G110: 0 | H110: 0 | I110: 0 | J110: 0 | K110: 0 | L110: 0 | M110: 0 | N110: 0 | O110: 0 | P110: 0 | Q110: 0 | R110: 0 | S110: 0 | T110: 0 | U110: 0 | V110: 2 | W110: 0 | X110: 0 | Y110: 0 | Z110: 0 | AA110: =SUM(E110:Z110) -> 2
B111: 1 | C111: NANANG HENDIK ROBBY A.S. | E111: 0 | F111: 0 | G111: 0 | H111: 0 | I111: 0 | J111: 0 | K111: 0 | L111: 0 | M111: 0 | N111: 0 | O111: 0 | P111: 0 | Q111: 0 | R111: 0 | S111: 0 | T111: 0 | U111: 0 | V111: 0 | W111: 0 | X111: 0 | Y111: 0 | Z111: 0 | AA111: =SUM(E111:Z111) -> 0
...

Sheet SEMBULUNG
C2: Kecamatan | D2: CLURING
C3: Kabupaten | D3: BANYUWANGI
C4: Provinsi | D4: JAWA TIMUR
C9: Kelurahan | D9: SEMBULUNG
A12: I | B12: DATA PEMILIH DAN PENGGUNAAN HAK PILIH | AC12: JUMLAH AKHIR
A13: A | B13: DATA PEMILIH | E13: TPS 001 | F13: TPS 002 | G13: TPS 003 | H13: TPS 004 | I13: TPS 005 | J13: TPS 006 | K13: TPS 007 | L13: TPS 008 | M13: TPS 009 | N13: TPS 010 | O13: TPS 011 | P13: TPS 012 | Q13: TPS 013 | R13: TPS 014 | S13: TPS 015 | T13: TPS 016 | U13: TPS 017 | V13: TPS 018 | W13: TPS 019 | X13: TPS 020 | Y13: TPS 021 | Z13: TPS 022 | AA13: TPS 023 | AB13: TPS 024
B14: Jumlah Pemilih dalam Daftar Pemilih Tetap (DPT) | D14: LK | E14: 123 | F14: 126 | G14: 140 | H14: 149 | I14: 141 | J14: 133 | K14: 140 | L14: 143 | M14: 128 | N14: 131 | O14: 126 | P14: 120 | Q14: 133 | R14: 139 | S14: 136 | T14: 139 | U14: 134 | V14: 136 | W14: 146 | X14: 127 | Y14: 128 | Z14: 132 | AA14: 133 | AB14: 122 | AC14: =SUM(E14:AB14) -> 3205
D15: PR | E15: 146 | F15: 131 | G15: 129 | H15: 138 | I15: 132 | J15: 144 | K15: 136 | L15: 148 | M15: 127 | N15: 123 | O15: 129 | P15: 117 | Q15: 120 | R15: 153 | S15: 135 | T15: 142 | U15: 130 | V15: 157 | W15: 133 | X15: 162 | Y15: 127 | Z15: 145 | AA15: 124 | AB15: 112 | AC15: =SUM(E15:AB15) -> 3240
D16: JML | E16: =SUM(E14:E15) -> 269 | F16: =SUM(F14:F15) -> 257 | G16: =SUM(G14:G15) -> 269 | H16: =SUM(H14:H15) -> 287 | I16: =SUM(I14:I15) -> 273 | J16: =SUM(J14:J15) -> 277 | K16: =SUM(K14:K15) -> 276 | L16: =SUM(L14:L15) -> 291 | ... AB16: =SUM(AB14:AB15) -> 234 | AC16: =SUM(E16:AB16) -> 6445
A18: B | B18: PENGGUNA HAK PILIH
B19: 1. | C19: Jumlah pengguna hak pilih dalam Daftar Pemilih Tetap (DPT) | D19: LK | E19: 89 | F19: 100 | G19: 104 | H19: 110 | I19: 120 | J19: 101 | K19: 105 | L19: 112 | M19: 104 | N19: 99 | O19: 95 | P19: 92 | Q19: 91 | R19: 106 | S19: 91 | T19: 100 | U19: 102 | V19: 104 | W19: 116 | X19: 106 | Y19: 93 | Z19: 102 | AA19: 101 | AB19: 97 | AC19: =SUM(E19:AB19) -> 2440
D20: PR | E20: 115 | F20: 107 | G20: 103 | H20: 110 | I20: 114 | J20: 116 | K20: 112 | L20: 123 | M20: 110 | N20: 98 | O20: 102 | P20: 93 | Q20: 86 | R20: 121 | S20: 107 | T20: 109 | U20: 106 | V20: 119 | W20: 110 | X20: 133 | Y20: 99 | Z20: 107 | AA20: 110 | AB20: 87 | AC20: =SUM(E20:AB20) -> 2597
D21: JML | E21: 204 | F21: 207 | G21: 207 | H21: 220 | I21: 234 | J21: 217 | K21: 217 | L21: 235 | M21: 214 | N21: 197 | O21: 197 | P21: 185 | Q21: 177 | R21: 227 | S21: 198 | T21: 209 | U21: 208 | V21: 223 | W21: 226 | X21: 239 | Y21: 192 | Z21: 209 | AA21: 211 | AB21: 184 | AC21: =SUM(E21:AB21) -> 5037
B22: 2. | C22: Jumlah pengguna hak pilih dalam Daftar Pemilih Tambahan (DPTb) | D22: LK | E22: 0 | F22: 0 | G22: 0 | H22: 0 | I22: 0 | J22: 0 | K22: 0 | L22: 0 | M22: 0 | N22: 0 | O22: 0 | P22: 0 | Q22: 0 | R22: 0 | S22: 0 | T22: 0 | U22: 0 | V22: 0 | W22: 0 | X22: 0 | Y22: 0 | Z22: 0 | AA22: 0 | AB22: 1 | AC22: =SUM(E22:AB22) -> 1
D23: PR | E23: 0 | F23: 1 | G23: 0 | H23: 0 | I23: 0 | J23: 0 | K23: 0 | L23: 0 | M23: 0 | N23: 0 | O23: 0 | P23: 0 | Q23: 0 | R23: 1 | S23: 0 | T23: 0 | U23: 0 | V23: 0 | W23: 0 | X23: 0 | Y23: 0 | Z23: 0 | AA23: 0 | AB23: 0 | AC23: =SUM(E23:AB23) -> 2
D24: JML | E24: 0 | F24: 1 | G24: 0 | H24: 0 | I24: 0 | J24: 0 | K24: 0 | L24: 0 | M24: 0 | N24: 0 | O24: 0 | P24: 0 | Q24: 0 | R24: 1 | S24: 0 | T24: 0 | U24: 0 | V24: 0 | W24: 0 | X24: 0 | Y24: 0 | Z24: 0 | AA24: 0 | AB24: 1 | AC24: =SUM(E24:AB24) -> 3
B25: 3. | C25: Jumlah pengguna hak pilih dalam Daftar Pemilih Khusus (DPK) | D25: LK | E25: 0 | F25: 1 | G25: 1 | H25: 1 | I25: 0 | J25: 0 | K25: 0 | L25: 1 | M25: 0 | N25: 0 | O25: 3 | P25: 1 | Q25: 2 | R25: 3 | S25: 0 | T25: 0 | U25: 0 | V25: 1 | W25: 0 | X25: 0 | Y25: 0 | Z25: 0 | AA25: 1 | AB25: 0 | AC25: =SUM(E25:AB25) -> 15
D26: PR | E26: 0 | F26: 1 | G26: 0 | H26: 1 | I26: 0 | J26: 2 | K26: 0 | L26: 0 | M26: 0 | N26: 0 | O26: 1 | P26: 0 | Q26: 1 | R26: 0 | S26: 0 | T26: 1 | U26: 0 | V26: 0 | W26: 1 | X26: 0 | Y26: 0 | Z26: 1 | AA26: 1 | AB26: 2 | AC26: =SUM(E26:AB26) -> 12
D27: JML | E27: 0 | F27: 2 | G27: 1 | H27: 2 | I27: 0 | J27: 2 | K27: 0 | L27: 1 | M27: 0 | N27: 0 | O27: 4 | P27: 1 | Q27: 3 | R27: 3 | S27: 0 | T27: 1 | U27: 0 | V27: 1 | W27: 1 | X27: 0 | Y27: 0 | Z27: 1 | AA27: 2 | AB27: 2 | AC27: =SUM(E27:AB27) -> 27
B28: 4. | C28: Jumlah Pengguna Hak Pilih (B.1+B.2+B.3) | D28: LK | E28: 89 | F28: 101 | G28: 105 | H28: 111 | I28: 120 | J28: 101 | K28: 105 | L28: 113 | M28: 104 | N28: 99 | O28: 98 | P28: 93 | Q28: 93 | R28: 109 | S28: 91 | T28: 100 | U28: 102 | V28: 105 | W28: 116 | X28: 106 | Y28: 93 | Z28: 102 | AA28: 102 | AB28: 98 | AC28: =SUM(E28:AB28) -> 2456
D29: PR | E29: 115 | F29: 109 | G29: 103 | H29: 111 | I29: 114 | J29: 118 | K29: 112 | L29: 123 | M29: 110 | N29: 98 | O29: 103 | P29: 93 | Q29: 87 | R29: 122 | S29: 107 | T29: 110 | U29: 106 | V29: 119 | W29: 111 | X29: 133 | Y29: 99 | Z29: 108 | AA29: 111 | AB29: 89 | AC29: =SUM(E29:AB29) -> 2611
D30: JML | E30: =SUM(E28:E29) -> 204 | F30: =SUM(F28:F29) -> 210 | G30: =SUM(G28:G29) -> 208 | H30: =SUM(H28:H29) -> 222 | I30: =SUM(I28:I29) -> 234 | J30: =SUM(J28:J29) -> 219 | K30: =SUM(K28:K29) -> 217 | L30: =SUM(L28:L29) -> 236 | ... AB30: =SUM(AB28:AB29) -> 187 | AC30: =SUM(E30:AB30) -> 5067
A32: II | B32: DATA PENGGUNAAN SURAT SUARA
A33: 1 | B33: Jumlah surat suara yang diterima, termasuk surat suara cadangan 2,5% dari DPT | E33: 273 | F33: 263 | G33: 275 | H33: 292 | I33: 279 | J33: 281 | K33: 282 | L33: 295 | M33: 259 | N33: 258 | O33: 261 | P33: 242 | Q33: 256 | R33: 298 | S33: 277 | T33: 287 | U33: 271 | V33: 299 | W33: 285 | X33: 292 | Y33: 259 | Z33: 279 | AA33: 263 | AB33: 239 | AC33: =SUM(E33:AB33) -> 6565
A34: 2 | B34: Jumlah surat suara yang digunakan | E34: 204 | F34: 210 | G34: 208 | H34: 222 | I34: 234 | J34: 219 | K34: 217 | L34: 236 | M34: 214 | N34: 197 | O34: 201 | P34: 186 | Q34: 180 | R34: 231 | S34: 198 | T34: 210 | U34: 208 | V34: 224 | W34: 227 | X34: 239 | Y34: 192 | Z34: 210 | AA34: 213 | AB34: 187 | AC34: =SUM(E34:AB34) -> 5067
A35: 3 | B35: Jumlah surat suara dikembalikan oleh pemilih (karena rusak atau keliru coblos) | E35: 0 | F35: 0 | G35: 0 | H35: 0 | I35: 0 | J35: 0 | K35: 0 | L35: 0 | M35: 0 | N35: 2 | O35: 0 | P35: 0 | Q35: 1 | R35: 0 | S35: 0 | T35: 2 | U35: 0 | V35: 0 | W35: 0 | X35: 1 | Y35: 0 | Z35: 0 | AA35: 3 | AB35: 1 | AC35: =SUM(E35:AB35) -> 10
A36: 4 | B36: Jumlah surat suara yang tidak digunakan/tidak terpakai, termasuk sisa surat suara cadangan | E36: =E33-(E34+E35) -> 69 | F36: =F33-(F34+F35) -> 53 | G36: =G33-(G34+G35) -> 67 | H36: =H33-(H34+H35) -> 70 | I36: =I33-(I34+I35) -> 45 | J36: =J33-(J34+J35) -> 62 | K36: =K33-(K34+K35) -> 65 | L36: =L33-(L34+L35) -> 59 | ... AB36: =AB33-(AB34+AB35) -> 51 | AC36: =SUM(E36:AB36) -> 1488
A38: III | B38: DATA PEMILIH DISABILITAS
B39: Jumlah seluruh Pemilih disabilitas yang menggunakan hak pilih | D39: LK | E39: 0 | F39: 0 | G39: 0 | H39: 0 | I39: 0 | J39: 0 | K39: 0 | L39: 0 | M39: 0 | N39: 0 | O39: 0 | P39: 0 | Q39: 0 | R39: 0 | S39: 0 | T39: 0 | U39: 0 | V39: 0 | W39: 2 | X39: 0 | Y39: 1 | Z39: 0 | AA39: 0 | AB39: 0 | AC39: =SUM(E39:AB39) -> 3
D40: PR | E40: 0 | F40: 0 | G40: 0 | H40: 0 | I40: 0 | J40: 0 | K40: 0 | L40: 0 | M40: 0 | N40: 0 | O40: 0 | P40: 0 | Q40: 0 | R40: 0 | S40: 1 | T40: 0 | U40: 0 | V40: 1 | W40: 1 | X40: 0 | Y40: 0 | Z40: 0 | AA40: 0 | AB40: 0 | AC40: =SUM(E40:AB40) -> 3
D41: JML | E41: =SUM(E39:E40) -> 0 | F41: =SUM(F39:F40) -> 0 | G41: =SUM(G39:G40) -> 0 | H41: =SUM(H39:H40) -> 0 | I41: =SUM(I39:I40) -> 0 | J41: =SUM(J39:J40) -> 0 | K41: =SUM(K39:K40) -> 0 | L41: =SUM(L39:L40) -> 0 | ... AB41: =SUM(AB39:AB40) -> 0 | AC41: =SUM(E41:AB41) -> 6
A43: IV | B43: DATA RINCIAN PEROLEHAN SUARA PASANGAN CALON BUPATI DAN WAKIL BUPATI
A44: NOMOR DAN NAMA CALON
A45: A.1 | B45: 1. | C45: Partai Kebangkitan Bangsa | E45: 7 | F45: 6 | G45: 4 | H45: 8 | I45: 5 | J45: 6 | K45: 4 | L45: 11 | M45: 5 | N45: 5 | O45: 2 | P45: 7 | Q45: 8 | R45: 5 | S45: 4 | T45: 5 | U45: 11 | V45: 10 | W45: 8 | X45: 9 | Y45: 1 | Z45: 5 | AA45: 2 | AB45: 11 | AC45: =SUM(E45:AB45) -> 149
A46: A.2 | B46: 1 | C46: KH. MUHAMMAD RIZA AZIZY, M.IEB. | E46: 7 | F46: 8 | G46: 8 | H46: 6 | I46: 4 | J46: 10 | K46: 7 | L46: 5 | M46: 4 | N46: 1 | O46: 2 | P46: 6 | Q46: 2 | R46: 7 | S46: 3 | T46: 7 | U46: 0 | V46: 8 | W46: 6 | X46: 13 | Y46: 7 | Z46: 6 | AA46: 2 | AB46: 10 | AC46: =SUM(E46:AB46) -> 139
B47: 2 | C47: INAYANTI KUSUMASARI, S.E. | E47: 25 | F47: 17 | G47: 25 | H47: 10 | I47: 3 | J47: 25 | K47: 21 | L47: 14 | M47: 13 | N47: 11 | O47: 10 | P47: 29 | Q47: 6 | R47: 7 | S47: 6 | T47: 9 | U47: 29 | V47: 18 | W47: 28 | X47: 17 | Y47: 11 | Z47: 31 | AA47: 12 | AB47: 40 | AC47: =SUM(E47:AB47) -> 417
B48: 3 | C48: TOPAN HADI SUCIPTO, S.H. | E48: 4 | F48: 1 | G48: 0 | H48: 0 | I48: 0 | J48: 0 | K48: 3 | L48: 0 | M48: 1 | N48: 0 | O48: 0 | P48: 0 | Q48: 0 | R48: 0 | S48: 1 | T48: 2 | U48: 3 | V48: 0 | W48: 0 | X48: 0 | Y48: 2 | Z48: 0 | AA48: 0 | AB48: 0 | AC48: =SUM(E48:AB48) -> 17
B49: 4 | C49: HAULA KARIMA AKBAR, S.PD. | E49: 0 | F49: 0 | G49: 0 | H49: 0 | I49: 0 | J49: 0 | K49: 0 | L49: 0 | M49: 0 | N49: 0 | O49: 0 | P49: 0 | Q49: 0 | R49: 0 | S49: 0 | T49: 0 | U49: 0 | V49: 0 | W49: 0 | X49: 0 | Y49: 0 | Z49: 0 | AA49: 0 | AB49: 0 | AC49: =SUM(E49:AB49) -> 0
B50: 5 | C50: SUGENG HARYONO | E50: 0 | F50: 0 | G50: 1 | H50: 1 | I50: 0 | J50: 0 | K50: 0 | L50: 0 | M50: 0 | N50: 0 | O50: 0 | P50: 0 | Q50: 0 | R50: 0 | S50: 0 | T50: 1 | U50: 0 | V50: 1 | W50: 0 | X50: 1 | Y50: 0 | Z50: 0 | AA50: 0 | AB50: 0 | AC50: =SUM(E50:AB50) -> 5
B51: 6 | C51: MOH. RIYADUS SHOLIHIN, A.MD. | E51: 3 | F51: 10 | G51: 12 | H51: 5 | I51: 2 | J51: 16 | K51: 21 | L51: 3 | M51: 21 | N51: 4 | O51: 31 | P51: 16 | Q51: 8 | R51: 5 | S51: 5 | T51: 5 | U51: 2 | V51: 4 | W51: 8 | X51: 21 | Y51: 0 | Z51: 3 | AA51: 1 | AB51: 0 | AC51: =SUM(E51:AB51) -> 206
A52: B | B52: JUMLAH SUARA SAH PARTAI POLITIK DAN CALON (A1 + A2) | E52: =SUM(E45:E51) -> 46 | F52: =SUM(F45:F51) -> 42 | G52: =SUM(G45:G51) -> 50 | H52: =SUM(H45:H51) -> 30 | I52: =SUM(I45:I51) -> 14 | J52: =SUM(J45:J51) -> 57 | K52: =SUM(K45:K51) -> 56 | L52: =SUM(L45:L51) -> 33 | ... AB52: =SUM(AB45:AB51) -> 61 | AC52: =SUM(E52:AB52) -> 933
AC53: =SUM(E53:AB53) -> 0
A54: A.1 | B54: 2. | C54: Partai Gerakan Indonesia Raya | E54: 4 | F54: 10 | G54: 4 | H54: 3 | I54: 6 | J54: 5 | K54: 1 | L54: 7 | M54: 4 | N54: 12 | O54: 6 | P54: 7 | Q54: 1 | R54: 8 | S54: 10 | T54: 7 | U54: 21 | V54: 16 | W54: 9 | X54: 7 | Y54: 5 | Z54: 12 | AA54: 1 | AB54: 9 | AC54: =SUM(E54:AB54) -> 175
A55: A.2 | B55: 1 | C55: AGUNG SUBASTIAN | E55: 12 | F55: 5 | G55: 4 | H55: 4 | I55: 14 | J55: 9 | K55: 9 | L55: 2 | M55: 20 | N55: 7 | O55: 2 | P55: 11 | Q55: 11 | R55: 18 | S55: 5 | T55: 8 | U55: 3 | V55: 2 | W55: 16 | X55: 8 | Y55: 4 | Z55: 3 | AA55: 0 | AB55: 2 | AC55: =SUM(E55:AB55) -> 179
B56: 2 | C56: ABDUL HAMID | E56: 3 | F56: 0 | G56: 1 | H56: 3 | I56: 2 | J56: 3 | K56: 1 | L56: 3 | M56: 2 | N56: 2 | O56: 1 | P56: 4 | Q56: 1 | R56: 1 | S56: 1 | T56: 3 | U56: 2 | V56: 5 | W56: 4 | X56: 12 | Y56: 2 | Z56: 2 | AA56: 0 | AB56: 2 | AC56: =SUM(E56:AB56) -> 60
B57: 3 | C57: NUR ALVI NAZIMAH | E57: 0 | F57: 0 | G57: 1 | H57: 0 | I57: 0 | J57: 1 | K57: 0 | L57: 0 | M57: 2 | N57: 0 | O57: 1 | P57: 0 | Q57: 1 | R57: 0 | S57: 0 | T57: 2 | U57: 2 | V57: 1 | W57: 1 | X57: 1 | Y57: 1 | Z57: 0 | AA57: 1 | AB57: 1 | AC57: =SUM(E57:AB57) -> 16
B58: 4 | C58: EMI WIJAYANTI | E58: 1 | F58: 0 | G58: 1 | H58: 0 | I58: 0 | J58: 1 | K58: 1 | L58: 0 | M58: 0 | N58: 1 | O58: 0 | P58: 0 | Q58: 0 | R58: 0 | S58: 2 | T58: 1 | U58: 0 | V58: 0 | W58: 2 | X58: 0 | Y58: 2 | Z58: 0 | AA58: 1 | AB58: 0 | AC58: =SUM(E58:AB58) -> 13
B59: 5 | C59: MUHAMAD ALFAN SAIFUDIN | E59: 2 | F59: 0 | G59: 0 | H59: 1 | I59: 0 | J59: 0 | K59: 0 | L59: 0 | M59: 0 | N59: 1 | O59: 1 | P59: 1 | Q59: 0 | R59: 0 | S59: 1 | T59: 0 | U59: 1 | V59: 0 | W59: 0 | X59: 1 | Y59: 1 | Z59: 0 | AA59: 0 | AB59: 0 | AC59: =SUM(E59:AB59) -> 10
B60: 6 | C60: BAYU PUTRA PAMUNGKAS | E60: 0 | F60: 0 | G60: 0 | H60: 0 | I60: 0 | J60: 0 | K60: 0 | L60: 0 | M60: 2 | N60: 0 | O60: 1 | P60: 1 | Q60: 0 | R60: 0 | S60: 0 | T60: 0 | U60: 0 | V60: 0 | W60: 1 | X60: 1 | Y60: 1 | Z60: 2 | AA60: 0 | AB60: 1 | AC60: =SUM(E60:AB60) -> 10
A61: B | B61: JUMLAH SUARA SAH PARTAI POLITIK DAN CALON (A1 + A2) | E61: =SUM(E54:E60) -> 22 | F61: =SUM(F54:F60) -> 15 | G61: =SUM(G54:G60) -> 11 | H61: =SUM(H54:H60) -> 11 | I61: =SUM(I54:I60) -> 22 | J61: =SUM(J54:J60) -> 19 | K61: =SUM(K54:K60) -> 12 | L61: =SUM(L54:L60) -> 12 | ... AB61: =SUM(AB54:AB60) -> 15 | AC61: =SUM(E61:AB61) -> 463
AC62: =SUM(E62:AB62) -> 0
A63: A.1 | B63: 3. | C63: Partai Demokrasi Indonesia Perjuangan | E63: 4 | F63: 6 | G63: 3 | H63: 12 | I63: 11 | J63: 2 | K63: 2 | L63: 2 | M63: 2 | N63: 5 | O63: 2 | P63: 2 | Q63: 1 | R63: 14 | S63: 2 | T63: 3 | U63: 3 | V63: 6 | W63: 6 | X63: 4 | Y63: 4 | Z63: 5 | AA63: 1 | AB63: 2 | AC63: =SUM(E63:AB63) -> 104
A64: A.2 | B64: 1 | C64: IR. YAYUK BANAR SRI PANGAYOM | E64: 4 | F64: 4 | G64: 3 | H64: 5 | I64: 27 | J64: 7 | K64: 11 | L64: 7 | M64: 5 | N64: 3 | O64: 8 | P64: 1 | Q64: 1 | R64: 6 | S64: 2 | T64: 2 | U64: 5 | V64: 9 | W64: 27 | X64: 54 | Y64: 13 | Z64: 4 | AA64: 0 | AB64: 3 | AC64: =SUM(E64:AB64) -> 211
B65: 2 | C65: DR. ANA ANIATI | E65: 10 | F65: 7 | G65: 12 | H65: 30 | I65: 15 | J65: 4 | K65: 2 | L65: 5 | M65: 8 | N65: 6 | O65: 9 | P65: 3 | Q65: 1 | R65: 25 | S65: 15 | T65: 22 | U65: 19 | V65: 20 | W65: 28 | X65: 9 | Y65: 10 | Z65: 20 | AA65: 0 | AB65: 6 | AC65: =SUM(E65:AB65) -> 286
B66: 3 | C66: HADI WIDODO, S.P. | E66: 0 | F66: 0 | G66: 2 | H66: 2 | I66: 1 | J66: 2 | K66: 1 | L66: 4 | M66: 15 | N66: 6 | O66: 1 | P66: 3 | Q66: 7 | R66: 8 | S66: 6 | T66: 2 | U66: 7 | V66: 1 | W66: 1 | X66: 1 | Y66: 1 | Z66: 5 | AA66: 0 | AB66: 3 | AC66: =SUM(E66:AB66) -> 79
B67: 4 | C67: ANDIKO PUTRA MAHATTA | E67: 0 | F67: 0 | G67: 1 | H67: 0 | I67: 0 | J67: 2 | K67: 0 | L67: 0 | M67: 2 | N67: 0 | O67: 0 | P67: 0 | Q67: 0 | R67: 0 | S67: 2 | T67: 1 | U67: 0 | V67: 11 | W67: 0 | X67: 0 | Y67: 0 | Z67: 1 | AA67: 0 | AB67: 0 | AC67: =SUM(E67:AB67) -> 20
B68: 5 | C68: YUNI APRILIA | E68: 1 | F68: 1 | G68: 1 | H68: 0 | I68: 0 | J68: 1 | K68: 0 | L68: 0 | M68: 0 | N68: 1 | O68: 0 | P68: 0 | Q68: 0 | R68: 0 | S68: 0 | T68: 0 | U68: 0 | V68: 0 | W68: 1 | X68: 0 | Y68: 0 | Z68: 1 | AA68: 0 | AB68: 0 | AC68: =SUM(E68:AB68) -> 7
B69: 6 | C69: IKE PREDITA FIKTARYANA | E69: 0 | F69: 0 | G69: 0 | H69: 0 | I69: 0 | J69: 1 | K69: 1 | L69: 0 | M69: 0 | N69: 0 | O69: 0 | P69: 0 | Q69: 0 | R69: 0 | S69: 0 | T69: 0 | U69: 0 | V69: 0 | W69: 0 | X69: 0 | Y69: 0 | Z69: 0 | AA69: 0 | AB69: 0 | AC69: =SUM(E69:AB69) -> 2
A70: B | B70: JUMLAH SUARA SAH PARTAI POLITIK DAN CALON (A1 + A2) | E70: =SUM(E63:E69) -> 19 | F70: =SUM(F63:F69) -> 18 | G70: =SUM(G63:G69) -> 22 | H70: =SUM(H63:H69) -> 49 | I70: =SUM(I63:I69) -> 54 | J70: =SUM(J63:J69) -> 19 | K70: =SUM(K63:K69) -> 17 | L70: =SUM(L63:L69) -> 18 | ... AB70: =SUM(AB63:AB69) -> 14 | AC70: =SUM(E70:AB70) -> 709
AC71: =SUM(E71:AB71) -> 0
A72: A.1 | B72: 4. | C72: Partai Golongan Karya | E72: 6 | F72: 7 | G72: 4 | H72: 12 | I72: 6 | J72: 2 | K72: 7 | L72: 12 | M72: 4 | N72: 5 | O72: 1 | P72: 2 | Q72: 3 | R72: 3 | S72: 4 | T72: 7 | U72: 5 | V72: 3 | W72: 2 | X72: 2 | Y72: 12 | Z72: 7 | AA72: 1 | AB72: 3 | AC72: =SUM(E72:AB72) -> 120
A73: A.2 | B73: 1 | C73: SOFIANDI SUSIADI, A.MD. | E73: 14 | F73: 16 | G73: 32 | H73: 21 | I73: 31 | J73: 24 | K73: 51 | L73: 72 | M73: 53 | N73: 5 | O73: 32 | P73: 12 | Q73: 70 | R73: 62 | S73: 20 | T73: 17 | U73: 11 | V73: 12 | W73: 6 | X73: 6 | Y73: 56 | Z73: 46 | AA73: 14 | AB73: 13 | AC73: =SUM(E73:AB73) -> 696
B74: 2 | C74: SUHAERI, S.PD. | E74: 0 | F74: 0 | G74: 0 | H74: 1 | I74: 2 | J74: 0 | K74: 0 | L74: 0 | M74: 1 | N74: 1 | O74: 0 | P74: 0 | Q74: 0 | R74: 1 | S74: 1 | T74: 1 | U74: 0 | V74: 1 | W74: 0 | X74: 2 | Y74: 1 | Z74: 0 | AA74: 1 | AB74: 0 | AC74: =SUM(E74:AB74) -> 13
B75: 3 | C75: SITI MAHMUDAH, S.SOS. | E75: 0 | F75: 0 | G75: 0 | H75: 0 | I75: 0 | J75: 1 | K75: 0 | L75: 0 | M75: 1 | N75: 0 | O75: 0 | P75: 0 | Q75: 1 | R75: 0 | S75: 0 | T75: 0 | U75: 0 | V75: 0 | W75: 1 | X75: 0 | Y75: 1 | Z75: 0 | AA75: 0 | AB75: 0 | AC75: =SUM(E75:AB75) -> 5
B76: 4 | C76: HENI KOMISATUN | E76: 1 | F76: 0 | G76: 0 | H76: 0 | I76: 0 | J76: 0 | K76: 0 | L76: 0 | M76: 1 | N76: 0 | O76: 1 | P76: 0 | Q76: 0 | R76: 0 | S76: 0 | T76: 0 | U76: 0 | V76: 0 | W76: 0 | X76: 0 | Y76: 1 | Z76: 0 | AA76: 0 | AB76: 0 | AC76: =SUM(E76:AB76) -> 4
B77: 5 | C77: KUSYONO | E77: 0 | F77: 0 | G77: 0 | H77: 0 | I77: 0 | J77: 0 | K77: 0 | L77: 1 | M77: 0 | N77: 0 | O77: 1 | P77: 0 | Q77: 0 | R77: 0 | S77: 0 | T77: 0 | U77: 0 | V77: 0 | W77: 0 | X77: 0 | Y77: 0 | Z77: 2 | AA77: 1 | AB77: 0 | AC77: =SUM(E77:AB77) -> 5
B78: 6 | C78: SUROSO | E78: 0 | F78: 0 | G78: 0 | H78: 0 | I78: 0 | J78: 0 | K78: 0 | L78: 0 | M78: 0 | N78: 0 | O78: 0 | P78: 0 | Q78: 0 | R78: 1 | S78: 0 | T78: 0 | U78: 0 | V78: 0 | W78: 0 | X78: 0 | Y78: 0 | Z78: 0 | AA78: 0 | AB78: 0 | AC78: =SUM(E78:AB78) -> 1
A79: B | B79: JUMLAH SUARA SAH PARTAI POLITIK DAN CALON (A1 + A2) | E79: =SUM(E72:E78) -> 21 | F79: =SUM(F72:F78) -> 23 | G79: =SUM(G72:G78) -> 36 | H79: =SUM(H72:H78) -> 34 | I79: =SUM(I72:I78) -> 39 | J79: =SUM(J72:J78) -> 27 | K79: =SUM(K72:K78) -> 58 | L79: =SUM(L72:L78) -> 85 | ... AB79: =SUM(AB72:AB78) -> 16 | AC79: =SUM(E79:AB79) -> 844
AC80: =SUM(E80:AB80) -> 0
A81: A.1 | B81: 5. | C81: Partai NasDem | E81: 0 | F81: 0 | G81: 0 | H81: 1 | I81: 0 | J81: 1 | K81: 2 | L81: 0 | M81: 3 | N81: 3 | O81: 0 | P81: 1 | Q81: 0 | R81: 2 | S81: 0 | T81: 4 | U81: 2 | V81: 0 | W81: 1 | X81: 0 | Y81: 1 | Z81: 0 | AA81: 1 | AB81: 0 | AC81: =SUM(E81:AB81) -> 22
A82: A.2 | B82: 1 | C82: ABU SUFYAN, S.E., S.T., M.SI., M.ARS. | E82: 0 | F82: 0 | G82: 3 | H82: 2 | I82: 2 | J82: 4 | K82: 2 | L82: 1 | M82: 1 | N82: 9 | O82: 0 | P82: 1 | Q82: 0 | R82: 2 | S82: 39 | T82: 19 | U82: 11 | V82: 24 | W82: 8 | X82: 10 | Y82: 4 | Z82: 0 | AA82: 0 | AB82: 0 | AC82: =SUM(E82:AB82) -> 142
B83: 2 | C83: LUKMAN HAKIM | E83: 0 | F83: 1 | G83: 0 | H83: 0 | I83: 0 | J83: 2 | K83: 0 | L83: 0 | M83: 0 | N83: 0 | O83: 1 | P83: 0 | Q83: 0 | R83: 0 | S83: 1 | T83: 0 | U83: 0 | V83: 1 | W83: 1 | X83: 0 | Y83: 0 | Z83: 0 | AA83: 0 | AB83: 0 | AC83: =SUM(E83:AB83) -> 7
B84: 3 | C84: DEWI WULANDARI | E84: 0 | F84: 0 | G84: 0 | H84: 0 | I84: 0 | J84: 0 | K84: 0 | L84: 0 | M84: 0 | N84: 0 | O84: 0 | P84: 0 | Q84: 0 | R84: 0 | S84: 0 | T84: 2 | U84: 0 | V84: 0 | W84: 1 | X84: 1 | Y84: 0 | Z84: 0 | AA84: 0 | AB84: 0 | AC84: =SUM(E84:AB84) -> 4
B85: 4 | C85: JAENURI | E85: 0 | F85: 0 | G85: 0 | H85: 0 | I85: 0 | J85: 0 | K85: 0 | L85: 0 | M85: 0 | N85: 0 | O85: 1 | P85: 0 | Q85: 0 | R85: 0 | S85: 0 | T85: 0 | U85: 0 | V85: 0 | W85: 0 | X85: 0 | Y85: 0 | Z85: 0 | AA85: 0 | AB85: 0 | AC85: =SUM(E85:AB85) -> 1
B86: 5 | C86: TRI DINDA LESTARI | E86: 0 | F86: 0 | G86: 0 | H86: 0 | I86: 1 | J86: 0 | K86: 0 | L86: 0 | M86: 0 | N86: 0 | O86: 0 | P86: 0 | Q86: 0 | R86: 1 | S86: 0 | T86: 0 | U86: 0 | V86: 2 | W86: 0 | X86: 0 | Y86: 0 | Z86: 0 | AA86: 0 | AB86: 0 | AC86: =SUM(E86:AB86) -> 4
B87: 6 | C87: AGUS SETIAWAN, A.MD. | E87: 0 | F87: 0 | G87: 0 | H87: 0 | I87: 0 | J87: 0 | K87: 1 | L87: 0 | M87: 0 | N87: 0 | O87: 0 | P87: 0 | Q87: 0 | R87: 0 | S87: 0 | T87: 0 | U87: 1 | V87: 0 | W87: 1 | X87: 0 | Y87: 0 | Z87: 0 | AA87: 0 | AB87: 0 | AC87: =SUM(E87:AB87) -> 3
A88: B | B88: JUMLAH SUARA SAH PARTAI POLITIK DAN CALON (A1 + A2) | E88: =SUM(E81:E87) -> 0 | F88: =SUM(F81:F87) -> 1 | G88: =SUM(G81:G87) -> 3 | H88: =SUM(H81:H87) -> 3 | I88: =SUM(I81:I87) -> 3 | J88: =SUM(J81:J87) -> 7 | K88: =SUM(K81:K87) -> 5 | L88: =SUM(L81:L87) -> 1 | ... AB88: =SUM(AB81:AB87) -> 0 | AC88: =SUM(E88:AB88) -> 183
AC89: =SUM(E89:AB89) -> 0
A90: A.1 | B90: 6. | C90: Partai Buruh | E90: 0 | F90: 1 | G90: 0 | H90: 0 | I90: 3 | J90: 0 | K90: 0 | L90: 0 | M90: 0 | N90: 0 | O90: 0 | P90: 0 | Q90: 2 | R90: 0 | S90: 0 | T90: 1 | U90: 0 | V90: 0 | W90: 2 | X90: 0 | Y90: 0 | Z90: 2 | AA90: 1 | AB90: 4 | AC90: =SUM(E90:AB90) -> 16
B91: 1 | C91: AHMAD MIKKO SYAHRIAL | E91: 0 | F91: 1 | G91: 0 | H91: 0 | I91: 0 | J91: 0 | K91: 0 | L91: 0 | M91: 0 | N91: 0 | O91: 0 | P91: 0 | Q91: 1 | R91: 0 | S91: 0 | T91: 0 | U91: 0 | V91: 0 | W91: 0 | X91: 0 | Y91: 0 | Z91: 2 | AA91: 0 | AB91: 0 | AC91: =SUM(E91:AB91) -> 4
B92: 2 | C92: SITI NURJANNAH | E92: 1 | F92: 0 | G92: 0 | H92: 0 | I92: 0 | J92: 0 | K92: 0 | L92: 0 | M92: 0 | N92: 0 | O92: 0 | P92: 0 | Q92: 0 | R92: 0 | S92: 0 | T92: 0 | U92: 0 | V92: 0 | W92: 0 | X92: 0 | Y92: 1 | Z92: 0 | AA92: 0 | AB92: 0 | AC92: =SUM(E92:AB92) -> 2
A93: A.2 | B93: 3 | C93: RUDI CHRISTIAWAN | E93: 0 | F93: 0 | G93: 0 | H93: 0 | I93: 0 | J93: 0 | K93: 1 | L93: 0 | M93: 0 | N93: 0 | O93: 0 | P93: 0 | Q93: 0 | R93: 0 | S93: 0 | T93: 0 | U93: 0 | V93: 0 | W93: 0 | X93: 0 | Y93: 0 | Z93: 0 | AA93: 0 | AB93: 0 | AC93: =SUM(E93:AB93) -> 1
A94: B | B94: JUMLAH SUARA SAH PARTAI POLITIK DAN CALON (A1 + A2) | E94: =SUM(E90:E93) -> 1 | F94: =SUM(F90:F93) -> 2 | G94: =SUM(G90:G93) -> 0 | H94: =SUM(H90:H93) -> 0 | I94: =SUM(I90:I93) -> 3 | J94: =SUM(J90:J93) -> 0 | K94: =SUM(K90:K93) -> 1 | L94: =SUM(L90:L93) -> 0 | ... AB94: =SUM(AB90:AB93) -> 4 | AC94: =SUM(E94:AB94) -> 23
AC95: =SUM(E95:AB95) -> 0
A96: A.1 | B96: 7. | C96: Partai Gelombang Rakyat Indonesia | E96: 0 | F96: 0 | G96: 0 | H96: 1 | I96: 1 | J96: 0 | K96: 0 | L96: 0 | M96: 0 | N96: 0 | O96: 2 | P96: 0 | Q96: 1 | R96: 0 | S96: 0 | T96: 0 | U96: 0 | V96: 0 | W96: 1 | X96: 0 | Y96: 0 | Z96: 0 | AA96: 1 | AB96: 0 | AC96: =SUM(E96:AB96) -> 7
A97: A.2 | B97: 1 | C97: LUTFIYAH | E97: 0 | F97: 0 | G97: 0 | H97: 0 | I97: 0 | J97: 0 | K97: 0 | L97: 1 | M97: 1 | N97: 1 | O97: 0 | P97: 0 | Q97: 0 | R97: 0 | S97: 0 | T97: 0 | U97: 0 | V97: 0 | W97: 0 | X97: 0 | Y97: 0 | Z97: 1 | AA97: 0 | AB97: 0 | AC97: =SUM(E97:AB97) -> 4
B98: 2 | C98: NURMANSYAH | E98: 1 | F98: 0 | G98: 0 | H98: 1 | I98: 0 | J98: 0 | K98: 0 | L98: 0 | M98: 0 | N98: 0 | O98: 0 | P98: 0 | Q98: 0 | R98: 0 | S98: 0 | T98: 0 | U98: 0 | V98: 0 | W98: 0 | X98: 0 | Y98: 0 | Z98: 0 | AA98: 0 | AB98: 0 | AC98: =SUM(E98:AB98) -> 2
A99: B | B99: JUMLAH SUARA SAH PARTAI POLITIK DAN CALON (A1 + A2) | E99: =SUM(E96:E98) -> 1 | F99: =SUM(F96:F98) -> 0 | G99: =SUM(G96:G98) -> 0 | H99: =SUM(H96:H98) -> 2 | I99: =SUM(I96:I98) -> 1 | J99: =SUM(J96:J98) -> 0 | K99: =SUM(K96:K98) -> 0 | L99: =SUM(L96:L98) -> 1 | ... AB99: =SUM(AB96:AB98) -> 0 | AC99: =SUM(E99:AB99) -> 13
AC100: =SUM(E100:AB100) -> 0
A101: A.1 | B101: 8. | C101: Partai Keadilan Sejahtera | E101: 0 | F101: 0 | G101: 1 | H101: 1 | I101: 0 | J101: 1 | K101: 1 | L101: 1 | M101: 0 | N101: 1 | O101: 0 | P101: 1 | Q101: 1 | R101: 1 | S101: 0 | T101: 1 | U101: 1 | V101: 0 | W101: 1 | X101: 1 | Y101: 0 | Z101: 0 | AA101: 0 | AB101: 0 | AC101: =SUM(E101:AB101) -> 13
A102: A.2 | B102: 1 | C102: ANHARUDIN, S.PD.I. | E102: 0 | F102: 1 | G102: 0 | H102: 2 | I102: 0 | J102: 1 | K102: 0 | L102: 1 | M102: 2 | N102: 0 | O102: 4 | P102: 6 | Q102: 0 | R102: 0 | S102: 4 | T102: 5 | U102: 1 | V102: 1 | W102: 2 | X102: 1 | Y102: 0 | Z102: 1 | AA102: 0 | AB102: 0 | AC102: =SUM(E102:AB102) -> 32
B103: 2 | C103: NASUKI SYAMSUL, S.H. | E103: 0 | F103: 0 | G103: 0 | H103: 1 | I103: 1 | J103: 0 | K103: 0 | L103: 1 | M103: 0 | N103: 0 | O103: 0 | P103: 0 | Q103: 0 | R103: 0 | S103: 0 | T103: 0 | U103: 0 | V103: 0 | W103: 0 | X103: 0 | Y103: 0 | Z103: 1 | AA103: 0 | AB103: 0 | AC103: =SUM(E103:AB103) -> 4
B104: 3 | C104: LAILATUR ROSYIDAH | E104: 1 | F104: 0 | G104: 0 | H104: 0 | I104: 0 | J104: 0 | K104: 1 | L104: 0 | M104: 0 | N104: 0 | O104: 0 | P104: 0 | Q104: 0 | R104: 0 | S104: 0 | T104: 0 | U104: 1 | V104: 0 | W104: 1 | X104: 0 | Y104: 0 | Z104: 0 | AA104: 0 | AB104: 0 | AC104: =SUM(E104:AB104) -> 4
B105: 4 | C105: ALI MANSUR, S.T. | E105: 0 | F105: 0 | G105: 0 | H105: 0 | I105: 0 | J105: 0 | K105: 0 | L105: 0 | M105: 0 | N105: 0 | O105: 0 | P105: 0 | Q105: 0 | R105: 0 | S105: 0 | T105: 0 | U105: 0 | V105: 0 | W105: 0 | X105: 0 | Y105: 0 | Z105: 0 | AA105: 0 | AB105: 0 | AC105: =SUM(E105:AB105) -> 0
B106: 5 | C106: ALFIRA ROSALIANA | E106: 0 | F106: 0 | G106: 0 | H106: 0 | I106: 0 | J106: 0 | K106: 0 | L106: 0 | M106: 0 | N106: 0 | O106: 0 | P106: 0 | Q106: 0 | R106: 0 | S106: 0 | T106: 0 | U106: 0 | V106: 0 | W106: 0 | X106: 0 | Y106: 0 | Z106: 0 | AA106: 0 | AB106: 0 | AC106: =SUM(E106:AB106) -> 0
B107: 6 | C107: WILDA GUSFIYANTI AZIZ, S.A. | E107: 0 | F107: 0 | G107: 0 | H107: 0 | I107: 0 | J107: 0 | K107: 0 | L107: 0 | M107: 0 | N107: 0 | O107: 0 | P107: 0 | Q107: 0 | R107: 0 | S107: 0 | T107: 0 | U107: 1 | V107: 0 | W107: 0 | X107: 0 | Y107: 0 | Z107: 0 | AA107: 0 | AB107: 0 | AC107: =SUM(E107:AB107) -> 1
A108: B | B108: JUMLAH SUARA SAH PARTAI POLITIK DAN CALON (A1 + A2) | E108: =SUM(E101:E107) -> 1 | F108: =SUM(F101:F107) -> 1 | G108: =SUM(G101:G107) -> 1 | H108: =SUM(H101:H107) -> 4 | I108: =SUM(I101:I107) -> 1 | J108: =SUM(J101:J107) -> 2 | K108: =SUM(K101:K107) -> 2 | L108: =SUM(L101:L107) -> 3 | ... AB108: =SUM(AB101:AB107) -> 0 | AC108: =SUM(E108:AB108) -> 54
AC109: =SUM(E109:AB109) -> 0
A110: A.1 | B110: 9. | C110: Partai Kebangkitan Nusantara | E110: 1 | F110: 0 | G110: 0 | H110: 0 | I110: 1 | J110: 0 | K110: 0 | L110: 0 | M110: 0 | N110: 0 | O110: 0 | P110: 0 | Q110: 0 | R110: 0 | S110: 0 | T110: 0 | X110: 1 | AC110: =SUM(E110:AB110) -> 3
B111: 1 | C111: NANANG HENDIK ROBBY A.S. | E111: 0 | F111: 0 | G111: 0 | H111: 0 | I111: 0 | J111: 0 | K111: 0 | L111: 0 | M111: 0 | N111: 0 | O111: 0 | P111: 0 | Q111: 0 | R111: 0 | S111: 0 | T111: 0 | AC111: =SUM(E111:AB111) -> 0
...

Sheet SRATEN
C2: Kecamatan | D2: CLURING
C3: Kabupaten | D3: BANYUWANGI
C4: Provinsi | D4: JAWA TIMUR
C9: Kelurahan | D9: SRATEN
A12: I | B12: DATA PEMILIH DAN PENGGUNAAN HAK PILIH | AB12: JUMLAH AKHIR
A13: A | B13: DATA PEMILIH | E13: TPS 001 | F13: TPS 002 | G13: TPS 003 | H13: TPS 004 | I13: TPS 005 | J13: TPS 006 | K13: TPS 007 | L13: TPS 008 | M13: TPS 009 | N13: TPS 010 | O13: TPS 011 | P13: TPS 012 | Q13: TPS 013 | R13: TPS 014 | S13: TPS 015 | T13: TPS 016 | U13: TPS 017 | V13: TPS 018 | W13: TPS 019 | X13: TPS 020 | Y13: TPS 021 | Z13: TPS 022 | AA13: TPS 023
B14: Jumlah Pemilih dalam Daftar Pemilih Tetap (DPT) | D14: LK | E14: 135 | F14: 130 | G14: 151 | H14: 136 | I14: 149 | J14: 146 | K14: 143 | L14: 132 | M14: 144 | N14: 119 | O14: 124 | P14: 100 | Q14: 136 | R14: 142 | S14: 139 | T14: 156 | U14: 104 | V14: 146 | W14: 124 | X14: 153 | Y14: 155 | Z14: 136 | AA14: 141 | AB14: =SUM(E14:AA14) -> 3141
D15: PR | E15: 150 | F15: 148 | G15: 128 | H15: 141 | I15: 138 | J15: 142 | K15: 152 | L15: 164 | M15: 128 | N15: 111 | O15: 123 | P15: 96 | Q15: 121 | R15: 153 | S15: 152 | T15: 138 | U15: 108 | V15: 137 | W15: 130 | X15: 143 | Y15: 134 | Z15: 153 | AA15: 150 | AB15: =SUM(E15:AA15) -> 3140
D16: JML | E16: =SUM(E14:E15) -> 285 | F16: =SUM(F14:F15) -> 278 | G16: =SUM(G14:G15) -> 279 | H16: =SUM(H14:H15) -> 277 | I16: =SUM(I14:I15) -> 287 | J16: =SUM(J14:J15) -> 288 | K16: =SUM(K14:K15) -> 295 | L16: =SUM(L14:L15) -> 296 | ... AA16: =SUM(AA14:AA15) -> 291 | AB16: =SUM(E16:AA16) -> 6281
A18: B | B18: PENGGUNA HAK PILIH
B19: 1. | C19: Jumlah pengguna hak pilih dalam Daftar Pemilih Tetap (DPT) | D19: LK | E19: 108 | F19: 96 | G19: 113 | H19: 97 | I19: 109 | J19: 95 | K19: 94 | L19: 88 | M19: 99 | N19: 87 | O19: 90 | P19: 68 | Q19: 100 | R19: 110 | S19: 106 | T19: 108 | U19: 86 | V19: 119 | W19: 94 | X19: 113 | Y19: 113 | Z19: 101 | AA19: 100 | AB19: =SUM(E19:AA19) -> 2294
D20: PR | E20: 123 | F20: 122 | G20: 97 | H20: 113 | I20: 116 | J20: 111 | K20: 115 | L20: 125 | M20: 90 | N20: 81 | O20: 105 | P20: 73 | Q20: 101 | R20: 126 | S20: 127 | T20: 113 | U20: 90 | V20: 119 | W20: 112 | X20: 124 | Y20: 103 | Z20: 110 | AA20: 121 | AB20: =SUM(E20:AA20) -> 2517
D21: JML | E21: 231 | F21: 218 | G21: 210 | H21: 210 | I21: 225 | J21: 206 | K21: 209 | L21: 213 | M21: 189 | N21: 168 | O21: 195 | P21: 141 | Q21: 201 | R21: 236 | S21: 233 | T21: 221 | U21: 176 | V21: 238 | W21: 206 | X21: 237 | Y21: 216 | Z21: 211 | AA21: 221 | AB21: =SUM(E21:AA21) -> 4811
B22: 2. | C22: Jumlah pengguna hak pilih dalam Daftar Pemilih Tambahan (DPTb) | D22: LK | E22: 1 | F22: 0 | G22: 0 | H22: 0 | I22: 2 | J22: 0 | K22: 0 | L22: 0 | M22: 0 | N22: 0 | O22: 0 | P22: 0 | Q22: 0 | R22: 1 | S22: 0 | T22: 0 | U22: 0 | V22: 0 | W22: 0 | X22: 0 | Y22: 0 | Z22: 0 | AA22: 0 | AB22: =SUM(E22:AA22) -> 4
D23: PR | E23: 0 | F23: 0 | G23: 0 | H23: 0 | I23: 0 | J23: 0 | K23: 0 | L23: 0 | M23: 0 | N23: 0 | O23: 0 | P23: 0 | Q23: 0 | R23: 1 | S23: 0 | T23: 0 | U23: 0 | V23: 0 | W23: 0 | X23: 0 | Y23: 0 | Z23: 0 | AA23: 0 | AB23: =SUM(E23:AA23) -> 1
D24: JML | E24: =SUM(E22:E23) -> 1 | F24: =SUM(F22:F23) -> 0 | G24: =SUM(G22:G23) -> 0 | H24: =SUM(H22:H23) -> 0 | I24: =SUM(I22:I23) -> 2 | J24: =SUM(J22:J23) -> 0 | K24: =SUM(K22:K23) -> 0 | L24: =SUM(L22:L23) -> 0 | ... AA24: =SUM(AA22:AA23) -> 0 | AB24: =SUM(E24:AA24) -> 5
B25: 3. | C25: Jumlah pengguna hak pilih dalam Daftar Pemilih Khusus (DPK) | D25: LK | E25: 5 | F25: 2 | G25: 2 | H25: 4 | I25: 0 | J25: 2 | K25: 0 | L25: 1 | M25: 1 | N25: 1 | O25: 0 | P25: 0 | Q25: 0 | R25: 1 | S25: 0 | T25: 3 | U25: 0 | V25: 2 | W25: 0 | X25: 1 | Y25: 0 | Z25: 0 | AA25: 0 | AB25: =SUM(E25:AA25) -> 25
D26: PR | E26: 4 | F26: 5 | G26: 4 | H26: 4 | I26: 4 | J26: 2 | K26: 0 | L26: 0 | M26: 1 | N26: 4 | O26: 0 | P26: 0 | Q26: 1 | R26: 0 | S26: 0 | T26: 3 | U26: 0 | V26: 1 | W26: 1 | X26: 0 | Y26: 0 | Z26: 0 | AA26: 0 | AB26: =SUM(E26:AA26) -> 34
D27: JML | E27: 9 | F27: 7 | G27: 6 | H27: 8 | I27: 4 | J27: 4 | K27: 0 | L27: 1 | M27: 2 | N27: 5 | O27: 0 | P27: 0 | Q27: 1 | R27: 1 | S27: 0 | T27: 6 | U27: 0 | V27: 3 | W27: 1 | X27: 1 | Y27: 0 | Z27: 0 | AA27: 0 | AB27: =SUM(E27:AA27) -> 59
B28: 4. | C28: Jumlah Pengguna Hak Pilih (B.1+B.2+B.3) | D28: LK | E28: =E19+E22+E25 -> 114 | F28: =F19+F22+F25 -> 98 | G28: =G19+G22+G25 -> 115 | H28: =H19+H22+H25 -> 101 | I28: =I19+I22+I25 -> 111 | J28: =J19+J22+J25 -> 97 | K28: =K19+K22+K25 -> 94 | L28: =L19+L22+L25 -> 89 | ... AA28: =AA19+AA22+AA25 -> 100 | AB28: =SUM(E28:AA28) -> 2323
D29: PR | E29: =E20+E23+E26 -> 127 | F29: =F20+F23+F26 -> 127 | G29: =G20+G23+G26 -> 101 | H29: =H20+H23+H26 -> 117 | I29: =I20+I23+I26 -> 120 | J29: =J20+J23+J26 -> 113 | K29: =K20+K23+K26 -> 115 | L29: =L20+L23+L26 -> 125 | ... AA29: =AA20+AA23+AA26 -> 121 | AB29: =SUM(E29:AA29) -> 2552
D30: JML | E30: =SUM(E28:E29) -> 241 | F30: =SUM(F28:F29) -> 225 | G30: =SUM(G28:G29) -> 216 | H30: =SUM(H28:H29) -> 218 | I30: =SUM(I28:I29) -> 231 | J30: =SUM(J28:J29) -> 210 | K30: =SUM(K28:K29) -> 209 | L30: =SUM(L28:L29) -> 214 | ... AA30: =SUM(AA28:AA29) -> 221 | AB30: =SUM(E30:AA30) -> 4875
A32: II | B32: DATA PENGGUNAAN SURAT SUARA
A33: 1 | B33: Jumlah surat suara yang diterima, termasuk surat suara cadangan 2,5% dari DPT | E33: 271 | F33: 284 | G33: 286 | H33: 283 | I33: 293 | J33: 294 | K33: 300 | L33: 302 | M33: 278 | N33: 235 | O33: 252 | P33: 200 | Q33: 263 | R33: 301 | S33: 297 | T33: 300 | U33: 237 | V33: 289 | W33: 260 | X33: 322 | Y33: 300 | Z33: 305 | AA33: 307 | AB33: =SUM(E33:AA33) -> 6459
A34: 2 | B34: Jumlah surat suara yang digunakan | E34: 241 | F34: 225 | G34: 216 | H34: 218 | I34: 231 | J34: 210 | K34: 209 | L34: 214 | M34: 191 | N34: 173 | O34: 195 | P34: 141 | Q34: 202 | R34: 239 | S34: 233 | T34: 227 | U34: 176 | V34: 241 | W34: 207 | X34: 238 | Y34: 216 | Z34: 211 | AA34: 221 | AB34: =SUM(E34:AA34) -> 4875
A35: 3 | B35: Jumlah surat suara dikembalikan oleh pemilih (karena rusak atau keliru coblos) | E35: 0 | F35: 0 | G35: 0 | H35: 0 | I35: 0 | J35: 0 | K35: 1 | L35: 1 | M35: 1 | N35: 0 | O35: 0 | P35: 0 | Q35: 0 | R35: 0 | S35: 3 | T35: 0 | U35: 0 | V35: 2 | W35: 2 | X35: 0 | Y35: 0 | Z35: 0 | AA35: 0 | AB35: =SUM(E35:AA35) -> 10
A36: 4 | B36: Jumlah surat suara yang tidak digunakan/tidak terpakai, termasuk sisa surat suara cadangan | E36: =E33-E34-E35 -> 30 | F36: =F33-F34-F35 -> 59 | G36: =G33-G34-G35 -> 70 | H36: =H33-H34-H35 -> 65 | I36: =I33-I34-I35 -> 62 | J36: =J33-J34-J35 -> 84 | K36: =K33-K34-K35 -> 90 | L36: =L33-L34-L35 -> 87 | ... AA36: =AA33-AA34-AA35 -> 86 | AB36: =SUM(E36:AA36) -> 1574
A38: III | B38: DATA PEMILIH DISABILITAS
B39: Jumlah seluruh Pemilih disabilitas yang menggunakan hak pilih | D39: LK | E39: 0 | F39: 0 | G39: 0 | H39: 0 | I39: 0 | J39: 0 | K39: 1 | L39: 0 | M39: 1 | N39: 0 | O39: 0 | P39: 0 | Q39: 0 | R39: 0 | S39: 0 | T39: 0 | U39: 0 | V39: 1 | W39: 0 | X39: 0 | Y39: 0 | Z39: 0 | AA39: 0 | AB39: =SUM(E39:AA39) -> 3
D40: PR | E40: 0 | F40: 0 | G40: 0 | H40: 0 | I40: 0 | J40: 1 | K40: 4 | L40: 0 | M40: 0 | N40: 0 | O40: 0 | P40: 0 | Q40: 0 | R40: 0 | S40: 0 | T40: 0 | U40: 0 | V40: 0 | W40: 0 | X40: 0 | Y40: 0 | Z40: 0 | AA40: 0 | AB40: =SUM(E40:AA40) -> 5
D41: JML | E41: =SUM(E39:E40) -> 0 | F41: =SUM(F39:F40) -> 0 | G41: =SUM(G39:G40) -> 0 | H41: =SUM(H39:H40) -> 0 | I41: =SUM(I39:I40) -> 0 | J41: =SUM(J39:J40) -> 1 | K41: =SUM(K39:K40) -> 5 | L41: =SUM(L39:L40) -> 0 | ... AA41: =SUM(AA39:AA40) -> 0 | AB41: =SUM(E41:AA41) -> 8
A43: IV | B43: DATA RINCIAN PEROLEHAN SUARA PASANGAN CALON BUPATI DAN WAKIL BUPATI
A44: NOMOR DAN NAMA CALON
A45: A.1 | B45: 1. | C45: Partai Kebangkitan Bangsa | E45: 5 | F45: 10 | G45: 12 | H45: 6 | I45: 6 | J45: 8 | K45: 10 | L45: 14 | M45: 5 | N45: 5 | O45: 12 | P45: 7 | Q45: 11 | R45: 8 | S45: 8 | T45: 6 | U45: 6 | V45: 2 | W45: 10 | X45: 6 | Y45: 8 | Z45: 12 | AA45: 9 | AB45: =SUM(E45:AA45) -> 186
A46: A.2 | B46: 1 | C46: KH. MUHAMMAD RIZA AZIZY, M.IEB. | E46: 5 | F46: 4 | G46: 5 | H46: 7 | I46: 5 | J46: 4 | K46: 1 | L46: 2 | M46: 6 | N46: 3 | O46: 14 | P46: 8 | Q46: 3 | R46: 6 | S46: 3 | T46: 2 | U46: 4 | V46: 3 | W46: 4 | X46: 4 | Y46: 9 | Z46: 6 | AA46: 12 | AB46: =SUM(E46:AA46) -> 120
B47: 2 | C47: INAYANTI KUSUMASARI, S.E. | E47: 90 | F47: 72 | G47: 96 | H47: 101 | I47: 111 | J47: 90 | K47: 100 | L47: 119 | M47: 89 | N47: 54 | O47: 81 | P47: 45 | Q47: 90 | R47: 67 | S47: 56 | T47: 22 | U47: 41 | V47: 86 | W47: 131 | X47: 98 | Y47: 69 | Z47: 66 | AA47: 67 | AB47: =SUM(E47:AA47) -> 1841
B48: 3 | C48: TOPAN HADI SUCIPTO, S.H. | E48: 2 | F48: 0 | G48: 0 | H48: 0 | I48: 0 | J48: 0 | K48: 1 | L48: 1 | M48: 0 | N48: 1 | O48: 0 | P48: 1 | Q48: 0 | R48: 0 | S48: 0 | T48: 1 | U48: 0 | V48: 1 | W48: 1 | X48: 0 | Y48: 1 | Z48: 0 | AA48: 1 | AB48: =SUM(E48:AA48) -> 11
B49: 4 | C49: HAULA KARIMA AKBAR, S.PD. | E49: 0 | F49: 0 | G49: 0 | H49: 0 | I49: 0 | J49: 0 | K49: 0 | L49: 0 | M49: 1 | N49: 0 | O49: 0 | P49: 0 | Q49: 0 | R49: 1 | S49: 0 | T49: 0 | U49: 0 | V49: 0 | W49: 0 | X49: 0 | Y49: 0 | Z49: 0 | AA49: 0 | AB49: =SUM(E49:AA49) -> 2
B50: 5 | C50: SUGENG HARYONO | E50: 0 | F50: 0 | G50: 0 | H50: 0 | I50: 0 | J50: 0 | K50: 0 | L50: 0 | M50: 0 | N50: 0 | O50: 0 | P50: 0 | Q50: 0 | R50: 0 | S50: 0 | T50: 0 | U50: 0 | V50: 0 | W50: 0 | X50: 1 | Y50: 0 | Z50: 0 | AA50: 0 | AB50: =SUM(E50:AA50) -> 1
B51: 6 | C51: MOH. RIYADUS SHOLIHIN, A.MD. | E51: 1 | F51: 0 | G51: 0 | H51: 1 | I51: 1 | J51: 0 | K51: 0 | L51: 0 | M51: 0 | N51: 1 | O51: 1 | P51: 2 | Q51: 1 | R51: 0 | S51: 9 | T51: 23 | U51: 1 | V51: 7 | W51: 1 | X51: 1 | Y51: 3 | Z51: 0 | AA51: 1 | AB51: =SUM(E51:AA51) -> 54
A52: B | B52: JUMLAH SUARA SAH PARTAI POLITIK DAN CALON (A1 + A2) | E52: =SUM(E45:E51) -> 103 | F52: =SUM(F45:F51) -> 86 | G52: =SUM(G45:G51) -> 113 | H52: =SUM(H45:H51) -> 115 | I52: =SUM(I45:I51) -> 123 | J52: =SUM(J45:J51) -> 102 | K52: =SUM(K45:K51) -> 112 | L52: =SUM(L45:L51) -> 136 | ... AA52: =SUM(AA45:AA51) -> 90 | AB52: =SUM(E52:AA52) -> 2215
AB53: =SUM(E53:AA53) -> 0
A54: A.1 | B54: 2. | C54: Partai Gerakan Indonesia Raya | E54: 3 | F54: 10 | G54: 6 | H54: 6 | I54: 3 | J54: 6 | K54: 6 | L54: 6 | M54: 9 | N54: 3 | O54: 7 | P54: 6 | Q54: 8 | R54: 13 | S54: 8 | T54: 8 | U54: 8 | V54: 13 | W54: 10 | X54: 5 | Y54: 2 | Z54: 5 | AA54: 9 | AB54: =SUM(E54:AA54) -> 160
A55: A.2 | B55: 1 | C55: AGUNG SUBASTIAN | E55: 10 | F55: 9 | G55: 0 | H55: 2 | I55: 3 | J55: 9 | K55: 1 | L55: 4 | M55: 2 | N55: 6 | O55: 3 | P55: 16 | Q55: 32 | R55: 37 | S55: 14 | T55: 6 | U55: 53 | V55: 54 | W55: 16 | X55: 9 | Y55: 8 | Z55: 2 | AA55: 3 | AB55: =SUM(E55:AA55) -> 299
B56: 2 | C56: ABDUL HAMID | E56: 3 | F56: 2 | G56: 0 | H56: 1 | I56: 2 | J56: 2 | K56: 1 | L56: 1 | M56: 2 | N56: 1 | O56: 0 | P56: 1 | Q56: 0 | R56: 5 | S56: 4 | T56: 0 | U56: 2 | V56: 2 | W56: 2 | X56: 6 | Y56: 1 | Z56: 3 | AA56: 4 | AB56: =SUM(E56:AA56) -> 45
B57: 3 | C57: NUR ALVI NAZIMAH | E57: 0 | F57: 0 | G57: 0 | H57: 0 | I57: 0 | J57: 1 | K57: 0 | L57: 0 | M57: 1 | N57: 0 | O57: 1 | P57: 0 | Q57: 0 | R57: 0 | S57: 0 | T57: 1 | U57: 1 | V57: 1 | W57: 0 | X57: 1 | Y57: 0 | Z57: 1 | AA57: 0 | AB57: =SUM(E57:AA57) -> 8
B58: 4 | C58: EMI WIJAYANTI | E58: 0 | F58: 1 | G58: 1 | H58: 0 | I58: 0 | J58: 0 | K58: 0 | L58: 1 | M58: 0 | N58: 0 | O58: 0 | P58: 0 | Q58: 1 | R58: 0 | S58: 1 | T58: 0 | U58: 2 | V58: 1 | W58: 0 | X58: 0 | Y58: 0 | Z58: 0 | AA58: 0 | AB58: =SUM(E58:AA58) -> 8
B59: 5 | C59: MUHAMAD ALFAN SAIFUDIN | E59: 0 | F59: 0 | G59: 0 | H59: 0 | I59: 0 | J59: 0 | K59: 0 | L59: 0 | M59: 1 | N59: 0 | O59: 1 | P59: 0 | Q59: 1 | R59: 1 | S59: 0 | T59: 0 | U59: 0 | V59: 1 | W59: 0 | X59: 1 | Y59: 0 | Z59: 2 | AA59: 0 | AB59: =SUM(E59:AA59) -> 8
B60: 6 | C60: BAYU PUTRA PAMUNGKAS | E60: 1 | F60: 0 | G60: 0 | H60: 0 | I60: 0 | J60: 0 | K60: 0 | L60: 0 | M60: 0 | N60: 0 | O60: 0 | P60: 1 | Q60: 0 | R60: 0 | S60: 0 | T60: 1 | U60: 0 | V60: 0 | W60: 0 | X60: 0 | Y60: 1 | Z60: 0 | AA60: 0 | AB60: =SUM(E60:AA60) -> 4
A61: B | B61: JUMLAH SUARA SAH PARTAI POLITIK DAN CALON (A1 + A2) | E61: =SUM(E54:E60) -> 17 | F61: =SUM(F54:F60) -> 22 | G61: =SUM(G54:G60) -> 7 | H61: =SUM(H54:H60) -> 9 | I61: =SUM(I54:I60) -> 8 | J61: =SUM(J54:J60) -> 18 | K61: =SUM(K54:K60) -> 8 | L61: =SUM(L54:L60) -> 12 | ... AA61: =SUM(AA54:AA60) -> 16 | AB61: =SUM(E61:AA61) -> 532
AB62: =SUM(E62:AA62) -> 0
A63: A.1 | B63: 3. | C63: Partai Demokrasi Indonesia Perjuangan | E63: 6 | F63: 2 | G63: 3 | H63: 1 | I63: 2 | J63: 0 | K63: 3 | L63: 3 | M63: 1 | N63: 4 | O63: 2 | P63: 5 | Q63: 5 | R63: 7 | S63: 8 | T63: 8 | U63: 6 | V63: 7 | W63: 1 | X63: 5 | Y63: 3 | Z63: 2 | AA63: 0 | AB63: =SUM(E63:AA63) -> 84
A64: A.2 | B64: 1 | C64: IR. YAYUK BANAR SRI PANGAYOM | E64: 1 | F64: 1 | G64: 1 | H64: 1 | I64: 0 | J64: 4 | K64: 2 | L64: 1 | M64: 5 | N64: 0 | O64: 0 | P64: 1 | Q64: 1 | R64: 1 | S64: 2 | T64: 0 | U64: 0 | V64: 1 | W64: 0 | X64: 0 | Y64: 3 | Z64: 2 | AA64: 3 | AB64: =SUM(E64:AA64) -> 30
B65: 2 | C65: DR. ANA ANIATI | E65: 22 | F65: 1 | G65: 0 | H65: 2 | I65: 1 | J65: 1 | K65: 1 | L65: 2 | M65: 4 | N65: 3 | O65: 3 | P65: 0 | Q65: 1 | R65: 4 | S65: 3 | T65: 2 | U65: 0 | V65: 2 | W65: 2 | X65: 6 | Y65: 1 | Z65: 6 | AA65: 8 | AB65: =SUM(E65:AA65) -> 75
B66: 3 | C66: HADI WIDODO, S.P. | E66: 10 | F66: 51 | G66: 16 | H66: 7 | I66: 7 | J66: 12 | K66: 28 | L66: 8 | M66: 11 | N66: 11 | O66: 9 | P66: 8 | Q66: 14 | R66: 55 | S66: 75 | T66: 86 | U66: 5 | V66: 4 | W66: 0 | X66: 10 | Y66: 8 | Z66: 3 | AA66: 2 | AB66: =SUM(E66:AA66) -> 440
B67: 4 | C67: ANDIKO PUTRA MAHATTA | E67: 0 | F67: 0 | G67: 0 | H67: 0 | I67: 0 | J67: 0 | K67: 0 | L67: 0 | M67: 0 | N67: 0 | O67: 1 | P67: 0 | Q67: 0 | R67: 0 | S67: 0 | T67: 0 | U67: 0 | V67: 0 | W67: 0 | X67: 0 | Y67: 0 | Z67: 0 | AA67: 0 | AB67: =SUM(E67:AA67) -> 1
B68: 5 | C68: YUNI APRILIA | E68: 0 | F68: 1 | G68: 0 | H68: 0 | I68: 0 | J68: 0 | K68: 0 | L68: 0 | M68: 0 | N68: 0 | O68: 1 | P68: 0 | Q68: 0 | R68: 0 | S68: 1 | T68: 1 | U68: 1 | V68: 0 | W68: 0 | X68: 0 | Y68: 0 | Z68: 0 | AA68: 0 | AB68: =SUM(E68:AA68) -> 5
B69: 6 | C69: IKE PREDITA FIKTARYANA | E69: 0 | F69: 0 | G69: 0 | H69: 0 | I69: 0 | J69: 0 | K69: 0 | L69: 0 | M69: 0 | N69: 0 | O69: 0 | P69: 0 | Q69: 0 | R69: 0 | S69: 0 | T69: 1 | U69: 0 | V69: 0 | W69: 1 | X69: 0 | Y69: 0 | Z69: 0 | AA69: 0 | AB69: =SUM(E69:AA69) -> 2
A70: B | B70: JUMLAH SUARA SAH PARTAI POLITIK DAN CALON (A1 + A2) | E70: =SUM(E63:E69) -> 39 | F70: =SUM(F63:F69) -> 56 | G70: =SUM(G63:G69) -> 20 | H70: =SUM(H63:H69) -> 11 | I70: =SUM(I63:I69) -> 10 | J70: =SUM(J63:J69) -> 17 | K70: =SUM(K63:K69) -> 34 | L70: =SUM(L63:L69) -> 14 | ... AA70: =SUM(AA63:AA69) -> 13 | AB70: =SUM(E70:AA70) -> 637
AB71: =SUM(E71:AA71) -> 0
A72: A.1 | B72: 4. | C72: Partai Golongan Karya | E72: 0 | F72: 1 | G72: 3 | H72: 6 | I72: 3 | J72: 7 | K72: 2 | L72: 4 | M72: 2 | N72: 6 | O72: 2 | P72: 0 | Q72: 1 | R72: 0 | S72: 0 | T72: 0 | U72: 3 | V72: 0 | W72: 3 | X72: 4 | Y72: 2 | Z72: 3 | AA72: 1 | AB72: =SUM(E72:AA72) -> 53
A73: A.2 | B73: 1 | C73: SOFIANDI SUSIADI, A.MD. | E73: 7 | F73: 17 | G73: 41 | H73: 50 | I73: 48 | J73: 49 | K73: 22 | L73: 23 | M73: 22 | N73: 45 | O73: 22 | P73: 13 | Q73: 7 | R73: 6 | S73: 11 | T73: 10 | U73: 9 | V73: 36 | W73: 10 | X73: 16 | Y73: 10 | Z73: 22 | AA73: 6 | AB73: =SUM(E73:AA73) -> 502
B74: 2 | C74: SUHAERI, S.PD. | E74: 0 | F74: 2 | G74: 0 | H74: 0 | I74: 0 | J74: 0 | K74: 0 | L74: 0 | M74: 0 | N74: 0 | O74: 0 | P74: 0 | Q74: 0 | R74: 0 | S74: 2 | T74: 0 | U74: 0 | V74: 0 | W74: 0 | X74: 0 | Y74: 1 | Z74: 0 | AA74: 0 | AB74: =SUM(E74:AA74) -> 5
B75: 3 | C75: SITI MAHMUDAH, S.SOS. | E75: 0 | F75: 0 | G75: 0 | H75: 0 | I75: 0 | J75: 0 | K75: 0 | L75: 0 | M75: 0 | N75: 0 | O75: 0 | P75: 0 | Q75: 0 | R75: 1 | S75: 1 | T75: 1 | U75: 1 | V75: 1 | W75: 0 | X75: 1 | Y75: 0 | Z75: 1 | AA75: 0 | AB75: =SUM(E75:AA75) -> 7
B76: 4 | C76: HENI KOMISATUN | E76: 0 | F76: 0 | G76: 1 | H76: 0 | I76: 0 | J76: 0 | K76: 0 | L76: 0 | M76: 0 | N76: 0 | O76: 0 | P76: 0 | Q76: 0 | R76: 0 | S76: 0 | T76: 0 | U76: 0 | V76: 0 | W76: 0 | X76: 0 | Y76: 0 | Z76: 0 | AA76: 0 | AB76: =SUM(E76:AA76) -> 1
B77: 5 | C77: KUSYONO | E77: 0 | F77: 0 | G77: 0 | H77: 0 | I77: 0 | J77: 0 | K77: 0 | L77: 0 | M77: 0 | N77: 0 | O77: 0 | P77: 0 | Q77: 1 | R77: 0 | S77: 0 | T77: 0 | U77: 0 | V77: 0 | W77: 0 | X77: 0 | Y77: 0 | Z77: 0 | AA77: 0 | AB77: =SUM(E77:AA77) -> 1
B78: 6 | C78: SUROSO | E78: 0 | F78: 0 | G78: 0 | H78: 0 | I78: 0 | J78: 0 | K78: 0 | L78: 0 | M78: 0 | N78: 0 | O78: 0 | P78: 0 | Q78: 0 | R78: 0 | S78: 0 | T78: 0 | U78: 0 | V78: 0 | W78: 0 | X78: 0 | Y78: 0 | Z78: 0 | AA78: 0 | AB78: =SUM(E78:AA78) -> 0
A79: B | B79: JUMLAH SUARA SAH PARTAI POLITIK DAN CALON (A1 + A2) | E79: =SUM(E72:E78) -> 7 | F79: =SUM(F72:F78) -> 20 | G79: =SUM(G72:G78) -> 45 | H79: =SUM(H72:H78) -> 56 | I79: =SUM(I72:I78) -> 51 | J79: =SUM(J72:J78) -> 56 | K79: =SUM(K72:K78) -> 24 | L79: =SUM(L72:L78) -> 27 | ... AA79: =SUM(AA72:AA78) -> 7 | AB79: =SUM(E79:AA79) -> 569
AB80: =SUM(E80:AA80) -> 0
A81: A.1 | B81: 5. | C81: Partai NasDem | E81: 2 | F81: 0 | G81: 0 | H81: 0 | I81: 0 | J81: 0 | K81: 0 | L81: 0 | M81: 0 | N81: 1 | O81: 0 | P81: 0 | Q81: 0 | R81: 1 | S81: 0 | T81: 0 | U81: 0 | V81: 0 | W81: 0 | X81: 0 | Y81: 0 | Z81: 0 | AA81: 1 | AB81: =SUM(E81:AA81) -> 5
A82: A.2 | B82: 1 | C82: ABU SUFYAN, S.E., S.T., M.SI., M.ARS. | E82: 0 | F82: 0 | G82: 0 | H82: 3 | I82: 0 | J82: 0 | K82: 1 | L82: 0 | M82: 0 | N82: 0 | O82: 0 | P82: 1 | Q82: 0 | R82: 0 | S82: 1 | T82: 0 | U82: 0 | V82: 0 | W82: 0 | X82: 0 | Y82: 0 | Z82: 1 | AA82: 0 | AB82: =SUM(E82:AA82) -> 7
B83: 2 | C83: LUKMAN HAKIM | E83: 0 | F83: 0 | G83: 0 | H83: 0 | I83: 0 | J83: 0 | K83: 0 | L83: 0 | M83: 0 | N83: 0 | O83: 0 | P83: 0 | Q83: 0 | R83: 0 | S83: 0 | T83: 0 | U83: 0 | V83: 0 | W83: 0 | X83: 0 | Y83: 0 | Z83: 0 | AA83: 0 | AB83: =SUM(E83:AA83) -> 0
B84: 3 | C84: DEWI WULANDARI | E84: 0 | F84: 0 | G84: 0 | H84: 0 | I84: 0 | J84: 0 | K84: 0 | L84: 0 | M84: 0 | N84: 0 | O84: 0 | P84: 0 | Q84: 0 | R84: 0 | S84: 0 | T84: 0 | U84: 0 | V84: 0 | W84: 0 | X84: 0 | Y84: 0 | Z84: 0 | AA84: 0 | AB84: =SUM(E84:AA84) -> 0
B85: 4 | C85: JAENURI | E85: 0 | F85: 0 | G85: 0 | H85: 0 | I85: 0 | J85: 0 | K85: 0 | L85: 0 | M85: 0 | N85: 0 | O85: 0 | P85: 0 | Q85: 0 | R85: 0 | S85: 0 | T85: 0 | U85: 0 | V85: 0 | W85: 0 | X85: 0 | Y85: 1 | Z85: 0 | AA85: 0 | AB85: =SUM(E85:AA85) -> 1
B86: 5 | C86: TRI DINDA LESTARI | E86: 0 | F86: 0 | G86: 0 | H86: 0 | I86: 0 | J86: 0 | K86: 0 | L86: 0 | M86: 0 | N86: 0 | O86: 0 | P86: 0 | Q86: 0 | R86: 0 | S86: 0 | T86: 0 | U86: 0 | V86: 0 | W86: 0 | X86: 0 | Y86: 0 | Z86: 0 | AA86: 0 | AB86: =SUM(E86:AA86) -> 0
B87: 6 | C87: AGUS SETIAWAN, A.MD. | E87: 0 | F87: 0 | G87: 0 | H87: 0 | I87: 0 | J87: 0 | K87: 0 | L87: 0 | M87: 0 | N87: 0 | O87: 0 | P87: 0 | Q87: 0 | R87: 0 | S87: 0 | T87: 0 | U87: 0 | V87: 0 | W87: 0 | X87: 0 | Y87: 0 | Z87: 0 | AA87: 0 | AB87: =SUM(E87:AA87) -> 0
A88: B | B88: JUMLAH SUARA SAH PARTAI POLITIK DAN CALON (A1 + A2) | E88: =SUM(E81:E87) -> 2 | F88: =SUM(F81:F87) -> 0 | G88: =SUM(G81:G87) -> 0 | H88: =SUM(H81:H87) -> 3 | I88: =SUM(I81:I87) -> 0 | J88: =SUM(J81:J87) -> 0 | K88: =SUM(K81:K87) -> 1 | L88: =SUM(L81:L87) -> 0 | ... AA88: =SUM(AA81:AA87) -> 1 | AB88: =SUM(E88:AA88) -> 13
AB89: =SUM(E89:AA89) -> 0
A90: A.1 | B90: 6. | C90: Partai Buruh | E90: 0 | F90: 1 | G90: 0 | H90: 2 | I90: 0 | J90: 0 | K90: 0 | L90: 0 | M90: 0 | N90: 0 | O90: 0 | P90: 0 | Q90: 0 | R90: 1 | S90: 2 | T90: 1 | U90: 0 | V90: 1 | W90: 0 | X90: 0 | Y90: 0 | Z90: 0 | AA90: 0 | AB90: =SUM(E90:AA90) -> 8
B91: 1 | C91: AHMAD MIKKO SYAHRIAL | E91: 0 | F91: 0 | G91: 1 | H91: 6 | I91: 4 | J91: 1 | K91: 1 | L91: 1 | M91: 1 | N91: 0 | O91: 0 | P91: 0 | Q91: 0 | R91: 0 | S91: 0 | T91: 0 | U91: 1 | V91: 0 | W91: 0 | X91: 0 | Y91: 1 | Z91: 0 | AA91: 0 | AB91: =SUM(E91:AA91) -> 17
B92: 2 | C92: SITI NURJANNAH | E92: 0 | F92: 0 | G92: 0 | H92: 0 | I92: 0 | J92: 0 | K92: 0 | L92: 0 | M92: 0 | N92: 0 | O92: 0 | P92: 0 | Q92: 0 | R92: 0 | S92: 0 | T92: 0 | U92: 0 | V92: 0 | W92: 0 | X92: 0 | Y92: 0 | Z92: 0 | AA92: 0 | AB92: =SUM(E92:AA92) -> 0
A93: A.2 | B93: 3 | C93: RUDI CHRISTIAWAN | E93: 0 | F93: 0 | G93: 0 | H93: 0 | I93: 0 | J93: 0 | K93: 0 | L93: 0 | M93: 0 | N93: 0 | O93: 0 | P93: 0 | Q93: 0 | R93: 0 | S93: 0 | T93: 0 | U93: 0 | V93: 0 | W93: 0 | X93: 0 | Y93: 0 | Z93: 0 | AA93: 0 | AB93: =SUM(E93:AA93) -> 0
A94: B | B94: JUMLAH SUARA SAH PARTAI POLITIK DAN CALON (A1 + A2) | E94: =SUM(E90:E93) -> 0 | F94: =SUM(F90:F93) -> 1 | G94: =SUM(G90:G93) -> 1 | H94: =SUM(H90:H93) -> 8 | I94: =SUM(I90:I93) -> 4 | J94: =SUM(J90:J93) -> 1 | K94: =SUM(K90:K93) -> 1 | L94: =SUM(L90:L93) -> 1 | ... AA94: =SUM(AA90:AA93) -> 0 | AB94: =SUM(E94:AA94) -> 25
AB95: =SUM(E95:AA95) -> 0
