Workbook

Sheet DPRD KABUPATEN
C8: Kecamatan | D8: SINGOJURUH
C9: Kabupaten | D9: BANYUWANGI
C10: Provinsi | D10: JAWA TIMUR
A12: I | B12: DATA PEMILIH DAN PENGGUNAAN HAK PILIH | E12: JUMLAH AKHIR
A13: A | B13: DATA PEMILIH
B14: Jumlah Pemilih dalam Daftar Pemilih Tetap (DPT) | D14: LK | E14: =ALASMALANG!V14+'BENELAN KIDUL'!S14+CANTUK!T14+GAMBOR!N14+GUMIRIH!S14+KEMIRI!U14+LEMAHBANGKULON!Q14+PADANG!Q14+SINGOJURUH!AC14+SINGOLATREN!T14+SUMBERBARU!S14 -> 19838
D15: PR | E15: =ALASMALANG!V15+'BENELAN KIDUL'!S15+CANTUK!T15+GAMBOR!N15+GUMIRIH!S15+KEMIRI!U15+LEMAHBANGKULON!Q15+PADANG!Q15+SINGOJURUH!AC15+SINGOLATREN!T15+SUMBERBARU!S15 -> 20150
D16: JML | E16: =SUM(E14:E15) -> 39988
A18: B | B18: PENGGUNA HAK PILIH
B19: 1. | C19: Jumlah pengguna hak pilih dalam Daftar Pemilih Tetap (DPT) | D19: LK | E19: =ALASMALANG!V19+'BENELAN KIDUL'!S19+CANTUK!T19+GAMBOR!N19+GUMIRIH!S19+KEMIRI!U19+LEMAHBANGKULON!Q19+PADANG!Q19+SINGOJURUH!AC19+SINGOLATREN!T19+SUMBERBARU!S19 -> 14812
D20: PR | E20: =ALASMALANG!V20+'BENELAN KIDUL'!S20+CANTUK!T20+GAMBOR!N20+GUMIRIH!S20+KEMIRI!U20+LEMAHBANGKULON!Q20+PADANG!Q20+SINGOJURUH!AC20+SINGOLATREN!T20+SUMBERBARU!S20 -> 16084
D21: JML | E21: =SUM(E19:E20) -> 30896
B22: 2. | C22: Jumlah pengguna hak pilih dalam Daftar Pemilih Tambahan (DPTb) | D22: LK | E22: =ALASMALANG!V22+'BENELAN KIDUL'!S22+CANTUK!T22+GAMBOR!N22+GUMIRIH!S22+KEMIRI!U22+LEMAHBANGKULON!Q22+PADANG!Q22+SINGOJURUH!AC22+SINGOLATREN!T22+SUMBERBARU!S22 -> 50
D23: PR | E23: =ALASMALANG!V23+'BENELAN KIDUL'!S23+CANTUK!T23+GAMBOR!N23+GUMIRIH!S23+KEMIRI!U23+LEMAHBANGKULON!Q23+PADANG!Q23+SINGOJURUH!AC23+SINGOLATREN!T23+SUMBERBARU!S23 -> 46
D24: JML | E24: =SUM(E22:E23) -> 96
B25: 3. | C25: Jumlah pengguna hak pilih dalam Daftar Pemilih Khusus (DPK) | D25: LK | E25: =ALASMALANG!V25+'BENELAN KIDUL'!S25+CANTUK!T25+GAMBOR!N25+GUMIRIH!S25+KEMIRI!U25+LEMAHBANGKULON!Q25+PADANG!Q25+SINGOJURUH!AC25+SINGOLATREN!T25+SUMBERBARU!S25 -> 135
D26: PR | E26: =ALASMALANG!V26+'BENELAN KIDUL'!S26+CANTUK!T26+GAMBOR!N26+GUMIRIH!S26+KEMIRI!U26+LEMAHBANGKULON!Q26+PADANG!Q26+SINGOJURUH!AC26+SINGOLATREN!T26+SUMBERBARU!S26 -> 163
D27: JML | E27: =SUM(E25:E26) -> 298
B28: 4. | C28: Jumlah Pengguna Hak Pilih (B.1+B.2+B.3) | D28: LK | E28: =E19+E22+E25 -> 14997
D29: PR | E29: =E20+E23+E26 -> 16293
D30: JML | E30: =SUM(E28:E29) -> 31290
A32: II | B32: DATA PENGGUNAAN SURAT SUARA
A33: 1 | B33: Jumlah surat suara yang diterima, termasuk surat suara cadangan 2,5% dari DPT | E33: =ALASMALANG!V33+'BENELAN KIDUL'!S33+CANTUK!T33+GAMBOR!N33+GUMIRIH!S33+KEMIRI!U33+LEMAHBANGKULON!Q33+PADANG!Q33+SINGOJURUH!AC33+SINGOLATREN!T33+SUMBERBARU!S33 -> 40760
A34: 2 | B34: Jumlah surat suara yang digunakan | E34: =ALASMALANG!V34+'BENELAN KIDUL'!S34+CANTUK!T34+GAMBOR!N34+GUMIRIH!S34+KEMIRI!U34+LEMAHBANGKULON!Q34+PADANG!Q34+SINGOJURUH!AC34+SINGOLATREN!T34+SUMBERBARU!S34 -> 31290
A35: 3 | B35: Jumlah surat suara dikembalikan oleh pemilih (karena rusak atau keliru coblos) | E35: =ALASMALANG!V35+'BENELAN KIDUL'!S35+CANTUK!T35+GAMBOR!N35+GUMIRIH!S35+KEMIRI!U35+LEMAHBANGKULON!Q35+PADANG!Q35+SINGOJURUH!AC35+SINGOLATREN!T35+SUMBERBARU!S35 -> 95
A36: 4 | B36: Jumlah surat suara yang tidak digunakan/tidak terpakai, termasuk sisa surat suara cadangan | E36: =E33-(E34+E35) -> 9375
A38: III | B38: DATA PEMILIH DISABILITAS
B39: Jumlah seluruh Pemilih disabilitas yang menggunakan hak pilih | D39: LK | E39: =ALASMALANG!V39+'BENELAN KIDUL'!S39+CANTUK!T39+GAMBOR!N39+GUMIRIH!S39+KEMIRI!U39+LEMAHBANGKULON!Q39+PADANG!Q39+SINGOJURUH!AC39+SINGOLATREN!T39+SUMBERBARU!S39 -> 32
D40: PR | E40: =ALASMALANG!V40+'BENELAN KIDUL'!S40+CANTUK!T40+GAMBOR!N40+GUMIRIH!S40+KEMIRI!U40+LEMAHBANGKULON!Q40+PADANG!Q40+SINGOJURUH!AC40+SINGOLATREN!T40+SUMBERBARU!S40 -> 55
D41: JML | E41: =SUM(E39:E40) -> 87
A43: IV | B43: DATA RINCIAN PEROLEHAN SUARA PASANGAN CALON BUPATI DAN WAKIL BUPATI
A44: NOMOR DAN NAMA CALON
A45: A.1 | B45: 1. | C45: Partai Kebangkitan Bangsa | E45: =ALASMALANG!V45+'BENELAN KIDUL'!S45+CANTUK!T45+GAMBOR!N45+GUMIRIH!S45+KEMIRI!U45+LEMAHBANGKULON!Q45+PADANG!Q45+SINGOJURUH!AC45+SINGOLATREN!T45+SUMBERBARU!S45 -> 1065
A46: A.2 | C46: 1. H. MUHAMMAD ALI MAHRUS, S.H.I., M.H | E46: =ALASMALANG!V46+'BENELAN KIDUL'!S46+CANTUK!T46+GAMBOR!N46+GUMIRIH!S46+KEMIRI!U46+LEMAHBANGKULON!Q46+PADANG!Q46+SINGOJURUH!AC46+SINGOLATREN!T46+SUMBERBARU!S46 -> 2901
C47: 2. TUPANG SOEDARGO | E47: =ALASMALANG!V47+'BENELAN KIDUL'!S47+CANTUK!T47+GAMBOR!N47+GUMIRIH!S47+KEMIRI!U47+LEMAHBANGKULON!Q47+PADANG!Q47+SINGOJURUH!AC47+SINGOLATREN!T47+SUMBERBARU!S47 -> 4472
C48: 3. Hj. KHOLIFATUL HASANAH | E48: =ALASMALANG!V48+'BENELAN KIDUL'!S48+CANTUK!T48+GAMBOR!N48+GUMIRIH!S48+KEMIRI!U48+LEMAHBANGKULON!Q48+PADANG!Q48+SINGOJURUH!AC48+SINGOLATREN!T48+SUMBERBARU!S48 -> 95
C49: 4. FUAD HUMAIDI, S.H.I. | E49: =ALASMALANG!V49+'BENELAN KIDUL'!S49+CANTUK!T49+GAMBOR!N49+GUMIRIH!S49+KEMIRI!U49+LEMAHBANGKULON!Q49+PADANG!Q49+SINGOJURUH!AC49+SINGOLATREN!T49+SUMBERBARU!S49 -> 14
C50: 5. ENI WIJI LESTARI | E50: =ALASMALANG!V50+'BENELAN KIDUL'!S50+CANTUK!T50+GAMBOR!N50+GUMIRIH!S50+KEMIRI!U50+LEMAHBANGKULON!Q50+PADANG!Q50+SINGOJURUH!AC50+SINGOLATREN!T50+SUMBERBARU!S50 -> 15
C51: 6. SONNY AGUS SETIAWAN | E51: =ALASMALANG!V51+'BENELAN KIDUL'!S51+CANTUK!T51+GAMBOR!N51+GUMIRIH!S51+KEMIRI!U51+LEMAHBANGKULON!Q51+PADANG!Q51+SINGOJURUH!AC51+SINGOLATREN!T51+SUMBERBARU!S51 -> 65
A52: B | B52: JUMLAH SUARA SAH PARTAI POLITIK DAN CALON (A1 + A2) | E52: =SUM(E45:E51) -> 8627
A54: A.1 | B54: 2. | C54: Partai Gerakan Indonesia Raya | E54: =ALASMALANG!V54+'BENELAN KIDUL'!S54+CANTUK!T54+GAMBOR!N54+GUMIRIH!S54+KEMIRI!U54+LEMAHBANGKULON!Q54+PADANG!Q54+SINGOJURUH!AC54+SINGOLATREN!T54+SUMBERBARU!S54 -> 1533
A55: A.2 | C55: 1. SUWITO | E55: =ALASMALANG!V55+'BENELAN KIDUL'!S55+CANTUK!T55+GAMBOR!N55+GUMIRIH!S55+KEMIRI!U55+LEMAHBANGKULON!Q55+PADANG!Q55+SINGOJURUH!AC55+SINGOLATREN!T55+SUMBERBARU!S55 -> 3884
C56: 2. LIMPAT PRAWIRO DIKDO | E56: =ALASMALANG!V56+'BENELAN KIDUL'!S56+CANTUK!T56+GAMBOR!N56+GUMIRIH!S56+KEMIRI!U56+LEMAHBANGKULON!Q56+PADANG!Q56+SINGOJURUH!AC56+SINGOLATREN!T56+SUMBERBARU!S56 -> 3222
C57: 3. PUPUT DESI PRATAMA EKA PUTRI | E57: =ALASMALANG!V57+'BENELAN KIDUL'!S57+CANTUK!T57+GAMBOR!N57+GUMIRIH!S57+KEMIRI!U57+LEMAHBANGKULON!Q57+PADANG!Q57+SINGOJURUH!AC57+SINGOLATREN!T57+SUMBERBARU!S57 -> 91
C58: 4. RUDI HANDOKO | E58: =ALASMALANG!V58+'BENELAN KIDUL'!S58+CANTUK!T58+GAMBOR!N58+GUMIRIH!S58+KEMIRI!U58+LEMAHBANGKULON!Q58+PADANG!Q58+SINGOJURUH!AC58+SINGOLATREN!T58+SUMBERBARU!S58 -> 177
C59: 5. IWAN SETIAWAN | E59: =ALASMALANG!V59+'BENELAN KIDUL'!S59+CANTUK!T59+GAMBOR!N59+GUMIRIH!S59+KEMIRI!U59+LEMAHBANGKULON!Q59+PADANG!Q59+SINGOJURUH!AC59+SINGOLATREN!T59+SUMBERBARU!S59 -> 10
C60: 6. JUWITA INDRASARI | E60: =ALASMALANG!V60+'BENELAN KIDUL'!S60+CANTUK!T60+GAMBOR!N60+GUMIRIH!S60+KEMIRI!U60+LEMAHBANGKULON!Q60+PADANG!Q60+SINGOJURUH!AC60+SINGOLATREN!T60+SUMBERBARU!S60 -> 32
A61: B | B61: JUMLAH SUARA SAH PARTAI POLITIK DAN CALON (A1 + A2) | E61: =SUM(E54:E60) -> 8949
A63: A.1 | B63: 3. | C63: Partai Demokrasi Indonesia Perjuangan | E63: =ALASMALANG!V63+'BENELAN KIDUL'!S63+CANTUK!T63+GAMBOR!N63+GUMIRIH!S63+KEMIRI!U63+LEMAHBANGKULON!Q63+PADANG!Q63+SINGOJURUH!AC63+SINGOLATREN!T63+SUMBERBARU!S63 -> 742
A64: A.2 | C64: 1. AHMAD MASROHAN | E64: =ALASMALANG!V64+'BENELAN KIDUL'!S64+CANTUK!T64+GAMBOR!N64+GUMIRIH!S64+KEMIRI!U64+LEMAHBANGKULON!Q64+PADANG!Q64+SINGOJURUH!AC64+SINGOLATREN!T64+SUMBERBARU!S64 -> 360
C65: 2. HARIYANTO | E65: =ALASMALANG!V65+'BENELAN KIDUL'!S65+CANTUK!T65+GAMBOR!N65+GUMIRIH!S65+KEMIRI!U65+LEMAHBANGKULON!Q65+PADANG!Q65+SINGOJURUH!AC65+SINGOLATREN!T65+SUMBERBARU!S65 -> 2561
C66: 3. INDAH MARHENI | E66: =ALASMALANG!V66+'BENELAN KIDUL'!S66+CANTUK!T66+GAMBOR!N66+GUMIRIH!S66+KEMIRI!U66+LEMAHBANGKULON!Q66+PADANG!Q66+SINGOJURUH!AC66+SINGOLATREN!T66+SUMBERBARU!S66 -> 150
C67: 4. AGUS PRIYONO | E67: =ALASMALANG!V67+'BENELAN KIDUL'!S67+CANTUK!T67+GAMBOR!N67+GUMIRIH!S67+KEMIRI!U67+LEMAHBANGKULON!Q67+PADANG!Q67+SINGOJURUH!AC67+SINGOLATREN!T67+SUMBERBARU!S67 -> 361
C68: 5. SETYA RAHAYU | E68: =ALASMALANG!V68+'BENELAN KIDUL'!S68+CANTUK!T68+GAMBOR!N68+GUMIRIH!S68+KEMIRI!U68+LEMAHBANGKULON!Q68+PADANG!Q68+SINGOJURUH!AC68+SINGOLATREN!T68+SUMBERBARU!S68 -> 297
C69: 6. M. HAFI WIJAYA | E69: =ALASMALANG!V69+'BENELAN KIDUL'!S69+CANTUK!T69+GAMBOR!N69+GUMIRIH!S69+KEMIRI!U69+LEMAHBANGKULON!Q69+PADANG!Q69+SINGOJURUH!AC69+SINGOLATREN!T69+SUMBERBARU!S69 -> 28
A70: B | B70: JUMLAH SUARA SAH PARTAI POLITIK DAN CALON (A1 + A2) | E70: =SUM(E63:E69) -> 4499
A72: A.1 | B72: 4. | C72: Partai Golongan Karya | E72: =ALASMALANG!V72+'BENELAN KIDUL'!S72+CANTUK!T72+GAMBOR!N72+GUMIRIH!S72+KEMIRI!U72+LEMAHBANGKULON!Q72+PADANG!Q72+SINGOJURUH!AC72+SINGOLATREN!T72+SUMBERBARU!S72 -> 281
A73: A.2 | C73: 1. SRI YULIANI | E73: =ALASMALANG!V73+'BENELAN KIDUL'!S73+CANTUK!T73+GAMBOR!N73+GUMIRIH!S73+KEMIRI!U73+LEMAHBANGKULON!Q73+PADANG!Q73+SINGOJURUH!AC73+SINGOLATREN!T73+SUMBERBARU!S73 -> 600
C74: 2. ACHMAD SUMARNO, S.E. | E74: =ALASMALANG!V74+'BENELAN KIDUL'!S74+CANTUK!T74+GAMBOR!N74+GUMIRIH!S74+KEMIRI!U74+LEMAHBANGKULON!Q74+PADANG!Q74+SINGOJURUH!AC74+SINGOLATREN!T74+SUMBERBARU!S74 -> 214
C75: 3. MUHAMMAD SAHLAN, S.Sos., M.A. | E75: =ALASMALANG!V75+'BENELAN KIDUL'!S75+CANTUK!T75+GAMBOR!N75+GUMIRIH!S75+KEMIRI!U75+LEMAHBANGKULON!Q75+PADANG!Q75+SINGOJURUH!AC75+SINGOLATREN!T75+SUMBERBARU!S75 -> 267
C76: 4. MAYA YUSEFA, S.Pd. | E76: =ALASMALANG!V76+'BENELAN KIDUL'!S76+CANTUK!T76+GAMBOR!N76+GUMIRIH!S76+KEMIRI!U76+LEMAHBANGKULON!Q76+PADANG!Q76+SINGOJURUH!AC76+SINGOLATREN!T76+SUMBERBARU!S76 -> 12
C77: 5. SUPARMAN | E77: =ALASMALANG!V77+'BENELAN KIDUL'!S77+CANTUK!T77+GAMBOR!N77+GUMIRIH!S77+KEMIRI!U77+LEMAHBANGKULON!Q77+PADANG!Q77+SINGOJURUH!AC77+SINGOLATREN!T77+SUMBERBARU!S77 -> 4
C78: 6. NURHIDAYAT | E78: =ALASMALANG!V78+'BENELAN KIDUL'!S78+CANTUK!T78+GAMBOR!N78+GUMIRIH!S78+KEMIRI!U78+LEMAHBANGKULON!Q78+PADANG!Q78+SINGOJURUH!AC78+SINGOLATREN!T78+SUMBERBARU!S78 -> 15
A79: B | B79: JUMLAH SUARA SAH PARTAI POLITIK DAN CALON (A1 + A2) | E79: =SUM(E72:E78) -> 1393
A81: A.1 | B81: 5. | C81: Partai NasDem | E81: =ALASMALANG!V81+'BENELAN KIDUL'!S81+CANTUK!T81+GAMBOR!N81+GUMIRIH!S81+KEMIRI!U81+LEMAHBANGKULON!Q81+PADANG!Q81+SINGOJURUH!AC81+SINGOLATREN!T81+SUMBERBARU!S81 -> 160
A82: A.2 | C82: 1. RATIH NUR HAYATI, S.T. | E82: =ALASMALANG!V82+'BENELAN KIDUL'!S82+CANTUK!T82+GAMBOR!N82+GUMIRIH!S82+KEMIRI!U82+LEMAHBANGKULON!Q82+PADANG!Q82+SINGOJURUH!AC82+SINGOLATREN!T82+SUMBERBARU!S82 -> 42
C83: 2. ISTILAH MUSTOFA, S.H. | E83: =ALASMALANG!V83+'BENELAN KIDUL'!S83+CANTUK!T83+GAMBOR!N83+GUMIRIH!S83+KEMIRI!U83+LEMAHBANGKULON!Q83+PADANG!Q83+SINGOJURUH!AC83+SINGOLATREN!T83+SUMBERBARU!S83 -> 118
C84: 3. ACHMAD RIDHO HADISISWOYO, S.Tr.P. | E84: =ALASMALANG!V84+'BENELAN KIDUL'!S84+CANTUK!T84+GAMBOR!N84+GUMIRIH!S84+KEMIRI!U84+LEMAHBANGKULON!Q84+PADANG!Q84+SINGOJURUH!AC84+SINGOLATREN!T84+SUMBERBARU!S84 -> 22
C85: 4. AKHMAD ROSIDI | E85: =ALASMALANG!V85+'BENELAN KIDUL'!S85+CANTUK!T85+GAMBOR!N85+GUMIRIH!S85+KEMIRI!U85+LEMAHBANGKULON!Q85+PADANG!Q85+SINGOJURUH!AC85+SINGOLATREN!T85+SUMBERBARU!S85 -> 7
C86: 5. MUHAMAD VAHID FAIQ | E86: =ALASMALANG!V86+'BENELAN KIDUL'!S86+CANTUK!T86+GAMBOR!N86+GUMIRIH!S86+KEMIRI!U86+LEMAHBANGKULON!Q86+PADANG!Q86+SINGOJURUH!AC86+SINGOLATREN!T86+SUMBERBARU!S86 -> 548
C87: 6. TITIS MEILIKA WIYONO | E87: =ALASMALANG!V87+'BENELAN KIDUL'!S87+CANTUK!T87+GAMBOR!N87+GUMIRIH!S87+KEMIRI!U87+LEMAHBANGKULON!Q87+PADANG!Q87+SINGOJURUH!AC87+SINGOLATREN!T87+SUMBERBARU!S87 -> 44
A88: B | B88: JUMLAH SUARA SAH PARTAI POLITIK DAN CALON (A1 + A2) | E88: =SUM(E81:E87) -> 941
A90: A.1 | B90: 6. | C90: Partai Buruh | E90: =ALASMALANG!V90+'BENELAN KIDUL'!S90+CANTUK!T90+GAMBOR!N90+GUMIRIH!S90+KEMIRI!U90+LEMAHBANGKULON!Q90+PADANG!Q90+SINGOJURUH!AC90+SINGOLATREN!T90+SUMBERBARU!S90 -> 45
A91: B | B91: JUMLAH SUARA SAH PARTAI POLITIK DAN CALON (A1 + A2) | E91: =SUM(E90:E90) -> 45
A93: A.1 | B93: 7. | C93: Partai Gelombang Rakyat Indonesia | E93: =ALASMALANG!V93+'BENELAN KIDUL'!S93+CANTUK!T93+GAMBOR!N93+GUMIRIH!S93+KEMIRI!U93+LEMAHBANGKULON!Q93+PADANG!Q93+SINGOJURUH!AC93+SINGOLATREN!T93+SUMBERBARU!S93 -> 20
A94: A.2 | C94: 1. RIFKI ALFAN SANI | E94: =ALASMALANG!V94+'BENELAN KIDUL'!S94+CANTUK!T94+GAMBOR!N94+GUMIRIH!S94+KEMIRI!U94+LEMAHBANGKULON!Q94+PADANG!Q94+SINGOJURUH!AC94+SINGOLATREN!T94+SUMBERBARU!S94 -> 6
C95: 2. RAPI'I | E95: =ALASMALANG!V95+'BENELAN KIDUL'!S95+CANTUK!T95+GAMBOR!N95+GUMIRIH!S95+KEMIRI!U95+LEMAHBANGKULON!Q95+PADANG!Q95+SINGOJURUH!AC95+SINGOLATREN!T95+SUMBERBARU!S95 -> 6
C96: 3. NUR IKA SETIAWATI | E96: =ALASMALANG!V96+'BENELAN KIDUL'!S96+CANTUK!T96+GAMBOR!N96+GUMIRIH!S96+KEMIRI!U96+LEMAHBANGKULON!Q96+PADANG!Q96+SINGOJURUH!AC96+SINGOLATREN!T96+SUMBERBARU!S96 -> 0
A97: B | B97: JUMLAH SUARA SAH PARTAI POLITIK DAN CALON (A1 + A2) | E97: =SUM(E93:E96) -> 32
A99: A.1 | B99: 8. | C99: Partai Keadilan Sejahtera | E99: =ALASMALANG!V99+'BENELAN KIDUL'!S99+CANTUK!T99+GAMBOR!N99+GUMIRIH!S99+KEMIRI!U99+LEMAHBANGKULON!Q99+PADANG!Q99+SINGOJURUH!AC99+SINGOLATREN!T99+SUMBERBARU!S99 -> 36
A100: A.2 | C100: 1. VITA RIMA YANTI, S.KM. | E100: =ALASMALANG!V100+'BENELAN KIDUL'!S100+CANTUK!T100+GAMBOR!N100+GUMIRIH!S100+KEMIRI!U100+LEMAHBANGKULON!Q100+PADANG!Q100+SINGOJURUH!AC100+SINGOLATREN!T100+SUMBERBARU!S100 -> 124
C101: 2. EKO WAHYU HIDAYAT, A.Md. | E101: =ALASMALANG!V101+'BENELAN KIDUL'!S101+CANTUK!T101+GAMBOR!N101+GUMIRIH!S101+KEMIRI!U101+LEMAHBANGKULON!Q101+PADANG!Q101+SINGOJURUH!AC101+SINGOLATREN!T101+SUMBERBARU!S101 -> 18
C102: 3. EDY PURNOMO | E102: =ALASMALANG!V102+'BENELAN KIDUL'!S102+CANTUK!T102+GAMBOR!N102+GUMIRIH!S102+KEMIRI!U102+LEMAHBANGKULON!Q102+PADANG!Q102+SINGOJURUH!AC102+SINGOLATREN!T102+SUMBERBARU!S102 -> 7
C103: 4. SUNTARIAS PUTRI DAMAYANTI, A.Ma. | E103: =ALASMALANG!V103+'BENELAN KIDUL'!S103+CANTUK!T103+GAMBOR!N103+GUMIRIH!S103+KEMIRI!U103+LEMAHBANGKULON!Q103+PADANG!Q103+SINGOJURUH!AC103+SINGOLATREN!T103+SUMBERBARU!S103 -> 7
C104: 5. MUHAMMAD AFIF | E104: =ALASMALANG!V104+'BENELAN KIDUL'!S104+CANTUK!T104+GAMBOR!N104+GUMIRIH!S104+KEMIRI!U104+LEMAHBANGKULON!Q104+PADANG!Q104+SINGOJURUH!AC104+SINGOLATREN!T104+SUMBERBARU!S104 -> 2
C105: 6. SHOHIB QOMAD DILLAH, S.T.P. | E105: =ALASMALANG!V105+'BENELAN KIDUL'!S105+CANTUK!T105+GAMBOR!N105+GUMIRIH!S105+KEMIRI!U105+LEMAHBANGKULON!Q105+PADANG!Q105+SINGOJURUH!AC105+SINGOLATREN!T105+SUMBERBARU!S105 -> 25
A106: B | B106: JUMLAH SUARA SAH PARTAI POLITIK DAN CALON (A1 + A2) | E106: =SUM(E99:E105) -> 219
A108: A.1 | B108: 9. | C108: Partai Kebangkitan Nusantara | E108: =ALASMALANG!V108+'BENELAN KIDUL'!S108+CANTUK!T108+GAMBOR!N108+GUMIRIH!S108+KEMIRI!U108+LEMAHBANGKULON!Q108+PADANG!Q108+SINGOJURUH!AC108+SINGOLATREN!T108+SUMBERBARU!S108 -> 2
A109: A.2 | C109: 1. AGUS TARMIDI | E109: =ALASMALANG!V109+'BENELAN KIDUL'!S109+CANTUK!T109+GAMBOR!N109+GUMIRIH!S109+KEMIRI!U109+LEMAHBANGKULON!Q109+PADANG!Q109+SINGOJURUH!AC109+SINGOLATREN!T109+SUMBERBARU!S109 -> 0
A110: B | B110: JUMLAH SUARA SAH PARTAI POLITIK DAN CALON (A1 + A2) | E110: =SUM(E108:E109) -> 2
A112: A.1 | B112: 10. | C112: Partai Hati Nurani Rakyat | E112: =ALASMALANG!V112+'BENELAN KIDUL'!S112+CANTUK!T112+GAMBOR!N112+GUMIRIH!S112+KEMIRI!U112+LEMAHBANGKULON!Q112+PADANG!Q112+SINGOJURUH!AC112+SINGOLATREN!T112+SUMBERBARU!S112 -> 12
A113: A.2 | C113: 1. MOHAMAD ROSUL | E113: =ALASMALANG!V113+'BENELAN KIDUL'!S113+CANTUK!T113+GAMBOR!N113+GUMIRIH!S113+KEMIRI!U113+LEMAHBANGKULON!Q113+PADANG!Q113+SINGOJURUH!AC113+SINGOLATREN!T113+SUMBERBARU!S113 -> 15
C114: 2. H. AHMAD NUR ALCHAFFAF | E114: =ALASMALANG!V114+'BENELAN KIDUL'!S114+CANTUK!T114+GAMBOR!N114+GUMIRIH!S114+KEMIRI!U114+LEMAHBANGKULON!Q114+PADANG!Q114+SINGOJURUH!AC114+SINGOLATREN!T114+SUMBERBARU!S114 -> 7
C115: 3. ISTIQUMILAILLI | E115: =ALASMALANG!V115+'BENELAN KIDUL'!S115+CANTUK!T115+GAMBOR!N115+GUMIRIH!S115+KEMIRI!U115+LEMAHBANGKULON!Q115+PADANG!Q115+SINGOJURUH!AC115+SINGOLATREN!T115+SUMBERBARU!S115 -> 40
C116: 4. JOKO NUGROHO | E116: =ALASMALANG!V116+'BENELAN KIDUL'!S116+CANTUK!T116+GAMBOR!N116+GUMIRIH!S116+KEMIRI!U116+LEMAHBANGKULON!Q116+PADANG!Q116+SINGOJURUH!AC116+SINGOLATREN!T116+SUMBERBARU!S116 -> 52
C117: 5. MEGA PRAMESWARI | E117: =ALASMALANG!V117+'BENELAN KIDUL'!S117+CANTUK!T117+GAMBOR!N117+GUMIRIH!S117+KEMIRI!U117+LEMAHBANGKULON!Q117+PADANG!Q117+SINGOJURUH!AC117+SINGOLATREN!T117+SUMBERBARU!S117 -> 3
C118: 6. BUDI HARTONO | E118: =ALASMALANG!V118+'BENELAN KIDUL'!S118+CANTUK!T118+GAMBOR!N118+GUMIRIH!S118+KEMIRI!U118+LEMAHBANGKULON!Q118+PADANG!Q118+SINGOJURUH!AC118+SINGOLATREN!T118+SUMBERBARU!S118 -> 92
A119: B | B119: JUMLAH SUARA SAH PARTAI POLITIK DAN CALON (A1 + A2) | E119: =SUM(E112:E118) -> 221
A121: A.1 | B121: 11. | C121: Partai Garda Republik Indonesia | E121: =ALASMALANG!V121+'BENELAN KIDUL'!S121+CANTUK!T121+GAMBOR!N121+GUMIRIH!S121+KEMIRI!U121+LEMAHBANGKULON!Q121+PADANG!Q121+SINGOJURUH!AC121+SINGOLATREN!T121+SUMBERBARU!S121 -> 17
A122: B | B122: JUMLAH SUARA SAH PARTAI POLITIK DAN CALON (A1 + A2) | E122: =SUM(E121:E121) -> 17
...

Sheet ALASMALANG
C2: Kecamatan | D2: SINGOJURUH
C3: Kabupaten | D3: BANYUWANGI
C4: Provinsi | D4: JAWA TIMUR
C9: Kelurahan | D9: ALASMALANG
A12: I | B12: DATA PEMILIH DAN PENGGUNAAN HAK PILIH | V12: JUMLAH AKHIR
A13: A | B13: DATA PEMILIH | E13: TPS 001 | F13: TPS 002 | G13: TPS 003 | H13: TPS 004 | I13: TPS 005 | J13: TPS 006 | K13: TPS 007 | L13: TPS 008 | M13: TPS 009 | N13: TPS 010 | O13: TPS 011 | P13: TPS 012 | Q13: TPS 013 | R13: TPS 014 | S13: TPS 015 | T13: TPS 016 | U13: TPS 017
B14: Jumlah Pemilih dalam Daftar Pemilih Tetap (DPT) | D14: LK | E14: 124 | F14: 110 | G14: 95 | H14: 116 | I14: 101 | J14: 88 | K14: 79 | L14: 121 | M14: 101 | N14: 107 | O14: 99 | P14: 103 | Q14: 128 | R14: 83 | S14: 104 | T14: 93 | U14: 127 | V14: =SUM(E14:U14) -> 1779
D15: PR | E15: 128 | F15: 102 | G15: 92 | H15: 125 | I15: 117 | J15: 94 | K15: 93 | L15: 124 | M15: 94 | N15: 117 | O15: 90 | P15: 108 | Q15: 126 | R15: 85 | S15: 113 | T15: 113 | U15: 110 | V15: =SUM(E15:U15) -> 1831
D16: JML | E16: =SUM(E14:E15) -> 252 | F16: =SUM(F14:F15) -> 212 | G16: =SUM(G14:G15) -> 187 | H16: =SUM(H14:H15) -> 241 | I16: =SUM(I14:I15) -> 218 | J16: =SUM(J14:J15) -> 182 | K16: =SUM(K14:K15) -> 172 | L16: =SUM(L14:L15) -> 245 | ... U16: =SUM(U14:U15) -> 237 | V16: =SUM(E16:U16) -> 3610
A18: B | B18: PENGGUNA HAK PILIH
B19: 1. | C19: Jumlah pengguna hak pilih dalam Daftar Pemilih Tetap (DPT) | D19: LK | E19: 114 | F19: 90 | G19: 71 | H19: 89 | I19: 80 | J19: 65 | K19: 63 | L19: 92 | M19: 82 | N19: 86 | O19: 81 | P19: 83 | Q19: 81 | R19: 66 | S19: 81 | T19: 82 | U19: 107 | V19: =SUM(E19:U19) -> 1413
D20: PR | E20: 94 | F20: 90 | G20: 81 | H20: 95 | I20: 102 | J20: 77 | K20: 74 | L20: 100 | M20: 79 | N20: 95 | O20: 74 | P20: 86 | Q20: 96 | R20: 74 | S20: 95 | T20: 102 | U20: 104 | V20: =SUM(E20:U20) -> 1518
D21: JML | E21: =SUM(E19:E20) -> 208 | F21: =SUM(F19:F20) -> 180 | G21: =SUM(G19:G20) -> 152 | H21: =SUM(H19:H20) -> 184 | I21: =SUM(I19:I20) -> 182 | J21: =SUM(J19:J20) -> 142 | K21: =SUM(K19:K20) -> 137 | L21: =SUM(L19:L20) -> 192 | ... U21: =SUM(U19:U20) -> 211 | V21: =SUM(E21:U21) -> 2931
B22: 2. | C22: Jumlah pengguna hak pilih dalam Daftar Pemilih Tambahan (DPTb) | D22: LK | V22: =SUM(E22:U22) -> 0
D23: PR | U23: 1 | V23: =SUM(E23:U23) -> 1
D24: JML | E24: =SUM(E22:E23) -> 0 | F24: =SUM(F22:F23) -> 0 | G24: =SUM(G22:G23) -> 0 | H24: =SUM(H22:H23) -> 0 | I24: =SUM(I22:I23) -> 0 | J24: =SUM(J22:J23) -> 0 | K24: =SUM(K22:K23) -> 0 | L24: =SUM(L22:L23) -> 0 | ... U24: =SUM(U22:U23) -> 1 | V24: =SUM(E24:U24) -> 1
B25: 3. | C25: Jumlah pengguna hak pilih dalam Daftar Pemilih Khusus (DPK) | D25: LK | E25: 5 | F25: 6 | G25: 1 | H25: 0 | I25: 0 | J25: 1 | K25: 0 | L25: 1 | M25: 0 | N25: 4 | O25: 1 | P25: 2 | Q25: 3 | R25: 0 | S25: 3 | T25: 2 | V25: =SUM(E25:U25) -> 29
D26: PR | E26: 3 | F26: 6 | G26: 2 | H26: 0 | I26: 0 | J26: 2 | K26: 0 | L26: 2 | M26: 0 | N26: 1 | O26: 1 | P26: 1 | Q26: 1 | R26: 1 | S26: 1 | T26: 3 | V26: =SUM(E26:U26) -> 24
D27: JML | E27: =SUM(E25:E26) -> 8 | F27: =SUM(F25:F26) -> 12 | G27: =SUM(G25:G26) -> 3 | H27: =SUM(H25:H26) -> 0 | I27: =SUM(I25:I26) -> 0 | J27: =SUM(J25:J26) -> 3 | K27: =SUM(K25:K26) -> 0 | L27: =SUM(L25:L26) -> 3 | ... U27: =SUM(U25:U26) -> 0 | V27: =SUM(E27:U27) -> 53
B28: 4. | C28: Jumlah Pengguna Hak Pilih (B.1+B.2+B.3) | D28: LK | E28: =SUM(E19,E22,E25) -> 119 | F28: =SUM(F19,F22,F25) -> 96 | G28: =SUM(G19,G22,G25) -> 72 | H28: =SUM(H19,H22,H25) -> 89 | I28: =SUM(I19,I22,I25) -> 80 | J28: =SUM(J19,J22,J25) -> 66 | K28: =SUM(K19,K22,K25) -> 63 | L28: =SUM(L19,L22,L25) -> 93 | ... U28: =SUM(U19,U22,U25) -> 107 | V28: =SUM(E28:U28) -> 1442
D29: PR | E29: =SUM(E20,E23,E26) -> 97 | F29: =SUM(F20,F23,F26) -> 96 | G29: =SUM(G20,G23,G26) -> 83 | H29: =SUM(H20,H23,H26) -> 95 | I29: =SUM(I20,I23,I26) -> 102 | J29: =SUM(J20,J23,J26) -> 79 | K29: =SUM(K20,K23,K26) -> 74 | L29: =SUM(L20,L23,L26) -> 102 | ... U29: =SUM(U20,U23,U26) -> 105 | V29: =SUM(E29:U29) -> 1543
D30: JML | E30: =SUM(E28:E29) -> 216 | F30: =SUM(F28:F29) -> 192 | G30: =SUM(G28:G29) -> 155 | H30: =SUM(H28:H29) -> 184 | I30: =SUM(I28:I29) -> 182 | J30: =SUM(J28:J29) -> 145 | K30: =SUM(K28:K29) -> 137 | L30: =SUM(L28:L29) -> 195 | ... U30: =SUM(U28:U29) -> 212 | V30: =SUM(E30:U30) -> 2985
A32: II | B32: DATA PENGGUNAAN SURAT SUARA
A33: 1 | B33: Jumlah surat suara yang diterima, termasuk surat suara cadangan 2,5% dari DPT | E33: 258 | F33: 207 | G33: 192 | H33: 246 | I33: 223 | J33: 186 | K33: 176 | L33: 250 | M33: 199 | N33: 229 | O33: 193 | P33: 216 | Q33: 260 | R33: 172 | S33: 223 | T33: 210 | U33: 244 | V33: =SUM(E33:U33) -> 3684
A34: 2 | B34: Jumlah surat suara yang digunakan | E34: 216 | F34: 192 | G34: 155 | H34: 184 | I34: 182 | J34: 145 | K34: 137 | L34: 195 | M34: 161 | N34: 186 | O34: 157 | P34: 172 | Q34: 181 | R34: 141 | S34: 180 | T34: 189 | U34: 212 | V34: =SUM(E34:U34) -> 2985
A35: 3 | B35: Jumlah surat suara dikembalikan oleh pemilih (karena rusak atau keliru coblos) | E35: 0 | F35: 3 | G35: 0 | H35: 0 | I35: 2 | J35: 0 | K35: 0 | L35: 6 | M35: 2 | N35: 0 | O35: 0 | P35: 0 | Q35: 2 | R35: 2 | S35: 0 | T35: 3 | U35: 0 | V35: =SUM(E35:U35) -> 20
A36: 4 | B36: Jumlah surat suara yang tidak digunakan/tidak terpakai, termasuk sisa surat suara cadangan | E36: =E33-(E34+E35) -> 42 | F36: =F33-(F34+F35) -> 12 | G36: =G33-(G34+G35) -> 37 | H36: =H33-(H34+H35) -> 62 | I36: =I33-(I34+I35) -> 39 | J36: =J33-(J34+J35) -> 41 | K36: =K33-(K34+K35) -> 39 | L36: =L33-(L34+L35) -> 49 | ... U36: =U33-(U34+U35) -> 32 | V36: =SUM(E36:U36) -> 679
A38: III | B38: DATA PEMILIH DISABILITAS
B39: Jumlah seluruh Pemilih disabilitas yang menggunakan hak pilih | D39: LK | R39: 1 | V39: =SUM(E39:U39) -> 1
D40: PR | V40: =SUM(E40:U40) -> 0
D41: JML | E41: =SUM(E39:E40) -> 0 | F41: =SUM(F39:F40) -> 0 | G41: =SUM(G39:G40) -> 0 | H41: =SUM(H39:H40) -> 0 | I41: =SUM(I39:I40) -> 0 | J41: =SUM(J39:J40) -> 0 | K41: =SUM(K39:K40) -> 0 | L41: =SUM(L39:L40) -> 0 | ... U41: =SUM(U39:U40) -> 0 | V41: =SUM(E41:U41) -> 1
A43: IV | B43: DATA RINCIAN PEROLEHAN SUARA PASANGAN CALON BUPATI DAN WAKIL BUPATI
A44: NOMOR DAN NAMA CALON
A45: A.1 | B45: 1. | C45: Partai Kebangkitan Bangsa | E45: 6 | F45: 4 | G45: 5 | H45: 4 | I45: 3 | J45: 2 | K45: 8 | L45: 9 | M45: 0 | N45: 4 | O45: 5 | P45: 0 | Q45: 2 | R45: 3 | S45: 5 | T45: 8 | U45: 10 | V45: =SUM(E45:U45) -> 78
A46: A.2 | C46: 1. H. MUHAMMAD ALI MAHRUS, S.H.I., M.H | E46: 16 | F46: 18 | G46: 14 | H46: 18 | I46: 50 | J46: 5 | K46: 14 | L46: 14 | M46: 3 | N46: 0 | O46: 1 | P46: 3 | Q46: 6 | R46: 6 | S46: 13 | T46: 15 | U46: 18 | V46: =SUM(E46:U46) -> 214
C47: 2. TUPANG SOEDARGO | E47: 20 | F47: 25 | G47: 37 | H47: 31 | I47: 43 | J47: 10 | K47: 12 | L47: 71 | M47: 95 | N47: 65 | O47: 38 | P47: 75 | Q47: 29 | R47: 38 | S47: 71 | T47: 70 | U47: 98 | V47: =SUM(E47:U47) -> 828
C48: 3. Hj. KHOLIFATUL HASANAH | E48: 0 | F48: 0 | G48: 1 | H48: 0 | I48: 0 | J48: 1 | K48: 0 | L48: 1 | M48: 0 | N48: 3 | O48: 1 | P48: 0 | Q48: 0 | R48: 1 | S48: 0 | T48: 3 | U48: 1 | V48: =SUM(E48:U48) -> 12
C49: 4. FUAD HUMAIDI, S.H.I. | E49: 0 | F49: 0 | G49: 0 | H49: 0 | I49: 0 | J49: 0 | K49: 0 | L49: 0 | M49: 0 | N49: 0 | O49: 0 | P49: 0 | Q49: 0 | R49: 0 | S49: 0 | T49: 0 | U49: 0 | V49: =SUM(E49:U49) -> 0
C50: 5. ENI WIJI LESTARI | E50: 0 | F50: 0 | G50: 0 | H50: 0 | I50: 0 | J50: 0 | K50: 0 | L50: 1 | M50: 0 | N50: 1 | O50: 0 | P50: 0 | Q50: 0 | R50: 0 | S50: 0 | T50: 0 | U50: 0 | V50: =SUM(E50:U50) -> 2
C51: 6. SONNY AGUS SETIAWAN | E51: 0 | F51: 0 | G51: 0 | H51: 0 | I51: 0 | J51: 0 | K51: 1 | L51: 2 | M51: 0 | N51: 0 | O51: 0 | P51: 0 | Q51: 0 | R51: 0 | S51: 0 | T51: 0 | U51: 1 | V51: =SUM(E51:U51) -> 4
A52: B | B52: JUMLAH SUARA SAH PARTAI POLITIK DAN CALON (A1 + A2) | E52: =SUM(E45:E51) -> 42 | F52: =SUM(F45:F51) -> 47 | G52: =SUM(G45:G51) -> 57 | H52: =SUM(H45:H51) -> 53 | I52: =SUM(I45:I51) -> 96 | J52: =SUM(J45:J51) -> 18 | K52: =SUM(K45:K51) -> 35 | L52: =SUM(L45:L51) -> 98 | ... V52: =SUM(V45:V51) -> 1138
A54: A.1 | B54: 2. | C54: Partai Gerakan Indonesia Raya | E54: 7 | F54: 13 | G54: 15 | H54: 6 | I54: 2 | J54: 5 | K54: 9 | L54: 2 | M54: 4 | N54: 9 | O54: 7 | P54: 5 | Q54: 12 | R54: 13 | S54: 7 | T54: 9 | U54: 9 | V54: =SUM(E54:U54) -> 134
A55: A.2 | C55: 1. SUWITO | E55: 29 | F55: 12 | G55: 9 | H55: 11 | I55: 15 | J55: 33 | K55: 11 | L55: 15 | M55: 14 | N55: 5 | O55: 9 | P55: 7 | Q55: 9 | R55: 5 | S55: 15 | T55: 11 | U55: 9 | V55: =SUM(E55:U55) -> 219
C56: 2. LIMPAT PRAWIRO DIKDO | E56: 103 | F56: 43 | G56: 37 | H56: 17 | I56: 18 | J56: 5 | K56: 4 | L56: 3 | M56: 0 | N56: 8 | O56: 15 | P56: 2 | Q56: 38 | R56: 16 | S56: 6 | T56: 9 | U56: 10 | V56: =SUM(E56:U56) -> 334
C57: 3. PUPUT DESI PRATAMA EKA PUTRI | E57: 0 | F57: 2 | G57: 0 | H57: 0 | I57: 0 | J57: 1 | K57: 0 | L57: 1 | M57: 1 | N57: 2 | O57: 3 | P57: 1 | Q57: 0 | R57: 1 | S57: 0 | T57: 1 | U57: 1 | V57: =SUM(E57:U57) -> 14
C58: 4. RUDI HANDOKO | E58: 0 | F58: 0 | G58: 0 | H58: 1 | I58: 0 | J58: 1 | K58: 0 | L58: 0 | M58: 0 | N58: 2 | O58: 2 | P58: 0 | Q58: 1 | R58: 1 | S58: 0 | T58: 0 | U58: 0 | V58: =SUM(E58:U58) -> 8
C59: 5. IWAN SETIAWAN | E59: 0 | F59: 0 | G59: 0 | H59: 0 | I59: 0 | J59: 0 | K59: 0 | L59: 0 | M59: 0 | N59: 0 | O59: 0 | P59: 1 | Q59: 0 | R59: 0 | S59: 0 | T59: 0 | U59: 0 | V59: =SUM(E59:U59) -> 1
C60: 6. JUWITA INDRASARI | E60: 1 | F60: 0 | G60: 0 | H60: 1 | I60: 0 | J60: 0 | K60: 0 | L60: 0 | M60: 0 | N60: 3 | O60: 3 | P60: 5 | Q60: 3 | R60: 0 | S60: 0 | T60: 0 | U60: 0 | V60: =SUM(E60:U60) -> 16
A61: B | B61: JUMLAH SUARA SAH PARTAI POLITIK DAN CALON (A1 + A2) | E61: =SUM(E54:E60) -> 140 | F61: =SUM(F54:F60) -> 70 | G61: =SUM(G54:G60) -> 61 | H61: =SUM(H54:H60) -> 36 | I61: =SUM(I54:I60) -> 35 | J61: =SUM(J54:J60) -> 45 | K61: =SUM(K54:K60) -> 24 | L61: =SUM(L54:L60) -> 21 | ... V61: =SUM(V54:V60) -> 726
A63: A.1 | B63: 3. | C63: Partai Demokrasi Indonesia Perjuangan | E63: 2 | F63: 5 | G63: 2 | H63: 8 | J63: 3 | K63: 1 | L63: 11 | M63: 2 | N63: 5 | O63: 4 | P63: 1 | Q63: 5 | R63: 6 | S63: 4 | T63: 4 | U63: 1 | V63: =SUM(E63:U63) -> 64
A64: A.2 | C64: 1. AHMAD MASROHAN | E64: 1 | F64: 2 | H64: 3 | I64: 1 | N64: 5 | O64: 2 | Q64: 3 | R64: 3 | S64: 5 | T64: 5 | U64: 4 | V64: =SUM(E64:U64) -> 34
C65: 2. HARIYANTO | F65: 7 | G65: 2 | H65: 2 | I65: 2 | J65: 1 | K65: 5 | L65: 5 | M65: 2 | N65: 11 | O65: 4 | P65: 4 | Q65: 16 | R65: 7 | T65: 5 | U65: 5 | V65: =SUM(E65:U65) -> 78
C66: 3. INDAH MARHENI | E66: 1 | G66: 1 | L66: 3 | N66: 4 | O66: 4 | P66: 1 | Q66: 1 | R66: 1 | S66: 3 | V66: =SUM(E66:U66) -> 19
C67: 4. AGUS PRIYONO | N67: 9 | P67: 2 | Q67: 18 | T67: 3 | U67: 1 | V67: =SUM(E67:U67) -> 33
C68: 5. SETYA RAHAYU | E68: 2 | F68: 4 | H68: 2 | I68: 4 | J68: 1 | L68: 2 | M68: 5 | P68: 1 | V68: =SUM(E68:U68) -> 21
C69: 6. M. HAFI WIJAYA | K69: 1 | V69: =SUM(E69:U69) -> 1
A70: B | B70: JUMLAH SUARA SAH PARTAI POLITIK DAN CALON (A1 + A2) | E70: =SUM(E63:E69) -> 6 | F70: =SUM(F63:F69) -> 18 | G70: =SUM(G63:G69) -> 5 | H70: =SUM(H63:H69) -> 15 | I70: =SUM(I63:I69) -> 7 | J70: =SUM(J63:J69) -> 5 | K70: =SUM(K63:K69) -> 7 | L70: =SUM(L63:L69) -> 21 | ... V70: =SUM(V63:V69) -> 250
A72: A.1 | B72: 4. | C72: Partai Golongan Karya | E72: 1 | F72: 2 | G72: 4 | H72: 6 | I72: 1 | J72: 3 | K72: 6 | L72: 2 | N72: 4 | O72: 4 | P72: 1 | Q72: 3 | R72: 4 | S72: 1 | T72: 4 | U72: 4 | V72: =SUM(E72:U72) -> 50
A73: A.2 | C73: 1. SRI YULIANI | E73: 1 | F73: 3 | G73: 1 | H73: 1 | I73: 2 | J73: 6 | K73: 1 | L73: 14 | M73: 5 | N73: 2 | O73: 1 | P73: 5 | Q73: 5 | R73: 3 | S73: 3 | T73: 6 | U73: 10 | V73: =SUM(E73:U73) -> 69
C74: 2. ACHMAD SUMARNO, S.E. | E74: 2 | F74: 5 | G74: 6 | H74: 11 | I74: 1 | J74: 32 | K74: 30 | L74: 4 | M74: 1 | N74: 4 | O74: 3 | P74: 5 | Q74: 9 | R74: 3 | S74: 7 | U74: 4 | V74: =SUM(E74:U74) -> 127
C75: 3. MUHAMMAD SAHLAN, S.Sos., M.A. | I75: 1 | J75: 7 | K75: 1 | L75: 3 | O75: 4 | R75: 1 | S75: 3 | T75: 2 | U75: 3 | V75: =SUM(E75:U75) -> 25
C76: 4. MAYA YUSEFA, S.Pd. | V76: =SUM(E76:U76) -> 0
C77: 5. SUPARMAN | V77: =SUM(E77:U77) -> 0
C78: 6. NURHIDAYAT | N78: 1 | V78: =SUM(E78:U78) -> 1
A79: B | B79: JUMLAH SUARA SAH PARTAI POLITIK DAN CALON (A1 + A2) | E79: =SUM(E72:E78) -> 4 | F79: =SUM(F72:F78) -> 10 | G79: =SUM(G72:G78) -> 11 | H79: =SUM(H72:H78) -> 18 | I79: =SUM(I72:I78) -> 5 | J79: =SUM(J72:J78) -> 48 | K79: =SUM(K72:K78) -> 38 | L79: =SUM(L72:L78) -> 23 | ... V79: =SUM(V72:V78) -> 272
A81: A.1 | B81: 5. | C81: Partai NasDem | G81: 1 | H81: 3 | I81: 1 | M81: 1 | P81: 1 | U81: 1 | V81: =SUM(E81:U81) -> 8
A82: A.2 | C82: 1. RATIH NUR HAYATI, S.T. | N82: 1 | P82: 1 | V82: =SUM(E82:U82) -> 2
C83: 2. ISTILAH MUSTOFA, S.H. | H83: 1 | I83: 1 | V83: =SUM(E83:U83) -> 2
C84: 3. ACHMAD RIDHO HADISISWOYO, S.Tr.P. | H84: 1 | K84: 1 | N84: 1 | S84: 1 | V84: =SUM(E84:U84) -> 4
C85: 4. AKHMAD ROSIDI | V85: =SUM(E85:U85) -> 0
C86: 5. MUHAMAD VAHID FAIQ | E86: 1 | H86: 1 | K86: 2 | N86: 3 | O86: 1 | P86: 1 | S86: 4 | V86: =SUM(E86:U86) -> 13
C87: 6. TITIS MEILIKA WIYONO | V87: =SUM(E87:U87) -> 0
A88: B | B88: JUMLAH SUARA SAH PARTAI POLITIK DAN CALON (A1 + A2) | E88: =SUM(E81:E87) -> 1 | F88: =SUM(F81:F87) -> 0 | G88: =SUM(G81:G87) -> 1 | H88: =SUM(H81:H87) -> 6 | I88: =SUM(I81:I87) -> 2 | J88: =SUM(J81:J87) -> 0 | K88: =SUM(K81:K87) -> 3 | L88: =SUM(L81:L87) -> 0 | ... V88: =SUM(V81:V87) -> 29
A90: A.1 | B90: 6. | C90: Partai Buruh | F90: 1 | N90: 1 | V90: =SUM(E90:U90) -> 2
A91: B | B91: JUMLAH SUARA SAH PARTAI POLITIK DAN CALON (A1 + A2) | E91: =SUM(E90:E90) -> 0 | F91: =SUM(F90:F90) -> 1 | G91: =SUM(G90:G90) -> 0 | H91: =SUM(H90:H90) -> 0 | I91: =SUM(I90:I90) -> 0 | J91: =SUM(J90:J90) -> 0 | K91: =SUM(K90:K90) -> 0 | L91: =SUM(L90:L90) -> 0 | ... V91: =SUM(V90:V90) -> 2
A93: A.1 | B93: 7. | C93: Partai Gelombang Rakyat Indonesia | F93: 1 | S93: 1 | V93: =SUM(E93:U93) -> 2
A94: A.2 | C94: 1. RIFKI ALFAN SANI | F94: 1 | V94: =SUM(E94:U94) -> 1
C95: 2. RAPI'I | N95: 1 | S95: 1 | T95: 1 | V95: =SUM(E95:U95) -> 3
C96: 3. NUR IKA SETIAWATI | V96: =SUM(E96:U96) -> 0
A97: B | B97: JUMLAH SUARA SAH PARTAI POLITIK DAN CALON (A1 + A2) | E97: =SUM(E93:E96) -> 0 | F97: =SUM(F93:F96) -> 2 | G97: =SUM(G93:G96) -> 0 | H97: =SUM(H93:H96) -> 0 | I97: =SUM(I93:I96) -> 0 | J97: =SUM(J93:J96) -> 0 | K97: =SUM(K93:K96) -> 0 | L97: =SUM(L93:L96) -> 0 | ... V97: =SUM(V93:V96) -> 6
A99: A.1 | B99: 8. | C99: Partai Keadilan Sejahtera | I99: 1 | J99: 2 | N99: 1 | O99: 1 | V99: =SUM(E99:U99) -> 5
A100: A.2 | C100: 1. VITA RIMA YANTI, S.KM. | E100: 2 | F100: 3 | G100: 1 | H100: 1 | I100: 1 | J100: 1 | L100: 1 | M100: 1 | O100: 1 | P100: 8 | S100: 2 | V100: =SUM(E100:U100) -> 22
C101: 2. EKO WAHYU HIDAYAT, A.Md. | H101: 1 | M101: 1 | V101: =SUM(E101:U101) -> 2
C102: 3. EDY PURNOMO | P102: 1 | V102: =SUM(E102:U102) -> 1
C103: 4. SUNTARIAS PUTRI DAMAYANTI, A.Ma. | M103: 1 | V103: =SUM(E103:U103) -> 1
C104: 5. MUHAMMAD AFIF | V104: =SUM(E104:U104) -> 0
C105: 6. SHOHIB QOMAD DILLAH, S.T.P. | M105: 1 | N105: 8 | Q105: 2 | V105: =SUM(E105:U105) -> 11
A106: B | B106: JUMLAH SUARA SAH PARTAI POLITIK DAN CALON (A1 + A2) | E106: =SUM(E99:E105) -> 2 | F106: =SUM(F99:F105) -> 3 | G106: =SUM(G99:G105) -> 1 | H106: =SUM(H99:H105) -> 2 | I106: =SUM(I99:I105) -> 2 | J106: =SUM(J99:J105) -> 3 | K106: =SUM(K99:K105) -> 0 | L106: =SUM(L99:L105) -> 1 | ... V106: =SUM(V99:V105) -> 42
A108: A.1 | B108: 9. | C108: Partai Kebangkitan Nusantara | V108: =SUM(E108:U108) -> 0
A109: A.2 | C109: 1. AGUS TARMIDI | V109: =SUM(E109:U109) -> 0
A110: B | B110: JUMLAH SUARA SAH PARTAI POLITIK DAN CALON (A1 + A2) | E110: =SUM(E108:E109) -> 0 | F110: =SUM(F108:F109) -> 0 | G110: =SUM(G108:G109) -> 0 | H110: =SUM(H108:H109) -> 0 | I110: =SUM(I108:I109) -> 0 | J110: =SUM(J108:J109) -> 0 | K110: =SUM(K108:K109) -> 0 | L110: =SUM(L108:L109) -> 0 | ... V110: =SUM(V108:V109) -> 0
A112: A.1 | B112: 10. | C112: Partai Hati Nurani Rakyat | V112: =SUM(E112:U112) -> 0
A113: A.2 | C113: 1. MOHAMAD ROSUL | K113: 1 | L113: 2 | T113: 1 | V113: =SUM(E113:U113) -> 4
C114: 2. H. AHMAD NUR ALCHAFFAF | P114: 2 | S114: 1 | V114: =SUM(E114:U114) -> 3
C115: 3. ISTIQUMILAILLI | R115: 2 | V115: =SUM(E115:U115) -> 2
C116: 4. JOKO NUGROHO | F116: 1 | J116: 2 | L116: 2 | P116: 1 | S116: 1 | V116: =SUM(E116:U116) -> 7
C117: 5. MEGA PRAMESWARI | Q117: 2 | V117: =SUM(E117:U117) -> 2
C118: 6. BUDI HARTONO | R118: 2 | V118: =SUM(E118:U118) -> 2
A119: B | B119: JUMLAH SUARA SAH PARTAI POLITIK DAN CALON (A1 + A2) | E119: =SUM(E112:E118) -> 0 | F119: =SUM(F112:F118) -> 1 | G119: =SUM(G112:G118) -> 0 | H119: =SUM(H112:H118) -> 0 | I119: =SUM(I112:I118) -> 0 | J119: =SUM(J112:J118) -> 2 | K119: =SUM(K112:K118) -> 1 | L119: =SUM(L112:L118) -> 4 | ... V119: =SUM(V112:V118) -> 20
A121: A.1 | B121: 11. | C121: Partai Garda Republik Indonesia | R121: 1 | S121: 1 | V121: =SUM(E121:U121) -> 2
...

Sheet BENELAN KIDUL
C2: Kecamatan | D2: SINGOJURUH
C3: Kabupaten | D3: BANYUWANGI
C4: Provinsi | D4: JAWA TIMUR
C9: Kelurahan | D9: BENELAN KIDUL
A12: I | B12: DATA PEMILIH DAN PENGGUNAAN HAK PILIH | S12: JUMLAH AKHIR
A13: A | B13: DATA PEMILIH | E13: TPS 001 | F13: TPS 002 | G13: TPS 003 | H13: TPS 004 | I13: TPS 005 | J13: TPS 006 | K13: TPS 007 | L13: TPS 008 | M13: TPS 009 | N13: TPS 010 | O13: TPS 011 | P13: TPS 012 | Q13: TPS 013 | R13: TPS 014
B14: Jumlah Pemilih dalam Daftar Pemilih Tetap (DPT) | D14: LK | E14: 138 | F14: 130 | G14: 130 | H14: 146 | I14: 139 | J14: 137 | K14: 149 | L14: 133 | M14: 123 | N14: 136 | O14: 128 | P14: 107 | Q14: 127 | R14: 117 | S14: =SUM(E14:R14) -> 1840
D15: PR | E15: 126 | F15: 119 | G15: 135 | H15: 133 | I15: 129 | J15: 144 | K15: 133 | L15: 134 | M15: 115 | N15: 125 | O15: 139 | P15: 101 | Q15: 123 | R15: 112 | S15: =SUM(E15:R15) -> 1768
D16: JML | E16: =SUM(E14:E15) -> 264 | F16: =SUM(F14:F15) -> 249 | G16: =SUM(G14:G15) -> 265 | H16: =SUM(H14:H15) -> 279 | I16: =SUM(I14:I15) -> 268 | J16: =SUM(J14:J15) -> 281 | K16: =SUM(K14:K15) -> 282 | L16: =SUM(L14:L15) -> 267 | ... R16: =SUM(R14:R15) -> 229 | S16: =SUM(E16:R16) -> 3608
A18: B | B18: PENGGUNA HAK PILIH
B19: 1. | C19: Jumlah pengguna hak pilih dalam Daftar Pemilih Tetap (DPT) | D19: LK | E19: 111 | F19: 107 | G19: 102 | H19: 112 | I19: 110 | J19: 105 | K19: 117 | L19: 102 | M19: 86 | N19: 101 | O19: 93 | P19: 82 | Q19: 97 | R19: 96 | S19: =SUM(E19:R19) -> 1421
D20: PR | E20: 108 | F20: 99 | G20: 113 | H20: 114 | I20: 106 | J20: 117 | K20: 115 | L20: 108 | M20: 93 | N20: 83 | O20: 108 | P20: 78 | Q20: 107 | R20: 98 | S20: =SUM(E20:R20) -> 1447
D21: JML | E21: =SUM(E19:E20) -> 219 | F21: =SUM(F19:F20) -> 206 | G21: =SUM(G19:G20) -> 215 | H21: =SUM(H19:H20) -> 226 | I21: =SUM(I19:I20) -> 216 | J21: =SUM(J19:J20) -> 222 | K21: =SUM(K19:K20) -> 232 | L21: =SUM(L19:L20) -> 210 | ... R21: =SUM(R19:R20) -> 194 | S21: =SUM(E21:R21) -> 2868
B22: 2. | C22: Jumlah pengguna hak pilih dalam Daftar Pemilih Tambahan (DPTb) | D22: LK | F22: 1 | H22: 2 | M22: 1 | S22: =SUM(E22:R22) -> 4
D23: PR | F23: 1 | H23: 1 | M23: 1 | S23: =SUM(E23:R23) -> 3
D24: JML | E24: =SUM(E22:E23) -> 0 | F24: =SUM(F22:F23) -> 2 | G24: =SUM(G22:G23) -> 0 | H24: =SUM(H22:H23) -> 3 | I24: =SUM(I22:I23) -> 0 | J24: =SUM(J22:J23) -> 0 | K24: =SUM(K22:K23) -> 0 | L24: =SUM(L22:L23) -> 0 | ... R24: =SUM(R22:R23) -> 0 | S24: =SUM(E24:R24) -> 7
B25: 3. | C25: Jumlah pengguna hak pilih dalam Daftar Pemilih Khusus (DPK) | D25: LK | F25: 4 | G25: 1 | M25: 2 | O25: 3 | S25: =SUM(E25:R25) -> 10
D26: PR | F26: 6 | G26: 1 | J26: 2 | M26: 3 | O26: 2 | S26: =SUM(E26:R26) -> 14
D27: JML | E27: =SUM(E25:E26) -> 0 | F27: =SUM(F25:F26) -> 10 | G27: =SUM(G25:G26) -> 2 | H27: =SUM(H25:H26) -> 0 | I27: =SUM(I25:I26) -> 0 | J27: =SUM(J25:J26) -> 2 | K27: =SUM(K25:K26) -> 0 | L27: =SUM(L25:L26) -> 0 | ... R27: =SUM(R25:R26) -> 0 | S27: =SUM(E27:R27) -> 24
B28: 4. | C28: Jumlah Pengguna Hak Pilih (B.1+B.2+B.3) | D28: LK | E28: =SUM(E19,E22,E25) -> 111 | F28: =SUM(F19,F22,F25) -> 112 | G28: =SUM(G19,G22,G25) -> 103 | H28: =SUM(H19,H22,H25) -> 114 | I28: =SUM(I19,I22,I25) -> 110 | J28: =SUM(J19,J22,J25) -> 105 | K28: =SUM(K19,K22,K25) -> 117 | L28: =SUM(L19,L22,L25) -> 102 | ... R28: =SUM(R19,R22,R25) -> 96 | S28: =SUM(E28:R28) -> 1435
D29: PR | E29: =SUM(E20,E23,E26) -> 108 | F29: =SUM(F20,F23,F26) -> 106 | G29: =SUM(G20,G23,G26) -> 114 | H29: =SUM(H20,H23,H26) -> 115 | I29: =SUM(I20,I23,I26) -> 106 | J29: =SUM(J20,J23,J26) -> 119 | K29: =SUM(K20,K23,K26) -> 115 | L29: =SUM(L20,L23,L26) -> 108 | ... R29: =SUM(R20,R23,R26) -> 98 | S29: =SUM(E29:R29) -> 1464
D30: JML | E30: =SUM(E28:E29) -> 219 | F30: =SUM(F28:F29) -> 218 | G30: =SUM(G28:G29) -> 217 | H30: =SUM(H28:H29) -> 229 | I30: =SUM(I28:I29) -> 216 | J30: =SUM(J28:J29) -> 224 | K30: =SUM(K28:K29) -> 232 | L30: =SUM(L28:L29) -> 210 | ... R30: =SUM(R28:R29) -> 194 | S30: =SUM(E30:R30) -> 2899
A32: II | B32: DATA PENGGUNAAN SURAT SUARA
A33: 1 | B33: Jumlah surat suara yang diterima, termasuk surat suara cadangan 2,5% dari DPT | E33: 270 | F33: 255 | G33: 271 | H33: 285 | I33: 274 | J33: 287 | K33: 289 | L33: 273 | M33: 243 | N33: 267 | O33: 275 | P33: 211 | Q33: 255 | R33: 234 | S33: =SUM(E33:R33) -> 3689
A34: 2 | B34: Jumlah surat suara yang digunakan | E34: 219 | F34: 218 | G34: 217 | H34: 229 | I34: 216 | J34: 224 | K34: 232 | L34: 210 | M34: 186 | N34: 184 | O34: 206 | P34: 160 | Q34: 204 | R34: 194 | S34: =SUM(E34:R34) -> 2899
A35: 3 | B35: Jumlah surat suara dikembalikan oleh pemilih (karena rusak atau keliru coblos) | F35: 2 | G35: 4 | I35: 2 | J35: 1 | K35: 1 | O35: 1 | S35: =SUM(E35:R35) -> 11
A36: 4 | B36: Jumlah surat suara yang tidak digunakan/tidak terpakai, termasuk sisa surat suara cadangan | E36: =E33-(E34+E35) -> 51 | F36: =F33-(F34+F35) -> 35 | G36: =G33-(G34+G35) -> 50 | H36: =H33-(H34+H35) -> 56 | I36: =I33-(I34+I35) -> 56 | J36: =J33-(J34+J35) -> 62 | K36: =K33-(K34+K35) -> 56 | L36: =L33-(L34+L35) -> 63 | ... R36: =R33-(R34+R35) -> 40 | S36: =SUM(E36:R36) -> 779
A38: III | B38: DATA PEMILIH DISABILITAS
B39: Jumlah seluruh Pemilih disabilitas yang menggunakan hak pilih | D39: LK | F39: 1 | H39: 2 | N39: 2 | S39: =SUM(E39:R39) -> 5
D40: PR | F40: 3 | H40: 4 | J40: 4 | N40: 2 | S40: =SUM(E40:R40) -> 13
D41: JML | E41: =SUM(E39:E40) -> 0 | F41: =SUM(F39:F40) -> 4 | G41: =SUM(G39:G40) -> 0 | H41: =SUM(H39:H40) -> 6 | I41: =SUM(I39:I40) -> 0 | J41: =SUM(J39:J40) -> 4 | K41: =SUM(K39:K40) -> 0 | L41: =SUM(L39:L40) -> 0 | ... R41: =SUM(R39:R40) -> 0 | S41: =SUM(E41:R41) -> 18
A43: IV | B43: DATA RINCIAN PEROLEHAN SUARA PASANGAN CALON BUPATI DAN WAKIL BUPATI
A44: NOMOR DAN NAMA CALON
A45: A.1 | B45: 1. | C45: Partai Kebangkitan Bangsa | E45: 3 | F45: 10 | G45: 9 | H45: 6 | I45: 7 | J45: 10 | K45: 10 | L45: 16 | M45: 13 | N45: 9 | O45: 4 | P45: 3 | Q45: 11 | R45: 6 | S45: =SUM(E45:R45) -> 117
A46: A.2 | C46: 1. H. MUHAMMAD ALI MAHRUS, S.H.I., M.H | E46: 17 | F46: 45 | G46: 32 | H46: 14 | I46: 42 | J46: 52 | K46: 24 | L46: 30 | M46: 71 | N46: 14 | O46: 15 | P46: 4 | Q46: 18 | R46: 8 | S46: =SUM(E46:R46) -> 386
C47: 2. TUPANG SOEDARGO | E47: 3 | F47: 3 | G47: 2 | H47: 20 | I47: 14 | J47: 25 | K47: 87 | L47: 67 | M47: 30 | N47: 58 | O47: 38 | P47: 39 | Q47: 58 | R47: 27 | S47: =SUM(E47:R47) -> 471
C48: 3. Hj. KHOLIFATUL HASANAH | E48: 3 | F48: 2 | G48: 0 | H48: 0 | I48: 0 | J48: 1 | K48: 2 | L48: 0 | M48: 1 | N48: 0 | O48: 1 | P48: 1 | Q48: 1 | R48: 1 | S48: =SUM(E48:R48) -> 13
C49: 4. FUAD HUMAIDI, S.H.I. | E49: 0 | F49: 0 | G49: 0 | H49: 0 | I49: 0 | J49: 1 | K49: 0 | L49: 0 | M49: 0 | N49: 0 | O49: 0 | P49: 0 | Q49: 0 | R49: 0 | S49: =SUM(E49:R49) -> 1
C50: 5. ENI WIJI LESTARI | E50: 0 | F50: 1 | G50: 0 | H50: 1 | I50: 0 | J50: 0 | K50: 0 | L50: 0 | M50: 0 | N50: 0 | O50: 0 | P50: 0 | Q50: 0 | R50: 0 | S50: =SUM(E50:R50) -> 2
C51: 6. SONNY AGUS SETIAWAN | E51: 0 | F51: 0 | G51: 2 | H51: 0 | I51: 1 | J51: 0 | K51: 0 | L51: 0 | M51: 0 | N51: 1 | O51: 0 | P51: 0 | Q51: 1 | R51: 0 | S51: =SUM(E51:R51) -> 5
A52: B | B52: JUMLAH SUARA SAH PARTAI POLITIK DAN CALON (A1 + A2) | E52: =SUM(E45:E51) -> 26 | F52: =SUM(F45:F51) -> 61 | G52: =SUM(G45:G51) -> 45 | H52: =SUM(H45:H51) -> 41 | I52: =SUM(I45:I51) -> 64 | J52: =SUM(J45:J51) -> 89 | K52: =SUM(K45:K51) -> 123 | L52: =SUM(L45:L51) -> 113 | ... S52: =SUM(S45:S51) -> 995
A54: A.1 | B54: 2. | C54: Partai Gerakan Indonesia Raya | E54: 2 | F54: 7 | G54: 3 | H54: 7 | I54: 9 | J54: 7 | K54: 17 | L54: 2 | M54: 5 | N54: 21 | O54: 7 | P54: 6 | Q54: 4 | R54: 5 | S54: =SUM(E54:R54) -> 102
A55: A.2 | C55: 1. SUWITO | E55: 8 | F55: 20 | G55: 21 | H55: 51 | I55: 15 | J55: 24 | K55: 13 | L55: 1 | M55: 3 | N55: 5 | O55: 8 | P55: 12 | Q55: 12 | R55: 12 | S55: =SUM(E55:R55) -> 205
C56: 2. LIMPAT PRAWIRO DIKDO | E56: 3 | F56: 1 | G56: 1 | H56: 8 | I56: 10 | J56: 9 | K56: 8 | L56: 12 | M56: 6 | N56: 7 | O56: 12 | P56: 7 | Q56: 4 | R56: 7 | S56: =SUM(E56:R56) -> 95
C57: 3. PUPUT DESI PRATAMA EKA PUTRI | E57: 3 | F57: 2 | G57: 0 | H57: 3 | I57: 0 | J57: 0 | K57: 2 | L57: 2 | M57: 1 | N57: 1 | O57: 0 | P57: 0 | Q57: 0 | R57: 0 | S57: =SUM(E57:R57) -> 14
C58: 4. RUDI HANDOKO | E58: 0 | F58: 0 | G58: 0 | H58: 2 | I58: 0 | J58: 1 | K58: 1 | L58: 2 | M58: 1 | N58: 0 | O58: 8 | P58: 4 | Q58: 1 | R58: 1 | S58: =SUM(E58:R58) -> 21
C59: 5. IWAN SETIAWAN | E59: 1 | F59: 0 | G59: 0 | H59: 0 | I59: 0 | J59: 0 | K59: 0 | L59: 0 | M59: 0 | N59: 0 | O59: 0 | P59: 0 | Q59: 0 | R59: 0 | S59: =SUM(E59:R59) -> 1
C60: 6. JUWITA INDRASARI | E60: 0 | F60: 0 | G60: 0 | H60: 0 | I60: 0 | J60: 0 | K60: 0 | L60: 0 | M60: 0 | N60: 0 | O60: 0 | P60: 0 | Q60: 0 | R60: 0 | S60: =SUM(E60:R60) -> 0
A61: B | B61: JUMLAH SUARA SAH PARTAI POLITIK DAN CALON (A1 + A2) | E61: =SUM(E54:E60) -> 17 | F61: =SUM(F54:F60) -> 30 | G61: =SUM(G54:G60) -> 25 | H61: =SUM(H54:H60) -> 71 | I61: =SUM(I54:I60) -> 34 | J61: =SUM(J54:J60) -> 41 | K61: =SUM(K54:K60) -> 41 | L61: =SUM(L54:L60) -> 19 | ... S61: =SUM(S54:S60) -> 438
A63: A.1 | B63: 3. | C63: Partai Demokrasi Indonesia Perjuangan | E63: 9 | F63: 13 | G63: 8 | H63: 6 | I63: 9 | J63: 7 | K63: 7 | L63: 8 | M63: 2 | N63: 10 | O63: 7 | P63: 5 | Q63: 7 | R63: 9 | S63: =SUM(E63:R63) -> 107
A64: A.2 | C64: 1. AHMAD MASROHAN | E64: 2 | F64: 1 | G64: 1 | H64: 0 | I64: 2 | J64: 0 | K64: 2 | L64: 1 | M64: 2 | N64: 8 | O64: 11 | P64: 9 | Q64: 2 | R64: 11 | S64: =SUM(E64:R64) -> 52
C65: 2. HARIYANTO | E65: 98 | F65: 52 | G65: 59 | H65: 43 | I65: 42 | J65: 24 | K65: 12 | L65: 11 | M65: 4 | N65: 9 | O65: 39 | P65: 39 | Q65: 30 | R65: 32 | S65: =SUM(E65:R65) -> 494
C66: 3. INDAH MARHENI | E66: 2 | F66: 0 | G66: 1 | H66: 4 | I66: 1 | J66: 3 | K66: 2 | L66: 1 | M66: 1 | N66: 1 | O66: 1 | P66: 3 | Q66: 2 | R66: 1 | S66: =SUM(E66:R66) -> 23
C67: 4. AGUS PRIYONO | E67: 0 | F67: 0 | G67: 0 | H67: 1 | I67: 2 | J67: 0 | K67: 0 | L67: 0 | M67: 0 | N67: 0 | O67: 0 | P67: 0 | Q67: 0 | R67: 1 | S67: =SUM(E67:R67) -> 4
C68: 5. SETYA RAHAYU | E68: 16 | F68: 20 | G68: 27 | H68: 0 | I68: 1 | J68: 2 | K68: 2 | L68: 0 | M68: 0 | N68: 0 | O68: 0 | P68: 0 | Q68: 1 | R68: 1 | S68: =SUM(E68:R68) -> 70
C69: 6. M. HAFI WIJAYA | E69: 0 | F69: 0 | G69: 0 | H69: 0 | I69: 0 | J69: 0 | K69: 0 | L69: 0 | M69: 0 | N69: 0 | O69: 0 | P69: 0 | Q69: 0 | R69: 0 | S69: =SUM(E69:R69) -> 0
A70: B | B70: JUMLAH SUARA SAH PARTAI POLITIK DAN CALON (A1 + A2) | E70: =SUM(E63:E69) -> 127 | F70: =SUM(F63:F69) -> 86 | G70: =SUM(G63:G69) -> 96 | H70: =SUM(H63:H69) -> 54 | I70: =SUM(I63:I69) -> 57 | J70: =SUM(J63:J69) -> 36 | K70: =SUM(K63:K69) -> 25 | L70: =SUM(L63:L69) -> 21 | ... S70: =SUM(S63:S69) -> 750
A72: A.1 | B72: 4. | C72: Partai Golongan Karya | E72: 1 | F72: 2 | G72: 2 | H72: 1 | I72: 2 | J72: 0 | K72: 1 | L72: 4 | M72: 1 | N72: 2 | O72: 4 | P72: 1 | Q72: 1 | R72: 5 | S72: =SUM(E72:R72) -> 27
A73: A.2 | C73: 1. SRI YULIANI | E73: 14 | F73: 5 | G73: 9 | H73: 3 | I73: 1 | J73: 1 | K73: 1 | L73: 7 | M73: 5 | N73: 5 | O73: 5 | P73: 4 | Q73: 9 | R73: 3 | S73: =SUM(E73:R73) -> 72
C74: 2. ACHMAD SUMARNO, S.E. | E74: 0 | F74: 2 | G74: 8 | H74: 2 | I74: 0 | J74: 0 | K74: 0 | L74: 0 | M74: 0 | N74: 1 | O74: 0 | P74: 4 | Q74: 0 | R74: 1 | S74: =SUM(E74:R74) -> 18
C75: 3. MUHAMMAD SAHLAN, S.Sos., M.A. | E75: 1 | F75: 0 | G75: 0 | H75: 1 | I75: 0 | J75: 0 | K75: 1 | L75: 0 | M75: 0 | N75: 0 | O75: 0 | P75: 0 | Q75: 2 | R75: 3 | S75: =SUM(E75:R75) -> 8
C76: 4. MAYA YUSEFA, S.Pd. | E76: 0 | F76: 0 | G76: 0 | H76: 1 | I76: 0 | J76: 0 | K76: 0 | L76: 0 | M76: 0 | N76: 0 | O76: 0 | P76: 0 | Q76: 0 | R76: 0 | S76: =SUM(E76:R76) -> 1
C77: 5. SUPARMAN | E77: 0 | F77: 0 | G77: 0 | H77: 0 | I77: 0 | J77: 0 | K77: 0 | L77: 0 | M77: 0 | N77: 0 | O77: 0 | P77: 0 | Q77: 0 | R77: 0 | S77: =SUM(E77:R77) -> 0
C78: 6. NURHIDAYAT | E78: 0 | F78: 0 | G78: 0 | H78: 0 | I78: 0 | J78: 0 | K78: 0 | L78: 0 | M78: 0 | N78: 0 | O78: 0 | P78: 1 | Q78: 3 | R78: 0 | S78: =SUM(E78:R78) -> 4
A79: B | B79: JUMLAH SUARA SAH PARTAI POLITIK DAN CALON (A1 + A2) | E79: =SUM(E72:E78) -> 16 | F79: =SUM(F72:F78) -> 9 | G79: =SUM(G72:G78) -> 19 | H79: =SUM(H72:H78) -> 8 | I79: =SUM(I72:I78) -> 3 | J79: =SUM(J72:J78) -> 1 | K79: =SUM(K72:K78) -> 3 | L79: =SUM(L72:L78) -> 11 | ... S79: =SUM(S72:S78) -> 130
A81: A.1 | B81: 5. | C81: Partai NasDem | E81: 0 | F81: 2 | G81: 2 | H81: 1 | I81: 3 | J81: 2 | K81: 1 | L81: 0 | M81: 0 | N81: 2 | O81: 0 | P81: 0 | Q81: 0 | R81: 0 | S81: =SUM(E81:R81) -> 13
A82: A.2 | C82: 1. RATIH NUR HAYATI, S.T. | E82: 0 | F82: 0 | G82: 1 | H82: 0 | I82: 0 | J82: 1 | K82: 0 | L82: 0 | M82: 0 | N82: 1 | O82: 1 | P82: 0 | Q82: 0 | R82: 0 | S82: =SUM(E82:R82) -> 4
C83: 2. ISTILAH MUSTOFA, S.H. | E83: 0 | F83: 0 | G83: 0 | H83: 1 | I83: 1 | J83: 0 | K83: 0 | L83: 0 | M83: 0 | N83: 0 | O83: 0 | P83: 0 | Q83: 0 | R83: 0 | S83: =SUM(E83:R83) -> 2
C84: 3. ACHMAD RIDHO HADISISWOYO, S.Tr.P. | E84: 0 | F84: 0 | G84: 0 | H84: 0 | I84: 0 | J84: 0 | K84: 0 | L84: 0 | M84: 0 | N84: 0 | O84: 0 | P84: 0 | Q84: 2 | R84: 0 | S84: =SUM(E84:R84) -> 2
C85: 4. AKHMAD ROSIDI | E85: 0 | F85: 0 | G85: 0 | H85: 0 | I85: 0 | J85: 0 | K85: 0 | L85: 0 | M85: 0 | N85: 0 | O85: 0 | P85: 0 | Q85: 0 | R85: 0 | S85: =SUM(E85:R85) -> 0
C86: 5. MUHAMAD VAHID FAIQ | E86: 0 | F86: 6 | G86: 0 | H86: 0 | I86: 0 | J86: 0 | K86: 0 | L86: 1 | M86: 0 | N86: 7 | O86: 6 | P86: 2 | Q86: 1 | R86: 1 | S86: =SUM(E86:R86) -> 24
C87: 6. TITIS MEILIKA WIYONO | E87: 18 | F87: 6 | G87: 2 | H87: 0 | I87: 1 | J87: 1 | K87: 4 | L87: 9 | M87: 0 | N87: 0 | O87: 0 | P87: 0 | Q87: 0 | R87: 0 | S87: =SUM(E87:R87) -> 41
A88: B | B88: JUMLAH SUARA SAH PARTAI POLITIK DAN CALON (A1 + A2) | E88: =SUM(E81:E87) -> 18 | F88: =SUM(F81:F87) -> 14 | G88: =SUM(G81:G87) -> 5 | H88: =SUM(H81:H87) -> 2 | I88: =SUM(I81:I87) -> 5 | J88: =SUM(J81:J87) -> 4 | K88: =SUM(K81:K87) -> 5 | L88: =SUM(L81:L87) -> 10 | ... S88: =SUM(S81:S87) -> 86
A90: A.1 | B90: 6. | C90: Partai Buruh | E90: 0 | F90: 1 | G90: 0 | H90: 0 | I90: 1 | J90: 0 | K90: 0 | L90: 1 | M90: 0 | N90: 0 | O90: 0 | P90: 0 | Q90: 0 | R90: 0 | S90: =SUM(E90:R90) -> 3
A91: B | B91: JUMLAH SUARA SAH PARTAI POLITIK DAN CALON (A1 + A2) | E91: =SUM(E90:E90) -> 0 | F91: =SUM(F90:F90) -> 1 | G91: =SUM(G90:G90) -> 0 | H91: =SUM(H90:H90) -> 0 | I91: =SUM(I90:I90) -> 1 | J91: =SUM(J90:J90) -> 0 | K91: =SUM(K90:K90) -> 0 | L91: =SUM(L90:L90) -> 1 | ... S91: =SUM(S90:S90) -> 3
A93: A.1 | B93: 7. | C93: Partai Gelombang Rakyat Indonesia | E93: 0 | F93: 0 | G93: 0 | H93: 0 | I93: 0 | J93: 0 | K93: 0 | L93: 1 | M93: 0 | N93: 0 | O93: 0 | P93: 0 | Q93: 0 | R93: 0 | S93: =SUM(E93:R93) -> 1
A94: A.2 | C94: 1. RIFKI ALFAN SANI | E94: 0 | F94: 0 | G94: 0 | H94: 1 | I94: 0 | J94: 0 | K94: 0 | L94: 0 | M94: 0 | N94: 0 | O94: 0 | P94: 0 | Q94: 0 | R94: 0 | S94: =SUM(E94:R94) -> 1
C95: 2. RAPI'I | E95: 0 | F95: 0 | G95: 0 | H95: 0 | I95: 0 | J95: 0 | K95: 0 | L95: 0 | M95: 0 | N95: 0 | O95: 0 | P95: 0 | Q95: 0 | R95: 0 | S95: =SUM(E95:R95) -> 0
C96: 3. NUR IKA SETIAWATI | E96: 0 | F96: 0 | G96: 0 | H96: 0 | I96: 0 | J96: 0 | K96: 0 | L96: 0 | M96: 0 | N96: 0 | O96: 0 | P96: 0 | Q96: 0 | R96: 0 | S96: =SUM(E96:R96) -> 0
A97: B | B97: JUMLAH SUARA SAH PARTAI POLITIK DAN CALON (A1 + A2) | E97: =SUM(E93:E96) -> 0 | F97: =SUM(F93:F96) -> 0 | G97: =SUM(G93:G96) -> 0 | H97: =SUM(H93:H96) -> 1 | I97: =SUM(I93:I96) -> 0 | J97: =SUM(J93:J96) -> 0 | K97: =SUM(K93:K96) -> 0 | L97: =SUM(L93:L96) -> 1 | ... S97: =SUM(S93:S96) -> 2
A99: A.1 | B99: 8. | C99: Partai Keadilan Sejahtera | E99: 0 | F99: 0 | G99: 0 | H99: 1 | I99: 0 | J99: 0 | K99: 0 | L99: 0 | M99: 0 | N99: 0 | O99: 0 | P99: 0 | Q99: 0 | R99: 0 | S99: =SUM(E99:R99) -> 1
A100: A.2 | C100: 1. VITA RIMA YANTI, S.KM. | E100: 0 | F100: 0 | G100: 0 | H100: 0 | I100: 1 | J100: 0 | K100: 0 | L100: 0 | M100: 1 | N100: 0 | O100: 0 | P100: 0 | Q100: 0 | R100: 0 | S100: =SUM(E100:R100) -> 2
C101: 2. EKO WAHYU HIDAYAT, A.Md. | E101: 0 | F101: 1 | G101: 0 | H101: 0 | I101: 0 | J101: 0 | K101: 0 | L101: 0 | M101: 1 | N101: 0 | O101: 0 | P101: 0 | Q101: 0 | R101: 0 | S101: =SUM(E101:R101) -> 2
C102: 3. EDY PURNOMO | E102: 0 | F102: 0 | G102: 0 | H102: 0 | I102: 0 | J102: 0 | K102: 0 | L102: 0 | M102: 0 | N102: 0 | O102: 0 | P102: 0 | Q102: 0 | R102: 0 | S102: =SUM(E102:R102) -> 0
C103: 4. SUNTARIAS PUTRI DAMAYANTI, A.Ma. | E103: 0 | F103: 0 | G103: 0 | H103: 1 | I103: 0 | J103: 0 | K103: 0 | L103: 0 | M103: 0 | N103: 0 | O103: 0 | P103: 0 | Q103: 0 | R103: 0 | S103: =SUM(E103:R103) -> 1
C104: 5. MUHAMMAD AFIF | E104: 0 | F104: 0 | G104: 0 | H104: 0 | I104: 0 | J104: 0 | K104: 0 | L104: 0 | M104: 0 | N104: 0 | O104: 0 | P104: 0 | Q104: 0 | R104: 0 | S104: =SUM(E104:R104) -> 0
C105: 6. SHOHIB QOMAD DILLAH, S.T.P. | E105: 0 | F105: 1 | G105: 0 | H105: 0 | I105: 0 | J105: 0 | K105: 0 | L105: 0 | M105: 0 | N105: 0 | O105: 0 | P105: 0 | Q105: 0 | R105: 0 | S105: =SUM(E105:R105) -> 1
A106: B | B106: JUMLAH SUARA SAH PARTAI POLITIK DAN CALON (A1 + A2) | E106: =SUM(E99:E105) -> 0 | F106: =SUM(F99:F105) -> 2 | G106: =SUM(G99:G105) -> 0 | H106: =SUM(H99:H105) -> 2 | I106: =SUM(I99:I105) -> 1 | J106: =SUM(J99:J105) -> 0 | K106: =SUM(K99:K105) -> 0 | L106: =SUM(L99:L105) -> 0 | ... S106: =SUM(S99:S105) -> 7
A108: A.1 | B108: 9. | C108: Partai Kebangkitan Nusantara | S108: =SUM(E108:R108) -> 0
A109: A.2 | C109: 1. AGUS TARMIDI | S109: =SUM(E109:R109) -> 0
A110: B | B110: JUMLAH SUARA SAH PARTAI POLITIK DAN CALON (A1 + A2) | E110: =SUM(E108:E109) -> 0 | F110: =SUM(F108:F109) -> 0 | G110: =SUM(G108:G109) -> 0 | H110: =SUM(H108:H109) -> 0 | I110: =SUM(I108:I109) -> 0 | J110: =SUM(J108:J109) -> 0 | K110: =SUM(K108:K109) -> 0 | L110: =SUM(L108:L109) -> 0 | ... S110: =SUM(S108:S109) -> 0
A112: A.1 | B112: 10. | C112: Partai Hati Nurani Rakyat | E112: 0 | F112: 0 | G112: 0 | H112: 0 | I112: 0 | J112: 0 | K112: 0 | L112: 0 | M112: 0 | N112: 0 | O112: 0 | P112: 0 | Q112: 0 | R112: 0 | S112: =SUM(E112:R112) -> 0
A113: A.2 | C113: 1. MOHAMAD ROSUL | E113: 0 | F113: 0 | G113: 0 | H113: 0 | I113: 0 | J113: 0 | K113: 0 | L113: 0 | M113: 0 | N113: 0 | O113: 0 | P113: 0 | Q113: 0 | R113: 0 | S113: =SUM(E113:R113) -> 0
C114: 2. H. AHMAD NUR ALCHAFFAF | E114: 0 | F114: 0 | G114: 0 | H114: 0 | I114: 0 | J114: 0 | K114: 0 | L114: 0 | M114: 0 | N114: 1 | O114: 0 | P114: 0 | Q114: 0 | R114: 0 | S114: =SUM(E114:R114) -> 1
C115: 3. ISTIQUMILAILLI | E115: 0 | F115: 0 | G115: 0 | H115: 0 | I115: 0 | J115: 0 | K115: 0 | L115: 0 | M115: 0 | N115: 0 | O115: 0 | P115: 0 | Q115: 0 | R115: 0 | S115: =SUM(E115:R115) -> 0
C116: 4. JOKO NUGROHO | E116: 0 | F116: 0 | G116: 0 | H116: 0 | I116: 0 | J116: 0 | K116: 0 | L116: 0 | M116: 0 | N116: 0 | O116: 3 | P116: 0 | Q116: 0 | R116: 2 | S116: =SUM(E116:R116) -> 5
C117: 5. MEGA PRAMESWARI | E117: 0 | F117: 0 | G117: 0 | H117: 0 | I117: 0 | J117: 0 | K117: 0 | L117: 0 | M117: 0 | N117: 0 | O117: 1 | P117: 0 | Q117: 0 | R117: 0 | S117: =SUM(E117:R117) -> 1
C118: 6. BUDI HARTONO | E118: 0 | F118: 0 | G118: 0 | H118: 0 | I118: 2 | J118: 0 | K118: 0 | L118: 0 | M118: 0 | N118: 0 | O118: 0 | P118: 0 | Q118: 0 | R118: 0 | S118: =SUM(E118:R118) -> 2
A119: B | B119: JUMLAH SUARA SAH PARTAI POLITIK DAN CALON (A1 + A2) | E119: =SUM(E112:E118) -> 0 | F119: =SUM(F112:F118) -> 0 | G119: =SUM(G112:G118) -> 0 | H119: =SUM(H112:H118) -> 0 | I119: =SUM(I112:I118) -> 2 | J119: =SUM(J112:J118) -> 0 | K119: =SUM(K112:K118) -> 0 | L119: =SUM(L112:L118) -> 0 | ... S119: =SUM(S112:S118) -> 9
A121: A.1 | B121: 11. | C121: Partai Garda Republik Indonesia | R121: 2 | S121: =SUM(E121:R121) -> 2
...

Sheet CANTUK
C2: Kecamatan | D2: SINGOJURUH
C3: Kabupaten | D3: BANYUWANGI
C4: Provinsi | D4: JAWA TIMUR
C9: Kelurahan | D9: CANTUK
A12: I | B12: DATA PEMILIH DAN PENGGUNAAN HAK PILIH | T12: JUMLAH AKHIR
A13: A | B13: DATA PEMILIH | E13: TPS 001 | F13: TPS 002 | G13: TPS 003 | H13: TPS 004 | I13: TPS 005 | J13: TPS 006 | K13: TPS 007 | L13: TPS 008 | M13: TPS 009 | N13: TPS 010 | O13: TPS 011 | P13: TPS 012 | Q13: TPS 013 | R13: TPS 014 | S13: TPS 015
B14: Jumlah Pemilih dalam Daftar Pemilih Tetap (DPT) | D14: LK | E14: 135 | F14: 130 | G14: 131 | H14: 142 | I14: 130 | J14: 128 | K14: 127 | L14: 118 | M14: 126 | N14: 132 | O14: 97 | P14: 102 | Q14: 121 | R14: 118 | S14: 124 | T14: =SUM(E14:S14) -> 1861
D15: PR | E15: 136 | F15: 128 | G15: 126 | H15: 128 | I15: 129 | J15: 134 | K15: 121 | L15: 131 | M15: 129 | N15: 152 | O15: 107 | P15: 111 | Q15: 124 | R15: 125 | S15: 117 | T15: =SUM(E15:S15) -> 1898
D16: JML | E16: =SUM(E14:E15) -> 271 | F16: =SUM(F14:F15) -> 258 | G16: =SUM(G14:G15) -> 257 | H16: =SUM(H14:H15) -> 270 | I16: =SUM(I14:I15) -> 259 | J16: =SUM(J14:J15) -> 262 | K16: =SUM(K14:K15) -> 248 | L16: =SUM(L14:L15) -> 249 | ... S16: =SUM(S14:S15) -> 241 | T16: =SUM(E16:S16) -> 3759
A18: B | B18: PENGGUNA HAK PILIH
B19: 1. | C19: Jumlah pengguna hak pilih dalam Daftar Pemilih Tetap (DPT) | D19: LK | E19: 92 | F19: 99 | G19: 93 | H19: 104 | I19: 99 | J19: 101 | K19: 98 | L19: 92 | M19: 82 | N19: 87 | O19: 64 | P19: 71 | Q19: 91 | R19: 90 | S19: 104 | T19: =SUM(E19:S19) -> 1367
D20: PR | E20: 110 | F20: 102 | G20: 97 | H20: 104 | I20: 108 | J20: 111 | K20: 96 | L20: 108 | M20: 89 | N20: 109 | O20: 89 | P20: 84 | Q20: 108 | R20: 104 | S20: 98 | T20: =SUM(E20:S20) -> 1517
D21: JML | E21: =SUM(E19:E20) -> 202 | F21: =SUM(F19:F20) -> 201 | G21: =SUM(G19:G20) -> 190 | H21: =SUM(H19:H20) -> 208 | I21: =SUM(I19:I20) -> 207 | J21: =SUM(J19:J20) -> 212 | K21: =SUM(K19:K20) -> 194 | L21: =SUM(L19:L20) -> 200 | ... S21: =SUM(S19:S20) -> 202 | T21: =SUM(E21:S21) -> 2884
B22: 2. | C22: Jumlah pengguna hak pilih dalam Daftar Pemilih Tambahan (DPTb) | D22: LK | E22: 0 | F22: 0 | G22: 1 | H22: 0 | I22: 0 | J22: 0 | K22: 0 | L22: 0 | M22: 0 | N22: 0 | O22: 2 | P22: 0 | Q22: 1 | R22: 1 | S22: 2 | T22: =SUM(E22:S22) -> 7
D23: PR | E23: 1 | F23: 0 | G23: 0 | H23: 1 | I23: 0 | J23: 0 | K23: 0 | L23: 2 | M23: 1 | N23: 0 | O23: 0 | P23: 1 | Q23: 1 | R23: 1 | S23: 2 | T23: =SUM(E23:S23) -> 10
D24: JML | E24: =SUM(E22:E23) -> 1 | F24: =SUM(F22:F23) -> 0 | G24: =SUM(G22:G23) -> 1 | H24: =SUM(H22:H23) -> 1 | I24: =SUM(I22:I23) -> 0 | J24: =SUM(J22:J23) -> 0 | K24: =SUM(K22:K23) -> 0 | L24: =SUM(L22:L23) -> 2 | ... S24: =SUM(S22:S23) -> 4 | T24: =SUM(E24:S24) -> 17
B25: 3. | C25: Jumlah pengguna hak pilih dalam Daftar Pemilih Khusus (DPK) | D25: LK | E25: 1 | F25: 0 | G25: 0 | H25: 0 | I25: 1 | J25: 0 | K25: 0 | L25: 0 | M25: 1 | N25: 2 | O25: 2 | P25: 0 | Q25: 1 | R25: 1 | S25: 0 | T25: =SUM(E25:S25) -> 9
D26: PR | E26: 2 | F26: 0 | G26: 0 | H26: 0 | I26: 1 | J26: 0 | K26: 2 | L26: 1 | M26: 0 | N26: 1 | O26: 1 | P26: 1 | Q26: 0 | R26: 0 | S26: 0 | T26: =SUM(E26:S26) -> 9
D27: JML | E27: =SUM(E25:E26) -> 3 | F27: =SUM(F25:F26) -> 0 | G27: =SUM(G25:G26) -> 0 | H27: =SUM(H25:H26) -> 0 | I27: =SUM(I25:I26) -> 2 | J27: =SUM(J25:J26) -> 0 | K27: =SUM(K25:K26) -> 2 | L27: =SUM(L25:L26) -> 1 | ... S27: =SUM(S25:S26) -> 0 | T27: =SUM(E27:S27) -> 18
B28: 4. | C28: Jumlah Pengguna Hak Pilih (B.1+B.2+B.3) | D28: LK | E28: =SUM(E19,E22,E25) -> 93 | F28: =SUM(F19,F22,F25) -> 99 | G28: =SUM(G19,G22,G25) -> 94 | H28: =SUM(H19,H22,H25) -> 104 | I28: =SUM(I19,I22,I25) -> 100 | J28: =SUM(J19,J22,J25) -> 101 | K28: =SUM(K19,K22,K25) -> 98 | L28: =SUM(L19,L22,L25) -> 92 | ... S28: =SUM(S19,S22,S25) -> 106 | T28: =SUM(E28:S28) -> 1383
D29: PR | E29: =SUM(E20,E23,E26) -> 113 | F29: =SUM(F20,F23,F26) -> 102 | G29: =SUM(G20,G23,G26) -> 97 | H29: =SUM(H20,H23,H26) -> 105 | I29: =SUM(I20,I23,I26) -> 109 | J29: =SUM(J20,J23,J26) -> 111 | K29: =SUM(K20,K23,K26) -> 98 | L29: =SUM(L20,L23,L26) -> 111 | ... S29: =SUM(S20,S23,S26) -> 100 | T29: =SUM(E29:S29) -> 1536
D30: JML | E30: =SUM(E28:E29) -> 206 | F30: =SUM(F28:F29) -> 201 | G30: =SUM(G28:G29) -> 191 | H30: =SUM(H28:H29) -> 209 | I30: =SUM(I28:I29) -> 209 | J30: =SUM(J28:J29) -> 212 | K30: =SUM(K28:K29) -> 196 | L30: =SUM(L28:L29) -> 203 | ... S30: =SUM(S28:S29) -> 206 | T30: =SUM(E30:S30) -> 2919
A32: II | B32: DATA PENGGUNAAN SURAT SUARA
A33: 1 | B33: Jumlah surat suara yang diterima, termasuk surat suara cadangan 2,5% dari DPT | E33: 277 | F33: 264 | G33: 263 | H33: 277 | I33: 265 | J33: 258 | K33: 253 | L33: 254 | M33: 261 | N33: 290 | O33: 209 | P33: 218 | Q33: 250 | R33: 248 | S33: 246 | T33: =SUM(E33:S33) -> 3833
A34: 2 | B34: Jumlah surat suara yang digunakan | E34: 206 | F34: 201 | G34: 191 | H34: 209 | I34: 209 | J34: 212 | K34: 196 | L34: 203 | M34: 173 | N34: 199 | O34: 158 | P34: 157 | Q34: 202 | R34: 197 | S34: 206 | T34: =SUM(E34:S34) -> 2919
A35: 3 | B35: Jumlah surat suara dikembalikan oleh pemilih (karena rusak atau keliru coblos) | E35: 3 | F35: 0 | G35: 0 | H35: 0 | I35: 0 | J35: 1 | K35: 0 | L35: 0 | M35: 0 | N35: 1 | O35: 0 | P35: 1 | Q35: 1 | R35: 1 | S35: 0 | T35: =SUM(E35:S35) -> 8
A36: 4 | B36: Jumlah surat suara yang tidak digunakan/tidak terpakai, termasuk sisa surat suara cadangan | E36: =E33-(E34+E35) -> 68 | F36: =F33-(F34+F35) -> 63 | G36: =G33-(G34+G35) -> 72 | H36: =H33-(H34+H35) -> 68 | I36: =I33-(I34+I35) -> 56 | J36: =J33-(J34+J35) -> 45 | K36: =K33-(K34+K35) -> 57 | L36: =L33-(L34+L35) -> 51 | ... S36: =S33-(S34+S35) -> 40 | T36: =SUM(E36:S36) -> 906
A38: III | B38: DATA PEMILIH DISABILITAS
B39: Jumlah seluruh Pemilih disabilitas yang menggunakan hak pilih | D39: LK | E39: 0 | F39: 0 | G39: 0 | H39: 0 | I39: 0 | J39: 0 | K39: 2 | L39: 0 | M39: 0 | N39: 0 | O39: 0 | P39: 1 | Q39: 0 | R39: 0 | S39: 1 | T39: =SUM(E39:S39) -> 4
D40: PR | E40: 0 | F40: 0 | G40: 0 | H40: 0 | I40: 0 | J40: 0 | K40: 1 | L40: 0 | M40: 0 | N40: 0 | O40: 0 | P40: 1 | Q40: 1 | R40: 0 | S40: 0 | T40: =SUM(E40:S40) -> 3
D41: JML | E41: =SUM(E39:E40) -> 0 | F41: =SUM(F39:F40) -> 0 | G41: =SUM(G39:G40) -> 0 | H41: =SUM(H39:H40) -> 0 | I41: =SUM(I39:I40) -> 0 | J41: =SUM(J39:J40) -> 0 | K41: =SUM(K39:K40) -> 3 | L41: =SUM(L39:L40) -> 0 | ... S41: =SUM(S39:S40) -> 1 | T41: =SUM(E41:S41) -> 7
A43: IV | B43: DATA RINCIAN PEROLEHAN SUARA PASANGAN CALON BUPATI DAN WAKIL BUPATI
A44: NOMOR DAN NAMA CALON
A45: A.1 | B45: 1. | C45: Partai Kebangkitan Bangsa | E45: 14 | F45: 4 | G45: 9 | H45: 3 | I45: 6 | J45: 11 | K45: 10 | L45: 7 | M45: 7 | N45: 1 | O45: 11 | P45: 11 | Q45: 3 | R45: 5 | S45: 4 | T45: =SUM(E45:S45) -> 106
A46: A.2 | C46: 1. H. MUHAMMAD ALI MAHRUS, S.H.I., M.H | E46: 19 | F46: 8 | G46: 4 | H46: 21 | I46: 41 | J46: 37 | K46: 22 | L46: 27 | M46: 20 | N46: 30 | O46: 10 | P46: 25 | Q46: 10 | R46: 29 | S46: 15 | T46: =SUM(E46:S46) -> 318
C47: 2. TUPANG SOEDARGO | E47: 33 | F47: 6 | G47: 11 | H47: 6 | I47: 26 | J47: 60 | K47: 14 | L47: 46 | M47: 8 | N47: 12 | O47: 35 | P47: 27 | Q47: 54 | R47: 41 | S47: 40 | T47: =SUM(E47:S47) -> 419
C48: 3. Hj. KHOLIFATUL HASANAH | E48: 0 | F48: 1 | G48: 0 | H48: 0 | I48: 1 | J48: 2 | K48: 1 | L48: 0 | M48: 0 | N48: 0 | O48: 0 | P48: 0 | Q48: 0 | R48: 0 | S48: 0 | T48: =SUM(E48:S48) -> 5
C49: 4. FUAD HUMAIDI, S.H.I. | E49: 0 | F49: 0 | G49: 0 | H49: 0 | I49: 0 | J49: 0 | K49: 0 | L49: 0 | M49: 0 | N49: 0 | O49: 0 | P49: 0 | Q49: 0 | R49: 0 | S49: 0 | T49: =SUM(E49:S49) -> 0
C50: 5. ENI WIJI LESTARI | E50: 0 | F50: 0 | G50: 0 | H50: 0 | I50: 1 | J50: 0 | K50: 0 | L50: 0 | M50: 0 | N50: 0 | O50: 2 | P50: 0 | Q50: 0 | R50: 0 | S50: 0 | T50: =SUM(E50:S50) -> 3
C51: 6. SONNY AGUS SETIAWAN | E51: 0 | F51: 0 | G51: 0 | H51: 0 | I51: 0 | J51: 0 | K51: 0 | L51: 0 | M51: 0 | N51: 0 | O51: 0 | P51: 0 | Q51: 2 | R51: 4 | S51: 9 | T51: =SUM(E51:S51) -> 15
A52: B | B52: JUMLAH SUARA SAH PARTAI POLITIK DAN CALON (A1 + A2) | E52: =SUM(E45:E51) -> 66 | F52: =SUM(F45:F51) -> 19 | G52: =SUM(G45:G51) -> 24 | H52: =SUM(H45:H51) -> 30 | I52: =SUM(I45:I51) -> 75 | J52: =SUM(J45:J51) -> 110 | K52: =SUM(K45:K51) -> 47 | L52: =SUM(L45:L51) -> 80 | ... T52: =SUM(T45:T51) -> 866
A54: A.1 | B54: 2. | C54: Partai Gerakan Indonesia Raya | E54: 9 | F54: 11 | G54: 11 | H54: 13 | I54: 15 | J54: 4 | K54: 4 | L54: 5 | M54: 8 | N54: 2 | O54: 4 | P54: 5 | Q54: 4 | R54: 5 | S54: 7 | T54: =SUM(E54:S54) -> 107
A55: A.2 | C55: 1. SUWITO | E55: 11 | F55: 31 | G55: 38 | H55: 45 | I55: 25 | J55: 7 | K55: 11 | L55: 31 | M55: 15 | N55: 34 | O55: 13 | P55: 6 | Q55: 35 | R55: 17 | S55: 13 | T55: =SUM(E55:S55) -> 332
C56: 2. LIMPAT PRAWIRO DIKDO | E56: 11 | F56: 42 | G56: 35 | H56: 39 | I56: 39 | J56: 42 | K56: 40 | L56: 16 | M56: 25 | N56: 18 | O56: 0 | P56: 0 | Q56: 12 | R56: 3 | S56: 3 | T56: =SUM(E56:S56) -> 325
C57: 3. PUPUT DESI PRATAMA EKA PUTRI | E57: 0 | F57: 0 | G57: 0 | H57: 1 | I57: 0 | J57: 2 | K57: 0 | L57: 0 | M57: 1 | N57: 1 | O57: 1 | P57: 0 | Q57: 1 | R57: 0 | S57: 0 | T57: =SUM(E57:S57) -> 7
C58: 4. RUDI HANDOKO | E58: 0 | F58: 0 | G58: 0 | H58: 0 | I58: 0 | J58: 0 | K58: 0 | L58: 0 | M58: 0 | N58: 0 | O58: 0 | P58: 0 | Q58: 0 | R58: 1 | S58: 1 | T58: =SUM(E58:S58) -> 2
C59: 5. IWAN SETIAWAN | E59: 0 | F59: 0 | G59: 0 | H59: 0 | I59: 0 | J59: 0 | K59: 1 | L59: 0 | M59: 0 | N59: 0 | O59: 0 | P59: 0 | Q59: 0 | R59: 0 | S59: 0 | T59: =SUM(E59:S59) -> 1
C60: 6. JUWITA INDRASARI | E60: 0 | F60: 0 | G60: 0 | H60: 0 | I60: 0 | J60: 0 | K60: 0 | L60: 0 | M60: 0 | N60: 0 | O60: 0 | P60: 0 | Q60: 0 | R60: 0 | S60: 0 | T60: =SUM(E60:S60) -> 0
A61: B | B61: JUMLAH SUARA SAH PARTAI POLITIK DAN CALON (A1 + A2) | E61: =SUM(E54:E60) -> 31 | F61: =SUM(F54:F60) -> 84 | G61: =SUM(G54:G60) -> 84 | H61: =SUM(H54:H60) -> 98 | I61: =SUM(I54:I60) -> 79 | J61: =SUM(J54:J60) -> 55 | K61: =SUM(K54:K60) -> 56 | L61: =SUM(L54:L60) -> 52 | ... T61: =SUM(T54:T60) -> 774
A63: A.1 | B63: 3. | C63: Partai Demokrasi Indonesia Perjuangan | E63: 6 | F63: 4 | G63: 4 | H63: 1 | I63: 2 | J63: 1 | K63: 3 | L63: 0 | M63: 1 | N63: 1 | O63: 3 | P63: 2 | Q63: 2 | R63: 5 | S63: 6 | T63: =SUM(E63:S63) -> 41
A64: A.2 | C64: 1. AHMAD MASROHAN | E64: 0 | F64: 0 | G64: 2 | H64: 1 | I64: 7 | J64: 0 | K64: 1 | L64: 0 | M64: 0 | N64: 0 | O64: 0 | P64: 0 | Q64: 0 | R64: 0 | S64: 1 | T64: =SUM(E64:S64) -> 12
C65: 2. HARIYANTO | E65: 18 | F65: 17 | G65: 25 | H65: 11 | I65: 11 | J65: 2 | K65: 20 | L65: 17 | M65: 15 | N65: 14 | O65: 2 | P65: 3 | Q65: 12 | R65: 30 | S65: 26 | T65: =SUM(E65:S65) -> 223
C66: 3. INDAH MARHENI | E66: 1 | F66: 1 | G66: 1 | H66: 1 | I66: 1 | J66: 0 | K66: 1 | L66: 0 | M66: 0 | N66: 0 | O66: 0 | P66: 0 | Q66: 0 | R66: 0 | S66: 2 | T66: =SUM(E66:S66) -> 8
C67: 4. AGUS PRIYONO | E67: 2 | F67: 0 | G67: 0 | H67: 0 | I67: 0 | J67: 0 | K67: 0 | L67: 0 | M67: 0 | N67: 0 | O67: 0 | P67: 0 | Q67: 3 | R67: 1 | S67: 1 | T67: =SUM(E67:S67) -> 7
C68: 5. SETYA RAHAYU | E68: 0 | F68: 1 | G68: 7 | H68: 0 | I68: 0 | J68: 0 | K68: 0 | L68: 1 | M68: 0 | N68: 1 | O68: 0 | P68: 0 | Q68: 0 | R68: 2 | S68: 0 | T68: =SUM(E68:S68) -> 12
C69: 6. M. HAFI WIJAYA | E69: 0 | F69: 0 | G69: 0 | H69: 0 | I69: 0 | J69: 0 | K69: 0 | L69: 0 | M69: 0 | N69: 0 | O69: 0 | P69: 0 | Q69: 0 | R69: 0 | S69: 0 | T69: =SUM(E69:S69) -> 0
A70: B | B70: JUMLAH SUARA SAH PARTAI POLITIK DAN CALON (A1 + A2) | E70: =SUM(E63:E69) -> 27 | F70: =SUM(F63:F69) -> 23 | G70: =SUM(G63:G69) -> 39 | H70: =SUM(H63:H69) -> 14 | I70: =SUM(I63:I69) -> 21 | J70: =SUM(J63:J69) -> 3 | K70: =SUM(K63:K69) -> 25 | L70: =SUM(L63:L69) -> 18 | ... T70: =SUM(T63:T69) -> 303
A72: A.1 | B72: 4. | C72: Partai Golongan Karya | E72: 0 | F72: 2 | G72: 0 | H72: 1 | I72: 1 | J72: 1 | K72: 2 | L72: 1 | M72: 0 | N72: 4 | O72: 1 | P72: 1 | Q72: 0 | R72: 0 | S72: 0 | T72: =SUM(E72:S72) -> 14
A73: A.2 | C73: 1. SRI YULIANI | E73: 11 | F73: 1 | G73: 1 | H73: 5 | I73: 0 | J73: 2 | K73: 3 | L73: 4 | M73: 4 | N73: 5 | O73: 0 | P73: 0 | Q73: 3 | R73: 0 | S73: 1 | T73: =SUM(E73:S73) -> 40
C74: 2. ACHMAD SUMARNO, S.E. | E74: 1 | F74: 0 | G74: 0 | H74: 1 | I74: 1 | J74: 0 | K74: 0 | L74: 0 | M74: 0 | N74: 0 | O74: 0 | P74: 0 | Q74: 0 | R74: 0 | S74: 0 | T74: =SUM(E74:S74) -> 3
C75: 3. MUHAMMAD SAHLAN, S.Sos., M.A. | E75: 0 | F75: 2 | G75: 0 | H75: 0 | I75: 0 | J75: 1 | K75: 0 | L75: 3 | M75: 11 | N75: 6 | O75: 6 | P75: 3 | Q75: 3 | R75: 8 | S75: 0 | T75: =SUM(E75:S75) -> 43
C76: 4. MAYA YUSEFA, S.Pd. | E76: 0 | F76: 0 | G76: 0 | H76: 0 | I76: 0 | J76: 0 | K76: 0 | L76: 0 | M76: 0 | N76: 0 | O76: 1 | P76: 0 | Q76: 0 | R76: 0 | S76: 0 | T76: =SUM(E76:S76) -> 1
C77: 5. SUPARMAN | E77: 0 | F77: 0 | G77: 0 | H77: 0 | I77: 0 | J77: 0 | K77: 0 | L77: 0 | M77: 0 | N77: 0 | O77: 0 | P77: 0 | Q77: 0 | R77: 0 | S77: 0 | T77: =SUM(E77:S77) -> 0
C78: 6. NURHIDAYAT | E78: 0 | F78: 0 | G78: 1 | H78: 0 | I78: 1 | J78: 0 | K78: 0 | L78: 0 | M78: 0 | N78: 0 | O78: 0 | P78: 0 | Q78: 0 | R78: 0 | S78: 0 | T78: =SUM(E78:S78) -> 2
A79: B | B79: JUMLAH SUARA SAH PARTAI POLITIK DAN CALON (A1 + A2) | E79: =SUM(E72:E78) -> 12 | F79: =SUM(F72:F78) -> 5 | G79: =SUM(G72:G78) -> 2 | H79: =SUM(H72:H78) -> 7 | I79: =SUM(I72:I78) -> 3 | J79: =SUM(J72:J78) -> 4 | K79: =SUM(K72:K78) -> 5 | L79: =SUM(L72:L78) -> 8 | ... T79: =SUM(T72:T78) -> 103
A81: A.1 | B81: 5. | C81: Partai NasDem | E81: 1 | F81: 0 | G81: 0 | H81: 0 | I81: 0 | J81: 1 | K81: 0 | L81: 1 | M81: 0 | N81: 1 | O81: 0 | P81: 0 | Q81: 0 | R81: 0 | S81: 0 | T81: =SUM(E81:S81) -> 4
A82: A.2 | C82: 1. RATIH NUR HAYATI, S.T. | E82: 1 | F82: 1 | G82: 0 | H82: 0 | I82: 0 | J82: 0 | K82: 1 | L82: 0 | M82: 0 | N82: 0 | O82: 0 | P82: 0 | Q82: 0 | R82: 0 | S82: 0 | T82: =SUM(E82:S82) -> 3
C83: 2. ISTILAH MUSTOFA, S.H. | E83: 0 | F83: 0 | G83: 0 | H83: 0 | I83: 0 | J83: 0 | K83: 0 | L83: 0 | M83: 0 | N83: 0 | O83: 0 | P83: 0 | Q83: 0 | R83: 0 | S83: 0 | T83: =SUM(E83:S83) -> 0
C84: 3. ACHMAD RIDHO HADISISWOYO, S.Tr.P. | E84: 0 | F84: 0 | G84: 0 | H84: 0 | I84: 0 | J84: 0 | K84: 4 | L84: 0 | M84: 0 | N84: 0 | O84: 0 | P84: 0 | Q84: 0 | R84: 0 | S84: 0 | T84: =SUM(E84:S84) -> 4
C85: 4. AKHMAD ROSIDI | E85: 0 | F85: 0 | G85: 0 | H85: 0 | I85: 0 | J85: 0 | K85: 0 | L85: 0 | M85: 1 | N85: 0 | O85: 0 | P85: 0 | Q85: 0 | R85: 0 | S85: 0 | T85: =SUM(E85:S85) -> 1
C86: 5. MUHAMAD VAHID FAIQ | E86: 0 | F86: 1 | G86: 0 | H86: 0 | I86: 0 | J86: 3 | K86: 2 | L86: 3 | M86: 7 | N86: 19 | O86: 3 | P86: 0 | Q86: 0 | R86: 0 | S86: 0 | T86: =SUM(E86:S86) -> 38
C87: 6. TITIS MEILIKA WIYONO | E87: 0 | F87: 0 | G87: 0 | H87: 0 | I87: 0 | J87: 0 | K87: 0 | L87: 0 | M87: 0 | N87: 0 | O87: 0 | P87: 0 | Q87: 0 | R87: 0 | S87: 0 | T87: =SUM(E87:S87) -> 0
A88: B | B88: JUMLAH SUARA SAH PARTAI POLITIK DAN CALON (A1 + A2) | E88: =SUM(E81:E87) -> 2 | F88: =SUM(F81:F87) -> 2 | G88: =SUM(G81:G87) -> 0 | H88: =SUM(H81:H87) -> 0 | I88: =SUM(I81:I87) -> 0 | J88: =SUM(J81:J87) -> 4 | K88: =SUM(K81:K87) -> 7 | L88: =SUM(L81:L87) -> 4 | ... T88: =SUM(T81:T87) -> 50
A90: A.1 | B90: 6. | C90: Partai Buruh | E90: 0 | F90: 1 | G90: 0 | H90: 0 | I90: 0 | J90: 0 | K90: 0 | L90: 0 | M90: 0 | N90: 0 | O90: 0 | P90: 0 | Q90: 0 | R90: 0 | S90: 0 | T90: =SUM(E90:S90) -> 1
A91: B | B91: JUMLAH SUARA SAH PARTAI POLITIK DAN CALON (A1 + A2) | E91: =SUM(E90:E90) -> 0 | F91: =SUM(F90:F90) -> 1 | G91: =SUM(G90:G90) -> 0 | H91: =SUM(H90:H90) -> 0 | I91: =SUM(I90:I90) -> 0 | J91: =SUM(J90:J90) -> 0 | K91: =SUM(K90:K90) -> 0 | L91: =SUM(L90:L90) -> 0 | ... T91: =SUM(T90:T90) -> 1
A93: A.1 | B93: 7. | C93: Partai Gelombang Rakyat Indonesia | T93: =SUM(E93:S93) -> 0
A94: A.2 | C94: 1. RIFKI ALFAN SANI | T94: =SUM(E94:S94) -> 0
C95: 2. RAPI'I | T95: =SUM(E95:S95) -> 0
C96: 3. NUR IKA SETIAWATI | T96: =SUM(E96:S96) -> 0
A97: B | B97: JUMLAH SUARA SAH PARTAI POLITIK DAN CALON (A1 + A2) | E97: =SUM(E93:E96) -> 0 | F97: =SUM(F93:F96) -> 0 | G97: =SUM(G93:G96) -> 0 | H97: =SUM(H93:H96) -> 0 | I97: =SUM(I93:I96) -> 0 | J97: =SUM(J93:J96) -> 0 | K97: =SUM(K93:K96) -> 0 | L97: =SUM(L93:L96) -> 0 | ... T97: =SUM(T93:T96) -> 0
A99: A.1 | B99: 8. | C99: Partai Keadilan Sejahtera | T99: =SUM(E99:S99) -> 0
A100: A.2 | C100: 1. VITA RIMA YANTI, S.KM. | T100: =SUM(E100:S100) -> 0
C101: 2. EKO WAHYU HIDAYAT, A.Md. | T101: =SUM(E101:S101) -> 0
C102: 3. EDY PURNOMO | T102: =SUM(E102:S102) -> 0
C103: 4. SUNTARIAS PUTRI DAMAYANTI, A.Ma. | T103: =SUM(E103:S103) -> 0
C104: 5. MUHAMMAD AFIF | T104: =SUM(E104:S104) -> 0
C105: 6. SHOHIB QOMAD DILLAH, S.T.P. | T105: =SUM(E105:S105) -> 0
A106: B | B106: JUMLAH SUARA SAH PARTAI POLITIK DAN CALON (A1 + A2) | E106: =SUM(E99:E105) -> 0 | F106: =SUM(F99:F105) -> 0 | G106: =SUM(G99:G105) -> 0 | H106: =SUM(H99:H105) -> 0 | I106: =SUM(I99:I105) -> 0 | J106: =SUM(J99:J105) -> 0 | K106: =SUM(K99:K105) -> 0 | L106: =SUM(L99:L105) -> 0 | ... T106: =SUM(T99:T105) -> 0
A108: A.1 | B108: 9. | C108: Partai Kebangkitan Nusantara | T108: =SUM(E108:S108) -> 0
A109: A.2 | C109: 1. AGUS TARMIDI | T109: =SUM(E109:S109) -> 0
A110: B | B110: JUMLAH SUARA SAH PARTAI POLITIK DAN CALON (A1 + A2) | E110: =SUM(E108:E109) -> 0 | F110: =SUM(F108:F109) -> 0 | G110: =SUM(G108:G109) -> 0 | H110: =SUM(H108:H109) -> 0 | I110: =SUM(I108:I109) -> 0 | J110: =SUM(J108:J109) -> 0 | K110: =SUM(K108:K109) -> 0 | L110: =SUM(L108:L109) -> 0 | ... T110: =SUM(T108:T109) -> 0
A112: A.1 | B112: 10. | C112: Partai Hati Nurani Rakyat | E112: 0 | F112: 0 | G112: 0 | H112: 0 | I112: 0 | J112: 0 | K112: 0 | L112: 0 | M112: 0 | N112: 0 | O112: 0 | P112: 0 | Q112: 0 | R112: 0 | S112: 0 | T112: =SUM(E112:S112) -> 0
A113: A.2 | C113: 1. MOHAMAD ROSUL | E113: 0 | F113: 0 | G113: 0 | H113: 0 | I113: 0 | J113: 0 | K113: 1 | L113: 0 | M113: 0 | N113: 0 | O113: 0 | P113: 0 | Q113: 1 | R113: 0 | S113: 0 | T113: =SUM(E113:S113) -> 2
C114: 2. H. AHMAD NUR ALCHAFFAF | E114: 0 | F114: 0 | G114: 0 | H114: 0 | I114: 0 | J114: 0 | K114: 0 | L114: 0 | M114: 0 | N114: 0 | O114: 0 | P114: 0 | Q114: 0 | R114: 0 | S114: 0 | T114: =SUM(E114:S114) -> 0
C115: 3. ISTIQUMILAILLI | E115: 0 | F115: 0 | G115: 0 | H115: 0 | I115: 0 | J115: 0 | K115: 0 | L115: 0 | M115: 0 | N115: 1 | O115: 0 | P115: 0 | Q115: 0 | R115: 0 | S115: 0 | T115: =SUM(E115:S115) -> 1
C116: 4. JOKO NUGROHO | E116: 0 | F116: 0 | G116: 0 | H116: 0 | I116: 0 | J116: 0 | K116: 1 | L116: 0 | M116: 1 | N116: 0 | O116: 1 | P116: 0 | Q116: 0 | R116: 0 | S116: 0 | T116: =SUM(E116:S116) -> 3
C117: 5. MEGA PRAMESWARI | E117: 0 | F117: 0 | G117: 0 | H117: 0 | I117: 0 | J117: 0 | K117: 0 | L117: 0 | M117: 0 | N117: 0 | O117: 0 | P117: 0 | Q117: 0 | R117: 0 | S117: 0 | T117: =SUM(E117:S117) -> 0
C118: 6. BUDI HARTONO | E118: 0 | F118: 0 | G118: 1 | H118: 0 | I118: 0 | J118: 0 | K118: 0 | L118: 0 | M118: 1 | N118: 12 | O118: 0 | P118: 0 | Q118: 1 | R118: 0 | S118: 0 | T118: =SUM(E118:S118) -> 15
A119: B | B119: JUMLAH SUARA SAH PARTAI POLITIK DAN CALON (A1 + A2) | E119: =SUM(E112:E118) -> 0 | F119: =SUM(F112:F118) -> 0 | G119: =SUM(G112:G118) -> 1 | H119: =SUM(H112:H118) -> 0 | I119: =SUM(I112:I118) -> 0 | J119: =SUM(J112:J118) -> 0 | K119: =SUM(K112:K118) -> 2 | L119: =SUM(L112:L118) -> 0 | ... T119: =SUM(T112:T118) -> 21
A121: A.1 | B121: 11. | C121: Partai Garda Republik Indonesia | G121: 1 | T121: =SUM(E121:S121) -> 1
...

Sheet GAMBOR
C2: Kecamatan | D2: SINGOJURUH
C3: Kabupaten | D3: BANYUWANGI
C4: Provinsi | D4: JAWA TIMUR
C9: Kelurahan | D9: GAMBOR
A12: I | B12: DATA PEMILIH DAN PENGGUNAAN HAK PILIH | N12: JUMLAH AKHIR
A13: A | B13: DATA PEMILIH | E13: TPS 001 | F13: TPS 002 | G13: TPS 003 | H13: TPS 004 | I13: TPS 005 | J13: TPS 006 | K13: TPS 007 | L13: TPS 008 | M13: TPS 009
B14: Jumlah Pemilih dalam Daftar Pemilih Tetap (DPT) | D14: LK | E14: 125 | F14: 146 | G14: 125 | H14: 119 | I14: 115 | J14: 132 | K14: 150 | L14: 127 | M14: 112 | N14: =SUM(E14:M14) -> 1151
D15: PR | E15: 125 | F15: 131 | G15: 134 | H15: 117 | I15: 120 | J15: 120 | K15: 132 | L15: 128 | M15: 122 | N15: =SUM(E15:M15) -> 1129
D16: JML | E16: =SUM(E14:E15) -> 250 | F16: =SUM(F14:F15) -> 277 | G16: =SUM(G14:G15) -> 259 | H16: =SUM(H14:H15) -> 236 | I16: =SUM(I14:I15) -> 235 | J16: =SUM(J14:J15) -> 252 | K16: =SUM(K14:K15) -> 282 | L16: =SUM(L14:L15) -> 255 | M16: =SUM(M14:M15) -> 234 | N16: =SUM(E16:M16) -> 2280
A18: B | B18: PENGGUNA HAK PILIH
B19: 1. | C19: Jumlah pengguna hak pilih dalam Daftar Pemilih Tetap (DPT) | D19: LK | E19: 91 | F19: 124 | G19: 88 | H19: 88 | I19: 94 | J19: 106 | K19: 115 | L19: 83 | M19: 96 | N19: =SUM(E19:M19) -> 885
D20: PR | E20: 97 | F20: 115 | G20: 95 | H20: 91 | I20: 102 | J20: 92 | K20: 105 | L20: 101 | M20: 100 | N20: =SUM(E20:M20) -> 898
D21: JML | E21: =SUM(E19:E20) -> 188 | F21: =SUM(F19:F20) -> 239 | G21: =SUM(G19:G20) -> 183 | H21: =SUM(H19:H20) -> 179 | I21: =SUM(I19:I20) -> 196 | J21: =SUM(J19:J20) -> 198 | K21: =SUM(K19:K20) -> 220 | L21: =SUM(L19:L20) -> 184 | M21: =SUM(M19:M20) -> 196 | N21: =SUM(E21:M21) -> 1783
B22: 2. | C22: Jumlah pengguna hak pilih dalam Daftar Pemilih Tambahan (DPTb) | D22: LK | K22: 1 | N22: =SUM(E22:M22) -> 1
D23: PR | N23: =SUM(E23:M23) -> 0
D24: JML | E24: =SUM(E22:E23) -> 0 | F24: =SUM(F22:F23) -> 0 | G24: =SUM(G22:G23) -> 0 | H24: =SUM(H22:H23) -> 0 | I24: =SUM(I22:I23) -> 0 | J24: =SUM(J22:J23) -> 0 | K24: =SUM(K22:K23) -> 1 | L24: =SUM(L22:L23) -> 0 | M24: =SUM(M22:M23) -> 0 | N24: =SUM(E24:M24) -> 1
B25: 3. | C25: Jumlah pengguna hak pilih dalam Daftar Pemilih Khusus (DPK) | D25: LK | G25: 4 | H25: 1 | I25: 1 | K25: 1 | L25: 1 | M25: 1 | N25: =SUM(E25:M25) -> 9
D26: PR | E26: 3 | F26: 1 | G26: 1 | H26: 3 | I26: 2 | K26: 1 | L26: 3 | M26: 1 | N26: =SUM(E26:M26) -> 15
D27: JML | E27: =SUM(E25:E26) -> 3 | F27: =SUM(F25:F26) -> 1 | G27: =SUM(G25:G26) -> 5 | H27: =SUM(H25:H26) -> 4 | I27: =SUM(I25:I26) -> 3 | J27: =SUM(J25:J26) -> 0 | K27: =SUM(K25:K26) -> 2 | L27: =SUM(L25:L26) -> 4 | M27: =SUM(M25:M26) -> 2 | N27: =SUM(E27:M27) -> 24
B28: 4. | C28: Jumlah Pengguna Hak Pilih (B.1+B.2+B.3) | D28: LK | E28: =SUM(E19,E22,E25) -> 91 | F28: =SUM(F19,F22,F25) -> 124 | G28: =SUM(G19,G22,G25) -> 92 | H28: =SUM(H19,H22,H25) -> 89 | I28: =SUM(I19,I22,I25) -> 95 | J28: =SUM(J19,J22,J25) -> 106 | K28: =SUM(K19,K22,K25) -> 117 | L28: =SUM(L19,L22,L25) -> 84 | M28: =SUM(M19,M22,M25) -> 97 | N28: =SUM(E28:M28) -> 895
D29: PR | E29: =SUM(E20,E23,E26) -> 100 | F29: =SUM(F20,F23,F26) -> 116 | G29: =SUM(G20,G23,G26) -> 96 | H29: =SUM(H20,H23,H26) -> 94 | I29: =SUM(I20,I23,I26) -> 104 | J29: =SUM(J20,J23,J26) -> 92 | K29: =SUM(K20,K23,K26) -> 106 | L29: =SUM(L20,L23,L26) -> 104 | M29: =SUM(M20,M23,M26) -> 101 | N29: =SUM(E29:M29) -> 913
D30: JML | E30: =SUM(E28:E29) -> 191 | F30: =SUM(F28:F29) -> 240 | G30: =SUM(G28:G29) -> 188 | H30: =SUM(H28:H29) -> 183 | I30: =SUM(I28:I29) -> 199 | J30: =SUM(J28:J29) -> 198 | K30: =SUM(K28:K29) -> 223 | L30: =SUM(L28:L29) -> 188 | M30: =SUM(M28:M29) -> 198 | N30: =SUM(E30:M30) -> 1808
A32: II | B32: DATA PENGGUNAAN SURAT SUARA
A33: 1 | B33: Jumlah surat suara yang diterima, termasuk surat suara cadangan 2,5% dari DPT | E33: 255 | F33: 283 | G33: 255 | H33: 241 | I33: 239 | J33: 245 | K33: 280 | L33: 261 | M33: 239 | N33: =SUM(E33:M33) -> 2298
A34: 2 | B34: Jumlah surat suara yang digunakan | E34: 191 | F34: 240 | G34: 188 | H34: 183 | I34: 199 | J34: 198 | K34: 223 | L34: 188 | M34: 198 | N34: =SUM(E34:M34) -> 1808
A35: 3 | B35: Jumlah surat suara dikembalikan oleh pemilih (karena rusak atau keliru coblos) | F35: 1 | N35: =SUM(E35:M35) -> 1
A36: 4 | B36: Jumlah surat suara yang tidak digunakan/tidak terpakai, termasuk sisa surat suara cadangan | E36: =E33-(E34+E35) -> 64 | F36: =F33-(F34+F35) -> 42 | G36: =G33-(G34+G35) -> 67 | H36: =H33-(H34+H35) -> 58 | I36: =I33-(I34+I35) -> 40 | J36: =J33-(J34+J35) -> 47 | K36: =K33-(K34+K35) -> 57 | L36: =L33-(L34+L35) -> 73 | M36: =M33-(M34+M35) -> 41 | N36: =SUM(E36:M36) -> 489
A38: III | B38: DATA PEMILIH DISABILITAS
B39: Jumlah seluruh Pemilih disabilitas yang menggunakan hak pilih | D39: LK | N39: =SUM(E39:M39) -> 0
D40: PR | H40: 1 | J40: 1 | N40: =SUM(E40:M40) -> 2
D41: JML | E41: =SUM(E39:E40) -> 0 | F41: =SUM(F39:F40) -> 0 | G41: =SUM(G39:G40) -> 0 | H41: =SUM(H39:H40) -> 1 | I41: =SUM(I39:I40) -> 0 | J41: =SUM(J39:J40) -> 1 | K41: =SUM(K39:K40) -> 0 | L41: =SUM(L39:L40) -> 0 | M41: =SUM(M39:M40) -> 0 | N41: =SUM(E41:M41) -> 2
A43: IV | B43: DATA RINCIAN PEROLEHAN SUARA PASANGAN CALON BUPATI DAN WAKIL BUPATI
A44: NOMOR DAN NAMA CALON
A45: A.1 | B45: 1. | C45: Partai Kebangkitan Bangsa | E45: 10 | F45: 9 | G45: 7 | H45: 20 | I45: 15 | J45: 5 | K45: 12 | L45: 9 | M45: 16 | N45: =SUM(E45:M45) -> 103
A46: A.2 | C46: 1. H. MUHAMMAD ALI MAHRUS, S.H.I., M.H | E46: 14 | F46: 27 | G46: 26 | H46: 14 | I46: 32 | J46: 26 | K46: 16 | L46: 10 | M46: 55 | N46: =SUM(E46:M46) -> 220
C47: 2. TUPANG SOEDARGO | E47: 47 | F47: 65 | G47: 21 | H47: 13 | I47: 10 | J47: 21 | K47: 22 | L47: 9 | M47: 45 | N47: =SUM(E47:M47) -> 253
C48: 3. Hj. KHOLIFATUL HASANAH | E48: 1 | F48: 3 | G48: 1 | H48: 0 | I48: 0 | J48: 3 | K48: 3 | L48: 0 | M48: 0 | N48: =SUM(E48:M48) -> 11
C49: 4. FUAD HUMAIDI, S.H.I. | E49: 0 | F49: 1 | G49: 0 | H49: 0 | I49: 0 | J49: 0 | K49: 1 | L49: 0 | M49: 0 | N49: =SUM(E49:M49) -> 2
C50: 5. ENI WIJI LESTARI | E50: 0 | F50: 1 | G50: 0 | H50: 0 | I50: 0 | J50: 0 | K50: 0 | L50: 0 | M50: 0 | N50: =SUM(E50:M50) -> 1
C51: 6. SONNY AGUS SETIAWAN | E51: 0 | F51: 0 | G51: 1 | H51: 0 | I51: 0 | J51: 0 | K51: 1 | L51: 0 | M51: 0 | N51: =SUM(E51:M51) -> 2
A52: B | B52: JUMLAH SUARA SAH PARTAI POLITIK DAN CALON (A1 + A2) | E52: =SUM(E45:E51) -> 72 | F52: =SUM(F45:F51) -> 106 | G52: =SUM(G45:G51) -> 56 | H52: =SUM(H45:H51) -> 47 | I52: =SUM(I45:I51) -> 57 | J52: =SUM(J45:J51) -> 55 | K52: =SUM(K45:K51) -> 55 | L52: =SUM(L45:L51) -> 28 | ... N52: =SUM(N45:N51) -> 592
A54: A.1 | B54: 2. | C54: Partai Gerakan Indonesia Raya | E54: 16 | F54: 20 | G54: 10 | H54: 14 | I54: 18 | J54: 8 | K54: 14 | L54: 16 | M54: 13 | N54: =SUM(E54:M54) -> 129
A55: A.2 | C55: 1. SUWITO | E55: 28 | F55: 20 | G55: 26 | H55: 33 | I55: 34 | J55: 27 | K55: 18 | L55: 29 | M55: 19 | N55: =SUM(E55:M55) -> 234
C56: 2. LIMPAT PRAWIRO DIKDO | E56: 21 | F56: 11 | G56: 9 | H56: 9 | I56: 4 | J56: 16 | K56: 9 | L56: 10 | M56: 3 | N56: =SUM(E56:M56) -> 92
C57: 3. PUPUT DESI PRATAMA EKA PUTRI | E57: 0 | F57: 1 | G57: 0 | H57: 0 | I57: 0 | J57: 1 | K57: 0 | L57: 1 | M57: 1 | N57: =SUM(E57:M57) -> 4
C58: 4. RUDI HANDOKO | E58: 0 | F58: 1 | G58: 0 | H58: 1 | I58: 1 | J58: 0 | K58: 2 | L58: 1 | M58: 0 | N58: =SUM(E58:M58) -> 6
C59: 5. IWAN SETIAWAN | E59: 0 | F59: 0 | G59: 0 | H59: 0 | I59: 0 | J59: 0 | K59: 0 | L59: 0 | M59: 0 | N59: =SUM(E59:M59) -> 0
C60: 6. JUWITA INDRASARI | E60: 0 | F60: 1 | G60: 0 | H60: 0 | I60: 0 | J60: 0 | K60: 1 | L60: 0 | M60: 1 | N60: =SUM(E60:M60) -> 3
A61: B | B61: JUMLAH SUARA SAH PARTAI POLITIK DAN CALON (A1 + A2) | E61: =SUM(E54:E60) -> 65 | F61: =SUM(F54:F60) -> 54 | G61: =SUM(G54:G60) -> 45 | H61: =SUM(H54:H60) -> 57 | I61: =SUM(I54:I60) -> 57 | J61: =SUM(J54:J60) -> 52 | K61: =SUM(K54:K60) -> 44 | L61: =SUM(L54:L60) -> 57 | ... N61: =SUM(N54:N60) -> 468
A63: A.1 | B63: 3. | C63: Partai Demokrasi Indonesia Perjuangan | E63: 0 | F63: 7 | G63: 1 | H63: 4 | I63: 4 | J63: 0 | K63: 9 | L63: 4 | M63: 3 | N63: =SUM(E63:M63) -> 32
A64: A.2 | C64: 1. AHMAD MASROHAN | E64: 1 | F64: 0 | G64: 0 | H64: 0 | I64: 1 | J64: 3 | K64: 0 | L64: 2 | M64: 2 | N64: =SUM(E64:M64) -> 9
C65: 2. HARIYANTO | E65: 5 | F65: 8 | G65: 2 | H65: 6 | I65: 5 | J65: 7 | K65: 8 | L65: 1 | M65: 2 | N65: =SUM(E65:M65) -> 44
C66: 3. INDAH MARHENI | E66: 0 | F66: 0 | G66: 0 | H66: 0 | I66: 1 | J66: 1 | K66: 1 | L66: 1 | M66: 0 | N66: =SUM(E66:M66) -> 4
C67: 4. AGUS PRIYONO | E67: 0 | F67: 1 | G67: 0 | H67: 1 | I67: 1 | J67: 0 | K67: 1 | L67: 2 | M67: 2 | N67: =SUM(E67:M67) -> 8
C68: 5. SETYA RAHAYU | E68: 3 | F68: 3 | G68: 0 | H68: 0 | I68: 1 | J68: 0 | K68: 8 | L68: 1 | M68: 5 | N68: =SUM(E68:M68) -> 21
C69: 6. M. HAFI WIJAYA | E69: 0 | F69: 0 | G69: 0 | H69: 0 | I69: 0 | J69: 0 | K69: 0 | L69: 0 | M69: 0 | N69: =SUM(E69:M69) -> 0
A70: B | B70: JUMLAH SUARA SAH PARTAI POLITIK DAN CALON (A1 + A2) | E70: =SUM(E63:E69) -> 9 | F70: =SUM(F63:F69) -> 19 | G70: =SUM(G63:G69) -> 3 | H70: =SUM(H63:H69) -> 11 | I70: =SUM(I63:I69) -> 13 | J70: =SUM(J63:J69) -> 11 | K70: =SUM(K63:K69) -> 27 | L70: =SUM(L63:L69) -> 11 | ... N70: =SUM(N63:N69) -> 118
A72: A.1 | B72: 4. | C72: Partai Golongan Karya | E72: 0 | F72: 0 | G72: 3 | H72: 1 | I72: 0 | J72: 3 | K72: 2 | L72: 0 | M72: 1 | N72: =SUM(E72:M72) -> 10
A73: A.2 | C73: 1. SRI YULIANI | E73: 4 | F73: 1 | G73: 1 | H73: 2 | I73: 6 | J73: 5 | K73: 7 | L73: 6 | M73: 2 | N73: =SUM(E73:M73) -> 34
C74: 2. ACHMAD SUMARNO, S.E. | E74: 1 | F74: 2 | G74: 2 | H74: 1 | I74: 0 | J74: 0 | K74: 0 | L74: 4 | M74: 0 | N74: =SUM(E74:M74) -> 10
C75: 3. MUHAMMAD SAHLAN, S.Sos., M.A. | E75: 3 | F75: 1 | G75: 0 | H75: 0 | I75: 0 | J75: 7 | K75: 0 | L75: 0 | M75: 0 | N75: =SUM(E75:M75) -> 11
C76: 4. MAYA YUSEFA, S.Pd. | E76: 0 | F76: 0 | G76: 1 | H76: 0 | I76: 0 | J76: 0 | K76: 1 | L76: 0 | M76: 0 | N76: =SUM(E76:M76) -> 2
C77: 5. SUPARMAN | E77: 0 | F77: 0 | G77: 0 | H77: 0 | I77: 0 | J77: 0 | K77: 0 | L77: 0 | M77: 0 | N77: =SUM(E77:M77) -> 0
C78: 6. NURHIDAYAT | E78: 0 | F78: 0 | G78: 0 | H78: 0 | I78: 0 | J78: 0 | K78: 0 | L78: 0 | M78: 0 | N78: =SUM(E78:M78) -> 0
A79: B | B79: JUMLAH SUARA SAH PARTAI POLITIK DAN CALON (A1 + A2) | E79: =SUM(E72:E78) -> 8 | F79: =SUM(F72:F78) -> 4 | G79: =SUM(G72:G78) -> 7 | H79: =SUM(H72:H78) -> 4 | I79: =SUM(I72:I78) -> 6 | J79: =SUM(J72:J78) -> 15 | K79: =SUM(K72:K78) -> 10 | L79: =SUM(L72:L78) -> 10 | ... N79: =SUM(N72:N78) -> 67
A81: A.1 | B81: 5. | C81: Partai NasDem | E81: 2 | F81: 0 | G81: 0 | H81: 0 | I81: 1 | J81: 0 | K81: 0 | L81: 1 | M81: 1 | N81: =SUM(E81:M81) -> 5
A82: A.2 | C82: 1. RATIH NUR HAYATI, S.T. | E82: 0 | F82: 0 | G82: 0 | H82: 0 | I82: 0 | J82: 0 | K82: 0 | L82: 0 | M82: 0 | N82: =SUM(E82:M82) -> 0
C83: 2. ISTILAH MUSTOFA, S.H. | E83: 0 | F83: 0 | G83: 0 | H83: 0 | I83: 0 | J83: 0 | K83: 0 | L83: 0 | M83: 0 | N83: =SUM(E83:M83) -> 0
C84: 3. ACHMAD RIDHO HADISISWOYO, S.Tr.P. | E84: 0 | F84: 0 | G84: 0 | H84: 0 | I84: 0 | J84: 0 | K84: 0 | L84: 0 | M84: 0 | N84: =SUM(E84:M84) -> 0
C85: 4. AKHMAD ROSIDI | E85: 0 | F85: 0 | G85: 0 | H85: 0 | I85: 0 | J85: 0 | K85: 0 | L85: 1 | M85: 0 | N85: =SUM(E85:M85) -> 1
C86: 5. MUHAMAD VAHID FAIQ | E86: 1 | F86: 0 | G86: 0 | H86: 2 | I86: 1 | J86: 2 | K86: 2 | L86: 4 | M86: 1 | N86: =SUM(E86:M86) -> 13
C87: 6. TITIS MEILIKA WIYONO | E87: 0 | F87: 0 | G87: 0 | H87: 0 | I87: 0 | J87: 0 | K87: 0 | L87: 0 | M87: 0 | N87: =SUM(E87:M87) -> 0
A88: B | B88: JUMLAH SUARA SAH PARTAI POLITIK DAN CALON (A1 + A2) | E88: =SUM(E81:E87) -> 3 | F88: =SUM(F81:F87) -> 0 | G88: =SUM(G81:G87) -> 0 | H88: =SUM(H81:H87) -> 2 | I88: =SUM(I81:I87) -> 2 | J88: =SUM(J81:J87) -> 2 | K88: =SUM(K81:K87) -> 2 | L88: =SUM(L81:L87) -> 6 | ... N88: =SUM(N81:N87) -> 19
A90: A.1 | B90: 6. | C90: Partai Buruh | E90: 0 | F90: 1 | G90: 3 | H90: 1 | I90: 0 | J90: 0 | K90: 0 | L90: 0 | M90: 0 | N90: =SUM(E90:M90) -> 5
A91: B | B91: JUMLAH SUARA SAH PARTAI POLITIK DAN CALON (A1 + A2) | E91: =SUM(E90:E90) -> 0 | F91: =SUM(F90:F90) -> 1 | G91: =SUM(G90:G90) -> 3 | H91: =SUM(H90:H90) -> 1 | I91: =SUM(I90:I90) -> 0 | J91: =SUM(J90:J90) -> 0 | K91: =SUM(K90:K90) -> 0 | L91: =SUM(L90:L90) -> 0 | ... N91: =SUM(N90:N90) -> 5
A93: A.1 | B93: 7. | C93: Partai Gelombang Rakyat Indonesia | E93: 0 | F93: 0 | G93: 0 | H93: 0 | I93: 0 | J93: 0 | K93: 0 | L93: 0 | M93: 0 | N93: =SUM(E93:M93) -> 0
A94: A.2 | C94: 1. RIFKI ALFAN SANI | E94: 0 | F94: 1 | G94: 0 | H94: 0 | I94: 0 | J94: 0 | K94: 1 | L94: 0 | M94: 0 | N94: =SUM(E94:M94) -> 2
C95: 2. RAPI'I | E95: 0 | F95: 0 | G95: 0 | H95: 0 | I95: 0 | J95: 0 | K95: 0 | L95: 0 | M95: 0 | N95: =SUM(E95:M95) -> 0
C96: 3. NUR IKA SETIAWATI | E96: 0 | F96: 0 | G96: 0 | H96: 0 | I96: 0 | J96: 0 | K96: 0 | L96: 0 | M96: 0 | N96: =SUM(E96:M96) -> 0
A97: B | B97: JUMLAH SUARA SAH PARTAI POLITIK DAN CALON (A1 + A2) | E97: =SUM(E93:E96) -> 0 | F97: =SUM(F93:F96) -> 1 | G97: =SUM(G93:G96) -> 0 | H97: =SUM(H93:H96) -> 0 | I97: =SUM(I93:I96) -> 0 | J97: =SUM(J93:J96) -> 0 | K97: =SUM(K93:K96) -> 1 | L97: =SUM(L93:L96) -> 0 | ... N97: =SUM(N93:N96) -> 2
A99: A.1 | B99: 8. | C99: Partai Keadilan Sejahtera | E99: 1 | F99: 1 | G99: 1 | H99: 2 | I99: 0 | J99: 2 | K99: 1 | L99: 1 | M99: 1 | N99: =SUM(E99:M99) -> 10
A100: A.2 | C100: 1. VITA RIMA YANTI, S.KM. | E100: 4 | F100: 6 | G100: 9 | H100: 19 | I100: 19 | J100: 5 | K100: 12 | L100: 5 | M100: 0 | N100: =SUM(E100:M100) -> 79
C101: 2. EKO WAHYU HIDAYAT, A.Md. | E101: 0 | F101: 0 | G101: 0 | H101: 1 | I101: 0 | J101: 2 | K101: 0 | L101: 0 | M101: 0 | N101: =SUM(E101:M101) -> 3
C102: 3. EDY PURNOMO | E102: 0 | F102: 0 | G102: 0 | H102: 1 | I102: 0 | J102: 0 | K102: 0 | L102: 0 | M102: 0 | N102: =SUM(E102:M102) -> 1
C103: 4. SUNTARIAS PUTRI DAMAYANTI, A.Ma. | E103: 1 | F103: 0 | G103: 0 | H103: 0 | I103: 0 | J103: 0 | K103: 0 | L103: 0 | M103: 0 | N103: =SUM(E103:M103) -> 1
C104: 5. MUHAMMAD AFIF | E104: 0 | F104: 0 | G104: 0 | H104: 0 | I104: 0 | J104: 0 | K104: 0 | L104: 0 | M104: 0 | N104: =SUM(E104:M104) -> 0
C105: 6. SHOHIB QOMAD DILLAH, S.T.P. | E105: 1 | F105: 0 | G105: 0 | H105: 1 | I105: 2 | J105: 0 | K105: 3 | L105: 0 | M105: 2 | N105: =SUM(E105:M105) -> 9
A106: B | B106: JUMLAH SUARA SAH PARTAI POLITIK DAN CALON (A1 + A2) | E106: =SUM(E99:E105) -> 7 | F106: =SUM(F99:F105) -> 7 | G106: =SUM(G99:G105) -> 10 | H106: =SUM(H99:H105) -> 24 | I106: =SUM(I99:I105) -> 21 | J106: =SUM(J99:J105) -> 9 | K106: =SUM(K99:K105) -> 16 | L106: =SUM(L99:L105) -> 6 | ... N106: =SUM(N99:N105) -> 103
A108: A.1 | B108: 9. | C108: Partai Kebangkitan Nusantara | E108: 0 | F108: 0 | G108: 0 | H108: 0 | I108: 0 | J108: 0 | K108: 0 | L108: 0 | M108: 0 | N108: =SUM(E108:M108) -> 0
A109: A.2 | C109: 1. AGUS TARMIDI | E109: 0 | F109: 0 | G109: 0 | H109: 0 | I109: 0 | J109: 0 | K109: 0 | L109: 0 | M109: 0 | N109: =SUM(E109:M109) -> 0
A110: B | B110: JUMLAH SUARA SAH PARTAI POLITIK DAN CALON (A1 + A2) | E110: =SUM(E108:E109) -> 0 | F110: =SUM(F108:F109) -> 0 | G110: =SUM(G108:G109) -> 0 | H110: =SUM(H108:H109) -> 0 | I110: =SUM(I108:I109) -> 0 | J110: =SUM(J108:J109) -> 0 | K110: =SUM(K108:K109) -> 0 | L110: =SUM(L108:L109) -> 0 | ... N110: =SUM(N108:N109) -> 0
A112: A.1 | B112: 10. | C112: Partai Hati Nurani Rakyat | E112: 0 | F112: 0 | G112: 0 | L112: 4 | N112: =SUM(E112:M112) -> 4
A113: A.2 | C113: 1. MOHAMAD ROSUL | E113: 0 | F113: 0 | G113: 0 | H113: 1 | K113: 1 | L113: 2 | N113: =SUM(E113:M113) -> 4
C114: 2. H. AHMAD NUR ALCHAFFAF | E114: 0 | F114: 0 | G114: 0 | N114: =SUM(E114:M114) -> 0
C115: 3. ISTIQUMILAILLI | E115: 0 | F115: 0 | G115: 0 | N115: =SUM(E115:M115) -> 0
C116: 4. JOKO NUGROHO | E116: 0 | F116: 0 | G116: 0 | I116: 5 | K116: 1 | L116: 5 | M116: 1 | N116: =SUM(E116:M116) -> 12
C117: 5. MEGA PRAMESWARI | E117: 0 | F117: 0 | G117: 0 | N117: =SUM(E117:M117) -> 0
C118: 6. BUDI HARTONO | E118: 0 | F118: 0 | G118: 0 | I118: 1 | K118: 1 | L118: 3 | N118: =SUM(E118:M118) -> 5
A119: B | B119: JUMLAH SUARA SAH PARTAI POLITIK DAN CALON (A1 + A2) | E119: =SUM(E112:E118) -> 0 | F119: =SUM(F112:F118) -> 0 | G119: =SUM(G112:G118) -> 0 | H119: =SUM(H112:H118) -> 1 | I119: =SUM(I112:I118) -> 6 | J119: =SUM(J112:J118) -> 0 | K119: =SUM(K112:K118) -> 3 | L119: =SUM(L112:L118) -> 14 | ... N119: =SUM(N112:N118) -> 25
A121: A.1 | B121: 11. | C121: Partai Garda Republik Indonesia | I121: 1 | N121: =SUM(E121:M121) -> 1
...

Sheet GUMIRIH
C2: Kecamatan | D2: SINGOJURUH
C3: Kabupaten | D3: BANYUWANGI
C4: Provinsi | D4: JAWA TIMUR
C9: Kelurahan | D9: GUMIRIH
A12: I | B12: DATA PEMILIH DAN PENGGUNAAN HAK PILIH | S12: JUMLAH AKHIR
A13: A | B13: DATA PEMILIH | E13: TPS 001 | F13: TPS 002 | G13: TPS 003 | H13: TPS 004 | I13: TPS 005 | J13: TPS 006 | K13: TPS 007 | L13: TPS 008 | M13: TPS 009 | N13: TPS 010 | O13: TPS 011 | P13: TPS 012 | Q13: TPS 013 | R13: TPS 014
B14: Jumlah Pemilih dalam Daftar Pemilih Tetap (DPT) | D14: LK | E14: 118 | F14: 97 | G14: 102 | H14: 133 | I14: 136 | J14: 127 | K14: 134 | L14: 118 | M14: 141 | N14: 140 | O14: 132 | P14: 134 | Q14: 143 | R14: 94 | S14: =SUM(E14:R14) -> 1749
D15: PR | E15: 116 | F15: 103 | G15: 110 | H15: 126 | I15: 128 | J15: 130 | K15: 141 | L15: 131 | M15: 133 | N15: 124 | O15: 144 | P15: 143 | Q15: 129 | R15: 86 | S15: =SUM(E15:R15) -> 1744
D16: JML | E16: =SUM(E14:E15) -> 234 | F16: =SUM(F14:F15) -> 200 | G16: =SUM(G14:G15) -> 212 | H16: =SUM(H14:H15) -> 259 | I16: =SUM(I14:I15) -> 264 | J16: =SUM(J14:J15) -> 257 | K16: =SUM(K14:K15) -> 275 | L16: =SUM(L14:L15) -> 249 | ... R16: =SUM(R14:R15) -> 180 | S16: =SUM(E16:R16) -> 3493
A18: B | B18: PENGGUNA HAK PILIH
B19: 1. | C19: Jumlah pengguna hak pilih dalam Daftar Pemilih Tetap (DPT) | D19: LK | E19: 85 | F19: 60 | G19: 73 | H19: 92 | I19: 96 | J19: 94 | K19: 100 | L19: 77 | M19: 96 | N19: 106 | O19: 109 | P19: 96 | Q19: 95 | R19: 74 | S19: =SUM(E19:R19) -> 1253
D20: PR | E20: 88 | F20: 72 | G20: 85 | H20: 100 | I20: 108 | J20: 89 | K20: 113 | L20: 96 | M20: 101 | N20: 111 | O20: 99 | P20: 102 | Q20: 103 | R20: 65 | S20: =SUM(E20:R20) -> 1332
D21: JML | E21: =SUM(E19:E20) -> 173 | F21: =SUM(F19:F20) -> 132 | G21: =SUM(G19:G20) -> 158 | H21: =SUM(H19:H20) -> 192 | I21: =SUM(I19:I20) -> 204 | J21: =SUM(J19:J20) -> 183 | K21: =SUM(K19:K20) -> 213 | L21: =SUM(L19:L20) -> 173 | ... R21: =SUM(R19:R20) -> 139 | S21: =SUM(E21:R21) -> 2585
B22: 2. | C22: Jumlah pengguna hak pilih dalam Daftar Pemilih Tambahan (DPTb) | D22: LK | E22: 1 | F22: 0 | G22: 1 | H22: 0 | I22: 0 | J22: 0 | K22: 2 | L22: 1 | M22: 0 | N22: 0 | O22: 0 | P22: 0 | Q22: 0 | R22: 0 | S22: =SUM(E22:R22) -> 5
D23: PR | E23: 1 | F23: 0 | G23: 0 | H23: 0 | I23: 0 | J23: 0 | K23: 0 | L23: 1 | M23: 1 | N23: 0 | O23: 0 | P23: 1 | Q23: 1 | R23: 0 | S23: =SUM(E23:R23) -> 5
D24: JML | E24: =SUM(E22:E23) -> 2 | F24: =SUM(F22:F23) -> 0 | G24: =SUM(G22:G23) -> 1 | H24: =SUM(H22:H23) -> 0 | I24: =SUM(I22:I23) -> 0 | J24: =SUM(J22:J23) -> 0 | K24: =SUM(K22:K23) -> 2 | L24: =SUM(L22:L23) -> 2 | ... R24: =SUM(R22:R23) -> 0 | S24: =SUM(E24:R24) -> 10
B25: 3. | C25: Jumlah pengguna hak pilih dalam Daftar Pemilih Khusus (DPK) | D25: LK | E25: 0 | F25: 0 | G25: 0 | H25: 0 | I25: 0 | J25: 0 | K25: 0 | L25: 3 | M25: 0 | N25: 0 | O25: 3 | P25: 0 | Q25: 0 | R25: 0 | S25: =SUM(E25:R25) -> 6
D26: PR | E26: 0 | F26: 0 | G26: 0 | H26: 1 | I26: 0 | J26: 0 | K26: 1 | L26: 1 | M26: 3 | N26: 0 | O26: 3 | P26: 3 | Q26: 0 | R26: 0 | S26: =SUM(E26:R26) -> 12
D27: JML | E27: =SUM(E25:E26) -> 0 | F27: =SUM(F25:F26) -> 0 | G27: =SUM(G25:G26) -> 0 | H27: =SUM(H25:H26) -> 1 | I27: =SUM(I25:I26) -> 0 | J27: =SUM(J25:J26) -> 0 | K27: =SUM(K25:K26) -> 1 | L27: =SUM(L25:L26) -> 4 | ... R27: =SUM(R25:R26) -> 0 | S27: =SUM(E27:R27) -> 18
B28: 4. | C28: Jumlah Pengguna Hak Pilih (B.1+B.2+B.3) | D28: LK | E28: =SUM(E19,E22,E25) -> 86 | F28: =SUM(F19,F22,F25) -> 60 | G28: =SUM(G19,G22,G25) -> 74 | H28: =SUM(H19,H22,H25) -> 92 | I28: =SUM(I19,I22,I25) -> 96 | J28: =SUM(J19,J22,J25) -> 94 | K28: =SUM(K19,K22,K25) -> 102 | L28: =SUM(L19,L22,L25) -> 81 | ... R28: =SUM(R19,R22,R25) -> 74 | S28: =SUM(E28:R28) -> 1264
D29: PR | E29: =SUM(E20,E23,E26) -> 89 | F29: =SUM(F20,F23,F26) -> 72 | G29: =SUM(G20,G23,G26) -> 85 | H29: =SUM(H20,H23,H26) -> 101 | I29: =SUM(I20,I23,I26) -> 108 | J29: =SUM(J20,J23,J26) -> 89 | K29: =SUM(K20,K23,K26) -> 114 | L29: =SUM(L20,L23,L26) -> 98 | ... R29: =SUM(R20,R23,R26) -> 65 | S29: =SUM(E29:R29) -> 1349
D30: JML | E30: =SUM(E28:E29) -> 175 | F30: =SUM(F28:F29) -> 132 | G30: =SUM(G28:G29) -> 159 | H30: =SUM(H28:H29) -> 193 | I30: =SUM(I28:I29) -> 204 | J30: =SUM(J28:J29) -> 183 | K30: =SUM(K28:K29) -> 216 | L30: =SUM(L28:L29) -> 179 | ... R30: =SUM(R28:R29) -> 139 | S30: =SUM(E30:R30) -> 2613
A32: II | B32: DATA PENGGUNAAN SURAT SUARA
A33: 1 | B33: Jumlah surat suara yang diterima, termasuk surat suara cadangan 2,5% dari DPT | E33: 239 | F33: 204 | G33: 216 | H33: 264 | I33: 269 | J33: 262 | K33: 281 | L33: 254 | M33: 279 | N33: 269 | O33: 282 | P33: 283 | Q33: 278 | R33: 169 | S33: =SUM(E33:R33) -> 3549
A34: 2 | B34: Jumlah surat suara yang digunakan | E34: 175 | F34: 132 | G34: 159 | H34: 193 | I34: 204 | J34: 183 | K34: 216 | L34: 179 | M34: 201 | N34: 217 | O34: 214 | P34: 202 | Q34: 199 | R34: 139 | S34: =SUM(E34:R34) -> 2613
A35: 3 | B35: Jumlah surat suara dikembalikan oleh pemilih (karena rusak atau keliru coblos) | E35: 0 | F35: 0 | G35: 2 | H35: 0 | I35: 0 | J35: 0 | K35: 3 | L35: 0 | M35: 0 | N35: 0 | O35: 1 | P35: 1 | Q35: 0 | R35: 0 | S35: =SUM(E35:R35) -> 7
A36: 4 | B36: Jumlah surat suara yang tidak digunakan/tidak terpakai, termasuk sisa surat suara cadangan | E36: =E33-(E34+E35) -> 64 | F36: =F33-(F34+F35) -> 72 | G36: =G33-(G34+G35) -> 55 | H36: =H33-(H34+H35) -> 71 | I36: =I33-(I34+I35) -> 65 | J36: =J33-(J34+J35) -> 79 | K36: =K33-(K34+K35) -> 62 | L36: =L33-(L34+L35) -> 75 | ... R36: =R33-(R34+R35) -> 30 | S36: =SUM(E36:R36) -> 929
A38: III | B38: DATA PEMILIH DISABILITAS
B39: Jumlah seluruh Pemilih disabilitas yang menggunakan hak pilih | D39: LK | E39: 0 | F39: 0 | G39: 0 | H39: 0 | I39: 0 | J39: 0 | K39: 0 | L39: 0 | M39: 0 | N39: 0 | O39: 0 | P39: 1 | Q39: 0 | R39: 0 | S39: =SUM(E39:R39) -> 1
D40: PR | E40: 0 | F40: 0 | G40: 0 | H40: 0 | I40: 0 | J40: 0 | K40: 0 | L40: 0 | M40: 0 | N40: 0 | O40: 0 | P40: 0 | Q40: 0 | R40: 0 | S40: =SUM(E40:R40) -> 0
D41: JML | E41: =SUM(E39:E40) -> 0 | F41: =SUM(F39:F40) -> 0 | G41: =SUM(G39:G40) -> 0 | H41: =SUM(H39:H40) -> 0 | I41: =SUM(I39:I40) -> 0 | J41: =SUM(J39:J40) -> 0 | K41: =SUM(K39:K40) -> 0 | L41: =SUM(L39:L40) -> 0 | ... R41: =SUM(R39:R40) -> 0 | S41: =SUM(E41:R41) -> 1
A43: IV | B43: DATA RINCIAN PEROLEHAN SUARA PASANGAN CALON BUPATI DAN WAKIL BUPATI
A44: NOMOR DAN NAMA CALON
A45: A.1 | B45: 1. | C45: Partai Kebangkitan Bangsa | E45: 9 | F45: 8 | G45: 3 | H45: 3 | I45: 1 | J45: 3 | K45: 6 | L45: 5 | M45: 3 | N45: 5 | O45: 9 | P45: 2 | Q45: 3 | R45: 14 | S45: =SUM(E45:R45) -> 74
A46: A.2 | C46: 1. H. MUHAMMAD ALI MAHRUS, S.H.I., M.H | E46: 23 | F46: 13 | G46: 7 | H46: 27 | I46: 3 | J46: 0 | K46: 24 | L46: 16 | M46: 4 | N46: 1 | O46: 1 | P46: 3 | Q46: 3 | R46: 43 | S46: =SUM(E46:R46) -> 168
C47: 2. TUPANG SOEDARGO | E47: 10 | F47: 2 | G47: 5 | H47: 1 | I47: 0 | J47: 0 | K47: 0 | L47: 0 | M47: 10 | N47: 32 | O47: 4 | P47: 5 | Q47: 12 | R47: 3 | S47: =SUM(E47:R47) -> 84
C48: 3. Hj. KHOLIFATUL HASANAH | E48: 0 | F48: 0 | G48: 0 | H48: 2 | I48: 0 | J48: 0 | K48: 0 | L48: 0 | M48: 0 | N48: 2 | O48: 0 | P48: 1 | Q48: 0 | R48: 0 | S48: =SUM(E48:R48) -> 5
C49: 4. FUAD HUMAIDI, S.H.I. | E49: 0 | F49: 0 | G49: 0 | H49: 0 | I49: 0 | J49: 0 | K49: 0 | L49: 1 | M49: 0 | N49: 0 | O49: 0 | P49: 0 | Q49: 0 | R49: 0 | S49: =SUM(E49:R49) -> 1
C50: 5. ENI WIJI LESTARI | E50: 0 | F50: 0 | G50: 0 | H50: 0 | I50: 0 | J50: 0 | K50: 0 | L50: 0 | M50: 0 | N50: 0 | O50: 0 | P50: 0 | Q50: 0 | R50: 0 | S50: =SUM(E50:R50) -> 0
C51: 6. SONNY AGUS SETIAWAN | E51: 0 | F51: 0 | G51: 0 | H51: 0 | I51: 0 | J51: 0 | K51: 0 | L51: 0 | M51: 0 | N51: 0 | O51: 0 | P51: 0 | Q51: 2 | R51: 0 | S51: =SUM(E51:R51) -> 2
A52: B | B52: JUMLAH SUARA SAH PARTAI POLITIK DAN CALON (A1 + A2) | E52: =SUM(E45:E51) -> 42 | F52: =SUM(F45:F51) -> 23 | G52: =SUM(G45:G51) -> 15 | H52: =SUM(H45:H51) -> 33 | I52: =SUM(I45:I51) -> 4 | J52: =SUM(J45:J51) -> 3 | K52: =SUM(K45:K51) -> 30 | L52: =SUM(L45:L51) -> 22 | ... S52: =SUM(S45:S51) -> 334
A54: A.1 | B54: 2. | C54: Partai Gerakan Indonesia Raya | E54: 10 | F54: 18 | G54: 7 | H54: 17 | I54: 15 | J54: 28 | K54: 13 | L54: 13 | M54: 17 | N54: 25 | O54: 23 | P54: 21 | Q54: 17 | R54: 18 | S54: =SUM(E54:R54) -> 242
A55: A.2 | C55: 1. SUWITO | E55: 41 | F55: 38 | G55: 38 | H55: 42 | I55: 152 | J55: 124 | K55: 114 | L55: 40 | M55: 111 | N55: 80 | O55: 110 | P55: 88 | Q55: 85 | R55: 20 | S55: =SUM(E55:R55) -> 1083
C56: 2. LIMPAT PRAWIRO DIKDO | E56: 20 | F56: 23 | G56: 12 | H56: 39 | I56: 12 | J56: 16 | K56: 31 | L56: 54 | M56: 13 | N56: 21 | O56: 11 | P56: 22 | Q56: 5 | R56: 12 | S56: =SUM(E56:R56) -> 291
C57: 3. PUPUT DESI PRATAMA EKA PUTRI | E57: 1 | F57: 1 | G57: 1 | H57: 0 | I57: 0 | J57: 0 | K57: 0 | L57: 1 | M57: 0 | N57: 0 | O57: 0 | P57: 0 | Q57: 0 | R57: 0 | S57: =SUM(E57:R57) -> 4
C58: 4. RUDI HANDOKO | E58: 0 | F58: 0 | G58: 0 | H58: 0 | I58: 0 | J58: 0 | K58: 3 | L58: 0 | M58: 0 | N58: 1 | O58: 0 | P58: 1 | Q58: 0 | R58: 0 | S58: =SUM(E58:R58) -> 5
C59: 5. IWAN SETIAWAN | E59: 0 | F59: 0 | G59: 0 | H59: 0 | I59: 0 | J59: 0 | K59: 0 | L59: 0 | M59: 1 | N59: 0 | O59: 0 | P59: 0 | Q59: 0 | R59: 0 | S59: =SUM(E59:R59) -> 1
C60: 6. JUWITA INDRASARI | E60: 0 | F60: 0 | G60: 0 | H60: 0 | I60: 0 | J60: 0 | K60: 0 | L60: 0 | M60: 0 | N60: 0 | O60: 0 | P60: 0 | Q60: 0 | R60: 0 | S60: =SUM(E60:R60) -> 0
A61: B | B61: JUMLAH SUARA SAH PARTAI POLITIK DAN CALON (A1 + A2) | E61: =SUM(E54:E60) -> 72 | F61: =SUM(F54:F60) -> 80 | G61: =SUM(G54:G60) -> 58 | H61: =SUM(H54:H60) -> 98 | I61: =SUM(I54:I60) -> 179 | J61: =SUM(J54:J60) -> 168 | K61: =SUM(K54:K60) -> 161 | L61: =SUM(L54:L60) -> 108 | ... S61: =SUM(S54:S60) -> 1626
A63: A.1 | B63: 3. | C63: Partai Demokrasi Indonesia Perjuangan | E63: 1 | F63: 1 | G63: 0 | H63: 3 | I63: 3 | J63: 2 | K63: 1 | L63: 4 | M63: 4 | N63: 7 | O63: 13 | P63: 4 | Q63: 10 | R63: 3 | S63: =SUM(E63:R63) -> 56
A64: A.2 | C64: 1. AHMAD MASROHAN | E64: 1 | F64: 0 | G64: 1 | H64: 0 | I64: 0 | J64: 0 | K64: 1 | L64: 0 | M64: 1 | N64: 1 | O64: 0 | P64: 1 | Q64: 1 | S64: =SUM(E64:R64) -> 7
C65: 2. HARIYANTO | E65: 2 | F65: 1 | G65: 5 | H65: 1 | I65: 0 | J65: 0 | K65: 1 | L65: 7 | M65: 6 | N65: 0 | O65: 12 | P65: 17 | Q65: 23 | R65: 2 | S65: =SUM(E65:R65) -> 77
C66: 3. INDAH MARHENI | E66: 1 | F66: 0 | G66: 0 | H66: 0 | I66: 0 | J66: 0 | K66: 0 | L66: 0 | M66: 0 | N66: 2 | O66: 0 | P66: 0 | Q66: 0 | S66: =SUM(E66:R66) -> 3
C67: 4. AGUS PRIYONO | E67: 0 | F67: 1 | G67: 0 | H67: 1 | I67: 0 | J67: 0 | K67: 0 | L67: 0 | M67: 0 | N67: 0 | O67: 0 | P67: 0 | Q67: 0 | S67: =SUM(E67:R67) -> 2
C68: 5. SETYA RAHAYU | E68: 5 | F68: 0 | G68: 0 | H68: 1 | I68: 1 | J68: 0 | K68: 1 | L68: 0 | M68: 0 | N68: 2 | O68: 0 | P68: 0 | Q68: 2 | R68: 2 | S68: =SUM(E68:R68) -> 14
C69: 6. M. HAFI WIJAYA | E69: 0 | F69: 1 | G69: 0 | H69: 0 | I69: 0 | J69: 0 | K69: 0 | L69: 0 | M69: 0 | N69: 0 | O69: 0 | P69: 0 | Q69: 0 | S69: =SUM(E69:R69) -> 1
A70: B | B70: JUMLAH SUARA SAH PARTAI POLITIK DAN CALON (A1 + A2) | E70: =SUM(E63:E69) -> 10 | F70: =SUM(F63:F69) -> 4 | G70: =SUM(G63:G69) -> 6 | H70: =SUM(H63:H69) -> 6 | I70: =SUM(I63:I69) -> 4 | J70: =SUM(J63:J69) -> 2 | K70: =SUM(K63:K69) -> 4 | L70: =SUM(L63:L69) -> 11 | ... S70: =SUM(S63:S69) -> 160
A72: A.1 | B72: 4. | C72: Partai Golongan Karya | E72: 0 | F72: 1 | G72: 4 | H72: 3 | I72: 1 | J72: 0 | K72: 0 | L72: 1 | M72: 1 | N72: 6 | O72: 0 | P72: 2 | Q72: 0 | R72: 0 | S72: =SUM(E72:R72) -> 19
A73: A.2 | C73: 1. SRI YULIANI | E73: 4 | F73: 0 | G73: 1 | H73: 0 | I73: 0 | J73: 0 | K73: 0 | L73: 2 | M73: 3 | N73: 9 | O73: 1 | P73: 1 | Q73: 1 | R73: 0 | S73: =SUM(E73:R73) -> 22
C74: 2. ACHMAD SUMARNO, S.E. | E74: 0 | F74: 1 | G74: 0 | H74: 0 | I74: 0 | J74: 0 | K74: 0 | L74: 0 | M74: 1 | N74: 1 | O74: 0 | P74: 0 | Q74: 0 | R74: 1 | S74: =SUM(E74:R74) -> 4
C75: 3. MUHAMMAD SAHLAN, S.Sos., M.A. | E75: 4 | F75: 3 | G75: 40 | H75: 4 | I75: 0 | J75: 0 | K75: 3 | L75: 5 | M75: 0 | N75: 2 | O75: 0 | P75: 0 | Q75: 0 | R75: 1 | S75: =SUM(E75:R75) -> 62
C76: 4. MAYA YUSEFA, S.Pd. | E76: 0 | F76: 0 | G76: 0 | H76: 0 | I76: 0 | J76: 0 | K76: 0 | L76: 0 | M76: 0 | N76: 0 | O76: 0 | P76: 0 | Q76: 0 | R76: 0 | S76: =SUM(E76:R76) -> 0
C77: 5. SUPARMAN | E77: 0 | F77: 0 | G77: 0 | H77: 0 | I77: 0 | J77: 0 | K77: 0 | L77: 0 | M77: 0 | N77: 0 | O77: 0 | P77: 0 | Q77: 0 | R77: 0 | S77: =SUM(E77:R77) -> 0
C78: 6. NURHIDAYAT | E78: 0 | F78: 0 | G78: 1 | H78: 0 | I78: 0 | J78: 0 | K78: 0 | L78: 0 | M78: 0 | N78: 0 | O78: 0 | P78: 0 | Q78: 0 | R78: 0 | S78: =SUM(E78:R78) -> 1
A79: B | B79: JUMLAH SUARA SAH PARTAI POLITIK DAN CALON (A1 + A2) | E79: =SUM(E72:E78) -> 8 | F79: =SUM(F72:F78) -> 5 | G79: =SUM(G72:G78) -> 46 | H79: =SUM(H72:H78) -> 7 | I79: =SUM(I72:I78) -> 1 | J79: =SUM(J72:J78) -> 0 | K79: =SUM(K72:K78) -> 3 | L79: =SUM(L72:L78) -> 8 | ... S79: =SUM(S72:S78) -> 108
A81: A.1 | B81: 5. | C81: Partai NasDem | E81: 0 | F81: 1 | G81: 4 | H81: 1 | I81: 0 | J81: 0 | K81: 0 | L81: 1 | M81: 0 | N81: 0 | O81: 0 | P81: 0 | Q81: 0 | R81: 0 | S81: =SUM(E81:R81) -> 7
A82: A.2 | C82: 1. RATIH NUR HAYATI, S.T. | E82: 0 | F82: 0 | G82: 0 | H82: 1 | I82: 0 | J82: 0 | K82: 0 | L82: 0 | M82: 0 | N82: 0 | O82: 0 | P82: 0 | Q82: 0 | R82: 0 | S82: =SUM(E82:R82) -> 1
C83: 2. ISTILAH MUSTOFA, S.H. | E83: 0 | F83: 0 | G83: 0 | H83: 3 | I83: 0 | J83: 0 | K83: 0 | L83: 0 | M83: 0 | N83: 0 | O83: 0 | P83: 0 | Q83: 0 | R83: 0 | S83: =SUM(E83:R83) -> 3
C84: 3. ACHMAD RIDHO HADISISWOYO, S.Tr.P. | E84: 0 | F84: 0 | G84: 1 | H84: 1 | I84: 1 | J84: 0 | K84: 0 | L84: 0 | M84: 0 | N84: 0 | O84: 0 | P84: 0 | Q84: 0 | R84: 0 | S84: =SUM(E84:R84) -> 3
C85: 4. AKHMAD ROSIDI | E85: 0 | F85: 0 | G85: 0 | H85: 0 | I85: 0 | J85: 0 | K85: 0 | L85: 0 | M85: 0 | N85: 0 | O85: 0 | P85: 0 | Q85: 0 | R85: 0 | S85: =SUM(E85:R85) -> 0
C86: 5. MUHAMAD VAHID FAIQ | E86: 1 | F86: 0 | G86: 10 | H86: 3 | I86: 0 | J86: 0 | K86: 0 | L86: 0 | M86: 1 | N86: 0 | O86: 1 | P86: 4 | Q86: 1 | R86: 0 | S86: =SUM(E86:R86) -> 21
C87: 6. TITIS MEILIKA WIYONO | E87: 0 | F87: 0 | G87: 0 | H87: 0 | I87: 0 | J87: 0 | K87: 0 | L87: 0 | M87: 0 | N87: 0 | O87: 0 | P87: 0 | Q87: 0 | R87: 0 | S87: =SUM(E87:R87) -> 0
A88: B | B88: JUMLAH SUARA SAH PARTAI POLITIK DAN CALON (A1 + A2) | E88: =SUM(E81:E87) -> 1 | F88: =SUM(F81:F87) -> 1 | G88: =SUM(G81:G87) -> 15 | H88: =SUM(H81:H87) -> 9 | I88: =SUM(I81:I87) -> 1 | J88: =SUM(J81:J87) -> 0 | K88: =SUM(K81:K87) -> 0 | L88: =SUM(L81:L87) -> 1 | ... S88: =SUM(S81:S87) -> 35
A90: A.1 | B90: 6. | C90: Partai Buruh | E90: 0 | F90: 0 | G90: 0 | H90: 0 | I90: 0 | J90: 0 | K90: 0 | L90: 0 | M90: 1 | N90: 0 | O90: 2 | P90: 0 | Q90: 0 | R90: 0 | S90: =SUM(E90:R90) -> 3
A91: B | B91: JUMLAH SUARA SAH PARTAI POLITIK DAN CALON (A1 + A2) | E91: =SUM(E90:E90) -> 0 | F91: =SUM(F90:F90) -> 0 | G91: =SUM(G90:G90) -> 0 | H91: =SUM(H90:H90) -> 0 | I91: =SUM(I90:I90) -> 0 | J91: =SUM(J90:J90) -> 0 | K91: =SUM(K90:K90) -> 0 | L91: =SUM(L90:L90) -> 0 | ... S91: =SUM(S90:S90) -> 3
A93: A.1 | B93: 7. | C93: Partai Gelombang Rakyat Indonesia | E93: 0 | F93: 0 | G93: 0 | H93: 0 | I93: 0 | J93: 0 | K93: 1 | L93: 0 | M93: 0 | N93: 0 | O93: 0 | P93: 0 | Q93: 0 | R93: 0 | S93: =SUM(E93:R93) -> 1
A94: A.2 | C94: 1. RIFKI ALFAN SANI | E94: 0 | F94: 0 | G94: 0 | H94: 0 | I94: 0 | J94: 0 | K94: 0 | L94: 0 | M94: 0 | N94: 0 | O94: 0 | P94: 0 | Q94: 0 | R94: 0 | S94: =SUM(E94:R94) -> 0
C95: 2. RAPI'I | E95: 0 | F95: 0 | G95: 0 | H95: 0 | I95: 0 | J95: 0 | K95: 0 | L95: 0 | M95: 0 | N95: 0 | O95: 0 | P95: 0 | Q95: 0 | R95: 0 | S95: =SUM(E95:R95) -> 0
C96: 3. NUR IKA SETIAWATI | E96: 0 | F96: 0 | G96: 0 | H96: 0 | I96: 0 | J96: 0 | K96: 0 | L96: 0 | M96: 0 | N96: 0 | O96: 0 | P96: 0 | Q96: 0 | R96: 0 | S96: =SUM(E96:R96) -> 0
A97: B | B97: JUMLAH SUARA SAH PARTAI POLITIK DAN CALON (A1 + A2) | E97: =SUM(E93:E96) -> 0 | F97: =SUM(F93:F96) -> 0 | G97: =SUM(G93:G96) -> 0 | H97: =SUM(H93:H96) -> 0 | I97: =SUM(I93:I96) -> 0 | J97: =SUM(J93:J96) -> 0 | K97: =SUM(K93:K96) -> 1 | L97: =SUM(L93:L96) -> 0 | ... S97: =SUM(S93:S96) -> 1
A99: A.1 | B99: 8. | C99: Partai Keadilan Sejahtera | E99: 0 | F99: 0 | G99: 0 | H99: 0 | I99: 0 | J99: 0 | K99: 0 | L99: 2 | M99: 0 | N99: 0 | O99: 0 | P99: 1 | Q99: 0 | R99: 0 | S99: =SUM(E99:R99) -> 3
A100: A.2 | C100: 1. VITA RIMA YANTI, S.KM. | E100: 2 | F100: 0 | G100: 0 | H100: 1 | I100: 0 | J100: 0 | K100: 0 | L100: 0 | M100: 0 | N100: 0 | O100: 0 | P100: 0 | Q100: 0 | R100: 0 | S100: =SUM(E100:R100) -> 3
C101: 2. EKO WAHYU HIDAYAT, A.Md. | E101: 0 | F101: 0 | G101: 0 | H101: 0 | I101: 0 | J101: 0 | K101: 0 | L101: 1 | M101: 0 | N101: 0 | O101: 0 | P101: 0 | Q101: 0 | R101: 0 | S101: =SUM(E101:R101) -> 1
C102: 3. EDY PURNOMO | E102: 0 | F102: 0 | G102: 0 | H102: 0 | I102: 0 | J102: 0 | K102: 0 | L102: 0 | M102: 0 | N102: 0 | O102: 0 | P102: 0 | Q102: 0 | R102: 0 | S102: =SUM(E102:R102) -> 0
C103: 4. SUNTARIAS PUTRI DAMAYANTI, A.Ma. | E103: 0 | F103: 0 | G103: 0 | H103: 0 | I103: 0 | J103: 0 | K103: 0 | L103: 0 | M103: 0 | N103: 0 | O103: 0 | P103: 0 | Q103: 1 | R103: 0 | S103: =SUM(E103:R103) -> 1
C104: 5. MUHAMMAD AFIF | E104: 0 | F104: 0 | G104: 0 | H104: 0 | I104: 0 | J104: 0 | K104: 0 | L104: 0 | M104: 0 | N104: 0 | O104: 0 | P104: 0 | Q104: 0 | R104: 0 | S104: =SUM(E104:R104) -> 0
C105: 6. SHOHIB QOMAD DILLAH, S.T.P. | E105: 0 | F105: 0 | G105: 0 | H105: 0 | I105: 0 | J105: 0 | K105: 0 | L105: 0 | M105: 0 | N105: 0 | O105: 0 | P105: 0 | Q105: 0 | R105: 0 | S105: =SUM(E105:R105) -> 0
A106: B | B106: JUMLAH SUARA SAH PARTAI POLITIK DAN CALON (A1 + A2) | E106: =SUM(E99:E105) -> 2 | F106: =SUM(F99:F105) -> 0 | G106: =SUM(G99:G105) -> 0 | H106: =SUM(H99:H105) -> 1 | I106: =SUM(I99:I105) -> 0 | J106: =SUM(J99:J105) -> 0 | K106: =SUM(K99:K105) -> 0 | L106: =SUM(L99:L105) -> 3 | ... S106: =SUM(S99:S105) -> 8
A108: A.1 | B108: 9. | C108: Partai Kebangkitan Nusantara | S108: =SUM(E108:R108) -> 0
A109: A.2 | C109: 1. AGUS TARMIDI | S109: =SUM(E109:R109) -> 0
A110: B | B110: JUMLAH SUARA SAH PARTAI POLITIK DAN CALON (A1 + A2) | E110: =SUM(E108:E109) -> 0 | F110: =SUM(F108:F109) -> 0 | G110: =SUM(G108:G109) -> 0 | H110: =SUM(H108:H109) -> 0 | I110: =SUM(I108:I109) -> 0 | J110: =SUM(J108:J109) -> 0 | K110: =SUM(K108:K109) -> 0 | L110: =SUM(L108:L109) -> 0 | ... S110: =SUM(S108:S109) -> 0
A112: A.1 | B112: 10. | C112: Partai Hati Nurani Rakyat | E112: 0 | F112: 0 | G112: 0 | H112: 0 | I112: 0 | J112: 0 | K112: 0 | L112: 0 | M112: 0 | N112: 0 | O112: 0 | P112: 0 | Q112: 0 | R112: 0 | S112: =SUM(E112:R112) -> 0
A113: A.2 | C113: 1. MOHAMAD ROSUL | E113: 0 | F113: 0 | G113: 0 | H113: 0 | I113: 0 | J113: 0 | K113: 0 | L113: 0 | M113: 0 | N113: 0 | O113: 0 | P113: 0 | Q113: 0 | R113: 0 | S113: =SUM(E113:R113) -> 0
C114: 2. H. AHMAD NUR ALCHAFFAF | E114: 0 | F114: 0 | G114: 0 | H114: 0 | I114: 0 | J114: 0 | K114: 0 | L114: 0 | M114: 0 | N114: 0 | O114: 0 | P114: 0 | Q114: 0 | R114: 0 | S114: =SUM(E114:R114) -> 0
C115: 3. ISTIQUMILAILLI | E115: 0 | F115: 0 | G115: 0 | H115: 0 | I115: 0 | J115: 0 | K115: 0 | L115: 0 | M115: 0 | N115: 0 | O115: 0 | P115: 0 | Q115: 0 | R115: 0 | S115: =SUM(E115:R115) -> 0
C116: 4. JOKO NUGROHO | E116: 1 | F116: 2 | G116: 0 | H116: 0 | I116: 0 | J116: 0 | K116: 0 | L116: 0 | M116: 0 | N116: 0 | O116: 0 | P116: 0 | Q116: 3 | R116: 0 | S116: =SUM(E116:R116) -> 6
C117: 5. MEGA PRAMESWARI | E117: 0 | F117: 0 | G117: 0 | H117: 0 | I117: 0 | J117: 0 | K117: 0 | L117: 0 | M117: 0 | N117: 0 | O117: 0 | P117: 0 | Q117: 0 | R117: 0 | S117: =SUM(E117:R117) -> 0
C118: 6. BUDI HARTONO | E118: 0 | F118: 0 | G118: 0 | H118: 0 | I118: 0 | J118: 0 | K118: 0 | L118: 0 | M118: 0 | N118: 0 | O118: 0 | P118: 0 | Q118: 0 | R118: 0 | S118: =SUM(E118:R118) -> 0
A119: B | B119: JUMLAH SUARA SAH PARTAI POLITIK DAN CALON (A1 + A2) | E119: =SUM(E112:E118) -> 1 | F119: =SUM(F112:F118) -> 2 | G119: =SUM(G112:G118) -> 0 | H119: =SUM(H112:H118) -> 0 | I119: =SUM(I112:I118) -> 0 | J119: =SUM(J112:J118) -> 0 | K119: =SUM(K112:K118) -> 0 | L119: =SUM(L112:L118) -> 0 | ... S119: =SUM(S112:S118) -> 6
A121: A.1 | B121: 11. | C121: Partai Garda Republik Indonesia | S121: =SUM(E121:R121) -> 0
...

Sheet KEMIRI
C2: Kecamatan | D2: SINGOJURUH
C3: Kabupaten | D3: BANYUWANGI
C4: Provinsi | D4: JAWA TIMUR
C9: Kelurahan | D9: KEMIRI
A12: I | B12: DATA PEMILIH DAN PENGGUNAAN HAK PILIH | U12: JUMLAH AKHIR
A13: A | B13: DATA PEMILIH | E13: TPS 001 | F13: TPS 002 | G13: TPS 003 | H13: TPS 004 | I13: TPS 005 | J13: TPS 006 | K13: TPS 007 | L13: TPS 008 | M13: TPS 009 | N13: TPS 010 | O13: TPS 011 | P13: TPS 012 | Q13: TPS 013 | R13: TPS 014 | S13: TPS 015 | T13: TPS 016
B14: Jumlah Pemilih dalam Daftar Pemilih Tetap (DPT) | D14: LK | E14: 118 | F14: 114 | G14: 110 | H14: 97 | I14: 115 | J14: 147 | K14: 110 | L14: 151 | M14: 134 | N14: 138 | O14: 112 | P14: 118 | Q14: 120 | R14: 125 | S14: 125 | T14: 113 | U14: =SUM(E14:T14) -> 1947
D15: PR | E15: 114 | F15: 126 | G15: 114 | H15: 93 | I15: 112 | J15: 148 | K15: 113 | L15: 130 | M15: 146 | N15: 140 | O15: 159 | P15: 115 | Q15: 119 | R15: 120 | S15: 129 | T15: 128 | U15: =SUM(E15:T15) -> 2006
D16: JML | E16: =SUM(E14:E15) -> 232 | F16: =SUM(F14:F15) -> 240 | G16: =SUM(G14:G15) -> 224 | H16: =SUM(H14:H15) -> 190 | I16: =SUM(I14:I15) -> 227 | J16: =SUM(J14:J15) -> 295 | K16: =SUM(K14:K15) -> 223 | L16: =SUM(L14:L15) -> 281 | ... T16: =SUM(T14:T15) -> 241 | U16: =SUM(E16:T16) -> 3953
A18: B | B18: PENGGUNA HAK PILIH
B19: 1. | C19: Jumlah pengguna hak pilih dalam Daftar Pemilih Tetap (DPT) | D19: LK | E19: 78 | F19: 84 | G19: 80 | H19: 57 | I19: 69 | J19: 94 | K19: 81 | L19: 107 | M19: 86 | N19: 87 | O19: 78 | P19: 84 | Q19: 77 | R19: 87 | S19: 93 | T19: 74 | U19: =SUM(E19:T19) -> 1316
D20: PR | E20: 74 | F20: 95 | G20: 88 | H20: 63 | I20: 88 | J20: 103 | K20: 83 | L20: 106 | M20: 110 | N20: 109 | O20: 92 | P20: 86 | Q20: 90 | R20: 92 | S20: 108 | T20: 95 | U20: =SUM(E20:T20) -> 1482
D21: JML | E21: =SUM(E19:E20) -> 152 | F21: =SUM(F19:F20) -> 179 | G21: =SUM(G19:G20) -> 168 | H21: =SUM(H19:H20) -> 120 | I21: =SUM(I19:I20) -> 157 | J21: =SUM(J19:J20) -> 197 | K21: =SUM(K19:K20) -> 164 | L21: =SUM(L19:L20) -> 213 | ... T21: =SUM(T19:T20) -> 169 | U21: =SUM(E21:T21) -> 2798
B22: 2. | C22: Jumlah pengguna hak pilih dalam Daftar Pemilih Tambahan (DPTb) | D22: LK | E22: 1 | F22: 0 | G22: 0 | H22: 0 | I22: 0 | J22: 0 | K22: 0 | L22: 1 | M22: 0 | N22: 0 | O22: 2 | P22: 0 | Q22: 1 | R22: 0 | S22: 2 | U22: =SUM(E22:T22) -> 7
D23: PR | E23: 2 | F23: 0 | G23: 0 | H23: 1 | I23: 0 | J23: 0 | K23: 0 | L23: 0 | M23: 0 | N23: 0 | O23: 0 | P23: 0 | Q23: 1 | R23: 1 | S23: 1 | U23: =SUM(E23:T23) -> 6
D24: JML | E24: =SUM(E22:E23) -> 3 | F24: =SUM(F22:F23) -> 0 | G24: =SUM(G22:G23) -> 0 | H24: =SUM(H22:H23) -> 1 | I24: =SUM(I22:I23) -> 0 | J24: =SUM(J22:J23) -> 0 | K24: =SUM(K22:K23) -> 0 | L24: =SUM(L22:L23) -> 1 | ... T24: =SUM(T22:T23) -> 0 | U24: =SUM(E24:T24) -> 13
B25: 3. | C25: Jumlah pengguna hak pilih dalam Daftar Pemilih Khusus (DPK) | D25: LK | E25: 0 | F25: 1 | G25: 1 | H25: 0 | I25: 0 | J25: 0 | K25: 4 | L25: 0 | M25: 3 | N25: 2 | O25: 0 | P25: 1 | Q25: 0 | R25: 1 | S25: 3 | U25: =SUM(E25:T25) -> 16
D26: PR | E26: 1 | F26: 0 | G26: 1 | H26: 1 | I26: 1 | J26: 0 | K26: 4 | L26: 0 | M26: 0 | N26: 3 | O26: 0 | P26: 2 | Q26: 0 | R26: 3 | S26: 2 | U26: =SUM(E26:T26) -> 18
D27: JML | E27: =SUM(E25:E26) -> 1 | F27: =SUM(F25:F26) -> 1 | G27: =SUM(G25:G26) -> 2 | H27: =SUM(H25:H26) -> 1 | I27: =SUM(I25:I26) -> 1 | J27: =SUM(J25:J26) -> 0 | K27: =SUM(K25:K26) -> 8 | L27: =SUM(L25:L26) -> 0 | ... T27: =SUM(T25:T26) -> 0 | U27: =SUM(E27:T27) -> 34
B28: 4. | C28: Jumlah Pengguna Hak Pilih (B.1+B.2+B.3) | D28: LK | E28: =SUM(E19,E22,E25) -> 79 | F28: =SUM(F19,F22,F25) -> 85 | G28: =SUM(G19,G22,G25) -> 81 | H28: =SUM(H19,H22,H25) -> 57 | I28: =SUM(I19,I22,I25) -> 69 | J28: =SUM(J19,J22,J25) -> 94 | K28: =SUM(K19,K22,K25) -> 85 | L28: =SUM(L19,L22,L25) -> 108 | ... T28: =SUM(T19,T22,T25) -> 74 | U28: =SUM(E28:T28) -> 1339
D29: PR | E29: =SUM(E20,E23,E26) -> 77 | F29: =SUM(F20,F23,F26) -> 95 | G29: =SUM(G20,G23,G26) -> 89 | H29: =SUM(H20,H23,H26) -> 65 | I29: =SUM(I20,I23,I26) -> 89 | J29: =SUM(J20,J23,J26) -> 103 | K29: =SUM(K20,K23,K26) -> 87 | L29: =SUM(L20,L23,L26) -> 106 | ... T29: =SUM(T20,T23,T26) -> 95 | U29: =SUM(E29:T29) -> 1506
D30: JML | E30: =SUM(E28:E29) -> 156 | F30: =SUM(F28:F29) -> 180 | G30: =SUM(G28:G29) -> 170 | H30: =SUM(H28:H29) -> 122 | I30: =SUM(I28:I29) -> 158 | J30: =SUM(J28:J29) -> 197 | K30: =SUM(K28:K29) -> 172 | L30: =SUM(L28:L29) -> 214 | ... T30: =SUM(T28:T29) -> 169 | U30: =SUM(E30:T30) -> 2845
A32: II | B32: DATA PENGGUNAAN SURAT SUARA
A33: 1 | B33: Jumlah surat suara yang diterima, termasuk surat suara cadangan 2,5% dari DPT | E33: 236 | F33: 245 | G33: 229 | H33: 194 | I33: 232 | J33: 301 | K33: 228 | L33: 287 | M33: 286 | N33: 282 | O33: 277 | P33: 238 | Q33: 244 | R33: 250 | S33: 260 | T33: 246 | U33: =SUM(E33:T33) -> 4035
A34: 2 | B34: Jumlah surat suara yang digunakan | E34: 156 | F34: 180 | G34: 170 | H34: 122 | I34: 158 | J34: 197 | K34: 172 | L34: 214 | M34: 199 | N34: 201 | O34: 172 | P34: 173 | Q34: 169 | R34: 184 | S34: 209 | T34: 169 | U34: =SUM(E34:T34) -> 2845
A35: 3 | B35: Jumlah surat suara dikembalikan oleh pemilih (karena rusak atau keliru coblos) | E35: 0 | F35: 0 | G35: 0 | H35: 0 | I35: 0 | J35: 2 | K35: 0 | L35: 0 | M35: 0 | N35: 0 | O35: 0 | P35: 0 | Q35: 0 | R35: 0 | S35: 0 | U35: =SUM(E35:T35) -> 2
A36: 4 | B36: Jumlah surat suara yang tidak digunakan/tidak terpakai, termasuk sisa surat suara cadangan | E36: =E33-(E34+E35) -> 80 | F36: =F33-(F34+F35) -> 65 | G36: =G33-(G34+G35) -> 59 | H36: =H33-(H34+H35) -> 72 | I36: =I33-(I34+I35) -> 74 | J36: =J33-(J34+J35) -> 102 | K36: =K33-(K34+K35) -> 56 | L36: =L33-(L34+L35) -> 73 | ... T36: =T33-(T34+T35) -> 77 | U36: =SUM(E36:T36) -> 1188
A38: III | B38: DATA PEMILIH DISABILITAS
B39: Jumlah seluruh Pemilih disabilitas yang menggunakan hak pilih | D39: LK | E39: 0 | F39: 0 | G39: 3 | H39: 0 | I39: 1 | J39: 0 | K39: 0 | L39: 2 | M39: 0 | N39: 0 | O39: 0 | P39: 0 | Q39: 0 | R39: 0 | S39: 0 | U39: =SUM(E39:T39) -> 6
D40: PR | E40: 1 | F40: 1 | G40: 1 | H40: 0 | I40: 0 | J40: 0 | K40: 0 | L40: 0 | M40: 0 | N40: 0 | O40: 0 | P40: 0 | Q40: 1 | R40: 0 | S40: 0 | U40: =SUM(E40:T40) -> 4
D41: JML | E41: =SUM(E39:E40) -> 1 | F41: =SUM(F39:F40) -> 1 | G41: =SUM(G39:G40) -> 4 | H41: =SUM(H39:H40) -> 0 | I41: =SUM(I39:I40) -> 1 | J41: =SUM(J39:J40) -> 0 | K41: =SUM(K39:K40) -> 0 | L41: =SUM(L39:L40) -> 2 | ... T41: =SUM(T39:T40) -> 0 | U41: =SUM(E41:T41) -> 10
A43: IV | B43: DATA RINCIAN PEROLEHAN SUARA PASANGAN CALON BUPATI DAN WAKIL BUPATI
A44: NOMOR DAN NAMA CALON
A45: A.1 | B45: 1. | C45: Partai Kebangkitan Bangsa | E45: 6 | F45: 1 | G45: 0 | H45: 3 | I45: 2 | J45: 6 | K45: 7 | L45: 6 | M45: 8 | N45: 8 | O45: 8 | P45: 5 | Q45: 4 | R45: 2 | S45: 2 | T45: 4 | U45: =SUM(E45:T45) -> 72
A46: A.2 | C46: 1. H. MUHAMMAD ALI MAHRUS, S.H.I., M.H | E46: 11 | F46: 4 | G46: 1 | H46: 16 | I46: 7 | J46: 9 | K46: 4 | L46: 15 | M46: 40 | N46: 13 | O46: 17 | P46: 9 | Q46: 12 | R46: 2 | S46: 9 | T46: 3 | U46: =SUM(E46:T46) -> 172
C47: 2. TUPANG SOEDARGO | E47: 0 | F47: 7 | G47: 10 | H47: 3 | I47: 4 | J47: 11 | K47: 6 | L47: 3 | M47: 2 | N47: 2 | O47: 6 | P47: 3 | Q47: 4 | R47: 6 | S47: 0 | T47: 1 | U47: =SUM(E47:T47) -> 68
C48: 3. Hj. KHOLIFATUL HASANAH | E48: 1 | F48: 0 | G48: 0 | H48: 1 | I48: 0 | J48: 0 | K48: 0 | L48: 0 | M48: 2 | N48: 3 | O48: 2 | P48: 0 | Q48: 0 | R48: 3 | S48: 1 | T48: 0 | U48: =SUM(E48:T48) -> 13
C49: 4. FUAD HUMAIDI, S.H.I. | E49: 0 | F49: 0 | G49: 1 | H49: 0 | I49: 0 | J49: 0 | K49: 0 | L49: 0 | M49: 0 | N49: 0 | O49: 0 | P49: 0 | Q49: 0 | R49: 0 | S49: 1 | T49: 0 | U49: =SUM(E49:T49) -> 2
C50: 5. ENI WIJI LESTARI | E50: 0 | F50: 1 | G50: 0 | H50: 0 | I50: 0 | J50: 0 | K50: 0 | L50: 2 | M50: 0 | N50: 0 | O50: 0 | P50: 0 | Q50: 0 | R50: 0 | S50: 0 | T50: 0 | U50: =SUM(E50:T50) -> 3
C51: 6. SONNY AGUS SETIAWAN | E51: 0 | F51: 0 | G51: 1 | H51: 1 | I51: 0 | J51: 0 | K51: 1 | L51: 5 | M51: 3 | N51: 0 | O51: 0 | P51: 0 | Q51: 0 | R51: 0 | S51: 3 | T51: 0 | U51: =SUM(E51:T51) -> 14
A52: B | B52: JUMLAH SUARA SAH PARTAI POLITIK DAN CALON (A1 + A2) | E52: =SUM(E45:E51) -> 18 | F52: =SUM(F45:F51) -> 13 | G52: =SUM(G45:G51) -> 13 | H52: =SUM(H45:H51) -> 24 | I52: =SUM(I45:I51) -> 13 | J52: =SUM(J45:J51) -> 26 | K52: =SUM(K45:K51) -> 18 | L52: =SUM(L45:L51) -> 31 | ... U52: =SUM(U45:U51) -> 344
A54: A.1 | B54: 2. | C54: Partai Gerakan Indonesia Raya | E54: 22 | F54: 6 | G54: 11 | H54: 2 | I54: 19 | J54: 7 | K54: 11 | L54: 19 | M54: 10 | N54: 5 | O54: 7 | P54: 13 | Q54: 12 | R54: 19 | S54: 5 | T54: 6 | U54: =SUM(E54:T54) -> 174
A55: A.2 | C55: 1. SUWITO | E55: 50 | F55: 53 | G55: 32 | H55: 26 | I55: 20 | J55: 33 | K55: 29 | L55: 21 | M55: 24 | N55: 29 | O55: 44 | P55: 22 | Q55: 33 | R55: 81 | S55: 107 | T55: 10 | U55: =SUM(E55:T55) -> 614
C56: 2. LIMPAT PRAWIRO DIKDO | E56: 16 | F56: 15 | G56: 8 | H56: 5 | I56: 39 | J56: 22 | K56: 16 | L56: 7 | M56: 11 | N56: 22 | O56: 19 | P56: 34 | Q56: 36 | R56: 33 | S56: 22 | T56: 120 | U56: =SUM(E56:T56) -> 425
C57: 3. PUPUT DESI PRATAMA EKA PUTRI | E57: 0 | F57: 0 | G57: 1 | H57: 0 | I57: 0 | J57: 2 | K57: 3 | L57: 0 | M57: 1 | N57: 0 | O57: 0 | P57: 0 | Q57: 1 | R57: 1 | S57: 0 | T57: 0 | U57: =SUM(E57:T57) -> 9
C58: 4. RUDI HANDOKO | E58: 0 | F58: 1 | G58: 0 | H58: 0 | I58: 0 | J58: 1 | K58: 0 | L58: 1 | M58: 1 | N58: 1 | O58: 0 | P58: 0 | Q58: 1 | R58: 0 | S58: 0 | T58: 1 | U58: =SUM(E58:T58) -> 7
C59: 5. IWAN SETIAWAN | E59: 0 | F59: 1 | G59: 0 | H59: 0 | I59: 0 | J59: 0 | K59: 0 | L59: 0 | M59: 0 | N59: 1 | O59: 0 | P59: 0 | Q59: 0 | R59: 0 | S59: 0 | T59: 0 | U59: =SUM(E59:T59) -> 2
C60: 6. JUWITA INDRASARI | E60: 1 | F60: 0 | G60: 1 | H60: 0 | I60: 0 | J60: 0 | K60: 0 | L60: 0 | M60: 0 | N60: 0 | O60: 0 | P60: 0 | Q60: 0 | R60: 0 | S60: 0 | T60: 0 | U60: =SUM(E60:T60) -> 2
A61: B | B61: JUMLAH SUARA SAH PARTAI POLITIK DAN CALON (A1 + A2) | E61: =SUM(E54:E60) -> 89 | F61: =SUM(F54:F60) -> 76 | G61: =SUM(G54:G60) -> 53 | H61: =SUM(H54:H60) -> 33 | I61: =SUM(I54:I60) -> 78 | J61: =SUM(J54:J60) -> 65 | K61: =SUM(K54:K60) -> 59 | L61: =SUM(L54:L60) -> 48 | ... U61: =SUM(U54:U60) -> 1233
A63: A.1 | B63: 3. | C63: Partai Demokrasi Indonesia Perjuangan | E63: 3 | F63: 5 | G63: 4 | H63: 4 | I63: 7 | J63: 6 | K63: 7 | L63: 17 | M63: 6 | N63: 4 | O63: 3 | P63: 3 | Q63: 4 | R63: 4 | S63: 1 | U63: =SUM(E63:T63) -> 78
A64: A.2 | C64: 1. AHMAD MASROHAN | E64: 5 | F64: 5 | G64: 7 | H64: 0 | I64: 9 | J64: 7 | K64: 2 | L64: 2 | M64: 2 | N64: 0 | O64: 4 | P64: 0 | Q64: 6 | R64: 0 | S64: 0 | U64: =SUM(E64:T64) -> 49
C65: 2. HARIYANTO | E65: 4 | F65: 4 | G65: 12 | H65: 9 | I65: 7 | J65: 13 | K65: 14 | L65: 19 | M65: 17 | N65: 11 | O65: 6 | P65: 11 | Q65: 6 | R65: 10 | S65: 9 | U65: =SUM(E65:T65) -> 152
C66: 3. INDAH MARHENI | E66: 3 | F66: 1 | G66: 5 | H66: 1 | I66: 3 | J66: 1 | K66: 2 | L66: 7 | M66: 3 | N66: 2 | O66: 0 | P66: 0 | Q66: 2 | R66: 1 | S66: 0 | U66: =SUM(E66:T66) -> 31
C67: 4. AGUS PRIYONO | E67: 0 | F67: 0 | G67: 1 | H67: 0 | I67: 0 | J67: 1 | K67: 5 | L67: 0 | M67: 1 | N67: 0 | O67: 0 | P67: 0 | Q67: 0 | R67: 0 | S67: 0 | U67: =SUM(E67:T67) -> 8
C68: 5. SETYA RAHAYU | E68: 0 | F68: 2 | G68: 1 | H68: 1 | I68: 1 | J68: 1 | K68: 0 | L68: 0 | M68: 0 | N68: 0 | O68: 0 | P68: 2 | Q68: 0 | R68: 0 | S68: 0 | U68: =SUM(E68:T68) -> 8
C69: 6. M. HAFI WIJAYA | E69: 0 | F69: 0 | G69: 0 | H69: 0 | I69: 0 | J69: 0 | K69: 0 | L69: 0 | M69: 0 | N69: 0 | O69: 0 | P69: 0 | Q69: 0 | R69: 0 | S69: 0 | U69: =SUM(E69:T69) -> 0
A70: B | B70: JUMLAH SUARA SAH PARTAI POLITIK DAN CALON (A1 + A2) | E70: =SUM(E63:E69) -> 15 | F70: =SUM(F63:F69) -> 17 | G70: =SUM(G63:G69) -> 30 | H70: =SUM(H63:H69) -> 15 | I70: =SUM(I63:I69) -> 27 | J70: =SUM(J63:J69) -> 29 | K70: =SUM(K63:K69) -> 30 | L70: =SUM(L63:L69) -> 45 | ... U70: =SUM(U63:U69) -> 326
A72: A.1 | B72: 4. | C72: Partai Golongan Karya | E72: 2 | F72: 1 | G72: 6 | H72: 1 | I72: 2 | J72: 1 | K72: 1 | L72: 4 | M72: 2 | N72: 0 | O72: 0 | P72: 0 | Q72: 2 | R72: 0 | S72: 0 | U72: =SUM(E72:T72) -> 22
A73: A.2 | C73: 1. SRI YULIANI | E73: 2 | F73: 5 | G73: 13 | H73: 0 | I73: 6 | J73: 13 | K73: 4 | L73: 1 | M73: 2 | N73: 5 | O73: 4 | P73: 0 | Q73: 0 | R73: 0 | S73: 0 | U73: =SUM(E73:T73) -> 55
C74: 2. ACHMAD SUMARNO, S.E. | E74: 0 | F74: 0 | G74: 1 | H74: 0 | I74: 0 | J74: 0 | K74: 0 | L74: 0 | M74: 0 | N74: 0 | O74: 1 | P74: 0 | Q74: 0 | R74: 2 | S74: 0 | U74: =SUM(E74:T74) -> 4
C75: 3. MUHAMMAD SAHLAN, S.Sos., M.A. | E75: 1 | F75: 1 | G75: 0 | H75: 2 | I75: 3 | J75: 3 | K75: 9 | L75: 2 | M75: 3 | N75: 3 | O75: 3 | P75: 1 | Q75: 1 | R75: 3 | S75: 1 | U75: =SUM(E75:T75) -> 36
C76: 4. MAYA YUSEFA, S.Pd. | E76: 0 | F76: 0 | G76: 0 | H76: 0 | I76: 0 | J76: 1 | K76: 1 | L76: 0 | M76: 0 | N76: 0 | O76: 0 | P76: 0 | Q76: 0 | R76: 0 | S76: 0 | U76: =SUM(E76:T76) -> 2
C77: 5. SUPARMAN | E77: 0 | F77: 0 | G77: 0 | H77: 0 | I77: 0 | J77: 0 | K77: 0 | L77: 0 | M77: 0 | N77: 0 | O77: 0 | P77: 0 | Q77: 0 | R77: 0 | S77: 0 | U77: =SUM(E77:T77) -> 0
C78: 6. NURHIDAYAT | E78: 0 | F78: 0 | G78: 0 | H78: 0 | I78: 0 | J78: 0 | K78: 0 | L78: 0 | M78: 0 | N78: 0 | O78: 0 | P78: 1 | Q78: 1 | R78: 1 | S78: 0 | U78: =SUM(E78:T78) -> 3
A79: B | B79: JUMLAH SUARA SAH PARTAI POLITIK DAN CALON (A1 + A2) | E79: =SUM(E72:E78) -> 5 | F79: =SUM(F72:F78) -> 7 | G79: =SUM(G72:G78) -> 20 | H79: =SUM(H72:H78) -> 3 | I79: =SUM(I72:I78) -> 11 | J79: =SUM(J72:J78) -> 18 | K79: =SUM(K72:K78) -> 15 | L79: =SUM(L72:L78) -> 7 | ... U79: =SUM(U72:U78) -> 122
A81: A.1 | B81: 5. | C81: Partai NasDem | E81: 1 | F81: 2 | G81: 2 | H81: 2 | I81: 0 | J81: 1 | K81: 0 | L81: 3 | M81: 1 | N81: 4 | O81: 3 | P81: 3 | Q81: 0 | R81: 0 | S81: 0 | U81: =SUM(E81:T81) -> 22
A82: A.2 | C82: 1. RATIH NUR HAYATI, S.T. | E82: 0 | F82: 2 | G82: 0 | H82: 1 | I82: 0 | J82: 0 | K82: 0 | L82: 2 | M82: 0 | N82: 5 | O82: 0 | P82: 0 | Q82: 1 | R82: 2 | S82: 0 | U82: =SUM(E82:T82) -> 13
C83: 2. ISTILAH MUSTOFA, S.H. | E83: 4 | F83: 26 | G83: 13 | H83: 17 | I83: 9 | J83: 9 | K83: 1 | L83: 4 | M83: 1 | N83: 5 | O83: 3 | P83: 0 | Q83: 1 | R83: 0 | S83: 5 | U83: =SUM(E83:T83) -> 98
C84: 3. ACHMAD RIDHO HADISISWOYO, S.Tr.P. | E84: 1 | F84: 0 | G84: 0 | H84: 1 | I84: 0 | J84: 0 | K84: 0 | L84: 0 | M84: 0 | N84: 0 | O84: 0 | P84: 0 | Q84: 0 | R84: 0 | S84: 0 | U84: =SUM(E84:T84) -> 2
C85: 4. AKHMAD ROSIDI | E85: 0 | F85: 0 | G85: 0 | H85: 0 | I85: 0 | J85: 0 | K85: 0 | L85: 1 | M85: 0 | N85: 0 | O85: 0 | P85: 0 | Q85: 0 | R85: 0 | S85: 0 | U85: =SUM(E85:T85) -> 1
C86: 5. MUHAMAD VAHID FAIQ | E86: 1 | F86: 3 | G86: 2 | H86: 5 | I86: 0 | J86: 0 | K86: 0 | L86: 10 | M86: 1 | N86: 11 | O86: 7 | P86: 13 | Q86: 7 | R86: 0 | S86: 0 | U86: =SUM(E86:T86) -> 60
C87: 6. TITIS MEILIKA WIYONO | E87: 0 | F87: 0 | G87: 0 | H87: 0 | I87: 0 | J87: 0 | K87: 0 | L87: 0 | M87: 0 | N87: 0 | O87: 0 | P87: 0 | Q87: 0 | R87: 0 | S87: 0 | U87: =SUM(E87:T87) -> 0
A88: B | B88: JUMLAH SUARA SAH PARTAI POLITIK DAN CALON (A1 + A2) | E88: =SUM(E81:E87) -> 7 | F88: =SUM(F81:F87) -> 33 | G88: =SUM(G81:G87) -> 17 | H88: =SUM(H81:H87) -> 26 | I88: =SUM(I81:I87) -> 9 | J88: =SUM(J81:J87) -> 10 | K88: =SUM(K81:K87) -> 1 | L88: =SUM(L81:L87) -> 20 | ... U88: =SUM(U81:U87) -> 196
A90: A.1 | B90: 6. | C90: Partai Buruh | E90: 1 | F90: 0 | G90: 0 | H90: 1 | I90: 2 | J90: 0 | K90: 0 | L90: 1 | M90: 2 | N90: 1 | O90: 0 | P90: 0 | Q90: 0 | R90: 0 | S90: 0 | U90: =SUM(E90:T90) -> 8
A91: B | B91: JUMLAH SUARA SAH PARTAI POLITIK DAN CALON (A1 + A2) | E91: =SUM(E90:E90) -> 1 | F91: =SUM(F90:F90) -> 0 | G91: =SUM(G90:G90) -> 0 | H91: =SUM(H90:H90) -> 1 | I91: =SUM(I90:I90) -> 2 | J91: =SUM(J90:J90) -> 0 | K91: =SUM(K90:K90) -> 0 | L91: =SUM(L90:L90) -> 1 | ... U91: =SUM(U90:U90) -> 8
A93: A.1 | B93: 7. | C93: Partai Gelombang Rakyat Indonesia | U93: =SUM(E93:T93) -> 0
A94: A.2 | C94: 1. RIFKI ALFAN SANI | U94: =SUM(E94:T94) -> 0
C95: 2. RAPI'I | U95: =SUM(E95:T95) -> 0
C96: 3. NUR IKA SETIAWATI | U96: =SUM(E96:T96) -> 0
A97: B | B97: JUMLAH SUARA SAH PARTAI POLITIK DAN CALON (A1 + A2) | E97: =SUM(E93:E96) -> 0 | F97: =SUM(F93:F96) -> 0 | G97: =SUM(G93:G96) -> 0 | H97: =SUM(H93:H96) -> 0 | I97: =SUM(I93:I96) -> 0 | J97: =SUM(J93:J96) -> 0 | K97: =SUM(K93:K96) -> 0 | L97: =SUM(L93:L96) -> 0 | ... U97: =SUM(U93:U96) -> 0
A99: A.1 | B99: 8. | C99: Partai Keadilan Sejahtera | U99: =SUM(E99:T99) -> 0
A100: A.2 | C100: 1. VITA RIMA YANTI, S.KM. | U100: =SUM(E100:T100) -> 0
C101: 2. EKO WAHYU HIDAYAT, A.Md. | U101: =SUM(E101:T101) -> 0
C102: 3. EDY PURNOMO | U102: =SUM(E102:T102) -> 0
C103: 4. SUNTARIAS PUTRI DAMAYANTI, A.Ma. | U103: =SUM(E103:T103) -> 0
C104: 5. MUHAMMAD AFIF | U104: =SUM(E104:T104) -> 0
C105: 6. SHOHIB QOMAD DILLAH, S.T.P. | U105: =SUM(E105:T105) -> 0
A106: B | B106: JUMLAH SUARA SAH PARTAI POLITIK DAN CALON (A1 + A2) | E106: =SUM(E99:E105) -> 0 | F106: =SUM(F99:F105) -> 0 | G106: =SUM(G99:G105) -> 0 | H106: =SUM(H99:H105) -> 0 | I106: =SUM(I99:I105) -> 0 | J106: =SUM(J99:J105) -> 0 | K106: =SUM(K99:K105) -> 0 | L106: =SUM(L99:L105) -> 0 | ... U106: =SUM(U99:U105) -> 0
A108: A.1 | B108: 9. | C108: Partai Kebangkitan Nusantara | M108: 1 | U108: =SUM(E108:T108) -> 1
A109: A.2 | C109: 1. AGUS TARMIDI | U109: =SUM(E109:T109) -> 0
A110: B | B110: JUMLAH SUARA SAH PARTAI POLITIK DAN CALON (A1 + A2) | E110: =SUM(E108:E109) -> 0 | F110: =SUM(F108:F109) -> 0 | G110: =SUM(G108:G109) -> 0 | H110: =SUM(H108:H109) -> 0 | I110: =SUM(I108:I109) -> 0 | J110: =SUM(J108:J109) -> 0 | K110: =SUM(K108:K109) -> 0 | L110: =SUM(L108:L109) -> 0 | ... U110: =SUM(U108:U109) -> 1
A112: A.1 | B112: 10. | C112: Partai Hati Nurani Rakyat | P112: 1 | U112: =SUM(E112:T112) -> 1
A113: A.2 | C113: 1. MOHAMAD ROSUL | L113: 1 | N113: 1 | U113: =SUM(E113:T113) -> 2
C114: 2. H. AHMAD NUR ALCHAFFAF | U114: =SUM(E114:T114) -> 0
C115: 3. ISTIQUMILAILLI | O115: 3 | U115: =SUM(E115:T115) -> 3
C116: 4. JOKO NUGROHO | G116: 1 | P116: 2 | U116: =SUM(E116:T116) -> 3
C117: 5. MEGA PRAMESWARI | U117: =SUM(E117:T117) -> 0
C118: 6. BUDI HARTONO | Q118: 2 | U118: =SUM(E118:T118) -> 2
A119: B | B119: JUMLAH SUARA SAH PARTAI POLITIK DAN CALON (A1 + A2) | E119: =SUM(E112:E118) -> 0 | F119: =SUM(F112:F118) -> 0 | G119: =SUM(G112:G118) -> 1 | H119: =SUM(H112:H118) -> 0 | I119: =SUM(I112:I118) -> 0 | J119: =SUM(J112:J118) -> 0 | K119: =SUM(K112:K118) -> 0 | L119: =SUM(L112:L118) -> 1 | ... U119: =SUM(U112:U118) -> 11
A121: A.1 | B121: 11. | C121: Partai Garda Republik Indonesia | E121: 1 | M121: 1 | N121: 1 | U121: =SUM(E121:T121) -> 3
...

Sheet LEMAHBANGKULON
C2: Kecamatan | D2: SINGOJURUH
C3: Kabupaten | D3: BANYUWANGI
C4: Provinsi | D4: JAWA TIMUR
C9: Kelurahan | D9: LEMAHBANGKULON
A12: I | B12: DATA PEMILIH DAN PENGGUNAAN HAK PILIH | Q12: JUMLAH AKHIR
A13: A | B13: DATA PEMILIH | E13: TPS 001 | F13: TPS 002 | G13: TPS 003 | H13: TPS 004 | I13: TPS 005 | J13: TPS 006 | K13: TPS 007 | L13: TPS 008 | M13: TPS 009 | N13: TPS 010 | O13: TPS 011 | P13: TPS 012
B14: Jumlah Pemilih dalam Daftar Pemilih Tetap (DPT) | D14: LK | E14: 124 | F14: 96 | G14: 127 | H14: 128 | I14: 121 | J14: 117 | K14: 127 | L14: 141 | M14: 108 | N14: 125 | O14: 84 | P14: 68 | Q14: =SUM(E14:P14) -> 1366
D15: PR | E15: 125 | F15: 98 | G15: 137 | H15: 122 | I15: 141 | J15: 139 | K15: 142 | L15: 138 | M15: 119 | N15: 141 | O15: 99 | P15: 83 | Q15: =SUM(E15:P15) -> 1484
D16: JML | E16: =SUM(E14:E15) -> 249 | F16: =SUM(F14:F15) -> 194 | G16: =SUM(G14:G15) -> 264 | H16: =SUM(H14:H15) -> 250 | I16: =SUM(I14:I15) -> 262 | J16: =SUM(J14:J15) -> 256 | K16: =SUM(K14:K15) -> 269 | L16: =SUM(L14:L15) -> 279 | ... P16: =SUM(P14:P15) -> 151 | Q16: =SUM(E16:P16) -> 2850
A18: B | B18: PENGGUNA HAK PILIH
B19: 1. | C19: Jumlah pengguna hak pilih dalam Daftar Pemilih Tetap (DPT) | D19: LK | E19: 85 | F19: 79 | G19: 88 | H19: 86 | I19: 93 | J19: 76 | K19: 105 | L19: 108 | M19: 75 | N19: 94 | O19: 62 | P19: 54 | Q19: =SUM(E19:P19) -> 1005
D20: PR | E20: 101 | F20: 79 | G20: 101 | H20: 94 | I20: 110 | J20: 111 | K20: 124 | L20: 105 | M20: 98 | N20: 106 | O20: 80 | P20: 62 | Q20: =SUM(E20:P20) -> 1171
D21: JML | E21: =SUM(E19:E20) -> 186 | F21: =SUM(F19:F20) -> 158 | G21: =SUM(G19:G20) -> 189 | H21: =SUM(H19:H20) -> 180 | I21: =SUM(I19:I20) -> 203 | J21: =SUM(J19:J20) -> 187 | K21: =SUM(K19:K20) -> 229 | L21: =SUM(L19:L20) -> 213 | ... P21: =SUM(P19:P20) -> 116 | Q21: =SUM(E21:P21) -> 2176
B22: 2. | C22: Jumlah pengguna hak pilih dalam Daftar Pemilih Tambahan (DPTb) | D22: LK | E22: 0 | F22: 0 | G22: 0 | H22: 0 | I22: 0 | J22: 1 | K22: 0 | L22: 1 | M22: 1 | N22: 4 | O22: 0 | P22: 1 | Q22: =SUM(E22:P22) -> 8
D23: PR | E23: 0 | F23: 1 | G23: 0 | H23: 0 | I23: 0 | J23: 1 | K23: 0 | L23: 0 | M23: 0 | N23: 3 | O23: 0 | P23: 0 | Q23: =SUM(E23:P23) -> 5
D24: JML | E24: =SUM(E22:E23) -> 0 | F24: =SUM(F22:F23) -> 1 | G24: =SUM(G22:G23) -> 0 | H24: =SUM(H22:H23) -> 0 | I24: =SUM(I22:I23) -> 0 | J24: =SUM(J22:J23) -> 2 | K24: =SUM(K22:K23) -> 0 | L24: =SUM(L22:L23) -> 1 | ... P24: =SUM(P22:P23) -> 1 | Q24: =SUM(E24:P24) -> 13
B25: 3. | C25: Jumlah pengguna hak pilih dalam Daftar Pemilih Khusus (DPK) | D25: LK | E25: 0 | F25: 2 | G25: 2 | H25: 1 | I25: 0 | J25: 1 | K25: 0 | L25: 0 | M25: 0 | N25: 0 | O25: 0 | P25: 1 | Q25: =SUM(E25:P25) -> 7
D26: PR | E26: 0 | F26: 0 | G26: 2 | H26: 0 | I26: 0 | J26: 1 | K26: 1 | L26: 0 | M26: 1 | N26: 0 | O26: 2 | P26: 1 | Q26: =SUM(E26:P26) -> 8
D27: JML | E27: =SUM(E25:E26) -> 0 | F27: =SUM(F25:F26) -> 2 | G27: =SUM(G25:G26) -> 4 | H27: =SUM(H25:H26) -> 1 | I27: =SUM(I25:I26) -> 0 | J27: =SUM(J25:J26) -> 2 | K27: =SUM(K25:K26) -> 1 | L27: =SUM(L25:L26) -> 0 | ... P27: =SUM(P25:P26) -> 2 | Q27: =SUM(E27:P27) -> 15
B28: 4. | C28: Jumlah Pengguna Hak Pilih (B.1+B.2+B.3) | D28: LK | E28: =SUM(E19,E22,E25) -> 85 | F28: =SUM(F19,F22,F25) -> 81 | G28: =SUM(G19,G22,G25) -> 90 | H28: =SUM(H19,H22,H25) -> 87 | I28: =SUM(I19,I22,I25) -> 93 | J28: =SUM(J19,J22,J25) -> 78 | K28: =SUM(K19,K22,K25) -> 105 | L28: =SUM(L19,L22,L25) -> 109 | ... P28: =SUM(P19,P22,P25) -> 56 | Q28: =SUM(E28:P28) -> 1020
D29: PR | E29: =SUM(E20,E23,E26) -> 101 | F29: =SUM(F20,F23,F26) -> 80 | G29: =SUM(G20,G23,G26) -> 103 | H29: =SUM(H20,H23,H26) -> 94 | I29: =SUM(I20,I23,I26) -> 110 | J29: =SUM(J20,J23,J26) -> 113 | K29: =SUM(K20,K23,K26) -> 125 | L29: =SUM(L20,L23,L26) -> 105 | ... P29: =SUM(P20,P23,P26) -> 63 | Q29: =SUM(E29:P29) -> 1184
D30: JML | E30: =SUM(E28:E29) -> 186 | F30: =SUM(F28:F29) -> 161 | G30: =SUM(G28:G29) -> 193 | H30: =SUM(H28:H29) -> 181 | I30: =SUM(I28:I29) -> 203 | J30: =SUM(J28:J29) -> 191 | K30: =SUM(K28:K29) -> 230 | L30: =SUM(L28:L29) -> 214 | ... P30: =SUM(P28:P29) -> 119 | Q30: =SUM(E30:P30) -> 2204
A32: II | B32: DATA PENGGUNAAN SURAT SUARA
A33: 1 | B33: Jumlah surat suara yang diterima, termasuk surat suara cadangan 2,5% dari DPT | E33: 254 | F33: 198 | G33: 270 | H33: 255 | I33: 258 | J33: 263 | K33: 275 | L33: 283 | M33: 232 | N33: 272 | O33: 187 | P33: 155 | Q33: =SUM(E33:P33) -> 2902
A34: 2 | B34: Jumlah surat suara yang digunakan | E34: 186 | F34: 161 | G34: 193 | H34: 181 | I34: 203 | J34: 191 | K34: 230 | L34: 214 | M34: 175 | N34: 207 | O34: 144 | P34: 119 | Q34: =SUM(E34:P34) -> 2204
A35: 3 | B35: Jumlah surat suara dikembalikan oleh pemilih (karena rusak atau keliru coblos) | E35: 0 | F35: 0 | G35: 1 | H35: 0 | I35: 0 | J35: 3 | K35: 1 | L35: 2 | M35: 1 | N35: 0 | O35: 0 | P35: 0 | Q35: =SUM(E35:P35) -> 8
A36: 4 | B36: Jumlah surat suara yang tidak digunakan/tidak terpakai, termasuk sisa surat suara cadangan | E36: =E33-(E34+E35) -> 68 | F36: =F33-(F34+F35) -> 37 | G36: =G33-(G34+G35) -> 76 | H36: =H33-(H34+H35) -> 74 | I36: =I33-(I34+I35) -> 55 | J36: =J33-(J34+J35) -> 69 | K36: =K33-(K34+K35) -> 44 | L36: =L33-(L34+L35) -> 67 | ... P36: =P33-(P34+P35) -> 36 | Q36: =SUM(E36:P36) -> 690
A38: III | B38: DATA PEMILIH DISABILITAS
B39: Jumlah seluruh Pemilih disabilitas yang menggunakan hak pilih | D39: LK | F39: 2 | N39: 1 | Q39: =SUM(E39:P39) -> 3
D40: PR | J40: 4 | N40: 4 | Q40: =SUM(E40:P40) -> 8
D41: JML | E41: =SUM(E39:E40) -> 0 | F41: =SUM(F39:F40) -> 2 | G41: =SUM(G39:G40) -> 0 | H41: =SUM(H39:H40) -> 0 | I41: =SUM(I39:I40) -> 0 | J41: =SUM(J39:J40) -> 4 | K41: =SUM(K39:K40) -> 0 | L41: =SUM(L39:L40) -> 0 | ... P41: =SUM(P39:P40) -> 0 | Q41: =SUM(E41:P41) -> 11
A43: IV | B43: DATA RINCIAN PEROLEHAN SUARA PASANGAN CALON BUPATI DAN WAKIL BUPATI
A44: NOMOR DAN NAMA CALON
A45: A.1 | B45: 1. | C45: Partai Kebangkitan Bangsa | E45: 12 | F45: 11 | G45: 4 | H45: 2 | I45: 5 | J45: 7 | K45: 7 | L45: 4 | M45: 7 | N45: 12 | O45: 3 | P45: 6 | Q45: =SUM(E45:P45) -> 80
A46: A.2 | C46: 1. H. MUHAMMAD ALI MAHRUS, S.H.I., M.H | E46: 9 | F46: 5 | G46: 8 | H46: 7 | I46: 29 | J46: 9 | K46: 5 | L46: 13 | M46: 29 | N46: 31 | O46: 10 | P46: 3 | Q46: =SUM(E46:P46) -> 158
C47: 2. TUPANG SOEDARGO | E47: 69 | F47: 63 | G47: 54 | H47: 29 | I47: 44 | J47: 54 | K47: 71 | L47: 67 | M47: 28 | N47: 67 | O47: 45 | P47: 18 | Q47: =SUM(E47:P47) -> 609
C48: 3. Hj. KHOLIFATUL HASANAH | E48: 1 | F48: 1 | G48: 0 | H48: 1 | I48: 1 | J48: 0 | K48: 0 | L48: 0 | M48: 3 | N48: 2 | O48: 1 | P48: 0 | Q48: =SUM(E48:P48) -> 10
C49: 4. FUAD HUMAIDI, S.H.I. | E49: 0 | F49: 0 | G49: 0 | H49: 0 | I49: 0 | J49: 0 | K49: 0 | L49: 0 | M49: 0 | N49: 0 | O49: 0 | P49: 1 | Q49: =SUM(E49:P49) -> 1
C50: 5. ENI WIJI LESTARI | E50: 0 | F50: 0 | G50: 0 | H50: 0 | I50: 0 | J50: 0 | K50: 0 | L50: 0 | M50: 0 | N50: 0 | O50: 0 | P50: 0 | Q50: =SUM(E50:P50) -> 0
C51: 6. SONNY AGUS SETIAWAN | E51: 0 | F51: 0 | G51: 0 | H51: 0 | I51: 0 | J51: 0 | K51: 0 | L51: 0 | M51: 0 | N51: 0 | O51: 0 | P51: 0 | Q51: =SUM(E51:P51) -> 0
A52: B | B52: JUMLAH SUARA SAH PARTAI POLITIK DAN CALON (A1 + A2) | E52: =SUM(E45:E51) -> 91 | F52: =SUM(F45:F51) -> 80 | G52: =SUM(G45:G51) -> 66 | H52: =SUM(H45:H51) -> 39 | I52: =SUM(I45:I51) -> 79 | J52: =SUM(J45:J51) -> 70 | K52: =SUM(K45:K51) -> 83 | L52: =SUM(L45:L51) -> 84 | ... Q52: =SUM(Q45:Q51) -> 858
A54: A.1 | B54: 2. | C54: Partai Gerakan Indonesia Raya | E54: 11 | F54: 7 | G54: 8 | H54: 8 | I54: 6 | J54: 10 | K54: 9 | L54: 3 | M54: 12 | N54: 10 | O54: 5 | P54: 4 | Q54: =SUM(E54:P54) -> 93
A55: A.2 | C55: 1. SUWITO | E55: 16 | F55: 22 | G55: 11 | H55: 7 | I55: 23 | J55: 23 | K55: 42 | L55: 10 | M55: 16 | N55: 5 | O55: 16 | P55: 17 | Q55: =SUM(E55:P55) -> 208
C56: 2. LIMPAT PRAWIRO DIKDO | E56: 6 | F56: 10 | G56: 7 | H56: 19 | I56: 2 | J56: 21 | K56: 18 | L56: 5 | M56: 4 | N56: 3 | O56: 6 | P56: 1 | Q56: =SUM(E56:P56) -> 102
C57: 3. PUPUT DESI PRATAMA EKA PUTRI | E57: 0 | F57: 1 | G57: 0 | H57: 1 | I57: 1 | J57: 1 | K57: 0 | L57: 0 | M57: 3 | N57: 0 | O57: 0 | P57: 0 | Q57: =SUM(E57:P57) -> 7
C58: 4. RUDI HANDOKO | E58: 0 | F58: 0 | G58: 2 | H58: 1 | I58: 1 | J58: 0 | K58: 0 | L58: 0 | M58: 11 | N58: 29 | O58: 1 | P58: 1 | Q58: =SUM(E58:P58) -> 46
C59: 5. IWAN SETIAWAN | E59: 0 | F59: 0 | G59: 0 | H59: 0 | I59: 0 | J59: 0 | K59: 0 | L59: 0 | M59: 1 | N59: 0 | O59: 0 | P59: 0 | Q59: =SUM(E59:P59) -> 1
C60: 6. JUWITA INDRASARI | E60: 0 | F60: 0 | G60: 0 | H60: 0 | I60: 0 | J60: 0 | K60: 0 | L60: 0 | M60: 0 | N60: 0 | O60: 0 | P60: 0 | Q60: =SUM(E60:P60) -> 0
A61: B | B61: JUMLAH SUARA SAH PARTAI POLITIK DAN CALON (A1 + A2) | E61: =SUM(E54:E60) -> 33 | F61: =SUM(F54:F60) -> 40 | G61: =SUM(G54:G60) -> 28 | H61: =SUM(H54:H60) -> 36 | I61: =SUM(I54:I60) -> 33 | J61: =SUM(J54:J60) -> 55 | K61: =SUM(K54:K60) -> 69 | L61: =SUM(L54:L60) -> 18 | ... Q61: =SUM(Q54:Q60) -> 457
A63: A.1 | B63: 3. | C63: Partai Demokrasi Indonesia Perjuangan | E63: 9 | F63: 3 | G63: 4 | H63: 10 | I63: 7 | J63: 5 | K63: 5 | L63: 5 | M63: 5 | N63: 3 | O63: 6 | P63: 3 | Q63: =SUM(E63:P63) -> 65
A64: A.2 | C64: 1. AHMAD MASROHAN | E64: 1 | F64: 0 | G64: 2 | H64: 5 | I64: 16 | J64: 6 | K64: 10 | L64: 32 | M64: 3 | N64: 0 | O64: 0 | P64: 3 | Q64: =SUM(E64:P64) -> 78
C65: 2. HARIYANTO | E65: 19 | F65: 2 | G65: 23 | H65: 28 | I65: 6 | J65: 5 | K65: 14 | L65: 19 | M65: 6 | N65: 7 | O65: 13 | P65: 3 | Q65: =SUM(E65:P65) -> 145
C66: 3. INDAH MARHENI | E66: 1 | F66: 1 | G66: 0 | H66: 0 | I66: 0 | J66: 0 | K66: 0 | L66: 1 | M66: 0 | N66: 1 | O66: 0 | P66: 0 | Q66: =SUM(E66:P66) -> 4
C67: 4. AGUS PRIYONO | E67: 0 | F67: 5 | G67: 1 | H67: 0 | I67: 0 | J67: 0 | K67: 1 | L67: 1 | M67: 3 | N67: 0 | O67: 0 | P67: 2 | Q67: =SUM(E67:P67) -> 13
C68: 5. SETYA RAHAYU | E68: 0 | F68: 0 | G68: 0 | H68: 1 | I68: 1 | J68: 1 | K68: 0 | L68: 3 | M68: 8 | N68: 0 | O68: 4 | P68: 5 | Q68: =SUM(E68:P68) -> 23
C69: 6. M. HAFI WIJAYA | E69: 0 | F69: 0 | G69: 0 | H69: 0 | I69: 0 | J69: 0 | K69: 0 | L69: 0 | M69: 0 | N69: 0 | O69: 0 | P69: 0 | Q69: =SUM(E69:P69) -> 0
A70: B | B70: JUMLAH SUARA SAH PARTAI POLITIK DAN CALON (A1 + A2) | E70: =SUM(E63:E69) -> 30 | F70: =SUM(F63:F69) -> 11 | G70: =SUM(G63:G69) -> 30 | H70: =SUM(H63:H69) -> 44 | I70: =SUM(I63:I69) -> 30 | J70: =SUM(J63:J69) -> 17 | K70: =SUM(K63:K69) -> 30 | L70: =SUM(L63:L69) -> 61 | ... Q70: =SUM(Q63:Q69) -> 328
A72: A.1 | B72: 4. | C72: Partai Golongan Karya | E72: 0 | F72: 0 | G72: 4 | H72: 6 | I72: 1 | J72: 0 | K72: 1 | L72: 0 | M72: 1 | N72: 4 | O72: 1 | P72: 1 | Q72: =SUM(E72:P72) -> 19
A73: A.2 | C73: 1. SRI YULIANI | E73: 3 | F73: 0 | G73: 11 | H73: 2 | I73: 1 | J73: 4 | K73: 8 | L73: 2 | M73: 0 | N73: 4 | O73: 3 | P73: 5 | Q73: =SUM(E73:P73) -> 43
C74: 2. ACHMAD SUMARNO, S.E. | E74: 0 | F74: 0 | G74: 1 | H74: 4 | I74: 0 | J74: 2 | K74: 0 | L74: 0 | M74: 4 | N74: 0 | O74: 0 | P74: 0 | Q74: =SUM(E74:P74) -> 11
C75: 3. MUHAMMAD SAHLAN, S.Sos., M.A. | E75: 1 | F75: 0 | G75: 8 | H75: 1 | I75: 0 | J75: 4 | K75: 2 | L75: 3 | M75: 2 | N75: 0 | O75: 0 | P75: 0 | Q75: =SUM(E75:P75) -> 21
C76: 4. MAYA YUSEFA, S.Pd. | E76: 0 | F76: 0 | G76: 0 | H76: 0 | I76: 0 | J76: 0 | K76: 0 | L76: 0 | M76: 0 | N76: 0 | O76: 0 | P76: 0 | Q76: =SUM(E76:P76) -> 0
C77: 5. SUPARMAN | E77: 0 | F77: 0 | G77: 0 | H77: 0 | I77: 0 | J77: 0 | K77: 0 | L77: 0 | M77: 0 | N77: 0 | O77: 0 | P77: 0 | Q77: =SUM(E77:P77) -> 0
C78: 6. NURHIDAYAT | E78: 0 | F78: 0 | G78: 0 | H78: 0 | I78: 0 | J78: 0 | K78: 0 | L78: 0 | M78: 0 | N78: 0 | O78: 0 | P78: 0 | Q78: =SUM(E78:P78) -> 0
A79: B | B79: JUMLAH SUARA SAH PARTAI POLITIK DAN CALON (A1 + A2) | E79: =SUM(E72:E78) -> 4 | F79: =SUM(F72:F78) -> 0 | G79: =SUM(G72:G78) -> 24 | H79: =SUM(H72:H78) -> 13 | I79: =SUM(I72:I78) -> 2 | J79: =SUM(J72:J78) -> 10 | K79: =SUM(K72:K78) -> 11 | L79: =SUM(L72:L78) -> 5 | ... Q79: =SUM(Q72:Q78) -> 94
A81: A.1 | B81: 5. | C81: Partai NasDem | E81: 1 | F81: 1 | G81: 1 | H81: 1 | I81: 0 | J81: 0 | K81: 0 | L81: 0 | M81: 0 | N81: 0 | O81: 0 | P81: 2 | Q81: =SUM(E81:P81) -> 6
A82: A.2 | C82: 1. RATIH NUR HAYATI, S.T. | E82: 1 | F82: 0 | G82: 0 | H82: 0 | I82: 1 | J82: 0 | K82: 0 | L82: 0 | M82: 0 | N82: 1 | O82: 0 | P82: 0 | Q82: =SUM(E82:P82) -> 3
C83: 2. ISTILAH MUSTOFA, S.H. | E83: 0 | F83: 0 | G83: 0 | H83: 0 | I83: 0 | J83: 0 | K83: 0 | L83: 0 | M83: 0 | N83: 0 | O83: 0 | P83: 0 | Q83: =SUM(E83:P83) -> 0
C84: 3. ACHMAD RIDHO HADISISWOYO, S.Tr.P. | E84: 0 | F84: 0 | G84: 0 | H84: 1 | I84: 0 | J84: 0 | K84: 0 | L84: 0 | M84: 0 | N84: 0 | O84: 0 | P84: 0 | Q84: =SUM(E84:P84) -> 1
C85: 4. AKHMAD ROSIDI | E85: 0 | F85: 0 | G85: 0 | H85: 0 | I85: 0 | J85: 0 | K85: 0 | L85: 0 | M85: 0 | N85: 0 | O85: 0 | P85: 0 | Q85: =SUM(E85:P85) -> 0
C86: 5. MUHAMAD VAHID FAIQ | E86: 0 | F86: 1 | G86: 1 | H86: 6 | I86: 0 | J86: 0 | K86: 1 | L86: 0 | M86: 2 | N86: 2 | O86: 0 | P86: 3 | Q86: =SUM(E86:P86) -> 16
C87: 6. TITIS MEILIKA WIYONO | E87: 0 | F87: 0 | G87: 0 | H87: 0 | I87: 0 | J87: 0 | K87: 0 | L87: 0 | M87: 0 | N87: 0 | O87: 0 | P87: 0 | Q87: =SUM(E87:P87) -> 0
A88: B | B88: JUMLAH SUARA SAH PARTAI POLITIK DAN CALON (A1 + A2) | E88: =SUM(E81:E87) -> 2 | F88: =SUM(F81:F87) -> 2 | G88: =SUM(G81:G87) -> 2 | H88: =SUM(H81:H87) -> 8 | I88: =SUM(I81:I87) -> 1 | J88: =SUM(J81:J87) -> 0 | K88: =SUM(K81:K87) -> 1 | L88: =SUM(L81:L87) -> 0 | ... Q88: =SUM(Q81:Q87) -> 26
A90: A.1 | B90: 6. | C90: Partai Buruh | E90: 0 | F90: 0 | G90: 1 | H90: 4 | I90: 2 | J90: 1 | K90: 1 | L90: 0 | M90: 1 | N90: 0 | O90: 0 | P90: 0 | Q90: =SUM(E90:P90) -> 10
A91: B | B91: JUMLAH SUARA SAH PARTAI POLITIK DAN CALON (A1 + A2) | E91: =SUM(E90:E90) -> 0 | F91: =SUM(F90:F90) -> 0 | G91: =SUM(G90:G90) -> 1 | H91: =SUM(H90:H90) -> 4 | I91: =SUM(I90:I90) -> 2 | J91: =SUM(J90:J90) -> 1 | K91: =SUM(K90:K90) -> 1 | L91: =SUM(L90:L90) -> 0 | ... Q91: =SUM(Q90:Q90) -> 10
A93: A.1 | B93: 7. | C93: Partai Gelombang Rakyat Indonesia | E93: 0 | F93: 0 | G93: 1 | H93: 1 | I93: 0 | J93: 1 | K93: 0 | L93: 0 | M93: 1 | N93: 0 | O93: 0 | P93: 0 | Q93: =SUM(E93:P93) -> 4
A94: A.2 | C94: 1. RIFKI ALFAN SANI | E94: 0 | F94: 0 | G94: 0 | H94: 0 | I94: 0 | J94: 0 | K94: 0 | L94: 0 | M94: 0 | N94: 0 | O94: 0 | P94: 0 | Q94: =SUM(E94:P94) -> 0
C95: 2. RAPI'I | E95: 0 | F95: 0 | G95: 0 | H95: 1 | I95: 0 | J95: 0 | K95: 0 | L95: 0 | M95: 0 | N95: 0 | O95: 0 | P95: 0 | Q95: =SUM(E95:P95) -> 1
C96: 3. NUR IKA SETIAWATI | E96: 0 | F96: 0 | G96: 0 | H96: 0 | I96: 0 | J96: 0 | K96: 0 | L96: 0 | M96: 0 | N96: 0 | O96: 0 | P96: 0 | Q96: =SUM(E96:P96) -> 0
A97: B | B97: JUMLAH SUARA SAH PARTAI POLITIK DAN CALON (A1 + A2) | E97: =SUM(E93:E96) -> 0 | F97: =SUM(F93:F96) -> 0 | G97: =SUM(G93:G96) -> 1 | H97: =SUM(H93:H96) -> 2 | I97: =SUM(I93:I96) -> 0 | J97: =SUM(J93:J96) -> 1 | K97: =SUM(K93:K96) -> 0 | L97: =SUM(L93:L96) -> 0 | ... Q97: =SUM(Q93:Q96) -> 5
A99: A.1 | B99: 8. | C99: Partai Keadilan Sejahtera | E99: 0 | F99: 0 | G99: 0 | H99: 0 | I99: 1 | J99: 0 | K99: 0 | L99: 0 | M99: 2 | N99: 1 | O99: 2 | P99: 2 | Q99: =SUM(E99:P99) -> 8
A100: A.2 | C100: 1. VITA RIMA YANTI, S.KM. | E100: 0 | F100: 0 | G100: 0 | H100: 0 | I100: 0 | J100: 0 | K100: 0 | L100: 0 | M100: 1 | N100: 0 | O100: 0 | P100: 2 | Q100: =SUM(E100:P100) -> 3
C101: 2. EKO WAHYU HIDAYAT, A.Md. | E101: 0 | F101: 0 | G101: 0 | H101: 2 | I101: 1 | J101: 0 | K101: 0 | L101: 0 | M101: 0 | N101: 0 | O101: 0 | P101: 1 | Q101: =SUM(E101:P101) -> 4
C102: 3. EDY PURNOMO | E102: 0 | F102: 0 | G102: 1 | H102: 0 | I102: 0 | J102: 0 | K102: 0 | L102: 0 | M102: 0 | N102: 0 | O102: 0 | P102: 0 | Q102: =SUM(E102:P102) -> 1
C103: 4. SUNTARIAS PUTRI DAMAYANTI, A.Ma. | E103: 0 | F103: 0 | G103: 0 | H103: 0 | I103: 0 | J103: 0 | K103: 0 | L103: 0 | M103: 0 | N103: 0 | O103: 0 | P103: 0 | Q103: =SUM(E103:P103) -> 0
C104: 5. MUHAMMAD AFIF | E104: 0 | F104: 0 | G104: 0 | H104: 0 | I104: 0 | J104: 0 | K104: 0 | L104: 0 | M104: 0 | N104: 0 | O104: 0 | P104: 0 | Q104: =SUM(E104:P104) -> 0
C105: 6. SHOHIB QOMAD DILLAH, S.T.P. | E105: 0 | F105: 0 | G105: 0 | H105: 0 | I105: 0 | J105: 0 | K105: 0 | L105: 0 | M105: 0 | N105: 0 | O105: 0 | P105: 0 | Q105: =SUM(E105:P105) -> 0
A106: B | B106: JUMLAH SUARA SAH PARTAI POLITIK DAN CALON (A1 + A2) | E106: =SUM(E99:E105) -> 0 | F106: =SUM(F99:F105) -> 0 | G106: =SUM(G99:G105) -> 1 | H106: =SUM(H99:H105) -> 2 | I106: =SUM(I99:I105) -> 2 | J106: =SUM(J99:J105) -> 0 | K106: =SUM(K99:K105) -> 0 | L106: =SUM(L99:L105) -> 0 | ... Q106: =SUM(Q99:Q105) -> 16
A108: A.1 | B108: 9. | C108: Partai Kebangkitan Nusantara | Q108: =SUM(E108:P108) -> 0
A109: A.2 | C109: 1. AGUS TARMIDI | Q109: =SUM(E109:P109) -> 0
A110: B | B110: JUMLAH SUARA SAH PARTAI POLITIK DAN CALON (A1 + A2) | E110: =SUM(E108:E109) -> 0 | F110: =SUM(F108:F109) -> 0 | G110: =SUM(G108:G109) -> 0 | H110: =SUM(H108:H109) -> 0 | I110: =SUM(I108:I109) -> 0 | J110: =SUM(J108:J109) -> 0 | K110: =SUM(K108:K109) -> 0 | L110: =SUM(L108:L109) -> 0 | ... Q110: =SUM(Q108:Q109) -> 0
A112: A.1 | B112: 10. | C112: Partai Hati Nurani Rakyat | E112: 0 | F112: 0 | G112: 0 | H112: 0 | I112: 1 | J112: 0 | K112: 0 | L112: 0 | M112: 0 | N112: 0 | O112: 1 | P112: 0 | Q112: =SUM(E112:P112) -> 2
A113: A.2 | C113: 1. MOHAMAD ROSUL | E113: 0 | F113: 0 | G113: 0 | H113: 1 | I113: 0 | J113: 0 | K113: 0 | L113: 0 | M113: 0 | N113: 0 | O113: 0 | P113: 0 | Q113: =SUM(E113:P113) -> 1
C114: 2. H. AHMAD NUR ALCHAFFAF | E114: 0 | F114: 0 | G114: 0 | H114: 0 | I114: 0 | J114: 0 | K114: 0 | L114: 0 | M114: 0 | N114: 0 | O114: 0 | P114: 0 | Q114: =SUM(E114:P114) -> 0
C115: 3. ISTIQUMILAILLI | E115: 0 | F115: 0 | G115: 0 | H115: 0 | I115: 0 | J115: 0 | K115: 0 | L115: 0 | M115: 0 | N115: 0 | O115: 0 | P115: 0 | Q115: =SUM(E115:P115) -> 0
C116: 4. JOKO NUGROHO | E116: 0 | F116: 0 | G116: 0 | H116: 0 | I116: 0 | J116: 0 | K116: 0 | L116: 0 | M116: 0 | N116: 0 | O116: 0 | P116: 0 | Q116: =SUM(E116:P116) -> 0
C117: 5. MEGA PRAMESWARI | E117: 0 | F117: 0 | G117: 0 | H117: 0 | I117: 0 | J117: 0 | K117: 0 | L117: 0 | M117: 0 | N117: 0 | O117: 0 | P117: 0 | Q117: =SUM(E117:P117) -> 0
C118: 6. BUDI HARTONO | E118: 0 | F118: 1 | G118: 12 | H118: 8 | I118: 5 | J118: 12 | K118: 1 | L118: 2 | M118: 5 | N118: 0 | O118: 1 | P118: 3 | Q118: =SUM(E118:P118) -> 50
A119: B | B119: JUMLAH SUARA SAH PARTAI POLITIK DAN CALON (A1 + A2) | E119: =SUM(E112:E118) -> 0 | F119: =SUM(F112:F118) -> 1 | G119: =SUM(G112:G118) -> 12 | H119: =SUM(H112:H118) -> 9 | I119: =SUM(I112:I118) -> 6 | J119: =SUM(J112:J118) -> 12 | K119: =SUM(K112:K118) -> 1 | L119: =SUM(L112:L118) -> 2 | ... Q119: =SUM(Q112:Q118) -> 53
A121: A.1 | B121: 11. | C121: Partai Garda Republik Indonesia | Q121: =SUM(E121:P121) -> 0
...

Sheet PADANG
C2: Kecamatan | D2: SINGOJURUH
C3: Kabupaten | D3: BANYUWANGI
C4: Provinsi | D4: JAWA TIMUR
C9: Kelurahan | D9: PADANG
A12: I | B12: DATA PEMILIH DAN PENGGUNAAN HAK PILIH | Q12: JUMLAH AKHIR
A13: A | B13: DATA PEMILIH | E13: TPS 001 | F13: TPS 002 | G13: TPS 003 | H13: TPS 004 | I13: TPS 005 | J13: TPS 006 | K13: TPS 007 | L13: TPS 008 | M13: TPS 009 | N13: TPS 010 | O13: TPS 011 | P13: TPS 012
B14: Jumlah Pemilih dalam Daftar Pemilih Tetap (DPT) | D14: LK | E14: 139 | F14: 134 | G14: 138 | H14: 136 | I14: 114 | J14: 128 | K14: 115 | L14: 133 | M14: 112 | N14: 135 | O14: 124 | P14: 119 | Q14: =SUM(E14:P14) -> 1527
D15: PR | E15: 140 | F15: 129 | G15: 141 | H15: 137 | I15: 124 | J15: 138 | K15: 118 | L15: 138 | M15: 118 | N15: 146 | O15: 138 | P15: 120 | Q15: =SUM(E15:P15) -> 1587
D16: JML | E16: =SUM(E14:E15) -> 279 | F16: =SUM(F14:F15) -> 263 | G16: =SUM(G14:G15) -> 279 | H16: =SUM(H14:H15) -> 273 | I16: =SUM(I14:I15) -> 238 | J16: =SUM(J14:J15) -> 266 | K16: =SUM(K14:K15) -> 233 | L16: =SUM(L14:L15) -> 271 | ... P16: =SUM(P14:P15) -> 239 | Q16: =SUM(E16:P16) -> 3114
A18: B | B18: PENGGUNA HAK PILIH
B19: 1. | C19: Jumlah pengguna hak pilih dalam Daftar Pemilih Tetap (DPT) | D19: LK | E19: 120 | F19: 107 | G19: 100 | H19: 100 | I19: 93 | J19: 107 | K19: 90 | L19: 110 | M19: 88 | N19: 100 | O19: 88 | P19: 90 | Q19: =SUM(E19:P19) -> 1193
D20: PR | E20: 116 | F20: 115 | G20: 111 | H20: 109 | I20: 113 | J20: 120 | K20: 102 | L20: 119 | M20: 95 | N20: 107 | O20: 110 | P20: 97 | Q20: =SUM(E20:P20) -> 1314
D21: JML | E21: =SUM(E19:E20) -> 236 | F21: =SUM(F19:F20) -> 222 | G21: =SUM(G19:G20) -> 211 | H21: =SUM(H19:H20) -> 209 | I21: =SUM(I19:I20) -> 206 | J21: =SUM(J19:J20) -> 227 | K21: =SUM(K19:K20) -> 192 | L21: =SUM(L19:L20) -> 229 | ... P21: =SUM(P19:P20) -> 187 | Q21: =SUM(E21:P21) -> 2507
B22: 2. | C22: Jumlah pengguna hak pilih dalam Daftar Pemilih Tambahan (DPTb) | D22: LK | E22: 2 | F22: 0 | G22: 1 | H22: 0 | I22: 0 | J22: 1 | K22: 1 | L22: 0 | M22: 0 | N22: 0 | O22: 0 | P22: 2 | Q22: =SUM(E22:P22) -> 7
D23: PR | E23: 3 | F23: 2 | G23: 0 | H23: 1 | I23: 0 | J23: 0 | K23: 0 | L23: 0 | M23: 1 | N23: 1 | O23: 0 | P23: 0 | Q23: =SUM(E23:P23) -> 8
D24: JML | E24: =SUM(E22:E23) -> 5 | F24: =SUM(F22:F23) -> 2 | G24: =SUM(G22:G23) -> 1 | H24: =SUM(H22:H23) -> 1 | I24: =SUM(I22:I23) -> 0 | J24: =SUM(J22:J23) -> 1 | K24: =SUM(K22:K23) -> 1 | L24: =SUM(L22:L23) -> 0 | ... P24: =SUM(P22:P23) -> 2 | Q24: =SUM(E24:P24) -> 15
B25: 3. | C25: Jumlah pengguna hak pilih dalam Daftar Pemilih Khusus (DPK) | D25: LK | E25: 0 | F25: 1 | G25: 0 | H25: 1 | I25: 2 | J25: 0 | K25: 1 | L25: 2 | M25: 0 | N25: 2 | O25: 1 | P25: 2 | Q25: =SUM(E25:P25) -> 12
D26: PR | E26: 0 | F26: 0 | G26: 0 | H26: 2 | I26: 2 | J26: 1 | K26: 3 | L26: 2 | M26: 0 | N26: 1 | O26: 3 | P26: 0 | Q26: =SUM(E26:P26) -> 14
D27: JML | E27: =SUM(E25:E26) -> 0 | F27: =SUM(F25:F26) -> 1 | G27: =SUM(G25:G26) -> 0 | H27: =SUM(H25:H26) -> 3 | I27: =SUM(I25:I26) -> 4 | J27: =SUM(J25:J26) -> 1 | K27: =SUM(K25:K26) -> 4 | L27: =SUM(L25:L26) -> 4 | ... P27: =SUM(P25:P26) -> 2 | Q27: =SUM(E27:P27) -> 26
B28: 4. | C28: Jumlah Pengguna Hak Pilih (B.1+B.2+B.3) | D28: LK | E28: =SUM(E19,E22,E25) -> 122 | F28: =SUM(F19,F22,F25) -> 108 | G28: =SUM(G19,G22,G25) -> 101 | H28: =SUM(H19,H22,H25) -> 101 | I28: =SUM(I19,I22,I25) -> 95 | J28: =SUM(J19,J22,J25) -> 108 | K28: =SUM(K19,K22,K25) -> 92 | L28: =SUM(L19,L22,L25) -> 112 | ... P28: =SUM(P19,P22,P25) -> 94 | Q28: =SUM(E28:P28) -> 1212
D29: PR | E29: =SUM(E20,E23,E26) -> 119 | F29: =SUM(F20,F23,F26) -> 117 | G29: =SUM(G20,G23,G26) -> 111 | H29: =SUM(H20,H23,H26) -> 112 | I29: =SUM(I20,I23,I26) -> 115 | J29: =SUM(J20,J23,J26) -> 121 | K29: =SUM(K20,K23,K26) -> 105 | L29: =SUM(L20,L23,L26) -> 121 | ... P29: =SUM(P20,P23,P26) -> 97 | Q29: =SUM(E29:P29) -> 1336
D30: JML | E30: =SUM(E28:E29) -> 241 | F30: =SUM(F28:F29) -> 225 | G30: =SUM(G28:G29) -> 212 | H30: =SUM(H28:H29) -> 213 | I30: =SUM(I28:I29) -> 210 | J30: =SUM(J28:J29) -> 229 | K30: =SUM(K28:K29) -> 197 | L30: =SUM(L28:L29) -> 233 | ... P30: =SUM(P28:P29) -> 191 | Q30: =SUM(E30:P30) -> 2548
A32: II | B32: DATA PENGGUNAAN SURAT SUARA
A33: 1 | B33: Jumlah surat suara yang diterima, termasuk surat suara cadangan 2,5% dari DPT | E33: 285 | F33: 269 | G33: 284 | H33: 279 | I33: 243 | J33: 272 | K33: 238 | L33: 277 | M33: 235 | N33: 278 | O33: 268 | P33: 244 | Q33: =SUM(E33:P33) -> 3172
A34: 2 | B34: Jumlah surat suara yang digunakan | E34: 241 | F34: 225 | G34: 212 | H34: 213 | I34: 210 | J34: 229 | K34: 197 | L34: 233 | M34: 184 | N34: 211 | O34: 202 | P34: 191 | Q34: =SUM(E34:P34) -> 2548
A35: 3 | B35: Jumlah surat suara dikembalikan oleh pemilih (karena rusak atau keliru coblos) | E35: 0 | F35: 0 | G35: 2 | H35: 2 | I35: 0 | J35: 0 | K35: 0 | L35: 0 | M35: 0 | N35: 0 | O35: 0 | P35: 0 | Q35: =SUM(E35:P35) -> 4
A36: 4 | B36: Jumlah surat suara yang tidak digunakan/tidak terpakai, termasuk sisa surat suara cadangan | E36: =E33-(E34+E35) -> 44 | F36: =F33-(F34+F35) -> 44 | G36: =G33-(G34+G35) -> 70 | H36: =H33-(H34+H35) -> 64 | I36: =I33-(I34+I35) -> 33 | J36: =J33-(J34+J35) -> 43 | K36: =K33-(K34+K35) -> 41 | L36: =L33-(L34+L35) -> 44 | ... P36: =P33-(P34+P35) -> 53 | Q36: =SUM(E36:P36) -> 620
A38: III | B38: DATA PEMILIH DISABILITAS
B39: Jumlah seluruh Pemilih disabilitas yang menggunakan hak pilih | D39: LK | L39: 1 | Q39: =SUM(E39:P39) -> 1
D40: PR | J40: 1 | L40: 1 | Q40: =SUM(E40:P40) -> 2
D41: JML | E41: =SUM(E39:E40) -> 0 | F41: =SUM(F39:F40) -> 0 | G41: =SUM(G39:G40) -> 0 | H41: =SUM(H39:H40) -> 0 | I41: =SUM(I39:I40) -> 0 | J41: =SUM(J39:J40) -> 1 | K41: =SUM(K39:K40) -> 0 | L41: =SUM(L39:L40) -> 2 | ... P41: =SUM(P39:P40) -> 0 | Q41: =SUM(E41:P41) -> 3
A43: IV | B43: DATA RINCIAN PEROLEHAN SUARA PASANGAN CALON BUPATI DAN WAKIL BUPATI
A44: NOMOR DAN NAMA CALON
A45: A.1 | B45: 1. | C45: Partai Kebangkitan Bangsa | E45: 15 | F45: 15 | G45: 19 | H45: 17 | I45: 9 | J45: 11 | K45: 9 | L45: 8 | M45: 7 | N45: 8 | O45: 13 | P45: 5 | Q45: =SUM(E45:P45) -> 136
A46: A.2 | C46: 1. H. MUHAMMAD ALI MAHRUS, S.H.I., M.H | E46: 62 | F46: 51 | G46: 36 | H46: 67 | I46: 51 | J46: 46 | K46: 41 | L46: 51 | M46: 38 | N46: 26 | O46: 37 | P46: 50 | Q46: =SUM(E46:P46) -> 556
C47: 2. TUPANG SOEDARGO | E47: 41 | F47: 45 | G47: 67 | H47: 32 | I47: 35 | J47: 38 | K47: 37 | L47: 43 | M47: 38 | N47: 25 | O47: 18 | P47: 25 | Q47: =SUM(E47:P47) -> 444
C48: 3. Hj. KHOLIFATUL HASANAH | E48: 1 | F48: 0 | G48: 0 | H48: 1 | I48: 0 | J48: 0 | K48: 1 | L48: 3 | M48: 0 | N48: 0 | O48: 0 | P48: 0 | Q48: =SUM(E48:P48) -> 6
C49: 4. FUAD HUMAIDI, S.H.I. | E49: 0 | F49: 0 | G49: 0 | H49: 0 | I49: 0 | J49: 0 | K49: 0 | L49: 1 | M49: 0 | N49: 0 | O49: 0 | P49: 0 | Q49: =SUM(E49:P49) -> 1
C50: 5. ENI WIJI LESTARI | E50: 0 | F50: 0 | G50: 0 | H50: 0 | I50: 0 | J50: 0 | K50: 0 | L50: 0 | M50: 0 | N50: 0 | O50: 0 | P50: 0 | Q50: =SUM(E50:P50) -> 0
C51: 6. SONNY AGUS SETIAWAN | E51: 0 | F51: 0 | G51: 0 | H51: 0 | I51: 0 | J51: 0 | K51: 0 | L51: 1 | M51: 0 | N51: 3 | O51: 0 | P51: 0 | Q51: =SUM(E51:P51) -> 4
A52: B | B52: JUMLAH SUARA SAH PARTAI POLITIK DAN CALON (A1 + A2) | E52: =SUM(E45:E51) -> 119 | F52: =SUM(F45:F51) -> 111 | G52: =SUM(G45:G51) -> 122 | H52: =SUM(H45:H51) -> 117 | I52: =SUM(I45:I51) -> 95 | J52: =SUM(J45:J51) -> 95 | K52: =SUM(K45:K51) -> 88 | L52: =SUM(L45:L51) -> 107 | ... Q52: =SUM(Q45:Q51) -> 1147
A54: A.1 | B54: 2. | C54: Partai Gerakan Indonesia Raya | E54: 3 | F54: 8 | G54: 6 | H54: 6 | I54: 5 | J54: 2 | K54: 7 | L54: 1 | M54: 3 | N54: 13 | O54: 9 | P54: 7 | Q54: =SUM(E54:P54) -> 70
A55: A.2 | C55: 1. SUWITO | E55: 6 | F55: 1 | G55: 9 | H55: 4 | I55: 3 | J55: 1 | K55: 4 | L55: 4 | M55: 0 | N55: 33 | O55: 42 | P55: 30 | Q55: =SUM(E55:P55) -> 137
C56: 2. LIMPAT PRAWIRO DIKDO | E56: 8 | F56: 5 | G56: 3 | H56: 2 | I56: 2 | J56: 7 | K56: 15 | L56: 4 | M56: 4 | N56: 15 | O56: 3 | P56: 0 | Q56: =SUM(E56:P56) -> 68
C57: 3. PUPUT DESI PRATAMA EKA PUTRI | E57: 0 | F57: 0 | G57: 0 | H57: 0 | I57: 0 | J57: 0 | K57: 0 | L57: 0 | M57: 0 | N57: 1 | O57: 0 | P57: 0 | Q57: =SUM(E57:P57) -> 1
C58: 4. RUDI HANDOKO | E58: 0 | F58: 1 | G58: 1 | H58: 0 | I58: 0 | J58: 0 | K58: 0 | L58: 1 | M58: 0 | N58: 1 | O58: 0 | P58: 0 | Q58: =SUM(E58:P58) -> 4
C59: 5. IWAN SETIAWAN | E59: 0 | F59: 0 | G59: 0 | H59: 0 | I59: 0 | J59: 0 | K59: 0 | L59: 0 | M59: 0 | N59: 0 | O59: 0 | P59: 0 | Q59: =SUM(E59:P59) -> 0
C60: 6. JUWITA INDRASARI | E60: 2 | F60: 0 | G60: 0 | H60: 0 | I60: 0 | J60: 0 | K60: 0 | L60: 0 | M60: 0 | N60: 0 | O60: 0 | P60: 0 | Q60: =SUM(E60:P60) -> 2
A61: B | B61: JUMLAH SUARA SAH PARTAI POLITIK DAN CALON (A1 + A2) | E61: =SUM(E54:E60) -> 19 | F61: =SUM(F54:F60) -> 15 | G61: =SUM(G54:G60) -> 19 | H61: =SUM(H54:H60) -> 12 | I61: =SUM(I54:I60) -> 10 | J61: =SUM(J54:J60) -> 10 | K61: =SUM(K54:K60) -> 26 | L61: =SUM(L54:L60) -> 10 | ... Q61: =SUM(Q54:Q60) -> 282
A63: A.1 | B63: 3. | C63: Partai Demokrasi Indonesia Perjuangan | E63: 1 | F63: 5 | G63: 1 | H63: 1 | I63: 0 | J63: 2 | K63: 1 | L63: 0 | M63: 1 | N63: 6 | O63: 10 | P63: 3 | Q63: =SUM(E63:P63) -> 31
A64: A.2 | C64: 1. AHMAD MASROHAN | E64: 1 | F64: 0 | G64: 0 | H64: 1 | I64: 0 | J64: 3 | K64: 0 | L64: 1 | M64: 1 | N64: 2 | O64: 0 | P64: 2 | Q64: =SUM(E64:P64) -> 11
C65: 2. HARIYANTO | E65: 18 | F65: 10 | G65: 5 | H65: 6 | I65: 9 | J65: 7 | K65: 4 | L65: 14 | M65: 7 | N65: 16 | O65: 11 | P65: 50 | Q65: =SUM(E65:P65) -> 157
C66: 3. INDAH MARHENI | E66: 0 | F66: 1 | G66: 0 | H66: 0 | I66: 0 | J66: 0 | K66: 1 | L66: 0 | M66: 0 | N66: 0 | O66: 5 | P66: 1 | Q66: =SUM(E66:P66) -> 8
C67: 4. AGUS PRIYONO | E67: 0 | F67: 0 | G67: 0 | H67: 0 | I67: 0 | J67: 0 | K67: 1 | L67: 0 | M67: 0 | N67: 0 | O67: 0 | P67: 0 | Q67: =SUM(E67:P67) -> 1
C68: 5. SETYA RAHAYU | E68: 0 | F68: 0 | G68: 0 | H68: 0 | I68: 0 | J68: 0 | K68: 0 | L68: 0 | M68: 0 | N68: 0 | O68: 0 | P68: 0 | Q68: =SUM(E68:P68) -> 0
C69: 6. M. HAFI WIJAYA | E69: 0 | F69: 0 | G69: 0 | H69: 0 | I69: 0 | J69: 1 | K69: 0 | L69: 0 | M69: 0 | N69: 0 | O69: 1 | P69: 0 | Q69: =SUM(E69:P69) -> 2
A70: B | B70: JUMLAH SUARA SAH PARTAI POLITIK DAN CALON (A1 + A2) | E70: =SUM(E63:E69) -> 20 | F70: =SUM(F63:F69) -> 16 | G70: =SUM(G63:G69) -> 6 | H70: =SUM(H63:H69) -> 8 | I70: =SUM(I63:I69) -> 9 | J70: =SUM(J63:J69) -> 13 | K70: =SUM(K63:K69) -> 7 | L70: =SUM(L63:L69) -> 15 | ... Q70: =SUM(Q63:Q69) -> 210
A72: A.1 | B72: 4. | C72: Partai Golongan Karya | E72: 0 | F72: 0 | G72: 0 | H72: 0 | I72: 0 | J72: 3 | K72: 0 | L72: 0 | M72: 1 | N72: 2 | O72: 3 | P72: 0 | Q72: =SUM(E72:P72) -> 9
A73: A.2 | C73: 1. SRI YULIANI | E73: 3 | F73: 2 | G73: 2 | H73: 6 | I73: 0 | J73: 2 | K73: 2 | L73: 0 | M73: 1 | N73: 0 | O73: 0 | P73: 0 | Q73: =SUM(E73:P73) -> 18
C74: 2. ACHMAD SUMARNO, S.E. | E74: 0 | F74: 0 | G74: 0 | H74: 0 | I74: 0 | J74: 0 | K74: 0 | L74: 0 | M74: 0 | N74: 0 | O74: 0 | P74: 0 | Q74: =SUM(E74:P74) -> 0
C75: 3. MUHAMMAD SAHLAN, S.Sos., M.A. | E75: 4 | F75: 2 | G75: 0 | H75: 2 | I75: 0 | J75: 0 | K75: 0 | L75: 0 | M75: 0 | N75: 0 | O75: 0 | P75: 1 | Q75: =SUM(E75:P75) -> 9
C76: 4. MAYA YUSEFA, S.Pd. | E76: 1 | F76: 0 | G76: 0 | H76: 0 | I76: 0 | J76: 0 | K76: 0 | L76: 0 | M76: 0 | N76: 0 | O76: 0 | P76: 0 | Q76: =SUM(E76:P76) -> 1
C77: 5. SUPARMAN | E77: 0 | F77: 0 | G77: 0 | H77: 0 | I77: 0 | J77: 0 | K77: 0 | L77: 0 | M77: 0 | N77: 1 | O77: 0 | P77: 0 | Q77: =SUM(E77:P77) -> 1
C78: 6. NURHIDAYAT | E78: 0 | F78: 0 | G78: 0 | H78: 0 | I78: 0 | J78: 0 | K78: 0 | L78: 0 | M78: 0 | N78: 0 | O78: 0 | P78: 0 | Q78: =SUM(E78:P78) -> 0
A79: B | B79: JUMLAH SUARA SAH PARTAI POLITIK DAN CALON (A1 + A2) | E79: =SUM(E72:E78) -> 8 | F79: =SUM(F72:F78) -> 4 | G79: =SUM(G72:G78) -> 2 | H79: =SUM(H72:H78) -> 8 | I79: =SUM(I72:I78) -> 0 | J79: =SUM(J72:J78) -> 5 | K79: =SUM(K72:K78) -> 2 | L79: =SUM(L72:L78) -> 0 | ... Q79: =SUM(Q72:Q78) -> 38
A81: A.1 | B81: 5. | C81: Partai NasDem | E81: 1 | F81: 0 | G81: 1 | H81: 1 | I81: 0 | J81: 1 | K81: 0 | L81: 1 | M81: 0 | N81: 0 | O81: 1 | P81: 0 | Q81: =SUM(E81:P81) -> 6
A82: A.2 | C82: 1. RATIH NUR HAYATI, S.T. | E82: 0 | F82: 0 | G82: 0 | H82: 0 | I82: 0 | J82: 0 | K82: 0 | L82: 0 | M82: 0 | N82: 0 | O82: 0 | P82: 0 | Q82: =SUM(E82:P82) -> 0
C83: 2. ISTILAH MUSTOFA, S.H. | E83: 0 | F83: 0 | G83: 0 | H83: 0 | I83: 0 | J83: 0 | K83: 0 | L83: 0 | M83: 0 | N83: 0 | O83: 0 | P83: 0 | Q83: =SUM(E83:P83) -> 0
C84: 3. ACHMAD RIDHO HADISISWOYO, S.Tr.P. | E84: 0 | F84: 0 | G84: 0 | H84: 0 | I84: 0 | J84: 0 | K84: 0 | L84: 0 | M84: 0 | N84: 1 | O84: 0 | P84: 0 | Q84: =SUM(E84:P84) -> 1
C85: 4. AKHMAD ROSIDI | E85: 0 | F85: 0 | G85: 0 | H85: 0 | I85: 0 | J85: 0 | K85: 0 | L85: 0 | M85: 0 | N85: 0 | O85: 0 | P85: 0 | Q85: =SUM(E85:P85) -> 0
C86: 5. MUHAMAD VAHID FAIQ | E86: 0 | F86: 0 | G86: 2 | H86: 2 | I86: 2 | J86: 0 | K86: 0 | L86: 0 | M86: 0 | N86: 0 | O86: 0 | P86: 0 | Q86: =SUM(E86:P86) -> 6
C87: 6. TITIS MEILIKA WIYONO | E87: 0 | F87: 0 | G87: 0 | H87: 0 | I87: 0 | J87: 0 | K87: 0 | L87: 0 | M87: 0 | N87: 0 | O87: 0 | P87: 0 | Q87: =SUM(E87:P87) -> 0
A88: B | B88: JUMLAH SUARA SAH PARTAI POLITIK DAN CALON (A1 + A2) | E88: =SUM(E81:E87) -> 1 | F88: =SUM(F81:F87) -> 0 | G88: =SUM(G81:G87) -> 3 | H88: =SUM(H81:H87) -> 3 | I88: =SUM(I81:I87) -> 2 | J88: =SUM(J81:J87) -> 1 | K88: =SUM(K81:K87) -> 0 | L88: =SUM(L81:L87) -> 1 | ... Q88: =SUM(Q81:Q87) -> 13
A90: A.1 | B90: 6. | C90: Partai Buruh | E90: 0 | F90: 0 | G90: 0 | H90: 0 | I90: 0 | J90: 0 | K90: 0 | L90: 0 | M90: 0 | N90: 1 | O90: 0 | P90: 0 | Q90: =SUM(E90:P90) -> 1
A91: B | B91: JUMLAH SUARA SAH PARTAI POLITIK DAN CALON (A1 + A2) | E91: =SUM(E90:E90) -> 0 | F91: =SUM(F90:F90) -> 0 | G91: =SUM(G90:G90) -> 0 | H91: =SUM(H90:H90) -> 0 | I91: =SUM(I90:I90) -> 0 | J91: =SUM(J90:J90) -> 0 | K91: =SUM(K90:K90) -> 0 | L91: =SUM(L90:L90) -> 0 | ... Q91: =SUM(Q90:Q90) -> 1
A93: A.1 | B93: 7. | C93: Partai Gelombang Rakyat Indonesia | E93: 0 | F93: 3 | G93: 0 | H93: 0 | I93: 0 | J93: 0 | K93: 0 | L93: 0 | M93: 0 | N93: 0 | O93: 0 | P93: 0 | Q93: =SUM(E93:P93) -> 3
A94: A.2 | C94: 1. RIFKI ALFAN SANI | E94: 0 | F94: 0 | G94: 1 | H94: 0 | I94: 0 | J94: 0 | K94: 0 | L94: 0 | M94: 0 | N94: 0 | O94: 0 | P94: 0 | Q94: =SUM(E94:P94) -> 1
C95: 2. RAPI'I | E95: 0 | F95: 0 | G95: 0 | H95: 0 | I95: 0 | J95: 0 | K95: 0 | L95: 0 | M95: 0 | N95: 1 | O95: 0 | P95: 0 | Q95: =SUM(E95:P95) -> 1
C96: 3. NUR IKA SETIAWATI | E96: 0 | F96: 0 | G96: 0 | H96: 0 | I96: 0 | J96: 0 | K96: 0 | L96: 0 | M96: 0 | N96: 0 | O96: 0 | P96: 0 | Q96: =SUM(E96:P96) -> 0
A97: B | B97: JUMLAH SUARA SAH PARTAI POLITIK DAN CALON (A1 + A2) | E97: =SUM(E93:E96) -> 0 | F97: =SUM(F93:F96) -> 3 | G97: =SUM(G93:G96) -> 1 | H97: =SUM(H93:H96) -> 0 | I97: =SUM(I93:I96) -> 0 | J97: =SUM(J93:J96) -> 0 | K97: =SUM(K93:K96) -> 0 | L97: =SUM(L93:L96) -> 0 | ... Q97: =SUM(Q93:Q96) -> 5
A99: A.1 | B99: 8. | C99: Partai Keadilan Sejahtera | E99: 0 | F99: 0 | G99: 0 | H99: 0 | I99: 0 | J99: 0 | K99: 0 | L99: 0 | M99: 0 | N99: 0 | O99: 0 | P99: 0 | Q99: =SUM(E99:P99) -> 0
A100: A.2 | C100: 1. VITA RIMA YANTI, S.KM. | E100: 0 | F100: 0 | G100: 0 | H100: 3 | I100: 1 | J100: 1 | K100: 0 | L100: 0 | M100: 0 | N100: 1 | O100: 1 | P100: 0 | Q100: =SUM(E100:P100) -> 7
C101: 2. EKO WAHYU HIDAYAT, A.Md. | E101: 0 | F101: 0 | G101: 0 | H101: 0 | I101: 0 | J101: 1 | K101: 0 | L101: 0 | M101: 0 | N101: 0 | O101: 0 | P101: 0 | Q101: =SUM(E101:P101) -> 1
C102: 3. EDY PURNOMO | E102: 0 | F102: 0 | G102: 0 | H102: 0 | I102: 0 | J102: 0 | K102: 0 | L102: 0 | M102: 0 | N102: 0 | O102: 1 | P102: 1 | Q102: =SUM(E102:P102) -> 2
C103: 4. SUNTARIAS PUTRI DAMAYANTI, A.Ma. | E103: 0 | F103: 0 | G103: 0 | H103: 0 | I103: 0 | J103: 0 | K103: 0 | L103: 0 | M103: 0 | N103: 0 | O103: 0 | P103: 0 | Q103: =SUM(E103:P103) -> 0
C104: 5. MUHAMMAD AFIF | E104: 0 | F104: 0 | G104: 0 | H104: 0 | I104: 0 | J104: 0 | K104: 0 | L104: 0 | M104: 0 | N104: 0 | O104: 0 | P104: 0 | Q104: =SUM(E104:P104) -> 0
C105: 6. SHOHIB QOMAD DILLAH, S.T.P. | E105: 0 | F105: 0 | G105: 0 | H105: 0 | I105: 0 | J105: 1 | K105: 0 | L105: 0 | M105: 0 | N105: 0 | O105: 0 | P105: 0 | Q105: =SUM(E105:P105) -> 1
A106: B | B106: JUMLAH SUARA SAH PARTAI POLITIK DAN CALON (A1 + A2) | E106: =SUM(E99:E105) -> 0 | F106: =SUM(F99:F105) -> 0 | G106: =SUM(G99:G105) -> 0 | H106: =SUM(H99:H105) -> 3 | I106: =SUM(I99:I105) -> 1 | J106: =SUM(J99:J105) -> 3 | K106: =SUM(K99:K105) -> 0 | L106: =SUM(L99:L105) -> 0 | ... Q106: =SUM(Q99:Q105) -> 11
A108: A.1 | B108: 9. | C108: Partai Kebangkitan Nusantara | Q108: =SUM(E108:P108) -> 0
A109: A.2 | C109: 1. AGUS TARMIDI | Q109: =SUM(E109:P109) -> 0
A110: B | B110: JUMLAH SUARA SAH PARTAI POLITIK DAN CALON (A1 + A2) | E110: =SUM(E108:E109) -> 0 | F110: =SUM(F108:F109) -> 0 | G110: =SUM(G108:G109) -> 0 | H110: =SUM(H108:H109) -> 0 | I110: =SUM(I108:I109) -> 0 | J110: =SUM(J108:J109) -> 0 | K110: =SUM(K108:K109) -> 0 | L110: =SUM(L108:L109) -> 0 | ... Q110: =SUM(Q108:Q109) -> 0
A112: A.1 | B112: 10. | C112: Partai Hati Nurani Rakyat | E112: 0 | F112: 0 | G112: 0 | H112: 0 | I112: 0 | J112: 0 | K112: 0 | L112: 1 | M112: 0 | N112: 0 | O112: 0 | P112: 0 | Q112: =SUM(E112:P112) -> 1
A113: A.2 | C113: 1. MOHAMAD ROSUL | E113: 0 | F113: 0 | G113: 0 | H113: 0 | I113: 0 | J113: 0 | K113: 0 | L113: 0 | M113: 0 | N113: 0 | O113: 0 | P113: 0 | Q113: =SUM(E113:P113) -> 0
C114: 2. H. AHMAD NUR ALCHAFFAF | E114: 1 | F114: 0 | G114: 0 | H114: 0 | I114: 0 | J114: 0 | K114: 0 | L114: 0 | M114: 0 | N114: 0 | O114: 0 | P114: 0 | Q114: =SUM(E114:P114) -> 1
C115: 3. ISTIQUMILAILLI | E115: 0 | F115: 0 | G115: 0 | H115: 0 | I115: 0 | J115: 0 | K115: 0 | L115: 0 | M115: 0 | N115: 0 | O115: 0 | P115: 0 | Q115: =SUM(E115:P115) -> 0
C116: 4. JOKO NUGROHO | E116: 0 | F116: 0 | G116: 0 | H116: 0 | I116: 0 | J116: 1 | K116: 0 | L116: 0 | M116: 0 | N116: 0 | O116: 0 | P116: 0 | Q116: =SUM(E116:P116) -> 1
C117: 5. MEGA PRAMESWARI | E117: 0 | F117: 0 | G117: 0 | H117: 0 | I117: 0 | J117: 0 | K117: 0 | L117: 0 | M117: 0 | N117: 0 | O117: 0 | P117: 0 | Q117: =SUM(E117:P117) -> 0
C118: 6. BUDI HARTONO | E118: 0 | F118: 0 | G118: 0 | H118: 0 | I118: 0 | J118: 0 | K118: 0 | L118: 0 | M118: 0 | N118: 0 | O118: 0 | P118: 0 | Q118: =SUM(E118:P118) -> 0
A119: B | B119: JUMLAH SUARA SAH PARTAI POLITIK DAN CALON (A1 + A2) | E119: =SUM(E112:E118) -> 1 | F119: =SUM(F112:F118) -> 0 | G119: =SUM(G112:G118) -> 0 | H119: =SUM(H112:H118) -> 0 | I119: =SUM(I112:I118) -> 0 | J119: =SUM(J112:J118) -> 1 | K119: =SUM(K112:K118) -> 0 | L119: =SUM(L112:L118) -> 1 | ... Q119: =SUM(Q112:Q118) -> 3
A121: A.1 | B121: 11. | C121: Partai Garda Republik Indonesia | E121: 1 | Q121: =SUM(E121:P121) -> 1
...

Sheet SINGOJURUH
C2: Kecamatan | D2: SINGOJURUH
C3: Kabupaten | D3: BANYUWANGI
C4: Provinsi | D4: JAWA TIMUR
C9: Kelurahan | D9: SINGOJURUH
A12: I | B12: DATA PEMILIH DAN PENGGUNAAN HAK PILIH | AC12: JUMLAH AKHIR
A13: A | B13: DATA PEMILIH | E13: TPS 001 | F13: TPS 002 | G13: TPS 003 | H13: TPS 004 | I13: TPS 005 | J13: TPS 006 | K13: TPS 007 | L13: TPS 008 | M13: TPS 009 | N13: TPS 010 | O13: TPS 011 | P13: TPS 012 | Q13: TPS 013 | R13: TPS 014 | S13: TPS 015 | T13: TPS 016 | U13: TPS 017 | V13: TPS 018 | W13: TPS 019 | X13: TPS 020 | Y13: TPS 021 | Z13: TPS 022 | AA13: TPS 023 | AB13: TPS 024
B14: Jumlah Pemilih dalam Daftar Pemilih Tetap (DPT) | D14: LK | E14: 113 | F14: 121 | G14: 91 | H14: 122 | I14: 102 | J14: 114 | K14: 129 | L14: 144 | M14: 144 | N14: 115 | O14: 145 | P14: 132 | Q14: 129 | R14: 131 | S14: 129 | T14: 129 | U14: 131 | V14: 138 | W14: 133 | X14: 132 | Y14: 138 | Z14: 131 | AA14: 137 | AB14: 116 | AC14: =SUM(E14:AB14) -> 3046
D15: PR | E15: 126 | F15: 138 | G15: 107 | H15: 117 | I15: 125 | J15: 119 | K15: 144 | L15: 142 | M15: 147 | N15: 126 | O15: 143 | P15: 148 | Q15: 139 | R15: 144 | S15: 138 | T15: 125 | U15: 131 | V15: 142 | W15: 138 | X15: 127 | Y15: 128 | Z15: 136 | AA15: 126 | AB15: 112 | AC15: =SUM(E15:AB15) -> 3168
D16: JML | E16: =SUM(E14:E15) -> 239 | F16: =SUM(F14:F15) -> 259 | G16: =SUM(G14:G15) -> 198 | H16: =SUM(H14:H15) -> 239 | I16: =SUM(I14:I15) -> 227 | J16: =SUM(J14:J15) -> 233 | K16: =SUM(K14:K15) -> 273 | L16: =SUM(L14:L15) -> 286 | ... AB16: =SUM(AB14:AB15) -> 228 | AC16: =SUM(E16:AB16) -> 6214
A18: B | B18: PENGGUNA HAK PILIH
B19: 1. | C19: Jumlah pengguna hak pilih dalam Daftar Pemilih Tetap (DPT) | D19: LK | E19: 76 | F19: 93 | G19: 61 | H19: 98 | I19: 76 | J19: 84 | K19: 88 | L19: 138 | M19: 123 | N19: 95 | O19: 113 | P19: 95 | Q19: 90 | R19: 103 | S19: 96 | T19: 94 | U19: 96 | V19: 104 | W19: 99 | X19: 93 | Y19: 93 | Z19: 86 | AA19: 91 | AB19: 95 | AC19: =SUM(E19:AB19) -> 2280
D20: PR | E20: 100 | F20: 115 | G20: 83 | H20: 106 | I20: 104 | J20: 92 | K20: 104 | L20: 96 | M20: 129 | N20: 107 | O20: 124 | P20: 118 | Q20: 106 | R20: 117 | S20: 100 | T20: 106 | U20: 102 | V20: 108 | W20: 94 | X20: 106 | Y20: 100 | Z20: 109 | AA20: 101 | AB20: 94 | AC20: =SUM(E20:AB20) -> 2521
D21: JML | E21: =SUM(E19:E20) -> 176 | F21: =SUM(F19:F20) -> 208 | G21: =SUM(G19:G20) -> 144 | H21: =SUM(H19:H20) -> 204 | I21: =SUM(I19:I20) -> 180 | J21: =SUM(J19:J20) -> 176 | K21: =SUM(K19:K20) -> 192 | L21: =SUM(L19:L20) -> 234 | ... AB21: =SUM(AB19:AB20) -> 189 | AC21: =SUM(E21:AB21) -> 4801
B22: 2. | C22: Jumlah pengguna hak pilih dalam Daftar Pemilih Tambahan (DPTb) | D22: LK | E22: 0 | F22: 0 | G22: 0 | H22: 0 | I22: 1 | J22: 1 | K22: 0 | L22: 0 | M22: 1 | N22: 0 | O22: 0 | P22: 0 | Q22: 0 | R22: 0 | S22: 0 | T22: 0 | U22: 0 | V22: 0 | W22: 1 | X22: 1 | Y22: 0 | Z22: 0 | AA22: 0 | AB22: 0 | AC22: =SUM(E22:AB22) -> 5
D23: PR | E23: 0 | F23: 0 | G23: 0 | H23: 0 | I23: 0 | J23: 1 | K23: 0 | L23: 0 | M23: 1 | N23: 0 | O23: 0 | P23: 0 | Q23: 0 | R23: 0 | S23: 0 | T23: 0 | U23: 0 | V23: 0 | W23: 1 | X23: 0 | Y23: 0 | Z23: 0 | AA23: 1 | AB23: 0 | AC23: =SUM(E23:AB23) -> 4
D24: JML | E24: =SUM(E22:E23) -> 0 | F24: =SUM(F22:F23) -> 0 | G24: =SUM(G22:G23) -> 0 | H24: =SUM(H22:H23) -> 0 | I24: =SUM(I22:I23) -> 1 | J24: =SUM(J22:J23) -> 2 | K24: =SUM(K22:K23) -> 0 | L24: =SUM(L22:L23) -> 0 | ... AB24: =SUM(AB22:AB23) -> 0 | AC24: =SUM(E24:AB24) -> 9
B25: 3. | C25: Jumlah pengguna hak pilih dalam Daftar Pemilih Khusus (DPK) | D25: LK | E25: 0 | F25: 0 | G25: 0 | H25: 0 | I25: 0 | J25: 0 | K25: 2 | L25: 2 | M25: 1 | N25: 0 | O25: 2 | P25: 1 | Q25: 0 | R25: 0 | S25: 0 | T25: 0 | U25: 0 | V25: 2 | W25: 1 | X25: 2 | Y25: 1 | Z25: 0 | AA25: 1 | AB25: 0 | AC25: =SUM(E25:AB25) -> 15
D26: PR | E26: 0 | F26: 0 | G26: 0 | H26: 0 | I26: 1 | J26: 0 | K26: 1 | L26: 3 | M26: 0 | N26: 0 | O26: 1 | P26: 0 | Q26: 1 | R26: 0 | S26: 0 | T26: 0 | U26: 0 | V26: 1 | W26: 1 | X26: 1 | Y26: 0 | Z26: 1 | AA26: 3 | AB26: 0 | AC26: =SUM(E26:AB26) -> 14
D27: JML | E27: =SUM(E25:E26) -> 0 | F27: =SUM(F25:F26) -> 0 | G27: =SUM(G25:G26) -> 0 | H27: =SUM(H25:H26) -> 0 | I27: =SUM(I25:I26) -> 1 | J27: =SUM(J25:J26) -> 0 | K27: =SUM(K25:K26) -> 3 | L27: =SUM(L25:L26) -> 5 | ... AB27: =SUM(AB25:AB26) -> 0 | AC27: =SUM(E27:AB27) -> 29
B28: 4. | C28: Jumlah Pengguna Hak Pilih (B.1+B.2+B.3) | D28: LK | E28: =SUM(E19,E22,E25) -> 76 | F28: =SUM(F19,F22,F25) -> 93 | G28: =SUM(G19,G22,G25) -> 61 | H28: =SUM(H19,H22,H25) -> 98 | I28: =SUM(I19,I22,I25) -> 77 | J28: =SUM(J19,J22,J25) -> 85 | K28: =SUM(K19,K22,K25) -> 90 | L28: =SUM(L19,L22,L25) -> 140 | ... AB28: =SUM(AB19,AB22,AB25) -> 95 | AC28: =SUM(E28:AB28) -> 2300
D29: PR | E29: =SUM(E20,E23,E26) -> 100 | F29: =SUM(F20,F23,F26) -> 115 | G29: =SUM(G20,G23,G26) -> 83 | H29: =SUM(H20,H23,H26) -> 106 | I29: =SUM(I20,I23,I26) -> 105 | J29: =SUM(J20,J23,J26) -> 93 | K29: =SUM(K20,K23,K26) -> 105 | L29: =SUM(L20,L23,L26) -> 99 | ... AB29: =SUM(AB20,AB23,AB26) -> 94 | AC29: =SUM(E29:AB29) -> 2539
D30: JML | E30: =SUM(E28:E29) -> 176 | F30: =SUM(F28:F29) -> 208 | G30: =SUM(G28:G29) -> 144 | H30: =SUM(H28:H29) -> 204 | I30: =SUM(I28:I29) -> 182 | J30: =SUM(J28:J29) -> 178 | K30: =SUM(K28:K29) -> 195 | L30: =SUM(L28:L29) -> 239 | ... AB30: =SUM(AB28:AB29) -> 189 | AC30: =SUM(E30:AB30) -> 4839
A32: II | B32: DATA PENGGUNAAN SURAT SUARA
A33: 1 | B33: Jumlah surat suara yang diterima, termasuk surat suara cadangan 2,5% dari DPT | E33: 243 | F33: 265 | G33: 202 | H33: 243 | I33: 231 | J33: 238 | K33: 279 | L33: 292 | M33: 297 | N33: 246 | O33: 294 | P33: 286 | Q33: 274 | R33: 281 | S33: 273 | T33: 260 | U33: 268 | V33: 286 | W33: 277 | X33: 265 | Y33: 273 | Z33: 272 | AA33: 269 | AB33: 233 | AC33: =SUM(E33:AB33) -> 6347
A34: 2 | B34: Jumlah surat suara yang digunakan | E34: 176 | F34: 208 | G34: 144 | H34: 204 | I34: 182 | J34: 178 | K34: 195 | L34: 239 | M34: 255 | N34: 202 | O34: 240 | P34: 214 | Q34: 197 | R34: 220 | S34: 196 | T34: 200 | U34: 198 | V34: 215 | W34: 197 | X34: 203 | Y34: 194 | Z34: 196 | AA34: 197 | AB34: 189 | AC34: =SUM(E34:AB34) -> 4839
A35: 3 | B35: Jumlah surat suara dikembalikan oleh pemilih (karena rusak atau keliru coblos) | E35: 0 | F35: 0 | G35: 1 | H35: 0 | I35: 0 | J35: 2 | K35: 2 | L35: 0 | M35: 2 | N35: 2 | O35: 0 | P35: 1 | Q35: 1 | R35: 1 | S35: 4 | T35: 0 | U35: 1 | V35: 0 | W35: 0 | X35: 0 | Y35: 0 | Z35: 3 | AA35: 0 | AB35: 1 | AC35: =SUM(E35:AB35) -> 21
A36: 4 | B36: Jumlah surat suara yang tidak digunakan/tidak terpakai, termasuk sisa surat suara cadangan | E36: =E33-(E34+E35) -> 67 | F36: =F33-(F34+F35) -> 57 | G36: =G33-(G34+G35) -> 57 | H36: =H33-(H34+H35) -> 39 | I36: =I33-(I34+I35) -> 49 | J36: =J33-(J34+J35) -> 58 | K36: =K33-(K34+K35) -> 82 | L36: =L33-(L34+L35) -> 53 | ... AB36: =AB33-(AB34+AB35) -> 43 | AC36: =SUM(E36:AB36) -> 1487
A38: III | B38: DATA PEMILIH DISABILITAS
B39: Jumlah seluruh Pemilih disabilitas yang menggunakan hak pilih | D39: LK | E39: 0 | F39: 0 | G39: 0 | H39: 0 | I39: 0 | J39: 0 | K39: 0 | L39: 0 | M39: 0 | N39: 0 | O39: 4 | P39: 0 | Q39: 0 | R39: 1 | S39: 0 | T39: 0 | U39: 1 | V39: 0 | W39: 0 | X39: 1 | Y39: 0 | Z39: 0 | AA39: 0 | AB39: 0 | AC39: =SUM(E39:AB39) -> 7
D40: PR | E40: 0 | F40: 0 | G40: 0 | H40: 0 | I40: 0 | J40: 0 | K40: 0 | L40: 0 | M40: 0 | N40: 0 | O40: 7 | P40: 0 | Q40: 0 | R40: 1 | S40: 0 | T40: 0 | U40: 3 | V40: 0 | W40: 0 | X40: 1 | Y40: 0 | Z40: 0 | AA40: 0 | AB40: 0 | AC40: =SUM(E40:AB40) -> 12
D41: JML | E41: =SUM(E39:E40) -> 0 | F41: =SUM(F39:F40) -> 0 | G41: =SUM(G39:G40) -> 0 | H41: =SUM(H39:H40) -> 0 | I41: =SUM(I39:I40) -> 0 | J41: =SUM(J39:J40) -> 0 | K41: =SUM(K39:K40) -> 0 | L41: =SUM(L39:L40) -> 0 | ... AB41: =SUM(AB39:AB40) -> 0 | AC41: =SUM(E41:AB41) -> 19
A43: IV | B43: DATA RINCIAN PEROLEHAN SUARA PASANGAN CALON BUPATI DAN WAKIL BUPATI
A44: NOMOR DAN NAMA CALON
A45: A.1 | B45: 1. | C45: Partai Kebangkitan Bangsa | E45: 6 | F45: 6 | G45: 8 | H45: 4 | I45: 17 | J45: 7 | K45: 6 | L45: 8 | M45: 2 | N45: 6 | O45: 3 | P45: 0 | Q45: 2 | R45: 6 | S45: 2 | T45: 3 | U45: 1 | V45: 9 | W45: 5 | X45: 15 | Y45: 10 | Z45: 14 | AA45: 9 | AB45: 0 | AC45: =SUM(E45:AB45) -> 149
A46: A.2 | C46: 1. H. MUHAMMAD ALI MAHRUS, S.H.I., M.H | E46: 4 | F46: 29 | G46: 8 | H46: 9 | I46: 47 | J46: 30 | K46: 10 | L46: 20 | M46: 3 | N46: 5 | O46: 2 | P46: 4 | Q46: 1 | R46: 1 | S46: 1 | T46: 8 | U46: 3 | V46: 7 | W46: 11 | X46: 19 | Y46: 24 | Z46: 17 | AA46: 24 | AB46: 6 | AC46: =SUM(E46:AB46) -> 293
C47: 2. TUPANG SOEDARGO | E47: 27 | F47: 40 | G47: 32 | H47: 59 | I47: 27 | J47: 33 | K47: 33 | L47: 11 | M47: 74 | N47: 79 | O47: 8 | P47: 15 | Q47: 9 | R47: 4 | S47: 7 | T47: 17 | U47: 17 | V47: 7 | W47: 11 | X47: 26 | Y47: 41 | Z47: 19 | AA47: 11 | AB47: 2 | AC47: =SUM(E47:AB47) -> 609
C48: 3. Hj. KHOLIFATUL HASANAH | E48: 0 | F48: 1 | G48: 1 | H48: 0 | I48: 0 | J48: 1 | K48: 1 | L48: 0 | M48: 2 | N48: 0 | O48: 0 | P48: 0 | Q48: 0 | R48: 0 | S48: 0 | T48: 0 | U48: 0 | V48: 0 | W48: 0 | X48: 1 | Y48: 0 | Z48: 0 | AA48: 1 | AB48: 0 | AC48: =SUM(E48:AB48) -> 8
C49: 4. FUAD HUMAIDI, S.H.I. | E49: 0 | F49: 0 | G49: 0 | H49: 0 | I49: 0 | J49: 0 | K49: 0 | L49: 1 | M49: 0 | N49: 0 | O49: 0 | P49: 0 | Q49: 0 | R49: 0 | S49: 0 | T49: 0 | U49: 0 | V49: 0 | W49: 0 | X49: 1 | Y49: 0 | Z49: 0 | AA49: 0 | AB49: 0 | AC49: =SUM(E49:AB49) -> 2
C50: 5. ENI WIJI LESTARI | E50: 0 | F50: 0 | G50: 0 | H50: 0 | I50: 0 | J50: 0 | K50: 0 | L50: 0 | M50: 0 | N50: 0 | O50: 0 | P50: 0 | Q50: 1 | R50: 0 | S50: 0 | T50: 0 | U50: 0 | V50: 0 | W50: 0 | X50: 0 | Y50: 0 | Z50: 0 | AA50: 0 | AB50: 0 | AC50: =SUM(E50:AB50) -> 1
C51: 6. SONNY AGUS SETIAWAN | E51: 1 | F51: 2 | G51: 0 | H51: 0 | I51: 1 | J51: 0 | K51: 0 | L51: 4 | M51: 2 | N51: 0 | O51: 0 | P51: 0 | Q51: 0 | R51: 0 | S51: 0 | T51: 0 | U51: 0 | V51: 0 | W51: 0 | X51: 0 | Y51: 0 | Z51: 0 | AA51: 0 | AB51: 0 | AC51: =SUM(E51:AB51) -> 10
A52: B | B52: JUMLAH SUARA SAH PARTAI POLITIK DAN CALON (A1 + A2) | E52: =SUM(E45:E51) -> 38 | F52: =SUM(F45:F51) -> 78 | G52: =SUM(G45:G51) -> 49 | H52: =SUM(H45:H51) -> 72 | I52: =SUM(I45:I51) -> 92 | J52: =SUM(J45:J51) -> 71 | K52: =SUM(K45:K51) -> 50 | L52: =SUM(L45:L51) -> 44 | ... AC52: =SUM(AC45:AC51) -> 1072
A54: A.1 | B54: 2. | C54: Partai Gerakan Indonesia Raya | E54: 9 | F54: 7 | G54: 5 | H54: 3 | I54: 11 | J54: 9 | K54: 17 | L54: 6 | M54: 9 | N54: 11 | O54: 14 | P54: 9 | Q54: 5 | R54: 11 | S54: 27 | T54: 17 | U54: 16 | V54: 18 | W54: 12 | X54: 14 | Y54: 12 | Z54: 8 | AA54: 13 | AB54: 3 | AC54: =SUM(E54:AB54) -> 266
A55: A.2 | C55: 1. SUWITO | E55: 6 | F55: 7 | G55: 4 | H55: 13 | I55: 18 | J55: 16 | K55: 6 | L55: 12 | M55: 31 | N55: 5 | O55: 4 | P55: 8 | Q55: 10 | R55: 11 | S55: 16 | T55: 43 | U55: 48 | V55: 40 | W55: 47 | X55: 25 | Y55: 16 | Z55: 14 | AA55: 14 | AB55: 7 | AC55: =SUM(E55:AB55) -> 421
C56: 2. LIMPAT PRAWIRO DIKDO | E56: 35 | F56: 11 | G56: 6 | H56: 33 | I56: 6 | J56: 10 | K56: 19 | L56: 36 | M56: 22 | N56: 19 | O56: 76 | P56: 44 | Q56: 63 | R56: 54 | S56: 44 | T56: 26 | U56: 26 | V56: 25 | W56: 20 | X56: 14 | Y56: 10 | Z56: 22 | AA56: 6 | AB56: 33 | AC56: =SUM(E56:AB56) -> 660
C57: 3. PUPUT DESI PRATAMA EKA PUTRI | E57: 0 | F57: 3 | G57: 0 | H57: 0 | I57: 0 | J57: 1 | K57: 1 | L57: 0 | M57: 1 | N57: 1 | O57: 1 | P57: 0 | Q57: 0 | R57: 1 | S57: 0 | T57: 1 | U57: 1 | V57: 2 | W57: 2 | X57: 0 | Y57: 1 | Z57: 0 | AA57: 1 | AB57: 1 | AC57: =SUM(E57:AB57) -> 18
C58: 4. RUDI HANDOKO | E58: 1 | F58: 2 | G58: 1 | H58: 0 | I58: 0 | J58: 0 | K58: 2 | L58: 2 | M58: 1 | N58: 2 | O58: 9 | P58: 3 | Q58: 3 | R58: 0 | S58: 8 | T58: 5 | U58: 4 | V58: 4 | W58: 8 | X58: 0 | Y58: 0 | Z58: 3 | AA58: 0 | AB58: 0 | AC58: =SUM(E58:AB58) -> 58
C59: 5. IWAN SETIAWAN | E59: 0 | F59: 0 | G59: 1 | H59: 0 | I59: 0 | J59: 0 | K59: 0 | L59: 0 | M59: 0 | N59: 1 | O59: 0 | P59: 0 | Q59: 0 | R59: 0 | S59: 0 | T59: 0 | U59: 0 | V59: 0 | W59: 0 | X59: 0 | Y59: 0 | Z59: 0 | AA59: 0 | AB59: 0 | AC59: =SUM(E59:AB59) -> 2
C60: 6. JUWITA INDRASARI | E60: 1 | F60: 0 | G60: 0 | H60: 2 | I60: 0 | J60: 0 | K60: 0 | L60: 0 | M60: 1 | N60: 0 | O60: 0 | P60: 0 | Q60: 0 | R60: 0 | S60: 0 | T60: 0 | U60: 0 | V60: 0 | W60: 1 | X60: 0 | Y60: 1 | Z60: 0 | AA60: 0 | AB60: 0 | AC60: =SUM(E60:AB60) -> 6
A61: B | B61: JUMLAH SUARA SAH PARTAI POLITIK DAN CALON (A1 + A2) | E61: =SUM(E54:E60) -> 52 | F61: =SUM(F54:F60) -> 30 | G61: =SUM(G54:G60) -> 17 | H61: =SUM(H54:H60) -> 51 | I61: =SUM(I54:I60) -> 35 | J61: =SUM(J54:J60) -> 36 | K61: =SUM(K54:K60) -> 45 | L61: =SUM(L54:L60) -> 56 | ... AC61: =SUM(AC54:AC60) -> 1431
A63: A.1 | B63: 3. | C63: Partai Demokrasi Indonesia Perjuangan | E63: 3 | F63: 8 | G63: 1 | H63: 2 | I63: 3 | J63: 8 | K63: 4 | L63: 0 | M63: 14 | N63: 1 | O63: 10 | P63: 15 | Q63: 4 | R63: 15 | S63: 12 | T63: 13 | U63: 13 | V63: 8 | W63: 4 | X63: 2 | Y63: 1 | Z63: 4 | AA63: 12 | AB63: 2 | AC63: =SUM(E63:AB63) -> 159
A64: A.2 | C64: 1. AHMAD MASROHAN | E64: 0 | F64: 2 | G64: 1 | H64: 1 | I64: 0 | J64: 1 | K64: 1 | L64: 0 | M64: 1 | N64: 0 | O64: 3 | P64: 0 | Q64: 1 | R64: 2 | S64: 1 | T64: 3 | U64: 2 | V64: 1 | W64: 2 | X64: 2 | Y64: 1 | Z64: 1 | AA64: 1 | AB64: 1 | AC64: =SUM(E64:AB64) -> 28
C65: 2. HARIYANTO | E65: 5 | F65: 14 | G65: 8 | H65: 15 | I65: 11 | J65: 8 | K65: 5 | L65: 8 | M65: 9 | N65: 3 | O65: 17 | P65: 44 | Q65: 28 | R65: 46 | S65: 29 | T65: 15 | U65: 21 | V65: 11 | W65: 8 | X65: 16 | Y65: 4 | Z65: 18 | AA65: 28 | AB65: 50 | AC65: =SUM(E65:AB65) -> 421
C66: 3. INDAH MARHENI | E66: 0 | F66: 0 | G66: 0 | H66: 2 | I66: 0 | J66: 0 | K66: 0 | L66: 1 | M66: 9 | N66: 0 | O66: 0 | P66: 5 | Q66: 1 | R66: 1 | S66: 2 | T66: 2 | U66: 1 | V66: 0 | W66: 0 | X66: 0 | Y66: 0 | Z66: 0 | AA66: 0 | AB66: 1 | AC66: =SUM(E66:AB66) -> 25
C67: 4. AGUS PRIYONO | E67: 28 | F67: 17 | G67: 17 | H67: 8 | I67: 2 | J67: 0 | K67: 1 | L67: 4 | M67: 0 | N67: 0 | O67: 0 | P67: 0 | Q67: 1 | R67: 0 | S67: 0 | T67: 1 | U67: 2 | V67: 0 | W67: 0 | X67: 0 | Y67: 0 | Z67: 0 | AA67: 0 | AB67: 0 | AC67: =SUM(E67:AB67) -> 81
C68: 5. SETYA RAHAYU | E68: 0 | F68: 3 | G68: 0 | H68: 3 | I68: 1 | J68: 5 | K68: 8 | L68: 14 | M68: 7 | N68: 1 | O68: 4 | P68: 2 | Q68: 3 | R68: 4 | S68: 2 | T68: 10 | U68: 2 | V68: 12 | W68: 7 | X68: 0 | Y68: 0 | Z68: 4 | AA68: 2 | AB68: 0 | AC68: =SUM(E68:AB68) -> 94
C69: 6. M. HAFI WIJAYA | E69: 0 | F69: 0 | G69: 0 | H69: 0 | I69: 0 | J69: 0 | K69: 0 | L69: 0 | M69: 0 | N69: 0 | O69: 0 | P69: 0 | Q69: 0 | R69: 0 | S69: 0 | T69: 0 | U69: 0 | V69: 0 | W69: 0 | X69: 0 | Y69: 0 | Z69: 0 | AA69: 0 | AB69: 0 | AC69: =SUM(E69:AB69) -> 0
A70: B | B70: JUMLAH SUARA SAH PARTAI POLITIK DAN CALON (A1 + A2) | E70: =SUM(E63:E69) -> 36 | F70: =SUM(F63:F69) -> 44 | G70: =SUM(G63:G69) -> 27 | H70: =SUM(H63:H69) -> 31 | I70: =SUM(I63:I69) -> 17 | J70: =SUM(J63:J69) -> 22 | K70: =SUM(K63:K69) -> 19 | L70: =SUM(L63:L69) -> 27 | ... AC70: =SUM(AC63:AC69) -> 808
A72: A.1 | B72: 4. | C72: Partai Golongan Karya | E72: 3 | F72: 3 | G72: 3 | H72: 4 | I72: 3 | J72: 5 | K72: 2 | L72: 0 | M72: 1 | N72: 0 | O72: 2 | P72: 0 | Q72: 0 | R72: 0 | S72: 2 | T72: 0 | U72: 2 | V72: 4 | W72: 3 | X72: 2 | Y72: 1 | Z72: 0 | AA72: 1 | AB72: 15 | AC72: =SUM(E72:AB72) -> 56
A73: A.2 | C73: 1. SRI YULIANI | E73: 6 | F73: 10 | G73: 8 | H73: 5 | I73: 3 | J73: 2 | K73: 2 | L73: 5 | M73: 9 | N73: 15 | O73: 4 | P73: 3 | Q73: 2 | R73: 7 | S73: 0 | T73: 6 | U73: 2 | V73: 7 | W73: 6 | X73: 5 | Y73: 1 | Z73: 0 | AA73: 1 | AB73: 52 | AC73: =SUM(E73:AB73) -> 161
C74: 2. ACHMAD SUMARNO, S.E. | E74: 3 | F74: 0 | G74: 2 | H74: 0 | I74: 0 | J74: 0 | K74: 1 | L74: 5 | M74: 1 | N74: 0 | O74: 0 | P74: 1 | Q74: 0 | R74: 1 | S74: 0 | T74: 1 | U74: 0 | V74: 0 | W74: 2 | X74: 0 | Y74: 0 | Z74: 0 | AA74: 0 | AB74: 3 | AC74: =SUM(E74:AB74) -> 20
C75: 3. MUHAMMAD SAHLAN, S.Sos., M.A. | E75: 0 | F75: 4 | G75: 0 | H75: 5 | I75: 0 | J75: 0 | K75: 0 | L75: 0 | M75: 3 | N75: 2 | O75: 2 | P75: 0 | Q75: 0 | R75: 0 | S75: 1 | T75: 1 | U75: 0 | V75: 1 | W75: 0 | X75: 1 | Y75: 1 | Z75: 0 | AA75: 1 | AB75: 7 | AC75: =SUM(E75:AB75) -> 29
C76: 4. MAYA YUSEFA, S.Pd. | E76: 0 | F76: 0 | G76: 1 | H76: 0 | I76: 0 | J76: 1 | K76: 0 | L76: 0 | M76: 1 | N76: 0 | O76: 0 | P76: 0 | Q76: 0 | R76: 0 | S76: 0 | T76: 0 | U76: 0 | V76: 0 | W76: 0 | X76: 0 | Y76: 0 | Z76: 0 | AA76: 0 | AB76: 0 | AC76: =SUM(E76:AB76) -> 3
C77: 5. SUPARMAN | E77: 0 | F77: 1 | G77: 1 | H77: 0 | I77: 0 | J77: 0 | K77: 0 | L77: 0 | M77: 0 | N77: 0 | O77: 0 | P77: 0 | Q77: 0 | R77: 0 | S77: 0 | T77: 0 | U77: 0 | V77: 0 | W77: 0 | X77: 0 | Y77: 0 | Z77: 0 | AA77: 0 | AB77: 0 | AC77: =SUM(E77:AB77) -> 2
C78: 6. NURHIDAYAT | E78: 0 | F78: 0 | G78: 1 | H78: 0 | I78: 0 | J78: 0 | K78: 0 | L78: 1 | M78: 0 | N78: 0 | O78: 0 | P78: 0 | Q78: 0 | R78: 0 | S78: 0 | T78: 0 | U78: 0 | V78: 0 | W78: 0 | X78: 0 | Y78: 0 | Z78: 0 | AA78: 0 | AB78: 0 | AC78: =SUM(E78:AB78) -> 2
A79: B | B79: JUMLAH SUARA SAH PARTAI POLITIK DAN CALON (A1 + A2) | E79: =SUM(E72:E78) -> 12 | F79: =SUM(F72:F78) -> 18 | G79: =SUM(G72:G78) -> 16 | H79: =SUM(H72:H78) -> 14 | I79: =SUM(I72:I78) -> 6 | J79: =SUM(J72:J78) -> 8 | K79: =SUM(K72:K78) -> 5 | L79: =SUM(L72:L78) -> 11 | ... AC79: =SUM(AC72:AC78) -> 273
A81: A.1 | B81: 5. | C81: Partai NasDem | E81: 2 | F81: 0 | G81: 2 | H81: 0 | I81: 0 | J81: 1 | K81: 4 | L81: 2 | M81: 1 | N81: 0 | O81: 10 | P81: 7 | Q81: 9 | R81: 6 | S81: 2 | T81: 3 | U81: 6 | V81: 4 | W81: 1 | X81: 4 | Y81: 2 | Z81: 4 | AA81: 3 | AB81: 0 | AC81: =SUM(E81:AB81) -> 73
A82: A.2 | C82: 1. RATIH NUR HAYATI, S.T. | E82: 0 | F82: 0 | G82: 0 | H82: 0 | I82: 0 | J82: 0 | K82: 0 | L82: 0 | M82: 0 | N82: 0 | O82: 1 | P82: 1 | Q82: 1 | R82: 0 | S82: 0 | T82: 0 | U82: 0 | V82: 1 | W82: 0 | X82: 0 | Y82: 3 | Z82: 0 | AA82: 2 | AB82: 0 | AC82: =SUM(E82:AB82) -> 9
C83: 2. ISTILAH MUSTOFA, S.H. | E83: 3 | F83: 1 | G83: 0 | H83: 0 | I83: 0 | J83: 1 | K83: 0 | L83: 1 | M83: 0 | N83: 0 | O83: 0 | P83: 0 | Q83: 0 | R83: 0 | S83: 0 | T83: 0 | U83: 1 | V83: 0 | W83: 0 | X83: 0 | Y83: 0 | Z83: 0 | AA83: 0 | AB83: 0 | AC83: =SUM(E83:AB83) -> 7
C84: 3. ACHMAD RIDHO HADISISWOYO, S.Tr.P. | E84: 0 | F84: 0 | G84: 0 | H84: 0 | I84: 0 | J84: 0 | K84: 0 | L84: 0 | M84: 0 | N84: 0 | O84: 0 | P84: 0 | Q84: 0 | R84: 0 | S84: 0 | T84: 0 | U84: 0 | V84: 1 | W84: 1 | X84: 0 | Y84: 0 | Z84: 0 | AA84: 0 | AB84: 0 | AC84: =SUM(E84:AB84) -> 2
C85: 4. AKHMAD ROSIDI | E85: 0 | F85: 0 | G85: 0 | H85: 0 | I85: 0 | J85: 0 | K85: 0 | L85: 0 | M85: 0 | N85: 0 | O85: 0 | P85: 0 | Q85: 0 | R85: 0 | S85: 0 | T85: 0 | U85: 0 | V85: 0 | W85: 0 | X85: 0 | Y85: 0 | Z85: 0 | AA85: 0 | AB85: 0 | AC85: =SUM(E85:AB85) -> 0
C86: 5. MUHAMAD VAHID FAIQ | E86: 7 | F86: 2 | G86: 2 | H86: 2 | I86: 4 | J86: 5 | K86: 4 | L86: 5 | M86: 7 | N86: 11 | O86: 28 | P86: 34 | Q86: 31 | R86: 36 | S86: 8 | T86: 4 | U86: 9 | V86: 4 | W86: 6 | X86: 9 | Y86: 10 | Z86: 26 | AA86: 23 | AB86: 0 | AC86: =SUM(E86:AB86) -> 277
C87: 6. TITIS MEILIKA WIYONO | E87: 0 | F87: 0 | G87: 0 | H87: 0 | I87: 0 | J87: 0 | K87: 0 | L87: 0 | M87: 0 | N87: 0 | O87: 1 | P87: 0 | Q87: 0 | R87: 0 | S87: 0 | T87: 0 | U87: 0 | V87: 0 | W87: 1 | X87: 0 | Y87: 0 | Z87: 0 | AA87: 0 | AB87: 0 | AC87: =SUM(E87:AB87) -> 2
A88: B | B88: JUMLAH SUARA SAH PARTAI POLITIK DAN CALON (A1 + A2) | E88: =SUM(E81:E87) -> 12 | F88: =SUM(F81:F87) -> 3 | G88: =SUM(G81:G87) -> 4 | H88: =SUM(H81:H87) -> 2 | I88: =SUM(I81:I87) -> 4 | J88: =SUM(J81:J87) -> 7 | K88: =SUM(K81:K87) -> 8 | L88: =SUM(L81:L87) -> 8 | ... AC88: =SUM(AC81:AC87) -> 370
A90: A.1 | B90: 6. | C90: Partai Buruh | E90: 0 | F90: 0 | G90: 0 | H90: 0 | I90: 1 | J90: 2 | K90: 0 | L90: 1 | M90: 0 | N90: 0 | O90: 2 | P90: 0 | Q90: 1 | R90: 0 | S90: 0 | T90: 1 | U90: 0 | V90: 1 | W90: 1 | X90: 0 | Y90: 0 | Z90: 0 | AA90: 0 | AB90: 0 | AC90: =SUM(E90:AB90) -> 10
A91: B | B91: JUMLAH SUARA SAH PARTAI POLITIK DAN CALON (A1 + A2) | E91: =SUM(E90:E90) -> 0 | F91: =SUM(F90:F90) -> 0 | G91: =SUM(G90:G90) -> 0 | H91: =SUM(H90:H90) -> 0 | I91: =SUM(I90:I90) -> 1 | J91: =SUM(J90:J90) -> 2 | K91: =SUM(K90:K90) -> 0 | L91: =SUM(L90:L90) -> 1 | ... AC91: =SUM(AC90:AC90) -> 10
A93: A.1 | B93: 7. | C93: Partai Gelombang Rakyat Indonesia | E93: 0 | F93: 1 | G93: 0 | H93: 0 | I93: 0 | J93: 1 | K93: 1 | L93: 0 | M93: 0 | N93: 0 | O93: 1 | P93: 0 | Q93: 1 | R93: 0 | S93: 1 | T93: 0 | U93: 0 | V93: 0 | W93: 1 | X93: 0 | Y93: 0 | Z93: 1 | AA93: 0 | AB93: 0 | AC93: =SUM(E93:AB93) -> 8
A94: A.2 | C94: 1. RIFKI ALFAN SANI | E94: 0 | F94: 0 | G94: 0 | H94: 0 | I94: 0 | J94: 0 | K94: 0 | L94: 1 | M94: 0 | N94: 0 | O94: 0 | P94: 0 | Q94: 0 | R94: 0 | S94: 0 | T94: 0 | U94: 0 | V94: 0 | W94: 0 | X94: 0 | Y94: 0 | Z94: 0 | AA94: 0 | AB94: 0 | AC94: =SUM(E94:AB94) -> 1
C95: 2. RAPI'I | E95: 0 | F95: 0 | G95: 0 | H95: 0 | I95: 0 | J95: 0 | K95: 0 | L95: 1 | M95: 0 | N95: 0 | O95: 0 | P95: 0 | Q95: 0 | R95: 0 | S95: 0 | T95: 0 | U95: 0 | V95: 0 | W95: 0 | X95: 0 | Y95: 0 | Z95: 0 | AA95: 0 | AB95: 0 | AC95: =SUM(E95:AB95) -> 1
C96: 3. NUR IKA SETIAWATI | E96: 0 | F96: 0 | G96: 0 | H96: 0 | I96: 0 | J96: 0 | K96: 0 | L96: 0 | M96: 0 | N96: 0 | O96: 0 | P96: 0 | Q96: 0 | R96: 0 | S96: 0 | T96: 0 | U96: 0 | V96: 0 | W96: 0 | X96: 0 | Y96: 0 | Z96: 0 | AA96: 0 | AB96: 0 | AC96: =SUM(E96:AB96) -> 0
A97: B | B97: JUMLAH SUARA SAH PARTAI POLITIK DAN CALON (A1 + A2) | E97: =SUM(E93:E96) -> 0 | F97: =SUM(F93:F96) -> 1 | G97: =SUM(G93:G96) -> 0 | H97: =SUM(H93:H96) -> 0 | I97: =SUM(I93:I96) -> 0 | J97: =SUM(J93:J96) -> 1 | K97: =SUM(K93:K96) -> 1 | L97: =SUM(L93:L96) -> 2 | ... AC97: =SUM(AC93:AC96) -> 10
A99: A.1 | B99: 8. | C99: Partai Keadilan Sejahtera | E99: 1 | F99: 0 | G99: 0 | H99: 0 | I99: 0 | J99: 0 | K99: 0 | L99: 0 | M99: 0 | N99: 0 | O99: 0 | P99: 0 | Q99: 0 | R99: 0 | S99: 0 | T99: 1 | U99: 0 | V99: 0 | W99: 0 | X99: 0 | Y99: 0 | Z99: 0 | AA99: 1 | AB99: 0 | AC99: =SUM(E99:AB99) -> 3
A100: A.2 | C100: 1. VITA RIMA YANTI, S.KM. | E100: 0 | F100: 0 | G100: 1 | H100: 0 | I100: 0 | J100: 1 | K100: 0 | L100: 0 | M100: 1 | N100: 0 | O100: 0 | P100: 0 | Q100: 0 | R100: 0 | S100: 0 | T100: 0 | U100: 0 | V100: 0 | W100: 0 | X100: 0 | Y100: 0 | Z100: 0 | AA100: 0 | AB100: 0 | AC100: =SUM(E100:AB100) -> 3
C101: 2. EKO WAHYU HIDAYAT, A.Md. | E101: 0 | F101: 0 | G101: 1 | H101: 0 | I101: 0 | J101: 2 | K101: 0 | L101: 0 | M101: 0 | N101: 0 | O101: 0 | P101: 0 | Q101: 0 | R101: 0 | S101: 0 | T101: 0 | U101: 0 | V101: 1 | W101: 0 | X101: 0 | Y101: 0 | Z101: 0 | AA101: 0 | AB101: 0 | AC101: =SUM(E101:AB101) -> 4
C102: 3. EDY PURNOMO | E102: 0 | F102: 0 | G102: 1 | H102: 0 | I102: 0 | J102: 0 | K102: 0 | L102: 0 | M102: 0 | N102: 0 | O102: 0 | P102: 1 | Q102: 0 | R102: 0 | S102: 0 | T102: 0 | U102: 0 | V102: 0 | W102: 0 | X102: 0 | Y102: 0 | Z102: 0 | AA102: 0 | AB102: 0 | AC102: =SUM(E102:AB102) -> 2
C103: 4. SUNTARIAS PUTRI DAMAYANTI, A.Ma. | E103: 0 | F103: 0 | G103: 0 | H103: 0 | I103: 0 | J103: 1 | K103: 0 | L103: 0 | M103: 1 | N103: 0 | O103: 0 | P103: 0 | Q103: 0 | R103: 0 | S103: 0 | T103: 0 | U103: 0 | V103: 0 | W103: 0 | X103: 0 | Y103: 0 | Z103: 1 | AA103: 0 | AB103: 0 | AC103: =SUM(E103:AB103) -> 3
C104: 5. MUHAMMAD AFIF | E104: 0 | F104: 0 | G104: 0 | H104: 0 | I104: 0 | J104: 0 | K104: 0 | L104: 0 | M104: 0 | N104: 0 | O104: 0 | P104: 0 | Q104: 0 | R104: 0 | S104: 0 | T104: 0 | U104: 0 | V104: 0 | W104: 0 | X104: 1 | Y104: 0 | Z104: 0 | AA104: 0 | AB104: 0 | AC104: =SUM(E104:AB104) -> 1
C105: 6. SHOHIB QOMAD DILLAH, S.T.P. | E105: 0 | F105: 0 | G105: 0 | H105: 0 | I105: 0 | J105: 0 | K105: 1 | L105: 0 | M105: 1 | N105: 1 | O105: 0 | P105: 0 | Q105: 0 | R105: 0 | S105: 0 | T105: 0 | U105: 0 | V105: 0 | W105: 0 | X105: 0 | Y105: 0 | Z105: 0 | AA105: 0 | AB105: 0 | AC105: =SUM(E105:AB105) -> 3
A106: B | B106: JUMLAH SUARA SAH PARTAI POLITIK DAN CALON (A1 + A2) | E106: =SUM(E99:E105) -> 1 | F106: =SUM(F99:F105) -> 0 | G106: =SUM(G99:G105) -> 3 | H106: =SUM(H99:H105) -> 0 | I106: =SUM(I99:I105) -> 0 | J106: =SUM(J99:J105) -> 4 | K106: =SUM(K99:K105) -> 1 | L106: =SUM(L99:L105) -> 0 | ... AC106: =SUM(AC99:AC105) -> 19
A108: A.1 | B108: 9. | C108: Partai Kebangkitan Nusantara | M108: 1 | AC108: =SUM(E108:AB108) -> 1
A109: A.2 | C109: 1. AGUS TARMIDI | AC109: =SUM(E109:AB109) -> 0
A110: B | B110: JUMLAH SUARA SAH PARTAI POLITIK DAN CALON (A1 + A2) | E110: =SUM(E108:E109) -> 0 | F110: =SUM(F108:F109) -> 0 | G110: =SUM(G108:G109) -> 0 | H110: =SUM(H108:H109) -> 0 | I110: =SUM(I108:I109) -> 0 | J110: =SUM(J108:J109) -> 0 | K110: =SUM(K108:K109) -> 0 | L110: =SUM(L108:L109) -> 0 | ... AC110: =SUM(AC108:AC109) -> 1
A112: A.1 | B112: 10. | C112: Partai Hati Nurani Rakyat | I112: 1 | AC112: =SUM(E112:AB112) -> 1
A113: A.2 | C113: 1. MOHAMAD ROSUL | K113: 1 | AC113: =SUM(E113:AB113) -> 1
C114: 2. H. AHMAD NUR ALCHAFFAF | E114: 2 | AC114: =SUM(E114:AB114) -> 2
C115: 3. ISTIQUMILAILLI | AC115: =SUM(E115:AB115) -> 0
C116: 4. JOKO NUGROHO | E116: 1 | J116: 1 | M116: 1 | AC116: =SUM(E116:AB116) -> 3
C117: 5. MEGA PRAMESWARI | AC117: =SUM(E117:AB117) -> 0
C118: 6. BUDI HARTONO | F118: 2 | L118: 1 | AC118: =SUM(E118:AB118) -> 3
A119: B | B119: JUMLAH SUARA SAH PARTAI POLITIK DAN CALON (A1 + A2) | E119: =SUM(E112:E118) -> 3 | F119: =SUM(F112:F118) -> 2 | G119: =SUM(G112:G118) -> 0 | H119: =SUM(H112:H118) -> 0 | I119: =SUM(I112:I118) -> 1 | J119: =SUM(J112:J118) -> 1 | K119: =SUM(K112:K118) -> 1 | L119: =SUM(L112:L118) -> 1 | ... AC119: =SUM(AC112:AC118) -> 10
A121: A.1 | B121: 11. | C121: Partai Garda Republik Indonesia | F121: 1 | M121: 1 | Q121: 1 | V121: 1 | Y121: 1 | AC121: =SUM(E121:AB121) -> 5
...

Sheet SINGOLATREN
C2: Kecamatan | D2: SINGOJURUH
C3: Kabupaten | D3: BANYUWANGI
C4: Provinsi | D4: JAWA TIMUR
C9: Kelurahan | D9: SINGOLATREN
A12: I | B12: DATA PEMILIH DAN PENGGUNAAN HAK PILIH | T12: JUMLAH AKHIR
A13: A | B13: DATA PEMILIH | E13: TPS 001 | F13: TPS 002 | G13: TPS 003 | H13: TPS 004 | I13: TPS 005 | J13: TPS 006 | K13: TPS 007 | L13: TPS 008 | M13: TPS 009 | N13: TPS 010 | O13: TPS 011 | P13: TPS 012 | Q13: TPS 013 | R13: TPS 014 | S13: TPS 015
B14: Jumlah Pemilih dalam Daftar Pemilih Tetap (DPT) | D14: LK | E14: 124 | F14: 132 | G14: 130 | H14: 127 | I14: 133 | J14: 115 | K14: 140 | L14: 127 | M14: 130 | N14: 111 | O14: 118 | P14: 108 | Q14: 114 | R14: 130 | S14: 81 | T14: =SUM(E14:S14) -> 1820
D15: PR | E15: 119 | F15: 123 | G15: 121 | H15: 125 | I15: 128 | J15: 126 | K15: 135 | L15: 133 | M15: 134 | N15: 121 | O15: 124 | P15: 118 | Q15: 121 | R15: 129 | S15: 80 | T15: =SUM(E15:S15) -> 1837
D16: JML | E16: =SUM(E14:E15) -> 243 | F16: =SUM(F14:F15) -> 255 | G16: =SUM(G14:G15) -> 251 | H16: =SUM(H14:H15) -> 252 | I16: =SUM(I14:I15) -> 261 | J16: =SUM(J14:J15) -> 241 | K16: =SUM(K14:K15) -> 275 | L16: =SUM(L14:L15) -> 260 | ... S16: =SUM(S14:S15) -> 161 | T16: =SUM(E16:S16) -> 3657
A18: B | B18: PENGGUNA HAK PILIH
B19: 1. | C19: Jumlah pengguna hak pilih dalam Daftar Pemilih Tetap (DPT) | D19: LK | E19: 97 | F19: 88 | G19: 110 | H19: 104 | I19: 111 | J19: 94 | K19: 112 | L19: 92 | M19: 95 | N19: 90 | O19: 87 | P19: 87 | Q19: 96 | R19: 89 | S19: 53 | T19: =SUM(E19:S19) -> 1405
D20: PR | E20: 100 | F20: 89 | G20: 99 | H20: 115 | I20: 109 | J20: 105 | K20: 114 | L20: 110 | M20: 103 | N20: 103 | O20: 106 | P20: 107 | Q20: 111 | R20: 105 | S20: 58 | T20: =SUM(E20:S20) -> 1534
D21: JML | E21: =SUM(E19:E20) -> 197 | F21: =SUM(F19:F20) -> 177 | G21: =SUM(G19:G20) -> 209 | H21: =SUM(H19:H20) -> 219 | I21: =SUM(I19:I20) -> 220 | J21: =SUM(J19:J20) -> 199 | K21: =SUM(K19:K20) -> 226 | L21: =SUM(L19:L20) -> 202 | ... S21: =SUM(S19:S20) -> 111 | T21: =SUM(E21:S21) -> 2939
B22: 2. | C22: Jumlah pengguna hak pilih dalam Daftar Pemilih Tambahan (DPTb) | D22: LK | E22: 0 | F22: 0 | G22: 0 | H22: 0 | I22: 0 | J22: 0 | K22: 0 | L22: 1 | M22: 0 | N22: 1 | O22: 0 | P22: 0 | Q22: 0 | R22: 0 | S22: 0 | T22: =SUM(E22:S22) -> 2
D23: PR | E23: 0 | F23: 0 | G23: 0 | H23: 0 | I23: 0 | J23: 0 | K23: 0 | L23: 1 | M23: 0 | N23: 1 | O23: 0 | P23: 0 | Q23: 0 | R23: 0 | S23: 0 | T23: =SUM(E23:S23) -> 2
D24: JML | E24: =SUM(E22:E23) -> 0 | F24: =SUM(F22:F23) -> 0 | G24: =SUM(G22:G23) -> 0 | H24: =SUM(H22:H23) -> 0 | I24: =SUM(I22:I23) -> 0 | J24: =SUM(J22:J23) -> 0 | K24: =SUM(K22:K23) -> 0 | L24: =SUM(L22:L23) -> 2 | ... S24: =SUM(S22:S23) -> 0 | T24: =SUM(E24:S24) -> 4
B25: 3. | C25: Jumlah pengguna hak pilih dalam Daftar Pemilih Khusus (DPK) | D25: LK | E25: 1 | F25: 3 | G25: 0 | H25: 0 | I25: 1 | J25: 0 | K25: 0 | L25: 2 | M25: 0 | N25: 0 | O25: 3 | P25: 0 | Q25: 0 | R25: 0 | S25: 1 | T25: =SUM(E25:S25) -> 11
D26: PR | E26: 2 | F26: 3 | G26: 2 | H26: 0 | I26: 0 | J26: 1 | K26: 2 | L26: 2 | M26: 0 | N26: 1 | O26: 4 | P26: 0 | Q26: 0 | R26: 1 | S26: 0 | T26: =SUM(E26:S26) -> 18
D27: JML | E27: =SUM(E25:E26) -> 3 | F27: =SUM(F25:F26) -> 6 | G27: =SUM(G25:G26) -> 2 | H27: =SUM(H25:H26) -> 0 | I27: =SUM(I25:I26) -> 1 | J27: =SUM(J25:J26) -> 1 | K27: =SUM(K25:K26) -> 2 | L27: =SUM(L25:L26) -> 4 | ... S27: =SUM(S25:S26) -> 1 | T27: =SUM(E27:S27) -> 29
B28: 4. | C28: Jumlah Pengguna Hak Pilih (B.1+B.2+B.3) | D28: LK | E28: =SUM(E19,E22,E25) -> 98 | F28: =SUM(F19,F22,F25) -> 91 | G28: =SUM(G19,G22,G25) -> 110 | H28: =SUM(H19,H22,H25) -> 104 | I28: =SUM(I19,I22,I25) -> 112 | J28: =SUM(J19,J22,J25) -> 94 | K28: =SUM(K19,K22,K25) -> 112 | L28: =SUM(L19,L22,L25) -> 95 | ... S28: =SUM(S19,S22,S25) -> 54 | T28: =SUM(E28:S28) -> 1418
D29: PR | E29: =SUM(E20,E23,E26) -> 102 | F29: =SUM(F20,F23,F26) -> 92 | G29: =SUM(G20,G23,G26) -> 101 | H29: =SUM(H20,H23,H26) -> 115 | I29: =SUM(I20,I23,I26) -> 109 | J29: =SUM(J20,J23,J26) -> 106 | K29: =SUM(K20,K23,K26) -> 116 | L29: =SUM(L20,L23,L26) -> 113 | ... S29: =SUM(S20,S23,S26) -> 58 | T29: =SUM(E29:S29) -> 1554
D30: JML | E30: =SUM(E28:E29) -> 200 | F30: =SUM(F28:F29) -> 183 | G30: =SUM(G28:G29) -> 211 | H30: =SUM(H28:H29) -> 219 | I30: =SUM(I28:I29) -> 221 | J30: =SUM(J28:J29) -> 200 | K30: =SUM(K28:K29) -> 228 | L30: =SUM(L28:L29) -> 208 | ... S30: =SUM(S28:S29) -> 112 | T30: =SUM(E30:S30) -> 2972
A32: II | B32: DATA PENGGUNAAN SURAT SUARA
A33: 1 | B33: Jumlah surat suara yang diterima, termasuk surat suara cadangan 2,5% dari DPT | E33: 248 | F33: 261 | G33: 257 | H33: 258 | I33: 267 | J33: 246 | K33: 282 | L33: 266 | M33: 271 | N33: 237 | O33: 247 | P33: 231 | Q33: 240 | R33: 265 | S33: 166 | T33: =SUM(E33:S33) -> 3742
A34: 2 | B34: Jumlah surat suara yang digunakan | E34: 200 | F34: 183 | G34: 211 | H34: 219 | I34: 221 | J34: 200 | K34: 228 | L34: 208 | M34: 198 | N34: 196 | O34: 200 | P34: 194 | Q34: 207 | R34: 195 | S34: 112 | T34: =SUM(E34:S34) -> 2972
A35: 3 | B35: Jumlah surat suara dikembalikan oleh pemilih (karena rusak atau keliru coblos) | E35: 2 | F35: 2 | G35: 1 | H35: 3 | I35: 2 | J35: 0 | K35: 0 | L35: 0 | M35: 0 | N35: 0 | O35: 0 | P35: 1 | Q35: 0 | R35: 0 | S35: 0 | T35: =SUM(E35:S35) -> 11
A36: 4 | B36: Jumlah surat suara yang tidak digunakan/tidak terpakai, termasuk sisa surat suara cadangan | E36: =E33-(E34+E35) -> 46 | F36: =F33-(F34+F35) -> 76 | G36: =G33-(G34+G35) -> 45 | H36: =H33-(H34+H35) -> 36 | I36: =I33-(I34+I35) -> 44 | J36: =J33-(J34+J35) -> 46 | K36: =K33-(K34+K35) -> 54 | L36: =L33-(L34+L35) -> 58 | ... S36: =S33-(S34+S35) -> 54 | T36: =SUM(E36:S36) -> 759
A38: III | B38: DATA PEMILIH DISABILITAS
B39: Jumlah seluruh Pemilih disabilitas yang menggunakan hak pilih | D39: LK | E39: 2 | F39: 0 | G39: 0 | H39: 0 | I39: 0 | J39: 0 | K39: 0 | L39: 1 | M39: 0 | N39: 0 | O39: 0 | P39: 0 | Q39: 0 | R39: 0 | S39: 0 | T39: =SUM(E39:S39) -> 3
D40: PR | E40: 5 | F40: 0 | G40: 0 | H40: 0 | I40: 0 | J40: 1 | K40: 0 | L40: 4 | M40: 0 | N40: 0 | O40: 1 | P40: 0 | Q40: 0 | R40: 0 | S40: 0 | T40: =SUM(E40:S40) -> 11
D41: JML | E41: =SUM(E39:E40) -> 7 | F41: =SUM(F39:F40) -> 0 | G41: =SUM(G39:G40) -> 0 | H41: =SUM(H39:H40) -> 0 | I41: =SUM(I39:I40) -> 0 | J41: =SUM(J39:J40) -> 1 | K41: =SUM(K39:K40) -> 0 | L41: =SUM(L39:L40) -> 5 | ... S41: =SUM(S39:S40) -> 0 | T41: =SUM(E41:S41) -> 14
A43: IV | B43: DATA RINCIAN PEROLEHAN SUARA PASANGAN CALON BUPATI DAN WAKIL BUPATI
A44: NOMOR DAN NAMA CALON
A45: A.1 | B45: 1. | C45: Partai Kebangkitan Bangsa | E45: 2 | F45: 0 | G45: 2 | H45: 3 | I45: 6 | J45: 5 | K45: 6 | L45: 7 | M45: 9 | N45: 11 | O45: 3 | P45: 3 | Q45: 11 | R45: 6 | S45: 2 | T45: =SUM(E45:S45) -> 76
A46: A.2 | C46: 1. H. MUHAMMAD ALI MAHRUS, S.H.I., M.H | E46: 11 | F46: 7 | G46: 5 | H46: 10 | I46: 29 | J46: 26 | K46: 16 | L46: 18 | M46: 13 | N46: 18 | O46: 10 | P46: 24 | Q46: 17 | R46: 9 | S46: 8 | T46: =SUM(E46:S46) -> 221
C47: 2. TUPANG SOEDARGO | E47: 20 | F47: 21 | G47: 34 | H47: 43 | I47: 41 | J47: 58 | K47: 43 | L47: 20 | M47: 34 | N47: 31 | O47: 23 | P47: 44 | Q47: 66 | R47: 87 | S47: 2 | T47: =SUM(E47:S47) -> 567
C48: 3. Hj. KHOLIFATUL HASANAH | E48: 1 | F48: 0 | G48: 0 | H48: 0 | I48: 0 | J48: 2 | K48: 1 | L48: 1 | M48: 0 | N48: 1 | O48: 0 | P48: 1 | Q48: 0 | R48: 0 | S48: 0 | T48: =SUM(E48:S48) -> 7
C49: 4. FUAD HUMAIDI, S.H.I. | E49: 0 | F49: 0 | G49: 0 | H49: 0 | I49: 0 | J49: 0 | K49: 0 | L49: 0 | M49: 0 | N49: 0 | O49: 0 | P49: 0 | Q49: 0 | R49: 0 | S49: 0 | T49: =SUM(E49:S49) -> 0
C50: 5. ENI WIJI LESTARI | E50: 0 | F50: 0 | G50: 0 | H50: 0 | I50: 1 | J50: 0 | K50: 0 | L50: 1 | M50: 0 | N50: 0 | O50: 0 | P50: 0 | Q50: 0 | R50: 1 | S50: 0 | T50: =SUM(E50:S50) -> 3
C51: 6. SONNY AGUS SETIAWAN | E51: 0 | F51: 2 | G51: 0 | H51: 0 | I51: 0 | J51: 1 | K51: 0 | L51: 0 | M51: 0 | N51: 0 | O51: 0 | P51: 0 | Q51: 0 | R51: 0 | S51: 2 | T51: =SUM(E51:S51) -> 5
A52: B | B52: JUMLAH SUARA SAH PARTAI POLITIK DAN CALON (A1 + A2) | E52: =SUM(E45:E51) -> 34 | F52: =SUM(F45:F51) -> 30 | G52: =SUM(G45:G51) -> 41 | H52: =SUM(H45:H51) -> 56 | I52: =SUM(I45:I51) -> 77 | J52: =SUM(J45:J51) -> 92 | K52: =SUM(K45:K51) -> 66 | L52: =SUM(L45:L51) -> 47 | ... T52: =SUM(T45:T51) -> 879
A54: A.1 | B54: 2. | C54: Partai Gerakan Indonesia Raya | E54: 9 | F54: 14 | G54: 2 | H54: 5 | I54: 7 | J54: 4 | K54: 12 | L54: 4 | M54: 3 | N54: 12 | O54: 14 | P54: 10 | Q54: 2 | R54: 1 | S54: 6 | T54: =SUM(E54:S54) -> 105
A55: A.2 | C55: 1. SUWITO | E55: 3 | F55: 4 | G55: 28 | H55: 22 | I55: 27 | J55: 12 | K55: 12 | L55: 8 | M55: 25 | N55: 6 | O55: 2 | P55: 19 | Q55: 15 | R55: 17 | S55: 38 | T55: =SUM(E55:S55) -> 238
C56: 2. LIMPAT PRAWIRO DIKDO | E56: 26 | F56: 23 | G56: 15 | H56: 7 | I56: 10 | J56: 7 | K56: 0 | L56: 30 | M56: 12 | N56: 42 | O56: 102 | P56: 3 | Q56: 11 | R56: 11 | S56: 1 | T56: =SUM(E56:S56) -> 300
C57: 3. PUPUT DESI PRATAMA EKA PUTRI | E57: 0 | F57: 2 | G57: 1 | H57: 1 | I57: 0 | J57: 0 | K57: 1 | L57: 0 | M57: 0 | N57: 0 | O57: 1 | P57: 0 | Q57: 2 | R57: 1 | S57: 0 | T57: =SUM(E57:S57) -> 9
C58: 4. RUDI HANDOKO | E58: 1 | F58: 1 | G58: 0 | H58: 0 | I58: 0 | J58: 0 | K58: 1 | L58: 3 | M58: 3 | N58: 1 | O58: 0 | P58: 0 | Q58: 1 | R58: 0 | S58: 0 | T58: =SUM(E58:S58) -> 11
C59: 5. IWAN SETIAWAN | E59: 0 | F59: 0 | G59: 0 | H59: 0 | I59: 0 | J59: 0 | K59: 0 | L59: 0 | M59: 1 | N59: 0 | O59: 0 | P59: 0 | Q59: 0 | R59: 0 | S59: 0 | T59: =SUM(E59:S59) -> 1
C60: 6. JUWITA INDRASARI | E60: 0 | F60: 0 | G60: 2 | H60: 0 | I60: 0 | J60: 0 | K60: 0 | L60: 0 | M60: 0 | N60: 0 | O60: 0 | P60: 0 | Q60: 0 | R60: 0 | S60: 0 | T60: =SUM(E60:S60) -> 2
A61: B | B61: JUMLAH SUARA SAH PARTAI POLITIK DAN CALON (A1 + A2) | E61: =SUM(E54:E60) -> 39 | F61: =SUM(F54:F60) -> 44 | G61: =SUM(G54:G60) -> 48 | H61: =SUM(H54:H60) -> 35 | I61: =SUM(I54:I60) -> 44 | J61: =SUM(J54:J60) -> 23 | K61: =SUM(K54:K60) -> 26 | L61: =SUM(L54:L60) -> 45 | ... T61: =SUM(T54:T60) -> 666
A63: A.1 | B63: 3. | C63: Partai Demokrasi Indonesia Perjuangan | E63: 3 | F63: 4 | G63: 11 | H63: 1 | I63: 2 | J63: 0 | K63: 7 | L63: 2 | M63: 4 | N63: 4 | O63: 0 | P63: 5 | Q63: 2 | R63: 4 | S63: 1 | T63: =SUM(E63:S63) -> 50
A64: A.2 | C64: 1. AHMAD MASROHAN | E64: 0 | F64: 2 | G64: 1 | H64: 1 | I64: 14 | J64: 18 | K64: 0 | L64: 11 | M64: 7 | N64: 8 | O64: 0 | P64: 1 | Q64: 1 | R64: 1 | S64: 1 | T64: =SUM(E64:S64) -> 66
C65: 2. HARIYANTO | E65: 92 | F65: 71 | G65: 86 | H65: 102 | I65: 7 | J65: 8 | K65: 51 | L65: 7 | M65: 29 | N65: 27 | O65: 11 | P65: 7 | Q65: 15 | R65: 6 | S65: 5 | T65: =SUM(E65:S65) -> 524
C66: 3. INDAH MARHENI | E66: 0 | F66: 0 | G66: 0 | H66: 0 | I66: 1 | J66: 1 | K66: 0 | L66: 0 | M66: 0 | N66: 0 | O66: 0 | P66: 0 | Q66: 0 | R66: 1 | S66: 0 | T66: =SUM(E66:S66) -> 3
C67: 4. AGUS PRIYONO | E67: 3 | F67: 1 | G67: 0 | H67: 1 | I67: 0 | J67: 4 | K67: 0 | L67: 2 | M67: 0 | N67: 4 | O67: 0 | P67: 0 | Q67: 0 | R67: 0 | S67: 0 | T67: =SUM(E67:S67) -> 15
C68: 5. SETYA RAHAYU | E68: 1 | F68: 0 | G68: 0 | H68: 1 | I68: 0 | J68: 3 | K68: 4 | L68: 0 | M68: 0 | N68: 0 | O68: 0 | P68: 0 | Q68: 0 | R68: 0 | S68: 1 | T68: =SUM(E68:S68) -> 10
C69: 6. M. HAFI WIJAYA | E69: 0 | F69: 0 | G69: 0 | H69: 0 | I69: 0 | J69: 0 | K69: 1 | L69: 0 | M69: 0 | N69: 1 | O69: 0 | P69: 0 | Q69: 0 | R69: 0 | S69: 0 | T69: =SUM(E69:S69) -> 2
A70: B | B70: JUMLAH SUARA SAH PARTAI POLITIK DAN CALON (A1 + A2) | E70: =SUM(E63:E69) -> 99 | F70: =SUM(F63:F69) -> 78 | G70: =SUM(G63:G69) -> 98 | H70: =SUM(H63:H69) -> 106 | I70: =SUM(I63:I69) -> 24 | J70: =SUM(J63:J69) -> 34 | K70: =SUM(K63:K69) -> 63 | L70: =SUM(L63:L69) -> 22 | ... T70: =SUM(T63:T69) -> 670
