Workbook

Sheet PPWP
C8: Kecamatan | D8: CLURING
C9: Kabupaten | D9: BANYUWANGI
C10: Provinsi | D10: JAWA TIMUR
A12: I | B12: DATA PEMILIH DAN PENGGUNAAN HAK PILIH | E12: JUMLAH AKHIR
A13: A | B13: DATA PEMILIH
B14: Jumlah Pemilih dalam Daftar Pemilih Tetap (DPT) | D14: LK | E14: =BENCULUK!AS14+CLURING!AL14+KALIPLOSO!Q14+PLAMPANGREJO!AE14+SARIMULYO!AA14+SEMBULUNG!AC14+SRATEN!AB14+TAMANAGUNG!AH14+TAMPO!AB14 -> 30610
D15: PR | E15: =BENCULUK!AS15+CLURING!AL15+KALIPLOSO!Q15+PLAMPANGREJO!AE15+SARIMULYO!AA15+SEMBULUNG!AC15+SRATEN!AB15+TAMANAGUNG!AH15+TAMPO!AB15 -> 30796
D16: JML | E16: =SUM(E14:E15) -> 61406
A18: B | B18: PENGGUNA HAK PILIH
B19: 1. | C19: Jumlah pengguna hak pilih dalam Daftar Pemilih Tetap (DPT) | D19: LK | E19: =BENCULUK!AS19+CLURING!AL19+KALIPLOSO!Q19+PLAMPANGREJO!AE19+SARIMULYO!AA19+SEMBULUNG!AC19+SRATEN!AB19+TAMANAGUNG!AH19+TAMPO!AB19 -> 22875
D20: PR | E20: =BENCULUK!AS20+CLURING!AL20+KALIPLOSO!Q20+PLAMPANGREJO!AE20+SARIMULYO!AA20+SEMBULUNG!AC20+SRATEN!AB20+TAMANAGUNG!AH20+TAMPO!AB20 -> 24376
D21: JML | E21: =SUM(E19:E20) -> 47251
B22: 2. | C22: Jumlah pengguna hak pilih dalam Daftar Pemilih Tambahan (DPTb) | D22: LK | E22: =BENCULUK!AS22+CLURING!AL22+KALIPLOSO!Q22+PLAMPANGREJO!AE22+SARIMULYO!AA22+SEMBULUNG!AC22+SRATEN!AB22+TAMANAGUNG!AH22+TAMPO!AB22 -> 43
D23: PR | E23: =BENCULUK!AS23+CLURING!AL23+KALIPLOSO!Q23+PLAMPANGREJO!AE23+SARIMULYO!AA23+SEMBULUNG!AC23+SRATEN!AB23+TAMANAGUNG!AH23+TAMPO!AB23 -> 45
D24: JML | E24: =SUM(E22:E23) -> 88
B25: 3. | C25: Jumlah pengguna hak pilih dalam Daftar Pemilih Khusus (DPK) | D25: LK | E25: =BENCULUK!AS25+CLURING!AL25+KALIPLOSO!Q25+PLAMPANGREJO!AE25+SARIMULYO!AA25+SEMBULUNG!AC25+SRATEN!AB25+TAMANAGUNG!AH25+TAMPO!AB25 -> 230
D26: PR | E26: =BENCULUK!AS26+CLURING!AL26+KALIPLOSO!Q26+PLAMPANGREJO!AE26+SARIMULYO!AA26+SEMBULUNG!AC26+SRATEN!AB26+TAMANAGUNG!AH26+TAMPO!AB26 -> 295
D27: JML | E27: =SUM(E25:E26) -> 525
B28: 4. | C28: Jumlah Pengguna Hak Pilih (B.1+B.2+B.3) | D28: LK | E28: =E19+E22+E25 -> 23148
D29: PR | E29: =E20+E23+E26 -> 24716
D30: JML | E30: =SUM(E28:E29) -> 47864
A32: II | B32: DATA PENGGUNAAN SURAT SUARA
A33: 1 | B33: Jumlah surat suara yang diterima, termasuk surat suara cadangan 2,5% dari DPT | E33: =BENCULUK!AS33+CLURING!AL33+KALIPLOSO!Q33+PLAMPANGREJO!AE33+SARIMULYO!AA33+SEMBULUNG!AC33+SRATEN!AB33+TAMANAGUNG!AH33+TAMPO!AB33 -> 62836
A34: 2 | B34: Jumlah surat suara yang digunakan | E34: =BENCULUK!AS34+CLURING!AL34+KALIPLOSO!Q34+PLAMPANGREJO!AE34+SARIMULYO!AA34+SEMBULUNG!AC34+SRATEN!AB34+TAMANAGUNG!AH34+TAMPO!AB34 -> 47864
A35: 3 | B35: Jumlah surat suara dikembalikan oleh pemilih (karena rusak atau keliru coblos) | E35: =BENCULUK!AS35+CLURING!AL35+KALIPLOSO!Q35+PLAMPANGREJO!AE35+SARIMULYO!AA35+SEMBULUNG!AC35+SRATEN!AB35+TAMANAGUNG!AH35+TAMPO!AB35 -> 68
A36: 4 | B36: Jumlah surat suara yang tidak digunakan/tidak terpakai, termasuk sisa surat suara cadangan | E36: =E33-(E34+E35) -> 14904
A38: III | B38: DATA PEMILIH DISABILITAS
B39: Jumlah seluruh Pemilih disabilitas yang menggunakan hak pilih | D39: LK | E39: =BENCULUK!AS39+CLURING!AL39+KALIPLOSO!Q39+PLAMPANGREJO!AE39+SARIMULYO!AA39+SEMBULUNG!AC39+SRATEN!AB39+TAMANAGUNG!AH39+TAMPO!AB39 -> 29
D40: PR | E40: =BENCULUK!AS40+CLURING!AL40+KALIPLOSO!Q40+PLAMPANGREJO!AE40+SARIMULYO!AA40+SEMBULUNG!AC40+SRATEN!AB40+TAMANAGUNG!AH40+TAMPO!AB40 -> 41
D41: JML | E41: =SUM(E39:E40) -> 70
A43: IV | B43: DATA RINCIAN PEROLEHAN SUARA PASANGAN CALON BUPATI DAN WAKIL BUPATI
A44: NOMOR DAN NAMA CALON
B45: 1 | C45: H. ANIES RASYID BASWEDAN, Ph.D. - Dr. (H.C.) H. A. MUHAIMIN ISKANDAR | E45: =BENCULUK!AS45+CLURING!AL45+KALIPLOSO!Q45+PLAMPANGREJO!AE45+SARIMULYO!AA45+SEMBULUNG!AC45+SRATEN!AB45+TAMANAGUNG!AH45+TAMPO!AB45 -> 4605
B46: 2 | C46: H. PRABOWO SUBIANTO - GIBRAN RAKABUMING RAKA | E46: =BENCULUK!AS46+CLURING!AL46+KALIPLOSO!Q46+PLAMPANGREJO!AE46+SARIMULYO!AA46+SEMBULUNG!AC46+SRATEN!AB46+TAMANAGUNG!AH46+TAMPO!AB46 -> 31040
B47: 3 | C47: H. GANJAR PRANOWO, S.H., M.I.P. - Prof. Dr. H. M. MAHFUD MD | E47: =BENCULUK!AS47+CLURING!AL47+KALIPLOSO!Q47+PLAMPANGREJO!AE47+SARIMULYO!AA47+SEMBULUNG!AC47+SRATEN!AB47+TAMANAGUNG!AH47+TAMPO!AB47 -> 9078
A49: V | B49: DATA SUARA SAH DAN TIDAK SAH
B50: A. | C50: JUMLAH SELURUH SUARA SAH | E50: =BENCULUK!AS50+CLURING!AL50+KALIPLOSO!Q50+PLAMPANGREJO!AE50+SARIMULYO!AA50+SEMBULUNG!AC50+SRATEN!AB50+TAMANAGUNG!AH50+TAMPO!AB50 -> 47147
B51: B. | C51: JUMLAH SUARA TIDAK SAH | E51: =BENCULUK!AS51+CLURING!AL51+KALIPLOSO!Q51+PLAMPANGREJO!AE51+SARIMULYO!AA51+SEMBULUNG!AC51+SRATEN!AB51+TAMANAGUNG!AH51+TAMPO!AB51 -> 717
B52: C. | C52: JUMLAH SELURUH SUARA SAH DAN SUARA TIDAK SAH (V.A + V.B) | E52: =SUM(E50:E51) -> 47864

Sheet BENCULUK
C2: Kecamatan | D2: CLURING
C3: Kabupaten | D3: BANYUWANGI
C4: Provinsi | D4: JAWA TIMUR
C9: Kelurahan | D9: BENCULUK
A12: I | B12: DATA PEMILIH DAN PENGGUNAAN HAK PILIH | AS12: JUMLAH AKHIR
A13: A | B13: DATA PEMILIH | E13: TPS 001 | F13: TPS 002 | G13: TPS 003 | H13: TPS 004 | I13: TPS 005 | J13: TPS 006 | K13: TPS 007 | L13: TPS 008 | M13: TPS 009 | N13: TPS 010 | O13: TPS 011 | P13: TPS 012 | Q13: TPS 013 | R13: TPS 014 | S13: TPS 015 | T13: TPS 016 | U13: TPS 017 | V13: TPS 018 | W13: TPS 019 | X13: TPS 020 | Y13: TPS 021 | Z13: TPS 022 | AA13: TPS 023 | AB13: TPS 024 | AC13: TPS 025 | AD13: TPS 026 | AE13: TPS 027 | AF13: TPS 028 | AG13: TPS 029 | AH13: TPS 030 | AI13: TPS 031 | AJ13: TPS 032 | AK13: TPS 033 | AL13: TPS 034 | AM13: TPS 035 | AN13: TPS 036 | AO13: TPS 037 | AP13: TPS 038 | AQ13: TPS 039 | AR13: TPS 040
B14: Jumlah Pemilih dalam Daftar Pemilih Tetap (DPT) | D14: LK | E14: 136 | F14: 122 | G14: 131 | H14: 114 | I14: 125 | J14: 123 | K14: 119 | L14: 115 | M14: 138 | N14: 121 | O14: 126 | P14: 124 | Q14: 141 | R14: 144 | S14: 139 | T14: 124 | U14: 123 | V14: 119 | W14: 123 | X14: 134 | Y14: 129 | Z14: 139 | AA14: 138 | AB14: 118 | AC14: 140 | AD14: 136 | AE14: 153 | AF14: 141 | AG14: 133 | AH14: 131 | AI14: 135 | AJ14: 127 | AK14: 141 | AL14: 127 | AM14: 130 | AN14: 132 | AO14: 125 | AP14: 143 | AQ14: 146 | AR14: 130 | AS14: =SUM(E14:AR14) -> 5235
D15: PR | E15: 123 | F15: 131 | G15: 122 | H15: 141 | I15: 121 | J15: 120 | K15: 126 | L15: 120 | M15: 134 | N15: 138 | O15: 125 | P15: 144 | Q15: 142 | R15: 133 | S15: 141 | T15: 137 | U15: 129 | V15: 113 | W15: 146 | X15: 131 | Y15: 146 | Z15: 145 | AA15: 142 | AB15: 132 | AC15: 123 | AD15: 136 | AE15: 136 | AF15: 143 | AG15: 137 | AH15: 122 | AI15: 131 | AJ15: 123 | AK15: 125 | AL15: 130 | AM15: 135 | AN15: 133 | AO15: 132 | AP15: 147 | AQ15: 126 | AR15: 140 | AS15: =SUM(E15:AR15) -> 5301
D16: JML | E16: =SUM(E14:E15) -> 259 | F16: =SUM(F14:F15) -> 253 | G16: =SUM(G14:G15) -> 253 | H16: =SUM(H14:H15) -> 255 | I16: =SUM(I14:I15) -> 246 | J16: =SUM(J14:J15) -> 243 | K16: =SUM(K14:K15) -> 245 | L16: =SUM(L14:L15) -> 235 | ... AR16: =SUM(AR14:AR15) -> 270 | AS16: =SUM(E16:AR16) -> 10536
A18: B | B18: PENGGUNA HAK PILIH
B19: 1. | C19: Jumlah pengguna hak pilih dalam Daftar Pemilih Tetap (DPT) | D19: LK | E19: 106 | F19: 98 | G19: 88 | H19: 84 | I19: 89 | J19: 83 | K19: 79 | L19: 92 | M19: 94 | N19: 87 | O19: 92 | P19: 81 | Q19: 98 | R19: 92 | S19: 102 | T19: 99 | U19: 85 | V19: 77 | W19: 97 | X19: 100 | Y19: 86 | Z19: 106 | AA19: 104 | AB19: 89 | AC19: 103 | AD19: 120 | AE19: 118 | AF19: 112 | AG19: 110 | AH19: 92 | AI19: 109 | AJ19: 92 | AK19: 108 | AL19: 99 | AM19: 93 | AN19: 113 | AO19: 96 | AP19: 111 | AQ19: 92 | AR19: 90 | AS19: =SUM(E19:AR19) -> 3866
D20: PR | E20: 92 | F20: 93 | G20: 89 | H20: 114 | I20: 98 | J20: 82 | K20: 86 | L20: 87 | M20: 104 | N20: 103 | O20: 97 | P20: 92 | Q20: 99 | R20: 85 | S20: 119 | T20: 108 | U20: 103 | V20: 79 | W20: 118 | X20: 108 | Y20: 115 | Z20: 116 | AA20: 124 | AB20: 101 | AC20: 94 | AD20: 118 | AE20: 113 | AF20: 117 | AG20: 112 | AH20: 91 | AI20: 111 | AJ20: 105 | AK20: 109 | AL20: 105 | AM20: 105 | AN20: 120 | AO20: 104 | AP20: 120 | AQ20: 101 | AR20: 106 | AS20: =SUM(E20:AR20) -> 4143
D21: JML | E21: =SUM(E19:E20) -> 198 | F21: =SUM(F19:F20) -> 191 | G21: =SUM(G19:G20) -> 177 | H21: =SUM(H19:H20) -> 198 | I21: =SUM(I19:I20) -> 187 | J21: =SUM(J19:J20) -> 165 | K21: =SUM(K19:K20) -> 165 | L21: =SUM(L19:L20) -> 179 | ... AR21: =SUM(AR19:AR20) -> 196 | AS21: =SUM(E21:AR21) -> 8009
B22: 2. | C22: Jumlah pengguna hak pilih dalam Daftar Pemilih Tambahan (DPTb) | D22: LK | E22: 1 | F22: 0 | G22: 1 | H22: 0 | I22: 0 | J22: 0 | K22: 0 | L22: 0 | M22: 0 | N22: 0 | O22: 0 | P22: 0 | Q22: 0 | R22: 0 | S22: 0 | T22: 0 | U22: 0 | V22: 0 | W22: 0 | X22: 1 | Y22: 0 | Z22: 3 | AA22: 0 | AB22: 0 | AC22: 0 | AD22: 0 | AE22: 0 | AF22: 0 | AG22: 0 | AH22: 0 | AI22: 0 | AJ22: 0 | AK22: 0 | AL22: 0 | AM22: 0 | AN22: 0 | AO22: 0 | AP22: 0 | AQ22: 0 | AR22: 0 | AS22: =SUM(E22:AR22) -> 6
D23: PR | E23: 1 | F23: 0 | G23: 0 | H23: 0 | I23: 0 | J23: 0 | K23: 0 | L23: 0 | M23: 0 | N23: 0 | O23: 0 | P23: 0 | Q23: 0 | R23: 0 | S23: 0 | T23: 0 | U23: 0 | V23: 0 | W23: 0 | X23: 0 | Y23: 0 | Z23: 0 | AA23: 0 | AB23: 0 | AC23: 0 | AD23: 0 | AE23: 0 | AF23: 0 | AG23: 0 | AH23: 0 | AI23: 0 | AJ23: 0 | AK23: 0 | AL23: 0 | AM23: 0 | AN23: 0 | AO23: 0 | AP23: 0 | AQ23: 0 | AR23: 0 | AS23: =SUM(E23:AR23) -> 1
D24: JML | E24: =SUM(E22:E23) -> 2 | F24: =SUM(F22:F23) -> 0 | G24: =SUM(G22:G23) -> 1 | H24: =SUM(H22:H23) -> 0 | I24: =SUM(I22:I23) -> 0 | J24: =SUM(J22:J23) -> 0 | K24: =SUM(K22:K23) -> 0 | L24: =SUM(L22:L23) -> 0 | ... AR24: =SUM(AR22:AR23) -> 0 | AS24: =SUM(E24:AR24) -> 7
B25: 3. | C25: Jumlah pengguna hak pilih dalam Daftar Pemilih Khusus (DPK) | D25: LK | E25: 3 | F25: 0 | G25: 0 | H25: 1 | I25: 0 | J25: 1 | K25: 0 | L25: 0 | M25: 0 | N25: 0 | O25: 2 | P25: 0 | Q25: 2 | R25: 0 | S25: 0 | T25: 5 | U25: 0 | V25: 0 | W25: 0 | X25: 0 | Y25: 2 | Z25: 1 | AA25: 4 | AB25: 1 | AC25: 0 | AD25: 0 | AE25: 0 | AF25: 0 | AG25: 0 | AH25: 3 | AI25: 0 | AJ25: 0 | AK25: 0 | AL25: 1 | AM25: 1 | AN25: 1 | AO25: 0 | AP25: 1 | AQ25: 1 | AR25: 0 | AS25: =SUM(E25:AR25) -> 30
D26: PR | E26: 3 | F26: 0 | G26: 0 | H26: 1 | I26: 0 | J26: 0 | K26: 1 | L26: 0 | M26: 0 | N26: 0 | O26: 4 | P26: 1 | Q26: 3 | R26: 0 | S26: 0 | T26: 0 | U26: 0 | V26: 0 | W26: 0 | X26: 0 | Y26: 3 | Z26: 0 | AA26: 1 | AB26: 2 | AC26: 2 | AD26: 0 | AE26: 0 | AF26: 0 | AG26: 0 | AH26: 1 | AI26: 1 | AJ26: 0 | AK26: 0 | AL26: 0 | AM26: 1 | AN26: 2 | AO26: 0 | AP26: 1 | AQ26: 3 | AR26: 0 | AS26: =SUM(E26:AR26) -> 30
D27: JML | E27: =SUM(E25:E26) -> 6 | F27: =SUM(F25:F26) -> 0 | G27: =SUM(G25:G26) -> 0 | H27: =SUM(H25:H26) -> 2 | I27: =SUM(I25:I26) -> 0 | J27: =SUM(J25:J26) -> 1 | K27: =SUM(K25:K26) -> 1 | L27: =SUM(L25:L26) -> 0 | ... AR27: =SUM(AR25:AR26) -> 0 | AS27: =SUM(E27:AR27) -> 60
B28: 4. | C28: Jumlah Pengguna Hak Pilih (B.1+B.2+B.3) | D28: LK | E28: =SUM(E19,E22,E25) -> 110 | F28: =SUM(F19,F22,F25) -> 98 | G28: =SUM(G19,G22,G25) -> 89 | H28: =SUM(H19,H22,H25) -> 85 | I28: =SUM(I19,I22,I25) -> 89 | J28: =SUM(J19,J22,J25) -> 84 | K28: =SUM(K19,K22,K25) -> 79 | L28: =SUM(L19,L22,L25) -> 92 | ... AR28: =SUM(AR19,AR22,AR25) -> 90 | AS28: =SUM(E28:AR28) -> 3902
D29: PR | E29: =SUM(E20,E23,E26) -> 96 | F29: =SUM(F20,F23,F26) -> 93 | G29: =SUM(G20,G23,G26) -> 89 | H29: =SUM(H20,H23,H26) -> 115 | I29: =SUM(I20,I23,I26) -> 98 | J29: =SUM(J20,J23,J26) -> 82 | K29: =SUM(K20,K23,K26) -> 87 | L29: =SUM(L20,L23,L26) -> 87 | ... AR29: =SUM(AR20,AR23,AR26) -> 106 | AS29: =SUM(E29:AR29) -> 4174
D30: JML | E30: =SUM(E28:E29) -> 206 | F30: =SUM(F28:F29) -> 191 | G30: =SUM(G28:G29) -> 178 | H30: =SUM(H28:H29) -> 200 | I30: =SUM(I28:I29) -> 187 | J30: =SUM(J28:J29) -> 166 | K30: =SUM(K28:K29) -> 166 | L30: =SUM(L28:L29) -> 179 | ... AR30: =SUM(AR28:AR29) -> 196 | AS30: =SUM(E30:AR30) -> 8076
A32: II | B32: DATA PENGGUNAAN SURAT SUARA
A33: 1 | B33: Jumlah surat suara yang diterima, termasuk surat suara cadangan 2,5% dari DPT | E33: 265 | F33: 258 | G33: 259 | H33: 261 | I33: 251 | J33: 247 | K33: 249 | L33: 240 | M33: 278 | N33: 265 | O33: 257 | P33: 274 | Q33: 289 | R33: 283 | S33: 286 | T33: 267 | U33: 258 | V33: 237 | W33: 274 | X33: 272 | Y33: 281 | Z33: 290 | AA33: 286 | AB33: 255 | AC33: 271 | AD33: 278 | AE33: 295 | AF33: 289 | AG33: 277 | AH33: 261 | AI33: 277 | AJ33: 258 | AK33: 272 | AL33: 265 | AM33: 271 | AN33: 274 | AO33: 263 | AP33: 296 | AQ33: 278 | AR33: 284 | AS33: =SUM(E33:AR33) -> 10791
A34: 2 | B34: Jumlah surat suara yang digunakan | E34: 206 | F34: 191 | G34: 178 | H34: 200 | I34: 187 | J34: 166 | K34: 166 | L34: 179 | M34: 198 | N34: 190 | O34: 195 | P34: 174 | Q34: 202 | R34: 177 | S34: 221 | T34: 212 | U34: 188 | V34: 156 | W34: 215 | X34: 209 | Y34: 206 | Z34: 226 | AA34: 233 | AB34: 193 | AC34: 199 | AD34: 238 | AE34: 231 | AF34: 229 | AG34: 222 | AH34: 187 | AI34: 221 | AJ34: 197 | AK34: 217 | AL34: 205 | AM34: 200 | AN34: 236 | AO34: 200 | AP34: 233 | AQ34: 197 | AR34: 196 | AS34: =SUM(E34:AR34) -> 8076
A35: 3 | B35: Jumlah surat suara dikembalikan oleh pemilih (karena rusak atau keliru coblos) | E35: 0 | F35: 0 | G35: 0 | H35: 0 | I35: 0 | J35: 0 | K35: 0 | L35: 0 | M35: 0 | N35: 0 | O35: 0 | P35: 0 | Q35: 0 | R35: 0 | S35: 0 | T35: 0 | U35: 2 | V35: 0 | W35: 0 | X35: 0 | Y35: 0 | Z35: 1 | AA35: 0 | AB35: 0 | AC35: 1 | AD35: 0 | AE35: 0 | AF35: 0 | AG35: 0 | AH35: 1 | AI35: 0 | AJ35: 0 | AK35: 0 | AL35: 0 | AM35: 0 | AN35: 0 | AO35: 0 | AP35: 0 | AQ35: 0 | AR35: 1 | AS35: =SUM(E35:AR35) -> 6
A36: 4 | B36: Jumlah surat suara yang tidak digunakan/tidak terpakai, termasuk sisa surat suara cadangan | E36: =E33-(E34+E35) -> 59 | F36: =F33-(F34+F35) -> 67 | G36: =G33-(G34+G35) -> 81 | H36: =H33-(H34+H35) -> 61 | I36: =I33-(I34+I35) -> 64 | J36: =J33-(J34+J35) -> 81 | K36: =K33-(K34+K35) -> 83 | L36: =L33-(L34+L35) -> 61 | ... AR36: =AR33-(AR34+AR35) -> 87 | AS36: =SUM(E36:AR36) -> 2709
A38: III | B38: DATA PEMILIH DISABILITAS
B39: Jumlah seluruh Pemilih disabilitas yang menggunakan hak pilih | D39: LK | E39: 0 | F39: 1 | G39: 0 | H39: 0 | I39: 0 | J39: 0 | K39: 0 | L39: 0 | M39: 0 | N39: 0 | O39: 0 | P39: 0 | Q39: 0 | R39: 0 | S39: 0 | T39: 0 | U39: 0 | V39: 0 | W39: 0 | X39: 1 | Y39: 0 | Z39: 1 | AA39: 0 | AB39: 1 | AC39: 1 | AD39: 0 | AE39: 0 | AF39: 0 | AG39: 1 | AH39: 0 | AI39: 0 | AJ39: 0 | AK39: 0 | AL39: 1 | AM39: 0 | AN39: 3 | AO39: 0 | AP39: 0 | AQ39: 0 | AR39: 0 | AS39: =SUM(E39:AR39) -> 10
D40: PR | E40: 0 | F40: 0 | G40: 0 | H40: 0 | I40: 0 | J40: 0 | K40: 0 | L40: 0 | M40: 0 | N40: 0 | O40: 0 | P40: 1 | Q40: 0 | R40: 0 | S40: 0 | T40: 0 | U40: 0 | V40: 0 | W40: 0 | X40: 1 | Y40: 0 | Z40: 4 | AA40: 0 | AB40: 1 | AC40: 0 | AD40: 0 | AE40: 0 | AF40: 0 | AG40: 0 | AH40: 0 | AI40: 0 | AJ40: 0 | AK40: 0 | AL40: 1 | AM40: 0 | AN40: 9 | AO40: 0 | AP40: 0 | AQ40: 0 | AR40: 0 | AS40: =SUM(E40:AR40) -> 17
D41: JML | E41: =SUM(E39:E40) -> 0 | F41: =SUM(F39:F40) -> 1 | G41: =SUM(G39:G40) -> 0 | H41: =SUM(H39:H40) -> 0 | I41: =SUM(I39:I40) -> 0 | J41: =SUM(J39:J40) -> 0 | K41: =SUM(K39:K40) -> 0 | L41: =SUM(L39:L40) -> 0 | ... AR41: =SUM(AR39:AR40) -> 0 | AS41: =SUM(E41:AR41) -> 27
A43: IV | B43: DATA RINCIAN PEROLEHAN SUARA PASANGAN CALON BUPATI DAN WAKIL BUPATI
A44: NOMOR DAN NAMA CALON
B45: 1 | C45: H. ANIES RASYID BASWEDAN, Ph.D. - Dr. (H.C.) H. A. MUHAIMIN ISKANDAR | E45: 33 | F45: 14 | G45: 16 | H45: 29 | I45: 22 | J45: 12 | K45: 30 | L45: 14 | M45: 12 | N45: 23 | O45: 20 | P45: 18 | Q45: 21 | R45: 9 | S45: 16 | T45: 14 | U45: 21 | V45: 12 | W45: 24 | X45: 38 | Y45: 41 | Z45: 43 | AA45: 26 | AB45: 37 | AC45: 32 | AD45: 17 | AE45: 21 | AF45: 44 | AG45: 35 | AH45: 24 | AI45: 7 | AJ45: 9 | AK45: 20 | AL45: 24 | AM45: 20 | AN45: 23 | AO45: 18 | AP45: 26 | AQ45: 17 | AR45: 25 | AS45: =SUM(E45:AR45) -> 907
B46: 2 | C46: H. PRABOWO SUBIANTO - GIBRAN RAKABUMING RAKA | E46: 130 | F46: 143 | G46: 145 | H46: 117 | I46: 127 | J46: 130 | K46: 104 | L46: 147 | M46: 147 | N46: 122 | O46: 122 | P46: 103 | Q46: 100 | R46: 125 | S46: 164 | T46: 161 | U46: 122 | V46: 118 | W46: 137 | X46: 144 | Y46: 131 | Z46: 132 | AA46: 165 | AB46: 116 | AC46: 134 | AD46: 171 | AE46: 158 | AF46: 139 | AG46: 140 | AH46: 134 | AI46: 174 | AJ46: 164 | AK46: 144 | AL46: 132 | AM46: 143 | AN46: 158 | AO46: 145 | AP46: 173 | AQ46: 142 | AR46: 134 | AS46: =SUM(E46:AR46) -> 5537
B47: 3 | C47: H. GANJAR PRANOWO, S.H., M.I.P. - Prof. Dr. H. M. MAHFUD MD | E47: 36 | F47: 33 | G47: 17 | H47: 53 | I47: 35 | J47: 22 | K47: 29 | L47: 17 | M47: 36 | N47: 41 | O47: 50 | P47: 52 | Q47: 75 | R47: 38 | S47: 35 | T47: 33 | U47: 43 | V47: 23 | W47: 48 | X47: 24 | Y47: 31 | Z47: 41 | AA47: 37 | AB47: 35 | AC47: 33 | AD47: 45 | AE47: 51 | AF47: 44 | AG47: 44 | AH47: 27 | AI47: 37 | AJ47: 23 | AK47: 48 | AL47: 45 | AM47: 37 | AN47: 55 | AO47: 33 | AP47: 30 | AQ47: 38 | AR47: 36 | AS47: =SUM(E47:AR47) -> 1510
A49: V | B49: DATA SUARA SAH DAN TIDAK SAH
B50: A. | C50: JUMLAH SELURUH SUARA SAH | E50: =SUM(E45:E47) -> 199 | F50: =SUM(F45:F47) -> 190 | G50: =SUM(G45:G47) -> 178 | H50: =SUM(H45:H47) -> 199 | I50: =SUM(I45:I47) -> 184 | J50: =SUM(J45:J47) -> 164 | K50: =SUM(K45:K47) -> 163 | L50: =SUM(L45:L47) -> 178 | ... AR50: =SUM(AR45:AR47) -> 195 | AS50: =SUM(E50:AR50) -> 7954
B51: B. | C51: JUMLAH SUARA TIDAK SAH | E51: 7 | F51: 1 | G51: 0 | H51: 1 | I51: 3 | J51: 2 | K51: 3 | L51: 1 | M51: 3 | N51: 4 | O51: 3 | P51: 1 | Q51: 6 | R51: 5 | S51: 6 | T51: 4 | U51: 2 | V51: 3 | W51: 6 | X51: 3 | Y51: 3 | Z51: 10 | AA51: 5 | AB51: 5 | AC51: 0 | AD51: 5 | AE51: 1 | AF51: 2 | AG51: 3 | AH51: 2 | AI51: 3 | AJ51: 1 | AK51: 5 | AL51: 4 | AM51: 0 | AN51: 0 | AO51: 4 | AP51: 4 | AQ51: 0 | AR51: 1 | AS51: =SUM(E51:AR51) -> 122
B52: C. | C52: JUMLAH SELURUH SUARA SAH DAN SUARA TIDAK SAH (V.A + V.B) | E52: =SUM(E50:E51) -> 206 | F52: =SUM(F50:F51) -> 191 | G52: =SUM(G50:G51) -> 178 | H52: =SUM(H50:H51) -> 200 | I52: =SUM(I50:I51) -> 187 | J52: =SUM(J50:J51) -> 166 | K52: =SUM(K50:K51) -> 166 | L52: =SUM(L50:L51) -> 179 | ... AR52: =SUM(AR50:AR51) -> 196 | AS52: =SUM(E52:AR52) -> 8076

Sheet CLURING
C2: Kecamatan | D2: CLURING
C3: Kabupaten | D3: BANYUWANGI
C4: Provinsi | D4: JAWA TIMUR
C9: Kelurahan | D9: CLURING
A12: I | B12: DATA PEMILIH DAN PENGGUNAAN HAK PILIH | AL12: JUMLAH AKHIR
A13: A | B13: DATA PEMILIH | E13: TPS 001 | F13: TPS 002 | G13: TPS 003 | H13: TPS 004 | I13: TPS 005 | J13: TPS 006 | K13: TPS 007 | L13: TPS 008 | M13: TPS 009 | N13: TPS 010 | O13: TPS 011 | P13: TPS 012 | Q13: TPS 013 | R13: TPS 014 | S13: TPS 015 | T13: TPS 016 | U13: TPS 017 | V13: TPS 018 | W13: TPS 019 | X13: TPS 020 | Y13: TPS 021 | Z13: TPS 022 | AA13: TPS 023 | AB13: TPS 024 | AC13: TPS 025 | AD13: TPS 026 | AE13: TPS 027 | AF13: TPS 028 | AG13: TPS 029 | AH13: TPS 030 | AI13: TPS 031 | AJ13: TPS 032 | AK13: TPS 033
B14: Jumlah Pemilih dalam Daftar Pemilih Tetap (DPT) | D14: LK | E14: 136 | F14: 136 | G14: 145 | H14: 148 | I14: 114 | J14: 134 | K14: 130 | L14: 136 | M14: 132 | N14: 123 | O14: 117 | P14: 133 | Q14: 130 | R14: 132 | S14: 145 | T14: 128 | U14: 136 | V14: 122 | W14: 135 | X14: 135 | Y14: 141 | Z14: 133 | AA14: 142 | AB14: 158 | AC14: 141 | AD14: 146 | AE14: 131 | AF14: 140 | AG14: 134 | AH14: 133 | AI14: 121 | AJ14: 131 | AK14: 134 | AL14: =SUM(E14:AK14) -> 4432
D15: PR | E15: 138 | F15: 128 | G15: 154 | H15: 150 | I15: 139 | J15: 132 | K15: 136 | L15: 129 | M15: 126 | N15: 136 | O15: 124 | P15: 141 | Q15: 129 | R15: 122 | S15: 141 | T15: 122 | U15: 132 | V15: 129 | W15: 134 | X15: 137 | Y15: 131 | Z15: 129 | AA15: 150 | AB15: 132 | AC15: 146 | AD15: 146 | AE15: 146 | AF15: 131 | AG15: 136 | AH15: 138 | AI15: 146 | AJ15: 140 | AK15: 132 | AL15: =SUM(E15:AK15) -> 4482
D16: JML | E16: =SUM(E14:E15) -> 274 | F16: =SUM(F14:F15) -> 264 | G16: =SUM(G14:G15) -> 299 | H16: =SUM(H14:H15) -> 298 | I16: =SUM(I14:I15) -> 253 | J16: =SUM(J14:J15) -> 266 | K16: =SUM(K14:K15) -> 266 | L16: =SUM(L14:L15) -> 265 | ... AK16: =SUM(AK14:AK15) -> 266 | AL16: =SUM(E16:AK16) -> 8914
A18: B | B18: PENGGUNA HAK PILIH
B19: 1. | C19: Jumlah pengguna hak pilih dalam Daftar Pemilih Tetap (DPT) | D19: LK | E19: 98 | F19: 91 | G19: 115 | H19: 156 | I19: 75 | J19: 99 | K19: 86 | L19: 95 | M19: 93 | N19: 101 | O19: 68 | P19: 101 | Q19: 76 | R19: 101 | S19: 96 | T19: 92 | U19: 106 | V19: 95 | W19: 98 | X19: 102 | Y19: 104 | Z19: 102 | AA19: 107 | AB19: 109 | AC19: 107 | AD19: 104 | AE19: 112 | AF19: 111 | AG19: 108 | AH19: 104 | AI19: 100 | AJ19: 97 | AK19: 105 | AL19: =SUM(E19:AK19) -> 3314
D20: PR | E20: 102 | F20: 103 | G20: 123 | H20: 90 | I20: 92 | J20: 103 | K20: 98 | L20: 101 | M20: 98 | N20: 118 | O20: 86 | P20: 115 | Q20: 92 | R20: 98 | S20: 103 | T20: 95 | U20: 108 | V20: 108 | W20: 101 | X20: 108 | Y20: 102 | Z20: 103 | AA20: 112 | AB20: 104 | AC20: 109 | AD20: 117 | AE20: 120 | AF20: 107 | AG20: 106 | AH20: 108 | AI20: 119 | AJ20: 118 | AK20: 106 | AL20: =SUM(E20:AK20) -> 3473
D21: JML | E21: =SUM(E19:E20) -> 200 | F21: =SUM(F19:F20) -> 194 | G21: =SUM(G19:G20) -> 238 | H21: =SUM(H19:H20) -> 246 | I21: =SUM(I19:I20) -> 167 | J21: =SUM(J19:J20) -> 202 | K21: =SUM(K19:K20) -> 184 | L21: =SUM(L19:L20) -> 196 | ... AK21: =SUM(AK19:AK20) -> 211 | AL21: =SUM(E21:AK21) -> 6787
B22: 2. | C22: Jumlah pengguna hak pilih dalam Daftar Pemilih Tambahan (DPTb) | D22: LK | E22: 0 | F22: 1 | G22: 3 | H22: 1 | I22: 0 | J22: 0 | K22: 0 | L22: 0 | M22: 0 | N22: 1 | O22: 2 | P22: 0 | Q22: 0 | R22: 1 | S22: 0 | T22: 1 | U22: 0 | V22: 0 | W22: 0 | X22: 0 | Y22: 0 | Z22: 0 | AA22: 0 | AB22: 0 | AC22: 0 | AD22: 0 | AE22: 0 | AF22: 0 | AG22: 0 | AH22: 0 | AI22: 0 | AJ22: 0 | AK22: 0 | AL22: =SUM(E22:AK22) -> 10
D23: PR | E23: 0 | F23: 2 | G23: 3 | H23: 2 | I23: 0 | J23: 0 | K23: 0 | L23: 0 | M23: 0 | N23: 1 | O23: 2 | P23: 0 | Q23: 0 | R23: 0 | S23: 0 | T23: 1 | U23: 0 | V23: 0 | W23: 0 | X23: 0 | Y23: 0 | Z23: 0 | AA23: 0 | AB23: 0 | AC23: 0 | AD23: 1 | AE23: 0 | AF23: 0 | AG23: 0 | AH23: 0 | AI23: 0 | AJ23: 0 | AK23: 0 | AL23: =SUM(E23:AK23) -> 12
D24: JML | E24: =SUM(E22:E23) -> 0 | F24: =SUM(F22:F23) -> 3 | G24: =SUM(G22:G23) -> 6 | H24: =SUM(H22:H23) -> 3 | I24: =SUM(I22:I23) -> 0 | J24: =SUM(J22:J23) -> 0 | K24: =SUM(K22:K23) -> 0 | L24: =SUM(L22:L23) -> 0 | ... AK24: =SUM(AK22:AK23) -> 0 | AL24: =SUM(E24:AK24) -> 22
B25: 3. | C25: Jumlah pengguna hak pilih dalam Daftar Pemilih Khusus (DPK) | D25: LK | E25: 0 | F25: 0 | G25: 0 | H25: 3 | I25: 0 | J25: 4 | K25: 1 | L25: 1 | M25: 1 | N25: 3 | O25: 1 | P25: 2 | Q25: 1 | R25: 4 | S25: 2 | T25: 1 | U25: 0 | V25: 1 | W25: 0 | X25: 0 | Y25: 1 | Z25: 1 | AA25: 0 | AB25: 1 | AC25: 2 | AD25: 1 | AE25: 2 | AF25: 5 | AG25: 3 | AH25: 0 | AI25: 3 | AJ25: 2 | AK25: 3 | AL25: =SUM(E25:AK25) -> 49
D26: PR | E26: 2 | F26: 1 | G26: 2 | H26: 3 | I26: 1 | J26: 2 | K26: 2 | L26: 4 | M26: 1 | N26: 3 | O26: 2 | P26: 3 | Q26: 4 | R26: 1 | S26: 0 | T26: 0 | U26: 2 | V26: 1 | W26: 0 | X26: 0 | Y26: 1 | Z26: 5 | AA26: 1 | AB26: 3 | AC26: 1 | AD26: 4 | AE26: 3 | AF26: 3 | AG26: 2 | AH26: 0 | AI26: 3 | AJ26: 4 | AK26: 5 | AL26: =SUM(E26:AK26) -> 69
D27: JML | E27: =SUM(E25:E26) -> 2 | F27: =SUM(F25:F26) -> 1 | G27: =SUM(G25:G26) -> 2 | H27: =SUM(H25:H26) -> 6 | I27: =SUM(I25:I26) -> 1 | J27: =SUM(J25:J26) -> 6 | K27: =SUM(K25:K26) -> 3 | L27: =SUM(L25:L26) -> 5 | ... AK27: =SUM(AK25:AK26) -> 8 | AL27: =SUM(E27:AK27) -> 118
B28: 4. | C28: Jumlah Pengguna Hak Pilih (B.1+B.2+B.3) | D28: LK | E28: =SUM(E19,E22,E25) -> 98 | F28: =SUM(F19,F22,F25) -> 92 | G28: =SUM(G19,G22,G25) -> 118 | H28: =SUM(H19,H22,H25) -> 160 | I28: =SUM(I19,I22,I25) -> 75 | J28: =SUM(J19,J22,J25) -> 103 | K28: =SUM(K19,K22,K25) -> 87 | L28: =SUM(L19,L22,L25) -> 96 | ... AK28: =SUM(AK19,AK22,AK25) -> 108 | AL28: =SUM(E28:AK28) -> 3373
D29: PR | E29: =SUM(E20,E23,E26) -> 104 | F29: =SUM(F20,F23,F26) -> 106 | G29: =SUM(G20,G23,G26) -> 128 | H29: =SUM(H20,H23,H26) -> 95 | I29: =SUM(I20,I23,I26) -> 93 | J29: =SUM(J20,J23,J26) -> 105 | K29: =SUM(K20,K23,K26) -> 100 | L29: =SUM(L20,L23,L26) -> 105 | ... AK29: =SUM(AK20,AK23,AK26) -> 111 | AL29: =SUM(E29:AK29) -> 3554
D30: JML | E30: =SUM(E28:E29) -> 202 | F30: =SUM(F28:F29) -> 198 | G30: =SUM(G28:G29) -> 246 | H30: =SUM(H28:H29) -> 255 | I30: =SUM(I28:I29) -> 168 | J30: =SUM(J28:J29) -> 208 | K30: =SUM(K28:K29) -> 187 | L30: =SUM(L28:L29) -> 201 | ... AK30: =SUM(AK28:AK29) -> 219 | AL30: =SUM(E30:AK30) -> 6927
A32: II | B32: DATA PENGGUNAAN SURAT SUARA
A33: 1 | B33: Jumlah surat suara yang diterima, termasuk surat suara cadangan 2,5% dari DPT | E33: 280 | F33: 273 | G33: 305 | H33: 296 | I33: 258 | J33: 271 | K33: 272 | L33: 273 | M33: 264 | N33: 289 | O33: 246 | P33: 280 | Q33: 265 | R33: 259 | S33: 294 | T33: 255 | U33: 274 | V33: 258 | W33: 275 | X33: 277 | Y33: 278 | Z33: 269 | AA33: 299 | AB33: 299 | AC33: 293 | AD33: 298 | AE33: 283 | AF33: 288 | AG33: 277 | AH33: 277 | AI33: 273 | AJ33: 287 | AK33: 272 | AL33: =SUM(E33:AK33) -> 9157
A34: 2 | B34: Jumlah surat suara yang digunakan | E34: 202 | F34: 198 | G34: 246 | H34: 255 | I34: 168 | J34: 208 | K34: 187 | L34: 201 | M34: 193 | N34: 227 | O34: 161 | P34: 221 | Q34: 173 | R34: 205 | S34: 201 | T34: 190 | U34: 216 | V34: 205 | W34: 199 | X34: 210 | Y34: 208 | Z34: 211 | AA34: 220 | AB34: 217 | AC34: 219 | AD34: 227 | AE34: 237 | AF34: 226 | AG34: 219 | AH34: 212 | AI34: 225 | AJ34: 221 | AK34: 219 | AL34: =SUM(E34:AK34) -> 6927
A35: 3 | B35: Jumlah surat suara dikembalikan oleh pemilih (karena rusak atau keliru coblos) | E35: 1 | F35: 0 | G35: 0 | H35: 0 | I35: 0 | J35: 1 | K35: 0 | L35: 0 | M35: 0 | N35: 0 | O35: 0 | P35: 0 | Q35: 0 | R35: 0 | S35: 4 | T35: 2 | U35: 0 | V35: 2 | W35: 0 | X35: 0 | Y35: 0 | Z35: 1 | AA35: 0 | AB35: 1 | AC35: 3 | AD35: 0 | AE35: 1 | AF35: 3 | AG35: 0 | AH35: 0 | AI35: 2 | AJ35: 0 | AK35: 0 | AL35: =SUM(E35:AK35) -> 21
A36: 4 | B36: Jumlah surat suara yang tidak digunakan/tidak terpakai, termasuk sisa surat suara cadangan | E36: =E33-(E34+E35) -> 77 | F36: =F33-(F34+F35) -> 75 | G36: =G33-(G34+G35) -> 59 | H36: =H33-(H34+H35) -> 41 | I36: =I33-(I34+I35) -> 90 | J36: =J33-(J34+J35) -> 62 | K36: =K33-(K34+K35) -> 85 | L36: =L33-(L34+L35) -> 72 | ... AK36: =AK33-(AK34+AK35) -> 53 | AL36: =SUM(E36:AK36) -> 2209
A38: III | B38: DATA PEMILIH DISABILITAS
B39: Jumlah seluruh Pemilih disabilitas yang menggunakan hak pilih | D39: LK | E39: 0 | F39: 0 | G39: 1 | H39: 0 | I39: 0 | J39: 2 | K39: 0 | L39: 0 | M39: 0 | N39: 0 | O39: 0 | P39: 0 | Q39: 0 | R39: 0 | S39: 0 | T39: 0 | U39: 0 | V39: 0 | W39: 0 | X39: 0 | Y39: 0 | Z39: 2 | AA39: 0 | AB39: 0 | AC39: 0 | AD39: 0 | AE39: 0 | AF39: 0 | AG39: 0 | AH39: 0 | AI39: 0 | AJ39: 0 | AK39: 0 | AL39: =SUM(E39:AK39) -> 5
D40: PR | E40: 0 | F40: 0 | G40: 1 | H40: 0 | I40: 0 | J40: 1 | K40: 0 | L40: 0 | M40: 1 | N40: 0 | O40: 0 | P40: 0 | Q40: 0 | R40: 0 | S40: 0 | T40: 0 | U40: 0 | V40: 0 | W40: 1 | X40: 0 | Y40: 0 | Z40: 1 | AA40: 0 | AB40: 0 | AC40: 0 | AD40: 0 | AE40: 0 | AF40: 1 | AG40: 0 | AH40: 0 | AI40: 0 | AJ40: 0 | AK40: 0 | AL40: =SUM(E40:AK40) -> 6
D41: JML | E41: =SUM(E39:E40) -> 0 | F41: =SUM(F39:F40) -> 0 | G41: =SUM(G39:G40) -> 2 | H41: =SUM(H39:H40) -> 0 | I41: =SUM(I39:I40) -> 0 | J41: =SUM(J39:J40) -> 3 | K41: =SUM(K39:K40) -> 0 | L41: =SUM(L39:L40) -> 0 | ... AK41: =SUM(AK39:AK40) -> 0 | AL41: =SUM(E41:AK41) -> 11
A43: IV | B43: DATA RINCIAN PEROLEHAN SUARA PASANGAN CALON BUPATI DAN WAKIL BUPATI
A44: NOMOR DAN NAMA CALON
B45: 1 | C45: H. ANIES RASYID BASWEDAN, Ph.D. - Dr. (H.C.) H. A. MUHAIMIN ISKANDAR | E45: 26 | F45: 27 | G45: 17 | H45: 22 | I45: 11 | J45: 16 | K45: 19 | L45: 17 | M45: 13 | N45: 11 | O45: 18 | P45: 12 | Q45: 12 | R45: 12 | S45: 30 | T45: 28 | U45: 16 | V45: 16 | W45: 17 | X45: 8 | Y45: 18 | Z45: 8 | AA45: 12 | AB45: 20 | AC45: 12 | AD45: 16 | AE45: 22 | AF45: 5 | AG45: 18 | AH45: 9 | AI45: 10 | AJ45: 11 | AK45: 21 | AL45: =SUM(E45:AK45) -> 530
B46: 2 | C46: H. PRABOWO SUBIANTO - GIBRAN RAKABUMING RAKA | E46: 126 | F46: 139 | G46: 185 | H46: 168 | I46: 113 | J46: 133 | K46: 122 | L46: 140 | M46: 155 | N46: 190 | O46: 110 | P46: 148 | Q46: 125 | R46: 124 | S46: 142 | T46: 119 | U46: 143 | V46: 114 | W46: 113 | X46: 91 | Y46: 107 | Z46: 104 | AA46: 138 | AB46: 145 | AC46: 154 | AD46: 139 | AE46: 176 | AF46: 172 | AG46: 142 | AH46: 155 | AI46: 163 | AJ46: 159 | AK46: 140 | AL46: =SUM(E46:AK46) -> 4594
B47: 3 | C47: H. GANJAR PRANOWO, S.H., M.I.P. - Prof. Dr. H. M. MAHFUD MD | E47: 47 | F47: 32 | G47: 43 | H47: 59 | I47: 40 | J47: 57 | K47: 45 | L47: 39 | M47: 22 | N47: 21 | O47: 31 | P47: 56 | Q47: 34 | R47: 65 | S47: 25 | T47: 38 | U47: 51 | V47: 75 | W47: 64 | X47: 100 | Y47: 81 | Z47: 97 | AA47: 63 | AB47: 43 | AC47: 48 | AD47: 70 | AE47: 34 | AF47: 44 | AG47: 54 | AH47: 47 | AI47: 50 | AJ47: 49 | AK47: 56 | AL47: =SUM(E47:AK47) -> 1680
A49: V | B49: DATA SUARA SAH DAN TIDAK SAH
B50: A. | C50: JUMLAH SELURUH SUARA SAH | E50: =SUM(E45:E47) -> 199 | F50: =SUM(F45:F47) -> 198 | G50: =SUM(G45:G47) -> 245 | H50: =SUM(H45:H47) -> 249 | I50: =SUM(I45:I47) -> 164 | J50: =SUM(J45:J47) -> 206 | K50: =SUM(K45:K47) -> 186 | L50: =SUM(L45:L47) -> 196 | ... AK50: =SUM(AK45:AK47) -> 217 | AL50: =SUM(E50:AK50) -> 6804
B51: B. | C51: JUMLAH SUARA TIDAK SAH | E51: 3 | F51: 0 | G51: 1 | H51: 6 | I51: 4 | J51: 2 | K51: 1 | L51: 5 | M51: 3 | N51: 5 | O51: 2 | P51: 5 | Q51: 2 | R51: 4 | S51: 4 | T51: 5 | U51: 6 | V51: 0 | W51: 5 | X51: 11 | Y51: 2 | Z51: 2 | AA51: 7 | AB51: 9 | AC51: 5 | AD51: 2 | AE51: 5 | AF51: 5 | AG51: 5 | AH51: 1 | AI51: 2 | AJ51: 2 | AK51: 2 | AL51: =SUM(E51:AK51) -> 123
B52: C. | C52: JUMLAH SELURUH SUARA SAH DAN SUARA TIDAK SAH (V.A + V.B) | E52: =SUM(E50:E51) -> 202 | F52: =SUM(F50:F51) -> 198 | G52: =SUM(G50:G51) -> 246 | H52: =SUM(H50:H51) -> 255 | I52: =SUM(I50:I51) -> 168 | J52: =SUM(J50:J51) -> 208 | K52: =SUM(K50:K51) -> 187 | L52: =SUM(L50:L51) -> 201 | ... AK52: =SUM(AK50:AK51) -> 219 | AL52: =SUM(E52:AK52) -> 6927

Sheet KALIPLOSO
C2: Kecamatan | D2: CLURING
C3: Kabupaten | D3: BANYUWANGI
C4: Provinsi | D4: JAWA TIMUR
C9: Kelurahan | D9: KALIPLOSO
A12: I | B12: DATA PEMILIH DAN PENGGUNAAN HAK PILIH | Q12: JUMLAH AKHIR
A13: A | B13: DATA PEMILIH | E13: TPS 001 | F13: TPS 002 | G13: TPS 003 | H13: TPS 004 | I13: TPS 005 | J13: TPS 006 | K13: TPS 007 | L13: TPS 008 | M13: TPS 009 | N13: TPS 010 | O13: TPS 011 | P13: TPS 012
B14: Jumlah Pemilih dalam Daftar Pemilih Tetap (DPT) | D14: LK | E14: 137 | F14: 152 | G14: 135 | H14: 160 | I14: 142 | J14: 143 | K14: 128 | L14: 122 | M14: 107 | N14: 132 | O14: 142 | P14: 144 | Q14: =SUM(E14:P14) -> 1644
D15: PR | E15: 149 | F15: 144 | G15: 156 | H15: 137 | I15: 149 | J15: 143 | K15: 117 | L15: 122 | M15: 98 | N15: 124 | O15: 147 | P15: 150 | Q15: =SUM(E15:P15) -> 1636
D16: JML | E16: 286 | F16: 296 | G16: 291 | H16: 297 | I16: 291 | J16: 286 | K16: 245 | L16: 244 | M16: 205 | N16: 256 | O16: 289 | P16: 294 | Q16: =SUM(E16:P16) -> 3280
A18: B | B18: PENGGUNA HAK PILIH
B19: 1. | C19: Jumlah pengguna hak pilih dalam Daftar Pemilih Tetap (DPT) | D19: LK | E19: 81 | F19: 107 | G19: 100 | H19: 113 | I19: 121 | J19: 113 | K19: 103 | L19: 97 | M19: 75 | N19: 114 | O19: 116 | P19: 112 | Q19: =SUM(E19:P19) -> 1252
D20: PR | E20: 112 | F20: 117 | G20: 124 | H20: 127 | I20: 121 | J20: 117 | K20: 94 | L20: 95 | M20: 71 | N20: 87 | O20: 127 | P20: 123 | Q20: =SUM(E20:P20) -> 1315
D21: JML | E21: 193 | F21: 224 | G21: 224 | H21: 240 | I21: 242 | J21: 230 | K21: 197 | L21: 192 | M21: 146 | N21: 201 | O21: 243 | P21: 235 | Q21: =SUM(E21:P21) -> 2567
B22: 2. | C22: Jumlah pengguna hak pilih dalam Daftar Pemilih Tambahan (DPTb) | D22: LK | E22: 0 | F22: 1 | G22: 0 | H22: 0 | I22: 0 | J22: 0 | K22: 0 | L22: 0 | M22: 0 | N22: 0 | O22: 0 | P22: 0 | Q22: =SUM(E22:P22) -> 1
D23: PR | E23: 0 | F23: 2 | G23: 0 | H23: 0 | I23: 1 | J23: 0 | K23: 0 | L23: 0 | M23: 0 | N23: 0 | O23: 0 | P23: 1 | Q23: =SUM(E23:P23) -> 4
D24: JML | E24: 0 | F24: 3 | G24: 0 | H24: 0 | I24: 1 | J24: 0 | K24: 0 | L24: 0 | M24: 0 | N24: 0 | O24: 0 | P24: 1 | Q24: =SUM(E24:P24) -> 5
B25: 3. | C25: Jumlah pengguna hak pilih dalam Daftar Pemilih Khusus (DPK) | D25: LK | E25: 1 | F25: 1 | G25: 0 | H25: 0 | I25: 1 | J25: 1 | K25: 1 | L25: 0 | M25: 1 | N25: 0 | O25: 0 | P25: 0 | Q25: =SUM(E25:P25) -> 6
D26: PR | E26: 2 | F26: 1 | G26: 2 | H26: 0 | I26: 2 | J26: 3 | K26: 2 | L26: 0 | M26: 2 | N26: 0 | O26: 0 | P26: 0 | Q26: =SUM(E26:P26) -> 14
D27: JML | E27: 3 | F27: 2 | G27: 2 | H27: 0 | I27: 3 | J27: 4 | K27: 3 | L27: 0 | M27: 3 | N27: 0 | O27: 0 | P27: 0 | Q27: =SUM(E27:P27) -> 20
B28: 4. | C28: Jumlah Pengguna Hak Pilih (B.1+B.2+B.3) | D28: LK | E28: 82 | F28: 109 | G28: 100 | H28: 113 | I28: 122 | J28: 114 | K28: 104 | L28: 97 | M28: 76 | N28: 114 | O28: 116 | P28: 112 | Q28: =SUM(E28:P28) -> 1259
D29: PR | E29: 114 | F29: 120 | G29: 126 | H29: 127 | I29: 124 | J29: 120 | K29: 96 | L29: 95 | M29: 73 | N29: 87 | O29: 127 | P29: 124 | Q29: =SUM(E29:P29) -> 1333
D30: JML | E30: 196 | F30: 229 | G30: 226 | H30: 240 | I30: 246 | J30: 234 | K30: 200 | L30: 192 | M30: 149 | N30: 201 | O30: 243 | P30: 236 | Q30: =SUM(E30:P30) -> 2592
A32: II | B32: DATA PENGGUNAAN SURAT SUARA
A33: 1 | B33: Jumlah surat suara yang diterima, termasuk surat suara cadangan 2,5% dari DPT | E33: 292 | F33: 302 | G33: 297 | H33: 303 | I33: 297 | J33: 292 | K33: 251 | L33: 249 | M33: 211 | N33: 264 | O33: 293 | P33: 300 | Q33: =SUM(E33:P33) -> 3351
A34: 2 | B34: Jumlah surat suara yang digunakan | E34: 196 | F34: 229 | G34: 226 | H34: 240 | I34: 246 | J34: 234 | K34: 200 | L34: 192 | M34: 149 | N34: 201 | O34: 243 | P34: 236 | Q34: =SUM(E34:P34) -> 2592
A35: 3 | B35: Jumlah surat suara dikembalikan oleh pemilih (karena rusak atau keliru coblos) | E35: 2 | F35: 0 | G35: 2 | H35: 1 | I35: 0 | J35: 0 | K35: 2 | L35: 0 | M35: 0 | N35: 0 | O35: 0 | P35: 0 | Q35: =SUM(E35:P35) -> 7
A36: 4 | B36: Jumlah surat suara yang tidak digunakan/tidak terpakai, termasuk sisa surat suara cadangan | E36: 94 | F36: 73 | G36: 69 | H36: 62 | I36: 51 | J36: 58 | K36: 49 | L36: 57 | M36: 62 | N36: 63 | O36: 50 | P36: 64 | Q36: =SUM(E36:P36) -> 752
A38: III | B38: DATA PEMILIH DISABILITAS
B39: Jumlah seluruh Pemilih disabilitas yang menggunakan hak pilih | D39: LK | E39: 0 | F39: 0 | G39: 0 | H39: 0 | I39: 0 | J39: 0 | K39: 0 | L39: 0 | M39: 0 | N39: 0 | O39: 0 | P39: 0 | Q39: =SUM(E39:P39) -> 0
D40: PR | E40: 0 | F40: 0 | G40: 0 | H40: 0 | I40: 0 | J40: 0 | K40: 0 | L40: 0 | M40: 0 | N40: 0 | O40: 0 | P40: 0 | Q40: =SUM(E40:P40) -> 0
D41: JML | E41: =SUM(E39:E40) -> 0 | F41: =SUM(F39:F40) -> 0 | G41: =SUM(G39:G40) -> 0 | H41: =SUM(H39:H40) -> 0 | I41: =SUM(I39:I40) -> 0 | J41: =SUM(J39:J40) -> 0 | K41: =SUM(K39:K40) -> 0 | L41: =SUM(L39:L40) -> 0 | ... P41: =SUM(P39:P40) -> 0 | Q41: =SUM(E41:P41) -> 0
A43: IV | B43: DATA RINCIAN PEROLEHAN SUARA PASANGAN CALON BUPATI DAN WAKIL BUPATI
A44: NOMOR DAN NAMA CALON
B45: 1 | C45: H. ANIES RASYID BASWEDAN, Ph.D. - Dr. (H.C.) H. A. MUHAIMIN ISKANDAR | E45: 14 | F45: 20 | G45: 18 | H45: 7 | I45: 21 | J45: 18 | K45: 12 | L45: 8 | M45: 4 | N45: 12 | O45: 13 | P45: 47 | Q45: 11
B46: 2 | C46: H. PRABOWO SUBIANTO - GIBRAN RAKABUMING RAKA | E46: 159 | F46: 175 | G46: 167 | H46: 184 | I46: 184 | J46: 177 | K46: 171 | L46: 158 | M46: 121 | N46: 141 | O46: 186 | P46: 138 | Q46: 105
B47: 3 | C47: H. GANJAR PRANOWO, S.H., M.I.P. - Prof. Dr. H. M. MAHFUD MD | E47: 21 | F47: 32 | G47: 39 | H47: 48 | I47: 39 | J47: 37 | K47: 17 | L47: 24 | M47: 24 | N47: 47 | O47: 40 | P47: 49 | Q47: 32
A49: V | B49: DATA SUARA SAH DAN TIDAK SAH
B50: A. | C50: JUMLAH SELURUH SUARA SAH | E50: =SUM(E45:E47) -> 194 | F50: =SUM(F45:F47) -> 227 | G50: =SUM(G45:G47) -> 224 | H50: =SUM(H45:H47) -> 239 | I50: =SUM(I45:I47) -> 244 | J50: =SUM(J45:J47) -> 232 | K50: =SUM(K45:K47) -> 200 | L50: =SUM(L45:L47) -> 190 | ... P50: =SUM(P45:P47) -> 234 | Q50: =SUM(E50:P50) -> 2572
B51: B. | C51: JUMLAH SUARA TIDAK SAH | E51: 2 | F51: 2 | G51: 2 | H51: 1 | I51: 2 | J51: 2 | K51: 0 | L51: 2 | M51: 0 | N51: 1 | O51: 4 | P51: 2 | Q51: =SUM(E51:P51) -> 20
B52: C. | C52: JUMLAH SELURUH SUARA SAH DAN SUARA TIDAK SAH (V.A + V.B) | E52: =SUM(E50:E51) -> 196 | F52: =SUM(F50:F51) -> 229 | G52: =SUM(G50:G51) -> 226 | H52: =SUM(H50:H51) -> 240 | I52: =SUM(I50:I51) -> 246 | J52: =SUM(J50:J51) -> 234 | K52: =SUM(K50:K51) -> 200 | L52: =SUM(L50:L51) -> 192 | ... P52: =SUM(P50:P51) -> 236 | Q52: =SUM(E52:P52) -> 2592

Sheet PLAMPANGREJO
C2: Kecamatan | D2: CLURING
C3: Kabupaten | D3: BANYUWANGI
C4: Provinsi | D4: JAWA TIMUR
C9: Kelurahan | D9: PLAMPANGREJO
A12: I | B12: DATA PEMILIH DAN PENGGUNAAN HAK PILIH | AE12: JUMLAH AKHIR
A13: A | B13: DATA PEMILIH | E13: TPS 001 | F13: TPS 002 | G13: TPS 003 | H13: TPS 004 | I13: TPS 005 | J13: TPS 006 | K13: TPS 007 | L13: TPS 008 | M13: TPS 009 | N13: TPS 010 | O13: TPS 011 | P13: TPS 012 | Q13: TPS 013 | R13: TPS 014 | S13: TPS 015 | T13: TPS 016 | U13: TPS 017 | V13: TPS 018 | W13: TPS 019 | X13: TPS 020 | Y13: TPS 021 | Z13: TPS 022 | AA13: TPS 023 | AB13: TPS 024 | AC13: TPS 025 | AD13: TPS 026
B14: Jumlah Pemilih dalam Daftar Pemilih Tetap (DPT) | D14: LK | E14: 128 | F14: 141 | G14: 138 | H14: 130 | I14: 137 | J14: 101 | K14: 144 | L14: 119 | M14: 133 | N14: 116 | O14: 121 | P14: 145 | Q14: 148 | R14: 147 | S14: 130 | T14: 136 | U14: 150 | V14: 157 | W14: 148 | X14: 143 | Y14: 152 | Z14: 138 | AA14: 120 | AB14: 109 | AC14: 130 | AD14: 107 | AE14: =SUM(E14:AD14) -> 3468
D15: PR | E15: 130 | F15: 137 | G15: 148 | H15: 121 | I15: 128 | J15: 105 | K15: 140 | L15: 128 | M15: 134 | N15: 125 | O15: 122 | P15: 133 | Q15: 150 | R15: 145 | S15: 134 | T15: 141 | U15: 134 | V15: 141 | W15: 143 | X15: 151 | Y15: 143 | Z15: 150 | AA15: 128 | AB15: 109 | AC15: 139 | AD15: 119 | AE15: =SUM(E15:AD15) -> 3478
D16: JML | E16: =SUM(E14:E15) -> 258 | F16: =SUM(F14:F15) -> 278 | G16: =SUM(G14:G15) -> 286 | H16: =SUM(H14:H15) -> 251 | I16: =SUM(I14:I15) -> 265 | J16: =SUM(J14:J15) -> 206 | K16: =SUM(K14:K15) -> 284 | L16: =SUM(L14:L15) -> 247 | ... AD16: =SUM(AD14:AD15) -> 226 | AE16: =SUM(E16:AD16) -> 6946
A18: B | B18: PENGGUNA HAK PILIH
B19: 1. | C19: Jumlah pengguna hak pilih dalam Daftar Pemilih Tetap (DPT) | D19: LK | E19: 100 | F19: 106 | G19: 117 | H19: 94 | I19: 103 | J19: 80 | K19: 116 | L19: 89 | M19: 90 | N19: 93 | O19: 93 | P19: 109 | Q19: 114 | R19: 118 | S19: 96 | T19: 102 | U19: 106 | V19: 125 | W19: 119 | X19: 113 | Y19: 112 | Z19: 96 | AA19: 91 | AB19: 88 | AC19: 107 | AD19: 84 | AE19: =SUM(E19:AD19) -> 2661
D20: PR | E20: 108 | F20: 106 | G20: 117 | H20: 98 | I20: 105 | J20: 85 | K20: 119 | L20: 107 | M20: 110 | N20: 98 | O20: 100 | P20: 102 | Q20: 126 | R20: 114 | S20: 106 | T20: 106 | U20: 116 | V20: 110 | W20: 113 | X20: 107 | Y20: 101 | Z20: 113 | AA20: 97 | AB20: 87 | AC20: 112 | AD20: 96 | AE20: =SUM(E20:AD20) -> 2759
D21: JML | E21: =SUM(E19:E20) -> 208 | F21: =SUM(F19:F20) -> 212 | G21: =SUM(G19:G20) -> 234 | H21: =SUM(H19:H20) -> 192 | I21: =SUM(I19:I20) -> 208 | J21: =SUM(J19:J20) -> 165 | K21: =SUM(K19:K20) -> 235 | L21: =SUM(L19:L20) -> 196 | ... AD21: =SUM(AD19:AD20) -> 180 | AE21: =SUM(E21:AD21) -> 5420
B22: 2. | C22: Jumlah pengguna hak pilih dalam Daftar Pemilih Tambahan (DPTb) | D22: LK | E22: 0 | F22: 0 | G22: 0 | H22: 0 | I22: 0 | J22: 1 | K22: 1 | L22: 0 | M22: 0 | N22: 0 | O22: 0 | P22: 0 | Q22: 0 | R22: 1 | S22: 1 | T22: 0 | U22: 2 | V22: 0 | W22: 0 | X22: 0 | Y22: 0 | Z22: 0 | AA22: 0 | AB22: 0 | AC22: 0 | AD22: 0 | AE22: =SUM(E22:AD22) -> 6
D23: PR | E23: 0 | F23: 0 | G23: 0 | H23: 0 | I23: 0 | J23: 0 | K23: 1 | L23: 0 | M23: 0 | N23: 1 | O23: 1 | P23: 0 | Q23: 0 | R23: 1 | S23: 0 | T23: 0 | U23: 0 | V23: 1 | W23: 1 | X23: 0 | Y23: 0 | Z23: 0 | AA23: 0 | AB23: 0 | AC23: 0 | AD23: 0 | AE23: =SUM(E23:AD23) -> 6
D24: JML | E24: =SUM(E22:E23) -> 0 | F24: =SUM(F22:F23) -> 0 | G24: =SUM(G22:G23) -> 0 | H24: =SUM(H22:H23) -> 0 | I24: =SUM(I22:I23) -> 0 | J24: =SUM(J22:J23) -> 1 | K24: =SUM(K22:K23) -> 2 | L24: =SUM(L22:L23) -> 0 | ... AD24: =SUM(AD22:AD23) -> 0 | AE24: =SUM(E24:AD24) -> 12
B25: 3. | C25: Jumlah pengguna hak pilih dalam Daftar Pemilih Khusus (DPK) | D25: LK | E25: 1 | F25: 1 | G25: 1 | H25: 0 | I25: 1 | J25: 0 | K25: 0 | L25: 0 | M25: 4 | N25: 1 | O25: 0 | P25: 1 | Q25: 0 | R25: 2 | S25: 2 | T25: 0 | U25: 0 | V25: 0 | W25: 1 | X25: 0 | Y25: 0 | Z25: 2 | AA25: 0 | AB25: 0 | AC25: 1 | AD25: 0 | AE25: =SUM(E25:AD25) -> 18
D26: PR | E26: 1 | F26: 1 | G26: 1 | H26: 0 | I26: 2 | J26: 0 | K26: 0 | L26: 0 | M26: 1 | N26: 0 | O26: 1 | P26: 0 | Q26: 0 | R26: 0 | S26: 4 | T26: 1 | U26: 0 | V26: 1 | W26: 0 | X26: 0 | Y26: 1 | Z26: 2 | AA26: 0 | AB26: 0 | AC26: 0 | AD26: 1 | AE26: 17
D27: JML | E27: =SUM(E25:E26) -> 2 | F27: =SUM(F25:F26) -> 2 | G27: =SUM(G25:G26) -> 2 | H27: =SUM(H25:H26) -> 0 | I27: =SUM(I25:I26) -> 3 | J27: =SUM(J25:J26) -> 0 | K27: =SUM(K25:K26) -> 0 | L27: =SUM(L25:L26) -> 0 | ... AD27: =SUM(AD25:AD26) -> 1 | AE27: =SUM(E27:AD27) -> 35
B28: 4. | C28: Jumlah Pengguna Hak Pilih (B.1+B.2+B.3) | D28: LK | E28: =SUM(E19,E22,E25) -> 101 | F28: =SUM(F19,F22,F25) -> 107 | G28: =SUM(G19,G22,G25) -> 118 | H28: =SUM(H19,H22,H25) -> 94 | I28: =SUM(I19,I22,I25) -> 104 | J28: =SUM(J19,J22,J25) -> 81 | K28: =SUM(K19,K22,K25) -> 117 | L28: =SUM(L19,L22,L25) -> 89 | ... AD28: =SUM(AD19,AD22,AD25) -> 84 | AE28: =SUM(E28:AD28) -> 2685
D29: PR | E29: =SUM(E20,E23,E26) -> 109 | F29: =SUM(F20,F23,F26) -> 107 | G29: =SUM(G20,G23,G26) -> 118 | H29: =SUM(H20,H23,H26) -> 98 | I29: =SUM(I20,I23,I26) -> 107 | J29: =SUM(J20,J23,J26) -> 85 | K29: =SUM(K20,K23,K26) -> 120 | L29: =SUM(L20,L23,L26) -> 107 | ... AD29: =SUM(AD20,AD23,AD26) -> 97 | AE29: =SUM(E29:AD29) -> 2782
D30: JML | E30: =SUM(E28:E29) -> 210 | F30: =SUM(F28:F29) -> 214 | G30: =SUM(G28:G29) -> 236 | H30: =SUM(H28:H29) -> 192 | I30: =SUM(I28:I29) -> 211 | J30: =SUM(J28:J29) -> 166 | K30: =SUM(K28:K29) -> 237 | L30: =SUM(L28:L29) -> 196 | ... AD30: =SUM(AD28:AD29) -> 181 | AE30: =SUM(E30:AD30) -> 5467
A32: II | B32: DATA PENGGUNAAN SURAT SUARA
A33: 1 | B33: Jumlah surat suara yang diterima, termasuk surat suara cadangan 2,5% dari DPT | E33: 265 | F33: 284 | G33: 292 | H33: 259 | I33: 274 | J33: 211 | K33: 290 | L33: 252 | M33: 273 | N33: 246 | O33: 248 | P33: 285 | Q33: 308 | R33: 301 | S33: 272 | T33: 283 | U33: 290 | V33: 304 | W33: 297 | X33: 300 | Y33: 301 | Z33: 294 | AA33: 253 | AB33: 223 | AC33: 275 | AD33: 258 | AE33: =SUM(E33:AD33) -> 7138
A34: 2 | B34: Jumlah surat suara yang digunakan | E34: 210 | F34: 214 | G34: 236 | H34: 192 | I34: 211 | J34: 166 | K34: 237 | L34: 196 | M34: 205 | N34: 193 | O34: 195 | P34: 212 | Q34: 240 | R34: 236 | S34: 209 | T34: 209 | U34: 224 | V34: 237 | W34: 234 | X34: 220 | Y34: 214 | Z34: 213 | AA34: 188 | AB34: 175 | AC34: 220 | AD34: 181 | AE34: =SUM(E34:AD34) -> 5467
A35: 3 | B35: Jumlah surat suara dikembalikan oleh pemilih (karena rusak atau keliru coblos) | E35: 0 | F35: 0 | G35: 0 | H35: 0 | I35: 0 | J35: 0 | K35: 1 | L35: 0 | M35: 1 | N35: 0 | O35: 0 | P35: 0 | Q35: 1 | R35: 0 | S35: 0 | T35: 0 | U35: 0 | V35: 0 | W35: 0 | X35: 0 | Y35: 0 | Z35: 0 | AA35: 0 | AB35: 0 | AC35: 0 | AD35: 0 | AE35: =SUM(E35:AD35) -> 3
A36: 4 | B36: Jumlah surat suara yang tidak digunakan/tidak terpakai, termasuk sisa surat suara cadangan | E36: =E33-(E34+E35) -> 55 | F36: =F33-(F34+F35) -> 70 | G36: =G33-(G34+G35) -> 56 | H36: =H33-(H34+H35) -> 67 | I36: =I33-(I34+I35) -> 63 | J36: =J33-(J34+J35) -> 45 | K36: =K33-(K34+K35) -> 52 | L36: =L33-(L34+L35) -> 56 | ... AD36: =AD33-(AD34+AD35) -> 77 | AE36: =SUM(E36:AD36) -> 1668
A38: III | B38: DATA PEMILIH DISABILITAS
B39: Jumlah seluruh Pemilih disabilitas yang menggunakan hak pilih | D39: LK | E39: 1 | F39: 0 | G39: 0 | H39: 0 | I39: 0 | J39: 0 | K39: 0 | L39: 0 | M39: 0 | N39: 0 | O39: 0 | P39: 0 | Q39: 0 | R39: 0 | S39: 0 | T39: 0 | U39: 0 | V39: 0 | W39: 0 | X39: 0 | Y39: 0 | Z39: 0 | AA39: 0 | AB39: 1 | AC39: 0 | AD39: 0 | AE39: =SUM(E39:AD39) -> 2
D40: PR | E40: 0 | F40: 0 | G40: 0 | H40: 0 | I40: 0 | J40: 0 | K40: 0 | L40: 0 | M40: 0 | N40: 0 | O40: 0 | P40: 0 | Q40: 0 | R40: 0 | S40: 0 | T40: 0 | U40: 0 | V40: 0 | W40: 0 | X40: 0 | Y40: 0 | Z40: 0 | AA40: 0 | AB40: 3 | AC40: 0 | AD40: 0 | AE40: =SUM(E40:AD40) -> 3
D41: JML | E41: =SUM(E39:E40) -> 1 | F41: =SUM(F39:F40) -> 0 | G41: =SUM(G39:G40) -> 0 | H41: =SUM(H39:H40) -> 0 | I41: =SUM(I39:I40) -> 0 | J41: =SUM(J39:J40) -> 0 | K41: =SUM(K39:K40) -> 0 | L41: =SUM(L39:L40) -> 0 | ... AD41: =SUM(AD39:AD40) -> 0 | AE41: =SUM(E41:AD41) -> 5
A43: IV | B43: DATA RINCIAN PEROLEHAN SUARA PASANGAN CALON BUPATI DAN WAKIL BUPATI
A44: NOMOR DAN NAMA CALON
B45: 1 | C45: H. ANIES RASYID BASWEDAN, Ph.D. - Dr. (H.C.) H. A. MUHAIMIN ISKANDAR | E45: 11 | F45: 7 | G45: 18 | H45: 6 | I45: 13 | J45: 6 | K45: 24 | L45: 33 | M45: 49 | N45: 46 | O45: 24 | P45: 9 | Q45: 2 | R45: 21 | S45: 37 | T45: 41 | U45: 46 | V45: 15 | W45: 9 | X45: 6 | Y45: 14 | Z45: 28 | AA45: 47 | AB45: 17 | AC45: 36 | AD45: 31 | AE45: =SUM(E45:AD45) -> 596
B46: 2 | C46: H. PRABOWO SUBIANTO - GIBRAN RAKABUMING RAKA | E46: 121 | F46: 129 | G46: 134 | H46: 132 | I46: 158 | J46: 106 | K46: 161 | L46: 132 | M46: 110 | N46: 109 | O46: 120 | P46: 140 | Q46: 141 | R46: 162 | S46: 115 | T46: 138 | U46: 161 | V46: 187 | W46: 197 | X46: 177 | Y46: 127 | Z46: 150 | AA46: 114 | AB46: 87 | AC46: 143 | AD46: 115 | AE46: =SUM(E46:AD46) -> 3566
B47: 3 | C47: H. GANJAR PRANOWO, S.H., M.I.P. - Prof. Dr. H. M. MAHFUD MD | E47: 78 | F47: 77 | G47: 80 | H47: 54 | I47: 40 | J47: 52 | K47: 52 | L47: 31 | M47: 45 | N47: 37 | O47: 45 | P47: 58 | Q47: 93 | R47: 41 | S47: 52 | T47: 26 | U47: 15 | V47: 31 | W47: 24 | X47: 36 | Y47: 66 | Z47: 34 | AA47: 22 | AB47: 68 | AC47: 40 | AD47: 32 | AE47: =SUM(E47:AD47) -> 1229
A49: V | B49: DATA SUARA SAH DAN TIDAK SAH
B50: A. | C50: JUMLAH SELURUH SUARA SAH | E50: =SUM(E45:E47) -> 210 | F50: =SUM(F45:F47) -> 213 | G50: =SUM(G45:G47) -> 232 | H50: =SUM(H45:H47) -> 192 | I50: =SUM(I45:I47) -> 211 | J50: =SUM(J45:J47) -> 164 | K50: =SUM(K45:K47) -> 237 | L50: =SUM(L45:L47) -> 196 | ... AD50: =SUM(AD45:AD47) -> 178 | AE50: =SUM(E50:AD50) -> 5391
B51: B. | C51: JUMLAH SUARA TIDAK SAH | E51: 0 | F51: 1 | G51: 4 | H51: 0 | I51: 0 | J51: 2 | K51: 0 | L51: 0 | M51: 1 | N51: 1 | O51: 6 | P51: 5 | Q51: 4 | R51: 12 | S51: 5 | T51: 4 | U51: 2 | V51: 4 | W51: 4 | X51: 1 | Y51: 7 | Z51: 1 | AA51: 5 | AB51: 3 | AC51: 1 | AD51: 3 | AE51: =SUM(E51:AD51) -> 76
B52: C. | C52: JUMLAH SELURUH SUARA SAH DAN SUARA TIDAK SAH (V.A + V.B) | E52: =SUM(E50:E51) -> 210 | F52: =SUM(F50:F51) -> 214 | G52: =SUM(G50:G51) -> 236 | H52: =SUM(H50:H51) -> 192 | I52: =SUM(I50:I51) -> 211 | J52: =SUM(J50:J51) -> 166 | K52: =SUM(K50:K51) -> 237 | L52: =SUM(L50:L51) -> 196 | ... AD52: =SUM(AD50:AD51) -> 181 | AE52: =SUM(E52:AD52) -> 5467

Sheet SARIMULYO
C2: Kecamatan | D2: CLURING
C3: Kabupaten | D3: BANYUWANGI
C4: Provinsi | D4: JAWA TIMUR
C9: Kelurahan | D9: SARIMULYO
A12: I | B12: DATA PEMILIH DAN PENGGUNAAN HAK PILIH | AA12: JUMLAH AKHIR
A13: A | B13: DATA PEMILIH | E13: TPS 001 | F13: TPS 002 | G13: TPS 003 | H13: TPS 004 | I13: TPS 005 | J13: TPS 006 | K13: TPS 007 | L13: TPS 008 | M13: TPS 009 | N13: TPS 010 | O13: TPS 011 | P13: TPS 012 | Q13: TPS 013 | R13: TPS 014 | S13: TPS 015 | T13: TPS 016 | U13: TPS 017 | V13: TPS 018 | W13: TPS 019 | X13: TPS 020 | Y13: TPS 021 | Z13: TPS 022
B14: Jumlah Pemilih dalam Daftar Pemilih Tetap (DPT) | D14: LK | E14: 143 | F14: 119 | G14: 113 | H14: 127 | I14: 135 | J14: 129 | K14: 128 | L14: 102 | M14: 122 | N14: 114 | O14: 136 | P14: 113 | Q14: 124 | R14: 135 | S14: 125 | T14: 110 | U14: 115 | V14: 126 | W14: 143 | X14: 155 | Y14: 143 | Z14: 137 | AA14: =SUM(E14:Z14) -> 2794
D15: PR | E15: 125 | F15: 134 | G15: 114 | H15: 133 | I15: 137 | J15: 152 | K15: 136 | L15: 110 | M15: 120 | N15: 117 | O15: 129 | P15: 135 | Q15: 118 | R15: 137 | S15: 122 | T15: 115 | U15: 114 | V15: 139 | W15: 137 | X15: 142 | Y15: 149 | Z15: 132 | AA15: =SUM(E15:Z15) -> 2847
D16: JML | E16: 268 | F16: 253 | G16: 227 | H16: 260 | I16: 272 | J16: 281 | K16: 264 | L16: 212 | M16: 242 | N16: 231 | O16: 265 | P16: 248 | Q16: 242 | R16: 272 | S16: 247 | T16: 225 | U16: 229 | V16: 265 | W16: 280 | X16: 297 | Y16: 292 | Z16: 269 | AA16: =SUM(E16:Z16) -> 5641
A18: B | B18: PENGGUNA HAK PILIH
B19: 1. | C19: Jumlah pengguna hak pilih dalam Daftar Pemilih Tetap (DPT) | D19: LK | E19: 103 | F19: 93 | G19: 79 | H19: 82 | I19: 98 | J19: 95 | K19: 91 | L19: 71 | M19: 92 | N19: 78 | O19: 103 | P19: 94 | Q19: 96 | R19: 96 | S19: 88 | T19: 78 | U19: 94 | V19: 85 | W19: 85 | X19: 119 | Y19: 103 | Z19: 115 | AA19: =SUM(E19:Z19) -> 2038
D20: PR | E20: 104 | F20: 113 | G20: 88 | H20: 106 | I20: 104 | J20: 124 | K20: 107 | L20: 74 | M20: 101 | N20: 84 | O20: 103 | P20: 113 | Q20: 97 | R20: 111 | S20: 94 | T20: 87 | U20: 87 | V20: 118 | W20: 118 | X20: 122 | Y20: 122 | Z20: 113 | AA20: =SUM(E20:Z20) -> 2290
D21: JML | E21: 207 | F21: 206 | G21: 167 | H21: 188 | I21: 202 | J21: 219 | K21: 198 | L21: 145 | M21: 193 | N21: 162 | O21: 206 | P21: 207 | Q21: 193 | R21: 207 | S21: 182 | T21: 165 | U21: 181 | V21: 203 | W21: 203 | X21: 241 | Y21: 225 | Z21: 228 | AA21: =SUM(E21:Z21) -> 4328
B22: 2. | C22: Jumlah pengguna hak pilih dalam Daftar Pemilih Tambahan (DPTb) | D22: LK | E22: 0 | F22: 0 | G22: 0 | H22: 0 | I22: 0 | J22: 0 | K22: 1 | L22: 0 | M22: 1 | N22: 5 | O22: 0 | P22: 0 | Q22: 0 | R22: 0 | S22: 0 | T22: 0 | U22: 0 | V22: 0 | W22: 0 | X22: 1 | Y22: 0 | Z22: 0 | AA22: =SUM(E22:Z22) -> 8
D23: PR | E23: 0 | F23: 0 | G23: 0 | H23: 0 | I23: 0 | J23: 0 | K23: 0 | L23: 0 | M23: 4 | N23: 7 | O23: 0 | P23: 0 | Q23: 0 | R23: 0 | S23: 0 | T23: 0 | U23: 0 | V23: 0 | W23: 0 | X23: 1 | Y23: 0 | Z23: 0 | AA23: =SUM(E23:Z23) -> 12
D24: JML | E24: 0 | F24: 0 | G24: 0 | H24: 0 | I24: 0 | J24: 0 | K24: 1 | L24: 0 | M24: 5 | N24: 12 | O24: 0 | P24: 0 | Q24: 0 | R24: 0 | S24: 0 | T24: 0 | U24: 0 | V24: 0 | W24: 0 | X24: 2 | Y24: 0 | Z24: 0 | AA24: =SUM(E24:Z24) -> 20
B25: 3. | C25: Jumlah pengguna hak pilih dalam Daftar Pemilih Khusus (DPK) | D25: LK | E25: 3 | F25: 1 | G25: 2 | H25: 0 | I25: 2 | J25: 3 | K25: 1 | L25: 1 | M25: 1 | N25: 2 | O25: 0 | P25: 0 | Q25: 2 | R25: 3 | S25: 2 | T25: 0 | U25: 1 | V25: 2 | W25: 2 | X25: 0 | Y25: 0 | Z25: 0 | AA25: =SUM(E25:Z25) -> 28
D26: PR | E26: 2 | F26: 3 | G26: 2 | H26: 1 | I26: 2 | J26: 2 | K26: 0 | L26: 3 | M26: 4 | N26: 3 | O26: 3 | P26: 3 | Q26: 2 | R26: 3 | S26: 4 | T26: 0 | U26: 4 | V26: 2 | W26: 2 | X26: 0 | Y26: 0 | Z26: 0 | AA26: =SUM(E26:Z26) -> 45
D27: JML | E27: 5 | F27: 4 | G27: 4 | H27: 1 | I27: 4 | J27: 5 | K27: 1 | L27: 4 | M27: 5 | N27: 5 | O27: 3 | P27: 3 | Q27: 4 | R27: 6 | S27: 6 | T27: 0 | U27: 5 | V27: 4 | W27: 4 | X27: 0 | Y27: 0 | Z27: 0 | AA27: =SUM(E27:Z27) -> 73
B28: 4. | C28: Jumlah Pengguna Hak Pilih (B.1+B.2+B.3) | D28: LK | E28: 106 | F28: 94 | G28: 81 | H28: 82 | I28: 100 | J28: 98 | K28: 93 | L28: 72 | M28: 94 | N28: 85 | O28: 103 | P28: 94 | Q28: 98 | R28: 99 | S28: 90 | T28: 78 | U28: 95 | V28: 87 | W28: 87 | X28: 120 | Y28: 103 | Z28: 115 | AA28: =SUM(E28:Z28) -> 2074
D29: PR | E29: 106 | F29: 116 | G29: 90 | H29: 107 | I29: 106 | J29: 126 | K29: 107 | L29: 77 | M29: 109 | N29: 94 | O29: 106 | P29: 116 | Q29: 99 | R29: 114 | S29: 98 | T29: 87 | U29: 91 | V29: 120 | W29: 120 | X29: 123 | Y29: 122 | Z29: 113 | AA29: =SUM(E29:Z29) -> 2347
D30: JML | E30: 212 | F30: 210 | G30: 171 | H30: 189 | I30: 206 | J30: 224 | K30: 200 | L30: 149 | M30: 203 | N30: 179 | O30: 209 | P30: 210 | Q30: 197 | R30: 213 | S30: 188 | T30: 165 | U30: 186 | V30: 207 | W30: 207 | X30: 243 | Y30: 225 | Z30: 228 | AA30: =SUM(E30:Z30) -> 4421
A32: II | B32: DATA PENGGUNAAN SURAT SUARA
A33: 1 | B33: Jumlah surat suara yang diterima, termasuk surat suara cadangan 2,5% dari DPT | E33: 274 | F33: 264 | G33: 232 | H33: 267 | I33: 278 | J33: 312 | K33: 270 | L33: 217 | M33: 249 | N33: 238 | O33: 257 | P33: 253 | Q33: 247 | R33: 280 | S33: 252 | T33: 231 | U33: 234 | V33: 270 | W33: 270 | X33: 303 | Y33: 298 | Z33: 275 | AA33: =SUM(E33:Z33) -> 5771
A34: 2 | B34: Jumlah surat suara yang digunakan | E34: 212 | F34: 210 | G34: 171 | H34: 189 | I34: 206 | J34: 224 | K34: 200 | L34: 149 | M34: 203 | N34: 179 | O34: 209 | P34: 210 | Q34: 197 | R34: 213 | S34: 188 | T34: 165 | U34: 186 | V34: 207 | W34: 207 | X34: 243 | Y34: 225 | Z34: 228 | AA34: =SUM(E34:Z34) -> 4421
A35: 3 | B35: Jumlah surat suara dikembalikan oleh pemilih (karena rusak atau keliru coblos) | E35: 0 | F35: 0 | G35: 0 | H35: 0 | I35: 1 | J35: 0 | K35: 0 | L35: 0 | M35: 0 | N35: 0 | O35: 0 | P35: 0 | Q35: 0 | R35: 2 | S35: 0 | T35: 0 | U35: 0 | V35: 2 | W35: 2 | X35: 0 | Y35: 0 | Z35: 0 | AA35: =SUM(E35:Z35) -> 7
A36: 4 | B36: Jumlah surat suara yang tidak digunakan/tidak terpakai, termasuk sisa surat suara cadangan | E36: 62 | F36: 54 | G36: 61 | H36: 78 | I36: 71 | J36: 88 | K36: 70 | L36: 68 | M36: 46 | N36: 59 | O36: 48 | P36: 43 | Q36: 50 | R36: 65 | S36: 64 | T36: 66 | U36: 48 | V36: 61 | W36: 61 | X36: 60 | Y36: 73 | Z36: 47 | AA36: =SUM(E36:Z36) -> 1343
A38: III | B38: DATA PEMILIH DISABILITAS
B39: Jumlah seluruh Pemilih disabilitas yang menggunakan hak pilih | D39: LK | E39: 0 | F39: 0 | G39: 0 | H39: 0 | I39: 0 | J39: 0 | K39: 0 | L39: 0 | M39: 0 | N39: 0 | O39: 0 | P39: 0 | Q39: 0 | R39: 0 | S39: 0 | T39: 0 | U39: 0 | V39: 0 | W39: 0 | X39: 0 | Y39: 0 | Z39: 0 | AA39: =SUM(E39:Z39) -> 0
D40: PR | E40: 0 | F40: 0 | G40: 0 | H40: 0 | I40: 0 | J40: 0 | K40: 0 | L40: 0 | M40: 0 | N40: 0 | O40: 0 | P40: 0 | Q40: 0 | R40: 0 | S40: 0 | T40: 0 | U40: 0 | V40: 0 | W40: 0 | X40: 0 | Y40: 0 | Z40: 0 | AA40: =SUM(E40:Z40) -> 0
D41: JML | E41: =SUM(E39:E40) -> 0 | F41: =SUM(F39:F40) -> 0 | G41: =SUM(G39:G40) -> 0 | H41: =SUM(H39:H40) -> 0 | I41: =SUM(I39:I40) -> 0 | J41: =SUM(J39:J40) -> 0 | K41: =SUM(K39:K40) -> 0 | L41: =SUM(L39:L40) -> 0 | ... Z41: =SUM(Z39:Z40) -> 0 | AA41: =SUM(E41:Z41) -> 0
A43: IV | B43: DATA RINCIAN PEROLEHAN SUARA PASANGAN CALON BUPATI DAN WAKIL BUPATI
A44: NOMOR DAN NAMA CALON
B45: 1 | C45: H. ANIES RASYID BASWEDAN, Ph.D. - Dr. (H.C.) H. A. MUHAIMIN ISKANDAR | E45: 34 | F45: 29 | G45: 25 | H45: 22 | I45: 17 | J45: 24 | K45: 33 | L45: 4 | M45: 14 | N45: 15 | O45: 26 | P45: 19 | Q45: 11 | R45: 12 | S45: 13 | T45: 8 | U45: 28 | V45: 32 | W45: 32 | X45: 24 | Y45: 10 | Z45: 7 | AA45: =SUM(E45:Z45) -> 439
B46: 2 | C46: H. PRABOWO SUBIANTO - GIBRAN RAKABUMING RAKA | E46: 138 | F46: 143 | G46: 122 | H46: 135 | I46: 153 | J46: 162 | K46: 128 | L46: 125 | M46: 164 | N46: 143 | O46: 149 | P46: 150 | Q46: 114 | R46: 144 | S46: 136 | T46: 123 | U46: 109 | V46: 143 | W46: 143 | X46: 162 | Y46: 175 | Z46: 171 | AA46: =SUM(E46:Z46) -> 3132
B47: 3 | C47: H. GANJAR PRANOWO, S.H., M.I.P. - Prof. Dr. H. M. MAHFUD MD | E47: 29 | F47: 34 | G47: 21 | H47: 32 | I47: 31 | J47: 36 | K47: 36 | L47: 17 | M47: 18 | N47: 19 | O47: 25 | P47: 38 | Q47: 68 | R47: 52 | S47: 32 | T47: 33 | U47: 46 | V47: 30 | W47: 30 | X47: 54 | Y47: 35 | Z47: 45 | AA47: =SUM(E47:Z47) -> 761
A49: V | B49: DATA SUARA SAH DAN TIDAK SAH
B50: A. | C50: JUMLAH SELURUH SUARA SAH | E50: =SUM(E45:E47) -> 201 | F50: =SUM(F45:F47) -> 206 | G50: =SUM(G45:G47) -> 168 | H50: =SUM(H45:H47) -> 189 | I50: =SUM(I45:I47) -> 201 | J50: =SUM(J45:J47) -> 222 | K50: =SUM(K45:K47) -> 197 | L50: =SUM(L45:L47) -> 146 | ... Z50: =SUM(Z45:Z47) -> 223 | AA50: =SUM(E50:Z50) -> 4332
B51: B. | C51: JUMLAH SUARA TIDAK SAH | E51: 11 | F51: 4 | G51: 3 | H51: 0 | I51: 5 | J51: 2 | K51: 3 | L51: 3 | M51: 7 | N51: 2 | O51: 9 | P51: 3 | Q51: 4 | R51: 5 | S51: 7 | T51: 1 | U51: 3 | V51: 2 | W51: 2 | X51: 3 | Y51: 5 | Z51: 5 | AA51: =SUM(E51:Z51) -> 89
B52: C. | C52: JUMLAH SELURUH SUARA SAH DAN SUARA TIDAK SAH (V.A + V.B) | E52: =SUM(E50:E51) -> 212 | F52: =SUM(F50:F51) -> 210 | G52: =SUM(G50:G51) -> 171 | H52: =SUM(H50:H51) -> 189 | I52: =SUM(I50:I51) -> 206 | J52: =SUM(J50:J51) -> 224 | K52: =SUM(K50:K51) -> 200 | L52: =SUM(L50:L51) -> 149 | ... Z52: =SUM(Z50:Z51) -> 228 | AA52: =SUM(E52:Z52) -> 4421

Sheet SEMBULUNG
C2: Kecamatan | D2: CLURING
C3: Kabupaten | D3: BANYUWANGI
C4: Provinsi | D4: JAWA TIMUR
C9: Kelurahan | D9: SEMBULUNG
A12: I | B12: DATA PEMILIH DAN PENGGUNAAN HAK PILIH | AC12: JUMLAH AKHIR
A13: A | B13: DATA PEMILIH | E13: TPS 001 | F13: TPS 002 | G13: TPS 003 | H13: TPS 004 | I13: TPS 005 | J13: TPS 006 | K13: TPS 007 | L13: TPS 008 | M13: TPS 009 | N13: TPS 010 | O13: TPS 011 | P13: TPS 012 | Q13: TPS 013 | R13: TPS 014 | S13: TPS 015 | T13: TPS 016 | U13: TPS 017 | V13: TPS 018 | W13: TPS 019 | X13: TPS 020 | Y13: TPS 021 | Z13: TPS 022 | AA13: TPS 023 | AB13: TPS 024
B14: Jumlah Pemilih dalam Daftar Pemilih Tetap (DPT) | D14: LK | E14: 123 | F14: 126 | G14: 140 | H14: 149 | I14: 141 | J14: 133 | K14: 140 | L14: 143 | M14: 128 | N14: 131 | O14: 126 | P14: 120 | Q14: 133 | R14: 139 | S14: 136 | T14: 139 | U14: 134 | V14: 136 | W14: 146 | X14: 127 | Y14: 128 | Z14: 132 | AA14: 133 | AB14: 122 | AC14: =SUM(E14:AB14) -> 3205
D15: PR | E15: 146 | F15: 131 | G15: 129 | H15: 138 | I15: 132 | J15: 144 | K15: 136 | L15: 148 | M15: 127 | N15: 123 | O15: 129 | P15: 117 | Q15: 120 | R15: 153 | S15: 135 | T15: 142 | U15: 130 | V15: 157 | W15: 133 | X15: 162 | Y15: 127 | Z15: 145 | AA15: 124 | AB15: 112 | AC15: =SUM(E15:AB15) -> 3240
D16: JML | E16: =SUM(E14:E15) -> 269 | F16: =SUM(F14:F15) -> 257 | G16: =SUM(G14:G15) -> 269 | H16: =SUM(H14:H15) -> 287 | I16: =SUM(I14:I15) -> 273 | J16: =SUM(J14:J15) -> 277 | K16: =SUM(K14:K15) -> 276 | L16: =SUM(L14:L15) -> 291 | ... AB16: =SUM(AB14:AB15) -> 234 | AC16: =SUM(E16:AB16) -> 6445
A18: B | B18: PENGGUNA HAK PILIH
B19: 1. | C19: Jumlah pengguna hak pilih dalam Daftar Pemilih Tetap (DPT) | D19: LK | E19: 89 | F19: 100 | G19: 104 | H19: 110 | I19: 120 | J19: 101 | K19: 105 | L19: 112 | M19: 104 | N19: 99 | O19: 95 | P19: 92 | Q19: 91 | R19: 106 | S19: 91 | T19: 100 | U19: 102 | V19: 104 | W19: 116 | X19: 106 | Y19: 93 | Z19: 102 | AA19: 101 | AB19: 97 | AC19: =SUM(E19:AB19) -> 2440
D20: PR | E20: 115 | F20: 107 | G20: 103 | H20: 110 | I20: 114 | J20: 116 | K20: 112 | L20: 123 | M20: 110 | N20: 98 | O20: 102 | P20: 93 | Q20: 86 | R20: 121 | S20: 107 | T20: 109 | U20: 106 | V20: 119 | W20: 110 | X20: 133 | Y20: 99 | Z20: 107 | AA20: 110 | AB20: 87 | AC20: =SUM(E20:AB20) -> 2597
D21: JML | E21: =SUM(E19:E20) -> 204 | F21: =SUM(F19:F20) -> 207 | G21: =SUM(G19:G20) -> 207 | H21: =SUM(H19:H20) -> 220 | I21: =SUM(I19:I20) -> 234 | J21: =SUM(J19:J20) -> 217 | K21: =SUM(K19:K20) -> 217 | L21: =SUM(L19:L20) -> 235 | ... AB21: =SUM(AB19:AB20) -> 184 | AC21: =SUM(E21:AB21) -> 5037
B22: 2. | C22: Jumlah pengguna hak pilih dalam Daftar Pemilih Tambahan (DPTb) | D22: LK | E22: 0 | F22: 0 | G22: 0 | H22: 0 | I22: 0 | J22: 0 | K22: 0 | L22: 0 | M22: 0 | N22: 0 | O22: 0 | P22: 0 | Q22: 0 | R22: 0 | S22: 0 | T22: 0 | U22: 0 | V22: 0 | W22: 0 | X22: 0 | Y22: 0 | Z22: 0 | AA22: 0 | AB22: 1 | AC22: =SUM(E22:AB22) -> 1
D23: PR | E23: 0 | F23: 1 | G23: 0 | H23: 0 | I23: 0 | J23: 0 | K23: 0 | L23: 0 | M23: 0 | N23: 0 | O23: 0 | P23: 0 | Q23: 0 | R23: 1 | S23: 0 | T23: 0 | U23: 0 | V23: 0 | W23: 0 | X23: 0 | Y23: 0 | Z23: 0 | AA23: 0 | AB23: 0 | AC23: =SUM(E23:AB23) -> 2
D24: JML | E24: =SUM(E22:E23) -> 0 | F24: =SUM(F22:F23) -> 1 | G24: =SUM(G22:G23) -> 0 | H24: =SUM(H22:H23) -> 0 | I24: =SUM(I22:I23) -> 0 | J24: =SUM(J22:J23) -> 0 | K24: =SUM(K22:K23) -> 0 | L24: =SUM(L22:L23) -> 0 | ... S24: =SUM(S22:S23) -> 0 | T24: 0 | U24: =SUM(U22:U23) -> 0 | V24: =SUM(V22:V23) -> 0 | W24: =SUM(W22:W23) -> 0 | X24: =SUM(X22:X23) -> 0 | Y24: =SUM(Y22:Y23) -> 0 | Z24: =SUM(Z22:Z23) -> 0 | AA24: =SUM(AA22:AA23) -> 0 | AB24: =SUM(AB22:AB23) -> 1 | AC24: =SUM(E24:AB24) -> 3
B25: 3. | C25: Jumlah pengguna hak pilih dalam Daftar Pemilih Khusus (DPK) | D25: LK | E25: 0 | F25: 1 | G25: 1 | H25: 1 | I25: 0 | J25: 0 | K25: 0 | L25: 1 | M25: 0 | N25: 0 | O25: 3 | P25: 1 | Q25: 2 | R25: 3 | S25: 0 | T25: 0 | U25: 0 | V25: 1 | W25: 0 | X25: 0 | Y25: 0 | Z25: 0 | AA25: 1 | AB25: 0 | AC25: =SUM(E25:AB25) -> 15
D26: PR | E26: 0 | F26: 1 | G26: 0 | H26: 1 | I26: 0 | J26: 2 | K26: 0 | L26: 0 | M26: 0 | N26: 0 | O26: 1 | P26: 0 | Q26: 1 | R26: 0 | S26: 0 | T26: 1 | U26: 0 | V26: 0 | W26: 1 | X26: 0 | Y26: 0 | Z26: 1 | AA26: 1 | AB26: 2 | AC26: =SUM(E26:AB26) -> 12
D27: JML | E27: =SUM(E25:E26) -> 0 | F27: =SUM(F25:F26) -> 2 | G27: =SUM(G25:G26) -> 1 | H27: =SUM(H25:H26) -> 2 | I27: =SUM(I25:I26) -> 0 | J27: =SUM(J25:J26) -> 2 | K27: =SUM(K25:K26) -> 0 | L27: =SUM(L25:L26) -> 1 | ... AB27: =SUM(AB25:AB26) -> 2 | AC27: =SUM(E27:AB27) -> 27
B28: 4. | C28: Jumlah Pengguna Hak Pilih (B.1+B.2+B.3) | D28: LK | E28: =SUM(E19,E22,E25) -> 89 | F28: =SUM(F19,F22,F25) -> 101 | G28: =SUM(G19,G22,G25) -> 105 | H28: =SUM(H19,H22,H25) -> 111 | I28: =SUM(I19,I22,I25) -> 120 | J28: =SUM(J19,J22,J25) -> 101 | K28: =SUM(K19,K22,K25) -> 105 | L28: =SUM(L19,L22,L25) -> 113 | ... AB28: =SUM(AB19,AB22,AB25) -> 98 | AC28: =SUM(E28:AB28) -> 2456
D29: PR | E29: =SUM(E20,E23,E26) -> 115 | F29: =SUM(F20,F23,F26) -> 109 | G29: =SUM(G20,G23,G26) -> 103 | H29: =SUM(H20,H23,H26) -> 111 | I29: =SUM(I20,I23,I26) -> 114 | J29: =SUM(J20,J23,J26) -> 118 | K29: =SUM(K20,K23,K26) -> 112 | L29: =SUM(L20,L23,L26) -> 123 | ... AB29: =SUM(AB20,AB23,AB26) -> 89 | AC29: =SUM(E29:AB29) -> 2611
D30: JML | E30: =SUM(E28:E29) -> 204 | F30: =SUM(F28:F29) -> 210 | G30: =SUM(G28:G29) -> 208 | H30: =SUM(H28:H29) -> 222 | I30: =SUM(I28:I29) -> 234 | J30: =SUM(J28:J29) -> 219 | K30: =SUM(K28:K29) -> 217 | L30: =SUM(L28:L29) -> 236 | ... AB30: =SUM(AB28:AB29) -> 187 | AC30: =SUM(E30:AB30) -> 5067
A32: II | B32: DATA PENGGUNAAN SURAT SUARA
A33: 1 | B33: Jumlah surat suara yang diterima, termasuk surat suara cadangan 2,5% dari DPT | E33: 275 | F33: 263 | G33: 275 | H33: 294 | I33: 279 | J33: 283 | K33: 282 | L33: 299 | M33: 262 | N33: 261 | O33: 261 | P33: 241 | Q33: 254 | R33: 298 | S33: 279 | T33: 288 | U33: 270 | V33: 294 | W33: 285 | X33: 295 | Y33: 261 | Z33: 279 | AA33: 263 | AB33: 239 | AC33: =SUM(E33:AB33) -> 6580
A34: 2 | B34: Jumlah surat suara yang digunakan | E34: 204 | F34: 210 | G34: 208 | H34: 222 | I34: 234 | J34: 219 | K34: 217 | L34: 236 | M34: 214 | N34: 197 | O34: 201 | P34: 186 | Q34: 180 | R34: 231 | S34: 198 | T34: 210 | U34: 208 | V34: 224 | W34: 227 | X34: 239 | Y34: 192 | Z34: 210 | AA34: 213 | AB34: 187 | AC34: =SUM(E34:AB34) -> 5067
A35: 3 | B35: Jumlah surat suara dikembalikan oleh pemilih (karena rusak atau keliru coblos) | E35: 0 | F35: 0 | G35: 0 | H35: 1 | I35: 0 | J35: 0 | K35: 0 | L35: 0 | M35: 0 | N35: 0 | O35: 0 | P35: 0 | Q35: 0 | R35: 0 | S35: 0 | T35: 0 | U35: 0 | V35: 1 | W35: 0 | X35: 0 | Y35: 0 | Z35: 0 | AA35: 0 | AB35: 0 | AC35: =SUM(E35:AB35) -> 2
A36: 4 | B36: Jumlah surat suara yang tidak digunakan/tidak terpakai, termasuk sisa surat suara cadangan | E36: =E33-(E34+E35) -> 71 | F36: =F33-(F34+F35) -> 53 | G36: =G33-(G34+G35) -> 67 | H36: =H33-(H34+H35) -> 71 | I36: =I33-(I34+I35) -> 45 | J36: =J33-(J34+J35) -> 64 | K36: =K33-(K34+K35) -> 65 | L36: =L33-(L34+L35) -> 63 | ... AB36: =AB33-(AB34+AB35) -> 52 | AC36: =SUM(E36:AB36) -> 1511
A38: III | B38: DATA PEMILIH DISABILITAS
B39: Jumlah seluruh Pemilih disabilitas yang menggunakan hak pilih | D39: LK | E39: 0 | F39: 0 | G39: 0 | H39: 0 | I39: 0 | J39: 0 | K39: 0 | L39: 0 | M39: 0 | N39: 0 | O39: 0 | P39: 0 | Q39: 0 | R39: 0 | S39: 0 | T39: 0 | U39: 0 | V39: 0 | W39: 2 | X39: 0 | Y39: 1 | Z39: 0 | AA39: 0 | AB39: 0 | AC39: =SUM(E39:AB39) -> 3
D40: PR | E40: 0 | F40: 0 | G40: 0 | H40: 0 | I40: 0 | J40: 0 | K40: 0 | L40: 0 | M40: 0 | N40: 0 | O40: 0 | P40: 0 | Q40: 0 | R40: 0 | S40: 0 | T40: 0 | U40: 0 | V40: 1 | W40: 1 | X40: 0 | Y40: 0 | Z40: 0 | AA40: 0 | AB40: 0 | AC40: =SUM(E40:AB40) -> 2
D41: JML | E41: =SUM(E39:E40) -> 0 | F41: =SUM(F39:F40) -> 0 | G41: =SUM(G39:G40) -> 0 | H41: =SUM(H39:H40) -> 0 | I41: =SUM(I39:I40) -> 0 | J41: =SUM(J39:J40) -> 0 | K41: =SUM(K39:K40) -> 0 | L41: =SUM(L39:L40) -> 0 | ... AB41: =SUM(AB39:AB40) -> 0 | AC41: =SUM(E41:AB41) -> 5
A43: IV | B43: DATA RINCIAN PEROLEHAN SUARA PASANGAN CALON BUPATI DAN WAKIL BUPATI
A44: NOMOR DAN NAMA CALON
B45: 1 | C45: H. ANIES RASYID BASWEDAN, Ph.D. - Dr. (H.C.) H. A. MUHAIMIN ISKANDAR | E45: 16 | F45: 20 | G45: 32 | H45: 43 | I45: 20 | J45: 40 | K45: 24 | L45: 20 | M45: 12 | N45: 14 | O45: 8 | P45: 28 | Q45: 11 | R45: 15 | S45: 27 | T45: 28 | U45: 24 | V45: 32 | W45: 21 | X45: 11 | Y45: 12 | Z45: 22 | AA45: 15 | AB45: 30 | AC45: =SUM(E45:AB45) -> 525
B46: 2 | C46: H. PRABOWO SUBIANTO - GIBRAN RAKABUMING RAKA | E46: 130 | F46: 144 | G46: 118 | H46: 129 | I46: 165 | J46: 140 | K46: 144 | L46: 145 | M46: 162 | N46: 125 | O46: 135 | P46: 114 | Q46: 120 | R46: 142 | S46: 142 | T46: 159 | U46: 156 | V46: 162 | W46: 156 | X46: 180 | Y46: 145 | Z46: 144 | AA46: 146 | AB46: 134 | AC46: =SUM(E46:AB46) -> 3437
B47: 3 | C47: H. GANJAR PRANOWO, S.H., M.I.P. - Prof. Dr. H. M. MAHFUD MD | E47: 55 | F47: 44 | G47: 56 | H47: 49 | I47: 47 | J47: 37 | K47: 41 | L47: 64 | M47: 37 | N47: 54 | O47: 49 | P47: 39 | Q47: 45 | R47: 71 | S47: 24 | T47: 21 | U47: 28 | V47: 27 | W47: 46 | X47: 44 | Y47: 35 | Z47: 44 | AA47: 48 | AB47: 18 | AC47: =SUM(E47:AB47) -> 1023
A49: V | B49: DATA SUARA SAH DAN TIDAK SAH
B50: A. | C50: JUMLAH SELURUH SUARA SAH | E50: =SUM(E45:E47) -> 201 | F50: =SUM(F45:F47) -> 208 | G50: =SUM(G45:G47) -> 206 | H50: =SUM(H45:H47) -> 221 | I50: =SUM(I45:I47) -> 232 | J50: =SUM(J45:J47) -> 217 | K50: =SUM(K45:K47) -> 209 | L50: =SUM(L45:L47) -> 229 | ... AB50: =SUM(AB45:AB47) -> 182 | AC50: =SUM(E50:AB50) -> 4985
B51: B. | C51: JUMLAH SUARA TIDAK SAH | E51: 3 | F51: 2 | G51: 2 | H51: 1 | I51: 2 | J51: 2 | K51: 8 | L51: 7 | M51: 3 | N51: 4 | O51: 9 | P51: 5 | Q51: 4 | R51: 3 | S51: 5 | T51: 2 | U51: 0 | V51: 3 | W51: 4 | X51: 4 | Y51: 0 | Z51: 0 | AA51: 4 | AB51: 5 | AC51: =SUM(E51:AB51) -> 82
B52: C. | C52: JUMLAH SELURUH SUARA SAH DAN SUARA TIDAK SAH (V.A + V.B) | E52: =SUM(E50:E51) -> 204 | F52: =SUM(F50:F51) -> 210 | G52: =SUM(G50:G51) -> 208 | H52: =SUM(H50:H51) -> 222 | I52: =SUM(I50:I51) -> 234 | J52: =SUM(J50:J51) -> 219 | K52: =SUM(K50:K51) -> 217 | L52: =SUM(L50:L51) -> 236 | ... AB52: =SUM(AB50:AB51) -> 187 | AC52: =SUM(E52:AB52) -> 5067

Sheet SRATEN
C2: Kecamatan | D2: CLURING
C3: Kabupaten | D3: BANYUWANGI
C4: Provinsi | D4: JAWA TIMUR
C9: Kelurahan | D9: SRATEN
A12: I | B12: DATA PEMILIH DAN PENGGUNAAN HAK PILIH | AB12: JUMLAH AKHIR
A13: A | B13: DATA PEMILIH | E13: TPS 001 | F13: TPS 002 | G13: TPS 003 | H13: TPS 004 | I13: TPS 005 | J13: TPS 006 | K13: TPS 007 | L13: TPS 008 | M13: TPS 009 | N13: TPS 010 | O13: TPS 011 | P13: TPS 012 | Q13: TPS 013 | R13: TPS 014 | S13: TPS 015 | T13: TPS 016 | U13: TPS 017 | V13: TPS 018 | W13: TPS 019 | X13: TPS 020 | Y13: TPS 021 | Z13: TPS 022 | AA13: TPS 023
B14: Jumlah Pemilih dalam Daftar Pemilih Tetap (DPT) | D14: LK | E14: 135 | F14: 130 | G14: 151 | H14: 136 | I14: 149 | J14: 146 | K14: 143 | L14: 132 | M14: 144 | N14: 119 | O14: 124 | P14: 100 | Q14: 136 | R14: 142 | S14: 139 | T14: 156 | U14: 104 | V14: 146 | W14: 124 | X14: 153 | Y14: 155 | Z14: 136 | AA14: 141 | AB14: =SUM(E14:AA14) -> 3141
D15: PR | E15: 150 | F15: 148 | G15: 128 | H15: 141 | I15: 138 | J15: 142 | K15: 152 | L15: 164 | M15: 128 | N15: 111 | O15: 123 | P15: 96 | Q15: 121 | R15: 153 | S15: 152 | T15: 138 | U15: 108 | V15: 137 | W15: 130 | X15: 143 | Y15: 134 | Z15: 153 | AA15: 150 | AB15: =SUM(E15:AA15) -> 3140
D16: JML | E16: =SUM(E14:E15) -> 285 | F16: =SUM(F14:F15) -> 278 | G16: =SUM(G14:G15) -> 279 | H16: =SUM(H14:H15) -> 277 | I16: =SUM(I14:I15) -> 287 | J16: =SUM(J14:J15) -> 288 | K16: =SUM(K14:K15) -> 295 | L16: =SUM(L14:L15) -> 296 | ... AA16: =SUM(AA14:AA15) -> 291 | AB16: =SUM(E16:AA16) -> 6281
A18: B | B18: PENGGUNA HAK PILIH
B19: 1. | C19: Jumlah pengguna hak pilih dalam Daftar Pemilih Tetap (DPT) | D19: LK | E19: 108 | F19: 96 | G19: 113 | H19: 97 | I19: 109 | J19: 95 | K19: 94 | L19: 88 | M19: 99 | N19: 87 | O19: 90 | P19: 68 | Q19: 100 | R19: 110 | S19: 106 | T19: 108 | U19: 86 | V19: 119 | W19: 94 | X19: 113 | Y19: 113 | Z19: 101 | AA19: 100 | AB19: =SUM(E19:AA19) -> 2294
D20: PR | E20: 123 | F20: 122 | G20: 97 | H20: 113 | I20: 116 | J20: 111 | K20: 115 | L20: 125 | M20: 90 | N20: 81 | O20: 105 | P20: 73 | Q20: 101 | R20: 126 | S20: 127 | T20: 113 | U20: 90 | V20: 119 | W20: 112 | X20: 124 | Y20: 103 | Z20: 110 | AA20: 121 | AB20: =SUM(E20:AA20) -> 2517
D21: JML | E21: 231 | F21: 218 | G21: 210 | H21: 210 | I21: 225 | J21: 206 | K21: 209 | L21: 213 | M21: 189 | N21: 168 | O21: 195 | P21: 141 | Q21: 201 | R21: 236 | S21: 233 | T21: 221 | U21: 176 | V21: 238 | W21: 206 | X21: 237 | Y21: 216 | Z21: 211 | AA21: 221 | AB21: =SUM(E21:AA21) -> 4811
B22: 2. | C22: Jumlah pengguna hak pilih dalam Daftar Pemilih Tambahan (DPTb) | D22: LK | E22: 1 | F22: 0 | G22: 0 | H22: 1 | I22: 2 | J22: 0 | K22: 0 | L22: 0 | M22: 0 | N22: 0 | O22: 0 | P22: 0 | Q22: 0 | R22: 1 | S22: 0 | T22: 0 | U22: 0 | V22: 0 | W22: 0 | X22: 0 | Y22: 0 | Z22: 0 | AA22: 0 | AB22: =SUM(E22:AA22) -> 5
D23: PR | E23: 0 | F23: 0 | G23: 0 | H23: 0 | I23: 0 | J23: 0 | K23: 0 | L23: 0 | M23: 1 | N23: 0 | O23: 0 | P23: 0 | Q23: 0 | R23: 1 | S23: 0 | T23: 0 | U23: 0 | V23: 0 | W23: 0 | X23: 0 | Y23: 0 | Z23: 0 | AA23: 0 | AB23: =SUM(E23:AA23) -> 2
D24: JML | E24: 1 | F24: 0 | G24: 0 | H24: 1 | I24: 2 | J24: 0 | K24: 0 | L24: 0 | M24: 1 | N24: 0 | O24: 0 | P24: 0 | Q24: 0 | R24: 2 | S24: 0 | T24: 0 | U24: 0 | V24: 0 | W24: 0 | X24: 0 | Y24: 0 | Z24: 0 | AA24: 0 | AB24: =SUM(E24:AA24) -> 7
B25: 3. | C25: Jumlah pengguna hak pilih dalam Daftar Pemilih Khusus (DPK) | D25: LK | E25: 5 | F25: 2 | G25: 2 | H25: 4 | I25: 0 | J25: 2 | K25: 0 | L25: 1 | M25: 1 | N25: 1 | O25: 0 | P25: 0 | Q25: 0 | R25: 1 | S25: 0 | T25: 3 | U25: 0 | V25: 2 | W25: 0 | X25: 1 | Y25: 0 | Z25: 0 | AA25: 0 | AB25: =SUM(E25:AA25) -> 25
D26: PR | E26: 4 | F26: 5 | G26: 4 | H26: 4 | I26: 4 | J26: 2 | K26: 0 | L26: 0 | M26: 1 | N26: 4 | O26: 0 | P26: 0 | Q26: 1 | R26: 0 | S26: 0 | T26: 3 | U26: 0 | V26: 1 | W26: 1 | X26: 0 | Y26: 0 | Z26: 0 | AA26: 0 | AB26: =SUM(E26:AA26) -> 34
D27: JML | E27: 9 | F27: 7 | G27: 6 | H27: 8 | I27: 4 | J27: 4 | K27: 0 | L27: 1 | M27: 2 | N27: 5 | O27: 0 | P27: 0 | Q27: 1 | R27: 1 | S27: 0 | T27: 6 | U27: 0 | V27: 3 | W27: 1 | X27: 1 | Y27: 0 | Z27: 0 | AA27: 0 | AB27: =SUM(E27:AA27) -> 59
B28: 4. | C28: Jumlah Pengguna Hak Pilih (B.1+B.2+B.3) | D28: LK | E28: 114 | F28: 98 | G28: 115 | H28: 102 | I28: 111 | J28: 97 | K28: 94 | L28: 89 | M28: 100 | N28: 88 | O28: 90 | P28: 68 | Q28: 100 | R28: 112 | S28: 106 | T28: 111 | U28: 86 | V28: 121 | W28: 94 | X28: 114 | Y28: 113 | Z28: 101 | AA28: 100 | AB28: =SUM(E28:AA28) -> 2324
D29: PR | E29: 127 | F29: 127 | G29: 101 | H29: 117 | I29: 120 | J29: 113 | K29: 115 | L29: 125 | M29: 92 | N29: 85 | O29: 105 | P29: 73 | Q29: 102 | R29: 127 | S29: 127 | T29: 116 | U29: 90 | V29: 120 | W29: 113 | X29: 124 | Y29: 103 | Z29: 110 | AA29: 121 | AB29: =SUM(E29:AA29) -> 2553
D30: JML | E30: 241 | F30: 225 | G30: 216 | H30: 219 | I30: 231 | J30: 210 | K30: 209 | L30: 214 | M30: 192 | N30: 173 | O30: 195 | P30: 141 | Q30: 202 | R30: 239 | S30: 233 | T30: 227 | U30: 176 | V30: 241 | W30: 207 | X30: 238 | Y30: 216 | Z30: 211 | AA30: 221 | AB30: =SUM(E30:AA30) -> 4877
A32: II | B32: DATA PENGGUNAAN SURAT SUARA
A33: 1 | B33: Jumlah surat suara yang diterima, termasuk surat suara cadangan 2,5% dari DPT | E33: 290 | F33: 284 | G33: 288 | H33: 284 | I33: 293 | J33: 295 | K33: 303 | L33: 304 | M33: 279 | N33: 235 | O33: 252 | P33: 200 | Q33: 265 | R33: 301 | S33: 300 | T33: 299 | U33: 219 | V33: 289 | W33: 259 | X33: 302 | Y33: 295 | Z33: 297 | AA33: 298 | AB33: =SUM(E33:AA33) -> 6431
A34: 2 | B34: Jumlah surat suara yang digunakan | E34: 241 | F34: 225 | G34: 216 | H34: 219 | I34: 231 | J34: 210 | K34: 209 | L34: 214 | M34: 192 | N34: 173 | O34: 195 | P34: 141 | Q34: 202 | R34: 239 | S34: 233 | T34: 227 | U34: 176 | V34: 241 | W34: 207 | X34: 238 | Y34: 216 | Z34: 211 | AA34: 221 | AB34: =SUM(E34:AA34) -> 4877
A35: 3 | B35: Jumlah surat suara dikembalikan oleh pemilih (karena rusak atau keliru coblos) | E35: 0 | F35: 0 | G35: 0 | H35: 1 | I35: 0 | J35: 0 | K35: 0 | L35: 0 | M35: 0 | N35: 0 | O35: 0 | P35: 0 | Q35: 0 | R35: 0 | S35: 0 | T35: 0 | U35: 0 | V35: 0 | W35: 0 | X35: 0 | Y35: 0 | Z35: 0 | AA35: 0 | AB35: =SUM(E35:AA35) -> 1
A36: 4 | B36: Jumlah surat suara yang tidak digunakan/tidak terpakai, termasuk sisa surat suara cadangan | E36: 49 | F36: 59 | G36: 72 | H36: 64 | I36: 62 | J36: 85 | K36: 94 | L36: 90 | M36: 87 | N36: 62 | O36: 57 | P36: 59 | Q36: 63 | R36: 62 | S36: 67 | T36: 72 | U36: 43 | V36: 48 | W36: 52 | X36: 64 | Y36: 79 | Z36: 86 | AA36: 77 | AB36: =SUM(E36:AA36) -> 1553
A38: III | B38: DATA PEMILIH DISABILITAS
B39: Jumlah seluruh Pemilih disabilitas yang menggunakan hak pilih | D39: LK | E39: 0 | F39: 0 | G39: 0 | H39: 0 | I39: 0 | J39: 0 | K39: 1 | L39: 0 | M39: 1 | N39: 0 | O39: 0 | P39: 0 | Q39: 0 | R39: 0 | S39: 0 | T39: 0 | U39: 0 | V39: 1 | W39: 0 | X39: 0 | Y39: 0 | Z39: 0 | AA39: 0 | AB39: =SUM(E39:AA39) -> 3
D40: PR | E40: 0 | F40: 0 | G40: 0 | H40: 0 | I40: 0 | J40: 1 | K40: 4 | L40: 0 | M40: 0 | N40: 0 | O40: 0 | P40: 0 | Q40: 0 | R40: 0 | S40: 0 | T40: 0 | U40: 0 | V40: 0 | W40: 0 | X40: 0 | Y40: 0 | Z40: 0 | AA40: 0 | AB40: =SUM(E40:AA40) -> 5
D41: JML | E41: 0 | F41: 0 | G41: 0 | H41: 0 | I41: 0 | J41: 1 | K41: 5 | L41: 0 | M41: 1 | N41: 0 | O41: 0 | P41: 0 | Q41: 0 | R41: 0 | S41: 0 | T41: 0 | U41: 0 | V41: 1 | W41: 0 | X41: 0 | Y41: 0 | Z41: 0 | AA41: 0 | AB41: =SUM(E41:AA41) -> 8
A43: IV | B43: DATA RINCIAN PEROLEHAN SUARA PASANGAN CALON BUPATI DAN WAKIL BUPATI
A44: NOMOR DAN NAMA CALON
B45: 1 | C45: H. ANIES RASYID BASWEDAN, Ph.D. - Dr. (H.C.) H. A. MUHAIMIN ISKANDAR | E45: 12 | F45: 11 | G45: 22 | H45: 31 | I45: 31 | J45: 17 | K45: 19 | L45: 14 | M45: 37 | N45: 13 | O45: 32 | P45: 27 | Q45: 16 | R45: 19 | S45: 16 | T45: 10 | U45: 7 | V45: 10 | W45: 20 | X45: 16 | Y45: 26 | Z45: 37 | AA45: 19 | AB45: =SUM(E45:AA45) -> 462
B46: 2 | C46: H. PRABOWO SUBIANTO - GIBRAN RAKABUMING RAKA | E46: 194 | F46: 151 | G46: 156 | H46: 154 | I46: 172 | J46: 148 | K46: 138 | L46: 165 | M46: 126 | N46: 130 | O46: 133 | P46: 88 | Q46: 154 | R46: 174 | S46: 160 | T46: 152 | U46: 137 | V46: 195 | W46: 154 | X46: 176 | Y46: 158 | Z46: 146 | AA46: 180 | AB46: =SUM(E46:AA46) -> 3541
B47: 3 | C47: H. GANJAR PRANOWO, S.H., M.I.P. - Prof. Dr. H. M. MAHFUD MD | E47: 34 | F47: 58 | G47: 36 | H47: 32 | I47: 27 | J47: 40 | K47: 49 | L47: 32 | M47: 23 | N47: 27 | O47: 28 | P47: 24 | Q47: 32 | R47: 39 | S47: 52 | T47: 56 | U47: 30 | V47: 34 | W47: 31 | X47: 43 | Y47: 29 | Z47: 21 | AA47: 18 | AB47: =SUM(E47:AA47) -> 795
A49: V | B49: DATA SUARA SAH DAN TIDAK SAH
B50: A. | C50: JUMLAH SELURUH SUARA SAH | E50: =SUM(E45:E47) -> 240 | F50: =SUM(F45:F47) -> 220 | G50: =SUM(G45:G47) -> 214 | H50: =SUM(H45:H47) -> 217 | I50: =SUM(I45:I47) -> 230 | J50: =SUM(J45:J47) -> 205 | K50: =SUM(K45:K47) -> 206 | L50: =SUM(L45:L47) -> 211 | ... AA50: =SUM(AA45:AA47) -> 217 | AB50: =SUM(E50:AA50) -> 4798
B51: B. | C51: JUMLAH SUARA TIDAK SAH | E51: 1 | F51: 5 | G51: 2 | H51: 2 | I51: 1 | J51: 5 | K51: 3 | L51: 3 | M51: 6 | N51: 3 | O51: 2 | P51: 2 | Q51: 0 | R51: 7 | S51: 5 | T51: 9 | U51: 2 | V51: 2 | W51: 2 | X51: 3 | Y51: 3 | Z51: 7 | AA51: 4 | AB51: =SUM(E51:AA51) -> 79
B52: C. | C52: JUMLAH SELURUH SUARA SAH DAN SUARA TIDAK SAH (V.A + V.B) | E52: =SUM(E50:E51) -> 241 | F52: =SUM(F50:F51) -> 225 | G52: =SUM(G50:G51) -> 216 | H52: =SUM(H50:H51) -> 219 | I52: =SUM(I50:I51) -> 231 | J52: =SUM(J50:J51) -> 210 | K52: =SUM(K50:K51) -> 209 | L52: =SUM(L50:L51) -> 214 | ... AA52: =SUM(AA50:AA51) -> 221 | AB52: =SUM(E52:AA52) -> 4877

Sheet TAMANAGUNG
C2: Kecamatan | D2: CLURING
C3: Kabupaten | D3: BANYUWANGI
C4: Provinsi | D4: JAWA TIMUR
C9: Kelurahan | D9: TAMANAGUNG
A12: I | B12: DATA PEMILIH DAN PENGGUNAAN HAK PILIH | AH12: JUMLAH AKHIR
A13: A | B13: DATA PEMILIH | E13: TPS 001 | F13: TPS 002 | G13: TPS 003 | H13: TPS 004 | I13: TPS 005 | J13: TPS 006 | K13: TPS 007 | L13: TPS 008 | M13: TPS 009 | N13: TPS 010 | O13: TPS 011 | P13: TPS 012 | Q13: TPS 013 | R13: TPS 014 | S13: TPS 015 | T13: TPS 016 | U13: TPS 017 | V13: TPS 018 | W13: TPS 019 | X13: TPS 020 | Y13: TPS 021 | Z13: TPS 022 | AA13: TPS 023 | AB13: TPS 024 | AC13: TPS 025 | AD13: TPS 026 | AE13: TPS 027 | AF13: TPS 028 | AG13: TPS 029
B14: Jumlah Pemilih dalam Daftar Pemilih Tetap (DPT) | D14: LK | E14: 141 | F14: 121 | G14: 111 | H14: 147 | I14: 125 | J14: 124 | K14: 120 | L14: 97 | M14: 131 | N14: 140 | O14: 147 | P14: 135 | Q14: 129 | R14: 118 | S14: 116 | T14: 130 | U14: 151 | V14: 135 | W14: 105 | X14: 115 | Y14: 81 | Z14: 154 | AA14: 135 | AB14: 139 | AC14: 135 | AD14: 143 | AE14: 119 | AF14: 111 | AG14: 122 | AH14: =SUM(E14:AG14) -> 3677
D15: PR | E15: 133 | F15: 109 | G15: 110 | H15: 146 | I15: 122 | J15: 136 | K15: 117 | L15: 104 | M15: 137 | N15: 146 | O15: 144 | P15: 149 | Q15: 139 | R15: 118 | S15: 118 | T15: 131 | U15: 145 | V15: 134 | W15: 108 | X15: 117 | Y15: 74 | Z15: 137 | AA15: 120 | AB15: 132 | AC15: 123 | AD15: 152 | AE15: 125 | AF15: 98 | AG15: 124 | AH15: =SUM(E15:AG15) -> 3648
D16: JML | E16: 274 | F16: 230 | G16: 221 | H16: 293 | I16: 247 | J16: 260 | K16: 237 | L16: 201 | M16: 268 | N16: 286 | O16: 291 | P16: 284 | Q16: 268 | R16: 236 | S16: 234 | T16: 261 | U16: 296 | V16: 269 | W16: 213 | X16: 232 | Y16: 155 | Z16: 291 | AA16: 255 | AB16: 271 | AC16: 258 | AD16: 295 | AE16: 244 | AF16: 209 | AG16: 246 | AH16: =SUM(E16:AG16) -> 7325
A18: B | B18: PENGGUNA HAK PILIH
B19: 1. | C19: Jumlah pengguna hak pilih dalam Daftar Pemilih Tetap (DPT) | D19: LK | E19: 115 | F19: 92 | G19: 80 | H19: 126 | I19: 97 | J19: 94 | K19: 83 | L19: 73 | M19: 99 | N19: 110 | O19: 113 | P19: 114 | Q19: 96 | R19: 90 | S19: 84 | T19: 96 | U19: 107 | V19: 84 | W19: 78 | X19: 81 | Y19: 57 | Z19: 106 | AA19: 107 | AB19: 103 | AC19: 105 | AD19: 118 | AE19: 92 | AF19: 77 | AG19: 92 | AH19: =SUM(E19:AG19) -> 2769
D20: PR | E20: 112 | F20: 87 | G20: 81 | H20: 122 | I20: 96 | J20: 90 | K20: 96 | L20: 79 | M20: 102 | N20: 126 | O20: 117 | P20: 126 | Q20: 100 | R20: 92 | S20: 99 | T20: 102 | U20: 122 | V20: 90 | W20: 90 | X20: 84 | Y20: 55 | Z20: 110 | AA20: 100 | AB20: 112 | AC20: 100 | AD20: 98 | AE20: 89 | AF20: 78 | AG20: 104 | AH20: =SUM(E20:AG20) -> 2859
D21: JML | E21: 227 | F21: 179 | G21: 161 | H21: 248 | I21: 193 | J21: 184 | K21: 179 | L21: 152 | M21: 201 | N21: 236 | O21: 230 | P21: 240 | Q21: 196 | R21: 182 | S21: 183 | T21: 198 | U21: 229 | V21: 174 | W21: 168 | X21: 165 | Y21: 112 | Z21: 216 | AA21: 207 | AB21: 215 | AC21: 205 | AD21: 216 | AE21: 181 | AF21: 155 | AG21: 196 | AH21: =SUM(E21:AG21) -> 5628
B22: 2. | C22: Jumlah pengguna hak pilih dalam Daftar Pemilih Tambahan (DPTb) | D22: LK | E22: 0 | F22: 0 | G22: 0 | H22: 0 | I22: 0 | J22: 0 | K22: 0 | L22: 0 | M22: 1 | N22: 0 | O22: 0 | P22: 0 | Q22: 0 | R22: 0 | S22: 0 | T22: 0 | U22: 1 | V22: 1 | W22: 0 | X22: 0 | Y22: 0 | Z22: 0 | AA22: 0 | AB22: 0 | AC22: 0 | AD22: 0 | AE22: 0 | AF22: 0 | AG22: 0 | AH22: =SUM(E22:AG22) -> 3
D23: PR | E23: 0 | F23: 0 | G23: 0 | H23: 0 | I23: 1 | J23: 0 | K23: 0 | L23: 0 | M23: 1 | N23: 0 | O23: 0 | P23: 0 | Q23: 0 | R23: 0 | S23: 1 | T23: 0 | U23: 0 | V23: 0 | W23: 0 | X23: 0 | Y23: 0 | Z23: 0 | AA23: 0 | AB23: 0 | AC23: 0 | AD23: 0 | AE23: 0 | AF23: 0 | AG23: 0 | AH23: =SUM(E23:AG23) -> 3
D24: JML | E24: 0 | F24: 0 | G24: 0 | H24: 0 | I24: 1 | J24: 0 | K24: 0 | L24: 0 | M24: 2 | N24: 0 | O24: 0 | P24: 0 | Q24: 0 | R24: 0 | S24: 1 | T24: 0 | U24: 1 | V24: 1 | W24: 0 | X24: 0 | Y24: 0 | Z24: 0 | AA24: 0 | AB24: 0 | AC24: 0 | AD24: 0 | AE24: 0 | AF24: 0 | AG24: 0 | AH24: =SUM(E24:AG24) -> 6
B25: 3. | C25: Jumlah pengguna hak pilih dalam Daftar Pemilih Khusus (DPK) | D25: LK | E25: 0 | F25: 0 | G25: 1 | H25: 3 | I25: 1 | J25: 0 | K25: 0 | L25: 1 | M25: 1 | N25: 1 | O25: 0 | P25: 4 | Q25: 1 | R25: 4 | S25: 1 | T25: 2 | U25: 2 | V25: 1 | W25: 0 | X25: 6 | Y25: 1 | Z25: 0 | AA25: 0 | AB25: 2 | AC25: 1 | AD25: 1 | AE25: 0 | AF25: 0 | AG25: 0 | AH25: =SUM(E25:AG25) -> 34
D26: PR | E26: 0 | F26: 0 | G26: 0 | H26: 4 | I26: 1 | J26: 0 | K26: 1 | L26: 3 | M26: 1 | N26: 2 | O26: 0 | P26: 4 | Q26: 0 | R26: 1 | S26: 0 | T26: 1 | U26: 1 | V26: 0 | W26: 1 | X26: 2 | Y26: 5 | Z26: 0 | AA26: 0 | AB26: 0 | AC26: 0 | AD26: 3 | AE26: 0 | AF26: 3 | AG26: 0 | AH26: =SUM(E26:AG26) -> 33
D27: JML | E27: 0 | F27: 0 | G27: 1 | H27: 7 | I27: 2 | J27: 0 | K27: 1 | L27: 4 | M27: 2 | N27: 3 | O27: 0 | P27: 8 | Q27: 1 | R27: 5 | S27: 1 | T27: 3 | U27: 3 | V27: 1 | W27: 1 | X27: 8 | Y27: 6 | Z27: 0 | AA27: 0 | AB27: 2 | AC27: 1 | AD27: 4 | AE27: 0 | AF27: 3 | AG27: 0 | AH27: =SUM(E27:AG27) -> 67
B28: 4. | C28: Jumlah Pengguna Hak Pilih (B.1+B.2+B.3) | D28: LK | E28: 115 | F28: 92 | G28: 81 | H28: 129 | I28: 98 | J28: 94 | K28: 83 | L28: 74 | M28: 101 | N28: 111 | O28: 113 | P28: 118 | Q28: 97 | R28: 94 | S28: 85 | T28: 98 | U28: 110 | V28: 86 | W28: 78 | X28: 87 | Y28: 58 | Z28: 106 | AA28: 107 | AB28: 105 | AC28: 106 | AD28: 119 | AE28: 92 | AF28: 77 | AG28: 92 | AH28: =SUM(E28:AG28) -> 2806
D29: PR | E29: 112 | F29: 87 | G29: 81 | H29: 126 | I29: 98 | J29: 90 | K29: 97 | L29: 82 | M29: 104 | N29: 128 | O29: 117 | P29: 130 | Q29: 100 | R29: 93 | S29: 100 | T29: 103 | U29: 123 | V29: 90 | W29: 91 | X29: 86 | Y29: 60 | Z29: 110 | AA29: 100 | AB29: 112 | AC29: 100 | AD29: 101 | AE29: 89 | AF29: 81 | AG29: 104 | AH29: =SUM(E29:AG29) -> 2895
D30: JML | E30: 227 | F30: 179 | G30: 162 | H30: 255 | I30: 196 | J30: 184 | K30: 180 | L30: 156 | M30: 205 | N30: 239 | O30: 230 | P30: 248 | Q30: 197 | R30: 187 | S30: 185 | T30: 201 | U30: 233 | V30: 176 | W30: 169 | X30: 173 | Y30: 118 | Z30: 216 | AA30: 207 | AB30: 217 | AC30: 206 | AD30: 220 | AE30: 181 | AF30: 158 | AG30: 196 | AH30: =SUM(E30:AG30) -> 5701
A32: II | B32: DATA PENGGUNAAN SURAT SUARA
A33: 1 | B33: Jumlah surat suara yang diterima, termasuk surat suara cadangan 2,5% dari DPT | E33: 280 | F33: 235 | G33: 226 | H33: 299 | I33: 252 | J33: 266 | K33: 242 | L33: 206 | M33: 276 | N33: 292 | O33: 297 | P33: 290 | Q33: 274 | R33: 241 | S33: 239 | T33: 262 | U33: 302 | V33: 275 | W33: 218 | X33: 237 | Y33: 159 | Z33: 297 | AA33: 259 | AB33: 277 | AC33: 263 | AD33: 301 | AE33: 248 | AF33: 214 | AG33: 251 | AH33: =SUM(E33:AG33) -> 7478
A34: 2 | B34: Jumlah surat suara yang digunakan | E34: 227 | F34: 179 | G34: 162 | H34: 255 | I34: 196 | J34: 184 | K34: 180 | L34: 156 | M34: 205 | N34: 239 | O34: 230 | P34: 248 | Q34: 197 | R34: 187 | S34: 185 | T34: 201 | U34: 233 | V34: 176 | W34: 169 | X34: 173 | Y34: 118 | Z34: 216 | AA34: 207 | AB34: 217 | AC34: 206 | AD34: 220 | AE34: 181 | AF34: 158 | AG34: 196 | AH34: =SUM(E34:AG34) -> 5701
A35: 3 | B35: Jumlah surat suara dikembalikan oleh pemilih (karena rusak atau keliru coblos) | E35: 0 | F35: 0 | G35: 0 | H35: 3 | I35: 0 | J35: 0 | K35: 0 | L35: 0 | M35: 0 | N35: 0 | O35: 0 | P35: 0 | Q35: 0 | R35: 0 | S35: 0 | T35: 2 | U35: 0 | V35: 0 | W35: 0 | X35: 0 | Y35: 0 | Z35: 0 | AA35: 0 | AB35: 0 | AC35: 0 | AD35: 1 | AE35: 0 | AF35: 8 | AG35: 0 | AH35: =SUM(E35:AG35) -> 14
A36: 4 | B36: Jumlah surat suara yang tidak digunakan/tidak terpakai, termasuk sisa surat suara cadangan | E36: 53 | F36: 56 | G36: 64 | H36: 41 | I36: 56 | J36: 82 | K36: 62 | L36: 50 | M36: 71 | N36: 53 | O36: 67 | P36: 42 | Q36: 77 | R36: 54 | S36: 54 | T36: 59 | U36: 69 | V36: 99 | W36: 49 | X36: 64 | Y36: 41 | Z36: 81 | AA36: 52 | AB36: 60 | AC36: 57 | AD36: 80 | AE36: 67 | AF36: 48 | AG36: 55 | AH36: =SUM(E36:AG36) -> 1763
A38: III | B38: DATA PEMILIH DISABILITAS
B39: Jumlah seluruh Pemilih disabilitas yang menggunakan hak pilih | D39: LK | E39: 0 | F39: 0 | G39: 0 | H39: 0 | I39: 0 | J39: 1 | K39: 0 | L39: 0 | M39: 0 | N39: 0 | O39: 0 | P39: 0 | Q39: 0 | R39: 0 | S39: 0 | T39: 0 | U39: 0 | V39: 0 | W39: 0 | X39: 0 | Y39: 2 | Z39: 1 | AA39: 0 | AB39: 0 | AC39: 0 | AD39: 0 | AE39: 0 | AF39: 0 | AG39: 0 | AH39: =SUM(E39:AG39) -> 4
D40: PR | E40: 0 | F40: 0 | G40: 0 | H40: 0 | I40: 0 | J40: 1 | K40: 0 | L40: 0 | M40: 0 | N40: 0 | O40: 0 | P40: 0 | Q40: 1 | R40: 0 | S40: 0 | T40: 0 | U40: 0 | V40: 0 | W40: 0 | X40: 0 | Y40: 1 | Z40: 1 | AA40: 0 | AB40: 0 | AC40: 0 | AD40: 0 | AE40: 0 | AF40: 0 | AG40: 0 | AH40: =SUM(E40:AG40) -> 4
D41: JML | E41: 0 | F41: 0 | G41: 0 | H41: 0 | I41: 0 | J41: 2 | K41: 0 | L41: 0 | M41: 0 | N41: 0 | O41: 0 | P41: 0 | Q41: 1 | R41: 0 | S41: 0 | T41: 0 | U41: 0 | V41: 0 | W41: 0 | X41: 0 | Y41: 3 | Z41: 2 | AA41: 0 | AB41: 0 | AC41: 0 | AD41: 0 | AE41: 0 | AF41: 0 | AG41: 0 | AH41: =SUM(E41:AG41) -> 8
A43: IV | B43: DATA RINCIAN PEROLEHAN SUARA PASANGAN CALON BUPATI DAN WAKIL BUPATI
A44: NOMOR DAN NAMA CALON
B45: 1 | C45: H. ANIES RASYID BASWEDAN, Ph.D. - Dr. (H.C.) H. A. MUHAIMIN ISKANDAR | E45: 23 | F45: 23 | G45: 26 | H45: 21 | I45: 10 | J45: 7 | K45: 20 | L45: 8 | M45: 18 | N45: 8 | O45: 12 | P45: 25 | Q45: 11 | R45: 18 | S45: 44 | T45: 17 | U45: 58 | V45: 4 | W45: 27 | X45: 8 | Y45: 4 | Z45: 16 | AA45: 15 | AB45: 7 | AC45: 15 | AD45: 12 | AE45: 7 | AF45: 7 | AG45: 30 | AH45: =SUM(E45:AG45) -> 501
B46: 2 | C46: H. PRABOWO SUBIANTO - GIBRAN RAKABUMING RAKA | E46: 156 | F46: 119 | G46: 106 | H46: 204 | I46: 158 | J46: 148 | K46: 138 | L46: 115 | M46: 128 | N46: 148 | O46: 179 | P46: 191 | Q46: 148 | R46: 115 | S46: 105 | T46: 130 | U46: 136 | V46: 148 | W46: 117 | X46: 149 | Y46: 97 | Z46: 154 | AA46: 165 | AB46: 187 | AC46: 167 | AD46: 179 | AE46: 130 | AF46: 112 | AG46: 129 | AH46: =SUM(E46:AG46) -> 4158
B47: 3 | C47: H. GANJAR PRANOWO, S.H., M.I.P. - Prof. Dr. H. M. MAHFUD MD | E47: 45 | F47: 36 | G47: 28 | H47: 30 | I47: 25 | J47: 29 | K47: 20 | L47: 31 | M47: 54 | N47: 82 | O47: 39 | P47: 26 | Q47: 30 | R47: 52 | S47: 32 | T47: 53 | U47: 38 | V47: 22 | W47: 25 | X47: 16 | Y47: 17 | Z47: 46 | AA47: 25 | AB47: 21 | AC47: 19 | AD47: 22 | AE47: 43 | AF47: 34 | AG47: 37 | AH47: =SUM(E47:AG47) -> 977
A49: V | B49: DATA SUARA SAH DAN TIDAK SAH
B50: A. | C50: JUMLAH SELURUH SUARA SAH | E50: =SUM(E45:E47) -> 224 | F50: =SUM(F45:F47) -> 178 | G50: =SUM(G45:G47) -> 160 | H50: =SUM(H45:H47) -> 255 | I50: =SUM(I45:I47) -> 193 | J50: =SUM(J45:J47) -> 184 | K50: =SUM(K45:K47) -> 178 | L50: =SUM(L45:L47) -> 154 | ... AG50: =SUM(AG45:AG47) -> 196 | AH50: =SUM(E50:AG50) -> 5636
B51: B. | C51: JUMLAH SUARA TIDAK SAH | E51: 3 | F51: 1 | G51: 2 | H51: 0 | I51: 3 | J51: 0 | K51: 2 | L51: 2 | M51: 5 | N51: 1 | O51: 0 | P51: 6 | Q51: 8 | R51: 2 | S51: 4 | T51: 1 | U51: 1 | V51: 2 | W51: 0 | X51: 0 | Y51: 0 | Z51: 0 | AA51: 2 | AB51: 2 | AC51: 5 | AD51: 7 | AE51: 1 | AF51: 5 | AG51: 0 | AH51: =SUM(E51:AG51) -> 65
B52: C. | C52: JUMLAH SELURUH SUARA SAH DAN SUARA TIDAK SAH (V.A + V.B) | E52: =SUM(E50:E51) -> 227 | F52: =SUM(F50:F51) -> 179 | G52: =SUM(G50:G51) -> 162 | H52: =SUM(H50:H51) -> 255 | I52: =SUM(I50:I51) -> 196 | J52: =SUM(J50:J51) -> 184 | K52: =SUM(K50:K51) -> 180 | L52: =SUM(L50:L51) -> 156 | ... AG52: =SUM(AG50:AG51) -> 196 | AH52: =SUM(E52:AG52) -> 5701

Sheet TAMPO
C2: Kecamatan | D2: CLURING
C3: Kabupaten | D3: BANYUWANGI
C4: Provinsi | D4: JAWA TIMUR
C9: Kelurahan | D9: TAMPO
A12: I | B12: DATA PEMILIH DAN PENGGUNAAN HAK PILIH | AB12: JUMLAH AKHIR
A13: A | B13: DATA PEMILIH | E13: TPS 001 | F13: TPS 002 | G13: TPS 003 | H13: TPS 004 | I13: TPS 005 | J13: TPS 006 | K13: TPS 007 | L13: TPS 008 | M13: TPS 009 | N13: TPS 010 | O13: TPS 011 | P13: TPS 012 | Q13: TPS 013 | R13: TPS 014 | S13: TPS 015 | T13: TPS 016 | U13: TPS 017 | V13: TPS 018 | W13: TPS 019 | X13: TPS 020 | Y13: TPS 021 | Z13: TPS 022 | AA13: TPS 023
B14: Jumlah Pemilih dalam Daftar Pemilih Tetap (DPT) | D14: LK | E14: 140 | F14: 127 | G14: 131 | H14: 132 | I14: 132 | J14: 142 | K14: 143 | L14: 147 | M14: 148 | N14: 147 | O14: 134 | P14: 114 | Q14: 142 | R14: 144 | S14: 115 | T14: 120 | U14: 122 | V14: 119 | W14: 125 | X14: 133 | Y14: 129 | Z14: 109 | AA14: 119 | AB14: =SUM(E14:AA14) -> 3014
D15: PR | E15: 129 | F15: 125 | G15: 139 | H15: 132 | I15: 138 | J15: 147 | K15: 148 | L15: 150 | M15: 140 | N15: 138 | O15: 134 | P15: 117 | Q15: 151 | R15: 147 | S15: 108 | T15: 120 | U15: 131 | V15: 122 | W15: 113 | X15: 122 | Y15: 121 | Z15: 126 | AA15: 126 | AB15: =SUM(E15:AA15) -> 3024
D16: JML | E16: =SUM(E14:E15) -> 269 | F16: =SUM(F14:F15) -> 252 | G16: =SUM(G14:G15) -> 270 | H16: =SUM(H14:H15) -> 264 | I16: =SUM(I14:I15) -> 270 | J16: =SUM(J14:J15) -> 289 | K16: =SUM(K14:K15) -> 291 | L16: =SUM(L14:L15) -> 297 | ... AA16: =SUM(AA14:AA15) -> 245 | AB16: =SUM(E16:AA16) -> 6038
A18: B | B18: PENGGUNA HAK PILIH
B19: 1. | C19: Jumlah pengguna hak pilih dalam Daftar Pemilih Tetap (DPT) | D19: LK | E19: 101 | F19: 87 | G19: 88 | H19: 90 | I19: 97 | J19: 108 | K19: 111 | L19: 108 | M19: 112 | N19: 112 | O19: 90 | P19: 83 | Q19: 113 | R19: 110 | S19: 97 | T19: 95 | U19: 99 | V19: 91 | W19: 93 | X19: 91 | Y19: 105 | Z19: 79 | AA19: 81 | AB19: =SUM(E19:AA19) -> 2241
D20: PR | E20: 102 | F20: 96 | G20: 107 | H20: 105 | I20: 123 | J20: 115 | K20: 123 | L20: 118 | M20: 117 | N20: 119 | O20: 99 | P20: 91 | Q20: 129 | R20: 119 | S20: 90 | T20: 95 | U20: 108 | V20: 97 | W20: 92 | X20: 95 | Y20: 99 | Z20: 96 | AA20: 88 | AB20: =SUM(E20:AA20) -> 2423
D21: JML | E21: =SUM(E19:E20) -> 203 | F21: =SUM(F19:F20) -> 183 | G21: =SUM(G19:G20) -> 195 | H21: =SUM(H19:H20) -> 195 | I21: =SUM(I19:I20) -> 220 | J21: =SUM(J19:J20) -> 223 | K21: =SUM(K19:K20) -> 234 | L21: =SUM(L19:L20) -> 226 | ... AA21: =SUM(AA19:AA20) -> 169 | AB21: =SUM(E21:AA21) -> 4664
B22: 2. | C22: Jumlah pengguna hak pilih dalam Daftar Pemilih Tambahan (DPTb) | D22: LK | E22: 0 | F22: 0 | G22: 0 | H22: 0 | I22: 0 | J22: 1 | K22: 0 | L22: 0 | M22: 0 | N22: 0 | O22: 0 | P22: 1 | Q22: 0 | R22: 0 | S22: 0 | T22: 0 | U22: 0 | V22: 0 | W22: 0 | X22: 0 | Y22: 0 | Z22: 0 | AA22: 1 | AB22: =SUM(E22:AA22) -> 3
D23: PR | E23: 0 | F23: 0 | G23: 0 | H23: 0 | I23: 0 | J23: 1 | K23: 0 | L23: 0 | M23: 0 | N23: 0 | O23: 0 | P23: 1 | Q23: 0 | R23: 0 | S23: 0 | T23: 0 | U23: 0 | V23: 0 | W23: 0 | X23: 0 | Y23: 0 | Z23: 0 | AA23: 1 | AB23: =SUM(E23:AA23) -> 3
D24: JML | E24: =SUM(E22:E23) -> 0 | F24: =SUM(F22:F23) -> 0 | G24: =SUM(G22:G23) -> 0 | H24: =SUM(H22:H23) -> 0 | I24: =SUM(I22:I23) -> 0 | J24: =SUM(J22:J23) -> 2 | K24: =SUM(K22:K23) -> 0 | L24: =SUM(L22:L23) -> 0 | ... AA24: =SUM(AA22:AA23) -> 2 | AB24: =SUM(E24:AA24) -> 6
B25: 3. | C25: Jumlah pengguna hak pilih dalam Daftar Pemilih Khusus (DPK) | D25: LK | E25: 2 | F25: 2 | G25: 2 | H25: 1 | I25: 0 | J25: 1 | K25: 0 | L25: 2 | M25: 0 | N25: 0 | O25: 0 | P25: 4 | Q25: 2 | R25: 2 | S25: 0 | T25: 2 | U25: 1 | V25: 0 | W25: 2 | X25: 1 | Y25: 0 | Z25: 1 | AA25: 0 | AB25: =SUM(E25:AA25) -> 25
D26: PR | E26: 2 | F26: 1 | G26: 1 | H26: 1 | I26: 2 | J26: 2 | K26: 1 | L26: 1 | M26: 2 | N26: 0 | O26: 3 | P26: 4 | Q26: 5 | R26: 3 | S26: 0 | T26: 4 | U26: 4 | V26: 0 | W26: 3 | X26: 0 | Y26: 1 | Z26: 1 | AA26: 0 | AB26: =SUM(E26:AA26) -> 41
D27: JML | E27: =SUM(E25:E26) -> 4 | F27: =SUM(F25:F26) -> 3 | G27: =SUM(G25:G26) -> 3 | H27: =SUM(H25:H26) -> 2 | I27: =SUM(I25:I26) -> 2 | J27: =SUM(J25:J26) -> 3 | K27: =SUM(K25:K26) -> 1 | L27: =SUM(L25:L26) -> 3 | ... AA27: =SUM(AA25:AA26) -> 0 | AB27: =SUM(E27:AA27) -> 66
B28: 4. | C28: Jumlah Pengguna Hak Pilih (B.1+B.2+B.3) | D28: LK | E28: =SUM(E19,E22,E25) -> 103 | F28: =SUM(F19,F22,F25) -> 89 | G28: =SUM(G19,G22,G25) -> 90 | H28: =SUM(H19,H22,H25) -> 91 | I28: =SUM(I19,I22,I25) -> 97 | J28: =SUM(J19,J22,J25) -> 110 | K28: =SUM(K19,K22,K25) -> 111 | L28: =SUM(L19,L22,L25) -> 110 | ... AA28: =SUM(AA19,AA22,AA25) -> 82 | AB28: =SUM(E28:AA28) -> 2269
D29: PR | E29: =SUM(E20,E23,E26) -> 104 | F29: =SUM(F20,F23,F26) -> 97 | G29: =SUM(G20,G23,G26) -> 108 | H29: =SUM(H20,H23,H26) -> 106 | I29: =SUM(I20,I23,I26) -> 125 | J29: =SUM(J20,J23,J26) -> 118 | K29: =SUM(K20,K23,K26) -> 124 | L29: =SUM(L20,L23,L26) -> 119 | ... AA29: =SUM(AA20,AA23,AA26) -> 89 | AB29: =SUM(E29:AA29) -> 2467
D30: JML | E30: =SUM(E28:E29) -> 207 | F30: =SUM(F28:F29) -> 186 | G30: =SUM(G28:G29) -> 198 | H30: =SUM(H28:H29) -> 197 | I30: =SUM(I28:I29) -> 222 | J30: =SUM(J28:J29) -> 228 | K30: =SUM(K28:K29) -> 235 | L30: =SUM(L28:L29) -> 229 | ... AA30: =SUM(AA28:AA29) -> 171 | AB30: =SUM(E30:AA30) -> 4736
A32: II | B32: DATA PENGGUNAAN SURAT SUARA
A33: 1 | B33: Jumlah surat suara yang diterima, termasuk surat suara cadangan 2,5% dari DPT | E33: 277 | F33: 258 | G33: 239 | H33: 269 | I33: 276 | J33: 294 | K33: 299 | L33: 303 | M33: 295 | N33: 291 | O33: 276 | P33: 236 | Q33: 299 | R33: 297 | S33: 226 | T33: 245 | U33: 259 | V33: 245 | W33: 249 | X33: 261 | Y33: 255 | Z33: 240 | AA33: 250 | AB33: =SUM(E33:AA33) -> 6139
A34: 2 | B34: Jumlah surat suara yang digunakan | E34: 207 | F34: 186 | G34: 198 | H34: 197 | I34: 222 | J34: 228 | K34: 235 | L34: 229 | M34: 231 | N34: 231 | O34: 192 | P34: 184 | Q34: 249 | R34: 234 | S34: 187 | T34: 196 | U34: 212 | V34: 188 | W34: 190 | X34: 187 | Y34: 205 | Z34: 177 | AA34: 171 | AB34: =SUM(E34:AA34) -> 4736
A35: 3 | B35: Jumlah surat suara dikembalikan oleh pemilih (karena rusak atau keliru coblos) | E35: 0 | F35: 0 | G35: 0 | H35: 0 | I35: 1 | J35: 0 | K35: 0 | L35: 3 | M35: 1 | N35: 0 | O35: 0 | P35: 0 | Q35: 0 | R35: 0 | S35: 0 | T35: 0 | U35: 1 | V35: 0 | W35: 0 | X35: 1 | Y35: 0 | Z35: 0 | AA35: 0 | AB35: =SUM(E35:AA35) -> 7
A36: 4 | B36: Jumlah surat suara yang tidak digunakan/tidak terpakai, termasuk sisa surat suara cadangan | E36: =E33-(E34+E35) -> 70 | F36: =F33-(F34+F35) -> 72 | G36: =G33-(G34+G35) -> 41 | H36: =H33-(H34+H35) -> 72 | I36: =I33-(I34+I35) -> 53 | J36: =J33-(J34+J35) -> 66 | K36: =K33-(K34+K35) -> 64 | L36: =L33-(L34+L35) -> 71 | ... AA36: =AA33-(AA34+AA35) -> 79 | AB36: =SUM(E36:AA36) -> 1396
A38: III | B38: DATA PEMILIH DISABILITAS
B39: Jumlah seluruh Pemilih disabilitas yang menggunakan hak pilih | D39: LK | E39: 0 | F39: 0 | G39: 0 | H39: 0 | I39: 0 | J39: 0 | K39: 0 | L39: 0 | M39: 0 | N39: 0 | O39: 0 | P39: 0 | Q39: 0 | R39: 0 | S39: 0 | T39: 0 | U39: 0 | V39: 0 | W39: 0 | X39: 0 | Y39: 1 | Z39: 1 | AA39: 0 | AB39: =SUM(E39:AA39) -> 2
D40: PR | E40: 0 | F40: 0 | G40: 0 | H40: 1 | I40: 0 | J40: 0 | K40: 0 | L40: 0 | M40: 0 | N40: 0 | O40: 0 | P40: 0 | Q40: 0 | R40: 0 | S40: 0 | T40: 0 | U40: 0 | V40: 0 | W40: 0 | X40: 0 | Y40: 1 | Z40: 2 | AA40: 0 | AB40: =SUM(E40:AA40) -> 4
D41: JML | E41: =SUM(E39:E40) -> 0 | F41: =SUM(F39:F40) -> 0 | G41: =SUM(G39:G40) -> 0 | H41: =SUM(H39:H40) -> 1 | I41: =SUM(I39:I40) -> 0 | J41: =SUM(J39:J40) -> 0 | K41: =SUM(K39:K40) -> 0 | L41: =SUM(L39:L40) -> 0 | ... AA41: =SUM(AA39:AA40) -> 0 | AB41: =SUM(E41:AA41) -> 6
A43: IV | B43: DATA RINCIAN PEROLEHAN SUARA PASANGAN CALON BUPATI DAN WAKIL BUPATI
A44: NOMOR DAN NAMA CALON
B45: 1 | C45: H. ANIES RASYID BASWEDAN, Ph.D. - Dr. (H.C.) H. A. MUHAIMIN ISKANDAR | E45: 17 | F45: 29 | G45: 51 | H45: 17 | I45: 23 | J45: 68 | K45: 42 | L45: 18 | M45: 60 | N45: 38 | O45: 12 | P45: 16 | Q45: 33 | R45: 22 | S45: 12 | T45: 7 | U45: 31 | V45: 21 | W45: 29 | X45: 19 | Y45: 23 | Z45: 39 | AA45: 7 | AB45: =SUM(E45:AA45) -> 634
B46: 2 | C46: H. PRABOWO SUBIANTO - GIBRAN RAKABUMING RAKA | E46: 131 | F46: 120 | G46: 117 | H46: 133 | I46: 161 | J46: 134 | K46: 161 | L46: 171 | M46: 134 | N46: 147 | O46: 104 | P46: 103 | Q46: 139 | R46: 134 | S46: 99 | T46: 146 | U46: 142 | V46: 126 | W46: 103 | X46: 110 | Y46: 126 | Z46: 99 | AA46: 130 | AB46: =SUM(E46:AA46) -> 2970
B47: 3 | C47: H. GANJAR PRANOWO, S.H., M.I.P. - Prof. Dr. H. M. MAHFUD MD | E47: 59 | F47: 33 | G47: 27 | H47: 42 | I47: 36 | J47: 20 | K47: 30 | L47: 37 | M47: 34 | N47: 44 | O47: 73 | P47: 62 | Q47: 74 | R47: 74 | S47: 73 | T47: 40 | U47: 35 | V47: 39 | W47: 56 | X47: 58 | Y47: 54 | Z47: 38 | AA47: 33 | AB47: =SUM(E47:AA47) -> 1071
A49: V | B49: DATA SUARA SAH DAN TIDAK SAH
B50: A. | C50: JUMLAH SELURUH SUARA SAH | E50: =SUM(E45:E47) -> 207 | F50: =SUM(F45:F47) -> 182 | G50: =SUM(G45:G47) -> 195 | H50: =SUM(H45:H47) -> 192 | I50: =SUM(I45:I47) -> 220 | J50: =SUM(J45:J47) -> 222 | K50: =SUM(K45:K47) -> 233 | L50: =SUM(L45:L47) -> 226 | ... AA50: =SUM(AA45:AA47) -> 170 | AB50: =SUM(E50:AA50) -> 4675
B51: B. | C51: JUMLAH SUARA TIDAK SAH | E51: 0 | F51: 4 | G51: 3 | H51: 5 | I51: 2 | J51: 6 | K51: 2 | L51: 3 | M51: 3 | N51: 2 | O51: 3 | P51: 3 | Q51: 3 | R51: 4 | S51: 3 | T51: 3 | U51: 4 | V51: 2 | W51: 2 | X51: 0 | Y51: 2 | Z51: 1 | AA51: 1 | AB51: =SUM(E51:AA51) -> 61
B52: C. | C52: JUMLAH SELURUH SUARA SAH DAN SUARA TIDAK SAH (V.A + V.B) | E52: =SUM(E50:E51) -> 207 | F52: =SUM(F50:F51) -> 186 | G52: =SUM(G50:G51) -> 198 | H52: =SUM(H50:H51) -> 197 | I52: =SUM(I50:I51) -> 222 | J52: =SUM(J50:J51) -> 228 | K52: =SUM(K50:K51) -> 235 | L52: =SUM(L50:L51) -> 229 | ... AA52: =SUM(AA50:AA51) -> 171 | AB52: =SUM(E52:AA52) -> 4736
